stage,floors,aspect,azimuth,x,y,tower_plate,tower_long,tower_short,podium_floors,podium_plate,podium_aspect,podium_x,podium_y,podium_az,new_fail,new_ok,coverage_m2,bcr_pct,gfa_m2,far_pct,height_m,mean_total_h
D 미세조정,39,3.125,160.0,194307.2,546972.7,330.3,32.13,10.28,10,2800.0,1.6,194295.2,546944.7,52.0,27,44,2909.8,30.97,37580.0,400.0,119.05,4.184
D 미세조정,39,3.125,165.0,194311.2,546960.7,330.3,32.13,10.28,10,2800.0,1.6,194295.2,546944.7,52.0,27,43,2909.8,30.97,37580.0,400.0,119.05,4.208
D 미세조정,39,2.0,165.0,194307.2,546972.7,330.3,25.7,12.85,10,2800.0,1.6,194295.2,546944.7,52.0,28,44,2909.8,30.97,37580.0,400.0,119.05,4.191
D 미세조정,39,2.25,165.0,194307.2,546972.7,330.3,27.26,12.12,10,2800.0,1.6,194295.2,546944.7,52.0,28,44,2909.8,30.97,37580.0,400.0,119.05,4.192
D 미세조정,39,2.5,165.0,194307.2,546972.7,330.3,28.74,11.5,10,2800.0,1.6,194295.2,546944.7,52.0,28,44,2909.8,30.97,37580.0,400.0,119.05,4.191
D 미세조정,39,2.75,165.0,194307.2,546972.7,330.3,30.14,10.96,10,2800.0,1.6,194295.2,546944.7,52.0,28,44,2909.8,30.97,37580.0,400.0,119.05,4.191
D 미세조정,39,2.75,170.0,194307.2,546972.7,330.3,30.14,10.96,10,2800.0,1.6,194295.2,546944.7,52.0,28,44,2909.8,30.97,37580.0,400.0,119.05,4.194
D 미세조정,39,2.75,170.0,194311.2,546964.7,330.3,30.14,10.96,10,2800.0,1.6,194295.2,546944.7,52.0,28,44,2909.8,30.97,37580.0,400.0,119.05,4.202
D 미세조정,39,3.125,165.0,194307.2,546968.7,330.3,32.13,10.28,10,2800.0,1.6,194295.2,546944.7,52.0,28,44,2909.8,30.97,37580.0,400.0,119.05,4.196
D 미세조정,39,3.125,165.0,194307.2,546972.7,330.3,32.13,10.28,10,2800.0,1.6,194295.2,546944.7,52.0,28,44,2909.8,30.97,37580.0,400.0,119.05,4.187
D 미세조정,39,3.125,170.0,194307.2,546972.7,330.3,32.13,10.28,10,2800.0,1.6,194295.2,546944.7,52.0,28,44,2909.8,30.97,37580.0,400.0,119.05,4.191
D 미세조정,39,3.125,170.0,194311.2,546964.7,330.3,32.13,10.28,10,2800.0,1.6,194295.2,546944.7,52.0,28,44,2909.8,30.97,37580.0,400.0,119.05,4.2
D 미세조정,39,3.125,165.0,194307.2,546964.7,330.3,32.13,10.28,10,2800.0,1.6,194295.2,546944.7,52.0,29,44,2909.8,30.97,37580.0,400.0,119.05,4.207
D 미세조정,39,2.0,170.0,194307.2,546976.7,330.3,25.7,12.85,10,2800.0,1.6,194295.2,546944.7,52.0,30,44,2909.8,30.97,37580.0,400.0,119.05,4.186
D 미세조정,39,2.0,170.0,194311.2,546964.7,330.3,25.7,12.85,10,2800.0,1.6,194295.2,546944.7,52.0,30,44,2909.8,30.97,37580.0,400.0,119.05,4.203
D 미세조정,39,2.25,170.0,194307.2,546976.7,330.3,27.26,12.12,10,2800.0,1.6,194295.2,546944.7,52.0,30,44,2909.8,30.97,37580.0,400.0,119.05,4.187
D 미세조정,39,2.25,170.0,194311.2,546964.7,330.3,27.26,12.12,10,2800.0,1.6,194295.2,546944.7,52.0,30,44,2909.8,30.97,37580.0,400.0,119.05,4.205
D 미세조정,39,2.5,160.0,194307.2,546972.7,330.3,28.74,11.5,10,2800.0,1.6,194295.2,546944.7,52.0,30,44,2909.8,30.97,37580.0,400.0,119.05,4.187
D 미세조정,39,2.5,170.0,194307.2,546976.7,330.3,28.74,11.5,10,2800.0,1.6,194295.2,546944.7,52.0,30,44,2909.8,30.97,37580.0,400.0,119.05,4.187
D 미세조정,39,2.75,160.0,194307.2,546972.7,330.3,30.14,10.96,10,2800.0,1.6,194295.2,546944.7,52.0,30,44,2909.8,30.97,37580.0,400.0,119.05,4.185
D 미세조정,39,2.75,170.0,194307.2,546976.7,330.3,30.14,10.96,10,2800.0,1.6,194295.2,546944.7,52.0,30,44,2909.8,30.97,37580.0,400.0,119.05,4.187
D 미세조정,39,3.125,170.0,194307.2,546976.7,330.3,32.13,10.28,10,2800.0,1.6,194295.2,546944.7,52.0,30,44,2909.8,30.97,37580.0,400.0,119.05,4.183
D 미세조정,39,2.25,165.0,194311.2,546964.7,330.3,27.26,12.12,10,2800.0,1.6,194295.2,546944.7,52.0,31,44,2909.8,30.97,37580.0,400.0,119.05,4.201
D 미세조정,39,2.5,165.0,194311.2,546964.7,330.3,28.74,11.5,10,2800.0,1.6,194295.2,546944.7,52.0,31,44,2909.8,30.97,37580.0,400.0,119.05,4.201
D 미세조정,39,2.75,165.0,194311.2,546964.7,330.3,30.14,10.96,10,2800.0,1.6,194295.2,546944.7,52.0,31,44,2909.8,30.97,37580.0,400.0,119.05,4.201
D 미세조정,39,2.75,165.0,194311.2,546968.7,330.3,30.14,10.96,10,2800.0,1.6,194295.2,546944.7,52.0,31,44,2909.8,30.97,37580.0,400.0,119.05,4.191
D 미세조정,39,3.125,165.0,194311.2,546964.7,330.3,32.13,10.28,10,2800.0,1.6,194295.2,546944.7,52.0,31,44,2909.8,30.97,37580.0,400.0,119.05,4.2
D 미세조정,39,3.125,165.0,194311.2,546968.7,330.3,32.13,10.28,10,2800.0,1.6,194295.2,546944.7,52.0,31,44,2909.8,30.97,37580.0,400.0,119.05,4.189
C 저층부 확대,39,2.5,165.0,194307.2,546968.7,330.3,28.74,11.5,10,2800.0,1.6,194295.2,546944.7,52.0,32,44,2909.8,30.97,37580.0,400.0,119.05,4.199
D 미세조정,39,2.0,165.0,194311.2,546960.7,330.3,25.7,12.85,10,2800.0,1.6,194295.2,546944.7,52.0,32,44,2909.8,30.97,37580.0,400.0,119.05,4.211
D 미세조정,39,2.0,165.0,194311.2,546964.7,330.3,25.7,12.85,10,2800.0,1.6,194295.2,546944.7,52.0,32,44,2909.8,30.97,37580.0,400.0,119.05,4.201
D 미세조정,39,2.25,165.0,194307.2,546968.7,330.3,27.26,12.12,10,2800.0,1.6,194295.2,546944.7,52.0,32,44,2909.8,30.97,37580.0,400.0,119.05,4.201
D 미세조정,39,2.25,165.0,194311.2,546960.7,330.3,27.26,12.12,10,2800.0,1.6,194295.2,546944.7,52.0,32,44,2909.8,30.97,37580.0,400.0,119.05,4.21
D 미세조정,39,2.5,165.0,194311.2,546960.7,330.3,28.74,11.5,10,2800.0,1.6,194295.2,546944.7,52.0,32,44,2909.8,30.97,37580.0,400.0,119.05,4.209
D 미세조정,39,2.5,170.0,194311.2,546964.7,330.3,28.74,11.5,10,2800.0,1.6,194295.2,546944.7,52.0,32,44,2909.8,30.97,37580.0,400.0,119.05,4.202
D 미세조정,39,2.75,165.0,194307.2,546968.7,330.3,30.14,10.96,10,2800.0,1.6,194295.2,546944.7,52.0,32,44,2909.8,30.97,37580.0,400.0,119.05,4.199
D 미세조정,39,2.75,165.0,194311.2,546960.7,330.3,30.14,10.96,10,2800.0,1.6,194295.2,546944.7,52.0,32,44,2909.8,30.97,37580.0,400.0,119.05,4.208
D 미세조정,39,2.0,170.0,194307.2,546972.7,330.3,25.7,12.85,10,2800.0,1.6,194295.2,546944.7,52.0,33,44,2909.8,30.97,37580.0,400.0,119.05,4.195
D 미세조정,39,2.0,170.0,194311.2,546968.7,330.3,25.7,12.85,10,2800.0,1.6,194295.2,546944.7,52.0,33,44,2909.8,30.97,37580.0,400.0,119.05,4.196
D 미세조정,39,2.25,170.0,194307.2,546972.7,330.3,27.26,12.12,10,2800.0,1.6,194295.2,546944.7,52.0,33,44,2909.8,30.97,37580.0,400.0,119.05,4.195
D 미세조정,39,2.25,170.0,194311.2,546968.7,330.3,27.26,12.12,10,2800.0,1.6,194295.2,546944.7,52.0,33,44,2909.8,30.97,37580.0,400.0,119.05,4.196
D 미세조정,39,2.5,160.0,194307.2,546976.7,330.3,28.74,11.5,10,2800.0,1.6,194295.2,546944.7,52.0,33,44,2909.8,30.97,37580.0,400.0,119.05,4.18
D 미세조정,39,2.5,160.0,194311.2,546960.7,330.3,28.74,11.5,10,2800.0,1.6,194295.2,546944.7,52.0,33,44,2909.8,30.97,37580.0,400.0,119.05,4.204
D 미세조정,39,2.5,170.0,194307.2,546972.7,330.3,28.74,11.5,10,2800.0,1.6,194295.2,546944.7,52.0,33,44,2909.8,30.97,37580.0,400.0,119.05,4.194
D 미세조정,39,2.5,170.0,194311.2,546968.7,330.3,28.74,11.5,10,2800.0,1.6,194295.2,546944.7,52.0,33,44,2909.8,30.97,37580.0,400.0,119.05,4.196
D 미세조정,39,2.75,160.0,194307.2,546976.7,330.3,30.14,10.96,10,2800.0,1.6,194295.2,546944.7,52.0,33,44,2909.8,30.97,37580.0,400.0,119.05,4.177
D 미세조정,39,2.75,160.0,194311.2,546960.7,330.3,30.14,10.96,10,2800.0,1.6,194295.2,546944.7,52.0,33,43,2909.8,30.97,37580.0,400.0,119.05,4.202
D 미세조정,39,2.75,170.0,194311.2,546968.7,330.3,30.14,10.96,10,2800.0,1.6,194295.2,546944.7,52.0,33,44,2909.8,30.97,37580.0,400.0,119.05,4.196
D 미세조정,39,3.125,160.0,194307.2,546976.7,330.3,32.13,10.28,10,2800.0,1.6,194295.2,546944.7,52.0,33,44,2909.8,30.97,37580.0,400.0,119.05,4.176
D 미세조정,39,3.125,160.0,194311.2,546960.7,330.3,32.13,10.28,10,2800.0,1.6,194295.2,546944.7,52.0,33,43,2909.8,30.97,37580.0,400.0,119.05,4.201
D 미세조정,39,3.125,170.0,194311.2,546968.7,330.3,32.13,10.28,10,2800.0,1.6,194295.2,546944.7,52.0,33,44,2909.8,30.97,37580.0,400.0,119.05,4.194
D 미세조정,39,3.125,175.0,194307.2,546976.7,330.3,32.13,10.28,10,2800.0,1.6,194295.2,546944.7,52.0,33,44,2909.8,30.97,37580.0,400.0,119.05,4.186
D 미세조정,39,2.25,160.0,194307.2,546972.7,330.3,27.26,12.12,10,2800.0,1.6,194295.2,546944.7,52.0,34,44,2909.8,30.97,37580.0,400.0,119.05,4.187
D 미세조정,39,2.5,170.0,194311.2,546972.7,330.3,28.74,11.5,10,2800.0,1.6,194295.2,546944.7,52.0,34,44,2909.8,30.97,37580.0,400.0,119.05,4.186
D 미세조정,39,2.5,175.0,194307.2,546976.7,330.3,28.74,11.5,10,2800.0,1.6,194295.2,546944.7,52.0,34,44,2909.8,30.97,37580.0,400.0,119.05,4.187
D 미세조정,39,2.75,170.0,194311.2,546972.7,330.3,30.14,10.96,10,2800.0,1.6,194295.2,546944.7,52.0,34,44,2909.8,30.97,37580.0,400.0,119.05,4.185
D 미세조정,39,2.75,175.0,194307.2,546976.7,330.3,30.14,10.96,10,2800.0,1.6,194295.2,546944.7,52.0,34,44,2909.8,30.97,37580.0,400.0,119.05,4.186
D 미세조정,39,3.125,170.0,194311.2,546972.7,330.3,32.13,10.28,10,2800.0,1.6,194295.2,546944.7,52.0,34,44,2909.8,30.97,37580.0,400.0,119.05,4.184
D 미세조정,39,2.0,160.0,194307.2,546976.7,330.3,25.7,12.85,10,2800.0,1.6,194295.2,546944.7,52.0,35,44,2909.8,30.97,37580.0,400.0,119.05,4.181
D 미세조정,39,2.0,165.0,194307.2,546968.7,330.3,25.7,12.85,10,2800.0,1.6,194295.2,546944.7,52.0,35,44,2909.8,30.97,37580.0,400.0,119.05,4.201
D 미세조정,39,2.25,160.0,194307.2,546976.7,330.3,27.26,12.12,10,2800.0,1.6,194295.2,546944.7,52.0,35,44,2909.8,30.97,37580.0,400.0,119.05,4.181
D 미세조정,39,2.5,165.0,194311.2,546968.7,330.3,28.74,11.5,10,2800.0,1.6,194295.2,546944.7,52.0,35,44,2909.8,30.97,37580.0,400.0,119.05,4.193
D 미세조정,39,3.125,165.0,194303.2,546976.7,330.3,32.13,10.28,10,2800.0,1.6,194295.2,546944.7,52.0,35,43,2909.8,30.97,37580.0,400.0,119.05,4.186
D 미세조정,39,2.0,160.0,194307.2,546972.7,330.3,25.7,12.85,10,2800.0,1.6,194295.2,546944.7,52.0,36,44,2909.8,30.97,37580.0,400.0,119.05,4.188
D 미세조정,39,2.25,165.0,194311.2,546968.7,330.3,27.26,12.12,10,2800.0,1.6,194295.2,546944.7,52.0,36,44,2909.8,30.97,37580.0,400.0,119.05,4.193
D 미세조정,39,2.25,170.0,194315.2,546960.7,330.3,27.26,12.12,10,2800.0,1.6,194295.2,546944.7,52.0,36,43,2909.8,30.97,37580.0,400.0,119.05,4.203
D 미세조정,39,2.25,175.0,194311.2,546964.7,330.3,27.26,12.12,10,2800.0,1.6,194295.2,546944.7,52.0,36,44,2909.8,30.97,37580.0,400.0,119.05,4.206
D 미세조정,39,2.5,165.0,194307.2,546964.7,330.3,28.74,11.5,10,2800.0,1.6,194295.2,546944.7,52.0,36,44,2909.8,30.97,37580.0,400.0,119.05,4.208
D 미세조정,39,2.5,170.0,194315.2,546960.7,330.3,28.74,11.5,10,2800.0,1.6,194295.2,546944.7,52.0,36,43,2909.8,30.97,37580.0,400.0,119.05,4.203
D 미세조정,39,2.5,175.0,194311.2,546964.7,330.3,28.74,11.5,10,2800.0,1.6,194295.2,546944.7,52.0,36,44,2909.8,30.97,37580.0,400.0,119.05,4.205
D 미세조정,39,2.75,165.0,194307.2,546964.7,330.3,30.14,10.96,10,2800.0,1.6,194295.2,546944.7,52.0,36,44,2909.8,30.97,37580.0,400.0,119.05,4.209
D 미세조정,39,2.75,170.0,194315.2,546960.7,330.3,30.14,10.96,10,2800.0,1.6,194295.2,546944.7,52.0,36,43,2909.8,30.97,37580.0,400.0,119.05,4.202
D 미세조정,39,3.125,155.0,194307.2,546972.7,330.3,32.13,10.28,10,2800.0,1.6,194295.2,546944.7,52.0,36,44,2909.8,30.97,37580.0,400.0,119.05,4.18
D 미세조정,39,3.125,155.0,194307.2,546976.7,330.3,32.13,10.28,10,2800.0,1.6,194295.2,546944.7,52.0,36,44,2909.8,30.97,37580.0,400.0,119.05,4.17
D 미세조정,39,3.125,170.0,194315.2,546960.7,330.3,32.13,10.28,10,2800.0,1.6,194295.2,546944.7,52.0,36,43,2909.8,30.97,37580.0,400.0,119.05,4.201
D 미세조정,39,2.0,155.0,194311.2,546964.7,330.3,25.7,12.85,10,2800.0,1.6,194295.2,546944.7,52.0,37,44,2909.8,30.97,37580.0,400.0,119.05,4.198
D 미세조정,39,2.0,160.0,194311.2,546960.7,330.3,25.7,12.85,10,2800.0,1.6,194295.2,546944.7,52.0,37,44,2909.8,30.97,37580.0,400.0,119.05,4.205
D 미세조정,39,2.0,160.0,194311.2,546968.7,330.3,25.7,12.85,10,2800.0,1.6,194295.2,546944.7,52.0,37,44,2909.8,30.97,37580.0,400.0,119.05,4.188
D 미세조정,39,2.0,165.0,194311.2,546968.7,330.3,25.7,12.85,10,2800.0,1.6,194295.2,546944.7,52.0,37,44,2909.8,30.97,37580.0,400.0,119.05,4.193
D 미세조정,39,2.25,160.0,194311.2,546960.7,330.3,27.26,12.12,10,2800.0,1.6,194295.2,546944.7,52.0,37,44,2909.8,30.97,37580.0,400.0,119.05,4.203
D 미세조정,39,2.25,160.0,194311.2,546968.7,330.3,27.26,12.12,10,2800.0,1.6,194295.2,546944.7,52.0,37,44,2909.8,30.97,37580.0,400.0,119.05,4.189
D 미세조정,39,2.5,170.0,194307.2,546964.7,330.3,28.74,11.5,10,2800.0,1.6,194295.2,546944.7,52.0,37,44,2909.8,30.97,37580.0,400.0,119.05,4.211
D 미세조정,39,2.75,170.0,194307.2,546964.7,330.3,30.14,10.96,10,2800.0,1.6,194295.2,546944.7,52.0,37,44,2909.8,30.97,37580.0,400.0,119.05,4.21
D 미세조정,39,2.75,175.0,194311.2,546964.7,330.3,30.14,10.96,10,2800.0,1.6,194295.2,546944.7,52.0,37,44,2909.8,30.97,37580.0,400.0,119.05,4.203
D 미세조정,39,3.125,170.0,194307.2,546964.7,330.3,32.13,10.28,10,2800.0,1.6,194295.2,546944.7,52.0,37,44,2909.8,30.97,37580.0,400.0,119.05,4.207
D 미세조정,39,3.125,175.0,194311.2,546964.7,330.3,32.13,10.28,10,2800.0,1.6,194295.2,546944.7,52.0,37,44,2909.8,30.97,37580.0,400.0,119.05,4.2
D 미세조정,39,2.0,170.0,194311.2,546972.7,330.3,25.7,12.85,10,2800.0,1.6,194295.2,546944.7,52.0,38,44,2909.8,30.97,37580.0,400.0,119.05,4.186
D 미세조정,39,2.0,170.0,194315.2,546960.7,330.3,25.7,12.85,10,2800.0,1.6,194295.2,546944.7,52.0,38,43,2909.8,30.97,37580.0,400.0,119.05,4.203
D 미세조정,39,2.0,175.0,194307.2,546976.7,330.3,25.7,12.85,10,2800.0,1.6,194295.2,546944.7,52.0,38,44,2909.8,30.97,37580.0,400.0,119.05,4.186
D 미세조정,39,2.0,175.0,194311.2,546972.7,330.3,25.7,12.85,10,2800.0,1.6,194295.2,546944.7,52.0,38,44,2909.8,30.97,37580.0,400.0,119.05,4.184
D 미세조정,39,2.25,155.0,194311.2,546964.7,330.3,27.26,12.12,10,2800.0,1.6,194295.2,546944.7,52.0,38,44,2909.8,30.97,37580.0,400.0,119.05,4.196
D 미세조정,39,2.25,170.0,194311.2,546972.7,330.3,27.26,12.12,10,2800.0,1.6,194295.2,546944.7,52.0,38,44,2909.8,30.97,37580.0,400.0,119.05,4.187
D 미세조정,39,2.25,175.0,194307.2,546976.7,330.3,27.26,12.12,10,2800.0,1.6,194295.2,546944.7,52.0,38,44,2909.8,30.97,37580.0,400.0,119.05,4.186
D 미세조정,39,2.25,175.0,194311.2,546972.7,330.3,27.26,12.12,10,2800.0,1.6,194295.2,546944.7,52.0,38,44,2909.8,30.97,37580.0,400.0,119.05,4.187
D 미세조정,39,2.5,155.0,194311.2,546964.7,330.3,28.74,11.5,10,2800.0,1.6,194295.2,546944.7,52.0,38,44,2909.8,30.97,37580.0,400.0,119.05,4.193
D 미세조정,39,2.5,160.0,194311.2,546968.7,330.3,28.74,11.5,10,2800.0,1.6,194295.2,546944.7,52.0,38,44,2909.8,30.97,37580.0,400.0,119.05,4.187
D 미세조정,39,2.5,175.0,194311.2,546972.7,330.3,28.74,11.5,10,2800.0,1.6,194295.2,546944.7,52.0,38,44,2909.8,30.97,37580.0,400.0,119.05,4.186
D 미세조정,39,2.75,155.0,194311.2,546964.7,330.3,30.14,10.96,10,2800.0,1.6,194295.2,546944.7,52.0,38,44,2909.8,30.97,37580.0,400.0,119.05,4.192
D 미세조정,39,2.75,155.0,194311.2,546968.7,330.3,30.14,10.96,10,2800.0,1.6,194295.2,546944.7,52.0,38,44,2909.8,30.97,37580.0,400.0,119.05,4.182
D 미세조정,39,2.75,160.0,194311.2,546968.7,330.3,30.14,10.96,10,2800.0,1.6,194295.2,546944.7,52.0,38,44,2909.8,30.97,37580.0,400.0,119.05,4.185
D 미세조정,39,2.75,175.0,194311.2,546972.7,330.3,30.14,10.96,10,2800.0,1.6,194295.2,546944.7,52.0,38,44,2909.8,30.97,37580.0,400.0,119.05,4.185
D 미세조정,39,3.125,155.0,194311.2,546964.7,330.3,32.13,10.28,10,2800.0,1.6,194295.2,546944.7,52.0,38,44,2909.8,30.97,37580.0,400.0,119.05,4.189
D 미세조정,39,3.125,155.0,194311.2,546968.7,330.3,32.13,10.28,10,2800.0,1.6,194295.2,546944.7,52.0,38,44,2909.8,30.97,37580.0,400.0,119.05,4.179
D 미세조정,39,3.125,160.0,194311.2,546968.7,330.3,32.13,10.28,10,2800.0,1.6,194295.2,546944.7,52.0,38,44,2909.8,30.97,37580.0,400.0,119.05,4.184
D 미세조정,39,3.125,165.0,194315.2,546960.7,330.3,32.13,10.28,10,2800.0,1.6,194295.2,546944.7,52.0,38,43,2909.8,30.97,37580.0,400.0,119.05,4.196
D 미세조정,39,3.125,175.0,194311.2,546972.7,330.3,32.13,10.28,10,2800.0,1.6,194295.2,546944.7,52.0,38,44,2909.8,30.97,37580.0,400.0,119.05,4.182
D 미세조정,39,3.125,175.0,194315.2,546960.7,330.3,32.13,10.28,10,2800.0,1.6,194295.2,546944.7,52.0,38,43,2909.8,30.97,37580.0,400.0,119.05,4.202
D 미세조정,39,2.75,165.0,194315.2,546960.7,330.3,30.14,10.96,10,2800.0,1.6,194295.2,546944.7,52.0,39,43,2909.8,30.97,37580.0,400.0,119.05,4.2
D 미세조정,39,2.0,175.0,194311.2,546964.7,330.3,25.7,12.85,10,2800.0,1.6,194295.2,546944.7,52.0,40,44,2909.8,30.97,37580.0,400.0,119.05,4.206
D 미세조정,39,2.25,165.0,194311.2,546976.7,330.3,27.26,12.12,10,2800.0,1.6,194295.2,546944.7,52.0,40,44,2909.8,30.97,37580.0,400.0,119.05,4.175
D 미세조정,39,2.5,160.0,194311.2,546972.7,330.3,28.74,11.5,10,2800.0,1.6,194295.2,546944.7,52.0,40,44,2909.8,30.97,37580.0,400.0,119.05,4.179
D 미세조정,39,2.5,165.0,194311.2,546976.7,330.3,28.74,11.5,10,2800.0,1.6,194295.2,546944.7,52.0,40,44,2909.8,30.97,37580.0,400.0,119.05,4.174
D 미세조정,39,2.5,165.0,194315.2,546960.7,330.3,28.74,11.5,10,2800.0,1.6,194295.2,546944.7,52.0,40,43,2909.8,30.97,37580.0,400.0,119.05,4.201
D 미세조정,39,2.5,170.0,194315.2,546964.7,330.3,28.74,11.5,10,2800.0,1.6,194295.2,546944.7,52.0,40,44,2909.8,30.97,37580.0,400.0,119.05,4.194
D 미세조정,39,2.75,155.0,194307.2,546972.7,330.3,30.14,10.96,10,2800.0,1.6,194295.2,546944.7,52.0,40,44,2909.8,30.97,37580.0,400.0,119.05,4.181
D 미세조정,39,2.75,160.0,194311.2,546972.7,330.3,30.14,10.96,10,2800.0,1.6,194295.2,546944.7,52.0,40,44,2909.8,30.97,37580.0,400.0,119.05,4.178
D 미세조정,39,2.75,165.0,194311.2,546976.7,330.3,30.14,10.96,10,2800.0,1.6,194295.2,546944.7,52.0,40,44,2909.8,30.97,37580.0,400.0,119.05,4.173
D 미세조정,39,2.75,170.0,194315.2,546964.7,330.3,30.14,10.96,10,2800.0,1.6,194295.2,546944.7,52.0,40,44,2909.8,30.97,37580.0,400.0,119.05,4.193
D 미세조정,39,3.125,160.0,194311.2,546972.7,330.3,32.13,10.28,10,2800.0,1.6,194295.2,546944.7,52.0,40,44,2909.8,30.97,37580.0,400.0,119.05,4.176
D 미세조정,39,3.125,170.0,194315.2,546964.7,330.3,32.13,10.28,10,2800.0,1.6,194295.2,546944.7,52.0,40,43,2909.8,30.97,37580.0,400.0,119.05,4.19
C 저층부 확대,39,3.0,165.0,194307.2,546968.7,330.3,31.48,10.49,10,2800.0,2.2,194307.2,546956.7,52.0,41,49,2915.2,31.03,37580.0,400.0,119.05,4.144
D 미세조정,39,2.0,155.0,194307.2,546976.7,330.3,25.7,12.85,10,2800.0,1.6,194295.2,546944.7,52.0,41,44,2909.8,30.97,37580.0,400.0,119.05,4.177
D 미세조정,39,2.0,155.0,194311.2,546968.7,330.3,25.7,12.85,10,2800.0,1.6,194295.2,546944.7,52.0,41,44,2909.8,30.97,37580.0,400.0,119.05,4.185
D 미세조정,39,2.0,160.0,194311.2,546972.7,330.3,25.7,12.85,10,2800.0,1.6,194295.2,546944.7,52.0,41,44,2909.8,30.97,37580.0,400.0,119.05,4.18
D 미세조정,39,2.0,165.0,194311.2,546976.7,330.3,25.7,12.85,10,2800.0,1.6,194295.2,546944.7,52.0,41,44,2909.8,30.97,37580.0,400.0,119.05,4.176
D 미세조정,39,2.0,175.0,194315.2,546960.7,330.3,25.7,12.85,10,2800.0,1.6,194295.2,546944.7,52.0,41,43,2909.8,30.97,37580.0,400.0,119.05,4.203
D 미세조정,39,2.25,155.0,194307.2,546976.7,330.3,27.26,12.12,10,2800.0,1.6,194295.2,546944.7,52.0,41,44,2909.8,30.97,37580.0,400.0,119.05,4.176
D 미세조정,39,2.25,155.0,194311.2,546968.7,330.3,27.26,12.12,10,2800.0,1.6,194295.2,546944.7,52.0,41,44,2909.8,30.97,37580.0,400.0,119.05,4.185
D 미세조정,39,2.25,160.0,194311.2,546972.7,330.3,27.26,12.12,10,2800.0,1.6,194295.2,546944.7,52.0,41,44,2909.8,30.97,37580.0,400.0,119.05,4.179
D 미세조정,39,2.25,165.0,194307.2,546964.7,330.3,27.26,12.12,10,2800.0,1.6,194295.2,546944.7,52.0,41,44,2909.8,30.97,37580.0,400.0,119.05,4.209
D 미세조정,39,2.25,170.0,194307.2,546964.7,330.3,27.26,12.12,10,2800.0,1.6,194295.2,546944.7,52.0,41,44,2909.8,30.97,37580.0,400.0,119.05,4.212
D 미세조정,39,2.25,175.0,194311.2,546960.7,330.3,27.26,12.12,10,2800.0,1.6,194295.2,546944.7,52.0,41,44,2909.8,30.97,37580.0,400.0,119.05,4.213
D 미세조정,39,2.25,175.0,194315.2,546960.7,330.3,27.26,12.12,10,2800.0,1.6,194295.2,546944.7,52.0,41,43,2909.8,30.97,37580.0,400.0,119.05,4.204
D 미세조정,39,2.5,155.0,194307.2,546976.7,330.3,28.74,11.5,10,2800.0,1.6,194295.2,546944.7,52.0,41,44,2909.8,30.97,37580.0,400.0,119.05,4.173
D 미세조정,39,2.5,155.0,194311.2,546968.7,330.3,28.74,11.5,10,2800.0,1.6,194295.2,546944.7,52.0,41,44,2909.8,30.97,37580.0,400.0,119.05,4.184
D 미세조정,39,2.5,175.0,194311.2,546960.7,330.3,28.74,11.5,10,2800.0,1.6,194295.2,546944.7,52.0,41,44,2909.8,30.97,37580.0,400.0,119.05,4.213
D 미세조정,39,2.5,175.0,194315.2,546960.7,330.3,28.74,11.5,10,2800.0,1.6,194295.2,546944.7,52.0,41,43,2909.8,30.97,37580.0,400.0,119.05,4.203
D 미세조정,39,2.75,155.0,194307.2,546976.7,330.3,30.14,10.96,10,2800.0,1.6,194295.2,546944.7,52.0,41,44,2909.8,30.97,37580.0,400.0,119.05,4.173
D 미세조정,39,2.75,175.0,194311.2,546960.7,330.3,30.14,10.96,10,2800.0,1.6,194295.2,546944.7,52.0,41,44,2909.8,30.97,37580.0,400.0,119.05,4.212
D 미세조정,39,2.75,175.0,194315.2,546960.7,330.3,30.14,10.96,10,2800.0,1.6,194295.2,546944.7,52.0,41,43,2909.8,30.97,37580.0,400.0,119.05,4.202
D 미세조정,39,3.125,160.0,194311.2,546976.7,330.3,32.13,10.28,10,2800.0,1.6,194295.2,546944.7,52.0,41,44,2909.8,30.97,37580.0,400.0,119.05,4.168
D 미세조정,39,3.125,165.0,194311.2,546976.7,330.3,32.13,10.28,10,2800.0,1.6,194295.2,546944.7,52.0,41,44,2909.8,30.97,37580.0,400.0,119.05,4.173
D 미세조정,39,3.125,170.0,194315.2,546968.7,330.3,32.13,10.28,10,2800.0,1.6,194295.2,546944.7,52.0,41,44,2909.8,30.97,37580.0,400.0,119.05,4.182
D 미세조정,39,3.125,175.0,194311.2,546960.7,330.3,32.13,10.28,10,2800.0,1.6,194295.2,546944.7,52.0,41,44,2909.8,30.97,37580.0,400.0,119.05,4.211
D 미세조정,39,2.75,175.0,194311.2,546976.7,330.3,30.14,10.96,10,2800.0,1.6,194295.2,546944.7,52.0,42,44,2909.8,30.97,37580.0,400.0,119.05,4.177
D 미세조정,39,3.125,175.0,194311.2,546976.7,330.3,32.13,10.28,10,2800.0,1.6,194295.2,546944.7,52.0,42,44,2909.8,30.97,37580.0,400.0,119.05,4.176
C 저층부 확대,51,4.0,165.0,194307.2,546968.7,331.2,36.4,9.1,10,2400.0,2.2,194307.2,546956.7,52.0,43,52,2506.7,26.68,37580.0,400.0,154.45,4.12
D 미세조정,39,2.25,165.0,194315.2,546960.7,330.3,27.26,12.12,10,2800.0,1.6,194295.2,546944.7,52.0,43,43,2909.8,30.97,37580.0,400.0,119.05,4.202
D 미세조정,39,2.25,170.0,194315.2,546964.7,330.3,27.26,12.12,10,2800.0,1.6,194295.2,546944.7,52.0,43,44,2909.8,30.97,37580.0,400.0,119.05,4.194
D 미세조정,39,2.5,170.0,194315.2,546968.7,330.3,28.74,11.5,10,2800.0,1.6,194295.2,546944.7,52.0,43,44,2909.8,30.97,37580.0,400.0,119.05,4.184
D 미세조정,39,2.5,175.0,194311.2,546976.7,330.3,28.74,11.5,10,2800.0,1.6,194295.2,546944.7,52.0,43,44,2909.8,30.97,37580.0,400.0,119.05,4.177
D 미세조정,39,2.75,170.0,194315.2,546968.7,330.3,30.14,10.96,10,2800.0,1.6,194295.2,546944.7,52.0,43,44,2909.8,30.97,37580.0,400.0,119.05,4.184
D 미세조정,39,3.125,170.0,194303.2,546976.7,330.3,32.13,10.28,10,2800.0,1.6,194295.2,546944.7,52.0,43,44,2909.8,30.97,37580.0,400.0,119.05,4.192
C 저층부 확대,39,4.0,165.0,194307.2,546968.7,330.3,36.35,9.09,10,2800.0,4.0,194307.2,546956.7,52.0,44,33,2933.3,31.22,37580.0,400.0,119.05,4.116
D 미세조정,39,2.0,165.0,194315.2,546960.7,330.3,25.7,12.85,10,2800.0,1.6,194295.2,546944.7,52.0,44,43,2909.8,30.97,37580.0,400.0,119.05,4.203
D 미세조정,39,2.0,170.0,194315.2,546964.7,330.3,25.7,12.85,10,2800.0,1.6,194295.2,546944.7,52.0,44,44,2909.8,30.97,37580.0,400.0,119.05,4.192
D 미세조정,39,2.0,170.0,194315.2,546968.7,330.3,25.7,12.85,10,2800.0,1.6,194295.2,546944.7,52.0,44,44,2909.8,30.97,37580.0,400.0,119.05,4.182
D 미세조정,39,2.0,175.0,194311.2,546976.7,330.3,25.7,12.85,10,2800.0,1.6,194295.2,546944.7,52.0,44,44,2909.8,30.97,37580.0,400.0,119.05,4.177
D 미세조정,39,2.25,160.0,194311.2,546976.7,330.3,27.26,12.12,10,2800.0,1.6,194295.2,546944.7,52.0,44,44,2909.8,30.97,37580.0,400.0,119.05,4.173
D 미세조정,39,2.25,170.0,194315.2,546968.7,330.3,27.26,12.12,10,2800.0,1.6,194295.2,546944.7,52.0,44,44,2909.8,30.97,37580.0,400.0,119.05,4.183
D 미세조정,39,2.25,175.0,194311.2,546976.7,330.3,27.26,12.12,10,2800.0,1.6,194295.2,546944.7,52.0,44,44,2909.8,30.97,37580.0,400.0,119.05,4.177
D 미세조정,39,2.5,160.0,194311.2,546976.7,330.3,28.74,11.5,10,2800.0,1.6,194295.2,546944.7,52.0,44,44,2909.8,30.97,37580.0,400.0,119.05,4.171
D 미세조정,39,2.5,165.0,194303.2,546976.7,330.3,28.74,11.5,10,2800.0,1.6,194295.2,546944.7,52.0,44,43,2909.8,30.97,37580.0,400.0,119.05,4.19
D 미세조정,39,2.75,160.0,194311.2,546976.7,330.3,30.14,10.96,10,2800.0,1.6,194295.2,546944.7,52.0,44,44,2909.8,30.97,37580.0,400.0,119.05,4.169
D 미세조정,39,2.75,165.0,194303.2,546976.7,330.3,30.14,10.96,10,2800.0,1.6,194295.2,546944.7,52.0,44,43,2909.8,30.97,37580.0,400.0,119.05,4.188
C 저층부 확대,51,3.0,165.0,194271.2,546932.7,526.3,39.74,13.25,10,1600.0,1.6,194295.2,546932.7,52.0,45,36,1683.2,17.92,37580.0,400.0,154.45,4.229
D 미세조정,39,2.0,160.0,194311.2,546976.7,330.3,25.7,12.85,10,2800.0,1.6,194295.2,546944.7,52.0,45,44,2909.8,30.97,37580.0,400.0,119.05,4.173
D 미세조정,39,2.0,170.0,194307.2,546964.7,330.3,25.7,12.85,10,2800.0,1.6,194295.2,546944.7,52.0,45,44,2909.8,30.97,37580.0,400.0,119.05,4.21
D 미세조정,39,2.5,155.0,194307.2,546972.7,330.3,28.74,11.5,10,2800.0,1.6,194295.2,546944.7,52.0,45,44,2909.8,30.97,37580.0,400.0,119.05,4.184
D 미세조정,39,2.5,170.0,194303.2,546976.7,330.3,28.74,11.5,10,2800.0,1.6,194295.2,546944.7,52.0,45,44,2909.8,30.97,37580.0,400.0,119.05,4.195
D 미세조정,39,2.75,155.0,194311.2,546976.7,330.3,30.14,10.96,10,2800.0,1.6,194295.2,546944.7,52.0,45,44,2909.8,30.97,37580.0,400.0,119.05,4.165
D 미세조정,39,2.75,170.0,194303.2,546976.7,330.3,30.14,10.96,10,2800.0,1.6,194295.2,546944.7,52.0,45,44,2909.8,30.97,37580.0,400.0,119.05,4.193
D 미세조정,39,2.75,175.0,194307.2,546968.7,330.3,30.14,10.96,10,2800.0,1.6,194295.2,546944.7,52.0,45,44,2909.8,30.97,37580.0,400.0,119.05,4.204
D 미세조정,39,3.125,155.0,194311.2,546976.7,330.3,32.13,10.28,10,2800.0,1.6,194295.2,546944.7,52.0,45,44,2909.8,30.97,37580.0,400.0,119.05,4.161
D 미세조정,39,3.125,160.0,194315.2,546964.7,330.3,32.13,10.28,10,2800.0,1.6,194295.2,546944.7,52.0,45,43,2909.8,30.97,37580.0,400.0,119.05,4.185
D 미세조정,39,3.125,165.0,194315.2,546968.7,330.3,32.13,10.28,10,2800.0,1.6,194295.2,546944.7,52.0,45,44,2909.8,30.97,37580.0,400.0,119.05,4.179
D 미세조정,39,3.125,175.0,194307.2,546968.7,330.3,32.13,10.28,10,2800.0,1.6,194295.2,546944.7,52.0,45,44,2909.8,30.97,37580.0,400.0,119.05,4.202
C 저층부 확대,51,2.5,165.0,194271.2,546932.7,526.3,36.27,14.51,10,1600.0,1.6,194295.2,546932.7,52.0,46,36,1683.2,17.92,37580.0,400.0,154.45,4.231
C 저층부 확대,51,4.0,165.0,194307.2,546968.7,428.8,41.41,10.35,10,2000.0,3.0,194295.2,546944.7,52.0,46,52,2104.3,22.4,37580.0,400.0,154.45,4.132
C 저층부 확대,45,3.0,165.0,194307.2,546968.7,502.3,38.82,12.94,10,2000.0,2.2,194295.2,546944.7,52.0,46,53,2097.5,22.33,37580.0,400.0,136.75,4.14
D 미세조정,39,2.0,155.0,194315.2,546960.7,330.3,25.7,12.85,10,2800.0,1.6,194295.2,546944.7,52.0,46,43,2909.8,30.97,37580.0,400.0,119.05,4.196
D 미세조정,39,2.0,175.0,194311.2,546960.7,330.3,25.7,12.85,10,2800.0,1.6,194295.2,546944.7,52.0,46,44,2909.8,30.97,37580.0,400.0,119.05,4.214
D 미세조정,39,2.25,155.0,194311.2,546976.7,330.3,27.26,12.12,10,2800.0,1.6,194295.2,546944.7,52.0,46,44,2909.8,30.97,37580.0,400.0,119.05,4.164
D 미세조정,39,2.25,155.0,194315.2,546960.7,330.3,27.26,12.12,10,2800.0,1.6,194295.2,546944.7,52.0,46,43,2909.8,30.97,37580.0,400.0,119.05,4.197
D 미세조정,39,2.5,155.0,194311.2,546976.7,330.3,28.74,11.5,10,2800.0,1.6,194295.2,546944.7,52.0,46,44,2909.8,30.97,37580.0,400.0,119.05,4.165
D 미세조정,39,2.5,155.0,194315.2,546960.7,330.3,28.74,11.5,10,2800.0,1.6,194295.2,546944.7,52.0,46,43,2909.8,30.97,37580.0,400.0,119.05,4.196
D 미세조정,39,2.5,155.0,194315.2,546964.7,330.3,28.74,11.5,10,2800.0,1.6,194295.2,546944.7,52.0,46,44,2909.8,30.97,37580.0,400.0,119.05,4.187
D 미세조정,39,2.75,155.0,194315.2,546960.7,330.3,30.14,10.96,10,2800.0,1.6,194295.2,546944.7,52.0,46,43,2909.8,30.97,37580.0,400.0,119.05,4.195
D 미세조정,39,2.75,155.0,194315.2,546964.7,330.3,30.14,10.96,10,2800.0,1.6,194295.2,546944.7,52.0,46,43,2909.8,30.97,37580.0,400.0,119.05,4.185
D 미세조정,39,2.75,165.0,194315.2,546968.7,330.3,30.14,10.96,10,2800.0,1.6,194295.2,546944.7,52.0,46,44,2909.8,30.97,37580.0,400.0,119.05,4.182
D 미세조정,39,3.125,155.0,194315.2,546960.7,330.3,32.13,10.28,10,2800.0,1.6,194295.2,546944.7,52.0,46,43,2909.8,30.97,37580.0,400.0,119.05,4.191
D 미세조정,39,3.125,155.0,194315.2,546964.7,330.3,32.13,10.28,10,2800.0,1.6,194295.2,546944.7,52.0,46,43,2909.8,30.97,37580.0,400.0,119.05,4.181
C 저층부 확대,55,4.0,165.0,194307.2,546968.7,390.7,39.53,9.88,10,2000.0,1.6,194307.2,546956.7,52.0,47,56,2092.9,22.28,37580.0,400.0,166.25,4.116
C 저층부 확대,39,4.0,165.0,194307.2,546968.7,468.3,43.28,10.82,10,2400.0,3.0,194307.2,546956.7,52.0,47,49,2514.1,26.76,37580.0,400.0,119.05,4.109
D 미세조정,39,2.0,175.0,194307.2,546968.7,330.3,25.7,12.85,10,2800.0,1.6,194295.2,546944.7,52.0,47,44,2909.8,30.97,37580.0,400.0,119.05,4.204
D 미세조정,39,2.25,155.0,194315.2,546964.7,330.3,27.26,12.12,10,2800.0,1.6,194295.2,546944.7,52.0,47,44,2909.8,30.97,37580.0,400.0,119.05,4.188
D 미세조정,39,2.25,165.0,194315.2,546968.7,330.3,27.26,12.12,10,2800.0,1.6,194295.2,546944.7,52.0,47,44,2909.8,30.97,37580.0,400.0,119.05,4.182
D 미세조정,39,2.25,175.0,194307.2,546968.7,330.3,27.26,12.12,10,2800.0,1.6,194295.2,546944.7,52.0,47,44,2909.8,30.97,37580.0,400.0,119.05,4.204
D 미세조정,39,2.5,160.0,194307.2,546964.7,330.3,28.74,11.5,10,2800.0,1.6,194295.2,546944.7,52.0,47,44,2909.8,30.97,37580.0,400.0,119.05,4.202
D 미세조정,39,2.5,165.0,194315.2,546968.7,330.3,28.74,11.5,10,2800.0,1.6,194295.2,546944.7,52.0,47,44,2909.8,30.97,37580.0,400.0,119.05,4.182
D 미세조정,39,2.75,160.0,194307.2,546964.7,330.3,30.14,10.96,10,2800.0,1.6,194295.2,546944.7,52.0,47,44,2909.8,30.97,37580.0,400.0,119.05,4.201
D 미세조정,39,2.75,175.0,194315.2,546968.7,330.3,30.14,10.96,10,2800.0,1.6,194295.2,546944.7,52.0,47,44,2909.8,30.97,37580.0,400.0,119.05,4.185
D 미세조정,39,3.125,160.0,194307.2,546964.7,330.3,32.13,10.28,10,2800.0,1.6,194295.2,546944.7,52.0,47,44,2909.8,30.97,37580.0,400.0,119.05,4.198
D 미세조정,39,3.125,175.0,194315.2,546968.7,330.3,32.13,10.28,10,2800.0,1.6,194295.2,546944.7,52.0,47,44,2909.8,30.97,37580.0,400.0,119.05,4.183
C 저층부 확대,55,2.5,165.0,194325.2,546968.7,390.7,31.25,12.5,10,2000.0,3.0,194307.2,546944.7,52.0,48,51,2104.3,22.4,37580.0,400.0,166.25,4.134
C 저층부 확대,51,4.0,165.0,194271.2,546932.7,428.8,41.41,10.35,10,2000.0,2.2,194295.2,546932.7,52.0,48,33,2097.5,22.33,37580.0,400.0,154.45,4.232
D 미세조정,39,2.0,155.0,194315.2,546964.7,330.3,25.7,12.85,10,2800.0,1.6,194295.2,546944.7,52.0,48,44,2909.8,30.97,37580.0,400.0,119.05,4.188
D 미세조정,39,2.0,160.0,194315.2,546964.7,330.3,25.7,12.85,10,2800.0,1.6,194295.2,546944.7,52.0,48,44,2909.8,30.97,37580.0,400.0,119.05,4.191
D 미세조정,39,2.0,165.0,194303.2,546976.7,330.3,25.7,12.85,10,2800.0,1.6,194295.2,546944.7,52.0,48,43,2909.8,30.97,37580.0,400.0,119.05,4.191
D 미세조정,39,2.0,175.0,194315.2,546968.7,330.3,25.7,12.85,10,2800.0,1.6,194295.2,546944.7,52.0,48,44,2909.8,30.97,37580.0,400.0,119.05,4.183
D 미세조정,39,2.25,160.0,194315.2,546964.7,330.3,27.26,12.12,10,2800.0,1.6,194295.2,546944.7,52.0,48,44,2909.8,30.97,37580.0,400.0,119.05,4.189
D 미세조정,39,2.25,165.0,194303.2,546976.7,330.3,27.26,12.12,10,2800.0,1.6,194295.2,546944.7,52.0,48,43,2909.8,30.97,37580.0,400.0,119.05,4.19
D 미세조정,39,2.25,175.0,194315.2,546968.7,330.3,27.26,12.12,10,2800.0,1.6,194295.2,546944.7,52.0,48,44,2909.8,30.97,37580.0,400.0,119.05,4.185
D 미세조정,39,2.5,160.0,194315.2,546964.7,330.3,28.74,11.5,10,2800.0,1.6,194295.2,546944.7,52.0,48,44,2909.8,30.97,37580.0,400.0,119.05,4.189
D 미세조정,39,2.5,175.0,194307.2,546968.7,330.3,28.74,11.5,10,2800.0,1.6,194295.2,546944.7,52.0,48,44,2909.8,30.97,37580.0,400.0,119.05,4.205
D 미세조정,39,2.75,160.0,194315.2,546964.7,330.3,30.14,10.96,10,2800.0,1.6,194295.2,546944.7,52.0,48,43,2909.8,30.97,37580.0,400.0,119.05,4.187
D 미세조정,39,2.75,170.0,194307.2,546960.7,330.3,30.14,10.96,10,2800.0,1.6,194295.2,546944.7,52.0,48,44,2909.8,30.97,37580.0,400.0,119.05,4.213
D 미세조정,39,2.75,175.0,194307.2,546964.7,330.3,30.14,10.96,10,2800.0,1.6,194295.2,546944.7,52.0,48,44,2909.8,30.97,37580.0,400.0,119.05,4.213
D 미세조정,39,3.125,165.0,194303.2,546972.7,330.3,32.13,10.28,10,2800.0,1.6,194295.2,546944.7,52.0,48,43,2909.8,30.97,37580.0,400.0,119.05,4.196
D 미세조정,39,3.125,170.0,194307.2,546960.7,330.3,32.13,10.28,10,2800.0,1.6,194295.2,546944.7,52.0,48,44,2909.8,30.97,37580.0,400.0,119.05,4.212
D 미세조정,39,3.125,170.0,194315.2,546976.7,330.3,32.13,10.28,10,2800.0,1.6,194295.2,546944.7,52.0,48,44,2909.8,30.97,37580.0,400.0,119.05,4.165
D 미세조정,39,3.125,175.0,194307.2,546964.7,330.3,32.13,10.28,10,2800.0,1.6,194295.2,546944.7,52.0,48,44,2909.8,30.97,37580.0,400.0,119.05,4.211
C 저층부 확대,55,4.0,165.0,194307.2,546968.7,479.6,43.8,10.95,10,1600.0,3.0,194307.2,546944.7,52.0,49,59,1693.4,18.02,37580.0,400.0,166.25,4.109
C 저층부 확대,51,2.5,165.0,194307.2,546968.7,331.2,28.78,11.51,10,2400.0,4.0,194307.2,546944.7,52.0,49,49,2523.5,26.86,37580.0,400.0,154.45,4.131
C 저층부 확대,45,4.0,165.0,194307.2,546968.7,388.0,39.4,9.85,10,2400.0,2.2,194283.2,546956.7,52.0,49,25,2506.7,26.68,37580.0,400.0,136.75,4.119
C 저층부 확대,45,2.5,165.0,194325.2,546968.7,388.0,31.14,12.46,10,2400.0,2.2,194319.2,546956.7,52.0,49,44,2506.7,26.68,37580.0,400.0,136.75,4.13
C 저층부 확대,39,3.0,165.0,194325.2,546986.7,330.3,31.48,10.49,10,2800.0,2.2,194307.2,546944.7,52.0,49,47,2915.2,31.03,37580.0,400.0,119.05,4.162
D 미세조정,39,2.0,155.0,194311.2,546976.7,330.3,25.7,12.85,10,2800.0,1.6,194295.2,546944.7,52.0,49,44,2909.8,30.97,37580.0,400.0,119.05,4.166
D 미세조정,39,2.0,165.0,194315.2,546968.7,330.3,25.7,12.85,10,2800.0,1.6,194295.2,546944.7,52.0,49,44,2909.8,30.97,37580.0,400.0,119.05,4.181
D 미세조정,39,2.25,165.0,194303.2,546972.7,330.3,27.26,12.12,10,2800.0,1.6,194295.2,546944.7,52.0,49,43,2909.8,30.97,37580.0,400.0,119.05,4.2
D 미세조정,39,2.25,170.0,194307.2,546960.7,330.3,27.26,12.12,10,2800.0,1.6,194295.2,546944.7,52.0,49,44,2909.8,30.97,37580.0,400.0,119.05,4.213
D 미세조정,39,2.5,165.0,194303.2,546972.7,330.3,28.74,11.5,10,2800.0,1.6,194295.2,546944.7,52.0,49,43,2909.8,30.97,37580.0,400.0,119.05,4.2
D 미세조정,39,2.5,170.0,194307.2,546960.7,330.3,28.74,11.5,10,2800.0,1.6,194295.2,546944.7,52.0,49,44,2909.8,30.97,37580.0,400.0,119.05,4.214
D 미세조정,39,2.75,160.0,194315.2,546972.7,330.3,30.14,10.96,10,2800.0,1.6,194295.2,546944.7,52.0,49,44,2909.8,30.97,37580.0,400.0,119.05,4.17
D 미세조정,39,2.75,165.0,194303.2,546972.7,330.3,30.14,10.96,10,2800.0,1.6,194295.2,546944.7,52.0,49,43,2909.8,30.97,37580.0,400.0,119.05,4.199
D 미세조정,39,3.125,160.0,194307.2,546960.7,330.3,32.13,10.28,10,2800.0,1.6,194295.2,546944.7,52.0,49,44,2909.8,30.97,37580.0,400.0,119.05,4.202
D 미세조정,39,3.125,160.0,194315.2,546972.7,330.3,32.13,10.28,10,2800.0,1.6,194295.2,546944.7,52.0,49,44,2909.8,30.97,37580.0,400.0,119.05,4.168
D 미세조정,39,3.125,165.0,194315.2,546972.7,330.3,32.13,10.28,10,2800.0,1.6,194295.2,546944.7,52.0,49,44,2909.8,30.97,37580.0,400.0,119.05,4.171
D 미세조정,39,3.125,175.0,194307.2,546960.7,330.3,32.13,10.28,10,2800.0,1.6,194295.2,546944.7,52.0,49,44,2909.8,30.97,37580.0,400.0,119.05,4.218
C 저층부 확대,55,3.0,165.0,194307.2,546968.7,390.7,34.23,11.41,10,2000.0,1.6,194319.2,546956.7,52.0,50,53,2092.9,22.28,37580.0,400.0,166.25,4.107
C 저층부 확대,51,4.0,165.0,194325.2,546968.7,331.2,36.4,9.1,10,2400.0,1.6,194319.2,546956.7,52.0,50,47,2501.7,26.63,37580.0,400.0,154.45,4.133
D 미세조정,39,2.0,155.0,194307.2,546972.7,330.3,25.7,12.85,10,2800.0,1.6,194295.2,546944.7,52.0,50,44,2909.8,30.97,37580.0,400.0,119.05,4.185
D 미세조정,39,2.0,155.0,194315.2,546972.7,330.3,25.7,12.85,10,2800.0,1.6,194295.2,546944.7,52.0,50,44,2909.8,30.97,37580.0,400.0,119.05,4.168
D 미세조정,39,2.0,160.0,194315.2,546968.7,330.3,25.7,12.85,10,2800.0,1.6,194295.2,546944.7,52.0,50,44,2909.8,30.97,37580.0,400.0,119.05,4.181
D 미세조정,39,2.0,170.0,194307.2,546960.7,330.3,25.7,12.85,10,2800.0,1.6,194295.2,546944.7,52.0,50,44,2909.8,30.97,37580.0,400.0,119.05,4.212
D 미세조정,39,2.0,175.0,194315.2,546972.7,330.3,25.7,12.85,10,2800.0,1.6,194295.2,546944.7,52.0,50,44,2909.8,30.97,37580.0,400.0,119.05,4.177
D 미세조정,39,2.25,155.0,194307.2,546972.7,330.3,27.26,12.12,10,2800.0,1.6,194295.2,546944.7,52.0,50,44,2909.8,30.97,37580.0,400.0,119.05,4.184
D 미세조정,39,2.25,155.0,194315.2,546972.7,330.3,27.26,12.12,10,2800.0,1.6,194295.2,546944.7,52.0,50,44,2909.8,30.97,37580.0,400.0,119.05,4.169
D 미세조정,39,2.25,175.0,194315.2,546972.7,330.3,27.26,12.12,10,2800.0,1.6,194295.2,546944.7,52.0,50,44,2909.8,30.97,37580.0,400.0,119.05,4.177
D 미세조정,39,2.5,155.0,194307.2,546968.7,330.3,28.74,11.5,10,2800.0,1.6,194295.2,546944.7,52.0,50,44,2909.8,30.97,37580.0,400.0,119.05,4.194
D 미세조정,39,2.5,155.0,194315.2,546972.7,330.3,28.74,11.5,10,2800.0,1.6,194295.2,546944.7,52.0,50,44,2909.8,30.97,37580.0,400.0,119.05,4.167
D 미세조정,39,2.5,175.0,194315.2,546968.7,330.3,28.74,11.5,10,2800.0,1.6,194295.2,546944.7,52.0,50,44,2909.8,30.97,37580.0,400.0,119.05,4.185
D 미세조정,39,2.5,175.0,194315.2,546972.7,330.3,28.74,11.5,10,2800.0,1.6,194295.2,546944.7,52.0,50,44,2909.8,30.97,37580.0,400.0,119.05,4.179
D 미세조정,39,2.75,155.0,194315.2,546972.7,330.3,30.14,10.96,10,2800.0,1.6,194295.2,546944.7,52.0,50,44,2909.8,30.97,37580.0,400.0,119.05,4.165
D 미세조정,39,2.75,175.0,194315.2,546972.7,330.3,30.14,10.96,10,2800.0,1.6,194295.2,546944.7,52.0,50,44,2909.8,30.97,37580.0,400.0,119.05,4.177
D 미세조정,39,3.125,155.0,194315.2,546972.7,330.3,32.13,10.28,10,2800.0,1.6,194295.2,546944.7,52.0,50,44,2909.8,30.97,37580.0,400.0,119.05,4.16
D 미세조정,39,3.125,175.0,194315.2,546972.7,330.3,32.13,10.28,10,2800.0,1.6,194295.2,546944.7,52.0,50,44,2909.8,30.97,37580.0,400.0,119.05,4.176
C 저층부 확대,55,4.0,165.0,194325.2,546968.7,390.7,39.53,9.88,10,2000.0,3.0,194295.2,546944.7,52.0,51,45,2104.3,22.4,37580.0,400.0,166.25,4.119
C 저층부 확대,55,3.0,165.0,194325.2,546968.7,390.7,34.23,11.41,10,2000.0,3.0,194295.2,546944.7,52.0,51,45,2104.3,22.4,37580.0,400.0,166.25,4.122
C 저층부 확대,51,3.0,165.0,194325.2,546968.7,428.8,35.87,11.96,10,2000.0,3.0,194307.2,546944.7,52.0,51,51,2104.3,22.4,37580.0,400.0,154.45,4.133
C 저층부 확대,51,4.0,165.0,194325.2,546986.7,331.2,36.4,9.1,10,2400.0,2.2,194319.2,546956.7,52.0,51,43,2506.7,26.68,37580.0,400.0,154.45,4.114
C 저층부 확대,39,4.0,165.0,194307.2,546968.7,468.3,43.28,10.82,10,2400.0,1.6,194283.2,546956.7,52.0,51,26,2501.7,26.63,37580.0,400.0,119.05,4.114
D 미세조정,39,2.0,160.0,194315.2,546972.7,330.3,25.7,12.85,10,2800.0,1.6,194295.2,546944.7,52.0,51,44,2909.8,30.97,37580.0,400.0,119.05,4.169
D 미세조정,39,2.0,165.0,194307.2,546964.7,330.3,25.7,12.85,10,2800.0,1.6,194295.2,546944.7,52.0,51,44,2909.8,30.97,37580.0,400.0,119.05,4.207
D 미세조정,39,2.0,170.0,194303.2,546976.7,330.3,25.7,12.85,10,2800.0,1.6,194295.2,546944.7,52.0,51,44,2909.8,30.97,37580.0,400.0,119.05,4.195
D 미세조정,39,2.0,170.0,194315.2,546976.7,330.3,25.7,12.85,10,2800.0,1.6,194295.2,546944.7,52.0,51,44,2909.8,30.97,37580.0,400.0,119.05,4.167
D 미세조정,39,2.0,175.0,194307.2,546964.7,330.3,25.7,12.85,10,2800.0,1.6,194295.2,546944.7,52.0,51,44,2909.8,30.97,37580.0,400.0,119.05,4.214
D 미세조정,39,2.25,160.0,194315.2,546968.7,330.3,27.26,12.12,10,2800.0,1.6,194295.2,546944.7,52.0,51,44,2909.8,30.97,37580.0,400.0,119.05,4.181
D 미세조정,39,2.25,160.0,194315.2,546972.7,330.3,27.26,12.12,10,2800.0,1.6,194295.2,546944.7,52.0,51,44,2909.8,30.97,37580.0,400.0,119.05,4.169
D 미세조정,39,2.25,170.0,194303.2,546976.7,330.3,27.26,12.12,10,2800.0,1.6,194295.2,546944.7,52.0,51,44,2909.8,30.97,37580.0,400.0,119.05,4.195
D 미세조정,39,2.25,170.0,194315.2,546976.7,330.3,27.26,12.12,10,2800.0,1.6,194295.2,546944.7,52.0,51,44,2909.8,30.97,37580.0,400.0,119.05,4.168
D 미세조정,39,2.5,160.0,194315.2,546968.7,330.3,28.74,11.5,10,2800.0,1.6,194295.2,546944.7,52.0,51,44,2909.8,30.97,37580.0,400.0,119.05,4.181
D 미세조정,39,2.5,160.0,194315.2,546972.7,330.3,28.74,11.5,10,2800.0,1.6,194295.2,546944.7,52.0,51,44,2909.8,30.97,37580.0,400.0,119.05,4.17
D 미세조정,39,2.5,170.0,194315.2,546976.7,330.3,28.74,11.5,10,2800.0,1.6,194295.2,546944.7,52.0,51,44,2909.8,30.97,37580.0,400.0,119.05,4.169
D 미세조정,39,2.75,155.0,194307.2,546968.7,330.3,30.14,10.96,10,2800.0,1.6,194295.2,546944.7,52.0,51,44,2909.8,30.97,37580.0,400.0,119.05,4.192
D 미세조정,39,2.75,160.0,194315.2,546968.7,330.3,30.14,10.96,10,2800.0,1.6,194295.2,546944.7,52.0,51,44,2909.8,30.97,37580.0,400.0,119.05,4.177
D 미세조정,39,2.75,170.0,194315.2,546976.7,330.3,30.14,10.96,10,2800.0,1.6,194295.2,546944.7,52.0,51,44,2909.8,30.97,37580.0,400.0,119.05,4.168
D 미세조정,39,3.125,155.0,194307.2,546968.7,330.3,32.13,10.28,10,2800.0,1.6,194295.2,546944.7,52.0,51,44,2909.8,30.97,37580.0,400.0,119.05,4.188
D 미세조정,39,3.125,160.0,194315.2,546968.7,330.3,32.13,10.28,10,2800.0,1.6,194295.2,546944.7,52.0,51,44,2909.8,30.97,37580.0,400.0,119.05,4.175
C 저층부 확대,55,4.0,165.0,194307.2,546968.7,390.7,39.53,9.88,10,2000.0,3.0,194283.2,546956.7,52.0,52,29,2104.3,22.4,37580.0,400.0,166.25,4.104
C 저층부 확대,51,3.0,165.0,194325.2,546986.7,331.2,31.52,10.51,10,2400.0,2.2,194307.2,546944.7,52.0,52,49,2506.7,26.68,37580.0,400.0,154.45,4.134
C 저층부 확대,45,4.0,165.0,194325.2,546968.7,502.3,44.82,11.21,10,2000.0,1.6,194319.2,546956.7,52.0,52,48,2092.9,22.28,37580.0,400.0,136.75,4.119
D 미세조정,39,2.0,160.0,194307.2,546964.7,330.3,25.7,12.85,10,2800.0,1.6,194295.2,546944.7,52.0,52,44,2909.8,30.97,37580.0,400.0,119.05,4.203
D 미세조정,39,2.25,160.0,194307.2,546964.7,330.3,27.26,12.12,10,2800.0,1.6,194295.2,546944.7,52.0,52,44,2909.8,30.97,37580.0,400.0,119.05,4.203
D 미세조정,39,2.25,165.0,194315.2,546972.7,330.3,27.26,12.12,10,2800.0,1.6,194295.2,546944.7,52.0,52,44,2909.8,30.97,37580.0,400.0,119.05,4.172
D 미세조정,39,2.25,175.0,194307.2,546964.7,330.3,27.26,12.12,10,2800.0,1.6,194295.2,546944.7,52.0,52,44,2909.8,30.97,37580.0,400.0,119.05,4.214
D 미세조정,39,2.5,165.0,194315.2,546972.7,330.3,28.74,11.5,10,2800.0,1.6,194295.2,546944.7,52.0,52,44,2909.8,30.97,37580.0,400.0,119.05,4.172
D 미세조정,39,2.5,175.0,194307.2,546964.7,330.3,28.74,11.5,10,2800.0,1.6,194295.2,546944.7,52.0,52,44,2909.8,30.97,37580.0,400.0,119.05,4.213
D 미세조정,39,2.75,165.0,194315.2,546972.7,330.3,30.14,10.96,10,2800.0,1.6,194295.2,546944.7,52.0,52,44,2909.8,30.97,37580.0,400.0,119.05,4.171
D 미세조정,39,2.75,165.0,194315.2,546976.7,330.3,30.14,10.96,10,2800.0,1.6,194295.2,546944.7,52.0,52,44,2909.8,30.97,37580.0,400.0,119.05,4.165
D 미세조정,39,3.125,165.0,194315.2,546976.7,330.3,32.13,10.28,10,2800.0,1.6,194295.2,546944.7,52.0,52,44,2909.8,30.97,37580.0,400.0,119.05,4.163
C 저층부 확대,39,4.0,165.0,194325.2,546968.7,606.2,49.24,12.31,10,2000.0,2.2,194319.2,546956.7,52.0,53,45,2097.5,22.33,37580.0,400.0,119.05,4.111
C 저층부 확대,39,2.5,165.0,194325.2,546968.7,606.2,38.93,15.57,10,2000.0,4.0,194307.2,546944.7,52.0,53,50,2112.8,22.49,37580.0,400.0,119.05,4.131
C 저층부 확대,39,3.0,165.0,194307.2,546968.7,468.3,37.48,12.49,10,2400.0,4.0,194307.2,546956.7,52.0,53,41,2523.5,26.86,37580.0,400.0,119.05,4.102
D 미세조정,39,2.0,165.0,194315.2,546972.7,330.3,25.7,12.85,10,2800.0,1.6,194295.2,546944.7,52.0,53,44,2909.8,30.97,37580.0,400.0,119.05,4.172
D 미세조정,39,2.0,165.0,194315.2,546976.7,330.3,25.7,12.85,10,2800.0,1.6,194295.2,546944.7,52.0,53,44,2909.8,30.97,37580.0,400.0,119.05,4.164
D 미세조정,39,2.25,165.0,194315.2,546976.7,330.3,27.26,12.12,10,2800.0,1.6,194295.2,546944.7,52.0,53,44,2909.8,30.97,37580.0,400.0,119.05,4.165
D 미세조정,39,2.25,175.0,194307.2,546960.7,330.3,27.26,12.12,10,2800.0,1.6,194295.2,546944.7,52.0,53,44,2909.8,30.97,37580.0,400.0,119.05,4.22
D 미세조정,39,2.5,165.0,194315.2,546976.7,330.3,28.74,11.5,10,2800.0,1.6,194295.2,546944.7,52.0,53,44,2909.8,30.97,37580.0,400.0,119.05,4.165
D 미세조정,39,2.5,175.0,194307.2,546960.7,330.3,28.74,11.5,10,2800.0,1.6,194295.2,546944.7,52.0,53,44,2909.8,30.97,37580.0,400.0,119.05,4.219
D 미세조정,39,2.75,175.0,194307.2,546960.7,330.3,30.14,10.96,10,2800.0,1.6,194295.2,546944.7,52.0,53,44,2909.8,30.97,37580.0,400.0,119.05,4.219
D 미세조정,39,3.125,155.0,194315.2,546976.7,330.3,32.13,10.28,10,2800.0,1.6,194295.2,546944.7,52.0,53,44,2909.8,30.97,37580.0,400.0,119.05,4.152
C 저층부 확대,55,3.0,165.0,194307.2,546968.7,479.6,37.93,12.64,10,1600.0,3.0,194307.2,546944.7,52.0,54,59,1693.4,18.02,37580.0,400.0,166.25,4.116
C 저층부 확대,55,3.0,165.0,194307.2,546968.7,390.7,34.23,11.41,10,2000.0,3.0,194295.2,546956.7,52.0,54,48,2104.3,22.4,37580.0,400.0,166.25,4.106
C 저층부 확대,45,4.0,165.0,194325.2,546968.7,388.0,39.4,9.85,10,2400.0,3.0,194319.2,546956.7,52.0,54,41,2514.1,26.76,37580.0,400.0,136.75,4.117
C 저층부 확대,45,2.5,165.0,194271.2,546932.7,388.0,31.14,12.46,10,2400.0,1.6,194283.2,546944.7,52.0,54,25,2501.7,26.63,37580.0,400.0,136.75,4.24
C 저층부 확대,45,2.5,165.0,194307.2,546968.7,388.0,31.14,12.46,10,2400.0,1.6,194307.2,546956.7,52.0,54,54,2501.7,26.63,37580.0,400.0,136.75,4.134
C 저층부 확대,39,4.0,165.0,194307.2,546968.7,744.1,54.56,13.64,10,1600.0,4.0,194295.2,546944.7,52.0,54,50,1701.0,18.11,37580.0,400.0,119.05,4.095
C 저층부 확대,39,3.0,165.0,194307.2,546968.7,468.3,37.48,12.49,10,2400.0,1.6,194319.2,546968.7,52.0,54,40,2501.7,26.63,37580.0,400.0,119.05,4.103
C 저층부 확대,39,2.5,165.0,194307.2,546968.7,468.3,34.22,13.69,10,2400.0,2.2,194295.2,546956.7,52.0,54,41,2506.7,26.68,37580.0,400.0,119.05,4.135
C 저층부 확대,39,4.0,165.0,194307.2,546950.7,330.3,36.35,9.09,10,2800.0,1.6,194295.2,546944.7,52.0,54,43,2909.8,30.97,37580.0,400.0,119.05,4.212
D 미세조정,39,2.0,155.0,194315.2,546976.7,330.3,25.7,12.85,10,2800.0,1.6,194295.2,546944.7,52.0,54,44,2909.8,30.97,37580.0,400.0,119.05,4.159
D 미세조정,39,2.0,175.0,194307.2,546960.7,330.3,25.7,12.85,10,2800.0,1.6,194295.2,546944.7,52.0,54,44,2909.8,30.97,37580.0,400.0,119.05,4.219
D 미세조정,39,2.25,155.0,194315.2,546976.7,330.3,27.26,12.12,10,2800.0,1.6,194295.2,546944.7,52.0,54,44,2909.8,30.97,37580.0,400.0,119.05,4.158
D 미세조정,39,2.5,155.0,194315.2,546976.7,330.3,28.74,11.5,10,2800.0,1.6,194295.2,546944.7,52.0,54,44,2909.8,30.97,37580.0,400.0,119.05,4.156
D 미세조정,39,2.75,155.0,194315.2,546976.7,330.3,30.14,10.96,10,2800.0,1.6,194295.2,546944.7,52.0,54,44,2909.8,30.97,37580.0,400.0,119.05,4.154
D 미세조정,39,3.125,165.0,194303.2,546968.7,330.3,32.13,10.28,10,2800.0,1.6,194295.2,546944.7,52.0,54,43,2909.8,30.97,37580.0,400.0,119.05,4.205
C 저층부 확대,55,3.0,165.0,194325.2,546968.7,568.4,41.3,13.77,10,1200.0,2.2,194295.2,546932.7,52.0,55,52,1275.7,13.58,37580.0,400.0,166.25,4.094
C 저층부 확대,55,3.0,165.0,194325.2,546968.7,568.4,41.3,13.77,10,1200.0,3.0,194319.2,546944.7,52.0,55,50,1281.0,13.63,37580.0,400.0,166.25,4.098
C 저층부 확대,55,4.0,165.0,194307.2,546968.7,479.6,43.8,10.95,10,1600.0,1.6,194319.2,546956.7,52.0,55,55,1683.2,17.92,37580.0,400.0,166.25,4.092
B 층수·세장비,51,4.0,165.0,194319.2,546968.7,736.9,54.29,13.57,0,0.0,0.0,0.0,0.0,0.0,55,56,805.7,8.58,37580.0,400.0,154.45,4.072
C 저층부 확대,51,3.0,165.0,194307.2,546968.7,428.8,35.87,11.96,10,2000.0,1.6,194319.2,546956.7,52.0,55,53,2092.9,22.28,37580.0,400.0,154.45,4.106
C 저층부 확대,45,3.0,165.0,194307.2,546968.7,388.0,34.12,11.37,10,2400.0,1.6,194319.2,546968.7,52.0,55,40,2501.7,26.63,37580.0,400.0,136.75,4.096
C 저층부 확대,39,2.5,165.0,194325.2,546968.7,606.2,38.93,15.57,10,2000.0,2.2,194307.2,546944.7,52.0,55,49,2097.5,22.33,37580.0,400.0,119.05,4.131
B 층수·세장비,55,3.0,165.0,194319.2,546968.7,683.3,45.27,15.09,0,0.0,0.0,0.0,0.0,0.0,56,55,744.6,7.93,37580.0,400.0,166.25,4.08
C 저층부 확대,55,4.0,165.0,194325.2,546968.7,479.6,43.8,10.95,10,1600.0,4.0,194295.2,546944.7,52.0,56,45,1701.0,18.11,37580.0,400.0,166.25,4.097
C 저층부 확대,51,4.0,165.0,194271.2,546932.7,331.2,36.4,9.1,10,2400.0,1.6,194283.2,546944.7,52.0,56,25,2501.7,26.63,37580.0,400.0,154.45,4.228
B 층수·세장비,47,4.0,165.0,194319.2,546968.7,799.6,56.55,14.14,0,0.0,0.0,0.0,0.0,0.0,56,54,871.3,9.27,37580.0,400.0,142.65,4.069
C 저층부 확대,45,4.0,165.0,194307.2,546968.7,616.6,49.66,12.42,10,1600.0,2.2,194295.2,546932.7,52.0,56,58,1687.3,17.96,37580.0,400.0,136.75,4.108
D 미세조정,39,2.5,160.0,194307.2,546960.7,330.3,28.74,11.5,10,2800.0,1.6,194295.2,546944.7,52.0,56,44,2909.8,30.97,37580.0,400.0,119.05,4.205
D 미세조정,39,2.75,160.0,194307.2,546960.7,330.3,30.14,10.96,10,2800.0,1.6,194295.2,546944.7,52.0,56,44,2909.8,30.97,37580.0,400.0,119.05,4.203
D 미세조정,39,3.125,170.0,194303.2,546968.7,330.3,32.13,10.28,10,2800.0,1.6,194295.2,546944.7,52.0,56,44,2909.8,30.97,37580.0,400.0,119.05,4.208
B 층수·세장비,55,2.5,165.0,194319.2,546968.7,683.3,41.33,16.53,0,0.0,0.0,0.0,0.0,0.0,57,55,742.1,7.9,37580.0,400.0,166.25,4.081
C 저층부 확대,55,3.0,165.0,194325.2,546968.7,479.6,37.93,12.64,10,1600.0,4.0,194295.2,546944.7,52.0,57,45,1701.0,18.11,37580.0,400.0,166.25,4.102
B 층수·세장비,53,2.5,165.0,194319.2,546968.7,709.1,42.1,16.84,0,0.0,0.0,0.0,0.0,0.0,57,55,769.0,8.19,37580.0,400.0,160.35,4.08
C 저층부 확대,51,4.0,165.0,194307.2,546968.7,526.3,45.88,11.47,10,1600.0,1.6,194295.2,546956.7,52.0,57,51,1683.2,17.92,37580.0,400.0,154.45,4.099
C 저층부 확대,51,4.0,165.0,194307.2,546968.7,428.8,41.41,10.35,10,2000.0,1.6,194283.2,546956.7,52.0,57,31,2092.9,22.28,37580.0,400.0,154.45,4.091
C 저층부 확대,51,3.0,165.0,194307.2,546968.7,428.8,35.87,11.96,10,2000.0,3.0,194295.2,546956.7,52.0,57,48,2104.3,22.4,37580.0,400.0,154.45,4.106
B 층수·세장비,49,3.0,165.0,194319.2,546968.7,766.9,47.97,15.99,0,0.0,0.0,0.0,0.0,0.0,57,55,831.9,8.85,37580.0,400.0,148.55,4.077
C 저층부 확대,45,3.0,165.0,194325.2,546968.7,616.6,43.01,14.34,10,1600.0,1.6,194307.2,546944.7,52.0,57,51,1683.2,17.92,37580.0,400.0,136.75,4.102
C 저층부 확대,45,4.0,165.0,194307.2,546968.7,502.3,44.82,11.21,10,2000.0,3.0,194319.2,546956.7,52.0,57,43,2104.3,22.4,37580.0,400.0,136.75,4.081
C 저층부 확대,45,3.0,165.0,194271.2,546932.7,502.3,38.82,12.94,10,2000.0,1.6,194295.2,546944.7,52.0,57,25,2092.9,22.28,37580.0,400.0,136.75,4.215
C 저층부 확대,55,2.5,165.0,194307.2,546968.7,390.7,31.25,12.5,10,2000.0,3.0,194295.2,546956.7,52.0,58,48,2104.3,22.4,37580.0,400.0,166.25,4.109
B 층수·세장비,51,2.5,165.0,194319.2,546968.7,736.9,42.92,17.17,0,0.0,0.0,0.0,0.0,0.0,58,55,798.0,8.49,37580.0,400.0,154.45,4.078
C 저층부 확대,51,4.0,165.0,194325.2,546968.7,428.8,41.41,10.35,10,2000.0,1.6,194295.2,546944.7,52.0,58,46,2092.9,22.28,37580.0,400.0,154.45,4.103
C 저층부 확대,45,3.0,165.0,194325.2,546968.7,616.6,43.01,14.34,10,1600.0,4.0,194307.2,546956.7,52.0,58,50,1701.0,18.11,37580.0,400.0,136.75,4.087
C 저층부 확대,45,2.5,165.0,194325.2,546968.7,616.6,39.26,15.7,10,1600.0,3.0,194319.2,546956.7,52.0,58,49,1693.4,18.02,37580.0,400.0,136.75,4.095
C 저층부 확대,45,4.0,165.0,194307.2,546950.7,388.0,39.4,9.85,10,2400.0,1.6,194295.2,546944.7,52.0,58,48,2501.7,26.63,37580.0,400.0,136.75,4.193
B 층수·세장비,43,3.0,165.0,194319.2,546968.7,874.0,51.2,17.07,0,0.0,0.0,0.0,0.0,0.0,58,54,943.2,10.04,37580.0,400.0,130.85,4.079
D 미세조정,39,2.0,155.0,194307.2,546968.7,330.3,25.7,12.85,10,2800.0,1.6,194295.2,546944.7,52.0,58,44,2909.8,30.97,37580.0,400.0,119.05,4.195
D 미세조정,39,2.0,175.0,194303.2,546972.7,330.3,25.7,12.85,10,2800.0,1.6,194295.2,546944.7,52.0,58,44,2909.8,30.97,37580.0,400.0,119.05,4.202
D 미세조정,39,2.25,155.0,194307.2,546968.7,330.3,27.26,12.12,10,2800.0,1.6,194295.2,546944.7,52.0,58,44,2909.8,30.97,37580.0,400.0,119.05,4.195
D 미세조정,39,2.25,175.0,194303.2,546972.7,330.3,27.26,12.12,10,2800.0,1.6,194295.2,546944.7,52.0,58,44,2909.8,30.97,37580.0,400.0,119.05,4.202
D 미세조정,39,2.5,175.0,194303.2,546972.7,330.3,28.74,11.5,10,2800.0,1.6,194295.2,546944.7,52.0,58,44,2909.8,30.97,37580.0,400.0,119.05,4.201
D 미세조정,39,2.75,175.0,194303.2,546972.7,330.3,30.14,10.96,10,2800.0,1.6,194295.2,546944.7,52.0,58,44,2909.8,30.97,37580.0,400.0,119.05,4.2
D 미세조정,39,3.125,175.0,194303.2,546972.7,330.3,32.13,10.28,10,2800.0,1.6,194295.2,546944.7,52.0,58,44,2909.8,30.97,37580.0,400.0,119.05,4.199
A 방위·위치,55,2.0,165.0,194319.2,546968.7,683.3,36.97,18.48,0,0.0,0.0,0.0,0.0,0.0,59,55,739.7,7.87,37580.0,400.0,166.25,4.078
C 저층부 확대,55,4.0,165.0,194325.2,546968.7,657.3,51.28,12.82,10,800.0,1.6,194331.2,546956.7,52.0,59,49,859.1,9.14,37580.0,400.0,166.25,4.072
C 저층부 확대,55,3.0,165.0,194325.2,546968.7,657.3,44.41,14.8,10,800.0,2.2,194331.2,546968.7,52.0,59,43,862.0,9.18,37580.0,400.0,166.25,4.067
C 저층부 확대,55,2.5,165.0,194325.2,546968.7,657.3,40.54,16.22,10,800.0,1.6,194295.2,546932.7,52.0,59,52,859.1,9.14,37580.0,400.0,166.25,4.073
C 저층부 확대,55,2.5,165.0,194325.2,546968.7,479.6,34.62,13.85,10,1600.0,3.0,194307.2,546956.7,52.0,59,51,1693.4,18.02,37580.0,400.0,166.25,4.097
C 저층부 확대,51,2.5,165.0,194325.2,546968.7,623.9,39.49,15.8,10,1200.0,4.0,194307.2,546944.7,52.0,59,52,1287.6,13.71,37580.0,400.0,154.45,4.088
C 저층부 확대,45,4.0,165.0,194307.2,546968.7,730.9,54.07,13.52,10,1200.0,1.6,194307.2,546956.7,52.0,59,56,1272.2,13.54,37580.0,400.0,136.75,4.081
C 저층부 확대,45,3.0,165.0,194325.2,546968.7,730.9,46.82,15.61,10,1200.0,4.0,194295.2,546944.7,52.0,59,44,1287.6,13.71,37580.0,400.0,136.75,4.068
C 저층부 확대,39,2.5,165.0,194325.2,546968.7,882.1,46.96,18.78,10,1200.0,3.0,194307.2,546944.7,52.0,59,50,1281.0,13.63,37580.0,400.0,119.05,4.081
C 저층부 확대,39,2.5,165.0,194325.2,546968.7,882.1,46.96,18.78,10,1200.0,4.0,194319.2,546956.7,52.0,59,47,1287.6,13.71,37580.0,400.0,119.05,4.078
C 저층부 확대,39,4.0,165.0,194307.2,546968.7,744.1,54.56,13.64,10,1600.0,2.2,194295.2,546956.7,52.0,59,53,1687.3,17.96,37580.0,400.0,119.05,4.087
D 미세조정,39,2.0,165.0,194303.2,546968.7,330.3,25.7,12.85,10,2800.0,1.6,194295.2,546944.7,52.0,59,43,2909.8,30.97,37580.0,400.0,119.05,4.208
D 미세조정,39,2.0,165.0,194303.2,546972.7,330.3,25.7,12.85,10,2800.0,1.6,194295.2,546944.7,52.0,59,43,2909.8,30.97,37580.0,400.0,119.05,4.199
D 미세조정,39,2.25,165.0,194303.2,546968.7,330.3,27.26,12.12,10,2800.0,1.6,194295.2,546944.7,52.0,59,43,2909.8,30.97,37580.0,400.0,119.05,4.207
D 미세조정,39,2.25,170.0,194303.2,546964.7,330.3,27.26,12.12,10,2800.0,1.6,194295.2,546944.7,52.0,59,44,2909.8,30.97,37580.0,400.0,119.05,4.215
D 미세조정,39,2.25,170.0,194303.2,546968.7,330.3,27.26,12.12,10,2800.0,1.6,194295.2,546944.7,52.0,59,44,2909.8,30.97,37580.0,400.0,119.05,4.21
D 미세조정,39,2.25,175.0,194303.2,546968.7,330.3,27.26,12.12,10,2800.0,1.6,194295.2,546944.7,52.0,59,44,2909.8,30.97,37580.0,400.0,119.05,4.212
D 미세조정,39,2.5,165.0,194303.2,546968.7,330.3,28.74,11.5,10,2800.0,1.6,194295.2,546944.7,52.0,59,43,2909.8,30.97,37580.0,400.0,119.05,4.208
D 미세조정,39,2.5,170.0,194303.2,546964.7,330.3,28.74,11.5,10,2800.0,1.6,194295.2,546944.7,52.0,59,44,2909.8,30.97,37580.0,400.0,119.05,4.215
D 미세조정,39,2.5,170.0,194303.2,546968.7,330.3,28.74,11.5,10,2800.0,1.6,194295.2,546944.7,52.0,59,44,2909.8,30.97,37580.0,400.0,119.05,4.21
D 미세조정,39,2.5,175.0,194303.2,546968.7,330.3,28.74,11.5,10,2800.0,1.6,194295.2,546944.7,52.0,59,44,2909.8,30.97,37580.0,400.0,119.05,4.211
D 미세조정,39,2.75,165.0,194303.2,546968.7,330.3,30.14,10.96,10,2800.0,1.6,194295.2,546944.7,52.0,59,43,2909.8,30.97,37580.0,400.0,119.05,4.206
D 미세조정,39,2.75,170.0,194303.2,546964.7,330.3,30.14,10.96,10,2800.0,1.6,194295.2,546944.7,52.0,59,44,2909.8,30.97,37580.0,400.0,119.05,4.214
D 미세조정,39,2.75,170.0,194303.2,546968.7,330.3,30.14,10.96,10,2800.0,1.6,194295.2,546944.7,52.0,59,44,2909.8,30.97,37580.0,400.0,119.05,4.209
D 미세조정,39,2.75,175.0,194303.2,546968.7,330.3,30.14,10.96,10,2800.0,1.6,194295.2,546944.7,52.0,59,44,2909.8,30.97,37580.0,400.0,119.05,4.212
D 미세조정,39,3.125,170.0,194303.2,546964.7,330.3,32.13,10.28,10,2800.0,1.6,194295.2,546944.7,52.0,59,44,2909.8,30.97,37580.0,400.0,119.05,4.211
D 미세조정,39,3.125,175.0,194303.2,546968.7,330.3,32.13,10.28,10,2800.0,1.6,194295.2,546944.7,52.0,59,44,2909.8,30.97,37580.0,400.0,119.05,4.211
A 방위·위치,55,2.0,165.0,194331.2,546968.7,683.3,36.97,18.48,0,0.0,0.0,0.0,0.0,0.0,60,49,739.7,7.87,37580.0,400.0,166.25,4.082
C 저층부 확대,55,2.5,165.0,194325.2,546968.7,568.4,37.7,15.08,10,1200.0,3.0,194331.2,546956.7,52.0,60,44,1281.0,13.63,37580.0,400.0,166.25,4.08
C 저층부 확대,55,3.0,165.0,194307.2,546968.7,479.6,37.93,12.64,10,1600.0,1.6,194319.2,546956.7,52.0,60,55,1683.2,17.92,37580.0,400.0,166.25,4.098
C 저층부 확대,55,3.0,165.0,194325.2,546968.7,479.6,37.93,12.64,10,1600.0,2.2,194307.2,546956.7,52.0,60,50,1687.3,17.96,37580.0,400.0,166.25,4.096
C 저층부 확대,55,2.5,165.0,194325.2,546986.7,390.7,31.25,12.5,10,2000.0,1.6,194307.2,546944.7,52.0,60,52,2092.9,22.28,37580.0,400.0,166.25,4.104
C 저층부 확대,51,4.0,165.0,194307.2,546968.7,721.5,53.72,13.43,10,800.0,3.0,194307.2,546956.7,52.0,60,56,866.3,9.22,37580.0,400.0,154.45,4.064
C 저층부 확대,51,3.0,165.0,194325.2,546968.7,623.9,43.26,14.42,10,1200.0,3.0,194331.2,546956.7,52.0,60,44,1281.0,13.63,37580.0,400.0,154.45,4.077
C 저층부 확대,51,3.0,165.0,194307.2,546968.7,526.3,39.74,13.25,10,1600.0,1.6,194295.2,546956.7,52.0,60,51,1683.2,17.92,37580.0,400.0,154.45,4.108
C 저층부 확대,51,3.0,165.0,194325.2,546986.7,428.8,35.87,11.96,10,2000.0,1.6,194307.2,546944.7,52.0,60,52,2092.9,22.28,37580.0,400.0,154.45,4.103
C 저층부 확대,51,2.5,165.0,194307.2,546968.7,428.8,32.74,13.1,10,2000.0,3.0,194307.2,546956.7,52.0,60,56,2104.3,22.4,37580.0,400.0,154.45,4.099
C 저층부 확대,51,3.0,165.0,194325.2,546968.7,331.2,31.52,10.51,10,2400.0,3.0,194295.2,546956.7,52.0,60,32,2514.1,26.76,37580.0,400.0,154.45,4.108
B 층수·세장비,47,2.0,165.0,194319.2,546968.7,799.6,39.99,19.99,0,0.0,0.0,0.0,0.0,0.0,60,55,860.6,9.16,37580.0,400.0,142.65,4.077
C 저층부 확대,39,3.0,165.0,194325.2,546968.7,606.2,42.65,14.22,10,2000.0,3.0,194307.2,546956.7,52.0,60,49,2104.3,22.4,37580.0,400.0,119.05,4.11
C 저층부 확대,39,3.0,165.0,194325.2,546968.7,330.3,31.48,10.49,10,2800.0,2.2,194295.2,546956.7,52.0,60,28,2915.2,31.03,37580.0,400.0,119.05,4.131
D 미세조정,39,2.0,170.0,194303.2,546964.7,330.3,25.7,12.85,10,2800.0,1.6,194295.2,546944.7,52.0,60,44,2909.8,30.97,37580.0,400.0,119.05,4.213
D 미세조정,39,2.0,170.0,194303.2,546968.7,330.3,25.7,12.85,10,2800.0,1.6,194295.2,546944.7,52.0,60,44,2909.8,30.97,37580.0,400.0,119.05,4.212
D 미세조정,39,2.0,175.0,194303.2,546968.7,330.3,25.7,12.85,10,2800.0,1.6,194295.2,546944.7,52.0,60,44,2909.8,30.97,37580.0,400.0,119.05,4.211
D 미세조정,39,2.5,160.0,194303.2,546972.7,330.3,28.74,11.5,10,2800.0,1.6,194295.2,546944.7,52.0,60,42,2909.8,30.97,37580.0,400.0,119.05,4.194
D 미세조정,39,2.5,165.0,194303.2,546960.7,330.3,28.74,11.5,10,2800.0,1.6,194295.2,546944.7,52.0,60,43,2909.8,30.97,37580.0,400.0,119.05,4.214
D 미세조정,39,2.75,160.0,194303.2,546964.7,330.3,30.14,10.96,10,2800.0,1.6,194295.2,546944.7,52.0,60,42,2909.8,30.97,37580.0,400.0,119.05,4.202
D 미세조정,39,2.75,160.0,194303.2,546968.7,330.3,30.14,10.96,10,2800.0,1.6,194295.2,546944.7,52.0,60,42,2909.8,30.97,37580.0,400.0,119.05,4.201
D 미세조정,39,2.75,160.0,194303.2,546972.7,330.3,30.14,10.96,10,2800.0,1.6,194295.2,546944.7,52.0,60,42,2909.8,30.97,37580.0,400.0,119.05,4.193
D 미세조정,39,2.75,165.0,194303.2,546960.7,330.3,30.14,10.96,10,2800.0,1.6,194295.2,546944.7,52.0,60,43,2909.8,30.97,37580.0,400.0,119.05,4.213
D 미세조정,39,3.125,160.0,194303.2,546964.7,330.3,32.13,10.28,10,2800.0,1.6,194295.2,546944.7,52.0,60,42,2909.8,30.97,37580.0,400.0,119.05,4.2
D 미세조정,39,3.125,160.0,194303.2,546968.7,330.3,32.13,10.28,10,2800.0,1.6,194295.2,546944.7,52.0,60,42,2909.8,30.97,37580.0,400.0,119.05,4.197
D 미세조정,39,3.125,160.0,194303.2,546972.7,330.3,32.13,10.28,10,2800.0,1.6,194295.2,546944.7,52.0,60,43,2909.8,30.97,37580.0,400.0,119.05,4.19
D 미세조정,39,3.125,165.0,194299.2,546976.7,330.3,32.13,10.28,10,2800.0,1.6,194295.2,546944.7,52.0,60,42,2909.8,30.97,37580.0,400.0,119.05,4.193
D 미세조정,39,3.125,165.0,194303.2,546960.7,330.3,32.13,10.28,10,2800.0,1.6,194295.2,546944.7,52.0,60,43,2909.8,30.97,37580.0,400.0,119.05,4.211
D 미세조정,39,3.125,170.0,194303.2,546960.7,330.3,32.13,10.28,10,2800.0,1.6,194295.2,546944.7,52.0,60,44,2909.8,30.97,37580.0,400.0,119.05,4.214
D 미세조정,39,3.125,175.0,194299.2,546976.7,330.3,32.13,10.28,10,2800.0,1.6,194295.2,546944.7,52.0,60,43,2909.8,30.97,37580.0,400.0,119.05,4.201
B 층수·세장비,55,4.0,150.0,194319.2,546968.7,683.3,52.28,13.07,0,0.0,0.0,0.0,0.0,0.0,61,51,749.6,7.98,37580.0,400.0,166.25,4.036
B 층수·세장비,55,4.0,165.0,194307.2,546968.7,683.3,52.28,13.07,0,0.0,0.0,0.0,0.0,0.0,61,59,749.6,7.98,37580.0,400.0,166.25,4.077
C 저층부 확대,55,3.0,165.0,194325.2,546968.7,657.3,44.41,14.8,10,800.0,3.0,194319.2,546968.7,52.0,61,48,866.3,9.22,37580.0,400.0,166.25,4.061
C 저층부 확대,55,4.0,165.0,194325.2,546968.7,568.4,47.68,11.92,10,1200.0,1.6,194295.2,546944.7,52.0,61,50,1272.2,13.54,37580.0,400.0,166.25,4.07
B 층수·세장비,53,2.0,165.0,194331.2,546968.7,709.1,37.66,18.83,0,0.0,0.0,0.0,0.0,0.0,61,49,766.5,8.16,37580.0,400.0,160.35,4.083
B 층수·세장비,51,2.0,165.0,194331.2,546968.7,736.9,38.39,19.19,0,0.0,0.0,0.0,0.0,0.0,61,48,795.4,8.47,37580.0,400.0,154.45,4.081
C 저층부 확대,51,3.0,165.0,194325.2,546968.7,721.5,46.52,15.51,10,800.0,2.2,194283.2,546932.7,52.0,61,47,862.0,9.18,37580.0,400.0,154.45,4.066
C 저층부 확대,51,2.5,165.0,194325.2,546968.7,721.5,42.47,16.99,10,800.0,1.6,194319.2,546944.7,52.0,61,51,859.1,9.14,37580.0,400.0,154.45,4.073
C 저층부 확대,51,2.5,165.0,194325.2,546986.7,428.8,32.74,13.1,10,2000.0,1.6,194307.2,546944.7,52.0,61,51,2092.9,22.28,37580.0,400.0,154.45,4.102
C 저층부 확대,45,2.5,165.0,194325.2,546968.7,730.9,42.75,17.1,10,1200.0,4.0,194295.2,546944.7,52.0,61,45,1287.6,13.71,37580.0,400.0,136.75,4.069
B 층수·세장비,41,2.5,165.0,194319.2,546968.7,916.6,47.87,19.15,0,0.0,0.0,0.0,0.0,0.0,61,54,984.6,10.48,37580.0,400.0,124.95,4.083
C 저층부 확대,39,2.5,165.0,194325.2,546968.7,744.1,43.13,17.25,10,1600.0,4.0,194295.2,546944.7,52.0,61,43,1701.0,18.11,37580.0,400.0,119.05,4.094
D 미세조정,39,2.0,160.0,194303.2,546968.7,330.3,25.7,12.85,10,2800.0,1.6,194295.2,546944.7,52.0,61,42,2909.8,30.97,37580.0,400.0,119.05,4.203
D 미세조정,39,2.0,160.0,194303.2,546972.7,330.3,25.7,12.85,10,2800.0,1.6,194295.2,546944.7,52.0,61,42,2909.8,30.97,37580.0,400.0,119.05,4.195
D 미세조정,39,2.0,165.0,194303.2,546960.7,330.3,25.7,12.85,10,2800.0,1.6,194295.2,546944.7,52.0,61,43,2909.8,30.97,37580.0,400.0,119.05,4.215
D 미세조정,39,2.25,155.0,194303.2,546972.7,330.3,27.26,12.12,10,2800.0,1.6,194295.2,546944.7,52.0,61,42,2909.8,30.97,37580.0,400.0,119.05,4.192
D 미세조정,39,2.25,160.0,194303.2,546968.7,330.3,27.26,12.12,10,2800.0,1.6,194295.2,546944.7,52.0,61,42,2909.8,30.97,37580.0,400.0,119.05,4.203
D 미세조정,39,2.25,160.0,194303.2,546972.7,330.3,27.26,12.12,10,2800.0,1.6,194295.2,546944.7,52.0,61,42,2909.8,30.97,37580.0,400.0,119.05,4.195
D 미세조정,39,2.25,160.0,194307.2,546960.7,330.3,27.26,12.12,10,2800.0,1.6,194295.2,546944.7,52.0,61,44,2909.8,30.97,37580.0,400.0,119.05,4.205
D 미세조정,39,2.25,165.0,194303.2,546960.7,330.3,27.26,12.12,10,2800.0,1.6,194295.2,546944.7,52.0,61,43,2909.8,30.97,37580.0,400.0,119.05,4.215
D 미세조정,39,2.25,170.0,194303.2,546960.7,330.3,27.26,12.12,10,2800.0,1.6,194295.2,546944.7,52.0,61,44,2909.8,30.97,37580.0,400.0,119.05,4.215
D 미세조정,39,2.5,155.0,194303.2,546972.7,330.3,28.74,11.5,10,2800.0,1.6,194295.2,546944.7,52.0,61,42,2909.8,30.97,37580.0,400.0,119.05,4.192
D 미세조정,39,2.5,160.0,194303.2,546964.7,330.3,28.74,11.5,10,2800.0,1.6,194295.2,546944.7,52.0,61,42,2909.8,30.97,37580.0,400.0,119.05,4.204
D 미세조정,39,2.5,160.0,194303.2,546968.7,330.3,28.74,11.5,10,2800.0,1.6,194295.2,546944.7,52.0,61,42,2909.8,30.97,37580.0,400.0,119.05,4.203
D 미세조정,39,2.5,165.0,194299.2,546976.7,330.3,28.74,11.5,10,2800.0,1.6,194295.2,546944.7,52.0,61,40,2909.8,30.97,37580.0,400.0,119.05,4.195
D 미세조정,39,2.5,170.0,194299.2,546972.7,330.3,28.74,11.5,10,2800.0,1.6,194295.2,546944.7,52.0,61,42,2909.8,30.97,37580.0,400.0,119.05,4.209
D 미세조정,39,2.5,170.0,194303.2,546960.7,330.3,28.74,11.5,10,2800.0,1.6,194295.2,546944.7,52.0,61,44,2909.8,30.97,37580.0,400.0,119.05,4.215
D 미세조정,39,2.5,175.0,194299.2,546976.7,330.3,28.74,11.5,10,2800.0,1.6,194295.2,546944.7,52.0,61,42,2909.8,30.97,37580.0,400.0,119.05,4.204
D 미세조정,39,2.75,155.0,194303.2,546972.7,330.3,30.14,10.96,10,2800.0,1.6,194295.2,546944.7,52.0,61,42,2909.8,30.97,37580.0,400.0,119.05,4.191
D 미세조정,39,2.75,165.0,194299.2,546976.7,330.3,30.14,10.96,10,2800.0,1.6,194295.2,546944.7,52.0,61,42,2909.8,30.97,37580.0,400.0,119.05,4.195
D 미세조정,39,2.75,170.0,194299.2,546972.7,330.3,30.14,10.96,10,2800.0,1.6,194295.2,546944.7,52.0,61,42,2909.8,30.97,37580.0,400.0,119.05,4.209
D 미세조정,39,2.75,170.0,194303.2,546960.7,330.3,30.14,10.96,10,2800.0,1.6,194295.2,546944.7,52.0,61,44,2909.8,30.97,37580.0,400.0,119.05,4.214
D 미세조정,39,2.75,175.0,194299.2,546976.7,330.3,30.14,10.96,10,2800.0,1.6,194295.2,546944.7,52.0,61,43,2909.8,30.97,37580.0,400.0,119.05,4.204
D 미세조정,39,2.75,175.0,194303.2,546960.7,330.3,30.14,10.96,10,2800.0,1.6,194295.2,546944.7,52.0,61,44,2909.8,30.97,37580.0,400.0,119.05,4.22
D 미세조정,39,3.125,155.0,194303.2,546972.7,330.3,32.13,10.28,10,2800.0,1.6,194295.2,546944.7,52.0,61,42,2909.8,30.97,37580.0,400.0,119.05,4.187
D 미세조정,39,3.125,170.0,194299.2,546972.7,330.3,32.13,10.28,10,2800.0,1.6,194295.2,546944.7,52.0,61,42,2909.8,30.97,37580.0,400.0,119.05,4.205
D 미세조정,39,3.125,175.0,194303.2,546960.7,330.3,32.13,10.28,10,2800.0,1.6,194295.2,546944.7,52.0,61,44,2909.8,30.97,37580.0,400.0,119.05,4.219
B 층수·세장비,55,1.5,165.0,194331.2,546968.7,683.3,32.01,21.34,0,0.0,0.0,0.0,0.0,0.0,62,49,737.6,7.85,37580.0,400.0,166.25,4.071
C 저층부 확대,55,4.0,165.0,194325.2,546968.7,657.3,51.28,12.82,10,800.0,2.2,194307.2,546956.7,52.0,62,48,862.0,9.18,37580.0,400.0,166.25,4.053
C 저층부 확대,55,4.0,165.0,194325.2,546968.7,657.3,51.28,12.82,10,800.0,4.0,194307.2,546956.7,52.0,62,48,871.7,9.28,37580.0,400.0,166.25,4.053
C 저층부 확대,55,3.0,165.0,194325.2,546968.7,657.3,44.41,14.8,10,800.0,4.0,194319.2,546968.7,52.0,62,47,871.7,9.28,37580.0,400.0,166.25,4.054
C 저층부 확대,55,4.0,165.0,194307.2,546968.7,568.4,47.68,11.92,10,1200.0,1.6,194319.2,546956.7,52.0,62,58,1272.2,13.54,37580.0,400.0,166.25,4.084
C 저층부 확대,55,3.0,165.0,194325.2,546986.7,390.7,34.23,11.41,10,2000.0,1.6,194295.2,546944.7,52.0,62,45,2092.9,22.28,37580.0,400.0,166.25,4.098
B 층수·세장비,51,3.0,165.0,194331.2,546980.7,736.9,47.02,15.67,0,0.0,0.0,0.0,0.0,0.0,62,49,800.6,8.52,37580.0,400.0,154.45,4.077
C 저층부 확대,51,2.5,165.0,194325.2,546968.7,428.8,32.74,13.1,10,2000.0,1.6,194307.2,546956.7,52.0,62,49,2092.9,22.28,37580.0,400.0,154.45,4.107
C 저층부 확대,45,2.5,165.0,194325.2,546968.7,845.1,45.97,18.39,10,800.0,1.6,194283.2,546932.7,52.0,62,45,910.5,9.69,37580.0,400.0,136.75,4.06
C 저층부 확대,45,4.0,165.0,194307.2,546968.7,502.3,44.82,11.21,10,2000.0,1.6,194307.2,546968.7,52.0,62,48,2092.9,22.28,37580.0,400.0,136.75,4.086
C 저층부 확대,45,2.5,165.0,194325.2,546968.7,502.3,35.44,14.17,10,2000.0,2.2,194295.2,546944.7,52.0,62,46,2097.5,22.33,37580.0,400.0,136.75,4.112
C 저층부 확대,39,4.0,165.0,194325.2,546968.7,606.2,49.24,12.31,10,2000.0,4.0,194319.2,546956.7,52.0,62,40,2112.8,22.49,37580.0,400.0,119.05,4.092
D 미세조정,39,2.0,160.0,194303.2,546964.7,330.3,25.7,12.85,10,2800.0,1.6,194295.2,546944.7,52.0,62,42,2909.8,30.97,37580.0,400.0,119.05,4.204
D 미세조정,39,2.0,165.0,194299.2,546976.7,330.3,25.7,12.85,10,2800.0,1.6,194295.2,546944.7,52.0,62,40,2909.8,30.97,37580.0,400.0,119.05,4.195
D 미세조정,39,2.0,170.0,194303.2,546960.7,330.3,25.7,12.85,10,2800.0,1.6,194295.2,546944.7,52.0,62,44,2909.8,30.97,37580.0,400.0,119.05,4.215
D 미세조정,39,2.0,175.0,194299.2,546972.7,330.3,25.7,12.85,10,2800.0,1.6,194295.2,546944.7,52.0,62,42,2909.8,30.97,37580.0,400.0,119.05,4.21
D 미세조정,39,2.25,160.0,194303.2,546964.7,330.3,27.26,12.12,10,2800.0,1.6,194295.2,546944.7,52.0,62,42,2909.8,30.97,37580.0,400.0,119.05,4.205
D 미세조정,39,2.25,165.0,194299.2,546976.7,330.3,27.26,12.12,10,2800.0,1.6,194295.2,546944.7,52.0,62,40,2909.8,30.97,37580.0,400.0,119.05,4.196
D 미세조정,39,2.25,170.0,194299.2,546972.7,330.3,27.26,12.12,10,2800.0,1.6,194295.2,546944.7,52.0,62,42,2909.8,30.97,37580.0,400.0,119.05,4.209
D 미세조정,39,2.25,175.0,194299.2,546972.7,330.3,27.26,12.12,10,2800.0,1.6,194295.2,546944.7,52.0,62,42,2909.8,30.97,37580.0,400.0,119.05,4.21
D 미세조정,39,2.25,175.0,194299.2,546976.7,330.3,27.26,12.12,10,2800.0,1.6,194295.2,546944.7,52.0,62,42,2909.8,30.97,37580.0,400.0,119.05,4.205
D 미세조정,39,2.5,160.0,194299.2,546976.7,330.3,28.74,11.5,10,2800.0,1.6,194295.2,546944.7,52.0,62,38,2909.8,30.97,37580.0,400.0,119.05,4.194
D 미세조정,39,2.5,175.0,194299.2,546972.7,330.3,28.74,11.5,10,2800.0,1.6,194295.2,546944.7,52.0,62,42,2909.8,30.97,37580.0,400.0,119.05,4.211
D 미세조정,39,2.75,160.0,194299.2,546976.7,330.3,30.14,10.96,10,2800.0,1.6,194295.2,546944.7,52.0,62,38,2909.8,30.97,37580.0,400.0,119.05,4.192
D 미세조정,39,2.75,175.0,194299.2,546972.7,330.3,30.14,10.96,10,2800.0,1.6,194295.2,546944.7,52.0,62,42,2909.8,30.97,37580.0,400.0,119.05,4.21
D 미세조정,39,3.125,160.0,194299.2,546976.7,330.3,32.13,10.28,10,2800.0,1.6,194295.2,546944.7,52.0,62,38,2909.8,30.97,37580.0,400.0,119.05,4.189
D 미세조정,39,3.125,165.0,194299.2,546968.7,330.3,32.13,10.28,10,2800.0,1.6,194295.2,546944.7,52.0,62,40,2909.8,30.97,37580.0,400.0,119.05,4.206
D 미세조정,39,3.125,170.0,194299.2,546968.7,330.3,32.13,10.28,10,2800.0,1.6,194295.2,546944.7,52.0,62,42,2909.8,30.97,37580.0,400.0,119.05,4.21
D 미세조정,39,3.125,175.0,194299.2,546972.7,330.3,32.13,10.28,10,2800.0,1.6,194295.2,546944.7,52.0,62,43,2909.8,30.97,37580.0,400.0,119.05,4.208
B 층수·세장비,55,2.5,165.0,194331.2,546980.7,683.3,41.33,16.53,0,0.0,0.0,0.0,0.0,0.0,63,49,742.1,7.9,37580.0,400.0,166.25,4.077
C 저층부 확대,55,3.0,165.0,194307.2,546968.7,568.4,41.3,13.77,10,1200.0,1.6,194295.2,546944.7,52.0,63,59,1272.2,13.54,37580.0,400.0,166.25,4.1
C 저층부 확대,55,3.0,165.0,194325.2,546968.7,568.4,41.3,13.77,10,1200.0,4.0,194331.2,546956.7,52.0,63,44,1287.6,13.71,37580.0,400.0,166.25,4.073
B 층수·세장비,51,3.0,150.0,194319.2,546968.7,736.9,47.02,15.67,0,0.0,0.0,0.0,0.0,0.0,63,52,800.6,8.52,37580.0,400.0,154.45,4.047
C 저층부 확대,51,2.5,165.0,194325.2,546986.7,526.3,36.27,14.51,10,1600.0,4.0,194319.2,546944.7,52.0,63,45,1701.0,18.11,37580.0,400.0,154.45,4.082
B 층수·세장비,39,3.0,0.0,194319.2,546968.7,963.6,53.77,17.92,0,0.0,0.0,0.0,0.0,0.0,63,52,1036.3,11.03,37580.0,400.0,119.05,4.088
C 저층부 확대,39,4.0,165.0,194325.2,546986.7,330.3,36.35,9.09,10,2800.0,3.0,194319.2,546956.7,52.0,63,40,2923.2,31.11,37580.0,400.0,119.05,4.125
D 미세조정,39,2.0,155.0,194303.2,546964.7,330.3,25.7,12.85,10,2800.0,1.6,194295.2,546944.7,52.0,63,42,2909.8,30.97,37580.0,400.0,119.05,4.199
D 미세조정,39,2.0,160.0,194299.2,546976.7,330.3,25.7,12.85,10,2800.0,1.6,194295.2,546944.7,52.0,63,36,2909.8,30.97,37580.0,400.0,119.05,4.193
D 미세조정,39,2.0,170.0,194299.2,546972.7,330.3,25.7,12.85,10,2800.0,1.6,194295.2,546944.7,52.0,63,42,2909.8,30.97,37580.0,400.0,119.05,4.208
D 미세조정,39,2.0,175.0,194299.2,546976.7,330.3,25.7,12.85,10,2800.0,1.6,194295.2,546944.7,52.0,63,42,2909.8,30.97,37580.0,400.0,119.05,4.203
D 미세조정,39,2.25,155.0,194303.2,546964.7,330.3,27.26,12.12,10,2800.0,1.6,194295.2,546944.7,52.0,63,42,2909.8,30.97,37580.0,400.0,119.05,4.2
D 미세조정,39,2.25,160.0,194299.2,546976.7,330.3,27.26,12.12,10,2800.0,1.6,194295.2,546944.7,52.0,63,38,2909.8,30.97,37580.0,400.0,119.05,4.194
D 미세조정,39,2.25,170.0,194299.2,546968.7,330.3,27.26,12.12,10,2800.0,1.6,194295.2,546944.7,52.0,63,42,2909.8,30.97,37580.0,400.0,119.05,4.21
D 미세조정,39,2.25,175.0,194303.2,546960.7,330.3,27.26,12.12,10,2800.0,1.6,194295.2,546944.7,52.0,63,44,2909.8,30.97,37580.0,400.0,119.05,4.218
D 미세조정,39,2.5,155.0,194303.2,546964.7,330.3,28.74,11.5,10,2800.0,1.6,194295.2,546944.7,52.0,63,42,2909.8,30.97,37580.0,400.0,119.05,4.198
D 미세조정,39,2.5,170.0,194299.2,546968.7,330.3,28.74,11.5,10,2800.0,1.6,194295.2,546944.7,52.0,63,42,2909.8,30.97,37580.0,400.0,119.05,4.211
D 미세조정,39,2.5,175.0,194303.2,546960.7,330.3,28.74,11.5,10,2800.0,1.6,194295.2,546944.7,52.0,63,44,2909.8,30.97,37580.0,400.0,119.05,4.218
D 미세조정,39,2.75,155.0,194303.2,546964.7,330.3,30.14,10.96,10,2800.0,1.6,194295.2,546944.7,52.0,63,42,2909.8,30.97,37580.0,400.0,119.05,4.197
D 미세조정,39,2.75,165.0,194299.2,546968.7,330.3,30.14,10.96,10,2800.0,1.6,194295.2,546944.7,52.0,63,40,2909.8,30.97,37580.0,400.0,119.05,4.208
D 미세조정,39,2.75,170.0,194299.2,546968.7,330.3,30.14,10.96,10,2800.0,1.6,194295.2,546944.7,52.0,63,42,2909.8,30.97,37580.0,400.0,119.05,4.211
D 미세조정,39,3.125,160.0,194299.2,546972.7,330.3,32.13,10.28,10,2800.0,1.6,194295.2,546944.7,52.0,63,38,2909.8,30.97,37580.0,400.0,119.05,4.194
C 저층부 확대,55,4.0,165.0,194325.2,546986.7,568.4,47.68,11.92,10,1200.0,2.2,194295.2,546932.7,52.0,64,50,1275.7,13.58,37580.0,400.0,166.25,4.079
C 저층부 확대,55,4.0,165.0,194325.2,546986.7,568.4,47.68,11.92,10,1200.0,3.0,194319.2,546944.7,52.0,64,47,1281.0,13.63,37580.0,400.0,166.25,4.067
C 저층부 확대,55,3.0,165.0,194325.2,546986.7,568.4,41.3,13.77,10,1200.0,1.6,194331.2,546968.7,52.0,64,39,1272.2,13.54,37580.0,400.0,166.25,4.06
C 저층부 확대,55,3.0,165.0,194325.2,546986.7,568.4,41.3,13.77,10,1200.0,4.0,194307.2,546944.7,52.0,64,51,1287.6,13.71,37580.0,400.0,166.25,4.066
C 저층부 확대,55,3.0,165.0,194325.2,546986.7,479.6,37.93,12.64,10,1600.0,3.0,194307.2,546956.7,52.0,64,51,1693.4,18.02,37580.0,400.0,166.25,4.072
C 저층부 확대,55,2.5,165.0,194307.2,546968.7,479.6,34.62,13.85,10,1600.0,4.0,194295.2,546944.7,52.0,64,53,1701.0,18.11,37580.0,400.0,166.25,4.12
C 저층부 확대,51,2.5,165.0,194325.2,546968.7,721.5,42.47,16.99,10,800.0,2.2,194295.2,546944.7,52.0,64,49,862.0,9.18,37580.0,400.0,154.45,4.055
C 저층부 확대,51,4.0,165.0,194325.2,546968.7,623.9,49.96,12.49,10,1200.0,1.6,194307.2,546956.7,52.0,64,47,1272.2,13.54,37580.0,400.0,154.45,4.067
C 저층부 확대,51,3.0,165.0,194325.2,546968.7,623.9,43.26,14.42,10,1200.0,1.6,194295.2,546944.7,52.0,64,50,1272.2,13.54,37580.0,400.0,154.45,4.072
C 저층부 확대,51,3.0,165.0,194325.2,546968.7,331.2,31.52,10.51,10,2400.0,1.6,194283.2,546944.7,52.0,64,23,2501.7,26.63,37580.0,400.0,154.45,4.118
C 저층부 확대,45,3.0,165.0,194325.2,546968.7,730.9,46.82,15.61,10,1200.0,1.6,194319.2,546968.7,52.0,64,47,1272.2,13.54,37580.0,400.0,136.75,4.075
C 저층부 확대,45,4.0,165.0,194325.2,546986.7,502.3,44.82,11.21,10,2000.0,3.0,194295.2,546944.7,52.0,64,42,2104.3,22.4,37580.0,400.0,136.75,4.087
C 저층부 확대,45,2.5,165.0,194307.2,546968.7,502.3,35.44,14.17,10,2000.0,2.2,194295.2,546956.7,52.0,64,49,2097.5,22.33,37580.0,400.0,136.75,4.121
B 층수·세장비,41,2.0,165.0,194319.2,546968.7,916.6,42.82,21.41,0,0.0,0.0,0.0,0.0,0.0,64,53,981.8,10.45,37580.0,400.0,124.95,4.082
C 저층부 확대,39,4.0,165.0,194307.2,546968.7,606.2,49.24,12.31,10,2000.0,2.2,194295.2,546968.7,52.0,64,44,2097.5,22.33,37580.0,400.0,119.05,4.072
C 저층부 확대,39,4.0,165.0,194325.2,546986.7,606.2,49.24,12.31,10,2000.0,4.0,194319.2,546944.7,52.0,64,41,2112.8,22.49,37580.0,400.0,119.05,4.084
D 미세조정,39,2.0,155.0,194299.2,546976.7,330.3,25.7,12.85,10,2800.0,1.6,194295.2,546944.7,52.0,64,36,2909.8,30.97,37580.0,400.0,119.05,4.191
D 미세조정,39,2.0,160.0,194299.2,546968.7,330.3,25.7,12.85,10,2800.0,1.6,194295.2,546944.7,52.0,64,36,2909.8,30.97,37580.0,400.0,119.05,4.202
D 미세조정,39,2.0,160.0,194299.2,546972.7,330.3,25.7,12.85,10,2800.0,1.6,194295.2,546944.7,52.0,64,36,2909.8,30.97,37580.0,400.0,119.05,4.199
D 미세조정,39,2.0,175.0,194303.2,546960.7,330.3,25.7,12.85,10,2800.0,1.6,194295.2,546944.7,52.0,64,44,2909.8,30.97,37580.0,400.0,119.05,4.218
D 미세조정,39,2.25,155.0,194299.2,546976.7,330.3,27.26,12.12,10,2800.0,1.6,194295.2,546944.7,52.0,64,36,2909.8,30.97,37580.0,400.0,119.05,4.189
D 미세조정,39,2.25,160.0,194299.2,546968.7,330.3,27.26,12.12,10,2800.0,1.6,194295.2,546944.7,52.0,64,36,2909.8,30.97,37580.0,400.0,119.05,4.202
D 미세조정,39,2.25,160.0,194299.2,546972.7,330.3,27.26,12.12,10,2800.0,1.6,194295.2,546944.7,52.0,64,36,2909.8,30.97,37580.0,400.0,119.05,4.196
D 미세조정,39,2.25,170.0,194299.2,546964.7,330.3,27.26,12.12,10,2800.0,1.6,194295.2,546944.7,52.0,64,42,2909.8,30.97,37580.0,400.0,119.05,4.215
D 미세조정,39,2.5,155.0,194299.2,546976.7,330.3,28.74,11.5,10,2800.0,1.6,194295.2,546944.7,52.0,64,36,2909.8,30.97,37580.0,400.0,119.05,4.187
D 미세조정,39,2.5,155.0,194303.2,546976.7,330.3,28.74,11.5,10,2800.0,1.6,194295.2,546944.7,52.0,64,42,2909.8,30.97,37580.0,400.0,119.05,4.181
D 미세조정,39,2.5,160.0,194299.2,546968.7,330.3,28.74,11.5,10,2800.0,1.6,194295.2,546944.7,52.0,64,36,2909.8,30.97,37580.0,400.0,119.05,4.201
D 미세조정,39,2.5,160.0,194299.2,546972.7,330.3,28.74,11.5,10,2800.0,1.6,194295.2,546944.7,52.0,64,36,2909.8,30.97,37580.0,400.0,119.05,4.196
D 미세조정,39,2.5,165.0,194299.2,546968.7,330.3,28.74,11.5,10,2800.0,1.6,194295.2,546944.7,52.0,64,40,2909.8,30.97,37580.0,400.0,119.05,4.208
D 미세조정,39,2.5,170.0,194299.2,546964.7,330.3,28.74,11.5,10,2800.0,1.6,194295.2,546944.7,52.0,64,42,2909.8,30.97,37580.0,400.0,119.05,4.215
D 미세조정,39,2.75,155.0,194299.2,546976.7,330.3,30.14,10.96,10,2800.0,1.6,194295.2,546944.7,52.0,64,36,2909.8,30.97,37580.0,400.0,119.05,4.185
D 미세조정,39,2.75,155.0,194303.2,546960.7,330.3,30.14,10.96,10,2800.0,1.6,194295.2,546944.7,52.0,64,42,2909.8,30.97,37580.0,400.0,119.05,4.198
D 미세조정,39,2.75,160.0,194299.2,546968.7,330.3,30.14,10.96,10,2800.0,1.6,194295.2,546944.7,52.0,64,36,2909.8,30.97,37580.0,400.0,119.05,4.201
D 미세조정,39,2.75,160.0,194299.2,546972.7,330.3,30.14,10.96,10,2800.0,1.6,194295.2,546944.7,52.0,64,36,2909.8,30.97,37580.0,400.0,119.05,4.195
D 미세조정,39,2.75,170.0,194299.2,546964.7,330.3,30.14,10.96,10,2800.0,1.6,194295.2,546944.7,52.0,64,42,2909.8,30.97,37580.0,400.0,119.05,4.214
D 미세조정,39,3.125,155.0,194299.2,546976.7,330.3,32.13,10.28,10,2800.0,1.6,194295.2,546944.7,52.0,64,36,2909.8,30.97,37580.0,400.0,119.05,4.182
D 미세조정,39,3.125,155.0,194303.2,546960.7,330.3,32.13,10.28,10,2800.0,1.6,194295.2,546944.7,52.0,64,42,2909.8,30.97,37580.0,400.0,119.05,4.195
D 미세조정,39,3.125,155.0,194303.2,546964.7,330.3,32.13,10.28,10,2800.0,1.6,194295.2,546944.7,52.0,64,42,2909.8,30.97,37580.0,400.0,119.05,4.194
A 방위·위치,55,2.0,150.0,194319.2,546956.7,683.3,36.97,18.48,0,0.0,0.0,0.0,0.0,0.0,65,51,739.7,7.87,37580.0,400.0,166.25,4.082
A 방위·위치,55,2.0,150.0,194319.2,546968.7,683.3,36.97,18.48,0,0.0,0.0,0.0,0.0,0.0,65,53,739.7,7.87,37580.0,400.0,166.25,4.059
A 방위·위치,55,2.0,165.0,194271.2,546944.7,683.3,36.97,18.48,0,0.0,0.0,0.0,0.0,0.0,65,42,739.7,7.87,37580.0,400.0,166.25,4.203
B 층수·세장비,55,1.5,165.0,194319.2,546956.7,683.3,32.01,21.34,0,0.0,0.0,0.0,0.0,0.0,65,54,737.6,7.85,37580.0,400.0,166.25,4.09
B 층수·세장비,55,3.0,150.0,194331.2,546980.7,683.3,45.27,15.09,0,0.0,0.0,0.0,0.0,0.0,65,47,744.6,7.93,37580.0,400.0,166.25,4.06
C 저층부 확대,55,4.0,165.0,194325.2,546986.7,479.6,43.8,10.95,10,1600.0,3.0,194307.2,546956.7,52.0,65,51,1693.4,18.02,37580.0,400.0,166.25,4.067
C 저층부 확대,55,2.5,165.0,194325.2,546986.7,479.6,34.62,13.85,10,1600.0,4.0,194307.2,546956.7,52.0,65,51,1701.0,18.11,37580.0,400.0,166.25,4.071
C 저층부 확대,51,2.5,165.0,194325.2,546986.7,526.3,36.27,14.51,10,1600.0,1.6,194295.2,546932.7,52.0,65,49,1683.2,17.92,37580.0,400.0,154.45,4.106
C 저층부 확대,51,2.5,165.0,194325.2,546986.7,526.3,36.27,14.51,10,1600.0,2.2,194319.2,546956.7,52.0,65,46,1687.3,17.96,37580.0,400.0,154.45,4.079
B 층수·세장비,47,3.0,150.0,194319.2,546968.7,799.6,48.98,16.33,0,0.0,0.0,0.0,0.0,0.0,65,52,865.9,9.22,37580.0,400.0,142.65,4.044
C 저층부 확대,45,2.5,165.0,194325.2,546968.7,616.6,39.26,15.7,10,1600.0,1.6,194331.2,546968.7,52.0,65,41,1683.2,17.92,37580.0,400.0,136.75,4.084
B 층수·세장비,39,2.0,165.0,194319.2,546968.7,963.6,43.9,21.95,0,0.0,0.0,0.0,0.0,0.0,65,52,1030.4,10.97,37580.0,400.0,119.05,4.085
C 저층부 확대,39,2.5,165.0,194325.2,546968.7,744.1,43.13,17.25,10,1600.0,2.2,194307.2,546956.7,52.0,65,48,1687.3,17.96,37580.0,400.0,119.05,4.09
C 저층부 확대,39,2.5,165.0,194271.2,546950.7,468.3,34.22,13.69,10,2400.0,1.6,194283.2,546944.7,52.0,65,26,2501.7,26.63,37580.0,400.0,119.05,4.245
C 저층부 확대,39,2.5,165.0,194307.2,546968.7,330.3,28.74,11.5,10,2800.0,4.0,194295.2,546968.7,52.0,65,15,2933.3,31.22,37580.0,400.0,119.05,4.087
D 미세조정,39,2.0,155.0,194303.2,546960.7,330.3,25.7,12.85,10,2800.0,1.6,194295.2,546944.7,52.0,65,42,2909.8,30.97,37580.0,400.0,119.05,4.203
D 미세조정,39,2.0,155.0,194303.2,546972.7,330.3,25.7,12.85,10,2800.0,1.6,194295.2,546944.7,52.0,65,42,2909.8,30.97,37580.0,400.0,119.05,4.192
D 미세조정,39,2.0,155.0,194303.2,546976.7,330.3,25.7,12.85,10,2800.0,1.6,194295.2,546944.7,52.0,65,42,2909.8,30.97,37580.0,400.0,119.05,4.185
D 미세조정,39,2.0,165.0,194299.2,546968.7,330.3,25.7,12.85,10,2800.0,1.6,194295.2,546944.7,52.0,65,36,2909.8,30.97,37580.0,400.0,119.05,4.206
D 미세조정,39,2.0,170.0,194299.2,546968.7,330.3,25.7,12.85,10,2800.0,1.6,194295.2,546944.7,52.0,65,42,2909.8,30.97,37580.0,400.0,119.05,4.21
D 미세조정,39,2.25,155.0,194299.2,546968.7,330.3,27.26,12.12,10,2800.0,1.6,194295.2,546944.7,52.0,65,35,2909.8,30.97,37580.0,400.0,119.05,4.198
D 미세조정,39,2.25,155.0,194303.2,546976.7,330.3,27.26,12.12,10,2800.0,1.6,194295.2,546944.7,52.0,65,42,2909.8,30.97,37580.0,400.0,119.05,4.184
D 미세조정,39,2.25,165.0,194299.2,546968.7,330.3,27.26,12.12,10,2800.0,1.6,194295.2,546944.7,52.0,65,38,2909.8,30.97,37580.0,400.0,119.05,4.208
D 미세조정,39,2.5,155.0,194303.2,546960.7,330.3,28.74,11.5,10,2800.0,1.6,194295.2,546944.7,52.0,65,42,2909.8,30.97,37580.0,400.0,119.05,4.2
D 미세조정,39,2.75,155.0,194303.2,546976.7,330.3,30.14,10.96,10,2800.0,1.6,194295.2,546944.7,52.0,65,42,2909.8,30.97,37580.0,400.0,119.05,4.179
D 미세조정,39,2.75,175.0,194299.2,546964.7,330.3,30.14,10.96,10,2800.0,1.6,194295.2,546944.7,52.0,65,42,2909.8,30.97,37580.0,400.0,119.05,4.218
D 미세조정,39,3.125,155.0,194303.2,546976.7,330.3,32.13,10.28,10,2800.0,1.6,194295.2,546944.7,52.0,65,42,2909.8,30.97,37580.0,400.0,119.05,4.177
D 미세조정,39,3.125,160.0,194299.2,546968.7,330.3,32.13,10.28,10,2800.0,1.6,194295.2,546944.7,52.0,65,36,2909.8,30.97,37580.0,400.0,119.05,4.198
D 미세조정,39,3.125,170.0,194299.2,546964.7,330.3,32.13,10.28,10,2800.0,1.6,194295.2,546944.7,52.0,65,42,2909.8,30.97,37580.0,400.0,119.05,4.213
D 미세조정,39,3.125,175.0,194299.2,546964.7,330.3,32.13,10.28,10,2800.0,1.6,194295.2,546944.7,52.0,65,42,2909.8,30.97,37580.0,400.0,119.05,4.218
A 방위·위치,55,2.0,150.0,194271.2,546932.7,683.3,36.97,18.48,0,0.0,0.0,0.0,0.0,0.0,66,38,739.7,7.87,37580.0,400.0,166.25,4.18
A 방위·위치,55,2.0,150.0,194331.2,546968.7,683.3,36.97,18.48,0,0.0,0.0,0.0,0.0,0.0,66,49,739.7,7.87,37580.0,400.0,166.25,4.069
B 층수·세장비,55,1.5,150.0,194319.2,546968.7,683.3,32.01,21.34,0,0.0,0.0,0.0,0.0,0.0,66,53,737.6,7.85,37580.0,400.0,166.25,4.055
C 저층부 확대,55,4.0,165.0,194325.2,546986.7,657.3,51.28,12.82,10,800.0,2.2,194319.2,546944.7,52.0,66,47,862.0,9.18,37580.0,400.0,166.25,4.049
C 저층부 확대,55,4.0,165.0,194325.2,546986.7,657.3,51.28,12.82,10,800.0,3.0,194307.2,546944.7,52.0,66,48,866.3,9.22,37580.0,400.0,166.25,4.042
C 저층부 확대,55,4.0,165.0,194325.2,546986.7,657.3,51.28,12.82,10,800.0,4.0,194319.2,546944.7,52.0,66,46,871.7,9.28,37580.0,400.0,166.25,4.047
C 저층부 확대,55,3.0,165.0,194307.2,546968.7,568.4,41.3,13.77,10,1200.0,2.2,194295.2,546956.7,52.0,66,56,1275.7,13.58,37580.0,400.0,166.25,4.094
C 저층부 확대,55,2.5,165.0,194325.2,546986.7,568.4,37.7,15.08,10,1200.0,2.2,194295.2,546932.7,52.0,66,51,1275.7,13.58,37580.0,400.0,166.25,4.086
C 저층부 확대,55,2.5,165.0,194325.2,546986.7,568.4,37.7,15.08,10,1200.0,3.0,194319.2,546944.7,52.0,66,48,1281.0,13.63,37580.0,400.0,166.25,4.07
C 저층부 확대,55,2.5,165.0,194325.2,546986.7,568.4,37.7,15.08,10,1200.0,4.0,194319.2,546956.7,52.0,66,46,1287.6,13.71,37580.0,400.0,166.25,4.058
C 저층부 확대,55,3.0,165.0,194271.2,546932.7,479.6,37.93,12.64,10,1600.0,1.6,194295.2,546944.7,52.0,66,29,1683.2,17.92,37580.0,400.0,166.25,4.2
C 저층부 확대,55,2.5,165.0,194271.2,546932.7,479.6,34.62,13.85,10,1600.0,1.6,194295.2,546944.7,52.0,66,29,1683.2,17.92,37580.0,400.0,166.25,4.202
C 저층부 확대,55,2.5,165.0,194325.2,546968.7,479.6,34.62,13.85,10,1600.0,1.6,194319.2,546968.7,52.0,66,45,1683.2,17.92,37580.0,400.0,166.25,4.085
C 저층부 확대,55,2.5,165.0,194325.2,546968.7,390.7,31.25,12.5,10,2000.0,1.6,194295.2,546956.7,52.0,66,42,2092.9,22.28,37580.0,400.0,166.25,4.073
B 층수·세장비,53,3.0,150.0,194331.2,546980.7,709.1,46.12,15.37,0,0.0,0.0,0.0,0.0,0.0,66,47,771.6,8.21,37580.0,400.0,160.35,4.056
C 저층부 확대,51,4.0,165.0,194307.2,546968.7,721.5,53.72,13.43,10,800.0,2.2,194319.2,546956.7,52.0,66,57,862.0,9.18,37580.0,400.0,154.45,4.064
C 저층부 확대,51,3.0,165.0,194325.2,546968.7,721.5,46.52,15.51,10,800.0,1.6,194283.2,546944.7,52.0,66,44,859.1,9.14,37580.0,400.0,154.45,4.051
C 저층부 확대,51,3.0,165.0,194325.2,546986.7,623.9,43.26,14.42,10,1200.0,2.2,194295.2,546932.7,52.0,66,51,1275.7,13.58,37580.0,400.0,154.45,4.082
C 저층부 확대,51,3.0,165.0,194325.2,546986.7,623.9,43.26,14.42,10,1200.0,3.0,194319.2,546944.7,52.0,66,48,1281.0,13.63,37580.0,400.0,154.45,4.069
C 저층부 확대,51,2.5,165.0,194325.2,546968.7,623.9,39.49,15.8,10,1200.0,1.6,194319.2,546968.7,52.0,66,49,1272.2,13.54,37580.0,400.0,154.45,4.08
C 저층부 확대,51,4.0,165.0,194325.2,546968.7,428.8,41.41,10.35,10,2000.0,2.2,194319.2,546968.7,52.0,66,41,2097.5,22.33,37580.0,400.0,154.45,4.081
B 층수·세장비,47,1.5,165.0,194331.2,546968.7,799.6,34.63,23.09,0,0.0,0.0,0.0,0.0,0.0,66,48,858.3,9.14,37580.0,400.0,142.65,4.072
B 층수·세장비,47,3.0,0.0,194319.2,546968.7,799.6,48.98,16.33,0,0.0,0.0,0.0,0.0,0.0,66,53,865.9,9.22,37580.0,400.0,142.65,4.079
B 층수·세장비,45,2.0,0.0,194319.2,546968.7,835.1,40.87,20.43,0,0.0,0.0,0.0,0.0,0.0,66,52,897.4,9.55,37580.0,400.0,136.75,4.078
B 층수·세장비,45,3.0,0.0,194319.2,546968.7,835.1,50.05,16.68,0,0.0,0.0,0.0,0.0,0.0,66,53,902.8,9.61,37580.0,400.0,136.75,4.08
B 층수·세장비,45,3.0,150.0,194319.2,546968.7,835.1,50.05,16.68,0,0.0,0.0,0.0,0.0,0.0,66,51,902.8,9.61,37580.0,400.0,136.75,4.043
B 층수·세장비,45,3.0,165.0,194331.2,546980.7,835.1,50.05,16.68,0,0.0,0.0,0.0,0.0,0.0,66,46,902.8,9.61,37580.0,400.0,136.75,4.073
C 저층부 확대,45,2.5,165.0,194325.2,546968.7,730.9,42.75,17.1,10,1200.0,1.6,194319.2,546968.7,52.0,66,48,1272.2,13.54,37580.0,400.0,136.75,4.076
C 저층부 확대,45,4.0,165.0,194325.2,546986.7,616.6,49.66,12.42,10,1600.0,2.2,194307.2,546944.7,52.0,66,50,1687.3,17.96,37580.0,400.0,136.75,4.07
C 저층부 확대,45,3.0,165.0,194325.2,546986.7,616.6,43.01,14.34,10,1600.0,2.2,194295.2,546932.7,52.0,66,50,1687.3,17.96,37580.0,400.0,136.75,4.094
C 저층부 확대,45,3.0,165.0,194307.2,546968.7,388.0,34.12,11.37,10,2400.0,4.0,194295.2,546968.7,52.0,66,18,2523.5,26.86,37580.0,400.0,136.75,4.066
B 층수·세장비,43,4.0,0.0,194319.2,546968.7,874.0,59.13,14.78,0,0.0,0.0,0.0,0.0,0.0,66,53,948.9,10.1,37580.0,400.0,130.85,4.077
B 층수·세장비,43,4.0,165.0,194331.2,546980.7,874.0,59.13,14.78,0,0.0,0.0,0.0,0.0,0.0,66,46,948.9,10.1,37580.0,400.0,130.85,4.063
C 저층부 확대,39,3.0,165.0,194307.2,546968.7,882.1,51.44,17.15,10,1200.0,4.0,194295.2,546944.7,52.0,66,50,1287.6,13.71,37580.0,400.0,119.05,4.081
C 저층부 확대,39,4.0,165.0,194307.2,546968.7,606.2,49.24,12.31,10,2000.0,4.0,194295.2,546968.7,52.0,66,30,2112.8,22.49,37580.0,400.0,119.05,4.055
D 미세조정,39,2.0,155.0,194299.2,546968.7,330.3,25.7,12.85,10,2800.0,1.6,194295.2,546944.7,52.0,66,35,2909.8,30.97,37580.0,400.0,119.05,4.198
D 미세조정,39,2.0,155.0,194307.2,546960.7,330.3,25.7,12.85,10,2800.0,1.6,194295.2,546944.7,52.0,66,44,2909.8,30.97,37580.0,400.0,119.05,4.204
D 미세조정,39,2.0,160.0,194307.2,546960.7,330.3,25.7,12.85,10,2800.0,1.6,194295.2,546944.7,52.0,66,44,2909.8,30.97,37580.0,400.0,119.05,4.205
D 미세조정,39,2.0,175.0,194299.2,546964.7,330.3,25.7,12.85,10,2800.0,1.6,194295.2,546944.7,52.0,66,42,2909.8,30.97,37580.0,400.0,119.05,4.217
D 미세조정,39,2.25,155.0,194303.2,546960.7,330.3,27.26,12.12,10,2800.0,1.6,194295.2,546944.7,52.0,66,42,2909.8,30.97,37580.0,400.0,119.05,4.201
D 미세조정,39,2.25,155.0,194307.2,546960.7,330.3,27.26,12.12,10,2800.0,1.6,194295.2,546944.7,52.0,66,44,2909.8,30.97,37580.0,400.0,119.05,4.202
D 미세조정,39,2.25,175.0,194299.2,546964.7,330.3,27.26,12.12,10,2800.0,1.6,194295.2,546944.7,52.0,66,42,2909.8,30.97,37580.0,400.0,119.05,4.218
D 미세조정,39,2.5,155.0,194299.2,546968.7,330.3,28.74,11.5,10,2800.0,1.6,194295.2,546944.7,52.0,66,35,2909.8,30.97,37580.0,400.0,119.05,4.196
D 미세조정,39,2.5,165.0,194299.2,546964.7,330.3,28.74,11.5,10,2800.0,1.6,194295.2,546944.7,52.0,66,36,2909.8,30.97,37580.0,400.0,119.05,4.208
D 미세조정,39,2.5,175.0,194299.2,546964.7,330.3,28.74,11.5,10,2800.0,1.6,194295.2,546944.7,52.0,66,42,2909.8,30.97,37580.0,400.0,119.05,4.219
D 미세조정,39,2.75,155.0,194299.2,546968.7,330.3,30.14,10.96,10,2800.0,1.6,194295.2,546944.7,52.0,66,35,2909.8,30.97,37580.0,400.0,119.05,4.193
D 미세조정,39,2.75,165.0,194299.2,546964.7,330.3,30.14,10.96,10,2800.0,1.6,194295.2,546944.7,52.0,66,38,2909.8,30.97,37580.0,400.0,119.05,4.209
D 미세조정,39,3.125,155.0,194299.2,546968.7,330.3,32.13,10.28,10,2800.0,1.6,194295.2,546944.7,52.0,66,35,2909.8,30.97,37580.0,400.0,119.05,4.189
D 미세조정,39,3.125,165.0,194299.2,546964.7,330.3,32.13,10.28,10,2800.0,1.6,194295.2,546944.7,52.0,66,40,2909.8,30.97,37580.0,400.0,119.05,4.207
A 방위·위치,55,2.0,150.0,194331.2,546980.7,683.3,36.97,18.48,0,0.0,0.0,0.0,0.0,0.0,67,49,739.7,7.87,37580.0,400.0,166.25,4.066
A 방위·위치,55,2.0,165.0,194331.2,546980.7,683.3,36.97,18.48,0,0.0,0.0,0.0,0.0,0.0,67,50,739.7,7.87,37580.0,400.0,166.25,4.073
B 층수·세장비,55,1.25,165.0,194319.2,546956.7,683.3,29.22,23.38,0,0.0,0.0,0.0,0.0,0.0,67,54,736.9,7.84,37580.0,400.0,166.25,4.081
B 층수·세장비,55,1.25,165.0,194331.2,546968.7,683.3,29.22,23.38,0,0.0,0.0,0.0,0.0,0.0,67,49,736.9,7.84,37580.0,400.0,166.25,4.061
C 저층부 확대,55,3.0,165.0,194325.2,546986.7,657.3,44.41,14.8,10,800.0,3.0,194331.2,546956.7,52.0,67,45,866.3,9.22,37580.0,400.0,166.25,4.048
B 층수·세장비,53,2.0,150.0,194331.2,546968.7,709.1,37.66,18.83,0,0.0,0.0,0.0,0.0,0.0,67,49,766.5,8.16,37580.0,400.0,160.35,4.065
B 층수·세장비,53,4.0,150.0,194331.2,546980.7,709.1,53.26,13.31,0,0.0,0.0,0.0,0.0,0.0,67,48,776.6,8.27,37580.0,400.0,160.35,4.044
B 층수·세장비,53,4.0,165.0,194319.2,546980.7,709.1,53.26,13.31,0,0.0,0.0,0.0,0.0,0.0,67,54,776.6,8.27,37580.0,400.0,160.35,4.064
B 층수·세장비,51,1.5,150.0,194319.2,546968.7,736.9,33.25,22.16,0,0.0,0.0,0.0,0.0,0.0,67,53,793.3,8.44,37580.0,400.0,154.45,4.053
C 저층부 확대,51,3.0,165.0,194307.2,546968.7,331.2,31.52,10.51,10,2400.0,1.6,194319.2,546980.7,52.0,67,29,2501.7,26.63,37580.0,400.0,154.45,4.066
C 저층부 확대,51,2.5,165.0,194325.2,546986.7,331.2,28.78,11.51,10,2400.0,1.6,194319.2,546968.7,52.0,67,35,2501.7,26.63,37580.0,400.0,154.45,4.087
C 저층부 확대,45,4.0,165.0,194325.2,546968.7,502.3,44.82,11.21,10,2000.0,3.0,194295.2,546956.7,52.0,67,38,2104.3,22.4,37580.0,400.0,136.75,4.082
C 저층부 확대,39,3.0,165.0,194307.2,546968.7,744.1,47.25,15.75,10,1600.0,1.6,194295.2,546944.7,52.0,67,55,1683.2,17.92,37580.0,400.0,119.05,4.107
C 저층부 확대,39,2.5,165.0,194325.2,546986.7,468.3,34.22,13.69,10,2400.0,2.2,194307.2,546956.7,52.0,67,44,2506.7,26.68,37580.0,400.0,119.05,4.107
D 미세조정,39,2.0,155.0,194299.2,546964.7,330.3,25.7,12.85,10,2800.0,1.6,194295.2,546944.7,52.0,67,34,2909.8,30.97,37580.0,400.0,119.05,4.201
D 미세조정,39,2.0,170.0,194299.2,546964.7,330.3,25.7,12.85,10,2800.0,1.6,194295.2,546944.7,52.0,67,42,2909.8,30.97,37580.0,400.0,119.05,4.212
D 미세조정,39,2.25,155.0,194299.2,546964.7,330.3,27.26,12.12,10,2800.0,1.6,194295.2,546944.7,52.0,67,35,2909.8,30.97,37580.0,400.0,119.05,4.2
D 미세조정,39,2.5,155.0,194299.2,546964.7,330.3,28.74,11.5,10,2800.0,1.6,194295.2,546944.7,52.0,67,35,2909.8,30.97,37580.0,400.0,119.05,4.199
D 미세조정,39,2.5,155.0,194307.2,546960.7,330.3,28.74,11.5,10,2800.0,1.6,194295.2,546944.7,52.0,67,44,2909.8,30.97,37580.0,400.0,119.05,4.199
D 미세조정,39,2.5,160.0,194299.2,546960.7,330.3,28.74,11.5,10,2800.0,1.6,194295.2,546944.7,52.0,67,35,2909.8,30.97,37580.0,400.0,119.05,4.207
D 미세조정,39,2.75,155.0,194299.2,546964.7,330.3,30.14,10.96,10,2800.0,1.6,194295.2,546944.7,52.0,67,35,2909.8,30.97,37580.0,400.0,119.05,4.196
D 미세조정,39,2.75,160.0,194299.2,546960.7,330.3,30.14,10.96,10,2800.0,1.6,194295.2,546944.7,52.0,67,35,2909.8,30.97,37580.0,400.0,119.05,4.205
D 미세조정,39,3.125,155.0,194299.2,546964.7,330.3,32.13,10.28,10,2800.0,1.6,194295.2,546944.7,52.0,67,35,2909.8,30.97,37580.0,400.0,119.05,4.194
D 미세조정,39,3.125,160.0,194299.2,546960.7,330.3,32.13,10.28,10,2800.0,1.6,194295.2,546944.7,52.0,67,35,2909.8,30.97,37580.0,400.0,119.05,4.204
B 층수·세장비,55,2.5,150.0,194319.2,546980.7,683.3,41.33,16.53,0,0.0,0.0,0.0,0.0,0.0,68,55,742.1,7.9,37580.0,400.0,166.25,4.05
C 저층부 확대,55,4.0,165.0,194325.2,546968.7,657.3,51.28,12.82,10,800.0,3.0,194295.2,546956.7,52.0,68,46,866.3,9.22,37580.0,400.0,166.25,4.032
C 저층부 확대,55,2.5,165.0,194325.2,546986.7,657.3,40.54,16.22,10,800.0,2.2,194331.2,546968.7,52.0,68,42,862.0,9.18,37580.0,400.0,166.25,4.047
C 저층부 확대,55,4.0,165.0,194307.2,546968.7,568.4,47.68,11.92,10,1200.0,2.2,194295.2,546968.7,52.0,68,49,1275.7,13.58,37580.0,400.0,166.25,4.064
C 저층부 확대,55,2.5,165.0,194325.2,546968.7,568.4,37.7,15.08,10,1200.0,1.6,194283.2,546944.7,52.0,68,39,1272.2,13.54,37580.0,400.0,166.25,4.069
B 층수·세장비,53,1.25,165.0,194331.2,546968.7,709.1,29.77,23.82,0,0.0,0.0,0.0,0.0,0.0,68,49,763.6,8.13,37580.0,400.0,160.35,4.062
B 층수·세장비,53,2.5,150.0,194319.2,546980.7,709.1,42.1,16.84,0,0.0,0.0,0.0,0.0,0.0,68,55,769.0,8.19,37580.0,400.0,160.35,4.05
B 층수·세장비,53,3.0,165.0,194319.2,546980.7,709.1,46.12,15.37,0,0.0,0.0,0.0,0.0,0.0,68,52,771.6,8.21,37580.0,400.0,160.35,4.072
B 층수·세장비,51,1.5,165.0,194331.2,546968.7,736.9,33.25,22.16,0,0.0,0.0,0.0,0.0,0.0,68,49,793.3,8.44,37580.0,400.0,154.45,4.071
B 층수·세장비,51,2.5,150.0,194319.2,546980.7,736.9,42.92,17.17,0,0.0,0.0,0.0,0.0,0.0,68,55,798.0,8.49,37580.0,400.0,154.45,4.047
B 층수·세장비,51,4.0,150.0,194331.2,546980.7,736.9,54.29,13.57,0,0.0,0.0,0.0,0.0,0.0,68,48,805.7,8.58,37580.0,400.0,154.45,4.041
C 저층부 확대,51,4.0,165.0,194307.2,546968.7,721.5,53.72,13.43,10,800.0,1.6,194295.2,546968.7,52.0,68,48,859.1,9.14,37580.0,400.0,154.45,4.051
C 저층부 확대,51,2.5,165.0,194325.2,546968.7,721.5,42.47,16.99,10,800.0,3.0,194283.2,546944.7,52.0,68,39,866.3,9.22,37580.0,400.0,154.45,4.046
C 저층부 확대,51,4.0,165.0,194307.2,546968.7,623.9,49.96,12.49,10,1200.0,4.0,194319.2,546944.7,52.0,68,53,1287.6,13.71,37580.0,400.0,154.45,4.072
C 저층부 확대,51,4.0,165.0,194307.2,546968.7,526.3,45.88,11.47,10,1600.0,4.0,194307.2,546968.7,52.0,68,47,1701.0,18.11,37580.0,400.0,154.45,4.052
C 저층부 확대,51,3.0,165.0,194271.2,546950.7,428.8,35.87,11.96,10,2000.0,2.2,194295.2,546932.7,52.0,68,44,2097.5,22.33,37580.0,400.0,154.45,4.234
B 층수·세장비,49,1.5,165.0,194319.2,546968.7,766.9,33.92,22.61,0,0.0,0.0,0.0,0.0,0.0,68,53,824.5,8.78,37580.0,400.0,148.55,4.067
B 층수·세장비,49,2.5,150.0,194331.2,546980.7,766.9,43.79,17.52,0,0.0,0.0,0.0,0.0,0.0,68,46,829.2,8.83,37580.0,400.0,148.55,4.058
B 층수·세장비,49,3.0,150.0,194331.2,546980.7,766.9,47.97,15.99,0,0.0,0.0,0.0,0.0,0.0,68,47,831.9,8.85,37580.0,400.0,148.55,4.054
B 층수·세장비,47,3.0,165.0,194331.2,546980.7,799.6,48.98,16.33,0,0.0,0.0,0.0,0.0,0.0,68,46,865.9,9.22,37580.0,400.0,142.65,4.075
C 저층부 확대,45,2.5,165.0,194325.2,546986.7,616.6,39.26,15.7,10,1600.0,1.6,194307.2,546944.7,52.0,68,49,1683.2,17.92,37580.0,400.0,136.75,4.074
C 저층부 확대,45,2.5,165.0,194307.2,546968.7,502.3,35.44,14.17,10,2000.0,4.0,194319.2,546944.7,52.0,68,47,2112.8,22.49,37580.0,400.0,136.75,4.097
C 저층부 확대,39,2.5,165.0,194307.2,546968.7,744.1,43.13,17.25,10,1600.0,3.0,194307.2,546944.7,52.0,68,57,1693.4,18.02,37580.0,400.0,119.05,4.108
C 저층부 확대,39,2.5,165.0,194307.2,546968.7,606.2,38.93,15.57,10,2000.0,2.2,194295.2,546956.7,52.0,68,49,2097.5,22.33,37580.0,400.0,119.05,4.121
C 저층부 확대,39,2.5,165.0,194325.2,546986.7,606.2,38.93,15.57,10,2000.0,2.2,194295.2,546932.7,52.0,68,49,2097.5,22.33,37580.0,400.0,119.05,4.113
D 미세조정,39,2.0,165.0,194299.2,546964.7,330.3,25.7,12.85,10,2800.0,1.6,194295.2,546944.7,52.0,68,36,2909.8,30.97,37580.0,400.0,119.05,4.209
D 미세조정,39,2.25,165.0,194299.2,546964.7,330.3,27.26,12.12,10,2800.0,1.6,194295.2,546944.7,52.0,68,36,2909.8,30.97,37580.0,400.0,119.05,4.21
D 미세조정,39,2.5,165.0,194299.2,546960.7,330.3,28.74,11.5,10,2800.0,1.6,194295.2,546944.7,52.0,68,36,2909.8,30.97,37580.0,400.0,119.05,4.212
D 미세조정,39,2.75,155.0,194307.2,546960.7,330.3,30.14,10.96,10,2800.0,1.6,194295.2,546944.7,52.0,68,44,2909.8,30.97,37580.0,400.0,119.05,4.199
D 미세조정,39,2.75,165.0,194299.2,546960.7,330.3,30.14,10.96,10,2800.0,1.6,194295.2,546944.7,52.0,68,36,2909.8,30.97,37580.0,400.0,119.05,4.211
D 미세조정,39,3.125,155.0,194307.2,546960.7,330.3,32.13,10.28,10,2800.0,1.6,194295.2,546944.7,52.0,68,44,2909.8,30.97,37580.0,400.0,119.05,4.196
D 미세조정,39,3.125,165.0,194299.2,546960.7,330.3,32.13,10.28,10,2800.0,1.6,194295.2,546944.7,52.0,68,36,2909.8,30.97,37580.0,400.0,119.05,4.208
A 방위·위치,55,2.0,150.0,194319.2,546980.7,683.3,36.97,18.48,0,0.0,0.0,0.0,0.0,0.0,69,55,739.7,7.87,37580.0,400.0,166.25,4.051
A 방위·위치,55,2.0,150.0,194343.2,546980.7,683.3,36.97,18.48,0,0.0,0.0,0.0,0.0,0.0,69,45,739.7,7.87,37580.0,400.0,166.25,4.072
B 층수·세장비,55,1.25,150.0,194319.2,546968.7,683.3,29.22,23.38,0,0.0,0.0,0.0,0.0,0.0,69,54,736.9,7.84,37580.0,400.0,166.25,4.047
C 저층부 확대,55,2.5,165.0,194325.2,546968.7,657.3,40.54,16.22,10,800.0,2.2,194319.2,546980.7,52.0,69,47,862.0,9.18,37580.0,400.0,166.25,4.051
C 저층부 확대,55,4.0,165.0,194325.2,546968.7,568.4,47.68,11.92,10,1200.0,2.2,194295.2,546956.7,52.0,69,47,1275.7,13.58,37580.0,400.0,166.25,4.045
C 저층부 확대,55,2.5,165.0,194307.2,546968.7,568.4,37.7,15.08,10,1200.0,1.6,194307.2,546956.7,52.0,69,58,1272.2,13.54,37580.0,400.0,166.25,4.103
C 저층부 확대,55,4.0,165.0,194325.2,546968.7,479.6,43.8,10.95,10,1600.0,2.2,194295.2,546956.7,52.0,69,46,1687.3,17.96,37580.0,400.0,166.25,4.06
C 저층부 확대,55,3.0,165.0,194325.2,546986.7,390.7,34.23,11.41,10,2000.0,2.2,194319.2,546968.7,52.0,69,40,2097.5,22.33,37580.0,400.0,166.25,4.073
B 층수·세장비,51,2.0,150.0,194331.2,546968.7,736.9,38.39,19.19,0,0.0,0.0,0.0,0.0,0.0,69,49,795.4,8.47,37580.0,400.0,154.45,4.066
C 저층부 확대,51,4.0,165.0,194307.2,546968.7,721.5,53.72,13.43,10,800.0,4.0,194319.2,546956.7,52.0,69,53,871.7,9.28,37580.0,400.0,154.45,4.051
C 저층부 확대,51,4.0,165.0,194325.2,546986.7,623.9,49.96,12.49,10,1200.0,3.0,194331.2,546956.7,52.0,69,39,1281.0,13.63,37580.0,400.0,154.45,4.053
C 저층부 확대,51,4.0,165.0,194271.2,546932.7,526.3,45.88,11.47,10,1600.0,1.6,194307.2,546944.7,52.0,69,27,1683.2,17.92,37580.0,400.0,154.45,4.18
C 저층부 확대,51,2.5,165.0,194307.2,546968.7,331.2,28.78,11.51,10,2400.0,1.6,194295.2,546968.7,52.0,69,47,2501.7,26.63,37580.0,400.0,154.45,4.097
B 층수·세장비,49,4.0,150.0,194331.2,546980.7,766.9,55.39,13.85,0,0.0,0.0,0.0,0.0,0.0,69,46,837.2,8.91,37580.0,400.0,148.55,4.038
C 저층부 확대,45,2.5,165.0,194325.2,546986.7,616.6,39.26,15.7,10,1600.0,4.0,194307.2,546956.7,52.0,69,49,1701.0,18.11,37580.0,400.0,136.75,4.065
B 층수·세장비,41,1.25,165.0,194319.2,546968.7,916.6,33.85,27.08,0,0.0,0.0,0.0,0.0,0.0,69,53,978.5,10.42,37580.0,400.0,124.95,4.068
B 층수·세장비,41,3.0,165.0,194307.2,546956.7,916.6,52.44,17.48,0,0.0,0.0,0.0,0.0,0.0,69,54,987.5,10.51,37580.0,400.0,124.95,4.108
C 저층부 확대,39,4.0,165.0,194307.2,546950.7,468.3,43.28,10.82,10,2400.0,2.2,194307.2,546944.7,52.0,69,54,2506.7,26.68,37580.0,400.0,119.05,4.166
D 미세조정,39,2.0,160.0,194299.2,546960.7,330.3,25.7,12.85,10,2800.0,1.6,194295.2,546944.7,52.0,69,35,2909.8,30.97,37580.0,400.0,119.05,4.208
D 미세조정,39,2.0,165.0,194299.2,546960.7,330.3,25.7,12.85,10,2800.0,1.6,194295.2,546944.7,52.0,69,36,2909.8,30.97,37580.0,400.0,119.05,4.212
D 미세조정,39,2.25,160.0,194299.2,546960.7,330.3,27.26,12.12,10,2800.0,1.6,194295.2,546944.7,52.0,69,35,2909.8,30.97,37580.0,400.0,119.05,4.207
D 미세조정,39,2.25,165.0,194299.2,546960.7,330.3,27.26,12.12,10,2800.0,1.6,194295.2,546944.7,52.0,69,36,2909.8,30.97,37580.0,400.0,119.05,4.211
D 미세조정,39,3.125,155.0,194299.2,546960.7,330.3,32.13,10.28,10,2800.0,1.6,194295.2,546944.7,52.0,69,34,2909.8,30.97,37580.0,400.0,119.05,4.193
A 방위·위치,55,2.0,0.0,194331.2,546968.7,683.3,36.97,18.48,0,0.0,0.0,0.0,0.0,0.0,70,49,739.7,7.87,37580.0,400.0,166.25,4.068
A 방위·위치,55,2.0,165.0,194319.2,546980.7,683.3,36.97,18.48,0,0.0,0.0,0.0,0.0,0.0,70,53,739.7,7.87,37580.0,400.0,166.25,4.069
B 층수·세장비,55,1.5,150.0,194319.2,546956.7,683.3,32.01,21.34,0,0.0,0.0,0.0,0.0,0.0,70,52,737.6,7.85,37580.0,400.0,166.25,4.079
C 저층부 확대,55,4.0,165.0,194307.2,546968.7,657.3,51.28,12.82,10,800.0,1.6,194319.2,546968.7,52.0,70,58,859.1,9.14,37580.0,400.0,166.25,4.058
C 저층부 확대,55,4.0,165.0,194307.2,546968.7,657.3,51.28,12.82,10,800.0,2.2,194295.2,546968.7,52.0,70,50,862.0,9.18,37580.0,400.0,166.25,4.055
C 저층부 확대,55,2.5,165.0,194307.2,546968.7,479.6,34.62,13.85,10,1600.0,2.2,194307.2,546956.7,52.0,70,58,1687.3,17.96,37580.0,400.0,166.25,4.102
C 저층부 확대,55,4.0,165.0,194325.2,546986.7,390.7,39.53,9.88,10,2000.0,1.6,194283.2,546944.7,52.0,70,26,2092.9,22.28,37580.0,400.0,166.25,4.094
C 저층부 확대,55,2.5,165.0,194307.2,546968.7,390.7,31.25,12.5,10,2000.0,1.6,194295.2,546968.7,52.0,70,48,2092.9,22.28,37580.0,400.0,166.25,4.086
B 층수·세장비,53,1.5,150.0,194319.2,546956.7,709.1,32.61,21.74,0,0.0,0.0,0.0,0.0,0.0,70,52,764.4,8.14,37580.0,400.0,160.35,4.08
B 층수·세장비,53,1.5,150.0,194331.2,546968.7,709.1,32.61,21.74,0,0.0,0.0,0.0,0.0,0.0,70,50,764.4,8.14,37580.0,400.0,160.35,4.061
C 저층부 확대,51,2.5,165.0,194325.2,546968.7,721.5,42.47,16.99,10,800.0,4.0,194283.2,546944.7,52.0,70,39,871.7,9.28,37580.0,400.0,154.45,4.044
C 저층부 확대,51,3.0,165.0,194325.2,546968.7,428.8,35.87,11.96,10,2000.0,1.6,194295.2,546956.7,52.0,70,42,2092.9,22.28,37580.0,400.0,154.45,4.072
B 층수·세장비,45,2.0,150.0,194331.2,546968.7,835.1,40.87,20.43,0,0.0,0.0,0.0,0.0,0.0,70,48,897.4,9.55,37580.0,400.0,136.75,4.063
C 저층부 확대,45,2.5,165.0,194325.2,546968.7,845.1,45.97,18.39,10,800.0,1.6,194319.2,546980.7,52.0,70,46,910.5,9.69,37580.0,400.0,136.75,4.051
C 저층부 확대,45,2.5,165.0,194307.2,546968.7,616.6,39.26,15.7,10,1600.0,1.6,194295.2,546932.7,52.0,70,58,1683.2,17.92,37580.0,400.0,136.75,4.117
C 저층부 확대,45,2.5,165.0,194307.2,546968.7,388.0,31.14,12.46,10,2400.0,3.0,194295.2,546968.7,52.0,70,33,2514.1,26.76,37580.0,400.0,136.75,4.082
B 층수·세장비,43,3.0,150.0,194331.2,546980.7,874.0,51.2,17.07,0,0.0,0.0,0.0,0.0,0.0,70,44,943.2,10.04,37580.0,400.0,130.85,4.049
B 층수·세장비,41,1.25,150.0,194319.2,546968.7,916.6,33.85,27.08,0,0.0,0.0,0.0,0.0,0.0,70,53,978.5,10.42,37580.0,400.0,124.95,4.054
D 미세조정,39,2.0,155.0,194299.2,546960.7,330.3,25.7,12.85,10,2800.0,1.6,194295.2,546944.7,52.0,70,34,2909.8,30.97,37580.0,400.0,119.05,4.203
D 미세조정,39,2.25,155.0,194299.2,546960.7,330.3,27.26,12.12,10,2800.0,1.6,194295.2,546944.7,52.0,70,34,2909.8,30.97,37580.0,400.0,119.05,4.201
D 미세조정,39,2.5,155.0,194299.2,546960.7,330.3,28.74,11.5,10,2800.0,1.6,194295.2,546944.7,52.0,70,34,2909.8,30.97,37580.0,400.0,119.05,4.198
D 미세조정,39,2.75,155.0,194299.2,546960.7,330.3,30.14,10.96,10,2800.0,1.6,194295.2,546944.7,52.0,70,34,2909.8,30.97,37580.0,400.0,119.05,4.196
A 방위·위치,55,2.0,0.0,194319.2,546968.7,683.3,36.97,18.48,0,0.0,0.0,0.0,0.0,0.0,71,53,739.7,7.87,37580.0,400.0,166.25,4.072
C 저층부 확대,55,4.0,165.0,194307.2,546968.7,657.3,51.28,12.82,10,800.0,3.0,194331.2,546956.7,52.0,71,50,866.3,9.22,37580.0,400.0,166.25,4.049
C 저층부 확대,55,2.5,165.0,194325.2,546968.7,657.3,40.54,16.22,10,800.0,1.6,194319.2,546992.7,52.0,71,44,859.1,9.14,37580.0,400.0,166.25,4.035
C 저층부 확대,55,4.0,165.0,194307.2,546950.7,479.6,43.8,10.95,10,1600.0,2.2,194295.2,546944.7,52.0,71,55,1687.3,17.96,37580.0,400.0,166.25,4.153
C 저층부 확대,55,3.0,165.0,194325.2,546986.7,479.6,37.93,12.64,10,1600.0,1.6,194319.2,546968.7,52.0,71,43,1683.2,17.92,37580.0,400.0,166.25,4.065
C 저층부 확대,55,2.5,165.0,194325.2,546986.7,479.6,34.62,13.85,10,1600.0,1.6,194295.2,546944.7,52.0,71,49,1683.2,17.92,37580.0,400.0,166.25,4.08
B 층수·세장비,53,1.25,150.0,194319.2,546968.7,709.1,29.77,23.82,0,0.0,0.0,0.0,0.0,0.0,71,53,763.6,8.13,37580.0,400.0,160.35,4.047
B 층수·세장비,53,2.0,0.0,194331.2,546968.7,709.1,37.66,18.83,0,0.0,0.0,0.0,0.0,0.0,71,49,766.5,8.16,37580.0,400.0,160.35,4.072
B 층수·세장비,53,2.5,0.0,194331.2,546968.7,709.1,42.1,16.84,0,0.0,0.0,0.0,0.0,0.0,71,49,769.0,8.19,37580.0,400.0,160.35,4.07
B 층수·세장비,51,1.5,150.0,194319.2,546956.7,736.9,33.25,22.16,0,0.0,0.0,0.0,0.0,0.0,71,52,793.3,8.44,37580.0,400.0,154.45,4.077
C 저층부 확대,51,4.0,165.0,194307.2,546968.7,623.9,49.96,12.49,10,1200.0,1.6,194331.2,546968.7,52.0,71,44,1272.2,13.54,37580.0,400.0,154.45,4.042
C 저층부 확대,51,3.0,165.0,194307.2,546968.7,623.9,43.26,14.42,10,1200.0,1.6,194307.2,546956.7,52.0,71,58,1272.2,13.54,37580.0,400.0,154.45,4.095
C 저층부 확대,51,3.0,165.0,194307.2,546968.7,526.3,39.74,13.25,10,1600.0,4.0,194307.2,546968.7,52.0,71,47,1701.0,18.11,37580.0,400.0,154.45,4.057
C 저층부 확대,51,2.5,165.0,194307.2,546968.7,428.8,32.74,13.1,10,2000.0,1.6,194295.2,546968.7,52.0,71,48,2092.9,22.28,37580.0,400.0,154.45,4.085
C 저층부 확대,51,2.5,165.0,194325.2,546968.7,331.2,28.78,11.51,10,2400.0,2.2,194307.2,546968.7,52.0,71,39,2506.7,26.68,37580.0,400.0,154.45,4.08
B 층수·세장비,47,2.5,165.0,194319.2,546980.7,799.6,44.71,17.88,0,0.0,0.0,0.0,0.0,0.0,71,52,863.2,9.19,37580.0,400.0,142.65,4.073
C 저층부 확대,45,3.0,165.0,194325.2,546968.7,502.3,38.82,12.94,10,2000.0,3.0,194307.2,546968.7,52.0,71,39,2104.3,22.4,37580.0,400.0,136.75,4.064
B 층수·세장비,43,2.0,150.0,194331.2,546968.7,874.0,41.81,20.9,0,0.0,0.0,0.0,0.0,0.0,71,48,937.7,9.98,37580.0,400.0,130.85,4.065
C 저층부 확대,39,3.0,165.0,194325.2,546968.7,468.3,37.48,12.49,10,2400.0,2.2,194319.2,546968.7,52.0,71,36,2506.7,26.68,37580.0,400.0,119.05,4.1
C 저층부 확대,39,4.0,165.0,194325.2,546968.7,330.3,36.35,9.09,10,2800.0,3.0,194307.2,546968.7,52.0,71,33,2923.2,31.11,37580.0,400.0,119.05,4.089
C 저층부 확대,55,4.0,165.0,194325.2,546986.7,568.4,47.68,11.92,10,1200.0,4.0,194331.2,546956.7,52.0,72,39,1287.6,13.71,37580.0,400.0,166.25,4.05
C 저층부 확대,55,4.0,165.0,194325.2,546986.7,479.6,43.8,10.95,10,1600.0,1.6,194319.2,546968.7,52.0,72,43,1683.2,17.92,37580.0,400.0,166.25,4.061
C 저층부 확대,55,3.0,165.0,194307.2,546950.7,479.6,37.93,12.64,10,1600.0,2.2,194295.2,546944.7,52.0,72,55,1687.3,17.96,37580.0,400.0,166.25,4.158
B 층수·세장비,53,4.0,0.0,194319.2,546968.7,709.1,53.26,13.31,0,0.0,0.0,0.0,0.0,0.0,72,53,776.6,8.27,37580.0,400.0,160.35,4.066
C 저층부 확대,51,4.0,165.0,194307.2,546968.7,526.3,45.88,11.47,10,1600.0,2.2,194319.2,546980.7,52.0,72,38,1687.3,17.96,37580.0,400.0,154.45,4.05
B 층수·세장비,49,2.0,165.0,194331.2,546980.7,766.9,39.16,19.58,0,0.0,0.0,0.0,0.0,0.0,72,47,826.7,8.8,37580.0,400.0,148.55,4.071
B 층수·세장비,49,2.5,165.0,194319.2,546980.7,766.9,43.79,17.52,0,0.0,0.0,0.0,0.0,0.0,72,52,829.2,8.83,37580.0,400.0,148.55,4.073
C 저층부 확대,45,4.0,165.0,194307.2,546950.7,388.0,39.4,9.85,10,2400.0,3.0,194307.2,546956.7,52.0,72,49,2514.1,26.76,37580.0,400.0,136.75,4.13
B 층수·세장비,43,1.5,165.0,194331.2,546968.7,874.0,36.21,24.14,0,0.0,0.0,0.0,0.0,0.0,72,48,935.3,9.96,37580.0,400.0,130.85,4.073
B 층수·세장비,39,3.0,165.0,194331.2,546980.7,963.6,53.77,17.92,0,0.0,0.0,0.0,0.0,0.0,72,46,1036.3,11.03,37580.0,400.0,119.05,4.07
C 저층부 확대,51,3.0,165.0,194325.2,546986.7,721.5,46.52,15.51,10,800.0,3.0,194331.2,546968.7,52.0,73,40,866.3,9.22,37580.0,400.0,154.45,4.039
C 저층부 확대,51,2.5,165.0,194325.2,546986.7,721.5,42.47,16.99,10,800.0,2.2,194283.2,546932.7,52.0,73,46,862.0,9.18,37580.0,400.0,154.45,4.061
C 저층부 확대,51,4.0,165.0,194307.2,546968.7,623.9,49.96,12.49,10,1200.0,2.2,194319.2,546980.7,52.0,73,45,1275.7,13.58,37580.0,400.0,154.45,4.042
C 저층부 확대,51,4.0,165.0,194325.2,546986.7,623.9,49.96,12.49,10,1200.0,1.6,194295.2,546944.7,52.0,73,48,1272.2,13.54,37580.0,400.0,154.45,4.052
C 저층부 확대,51,2.5,165.0,194307.2,546968.7,623.9,39.49,15.8,10,1200.0,2.2,194295.2,546932.7,52.0,73,60,1275.7,13.58,37580.0,400.0,154.45,4.099
C 저층부 확대,51,3.0,165.0,194271.2,546932.7,526.3,39.74,13.25,10,1600.0,4.0,194319.2,546944.7,52.0,73,28,1701.0,18.11,37580.0,400.0,154.45,4.158
C 저층부 확대,51,2.5,165.0,194271.2,546932.7,526.3,36.27,14.51,10,1600.0,4.0,194319.2,546944.7,52.0,73,28,1701.0,18.11,37580.0,400.0,154.45,4.16
B 층수·세장비,49,2.0,0.0,194319.2,546968.7,766.9,39.16,19.58,0,0.0,0.0,0.0,0.0,0.0,73,52,826.7,8.8,37580.0,400.0,148.55,4.074
B 층수·세장비,45,1.25,165.0,194319.2,546968.7,835.1,32.31,25.85,0,0.0,0.0,0.0,0.0,0.0,73,53,894.3,9.52,37580.0,400.0,136.75,4.06
B 층수·세장비,45,1.5,150.0,194319.2,546968.7,835.1,35.39,23.6,0,0.0,0.0,0.0,0.0,0.0,73,53,895.1,9.53,37580.0,400.0,136.75,4.052
B 층수·세장비,45,4.0,150.0,194331.2,546980.7,835.1,57.8,14.45,0,0.0,0.0,0.0,0.0,0.0,73,43,908.4,9.67,37580.0,400.0,136.75,4.034
B 층수·세장비,41,3.0,165.0,194331.2,546980.7,916.6,52.44,17.48,0,0.0,0.0,0.0,0.0,0.0,73,46,987.5,10.51,37580.0,400.0,124.95,4.071
B 층수·세장비,39,1.25,150.0,194319.2,546968.7,963.6,34.71,27.76,0,0.0,0.0,0.0,0.0,0.0,73,53,1027.1,10.93,37580.0,400.0,119.05,4.056
B 층수·세장비,39,2.5,165.0,194319.2,546980.7,963.6,49.08,19.63,0,0.0,0.0,0.0,0.0,0.0,73,50,1033.3,11.0,37580.0,400.0,119.05,4.068
C 저층부 확대,39,2.5,165.0,194325.2,546968.7,468.3,34.22,13.69,10,2400.0,1.6,194295.2,546956.7,52.0,73,39,2501.7,26.63,37580.0,400.0,119.05,4.094
C 저층부 확대,39,2.5,165.0,194325.2,546968.7,330.3,28.74,11.5,10,2800.0,3.0,194307.2,546968.7,52.0,73,33,2923.2,31.11,37580.0,400.0,119.05,4.095
D 미세조정,39,2.0,175.0,194299.2,546960.7,330.3,25.7,12.85,10,2800.0,1.6,194295.2,546944.7,52.0,73,39,2909.8,30.97,37580.0,400.0,119.05,4.219
D 미세조정,39,2.25,175.0,194299.2,546960.7,330.3,27.26,12.12,10,2800.0,1.6,194295.2,546944.7,52.0,73,39,2909.8,30.97,37580.0,400.0,119.05,4.22
D 미세조정,39,2.5,175.0,194299.2,546960.7,330.3,28.74,11.5,10,2800.0,1.6,194295.2,546944.7,52.0,73,42,2909.8,30.97,37580.0,400.0,119.05,4.221
D 미세조정,39,2.75,175.0,194299.2,546960.7,330.3,30.14,10.96,10,2800.0,1.6,194295.2,546944.7,52.0,73,42,2909.8,30.97,37580.0,400.0,119.05,4.22
D 미세조정,39,3.125,175.0,194299.2,546960.7,330.3,32.13,10.28,10,2800.0,1.6,194295.2,546944.7,52.0,73,42,2909.8,30.97,37580.0,400.0,119.05,4.219
B 층수·세장비,55,1.5,150.0,194331.2,546980.7,683.3,32.01,21.34,0,0.0,0.0,0.0,0.0,0.0,74,51,737.6,7.85,37580.0,400.0,166.25,4.061
C 저층부 확대,55,3.0,165.0,194307.2,546968.7,657.3,44.41,14.8,10,800.0,1.6,194295.2,546932.7,52.0,74,60,859.1,9.14,37580.0,400.0,166.25,4.078
C 저층부 확대,55,4.0,165.0,194307.2,546968.7,568.4,47.68,11.92,10,1200.0,3.0,194307.2,546980.7,52.0,74,43,1281.0,13.63,37580.0,400.0,166.25,4.035
C 저층부 확대,55,3.0,165.0,194325.2,546968.7,390.7,34.23,11.41,10,2000.0,1.6,194283.2,546956.7,52.0,74,24,2092.9,22.28,37580.0,400.0,166.25,4.05
C 저층부 확대,51,3.0,165.0,194325.2,546986.7,623.9,43.26,14.42,10,1200.0,4.0,194331.2,546956.7,52.0,74,39,1287.6,13.71,37580.0,400.0,154.45,4.052
C 저층부 확대,51,2.5,165.0,194307.2,546968.7,623.9,39.49,15.8,10,1200.0,3.0,194307.2,546944.7,52.0,74,60,1281.0,13.63,37580.0,400.0,154.45,4.094
C 저층부 확대,51,2.5,165.0,194307.2,546968.7,526.3,36.27,14.51,10,1600.0,2.2,194283.2,546956.7,52.0,74,33,1687.3,17.96,37580.0,400.0,154.45,4.087
C 저층부 확대,51,2.5,165.0,194325.2,546968.7,526.3,36.27,14.51,10,1600.0,1.6,194307.2,546968.7,52.0,74,43,1683.2,17.92,37580.0,400.0,154.45,4.063
B 층수·세장비,49,2.0,150.0,194331.2,546980.7,766.9,39.16,19.58,0,0.0,0.0,0.0,0.0,0.0,74,47,826.7,8.8,37580.0,400.0,148.55,4.061
B 층수·세장비,45,2.5,165.0,194319.2,546980.7,835.1,45.69,18.28,0,0.0,0.0,0.0,0.0,0.0,74,52,900.1,9.58,37580.0,400.0,136.75,4.071
C 저층부 확대,45,3.0,165.0,194307.2,546968.7,730.9,46.82,15.61,10,1200.0,3.0,194307.2,546944.7,52.0,74,58,1281.0,13.63,37580.0,400.0,136.75,4.086
C 저층부 확대,45,4.0,165.0,194325.2,546968.7,616.6,49.66,12.42,10,1600.0,1.6,194295.2,546956.7,52.0,74,40,1683.2,17.92,37580.0,400.0,136.75,4.046
C 저층부 확대,45,3.0,165.0,194307.2,546950.7,616.6,43.01,14.34,10,1600.0,4.0,194307.2,546944.7,52.0,74,57,1701.0,18.11,37580.0,400.0,136.75,4.124
C 저층부 확대,45,4.0,165.0,194325.2,546986.7,388.0,39.4,9.85,10,2400.0,2.2,194295.2,546956.7,52.0,74,31,2506.7,26.68,37580.0,400.0,136.75,4.076
B 층수·세장비,43,2.0,165.0,194331.2,546980.7,874.0,41.81,20.9,0,0.0,0.0,0.0,0.0,0.0,74,47,937.7,9.98,37580.0,400.0,130.85,4.072
B 층수·세장비,43,2.5,150.0,194319.2,546980.7,874.0,46.74,18.7,0,0.0,0.0,0.0,0.0,0.0,74,54,940.4,10.01,37580.0,400.0,130.85,4.039
C 저층부 확대,39,3.0,165.0,194307.2,546968.7,744.1,47.25,15.75,10,1600.0,4.0,194295.2,546956.7,52.0,74,45,1701.0,18.11,37580.0,400.0,119.05,4.084
C 저층부 확대,39,3.0,165.0,194325.2,546968.7,744.1,47.25,15.75,10,1600.0,1.6,194319.2,546980.7,52.0,74,32,1683.2,17.92,37580.0,400.0,119.05,4.059
C 저층부 확대,39,2.5,165.0,194307.2,546968.7,744.1,43.13,17.25,10,1600.0,1.6,194319.2,546956.7,52.0,74,53,1683.2,17.92,37580.0,400.0,119.05,4.095
B 층수·세장비,55,1.25,165.0,194331.2,546980.7,683.3,29.22,23.38,0,0.0,0.0,0.0,0.0,0.0,75,48,736.9,7.84,37580.0,400.0,166.25,4.053
C 저층부 확대,55,4.0,165.0,194325.2,546968.7,390.7,39.53,9.88,10,2000.0,1.6,194283.2,546956.7,52.0,75,24,2092.9,22.28,37580.0,400.0,166.25,4.047
C 저층부 확대,55,4.0,165.0,194325.2,546986.7,390.7,39.53,9.88,10,2000.0,2.2,194307.2,546968.7,52.0,75,41,2097.5,22.33,37580.0,400.0,166.25,4.057
B 층수·세장비,53,1.5,150.0,194331.2,546980.7,709.1,32.61,21.74,0,0.0,0.0,0.0,0.0,0.0,75,49,764.4,8.14,37580.0,400.0,160.35,4.06
B 층수·세장비,51,1.5,0.0,194331.2,546968.7,736.9,33.25,22.16,0,0.0,0.0,0.0,0.0,0.0,75,49,793.3,8.44,37580.0,400.0,154.45,4.063
B 층수·세장비,51,1.5,150.0,194331.2,546980.7,736.9,33.25,22.16,0,0.0,0.0,0.0,0.0,0.0,75,49,793.3,8.44,37580.0,400.0,154.45,4.058
B 층수·세장비,51,2.0,0.0,194319.2,546968.7,736.9,38.39,19.19,0,0.0,0.0,0.0,0.0,0.0,75,53,795.4,8.47,37580.0,400.0,154.45,4.075
C 저층부 확대,51,3.0,165.0,194307.2,546950.7,526.3,39.74,13.25,10,1600.0,2.2,194283.2,546944.7,52.0,75,39,1687.3,17.96,37580.0,400.0,154.45,4.151
C 저층부 확대,51,3.0,165.0,194307.2,546968.7,526.3,39.74,13.25,10,1600.0,2.2,194319.2,546980.7,52.0,75,38,1687.3,17.96,37580.0,400.0,154.45,4.056
C 저층부 확대,51,4.0,165.0,194307.2,546950.7,331.2,36.4,9.1,10,2400.0,1.6,194295.2,546956.7,52.0,75,45,2501.7,26.63,37580.0,400.0,154.45,4.138
C 저층부 확대,51,4.0,165.0,194325.2,546968.7,331.2,36.4,9.1,10,2400.0,3.0,194295.2,546968.7,52.0,75,24,2514.1,26.76,37580.0,400.0,154.45,4.05
B 층수·세장비,49,1.25,150.0,194331.2,546968.7,766.9,30.96,24.77,0,0.0,0.0,0.0,0.0,0.0,75,49,823.7,8.77,37580.0,400.0,148.55,4.054
B 층수·세장비,47,1.25,150.0,194331.2,546968.7,799.6,31.61,25.29,0,0.0,0.0,0.0,0.0,0.0,75,49,857.5,9.13,37580.0,400.0,142.65,4.054
B 층수·세장비,47,2.0,150.0,194319.2,546980.7,799.6,39.99,19.99,0,0.0,0.0,0.0,0.0,0.0,75,55,860.6,9.16,37580.0,400.0,142.65,4.046
C 저층부 확대,45,2.5,165.0,194307.2,546968.7,730.9,42.75,17.1,10,1200.0,3.0,194307.2,546944.7,52.0,75,58,1281.0,13.63,37580.0,400.0,136.75,4.089
C 저층부 확대,45,2.5,165.0,194271.2,546950.7,388.0,31.14,12.46,10,2400.0,1.6,194295.2,546944.7,52.0,75,33,2501.7,26.63,37580.0,400.0,136.75,4.221
B 층수·세장비,39,3.0,150.0,194331.2,546980.7,963.6,53.77,17.92,0,0.0,0.0,0.0,0.0,0.0,75,42,1036.3,11.03,37580.0,400.0,119.05,4.054
B 층수·세장비,39,4.0,150.0,194331.2,546980.7,963.6,62.08,15.52,0,0.0,0.0,0.0,0.0,0.0,75,43,1042.2,11.09,37580.0,400.0,119.05,4.032
C 저층부 확대,39,2.5,165.0,194325.2,546986.7,744.1,43.13,17.25,10,1600.0,3.0,194307.2,546956.7,52.0,75,46,1693.4,18.02,37580.0,400.0,119.05,4.064
C 저층부 확대,39,2.5,165.0,194307.2,546968.7,606.2,38.93,15.57,10,2000.0,4.0,194295.2,546956.7,52.0,75,40,2112.8,22.49,37580.0,400.0,119.05,4.099
B 층수·세장비,55,1.25,0.0,194331.2,546968.7,683.3,29.22,23.38,0,0.0,0.0,0.0,0.0,0.0,76,49,736.9,7.84,37580.0,400.0,166.25,4.049
B 층수·세장비,55,1.25,150.0,194319.2,546980.7,683.3,29.22,23.38,0,0.0,0.0,0.0,0.0,0.0,76,56,736.9,7.84,37580.0,400.0,166.25,4.041
C 저층부 확대,55,2.5,165.0,194271.2,546950.7,568.4,37.7,15.08,10,1200.0,1.6,194295.2,546944.7,52.0,76,44,1272.2,13.54,37580.0,400.0,166.25,4.194
C 저층부 확대,55,4.0,165.0,194307.2,546968.7,479.6,43.8,10.95,10,1600.0,4.0,194307.2,546980.7,52.0,76,34,1701.0,18.11,37580.0,400.0,166.25,4.018
C 저층부 확대,55,4.0,165.0,194271.2,546932.7,390.7,39.53,9.88,10,2000.0,2.2,194295.2,546944.7,52.0,76,25,2097.5,22.33,37580.0,400.0,166.25,4.19
B 층수·세장비,53,1.25,150.0,194331.2,546980.7,709.1,29.77,23.82,0,0.0,0.0,0.0,0.0,0.0,76,50,763.6,8.13,37580.0,400.0,160.35,4.051
C 저층부 확대,51,2.5,165.0,194325.2,546986.7,721.5,42.47,16.99,10,800.0,1.6,194271.2,546944.7,52.0,76,28,859.1,9.14,37580.0,400.0,154.45,4.043
C 저층부 확대,51,2.5,165.0,194325.2,546986.7,623.9,39.49,15.8,10,1200.0,1.6,194307.2,546956.7,52.0,76,47,1272.2,13.54,37580.0,400.0,154.45,4.047
B 층수·세장비,49,1.5,0.0,194331.2,546968.7,766.9,33.92,22.61,0,0.0,0.0,0.0,0.0,0.0,76,49,824.5,8.78,37580.0,400.0,148.55,4.065
B 층수·세장비,49,1.5,165.0,194331.2,546980.7,766.9,33.92,22.61,0,0.0,0.0,0.0,0.0,0.0,76,47,824.5,8.78,37580.0,400.0,148.55,4.061
B 층수·세장비,47,3.0,165.0,194307.2,546968.7,799.6,48.98,16.33,0,0.0,0.0,0.0,0.0,0.0,76,57,865.9,9.22,37580.0,400.0,142.65,4.082
B 층수·세장비,45,3.0,165.0,194307.2,546968.7,835.1,50.05,16.68,0,0.0,0.0,0.0,0.0,0.0,76,57,902.8,9.61,37580.0,400.0,136.75,4.081
C 저층부 확대,45,4.0,165.0,194307.2,546968.7,616.6,49.66,12.42,10,1600.0,3.0,194295.2,546968.7,52.0,76,45,1693.4,18.02,37580.0,400.0,136.75,4.051
C 저층부 확대,45,4.0,165.0,194289.2,546950.7,502.3,44.82,11.21,10,2000.0,2.2,194295.2,546932.7,52.0,76,48,2097.5,22.33,37580.0,400.0,136.75,4.195
C 저층부 확대,45,4.0,165.0,194325.2,546968.7,388.0,39.4,9.85,10,2400.0,1.6,194283.2,546956.7,52.0,76,19,2501.7,26.63,37580.0,400.0,136.75,4.061
B 층수·세장비,41,2.5,150.0,194331.2,546980.7,916.6,47.87,19.15,0,0.0,0.0,0.0,0.0,0.0,76,45,984.6,10.48,37580.0,400.0,124.95,4.056
C 저층부 확대,39,3.0,165.0,194307.2,546968.7,882.1,51.44,17.15,10,1200.0,1.6,194319.2,546968.7,52.0,76,52,1272.2,13.54,37580.0,400.0,119.05,4.065
C 저층부 확대,39,4.0,165.0,194325.2,546968.7,468.3,43.28,10.82,10,2400.0,2.2,194283.2,546956.7,52.0,76,16,2506.7,26.68,37580.0,400.0,119.05,4.063
A 방위·위치,55,2.0,0.0,194271.2,546944.7,683.3,36.97,18.48,0,0.0,0.0,0.0,0.0,0.0,77,40,739.7,7.87,37580.0,400.0,166.25,4.219
A 방위·위치,55,2.0,0.0,194319.2,546980.7,683.3,36.97,18.48,0,0.0,0.0,0.0,0.0,0.0,77,52,739.7,7.87,37580.0,400.0,166.25,4.061
A 방위·위치,55,2.0,135.0,194331.2,546968.7,683.3,36.97,18.48,0,0.0,0.0,0.0,0.0,0.0,77,49,739.7,7.87,37580.0,400.0,166.25,4.025
C 저층부 확대,55,2.5,165.0,194307.2,546950.7,657.3,40.54,16.22,10,800.0,3.0,194307.2,546944.7,52.0,77,56,866.3,9.22,37580.0,400.0,166.25,4.122
C 저층부 확대,55,2.5,165.0,194325.2,546986.7,657.3,40.54,16.22,10,800.0,4.0,194307.2,546968.7,52.0,77,45,871.7,9.28,37580.0,400.0,166.25,4.019
B 층수·세장비,53,1.5,60.0,194331.2,546956.7,709.1,32.61,21.74,0,0.0,0.0,0.0,0.0,0.0,77,48,764.4,8.14,37580.0,400.0,160.35,4.025
B 층수·세장비,51,3.0,165.0,194307.2,546968.7,736.9,47.02,15.67,0,0.0,0.0,0.0,0.0,0.0,77,57,800.6,8.52,37580.0,400.0,154.45,4.084
C 저층부 확대,51,3.0,165.0,194307.2,546968.7,721.5,46.52,15.51,10,800.0,1.6,194319.2,546944.7,52.0,77,58,859.1,9.14,37580.0,400.0,154.45,4.076
C 저층부 확대,51,3.0,165.0,194307.2,546968.7,721.5,46.52,15.51,10,800.0,2.2,194295.2,546944.7,52.0,77,57,862.0,9.18,37580.0,400.0,154.45,4.072
C 저층부 확대,51,3.0,165.0,194307.2,546968.7,721.5,46.52,15.51,10,800.0,4.0,194295.2,546944.7,52.0,77,57,871.7,9.28,37580.0,400.0,154.45,4.071
C 저층부 확대,51,4.0,165.0,194325.2,546968.7,623.9,49.96,12.49,10,1200.0,3.0,194307.2,546980.7,52.0,77,34,1281.0,13.63,37580.0,400.0,154.45,4.009
C 저층부 확대,51,2.5,165.0,194307.2,546950.7,623.9,39.49,15.8,10,1200.0,1.6,194283.2,546944.7,52.0,77,45,1272.2,13.54,37580.0,400.0,154.45,4.128
C 저층부 확대,51,2.5,165.0,194325.2,546968.7,428.8,32.74,13.1,10,2000.0,3.0,194283.2,546956.7,52.0,77,21,2104.3,22.4,37580.0,400.0,154.45,4.051
B 층수·세장비,45,2.5,165.0,194307.2,546956.7,835.1,45.69,18.28,0,0.0,0.0,0.0,0.0,0.0,77,54,900.1,9.58,37580.0,400.0,136.75,4.11
C 저층부 확대,45,4.0,165.0,194325.2,546968.7,616.6,49.66,12.42,10,1600.0,2.2,194319.2,546980.7,52.0,77,32,1687.3,17.96,37580.0,400.0,136.75,4.04
C 저층부 확대,45,3.0,165.0,194307.2,546950.7,616.6,43.01,14.34,10,1600.0,2.2,194307.2,546956.7,52.0,77,56,1687.3,17.96,37580.0,400.0,136.75,4.117
C 저층부 확대,45,3.0,165.0,194307.2,546968.7,616.6,43.01,14.34,10,1600.0,3.0,194319.2,546956.7,52.0,77,49,1693.4,18.02,37580.0,400.0,136.75,4.073
C 저층부 확대,45,2.5,165.0,194307.2,546968.7,616.6,39.26,15.7,10,1600.0,4.0,194307.2,546944.7,52.0,77,59,1701.0,18.11,37580.0,400.0,136.75,4.098
C 저층부 확대,45,4.0,165.0,194271.2,546932.7,502.3,44.82,11.21,10,2000.0,2.2,194307.2,546944.7,52.0,77,27,2097.5,22.33,37580.0,400.0,136.75,4.185
C 저층부 확대,45,3.0,165.0,194325.2,546986.7,502.3,38.82,12.94,10,2000.0,1.6,194319.2,546968.7,52.0,77,38,2092.9,22.28,37580.0,400.0,136.75,4.072
C 저층부 확대,45,2.5,165.0,194307.2,546950.7,388.0,31.14,12.46,10,2400.0,1.6,194295.2,546956.7,52.0,77,45,2501.7,26.63,37580.0,400.0,136.75,4.147
B 층수·세장비,41,2.0,150.0,194319.2,546980.7,916.6,42.82,21.41,0,0.0,0.0,0.0,0.0,0.0,77,54,981.8,10.45,37580.0,400.0,124.95,4.049
B 층수·세장비,39,2.5,150.0,194331.2,546980.7,963.6,49.08,19.63,0,0.0,0.0,0.0,0.0,0.0,77,44,1033.3,11.0,37580.0,400.0,119.05,4.059
C 저층부 확대,39,3.0,165.0,194325.2,546986.7,606.2,42.65,14.22,10,2000.0,1.6,194307.2,546956.7,52.0,77,45,2092.9,22.28,37580.0,400.0,119.05,4.073
A 방위·위치,55,2.0,150.0,194271.2,546944.7,683.3,36.97,18.48,0,0.0,0.0,0.0,0.0,0.0,78,50,739.7,7.87,37580.0,400.0,166.25,4.173
A 방위·위치,55,2.0,150.0,194331.2,546992.7,683.3,36.97,18.48,0,0.0,0.0,0.0,0.0,0.0,78,47,739.7,7.87,37580.0,400.0,166.25,4.071
B 층수·세장비,55,2.5,0.0,194331.2,546980.7,683.3,41.33,16.53,0,0.0,0.0,0.0,0.0,0.0,78,51,742.1,7.9,37580.0,400.0,166.25,4.055
B 층수·세장비,55,3.0,0.0,194319.2,546980.7,683.3,45.27,15.09,0,0.0,0.0,0.0,0.0,0.0,78,52,744.6,7.93,37580.0,400.0,166.25,4.058
C 저층부 확대,55,2.5,165.0,194307.2,546968.7,657.3,40.54,16.22,10,800.0,1.6,194295.2,546944.7,52.0,78,57,859.1,9.14,37580.0,400.0,166.25,4.078
C 저층부 확대,55,2.5,165.0,194307.2,546968.7,657.3,40.54,16.22,10,800.0,3.0,194295.2,546932.7,52.0,78,58,866.3,9.22,37580.0,400.0,166.25,4.08
C 저층부 확대,55,2.5,165.0,194307.2,546968.7,657.3,40.54,16.22,10,800.0,4.0,194307.2,546932.7,52.0,78,58,871.7,9.28,37580.0,400.0,166.25,4.079
C 저층부 확대,55,2.5,165.0,194325.2,546968.7,657.3,40.54,16.22,10,800.0,3.0,194307.2,546980.7,52.0,78,40,866.3,9.22,37580.0,400.0,166.25,4.02
C 저층부 확대,55,2.5,165.0,194307.2,546950.7,479.6,34.62,13.85,10,1600.0,3.0,194307.2,546944.7,52.0,78,57,1693.4,18.02,37580.0,400.0,166.25,4.136
C 저층부 확대,55,4.0,165.0,194325.2,546986.7,390.7,39.53,9.88,10,2000.0,4.0,194307.2,546968.7,52.0,78,41,2112.8,22.49,37580.0,400.0,166.25,4.049
B 층수·세장비,53,1.25,60.0,194319.2,546968.7,709.1,29.77,23.82,0,0.0,0.0,0.0,0.0,0.0,78,54,763.6,8.13,37580.0,400.0,160.35,4.018
B 층수·세장비,53,1.25,150.0,194319.2,546956.7,709.1,29.77,23.82,0,0.0,0.0,0.0,0.0,0.0,78,52,763.6,8.13,37580.0,400.0,160.35,4.072
C 저층부 확대,51,3.0,165.0,194325.2,546986.7,721.5,46.52,15.51,10,800.0,1.6,194319.2,546980.7,52.0,78,46,859.1,9.14,37580.0,400.0,154.45,4.036
C 저층부 확대,51,3.0,165.0,194271.2,546932.7,331.2,31.52,10.51,10,2400.0,4.0,194307.2,546944.7,52.0,78,23,2523.5,26.86,37580.0,400.0,154.45,4.176
B 층수·세장비,49,1.25,0.0,194331.2,546968.7,766.9,30.96,24.77,0,0.0,0.0,0.0,0.0,0.0,78,49,823.7,8.77,37580.0,400.0,148.55,4.055
B 층수·세장비,45,1.25,150.0,194319.2,546980.7,835.1,32.31,25.85,0,0.0,0.0,0.0,0.0,0.0,78,54,894.3,9.52,37580.0,400.0,136.75,4.036
C 저층부 확대,45,4.0,165.0,194271.2,546932.7,502.3,44.82,11.21,10,2000.0,4.0,194307.2,546944.7,52.0,78,26,2112.8,22.49,37580.0,400.0,136.75,4.167
C 저층부 확대,45,3.0,165.0,194307.2,546950.7,502.3,38.82,12.94,10,2000.0,4.0,194319.2,546944.7,52.0,78,48,2112.8,22.49,37580.0,400.0,136.75,4.119
B 층수·세장비,43,1.25,165.0,194331.2,546968.7,874.0,33.05,26.44,0,0.0,0.0,0.0,0.0,0.0,78,48,934.4,9.95,37580.0,400.0,130.85,4.066
B 층수·세장비,39,1.5,150.0,194319.2,546980.7,963.6,38.02,25.35,0,0.0,0.0,0.0,0.0,0.0,78,54,1028.0,10.94,37580.0,400.0,119.05,4.049
C 저층부 확대,39,4.0,165.0,194289.2,546950.7,468.3,43.28,10.82,10,2400.0,1.6,194283.2,546944.7,52.0,78,26,2501.7,26.63,37580.0,400.0,119.05,4.211
C 저층부 확대,39,2.5,165.0,194307.2,546950.7,330.3,28.74,11.5,10,2800.0,1.6,194295.2,546956.7,52.0,78,40,2909.8,30.97,37580.0,400.0,119.05,4.166
A 방위·위치,55,2.0,0.0,194331.2,546980.7,683.3,36.97,18.48,0,0.0,0.0,0.0,0.0,0.0,79,51,739.7,7.87,37580.0,400.0,166.25,4.053
A 방위·위치,55,2.0,135.0,194319.2,546968.7,683.3,36.97,18.48,0,0.0,0.0,0.0,0.0,0.0,79,53,739.7,7.87,37580.0,400.0,166.25,4.018
C 저층부 확대,55,2.5,165.0,194307.2,546950.7,657.3,40.54,16.22,10,800.0,2.2,194319.2,546944.7,52.0,79,55,862.0,9.18,37580.0,400.0,166.25,4.117
C 저층부 확대,55,4.0,165.0,194325.2,546968.7,568.4,47.68,11.92,10,1200.0,4.0,194307.2,546980.7,52.0,79,32,1287.6,13.71,37580.0,400.0,166.25,4.002
C 저층부 확대,55,2.5,165.0,194307.2,546950.7,568.4,37.7,15.08,10,1200.0,4.0,194307.2,546944.7,52.0,79,58,1287.6,13.71,37580.0,400.0,166.25,4.12
C 저층부 확대,55,2.5,165.0,194307.2,546968.7,568.4,37.7,15.08,10,1200.0,2.2,194295.2,546968.7,52.0,79,49,1275.7,13.58,37580.0,400.0,166.25,4.071
B 층수·세장비,53,2.0,135.0,194319.2,546968.7,709.1,37.66,18.83,0,0.0,0.0,0.0,0.0,0.0,79,53,766.5,8.16,37580.0,400.0,160.35,4.018
C 저층부 확대,51,3.0,165.0,194307.2,546968.7,721.5,46.52,15.51,10,800.0,3.0,194283.2,546944.7,52.0,79,48,866.3,9.22,37580.0,400.0,154.45,4.062
C 저층부 확대,51,3.0,165.0,194325.2,546986.7,721.5,46.52,15.51,10,800.0,4.0,194331.2,546968.7,52.0,79,39,871.7,9.28,37580.0,400.0,154.45,4.032
C 저층부 확대,51,3.0,165.0,194307.2,546950.7,623.9,43.26,14.42,10,1200.0,4.0,194307.2,546944.7,52.0,79,58,1287.6,13.71,37580.0,400.0,154.45,4.115
C 저층부 확대,51,4.0,165.0,194325.2,546968.7,526.3,45.88,11.47,10,1600.0,2.2,194283.2,546956.7,52.0,79,24,1687.3,17.96,37580.0,400.0,154.45,4.03
B 층수·세장비,47,2.5,165.0,194307.2,546956.7,799.6,44.71,17.88,0,0.0,0.0,0.0,0.0,0.0,79,54,863.2,9.19,37580.0,400.0,142.65,4.11
B 층수·세장비,45,1.5,150.0,194319.2,546980.7,835.1,35.39,23.6,0,0.0,0.0,0.0,0.0,0.0,79,54,895.1,9.53,37580.0,400.0,136.75,4.04
C 저층부 확대,45,3.0,165.0,194307.2,546968.7,845.1,50.35,16.78,10,800.0,1.6,194319.2,546956.7,52.0,79,56,913.3,9.72,37580.0,400.0,136.75,4.068
C 저층부 확대,45,2.5,165.0,194325.2,546968.7,845.1,45.97,18.39,10,800.0,2.2,194307.2,546980.7,52.0,79,38,910.5,9.69,37580.0,400.0,136.75,4.021
C 저층부 확대,45,2.5,165.0,194325.2,546986.7,845.1,45.97,18.39,10,800.0,2.2,194319.2,546968.7,52.0,79,45,910.5,9.69,37580.0,400.0,136.75,4.035
C 저층부 확대,45,3.0,165.0,194325.2,546968.7,730.9,46.82,15.61,10,1200.0,2.2,194307.2,546980.7,52.0,79,36,1275.7,13.58,37580.0,400.0,136.75,4.019
C 저층부 확대,45,4.0,165.0,194325.2,546968.7,616.6,49.66,12.42,10,1600.0,4.0,194295.2,546968.7,52.0,79,32,1701.0,18.11,37580.0,400.0,136.75,4.021
C 저층부 확대,45,2.5,165.0,194307.2,546968.7,616.6,39.26,15.7,10,1600.0,2.2,194307.2,546956.7,52.0,79,58,1687.3,17.96,37580.0,400.0,136.75,4.098
C 저층부 확대,45,3.0,165.0,194307.2,546950.7,502.3,38.82,12.94,10,2000.0,2.2,194283.2,546956.7,52.0,79,24,2097.5,22.33,37580.0,400.0,136.75,4.125
C 저층부 확대,45,2.5,165.0,194289.2,546950.7,502.3,35.44,14.17,10,2000.0,1.6,194283.2,546944.7,52.0,79,30,2092.9,22.28,37580.0,400.0,136.75,4.204
C 저층부 확대,45,2.5,165.0,194307.2,546950.7,502.3,35.44,14.17,10,2000.0,2.2,194319.2,546956.7,52.0,79,49,2097.5,22.33,37580.0,400.0,136.75,4.119
C 저층부 확대,45,3.0,165.0,194307.2,546950.7,388.0,34.12,11.37,10,2400.0,4.0,194307.2,546956.7,52.0,79,41,2523.5,26.86,37580.0,400.0,136.75,4.123
B 층수·세장비,43,1.5,0.0,194331.2,546968.7,874.0,36.21,24.14,0,0.0,0.0,0.0,0.0,0.0,79,49,935.3,9.96,37580.0,400.0,130.85,4.069
B 층수·세장비,41,1.5,165.0,194319.2,546980.7,916.6,37.08,24.72,0,0.0,0.0,0.0,0.0,0.0,79,52,979.4,10.42,37580.0,400.0,124.95,4.06
C 저층부 확대,39,2.5,165.0,194271.2,546932.7,468.3,34.22,13.69,10,2400.0,3.0,194307.2,546944.7,52.0,79,24,2514.1,26.76,37580.0,400.0,119.05,4.197
C 저층부 확대,39,2.5,165.0,194307.2,546950.7,468.3,34.22,13.69,10,2400.0,1.6,194283.2,546956.7,52.0,79,24,2501.7,26.63,37580.0,400.0,119.05,4.15
C 저층부 확대,39,2.5,165.0,194271.2,546932.7,330.3,28.74,11.5,10,2800.0,2.2,194295.2,546944.7,52.0,79,23,2915.2,31.03,37580.0,400.0,119.05,4.227
C 저층부 확대,55,2.5,165.0,194325.2,546968.7,657.3,40.54,16.22,10,800.0,4.0,194307.2,546980.7,52.0,80,40,871.7,9.28,37580.0,400.0,166.25,4.013
C 저층부 확대,55,2.5,165.0,194325.2,546986.7,657.3,40.54,16.22,10,800.0,3.0,194307.2,546968.7,52.0,80,46,866.3,9.22,37580.0,400.0,166.25,4.02
C 저층부 확대,55,3.0,165.0,194307.2,546950.7,568.4,41.3,13.77,10,1200.0,1.6,194307.2,546956.7,52.0,80,56,1272.2,13.54,37580.0,400.0,166.25,4.12
B 층수·세장비,53,3.0,0.0,194331.2,546980.7,709.1,46.12,15.37,0,0.0,0.0,0.0,0.0,0.0,80,51,771.6,8.21,37580.0,400.0,160.35,4.053
B 층수·세장비,51,2.5,135.0,194331.2,546968.7,736.9,42.92,17.17,0,0.0,0.0,0.0,0.0,0.0,80,47,798.0,8.49,37580.0,400.0,154.45,4.01
C 저층부 확대,51,3.0,165.0,194325.2,546968.7,721.5,46.52,15.51,10,800.0,2.2,194307.2,546992.7,52.0,80,35,862.0,9.18,37580.0,400.0,154.45,4.005
C 저층부 확대,51,3.0,165.0,194325.2,546968.7,721.5,46.52,15.51,10,800.0,3.0,194307.2,546992.7,52.0,80,32,866.3,9.22,37580.0,400.0,154.45,3.996
C 저층부 확대,51,2.5,165.0,194307.2,546968.7,721.5,42.47,16.99,10,800.0,1.6,194307.2,546956.7,52.0,80,57,859.1,9.14,37580.0,400.0,154.45,4.082
C 저층부 확대,51,4.0,165.0,194325.2,546968.7,526.3,45.88,11.47,10,1600.0,3.0,194307.2,546980.7,52.0,80,31,1693.4,18.02,37580.0,400.0,154.45,4.013
C 저층부 확대,51,2.5,165.0,194307.2,546950.7,526.3,36.27,14.51,10,1600.0,1.6,194295.2,546956.7,52.0,80,49,1683.2,17.92,37580.0,400.0,154.45,4.128
B 층수·세장비,49,1.25,150.0,194331.2,546980.7,766.9,30.96,24.77,0,0.0,0.0,0.0,0.0,0.0,80,45,823.7,8.77,37580.0,400.0,148.55,4.048
B 층수·세장비,47,1.5,0.0,194331.2,546968.7,799.6,34.63,23.09,0,0.0,0.0,0.0,0.0,0.0,80,49,858.3,9.14,37580.0,400.0,142.65,4.063
C 저층부 확대,45,4.0,165.0,194307.2,546968.7,730.9,54.07,13.52,10,1200.0,2.2,194283.2,546968.7,52.0,80,41,1275.7,13.58,37580.0,400.0,136.75,4.034
C 저층부 확대,45,2.5,165.0,194307.2,546950.7,616.6,39.26,15.7,10,1600.0,3.0,194283.2,546956.7,52.0,80,28,1693.4,18.02,37580.0,400.0,136.75,4.111
C 저층부 확대,45,3.0,165.0,194325.2,546968.7,502.3,38.82,12.94,10,2000.0,1.6,194307.2,546980.7,52.0,80,34,2092.9,22.28,37580.0,400.0,136.75,4.042
C 저층부 확대,45,3.0,165.0,194325.2,546968.7,388.0,34.12,11.37,10,2400.0,2.2,194307.2,546980.7,52.0,80,29,2506.7,26.68,37580.0,400.0,136.75,4.04
B 층수·세장비,41,1.5,0.0,194331.2,546968.7,916.6,37.08,24.72,0,0.0,0.0,0.0,0.0,0.0,80,49,979.4,10.42,37580.0,400.0,124.95,4.074
B 층수·세장비,41,1.5,150.0,194319.2,546980.7,916.6,37.08,24.72,0,0.0,0.0,0.0,0.0,0.0,80,54,979.4,10.42,37580.0,400.0,124.95,4.046
B 층수·세장비,39,2.0,150.0,194331.2,546980.7,963.6,43.9,21.95,0,0.0,0.0,0.0,0.0,0.0,80,45,1030.4,10.97,37580.0,400.0,119.05,4.062
C 저층부 확대,39,2.5,165.0,194325.2,546986.7,882.1,46.96,18.78,10,1200.0,4.0,194295.2,546944.7,52.0,80,39,1287.6,13.71,37580.0,400.0,119.05,4.038
C 저층부 확대,39,3.0,165.0,194307.2,546968.7,606.2,42.65,14.22,10,2000.0,1.6,194331.2,546968.7,52.0,80,43,2092.9,22.28,37580.0,400.0,119.05,4.072
C 저층부 확대,39,2.5,165.0,194325.2,546986.7,330.3,28.74,11.5,10,2800.0,3.0,194295.2,546968.7,52.0,80,21,2923.2,31.11,37580.0,400.0,119.05,4.08
B 층수·세장비,55,4.0,0.0,194331.2,546980.7,683.3,52.28,13.07,0,0.0,0.0,0.0,0.0,0.0,81,50,749.6,7.98,37580.0,400.0,166.25,4.04
C 저층부 확대,55,3.0,165.0,194325.2,546986.7,657.3,44.41,14.8,10,800.0,1.6,194307.2,546968.7,52.0,81,45,859.1,9.14,37580.0,400.0,166.25,4.018
C 저층부 확대,55,3.0,165.0,194307.2,546968.7,479.6,37.93,12.64,10,1600.0,4.0,194307.2,546980.7,52.0,81,35,1701.0,18.11,37580.0,400.0,166.25,4.024
B 층수·세장비,53,2.0,165.0,194307.2,546956.7,709.1,37.66,18.83,0,0.0,0.0,0.0,0.0,0.0,81,55,766.5,8.16,37580.0,400.0,160.35,4.112
B 층수·세장비,51,1.25,135.0,194331.2,546968.7,736.9,30.35,24.28,0,0.0,0.0,0.0,0.0,0.0,81,49,792.5,8.44,37580.0,400.0,154.45,4.035
B 층수·세장비,51,2.5,0.0,194331.2,546980.7,736.9,42.92,17.17,0,0.0,0.0,0.0,0.0,0.0,81,51,798.0,8.49,37580.0,400.0,154.45,4.058
B 층수·세장비,51,3.0,0.0,194331.2,546980.7,736.9,47.02,15.67,0,0.0,0.0,0.0,0.0,0.0,81,50,800.6,8.52,37580.0,400.0,154.45,4.051
C 저층부 확대,51,4.0,165.0,194325.2,546968.7,623.9,49.96,12.49,10,1200.0,2.2,194295.2,546968.7,52.0,81,38,1275.7,13.58,37580.0,400.0,154.45,4.011
C 저층부 확대,51,3.0,165.0,194307.2,546968.7,623.9,43.26,14.42,10,1200.0,2.2,194295.2,546968.7,52.0,81,49,1275.7,13.58,37580.0,400.0,154.45,4.066
C 저층부 확대,51,2.5,165.0,194325.2,546968.7,623.9,39.49,15.8,10,1200.0,2.2,194307.2,546980.7,52.0,81,38,1275.7,13.58,37580.0,400.0,154.45,4.022
C 저층부 확대,51,2.5,165.0,194325.2,546986.7,331.2,28.78,11.51,10,2400.0,4.0,194295.2,546968.7,52.0,81,15,2523.5,26.86,37580.0,400.0,154.45,4.05
B 층수·세장비,49,2.5,0.0,194319.2,546980.7,766.9,43.79,17.52,0,0.0,0.0,0.0,0.0,0.0,81,51,829.2,8.83,37580.0,400.0,148.55,4.066
B 층수·세장비,47,2.5,0.0,194319.2,546980.7,799.6,44.71,17.88,0,0.0,0.0,0.0,0.0,0.0,81,49,863.2,9.19,37580.0,400.0,142.65,4.066
C 저층부 확대,45,2.5,165.0,194325.2,546986.7,502.3,35.44,14.17,10,2000.0,3.0,194319.2,546968.7,52.0,81,37,2104.3,22.4,37580.0,400.0,136.75,4.061
C 저층부 확대,45,2.5,165.0,194271.2,546932.7,388.0,31.14,12.46,10,2400.0,3.0,194307.2,546944.7,52.0,81,26,2514.1,26.76,37580.0,400.0,136.75,4.191
C 저층부 확대,45,2.5,165.0,194307.2,546950.7,388.0,31.14,12.46,10,2400.0,3.0,194319.2,546956.7,52.0,81,42,2514.1,26.76,37580.0,400.0,136.75,4.127
A 방위·위치,55,2.0,165.0,194307.2,546956.7,683.3,36.97,18.48,0,0.0,0.0,0.0,0.0,0.0,82,55,739.7,7.87,37580.0,400.0,166.25,4.111
C 저층부 확대,55,2.5,165.0,194307.2,546950.7,657.3,40.54,16.22,10,800.0,4.0,194319.2,546944.7,52.0,82,54,871.7,9.28,37580.0,400.0,166.25,4.104
C 저층부 확대,55,3.0,165.0,194307.2,546968.7,568.4,41.3,13.77,10,1200.0,3.0,194283.2,546968.7,52.0,82,37,1281.0,13.63,37580.0,400.0,166.25,4.052
C 저층부 확대,55,2.5,165.0,194325.2,546968.7,568.4,37.7,15.08,10,1200.0,2.2,194283.2,546956.7,52.0,82,32,1275.7,13.58,37580.0,400.0,166.25,4.027
B 층수·세장비,53,1.5,0.0,194319.2,546980.7,709.1,32.61,21.74,0,0.0,0.0,0.0,0.0,0.0,82,50,764.4,8.14,37580.0,400.0,160.35,4.053
B 층수·세장비,51,1.25,60.0,194331.2,546968.7,736.9,30.35,24.28,0,0.0,0.0,0.0,0.0,0.0,82,49,792.5,8.44,37580.0,400.0,154.45,4.02
C 저층부 확대,51,2.5,165.0,194307.2,546968.7,721.5,42.47,16.99,10,800.0,3.0,194319.2,546944.7,52.0,82,56,866.3,9.22,37580.0,400.0,154.45,4.074
C 저층부 확대,51,4.0,165.0,194325.2,546986.7,623.9,49.96,12.49,10,1200.0,2.2,194295.2,546956.7,52.0,82,44,1275.7,13.58,37580.0,400.0,154.45,4.016
C 저층부 확대,51,3.0,165.0,194325.2,546968.7,623.9,43.26,14.42,10,1200.0,2.2,194283.2,546956.7,52.0,82,31,1275.7,13.58,37580.0,400.0,154.45,4.023
C 저층부 확대,51,3.0,165.0,194325.2,546968.7,526.3,39.74,13.25,10,1600.0,2.2,194283.2,546956.7,52.0,82,24,1687.3,17.96,37580.0,400.0,154.45,4.034
C 저층부 확대,51,3.0,165.0,194325.2,546968.7,526.3,39.74,13.25,10,1600.0,3.0,194307.2,546980.7,52.0,82,31,1693.4,18.02,37580.0,400.0,154.45,4.016
C 저층부 확대,51,2.5,165.0,194325.2,546968.7,526.3,36.27,14.51,10,1600.0,3.0,194283.2,546956.7,52.0,82,22,1693.4,18.02,37580.0,400.0,154.45,4.035
C 저층부 확대,51,4.0,165.0,194307.2,546950.7,428.8,41.41,10.35,10,2000.0,1.6,194319.2,546956.7,52.0,82,52,2092.9,22.28,37580.0,400.0,154.45,4.122
C 저층부 확대,51,2.5,165.0,194271.2,546932.7,331.2,28.78,11.51,10,2400.0,1.6,194283.2,546956.7,52.0,82,25,2501.7,26.63,37580.0,400.0,154.45,4.19
B 층수·세장비,47,1.25,0.0,194331.2,546968.7,799.6,31.61,25.29,0,0.0,0.0,0.0,0.0,0.0,82,49,857.5,9.13,37580.0,400.0,142.65,4.054
B 층수·세장비,47,2.0,0.0,194319.2,546980.7,799.6,39.99,19.99,0,0.0,0.0,0.0,0.0,0.0,82,50,860.6,9.16,37580.0,400.0,142.65,4.065
B 층수·세장비,45,1.25,165.0,194319.2,546980.7,835.1,32.31,25.85,0,0.0,0.0,0.0,0.0,0.0,82,52,894.3,9.52,37580.0,400.0,136.75,4.046
B 층수·세장비,45,1.5,165.0,194331.2,546980.7,835.1,35.39,23.6,0,0.0,0.0,0.0,0.0,0.0,82,46,895.1,9.53,37580.0,400.0,136.75,4.058
B 층수·세장비,45,2.0,135.0,194331.2,546968.7,835.1,40.87,20.43,0,0.0,0.0,0.0,0.0,0.0,82,47,897.4,9.55,37580.0,400.0,136.75,4.027
C 저층부 확대,45,2.5,165.0,194325.2,546986.7,388.0,31.14,12.46,10,2400.0,3.0,194307.2,546968.7,52.0,82,36,2514.1,26.76,37580.0,400.0,136.75,4.068
B 층수·세장비,43,2.0,135.0,194331.2,546968.7,874.0,41.81,20.9,0,0.0,0.0,0.0,0.0,0.0,82,45,937.7,9.98,37580.0,400.0,130.85,4.031
B 층수·세장비,41,2.0,135.0,194331.2,546968.7,916.6,42.82,21.41,0,0.0,0.0,0.0,0.0,0.0,82,44,981.8,10.45,37580.0,400.0,124.95,4.038
C 저층부 확대,39,2.5,165.0,194325.2,546986.7,744.1,43.13,17.25,10,1600.0,1.6,194319.2,546968.7,52.0,82,40,1683.2,17.92,37580.0,400.0,119.05,4.061
C 저층부 확대,39,4.0,165.0,194325.2,546986.7,606.2,49.24,12.31,10,2000.0,2.2,194295.2,546956.7,52.0,82,37,2097.5,22.33,37580.0,400.0,119.05,4.044
B 층수·세장비,51,1.25,0.0,194319.2,546980.7,736.9,30.35,24.28,0,0.0,0.0,0.0,0.0,0.0,83,50,792.5,8.44,37580.0,400.0,154.45,4.042
C 저층부 확대,51,2.5,165.0,194307.2,546950.7,331.2,28.78,11.51,10,2400.0,1.6,194319.2,546956.7,52.0,83,50,2501.7,26.63,37580.0,400.0,154.45,4.143
B 층수·세장비,45,1.5,0.0,194331.2,546980.7,835.1,35.39,23.6,0,0.0,0.0,0.0,0.0,0.0,83,50,895.1,9.53,37580.0,400.0,136.75,4.049
C 저층부 확대,45,3.0,165.0,194307.2,546968.7,845.1,50.35,16.78,10,800.0,4.0,194283.2,546956.7,52.0,83,44,913.3,9.72,37580.0,400.0,136.75,4.044
C 저층부 확대,45,4.0,165.0,194307.2,546968.7,730.9,54.07,13.52,10,1200.0,3.0,194295.2,546980.7,52.0,83,45,1281.0,13.63,37580.0,400.0,136.75,4.022
C 저층부 확대,45,3.0,165.0,194325.2,546986.7,388.0,34.12,11.37,10,2400.0,1.6,194319.2,546980.7,52.0,83,29,2501.7,26.63,37580.0,400.0,136.75,4.056
B 층수·세장비,41,1.5,135.0,194331.2,546968.7,916.6,37.08,24.72,0,0.0,0.0,0.0,0.0,0.0,83,44,979.4,10.42,37580.0,400.0,124.95,4.048
C 저층부 확대,39,3.0,165.0,194307.2,546968.7,882.1,51.44,17.15,10,1200.0,2.2,194307.2,546980.7,52.0,83,45,1275.7,13.58,37580.0,400.0,119.05,4.048
C 저층부 확대,39,2.5,165.0,194325.2,546968.7,882.1,46.96,18.78,10,1200.0,1.6,194319.2,546992.7,52.0,83,38,1272.2,13.54,37580.0,400.0,119.05,4.032
C 저층부 확대,39,4.0,165.0,194325.2,546986.7,468.3,43.28,10.82,10,2400.0,1.6,194295.2,546956.7,52.0,83,35,2501.7,26.63,37580.0,400.0,119.05,4.064
A 방위·위치,55,2.0,60.0,194331.2,546956.7,683.3,36.97,18.48,0,0.0,0.0,0.0,0.0,0.0,84,48,739.7,7.87,37580.0,400.0,166.25,3.992
A 방위·위치,55,2.0,135.0,194271.2,546932.7,683.3,36.97,18.48,0,0.0,0.0,0.0,0.0,0.0,84,39,739.7,7.87,37580.0,400.0,166.25,4.153
A 방위·위치,55,2.0,135.0,194343.2,546980.7,683.3,36.97,18.48,0,0.0,0.0,0.0,0.0,0.0,84,45,739.7,7.87,37580.0,400.0,166.25,4.031
B 층수·세장비,55,1.5,135.0,194319.2,546980.7,683.3,32.01,21.34,0,0.0,0.0,0.0,0.0,0.0,84,55,737.6,7.85,37580.0,400.0,166.25,4.019
C 저층부 확대,55,4.0,165.0,194325.2,546986.7,657.3,51.28,12.82,10,800.0,1.6,194283.2,546956.7,52.0,84,36,859.1,9.14,37580.0,400.0,166.25,4.008
C 저층부 확대,55,2.5,165.0,194307.2,546950.7,657.3,40.54,16.22,10,800.0,1.6,194283.2,546956.7,52.0,84,47,859.1,9.14,37580.0,400.0,166.25,4.099
C 저층부 확대,51,3.0,165.0,194325.2,546968.7,721.5,46.52,15.51,10,800.0,4.0,194307.2,546992.7,52.0,84,28,871.7,9.28,37580.0,400.0,154.45,3.983
C 저층부 확대,51,2.5,165.0,194307.2,546950.7,623.9,39.49,15.8,10,1200.0,2.2,194283.2,546956.7,52.0,84,38,1275.7,13.58,37580.0,400.0,154.45,4.109
B 층수·세장비,45,2.5,0.0,194319.2,546980.7,835.1,45.69,18.28,0,0.0,0.0,0.0,0.0,0.0,84,49,900.1,9.58,37580.0,400.0,136.75,4.067
C 저층부 확대,45,3.0,165.0,194307.2,546968.7,845.1,50.35,16.78,10,800.0,2.2,194283.2,546956.7,52.0,84,47,913.3,9.72,37580.0,400.0,136.75,4.043
B 층수·세장비,43,1.25,0.0,194331.2,546968.7,874.0,33.05,26.44,0,0.0,0.0,0.0,0.0,0.0,84,49,934.4,9.95,37580.0,400.0,130.85,4.06
B 층수·세장비,43,2.5,0.0,194319.2,546980.7,874.0,46.74,18.7,0,0.0,0.0,0.0,0.0,0.0,84,49,940.4,10.01,37580.0,400.0,130.85,4.068
C 저층부 확대,39,2.5,165.0,194307.2,546968.7,882.1,46.96,18.78,10,1200.0,1.6,194283.2,546944.7,52.0,84,44,1272.2,13.54,37580.0,400.0,119.05,4.073
C 저층부 확대,39,3.0,165.0,194307.2,546968.7,744.1,47.25,15.75,10,1600.0,2.2,194295.2,546968.7,52.0,84,47,1687.3,17.96,37580.0,400.0,119.05,4.072
C 저층부 확대,39,3.0,165.0,194307.2,546968.7,606.2,42.65,14.22,10,2000.0,3.0,194283.2,546968.7,52.0,84,26,2104.3,22.4,37580.0,400.0,119.05,4.064
C 저층부 확대,39,2.5,165.0,194289.2,546950.7,606.2,38.93,15.57,10,2000.0,1.6,194283.2,546944.7,52.0,84,29,2092.9,22.28,37580.0,400.0,119.05,4.208
C 저층부 확대,39,2.5,165.0,194307.2,546950.7,468.3,34.22,13.69,10,2400.0,3.0,194319.2,546956.7,52.0,84,42,2514.1,26.76,37580.0,400.0,119.05,4.126
A 방위·위치,55,2.0,15.0,194319.2,546968.7,683.3,36.97,18.48,0,0.0,0.0,0.0,0.0,0.0,85,53,739.7,7.87,37580.0,400.0,166.25,4.043
A 방위·위치,55,2.0,135.0,194319.2,546980.7,683.3,36.97,18.48,0,0.0,0.0,0.0,0.0,0.0,85,55,739.7,7.87,37580.0,400.0,166.25,4.01
B 층수·세장비,55,1.25,0.0,194319.2,546956.7,683.3,29.22,23.38,0,0.0,0.0,0.0,0.0,0.0,85,52,736.9,7.84,37580.0,400.0,166.25,4.075
B 층수·세장비,55,1.25,135.0,194319.2,546980.7,683.3,29.22,23.38,0,0.0,0.0,0.0,0.0,0.0,85,56,736.9,7.84,37580.0,400.0,166.25,4.019
C 저층부 확대,55,3.0,165.0,194325.2,546968.7,657.3,44.41,14.8,10,800.0,1.6,194295.2,546980.7,52.0,85,36,859.1,9.14,37580.0,400.0,166.25,3.994
C 저층부 확대,55,2.5,165.0,194307.2,546968.7,568.4,37.7,15.08,10,1200.0,3.0,194307.2,546980.7,52.0,85,43,1281.0,13.63,37580.0,400.0,166.25,4.041
C 저층부 확대,55,2.5,165.0,194307.2,546950.7,479.6,34.62,13.85,10,1600.0,1.6,194319.2,546956.7,52.0,85,54,1683.2,17.92,37580.0,400.0,166.25,4.116
C 저층부 확대,55,4.0,165.0,194307.2,546950.7,390.7,39.53,9.88,10,2000.0,3.0,194307.2,546956.7,52.0,85,55,2104.3,22.4,37580.0,400.0,166.25,4.117
C 저층부 확대,55,3.0,165.0,194289.2,546950.7,390.7,34.23,11.41,10,2000.0,2.2,194295.2,546932.7,52.0,85,49,2097.5,22.33,37580.0,400.0,166.25,4.201
C 저층부 확대,55,2.5,165.0,194325.2,546986.7,390.7,31.25,12.5,10,2000.0,2.2,194307.2,546980.7,52.0,85,34,2097.5,22.33,37580.0,400.0,166.25,4.03
B 층수·세장비,51,1.5,0.0,194319.2,546956.7,736.9,33.25,22.16,0,0.0,0.0,0.0,0.0,0.0,85,52,793.3,8.44,37580.0,400.0,154.45,4.088
B 층수·세장비,51,4.0,0.0,194319.2,546980.7,736.9,54.29,13.57,0,0.0,0.0,0.0,0.0,0.0,85,50,805.7,8.58,37580.0,400.0,154.45,4.055
C 저층부 확대,51,2.5,165.0,194307.2,546968.7,623.9,39.49,15.8,10,1200.0,4.0,194319.2,546956.7,52.0,85,51,1287.6,13.71,37580.0,400.0,154.45,4.059
C 저층부 확대,51,3.0,165.0,194325.2,546986.7,428.8,35.87,11.96,10,2000.0,2.2,194307.2,546980.7,52.0,85,32,2097.5,22.33,37580.0,400.0,154.45,4.031
B 층수·세장비,49,1.25,0.0,194319.2,546956.7,766.9,30.96,24.77,0,0.0,0.0,0.0,0.0,0.0,85,52,823.7,8.77,37580.0,400.0,148.55,4.08
B 층수·세장비,47,4.0,0.0,194319.2,546980.7,799.6,56.55,14.14,0,0.0,0.0,0.0,0.0,0.0,85,49,871.3,9.27,37580.0,400.0,142.65,4.056
C 저층부 확대,45,2.5,165.0,194325.2,546986.7,845.1,45.97,18.39,10,800.0,1.6,194343.2,546968.7,52.0,85,37,910.5,9.69,37580.0,400.0,136.75,4.036
C 저층부 확대,45,3.0,165.0,194307.2,546968.7,730.9,46.82,15.61,10,1200.0,4.0,194319.2,546956.7,52.0,85,48,1287.6,13.71,37580.0,400.0,136.75,4.055
C 저층부 확대,45,3.0,165.0,194307.2,546968.7,616.6,43.01,14.34,10,1600.0,1.6,194331.2,546968.7,52.0,85,43,1683.2,17.92,37580.0,400.0,136.75,4.055
C 저층부 확대,45,3.0,165.0,194325.2,546968.7,616.6,43.01,14.34,10,1600.0,2.2,194295.2,546968.7,52.0,85,40,1687.3,17.96,37580.0,400.0,136.75,4.025
B 층수·세장비,41,1.25,165.0,194331.2,546980.7,916.6,33.85,27.08,0,0.0,0.0,0.0,0.0,0.0,85,45,978.5,10.42,37580.0,400.0,124.95,4.051
B 층수·세장비,39,1.25,165.0,194331.2,546980.7,963.6,34.71,27.76,0,0.0,0.0,0.0,0.0,0.0,85,45,1027.1,10.93,37580.0,400.0,119.05,4.055
C 저층부 확대,39,3.0,165.0,194325.2,546968.7,606.2,42.65,14.22,10,2000.0,1.6,194295.2,546968.7,52.0,85,38,2092.9,22.28,37580.0,400.0,119.05,4.044
C 저층부 확대,39,2.5,165.0,194325.2,546986.7,606.2,38.93,15.57,10,2000.0,3.0,194319.2,546968.7,52.0,85,37,2104.3,22.4,37580.0,400.0,119.05,4.062
C 저층부 확대,55,3.0,165.0,194325.2,546986.7,568.4,41.3,13.77,10,1200.0,2.2,194307.2,546980.7,52.0,86,37,1275.7,13.58,37580.0,400.0,166.25,4.009
B 층수·세장비,53,1.25,135.0,194319.2,546968.7,709.1,29.77,23.82,0,0.0,0.0,0.0,0.0,0.0,86,55,763.6,8.13,37580.0,400.0,160.35,4.029
B 층수·세장비,53,1.5,135.0,194319.2,546968.7,709.1,32.61,21.74,0,0.0,0.0,0.0,0.0,0.0,86,54,764.4,8.14,37580.0,400.0,160.35,4.028
B 층수·세장비,53,2.0,135.0,194319.2,546980.7,709.1,37.66,18.83,0,0.0,0.0,0.0,0.0,0.0,86,54,766.5,8.16,37580.0,400.0,160.35,4.01
C 저층부 확대,51,2.5,165.0,194307.2,546950.7,721.5,42.47,16.99,10,800.0,3.0,194307.2,546956.7,52.0,86,53,866.3,9.22,37580.0,400.0,154.45,4.1
C 저층부 확대,51,2.5,165.0,194325.2,546986.7,428.8,32.74,13.1,10,2000.0,2.2,194307.2,546980.7,52.0,86,34,2097.5,22.33,37580.0,400.0,154.45,4.031
B 층수·세장비,47,2.0,60.0,194331.2,546956.7,799.6,39.99,19.99,0,0.0,0.0,0.0,0.0,0.0,86,47,860.6,9.16,37580.0,400.0,142.65,4.001
B 층수·세장비,45,1.25,0.0,194331.2,546980.7,835.1,32.31,25.85,0,0.0,0.0,0.0,0.0,0.0,86,50,894.3,9.52,37580.0,400.0,136.75,4.042
C 저층부 확대,45,2.5,165.0,194307.2,546968.7,730.9,42.75,17.1,10,1200.0,4.0,194319.2,546956.7,52.0,86,48,1287.6,13.71,37580.0,400.0,136.75,4.056
C 저층부 확대,45,2.5,165.0,194325.2,546986.7,616.6,39.26,15.7,10,1600.0,2.2,194307.2,546968.7,52.0,86,42,1687.3,17.96,37580.0,400.0,136.75,4.041
C 저층부 확대,45,3.0,165.0,194307.2,546968.7,502.3,38.82,12.94,10,2000.0,3.0,194295.2,546980.7,52.0,86,37,2104.3,22.4,37580.0,400.0,136.75,4.037
C 저층부 확대,45,2.5,165.0,194325.2,546986.7,502.3,35.44,14.17,10,2000.0,1.6,194319.2,546980.7,52.0,86,35,2092.9,22.28,37580.0,400.0,136.75,4.05
C 저층부 확대,45,4.0,165.0,194289.2,546950.7,388.0,39.4,9.85,10,2400.0,2.2,194295.2,546944.7,52.0,86,36,2506.7,26.68,37580.0,400.0,136.75,4.178
C 저층부 확대,45,3.0,165.0,194307.2,546950.7,388.0,34.12,11.37,10,2400.0,1.6,194307.2,546968.7,52.0,86,46,2501.7,26.63,37580.0,400.0,136.75,4.113
B 층수·세장비,43,1.25,135.0,194331.2,546968.7,874.0,33.05,26.44,0,0.0,0.0,0.0,0.0,0.0,86,46,934.4,9.95,37580.0,400.0,130.85,4.045
B 층수·세장비,43,2.0,0.0,194331.2,546980.7,874.0,41.81,20.9,0,0.0,0.0,0.0,0.0,0.0,86,50,937.7,9.98,37580.0,400.0,130.85,4.063
B 층수·세장비,41,1.25,60.0,194331.2,546968.7,916.6,33.85,27.08,0,0.0,0.0,0.0,0.0,0.0,86,45,978.5,10.42,37580.0,400.0,124.95,4.037
B 층수·세장비,41,1.25,150.0,194331.2,546980.7,916.6,33.85,27.08,0,0.0,0.0,0.0,0.0,0.0,86,43,978.5,10.42,37580.0,400.0,124.95,4.048
B 층수·세장비,39,1.25,60.0,194331.2,546968.7,963.6,34.71,27.76,0,0.0,0.0,0.0,0.0,0.0,86,44,1027.1,10.93,37580.0,400.0,119.05,4.042
B 층수·세장비,39,1.5,0.0,194319.2,546980.7,963.6,38.02,25.35,0,0.0,0.0,0.0,0.0,0.0,86,49,1028.0,10.94,37580.0,400.0,119.05,4.063
B 층수·세장비,55,2.5,135.0,194319.2,546980.7,683.3,41.33,16.53,0,0.0,0.0,0.0,0.0,0.0,87,54,742.1,7.9,37580.0,400.0,166.25,3.997
C 저층부 확대,55,2.5,165.0,194307.2,546968.7,657.3,40.54,16.22,10,800.0,2.2,194271.2,546944.7,52.0,87,39,862.0,9.18,37580.0,400.0,166.25,4.057
B 층수·세장비,53,2.5,135.0,194319.2,546980.7,709.1,42.1,16.84,0,0.0,0.0,0.0,0.0,0.0,87,54,769.0,8.19,37580.0,400.0,160.35,3.993
B 층수·세장비,51,2.0,135.0,194319.2,546980.7,736.9,38.39,19.19,0,0.0,0.0,0.0,0.0,0.0,87,54,795.4,8.47,37580.0,400.0,154.45,4.008
C 저층부 확대,51,3.0,165.0,194307.2,546968.7,623.9,43.26,14.42,10,1200.0,3.0,194307.2,546980.7,52.0,87,43,1281.0,13.63,37580.0,400.0,154.45,4.036
C 저층부 확대,51,4.0,165.0,194307.2,546950.7,428.8,41.41,10.35,10,2000.0,3.0,194283.2,546956.7,52.0,87,26,2104.3,22.4,37580.0,400.0,154.45,4.105
B 층수·세장비,47,1.25,150.0,194319.2,546956.7,799.6,31.61,25.29,0,0.0,0.0,0.0,0.0,0.0,87,51,857.5,9.13,37580.0,400.0,142.65,4.074
C 저층부 확대,45,3.0,165.0,194325.2,546986.7,730.9,46.82,15.61,10,1200.0,1.6,194295.2,546956.7,52.0,87,40,1272.2,13.54,37580.0,400.0,136.75,4.013
B 층수·세장비,39,1.25,0.0,194331.2,546968.7,963.6,34.71,27.76,0,0.0,0.0,0.0,0.0,0.0,87,47,1027.1,10.93,37580.0,400.0,119.05,4.066
C 저층부 확대,39,2.5,165.0,194307.2,546968.7,1020.0,50.5,20.2,10,800.0,2.2,194295.2,546944.7,52.0,87,54,1091.7,11.62,37580.0,400.0,119.05,4.06
C 저층부 확대,39,2.5,165.0,194307.2,546968.7,1020.0,50.5,20.2,10,800.0,4.0,194295.2,546944.7,52.0,87,54,1091.7,11.62,37580.0,400.0,119.05,4.059
C 저층부 확대,39,3.0,165.0,194307.2,546950.7,606.2,42.65,14.22,10,2000.0,1.6,194319.2,546980.7,52.0,87,34,2092.9,22.28,37580.0,400.0,119.05,4.072
C 저층부 확대,39,4.0,165.0,194307.2,546950.7,330.3,36.35,9.09,10,2800.0,4.0,194295.2,546968.7,52.0,87,12,2933.3,31.22,37580.0,400.0,119.05,4.087
C 저층부 확대,39,3.0,165.0,194307.2,546950.7,330.3,31.48,10.49,10,2800.0,2.2,194307.2,546968.7,52.0,87,39,2915.2,31.03,37580.0,400.0,119.05,4.122
A 방위·위치,55,2.0,135.0,194271.2,546944.7,683.3,36.97,18.48,0,0.0,0.0,0.0,0.0,0.0,88,47,739.7,7.87,37580.0,400.0,166.25,4.147
A 방위·위치,55,2.0,135.0,194331.2,546980.7,683.3,36.97,18.48,0,0.0,0.0,0.0,0.0,0.0,88,43,739.7,7.87,37580.0,400.0,166.25,4.02
C 저층부 확대,55,4.0,165.0,194307.2,546968.7,657.3,51.28,12.82,10,800.0,4.0,194271.2,546968.7,52.0,88,26,871.7,9.28,37580.0,400.0,166.25,4.002
C 저층부 확대,55,3.0,165.0,194307.2,546968.7,657.3,44.41,14.8,10,800.0,1.6,194319.2,546992.7,52.0,88,48,859.1,9.14,37580.0,400.0,166.25,4.032
C 저층부 확대,55,3.0,165.0,194307.2,546968.7,657.3,44.41,14.8,10,800.0,3.0,194307.2,546980.7,52.0,88,48,866.3,9.22,37580.0,400.0,166.25,4.041
C 저층부 확대,55,4.0,165.0,194325.2,546968.7,568.4,47.68,11.92,10,1200.0,3.0,194283.2,546968.7,52.0,88,28,1281.0,13.63,37580.0,400.0,166.25,3.984
B 층수·세장비,53,1.25,135.0,194319.2,546980.7,709.1,29.77,23.82,0,0.0,0.0,0.0,0.0,0.0,88,56,763.6,8.13,37580.0,400.0,160.35,4.021
B 층수·세장비,51,1.5,135.0,194319.2,546980.7,736.9,33.25,22.16,0,0.0,0.0,0.0,0.0,0.0,88,55,793.3,8.44,37580.0,400.0,154.45,4.021
C 저층부 확대,51,4.0,165.0,194271.2,546932.7,526.3,45.88,11.47,10,1600.0,4.0,194319.2,546956.7,52.0,88,17,1701.0,18.11,37580.0,400.0,154.45,4.113
C 저층부 확대,51,2.5,165.0,194307.2,546968.7,526.3,36.27,14.51,10,1600.0,3.0,194307.2,546980.7,52.0,88,36,1693.4,18.02,37580.0,400.0,154.45,4.039
C 저층부 확대,45,2.5,165.0,194325.2,546968.7,845.1,45.97,18.39,10,800.0,3.0,194295.2,546980.7,52.0,88,34,910.5,9.69,37580.0,400.0,136.75,3.984
C 저층부 확대,45,2.5,165.0,194307.2,546950.7,616.6,39.26,15.7,10,1600.0,1.6,194295.2,546968.7,52.0,88,45,1683.2,17.92,37580.0,400.0,136.75,4.087
C 저층부 확대,45,2.5,165.0,194271.2,546950.7,502.3,35.44,14.17,10,2000.0,1.6,194307.2,546944.7,52.0,88,39,2092.9,22.28,37580.0,400.0,136.75,4.195
B 층수·세장비,43,1.25,165.0,194307.2,546956.7,874.0,33.05,26.44,0,0.0,0.0,0.0,0.0,0.0,88,48,934.4,9.95,37580.0,400.0,130.85,4.096
B 층수·세장비,39,1.25,150.0,194331.2,546980.7,963.6,34.71,27.76,0,0.0,0.0,0.0,0.0,0.0,88,43,1027.1,10.93,37580.0,400.0,119.05,4.052
C 저층부 확대,39,3.0,165.0,194307.2,546950.7,468.3,37.48,12.49,10,2400.0,2.2,194307.2,546968.7,52.0,88,44,2506.7,26.68,37580.0,400.0,119.05,4.106
C 저층부 확대,39,2.5,165.0,194325.2,546968.7,468.3,34.22,13.69,10,2400.0,3.0,194283.2,546968.7,52.0,88,16,2514.1,26.76,37580.0,400.0,119.05,4.041
A 방위·위치,55,2.0,45.0,194331.2,546956.7,683.3,36.97,18.48,0,0.0,0.0,0.0,0.0,0.0,89,49,739.7,7.87,37580.0,400.0,166.25,4.013
A 방위·위치,55,2.0,135.0,194331.2,546992.7,683.3,36.97,18.48,0,0.0,0.0,0.0,0.0,0.0,89,48,739.7,7.87,37580.0,400.0,166.25,4.021
A 방위·위치,55,2.0,165.0,194307.2,546968.7,683.3,36.97,18.48,0,0.0,0.0,0.0,0.0,0.0,89,58,739.7,7.87,37580.0,400.0,166.25,4.086
C 저층부 확대,55,2.5,165.0,194307.2,546950.7,568.4,37.7,15.08,10,1200.0,1.6,194319.2,546968.7,52.0,89,55,1272.2,13.54,37580.0,400.0,166.25,4.085
B 층수·세장비,51,1.25,150.0,194319.2,546992.7,736.9,30.35,24.28,0,0.0,0.0,0.0,0.0,0.0,89,53,792.5,8.44,37580.0,400.0,154.45,4.045
B 층수·세장비,51,1.5,135.0,194319.2,546968.7,736.9,33.25,22.16,0,0.0,0.0,0.0,0.0,0.0,89,54,793.3,8.44,37580.0,400.0,154.45,4.027
C 저층부 확대,51,3.0,165.0,194307.2,546950.7,623.9,43.26,14.42,10,1200.0,1.6,194331.2,546968.7,52.0,89,44,1272.2,13.54,37580.0,400.0,154.45,4.064
C 저층부 확대,51,3.0,165.0,194307.2,546950.7,428.8,35.87,11.96,10,2000.0,1.6,194319.2,546968.7,52.0,89,44,2092.9,22.28,37580.0,400.0,154.45,4.1
B 층수·세장비,49,1.25,60.0,194319.2,546980.7,766.9,30.96,24.77,0,0.0,0.0,0.0,0.0,0.0,89,55,823.7,8.77,37580.0,400.0,148.55,4.009
B 층수·세장비,49,1.5,135.0,194319.2,546980.7,766.9,33.92,22.61,0,0.0,0.0,0.0,0.0,0.0,89,55,824.5,8.78,37580.0,400.0,148.55,4.018
B 층수·세장비,47,1.25,150.0,194319.2,546992.7,799.6,31.61,25.29,0,0.0,0.0,0.0,0.0,0.0,89,52,857.5,9.13,37580.0,400.0,142.65,4.04
B 층수·세장비,47,2.0,135.0,194319.2,546980.7,799.6,39.99,19.99,0,0.0,0.0,0.0,0.0,0.0,89,53,860.6,9.16,37580.0,400.0,142.65,4.005
C 저층부 확대,45,2.5,165.0,194325.2,546968.7,502.3,35.44,14.17,10,2000.0,3.0,194307.2,546980.7,52.0,89,30,2104.3,22.4,37580.0,400.0,136.75,4.019
B 층수·세장비,43,2.5,165.0,194307.2,546968.7,874.0,46.74,18.7,0,0.0,0.0,0.0,0.0,0.0,89,55,940.4,10.01,37580.0,400.0,130.85,4.084
C 저층부 확대,39,2.5,165.0,194307.2,546968.7,1020.0,50.5,20.2,10,800.0,3.0,194283.2,546944.7,52.0,89,45,1091.7,11.62,37580.0,400.0,119.05,4.051
C 저층부 확대,39,3.0,165.0,194325.2,546986.7,468.3,37.48,12.49,10,2400.0,1.6,194307.2,546980.7,52.0,89,35,2501.7,26.63,37580.0,400.0,119.05,4.056
C 저층부 확대,39,3.0,165.0,194271.2,546950.7,330.3,31.48,10.49,10,2800.0,3.0,194307.2,546944.7,52.0,89,33,2923.2,31.11,37580.0,400.0,119.05,4.206
C 저층부 확대,55,3.0,165.0,194307.2,546950.7,568.4,41.3,13.77,10,1200.0,2.2,194295.2,546968.7,52.0,90,47,1275.7,13.58,37580.0,400.0,166.25,4.075
B 층수·세장비,53,1.5,135.0,194331.2,546980.7,709.1,32.61,21.74,0,0.0,0.0,0.0,0.0,0.0,90,44,764.4,8.14,37580.0,400.0,160.35,4.032
B 층수·세장비,53,3.0,135.0,194319.2,546968.7,709.1,46.12,15.37,0,0.0,0.0,0.0,0.0,0.0,90,52,771.6,8.21,37580.0,400.0,160.35,3.993
C 저층부 확대,51,3.0,165.0,194271.2,546932.7,526.3,39.74,13.25,10,1600.0,2.2,194319.2,546956.7,52.0,90,21,1687.3,17.96,37580.0,400.0,154.45,4.132
C 저층부 확대,51,2.5,165.0,194271.2,546932.7,526.3,36.27,14.51,10,1600.0,2.2,194319.2,546956.7,52.0,90,21,1687.3,17.96,37580.0,400.0,154.45,4.133
C 저층부 확대,51,2.5,165.0,194271.2,546932.7,331.2,28.78,11.51,10,2400.0,3.0,194319.2,546956.7,52.0,90,14,2514.1,26.76,37580.0,400.0,154.45,4.137
B 층수·세장비,49,1.25,150.0,194319.2,546956.7,766.9,30.96,24.77,0,0.0,0.0,0.0,0.0,0.0,90,52,823.7,8.77,37580.0,400.0,148.55,4.071
B 층수·세장비,49,1.5,165.0,194307.2,546956.7,766.9,33.92,22.61,0,0.0,0.0,0.0,0.0,0.0,90,55,824.5,8.78,37580.0,400.0,148.55,4.098
B 층수·세장비,47,1.5,165.0,194307.2,546956.7,799.6,34.63,23.09,0,0.0,0.0,0.0,0.0,0.0,90,55,858.3,9.14,37580.0,400.0,142.65,4.102
B 층수·세장비,45,1.25,165.0,194307.2,546956.7,835.1,32.31,25.85,0,0.0,0.0,0.0,0.0,0.0,90,49,894.3,9.52,37580.0,400.0,136.75,4.094
C 저층부 확대,45,2.5,165.0,194307.2,546968.7,845.1,45.97,18.39,10,800.0,2.2,194295.2,546932.7,52.0,90,55,910.5,9.69,37580.0,400.0,136.75,4.067
C 저층부 확대,45,2.5,165.0,194307.2,546968.7,845.1,45.97,18.39,10,800.0,4.0,194295.2,546932.7,52.0,90,55,910.5,9.69,37580.0,400.0,136.75,4.068
C 저층부 확대,45,3.0,165.0,194289.2,546950.7,730.9,46.82,15.61,10,1200.0,1.6,194283.2,546944.7,52.0,90,39,1272.2,13.54,37580.0,400.0,136.75,4.17
C 저층부 확대,45,2.5,165.0,194325.2,546968.7,730.9,42.75,17.1,10,1200.0,2.2,194295.2,546980.7,52.0,90,36,1275.7,13.58,37580.0,400.0,136.75,3.997
C 저층부 확대,45,2.5,165.0,194325.2,546986.7,730.9,42.75,17.1,10,1200.0,1.6,194295.2,546956.7,52.0,90,41,1272.2,13.54,37580.0,400.0,136.75,4.015
C 저층부 확대,45,2.5,165.0,194307.2,546950.7,502.3,35.44,14.17,10,2000.0,4.0,194319.2,546956.7,52.0,90,43,2112.8,22.49,37580.0,400.0,136.75,4.097
B 층수·세장비,41,1.25,0.0,194319.2,546980.7,916.6,33.85,27.08,0,0.0,0.0,0.0,0.0,0.0,90,49,978.5,10.42,37580.0,400.0,124.95,4.047
B 층수·세장비,41,1.25,150.0,194319.2,546956.7,916.6,33.85,27.08,0,0.0,0.0,0.0,0.0,0.0,90,50,978.5,10.42,37580.0,400.0,124.95,4.084
C 저층부 확대,39,3.0,165.0,194307.2,546950.7,606.2,42.65,14.22,10,2000.0,3.0,194319.2,546968.7,52.0,90,42,2104.3,22.4,37580.0,400.0,119.05,4.087
C 저층부 확대,39,2.5,165.0,194271.2,546950.7,606.2,38.93,15.57,10,2000.0,1.6,194283.2,546956.7,52.0,90,33,2092.9,22.28,37580.0,400.0,119.05,4.202
C 저층부 확대,39,2.5,165.0,194289.2,546968.7,330.3,28.74,11.5,10,2800.0,1.6,194283.2,546956.7,52.0,90,25,2909.8,30.97,37580.0,400.0,119.05,4.192
A 방위·위치,55,2.0,15.0,194331.2,546968.7,683.3,36.97,18.48,0,0.0,0.0,0.0,0.0,0.0,91,51,739.7,7.87,37580.0,400.0,166.25,4.039
A 방위·위치,55,2.0,60.0,194331.2,546968.7,683.3,36.97,18.48,0,0.0,0.0,0.0,0.0,0.0,91,46,739.7,7.87,37580.0,400.0,166.25,3.97
A 방위·위치,55,2.0,120.0,194331.2,546968.7,683.3,36.97,18.48,0,0.0,0.0,0.0,0.0,0.0,91,46,739.7,7.87,37580.0,400.0,166.25,3.986
C 저층부 확대,55,3.0,165.0,194307.2,546968.7,657.3,44.41,14.8,10,800.0,4.0,194307.2,546980.7,52.0,91,48,871.7,9.28,37580.0,400.0,166.25,4.032
C 저층부 확대,55,2.5,165.0,194325.2,546968.7,568.4,37.7,15.08,10,1200.0,4.0,194295.2,546980.7,52.0,91,36,1287.6,13.71,37580.0,400.0,166.25,3.988
C 저층부 확대,55,2.5,165.0,194271.2,546950.7,479.6,34.62,13.85,10,1600.0,1.6,194283.2,546956.7,52.0,91,36,1683.2,17.92,37580.0,400.0,166.25,4.185
B 층수·세장비,51,1.25,60.0,194331.2,546980.7,736.9,30.35,24.28,0,0.0,0.0,0.0,0.0,0.0,91,45,792.5,8.44,37580.0,400.0,154.45,4.016
C 저층부 확대,51,2.5,165.0,194307.2,546950.7,721.5,42.47,16.99,10,800.0,2.2,194319.2,546956.7,52.0,91,54,862.0,9.18,37580.0,400.0,154.45,4.095
C 저층부 확대,51,3.0,165.0,194325.2,546968.7,623.9,43.26,14.42,10,1200.0,4.0,194295.2,546980.7,52.0,91,36,1287.6,13.71,37580.0,400.0,154.45,3.987
C 저층부 확대,51,4.0,165.0,194325.2,546986.7,526.3,45.88,11.47,10,1600.0,3.0,194283.2,546956.7,52.0,91,19,1693.4,18.02,37580.0,400.0,154.45,4.005
C 저층부 확대,51,3.0,165.0,194271.2,546932.7,428.8,35.87,11.96,10,2000.0,4.0,194307.2,546956.7,52.0,91,19,2112.8,22.49,37580.0,400.0,154.45,4.127
B 층수·세장비,49,1.5,135.0,194319.2,546968.7,766.9,33.92,22.61,0,0.0,0.0,0.0,0.0,0.0,91,54,824.5,8.78,37580.0,400.0,148.55,4.027
B 층수·세장비,49,2.0,135.0,194331.2,546980.7,766.9,39.16,19.58,0,0.0,0.0,0.0,0.0,0.0,91,43,826.7,8.8,37580.0,400.0,148.55,4.02
B 층수·세장비,47,1.25,60.0,194319.2,546980.7,799.6,31.61,25.29,0,0.0,0.0,0.0,0.0,0.0,91,55,857.5,9.13,37580.0,400.0,142.65,4.009
B 층수·세장비,47,1.5,135.0,194331.2,546980.7,799.6,34.63,23.09,0,0.0,0.0,0.0,0.0,0.0,91,43,858.3,9.14,37580.0,400.0,142.65,4.027
B 층수·세장비,47,2.5,60.0,194331.2,546956.7,799.6,44.71,17.88,0,0.0,0.0,0.0,0.0,0.0,91,44,863.2,9.19,37580.0,400.0,142.65,3.97
B 층수·세장비,45,1.25,60.0,194343.2,546968.7,835.1,32.31,25.85,0,0.0,0.0,0.0,0.0,0.0,91,45,894.3,9.52,37580.0,400.0,136.75,4.029
C 저층부 확대,45,3.0,165.0,194307.2,546968.7,845.1,50.35,16.78,10,800.0,3.0,194271.2,546956.7,52.0,91,25,913.3,9.72,37580.0,400.0,136.75,4.023
C 저층부 확대,45,2.5,165.0,194325.2,546968.7,845.1,45.97,18.39,10,800.0,4.0,194295.2,546980.7,52.0,91,34,910.5,9.69,37580.0,400.0,136.75,3.981
C 저층부 확대,45,4.0,165.0,194307.2,546950.7,502.3,44.82,11.21,10,2000.0,1.6,194331.2,546968.7,52.0,91,43,2092.9,22.28,37580.0,400.0,136.75,4.081
C 저층부 확대,39,2.5,165.0,194307.2,546968.7,882.1,46.96,18.78,10,1200.0,3.0,194319.2,546956.7,52.0,91,50,1281.0,13.63,37580.0,400.0,119.05,4.066
C 저층부 확대,39,3.0,165.0,194325.2,546968.7,744.1,47.25,15.75,10,1600.0,3.0,194283.2,546968.7,52.0,91,19,1693.4,18.02,37580.0,400.0,119.05,3.999
B 층수·세장비,51,1.25,135.0,194331.2,546980.7,736.9,30.35,24.28,0,0.0,0.0,0.0,0.0,0.0,92,45,792.5,8.44,37580.0,400.0,154.45,4.032
B 층수·세장비,51,3.0,135.0,194319.2,546980.7,736.9,47.02,15.67,0,0.0,0.0,0.0,0.0,0.0,92,53,800.6,8.52,37580.0,400.0,154.45,3.977
C 저층부 확대,51,4.0,165.0,194289.2,546950.7,526.3,45.88,11.47,10,1600.0,2.2,194283.2,546944.7,52.0,92,32,1687.3,17.96,37580.0,400.0,154.45,4.169
C 저층부 확대,51,3.0,165.0,194325.2,546986.7,526.3,39.74,13.25,10,1600.0,3.0,194283.2,546956.7,52.0,92,19,1693.4,18.02,37580.0,400.0,154.45,4.011
C 저층부 확대,51,4.0,165.0,194325.2,546968.7,428.8,41.41,10.35,10,2000.0,4.0,194295.2,546980.7,52.0,92,23,2112.8,22.49,37580.0,400.0,154.45,3.987
C 저층부 확대,45,2.5,165.0,194307.2,546968.7,845.1,45.97,18.39,10,800.0,1.6,194283.2,546944.7,52.0,92,51,910.5,9.69,37580.0,400.0,136.75,4.055
C 저층부 확대,45,4.0,165.0,194325.2,546986.7,502.3,44.82,11.21,10,2000.0,1.6,194283.2,546956.7,52.0,92,20,2092.9,22.28,37580.0,400.0,136.75,4.025
B 층수·세장비,43,1.5,150.0,194295.2,546968.7,874.0,36.21,24.14,0,0.0,0.0,0.0,0.0,0.0,92,49,935.3,9.96,37580.0,400.0,130.85,4.096
B 층수·세장비,41,2.5,0.0,194307.2,546956.7,916.6,47.87,19.15,0,0.0,0.0,0.0,0.0,0.0,92,57,984.6,10.48,37580.0,400.0,124.95,4.118
C 저층부 확대,39,3.0,165.0,194307.2,546968.7,1020.0,55.32,18.44,10,800.0,1.6,194295.2,546968.7,52.0,92,48,1094.8,11.65,37580.0,400.0,119.05,4.05
C 저층부 확대,39,3.0,165.0,194271.2,546932.7,330.3,31.48,10.49,10,2800.0,3.0,194307.2,546956.7,52.0,92,11,2923.2,31.11,37580.0,400.0,119.05,4.159
A 방위·위치,55,2.0,15.0,194319.2,546980.7,683.3,36.97,18.48,0,0.0,0.0,0.0,0.0,0.0,93,51,739.7,7.87,37580.0,400.0,166.25,4.028
A 방위·위치,55,2.0,15.0,194331.2,546980.7,683.3,36.97,18.48,0,0.0,0.0,0.0,0.0,0.0,93,52,739.7,7.87,37580.0,400.0,166.25,4.024
B 층수·세장비,55,1.5,60.0,194319.2,546968.7,683.3,32.01,21.34,0,0.0,0.0,0.0,0.0,0.0,93,55,737.6,7.85,37580.0,400.0,166.25,4.0
B 층수·세장비,55,4.0,135.0,194331.2,546980.7,683.3,52.28,13.07,0,0.0,0.0,0.0,0.0,0.0,93,41,749.6,7.98,37580.0,400.0,166.25,3.97
C 저층부 확대,55,2.5,165.0,194271.2,546950.7,568.4,37.7,15.08,10,1200.0,2.2,194283.2,546956.7,52.0,93,36,1275.7,13.58,37580.0,400.0,166.25,4.174
C 저층부 확대,55,2.5,165.0,194307.2,546950.7,390.7,31.25,12.5,10,2000.0,3.0,194307.2,546968.7,52.0,93,45,2104.3,22.4,37580.0,400.0,166.25,4.085
B 층수·세장비,53,1.5,60.0,194319.2,546980.7,709.1,32.61,21.74,0,0.0,0.0,0.0,0.0,0.0,93,55,764.4,8.14,37580.0,400.0,160.35,3.989
C 저층부 확대,51,2.5,165.0,194325.2,546986.7,721.5,42.47,16.99,10,800.0,2.2,194307.2,546992.7,52.0,93,34,862.0,9.18,37580.0,400.0,154.45,3.996
C 저층부 확대,51,2.5,165.0,194325.2,546986.7,721.5,42.47,16.99,10,800.0,3.0,194307.2,546992.7,52.0,93,34,866.3,9.22,37580.0,400.0,154.45,3.99
C 저층부 확대,51,2.5,165.0,194307.2,546950.7,623.9,39.49,15.8,10,1200.0,3.0,194331.2,546956.7,52.0,93,45,1281.0,13.63,37580.0,400.0,154.45,4.08
C 저층부 확대,51,3.0,165.0,194307.2,546950.7,526.3,39.74,13.25,10,1600.0,3.0,194307.2,546968.7,52.0,93,49,1693.4,18.02,37580.0,400.0,154.45,4.077
C 저층부 확대,51,2.5,165.0,194307.2,546950.7,526.3,36.27,14.51,10,1600.0,4.0,194307.2,546968.7,52.0,93,45,1701.0,18.11,37580.0,400.0,154.45,4.068
B 층수·세장비,49,1.25,60.0,194319.2,546968.7,766.9,30.96,24.77,0,0.0,0.0,0.0,0.0,0.0,93,54,823.7,8.77,37580.0,400.0,148.55,4.018
B 층수·세장비,49,2.0,165.0,194307.2,546968.7,766.9,39.16,19.58,0,0.0,0.0,0.0,0.0,0.0,93,56,826.7,8.8,37580.0,400.0,148.55,4.083
B 층수·세장비,47,1.25,135.0,194331.2,546980.7,799.6,31.61,25.29,0,0.0,0.0,0.0,0.0,0.0,93,44,857.5,9.13,37580.0,400.0,142.65,4.029
B 층수·세장비,47,2.5,135.0,194319.2,546980.7,799.6,44.71,17.88,0,0.0,0.0,0.0,0.0,0.0,93,54,863.2,9.19,37580.0,400.0,142.65,3.993
B 층수·세장비,45,2.0,150.0,194295.2,546968.7,835.1,40.87,20.43,0,0.0,0.0,0.0,0.0,0.0,93,49,897.4,9.55,37580.0,400.0,136.75,4.095
B 층수·세장비,45,2.0,165.0,194307.2,546968.7,835.1,40.87,20.43,0,0.0,0.0,0.0,0.0,0.0,93,56,897.4,9.55,37580.0,400.0,136.75,4.083
B 층수·세장비,45,2.5,60.0,194331.2,546956.7,835.1,45.69,18.28,0,0.0,0.0,0.0,0.0,0.0,93,43,900.1,9.58,37580.0,400.0,136.75,3.975
C 저층부 확대,45,4.0,165.0,194307.2,546950.7,502.3,44.82,11.21,10,2000.0,3.0,194295.2,546968.7,52.0,93,39,2104.3,22.4,37580.0,400.0,136.75,4.068
B 층수·세장비,43,2.0,165.0,194307.2,546968.7,874.0,41.81,20.9,0,0.0,0.0,0.0,0.0,0.0,93,56,937.7,9.98,37580.0,400.0,130.85,4.085
B 층수·세장비,43,3.0,0.0,194307.2,546956.7,874.0,51.2,17.07,0,0.0,0.0,0.0,0.0,0.0,93,58,943.2,10.04,37580.0,400.0,130.85,4.115
C 저층부 확대,39,3.0,165.0,194325.2,546986.7,744.1,47.25,15.75,10,1600.0,2.2,194307.2,546980.7,52.0,93,33,1687.3,17.96,37580.0,400.0,119.05,4.011
C 저층부 확대,39,2.5,165.0,194307.2,546950.7,606.2,38.93,15.57,10,2000.0,2.2,194283.2,546968.7,52.0,93,30,2097.5,22.33,37580.0,400.0,119.05,4.083
B 층수·세장비,55,2.5,0.0,194307.2,546968.7,683.3,41.33,16.53,0,0.0,0.0,0.0,0.0,0.0,94,60,742.1,7.9,37580.0,400.0,166.25,4.086
B 층수·세장비,55,2.5,60.0,194331.2,546956.7,683.3,41.33,16.53,0,0.0,0.0,0.0,0.0,0.0,94,47,742.1,7.9,37580.0,400.0,166.25,3.96
C 저층부 확대,55,2.5,165.0,194325.2,546986.7,479.6,34.62,13.85,10,1600.0,2.2,194295.2,546968.7,52.0,94,37,1687.3,17.96,37580.0,400.0,166.25,4.009
C 저층부 확대,51,2.5,165.0,194307.2,546950.7,721.5,42.47,16.99,10,800.0,4.0,194319.2,546956.7,52.0,94,51,871.7,9.28,37580.0,400.0,154.45,4.084
C 저층부 확대,51,2.5,165.0,194307.2,546968.7,721.5,42.47,16.99,10,800.0,2.2,194271.2,546956.7,52.0,94,30,862.0,9.18,37580.0,400.0,154.45,4.031
C 저층부 확대,51,3.0,165.0,194289.2,546950.7,623.9,43.26,14.42,10,1200.0,2.2,194295.2,546932.7,52.0,94,49,1275.7,13.58,37580.0,400.0,154.45,4.17
C 저층부 확대,51,4.0,165.0,194325.2,546986.7,526.3,45.88,11.47,10,1600.0,1.6,194295.2,546968.7,52.0,94,36,1683.2,17.92,37580.0,400.0,154.45,3.996
C 저층부 확대,51,2.5,165.0,194271.2,546950.7,526.3,36.27,14.51,10,1600.0,1.6,194307.2,546944.7,52.0,94,39,1683.2,17.92,37580.0,400.0,154.45,4.184
C 저층부 확대,51,4.0,165.0,194271.2,546950.7,331.2,36.4,9.1,10,2400.0,1.6,194283.2,546956.7,52.0,94,29,2501.7,26.63,37580.0,400.0,154.45,4.187
B 층수·세장비,49,1.25,135.0,194331.2,546980.7,766.9,30.96,24.77,0,0.0,0.0,0.0,0.0,0.0,94,45,823.7,8.77,37580.0,400.0,148.55,4.03
B 층수·세장비,49,1.5,60.0,194319.2,546980.7,766.9,33.92,22.61,0,0.0,0.0,0.0,0.0,0.0,94,55,824.5,8.78,37580.0,400.0,148.55,3.989
C 저층부 확대,45,2.5,165.0,194289.2,546950.7,730.9,42.75,17.1,10,1200.0,1.6,194283.2,546944.7,52.0,94,39,1272.2,13.54,37580.0,400.0,136.75,4.171
C 저층부 확대,45,4.0,165.0,194271.2,546950.7,388.0,39.4,9.85,10,2400.0,3.0,194307.2,546944.7,52.0,94,37,2514.1,26.76,37580.0,400.0,136.75,4.183
B 층수·세장비,43,1.5,135.0,194331.2,546980.7,874.0,36.21,24.14,0,0.0,0.0,0.0,0.0,0.0,94,43,935.3,9.96,37580.0,400.0,130.85,4.028
B 층수·세장비,43,2.0,150.0,194307.2,546956.7,874.0,41.81,20.9,0,0.0,0.0,0.0,0.0,0.0,94,45,937.7,9.98,37580.0,400.0,130.85,4.097
B 층수·세장비,43,3.0,150.0,194307.2,546956.7,874.0,51.2,17.07,0,0.0,0.0,0.0,0.0,0.0,94,45,943.2,10.04,37580.0,400.0,130.85,4.083
B 층수·세장비,41,2.5,150.0,194307.2,546956.7,916.6,47.87,19.15,0,0.0,0.0,0.0,0.0,0.0,94,45,984.6,10.48,37580.0,400.0,124.95,4.094
B 층수·세장비,41,3.0,150.0,194307.2,546968.7,916.6,52.44,17.48,0,0.0,0.0,0.0,0.0,0.0,94,47,987.5,10.51,37580.0,400.0,124.95,4.053
B 층수·세장비,39,2.5,150.0,194307.2,546968.7,963.6,49.08,19.63,0,0.0,0.0,0.0,0.0,0.0,94,47,1033.3,11.0,37580.0,400.0,119.05,4.063
C 저층부 확대,39,3.0,165.0,194307.2,546968.7,1020.0,55.32,18.44,10,800.0,3.0,194319.2,546956.7,52.0,94,53,1094.8,11.65,37580.0,400.0,119.05,4.056
C 저층부 확대,39,3.0,165.0,194307.2,546968.7,1020.0,55.32,18.44,10,800.0,4.0,194319.2,546956.7,52.0,94,51,1094.8,11.65,37580.0,400.0,119.05,4.049
C 저층부 확대,39,4.0,165.0,194289.2,546950.7,330.3,36.35,9.09,10,2800.0,1.6,194283.2,546956.7,52.0,94,25,2909.8,30.97,37580.0,400.0,119.05,4.185
C 저층부 확대,39,3.0,165.0,194289.2,546968.7,330.3,31.48,10.49,10,2800.0,2.2,194319.2,546956.7,52.0,94,31,2915.2,31.03,37580.0,400.0,119.05,4.134
A 방위·위치,55,2.0,0.0,194307.2,546968.7,683.3,36.97,18.48,0,0.0,0.0,0.0,0.0,0.0,95,61,739.7,7.87,37580.0,400.0,166.25,4.082
A 방위·위치,55,2.0,150.0,194283.2,546944.7,683.3,36.97,18.48,0,0.0,0.0,0.0,0.0,0.0,95,52,739.7,7.87,37580.0,400.0,166.25,4.141
A 방위·위치,55,2.0,150.0,194295.2,546944.7,683.3,36.97,18.48,0,0.0,0.0,0.0,0.0,0.0,95,46,739.7,7.87,37580.0,400.0,166.25,4.122
A 방위·위치,55,2.0,165.0,194283.2,546932.7,683.3,36.97,18.48,0,0.0,0.0,0.0,0.0,0.0,95,40,739.7,7.87,37580.0,400.0,166.25,4.182
C 저층부 확대,55,3.0,165.0,194307.2,546968.7,657.3,44.41,14.8,10,800.0,2.2,194331.2,546980.7,52.0,95,50,862.0,9.18,37580.0,400.0,166.25,4.021
C 저층부 확대,55,3.0,165.0,194307.2,546968.7,568.4,41.3,13.77,10,1200.0,4.0,194295.2,546980.7,52.0,95,44,1287.6,13.71,37580.0,400.0,166.25,4.021
C 저층부 확대,55,4.0,165.0,194307.2,546950.7,479.6,43.8,10.95,10,1600.0,3.0,194319.2,546968.7,52.0,95,45,1693.4,18.02,37580.0,400.0,166.25,4.073
C 저층부 확대,55,3.0,165.0,194307.2,546950.7,390.7,34.23,11.41,10,2000.0,1.6,194331.2,546968.7,52.0,95,43,2092.9,22.28,37580.0,400.0,166.25,4.09
C 저층부 확대,55,3.0,165.0,194325.2,546986.7,390.7,34.23,11.41,10,2000.0,4.0,194295.2,546980.7,52.0,95,28,2112.8,22.49,37580.0,400.0,166.25,3.996
B 층수·세장비,51,4.0,135.0,194331.2,546980.7,736.9,54.29,13.57,0,0.0,0.0,0.0,0.0,0.0,95,39,805.7,8.58,37580.0,400.0,154.45,3.965
C 저층부 확대,51,2.5,165.0,194307.2,546968.7,721.5,42.47,16.99,10,800.0,4.0,194271.2,546956.7,52.0,95,26,871.7,9.28,37580.0,400.0,154.45,4.03
C 저층부 확대,51,4.0,165.0,194289.2,546950.7,623.9,49.96,12.49,10,1200.0,2.2,194295.2,546932.7,52.0,95,50,1275.7,13.58,37580.0,400.0,154.45,4.163
C 저층부 확대,51,3.0,165.0,194307.2,546950.7,623.9,43.26,14.42,10,1200.0,2.2,194307.2,546980.7,52.0,95,44,1275.7,13.58,37580.0,400.0,154.45,4.046
C 저층부 확대,51,3.0,165.0,194325.2,546986.7,526.3,39.74,13.25,10,1600.0,1.6,194295.2,546968.7,52.0,95,36,1683.2,17.92,37580.0,400.0,154.45,4.002
C 저층부 확대,51,2.5,165.0,194307.2,546950.7,331.2,28.78,11.51,10,2400.0,3.0,194307.2,546968.7,52.0,95,39,2514.1,26.76,37580.0,400.0,154.45,4.093
B 층수·세장비,47,1.25,60.0,194319.2,546968.7,799.6,31.61,25.29,0,0.0,0.0,0.0,0.0,0.0,95,54,857.5,9.13,37580.0,400.0,142.65,4.02
B 층수·세장비,47,3.0,135.0,194319.2,546980.7,799.6,48.98,16.33,0,0.0,0.0,0.0,0.0,0.0,95,53,865.9,9.22,37580.0,400.0,142.65,3.972
B 층수·세장비,45,2.5,135.0,194319.2,546980.7,835.1,45.69,18.28,0,0.0,0.0,0.0,0.0,0.0,95,53,900.1,9.58,37580.0,400.0,136.75,3.991
C 저층부 확대,45,3.0,165.0,194325.2,546986.7,616.6,43.01,14.34,10,1600.0,3.0,194295.2,546968.7,52.0,95,35,1693.4,18.02,37580.0,400.0,136.75,4.005
C 저층부 확대,45,3.0,165.0,194271.2,546932.7,388.0,34.12,11.37,10,2400.0,1.6,194307.2,546956.7,52.0,95,22,2501.7,26.63,37580.0,400.0,136.75,4.153
C 저층부 확대,45,2.5,165.0,194325.2,546986.7,388.0,31.14,12.46,10,2400.0,1.6,194295.2,546968.7,52.0,95,37,2501.7,26.63,37580.0,400.0,136.75,4.046
B 층수·세장비,43,2.5,135.0,194331.2,546980.7,874.0,46.74,18.7,0,0.0,0.0,0.0,0.0,0.0,95,39,940.4,10.01,37580.0,400.0,130.85,4.007
B 층수·세장비,41,1.5,135.0,194331.2,546980.7,916.6,37.08,24.72,0,0.0,0.0,0.0,0.0,0.0,95,42,979.4,10.42,37580.0,400.0,124.95,4.033
B 층수·세장비,41,1.5,165.0,194295.2,546968.7,916.6,37.08,24.72,0,0.0,0.0,0.0,0.0,0.0,95,50,979.4,10.42,37580.0,400.0,124.95,4.107
B 층수·세장비,41,2.0,150.0,194307.2,546956.7,916.6,42.82,21.41,0,0.0,0.0,0.0,0.0,0.0,95,45,981.8,10.45,37580.0,400.0,124.95,4.1
B 층수·세장비,39,1.5,150.0,194295.2,546968.7,963.6,38.02,25.35,0,0.0,0.0,0.0,0.0,0.0,95,49,1028.0,10.94,37580.0,400.0,119.05,4.102
B 층수·세장비,39,2.0,150.0,194307.2,546956.7,963.6,43.9,21.95,0,0.0,0.0,0.0,0.0,0.0,95,45,1030.4,10.97,37580.0,400.0,119.05,4.101
C 저층부 확대,39,3.0,165.0,194307.2,546968.7,1020.0,55.32,18.44,10,800.0,2.2,194331.2,546956.7,52.0,95,47,1094.8,11.65,37580.0,400.0,119.05,4.045
C 저층부 확대,39,2.5,165.0,194325.2,546986.7,882.1,46.96,18.78,10,1200.0,1.6,194307.2,546968.7,52.0,95,37,1272.2,13.54,37580.0,400.0,119.05,4.015
C 저층부 확대,39,3.0,165.0,194325.2,546986.7,606.2,42.65,14.22,10,2000.0,3.0,194283.2,546956.7,52.0,95,17,2104.3,22.4,37580.0,400.0,119.05,4.023
A 방위·위치,55,2.0,45.0,194331.2,546968.7,683.3,36.97,18.48,0,0.0,0.0,0.0,0.0,0.0,96,45,739.7,7.87,37580.0,400.0,166.25,3.986
A 방위·위치,55,2.0,60.0,194343.2,546968.7,683.3,36.97,18.48,0,0.0,0.0,0.0,0.0,0.0,96,45,739.7,7.87,37580.0,400.0,166.25,3.977
A 방위·위치,55,2.0,150.0,194283.2,546932.7,683.3,36.97,18.48,0,0.0,0.0,0.0,0.0,0.0,96,44,739.7,7.87,37580.0,400.0,166.25,4.153
A 방위·위치,55,2.0,150.0,194295.2,546956.7,683.3,36.97,18.48,0,0.0,0.0,0.0,0.0,0.0,96,47,739.7,7.87,37580.0,400.0,166.25,4.107
B 층수·세장비,55,1.25,60.0,194319.2,546992.7,683.3,29.22,23.38,0,0.0,0.0,0.0,0.0,0.0,96,52,736.9,7.84,37580.0,400.0,166.25,4.01
B 층수·세장비,55,4.0,0.0,194307.2,546968.7,683.3,52.28,13.07,0,0.0,0.0,0.0,0.0,0.0,96,60,749.6,7.98,37580.0,400.0,166.25,4.074
C 저층부 확대,55,2.5,165.0,194325.2,546986.7,657.3,40.54,16.22,10,800.0,1.6,194295.2,546980.7,52.0,96,35,859.1,9.14,37580.0,400.0,166.25,3.968
C 저층부 확대,55,3.0,165.0,194307.2,546950.7,568.4,41.3,13.77,10,1200.0,3.0,194307.2,546980.7,52.0,96,41,1281.0,13.63,37580.0,400.0,166.25,4.041
C 저층부 확대,55,2.5,165.0,194289.2,546950.7,568.4,37.7,15.08,10,1200.0,2.2,194295.2,546932.7,52.0,96,50,1275.7,13.58,37580.0,400.0,166.25,4.173
C 저층부 확대,55,2.5,165.0,194307.2,546950.7,568.4,37.7,15.08,10,1200.0,2.2,194307.2,546980.7,52.0,96,44,1275.7,13.58,37580.0,400.0,166.25,4.048
C 저층부 확대,55,3.0,165.0,194307.2,546950.7,479.6,37.93,12.64,10,1600.0,3.0,194319.2,546968.7,52.0,96,45,1693.4,18.02,37580.0,400.0,166.25,4.077
C 저층부 확대,55,2.5,165.0,194271.2,546950.7,390.7,31.25,12.5,10,2000.0,4.0,194319.2,546944.7,52.0,96,41,2112.8,22.49,37580.0,400.0,166.25,4.158
B 층수·세장비,53,2.5,0.0,194307.2,546956.7,709.1,42.1,16.84,0,0.0,0.0,0.0,0.0,0.0,96,59,769.0,8.19,37580.0,400.0,160.35,4.112
B 층수·세장비,51,2.5,0.0,194307.2,546968.7,736.9,42.92,17.17,0,0.0,0.0,0.0,0.0,0.0,96,60,798.0,8.49,37580.0,400.0,154.45,4.087
B 층수·세장비,51,2.5,60.0,194331.2,546956.7,736.9,42.92,17.17,0,0.0,0.0,0.0,0.0,0.0,96,45,798.0,8.49,37580.0,400.0,154.45,3.963
B 층수·세장비,51,3.0,0.0,194307.2,546956.7,736.9,47.02,15.67,0,0.0,0.0,0.0,0.0,0.0,96,59,800.6,8.52,37580.0,400.0,154.45,4.111
C 저층부 확대,51,2.5,165.0,194289.2,546950.7,526.3,36.27,14.51,10,1600.0,2.2,194283.2,546944.7,52.0,96,32,1687.3,17.96,37580.0,400.0,154.45,4.177
B 층수·세장비,45,1.5,60.0,194343.2,546968.7,835.1,35.39,23.6,0,0.0,0.0,0.0,0.0,0.0,96,45,895.1,9.53,37580.0,400.0,136.75,4.015
C 저층부 확대,45,2.5,165.0,194271.2,546950.7,616.6,39.26,15.7,10,1600.0,1.6,194295.2,546956.7,52.0,96,35,1683.2,17.92,37580.0,400.0,136.75,4.16
C 저층부 확대,39,2.5,165.0,194307.2,546968.7,744.1,43.13,17.25,10,1600.0,4.0,194307.2,546980.7,52.0,96,34,1701.0,18.11,37580.0,400.0,119.05,4.029
C 저층부 확대,39,3.0,165.0,194271.2,546932.7,468.3,37.48,12.49,10,2400.0,2.2,194307.2,546956.7,52.0,96,19,2506.7,26.68,37580.0,400.0,119.05,4.157
A 방위·위치,55,2.0,30.0,194331.2,546968.7,683.3,36.97,18.48,0,0.0,0.0,0.0,0.0,0.0,97,51,739.7,7.87,37580.0,400.0,166.25,4.014
A 방위·위치,55,2.0,45.0,194343.2,546968.7,683.3,36.97,18.48,0,0.0,0.0,0.0,0.0,0.0,97,45,739.7,7.87,37580.0,400.0,166.25,3.992
A 방위·위치,55,2.0,75.0,194331.2,546968.7,683.3,36.97,18.48,0,0.0,0.0,0.0,0.0,0.0,97,42,739.7,7.87,37580.0,400.0,166.25,3.953
A 방위·위치,55,2.0,105.0,194331.2,546968.7,683.3,36.97,18.48,0,0.0,0.0,0.0,0.0,0.0,97,44,739.7,7.87,37580.0,400.0,166.25,3.956
B 층수·세장비,53,1.5,165.0,194307.2,546980.7,709.1,32.61,21.74,0,0.0,0.0,0.0,0.0,0.0,97,61,764.4,8.14,37580.0,400.0,160.35,4.058
B 층수·세장비,53,3.0,0.0,194307.2,546956.7,709.1,46.12,15.37,0,0.0,0.0,0.0,0.0,0.0,97,59,771.6,8.21,37580.0,400.0,160.35,4.11
C 저층부 확대,51,3.0,165.0,194325.2,546986.7,721.5,46.52,15.51,10,800.0,2.2,194295.2,546980.7,52.0,97,32,862.0,9.18,37580.0,400.0,154.45,3.964
C 저층부 확대,51,2.5,165.0,194325.2,546986.7,721.5,42.47,16.99,10,800.0,4.0,194307.2,546992.7,52.0,97,33,871.7,9.28,37580.0,400.0,154.45,3.979
C 저층부 확대,51,2.5,165.0,194307.2,546950.7,526.3,36.27,14.51,10,1600.0,2.2,194319.2,546980.7,52.0,97,36,1687.3,17.96,37580.0,400.0,154.45,4.056
C 저층부 확대,51,4.0,165.0,194325.2,546986.7,428.8,41.41,10.35,10,2000.0,4.0,194283.2,546968.7,52.0,97,12,2112.8,22.49,37580.0,400.0,154.45,3.997
C 저층부 확대,51,3.0,165.0,194271.2,546932.7,428.8,35.87,11.96,10,2000.0,2.2,194307.2,546956.7,52.0,97,24,2097.5,22.33,37580.0,400.0,154.45,4.138
C 저층부 확대,51,2.5,165.0,194307.2,546950.7,428.8,32.74,13.1,10,2000.0,1.6,194319.2,546980.7,52.0,97,35,2092.9,22.28,37580.0,400.0,154.45,4.067
C 저층부 확대,51,4.0,165.0,194307.2,546950.7,331.2,36.4,9.1,10,2400.0,3.0,194283.2,546968.7,52.0,97,22,2514.1,26.76,37580.0,400.0,154.45,4.067
B 층수·세장비,49,1.25,135.0,194319.2,546968.7,766.9,30.96,24.77,0,0.0,0.0,0.0,0.0,0.0,97,54,823.7,8.77,37580.0,400.0,148.55,4.032
B 층수·세장비,49,2.5,135.0,194319.2,546968.7,766.9,43.79,17.52,0,0.0,0.0,0.0,0.0,0.0,97,52,829.2,8.83,37580.0,400.0,148.55,4.005
B 층수·세장비,45,2.5,0.0,194307.2,546956.7,835.1,45.69,18.28,0,0.0,0.0,0.0,0.0,0.0,97,59,900.1,9.58,37580.0,400.0,136.75,4.119
C 저층부 확대,45,2.5,165.0,194325.2,546986.7,845.1,45.97,18.39,10,800.0,3.0,194295.2,546968.7,52.0,97,36,910.5,9.69,37580.0,400.0,136.75,3.977
C 저층부 확대,45,4.0,165.0,194289.2,546950.7,616.6,49.66,12.42,10,1600.0,1.6,194307.2,546944.7,52.0,97,46,1683.2,17.92,37580.0,400.0,136.75,4.15
B 층수·세장비,43,1.25,60.0,194331.2,546980.7,874.0,33.05,26.44,0,0.0,0.0,0.0,0.0,0.0,97,43,934.4,9.95,37580.0,400.0,130.85,4.015
B 층수·세장비,41,1.5,150.0,194307.2,546968.7,916.6,37.08,24.72,0,0.0,0.0,0.0,0.0,0.0,97,48,979.4,10.42,37580.0,400.0,124.95,4.069
B 층수·세장비,41,3.0,0.0,194307.2,546968.7,916.6,52.44,17.48,0,0.0,0.0,0.0,0.0,0.0,97,59,987.5,10.51,37580.0,400.0,124.95,4.09
B 층수·세장비,39,1.5,135.0,194331.2,546980.7,963.6,38.02,25.35,0,0.0,0.0,0.0,0.0,0.0,97,41,1028.0,10.94,37580.0,400.0,119.05,4.04
B 층수·세장비,39,1.5,165.0,194307.2,546968.7,963.6,38.02,25.35,0,0.0,0.0,0.0,0.0,0.0,97,54,1028.0,10.94,37580.0,400.0,119.05,4.079
C 저층부 확대,39,3.0,165.0,194325.2,546986.7,744.1,47.25,15.75,10,1600.0,4.0,194295.2,546968.7,52.0,97,30,1701.0,18.11,37580.0,400.0,119.05,4.002
C 저층부 확대,39,4.0,165.0,194271.2,546950.7,330.3,36.35,9.09,10,2800.0,1.6,194295.2,546956.7,52.0,97,35,2909.8,30.97,37580.0,400.0,119.05,4.183
A 방위·위치,55,2.0,15.0,194271.2,546944.7,683.3,36.97,18.48,0,0.0,0.0,0.0,0.0,0.0,98,40,739.7,7.87,37580.0,400.0,166.25,4.211
A 방위·위치,55,2.0,90.0,194331.2,546968.7,683.3,36.97,18.48,0,0.0,0.0,0.0,0.0,0.0,98,44,739.7,7.87,37580.0,400.0,166.25,3.949
A 방위·위치,55,2.0,150.0,194283.2,546956.7,683.3,36.97,18.48,0,0.0,0.0,0.0,0.0,0.0,98,51,739.7,7.87,37580.0,400.0,166.25,4.136
A 방위·위치,55,2.0,150.0,194295.2,546968.7,683.3,36.97,18.48,0,0.0,0.0,0.0,0.0,0.0,98,49,739.7,7.87,37580.0,400.0,166.25,4.093
A 방위·위치,55,2.0,165.0,194295.2,546968.7,683.3,36.97,18.48,0,0.0,0.0,0.0,0.0,0.0,98,50,739.7,7.87,37580.0,400.0,166.25,4.111
C 저층부 확대,55,4.0,165.0,194307.2,546950.7,390.7,39.53,9.88,10,2000.0,1.6,194295.2,546968.7,52.0,98,44,2092.9,22.28,37580.0,400.0,166.25,4.086
B 층수·세장비,53,2.0,150.0,194295.2,546968.7,709.1,37.66,18.83,0,0.0,0.0,0.0,0.0,0.0,98,49,766.5,8.16,37580.0,400.0,160.35,4.092
B 층수·세장비,53,2.5,150.0,194295.2,546968.7,709.1,42.1,16.84,0,0.0,0.0,0.0,0.0,0.0,98,49,769.0,8.19,37580.0,400.0,160.35,4.089
B 층수·세장비,51,2.0,150.0,194295.2,546968.7,736.9,38.39,19.19,0,0.0,0.0,0.0,0.0,0.0,98,49,795.4,8.47,37580.0,400.0,154.45,4.092
B 층수·세장비,51,2.0,165.0,194295.2,546968.7,736.9,38.39,19.19,0,0.0,0.0,0.0,0.0,0.0,98,50,795.4,8.47,37580.0,400.0,154.45,4.11
C 저층부 확대,51,2.5,165.0,194307.2,546950.7,721.5,42.47,16.99,10,800.0,1.6,194283.2,546968.7,52.0,98,44,859.1,9.14,37580.0,400.0,154.45,4.083
C 저층부 확대,51,2.5,165.0,194271.2,546950.7,428.8,32.74,13.1,10,2000.0,4.0,194319.2,546944.7,52.0,98,41,2112.8,22.49,37580.0,400.0,154.45,4.157
C 저층부 확대,45,2.5,165.0,194325.2,546986.7,845.1,45.97,18.39,10,800.0,4.0,194295.2,546968.7,52.0,98,37,910.5,9.69,37580.0,400.0,136.75,3.976
C 저층부 확대,45,2.5,165.0,194271.2,546932.7,502.3,35.44,14.17,10,2000.0,3.0,194295.2,546956.7,52.0,98,25,2104.3,22.4,37580.0,400.0,136.75,4.148
B 층수·세장비,39,2.0,0.0,194307.2,546956.7,963.6,43.9,21.95,0,0.0,0.0,0.0,0.0,0.0,98,55,1030.4,10.97,37580.0,400.0,119.05,4.118
B 층수·세장비,39,3.0,135.0,194331.2,546980.7,963.6,53.77,17.92,0,0.0,0.0,0.0,0.0,0.0,98,37,1036.3,11.03,37580.0,400.0,119.05,3.999
C 저층부 확대,39,2.5,165.0,194307.2,546968.7,882.1,46.96,18.78,10,1200.0,4.0,194319.2,546968.7,52.0,98,45,1287.6,13.71,37580.0,400.0,119.05,4.042
C 저층부 확대,39,2.5,165.0,194307.2,546950.7,606.2,38.93,15.57,10,2000.0,4.0,194283.2,546968.7,52.0,98,21,2112.8,22.49,37580.0,400.0,119.05,4.061
C 저층부 확대,39,4.0,165.0,194325.2,546986.7,468.3,43.28,10.82,10,2400.0,3.0,194283.2,546968.7,52.0,98,12,2514.1,26.76,37580.0,400.0,119.05,4.014
A 방위·위치,55,2.0,0.0,194307.2,546956.7,683.3,36.97,18.48,0,0.0,0.0,0.0,0.0,0.0,99,59,739.7,7.87,37580.0,400.0,166.25,4.11
A 방위·위치,55,2.0,120.0,194319.2,546980.7,683.3,36.97,18.48,0,0.0,0.0,0.0,0.0,0.0,99,52,739.7,7.87,37580.0,400.0,166.25,3.968
A 방위·위치,55,2.0,165.0,194295.2,546956.7,683.3,36.97,18.48,0,0.0,0.0,0.0,0.0,0.0,99,48,739.7,7.87,37580.0,400.0,166.25,4.133
B 층수·세장비,55,3.0,150.0,194307.2,546956.7,683.3,45.27,15.09,0,0.0,0.0,0.0,0.0,0.0,99,46,744.6,7.93,37580.0,400.0,166.25,4.079
C 저층부 확대,55,2.5,165.0,194289.2,546950.7,390.7,31.25,12.5,10,2000.0,2.2,194295.2,546944.7,52.0,99,40,2097.5,22.33,37580.0,400.0,166.25,4.168
C 저층부 확대,51,4.0,165.0,194325.2,546986.7,428.8,41.41,10.35,10,2000.0,2.2,194283.2,546968.7,52.0,99,21,2097.5,22.33,37580.0,400.0,154.45,3.992
C 저층부 확대,51,3.0,165.0,194325.2,546986.7,428.8,35.87,11.96,10,2000.0,4.0,194295.2,546980.7,52.0,99,26,2112.8,22.49,37580.0,400.0,154.45,3.996
C 저층부 확대,51,2.5,165.0,194307.2,546950.7,428.8,32.74,13.1,10,2000.0,3.0,194319.2,546968.7,52.0,99,42,2104.3,22.4,37580.0,400.0,154.45,4.085
C 저층부 확대,51,4.0,165.0,194271.2,546932.7,331.2,36.4,9.1,10,2400.0,3.0,194295.2,546956.7,52.0,99,23,2514.1,26.76,37580.0,400.0,154.45,4.14
B 층수·세장비,47,1.5,60.0,194319.2,546980.7,799.6,34.63,23.09,0,0.0,0.0,0.0,0.0,0.0,99,55,858.3,9.14,37580.0,400.0,142.65,3.989
B 층수·세장비,45,1.5,165.0,194307.2,546968.7,835.1,35.39,23.6,0,0.0,0.0,0.0,0.0,0.0,99,56,895.1,9.53,37580.0,400.0,136.75,4.077
C 저층부 확대,45,3.0,165.0,194307.2,546968.7,730.9,46.82,15.61,10,1200.0,1.6,194319.2,546992.7,52.0,99,43,1272.2,13.54,37580.0,400.0,136.75,4.032
C 저층부 확대,45,2.5,165.0,194307.2,546968.7,730.9,42.75,17.1,10,1200.0,1.6,194319.2,546992.7,52.0,99,43,1272.2,13.54,37580.0,400.0,136.75,4.033
B 층수·세장비,43,1.25,150.0,194295.2,546968.7,874.0,33.05,26.44,0,0.0,0.0,0.0,0.0,0.0,99,49,934.4,9.95,37580.0,400.0,130.85,4.092
B 층수·세장비,43,2.5,60.0,194331.2,546956.7,874.0,46.74,18.7,0,0.0,0.0,0.0,0.0,0.0,99,42,940.4,10.01,37580.0,400.0,130.85,3.981
B 층수·세장비,39,2.5,0.0,194307.2,546968.7,963.6,49.08,19.63,0,0.0,0.0,0.0,0.0,0.0,99,60,1033.3,11.0,37580.0,400.0,119.05,4.095
C 저층부 확대,39,2.5,165.0,194307.2,546968.7,882.1,46.96,18.78,10,1200.0,2.2,194271.2,546956.7,52.0,99,23,1275.7,13.58,37580.0,400.0,119.05,4.037
A 방위·위치,55,2.0,60.0,194319.2,546980.7,683.3,36.97,18.48,0,0.0,0.0,0.0,0.0,0.0,100,53,739.7,7.87,37580.0,400.0,166.25,3.947
A 방위·위치,55,2.0,120.0,194271.2,546944.7,683.3,36.97,18.48,0,0.0,0.0,0.0,0.0,0.0,100,38,739.7,7.87,37580.0,400.0,166.25,4.124
A 방위·위치,55,2.0,120.0,194331.2,546980.7,683.3,36.97,18.48,0,0.0,0.0,0.0,0.0,0.0,100,45,739.7,7.87,37580.0,400.0,166.25,3.978
B 층수·세장비,55,1.5,0.0,194307.2,546968.7,683.3,32.01,21.34,0,0.0,0.0,0.0,0.0,0.0,100,61,737.6,7.85,37580.0,400.0,166.25,4.075
C 저층부 확대,55,3.0,165.0,194289.2,546950.7,657.3,44.41,14.8,10,800.0,3.0,194295.2,546932.7,52.0,100,49,866.3,9.22,37580.0,400.0,166.25,4.153
C 저층부 확대,55,3.0,165.0,194271.2,546950.7,390.7,34.23,11.41,10,2000.0,2.2,194307.2,546944.7,52.0,100,40,2097.5,22.33,37580.0,400.0,166.25,4.183
C 저층부 확대,55,2.5,165.0,194307.2,546950.7,390.7,31.25,12.5,10,2000.0,1.6,194307.2,546980.7,52.0,100,39,2092.9,22.28,37580.0,400.0,166.25,4.068
B 층수·세장비,49,3.0,150.0,194307.2,546956.7,766.9,47.97,15.99,0,0.0,0.0,0.0,0.0,0.0,100,46,831.9,8.85,37580.0,400.0,148.55,4.077
B 층수·세장비,45,1.25,60.0,194319.2,546992.7,835.1,32.31,25.85,0,0.0,0.0,0.0,0.0,0.0,100,50,894.3,9.52,37580.0,400.0,136.75,4.003
B 층수·세장비,45,1.5,60.0,194331.2,546980.7,835.1,35.39,23.6,0,0.0,0.0,0.0,0.0,0.0,100,43,895.1,9.53,37580.0,400.0,136.75,3.989
B 층수·세장비,45,1.5,150.0,194307.2,546956.7,835.1,35.39,23.6,0,0.0,0.0,0.0,0.0,0.0,100,45,895.1,9.53,37580.0,400.0,136.75,4.094
B 층수·세장비,45,4.0,135.0,194331.2,546980.7,835.1,57.8,14.45,0,0.0,0.0,0.0,0.0,0.0,100,37,908.4,9.67,37580.0,400.0,136.75,3.962
B 층수·세장비,43,1.5,60.0,194319.2,546980.7,874.0,36.21,24.14,0,0.0,0.0,0.0,0.0,0.0,100,52,935.3,9.96,37580.0,400.0,130.85,3.993
B 층수·세장비,43,1.5,135.0,194319.2,546956.7,874.0,36.21,24.14,0,0.0,0.0,0.0,0.0,0.0,100,51,935.3,9.96,37580.0,400.0,130.85,4.072
B 층수·세장비,39,1.25,150.0,194319.2,546956.7,963.6,34.71,27.76,0,0.0,0.0,0.0,0.0,0.0,100,50,1027.1,10.93,37580.0,400.0,119.05,4.086
C 저층부 확대,39,3.0,165.0,194325.2,546986.7,744.1,47.25,15.75,10,1600.0,1.6,194283.2,546956.7,52.0,100,22,1683.2,17.92,37580.0,400.0,119.05,4.006
C 저층부 확대,39,3.0,165.0,194289.2,546950.7,606.2,42.65,14.22,10,2000.0,2.2,194295.2,546944.7,52.0,100,40,2097.5,22.33,37580.0,400.0,119.05,4.174
C 저층부 확대,55,3.0,165.0,194289.2,546950.7,657.3,44.41,14.8,10,800.0,4.0,194307.2,546932.7,52.0,101,48,871.7,9.28,37580.0,400.0,166.25,4.144
C 저층부 확대,55,3.0,165.0,194307.2,546950.7,390.7,34.23,11.41,10,2000.0,3.0,194295.2,546968.7,52.0,101,40,2104.3,22.4,37580.0,400.0,166.25,4.072
B 층수·세장비,53,2.0,0.0,194307.2,546956.7,709.1,37.66,18.83,0,0.0,0.0,0.0,0.0,0.0,101,59,766.5,8.16,37580.0,400.0,160.35,4.111
B 층수·세장비,51,1.25,165.0,194307.2,546968.7,736.9,30.35,24.28,0,0.0,0.0,0.0,0.0,0.0,101,57,792.5,8.44,37580.0,400.0,154.45,4.069
C 저층부 확대,51,2.5,165.0,194325.2,546986.7,623.9,39.49,15.8,10,1200.0,3.0,194295.2,546980.7,52.0,101,35,1281.0,13.63,37580.0,400.0,154.45,3.975
C 저층부 확대,51,3.0,165.0,194307.2,546950.7,331.2,31.52,10.51,10,2400.0,1.6,194307.2,546980.7,52.0,101,37,2501.7,26.63,37580.0,400.0,154.45,4.078
B 층수·세장비,47,1.5,135.0,194319.2,546968.7,799.6,34.63,23.09,0,0.0,0.0,0.0,0.0,0.0,101,53,858.3,9.14,37580.0,400.0,142.65,4.027
B 층수·세장비,47,2.5,0.0,194307.2,546956.7,799.6,44.71,17.88,0,0.0,0.0,0.0,0.0,0.0,101,59,863.2,9.19,37580.0,400.0,142.65,4.114
B 층수·세장비,45,2.5,150.0,194307.2,546968.7,835.1,45.69,18.28,0,0.0,0.0,0.0,0.0,0.0,101,47,900.1,9.58,37580.0,400.0,136.75,4.057
B 층수·세장비,45,3.0,135.0,194319.2,546980.7,835.1,50.05,16.68,0,0.0,0.0,0.0,0.0,0.0,101,52,902.8,9.61,37580.0,400.0,136.75,3.973
C 저층부 확대,45,3.0,165.0,194271.2,546950.7,388.0,34.12,11.37,10,2400.0,1.6,194319.2,546956.7,52.0,101,29,2501.7,26.63,37580.0,400.0,136.75,4.144
C 저층부 확대,45,2.5,165.0,194289.2,546950.7,388.0,31.14,12.46,10,2400.0,2.2,194283.2,546956.7,52.0,101,25,2506.7,26.68,37580.0,400.0,136.75,4.156
B 층수·세장비,43,1.5,135.0,194319.2,546968.7,874.0,36.21,24.14,0,0.0,0.0,0.0,0.0,0.0,101,53,935.3,9.96,37580.0,400.0,130.85,4.037
B 층수·세장비,43,1.5,165.0,194295.2,546968.7,874.0,36.21,24.14,0,0.0,0.0,0.0,0.0,0.0,101,50,935.3,9.96,37580.0,400.0,130.85,4.106
B 층수·세장비,41,2.0,0.0,194307.2,546968.7,916.6,42.82,21.41,0,0.0,0.0,0.0,0.0,0.0,101,60,981.8,10.45,37580.0,400.0,124.95,4.092
B 층수·세장비,41,2.0,60.0,194331.2,546968.7,916.6,42.82,21.41,0,0.0,0.0,0.0,0.0,0.0,101,40,981.8,10.45,37580.0,400.0,124.95,3.986
A 방위·위치,55,2.0,60.0,194331.2,546980.7,683.3,36.97,18.48,0,0.0,0.0,0.0,0.0,0.0,102,45,739.7,7.87,37580.0,400.0,166.25,3.95
A 방위·위치,55,2.0,165.0,194295.2,546944.7,683.3,36.97,18.48,0,0.0,0.0,0.0,0.0,0.0,102,47,739.7,7.87,37580.0,400.0,166.25,4.154
B 층수·세장비,55,2.5,150.0,194307.2,546968.7,683.3,41.33,16.53,0,0.0,0.0,0.0,0.0,0.0,102,51,742.1,7.9,37580.0,400.0,166.25,4.062
B 층수·세장비,53,1.5,60.0,194319.2,546968.7,709.1,32.61,21.74,0,0.0,0.0,0.0,0.0,0.0,102,54,764.4,8.14,37580.0,400.0,160.35,4.002
B 층수·세장비,53,1.5,165.0,194295.2,546968.7,709.1,32.61,21.74,0,0.0,0.0,0.0,0.0,0.0,102,50,764.4,8.14,37580.0,400.0,160.35,4.104
B 층수·세장비,51,1.25,60.0,194319.2,546956.7,736.9,30.35,24.28,0,0.0,0.0,0.0,0.0,0.0,102,52,792.5,8.44,37580.0,400.0,154.45,4.046
B 층수·세장비,51,1.5,165.0,194295.2,546968.7,736.9,33.25,22.16,0,0.0,0.0,0.0,0.0,0.0,102,50,793.3,8.44,37580.0,400.0,154.45,4.103
B 층수·세장비,51,2.0,0.0,194307.2,546956.7,736.9,38.39,19.19,0,0.0,0.0,0.0,0.0,0.0,102,59,795.4,8.47,37580.0,400.0,154.45,4.112
C 저층부 확대,51,4.0,165.0,194325.2,546986.7,623.9,49.96,12.49,10,1200.0,4.0,194295.2,546980.7,52.0,102,34,1287.6,13.71,37580.0,400.0,154.45,3.965
C 저층부 확대,45,3.0,165.0,194325.2,546986.7,730.9,46.82,15.61,10,1200.0,3.0,194295.2,546980.7,52.0,102,32,1281.0,13.63,37580.0,400.0,136.75,3.968
C 저층부 확대,45,4.0,165.0,194325.2,546986.7,616.6,49.66,12.42,10,1600.0,3.0,194295.2,546980.7,52.0,102,34,1693.4,18.02,37580.0,400.0,136.75,3.979
B 층수·세장비,41,1.5,135.0,194319.2,546956.7,916.6,37.08,24.72,0,0.0,0.0,0.0,0.0,0.0,102,50,979.4,10.42,37580.0,400.0,124.95,4.076
C 저층부 확대,39,4.0,165.0,194289.2,546950.7,882.1,59.4,14.85,10,1200.0,1.6,194283.2,546944.7,52.0,102,37,1272.2,13.54,37580.0,400.0,119.05,4.159
A 방위·위치,55,2.0,75.0,194319.2,546968.7,683.3,36.97,18.48,0,0.0,0.0,0.0,0.0,0.0,103,51,739.7,7.87,37580.0,400.0,166.25,3.952
A 방위·위치,55,2.0,75.0,194331.2,546980.7,683.3,36.97,18.48,0,0.0,0.0,0.0,0.0,0.0,103,43,739.7,7.87,37580.0,400.0,166.25,3.933
A 방위·위치,55,2.0,135.0,194319.2,546956.7,683.3,36.97,18.48,0,0.0,0.0,0.0,0.0,0.0,103,51,739.7,7.87,37580.0,400.0,166.25,4.047
A 방위·위치,55,2.0,150.0,194307.2,546956.7,683.3,36.97,18.48,0,0.0,0.0,0.0,0.0,0.0,103,47,739.7,7.87,37580.0,400.0,166.25,4.09
C 저층부 확대,55,3.0,165.0,194325.2,546986.7,657.3,44.41,14.8,10,800.0,2.2,194283.2,546968.7,52.0,103,34,862.0,9.18,37580.0,400.0,166.25,3.966
C 저층부 확대,55,2.5,165.0,194271.2,546932.7,479.6,34.62,13.85,10,1600.0,4.0,194307.2,546956.7,52.0,103,23,1701.0,18.11,37580.0,400.0,166.25,4.124
C 저층부 확대,55,2.5,165.0,194289.2,546950.7,479.6,34.62,13.85,10,1600.0,2.2,194295.2,546944.7,52.0,103,44,1687.3,17.96,37580.0,400.0,166.25,4.163
C 저층부 확대,55,2.5,165.0,194271.2,546950.7,390.7,31.25,12.5,10,2000.0,2.2,194283.2,546956.7,52.0,103,26,2097.5,22.33,37580.0,400.0,166.25,4.169
B 층수·세장비,53,4.0,135.0,194319.2,546968.7,709.1,53.26,13.31,0,0.0,0.0,0.0,0.0,0.0,103,50,776.6,8.27,37580.0,400.0,160.35,3.96
B 층수·세장비,51,2.5,60.0,194331.2,546968.7,736.9,42.92,17.17,0,0.0,0.0,0.0,0.0,0.0,103,41,798.0,8.49,37580.0,400.0,154.45,3.932
C 저층부 확대,51,3.0,165.0,194307.2,546950.7,428.8,35.87,11.96,10,2000.0,3.0,194283.2,546968.7,52.0,103,24,2104.3,22.4,37580.0,400.0,154.45,4.062
B 층수·세장비,49,3.0,0.0,194307.2,546968.7,766.9,47.97,15.99,0,0.0,0.0,0.0,0.0,0.0,103,60,831.9,8.85,37580.0,400.0,148.55,4.087
B 층수·세장비,49,3.0,135.0,194319.2,546968.7,766.9,47.97,15.99,0,0.0,0.0,0.0,0.0,0.0,103,52,831.9,8.85,37580.0,400.0,148.55,3.989
B 층수·세장비,49,4.0,0.0,194307.2,546968.7,766.9,55.39,13.85,0,0.0,0.0,0.0,0.0,0.0,103,60,837.2,8.91,37580.0,400.0,148.55,4.079
B 층수·세장비,47,1.25,135.0,194319.2,546968.7,799.6,31.61,25.29,0,0.0,0.0,0.0,0.0,0.0,103,54,857.5,9.13,37580.0,400.0,142.65,4.031
B 층수·세장비,47,1.5,0.0,194307.2,546956.7,799.6,34.63,23.09,0,0.0,0.0,0.0,0.0,0.0,103,58,858.3,9.14,37580.0,400.0,142.65,4.108
B 층수·세장비,47,1.5,150.0,194295.2,546968.7,799.6,34.63,23.09,0,0.0,0.0,0.0,0.0,0.0,103,49,858.3,9.14,37580.0,400.0,142.65,4.089
B 층수·세장비,47,2.5,150.0,194307.2,546968.7,799.6,44.71,17.88,0,0.0,0.0,0.0,0.0,0.0,103,49,863.2,9.19,37580.0,400.0,142.65,4.055
B 층수·세장비,47,4.0,150.0,194307.2,546968.7,799.6,56.55,14.14,0,0.0,0.0,0.0,0.0,0.0,103,46,871.3,9.27,37580.0,400.0,142.65,4.032
C 저층부 확대,45,3.0,165.0,194325.2,546986.7,502.3,38.82,12.94,10,2000.0,3.0,194283.2,546968.7,52.0,103,15,2104.3,22.4,37580.0,400.0,136.75,3.994
B 층수·세장비,41,1.5,60.0,194331.2,546980.7,916.6,37.08,24.72,0,0.0,0.0,0.0,0.0,0.0,103,41,979.4,10.42,37580.0,400.0,124.95,3.998
A 방위·위치,55,2.0,15.0,194319.2,546956.7,683.3,36.97,18.48,0,0.0,0.0,0.0,0.0,0.0,104,53,739.7,7.87,37580.0,400.0,166.25,4.068
A 방위·위치,55,2.0,45.0,194331.2,546980.7,683.3,36.97,18.48,0,0.0,0.0,0.0,0.0,0.0,104,48,739.7,7.87,37580.0,400.0,166.25,3.97
A 방위·위치,55,2.0,105.0,194331.2,546980.7,683.3,36.97,18.48,0,0.0,0.0,0.0,0.0,0.0,104,43,739.7,7.87,37580.0,400.0,166.25,3.94
A 방위·위치,55,2.0,135.0,194295.2,546944.7,683.3,36.97,18.48,0,0.0,0.0,0.0,0.0,0.0,104,46,739.7,7.87,37580.0,400.0,166.25,4.091
A 방위·위치,55,2.0,150.0,194307.2,546968.7,683.3,36.97,18.48,0,0.0,0.0,0.0,0.0,0.0,104,51,739.7,7.87,37580.0,400.0,166.25,4.067
C 저층부 확대,55,3.0,165.0,194271.2,546950.7,390.7,34.23,11.41,10,2000.0,4.0,194307.2,546944.7,52.0,104,40,2112.8,22.49,37580.0,400.0,166.25,4.165
B 층수·세장비,53,1.5,0.0,194307.2,546956.7,709.1,32.61,21.74,0,0.0,0.0,0.0,0.0,0.0,104,59,764.4,8.14,37580.0,400.0,160.35,4.102
B 층수·세장비,51,1.25,0.0,194307.2,546956.7,736.9,30.35,24.28,0,0.0,0.0,0.0,0.0,0.0,104,56,792.5,8.44,37580.0,400.0,154.45,4.095
B 층수·세장비,51,1.25,150.0,194295.2,546968.7,736.9,30.35,24.28,0,0.0,0.0,0.0,0.0,0.0,104,49,792.5,8.44,37580.0,400.0,154.45,4.084
B 층수·세장비,51,2.5,150.0,194307.2,546968.7,736.9,42.92,17.17,0,0.0,0.0,0.0,0.0,0.0,104,49,798.0,8.49,37580.0,400.0,154.45,4.059
C 저층부 확대,51,2.5,165.0,194289.2,546950.7,428.8,32.74,13.1,10,2000.0,2.2,194295.2,546944.7,52.0,104,40,2097.5,22.33,37580.0,400.0,154.45,4.169
C 저층부 확대,51,3.0,165.0,194289.2,546968.7,331.2,31.52,10.51,10,2400.0,3.0,194307.2,546944.7,52.0,104,42,2514.1,26.76,37580.0,400.0,154.45,4.15
B 층수·세장비,49,1.5,0.0,194307.2,546956.7,766.9,33.92,22.61,0,0.0,0.0,0.0,0.0,0.0,104,58,824.5,8.78,37580.0,400.0,148.55,4.103
B 층수·세장비,49,1.5,150.0,194295.2,546968.7,766.9,33.92,22.61,0,0.0,0.0,0.0,0.0,0.0,104,49,824.5,8.78,37580.0,400.0,148.55,4.089
B 층수·세장비,49,2.5,150.0,194307.2,546968.7,766.9,43.79,17.52,0,0.0,0.0,0.0,0.0,0.0,104,49,829.2,8.83,37580.0,400.0,148.55,4.057
B 층수·세장비,45,1.25,135.0,194319.2,546992.7,835.1,32.31,25.85,0,0.0,0.0,0.0,0.0,0.0,104,52,894.3,9.52,37580.0,400.0,136.75,4.017
C 저층부 확대,45,3.0,165.0,194289.2,546950.7,730.9,46.82,15.61,10,1200.0,2.2,194283.2,546956.7,52.0,104,35,1275.7,13.58,37580.0,400.0,136.75,4.145
C 저층부 확대,45,2.5,165.0,194289.2,546968.7,388.0,31.14,12.46,10,2400.0,2.2,194295.2,546956.7,52.0,104,35,2506.7,26.68,37580.0,400.0,136.75,4.136
B 층수·세장비,43,1.25,60.0,194319.2,546968.7,874.0,33.05,26.44,0,0.0,0.0,0.0,0.0,0.0,104,53,934.4,9.95,37580.0,400.0,130.85,4.027
B 층수·세장비,43,1.25,135.0,194319.2,546992.7,874.0,33.05,26.44,0,0.0,0.0,0.0,0.0,0.0,104,50,934.4,9.95,37580.0,400.0,130.85,4.019
B 층수·세장비,43,2.0,0.0,194307.2,546968.7,874.0,41.81,20.9,0,0.0,0.0,0.0,0.0,0.0,104,60,937.7,9.98,37580.0,400.0,130.85,4.09
B 층수·세장비,41,2.5,135.0,194319.2,546968.7,916.6,47.87,19.15,0,0.0,0.0,0.0,0.0,0.0,104,51,984.6,10.48,37580.0,400.0,124.95,4.016
B 층수·세장비,41,4.0,135.0,194331.2,546980.7,916.6,60.55,15.14,0,0.0,0.0,0.0,0.0,0.0,104,37,993.3,10.57,37580.0,400.0,124.95,3.966
C 저층부 확대,39,2.5,165.0,194307.2,546968.7,1020.0,50.5,20.2,10,800.0,1.6,194271.2,546956.7,52.0,104,33,1091.7,11.62,37580.0,400.0,119.05,4.022
C 저층부 확대,39,2.5,165.0,194289.2,546950.7,744.1,43.13,17.25,10,1600.0,2.2,194295.2,546944.7,52.0,104,44,1687.3,17.96,37580.0,400.0,119.05,4.168
C 저층부 확대,39,3.0,165.0,194271.2,546950.7,468.3,37.48,12.49,10,2400.0,2.2,194319.2,546956.7,52.0,104,27,2506.7,26.68,37580.0,400.0,119.05,4.147
A 방위·위치,55,2.0,30.0,194331.2,546980.7,683.3,36.97,18.48,0,0.0,0.0,0.0,0.0,0.0,105,50,739.7,7.87,37580.0,400.0,166.25,3.995
A 방위·위치,55,2.0,105.0,194271.2,546944.7,683.3,36.97,18.48,0,0.0,0.0,0.0,0.0,0.0,105,37,739.7,7.87,37580.0,400.0,166.25,4.119
A 방위·위치,55,2.0,150.0,194307.2,546980.7,683.3,36.97,18.48,0,0.0,0.0,0.0,0.0,0.0,105,57,739.7,7.87,37580.0,400.0,166.25,4.049
A 방위·위치,55,2.0,165.0,194283.2,546944.7,683.3,36.97,18.48,0,0.0,0.0,0.0,0.0,0.0,105,52,739.7,7.87,37580.0,400.0,166.25,4.17
C 저층부 확대,55,3.0,165.0,194289.2,546950.7,657.3,44.41,14.8,10,800.0,1.6,194307.2,546944.7,52.0,105,47,859.1,9.14,37580.0,400.0,166.25,4.141
C 저층부 확대,55,3.0,165.0,194289.2,546950.7,657.3,44.41,14.8,10,800.0,2.2,194271.2,546944.7,52.0,105,33,862.0,9.18,37580.0,400.0,166.25,4.148
C 저층부 확대,55,2.5,165.0,194271.2,546932.7,568.4,37.7,15.08,10,1200.0,1.6,194307.2,546956.7,52.0,105,24,1272.2,13.54,37580.0,400.0,166.25,4.138
B 층수·세장비,53,3.0,150.0,194307.2,546968.7,709.1,46.12,15.37,0,0.0,0.0,0.0,0.0,0.0,105,48,771.6,8.21,37580.0,400.0,160.35,4.052
B 층수·세장비,53,4.0,150.0,194307.2,546968.7,709.1,53.26,13.31,0,0.0,0.0,0.0,0.0,0.0,105,48,776.6,8.27,37580.0,400.0,160.35,4.037
B 층수·세장비,51,1.5,60.0,194319.2,546968.7,736.9,33.25,22.16,0,0.0,0.0,0.0,0.0,0.0,105,54,793.3,8.44,37580.0,400.0,154.45,4.002
C 저층부 확대,45,2.5,165.0,194325.2,546986.7,730.9,42.75,17.1,10,1200.0,3.0,194295.2,546980.7,52.0,105,33,1281.0,13.63,37580.0,400.0,136.75,3.97
C 저층부 확대,45,3.0,165.0,194271.2,546932.7,502.3,38.82,12.94,10,2000.0,2.2,194319.2,546968.7,52.0,105,10,2097.5,22.33,37580.0,400.0,136.75,4.1
B 층수·세장비,43,1.25,60.0,194319.2,546956.7,874.0,33.05,26.44,0,0.0,0.0,0.0,0.0,0.0,105,51,934.4,9.95,37580.0,400.0,130.85,4.056
B 층수·세장비,39,1.25,165.0,194307.2,546968.7,963.6,34.71,27.76,0,0.0,0.0,0.0,0.0,0.0,105,49,1027.1,10.93,37580.0,400.0,119.05,4.07
C 저층부 확대,39,4.0,165.0,194289.2,546950.7,606.2,49.24,12.31,10,2000.0,1.6,194307.2,546944.7,52.0,105,46,2092.9,22.28,37580.0,400.0,119.05,4.163
A 방위·위치,55,2.0,45.0,194271.2,546944.7,683.3,36.97,18.48,0,0.0,0.0,0.0,0.0,0.0,106,37,739.7,7.87,37580.0,400.0,166.25,4.147
A 방위·위치,55,2.0,45.0,194319.2,546980.7,683.3,36.97,18.48,0,0.0,0.0,0.0,0.0,0.0,106,52,739.7,7.87,37580.0,400.0,166.25,3.97
A 방위·위치,55,2.0,60.0,194271.2,546944.7,683.3,36.97,18.48,0,0.0,0.0,0.0,0.0,0.0,106,37,739.7,7.87,37580.0,400.0,166.25,4.124
A 방위·위치,55,2.0,90.0,194331.2,546980.7,683.3,36.97,18.48,0,0.0,0.0,0.0,0.0,0.0,106,45,739.7,7.87,37580.0,400.0,166.25,3.931
A 방위·위치,55,2.0,135.0,194295.2,546956.7,683.3,36.97,18.48,0,0.0,0.0,0.0,0.0,0.0,106,48,739.7,7.87,37580.0,400.0,166.25,4.073
B 층수·세장비,51,3.0,60.0,194331.2,546956.7,736.9,47.02,15.67,0,0.0,0.0,0.0,0.0,0.0,106,43,800.6,8.52,37580.0,400.0,154.45,3.932
C 저층부 확대,51,2.5,165.0,194271.2,546950.7,623.9,39.49,15.8,10,1200.0,4.0,194307.2,546944.7,52.0,106,42,1287.6,13.71,37580.0,400.0,154.45,4.156
C 저층부 확대,51,2.5,165.0,194325.2,546986.7,623.9,39.49,15.8,10,1200.0,2.2,194283.2,546968.7,52.0,106,31,1275.7,13.58,37580.0,400.0,154.45,3.968
C 저층부 확대,51,3.0,165.0,194271.2,546932.7,331.2,31.52,10.51,10,2400.0,1.6,194295.2,546968.7,52.0,106,25,2501.7,26.63,37580.0,400.0,154.45,4.124
B 층수·세장비,47,2.0,60.0,194331.2,546980.7,799.6,39.99,19.99,0,0.0,0.0,0.0,0.0,0.0,106,43,860.6,9.16,37580.0,400.0,142.65,3.952
B 층수·세장비,47,2.0,150.0,194307.2,546968.7,799.6,39.99,19.99,0,0.0,0.0,0.0,0.0,0.0,106,49,860.6,9.16,37580.0,400.0,142.65,4.059
C 저층부 확대,45,2.5,165.0,194271.2,546932.7,502.3,35.44,14.17,10,2000.0,1.6,194295.2,546968.7,52.0,106,25,2092.9,22.28,37580.0,400.0,136.75,4.127
C 저층부 확대,45,2.5,165.0,194271.2,546950.7,388.0,31.14,12.46,10,2400.0,3.0,194307.2,546956.7,52.0,106,29,2514.1,26.76,37580.0,400.0,136.75,4.143
B 층수·세장비,41,1.25,60.0,194319.2,546992.7,916.6,33.85,27.08,0,0.0,0.0,0.0,0.0,0.0,106,49,978.5,10.42,37580.0,400.0,124.95,4.006
C 저층부 확대,39,3.0,165.0,194325.2,546986.7,468.3,37.48,12.49,10,2400.0,4.0,194295.2,546980.7,52.0,106,19,2523.5,26.86,37580.0,400.0,119.05,4.004
C 저층부 확대,39,4.0,165.0,194271.2,546932.7,330.3,36.35,9.09,10,2800.0,1.6,194307.2,546968.7,52.0,106,18,2909.8,30.97,37580.0,400.0,119.05,4.127
C 저층부 확대,39,2.5,165.0,194289.2,546950.7,330.3,28.74,11.5,10,2800.0,1.6,194307.2,546956.7,52.0,106,43,2909.8,30.97,37580.0,400.0,119.05,4.166
A 방위·위치,55,2.0,30.0,194271.2,546944.7,683.3,36.97,18.48,0,0.0,0.0,0.0,0.0,0.0,107,39,739.7,7.87,37580.0,400.0,166.25,4.178
A 방위·위치,55,2.0,90.0,194271.2,546944.7,683.3,36.97,18.48,0,0.0,0.0,0.0,0.0,0.0,107,39,739.7,7.87,37580.0,400.0,166.25,4.116
A 방위·위치,55,2.0,105.0,194319.2,546980.7,683.3,36.97,18.48,0,0.0,0.0,0.0,0.0,0.0,107,49,739.7,7.87,37580.0,400.0,166.25,3.939
C 저층부 확대,55,2.5,165.0,194271.2,546950.7,568.4,37.7,15.08,10,1200.0,3.0,194331.2,546956.7,52.0,107,37,1281.0,13.63,37580.0,400.0,166.25,4.117
C 저층부 확대,55,4.0,165.0,194289.2,546950.7,479.6,43.8,10.95,10,1600.0,1.6,194283.2,546956.7,52.0,107,36,1683.2,17.92,37580.0,400.0,166.25,4.15
C 저층부 확대,55,2.5,165.0,194307.2,546950.7,479.6,34.62,13.85,10,1600.0,4.0,194307.2,546980.7,52.0,107,32,1701.0,18.11,37580.0,400.0,166.25,4.029
B 층수·세장비,49,2.0,150.0,194307.2,546968.7,766.9,39.16,19.58,0,0.0,0.0,0.0,0.0,0.0,107,49,826.7,8.8,37580.0,400.0,148.55,4.063
B 층수·세장비,47,2.0,0.0,194307.2,546968.7,799.6,39.99,19.99,0,0.0,0.0,0.0,0.0,0.0,107,60,860.6,9.16,37580.0,400.0,142.65,4.084
C 저층부 확대,45,3.0,165.0,194325.2,546986.7,730.9,46.82,15.61,10,1200.0,2.2,194283.2,546968.7,52.0,107,28,1275.7,13.58,37580.0,400.0,136.75,3.959
B 층수·세장비,43,2.0,135.0,194307.2,546956.7,874.0,41.81,20.9,0,0.0,0.0,0.0,0.0,0.0,107,45,937.7,9.98,37580.0,400.0,130.85,4.073
C 저층부 확대,55,3.0,165.0,194289.2,546950.7,479.6,37.93,12.64,10,1600.0,1.6,194283.2,546956.7,52.0,108,36,1683.2,17.92,37580.0,400.0,166.25,4.155
C 저층부 확대,51,3.0,165.0,194289.2,546950.7,721.5,46.52,15.51,10,800.0,2.2,194283.2,546956.7,52.0,108,43,862.0,9.18,37580.0,400.0,154.45,4.142
C 저층부 확대,51,3.0,165.0,194289.2,546950.7,721.5,46.52,15.51,10,800.0,3.0,194271.2,546956.7,52.0,108,25,866.3,9.22,37580.0,400.0,154.45,4.138
C 저층부 확대,51,4.0,165.0,194289.2,546950.7,331.2,36.4,9.1,10,2400.0,2.2,194283.2,546956.7,52.0,108,25,2506.7,26.68,37580.0,400.0,154.45,4.148
B 층수·세장비,49,4.0,135.0,194319.2,546968.7,766.9,55.39,13.85,0,0.0,0.0,0.0,0.0,0.0,108,50,837.2,8.91,37580.0,400.0,148.55,3.96
B 층수·세장비,47,1.25,135.0,194319.2,546956.7,799.6,31.61,25.29,0,0.0,0.0,0.0,0.0,0.0,108,52,857.5,9.13,37580.0,400.0,142.65,4.066
B 층수·세장비,47,3.0,60.0,194331.2,546956.7,799.6,48.98,16.33,0,0.0,0.0,0.0,0.0,0.0,108,42,865.9,9.22,37580.0,400.0,142.65,3.942
B 층수·세장비,45,2.0,135.0,194295.2,546968.7,835.1,40.87,20.43,0,0.0,0.0,0.0,0.0,0.0,108,49,897.4,9.55,37580.0,400.0,136.75,4.069
B 층수·세장비,45,3.0,60.0,194331.2,546956.7,835.1,50.05,16.68,0,0.0,0.0,0.0,0.0,0.0,108,41,902.8,9.61,37580.0,400.0,136.75,3.947
C 저층부 확대,45,2.5,165.0,194289.2,546950.7,845.1,45.97,18.39,10,800.0,3.0,194295.2,546944.7,52.0,108,46,910.5,9.69,37580.0,400.0,136.75,4.143
C 저층부 확대,45,2.5,165.0,194307.2,546968.7,845.1,45.97,18.39,10,800.0,2.2,194319.2,546992.7,52.0,108,41,910.5,9.69,37580.0,400.0,136.75,4.019
C 저층부 확대,45,2.5,165.0,194289.2,546950.7,616.6,39.26,15.7,10,1600.0,2.2,194307.2,546944.7,52.0,108,46,1687.3,17.96,37580.0,400.0,136.75,4.149
B 층수·세장비,43,2.5,60.0,194331.2,546968.7,874.0,46.74,18.7,0,0.0,0.0,0.0,0.0,0.0,108,38,940.4,10.01,37580.0,400.0,130.85,3.949
A 방위·위치,55,2.0,60.0,194319.2,546992.7,683.3,36.97,18.48,0,0.0,0.0,0.0,0.0,0.0,109,49,739.7,7.87,37580.0,400.0,166.25,3.94
A 방위·위치,55,2.0,75.0,194319.2,546980.7,683.3,36.97,18.48,0,0.0,0.0,0.0,0.0,0.0,109,50,739.7,7.87,37580.0,400.0,166.25,3.937
C 저층부 확대,55,3.0,165.0,194325.2,546986.7,657.3,44.41,14.8,10,800.0,4.0,194271.2,546968.7,52.0,109,16,871.7,9.28,37580.0,400.0,166.25,3.948
B 층수·세장비,53,1.5,0.0,194307.2,546968.7,709.1,32.61,21.74,0,0.0,0.0,0.0,0.0,0.0,109,61,764.4,8.14,37580.0,400.0,160.35,4.074
C 저층부 확대,45,2.5,165.0,194289.2,546950.7,730.9,42.75,17.1,10,1200.0,2.2,194283.2,546956.7,52.0,109,35,1275.7,13.58,37580.0,400.0,136.75,4.145
B 층수·세장비,43,1.5,60.0,194319.2,546956.7,874.0,36.21,24.14,0,0.0,0.0,0.0,0.0,0.0,109,51,935.3,9.96,37580.0,400.0,130.85,4.042
C 저층부 확대,39,4.0,165.0,194289.2,546950.7,1020.0,63.87,15.97,10,800.0,1.6,194283.2,546932.7,52.0,109,43,1100.8,11.72,37580.0,400.0,119.05,4.139
C 저층부 확대,39,2.5,165.0,194325.2,546986.7,882.1,46.96,18.78,10,1200.0,2.2,194295.2,546980.7,52.0,109,30,1275.7,13.58,37580.0,400.0,119.05,3.967
C 저층부 확대,39,2.5,165.0,194289.2,546950.7,468.3,34.22,13.69,10,2400.0,2.2,194307.2,546944.7,52.0,109,43,2506.7,26.68,37580.0,400.0,119.05,4.174
A 방위·위치,55,2.0,30.0,194319.2,546980.7,683.3,36.97,18.48,0,0.0,0.0,0.0,0.0,0.0,110,52,739.7,7.87,37580.0,400.0,166.25,3.998
A 방위·위치,55,2.0,30.0,194319.2,546992.7,683.3,36.97,18.48,0,0.0,0.0,0.0,0.0,0.0,110,48,739.7,7.87,37580.0,400.0,166.25,3.99
A 방위·위치,55,2.0,75.0,194271.2,546944.7,683.3,36.97,18.48,0,0.0,0.0,0.0,0.0,0.0,110,40,739.7,7.87,37580.0,400.0,166.25,4.117
B 층수·세장비,55,1.25,150.0,194307.2,546956.7,683.3,29.22,23.38,0,0.0,0.0,0.0,0.0,0.0,110,46,736.9,7.84,37580.0,400.0,166.25,4.082
C 저층부 확대,55,3.0,165.0,194271.2,546932.7,479.6,37.93,12.64,10,1600.0,4.0,194295.2,546956.7,52.0,110,25,1701.0,18.11,37580.0,400.0,166.25,4.125
B 층수·세장비,53,1.25,165.0,194295.2,546968.7,709.1,29.77,23.82,0,0.0,0.0,0.0,0.0,0.0,110,50,763.6,8.13,37580.0,400.0,160.35,4.093
B 층수·세장비,51,1.25,135.0,194319.2,546956.7,736.9,30.35,24.28,0,0.0,0.0,0.0,0.0,0.0,110,52,792.5,8.44,37580.0,400.0,154.45,4.062
C 저층부 확대,51,4.0,165.0,194271.2,546932.7,526.3,45.88,11.47,10,1600.0,2.2,194307.2,546968.7,52.0,110,22,1687.3,17.96,37580.0,400.0,154.45,4.087
C 저층부 확대,51,3.0,165.0,194271.2,546950.7,526.3,39.74,13.25,10,1600.0,3.0,194319.2,546956.7,52.0,110,33,1693.4,18.02,37580.0,400.0,154.45,4.119
C 저층부 확대,51,3.0,165.0,194289.2,546950.7,526.3,39.74,13.25,10,1600.0,1.6,194307.2,546944.7,52.0,110,46,1683.2,17.92,37580.0,400.0,154.45,4.151
C 저층부 확대,51,2.5,165.0,194271.2,546932.7,428.8,32.74,13.1,10,2000.0,2.2,194295.2,546968.7,52.0,110,25,2097.5,22.33,37580.0,400.0,154.45,4.111
C 저층부 확대,51,2.5,165.0,194289.2,546968.7,331.2,28.78,11.51,10,2400.0,2.2,194319.2,546956.7,52.0,110,34,2506.7,26.68,37580.0,400.0,154.45,4.114
C 저층부 확대,45,2.5,165.0,194325.2,546986.7,730.9,42.75,17.1,10,1200.0,2.2,194283.2,546968.7,52.0,110,29,1275.7,13.58,37580.0,400.0,136.75,3.96
C 저층부 확대,45,3.0,165.0,194271.2,546932.7,388.0,34.12,11.37,10,2400.0,3.0,194295.2,546968.7,52.0,110,23,2514.1,26.76,37580.0,400.0,136.75,4.114
B 층수·세장비,41,1.25,0.0,194307.2,546968.7,916.6,33.85,27.08,0,0.0,0.0,0.0,0.0,0.0,110,54,978.5,10.42,37580.0,400.0,124.95,4.077
C 저층부 확대,39,2.5,165.0,194289.2,546932.7,468.3,34.22,13.69,10,2400.0,2.2,194295.2,546944.7,52.0,110,33,2506.7,26.68,37580.0,400.0,119.05,4.205
A 방위·위치,55,2.0,0.0,194283.2,546932.7,683.3,36.97,18.48,0,0.0,0.0,0.0,0.0,0.0,111,37,739.7,7.87,37580.0,400.0,166.25,4.197
A 방위·위치,55,2.0,135.0,194283.2,546944.7,683.3,36.97,18.48,0,0.0,0.0,0.0,0.0,0.0,111,47,739.7,7.87,37580.0,400.0,166.25,4.107
A 방위·위치,55,2.0,135.0,194283.2,546956.7,683.3,36.97,18.48,0,0.0,0.0,0.0,0.0,0.0,111,50,739.7,7.87,37580.0,400.0,166.25,4.106
B 층수·세장비,55,2.5,60.0,194331.2,546980.7,683.3,41.33,16.53,0,0.0,0.0,0.0,0.0,0.0,111,46,742.1,7.9,37580.0,400.0,166.25,3.913
C 저층부 확대,55,2.5,165.0,194289.2,546950.7,657.3,40.54,16.22,10,800.0,3.0,194283.2,546956.7,52.0,111,42,866.3,9.22,37580.0,400.0,166.25,4.135
C 저층부 확대,51,4.0,165.0,194271.2,546950.7,331.2,36.4,9.1,10,2400.0,3.0,194307.2,546956.7,52.0,111,31,2514.1,26.76,37580.0,400.0,154.45,4.132
C 저층부 확대,51,3.0,165.0,194271.2,546950.7,331.2,31.52,10.51,10,2400.0,4.0,194307.2,546956.7,52.0,111,24,2523.5,26.86,37580.0,400.0,154.45,4.123
B 층수·세장비,45,1.25,150.0,194307.2,546968.7,835.1,32.31,25.85,0,0.0,0.0,0.0,0.0,0.0,111,49,894.3,9.52,37580.0,400.0,136.75,4.059
B 층수·세장비,45,1.5,135.0,194295.2,546968.7,835.1,35.39,23.6,0,0.0,0.0,0.0,0.0,0.0,111,49,895.1,9.53,37580.0,400.0,136.75,4.077
B 층수·세장비,39,1.25,60.0,194319.2,546992.7,963.6,34.71,27.76,0,0.0,0.0,0.0,0.0,0.0,111,49,1027.1,10.93,37580.0,400.0,119.05,4.009
C 저층부 확대,39,2.5,165.0,194289.2,546950.7,1020.0,50.5,20.2,10,800.0,2.2,194283.2,546956.7,52.0,111,41,1091.7,11.62,37580.0,400.0,119.05,4.147
A 방위·위치,55,2.0,75.0,194319.2,546992.7,683.3,36.97,18.48,0,0.0,0.0,0.0,0.0,0.0,112,49,739.7,7.87,37580.0,400.0,166.25,3.926
A 방위·위치,55,2.0,90.0,194319.2,546980.7,683.3,36.97,18.48,0,0.0,0.0,0.0,0.0,0.0,112,49,739.7,7.87,37580.0,400.0,166.25,3.933
A 방위·위치,55,2.0,135.0,194283.2,546932.7,683.3,36.97,18.48,0,0.0,0.0,0.0,0.0,0.0,112,38,739.7,7.87,37580.0,400.0,166.25,4.124
C 저층부 확대,55,3.0,165.0,194289.2,546968.7,390.7,34.23,11.41,10,2000.0,3.0,194319.2,546956.7,52.0,112,34,2104.3,22.4,37580.0,400.0,166.25,4.096
C 저층부 확대,51,2.5,165.0,194307.2,546950.7,623.9,39.49,15.8,10,1200.0,4.0,194295.2,546980.7,52.0,112,42,1287.6,13.71,37580.0,400.0,154.45,4.023
B 층수·세장비,49,1.25,165.0,194307.2,546980.7,766.9,30.96,24.77,0,0.0,0.0,0.0,0.0,0.0,112,59,823.7,8.77,37580.0,400.0,148.55,4.045
B 층수·세장비,47,1.25,60.0,194319.2,546956.7,799.6,31.61,25.29,0,0.0,0.0,0.0,0.0,0.0,112,52,857.5,9.13,37580.0,400.0,142.65,4.05
B 층수·세장비,47,1.25,165.0,194295.2,546968.7,799.6,31.61,25.29,0,0.0,0.0,0.0,0.0,0.0,112,50,857.5,9.13,37580.0,400.0,142.65,4.093
B 층수·세장비,47,1.25,165.0,194307.2,546980.7,799.6,31.61,25.29,0,0.0,0.0,0.0,0.0,0.0,112,59,857.5,9.13,37580.0,400.0,142.65,4.044
C 저층부 확대,45,2.5,165.0,194289.2,546950.7,845.1,45.97,18.39,10,800.0,1.6,194271.2,546956.7,52.0,112,32,910.5,9.69,37580.0,400.0,136.75,4.14
C 저층부 확대,45,2.5,165.0,194289.2,546950.7,845.1,45.97,18.39,10,800.0,2.2,194307.2,546944.7,52.0,112,46,910.5,9.69,37580.0,400.0,136.75,4.135
C 저층부 확대,45,2.5,165.0,194289.2,546932.7,388.0,31.14,12.46,10,2400.0,2.2,194295.2,546944.7,52.0,112,34,2506.7,26.68,37580.0,400.0,136.75,4.204
B 층수·세장비,41,1.25,135.0,194307.2,546968.7,916.6,33.85,27.08,0,0.0,0.0,0.0,0.0,0.0,112,46,978.5,10.42,37580.0,400.0,124.95,4.063
A 방위·위치,55,2.0,135.0,194295.2,546968.7,683.3,36.97,18.48,0,0.0,0.0,0.0,0.0,0.0,113,49,739.7,7.87,37580.0,400.0,166.25,4.057
C 저층부 확대,51,3.0,165.0,194289.2,546950.7,721.5,46.52,15.51,10,800.0,4.0,194271.2,546956.7,52.0,113,24,871.7,9.28,37580.0,400.0,154.45,4.134
C 저층부 확대,51,2.5,165.0,194271.2,546932.7,428.8,32.74,13.1,10,2000.0,4.0,194295.2,546968.7,52.0,113,21,2112.8,22.49,37580.0,400.0,154.45,4.092
C 저층부 확대,51,2.5,165.0,194271.2,546950.7,331.2,28.78,11.51,10,2400.0,1.6,194295.2,546956.7,52.0,113,37,2501.7,26.63,37580.0,400.0,154.45,4.164
B 층수·세장비,49,1.25,165.0,194295.2,546968.7,766.9,30.96,24.77,0,0.0,0.0,0.0,0.0,0.0,113,50,823.7,8.77,37580.0,400.0,148.55,4.094
B 층수·세장비,49,1.5,60.0,194319.2,546968.7,766.9,33.92,22.61,0,0.0,0.0,0.0,0.0,0.0,113,54,824.5,8.78,37580.0,400.0,148.55,4.001
B 층수·세장비,49,1.5,150.0,194307.2,546980.7,766.9,33.92,22.61,0,0.0,0.0,0.0,0.0,0.0,113,54,824.5,8.78,37580.0,400.0,148.55,4.043
B 층수·세장비,47,1.5,60.0,194319.2,546956.7,799.6,34.63,23.09,0,0.0,0.0,0.0,0.0,0.0,113,52,858.3,9.14,37580.0,400.0,142.65,4.032
C 저층부 확대,45,2.5,165.0,194289.2,546950.7,845.1,45.97,18.39,10,800.0,4.0,194295.2,546944.7,52.0,113,46,910.5,9.69,37580.0,400.0,136.75,4.136
B 층수·세장비,39,2.0,135.0,194307.2,546968.7,963.6,43.9,21.95,0,0.0,0.0,0.0,0.0,0.0,113,44,1030.4,10.97,37580.0,400.0,119.05,4.049
C 저층부 확대,39,2.5,165.0,194271.2,546950.7,468.3,34.22,13.69,10,2400.0,3.0,194295.2,546956.7,52.0,113,24,2514.1,26.76,37580.0,400.0,119.05,4.153
A 방위·위치,55,2.0,0.0,194295.2,546968.7,683.3,36.97,18.48,0,0.0,0.0,0.0,0.0,0.0,114,50,739.7,7.87,37580.0,400.0,166.25,4.108
A 방위·위치,55,2.0,165.0,194283.2,546956.7,683.3,36.97,18.48,0,0.0,0.0,0.0,0.0,0.0,114,56,739.7,7.87,37580.0,400.0,166.25,4.163
B 층수·세장비,55,2.5,135.0,194295.2,546968.7,683.3,41.33,16.53,0,0.0,0.0,0.0,0.0,0.0,114,49,742.1,7.9,37580.0,400.0,166.25,4.042
B 층수·세장비,53,2.5,135.0,194295.2,546968.7,709.1,42.1,16.84,0,0.0,0.0,0.0,0.0,0.0,114,49,769.0,8.19,37580.0,400.0,160.35,4.042
B 층수·세장비,51,1.25,165.0,194307.2,546980.7,736.9,30.35,24.28,0,0.0,0.0,0.0,0.0,0.0,114,59,792.5,8.44,37580.0,400.0,154.45,4.046
B 층수·세장비,47,1.5,150.0,194307.2,546980.7,799.6,34.63,23.09,0,0.0,0.0,0.0,0.0,0.0,114,53,858.3,9.14,37580.0,400.0,142.65,4.04
C 저층부 확대,45,3.0,165.0,194289.2,546950.7,616.6,43.01,14.34,10,1600.0,3.0,194283.2,546956.7,52.0,114,25,1693.4,18.02,37580.0,400.0,136.75,4.129
B 층수·세장비,41,3.0,135.0,194319.2,546968.7,916.6,52.44,17.48,0,0.0,0.0,0.0,0.0,0.0,114,48,987.5,10.51,37580.0,400.0,124.95,4.002
C 저층부 확대,39,4.0,165.0,194289.2,546950.7,882.1,59.4,14.85,10,1200.0,2.2,194283.2,546956.7,52.0,114,34,1275.7,13.58,37580.0,400.0,119.05,4.139
C 저층부 확대,39,2.5,165.0,194271.2,546950.7,330.3,28.74,11.5,10,2800.0,1.6,194295.2,546968.7,52.0,114,39,2909.8,30.97,37580.0,400.0,119.05,4.154
A 방위·위치,55,2.0,120.0,194319.2,546968.7,683.3,36.97,18.48,0,0.0,0.0,0.0,0.0,0.0,115,53,739.7,7.87,37580.0,400.0,166.25,3.981
B 층수·세장비,55,1.5,0.0,194307.2,546980.7,683.3,32.01,21.34,0,0.0,0.0,0.0,0.0,0.0,115,63,737.6,7.85,37580.0,400.0,166.25,4.054
C 저층부 확대,51,2.5,165.0,194271.2,546950.7,428.8,32.74,13.1,10,2000.0,2.2,194295.2,546956.7,52.0,115,36,2097.5,22.33,37580.0,400.0,154.45,4.148
C 저층부 확대,45,3.0,165.0,194289.2,546968.7,388.0,34.12,11.37,10,2400.0,2.2,194319.2,546968.7,52.0,115,29,2506.7,26.68,37580.0,400.0,136.75,4.079
B 층수·세장비,43,1.5,60.0,194319.2,546968.7,874.0,36.21,24.14,0,0.0,0.0,0.0,0.0,0.0,115,53,935.3,9.96,37580.0,400.0,130.85,4.011
B 층수·세장비,43,2.5,135.0,194307.2,546968.7,874.0,46.74,18.7,0,0.0,0.0,0.0,0.0,0.0,115,44,940.4,10.01,37580.0,400.0,130.85,4.025
B 층수·세장비,39,1.5,135.0,194307.2,546968.7,963.6,38.02,25.35,0,0.0,0.0,0.0,0.0,0.0,115,45,1028.0,10.94,37580.0,400.0,119.05,4.063
B 층수·세장비,39,2.5,135.0,194319.2,546968.7,963.6,49.08,19.63,0,0.0,0.0,0.0,0.0,0.0,115,51,1033.3,11.0,37580.0,400.0,119.05,4.02
C 저층부 확대,39,2.5,165.0,194289.2,546950.7,1020.0,50.5,20.2,10,800.0,3.0,194271.2,546956.7,52.0,115,24,1091.7,11.62,37580.0,400.0,119.05,4.139
C 저층부 확대,39,4.0,165.0,194289.2,546950.7,744.1,54.56,13.64,10,1600.0,3.0,194307.2,546944.7,52.0,115,44,1693.4,18.02,37580.0,400.0,119.05,4.135
A 방위·위치,55,2.0,0.0,194295.2,546956.7,683.3,36.97,18.48,0,0.0,0.0,0.0,0.0,0.0,116,48,739.7,7.87,37580.0,400.0,166.25,4.136
A 방위·위치,55,2.0,30.0,194319.2,546968.7,683.3,36.97,18.48,0,0.0,0.0,0.0,0.0,0.0,116,53,739.7,7.87,37580.0,400.0,166.25,4.015
B 층수·세장비,55,1.5,60.0,194319.2,546956.7,683.3,32.01,21.34,0,0.0,0.0,0.0,0.0,0.0,116,52,737.6,7.85,37580.0,400.0,166.25,4.028
C 저층부 확대,55,4.0,165.0,194271.2,546932.7,479.6,43.8,10.95,10,1600.0,3.0,194283.2,546968.7,52.0,116,24,1693.4,18.02,37580.0,400.0,166.25,4.097
C 저층부 확대,55,3.0,165.0,194289.2,546968.7,390.7,34.23,11.41,10,2000.0,1.6,194307.2,546968.7,52.0,116,45,2092.9,22.28,37580.0,400.0,166.25,4.097
B 층수·세장비,53,1.25,0.0,194307.2,546980.7,709.1,29.77,23.82,0,0.0,0.0,0.0,0.0,0.0,116,63,763.6,8.13,37580.0,400.0,160.35,4.047
C 저층부 확대,51,2.5,165.0,194271.2,546950.7,526.3,36.27,14.51,10,1600.0,4.0,194319.2,546956.7,52.0,116,30,1701.0,18.11,37580.0,400.0,154.45,4.115
B 층수·세장비,49,1.25,60.0,194319.2,546956.7,766.9,30.96,24.77,0,0.0,0.0,0.0,0.0,0.0,116,52,823.7,8.77,37580.0,400.0,148.55,4.047
B 층수·세장비,47,1.5,60.0,194319.2,546968.7,799.6,34.63,23.09,0,0.0,0.0,0.0,0.0,0.0,116,54,858.3,9.14,37580.0,400.0,142.65,4.003
B 층수·세장비,45,1.5,0.0,194307.2,546968.7,835.1,35.39,23.6,0,0.0,0.0,0.0,0.0,0.0,116,60,895.1,9.53,37580.0,400.0,136.75,4.078
B 층수·세장비,45,3.0,135.0,194307.2,546956.7,835.1,50.05,16.68,0,0.0,0.0,0.0,0.0,0.0,116,44,902.8,9.61,37580.0,400.0,136.75,4.039
B 층수·세장비,43,1.25,135.0,194295.2,546968.7,874.0,33.05,26.44,0,0.0,0.0,0.0,0.0,0.0,116,49,934.4,9.95,37580.0,400.0,130.85,4.083
B 층수·세장비,43,1.25,150.0,194307.2,546980.7,874.0,33.05,26.44,0,0.0,0.0,0.0,0.0,0.0,116,51,934.4,9.95,37580.0,400.0,130.85,4.037
B 층수·세장비,43,1.5,150.0,194307.2,546980.7,874.0,36.21,24.14,0,0.0,0.0,0.0,0.0,0.0,116,51,935.3,9.96,37580.0,400.0,130.85,4.04
B 층수·세장비,43,3.0,135.0,194307.2,546968.7,874.0,51.2,17.07,0,0.0,0.0,0.0,0.0,0.0,116,43,943.2,10.04,37580.0,400.0,130.85,4.01
A 방위·위치,55,2.0,45.0,194319.2,546992.7,683.3,36.97,18.48,0,0.0,0.0,0.0,0.0,0.0,117,48,739.7,7.87,37580.0,400.0,166.25,3.963
A 방위·위치,55,2.0,135.0,194307.2,546968.7,683.3,36.97,18.48,0,0.0,0.0,0.0,0.0,0.0,117,49,739.7,7.87,37580.0,400.0,166.25,4.033
B 층수·세장비,55,1.5,135.0,194307.2,546968.7,683.3,32.01,21.34,0,0.0,0.0,0.0,0.0,0.0,117,49,737.6,7.85,37580.0,400.0,166.25,4.04
B 층수·세장비,51,1.25,0.0,194307.2,546968.7,736.9,30.35,24.28,0,0.0,0.0,0.0,0.0,0.0,117,61,792.5,8.44,37580.0,400.0,154.45,4.068
B 층수·세장비,51,1.25,150.0,194307.2,546980.7,736.9,30.35,24.28,0,0.0,0.0,0.0,0.0,0.0,117,53,792.5,8.44,37580.0,400.0,154.45,4.036
B 층수·세장비,49,1.25,135.0,194307.2,546956.7,766.9,30.96,24.77,0,0.0,0.0,0.0,0.0,0.0,117,47,823.7,8.77,37580.0,400.0,148.55,4.075
B 층수·세장비,47,3.0,135.0,194307.2,546956.7,799.6,48.98,16.33,0,0.0,0.0,0.0,0.0,0.0,117,45,865.9,9.22,37580.0,400.0,142.65,4.036
B 층수·세장비,45,1.25,135.0,194295.2,546968.7,835.1,32.31,25.85,0,0.0,0.0,0.0,0.0,0.0,117,49,894.3,9.52,37580.0,400.0,136.75,4.079
B 층수·세장비,45,2.0,60.0,194319.2,546956.7,835.1,40.87,20.43,0,0.0,0.0,0.0,0.0,0.0,117,51,897.4,9.55,37580.0,400.0,136.75,4.007
C 저층부 확대,45,4.0,165.0,194289.2,546950.7,730.9,54.07,13.52,10,1200.0,4.0,194307.2,546944.7,52.0,117,45,1287.6,13.71,37580.0,400.0,136.75,4.118
B 층수·세장비,39,1.25,0.0,194307.2,546956.7,963.6,34.71,27.76,0,0.0,0.0,0.0,0.0,0.0,117,48,1027.1,10.93,37580.0,400.0,119.05,4.105
B 층수·세장비,39,1.5,60.0,194319.2,546992.7,963.6,38.02,25.35,0,0.0,0.0,0.0,0.0,0.0,117,49,1028.0,10.94,37580.0,400.0,119.05,3.99
C 저층부 확대,39,4.0,165.0,194289.2,546950.7,468.3,43.28,10.82,10,2400.0,3.0,194295.2,546956.7,52.0,117,31,2514.1,26.76,37580.0,400.0,119.05,4.128
C 저층부 확대,39,3.0,165.0,194289.2,546950.7,468.3,37.48,12.49,10,2400.0,4.0,194307.2,546944.7,52.0,117,35,2523.5,26.86,37580.0,400.0,119.05,4.152
C 저층부 확대,55,3.0,165.0,194271.2,546932.7,479.6,37.93,12.64,10,1600.0,2.2,194295.2,546968.7,52.0,118,25,1687.3,17.96,37580.0,400.0,166.25,4.103
C 저층부 확대,55,2.5,165.0,194271.2,546932.7,479.6,34.62,13.85,10,1600.0,2.2,194295.2,546968.7,52.0,118,25,1687.3,17.96,37580.0,400.0,166.25,4.104
C 저층부 확대,55,3.0,165.0,194271.2,546932.7,390.7,34.23,11.41,10,2000.0,2.2,194283.2,546968.7,52.0,118,25,2097.5,22.33,37580.0,400.0,166.25,4.116
B 층수·세장비,49,1.5,135.0,194307.2,546956.7,766.9,33.92,22.61,0,0.0,0.0,0.0,0.0,0.0,118,46,824.5,8.78,37580.0,400.0,148.55,4.069
B 층수·세장비,47,1.5,135.0,194307.2,546956.7,799.6,34.63,23.09,0,0.0,0.0,0.0,0.0,0.0,118,46,858.3,9.14,37580.0,400.0,142.65,4.074
B 층수·세장비,47,2.0,135.0,194307.2,546968.7,799.6,39.99,19.99,0,0.0,0.0,0.0,0.0,0.0,118,46,860.6,9.16,37580.0,400.0,142.65,4.033
C 저층부 확대,45,3.0,165.0,194271.2,546950.7,502.3,38.82,12.94,10,2000.0,2.2,194295.2,546968.7,52.0,118,39,2097.5,22.33,37580.0,400.0,136.75,4.118
B 층수·세장비,43,1.5,0.0,194295.2,546968.7,874.0,36.21,24.14,0,0.0,0.0,0.0,0.0,0.0,118,50,935.3,9.96,37580.0,400.0,130.85,4.108
A 방위·위치,55,2.0,60.0,194319.2,546968.7,683.3,36.97,18.48,0,0.0,0.0,0.0,0.0,0.0,119,54,739.7,7.87,37580.0,400.0,166.25,3.965
B 층수·세장비,53,1.25,0.0,194295.2,546968.7,709.1,29.77,23.82,0,0.0,0.0,0.0,0.0,0.0,119,50,763.6,8.13,37580.0,400.0,160.35,4.091
B 층수·세장비,45,1.25,0.0,194307.2,546968.7,835.1,32.31,25.85,0,0.0,0.0,0.0,0.0,0.0,119,58,894.3,9.52,37580.0,400.0,136.75,4.069
C 저층부 확대,45,3.0,165.0,194271.2,546932.7,502.3,38.82,12.94,10,2000.0,4.0,194295.2,546980.7,52.0,119,10,2112.8,22.49,37580.0,400.0,136.75,4.062
C 저층부 확대,45,3.0,165.0,194271.2,546950.7,388.0,34.12,11.37,10,2400.0,3.0,194307.2,546968.7,52.0,119,25,2514.1,26.76,37580.0,400.0,136.75,4.097
B 층수·세장비,41,1.25,60.0,194295.2,546968.7,916.6,33.85,27.08,0,0.0,0.0,0.0,0.0,0.0,119,49,978.5,10.42,37580.0,400.0,124.95,4.073
B 층수·세장비,41,2.0,60.0,194319.2,546956.7,916.6,42.82,21.41,0,0.0,0.0,0.0,0.0,0.0,119,51,981.8,10.45,37580.0,400.0,124.95,4.015
A 방위·위치,55,2.0,135.0,194307.2,546956.7,683.3,36.97,18.48,0,0.0,0.0,0.0,0.0,0.0,120,46,739.7,7.87,37580.0,400.0,166.25,4.057
B 층수·세장비,55,3.0,135.0,194307.2,546968.7,683.3,45.27,15.09,0,0.0,0.0,0.0,0.0,0.0,120,46,744.6,7.93,37580.0,400.0,166.25,4.003
C 저층부 확대,55,2.5,165.0,194271.2,546932.7,568.4,37.7,15.08,10,1200.0,2.2,194295.2,546968.7,52.0,120,24,1275.7,13.58,37580.0,400.0,166.25,4.101
C 저층부 확대,55,2.5,165.0,194271.2,546932.7,390.7,31.25,12.5,10,2000.0,2.2,194295.2,546968.7,52.0,120,25,2097.5,22.33,37580.0,400.0,166.25,4.106
B 층수·세장비,51,2.0,135.0,194307.2,546968.7,736.9,38.39,19.19,0,0.0,0.0,0.0,0.0,0.0,120,47,795.4,8.47,37580.0,400.0,154.45,4.03
B 층수·세장비,49,2.0,135.0,194307.2,546968.7,766.9,39.16,19.58,0,0.0,0.0,0.0,0.0,0.0,120,46,826.7,8.8,37580.0,400.0,148.55,4.032
B 층수·세장비,45,1.25,60.0,194295.2,546968.7,835.1,32.31,25.85,0,0.0,0.0,0.0,0.0,0.0,120,49,894.3,9.52,37580.0,400.0,136.75,4.063
C 저층부 확대,45,4.0,165.0,194271.2,546932.7,388.0,39.4,9.85,10,2400.0,1.6,194319.2,546980.7,52.0,120,4,2501.7,26.63,37580.0,400.0,136.75,4.075
B 층수·세장비,43,1.25,0.0,194295.2,546968.7,874.0,33.05,26.44,0,0.0,0.0,0.0,0.0,0.0,120,50,934.4,9.95,37580.0,400.0,130.85,4.099
B 층수·세장비,41,1.5,60.0,194319.2,546968.7,916.6,37.08,24.72,0,0.0,0.0,0.0,0.0,0.0,120,52,979.4,10.42,37580.0,400.0,124.95,4.016
B 층수·세장비,39,1.25,135.0,194295.2,546968.7,963.6,34.71,27.76,0,0.0,0.0,0.0,0.0,0.0,120,49,1027.1,10.93,37580.0,400.0,119.05,4.094
C 저층부 확대,39,2.5,165.0,194289.2,546950.7,882.1,46.96,18.78,10,1200.0,1.6,194295.2,546956.7,52.0,120,46,1272.2,13.54,37580.0,400.0,119.05,4.14
C 저층부 확대,39,4.0,165.0,194271.2,546932.7,468.3,43.28,10.82,10,2400.0,1.6,194319.2,546980.7,52.0,120,4,2501.7,26.63,37580.0,400.0,119.05,4.078
B 층수·세장비,55,1.25,135.0,194307.2,546968.7,683.3,29.22,23.38,0,0.0,0.0,0.0,0.0,0.0,121,50,736.9,7.84,37580.0,400.0,166.25,4.043
B 층수·세장비,53,1.5,135.0,194307.2,546956.7,709.1,32.61,21.74,0,0.0,0.0,0.0,0.0,0.0,121,46,764.4,8.14,37580.0,400.0,160.35,4.066
B 층수·세장비,53,2.0,135.0,194307.2,546956.7,709.1,37.66,18.83,0,0.0,0.0,0.0,0.0,0.0,121,46,766.5,8.16,37580.0,400.0,160.35,4.054
B 층수·세장비,51,2.0,135.0,194307.2,546956.7,736.9,38.39,19.19,0,0.0,0.0,0.0,0.0,0.0,121,46,795.4,8.47,37580.0,400.0,154.45,4.057
C 저층부 확대,51,2.5,165.0,194289.2,546950.7,331.2,28.78,11.51,10,2400.0,2.2,194307.2,546956.7,52.0,121,42,2506.7,26.68,37580.0,400.0,154.45,4.134
B 층수·세장비,49,2.0,60.0,194319.2,546992.7,766.9,39.16,19.58,0,0.0,0.0,0.0,0.0,0.0,121,49,826.7,8.8,37580.0,400.0,148.55,3.945
C 저층부 확대,45,3.0,165.0,194289.2,546950.7,502.3,38.82,12.94,10,2000.0,2.2,194307.2,546956.7,52.0,121,46,2097.5,22.33,37580.0,400.0,136.75,4.12
B 층수·세장비,39,1.25,135.0,194307.2,546980.7,963.6,34.71,27.76,0,0.0,0.0,0.0,0.0,0.0,121,45,1027.1,10.93,37580.0,400.0,119.05,4.037
A 방위·위치,55,2.0,15.0,194307.2,546956.7,683.3,36.97,18.48,0,0.0,0.0,0.0,0.0,0.0,122,49,739.7,7.87,37580.0,400.0,166.25,4.087
B 층수·세장비,55,1.25,60.0,194307.2,546980.7,683.3,29.22,23.38,0,0.0,0.0,0.0,0.0,0.0,122,51,736.9,7.84,37580.0,400.0,166.25,4.006
C 저층부 확대,55,3.0,165.0,194271.2,546932.7,390.7,34.23,11.41,10,2000.0,4.0,194283.2,546968.7,52.0,122,25,2112.8,22.49,37580.0,400.0,166.25,4.093
C 저층부 확대,55,2.5,165.0,194289.2,546968.7,390.7,31.25,12.5,10,2000.0,1.6,194319.2,546968.7,52.0,122,35,2092.9,22.28,37580.0,400.0,166.25,4.075
B 층수·세장비,53,1.25,60.0,194307.2,546956.7,709.1,29.77,23.82,0,0.0,0.0,0.0,0.0,0.0,122,47,763.6,8.13,37580.0,400.0,160.35,4.055
C 저층부 확대,45,3.0,165.0,194289.2,546950.7,388.0,34.12,11.37,10,2400.0,2.2,194295.2,546968.7,52.0,122,44,2506.7,26.68,37580.0,400.0,136.75,4.11
C 저층부 확대,39,2.5,165.0,194289.2,546950.7,1020.0,50.5,20.2,10,800.0,4.0,194283.2,546956.7,52.0,122,36,1091.7,11.62,37580.0,400.0,119.05,4.126
A 방위·위치,55,2.0,30.0,194319.2,546956.7,683.3,36.97,18.48,0,0.0,0.0,0.0,0.0,0.0,123,54,739.7,7.87,37580.0,400.0,166.25,4.044
A 방위·위치,55,2.0,60.0,194319.2,546956.7,683.3,36.97,18.48,0,0.0,0.0,0.0,0.0,0.0,123,52,739.7,7.87,37580.0,400.0,166.25,3.99
A 방위·위치,55,2.0,90.0,194319.2,546968.7,683.3,36.97,18.48,0,0.0,0.0,0.0,0.0,0.0,123,51,739.7,7.87,37580.0,400.0,166.25,3.95
B 층수·세장비,55,1.25,60.0,194307.2,546968.7,683.3,29.22,23.38,0,0.0,0.0,0.0,0.0,0.0,123,51,736.9,7.84,37580.0,400.0,166.25,4.03
B 층수·세장비,55,1.5,135.0,194307.2,546956.7,683.3,32.01,21.34,0,0.0,0.0,0.0,0.0,0.0,123,46,737.6,7.85,37580.0,400.0,166.25,4.066
C 저층부 확대,55,2.5,165.0,194271.2,546932.7,390.7,31.25,12.5,10,2000.0,4.0,194283.2,546968.7,52.0,123,25,2112.8,22.49,37580.0,400.0,166.25,4.094
B 층수·세장비,53,1.25,60.0,194307.2,546980.7,709.1,29.77,23.82,0,0.0,0.0,0.0,0.0,0.0,123,51,763.6,8.13,37580.0,400.0,160.35,4.008
B 층수·세장비,51,3.0,135.0,194307.2,546956.7,736.9,47.02,15.67,0,0.0,0.0,0.0,0.0,0.0,123,45,800.6,8.52,37580.0,400.0,154.45,4.028
C 저층부 확대,51,3.0,165.0,194289.2,546950.7,721.5,46.52,15.51,10,800.0,1.6,194307.2,546956.7,52.0,123,46,859.1,9.14,37580.0,400.0,154.45,4.112
B 층수·세장비,49,1.5,60.0,194307.2,546956.7,766.9,33.92,22.61,0,0.0,0.0,0.0,0.0,0.0,123,47,824.5,8.78,37580.0,400.0,148.55,4.045
B 층수·세장비,41,1.25,135.0,194307.2,546980.7,916.6,33.85,27.08,0,0.0,0.0,0.0,0.0,0.0,123,45,978.5,10.42,37580.0,400.0,124.95,4.033
C 저층부 확대,39,3.0,165.0,194289.2,546950.7,882.1,51.44,17.15,10,1200.0,3.0,194307.2,546944.7,52.0,123,45,1281.0,13.63,37580.0,400.0,119.05,4.133
A 방위·위치,55,2.0,120.0,194283.2,546932.7,683.3,36.97,18.48,0,0.0,0.0,0.0,0.0,0.0,124,29,739.7,7.87,37580.0,400.0,166.25,4.105
A 방위·위치,55,2.0,135.0,194307.2,546980.7,683.3,36.97,18.48,0,0.0,0.0,0.0,0.0,0.0,124,49,739.7,7.87,37580.0,400.0,166.25,4.008
B 층수·세장비,55,1.25,60.0,194307.2,546956.7,683.3,29.22,23.38,0,0.0,0.0,0.0,0.0,0.0,124,47,736.9,7.84,37580.0,400.0,166.25,4.057
B 층수·세장비,53,1.25,135.0,194307.2,546956.7,709.1,29.77,23.82,0,0.0,0.0,0.0,0.0,0.0,124,47,763.6,8.13,37580.0,400.0,160.35,4.068
B 층수·세장비,51,1.5,135.0,194307.2,546956.7,736.9,33.25,22.16,0,0.0,0.0,0.0,0.0,0.0,124,46,793.3,8.44,37580.0,400.0,154.45,4.065
C 저층부 확대,51,3.0,165.0,194271.2,546950.7,331.2,31.52,10.51,10,2400.0,1.6,194319.2,546968.7,52.0,124,23,2501.7,26.63,37580.0,400.0,154.45,4.089
C 저층부 확대,45,3.0,165.0,194271.2,546950.7,502.3,38.82,12.94,10,2000.0,4.0,194283.2,546968.7,52.0,124,26,2112.8,22.49,37580.0,400.0,136.75,4.104
C 저층부 확대,51,4.0,165.0,194271.2,546932.7,428.8,41.41,10.35,10,2000.0,3.0,194295.2,546980.7,52.0,125,17,2104.3,22.4,37580.0,400.0,154.45,4.06
C 저층부 확대,51,3.0,165.0,194289.2,546932.7,428.8,35.87,11.96,10,2000.0,2.2,194283.2,546956.7,52.0,125,22,2097.5,22.33,37580.0,400.0,154.45,4.15
C 저층부 확대,51,2.5,165.0,194289.2,546968.7,428.8,32.74,13.1,10,2000.0,1.6,194319.2,546968.7,52.0,125,35,2092.9,22.28,37580.0,400.0,154.45,4.075
C 저층부 확대,51,4.0,165.0,194289.2,546932.7,331.2,36.4,9.1,10,2400.0,2.2,194307.2,546944.7,52.0,125,41,2506.7,26.68,37580.0,400.0,154.45,4.185
B 층수·세장비,47,1.25,0.0,194295.2,546968.7,799.6,31.61,25.29,0,0.0,0.0,0.0,0.0,0.0,125,50,857.5,9.13,37580.0,400.0,142.65,4.095
C 저층부 확대,45,2.5,165.0,194271.2,546950.7,616.6,39.26,15.7,10,1600.0,4.0,194295.2,546968.7,52.0,125,33,1701.0,18.11,37580.0,400.0,136.75,4.092
C 저층부 확대,45,2.5,165.0,194289.2,546932.7,502.3,35.44,14.17,10,2000.0,1.6,194295.2,546956.7,52.0,125,39,2092.9,22.28,37580.0,400.0,136.75,4.16
B 층수·세장비,41,1.5,60.0,194307.2,546956.7,916.6,37.08,24.72,0,0.0,0.0,0.0,0.0,0.0,125,45,979.4,10.42,37580.0,400.0,124.95,4.059
C 저층부 확대,39,2.5,165.0,194289.2,546950.7,1020.0,50.5,20.2,10,800.0,1.6,194307.2,546956.7,52.0,125,44,1091.7,11.62,37580.0,400.0,119.05,4.114
A 방위·위치,55,2.0,45.0,194319.2,546968.7,683.3,36.97,18.48,0,0.0,0.0,0.0,0.0,0.0,126,56,739.7,7.87,37580.0,400.0,166.25,3.988
A 방위·위치,55,2.0,90.0,194319.2,546956.7,683.3,36.97,18.48,0,0.0,0.0,0.0,0.0,0.0,126,51,739.7,7.87,37580.0,400.0,166.25,3.976
A 방위·위치,55,2.0,105.0,194319.2,546968.7,683.3,36.97,18.48,0,0.0,0.0,0.0,0.0,0.0,126,52,739.7,7.87,37580.0,400.0,166.25,3.957
B 층수·세장비,55,4.0,135.0,194307.2,546956.7,683.3,52.28,13.07,0,0.0,0.0,0.0,0.0,0.0,126,45,749.6,7.98,37580.0,400.0,166.25,3.995
C 저층부 확대,55,4.0,165.0,194271.2,546932.7,479.6,43.8,10.95,10,1600.0,1.6,194319.2,546980.7,52.0,126,12,1683.2,17.92,37580.0,400.0,166.25,4.062
C 저층부 확대,55,3.0,165.0,194271.2,546950.7,479.6,37.93,12.64,10,1600.0,3.0,194283.2,546968.7,52.0,126,33,1693.4,18.02,37580.0,400.0,166.25,4.112
B 층수·세장비,45,1.25,135.0,194307.2,546980.7,835.1,32.31,25.85,0,0.0,0.0,0.0,0.0,0.0,126,48,894.3,9.52,37580.0,400.0,136.75,4.025
B 층수·세장비,45,1.5,135.0,194307.2,546980.7,835.1,35.39,23.6,0,0.0,0.0,0.0,0.0,0.0,126,48,895.1,9.53,37580.0,400.0,136.75,4.021
C 저층부 확대,45,3.0,165.0,194289.2,546950.7,616.6,43.01,14.34,10,1600.0,1.6,194295.2,546968.7,52.0,126,46,1683.2,17.92,37580.0,400.0,136.75,4.105
C 저층부 확대,45,3.0,165.0,194289.2,546950.7,502.3,38.82,12.94,10,2000.0,4.0,194307.2,546956.7,52.0,126,38,2112.8,22.49,37580.0,400.0,136.75,4.101
C 저층부 확대,45,2.5,165.0,194271.2,546950.7,502.3,35.44,14.17,10,2000.0,2.2,194307.2,546980.7,52.0,126,27,2097.5,22.33,37580.0,400.0,136.75,4.07
B 층수·세장비,39,1.25,60.0,194295.2,546968.7,963.6,34.71,27.76,0,0.0,0.0,0.0,0.0,0.0,126,49,1027.1,10.93,37580.0,400.0,119.05,4.076
A 방위·위치,55,2.0,45.0,194319.2,546956.7,683.3,36.97,18.48,0,0.0,0.0,0.0,0.0,0.0,127,53,739.7,7.87,37580.0,400.0,166.25,4.016
A 방위·위치,55,2.0,75.0,194319.2,546956.7,683.3,36.97,18.48,0,0.0,0.0,0.0,0.0,0.0,127,51,739.7,7.87,37580.0,400.0,166.25,3.978
B 층수·세장비,55,4.0,60.0,194331.2,546968.7,683.3,52.28,13.07,0,0.0,0.0,0.0,0.0,0.0,127,38,749.6,7.98,37580.0,400.0,166.25,3.83
C 저층부 확대,55,2.5,165.0,194289.2,546950.7,657.3,40.54,16.22,10,800.0,4.0,194295.2,546956.7,52.0,127,47,871.7,9.28,37580.0,400.0,166.25,4.106
B 층수·세장비,51,1.5,60.0,194307.2,546956.7,736.9,33.25,22.16,0,0.0,0.0,0.0,0.0,0.0,127,47,793.3,8.44,37580.0,400.0,154.45,4.041
C 저층부 확대,51,3.0,165.0,194307.2,546950.7,331.2,31.52,10.51,10,2400.0,4.0,194295.2,546980.7,52.0,127,18,2523.5,26.86,37580.0,400.0,154.45,4.022
C 저층부 확대,45,4.0,165.0,194271.2,546932.7,388.0,39.4,9.85,10,2400.0,4.0,194295.2,546980.7,52.0,127,10,2523.5,26.86,37580.0,400.0,136.75,4.055
C 저층부 확대,39,3.0,165.0,194289.2,546950.7,468.3,37.48,12.49,10,2400.0,1.6,194295.2,546968.7,52.0,127,46,2501.7,26.63,37580.0,400.0,119.05,4.128
A 방위·위치,55,2.0,0.0,194283.2,546944.7,683.3,36.97,18.48,0,0.0,0.0,0.0,0.0,0.0,128,47,739.7,7.87,37580.0,400.0,166.25,4.185
A 방위·위치,55,2.0,30.0,194271.2,546956.7,683.3,36.97,18.48,0,0.0,0.0,0.0,0.0,0.0,128,41,739.7,7.87,37580.0,400.0,166.25,4.169
A 방위·위치,55,2.0,75.0,194271.2,546956.7,683.3,36.97,18.48,0,0.0,0.0,0.0,0.0,0.0,128,42,739.7,7.87,37580.0,400.0,166.25,4.108
C 저층부 확대,55,2.5,165.0,194289.2,546968.7,390.7,31.25,12.5,10,2000.0,3.0,194283.2,546968.7,52.0,128,29,2104.3,22.4,37580.0,400.0,166.25,4.093
C 저층부 확대,51,4.0,165.0,194271.2,546950.7,428.8,41.41,10.35,10,2000.0,1.6,194331.2,546968.7,52.0,128,22,2092.9,22.28,37580.0,400.0,154.45,4.081
C 저층부 확대,51,3.0,165.0,194289.2,546950.7,331.2,31.52,10.51,10,2400.0,2.2,194319.2,546968.7,52.0,128,29,2506.7,26.68,37580.0,400.0,154.45,4.086
B 층수·세장비,47,4.0,135.0,194307.2,546968.7,799.6,56.55,14.14,0,0.0,0.0,0.0,0.0,0.0,128,42,871.3,9.27,37580.0,400.0,142.65,3.968
C 저층부 확대,45,3.0,165.0,194289.2,546950.7,845.1,50.35,16.78,10,800.0,1.6,194295.2,546968.7,52.0,128,45,913.3,9.72,37580.0,400.0,136.75,4.099
B 층수·세장비,39,1.5,60.0,194295.2,546968.7,963.6,38.02,25.35,0,0.0,0.0,0.0,0.0,0.0,128,49,1028.0,10.94,37580.0,400.0,119.05,4.061
C 저층부 확대,39,4.0,165.0,194289.2,546950.7,744.1,54.56,13.64,10,1600.0,1.6,194319.2,546956.7,52.0,128,41,1683.2,17.92,37580.0,400.0,119.05,4.103
A 방위·위치,55,2.0,15.0,194307.2,546968.7,683.3,36.97,18.48,0,0.0,0.0,0.0,0.0,0.0,129,56,739.7,7.87,37580.0,400.0,166.25,4.06
A 방위·위치,55,2.0,15.0,194307.2,546980.7,683.3,36.97,18.48,0,0.0,0.0,0.0,0.0,0.0,129,58,739.7,7.87,37580.0,400.0,166.25,4.04
C 저층부 확대,55,2.5,165.0,194289.2,546950.7,657.3,40.54,16.22,10,800.0,2.2,194307.2,546956.7,52.0,129,46,862.0,9.18,37580.0,400.0,166.25,4.109
C 저층부 확대,55,4.0,165.0,194271.2,546932.7,390.7,39.53,9.88,10,2000.0,3.0,194307.2,546980.7,52.0,129,10,2104.3,22.4,37580.0,400.0,166.25,4.048
B 층수·세장비,51,4.0,135.0,194307.2,546956.7,736.9,54.29,13.57,0,0.0,0.0,0.0,0.0,0.0,129,43,805.7,8.58,37580.0,400.0,154.45,3.996
C 저층부 확대,51,4.0,165.0,194289.2,546950.7,623.9,49.96,12.49,10,1200.0,3.0,194319.2,546944.7,52.0,129,43,1281.0,13.63,37580.0,400.0,154.45,4.113
C 저층부 확대,51,3.0,165.0,194289.2,546950.7,623.9,43.26,14.42,10,1200.0,3.0,194319.2,546944.7,52.0,129,43,1281.0,13.63,37580.0,400.0,154.45,4.119
C 저층부 확대,51,2.5,165.0,194289.2,546950.7,623.9,39.49,15.8,10,1200.0,1.6,194307.2,546956.7,52.0,129,46,1272.2,13.54,37580.0,400.0,154.45,4.114
C 저층부 확대,51,3.0,165.0,194289.2,546932.7,428.8,35.87,11.96,10,2000.0,4.0,194319.2,546944.7,52.0,129,34,2112.8,22.49,37580.0,400.0,154.45,4.145
A 방위·위치,55,2.0,0.0,194295.2,546944.7,683.3,36.97,18.48,0,0.0,0.0,0.0,0.0,0.0,130,47,739.7,7.87,37580.0,400.0,166.25,4.157
A 방위·위치,55,2.0,15.0,194283.2,546932.7,683.3,36.97,18.48,0,0.0,0.0,0.0,0.0,0.0,130,31,739.7,7.87,37580.0,400.0,166.25,4.19
A 방위·위치,55,2.0,120.0,194307.2,546956.7,683.3,36.97,18.48,0,0.0,0.0,0.0,0.0,0.0,130,46,739.7,7.87,37580.0,400.0,166.25,4.027
C 저층부 확대,51,4.0,165.0,194271.2,546950.7,428.8,41.41,10.35,10,2000.0,3.0,194295.2,546968.7,52.0,130,38,2104.3,22.4,37580.0,400.0,154.45,4.098
C 저층부 확대,51,4.0,165.0,194289.2,546950.7,428.8,41.41,10.35,10,2000.0,3.0,194319.2,546956.7,52.0,130,31,2104.3,22.4,37580.0,400.0,154.45,4.098
C 저층부 확대,51,2.5,165.0,194289.2,546968.7,428.8,32.74,13.1,10,2000.0,3.0,194283.2,546968.7,52.0,130,29,2104.3,22.4,37580.0,400.0,154.45,4.094
C 저층부 확대,51,2.5,165.0,194289.2,546932.7,331.2,28.78,11.51,10,2400.0,2.2,194283.2,546956.7,52.0,130,22,2506.7,26.68,37580.0,400.0,154.45,4.157
C 저층부 확대,39,2.5,165.0,194271.2,546950.7,606.2,38.93,15.57,10,2000.0,2.2,194307.2,546980.7,52.0,130,25,2097.5,22.33,37580.0,400.0,119.05,4.077
C 저층부 확대,55,3.0,165.0,194289.2,546950.7,568.4,41.3,13.77,10,1200.0,4.0,194319.2,546944.7,52.0,131,40,1287.6,13.71,37580.0,400.0,166.25,4.113
C 저층부 확대,55,2.5,165.0,194271.2,546932.7,568.4,37.7,15.08,10,1200.0,3.0,194307.2,546980.7,52.0,131,18,1281.0,13.63,37580.0,400.0,166.25,4.056
C 저층부 확대,55,2.5,165.0,194289.2,546950.7,568.4,37.7,15.08,10,1200.0,3.0,194319.2,546944.7,52.0,131,43,1281.0,13.63,37580.0,400.0,166.25,4.122
B 층수·세장비,51,2.5,60.0,194319.2,546992.7,736.9,42.92,17.17,0,0.0,0.0,0.0,0.0,0.0,131,48,798.0,8.49,37580.0,400.0,154.45,3.903
C 저층부 확대,45,3.0,165.0,194289.2,546950.7,730.9,46.82,15.61,10,1200.0,3.0,194331.2,546956.7,52.0,131,32,1281.0,13.63,37580.0,400.0,136.75,4.081
B 층수·세장비,39,1.5,60.0,194307.2,546980.7,963.6,38.02,25.35,0,0.0,0.0,0.0,0.0,0.0,131,45,1028.0,10.94,37580.0,400.0,119.05,4.01
A 방위·위치,55,2.0,60.0,194271.2,546956.7,683.3,36.97,18.48,0,0.0,0.0,0.0,0.0,0.0,132,42,739.7,7.87,37580.0,400.0,166.25,4.115
A 방위·위치,55,2.0,105.0,194283.2,546932.7,683.3,36.97,18.48,0,0.0,0.0,0.0,0.0,0.0,132,25,739.7,7.87,37580.0,400.0,166.25,4.095
B 층수·세장비,55,1.5,60.0,194307.2,546980.7,683.3,32.01,21.34,0,0.0,0.0,0.0,0.0,0.0,132,48,737.6,7.85,37580.0,400.0,166.25,3.986
C 저층부 확대,55,4.0,165.0,194289.2,546950.7,568.4,47.68,11.92,10,1200.0,4.0,194319.2,546944.7,52.0,132,40,1287.6,13.71,37580.0,400.0,166.25,4.107
C 저층부 확대,55,2.5,165.0,194271.2,546950.7,479.6,34.62,13.85,10,1600.0,4.0,194295.2,546968.7,52.0,132,36,1701.0,18.11,37580.0,400.0,166.25,4.086
B 층수·세장비,51,1.5,60.0,194307.2,546980.7,736.9,33.25,22.16,0,0.0,0.0,0.0,0.0,0.0,132,48,793.3,8.44,37580.0,400.0,154.45,3.99
C 저층부 확대,51,2.5,165.0,194271.2,546950.7,623.9,39.49,15.8,10,1200.0,1.6,194319.2,546968.7,52.0,132,30,1272.2,13.54,37580.0,400.0,154.45,4.085
C 저층부 확대,45,4.0,165.0,194289.2,546950.7,616.6,49.66,12.42,10,1600.0,4.0,194307.2,546956.7,52.0,132,44,1701.0,18.11,37580.0,400.0,136.75,4.091
C 저층부 확대,45,2.5,165.0,194289.2,546932.7,502.3,35.44,14.17,10,2000.0,3.0,194307.2,546944.7,52.0,132,39,2104.3,22.4,37580.0,400.0,136.75,4.172
C 저층부 확대,39,3.0,165.0,194289.2,546950.7,330.3,31.48,10.49,10,2800.0,2.2,194307.2,546980.7,52.0,132,33,2915.2,31.03,37580.0,400.0,119.05,4.088
A 방위·위치,55,2.0,30.0,194283.2,546932.7,683.3,36.97,18.48,0,0.0,0.0,0.0,0.0,0.0,133,27,739.7,7.87,37580.0,400.0,166.25,4.167
A 방위·위치,55,2.0,45.0,194271.2,546956.7,683.3,36.97,18.48,0,0.0,0.0,0.0,0.0,0.0,133,42,739.7,7.87,37580.0,400.0,166.25,4.136
A 방위·위치,55,2.0,120.0,194295.2,546956.7,683.3,36.97,18.48,0,0.0,0.0,0.0,0.0,0.0,133,47,739.7,7.87,37580.0,400.0,166.25,4.045
C 저층부 확대,55,4.0,165.0,194271.2,546950.7,390.7,39.53,9.88,10,2000.0,3.0,194319.2,546968.7,52.0,133,22,2104.3,22.4,37580.0,400.0,166.25,4.071
C 저층부 확대,51,2.5,165.0,194271.2,546950.7,331.2,28.78,11.51,10,2400.0,3.0,194283.2,546968.7,52.0,133,26,2514.1,26.76,37580.0,400.0,154.45,4.117
B 층수·세장비,47,2.0,60.0,194319.2,546968.7,799.6,39.99,19.99,0,0.0,0.0,0.0,0.0,0.0,133,52,860.6,9.16,37580.0,400.0,142.65,3.971
C 저층부 확대,45,2.5,165.0,194271.2,546950.7,616.6,39.26,15.7,10,1600.0,2.2,194319.2,546980.7,52.0,133,21,1687.3,17.96,37580.0,400.0,136.75,4.049
B 층수·세장비,41,2.0,60.0,194319.2,546992.7,916.6,42.82,21.41,0,0.0,0.0,0.0,0.0,0.0,133,48,981.8,10.45,37580.0,400.0,124.95,3.945
A 방위·위치,55,2.0,120.0,194307.2,546968.7,683.3,36.97,18.48,0,0.0,0.0,0.0,0.0,0.0,134,47,739.7,7.87,37580.0,400.0,166.25,3.995
C 저층부 확대,51,2.5,165.0,194271.2,546950.7,526.3,36.27,14.51,10,1600.0,2.2,194307.2,546968.7,52.0,134,35,1687.3,17.96,37580.0,400.0,154.45,4.089
B 층수·세장비,49,2.5,60.0,194319.2,546956.7,766.9,43.79,17.52,0,0.0,0.0,0.0,0.0,0.0,134,52,829.2,8.83,37580.0,400.0,148.55,3.963
C 저층부 확대,45,4.0,165.0,194289.2,546950.7,616.6,49.66,12.42,10,1600.0,2.2,194295.2,546968.7,52.0,134,46,1687.3,17.96,37580.0,400.0,136.75,4.089
C 저층부 확대,39,2.5,165.0,194289.2,546950.7,882.1,46.96,18.78,10,1200.0,2.2,194283.2,546968.7,52.0,134,42,1275.7,13.58,37580.0,400.0,119.05,4.114
A 방위·위치,55,2.0,45.0,194283.2,546932.7,683.3,36.97,18.48,0,0.0,0.0,0.0,0.0,0.0,135,28,739.7,7.87,37580.0,400.0,166.25,4.133
C 저층부 확대,45,2.5,165.0,194289.2,546950.7,502.3,35.44,14.17,10,2000.0,2.2,194295.2,546968.7,52.0,135,46,2097.5,22.33,37580.0,400.0,136.75,4.105
C 저층부 확대,39,3.0,165.0,194289.2,546950.7,1020.0,55.32,18.44,10,800.0,3.0,194295.2,546968.7,52.0,135,44,1094.8,11.65,37580.0,400.0,119.05,4.083
C 저층부 확대,39,2.5,165.0,194289.2,546950.7,606.2,38.93,15.57,10,2000.0,2.2,194307.2,546968.7,52.0,135,44,2097.5,22.33,37580.0,400.0,119.05,4.103
A 방위·위치,55,2.0,60.0,194307.2,546956.7,683.3,36.97,18.48,0,0.0,0.0,0.0,0.0,0.0,136,47,739.7,7.87,37580.0,400.0,166.25,4.006
A 방위·위치,55,2.0,120.0,194283.2,546944.7,683.3,36.97,18.48,0,0.0,0.0,0.0,0.0,0.0,136,40,739.7,7.87,37580.0,400.0,166.25,4.082
A 방위·위치,55,2.0,120.0,194295.2,546944.7,683.3,36.97,18.48,0,0.0,0.0,0.0,0.0,0.0,136,45,739.7,7.87,37580.0,400.0,166.25,4.064
C 저층부 확대,55,3.0,165.0,194271.2,546950.7,479.6,37.93,12.64,10,1600.0,1.6,194319.2,546980.7,52.0,136,25,1683.2,17.92,37580.0,400.0,166.25,4.053
C 저층부 확대,51,4.0,165.0,194289.2,546950.7,428.8,41.41,10.35,10,2000.0,1.6,194307.2,546968.7,52.0,136,45,2092.9,22.28,37580.0,400.0,154.45,4.092
C 저층부 확대,45,4.0,165.0,194289.2,546950.7,730.9,54.07,13.52,10,1200.0,1.6,194319.2,546968.7,52.0,136,42,1272.2,13.54,37580.0,400.0,136.75,4.062
A 방위·위치,55,2.0,15.0,194295.2,546968.7,683.3,36.97,18.48,0,0.0,0.0,0.0,0.0,0.0,137,49,739.7,7.87,37580.0,400.0,166.25,4.086
A 방위·위치,55,2.0,60.0,194283.2,546932.7,683.3,36.97,18.48,0,0.0,0.0,0.0,0.0,0.0,137,26,739.7,7.87,37580.0,400.0,166.25,4.103
A 방위·위치,55,2.0,90.0,194283.2,546932.7,683.3,36.97,18.48,0,0.0,0.0,0.0,0.0,0.0,137,25,739.7,7.87,37580.0,400.0,166.25,4.094
A 방위·위치,55,2.0,120.0,194295.2,546968.7,683.3,36.97,18.48,0,0.0,0.0,0.0,0.0,0.0,137,49,739.7,7.87,37580.0,400.0,166.25,4.021
B 층수·세장비,55,2.5,60.0,194319.2,546968.7,683.3,41.33,16.53,0,0.0,0.0,0.0,0.0,0.0,137,53,742.1,7.9,37580.0,400.0,166.25,3.934
C 저층부 확대,55,2.5,165.0,194271.2,546950.7,479.6,34.62,13.85,10,1600.0,2.2,194307.2,546980.7,52.0,137,32,1687.3,17.96,37580.0,400.0,166.25,4.058
B 층수·세장비,45,1.5,60.0,194295.2,546968.7,835.1,35.39,23.6,0,0.0,0.0,0.0,0.0,0.0,137,49,895.1,9.53,37580.0,400.0,136.75,4.044
C 저층부 확대,45,3.0,165.0,194289.2,546932.7,388.0,34.12,11.37,10,2400.0,2.2,194319.2,546956.7,52.0,137,30,2506.7,26.68,37580.0,400.0,136.75,4.144
C 저층부 확대,39,3.0,165.0,194289.2,546950.7,744.1,47.25,15.75,10,1600.0,3.0,194307.2,546956.7,52.0,137,45,1693.4,18.02,37580.0,400.0,119.05,4.11
C 저층부 확대,39,4.0,165.0,194289.2,546950.7,606.2,49.24,12.31,10,2000.0,2.2,194307.2,546980.7,52.0,137,34,2097.5,22.33,37580.0,400.0,119.05,4.066
C 저층부 확대,39,3.0,165.0,194289.2,546932.7,330.3,31.48,10.49,10,2800.0,3.0,194295.2,546956.7,52.0,137,26,2923.2,31.11,37580.0,400.0,119.05,4.165
A 방위·위치,55,2.0,75.0,194283.2,546932.7,683.3,36.97,18.48,0,0.0,0.0,0.0,0.0,0.0,138,25,739.7,7.87,37580.0,400.0,166.25,4.094
C 저층부 확대,55,4.0,165.0,194289.2,546950.7,390.7,39.53,9.88,10,2000.0,3.0,194295.2,546968.7,52.0,138,39,2104.3,22.4,37580.0,400.0,166.25,4.083
B 층수·세장비,53,2.0,60.0,194307.2,546956.7,709.1,37.66,18.83,0,0.0,0.0,0.0,0.0,0.0,138,47,766.5,8.16,37580.0,400.0,160.35,4.008
C 저층부 확대,51,4.0,165.0,194289.2,546950.7,721.5,53.72,13.43,10,800.0,3.0,194295.2,546968.7,52.0,138,45,866.3,9.22,37580.0,400.0,154.45,4.073
B 층수·세장비,45,2.0,60.0,194319.2,546980.7,835.1,40.87,20.43,0,0.0,0.0,0.0,0.0,0.0,138,52,897.4,9.55,37580.0,400.0,136.75,3.956
C 저층부 확대,45,2.5,165.0,194289.2,546950.7,730.9,42.75,17.1,10,1200.0,3.0,194319.2,546956.7,52.0,138,41,1281.0,13.63,37580.0,400.0,136.75,4.09
B 층수·세장비,43,2.0,60.0,194295.2,546968.7,874.0,41.81,20.9,0,0.0,0.0,0.0,0.0,0.0,138,49,937.7,9.98,37580.0,400.0,130.85,4.017
C 저층부 확대,39,3.0,165.0,194289.2,546932.7,468.3,37.48,12.49,10,2400.0,1.6,194319.2,546956.7,52.0,138,33,2501.7,26.63,37580.0,400.0,119.05,4.148
A 방위·위치,55,2.0,75.0,194307.2,546944.7,683.3,36.97,18.48,0,0.0,0.0,0.0,0.0,0.0,139,45,739.7,7.87,37580.0,400.0,166.25,4.027
A 방위·위치,55,2.0,75.0,194307.2,546956.7,683.3,36.97,18.48,0,0.0,0.0,0.0,0.0,0.0,139,46,739.7,7.87,37580.0,400.0,166.25,3.991
C 저층부 확대,55,4.0,165.0,194289.2,546950.7,657.3,51.28,12.82,10,800.0,1.6,194295.2,546980.7,52.0,139,46,859.1,9.14,37580.0,400.0,166.25,4.062
C 저층부 확대,55,4.0,165.0,194271.2,546950.7,390.7,39.53,9.88,10,2000.0,1.6,194319.2,546980.7,52.0,139,22,2092.9,22.28,37580.0,400.0,166.25,4.05
C 저층부 확대,55,4.0,165.0,194289.2,546950.7,390.7,39.53,9.88,10,2000.0,1.6,194331.2,546968.7,52.0,139,29,2092.9,22.28,37580.0,400.0,166.25,4.06
C 저층부 확대,51,4.0,165.0,194289.2,546950.7,721.5,53.72,13.43,10,800.0,2.2,194307.2,546968.7,52.0,139,45,862.0,9.18,37580.0,400.0,154.45,4.064
C 저층부 확대,51,2.5,165.0,194289.2,546950.7,721.5,42.47,16.99,10,800.0,4.0,194283.2,546968.7,52.0,139,40,871.7,9.28,37580.0,400.0,154.45,4.085
C 저층부 확대,51,2.5,165.0,194289.2,546950.7,623.9,39.49,15.8,10,1200.0,2.2,194295.2,546968.7,52.0,139,47,1275.7,13.58,37580.0,400.0,154.45,4.091
C 저층부 확대,51,3.0,165.0,194271.2,546950.7,526.3,39.74,13.25,10,1600.0,1.6,194307.2,546980.7,52.0,139,36,1683.2,17.92,37580.0,400.0,154.45,4.067
C 저층부 확대,39,3.0,165.0,194289.2,546950.7,1020.0,55.32,18.44,10,800.0,2.2,194307.2,546968.7,52.0,139,44,1094.8,11.65,37580.0,400.0,119.05,4.072
C 저층부 확대,39,3.0,165.0,194289.2,546950.7,1020.0,55.32,18.44,10,800.0,4.0,194295.2,546968.7,52.0,139,44,1094.8,11.65,37580.0,400.0,119.05,4.073
A 방위·위치,55,2.0,45.0,194307.2,546944.7,683.3,36.97,18.48,0,0.0,0.0,0.0,0.0,0.0,140,46,739.7,7.87,37580.0,400.0,166.25,4.067
B 층수·세장비,55,4.0,60.0,194331.2,546956.7,683.3,52.28,13.07,0,0.0,0.0,0.0,0.0,0.0,140,38,749.6,7.98,37580.0,400.0,166.25,3.866
C 저층부 확대,51,2.5,165.0,194289.2,546950.7,721.5,42.47,16.99,10,800.0,3.0,194295.2,546968.7,52.0,140,46,866.3,9.22,37580.0,400.0,154.45,4.08
C 저층부 확대,51,2.5,165.0,194271.2,546950.7,623.9,39.49,15.8,10,1200.0,2.2,194307.2,546980.7,52.0,140,34,1275.7,13.58,37580.0,400.0,154.45,4.058
C 저층부 확대,45,3.0,165.0,194289.2,546950.7,845.1,50.35,16.78,10,800.0,2.2,194331.2,546956.7,52.0,140,37,913.3,9.72,37580.0,400.0,136.75,4.079
C 저층부 확대,45,4.0,165.0,194289.2,546950.7,730.9,54.07,13.52,10,1200.0,2.2,194307.2,546980.7,52.0,140,43,1275.7,13.58,37580.0,400.0,136.75,4.047
C 저층부 확대,45,2.5,165.0,194289.2,546950.7,502.3,35.44,14.17,10,2000.0,4.0,194295.2,546968.7,52.0,140,30,2112.8,22.49,37580.0,400.0,136.75,4.081
A 방위·위치,55,2.0,15.0,194295.2,546956.7,683.3,36.97,18.48,0,0.0,0.0,0.0,0.0,0.0,141,48,739.7,7.87,37580.0,400.0,166.25,4.116
A 방위·위치,55,2.0,60.0,194307.2,546980.7,683.3,36.97,18.48,0,0.0,0.0,0.0,0.0,0.0,141,47,739.7,7.87,37580.0,400.0,166.25,3.954
C 저층부 확대,55,2.5,165.0,194289.2,546950.7,657.3,40.54,16.22,10,800.0,1.6,194331.2,546956.7,52.0,141,40,859.1,9.14,37580.0,400.0,166.25,4.086
B 층수·세장비,53,2.5,60.0,194319.2,546980.7,709.1,42.1,16.84,0,0.0,0.0,0.0,0.0,0.0,141,52,769.0,8.19,37580.0,400.0,160.35,3.918
C 저층부 확대,51,4.0,165.0,194289.2,546950.7,721.5,53.72,13.43,10,800.0,4.0,194295.2,546968.7,52.0,141,45,871.7,9.28,37580.0,400.0,154.45,4.062
C 저층부 확대,51,3.0,165.0,194289.2,546950.7,428.8,35.87,11.96,10,2000.0,3.0,194307.2,546968.7,52.0,141,39,2104.3,22.4,37580.0,400.0,154.45,4.081
C 저층부 확대,51,2.5,165.0,194289.2,546932.7,428.8,32.74,13.1,10,2000.0,2.2,194319.2,546956.7,52.0,141,33,2097.5,22.33,37580.0,400.0,154.45,4.127
B 층수·세장비,47,2.5,60.0,194319.2,546992.7,799.6,44.71,17.88,0,0.0,0.0,0.0,0.0,0.0,141,48,863.2,9.19,37580.0,400.0,142.65,3.901
C 저층부 확대,45,4.0,165.0,194289.2,546950.7,845.1,58.14,14.54,10,800.0,4.0,194295.2,546968.7,52.0,141,44,918.8,9.78,37580.0,400.0,136.75,4.061
B 층수·세장비,39,2.0,60.0,194307.2,546968.7,963.6,43.9,21.95,0,0.0,0.0,0.0,0.0,0.0,141,44,1030.4,10.97,37580.0,400.0,119.05,4.002
C 저층부 확대,39,4.0,165.0,194289.2,546950.7,882.1,59.4,14.85,10,1200.0,3.0,194331.2,546956.7,52.0,141,31,1281.0,13.63,37580.0,400.0,119.05,4.076
A 방위·위치,55,2.0,75.0,194307.2,546968.7,683.3,36.97,18.48,0,0.0,0.0,0.0,0.0,0.0,142,48,739.7,7.87,37580.0,400.0,166.25,3.963
C 저층부 확대,51,2.5,165.0,194289.2,546950.7,721.5,42.47,16.99,10,800.0,2.2,194307.2,546968.7,52.0,142,46,862.0,9.18,37580.0,400.0,154.45,4.07
C 저층부 확대,51,4.0,165.0,194289.2,546950.7,623.9,49.96,12.49,10,1200.0,4.0,194331.2,546956.7,52.0,142,33,1287.6,13.71,37580.0,400.0,154.45,4.069
C 저층부 확대,51,3.0,165.0,194289.2,546950.7,623.9,43.26,14.42,10,1200.0,4.0,194331.2,546956.7,52.0,142,33,1287.6,13.71,37580.0,400.0,154.45,4.075
C 저층부 확대,51,3.0,165.0,194271.2,546950.7,428.8,35.87,11.96,10,2000.0,3.0,194295.2,546980.7,52.0,142,32,2104.3,22.4,37580.0,400.0,154.45,4.07
C 저층부 확대,51,3.0,165.0,194289.2,546950.7,428.8,35.87,11.96,10,2000.0,1.6,194307.2,546980.7,52.0,142,42,2092.9,22.28,37580.0,400.0,154.45,4.07
C 저층부 확대,45,3.0,165.0,194289.2,546950.7,845.1,50.35,16.78,10,800.0,3.0,194319.2,546956.7,52.0,142,43,913.3,9.72,37580.0,400.0,136.75,4.086
C 저층부 확대,45,3.0,165.0,194289.2,546950.7,845.1,50.35,16.78,10,800.0,4.0,194331.2,546956.7,52.0,142,36,913.3,9.72,37580.0,400.0,136.75,4.071
C 저층부 확대,45,4.0,165.0,194289.2,546950.7,502.3,44.82,11.21,10,2000.0,3.0,194295.2,546980.7,52.0,142,38,2104.3,22.4,37580.0,400.0,136.75,4.053
B 층수·세장비,53,3.0,60.0,194319.2,546992.7,709.1,46.12,15.37,0,0.0,0.0,0.0,0.0,0.0,143,48,771.6,8.21,37580.0,400.0,160.35,3.865
B 층수·세장비,51,2.0,60.0,194307.2,546956.7,736.9,38.39,19.19,0,0.0,0.0,0.0,0.0,0.0,143,46,795.4,8.47,37580.0,400.0,154.45,4.007
C 저층부 확대,51,4.0,165.0,194289.2,546950.7,526.3,45.88,11.47,10,1600.0,3.0,194295.2,546968.7,52.0,143,43,1693.4,18.02,37580.0,400.0,154.45,4.075
C 저층부 확대,51,3.0,165.0,194289.2,546950.7,526.3,39.74,13.25,10,1600.0,4.0,194319.2,546956.7,52.0,143,32,1701.0,18.11,37580.0,400.0,154.45,4.083
B 층수·세장비,45,2.5,60.0,194319.2,546992.7,835.1,45.69,18.28,0,0.0,0.0,0.0,0.0,0.0,143,48,900.1,9.58,37580.0,400.0,136.75,3.904
C 저층부 확대,39,3.0,165.0,194289.2,546950.7,882.1,51.44,17.15,10,1200.0,4.0,194319.2,546956.7,52.0,143,37,1287.6,13.71,37580.0,400.0,119.05,4.085
C 저층부 확대,39,3.0,165.0,194289.2,546950.7,744.1,47.25,15.75,10,1600.0,1.6,194319.2,546968.7,52.0,143,38,1683.2,17.92,37580.0,400.0,119.05,4.077
C 저층부 확대,39,2.5,165.0,194289.2,546950.7,606.2,38.93,15.57,10,2000.0,4.0,194307.2,546968.7,52.0,143,36,2112.8,22.49,37580.0,400.0,119.05,4.079
C 저층부 확대,39,4.0,165.0,194289.2,546932.7,330.3,36.35,9.09,10,2800.0,1.6,194295.2,546968.7,52.0,143,40,2909.8,30.97,37580.0,400.0,119.05,4.135
C 저층부 확대,39,2.5,165.0,194289.2,546932.7,330.3,28.74,11.5,10,2800.0,1.6,194319.2,546968.7,52.0,143,27,2909.8,30.97,37580.0,400.0,119.05,4.13
A 방위·위치,55,2.0,0.0,194283.2,546956.7,683.3,36.97,18.48,0,0.0,0.0,0.0,0.0,0.0,144,55,739.7,7.87,37580.0,400.0,166.25,4.172
A 방위·위치,55,2.0,30.0,194307.2,546944.7,683.3,36.97,18.48,0,0.0,0.0,0.0,0.0,0.0,144,46,739.7,7.87,37580.0,400.0,166.25,4.097
A 방위·위치,55,2.0,60.0,194307.2,546944.7,683.3,36.97,18.48,0,0.0,0.0,0.0,0.0,0.0,144,45,739.7,7.87,37580.0,400.0,166.25,4.042
A 방위·위치,55,2.0,75.0,194307.2,546980.7,683.3,36.97,18.48,0,0.0,0.0,0.0,0.0,0.0,144,48,739.7,7.87,37580.0,400.0,166.25,3.942
A 방위·위치,55,2.0,120.0,194283.2,546956.7,683.3,36.97,18.48,0,0.0,0.0,0.0,0.0,0.0,144,48,739.7,7.87,37580.0,400.0,166.25,4.075
C 저층부 확대,55,2.5,165.0,194271.2,546950.7,568.4,37.7,15.08,10,1200.0,4.0,194295.2,546980.7,52.0,144,36,1287.6,13.71,37580.0,400.0,166.25,4.059
C 저층부 확대,55,2.5,165.0,194289.2,546950.7,568.4,37.7,15.08,10,1200.0,4.0,194331.2,546956.7,52.0,144,33,1287.6,13.71,37580.0,400.0,166.25,4.077
B 층수·세장비,53,2.0,60.0,194307.2,546980.7,709.1,37.66,18.83,0,0.0,0.0,0.0,0.0,0.0,144,45,766.5,8.16,37580.0,400.0,160.35,3.956
B 층수·세장비,45,2.0,60.0,194307.2,546968.7,835.1,40.87,20.43,0,0.0,0.0,0.0,0.0,0.0,144,47,897.4,9.55,37580.0,400.0,136.75,3.988
B 층수·세장비,45,2.5,60.0,194319.2,546968.7,835.1,45.69,18.28,0,0.0,0.0,0.0,0.0,0.0,144,51,900.1,9.58,37580.0,400.0,136.75,3.946
C 저층부 확대,45,4.0,165.0,194289.2,546950.7,845.1,58.14,14.54,10,800.0,3.0,194307.2,546968.7,52.0,144,44,918.8,9.78,37580.0,400.0,136.75,4.055
C 저층부 확대,45,3.0,165.0,194289.2,546950.7,730.9,46.82,15.61,10,1200.0,4.0,194319.2,546968.7,52.0,144,37,1287.6,13.71,37580.0,400.0,136.75,4.053
C 저층부 확대,39,4.0,165.0,194289.2,546950.7,1020.0,63.87,15.97,10,800.0,3.0,194295.2,546980.7,52.0,144,44,1100.8,11.72,37580.0,400.0,119.05,4.05
C 저층부 확대,55,4.0,165.0,194289.2,546950.7,479.6,43.8,10.95,10,1600.0,2.2,194307.2,546980.7,52.0,145,40,1687.3,17.96,37580.0,400.0,166.25,4.05
C 저층부 확대,55,3.0,165.0,194289.2,546950.7,479.6,37.93,12.64,10,1600.0,2.2,194307.2,546980.7,52.0,145,40,1687.3,17.96,37580.0,400.0,166.25,4.056
C 저층부 확대,51,2.5,165.0,194289.2,546932.7,428.8,32.74,13.1,10,2000.0,4.0,194319.2,546956.7,52.0,145,27,2112.8,22.49,37580.0,400.0,154.45,4.114
B 층수·세장비,49,2.0,60.0,194307.2,546956.7,766.9,39.16,19.58,0,0.0,0.0,0.0,0.0,0.0,145,46,826.7,8.8,37580.0,400.0,148.55,4.011
A 방위·위치,55,2.0,15.0,194283.2,546944.7,683.3,36.97,18.48,0,0.0,0.0,0.0,0.0,0.0,146,40,739.7,7.87,37580.0,400.0,166.25,4.174
A 방위·위치,55,2.0,15.0,194295.2,546944.7,683.3,36.97,18.48,0,0.0,0.0,0.0,0.0,0.0,146,46,739.7,7.87,37580.0,400.0,166.25,4.146
C 저층부 확대,55,3.0,165.0,194289.2,546950.7,479.6,37.93,12.64,10,1600.0,4.0,194295.2,546968.7,52.0,146,38,1701.0,18.11,37580.0,400.0,166.25,4.069
C 저층부 확대,45,2.5,165.0,194289.2,546950.7,616.6,39.26,15.7,10,1600.0,3.0,194295.2,546980.7,52.0,146,45,1693.4,18.02,37580.0,400.0,136.75,4.061
B 층수·세장비,39,2.0,60.0,194307.2,546956.7,963.6,43.9,21.95,0,0.0,0.0,0.0,0.0,0.0,146,43,1030.4,10.97,37580.0,400.0,119.05,4.034
C 저층부 확대,39,4.0,165.0,194289.2,546950.7,744.1,54.56,13.64,10,1600.0,4.0,194307.2,546980.7,52.0,146,30,1701.0,18.11,37580.0,400.0,119.05,4.037
C 저층부 확대,55,4.0,165.0,194289.2,546950.7,657.3,51.28,12.82,10,800.0,2.2,194331.2,546968.7,52.0,147,33,862.0,9.18,37580.0,400.0,166.25,4.049
C 저층부 확대,55,3.0,165.0,194289.2,546950.7,568.4,41.3,13.77,10,1200.0,1.6,194331.2,546968.7,52.0,147,31,1272.2,13.54,37580.0,400.0,166.25,4.055
C 저층부 확대,55,4.0,165.0,194289.2,546950.7,479.6,43.8,10.95,10,1600.0,4.0,194295.2,546968.7,52.0,147,38,1701.0,18.11,37580.0,400.0,166.25,4.063
B 층수·세장비,53,2.0,60.0,194307.2,546968.7,709.1,37.66,18.83,0,0.0,0.0,0.0,0.0,0.0,147,47,766.5,8.16,37580.0,400.0,160.35,3.976
C 저층부 확대,51,3.0,165.0,194289.2,546950.7,526.3,39.74,13.25,10,1600.0,2.2,194307.2,546968.7,52.0,147,45,1687.3,17.96,37580.0,400.0,154.45,4.08
B 층수·세장비,47,2.5,60.0,194319.2,546968.7,799.6,44.71,17.88,0,0.0,0.0,0.0,0.0,0.0,147,52,863.2,9.19,37580.0,400.0,142.65,3.939
C 저층부 확대,39,3.0,165.0,194289.2,546950.7,606.2,42.65,14.22,10,2000.0,3.0,194307.2,546980.7,52.0,147,32,2104.3,22.4,37580.0,400.0,119.05,4.06
A 방위·위치,55,2.0,30.0,194295.2,546956.7,683.3,36.97,18.48,0,0.0,0.0,0.0,0.0,0.0,148,49,739.7,7.87,37580.0,400.0,166.25,4.089
A 방위·위치,55,2.0,30.0,194307.2,546956.7,683.3,36.97,18.48,0,0.0,0.0,0.0,0.0,0.0,148,47,739.7,7.87,37580.0,400.0,166.25,4.061
A 방위·위치,55,2.0,45.0,194307.2,546956.7,683.3,36.97,18.48,0,0.0,0.0,0.0,0.0,0.0,148,49,739.7,7.87,37580.0,400.0,166.25,4.03
A 방위·위치,55,2.0,60.0,194295.2,546956.7,683.3,36.97,18.48,0,0.0,0.0,0.0,0.0,0.0,148,49,739.7,7.87,37580.0,400.0,166.25,4.028
A 방위·위치,55,2.0,60.0,194307.2,546968.7,683.3,36.97,18.48,0,0.0,0.0,0.0,0.0,0.0,148,47,739.7,7.87,37580.0,400.0,166.25,3.973
A 방위·위치,55,2.0,60.0,194295.2,546980.7,683.3,36.97,18.48,0,0.0,0.0,0.0,0.0,0.0,148,49,739.7,7.87,37580.0,400.0,166.25,3.979
A 방위·위치,55,2.0,75.0,194295.2,546968.7,683.3,36.97,18.48,0,0.0,0.0,0.0,0.0,0.0,148,49,739.7,7.87,37580.0,400.0,166.25,3.99
A 방위·위치,55,2.0,90.0,194307.2,546956.7,683.3,36.97,18.48,0,0.0,0.0,0.0,0.0,0.0,148,46,739.7,7.87,37580.0,400.0,166.25,3.989
B 층수·세장비,55,3.0,60.0,194319.2,546956.7,683.3,45.27,15.09,0,0.0,0.0,0.0,0.0,0.0,148,52,744.6,7.93,37580.0,400.0,166.25,3.924
C 저층부 확대,55,4.0,165.0,194289.2,546950.7,568.4,47.68,11.92,10,1200.0,1.6,194331.2,546968.7,52.0,148,31,1272.2,13.54,37580.0,400.0,166.25,4.048
C 저층부 확대,51,4.0,165.0,194289.2,546950.7,721.5,53.72,13.43,10,800.0,1.6,194331.2,546968.7,52.0,148,37,859.1,9.14,37580.0,400.0,154.45,4.05
C 저층부 확대,51,3.0,165.0,194289.2,546932.7,331.2,31.52,10.51,10,2400.0,2.2,194307.2,546968.7,52.0,148,39,2506.7,26.68,37580.0,400.0,154.45,4.108
B 층수·세장비,49,2.5,60.0,194319.2,546968.7,766.9,43.79,17.52,0,0.0,0.0,0.0,0.0,0.0,148,53,829.2,8.83,37580.0,400.0,148.55,3.935
C 저층부 확대,45,3.0,165.0,194289.2,546950.7,616.6,43.01,14.34,10,1600.0,4.0,194307.2,546980.7,52.0,148,31,1701.0,18.11,37580.0,400.0,136.75,4.038
C 저층부 확대,39,4.0,165.0,194289.2,546950.7,1020.0,63.87,15.97,10,800.0,2.2,194307.2,546980.7,52.0,148,44,1100.8,11.72,37580.0,400.0,119.05,4.04
A 방위·위치,55,2.0,75.0,194295.2,546956.7,683.3,36.97,18.48,0,0.0,0.0,0.0,0.0,0.0,149,48,739.7,7.87,37580.0,400.0,166.25,4.017
A 방위·위치,55,2.0,105.0,194307.2,546956.7,683.3,36.97,18.48,0,0.0,0.0,0.0,0.0,0.0,149,46,739.7,7.87,37580.0,400.0,166.25,3.997
C 저층부 확대,55,3.0,165.0,194289.2,546932.7,390.7,34.23,11.41,10,2000.0,2.2,194307.2,546956.7,52.0,149,42,2097.5,22.33,37580.0,400.0,166.25,4.136
B 층수·세장비,53,3.0,60.0,194319.2,546956.7,709.1,46.12,15.37,0,0.0,0.0,0.0,0.0,0.0,149,52,771.6,8.21,37580.0,400.0,160.35,3.927
B 층수·세장비,51,2.0,60.0,194307.2,546980.7,736.9,38.39,19.19,0,0.0,0.0,0.0,0.0,0.0,149,45,795.4,8.47,37580.0,400.0,154.45,3.957
C 저층부 확대,45,4.0,165.0,194289.2,546950.7,845.1,58.14,14.54,10,800.0,2.2,194319.2,546968.7,52.0,149,42,918.8,9.78,37580.0,400.0,136.75,4.051
C 저층부 확대,45,2.5,165.0,194289.2,546950.7,730.9,42.75,17.1,10,1200.0,4.0,194319.2,546968.7,52.0,149,37,1287.6,13.71,37580.0,400.0,136.75,4.053
B 층수·세장비,43,2.0,60.0,194307.2,546980.7,874.0,41.81,20.9,0,0.0,0.0,0.0,0.0,0.0,149,45,937.7,9.98,37580.0,400.0,130.85,3.968
C 저층부 확대,39,4.0,165.0,194289.2,546950.7,1020.0,63.87,15.97,10,800.0,4.0,194295.2,546980.7,52.0,149,44,1100.8,11.72,37580.0,400.0,119.05,4.042
C 저층부 확대,39,2.5,165.0,194289.2,546950.7,744.1,43.13,17.25,10,1600.0,3.0,194319.2,546968.7,52.0,149,33,1693.4,18.02,37580.0,400.0,119.05,4.067
C 저층부 확대,39,4.0,165.0,194289.2,546950.7,606.2,49.24,12.31,10,2000.0,4.0,194295.2,546980.7,52.0,149,26,2112.8,22.49,37580.0,400.0,119.05,4.046
A 방위·위치,55,2.0,30.0,194283.2,546944.7,683.3,36.97,18.48,0,0.0,0.0,0.0,0.0,0.0,150,36,739.7,7.87,37580.0,400.0,166.25,4.148
A 방위·위치,55,2.0,30.0,194307.2,546968.7,683.3,36.97,18.48,0,0.0,0.0,0.0,0.0,0.0,150,49,739.7,7.87,37580.0,400.0,166.25,4.032
A 방위·위치,55,2.0,45.0,194307.2,546980.7,683.3,36.97,18.48,0,0.0,0.0,0.0,0.0,0.0,150,47,739.7,7.87,37580.0,400.0,166.25,3.978
A 방위·위치,55,2.0,60.0,194283.2,546944.7,683.3,36.97,18.48,0,0.0,0.0,0.0,0.0,0.0,150,40,739.7,7.87,37580.0,400.0,166.25,4.082
A 방위·위치,55,2.0,90.0,194295.2,546956.7,683.3,36.97,18.48,0,0.0,0.0,0.0,0.0,0.0,150,47,739.7,7.87,37580.0,400.0,166.25,4.02
A 방위·위치,55,2.0,105.0,194283.2,546944.7,683.3,36.97,18.48,0,0.0,0.0,0.0,0.0,0.0,150,36,739.7,7.87,37580.0,400.0,166.25,4.074
C 저층부 확대,55,3.0,165.0,194289.2,546950.7,568.4,41.3,13.77,10,1200.0,2.2,194319.2,546980.7,52.0,150,37,1275.7,13.58,37580.0,400.0,166.25,4.034
C 저층부 확대,55,3.0,165.0,194289.2,546950.7,390.7,34.23,11.41,10,2000.0,3.0,194295.2,546980.7,52.0,150,39,2104.3,22.4,37580.0,400.0,166.25,4.053
C 저층부 확대,55,2.5,165.0,194289.2,546950.7,390.7,31.25,12.5,10,2000.0,3.0,194295.2,546980.7,52.0,150,39,2104.3,22.4,37580.0,400.0,166.25,4.053
B 층수·세장비,51,2.0,60.0,194307.2,546968.7,736.9,38.39,19.19,0,0.0,0.0,0.0,0.0,0.0,150,47,795.4,8.47,37580.0,400.0,154.45,3.979
C 저층부 확대,51,2.5,165.0,194289.2,546950.7,721.5,42.47,16.99,10,800.0,1.6,194331.2,546968.7,52.0,150,37,859.1,9.14,37580.0,400.0,154.45,4.054
C 저층부 확대,51,2.5,165.0,194289.2,546932.7,526.3,36.27,14.51,10,1600.0,3.0,194319.2,546956.7,52.0,150,32,1693.4,18.02,37580.0,400.0,154.45,4.117
B 층수·세장비,39,2.0,60.0,194319.2,546980.7,963.6,43.9,21.95,0,0.0,0.0,0.0,0.0,0.0,150,51,1030.4,10.97,37580.0,400.0,119.05,3.972
C 저층부 확대,39,4.0,165.0,194289.2,546950.7,1020.0,63.87,15.97,10,800.0,1.6,194319.2,546980.7,52.0,150,40,1100.8,11.72,37580.0,400.0,119.05,4.032
A 방위·위치,55,2.0,30.0,194295.2,546932.7,683.3,36.97,18.48,0,0.0,0.0,0.0,0.0,0.0,151,39,739.7,7.87,37580.0,400.0,166.25,4.148
A 방위·위치,55,2.0,30.0,194295.2,546968.7,683.3,36.97,18.48,0,0.0,0.0,0.0,0.0,0.0,151,49,739.7,7.87,37580.0,400.0,166.25,4.055
A 방위·위치,55,2.0,30.0,194307.2,546980.7,683.3,36.97,18.48,0,0.0,0.0,0.0,0.0,0.0,151,48,739.7,7.87,37580.0,400.0,166.25,4.01
A 방위·위치,55,2.0,45.0,194283.2,546944.7,683.3,36.97,18.48,0,0.0,0.0,0.0,0.0,0.0,151,37,739.7,7.87,37580.0,400.0,166.25,4.112
A 방위·위치,55,2.0,45.0,194295.2,546968.7,683.3,36.97,18.48,0,0.0,0.0,0.0,0.0,0.0,151,49,739.7,7.87,37580.0,400.0,166.25,4.027
A 방위·위치,55,2.0,75.0,194283.2,546944.7,683.3,36.97,18.48,0,0.0,0.0,0.0,0.0,0.0,151,37,739.7,7.87,37580.0,400.0,166.25,4.074
A 방위·위치,55,2.0,105.0,194295.2,546968.7,683.3,36.97,18.48,0,0.0,0.0,0.0,0.0,0.0,151,49,739.7,7.87,37580.0,400.0,166.25,3.998
C 저층부 확대,55,4.0,165.0,194289.2,546950.7,657.3,51.28,12.82,10,800.0,3.0,194319.2,546968.7,52.0,151,42,866.3,9.22,37580.0,400.0,166.25,4.052
C 저층부 확대,55,4.0,165.0,194289.2,546950.7,657.3,51.28,12.82,10,800.0,4.0,194319.2,546968.7,52.0,151,42,871.7,9.28,37580.0,400.0,166.25,4.047
C 저층부 확대,55,4.0,165.0,194289.2,546950.7,568.4,47.68,11.92,10,1200.0,2.2,194319.2,546980.7,52.0,151,36,1275.7,13.58,37580.0,400.0,166.25,4.027
C 저층부 확대,55,2.5,165.0,194289.2,546932.7,390.7,31.25,12.5,10,2000.0,2.2,194307.2,546956.7,52.0,151,42,2097.5,22.33,37580.0,400.0,166.25,4.137
C 저층부 확대,51,2.5,165.0,194289.2,546950.7,526.3,36.27,14.51,10,1600.0,3.0,194307.2,546968.7,52.0,151,43,1693.4,18.02,37580.0,400.0,154.45,4.073
B 층수·세장비,49,2.0,60.0,194295.2,546968.7,766.9,39.16,19.58,0,0.0,0.0,0.0,0.0,0.0,151,49,826.7,8.8,37580.0,400.0,148.55,4.005
C 저층부 확대,39,2.5,165.0,194289.2,546950.7,882.1,46.96,18.78,10,1200.0,3.0,194295.2,546980.7,52.0,151,46,1281.0,13.63,37580.0,400.0,119.05,4.059
C 저층부 확대,39,3.0,165.0,194289.2,546932.7,468.3,37.48,12.49,10,2400.0,3.0,194295.2,546968.7,52.0,151,29,2514.1,26.76,37580.0,400.0,119.05,4.11
A 방위·위치,55,2.0,45.0,194295.2,546956.7,683.3,36.97,18.48,0,0.0,0.0,0.0,0.0,0.0,152,49,739.7,7.87,37580.0,400.0,166.25,4.058
A 방위·위치,55,2.0,60.0,194295.2,546932.7,683.3,36.97,18.48,0,0.0,0.0,0.0,0.0,0.0,152,40,739.7,7.87,37580.0,400.0,166.25,4.088
A 방위·위치,55,2.0,60.0,194295.2,546944.7,683.3,36.97,18.48,0,0.0,0.0,0.0,0.0,0.0,152,46,739.7,7.87,37580.0,400.0,166.25,4.058
A 방위·위치,55,2.0,60.0,194295.2,546968.7,683.3,36.97,18.48,0,0.0,0.0,0.0,0.0,0.0,152,49,739.7,7.87,37580.0,400.0,166.25,4.003
A 방위·위치,55,2.0,90.0,194283.2,546944.7,683.3,36.97,18.48,0,0.0,0.0,0.0,0.0,0.0,152,34,739.7,7.87,37580.0,400.0,166.25,4.071
A 방위·위치,55,2.0,90.0,194295.2,546968.7,683.3,36.97,18.48,0,0.0,0.0,0.0,0.0,0.0,152,49,739.7,7.87,37580.0,400.0,166.25,3.991
A 방위·위치,55,2.0,105.0,194295.2,546956.7,683.3,36.97,18.48,0,0.0,0.0,0.0,0.0,0.0,152,47,739.7,7.87,37580.0,400.0,166.25,4.026
C 저층부 확대,51,2.5,165.0,194289.2,546950.7,623.9,39.49,15.8,10,1200.0,3.0,194307.2,546980.7,52.0,152,41,1281.0,13.63,37580.0,400.0,154.45,4.046
C 저층부 확대,39,4.0,165.0,194289.2,546950.7,882.1,59.4,14.85,10,1200.0,4.0,194319.2,546968.7,52.0,152,35,1287.6,13.71,37580.0,400.0,119.05,4.048
A 방위·위치,55,2.0,90.0,194307.2,546968.7,683.3,36.97,18.48,0,0.0,0.0,0.0,0.0,0.0,153,46,739.7,7.87,37580.0,400.0,166.25,3.959
A 방위·위치,55,2.0,90.0,194307.2,546980.7,683.3,36.97,18.48,0,0.0,0.0,0.0,0.0,0.0,153,48,739.7,7.87,37580.0,400.0,166.25,3.937
C 저층부 확대,55,2.5,165.0,194289.2,546950.7,479.6,34.62,13.85,10,1600.0,3.0,194319.2,546968.7,52.0,153,33,1693.4,18.02,37580.0,400.0,166.25,4.06
C 저층부 확대,51,2.5,165.0,194289.2,546950.7,428.8,32.74,13.1,10,2000.0,3.0,194307.2,546980.7,52.0,153,33,2104.3,22.4,37580.0,400.0,154.45,4.05
B 층수·세장비,49,2.5,60.0,194319.2,546980.7,766.9,43.79,17.52,0,0.0,0.0,0.0,0.0,0.0,153,52,829.2,8.83,37580.0,400.0,148.55,3.914
B 층수·세장비,45,4.0,60.0,194331.2,546956.7,835.1,57.8,14.45,0,0.0,0.0,0.0,0.0,0.0,153,37,908.4,9.67,37580.0,400.0,136.75,3.894
B 층수·세장비,39,2.5,60.0,194307.2,546968.7,963.6,49.08,19.63,0,0.0,0.0,0.0,0.0,0.0,153,45,1033.3,11.0,37580.0,400.0,119.05,3.971
A 방위·위치,55,2.0,45.0,194295.2,546932.7,683.3,36.97,18.48,0,0.0,0.0,0.0,0.0,0.0,154,38,739.7,7.87,37580.0,400.0,166.25,4.117
A 방위·위치,55,2.0,45.0,194295.2,546944.7,683.3,36.97,18.48,0,0.0,0.0,0.0,0.0,0.0,154,48,739.7,7.87,37580.0,400.0,166.25,4.084
A 방위·위치,55,2.0,45.0,194307.2,546968.7,683.3,36.97,18.48,0,0.0,0.0,0.0,0.0,0.0,154,47,739.7,7.87,37580.0,400.0,166.25,3.999
A 방위·위치,55,2.0,105.0,194295.2,546944.7,683.3,36.97,18.48,0,0.0,0.0,0.0,0.0,0.0,154,45,739.7,7.87,37580.0,400.0,166.25,4.049
A 방위·위치,55,2.0,105.0,194307.2,546968.7,683.3,36.97,18.48,0,0.0,0.0,0.0,0.0,0.0,154,44,739.7,7.87,37580.0,400.0,166.25,3.966
B 층수·세장비,49,2.0,60.0,194307.2,546980.7,766.9,39.16,19.58,0,0.0,0.0,0.0,0.0,0.0,154,45,826.7,8.8,37580.0,400.0,148.55,3.957
B 층수·세장비,45,3.0,60.0,194319.2,546968.7,835.1,50.05,16.68,0,0.0,0.0,0.0,0.0,0.0,154,45,902.8,9.61,37580.0,400.0,136.75,3.916
B 층수·세장비,41,3.0,60.0,194319.2,546956.7,916.6,52.44,17.48,0,0.0,0.0,0.0,0.0,0.0,154,38,987.5,10.51,37580.0,400.0,124.95,3.962
C 저층부 확대,39,3.0,165.0,194289.2,546950.7,1020.0,55.32,18.44,10,800.0,1.6,194343.2,546968.7,52.0,154,32,1094.8,11.65,37580.0,400.0,119.05,4.052
A 방위·위치,55,2.0,75.0,194295.2,546932.7,683.3,36.97,18.48,0,0.0,0.0,0.0,0.0,0.0,155,37,739.7,7.87,37580.0,400.0,166.25,4.075
A 방위·위치,55,2.0,75.0,194295.2,546944.7,683.3,36.97,18.48,0,0.0,0.0,0.0,0.0,0.0,155,45,739.7,7.87,37580.0,400.0,166.25,4.048
C 저층부 확대,45,4.0,165.0,194289.2,546950.7,845.1,58.14,14.54,10,800.0,1.6,194343.2,546968.7,52.0,155,32,918.8,9.78,37580.0,400.0,136.75,4.043
B 층수·세장비,41,2.5,60.0,194307.2,546956.7,916.6,47.87,19.15,0,0.0,0.0,0.0,0.0,0.0,155,40,984.6,10.48,37580.0,400.0,124.95,4.0
A 방위·위치,55,2.0,30.0,194295.2,546944.7,683.3,36.97,18.48,0,0.0,0.0,0.0,0.0,0.0,156,47,739.7,7.87,37580.0,400.0,166.25,4.12
A 방위·위치,55,2.0,45.0,194295.2,546980.7,683.3,36.97,18.48,0,0.0,0.0,0.0,0.0,0.0,156,49,739.7,7.87,37580.0,400.0,166.25,3.997
C 저층부 확대,55,2.5,165.0,194289.2,546932.7,390.7,31.25,12.5,10,2000.0,4.0,194307.2,546956.7,52.0,156,37,2112.8,22.49,37580.0,400.0,166.25,4.123
B 층수·세장비,53,3.0,60.0,194319.2,546968.7,709.1,46.12,15.37,0,0.0,0.0,0.0,0.0,0.0,156,52,771.6,8.21,37580.0,400.0,160.35,3.901
B 층수·세장비,39,3.0,60.0,194319.2,546956.7,963.6,53.77,17.92,0,0.0,0.0,0.0,0.0,0.0,156,36,1036.3,11.03,37580.0,400.0,119.05,3.968
A 방위·위치,55,2.0,15.0,194283.2,546956.7,683.3,36.97,18.48,0,0.0,0.0,0.0,0.0,0.0,157,47,739.7,7.87,37580.0,400.0,166.25,4.156
C 저층부 확대,55,2.5,165.0,194289.2,546932.7,479.6,34.62,13.85,10,1600.0,3.0,194283.2,546968.7,52.0,157,29,1693.4,18.02,37580.0,400.0,166.25,4.085
B 층수·세장비,51,3.0,60.0,194319.2,546968.7,736.9,47.02,15.67,0,0.0,0.0,0.0,0.0,0.0,157,52,800.6,8.52,37580.0,400.0,154.45,3.901
C 저층부 확대,55,3.0,165.0,194289.2,546932.7,390.7,34.23,11.41,10,2000.0,4.0,194295.2,546956.7,52.0,158,28,2112.8,22.49,37580.0,400.0,166.25,4.12
B 층수·세장비,47,3.0,60.0,194319.2,546968.7,799.6,48.98,16.33,0,0.0,0.0,0.0,0.0,0.0,158,45,865.9,9.22,37580.0,400.0,142.65,3.908
B 층수·세장비,41,2.5,60.0,194307.2,546980.7,916.6,47.87,19.15,0,0.0,0.0,0.0,0.0,0.0,158,43,984.6,10.48,37580.0,400.0,124.95,3.944
A 방위·위치,55,2.0,60.0,194283.2,546956.7,683.3,36.97,18.48,0,0.0,0.0,0.0,0.0,0.0,159,48,739.7,7.87,37580.0,400.0,166.25,4.07
B 층수·세장비,41,2.5,60.0,194295.2,546968.7,916.6,47.87,19.15,0,0.0,0.0,0.0,0.0,0.0,159,49,984.6,10.48,37580.0,400.0,124.95,3.994
B 층수·세장비,39,2.5,60.0,194307.2,546956.7,963.6,49.08,19.63,0,0.0,0.0,0.0,0.0,0.0,159,40,1033.3,11.0,37580.0,400.0,119.05,4.006
B 층수·세장비,53,2.5,60.0,194307.2,546968.7,709.1,42.1,16.84,0,0.0,0.0,0.0,0.0,0.0,160,47,769.0,8.19,37580.0,400.0,160.35,3.946
B 층수·세장비,39,2.5,60.0,194319.2,546980.7,963.6,49.08,19.63,0,0.0,0.0,0.0,0.0,0.0,160,45,1033.3,11.0,37580.0,400.0,119.05,3.941
B 층수·세장비,39,3.0,60.0,194319.2,546968.7,963.6,53.77,17.92,0,0.0,0.0,0.0,0.0,0.0,161,37,1036.3,11.03,37580.0,400.0,119.05,3.937
A 방위·위치,55,2.0,75.0,194283.2,546956.7,683.3,36.97,18.48,0,0.0,0.0,0.0,0.0,0.0,162,47,739.7,7.87,37580.0,400.0,166.25,4.064
B 층수·세장비,43,4.0,60.0,194331.2,546956.7,874.0,59.13,14.78,0,0.0,0.0,0.0,0.0,0.0,162,37,948.9,10.1,37580.0,400.0,130.85,3.899
C 저층부 확대,39,3.0,165.0,194289.2,546950.7,882.1,51.44,17.15,10,1200.0,1.6,194319.2,546992.7,52.0,162,30,1272.2,13.54,37580.0,400.0,119.05,4.021
A 방위·위치,55,2.0,45.0,194283.2,546956.7,683.3,36.97,18.48,0,0.0,0.0,0.0,0.0,0.0,163,46,739.7,7.87,37580.0,400.0,166.25,4.088
A 방위·위치,55,2.0,90.0,194295.2,546944.7,683.3,36.97,18.48,0,0.0,0.0,0.0,0.0,0.0,163,45,739.7,7.87,37580.0,400.0,166.25,4.044
A 방위·위치,55,2.0,105.0,194283.2,546956.7,683.3,36.97,18.48,0,0.0,0.0,0.0,0.0,0.0,163,46,739.7,7.87,37580.0,400.0,166.25,4.061
B 층수·세장비,53,2.5,60.0,194307.2,546956.7,709.1,42.1,16.84,0,0.0,0.0,0.0,0.0,0.0,163,46,769.0,8.19,37580.0,400.0,160.35,3.974
A 방위·위치,55,2.0,30.0,194283.2,546956.7,683.3,36.97,18.48,0,0.0,0.0,0.0,0.0,0.0,164,46,739.7,7.87,37580.0,400.0,166.25,4.121
A 방위·위치,55,2.0,60.0,194283.2,546968.7,683.3,36.97,18.48,0,0.0,0.0,0.0,0.0,0.0,164,49,739.7,7.87,37580.0,400.0,166.25,4.047
A 방위·위치,55,2.0,90.0,194283.2,546956.7,683.3,36.97,18.48,0,0.0,0.0,0.0,0.0,0.0,164,46,739.7,7.87,37580.0,400.0,166.25,4.059
B 층수·세장비,55,3.0,60.0,194319.2,546980.7,683.3,45.27,15.09,0,0.0,0.0,0.0,0.0,0.0,164,50,744.6,7.93,37580.0,400.0,166.25,3.878
B 층수·세장비,43,3.0,60.0,194307.2,546956.7,874.0,51.2,17.07,0,0.0,0.0,0.0,0.0,0.0,164,41,943.2,10.04,37580.0,400.0,130.85,3.968
C 저층부 확대,51,2.5,165.0,194289.2,546932.7,526.3,36.27,14.51,10,1600.0,1.6,194307.2,546980.7,52.0,166,38,1683.2,17.92,37580.0,400.0,154.45,4.065
B 층수·세장비,49,3.0,60.0,194307.2,546956.7,766.9,47.97,15.99,0,0.0,0.0,0.0,0.0,0.0,168,44,831.9,8.85,37580.0,400.0,148.55,3.947
B 층수·세장비,41,3.0,60.0,194307.2,546968.7,916.6,52.44,17.48,0,0.0,0.0,0.0,0.0,0.0,168,44,987.5,10.51,37580.0,400.0,124.95,3.941
A 방위·위치,55,2.0,45.0,194283.2,546968.7,683.3,36.97,18.48,0,0.0,0.0,0.0,0.0,0.0,169,49,739.7,7.87,37580.0,400.0,166.25,4.07
B 층수·세장비,47,4.0,60.0,194319.2,546956.7,799.6,56.55,14.14,0,0.0,0.0,0.0,0.0,0.0,169,37,871.3,9.27,37580.0,400.0,142.65,3.889
B 층수·세장비,41,3.0,60.0,194319.2,546980.7,916.6,52.44,17.48,0,0.0,0.0,0.0,0.0,0.0,169,44,987.5,10.51,37580.0,400.0,124.95,3.902
B 층수·세장비,39,3.0,60.0,194319.2,546980.7,963.6,53.77,17.92,0,0.0,0.0,0.0,0.0,0.0,170,44,1036.3,11.03,37580.0,400.0,119.05,3.908
C 저층부 확대,55,2.5,165.0,194289.2,546932.7,479.6,34.62,13.85,10,1600.0,1.6,194319.2,546980.7,52.0,171,30,1683.2,17.92,37580.0,400.0,166.25,4.064
B 층수·세장비,43,3.0,60.0,194307.2,546980.7,874.0,51.2,17.07,0,0.0,0.0,0.0,0.0,0.0,171,43,943.2,10.04,37580.0,400.0,130.85,3.909
B 층수·세장비,45,4.0,60.0,194319.2,546944.7,835.1,57.8,14.45,0,0.0,0.0,0.0,0.0,0.0,172,37,908.4,9.67,37580.0,400.0,136.75,3.938
B 층수·세장비,43,3.0,60.0,194295.2,546968.7,874.0,51.2,17.07,0,0.0,0.0,0.0,0.0,0.0,173,49,943.2,10.04,37580.0,400.0,130.85,3.964
B 층수·세장비,41,4.0,60.0,194319.2,546956.7,916.6,60.55,15.14,0,0.0,0.0,0.0,0.0,0.0,173,34,993.3,10.57,37580.0,400.0,124.95,3.91
B 층수·세장비,55,3.0,60.0,194307.2,546968.7,683.3,45.27,15.09,0,0.0,0.0,0.0,0.0,0.0,174,45,744.6,7.93,37580.0,400.0,166.25,3.91
B 층수·세장비,51,4.0,60.0,194319.2,546956.7,736.9,54.29,13.57,0,0.0,0.0,0.0,0.0,0.0,177,37,805.7,8.58,37580.0,400.0,154.45,3.876
B 층수·세장비,49,3.0,60.0,194307.2,546968.7,766.9,47.97,15.99,0,0.0,0.0,0.0,0.0,0.0,178,45,831.9,8.85,37580.0,400.0,148.55,3.913
B 층수·세장비,39,4.0,60.0,194319.2,546956.7,963.6,62.08,15.52,0,0.0,0.0,0.0,0.0,0.0,183,32,1042.2,11.09,37580.0,400.0,119.05,3.916
B 층수·세장비,49,4.0,60.0,194307.2,546956.7,766.9,55.39,13.85,0,0.0,0.0,0.0,0.0,0.0,184,41,837.2,8.91,37580.0,400.0,148.55,3.894
B 층수·세장비,47,4.0,60.0,194319.2,546968.7,799.6,56.55,14.14,0,0.0,0.0,0.0,0.0,0.0,184,36,871.3,9.27,37580.0,400.0,142.65,3.851
B 층수·세장비,39,4.0,60.0,194307.2,546968.7,963.6,62.08,15.52,0,0.0,0.0,0.0,0.0,0.0,185,42,1042.2,11.09,37580.0,400.0,119.05,3.898
B 층수·세장비,49,3.0,60.0,194307.2,546980.7,766.9,47.97,15.99,0,0.0,0.0,0.0,0.0,0.0,187,43,831.9,8.85,37580.0,400.0,148.55,3.891
B 층수·세장비,41,4.0,60.0,194307.2,546968.7,916.6,60.55,15.14,0,0.0,0.0,0.0,0.0,0.0,187,42,993.3,10.57,37580.0,400.0,124.95,3.889
B 층수·세장비,51,4.0,60.0,194319.2,546968.7,736.9,54.29,13.57,0,0.0,0.0,0.0,0.0,0.0,188,43,805.7,8.58,37580.0,400.0,154.45,3.844
B 층수·세장비,43,4.0,60.0,194307.2,546980.7,874.0,59.13,14.78,0,0.0,0.0,0.0,0.0,0.0,192,38,948.9,10.1,37580.0,400.0,130.85,3.852
B 층수·세장비,53,4.0,60.0,194307.2,546956.7,709.1,53.26,13.31,0,0.0,0.0,0.0,0.0,0.0,200,41,776.6,8.27,37580.0,400.0,160.35,3.883
B 층수·세장비,49,4.0,60.0,194295.2,546968.7,766.9,55.39,13.85,0,0.0,0.0,0.0,0.0,0.0,200,49,837.2,8.91,37580.0,400.0,148.55,3.892
B 층수·세장비,45,4.0,60.0,194307.2,546980.7,835.1,57.8,14.45,0,0.0,0.0,0.0,0.0,0.0,201,39,908.4,9.67,37580.0,400.0,136.75,3.844
B 층수·세장비,53,4.0,60.0,194307.2,546968.7,709.1,53.26,13.31,0,0.0,0.0,0.0,0.0,0.0,205,44,776.6,8.27,37580.0,400.0,160.35,3.852
B 층수·세장비,53,4.0,60.0,194307.2,546980.7,709.1,53.26,13.31,0,0.0,0.0,0.0,0.0,0.0,207,42,776.6,8.27,37580.0,400.0,160.35,3.831
B 층수·세장비,49,4.0,60.0,194307.2,546980.7,766.9,55.39,13.85,0,0.0,0.0,0.0,0.0,0.0,208,42,837.2,8.91,37580.0,400.0,148.55,3.836
