{
 "type": "FeatureCollection",
 "features": [
  {
   "type": "Feature",
   "geometry": {
    "type": "Point",
    "coordinates": [
     194115.408,
     547347.942
    ]
   },
   "properties": {
    "pid": "여의도고등학교 ①(4층) 1층-1",
    "school": "여의도고등학교",
    "kind": "교사동 창면",
    "dong": "여의도고등학교 ①(4층)",
    "floor": 1,
    "source": "일반식",
    "z_m": 1.2,
    "s2_total_h": 5.67,
    "s2_cont_h": 5.67,
    "s2_pass_a": true,
    "s1_pass_a": true,
    "change_cd": "keep_ok",
    "변화": "유지 충족"
   }
  },
  {
   "type": "Feature",
   "geometry": {
    "type": "Point",
    "coordinates": [
     194115.408,
     547347.942
    ]
   },
   "properties": {
    "pid": "여의도고등학교 ①(4층) 2층-1",
    "school": "여의도고등학교",
    "kind": "교사동 창면",
    "dong": "여의도고등학교 ①(4층)",
    "floor": 2,
    "source": "일반식",
    "z_m": 4.7,
    "s2_total_h": 6.0,
    "s2_cont_h": 6.0,
    "s2_pass_a": true,
    "s1_pass_a": true,
    "change_cd": "keep_ok",
    "변화": "유지 충족"
   }
  },
  {
   "type": "Feature",
   "geometry": {
    "type": "Point",
    "coordinates": [
     194115.408,
     547347.942
    ]
   },
   "properties": {
    "pid": "여의도고등학교 ①(4층) 3층-1",
    "school": "여의도고등학교",
    "kind": "교사동 창면",
    "dong": "여의도고등학교 ①(4층)",
    "floor": 3,
    "source": "일반식",
    "z_m": 8.2,
    "s2_total_h": 6.33,
    "s2_cont_h": 6.33,
    "s2_pass_a": true,
    "s1_pass_a": true,
    "change_cd": "keep_ok",
    "변화": "유지 충족"
   }
  },
  {
   "type": "Feature",
   "geometry": {
    "type": "Point",
    "coordinates": [
     194115.408,
     547347.942
    ]
   },
   "properties": {
    "pid": "여의도고등학교 ①(4층) 4층-1",
    "school": "여의도고등학교",
    "kind": "교사동 창면",
    "dong": "여의도고등학교 ①(4층)",
    "floor": 4,
    "source": "일반식",
    "z_m": 11.7,
    "s2_total_h": 6.83,
    "s2_cont_h": 6.83,
    "s2_pass_a": true,
    "s1_pass_a": true,
    "change_cd": "keep_ok",
    "변화": "유지 충족"
   }
  },
  {
   "type": "Feature",
   "geometry": {
    "type": "Point",
    "coordinates": [
     194111.43,
     547344.889
    ]
   },
   "properties": {
    "pid": "여의도고등학교 ①(4층) 1층-2",
    "school": "여의도고등학교",
    "kind": "교사동 창면",
    "dong": "여의도고등학교 ①(4층)",
    "floor": 1,
    "source": "일반식",
    "z_m": 1.2,
    "s2_total_h": 5.67,
    "s2_cont_h": 5.67,
    "s2_pass_a": true,
    "s1_pass_a": true,
    "change_cd": "keep_ok",
    "변화": "유지 충족"
   }
  },
  {
   "type": "Feature",
   "geometry": {
    "type": "Point",
    "coordinates": [
     194111.43,
     547344.889
    ]
   },
   "properties": {
    "pid": "여의도고등학교 ①(4층) 2층-2",
    "school": "여의도고등학교",
    "kind": "교사동 창면",
    "dong": "여의도고등학교 ①(4층)",
    "floor": 2,
    "source": "일반식",
    "z_m": 4.7,
    "s2_total_h": 6.0,
    "s2_cont_h": 6.0,
    "s2_pass_a": true,
    "s1_pass_a": true,
    "change_cd": "keep_ok",
    "변화": "유지 충족"
   }
  },
  {
   "type": "Feature",
   "geometry": {
    "type": "Point",
    "coordinates": [
     194111.43,
     547344.889
    ]
   },
   "properties": {
    "pid": "여의도고등학교 ①(4층) 3층-2",
    "school": "여의도고등학교",
    "kind": "교사동 창면",
    "dong": "여의도고등학교 ①(4층)",
    "floor": 3,
    "source": "일반식",
    "z_m": 8.2,
    "s2_total_h": 6.33,
    "s2_cont_h": 6.33,
    "s2_pass_a": true,
    "s1_pass_a": true,
    "change_cd": "keep_ok",
    "변화": "유지 충족"
   }
  },
  {
   "type": "Feature",
   "geometry": {
    "type": "Point",
    "coordinates": [
     194111.43,
     547344.889
    ]
   },
   "properties": {
    "pid": "여의도고등학교 ①(4층) 4층-2",
    "school": "여의도고등학교",
    "kind": "교사동 창면",
    "dong": "여의도고등학교 ①(4층)",
    "floor": 4,
    "source": "일반식",
    "z_m": 11.7,
    "s2_total_h": 7.0,
    "s2_cont_h": 7.0,
    "s2_pass_a": true,
    "s1_pass_a": true,
    "change_cd": "keep_ok",
    "변화": "유지 충족"
   }
  },
  {
   "type": "Feature",
   "geometry": {
    "type": "Point",
    "coordinates": [
     194107.451,
     547341.837
    ]
   },
   "properties": {
    "pid": "여의도고등학교 ①(4층) 1층-3",
    "school": "여의도고등학교",
    "kind": "교사동 창면",
    "dong": "여의도고등학교 ①(4층)",
    "floor": 1,
    "source": "일반식",
    "z_m": 1.2,
    "s2_total_h": 5.83,
    "s2_cont_h": 5.83,
    "s2_pass_a": true,
    "s1_pass_a": true,
    "change_cd": "keep_ok",
    "변화": "유지 충족"
   }
  },
  {
   "type": "Feature",
   "geometry": {
    "type": "Point",
    "coordinates": [
     194107.451,
     547341.837
    ]
   },
   "properties": {
    "pid": "여의도고등학교 ①(4층) 2층-3",
    "school": "여의도고등학교",
    "kind": "교사동 창면",
    "dong": "여의도고등학교 ①(4층)",
    "floor": 2,
    "source": "일반식",
    "z_m": 4.7,
    "s2_total_h": 6.0,
    "s2_cont_h": 6.0,
    "s2_pass_a": true,
    "s1_pass_a": true,
    "change_cd": "keep_ok",
    "변화": "유지 충족"
   }
  },
  {
   "type": "Feature",
   "geometry": {
    "type": "Point",
    "coordinates": [
     194107.451,
     547341.837
    ]
   },
   "properties": {
    "pid": "여의도고등학교 ①(4층) 3층-3",
    "school": "여의도고등학교",
    "kind": "교사동 창면",
    "dong": "여의도고등학교 ①(4층)",
    "floor": 3,
    "source": "일반식",
    "z_m": 8.2,
    "s2_total_h": 6.33,
    "s2_cont_h": 6.33,
    "s2_pass_a": true,
    "s1_pass_a": true,
    "change_cd": "keep_ok",
    "변화": "유지 충족"
   }
  },
  {
   "type": "Feature",
   "geometry": {
    "type": "Point",
    "coordinates": [
     194107.451,
     547341.837
    ]
   },
   "properties": {
    "pid": "여의도고등학교 ①(4층) 4층-3",
    "school": "여의도고등학교",
    "kind": "교사동 창면",
    "dong": "여의도고등학교 ①(4층)",
    "floor": 4,
    "source": "일반식",
    "z_m": 11.7,
    "s2_total_h": 6.83,
    "s2_cont_h": 6.83,
    "s2_pass_a": true,
    "s1_pass_a": true,
    "change_cd": "keep_ok",
    "변화": "유지 충족"
   }
  },
  {
   "type": "Feature",
   "geometry": {
    "type": "Point",
    "coordinates": [
     194103.473,
     547338.784
    ]
   },
   "properties": {
    "pid": "여의도고등학교 ①(4층) 1층-4",
    "school": "여의도고등학교",
    "kind": "교사동 창면",
    "dong": "여의도고등학교 ①(4층)",
    "floor": 1,
    "source": "일반식",
    "z_m": 1.2,
    "s2_total_h": 5.83,
    "s2_cont_h": 5.83,
    "s2_pass_a": true,
    "s1_pass_a": true,
    "change_cd": "keep_ok",
    "변화": "유지 충족"
   }
  },
  {
   "type": "Feature",
   "geometry": {
    "type": "Point",
    "coordinates": [
     194103.473,
     547338.784
    ]
   },
   "properties": {
    "pid": "여의도고등학교 ①(4층) 2층-4",
    "school": "여의도고등학교",
    "kind": "교사동 창면",
    "dong": "여의도고등학교 ①(4층)",
    "floor": 2,
    "source": "일반식",
    "z_m": 4.7,
    "s2_total_h": 5.83,
    "s2_cont_h": 5.83,
    "s2_pass_a": true,
    "s1_pass_a": true,
    "change_cd": "keep_ok",
    "변화": "유지 충족"
   }
  },
  {
   "type": "Feature",
   "geometry": {
    "type": "Point",
    "coordinates": [
     194103.473,
     547338.784
    ]
   },
   "properties": {
    "pid": "여의도고등학교 ①(4층) 3층-4",
    "school": "여의도고등학교",
    "kind": "교사동 창면",
    "dong": "여의도고등학교 ①(4층)",
    "floor": 3,
    "source": "일반식",
    "z_m": 8.2,
    "s2_total_h": 6.33,
    "s2_cont_h": 6.33,
    "s2_pass_a": true,
    "s1_pass_a": true,
    "change_cd": "keep_ok",
    "변화": "유지 충족"
   }
  },
  {
   "type": "Feature",
   "geometry": {
    "type": "Point",
    "coordinates": [
     194103.473,
     547338.784
    ]
   },
   "properties": {
    "pid": "여의도고등학교 ①(4층) 4층-4",
    "school": "여의도고등학교",
    "kind": "교사동 창면",
    "dong": "여의도고등학교 ①(4층)",
    "floor": 4,
    "source": "일반식",
    "z_m": 11.7,
    "s2_total_h": 6.83,
    "s2_cont_h": 6.83,
    "s2_pass_a": true,
    "s1_pass_a": true,
    "change_cd": "keep_ok",
    "변화": "유지 충족"
   }
  },
  {
   "type": "Feature",
   "geometry": {
    "type": "Point",
    "coordinates": [
     194099.495,
     547335.731
    ]
   },
   "properties": {
    "pid": "여의도고등학교 ①(4층) 1층-5",
    "school": "여의도고등학교",
    "kind": "교사동 창면",
    "dong": "여의도고등학교 ①(4층)",
    "floor": 1,
    "source": "일반식",
    "z_m": 1.2,
    "s2_total_h": 5.83,
    "s2_cont_h": 5.83,
    "s2_pass_a": true,
    "s1_pass_a": true,
    "change_cd": "keep_ok",
    "변화": "유지 충족"
   }
  },
  {
   "type": "Feature",
   "geometry": {
    "type": "Point",
    "coordinates": [
     194099.495,
     547335.731
    ]
   },
   "properties": {
    "pid": "여의도고등학교 ①(4층) 2층-5",
    "school": "여의도고등학교",
    "kind": "교사동 창면",
    "dong": "여의도고등학교 ①(4층)",
    "floor": 2,
    "source": "일반식",
    "z_m": 4.7,
    "s2_total_h": 6.0,
    "s2_cont_h": 6.0,
    "s2_pass_a": true,
    "s1_pass_a": true,
    "change_cd": "keep_ok",
    "변화": "유지 충족"
   }
  },
  {
   "type": "Feature",
   "geometry": {
    "type": "Point",
    "coordinates": [
     194099.495,
     547335.731
    ]
   },
   "properties": {
    "pid": "여의도고등학교 ①(4층) 3층-5",
    "school": "여의도고등학교",
    "kind": "교사동 창면",
    "dong": "여의도고등학교 ①(4층)",
    "floor": 3,
    "source": "일반식",
    "z_m": 8.2,
    "s2_total_h": 6.33,
    "s2_cont_h": 6.33,
    "s2_pass_a": true,
    "s1_pass_a": true,
    "change_cd": "keep_ok",
    "변화": "유지 충족"
   }
  },
  {
   "type": "Feature",
   "geometry": {
    "type": "Point",
    "coordinates": [
     194099.495,
     547335.731
    ]
   },
   "properties": {
    "pid": "여의도고등학교 ①(4층) 4층-5",
    "school": "여의도고등학교",
    "kind": "교사동 창면",
    "dong": "여의도고등학교 ①(4층)",
    "floor": 4,
    "source": "일반식",
    "z_m": 11.7,
    "s2_total_h": 6.67,
    "s2_cont_h": 6.67,
    "s2_pass_a": true,
    "s1_pass_a": true,
    "change_cd": "keep_ok",
    "변화": "유지 충족"
   }
  },
  {
   "type": "Feature",
   "geometry": {
    "type": "Point",
    "coordinates": [
     194095.517,
     547332.679
    ]
   },
   "properties": {
    "pid": "여의도고등학교 ①(4층) 1층-6",
    "school": "여의도고등학교",
    "kind": "교사동 창면",
    "dong": "여의도고등학교 ①(4층)",
    "floor": 1,
    "source": "일반식",
    "z_m": 1.2,
    "s2_total_h": 5.83,
    "s2_cont_h": 5.83,
    "s2_pass_a": true,
    "s1_pass_a": true,
    "change_cd": "keep_ok",
    "변화": "유지 충족"
   }
  },
  {
   "type": "Feature",
   "geometry": {
    "type": "Point",
    "coordinates": [
     194095.517,
     547332.679
    ]
   },
   "properties": {
    "pid": "여의도고등학교 ①(4층) 2층-6",
    "school": "여의도고등학교",
    "kind": "교사동 창면",
    "dong": "여의도고등학교 ①(4층)",
    "floor": 2,
    "source": "일반식",
    "z_m": 4.7,
    "s2_total_h": 5.83,
    "s2_cont_h": 5.83,
    "s2_pass_a": true,
    "s1_pass_a": true,
    "change_cd": "keep_ok",
    "변화": "유지 충족"
   }
  },
  {
   "type": "Feature",
   "geometry": {
    "type": "Point",
    "coordinates": [
     194095.517,
     547332.679
    ]
   },
   "properties": {
    "pid": "여의도고등학교 ①(4층) 3층-6",
    "school": "여의도고등학교",
    "kind": "교사동 창면",
    "dong": "여의도고등학교 ①(4층)",
    "floor": 3,
    "source": "일반식",
    "z_m": 8.2,
    "s2_total_h": 6.17,
    "s2_cont_h": 6.17,
    "s2_pass_a": true,
    "s1_pass_a": true,
    "change_cd": "keep_ok",
    "변화": "유지 충족"
   }
  },
  {
   "type": "Feature",
   "geometry": {
    "type": "Point",
    "coordinates": [
     194095.517,
     547332.679
    ]
   },
   "properties": {
    "pid": "여의도고등학교 ①(4층) 4층-6",
    "school": "여의도고등학교",
    "kind": "교사동 창면",
    "dong": "여의도고등학교 ①(4층)",
    "floor": 4,
    "source": "일반식",
    "z_m": 11.7,
    "s2_total_h": 6.5,
    "s2_cont_h": 6.5,
    "s2_pass_a": true,
    "s1_pass_a": true,
    "change_cd": "keep_ok",
    "변화": "유지 충족"
   }
  },
  {
   "type": "Feature",
   "geometry": {
    "type": "Point",
    "coordinates": [
     194091.539,
     547329.626
    ]
   },
   "properties": {
    "pid": "여의도고등학교 ①(4층) 1층-7",
    "school": "여의도고등학교",
    "kind": "교사동 창면",
    "dong": "여의도고등학교 ①(4층)",
    "floor": 1,
    "source": "일반식",
    "z_m": 1.2,
    "s2_total_h": 5.83,
    "s2_cont_h": 5.83,
    "s2_pass_a": true,
    "s1_pass_a": true,
    "change_cd": "keep_ok",
    "변화": "유지 충족"
   }
  },
  {
   "type": "Feature",
   "geometry": {
    "type": "Point",
    "coordinates": [
     194091.539,
     547329.626
    ]
   },
   "properties": {
    "pid": "여의도고등학교 ①(4층) 2층-7",
    "school": "여의도고등학교",
    "kind": "교사동 창면",
    "dong": "여의도고등학교 ①(4층)",
    "floor": 2,
    "source": "일반식",
    "z_m": 4.7,
    "s2_total_h": 6.0,
    "s2_cont_h": 6.0,
    "s2_pass_a": true,
    "s1_pass_a": true,
    "change_cd": "keep_ok",
    "변화": "유지 충족"
   }
  },
  {
   "type": "Feature",
   "geometry": {
    "type": "Point",
    "coordinates": [
     194091.539,
     547329.626
    ]
   },
   "properties": {
    "pid": "여의도고등학교 ①(4층) 3층-7",
    "school": "여의도고등학교",
    "kind": "교사동 창면",
    "dong": "여의도고등학교 ①(4층)",
    "floor": 3,
    "source": "일반식",
    "z_m": 8.2,
    "s2_total_h": 6.0,
    "s2_cont_h": 6.0,
    "s2_pass_a": true,
    "s1_pass_a": true,
    "change_cd": "keep_ok",
    "변화": "유지 충족"
   }
  },
  {
   "type": "Feature",
   "geometry": {
    "type": "Point",
    "coordinates": [
     194091.539,
     547329.626
    ]
   },
   "properties": {
    "pid": "여의도고등학교 ①(4층) 4층-7",
    "school": "여의도고등학교",
    "kind": "교사동 창면",
    "dong": "여의도고등학교 ①(4층)",
    "floor": 4,
    "source": "일반식",
    "z_m": 11.7,
    "s2_total_h": 6.33,
    "s2_cont_h": 6.33,
    "s2_pass_a": true,
    "s1_pass_a": true,
    "change_cd": "keep_ok",
    "변화": "유지 충족"
   }
  },
  {
   "type": "Feature",
   "geometry": {
    "type": "Point",
    "coordinates": [
     194087.56,
     547326.573
    ]
   },
   "properties": {
    "pid": "여의도고등학교 ①(4층) 1층-8",
    "school": "여의도고등학교",
    "kind": "교사동 창면",
    "dong": "여의도고등학교 ①(4층)",
    "floor": 1,
    "source": "일반식",
    "z_m": 1.2,
    "s2_total_h": 5.67,
    "s2_cont_h": 5.67,
    "s2_pass_a": true,
    "s1_pass_a": true,
    "change_cd": "keep_ok",
    "변화": "유지 충족"
   }
  },
  {
   "type": "Feature",
   "geometry": {
    "type": "Point",
    "coordinates": [
     194087.56,
     547326.573
    ]
   },
   "properties": {
    "pid": "여의도고등학교 ①(4층) 2층-8",
    "school": "여의도고등학교",
    "kind": "교사동 창면",
    "dong": "여의도고등학교 ①(4층)",
    "floor": 2,
    "source": "일반식",
    "z_m": 4.7,
    "s2_total_h": 5.83,
    "s2_cont_h": 5.83,
    "s2_pass_a": true,
    "s1_pass_a": true,
    "change_cd": "keep_ok",
    "변화": "유지 충족"
   }
  },
  {
   "type": "Feature",
   "geometry": {
    "type": "Point",
    "coordinates": [
     194087.56,
     547326.573
    ]
   },
   "properties": {
    "pid": "여의도고등학교 ①(4층) 3층-8",
    "school": "여의도고등학교",
    "kind": "교사동 창면",
    "dong": "여의도고등학교 ①(4층)",
    "floor": 3,
    "source": "일반식",
    "z_m": 8.2,
    "s2_total_h": 6.0,
    "s2_cont_h": 6.0,
    "s2_pass_a": true,
    "s1_pass_a": true,
    "change_cd": "keep_ok",
    "변화": "유지 충족"
   }
  },
  {
   "type": "Feature",
   "geometry": {
    "type": "Point",
    "coordinates": [
     194087.56,
     547326.573
    ]
   },
   "properties": {
    "pid": "여의도고등학교 ①(4층) 4층-8",
    "school": "여의도고등학교",
    "kind": "교사동 창면",
    "dong": "여의도고등학교 ①(4층)",
    "floor": 4,
    "source": "일반식",
    "z_m": 11.7,
    "s2_total_h": 6.17,
    "s2_cont_h": 6.17,
    "s2_pass_a": true,
    "s1_pass_a": true,
    "change_cd": "keep_ok",
    "변화": "유지 충족"
   }
  },
  {
   "type": "Feature",
   "geometry": {
    "type": "Point",
    "coordinates": [
     194083.783,
     547329.412
    ]
   },
   "properties": {
    "pid": "여의도고등학교 ①(4층) 1층-9",
    "school": "여의도고등학교",
    "kind": "교사동 창면",
    "dong": "여의도고등학교 ①(4층)",
    "floor": 1,
    "source": "일반식",
    "z_m": 1.2,
    "s2_total_h": 3.67,
    "s2_cont_h": 3.67,
    "s2_pass_a": true,
    "s1_pass_a": true,
    "change_cd": "keep_ok",
    "변화": "유지 충족"
   }
  },
  {
   "type": "Feature",
   "geometry": {
    "type": "Point",
    "coordinates": [
     194083.783,
     547329.412
    ]
   },
   "properties": {
    "pid": "여의도고등학교 ①(4층) 2층-9",
    "school": "여의도고등학교",
    "kind": "교사동 창면",
    "dong": "여의도고등학교 ①(4층)",
    "floor": 2,
    "source": "일반식",
    "z_m": 4.7,
    "s2_total_h": 3.67,
    "s2_cont_h": 3.67,
    "s2_pass_a": true,
    "s1_pass_a": true,
    "change_cd": "keep_ok",
    "변화": "유지 충족"
   }
  },
  {
   "type": "Feature",
   "geometry": {
    "type": "Point",
    "coordinates": [
     194083.783,
     547329.412
    ]
   },
   "properties": {
    "pid": "여의도고등학교 ①(4층) 3층-9",
    "school": "여의도고등학교",
    "kind": "교사동 창면",
    "dong": "여의도고등학교 ①(4층)",
    "floor": 3,
    "source": "일반식",
    "z_m": 8.2,
    "s2_total_h": 3.83,
    "s2_cont_h": 3.83,
    "s2_pass_a": true,
    "s1_pass_a": true,
    "change_cd": "keep_ok",
    "변화": "유지 충족"
   }
  },
  {
   "type": "Feature",
   "geometry": {
    "type": "Point",
    "coordinates": [
     194083.783,
     547329.412
    ]
   },
   "properties": {
    "pid": "여의도고등학교 ①(4층) 4층-9",
    "school": "여의도고등학교",
    "kind": "교사동 창면",
    "dong": "여의도고등학교 ①(4층)",
    "floor": 4,
    "source": "일반식",
    "z_m": 11.7,
    "s2_total_h": 4.0,
    "s2_cont_h": 4.0,
    "s2_pass_a": true,
    "s1_pass_a": true,
    "change_cd": "keep_ok",
    "변화": "유지 충족"
   }
  },
  {
   "type": "Feature",
   "geometry": {
    "type": "Point",
    "coordinates": [
     194080.725,
     547333.386
    ]
   },
   "properties": {
    "pid": "여의도고등학교 ①(4층) 1층-10",
    "school": "여의도고등학교",
    "kind": "교사동 창면",
    "dong": "여의도고등학교 ①(4층)",
    "floor": 1,
    "source": "일반식",
    "z_m": 1.2,
    "s2_total_h": 3.67,
    "s2_cont_h": 3.5,
    "s2_pass_a": true,
    "s1_pass_a": true,
    "change_cd": "keep_ok",
    "변화": "유지 충족"
   }
  },
  {
   "type": "Feature",
   "geometry": {
    "type": "Point",
    "coordinates": [
     194080.725,
     547333.386
    ]
   },
   "properties": {
    "pid": "여의도고등학교 ①(4층) 2층-10",
    "school": "여의도고등학교",
    "kind": "교사동 창면",
    "dong": "여의도고등학교 ①(4층)",
    "floor": 2,
    "source": "일반식",
    "z_m": 4.7,
    "s2_total_h": 3.83,
    "s2_cont_h": 3.5,
    "s2_pass_a": true,
    "s1_pass_a": true,
    "change_cd": "keep_ok",
    "변화": "유지 충족"
   }
  },
  {
   "type": "Feature",
   "geometry": {
    "type": "Point",
    "coordinates": [
     194080.725,
     547333.386
    ]
   },
   "properties": {
    "pid": "여의도고등학교 ①(4층) 3층-10",
    "school": "여의도고등학교",
    "kind": "교사동 창면",
    "dong": "여의도고등학교 ①(4층)",
    "floor": 3,
    "source": "일반식",
    "z_m": 8.2,
    "s2_total_h": 4.17,
    "s2_cont_h": 3.83,
    "s2_pass_a": true,
    "s1_pass_a": true,
    "change_cd": "keep_ok",
    "변화": "유지 충족"
   }
  },
  {
   "type": "Feature",
   "geometry": {
    "type": "Point",
    "coordinates": [
     194080.725,
     547333.386
    ]
   },
   "properties": {
    "pid": "여의도고등학교 ①(4층) 4층-10",
    "school": "여의도고등학교",
    "kind": "교사동 창면",
    "dong": "여의도고등학교 ①(4층)",
    "floor": 4,
    "source": "일반식",
    "z_m": 11.7,
    "s2_total_h": 4.5,
    "s2_cont_h": 4.0,
    "s2_pass_a": true,
    "s1_pass_a": true,
    "change_cd": "keep_ok",
    "변화": "유지 충족"
   }
  },
  {
   "type": "Feature",
   "geometry": {
    "type": "Point",
    "coordinates": [
     194150.192,
     547344.578
    ]
   },
   "properties": {
    "pid": "여의도고등학교 ②(4층) 1층-1",
    "school": "여의도고등학교",
    "kind": "교사동 창면",
    "dong": "여의도고등학교 ②(4층)",
    "floor": 1,
    "source": "일반식",
    "z_m": 1.2,
    "s2_total_h": 1.33,
    "s2_cont_h": 1.33,
    "s2_pass_a": false,
    "s1_pass_a": false,
    "change_cd": "keep_fail",
    "변화": "유지 불충족"
   }
  },
  {
   "type": "Feature",
   "geometry": {
    "type": "Point",
    "coordinates": [
     194150.192,
     547344.578
    ]
   },
   "properties": {
    "pid": "여의도고등학교 ②(4층) 2층-1",
    "school": "여의도고등학교",
    "kind": "교사동 창면",
    "dong": "여의도고등학교 ②(4층)",
    "floor": 2,
    "source": "일반식",
    "z_m": 4.7,
    "s2_total_h": 1.83,
    "s2_cont_h": 1.33,
    "s2_pass_a": false,
    "s1_pass_a": false,
    "change_cd": "keep_fail",
    "변화": "유지 불충족"
   }
  },
  {
   "type": "Feature",
   "geometry": {
    "type": "Point",
    "coordinates": [
     194150.192,
     547344.578
    ]
   },
   "properties": {
    "pid": "여의도고등학교 ②(4층) 3층-1",
    "school": "여의도고등학교",
    "kind": "교사동 창면",
    "dong": "여의도고등학교 ②(4층)",
    "floor": 3,
    "source": "일반식",
    "z_m": 8.2,
    "s2_total_h": 2.83,
    "s2_cont_h": 2.83,
    "s2_pass_a": true,
    "s1_pass_a": true,
    "change_cd": "keep_ok",
    "변화": "유지 충족"
   }
  },
  {
   "type": "Feature",
   "geometry": {
    "type": "Point",
    "coordinates": [
     194150.192,
     547344.578
    ]
   },
   "properties": {
    "pid": "여의도고등학교 ②(4층) 4층-1",
    "school": "여의도고등학교",
    "kind": "교사동 창면",
    "dong": "여의도고등학교 ②(4층)",
    "floor": 4,
    "source": "일반식",
    "z_m": 11.7,
    "s2_total_h": 3.67,
    "s2_cont_h": 3.67,
    "s2_pass_a": true,
    "s1_pass_a": true,
    "change_cd": "keep_ok",
    "변화": "유지 충족"
   }
  },
  {
   "type": "Feature",
   "geometry": {
    "type": "Point",
    "coordinates": [
     194184.8,
     547304.007
    ]
   },
   "properties": {
    "pid": "여의도고등학교 ②(4층) 1층-2",
    "school": "여의도고등학교",
    "kind": "교사동 창면",
    "dong": "여의도고등학교 ②(4층)",
    "floor": 1,
    "source": "일반식",
    "z_m": 1.2,
    "s2_total_h": 1.33,
    "s2_cont_h": 0.67,
    "s2_pass_a": false,
    "s1_pass_a": false,
    "change_cd": "keep_fail",
    "변화": "유지 불충족"
   }
  },
  {
   "type": "Feature",
   "geometry": {
    "type": "Point",
    "coordinates": [
     194184.8,
     547304.007
    ]
   },
   "properties": {
    "pid": "여의도고등학교 ②(4층) 2층-2",
    "school": "여의도고등학교",
    "kind": "교사동 창면",
    "dong": "여의도고등학교 ②(4층)",
    "floor": 2,
    "source": "일반식",
    "z_m": 4.7,
    "s2_total_h": 1.83,
    "s2_cont_h": 1.0,
    "s2_pass_a": false,
    "s1_pass_a": false,
    "change_cd": "keep_fail",
    "변화": "유지 불충족"
   }
  },
  {
   "type": "Feature",
   "geometry": {
    "type": "Point",
    "coordinates": [
     194184.8,
     547304.007
    ]
   },
   "properties": {
    "pid": "여의도고등학교 ②(4층) 3층-2",
    "school": "여의도고등학교",
    "kind": "교사동 창면",
    "dong": "여의도고등학교 ②(4층)",
    "floor": 3,
    "source": "일반식",
    "z_m": 8.2,
    "s2_total_h": 3.5,
    "s2_cont_h": 3.5,
    "s2_pass_a": true,
    "s1_pass_a": true,
    "change_cd": "keep_ok",
    "변화": "유지 충족"
   }
  },
  {
   "type": "Feature",
   "geometry": {
    "type": "Point",
    "coordinates": [
     194184.8,
     547304.007
    ]
   },
   "properties": {
    "pid": "여의도고등학교 ②(4층) 4층-2",
    "school": "여의도고등학교",
    "kind": "교사동 창면",
    "dong": "여의도고등학교 ②(4층)",
    "floor": 4,
    "source": "일반식",
    "z_m": 11.7,
    "s2_total_h": 5.0,
    "s2_cont_h": 5.0,
    "s2_pass_a": true,
    "s1_pass_a": true,
    "change_cd": "keep_ok",
    "변화": "유지 충족"
   }
  },
  {
   "type": "Feature",
   "geometry": {
    "type": "Point",
    "coordinates": [
     194180.83,
     547300.915
    ]
   },
   "properties": {
    "pid": "여의도고등학교 ②(4층) 1층-3",
    "school": "여의도고등학교",
    "kind": "교사동 창면",
    "dong": "여의도고등학교 ②(4층)",
    "floor": 1,
    "source": "일반식",
    "z_m": 1.2,
    "s2_total_h": 0.0,
    "s2_cont_h": 0.0,
    "s2_pass_a": false,
    "s1_pass_a": false,
    "change_cd": "keep_fail",
    "변화": "유지 불충족"
   }
  },
  {
   "type": "Feature",
   "geometry": {
    "type": "Point",
    "coordinates": [
     194180.83,
     547300.915
    ]
   },
   "properties": {
    "pid": "여의도고등학교 ②(4층) 2층-3",
    "school": "여의도고등학교",
    "kind": "교사동 창면",
    "dong": "여의도고등학교 ②(4층)",
    "floor": 2,
    "source": "일반식",
    "z_m": 4.7,
    "s2_total_h": 0.33,
    "s2_cont_h": 0.17,
    "s2_pass_a": false,
    "s1_pass_a": false,
    "change_cd": "keep_fail",
    "변화": "유지 불충족"
   }
  },
  {
   "type": "Feature",
   "geometry": {
    "type": "Point",
    "coordinates": [
     194180.83,
     547300.915
    ]
   },
   "properties": {
    "pid": "여의도고등학교 ②(4층) 3층-3",
    "school": "여의도고등학교",
    "kind": "교사동 창면",
    "dong": "여의도고등학교 ②(4층)",
    "floor": 3,
    "source": "일반식",
    "z_m": 8.2,
    "s2_total_h": 1.17,
    "s2_cont_h": 0.67,
    "s2_pass_a": false,
    "s1_pass_a": false,
    "change_cd": "keep_fail",
    "변화": "유지 불충족"
   }
  },
  {
   "type": "Feature",
   "geometry": {
    "type": "Point",
    "coordinates": [
     194180.83,
     547300.915
    ]
   },
   "properties": {
    "pid": "여의도고등학교 ②(4층) 4층-3",
    "school": "여의도고등학교",
    "kind": "교사동 창면",
    "dong": "여의도고등학교 ②(4층)",
    "floor": 4,
    "source": "일반식",
    "z_m": 11.7,
    "s2_total_h": 2.0,
    "s2_cont_h": 1.83,
    "s2_pass_a": false,
    "s1_pass_a": false,
    "change_cd": "keep_fail",
    "변화": "유지 불충족"
   }
  },
  {
   "type": "Feature",
   "geometry": {
    "type": "Point",
    "coordinates": [
     194243.152,
     547251.846
    ]
   },
   "properties": {
    "pid": "여의도고등학교 ②(4층) 1층-4",
    "school": "여의도고등학교",
    "kind": "교사동 창면",
    "dong": "여의도고등학교 ②(4층)",
    "floor": 1,
    "source": "일반식",
    "z_m": 1.2,
    "s2_total_h": 5.33,
    "s2_cont_h": 4.17,
    "s2_pass_a": true,
    "s1_pass_a": true,
    "change_cd": "keep_ok",
    "변화": "유지 충족"
   }
  },
  {
   "type": "Feature",
   "geometry": {
    "type": "Point",
    "coordinates": [
     194243.152,
     547251.846
    ]
   },
   "properties": {
    "pid": "여의도고등학교 ②(4층) 2층-4",
    "school": "여의도고등학교",
    "kind": "교사동 창면",
    "dong": "여의도고등학교 ②(4층)",
    "floor": 2,
    "source": "일반식",
    "z_m": 4.7,
    "s2_total_h": 5.83,
    "s2_cont_h": 4.5,
    "s2_pass_a": true,
    "s1_pass_a": true,
    "change_cd": "keep_ok",
    "변화": "유지 충족"
   }
  },
  {
   "type": "Feature",
   "geometry": {
    "type": "Point",
    "coordinates": [
     194243.152,
     547251.846
    ]
   },
   "properties": {
    "pid": "여의도고등학교 ②(4층) 3층-4",
    "school": "여의도고등학교",
    "kind": "교사동 창면",
    "dong": "여의도고등학교 ②(4층)",
    "floor": 3,
    "source": "일반식",
    "z_m": 8.2,
    "s2_total_h": 6.0,
    "s2_cont_h": 4.67,
    "s2_pass_a": true,
    "s1_pass_a": true,
    "change_cd": "keep_ok",
    "변화": "유지 충족"
   }
  },
  {
   "type": "Feature",
   "geometry": {
    "type": "Point",
    "coordinates": [
     194243.152,
     547251.846
    ]
   },
   "properties": {
    "pid": "여의도고등학교 ②(4층) 4층-4",
    "school": "여의도고등학교",
    "kind": "교사동 창면",
    "dong": "여의도고등학교 ②(4층)",
    "floor": 4,
    "source": "일반식",
    "z_m": 11.7,
    "s2_total_h": 6.5,
    "s2_cont_h": 5.17,
    "s2_pass_a": true,
    "s1_pass_a": true,
    "change_cd": "keep_ok",
    "변화": "유지 충족"
   }
  },
  {
   "type": "Feature",
   "geometry": {
    "type": "Point",
    "coordinates": [
     194239.182,
     547248.73
    ]
   },
   "properties": {
    "pid": "여의도고등학교 ②(4층) 1층-5",
    "school": "여의도고등학교",
    "kind": "교사동 창면",
    "dong": "여의도고등학교 ②(4층)",
    "floor": 1,
    "source": "일반식",
    "z_m": 1.2,
    "s2_total_h": 5.67,
    "s2_cont_h": 4.5,
    "s2_pass_a": true,
    "s1_pass_a": true,
    "change_cd": "keep_ok",
    "변화": "유지 충족"
   }
  },
  {
   "type": "Feature",
   "geometry": {
    "type": "Point",
    "coordinates": [
     194239.182,
     547248.73
    ]
   },
   "properties": {
    "pid": "여의도고등학교 ②(4층) 2층-5",
    "school": "여의도고등학교",
    "kind": "교사동 창면",
    "dong": "여의도고등학교 ②(4층)",
    "floor": 2,
    "source": "일반식",
    "z_m": 4.7,
    "s2_total_h": 6.0,
    "s2_cont_h": 4.67,
    "s2_pass_a": true,
    "s1_pass_a": true,
    "change_cd": "keep_ok",
    "변화": "유지 충족"
   }
  },
  {
   "type": "Feature",
   "geometry": {
    "type": "Point",
    "coordinates": [
     194239.182,
     547248.73
    ]
   },
   "properties": {
    "pid": "여의도고등학교 ②(4층) 3층-5",
    "school": "여의도고등학교",
    "kind": "교사동 창면",
    "dong": "여의도고등학교 ②(4층)",
    "floor": 3,
    "source": "일반식",
    "z_m": 8.2,
    "s2_total_h": 6.33,
    "s2_cont_h": 5.0,
    "s2_pass_a": true,
    "s1_pass_a": true,
    "change_cd": "keep_ok",
    "변화": "유지 충족"
   }
  },
  {
   "type": "Feature",
   "geometry": {
    "type": "Point",
    "coordinates": [
     194239.182,
     547248.73
    ]
   },
   "properties": {
    "pid": "여의도고등학교 ②(4층) 4층-5",
    "school": "여의도고등학교",
    "kind": "교사동 창면",
    "dong": "여의도고등학교 ②(4층)",
    "floor": 4,
    "source": "일반식",
    "z_m": 11.7,
    "s2_total_h": 6.5,
    "s2_cont_h": 5.17,
    "s2_pass_a": true,
    "s1_pass_a": true,
    "change_cd": "keep_ok",
    "변화": "유지 충족"
   }
  },
  {
   "type": "Feature",
   "geometry": {
    "type": "Point",
    "coordinates": [
     194235.213,
     547245.614
    ]
   },
   "properties": {
    "pid": "여의도고등학교 ②(4층) 1층-6",
    "school": "여의도고등학교",
    "kind": "교사동 창면",
    "dong": "여의도고등학교 ②(4층)",
    "floor": 1,
    "source": "일반식",
    "z_m": 1.2,
    "s2_total_h": 5.83,
    "s2_cont_h": 4.83,
    "s2_pass_a": true,
    "s1_pass_a": true,
    "change_cd": "keep_ok",
    "변화": "유지 충족"
   }
  },
  {
   "type": "Feature",
   "geometry": {
    "type": "Point",
    "coordinates": [
     194235.213,
     547245.614
    ]
   },
   "properties": {
    "pid": "여의도고등학교 ②(4층) 2층-6",
    "school": "여의도고등학교",
    "kind": "교사동 창면",
    "dong": "여의도고등학교 ②(4층)",
    "floor": 2,
    "source": "일반식",
    "z_m": 4.7,
    "s2_total_h": 6.0,
    "s2_cont_h": 4.83,
    "s2_pass_a": true,
    "s1_pass_a": true,
    "change_cd": "keep_ok",
    "변화": "유지 충족"
   }
  },
  {
   "type": "Feature",
   "geometry": {
    "type": "Point",
    "coordinates": [
     194235.213,
     547245.614
    ]
   },
   "properties": {
    "pid": "여의도고등학교 ②(4층) 3층-6",
    "school": "여의도고등학교",
    "kind": "교사동 창면",
    "dong": "여의도고등학교 ②(4층)",
    "floor": 3,
    "source": "일반식",
    "z_m": 8.2,
    "s2_total_h": 6.33,
    "s2_cont_h": 5.0,
    "s2_pass_a": true,
    "s1_pass_a": true,
    "change_cd": "keep_ok",
    "변화": "유지 충족"
   }
  },
  {
   "type": "Feature",
   "geometry": {
    "type": "Point",
    "coordinates": [
     194235.213,
     547245.614
    ]
   },
   "properties": {
    "pid": "여의도고등학교 ②(4층) 4층-6",
    "school": "여의도고등학교",
    "kind": "교사동 창면",
    "dong": "여의도고등학교 ②(4층)",
    "floor": 4,
    "source": "일반식",
    "z_m": 11.7,
    "s2_total_h": 6.67,
    "s2_cont_h": 5.33,
    "s2_pass_a": true,
    "s1_pass_a": true,
    "change_cd": "keep_ok",
    "변화": "유지 충족"
   }
  },
  {
   "type": "Feature",
   "geometry": {
    "type": "Point",
    "coordinates": [
     194231.243,
     547242.499
    ]
   },
   "properties": {
    "pid": "여의도고등학교 ②(4층) 1층-7",
    "school": "여의도고등학교",
    "kind": "교사동 창면",
    "dong": "여의도고등학교 ②(4층)",
    "floor": 1,
    "source": "일반식",
    "z_m": 1.2,
    "s2_total_h": 5.83,
    "s2_cont_h": 4.83,
    "s2_pass_a": true,
    "s1_pass_a": true,
    "change_cd": "keep_ok",
    "변화": "유지 충족"
   }
  },
  {
   "type": "Feature",
   "geometry": {
    "type": "Point",
    "coordinates": [
     194231.243,
     547242.499
    ]
   },
   "properties": {
    "pid": "여의도고등학교 ②(4층) 2층-7",
    "school": "여의도고등학교",
    "kind": "교사동 창면",
    "dong": "여의도고등학교 ②(4층)",
    "floor": 2,
    "source": "일반식",
    "z_m": 4.7,
    "s2_total_h": 6.17,
    "s2_cont_h": 5.0,
    "s2_pass_a": true,
    "s1_pass_a": true,
    "change_cd": "keep_ok",
    "변화": "유지 충족"
   }
  },
  {
   "type": "Feature",
   "geometry": {
    "type": "Point",
    "coordinates": [
     194231.243,
     547242.499
    ]
   },
   "properties": {
    "pid": "여의도고등학교 ②(4층) 3층-7",
    "school": "여의도고등학교",
    "kind": "교사동 창면",
    "dong": "여의도고등학교 ②(4층)",
    "floor": 3,
    "source": "일반식",
    "z_m": 8.2,
    "s2_total_h": 6.67,
    "s2_cont_h": 5.17,
    "s2_pass_a": true,
    "s1_pass_a": true,
    "change_cd": "keep_ok",
    "변화": "유지 충족"
   }
  },
  {
   "type": "Feature",
   "geometry": {
    "type": "Point",
    "coordinates": [
     194231.243,
     547242.499
    ]
   },
   "properties": {
    "pid": "여의도고등학교 ②(4층) 4층-7",
    "school": "여의도고등학교",
    "kind": "교사동 창면",
    "dong": "여의도고등학교 ②(4층)",
    "floor": 4,
    "source": "일반식",
    "z_m": 11.7,
    "s2_total_h": 6.83,
    "s2_cont_h": 5.33,
    "s2_pass_a": true,
    "s1_pass_a": true,
    "change_cd": "keep_ok",
    "변화": "유지 충족"
   }
  },
  {
   "type": "Feature",
   "geometry": {
    "type": "Point",
    "coordinates": [
     194227.274,
     547239.383
    ]
   },
   "properties": {
    "pid": "여의도고등학교 ②(4층) 1층-8",
    "school": "여의도고등학교",
    "kind": "교사동 창면",
    "dong": "여의도고등학교 ②(4층)",
    "floor": 1,
    "source": "일반식",
    "z_m": 1.2,
    "s2_total_h": 5.67,
    "s2_cont_h": 4.83,
    "s2_pass_a": true,
    "s1_pass_a": true,
    "change_cd": "keep_ok",
    "변화": "유지 충족"
   }
  },
  {
   "type": "Feature",
   "geometry": {
    "type": "Point",
    "coordinates": [
     194227.274,
     547239.383
    ]
   },
   "properties": {
    "pid": "여의도고등학교 ②(4층) 2층-8",
    "school": "여의도고등학교",
    "kind": "교사동 창면",
    "dong": "여의도고등학교 ②(4층)",
    "floor": 2,
    "source": "일반식",
    "z_m": 4.7,
    "s2_total_h": 6.0,
    "s2_cont_h": 5.0,
    "s2_pass_a": true,
    "s1_pass_a": true,
    "change_cd": "keep_ok",
    "변화": "유지 충족"
   }
  },
  {
   "type": "Feature",
   "geometry": {
    "type": "Point",
    "coordinates": [
     194227.274,
     547239.383
    ]
   },
   "properties": {
    "pid": "여의도고등학교 ②(4층) 3층-8",
    "school": "여의도고등학교",
    "kind": "교사동 창면",
    "dong": "여의도고등학교 ②(4층)",
    "floor": 3,
    "source": "일반식",
    "z_m": 8.2,
    "s2_total_h": 6.83,
    "s2_cont_h": 5.33,
    "s2_pass_a": true,
    "s1_pass_a": true,
    "change_cd": "keep_ok",
    "변화": "유지 충족"
   }
  },
  {
   "type": "Feature",
   "geometry": {
    "type": "Point",
    "coordinates": [
     194227.274,
     547239.383
    ]
   },
   "properties": {
    "pid": "여의도고등학교 ②(4층) 4층-8",
    "school": "여의도고등학교",
    "kind": "교사동 창면",
    "dong": "여의도고등학교 ②(4층)",
    "floor": 4,
    "source": "일반식",
    "z_m": 11.7,
    "s2_total_h": 7.0,
    "s2_cont_h": 5.5,
    "s2_pass_a": true,
    "s1_pass_a": true,
    "change_cd": "keep_ok",
    "변화": "유지 충족"
   }
  },
  {
   "type": "Feature",
   "geometry": {
    "type": "Point",
    "coordinates": [
     194223.305,
     547236.267
    ]
   },
   "properties": {
    "pid": "여의도고등학교 ②(4층) 1층-9",
    "school": "여의도고등학교",
    "kind": "교사동 창면",
    "dong": "여의도고등학교 ②(4층)",
    "floor": 1,
    "source": "일반식",
    "z_m": 1.2,
    "s2_total_h": 5.67,
    "s2_cont_h": 5.0,
    "s2_pass_a": true,
    "s1_pass_a": true,
    "change_cd": "keep_ok",
    "변화": "유지 충족"
   }
  },
  {
   "type": "Feature",
   "geometry": {
    "type": "Point",
    "coordinates": [
     194223.305,
     547236.267
    ]
   },
   "properties": {
    "pid": "여의도고등학교 ②(4층) 2층-9",
    "school": "여의도고등학교",
    "kind": "교사동 창면",
    "dong": "여의도고등학교 ②(4층)",
    "floor": 2,
    "source": "일반식",
    "z_m": 4.7,
    "s2_total_h": 6.17,
    "s2_cont_h": 5.17,
    "s2_pass_a": true,
    "s1_pass_a": true,
    "change_cd": "keep_ok",
    "변화": "유지 충족"
   }
  },
  {
   "type": "Feature",
   "geometry": {
    "type": "Point",
    "coordinates": [
     194223.305,
     547236.267
    ]
   },
   "properties": {
    "pid": "여의도고등학교 ②(4층) 3층-9",
    "school": "여의도고등학교",
    "kind": "교사동 창면",
    "dong": "여의도고등학교 ②(4층)",
    "floor": 3,
    "source": "일반식",
    "z_m": 8.2,
    "s2_total_h": 6.67,
    "s2_cont_h": 5.17,
    "s2_pass_a": true,
    "s1_pass_a": true,
    "change_cd": "keep_ok",
    "변화": "유지 충족"
   }
  },
  {
   "type": "Feature",
   "geometry": {
    "type": "Point",
    "coordinates": [
     194223.305,
     547236.267
    ]
   },
   "properties": {
    "pid": "여의도고등학교 ②(4층) 4층-9",
    "school": "여의도고등학교",
    "kind": "교사동 창면",
    "dong": "여의도고등학교 ②(4층)",
    "floor": 4,
    "source": "일반식",
    "z_m": 11.7,
    "s2_total_h": 7.0,
    "s2_cont_h": 5.5,
    "s2_pass_a": true,
    "s1_pass_a": true,
    "change_cd": "keep_ok",
    "변화": "유지 충족"
   }
  },
  {
   "type": "Feature",
   "geometry": {
    "type": "Point",
    "coordinates": [
     194219.335,
     547233.152
    ]
   },
   "properties": {
    "pid": "여의도고등학교 ②(4층) 1층-10",
    "school": "여의도고등학교",
    "kind": "교사동 창면",
    "dong": "여의도고등학교 ②(4층)",
    "floor": 1,
    "source": "일반식",
    "z_m": 1.2,
    "s2_total_h": 5.5,
    "s2_cont_h": 4.83,
    "s2_pass_a": true,
    "s1_pass_a": true,
    "change_cd": "keep_ok",
    "변화": "유지 충족"
   }
  },
  {
   "type": "Feature",
   "geometry": {
    "type": "Point",
    "coordinates": [
     194219.335,
     547233.152
    ]
   },
   "properties": {
    "pid": "여의도고등학교 ②(4층) 2층-10",
    "school": "여의도고등학교",
    "kind": "교사동 창면",
    "dong": "여의도고등학교 ②(4층)",
    "floor": 2,
    "source": "일반식",
    "z_m": 4.7,
    "s2_total_h": 5.67,
    "s2_cont_h": 5.0,
    "s2_pass_a": true,
    "s1_pass_a": true,
    "change_cd": "keep_ok",
    "변화": "유지 충족"
   }
  },
  {
   "type": "Feature",
   "geometry": {
    "type": "Point",
    "coordinates": [
     194219.335,
     547233.152
    ]
   },
   "properties": {
    "pid": "여의도고등학교 ②(4층) 3층-10",
    "school": "여의도고등학교",
    "kind": "교사동 창면",
    "dong": "여의도고등학교 ②(4층)",
    "floor": 3,
    "source": "일반식",
    "z_m": 8.2,
    "s2_total_h": 6.5,
    "s2_cont_h": 5.33,
    "s2_pass_a": true,
    "s1_pass_a": true,
    "change_cd": "keep_ok",
    "변화": "유지 충족"
   }
  },
  {
   "type": "Feature",
   "geometry": {
    "type": "Point",
    "coordinates": [
     194219.335,
     547233.152
    ]
   },
   "properties": {
    "pid": "여의도고등학교 ②(4층) 4층-10",
    "school": "여의도고등학교",
    "kind": "교사동 창면",
    "dong": "여의도고등학교 ②(4층)",
    "floor": 4,
    "source": "일반식",
    "z_m": 11.7,
    "s2_total_h": 6.83,
    "s2_cont_h": 5.5,
    "s2_pass_a": true,
    "s1_pass_a": true,
    "change_cd": "keep_ok",
    "변화": "유지 충족"
   }
  },
  {
   "type": "Feature",
   "geometry": {
    "type": "Point",
    "coordinates": [
     194215.366,
     547230.036
    ]
   },
   "properties": {
    "pid": "여의도고등학교 ②(4층) 1층-11",
    "school": "여의도고등학교",
    "kind": "교사동 창면",
    "dong": "여의도고등학교 ②(4층)",
    "floor": 1,
    "source": "일반식",
    "z_m": 1.2,
    "s2_total_h": 5.83,
    "s2_cont_h": 5.0,
    "s2_pass_a": true,
    "s1_pass_a": true,
    "change_cd": "keep_ok",
    "변화": "유지 충족"
   }
  },
  {
   "type": "Feature",
   "geometry": {
    "type": "Point",
    "coordinates": [
     194215.366,
     547230.036
    ]
   },
   "properties": {
    "pid": "여의도고등학교 ②(4층) 2층-11",
    "school": "여의도고등학교",
    "kind": "교사동 창면",
    "dong": "여의도고등학교 ②(4층)",
    "floor": 2,
    "source": "일반식",
    "z_m": 4.7,
    "s2_total_h": 5.83,
    "s2_cont_h": 5.0,
    "s2_pass_a": true,
    "s1_pass_a": true,
    "change_cd": "keep_ok",
    "변화": "유지 충족"
   }
  },
  {
   "type": "Feature",
   "geometry": {
    "type": "Point",
    "coordinates": [
     194215.366,
     547230.036
    ]
   },
   "properties": {
    "pid": "여의도고등학교 ②(4층) 3층-11",
    "school": "여의도고등학교",
    "kind": "교사동 창면",
    "dong": "여의도고등학교 ②(4층)",
    "floor": 3,
    "source": "일반식",
    "z_m": 8.2,
    "s2_total_h": 6.33,
    "s2_cont_h": 5.17,
    "s2_pass_a": true,
    "s1_pass_a": true,
    "change_cd": "keep_ok",
    "변화": "유지 충족"
   }
  },
  {
   "type": "Feature",
   "geometry": {
    "type": "Point",
    "coordinates": [
     194215.366,
     547230.036
    ]
   },
   "properties": {
    "pid": "여의도고등학교 ②(4층) 4층-11",
    "school": "여의도고등학교",
    "kind": "교사동 창면",
    "dong": "여의도고등학교 ②(4층)",
    "floor": 4,
    "source": "일반식",
    "z_m": 11.7,
    "s2_total_h": 7.0,
    "s2_cont_h": 5.5,
    "s2_pass_a": true,
    "s1_pass_a": true,
    "change_cd": "keep_ok",
    "변화": "유지 충족"
   }
  },
  {
   "type": "Feature",
   "geometry": {
    "type": "Point",
    "coordinates": [
     194211.396,
     547226.92
    ]
   },
   "properties": {
    "pid": "여의도고등학교 ②(4층) 1층-12",
    "school": "여의도고등학교",
    "kind": "교사동 창면",
    "dong": "여의도고등학교 ②(4층)",
    "floor": 1,
    "source": "일반식",
    "z_m": 1.2,
    "s2_total_h": 5.83,
    "s2_cont_h": 5.0,
    "s2_pass_a": true,
    "s1_pass_a": true,
    "change_cd": "keep_ok",
    "변화": "유지 충족"
   }
  },
  {
   "type": "Feature",
   "geometry": {
    "type": "Point",
    "coordinates": [
     194211.396,
     547226.92
    ]
   },
   "properties": {
    "pid": "여의도고등학교 ②(4층) 2층-12",
    "school": "여의도고등학교",
    "kind": "교사동 창면",
    "dong": "여의도고등학교 ②(4층)",
    "floor": 2,
    "source": "일반식",
    "z_m": 4.7,
    "s2_total_h": 6.0,
    "s2_cont_h": 5.17,
    "s2_pass_a": true,
    "s1_pass_a": true,
    "change_cd": "keep_ok",
    "변화": "유지 충족"
   }
  },
  {
   "type": "Feature",
   "geometry": {
    "type": "Point",
    "coordinates": [
     194211.396,
     547226.92
    ]
   },
   "properties": {
    "pid": "여의도고등학교 ②(4층) 3층-12",
    "school": "여의도고등학교",
    "kind": "교사동 창면",
    "dong": "여의도고등학교 ②(4층)",
    "floor": 3,
    "source": "일반식",
    "z_m": 8.2,
    "s2_total_h": 6.0,
    "s2_cont_h": 5.17,
    "s2_pass_a": true,
    "s1_pass_a": true,
    "change_cd": "keep_ok",
    "변화": "유지 충족"
   }
  },
  {
   "type": "Feature",
   "geometry": {
    "type": "Point",
    "coordinates": [
     194211.396,
     547226.92
    ]
   },
   "properties": {
    "pid": "여의도고등학교 ②(4층) 4층-12",
    "school": "여의도고등학교",
    "kind": "교사동 창면",
    "dong": "여의도고등학교 ②(4층)",
    "floor": 4,
    "source": "일반식",
    "z_m": 11.7,
    "s2_total_h": 6.83,
    "s2_cont_h": 5.33,
    "s2_pass_a": true,
    "s1_pass_a": true,
    "change_cd": "keep_ok",
    "변화": "유지 충족"
   }
  },
  {
   "type": "Feature",
   "geometry": {
    "type": "Point",
    "coordinates": [
     194207.062,
     547225.501
    ]
   },
   "properties": {
    "pid": "여의도고등학교 ②(4층) 1층-13",
    "school": "여의도고등학교",
    "kind": "교사동 창면",
    "dong": "여의도고등학교 ②(4층)",
    "floor": 1,
    "source": "일반식",
    "z_m": 1.2,
    "s2_total_h": 4.0,
    "s2_cont_h": 3.0,
    "s2_pass_a": true,
    "s1_pass_a": true,
    "change_cd": "keep_ok",
    "변화": "유지 충족"
   }
  },
  {
   "type": "Feature",
   "geometry": {
    "type": "Point",
    "coordinates": [
     194207.062,
     547225.501
    ]
   },
   "properties": {
    "pid": "여의도고등학교 ②(4층) 2층-13",
    "school": "여의도고등학교",
    "kind": "교사동 창면",
    "dong": "여의도고등학교 ②(4층)",
    "floor": 2,
    "source": "일반식",
    "z_m": 4.7,
    "s2_total_h": 4.5,
    "s2_cont_h": 3.33,
    "s2_pass_a": true,
    "s1_pass_a": true,
    "change_cd": "keep_ok",
    "변화": "유지 충족"
   }
  },
  {
   "type": "Feature",
   "geometry": {
    "type": "Point",
    "coordinates": [
     194207.062,
     547225.501
    ]
   },
   "properties": {
    "pid": "여의도고등학교 ②(4층) 3층-13",
    "school": "여의도고등학교",
    "kind": "교사동 창면",
    "dong": "여의도고등학교 ②(4층)",
    "floor": 3,
    "source": "일반식",
    "z_m": 8.2,
    "s2_total_h": 4.5,
    "s2_cont_h": 3.33,
    "s2_pass_a": true,
    "s1_pass_a": true,
    "change_cd": "keep_ok",
    "변화": "유지 충족"
   }
  },
  {
   "type": "Feature",
   "geometry": {
    "type": "Point",
    "coordinates": [
     194207.062,
     547225.501
    ]
   },
   "properties": {
    "pid": "여의도고등학교 ②(4층) 4층-13",
    "school": "여의도고등학교",
    "kind": "교사동 창면",
    "dong": "여의도고등학교 ②(4층)",
    "floor": 4,
    "source": "일반식",
    "z_m": 11.7,
    "s2_total_h": 5.0,
    "s2_cont_h": 3.33,
    "s2_pass_a": true,
    "s1_pass_a": true,
    "change_cd": "keep_ok",
    "변화": "유지 충족"
   }
  },
  {
   "type": "Feature",
   "geometry": {
    "type": "Point",
    "coordinates": [
     194203.948,
     547229.472
    ]
   },
   "properties": {
    "pid": "여의도고등학교 ②(4층) 1층-14",
    "school": "여의도고등학교",
    "kind": "교사동 창면",
    "dong": "여의도고등학교 ②(4층)",
    "floor": 1,
    "source": "일반식",
    "z_m": 1.2,
    "s2_total_h": 4.33,
    "s2_cont_h": 3.0,
    "s2_pass_a": true,
    "s1_pass_a": true,
    "change_cd": "keep_ok",
    "변화": "유지 충족"
   }
  },
  {
   "type": "Feature",
   "geometry": {
    "type": "Point",
    "coordinates": [
     194203.948,
     547229.472
    ]
   },
   "properties": {
    "pid": "여의도고등학교 ②(4층) 2층-14",
    "school": "여의도고등학교",
    "kind": "교사동 창면",
    "dong": "여의도고등학교 ②(4층)",
    "floor": 2,
    "source": "일반식",
    "z_m": 4.7,
    "s2_total_h": 4.5,
    "s2_cont_h": 3.17,
    "s2_pass_a": true,
    "s1_pass_a": true,
    "change_cd": "keep_ok",
    "변화": "유지 충족"
   }
  },
  {
   "type": "Feature",
   "geometry": {
    "type": "Point",
    "coordinates": [
     194203.948,
     547229.472
    ]
   },
   "properties": {
    "pid": "여의도고등학교 ②(4층) 3층-14",
    "school": "여의도고등학교",
    "kind": "교사동 창면",
    "dong": "여의도고등학교 ②(4층)",
    "floor": 3,
    "source": "일반식",
    "z_m": 8.2,
    "s2_total_h": 4.83,
    "s2_cont_h": 3.17,
    "s2_pass_a": true,
    "s1_pass_a": true,
    "change_cd": "keep_ok",
    "변화": "유지 충족"
   }
  },
  {
   "type": "Feature",
   "geometry": {
    "type": "Point",
    "coordinates": [
     194203.948,
     547229.472
    ]
   },
   "properties": {
    "pid": "여의도고등학교 ②(4층) 4층-14",
    "school": "여의도고등학교",
    "kind": "교사동 창면",
    "dong": "여의도고등학교 ②(4층)",
    "floor": 4,
    "source": "일반식",
    "z_m": 11.7,
    "s2_total_h": 5.0,
    "s2_cont_h": 3.33,
    "s2_pass_a": true,
    "s1_pass_a": true,
    "change_cd": "keep_ok",
    "변화": "유지 충족"
   }
  },
  {
   "type": "Feature",
   "geometry": {
    "type": "Point",
    "coordinates": [
     194200.834,
     547233.443
    ]
   },
   "properties": {
    "pid": "여의도고등학교 ②(4층) 1층-15",
    "school": "여의도고등학교",
    "kind": "교사동 창면",
    "dong": "여의도고등학교 ②(4층)",
    "floor": 1,
    "source": "일반식",
    "z_m": 1.2,
    "s2_total_h": 4.17,
    "s2_cont_h": 3.0,
    "s2_pass_a": true,
    "s1_pass_a": true,
    "change_cd": "keep_ok",
    "변화": "유지 충족"
   }
  },
  {
   "type": "Feature",
   "geometry": {
    "type": "Point",
    "coordinates": [
     194200.834,
     547233.443
    ]
   },
   "properties": {
    "pid": "여의도고등학교 ②(4층) 2층-15",
    "school": "여의도고등학교",
    "kind": "교사동 창면",
    "dong": "여의도고등학교 ②(4층)",
    "floor": 2,
    "source": "일반식",
    "z_m": 4.7,
    "s2_total_h": 4.5,
    "s2_cont_h": 3.17,
    "s2_pass_a": true,
    "s1_pass_a": true,
    "change_cd": "keep_ok",
    "변화": "유지 충족"
   }
  },
  {
   "type": "Feature",
   "geometry": {
    "type": "Point",
    "coordinates": [
     194200.834,
     547233.443
    ]
   },
   "properties": {
    "pid": "여의도고등학교 ②(4층) 3층-15",
    "school": "여의도고등학교",
    "kind": "교사동 창면",
    "dong": "여의도고등학교 ②(4층)",
    "floor": 3,
    "source": "일반식",
    "z_m": 8.2,
    "s2_total_h": 4.67,
    "s2_cont_h": 3.17,
    "s2_pass_a": true,
    "s1_pass_a": true,
    "change_cd": "keep_ok",
    "변화": "유지 충족"
   }
  },
  {
   "type": "Feature",
   "geometry": {
    "type": "Point",
    "coordinates": [
     194200.834,
     547233.443
    ]
   },
   "properties": {
    "pid": "여의도고등학교 ②(4층) 4층-15",
    "school": "여의도고등학교",
    "kind": "교사동 창면",
    "dong": "여의도고등학교 ②(4층)",
    "floor": 4,
    "source": "일반식",
    "z_m": 11.7,
    "s2_total_h": 5.17,
    "s2_cont_h": 3.33,
    "s2_pass_a": true,
    "s1_pass_a": true,
    "change_cd": "keep_ok",
    "변화": "유지 충족"
   }
  },
  {
   "type": "Feature",
   "geometry": {
    "type": "Point",
    "coordinates": [
     194197.72,
     547237.413
    ]
   },
   "properties": {
    "pid": "여의도고등학교 ②(4층) 1층-16",
    "school": "여의도고등학교",
    "kind": "교사동 창면",
    "dong": "여의도고등학교 ②(4층)",
    "floor": 1,
    "source": "일반식",
    "z_m": 1.2,
    "s2_total_h": 3.5,
    "s2_cont_h": 3.0,
    "s2_pass_a": true,
    "s1_pass_a": true,
    "change_cd": "keep_ok",
    "변화": "유지 충족"
   }
  },
  {
   "type": "Feature",
   "geometry": {
    "type": "Point",
    "coordinates": [
     194197.72,
     547237.413
    ]
   },
   "properties": {
    "pid": "여의도고등학교 ②(4층) 2층-16",
    "school": "여의도고등학교",
    "kind": "교사동 창면",
    "dong": "여의도고등학교 ②(4층)",
    "floor": 2,
    "source": "일반식",
    "z_m": 4.7,
    "s2_total_h": 3.83,
    "s2_cont_h": 3.17,
    "s2_pass_a": true,
    "s1_pass_a": true,
    "change_cd": "keep_ok",
    "변화": "유지 충족"
   }
  },
  {
   "type": "Feature",
   "geometry": {
    "type": "Point",
    "coordinates": [
     194197.72,
     547237.413
    ]
   },
   "properties": {
    "pid": "여의도고등학교 ②(4층) 3층-16",
    "school": "여의도고등학교",
    "kind": "교사동 창면",
    "dong": "여의도고등학교 ②(4층)",
    "floor": 3,
    "source": "일반식",
    "z_m": 8.2,
    "s2_total_h": 4.5,
    "s2_cont_h": 3.17,
    "s2_pass_a": true,
    "s1_pass_a": true,
    "change_cd": "keep_ok",
    "변화": "유지 충족"
   }
  },
  {
   "type": "Feature",
   "geometry": {
    "type": "Point",
    "coordinates": [
     194197.72,
     547237.413
    ]
   },
   "properties": {
    "pid": "여의도고등학교 ②(4층) 4층-16",
    "school": "여의도고등학교",
    "kind": "교사동 창면",
    "dong": "여의도고등학교 ②(4층)",
    "floor": 4,
    "source": "일반식",
    "z_m": 11.7,
    "s2_total_h": 4.83,
    "s2_cont_h": 3.17,
    "s2_pass_a": true,
    "s1_pass_a": true,
    "change_cd": "keep_ok",
    "변화": "유지 충족"
   }
  },
  {
   "type": "Feature",
   "geometry": {
    "type": "Point",
    "coordinates": [
     194194.606,
     547241.384
    ]
   },
   "properties": {
    "pid": "여의도고등학교 ②(4층) 1층-17",
    "school": "여의도고등학교",
    "kind": "교사동 창면",
    "dong": "여의도고등학교 ②(4층)",
    "floor": 1,
    "source": "일반식",
    "z_m": 1.2,
    "s2_total_h": 3.17,
    "s2_cont_h": 3.17,
    "s2_pass_a": true,
    "s1_pass_a": true,
    "change_cd": "keep_ok",
    "변화": "유지 충족"
   }
  },
  {
   "type": "Feature",
   "geometry": {
    "type": "Point",
    "coordinates": [
     194194.606,
     547241.384
    ]
   },
   "properties": {
    "pid": "여의도고등학교 ②(4층) 2층-17",
    "school": "여의도고등학교",
    "kind": "교사동 창면",
    "dong": "여의도고등학교 ②(4층)",
    "floor": 2,
    "source": "일반식",
    "z_m": 4.7,
    "s2_total_h": 4.0,
    "s2_cont_h": 3.17,
    "s2_pass_a": true,
    "s1_pass_a": true,
    "change_cd": "keep_ok",
    "변화": "유지 충족"
   }
  },
  {
   "type": "Feature",
   "geometry": {
    "type": "Point",
    "coordinates": [
     194194.606,
     547241.384
    ]
   },
   "properties": {
    "pid": "여의도고등학교 ②(4층) 3층-17",
    "school": "여의도고등학교",
    "kind": "교사동 창면",
    "dong": "여의도고등학교 ②(4층)",
    "floor": 3,
    "source": "일반식",
    "z_m": 8.2,
    "s2_total_h": 4.83,
    "s2_cont_h": 3.17,
    "s2_pass_a": true,
    "s1_pass_a": true,
    "change_cd": "keep_ok",
    "변화": "유지 충족"
   }
  },
  {
   "type": "Feature",
   "geometry": {
    "type": "Point",
    "coordinates": [
     194194.606,
     547241.384
    ]
   },
   "properties": {
    "pid": "여의도고등학교 ②(4층) 4층-17",
    "school": "여의도고등학교",
    "kind": "교사동 창면",
    "dong": "여의도고등학교 ②(4층)",
    "floor": 4,
    "source": "일반식",
    "z_m": 11.7,
    "s2_total_h": 5.17,
    "s2_cont_h": 3.17,
    "s2_pass_a": true,
    "s1_pass_a": true,
    "change_cd": "keep_ok",
    "변화": "유지 충족"
   }
  },
  {
   "type": "Feature",
   "geometry": {
    "type": "Point",
    "coordinates": [
     194203.84,
     547251.182
    ]
   },
   "properties": {
    "pid": "여의도고등학교 ②(4층) 1층-18",
    "school": "여의도고등학교",
    "kind": "교사동 창면",
    "dong": "여의도고등학교 ②(4층)",
    "floor": 1,
    "source": "일반식",
    "z_m": 1.2,
    "s2_total_h": 0.0,
    "s2_cont_h": 0.0,
    "s2_pass_a": false,
    "s1_pass_a": false,
    "change_cd": "keep_fail",
    "변화": "유지 불충족"
   }
  },
  {
   "type": "Feature",
   "geometry": {
    "type": "Point",
    "coordinates": [
     194203.84,
     547251.182
    ]
   },
   "properties": {
    "pid": "여의도고등학교 ②(4층) 2층-18",
    "school": "여의도고등학교",
    "kind": "교사동 창면",
    "dong": "여의도고등학교 ②(4층)",
    "floor": 2,
    "source": "일반식",
    "z_m": 4.7,
    "s2_total_h": 0.0,
    "s2_cont_h": 0.0,
    "s2_pass_a": false,
    "s1_pass_a": false,
    "change_cd": "keep_fail",
    "변화": "유지 불충족"
   }
  },
  {
   "type": "Feature",
   "geometry": {
    "type": "Point",
    "coordinates": [
     194203.84,
     547251.182
    ]
   },
   "properties": {
    "pid": "여의도고등학교 ②(4층) 3층-18",
    "school": "여의도고등학교",
    "kind": "교사동 창면",
    "dong": "여의도고등학교 ②(4층)",
    "floor": 3,
    "source": "일반식",
    "z_m": 8.2,
    "s2_total_h": 0.33,
    "s2_cont_h": 0.33,
    "s2_pass_a": false,
    "s1_pass_a": false,
    "change_cd": "keep_fail",
    "변화": "유지 불충족"
   }
  },
  {
   "type": "Feature",
   "geometry": {
    "type": "Point",
    "coordinates": [
     194203.84,
     547251.182
    ]
   },
   "properties": {
    "pid": "여의도고등학교 ②(4층) 4층-18",
    "school": "여의도고등학교",
    "kind": "교사동 창면",
    "dong": "여의도고등학교 ②(4층)",
    "floor": 4,
    "source": "일반식",
    "z_m": 11.7,
    "s2_total_h": 0.33,
    "s2_cont_h": 0.33,
    "s2_pass_a": false,
    "s1_pass_a": false,
    "change_cd": "keep_fail",
    "변화": "유지 불충족"
   }
  },
  {
   "type": "Feature",
   "geometry": {
    "type": "Point",
    "coordinates": [
     194200.731,
     547255.156
    ]
   },
   "properties": {
    "pid": "여의도고등학교 ②(4층) 1층-19",
    "school": "여의도고등학교",
    "kind": "교사동 창면",
    "dong": "여의도고등학교 ②(4층)",
    "floor": 1,
    "source": "일반식",
    "z_m": 1.2,
    "s2_total_h": 0.17,
    "s2_cont_h": 0.17,
    "s2_pass_a": false,
    "s1_pass_a": false,
    "change_cd": "keep_fail",
    "변화": "유지 불충족"
   }
  },
  {
   "type": "Feature",
   "geometry": {
    "type": "Point",
    "coordinates": [
     194200.731,
     547255.156
    ]
   },
   "properties": {
    "pid": "여의도고등학교 ②(4층) 2층-19",
    "school": "여의도고등학교",
    "kind": "교사동 창면",
    "dong": "여의도고등학교 ②(4층)",
    "floor": 2,
    "source": "일반식",
    "z_m": 4.7,
    "s2_total_h": 1.0,
    "s2_cont_h": 0.83,
    "s2_pass_a": false,
    "s1_pass_a": false,
    "change_cd": "keep_fail",
    "변화": "유지 불충족"
   }
  },
  {
   "type": "Feature",
   "geometry": {
    "type": "Point",
    "coordinates": [
     194200.731,
     547255.156
    ]
   },
   "properties": {
    "pid": "여의도고등학교 ②(4층) 3층-19",
    "school": "여의도고등학교",
    "kind": "교사동 창면",
    "dong": "여의도고등학교 ②(4층)",
    "floor": 3,
    "source": "일반식",
    "z_m": 8.2,
    "s2_total_h": 1.33,
    "s2_cont_h": 1.17,
    "s2_pass_a": false,
    "s1_pass_a": false,
    "change_cd": "keep_fail",
    "변화": "유지 불충족"
   }
  },
  {
   "type": "Feature",
   "geometry": {
    "type": "Point",
    "coordinates": [
     194200.731,
     547255.156
    ]
   },
   "properties": {
    "pid": "여의도고등학교 ②(4층) 4층-19",
    "school": "여의도고등학교",
    "kind": "교사동 창면",
    "dong": "여의도고등학교 ②(4층)",
    "floor": 4,
    "source": "일반식",
    "z_m": 11.7,
    "s2_total_h": 2.67,
    "s2_cont_h": 1.17,
    "s2_pass_a": false,
    "s1_pass_a": false,
    "change_cd": "keep_fail",
    "변화": "유지 불충족"
   }
  },
  {
   "type": "Feature",
   "geometry": {
    "type": "Point",
    "coordinates": [
     194197.622,
     547259.13
    ]
   },
   "properties": {
    "pid": "여의도고등학교 ②(4층) 1층-20",
    "school": "여의도고등학교",
    "kind": "교사동 창면",
    "dong": "여의도고등학교 ②(4층)",
    "floor": 1,
    "source": "일반식",
    "z_m": 1.2,
    "s2_total_h": 1.33,
    "s2_cont_h": 0.67,
    "s2_pass_a": false,
    "s1_pass_a": false,
    "change_cd": "keep_fail",
    "변화": "유지 불충족"
   }
  },
  {
   "type": "Feature",
   "geometry": {
    "type": "Point",
    "coordinates": [
     194197.622,
     547259.13
    ]
   },
   "properties": {
    "pid": "여의도고등학교 ②(4층) 2층-20",
    "school": "여의도고등학교",
    "kind": "교사동 창면",
    "dong": "여의도고등학교 ②(4층)",
    "floor": 2,
    "source": "일반식",
    "z_m": 4.7,
    "s2_total_h": 2.0,
    "s2_cont_h": 1.17,
    "s2_pass_a": false,
    "s1_pass_a": false,
    "change_cd": "keep_fail",
    "변화": "유지 불충족"
   }
  },
  {
   "type": "Feature",
   "geometry": {
    "type": "Point",
    "coordinates": [
     194197.622,
     547259.13
    ]
   },
   "properties": {
    "pid": "여의도고등학교 ②(4층) 3층-20",
    "school": "여의도고등학교",
    "kind": "교사동 창면",
    "dong": "여의도고등학교 ②(4층)",
    "floor": 3,
    "source": "일반식",
    "z_m": 8.2,
    "s2_total_h": 3.0,
    "s2_cont_h": 1.17,
    "s2_pass_a": false,
    "s1_pass_a": false,
    "change_cd": "keep_fail",
    "변화": "유지 불충족"
   }
  },
  {
   "type": "Feature",
   "geometry": {
    "type": "Point",
    "coordinates": [
     194197.622,
     547259.13
    ]
   },
   "properties": {
    "pid": "여의도고등학교 ②(4층) 4층-20",
    "school": "여의도고등학교",
    "kind": "교사동 창면",
    "dong": "여의도고등학교 ②(4층)",
    "floor": 4,
    "source": "일반식",
    "z_m": 11.7,
    "s2_total_h": 5.33,
    "s2_cont_h": 4.17,
    "s2_pass_a": true,
    "s1_pass_a": true,
    "change_cd": "keep_ok",
    "변화": "유지 충족"
   }
  },
  {
   "type": "Feature",
   "geometry": {
    "type": "Point",
    "coordinates": [
     194194.512,
     547263.105
    ]
   },
   "properties": {
    "pid": "여의도고등학교 ②(4층) 1층-21",
    "school": "여의도고등학교",
    "kind": "교사동 창면",
    "dong": "여의도고등학교 ②(4층)",
    "floor": 1,
    "source": "일반식",
    "z_m": 1.2,
    "s2_total_h": 2.5,
    "s2_cont_h": 1.17,
    "s2_pass_a": false,
    "s1_pass_a": false,
    "change_cd": "keep_fail",
    "변화": "유지 불충족"
   }
  },
  {
   "type": "Feature",
   "geometry": {
    "type": "Point",
    "coordinates": [
     194194.512,
     547263.105
    ]
   },
   "properties": {
    "pid": "여의도고등학교 ②(4층) 2층-21",
    "school": "여의도고등학교",
    "kind": "교사동 창면",
    "dong": "여의도고등학교 ②(4층)",
    "floor": 2,
    "source": "일반식",
    "z_m": 4.7,
    "s2_total_h": 3.0,
    "s2_cont_h": 1.17,
    "s2_pass_a": false,
    "s1_pass_a": false,
    "change_cd": "keep_fail",
    "변화": "유지 불충족"
   }
  },
  {
   "type": "Feature",
   "geometry": {
    "type": "Point",
    "coordinates": [
     194194.512,
     547263.105
    ]
   },
   "properties": {
    "pid": "여의도고등학교 ②(4층) 3층-21",
    "school": "여의도고등학교",
    "kind": "교사동 창면",
    "dong": "여의도고등학교 ②(4층)",
    "floor": 3,
    "source": "일반식",
    "z_m": 8.2,
    "s2_total_h": 4.67,
    "s2_cont_h": 3.5,
    "s2_pass_a": true,
    "s1_pass_a": true,
    "change_cd": "keep_ok",
    "변화": "유지 충족"
   }
  },
  {
   "type": "Feature",
   "geometry": {
    "type": "Point",
    "coordinates": [
     194194.512,
     547263.105
    ]
   },
   "properties": {
    "pid": "여의도고등학교 ②(4층) 4층-21",
    "school": "여의도고등학교",
    "kind": "교사동 창면",
    "dong": "여의도고등학교 ②(4층)",
    "floor": 4,
    "source": "일반식",
    "z_m": 11.7,
    "s2_total_h": 5.67,
    "s2_cont_h": 4.33,
    "s2_pass_a": true,
    "s1_pass_a": true,
    "change_cd": "keep_ok",
    "변화": "유지 충족"
   }
  },
  {
   "type": "Feature",
   "geometry": {
    "type": "Point",
    "coordinates": [
     194191.403,
     547267.079
    ]
   },
   "properties": {
    "pid": "여의도고등학교 ②(4층) 1층-22",
    "school": "여의도고등학교",
    "kind": "교사동 창면",
    "dong": "여의도고등학교 ②(4층)",
    "floor": 1,
    "source": "일반식",
    "z_m": 1.2,
    "s2_total_h": 3.0,
    "s2_cont_h": 1.17,
    "s2_pass_a": false,
    "s1_pass_a": false,
    "change_cd": "keep_fail",
    "변화": "유지 불충족"
   }
  },
  {
   "type": "Feature",
   "geometry": {
    "type": "Point",
    "coordinates": [
     194191.403,
     547267.079
    ]
   },
   "properties": {
    "pid": "여의도고등학교 ②(4층) 2층-22",
    "school": "여의도고등학교",
    "kind": "교사동 창면",
    "dong": "여의도고등학교 ②(4층)",
    "floor": 2,
    "source": "일반식",
    "z_m": 4.7,
    "s2_total_h": 3.83,
    "s2_cont_h": 2.0,
    "s2_pass_a": true,
    "s1_pass_a": true,
    "change_cd": "keep_ok",
    "변화": "유지 충족"
   }
  },
  {
   "type": "Feature",
   "geometry": {
    "type": "Point",
    "coordinates": [
     194191.403,
     547267.079
    ]
   },
   "properties": {
    "pid": "여의도고등학교 ②(4층) 3층-22",
    "school": "여의도고등학교",
    "kind": "교사동 창면",
    "dong": "여의도고등학교 ②(4층)",
    "floor": 3,
    "source": "일반식",
    "z_m": 8.2,
    "s2_total_h": 5.33,
    "s2_cont_h": 4.17,
    "s2_pass_a": true,
    "s1_pass_a": true,
    "change_cd": "keep_ok",
    "변화": "유지 충족"
   }
  },
  {
   "type": "Feature",
   "geometry": {
    "type": "Point",
    "coordinates": [
     194191.403,
     547267.079
    ]
   },
   "properties": {
    "pid": "여의도고등학교 ②(4층) 4층-22",
    "school": "여의도고등학교",
    "kind": "교사동 창면",
    "dong": "여의도고등학교 ②(4층)",
    "floor": 4,
    "source": "일반식",
    "z_m": 11.7,
    "s2_total_h": 5.5,
    "s2_cont_h": 4.17,
    "s2_pass_a": true,
    "s1_pass_a": true,
    "change_cd": "keep_ok",
    "변화": "유지 충족"
   }
  },
  {
   "type": "Feature",
   "geometry": {
    "type": "Point",
    "coordinates": [
     194188.294,
     547271.054
    ]
   },
   "properties": {
    "pid": "여의도고등학교 ②(4층) 1층-23",
    "school": "여의도고등학교",
    "kind": "교사동 창면",
    "dong": "여의도고등학교 ②(4층)",
    "floor": 1,
    "source": "일반식",
    "z_m": 1.2,
    "s2_total_h": 3.83,
    "s2_cont_h": 2.83,
    "s2_pass_a": true,
    "s1_pass_a": true,
    "change_cd": "keep_ok",
    "변화": "유지 충족"
   }
  },
  {
   "type": "Feature",
   "geometry": {
    "type": "Point",
    "coordinates": [
     194188.294,
     547271.054
    ]
   },
   "properties": {
    "pid": "여의도고등학교 ②(4층) 2층-23",
    "school": "여의도고등학교",
    "kind": "교사동 창면",
    "dong": "여의도고등학교 ②(4층)",
    "floor": 2,
    "source": "일반식",
    "z_m": 4.7,
    "s2_total_h": 4.83,
    "s2_cont_h": 3.67,
    "s2_pass_a": true,
    "s1_pass_a": true,
    "change_cd": "keep_ok",
    "변화": "유지 충족"
   }
  },
  {
   "type": "Feature",
   "geometry": {
    "type": "Point",
    "coordinates": [
     194188.294,
     547271.054
    ]
   },
   "properties": {
    "pid": "여의도고등학교 ②(4층) 3층-23",
    "school": "여의도고등학교",
    "kind": "교사동 창면",
    "dong": "여의도고등학교 ②(4층)",
    "floor": 3,
    "source": "일반식",
    "z_m": 8.2,
    "s2_total_h": 5.5,
    "s2_cont_h": 4.17,
    "s2_pass_a": true,
    "s1_pass_a": true,
    "change_cd": "keep_ok",
    "변화": "유지 충족"
   }
  },
  {
   "type": "Feature",
   "geometry": {
    "type": "Point",
    "coordinates": [
     194188.294,
     547271.054
    ]
   },
   "properties": {
    "pid": "여의도고등학교 ②(4층) 4층-23",
    "school": "여의도고등학교",
    "kind": "교사동 창면",
    "dong": "여의도고등학교 ②(4층)",
    "floor": 4,
    "source": "일반식",
    "z_m": 11.7,
    "s2_total_h": 5.5,
    "s2_cont_h": 4.17,
    "s2_pass_a": true,
    "s1_pass_a": true,
    "change_cd": "keep_ok",
    "변화": "유지 충족"
   }
  },
  {
   "type": "Feature",
   "geometry": {
    "type": "Point",
    "coordinates": [
     194185.185,
     547275.028
    ]
   },
   "properties": {
    "pid": "여의도고등학교 ②(4층) 1층-24",
    "school": "여의도고등학교",
    "kind": "교사동 창면",
    "dong": "여의도고등학교 ②(4층)",
    "floor": 1,
    "source": "일반식",
    "z_m": 1.2,
    "s2_total_h": 4.33,
    "s2_cont_h": 3.33,
    "s2_pass_a": true,
    "s1_pass_a": true,
    "change_cd": "keep_ok",
    "변화": "유지 충족"
   }
  },
  {
   "type": "Feature",
   "geometry": {
    "type": "Point",
    "coordinates": [
     194185.185,
     547275.028
    ]
   },
   "properties": {
    "pid": "여의도고등학교 ②(4층) 2층-24",
    "school": "여의도고등학교",
    "kind": "교사동 창면",
    "dong": "여의도고등학교 ②(4층)",
    "floor": 2,
    "source": "일반식",
    "z_m": 4.7,
    "s2_total_h": 5.33,
    "s2_cont_h": 4.17,
    "s2_pass_a": true,
    "s1_pass_a": true,
    "change_cd": "keep_ok",
    "변화": "유지 충족"
   }
  },
  {
   "type": "Feature",
   "geometry": {
    "type": "Point",
    "coordinates": [
     194185.185,
     547275.028
    ]
   },
   "properties": {
    "pid": "여의도고등학교 ②(4층) 3층-24",
    "school": "여의도고등학교",
    "kind": "교사동 창면",
    "dong": "여의도고등학교 ②(4층)",
    "floor": 3,
    "source": "일반식",
    "z_m": 8.2,
    "s2_total_h": 5.33,
    "s2_cont_h": 4.17,
    "s2_pass_a": true,
    "s1_pass_a": true,
    "change_cd": "keep_ok",
    "변화": "유지 충족"
   }
  },
  {
   "type": "Feature",
   "geometry": {
    "type": "Point",
    "coordinates": [
     194185.185,
     547275.028
    ]
   },
   "properties": {
    "pid": "여의도고등학교 ②(4층) 4층-24",
    "school": "여의도고등학교",
    "kind": "교사동 창면",
    "dong": "여의도고등학교 ②(4층)",
    "floor": 4,
    "source": "일반식",
    "z_m": 11.7,
    "s2_total_h": 5.33,
    "s2_cont_h": 4.17,
    "s2_pass_a": true,
    "s1_pass_a": true,
    "change_cd": "keep_ok",
    "변화": "유지 충족"
   }
  },
  {
   "type": "Feature",
   "geometry": {
    "type": "Point",
    "coordinates": [
     194182.075,
     547279.003
    ]
   },
   "properties": {
    "pid": "여의도고등학교 ②(4층) 1층-25",
    "school": "여의도고등학교",
    "kind": "교사동 창면",
    "dong": "여의도고등학교 ②(4층)",
    "floor": 1,
    "source": "일반식",
    "z_m": 1.2,
    "s2_total_h": 4.67,
    "s2_cont_h": 3.67,
    "s2_pass_a": true,
    "s1_pass_a": true,
    "change_cd": "keep_ok",
    "변화": "유지 충족"
   }
  },
  {
   "type": "Feature",
   "geometry": {
    "type": "Point",
    "coordinates": [
     194182.075,
     547279.003
    ]
   },
   "properties": {
    "pid": "여의도고등학교 ②(4층) 2층-25",
    "school": "여의도고등학교",
    "kind": "교사동 창면",
    "dong": "여의도고등학교 ②(4층)",
    "floor": 2,
    "source": "일반식",
    "z_m": 4.7,
    "s2_total_h": 5.0,
    "s2_cont_h": 4.0,
    "s2_pass_a": true,
    "s1_pass_a": true,
    "change_cd": "keep_ok",
    "변화": "유지 충족"
   }
  },
  {
   "type": "Feature",
   "geometry": {
    "type": "Point",
    "coordinates": [
     194182.075,
     547279.003
    ]
   },
   "properties": {
    "pid": "여의도고등학교 ②(4층) 3층-25",
    "school": "여의도고등학교",
    "kind": "교사동 창면",
    "dong": "여의도고등학교 ②(4층)",
    "floor": 3,
    "source": "일반식",
    "z_m": 8.2,
    "s2_total_h": 5.0,
    "s2_cont_h": 4.0,
    "s2_pass_a": true,
    "s1_pass_a": true,
    "change_cd": "keep_ok",
    "변화": "유지 충족"
   }
  },
  {
   "type": "Feature",
   "geometry": {
    "type": "Point",
    "coordinates": [
     194182.075,
     547279.003
    ]
   },
   "properties": {
    "pid": "여의도고등학교 ②(4층) 4층-25",
    "school": "여의도고등학교",
    "kind": "교사동 창면",
    "dong": "여의도고등학교 ②(4층)",
    "floor": 4,
    "source": "일반식",
    "z_m": 11.7,
    "s2_total_h": 5.0,
    "s2_cont_h": 4.0,
    "s2_pass_a": true,
    "s1_pass_a": true,
    "change_cd": "keep_ok",
    "변화": "유지 충족"
   }
  },
  {
   "type": "Feature",
   "geometry": {
    "type": "Point",
    "coordinates": [
     194178.966,
     547282.977
    ]
   },
   "properties": {
    "pid": "여의도고등학교 ②(4층) 1층-26",
    "school": "여의도고등학교",
    "kind": "교사동 창면",
    "dong": "여의도고등학교 ②(4층)",
    "floor": 1,
    "source": "일반식",
    "z_m": 1.2,
    "s2_total_h": 4.83,
    "s2_cont_h": 4.0,
    "s2_pass_a": true,
    "s1_pass_a": true,
    "change_cd": "keep_ok",
    "변화": "유지 충족"
   }
  },
  {
   "type": "Feature",
   "geometry": {
    "type": "Point",
    "coordinates": [
     194178.966,
     547282.977
    ]
   },
   "properties": {
    "pid": "여의도고등학교 ②(4층) 2층-26",
    "school": "여의도고등학교",
    "kind": "교사동 창면",
    "dong": "여의도고등학교 ②(4층)",
    "floor": 2,
    "source": "일반식",
    "z_m": 4.7,
    "s2_total_h": 4.83,
    "s2_cont_h": 4.0,
    "s2_pass_a": true,
    "s1_pass_a": true,
    "change_cd": "keep_ok",
    "변화": "유지 충족"
   }
  },
  {
   "type": "Feature",
   "geometry": {
    "type": "Point",
    "coordinates": [
     194178.966,
     547282.977
    ]
   },
   "properties": {
    "pid": "여의도고등학교 ②(4층) 3층-26",
    "school": "여의도고등학교",
    "kind": "교사동 창면",
    "dong": "여의도고등학교 ②(4층)",
    "floor": 3,
    "source": "일반식",
    "z_m": 8.2,
    "s2_total_h": 4.83,
    "s2_cont_h": 4.0,
    "s2_pass_a": true,
    "s1_pass_a": true,
    "change_cd": "keep_ok",
    "변화": "유지 충족"
   }
  },
  {
   "type": "Feature",
   "geometry": {
    "type": "Point",
    "coordinates": [
     194178.966,
     547282.977
    ]
   },
   "properties": {
    "pid": "여의도고등학교 ②(4층) 4층-26",
    "school": "여의도고등학교",
    "kind": "교사동 창면",
    "dong": "여의도고등학교 ②(4층)",
    "floor": 4,
    "source": "일반식",
    "z_m": 11.7,
    "s2_total_h": 5.0,
    "s2_cont_h": 4.0,
    "s2_pass_a": true,
    "s1_pass_a": true,
    "change_cd": "keep_ok",
    "변화": "유지 충족"
   }
  },
  {
   "type": "Feature",
   "geometry": {
    "type": "Point",
    "coordinates": [
     194175.857,
     547286.951
    ]
   },
   "properties": {
    "pid": "여의도고등학교 ②(4층) 1층-27",
    "school": "여의도고등학교",
    "kind": "교사동 창면",
    "dong": "여의도고등학교 ②(4층)",
    "floor": 1,
    "source": "일반식",
    "z_m": 1.2,
    "s2_total_h": 4.67,
    "s2_cont_h": 4.0,
    "s2_pass_a": true,
    "s1_pass_a": true,
    "change_cd": "keep_ok",
    "변화": "유지 충족"
   }
  },
  {
   "type": "Feature",
   "geometry": {
    "type": "Point",
    "coordinates": [
     194175.857,
     547286.951
    ]
   },
   "properties": {
    "pid": "여의도고등학교 ②(4층) 2층-27",
    "school": "여의도고등학교",
    "kind": "교사동 창면",
    "dong": "여의도고등학교 ②(4층)",
    "floor": 2,
    "source": "일반식",
    "z_m": 4.7,
    "s2_total_h": 4.67,
    "s2_cont_h": 4.0,
    "s2_pass_a": true,
    "s1_pass_a": true,
    "change_cd": "keep_ok",
    "변화": "유지 충족"
   }
  },
  {
   "type": "Feature",
   "geometry": {
    "type": "Point",
    "coordinates": [
     194175.857,
     547286.951
    ]
   },
   "properties": {
    "pid": "여의도고등학교 ②(4층) 3층-27",
    "school": "여의도고등학교",
    "kind": "교사동 창면",
    "dong": "여의도고등학교 ②(4층)",
    "floor": 3,
    "source": "일반식",
    "z_m": 8.2,
    "s2_total_h": 4.83,
    "s2_cont_h": 4.0,
    "s2_pass_a": true,
    "s1_pass_a": true,
    "change_cd": "keep_ok",
    "변화": "유지 충족"
   }
  },
  {
   "type": "Feature",
   "geometry": {
    "type": "Point",
    "coordinates": [
     194175.857,
     547286.951
    ]
   },
   "properties": {
    "pid": "여의도고등학교 ②(4층) 4층-27",
    "school": "여의도고등학교",
    "kind": "교사동 창면",
    "dong": "여의도고등학교 ②(4층)",
    "floor": 4,
    "source": "일반식",
    "z_m": 11.7,
    "s2_total_h": 5.0,
    "s2_cont_h": 4.0,
    "s2_pass_a": true,
    "s1_pass_a": true,
    "change_cd": "keep_ok",
    "변화": "유지 충족"
   }
  },
  {
   "type": "Feature",
   "geometry": {
    "type": "Point",
    "coordinates": [
     194172.748,
     547290.926
    ]
   },
   "properties": {
    "pid": "여의도고등학교 ②(4층) 1층-28",
    "school": "여의도고등학교",
    "kind": "교사동 창면",
    "dong": "여의도고등학교 ②(4층)",
    "floor": 1,
    "source": "일반식",
    "z_m": 1.2,
    "s2_total_h": 4.5,
    "s2_cont_h": 3.83,
    "s2_pass_a": true,
    "s1_pass_a": true,
    "change_cd": "keep_ok",
    "변화": "유지 충족"
   }
  },
  {
   "type": "Feature",
   "geometry": {
    "type": "Point",
    "coordinates": [
     194172.748,
     547290.926
    ]
   },
   "properties": {
    "pid": "여의도고등학교 ②(4층) 2층-28",
    "school": "여의도고등학교",
    "kind": "교사동 창면",
    "dong": "여의도고등학교 ②(4층)",
    "floor": 2,
    "source": "일반식",
    "z_m": 4.7,
    "s2_total_h": 4.67,
    "s2_cont_h": 3.83,
    "s2_pass_a": true,
    "s1_pass_a": true,
    "change_cd": "keep_ok",
    "변화": "유지 충족"
   }
  },
  {
   "type": "Feature",
   "geometry": {
    "type": "Point",
    "coordinates": [
     194172.748,
     547290.926
    ]
   },
   "properties": {
    "pid": "여의도고등학교 ②(4층) 3층-28",
    "school": "여의도고등학교",
    "kind": "교사동 창면",
    "dong": "여의도고등학교 ②(4층)",
    "floor": 3,
    "source": "일반식",
    "z_m": 8.2,
    "s2_total_h": 5.0,
    "s2_cont_h": 4.0,
    "s2_pass_a": true,
    "s1_pass_a": true,
    "change_cd": "keep_ok",
    "변화": "유지 충족"
   }
  },
  {
   "type": "Feature",
   "geometry": {
    "type": "Point",
    "coordinates": [
     194172.748,
     547290.926
    ]
   },
   "properties": {
    "pid": "여의도고등학교 ②(4층) 4층-28",
    "school": "여의도고등학교",
    "kind": "교사동 창면",
    "dong": "여의도고등학교 ②(4층)",
    "floor": 4,
    "source": "일반식",
    "z_m": 11.7,
    "s2_total_h": 5.33,
    "s2_cont_h": 4.0,
    "s2_pass_a": true,
    "s1_pass_a": true,
    "change_cd": "keep_ok",
    "변화": "유지 충족"
   }
  },
  {
   "type": "Feature",
   "geometry": {
    "type": "Point",
    "coordinates": [
     194169.639,
     547294.9
    ]
   },
   "properties": {
    "pid": "여의도고등학교 ②(4층) 1층-29",
    "school": "여의도고등학교",
    "kind": "교사동 창면",
    "dong": "여의도고등학교 ②(4층)",
    "floor": 1,
    "source": "일반식",
    "z_m": 1.2,
    "s2_total_h": 4.5,
    "s2_cont_h": 3.83,
    "s2_pass_a": true,
    "s1_pass_a": true,
    "change_cd": "keep_ok",
    "변화": "유지 충족"
   }
  },
  {
   "type": "Feature",
   "geometry": {
    "type": "Point",
    "coordinates": [
     194169.639,
     547294.9
    ]
   },
   "properties": {
    "pid": "여의도고등학교 ②(4층) 2층-29",
    "school": "여의도고등학교",
    "kind": "교사동 창면",
    "dong": "여의도고등학교 ②(4층)",
    "floor": 2,
    "source": "일반식",
    "z_m": 4.7,
    "s2_total_h": 4.67,
    "s2_cont_h": 3.83,
    "s2_pass_a": true,
    "s1_pass_a": true,
    "change_cd": "keep_ok",
    "변화": "유지 충족"
   }
  },
  {
   "type": "Feature",
   "geometry": {
    "type": "Point",
    "coordinates": [
     194169.639,
     547294.9
    ]
   },
   "properties": {
    "pid": "여의도고등학교 ②(4층) 3층-29",
    "school": "여의도고등학교",
    "kind": "교사동 창면",
    "dong": "여의도고등학교 ②(4층)",
    "floor": 3,
    "source": "일반식",
    "z_m": 8.2,
    "s2_total_h": 5.17,
    "s2_cont_h": 4.0,
    "s2_pass_a": true,
    "s1_pass_a": true,
    "change_cd": "keep_ok",
    "변화": "유지 충족"
   }
  },
  {
   "type": "Feature",
   "geometry": {
    "type": "Point",
    "coordinates": [
     194169.639,
     547294.9
    ]
   },
   "properties": {
    "pid": "여의도고등학교 ②(4층) 4층-29",
    "school": "여의도고등학교",
    "kind": "교사동 창면",
    "dong": "여의도고등학교 ②(4층)",
    "floor": 4,
    "source": "일반식",
    "z_m": 11.7,
    "s2_total_h": 5.33,
    "s2_cont_h": 5.33,
    "s2_pass_a": true,
    "s1_pass_a": true,
    "change_cd": "keep_ok",
    "변화": "유지 충족"
   }
  },
  {
   "type": "Feature",
   "geometry": {
    "type": "Point",
    "coordinates": [
     194166.529,
     547298.875
    ]
   },
   "properties": {
    "pid": "여의도고등학교 ②(4층) 1층-30",
    "school": "여의도고등학교",
    "kind": "교사동 창면",
    "dong": "여의도고등학교 ②(4층)",
    "floor": 1,
    "source": "일반식",
    "z_m": 1.2,
    "s2_total_h": 4.67,
    "s2_cont_h": 3.83,
    "s2_pass_a": true,
    "s1_pass_a": true,
    "change_cd": "keep_ok",
    "변화": "유지 충족"
   }
  },
  {
   "type": "Feature",
   "geometry": {
    "type": "Point",
    "coordinates": [
     194166.529,
     547298.875
    ]
   },
   "properties": {
    "pid": "여의도고등학교 ②(4층) 2층-30",
    "school": "여의도고등학교",
    "kind": "교사동 창면",
    "dong": "여의도고등학교 ②(4층)",
    "floor": 2,
    "source": "일반식",
    "z_m": 4.7,
    "s2_total_h": 4.83,
    "s2_cont_h": 3.83,
    "s2_pass_a": true,
    "s1_pass_a": true,
    "change_cd": "keep_ok",
    "변화": "유지 충족"
   }
  },
  {
   "type": "Feature",
   "geometry": {
    "type": "Point",
    "coordinates": [
     194166.529,
     547298.875
    ]
   },
   "properties": {
    "pid": "여의도고등학교 ②(4층) 3층-30",
    "school": "여의도고등학교",
    "kind": "교사동 창면",
    "dong": "여의도고등학교 ②(4층)",
    "floor": 3,
    "source": "일반식",
    "z_m": 8.2,
    "s2_total_h": 5.33,
    "s2_cont_h": 5.17,
    "s2_pass_a": true,
    "s1_pass_a": true,
    "change_cd": "keep_ok",
    "변화": "유지 충족"
   }
  },
  {
   "type": "Feature",
   "geometry": {
    "type": "Point",
    "coordinates": [
     194166.529,
     547298.875
    ]
   },
   "properties": {
    "pid": "여의도고등학교 ②(4층) 4층-30",
    "school": "여의도고등학교",
    "kind": "교사동 창면",
    "dong": "여의도고등학교 ②(4층)",
    "floor": 4,
    "source": "일반식",
    "z_m": 11.7,
    "s2_total_h": 5.5,
    "s2_cont_h": 5.33,
    "s2_pass_a": true,
    "s1_pass_a": true,
    "change_cd": "keep_ok",
    "변화": "유지 충족"
   }
  },
  {
   "type": "Feature",
   "geometry": {
    "type": "Point",
    "coordinates": [
     194163.42,
     547302.849
    ]
   },
   "properties": {
    "pid": "여의도고등학교 ②(4층) 1층-31",
    "school": "여의도고등학교",
    "kind": "교사동 창면",
    "dong": "여의도고등학교 ②(4층)",
    "floor": 1,
    "source": "일반식",
    "z_m": 1.2,
    "s2_total_h": 5.0,
    "s2_cont_h": 3.83,
    "s2_pass_a": true,
    "s1_pass_a": true,
    "change_cd": "keep_ok",
    "변화": "유지 충족"
   }
  },
  {
   "type": "Feature",
   "geometry": {
    "type": "Point",
    "coordinates": [
     194163.42,
     547302.849
    ]
   },
   "properties": {
    "pid": "여의도고등학교 ②(4층) 2층-31",
    "school": "여의도고등학교",
    "kind": "교사동 창면",
    "dong": "여의도고등학교 ②(4층)",
    "floor": 2,
    "source": "일반식",
    "z_m": 4.7,
    "s2_total_h": 5.17,
    "s2_cont_h": 3.83,
    "s2_pass_a": true,
    "s1_pass_a": true,
    "change_cd": "keep_ok",
    "변화": "유지 충족"
   }
  },
  {
   "type": "Feature",
   "geometry": {
    "type": "Point",
    "coordinates": [
     194163.42,
     547302.849
    ]
   },
   "properties": {
    "pid": "여의도고등학교 ②(4층) 3층-31",
    "school": "여의도고등학교",
    "kind": "교사동 창면",
    "dong": "여의도고등학교 ②(4층)",
    "floor": 3,
    "source": "일반식",
    "z_m": 8.2,
    "s2_total_h": 5.5,
    "s2_cont_h": 5.17,
    "s2_pass_a": true,
    "s1_pass_a": true,
    "change_cd": "keep_ok",
    "변화": "유지 충족"
   }
  },
  {
   "type": "Feature",
   "geometry": {
    "type": "Point",
    "coordinates": [
     194163.42,
     547302.849
    ]
   },
   "properties": {
    "pid": "여의도고등학교 ②(4층) 4층-31",
    "school": "여의도고등학교",
    "kind": "교사동 창면",
    "dong": "여의도고등학교 ②(4층)",
    "floor": 4,
    "source": "일반식",
    "z_m": 11.7,
    "s2_total_h": 5.83,
    "s2_cont_h": 5.33,
    "s2_pass_a": true,
    "s1_pass_a": true,
    "change_cd": "keep_ok",
    "변화": "유지 충족"
   }
  },
  {
   "type": "Feature",
   "geometry": {
    "type": "Point",
    "coordinates": [
     194160.311,
     547306.824
    ]
   },
   "properties": {
    "pid": "여의도고등학교 ②(4층) 1층-32",
    "school": "여의도고등학교",
    "kind": "교사동 창면",
    "dong": "여의도고등학교 ②(4층)",
    "floor": 1,
    "source": "일반식",
    "z_m": 1.2,
    "s2_total_h": 5.17,
    "s2_cont_h": 3.83,
    "s2_pass_a": true,
    "s1_pass_a": true,
    "change_cd": "keep_ok",
    "변화": "유지 충족"
   }
  },
  {
   "type": "Feature",
   "geometry": {
    "type": "Point",
    "coordinates": [
     194160.311,
     547306.824
    ]
   },
   "properties": {
    "pid": "여의도고등학교 ②(4층) 2층-32",
    "school": "여의도고등학교",
    "kind": "교사동 창면",
    "dong": "여의도고등학교 ②(4층)",
    "floor": 2,
    "source": "일반식",
    "z_m": 4.7,
    "s2_total_h": 5.5,
    "s2_cont_h": 5.0,
    "s2_pass_a": true,
    "s1_pass_a": true,
    "change_cd": "keep_ok",
    "변화": "유지 충족"
   }
  },
  {
   "type": "Feature",
   "geometry": {
    "type": "Point",
    "coordinates": [
     194160.311,
     547306.824
    ]
   },
   "properties": {
    "pid": "여의도고등학교 ②(4층) 3층-32",
    "school": "여의도고등학교",
    "kind": "교사동 창면",
    "dong": "여의도고등학교 ②(4층)",
    "floor": 3,
    "source": "일반식",
    "z_m": 8.2,
    "s2_total_h": 6.0,
    "s2_cont_h": 6.0,
    "s2_pass_a": true,
    "s1_pass_a": true,
    "change_cd": "keep_ok",
    "변화": "유지 충족"
   }
  },
  {
   "type": "Feature",
   "geometry": {
    "type": "Point",
    "coordinates": [
     194160.311,
     547306.824
    ]
   },
   "properties": {
    "pid": "여의도고등학교 ②(4층) 4층-32",
    "school": "여의도고등학교",
    "kind": "교사동 창면",
    "dong": "여의도고등학교 ②(4층)",
    "floor": 4,
    "source": "일반식",
    "z_m": 11.7,
    "s2_total_h": 6.0,
    "s2_cont_h": 6.0,
    "s2_pass_a": true,
    "s1_pass_a": true,
    "change_cd": "keep_ok",
    "변화": "유지 충족"
   }
  },
  {
   "type": "Feature",
   "geometry": {
    "type": "Point",
    "coordinates": [
     194157.202,
     547310.798
    ]
   },
   "properties": {
    "pid": "여의도고등학교 ②(4층) 1층-33",
    "school": "여의도고등학교",
    "kind": "교사동 창면",
    "dong": "여의도고등학교 ②(4층)",
    "floor": 1,
    "source": "일반식",
    "z_m": 1.2,
    "s2_total_h": 5.33,
    "s2_cont_h": 4.83,
    "s2_pass_a": true,
    "s1_pass_a": true,
    "change_cd": "keep_ok",
    "변화": "유지 충족"
   }
  },
  {
   "type": "Feature",
   "geometry": {
    "type": "Point",
    "coordinates": [
     194157.202,
     547310.798
    ]
   },
   "properties": {
    "pid": "여의도고등학교 ②(4층) 2층-33",
    "school": "여의도고등학교",
    "kind": "교사동 창면",
    "dong": "여의도고등학교 ②(4층)",
    "floor": 2,
    "source": "일반식",
    "z_m": 4.7,
    "s2_total_h": 5.83,
    "s2_cont_h": 5.83,
    "s2_pass_a": true,
    "s1_pass_a": true,
    "change_cd": "keep_ok",
    "변화": "유지 충족"
   }
  },
  {
   "type": "Feature",
   "geometry": {
    "type": "Point",
    "coordinates": [
     194157.202,
     547310.798
    ]
   },
   "properties": {
    "pid": "여의도고등학교 ②(4층) 3층-33",
    "school": "여의도고등학교",
    "kind": "교사동 창면",
    "dong": "여의도고등학교 ②(4층)",
    "floor": 3,
    "source": "일반식",
    "z_m": 8.2,
    "s2_total_h": 5.83,
    "s2_cont_h": 5.83,
    "s2_pass_a": true,
    "s1_pass_a": true,
    "change_cd": "keep_ok",
    "변화": "유지 충족"
   }
  },
  {
   "type": "Feature",
   "geometry": {
    "type": "Point",
    "coordinates": [
     194157.202,
     547310.798
    ]
   },
   "properties": {
    "pid": "여의도고등학교 ②(4층) 4층-33",
    "school": "여의도고등학교",
    "kind": "교사동 창면",
    "dong": "여의도고등학교 ②(4층)",
    "floor": 4,
    "source": "일반식",
    "z_m": 11.7,
    "s2_total_h": 6.0,
    "s2_cont_h": 6.0,
    "s2_pass_a": true,
    "s1_pass_a": true,
    "change_cd": "keep_ok",
    "변화": "유지 충족"
   }
  },
  {
   "type": "Feature",
   "geometry": {
    "type": "Point",
    "coordinates": [
     194154.092,
     547314.773
    ]
   },
   "properties": {
    "pid": "여의도고등학교 ②(4층) 1층-34",
    "school": "여의도고등학교",
    "kind": "교사동 창면",
    "dong": "여의도고등학교 ②(4층)",
    "floor": 1,
    "source": "일반식",
    "z_m": 1.2,
    "s2_total_h": 5.67,
    "s2_cont_h": 5.67,
    "s2_pass_a": true,
    "s1_pass_a": true,
    "change_cd": "keep_ok",
    "변화": "유지 충족"
   }
  },
  {
   "type": "Feature",
   "geometry": {
    "type": "Point",
    "coordinates": [
     194154.092,
     547314.773
    ]
   },
   "properties": {
    "pid": "여의도고등학교 ②(4층) 2층-34",
    "school": "여의도고등학교",
    "kind": "교사동 창면",
    "dong": "여의도고등학교 ②(4층)",
    "floor": 2,
    "source": "일반식",
    "z_m": 4.7,
    "s2_total_h": 5.67,
    "s2_cont_h": 5.67,
    "s2_pass_a": true,
    "s1_pass_a": true,
    "change_cd": "keep_ok",
    "변화": "유지 충족"
   }
  },
  {
   "type": "Feature",
   "geometry": {
    "type": "Point",
    "coordinates": [
     194154.092,
     547314.773
    ]
   },
   "properties": {
    "pid": "여의도고등학교 ②(4층) 3층-34",
    "school": "여의도고등학교",
    "kind": "교사동 창면",
    "dong": "여의도고등학교 ②(4층)",
    "floor": 3,
    "source": "일반식",
    "z_m": 8.2,
    "s2_total_h": 5.83,
    "s2_cont_h": 5.83,
    "s2_pass_a": true,
    "s1_pass_a": true,
    "change_cd": "keep_ok",
    "변화": "유지 충족"
   }
  },
  {
   "type": "Feature",
   "geometry": {
    "type": "Point",
    "coordinates": [
     194154.092,
     547314.773
    ]
   },
   "properties": {
    "pid": "여의도고등학교 ②(4층) 4층-34",
    "school": "여의도고등학교",
    "kind": "교사동 창면",
    "dong": "여의도고등학교 ②(4층)",
    "floor": 4,
    "source": "일반식",
    "z_m": 11.7,
    "s2_total_h": 6.0,
    "s2_cont_h": 6.0,
    "s2_pass_a": true,
    "s1_pass_a": true,
    "change_cd": "keep_ok",
    "변화": "유지 충족"
   }
  },
  {
   "type": "Feature",
   "geometry": {
    "type": "Point",
    "coordinates": [
     194150.983,
     547318.747
    ]
   },
   "properties": {
    "pid": "여의도고등학교 ②(4층) 1층-35",
    "school": "여의도고등학교",
    "kind": "교사동 창면",
    "dong": "여의도고등학교 ②(4층)",
    "floor": 1,
    "source": "일반식",
    "z_m": 1.2,
    "s2_total_h": 5.5,
    "s2_cont_h": 5.5,
    "s2_pass_a": true,
    "s1_pass_a": true,
    "change_cd": "keep_ok",
    "변화": "유지 충족"
   }
  },
  {
   "type": "Feature",
   "geometry": {
    "type": "Point",
    "coordinates": [
     194150.983,
     547318.747
    ]
   },
   "properties": {
    "pid": "여의도고등학교 ②(4층) 2층-35",
    "school": "여의도고등학교",
    "kind": "교사동 창면",
    "dong": "여의도고등학교 ②(4층)",
    "floor": 2,
    "source": "일반식",
    "z_m": 4.7,
    "s2_total_h": 5.67,
    "s2_cont_h": 5.67,
    "s2_pass_a": true,
    "s1_pass_a": true,
    "change_cd": "keep_ok",
    "변화": "유지 충족"
   }
  },
  {
   "type": "Feature",
   "geometry": {
    "type": "Point",
    "coordinates": [
     194150.983,
     547318.747
    ]
   },
   "properties": {
    "pid": "여의도고등학교 ②(4층) 3층-35",
    "school": "여의도고등학교",
    "kind": "교사동 창면",
    "dong": "여의도고등학교 ②(4층)",
    "floor": 3,
    "source": "일반식",
    "z_m": 8.2,
    "s2_total_h": 5.83,
    "s2_cont_h": 5.83,
    "s2_pass_a": true,
    "s1_pass_a": true,
    "change_cd": "keep_ok",
    "변화": "유지 충족"
   }
  },
  {
   "type": "Feature",
   "geometry": {
    "type": "Point",
    "coordinates": [
     194150.983,
     547318.747
    ]
   },
   "properties": {
    "pid": "여의도고등학교 ②(4층) 4층-35",
    "school": "여의도고등학교",
    "kind": "교사동 창면",
    "dong": "여의도고등학교 ②(4층)",
    "floor": 4,
    "source": "일반식",
    "z_m": 11.7,
    "s2_total_h": 6.0,
    "s2_cont_h": 6.0,
    "s2_pass_a": true,
    "s1_pass_a": true,
    "change_cd": "keep_ok",
    "변화": "유지 충족"
   }
  },
  {
   "type": "Feature",
   "geometry": {
    "type": "Point",
    "coordinates": [
     194147.874,
     547322.721
    ]
   },
   "properties": {
    "pid": "여의도고등학교 ②(4층) 1층-36",
    "school": "여의도고등학교",
    "kind": "교사동 창면",
    "dong": "여의도고등학교 ②(4층)",
    "floor": 1,
    "source": "일반식",
    "z_m": 1.2,
    "s2_total_h": 5.5,
    "s2_cont_h": 5.5,
    "s2_pass_a": true,
    "s1_pass_a": true,
    "change_cd": "keep_ok",
    "변화": "유지 충족"
   }
  },
  {
   "type": "Feature",
   "geometry": {
    "type": "Point",
    "coordinates": [
     194147.874,
     547322.721
    ]
   },
   "properties": {
    "pid": "여의도고등학교 ②(4층) 2층-36",
    "school": "여의도고등학교",
    "kind": "교사동 창면",
    "dong": "여의도고등학교 ②(4층)",
    "floor": 2,
    "source": "일반식",
    "z_m": 4.7,
    "s2_total_h": 5.67,
    "s2_cont_h": 5.67,
    "s2_pass_a": true,
    "s1_pass_a": true,
    "change_cd": "keep_ok",
    "변화": "유지 충족"
   }
  },
  {
   "type": "Feature",
   "geometry": {
    "type": "Point",
    "coordinates": [
     194147.874,
     547322.721
    ]
   },
   "properties": {
    "pid": "여의도고등학교 ②(4층) 3층-36",
    "school": "여의도고등학교",
    "kind": "교사동 창면",
    "dong": "여의도고등학교 ②(4층)",
    "floor": 3,
    "source": "일반식",
    "z_m": 8.2,
    "s2_total_h": 5.83,
    "s2_cont_h": 5.83,
    "s2_pass_a": true,
    "s1_pass_a": true,
    "change_cd": "keep_ok",
    "변화": "유지 충족"
   }
  },
  {
   "type": "Feature",
   "geometry": {
    "type": "Point",
    "coordinates": [
     194147.874,
     547322.721
    ]
   },
   "properties": {
    "pid": "여의도고등학교 ②(4층) 4층-36",
    "school": "여의도고등학교",
    "kind": "교사동 창면",
    "dong": "여의도고등학교 ②(4층)",
    "floor": 4,
    "source": "일반식",
    "z_m": 11.7,
    "s2_total_h": 6.0,
    "s2_cont_h": 6.0,
    "s2_pass_a": true,
    "s1_pass_a": true,
    "change_cd": "keep_ok",
    "변화": "유지 충족"
   }
  },
  {
   "type": "Feature",
   "geometry": {
    "type": "Point",
    "coordinates": [
     194144.765,
     547326.696
    ]
   },
   "properties": {
    "pid": "여의도고등학교 ②(4층) 1층-37",
    "school": "여의도고등학교",
    "kind": "교사동 창면",
    "dong": "여의도고등학교 ②(4층)",
    "floor": 1,
    "source": "일반식",
    "z_m": 1.2,
    "s2_total_h": 5.5,
    "s2_cont_h": 5.5,
    "s2_pass_a": true,
    "s1_pass_a": true,
    "change_cd": "keep_ok",
    "변화": "유지 충족"
   }
  },
  {
   "type": "Feature",
   "geometry": {
    "type": "Point",
    "coordinates": [
     194144.765,
     547326.696
    ]
   },
   "properties": {
    "pid": "여의도고등학교 ②(4층) 2층-37",
    "school": "여의도고등학교",
    "kind": "교사동 창면",
    "dong": "여의도고등학교 ②(4층)",
    "floor": 2,
    "source": "일반식",
    "z_m": 4.7,
    "s2_total_h": 5.83,
    "s2_cont_h": 5.83,
    "s2_pass_a": true,
    "s1_pass_a": true,
    "change_cd": "keep_ok",
    "변화": "유지 충족"
   }
  },
  {
   "type": "Feature",
   "geometry": {
    "type": "Point",
    "coordinates": [
     194144.765,
     547326.696
    ]
   },
   "properties": {
    "pid": "여의도고등학교 ②(4층) 3층-37",
    "school": "여의도고등학교",
    "kind": "교사동 창면",
    "dong": "여의도고등학교 ②(4층)",
    "floor": 3,
    "source": "일반식",
    "z_m": 8.2,
    "s2_total_h": 5.83,
    "s2_cont_h": 5.83,
    "s2_pass_a": true,
    "s1_pass_a": true,
    "change_cd": "keep_ok",
    "변화": "유지 충족"
   }
  },
  {
   "type": "Feature",
   "geometry": {
    "type": "Point",
    "coordinates": [
     194144.765,
     547326.696
    ]
   },
   "properties": {
    "pid": "여의도고등학교 ②(4층) 4층-37",
    "school": "여의도고등학교",
    "kind": "교사동 창면",
    "dong": "여의도고등학교 ②(4층)",
    "floor": 4,
    "source": "일반식",
    "z_m": 11.7,
    "s2_total_h": 6.0,
    "s2_cont_h": 6.0,
    "s2_pass_a": true,
    "s1_pass_a": true,
    "change_cd": "keep_ok",
    "변화": "유지 충족"
   }
  },
  {
   "type": "Feature",
   "geometry": {
    "type": "Point",
    "coordinates": [
     194141.656,
     547330.67
    ]
   },
   "properties": {
    "pid": "여의도고등학교 ②(4층) 1층-38",
    "school": "여의도고등학교",
    "kind": "교사동 창면",
    "dong": "여의도고등학교 ②(4층)",
    "floor": 1,
    "source": "일반식",
    "z_m": 1.2,
    "s2_total_h": 5.67,
    "s2_cont_h": 5.67,
    "s2_pass_a": true,
    "s1_pass_a": true,
    "change_cd": "keep_ok",
    "변화": "유지 충족"
   }
  },
  {
   "type": "Feature",
   "geometry": {
    "type": "Point",
    "coordinates": [
     194141.656,
     547330.67
    ]
   },
   "properties": {
    "pid": "여의도고등학교 ②(4층) 2층-38",
    "school": "여의도고등학교",
    "kind": "교사동 창면",
    "dong": "여의도고등학교 ②(4층)",
    "floor": 2,
    "source": "일반식",
    "z_m": 4.7,
    "s2_total_h": 5.67,
    "s2_cont_h": 5.67,
    "s2_pass_a": true,
    "s1_pass_a": true,
    "change_cd": "keep_ok",
    "변화": "유지 충족"
   }
  },
  {
   "type": "Feature",
   "geometry": {
    "type": "Point",
    "coordinates": [
     194141.656,
     547330.67
    ]
   },
   "properties": {
    "pid": "여의도고등학교 ②(4층) 3층-38",
    "school": "여의도고등학교",
    "kind": "교사동 창면",
    "dong": "여의도고등학교 ②(4층)",
    "floor": 3,
    "source": "일반식",
    "z_m": 8.2,
    "s2_total_h": 5.83,
    "s2_cont_h": 5.83,
    "s2_pass_a": true,
    "s1_pass_a": true,
    "change_cd": "keep_ok",
    "변화": "유지 충족"
   }
  },
  {
   "type": "Feature",
   "geometry": {
    "type": "Point",
    "coordinates": [
     194141.656,
     547330.67
    ]
   },
   "properties": {
    "pid": "여의도고등학교 ②(4층) 4층-38",
    "school": "여의도고등학교",
    "kind": "교사동 창면",
    "dong": "여의도고등학교 ②(4층)",
    "floor": 4,
    "source": "일반식",
    "z_m": 11.7,
    "s2_total_h": 6.0,
    "s2_cont_h": 6.0,
    "s2_pass_a": true,
    "s1_pass_a": true,
    "change_cd": "keep_ok",
    "변화": "유지 충족"
   }
  },
  {
   "type": "Feature",
   "geometry": {
    "type": "Point",
    "coordinates": [
     194138.546,
     547334.645
    ]
   },
   "properties": {
    "pid": "여의도고등학교 ②(4층) 1층-39",
    "school": "여의도고등학교",
    "kind": "교사동 창면",
    "dong": "여의도고등학교 ②(4층)",
    "floor": 1,
    "source": "일반식",
    "z_m": 1.2,
    "s2_total_h": 5.5,
    "s2_cont_h": 5.5,
    "s2_pass_a": true,
    "s1_pass_a": true,
    "change_cd": "keep_ok",
    "변화": "유지 충족"
   }
  },
  {
   "type": "Feature",
   "geometry": {
    "type": "Point",
    "coordinates": [
     194138.546,
     547334.645
    ]
   },
   "properties": {
    "pid": "여의도고등학교 ②(4층) 2층-39",
    "school": "여의도고등학교",
    "kind": "교사동 창면",
    "dong": "여의도고등학교 ②(4층)",
    "floor": 2,
    "source": "일반식",
    "z_m": 4.7,
    "s2_total_h": 5.67,
    "s2_cont_h": 5.67,
    "s2_pass_a": true,
    "s1_pass_a": true,
    "change_cd": "keep_ok",
    "변화": "유지 충족"
   }
  },
  {
   "type": "Feature",
   "geometry": {
    "type": "Point",
    "coordinates": [
     194138.546,
     547334.645
    ]
   },
   "properties": {
    "pid": "여의도고등학교 ②(4층) 3층-39",
    "school": "여의도고등학교",
    "kind": "교사동 창면",
    "dong": "여의도고등학교 ②(4층)",
    "floor": 3,
    "source": "일반식",
    "z_m": 8.2,
    "s2_total_h": 5.83,
    "s2_cont_h": 5.83,
    "s2_pass_a": true,
    "s1_pass_a": true,
    "change_cd": "keep_ok",
    "변화": "유지 충족"
   }
  },
  {
   "type": "Feature",
   "geometry": {
    "type": "Point",
    "coordinates": [
     194138.546,
     547334.645
    ]
   },
   "properties": {
    "pid": "여의도고등학교 ②(4층) 4층-39",
    "school": "여의도고등학교",
    "kind": "교사동 창면",
    "dong": "여의도고등학교 ②(4층)",
    "floor": 4,
    "source": "일반식",
    "z_m": 11.7,
    "s2_total_h": 5.83,
    "s2_cont_h": 5.83,
    "s2_pass_a": true,
    "s1_pass_a": true,
    "change_cd": "keep_ok",
    "변화": "유지 충족"
   }
  },
  {
   "type": "Feature",
   "geometry": {
    "type": "Point",
    "coordinates": [
     194135.437,
     547338.619
    ]
   },
   "properties": {
    "pid": "여의도고등학교 ②(4층) 1층-40",
    "school": "여의도고등학교",
    "kind": "교사동 창면",
    "dong": "여의도고등학교 ②(4층)",
    "floor": 1,
    "source": "일반식",
    "z_m": 1.2,
    "s2_total_h": 5.5,
    "s2_cont_h": 5.5,
    "s2_pass_a": true,
    "s1_pass_a": true,
    "change_cd": "keep_ok",
    "변화": "유지 충족"
   }
  },
  {
   "type": "Feature",
   "geometry": {
    "type": "Point",
    "coordinates": [
     194135.437,
     547338.619
    ]
   },
   "properties": {
    "pid": "여의도고등학교 ②(4층) 2층-40",
    "school": "여의도고등학교",
    "kind": "교사동 창면",
    "dong": "여의도고등학교 ②(4층)",
    "floor": 2,
    "source": "일반식",
    "z_m": 4.7,
    "s2_total_h": 5.67,
    "s2_cont_h": 5.67,
    "s2_pass_a": true,
    "s1_pass_a": true,
    "change_cd": "keep_ok",
    "변화": "유지 충족"
   }
  },
  {
   "type": "Feature",
   "geometry": {
    "type": "Point",
    "coordinates": [
     194135.437,
     547338.619
    ]
   },
   "properties": {
    "pid": "여의도고등학교 ②(4층) 3층-40",
    "school": "여의도고등학교",
    "kind": "교사동 창면",
    "dong": "여의도고등학교 ②(4층)",
    "floor": 3,
    "source": "일반식",
    "z_m": 8.2,
    "s2_total_h": 5.67,
    "s2_cont_h": 5.67,
    "s2_pass_a": true,
    "s1_pass_a": true,
    "change_cd": "keep_ok",
    "변화": "유지 충족"
   }
  },
  {
   "type": "Feature",
   "geometry": {
    "type": "Point",
    "coordinates": [
     194135.437,
     547338.619
    ]
   },
   "properties": {
    "pid": "여의도고등학교 ②(4층) 4층-40",
    "school": "여의도고등학교",
    "kind": "교사동 창면",
    "dong": "여의도고등학교 ②(4층)",
    "floor": 4,
    "source": "일반식",
    "z_m": 11.7,
    "s2_total_h": 5.67,
    "s2_cont_h": 5.67,
    "s2_pass_a": true,
    "s1_pass_a": true,
    "change_cd": "keep_ok",
    "변화": "유지 충족"
   }
  },
  {
   "type": "Feature",
   "geometry": {
    "type": "Point",
    "coordinates": [
     194132.328,
     547342.594
    ]
   },
   "properties": {
    "pid": "여의도고등학교 ②(4층) 1층-41",
    "school": "여의도고등학교",
    "kind": "교사동 창면",
    "dong": "여의도고등학교 ②(4층)",
    "floor": 1,
    "source": "일반식",
    "z_m": 1.2,
    "s2_total_h": 5.33,
    "s2_cont_h": 5.33,
    "s2_pass_a": true,
    "s1_pass_a": true,
    "change_cd": "keep_ok",
    "변화": "유지 충족"
   }
  },
  {
   "type": "Feature",
   "geometry": {
    "type": "Point",
    "coordinates": [
     194132.328,
     547342.594
    ]
   },
   "properties": {
    "pid": "여의도고등학교 ②(4층) 2층-41",
    "school": "여의도고등학교",
    "kind": "교사동 창면",
    "dong": "여의도고등학교 ②(4층)",
    "floor": 2,
    "source": "일반식",
    "z_m": 4.7,
    "s2_total_h": 5.33,
    "s2_cont_h": 5.33,
    "s2_pass_a": true,
    "s1_pass_a": true,
    "change_cd": "keep_ok",
    "변화": "유지 충족"
   }
  },
  {
   "type": "Feature",
   "geometry": {
    "type": "Point",
    "coordinates": [
     194132.328,
     547342.594
    ]
   },
   "properties": {
    "pid": "여의도고등학교 ②(4층) 3층-41",
    "school": "여의도고등학교",
    "kind": "교사동 창면",
    "dong": "여의도고등학교 ②(4층)",
    "floor": 3,
    "source": "일반식",
    "z_m": 8.2,
    "s2_total_h": 5.33,
    "s2_cont_h": 5.33,
    "s2_pass_a": true,
    "s1_pass_a": true,
    "change_cd": "keep_ok",
    "변화": "유지 충족"
   }
  },
  {
   "type": "Feature",
   "geometry": {
    "type": "Point",
    "coordinates": [
     194132.328,
     547342.594
    ]
   },
   "properties": {
    "pid": "여의도고등학교 ②(4층) 4층-41",
    "school": "여의도고등학교",
    "kind": "교사동 창면",
    "dong": "여의도고등학교 ②(4층)",
    "floor": 4,
    "source": "일반식",
    "z_m": 11.7,
    "s2_total_h": 5.33,
    "s2_cont_h": 5.33,
    "s2_pass_a": true,
    "s1_pass_a": true,
    "change_cd": "keep_ok",
    "변화": "유지 충족"
   }
  },
  {
   "type": "Feature",
   "geometry": {
    "type": "Point",
    "coordinates": [
     194129.219,
     547346.568
    ]
   },
   "properties": {
    "pid": "여의도고등학교 ②(4층) 1층-42",
    "school": "여의도고등학교",
    "kind": "교사동 창면",
    "dong": "여의도고등학교 ②(4층)",
    "floor": 1,
    "source": "일반식",
    "z_m": 1.2,
    "s2_total_h": 5.17,
    "s2_cont_h": 5.17,
    "s2_pass_a": true,
    "s1_pass_a": true,
    "change_cd": "keep_ok",
    "변화": "유지 충족"
   }
  },
  {
   "type": "Feature",
   "geometry": {
    "type": "Point",
    "coordinates": [
     194129.219,
     547346.568
    ]
   },
   "properties": {
    "pid": "여의도고등학교 ②(4층) 2층-42",
    "school": "여의도고등학교",
    "kind": "교사동 창면",
    "dong": "여의도고등학교 ②(4층)",
    "floor": 2,
    "source": "일반식",
    "z_m": 4.7,
    "s2_total_h": 5.17,
    "s2_cont_h": 5.17,
    "s2_pass_a": true,
    "s1_pass_a": true,
    "change_cd": "keep_ok",
    "변화": "유지 충족"
   }
  },
  {
   "type": "Feature",
   "geometry": {
    "type": "Point",
    "coordinates": [
     194129.219,
     547346.568
    ]
   },
   "properties": {
    "pid": "여의도고등학교 ②(4층) 3층-42",
    "school": "여의도고등학교",
    "kind": "교사동 창면",
    "dong": "여의도고등학교 ②(4층)",
    "floor": 3,
    "source": "일반식",
    "z_m": 8.2,
    "s2_total_h": 5.17,
    "s2_cont_h": 5.17,
    "s2_pass_a": true,
    "s1_pass_a": true,
    "change_cd": "keep_ok",
    "변화": "유지 충족"
   }
  },
  {
   "type": "Feature",
   "geometry": {
    "type": "Point",
    "coordinates": [
     194129.219,
     547346.568
    ]
   },
   "properties": {
    "pid": "여의도고등학교 ②(4층) 4층-42",
    "school": "여의도고등학교",
    "kind": "교사동 창면",
    "dong": "여의도고등학교 ②(4층)",
    "floor": 4,
    "source": "일반식",
    "z_m": 11.7,
    "s2_total_h": 5.33,
    "s2_cont_h": 5.33,
    "s2_pass_a": true,
    "s1_pass_a": true,
    "change_cd": "keep_ok",
    "변화": "유지 충족"
   }
  },
  {
   "type": "Feature",
   "geometry": {
    "type": "Point",
    "coordinates": [
     194126.109,
     547350.542
    ]
   },
   "properties": {
    "pid": "여의도고등학교 ②(4층) 1층-43",
    "school": "여의도고등학교",
    "kind": "교사동 창면",
    "dong": "여의도고등학교 ②(4층)",
    "floor": 1,
    "source": "일반식",
    "z_m": 1.2,
    "s2_total_h": 5.0,
    "s2_cont_h": 5.0,
    "s2_pass_a": true,
    "s1_pass_a": true,
    "change_cd": "keep_ok",
    "변화": "유지 충족"
   }
  },
  {
   "type": "Feature",
   "geometry": {
    "type": "Point",
    "coordinates": [
     194126.109,
     547350.542
    ]
   },
   "properties": {
    "pid": "여의도고등학교 ②(4층) 2층-43",
    "school": "여의도고등학교",
    "kind": "교사동 창면",
    "dong": "여의도고등학교 ②(4층)",
    "floor": 2,
    "source": "일반식",
    "z_m": 4.7,
    "s2_total_h": 5.0,
    "s2_cont_h": 5.0,
    "s2_pass_a": true,
    "s1_pass_a": true,
    "change_cd": "keep_ok",
    "변화": "유지 충족"
   }
  },
  {
   "type": "Feature",
   "geometry": {
    "type": "Point",
    "coordinates": [
     194126.109,
     547350.542
    ]
   },
   "properties": {
    "pid": "여의도고등학교 ②(4층) 3층-43",
    "school": "여의도고등학교",
    "kind": "교사동 창면",
    "dong": "여의도고등학교 ②(4층)",
    "floor": 3,
    "source": "일반식",
    "z_m": 8.2,
    "s2_total_h": 5.17,
    "s2_cont_h": 5.17,
    "s2_pass_a": true,
    "s1_pass_a": true,
    "change_cd": "keep_ok",
    "변화": "유지 충족"
   }
  },
  {
   "type": "Feature",
   "geometry": {
    "type": "Point",
    "coordinates": [
     194126.109,
     547350.542
    ]
   },
   "properties": {
    "pid": "여의도고등학교 ②(4층) 4층-43",
    "school": "여의도고등학교",
    "kind": "교사동 창면",
    "dong": "여의도고등학교 ②(4층)",
    "floor": 4,
    "source": "일반식",
    "z_m": 11.7,
    "s2_total_h": 5.33,
    "s2_cont_h": 5.33,
    "s2_pass_a": true,
    "s1_pass_a": true,
    "change_cd": "keep_ok",
    "변화": "유지 충족"
   }
  },
  {
   "type": "Feature",
   "geometry": {
    "type": "Point",
    "coordinates": [
     194123.0,
     547354.517
    ]
   },
   "properties": {
    "pid": "여의도고등학교 ②(4층) 1층-44",
    "school": "여의도고등학교",
    "kind": "교사동 창면",
    "dong": "여의도고등학교 ②(4층)",
    "floor": 1,
    "source": "일반식",
    "z_m": 1.2,
    "s2_total_h": 4.83,
    "s2_cont_h": 4.83,
    "s2_pass_a": true,
    "s1_pass_a": true,
    "change_cd": "keep_ok",
    "변화": "유지 충족"
   }
  },
  {
   "type": "Feature",
   "geometry": {
    "type": "Point",
    "coordinates": [
     194123.0,
     547354.517
    ]
   },
   "properties": {
    "pid": "여의도고등학교 ②(4층) 2층-44",
    "school": "여의도고등학교",
    "kind": "교사동 창면",
    "dong": "여의도고등학교 ②(4층)",
    "floor": 2,
    "source": "일반식",
    "z_m": 4.7,
    "s2_total_h": 5.0,
    "s2_cont_h": 5.0,
    "s2_pass_a": true,
    "s1_pass_a": true,
    "change_cd": "keep_ok",
    "변화": "유지 충족"
   }
  },
  {
   "type": "Feature",
   "geometry": {
    "type": "Point",
    "coordinates": [
     194123.0,
     547354.517
    ]
   },
   "properties": {
    "pid": "여의도고등학교 ②(4층) 3층-44",
    "school": "여의도고등학교",
    "kind": "교사동 창면",
    "dong": "여의도고등학교 ②(4층)",
    "floor": 3,
    "source": "일반식",
    "z_m": 8.2,
    "s2_total_h": 5.17,
    "s2_cont_h": 5.17,
    "s2_pass_a": true,
    "s1_pass_a": true,
    "change_cd": "keep_ok",
    "변화": "유지 충족"
   }
  },
  {
   "type": "Feature",
   "geometry": {
    "type": "Point",
    "coordinates": [
     194123.0,
     547354.517
    ]
   },
   "properties": {
    "pid": "여의도고등학교 ②(4층) 4층-44",
    "school": "여의도고등학교",
    "kind": "교사동 창면",
    "dong": "여의도고등학교 ②(4층)",
    "floor": 4,
    "source": "일반식",
    "z_m": 11.7,
    "s2_total_h": 5.5,
    "s2_cont_h": 5.5,
    "s2_pass_a": true,
    "s1_pass_a": true,
    "change_cd": "keep_ok",
    "변화": "유지 충족"
   }
  },
  {
   "type": "Feature",
   "geometry": {
    "type": "Point",
    "coordinates": [
     194188.394,
     547220.346
    ]
   },
   "properties": {
    "pid": "여의도고등학교 ③(3층) 1층-1",
    "school": "여의도고등학교",
    "kind": "교사동 창면",
    "dong": "여의도고등학교 ③(3층)",
    "floor": 1,
    "source": "일반식",
    "z_m": 1.2,
    "s2_total_h": 5.67,
    "s2_cont_h": 2.67,
    "s2_pass_a": true,
    "s1_pass_a": true,
    "change_cd": "keep_ok",
    "변화": "유지 충족"
   }
  },
  {
   "type": "Feature",
   "geometry": {
    "type": "Point",
    "coordinates": [
     194188.394,
     547220.346
    ]
   },
   "properties": {
    "pid": "여의도고등학교 ③(3층) 2층-1",
    "school": "여의도고등학교",
    "kind": "교사동 창면",
    "dong": "여의도고등학교 ③(3층)",
    "floor": 2,
    "source": "일반식",
    "z_m": 4.7,
    "s2_total_h": 5.83,
    "s2_cont_h": 2.67,
    "s2_pass_a": true,
    "s1_pass_a": true,
    "change_cd": "keep_ok",
    "변화": "유지 충족"
   }
  },
  {
   "type": "Feature",
   "geometry": {
    "type": "Point",
    "coordinates": [
     194188.394,
     547220.346
    ]
   },
   "properties": {
    "pid": "여의도고등학교 ③(3층) 3층-1",
    "school": "여의도고등학교",
    "kind": "교사동 창면",
    "dong": "여의도고등학교 ③(3층)",
    "floor": 3,
    "source": "일반식",
    "z_m": 8.2,
    "s2_total_h": 6.33,
    "s2_cont_h": 4.5,
    "s2_pass_a": true,
    "s1_pass_a": true,
    "change_cd": "keep_ok",
    "변화": "유지 충족"
   }
  },
  {
   "type": "Feature",
   "geometry": {
    "type": "Point",
    "coordinates": [
     194184.356,
     547217.111
    ]
   },
   "properties": {
    "pid": "여의도고등학교 ③(3층) 1층-2",
    "school": "여의도고등학교",
    "kind": "교사동 창면",
    "dong": "여의도고등학교 ③(3층)",
    "floor": 1,
    "source": "일반식",
    "z_m": 1.2,
    "s2_total_h": 4.83,
    "s2_cont_h": 2.17,
    "s2_pass_a": true,
    "s1_pass_a": true,
    "change_cd": "keep_ok",
    "변화": "유지 충족"
   }
  },
  {
   "type": "Feature",
   "geometry": {
    "type": "Point",
    "coordinates": [
     194184.356,
     547217.111
    ]
   },
   "properties": {
    "pid": "여의도고등학교 ③(3층) 2층-2",
    "school": "여의도고등학교",
    "kind": "교사동 창면",
    "dong": "여의도고등학교 ③(3층)",
    "floor": 2,
    "source": "일반식",
    "z_m": 4.7,
    "s2_total_h": 5.17,
    "s2_cont_h": 2.33,
    "s2_pass_a": true,
    "s1_pass_a": true,
    "change_cd": "keep_ok",
    "변화": "유지 충족"
   }
  },
  {
   "type": "Feature",
   "geometry": {
    "type": "Point",
    "coordinates": [
     194184.356,
     547217.111
    ]
   },
   "properties": {
    "pid": "여의도고등학교 ③(3층) 3층-2",
    "school": "여의도고등학교",
    "kind": "교사동 창면",
    "dong": "여의도고등학교 ③(3층)",
    "floor": 3,
    "source": "일반식",
    "z_m": 8.2,
    "s2_total_h": 5.67,
    "s2_cont_h": 2.5,
    "s2_pass_a": true,
    "s1_pass_a": true,
    "change_cd": "keep_ok",
    "변화": "유지 충족"
   }
  },
  {
   "type": "Feature",
   "geometry": {
    "type": "Point",
    "coordinates": [
     194180.318,
     547213.876
    ]
   },
   "properties": {
    "pid": "여의도고등학교 ③(3층) 1층-3",
    "school": "여의도고등학교",
    "kind": "교사동 창면",
    "dong": "여의도고등학교 ③(3층)",
    "floor": 1,
    "source": "일반식",
    "z_m": 1.2,
    "s2_total_h": 4.33,
    "s2_cont_h": 2.17,
    "s2_pass_a": true,
    "s1_pass_a": true,
    "change_cd": "keep_ok",
    "변화": "유지 충족"
   }
  },
  {
   "type": "Feature",
   "geometry": {
    "type": "Point",
    "coordinates": [
     194180.318,
     547213.876
    ]
   },
   "properties": {
    "pid": "여의도고등학교 ③(3층) 2층-3",
    "school": "여의도고등학교",
    "kind": "교사동 창면",
    "dong": "여의도고등학교 ③(3층)",
    "floor": 2,
    "source": "일반식",
    "z_m": 4.7,
    "s2_total_h": 4.83,
    "s2_cont_h": 2.33,
    "s2_pass_a": true,
    "s1_pass_a": true,
    "change_cd": "keep_ok",
    "변화": "유지 충족"
   }
  },
  {
   "type": "Feature",
   "geometry": {
    "type": "Point",
    "coordinates": [
     194180.318,
     547213.876
    ]
   },
   "properties": {
    "pid": "여의도고등학교 ③(3층) 3층-3",
    "school": "여의도고등학교",
    "kind": "교사동 창면",
    "dong": "여의도고등학교 ③(3층)",
    "floor": 3,
    "source": "일반식",
    "z_m": 8.2,
    "s2_total_h": 5.33,
    "s2_cont_h": 2.5,
    "s2_pass_a": true,
    "s1_pass_a": true,
    "change_cd": "keep_ok",
    "변화": "유지 충족"
   }
  },
  {
   "type": "Feature",
   "geometry": {
    "type": "Point",
    "coordinates": [
     194176.281,
     547210.642
    ]
   },
   "properties": {
    "pid": "여의도고등학교 ③(3층) 1층-4",
    "school": "여의도고등학교",
    "kind": "교사동 창면",
    "dong": "여의도고등학교 ③(3층)",
    "floor": 1,
    "source": "일반식",
    "z_m": 1.2,
    "s2_total_h": 4.33,
    "s2_cont_h": 2.17,
    "s2_pass_a": true,
    "s1_pass_a": true,
    "change_cd": "keep_ok",
    "변화": "유지 충족"
   }
  },
  {
   "type": "Feature",
   "geometry": {
    "type": "Point",
    "coordinates": [
     194176.281,
     547210.642
    ]
   },
   "properties": {
    "pid": "여의도고등학교 ③(3층) 2층-4",
    "school": "여의도고등학교",
    "kind": "교사동 창면",
    "dong": "여의도고등학교 ③(3층)",
    "floor": 2,
    "source": "일반식",
    "z_m": 4.7,
    "s2_total_h": 4.5,
    "s2_cont_h": 2.17,
    "s2_pass_a": true,
    "s1_pass_a": true,
    "change_cd": "keep_ok",
    "변화": "유지 충족"
   }
  },
  {
   "type": "Feature",
   "geometry": {
    "type": "Point",
    "coordinates": [
     194176.281,
     547210.642
    ]
   },
   "properties": {
    "pid": "여의도고등학교 ③(3층) 3층-4",
    "school": "여의도고등학교",
    "kind": "교사동 창면",
    "dong": "여의도고등학교 ③(3층)",
    "floor": 3,
    "source": "일반식",
    "z_m": 8.2,
    "s2_total_h": 4.83,
    "s2_cont_h": 2.17,
    "s2_pass_a": true,
    "s1_pass_a": true,
    "change_cd": "keep_ok",
    "변화": "유지 충족"
   }
  },
  {
   "type": "Feature",
   "geometry": {
    "type": "Point",
    "coordinates": [
     194172.243,
     547207.407
    ]
   },
   "properties": {
    "pid": "여의도고등학교 ③(3층) 1층-5",
    "school": "여의도고등학교",
    "kind": "교사동 창면",
    "dong": "여의도고등학교 ③(3층)",
    "floor": 1,
    "source": "일반식",
    "z_m": 1.2,
    "s2_total_h": 4.5,
    "s2_cont_h": 2.17,
    "s2_pass_a": true,
    "s1_pass_a": true,
    "change_cd": "keep_ok",
    "변화": "유지 충족"
   }
  },
  {
   "type": "Feature",
   "geometry": {
    "type": "Point",
    "coordinates": [
     194172.243,
     547207.407
    ]
   },
   "properties": {
    "pid": "여의도고등학교 ③(3층) 2층-5",
    "school": "여의도고등학교",
    "kind": "교사동 창면",
    "dong": "여의도고등학교 ③(3층)",
    "floor": 2,
    "source": "일반식",
    "z_m": 4.7,
    "s2_total_h": 4.5,
    "s2_cont_h": 2.17,
    "s2_pass_a": true,
    "s1_pass_a": true,
    "change_cd": "keep_ok",
    "변화": "유지 충족"
   }
  },
  {
   "type": "Feature",
   "geometry": {
    "type": "Point",
    "coordinates": [
     194172.243,
     547207.407
    ]
   },
   "properties": {
    "pid": "여의도고등학교 ③(3층) 3층-5",
    "school": "여의도고등학교",
    "kind": "교사동 창면",
    "dong": "여의도고등학교 ③(3층)",
    "floor": 3,
    "source": "일반식",
    "z_m": 8.2,
    "s2_total_h": 4.83,
    "s2_cont_h": 2.17,
    "s2_pass_a": true,
    "s1_pass_a": true,
    "change_cd": "keep_ok",
    "변화": "유지 충족"
   }
  },
  {
   "type": "Feature",
   "geometry": {
    "type": "Point",
    "coordinates": [
     194168.205,
     547204.172
    ]
   },
   "properties": {
    "pid": "여의도고등학교 ③(3층) 1층-6",
    "school": "여의도고등학교",
    "kind": "교사동 창면",
    "dong": "여의도고등학교 ③(3층)",
    "floor": 1,
    "source": "일반식",
    "z_m": 1.2,
    "s2_total_h": 4.33,
    "s2_cont_h": 2.0,
    "s2_pass_a": true,
    "s1_pass_a": true,
    "change_cd": "keep_ok",
    "변화": "유지 충족"
   }
  },
  {
   "type": "Feature",
   "geometry": {
    "type": "Point",
    "coordinates": [
     194168.205,
     547204.172
    ]
   },
   "properties": {
    "pid": "여의도고등학교 ③(3층) 2층-6",
    "school": "여의도고등학교",
    "kind": "교사동 창면",
    "dong": "여의도고등학교 ③(3층)",
    "floor": 2,
    "source": "일반식",
    "z_m": 4.7,
    "s2_total_h": 4.67,
    "s2_cont_h": 2.0,
    "s2_pass_a": true,
    "s1_pass_a": true,
    "change_cd": "keep_ok",
    "변화": "유지 충족"
   }
  },
  {
   "type": "Feature",
   "geometry": {
    "type": "Point",
    "coordinates": [
     194168.205,
     547204.172
    ]
   },
   "properties": {
    "pid": "여의도고등학교 ③(3층) 3층-6",
    "school": "여의도고등학교",
    "kind": "교사동 창면",
    "dong": "여의도고등학교 ③(3층)",
    "floor": 3,
    "source": "일반식",
    "z_m": 8.2,
    "s2_total_h": 4.67,
    "s2_cont_h": 2.0,
    "s2_pass_a": true,
    "s1_pass_a": true,
    "change_cd": "keep_ok",
    "변화": "유지 충족"
   }
  },
  {
   "type": "Feature",
   "geometry": {
    "type": "Point",
    "coordinates": [
     194164.167,
     547200.938
    ]
   },
   "properties": {
    "pid": "여의도고등학교 ③(3층) 1층-7",
    "school": "여의도고등학교",
    "kind": "교사동 창면",
    "dong": "여의도고등학교 ③(3층)",
    "floor": 1,
    "source": "일반식",
    "z_m": 1.2,
    "s2_total_h": 4.5,
    "s2_cont_h": 1.83,
    "s2_pass_a": true,
    "s1_pass_a": true,
    "change_cd": "keep_ok",
    "변화": "유지 충족"
   }
  },
  {
   "type": "Feature",
   "geometry": {
    "type": "Point",
    "coordinates": [
     194164.167,
     547200.938
    ]
   },
   "properties": {
    "pid": "여의도고등학교 ③(3층) 2층-7",
    "school": "여의도고등학교",
    "kind": "교사동 창면",
    "dong": "여의도고등학교 ③(3층)",
    "floor": 2,
    "source": "일반식",
    "z_m": 4.7,
    "s2_total_h": 5.0,
    "s2_cont_h": 2.0,
    "s2_pass_a": true,
    "s1_pass_a": true,
    "change_cd": "keep_ok",
    "변화": "유지 충족"
   }
  },
  {
   "type": "Feature",
   "geometry": {
    "type": "Point",
    "coordinates": [
     194164.167,
     547200.938
    ]
   },
   "properties": {
    "pid": "여의도고등학교 ③(3층) 3층-7",
    "school": "여의도고등학교",
    "kind": "교사동 창면",
    "dong": "여의도고등학교 ③(3층)",
    "floor": 3,
    "source": "일반식",
    "z_m": 8.2,
    "s2_total_h": 5.0,
    "s2_cont_h": 2.0,
    "s2_pass_a": true,
    "s1_pass_a": true,
    "change_cd": "keep_ok",
    "변화": "유지 충족"
   }
  },
  {
   "type": "Feature",
   "geometry": {
    "type": "Point",
    "coordinates": [
     194160.236,
     547203.373
    ]
   },
   "properties": {
    "pid": "여의도고등학교 ③(3층) 1층-8",
    "school": "여의도고등학교",
    "kind": "교사동 창면",
    "dong": "여의도고등학교 ③(3층)",
    "floor": 1,
    "source": "일반식",
    "z_m": 1.2,
    "s2_total_h": 3.0,
    "s2_cont_h": 1.17,
    "s2_pass_a": false,
    "s1_pass_a": false,
    "change_cd": "keep_fail",
    "변화": "유지 불충족"
   }
  },
  {
   "type": "Feature",
   "geometry": {
    "type": "Point",
    "coordinates": [
     194160.236,
     547203.373
    ]
   },
   "properties": {
    "pid": "여의도고등학교 ③(3층) 2층-8",
    "school": "여의도고등학교",
    "kind": "교사동 창면",
    "dong": "여의도고등학교 ③(3층)",
    "floor": 2,
    "source": "일반식",
    "z_m": 4.7,
    "s2_total_h": 3.17,
    "s2_cont_h": 1.17,
    "s2_pass_a": false,
    "s1_pass_a": false,
    "change_cd": "keep_fail",
    "변화": "유지 불충족"
   }
  },
  {
   "type": "Feature",
   "geometry": {
    "type": "Point",
    "coordinates": [
     194160.236,
     547203.373
    ]
   },
   "properties": {
    "pid": "여의도고등학교 ③(3층) 3층-8",
    "school": "여의도고등학교",
    "kind": "교사동 창면",
    "dong": "여의도고등학교 ③(3층)",
    "floor": 3,
    "source": "일반식",
    "z_m": 8.2,
    "s2_total_h": 3.17,
    "s2_cont_h": 1.17,
    "s2_pass_a": false,
    "s1_pass_a": false,
    "change_cd": "keep_fail",
    "변화": "유지 불충족"
   }
  },
  {
   "type": "Feature",
   "geometry": {
    "type": "Point",
    "coordinates": [
     194157.08,
     547207.472
    ]
   },
   "properties": {
    "pid": "여의도고등학교 ③(3층) 1층-9",
    "school": "여의도고등학교",
    "kind": "교사동 창면",
    "dong": "여의도고등학교 ③(3층)",
    "floor": 1,
    "source": "일반식",
    "z_m": 1.2,
    "s2_total_h": 3.17,
    "s2_cont_h": 1.33,
    "s2_pass_a": false,
    "s1_pass_a": false,
    "change_cd": "keep_fail",
    "변화": "유지 불충족"
   }
  },
  {
   "type": "Feature",
   "geometry": {
    "type": "Point",
    "coordinates": [
     194157.08,
     547207.472
    ]
   },
   "properties": {
    "pid": "여의도고등학교 ③(3층) 2층-9",
    "school": "여의도고등학교",
    "kind": "교사동 창면",
    "dong": "여의도고등학교 ③(3층)",
    "floor": 2,
    "source": "일반식",
    "z_m": 4.7,
    "s2_total_h": 3.33,
    "s2_cont_h": 1.33,
    "s2_pass_a": false,
    "s1_pass_a": false,
    "change_cd": "keep_fail",
    "변화": "유지 불충족"
   }
  },
  {
   "type": "Feature",
   "geometry": {
    "type": "Point",
    "coordinates": [
     194157.08,
     547207.472
    ]
   },
   "properties": {
    "pid": "여의도고등학교 ③(3층) 3층-9",
    "school": "여의도고등학교",
    "kind": "교사동 창면",
    "dong": "여의도고등학교 ③(3층)",
    "floor": 3,
    "source": "일반식",
    "z_m": 8.2,
    "s2_total_h": 3.33,
    "s2_cont_h": 1.33,
    "s2_pass_a": false,
    "s1_pass_a": false,
    "change_cd": "keep_fail",
    "변화": "유지 불충족"
   }
  },
  {
   "type": "Feature",
   "geometry": {
    "type": "Point",
    "coordinates": [
     194153.923,
     547211.572
    ]
   },
   "properties": {
    "pid": "여의도고등학교 ③(3층) 1층-10",
    "school": "여의도고등학교",
    "kind": "교사동 창면",
    "dong": "여의도고등학교 ③(3층)",
    "floor": 1,
    "source": "일반식",
    "z_m": 1.2,
    "s2_total_h": 3.5,
    "s2_cont_h": 1.33,
    "s2_pass_a": false,
    "s1_pass_a": false,
    "change_cd": "keep_fail",
    "변화": "유지 불충족"
   }
  },
  {
   "type": "Feature",
   "geometry": {
    "type": "Point",
    "coordinates": [
     194153.923,
     547211.572
    ]
   },
   "properties": {
    "pid": "여의도고등학교 ③(3층) 2층-10",
    "school": "여의도고등학교",
    "kind": "교사동 창면",
    "dong": "여의도고등학교 ③(3층)",
    "floor": 2,
    "source": "일반식",
    "z_m": 4.7,
    "s2_total_h": 3.83,
    "s2_cont_h": 1.5,
    "s2_pass_a": false,
    "s1_pass_a": false,
    "change_cd": "keep_fail",
    "변화": "유지 불충족"
   }
  },
  {
   "type": "Feature",
   "geometry": {
    "type": "Point",
    "coordinates": [
     194153.923,
     547211.572
    ]
   },
   "properties": {
    "pid": "여의도고등학교 ③(3층) 3층-10",
    "school": "여의도고등학교",
    "kind": "교사동 창면",
    "dong": "여의도고등학교 ③(3층)",
    "floor": 3,
    "source": "일반식",
    "z_m": 8.2,
    "s2_total_h": 3.83,
    "s2_cont_h": 1.5,
    "s2_pass_a": false,
    "s1_pass_a": false,
    "change_cd": "keep_fail",
    "변화": "유지 불충족"
   }
  },
  {
   "type": "Feature",
   "geometry": {
    "type": "Point",
    "coordinates": [
     194143.777,
     547186.132
    ]
   },
   "properties": {
    "pid": "여의도고등학교 운동장-1",
    "school": "여의도고등학교",
    "kind": "운동장 지반",
    "dong": "여의도고등학교 운동장",
    "floor": 0,
    "source": "옥외지반 근사",
    "z_m": 0.0,
    "s2_total_h": 3.17,
    "s2_cont_h": 1.5,
    "s2_pass_a": false,
    "s1_pass_a": false,
    "change_cd": "keep_fail",
    "변화": "유지 불충족"
   }
  },
  {
   "type": "Feature",
   "geometry": {
    "type": "Point",
    "coordinates": [
     194151.777,
     547186.132
    ]
   },
   "properties": {
    "pid": "여의도고등학교 운동장-2",
    "school": "여의도고등학교",
    "kind": "운동장 지반",
    "dong": "여의도고등학교 운동장",
    "floor": 0,
    "source": "옥외지반 근사",
    "z_m": 0.0,
    "s2_total_h": 3.17,
    "s2_cont_h": 1.17,
    "s2_pass_a": false,
    "s1_pass_a": false,
    "change_cd": "keep_fail",
    "변화": "유지 불충족"
   }
  },
  {
   "type": "Feature",
   "geometry": {
    "type": "Point",
    "coordinates": [
     194159.777,
     547186.132
    ]
   },
   "properties": {
    "pid": "여의도고등학교 운동장-3",
    "school": "여의도고등학교",
    "kind": "운동장 지반",
    "dong": "여의도고등학교 운동장",
    "floor": 0,
    "source": "옥외지반 근사",
    "z_m": 0.0,
    "s2_total_h": 3.0,
    "s2_cont_h": 1.83,
    "s2_pass_a": false,
    "s1_pass_a": false,
    "change_cd": "keep_fail",
    "변화": "유지 불충족"
   }
  },
  {
   "type": "Feature",
   "geometry": {
    "type": "Point",
    "coordinates": [
     194167.777,
     547186.132
    ]
   },
   "properties": {
    "pid": "여의도고등학교 운동장-4",
    "school": "여의도고등학교",
    "kind": "운동장 지반",
    "dong": "여의도고등학교 운동장",
    "floor": 0,
    "source": "옥외지반 근사",
    "z_m": 0.0,
    "s2_total_h": 2.83,
    "s2_cont_h": 1.33,
    "s2_pass_a": false,
    "s1_pass_a": false,
    "change_cd": "keep_fail",
    "변화": "유지 불충족"
   }
  },
  {
   "type": "Feature",
   "geometry": {
    "type": "Point",
    "coordinates": [
     194175.777,
     547186.132
    ]
   },
   "properties": {
    "pid": "여의도고등학교 운동장-5",
    "school": "여의도고등학교",
    "kind": "운동장 지반",
    "dong": "여의도고등학교 운동장",
    "floor": 0,
    "source": "옥외지반 근사",
    "z_m": 0.0,
    "s2_total_h": 2.33,
    "s2_cont_h": 1.67,
    "s2_pass_a": false,
    "s1_pass_a": false,
    "change_cd": "keep_fail",
    "변화": "유지 불충족"
   }
  },
  {
   "type": "Feature",
   "geometry": {
    "type": "Point",
    "coordinates": [
     194223.777,
     547186.132
    ]
   },
   "properties": {
    "pid": "여의도고등학교 운동장-6",
    "school": "여의도고등학교",
    "kind": "운동장 지반",
    "dong": "여의도고등학교 운동장",
    "floor": 0,
    "source": "옥외지반 근사",
    "z_m": 0.0,
    "s2_total_h": 3.67,
    "s2_cont_h": 2.5,
    "s2_pass_a": true,
    "s1_pass_a": true,
    "change_cd": "keep_ok",
    "변화": "유지 충족"
   }
  },
  {
   "type": "Feature",
   "geometry": {
    "type": "Point",
    "coordinates": [
     194231.777,
     547186.132
    ]
   },
   "properties": {
    "pid": "여의도고등학교 운동장-7",
    "school": "여의도고등학교",
    "kind": "운동장 지반",
    "dong": "여의도고등학교 운동장",
    "floor": 0,
    "source": "옥외지반 근사",
    "z_m": 0.0,
    "s2_total_h": 3.67,
    "s2_cont_h": 2.33,
    "s2_pass_a": true,
    "s1_pass_a": true,
    "change_cd": "keep_ok",
    "변화": "유지 충족"
   }
  },
  {
   "type": "Feature",
   "geometry": {
    "type": "Point",
    "coordinates": [
     194135.777,
     547194.132
    ]
   },
   "properties": {
    "pid": "여의도고등학교 운동장-8",
    "school": "여의도고등학교",
    "kind": "운동장 지반",
    "dong": "여의도고등학교 운동장",
    "floor": 0,
    "source": "옥외지반 근사",
    "z_m": 0.0,
    "s2_total_h": 4.0,
    "s2_cont_h": 1.83,
    "s2_pass_a": true,
    "s1_pass_a": true,
    "change_cd": "keep_ok",
    "변화": "유지 충족"
   }
  },
  {
   "type": "Feature",
   "geometry": {
    "type": "Point",
    "coordinates": [
     194143.777,
     547194.132
    ]
   },
   "properties": {
    "pid": "여의도고등학교 운동장-9",
    "school": "여의도고등학교",
    "kind": "운동장 지반",
    "dong": "여의도고등학교 운동장",
    "floor": 0,
    "source": "옥외지반 근사",
    "z_m": 0.0,
    "s2_total_h": 3.83,
    "s2_cont_h": 2.17,
    "s2_pass_a": true,
    "s1_pass_a": true,
    "change_cd": "keep_ok",
    "변화": "유지 충족"
   }
  },
  {
   "type": "Feature",
   "geometry": {
    "type": "Point",
    "coordinates": [
     194151.777,
     547194.132
    ]
   },
   "properties": {
    "pid": "여의도고등학교 운동장-10",
    "school": "여의도고등학교",
    "kind": "운동장 지반",
    "dong": "여의도고등학교 운동장",
    "floor": 0,
    "source": "옥외지반 근사",
    "z_m": 0.0,
    "s2_total_h": 4.0,
    "s2_cont_h": 2.17,
    "s2_pass_a": true,
    "s1_pass_a": true,
    "change_cd": "keep_ok",
    "변화": "유지 충족"
   }
  },
  {
   "type": "Feature",
   "geometry": {
    "type": "Point",
    "coordinates": [
     194159.777,
     547194.132
    ]
   },
   "properties": {
    "pid": "여의도고등학교 운동장-11",
    "school": "여의도고등학교",
    "kind": "운동장 지반",
    "dong": "여의도고등학교 운동장",
    "floor": 0,
    "source": "옥외지반 근사",
    "z_m": 0.0,
    "s2_total_h": 3.67,
    "s2_cont_h": 1.33,
    "s2_pass_a": false,
    "s1_pass_a": false,
    "change_cd": "keep_fail",
    "변화": "유지 불충족"
   }
  },
  {
   "type": "Feature",
   "geometry": {
    "type": "Point",
    "coordinates": [
     194167.777,
     547194.132
    ]
   },
   "properties": {
    "pid": "여의도고등학교 운동장-12",
    "school": "여의도고등학교",
    "kind": "운동장 지반",
    "dong": "여의도고등학교 운동장",
    "floor": 0,
    "source": "옥외지반 근사",
    "z_m": 0.0,
    "s2_total_h": 3.5,
    "s2_cont_h": 1.67,
    "s2_pass_a": false,
    "s1_pass_a": false,
    "change_cd": "keep_fail",
    "변화": "유지 불충족"
   }
  },
  {
   "type": "Feature",
   "geometry": {
    "type": "Point",
    "coordinates": [
     194175.777,
     547194.132
    ]
   },
   "properties": {
    "pid": "여의도고등학교 운동장-13",
    "school": "여의도고등학교",
    "kind": "운동장 지반",
    "dong": "여의도고등학교 운동장",
    "floor": 0,
    "source": "옥외지반 근사",
    "z_m": 0.0,
    "s2_total_h": 3.0,
    "s2_cont_h": 2.0,
    "s2_pass_a": true,
    "s1_pass_a": true,
    "change_cd": "keep_ok",
    "변화": "유지 충족"
   }
  },
  {
   "type": "Feature",
   "geometry": {
    "type": "Point",
    "coordinates": [
     194183.777,
     547194.132
    ]
   },
   "properties": {
    "pid": "여의도고등학교 운동장-14",
    "school": "여의도고등학교",
    "kind": "운동장 지반",
    "dong": "여의도고등학교 운동장",
    "floor": 0,
    "source": "옥외지반 근사",
    "z_m": 0.0,
    "s2_total_h": 2.83,
    "s2_cont_h": 2.0,
    "s2_pass_a": true,
    "s1_pass_a": true,
    "change_cd": "keep_ok",
    "변화": "유지 충족"
   }
  },
  {
   "type": "Feature",
   "geometry": {
    "type": "Point",
    "coordinates": [
     194191.777,
     547194.132
    ]
   },
   "properties": {
    "pid": "여의도고등학교 운동장-15",
    "school": "여의도고등학교",
    "kind": "운동장 지반",
    "dong": "여의도고등학교 운동장",
    "floor": 0,
    "source": "옥외지반 근사",
    "z_m": 0.0,
    "s2_total_h": 2.83,
    "s2_cont_h": 2.17,
    "s2_pass_a": true,
    "s1_pass_a": true,
    "change_cd": "keep_ok",
    "변화": "유지 충족"
   }
  },
  {
   "type": "Feature",
   "geometry": {
    "type": "Point",
    "coordinates": [
     194199.777,
     547194.132
    ]
   },
   "properties": {
    "pid": "여의도고등학교 운동장-16",
    "school": "여의도고등학교",
    "kind": "운동장 지반",
    "dong": "여의도고등학교 운동장",
    "floor": 0,
    "source": "옥외지반 근사",
    "z_m": 0.0,
    "s2_total_h": 2.83,
    "s2_cont_h": 2.33,
    "s2_pass_a": true,
    "s1_pass_a": true,
    "change_cd": "keep_ok",
    "변화": "유지 충족"
   }
  },
  {
   "type": "Feature",
   "geometry": {
    "type": "Point",
    "coordinates": [
     194207.777,
     547194.132
    ]
   },
   "properties": {
    "pid": "여의도고등학교 운동장-17",
    "school": "여의도고등학교",
    "kind": "운동장 지반",
    "dong": "여의도고등학교 운동장",
    "floor": 0,
    "source": "옥외지반 근사",
    "z_m": 0.0,
    "s2_total_h": 3.0,
    "s2_cont_h": 2.17,
    "s2_pass_a": true,
    "s1_pass_a": true,
    "change_cd": "keep_ok",
    "변화": "유지 충족"
   }
  },
  {
   "type": "Feature",
   "geometry": {
    "type": "Point",
    "coordinates": [
     194215.777,
     547194.132
    ]
   },
   "properties": {
    "pid": "여의도고등학교 운동장-18",
    "school": "여의도고등학교",
    "kind": "운동장 지반",
    "dong": "여의도고등학교 운동장",
    "floor": 0,
    "source": "옥외지반 근사",
    "z_m": 0.0,
    "s2_total_h": 3.33,
    "s2_cont_h": 2.33,
    "s2_pass_a": true,
    "s1_pass_a": true,
    "change_cd": "keep_ok",
    "변화": "유지 충족"
   }
  },
  {
   "type": "Feature",
   "geometry": {
    "type": "Point",
    "coordinates": [
     194223.777,
     547194.132
    ]
   },
   "properties": {
    "pid": "여의도고등학교 운동장-19",
    "school": "여의도고등학교",
    "kind": "운동장 지반",
    "dong": "여의도고등학교 운동장",
    "floor": 0,
    "source": "옥외지반 근사",
    "z_m": 0.0,
    "s2_total_h": 4.0,
    "s2_cont_h": 2.5,
    "s2_pass_a": true,
    "s1_pass_a": true,
    "change_cd": "keep_ok",
    "변화": "유지 충족"
   }
  },
  {
   "type": "Feature",
   "geometry": {
    "type": "Point",
    "coordinates": [
     194231.777,
     547194.132
    ]
   },
   "properties": {
    "pid": "여의도고등학교 운동장-20",
    "school": "여의도고등학교",
    "kind": "운동장 지반",
    "dong": "여의도고등학교 운동장",
    "floor": 0,
    "source": "옥외지반 근사",
    "z_m": 0.0,
    "s2_total_h": 4.33,
    "s2_cont_h": 2.67,
    "s2_pass_a": true,
    "s1_pass_a": true,
    "change_cd": "keep_ok",
    "변화": "유지 충족"
   }
  },
  {
   "type": "Feature",
   "geometry": {
    "type": "Point",
    "coordinates": [
     194135.777,
     547202.132
    ]
   },
   "properties": {
    "pid": "여의도고등학교 운동장-21",
    "school": "여의도고등학교",
    "kind": "운동장 지반",
    "dong": "여의도고등학교 운동장",
    "floor": 0,
    "source": "옥외지반 근사",
    "z_m": 0.0,
    "s2_total_h": 4.5,
    "s2_cont_h": 2.0,
    "s2_pass_a": true,
    "s1_pass_a": true,
    "change_cd": "keep_ok",
    "변화": "유지 충족"
   }
  },
  {
   "type": "Feature",
   "geometry": {
    "type": "Point",
    "coordinates": [
     194143.777,
     547202.132
    ]
   },
   "properties": {
    "pid": "여의도고등학교 운동장-22",
    "school": "여의도고등학교",
    "kind": "운동장 지반",
    "dong": "여의도고등학교 운동장",
    "floor": 0,
    "source": "옥외지반 근사",
    "z_m": 0.0,
    "s2_total_h": 4.67,
    "s2_cont_h": 2.0,
    "s2_pass_a": true,
    "s1_pass_a": true,
    "change_cd": "keep_ok",
    "변화": "유지 충족"
   }
  },
  {
   "type": "Feature",
   "geometry": {
    "type": "Point",
    "coordinates": [
     194151.777,
     547202.132
    ]
   },
   "properties": {
    "pid": "여의도고등학교 운동장-23",
    "school": "여의도고등학교",
    "kind": "운동장 지반",
    "dong": "여의도고등학교 운동장",
    "floor": 0,
    "source": "옥외지반 근사",
    "z_m": 0.0,
    "s2_total_h": 5.0,
    "s2_cont_h": 1.83,
    "s2_pass_a": true,
    "s1_pass_a": true,
    "change_cd": "keep_ok",
    "변화": "유지 충족"
   }
  },
  {
   "type": "Feature",
   "geometry": {
    "type": "Point",
    "coordinates": [
     194159.777,
     547202.132
    ]
   },
   "properties": {
    "pid": "여의도고등학교 운동장-24",
    "school": "여의도고등학교",
    "kind": "운동장 지반",
    "dong": "여의도고등학교 운동장",
    "floor": 0,
    "source": "옥외지반 근사",
    "z_m": 0.0,
    "s2_total_h": 4.5,
    "s2_cont_h": 1.83,
    "s2_pass_a": true,
    "s1_pass_a": true,
    "change_cd": "keep_ok",
    "변화": "유지 충족"
   }
  },
  {
   "type": "Feature",
   "geometry": {
    "type": "Point",
    "coordinates": [
     194167.777,
     547202.132
    ]
   },
   "properties": {
    "pid": "여의도고등학교 운동장-25",
    "school": "여의도고등학교",
    "kind": "운동장 지반",
    "dong": "여의도고등학교 운동장",
    "floor": 0,
    "source": "옥외지반 근사",
    "z_m": 0.0,
    "s2_total_h": 4.17,
    "s2_cont_h": 2.0,
    "s2_pass_a": true,
    "s1_pass_a": true,
    "change_cd": "keep_ok",
    "변화": "유지 충족"
   }
  },
  {
   "type": "Feature",
   "geometry": {
    "type": "Point",
    "coordinates": [
     194175.777,
     547202.132
    ]
   },
   "properties": {
    "pid": "여의도고등학교 운동장-26",
    "school": "여의도고등학교",
    "kind": "운동장 지반",
    "dong": "여의도고등학교 운동장",
    "floor": 0,
    "source": "옥외지반 근사",
    "z_m": 0.0,
    "s2_total_h": 3.67,
    "s2_cont_h": 2.0,
    "s2_pass_a": true,
    "s1_pass_a": true,
    "change_cd": "keep_ok",
    "변화": "유지 충족"
   }
  },
  {
   "type": "Feature",
   "geometry": {
    "type": "Point",
    "coordinates": [
     194183.777,
     547202.132
    ]
   },
   "properties": {
    "pid": "여의도고등학교 운동장-27",
    "school": "여의도고등학교",
    "kind": "운동장 지반",
    "dong": "여의도고등학교 운동장",
    "floor": 0,
    "source": "옥외지반 근사",
    "z_m": 0.0,
    "s2_total_h": 3.83,
    "s2_cont_h": 2.17,
    "s2_pass_a": true,
    "s1_pass_a": true,
    "change_cd": "keep_ok",
    "변화": "유지 충족"
   }
  },
  {
   "type": "Feature",
   "geometry": {
    "type": "Point",
    "coordinates": [
     194191.777,
     547202.132
    ]
   },
   "properties": {
    "pid": "여의도고등학교 운동장-28",
    "school": "여의도고등학교",
    "kind": "운동장 지반",
    "dong": "여의도고등학교 운동장",
    "floor": 0,
    "source": "옥외지반 근사",
    "z_m": 0.0,
    "s2_total_h": 3.67,
    "s2_cont_h": 2.17,
    "s2_pass_a": true,
    "s1_pass_a": true,
    "change_cd": "keep_ok",
    "변화": "유지 충족"
   }
  },
  {
   "type": "Feature",
   "geometry": {
    "type": "Point",
    "coordinates": [
     194199.777,
     547202.132
    ]
   },
   "properties": {
    "pid": "여의도고등학교 운동장-29",
    "school": "여의도고등학교",
    "kind": "운동장 지반",
    "dong": "여의도고등학교 운동장",
    "floor": 0,
    "source": "옥외지반 근사",
    "z_m": 0.0,
    "s2_total_h": 3.5,
    "s2_cont_h": 2.33,
    "s2_pass_a": true,
    "s1_pass_a": true,
    "change_cd": "keep_ok",
    "변화": "유지 충족"
   }
  },
  {
   "type": "Feature",
   "geometry": {
    "type": "Point",
    "coordinates": [
     194207.777,
     547202.132
    ]
   },
   "properties": {
    "pid": "여의도고등학교 운동장-30",
    "school": "여의도고등학교",
    "kind": "운동장 지반",
    "dong": "여의도고등학교 운동장",
    "floor": 0,
    "source": "옥외지반 근사",
    "z_m": 0.0,
    "s2_total_h": 3.83,
    "s2_cont_h": 2.5,
    "s2_pass_a": true,
    "s1_pass_a": true,
    "change_cd": "keep_ok",
    "변화": "유지 충족"
   }
  },
  {
   "type": "Feature",
   "geometry": {
    "type": "Point",
    "coordinates": [
     194215.777,
     547202.132
    ]
   },
   "properties": {
    "pid": "여의도고등학교 운동장-31",
    "school": "여의도고등학교",
    "kind": "운동장 지반",
    "dong": "여의도고등학교 운동장",
    "floor": 0,
    "source": "옥외지반 근사",
    "z_m": 0.0,
    "s2_total_h": 3.67,
    "s2_cont_h": 2.33,
    "s2_pass_a": true,
    "s1_pass_a": true,
    "change_cd": "keep_ok",
    "변화": "유지 충족"
   }
  },
  {
   "type": "Feature",
   "geometry": {
    "type": "Point",
    "coordinates": [
     194223.777,
     547202.132
    ]
   },
   "properties": {
    "pid": "여의도고등학교 운동장-32",
    "school": "여의도고등학교",
    "kind": "운동장 지반",
    "dong": "여의도고등학교 운동장",
    "floor": 0,
    "source": "옥외지반 근사",
    "z_m": 0.0,
    "s2_total_h": 4.17,
    "s2_cont_h": 2.5,
    "s2_pass_a": true,
    "s1_pass_a": true,
    "change_cd": "keep_ok",
    "변화": "유지 충족"
   }
  },
  {
   "type": "Feature",
   "geometry": {
    "type": "Point",
    "coordinates": [
     194231.777,
     547202.132
    ]
   },
   "properties": {
    "pid": "여의도고등학교 운동장-33",
    "school": "여의도고등학교",
    "kind": "운동장 지반",
    "dong": "여의도고등학교 운동장",
    "floor": 0,
    "source": "옥외지반 근사",
    "z_m": 0.0,
    "s2_total_h": 4.67,
    "s2_cont_h": 2.83,
    "s2_pass_a": true,
    "s1_pass_a": true,
    "change_cd": "keep_ok",
    "변화": "유지 충족"
   }
  },
  {
   "type": "Feature",
   "geometry": {
    "type": "Point",
    "coordinates": [
     194239.777,
     547202.132
    ]
   },
   "properties": {
    "pid": "여의도고등학교 운동장-34",
    "school": "여의도고등학교",
    "kind": "운동장 지반",
    "dong": "여의도고등학교 운동장",
    "floor": 0,
    "source": "옥외지반 근사",
    "z_m": 0.0,
    "s2_total_h": 4.83,
    "s2_cont_h": 2.83,
    "s2_pass_a": true,
    "s1_pass_a": true,
    "change_cd": "keep_ok",
    "변화": "유지 충족"
   }
  },
  {
   "type": "Feature",
   "geometry": {
    "type": "Point",
    "coordinates": [
     194135.777,
     547210.132
    ]
   },
   "properties": {
    "pid": "여의도고등학교 운동장-35",
    "school": "여의도고등학교",
    "kind": "운동장 지반",
    "dong": "여의도고등학교 운동장",
    "floor": 0,
    "source": "옥외지반 근사",
    "z_m": 0.0,
    "s2_total_h": 5.0,
    "s2_cont_h": 2.0,
    "s2_pass_a": true,
    "s1_pass_a": true,
    "change_cd": "keep_ok",
    "변화": "유지 충족"
   }
  },
  {
   "type": "Feature",
   "geometry": {
    "type": "Point",
    "coordinates": [
     194143.777,
     547210.132
    ]
   },
   "properties": {
    "pid": "여의도고등학교 운동장-36",
    "school": "여의도고등학교",
    "kind": "운동장 지반",
    "dong": "여의도고등학교 운동장",
    "floor": 0,
    "source": "옥외지반 근사",
    "z_m": 0.0,
    "s2_total_h": 5.17,
    "s2_cont_h": 1.83,
    "s2_pass_a": true,
    "s1_pass_a": true,
    "change_cd": "keep_ok",
    "변화": "유지 충족"
   }
  },
  {
   "type": "Feature",
   "geometry": {
    "type": "Point",
    "coordinates": [
     194151.777,
     547210.132
    ]
   },
   "properties": {
    "pid": "여의도고등학교 운동장-37",
    "school": "여의도고등학교",
    "kind": "운동장 지반",
    "dong": "여의도고등학교 운동장",
    "floor": 0,
    "source": "옥외지반 근사",
    "z_m": 0.0,
    "s2_total_h": 4.67,
    "s2_cont_h": 1.5,
    "s2_pass_a": true,
    "s1_pass_a": true,
    "change_cd": "keep_ok",
    "변화": "유지 충족"
   }
  },
  {
   "type": "Feature",
   "geometry": {
    "type": "Point",
    "coordinates": [
     194183.777,
     547210.132
    ]
   },
   "properties": {
    "pid": "여의도고등학교 운동장-38",
    "school": "여의도고등학교",
    "kind": "운동장 지반",
    "dong": "여의도고등학교 운동장",
    "floor": 0,
    "source": "옥외지반 근사",
    "z_m": 0.0,
    "s2_total_h": 4.33,
    "s2_cont_h": 2.17,
    "s2_pass_a": true,
    "s1_pass_a": true,
    "change_cd": "keep_ok",
    "변화": "유지 충족"
   }
  },
  {
   "type": "Feature",
   "geometry": {
    "type": "Point",
    "coordinates": [
     194191.777,
     547210.132
    ]
   },
   "properties": {
    "pid": "여의도고등학교 운동장-39",
    "school": "여의도고등학교",
    "kind": "운동장 지반",
    "dong": "여의도고등학교 운동장",
    "floor": 0,
    "source": "옥외지반 근사",
    "z_m": 0.0,
    "s2_total_h": 4.67,
    "s2_cont_h": 2.33,
    "s2_pass_a": true,
    "s1_pass_a": true,
    "change_cd": "keep_ok",
    "변화": "유지 충족"
   }
  },
  {
   "type": "Feature",
   "geometry": {
    "type": "Point",
    "coordinates": [
     194199.777,
     547210.132
    ]
   },
   "properties": {
    "pid": "여의도고등학교 운동장-40",
    "school": "여의도고등학교",
    "kind": "운동장 지반",
    "dong": "여의도고등학교 운동장",
    "floor": 0,
    "source": "옥외지반 근사",
    "z_m": 0.0,
    "s2_total_h": 4.33,
    "s2_cont_h": 2.33,
    "s2_pass_a": true,
    "s1_pass_a": true,
    "change_cd": "keep_ok",
    "변화": "유지 충족"
   }
  },
  {
   "type": "Feature",
   "geometry": {
    "type": "Point",
    "coordinates": [
     194207.777,
     547210.132
    ]
   },
   "properties": {
    "pid": "여의도고등학교 운동장-41",
    "school": "여의도고등학교",
    "kind": "운동장 지반",
    "dong": "여의도고등학교 운동장",
    "floor": 0,
    "source": "옥외지반 근사",
    "z_m": 0.0,
    "s2_total_h": 4.5,
    "s2_cont_h": 2.5,
    "s2_pass_a": true,
    "s1_pass_a": true,
    "change_cd": "keep_ok",
    "변화": "유지 충족"
   }
  },
  {
   "type": "Feature",
   "geometry": {
    "type": "Point",
    "coordinates": [
     194215.777,
     547210.132
    ]
   },
   "properties": {
    "pid": "여의도고등학교 운동장-42",
    "school": "여의도고등학교",
    "kind": "운동장 지반",
    "dong": "여의도고등학교 운동장",
    "floor": 0,
    "source": "옥외지반 근사",
    "z_m": 0.0,
    "s2_total_h": 4.83,
    "s2_cont_h": 2.83,
    "s2_pass_a": true,
    "s1_pass_a": true,
    "change_cd": "keep_ok",
    "변화": "유지 충족"
   }
  },
  {
   "type": "Feature",
   "geometry": {
    "type": "Point",
    "coordinates": [
     194223.777,
     547210.132
    ]
   },
   "properties": {
    "pid": "여의도고등학교 운동장-43",
    "school": "여의도고등학교",
    "kind": "운동장 지반",
    "dong": "여의도고등학교 운동장",
    "floor": 0,
    "source": "옥외지반 근사",
    "z_m": 0.0,
    "s2_total_h": 4.67,
    "s2_cont_h": 2.83,
    "s2_pass_a": true,
    "s1_pass_a": true,
    "change_cd": "keep_ok",
    "변화": "유지 충족"
   }
  },
  {
   "type": "Feature",
   "geometry": {
    "type": "Point",
    "coordinates": [
     194231.777,
     547210.132
    ]
   },
   "properties": {
    "pid": "여의도고등학교 운동장-44",
    "school": "여의도고등학교",
    "kind": "운동장 지반",
    "dong": "여의도고등학교 운동장",
    "floor": 0,
    "source": "옥외지반 근사",
    "z_m": 0.0,
    "s2_total_h": 5.0,
    "s2_cont_h": 2.83,
    "s2_pass_a": true,
    "s1_pass_a": true,
    "change_cd": "keep_ok",
    "변화": "유지 충족"
   }
  },
  {
   "type": "Feature",
   "geometry": {
    "type": "Point",
    "coordinates": [
     194239.777,
     547210.132
    ]
   },
   "properties": {
    "pid": "여의도고등학교 운동장-45",
    "school": "여의도고등학교",
    "kind": "운동장 지반",
    "dong": "여의도고등학교 운동장",
    "floor": 0,
    "source": "옥외지반 근사",
    "z_m": 0.0,
    "s2_total_h": 5.17,
    "s2_cont_h": 2.83,
    "s2_pass_a": true,
    "s1_pass_a": true,
    "change_cd": "keep_ok",
    "변화": "유지 충족"
   }
  },
  {
   "type": "Feature",
   "geometry": {
    "type": "Point",
    "coordinates": [
     194127.777,
     547218.132
    ]
   },
   "properties": {
    "pid": "여의도고등학교 운동장-46",
    "school": "여의도고등학교",
    "kind": "운동장 지반",
    "dong": "여의도고등학교 운동장",
    "floor": 0,
    "source": "옥외지반 근사",
    "z_m": 0.0,
    "s2_total_h": 4.67,
    "s2_cont_h": 1.83,
    "s2_pass_a": true,
    "s1_pass_a": true,
    "change_cd": "keep_ok",
    "변화": "유지 충족"
   }
  },
  {
   "type": "Feature",
   "geometry": {
    "type": "Point",
    "coordinates": [
     194135.777,
     547218.132
    ]
   },
   "properties": {
    "pid": "여의도고등학교 운동장-47",
    "school": "여의도고등학교",
    "kind": "운동장 지반",
    "dong": "여의도고등학교 운동장",
    "floor": 0,
    "source": "옥외지반 근사",
    "z_m": 0.0,
    "s2_total_h": 5.17,
    "s2_cont_h": 1.83,
    "s2_pass_a": true,
    "s1_pass_a": true,
    "change_cd": "keep_ok",
    "변화": "유지 충족"
   }
  },
  {
   "type": "Feature",
   "geometry": {
    "type": "Point",
    "coordinates": [
     194143.777,
     547218.132
    ]
   },
   "properties": {
    "pid": "여의도고등학교 운동장-48",
    "school": "여의도고등학교",
    "kind": "운동장 지반",
    "dong": "여의도고등학교 운동장",
    "floor": 0,
    "source": "옥외지반 근사",
    "z_m": 0.0,
    "s2_total_h": 4.67,
    "s2_cont_h": 1.67,
    "s2_pass_a": true,
    "s1_pass_a": true,
    "change_cd": "keep_ok",
    "변화": "유지 충족"
   }
  },
  {
   "type": "Feature",
   "geometry": {
    "type": "Point",
    "coordinates": [
     194151.777,
     547218.132
    ]
   },
   "properties": {
    "pid": "여의도고등학교 운동장-49",
    "school": "여의도고등학교",
    "kind": "운동장 지반",
    "dong": "여의도고등학교 운동장",
    "floor": 0,
    "source": "옥외지반 근사",
    "z_m": 0.0,
    "s2_total_h": 3.17,
    "s2_cont_h": 1.33,
    "s2_pass_a": false,
    "s1_pass_a": false,
    "change_cd": "keep_fail",
    "변화": "유지 불충족"
   }
  },
  {
   "type": "Feature",
   "geometry": {
    "type": "Point",
    "coordinates": [
     194191.777,
     547218.132
    ]
   },
   "properties": {
    "pid": "여의도고등학교 운동장-50",
    "school": "여의도고등학교",
    "kind": "운동장 지반",
    "dong": "여의도고등학교 운동장",
    "floor": 0,
    "source": "옥외지반 근사",
    "z_m": 0.0,
    "s2_total_h": 5.0,
    "s2_cont_h": 2.33,
    "s2_pass_a": true,
    "s1_pass_a": true,
    "change_cd": "keep_ok",
    "변화": "유지 충족"
   }
  },
  {
   "type": "Feature",
   "geometry": {
    "type": "Point",
    "coordinates": [
     194199.777,
     547218.132
    ]
   },
   "properties": {
    "pid": "여의도고등학교 운동장-51",
    "school": "여의도고등학교",
    "kind": "운동장 지반",
    "dong": "여의도고등학교 운동장",
    "floor": 0,
    "source": "옥외지반 근사",
    "z_m": 0.0,
    "s2_total_h": 5.33,
    "s2_cont_h": 2.67,
    "s2_pass_a": true,
    "s1_pass_a": true,
    "change_cd": "keep_ok",
    "변화": "유지 충족"
   }
  },
  {
   "type": "Feature",
   "geometry": {
    "type": "Point",
    "coordinates": [
     194207.777,
     547218.132
    ]
   },
   "properties": {
    "pid": "여의도고등학교 운동장-52",
    "school": "여의도고등학교",
    "kind": "운동장 지반",
    "dong": "여의도고등학교 운동장",
    "floor": 0,
    "source": "옥외지반 근사",
    "z_m": 0.0,
    "s2_total_h": 4.83,
    "s2_cont_h": 2.5,
    "s2_pass_a": true,
    "s1_pass_a": true,
    "change_cd": "keep_ok",
    "변화": "유지 충족"
   }
  },
  {
   "type": "Feature",
   "geometry": {
    "type": "Point",
    "coordinates": [
     194215.777,
     547218.132
    ]
   },
   "properties": {
    "pid": "여의도고등학교 운동장-53",
    "school": "여의도고등학교",
    "kind": "운동장 지반",
    "dong": "여의도고등학교 운동장",
    "floor": 0,
    "source": "옥외지반 근사",
    "z_m": 0.0,
    "s2_total_h": 5.17,
    "s2_cont_h": 2.67,
    "s2_pass_a": true,
    "s1_pass_a": true,
    "change_cd": "keep_ok",
    "변화": "유지 충족"
   }
  },
  {
   "type": "Feature",
   "geometry": {
    "type": "Point",
    "coordinates": [
     194223.777,
     547218.132
    ]
   },
   "properties": {
    "pid": "여의도고등학교 운동장-54",
    "school": "여의도고등학교",
    "kind": "운동장 지반",
    "dong": "여의도고등학교 운동장",
    "floor": 0,
    "source": "옥외지반 근사",
    "z_m": 0.0,
    "s2_total_h": 5.33,
    "s2_cont_h": 2.83,
    "s2_pass_a": true,
    "s1_pass_a": true,
    "change_cd": "keep_ok",
    "변화": "유지 충족"
   }
  },
  {
   "type": "Feature",
   "geometry": {
    "type": "Point",
    "coordinates": [
     194231.777,
     547218.132
    ]
   },
   "properties": {
    "pid": "여의도고등학교 운동장-55",
    "school": "여의도고등학교",
    "kind": "운동장 지반",
    "dong": "여의도고등학교 운동장",
    "floor": 0,
    "source": "옥외지반 근사",
    "z_m": 0.0,
    "s2_total_h": 5.0,
    "s2_cont_h": 2.67,
    "s2_pass_a": true,
    "s1_pass_a": true,
    "change_cd": "keep_ok",
    "변화": "유지 충족"
   }
  },
  {
   "type": "Feature",
   "geometry": {
    "type": "Point",
    "coordinates": [
     194239.777,
     547218.132
    ]
   },
   "properties": {
    "pid": "여의도고등학교 운동장-56",
    "school": "여의도고등학교",
    "kind": "운동장 지반",
    "dong": "여의도고등학교 운동장",
    "floor": 0,
    "source": "옥외지반 근사",
    "z_m": 0.0,
    "s2_total_h": 5.17,
    "s2_cont_h": 2.83,
    "s2_pass_a": true,
    "s1_pass_a": true,
    "change_cd": "keep_ok",
    "변화": "유지 충족"
   }
  },
  {
   "type": "Feature",
   "geometry": {
    "type": "Point",
    "coordinates": [
     194127.777,
     547226.132
    ]
   },
   "properties": {
    "pid": "여의도고등학교 운동장-57",
    "school": "여의도고등학교",
    "kind": "운동장 지반",
    "dong": "여의도고등학교 운동장",
    "floor": 0,
    "source": "옥외지반 근사",
    "z_m": 0.0,
    "s2_total_h": 4.5,
    "s2_cont_h": 1.83,
    "s2_pass_a": true,
    "s1_pass_a": true,
    "change_cd": "keep_ok",
    "변화": "유지 충족"
   }
  },
  {
   "type": "Feature",
   "geometry": {
    "type": "Point",
    "coordinates": [
     194135.777,
     547226.132
    ]
   },
   "properties": {
    "pid": "여의도고등학교 운동장-58",
    "school": "여의도고등학교",
    "kind": "운동장 지반",
    "dong": "여의도고등학교 운동장",
    "floor": 0,
    "source": "옥외지반 근사",
    "z_m": 0.0,
    "s2_total_h": 4.17,
    "s2_cont_h": 1.67,
    "s2_pass_a": true,
    "s1_pass_a": true,
    "change_cd": "keep_ok",
    "변화": "유지 충족"
   }
  },
  {
   "type": "Feature",
   "geometry": {
    "type": "Point",
    "coordinates": [
     194143.777,
     547226.132
    ]
   },
   "properties": {
    "pid": "여의도고등학교 운동장-59",
    "school": "여의도고등학교",
    "kind": "운동장 지반",
    "dong": "여의도고등학교 운동장",
    "floor": 0,
    "source": "옥외지반 근사",
    "z_m": 0.0,
    "s2_total_h": 3.33,
    "s2_cont_h": 1.5,
    "s2_pass_a": false,
    "s1_pass_a": false,
    "change_cd": "keep_fail",
    "변화": "유지 불충족"
   }
  },
  {
   "type": "Feature",
   "geometry": {
    "type": "Point",
    "coordinates": [
     194151.777,
     547226.132
    ]
   },
   "properties": {
    "pid": "여의도고등학교 운동장-60",
    "school": "여의도고등학교",
    "kind": "운동장 지반",
    "dong": "여의도고등학교 운동장",
    "floor": 0,
    "source": "옥외지반 근사",
    "z_m": 0.0,
    "s2_total_h": 2.67,
    "s2_cont_h": 1.33,
    "s2_pass_a": false,
    "s1_pass_a": false,
    "change_cd": "keep_fail",
    "변화": "유지 불충족"
   }
  },
  {
   "type": "Feature",
   "geometry": {
    "type": "Point",
    "coordinates": [
     194159.777,
     547226.132
    ]
   },
   "properties": {
    "pid": "여의도고등학교 운동장-61",
    "school": "여의도고등학교",
    "kind": "운동장 지반",
    "dong": "여의도고등학교 운동장",
    "floor": 0,
    "source": "옥외지반 근사",
    "z_m": 0.0,
    "s2_total_h": 1.33,
    "s2_cont_h": 1.33,
    "s2_pass_a": false,
    "s1_pass_a": false,
    "change_cd": "keep_fail",
    "변화": "유지 불충족"
   }
  },
  {
   "type": "Feature",
   "geometry": {
    "type": "Point",
    "coordinates": [
     194191.777,
     547226.132
    ]
   },
   "properties": {
    "pid": "여의도고등학교 운동장-62",
    "school": "여의도고등학교",
    "kind": "운동장 지반",
    "dong": "여의도고등학교 운동장",
    "floor": 0,
    "source": "옥외지반 근사",
    "z_m": 0.0,
    "s2_total_h": 4.5,
    "s2_cont_h": 2.5,
    "s2_pass_a": true,
    "s1_pass_a": true,
    "change_cd": "keep_ok",
    "변화": "유지 충족"
   }
  },
  {
   "type": "Feature",
   "geometry": {
    "type": "Point",
    "coordinates": [
     194199.777,
     547226.132
    ]
   },
   "properties": {
    "pid": "여의도고등학교 운동장-63",
    "school": "여의도고등학교",
    "kind": "운동장 지반",
    "dong": "여의도고등학교 운동장",
    "floor": 0,
    "source": "옥외지반 근사",
    "z_m": 0.0,
    "s2_total_h": 5.67,
    "s2_cont_h": 2.5,
    "s2_pass_a": true,
    "s1_pass_a": true,
    "change_cd": "keep_ok",
    "변화": "유지 충족"
   }
  },
  {
   "type": "Feature",
   "geometry": {
    "type": "Point",
    "coordinates": [
     194215.777,
     547226.132
    ]
   },
   "properties": {
    "pid": "여의도고등학교 운동장-64",
    "school": "여의도고등학교",
    "kind": "운동장 지반",
    "dong": "여의도고등학교 운동장",
    "floor": 0,
    "source": "옥외지반 근사",
    "z_m": 0.0,
    "s2_total_h": 5.67,
    "s2_cont_h": 5.0,
    "s2_pass_a": true,
    "s1_pass_a": true,
    "change_cd": "keep_ok",
    "변화": "유지 충족"
   }
  },
  {
   "type": "Feature",
   "geometry": {
    "type": "Point",
    "coordinates": [
     194223.777,
     547226.132
    ]
   },
   "properties": {
    "pid": "여의도고등학교 운동장-65",
    "school": "여의도고등학교",
    "kind": "운동장 지반",
    "dong": "여의도고등학교 운동장",
    "floor": 0,
    "source": "옥외지반 근사",
    "z_m": 0.0,
    "s2_total_h": 5.5,
    "s2_cont_h": 5.0,
    "s2_pass_a": true,
    "s1_pass_a": true,
    "change_cd": "keep_ok",
    "변화": "유지 충족"
   }
  },
  {
   "type": "Feature",
   "geometry": {
    "type": "Point",
    "coordinates": [
     194231.777,
     547226.132
    ]
   },
   "properties": {
    "pid": "여의도고등학교 운동장-66",
    "school": "여의도고등학교",
    "kind": "운동장 지반",
    "dong": "여의도고등학교 운동장",
    "floor": 0,
    "source": "옥외지반 근사",
    "z_m": 0.0,
    "s2_total_h": 5.5,
    "s2_cont_h": 5.17,
    "s2_pass_a": true,
    "s1_pass_a": true,
    "change_cd": "keep_ok",
    "변화": "유지 충족"
   }
  },
  {
   "type": "Feature",
   "geometry": {
    "type": "Point",
    "coordinates": [
     194239.777,
     547226.132
    ]
   },
   "properties": {
    "pid": "여의도고등학교 운동장-67",
    "school": "여의도고등학교",
    "kind": "운동장 지반",
    "dong": "여의도고등학교 운동장",
    "floor": 0,
    "source": "옥외지반 근사",
    "z_m": 0.0,
    "s2_total_h": 5.0,
    "s2_cont_h": 5.0,
    "s2_pass_a": true,
    "s1_pass_a": true,
    "change_cd": "keep_ok",
    "변화": "유지 충족"
   }
  },
  {
   "type": "Feature",
   "geometry": {
    "type": "Point",
    "coordinates": [
     194127.777,
     547234.132
    ]
   },
   "properties": {
    "pid": "여의도고등학교 운동장-68",
    "school": "여의도고등학교",
    "kind": "운동장 지반",
    "dong": "여의도고등학교 운동장",
    "floor": 0,
    "source": "옥외지반 근사",
    "z_m": 0.0,
    "s2_total_h": 3.17,
    "s2_cont_h": 1.67,
    "s2_pass_a": false,
    "s1_pass_a": false,
    "change_cd": "keep_fail",
    "변화": "유지 불충족"
   }
  },
  {
   "type": "Feature",
   "geometry": {
    "type": "Point",
    "coordinates": [
     194135.777,
     547234.132
    ]
   },
   "properties": {
    "pid": "여의도고등학교 운동장-69",
    "school": "여의도고등학교",
    "kind": "운동장 지반",
    "dong": "여의도고등학교 운동장",
    "floor": 0,
    "source": "옥외지반 근사",
    "z_m": 0.0,
    "s2_total_h": 3.5,
    "s2_cont_h": 1.5,
    "s2_pass_a": false,
    "s1_pass_a": false,
    "change_cd": "keep_fail",
    "변화": "유지 불충족"
   }
  },
  {
   "type": "Feature",
   "geometry": {
    "type": "Point",
    "coordinates": [
     194143.777,
     547234.132
    ]
   },
   "properties": {
    "pid": "여의도고등학교 운동장-70",
    "school": "여의도고등학교",
    "kind": "운동장 지반",
    "dong": "여의도고등학교 운동장",
    "floor": 0,
    "source": "옥외지반 근사",
    "z_m": 0.0,
    "s2_total_h": 3.17,
    "s2_cont_h": 1.33,
    "s2_pass_a": false,
    "s1_pass_a": false,
    "change_cd": "keep_fail",
    "변화": "유지 불충족"
   }
  },
  {
   "type": "Feature",
   "geometry": {
    "type": "Point",
    "coordinates": [
     194151.777,
     547234.132
    ]
   },
   "properties": {
    "pid": "여의도고등학교 운동장-71",
    "school": "여의도고등학교",
    "kind": "운동장 지반",
    "dong": "여의도고등학교 운동장",
    "floor": 0,
    "source": "옥외지반 근사",
    "z_m": 0.0,
    "s2_total_h": 2.33,
    "s2_cont_h": 1.17,
    "s2_pass_a": false,
    "s1_pass_a": false,
    "change_cd": "keep_fail",
    "변화": "유지 불충족"
   }
  },
  {
   "type": "Feature",
   "geometry": {
    "type": "Point",
    "coordinates": [
     194159.777,
     547234.132
    ]
   },
   "properties": {
    "pid": "여의도고등학교 운동장-72",
    "school": "여의도고등학교",
    "kind": "운동장 지반",
    "dong": "여의도고등학교 운동장",
    "floor": 0,
    "source": "옥외지반 근사",
    "z_m": 0.0,
    "s2_total_h": 1.33,
    "s2_cont_h": 1.17,
    "s2_pass_a": false,
    "s1_pass_a": false,
    "change_cd": "keep_fail",
    "변화": "유지 불충족"
   }
  },
  {
   "type": "Feature",
   "geometry": {
    "type": "Point",
    "coordinates": [
     194167.777,
     547234.132
    ]
   },
   "properties": {
    "pid": "여의도고등학교 운동장-73",
    "school": "여의도고등학교",
    "kind": "운동장 지반",
    "dong": "여의도고등학교 운동장",
    "floor": 0,
    "source": "옥외지반 근사",
    "z_m": 0.0,
    "s2_total_h": 1.17,
    "s2_cont_h": 1.17,
    "s2_pass_a": false,
    "s1_pass_a": false,
    "change_cd": "keep_fail",
    "변화": "유지 불충족"
   }
  },
  {
   "type": "Feature",
   "geometry": {
    "type": "Point",
    "coordinates": [
     194183.777,
     547234.132
    ]
   },
   "properties": {
    "pid": "여의도고등학교 운동장-74",
    "school": "여의도고등학교",
    "kind": "운동장 지반",
    "dong": "여의도고등학교 운동장",
    "floor": 0,
    "source": "옥외지반 근사",
    "z_m": 0.0,
    "s2_total_h": 2.33,
    "s2_cont_h": 2.33,
    "s2_pass_a": true,
    "s1_pass_a": true,
    "change_cd": "keep_ok",
    "변화": "유지 충족"
   }
  },
  {
   "type": "Feature",
   "geometry": {
    "type": "Point",
    "coordinates": [
     194191.777,
     547234.132
    ]
   },
   "properties": {
    "pid": "여의도고등학교 운동장-75",
    "school": "여의도고등학교",
    "kind": "운동장 지반",
    "dong": "여의도고등학교 운동장",
    "floor": 0,
    "source": "옥외지반 근사",
    "z_m": 0.0,
    "s2_total_h": 4.17,
    "s2_cont_h": 4.17,
    "s2_pass_a": true,
    "s1_pass_a": true,
    "change_cd": "keep_ok",
    "변화": "유지 충족"
   }
  },
  {
   "type": "Feature",
   "geometry": {
    "type": "Point",
    "coordinates": [
     194223.777,
     547234.132
    ]
   },
   "properties": {
    "pid": "여의도고등학교 운동장-76",
    "school": "여의도고등학교",
    "kind": "운동장 지반",
    "dong": "여의도고등학교 운동장",
    "floor": 0,
    "source": "옥외지반 근사",
    "z_m": 0.0,
    "s2_total_h": 5.67,
    "s2_cont_h": 5.0,
    "s2_pass_a": true,
    "s1_pass_a": true,
    "change_cd": "keep_ok",
    "변화": "유지 충족"
   }
  },
  {
   "type": "Feature",
   "geometry": {
    "type": "Point",
    "coordinates": [
     194231.777,
     547234.132
    ]
   },
   "properties": {
    "pid": "여의도고등학교 운동장-77",
    "school": "여의도고등학교",
    "kind": "운동장 지반",
    "dong": "여의도고등학교 운동장",
    "floor": 0,
    "source": "옥외지반 근사",
    "z_m": 0.0,
    "s2_total_h": 5.5,
    "s2_cont_h": 5.0,
    "s2_pass_a": true,
    "s1_pass_a": true,
    "change_cd": "keep_ok",
    "변화": "유지 충족"
   }
  },
  {
   "type": "Feature",
   "geometry": {
    "type": "Point",
    "coordinates": [
     194239.777,
     547234.132
    ]
   },
   "properties": {
    "pid": "여의도고등학교 운동장-78",
    "school": "여의도고등학교",
    "kind": "운동장 지반",
    "dong": "여의도고등학교 운동장",
    "floor": 0,
    "source": "옥외지반 근사",
    "z_m": 0.0,
    "s2_total_h": 5.33,
    "s2_cont_h": 4.83,
    "s2_pass_a": true,
    "s1_pass_a": true,
    "change_cd": "keep_ok",
    "변화": "유지 충족"
   }
  },
  {
   "type": "Feature",
   "geometry": {
    "type": "Point",
    "coordinates": [
     194247.777,
     547234.132
    ]
   },
   "properties": {
    "pid": "여의도고등학교 운동장-79",
    "school": "여의도고등학교",
    "kind": "운동장 지반",
    "dong": "여의도고등학교 운동장",
    "floor": 0,
    "source": "옥외지반 근사",
    "z_m": 0.0,
    "s2_total_h": 5.17,
    "s2_cont_h": 4.83,
    "s2_pass_a": true,
    "s1_pass_a": true,
    "change_cd": "keep_ok",
    "변화": "유지 충족"
   }
  },
  {
   "type": "Feature",
   "geometry": {
    "type": "Point",
    "coordinates": [
     194127.777,
     547242.132
    ]
   },
   "properties": {
    "pid": "여의도고등학교 운동장-80",
    "school": "여의도고등학교",
    "kind": "운동장 지반",
    "dong": "여의도고등학교 운동장",
    "floor": 0,
    "source": "옥외지반 근사",
    "z_m": 0.0,
    "s2_total_h": 3.0,
    "s2_cont_h": 1.67,
    "s2_pass_a": false,
    "s1_pass_a": false,
    "change_cd": "keep_fail",
    "변화": "유지 불충족"
   }
  },
  {
   "type": "Feature",
   "geometry": {
    "type": "Point",
    "coordinates": [
     194135.777,
     547242.132
    ]
   },
   "properties": {
    "pid": "여의도고등학교 운동장-81",
    "school": "여의도고등학교",
    "kind": "운동장 지반",
    "dong": "여의도고등학교 운동장",
    "floor": 0,
    "source": "옥외지반 근사",
    "z_m": 0.0,
    "s2_total_h": 3.0,
    "s2_cont_h": 1.5,
    "s2_pass_a": false,
    "s1_pass_a": false,
    "change_cd": "keep_fail",
    "변화": "유지 불충족"
   }
  },
  {
   "type": "Feature",
   "geometry": {
    "type": "Point",
    "coordinates": [
     194143.777,
     547242.132
    ]
   },
   "properties": {
    "pid": "여의도고등학교 운동장-82",
    "school": "여의도고등학교",
    "kind": "운동장 지반",
    "dong": "여의도고등학교 운동장",
    "floor": 0,
    "source": "옥외지반 근사",
    "z_m": 0.0,
    "s2_total_h": 3.0,
    "s2_cont_h": 1.33,
    "s2_pass_a": false,
    "s1_pass_a": false,
    "change_cd": "keep_fail",
    "변화": "유지 불충족"
   }
  },
  {
   "type": "Feature",
   "geometry": {
    "type": "Point",
    "coordinates": [
     194151.777,
     547242.132
    ]
   },
   "properties": {
    "pid": "여의도고등학교 운동장-83",
    "school": "여의도고등학교",
    "kind": "운동장 지반",
    "dong": "여의도고등학교 운동장",
    "floor": 0,
    "source": "옥외지반 근사",
    "z_m": 0.0,
    "s2_total_h": 2.83,
    "s2_cont_h": 1.17,
    "s2_pass_a": false,
    "s1_pass_a": false,
    "change_cd": "keep_fail",
    "변화": "유지 불충족"
   }
  },
  {
   "type": "Feature",
   "geometry": {
    "type": "Point",
    "coordinates": [
     194159.777,
     547242.132
    ]
   },
   "properties": {
    "pid": "여의도고등학교 운동장-84",
    "school": "여의도고등학교",
    "kind": "운동장 지반",
    "dong": "여의도고등학교 운동장",
    "floor": 0,
    "source": "옥외지반 근사",
    "z_m": 0.0,
    "s2_total_h": 2.17,
    "s2_cont_h": 1.17,
    "s2_pass_a": false,
    "s1_pass_a": false,
    "change_cd": "keep_fail",
    "변화": "유지 불충족"
   }
  },
  {
   "type": "Feature",
   "geometry": {
    "type": "Point",
    "coordinates": [
     194167.777,
     547242.132
    ]
   },
   "properties": {
    "pid": "여의도고등학교 운동장-85",
    "school": "여의도고등학교",
    "kind": "운동장 지반",
    "dong": "여의도고등학교 운동장",
    "floor": 0,
    "source": "옥외지반 근사",
    "z_m": 0.0,
    "s2_total_h": 1.33,
    "s2_cont_h": 1.17,
    "s2_pass_a": false,
    "s1_pass_a": false,
    "change_cd": "keep_fail",
    "변화": "유지 불충족"
   }
  },
  {
   "type": "Feature",
   "geometry": {
    "type": "Point",
    "coordinates": [
     194175.777,
     547242.132
    ]
   },
   "properties": {
    "pid": "여의도고등학교 운동장-86",
    "school": "여의도고등학교",
    "kind": "운동장 지반",
    "dong": "여의도고등학교 운동장",
    "floor": 0,
    "source": "옥외지반 근사",
    "z_m": 0.0,
    "s2_total_h": 2.67,
    "s2_cont_h": 1.83,
    "s2_pass_a": false,
    "s1_pass_a": false,
    "change_cd": "keep_fail",
    "변화": "유지 불충족"
   }
  },
  {
   "type": "Feature",
   "geometry": {
    "type": "Point",
    "coordinates": [
     194183.777,
     547242.132
    ]
   },
   "properties": {
    "pid": "여의도고등학교 운동장-87",
    "school": "여의도고등학교",
    "kind": "운동장 지반",
    "dong": "여의도고등학교 운동장",
    "floor": 0,
    "source": "옥외지반 근사",
    "z_m": 0.0,
    "s2_total_h": 3.0,
    "s2_cont_h": 3.0,
    "s2_pass_a": true,
    "s1_pass_a": true,
    "change_cd": "keep_ok",
    "변화": "유지 충족"
   }
  },
  {
   "type": "Feature",
   "geometry": {
    "type": "Point",
    "coordinates": [
     194191.777,
     547242.132
    ]
   },
   "properties": {
    "pid": "여의도고등학교 운동장-88",
    "school": "여의도고등학교",
    "kind": "운동장 지반",
    "dong": "여의도고등학교 운동장",
    "floor": 0,
    "source": "옥외지반 근사",
    "z_m": 0.0,
    "s2_total_h": 3.33,
    "s2_cont_h": 3.33,
    "s2_pass_a": true,
    "s1_pass_a": true,
    "change_cd": "keep_ok",
    "변화": "유지 충족"
   }
  },
  {
   "type": "Feature",
   "geometry": {
    "type": "Point",
    "coordinates": [
     194231.777,
     547242.132
    ]
   },
   "properties": {
    "pid": "여의도고등학교 운동장-89",
    "school": "여의도고등학교",
    "kind": "운동장 지반",
    "dong": "여의도고등학교 운동장",
    "floor": 0,
    "source": "옥외지반 근사",
    "z_m": 0.0,
    "s2_total_h": 5.5,
    "s2_cont_h": 4.67,
    "s2_pass_a": true,
    "s1_pass_a": true,
    "change_cd": "keep_ok",
    "변화": "유지 충족"
   }
  },
  {
   "type": "Feature",
   "geometry": {
    "type": "Point",
    "coordinates": [
     194239.777,
     547242.132
    ]
   },
   "properties": {
    "pid": "여의도고등학교 운동장-90",
    "school": "여의도고등학교",
    "kind": "운동장 지반",
    "dong": "여의도고등학교 운동장",
    "floor": 0,
    "source": "옥외지반 근사",
    "z_m": 0.0,
    "s2_total_h": 5.5,
    "s2_cont_h": 4.67,
    "s2_pass_a": true,
    "s1_pass_a": true,
    "change_cd": "keep_ok",
    "변화": "유지 충족"
   }
  },
  {
   "type": "Feature",
   "geometry": {
    "type": "Point",
    "coordinates": [
     194247.777,
     547242.132
    ]
   },
   "properties": {
    "pid": "여의도고등학교 운동장-91",
    "school": "여의도고등학교",
    "kind": "운동장 지반",
    "dong": "여의도고등학교 운동장",
    "floor": 0,
    "source": "옥외지반 근사",
    "z_m": 0.0,
    "s2_total_h": 5.33,
    "s2_cont_h": 4.5,
    "s2_pass_a": true,
    "s1_pass_a": true,
    "change_cd": "keep_ok",
    "변화": "유지 충족"
   }
  },
  {
   "type": "Feature",
   "geometry": {
    "type": "Point",
    "coordinates": [
     194255.777,
     547242.132
    ]
   },
   "properties": {
    "pid": "여의도고등학교 운동장-92",
    "school": "여의도고등학교",
    "kind": "운동장 지반",
    "dong": "여의도고등학교 운동장",
    "floor": 0,
    "source": "옥외지반 근사",
    "z_m": 0.0,
    "s2_total_h": 4.83,
    "s2_cont_h": 4.17,
    "s2_pass_a": true,
    "s1_pass_a": true,
    "change_cd": "keep_ok",
    "변화": "유지 충족"
   }
  },
  {
   "type": "Feature",
   "geometry": {
    "type": "Point",
    "coordinates": [
     194127.777,
     547250.132
    ]
   },
   "properties": {
    "pid": "여의도고등학교 운동장-93",
    "school": "여의도고등학교",
    "kind": "운동장 지반",
    "dong": "여의도고등학교 운동장",
    "floor": 0,
    "source": "옥외지반 근사",
    "z_m": 0.0,
    "s2_total_h": 3.5,
    "s2_cont_h": 1.83,
    "s2_pass_a": false,
    "s1_pass_a": false,
    "change_cd": "keep_fail",
    "변화": "유지 불충족"
   }
  },
  {
   "type": "Feature",
   "geometry": {
    "type": "Point",
    "coordinates": [
     194135.777,
     547250.132
    ]
   },
   "properties": {
    "pid": "여의도고등학교 운동장-94",
    "school": "여의도고등학교",
    "kind": "운동장 지반",
    "dong": "여의도고등학교 운동장",
    "floor": 0,
    "source": "옥외지반 근사",
    "z_m": 0.0,
    "s2_total_h": 3.5,
    "s2_cont_h": 2.0,
    "s2_pass_a": true,
    "s1_pass_a": true,
    "change_cd": "keep_ok",
    "변화": "유지 충족"
   }
  },
  {
   "type": "Feature",
   "geometry": {
    "type": "Point",
    "coordinates": [
     194143.777,
     547250.132
    ]
   },
   "properties": {
    "pid": "여의도고등학교 운동장-95",
    "school": "여의도고등학교",
    "kind": "운동장 지반",
    "dong": "여의도고등학교 운동장",
    "floor": 0,
    "source": "옥외지반 근사",
    "z_m": 0.0,
    "s2_total_h": 3.67,
    "s2_cont_h": 2.5,
    "s2_pass_a": true,
    "s1_pass_a": true,
    "change_cd": "keep_ok",
    "변화": "유지 충족"
   }
  },
  {
   "type": "Feature",
   "geometry": {
    "type": "Point",
    "coordinates": [
     194151.777,
     547250.132
    ]
   },
   "properties": {
    "pid": "여의도고등학교 운동장-96",
    "school": "여의도고등학교",
    "kind": "운동장 지반",
    "dong": "여의도고등학교 운동장",
    "floor": 0,
    "source": "옥외지반 근사",
    "z_m": 0.0,
    "s2_total_h": 3.67,
    "s2_cont_h": 2.0,
    "s2_pass_a": true,
    "s1_pass_a": true,
    "change_cd": "keep_ok",
    "변화": "유지 충족"
   }
  },
  {
   "type": "Feature",
   "geometry": {
    "type": "Point",
    "coordinates": [
     194159.777,
     547250.132
    ]
   },
   "properties": {
    "pid": "여의도고등학교 운동장-97",
    "school": "여의도고등학교",
    "kind": "운동장 지반",
    "dong": "여의도고등학교 운동장",
    "floor": 0,
    "source": "옥외지반 근사",
    "z_m": 0.0,
    "s2_total_h": 3.33,
    "s2_cont_h": 1.5,
    "s2_pass_a": false,
    "s1_pass_a": false,
    "change_cd": "keep_fail",
    "변화": "유지 불충족"
   }
  },
  {
   "type": "Feature",
   "geometry": {
    "type": "Point",
    "coordinates": [
     194167.777,
     547250.132
    ]
   },
   "properties": {
    "pid": "여의도고등학교 운동장-98",
    "school": "여의도고등학교",
    "kind": "운동장 지반",
    "dong": "여의도고등학교 운동장",
    "floor": 0,
    "source": "옥외지반 근사",
    "z_m": 0.0,
    "s2_total_h": 3.83,
    "s2_cont_h": 1.5,
    "s2_pass_a": false,
    "s1_pass_a": false,
    "change_cd": "keep_fail",
    "변화": "유지 불충족"
   }
  },
  {
   "type": "Feature",
   "geometry": {
    "type": "Point",
    "coordinates": [
     194175.777,
     547250.132
    ]
   },
   "properties": {
    "pid": "여의도고등학교 운동장-99",
    "school": "여의도고등학교",
    "kind": "운동장 지반",
    "dong": "여의도고등학교 운동장",
    "floor": 0,
    "source": "옥외지반 근사",
    "z_m": 0.0,
    "s2_total_h": 3.67,
    "s2_cont_h": 2.33,
    "s2_pass_a": true,
    "s1_pass_a": true,
    "change_cd": "keep_ok",
    "변화": "유지 충족"
   }
  },
  {
   "type": "Feature",
   "geometry": {
    "type": "Point",
    "coordinates": [
     194183.777,
     547250.132
    ]
   },
   "properties": {
    "pid": "여의도고등학교 운동장-100",
    "school": "여의도고등학교",
    "kind": "운동장 지반",
    "dong": "여의도고등학교 운동장",
    "floor": 0,
    "source": "옥외지반 근사",
    "z_m": 0.0,
    "s2_total_h": 3.5,
    "s2_cont_h": 2.83,
    "s2_pass_a": true,
    "s1_pass_a": true,
    "change_cd": "keep_ok",
    "변화": "유지 충족"
   }
  },
  {
   "type": "Feature",
   "geometry": {
    "type": "Point",
    "coordinates": [
     194191.777,
     547250.132
    ]
   },
   "properties": {
    "pid": "여의도고등학교 운동장-101",
    "school": "여의도고등학교",
    "kind": "운동장 지반",
    "dong": "여의도고등학교 운동장",
    "floor": 0,
    "source": "옥외지반 근사",
    "z_m": 0.0,
    "s2_total_h": 2.17,
    "s2_cont_h": 2.0,
    "s2_pass_a": true,
    "s1_pass_a": true,
    "change_cd": "keep_ok",
    "변화": "유지 충족"
   }
  },
  {
   "type": "Feature",
   "geometry": {
    "type": "Point",
    "coordinates": [
     194199.777,
     547250.132
    ]
   },
   "properties": {
    "pid": "여의도고등학교 운동장-102",
    "school": "여의도고등학교",
    "kind": "운동장 지반",
    "dong": "여의도고등학교 운동장",
    "floor": 0,
    "source": "옥외지반 근사",
    "z_m": 0.0,
    "s2_total_h": 0.0,
    "s2_cont_h": 0.0,
    "s2_pass_a": false,
    "s1_pass_a": false,
    "change_cd": "keep_fail",
    "변화": "유지 불충족"
   }
  },
  {
   "type": "Feature",
   "geometry": {
    "type": "Point",
    "coordinates": [
     194247.777,
     547250.132
    ]
   },
   "properties": {
    "pid": "여의도고등학교 운동장-103",
    "school": "여의도고등학교",
    "kind": "운동장 지반",
    "dong": "여의도고등학교 운동장",
    "floor": 0,
    "source": "옥외지반 근사",
    "z_m": 0.0,
    "s2_total_h": 5.0,
    "s2_cont_h": 4.0,
    "s2_pass_a": true,
    "s1_pass_a": true,
    "change_cd": "keep_ok",
    "변화": "유지 충족"
   }
  },
  {
   "type": "Feature",
   "geometry": {
    "type": "Point",
    "coordinates": [
     194255.777,
     547250.132
    ]
   },
   "properties": {
    "pid": "여의도고등학교 운동장-104",
    "school": "여의도고등학교",
    "kind": "운동장 지반",
    "dong": "여의도고등학교 운동장",
    "floor": 0,
    "source": "옥외지반 근사",
    "z_m": 0.0,
    "s2_total_h": 5.17,
    "s2_cont_h": 3.33,
    "s2_pass_a": true,
    "s1_pass_a": true,
    "change_cd": "keep_ok",
    "변화": "유지 충족"
   }
  },
  {
   "type": "Feature",
   "geometry": {
    "type": "Point",
    "coordinates": [
     194263.777,
     547250.132
    ]
   },
   "properties": {
    "pid": "여의도고등학교 운동장-105",
    "school": "여의도고등학교",
    "kind": "운동장 지반",
    "dong": "여의도고등학교 운동장",
    "floor": 0,
    "source": "옥외지반 근사",
    "z_m": 0.0,
    "s2_total_h": 5.0,
    "s2_cont_h": 2.5,
    "s2_pass_a": true,
    "s1_pass_a": true,
    "change_cd": "keep_ok",
    "변화": "유지 충족"
   }
  },
  {
   "type": "Feature",
   "geometry": {
    "type": "Point",
    "coordinates": [
     194127.777,
     547258.132
    ]
   },
   "properties": {
    "pid": "여의도고등학교 운동장-106",
    "school": "여의도고등학교",
    "kind": "운동장 지반",
    "dong": "여의도고등학교 운동장",
    "floor": 0,
    "source": "옥외지반 근사",
    "z_m": 0.0,
    "s2_total_h": 3.83,
    "s2_cont_h": 3.0,
    "s2_pass_a": true,
    "s1_pass_a": true,
    "change_cd": "keep_ok",
    "변화": "유지 충족"
   }
  },
  {
   "type": "Feature",
   "geometry": {
    "type": "Point",
    "coordinates": [
     194135.777,
     547258.132
    ]
   },
   "properties": {
    "pid": "여의도고등학교 운동장-107",
    "school": "여의도고등학교",
    "kind": "운동장 지반",
    "dong": "여의도고등학교 운동장",
    "floor": 0,
    "source": "옥외지반 근사",
    "z_m": 0.0,
    "s2_total_h": 3.83,
    "s2_cont_h": 3.0,
    "s2_pass_a": true,
    "s1_pass_a": true,
    "change_cd": "keep_ok",
    "변화": "유지 충족"
   }
  },
  {
   "type": "Feature",
   "geometry": {
    "type": "Point",
    "coordinates": [
     194143.777,
     547258.132
    ]
   },
   "properties": {
    "pid": "여의도고등학교 운동장-108",
    "school": "여의도고등학교",
    "kind": "운동장 지반",
    "dong": "여의도고등학교 운동장",
    "floor": 0,
    "source": "옥외지반 근사",
    "z_m": 0.0,
    "s2_total_h": 4.17,
    "s2_cont_h": 2.83,
    "s2_pass_a": true,
    "s1_pass_a": true,
    "change_cd": "keep_ok",
    "변화": "유지 충족"
   }
  },
  {
   "type": "Feature",
   "geometry": {
    "type": "Point",
    "coordinates": [
     194151.777,
     547258.132
    ]
   },
   "properties": {
    "pid": "여의도고등학교 운동장-109",
    "school": "여의도고등학교",
    "kind": "운동장 지반",
    "dong": "여의도고등학교 운동장",
    "floor": 0,
    "source": "옥외지반 근사",
    "z_m": 0.0,
    "s2_total_h": 4.5,
    "s2_cont_h": 2.5,
    "s2_pass_a": true,
    "s1_pass_a": true,
    "change_cd": "keep_ok",
    "변화": "유지 충족"
   }
  },
  {
   "type": "Feature",
   "geometry": {
    "type": "Point",
    "coordinates": [
     194159.777,
     547258.132
    ]
   },
   "properties": {
    "pid": "여의도고등학교 운동장-110",
    "school": "여의도고등학교",
    "kind": "운동장 지반",
    "dong": "여의도고등학교 운동장",
    "floor": 0,
    "source": "옥외지반 근사",
    "z_m": 0.0,
    "s2_total_h": 5.33,
    "s2_cont_h": 2.33,
    "s2_pass_a": true,
    "s1_pass_a": true,
    "change_cd": "keep_ok",
    "변화": "유지 충족"
   }
  },
  {
   "type": "Feature",
   "geometry": {
    "type": "Point",
    "coordinates": [
     194167.777,
     547258.132
    ]
   },
   "properties": {
    "pid": "여의도고등학교 운동장-111",
    "school": "여의도고등학교",
    "kind": "운동장 지반",
    "dong": "여의도고등학교 운동장",
    "floor": 0,
    "source": "옥외지반 근사",
    "z_m": 0.0,
    "s2_total_h": 5.33,
    "s2_cont_h": 1.83,
    "s2_pass_a": true,
    "s1_pass_a": true,
    "change_cd": "keep_ok",
    "변화": "유지 충족"
   }
  },
  {
   "type": "Feature",
   "geometry": {
    "type": "Point",
    "coordinates": [
     194175.777,
     547258.132
    ]
   },
   "properties": {
    "pid": "여의도고등학교 운동장-112",
    "school": "여의도고등학교",
    "kind": "운동장 지반",
    "dong": "여의도고등학교 운동장",
    "floor": 0,
    "source": "옥외지반 근사",
    "z_m": 0.0,
    "s2_total_h": 5.33,
    "s2_cont_h": 3.5,
    "s2_pass_a": true,
    "s1_pass_a": true,
    "change_cd": "keep_ok",
    "변화": "유지 충족"
   }
  },
  {
   "type": "Feature",
   "geometry": {
    "type": "Point",
    "coordinates": [
     194183.777,
     547258.132
    ]
   },
   "properties": {
    "pid": "여의도고등학교 운동장-113",
    "school": "여의도고등학교",
    "kind": "운동장 지반",
    "dong": "여의도고등학교 운동장",
    "floor": 0,
    "source": "옥외지반 근사",
    "z_m": 0.0,
    "s2_total_h": 4.5,
    "s2_cont_h": 2.83,
    "s2_pass_a": true,
    "s1_pass_a": true,
    "change_cd": "keep_ok",
    "변화": "유지 충족"
   }
  },
  {
   "type": "Feature",
   "geometry": {
    "type": "Point",
    "coordinates": [
     194191.777,
     547258.132
    ]
   },
   "properties": {
    "pid": "여의도고등학교 운동장-114",
    "school": "여의도고등학교",
    "kind": "운동장 지반",
    "dong": "여의도고등학교 운동장",
    "floor": 0,
    "source": "옥외지반 근사",
    "z_m": 0.0,
    "s2_total_h": 2.83,
    "s2_cont_h": 1.17,
    "s2_pass_a": false,
    "s1_pass_a": false,
    "change_cd": "keep_fail",
    "변화": "유지 불충족"
   }
  },
  {
   "type": "Feature",
   "geometry": {
    "type": "Point",
    "coordinates": [
     194247.777,
     547258.132
    ]
   },
   "properties": {
    "pid": "여의도고등학교 운동장-115",
    "school": "여의도고등학교",
    "kind": "운동장 지반",
    "dong": "여의도고등학교 운동장",
    "floor": 0,
    "source": "옥외지반 근사",
    "z_m": 0.0,
    "s2_total_h": 5.33,
    "s2_cont_h": 3.67,
    "s2_pass_a": true,
    "s1_pass_a": true,
    "change_cd": "keep_ok",
    "변화": "유지 충족"
   }
  },
  {
   "type": "Feature",
   "geometry": {
    "type": "Point",
    "coordinates": [
     194255.777,
     547258.132
    ]
   },
   "properties": {
    "pid": "여의도고등학교 운동장-116",
    "school": "여의도고등학교",
    "kind": "운동장 지반",
    "dong": "여의도고등학교 운동장",
    "floor": 0,
    "source": "옥외지반 근사",
    "z_m": 0.0,
    "s2_total_h": 5.83,
    "s2_cont_h": 3.0,
    "s2_pass_a": true,
    "s1_pass_a": true,
    "change_cd": "keep_ok",
    "변화": "유지 충족"
   }
  },
  {
   "type": "Feature",
   "geometry": {
    "type": "Point",
    "coordinates": [
     194263.777,
     547258.132
    ]
   },
   "properties": {
    "pid": "여의도고등학교 운동장-117",
    "school": "여의도고등학교",
    "kind": "운동장 지반",
    "dong": "여의도고등학교 운동장",
    "floor": 0,
    "source": "옥외지반 근사",
    "z_m": 0.0,
    "s2_total_h": 6.0,
    "s2_cont_h": 2.5,
    "s2_pass_a": true,
    "s1_pass_a": true,
    "change_cd": "keep_ok",
    "변화": "유지 충족"
   }
  },
  {
   "type": "Feature",
   "geometry": {
    "type": "Point",
    "coordinates": [
     194127.777,
     547266.132
    ]
   },
   "properties": {
    "pid": "여의도고등학교 운동장-118",
    "school": "여의도고등학교",
    "kind": "운동장 지반",
    "dong": "여의도고등학교 운동장",
    "floor": 0,
    "source": "옥외지반 근사",
    "z_m": 0.0,
    "s2_total_h": 4.5,
    "s2_cont_h": 3.33,
    "s2_pass_a": true,
    "s1_pass_a": true,
    "change_cd": "keep_ok",
    "변화": "유지 충족"
   }
  },
  {
   "type": "Feature",
   "geometry": {
    "type": "Point",
    "coordinates": [
     194135.777,
     547266.132
    ]
   },
   "properties": {
    "pid": "여의도고등학교 운동장-119",
    "school": "여의도고등학교",
    "kind": "운동장 지반",
    "dong": "여의도고등학교 운동장",
    "floor": 0,
    "source": "옥외지반 근사",
    "z_m": 0.0,
    "s2_total_h": 4.17,
    "s2_cont_h": 3.17,
    "s2_pass_a": true,
    "s1_pass_a": true,
    "change_cd": "keep_ok",
    "변화": "유지 충족"
   }
  },
  {
   "type": "Feature",
   "geometry": {
    "type": "Point",
    "coordinates": [
     194143.777,
     547266.132
    ]
   },
   "properties": {
    "pid": "여의도고등학교 운동장-120",
    "school": "여의도고등학교",
    "kind": "운동장 지반",
    "dong": "여의도고등학교 운동장",
    "floor": 0,
    "source": "옥외지반 근사",
    "z_m": 0.0,
    "s2_total_h": 5.0,
    "s2_cont_h": 3.17,
    "s2_pass_a": true,
    "s1_pass_a": true,
    "change_cd": "keep_ok",
    "변화": "유지 충족"
   }
  },
  {
   "type": "Feature",
   "geometry": {
    "type": "Point",
    "coordinates": [
     194151.777,
     547266.132
    ]
   },
   "properties": {
    "pid": "여의도고등학교 운동장-121",
    "school": "여의도고등학교",
    "kind": "운동장 지반",
    "dong": "여의도고등학교 운동장",
    "floor": 0,
    "source": "옥외지반 근사",
    "z_m": 0.0,
    "s2_total_h": 5.5,
    "s2_cont_h": 4.33,
    "s2_pass_a": true,
    "s1_pass_a": true,
    "change_cd": "keep_ok",
    "변화": "유지 충족"
   }
  },
  {
   "type": "Feature",
   "geometry": {
    "type": "Point",
    "coordinates": [
     194159.777,
     547266.132
    ]
   },
   "properties": {
    "pid": "여의도고등학교 운동장-122",
    "school": "여의도고등학교",
    "kind": "운동장 지반",
    "dong": "여의도고등학교 운동장",
    "floor": 0,
    "source": "옥외지반 근사",
    "z_m": 0.0,
    "s2_total_h": 5.5,
    "s2_cont_h": 3.83,
    "s2_pass_a": true,
    "s1_pass_a": true,
    "change_cd": "keep_ok",
    "변화": "유지 충족"
   }
  },
  {
   "type": "Feature",
   "geometry": {
    "type": "Point",
    "coordinates": [
     194167.777,
     547266.132
    ]
   },
   "properties": {
    "pid": "여의도고등학교 운동장-123",
    "school": "여의도고등학교",
    "kind": "운동장 지반",
    "dong": "여의도고등학교 운동장",
    "floor": 0,
    "source": "옥외지반 근사",
    "z_m": 0.0,
    "s2_total_h": 5.5,
    "s2_cont_h": 3.5,
    "s2_pass_a": true,
    "s1_pass_a": true,
    "change_cd": "keep_ok",
    "변화": "유지 충족"
   }
  },
  {
   "type": "Feature",
   "geometry": {
    "type": "Point",
    "coordinates": [
     194175.777,
     547266.132
    ]
   },
   "properties": {
    "pid": "여의도고등학교 운동장-124",
    "school": "여의도고등학교",
    "kind": "운동장 지반",
    "dong": "여의도고등학교 운동장",
    "floor": 0,
    "source": "옥외지반 근사",
    "z_m": 0.0,
    "s2_total_h": 4.83,
    "s2_cont_h": 3.17,
    "s2_pass_a": true,
    "s1_pass_a": true,
    "change_cd": "keep_ok",
    "변화": "유지 충족"
   }
  },
  {
   "type": "Feature",
   "geometry": {
    "type": "Point",
    "coordinates": [
     194183.777,
     547266.132
    ]
   },
   "properties": {
    "pid": "여의도고등학교 운동장-125",
    "school": "여의도고등학교",
    "kind": "운동장 지반",
    "dong": "여의도고등학교 운동장",
    "floor": 0,
    "source": "옥외지반 근사",
    "z_m": 0.0,
    "s2_total_h": 3.83,
    "s2_cont_h": 2.17,
    "s2_pass_a": true,
    "s1_pass_a": true,
    "change_cd": "keep_ok",
    "변화": "유지 충족"
   }
  },
  {
   "type": "Feature",
   "geometry": {
    "type": "Point",
    "coordinates": [
     194239.777,
     547266.132
    ]
   },
   "properties": {
    "pid": "여의도고등학교 운동장-126",
    "school": "여의도고등학교",
    "kind": "운동장 지반",
    "dong": "여의도고등학교 운동장",
    "floor": 0,
    "source": "옥외지반 근사",
    "z_m": 0.0,
    "s2_total_h": 2.67,
    "s2_cont_h": 1.67,
    "s2_pass_a": false,
    "s1_pass_a": false,
    "change_cd": "keep_fail",
    "변화": "유지 불충족"
   }
  },
  {
   "type": "Feature",
   "geometry": {
    "type": "Point",
    "coordinates": [
     194247.777,
     547266.132
    ]
   },
   "properties": {
    "pid": "여의도고등학교 운동장-127",
    "school": "여의도고등학교",
    "kind": "운동장 지반",
    "dong": "여의도고등학교 운동장",
    "floor": 0,
    "source": "옥외지반 근사",
    "z_m": 0.0,
    "s2_total_h": 5.17,
    "s2_cont_h": 3.5,
    "s2_pass_a": true,
    "s1_pass_a": true,
    "change_cd": "keep_ok",
    "변화": "유지 충족"
   }
  },
  {
   "type": "Feature",
   "geometry": {
    "type": "Point",
    "coordinates": [
     194255.777,
     547266.132
    ]
   },
   "properties": {
    "pid": "여의도고등학교 운동장-128",
    "school": "여의도고등학교",
    "kind": "운동장 지반",
    "dong": "여의도고등학교 운동장",
    "floor": 0,
    "source": "옥외지반 근사",
    "z_m": 0.0,
    "s2_total_h": 6.33,
    "s2_cont_h": 3.33,
    "s2_pass_a": true,
    "s1_pass_a": true,
    "change_cd": "keep_ok",
    "변화": "유지 충족"
   }
  },
  {
   "type": "Feature",
   "geometry": {
    "type": "Point",
    "coordinates": [
     194263.777,
     547266.132
    ]
   },
   "properties": {
    "pid": "여의도고등학교 운동장-129",
    "school": "여의도고등학교",
    "kind": "운동장 지반",
    "dong": "여의도고등학교 운동장",
    "floor": 0,
    "source": "옥외지반 근사",
    "z_m": 0.0,
    "s2_total_h": 7.33,
    "s2_cont_h": 6.17,
    "s2_pass_a": true,
    "s1_pass_a": true,
    "change_cd": "keep_ok",
    "변화": "유지 충족"
   }
  },
  {
   "type": "Feature",
   "geometry": {
    "type": "Point",
    "coordinates": [
     194271.777,
     547266.132
    ]
   },
   "properties": {
    "pid": "여의도고등학교 운동장-130",
    "school": "여의도고등학교",
    "kind": "운동장 지반",
    "dong": "여의도고등학교 운동장",
    "floor": 0,
    "source": "옥외지반 근사",
    "z_m": 0.0,
    "s2_total_h": 7.17,
    "s2_cont_h": 6.17,
    "s2_pass_a": true,
    "s1_pass_a": true,
    "change_cd": "keep_ok",
    "변화": "유지 충족"
   }
  },
  {
   "type": "Feature",
   "geometry": {
    "type": "Point",
    "coordinates": [
     194119.777,
     547274.132
    ]
   },
   "properties": {
    "pid": "여의도고등학교 운동장-131",
    "school": "여의도고등학교",
    "kind": "운동장 지반",
    "dong": "여의도고등학교 운동장",
    "floor": 0,
    "source": "옥외지반 근사",
    "z_m": 0.0,
    "s2_total_h": 5.0,
    "s2_cont_h": 4.17,
    "s2_pass_a": true,
    "s1_pass_a": true,
    "change_cd": "keep_ok",
    "변화": "유지 충족"
   }
  },
  {
   "type": "Feature",
   "geometry": {
    "type": "Point",
    "coordinates": [
     194127.777,
     547274.132
    ]
   },
   "properties": {
    "pid": "여의도고등학교 운동장-132",
    "school": "여의도고등학교",
    "kind": "운동장 지반",
    "dong": "여의도고등학교 운동장",
    "floor": 0,
    "source": "옥외지반 근사",
    "z_m": 0.0,
    "s2_total_h": 5.17,
    "s2_cont_h": 4.5,
    "s2_pass_a": true,
    "s1_pass_a": true,
    "change_cd": "keep_ok",
    "변화": "유지 충족"
   }
  },
  {
   "type": "Feature",
   "geometry": {
    "type": "Point",
    "coordinates": [
     194135.777,
     547274.132
    ]
   },
   "properties": {
    "pid": "여의도고등학교 운동장-133",
    "school": "여의도고등학교",
    "kind": "운동장 지반",
    "dong": "여의도고등학교 운동장",
    "floor": 0,
    "source": "옥외지반 근사",
    "z_m": 0.0,
    "s2_total_h": 5.5,
    "s2_cont_h": 4.5,
    "s2_pass_a": true,
    "s1_pass_a": true,
    "change_cd": "keep_ok",
    "변화": "유지 충족"
   }
  },
  {
   "type": "Feature",
   "geometry": {
    "type": "Point",
    "coordinates": [
     194143.777,
     547274.132
    ]
   },
   "properties": {
    "pid": "여의도고등학교 운동장-134",
    "school": "여의도고등학교",
    "kind": "운동장 지반",
    "dong": "여의도고등학교 운동장",
    "floor": 0,
    "source": "옥외지반 근사",
    "z_m": 0.0,
    "s2_total_h": 5.0,
    "s2_cont_h": 5.0,
    "s2_pass_a": true,
    "s1_pass_a": true,
    "change_cd": "keep_ok",
    "변화": "유지 충족"
   }
  },
  {
   "type": "Feature",
   "geometry": {
    "type": "Point",
    "coordinates": [
     194151.777,
     547274.132
    ]
   },
   "properties": {
    "pid": "여의도고등학교 운동장-135",
    "school": "여의도고등학교",
    "kind": "운동장 지반",
    "dong": "여의도고등학교 운동장",
    "floor": 0,
    "source": "옥외지반 근사",
    "z_m": 0.0,
    "s2_total_h": 5.17,
    "s2_cont_h": 4.83,
    "s2_pass_a": true,
    "s1_pass_a": true,
    "change_cd": "keep_ok",
    "변화": "유지 충족"
   }
  },
  {
   "type": "Feature",
   "geometry": {
    "type": "Point",
    "coordinates": [
     194159.777,
     547274.132
    ]
   },
   "properties": {
    "pid": "여의도고등학교 운동장-136",
    "school": "여의도고등학교",
    "kind": "운동장 지반",
    "dong": "여의도고등학교 운동장",
    "floor": 0,
    "source": "옥외지반 근사",
    "z_m": 0.0,
    "s2_total_h": 5.17,
    "s2_cont_h": 4.67,
    "s2_pass_a": true,
    "s1_pass_a": true,
    "change_cd": "keep_ok",
    "변화": "유지 충족"
   }
  },
  {
   "type": "Feature",
   "geometry": {
    "type": "Point",
    "coordinates": [
     194167.777,
     547274.132
    ]
   },
   "properties": {
    "pid": "여의도고등학교 운동장-137",
    "school": "여의도고등학교",
    "kind": "운동장 지반",
    "dong": "여의도고등학교 운동장",
    "floor": 0,
    "source": "옥외지반 근사",
    "z_m": 0.0,
    "s2_total_h": 4.83,
    "s2_cont_h": 4.17,
    "s2_pass_a": true,
    "s1_pass_a": true,
    "change_cd": "keep_ok",
    "변화": "유지 충족"
   }
  },
  {
   "type": "Feature",
   "geometry": {
    "type": "Point",
    "coordinates": [
     194175.777,
     547274.132
    ]
   },
   "properties": {
    "pid": "여의도고등학교 운동장-138",
    "school": "여의도고등학교",
    "kind": "운동장 지반",
    "dong": "여의도고등학교 운동장",
    "floor": 0,
    "source": "옥외지반 근사",
    "z_m": 0.0,
    "s2_total_h": 4.67,
    "s2_cont_h": 3.67,
    "s2_pass_a": true,
    "s1_pass_a": true,
    "change_cd": "keep_ok",
    "변화": "유지 충족"
   }
  },
  {
   "type": "Feature",
   "geometry": {
    "type": "Point",
    "coordinates": [
     194183.777,
     547274.132
    ]
   },
   "properties": {
    "pid": "여의도고등학교 운동장-139",
    "school": "여의도고등학교",
    "kind": "운동장 지반",
    "dong": "여의도고등학교 운동장",
    "floor": 0,
    "source": "옥외지반 근사",
    "z_m": 0.0,
    "s2_total_h": 4.17,
    "s2_cont_h": 3.17,
    "s2_pass_a": true,
    "s1_pass_a": true,
    "change_cd": "keep_ok",
    "변화": "유지 충족"
   }
  },
  {
   "type": "Feature",
   "geometry": {
    "type": "Point",
    "coordinates": [
     194207.777,
     547274.132
    ]
   },
   "properties": {
    "pid": "여의도고등학교 운동장-140",
    "school": "여의도고등학교",
    "kind": "운동장 지반",
    "dong": "여의도고등학교 운동장",
    "floor": 0,
    "source": "옥외지반 근사",
    "z_m": 0.0,
    "s2_total_h": 0.0,
    "s2_cont_h": 0.0,
    "s2_pass_a": false,
    "s1_pass_a": false,
    "change_cd": "keep_fail",
    "변화": "유지 불충족"
   }
  },
  {
   "type": "Feature",
   "geometry": {
    "type": "Point",
    "coordinates": [
     194215.777,
     547274.132
    ]
   },
   "properties": {
    "pid": "여의도고등학교 운동장-141",
    "school": "여의도고등학교",
    "kind": "운동장 지반",
    "dong": "여의도고등학교 운동장",
    "floor": 0,
    "source": "옥외지반 근사",
    "z_m": 0.0,
    "s2_total_h": 0.0,
    "s2_cont_h": 0.0,
    "s2_pass_a": false,
    "s1_pass_a": false,
    "change_cd": "keep_fail",
    "변화": "유지 불충족"
   }
  },
  {
   "type": "Feature",
   "geometry": {
    "type": "Point",
    "coordinates": [
     194239.777,
     547274.132
    ]
   },
   "properties": {
    "pid": "여의도고등학교 운동장-142",
    "school": "여의도고등학교",
    "kind": "운동장 지반",
    "dong": "여의도고등학교 운동장",
    "floor": 0,
    "source": "옥외지반 근사",
    "z_m": 0.0,
    "s2_total_h": 3.67,
    "s2_cont_h": 2.17,
    "s2_pass_a": true,
    "s1_pass_a": true,
    "change_cd": "keep_ok",
    "변화": "유지 충족"
   }
  },
  {
   "type": "Feature",
   "geometry": {
    "type": "Point",
    "coordinates": [
     194247.777,
     547274.132
    ]
   },
   "properties": {
    "pid": "여의도고등학교 운동장-143",
    "school": "여의도고등학교",
    "kind": "운동장 지반",
    "dong": "여의도고등학교 운동장",
    "floor": 0,
    "source": "옥외지반 근사",
    "z_m": 0.0,
    "s2_total_h": 5.33,
    "s2_cont_h": 5.33,
    "s2_pass_a": true,
    "s1_pass_a": true,
    "change_cd": "keep_ok",
    "변화": "유지 충족"
   }
  },
  {
   "type": "Feature",
   "geometry": {
    "type": "Point",
    "coordinates": [
     194255.777,
     547274.132
    ]
   },
   "properties": {
    "pid": "여의도고등학교 운동장-144",
    "school": "여의도고등학교",
    "kind": "운동장 지반",
    "dong": "여의도고등학교 운동장",
    "floor": 0,
    "source": "옥외지반 근사",
    "z_m": 0.0,
    "s2_total_h": 6.33,
    "s2_cont_h": 6.0,
    "s2_pass_a": true,
    "s1_pass_a": true,
    "change_cd": "keep_ok",
    "변화": "유지 충족"
   }
  },
  {
   "type": "Feature",
   "geometry": {
    "type": "Point",
    "coordinates": [
     194263.777,
     547274.132
    ]
   },
   "properties": {
    "pid": "여의도고등학교 운동장-145",
    "school": "여의도고등학교",
    "kind": "운동장 지반",
    "dong": "여의도고등학교 운동장",
    "floor": 0,
    "source": "옥외지반 근사",
    "z_m": 0.0,
    "s2_total_h": 7.0,
    "s2_cont_h": 6.17,
    "s2_pass_a": true,
    "s1_pass_a": true,
    "change_cd": "keep_ok",
    "변화": "유지 충족"
   }
  },
  {
   "type": "Feature",
   "geometry": {
    "type": "Point",
    "coordinates": [
     194271.777,
     547274.132
    ]
   },
   "properties": {
    "pid": "여의도고등학교 운동장-146",
    "school": "여의도고등학교",
    "kind": "운동장 지반",
    "dong": "여의도고등학교 운동장",
    "floor": 0,
    "source": "옥외지반 근사",
    "z_m": 0.0,
    "s2_total_h": 7.33,
    "s2_cont_h": 6.17,
    "s2_pass_a": true,
    "s1_pass_a": true,
    "change_cd": "keep_ok",
    "변화": "유지 충족"
   }
  },
  {
   "type": "Feature",
   "geometry": {
    "type": "Point",
    "coordinates": [
     194103.777,
     547282.132
    ]
   },
   "properties": {
    "pid": "여의도고등학교 운동장-147",
    "school": "여의도고등학교",
    "kind": "운동장 지반",
    "dong": "여의도고등학교 운동장",
    "floor": 0,
    "source": "옥외지반 근사",
    "z_m": 0.0,
    "s2_total_h": 5.0,
    "s2_cont_h": 4.0,
    "s2_pass_a": true,
    "s1_pass_a": true,
    "change_cd": "keep_ok",
    "변화": "유지 충족"
   }
  },
  {
   "type": "Feature",
   "geometry": {
    "type": "Point",
    "coordinates": [
     194111.777,
     547282.132
    ]
   },
   "properties": {
    "pid": "여의도고등학교 운동장-148",
    "school": "여의도고등학교",
    "kind": "운동장 지반",
    "dong": "여의도고등학교 운동장",
    "floor": 0,
    "source": "옥외지반 근사",
    "z_m": 0.0,
    "s2_total_h": 5.17,
    "s2_cont_h": 4.17,
    "s2_pass_a": true,
    "s1_pass_a": true,
    "change_cd": "keep_ok",
    "변화": "유지 충족"
   }
  },
  {
   "type": "Feature",
   "geometry": {
    "type": "Point",
    "coordinates": [
     194119.777,
     547282.132
    ]
   },
   "properties": {
    "pid": "여의도고등학교 운동장-149",
    "school": "여의도고등학교",
    "kind": "운동장 지반",
    "dong": "여의도고등학교 운동장",
    "floor": 0,
    "source": "옥외지반 근사",
    "z_m": 0.0,
    "s2_total_h": 5.67,
    "s2_cont_h": 4.5,
    "s2_pass_a": true,
    "s1_pass_a": true,
    "change_cd": "keep_ok",
    "변화": "유지 충족"
   }
  },
  {
   "type": "Feature",
   "geometry": {
    "type": "Point",
    "coordinates": [
     194127.777,
     547282.132
    ]
   },
   "properties": {
    "pid": "여의도고등학교 운동장-150",
    "school": "여의도고등학교",
    "kind": "운동장 지반",
    "dong": "여의도고등학교 운동장",
    "floor": 0,
    "source": "옥외지반 근사",
    "z_m": 0.0,
    "s2_total_h": 5.67,
    "s2_cont_h": 5.0,
    "s2_pass_a": true,
    "s1_pass_a": true,
    "change_cd": "keep_ok",
    "변화": "유지 충족"
   }
  },
  {
   "type": "Feature",
   "geometry": {
    "type": "Point",
    "coordinates": [
     194135.777,
     547282.132
    ]
   },
   "properties": {
    "pid": "여의도고등학교 운동장-151",
    "school": "여의도고등학교",
    "kind": "운동장 지반",
    "dong": "여의도고등학교 운동장",
    "floor": 0,
    "source": "옥외지반 근사",
    "z_m": 0.0,
    "s2_total_h": 5.33,
    "s2_cont_h": 4.83,
    "s2_pass_a": true,
    "s1_pass_a": true,
    "change_cd": "keep_ok",
    "변화": "유지 충족"
   }
  },
  {
   "type": "Feature",
   "geometry": {
    "type": "Point",
    "coordinates": [
     194143.777,
     547282.132
    ]
   },
   "properties": {
    "pid": "여의도고등학교 운동장-152",
    "school": "여의도고등학교",
    "kind": "운동장 지반",
    "dong": "여의도고등학교 운동장",
    "floor": 0,
    "source": "옥외지반 근사",
    "z_m": 0.0,
    "s2_total_h": 5.17,
    "s2_cont_h": 4.67,
    "s2_pass_a": true,
    "s1_pass_a": true,
    "change_cd": "keep_ok",
    "변화": "유지 충족"
   }
  },
  {
   "type": "Feature",
   "geometry": {
    "type": "Point",
    "coordinates": [
     194151.777,
     547282.132
    ]
   },
   "properties": {
    "pid": "여의도고등학교 운동장-153",
    "school": "여의도고등학교",
    "kind": "운동장 지반",
    "dong": "여의도고등학교 운동장",
    "floor": 0,
    "source": "옥외지반 근사",
    "z_m": 0.0,
    "s2_total_h": 4.67,
    "s2_cont_h": 4.5,
    "s2_pass_a": true,
    "s1_pass_a": true,
    "change_cd": "keep_ok",
    "변화": "유지 충족"
   }
  },
  {
   "type": "Feature",
   "geometry": {
    "type": "Point",
    "coordinates": [
     194159.777,
     547282.132
    ]
   },
   "properties": {
    "pid": "여의도고등학교 운동장-154",
    "school": "여의도고등학교",
    "kind": "운동장 지반",
    "dong": "여의도고등학교 운동장",
    "floor": 0,
    "source": "옥외지반 근사",
    "z_m": 0.0,
    "s2_total_h": 4.5,
    "s2_cont_h": 4.17,
    "s2_pass_a": true,
    "s1_pass_a": true,
    "change_cd": "keep_ok",
    "변화": "유지 충족"
   }
  },
  {
   "type": "Feature",
   "geometry": {
    "type": "Point",
    "coordinates": [
     194167.777,
     547282.132
    ]
   },
   "properties": {
    "pid": "여의도고등학교 운동장-155",
    "school": "여의도고등학교",
    "kind": "운동장 지반",
    "dong": "여의도고등학교 운동장",
    "floor": 0,
    "source": "옥외지반 근사",
    "z_m": 0.0,
    "s2_total_h": 4.67,
    "s2_cont_h": 4.0,
    "s2_pass_a": true,
    "s1_pass_a": true,
    "change_cd": "keep_ok",
    "변화": "유지 충족"
   }
  },
  {
   "type": "Feature",
   "geometry": {
    "type": "Point",
    "coordinates": [
     194175.777,
     547282.132
    ]
   },
   "properties": {
    "pid": "여의도고등학교 운동장-156",
    "school": "여의도고등학교",
    "kind": "운동장 지반",
    "dong": "여의도고등학교 운동장",
    "floor": 0,
    "source": "옥외지반 근사",
    "z_m": 0.0,
    "s2_total_h": 4.5,
    "s2_cont_h": 3.83,
    "s2_pass_a": true,
    "s1_pass_a": true,
    "change_cd": "keep_ok",
    "변화": "유지 충족"
   }
  },
  {
   "type": "Feature",
   "geometry": {
    "type": "Point",
    "coordinates": [
     194207.777,
     547282.132
    ]
   },
   "properties": {
    "pid": "여의도고등학교 운동장-157",
    "school": "여의도고등학교",
    "kind": "운동장 지반",
    "dong": "여의도고등학교 운동장",
    "floor": 0,
    "source": "옥외지반 근사",
    "z_m": 0.0,
    "s2_total_h": 0.0,
    "s2_cont_h": 0.0,
    "s2_pass_a": false,
    "s1_pass_a": false,
    "change_cd": "keep_fail",
    "변화": "유지 불충족"
   }
  },
  {
   "type": "Feature",
   "geometry": {
    "type": "Point",
    "coordinates": [
     194215.777,
     547282.132
    ]
   },
   "properties": {
    "pid": "여의도고등학교 운동장-158",
    "school": "여의도고등학교",
    "kind": "운동장 지반",
    "dong": "여의도고등학교 운동장",
    "floor": 0,
    "source": "옥외지반 근사",
    "z_m": 0.0,
    "s2_total_h": 0.0,
    "s2_cont_h": 0.0,
    "s2_pass_a": false,
    "s1_pass_a": false,
    "change_cd": "keep_fail",
    "변화": "유지 불충족"
   }
  },
  {
   "type": "Feature",
   "geometry": {
    "type": "Point",
    "coordinates": [
     194223.777,
     547282.132
    ]
   },
   "properties": {
    "pid": "여의도고등학교 운동장-159",
    "school": "여의도고등학교",
    "kind": "운동장 지반",
    "dong": "여의도고등학교 운동장",
    "floor": 0,
    "source": "옥외지반 근사",
    "z_m": 0.0,
    "s2_total_h": 1.5,
    "s2_cont_h": 1.17,
    "s2_pass_a": false,
    "s1_pass_a": false,
    "change_cd": "keep_fail",
    "변화": "유지 불충족"
   }
  },
  {
   "type": "Feature",
   "geometry": {
    "type": "Point",
    "coordinates": [
     194231.777,
     547282.132
    ]
   },
   "properties": {
    "pid": "여의도고등학교 운동장-160",
    "school": "여의도고등학교",
    "kind": "운동장 지반",
    "dong": "여의도고등학교 운동장",
    "floor": 0,
    "source": "옥외지반 근사",
    "z_m": 0.0,
    "s2_total_h": 3.17,
    "s2_cont_h": 3.17,
    "s2_pass_a": true,
    "s1_pass_a": true,
    "change_cd": "keep_ok",
    "변화": "유지 충족"
   }
  },
  {
   "type": "Feature",
   "geometry": {
    "type": "Point",
    "coordinates": [
     194239.777,
     547282.132
    ]
   },
   "properties": {
    "pid": "여의도고등학교 운동장-161",
    "school": "여의도고등학교",
    "kind": "운동장 지반",
    "dong": "여의도고등학교 운동장",
    "floor": 0,
    "source": "옥외지반 근사",
    "z_m": 0.0,
    "s2_total_h": 4.17,
    "s2_cont_h": 4.17,
    "s2_pass_a": true,
    "s1_pass_a": true,
    "change_cd": "keep_ok",
    "변화": "유지 충족"
   }
  },
  {
   "type": "Feature",
   "geometry": {
    "type": "Point",
    "coordinates": [
     194247.777,
     547282.132
    ]
   },
   "properties": {
    "pid": "여의도고등학교 운동장-162",
    "school": "여의도고등학교",
    "kind": "운동장 지반",
    "dong": "여의도고등학교 운동장",
    "floor": 0,
    "source": "옥외지반 근사",
    "z_m": 0.0,
    "s2_total_h": 5.17,
    "s2_cont_h": 5.17,
    "s2_pass_a": true,
    "s1_pass_a": true,
    "change_cd": "keep_ok",
    "변화": "유지 충족"
   }
  },
  {
   "type": "Feature",
   "geometry": {
    "type": "Point",
    "coordinates": [
     194255.777,
     547282.132
    ]
   },
   "properties": {
    "pid": "여의도고등학교 운동장-163",
    "school": "여의도고등학교",
    "kind": "운동장 지반",
    "dong": "여의도고등학교 운동장",
    "floor": 0,
    "source": "옥외지반 근사",
    "z_m": 0.0,
    "s2_total_h": 6.0,
    "s2_cont_h": 6.0,
    "s2_pass_a": true,
    "s1_pass_a": true,
    "change_cd": "keep_ok",
    "변화": "유지 충족"
   }
  },
  {
   "type": "Feature",
   "geometry": {
    "type": "Point",
    "coordinates": [
     194263.777,
     547282.132
    ]
   },
   "properties": {
    "pid": "여의도고등학교 운동장-164",
    "school": "여의도고등학교",
    "kind": "운동장 지반",
    "dong": "여의도고등학교 운동장",
    "floor": 0,
    "source": "옥외지반 근사",
    "z_m": 0.0,
    "s2_total_h": 6.67,
    "s2_cont_h": 6.0,
    "s2_pass_a": true,
    "s1_pass_a": true,
    "change_cd": "keep_ok",
    "변화": "유지 충족"
   }
  },
  {
   "type": "Feature",
   "geometry": {
    "type": "Point",
    "coordinates": [
     194271.777,
     547282.132
    ]
   },
   "properties": {
    "pid": "여의도고등학교 운동장-165",
    "school": "여의도고등학교",
    "kind": "운동장 지반",
    "dong": "여의도고등학교 운동장",
    "floor": 0,
    "source": "옥외지반 근사",
    "z_m": 0.0,
    "s2_total_h": 6.33,
    "s2_cont_h": 5.67,
    "s2_pass_a": true,
    "s1_pass_a": true,
    "change_cd": "keep_ok",
    "변화": "유지 충족"
   }
  },
  {
   "type": "Feature",
   "geometry": {
    "type": "Point",
    "coordinates": [
     194087.777,
     547290.132
    ]
   },
   "properties": {
    "pid": "여의도고등학교 운동장-166",
    "school": "여의도고등학교",
    "kind": "운동장 지반",
    "dong": "여의도고등학교 운동장",
    "floor": 0,
    "source": "옥외지반 근사",
    "z_m": 0.0,
    "s2_total_h": 4.83,
    "s2_cont_h": 3.67,
    "s2_pass_a": true,
    "s1_pass_a": true,
    "change_cd": "keep_ok",
    "변화": "유지 충족"
   }
  },
  {
   "type": "Feature",
   "geometry": {
    "type": "Point",
    "coordinates": [
     194095.777,
     547290.132
    ]
   },
   "properties": {
    "pid": "여의도고등학교 운동장-167",
    "school": "여의도고등학교",
    "kind": "운동장 지반",
    "dong": "여의도고등학교 운동장",
    "floor": 0,
    "source": "옥외지반 근사",
    "z_m": 0.0,
    "s2_total_h": 4.83,
    "s2_cont_h": 3.83,
    "s2_pass_a": true,
    "s1_pass_a": true,
    "change_cd": "keep_ok",
    "변화": "유지 충족"
   }
  },
  {
   "type": "Feature",
   "geometry": {
    "type": "Point",
    "coordinates": [
     194103.777,
     547290.132
    ]
   },
   "properties": {
    "pid": "여의도고등학교 운동장-168",
    "school": "여의도고등학교",
    "kind": "운동장 지반",
    "dong": "여의도고등학교 운동장",
    "floor": 0,
    "source": "옥외지반 근사",
    "z_m": 0.0,
    "s2_total_h": 5.33,
    "s2_cont_h": 4.17,
    "s2_pass_a": true,
    "s1_pass_a": true,
    "change_cd": "keep_ok",
    "변화": "유지 충족"
   }
  },
  {
   "type": "Feature",
   "geometry": {
    "type": "Point",
    "coordinates": [
     194111.777,
     547290.132
    ]
   },
   "properties": {
    "pid": "여의도고등학교 운동장-169",
    "school": "여의도고등학교",
    "kind": "운동장 지반",
    "dong": "여의도고등학교 운동장",
    "floor": 0,
    "source": "옥외지반 근사",
    "z_m": 0.0,
    "s2_total_h": 5.83,
    "s2_cont_h": 5.0,
    "s2_pass_a": true,
    "s1_pass_a": true,
    "change_cd": "keep_ok",
    "변화": "유지 충족"
   }
  },
  {
   "type": "Feature",
   "geometry": {
    "type": "Point",
    "coordinates": [
     194119.777,
     547290.132
    ]
   },
   "properties": {
    "pid": "여의도고등학교 운동장-170",
    "school": "여의도고등학교",
    "kind": "운동장 지반",
    "dong": "여의도고등학교 운동장",
    "floor": 0,
    "source": "옥외지반 근사",
    "z_m": 0.0,
    "s2_total_h": 5.67,
    "s2_cont_h": 4.83,
    "s2_pass_a": true,
    "s1_pass_a": true,
    "change_cd": "keep_ok",
    "변화": "유지 충족"
   }
  },
  {
   "type": "Feature",
   "geometry": {
    "type": "Point",
    "coordinates": [
     194127.777,
     547290.132
    ]
   },
   "properties": {
    "pid": "여의도고등학교 운동장-171",
    "school": "여의도고등학교",
    "kind": "운동장 지반",
    "dong": "여의도고등학교 운동장",
    "floor": 0,
    "source": "옥외지반 근사",
    "z_m": 0.0,
    "s2_total_h": 5.5,
    "s2_cont_h": 4.67,
    "s2_pass_a": true,
    "s1_pass_a": true,
    "change_cd": "keep_ok",
    "변화": "유지 충족"
   }
  },
  {
   "type": "Feature",
   "geometry": {
    "type": "Point",
    "coordinates": [
     194135.777,
     547290.132
    ]
   },
   "properties": {
    "pid": "여의도고등학교 운동장-172",
    "school": "여의도고등학교",
    "kind": "운동장 지반",
    "dong": "여의도고등학교 운동장",
    "floor": 0,
    "source": "옥외지반 근사",
    "z_m": 0.0,
    "s2_total_h": 5.33,
    "s2_cont_h": 4.5,
    "s2_pass_a": true,
    "s1_pass_a": true,
    "change_cd": "keep_ok",
    "변화": "유지 충족"
   }
  },
  {
   "type": "Feature",
   "geometry": {
    "type": "Point",
    "coordinates": [
     194143.777,
     547290.132
    ]
   },
   "properties": {
    "pid": "여의도고등학교 운동장-173",
    "school": "여의도고등학교",
    "kind": "운동장 지반",
    "dong": "여의도고등학교 운동장",
    "floor": 0,
    "source": "옥외지반 근사",
    "z_m": 0.0,
    "s2_total_h": 5.33,
    "s2_cont_h": 4.5,
    "s2_pass_a": true,
    "s1_pass_a": true,
    "change_cd": "keep_ok",
    "변화": "유지 충족"
   }
  },
  {
   "type": "Feature",
   "geometry": {
    "type": "Point",
    "coordinates": [
     194151.777,
     547290.132
    ]
   },
   "properties": {
    "pid": "여의도고등학교 운동장-174",
    "school": "여의도고등학교",
    "kind": "운동장 지반",
    "dong": "여의도고등학교 운동장",
    "floor": 0,
    "source": "옥외지반 근사",
    "z_m": 0.0,
    "s2_total_h": 5.17,
    "s2_cont_h": 4.5,
    "s2_pass_a": true,
    "s1_pass_a": true,
    "change_cd": "keep_ok",
    "변화": "유지 충족"
   }
  },
  {
   "type": "Feature",
   "geometry": {
    "type": "Point",
    "coordinates": [
     194159.777,
     547290.132
    ]
   },
   "properties": {
    "pid": "여의도고등학교 운동장-175",
    "school": "여의도고등학교",
    "kind": "운동장 지반",
    "dong": "여의도고등학교 운동장",
    "floor": 0,
    "source": "옥외지반 근사",
    "z_m": 0.0,
    "s2_total_h": 4.83,
    "s2_cont_h": 4.33,
    "s2_pass_a": true,
    "s1_pass_a": true,
    "change_cd": "keep_ok",
    "변화": "유지 충족"
   }
  },
  {
   "type": "Feature",
   "geometry": {
    "type": "Point",
    "coordinates": [
     194167.777,
     547290.132
    ]
   },
   "properties": {
    "pid": "여의도고등학교 운동장-176",
    "school": "여의도고등학교",
    "kind": "운동장 지반",
    "dong": "여의도고등학교 운동장",
    "floor": 0,
    "source": "옥외지반 근사",
    "z_m": 0.0,
    "s2_total_h": 4.83,
    "s2_cont_h": 4.33,
    "s2_pass_a": true,
    "s1_pass_a": true,
    "change_cd": "keep_ok",
    "변화": "유지 충족"
   }
  },
  {
   "type": "Feature",
   "geometry": {
    "type": "Point",
    "coordinates": [
     194191.777,
     547290.132
    ]
   },
   "properties": {
    "pid": "여의도고등학교 운동장-177",
    "school": "여의도고등학교",
    "kind": "운동장 지반",
    "dong": "여의도고등학교 운동장",
    "floor": 0,
    "source": "옥외지반 근사",
    "z_m": 0.0,
    "s2_total_h": 0.0,
    "s2_cont_h": 0.0,
    "s2_pass_a": false,
    "s1_pass_a": false,
    "change_cd": "keep_fail",
    "변화": "유지 불충족"
   }
  },
  {
   "type": "Feature",
   "geometry": {
    "type": "Point",
    "coordinates": [
     194199.777,
     547290.132
    ]
   },
   "properties": {
    "pid": "여의도고등학교 운동장-178",
    "school": "여의도고등학교",
    "kind": "운동장 지반",
    "dong": "여의도고등학교 운동장",
    "floor": 0,
    "source": "옥외지반 근사",
    "z_m": 0.0,
    "s2_total_h": 0.0,
    "s2_cont_h": 0.0,
    "s2_pass_a": false,
    "s1_pass_a": false,
    "change_cd": "keep_fail",
    "변화": "유지 불충족"
   }
  },
  {
   "type": "Feature",
   "geometry": {
    "type": "Point",
    "coordinates": [
     194207.777,
     547290.132
    ]
   },
   "properties": {
    "pid": "여의도고등학교 운동장-179",
    "school": "여의도고등학교",
    "kind": "운동장 지반",
    "dong": "여의도고등학교 운동장",
    "floor": 0,
    "source": "옥외지반 근사",
    "z_m": 0.0,
    "s2_total_h": 1.17,
    "s2_cont_h": 0.67,
    "s2_pass_a": false,
    "s1_pass_a": false,
    "change_cd": "keep_fail",
    "변화": "유지 불충족"
   }
  },
  {
   "type": "Feature",
   "geometry": {
    "type": "Point",
    "coordinates": [
     194215.777,
     547290.132
    ]
   },
   "properties": {
    "pid": "여의도고등학교 운동장-180",
    "school": "여의도고등학교",
    "kind": "운동장 지반",
    "dong": "여의도고등학교 운동장",
    "floor": 0,
    "source": "옥외지반 근사",
    "z_m": 0.0,
    "s2_total_h": 3.0,
    "s2_cont_h": 2.17,
    "s2_pass_a": true,
    "s1_pass_a": true,
    "change_cd": "keep_ok",
    "변화": "유지 충족"
   }
  },
  {
   "type": "Feature",
   "geometry": {
    "type": "Point",
    "coordinates": [
     194223.777,
     547290.132
    ]
   },
   "properties": {
    "pid": "여의도고등학교 운동장-181",
    "school": "여의도고등학교",
    "kind": "운동장 지반",
    "dong": "여의도고등학교 운동장",
    "floor": 0,
    "source": "옥외지반 근사",
    "z_m": 0.0,
    "s2_total_h": 3.5,
    "s2_cont_h": 3.0,
    "s2_pass_a": true,
    "s1_pass_a": true,
    "change_cd": "keep_ok",
    "변화": "유지 충족"
   }
  },
  {
   "type": "Feature",
   "geometry": {
    "type": "Point",
    "coordinates": [
     194231.777,
     547290.132
    ]
   },
   "properties": {
    "pid": "여의도고등학교 운동장-182",
    "school": "여의도고등학교",
    "kind": "운동장 지반",
    "dong": "여의도고등학교 운동장",
    "floor": 0,
    "source": "옥외지반 근사",
    "z_m": 0.0,
    "s2_total_h": 4.0,
    "s2_cont_h": 4.0,
    "s2_pass_a": true,
    "s1_pass_a": true,
    "change_cd": "keep_ok",
    "변화": "유지 충족"
   }
  },
  {
   "type": "Feature",
   "geometry": {
    "type": "Point",
    "coordinates": [
     194239.777,
     547290.132
    ]
   },
   "properties": {
    "pid": "여의도고등학교 운동장-183",
    "school": "여의도고등학교",
    "kind": "운동장 지반",
    "dong": "여의도고등학교 운동장",
    "floor": 0,
    "source": "옥외지반 근사",
    "z_m": 0.0,
    "s2_total_h": 5.0,
    "s2_cont_h": 5.0,
    "s2_pass_a": true,
    "s1_pass_a": true,
    "change_cd": "keep_ok",
    "변화": "유지 충족"
   }
  },
  {
   "type": "Feature",
   "geometry": {
    "type": "Point",
    "coordinates": [
     194247.777,
     547290.132
    ]
   },
   "properties": {
    "pid": "여의도고등학교 운동장-184",
    "school": "여의도고등학교",
    "kind": "운동장 지반",
    "dong": "여의도고등학교 운동장",
    "floor": 0,
    "source": "옥외지반 근사",
    "z_m": 0.0,
    "s2_total_h": 5.83,
    "s2_cont_h": 5.83,
    "s2_pass_a": true,
    "s1_pass_a": true,
    "change_cd": "keep_ok",
    "변화": "유지 충족"
   }
  },
  {
   "type": "Feature",
   "geometry": {
    "type": "Point",
    "coordinates": [
     194255.777,
     547290.132
    ]
   },
   "properties": {
    "pid": "여의도고등학교 운동장-185",
    "school": "여의도고등학교",
    "kind": "운동장 지반",
    "dong": "여의도고등학교 운동장",
    "floor": 0,
    "source": "옥외지반 근사",
    "z_m": 0.0,
    "s2_total_h": 6.17,
    "s2_cont_h": 6.17,
    "s2_pass_a": true,
    "s1_pass_a": true,
    "change_cd": "keep_ok",
    "변화": "유지 충족"
   }
  },
  {
   "type": "Feature",
   "geometry": {
    "type": "Point",
    "coordinates": [
     194263.777,
     547290.132
    ]
   },
   "properties": {
    "pid": "여의도고등학교 운동장-186",
    "school": "여의도고등학교",
    "kind": "운동장 지반",
    "dong": "여의도고등학교 운동장",
    "floor": 0,
    "source": "옥외지반 근사",
    "z_m": 0.0,
    "s2_total_h": 6.17,
    "s2_cont_h": 5.67,
    "s2_pass_a": true,
    "s1_pass_a": true,
    "change_cd": "keep_ok",
    "변화": "유지 충족"
   }
  },
  {
   "type": "Feature",
   "geometry": {
    "type": "Point",
    "coordinates": [
     194271.777,
     547290.132
    ]
   },
   "properties": {
    "pid": "여의도고등학교 운동장-187",
    "school": "여의도고등학교",
    "kind": "운동장 지반",
    "dong": "여의도고등학교 운동장",
    "floor": 0,
    "source": "옥외지반 근사",
    "z_m": 0.0,
    "s2_total_h": 6.5,
    "s2_cont_h": 5.67,
    "s2_pass_a": true,
    "s1_pass_a": true,
    "change_cd": "keep_ok",
    "변화": "유지 충족"
   }
  },
  {
   "type": "Feature",
   "geometry": {
    "type": "Point",
    "coordinates": [
     194071.777,
     547298.132
    ]
   },
   "properties": {
    "pid": "여의도고등학교 운동장-188",
    "school": "여의도고등학교",
    "kind": "운동장 지반",
    "dong": "여의도고등학교 운동장",
    "floor": 0,
    "source": "옥외지반 근사",
    "z_m": 0.0,
    "s2_total_h": 5.0,
    "s2_cont_h": 3.17,
    "s2_pass_a": true,
    "s1_pass_a": true,
    "change_cd": "keep_ok",
    "변화": "유지 충족"
   }
  },
  {
   "type": "Feature",
   "geometry": {
    "type": "Point",
    "coordinates": [
     194079.777,
     547298.132
    ]
   },
   "properties": {
    "pid": "여의도고등학교 운동장-189",
    "school": "여의도고등학교",
    "kind": "운동장 지반",
    "dong": "여의도고등학교 운동장",
    "floor": 0,
    "source": "옥외지반 근사",
    "z_m": 0.0,
    "s2_total_h": 5.67,
    "s2_cont_h": 3.5,
    "s2_pass_a": true,
    "s1_pass_a": true,
    "change_cd": "keep_ok",
    "변화": "유지 충족"
   }
  },
  {
   "type": "Feature",
   "geometry": {
    "type": "Point",
    "coordinates": [
     194087.777,
     547298.132
    ]
   },
   "properties": {
    "pid": "여의도고등학교 운동장-190",
    "school": "여의도고등학교",
    "kind": "운동장 지반",
    "dong": "여의도고등학교 운동장",
    "floor": 0,
    "source": "옥외지반 근사",
    "z_m": 0.0,
    "s2_total_h": 6.17,
    "s2_cont_h": 4.0,
    "s2_pass_a": true,
    "s1_pass_a": true,
    "change_cd": "keep_ok",
    "변화": "유지 충족"
   }
  },
  {
   "type": "Feature",
   "geometry": {
    "type": "Point",
    "coordinates": [
     194095.777,
     547298.132
    ]
   },
   "properties": {
    "pid": "여의도고등학교 운동장-191",
    "school": "여의도고등학교",
    "kind": "운동장 지반",
    "dong": "여의도고등학교 운동장",
    "floor": 0,
    "source": "옥외지반 근사",
    "z_m": 0.0,
    "s2_total_h": 6.33,
    "s2_cont_h": 4.5,
    "s2_pass_a": true,
    "s1_pass_a": true,
    "change_cd": "keep_ok",
    "변화": "유지 충족"
   }
  },
  {
   "type": "Feature",
   "geometry": {
    "type": "Point",
    "coordinates": [
     194103.777,
     547298.132
    ]
   },
   "properties": {
    "pid": "여의도고등학교 운동장-192",
    "school": "여의도고등학교",
    "kind": "운동장 지반",
    "dong": "여의도고등학교 운동장",
    "floor": 0,
    "source": "옥외지반 근사",
    "z_m": 0.0,
    "s2_total_h": 6.17,
    "s2_cont_h": 4.67,
    "s2_pass_a": true,
    "s1_pass_a": true,
    "change_cd": "keep_ok",
    "변화": "유지 충족"
   }
  },
  {
   "type": "Feature",
   "geometry": {
    "type": "Point",
    "coordinates": [
     194111.777,
     547298.132
    ]
   },
   "properties": {
    "pid": "여의도고등학교 운동장-193",
    "school": "여의도고등학교",
    "kind": "운동장 지반",
    "dong": "여의도고등학교 운동장",
    "floor": 0,
    "source": "옥외지반 근사",
    "z_m": 0.0,
    "s2_total_h": 6.0,
    "s2_cont_h": 4.67,
    "s2_pass_a": true,
    "s1_pass_a": true,
    "change_cd": "keep_ok",
    "변화": "유지 충족"
   }
  },
  {
   "type": "Feature",
   "geometry": {
    "type": "Point",
    "coordinates": [
     194119.777,
     547298.132
    ]
   },
   "properties": {
    "pid": "여의도고등학교 운동장-194",
    "school": "여의도고등학교",
    "kind": "운동장 지반",
    "dong": "여의도고등학교 운동장",
    "floor": 0,
    "source": "옥외지반 근사",
    "z_m": 0.0,
    "s2_total_h": 5.5,
    "s2_cont_h": 4.67,
    "s2_pass_a": true,
    "s1_pass_a": true,
    "change_cd": "keep_ok",
    "변화": "유지 충족"
   }
  },
  {
   "type": "Feature",
   "geometry": {
    "type": "Point",
    "coordinates": [
     194127.777,
     547298.132
    ]
   },
   "properties": {
    "pid": "여의도고등학교 운동장-195",
    "school": "여의도고등학교",
    "kind": "운동장 지반",
    "dong": "여의도고등학교 운동장",
    "floor": 0,
    "source": "옥외지반 근사",
    "z_m": 0.0,
    "s2_total_h": 5.33,
    "s2_cont_h": 4.5,
    "s2_pass_a": true,
    "s1_pass_a": true,
    "change_cd": "keep_ok",
    "변화": "유지 충족"
   }
  },
  {
   "type": "Feature",
   "geometry": {
    "type": "Point",
    "coordinates": [
     194135.777,
     547298.132
    ]
   },
   "properties": {
    "pid": "여의도고등학교 운동장-196",
    "school": "여의도고등학교",
    "kind": "운동장 지반",
    "dong": "여의도고등학교 운동장",
    "floor": 0,
    "source": "옥외지반 근사",
    "z_m": 0.0,
    "s2_total_h": 5.67,
    "s2_cont_h": 4.67,
    "s2_pass_a": true,
    "s1_pass_a": true,
    "change_cd": "keep_ok",
    "변화": "유지 충족"
   }
  },
  {
   "type": "Feature",
   "geometry": {
    "type": "Point",
    "coordinates": [
     194143.777,
     547298.132
    ]
   },
   "properties": {
    "pid": "여의도고등학교 운동장-197",
    "school": "여의도고등학교",
    "kind": "운동장 지반",
    "dong": "여의도고등학교 운동장",
    "floor": 0,
    "source": "옥외지반 근사",
    "z_m": 0.0,
    "s2_total_h": 5.5,
    "s2_cont_h": 4.5,
    "s2_pass_a": true,
    "s1_pass_a": true,
    "change_cd": "keep_ok",
    "변화": "유지 충족"
   }
  },
  {
   "type": "Feature",
   "geometry": {
    "type": "Point",
    "coordinates": [
     194151.777,
     547298.132
    ]
   },
   "properties": {
    "pid": "여의도고등학교 운동장-198",
    "school": "여의도고등학교",
    "kind": "운동장 지반",
    "dong": "여의도고등학교 운동장",
    "floor": 0,
    "source": "옥외지반 근사",
    "z_m": 0.0,
    "s2_total_h": 6.0,
    "s2_cont_h": 4.67,
    "s2_pass_a": true,
    "s1_pass_a": true,
    "change_cd": "keep_ok",
    "변화": "유지 충족"
   }
  },
  {
   "type": "Feature",
   "geometry": {
    "type": "Point",
    "coordinates": [
     194191.777,
     547298.132
    ]
   },
   "properties": {
    "pid": "여의도고등학교 운동장-199",
    "school": "여의도고등학교",
    "kind": "운동장 지반",
    "dong": "여의도고등학교 운동장",
    "floor": 0,
    "source": "옥외지반 근사",
    "z_m": 0.0,
    "s2_total_h": 0.33,
    "s2_cont_h": 0.33,
    "s2_pass_a": false,
    "s1_pass_a": false,
    "change_cd": "keep_fail",
    "변화": "유지 불충족"
   }
  },
  {
   "type": "Feature",
   "geometry": {
    "type": "Point",
    "coordinates": [
     194199.777,
     547298.132
    ]
   },
   "properties": {
    "pid": "여의도고등학교 운동장-200",
    "school": "여의도고등학교",
    "kind": "운동장 지반",
    "dong": "여의도고등학교 운동장",
    "floor": 0,
    "source": "옥외지반 근사",
    "z_m": 0.0,
    "s2_total_h": 2.17,
    "s2_cont_h": 1.17,
    "s2_pass_a": false,
    "s1_pass_a": false,
    "change_cd": "keep_fail",
    "변화": "유지 불충족"
   }
  },
  {
   "type": "Feature",
   "geometry": {
    "type": "Point",
    "coordinates": [
     194207.777,
     547298.132
    ]
   },
   "properties": {
    "pid": "여의도고등학교 운동장-201",
    "school": "여의도고등학교",
    "kind": "운동장 지반",
    "dong": "여의도고등학교 운동장",
    "floor": 0,
    "source": "옥외지반 근사",
    "z_m": 0.0,
    "s2_total_h": 3.5,
    "s2_cont_h": 2.0,
    "s2_pass_a": true,
    "s1_pass_a": true,
    "change_cd": "keep_ok",
    "변화": "유지 충족"
   }
  },
  {
   "type": "Feature",
   "geometry": {
    "type": "Point",
    "coordinates": [
     194215.777,
     547298.132
    ]
   },
   "properties": {
    "pid": "여의도고등학교 운동장-202",
    "school": "여의도고등학교",
    "kind": "운동장 지반",
    "dong": "여의도고등학교 운동장",
    "floor": 0,
    "source": "옥외지반 근사",
    "z_m": 0.0,
    "s2_total_h": 4.67,
    "s2_cont_h": 2.67,
    "s2_pass_a": true,
    "s1_pass_a": true,
    "change_cd": "keep_ok",
    "변화": "유지 충족"
   }
  },
  {
   "type": "Feature",
   "geometry": {
    "type": "Point",
    "coordinates": [
     194223.777,
     547298.132
    ]
   },
   "properties": {
    "pid": "여의도고등학교 운동장-203",
    "school": "여의도고등학교",
    "kind": "운동장 지반",
    "dong": "여의도고등학교 운동장",
    "floor": 0,
    "source": "옥외지반 근사",
    "z_m": 0.0,
    "s2_total_h": 5.83,
    "s2_cont_h": 3.67,
    "s2_pass_a": true,
    "s1_pass_a": true,
    "change_cd": "keep_ok",
    "변화": "유지 충족"
   }
  },
  {
   "type": "Feature",
   "geometry": {
    "type": "Point",
    "coordinates": [
     194231.777,
     547298.132
    ]
   },
   "properties": {
    "pid": "여의도고등학교 운동장-204",
    "school": "여의도고등학교",
    "kind": "운동장 지반",
    "dong": "여의도고등학교 운동장",
    "floor": 0,
    "source": "옥외지반 근사",
    "z_m": 0.0,
    "s2_total_h": 6.5,
    "s2_cont_h": 4.83,
    "s2_pass_a": true,
    "s1_pass_a": true,
    "change_cd": "keep_ok",
    "변화": "유지 충족"
   }
  },
  {
   "type": "Feature",
   "geometry": {
    "type": "Point",
    "coordinates": [
     194239.777,
     547298.132
    ]
   },
   "properties": {
    "pid": "여의도고등학교 운동장-205",
    "school": "여의도고등학교",
    "kind": "운동장 지반",
    "dong": "여의도고등학교 운동장",
    "floor": 0,
    "source": "옥외지반 근사",
    "z_m": 0.0,
    "s2_total_h": 6.17,
    "s2_cont_h": 5.5,
    "s2_pass_a": true,
    "s1_pass_a": true,
    "change_cd": "keep_ok",
    "변화": "유지 충족"
   }
  },
  {
   "type": "Feature",
   "geometry": {
    "type": "Point",
    "coordinates": [
     194247.777,
     547298.132
    ]
   },
   "properties": {
    "pid": "여의도고등학교 운동장-206",
    "school": "여의도고등학교",
    "kind": "운동장 지반",
    "dong": "여의도고등학교 운동장",
    "floor": 0,
    "source": "옥외지반 근사",
    "z_m": 0.0,
    "s2_total_h": 6.0,
    "s2_cont_h": 6.0,
    "s2_pass_a": true,
    "s1_pass_a": true,
    "change_cd": "keep_ok",
    "변화": "유지 충족"
   }
  },
  {
   "type": "Feature",
   "geometry": {
    "type": "Point",
    "coordinates": [
     194255.777,
     547298.132
    ]
   },
   "properties": {
    "pid": "여의도고등학교 운동장-207",
    "school": "여의도고등학교",
    "kind": "운동장 지반",
    "dong": "여의도고등학교 운동장",
    "floor": 0,
    "source": "옥외지반 근사",
    "z_m": 0.0,
    "s2_total_h": 6.5,
    "s2_cont_h": 6.33,
    "s2_pass_a": true,
    "s1_pass_a": true,
    "change_cd": "keep_ok",
    "변화": "유지 충족"
   }
  },
  {
   "type": "Feature",
   "geometry": {
    "type": "Point",
    "coordinates": [
     194263.777,
     547298.132
    ]
   },
   "properties": {
    "pid": "여의도고등학교 운동장-208",
    "school": "여의도고등학교",
    "kind": "운동장 지반",
    "dong": "여의도고등학교 운동장",
    "floor": 0,
    "source": "옥외지반 근사",
    "z_m": 0.0,
    "s2_total_h": 7.0,
    "s2_cont_h": 7.0,
    "s2_pass_a": true,
    "s1_pass_a": true,
    "change_cd": "keep_ok",
    "변화": "유지 충족"
   }
  },
  {
   "type": "Feature",
   "geometry": {
    "type": "Point",
    "coordinates": [
     194271.777,
     547298.132
    ]
   },
   "properties": {
    "pid": "여의도고등학교 운동장-209",
    "school": "여의도고등학교",
    "kind": "운동장 지반",
    "dong": "여의도고등학교 운동장",
    "floor": 0,
    "source": "옥외지반 근사",
    "z_m": 0.0,
    "s2_total_h": 7.0,
    "s2_cont_h": 7.0,
    "s2_pass_a": true,
    "s1_pass_a": true,
    "change_cd": "keep_ok",
    "변화": "유지 충족"
   }
  },
  {
   "type": "Feature",
   "geometry": {
    "type": "Point",
    "coordinates": [
     194063.777,
     547306.132
    ]
   },
   "properties": {
    "pid": "여의도고등학교 운동장-210",
    "school": "여의도고등학교",
    "kind": "운동장 지반",
    "dong": "여의도고등학교 운동장",
    "floor": 0,
    "source": "옥외지반 근사",
    "z_m": 0.0,
    "s2_total_h": 4.5,
    "s2_cont_h": 4.5,
    "s2_pass_a": true,
    "s1_pass_a": true,
    "change_cd": "keep_ok",
    "변화": "유지 충족"
   }
  },
  {
   "type": "Feature",
   "geometry": {
    "type": "Point",
    "coordinates": [
     194071.777,
     547306.132
    ]
   },
   "properties": {
    "pid": "여의도고등학교 운동장-211",
    "school": "여의도고등학교",
    "kind": "운동장 지반",
    "dong": "여의도고등학교 운동장",
    "floor": 0,
    "source": "옥외지반 근사",
    "z_m": 0.0,
    "s2_total_h": 5.17,
    "s2_cont_h": 5.17,
    "s2_pass_a": true,
    "s1_pass_a": true,
    "change_cd": "keep_ok",
    "변화": "유지 충족"
   }
  },
  {
   "type": "Feature",
   "geometry": {
    "type": "Point",
    "coordinates": [
     194079.777,
     547306.132
    ]
   },
   "properties": {
    "pid": "여의도고등학교 운동장-212",
    "school": "여의도고등학교",
    "kind": "운동장 지반",
    "dong": "여의도고등학교 운동장",
    "floor": 0,
    "source": "옥외지반 근사",
    "z_m": 0.0,
    "s2_total_h": 6.0,
    "s2_cont_h": 6.0,
    "s2_pass_a": true,
    "s1_pass_a": true,
    "change_cd": "keep_ok",
    "변화": "유지 충족"
   }
  },
  {
   "type": "Feature",
   "geometry": {
    "type": "Point",
    "coordinates": [
     194087.777,
     547306.132
    ]
   },
   "properties": {
    "pid": "여의도고등학교 운동장-213",
    "school": "여의도고등학교",
    "kind": "운동장 지반",
    "dong": "여의도고등학교 운동장",
    "floor": 0,
    "source": "옥외지반 근사",
    "z_m": 0.0,
    "s2_total_h": 6.5,
    "s2_cont_h": 6.5,
    "s2_pass_a": true,
    "s1_pass_a": true,
    "change_cd": "keep_ok",
    "변화": "유지 충족"
   }
  },
  {
   "type": "Feature",
   "geometry": {
    "type": "Point",
    "coordinates": [
     194095.777,
     547306.132
    ]
   },
   "properties": {
    "pid": "여의도고등학교 운동장-214",
    "school": "여의도고등학교",
    "kind": "운동장 지반",
    "dong": "여의도고등학교 운동장",
    "floor": 0,
    "source": "옥외지반 근사",
    "z_m": 0.0,
    "s2_total_h": 6.5,
    "s2_cont_h": 6.5,
    "s2_pass_a": true,
    "s1_pass_a": true,
    "change_cd": "keep_ok",
    "변화": "유지 충족"
   }
  },
  {
   "type": "Feature",
   "geometry": {
    "type": "Point",
    "coordinates": [
     194103.777,
     547306.132
    ]
   },
   "properties": {
    "pid": "여의도고등학교 운동장-215",
    "school": "여의도고등학교",
    "kind": "운동장 지반",
    "dong": "여의도고등학교 운동장",
    "floor": 0,
    "source": "옥외지반 근사",
    "z_m": 0.0,
    "s2_total_h": 6.33,
    "s2_cont_h": 6.33,
    "s2_pass_a": true,
    "s1_pass_a": true,
    "change_cd": "keep_ok",
    "변화": "유지 충족"
   }
  },
  {
   "type": "Feature",
   "geometry": {
    "type": "Point",
    "coordinates": [
     194111.777,
     547306.132
    ]
   },
   "properties": {
    "pid": "여의도고등학교 운동장-216",
    "school": "여의도고등학교",
    "kind": "운동장 지반",
    "dong": "여의도고등학교 운동장",
    "floor": 0,
    "source": "옥외지반 근사",
    "z_m": 0.0,
    "s2_total_h": 6.33,
    "s2_cont_h": 6.33,
    "s2_pass_a": true,
    "s1_pass_a": true,
    "change_cd": "keep_ok",
    "변화": "유지 충족"
   }
  },
  {
   "type": "Feature",
   "geometry": {
    "type": "Point",
    "coordinates": [
     194119.777,
     547306.132
    ]
   },
   "properties": {
    "pid": "여의도고등학교 운동장-217",
    "school": "여의도고등학교",
    "kind": "운동장 지반",
    "dong": "여의도고등학교 운동장",
    "floor": 0,
    "source": "옥외지반 근사",
    "z_m": 0.0,
    "s2_total_h": 6.5,
    "s2_cont_h": 6.5,
    "s2_pass_a": true,
    "s1_pass_a": true,
    "change_cd": "keep_ok",
    "변화": "유지 충족"
   }
  },
  {
   "type": "Feature",
   "geometry": {
    "type": "Point",
    "coordinates": [
     194127.777,
     547306.132
    ]
   },
   "properties": {
    "pid": "여의도고등학교 운동장-218",
    "school": "여의도고등학교",
    "kind": "운동장 지반",
    "dong": "여의도고등학교 운동장",
    "floor": 0,
    "source": "옥외지반 근사",
    "z_m": 0.0,
    "s2_total_h": 6.5,
    "s2_cont_h": 5.33,
    "s2_pass_a": true,
    "s1_pass_a": true,
    "change_cd": "keep_ok",
    "변화": "유지 충족"
   }
  },
  {
   "type": "Feature",
   "geometry": {
    "type": "Point",
    "coordinates": [
     194135.777,
     547306.132
    ]
   },
   "properties": {
    "pid": "여의도고등학교 운동장-219",
    "school": "여의도고등학교",
    "kind": "운동장 지반",
    "dong": "여의도고등학교 운동장",
    "floor": 0,
    "source": "옥외지반 근사",
    "z_m": 0.0,
    "s2_total_h": 6.33,
    "s2_cont_h": 5.33,
    "s2_pass_a": true,
    "s1_pass_a": true,
    "change_cd": "keep_ok",
    "변화": "유지 충족"
   }
  },
  {
   "type": "Feature",
   "geometry": {
    "type": "Point",
    "coordinates": [
     194143.777,
     547306.132
    ]
   },
   "properties": {
    "pid": "여의도고등학교 운동장-220",
    "school": "여의도고등학교",
    "kind": "운동장 지반",
    "dong": "여의도고등학교 운동장",
    "floor": 0,
    "source": "옥외지반 근사",
    "z_m": 0.0,
    "s2_total_h": 6.0,
    "s2_cont_h": 5.33,
    "s2_pass_a": true,
    "s1_pass_a": true,
    "change_cd": "keep_ok",
    "변화": "유지 충족"
   }
  },
  {
   "type": "Feature",
   "geometry": {
    "type": "Point",
    "coordinates": [
     194151.777,
     547306.132
    ]
   },
   "properties": {
    "pid": "여의도고등학교 운동장-221",
    "school": "여의도고등학교",
    "kind": "운동장 지반",
    "dong": "여의도고등학교 운동장",
    "floor": 0,
    "source": "옥외지반 근사",
    "z_m": 0.0,
    "s2_total_h": 5.67,
    "s2_cont_h": 4.5,
    "s2_pass_a": true,
    "s1_pass_a": true,
    "change_cd": "keep_ok",
    "변화": "유지 충족"
   }
  },
  {
   "type": "Feature",
   "geometry": {
    "type": "Point",
    "coordinates": [
     194191.777,
     547306.132
    ]
   },
   "properties": {
    "pid": "여의도고등학교 운동장-222",
    "school": "여의도고등학교",
    "kind": "운동장 지반",
    "dong": "여의도고등학교 운동장",
    "floor": 0,
    "source": "옥외지반 근사",
    "z_m": 0.0,
    "s2_total_h": 2.33,
    "s2_cont_h": 1.17,
    "s2_pass_a": false,
    "s1_pass_a": false,
    "change_cd": "keep_fail",
    "변화": "유지 불충족"
   }
  },
  {
   "type": "Feature",
   "geometry": {
    "type": "Point",
    "coordinates": [
     194207.777,
     547306.132
    ]
   },
   "properties": {
    "pid": "여의도고등학교 운동장-223",
    "school": "여의도고등학교",
    "kind": "운동장 지반",
    "dong": "여의도고등학교 운동장",
    "floor": 0,
    "source": "옥외지반 근사",
    "z_m": 0.0,
    "s2_total_h": 5.17,
    "s2_cont_h": 5.17,
    "s2_pass_a": true,
    "s1_pass_a": true,
    "change_cd": "keep_ok",
    "변화": "유지 충족"
   }
  },
  {
   "type": "Feature",
   "geometry": {
    "type": "Point",
    "coordinates": [
     194215.777,
     547306.132
    ]
   },
   "properties": {
    "pid": "여의도고등학교 운동장-224",
    "school": "여의도고등학교",
    "kind": "운동장 지반",
    "dong": "여의도고등학교 운동장",
    "floor": 0,
    "source": "옥외지반 근사",
    "z_m": 0.0,
    "s2_total_h": 5.83,
    "s2_cont_h": 5.83,
    "s2_pass_a": true,
    "s1_pass_a": true,
    "change_cd": "keep_ok",
    "변화": "유지 충족"
   }
  },
  {
   "type": "Feature",
   "geometry": {
    "type": "Point",
    "coordinates": [
     194223.777,
     547306.132
    ]
   },
   "properties": {
    "pid": "여의도고등학교 운동장-225",
    "school": "여의도고등학교",
    "kind": "운동장 지반",
    "dong": "여의도고등학교 운동장",
    "floor": 0,
    "source": "옥외지반 근사",
    "z_m": 0.0,
    "s2_total_h": 6.5,
    "s2_cont_h": 6.5,
    "s2_pass_a": true,
    "s1_pass_a": true,
    "change_cd": "keep_ok",
    "변화": "유지 충족"
   }
  },
  {
   "type": "Feature",
   "geometry": {
    "type": "Point",
    "coordinates": [
     194231.777,
     547306.132
    ]
   },
   "properties": {
    "pid": "여의도고등학교 운동장-226",
    "school": "여의도고등학교",
    "kind": "운동장 지반",
    "dong": "여의도고등학교 운동장",
    "floor": 0,
    "source": "옥외지반 근사",
    "z_m": 0.0,
    "s2_total_h": 6.5,
    "s2_cont_h": 6.5,
    "s2_pass_a": true,
    "s1_pass_a": true,
    "change_cd": "keep_ok",
    "변화": "유지 충족"
   }
  },
  {
   "type": "Feature",
   "geometry": {
    "type": "Point",
    "coordinates": [
     194239.777,
     547306.132
    ]
   },
   "properties": {
    "pid": "여의도고등학교 운동장-227",
    "school": "여의도고등학교",
    "kind": "운동장 지반",
    "dong": "여의도고등학교 운동장",
    "floor": 0,
    "source": "옥외지반 근사",
    "z_m": 0.0,
    "s2_total_h": 6.67,
    "s2_cont_h": 6.33,
    "s2_pass_a": true,
    "s1_pass_a": true,
    "change_cd": "keep_ok",
    "변화": "유지 충족"
   }
  },
  {
   "type": "Feature",
   "geometry": {
    "type": "Point",
    "coordinates": [
     194247.777,
     547306.132
    ]
   },
   "properties": {
    "pid": "여의도고등학교 운동장-228",
    "school": "여의도고등학교",
    "kind": "운동장 지반",
    "dong": "여의도고등학교 운동장",
    "floor": 0,
    "source": "옥외지반 근사",
    "z_m": 0.0,
    "s2_total_h": 7.33,
    "s2_cont_h": 6.83,
    "s2_pass_a": true,
    "s1_pass_a": true,
    "change_cd": "keep_ok",
    "변화": "유지 충족"
   }
  },
  {
   "type": "Feature",
   "geometry": {
    "type": "Point",
    "coordinates": [
     194255.777,
     547306.132
    ]
   },
   "properties": {
    "pid": "여의도고등학교 운동장-229",
    "school": "여의도고등학교",
    "kind": "운동장 지반",
    "dong": "여의도고등학교 운동장",
    "floor": 0,
    "source": "옥외지반 근사",
    "z_m": 0.0,
    "s2_total_h": 7.5,
    "s2_cont_h": 6.83,
    "s2_pass_a": true,
    "s1_pass_a": true,
    "change_cd": "keep_ok",
    "변화": "유지 충족"
   }
  },
  {
   "type": "Feature",
   "geometry": {
    "type": "Point",
    "coordinates": [
     194263.777,
     547306.132
    ]
   },
   "properties": {
    "pid": "여의도고등학교 운동장-230",
    "school": "여의도고등학교",
    "kind": "운동장 지반",
    "dong": "여의도고등학교 운동장",
    "floor": 0,
    "source": "옥외지반 근사",
    "z_m": 0.0,
    "s2_total_h": 7.0,
    "s2_cont_h": 7.0,
    "s2_pass_a": true,
    "s1_pass_a": true,
    "change_cd": "keep_ok",
    "변화": "유지 충족"
   }
  },
  {
   "type": "Feature",
   "geometry": {
    "type": "Point",
    "coordinates": [
     194271.777,
     547306.132
    ]
   },
   "properties": {
    "pid": "여의도고등학교 운동장-231",
    "school": "여의도고등학교",
    "kind": "운동장 지반",
    "dong": "여의도고등학교 운동장",
    "floor": 0,
    "source": "옥외지반 근사",
    "z_m": 0.0,
    "s2_total_h": 7.33,
    "s2_cont_h": 7.0,
    "s2_pass_a": true,
    "s1_pass_a": true,
    "change_cd": "keep_ok",
    "변화": "유지 충족"
   }
  },
  {
   "type": "Feature",
   "geometry": {
    "type": "Point",
    "coordinates": [
     194063.777,
     547314.132
    ]
   },
   "properties": {
    "pid": "여의도고등학교 운동장-232",
    "school": "여의도고등학교",
    "kind": "운동장 지반",
    "dong": "여의도고등학교 운동장",
    "floor": 0,
    "source": "옥외지반 근사",
    "z_m": 0.0,
    "s2_total_h": 4.83,
    "s2_cont_h": 4.83,
    "s2_pass_a": true,
    "s1_pass_a": true,
    "change_cd": "keep_ok",
    "변화": "유지 충족"
   }
  },
  {
   "type": "Feature",
   "geometry": {
    "type": "Point",
    "coordinates": [
     194071.777,
     547314.132
    ]
   },
   "properties": {
    "pid": "여의도고등학교 운동장-233",
    "school": "여의도고등학교",
    "kind": "운동장 지반",
    "dong": "여의도고등학교 운동장",
    "floor": 0,
    "source": "옥외지반 근사",
    "z_m": 0.0,
    "s2_total_h": 5.33,
    "s2_cont_h": 5.33,
    "s2_pass_a": true,
    "s1_pass_a": true,
    "change_cd": "keep_ok",
    "변화": "유지 충족"
   }
  },
  {
   "type": "Feature",
   "geometry": {
    "type": "Point",
    "coordinates": [
     194079.777,
     547314.132
    ]
   },
   "properties": {
    "pid": "여의도고등학교 운동장-234",
    "school": "여의도고등학교",
    "kind": "운동장 지반",
    "dong": "여의도고등학교 운동장",
    "floor": 0,
    "source": "옥외지반 근사",
    "z_m": 0.0,
    "s2_total_h": 5.67,
    "s2_cont_h": 5.67,
    "s2_pass_a": true,
    "s1_pass_a": true,
    "change_cd": "keep_ok",
    "변화": "유지 충족"
   }
  },
  {
   "type": "Feature",
   "geometry": {
    "type": "Point",
    "coordinates": [
     194087.777,
     547314.132
    ]
   },
   "properties": {
    "pid": "여의도고등학교 운동장-235",
    "school": "여의도고등학교",
    "kind": "운동장 지반",
    "dong": "여의도고등학교 운동장",
    "floor": 0,
    "source": "옥외지반 근사",
    "z_m": 0.0,
    "s2_total_h": 6.0,
    "s2_cont_h": 6.0,
    "s2_pass_a": true,
    "s1_pass_a": true,
    "change_cd": "keep_ok",
    "변화": "유지 충족"
   }
  },
  {
   "type": "Feature",
   "geometry": {
    "type": "Point",
    "coordinates": [
     194095.777,
     547314.132
    ]
   },
   "properties": {
    "pid": "여의도고등학교 운동장-236",
    "school": "여의도고등학교",
    "kind": "운동장 지반",
    "dong": "여의도고등학교 운동장",
    "floor": 0,
    "source": "옥외지반 근사",
    "z_m": 0.0,
    "s2_total_h": 6.33,
    "s2_cont_h": 6.33,
    "s2_pass_a": true,
    "s1_pass_a": true,
    "change_cd": "keep_ok",
    "변화": "유지 충족"
   }
  },
  {
   "type": "Feature",
   "geometry": {
    "type": "Point",
    "coordinates": [
     194103.777,
     547314.132
    ]
   },
   "properties": {
    "pid": "여의도고등학교 운동장-237",
    "school": "여의도고등학교",
    "kind": "운동장 지반",
    "dong": "여의도고등학교 운동장",
    "floor": 0,
    "source": "옥외지반 근사",
    "z_m": 0.0,
    "s2_total_h": 6.5,
    "s2_cont_h": 6.5,
    "s2_pass_a": true,
    "s1_pass_a": true,
    "change_cd": "keep_ok",
    "변화": "유지 충족"
   }
  },
  {
   "type": "Feature",
   "geometry": {
    "type": "Point",
    "coordinates": [
     194111.777,
     547314.132
    ]
   },
   "properties": {
    "pid": "여의도고등학교 운동장-238",
    "school": "여의도고등학교",
    "kind": "운동장 지반",
    "dong": "여의도고등학교 운동장",
    "floor": 0,
    "source": "옥외지반 근사",
    "z_m": 0.0,
    "s2_total_h": 6.67,
    "s2_cont_h": 6.67,
    "s2_pass_a": true,
    "s1_pass_a": true,
    "change_cd": "keep_ok",
    "변화": "유지 충족"
   }
  },
  {
   "type": "Feature",
   "geometry": {
    "type": "Point",
    "coordinates": [
     194119.777,
     547314.132
    ]
   },
   "properties": {
    "pid": "여의도고등학교 운동장-239",
    "school": "여의도고등학교",
    "kind": "운동장 지반",
    "dong": "여의도고등학교 운동장",
    "floor": 0,
    "source": "옥외지반 근사",
    "z_m": 0.0,
    "s2_total_h": 6.5,
    "s2_cont_h": 6.5,
    "s2_pass_a": true,
    "s1_pass_a": true,
    "change_cd": "keep_ok",
    "변화": "유지 충족"
   }
  },
  {
   "type": "Feature",
   "geometry": {
    "type": "Point",
    "coordinates": [
     194127.777,
     547314.132
    ]
   },
   "properties": {
    "pid": "여의도고등학교 운동장-240",
    "school": "여의도고등학교",
    "kind": "운동장 지반",
    "dong": "여의도고등학교 운동장",
    "floor": 0,
    "source": "옥외지반 근사",
    "z_m": 0.0,
    "s2_total_h": 6.67,
    "s2_cont_h": 6.67,
    "s2_pass_a": true,
    "s1_pass_a": true,
    "change_cd": "keep_ok",
    "변화": "유지 충족"
   }
  },
  {
   "type": "Feature",
   "geometry": {
    "type": "Point",
    "coordinates": [
     194135.777,
     547314.132
    ]
   },
   "properties": {
    "pid": "여의도고등학교 운동장-241",
    "school": "여의도고등학교",
    "kind": "운동장 지반",
    "dong": "여의도고등학교 운동장",
    "floor": 0,
    "source": "옥외지반 근사",
    "z_m": 0.0,
    "s2_total_h": 6.5,
    "s2_cont_h": 6.5,
    "s2_pass_a": true,
    "s1_pass_a": true,
    "change_cd": "keep_ok",
    "변화": "유지 충족"
   }
  },
  {
   "type": "Feature",
   "geometry": {
    "type": "Point",
    "coordinates": [
     194143.777,
     547314.132
    ]
   },
   "properties": {
    "pid": "여의도고등학교 운동장-242",
    "school": "여의도고등학교",
    "kind": "운동장 지반",
    "dong": "여의도고등학교 운동장",
    "floor": 0,
    "source": "옥외지반 근사",
    "z_m": 0.0,
    "s2_total_h": 6.33,
    "s2_cont_h": 6.33,
    "s2_pass_a": true,
    "s1_pass_a": true,
    "change_cd": "keep_ok",
    "변화": "유지 충족"
   }
  },
  {
   "type": "Feature",
   "geometry": {
    "type": "Point",
    "coordinates": [
     194151.777,
     547314.132
    ]
   },
   "properties": {
    "pid": "여의도고등학교 운동장-243",
    "school": "여의도고등학교",
    "kind": "운동장 지반",
    "dong": "여의도고등학교 운동장",
    "floor": 0,
    "source": "옥외지반 근사",
    "z_m": 0.0,
    "s2_total_h": 6.0,
    "s2_cont_h": 5.17,
    "s2_pass_a": true,
    "s1_pass_a": true,
    "change_cd": "keep_ok",
    "변화": "유지 충족"
   }
  },
  {
   "type": "Feature",
   "geometry": {
    "type": "Point",
    "coordinates": [
     194183.777,
     547314.132
    ]
   },
   "properties": {
    "pid": "여의도고등학교 운동장-244",
    "school": "여의도고등학교",
    "kind": "운동장 지반",
    "dong": "여의도고등학교 운동장",
    "floor": 0,
    "source": "옥외지반 근사",
    "z_m": 0.0,
    "s2_total_h": 3.33,
    "s2_cont_h": 2.83,
    "s2_pass_a": true,
    "s1_pass_a": true,
    "change_cd": "keep_ok",
    "변화": "유지 충족"
   }
  },
  {
   "type": "Feature",
   "geometry": {
    "type": "Point",
    "coordinates": [
     194191.777,
     547314.132
    ]
   },
   "properties": {
    "pid": "여의도고등학교 운동장-245",
    "school": "여의도고등학교",
    "kind": "운동장 지반",
    "dong": "여의도고등학교 운동장",
    "floor": 0,
    "source": "옥외지반 근사",
    "z_m": 0.0,
    "s2_total_h": 4.5,
    "s2_cont_h": 4.5,
    "s2_pass_a": true,
    "s1_pass_a": true,
    "change_cd": "keep_ok",
    "변화": "유지 충족"
   }
  },
  {
   "type": "Feature",
   "geometry": {
    "type": "Point",
    "coordinates": [
     194199.777,
     547314.132
    ]
   },
   "properties": {
    "pid": "여의도고등학교 운동장-246",
    "school": "여의도고등학교",
    "kind": "운동장 지반",
    "dong": "여의도고등학교 운동장",
    "floor": 0,
    "source": "옥외지반 근사",
    "z_m": 0.0,
    "s2_total_h": 5.5,
    "s2_cont_h": 5.5,
    "s2_pass_a": true,
    "s1_pass_a": true,
    "change_cd": "keep_ok",
    "변화": "유지 충족"
   }
  },
  {
   "type": "Feature",
   "geometry": {
    "type": "Point",
    "coordinates": [
     194207.777,
     547314.132
    ]
   },
   "properties": {
    "pid": "여의도고등학교 운동장-247",
    "school": "여의도고등학교",
    "kind": "운동장 지반",
    "dong": "여의도고등학교 운동장",
    "floor": 0,
    "source": "옥외지반 근사",
    "z_m": 0.0,
    "s2_total_h": 6.17,
    "s2_cont_h": 6.17,
    "s2_pass_a": true,
    "s1_pass_a": true,
    "change_cd": "keep_ok",
    "변화": "유지 충족"
   }
  },
  {
   "type": "Feature",
   "geometry": {
    "type": "Point",
    "coordinates": [
     194215.777,
     547314.132
    ]
   },
   "properties": {
    "pid": "여의도고등학교 운동장-248",
    "school": "여의도고등학교",
    "kind": "운동장 지반",
    "dong": "여의도고등학교 운동장",
    "floor": 0,
    "source": "옥외지반 근사",
    "z_m": 0.0,
    "s2_total_h": 6.17,
    "s2_cont_h": 6.17,
    "s2_pass_a": true,
    "s1_pass_a": true,
    "change_cd": "keep_ok",
    "변화": "유지 충족"
   }
  },
  {
   "type": "Feature",
   "geometry": {
    "type": "Point",
    "coordinates": [
     194223.777,
     547314.132
    ]
   },
   "properties": {
    "pid": "여의도고등학교 운동장-249",
    "school": "여의도고등학교",
    "kind": "운동장 지반",
    "dong": "여의도고등학교 운동장",
    "floor": 0,
    "source": "옥외지반 근사",
    "z_m": 0.0,
    "s2_total_h": 6.17,
    "s2_cont_h": 6.17,
    "s2_pass_a": true,
    "s1_pass_a": true,
    "change_cd": "keep_ok",
    "변화": "유지 충족"
   }
  },
  {
   "type": "Feature",
   "geometry": {
    "type": "Point",
    "coordinates": [
     194231.777,
     547314.132
    ]
   },
   "properties": {
    "pid": "여의도고등학교 운동장-250",
    "school": "여의도고등학교",
    "kind": "운동장 지반",
    "dong": "여의도고등학교 운동장",
    "floor": 0,
    "source": "옥외지반 근사",
    "z_m": 0.0,
    "s2_total_h": 6.83,
    "s2_cont_h": 6.33,
    "s2_pass_a": true,
    "s1_pass_a": true,
    "change_cd": "keep_ok",
    "변화": "유지 충족"
   }
  },
  {
   "type": "Feature",
   "geometry": {
    "type": "Point",
    "coordinates": [
     194239.777,
     547314.132
    ]
   },
   "properties": {
    "pid": "여의도고등학교 운동장-251",
    "school": "여의도고등학교",
    "kind": "운동장 지반",
    "dong": "여의도고등학교 운동장",
    "floor": 0,
    "source": "옥외지반 근사",
    "z_m": 0.0,
    "s2_total_h": 7.17,
    "s2_cont_h": 6.67,
    "s2_pass_a": true,
    "s1_pass_a": true,
    "change_cd": "keep_ok",
    "변화": "유지 충족"
   }
  },
  {
   "type": "Feature",
   "geometry": {
    "type": "Point",
    "coordinates": [
     194247.777,
     547314.132
    ]
   },
   "properties": {
    "pid": "여의도고등학교 운동장-252",
    "school": "여의도고등학교",
    "kind": "운동장 지반",
    "dong": "여의도고등학교 운동장",
    "floor": 0,
    "source": "옥외지반 근사",
    "z_m": 0.0,
    "s2_total_h": 7.5,
    "s2_cont_h": 6.83,
    "s2_pass_a": true,
    "s1_pass_a": true,
    "change_cd": "keep_ok",
    "변화": "유지 충족"
   }
  },
  {
   "type": "Feature",
   "geometry": {
    "type": "Point",
    "coordinates": [
     194255.777,
     547314.132
    ]
   },
   "properties": {
    "pid": "여의도고등학교 운동장-253",
    "school": "여의도고등학교",
    "kind": "운동장 지반",
    "dong": "여의도고등학교 운동장",
    "floor": 0,
    "source": "옥외지반 근사",
    "z_m": 0.0,
    "s2_total_h": 7.5,
    "s2_cont_h": 6.83,
    "s2_pass_a": true,
    "s1_pass_a": true,
    "change_cd": "keep_ok",
    "변화": "유지 충족"
   }
  },
  {
   "type": "Feature",
   "geometry": {
    "type": "Point",
    "coordinates": [
     194263.777,
     547314.132
    ]
   },
   "properties": {
    "pid": "여의도고등학교 운동장-254",
    "school": "여의도고등학교",
    "kind": "운동장 지반",
    "dong": "여의도고등학교 운동장",
    "floor": 0,
    "source": "옥외지반 근사",
    "z_m": 0.0,
    "s2_total_h": 7.83,
    "s2_cont_h": 7.0,
    "s2_pass_a": true,
    "s1_pass_a": true,
    "change_cd": "keep_ok",
    "변화": "유지 충족"
   }
  },
  {
   "type": "Feature",
   "geometry": {
    "type": "Point",
    "coordinates": [
     194271.777,
     547314.132
    ]
   },
   "properties": {
    "pid": "여의도고등학교 운동장-255",
    "school": "여의도고등학교",
    "kind": "운동장 지반",
    "dong": "여의도고등학교 운동장",
    "floor": 0,
    "source": "옥외지반 근사",
    "z_m": 0.0,
    "s2_total_h": 7.83,
    "s2_cont_h": 7.0,
    "s2_pass_a": true,
    "s1_pass_a": true,
    "change_cd": "keep_ok",
    "변화": "유지 충족"
   }
  },
  {
   "type": "Feature",
   "geometry": {
    "type": "Point",
    "coordinates": [
     194063.777,
     547322.132
    ]
   },
   "properties": {
    "pid": "여의도고등학교 운동장-256",
    "school": "여의도고등학교",
    "kind": "운동장 지반",
    "dong": "여의도고등학교 운동장",
    "floor": 0,
    "source": "옥외지반 근사",
    "z_m": 0.0,
    "s2_total_h": 4.83,
    "s2_cont_h": 4.5,
    "s2_pass_a": true,
    "s1_pass_a": true,
    "change_cd": "keep_ok",
    "변화": "유지 충족"
   }
  },
  {
   "type": "Feature",
   "geometry": {
    "type": "Point",
    "coordinates": [
     194071.777,
     547322.132
    ]
   },
   "properties": {
    "pid": "여의도고등학교 운동장-257",
    "school": "여의도고등학교",
    "kind": "운동장 지반",
    "dong": "여의도고등학교 운동장",
    "floor": 0,
    "source": "옥외지반 근사",
    "z_m": 0.0,
    "s2_total_h": 4.83,
    "s2_cont_h": 4.83,
    "s2_pass_a": true,
    "s1_pass_a": true,
    "change_cd": "keep_ok",
    "변화": "유지 충족"
   }
  },
  {
   "type": "Feature",
   "geometry": {
    "type": "Point",
    "coordinates": [
     194079.777,
     547322.132
    ]
   },
   "properties": {
    "pid": "여의도고등학교 운동장-258",
    "school": "여의도고등학교",
    "kind": "운동장 지반",
    "dong": "여의도고등학교 운동장",
    "floor": 0,
    "source": "옥외지반 근사",
    "z_m": 0.0,
    "s2_total_h": 5.33,
    "s2_cont_h": 5.33,
    "s2_pass_a": true,
    "s1_pass_a": true,
    "change_cd": "keep_ok",
    "변화": "유지 충족"
   }
  },
  {
   "type": "Feature",
   "geometry": {
    "type": "Point",
    "coordinates": [
     194087.777,
     547322.132
    ]
   },
   "properties": {
    "pid": "여의도고등학교 운동장-259",
    "school": "여의도고등학교",
    "kind": "운동장 지반",
    "dong": "여의도고등학교 운동장",
    "floor": 0,
    "source": "옥외지반 근사",
    "z_m": 0.0,
    "s2_total_h": 5.5,
    "s2_cont_h": 5.5,
    "s2_pass_a": true,
    "s1_pass_a": true,
    "change_cd": "keep_ok",
    "변화": "유지 충족"
   }
  },
  {
   "type": "Feature",
   "geometry": {
    "type": "Point",
    "coordinates": [
     194095.777,
     547322.132
    ]
   },
   "properties": {
    "pid": "여의도고등학교 운동장-260",
    "school": "여의도고등학교",
    "kind": "운동장 지반",
    "dong": "여의도고등학교 운동장",
    "floor": 0,
    "source": "옥외지반 근사",
    "z_m": 0.0,
    "s2_total_h": 6.0,
    "s2_cont_h": 6.0,
    "s2_pass_a": true,
    "s1_pass_a": true,
    "change_cd": "keep_ok",
    "변화": "유지 충족"
   }
  },
  {
   "type": "Feature",
   "geometry": {
    "type": "Point",
    "coordinates": [
     194103.777,
     547322.132
    ]
   },
   "properties": {
    "pid": "여의도고등학교 운동장-261",
    "school": "여의도고등학교",
    "kind": "운동장 지반",
    "dong": "여의도고등학교 운동장",
    "floor": 0,
    "source": "옥외지반 근사",
    "z_m": 0.0,
    "s2_total_h": 6.33,
    "s2_cont_h": 6.33,
    "s2_pass_a": true,
    "s1_pass_a": true,
    "change_cd": "keep_ok",
    "변화": "유지 충족"
   }
  },
  {
   "type": "Feature",
   "geometry": {
    "type": "Point",
    "coordinates": [
     194111.777,
     547322.132
    ]
   },
   "properties": {
    "pid": "여의도고등학교 운동장-262",
    "school": "여의도고등학교",
    "kind": "운동장 지반",
    "dong": "여의도고등학교 운동장",
    "floor": 0,
    "source": "옥외지반 근사",
    "z_m": 0.0,
    "s2_total_h": 6.67,
    "s2_cont_h": 6.67,
    "s2_pass_a": true,
    "s1_pass_a": true,
    "change_cd": "keep_ok",
    "변화": "유지 충족"
   }
  },
  {
   "type": "Feature",
   "geometry": {
    "type": "Point",
    "coordinates": [
     194119.777,
     547322.132
    ]
   },
   "properties": {
    "pid": "여의도고등학교 운동장-263",
    "school": "여의도고등학교",
    "kind": "운동장 지반",
    "dong": "여의도고등학교 운동장",
    "floor": 0,
    "source": "옥외지반 근사",
    "z_m": 0.0,
    "s2_total_h": 6.67,
    "s2_cont_h": 6.67,
    "s2_pass_a": true,
    "s1_pass_a": true,
    "change_cd": "keep_ok",
    "변화": "유지 충족"
   }
  },
  {
   "type": "Feature",
   "geometry": {
    "type": "Point",
    "coordinates": [
     194127.777,
     547322.132
    ]
   },
   "properties": {
    "pid": "여의도고등학교 운동장-264",
    "school": "여의도고등학교",
    "kind": "운동장 지반",
    "dong": "여의도고등학교 운동장",
    "floor": 0,
    "source": "옥외지반 근사",
    "z_m": 0.0,
    "s2_total_h": 6.67,
    "s2_cont_h": 6.67,
    "s2_pass_a": true,
    "s1_pass_a": true,
    "change_cd": "keep_ok",
    "변화": "유지 충족"
   }
  },
  {
   "type": "Feature",
   "geometry": {
    "type": "Point",
    "coordinates": [
     194135.777,
     547322.132
    ]
   },
   "properties": {
    "pid": "여의도고등학교 운동장-265",
    "school": "여의도고등학교",
    "kind": "운동장 지반",
    "dong": "여의도고등학교 운동장",
    "floor": 0,
    "source": "옥외지반 근사",
    "z_m": 0.0,
    "s2_total_h": 6.33,
    "s2_cont_h": 6.33,
    "s2_pass_a": true,
    "s1_pass_a": true,
    "change_cd": "keep_ok",
    "변화": "유지 충족"
   }
  },
  {
   "type": "Feature",
   "geometry": {
    "type": "Point",
    "coordinates": [
     194143.777,
     547322.132
    ]
   },
   "properties": {
    "pid": "여의도고등학교 운동장-266",
    "school": "여의도고등학교",
    "kind": "운동장 지반",
    "dong": "여의도고등학교 운동장",
    "floor": 0,
    "source": "옥외지반 근사",
    "z_m": 0.0,
    "s2_total_h": 6.0,
    "s2_cont_h": 6.0,
    "s2_pass_a": true,
    "s1_pass_a": true,
    "change_cd": "keep_ok",
    "변화": "유지 충족"
   }
  },
  {
   "type": "Feature",
   "geometry": {
    "type": "Point",
    "coordinates": [
     194175.777,
     547322.132
    ]
   },
   "properties": {
    "pid": "여의도고등학교 운동장-267",
    "school": "여의도고등학교",
    "kind": "운동장 지반",
    "dong": "여의도고등학교 운동장",
    "floor": 0,
    "source": "옥외지반 근사",
    "z_m": 0.0,
    "s2_total_h": 2.5,
    "s2_cont_h": 2.5,
    "s2_pass_a": true,
    "s1_pass_a": true,
    "change_cd": "keep_ok",
    "변화": "유지 충족"
   }
  },
  {
   "type": "Feature",
   "geometry": {
    "type": "Point",
    "coordinates": [
     194183.777,
     547322.132
    ]
   },
   "properties": {
    "pid": "여의도고등학교 운동장-268",
    "school": "여의도고등학교",
    "kind": "운동장 지반",
    "dong": "여의도고등학교 운동장",
    "floor": 0,
    "source": "옥외지반 근사",
    "z_m": 0.0,
    "s2_total_h": 4.17,
    "s2_cont_h": 4.17,
    "s2_pass_a": true,
    "s1_pass_a": true,
    "change_cd": "keep_ok",
    "변화": "유지 충족"
   }
  },
  {
   "type": "Feature",
   "geometry": {
    "type": "Point",
    "coordinates": [
     194191.777,
     547322.132
    ]
   },
   "properties": {
    "pid": "여의도고등학교 운동장-269",
    "school": "여의도고등학교",
    "kind": "운동장 지반",
    "dong": "여의도고등학교 운동장",
    "floor": 0,
    "source": "옥외지반 근사",
    "z_m": 0.0,
    "s2_total_h": 5.33,
    "s2_cont_h": 5.33,
    "s2_pass_a": true,
    "s1_pass_a": true,
    "change_cd": "keep_ok",
    "변화": "유지 충족"
   }
  },
  {
   "type": "Feature",
   "geometry": {
    "type": "Point",
    "coordinates": [
     194199.777,
     547322.132
    ]
   },
   "properties": {
    "pid": "여의도고등학교 운동장-270",
    "school": "여의도고등학교",
    "kind": "운동장 지반",
    "dong": "여의도고등학교 운동장",
    "floor": 0,
    "source": "옥외지반 근사",
    "z_m": 0.0,
    "s2_total_h": 5.83,
    "s2_cont_h": 5.83,
    "s2_pass_a": true,
    "s1_pass_a": true,
    "change_cd": "keep_ok",
    "변화": "유지 충족"
   }
  },
  {
   "type": "Feature",
   "geometry": {
    "type": "Point",
    "coordinates": [
     194207.777,
     547322.132
    ]
   },
   "properties": {
    "pid": "여의도고등학교 운동장-271",
    "school": "여의도고등학교",
    "kind": "운동장 지반",
    "dong": "여의도고등학교 운동장",
    "floor": 0,
    "source": "옥외지반 근사",
    "z_m": 0.0,
    "s2_total_h": 6.33,
    "s2_cont_h": 6.33,
    "s2_pass_a": true,
    "s1_pass_a": true,
    "change_cd": "keep_ok",
    "변화": "유지 충족"
   }
  },
  {
   "type": "Feature",
   "geometry": {
    "type": "Point",
    "coordinates": [
     194215.777,
     547322.132
    ]
   },
   "properties": {
    "pid": "여의도고등학교 운동장-272",
    "school": "여의도고등학교",
    "kind": "운동장 지반",
    "dong": "여의도고등학교 운동장",
    "floor": 0,
    "source": "옥외지반 근사",
    "z_m": 0.0,
    "s2_total_h": 6.67,
    "s2_cont_h": 6.33,
    "s2_pass_a": true,
    "s1_pass_a": true,
    "change_cd": "keep_ok",
    "변화": "유지 충족"
   }
  },
  {
   "type": "Feature",
   "geometry": {
    "type": "Point",
    "coordinates": [
     194223.777,
     547322.132
    ]
   },
   "properties": {
    "pid": "여의도고등학교 운동장-273",
    "school": "여의도고등학교",
    "kind": "운동장 지반",
    "dong": "여의도고등학교 운동장",
    "floor": 0,
    "source": "옥외지반 근사",
    "z_m": 0.0,
    "s2_total_h": 7.0,
    "s2_cont_h": 6.5,
    "s2_pass_a": true,
    "s1_pass_a": true,
    "change_cd": "keep_ok",
    "변화": "유지 충족"
   }
  },
  {
   "type": "Feature",
   "geometry": {
    "type": "Point",
    "coordinates": [
     194231.777,
     547322.132
    ]
   },
   "properties": {
    "pid": "여의도고등학교 운동장-274",
    "school": "여의도고등학교",
    "kind": "운동장 지반",
    "dong": "여의도고등학교 운동장",
    "floor": 0,
    "source": "옥외지반 근사",
    "z_m": 0.0,
    "s2_total_h": 7.17,
    "s2_cont_h": 6.67,
    "s2_pass_a": true,
    "s1_pass_a": true,
    "change_cd": "keep_ok",
    "변화": "유지 충족"
   }
  },
  {
   "type": "Feature",
   "geometry": {
    "type": "Point",
    "coordinates": [
     194239.777,
     547322.132
    ]
   },
   "properties": {
    "pid": "여의도고등학교 운동장-275",
    "school": "여의도고등학교",
    "kind": "운동장 지반",
    "dong": "여의도고등학교 운동장",
    "floor": 0,
    "source": "옥외지반 근사",
    "z_m": 0.0,
    "s2_total_h": 7.33,
    "s2_cont_h": 6.67,
    "s2_pass_a": true,
    "s1_pass_a": true,
    "change_cd": "keep_ok",
    "변화": "유지 충족"
   }
  },
  {
   "type": "Feature",
   "geometry": {
    "type": "Point",
    "coordinates": [
     194247.777,
     547322.132
    ]
   },
   "properties": {
    "pid": "여의도고등학교 운동장-276",
    "school": "여의도고등학교",
    "kind": "운동장 지반",
    "dong": "여의도고등학교 운동장",
    "floor": 0,
    "source": "옥외지반 근사",
    "z_m": 0.0,
    "s2_total_h": 7.5,
    "s2_cont_h": 6.67,
    "s2_pass_a": true,
    "s1_pass_a": true,
    "change_cd": "keep_ok",
    "변화": "유지 충족"
   }
  },
  {
   "type": "Feature",
   "geometry": {
    "type": "Point",
    "coordinates": [
     194255.777,
     547322.132
    ]
   },
   "properties": {
    "pid": "여의도고등학교 운동장-277",
    "school": "여의도고등학교",
    "kind": "운동장 지반",
    "dong": "여의도고등학교 운동장",
    "floor": 0,
    "source": "옥외지반 근사",
    "z_m": 0.0,
    "s2_total_h": 7.67,
    "s2_cont_h": 6.83,
    "s2_pass_a": true,
    "s1_pass_a": true,
    "change_cd": "keep_ok",
    "변화": "유지 충족"
   }
  },
  {
   "type": "Feature",
   "geometry": {
    "type": "Point",
    "coordinates": [
     194263.777,
     547322.132
    ]
   },
   "properties": {
    "pid": "여의도고등학교 운동장-278",
    "school": "여의도고등학교",
    "kind": "운동장 지반",
    "dong": "여의도고등학교 운동장",
    "floor": 0,
    "source": "옥외지반 근사",
    "z_m": 0.0,
    "s2_total_h": 7.67,
    "s2_cont_h": 6.83,
    "s2_pass_a": true,
    "s1_pass_a": true,
    "change_cd": "keep_ok",
    "변화": "유지 충족"
   }
  },
  {
   "type": "Feature",
   "geometry": {
    "type": "Point",
    "coordinates": [
     194063.777,
     547330.132
    ]
   },
   "properties": {
    "pid": "여의도고등학교 운동장-279",
    "school": "여의도고등학교",
    "kind": "운동장 지반",
    "dong": "여의도고등학교 운동장",
    "floor": 0,
    "source": "옥외지반 근사",
    "z_m": 0.0,
    "s2_total_h": 4.83,
    "s2_cont_h": 4.33,
    "s2_pass_a": true,
    "s1_pass_a": true,
    "change_cd": "keep_ok",
    "변화": "유지 충족"
   }
  },
  {
   "type": "Feature",
   "geometry": {
    "type": "Point",
    "coordinates": [
     194071.777,
     547330.132
    ]
   },
   "properties": {
    "pid": "여의도고등학교 운동장-280",
    "school": "여의도고등학교",
    "kind": "운동장 지반",
    "dong": "여의도고등학교 운동장",
    "floor": 0,
    "source": "옥외지반 근사",
    "z_m": 0.0,
    "s2_total_h": 5.17,
    "s2_cont_h": 4.83,
    "s2_pass_a": true,
    "s1_pass_a": true,
    "change_cd": "keep_ok",
    "변화": "유지 충족"
   }
  },
  {
   "type": "Feature",
   "geometry": {
    "type": "Point",
    "coordinates": [
     194079.777,
     547330.132
    ]
   },
   "properties": {
    "pid": "여의도고등학교 운동장-281",
    "school": "여의도고등학교",
    "kind": "운동장 지반",
    "dong": "여의도고등학교 운동장",
    "floor": 0,
    "source": "옥외지반 근사",
    "z_m": 0.0,
    "s2_total_h": 5.17,
    "s2_cont_h": 5.17,
    "s2_pass_a": true,
    "s1_pass_a": true,
    "change_cd": "keep_ok",
    "변화": "유지 충족"
   }
  },
  {
   "type": "Feature",
   "geometry": {
    "type": "Point",
    "coordinates": [
     194095.777,
     547330.132
    ]
   },
   "properties": {
    "pid": "여의도고등학교 운동장-282",
    "school": "여의도고등학교",
    "kind": "운동장 지반",
    "dong": "여의도고등학교 운동장",
    "floor": 0,
    "source": "옥외지반 근사",
    "z_m": 0.0,
    "s2_total_h": 5.83,
    "s2_cont_h": 5.83,
    "s2_pass_a": true,
    "s1_pass_a": true,
    "change_cd": "keep_ok",
    "변화": "유지 충족"
   }
  },
  {
   "type": "Feature",
   "geometry": {
    "type": "Point",
    "coordinates": [
     194103.777,
     547330.132
    ]
   },
   "properties": {
    "pid": "여의도고등학교 운동장-283",
    "school": "여의도고등학교",
    "kind": "운동장 지반",
    "dong": "여의도고등학교 운동장",
    "floor": 0,
    "source": "옥외지반 근사",
    "z_m": 0.0,
    "s2_total_h": 6.17,
    "s2_cont_h": 6.17,
    "s2_pass_a": true,
    "s1_pass_a": true,
    "change_cd": "keep_ok",
    "변화": "유지 충족"
   }
  },
  {
   "type": "Feature",
   "geometry": {
    "type": "Point",
    "coordinates": [
     194111.777,
     547330.132
    ]
   },
   "properties": {
    "pid": "여의도고등학교 운동장-284",
    "school": "여의도고등학교",
    "kind": "운동장 지반",
    "dong": "여의도고등학교 운동장",
    "floor": 0,
    "source": "옥외지반 근사",
    "z_m": 0.0,
    "s2_total_h": 6.33,
    "s2_cont_h": 6.33,
    "s2_pass_a": true,
    "s1_pass_a": true,
    "change_cd": "keep_ok",
    "변화": "유지 충족"
   }
  },
  {
   "type": "Feature",
   "geometry": {
    "type": "Point",
    "coordinates": [
     194119.777,
     547330.132
    ]
   },
   "properties": {
    "pid": "여의도고등학교 운동장-285",
    "school": "여의도고등학교",
    "kind": "운동장 지반",
    "dong": "여의도고등학교 운동장",
    "floor": 0,
    "source": "옥외지반 근사",
    "z_m": 0.0,
    "s2_total_h": 6.5,
    "s2_cont_h": 6.5,
    "s2_pass_a": true,
    "s1_pass_a": true,
    "change_cd": "keep_ok",
    "변화": "유지 충족"
   }
  },
  {
   "type": "Feature",
   "geometry": {
    "type": "Point",
    "coordinates": [
     194127.777,
     547330.132
    ]
   },
   "properties": {
    "pid": "여의도고등학교 운동장-286",
    "school": "여의도고등학교",
    "kind": "운동장 지반",
    "dong": "여의도고등학교 운동장",
    "floor": 0,
    "source": "옥외지반 근사",
    "z_m": 0.0,
    "s2_total_h": 6.33,
    "s2_cont_h": 6.33,
    "s2_pass_a": true,
    "s1_pass_a": true,
    "change_cd": "keep_ok",
    "변화": "유지 충족"
   }
  },
  {
   "type": "Feature",
   "geometry": {
    "type": "Point",
    "coordinates": [
     194135.777,
     547330.132
    ]
   },
   "properties": {
    "pid": "여의도고등학교 운동장-287",
    "school": "여의도고등학교",
    "kind": "운동장 지반",
    "dong": "여의도고등학교 운동장",
    "floor": 0,
    "source": "옥외지반 근사",
    "z_m": 0.0,
    "s2_total_h": 6.17,
    "s2_cont_h": 6.17,
    "s2_pass_a": true,
    "s1_pass_a": true,
    "change_cd": "keep_ok",
    "변화": "유지 충족"
   }
  },
  {
   "type": "Feature",
   "geometry": {
    "type": "Point",
    "coordinates": [
     194167.777,
     547330.132
    ]
   },
   "properties": {
    "pid": "여의도고등학교 운동장-288",
    "school": "여의도고등학교",
    "kind": "운동장 지반",
    "dong": "여의도고등학교 운동장",
    "floor": 0,
    "source": "옥외지반 근사",
    "z_m": 0.0,
    "s2_total_h": 2.17,
    "s2_cont_h": 2.17,
    "s2_pass_a": true,
    "s1_pass_a": true,
    "change_cd": "keep_ok",
    "변화": "유지 충족"
   }
  },
  {
   "type": "Feature",
   "geometry": {
    "type": "Point",
    "coordinates": [
     194175.777,
     547330.132
    ]
   },
   "properties": {
    "pid": "여의도고등학교 운동장-289",
    "school": "여의도고등학교",
    "kind": "운동장 지반",
    "dong": "여의도고등학교 운동장",
    "floor": 0,
    "source": "옥외지반 근사",
    "z_m": 0.0,
    "s2_total_h": 3.17,
    "s2_cont_h": 3.17,
    "s2_pass_a": true,
    "s1_pass_a": true,
    "change_cd": "keep_ok",
    "변화": "유지 충족"
   }
  },
  {
   "type": "Feature",
   "geometry": {
    "type": "Point",
    "coordinates": [
     194183.777,
     547330.132
    ]
   },
   "properties": {
    "pid": "여의도고등학교 운동장-290",
    "school": "여의도고등학교",
    "kind": "운동장 지반",
    "dong": "여의도고등학교 운동장",
    "floor": 0,
    "source": "옥외지반 근사",
    "z_m": 0.0,
    "s2_total_h": 4.33,
    "s2_cont_h": 4.33,
    "s2_pass_a": true,
    "s1_pass_a": true,
    "change_cd": "keep_ok",
    "변화": "유지 충족"
   }
  },
  {
   "type": "Feature",
   "geometry": {
    "type": "Point",
    "coordinates": [
     194191.777,
     547330.132
    ]
   },
   "properties": {
    "pid": "여의도고등학교 운동장-291",
    "school": "여의도고등학교",
    "kind": "운동장 지반",
    "dong": "여의도고등학교 운동장",
    "floor": 0,
    "source": "옥외지반 근사",
    "z_m": 0.0,
    "s2_total_h": 5.33,
    "s2_cont_h": 5.33,
    "s2_pass_a": true,
    "s1_pass_a": true,
    "change_cd": "keep_ok",
    "변화": "유지 충족"
   }
  },
  {
   "type": "Feature",
   "geometry": {
    "type": "Point",
    "coordinates": [
     194199.777,
     547330.132
    ]
   },
   "properties": {
    "pid": "여의도고등학교 운동장-292",
    "school": "여의도고등학교",
    "kind": "운동장 지반",
    "dong": "여의도고등학교 운동장",
    "floor": 0,
    "source": "옥외지반 근사",
    "z_m": 0.0,
    "s2_total_h": 6.33,
    "s2_cont_h": 6.33,
    "s2_pass_a": true,
    "s1_pass_a": true,
    "change_cd": "keep_ok",
    "변화": "유지 충족"
   }
  },
  {
   "type": "Feature",
   "geometry": {
    "type": "Point",
    "coordinates": [
     194207.777,
     547330.132
    ]
   },
   "properties": {
    "pid": "여의도고등학교 운동장-293",
    "school": "여의도고등학교",
    "kind": "운동장 지반",
    "dong": "여의도고등학교 운동장",
    "floor": 0,
    "source": "옥외지반 근사",
    "z_m": 0.0,
    "s2_total_h": 6.83,
    "s2_cont_h": 6.83,
    "s2_pass_a": true,
    "s1_pass_a": true,
    "change_cd": "keep_ok",
    "변화": "유지 충족"
   }
  },
  {
   "type": "Feature",
   "geometry": {
    "type": "Point",
    "coordinates": [
     194215.777,
     547330.132
    ]
   },
   "properties": {
    "pid": "여의도고등학교 운동장-294",
    "school": "여의도고등학교",
    "kind": "운동장 지반",
    "dong": "여의도고등학교 운동장",
    "floor": 0,
    "source": "옥외지반 근사",
    "z_m": 0.0,
    "s2_total_h": 7.17,
    "s2_cont_h": 7.17,
    "s2_pass_a": true,
    "s1_pass_a": true,
    "change_cd": "keep_ok",
    "변화": "유지 충족"
   }
  },
  {
   "type": "Feature",
   "geometry": {
    "type": "Point",
    "coordinates": [
     194223.777,
     547330.132
    ]
   },
   "properties": {
    "pid": "여의도고등학교 운동장-295",
    "school": "여의도고등학교",
    "kind": "운동장 지반",
    "dong": "여의도고등학교 운동장",
    "floor": 0,
    "source": "옥외지반 근사",
    "z_m": 0.0,
    "s2_total_h": 7.5,
    "s2_cont_h": 7.5,
    "s2_pass_a": true,
    "s1_pass_a": true,
    "change_cd": "keep_ok",
    "변화": "유지 충족"
   }
  },
  {
   "type": "Feature",
   "geometry": {
    "type": "Point",
    "coordinates": [
     194231.777,
     547330.132
    ]
   },
   "properties": {
    "pid": "여의도고등학교 운동장-296",
    "school": "여의도고등학교",
    "kind": "운동장 지반",
    "dong": "여의도고등학교 운동장",
    "floor": 0,
    "source": "옥외지반 근사",
    "z_m": 0.0,
    "s2_total_h": 7.5,
    "s2_cont_h": 6.67,
    "s2_pass_a": true,
    "s1_pass_a": true,
    "change_cd": "keep_ok",
    "변화": "유지 충족"
   }
  },
  {
   "type": "Feature",
   "geometry": {
    "type": "Point",
    "coordinates": [
     194239.777,
     547330.132
    ]
   },
   "properties": {
    "pid": "여의도고등학교 운동장-297",
    "school": "여의도고등학교",
    "kind": "운동장 지반",
    "dong": "여의도고등학교 운동장",
    "floor": 0,
    "source": "옥외지반 근사",
    "z_m": 0.0,
    "s2_total_h": 7.67,
    "s2_cont_h": 6.67,
    "s2_pass_a": true,
    "s1_pass_a": true,
    "change_cd": "keep_ok",
    "변화": "유지 충족"
   }
  },
  {
   "type": "Feature",
   "geometry": {
    "type": "Point",
    "coordinates": [
     194247.777,
     547330.132
    ]
   },
   "properties": {
    "pid": "여의도고등학교 운동장-298",
    "school": "여의도고등학교",
    "kind": "운동장 지반",
    "dong": "여의도고등학교 운동장",
    "floor": 0,
    "source": "옥외지반 근사",
    "z_m": 0.0,
    "s2_total_h": 7.5,
    "s2_cont_h": 6.67,
    "s2_pass_a": true,
    "s1_pass_a": true,
    "change_cd": "keep_ok",
    "변화": "유지 충족"
   }
  },
  {
   "type": "Feature",
   "geometry": {
    "type": "Point",
    "coordinates": [
     194071.777,
     547338.132
    ]
   },
   "properties": {
    "pid": "여의도고등학교 운동장-299",
    "school": "여의도고등학교",
    "kind": "운동장 지반",
    "dong": "여의도고등학교 운동장",
    "floor": 0,
    "source": "옥외지반 근사",
    "z_m": 0.0,
    "s2_total_h": 4.83,
    "s2_cont_h": 4.33,
    "s2_pass_a": true,
    "s1_pass_a": true,
    "change_cd": "keep_ok",
    "변화": "유지 충족"
   }
  },
  {
   "type": "Feature",
   "geometry": {
    "type": "Point",
    "coordinates": [
     194079.777,
     547338.132
    ]
   },
   "properties": {
    "pid": "여의도고등학교 운동장-300",
    "school": "여의도고등학교",
    "kind": "운동장 지반",
    "dong": "여의도고등학교 운동장",
    "floor": 0,
    "source": "옥외지반 근사",
    "z_m": 0.0,
    "s2_total_h": 1.17,
    "s2_cont_h": 0.83,
    "s2_pass_a": false,
    "s1_pass_a": false,
    "change_cd": "keep_fail",
    "변화": "유지 불충족"
   }
  },
  {
   "type": "Feature",
   "geometry": {
    "type": "Point",
    "coordinates": [
     194103.777,
     547338.132
    ]
   },
   "properties": {
    "pid": "여의도고등학교 운동장-301",
    "school": "여의도고등학교",
    "kind": "운동장 지반",
    "dong": "여의도고등학교 운동장",
    "floor": 0,
    "source": "옥외지반 근사",
    "z_m": 0.0,
    "s2_total_h": 5.83,
    "s2_cont_h": 5.83,
    "s2_pass_a": true,
    "s1_pass_a": true,
    "change_cd": "keep_ok",
    "변화": "유지 충족"
   }
  },
  {
   "type": "Feature",
   "geometry": {
    "type": "Point",
    "coordinates": [
     194111.777,
     547338.132
    ]
   },
   "properties": {
    "pid": "여의도고등학교 운동장-302",
    "school": "여의도고등학교",
    "kind": "운동장 지반",
    "dong": "여의도고등학교 운동장",
    "floor": 0,
    "source": "옥외지반 근사",
    "z_m": 0.0,
    "s2_total_h": 6.17,
    "s2_cont_h": 6.17,
    "s2_pass_a": true,
    "s1_pass_a": true,
    "change_cd": "keep_ok",
    "변화": "유지 충족"
   }
  },
  {
   "type": "Feature",
   "geometry": {
    "type": "Point",
    "coordinates": [
     194119.777,
     547338.132
    ]
   },
   "properties": {
    "pid": "여의도고등학교 운동장-303",
    "school": "여의도고등학교",
    "kind": "운동장 지반",
    "dong": "여의도고등학교 운동장",
    "floor": 0,
    "source": "옥외지반 근사",
    "z_m": 0.0,
    "s2_total_h": 6.0,
    "s2_cont_h": 6.0,
    "s2_pass_a": true,
    "s1_pass_a": true,
    "change_cd": "keep_ok",
    "변화": "유지 충족"
   }
  },
  {
   "type": "Feature",
   "geometry": {
    "type": "Point",
    "coordinates": [
     194127.777,
     547338.132
    ]
   },
   "properties": {
    "pid": "여의도고등학교 운동장-304",
    "school": "여의도고등학교",
    "kind": "운동장 지반",
    "dong": "여의도고등학교 운동장",
    "floor": 0,
    "source": "옥외지반 근사",
    "z_m": 0.0,
    "s2_total_h": 6.0,
    "s2_cont_h": 6.0,
    "s2_pass_a": true,
    "s1_pass_a": true,
    "change_cd": "keep_ok",
    "변화": "유지 충족"
   }
  },
  {
   "type": "Feature",
   "geometry": {
    "type": "Point",
    "coordinates": [
     194159.777,
     547338.132
    ]
   },
   "properties": {
    "pid": "여의도고등학교 운동장-305",
    "school": "여의도고등학교",
    "kind": "운동장 지반",
    "dong": "여의도고등학교 운동장",
    "floor": 0,
    "source": "옥외지반 근사",
    "z_m": 0.0,
    "s2_total_h": 1.83,
    "s2_cont_h": 1.83,
    "s2_pass_a": false,
    "s1_pass_a": false,
    "change_cd": "keep_fail",
    "변화": "유지 불충족"
   }
  },
  {
   "type": "Feature",
   "geometry": {
    "type": "Point",
    "coordinates": [
     194167.777,
     547338.132
    ]
   },
   "properties": {
    "pid": "여의도고등학교 운동장-306",
    "school": "여의도고등학교",
    "kind": "운동장 지반",
    "dong": "여의도고등학교 운동장",
    "floor": 0,
    "source": "옥외지반 근사",
    "z_m": 0.0,
    "s2_total_h": 2.67,
    "s2_cont_h": 2.67,
    "s2_pass_a": true,
    "s1_pass_a": true,
    "change_cd": "keep_ok",
    "변화": "유지 충족"
   }
  },
  {
   "type": "Feature",
   "geometry": {
    "type": "Point",
    "coordinates": [
     194175.777,
     547338.132
    ]
   },
   "properties": {
    "pid": "여의도고등학교 운동장-307",
    "school": "여의도고등학교",
    "kind": "운동장 지반",
    "dong": "여의도고등학교 운동장",
    "floor": 0,
    "source": "옥외지반 근사",
    "z_m": 0.0,
    "s2_total_h": 3.5,
    "s2_cont_h": 3.5,
    "s2_pass_a": true,
    "s1_pass_a": true,
    "change_cd": "keep_ok",
    "변화": "유지 충족"
   }
  },
  {
   "type": "Feature",
   "geometry": {
    "type": "Point",
    "coordinates": [
     194183.777,
     547338.132
    ]
   },
   "properties": {
    "pid": "여의도고등학교 운동장-308",
    "school": "여의도고등학교",
    "kind": "운동장 지반",
    "dong": "여의도고등학교 운동장",
    "floor": 0,
    "source": "옥외지반 근사",
    "z_m": 0.0,
    "s2_total_h": 4.5,
    "s2_cont_h": 4.5,
    "s2_pass_a": true,
    "s1_pass_a": true,
    "change_cd": "keep_ok",
    "변화": "유지 충족"
   }
  },
  {
   "type": "Feature",
   "geometry": {
    "type": "Point",
    "coordinates": [
     194191.777,
     547338.132
    ]
   },
   "properties": {
    "pid": "여의도고등학교 운동장-309",
    "school": "여의도고등학교",
    "kind": "운동장 지반",
    "dong": "여의도고등학교 운동장",
    "floor": 0,
    "source": "옥외지반 근사",
    "z_m": 0.0,
    "s2_total_h": 5.67,
    "s2_cont_h": 5.67,
    "s2_pass_a": true,
    "s1_pass_a": true,
    "change_cd": "keep_ok",
    "변화": "유지 충족"
   }
  },
  {
   "type": "Feature",
   "geometry": {
    "type": "Point",
    "coordinates": [
     194199.777,
     547338.132
    ]
   },
   "properties": {
    "pid": "여의도고등학교 운동장-310",
    "school": "여의도고등학교",
    "kind": "운동장 지반",
    "dong": "여의도고등학교 운동장",
    "floor": 0,
    "source": "옥외지반 근사",
    "z_m": 0.0,
    "s2_total_h": 6.33,
    "s2_cont_h": 6.33,
    "s2_pass_a": true,
    "s1_pass_a": true,
    "change_cd": "keep_ok",
    "변화": "유지 충족"
   }
  },
  {
   "type": "Feature",
   "geometry": {
    "type": "Point",
    "coordinates": [
     194207.777,
     547338.132
    ]
   },
   "properties": {
    "pid": "여의도고등학교 운동장-311",
    "school": "여의도고등학교",
    "kind": "운동장 지반",
    "dong": "여의도고등학교 운동장",
    "floor": 0,
    "source": "옥외지반 근사",
    "z_m": 0.0,
    "s2_total_h": 6.83,
    "s2_cont_h": 6.83,
    "s2_pass_a": true,
    "s1_pass_a": true,
    "change_cd": "keep_ok",
    "변화": "유지 충족"
   }
  },
  {
   "type": "Feature",
   "geometry": {
    "type": "Point",
    "coordinates": [
     194215.777,
     547338.132
    ]
   },
   "properties": {
    "pid": "여의도고등학교 운동장-312",
    "school": "여의도고등학교",
    "kind": "운동장 지반",
    "dong": "여의도고등학교 운동장",
    "floor": 0,
    "source": "옥외지반 근사",
    "z_m": 0.0,
    "s2_total_h": 7.5,
    "s2_cont_h": 7.5,
    "s2_pass_a": true,
    "s1_pass_a": true,
    "change_cd": "keep_ok",
    "변화": "유지 충족"
   }
  },
  {
   "type": "Feature",
   "geometry": {
    "type": "Point",
    "coordinates": [
     194223.777,
     547338.132
    ]
   },
   "properties": {
    "pid": "여의도고등학교 운동장-313",
    "school": "여의도고등학교",
    "kind": "운동장 지반",
    "dong": "여의도고등학교 운동장",
    "floor": 0,
    "source": "옥외지반 근사",
    "z_m": 0.0,
    "s2_total_h": 7.67,
    "s2_cont_h": 7.67,
    "s2_pass_a": true,
    "s1_pass_a": true,
    "change_cd": "keep_ok",
    "변화": "유지 충족"
   }
  },
  {
   "type": "Feature",
   "geometry": {
    "type": "Point",
    "coordinates": [
     194231.777,
     547338.132
    ]
   },
   "properties": {
    "pid": "여의도고등학교 운동장-314",
    "school": "여의도고등학교",
    "kind": "운동장 지반",
    "dong": "여의도고등학교 운동장",
    "floor": 0,
    "source": "옥외지반 근사",
    "z_m": 0.0,
    "s2_total_h": 7.83,
    "s2_cont_h": 7.83,
    "s2_pass_a": true,
    "s1_pass_a": true,
    "change_cd": "keep_ok",
    "변화": "유지 충족"
   }
  },
  {
   "type": "Feature",
   "geometry": {
    "type": "Point",
    "coordinates": [
     194071.777,
     547346.132
    ]
   },
   "properties": {
    "pid": "여의도고등학교 운동장-315",
    "school": "여의도고등학교",
    "kind": "운동장 지반",
    "dong": "여의도고등학교 운동장",
    "floor": 0,
    "source": "옥외지반 근사",
    "z_m": 0.0,
    "s2_total_h": 3.67,
    "s2_cont_h": 3.17,
    "s2_pass_a": true,
    "s1_pass_a": true,
    "change_cd": "keep_ok",
    "변화": "유지 충족"
   }
  },
  {
   "type": "Feature",
   "geometry": {
    "type": "Point",
    "coordinates": [
     194079.777,
     547346.132
    ]
   },
   "properties": {
    "pid": "여의도고등학교 운동장-316",
    "school": "여의도고등학교",
    "kind": "운동장 지반",
    "dong": "여의도고등학교 운동장",
    "floor": 0,
    "source": "옥외지반 근사",
    "z_m": 0.0,
    "s2_total_h": 1.5,
    "s2_cont_h": 1.0,
    "s2_pass_a": false,
    "s1_pass_a": false,
    "change_cd": "keep_fail",
    "변화": "유지 불충족"
   }
  },
  {
   "type": "Feature",
   "geometry": {
    "type": "Point",
    "coordinates": [
     194119.777,
     547346.132
    ]
   },
   "properties": {
    "pid": "여의도고등학교 운동장-317",
    "school": "여의도고등학교",
    "kind": "운동장 지반",
    "dong": "여의도고등학교 운동장",
    "floor": 0,
    "source": "옥외지반 근사",
    "z_m": 0.0,
    "s2_total_h": 5.67,
    "s2_cont_h": 5.67,
    "s2_pass_a": true,
    "s1_pass_a": true,
    "change_cd": "keep_ok",
    "변화": "유지 충족"
   }
  },
  {
   "type": "Feature",
   "geometry": {
    "type": "Point",
    "coordinates": [
     194127.777,
     547346.132
    ]
   },
   "properties": {
    "pid": "여의도고등학교 운동장-318",
    "school": "여의도고등학교",
    "kind": "운동장 지반",
    "dong": "여의도고등학교 운동장",
    "floor": 0,
    "source": "옥외지반 근사",
    "z_m": 0.0,
    "s2_total_h": 5.5,
    "s2_cont_h": 5.5,
    "s2_pass_a": true,
    "s1_pass_a": true,
    "change_cd": "keep_ok",
    "변화": "유지 충족"
   }
  },
  {
   "type": "Feature",
   "geometry": {
    "type": "Point",
    "coordinates": [
     194151.777,
     547346.132
    ]
   },
   "properties": {
    "pid": "여의도고등학교 운동장-319",
    "school": "여의도고등학교",
    "kind": "운동장 지반",
    "dong": "여의도고등학교 운동장",
    "floor": 0,
    "source": "옥외지반 근사",
    "z_m": 0.0,
    "s2_total_h": 1.67,
    "s2_cont_h": 1.67,
    "s2_pass_a": false,
    "s1_pass_a": false,
    "change_cd": "keep_fail",
    "변화": "유지 불충족"
   }
  },
  {
   "type": "Feature",
   "geometry": {
    "type": "Point",
    "coordinates": [
     194159.777,
     547346.132
    ]
   },
   "properties": {
    "pid": "여의도고등학교 운동장-320",
    "school": "여의도고등학교",
    "kind": "운동장 지반",
    "dong": "여의도고등학교 운동장",
    "floor": 0,
    "source": "옥외지반 근사",
    "z_m": 0.0,
    "s2_total_h": 2.67,
    "s2_cont_h": 2.5,
    "s2_pass_a": true,
    "s1_pass_a": true,
    "change_cd": "keep_ok",
    "변화": "유지 충족"
   }
  },
  {
   "type": "Feature",
   "geometry": {
    "type": "Point",
    "coordinates": [
     194167.777,
     547346.132
    ]
   },
   "properties": {
    "pid": "여의도고등학교 운동장-321",
    "school": "여의도고등학교",
    "kind": "운동장 지반",
    "dong": "여의도고등학교 운동장",
    "floor": 0,
    "source": "옥외지반 근사",
    "z_m": 0.0,
    "s2_total_h": 3.67,
    "s2_cont_h": 3.33,
    "s2_pass_a": true,
    "s1_pass_a": true,
    "change_cd": "keep_ok",
    "변화": "유지 충족"
   }
  },
  {
   "type": "Feature",
   "geometry": {
    "type": "Point",
    "coordinates": [
     194175.777,
     547346.132
    ]
   },
   "properties": {
    "pid": "여의도고등학교 운동장-322",
    "school": "여의도고등학교",
    "kind": "운동장 지반",
    "dong": "여의도고등학교 운동장",
    "floor": 0,
    "source": "옥외지반 근사",
    "z_m": 0.0,
    "s2_total_h": 4.5,
    "s2_cont_h": 4.33,
    "s2_pass_a": true,
    "s1_pass_a": true,
    "change_cd": "keep_ok",
    "변화": "유지 충족"
   }
  },
  {
   "type": "Feature",
   "geometry": {
    "type": "Point",
    "coordinates": [
     194183.777,
     547346.132
    ]
   },
   "properties": {
    "pid": "여의도고등학교 운동장-323",
    "school": "여의도고등학교",
    "kind": "운동장 지반",
    "dong": "여의도고등학교 운동장",
    "floor": 0,
    "source": "옥외지반 근사",
    "z_m": 0.0,
    "s2_total_h": 5.5,
    "s2_cont_h": 5.5,
    "s2_pass_a": true,
    "s1_pass_a": true,
    "change_cd": "keep_ok",
    "변화": "유지 충족"
   }
  },
  {
   "type": "Feature",
   "geometry": {
    "type": "Point",
    "coordinates": [
     194191.777,
     547346.132
    ]
   },
   "properties": {
    "pid": "여의도고등학교 운동장-324",
    "school": "여의도고등학교",
    "kind": "운동장 지반",
    "dong": "여의도고등학교 운동장",
    "floor": 0,
    "source": "옥외지반 근사",
    "z_m": 0.0,
    "s2_total_h": 6.17,
    "s2_cont_h": 6.17,
    "s2_pass_a": true,
    "s1_pass_a": true,
    "change_cd": "keep_ok",
    "변화": "유지 충족"
   }
  },
  {
   "type": "Feature",
   "geometry": {
    "type": "Point",
    "coordinates": [
     194199.777,
     547346.132
    ]
   },
   "properties": {
    "pid": "여의도고등학교 운동장-325",
    "school": "여의도고등학교",
    "kind": "운동장 지반",
    "dong": "여의도고등학교 운동장",
    "floor": 0,
    "source": "옥외지반 근사",
    "z_m": 0.0,
    "s2_total_h": 6.67,
    "s2_cont_h": 6.67,
    "s2_pass_a": true,
    "s1_pass_a": true,
    "change_cd": "keep_ok",
    "변화": "유지 충족"
   }
  },
  {
   "type": "Feature",
   "geometry": {
    "type": "Point",
    "coordinates": [
     194207.777,
     547346.132
    ]
   },
   "properties": {
    "pid": "여의도고등학교 운동장-326",
    "school": "여의도고등학교",
    "kind": "운동장 지반",
    "dong": "여의도고등학교 운동장",
    "floor": 0,
    "source": "옥외지반 근사",
    "z_m": 0.0,
    "s2_total_h": 7.0,
    "s2_cont_h": 7.0,
    "s2_pass_a": true,
    "s1_pass_a": true,
    "change_cd": "keep_ok",
    "변화": "유지 충족"
   }
  },
  {
   "type": "Feature",
   "geometry": {
    "type": "Point",
    "coordinates": [
     194215.777,
     547346.132
    ]
   },
   "properties": {
    "pid": "여의도고등학교 운동장-327",
    "school": "여의도고등학교",
    "kind": "운동장 지반",
    "dong": "여의도고등학교 운동장",
    "floor": 0,
    "source": "옥외지반 근사",
    "z_m": 0.0,
    "s2_total_h": 7.33,
    "s2_cont_h": 7.33,
    "s2_pass_a": true,
    "s1_pass_a": true,
    "change_cd": "keep_ok",
    "변화": "유지 충족"
   }
  },
  {
   "type": "Feature",
   "geometry": {
    "type": "Point",
    "coordinates": [
     194223.777,
     547346.132
    ]
   },
   "properties": {
    "pid": "여의도고등학교 운동장-328",
    "school": "여의도고등학교",
    "kind": "운동장 지반",
    "dong": "여의도고등학교 운동장",
    "floor": 0,
    "source": "옥외지반 근사",
    "z_m": 0.0,
    "s2_total_h": 7.67,
    "s2_cont_h": 7.67,
    "s2_pass_a": true,
    "s1_pass_a": true,
    "change_cd": "keep_ok",
    "변화": "유지 충족"
   }
  },
  {
   "type": "Feature",
   "geometry": {
    "type": "Point",
    "coordinates": [
     194087.777,
     547354.132
    ]
   },
   "properties": {
    "pid": "여의도고등학교 운동장-329",
    "school": "여의도고등학교",
    "kind": "운동장 지반",
    "dong": "여의도고등학교 운동장",
    "floor": 0,
    "source": "옥외지반 근사",
    "z_m": 0.0,
    "s2_total_h": 0.33,
    "s2_cont_h": 0.33,
    "s2_pass_a": false,
    "s1_pass_a": false,
    "change_cd": "keep_fail",
    "변화": "유지 불충족"
   }
  },
  {
   "type": "Feature",
   "geometry": {
    "type": "Point",
    "coordinates": [
     194095.777,
     547354.132
    ]
   },
   "properties": {
    "pid": "여의도고등학교 운동장-330",
    "school": "여의도고등학교",
    "kind": "운동장 지반",
    "dong": "여의도고등학교 운동장",
    "floor": 0,
    "source": "옥외지반 근사",
    "z_m": 0.0,
    "s2_total_h": 0.33,
    "s2_cont_h": 0.33,
    "s2_pass_a": false,
    "s1_pass_a": false,
    "change_cd": "keep_fail",
    "변화": "유지 불충족"
   }
  },
  {
   "type": "Feature",
   "geometry": {
    "type": "Point",
    "coordinates": [
     194119.777,
     547354.132
    ]
   },
   "properties": {
    "pid": "여의도고등학교 운동장-331",
    "school": "여의도고등학교",
    "kind": "운동장 지반",
    "dong": "여의도고등학교 운동장",
    "floor": 0,
    "source": "옥외지반 근사",
    "z_m": 0.0,
    "s2_total_h": 5.0,
    "s2_cont_h": 5.0,
    "s2_pass_a": true,
    "s1_pass_a": true,
    "change_cd": "keep_ok",
    "변화": "유지 충족"
   }
  },
  {
   "type": "Feature",
   "geometry": {
    "type": "Point",
    "coordinates": [
     194143.777,
     547354.132
    ]
   },
   "properties": {
    "pid": "여의도고등학교 운동장-332",
    "school": "여의도고등학교",
    "kind": "운동장 지반",
    "dong": "여의도고등학교 운동장",
    "floor": 0,
    "source": "옥외지반 근사",
    "z_m": 0.0,
    "s2_total_h": 1.83,
    "s2_cont_h": 1.67,
    "s2_pass_a": false,
    "s1_pass_a": false,
    "change_cd": "keep_fail",
    "변화": "유지 불충족"
   }
  },
  {
   "type": "Feature",
   "geometry": {
    "type": "Point",
    "coordinates": [
     194151.777,
     547354.132
    ]
   },
   "properties": {
    "pid": "여의도고등학교 운동장-333",
    "school": "여의도고등학교",
    "kind": "운동장 지반",
    "dong": "여의도고등학교 운동장",
    "floor": 0,
    "source": "옥외지반 근사",
    "z_m": 0.0,
    "s2_total_h": 3.17,
    "s2_cont_h": 3.17,
    "s2_pass_a": true,
    "s1_pass_a": true,
    "change_cd": "keep_ok",
    "변화": "유지 충족"
   }
  },
  {
   "type": "Feature",
   "geometry": {
    "type": "Point",
    "coordinates": [
     194159.777,
     547354.132
    ]
   },
   "properties": {
    "pid": "여의도고등학교 운동장-334",
    "school": "여의도고등학교",
    "kind": "운동장 지반",
    "dong": "여의도고등학교 운동장",
    "floor": 0,
    "source": "옥외지반 근사",
    "z_m": 0.0,
    "s2_total_h": 4.33,
    "s2_cont_h": 4.33,
    "s2_pass_a": true,
    "s1_pass_a": true,
    "change_cd": "keep_ok",
    "변화": "유지 충족"
   }
  },
  {
   "type": "Feature",
   "geometry": {
    "type": "Point",
    "coordinates": [
     194167.777,
     547354.132
    ]
   },
   "properties": {
    "pid": "여의도고등학교 운동장-335",
    "school": "여의도고등학교",
    "kind": "운동장 지반",
    "dong": "여의도고등학교 운동장",
    "floor": 0,
    "source": "옥외지반 근사",
    "z_m": 0.0,
    "s2_total_h": 5.33,
    "s2_cont_h": 5.33,
    "s2_pass_a": true,
    "s1_pass_a": true,
    "change_cd": "keep_ok",
    "변화": "유지 충족"
   }
  },
  {
   "type": "Feature",
   "geometry": {
    "type": "Point",
    "coordinates": [
     194175.777,
     547354.132
    ]
   },
   "properties": {
    "pid": "여의도고등학교 운동장-336",
    "school": "여의도고등학교",
    "kind": "운동장 지반",
    "dong": "여의도고등학교 운동장",
    "floor": 0,
    "source": "옥외지반 근사",
    "z_m": 0.0,
    "s2_total_h": 6.17,
    "s2_cont_h": 6.17,
    "s2_pass_a": true,
    "s1_pass_a": true,
    "change_cd": "keep_ok",
    "변화": "유지 충족"
   }
  },
  {
   "type": "Feature",
   "geometry": {
    "type": "Point",
    "coordinates": [
     194183.777,
     547354.132
    ]
   },
   "properties": {
    "pid": "여의도고등학교 운동장-337",
    "school": "여의도고등학교",
    "kind": "운동장 지반",
    "dong": "여의도고등학교 운동장",
    "floor": 0,
    "source": "옥외지반 근사",
    "z_m": 0.0,
    "s2_total_h": 6.67,
    "s2_cont_h": 6.67,
    "s2_pass_a": true,
    "s1_pass_a": true,
    "change_cd": "keep_ok",
    "변화": "유지 충족"
   }
  },
  {
   "type": "Feature",
   "geometry": {
    "type": "Point",
    "coordinates": [
     194191.777,
     547354.132
    ]
   },
   "properties": {
    "pid": "여의도고등학교 운동장-338",
    "school": "여의도고등학교",
    "kind": "운동장 지반",
    "dong": "여의도고등학교 운동장",
    "floor": 0,
    "source": "옥외지반 근사",
    "z_m": 0.0,
    "s2_total_h": 7.0,
    "s2_cont_h": 7.0,
    "s2_pass_a": true,
    "s1_pass_a": true,
    "change_cd": "keep_ok",
    "변화": "유지 충족"
   }
  },
  {
   "type": "Feature",
   "geometry": {
    "type": "Point",
    "coordinates": [
     194199.777,
     547354.132
    ]
   },
   "properties": {
    "pid": "여의도고등학교 운동장-339",
    "school": "여의도고등학교",
    "kind": "운동장 지반",
    "dong": "여의도고등학교 운동장",
    "floor": 0,
    "source": "옥외지반 근사",
    "z_m": 0.0,
    "s2_total_h": 7.0,
    "s2_cont_h": 7.0,
    "s2_pass_a": true,
    "s1_pass_a": true,
    "change_cd": "keep_ok",
    "변화": "유지 충족"
   }
  },
  {
   "type": "Feature",
   "geometry": {
    "type": "Point",
    "coordinates": [
     194207.777,
     547354.132
    ]
   },
   "properties": {
    "pid": "여의도고등학교 운동장-340",
    "school": "여의도고등학교",
    "kind": "운동장 지반",
    "dong": "여의도고등학교 운동장",
    "floor": 0,
    "source": "옥외지반 근사",
    "z_m": 0.0,
    "s2_total_h": 7.33,
    "s2_cont_h": 7.33,
    "s2_pass_a": true,
    "s1_pass_a": true,
    "change_cd": "keep_ok",
    "변화": "유지 충족"
   }
  },
  {
   "type": "Feature",
   "geometry": {
    "type": "Point",
    "coordinates": [
     194215.777,
     547354.132
    ]
   },
   "properties": {
    "pid": "여의도고등학교 운동장-341",
    "school": "여의도고등학교",
    "kind": "운동장 지반",
    "dong": "여의도고등학교 운동장",
    "floor": 0,
    "source": "옥외지반 근사",
    "z_m": 0.0,
    "s2_total_h": 7.5,
    "s2_cont_h": 7.5,
    "s2_pass_a": true,
    "s1_pass_a": true,
    "change_cd": "keep_ok",
    "변화": "유지 충족"
   }
  },
  {
   "type": "Feature",
   "geometry": {
    "type": "Point",
    "coordinates": [
     194223.777,
     547354.132
    ]
   },
   "properties": {
    "pid": "여의도고등학교 운동장-342",
    "school": "여의도고등학교",
    "kind": "운동장 지반",
    "dong": "여의도고등학교 운동장",
    "floor": 0,
    "source": "옥외지반 근사",
    "z_m": 0.0,
    "s2_total_h": 7.67,
    "s2_cont_h": 7.67,
    "s2_pass_a": true,
    "s1_pass_a": true,
    "change_cd": "keep_ok",
    "변화": "유지 충족"
   }
  },
  {
   "type": "Feature",
   "geometry": {
    "type": "Point",
    "coordinates": [
     194103.777,
     547362.132
    ]
   },
   "properties": {
    "pid": "여의도고등학교 운동장-343",
    "school": "여의도고등학교",
    "kind": "운동장 지반",
    "dong": "여의도고등학교 운동장",
    "floor": 0,
    "source": "옥외지반 근사",
    "z_m": 0.0,
    "s2_total_h": 0.17,
    "s2_cont_h": 0.17,
    "s2_pass_a": false,
    "s1_pass_a": false,
    "change_cd": "keep_fail",
    "변화": "유지 불충족"
   }
  },
  {
   "type": "Feature",
   "geometry": {
    "type": "Point",
    "coordinates": [
     194111.777,
     547362.132
    ]
   },
   "properties": {
    "pid": "여의도고등학교 운동장-344",
    "school": "여의도고등학교",
    "kind": "운동장 지반",
    "dong": "여의도고등학교 운동장",
    "floor": 0,
    "source": "옥외지반 근사",
    "z_m": 0.0,
    "s2_total_h": 1.33,
    "s2_cont_h": 1.33,
    "s2_pass_a": false,
    "s1_pass_a": false,
    "change_cd": "keep_fail",
    "변화": "유지 불충족"
   }
  },
  {
   "type": "Feature",
   "geometry": {
    "type": "Point",
    "coordinates": [
     194119.777,
     547362.132
    ]
   },
   "properties": {
    "pid": "여의도고등학교 운동장-345",
    "school": "여의도고등학교",
    "kind": "운동장 지반",
    "dong": "여의도고등학교 운동장",
    "floor": 0,
    "source": "옥외지반 근사",
    "z_m": 0.0,
    "s2_total_h": 1.17,
    "s2_cont_h": 1.17,
    "s2_pass_a": false,
    "s1_pass_a": false,
    "change_cd": "keep_fail",
    "변화": "유지 불충족"
   }
  },
  {
   "type": "Feature",
   "geometry": {
    "type": "Point",
    "coordinates": [
     194135.777,
     547362.132
    ]
   },
   "properties": {
    "pid": "여의도고등학교 운동장-346",
    "school": "여의도고등학교",
    "kind": "운동장 지반",
    "dong": "여의도고등학교 운동장",
    "floor": 0,
    "source": "옥외지반 근사",
    "z_m": 0.0,
    "s2_total_h": 1.67,
    "s2_cont_h": 1.67,
    "s2_pass_a": false,
    "s1_pass_a": false,
    "change_cd": "keep_fail",
    "변화": "유지 불충족"
   }
  },
  {
   "type": "Feature",
   "geometry": {
    "type": "Point",
    "coordinates": [
     194143.777,
     547362.132
    ]
   },
   "properties": {
    "pid": "여의도고등학교 운동장-347",
    "school": "여의도고등학교",
    "kind": "운동장 지반",
    "dong": "여의도고등학교 운동장",
    "floor": 0,
    "source": "옥외지반 근사",
    "z_m": 0.0,
    "s2_total_h": 3.0,
    "s2_cont_h": 3.0,
    "s2_pass_a": true,
    "s1_pass_a": true,
    "change_cd": "keep_ok",
    "변화": "유지 충족"
   }
  },
  {
   "type": "Feature",
   "geometry": {
    "type": "Point",
    "coordinates": [
     194151.777,
     547362.132
    ]
   },
   "properties": {
    "pid": "여의도고등학교 운동장-348",
    "school": "여의도고등학교",
    "kind": "운동장 지반",
    "dong": "여의도고등학교 운동장",
    "floor": 0,
    "source": "옥외지반 근사",
    "z_m": 0.0,
    "s2_total_h": 4.0,
    "s2_cont_h": 4.0,
    "s2_pass_a": true,
    "s1_pass_a": true,
    "change_cd": "keep_ok",
    "변화": "유지 충족"
   }
  },
  {
   "type": "Feature",
   "geometry": {
    "type": "Point",
    "coordinates": [
     194159.777,
     547362.132
    ]
   },
   "properties": {
    "pid": "여의도고등학교 운동장-349",
    "school": "여의도고등학교",
    "kind": "운동장 지반",
    "dong": "여의도고등학교 운동장",
    "floor": 0,
    "source": "옥외지반 근사",
    "z_m": 0.0,
    "s2_total_h": 5.17,
    "s2_cont_h": 5.17,
    "s2_pass_a": true,
    "s1_pass_a": true,
    "change_cd": "keep_ok",
    "변화": "유지 충족"
   }
  },
  {
   "type": "Feature",
   "geometry": {
    "type": "Point",
    "coordinates": [
     194167.777,
     547362.132
    ]
   },
   "properties": {
    "pid": "여의도고등학교 운동장-350",
    "school": "여의도고등학교",
    "kind": "운동장 지반",
    "dong": "여의도고등학교 운동장",
    "floor": 0,
    "source": "옥외지반 근사",
    "z_m": 0.0,
    "s2_total_h": 6.0,
    "s2_cont_h": 6.0,
    "s2_pass_a": true,
    "s1_pass_a": true,
    "change_cd": "keep_ok",
    "변화": "유지 충족"
   }
  },
  {
   "type": "Feature",
   "geometry": {
    "type": "Point",
    "coordinates": [
     194175.777,
     547362.132
    ]
   },
   "properties": {
    "pid": "여의도고등학교 운동장-351",
    "school": "여의도고등학교",
    "kind": "운동장 지반",
    "dong": "여의도고등학교 운동장",
    "floor": 0,
    "source": "옥외지반 근사",
    "z_m": 0.0,
    "s2_total_h": 6.5,
    "s2_cont_h": 6.5,
    "s2_pass_a": true,
    "s1_pass_a": true,
    "change_cd": "keep_ok",
    "변화": "유지 충족"
   }
  },
  {
   "type": "Feature",
   "geometry": {
    "type": "Point",
    "coordinates": [
     194183.777,
     547362.132
    ]
   },
   "properties": {
    "pid": "여의도고등학교 운동장-352",
    "school": "여의도고등학교",
    "kind": "운동장 지반",
    "dong": "여의도고등학교 운동장",
    "floor": 0,
    "source": "옥외지반 근사",
    "z_m": 0.0,
    "s2_total_h": 7.0,
    "s2_cont_h": 7.0,
    "s2_pass_a": true,
    "s1_pass_a": true,
    "change_cd": "keep_ok",
    "변화": "유지 충족"
   }
  },
  {
   "type": "Feature",
   "geometry": {
    "type": "Point",
    "coordinates": [
     194191.777,
     547362.132
    ]
   },
   "properties": {
    "pid": "여의도고등학교 운동장-353",
    "school": "여의도고등학교",
    "kind": "운동장 지반",
    "dong": "여의도고등학교 운동장",
    "floor": 0,
    "source": "옥외지반 근사",
    "z_m": 0.0,
    "s2_total_h": 7.33,
    "s2_cont_h": 7.33,
    "s2_pass_a": true,
    "s1_pass_a": true,
    "change_cd": "keep_ok",
    "변화": "유지 충족"
   }
  },
  {
   "type": "Feature",
   "geometry": {
    "type": "Point",
    "coordinates": [
     194199.777,
     547362.132
    ]
   },
   "properties": {
    "pid": "여의도고등학교 운동장-354",
    "school": "여의도고등학교",
    "kind": "운동장 지반",
    "dong": "여의도고등학교 운동장",
    "floor": 0,
    "source": "옥외지반 근사",
    "z_m": 0.0,
    "s2_total_h": 7.5,
    "s2_cont_h": 7.5,
    "s2_pass_a": true,
    "s1_pass_a": true,
    "change_cd": "keep_ok",
    "변화": "유지 충족"
   }
  },
  {
   "type": "Feature",
   "geometry": {
    "type": "Point",
    "coordinates": [
     194207.777,
     547362.132
    ]
   },
   "properties": {
    "pid": "여의도고등학교 운동장-355",
    "school": "여의도고등학교",
    "kind": "운동장 지반",
    "dong": "여의도고등학교 운동장",
    "floor": 0,
    "source": "옥외지반 근사",
    "z_m": 0.0,
    "s2_total_h": 7.67,
    "s2_cont_h": 7.67,
    "s2_pass_a": true,
    "s1_pass_a": true,
    "change_cd": "keep_ok",
    "변화": "유지 충족"
   }
  },
  {
   "type": "Feature",
   "geometry": {
    "type": "Point",
    "coordinates": [
     194215.777,
     547362.132
    ]
   },
   "properties": {
    "pid": "여의도고등학교 운동장-356",
    "school": "여의도고등학교",
    "kind": "운동장 지반",
    "dong": "여의도고등학교 운동장",
    "floor": 0,
    "source": "옥외지반 근사",
    "z_m": 0.0,
    "s2_total_h": 7.67,
    "s2_cont_h": 7.67,
    "s2_pass_a": true,
    "s1_pass_a": true,
    "change_cd": "keep_ok",
    "변화": "유지 충족"
   }
  },
  {
   "type": "Feature",
   "geometry": {
    "type": "Point",
    "coordinates": [
     194111.777,
     547370.132
    ]
   },
   "properties": {
    "pid": "여의도고등학교 운동장-357",
    "school": "여의도고등학교",
    "kind": "운동장 지반",
    "dong": "여의도고등학교 운동장",
    "floor": 0,
    "source": "옥외지반 근사",
    "z_m": 0.0,
    "s2_total_h": 1.67,
    "s2_cont_h": 1.5,
    "s2_pass_a": false,
    "s1_pass_a": false,
    "change_cd": "keep_fail",
    "변화": "유지 불충족"
   }
  },
  {
   "type": "Feature",
   "geometry": {
    "type": "Point",
    "coordinates": [
     194119.777,
     547370.132
    ]
   },
   "properties": {
    "pid": "여의도고등학교 운동장-358",
    "school": "여의도고등학교",
    "kind": "운동장 지반",
    "dong": "여의도고등학교 운동장",
    "floor": 0,
    "source": "옥외지반 근사",
    "z_m": 0.0,
    "s2_total_h": 0.5,
    "s2_cont_h": 0.5,
    "s2_pass_a": false,
    "s1_pass_a": false,
    "change_cd": "keep_fail",
    "변화": "유지 불충족"
   }
  },
  {
   "type": "Feature",
   "geometry": {
    "type": "Point",
    "coordinates": [
     194127.777,
     547370.132
    ]
   },
   "properties": {
    "pid": "여의도고등학교 운동장-359",
    "school": "여의도고등학교",
    "kind": "운동장 지반",
    "dong": "여의도고등학교 운동장",
    "floor": 0,
    "source": "옥외지반 근사",
    "z_m": 0.0,
    "s2_total_h": 1.5,
    "s2_cont_h": 1.5,
    "s2_pass_a": false,
    "s1_pass_a": false,
    "change_cd": "keep_fail",
    "변화": "유지 불충족"
   }
  },
  {
   "type": "Feature",
   "geometry": {
    "type": "Point",
    "coordinates": [
     194135.777,
     547370.132
    ]
   },
   "properties": {
    "pid": "여의도고등학교 운동장-360",
    "school": "여의도고등학교",
    "kind": "운동장 지반",
    "dong": "여의도고등학교 운동장",
    "floor": 0,
    "source": "옥외지반 근사",
    "z_m": 0.0,
    "s2_total_h": 2.67,
    "s2_cont_h": 2.67,
    "s2_pass_a": true,
    "s1_pass_a": true,
    "change_cd": "keep_ok",
    "변화": "유지 충족"
   }
  },
  {
   "type": "Feature",
   "geometry": {
    "type": "Point",
    "coordinates": [
     194143.777,
     547370.132
    ]
   },
   "properties": {
    "pid": "여의도고등학교 운동장-361",
    "school": "여의도고등학교",
    "kind": "운동장 지반",
    "dong": "여의도고등학교 운동장",
    "floor": 0,
    "source": "옥외지반 근사",
    "z_m": 0.0,
    "s2_total_h": 3.67,
    "s2_cont_h": 3.67,
    "s2_pass_a": true,
    "s1_pass_a": true,
    "change_cd": "keep_ok",
    "변화": "유지 충족"
   }
  },
  {
   "type": "Feature",
   "geometry": {
    "type": "Point",
    "coordinates": [
     194151.777,
     547370.132
    ]
   },
   "properties": {
    "pid": "여의도고등학교 운동장-362",
    "school": "여의도고등학교",
    "kind": "운동장 지반",
    "dong": "여의도고등학교 운동장",
    "floor": 0,
    "source": "옥외지반 근사",
    "z_m": 0.0,
    "s2_total_h": 4.83,
    "s2_cont_h": 4.83,
    "s2_pass_a": true,
    "s1_pass_a": true,
    "change_cd": "keep_ok",
    "변화": "유지 충족"
   }
  },
  {
   "type": "Feature",
   "geometry": {
    "type": "Point",
    "coordinates": [
     194159.777,
     547370.132
    ]
   },
   "properties": {
    "pid": "여의도고등학교 운동장-363",
    "school": "여의도고등학교",
    "kind": "운동장 지반",
    "dong": "여의도고등학교 운동장",
    "floor": 0,
    "source": "옥외지반 근사",
    "z_m": 0.0,
    "s2_total_h": 5.83,
    "s2_cont_h": 5.83,
    "s2_pass_a": true,
    "s1_pass_a": true,
    "change_cd": "keep_ok",
    "변화": "유지 충족"
   }
  },
  {
   "type": "Feature",
   "geometry": {
    "type": "Point",
    "coordinates": [
     194167.777,
     547370.132
    ]
   },
   "properties": {
    "pid": "여의도고등학교 운동장-364",
    "school": "여의도고등학교",
    "kind": "운동장 지반",
    "dong": "여의도고등학교 운동장",
    "floor": 0,
    "source": "옥외지반 근사",
    "z_m": 0.0,
    "s2_total_h": 6.5,
    "s2_cont_h": 6.5,
    "s2_pass_a": true,
    "s1_pass_a": true,
    "change_cd": "keep_ok",
    "변화": "유지 충족"
   }
  },
  {
   "type": "Feature",
   "geometry": {
    "type": "Point",
    "coordinates": [
     194175.777,
     547370.132
    ]
   },
   "properties": {
    "pid": "여의도고등학교 운동장-365",
    "school": "여의도고등학교",
    "kind": "운동장 지반",
    "dong": "여의도고등학교 운동장",
    "floor": 0,
    "source": "옥외지반 근사",
    "z_m": 0.0,
    "s2_total_h": 6.83,
    "s2_cont_h": 6.83,
    "s2_pass_a": true,
    "s1_pass_a": true,
    "change_cd": "keep_ok",
    "변화": "유지 충족"
   }
  },
  {
   "type": "Feature",
   "geometry": {
    "type": "Point",
    "coordinates": [
     194183.777,
     547370.132
    ]
   },
   "properties": {
    "pid": "여의도고등학교 운동장-366",
    "school": "여의도고등학교",
    "kind": "운동장 지반",
    "dong": "여의도고등학교 운동장",
    "floor": 0,
    "source": "옥외지반 근사",
    "z_m": 0.0,
    "s2_total_h": 7.17,
    "s2_cont_h": 7.17,
    "s2_pass_a": true,
    "s1_pass_a": true,
    "change_cd": "keep_ok",
    "변화": "유지 충족"
   }
  },
  {
   "type": "Feature",
   "geometry": {
    "type": "Point",
    "coordinates": [
     194191.777,
     547370.132
    ]
   },
   "properties": {
    "pid": "여의도고등학교 운동장-367",
    "school": "여의도고등학교",
    "kind": "운동장 지반",
    "dong": "여의도고등학교 운동장",
    "floor": 0,
    "source": "옥외지반 근사",
    "z_m": 0.0,
    "s2_total_h": 7.5,
    "s2_cont_h": 7.5,
    "s2_pass_a": true,
    "s1_pass_a": true,
    "change_cd": "keep_ok",
    "변화": "유지 충족"
   }
  },
  {
   "type": "Feature",
   "geometry": {
    "type": "Point",
    "coordinates": [
     194199.777,
     547370.132
    ]
   },
   "properties": {
    "pid": "여의도고등학교 운동장-368",
    "school": "여의도고등학교",
    "kind": "운동장 지반",
    "dong": "여의도고등학교 운동장",
    "floor": 0,
    "source": "옥외지반 근사",
    "z_m": 0.0,
    "s2_total_h": 7.67,
    "s2_cont_h": 7.67,
    "s2_pass_a": true,
    "s1_pass_a": true,
    "change_cd": "keep_ok",
    "변화": "유지 충족"
   }
  },
  {
   "type": "Feature",
   "geometry": {
    "type": "Point",
    "coordinates": [
     194119.777,
     547378.132
    ]
   },
   "properties": {
    "pid": "여의도고등학교 운동장-369",
    "school": "여의도고등학교",
    "kind": "운동장 지반",
    "dong": "여의도고등학교 운동장",
    "floor": 0,
    "source": "옥외지반 근사",
    "z_m": 0.0,
    "s2_total_h": 2.17,
    "s2_cont_h": 1.5,
    "s2_pass_a": false,
    "s1_pass_a": false,
    "change_cd": "keep_fail",
    "변화": "유지 불충족"
   }
  },
  {
   "type": "Feature",
   "geometry": {
    "type": "Point",
    "coordinates": [
     194127.777,
     547378.132
    ]
   },
   "properties": {
    "pid": "여의도고등학교 운동장-370",
    "school": "여의도고등학교",
    "kind": "운동장 지반",
    "dong": "여의도고등학교 운동장",
    "floor": 0,
    "source": "옥외지반 근사",
    "z_m": 0.0,
    "s2_total_h": 2.33,
    "s2_cont_h": 2.33,
    "s2_pass_a": true,
    "s1_pass_a": true,
    "change_cd": "keep_ok",
    "변화": "유지 충족"
   }
  },
  {
   "type": "Feature",
   "geometry": {
    "type": "Point",
    "coordinates": [
     194135.777,
     547378.132
    ]
   },
   "properties": {
    "pid": "여의도고등학교 운동장-371",
    "school": "여의도고등학교",
    "kind": "운동장 지반",
    "dong": "여의도고등학교 운동장",
    "floor": 0,
    "source": "옥외지반 근사",
    "z_m": 0.0,
    "s2_total_h": 3.17,
    "s2_cont_h": 3.17,
    "s2_pass_a": true,
    "s1_pass_a": true,
    "change_cd": "keep_ok",
    "변화": "유지 충족"
   }
  },
  {
   "type": "Feature",
   "geometry": {
    "type": "Point",
    "coordinates": [
     194143.777,
     547378.132
    ]
   },
   "properties": {
    "pid": "여의도고등학교 운동장-372",
    "school": "여의도고등학교",
    "kind": "운동장 지반",
    "dong": "여의도고등학교 운동장",
    "floor": 0,
    "source": "옥외지반 근사",
    "z_m": 0.0,
    "s2_total_h": 4.17,
    "s2_cont_h": 4.17,
    "s2_pass_a": true,
    "s1_pass_a": true,
    "change_cd": "keep_ok",
    "변화": "유지 충족"
   }
  },
  {
   "type": "Feature",
   "geometry": {
    "type": "Point",
    "coordinates": [
     194151.777,
     547378.132
    ]
   },
   "properties": {
    "pid": "여의도고등학교 운동장-373",
    "school": "여의도고등학교",
    "kind": "운동장 지반",
    "dong": "여의도고등학교 운동장",
    "floor": 0,
    "source": "옥외지반 근사",
    "z_m": 0.0,
    "s2_total_h": 5.17,
    "s2_cont_h": 5.17,
    "s2_pass_a": true,
    "s1_pass_a": true,
    "change_cd": "keep_ok",
    "변화": "유지 충족"
   }
  },
  {
   "type": "Feature",
   "geometry": {
    "type": "Point",
    "coordinates": [
     194159.777,
     547378.132
    ]
   },
   "properties": {
    "pid": "여의도고등학교 운동장-374",
    "school": "여의도고등학교",
    "kind": "운동장 지반",
    "dong": "여의도고등학교 운동장",
    "floor": 0,
    "source": "옥외지반 근사",
    "z_m": 0.0,
    "s2_total_h": 6.0,
    "s2_cont_h": 6.0,
    "s2_pass_a": true,
    "s1_pass_a": true,
    "change_cd": "keep_ok",
    "변화": "유지 충족"
   }
  },
  {
   "type": "Feature",
   "geometry": {
    "type": "Point",
    "coordinates": [
     194167.777,
     547378.132
    ]
   },
   "properties": {
    "pid": "여의도고등학교 운동장-375",
    "school": "여의도고등학교",
    "kind": "운동장 지반",
    "dong": "여의도고등학교 운동장",
    "floor": 0,
    "source": "옥외지반 근사",
    "z_m": 0.0,
    "s2_total_h": 6.5,
    "s2_cont_h": 6.5,
    "s2_pass_a": true,
    "s1_pass_a": true,
    "change_cd": "keep_ok",
    "변화": "유지 충족"
   }
  },
  {
   "type": "Feature",
   "geometry": {
    "type": "Point",
    "coordinates": [
     194175.777,
     547378.132
    ]
   },
   "properties": {
    "pid": "여의도고등학교 운동장-376",
    "school": "여의도고등학교",
    "kind": "운동장 지반",
    "dong": "여의도고등학교 운동장",
    "floor": 0,
    "source": "옥외지반 근사",
    "z_m": 0.0,
    "s2_total_h": 7.17,
    "s2_cont_h": 7.17,
    "s2_pass_a": true,
    "s1_pass_a": true,
    "change_cd": "keep_ok",
    "변화": "유지 충족"
   }
  },
  {
   "type": "Feature",
   "geometry": {
    "type": "Point",
    "coordinates": [
     194183.777,
     547378.132
    ]
   },
   "properties": {
    "pid": "여의도고등학교 운동장-377",
    "school": "여의도고등학교",
    "kind": "운동장 지반",
    "dong": "여의도고등학교 운동장",
    "floor": 0,
    "source": "옥외지반 근사",
    "z_m": 0.0,
    "s2_total_h": 7.5,
    "s2_cont_h": 7.5,
    "s2_pass_a": true,
    "s1_pass_a": true,
    "change_cd": "keep_ok",
    "변화": "유지 충족"
   }
  },
  {
   "type": "Feature",
   "geometry": {
    "type": "Point",
    "coordinates": [
     194191.777,
     547378.132
    ]
   },
   "properties": {
    "pid": "여의도고등학교 운동장-378",
    "school": "여의도고등학교",
    "kind": "운동장 지반",
    "dong": "여의도고등학교 운동장",
    "floor": 0,
    "source": "옥외지반 근사",
    "z_m": 0.0,
    "s2_total_h": 7.67,
    "s2_cont_h": 7.67,
    "s2_pass_a": true,
    "s1_pass_a": true,
    "change_cd": "keep_ok",
    "변화": "유지 충족"
   }
  },
  {
   "type": "Feature",
   "geometry": {
    "type": "Point",
    "coordinates": [
     194199.777,
     547378.132
    ]
   },
   "properties": {
    "pid": "여의도고등학교 운동장-379",
    "school": "여의도고등학교",
    "kind": "운동장 지반",
    "dong": "여의도고등학교 운동장",
    "floor": 0,
    "source": "옥외지반 근사",
    "z_m": 0.0,
    "s2_total_h": 7.83,
    "s2_cont_h": 7.83,
    "s2_pass_a": true,
    "s1_pass_a": true,
    "change_cd": "keep_ok",
    "변화": "유지 충족"
   }
  },
  {
   "type": "Feature",
   "geometry": {
    "type": "Point",
    "coordinates": [
     194119.777,
     547386.132
    ]
   },
   "properties": {
    "pid": "여의도고등학교 운동장-380",
    "school": "여의도고등학교",
    "kind": "운동장 지반",
    "dong": "여의도고등학교 운동장",
    "floor": 0,
    "source": "옥외지반 근사",
    "z_m": 0.0,
    "s2_total_h": 4.67,
    "s2_cont_h": 2.17,
    "s2_pass_a": true,
    "s1_pass_a": true,
    "change_cd": "keep_ok",
    "변화": "유지 충족"
   }
  },
  {
   "type": "Feature",
   "geometry": {
    "type": "Point",
    "coordinates": [
     194127.777,
     547386.132
    ]
   },
   "properties": {
    "pid": "여의도고등학교 운동장-381",
    "school": "여의도고등학교",
    "kind": "운동장 지반",
    "dong": "여의도고등학교 운동장",
    "floor": 0,
    "source": "옥외지반 근사",
    "z_m": 0.0,
    "s2_total_h": 4.17,
    "s2_cont_h": 3.5,
    "s2_pass_a": true,
    "s1_pass_a": true,
    "change_cd": "keep_ok",
    "변화": "유지 충족"
   }
  },
  {
   "type": "Feature",
   "geometry": {
    "type": "Point",
    "coordinates": [
     194135.777,
     547386.132
    ]
   },
   "properties": {
    "pid": "여의도고등학교 운동장-382",
    "school": "여의도고등학교",
    "kind": "운동장 지반",
    "dong": "여의도고등학교 운동장",
    "floor": 0,
    "source": "옥외지반 근사",
    "z_m": 0.0,
    "s2_total_h": 4.5,
    "s2_cont_h": 4.5,
    "s2_pass_a": true,
    "s1_pass_a": true,
    "change_cd": "keep_ok",
    "변화": "유지 충족"
   }
  },
  {
   "type": "Feature",
   "geometry": {
    "type": "Point",
    "coordinates": [
     194143.777,
     547386.132
    ]
   },
   "properties": {
    "pid": "여의도고등학교 운동장-383",
    "school": "여의도고등학교",
    "kind": "운동장 지반",
    "dong": "여의도고등학교 운동장",
    "floor": 0,
    "source": "옥외지반 근사",
    "z_m": 0.0,
    "s2_total_h": 5.5,
    "s2_cont_h": 5.5,
    "s2_pass_a": true,
    "s1_pass_a": true,
    "change_cd": "keep_ok",
    "변화": "유지 충족"
   }
  },
  {
   "type": "Feature",
   "geometry": {
    "type": "Point",
    "coordinates": [
     194272.149,
     547221.36
    ]
   },
   "properties": {
    "pid": "본관(5층) 2층-1",
    "school": "여의도중학교",
    "kind": "교사동 창면",
    "dong": "본관(5층)",
    "floor": 2,
    "source": "도면기준",
    "z_m": 6.3,
    "s2_total_h": 4.67,
    "s2_cont_h": 4.33,
    "s2_pass_a": true,
    "s1_pass_a": true,
    "change_cd": "keep_ok",
    "변화": "유지 충족"
   }
  },
  {
   "type": "Feature",
   "geometry": {
    "type": "Point",
    "coordinates": [
     194272.149,
     547221.36
    ]
   },
   "properties": {
    "pid": "본관(5층) 3층-1",
    "school": "여의도중학교",
    "kind": "교사동 창면",
    "dong": "본관(5층)",
    "floor": 3,
    "source": "도면기준",
    "z_m": 9.9,
    "s2_total_h": 4.83,
    "s2_cont_h": 4.33,
    "s2_pass_a": true,
    "s1_pass_a": true,
    "change_cd": "keep_ok",
    "변화": "유지 충족"
   }
  },
  {
   "type": "Feature",
   "geometry": {
    "type": "Point",
    "coordinates": [
     194272.149,
     547221.36
    ]
   },
   "properties": {
    "pid": "본관(5층) 4층-1",
    "school": "여의도중학교",
    "kind": "교사동 창면",
    "dong": "본관(5층)",
    "floor": 4,
    "source": "도면기준",
    "z_m": 13.5,
    "s2_total_h": 5.0,
    "s2_cont_h": 4.33,
    "s2_pass_a": true,
    "s1_pass_a": true,
    "change_cd": "keep_ok",
    "변화": "유지 충족"
   }
  },
  {
   "type": "Feature",
   "geometry": {
    "type": "Point",
    "coordinates": [
     194272.149,
     547221.36
    ]
   },
   "properties": {
    "pid": "본관(5층) 5층-1",
    "school": "여의도중학교",
    "kind": "교사동 창면",
    "dong": "본관(5층)",
    "floor": 5,
    "source": "도면기준",
    "z_m": 17.1,
    "s2_total_h": 5.0,
    "s2_cont_h": 4.33,
    "s2_pass_a": true,
    "s1_pass_a": true,
    "change_cd": "keep_ok",
    "변화": "유지 충족"
   }
  },
  {
   "type": "Feature",
   "geometry": {
    "type": "Point",
    "coordinates": [
     194274.423,
     547218.569
    ]
   },
   "properties": {
    "pid": "본관(5층) 1층-1",
    "school": "여의도중학교",
    "kind": "교사동 창면",
    "dong": "본관(5층)",
    "floor": 1,
    "source": "도면기준",
    "z_m": 2.4,
    "s2_total_h": 4.5,
    "s2_cont_h": 4.5,
    "s2_pass_a": true,
    "s1_pass_a": true,
    "change_cd": "keep_ok",
    "변화": "유지 충족"
   }
  },
  {
   "type": "Feature",
   "geometry": {
    "type": "Point",
    "coordinates": [
     194274.423,
     547218.569
    ]
   },
   "properties": {
    "pid": "본관(5층) 2층-2",
    "school": "여의도중학교",
    "kind": "교사동 창면",
    "dong": "본관(5층)",
    "floor": 2,
    "source": "도면기준",
    "z_m": 6.3,
    "s2_total_h": 4.83,
    "s2_cont_h": 4.5,
    "s2_pass_a": true,
    "s1_pass_a": true,
    "change_cd": "keep_ok",
    "변화": "유지 충족"
   }
  },
  {
   "type": "Feature",
   "geometry": {
    "type": "Point",
    "coordinates": [
     194274.423,
     547218.569
    ]
   },
   "properties": {
    "pid": "본관(5층) 3층-2",
    "school": "여의도중학교",
    "kind": "교사동 창면",
    "dong": "본관(5층)",
    "floor": 3,
    "source": "도면기준",
    "z_m": 9.9,
    "s2_total_h": 5.0,
    "s2_cont_h": 4.5,
    "s2_pass_a": true,
    "s1_pass_a": true,
    "change_cd": "keep_ok",
    "변화": "유지 충족"
   }
  },
  {
   "type": "Feature",
   "geometry": {
    "type": "Point",
    "coordinates": [
     194274.423,
     547218.569
    ]
   },
   "properties": {
    "pid": "본관(5층) 4층-2",
    "school": "여의도중학교",
    "kind": "교사동 창면",
    "dong": "본관(5층)",
    "floor": 4,
    "source": "도면기준",
    "z_m": 13.5,
    "s2_total_h": 5.17,
    "s2_cont_h": 4.5,
    "s2_pass_a": true,
    "s1_pass_a": true,
    "change_cd": "keep_ok",
    "변화": "유지 충족"
   }
  },
  {
   "type": "Feature",
   "geometry": {
    "type": "Point",
    "coordinates": [
     194274.423,
     547218.569
    ]
   },
   "properties": {
    "pid": "본관(5층) 5층-2",
    "school": "여의도중학교",
    "kind": "교사동 창면",
    "dong": "본관(5층)",
    "floor": 5,
    "source": "도면기준",
    "z_m": 17.1,
    "s2_total_h": 5.17,
    "s2_cont_h": 4.5,
    "s2_pass_a": true,
    "s1_pass_a": true,
    "change_cd": "keep_ok",
    "변화": "유지 충족"
   }
  },
  {
   "type": "Feature",
   "geometry": {
    "type": "Point",
    "coordinates": [
     194277.835,
     547214.384
    ]
   },
   "properties": {
    "pid": "본관(5층) 1층-2",
    "school": "여의도중학교",
    "kind": "교사동 창면",
    "dong": "본관(5층)",
    "floor": 1,
    "source": "도면기준",
    "z_m": 2.4,
    "s2_total_h": 4.5,
    "s2_cont_h": 4.5,
    "s2_pass_a": true,
    "s1_pass_a": true,
    "change_cd": "keep_ok",
    "변화": "유지 충족"
   }
  },
  {
   "type": "Feature",
   "geometry": {
    "type": "Point",
    "coordinates": [
     194277.835,
     547214.384
    ]
   },
   "properties": {
    "pid": "본관(5층) 2층-3",
    "school": "여의도중학교",
    "kind": "교사동 창면",
    "dong": "본관(5층)",
    "floor": 2,
    "source": "도면기준",
    "z_m": 6.3,
    "s2_total_h": 4.67,
    "s2_cont_h": 4.5,
    "s2_pass_a": true,
    "s1_pass_a": true,
    "change_cd": "keep_ok",
    "변화": "유지 충족"
   }
  },
  {
   "type": "Feature",
   "geometry": {
    "type": "Point",
    "coordinates": [
     194277.835,
     547214.384
    ]
   },
   "properties": {
    "pid": "본관(5층) 3층-3",
    "school": "여의도중학교",
    "kind": "교사동 창면",
    "dong": "본관(5층)",
    "floor": 3,
    "source": "도면기준",
    "z_m": 9.9,
    "s2_total_h": 4.83,
    "s2_cont_h": 4.5,
    "s2_pass_a": true,
    "s1_pass_a": true,
    "change_cd": "keep_ok",
    "변화": "유지 충족"
   }
  },
  {
   "type": "Feature",
   "geometry": {
    "type": "Point",
    "coordinates": [
     194277.835,
     547214.384
    ]
   },
   "properties": {
    "pid": "본관(5층) 4층-3",
    "school": "여의도중학교",
    "kind": "교사동 창면",
    "dong": "본관(5층)",
    "floor": 4,
    "source": "도면기준",
    "z_m": 13.5,
    "s2_total_h": 5.0,
    "s2_cont_h": 4.5,
    "s2_pass_a": true,
    "s1_pass_a": true,
    "change_cd": "keep_ok",
    "변화": "유지 충족"
   }
  },
  {
   "type": "Feature",
   "geometry": {
    "type": "Point",
    "coordinates": [
     194277.835,
     547214.384
    ]
   },
   "properties": {
    "pid": "본관(5층) 5층-3",
    "school": "여의도중학교",
    "kind": "교사동 창면",
    "dong": "본관(5층)",
    "floor": 5,
    "source": "도면기준",
    "z_m": 17.1,
    "s2_total_h": 5.17,
    "s2_cont_h": 4.5,
    "s2_pass_a": true,
    "s1_pass_a": true,
    "change_cd": "keep_ok",
    "변화": "유지 충족"
   }
  },
  {
   "type": "Feature",
   "geometry": {
    "type": "Point",
    "coordinates": [
     194280.109,
     547211.593
    ]
   },
   "properties": {
    "pid": "본관(5층) 1층-3",
    "school": "여의도중학교",
    "kind": "교사동 창면",
    "dong": "본관(5층)",
    "floor": 1,
    "source": "도면기준",
    "z_m": 2.4,
    "s2_total_h": 4.5,
    "s2_cont_h": 4.5,
    "s2_pass_a": true,
    "s1_pass_a": true,
    "change_cd": "keep_ok",
    "변화": "유지 충족"
   }
  },
  {
   "type": "Feature",
   "geometry": {
    "type": "Point",
    "coordinates": [
     194280.109,
     547211.593
    ]
   },
   "properties": {
    "pid": "본관(5층) 2층-4",
    "school": "여의도중학교",
    "kind": "교사동 창면",
    "dong": "본관(5층)",
    "floor": 2,
    "source": "도면기준",
    "z_m": 6.3,
    "s2_total_h": 4.67,
    "s2_cont_h": 4.5,
    "s2_pass_a": true,
    "s1_pass_a": true,
    "change_cd": "keep_ok",
    "변화": "유지 충족"
   }
  },
  {
   "type": "Feature",
   "geometry": {
    "type": "Point",
    "coordinates": [
     194280.109,
     547211.593
    ]
   },
   "properties": {
    "pid": "본관(5층) 3층-4",
    "school": "여의도중학교",
    "kind": "교사동 창면",
    "dong": "본관(5층)",
    "floor": 3,
    "source": "도면기준",
    "z_m": 9.9,
    "s2_total_h": 4.83,
    "s2_cont_h": 4.5,
    "s2_pass_a": true,
    "s1_pass_a": true,
    "change_cd": "keep_ok",
    "변화": "유지 충족"
   }
  },
  {
   "type": "Feature",
   "geometry": {
    "type": "Point",
    "coordinates": [
     194280.109,
     547211.593
    ]
   },
   "properties": {
    "pid": "본관(5층) 4층-4",
    "school": "여의도중학교",
    "kind": "교사동 창면",
    "dong": "본관(5층)",
    "floor": 4,
    "source": "도면기준",
    "z_m": 13.5,
    "s2_total_h": 5.0,
    "s2_cont_h": 4.5,
    "s2_pass_a": true,
    "s1_pass_a": true,
    "change_cd": "keep_ok",
    "변화": "유지 충족"
   }
  },
  {
   "type": "Feature",
   "geometry": {
    "type": "Point",
    "coordinates": [
     194280.109,
     547211.593
    ]
   },
   "properties": {
    "pid": "본관(5층) 5층-4",
    "school": "여의도중학교",
    "kind": "교사동 창면",
    "dong": "본관(5층)",
    "floor": 5,
    "source": "도면기준",
    "z_m": 17.1,
    "s2_total_h": 5.17,
    "s2_cont_h": 4.5,
    "s2_pass_a": true,
    "s1_pass_a": true,
    "change_cd": "keep_ok",
    "변화": "유지 충족"
   }
  },
  {
   "type": "Feature",
   "geometry": {
    "type": "Point",
    "coordinates": [
     194283.521,
     547207.407
    ]
   },
   "properties": {
    "pid": "본관(5층) 1층-4",
    "school": "여의도중학교",
    "kind": "교사동 창면",
    "dong": "본관(5층)",
    "floor": 1,
    "source": "도면기준",
    "z_m": 2.4,
    "s2_total_h": 4.5,
    "s2_cont_h": 2.33,
    "s2_pass_a": true,
    "s1_pass_a": true,
    "change_cd": "keep_ok",
    "변화": "유지 충족"
   }
  },
  {
   "type": "Feature",
   "geometry": {
    "type": "Point",
    "coordinates": [
     194283.521,
     547207.407
    ]
   },
   "properties": {
    "pid": "본관(5층) 2층-5",
    "school": "여의도중학교",
    "kind": "교사동 창면",
    "dong": "본관(5층)",
    "floor": 2,
    "source": "도면기준",
    "z_m": 6.3,
    "s2_total_h": 4.67,
    "s2_cont_h": 4.67,
    "s2_pass_a": true,
    "s1_pass_a": true,
    "change_cd": "keep_ok",
    "변화": "유지 충족"
   }
  },
  {
   "type": "Feature",
   "geometry": {
    "type": "Point",
    "coordinates": [
     194283.521,
     547207.407
    ]
   },
   "properties": {
    "pid": "본관(5층) 3층-5",
    "school": "여의도중학교",
    "kind": "교사동 창면",
    "dong": "본관(5층)",
    "floor": 3,
    "source": "도면기준",
    "z_m": 9.9,
    "s2_total_h": 4.83,
    "s2_cont_h": 4.67,
    "s2_pass_a": true,
    "s1_pass_a": true,
    "change_cd": "keep_ok",
    "변화": "유지 충족"
   }
  },
  {
   "type": "Feature",
   "geometry": {
    "type": "Point",
    "coordinates": [
     194283.521,
     547207.407
    ]
   },
   "properties": {
    "pid": "본관(5층) 4층-5",
    "school": "여의도중학교",
    "kind": "교사동 창면",
    "dong": "본관(5층)",
    "floor": 4,
    "source": "도면기준",
    "z_m": 13.5,
    "s2_total_h": 5.17,
    "s2_cont_h": 4.67,
    "s2_pass_a": true,
    "s1_pass_a": true,
    "change_cd": "keep_ok",
    "변화": "유지 충족"
   }
  },
  {
   "type": "Feature",
   "geometry": {
    "type": "Point",
    "coordinates": [
     194283.521,
     547207.407
    ]
   },
   "properties": {
    "pid": "본관(5층) 5층-5",
    "school": "여의도중학교",
    "kind": "교사동 창면",
    "dong": "본관(5층)",
    "floor": 5,
    "source": "도면기준",
    "z_m": 17.1,
    "s2_total_h": 5.5,
    "s2_cont_h": 4.67,
    "s2_pass_a": true,
    "s1_pass_a": true,
    "change_cd": "keep_ok",
    "변화": "유지 충족"
   }
  },
  {
   "type": "Feature",
   "geometry": {
    "type": "Point",
    "coordinates": [
     194285.795,
     547204.617
    ]
   },
   "properties": {
    "pid": "본관(5층) 1층-5",
    "school": "여의도중학교",
    "kind": "교사동 창면",
    "dong": "본관(5층)",
    "floor": 1,
    "source": "도면기준",
    "z_m": 2.4,
    "s2_total_h": 4.5,
    "s2_cont_h": 2.33,
    "s2_pass_a": true,
    "s1_pass_a": true,
    "change_cd": "keep_ok",
    "변화": "유지 충족"
   }
  },
  {
   "type": "Feature",
   "geometry": {
    "type": "Point",
    "coordinates": [
     194285.795,
     547204.617
    ]
   },
   "properties": {
    "pid": "본관(5층) 2층-6",
    "school": "여의도중학교",
    "kind": "교사동 창면",
    "dong": "본관(5층)",
    "floor": 2,
    "source": "도면기준",
    "z_m": 6.3,
    "s2_total_h": 4.67,
    "s2_cont_h": 4.67,
    "s2_pass_a": true,
    "s1_pass_a": true,
    "change_cd": "keep_ok",
    "변화": "유지 충족"
   }
  },
  {
   "type": "Feature",
   "geometry": {
    "type": "Point",
    "coordinates": [
     194285.795,
     547204.617
    ]
   },
   "properties": {
    "pid": "본관(5층) 3층-6",
    "school": "여의도중학교",
    "kind": "교사동 창면",
    "dong": "본관(5층)",
    "floor": 3,
    "source": "도면기준",
    "z_m": 9.9,
    "s2_total_h": 4.83,
    "s2_cont_h": 4.67,
    "s2_pass_a": true,
    "s1_pass_a": true,
    "change_cd": "keep_ok",
    "변화": "유지 충족"
   }
  },
  {
   "type": "Feature",
   "geometry": {
    "type": "Point",
    "coordinates": [
     194285.795,
     547204.617
    ]
   },
   "properties": {
    "pid": "본관(5층) 4층-6",
    "school": "여의도중학교",
    "kind": "교사동 창면",
    "dong": "본관(5층)",
    "floor": 4,
    "source": "도면기준",
    "z_m": 13.5,
    "s2_total_h": 5.0,
    "s2_cont_h": 4.67,
    "s2_pass_a": true,
    "s1_pass_a": true,
    "change_cd": "keep_ok",
    "변화": "유지 충족"
   }
  },
  {
   "type": "Feature",
   "geometry": {
    "type": "Point",
    "coordinates": [
     194285.795,
     547204.617
    ]
   },
   "properties": {
    "pid": "본관(5층) 5층-6",
    "school": "여의도중학교",
    "kind": "교사동 창면",
    "dong": "본관(5층)",
    "floor": 5,
    "source": "도면기준",
    "z_m": 17.1,
    "s2_total_h": 5.33,
    "s2_cont_h": 4.67,
    "s2_pass_a": true,
    "s1_pass_a": true,
    "change_cd": "keep_ok",
    "변화": "유지 충족"
   }
  },
  {
   "type": "Feature",
   "geometry": {
    "type": "Point",
    "coordinates": [
     194289.207,
     547200.431
    ]
   },
   "properties": {
    "pid": "본관(5층) 1층-6",
    "school": "여의도중학교",
    "kind": "교사동 창면",
    "dong": "본관(5층)",
    "floor": 1,
    "source": "도면기준",
    "z_m": 2.4,
    "s2_total_h": 4.5,
    "s2_cont_h": 2.33,
    "s2_pass_a": true,
    "s1_pass_a": true,
    "change_cd": "keep_ok",
    "변화": "유지 충족"
   }
  },
  {
   "type": "Feature",
   "geometry": {
    "type": "Point",
    "coordinates": [
     194289.207,
     547200.431
    ]
   },
   "properties": {
    "pid": "본관(5층) 2층-7",
    "school": "여의도중학교",
    "kind": "교사동 창면",
    "dong": "본관(5층)",
    "floor": 2,
    "source": "도면기준",
    "z_m": 6.3,
    "s2_total_h": 4.83,
    "s2_cont_h": 4.83,
    "s2_pass_a": true,
    "s1_pass_a": true,
    "change_cd": "keep_ok",
    "변화": "유지 충족"
   }
  },
  {
   "type": "Feature",
   "geometry": {
    "type": "Point",
    "coordinates": [
     194289.207,
     547200.431
    ]
   },
   "properties": {
    "pid": "본관(5층) 3층-7",
    "school": "여의도중학교",
    "kind": "교사동 창면",
    "dong": "본관(5층)",
    "floor": 3,
    "source": "도면기준",
    "z_m": 9.9,
    "s2_total_h": 4.83,
    "s2_cont_h": 4.83,
    "s2_pass_a": true,
    "s1_pass_a": true,
    "change_cd": "keep_ok",
    "변화": "유지 충족"
   }
  },
  {
   "type": "Feature",
   "geometry": {
    "type": "Point",
    "coordinates": [
     194289.207,
     547200.431
    ]
   },
   "properties": {
    "pid": "본관(5층) 4층-7",
    "school": "여의도중학교",
    "kind": "교사동 창면",
    "dong": "본관(5층)",
    "floor": 4,
    "source": "도면기준",
    "z_m": 13.5,
    "s2_total_h": 5.0,
    "s2_cont_h": 4.83,
    "s2_pass_a": true,
    "s1_pass_a": true,
    "change_cd": "keep_ok",
    "변화": "유지 충족"
   }
  },
  {
   "type": "Feature",
   "geometry": {
    "type": "Point",
    "coordinates": [
     194289.207,
     547200.431
    ]
   },
   "properties": {
    "pid": "본관(5층) 5층-7",
    "school": "여의도중학교",
    "kind": "교사동 창면",
    "dong": "본관(5층)",
    "floor": 5,
    "source": "도면기준",
    "z_m": 17.1,
    "s2_total_h": 5.33,
    "s2_cont_h": 4.83,
    "s2_pass_a": true,
    "s1_pass_a": true,
    "change_cd": "keep_ok",
    "변화": "유지 충족"
   }
  },
  {
   "type": "Feature",
   "geometry": {
    "type": "Point",
    "coordinates": [
     194291.481,
     547197.64
    ]
   },
   "properties": {
    "pid": "본관(5층) 1층-7",
    "school": "여의도중학교",
    "kind": "교사동 창면",
    "dong": "본관(5층)",
    "floor": 1,
    "source": "도면기준",
    "z_m": 2.4,
    "s2_total_h": 4.67,
    "s2_cont_h": 2.33,
    "s2_pass_a": true,
    "s1_pass_a": true,
    "change_cd": "keep_ok",
    "변화": "유지 충족"
   }
  },
  {
   "type": "Feature",
   "geometry": {
    "type": "Point",
    "coordinates": [
     194291.481,
     547197.64
    ]
   },
   "properties": {
    "pid": "본관(5층) 2층-8",
    "school": "여의도중학교",
    "kind": "교사동 창면",
    "dong": "본관(5층)",
    "floor": 2,
    "source": "도면기준",
    "z_m": 6.3,
    "s2_total_h": 4.67,
    "s2_cont_h": 2.33,
    "s2_pass_a": true,
    "s1_pass_a": true,
    "change_cd": "keep_ok",
    "변화": "유지 충족"
   }
  },
  {
   "type": "Feature",
   "geometry": {
    "type": "Point",
    "coordinates": [
     194291.481,
     547197.64
    ]
   },
   "properties": {
    "pid": "본관(5층) 3층-8",
    "school": "여의도중학교",
    "kind": "교사동 창면",
    "dong": "본관(5층)",
    "floor": 3,
    "source": "도면기준",
    "z_m": 9.9,
    "s2_total_h": 4.83,
    "s2_cont_h": 4.83,
    "s2_pass_a": true,
    "s1_pass_a": true,
    "change_cd": "keep_ok",
    "변화": "유지 충족"
   }
  },
  {
   "type": "Feature",
   "geometry": {
    "type": "Point",
    "coordinates": [
     194291.481,
     547197.64
    ]
   },
   "properties": {
    "pid": "본관(5층) 4층-8",
    "school": "여의도중학교",
    "kind": "교사동 창면",
    "dong": "본관(5층)",
    "floor": 4,
    "source": "도면기준",
    "z_m": 13.5,
    "s2_total_h": 5.0,
    "s2_cont_h": 4.83,
    "s2_pass_a": true,
    "s1_pass_a": true,
    "change_cd": "keep_ok",
    "변화": "유지 충족"
   }
  },
  {
   "type": "Feature",
   "geometry": {
    "type": "Point",
    "coordinates": [
     194291.481,
     547197.64
    ]
   },
   "properties": {
    "pid": "본관(5층) 5층-8",
    "school": "여의도중학교",
    "kind": "교사동 창면",
    "dong": "본관(5층)",
    "floor": 5,
    "source": "도면기준",
    "z_m": 17.1,
    "s2_total_h": 5.33,
    "s2_cont_h": 4.83,
    "s2_pass_a": true,
    "s1_pass_a": true,
    "change_cd": "keep_ok",
    "변화": "유지 충족"
   }
  },
  {
   "type": "Feature",
   "geometry": {
    "type": "Point",
    "coordinates": [
     194294.893,
     547193.455
    ]
   },
   "properties": {
    "pid": "본관(5층) 1층-8",
    "school": "여의도중학교",
    "kind": "교사동 창면",
    "dong": "본관(5층)",
    "floor": 1,
    "source": "도면기준",
    "z_m": 2.4,
    "s2_total_h": 4.83,
    "s2_cont_h": 2.5,
    "s2_pass_a": true,
    "s1_pass_a": true,
    "change_cd": "keep_ok",
    "변화": "유지 충족"
   }
  },
  {
   "type": "Feature",
   "geometry": {
    "type": "Point",
    "coordinates": [
     194294.893,
     547193.455
    ]
   },
   "properties": {
    "pid": "본관(5층) 2층-9",
    "school": "여의도중학교",
    "kind": "교사동 창면",
    "dong": "본관(5층)",
    "floor": 2,
    "source": "도면기준",
    "z_m": 6.3,
    "s2_total_h": 4.83,
    "s2_cont_h": 2.5,
    "s2_pass_a": true,
    "s1_pass_a": true,
    "change_cd": "keep_ok",
    "변화": "유지 충족"
   }
  },
  {
   "type": "Feature",
   "geometry": {
    "type": "Point",
    "coordinates": [
     194294.893,
     547193.455
    ]
   },
   "properties": {
    "pid": "본관(5층) 3층-9",
    "school": "여의도중학교",
    "kind": "교사동 창면",
    "dong": "본관(5층)",
    "floor": 3,
    "source": "도면기준",
    "z_m": 9.9,
    "s2_total_h": 4.83,
    "s2_cont_h": 2.5,
    "s2_pass_a": true,
    "s1_pass_a": true,
    "change_cd": "keep_ok",
    "변화": "유지 충족"
   }
  },
  {
   "type": "Feature",
   "geometry": {
    "type": "Point",
    "coordinates": [
     194294.893,
     547193.455
    ]
   },
   "properties": {
    "pid": "본관(5층) 4층-9",
    "school": "여의도중학교",
    "kind": "교사동 창면",
    "dong": "본관(5층)",
    "floor": 4,
    "source": "도면기준",
    "z_m": 13.5,
    "s2_total_h": 5.17,
    "s2_cont_h": 5.0,
    "s2_pass_a": true,
    "s1_pass_a": true,
    "change_cd": "keep_ok",
    "변화": "유지 충족"
   }
  },
  {
   "type": "Feature",
   "geometry": {
    "type": "Point",
    "coordinates": [
     194294.893,
     547193.455
    ]
   },
   "properties": {
    "pid": "본관(5층) 5층-9",
    "school": "여의도중학교",
    "kind": "교사동 창면",
    "dong": "본관(5층)",
    "floor": 5,
    "source": "도면기준",
    "z_m": 17.1,
    "s2_total_h": 5.5,
    "s2_cont_h": 5.0,
    "s2_pass_a": true,
    "s1_pass_a": true,
    "change_cd": "keep_ok",
    "변화": "유지 충족"
   }
  },
  {
   "type": "Feature",
   "geometry": {
    "type": "Point",
    "coordinates": [
     194297.168,
     547190.664
    ]
   },
   "properties": {
    "pid": "본관(5층) 1층-9",
    "school": "여의도중학교",
    "kind": "교사동 창면",
    "dong": "본관(5층)",
    "floor": 1,
    "source": "도면기준",
    "z_m": 2.4,
    "s2_total_h": 4.83,
    "s2_cont_h": 2.5,
    "s2_pass_a": true,
    "s1_pass_a": true,
    "change_cd": "keep_ok",
    "변화": "유지 충족"
   }
  },
  {
   "type": "Feature",
   "geometry": {
    "type": "Point",
    "coordinates": [
     194297.168,
     547190.664
    ]
   },
   "properties": {
    "pid": "본관(5층) 2층-10",
    "school": "여의도중학교",
    "kind": "교사동 창면",
    "dong": "본관(5층)",
    "floor": 2,
    "source": "도면기준",
    "z_m": 6.3,
    "s2_total_h": 4.83,
    "s2_cont_h": 2.5,
    "s2_pass_a": true,
    "s1_pass_a": true,
    "change_cd": "keep_ok",
    "변화": "유지 충족"
   }
  },
  {
   "type": "Feature",
   "geometry": {
    "type": "Point",
    "coordinates": [
     194297.168,
     547190.664
    ]
   },
   "properties": {
    "pid": "본관(5층) 3층-10",
    "school": "여의도중학교",
    "kind": "교사동 창면",
    "dong": "본관(5층)",
    "floor": 3,
    "source": "도면기준",
    "z_m": 9.9,
    "s2_total_h": 4.83,
    "s2_cont_h": 2.5,
    "s2_pass_a": true,
    "s1_pass_a": true,
    "change_cd": "keep_ok",
    "변화": "유지 충족"
   }
  },
  {
   "type": "Feature",
   "geometry": {
    "type": "Point",
    "coordinates": [
     194297.168,
     547190.664
    ]
   },
   "properties": {
    "pid": "본관(5층) 4층-10",
    "school": "여의도중학교",
    "kind": "교사동 창면",
    "dong": "본관(5층)",
    "floor": 4,
    "source": "도면기준",
    "z_m": 13.5,
    "s2_total_h": 5.0,
    "s2_cont_h": 5.0,
    "s2_pass_a": true,
    "s1_pass_a": true,
    "change_cd": "keep_ok",
    "변화": "유지 충족"
   }
  },
  {
   "type": "Feature",
   "geometry": {
    "type": "Point",
    "coordinates": [
     194297.168,
     547190.664
    ]
   },
   "properties": {
    "pid": "본관(5층) 5층-10",
    "school": "여의도중학교",
    "kind": "교사동 창면",
    "dong": "본관(5층)",
    "floor": 5,
    "source": "도면기준",
    "z_m": 17.1,
    "s2_total_h": 5.33,
    "s2_cont_h": 5.0,
    "s2_pass_a": true,
    "s1_pass_a": true,
    "change_cd": "keep_ok",
    "변화": "유지 충족"
   }
  },
  {
   "type": "Feature",
   "geometry": {
    "type": "Point",
    "coordinates": [
     194300.579,
     547186.478
    ]
   },
   "properties": {
    "pid": "본관(5층) 2층-11",
    "school": "여의도중학교",
    "kind": "교사동 창면",
    "dong": "본관(5층)",
    "floor": 2,
    "source": "도면기준",
    "z_m": 6.3,
    "s2_total_h": 4.83,
    "s2_cont_h": 2.5,
    "s2_pass_a": true,
    "s1_pass_a": true,
    "change_cd": "keep_ok",
    "변화": "유지 충족"
   }
  },
  {
   "type": "Feature",
   "geometry": {
    "type": "Point",
    "coordinates": [
     194300.579,
     547186.478
    ]
   },
   "properties": {
    "pid": "본관(5층) 3층-11",
    "school": "여의도중학교",
    "kind": "교사동 창면",
    "dong": "본관(5층)",
    "floor": 3,
    "source": "도면기준",
    "z_m": 9.9,
    "s2_total_h": 4.83,
    "s2_cont_h": 2.5,
    "s2_pass_a": true,
    "s1_pass_a": true,
    "change_cd": "keep_ok",
    "변화": "유지 충족"
   }
  },
  {
   "type": "Feature",
   "geometry": {
    "type": "Point",
    "coordinates": [
     194300.579,
     547186.478
    ]
   },
   "properties": {
    "pid": "본관(5층) 4층-11",
    "school": "여의도중학교",
    "kind": "교사동 창면",
    "dong": "본관(5층)",
    "floor": 4,
    "source": "도면기준",
    "z_m": 13.5,
    "s2_total_h": 5.17,
    "s2_cont_h": 5.17,
    "s2_pass_a": true,
    "s1_pass_a": true,
    "change_cd": "keep_ok",
    "변화": "유지 충족"
   }
  },
  {
   "type": "Feature",
   "geometry": {
    "type": "Point",
    "coordinates": [
     194300.579,
     547186.478
    ]
   },
   "properties": {
    "pid": "본관(5층) 5층-11",
    "school": "여의도중학교",
    "kind": "교사동 창면",
    "dong": "본관(5층)",
    "floor": 5,
    "source": "도면기준",
    "z_m": 17.1,
    "s2_total_h": 5.5,
    "s2_cont_h": 5.17,
    "s2_pass_a": true,
    "s1_pass_a": true,
    "change_cd": "keep_ok",
    "변화": "유지 충족"
   }
  },
  {
   "type": "Feature",
   "geometry": {
    "type": "Point",
    "coordinates": [
     194302.854,
     547183.688
    ]
   },
   "properties": {
    "pid": "본관(5층) 1층-10",
    "school": "여의도중학교",
    "kind": "교사동 창면",
    "dong": "본관(5층)",
    "floor": 1,
    "source": "도면기준",
    "z_m": 2.4,
    "s2_total_h": 4.67,
    "s2_cont_h": 2.33,
    "s2_pass_a": true,
    "s1_pass_a": true,
    "change_cd": "keep_ok",
    "변화": "유지 충족"
   }
  },
  {
   "type": "Feature",
   "geometry": {
    "type": "Point",
    "coordinates": [
     194302.854,
     547183.688
    ]
   },
   "properties": {
    "pid": "본관(5층) 2층-12",
    "school": "여의도중학교",
    "kind": "교사동 창면",
    "dong": "본관(5층)",
    "floor": 2,
    "source": "도면기준",
    "z_m": 6.3,
    "s2_total_h": 4.83,
    "s2_cont_h": 2.5,
    "s2_pass_a": true,
    "s1_pass_a": true,
    "change_cd": "keep_ok",
    "변화": "유지 충족"
   }
  },
  {
   "type": "Feature",
   "geometry": {
    "type": "Point",
    "coordinates": [
     194302.854,
     547183.688
    ]
   },
   "properties": {
    "pid": "본관(5층) 3층-12",
    "school": "여의도중학교",
    "kind": "교사동 창면",
    "dong": "본관(5층)",
    "floor": 3,
    "source": "도면기준",
    "z_m": 9.9,
    "s2_total_h": 5.0,
    "s2_cont_h": 2.5,
    "s2_pass_a": true,
    "s1_pass_a": true,
    "change_cd": "keep_ok",
    "변화": "유지 충족"
   }
  },
  {
   "type": "Feature",
   "geometry": {
    "type": "Point",
    "coordinates": [
     194302.854,
     547183.688
    ]
   },
   "properties": {
    "pid": "본관(5층) 4층-12",
    "school": "여의도중학교",
    "kind": "교사동 창면",
    "dong": "본관(5층)",
    "floor": 4,
    "source": "도면기준",
    "z_m": 13.5,
    "s2_total_h": 5.0,
    "s2_cont_h": 2.5,
    "s2_pass_a": true,
    "s1_pass_a": true,
    "change_cd": "keep_ok",
    "변화": "유지 충족"
   }
  },
  {
   "type": "Feature",
   "geometry": {
    "type": "Point",
    "coordinates": [
     194302.854,
     547183.688
    ]
   },
   "properties": {
    "pid": "본관(5층) 5층-12",
    "school": "여의도중학교",
    "kind": "교사동 창면",
    "dong": "본관(5층)",
    "floor": 5,
    "source": "도면기준",
    "z_m": 17.1,
    "s2_total_h": 5.33,
    "s2_cont_h": 5.17,
    "s2_pass_a": true,
    "s1_pass_a": true,
    "change_cd": "keep_ok",
    "변화": "유지 충족"
   }
  },
  {
   "type": "Feature",
   "geometry": {
    "type": "Point",
    "coordinates": [
     194306.265,
     547179.502
    ]
   },
   "properties": {
    "pid": "본관(5층) 1층-11",
    "school": "여의도중학교",
    "kind": "교사동 창면",
    "dong": "본관(5층)",
    "floor": 1,
    "source": "도면기준",
    "z_m": 2.4,
    "s2_total_h": 4.67,
    "s2_cont_h": 2.5,
    "s2_pass_a": true,
    "s1_pass_a": true,
    "change_cd": "keep_ok",
    "변화": "유지 충족"
   }
  },
  {
   "type": "Feature",
   "geometry": {
    "type": "Point",
    "coordinates": [
     194306.265,
     547179.502
    ]
   },
   "properties": {
    "pid": "본관(5층) 2층-13",
    "school": "여의도중학교",
    "kind": "교사동 창면",
    "dong": "본관(5층)",
    "floor": 2,
    "source": "도면기준",
    "z_m": 6.3,
    "s2_total_h": 5.0,
    "s2_cont_h": 2.5,
    "s2_pass_a": true,
    "s1_pass_a": true,
    "change_cd": "keep_ok",
    "변화": "유지 충족"
   }
  },
  {
   "type": "Feature",
   "geometry": {
    "type": "Point",
    "coordinates": [
     194306.265,
     547179.502
    ]
   },
   "properties": {
    "pid": "본관(5층) 3층-13",
    "school": "여의도중학교",
    "kind": "교사동 창면",
    "dong": "본관(5층)",
    "floor": 3,
    "source": "도면기준",
    "z_m": 9.9,
    "s2_total_h": 5.0,
    "s2_cont_h": 2.5,
    "s2_pass_a": true,
    "s1_pass_a": true,
    "change_cd": "keep_ok",
    "변화": "유지 충족"
   }
  },
  {
   "type": "Feature",
   "geometry": {
    "type": "Point",
    "coordinates": [
     194306.265,
     547179.502
    ]
   },
   "properties": {
    "pid": "본관(5층) 4층-13",
    "school": "여의도중학교",
    "kind": "교사동 창면",
    "dong": "본관(5층)",
    "floor": 4,
    "source": "도면기준",
    "z_m": 13.5,
    "s2_total_h": 5.17,
    "s2_cont_h": 2.67,
    "s2_pass_a": true,
    "s1_pass_a": true,
    "change_cd": "keep_ok",
    "변화": "유지 충족"
   }
  },
  {
   "type": "Feature",
   "geometry": {
    "type": "Point",
    "coordinates": [
     194306.265,
     547179.502
    ]
   },
   "properties": {
    "pid": "본관(5층) 5층-13",
    "school": "여의도중학교",
    "kind": "교사동 창면",
    "dong": "본관(5층)",
    "floor": 5,
    "source": "도면기준",
    "z_m": 17.1,
    "s2_total_h": 5.33,
    "s2_cont_h": 2.67,
    "s2_pass_a": true,
    "s1_pass_a": true,
    "change_cd": "keep_ok",
    "변화": "유지 충족"
   }
  },
  {
   "type": "Feature",
   "geometry": {
    "type": "Point",
    "coordinates": [
     194308.54,
     547176.712
    ]
   },
   "properties": {
    "pid": "본관(5층) 1층-12",
    "school": "여의도중학교",
    "kind": "교사동 창면",
    "dong": "본관(5층)",
    "floor": 1,
    "source": "도면기준",
    "z_m": 2.4,
    "s2_total_h": 4.67,
    "s2_cont_h": 2.5,
    "s2_pass_a": true,
    "s1_pass_a": true,
    "change_cd": "keep_ok",
    "변화": "유지 충족"
   }
  },
  {
   "type": "Feature",
   "geometry": {
    "type": "Point",
    "coordinates": [
     194308.54,
     547176.712
    ]
   },
   "properties": {
    "pid": "본관(5층) 2층-14",
    "school": "여의도중학교",
    "kind": "교사동 창면",
    "dong": "본관(5층)",
    "floor": 2,
    "source": "도면기준",
    "z_m": 6.3,
    "s2_total_h": 4.83,
    "s2_cont_h": 2.5,
    "s2_pass_a": true,
    "s1_pass_a": true,
    "change_cd": "keep_ok",
    "변화": "유지 충족"
   }
  },
  {
   "type": "Feature",
   "geometry": {
    "type": "Point",
    "coordinates": [
     194308.54,
     547176.712
    ]
   },
   "properties": {
    "pid": "본관(5층) 3층-14",
    "school": "여의도중학교",
    "kind": "교사동 창면",
    "dong": "본관(5층)",
    "floor": 3,
    "source": "도면기준",
    "z_m": 9.9,
    "s2_total_h": 4.83,
    "s2_cont_h": 2.5,
    "s2_pass_a": true,
    "s1_pass_a": true,
    "change_cd": "keep_ok",
    "변화": "유지 충족"
   }
  },
  {
   "type": "Feature",
   "geometry": {
    "type": "Point",
    "coordinates": [
     194308.54,
     547176.712
    ]
   },
   "properties": {
    "pid": "본관(5층) 4층-14",
    "school": "여의도중학교",
    "kind": "교사동 창면",
    "dong": "본관(5층)",
    "floor": 4,
    "source": "도면기준",
    "z_m": 13.5,
    "s2_total_h": 4.83,
    "s2_cont_h": 2.5,
    "s2_pass_a": true,
    "s1_pass_a": true,
    "change_cd": "keep_ok",
    "변화": "유지 충족"
   }
  },
  {
   "type": "Feature",
   "geometry": {
    "type": "Point",
    "coordinates": [
     194308.54,
     547176.712
    ]
   },
   "properties": {
    "pid": "본관(5층) 5층-14",
    "school": "여의도중학교",
    "kind": "교사동 창면",
    "dong": "본관(5층)",
    "floor": 5,
    "source": "도면기준",
    "z_m": 17.1,
    "s2_total_h": 5.0,
    "s2_cont_h": 2.5,
    "s2_pass_a": true,
    "s1_pass_a": true,
    "change_cd": "keep_ok",
    "변화": "유지 충족"
   }
  },
  {
   "type": "Feature",
   "geometry": {
    "type": "Point",
    "coordinates": [
     194311.951,
     547172.526
    ]
   },
   "properties": {
    "pid": "본관(5층) 1층-13",
    "school": "여의도중학교",
    "kind": "교사동 창면",
    "dong": "본관(5층)",
    "floor": 1,
    "source": "도면기준",
    "z_m": 2.4,
    "s2_total_h": 4.67,
    "s2_cont_h": 2.5,
    "s2_pass_a": true,
    "s1_pass_a": true,
    "change_cd": "keep_ok",
    "변화": "유지 충족"
   }
  },
  {
   "type": "Feature",
   "geometry": {
    "type": "Point",
    "coordinates": [
     194311.951,
     547172.526
    ]
   },
   "properties": {
    "pid": "본관(5층) 2층-15",
    "school": "여의도중학교",
    "kind": "교사동 창면",
    "dong": "본관(5층)",
    "floor": 2,
    "source": "도면기준",
    "z_m": 6.3,
    "s2_total_h": 4.83,
    "s2_cont_h": 2.5,
    "s2_pass_a": true,
    "s1_pass_a": true,
    "change_cd": "keep_ok",
    "변화": "유지 충족"
   }
  },
  {
   "type": "Feature",
   "geometry": {
    "type": "Point",
    "coordinates": [
     194311.951,
     547172.526
    ]
   },
   "properties": {
    "pid": "본관(5층) 3층-15",
    "school": "여의도중학교",
    "kind": "교사동 창면",
    "dong": "본관(5층)",
    "floor": 3,
    "source": "도면기준",
    "z_m": 9.9,
    "s2_total_h": 4.83,
    "s2_cont_h": 2.5,
    "s2_pass_a": true,
    "s1_pass_a": true,
    "change_cd": "keep_ok",
    "변화": "유지 충족"
   }
  },
  {
   "type": "Feature",
   "geometry": {
    "type": "Point",
    "coordinates": [
     194311.951,
     547172.526
    ]
   },
   "properties": {
    "pid": "본관(5층) 4층-15",
    "school": "여의도중학교",
    "kind": "교사동 창면",
    "dong": "본관(5층)",
    "floor": 4,
    "source": "도면기준",
    "z_m": 13.5,
    "s2_total_h": 4.83,
    "s2_cont_h": 2.5,
    "s2_pass_a": true,
    "s1_pass_a": true,
    "change_cd": "keep_ok",
    "변화": "유지 충족"
   }
  },
  {
   "type": "Feature",
   "geometry": {
    "type": "Point",
    "coordinates": [
     194311.951,
     547172.526
    ]
   },
   "properties": {
    "pid": "본관(5층) 5층-15",
    "school": "여의도중학교",
    "kind": "교사동 창면",
    "dong": "본관(5층)",
    "floor": 5,
    "source": "도면기준",
    "z_m": 17.1,
    "s2_total_h": 5.33,
    "s2_cont_h": 2.67,
    "s2_pass_a": true,
    "s1_pass_a": true,
    "change_cd": "keep_ok",
    "변화": "유지 충족"
   }
  },
  {
   "type": "Feature",
   "geometry": {
    "type": "Point",
    "coordinates": [
     194314.226,
     547169.735
    ]
   },
   "properties": {
    "pid": "본관(5층) 1층-14",
    "school": "여의도중학교",
    "kind": "교사동 창면",
    "dong": "본관(5층)",
    "floor": 1,
    "source": "도면기준",
    "z_m": 2.4,
    "s2_total_h": 4.67,
    "s2_cont_h": 2.5,
    "s2_pass_a": true,
    "s1_pass_a": true,
    "change_cd": "keep_ok",
    "변화": "유지 충족"
   }
  },
  {
   "type": "Feature",
   "geometry": {
    "type": "Point",
    "coordinates": [
     194314.226,
     547169.735
    ]
   },
   "properties": {
    "pid": "본관(5층) 2층-16",
    "school": "여의도중학교",
    "kind": "교사동 창면",
    "dong": "본관(5층)",
    "floor": 2,
    "source": "도면기준",
    "z_m": 6.3,
    "s2_total_h": 4.83,
    "s2_cont_h": 2.5,
    "s2_pass_a": true,
    "s1_pass_a": true,
    "change_cd": "keep_ok",
    "변화": "유지 충족"
   }
  },
  {
   "type": "Feature",
   "geometry": {
    "type": "Point",
    "coordinates": [
     194314.226,
     547169.735
    ]
   },
   "properties": {
    "pid": "본관(5층) 3층-16",
    "school": "여의도중학교",
    "kind": "교사동 창면",
    "dong": "본관(5층)",
    "floor": 3,
    "source": "도면기준",
    "z_m": 9.9,
    "s2_total_h": 4.83,
    "s2_cont_h": 2.5,
    "s2_pass_a": true,
    "s1_pass_a": true,
    "change_cd": "keep_ok",
    "변화": "유지 충족"
   }
  },
  {
   "type": "Feature",
   "geometry": {
    "type": "Point",
    "coordinates": [
     194314.226,
     547169.735
    ]
   },
   "properties": {
    "pid": "본관(5층) 4층-16",
    "school": "여의도중학교",
    "kind": "교사동 창면",
    "dong": "본관(5층)",
    "floor": 4,
    "source": "도면기준",
    "z_m": 13.5,
    "s2_total_h": 5.0,
    "s2_cont_h": 2.67,
    "s2_pass_a": true,
    "s1_pass_a": true,
    "change_cd": "keep_ok",
    "변화": "유지 충족"
   }
  },
  {
   "type": "Feature",
   "geometry": {
    "type": "Point",
    "coordinates": [
     194314.226,
     547169.735
    ]
   },
   "properties": {
    "pid": "본관(5층) 5층-16",
    "school": "여의도중학교",
    "kind": "교사동 창면",
    "dong": "본관(5층)",
    "floor": 5,
    "source": "도면기준",
    "z_m": 17.1,
    "s2_total_h": 5.17,
    "s2_cont_h": 2.67,
    "s2_pass_a": true,
    "s1_pass_a": true,
    "change_cd": "keep_ok",
    "변화": "유지 충족"
   }
  },
  {
   "type": "Feature",
   "geometry": {
    "type": "Point",
    "coordinates": [
     194317.637,
     547165.549
    ]
   },
   "properties": {
    "pid": "본관(5층) 1층-15",
    "school": "여의도중학교",
    "kind": "교사동 창면",
    "dong": "본관(5층)",
    "floor": 1,
    "source": "도면기준",
    "z_m": 2.4,
    "s2_total_h": 5.0,
    "s2_cont_h": 2.67,
    "s2_pass_a": true,
    "s1_pass_a": true,
    "change_cd": "keep_ok",
    "변화": "유지 충족"
   }
  },
  {
   "type": "Feature",
   "geometry": {
    "type": "Point",
    "coordinates": [
     194317.637,
     547165.549
    ]
   },
   "properties": {
    "pid": "본관(5층) 2층-17",
    "school": "여의도중학교",
    "kind": "교사동 창면",
    "dong": "본관(5층)",
    "floor": 2,
    "source": "도면기준",
    "z_m": 6.3,
    "s2_total_h": 5.0,
    "s2_cont_h": 2.67,
    "s2_pass_a": true,
    "s1_pass_a": true,
    "change_cd": "keep_ok",
    "변화": "유지 충족"
   }
  },
  {
   "type": "Feature",
   "geometry": {
    "type": "Point",
    "coordinates": [
     194317.637,
     547165.549
    ]
   },
   "properties": {
    "pid": "본관(5층) 3층-17",
    "school": "여의도중학교",
    "kind": "교사동 창면",
    "dong": "본관(5층)",
    "floor": 3,
    "source": "도면기준",
    "z_m": 9.9,
    "s2_total_h": 5.0,
    "s2_cont_h": 2.67,
    "s2_pass_a": true,
    "s1_pass_a": true,
    "change_cd": "keep_ok",
    "변화": "유지 충족"
   }
  },
  {
   "type": "Feature",
   "geometry": {
    "type": "Point",
    "coordinates": [
     194317.637,
     547165.549
    ]
   },
   "properties": {
    "pid": "본관(5층) 4층-17",
    "school": "여의도중학교",
    "kind": "교사동 창면",
    "dong": "본관(5층)",
    "floor": 4,
    "source": "도면기준",
    "z_m": 13.5,
    "s2_total_h": 5.0,
    "s2_cont_h": 2.67,
    "s2_pass_a": true,
    "s1_pass_a": true,
    "change_cd": "keep_ok",
    "변화": "유지 충족"
   }
  },
  {
   "type": "Feature",
   "geometry": {
    "type": "Point",
    "coordinates": [
     194317.637,
     547165.549
    ]
   },
   "properties": {
    "pid": "본관(5층) 5층-17",
    "school": "여의도중학교",
    "kind": "교사동 창면",
    "dong": "본관(5층)",
    "floor": 5,
    "source": "도면기준",
    "z_m": 17.1,
    "s2_total_h": 5.17,
    "s2_cont_h": 2.67,
    "s2_pass_a": true,
    "s1_pass_a": true,
    "change_cd": "keep_ok",
    "변화": "유지 충족"
   }
  },
  {
   "type": "Feature",
   "geometry": {
    "type": "Point",
    "coordinates": [
     194319.912,
     547162.759
    ]
   },
   "properties": {
    "pid": "본관(5층) 1층-16",
    "school": "여의도중학교",
    "kind": "교사동 창면",
    "dong": "본관(5층)",
    "floor": 1,
    "source": "도면기준",
    "z_m": 2.4,
    "s2_total_h": 4.67,
    "s2_cont_h": 2.67,
    "s2_pass_a": true,
    "s1_pass_a": true,
    "change_cd": "keep_ok",
    "변화": "유지 충족"
   }
  },
  {
   "type": "Feature",
   "geometry": {
    "type": "Point",
    "coordinates": [
     194319.912,
     547162.759
    ]
   },
   "properties": {
    "pid": "본관(5층) 2층-18",
    "school": "여의도중학교",
    "kind": "교사동 창면",
    "dong": "본관(5층)",
    "floor": 2,
    "source": "도면기준",
    "z_m": 6.3,
    "s2_total_h": 4.83,
    "s2_cont_h": 2.67,
    "s2_pass_a": true,
    "s1_pass_a": true,
    "change_cd": "keep_ok",
    "변화": "유지 충족"
   }
  },
  {
   "type": "Feature",
   "geometry": {
    "type": "Point",
    "coordinates": [
     194319.912,
     547162.759
    ]
   },
   "properties": {
    "pid": "본관(5층) 3층-18",
    "school": "여의도중학교",
    "kind": "교사동 창면",
    "dong": "본관(5층)",
    "floor": 3,
    "source": "도면기준",
    "z_m": 9.9,
    "s2_total_h": 4.83,
    "s2_cont_h": 2.67,
    "s2_pass_a": true,
    "s1_pass_a": true,
    "change_cd": "keep_ok",
    "변화": "유지 충족"
   }
  },
  {
   "type": "Feature",
   "geometry": {
    "type": "Point",
    "coordinates": [
     194319.912,
     547162.759
    ]
   },
   "properties": {
    "pid": "본관(5층) 4층-18",
    "school": "여의도중학교",
    "kind": "교사동 창면",
    "dong": "본관(5층)",
    "floor": 4,
    "source": "도면기준",
    "z_m": 13.5,
    "s2_total_h": 5.0,
    "s2_cont_h": 2.67,
    "s2_pass_a": true,
    "s1_pass_a": true,
    "change_cd": "keep_ok",
    "변화": "유지 충족"
   }
  },
  {
   "type": "Feature",
   "geometry": {
    "type": "Point",
    "coordinates": [
     194319.912,
     547162.759
    ]
   },
   "properties": {
    "pid": "본관(5층) 5층-18",
    "school": "여의도중학교",
    "kind": "교사동 창면",
    "dong": "본관(5층)",
    "floor": 5,
    "source": "도면기준",
    "z_m": 17.1,
    "s2_total_h": 5.0,
    "s2_cont_h": 2.67,
    "s2_pass_a": true,
    "s1_pass_a": true,
    "change_cd": "keep_ok",
    "변화": "유지 충족"
   }
  },
  {
   "type": "Feature",
   "geometry": {
    "type": "Point",
    "coordinates": [
     194323.323,
     547158.573
    ]
   },
   "properties": {
    "pid": "본관(5층) 1층-17",
    "school": "여의도중학교",
    "kind": "교사동 창면",
    "dong": "본관(5층)",
    "floor": 1,
    "source": "도면기준",
    "z_m": 2.4,
    "s2_total_h": 4.67,
    "s2_cont_h": 2.67,
    "s2_pass_a": true,
    "s1_pass_a": true,
    "change_cd": "keep_ok",
    "변화": "유지 충족"
   }
  },
  {
   "type": "Feature",
   "geometry": {
    "type": "Point",
    "coordinates": [
     194323.323,
     547158.573
    ]
   },
   "properties": {
    "pid": "본관(5층) 2층-19",
    "school": "여의도중학교",
    "kind": "교사동 창면",
    "dong": "본관(5층)",
    "floor": 2,
    "source": "도면기준",
    "z_m": 6.3,
    "s2_total_h": 4.67,
    "s2_cont_h": 2.67,
    "s2_pass_a": true,
    "s1_pass_a": true,
    "change_cd": "keep_ok",
    "변화": "유지 충족"
   }
  },
  {
   "type": "Feature",
   "geometry": {
    "type": "Point",
    "coordinates": [
     194323.323,
     547158.573
    ]
   },
   "properties": {
    "pid": "본관(5층) 3층-19",
    "school": "여의도중학교",
    "kind": "교사동 창면",
    "dong": "본관(5층)",
    "floor": 3,
    "source": "도면기준",
    "z_m": 9.9,
    "s2_total_h": 4.83,
    "s2_cont_h": 2.67,
    "s2_pass_a": true,
    "s1_pass_a": true,
    "change_cd": "keep_ok",
    "변화": "유지 충족"
   }
  },
  {
   "type": "Feature",
   "geometry": {
    "type": "Point",
    "coordinates": [
     194323.323,
     547158.573
    ]
   },
   "properties": {
    "pid": "본관(5층) 4층-19",
    "school": "여의도중학교",
    "kind": "교사동 창면",
    "dong": "본관(5층)",
    "floor": 4,
    "source": "도면기준",
    "z_m": 13.5,
    "s2_total_h": 5.0,
    "s2_cont_h": 2.67,
    "s2_pass_a": true,
    "s1_pass_a": true,
    "change_cd": "keep_ok",
    "변화": "유지 충족"
   }
  },
  {
   "type": "Feature",
   "geometry": {
    "type": "Point",
    "coordinates": [
     194323.323,
     547158.573
    ]
   },
   "properties": {
    "pid": "본관(5층) 5층-19",
    "school": "여의도중학교",
    "kind": "교사동 창면",
    "dong": "본관(5층)",
    "floor": 5,
    "source": "도면기준",
    "z_m": 17.1,
    "s2_total_h": 5.0,
    "s2_cont_h": 2.67,
    "s2_pass_a": true,
    "s1_pass_a": true,
    "change_cd": "keep_ok",
    "변화": "유지 충족"
   }
  },
  {
   "type": "Feature",
   "geometry": {
    "type": "Point",
    "coordinates": [
     194325.598,
     547155.783
    ]
   },
   "properties": {
    "pid": "본관(5층) 2층-20",
    "school": "여의도중학교",
    "kind": "교사동 창면",
    "dong": "본관(5층)",
    "floor": 2,
    "source": "도면기준",
    "z_m": 6.3,
    "s2_total_h": 4.67,
    "s2_cont_h": 2.67,
    "s2_pass_a": true,
    "s1_pass_a": true,
    "change_cd": "keep_ok",
    "변화": "유지 충족"
   }
  },
  {
   "type": "Feature",
   "geometry": {
    "type": "Point",
    "coordinates": [
     194325.598,
     547155.783
    ]
   },
   "properties": {
    "pid": "본관(5층) 3층-20",
    "school": "여의도중학교",
    "kind": "교사동 창면",
    "dong": "본관(5층)",
    "floor": 3,
    "source": "도면기준",
    "z_m": 9.9,
    "s2_total_h": 5.0,
    "s2_cont_h": 2.67,
    "s2_pass_a": true,
    "s1_pass_a": true,
    "change_cd": "keep_ok",
    "변화": "유지 충족"
   }
  },
  {
   "type": "Feature",
   "geometry": {
    "type": "Point",
    "coordinates": [
     194325.598,
     547155.783
    ]
   },
   "properties": {
    "pid": "본관(5층) 4층-20",
    "school": "여의도중학교",
    "kind": "교사동 창면",
    "dong": "본관(5층)",
    "floor": 4,
    "source": "도면기준",
    "z_m": 13.5,
    "s2_total_h": 5.0,
    "s2_cont_h": 2.67,
    "s2_pass_a": true,
    "s1_pass_a": true,
    "change_cd": "keep_ok",
    "변화": "유지 충족"
   }
  },
  {
   "type": "Feature",
   "geometry": {
    "type": "Point",
    "coordinates": [
     194325.598,
     547155.783
    ]
   },
   "properties": {
    "pid": "본관(5층) 5층-20",
    "school": "여의도중학교",
    "kind": "교사동 창면",
    "dong": "본관(5층)",
    "floor": 5,
    "source": "도면기준",
    "z_m": 17.1,
    "s2_total_h": 5.17,
    "s2_cont_h": 2.83,
    "s2_pass_a": true,
    "s1_pass_a": true,
    "change_cd": "keep_ok",
    "변화": "유지 충족"
   }
  },
  {
   "type": "Feature",
   "geometry": {
    "type": "Point",
    "coordinates": [
     194329.009,
     547151.597
    ]
   },
   "properties": {
    "pid": "본관(5층) 2층-21",
    "school": "여의도중학교",
    "kind": "교사동 창면",
    "dong": "본관(5층)",
    "floor": 2,
    "source": "도면기준",
    "z_m": 6.3,
    "s2_total_h": 4.83,
    "s2_cont_h": 2.83,
    "s2_pass_a": true,
    "s1_pass_a": true,
    "change_cd": "keep_ok",
    "변화": "유지 충족"
   }
  },
  {
   "type": "Feature",
   "geometry": {
    "type": "Point",
    "coordinates": [
     194329.009,
     547151.597
    ]
   },
   "properties": {
    "pid": "본관(5층) 3층-21",
    "school": "여의도중학교",
    "kind": "교사동 창면",
    "dong": "본관(5층)",
    "floor": 3,
    "source": "도면기준",
    "z_m": 9.9,
    "s2_total_h": 5.0,
    "s2_cont_h": 2.83,
    "s2_pass_a": true,
    "s1_pass_a": true,
    "change_cd": "keep_ok",
    "변화": "유지 충족"
   }
  },
  {
   "type": "Feature",
   "geometry": {
    "type": "Point",
    "coordinates": [
     194329.009,
     547151.597
    ]
   },
   "properties": {
    "pid": "본관(5층) 4층-21",
    "school": "여의도중학교",
    "kind": "교사동 창면",
    "dong": "본관(5층)",
    "floor": 4,
    "source": "도면기준",
    "z_m": 13.5,
    "s2_total_h": 5.0,
    "s2_cont_h": 2.83,
    "s2_pass_a": true,
    "s1_pass_a": true,
    "change_cd": "keep_ok",
    "변화": "유지 충족"
   }
  },
  {
   "type": "Feature",
   "geometry": {
    "type": "Point",
    "coordinates": [
     194329.009,
     547151.597
    ]
   },
   "properties": {
    "pid": "본관(5층) 5층-21",
    "school": "여의도중학교",
    "kind": "교사동 창면",
    "dong": "본관(5층)",
    "floor": 5,
    "source": "도면기준",
    "z_m": 17.1,
    "s2_total_h": 5.17,
    "s2_cont_h": 2.83,
    "s2_pass_a": true,
    "s1_pass_a": true,
    "change_cd": "keep_ok",
    "변화": "유지 충족"
   }
  },
  {
   "type": "Feature",
   "geometry": {
    "type": "Point",
    "coordinates": [
     194331.284,
     547148.806
    ]
   },
   "properties": {
    "pid": "본관(5층) 1층-18",
    "school": "여의도중학교",
    "kind": "교사동 창면",
    "dong": "본관(5층)",
    "floor": 1,
    "source": "도면기준",
    "z_m": 2.4,
    "s2_total_h": 4.17,
    "s2_cont_h": 2.83,
    "s2_pass_a": true,
    "s1_pass_a": true,
    "change_cd": "keep_ok",
    "변화": "유지 충족"
   }
  },
  {
   "type": "Feature",
   "geometry": {
    "type": "Point",
    "coordinates": [
     194331.284,
     547148.806
    ]
   },
   "properties": {
    "pid": "본관(5층) 2층-22",
    "school": "여의도중학교",
    "kind": "교사동 창면",
    "dong": "본관(5층)",
    "floor": 2,
    "source": "도면기준",
    "z_m": 6.3,
    "s2_total_h": 4.67,
    "s2_cont_h": 2.83,
    "s2_pass_a": true,
    "s1_pass_a": true,
    "change_cd": "keep_ok",
    "변화": "유지 충족"
   }
  },
  {
   "type": "Feature",
   "geometry": {
    "type": "Point",
    "coordinates": [
     194331.284,
     547148.806
    ]
   },
   "properties": {
    "pid": "본관(5층) 3층-22",
    "school": "여의도중학교",
    "kind": "교사동 창면",
    "dong": "본관(5층)",
    "floor": 3,
    "source": "도면기준",
    "z_m": 9.9,
    "s2_total_h": 4.83,
    "s2_cont_h": 2.83,
    "s2_pass_a": true,
    "s1_pass_a": true,
    "change_cd": "keep_ok",
    "변화": "유지 충족"
   }
  },
  {
   "type": "Feature",
   "geometry": {
    "type": "Point",
    "coordinates": [
     194331.284,
     547148.806
    ]
   },
   "properties": {
    "pid": "본관(5층) 4층-22",
    "school": "여의도중학교",
    "kind": "교사동 창면",
    "dong": "본관(5층)",
    "floor": 4,
    "source": "도면기준",
    "z_m": 13.5,
    "s2_total_h": 4.83,
    "s2_cont_h": 2.83,
    "s2_pass_a": true,
    "s1_pass_a": true,
    "change_cd": "keep_ok",
    "변화": "유지 충족"
   }
  },
  {
   "type": "Feature",
   "geometry": {
    "type": "Point",
    "coordinates": [
     194331.284,
     547148.806
    ]
   },
   "properties": {
    "pid": "본관(5층) 5층-22",
    "school": "여의도중학교",
    "kind": "교사동 창면",
    "dong": "본관(5층)",
    "floor": 5,
    "source": "도면기준",
    "z_m": 17.1,
    "s2_total_h": 5.0,
    "s2_cont_h": 2.83,
    "s2_pass_a": true,
    "s1_pass_a": true,
    "change_cd": "keep_ok",
    "변화": "유지 충족"
   }
  },
  {
   "type": "Feature",
   "geometry": {
    "type": "Point",
    "coordinates": [
     194334.695,
     547144.621
    ]
   },
   "properties": {
    "pid": "본관(5층) 1층-19",
    "school": "여의도중학교",
    "kind": "교사동 창면",
    "dong": "본관(5층)",
    "floor": 1,
    "source": "도면기준",
    "z_m": 2.4,
    "s2_total_h": 2.5,
    "s2_cont_h": 2.0,
    "s2_pass_a": true,
    "s1_pass_a": true,
    "change_cd": "keep_ok",
    "변화": "유지 충족"
   }
  },
  {
   "type": "Feature",
   "geometry": {
    "type": "Point",
    "coordinates": [
     194334.695,
     547144.621
    ]
   },
   "properties": {
    "pid": "본관(5층) 2층-23",
    "school": "여의도중학교",
    "kind": "교사동 창면",
    "dong": "본관(5층)",
    "floor": 2,
    "source": "도면기준",
    "z_m": 6.3,
    "s2_total_h": 4.67,
    "s2_cont_h": 2.83,
    "s2_pass_a": true,
    "s1_pass_a": true,
    "change_cd": "keep_ok",
    "변화": "유지 충족"
   }
  },
  {
   "type": "Feature",
   "geometry": {
    "type": "Point",
    "coordinates": [
     194334.695,
     547144.621
    ]
   },
   "properties": {
    "pid": "본관(5층) 3층-23",
    "school": "여의도중학교",
    "kind": "교사동 창면",
    "dong": "본관(5층)",
    "floor": 3,
    "source": "도면기준",
    "z_m": 9.9,
    "s2_total_h": 4.83,
    "s2_cont_h": 2.83,
    "s2_pass_a": true,
    "s1_pass_a": true,
    "change_cd": "keep_ok",
    "변화": "유지 충족"
   }
  },
  {
   "type": "Feature",
   "geometry": {
    "type": "Point",
    "coordinates": [
     194334.695,
     547144.621
    ]
   },
   "properties": {
    "pid": "본관(5층) 4층-23",
    "school": "여의도중학교",
    "kind": "교사동 창면",
    "dong": "본관(5층)",
    "floor": 4,
    "source": "도면기준",
    "z_m": 13.5,
    "s2_total_h": 4.83,
    "s2_cont_h": 2.83,
    "s2_pass_a": true,
    "s1_pass_a": true,
    "change_cd": "keep_ok",
    "변화": "유지 충족"
   }
  },
  {
   "type": "Feature",
   "geometry": {
    "type": "Point",
    "coordinates": [
     194334.695,
     547144.621
    ]
   },
   "properties": {
    "pid": "본관(5층) 5층-23",
    "school": "여의도중학교",
    "kind": "교사동 창면",
    "dong": "본관(5층)",
    "floor": 5,
    "source": "도면기준",
    "z_m": 17.1,
    "s2_total_h": 5.0,
    "s2_cont_h": 2.83,
    "s2_pass_a": true,
    "s1_pass_a": true,
    "change_cd": "keep_ok",
    "변화": "유지 충족"
   }
  },
  {
   "type": "Feature",
   "geometry": {
    "type": "Point",
    "coordinates": [
     194336.97,
     547141.83
    ]
   },
   "properties": {
    "pid": "본관(5층) 1층-20",
    "school": "여의도중학교",
    "kind": "교사동 창면",
    "dong": "본관(5층)",
    "floor": 1,
    "source": "도면기준",
    "z_m": 2.4,
    "s2_total_h": 2.17,
    "s2_cont_h": 1.83,
    "s2_pass_a": false,
    "s1_pass_a": false,
    "change_cd": "keep_fail",
    "변화": "유지 불충족"
   }
  },
  {
   "type": "Feature",
   "geometry": {
    "type": "Point",
    "coordinates": [
     194336.97,
     547141.83
    ]
   },
   "properties": {
    "pid": "본관(5층) 2층-24",
    "school": "여의도중학교",
    "kind": "교사동 창면",
    "dong": "본관(5층)",
    "floor": 2,
    "source": "도면기준",
    "z_m": 6.3,
    "s2_total_h": 3.67,
    "s2_cont_h": 3.0,
    "s2_pass_a": true,
    "s1_pass_a": true,
    "change_cd": "keep_ok",
    "변화": "유지 충족"
   }
  },
  {
   "type": "Feature",
   "geometry": {
    "type": "Point",
    "coordinates": [
     194336.97,
     547141.83
    ]
   },
   "properties": {
    "pid": "본관(5층) 3층-24",
    "school": "여의도중학교",
    "kind": "교사동 창면",
    "dong": "본관(5층)",
    "floor": 3,
    "source": "도면기준",
    "z_m": 9.9,
    "s2_total_h": 4.83,
    "s2_cont_h": 3.0,
    "s2_pass_a": true,
    "s1_pass_a": true,
    "change_cd": "keep_ok",
    "변화": "유지 충족"
   }
  },
  {
   "type": "Feature",
   "geometry": {
    "type": "Point",
    "coordinates": [
     194336.97,
     547141.83
    ]
   },
   "properties": {
    "pid": "본관(5층) 4층-24",
    "school": "여의도중학교",
    "kind": "교사동 창면",
    "dong": "본관(5층)",
    "floor": 4,
    "source": "도면기준",
    "z_m": 13.5,
    "s2_total_h": 4.83,
    "s2_cont_h": 3.0,
    "s2_pass_a": true,
    "s1_pass_a": true,
    "change_cd": "keep_ok",
    "변화": "유지 충족"
   }
  },
  {
   "type": "Feature",
   "geometry": {
    "type": "Point",
    "coordinates": [
     194336.97,
     547141.83
    ]
   },
   "properties": {
    "pid": "본관(5층) 5층-24",
    "school": "여의도중학교",
    "kind": "교사동 창면",
    "dong": "본관(5층)",
    "floor": 5,
    "source": "도면기준",
    "z_m": 17.1,
    "s2_total_h": 5.0,
    "s2_cont_h": 3.0,
    "s2_pass_a": true,
    "s1_pass_a": true,
    "change_cd": "keep_ok",
    "변화": "유지 충족"
   }
  },
  {
   "type": "Feature",
   "geometry": {
    "type": "Point",
    "coordinates": [
     194340.382,
     547137.644
    ]
   },
   "properties": {
    "pid": "본관(5층) 1층-21",
    "school": "여의도중학교",
    "kind": "교사동 창면",
    "dong": "본관(5층)",
    "floor": 1,
    "source": "도면기준",
    "z_m": 2.4,
    "s2_total_h": 2.0,
    "s2_cont_h": 2.0,
    "s2_pass_a": true,
    "s1_pass_a": true,
    "change_cd": "keep_ok",
    "변화": "유지 충족"
   }
  },
  {
   "type": "Feature",
   "geometry": {
    "type": "Point",
    "coordinates": [
     194340.382,
     547137.644
    ]
   },
   "properties": {
    "pid": "본관(5층) 2층-25",
    "school": "여의도중학교",
    "kind": "교사동 창면",
    "dong": "본관(5층)",
    "floor": 2,
    "source": "도면기준",
    "z_m": 6.3,
    "s2_total_h": 2.83,
    "s2_cont_h": 2.83,
    "s2_pass_a": true,
    "s1_pass_a": true,
    "change_cd": "keep_ok",
    "변화": "유지 충족"
   }
  },
  {
   "type": "Feature",
   "geometry": {
    "type": "Point",
    "coordinates": [
     194340.382,
     547137.644
    ]
   },
   "properties": {
    "pid": "본관(5층) 3층-25",
    "school": "여의도중학교",
    "kind": "교사동 창면",
    "dong": "본관(5층)",
    "floor": 3,
    "source": "도면기준",
    "z_m": 9.9,
    "s2_total_h": 4.0,
    "s2_cont_h": 3.0,
    "s2_pass_a": true,
    "s1_pass_a": true,
    "change_cd": "keep_ok",
    "변화": "유지 충족"
   }
  },
  {
   "type": "Feature",
   "geometry": {
    "type": "Point",
    "coordinates": [
     194340.382,
     547137.644
    ]
   },
   "properties": {
    "pid": "본관(5층) 4층-25",
    "school": "여의도중학교",
    "kind": "교사동 창면",
    "dong": "본관(5층)",
    "floor": 4,
    "source": "도면기준",
    "z_m": 13.5,
    "s2_total_h": 4.67,
    "s2_cont_h": 3.0,
    "s2_pass_a": true,
    "s1_pass_a": true,
    "change_cd": "keep_ok",
    "변화": "유지 충족"
   }
  },
  {
   "type": "Feature",
   "geometry": {
    "type": "Point",
    "coordinates": [
     194340.382,
     547137.644
    ]
   },
   "properties": {
    "pid": "본관(5층) 5층-25",
    "school": "여의도중학교",
    "kind": "교사동 창면",
    "dong": "본관(5층)",
    "floor": 5,
    "source": "도면기준",
    "z_m": 17.1,
    "s2_total_h": 4.83,
    "s2_cont_h": 3.0,
    "s2_pass_a": true,
    "s1_pass_a": true,
    "change_cd": "keep_ok",
    "변화": "유지 충족"
   }
  },
  {
   "type": "Feature",
   "geometry": {
    "type": "Point",
    "coordinates": [
     194342.656,
     547134.854
    ]
   },
   "properties": {
    "pid": "본관(5층) 1층-22",
    "school": "여의도중학교",
    "kind": "교사동 창면",
    "dong": "본관(5층)",
    "floor": 1,
    "source": "도면기준",
    "z_m": 2.4,
    "s2_total_h": 2.17,
    "s2_cont_h": 2.17,
    "s2_pass_a": true,
    "s1_pass_a": true,
    "change_cd": "keep_ok",
    "변화": "유지 충족"
   }
  },
  {
   "type": "Feature",
   "geometry": {
    "type": "Point",
    "coordinates": [
     194342.656,
     547134.854
    ]
   },
   "properties": {
    "pid": "본관(5층) 2층-26",
    "school": "여의도중학교",
    "kind": "교사동 창면",
    "dong": "본관(5층)",
    "floor": 2,
    "source": "도면기준",
    "z_m": 6.3,
    "s2_total_h": 2.83,
    "s2_cont_h": 2.83,
    "s2_pass_a": true,
    "s1_pass_a": true,
    "change_cd": "keep_ok",
    "변화": "유지 충족"
   }
  },
  {
   "type": "Feature",
   "geometry": {
    "type": "Point",
    "coordinates": [
     194342.656,
     547134.854
    ]
   },
   "properties": {
    "pid": "본관(5층) 3층-26",
    "school": "여의도중학교",
    "kind": "교사동 창면",
    "dong": "본관(5층)",
    "floor": 3,
    "source": "도면기준",
    "z_m": 9.9,
    "s2_total_h": 3.67,
    "s2_cont_h": 3.0,
    "s2_pass_a": true,
    "s1_pass_a": true,
    "change_cd": "keep_ok",
    "변화": "유지 충족"
   }
  },
  {
   "type": "Feature",
   "geometry": {
    "type": "Point",
    "coordinates": [
     194342.656,
     547134.854
    ]
   },
   "properties": {
    "pid": "본관(5층) 4층-26",
    "school": "여의도중학교",
    "kind": "교사동 창면",
    "dong": "본관(5층)",
    "floor": 4,
    "source": "도면기준",
    "z_m": 13.5,
    "s2_total_h": 4.5,
    "s2_cont_h": 3.0,
    "s2_pass_a": true,
    "s1_pass_a": true,
    "change_cd": "keep_ok",
    "변화": "유지 충족"
   }
  },
  {
   "type": "Feature",
   "geometry": {
    "type": "Point",
    "coordinates": [
     194342.656,
     547134.854
    ]
   },
   "properties": {
    "pid": "본관(5층) 5층-26",
    "school": "여의도중학교",
    "kind": "교사동 창면",
    "dong": "본관(5층)",
    "floor": 5,
    "source": "도면기준",
    "z_m": 17.1,
    "s2_total_h": 4.67,
    "s2_cont_h": 3.0,
    "s2_pass_a": true,
    "s1_pass_a": true,
    "change_cd": "keep_ok",
    "변화": "유지 충족"
   }
  },
  {
   "type": "Feature",
   "geometry": {
    "type": "Point",
    "coordinates": [
     194346.068,
     547130.668
    ]
   },
   "properties": {
    "pid": "본관(5층) 1층-23",
    "school": "여의도중학교",
    "kind": "교사동 창면",
    "dong": "본관(5층)",
    "floor": 1,
    "source": "도면기준",
    "z_m": 2.4,
    "s2_total_h": 2.33,
    "s2_cont_h": 2.33,
    "s2_pass_a": true,
    "s1_pass_a": true,
    "change_cd": "keep_ok",
    "변화": "유지 충족"
   }
  },
  {
   "type": "Feature",
   "geometry": {
    "type": "Point",
    "coordinates": [
     194346.068,
     547130.668
    ]
   },
   "properties": {
    "pid": "본관(5층) 2층-27",
    "school": "여의도중학교",
    "kind": "교사동 창면",
    "dong": "본관(5층)",
    "floor": 2,
    "source": "도면기준",
    "z_m": 6.3,
    "s2_total_h": 3.0,
    "s2_cont_h": 3.0,
    "s2_pass_a": true,
    "s1_pass_a": true,
    "change_cd": "keep_ok",
    "변화": "유지 충족"
   }
  },
  {
   "type": "Feature",
   "geometry": {
    "type": "Point",
    "coordinates": [
     194346.068,
     547130.668
    ]
   },
   "properties": {
    "pid": "본관(5층) 3층-27",
    "school": "여의도중학교",
    "kind": "교사동 창면",
    "dong": "본관(5층)",
    "floor": 3,
    "source": "도면기준",
    "z_m": 9.9,
    "s2_total_h": 3.83,
    "s2_cont_h": 3.17,
    "s2_pass_a": true,
    "s1_pass_a": true,
    "change_cd": "keep_ok",
    "변화": "유지 충족"
   }
  },
  {
   "type": "Feature",
   "geometry": {
    "type": "Point",
    "coordinates": [
     194346.068,
     547130.668
    ]
   },
   "properties": {
    "pid": "본관(5층) 4층-27",
    "school": "여의도중학교",
    "kind": "교사동 창면",
    "dong": "본관(5층)",
    "floor": 4,
    "source": "도면기준",
    "z_m": 13.5,
    "s2_total_h": 4.5,
    "s2_cont_h": 3.17,
    "s2_pass_a": true,
    "s1_pass_a": true,
    "change_cd": "keep_ok",
    "변화": "유지 충족"
   }
  },
  {
   "type": "Feature",
   "geometry": {
    "type": "Point",
    "coordinates": [
     194346.068,
     547130.668
    ]
   },
   "properties": {
    "pid": "본관(5층) 5층-27",
    "school": "여의도중학교",
    "kind": "교사동 창면",
    "dong": "본관(5층)",
    "floor": 5,
    "source": "도면기준",
    "z_m": 17.1,
    "s2_total_h": 4.5,
    "s2_cont_h": 3.17,
    "s2_pass_a": true,
    "s1_pass_a": true,
    "change_cd": "keep_ok",
    "변화": "유지 충족"
   }
  },
  {
   "type": "Feature",
   "geometry": {
    "type": "Point",
    "coordinates": [
     194348.342,
     547127.877
    ]
   },
   "properties": {
    "pid": "본관(5층) 1층-24",
    "school": "여의도중학교",
    "kind": "교사동 창면",
    "dong": "본관(5층)",
    "floor": 1,
    "source": "도면기준",
    "z_m": 2.4,
    "s2_total_h": 2.67,
    "s2_cont_h": 2.67,
    "s2_pass_a": true,
    "s1_pass_a": true,
    "change_cd": "keep_ok",
    "변화": "유지 충족"
   }
  },
  {
   "type": "Feature",
   "geometry": {
    "type": "Point",
    "coordinates": [
     194348.342,
     547127.877
    ]
   },
   "properties": {
    "pid": "본관(5층) 2층-28",
    "school": "여의도중학교",
    "kind": "교사동 창면",
    "dong": "본관(5층)",
    "floor": 2,
    "source": "도면기준",
    "z_m": 6.3,
    "s2_total_h": 3.17,
    "s2_cont_h": 3.17,
    "s2_pass_a": true,
    "s1_pass_a": true,
    "change_cd": "keep_ok",
    "변화": "유지 충족"
   }
  },
  {
   "type": "Feature",
   "geometry": {
    "type": "Point",
    "coordinates": [
     194348.342,
     547127.877
    ]
   },
   "properties": {
    "pid": "본관(5층) 3층-28",
    "school": "여의도중학교",
    "kind": "교사동 창면",
    "dong": "본관(5층)",
    "floor": 3,
    "source": "도면기준",
    "z_m": 9.9,
    "s2_total_h": 3.67,
    "s2_cont_h": 3.17,
    "s2_pass_a": true,
    "s1_pass_a": true,
    "change_cd": "keep_ok",
    "변화": "유지 충족"
   }
  },
  {
   "type": "Feature",
   "geometry": {
    "type": "Point",
    "coordinates": [
     194348.342,
     547127.877
    ]
   },
   "properties": {
    "pid": "본관(5층) 4층-28",
    "school": "여의도중학교",
    "kind": "교사동 창면",
    "dong": "본관(5층)",
    "floor": 4,
    "source": "도면기준",
    "z_m": 13.5,
    "s2_total_h": 4.33,
    "s2_cont_h": 3.17,
    "s2_pass_a": true,
    "s1_pass_a": true,
    "change_cd": "keep_ok",
    "변화": "유지 충족"
   }
  },
  {
   "type": "Feature",
   "geometry": {
    "type": "Point",
    "coordinates": [
     194348.342,
     547127.877
    ]
   },
   "properties": {
    "pid": "본관(5층) 5층-28",
    "school": "여의도중학교",
    "kind": "교사동 창면",
    "dong": "본관(5층)",
    "floor": 5,
    "source": "도면기준",
    "z_m": 17.1,
    "s2_total_h": 4.5,
    "s2_cont_h": 3.17,
    "s2_pass_a": true,
    "s1_pass_a": true,
    "change_cd": "keep_ok",
    "변화": "유지 충족"
   }
  },
  {
   "type": "Feature",
   "geometry": {
    "type": "Point",
    "coordinates": [
     194351.754,
     547123.692
    ]
   },
   "properties": {
    "pid": "본관(5층) 1층-25",
    "school": "여의도중학교",
    "kind": "교사동 창면",
    "dong": "본관(5층)",
    "floor": 1,
    "source": "도면기준",
    "z_m": 2.4,
    "s2_total_h": 3.0,
    "s2_cont_h": 3.0,
    "s2_pass_a": true,
    "s1_pass_a": true,
    "change_cd": "keep_ok",
    "변화": "유지 충족"
   }
  },
  {
   "type": "Feature",
   "geometry": {
    "type": "Point",
    "coordinates": [
     194351.754,
     547123.692
    ]
   },
   "properties": {
    "pid": "본관(5층) 2층-29",
    "school": "여의도중학교",
    "kind": "교사동 창면",
    "dong": "본관(5층)",
    "floor": 2,
    "source": "도면기준",
    "z_m": 6.3,
    "s2_total_h": 3.33,
    "s2_cont_h": 3.33,
    "s2_pass_a": true,
    "s1_pass_a": true,
    "change_cd": "keep_ok",
    "변화": "유지 충족"
   }
  },
  {
   "type": "Feature",
   "geometry": {
    "type": "Point",
    "coordinates": [
     194351.754,
     547123.692
    ]
   },
   "properties": {
    "pid": "본관(5층) 3층-29",
    "school": "여의도중학교",
    "kind": "교사동 창면",
    "dong": "본관(5층)",
    "floor": 3,
    "source": "도면기준",
    "z_m": 9.9,
    "s2_total_h": 4.0,
    "s2_cont_h": 3.33,
    "s2_pass_a": true,
    "s1_pass_a": true,
    "change_cd": "keep_ok",
    "변화": "유지 충족"
   }
  },
  {
   "type": "Feature",
   "geometry": {
    "type": "Point",
    "coordinates": [
     194351.754,
     547123.692
    ]
   },
   "properties": {
    "pid": "본관(5층) 4층-29",
    "school": "여의도중학교",
    "kind": "교사동 창면",
    "dong": "본관(5층)",
    "floor": 4,
    "source": "도면기준",
    "z_m": 13.5,
    "s2_total_h": 4.5,
    "s2_cont_h": 3.33,
    "s2_pass_a": true,
    "s1_pass_a": true,
    "change_cd": "keep_ok",
    "변화": "유지 충족"
   }
  },
  {
   "type": "Feature",
   "geometry": {
    "type": "Point",
    "coordinates": [
     194351.754,
     547123.692
    ]
   },
   "properties": {
    "pid": "본관(5층) 5층-29",
    "school": "여의도중학교",
    "kind": "교사동 창면",
    "dong": "본관(5층)",
    "floor": 5,
    "source": "도면기준",
    "z_m": 17.1,
    "s2_total_h": 4.67,
    "s2_cont_h": 3.33,
    "s2_pass_a": true,
    "s1_pass_a": true,
    "change_cd": "keep_ok",
    "변화": "유지 충족"
   }
  },
  {
   "type": "Feature",
   "geometry": {
    "type": "Point",
    "coordinates": [
     194354.028,
     547120.901
    ]
   },
   "properties": {
    "pid": "본관(5층) 4층-30",
    "school": "여의도중학교",
    "kind": "교사동 창면",
    "dong": "본관(5층)",
    "floor": 4,
    "source": "도면기준",
    "z_m": 13.5,
    "s2_total_h": 4.17,
    "s2_cont_h": 3.33,
    "s2_pass_a": true,
    "s1_pass_a": true,
    "change_cd": "keep_ok",
    "변화": "유지 충족"
   }
  },
  {
   "type": "Feature",
   "geometry": {
    "type": "Point",
    "coordinates": [
     194354.028,
     547120.901
    ]
   },
   "properties": {
    "pid": "본관(5층) 5층-30",
    "school": "여의도중학교",
    "kind": "교사동 창면",
    "dong": "본관(5층)",
    "floor": 5,
    "source": "도면기준",
    "z_m": 17.1,
    "s2_total_h": 4.17,
    "s2_cont_h": 3.33,
    "s2_pass_a": true,
    "s1_pass_a": true,
    "change_cd": "keep_ok",
    "변화": "유지 충족"
   }
  },
  {
   "type": "Feature",
   "geometry": {
    "type": "Point",
    "coordinates": [
     194357.44,
     547116.715
    ]
   },
   "properties": {
    "pid": "본관(5층) 1층-26",
    "school": "여의도중학교",
    "kind": "교사동 창면",
    "dong": "본관(5층)",
    "floor": 1,
    "source": "도면기준",
    "z_m": 2.4,
    "s2_total_h": 3.5,
    "s2_cont_h": 3.5,
    "s2_pass_a": true,
    "s1_pass_a": true,
    "change_cd": "keep_ok",
    "변화": "유지 충족"
   }
  },
  {
   "type": "Feature",
   "geometry": {
    "type": "Point",
    "coordinates": [
     194357.44,
     547116.715
    ]
   },
   "properties": {
    "pid": "본관(5층) 2층-30",
    "school": "여의도중학교",
    "kind": "교사동 창면",
    "dong": "본관(5층)",
    "floor": 2,
    "source": "도면기준",
    "z_m": 6.3,
    "s2_total_h": 3.5,
    "s2_cont_h": 3.5,
    "s2_pass_a": true,
    "s1_pass_a": true,
    "change_cd": "keep_ok",
    "변화": "유지 충족"
   }
  },
  {
   "type": "Feature",
   "geometry": {
    "type": "Point",
    "coordinates": [
     194357.44,
     547116.715
    ]
   },
   "properties": {
    "pid": "본관(5층) 3층-30",
    "school": "여의도중학교",
    "kind": "교사동 창면",
    "dong": "본관(5층)",
    "floor": 3,
    "source": "도면기준",
    "z_m": 9.9,
    "s2_total_h": 4.0,
    "s2_cont_h": 3.5,
    "s2_pass_a": true,
    "s1_pass_a": true,
    "change_cd": "keep_ok",
    "변화": "유지 충족"
   }
  },
  {
   "type": "Feature",
   "geometry": {
    "type": "Point",
    "coordinates": [
     194357.44,
     547116.715
    ]
   },
   "properties": {
    "pid": "본관(5층) 4층-31",
    "school": "여의도중학교",
    "kind": "교사동 창면",
    "dong": "본관(5층)",
    "floor": 4,
    "source": "도면기준",
    "z_m": 13.5,
    "s2_total_h": 4.5,
    "s2_cont_h": 3.5,
    "s2_pass_a": true,
    "s1_pass_a": true,
    "change_cd": "keep_ok",
    "변화": "유지 충족"
   }
  },
  {
   "type": "Feature",
   "geometry": {
    "type": "Point",
    "coordinates": [
     194357.44,
     547116.715
    ]
   },
   "properties": {
    "pid": "본관(5층) 5층-31",
    "school": "여의도중학교",
    "kind": "교사동 창면",
    "dong": "본관(5층)",
    "floor": 5,
    "source": "도면기준",
    "z_m": 17.1,
    "s2_total_h": 4.5,
    "s2_cont_h": 3.5,
    "s2_pass_a": true,
    "s1_pass_a": true,
    "change_cd": "keep_ok",
    "변화": "유지 충족"
   }
  },
  {
   "type": "Feature",
   "geometry": {
    "type": "Point",
    "coordinates": [
     194359.714,
     547113.925
    ]
   },
   "properties": {
    "pid": "본관(5층) 1층-27",
    "school": "여의도중학교",
    "kind": "교사동 창면",
    "dong": "본관(5층)",
    "floor": 1,
    "source": "도면기준",
    "z_m": 2.4,
    "s2_total_h": 3.5,
    "s2_cont_h": 3.5,
    "s2_pass_a": true,
    "s1_pass_a": true,
    "change_cd": "keep_ok",
    "변화": "유지 충족"
   }
  },
  {
   "type": "Feature",
   "geometry": {
    "type": "Point",
    "coordinates": [
     194359.714,
     547113.925
    ]
   },
   "properties": {
    "pid": "본관(5층) 2층-31",
    "school": "여의도중학교",
    "kind": "교사동 창면",
    "dong": "본관(5층)",
    "floor": 2,
    "source": "도면기준",
    "z_m": 6.3,
    "s2_total_h": 3.5,
    "s2_cont_h": 3.5,
    "s2_pass_a": true,
    "s1_pass_a": true,
    "change_cd": "keep_ok",
    "변화": "유지 충족"
   }
  },
  {
   "type": "Feature",
   "geometry": {
    "type": "Point",
    "coordinates": [
     194359.714,
     547113.925
    ]
   },
   "properties": {
    "pid": "본관(5층) 3층-31",
    "school": "여의도중학교",
    "kind": "교사동 창면",
    "dong": "본관(5층)",
    "floor": 3,
    "source": "도면기준",
    "z_m": 9.9,
    "s2_total_h": 4.0,
    "s2_cont_h": 3.5,
    "s2_pass_a": true,
    "s1_pass_a": true,
    "change_cd": "keep_ok",
    "변화": "유지 충족"
   }
  },
  {
   "type": "Feature",
   "geometry": {
    "type": "Point",
    "coordinates": [
     194359.714,
     547113.925
    ]
   },
   "properties": {
    "pid": "본관(5층) 4층-32",
    "school": "여의도중학교",
    "kind": "교사동 창면",
    "dong": "본관(5층)",
    "floor": 4,
    "source": "도면기준",
    "z_m": 13.5,
    "s2_total_h": 4.33,
    "s2_cont_h": 3.5,
    "s2_pass_a": true,
    "s1_pass_a": true,
    "change_cd": "keep_ok",
    "변화": "유지 충족"
   }
  },
  {
   "type": "Feature",
   "geometry": {
    "type": "Point",
    "coordinates": [
     194359.714,
     547113.925
    ]
   },
   "properties": {
    "pid": "본관(5층) 5층-32",
    "school": "여의도중학교",
    "kind": "교사동 창면",
    "dong": "본관(5층)",
    "floor": 5,
    "source": "도면기준",
    "z_m": 17.1,
    "s2_total_h": 4.33,
    "s2_cont_h": 3.5,
    "s2_pass_a": true,
    "s1_pass_a": true,
    "change_cd": "keep_ok",
    "변화": "유지 충족"
   }
  },
  {
   "type": "Feature",
   "geometry": {
    "type": "Point",
    "coordinates": [
     194314.245,
     547109.46
    ]
   },
   "properties": {
    "pid": "체육관동(정보화센타) 1층-1",
    "school": "여의도중학교",
    "kind": "교사동 창면",
    "dong": "체육관동(정보화센타)",
    "floor": 1,
    "source": "도면기준",
    "z_m": 2.05,
    "s2_total_h": 0.0,
    "s2_cont_h": 0.0,
    "s2_pass_a": false,
    "s1_pass_a": false,
    "change_cd": "keep_fail",
    "변화": "유지 불충족"
   }
  },
  {
   "type": "Feature",
   "geometry": {
    "type": "Point",
    "coordinates": [
     194314.245,
     547109.46
    ]
   },
   "properties": {
    "pid": "체육관동(정보화센타) 2층-1",
    "school": "여의도중학교",
    "kind": "교사동 창면",
    "dong": "체육관동(정보화센타)",
    "floor": 2,
    "source": "도면기준",
    "z_m": 5.95,
    "s2_total_h": 0.17,
    "s2_cont_h": 0.17,
    "s2_pass_a": false,
    "s1_pass_a": false,
    "change_cd": "keep_fail",
    "변화": "유지 불충족"
   }
  },
  {
   "type": "Feature",
   "geometry": {
    "type": "Point",
    "coordinates": [
     194314.245,
     547109.46
    ]
   },
   "properties": {
    "pid": "체육관동(정보화센타) 3층-1",
    "school": "여의도중학교",
    "kind": "교사동 창면",
    "dong": "체육관동(정보화센타)",
    "floor": 3,
    "source": "도면기준",
    "z_m": 9.55,
    "s2_total_h": 1.17,
    "s2_cont_h": 1.0,
    "s2_pass_a": false,
    "s1_pass_a": false,
    "change_cd": "keep_fail",
    "변화": "유지 불충족"
   }
  },
  {
   "type": "Feature",
   "geometry": {
    "type": "Point",
    "coordinates": [
     194314.245,
     547109.46
    ]
   },
   "properties": {
    "pid": "체육관동(정보화센타) 4층-1",
    "school": "여의도중학교",
    "kind": "교사동 창면",
    "dong": "체육관동(정보화센타)",
    "floor": 4,
    "source": "도면기준",
    "z_m": 13.15,
    "s2_total_h": 2.0,
    "s2_cont_h": 1.0,
    "s2_pass_a": false,
    "s1_pass_a": false,
    "change_cd": "keep_fail",
    "변화": "유지 불충족"
   }
  },
  {
   "type": "Feature",
   "geometry": {
    "type": "Point",
    "coordinates": [
     194314.754,
     547105.787
    ]
   },
   "properties": {
    "pid": "체육관동(정보화센타) 1층-2",
    "school": "여의도중학교",
    "kind": "교사동 창면",
    "dong": "체육관동(정보화센타)",
    "floor": 1,
    "source": "도면기준",
    "z_m": 2.05,
    "s2_total_h": 0.0,
    "s2_cont_h": 0.0,
    "s2_pass_a": false,
    "s1_pass_a": false,
    "change_cd": "keep_fail",
    "변화": "유지 불충족"
   }
  },
  {
   "type": "Feature",
   "geometry": {
    "type": "Point",
    "coordinates": [
     194314.754,
     547105.787
    ]
   },
   "properties": {
    "pid": "체육관동(정보화센타) 2층-2",
    "school": "여의도중학교",
    "kind": "교사동 창면",
    "dong": "체육관동(정보화센타)",
    "floor": 2,
    "source": "도면기준",
    "z_m": 5.95,
    "s2_total_h": 0.83,
    "s2_cont_h": 0.83,
    "s2_pass_a": false,
    "s1_pass_a": false,
    "change_cd": "keep_fail",
    "변화": "유지 불충족"
   }
  },
  {
   "type": "Feature",
   "geometry": {
    "type": "Point",
    "coordinates": [
     194314.754,
     547105.787
    ]
   },
   "properties": {
    "pid": "체육관동(정보화센타) 3층-2",
    "school": "여의도중학교",
    "kind": "교사동 창면",
    "dong": "체육관동(정보화센타)",
    "floor": 3,
    "source": "도면기준",
    "z_m": 9.55,
    "s2_total_h": 1.83,
    "s2_cont_h": 1.33,
    "s2_pass_a": false,
    "s1_pass_a": true,
    "change_cd": "new_fail",
    "변화": "신규 불충족"
   }
  },
  {
   "type": "Feature",
   "geometry": {
    "type": "Point",
    "coordinates": [
     194314.754,
     547105.787
    ]
   },
   "properties": {
    "pid": "체육관동(정보화센타) 4층-2",
    "school": "여의도중학교",
    "kind": "교사동 창면",
    "dong": "체육관동(정보화센타)",
    "floor": 4,
    "source": "도면기준",
    "z_m": 13.15,
    "s2_total_h": 3.0,
    "s2_cont_h": 1.33,
    "s2_pass_a": false,
    "s1_pass_a": true,
    "change_cd": "new_fail",
    "변화": "신규 불충족"
   }
  },
  {
   "type": "Feature",
   "geometry": {
    "type": "Point",
    "coordinates": [
     194317.097,
     547100.721
    ]
   },
   "properties": {
    "pid": "체육관동(정보화센타) 1층-3",
    "school": "여의도중학교",
    "kind": "교사동 창면",
    "dong": "체육관동(정보화센타)",
    "floor": 1,
    "source": "도면기준",
    "z_m": 2.05,
    "s2_total_h": 0.0,
    "s2_cont_h": 0.0,
    "s2_pass_a": false,
    "s1_pass_a": false,
    "change_cd": "keep_fail",
    "변화": "유지 불충족"
   }
  },
  {
   "type": "Feature",
   "geometry": {
    "type": "Point",
    "coordinates": [
     194317.097,
     547100.721
    ]
   },
   "properties": {
    "pid": "체육관동(정보화센타) 2층-3",
    "school": "여의도중학교",
    "kind": "교사동 창면",
    "dong": "체육관동(정보화센타)",
    "floor": 2,
    "source": "도면기준",
    "z_m": 5.95,
    "s2_total_h": 0.83,
    "s2_cont_h": 0.83,
    "s2_pass_a": false,
    "s1_pass_a": false,
    "change_cd": "keep_fail",
    "변화": "유지 불충족"
   }
  },
  {
   "type": "Feature",
   "geometry": {
    "type": "Point",
    "coordinates": [
     194317.097,
     547100.721
    ]
   },
   "properties": {
    "pid": "체육관동(정보화센타) 3층-3",
    "school": "여의도중학교",
    "kind": "교사동 창면",
    "dong": "체육관동(정보화센타)",
    "floor": 3,
    "source": "도면기준",
    "z_m": 9.55,
    "s2_total_h": 2.83,
    "s2_cont_h": 2.83,
    "s2_pass_a": true,
    "s1_pass_a": true,
    "change_cd": "keep_ok",
    "변화": "유지 충족"
   }
  },
  {
   "type": "Feature",
   "geometry": {
    "type": "Point",
    "coordinates": [
     194317.097,
     547100.721
    ]
   },
   "properties": {
    "pid": "체육관동(정보화센타) 4층-3",
    "school": "여의도중학교",
    "kind": "교사동 창면",
    "dong": "체육관동(정보화센타)",
    "floor": 4,
    "source": "도면기준",
    "z_m": 13.15,
    "s2_total_h": 5.17,
    "s2_cont_h": 3.67,
    "s2_pass_a": true,
    "s1_pass_a": true,
    "change_cd": "keep_ok",
    "변화": "유지 충족"
   }
  },
  {
   "type": "Feature",
   "geometry": {
    "type": "Point",
    "coordinates": [
     194319.963,
     547098.543
    ]
   },
   "properties": {
    "pid": "체육관동(정보화센타) 1층-4",
    "school": "여의도중학교",
    "kind": "교사동 창면",
    "dong": "체육관동(정보화센타)",
    "floor": 1,
    "source": "도면기준",
    "z_m": 2.05,
    "s2_total_h": 0.0,
    "s2_cont_h": 0.0,
    "s2_pass_a": false,
    "s1_pass_a": false,
    "change_cd": "keep_fail",
    "변화": "유지 불충족"
   }
  },
  {
   "type": "Feature",
   "geometry": {
    "type": "Point",
    "coordinates": [
     194319.963,
     547098.543
    ]
   },
   "properties": {
    "pid": "체육관동(정보화센타) 2층-4",
    "school": "여의도중학교",
    "kind": "교사동 창면",
    "dong": "체육관동(정보화센타)",
    "floor": 2,
    "source": "도면기준",
    "z_m": 5.95,
    "s2_total_h": 0.5,
    "s2_cont_h": 0.5,
    "s2_pass_a": false,
    "s1_pass_a": false,
    "change_cd": "keep_fail",
    "변화": "유지 불충족"
   }
  },
  {
   "type": "Feature",
   "geometry": {
    "type": "Point",
    "coordinates": [
     194319.963,
     547098.543
    ]
   },
   "properties": {
    "pid": "체육관동(정보화센타) 3층-4",
    "school": "여의도중학교",
    "kind": "교사동 창면",
    "dong": "체육관동(정보화센타)",
    "floor": 3,
    "source": "도면기준",
    "z_m": 9.55,
    "s2_total_h": 2.67,
    "s2_cont_h": 2.67,
    "s2_pass_a": true,
    "s1_pass_a": true,
    "change_cd": "keep_ok",
    "변화": "유지 충족"
   }
  },
  {
   "type": "Feature",
   "geometry": {
    "type": "Point",
    "coordinates": [
     194319.963,
     547098.543
    ]
   },
   "properties": {
    "pid": "체육관동(정보화센타) 4층-4",
    "school": "여의도중학교",
    "kind": "교사동 창면",
    "dong": "체육관동(정보화센타)",
    "floor": 4,
    "source": "도면기준",
    "z_m": 13.15,
    "s2_total_h": 5.17,
    "s2_cont_h": 3.67,
    "s2_pass_a": true,
    "s1_pass_a": true,
    "change_cd": "keep_ok",
    "변화": "유지 충족"
   }
  },
  {
   "type": "Feature",
   "geometry": {
    "type": "Point",
    "coordinates": [
     194324.935,
     547096.256
    ]
   },
   "properties": {
    "pid": "체육관동(정보화센타) 1층-5",
    "school": "여의도중학교",
    "kind": "교사동 창면",
    "dong": "체육관동(정보화센타)",
    "floor": 1,
    "source": "도면기준",
    "z_m": 2.05,
    "s2_total_h": 0.0,
    "s2_cont_h": 0.0,
    "s2_pass_a": false,
    "s1_pass_a": false,
    "change_cd": "keep_fail",
    "변화": "유지 불충족"
   }
  },
  {
   "type": "Feature",
   "geometry": {
    "type": "Point",
    "coordinates": [
     194324.935,
     547096.256
    ]
   },
   "properties": {
    "pid": "체육관동(정보화센타) 2층-5",
    "school": "여의도중학교",
    "kind": "교사동 창면",
    "dong": "체육관동(정보화센타)",
    "floor": 2,
    "source": "도면기준",
    "z_m": 5.95,
    "s2_total_h": 0.5,
    "s2_cont_h": 0.5,
    "s2_pass_a": false,
    "s1_pass_a": false,
    "change_cd": "keep_fail",
    "변화": "유지 불충족"
   }
  },
  {
   "type": "Feature",
   "geometry": {
    "type": "Point",
    "coordinates": [
     194324.935,
     547096.256
    ]
   },
   "properties": {
    "pid": "체육관동(정보화센타) 3층-5",
    "school": "여의도중학교",
    "kind": "교사동 창면",
    "dong": "체육관동(정보화센타)",
    "floor": 3,
    "source": "도면기준",
    "z_m": 9.55,
    "s2_total_h": 2.67,
    "s2_cont_h": 2.0,
    "s2_pass_a": true,
    "s1_pass_a": true,
    "change_cd": "keep_ok",
    "변화": "유지 충족"
   }
  },
  {
   "type": "Feature",
   "geometry": {
    "type": "Point",
    "coordinates": [
     194324.935,
     547096.256
    ]
   },
   "properties": {
    "pid": "체육관동(정보화센타) 4층-5",
    "school": "여의도중학교",
    "kind": "교사동 창면",
    "dong": "체육관동(정보화센타)",
    "floor": 4,
    "source": "도면기준",
    "z_m": 13.15,
    "s2_total_h": 4.5,
    "s2_cont_h": 3.0,
    "s2_pass_a": true,
    "s1_pass_a": true,
    "change_cd": "keep_ok",
    "변화": "유지 충족"
   }
  },
  {
   "type": "Feature",
   "geometry": {
    "type": "Point",
    "coordinates": [
     194328.607,
     547095.834
    ]
   },
   "properties": {
    "pid": "체육관동(정보화센타) 1층-6",
    "school": "여의도중학교",
    "kind": "교사동 창면",
    "dong": "체육관동(정보화센타)",
    "floor": 1,
    "source": "도면기준",
    "z_m": 2.05,
    "s2_total_h": 0.0,
    "s2_cont_h": 0.0,
    "s2_pass_a": false,
    "s1_pass_a": false,
    "change_cd": "keep_fail",
    "변화": "유지 불충족"
   }
  },
  {
   "type": "Feature",
   "geometry": {
    "type": "Point",
    "coordinates": [
     194328.607,
     547095.834
    ]
   },
   "properties": {
    "pid": "체육관동(정보화센타) 2층-6",
    "school": "여의도중학교",
    "kind": "교사동 창면",
    "dong": "체육관동(정보화센타)",
    "floor": 2,
    "source": "도면기준",
    "z_m": 5.95,
    "s2_total_h": 0.0,
    "s2_cont_h": 0.0,
    "s2_pass_a": false,
    "s1_pass_a": false,
    "change_cd": "keep_fail",
    "변화": "유지 불충족"
   }
  },
  {
   "type": "Feature",
   "geometry": {
    "type": "Point",
    "coordinates": [
     194328.607,
     547095.834
    ]
   },
   "properties": {
    "pid": "체육관동(정보화센타) 3층-6",
    "school": "여의도중학교",
    "kind": "교사동 창면",
    "dong": "체육관동(정보화센타)",
    "floor": 3,
    "source": "도면기준",
    "z_m": 9.55,
    "s2_total_h": 2.17,
    "s2_cont_h": 1.33,
    "s2_pass_a": false,
    "s1_pass_a": true,
    "change_cd": "new_fail",
    "변화": "신규 불충족"
   }
  },
  {
   "type": "Feature",
   "geometry": {
    "type": "Point",
    "coordinates": [
     194328.607,
     547095.834
    ]
   },
   "properties": {
    "pid": "체육관동(정보화센타) 4층-6",
    "school": "여의도중학교",
    "kind": "교사동 창면",
    "dong": "체육관동(정보화센타)",
    "floor": 4,
    "source": "도면기준",
    "z_m": 13.15,
    "s2_total_h": 3.17,
    "s2_cont_h": 1.83,
    "s2_pass_a": false,
    "s1_pass_a": true,
    "change_cd": "new_fail",
    "변화": "신규 불충족"
   }
  },
  {
   "type": "Feature",
   "geometry": {
    "type": "Point",
    "coordinates": [
     194330.926,
     547090.868
    ]
   },
   "properties": {
    "pid": "체육관동(정보화센타) 1층-7",
    "school": "여의도중학교",
    "kind": "교사동 창면",
    "dong": "체육관동(정보화센타)",
    "floor": 1,
    "source": "도면기준",
    "z_m": 2.05,
    "s2_total_h": 0.0,
    "s2_cont_h": 0.0,
    "s2_pass_a": false,
    "s1_pass_a": false,
    "change_cd": "keep_fail",
    "변화": "유지 불충족"
   }
  },
  {
   "type": "Feature",
   "geometry": {
    "type": "Point",
    "coordinates": [
     194330.926,
     547090.868
    ]
   },
   "properties": {
    "pid": "체육관동(정보화센타) 2층-7",
    "school": "여의도중학교",
    "kind": "교사동 창면",
    "dong": "체육관동(정보화센타)",
    "floor": 2,
    "source": "도면기준",
    "z_m": 5.95,
    "s2_total_h": 0.0,
    "s2_cont_h": 0.0,
    "s2_pass_a": false,
    "s1_pass_a": false,
    "change_cd": "keep_fail",
    "변화": "유지 불충족"
   }
  },
  {
   "type": "Feature",
   "geometry": {
    "type": "Point",
    "coordinates": [
     194330.926,
     547090.868
    ]
   },
   "properties": {
    "pid": "체육관동(정보화센타) 3층-7",
    "school": "여의도중학교",
    "kind": "교사동 창면",
    "dong": "체육관동(정보화센타)",
    "floor": 3,
    "source": "도면기준",
    "z_m": 9.55,
    "s2_total_h": 0.67,
    "s2_cont_h": 0.67,
    "s2_pass_a": false,
    "s1_pass_a": false,
    "change_cd": "keep_fail",
    "변화": "유지 불충족"
   }
  },
  {
   "type": "Feature",
   "geometry": {
    "type": "Point",
    "coordinates": [
     194330.926,
     547090.868
    ]
   },
   "properties": {
    "pid": "체육관동(정보화센타) 4층-7",
    "school": "여의도중학교",
    "kind": "교사동 창면",
    "dong": "체육관동(정보화센타)",
    "floor": 4,
    "source": "도면기준",
    "z_m": 13.15,
    "s2_total_h": 1.5,
    "s2_cont_h": 0.83,
    "s2_pass_a": false,
    "s1_pass_a": false,
    "change_cd": "keep_fail",
    "변화": "유지 불충족"
   }
  },
  {
   "type": "Feature",
   "geometry": {
    "type": "Point",
    "coordinates": [
     194331.388,
     547087.252
    ]
   },
   "properties": {
    "pid": "체육관동(정보화센타) 1층-8",
    "school": "여의도중학교",
    "kind": "교사동 창면",
    "dong": "체육관동(정보화센타)",
    "floor": 1,
    "source": "도면기준",
    "z_m": 2.05,
    "s2_total_h": 0.0,
    "s2_cont_h": 0.0,
    "s2_pass_a": false,
    "s1_pass_a": false,
    "change_cd": "keep_fail",
    "변화": "유지 불충족"
   }
  },
  {
   "type": "Feature",
   "geometry": {
    "type": "Point",
    "coordinates": [
     194331.388,
     547087.252
    ]
   },
   "properties": {
    "pid": "체육관동(정보화센타) 2층-8",
    "school": "여의도중학교",
    "kind": "교사동 창면",
    "dong": "체육관동(정보화센타)",
    "floor": 2,
    "source": "도면기준",
    "z_m": 5.95,
    "s2_total_h": 0.0,
    "s2_cont_h": 0.0,
    "s2_pass_a": false,
    "s1_pass_a": false,
    "change_cd": "keep_fail",
    "변화": "유지 불충족"
   }
  },
  {
   "type": "Feature",
   "geometry": {
    "type": "Point",
    "coordinates": [
     194331.388,
     547087.252
    ]
   },
   "properties": {
    "pid": "체육관동(정보화센타) 3층-8",
    "school": "여의도중학교",
    "kind": "교사동 창면",
    "dong": "체육관동(정보화센타)",
    "floor": 3,
    "source": "도면기준",
    "z_m": 9.55,
    "s2_total_h": 0.0,
    "s2_cont_h": 0.0,
    "s2_pass_a": false,
    "s1_pass_a": false,
    "change_cd": "keep_fail",
    "변화": "유지 불충족"
   }
  },
  {
   "type": "Feature",
   "geometry": {
    "type": "Point",
    "coordinates": [
     194331.388,
     547087.252
    ]
   },
   "properties": {
    "pid": "체육관동(정보화센타) 4층-8",
    "school": "여의도중학교",
    "kind": "교사동 창면",
    "dong": "체육관동(정보화센타)",
    "floor": 4,
    "source": "도면기준",
    "z_m": 13.15,
    "s2_total_h": 1.33,
    "s2_cont_h": 0.83,
    "s2_pass_a": false,
    "s1_pass_a": false,
    "change_cd": "keep_fail",
    "변화": "유지 불충족"
   }
  },
  {
   "type": "Feature",
   "geometry": {
    "type": "Point",
    "coordinates": [
     194310.094,
     547062.962
    ]
   },
   "properties": {
    "pid": "체육관동(정보화센타) 1층-9",
    "school": "여의도중학교",
    "kind": "교사동 창면",
    "dong": "체육관동(정보화센타)",
    "floor": 1,
    "source": "도면기준",
    "z_m": 2.05,
    "s2_total_h": 2.0,
    "s2_cont_h": 2.0,
    "s2_pass_a": true,
    "s1_pass_a": false,
    "change_cd": "new_ok",
    "변화": "신규 충족"
   }
  },
  {
   "type": "Feature",
   "geometry": {
    "type": "Point",
    "coordinates": [
     194310.094,
     547062.962
    ]
   },
   "properties": {
    "pid": "체육관동(정보화센타) 2층-9",
    "school": "여의도중학교",
    "kind": "교사동 창면",
    "dong": "체육관동(정보화센타)",
    "floor": 2,
    "source": "도면기준",
    "z_m": 5.95,
    "s2_total_h": 3.0,
    "s2_cont_h": 2.33,
    "s2_pass_a": true,
    "s1_pass_a": true,
    "change_cd": "keep_ok",
    "변화": "유지 충족"
   }
  },
  {
   "type": "Feature",
   "geometry": {
    "type": "Point",
    "coordinates": [
     194310.094,
     547062.962
    ]
   },
   "properties": {
    "pid": "체육관동(정보화센타) 3층-9",
    "school": "여의도중학교",
    "kind": "교사동 창면",
    "dong": "체육관동(정보화센타)",
    "floor": 3,
    "source": "도면기준",
    "z_m": 9.55,
    "s2_total_h": 3.5,
    "s2_cont_h": 2.33,
    "s2_pass_a": true,
    "s1_pass_a": true,
    "change_cd": "keep_ok",
    "변화": "유지 충족"
   }
  },
  {
   "type": "Feature",
   "geometry": {
    "type": "Point",
    "coordinates": [
     194310.094,
     547062.962
    ]
   },
   "properties": {
    "pid": "체육관동(정보화센타) 4층-9",
    "school": "여의도중학교",
    "kind": "교사동 창면",
    "dong": "체육관동(정보화센타)",
    "floor": 4,
    "source": "도면기준",
    "z_m": 13.15,
    "s2_total_h": 3.67,
    "s2_cont_h": 2.33,
    "s2_pass_a": true,
    "s1_pass_a": true,
    "change_cd": "keep_ok",
    "변화": "유지 충족"
   }
  },
  {
   "type": "Feature",
   "geometry": {
    "type": "Point",
    "coordinates": [
     194312.392,
     547060.191
    ]
   },
   "properties": {
    "pid": "체육관동(정보화센타) 1층-10",
    "school": "여의도중학교",
    "kind": "교사동 창면",
    "dong": "체육관동(정보화센타)",
    "floor": 1,
    "source": "도면기준",
    "z_m": 2.05,
    "s2_total_h": 2.0,
    "s2_cont_h": 2.0,
    "s2_pass_a": true,
    "s1_pass_a": false,
    "change_cd": "new_ok",
    "변화": "신규 충족"
   }
  },
  {
   "type": "Feature",
   "geometry": {
    "type": "Point",
    "coordinates": [
     194312.392,
     547060.191
    ]
   },
   "properties": {
    "pid": "체육관동(정보화센타) 2층-10",
    "school": "여의도중학교",
    "kind": "교사동 창면",
    "dong": "체육관동(정보화센타)",
    "floor": 2,
    "source": "도면기준",
    "z_m": 5.95,
    "s2_total_h": 2.33,
    "s2_cont_h": 2.33,
    "s2_pass_a": true,
    "s1_pass_a": false,
    "change_cd": "new_ok",
    "변화": "신규 충족"
   }
  },
  {
   "type": "Feature",
   "geometry": {
    "type": "Point",
    "coordinates": [
     194312.392,
     547060.191
    ]
   },
   "properties": {
    "pid": "체육관동(정보화센타) 3층-10",
    "school": "여의도중학교",
    "kind": "교사동 창면",
    "dong": "체육관동(정보화센타)",
    "floor": 3,
    "source": "도면기준",
    "z_m": 9.55,
    "s2_total_h": 3.5,
    "s2_cont_h": 2.33,
    "s2_pass_a": true,
    "s1_pass_a": true,
    "change_cd": "keep_ok",
    "변화": "유지 충족"
   }
  },
  {
   "type": "Feature",
   "geometry": {
    "type": "Point",
    "coordinates": [
     194312.392,
     547060.191
    ]
   },
   "properties": {
    "pid": "체육관동(정보화센타) 4층-10",
    "school": "여의도중학교",
    "kind": "교사동 창면",
    "dong": "체육관동(정보화센타)",
    "floor": 4,
    "source": "도면기준",
    "z_m": 13.15,
    "s2_total_h": 3.5,
    "s2_cont_h": 2.33,
    "s2_pass_a": true,
    "s1_pass_a": true,
    "change_cd": "keep_ok",
    "변화": "유지 충족"
   }
  },
  {
   "type": "Feature",
   "geometry": {
    "type": "Point",
    "coordinates": [
     194315.838,
     547056.033
    ]
   },
   "properties": {
    "pid": "체육관동(정보화센타) 1층-11",
    "school": "여의도중학교",
    "kind": "교사동 창면",
    "dong": "체육관동(정보화센타)",
    "floor": 1,
    "source": "도면기준",
    "z_m": 2.05,
    "s2_total_h": 2.0,
    "s2_cont_h": 2.0,
    "s2_pass_a": true,
    "s1_pass_a": false,
    "change_cd": "new_ok",
    "변화": "신규 충족"
   }
  },
  {
   "type": "Feature",
   "geometry": {
    "type": "Point",
    "coordinates": [
     194315.838,
     547056.033
    ]
   },
   "properties": {
    "pid": "체육관동(정보화센타) 2층-11",
    "school": "여의도중학교",
    "kind": "교사동 창면",
    "dong": "체육관동(정보화센타)",
    "floor": 2,
    "source": "도면기준",
    "z_m": 5.95,
    "s2_total_h": 2.5,
    "s2_cont_h": 2.5,
    "s2_pass_a": true,
    "s1_pass_a": false,
    "change_cd": "new_ok",
    "변화": "신규 충족"
   }
  },
  {
   "type": "Feature",
   "geometry": {
    "type": "Point",
    "coordinates": [
     194315.838,
     547056.033
    ]
   },
   "properties": {
    "pid": "체육관동(정보화센타) 3층-11",
    "school": "여의도중학교",
    "kind": "교사동 창면",
    "dong": "체육관동(정보화센타)",
    "floor": 3,
    "source": "도면기준",
    "z_m": 9.55,
    "s2_total_h": 3.67,
    "s2_cont_h": 2.5,
    "s2_pass_a": true,
    "s1_pass_a": true,
    "change_cd": "keep_ok",
    "변화": "유지 충족"
   }
  },
  {
   "type": "Feature",
   "geometry": {
    "type": "Point",
    "coordinates": [
     194315.838,
     547056.033
    ]
   },
   "properties": {
    "pid": "체육관동(정보화센타) 4층-11",
    "school": "여의도중학교",
    "kind": "교사동 창면",
    "dong": "체육관동(정보화센타)",
    "floor": 4,
    "source": "도면기준",
    "z_m": 13.15,
    "s2_total_h": 4.33,
    "s2_cont_h": 2.5,
    "s2_pass_a": true,
    "s1_pass_a": true,
    "change_cd": "keep_ok",
    "변화": "유지 충족"
   }
  },
  {
   "type": "Feature",
   "geometry": {
    "type": "Point",
    "coordinates": [
     194318.802,
     547054.238
    ]
   },
   "properties": {
    "pid": "체육관동(정보화센타) 1층-12",
    "school": "여의도중학교",
    "kind": "교사동 창면",
    "dong": "체육관동(정보화센타)",
    "floor": 1,
    "source": "도면기준",
    "z_m": 2.05,
    "s2_total_h": 3.5,
    "s2_cont_h": 3.5,
    "s2_pass_a": true,
    "s1_pass_a": true,
    "change_cd": "keep_ok",
    "변화": "유지 충족"
   }
  },
  {
   "type": "Feature",
   "geometry": {
    "type": "Point",
    "coordinates": [
     194318.802,
     547054.238
    ]
   },
   "properties": {
    "pid": "체육관동(정보화센타) 2층-12",
    "school": "여의도중학교",
    "kind": "교사동 창면",
    "dong": "체육관동(정보화센타)",
    "floor": 2,
    "source": "도면기준",
    "z_m": 5.95,
    "s2_total_h": 4.17,
    "s2_cont_h": 4.0,
    "s2_pass_a": true,
    "s1_pass_a": true,
    "change_cd": "keep_ok",
    "변화": "유지 충족"
   }
  },
  {
   "type": "Feature",
   "geometry": {
    "type": "Point",
    "coordinates": [
     194318.802,
     547054.238
    ]
   },
   "properties": {
    "pid": "체육관동(정보화센타) 3층-12",
    "school": "여의도중학교",
    "kind": "교사동 창면",
    "dong": "체육관동(정보화센타)",
    "floor": 3,
    "source": "도면기준",
    "z_m": 9.55,
    "s2_total_h": 5.17,
    "s2_cont_h": 4.0,
    "s2_pass_a": true,
    "s1_pass_a": true,
    "change_cd": "keep_ok",
    "변화": "유지 충족"
   }
  },
  {
   "type": "Feature",
   "geometry": {
    "type": "Point",
    "coordinates": [
     194318.802,
     547054.238
    ]
   },
   "properties": {
    "pid": "체육관동(정보화센타) 4층-12",
    "school": "여의도중학교",
    "kind": "교사동 창면",
    "dong": "체육관동(정보화센타)",
    "floor": 4,
    "source": "도면기준",
    "z_m": 13.15,
    "s2_total_h": 5.67,
    "s2_cont_h": 4.0,
    "s2_pass_a": true,
    "s1_pass_a": true,
    "change_cd": "keep_ok",
    "변화": "유지 충족"
   }
  },
  {
   "type": "Feature",
   "geometry": {
    "type": "Point",
    "coordinates": [
     194323.079,
     547057.535
    ]
   },
   "properties": {
    "pid": "체육관동(정보화센타) 1층-13",
    "school": "여의도중학교",
    "kind": "교사동 창면",
    "dong": "체육관동(정보화센타)",
    "floor": 1,
    "source": "도면기준",
    "z_m": 2.05,
    "s2_total_h": 3.83,
    "s2_cont_h": 3.83,
    "s2_pass_a": true,
    "s1_pass_a": true,
    "change_cd": "keep_ok",
    "변화": "유지 충족"
   }
  },
  {
   "type": "Feature",
   "geometry": {
    "type": "Point",
    "coordinates": [
     194323.079,
     547057.535
    ]
   },
   "properties": {
    "pid": "체육관동(정보화센타) 2층-13",
    "school": "여의도중학교",
    "kind": "교사동 창면",
    "dong": "체육관동(정보화센타)",
    "floor": 2,
    "source": "도면기준",
    "z_m": 5.95,
    "s2_total_h": 4.83,
    "s2_cont_h": 3.83,
    "s2_pass_a": true,
    "s1_pass_a": true,
    "change_cd": "keep_ok",
    "변화": "유지 충족"
   }
  },
  {
   "type": "Feature",
   "geometry": {
    "type": "Point",
    "coordinates": [
     194323.079,
     547057.535
    ]
   },
   "properties": {
    "pid": "체육관동(정보화센타) 3층-13",
    "school": "여의도중학교",
    "kind": "교사동 창면",
    "dong": "체육관동(정보화센타)",
    "floor": 3,
    "source": "도면기준",
    "z_m": 9.55,
    "s2_total_h": 5.5,
    "s2_cont_h": 4.0,
    "s2_pass_a": true,
    "s1_pass_a": true,
    "change_cd": "keep_ok",
    "변화": "유지 충족"
   }
  },
  {
   "type": "Feature",
   "geometry": {
    "type": "Point",
    "coordinates": [
     194323.079,
     547057.535
    ]
   },
   "properties": {
    "pid": "체육관동(정보화센타) 4층-13",
    "school": "여의도중학교",
    "kind": "교사동 창면",
    "dong": "체육관동(정보화센타)",
    "floor": 4,
    "source": "도면기준",
    "z_m": 13.15,
    "s2_total_h": 5.5,
    "s2_cont_h": 4.0,
    "s2_pass_a": true,
    "s1_pass_a": true,
    "change_cd": "keep_ok",
    "변화": "유지 충족"
   }
  },
  {
   "type": "Feature",
   "geometry": {
    "type": "Point",
    "coordinates": [
     194325.931,
     547059.733
    ]
   },
   "properties": {
    "pid": "체육관동(정보화센타) 1층-14",
    "school": "여의도중학교",
    "kind": "교사동 창면",
    "dong": "체육관동(정보화센타)",
    "floor": 1,
    "source": "도면기준",
    "z_m": 2.05,
    "s2_total_h": 4.33,
    "s2_cont_h": 4.0,
    "s2_pass_a": true,
    "s1_pass_a": true,
    "change_cd": "keep_ok",
    "변화": "유지 충족"
   }
  },
  {
   "type": "Feature",
   "geometry": {
    "type": "Point",
    "coordinates": [
     194325.931,
     547059.733
    ]
   },
   "properties": {
    "pid": "체육관동(정보화센타) 2층-14",
    "school": "여의도중학교",
    "kind": "교사동 창면",
    "dong": "체육관동(정보화센타)",
    "floor": 2,
    "source": "도면기준",
    "z_m": 5.95,
    "s2_total_h": 4.83,
    "s2_cont_h": 4.0,
    "s2_pass_a": true,
    "s1_pass_a": true,
    "change_cd": "keep_ok",
    "변화": "유지 충족"
   }
  },
  {
   "type": "Feature",
   "geometry": {
    "type": "Point",
    "coordinates": [
     194325.931,
     547059.733
    ]
   },
   "properties": {
    "pid": "체육관동(정보화센타) 3층-14",
    "school": "여의도중학교",
    "kind": "교사동 창면",
    "dong": "체육관동(정보화센타)",
    "floor": 3,
    "source": "도면기준",
    "z_m": 9.55,
    "s2_total_h": 5.33,
    "s2_cont_h": 4.0,
    "s2_pass_a": true,
    "s1_pass_a": true,
    "change_cd": "keep_ok",
    "변화": "유지 충족"
   }
  },
  {
   "type": "Feature",
   "geometry": {
    "type": "Point",
    "coordinates": [
     194325.931,
     547059.733
    ]
   },
   "properties": {
    "pid": "체육관동(정보화센타) 4층-14",
    "school": "여의도중학교",
    "kind": "교사동 창면",
    "dong": "체육관동(정보화센타)",
    "floor": 4,
    "source": "도면기준",
    "z_m": 13.15,
    "s2_total_h": 5.5,
    "s2_cont_h": 4.17,
    "s2_pass_a": true,
    "s1_pass_a": true,
    "change_cd": "keep_ok",
    "변화": "유지 충족"
   }
  },
  {
   "type": "Feature",
   "geometry": {
    "type": "Point",
    "coordinates": [
     194330.192,
     547063.082
    ]
   },
   "properties": {
    "pid": "체육관동(정보화센타) 1층-15",
    "school": "여의도중학교",
    "kind": "교사동 창면",
    "dong": "체육관동(정보화센타)",
    "floor": 1,
    "source": "도면기준",
    "z_m": 2.05,
    "s2_total_h": 4.67,
    "s2_cont_h": 4.0,
    "s2_pass_a": true,
    "s1_pass_a": true,
    "change_cd": "keep_ok",
    "변화": "유지 충족"
   }
  },
  {
   "type": "Feature",
   "geometry": {
    "type": "Point",
    "coordinates": [
     194330.192,
     547063.082
    ]
   },
   "properties": {
    "pid": "체육관동(정보화센타) 2층-15",
    "school": "여의도중학교",
    "kind": "교사동 창면",
    "dong": "체육관동(정보화센타)",
    "floor": 2,
    "source": "도면기준",
    "z_m": 5.95,
    "s2_total_h": 5.0,
    "s2_cont_h": 4.17,
    "s2_pass_a": true,
    "s1_pass_a": true,
    "change_cd": "keep_ok",
    "변화": "유지 충족"
   }
  },
  {
   "type": "Feature",
   "geometry": {
    "type": "Point",
    "coordinates": [
     194330.192,
     547063.082
    ]
   },
   "properties": {
    "pid": "체육관동(정보화센타) 3층-15",
    "school": "여의도중학교",
    "kind": "교사동 창면",
    "dong": "체육관동(정보화센타)",
    "floor": 3,
    "source": "도면기준",
    "z_m": 9.55,
    "s2_total_h": 5.33,
    "s2_cont_h": 4.17,
    "s2_pass_a": true,
    "s1_pass_a": true,
    "change_cd": "keep_ok",
    "변화": "유지 충족"
   }
  },
  {
   "type": "Feature",
   "geometry": {
    "type": "Point",
    "coordinates": [
     194330.192,
     547063.082
    ]
   },
   "properties": {
    "pid": "체육관동(정보화센타) 4층-15",
    "school": "여의도중학교",
    "kind": "교사동 창면",
    "dong": "체육관동(정보화센타)",
    "floor": 4,
    "source": "도면기준",
    "z_m": 13.15,
    "s2_total_h": 5.33,
    "s2_cont_h": 4.17,
    "s2_pass_a": true,
    "s1_pass_a": true,
    "change_cd": "keep_ok",
    "변화": "유지 충족"
   }
  },
  {
   "type": "Feature",
   "geometry": {
    "type": "Point",
    "coordinates": [
     194332.92,
     547065.431
    ]
   },
   "properties": {
    "pid": "체육관동(정보화센타) 1층-16",
    "school": "여의도중학교",
    "kind": "교사동 창면",
    "dong": "체육관동(정보화센타)",
    "floor": 1,
    "source": "도면기준",
    "z_m": 2.05,
    "s2_total_h": 4.67,
    "s2_cont_h": 4.0,
    "s2_pass_a": true,
    "s1_pass_a": true,
    "change_cd": "keep_ok",
    "변화": "유지 충족"
   }
  },
  {
   "type": "Feature",
   "geometry": {
    "type": "Point",
    "coordinates": [
     194332.92,
     547065.431
    ]
   },
   "properties": {
    "pid": "체육관동(정보화센타) 2층-16",
    "school": "여의도중학교",
    "kind": "교사동 창면",
    "dong": "체육관동(정보화센타)",
    "floor": 2,
    "source": "도면기준",
    "z_m": 5.95,
    "s2_total_h": 5.0,
    "s2_cont_h": 4.0,
    "s2_pass_a": true,
    "s1_pass_a": true,
    "change_cd": "keep_ok",
    "변화": "유지 충족"
   }
  },
  {
   "type": "Feature",
   "geometry": {
    "type": "Point",
    "coordinates": [
     194332.92,
     547065.431
    ]
   },
   "properties": {
    "pid": "체육관동(정보화센타) 3층-16",
    "school": "여의도중학교",
    "kind": "교사동 창면",
    "dong": "체육관동(정보화센타)",
    "floor": 3,
    "source": "도면기준",
    "z_m": 9.55,
    "s2_total_h": 5.5,
    "s2_cont_h": 4.17,
    "s2_pass_a": true,
    "s1_pass_a": true,
    "change_cd": "keep_ok",
    "변화": "유지 충족"
   }
  },
  {
   "type": "Feature",
   "geometry": {
    "type": "Point",
    "coordinates": [
     194332.92,
     547065.431
    ]
   },
   "properties": {
    "pid": "체육관동(정보화센타) 4층-16",
    "school": "여의도중학교",
    "kind": "교사동 창면",
    "dong": "체육관동(정보화센타)",
    "floor": 4,
    "source": "도면기준",
    "z_m": 13.15,
    "s2_total_h": 5.5,
    "s2_cont_h": 4.17,
    "s2_pass_a": true,
    "s1_pass_a": true,
    "change_cd": "keep_ok",
    "변화": "유지 충족"
   }
  },
  {
   "type": "Feature",
   "geometry": {
    "type": "Point",
    "coordinates": [
     194337.012,
     547068.955
    ]
   },
   "properties": {
    "pid": "체육관동(정보화센타) 1층-17",
    "school": "여의도중학교",
    "kind": "교사동 창면",
    "dong": "체육관동(정보화센타)",
    "floor": 1,
    "source": "도면기준",
    "z_m": 2.05,
    "s2_total_h": 4.67,
    "s2_cont_h": 4.0,
    "s2_pass_a": true,
    "s1_pass_a": true,
    "change_cd": "keep_ok",
    "변화": "유지 충족"
   }
  },
  {
   "type": "Feature",
   "geometry": {
    "type": "Point",
    "coordinates": [
     194337.012,
     547068.955
    ]
   },
   "properties": {
    "pid": "체육관동(정보화센타) 2층-17",
    "school": "여의도중학교",
    "kind": "교사동 창면",
    "dong": "체육관동(정보화센타)",
    "floor": 2,
    "source": "도면기준",
    "z_m": 5.95,
    "s2_total_h": 5.33,
    "s2_cont_h": 4.17,
    "s2_pass_a": true,
    "s1_pass_a": true,
    "change_cd": "keep_ok",
    "변화": "유지 충족"
   }
  },
  {
   "type": "Feature",
   "geometry": {
    "type": "Point",
    "coordinates": [
     194337.012,
     547068.955
    ]
   },
   "properties": {
    "pid": "체육관동(정보화센타) 3층-17",
    "school": "여의도중학교",
    "kind": "교사동 창면",
    "dong": "체육관동(정보화센타)",
    "floor": 3,
    "source": "도면기준",
    "z_m": 9.55,
    "s2_total_h": 5.5,
    "s2_cont_h": 4.17,
    "s2_pass_a": true,
    "s1_pass_a": true,
    "change_cd": "keep_ok",
    "변화": "유지 충족"
   }
  },
  {
   "type": "Feature",
   "geometry": {
    "type": "Point",
    "coordinates": [
     194337.012,
     547068.955
    ]
   },
   "properties": {
    "pid": "체육관동(정보화센타) 4층-17",
    "school": "여의도중학교",
    "kind": "교사동 창면",
    "dong": "체육관동(정보화센타)",
    "floor": 4,
    "source": "도면기준",
    "z_m": 13.15,
    "s2_total_h": 5.83,
    "s2_cont_h": 4.33,
    "s2_pass_a": true,
    "s1_pass_a": true,
    "change_cd": "keep_ok",
    "변화": "유지 충족"
   }
  },
  {
   "type": "Feature",
   "geometry": {
    "type": "Point",
    "coordinates": [
     194339.717,
     547071.364
    ]
   },
   "properties": {
    "pid": "체육관동(정보화센타) 1층-18",
    "school": "여의도중학교",
    "kind": "교사동 창면",
    "dong": "체육관동(정보화센타)",
    "floor": 1,
    "source": "도면기준",
    "z_m": 2.05,
    "s2_total_h": 4.83,
    "s2_cont_h": 4.0,
    "s2_pass_a": true,
    "s1_pass_a": true,
    "change_cd": "keep_ok",
    "변화": "유지 충족"
   }
  },
  {
   "type": "Feature",
   "geometry": {
    "type": "Point",
    "coordinates": [
     194339.717,
     547071.364
    ]
   },
   "properties": {
    "pid": "체육관동(정보화센타) 2층-18",
    "school": "여의도중학교",
    "kind": "교사동 창면",
    "dong": "체육관동(정보화센타)",
    "floor": 2,
    "source": "도면기준",
    "z_m": 5.95,
    "s2_total_h": 5.0,
    "s2_cont_h": 4.0,
    "s2_pass_a": true,
    "s1_pass_a": true,
    "change_cd": "keep_ok",
    "변화": "유지 충족"
   }
  },
  {
   "type": "Feature",
   "geometry": {
    "type": "Point",
    "coordinates": [
     194339.717,
     547071.364
    ]
   },
   "properties": {
    "pid": "체육관동(정보화센타) 3층-18",
    "school": "여의도중학교",
    "kind": "교사동 창면",
    "dong": "체육관동(정보화센타)",
    "floor": 3,
    "source": "도면기준",
    "z_m": 9.55,
    "s2_total_h": 5.33,
    "s2_cont_h": 4.17,
    "s2_pass_a": true,
    "s1_pass_a": true,
    "change_cd": "keep_ok",
    "변화": "유지 충족"
   }
  },
  {
   "type": "Feature",
   "geometry": {
    "type": "Point",
    "coordinates": [
     194339.717,
     547071.364
    ]
   },
   "properties": {
    "pid": "체육관동(정보화센타) 4층-18",
    "school": "여의도중학교",
    "kind": "교사동 창면",
    "dong": "체육관동(정보화센타)",
    "floor": 4,
    "source": "도면기준",
    "z_m": 13.15,
    "s2_total_h": 5.67,
    "s2_cont_h": 4.83,
    "s2_pass_a": true,
    "s1_pass_a": true,
    "change_cd": "keep_ok",
    "변화": "유지 충족"
   }
  },
  {
   "type": "Feature",
   "geometry": {
    "type": "Point",
    "coordinates": [
     194343.494,
     547075.265
    ]
   },
   "properties": {
    "pid": "체육관동(정보화센타) 1층-19",
    "school": "여의도중학교",
    "kind": "교사동 창면",
    "dong": "체육관동(정보화센타)",
    "floor": 1,
    "source": "도면기준",
    "z_m": 2.05,
    "s2_total_h": 4.83,
    "s2_cont_h": 4.0,
    "s2_pass_a": true,
    "s1_pass_a": true,
    "change_cd": "keep_ok",
    "변화": "유지 충족"
   }
  },
  {
   "type": "Feature",
   "geometry": {
    "type": "Point",
    "coordinates": [
     194343.494,
     547075.265
    ]
   },
   "properties": {
    "pid": "체육관동(정보화센타) 2층-19",
    "school": "여의도중학교",
    "kind": "교사동 창면",
    "dong": "체육관동(정보화센타)",
    "floor": 2,
    "source": "도면기준",
    "z_m": 5.95,
    "s2_total_h": 5.33,
    "s2_cont_h": 4.17,
    "s2_pass_a": true,
    "s1_pass_a": true,
    "change_cd": "keep_ok",
    "변화": "유지 충족"
   }
  },
  {
   "type": "Feature",
   "geometry": {
    "type": "Point",
    "coordinates": [
     194343.494,
     547075.265
    ]
   },
   "properties": {
    "pid": "체육관동(정보화센타) 3층-19",
    "school": "여의도중학교",
    "kind": "교사동 창면",
    "dong": "체육관동(정보화센타)",
    "floor": 3,
    "source": "도면기준",
    "z_m": 9.55,
    "s2_total_h": 5.5,
    "s2_cont_h": 4.83,
    "s2_pass_a": true,
    "s1_pass_a": true,
    "change_cd": "keep_ok",
    "변화": "유지 충족"
   }
  },
  {
   "type": "Feature",
   "geometry": {
    "type": "Point",
    "coordinates": [
     194343.494,
     547075.265
    ]
   },
   "properties": {
    "pid": "체육관동(정보화센타) 4층-19",
    "school": "여의도중학교",
    "kind": "교사동 창면",
    "dong": "체육관동(정보화센타)",
    "floor": 4,
    "source": "도면기준",
    "z_m": 13.15,
    "s2_total_h": 5.5,
    "s2_cont_h": 4.83,
    "s2_pass_a": true,
    "s1_pass_a": true,
    "change_cd": "keep_ok",
    "변화": "유지 충족"
   }
  },
  {
   "type": "Feature",
   "geometry": {
    "type": "Point",
    "coordinates": [
     194345.499,
     547078.33
    ]
   },
   "properties": {
    "pid": "체육관동(정보화센타) 1층-20",
    "school": "여의도중학교",
    "kind": "교사동 창면",
    "dong": "체육관동(정보화센타)",
    "floor": 1,
    "source": "도면기준",
    "z_m": 2.05,
    "s2_total_h": 4.5,
    "s2_cont_h": 4.0,
    "s2_pass_a": true,
    "s1_pass_a": true,
    "change_cd": "keep_ok",
    "변화": "유지 충족"
   }
  },
  {
   "type": "Feature",
   "geometry": {
    "type": "Point",
    "coordinates": [
     194345.499,
     547078.33
    ]
   },
   "properties": {
    "pid": "체육관동(정보화센타) 2층-20",
    "school": "여의도중학교",
    "kind": "교사동 창면",
    "dong": "체육관동(정보화센타)",
    "floor": 2,
    "source": "도면기준",
    "z_m": 5.95,
    "s2_total_h": 5.0,
    "s2_cont_h": 4.83,
    "s2_pass_a": true,
    "s1_pass_a": true,
    "change_cd": "keep_ok",
    "변화": "유지 충족"
   }
  },
  {
   "type": "Feature",
   "geometry": {
    "type": "Point",
    "coordinates": [
     194345.499,
     547078.33
    ]
   },
   "properties": {
    "pid": "체육관동(정보화센타) 3층-20",
    "school": "여의도중학교",
    "kind": "교사동 창면",
    "dong": "체육관동(정보화센타)",
    "floor": 3,
    "source": "도면기준",
    "z_m": 9.55,
    "s2_total_h": 5.0,
    "s2_cont_h": 4.83,
    "s2_pass_a": true,
    "s1_pass_a": true,
    "change_cd": "keep_ok",
    "변화": "유지 충족"
   }
  },
  {
   "type": "Feature",
   "geometry": {
    "type": "Point",
    "coordinates": [
     194345.499,
     547078.33
    ]
   },
   "properties": {
    "pid": "체육관동(정보화센타) 4층-20",
    "school": "여의도중학교",
    "kind": "교사동 창면",
    "dong": "체육관동(정보화센타)",
    "floor": 4,
    "source": "도면기준",
    "z_m": 13.15,
    "s2_total_h": 5.0,
    "s2_cont_h": 4.83,
    "s2_pass_a": true,
    "s1_pass_a": true,
    "change_cd": "keep_ok",
    "변화": "유지 충족"
   }
  },
  {
   "type": "Feature",
   "geometry": {
    "type": "Point",
    "coordinates": [
     194347.676,
     547083.327
    ]
   },
   "properties": {
    "pid": "체육관동(정보화센타) 1층-21",
    "school": "여의도중학교",
    "kind": "교사동 창면",
    "dong": "체육관동(정보화센타)",
    "floor": 1,
    "source": "도면기준",
    "z_m": 2.05,
    "s2_total_h": 4.5,
    "s2_cont_h": 4.5,
    "s2_pass_a": true,
    "s1_pass_a": true,
    "change_cd": "keep_ok",
    "변화": "유지 충족"
   }
  },
  {
   "type": "Feature",
   "geometry": {
    "type": "Point",
    "coordinates": [
     194347.676,
     547083.327
    ]
   },
   "properties": {
    "pid": "체육관동(정보화센타) 2층-21",
    "school": "여의도중학교",
    "kind": "교사동 창면",
    "dong": "체육관동(정보화센타)",
    "floor": 2,
    "source": "도면기준",
    "z_m": 5.95,
    "s2_total_h": 4.67,
    "s2_cont_h": 4.67,
    "s2_pass_a": true,
    "s1_pass_a": true,
    "change_cd": "keep_ok",
    "변화": "유지 충족"
   }
  },
  {
   "type": "Feature",
   "geometry": {
    "type": "Point",
    "coordinates": [
     194347.676,
     547083.327
    ]
   },
   "properties": {
    "pid": "체육관동(정보화센타) 3층-21",
    "school": "여의도중학교",
    "kind": "교사동 창면",
    "dong": "체육관동(정보화센타)",
    "floor": 3,
    "source": "도면기준",
    "z_m": 9.55,
    "s2_total_h": 4.83,
    "s2_cont_h": 4.83,
    "s2_pass_a": true,
    "s1_pass_a": true,
    "change_cd": "keep_ok",
    "변화": "유지 충족"
   }
  },
  {
   "type": "Feature",
   "geometry": {
    "type": "Point",
    "coordinates": [
     194347.676,
     547083.327
    ]
   },
   "properties": {
    "pid": "체육관동(정보화센타) 4층-21",
    "school": "여의도중학교",
    "kind": "교사동 창면",
    "dong": "체육관동(정보화센타)",
    "floor": 4,
    "source": "도면기준",
    "z_m": 13.15,
    "s2_total_h": 4.83,
    "s2_cont_h": 4.83,
    "s2_pass_a": true,
    "s1_pass_a": true,
    "change_cd": "keep_ok",
    "변화": "유지 충족"
   }
  },
  {
   "type": "Feature",
   "geometry": {
    "type": "Point",
    "coordinates": [
     194348.678,
     547086.821
    ]
   },
   "properties": {
    "pid": "체육관동(정보화센타) 1층-22",
    "school": "여의도중학교",
    "kind": "교사동 창면",
    "dong": "체육관동(정보화센타)",
    "floor": 1,
    "source": "도면기준",
    "z_m": 2.05,
    "s2_total_h": 4.5,
    "s2_cont_h": 4.5,
    "s2_pass_a": true,
    "s1_pass_a": true,
    "change_cd": "keep_ok",
    "변화": "유지 충족"
   }
  },
  {
   "type": "Feature",
   "geometry": {
    "type": "Point",
    "coordinates": [
     194348.678,
     547086.821
    ]
   },
   "properties": {
    "pid": "체육관동(정보화센타) 2층-22",
    "school": "여의도중학교",
    "kind": "교사동 창면",
    "dong": "체육관동(정보화센타)",
    "floor": 2,
    "source": "도면기준",
    "z_m": 5.95,
    "s2_total_h": 4.67,
    "s2_cont_h": 4.67,
    "s2_pass_a": true,
    "s1_pass_a": true,
    "change_cd": "keep_ok",
    "변화": "유지 충족"
   }
  },
  {
   "type": "Feature",
   "geometry": {
    "type": "Point",
    "coordinates": [
     194348.678,
     547086.821
    ]
   },
   "properties": {
    "pid": "체육관동(정보화센타) 3층-22",
    "school": "여의도중학교",
    "kind": "교사동 창면",
    "dong": "체육관동(정보화센타)",
    "floor": 3,
    "source": "도면기준",
    "z_m": 9.55,
    "s2_total_h": 4.83,
    "s2_cont_h": 4.83,
    "s2_pass_a": true,
    "s1_pass_a": true,
    "change_cd": "keep_ok",
    "변화": "유지 충족"
   }
  },
  {
   "type": "Feature",
   "geometry": {
    "type": "Point",
    "coordinates": [
     194348.678,
     547086.821
    ]
   },
   "properties": {
    "pid": "체육관동(정보화센타) 4층-22",
    "school": "여의도중학교",
    "kind": "교사동 창면",
    "dong": "체육관동(정보화센타)",
    "floor": 4,
    "source": "도면기준",
    "z_m": 13.15,
    "s2_total_h": 4.83,
    "s2_cont_h": 4.83,
    "s2_pass_a": true,
    "s1_pass_a": true,
    "change_cd": "keep_ok",
    "변화": "유지 충족"
   }
  },
  {
   "type": "Feature",
   "geometry": {
    "type": "Point",
    "coordinates": [
     194288.596,
     547091.467
    ]
   },
   "properties": {
    "pid": "체육관동 부속(원형부) 1층-1",
    "school": "여의도중학교",
    "kind": "교사동 창면",
    "dong": "체육관동 부속(원형부)",
    "floor": 1,
    "source": "도면기준",
    "z_m": 2.05,
    "s2_total_h": 0.0,
    "s2_cont_h": 0.0,
    "s2_pass_a": false,
    "s1_pass_a": false,
    "change_cd": "keep_fail",
    "변화": "유지 불충족"
   }
  },
  {
   "type": "Feature",
   "geometry": {
    "type": "Point",
    "coordinates": [
     194288.596,
     547091.467
    ]
   },
   "properties": {
    "pid": "체육관동 부속(원형부) 2층-1",
    "school": "여의도중학교",
    "kind": "교사동 창면",
    "dong": "체육관동 부속(원형부)",
    "floor": 2,
    "source": "도면기준",
    "z_m": 5.95,
    "s2_total_h": 0.33,
    "s2_cont_h": 0.33,
    "s2_pass_a": false,
    "s1_pass_a": false,
    "change_cd": "keep_fail",
    "변화": "유지 불충족"
   }
  },
  {
   "type": "Feature",
   "geometry": {
    "type": "Point",
    "coordinates": [
     194288.596,
     547091.467
    ]
   },
   "properties": {
    "pid": "체육관동 부속(원형부) 3층-1",
    "school": "여의도중학교",
    "kind": "교사동 창면",
    "dong": "체육관동 부속(원형부)",
    "floor": 3,
    "source": "도면기준",
    "z_m": 9.55,
    "s2_total_h": 1.17,
    "s2_cont_h": 1.17,
    "s2_pass_a": false,
    "s1_pass_a": false,
    "change_cd": "keep_fail",
    "변화": "유지 불충족"
   }
  },
  {
   "type": "Feature",
   "geometry": {
    "type": "Point",
    "coordinates": [
     194288.596,
     547091.467
    ]
   },
   "properties": {
    "pid": "체육관동 부속(원형부) 4층-1",
    "school": "여의도중학교",
    "kind": "교사동 창면",
    "dong": "체육관동 부속(원형부)",
    "floor": 4,
    "source": "도면기준",
    "z_m": 13.15,
    "s2_total_h": 1.33,
    "s2_cont_h": 1.33,
    "s2_pass_a": false,
    "s1_pass_a": false,
    "change_cd": "keep_fail",
    "변화": "유지 불충족"
   }
  },
  {
   "type": "Feature",
   "geometry": {
    "type": "Point",
    "coordinates": [
     194289.547,
     547087.932
    ]
   },
   "properties": {
    "pid": "체육관동 부속(원형부) 1층-2",
    "school": "여의도중학교",
    "kind": "교사동 창면",
    "dong": "체육관동 부속(원형부)",
    "floor": 1,
    "source": "도면기준",
    "z_m": 2.05,
    "s2_total_h": 0.33,
    "s2_cont_h": 0.33,
    "s2_pass_a": false,
    "s1_pass_a": false,
    "change_cd": "keep_fail",
    "변화": "유지 불충족"
   }
  },
  {
   "type": "Feature",
   "geometry": {
    "type": "Point",
    "coordinates": [
     194289.547,
     547087.932
    ]
   },
   "properties": {
    "pid": "체육관동 부속(원형부) 2층-2",
    "school": "여의도중학교",
    "kind": "교사동 창면",
    "dong": "체육관동 부속(원형부)",
    "floor": 2,
    "source": "도면기준",
    "z_m": 5.95,
    "s2_total_h": 0.5,
    "s2_cont_h": 0.33,
    "s2_pass_a": false,
    "s1_pass_a": false,
    "change_cd": "keep_fail",
    "변화": "유지 불충족"
   }
  },
  {
   "type": "Feature",
   "geometry": {
    "type": "Point",
    "coordinates": [
     194289.547,
     547087.932
    ]
   },
   "properties": {
    "pid": "체육관동 부속(원형부) 3층-2",
    "school": "여의도중학교",
    "kind": "교사동 창면",
    "dong": "체육관동 부속(원형부)",
    "floor": 3,
    "source": "도면기준",
    "z_m": 9.55,
    "s2_total_h": 1.33,
    "s2_cont_h": 1.0,
    "s2_pass_a": false,
    "s1_pass_a": false,
    "change_cd": "keep_fail",
    "변화": "유지 불충족"
   }
  },
  {
   "type": "Feature",
   "geometry": {
    "type": "Point",
    "coordinates": [
     194289.547,
     547087.932
    ]
   },
   "properties": {
    "pid": "체육관동 부속(원형부) 4층-2",
    "school": "여의도중학교",
    "kind": "교사동 창면",
    "dong": "체육관동 부속(원형부)",
    "floor": 4,
    "source": "도면기준",
    "z_m": 13.15,
    "s2_total_h": 1.83,
    "s2_cont_h": 1.5,
    "s2_pass_a": false,
    "s1_pass_a": true,
    "change_cd": "new_fail",
    "변화": "신규 불충족"
   }
  },
  {
   "type": "Feature",
   "geometry": {
    "type": "Point",
    "coordinates": [
     194291.882,
     547083.014
    ]
   },
   "properties": {
    "pid": "체육관동 부속(원형부) 1층-3",
    "school": "여의도중학교",
    "kind": "교사동 창면",
    "dong": "체육관동 부속(원형부)",
    "floor": 1,
    "source": "도면기준",
    "z_m": 2.05,
    "s2_total_h": 1.0,
    "s2_cont_h": 1.0,
    "s2_pass_a": false,
    "s1_pass_a": false,
    "change_cd": "keep_fail",
    "변화": "유지 불충족"
   }
  },
  {
   "type": "Feature",
   "geometry": {
    "type": "Point",
    "coordinates": [
     194291.882,
     547083.014
    ]
   },
   "properties": {
    "pid": "체육관동 부속(원형부) 2층-3",
    "school": "여의도중학교",
    "kind": "교사동 창면",
    "dong": "체육관동 부속(원형부)",
    "floor": 2,
    "source": "도면기준",
    "z_m": 5.95,
    "s2_total_h": 1.0,
    "s2_cont_h": 1.0,
    "s2_pass_a": false,
    "s1_pass_a": false,
    "change_cd": "keep_fail",
    "변화": "유지 불충족"
   }
  },
  {
   "type": "Feature",
   "geometry": {
    "type": "Point",
    "coordinates": [
     194291.882,
     547083.014
    ]
   },
   "properties": {
    "pid": "체육관동 부속(원형부) 3층-3",
    "school": "여의도중학교",
    "kind": "교사동 창면",
    "dong": "체육관동 부속(원형부)",
    "floor": 3,
    "source": "도면기준",
    "z_m": 9.55,
    "s2_total_h": 1.67,
    "s2_cont_h": 1.0,
    "s2_pass_a": false,
    "s1_pass_a": true,
    "change_cd": "new_fail",
    "변화": "신규 불충족"
   }
  },
  {
   "type": "Feature",
   "geometry": {
    "type": "Point",
    "coordinates": [
     194291.882,
     547083.014
    ]
   },
   "properties": {
    "pid": "체육관동 부속(원형부) 4층-3",
    "school": "여의도중학교",
    "kind": "교사동 창면",
    "dong": "체육관동 부속(원형부)",
    "floor": 4,
    "source": "도면기준",
    "z_m": 13.15,
    "s2_total_h": 2.5,
    "s2_cont_h": 1.5,
    "s2_pass_a": false,
    "s1_pass_a": true,
    "change_cd": "new_fail",
    "변화": "신규 불충족"
   }
  },
  {
   "type": "Feature",
   "geometry": {
    "type": "Point",
    "coordinates": [
     194293.971,
     547080.01
    ]
   },
   "properties": {
    "pid": "체육관동 부속(원형부) 1층-4",
    "school": "여의도중학교",
    "kind": "교사동 창면",
    "dong": "체육관동 부속(원형부)",
    "floor": 1,
    "source": "도면기준",
    "z_m": 2.05,
    "s2_total_h": 2.0,
    "s2_cont_h": 2.0,
    "s2_pass_a": true,
    "s1_pass_a": true,
    "change_cd": "keep_ok",
    "변화": "유지 충족"
   }
  },
  {
   "type": "Feature",
   "geometry": {
    "type": "Point",
    "coordinates": [
     194293.971,
     547080.01
    ]
   },
   "properties": {
    "pid": "체육관동 부속(원형부) 2층-4",
    "school": "여의도중학교",
    "kind": "교사동 창면",
    "dong": "체육관동 부속(원형부)",
    "floor": 2,
    "source": "도면기준",
    "z_m": 5.95,
    "s2_total_h": 2.17,
    "s2_cont_h": 2.0,
    "s2_pass_a": true,
    "s1_pass_a": true,
    "change_cd": "keep_ok",
    "변화": "유지 충족"
   }
  },
  {
   "type": "Feature",
   "geometry": {
    "type": "Point",
    "coordinates": [
     194293.971,
     547080.01
    ]
   },
   "properties": {
    "pid": "체육관동 부속(원형부) 3층-4",
    "school": "여의도중학교",
    "kind": "교사동 창면",
    "dong": "체육관동 부속(원형부)",
    "floor": 3,
    "source": "도면기준",
    "z_m": 9.55,
    "s2_total_h": 2.5,
    "s2_cont_h": 2.0,
    "s2_pass_a": true,
    "s1_pass_a": true,
    "change_cd": "keep_ok",
    "변화": "유지 충족"
   }
  },
  {
   "type": "Feature",
   "geometry": {
    "type": "Point",
    "coordinates": [
     194293.971,
     547080.01
    ]
   },
   "properties": {
    "pid": "체육관동 부속(원형부) 4층-4",
    "school": "여의도중학교",
    "kind": "교사동 창면",
    "dong": "체육관동 부속(원형부)",
    "floor": 4,
    "source": "도면기준",
    "z_m": 13.15,
    "s2_total_h": 3.33,
    "s2_cont_h": 2.0,
    "s2_pass_a": true,
    "s1_pass_a": true,
    "change_cd": "keep_ok",
    "변화": "유지 충족"
   }
  },
  {
   "type": "Feature",
   "geometry": {
    "type": "Point",
    "coordinates": [
     194297.38,
     547075.823
    ]
   },
   "properties": {
    "pid": "체육관동 부속(원형부) 1층-5",
    "school": "여의도중학교",
    "kind": "교사동 창면",
    "dong": "체육관동 부속(원형부)",
    "floor": 1,
    "source": "도면기준",
    "z_m": 2.05,
    "s2_total_h": 2.0,
    "s2_cont_h": 2.0,
    "s2_pass_a": true,
    "s1_pass_a": true,
    "change_cd": "keep_ok",
    "변화": "유지 충족"
   }
  },
  {
   "type": "Feature",
   "geometry": {
    "type": "Point",
    "coordinates": [
     194297.38,
     547075.823
    ]
   },
   "properties": {
    "pid": "체육관동 부속(원형부) 2층-5",
    "school": "여의도중학교",
    "kind": "교사동 창면",
    "dong": "체육관동 부속(원형부)",
    "floor": 2,
    "source": "도면기준",
    "z_m": 5.95,
    "s2_total_h": 2.5,
    "s2_cont_h": 2.0,
    "s2_pass_a": true,
    "s1_pass_a": true,
    "change_cd": "keep_ok",
    "변화": "유지 충족"
   }
  },
  {
   "type": "Feature",
   "geometry": {
    "type": "Point",
    "coordinates": [
     194297.38,
     547075.823
    ]
   },
   "properties": {
    "pid": "체육관동 부속(원형부) 3층-5",
    "school": "여의도중학교",
    "kind": "교사동 창면",
    "dong": "체육관동 부속(원형부)",
    "floor": 3,
    "source": "도면기준",
    "z_m": 9.55,
    "s2_total_h": 3.0,
    "s2_cont_h": 2.0,
    "s2_pass_a": true,
    "s1_pass_a": true,
    "change_cd": "keep_ok",
    "변화": "유지 충족"
   }
  },
  {
   "type": "Feature",
   "geometry": {
    "type": "Point",
    "coordinates": [
     194297.38,
     547075.823
    ]
   },
   "properties": {
    "pid": "체육관동 부속(원형부) 4층-5",
    "school": "여의도중학교",
    "kind": "교사동 창면",
    "dong": "체육관동 부속(원형부)",
    "floor": 4,
    "source": "도면기준",
    "z_m": 13.15,
    "s2_total_h": 3.5,
    "s2_cont_h": 2.0,
    "s2_pass_a": true,
    "s1_pass_a": true,
    "change_cd": "keep_ok",
    "변화": "유지 충족"
   }
  },
  {
   "type": "Feature",
   "geometry": {
    "type": "Point",
    "coordinates": [
     194299.653,
     547073.031
    ]
   },
   "properties": {
    "pid": "체육관동 부속(원형부) 1층-6",
    "school": "여의도중학교",
    "kind": "교사동 창면",
    "dong": "체육관동 부속(원형부)",
    "floor": 1,
    "source": "도면기준",
    "z_m": 2.05,
    "s2_total_h": 2.0,
    "s2_cont_h": 2.0,
    "s2_pass_a": true,
    "s1_pass_a": true,
    "change_cd": "keep_ok",
    "변화": "유지 충족"
   }
  },
  {
   "type": "Feature",
   "geometry": {
    "type": "Point",
    "coordinates": [
     194299.653,
     547073.031
    ]
   },
   "properties": {
    "pid": "체육관동 부속(원형부) 2층-6",
    "school": "여의도중학교",
    "kind": "교사동 창면",
    "dong": "체육관동 부속(원형부)",
    "floor": 2,
    "source": "도면기준",
    "z_m": 5.95,
    "s2_total_h": 2.33,
    "s2_cont_h": 2.0,
    "s2_pass_a": true,
    "s1_pass_a": true,
    "change_cd": "keep_ok",
    "변화": "유지 충족"
   }
  },
  {
   "type": "Feature",
   "geometry": {
    "type": "Point",
    "coordinates": [
     194299.653,
     547073.031
    ]
   },
   "properties": {
    "pid": "체육관동 부속(원형부) 3층-6",
    "school": "여의도중학교",
    "kind": "교사동 창면",
    "dong": "체육관동 부속(원형부)",
    "floor": 3,
    "source": "도면기준",
    "z_m": 9.55,
    "s2_total_h": 3.17,
    "s2_cont_h": 2.0,
    "s2_pass_a": true,
    "s1_pass_a": true,
    "change_cd": "keep_ok",
    "변화": "유지 충족"
   }
  },
  {
   "type": "Feature",
   "geometry": {
    "type": "Point",
    "coordinates": [
     194299.653,
     547073.031
    ]
   },
   "properties": {
    "pid": "체육관동 부속(원형부) 4층-6",
    "school": "여의도중학교",
    "kind": "교사동 창면",
    "dong": "체육관동 부속(원형부)",
    "floor": 4,
    "source": "도면기준",
    "z_m": 13.15,
    "s2_total_h": 3.33,
    "s2_cont_h": 2.0,
    "s2_pass_a": true,
    "s1_pass_a": true,
    "change_cd": "keep_ok",
    "변화": "유지 충족"
   }
  },
  {
   "type": "Feature",
   "geometry": {
    "type": "Point",
    "coordinates": [
     194303.062,
     547068.843
    ]
   },
   "properties": {
    "pid": "체육관동 부속(원형부) 1층-7",
    "school": "여의도중학교",
    "kind": "교사동 창면",
    "dong": "체육관동 부속(원형부)",
    "floor": 1,
    "source": "도면기준",
    "z_m": 2.05,
    "s2_total_h": 1.83,
    "s2_cont_h": 1.5,
    "s2_pass_a": false,
    "s1_pass_a": false,
    "change_cd": "keep_fail",
    "변화": "유지 불충족"
   }
  },
  {
   "type": "Feature",
   "geometry": {
    "type": "Point",
    "coordinates": [
     194303.062,
     547068.843
    ]
   },
   "properties": {
    "pid": "체육관동 부속(원형부) 2층-7",
    "school": "여의도중학교",
    "kind": "교사동 창면",
    "dong": "체육관동 부속(원형부)",
    "floor": 2,
    "source": "도면기준",
    "z_m": 5.95,
    "s2_total_h": 2.5,
    "s2_cont_h": 2.17,
    "s2_pass_a": true,
    "s1_pass_a": true,
    "change_cd": "keep_ok",
    "변화": "유지 충족"
   }
  },
  {
   "type": "Feature",
   "geometry": {
    "type": "Point",
    "coordinates": [
     194303.062,
     547068.843
    ]
   },
   "properties": {
    "pid": "체육관동 부속(원형부) 3층-7",
    "school": "여의도중학교",
    "kind": "교사동 창면",
    "dong": "체육관동 부속(원형부)",
    "floor": 3,
    "source": "도면기준",
    "z_m": 9.55,
    "s2_total_h": 3.17,
    "s2_cont_h": 2.17,
    "s2_pass_a": true,
    "s1_pass_a": true,
    "change_cd": "keep_ok",
    "변화": "유지 충족"
   }
  },
  {
   "type": "Feature",
   "geometry": {
    "type": "Point",
    "coordinates": [
     194303.062,
     547068.843
    ]
   },
   "properties": {
    "pid": "체육관동 부속(원형부) 4층-7",
    "school": "여의도중학교",
    "kind": "교사동 창면",
    "dong": "체육관동 부속(원형부)",
    "floor": 4,
    "source": "도면기준",
    "z_m": 13.15,
    "s2_total_h": 3.5,
    "s2_cont_h": 2.17,
    "s2_pass_a": true,
    "s1_pass_a": true,
    "change_cd": "keep_ok",
    "변화": "유지 충족"
   }
  },
  {
   "type": "Feature",
   "geometry": {
    "type": "Point",
    "coordinates": [
     194305.335,
     547066.051
    ]
   },
   "properties": {
    "pid": "체육관동 부속(원형부) 1층-8",
    "school": "여의도중학교",
    "kind": "교사동 창면",
    "dong": "체육관동 부속(원형부)",
    "floor": 1,
    "source": "도면기준",
    "z_m": 2.05,
    "s2_total_h": 1.83,
    "s2_cont_h": 1.5,
    "s2_pass_a": false,
    "s1_pass_a": false,
    "change_cd": "keep_fail",
    "변화": "유지 불충족"
   }
  },
  {
   "type": "Feature",
   "geometry": {
    "type": "Point",
    "coordinates": [
     194305.335,
     547066.051
    ]
   },
   "properties": {
    "pid": "체육관동 부속(원형부) 2층-8",
    "school": "여의도중학교",
    "kind": "교사동 창면",
    "dong": "체육관동 부속(원형부)",
    "floor": 2,
    "source": "도면기준",
    "z_m": 5.95,
    "s2_total_h": 3.0,
    "s2_cont_h": 2.17,
    "s2_pass_a": true,
    "s1_pass_a": true,
    "change_cd": "keep_ok",
    "변화": "유지 충족"
   }
  },
  {
   "type": "Feature",
   "geometry": {
    "type": "Point",
    "coordinates": [
     194305.335,
     547066.051
    ]
   },
   "properties": {
    "pid": "체육관동 부속(원형부) 3층-8",
    "school": "여의도중학교",
    "kind": "교사동 창면",
    "dong": "체육관동 부속(원형부)",
    "floor": 3,
    "source": "도면기준",
    "z_m": 9.55,
    "s2_total_h": 3.33,
    "s2_cont_h": 2.17,
    "s2_pass_a": true,
    "s1_pass_a": true,
    "change_cd": "keep_ok",
    "변화": "유지 충족"
   }
  },
  {
   "type": "Feature",
   "geometry": {
    "type": "Point",
    "coordinates": [
     194305.335,
     547066.051
    ]
   },
   "properties": {
    "pid": "체육관동 부속(원형부) 4층-8",
    "school": "여의도중학교",
    "kind": "교사동 창면",
    "dong": "체육관동 부속(원형부)",
    "floor": 4,
    "source": "도면기준",
    "z_m": 13.15,
    "s2_total_h": 3.5,
    "s2_cont_h": 2.17,
    "s2_pass_a": true,
    "s1_pass_a": true,
    "change_cd": "keep_ok",
    "변화": "유지 충족"
   }
  },
  {
   "type": "Feature",
   "geometry": {
    "type": "Point",
    "coordinates": [
     194310.018,
     547068.712
    ]
   },
   "properties": {
    "pid": "체육관동 부속(원형부) 1층-9",
    "school": "여의도중학교",
    "kind": "교사동 창면",
    "dong": "체육관동 부속(원형부)",
    "floor": 1,
    "source": "도면기준",
    "z_m": 2.05,
    "s2_total_h": 0.67,
    "s2_cont_h": 0.67,
    "s2_pass_a": false,
    "s1_pass_a": false,
    "change_cd": "keep_fail",
    "변화": "유지 불충족"
   }
  },
  {
   "type": "Feature",
   "geometry": {
    "type": "Point",
    "coordinates": [
     194310.018,
     547068.712
    ]
   },
   "properties": {
    "pid": "체육관동 부속(원형부) 2층-9",
    "school": "여의도중학교",
    "kind": "교사동 창면",
    "dong": "체육관동 부속(원형부)",
    "floor": 2,
    "source": "도면기준",
    "z_m": 5.95,
    "s2_total_h": 0.83,
    "s2_cont_h": 0.83,
    "s2_pass_a": false,
    "s1_pass_a": false,
    "change_cd": "keep_fail",
    "변화": "유지 불충족"
   }
  },
  {
   "type": "Feature",
   "geometry": {
    "type": "Point",
    "coordinates": [
     194310.018,
     547068.712
    ]
   },
   "properties": {
    "pid": "체육관동 부속(원형부) 3층-9",
    "school": "여의도중학교",
    "kind": "교사동 창면",
    "dong": "체육관동 부속(원형부)",
    "floor": 3,
    "source": "도면기준",
    "z_m": 9.55,
    "s2_total_h": 1.0,
    "s2_cont_h": 1.0,
    "s2_pass_a": false,
    "s1_pass_a": false,
    "change_cd": "keep_fail",
    "변화": "유지 불충족"
   }
  },
  {
   "type": "Feature",
   "geometry": {
    "type": "Point",
    "coordinates": [
     194310.018,
     547068.712
    ]
   },
   "properties": {
    "pid": "체육관동 부속(원형부) 4층-9",
    "school": "여의도중학교",
    "kind": "교사동 창면",
    "dong": "체육관동 부속(원형부)",
    "floor": 4,
    "source": "도면기준",
    "z_m": 13.15,
    "s2_total_h": 1.33,
    "s2_cont_h": 1.0,
    "s2_pass_a": false,
    "s1_pass_a": false,
    "change_cd": "keep_fail",
    "변화": "유지 불충족"
   }
  },
  {
   "type": "Feature",
   "geometry": {
    "type": "Point",
    "coordinates": [
     194312.812,
     547070.982
    ]
   },
   "properties": {
    "pid": "체육관동 부속(원형부) 1층-10",
    "school": "여의도중학교",
    "kind": "교사동 창면",
    "dong": "체육관동 부속(원형부)",
    "floor": 1,
    "source": "도면기준",
    "z_m": 2.05,
    "s2_total_h": 0.0,
    "s2_cont_h": 0.0,
    "s2_pass_a": false,
    "s1_pass_a": false,
    "change_cd": "keep_fail",
    "변화": "유지 불충족"
   }
  },
  {
   "type": "Feature",
   "geometry": {
    "type": "Point",
    "coordinates": [
     194312.812,
     547070.982
    ]
   },
   "properties": {
    "pid": "체육관동 부속(원형부) 2층-10",
    "school": "여의도중학교",
    "kind": "교사동 창면",
    "dong": "체육관동 부속(원형부)",
    "floor": 2,
    "source": "도면기준",
    "z_m": 5.95,
    "s2_total_h": 0.0,
    "s2_cont_h": 0.0,
    "s2_pass_a": false,
    "s1_pass_a": false,
    "change_cd": "keep_fail",
    "변화": "유지 불충족"
   }
  },
  {
   "type": "Feature",
   "geometry": {
    "type": "Point",
    "coordinates": [
     194312.812,
     547070.982
    ]
   },
   "properties": {
    "pid": "체육관동 부속(원형부) 3층-10",
    "school": "여의도중학교",
    "kind": "교사동 창면",
    "dong": "체육관동 부속(원형부)",
    "floor": 3,
    "source": "도면기준",
    "z_m": 9.55,
    "s2_total_h": 0.0,
    "s2_cont_h": 0.0,
    "s2_pass_a": false,
    "s1_pass_a": false,
    "change_cd": "keep_fail",
    "변화": "유지 불충족"
   }
  },
  {
   "type": "Feature",
   "geometry": {
    "type": "Point",
    "coordinates": [
     194312.812,
     547070.982
    ]
   },
   "properties": {
    "pid": "체육관동 부속(원형부) 4층-10",
    "school": "여의도중학교",
    "kind": "교사동 창면",
    "dong": "체육관동 부속(원형부)",
    "floor": 4,
    "source": "도면기준",
    "z_m": 13.15,
    "s2_total_h": 0.5,
    "s2_cont_h": 0.5,
    "s2_pass_a": false,
    "s1_pass_a": false,
    "change_cd": "keep_fail",
    "변화": "유지 불충족"
   }
  },
  {
   "type": "Feature",
   "geometry": {
    "type": "Point",
    "coordinates": [
     194317.004,
     547074.386
    ]
   },
   "properties": {
    "pid": "체육관동 부속(원형부) 1층-11",
    "school": "여의도중학교",
    "kind": "교사동 창면",
    "dong": "체육관동 부속(원형부)",
    "floor": 1,
    "source": "도면기준",
    "z_m": 2.05,
    "s2_total_h": 0.0,
    "s2_cont_h": 0.0,
    "s2_pass_a": false,
    "s1_pass_a": false,
    "change_cd": "keep_fail",
    "변화": "유지 불충족"
   }
  },
  {
   "type": "Feature",
   "geometry": {
    "type": "Point",
    "coordinates": [
     194317.004,
     547074.386
    ]
   },
   "properties": {
    "pid": "체육관동 부속(원형부) 2층-11",
    "school": "여의도중학교",
    "kind": "교사동 창면",
    "dong": "체육관동 부속(원형부)",
    "floor": 2,
    "source": "도면기준",
    "z_m": 5.95,
    "s2_total_h": 0.0,
    "s2_cont_h": 0.0,
    "s2_pass_a": false,
    "s1_pass_a": false,
    "change_cd": "keep_fail",
    "변화": "유지 불충족"
   }
  },
  {
   "type": "Feature",
   "geometry": {
    "type": "Point",
    "coordinates": [
     194317.004,
     547074.386
    ]
   },
   "properties": {
    "pid": "체육관동 부속(원형부) 3층-11",
    "school": "여의도중학교",
    "kind": "교사동 창면",
    "dong": "체육관동 부속(원형부)",
    "floor": 3,
    "source": "도면기준",
    "z_m": 9.55,
    "s2_total_h": 0.0,
    "s2_cont_h": 0.0,
    "s2_pass_a": false,
    "s1_pass_a": false,
    "change_cd": "keep_fail",
    "변화": "유지 불충족"
   }
  },
  {
   "type": "Feature",
   "geometry": {
    "type": "Point",
    "coordinates": [
     194317.004,
     547074.386
    ]
   },
   "properties": {
    "pid": "체육관동 부속(원형부) 4층-11",
    "school": "여의도중학교",
    "kind": "교사동 창면",
    "dong": "체육관동 부속(원형부)",
    "floor": 4,
    "source": "도면기준",
    "z_m": 13.15,
    "s2_total_h": 0.5,
    "s2_cont_h": 0.5,
    "s2_pass_a": false,
    "s1_pass_a": false,
    "change_cd": "keep_fail",
    "변화": "유지 불충족"
   }
  },
  {
   "type": "Feature",
   "geometry": {
    "type": "Point",
    "coordinates": [
     194319.798,
     547076.656
    ]
   },
   "properties": {
    "pid": "체육관동 부속(원형부) 1층-12",
    "school": "여의도중학교",
    "kind": "교사동 창면",
    "dong": "체육관동 부속(원형부)",
    "floor": 1,
    "source": "도면기준",
    "z_m": 2.05,
    "s2_total_h": 0.0,
    "s2_cont_h": 0.0,
    "s2_pass_a": false,
    "s1_pass_a": false,
    "change_cd": "keep_fail",
    "변화": "유지 불충족"
   }
  },
  {
   "type": "Feature",
   "geometry": {
    "type": "Point",
    "coordinates": [
     194319.798,
     547076.656
    ]
   },
   "properties": {
    "pid": "체육관동 부속(원형부) 2층-12",
    "school": "여의도중학교",
    "kind": "교사동 창면",
    "dong": "체육관동 부속(원형부)",
    "floor": 2,
    "source": "도면기준",
    "z_m": 5.95,
    "s2_total_h": 0.0,
    "s2_cont_h": 0.0,
    "s2_pass_a": false,
    "s1_pass_a": false,
    "change_cd": "keep_fail",
    "변화": "유지 불충족"
   }
  },
  {
   "type": "Feature",
   "geometry": {
    "type": "Point",
    "coordinates": [
     194319.798,
     547076.656
    ]
   },
   "properties": {
    "pid": "체육관동 부속(원형부) 3층-12",
    "school": "여의도중학교",
    "kind": "교사동 창면",
    "dong": "체육관동 부속(원형부)",
    "floor": 3,
    "source": "도면기준",
    "z_m": 9.55,
    "s2_total_h": 0.17,
    "s2_cont_h": 0.17,
    "s2_pass_a": false,
    "s1_pass_a": false,
    "change_cd": "keep_fail",
    "변화": "유지 불충족"
   }
  },
  {
   "type": "Feature",
   "geometry": {
    "type": "Point",
    "coordinates": [
     194319.798,
     547076.656
    ]
   },
   "properties": {
    "pid": "체육관동 부속(원형부) 4층-12",
    "school": "여의도중학교",
    "kind": "교사동 창면",
    "dong": "체육관동 부속(원형부)",
    "floor": 4,
    "source": "도면기준",
    "z_m": 13.15,
    "s2_total_h": 0.5,
    "s2_cont_h": 0.5,
    "s2_pass_a": false,
    "s1_pass_a": false,
    "change_cd": "keep_fail",
    "변화": "유지 불충족"
   }
  },
  {
   "type": "Feature",
   "geometry": {
    "type": "Point",
    "coordinates": [
     194351.777,
     547042.132
    ]
   },
   "properties": {
    "pid": "여의도중학교 운동장-1",
    "school": "여의도중학교",
    "kind": "운동장 지반",
    "dong": "여의도중학교 운동장",
    "floor": 0,
    "source": "옥외지반 근사",
    "z_m": 0.0,
    "s2_total_h": 4.0,
    "s2_cont_h": 4.0,
    "s2_pass_a": true,
    "s1_pass_a": true,
    "change_cd": "keep_ok",
    "변화": "유지 충족"
   }
  },
  {
   "type": "Feature",
   "geometry": {
    "type": "Point",
    "coordinates": [
     194359.777,
     547042.132
    ]
   },
   "properties": {
    "pid": "여의도중학교 운동장-2",
    "school": "여의도중학교",
    "kind": "운동장 지반",
    "dong": "여의도중학교 운동장",
    "floor": 0,
    "source": "옥외지반 근사",
    "z_m": 0.0,
    "s2_total_h": 4.17,
    "s2_cont_h": 4.17,
    "s2_pass_a": true,
    "s1_pass_a": true,
    "change_cd": "keep_ok",
    "변화": "유지 충족"
   }
  },
  {
   "type": "Feature",
   "geometry": {
    "type": "Point",
    "coordinates": [
     194367.777,
     547042.132
    ]
   },
   "properties": {
    "pid": "여의도중학교 운동장-3",
    "school": "여의도중학교",
    "kind": "운동장 지반",
    "dong": "여의도중학교 운동장",
    "floor": 0,
    "source": "옥외지반 근사",
    "z_m": 0.0,
    "s2_total_h": 4.0,
    "s2_cont_h": 4.0,
    "s2_pass_a": true,
    "s1_pass_a": true,
    "change_cd": "keep_ok",
    "변화": "유지 충족"
   }
  },
  {
   "type": "Feature",
   "geometry": {
    "type": "Point",
    "coordinates": [
     194319.777,
     547050.132
    ]
   },
   "properties": {
    "pid": "여의도중학교 운동장-4",
    "school": "여의도중학교",
    "kind": "운동장 지반",
    "dong": "여의도중학교 운동장",
    "floor": 0,
    "source": "옥외지반 근사",
    "z_m": 0.0,
    "s2_total_h": 3.0,
    "s2_cont_h": 3.0,
    "s2_pass_a": true,
    "s1_pass_a": true,
    "change_cd": "keep_ok",
    "변화": "유지 충족"
   }
  },
  {
   "type": "Feature",
   "geometry": {
    "type": "Point",
    "coordinates": [
     194327.777,
     547050.132
    ]
   },
   "properties": {
    "pid": "여의도중학교 운동장-5",
    "school": "여의도중학교",
    "kind": "운동장 지반",
    "dong": "여의도중학교 운동장",
    "floor": 0,
    "source": "옥외지반 근사",
    "z_m": 0.0,
    "s2_total_h": 3.67,
    "s2_cont_h": 3.67,
    "s2_pass_a": true,
    "s1_pass_a": true,
    "change_cd": "keep_ok",
    "변화": "유지 충족"
   }
  },
  {
   "type": "Feature",
   "geometry": {
    "type": "Point",
    "coordinates": [
     194335.777,
     547050.132
    ]
   },
   "properties": {
    "pid": "여의도중학교 운동장-6",
    "school": "여의도중학교",
    "kind": "운동장 지반",
    "dong": "여의도중학교 운동장",
    "floor": 0,
    "source": "옥외지반 근사",
    "z_m": 0.0,
    "s2_total_h": 4.33,
    "s2_cont_h": 3.83,
    "s2_pass_a": true,
    "s1_pass_a": true,
    "change_cd": "keep_ok",
    "변화": "유지 충족"
   }
  },
  {
   "type": "Feature",
   "geometry": {
    "type": "Point",
    "coordinates": [
     194343.777,
     547050.132
    ]
   },
   "properties": {
    "pid": "여의도중학교 운동장-7",
    "school": "여의도중학교",
    "kind": "운동장 지반",
    "dong": "여의도중학교 운동장",
    "floor": 0,
    "source": "옥외지반 근사",
    "z_m": 0.0,
    "s2_total_h": 4.33,
    "s2_cont_h": 4.0,
    "s2_pass_a": true,
    "s1_pass_a": true,
    "change_cd": "keep_ok",
    "변화": "유지 충족"
   }
  },
  {
   "type": "Feature",
   "geometry": {
    "type": "Point",
    "coordinates": [
     194351.777,
     547050.132
    ]
   },
   "properties": {
    "pid": "여의도중학교 운동장-8",
    "school": "여의도중학교",
    "kind": "운동장 지반",
    "dong": "여의도중학교 운동장",
    "floor": 0,
    "source": "옥외지반 근사",
    "z_m": 0.0,
    "s2_total_h": 4.33,
    "s2_cont_h": 4.17,
    "s2_pass_a": true,
    "s1_pass_a": true,
    "change_cd": "keep_ok",
    "변화": "유지 충족"
   }
  },
  {
   "type": "Feature",
   "geometry": {
    "type": "Point",
    "coordinates": [
     194359.777,
     547050.132
    ]
   },
   "properties": {
    "pid": "여의도중학교 운동장-9",
    "school": "여의도중학교",
    "kind": "운동장 지반",
    "dong": "여의도중학교 운동장",
    "floor": 0,
    "source": "옥외지반 근사",
    "z_m": 0.0,
    "s2_total_h": 4.33,
    "s2_cont_h": 4.33,
    "s2_pass_a": true,
    "s1_pass_a": true,
    "change_cd": "keep_ok",
    "변화": "유지 충족"
   }
  },
  {
   "type": "Feature",
   "geometry": {
    "type": "Point",
    "coordinates": [
     194367.777,
     547050.132
    ]
   },
   "properties": {
    "pid": "여의도중학교 운동장-10",
    "school": "여의도중학교",
    "kind": "운동장 지반",
    "dong": "여의도중학교 운동장",
    "floor": 0,
    "source": "옥외지반 근사",
    "z_m": 0.0,
    "s2_total_h": 4.33,
    "s2_cont_h": 4.33,
    "s2_pass_a": true,
    "s1_pass_a": true,
    "change_cd": "keep_ok",
    "변화": "유지 충족"
   }
  },
  {
   "type": "Feature",
   "geometry": {
    "type": "Point",
    "coordinates": [
     194311.777,
     547058.132
    ]
   },
   "properties": {
    "pid": "여의도중학교 운동장-11",
    "school": "여의도중학교",
    "kind": "운동장 지반",
    "dong": "여의도중학교 운동장",
    "floor": 0,
    "source": "옥외지반 근사",
    "z_m": 0.0,
    "s2_total_h": 2.33,
    "s2_cont_h": 2.33,
    "s2_pass_a": true,
    "s1_pass_a": true,
    "change_cd": "keep_ok",
    "변화": "유지 충족"
   }
  },
  {
   "type": "Feature",
   "geometry": {
    "type": "Point",
    "coordinates": [
     194327.777,
     547058.132
    ]
   },
   "properties": {
    "pid": "여의도중학교 운동장-12",
    "school": "여의도중학교",
    "kind": "운동장 지반",
    "dong": "여의도중학교 운동장",
    "floor": 0,
    "source": "옥외지반 근사",
    "z_m": 0.0,
    "s2_total_h": 3.83,
    "s2_cont_h": 3.83,
    "s2_pass_a": true,
    "s1_pass_a": true,
    "change_cd": "keep_ok",
    "변화": "유지 충족"
   }
  },
  {
   "type": "Feature",
   "geometry": {
    "type": "Point",
    "coordinates": [
     194335.777,
     547058.132
    ]
   },
   "properties": {
    "pid": "여의도중학교 운동장-13",
    "school": "여의도중학교",
    "kind": "운동장 지반",
    "dong": "여의도중학교 운동장",
    "floor": 0,
    "source": "옥외지반 근사",
    "z_m": 0.0,
    "s2_total_h": 4.17,
    "s2_cont_h": 4.0,
    "s2_pass_a": true,
    "s1_pass_a": true,
    "change_cd": "keep_ok",
    "변화": "유지 충족"
   }
  },
  {
   "type": "Feature",
   "geometry": {
    "type": "Point",
    "coordinates": [
     194343.777,
     547058.132
    ]
   },
   "properties": {
    "pid": "여의도중학교 운동장-14",
    "school": "여의도중학교",
    "kind": "운동장 지반",
    "dong": "여의도중학교 운동장",
    "floor": 0,
    "source": "옥외지반 근사",
    "z_m": 0.0,
    "s2_total_h": 4.33,
    "s2_cont_h": 4.0,
    "s2_pass_a": true,
    "s1_pass_a": true,
    "change_cd": "keep_ok",
    "변화": "유지 충족"
   }
  },
  {
   "type": "Feature",
   "geometry": {
    "type": "Point",
    "coordinates": [
     194351.777,
     547058.132
    ]
   },
   "properties": {
    "pid": "여의도중학교 운동장-15",
    "school": "여의도중학교",
    "kind": "운동장 지반",
    "dong": "여의도중학교 운동장",
    "floor": 0,
    "source": "옥외지반 근사",
    "z_m": 0.0,
    "s2_total_h": 4.67,
    "s2_cont_h": 4.33,
    "s2_pass_a": true,
    "s1_pass_a": true,
    "change_cd": "keep_ok",
    "변화": "유지 충족"
   }
  },
  {
   "type": "Feature",
   "geometry": {
    "type": "Point",
    "coordinates": [
     194359.777,
     547058.132
    ]
   },
   "properties": {
    "pid": "여의도중학교 운동장-16",
    "school": "여의도중학교",
    "kind": "운동장 지반",
    "dong": "여의도중학교 운동장",
    "floor": 0,
    "source": "옥외지반 근사",
    "z_m": 0.0,
    "s2_total_h": 4.5,
    "s2_cont_h": 4.33,
    "s2_pass_a": true,
    "s1_pass_a": true,
    "change_cd": "keep_ok",
    "변화": "유지 충족"
   }
  },
  {
   "type": "Feature",
   "geometry": {
    "type": "Point",
    "coordinates": [
     194367.777,
     547058.132
    ]
   },
   "properties": {
    "pid": "여의도중학교 운동장-17",
    "school": "여의도중학교",
    "kind": "운동장 지반",
    "dong": "여의도중학교 운동장",
    "floor": 0,
    "source": "옥외지반 근사",
    "z_m": 0.0,
    "s2_total_h": 4.5,
    "s2_cont_h": 4.5,
    "s2_pass_a": true,
    "s1_pass_a": true,
    "change_cd": "keep_ok",
    "변화": "유지 충족"
   }
  },
  {
   "type": "Feature",
   "geometry": {
    "type": "Point",
    "coordinates": [
     194303.777,
     547066.132
    ]
   },
   "properties": {
    "pid": "여의도중학교 운동장-18",
    "school": "여의도중학교",
    "kind": "운동장 지반",
    "dong": "여의도중학교 운동장",
    "floor": 0,
    "source": "옥외지반 근사",
    "z_m": 0.0,
    "s2_total_h": 2.0,
    "s2_cont_h": 2.0,
    "s2_pass_a": true,
    "s1_pass_a": true,
    "change_cd": "keep_ok",
    "변화": "유지 충족"
   }
  },
  {
   "type": "Feature",
   "geometry": {
    "type": "Point",
    "coordinates": [
     194335.777,
     547066.132
    ]
   },
   "properties": {
    "pid": "여의도중학교 운동장-19",
    "school": "여의도중학교",
    "kind": "운동장 지반",
    "dong": "여의도중학교 운동장",
    "floor": 0,
    "source": "옥외지반 근사",
    "z_m": 0.0,
    "s2_total_h": 4.67,
    "s2_cont_h": 4.0,
    "s2_pass_a": true,
    "s1_pass_a": true,
    "change_cd": "keep_ok",
    "변화": "유지 충족"
   }
  },
  {
   "type": "Feature",
   "geometry": {
    "type": "Point",
    "coordinates": [
     194343.777,
     547066.132
    ]
   },
   "properties": {
    "pid": "여의도중학교 운동장-20",
    "school": "여의도중학교",
    "kind": "운동장 지반",
    "dong": "여의도중학교 운동장",
    "floor": 0,
    "source": "옥외지반 근사",
    "z_m": 0.0,
    "s2_total_h": 4.67,
    "s2_cont_h": 4.17,
    "s2_pass_a": true,
    "s1_pass_a": true,
    "change_cd": "keep_ok",
    "변화": "유지 충족"
   }
  },
  {
   "type": "Feature",
   "geometry": {
    "type": "Point",
    "coordinates": [
     194351.777,
     547066.132
    ]
   },
   "properties": {
    "pid": "여의도중학교 운동장-21",
    "school": "여의도중학교",
    "kind": "운동장 지반",
    "dong": "여의도중학교 운동장",
    "floor": 0,
    "source": "옥외지반 근사",
    "z_m": 0.0,
    "s2_total_h": 4.67,
    "s2_cont_h": 4.33,
    "s2_pass_a": true,
    "s1_pass_a": true,
    "change_cd": "keep_ok",
    "변화": "유지 충족"
   }
  },
  {
   "type": "Feature",
   "geometry": {
    "type": "Point",
    "coordinates": [
     194359.777,
     547066.132
    ]
   },
   "properties": {
    "pid": "여의도중학교 운동장-22",
    "school": "여의도중학교",
    "kind": "운동장 지반",
    "dong": "여의도중학교 운동장",
    "floor": 0,
    "source": "옥외지반 근사",
    "z_m": 0.0,
    "s2_total_h": 4.5,
    "s2_cont_h": 4.33,
    "s2_pass_a": true,
    "s1_pass_a": true,
    "change_cd": "keep_ok",
    "변화": "유지 충족"
   }
  },
  {
   "type": "Feature",
   "geometry": {
    "type": "Point",
    "coordinates": [
     194367.777,
     547066.132
    ]
   },
   "properties": {
    "pid": "여의도중학교 운동장-23",
    "school": "여의도중학교",
    "kind": "운동장 지반",
    "dong": "여의도중학교 운동장",
    "floor": 0,
    "source": "옥외지반 근사",
    "z_m": 0.0,
    "s2_total_h": 4.33,
    "s2_cont_h": 4.33,
    "s2_pass_a": true,
    "s1_pass_a": true,
    "change_cd": "keep_ok",
    "변화": "유지 충족"
   }
  },
  {
   "type": "Feature",
   "geometry": {
    "type": "Point",
    "coordinates": [
     194343.777,
     547074.132
    ]
   },
   "properties": {
    "pid": "여의도중학교 운동장-24",
    "school": "여의도중학교",
    "kind": "운동장 지반",
    "dong": "여의도중학교 운동장",
    "floor": 0,
    "source": "옥외지반 근사",
    "z_m": 0.0,
    "s2_total_h": 4.5,
    "s2_cont_h": 4.0,
    "s2_pass_a": true,
    "s1_pass_a": true,
    "change_cd": "keep_ok",
    "변화": "유지 충족"
   }
  },
  {
   "type": "Feature",
   "geometry": {
    "type": "Point",
    "coordinates": [
     194351.777,
     547074.132
    ]
   },
   "properties": {
    "pid": "여의도중학교 운동장-25",
    "school": "여의도중학교",
    "kind": "운동장 지반",
    "dong": "여의도중학교 운동장",
    "floor": 0,
    "source": "옥외지반 근사",
    "z_m": 0.0,
    "s2_total_h": 4.67,
    "s2_cont_h": 4.0,
    "s2_pass_a": true,
    "s1_pass_a": true,
    "change_cd": "keep_ok",
    "변화": "유지 충족"
   }
  },
  {
   "type": "Feature",
   "geometry": {
    "type": "Point",
    "coordinates": [
     194359.777,
     547074.132
    ]
   },
   "properties": {
    "pid": "여의도중학교 운동장-26",
    "school": "여의도중학교",
    "kind": "운동장 지반",
    "dong": "여의도중학교 운동장",
    "floor": 0,
    "source": "옥외지반 근사",
    "z_m": 0.0,
    "s2_total_h": 4.83,
    "s2_cont_h": 4.17,
    "s2_pass_a": true,
    "s1_pass_a": true,
    "change_cd": "keep_ok",
    "변화": "유지 충족"
   }
  },
  {
   "type": "Feature",
   "geometry": {
    "type": "Point",
    "coordinates": [
     194327.777,
     547082.132
    ]
   },
   "properties": {
    "pid": "여의도중학교 운동장-27",
    "school": "여의도중학교",
    "kind": "운동장 지반",
    "dong": "여의도중학교 운동장",
    "floor": 0,
    "source": "옥외지반 근사",
    "z_m": 0.0,
    "s2_total_h": 0.0,
    "s2_cont_h": 0.0,
    "s2_pass_a": false,
    "s1_pass_a": false,
    "change_cd": "keep_fail",
    "변화": "유지 불충족"
   }
  },
  {
   "type": "Feature",
   "geometry": {
    "type": "Point",
    "coordinates": [
     194351.777,
     547082.132
    ]
   },
   "properties": {
    "pid": "여의도중학교 운동장-28",
    "school": "여의도중학교",
    "kind": "운동장 지반",
    "dong": "여의도중학교 운동장",
    "floor": 0,
    "source": "옥외지반 근사",
    "z_m": 0.0,
    "s2_total_h": 5.17,
    "s2_cont_h": 4.5,
    "s2_pass_a": true,
    "s1_pass_a": true,
    "change_cd": "keep_ok",
    "변화": "유지 충족"
   }
  },
  {
   "type": "Feature",
   "geometry": {
    "type": "Point",
    "coordinates": [
     194359.777,
     547082.132
    ]
   },
   "properties": {
    "pid": "여의도중학교 운동장-29",
    "school": "여의도중학교",
    "kind": "운동장 지반",
    "dong": "여의도중학교 운동장",
    "floor": 0,
    "source": "옥외지반 근사",
    "z_m": 0.0,
    "s2_total_h": 5.17,
    "s2_cont_h": 4.5,
    "s2_pass_a": true,
    "s1_pass_a": true,
    "change_cd": "keep_ok",
    "변화": "유지 충족"
   }
  },
  {
   "type": "Feature",
   "geometry": {
    "type": "Point",
    "coordinates": [
     194319.777,
     547090.132
    ]
   },
   "properties": {
    "pid": "여의도중학교 운동장-30",
    "school": "여의도중학교",
    "kind": "운동장 지반",
    "dong": "여의도중학교 운동장",
    "floor": 0,
    "source": "옥외지반 근사",
    "z_m": 0.0,
    "s2_total_h": 0.0,
    "s2_cont_h": 0.0,
    "s2_pass_a": false,
    "s1_pass_a": false,
    "change_cd": "keep_fail",
    "변화": "유지 불충족"
   }
  },
  {
   "type": "Feature",
   "geometry": {
    "type": "Point",
    "coordinates": [
     194327.777,
     547090.132
    ]
   },
   "properties": {
    "pid": "여의도중학교 운동장-31",
    "school": "여의도중학교",
    "kind": "운동장 지반",
    "dong": "여의도중학교 운동장",
    "floor": 0,
    "source": "옥외지반 근사",
    "z_m": 0.0,
    "s2_total_h": 0.0,
    "s2_cont_h": 0.0,
    "s2_pass_a": false,
    "s1_pass_a": false,
    "change_cd": "keep_fail",
    "변화": "유지 불충족"
   }
  },
  {
   "type": "Feature",
   "geometry": {
    "type": "Point",
    "coordinates": [
     194351.777,
     547090.132
    ]
   },
   "properties": {
    "pid": "여의도중학교 운동장-32",
    "school": "여의도중학교",
    "kind": "운동장 지반",
    "dong": "여의도중학교 운동장",
    "floor": 0,
    "source": "옥외지반 근사",
    "z_m": 0.0,
    "s2_total_h": 4.83,
    "s2_cont_h": 4.5,
    "s2_pass_a": true,
    "s1_pass_a": true,
    "change_cd": "keep_ok",
    "변화": "유지 충족"
   }
  },
  {
   "type": "Feature",
   "geometry": {
    "type": "Point",
    "coordinates": [
     194359.777,
     547090.132
    ]
   },
   "properties": {
    "pid": "여의도중학교 운동장-33",
    "school": "여의도중학교",
    "kind": "운동장 지반",
    "dong": "여의도중학교 운동장",
    "floor": 0,
    "source": "옥외지반 근사",
    "z_m": 0.0,
    "s2_total_h": 5.5,
    "s2_cont_h": 4.67,
    "s2_pass_a": true,
    "s1_pass_a": true,
    "change_cd": "keep_ok",
    "변화": "유지 충족"
   }
  },
  {
   "type": "Feature",
   "geometry": {
    "type": "Point",
    "coordinates": [
     194311.777,
     547098.132
    ]
   },
   "properties": {
    "pid": "여의도중학교 운동장-34",
    "school": "여의도중학교",
    "kind": "운동장 지반",
    "dong": "여의도중학교 운동장",
    "floor": 0,
    "source": "옥외지반 근사",
    "z_m": 0.0,
    "s2_total_h": 0.0,
    "s2_cont_h": 0.0,
    "s2_pass_a": false,
    "s1_pass_a": false,
    "change_cd": "keep_fail",
    "변화": "유지 불충족"
   }
  },
  {
   "type": "Feature",
   "geometry": {
    "type": "Point",
    "coordinates": [
     194359.777,
     547098.132
    ]
   },
   "properties": {
    "pid": "여의도중학교 운동장-35",
    "school": "여의도중학교",
    "kind": "운동장 지반",
    "dong": "여의도중학교 운동장",
    "floor": 0,
    "source": "옥외지반 근사",
    "z_m": 0.0,
    "s2_total_h": 5.0,
    "s2_cont_h": 4.5,
    "s2_pass_a": true,
    "s1_pass_a": true,
    "change_cd": "keep_ok",
    "변화": "유지 충족"
   }
  },
  {
   "type": "Feature",
   "geometry": {
    "type": "Point",
    "coordinates": [
     194295.777,
     547106.132
    ]
   },
   "properties": {
    "pid": "여의도중학교 운동장-36",
    "school": "여의도중학교",
    "kind": "운동장 지반",
    "dong": "여의도중학교 운동장",
    "floor": 0,
    "source": "옥외지반 근사",
    "z_m": 0.0,
    "s2_total_h": 0.0,
    "s2_cont_h": 0.0,
    "s2_pass_a": false,
    "s1_pass_a": false,
    "change_cd": "keep_fail",
    "변화": "유지 불충족"
   }
  },
  {
   "type": "Feature",
   "geometry": {
    "type": "Point",
    "coordinates": [
     194303.777,
     547106.132
    ]
   },
   "properties": {
    "pid": "여의도중학교 운동장-37",
    "school": "여의도중학교",
    "kind": "운동장 지반",
    "dong": "여의도중학교 운동장",
    "floor": 0,
    "source": "옥외지반 근사",
    "z_m": 0.0,
    "s2_total_h": 0.0,
    "s2_cont_h": 0.0,
    "s2_pass_a": false,
    "s1_pass_a": false,
    "change_cd": "keep_fail",
    "변화": "유지 불충족"
   }
  },
  {
   "type": "Feature",
   "geometry": {
    "type": "Point",
    "coordinates": [
     194311.777,
     547106.132
    ]
   },
   "properties": {
    "pid": "여의도중학교 운동장-38",
    "school": "여의도중학교",
    "kind": "운동장 지반",
    "dong": "여의도중학교 운동장",
    "floor": 0,
    "source": "옥외지반 근사",
    "z_m": 0.0,
    "s2_total_h": 0.0,
    "s2_cont_h": 0.0,
    "s2_pass_a": false,
    "s1_pass_a": false,
    "change_cd": "keep_fail",
    "변화": "유지 불충족"
   }
  },
  {
   "type": "Feature",
   "geometry": {
    "type": "Point",
    "coordinates": [
     194351.777,
     547106.132
    ]
   },
   "properties": {
    "pid": "여의도중학교 운동장-39",
    "school": "여의도중학교",
    "kind": "운동장 지반",
    "dong": "여의도중학교 운동장",
    "floor": 0,
    "source": "옥외지반 근사",
    "z_m": 0.0,
    "s2_total_h": 3.67,
    "s2_cont_h": 3.67,
    "s2_pass_a": true,
    "s1_pass_a": true,
    "change_cd": "keep_ok",
    "변화": "유지 충족"
   }
  },
  {
   "type": "Feature",
   "geometry": {
    "type": "Point",
    "coordinates": [
     194359.777,
     547106.132
    ]
   },
   "properties": {
    "pid": "여의도중학교 운동장-40",
    "school": "여의도중학교",
    "kind": "운동장 지반",
    "dong": "여의도중학교 운동장",
    "floor": 0,
    "source": "옥외지반 근사",
    "z_m": 0.0,
    "s2_total_h": 4.67,
    "s2_cont_h": 4.5,
    "s2_pass_a": true,
    "s1_pass_a": true,
    "change_cd": "keep_ok",
    "변화": "유지 충족"
   }
  },
  {
   "type": "Feature",
   "geometry": {
    "type": "Point",
    "coordinates": [
     194367.777,
     547106.132
    ]
   },
   "properties": {
    "pid": "여의도중학교 운동장-41",
    "school": "여의도중학교",
    "kind": "운동장 지반",
    "dong": "여의도중학교 운동장",
    "floor": 0,
    "source": "옥외지반 근사",
    "z_m": 0.0,
    "s2_total_h": 2.17,
    "s2_cont_h": 1.83,
    "s2_pass_a": false,
    "s1_pass_a": true,
    "change_cd": "new_fail",
    "변화": "신규 불충족"
   }
  },
  {
   "type": "Feature",
   "geometry": {
    "type": "Point",
    "coordinates": [
     194295.777,
     547114.132
    ]
   },
   "properties": {
    "pid": "여의도중학교 운동장-42",
    "school": "여의도중학교",
    "kind": "운동장 지반",
    "dong": "여의도중학교 운동장",
    "floor": 0,
    "source": "옥외지반 근사",
    "z_m": 0.0,
    "s2_total_h": 0.0,
    "s2_cont_h": 0.0,
    "s2_pass_a": false,
    "s1_pass_a": false,
    "change_cd": "keep_fail",
    "변화": "유지 불충족"
   }
  },
  {
   "type": "Feature",
   "geometry": {
    "type": "Point",
    "coordinates": [
     194303.777,
     547114.132
    ]
   },
   "properties": {
    "pid": "여의도중학교 운동장-43",
    "school": "여의도중학교",
    "kind": "운동장 지반",
    "dong": "여의도중학교 운동장",
    "floor": 0,
    "source": "옥외지반 근사",
    "z_m": 0.0,
    "s2_total_h": 0.17,
    "s2_cont_h": 0.17,
    "s2_pass_a": false,
    "s1_pass_a": false,
    "change_cd": "keep_fail",
    "변화": "유지 불충족"
   }
  },
  {
   "type": "Feature",
   "geometry": {
    "type": "Point",
    "coordinates": [
     194311.777,
     547114.132
    ]
   },
   "properties": {
    "pid": "여의도중학교 운동장-44",
    "school": "여의도중학교",
    "kind": "운동장 지반",
    "dong": "여의도중학교 운동장",
    "floor": 0,
    "source": "옥외지반 근사",
    "z_m": 0.0,
    "s2_total_h": 0.33,
    "s2_cont_h": 0.33,
    "s2_pass_a": false,
    "s1_pass_a": false,
    "change_cd": "keep_fail",
    "변화": "유지 불충족"
   }
  },
  {
   "type": "Feature",
   "geometry": {
    "type": "Point",
    "coordinates": [
     194351.777,
     547114.132
    ]
   },
   "properties": {
    "pid": "여의도중학교 운동장-45",
    "school": "여의도중학교",
    "kind": "운동장 지반",
    "dong": "여의도중학교 운동장",
    "floor": 0,
    "source": "옥외지반 근사",
    "z_m": 0.0,
    "s2_total_h": 3.5,
    "s2_cont_h": 3.5,
    "s2_pass_a": true,
    "s1_pass_a": true,
    "change_cd": "keep_ok",
    "변화": "유지 충족"
   }
  },
  {
   "type": "Feature",
   "geometry": {
    "type": "Point",
    "coordinates": [
     194375.777,
     547114.132
    ]
   },
   "properties": {
    "pid": "여의도중학교 운동장-46",
    "school": "여의도중학교",
    "kind": "운동장 지반",
    "dong": "여의도중학교 운동장",
    "floor": 0,
    "source": "옥외지반 근사",
    "z_m": 0.0,
    "s2_total_h": 4.5,
    "s2_cont_h": 4.17,
    "s2_pass_a": true,
    "s1_pass_a": true,
    "change_cd": "keep_ok",
    "변화": "유지 충족"
   }
  },
  {
   "type": "Feature",
   "geometry": {
    "type": "Point",
    "coordinates": [
     194287.777,
     547122.132
    ]
   },
   "properties": {
    "pid": "여의도중학교 운동장-47",
    "school": "여의도중학교",
    "kind": "운동장 지반",
    "dong": "여의도중학교 운동장",
    "floor": 0,
    "source": "옥외지반 근사",
    "z_m": 0.0,
    "s2_total_h": 1.17,
    "s2_cont_h": 0.83,
    "s2_pass_a": false,
    "s1_pass_a": false,
    "change_cd": "keep_fail",
    "변화": "유지 불충족"
   }
  },
  {
   "type": "Feature",
   "geometry": {
    "type": "Point",
    "coordinates": [
     194295.777,
     547122.132
    ]
   },
   "properties": {
    "pid": "여의도중학교 운동장-48",
    "school": "여의도중학교",
    "kind": "운동장 지반",
    "dong": "여의도중학교 운동장",
    "floor": 0,
    "source": "옥외지반 근사",
    "z_m": 0.0,
    "s2_total_h": 0.67,
    "s2_cont_h": 0.67,
    "s2_pass_a": false,
    "s1_pass_a": false,
    "change_cd": "keep_fail",
    "변화": "유지 불충족"
   }
  },
  {
   "type": "Feature",
   "geometry": {
    "type": "Point",
    "coordinates": [
     194303.777,
     547122.132
    ]
   },
   "properties": {
    "pid": "여의도중학교 운동장-49",
    "school": "여의도중학교",
    "kind": "운동장 지반",
    "dong": "여의도중학교 운동장",
    "floor": 0,
    "source": "옥외지반 근사",
    "z_m": 0.0,
    "s2_total_h": 1.0,
    "s2_cont_h": 1.0,
    "s2_pass_a": false,
    "s1_pass_a": false,
    "change_cd": "keep_fail",
    "변화": "유지 불충족"
   }
  },
  {
   "type": "Feature",
   "geometry": {
    "type": "Point",
    "coordinates": [
     194311.777,
     547122.132
    ]
   },
   "properties": {
    "pid": "여의도중학교 운동장-50",
    "school": "여의도중학교",
    "kind": "운동장 지반",
    "dong": "여의도중학교 운동장",
    "floor": 0,
    "source": "옥외지반 근사",
    "z_m": 0.0,
    "s2_total_h": 0.67,
    "s2_cont_h": 0.67,
    "s2_pass_a": false,
    "s1_pass_a": false,
    "change_cd": "keep_fail",
    "변화": "유지 불충족"
   }
  },
  {
   "type": "Feature",
   "geometry": {
    "type": "Point",
    "coordinates": [
     194343.777,
     547122.132
    ]
   },
   "properties": {
    "pid": "여의도중학교 운동장-51",
    "school": "여의도중학교",
    "kind": "운동장 지반",
    "dong": "여의도중학교 운동장",
    "floor": 0,
    "source": "옥외지반 근사",
    "z_m": 0.0,
    "s2_total_h": 2.67,
    "s2_cont_h": 2.67,
    "s2_pass_a": true,
    "s1_pass_a": true,
    "change_cd": "keep_ok",
    "변화": "유지 충족"
   }
  },
  {
   "type": "Feature",
   "geometry": {
    "type": "Point",
    "coordinates": [
     194351.777,
     547122.132
    ]
   },
   "properties": {
    "pid": "여의도중학교 운동장-52",
    "school": "여의도중학교",
    "kind": "운동장 지반",
    "dong": "여의도중학교 운동장",
    "floor": 0,
    "source": "옥외지반 근사",
    "z_m": 0.0,
    "s2_total_h": 3.17,
    "s2_cont_h": 3.17,
    "s2_pass_a": true,
    "s1_pass_a": true,
    "change_cd": "keep_ok",
    "변화": "유지 충족"
   }
  },
  {
   "type": "Feature",
   "geometry": {
    "type": "Point",
    "coordinates": [
     194375.777,
     547122.132
    ]
   },
   "properties": {
    "pid": "여의도중학교 운동장-53",
    "school": "여의도중학교",
    "kind": "운동장 지반",
    "dong": "여의도중학교 운동장",
    "floor": 0,
    "source": "옥외지반 근사",
    "z_m": 0.0,
    "s2_total_h": 3.5,
    "s2_cont_h": 3.5,
    "s2_pass_a": true,
    "s1_pass_a": true,
    "change_cd": "keep_ok",
    "변화": "유지 충족"
   }
  },
  {
   "type": "Feature",
   "geometry": {
    "type": "Point",
    "coordinates": [
     194383.777,
     547122.132
    ]
   },
   "properties": {
    "pid": "여의도중학교 운동장-54",
    "school": "여의도중학교",
    "kind": "운동장 지반",
    "dong": "여의도중학교 운동장",
    "floor": 0,
    "source": "옥외지반 근사",
    "z_m": 0.0,
    "s2_total_h": 3.0,
    "s2_cont_h": 2.0,
    "s2_pass_a": true,
    "s1_pass_a": true,
    "change_cd": "keep_ok",
    "변화": "유지 충족"
   }
  },
  {
   "type": "Feature",
   "geometry": {
    "type": "Point",
    "coordinates": [
     194287.777,
     547130.132
    ]
   },
   "properties": {
    "pid": "여의도중학교 운동장-55",
    "school": "여의도중학교",
    "kind": "운동장 지반",
    "dong": "여의도중학교 운동장",
    "floor": 0,
    "source": "옥외지반 근사",
    "z_m": 0.0,
    "s2_total_h": 2.5,
    "s2_cont_h": 1.17,
    "s2_pass_a": false,
    "s1_pass_a": false,
    "change_cd": "keep_fail",
    "변화": "유지 불충족"
   }
  },
  {
   "type": "Feature",
   "geometry": {
    "type": "Point",
    "coordinates": [
     194295.777,
     547130.132
    ]
   },
   "properties": {
    "pid": "여의도중학교 운동장-56",
    "school": "여의도중학교",
    "kind": "운동장 지반",
    "dong": "여의도중학교 운동장",
    "floor": 0,
    "source": "옥외지반 근사",
    "z_m": 0.0,
    "s2_total_h": 2.67,
    "s2_cont_h": 1.5,
    "s2_pass_a": false,
    "s1_pass_a": false,
    "change_cd": "keep_fail",
    "변화": "유지 불충족"
   }
  },
  {
   "type": "Feature",
   "geometry": {
    "type": "Point",
    "coordinates": [
     194303.777,
     547130.132
    ]
   },
   "properties": {
    "pid": "여의도중학교 운동장-57",
    "school": "여의도중학교",
    "kind": "운동장 지반",
    "dong": "여의도중학교 운동장",
    "floor": 0,
    "source": "옥외지반 근사",
    "z_m": 0.0,
    "s2_total_h": 2.0,
    "s2_cont_h": 1.33,
    "s2_pass_a": false,
    "s1_pass_a": true,
    "change_cd": "new_fail",
    "변화": "신규 불충족"
   }
  },
  {
   "type": "Feature",
   "geometry": {
    "type": "Point",
    "coordinates": [
     194311.777,
     547130.132
    ]
   },
   "properties": {
    "pid": "여의도중학교 운동장-58",
    "school": "여의도중학교",
    "kind": "운동장 지반",
    "dong": "여의도중학교 운동장",
    "floor": 0,
    "source": "옥외지반 근사",
    "z_m": 0.0,
    "s2_total_h": 1.17,
    "s2_cont_h": 0.83,
    "s2_pass_a": false,
    "s1_pass_a": false,
    "change_cd": "keep_fail",
    "변화": "유지 불충족"
   }
  },
  {
   "type": "Feature",
   "geometry": {
    "type": "Point",
    "coordinates": [
     194319.777,
     547130.132
    ]
   },
   "properties": {
    "pid": "여의도중학교 운동장-59",
    "school": "여의도중학교",
    "kind": "운동장 지반",
    "dong": "여의도중학교 운동장",
    "floor": 0,
    "source": "옥외지반 근사",
    "z_m": 0.0,
    "s2_total_h": 0.33,
    "s2_cont_h": 0.33,
    "s2_pass_a": false,
    "s1_pass_a": false,
    "change_cd": "keep_fail",
    "변화": "유지 불충족"
   }
  },
  {
   "type": "Feature",
   "geometry": {
    "type": "Point",
    "coordinates": [
     194327.777,
     547130.132
    ]
   },
   "properties": {
    "pid": "여의도중학교 운동장-60",
    "school": "여의도중학교",
    "kind": "운동장 지반",
    "dong": "여의도중학교 운동장",
    "floor": 0,
    "source": "옥외지반 근사",
    "z_m": 0.0,
    "s2_total_h": 0.17,
    "s2_cont_h": 0.17,
    "s2_pass_a": false,
    "s1_pass_a": false,
    "change_cd": "keep_fail",
    "변화": "유지 불충족"
   }
  },
  {
   "type": "Feature",
   "geometry": {
    "type": "Point",
    "coordinates": [
     194335.777,
     547130.132
    ]
   },
   "properties": {
    "pid": "여의도중학교 운동장-61",
    "school": "여의도중학교",
    "kind": "운동장 지반",
    "dong": "여의도중학교 운동장",
    "floor": 0,
    "source": "옥외지반 근사",
    "z_m": 0.0,
    "s2_total_h": 2.0,
    "s2_cont_h": 2.0,
    "s2_pass_a": true,
    "s1_pass_a": true,
    "change_cd": "keep_ok",
    "변화": "유지 충족"
   }
  },
  {
   "type": "Feature",
   "geometry": {
    "type": "Point",
    "coordinates": [
     194343.777,
     547130.132
    ]
   },
   "properties": {
    "pid": "여의도중학교 운동장-62",
    "school": "여의도중학교",
    "kind": "운동장 지반",
    "dong": "여의도중학교 운동장",
    "floor": 0,
    "source": "옥외지반 근사",
    "z_m": 0.0,
    "s2_total_h": 2.5,
    "s2_cont_h": 2.5,
    "s2_pass_a": true,
    "s1_pass_a": true,
    "change_cd": "keep_ok",
    "변화": "유지 충족"
   }
  },
  {
   "type": "Feature",
   "geometry": {
    "type": "Point",
    "coordinates": [
     194367.777,
     547130.132
    ]
   },
   "properties": {
    "pid": "여의도중학교 운동장-63",
    "school": "여의도중학교",
    "kind": "운동장 지반",
    "dong": "여의도중학교 운동장",
    "floor": 0,
    "source": "옥외지반 근사",
    "z_m": 0.0,
    "s2_total_h": 1.17,
    "s2_cont_h": 1.17,
    "s2_pass_a": false,
    "s1_pass_a": false,
    "change_cd": "keep_fail",
    "변화": "유지 불충족"
   }
  },
  {
   "type": "Feature",
   "geometry": {
    "type": "Point",
    "coordinates": [
     194383.777,
     547130.132
    ]
   },
   "properties": {
    "pid": "여의도중학교 운동장-64",
    "school": "여의도중학교",
    "kind": "운동장 지반",
    "dong": "여의도중학교 운동장",
    "floor": 0,
    "source": "옥외지반 근사",
    "z_m": 0.0,
    "s2_total_h": 3.83,
    "s2_cont_h": 1.67,
    "s2_pass_a": false,
    "s1_pass_a": true,
    "change_cd": "new_fail",
    "변화": "신규 불충족"
   }
  },
  {
   "type": "Feature",
   "geometry": {
    "type": "Point",
    "coordinates": [
     194279.777,
     547138.132
    ]
   },
   "properties": {
    "pid": "여의도중학교 운동장-65",
    "school": "여의도중학교",
    "kind": "운동장 지반",
    "dong": "여의도중학교 운동장",
    "floor": 0,
    "source": "옥외지반 근사",
    "z_m": 0.0,
    "s2_total_h": 4.67,
    "s2_cont_h": 2.5,
    "s2_pass_a": true,
    "s1_pass_a": true,
    "change_cd": "keep_ok",
    "변화": "유지 충족"
   }
  },
  {
   "type": "Feature",
   "geometry": {
    "type": "Point",
    "coordinates": [
     194287.777,
     547138.132
    ]
   },
   "properties": {
    "pid": "여의도중학교 운동장-66",
    "school": "여의도중학교",
    "kind": "운동장 지반",
    "dong": "여의도중학교 운동장",
    "floor": 0,
    "source": "옥외지반 근사",
    "z_m": 0.0,
    "s2_total_h": 4.0,
    "s2_cont_h": 2.0,
    "s2_pass_a": true,
    "s1_pass_a": true,
    "change_cd": "keep_ok",
    "변화": "유지 충족"
   }
  },
  {
   "type": "Feature",
   "geometry": {
    "type": "Point",
    "coordinates": [
     194295.777,
     547138.132
    ]
   },
   "properties": {
    "pid": "여의도중학교 운동장-67",
    "school": "여의도중학교",
    "kind": "운동장 지반",
    "dong": "여의도중학교 운동장",
    "floor": 0,
    "source": "옥외지반 근사",
    "z_m": 0.0,
    "s2_total_h": 3.83,
    "s2_cont_h": 1.67,
    "s2_pass_a": false,
    "s1_pass_a": true,
    "change_cd": "new_fail",
    "변화": "신규 불충족"
   }
  },
  {
   "type": "Feature",
   "geometry": {
    "type": "Point",
    "coordinates": [
     194303.777,
     547138.132
    ]
   },
   "properties": {
    "pid": "여의도중학교 운동장-68",
    "school": "여의도중학교",
    "kind": "운동장 지반",
    "dong": "여의도중학교 운동장",
    "floor": 0,
    "source": "옥외지반 근사",
    "z_m": 0.0,
    "s2_total_h": 2.83,
    "s2_cont_h": 1.0,
    "s2_pass_a": false,
    "s1_pass_a": true,
    "change_cd": "new_fail",
    "변화": "신규 불충족"
   }
  },
  {
   "type": "Feature",
   "geometry": {
    "type": "Point",
    "coordinates": [
     194311.777,
     547138.132
    ]
   },
   "properties": {
    "pid": "여의도중학교 운동장-69",
    "school": "여의도중학교",
    "kind": "운동장 지반",
    "dong": "여의도중학교 운동장",
    "floor": 0,
    "source": "옥외지반 근사",
    "z_m": 0.0,
    "s2_total_h": 2.0,
    "s2_cont_h": 1.0,
    "s2_pass_a": false,
    "s1_pass_a": false,
    "change_cd": "keep_fail",
    "변화": "유지 불충족"
   }
  },
  {
   "type": "Feature",
   "geometry": {
    "type": "Point",
    "coordinates": [
     194319.777,
     547138.132
    ]
   },
   "properties": {
    "pid": "여의도중학교 운동장-70",
    "school": "여의도중학교",
    "kind": "운동장 지반",
    "dong": "여의도중학교 운동장",
    "floor": 0,
    "source": "옥외지반 근사",
    "z_m": 0.0,
    "s2_total_h": 1.5,
    "s2_cont_h": 0.67,
    "s2_pass_a": false,
    "s1_pass_a": false,
    "change_cd": "keep_fail",
    "변화": "유지 불충족"
   }
  },
  {
   "type": "Feature",
   "geometry": {
    "type": "Point",
    "coordinates": [
     194327.777,
     547138.132
    ]
   },
   "properties": {
    "pid": "여의도중학교 운동장-71",
    "school": "여의도중학교",
    "kind": "운동장 지반",
    "dong": "여의도중학교 운동장",
    "floor": 0,
    "source": "옥외지반 근사",
    "z_m": 0.0,
    "s2_total_h": 1.83,
    "s2_cont_h": 1.5,
    "s2_pass_a": false,
    "s1_pass_a": false,
    "change_cd": "keep_fail",
    "변화": "유지 불충족"
   }
  },
  {
   "type": "Feature",
   "geometry": {
    "type": "Point",
    "coordinates": [
     194335.777,
     547138.132
    ]
   },
   "properties": {
    "pid": "여의도중학교 운동장-72",
    "school": "여의도중학교",
    "kind": "운동장 지반",
    "dong": "여의도중학교 운동장",
    "floor": 0,
    "source": "옥외지반 근사",
    "z_m": 0.0,
    "s2_total_h": 1.83,
    "s2_cont_h": 1.83,
    "s2_pass_a": false,
    "s1_pass_a": false,
    "change_cd": "keep_fail",
    "변화": "유지 불충족"
   }
  },
  {
   "type": "Feature",
   "geometry": {
    "type": "Point",
    "coordinates": [
     194367.777,
     547138.132
    ]
   },
   "properties": {
    "pid": "여의도중학교 운동장-73",
    "school": "여의도중학교",
    "kind": "운동장 지반",
    "dong": "여의도중학교 운동장",
    "floor": 0,
    "source": "옥외지반 근사",
    "z_m": 0.0,
    "s2_total_h": 2.17,
    "s2_cont_h": 1.17,
    "s2_pass_a": false,
    "s1_pass_a": false,
    "change_cd": "keep_fail",
    "변화": "유지 불충족"
   }
  },
  {
   "type": "Feature",
   "geometry": {
    "type": "Point",
    "coordinates": [
     194375.777,
     547138.132
    ]
   },
   "properties": {
    "pid": "여의도중학교 운동장-74",
    "school": "여의도중학교",
    "kind": "운동장 지반",
    "dong": "여의도중학교 운동장",
    "floor": 0,
    "source": "옥외지반 근사",
    "z_m": 0.0,
    "s2_total_h": 3.5,
    "s2_cont_h": 1.83,
    "s2_pass_a": false,
    "s1_pass_a": false,
    "change_cd": "keep_fail",
    "변화": "유지 불충족"
   }
  },
  {
   "type": "Feature",
   "geometry": {
    "type": "Point",
    "coordinates": [
     194383.777,
     547138.132
    ]
   },
   "properties": {
    "pid": "여의도중학교 운동장-75",
    "school": "여의도중학교",
    "kind": "운동장 지반",
    "dong": "여의도중학교 운동장",
    "floor": 0,
    "source": "옥외지반 근사",
    "z_m": 0.0,
    "s2_total_h": 4.33,
    "s2_cont_h": 2.67,
    "s2_pass_a": true,
    "s1_pass_a": true,
    "change_cd": "keep_ok",
    "변화": "유지 충족"
   }
  },
  {
   "type": "Feature",
   "geometry": {
    "type": "Point",
    "coordinates": [
     194271.777,
     547146.132
    ]
   },
   "properties": {
    "pid": "여의도중학교 운동장-76",
    "school": "여의도중학교",
    "kind": "운동장 지반",
    "dong": "여의도중학교 운동장",
    "floor": 0,
    "source": "옥외지반 근사",
    "z_m": 0.0,
    "s2_total_h": 4.5,
    "s2_cont_h": 2.5,
    "s2_pass_a": true,
    "s1_pass_a": true,
    "change_cd": "keep_ok",
    "변화": "유지 충족"
   }
  },
  {
   "type": "Feature",
   "geometry": {
    "type": "Point",
    "coordinates": [
     194279.777,
     547146.132
    ]
   },
   "properties": {
    "pid": "여의도중학교 운동장-77",
    "school": "여의도중학교",
    "kind": "운동장 지반",
    "dong": "여의도중학교 운동장",
    "floor": 0,
    "source": "옥외지반 근사",
    "z_m": 0.0,
    "s2_total_h": 4.17,
    "s2_cont_h": 2.17,
    "s2_pass_a": true,
    "s1_pass_a": true,
    "change_cd": "keep_ok",
    "변화": "유지 충족"
   }
  },
  {
   "type": "Feature",
   "geometry": {
    "type": "Point",
    "coordinates": [
     194287.777,
     547146.132
    ]
   },
   "properties": {
    "pid": "여의도중학교 운동장-78",
    "school": "여의도중학교",
    "kind": "운동장 지반",
    "dong": "여의도중학교 운동장",
    "floor": 0,
    "source": "옥외지반 근사",
    "z_m": 0.0,
    "s2_total_h": 4.0,
    "s2_cont_h": 1.83,
    "s2_pass_a": true,
    "s1_pass_a": true,
    "change_cd": "keep_ok",
    "변화": "유지 충족"
   }
  },
  {
   "type": "Feature",
   "geometry": {
    "type": "Point",
    "coordinates": [
     194295.777,
     547146.132
    ]
   },
   "properties": {
    "pid": "여의도중학교 운동장-79",
    "school": "여의도중학교",
    "kind": "운동장 지반",
    "dong": "여의도중학교 운동장",
    "floor": 0,
    "source": "옥외지반 근사",
    "z_m": 0.0,
    "s2_total_h": 3.5,
    "s2_cont_h": 1.5,
    "s2_pass_a": false,
    "s1_pass_a": true,
    "change_cd": "new_fail",
    "변화": "신규 불충족"
   }
  },
  {
   "type": "Feature",
   "geometry": {
    "type": "Point",
    "coordinates": [
     194303.777,
     547146.132
    ]
   },
   "properties": {
    "pid": "여의도중학교 운동장-80",
    "school": "여의도중학교",
    "kind": "운동장 지반",
    "dong": "여의도중학교 운동장",
    "floor": 0,
    "source": "옥외지반 근사",
    "z_m": 0.0,
    "s2_total_h": 3.17,
    "s2_cont_h": 1.17,
    "s2_pass_a": false,
    "s1_pass_a": true,
    "change_cd": "new_fail",
    "변화": "신규 불충족"
   }
  },
  {
   "type": "Feature",
   "geometry": {
    "type": "Point",
    "coordinates": [
     194311.777,
     547146.132
    ]
   },
   "properties": {
    "pid": "여의도중학교 운동장-81",
    "school": "여의도중학교",
    "kind": "운동장 지반",
    "dong": "여의도중학교 운동장",
    "floor": 0,
    "source": "옥외지반 근사",
    "z_m": 0.0,
    "s2_total_h": 2.67,
    "s2_cont_h": 1.0,
    "s2_pass_a": false,
    "s1_pass_a": false,
    "change_cd": "keep_fail",
    "변화": "유지 불충족"
   }
  },
  {
   "type": "Feature",
   "geometry": {
    "type": "Point",
    "coordinates": [
     194319.777,
     547146.132
    ]
   },
   "properties": {
    "pid": "여의도중학교 운동장-82",
    "school": "여의도중학교",
    "kind": "운동장 지반",
    "dong": "여의도중학교 운동장",
    "floor": 0,
    "source": "옥외지반 근사",
    "z_m": 0.0,
    "s2_total_h": 2.67,
    "s2_cont_h": 1.0,
    "s2_pass_a": false,
    "s1_pass_a": false,
    "change_cd": "keep_fail",
    "변화": "유지 불충족"
   }
  },
  {
   "type": "Feature",
   "geometry": {
    "type": "Point",
    "coordinates": [
     194351.777,
     547146.132
    ]
   },
   "properties": {
    "pid": "여의도중학교 운동장-83",
    "school": "여의도중학교",
    "kind": "운동장 지반",
    "dong": "여의도중학교 운동장",
    "floor": 0,
    "source": "옥외지반 근사",
    "z_m": 0.0,
    "s2_total_h": 0.67,
    "s2_cont_h": 0.67,
    "s2_pass_a": false,
    "s1_pass_a": false,
    "change_cd": "keep_fail",
    "변화": "유지 불충족"
   }
  },
  {
   "type": "Feature",
   "geometry": {
    "type": "Point",
    "coordinates": [
     194359.777,
     547146.132
    ]
   },
   "properties": {
    "pid": "여의도중학교 운동장-84",
    "school": "여의도중학교",
    "kind": "운동장 지반",
    "dong": "여의도중학교 운동장",
    "floor": 0,
    "source": "옥외지반 근사",
    "z_m": 0.0,
    "s2_total_h": 2.0,
    "s2_cont_h": 1.17,
    "s2_pass_a": false,
    "s1_pass_a": false,
    "change_cd": "keep_fail",
    "변화": "유지 불충족"
   }
  },
  {
   "type": "Feature",
   "geometry": {
    "type": "Point",
    "coordinates": [
     194367.777,
     547146.132
    ]
   },
   "properties": {
    "pid": "여의도중학교 운동장-85",
    "school": "여의도중학교",
    "kind": "운동장 지반",
    "dong": "여의도중학교 운동장",
    "floor": 0,
    "source": "옥외지반 근사",
    "z_m": 0.0,
    "s2_total_h": 3.5,
    "s2_cont_h": 1.83,
    "s2_pass_a": false,
    "s1_pass_a": false,
    "change_cd": "keep_fail",
    "변화": "유지 불충족"
   }
  },
  {
   "type": "Feature",
   "geometry": {
    "type": "Point",
    "coordinates": [
     194375.777,
     547146.132
    ]
   },
   "properties": {
    "pid": "여의도중학교 운동장-86",
    "school": "여의도중학교",
    "kind": "운동장 지반",
    "dong": "여의도중학교 운동장",
    "floor": 0,
    "source": "옥외지반 근사",
    "z_m": 0.0,
    "s2_total_h": 4.5,
    "s2_cont_h": 2.5,
    "s2_pass_a": true,
    "s1_pass_a": true,
    "change_cd": "keep_ok",
    "변화": "유지 충족"
   }
  },
  {
   "type": "Feature",
   "geometry": {
    "type": "Point",
    "coordinates": [
     194383.777,
     547146.132
    ]
   },
   "properties": {
    "pid": "여의도중학교 운동장-87",
    "school": "여의도중학교",
    "kind": "운동장 지반",
    "dong": "여의도중학교 운동장",
    "floor": 0,
    "source": "옥외지반 근사",
    "z_m": 0.0,
    "s2_total_h": 5.83,
    "s2_cont_h": 5.83,
    "s2_pass_a": true,
    "s1_pass_a": true,
    "change_cd": "keep_ok",
    "변화": "유지 충족"
   }
  },
  {
   "type": "Feature",
   "geometry": {
    "type": "Point",
    "coordinates": [
     194391.777,
     547146.132
    ]
   },
   "properties": {
    "pid": "여의도중학교 운동장-88",
    "school": "여의도중학교",
    "kind": "운동장 지반",
    "dong": "여의도중학교 운동장",
    "floor": 0,
    "source": "옥외지반 근사",
    "z_m": 0.0,
    "s2_total_h": 6.0,
    "s2_cont_h": 5.83,
    "s2_pass_a": true,
    "s1_pass_a": true,
    "change_cd": "keep_ok",
    "변화": "유지 충족"
   }
  },
  {
   "type": "Feature",
   "geometry": {
    "type": "Point",
    "coordinates": [
     194263.777,
     547154.132
    ]
   },
   "properties": {
    "pid": "여의도중학교 운동장-89",
    "school": "여의도중학교",
    "kind": "운동장 지반",
    "dong": "여의도중학교 운동장",
    "floor": 0,
    "source": "옥외지반 근사",
    "z_m": 0.0,
    "s2_total_h": 4.5,
    "s2_cont_h": 2.5,
    "s2_pass_a": true,
    "s1_pass_a": true,
    "change_cd": "keep_ok",
    "변화": "유지 충족"
   }
  },
  {
   "type": "Feature",
   "geometry": {
    "type": "Point",
    "coordinates": [
     194271.777,
     547154.132
    ]
   },
   "properties": {
    "pid": "여의도중학교 운동장-90",
    "school": "여의도중학교",
    "kind": "운동장 지반",
    "dong": "여의도중학교 운동장",
    "floor": 0,
    "source": "옥외지반 근사",
    "z_m": 0.0,
    "s2_total_h": 4.5,
    "s2_cont_h": 2.33,
    "s2_pass_a": true,
    "s1_pass_a": true,
    "change_cd": "keep_ok",
    "변화": "유지 충족"
   }
  },
  {
   "type": "Feature",
   "geometry": {
    "type": "Point",
    "coordinates": [
     194279.777,
     547154.132
    ]
   },
   "properties": {
    "pid": "여의도중학교 운동장-91",
    "school": "여의도중학교",
    "kind": "운동장 지반",
    "dong": "여의도중학교 운동장",
    "floor": 0,
    "source": "옥외지반 근사",
    "z_m": 0.0,
    "s2_total_h": 4.33,
    "s2_cont_h": 2.33,
    "s2_pass_a": true,
    "s1_pass_a": true,
    "change_cd": "keep_ok",
    "변화": "유지 충족"
   }
  },
  {
   "type": "Feature",
   "geometry": {
    "type": "Point",
    "coordinates": [
     194287.777,
     547154.132
    ]
   },
   "properties": {
    "pid": "여의도중학교 운동장-92",
    "school": "여의도중학교",
    "kind": "운동장 지반",
    "dong": "여의도중학교 운동장",
    "floor": 0,
    "source": "옥외지반 근사",
    "z_m": 0.0,
    "s2_total_h": 4.0,
    "s2_cont_h": 2.0,
    "s2_pass_a": true,
    "s1_pass_a": true,
    "change_cd": "keep_ok",
    "변화": "유지 충족"
   }
  },
  {
   "type": "Feature",
   "geometry": {
    "type": "Point",
    "coordinates": [
     194295.777,
     547154.132
    ]
   },
   "properties": {
    "pid": "여의도중학교 운동장-93",
    "school": "여의도중학교",
    "kind": "운동장 지반",
    "dong": "여의도중학교 운동장",
    "floor": 0,
    "source": "옥외지반 근사",
    "z_m": 0.0,
    "s2_total_h": 4.17,
    "s2_cont_h": 1.83,
    "s2_pass_a": true,
    "s1_pass_a": true,
    "change_cd": "keep_ok",
    "변화": "유지 충족"
   }
  },
  {
   "type": "Feature",
   "geometry": {
    "type": "Point",
    "coordinates": [
     194303.777,
     547154.132
    ]
   },
   "properties": {
    "pid": "여의도중학교 운동장-94",
    "school": "여의도중학교",
    "kind": "운동장 지반",
    "dong": "여의도중학교 운동장",
    "floor": 0,
    "source": "옥외지반 근사",
    "z_m": 0.0,
    "s2_total_h": 4.17,
    "s2_cont_h": 1.5,
    "s2_pass_a": true,
    "s1_pass_a": true,
    "change_cd": "keep_ok",
    "변화": "유지 충족"
   }
  },
  {
   "type": "Feature",
   "geometry": {
    "type": "Point",
    "coordinates": [
     194311.777,
     547154.132
    ]
   },
   "properties": {
    "pid": "여의도중학교 운동장-95",
    "school": "여의도중학교",
    "kind": "운동장 지반",
    "dong": "여의도중학교 운동장",
    "floor": 0,
    "source": "옥외지반 근사",
    "z_m": 0.0,
    "s2_total_h": 4.0,
    "s2_cont_h": 1.17,
    "s2_pass_a": true,
    "s1_pass_a": true,
    "change_cd": "keep_ok",
    "변화": "유지 충족"
   }
  },
  {
   "type": "Feature",
   "geometry": {
    "type": "Point",
    "coordinates": [
     194359.777,
     547154.132
    ]
   },
   "properties": {
    "pid": "여의도중학교 운동장-96",
    "school": "여의도중학교",
    "kind": "운동장 지반",
    "dong": "여의도중학교 운동장",
    "floor": 0,
    "source": "옥외지반 근사",
    "z_m": 0.0,
    "s2_total_h": 3.5,
    "s2_cont_h": 1.83,
    "s2_pass_a": false,
    "s1_pass_a": false,
    "change_cd": "keep_fail",
    "변화": "유지 불충족"
   }
  },
  {
   "type": "Feature",
   "geometry": {
    "type": "Point",
    "coordinates": [
     194367.777,
     547154.132
    ]
   },
   "properties": {
    "pid": "여의도중학교 운동장-97",
    "school": "여의도중학교",
    "kind": "운동장 지반",
    "dong": "여의도중학교 운동장",
    "floor": 0,
    "source": "옥외지반 근사",
    "z_m": 0.0,
    "s2_total_h": 4.5,
    "s2_cont_h": 4.5,
    "s2_pass_a": true,
    "s1_pass_a": true,
    "change_cd": "keep_ok",
    "변화": "유지 충족"
   }
  },
  {
   "type": "Feature",
   "geometry": {
    "type": "Point",
    "coordinates": [
     194375.777,
     547154.132
    ]
   },
   "properties": {
    "pid": "여의도중학교 운동장-98",
    "school": "여의도중학교",
    "kind": "운동장 지반",
    "dong": "여의도중학교 운동장",
    "floor": 0,
    "source": "옥외지반 근사",
    "z_m": 0.0,
    "s2_total_h": 5.33,
    "s2_cont_h": 5.33,
    "s2_pass_a": true,
    "s1_pass_a": true,
    "change_cd": "keep_ok",
    "변화": "유지 충족"
   }
  },
  {
   "type": "Feature",
   "geometry": {
    "type": "Point",
    "coordinates": [
     194255.777,
     547162.132
    ]
   },
   "properties": {
    "pid": "여의도중학교 운동장-99",
    "school": "여의도중학교",
    "kind": "운동장 지반",
    "dong": "여의도중학교 운동장",
    "floor": 0,
    "source": "옥외지반 근사",
    "z_m": 0.0,
    "s2_total_h": 4.0,
    "s2_cont_h": 2.33,
    "s2_pass_a": true,
    "s1_pass_a": true,
    "change_cd": "keep_ok",
    "변화": "유지 충족"
   }
  },
  {
   "type": "Feature",
   "geometry": {
    "type": "Point",
    "coordinates": [
     194263.777,
     547162.132
    ]
   },
   "properties": {
    "pid": "여의도중학교 운동장-100",
    "school": "여의도중학교",
    "kind": "운동장 지반",
    "dong": "여의도중학교 운동장",
    "floor": 0,
    "source": "옥외지반 근사",
    "z_m": 0.0,
    "s2_total_h": 4.33,
    "s2_cont_h": 2.33,
    "s2_pass_a": true,
    "s1_pass_a": true,
    "change_cd": "keep_ok",
    "변화": "유지 충족"
   }
  },
  {
   "type": "Feature",
   "geometry": {
    "type": "Point",
    "coordinates": [
     194271.777,
     547162.132
    ]
   },
   "properties": {
    "pid": "여의도중학교 운동장-101",
    "school": "여의도중학교",
    "kind": "운동장 지반",
    "dong": "여의도중학교 운동장",
    "floor": 0,
    "source": "옥외지반 근사",
    "z_m": 0.0,
    "s2_total_h": 4.5,
    "s2_cont_h": 2.33,
    "s2_pass_a": true,
    "s1_pass_a": true,
    "change_cd": "keep_ok",
    "변화": "유지 충족"
   }
  },
  {
   "type": "Feature",
   "geometry": {
    "type": "Point",
    "coordinates": [
     194279.777,
     547162.132
    ]
   },
   "properties": {
    "pid": "여의도중학교 운동장-102",
    "school": "여의도중학교",
    "kind": "운동장 지반",
    "dong": "여의도중학교 운동장",
    "floor": 0,
    "source": "옥외지반 근사",
    "z_m": 0.0,
    "s2_total_h": 4.5,
    "s2_cont_h": 2.33,
    "s2_pass_a": true,
    "s1_pass_a": true,
    "change_cd": "keep_ok",
    "변화": "유지 충족"
   }
  },
  {
   "type": "Feature",
   "geometry": {
    "type": "Point",
    "coordinates": [
     194287.777,
     547162.132
    ]
   },
   "properties": {
    "pid": "여의도중학교 운동장-103",
    "school": "여의도중학교",
    "kind": "운동장 지반",
    "dong": "여의도중학교 운동장",
    "floor": 0,
    "source": "옥외지반 근사",
    "z_m": 0.0,
    "s2_total_h": 4.83,
    "s2_cont_h": 2.17,
    "s2_pass_a": true,
    "s1_pass_a": true,
    "change_cd": "keep_ok",
    "변화": "유지 충족"
   }
  },
  {
   "type": "Feature",
   "geometry": {
    "type": "Point",
    "coordinates": [
     194295.777,
     547162.132
    ]
   },
   "properties": {
    "pid": "여의도중학교 운동장-104",
    "school": "여의도중학교",
    "kind": "운동장 지반",
    "dong": "여의도중학교 운동장",
    "floor": 0,
    "source": "옥외지반 근사",
    "z_m": 0.0,
    "s2_total_h": 5.0,
    "s2_cont_h": 2.17,
    "s2_pass_a": true,
    "s1_pass_a": true,
    "change_cd": "keep_ok",
    "변화": "유지 충족"
   }
  },
  {
   "type": "Feature",
   "geometry": {
    "type": "Point",
    "coordinates": [
     194303.777,
     547162.132
    ]
   },
   "properties": {
    "pid": "여의도중학교 운동장-105",
    "school": "여의도중학교",
    "kind": "운동장 지반",
    "dong": "여의도중학교 운동장",
    "floor": 0,
    "source": "옥외지반 근사",
    "z_m": 0.0,
    "s2_total_h": 5.67,
    "s2_cont_h": 3.33,
    "s2_pass_a": true,
    "s1_pass_a": true,
    "change_cd": "keep_ok",
    "변화": "유지 충족"
   }
  },
  {
   "type": "Feature",
   "geometry": {
    "type": "Point",
    "coordinates": [
     194311.777,
     547162.132
    ]
   },
   "properties": {
    "pid": "여의도중학교 운동장-106",
    "school": "여의도중학교",
    "kind": "운동장 지반",
    "dong": "여의도중학교 운동장",
    "floor": 0,
    "source": "옥외지반 근사",
    "z_m": 0.0,
    "s2_total_h": 5.17,
    "s2_cont_h": 3.17,
    "s2_pass_a": true,
    "s1_pass_a": true,
    "change_cd": "keep_ok",
    "변화": "유지 충족"
   }
  },
  {
   "type": "Feature",
   "geometry": {
    "type": "Point",
    "coordinates": [
     194351.777,
     547162.132
    ]
   },
   "properties": {
    "pid": "여의도중학교 운동장-107",
    "school": "여의도중학교",
    "kind": "운동장 지반",
    "dong": "여의도중학교 운동장",
    "floor": 0,
    "source": "옥외지반 근사",
    "z_m": 0.0,
    "s2_total_h": 3.0,
    "s2_cont_h": 3.0,
    "s2_pass_a": true,
    "s1_pass_a": true,
    "change_cd": "keep_ok",
    "변화": "유지 충족"
   }
  },
  {
   "type": "Feature",
   "geometry": {
    "type": "Point",
    "coordinates": [
     194359.777,
     547162.132
    ]
   },
   "properties": {
    "pid": "여의도중학교 운동장-108",
    "school": "여의도중학교",
    "kind": "운동장 지반",
    "dong": "여의도중학교 운동장",
    "floor": 0,
    "source": "옥외지반 근사",
    "z_m": 0.0,
    "s2_total_h": 4.0,
    "s2_cont_h": 4.0,
    "s2_pass_a": true,
    "s1_pass_a": true,
    "change_cd": "keep_ok",
    "변화": "유지 충족"
   }
  },
  {
   "type": "Feature",
   "geometry": {
    "type": "Point",
    "coordinates": [
     194367.777,
     547162.132
    ]
   },
   "properties": {
    "pid": "여의도중학교 운동장-109",
    "school": "여의도중학교",
    "kind": "운동장 지반",
    "dong": "여의도중학교 운동장",
    "floor": 0,
    "source": "옥외지반 근사",
    "z_m": 0.0,
    "s2_total_h": 4.83,
    "s2_cont_h": 4.83,
    "s2_pass_a": true,
    "s1_pass_a": true,
    "change_cd": "keep_ok",
    "변화": "유지 충족"
   }
  },
  {
   "type": "Feature",
   "geometry": {
    "type": "Point",
    "coordinates": [
     194247.777,
     547170.132
    ]
   },
   "properties": {
    "pid": "여의도중학교 운동장-110",
    "school": "여의도중학교",
    "kind": "운동장 지반",
    "dong": "여의도중학교 운동장",
    "floor": 0,
    "source": "옥외지반 근사",
    "z_m": 0.0,
    "s2_total_h": 3.67,
    "s2_cont_h": 2.33,
    "s2_pass_a": true,
    "s1_pass_a": true,
    "change_cd": "keep_ok",
    "변화": "유지 충족"
   }
  },
  {
   "type": "Feature",
   "geometry": {
    "type": "Point",
    "coordinates": [
     194255.777,
     547170.132
    ]
   },
   "properties": {
    "pid": "여의도중학교 운동장-111",
    "school": "여의도중학교",
    "kind": "운동장 지반",
    "dong": "여의도중학교 운동장",
    "floor": 0,
    "source": "옥외지반 근사",
    "z_m": 0.0,
    "s2_total_h": 3.83,
    "s2_cont_h": 2.33,
    "s2_pass_a": true,
    "s1_pass_a": true,
    "change_cd": "keep_ok",
    "변화": "유지 충족"
   }
  },
  {
   "type": "Feature",
   "geometry": {
    "type": "Point",
    "coordinates": [
     194263.777,
     547170.132
    ]
   },
   "properties": {
    "pid": "여의도중학교 운동장-112",
    "school": "여의도중학교",
    "kind": "운동장 지반",
    "dong": "여의도중학교 운동장",
    "floor": 0,
    "source": "옥외지반 근사",
    "z_m": 0.0,
    "s2_total_h": 4.17,
    "s2_cont_h": 2.5,
    "s2_pass_a": true,
    "s1_pass_a": true,
    "change_cd": "keep_ok",
    "변화": "유지 충족"
   }
  },
  {
   "type": "Feature",
   "geometry": {
    "type": "Point",
    "coordinates": [
     194271.777,
     547170.132
    ]
   },
   "properties": {
    "pid": "여의도중학교 운동장-113",
    "school": "여의도중학교",
    "kind": "운동장 지반",
    "dong": "여의도중학교 운동장",
    "floor": 0,
    "source": "옥외지반 근사",
    "z_m": 0.0,
    "s2_total_h": 4.33,
    "s2_cont_h": 2.5,
    "s2_pass_a": true,
    "s1_pass_a": true,
    "change_cd": "keep_ok",
    "변화": "유지 충족"
   }
  },
  {
   "type": "Feature",
   "geometry": {
    "type": "Point",
    "coordinates": [
     194279.777,
     547170.132
    ]
   },
   "properties": {
    "pid": "여의도중학교 운동장-114",
    "school": "여의도중학교",
    "kind": "운동장 지반",
    "dong": "여의도중학교 운동장",
    "floor": 0,
    "source": "옥외지반 근사",
    "z_m": 0.0,
    "s2_total_h": 5.33,
    "s2_cont_h": 2.67,
    "s2_pass_a": true,
    "s1_pass_a": true,
    "change_cd": "keep_ok",
    "변화": "유지 충족"
   }
  },
  {
   "type": "Feature",
   "geometry": {
    "type": "Point",
    "coordinates": [
     194287.777,
     547170.132
    ]
   },
   "properties": {
    "pid": "여의도중학교 운동장-115",
    "school": "여의도중학교",
    "kind": "운동장 지반",
    "dong": "여의도중학교 운동장",
    "floor": 0,
    "source": "옥외지반 근사",
    "z_m": 0.0,
    "s2_total_h": 5.5,
    "s2_cont_h": 3.33,
    "s2_pass_a": true,
    "s1_pass_a": true,
    "change_cd": "keep_ok",
    "변화": "유지 충족"
   }
  },
  {
   "type": "Feature",
   "geometry": {
    "type": "Point",
    "coordinates": [
     194295.777,
     547170.132
    ]
   },
   "properties": {
    "pid": "여의도중학교 운동장-116",
    "school": "여의도중학교",
    "kind": "운동장 지반",
    "dong": "여의도중학교 운동장",
    "floor": 0,
    "source": "옥외지반 근사",
    "z_m": 0.0,
    "s2_total_h": 5.17,
    "s2_cont_h": 3.17,
    "s2_pass_a": true,
    "s1_pass_a": true,
    "change_cd": "keep_ok",
    "변화": "유지 충족"
   }
  },
  {
   "type": "Feature",
   "geometry": {
    "type": "Point",
    "coordinates": [
     194303.777,
     547170.132
    ]
   },
   "properties": {
    "pid": "여의도중학교 운동장-117",
    "school": "여의도중학교",
    "kind": "운동장 지반",
    "dong": "여의도중학교 운동장",
    "floor": 0,
    "source": "옥외지반 근사",
    "z_m": 0.0,
    "s2_total_h": 5.33,
    "s2_cont_h": 3.0,
    "s2_pass_a": true,
    "s1_pass_a": true,
    "change_cd": "keep_ok",
    "변화": "유지 충족"
   }
  },
  {
   "type": "Feature",
   "geometry": {
    "type": "Point",
    "coordinates": [
     194311.777,
     547170.132
    ]
   },
   "properties": {
    "pid": "여의도중학교 운동장-118",
    "school": "여의도중학교",
    "kind": "운동장 지반",
    "dong": "여의도중학교 운동장",
    "floor": 0,
    "source": "옥외지반 근사",
    "z_m": 0.0,
    "s2_total_h": 5.0,
    "s2_cont_h": 2.83,
    "s2_pass_a": true,
    "s1_pass_a": true,
    "change_cd": "keep_ok",
    "변화": "유지 충족"
   }
  },
  {
   "type": "Feature",
   "geometry": {
    "type": "Point",
    "coordinates": [
     194335.777,
     547170.132
    ]
   },
   "properties": {
    "pid": "여의도중학교 운동장-119",
    "school": "여의도중학교",
    "kind": "운동장 지반",
    "dong": "여의도중학교 운동장",
    "floor": 0,
    "source": "옥외지반 근사",
    "z_m": 0.0,
    "s2_total_h": 0.0,
    "s2_cont_h": 0.0,
    "s2_pass_a": false,
    "s1_pass_a": false,
    "change_cd": "keep_fail",
    "변화": "유지 불충족"
   }
  },
  {
   "type": "Feature",
   "geometry": {
    "type": "Point",
    "coordinates": [
     194343.777,
     547170.132
    ]
   },
   "properties": {
    "pid": "여의도중학교 운동장-120",
    "school": "여의도중학교",
    "kind": "운동장 지반",
    "dong": "여의도중학교 운동장",
    "floor": 0,
    "source": "옥외지반 근사",
    "z_m": 0.0,
    "s2_total_h": 2.67,
    "s2_cont_h": 2.67,
    "s2_pass_a": true,
    "s1_pass_a": true,
    "change_cd": "keep_ok",
    "변화": "유지 충족"
   }
  },
  {
   "type": "Feature",
   "geometry": {
    "type": "Point",
    "coordinates": [
     194351.777,
     547170.132
    ]
   },
   "properties": {
    "pid": "여의도중학교 운동장-121",
    "school": "여의도중학교",
    "kind": "운동장 지반",
    "dong": "여의도중학교 운동장",
    "floor": 0,
    "source": "옥외지반 근사",
    "z_m": 0.0,
    "s2_total_h": 3.5,
    "s2_cont_h": 3.5,
    "s2_pass_a": true,
    "s1_pass_a": true,
    "change_cd": "keep_ok",
    "변화": "유지 충족"
   }
  },
  {
   "type": "Feature",
   "geometry": {
    "type": "Point",
    "coordinates": [
     194359.777,
     547170.132
    ]
   },
   "properties": {
    "pid": "여의도중학교 운동장-122",
    "school": "여의도중학교",
    "kind": "운동장 지반",
    "dong": "여의도중학교 운동장",
    "floor": 0,
    "source": "옥외지반 근사",
    "z_m": 0.0,
    "s2_total_h": 4.5,
    "s2_cont_h": 4.5,
    "s2_pass_a": true,
    "s1_pass_a": true,
    "change_cd": "keep_ok",
    "변화": "유지 충족"
   }
  },
  {
   "type": "Feature",
   "geometry": {
    "type": "Point",
    "coordinates": [
     194247.777,
     547178.132
    ]
   },
   "properties": {
    "pid": "여의도중학교 운동장-123",
    "school": "여의도중학교",
    "kind": "운동장 지반",
    "dong": "여의도중학교 운동장",
    "floor": 0,
    "source": "옥외지반 근사",
    "z_m": 0.0,
    "s2_total_h": 4.17,
    "s2_cont_h": 2.5,
    "s2_pass_a": true,
    "s1_pass_a": true,
    "change_cd": "keep_ok",
    "변화": "유지 충족"
   }
  },
  {
   "type": "Feature",
   "geometry": {
    "type": "Point",
    "coordinates": [
     194255.777,
     547178.132
    ]
   },
   "properties": {
    "pid": "여의도중학교 운동장-124",
    "school": "여의도중학교",
    "kind": "운동장 지반",
    "dong": "여의도중학교 운동장",
    "floor": 0,
    "source": "옥외지반 근사",
    "z_m": 0.0,
    "s2_total_h": 4.5,
    "s2_cont_h": 2.67,
    "s2_pass_a": true,
    "s1_pass_a": true,
    "change_cd": "keep_ok",
    "변화": "유지 충족"
   }
  },
  {
   "type": "Feature",
   "geometry": {
    "type": "Point",
    "coordinates": [
     194263.777,
     547178.132
    ]
   },
   "properties": {
    "pid": "여의도중학교 운동장-125",
    "school": "여의도중학교",
    "kind": "운동장 지반",
    "dong": "여의도중학교 운동장",
    "floor": 0,
    "source": "옥외지반 근사",
    "z_m": 0.0,
    "s2_total_h": 4.5,
    "s2_cont_h": 2.67,
    "s2_pass_a": true,
    "s1_pass_a": true,
    "change_cd": "keep_ok",
    "변화": "유지 충족"
   }
  },
  {
   "type": "Feature",
   "geometry": {
    "type": "Point",
    "coordinates": [
     194271.777,
     547178.132
    ]
   },
   "properties": {
    "pid": "여의도중학교 운동장-126",
    "school": "여의도중학교",
    "kind": "운동장 지반",
    "dong": "여의도중학교 운동장",
    "floor": 0,
    "source": "옥외지반 근사",
    "z_m": 0.0,
    "s2_total_h": 5.17,
    "s2_cont_h": 3.17,
    "s2_pass_a": true,
    "s1_pass_a": true,
    "change_cd": "keep_ok",
    "변화": "유지 충족"
   }
  },
  {
   "type": "Feature",
   "geometry": {
    "type": "Point",
    "coordinates": [
     194279.777,
     547178.132
    ]
   },
   "properties": {
    "pid": "여의도중학교 운동장-127",
    "school": "여의도중학교",
    "kind": "운동장 지반",
    "dong": "여의도중학교 운동장",
    "floor": 0,
    "source": "옥외지반 근사",
    "z_m": 0.0,
    "s2_total_h": 5.17,
    "s2_cont_h": 3.17,
    "s2_pass_a": true,
    "s1_pass_a": true,
    "change_cd": "keep_ok",
    "변화": "유지 충족"
   }
  },
  {
   "type": "Feature",
   "geometry": {
    "type": "Point",
    "coordinates": [
     194287.777,
     547178.132
    ]
   },
   "properties": {
    "pid": "여의도중학교 운동장-128",
    "school": "여의도중학교",
    "kind": "운동장 지반",
    "dong": "여의도중학교 운동장",
    "floor": 0,
    "source": "옥외지반 근사",
    "z_m": 0.0,
    "s2_total_h": 5.33,
    "s2_cont_h": 3.17,
    "s2_pass_a": true,
    "s1_pass_a": true,
    "change_cd": "keep_ok",
    "변화": "유지 충족"
   }
  },
  {
   "type": "Feature",
   "geometry": {
    "type": "Point",
    "coordinates": [
     194295.777,
     547178.132
    ]
   },
   "properties": {
    "pid": "여의도중학교 운동장-129",
    "school": "여의도중학교",
    "kind": "운동장 지반",
    "dong": "여의도중학교 운동장",
    "floor": 0,
    "source": "옥외지반 근사",
    "z_m": 0.0,
    "s2_total_h": 4.83,
    "s2_cont_h": 2.83,
    "s2_pass_a": true,
    "s1_pass_a": true,
    "change_cd": "keep_ok",
    "변화": "유지 충족"
   }
  },
  {
   "type": "Feature",
   "geometry": {
    "type": "Point",
    "coordinates": [
     194303.777,
     547178.132
    ]
   },
   "properties": {
    "pid": "여의도중학교 운동장-130",
    "school": "여의도중학교",
    "kind": "운동장 지반",
    "dong": "여의도중학교 운동장",
    "floor": 0,
    "source": "옥외지반 근사",
    "z_m": 0.0,
    "s2_total_h": 4.83,
    "s2_cont_h": 2.67,
    "s2_pass_a": true,
    "s1_pass_a": true,
    "change_cd": "keep_ok",
    "변화": "유지 충족"
   }
  },
  {
   "type": "Feature",
   "geometry": {
    "type": "Point",
    "coordinates": [
     194327.777,
     547178.132
    ]
   },
   "properties": {
    "pid": "여의도중학교 운동장-131",
    "school": "여의도중학교",
    "kind": "운동장 지반",
    "dong": "여의도중학교 운동장",
    "floor": 0,
    "source": "옥외지반 근사",
    "z_m": 0.0,
    "s2_total_h": 0.5,
    "s2_cont_h": 0.5,
    "s2_pass_a": false,
    "s1_pass_a": false,
    "change_cd": "keep_fail",
    "변화": "유지 불충족"
   }
  },
  {
   "type": "Feature",
   "geometry": {
    "type": "Point",
    "coordinates": [
     194335.777,
     547178.132
    ]
   },
   "properties": {
    "pid": "여의도중학교 운동장-132",
    "school": "여의도중학교",
    "kind": "운동장 지반",
    "dong": "여의도중학교 운동장",
    "floor": 0,
    "source": "옥외지반 근사",
    "z_m": 0.0,
    "s2_total_h": 2.33,
    "s2_cont_h": 2.33,
    "s2_pass_a": true,
    "s1_pass_a": true,
    "change_cd": "keep_ok",
    "변화": "유지 충족"
   }
  },
  {
   "type": "Feature",
   "geometry": {
    "type": "Point",
    "coordinates": [
     194343.777,
     547178.132
    ]
   },
   "properties": {
    "pid": "여의도중학교 운동장-133",
    "school": "여의도중학교",
    "kind": "운동장 지반",
    "dong": "여의도중학교 운동장",
    "floor": 0,
    "source": "옥외지반 근사",
    "z_m": 0.0,
    "s2_total_h": 3.5,
    "s2_cont_h": 3.5,
    "s2_pass_a": true,
    "s1_pass_a": true,
    "change_cd": "keep_ok",
    "변화": "유지 충족"
   }
  },
  {
   "type": "Feature",
   "geometry": {
    "type": "Point",
    "coordinates": [
     194351.777,
     547178.132
    ]
   },
   "properties": {
    "pid": "여의도중학교 운동장-134",
    "school": "여의도중학교",
    "kind": "운동장 지반",
    "dong": "여의도중학교 운동장",
    "floor": 0,
    "source": "옥외지반 근사",
    "z_m": 0.0,
    "s2_total_h": 4.67,
    "s2_cont_h": 4.67,
    "s2_pass_a": true,
    "s1_pass_a": true,
    "change_cd": "keep_ok",
    "변화": "유지 충족"
   }
  },
  {
   "type": "Feature",
   "geometry": {
    "type": "Point",
    "coordinates": [
     194239.777,
     547186.132
    ]
   },
   "properties": {
    "pid": "여의도중학교 운동장-135",
    "school": "여의도중학교",
    "kind": "운동장 지반",
    "dong": "여의도중학교 운동장",
    "floor": 0,
    "source": "옥외지반 근사",
    "z_m": 0.0,
    "s2_total_h": 4.0,
    "s2_cont_h": 2.5,
    "s2_pass_a": true,
    "s1_pass_a": true,
    "change_cd": "keep_ok",
    "변화": "유지 충족"
   }
  },
  {
   "type": "Feature",
   "geometry": {
    "type": "Point",
    "coordinates": [
     194247.777,
     547186.132
    ]
   },
   "properties": {
    "pid": "여의도중학교 운동장-136",
    "school": "여의도중학교",
    "kind": "운동장 지반",
    "dong": "여의도중학교 운동장",
    "floor": 0,
    "source": "옥외지반 근사",
    "z_m": 0.0,
    "s2_total_h": 4.67,
    "s2_cont_h": 2.67,
    "s2_pass_a": true,
    "s1_pass_a": true,
    "change_cd": "keep_ok",
    "변화": "유지 충족"
   }
  },
  {
   "type": "Feature",
   "geometry": {
    "type": "Point",
    "coordinates": [
     194255.777,
     547186.132
    ]
   },
   "properties": {
    "pid": "여의도중학교 운동장-137",
    "school": "여의도중학교",
    "kind": "운동장 지반",
    "dong": "여의도중학교 운동장",
    "floor": 0,
    "source": "옥외지반 근사",
    "z_m": 0.0,
    "s2_total_h": 5.17,
    "s2_cont_h": 3.17,
    "s2_pass_a": true,
    "s1_pass_a": true,
    "change_cd": "keep_ok",
    "변화": "유지 충족"
   }
  },
  {
   "type": "Feature",
   "geometry": {
    "type": "Point",
    "coordinates": [
     194263.777,
     547186.132
    ]
   },
   "properties": {
    "pid": "여의도중학교 운동장-138",
    "school": "여의도중학교",
    "kind": "운동장 지반",
    "dong": "여의도중학교 운동장",
    "floor": 0,
    "source": "옥외지반 근사",
    "z_m": 0.0,
    "s2_total_h": 5.33,
    "s2_cont_h": 3.17,
    "s2_pass_a": true,
    "s1_pass_a": true,
    "change_cd": "keep_ok",
    "변화": "유지 충족"
   }
  },
  {
   "type": "Feature",
   "geometry": {
    "type": "Point",
    "coordinates": [
     194271.777,
     547186.132
    ]
   },
   "properties": {
    "pid": "여의도중학교 운동장-139",
    "school": "여의도중학교",
    "kind": "운동장 지반",
    "dong": "여의도중학교 운동장",
    "floor": 0,
    "source": "옥외지반 근사",
    "z_m": 0.0,
    "s2_total_h": 5.17,
    "s2_cont_h": 3.0,
    "s2_pass_a": true,
    "s1_pass_a": true,
    "change_cd": "keep_ok",
    "변화": "유지 충족"
   }
  },
  {
   "type": "Feature",
   "geometry": {
    "type": "Point",
    "coordinates": [
     194279.777,
     547186.132
    ]
   },
   "properties": {
    "pid": "여의도중학교 운동장-140",
    "school": "여의도중학교",
    "kind": "운동장 지반",
    "dong": "여의도중학교 운동장",
    "floor": 0,
    "source": "옥외지반 근사",
    "z_m": 0.0,
    "s2_total_h": 5.17,
    "s2_cont_h": 3.0,
    "s2_pass_a": true,
    "s1_pass_a": true,
    "change_cd": "keep_ok",
    "변화": "유지 충족"
   }
  },
  {
   "type": "Feature",
   "geometry": {
    "type": "Point",
    "coordinates": [
     194287.777,
     547186.132
    ]
   },
   "properties": {
    "pid": "여의도중학교 운동장-141",
    "school": "여의도중학교",
    "kind": "운동장 지반",
    "dong": "여의도중학교 운동장",
    "floor": 0,
    "source": "옥외지반 근사",
    "z_m": 0.0,
    "s2_total_h": 5.17,
    "s2_cont_h": 3.0,
    "s2_pass_a": true,
    "s1_pass_a": true,
    "change_cd": "keep_ok",
    "변화": "유지 충족"
   }
  },
  {
   "type": "Feature",
   "geometry": {
    "type": "Point",
    "coordinates": [
     194295.777,
     547186.132
    ]
   },
   "properties": {
    "pid": "여의도중학교 운동장-142",
    "school": "여의도중학교",
    "kind": "운동장 지반",
    "dong": "여의도중학교 운동장",
    "floor": 0,
    "source": "옥외지반 근사",
    "z_m": 0.0,
    "s2_total_h": 5.0,
    "s2_cont_h": 2.83,
    "s2_pass_a": true,
    "s1_pass_a": true,
    "change_cd": "keep_ok",
    "변화": "유지 충족"
   }
  },
  {
   "type": "Feature",
   "geometry": {
    "type": "Point",
    "coordinates": [
     194327.777,
     547186.132
    ]
   },
   "properties": {
    "pid": "여의도중학교 운동장-143",
    "school": "여의도중학교",
    "kind": "운동장 지반",
    "dong": "여의도중학교 운동장",
    "floor": 0,
    "source": "옥외지반 근사",
    "z_m": 0.0,
    "s2_total_h": 2.17,
    "s2_cont_h": 2.17,
    "s2_pass_a": true,
    "s1_pass_a": true,
    "change_cd": "keep_ok",
    "변화": "유지 충족"
   }
  },
  {
   "type": "Feature",
   "geometry": {
    "type": "Point",
    "coordinates": [
     194335.777,
     547186.132
    ]
   },
   "properties": {
    "pid": "여의도중학교 운동장-144",
    "school": "여의도중학교",
    "kind": "운동장 지반",
    "dong": "여의도중학교 운동장",
    "floor": 0,
    "source": "옥외지반 근사",
    "z_m": 0.0,
    "s2_total_h": 2.83,
    "s2_cont_h": 2.83,
    "s2_pass_a": true,
    "s1_pass_a": true,
    "change_cd": "keep_ok",
    "변화": "유지 충족"
   }
  },
  {
   "type": "Feature",
   "geometry": {
    "type": "Point",
    "coordinates": [
     194343.777,
     547186.132
    ]
   },
   "properties": {
    "pid": "여의도중학교 운동장-145",
    "school": "여의도중학교",
    "kind": "운동장 지반",
    "dong": "여의도중학교 운동장",
    "floor": 0,
    "source": "옥외지반 근사",
    "z_m": 0.0,
    "s2_total_h": 3.83,
    "s2_cont_h": 3.83,
    "s2_pass_a": true,
    "s1_pass_a": true,
    "change_cd": "keep_ok",
    "변화": "유지 충족"
   }
  },
  {
   "type": "Feature",
   "geometry": {
    "type": "Point",
    "coordinates": [
     194239.777,
     547194.132
    ]
   },
   "properties": {
    "pid": "여의도중학교 운동장-146",
    "school": "여의도중학교",
    "kind": "운동장 지반",
    "dong": "여의도중학교 운동장",
    "floor": 0,
    "source": "옥외지반 근사",
    "z_m": 0.0,
    "s2_total_h": 4.83,
    "s2_cont_h": 3.0,
    "s2_pass_a": true,
    "s1_pass_a": true,
    "change_cd": "keep_ok",
    "변화": "유지 충족"
   }
  },
  {
   "type": "Feature",
   "geometry": {
    "type": "Point",
    "coordinates": [
     194247.777,
     547194.132
    ]
   },
   "properties": {
    "pid": "여의도중학교 운동장-147",
    "school": "여의도중학교",
    "kind": "운동장 지반",
    "dong": "여의도중학교 운동장",
    "floor": 0,
    "source": "옥외지반 근사",
    "z_m": 0.0,
    "s2_total_h": 5.17,
    "s2_cont_h": 3.0,
    "s2_pass_a": true,
    "s1_pass_a": true,
    "change_cd": "keep_ok",
    "변화": "유지 충족"
   }
  },
  {
   "type": "Feature",
   "geometry": {
    "type": "Point",
    "coordinates": [
     194255.777,
     547194.132
    ]
   },
   "properties": {
    "pid": "여의도중학교 운동장-148",
    "school": "여의도중학교",
    "kind": "운동장 지반",
    "dong": "여의도중학교 운동장",
    "floor": 0,
    "source": "옥외지반 근사",
    "z_m": 0.0,
    "s2_total_h": 5.17,
    "s2_cont_h": 3.0,
    "s2_pass_a": true,
    "s1_pass_a": true,
    "change_cd": "keep_ok",
    "변화": "유지 충족"
   }
  },
  {
   "type": "Feature",
   "geometry": {
    "type": "Point",
    "coordinates": [
     194263.777,
     547194.132
    ]
   },
   "properties": {
    "pid": "여의도중학교 운동장-149",
    "school": "여의도중학교",
    "kind": "운동장 지반",
    "dong": "여의도중학교 운동장",
    "floor": 0,
    "source": "옥외지반 근사",
    "z_m": 0.0,
    "s2_total_h": 5.33,
    "s2_cont_h": 3.0,
    "s2_pass_a": true,
    "s1_pass_a": true,
    "change_cd": "keep_ok",
    "변화": "유지 충족"
   }
  },
  {
   "type": "Feature",
   "geometry": {
    "type": "Point",
    "coordinates": [
     194271.777,
     547194.132
    ]
   },
   "properties": {
    "pid": "여의도중학교 운동장-150",
    "school": "여의도중학교",
    "kind": "운동장 지반",
    "dong": "여의도중학교 운동장",
    "floor": 0,
    "source": "옥외지반 근사",
    "z_m": 0.0,
    "s2_total_h": 5.33,
    "s2_cont_h": 3.0,
    "s2_pass_a": true,
    "s1_pass_a": true,
    "change_cd": "keep_ok",
    "변화": "유지 충족"
   }
  },
  {
   "type": "Feature",
   "geometry": {
    "type": "Point",
    "coordinates": [
     194279.777,
     547194.132
    ]
   },
   "properties": {
    "pid": "여의도중학교 운동장-151",
    "school": "여의도중학교",
    "kind": "운동장 지반",
    "dong": "여의도중학교 운동장",
    "floor": 0,
    "source": "옥외지반 근사",
    "z_m": 0.0,
    "s2_total_h": 5.17,
    "s2_cont_h": 2.83,
    "s2_pass_a": true,
    "s1_pass_a": true,
    "change_cd": "keep_ok",
    "변화": "유지 충족"
   }
  },
  {
   "type": "Feature",
   "geometry": {
    "type": "Point",
    "coordinates": [
     194287.777,
     547194.132
    ]
   },
   "properties": {
    "pid": "여의도중학교 운동장-152",
    "school": "여의도중학교",
    "kind": "운동장 지반",
    "dong": "여의도중학교 운동장",
    "floor": 0,
    "source": "옥외지반 근사",
    "z_m": 0.0,
    "s2_total_h": 5.0,
    "s2_cont_h": 2.67,
    "s2_pass_a": true,
    "s1_pass_a": true,
    "change_cd": "keep_ok",
    "변화": "유지 충족"
   }
  },
  {
   "type": "Feature",
   "geometry": {
    "type": "Point",
    "coordinates": [
     194319.777,
     547194.132
    ]
   },
   "properties": {
    "pid": "여의도중학교 운동장-153",
    "school": "여의도중학교",
    "kind": "운동장 지반",
    "dong": "여의도중학교 운동장",
    "floor": 0,
    "source": "옥외지반 근사",
    "z_m": 0.0,
    "s2_total_h": 2.0,
    "s2_cont_h": 2.0,
    "s2_pass_a": true,
    "s1_pass_a": true,
    "change_cd": "keep_ok",
    "변화": "유지 충족"
   }
  },
  {
   "type": "Feature",
   "geometry": {
    "type": "Point",
    "coordinates": [
     194327.777,
     547194.132
    ]
   },
   "properties": {
    "pid": "여의도중학교 운동장-154",
    "school": "여의도중학교",
    "kind": "운동장 지반",
    "dong": "여의도중학교 운동장",
    "floor": 0,
    "source": "옥외지반 근사",
    "z_m": 0.0,
    "s2_total_h": 2.67,
    "s2_cont_h": 2.67,
    "s2_pass_a": true,
    "s1_pass_a": true,
    "change_cd": "keep_ok",
    "변화": "유지 충족"
   }
  },
  {
   "type": "Feature",
   "geometry": {
    "type": "Point",
    "coordinates": [
     194335.777,
     547194.132
    ]
   },
   "properties": {
    "pid": "여의도중학교 운동장-155",
    "school": "여의도중학교",
    "kind": "운동장 지반",
    "dong": "여의도중학교 운동장",
    "floor": 0,
    "source": "옥외지반 근사",
    "z_m": 0.0,
    "s2_total_h": 3.5,
    "s2_cont_h": 3.5,
    "s2_pass_a": true,
    "s1_pass_a": true,
    "change_cd": "keep_ok",
    "변화": "유지 충족"
   }
  },
  {
   "type": "Feature",
   "geometry": {
    "type": "Point",
    "coordinates": [
     194247.777,
     547202.132
    ]
   },
   "properties": {
    "pid": "여의도중학교 운동장-156",
    "school": "여의도중학교",
    "kind": "운동장 지반",
    "dong": "여의도중학교 운동장",
    "floor": 0,
    "source": "옥외지반 근사",
    "z_m": 0.0,
    "s2_total_h": 5.17,
    "s2_cont_h": 3.0,
    "s2_pass_a": true,
    "s1_pass_a": true,
    "change_cd": "keep_ok",
    "변화": "유지 충족"
   }
  },
  {
   "type": "Feature",
   "geometry": {
    "type": "Point",
    "coordinates": [
     194255.777,
     547202.132
    ]
   },
   "properties": {
    "pid": "여의도중학교 운동장-157",
    "school": "여의도중학교",
    "kind": "운동장 지반",
    "dong": "여의도중학교 운동장",
    "floor": 0,
    "source": "옥외지반 근사",
    "z_m": 0.0,
    "s2_total_h": 5.17,
    "s2_cont_h": 2.83,
    "s2_pass_a": true,
    "s1_pass_a": true,
    "change_cd": "keep_ok",
    "변화": "유지 충족"
   }
  },
  {
   "type": "Feature",
   "geometry": {
    "type": "Point",
    "coordinates": [
     194263.777,
     547202.132
    ]
   },
   "properties": {
    "pid": "여의도중학교 운동장-158",
    "school": "여의도중학교",
    "kind": "운동장 지반",
    "dong": "여의도중학교 운동장",
    "floor": 0,
    "source": "옥외지반 근사",
    "z_m": 0.0,
    "s2_total_h": 5.17,
    "s2_cont_h": 2.83,
    "s2_pass_a": true,
    "s1_pass_a": true,
    "change_cd": "keep_ok",
    "변화": "유지 충족"
   }
  },
  {
   "type": "Feature",
   "geometry": {
    "type": "Point",
    "coordinates": [
     194271.777,
     547202.132
    ]
   },
   "properties": {
    "pid": "여의도중학교 운동장-159",
    "school": "여의도중학교",
    "kind": "운동장 지반",
    "dong": "여의도중학교 운동장",
    "floor": 0,
    "source": "옥외지반 근사",
    "z_m": 0.0,
    "s2_total_h": 5.17,
    "s2_cont_h": 2.83,
    "s2_pass_a": true,
    "s1_pass_a": true,
    "change_cd": "keep_ok",
    "변화": "유지 충족"
   }
  },
  {
   "type": "Feature",
   "geometry": {
    "type": "Point",
    "coordinates": [
     194279.777,
     547202.132
    ]
   },
   "properties": {
    "pid": "여의도중학교 운동장-160",
    "school": "여의도중학교",
    "kind": "운동장 지반",
    "dong": "여의도중학교 운동장",
    "floor": 0,
    "source": "옥외지반 근사",
    "z_m": 0.0,
    "s2_total_h": 5.0,
    "s2_cont_h": 2.67,
    "s2_pass_a": true,
    "s1_pass_a": true,
    "change_cd": "keep_ok",
    "변화": "유지 충족"
   }
  },
  {
   "type": "Feature",
   "geometry": {
    "type": "Point",
    "coordinates": [
     194311.777,
     547202.132
    ]
   },
   "properties": {
    "pid": "여의도중학교 운동장-161",
    "school": "여의도중학교",
    "kind": "운동장 지반",
    "dong": "여의도중학교 운동장",
    "floor": 0,
    "source": "옥외지반 근사",
    "z_m": 0.0,
    "s2_total_h": 2.0,
    "s2_cont_h": 1.83,
    "s2_pass_a": false,
    "s1_pass_a": false,
    "change_cd": "keep_fail",
    "변화": "유지 불충족"
   }
  },
  {
   "type": "Feature",
   "geometry": {
    "type": "Point",
    "coordinates": [
     194319.777,
     547202.132
    ]
   },
   "properties": {
    "pid": "여의도중학교 운동장-162",
    "school": "여의도중학교",
    "kind": "운동장 지반",
    "dong": "여의도중학교 운동장",
    "floor": 0,
    "source": "옥외지반 근사",
    "z_m": 0.0,
    "s2_total_h": 3.0,
    "s2_cont_h": 2.5,
    "s2_pass_a": true,
    "s1_pass_a": true,
    "change_cd": "keep_ok",
    "변화": "유지 충족"
   }
  },
  {
   "type": "Feature",
   "geometry": {
    "type": "Point",
    "coordinates": [
     194327.777,
     547202.132
    ]
   },
   "properties": {
    "pid": "여의도중학교 운동장-163",
    "school": "여의도중학교",
    "kind": "운동장 지반",
    "dong": "여의도중학교 운동장",
    "floor": 0,
    "source": "옥외지반 근사",
    "z_m": 0.0,
    "s2_total_h": 4.33,
    "s2_cont_h": 3.33,
    "s2_pass_a": true,
    "s1_pass_a": true,
    "change_cd": "keep_ok",
    "변화": "유지 충족"
   }
  },
  {
   "type": "Feature",
   "geometry": {
    "type": "Point",
    "coordinates": [
     194335.777,
     547202.132
    ]
   },
   "properties": {
    "pid": "여의도중학교 운동장-164",
    "school": "여의도중학교",
    "kind": "운동장 지반",
    "dong": "여의도중학교 운동장",
    "floor": 0,
    "source": "옥외지반 근사",
    "z_m": 0.0,
    "s2_total_h": 5.0,
    "s2_cont_h": 4.17,
    "s2_pass_a": true,
    "s1_pass_a": true,
    "change_cd": "keep_ok",
    "변화": "유지 충족"
   }
  },
  {
   "type": "Feature",
   "geometry": {
    "type": "Point",
    "coordinates": [
     194247.777,
     547210.132
    ]
   },
   "properties": {
    "pid": "여의도중학교 운동장-165",
    "school": "여의도중학교",
    "kind": "운동장 지반",
    "dong": "여의도중학교 운동장",
    "floor": 0,
    "source": "옥외지반 근사",
    "z_m": 0.0,
    "s2_total_h": 5.17,
    "s2_cont_h": 2.83,
    "s2_pass_a": true,
    "s1_pass_a": true,
    "change_cd": "keep_ok",
    "변화": "유지 충족"
   }
  },
  {
   "type": "Feature",
   "geometry": {
    "type": "Point",
    "coordinates": [
     194255.777,
     547210.132
    ]
   },
   "properties": {
    "pid": "여의도중학교 운동장-166",
    "school": "여의도중학교",
    "kind": "운동장 지반",
    "dong": "여의도중학교 운동장",
    "floor": 0,
    "source": "옥외지반 근사",
    "z_m": 0.0,
    "s2_total_h": 5.0,
    "s2_cont_h": 2.83,
    "s2_pass_a": true,
    "s1_pass_a": true,
    "change_cd": "keep_ok",
    "변화": "유지 충족"
   }
  },
  {
   "type": "Feature",
   "geometry": {
    "type": "Point",
    "coordinates": [
     194263.777,
     547210.132
    ]
   },
   "properties": {
    "pid": "여의도중학교 운동장-167",
    "school": "여의도중학교",
    "kind": "운동장 지반",
    "dong": "여의도중학교 운동장",
    "floor": 0,
    "source": "옥외지반 근사",
    "z_m": 0.0,
    "s2_total_h": 5.0,
    "s2_cont_h": 2.67,
    "s2_pass_a": true,
    "s1_pass_a": true,
    "change_cd": "keep_ok",
    "변화": "유지 충족"
   }
  },
  {
   "type": "Feature",
   "geometry": {
    "type": "Point",
    "coordinates": [
     194271.777,
     547210.132
    ]
   },
   "properties": {
    "pid": "여의도중학교 운동장-168",
    "school": "여의도중학교",
    "kind": "운동장 지반",
    "dong": "여의도중학교 운동장",
    "floor": 0,
    "source": "옥외지반 근사",
    "z_m": 0.0,
    "s2_total_h": 5.0,
    "s2_cont_h": 2.67,
    "s2_pass_a": true,
    "s1_pass_a": true,
    "change_cd": "keep_ok",
    "변화": "유지 충족"
   }
  },
  {
   "type": "Feature",
   "geometry": {
    "type": "Point",
    "coordinates": [
     194279.777,
     547210.132
    ]
   },
   "properties": {
    "pid": "여의도중학교 운동장-169",
    "school": "여의도중학교",
    "kind": "운동장 지반",
    "dong": "여의도중학교 운동장",
    "floor": 0,
    "source": "옥외지반 근사",
    "z_m": 0.0,
    "s2_total_h": 4.67,
    "s2_cont_h": 2.33,
    "s2_pass_a": true,
    "s1_pass_a": true,
    "change_cd": "keep_ok",
    "변화": "유지 충족"
   }
  },
  {
   "type": "Feature",
   "geometry": {
    "type": "Point",
    "coordinates": [
     194303.777,
     547210.132
    ]
   },
   "properties": {
    "pid": "여의도중학교 운동장-170",
    "school": "여의도중학교",
    "kind": "운동장 지반",
    "dong": "여의도중학교 운동장",
    "floor": 0,
    "source": "옥외지반 근사",
    "z_m": 0.0,
    "s2_total_h": 1.83,
    "s2_cont_h": 1.67,
    "s2_pass_a": false,
    "s1_pass_a": false,
    "change_cd": "keep_fail",
    "변화": "유지 불충족"
   }
  },
  {
   "type": "Feature",
   "geometry": {
    "type": "Point",
    "coordinates": [
     194311.777,
     547210.132
    ]
   },
   "properties": {
    "pid": "여의도중학교 운동장-171",
    "school": "여의도중학교",
    "kind": "운동장 지반",
    "dong": "여의도중학교 운동장",
    "floor": 0,
    "source": "옥외지반 근사",
    "z_m": 0.0,
    "s2_total_h": 3.33,
    "s2_cont_h": 3.33,
    "s2_pass_a": true,
    "s1_pass_a": true,
    "change_cd": "keep_ok",
    "변화": "유지 충족"
   }
  },
  {
   "type": "Feature",
   "geometry": {
    "type": "Point",
    "coordinates": [
     194319.777,
     547210.132
    ]
   },
   "properties": {
    "pid": "여의도중학교 운동장-172",
    "school": "여의도중학교",
    "kind": "운동장 지반",
    "dong": "여의도중학교 운동장",
    "floor": 0,
    "source": "옥외지반 근사",
    "z_m": 0.0,
    "s2_total_h": 4.33,
    "s2_cont_h": 4.33,
    "s2_pass_a": true,
    "s1_pass_a": true,
    "change_cd": "keep_ok",
    "변화": "유지 충족"
   }
  },
  {
   "type": "Feature",
   "geometry": {
    "type": "Point",
    "coordinates": [
     194327.777,
     547210.132
    ]
   },
   "properties": {
    "pid": "여의도중학교 운동장-173",
    "school": "여의도중학교",
    "kind": "운동장 지반",
    "dong": "여의도중학교 운동장",
    "floor": 0,
    "source": "옥외지반 근사",
    "z_m": 0.0,
    "s2_total_h": 5.0,
    "s2_cont_h": 4.83,
    "s2_pass_a": true,
    "s1_pass_a": true,
    "change_cd": "keep_ok",
    "변화": "유지 충족"
   }
  },
  {
   "type": "Feature",
   "geometry": {
    "type": "Point",
    "coordinates": [
     194335.777,
     547210.132
    ]
   },
   "properties": {
    "pid": "여의도중학교 운동장-174",
    "school": "여의도중학교",
    "kind": "운동장 지반",
    "dong": "여의도중학교 운동장",
    "floor": 0,
    "source": "옥외지반 근사",
    "z_m": 0.0,
    "s2_total_h": 5.67,
    "s2_cont_h": 5.0,
    "s2_pass_a": true,
    "s1_pass_a": true,
    "change_cd": "keep_ok",
    "변화": "유지 충족"
   }
  },
  {
   "type": "Feature",
   "geometry": {
    "type": "Point",
    "coordinates": [
     194247.777,
     547218.132
    ]
   },
   "properties": {
    "pid": "여의도중학교 운동장-175",
    "school": "여의도중학교",
    "kind": "운동장 지반",
    "dong": "여의도중학교 운동장",
    "floor": 0,
    "source": "옥외지반 근사",
    "z_m": 0.0,
    "s2_total_h": 5.17,
    "s2_cont_h": 5.17,
    "s2_pass_a": true,
    "s1_pass_a": true,
    "change_cd": "keep_ok",
    "변화": "유지 충족"
   }
  },
  {
   "type": "Feature",
   "geometry": {
    "type": "Point",
    "coordinates": [
     194255.777,
     547218.132
    ]
   },
   "properties": {
    "pid": "여의도중학교 운동장-176",
    "school": "여의도중학교",
    "kind": "운동장 지반",
    "dong": "여의도중학교 운동장",
    "floor": 0,
    "source": "옥외지반 근사",
    "z_m": 0.0,
    "s2_total_h": 5.17,
    "s2_cont_h": 5.17,
    "s2_pass_a": true,
    "s1_pass_a": true,
    "change_cd": "keep_ok",
    "변화": "유지 충족"
   }
  },
  {
   "type": "Feature",
   "geometry": {
    "type": "Point",
    "coordinates": [
     194263.777,
     547218.132
    ]
   },
   "properties": {
    "pid": "여의도중학교 운동장-177",
    "school": "여의도중학교",
    "kind": "운동장 지반",
    "dong": "여의도중학교 운동장",
    "floor": 0,
    "source": "옥외지반 근사",
    "z_m": 0.0,
    "s2_total_h": 5.0,
    "s2_cont_h": 5.0,
    "s2_pass_a": true,
    "s1_pass_a": true,
    "change_cd": "keep_ok",
    "변화": "유지 충족"
   }
  },
  {
   "type": "Feature",
   "geometry": {
    "type": "Point",
    "coordinates": [
     194271.777,
     547218.132
    ]
   },
   "properties": {
    "pid": "여의도중학교 운동장-178",
    "school": "여의도중학교",
    "kind": "운동장 지반",
    "dong": "여의도중학교 운동장",
    "floor": 0,
    "source": "옥외지반 근사",
    "z_m": 0.0,
    "s2_total_h": 4.67,
    "s2_cont_h": 4.67,
    "s2_pass_a": true,
    "s1_pass_a": true,
    "change_cd": "keep_ok",
    "변화": "유지 충족"
   }
  },
  {
   "type": "Feature",
   "geometry": {
    "type": "Point",
    "coordinates": [
     194295.777,
     547218.132
    ]
   },
   "properties": {
    "pid": "여의도중학교 운동장-179",
    "school": "여의도중학교",
    "kind": "운동장 지반",
    "dong": "여의도중학교 운동장",
    "floor": 0,
    "source": "옥외지반 근사",
    "z_m": 0.0,
    "s2_total_h": 2.0,
    "s2_cont_h": 2.0,
    "s2_pass_a": true,
    "s1_pass_a": true,
    "change_cd": "keep_ok",
    "변화": "유지 충족"
   }
  },
  {
   "type": "Feature",
   "geometry": {
    "type": "Point",
    "coordinates": [
     194303.777,
     547218.132
    ]
   },
   "properties": {
    "pid": "여의도중학교 운동장-180",
    "school": "여의도중학교",
    "kind": "운동장 지반",
    "dong": "여의도중학교 운동장",
    "floor": 0,
    "source": "옥외지반 근사",
    "z_m": 0.0,
    "s2_total_h": 2.67,
    "s2_cont_h": 2.67,
    "s2_pass_a": true,
    "s1_pass_a": true,
    "change_cd": "keep_ok",
    "변화": "유지 충족"
   }
  },
  {
   "type": "Feature",
   "geometry": {
    "type": "Point",
    "coordinates": [
     194311.777,
     547218.132
    ]
   },
   "properties": {
    "pid": "여의도중학교 운동장-181",
    "school": "여의도중학교",
    "kind": "운동장 지반",
    "dong": "여의도중학교 운동장",
    "floor": 0,
    "source": "옥외지반 근사",
    "z_m": 0.0,
    "s2_total_h": 3.67,
    "s2_cont_h": 3.67,
    "s2_pass_a": true,
    "s1_pass_a": true,
    "change_cd": "keep_ok",
    "변화": "유지 충족"
   }
  },
  {
   "type": "Feature",
   "geometry": {
    "type": "Point",
    "coordinates": [
     194319.777,
     547218.132
    ]
   },
   "properties": {
    "pid": "여의도중학교 운동장-182",
    "school": "여의도중학교",
    "kind": "운동장 지반",
    "dong": "여의도중학교 운동장",
    "floor": 0,
    "source": "옥외지반 근사",
    "z_m": 0.0,
    "s2_total_h": 4.67,
    "s2_cont_h": 4.67,
    "s2_pass_a": true,
    "s1_pass_a": true,
    "change_cd": "keep_ok",
    "변화": "유지 충족"
   }
  },
  {
   "type": "Feature",
   "geometry": {
    "type": "Point",
    "coordinates": [
     194327.777,
     547218.132
    ]
   },
   "properties": {
    "pid": "여의도중학교 운동장-183",
    "school": "여의도중학교",
    "kind": "운동장 지반",
    "dong": "여의도중학교 운동장",
    "floor": 0,
    "source": "옥외지반 근사",
    "z_m": 0.0,
    "s2_total_h": 5.5,
    "s2_cont_h": 5.5,
    "s2_pass_a": true,
    "s1_pass_a": true,
    "change_cd": "keep_ok",
    "변화": "유지 충족"
   }
  },
  {
   "type": "Feature",
   "geometry": {
    "type": "Point",
    "coordinates": [
     194247.777,
     547226.132
    ]
   },
   "properties": {
    "pid": "여의도중학교 운동장-184",
    "school": "여의도중학교",
    "kind": "운동장 지반",
    "dong": "여의도중학교 운동장",
    "floor": 0,
    "source": "옥외지반 근사",
    "z_m": 0.0,
    "s2_total_h": 5.0,
    "s2_cont_h": 5.0,
    "s2_pass_a": true,
    "s1_pass_a": true,
    "change_cd": "keep_ok",
    "변화": "유지 충족"
   }
  },
  {
   "type": "Feature",
   "geometry": {
    "type": "Point",
    "coordinates": [
     194255.777,
     547226.132
    ]
   },
   "properties": {
    "pid": "여의도중학교 운동장-185",
    "school": "여의도중학교",
    "kind": "운동장 지반",
    "dong": "여의도중학교 운동장",
    "floor": 0,
    "source": "옥외지반 근사",
    "z_m": 0.0,
    "s2_total_h": 4.83,
    "s2_cont_h": 4.83,
    "s2_pass_a": true,
    "s1_pass_a": true,
    "change_cd": "keep_ok",
    "변화": "유지 충족"
   }
  },
  {
   "type": "Feature",
   "geometry": {
    "type": "Point",
    "coordinates": [
     194263.777,
     547226.132
    ]
   },
   "properties": {
    "pid": "여의도중학교 운동장-186",
    "school": "여의도중학교",
    "kind": "운동장 지반",
    "dong": "여의도중학교 운동장",
    "floor": 0,
    "source": "옥외지반 근사",
    "z_m": 0.0,
    "s2_total_h": 4.5,
    "s2_cont_h": 4.5,
    "s2_pass_a": true,
    "s1_pass_a": true,
    "change_cd": "keep_ok",
    "변화": "유지 충족"
   }
  },
  {
   "type": "Feature",
   "geometry": {
    "type": "Point",
    "coordinates": [
     194271.777,
     547226.132
    ]
   },
   "properties": {
    "pid": "여의도중학교 운동장-187",
    "school": "여의도중학교",
    "kind": "운동장 지반",
    "dong": "여의도중학교 운동장",
    "floor": 0,
    "source": "옥외지반 근사",
    "z_m": 0.0,
    "s2_total_h": 0.33,
    "s2_cont_h": 0.17,
    "s2_pass_a": false,
    "s1_pass_a": false,
    "change_cd": "keep_fail",
    "변화": "유지 불충족"
   }
  },
  {
   "type": "Feature",
   "geometry": {
    "type": "Point",
    "coordinates": [
     194287.777,
     547226.132
    ]
   },
   "properties": {
    "pid": "여의도중학교 운동장-188",
    "school": "여의도중학교",
    "kind": "운동장 지반",
    "dong": "여의도중학교 운동장",
    "floor": 0,
    "source": "옥외지반 근사",
    "z_m": 0.0,
    "s2_total_h": 1.83,
    "s2_cont_h": 1.83,
    "s2_pass_a": false,
    "s1_pass_a": false,
    "change_cd": "keep_fail",
    "변화": "유지 불충족"
   }
  },
  {
   "type": "Feature",
   "geometry": {
    "type": "Point",
    "coordinates": [
     194295.777,
     547226.132
    ]
   },
   "properties": {
    "pid": "여의도중학교 운동장-189",
    "school": "여의도중학교",
    "kind": "운동장 지반",
    "dong": "여의도중학교 운동장",
    "floor": 0,
    "source": "옥외지반 근사",
    "z_m": 0.0,
    "s2_total_h": 2.5,
    "s2_cont_h": 2.5,
    "s2_pass_a": true,
    "s1_pass_a": true,
    "change_cd": "keep_ok",
    "변화": "유지 충족"
   }
  },
  {
   "type": "Feature",
   "geometry": {
    "type": "Point",
    "coordinates": [
     194303.777,
     547226.132
    ]
   },
   "properties": {
    "pid": "여의도중학교 운동장-190",
    "school": "여의도중학교",
    "kind": "운동장 지반",
    "dong": "여의도중학교 운동장",
    "floor": 0,
    "source": "옥외지반 근사",
    "z_m": 0.0,
    "s2_total_h": 3.33,
    "s2_cont_h": 3.33,
    "s2_pass_a": true,
    "s1_pass_a": true,
    "change_cd": "keep_ok",
    "변화": "유지 충족"
   }
  },
  {
   "type": "Feature",
   "geometry": {
    "type": "Point",
    "coordinates": [
     194311.777,
     547226.132
    ]
   },
   "properties": {
    "pid": "여의도중학교 운동장-191",
    "school": "여의도중학교",
    "kind": "운동장 지반",
    "dong": "여의도중학교 운동장",
    "floor": 0,
    "source": "옥외지반 근사",
    "z_m": 0.0,
    "s2_total_h": 4.17,
    "s2_cont_h": 4.17,
    "s2_pass_a": true,
    "s1_pass_a": true,
    "change_cd": "keep_ok",
    "변화": "유지 충족"
   }
  },
  {
   "type": "Feature",
   "geometry": {
    "type": "Point",
    "coordinates": [
     194255.777,
     547234.132
    ]
   },
   "properties": {
    "pid": "여의도중학교 운동장-192",
    "school": "여의도중학교",
    "kind": "운동장 지반",
    "dong": "여의도중학교 운동장",
    "floor": 0,
    "source": "옥외지반 근사",
    "z_m": 0.0,
    "s2_total_h": 4.83,
    "s2_cont_h": 4.67,
    "s2_pass_a": true,
    "s1_pass_a": true,
    "change_cd": "keep_ok",
    "변화": "유지 충족"
   }
  },
  {
   "type": "Feature",
   "geometry": {
    "type": "Point",
    "coordinates": [
     194263.777,
     547234.132
    ]
   },
   "properties": {
    "pid": "여의도중학교 운동장-193",
    "school": "여의도중학교",
    "kind": "운동장 지반",
    "dong": "여의도중학교 운동장",
    "floor": 0,
    "source": "옥외지반 근사",
    "z_m": 0.0,
    "s2_total_h": 4.17,
    "s2_cont_h": 3.83,
    "s2_pass_a": true,
    "s1_pass_a": true,
    "change_cd": "keep_ok",
    "변화": "유지 충족"
   }
  },
  {
   "type": "Feature",
   "geometry": {
    "type": "Point",
    "coordinates": [
     194271.777,
     547234.132
    ]
   },
   "properties": {
    "pid": "여의도중학교 운동장-194",
    "school": "여의도중학교",
    "kind": "운동장 지반",
    "dong": "여의도중학교 운동장",
    "floor": 0,
    "source": "옥외지반 근사",
    "z_m": 0.0,
    "s2_total_h": 1.67,
    "s2_cont_h": 1.33,
    "s2_pass_a": false,
    "s1_pass_a": false,
    "change_cd": "keep_fail",
    "변화": "유지 불충족"
   }
  },
  {
   "type": "Feature",
   "geometry": {
    "type": "Point",
    "coordinates": [
     194279.777,
     547234.132
    ]
   },
   "properties": {
    "pid": "여의도중학교 운동장-195",
    "school": "여의도중학교",
    "kind": "운동장 지반",
    "dong": "여의도중학교 운동장",
    "floor": 0,
    "source": "옥외지반 근사",
    "z_m": 0.0,
    "s2_total_h": 1.67,
    "s2_cont_h": 1.67,
    "s2_pass_a": false,
    "s1_pass_a": false,
    "change_cd": "keep_fail",
    "변화": "유지 불충족"
   }
  },
  {
   "type": "Feature",
   "geometry": {
    "type": "Point",
    "coordinates": [
     194287.777,
     547234.132
    ]
   },
   "properties": {
    "pid": "여의도중학교 운동장-196",
    "school": "여의도중학교",
    "kind": "운동장 지반",
    "dong": "여의도중학교 운동장",
    "floor": 0,
    "source": "옥외지반 근사",
    "z_m": 0.0,
    "s2_total_h": 2.5,
    "s2_cont_h": 2.5,
    "s2_pass_a": true,
    "s1_pass_a": true,
    "change_cd": "keep_ok",
    "변화": "유지 충족"
   }
  },
  {
   "type": "Feature",
   "geometry": {
    "type": "Point",
    "coordinates": [
     194295.777,
     547234.132
    ]
   },
   "properties": {
    "pid": "여의도중학교 운동장-197",
    "school": "여의도중학교",
    "kind": "운동장 지반",
    "dong": "여의도중학교 운동장",
    "floor": 0,
    "source": "옥외지반 근사",
    "z_m": 0.0,
    "s2_total_h": 3.33,
    "s2_cont_h": 3.33,
    "s2_pass_a": true,
    "s1_pass_a": true,
    "change_cd": "keep_ok",
    "변화": "유지 충족"
   }
  },
  {
   "type": "Feature",
   "geometry": {
    "type": "Point",
    "coordinates": [
     194303.777,
     547234.132
    ]
   },
   "properties": {
    "pid": "여의도중학교 운동장-198",
    "school": "여의도중학교",
    "kind": "운동장 지반",
    "dong": "여의도중학교 운동장",
    "floor": 0,
    "source": "옥외지반 근사",
    "z_m": 0.0,
    "s2_total_h": 4.33,
    "s2_cont_h": 4.33,
    "s2_pass_a": true,
    "s1_pass_a": true,
    "change_cd": "keep_ok",
    "변화": "유지 충족"
   }
  },
  {
   "type": "Feature",
   "geometry": {
    "type": "Point",
    "coordinates": [
     194263.777,
     547242.132
    ]
   },
   "properties": {
    "pid": "여의도중학교 운동장-199",
    "school": "여의도중학교",
    "kind": "운동장 지반",
    "dong": "여의도중학교 운동장",
    "floor": 0,
    "source": "옥외지반 근사",
    "z_m": 0.0,
    "s2_total_h": 3.67,
    "s2_cont_h": 2.83,
    "s2_pass_a": true,
    "s1_pass_a": true,
    "change_cd": "keep_ok",
    "변화": "유지 충족"
   }
  },
  {
   "type": "Feature",
   "geometry": {
    "type": "Point",
    "coordinates": [
     194271.777,
     547242.132
    ]
   },
   "properties": {
    "pid": "여의도중학교 운동장-200",
    "school": "여의도중학교",
    "kind": "운동장 지반",
    "dong": "여의도중학교 운동장",
    "floor": 0,
    "source": "옥외지반 근사",
    "z_m": 0.0,
    "s2_total_h": 3.5,
    "s2_cont_h": 1.67,
    "s2_pass_a": false,
    "s1_pass_a": false,
    "change_cd": "keep_fail",
    "변화": "유지 불충족"
   }
  },
  {
   "type": "Feature",
   "geometry": {
    "type": "Point",
    "coordinates": [
     194279.777,
     547242.132
    ]
   },
   "properties": {
    "pid": "여의도중학교 운동장-201",
    "school": "여의도중학교",
    "kind": "운동장 지반",
    "dong": "여의도중학교 운동장",
    "floor": 0,
    "source": "옥외지반 근사",
    "z_m": 0.0,
    "s2_total_h": 2.83,
    "s2_cont_h": 2.33,
    "s2_pass_a": true,
    "s1_pass_a": true,
    "change_cd": "keep_ok",
    "변화": "유지 충족"
   }
  },
  {
   "type": "Feature",
   "geometry": {
    "type": "Point",
    "coordinates": [
     194287.777,
     547242.132
    ]
   },
   "properties": {
    "pid": "여의도중학교 운동장-202",
    "school": "여의도중학교",
    "kind": "운동장 지반",
    "dong": "여의도중학교 운동장",
    "floor": 0,
    "source": "옥외지반 근사",
    "z_m": 0.0,
    "s2_total_h": 3.17,
    "s2_cont_h": 3.17,
    "s2_pass_a": true,
    "s1_pass_a": true,
    "change_cd": "keep_ok",
    "변화": "유지 충족"
   }
  },
  {
   "type": "Feature",
   "geometry": {
    "type": "Point",
    "coordinates": [
     194295.777,
     547242.132
    ]
   },
   "properties": {
    "pid": "여의도중학교 운동장-203",
    "school": "여의도중학교",
    "kind": "운동장 지반",
    "dong": "여의도중학교 운동장",
    "floor": 0,
    "source": "옥외지반 근사",
    "z_m": 0.0,
    "s2_total_h": 4.17,
    "s2_cont_h": 4.17,
    "s2_pass_a": true,
    "s1_pass_a": true,
    "change_cd": "keep_ok",
    "변화": "유지 충족"
   }
  },
  {
   "type": "Feature",
   "geometry": {
    "type": "Point",
    "coordinates": [
     194271.777,
     547250.132
    ]
   },
   "properties": {
    "pid": "여의도중학교 운동장-204",
    "school": "여의도중학교",
    "kind": "운동장 지반",
    "dong": "여의도중학교 운동장",
    "floor": 0,
    "source": "옥외지반 근사",
    "z_m": 0.0,
    "s2_total_h": 4.33,
    "s2_cont_h": 2.17,
    "s2_pass_a": true,
    "s1_pass_a": true,
    "change_cd": "keep_ok",
    "변화": "유지 충족"
   }
  },
  {
   "type": "Feature",
   "geometry": {
    "type": "Point",
    "coordinates": [
     194279.777,
     547250.132
    ]
   },
   "properties": {
    "pid": "여의도중학교 운동장-205",
    "school": "여의도중학교",
    "kind": "운동장 지반",
    "dong": "여의도중학교 운동장",
    "floor": 0,
    "source": "옥외지반 근사",
    "z_m": 0.0,
    "s2_total_h": 4.33,
    "s2_cont_h": 3.33,
    "s2_pass_a": true,
    "s1_pass_a": true,
    "change_cd": "keep_ok",
    "변화": "유지 충족"
   }
  },
  {
   "type": "Feature",
   "geometry": {
    "type": "Point",
    "coordinates": [
     194287.777,
     547250.132
    ]
   },
   "properties": {
    "pid": "여의도중학교 운동장-206",
    "school": "여의도중학교",
    "kind": "운동장 지반",
    "dong": "여의도중학교 운동장",
    "floor": 0,
    "source": "옥외지반 근사",
    "z_m": 0.0,
    "s2_total_h": 5.0,
    "s2_cont_h": 4.33,
    "s2_pass_a": true,
    "s1_pass_a": true,
    "change_cd": "keep_ok",
    "변화": "유지 충족"
   }
  },
  {
   "type": "Feature",
   "geometry": {
    "type": "Point",
    "coordinates": [
     194271.777,
     547258.132
    ]
   },
   "properties": {
    "pid": "여의도중학교 운동장-207",
    "school": "여의도중학교",
    "kind": "운동장 지반",
    "dong": "여의도중학교 운동장",
    "floor": 0,
    "source": "옥외지반 근사",
    "z_m": 0.0,
    "s2_total_h": 5.83,
    "s2_cont_h": 3.17,
    "s2_pass_a": true,
    "s1_pass_a": true,
    "change_cd": "keep_ok",
    "변화": "유지 충족"
   }
  },
  {
   "type": "Feature",
   "geometry": {
    "type": "Point",
    "coordinates": [
     194279.777,
     547258.132
    ]
   },
   "properties": {
    "pid": "여의도중학교 운동장-208",
    "school": "여의도중학교",
    "kind": "운동장 지반",
    "dong": "여의도중학교 운동장",
    "floor": 0,
    "source": "옥외지반 근사",
    "z_m": 0.0,
    "s2_total_h": 5.67,
    "s2_cont_h": 4.17,
    "s2_pass_a": true,
    "s1_pass_a": true,
    "change_cd": "keep_ok",
    "변화": "유지 충족"
   }
  },
  {
   "type": "Feature",
   "geometry": {
    "type": "Point",
    "coordinates": [
     194201.913,
     547016.172
    ]
   },
   "properties": {
    "pid": "본관동 저층부(4층) 3층-1",
    "school": "여의도여자고등학교",
    "kind": "교사동 창면",
    "dong": "본관동 저층부(4층)",
    "floor": 3,
    "source": "도면기준",
    "z_m": 9.4,
    "s2_total_h": 3.67,
    "s2_cont_h": 2.67,
    "s2_pass_a": true,
    "s1_pass_a": true,
    "change_cd": "keep_ok",
    "변화": "유지 충족"
   }
  },
  {
   "type": "Feature",
   "geometry": {
    "type": "Point",
    "coordinates": [
     194201.913,
     547016.172
    ]
   },
   "properties": {
    "pid": "본관동 저층부(4층) 4층-1",
    "school": "여의도여자고등학교",
    "kind": "교사동 창면",
    "dong": "본관동 저층부(4층)",
    "floor": 4,
    "source": "도면기준",
    "z_m": 13.1,
    "s2_total_h": 3.83,
    "s2_cont_h": 2.83,
    "s2_pass_a": true,
    "s1_pass_a": true,
    "change_cd": "keep_ok",
    "변화": "유지 충족"
   }
  },
  {
   "type": "Feature",
   "geometry": {
    "type": "Point",
    "coordinates": [
     194204.746,
     547018.393
    ]
   },
   "properties": {
    "pid": "본관동 저층부(4층) 3층-2",
    "school": "여의도여자고등학교",
    "kind": "교사동 창면",
    "dong": "본관동 저층부(4층)",
    "floor": 3,
    "source": "도면기준",
    "z_m": 9.4,
    "s2_total_h": 3.83,
    "s2_cont_h": 2.83,
    "s2_pass_a": true,
    "s1_pass_a": true,
    "change_cd": "keep_ok",
    "변화": "유지 충족"
   }
  },
  {
   "type": "Feature",
   "geometry": {
    "type": "Point",
    "coordinates": [
     194204.746,
     547018.393
    ]
   },
   "properties": {
    "pid": "본관동 저층부(4층) 4층-2",
    "school": "여의도여자고등학교",
    "kind": "교사동 창면",
    "dong": "본관동 저층부(4층)",
    "floor": 4,
    "source": "도면기준",
    "z_m": 13.1,
    "s2_total_h": 4.0,
    "s2_cont_h": 3.0,
    "s2_pass_a": true,
    "s1_pass_a": true,
    "change_cd": "keep_ok",
    "변화": "유지 충족"
   }
  },
  {
   "type": "Feature",
   "geometry": {
    "type": "Point",
    "coordinates": [
     194208.997,
     547021.723
    ]
   },
   "properties": {
    "pid": "본관동 저층부(4층) 2층-1",
    "school": "여의도여자고등학교",
    "kind": "교사동 창면",
    "dong": "본관동 저층부(4층)",
    "floor": 2,
    "source": "도면기준",
    "z_m": 5.7,
    "s2_total_h": 3.33,
    "s2_cont_h": 2.67,
    "s2_pass_a": true,
    "s1_pass_a": true,
    "change_cd": "keep_ok",
    "변화": "유지 충족"
   }
  },
  {
   "type": "Feature",
   "geometry": {
    "type": "Point",
    "coordinates": [
     194208.997,
     547021.723
    ]
   },
   "properties": {
    "pid": "본관동 저층부(4층) 3층-3",
    "school": "여의도여자고등학교",
    "kind": "교사동 창면",
    "dong": "본관동 저층부(4층)",
    "floor": 3,
    "source": "도면기준",
    "z_m": 9.4,
    "s2_total_h": 3.83,
    "s2_cont_h": 3.0,
    "s2_pass_a": true,
    "s1_pass_a": true,
    "change_cd": "keep_ok",
    "변화": "유지 충족"
   }
  },
  {
   "type": "Feature",
   "geometry": {
    "type": "Point",
    "coordinates": [
     194208.997,
     547021.723
    ]
   },
   "properties": {
    "pid": "본관동 저층부(4층) 4층-3",
    "school": "여의도여자고등학교",
    "kind": "교사동 창면",
    "dong": "본관동 저층부(4층)",
    "floor": 4,
    "source": "도면기준",
    "z_m": 13.1,
    "s2_total_h": 4.0,
    "s2_cont_h": 3.17,
    "s2_pass_a": true,
    "s1_pass_a": true,
    "change_cd": "keep_ok",
    "변화": "유지 충족"
   }
  },
  {
   "type": "Feature",
   "geometry": {
    "type": "Point",
    "coordinates": [
     194211.83,
     547023.944
    ]
   },
   "properties": {
    "pid": "본관동 저층부(4층) 2층-2",
    "school": "여의도여자고등학교",
    "kind": "교사동 창면",
    "dong": "본관동 저층부(4층)",
    "floor": 2,
    "source": "도면기준",
    "z_m": 5.7,
    "s2_total_h": 3.67,
    "s2_cont_h": 2.67,
    "s2_pass_a": true,
    "s1_pass_a": true,
    "change_cd": "keep_ok",
    "변화": "유지 충족"
   }
  },
  {
   "type": "Feature",
   "geometry": {
    "type": "Point",
    "coordinates": [
     194211.83,
     547023.944
    ]
   },
   "properties": {
    "pid": "본관동 저층부(4층) 3층-4",
    "school": "여의도여자고등학교",
    "kind": "교사동 창면",
    "dong": "본관동 저층부(4층)",
    "floor": 3,
    "source": "도면기준",
    "z_m": 9.4,
    "s2_total_h": 4.0,
    "s2_cont_h": 3.0,
    "s2_pass_a": true,
    "s1_pass_a": true,
    "change_cd": "keep_ok",
    "변화": "유지 충족"
   }
  },
  {
   "type": "Feature",
   "geometry": {
    "type": "Point",
    "coordinates": [
     194211.83,
     547023.944
    ]
   },
   "properties": {
    "pid": "본관동 저층부(4층) 4층-4",
    "school": "여의도여자고등학교",
    "kind": "교사동 창면",
    "dong": "본관동 저층부(4층)",
    "floor": 4,
    "source": "도면기준",
    "z_m": 13.1,
    "s2_total_h": 4.17,
    "s2_cont_h": 3.17,
    "s2_pass_a": true,
    "s1_pass_a": true,
    "change_cd": "keep_ok",
    "변화": "유지 충족"
   }
  },
  {
   "type": "Feature",
   "geometry": {
    "type": "Point",
    "coordinates": [
     194216.081,
     547027.275
    ]
   },
   "properties": {
    "pid": "본관동 저층부(4층) 2층-3",
    "school": "여의도여자고등학교",
    "kind": "교사동 창면",
    "dong": "본관동 저층부(4층)",
    "floor": 2,
    "source": "도면기준",
    "z_m": 5.7,
    "s2_total_h": 3.67,
    "s2_cont_h": 2.83,
    "s2_pass_a": true,
    "s1_pass_a": true,
    "change_cd": "keep_ok",
    "변화": "유지 충족"
   }
  },
  {
   "type": "Feature",
   "geometry": {
    "type": "Point",
    "coordinates": [
     194216.081,
     547027.275
    ]
   },
   "properties": {
    "pid": "본관동 저층부(4층) 3층-5",
    "school": "여의도여자고등학교",
    "kind": "교사동 창면",
    "dong": "본관동 저층부(4층)",
    "floor": 3,
    "source": "도면기준",
    "z_m": 9.4,
    "s2_total_h": 4.0,
    "s2_cont_h": 3.17,
    "s2_pass_a": true,
    "s1_pass_a": true,
    "change_cd": "keep_ok",
    "변화": "유지 충족"
   }
  },
  {
   "type": "Feature",
   "geometry": {
    "type": "Point",
    "coordinates": [
     194216.081,
     547027.275
    ]
   },
   "properties": {
    "pid": "본관동 저층부(4층) 4층-5",
    "school": "여의도여자고등학교",
    "kind": "교사동 창면",
    "dong": "본관동 저층부(4층)",
    "floor": 4,
    "source": "도면기준",
    "z_m": 13.1,
    "s2_total_h": 4.17,
    "s2_cont_h": 3.17,
    "s2_pass_a": true,
    "s1_pass_a": true,
    "change_cd": "keep_ok",
    "변화": "유지 충족"
   }
  },
  {
   "type": "Feature",
   "geometry": {
    "type": "Point",
    "coordinates": [
     194218.914,
     547029.495
    ]
   },
   "properties": {
    "pid": "본관동 저층부(4층) 2층-4",
    "school": "여의도여자고등학교",
    "kind": "교사동 창면",
    "dong": "본관동 저층부(4층)",
    "floor": 2,
    "source": "도면기준",
    "z_m": 5.7,
    "s2_total_h": 3.67,
    "s2_cont_h": 2.83,
    "s2_pass_a": true,
    "s1_pass_a": true,
    "change_cd": "keep_ok",
    "변화": "유지 충족"
   }
  },
  {
   "type": "Feature",
   "geometry": {
    "type": "Point",
    "coordinates": [
     194218.914,
     547029.495
    ]
   },
   "properties": {
    "pid": "본관동 저층부(4층) 3층-6",
    "school": "여의도여자고등학교",
    "kind": "교사동 창면",
    "dong": "본관동 저층부(4층)",
    "floor": 3,
    "source": "도면기준",
    "z_m": 9.4,
    "s2_total_h": 3.83,
    "s2_cont_h": 3.0,
    "s2_pass_a": true,
    "s1_pass_a": true,
    "change_cd": "keep_ok",
    "변화": "유지 충족"
   }
  },
  {
   "type": "Feature",
   "geometry": {
    "type": "Point",
    "coordinates": [
     194218.914,
     547029.495
    ]
   },
   "properties": {
    "pid": "본관동 저층부(4층) 4층-6",
    "school": "여의도여자고등학교",
    "kind": "교사동 창면",
    "dong": "본관동 저층부(4층)",
    "floor": 4,
    "source": "도면기준",
    "z_m": 13.1,
    "s2_total_h": 4.0,
    "s2_cont_h": 3.0,
    "s2_pass_a": true,
    "s1_pass_a": true,
    "change_cd": "keep_ok",
    "변화": "유지 충족"
   }
  },
  {
   "type": "Feature",
   "geometry": {
    "type": "Point",
    "coordinates": [
     194222.963,
     547033.318
    ]
   },
   "properties": {
    "pid": "본관동 고층부(5층) 1층-1",
    "school": "여의도여자고등학교",
    "kind": "교사동 창면",
    "dong": "본관동 고층부(5층)",
    "floor": 1,
    "source": "도면기준",
    "z_m": 2.0,
    "s2_total_h": 3.67,
    "s2_cont_h": 2.83,
    "s2_pass_a": true,
    "s1_pass_a": true,
    "change_cd": "keep_ok",
    "변화": "유지 충족"
   }
  },
  {
   "type": "Feature",
   "geometry": {
    "type": "Point",
    "coordinates": [
     194222.963,
     547033.318
    ]
   },
   "properties": {
    "pid": "본관동 고층부(5층) 2층-1",
    "school": "여의도여자고등학교",
    "kind": "교사동 창면",
    "dong": "본관동 고층부(5층)",
    "floor": 2,
    "source": "도면기준",
    "z_m": 5.7,
    "s2_total_h": 3.83,
    "s2_cont_h": 3.0,
    "s2_pass_a": true,
    "s1_pass_a": true,
    "change_cd": "keep_ok",
    "변화": "유지 충족"
   }
  },
  {
   "type": "Feature",
   "geometry": {
    "type": "Point",
    "coordinates": [
     194222.963,
     547033.318
    ]
   },
   "properties": {
    "pid": "본관동 고층부(5층) 3층-1",
    "school": "여의도여자고등학교",
    "kind": "교사동 창면",
    "dong": "본관동 고층부(5층)",
    "floor": 3,
    "source": "도면기준",
    "z_m": 9.4,
    "s2_total_h": 3.83,
    "s2_cont_h": 3.0,
    "s2_pass_a": true,
    "s1_pass_a": true,
    "change_cd": "keep_ok",
    "변화": "유지 충족"
   }
  },
  {
   "type": "Feature",
   "geometry": {
    "type": "Point",
    "coordinates": [
     194222.963,
     547033.318
    ]
   },
   "properties": {
    "pid": "본관동 고층부(5층) 4층-1",
    "school": "여의도여자고등학교",
    "kind": "교사동 창면",
    "dong": "본관동 고층부(5층)",
    "floor": 4,
    "source": "도면기준",
    "z_m": 13.1,
    "s2_total_h": 4.0,
    "s2_cont_h": 3.0,
    "s2_pass_a": true,
    "s1_pass_a": true,
    "change_cd": "keep_ok",
    "변화": "유지 충족"
   }
  },
  {
   "type": "Feature",
   "geometry": {
    "type": "Point",
    "coordinates": [
     194222.963,
     547033.318
    ]
   },
   "properties": {
    "pid": "본관동 고층부(5층) 5층-1",
    "school": "여의도여자고등학교",
    "kind": "교사동 창면",
    "dong": "본관동 고층부(5층)",
    "floor": 5,
    "source": "도면기준",
    "z_m": 16.8,
    "s2_total_h": 4.0,
    "s2_cont_h": 3.0,
    "s2_pass_a": true,
    "s1_pass_a": true,
    "change_cd": "keep_ok",
    "변화": "유지 충족"
   }
  },
  {
   "type": "Feature",
   "geometry": {
    "type": "Point",
    "coordinates": [
     194225.795,
     547035.541
    ]
   },
   "properties": {
    "pid": "본관동 고층부(5층) 1층-2",
    "school": "여의도여자고등학교",
    "kind": "교사동 창면",
    "dong": "본관동 고층부(5층)",
    "floor": 1,
    "source": "도면기준",
    "z_m": 2.0,
    "s2_total_h": 3.67,
    "s2_cont_h": 2.83,
    "s2_pass_a": true,
    "s1_pass_a": true,
    "change_cd": "keep_ok",
    "변화": "유지 충족"
   }
  },
  {
   "type": "Feature",
   "geometry": {
    "type": "Point",
    "coordinates": [
     194225.795,
     547035.541
    ]
   },
   "properties": {
    "pid": "본관동 고층부(5층) 2층-2",
    "school": "여의도여자고등학교",
    "kind": "교사동 창면",
    "dong": "본관동 고층부(5층)",
    "floor": 2,
    "source": "도면기준",
    "z_m": 5.7,
    "s2_total_h": 3.67,
    "s2_cont_h": 2.83,
    "s2_pass_a": true,
    "s1_pass_a": true,
    "change_cd": "keep_ok",
    "변화": "유지 충족"
   }
  },
  {
   "type": "Feature",
   "geometry": {
    "type": "Point",
    "coordinates": [
     194225.795,
     547035.541
    ]
   },
   "properties": {
    "pid": "본관동 고층부(5층) 3층-2",
    "school": "여의도여자고등학교",
    "kind": "교사동 창면",
    "dong": "본관동 고층부(5층)",
    "floor": 3,
    "source": "도면기준",
    "z_m": 9.4,
    "s2_total_h": 3.83,
    "s2_cont_h": 2.83,
    "s2_pass_a": true,
    "s1_pass_a": true,
    "change_cd": "keep_ok",
    "변화": "유지 충족"
   }
  },
  {
   "type": "Feature",
   "geometry": {
    "type": "Point",
    "coordinates": [
     194225.795,
     547035.541
    ]
   },
   "properties": {
    "pid": "본관동 고층부(5층) 4층-2",
    "school": "여의도여자고등학교",
    "kind": "교사동 창면",
    "dong": "본관동 고층부(5층)",
    "floor": 4,
    "source": "도면기준",
    "z_m": 13.1,
    "s2_total_h": 3.83,
    "s2_cont_h": 2.83,
    "s2_pass_a": true,
    "s1_pass_a": true,
    "change_cd": "keep_ok",
    "변화": "유지 충족"
   }
  },
  {
   "type": "Feature",
   "geometry": {
    "type": "Point",
    "coordinates": [
     194225.795,
     547035.541
    ]
   },
   "properties": {
    "pid": "본관동 고층부(5층) 5층-2",
    "school": "여의도여자고등학교",
    "kind": "교사동 창면",
    "dong": "본관동 고층부(5층)",
    "floor": 5,
    "source": "도면기준",
    "z_m": 16.8,
    "s2_total_h": 3.83,
    "s2_cont_h": 2.83,
    "s2_pass_a": true,
    "s1_pass_a": true,
    "change_cd": "keep_ok",
    "변화": "유지 충족"
   }
  },
  {
   "type": "Feature",
   "geometry": {
    "type": "Point",
    "coordinates": [
     194230.042,
     547038.877
    ]
   },
   "properties": {
    "pid": "본관동 고층부(5층) 1층-3",
    "school": "여의도여자고등학교",
    "kind": "교사동 창면",
    "dong": "본관동 고층부(5층)",
    "floor": 1,
    "source": "도면기준",
    "z_m": 2.0,
    "s2_total_h": 3.67,
    "s2_cont_h": 2.83,
    "s2_pass_a": true,
    "s1_pass_a": true,
    "change_cd": "keep_ok",
    "변화": "유지 충족"
   }
  },
  {
   "type": "Feature",
   "geometry": {
    "type": "Point",
    "coordinates": [
     194230.042,
     547038.877
    ]
   },
   "properties": {
    "pid": "본관동 고층부(5층) 2층-3",
    "school": "여의도여자고등학교",
    "kind": "교사동 창면",
    "dong": "본관동 고층부(5층)",
    "floor": 2,
    "source": "도면기준",
    "z_m": 5.7,
    "s2_total_h": 3.67,
    "s2_cont_h": 2.83,
    "s2_pass_a": true,
    "s1_pass_a": true,
    "change_cd": "keep_ok",
    "변화": "유지 충족"
   }
  },
  {
   "type": "Feature",
   "geometry": {
    "type": "Point",
    "coordinates": [
     194230.042,
     547038.877
    ]
   },
   "properties": {
    "pid": "본관동 고층부(5층) 3층-3",
    "school": "여의도여자고등학교",
    "kind": "교사동 창면",
    "dong": "본관동 고층부(5층)",
    "floor": 3,
    "source": "도면기준",
    "z_m": 9.4,
    "s2_total_h": 3.83,
    "s2_cont_h": 2.83,
    "s2_pass_a": true,
    "s1_pass_a": true,
    "change_cd": "keep_ok",
    "변화": "유지 충족"
   }
  },
  {
   "type": "Feature",
   "geometry": {
    "type": "Point",
    "coordinates": [
     194230.042,
     547038.877
    ]
   },
   "properties": {
    "pid": "본관동 고층부(5층) 4층-3",
    "school": "여의도여자고등학교",
    "kind": "교사동 창면",
    "dong": "본관동 고층부(5층)",
    "floor": 4,
    "source": "도면기준",
    "z_m": 13.1,
    "s2_total_h": 3.83,
    "s2_cont_h": 2.83,
    "s2_pass_a": true,
    "s1_pass_a": true,
    "change_cd": "keep_ok",
    "변화": "유지 충족"
   }
  },
  {
   "type": "Feature",
   "geometry": {
    "type": "Point",
    "coordinates": [
     194230.042,
     547038.877
    ]
   },
   "properties": {
    "pid": "본관동 고층부(5층) 5층-3",
    "school": "여의도여자고등학교",
    "kind": "교사동 창면",
    "dong": "본관동 고층부(5층)",
    "floor": 5,
    "source": "도면기준",
    "z_m": 16.8,
    "s2_total_h": 3.83,
    "s2_cont_h": 2.83,
    "s2_pass_a": true,
    "s1_pass_a": true,
    "change_cd": "keep_ok",
    "변화": "유지 충족"
   }
  },
  {
   "type": "Feature",
   "geometry": {
    "type": "Point",
    "coordinates": [
     194232.872,
     547041.102
    ]
   },
   "properties": {
    "pid": "본관동 고층부(5층) 1층-4",
    "school": "여의도여자고등학교",
    "kind": "교사동 창면",
    "dong": "본관동 고층부(5층)",
    "floor": 1,
    "source": "도면기준",
    "z_m": 2.0,
    "s2_total_h": 4.0,
    "s2_cont_h": 2.83,
    "s2_pass_a": true,
    "s1_pass_a": true,
    "change_cd": "keep_ok",
    "변화": "유지 충족"
   }
  },
  {
   "type": "Feature",
   "geometry": {
    "type": "Point",
    "coordinates": [
     194232.872,
     547041.102
    ]
   },
   "properties": {
    "pid": "본관동 고층부(5층) 2층-4",
    "school": "여의도여자고등학교",
    "kind": "교사동 창면",
    "dong": "본관동 고층부(5층)",
    "floor": 2,
    "source": "도면기준",
    "z_m": 5.7,
    "s2_total_h": 4.0,
    "s2_cont_h": 2.83,
    "s2_pass_a": true,
    "s1_pass_a": true,
    "change_cd": "keep_ok",
    "변화": "유지 충족"
   }
  },
  {
   "type": "Feature",
   "geometry": {
    "type": "Point",
    "coordinates": [
     194232.872,
     547041.102
    ]
   },
   "properties": {
    "pid": "본관동 고층부(5층) 3층-4",
    "school": "여의도여자고등학교",
    "kind": "교사동 창면",
    "dong": "본관동 고층부(5층)",
    "floor": 3,
    "source": "도면기준",
    "z_m": 9.4,
    "s2_total_h": 4.17,
    "s2_cont_h": 2.83,
    "s2_pass_a": true,
    "s1_pass_a": true,
    "change_cd": "keep_ok",
    "변화": "유지 충족"
   }
  },
  {
   "type": "Feature",
   "geometry": {
    "type": "Point",
    "coordinates": [
     194232.872,
     547041.102
    ]
   },
   "properties": {
    "pid": "본관동 고층부(5층) 4층-4",
    "school": "여의도여자고등학교",
    "kind": "교사동 창면",
    "dong": "본관동 고층부(5층)",
    "floor": 4,
    "source": "도면기준",
    "z_m": 13.1,
    "s2_total_h": 4.17,
    "s2_cont_h": 2.83,
    "s2_pass_a": true,
    "s1_pass_a": true,
    "change_cd": "keep_ok",
    "변화": "유지 충족"
   }
  },
  {
   "type": "Feature",
   "geometry": {
    "type": "Point",
    "coordinates": [
     194232.872,
     547041.102
    ]
   },
   "properties": {
    "pid": "본관동 고층부(5층) 5층-4",
    "school": "여의도여자고등학교",
    "kind": "교사동 창면",
    "dong": "본관동 고층부(5층)",
    "floor": 5,
    "source": "도면기준",
    "z_m": 16.8,
    "s2_total_h": 4.33,
    "s2_cont_h": 2.83,
    "s2_pass_a": true,
    "s1_pass_a": true,
    "change_cd": "keep_ok",
    "변화": "유지 충족"
   }
  },
  {
   "type": "Feature",
   "geometry": {
    "type": "Point",
    "coordinates": [
     194237.117,
     547044.439
    ]
   },
   "properties": {
    "pid": "본관동 고층부(5층) 1층-5",
    "school": "여의도여자고등학교",
    "kind": "교사동 창면",
    "dong": "본관동 고층부(5층)",
    "floor": 1,
    "source": "도면기준",
    "z_m": 2.0,
    "s2_total_h": 4.17,
    "s2_cont_h": 2.67,
    "s2_pass_a": true,
    "s1_pass_a": true,
    "change_cd": "keep_ok",
    "변화": "유지 충족"
   }
  },
  {
   "type": "Feature",
   "geometry": {
    "type": "Point",
    "coordinates": [
     194237.117,
     547044.439
    ]
   },
   "properties": {
    "pid": "본관동 고층부(5층) 2층-5",
    "school": "여의도여자고등학교",
    "kind": "교사동 창면",
    "dong": "본관동 고층부(5층)",
    "floor": 2,
    "source": "도면기준",
    "z_m": 5.7,
    "s2_total_h": 4.33,
    "s2_cont_h": 2.67,
    "s2_pass_a": true,
    "s1_pass_a": true,
    "change_cd": "keep_ok",
    "변화": "유지 충족"
   }
  },
  {
   "type": "Feature",
   "geometry": {
    "type": "Point",
    "coordinates": [
     194237.117,
     547044.439
    ]
   },
   "properties": {
    "pid": "본관동 고층부(5층) 3층-5",
    "school": "여의도여자고등학교",
    "kind": "교사동 창면",
    "dong": "본관동 고층부(5층)",
    "floor": 3,
    "source": "도면기준",
    "z_m": 9.4,
    "s2_total_h": 4.33,
    "s2_cont_h": 2.67,
    "s2_pass_a": true,
    "s1_pass_a": true,
    "change_cd": "keep_ok",
    "변화": "유지 충족"
   }
  },
  {
   "type": "Feature",
   "geometry": {
    "type": "Point",
    "coordinates": [
     194237.117,
     547044.439
    ]
   },
   "properties": {
    "pid": "본관동 고층부(5층) 4층-5",
    "school": "여의도여자고등학교",
    "kind": "교사동 창면",
    "dong": "본관동 고층부(5층)",
    "floor": 4,
    "source": "도면기준",
    "z_m": 13.1,
    "s2_total_h": 4.33,
    "s2_cont_h": 2.67,
    "s2_pass_a": true,
    "s1_pass_a": true,
    "change_cd": "keep_ok",
    "변화": "유지 충족"
   }
  },
  {
   "type": "Feature",
   "geometry": {
    "type": "Point",
    "coordinates": [
     194237.117,
     547044.439
    ]
   },
   "properties": {
    "pid": "본관동 고층부(5층) 5층-5",
    "school": "여의도여자고등학교",
    "kind": "교사동 창면",
    "dong": "본관동 고층부(5층)",
    "floor": 5,
    "source": "도면기준",
    "z_m": 16.8,
    "s2_total_h": 4.5,
    "s2_cont_h": 2.67,
    "s2_pass_a": true,
    "s1_pass_a": true,
    "change_cd": "keep_ok",
    "변화": "유지 충족"
   }
  },
  {
   "type": "Feature",
   "geometry": {
    "type": "Point",
    "coordinates": [
     194239.948,
     547046.663
    ]
   },
   "properties": {
    "pid": "본관동 고층부(5층) 1층-6",
    "school": "여의도여자고등학교",
    "kind": "교사동 창면",
    "dong": "본관동 고층부(5층)",
    "floor": 1,
    "source": "도면기준",
    "z_m": 2.0,
    "s2_total_h": 3.83,
    "s2_cont_h": 2.5,
    "s2_pass_a": true,
    "s1_pass_a": true,
    "change_cd": "keep_ok",
    "변화": "유지 충족"
   }
  },
  {
   "type": "Feature",
   "geometry": {
    "type": "Point",
    "coordinates": [
     194239.948,
     547046.663
    ]
   },
   "properties": {
    "pid": "본관동 고층부(5층) 2층-6",
    "school": "여의도여자고등학교",
    "kind": "교사동 창면",
    "dong": "본관동 고층부(5층)",
    "floor": 2,
    "source": "도면기준",
    "z_m": 5.7,
    "s2_total_h": 4.0,
    "s2_cont_h": 2.5,
    "s2_pass_a": true,
    "s1_pass_a": true,
    "change_cd": "keep_ok",
    "변화": "유지 충족"
   }
  },
  {
   "type": "Feature",
   "geometry": {
    "type": "Point",
    "coordinates": [
     194239.948,
     547046.663
    ]
   },
   "properties": {
    "pid": "본관동 고층부(5층) 3층-6",
    "school": "여의도여자고등학교",
    "kind": "교사동 창면",
    "dong": "본관동 고층부(5층)",
    "floor": 3,
    "source": "도면기준",
    "z_m": 9.4,
    "s2_total_h": 4.17,
    "s2_cont_h": 2.5,
    "s2_pass_a": true,
    "s1_pass_a": true,
    "change_cd": "keep_ok",
    "변화": "유지 충족"
   }
  },
  {
   "type": "Feature",
   "geometry": {
    "type": "Point",
    "coordinates": [
     194239.948,
     547046.663
    ]
   },
   "properties": {
    "pid": "본관동 고층부(5층) 4층-6",
    "school": "여의도여자고등학교",
    "kind": "교사동 창면",
    "dong": "본관동 고층부(5층)",
    "floor": 4,
    "source": "도면기준",
    "z_m": 13.1,
    "s2_total_h": 4.17,
    "s2_cont_h": 2.5,
    "s2_pass_a": true,
    "s1_pass_a": true,
    "change_cd": "keep_ok",
    "변화": "유지 충족"
   }
  },
  {
   "type": "Feature",
   "geometry": {
    "type": "Point",
    "coordinates": [
     194239.948,
     547046.663
    ]
   },
   "properties": {
    "pid": "본관동 고층부(5층) 5층-6",
    "school": "여의도여자고등학교",
    "kind": "교사동 창면",
    "dong": "본관동 고층부(5층)",
    "floor": 5,
    "source": "도면기준",
    "z_m": 16.8,
    "s2_total_h": 4.33,
    "s2_cont_h": 2.5,
    "s2_pass_a": true,
    "s1_pass_a": true,
    "change_cd": "keep_ok",
    "변화": "유지 충족"
   }
  },
  {
   "type": "Feature",
   "geometry": {
    "type": "Point",
    "coordinates": [
     194244.193,
     547050.0
    ]
   },
   "properties": {
    "pid": "본관동 고층부(5층) 1층-7",
    "school": "여의도여자고등학교",
    "kind": "교사동 창면",
    "dong": "본관동 고층부(5층)",
    "floor": 1,
    "source": "도면기준",
    "z_m": 2.0,
    "s2_total_h": 4.17,
    "s2_cont_h": 2.5,
    "s2_pass_a": true,
    "s1_pass_a": true,
    "change_cd": "keep_ok",
    "변화": "유지 충족"
   }
  },
  {
   "type": "Feature",
   "geometry": {
    "type": "Point",
    "coordinates": [
     194244.193,
     547050.0
    ]
   },
   "properties": {
    "pid": "본관동 고층부(5층) 2층-7",
    "school": "여의도여자고등학교",
    "kind": "교사동 창면",
    "dong": "본관동 고층부(5층)",
    "floor": 2,
    "source": "도면기준",
    "z_m": 5.7,
    "s2_total_h": 4.17,
    "s2_cont_h": 2.5,
    "s2_pass_a": true,
    "s1_pass_a": true,
    "change_cd": "keep_ok",
    "변화": "유지 충족"
   }
  },
  {
   "type": "Feature",
   "geometry": {
    "type": "Point",
    "coordinates": [
     194244.193,
     547050.0
    ]
   },
   "properties": {
    "pid": "본관동 고층부(5층) 3층-7",
    "school": "여의도여자고등학교",
    "kind": "교사동 창면",
    "dong": "본관동 고층부(5층)",
    "floor": 3,
    "source": "도면기준",
    "z_m": 9.4,
    "s2_total_h": 4.5,
    "s2_cont_h": 2.5,
    "s2_pass_a": true,
    "s1_pass_a": true,
    "change_cd": "keep_ok",
    "변화": "유지 충족"
   }
  },
  {
   "type": "Feature",
   "geometry": {
    "type": "Point",
    "coordinates": [
     194244.193,
     547050.0
    ]
   },
   "properties": {
    "pid": "본관동 고층부(5층) 4층-7",
    "school": "여의도여자고등학교",
    "kind": "교사동 창면",
    "dong": "본관동 고층부(5층)",
    "floor": 4,
    "source": "도면기준",
    "z_m": 13.1,
    "s2_total_h": 4.83,
    "s2_cont_h": 2.5,
    "s2_pass_a": true,
    "s1_pass_a": true,
    "change_cd": "keep_ok",
    "변화": "유지 충족"
   }
  },
  {
   "type": "Feature",
   "geometry": {
    "type": "Point",
    "coordinates": [
     194244.193,
     547050.0
    ]
   },
   "properties": {
    "pid": "본관동 고층부(5층) 5층-7",
    "school": "여의도여자고등학교",
    "kind": "교사동 창면",
    "dong": "본관동 고층부(5층)",
    "floor": 5,
    "source": "도면기준",
    "z_m": 16.8,
    "s2_total_h": 4.83,
    "s2_cont_h": 2.5,
    "s2_pass_a": true,
    "s1_pass_a": true,
    "change_cd": "keep_ok",
    "변화": "유지 충족"
   }
  },
  {
   "type": "Feature",
   "geometry": {
    "type": "Point",
    "coordinates": [
     194247.023,
     547052.225
    ]
   },
   "properties": {
    "pid": "본관동 고층부(5층) 1층-8",
    "school": "여의도여자고등학교",
    "kind": "교사동 창면",
    "dong": "본관동 고층부(5층)",
    "floor": 1,
    "source": "도면기준",
    "z_m": 2.0,
    "s2_total_h": 3.83,
    "s2_cont_h": 2.33,
    "s2_pass_a": true,
    "s1_pass_a": true,
    "change_cd": "keep_ok",
    "변화": "유지 충족"
   }
  },
  {
   "type": "Feature",
   "geometry": {
    "type": "Point",
    "coordinates": [
     194247.023,
     547052.225
    ]
   },
   "properties": {
    "pid": "본관동 고층부(5층) 2층-8",
    "school": "여의도여자고등학교",
    "kind": "교사동 창면",
    "dong": "본관동 고층부(5층)",
    "floor": 2,
    "source": "도면기준",
    "z_m": 5.7,
    "s2_total_h": 4.0,
    "s2_cont_h": 2.33,
    "s2_pass_a": true,
    "s1_pass_a": true,
    "change_cd": "keep_ok",
    "변화": "유지 충족"
   }
  },
  {
   "type": "Feature",
   "geometry": {
    "type": "Point",
    "coordinates": [
     194247.023,
     547052.225
    ]
   },
   "properties": {
    "pid": "본관동 고층부(5층) 3층-8",
    "school": "여의도여자고등학교",
    "kind": "교사동 창면",
    "dong": "본관동 고층부(5층)",
    "floor": 3,
    "source": "도면기준",
    "z_m": 9.4,
    "s2_total_h": 4.5,
    "s2_cont_h": 2.33,
    "s2_pass_a": true,
    "s1_pass_a": true,
    "change_cd": "keep_ok",
    "변화": "유지 충족"
   }
  },
  {
   "type": "Feature",
   "geometry": {
    "type": "Point",
    "coordinates": [
     194247.023,
     547052.225
    ]
   },
   "properties": {
    "pid": "본관동 고층부(5층) 4층-8",
    "school": "여의도여자고등학교",
    "kind": "교사동 창면",
    "dong": "본관동 고층부(5층)",
    "floor": 4,
    "source": "도면기준",
    "z_m": 13.1,
    "s2_total_h": 4.83,
    "s2_cont_h": 2.33,
    "s2_pass_a": true,
    "s1_pass_a": true,
    "change_cd": "keep_ok",
    "변화": "유지 충족"
   }
  },
  {
   "type": "Feature",
   "geometry": {
    "type": "Point",
    "coordinates": [
     194247.023,
     547052.225
    ]
   },
   "properties": {
    "pid": "본관동 고층부(5층) 5층-8",
    "school": "여의도여자고등학교",
    "kind": "교사동 창면",
    "dong": "본관동 고층부(5층)",
    "floor": 5,
    "source": "도면기준",
    "z_m": 16.8,
    "s2_total_h": 4.83,
    "s2_cont_h": 2.33,
    "s2_pass_a": true,
    "s1_pass_a": true,
    "change_cd": "keep_ok",
    "변화": "유지 충족"
   }
  },
  {
   "type": "Feature",
   "geometry": {
    "type": "Point",
    "coordinates": [
     194251.269,
     547055.562
    ]
   },
   "properties": {
    "pid": "본관동 고층부(5층) 1층-9",
    "school": "여의도여자고등학교",
    "kind": "교사동 창면",
    "dong": "본관동 고층부(5층)",
    "floor": 1,
    "source": "도면기준",
    "z_m": 2.0,
    "s2_total_h": 3.33,
    "s2_cont_h": 2.33,
    "s2_pass_a": true,
    "s1_pass_a": true,
    "change_cd": "keep_ok",
    "변화": "유지 충족"
   }
  },
  {
   "type": "Feature",
   "geometry": {
    "type": "Point",
    "coordinates": [
     194251.269,
     547055.562
    ]
   },
   "properties": {
    "pid": "본관동 고층부(5층) 2층-9",
    "school": "여의도여자고등학교",
    "kind": "교사동 창면",
    "dong": "본관동 고층부(5층)",
    "floor": 2,
    "source": "도면기준",
    "z_m": 5.7,
    "s2_total_h": 3.67,
    "s2_cont_h": 2.33,
    "s2_pass_a": true,
    "s1_pass_a": true,
    "change_cd": "keep_ok",
    "변화": "유지 충족"
   }
  },
  {
   "type": "Feature",
   "geometry": {
    "type": "Point",
    "coordinates": [
     194251.269,
     547055.562
    ]
   },
   "properties": {
    "pid": "본관동 고층부(5층) 3층-9",
    "school": "여의도여자고등학교",
    "kind": "교사동 창면",
    "dong": "본관동 고층부(5층)",
    "floor": 3,
    "source": "도면기준",
    "z_m": 9.4,
    "s2_total_h": 3.83,
    "s2_cont_h": 2.33,
    "s2_pass_a": true,
    "s1_pass_a": true,
    "change_cd": "keep_ok",
    "변화": "유지 충족"
   }
  },
  {
   "type": "Feature",
   "geometry": {
    "type": "Point",
    "coordinates": [
     194251.269,
     547055.562
    ]
   },
   "properties": {
    "pid": "본관동 고층부(5층) 4층-9",
    "school": "여의도여자고등학교",
    "kind": "교사동 창면",
    "dong": "본관동 고층부(5층)",
    "floor": 4,
    "source": "도면기준",
    "z_m": 13.1,
    "s2_total_h": 4.67,
    "s2_cont_h": 2.33,
    "s2_pass_a": true,
    "s1_pass_a": true,
    "change_cd": "keep_ok",
    "변화": "유지 충족"
   }
  },
  {
   "type": "Feature",
   "geometry": {
    "type": "Point",
    "coordinates": [
     194251.269,
     547055.562
    ]
   },
   "properties": {
    "pid": "본관동 고층부(5층) 5층-9",
    "school": "여의도여자고등학교",
    "kind": "교사동 창면",
    "dong": "본관동 고층부(5층)",
    "floor": 5,
    "source": "도면기준",
    "z_m": 16.8,
    "s2_total_h": 4.67,
    "s2_cont_h": 2.33,
    "s2_pass_a": true,
    "s1_pass_a": true,
    "change_cd": "keep_ok",
    "변화": "유지 충족"
   }
  },
  {
   "type": "Feature",
   "geometry": {
    "type": "Point",
    "coordinates": [
     194254.099,
     547057.787
    ]
   },
   "properties": {
    "pid": "본관동 고층부(5층) 1층-10",
    "school": "여의도여자고등학교",
    "kind": "교사동 창면",
    "dong": "본관동 고층부(5층)",
    "floor": 1,
    "source": "도면기준",
    "z_m": 2.0,
    "s2_total_h": 3.0,
    "s2_cont_h": 2.17,
    "s2_pass_a": true,
    "s1_pass_a": true,
    "change_cd": "keep_ok",
    "변화": "유지 충족"
   }
  },
  {
   "type": "Feature",
   "geometry": {
    "type": "Point",
    "coordinates": [
     194254.099,
     547057.787
    ]
   },
   "properties": {
    "pid": "본관동 고층부(5층) 2층-10",
    "school": "여의도여자고등학교",
    "kind": "교사동 창면",
    "dong": "본관동 고층부(5층)",
    "floor": 2,
    "source": "도면기준",
    "z_m": 5.7,
    "s2_total_h": 3.33,
    "s2_cont_h": 2.17,
    "s2_pass_a": true,
    "s1_pass_a": true,
    "change_cd": "keep_ok",
    "변화": "유지 충족"
   }
  },
  {
   "type": "Feature",
   "geometry": {
    "type": "Point",
    "coordinates": [
     194254.099,
     547057.787
    ]
   },
   "properties": {
    "pid": "본관동 고층부(5층) 3층-10",
    "school": "여의도여자고등학교",
    "kind": "교사동 창면",
    "dong": "본관동 고층부(5층)",
    "floor": 3,
    "source": "도면기준",
    "z_m": 9.4,
    "s2_total_h": 4.0,
    "s2_cont_h": 2.17,
    "s2_pass_a": true,
    "s1_pass_a": true,
    "change_cd": "keep_ok",
    "변화": "유지 충족"
   }
  },
  {
   "type": "Feature",
   "geometry": {
    "type": "Point",
    "coordinates": [
     194254.099,
     547057.787
    ]
   },
   "properties": {
    "pid": "본관동 고층부(5층) 4층-10",
    "school": "여의도여자고등학교",
    "kind": "교사동 창면",
    "dong": "본관동 고층부(5층)",
    "floor": 4,
    "source": "도면기준",
    "z_m": 13.1,
    "s2_total_h": 4.5,
    "s2_cont_h": 2.17,
    "s2_pass_a": true,
    "s1_pass_a": true,
    "change_cd": "keep_ok",
    "변화": "유지 충족"
   }
  },
  {
   "type": "Feature",
   "geometry": {
    "type": "Point",
    "coordinates": [
     194254.099,
     547057.787
    ]
   },
   "properties": {
    "pid": "본관동 고층부(5층) 5층-10",
    "school": "여의도여자고등학교",
    "kind": "교사동 창면",
    "dong": "본관동 고층부(5층)",
    "floor": 5,
    "source": "도면기준",
    "z_m": 16.8,
    "s2_total_h": 4.5,
    "s2_cont_h": 2.17,
    "s2_pass_a": true,
    "s1_pass_a": true,
    "change_cd": "keep_ok",
    "변화": "유지 충족"
   }
  },
  {
   "type": "Feature",
   "geometry": {
    "type": "Point",
    "coordinates": [
     194281.05,
     547027.374
    ]
   },
   "properties": {
    "pid": "A동(3층) A동 남서면 1층-1",
    "school": "여의도여자고등학교",
    "kind": "교사동 창면",
    "dong": "A동(3층)",
    "floor": 1,
    "source": "도면기준",
    "z_m": 2.3,
    "s2_total_h": 3.17,
    "s2_cont_h": 2.5,
    "s2_pass_a": true,
    "s1_pass_a": false,
    "change_cd": "new_ok",
    "변화": "신규 충족"
   }
  },
  {
   "type": "Feature",
   "geometry": {
    "type": "Point",
    "coordinates": [
     194281.05,
     547027.374
    ]
   },
   "properties": {
    "pid": "A동(3층) A동 남서면 2층-1",
    "school": "여의도여자고등학교",
    "kind": "교사동 창면",
    "dong": "A동(3층)",
    "floor": 2,
    "source": "도면기준",
    "z_m": 6.3,
    "s2_total_h": 3.17,
    "s2_cont_h": 2.5,
    "s2_pass_a": true,
    "s1_pass_a": false,
    "change_cd": "new_ok",
    "변화": "신규 충족"
   }
  },
  {
   "type": "Feature",
   "geometry": {
    "type": "Point",
    "coordinates": [
     194283.816,
     547023.824
    ]
   },
   "properties": {
    "pid": "A동(3층) A동 남서면 1층-2",
    "school": "여의도여자고등학교",
    "kind": "교사동 창면",
    "dong": "A동(3층)",
    "floor": 1,
    "source": "도면기준",
    "z_m": 2.3,
    "s2_total_h": 3.17,
    "s2_cont_h": 2.5,
    "s2_pass_a": true,
    "s1_pass_a": false,
    "change_cd": "new_ok",
    "변화": "신규 충족"
   }
  },
  {
   "type": "Feature",
   "geometry": {
    "type": "Point",
    "coordinates": [
     194283.816,
     547023.824
    ]
   },
   "properties": {
    "pid": "A동(3층) A동 남서면 2층-2",
    "school": "여의도여자고등학교",
    "kind": "교사동 창면",
    "dong": "A동(3층)",
    "floor": 2,
    "source": "도면기준",
    "z_m": 6.3,
    "s2_total_h": 3.33,
    "s2_cont_h": 2.67,
    "s2_pass_a": true,
    "s1_pass_a": false,
    "change_cd": "new_ok",
    "변화": "신규 충족"
   }
  },
  {
   "type": "Feature",
   "geometry": {
    "type": "Point",
    "coordinates": [
     194286.581,
     547020.275
    ]
   },
   "properties": {
    "pid": "A동(3층) A동 남서면 1층-3",
    "school": "여의도여자고등학교",
    "kind": "교사동 창면",
    "dong": "A동(3층)",
    "floor": 1,
    "source": "도면기준",
    "z_m": 2.3,
    "s2_total_h": 2.67,
    "s2_cont_h": 2.17,
    "s2_pass_a": true,
    "s1_pass_a": false,
    "change_cd": "new_ok",
    "변화": "신규 충족"
   }
  },
  {
   "type": "Feature",
   "geometry": {
    "type": "Point",
    "coordinates": [
     194286.581,
     547020.275
    ]
   },
   "properties": {
    "pid": "A동(3층) A동 남서면 2층-3",
    "school": "여의도여자고등학교",
    "kind": "교사동 창면",
    "dong": "A동(3층)",
    "floor": 2,
    "source": "도면기준",
    "z_m": 6.3,
    "s2_total_h": 3.17,
    "s2_cont_h": 2.67,
    "s2_pass_a": true,
    "s1_pass_a": false,
    "change_cd": "new_ok",
    "변화": "신규 충족"
   }
  },
  {
   "type": "Feature",
   "geometry": {
    "type": "Point",
    "coordinates": [
     194289.347,
     547016.725
    ]
   },
   "properties": {
    "pid": "A동(3층) A동 남서면 1층-4",
    "school": "여의도여자고등학교",
    "kind": "교사동 창면",
    "dong": "A동(3층)",
    "floor": 1,
    "source": "도면기준",
    "z_m": 2.3,
    "s2_total_h": 2.0,
    "s2_cont_h": 1.67,
    "s2_pass_a": false,
    "s1_pass_a": false,
    "change_cd": "keep_fail",
    "변화": "유지 불충족"
   }
  },
  {
   "type": "Feature",
   "geometry": {
    "type": "Point",
    "coordinates": [
     194289.347,
     547016.725
    ]
   },
   "properties": {
    "pid": "A동(3층) A동 남서면 2층-4",
    "school": "여의도여자고등학교",
    "kind": "교사동 창면",
    "dong": "A동(3층)",
    "floor": 2,
    "source": "도면기준",
    "z_m": 6.3,
    "s2_total_h": 2.67,
    "s2_cont_h": 2.33,
    "s2_pass_a": true,
    "s1_pass_a": false,
    "change_cd": "new_ok",
    "변화": "신규 충족"
   }
  },
  {
   "type": "Feature",
   "geometry": {
    "type": "Point",
    "coordinates": [
     194292.112,
     547013.175
    ]
   },
   "properties": {
    "pid": "A동(3층) A동 남서면 1층-5",
    "school": "여의도여자고등학교",
    "kind": "교사동 창면",
    "dong": "A동(3층)",
    "floor": 1,
    "source": "도면기준",
    "z_m": 2.3,
    "s2_total_h": 1.33,
    "s2_cont_h": 1.17,
    "s2_pass_a": false,
    "s1_pass_a": false,
    "change_cd": "keep_fail",
    "변화": "유지 불충족"
   }
  },
  {
   "type": "Feature",
   "geometry": {
    "type": "Point",
    "coordinates": [
     194292.112,
     547013.175
    ]
   },
   "properties": {
    "pid": "A동(3층) A동 남서면 2층-5",
    "school": "여의도여자고등학교",
    "kind": "교사동 창면",
    "dong": "A동(3층)",
    "floor": 2,
    "source": "도면기준",
    "z_m": 6.3,
    "s2_total_h": 2.17,
    "s2_cont_h": 2.0,
    "s2_pass_a": true,
    "s1_pass_a": false,
    "change_cd": "new_ok",
    "변화": "신규 충족"
   }
  },
  {
   "type": "Feature",
   "geometry": {
    "type": "Point",
    "coordinates": [
     194296.174,
     547012.272
    ]
   },
   "properties": {
    "pid": "A동(3층) A동 남동면 1층-1",
    "school": "여의도여자고등학교",
    "kind": "교사동 창면",
    "dong": "A동(3층)",
    "floor": 1,
    "source": "도면기준",
    "z_m": 2.3,
    "s2_total_h": 3.17,
    "s2_cont_h": 2.17,
    "s2_pass_a": true,
    "s1_pass_a": true,
    "change_cd": "keep_ok",
    "변화": "유지 충족"
   }
  },
  {
   "type": "Feature",
   "geometry": {
    "type": "Point",
    "coordinates": [
     194296.174,
     547012.272
    ]
   },
   "properties": {
    "pid": "A동(3층) A동 남동면 2층-1",
    "school": "여의도여자고등학교",
    "kind": "교사동 창면",
    "dong": "A동(3층)",
    "floor": 2,
    "source": "도면기준",
    "z_m": 6.3,
    "s2_total_h": 3.83,
    "s2_cont_h": 2.17,
    "s2_pass_a": true,
    "s1_pass_a": true,
    "change_cd": "keep_ok",
    "변화": "유지 충족"
   }
  },
  {
   "type": "Feature",
   "geometry": {
    "type": "Point",
    "coordinates": [
     194299.725,
     547015.037
    ]
   },
   "properties": {
    "pid": "A동(3층) A동 남동면 1층-2",
    "school": "여의도여자고등학교",
    "kind": "교사동 창면",
    "dong": "A동(3층)",
    "floor": 1,
    "source": "도면기준",
    "z_m": 2.3,
    "s2_total_h": 3.33,
    "s2_cont_h": 2.5,
    "s2_pass_a": true,
    "s1_pass_a": true,
    "change_cd": "keep_ok",
    "변화": "유지 충족"
   }
  },
  {
   "type": "Feature",
   "geometry": {
    "type": "Point",
    "coordinates": [
     194299.725,
     547015.037
    ]
   },
   "properties": {
    "pid": "A동(3층) A동 남동면 2층-2",
    "school": "여의도여자고등학교",
    "kind": "교사동 창면",
    "dong": "A동(3층)",
    "floor": 2,
    "source": "도면기준",
    "z_m": 6.3,
    "s2_total_h": 4.33,
    "s2_cont_h": 2.67,
    "s2_pass_a": true,
    "s1_pass_a": true,
    "change_cd": "keep_ok",
    "변화": "유지 충족"
   }
  },
  {
   "type": "Feature",
   "geometry": {
    "type": "Point",
    "coordinates": [
     194303.275,
     547017.802
    ]
   },
   "properties": {
    "pid": "A동(3층) A동 남동면 1층-3",
    "school": "여의도여자고등학교",
    "kind": "교사동 창면",
    "dong": "A동(3층)",
    "floor": 1,
    "source": "도면기준",
    "z_m": 2.3,
    "s2_total_h": 3.83,
    "s2_cont_h": 3.0,
    "s2_pass_a": true,
    "s1_pass_a": true,
    "change_cd": "keep_ok",
    "변화": "유지 충족"
   }
  },
  {
   "type": "Feature",
   "geometry": {
    "type": "Point",
    "coordinates": [
     194303.275,
     547017.802
    ]
   },
   "properties": {
    "pid": "A동(3층) A동 남동면 2층-3",
    "school": "여의도여자고등학교",
    "kind": "교사동 창면",
    "dong": "A동(3층)",
    "floor": 2,
    "source": "도면기준",
    "z_m": 6.3,
    "s2_total_h": 4.83,
    "s2_cont_h": 3.17,
    "s2_pass_a": true,
    "s1_pass_a": true,
    "change_cd": "keep_ok",
    "변화": "유지 충족"
   }
  },
  {
   "type": "Feature",
   "geometry": {
    "type": "Point",
    "coordinates": [
     194306.826,
     547020.567
    ]
   },
   "properties": {
    "pid": "A동(3층) A동 남동면 1층-4",
    "school": "여의도여자고등학교",
    "kind": "교사동 창면",
    "dong": "A동(3층)",
    "floor": 1,
    "source": "도면기준",
    "z_m": 2.3,
    "s2_total_h": 4.33,
    "s2_cont_h": 3.33,
    "s2_pass_a": true,
    "s1_pass_a": true,
    "change_cd": "keep_ok",
    "변화": "유지 충족"
   }
  },
  {
   "type": "Feature",
   "geometry": {
    "type": "Point",
    "coordinates": [
     194306.826,
     547020.567
    ]
   },
   "properties": {
    "pid": "A동(3층) A동 남동면 2층-4",
    "school": "여의도여자고등학교",
    "kind": "교사동 창면",
    "dong": "A동(3층)",
    "floor": 2,
    "source": "도면기준",
    "z_m": 6.3,
    "s2_total_h": 5.17,
    "s2_cont_h": 3.67,
    "s2_pass_a": true,
    "s1_pass_a": true,
    "change_cd": "keep_ok",
    "변화": "유지 충족"
   }
  },
  {
   "type": "Feature",
   "geometry": {
    "type": "Point",
    "coordinates": [
     194310.376,
     547023.331
    ]
   },
   "properties": {
    "pid": "A동(3층) A동 남동면 1층-5",
    "school": "여의도여자고등학교",
    "kind": "교사동 창면",
    "dong": "A동(3층)",
    "floor": 1,
    "source": "도면기준",
    "z_m": 2.3,
    "s2_total_h": 4.67,
    "s2_cont_h": 3.67,
    "s2_pass_a": true,
    "s1_pass_a": false,
    "change_cd": "new_ok",
    "변화": "신규 충족"
   }
  },
  {
   "type": "Feature",
   "geometry": {
    "type": "Point",
    "coordinates": [
     194310.376,
     547023.331
    ]
   },
   "properties": {
    "pid": "A동(3층) A동 남동면 2층-5",
    "school": "여의도여자고등학교",
    "kind": "교사동 창면",
    "dong": "A동(3층)",
    "floor": 2,
    "source": "도면기준",
    "z_m": 6.3,
    "s2_total_h": 5.17,
    "s2_cont_h": 3.83,
    "s2_pass_a": true,
    "s1_pass_a": true,
    "change_cd": "keep_ok",
    "변화": "유지 충족"
   }
  },
  {
   "type": "Feature",
   "geometry": {
    "type": "Point",
    "coordinates": [
     194313.927,
     547026.096
    ]
   },
   "properties": {
    "pid": "A동(3층) A동 남동면 1층-6",
    "school": "여의도여자고등학교",
    "kind": "교사동 창면",
    "dong": "A동(3층)",
    "floor": 1,
    "source": "도면기준",
    "z_m": 2.3,
    "s2_total_h": 4.83,
    "s2_cont_h": 3.83,
    "s2_pass_a": true,
    "s1_pass_a": false,
    "change_cd": "new_ok",
    "변화": "신규 충족"
   }
  },
  {
   "type": "Feature",
   "geometry": {
    "type": "Point",
    "coordinates": [
     194313.927,
     547026.096
    ]
   },
   "properties": {
    "pid": "A동(3층) A동 남동면 2층-6",
    "school": "여의도여자고등학교",
    "kind": "교사동 창면",
    "dong": "A동(3층)",
    "floor": 2,
    "source": "도면기준",
    "z_m": 6.3,
    "s2_total_h": 5.0,
    "s2_cont_h": 3.83,
    "s2_pass_a": true,
    "s1_pass_a": false,
    "change_cd": "new_ok",
    "변화": "신규 충족"
   }
  },
  {
   "type": "Feature",
   "geometry": {
    "type": "Point",
    "coordinates": [
     194317.477,
     547028.861
    ]
   },
   "properties": {
    "pid": "A동(3층) A동 남동면 1층-7",
    "school": "여의도여자고등학교",
    "kind": "교사동 창면",
    "dong": "A동(3층)",
    "floor": 1,
    "source": "도면기준",
    "z_m": 2.3,
    "s2_total_h": 4.83,
    "s2_cont_h": 4.0,
    "s2_pass_a": true,
    "s1_pass_a": false,
    "change_cd": "new_ok",
    "변화": "신규 충족"
   }
  },
  {
   "type": "Feature",
   "geometry": {
    "type": "Point",
    "coordinates": [
     194317.477,
     547028.861
    ]
   },
   "properties": {
    "pid": "A동(3층) A동 남동면 2층-7",
    "school": "여의도여자고등학교",
    "kind": "교사동 창면",
    "dong": "A동(3층)",
    "floor": 2,
    "source": "도면기준",
    "z_m": 6.3,
    "s2_total_h": 4.83,
    "s2_cont_h": 4.0,
    "s2_pass_a": true,
    "s1_pass_a": false,
    "change_cd": "new_ok",
    "변화": "신규 충족"
   }
  },
  {
   "type": "Feature",
   "geometry": {
    "type": "Point",
    "coordinates": [
     194282.034,
     547026.112
    ]
   },
   "properties": {
    "pid": "A동(3층) A동 남서면 3층-1",
    "school": "여의도여자고등학교",
    "kind": "교사동 창면",
    "dong": "A동(3층)",
    "floor": 3,
    "source": "도면기준",
    "z_m": 10.3,
    "s2_total_h": 3.33,
    "s2_cont_h": 2.5,
    "s2_pass_a": true,
    "s1_pass_a": true,
    "change_cd": "keep_ok",
    "변화": "유지 충족"
   }
  },
  {
   "type": "Feature",
   "geometry": {
    "type": "Point",
    "coordinates": [
     194286.766,
     547020.038
    ]
   },
   "properties": {
    "pid": "A동(3층) A동 남서면 3층-2",
    "school": "여의도여자고등학교",
    "kind": "교사동 창면",
    "dong": "A동(3층)",
    "floor": 3,
    "source": "도면기준",
    "z_m": 10.3,
    "s2_total_h": 3.5,
    "s2_cont_h": 2.67,
    "s2_pass_a": true,
    "s1_pass_a": true,
    "change_cd": "keep_ok",
    "변화": "유지 충족"
   }
  },
  {
   "type": "Feature",
   "geometry": {
    "type": "Point",
    "coordinates": [
     194291.498,
     547013.964
    ]
   },
   "properties": {
    "pid": "A동(3층) A동 남서면 3층-3",
    "school": "여의도여자고등학교",
    "kind": "교사동 창면",
    "dong": "A동(3층)",
    "floor": 3,
    "source": "도면기준",
    "z_m": 10.3,
    "s2_total_h": 3.17,
    "s2_cont_h": 2.67,
    "s2_pass_a": true,
    "s1_pass_a": true,
    "change_cd": "keep_ok",
    "변화": "유지 충족"
   }
  },
  {
   "type": "Feature",
   "geometry": {
    "type": "Point",
    "coordinates": [
     194296.687,
     547012.672
    ]
   },
   "properties": {
    "pid": "A동(3층) A동 남동면 3층-1",
    "school": "여의도여자고등학교",
    "kind": "교사동 창면",
    "dong": "A동(3층)",
    "floor": 3,
    "source": "도면기준",
    "z_m": 10.3,
    "s2_total_h": 4.83,
    "s2_cont_h": 2.5,
    "s2_pass_a": true,
    "s1_pass_a": true,
    "change_cd": "keep_ok",
    "변화": "유지 충족"
   }
  },
  {
   "type": "Feature",
   "geometry": {
    "type": "Point",
    "coordinates": [
     194301.263,
     547016.235
    ]
   },
   "properties": {
    "pid": "A동(3층) A동 남동면 3층-2",
    "school": "여의도여자고등학교",
    "kind": "교사동 창면",
    "dong": "A동(3층)",
    "floor": 3,
    "source": "도면기준",
    "z_m": 10.3,
    "s2_total_h": 5.0,
    "s2_cont_h": 3.17,
    "s2_pass_a": true,
    "s1_pass_a": true,
    "change_cd": "keep_ok",
    "변화": "유지 충족"
   }
  },
  {
   "type": "Feature",
   "geometry": {
    "type": "Point",
    "coordinates": [
     194305.84,
     547019.799
    ]
   },
   "properties": {
    "pid": "A동(3층) A동 남동면 3층-3",
    "school": "여의도여자고등학교",
    "kind": "교사동 창면",
    "dong": "A동(3층)",
    "floor": 3,
    "source": "도면기준",
    "z_m": 10.3,
    "s2_total_h": 5.33,
    "s2_cont_h": 3.67,
    "s2_pass_a": true,
    "s1_pass_a": true,
    "change_cd": "keep_ok",
    "변화": "유지 충족"
   }
  },
  {
   "type": "Feature",
   "geometry": {
    "type": "Point",
    "coordinates": [
     194310.416,
     547023.362
    ]
   },
   "properties": {
    "pid": "A동(3층) A동 남동면 3층-4",
    "school": "여의도여자고등학교",
    "kind": "교사동 창면",
    "dong": "A동(3층)",
    "floor": 3,
    "source": "도면기준",
    "z_m": 10.3,
    "s2_total_h": 5.17,
    "s2_cont_h": 3.83,
    "s2_pass_a": true,
    "s1_pass_a": true,
    "change_cd": "keep_ok",
    "변화": "유지 충족"
   }
  },
  {
   "type": "Feature",
   "geometry": {
    "type": "Point",
    "coordinates": [
     194314.992,
     547026.926
    ]
   },
   "properties": {
    "pid": "A동(3층) A동 남동면 3층-5",
    "school": "여의도여자고등학교",
    "kind": "교사동 창면",
    "dong": "A동(3층)",
    "floor": 3,
    "source": "도면기준",
    "z_m": 10.3,
    "s2_total_h": 5.0,
    "s2_cont_h": 4.0,
    "s2_pass_a": true,
    "s1_pass_a": false,
    "change_cd": "new_ok",
    "변화": "신규 충족"
   }
  },
  {
   "type": "Feature",
   "geometry": {
    "type": "Point",
    "coordinates": [
     194319.568,
     547030.489
    ]
   },
   "properties": {
    "pid": "A동(3층) A동 남동면 3층-6",
    "school": "여의도여자고등학교",
    "kind": "교사동 창면",
    "dong": "A동(3층)",
    "floor": 3,
    "source": "도면기준",
    "z_m": 10.3,
    "s2_total_h": 5.17,
    "s2_cont_h": 4.17,
    "s2_pass_a": true,
    "s1_pass_a": true,
    "change_cd": "keep_ok",
    "변화": "유지 충족"
   }
  },
  {
   "type": "Feature",
   "geometry": {
    "type": "Point",
    "coordinates": [
     194282.66,
     547079.069
    ]
   },
   "properties": {
    "pid": "여의도여자고등학교 ①(5층) 1층-1",
    "school": "여의도여자고등학교",
    "kind": "교사동 창면",
    "dong": "여의도여자고등학교 ①(5층)",
    "floor": 1,
    "source": "일반식",
    "z_m": 1.2,
    "s2_total_h": 1.83,
    "s2_cont_h": 1.0,
    "s2_pass_a": false,
    "s1_pass_a": false,
    "change_cd": "keep_fail",
    "변화": "유지 불충족"
   }
  },
  {
   "type": "Feature",
   "geometry": {
    "type": "Point",
    "coordinates": [
     194282.66,
     547079.069
    ]
   },
   "properties": {
    "pid": "여의도여자고등학교 ①(5층) 2층-1",
    "school": "여의도여자고등학교",
    "kind": "교사동 창면",
    "dong": "여의도여자고등학교 ①(5층)",
    "floor": 2,
    "source": "일반식",
    "z_m": 4.7,
    "s2_total_h": 2.0,
    "s2_cont_h": 2.0,
    "s2_pass_a": true,
    "s1_pass_a": true,
    "change_cd": "keep_ok",
    "변화": "유지 충족"
   }
  },
  {
   "type": "Feature",
   "geometry": {
    "type": "Point",
    "coordinates": [
     194282.66,
     547079.069
    ]
   },
   "properties": {
    "pid": "여의도여자고등학교 ①(5층) 3층-1",
    "school": "여의도여자고등학교",
    "kind": "교사동 창면",
    "dong": "여의도여자고등학교 ①(5층)",
    "floor": 3,
    "source": "일반식",
    "z_m": 8.2,
    "s2_total_h": 2.17,
    "s2_cont_h": 2.17,
    "s2_pass_a": true,
    "s1_pass_a": true,
    "change_cd": "keep_ok",
    "변화": "유지 충족"
   }
  },
  {
   "type": "Feature",
   "geometry": {
    "type": "Point",
    "coordinates": [
     194282.66,
     547079.069
    ]
   },
   "properties": {
    "pid": "여의도여자고등학교 ①(5층) 4층-1",
    "school": "여의도여자고등학교",
    "kind": "교사동 창면",
    "dong": "여의도여자고등학교 ①(5층)",
    "floor": 4,
    "source": "일반식",
    "z_m": 11.7,
    "s2_total_h": 2.33,
    "s2_cont_h": 2.33,
    "s2_pass_a": true,
    "s1_pass_a": true,
    "change_cd": "keep_ok",
    "변화": "유지 충족"
   }
  },
  {
   "type": "Feature",
   "geometry": {
    "type": "Point",
    "coordinates": [
     194282.66,
     547079.069
    ]
   },
   "properties": {
    "pid": "여의도여자고등학교 ①(5층) 5층-1",
    "school": "여의도여자고등학교",
    "kind": "교사동 창면",
    "dong": "여의도여자고등학교 ①(5층)",
    "floor": 5,
    "source": "일반식",
    "z_m": 15.2,
    "s2_total_h": 3.0,
    "s2_cont_h": 3.0,
    "s2_pass_a": true,
    "s1_pass_a": true,
    "change_cd": "keep_ok",
    "변화": "유지 충족"
   }
  },
  {
   "type": "Feature",
   "geometry": {
    "type": "Point",
    "coordinates": [
     194278.56,
     547081.943
    ]
   },
   "properties": {
    "pid": "여의도여자고등학교 ①(5층) 1층-2",
    "school": "여의도여자고등학교",
    "kind": "교사동 창면",
    "dong": "여의도여자고등학교 ①(5층)",
    "floor": 1,
    "source": "일반식",
    "z_m": 1.2,
    "s2_total_h": 0.17,
    "s2_cont_h": 0.17,
    "s2_pass_a": false,
    "s1_pass_a": false,
    "change_cd": "keep_fail",
    "변화": "유지 불충족"
   }
  },
  {
   "type": "Feature",
   "geometry": {
    "type": "Point",
    "coordinates": [
     194278.56,
     547081.943
    ]
   },
   "properties": {
    "pid": "여의도여자고등학교 ①(5층) 2층-2",
    "school": "여의도여자고등학교",
    "kind": "교사동 창면",
    "dong": "여의도여자고등학교 ①(5층)",
    "floor": 2,
    "source": "일반식",
    "z_m": 4.7,
    "s2_total_h": 0.17,
    "s2_cont_h": 0.17,
    "s2_pass_a": false,
    "s1_pass_a": false,
    "change_cd": "keep_fail",
    "변화": "유지 불충족"
   }
  },
  {
   "type": "Feature",
   "geometry": {
    "type": "Point",
    "coordinates": [
     194278.56,
     547081.943
    ]
   },
   "properties": {
    "pid": "여의도여자고등학교 ①(5층) 3층-2",
    "school": "여의도여자고등학교",
    "kind": "교사동 창면",
    "dong": "여의도여자고등학교 ①(5층)",
    "floor": 3,
    "source": "일반식",
    "z_m": 8.2,
    "s2_total_h": 0.17,
    "s2_cont_h": 0.17,
    "s2_pass_a": false,
    "s1_pass_a": false,
    "change_cd": "keep_fail",
    "변화": "유지 불충족"
   }
  },
  {
   "type": "Feature",
   "geometry": {
    "type": "Point",
    "coordinates": [
     194278.56,
     547081.943
    ]
   },
   "properties": {
    "pid": "여의도여자고등학교 ①(5층) 4층-2",
    "school": "여의도여자고등학교",
    "kind": "교사동 창면",
    "dong": "여의도여자고등학교 ①(5층)",
    "floor": 4,
    "source": "일반식",
    "z_m": 11.7,
    "s2_total_h": 0.33,
    "s2_cont_h": 0.33,
    "s2_pass_a": false,
    "s1_pass_a": false,
    "change_cd": "keep_fail",
    "변화": "유지 불충족"
   }
  },
  {
   "type": "Feature",
   "geometry": {
    "type": "Point",
    "coordinates": [
     194278.56,
     547081.943
    ]
   },
   "properties": {
    "pid": "여의도여자고등학교 ①(5층) 5층-2",
    "school": "여의도여자고등학교",
    "kind": "교사동 창면",
    "dong": "여의도여자고등학교 ①(5층)",
    "floor": 5,
    "source": "일반식",
    "z_m": 15.2,
    "s2_total_h": 0.67,
    "s2_cont_h": 0.67,
    "s2_pass_a": false,
    "s1_pass_a": false,
    "change_cd": "keep_fail",
    "변화": "유지 불충족"
   }
  },
  {
   "type": "Feature",
   "geometry": {
    "type": "Point",
    "coordinates": [
     194275.666,
     547082.878
    ]
   },
   "properties": {
    "pid": "여의도여자고등학교 ①(5층) 1층-3",
    "school": "여의도여자고등학교",
    "kind": "교사동 창면",
    "dong": "여의도여자고등학교 ①(5층)",
    "floor": 1,
    "source": "일반식",
    "z_m": 1.2,
    "s2_total_h": 1.17,
    "s2_cont_h": 0.67,
    "s2_pass_a": false,
    "s1_pass_a": false,
    "change_cd": "keep_fail",
    "변화": "유지 불충족"
   }
  },
  {
   "type": "Feature",
   "geometry": {
    "type": "Point",
    "coordinates": [
     194275.666,
     547082.878
    ]
   },
   "properties": {
    "pid": "여의도여자고등학교 ①(5층) 2층-3",
    "school": "여의도여자고등학교",
    "kind": "교사동 창면",
    "dong": "여의도여자고등학교 ①(5층)",
    "floor": 2,
    "source": "일반식",
    "z_m": 4.7,
    "s2_total_h": 1.33,
    "s2_cont_h": 1.33,
    "s2_pass_a": false,
    "s1_pass_a": false,
    "change_cd": "keep_fail",
    "변화": "유지 불충족"
   }
  },
  {
   "type": "Feature",
   "geometry": {
    "type": "Point",
    "coordinates": [
     194275.666,
     547082.878
    ]
   },
   "properties": {
    "pid": "여의도여자고등학교 ①(5층) 3층-3",
    "school": "여의도여자고등학교",
    "kind": "교사동 창면",
    "dong": "여의도여자고등학교 ①(5층)",
    "floor": 3,
    "source": "일반식",
    "z_m": 8.2,
    "s2_total_h": 1.5,
    "s2_cont_h": 1.5,
    "s2_pass_a": false,
    "s1_pass_a": false,
    "change_cd": "keep_fail",
    "변화": "유지 불충족"
   }
  },
  {
   "type": "Feature",
   "geometry": {
    "type": "Point",
    "coordinates": [
     194275.666,
     547082.878
    ]
   },
   "properties": {
    "pid": "여의도여자고등학교 ①(5층) 4층-3",
    "school": "여의도여자고등학교",
    "kind": "교사동 창면",
    "dong": "여의도여자고등학교 ①(5층)",
    "floor": 4,
    "source": "일반식",
    "z_m": 11.7,
    "s2_total_h": 1.5,
    "s2_cont_h": 1.5,
    "s2_pass_a": false,
    "s1_pass_a": false,
    "change_cd": "keep_fail",
    "변화": "유지 불충족"
   }
  },
  {
   "type": "Feature",
   "geometry": {
    "type": "Point",
    "coordinates": [
     194275.666,
     547082.878
    ]
   },
   "properties": {
    "pid": "여의도여자고등학교 ①(5층) 5층-3",
    "school": "여의도여자고등학교",
    "kind": "교사동 창면",
    "dong": "여의도여자고등학교 ①(5층)",
    "floor": 5,
    "source": "일반식",
    "z_m": 15.2,
    "s2_total_h": 1.67,
    "s2_cont_h": 1.67,
    "s2_pass_a": false,
    "s1_pass_a": false,
    "change_cd": "keep_fail",
    "변화": "유지 불충족"
   }
  },
  {
   "type": "Feature",
   "geometry": {
    "type": "Point",
    "coordinates": [
     194271.255,
     547080.856
    ]
   },
   "properties": {
    "pid": "여의도여자고등학교 ①(5층) 1층-4",
    "school": "여의도여자고등학교",
    "kind": "교사동 창면",
    "dong": "여의도여자고등학교 ①(5층)",
    "floor": 1,
    "source": "일반식",
    "z_m": 1.2,
    "s2_total_h": 0.0,
    "s2_cont_h": 0.0,
    "s2_pass_a": false,
    "s1_pass_a": false,
    "change_cd": "keep_fail",
    "변화": "유지 불충족"
   }
  },
  {
   "type": "Feature",
   "geometry": {
    "type": "Point",
    "coordinates": [
     194271.255,
     547080.856
    ]
   },
   "properties": {
    "pid": "여의도여자고등학교 ①(5층) 2층-4",
    "school": "여의도여자고등학교",
    "kind": "교사동 창면",
    "dong": "여의도여자고등학교 ①(5층)",
    "floor": 2,
    "source": "일반식",
    "z_m": 4.7,
    "s2_total_h": 0.0,
    "s2_cont_h": 0.0,
    "s2_pass_a": false,
    "s1_pass_a": false,
    "change_cd": "keep_fail",
    "변화": "유지 불충족"
   }
  },
  {
   "type": "Feature",
   "geometry": {
    "type": "Point",
    "coordinates": [
     194271.255,
     547080.856
    ]
   },
   "properties": {
    "pid": "여의도여자고등학교 ①(5층) 3층-4",
    "school": "여의도여자고등학교",
    "kind": "교사동 창면",
    "dong": "여의도여자고등학교 ①(5층)",
    "floor": 3,
    "source": "일반식",
    "z_m": 8.2,
    "s2_total_h": 0.0,
    "s2_cont_h": 0.0,
    "s2_pass_a": false,
    "s1_pass_a": false,
    "change_cd": "keep_fail",
    "변화": "유지 불충족"
   }
  },
  {
   "type": "Feature",
   "geometry": {
    "type": "Point",
    "coordinates": [
     194271.255,
     547080.856
    ]
   },
   "properties": {
    "pid": "여의도여자고등학교 ①(5층) 4층-4",
    "school": "여의도여자고등학교",
    "kind": "교사동 창면",
    "dong": "여의도여자고등학교 ①(5층)",
    "floor": 4,
    "source": "일반식",
    "z_m": 11.7,
    "s2_total_h": 0.0,
    "s2_cont_h": 0.0,
    "s2_pass_a": false,
    "s1_pass_a": false,
    "change_cd": "keep_fail",
    "변화": "유지 불충족"
   }
  },
  {
   "type": "Feature",
   "geometry": {
    "type": "Point",
    "coordinates": [
     194271.255,
     547080.856
    ]
   },
   "properties": {
    "pid": "여의도여자고등학교 ①(5층) 5층-4",
    "school": "여의도여자고등학교",
    "kind": "교사동 창면",
    "dong": "여의도여자고등학교 ①(5층)",
    "floor": 5,
    "source": "일반식",
    "z_m": 15.2,
    "s2_total_h": 0.0,
    "s2_cont_h": 0.0,
    "s2_pass_a": false,
    "s1_pass_a": false,
    "change_cd": "keep_fail",
    "변화": "유지 불충족"
   }
  },
  {
   "type": "Feature",
   "geometry": {
    "type": "Point",
    "coordinates": [
     194268.135,
     547084.788
    ]
   },
   "properties": {
    "pid": "여의도여자고등학교 ①(5층) 1층-5",
    "school": "여의도여자고등학교",
    "kind": "교사동 창면",
    "dong": "여의도여자고등학교 ①(5층)",
    "floor": 1,
    "source": "일반식",
    "z_m": 1.2,
    "s2_total_h": 0.0,
    "s2_cont_h": 0.0,
    "s2_pass_a": false,
    "s1_pass_a": false,
    "change_cd": "keep_fail",
    "변화": "유지 불충족"
   }
  },
  {
   "type": "Feature",
   "geometry": {
    "type": "Point",
    "coordinates": [
     194268.135,
     547084.788
    ]
   },
   "properties": {
    "pid": "여의도여자고등학교 ①(5층) 2층-5",
    "school": "여의도여자고등학교",
    "kind": "교사동 창면",
    "dong": "여의도여자고등학교 ①(5층)",
    "floor": 2,
    "source": "일반식",
    "z_m": 4.7,
    "s2_total_h": 0.0,
    "s2_cont_h": 0.0,
    "s2_pass_a": false,
    "s1_pass_a": false,
    "change_cd": "keep_fail",
    "변화": "유지 불충족"
   }
  },
  {
   "type": "Feature",
   "geometry": {
    "type": "Point",
    "coordinates": [
     194268.135,
     547084.788
    ]
   },
   "properties": {
    "pid": "여의도여자고등학교 ①(5층) 3층-5",
    "school": "여의도여자고등학교",
    "kind": "교사동 창면",
    "dong": "여의도여자고등학교 ①(5층)",
    "floor": 3,
    "source": "일반식",
    "z_m": 8.2,
    "s2_total_h": 0.0,
    "s2_cont_h": 0.0,
    "s2_pass_a": false,
    "s1_pass_a": false,
    "change_cd": "keep_fail",
    "변화": "유지 불충족"
   }
  },
  {
   "type": "Feature",
   "geometry": {
    "type": "Point",
    "coordinates": [
     194268.135,
     547084.788
    ]
   },
   "properties": {
    "pid": "여의도여자고등학교 ①(5층) 4층-5",
    "school": "여의도여자고등학교",
    "kind": "교사동 창면",
    "dong": "여의도여자고등학교 ①(5층)",
    "floor": 4,
    "source": "일반식",
    "z_m": 11.7,
    "s2_total_h": 0.0,
    "s2_cont_h": 0.0,
    "s2_pass_a": false,
    "s1_pass_a": false,
    "change_cd": "keep_fail",
    "변화": "유지 불충족"
   }
  },
  {
   "type": "Feature",
   "geometry": {
    "type": "Point",
    "coordinates": [
     194268.135,
     547084.788
    ]
   },
   "properties": {
    "pid": "여의도여자고등학교 ①(5층) 5층-5",
    "school": "여의도여자고등학교",
    "kind": "교사동 창면",
    "dong": "여의도여자고등학교 ①(5층)",
    "floor": 5,
    "source": "일반식",
    "z_m": 15.2,
    "s2_total_h": 0.0,
    "s2_cont_h": 0.0,
    "s2_pass_a": false,
    "s1_pass_a": false,
    "change_cd": "keep_fail",
    "변화": "유지 불충족"
   }
  },
  {
   "type": "Feature",
   "geometry": {
    "type": "Point",
    "coordinates": [
     194265.015,
     547088.719
    ]
   },
   "properties": {
    "pid": "여의도여자고등학교 ①(5층) 1층-6",
    "school": "여의도여자고등학교",
    "kind": "교사동 창면",
    "dong": "여의도여자고등학교 ①(5층)",
    "floor": 1,
    "source": "일반식",
    "z_m": 1.2,
    "s2_total_h": 0.0,
    "s2_cont_h": 0.0,
    "s2_pass_a": false,
    "s1_pass_a": false,
    "change_cd": "keep_fail",
    "변화": "유지 불충족"
   }
  },
  {
   "type": "Feature",
   "geometry": {
    "type": "Point",
    "coordinates": [
     194265.015,
     547088.719
    ]
   },
   "properties": {
    "pid": "여의도여자고등학교 ①(5층) 2층-6",
    "school": "여의도여자고등학교",
    "kind": "교사동 창면",
    "dong": "여의도여자고등학교 ①(5층)",
    "floor": 2,
    "source": "일반식",
    "z_m": 4.7,
    "s2_total_h": 0.0,
    "s2_cont_h": 0.0,
    "s2_pass_a": false,
    "s1_pass_a": false,
    "change_cd": "keep_fail",
    "변화": "유지 불충족"
   }
  },
  {
   "type": "Feature",
   "geometry": {
    "type": "Point",
    "coordinates": [
     194265.015,
     547088.719
    ]
   },
   "properties": {
    "pid": "여의도여자고등학교 ①(5층) 3층-6",
    "school": "여의도여자고등학교",
    "kind": "교사동 창면",
    "dong": "여의도여자고등학교 ①(5층)",
    "floor": 3,
    "source": "일반식",
    "z_m": 8.2,
    "s2_total_h": 0.0,
    "s2_cont_h": 0.0,
    "s2_pass_a": false,
    "s1_pass_a": false,
    "change_cd": "keep_fail",
    "변화": "유지 불충족"
   }
  },
  {
   "type": "Feature",
   "geometry": {
    "type": "Point",
    "coordinates": [
     194265.015,
     547088.719
    ]
   },
   "properties": {
    "pid": "여의도여자고등학교 ①(5층) 4층-6",
    "school": "여의도여자고등학교",
    "kind": "교사동 창면",
    "dong": "여의도여자고등학교 ①(5층)",
    "floor": 4,
    "source": "일반식",
    "z_m": 11.7,
    "s2_total_h": 0.0,
    "s2_cont_h": 0.0,
    "s2_pass_a": false,
    "s1_pass_a": false,
    "change_cd": "keep_fail",
    "변화": "유지 불충족"
   }
  },
  {
   "type": "Feature",
   "geometry": {
    "type": "Point",
    "coordinates": [
     194265.015,
     547088.719
    ]
   },
   "properties": {
    "pid": "여의도여자고등학교 ①(5층) 5층-6",
    "school": "여의도여자고등학교",
    "kind": "교사동 창면",
    "dong": "여의도여자고등학교 ①(5층)",
    "floor": 5,
    "source": "일반식",
    "z_m": 15.2,
    "s2_total_h": 0.67,
    "s2_cont_h": 0.67,
    "s2_pass_a": false,
    "s1_pass_a": false,
    "change_cd": "keep_fail",
    "변화": "유지 불충족"
   }
  },
  {
   "type": "Feature",
   "geometry": {
    "type": "Point",
    "coordinates": [
     194291.658,
     547057.474
    ]
   },
   "properties": {
    "pid": "여의도여자고등학교 ②(5층) 1층-1",
    "school": "여의도여자고등학교",
    "kind": "교사동 창면",
    "dong": "여의도여자고등학교 ②(5층)",
    "floor": 1,
    "source": "일반식",
    "z_m": 1.2,
    "s2_total_h": 0.0,
    "s2_cont_h": 0.0,
    "s2_pass_a": false,
    "s1_pass_a": false,
    "change_cd": "keep_fail",
    "변화": "유지 불충족"
   }
  },
  {
   "type": "Feature",
   "geometry": {
    "type": "Point",
    "coordinates": [
     194291.658,
     547057.474
    ]
   },
   "properties": {
    "pid": "여의도여자고등학교 ②(5층) 2층-1",
    "school": "여의도여자고등학교",
    "kind": "교사동 창면",
    "dong": "여의도여자고등학교 ②(5층)",
    "floor": 2,
    "source": "일반식",
    "z_m": 4.7,
    "s2_total_h": 0.0,
    "s2_cont_h": 0.0,
    "s2_pass_a": false,
    "s1_pass_a": false,
    "change_cd": "keep_fail",
    "변화": "유지 불충족"
   }
  },
  {
   "type": "Feature",
   "geometry": {
    "type": "Point",
    "coordinates": [
     194291.658,
     547057.474
    ]
   },
   "properties": {
    "pid": "여의도여자고등학교 ②(5층) 3층-1",
    "school": "여의도여자고등학교",
    "kind": "교사동 창면",
    "dong": "여의도여자고등학교 ②(5층)",
    "floor": 3,
    "source": "일반식",
    "z_m": 8.2,
    "s2_total_h": 0.67,
    "s2_cont_h": 0.67,
    "s2_pass_a": false,
    "s1_pass_a": false,
    "change_cd": "keep_fail",
    "변화": "유지 불충족"
   }
  },
  {
   "type": "Feature",
   "geometry": {
    "type": "Point",
    "coordinates": [
     194291.658,
     547057.474
    ]
   },
   "properties": {
    "pid": "여의도여자고등학교 ②(5층) 4층-1",
    "school": "여의도여자고등학교",
    "kind": "교사동 창면",
    "dong": "여의도여자고등학교 ②(5층)",
    "floor": 4,
    "source": "일반식",
    "z_m": 11.7,
    "s2_total_h": 2.0,
    "s2_cont_h": 2.0,
    "s2_pass_a": true,
    "s1_pass_a": false,
    "change_cd": "new_ok",
    "변화": "신규 충족"
   }
  },
  {
   "type": "Feature",
   "geometry": {
    "type": "Point",
    "coordinates": [
     194291.658,
     547057.474
    ]
   },
   "properties": {
    "pid": "여의도여자고등학교 ②(5층) 5층-1",
    "school": "여의도여자고등학교",
    "kind": "교사동 창면",
    "dong": "여의도여자고등학교 ②(5층)",
    "floor": 5,
    "source": "일반식",
    "z_m": 15.2,
    "s2_total_h": 2.33,
    "s2_cont_h": 2.33,
    "s2_pass_a": true,
    "s1_pass_a": true,
    "change_cd": "keep_ok",
    "변화": "유지 충족"
   }
  },
  {
   "type": "Feature",
   "geometry": {
    "type": "Point",
    "coordinates": [
     194297.399,
     547045.977
    ]
   },
   "properties": {
    "pid": "여의도여자고등학교 ②(5층) 1층-2",
    "school": "여의도여자고등학교",
    "kind": "교사동 창면",
    "dong": "여의도여자고등학교 ②(5층)",
    "floor": 1,
    "source": "일반식",
    "z_m": 1.2,
    "s2_total_h": 0.0,
    "s2_cont_h": 0.0,
    "s2_pass_a": false,
    "s1_pass_a": false,
    "change_cd": "keep_fail",
    "변화": "유지 불충족"
   }
  },
  {
   "type": "Feature",
   "geometry": {
    "type": "Point",
    "coordinates": [
     194297.399,
     547045.977
    ]
   },
   "properties": {
    "pid": "여의도여자고등학교 ②(5층) 2층-2",
    "school": "여의도여자고등학교",
    "kind": "교사동 창면",
    "dong": "여의도여자고등학교 ②(5층)",
    "floor": 2,
    "source": "일반식",
    "z_m": 4.7,
    "s2_total_h": 0.0,
    "s2_cont_h": 0.0,
    "s2_pass_a": false,
    "s1_pass_a": false,
    "change_cd": "keep_fail",
    "변화": "유지 불충족"
   }
  },
  {
   "type": "Feature",
   "geometry": {
    "type": "Point",
    "coordinates": [
     194297.399,
     547045.977
    ]
   },
   "properties": {
    "pid": "여의도여자고등학교 ②(5층) 3층-2",
    "school": "여의도여자고등학교",
    "kind": "교사동 창면",
    "dong": "여의도여자고등학교 ②(5층)",
    "floor": 3,
    "source": "일반식",
    "z_m": 8.2,
    "s2_total_h": 0.0,
    "s2_cont_h": 0.0,
    "s2_pass_a": false,
    "s1_pass_a": false,
    "change_cd": "keep_fail",
    "변화": "유지 불충족"
   }
  },
  {
   "type": "Feature",
   "geometry": {
    "type": "Point",
    "coordinates": [
     194297.399,
     547045.977
    ]
   },
   "properties": {
    "pid": "여의도여자고등학교 ②(5층) 4층-2",
    "school": "여의도여자고등학교",
    "kind": "교사동 창면",
    "dong": "여의도여자고등학교 ②(5층)",
    "floor": 4,
    "source": "일반식",
    "z_m": 11.7,
    "s2_total_h": 0.0,
    "s2_cont_h": 0.0,
    "s2_pass_a": false,
    "s1_pass_a": false,
    "change_cd": "keep_fail",
    "변화": "유지 불충족"
   }
  },
  {
   "type": "Feature",
   "geometry": {
    "type": "Point",
    "coordinates": [
     194297.399,
     547045.977
    ]
   },
   "properties": {
    "pid": "여의도여자고등학교 ②(5층) 5층-2",
    "school": "여의도여자고등학교",
    "kind": "교사동 창면",
    "dong": "여의도여자고등학교 ②(5층)",
    "floor": 5,
    "source": "일반식",
    "z_m": 15.2,
    "s2_total_h": 0.0,
    "s2_cont_h": 0.0,
    "s2_pass_a": false,
    "s1_pass_a": false,
    "change_cd": "keep_fail",
    "변화": "유지 불충족"
   }
  },
  {
   "type": "Feature",
   "geometry": {
    "type": "Point",
    "coordinates": [
     194293.427,
     547042.905
    ]
   },
   "properties": {
    "pid": "여의도여자고등학교 ②(5층) 1층-3",
    "school": "여의도여자고등학교",
    "kind": "교사동 창면",
    "dong": "여의도여자고등학교 ②(5층)",
    "floor": 1,
    "source": "일반식",
    "z_m": 1.2,
    "s2_total_h": 0.0,
    "s2_cont_h": 0.0,
    "s2_pass_a": false,
    "s1_pass_a": false,
    "change_cd": "keep_fail",
    "변화": "유지 불충족"
   }
  },
  {
   "type": "Feature",
   "geometry": {
    "type": "Point",
    "coordinates": [
     194293.427,
     547042.905
    ]
   },
   "properties": {
    "pid": "여의도여자고등학교 ②(5층) 2층-3",
    "school": "여의도여자고등학교",
    "kind": "교사동 창면",
    "dong": "여의도여자고등학교 ②(5층)",
    "floor": 2,
    "source": "일반식",
    "z_m": 4.7,
    "s2_total_h": 0.0,
    "s2_cont_h": 0.0,
    "s2_pass_a": false,
    "s1_pass_a": false,
    "change_cd": "keep_fail",
    "변화": "유지 불충족"
   }
  },
  {
   "type": "Feature",
   "geometry": {
    "type": "Point",
    "coordinates": [
     194293.427,
     547042.905
    ]
   },
   "properties": {
    "pid": "여의도여자고등학교 ②(5층) 3층-3",
    "school": "여의도여자고등학교",
    "kind": "교사동 창면",
    "dong": "여의도여자고등학교 ②(5층)",
    "floor": 3,
    "source": "일반식",
    "z_m": 8.2,
    "s2_total_h": 0.0,
    "s2_cont_h": 0.0,
    "s2_pass_a": false,
    "s1_pass_a": false,
    "change_cd": "keep_fail",
    "변화": "유지 불충족"
   }
  },
  {
   "type": "Feature",
   "geometry": {
    "type": "Point",
    "coordinates": [
     194293.427,
     547042.905
    ]
   },
   "properties": {
    "pid": "여의도여자고등학교 ②(5층) 4층-3",
    "school": "여의도여자고등학교",
    "kind": "교사동 창면",
    "dong": "여의도여자고등학교 ②(5층)",
    "floor": 4,
    "source": "일반식",
    "z_m": 11.7,
    "s2_total_h": 2.0,
    "s2_cont_h": 1.83,
    "s2_pass_a": false,
    "s1_pass_a": true,
    "change_cd": "new_fail",
    "변화": "신규 불충족"
   }
  },
  {
   "type": "Feature",
   "geometry": {
    "type": "Point",
    "coordinates": [
     194293.427,
     547042.905
    ]
   },
   "properties": {
    "pid": "여의도여자고등학교 ②(5층) 5층-3",
    "school": "여의도여자고등학교",
    "kind": "교사동 창면",
    "dong": "여의도여자고등학교 ②(5층)",
    "floor": 5,
    "source": "일반식",
    "z_m": 15.2,
    "s2_total_h": 5.83,
    "s2_cont_h": 3.33,
    "s2_pass_a": true,
    "s1_pass_a": true,
    "change_cd": "keep_ok",
    "변화": "유지 충족"
   }
  },
  {
   "type": "Feature",
   "geometry": {
    "type": "Point",
    "coordinates": [
     194289.498,
     547044.323
    ]
   },
   "properties": {
    "pid": "여의도여자고등학교 ②(5층) 1층-4",
    "school": "여의도여자고등학교",
    "kind": "교사동 창면",
    "dong": "여의도여자고등학교 ②(5층)",
    "floor": 1,
    "source": "일반식",
    "z_m": 1.2,
    "s2_total_h": 0.33,
    "s2_cont_h": 0.33,
    "s2_pass_a": false,
    "s1_pass_a": false,
    "change_cd": "keep_fail",
    "변화": "유지 불충족"
   }
  },
  {
   "type": "Feature",
   "geometry": {
    "type": "Point",
    "coordinates": [
     194289.498,
     547044.323
    ]
   },
   "properties": {
    "pid": "여의도여자고등학교 ②(5층) 2층-4",
    "school": "여의도여자고등학교",
    "kind": "교사동 창면",
    "dong": "여의도여자고등학교 ②(5층)",
    "floor": 2,
    "source": "일반식",
    "z_m": 4.7,
    "s2_total_h": 0.33,
    "s2_cont_h": 0.33,
    "s2_pass_a": false,
    "s1_pass_a": false,
    "change_cd": "keep_fail",
    "변화": "유지 불충족"
   }
  },
  {
   "type": "Feature",
   "geometry": {
    "type": "Point",
    "coordinates": [
     194289.498,
     547044.323
    ]
   },
   "properties": {
    "pid": "여의도여자고등학교 ②(5층) 3층-4",
    "school": "여의도여자고등학교",
    "kind": "교사동 창면",
    "dong": "여의도여자고등학교 ②(5층)",
    "floor": 3,
    "source": "일반식",
    "z_m": 8.2,
    "s2_total_h": 0.33,
    "s2_cont_h": 0.33,
    "s2_pass_a": false,
    "s1_pass_a": false,
    "change_cd": "keep_fail",
    "변화": "유지 불충족"
   }
  },
  {
   "type": "Feature",
   "geometry": {
    "type": "Point",
    "coordinates": [
     194289.498,
     547044.323
    ]
   },
   "properties": {
    "pid": "여의도여자고등학교 ②(5층) 4층-4",
    "school": "여의도여자고등학교",
    "kind": "교사동 창면",
    "dong": "여의도여자고등학교 ②(5층)",
    "floor": 4,
    "source": "일반식",
    "z_m": 11.7,
    "s2_total_h": 4.83,
    "s2_cont_h": 2.17,
    "s2_pass_a": true,
    "s1_pass_a": true,
    "change_cd": "keep_ok",
    "변화": "유지 충족"
   }
  },
  {
   "type": "Feature",
   "geometry": {
    "type": "Point",
    "coordinates": [
     194289.498,
     547044.323
    ]
   },
   "properties": {
    "pid": "여의도여자고등학교 ②(5층) 5층-4",
    "school": "여의도여자고등학교",
    "kind": "교사동 창면",
    "dong": "여의도여자고등학교 ②(5층)",
    "floor": 5,
    "source": "일반식",
    "z_m": 15.2,
    "s2_total_h": 4.83,
    "s2_cont_h": 2.17,
    "s2_pass_a": true,
    "s1_pass_a": true,
    "change_cd": "keep_ok",
    "변화": "유지 충족"
   }
  },
  {
   "type": "Feature",
   "geometry": {
    "type": "Point",
    "coordinates": [
     194285.938,
     547045.074
    ]
   },
   "properties": {
    "pid": "여의도여자고등학교 ②(5층) 1층-5",
    "school": "여의도여자고등학교",
    "kind": "교사동 창면",
    "dong": "여의도여자고등학교 ②(5층)",
    "floor": 1,
    "source": "일반식",
    "z_m": 1.2,
    "s2_total_h": 0.5,
    "s2_cont_h": 0.5,
    "s2_pass_a": false,
    "s1_pass_a": false,
    "change_cd": "keep_fail",
    "변화": "유지 불충족"
   }
  },
  {
   "type": "Feature",
   "geometry": {
    "type": "Point",
    "coordinates": [
     194285.938,
     547045.074
    ]
   },
   "properties": {
    "pid": "여의도여자고등학교 ②(5층) 2층-5",
    "school": "여의도여자고등학교",
    "kind": "교사동 창면",
    "dong": "여의도여자고등학교 ②(5층)",
    "floor": 2,
    "source": "일반식",
    "z_m": 4.7,
    "s2_total_h": 0.5,
    "s2_cont_h": 0.5,
    "s2_pass_a": false,
    "s1_pass_a": false,
    "change_cd": "keep_fail",
    "변화": "유지 불충족"
   }
  },
  {
   "type": "Feature",
   "geometry": {
    "type": "Point",
    "coordinates": [
     194285.938,
     547045.074
    ]
   },
   "properties": {
    "pid": "여의도여자고등학교 ②(5층) 3층-5",
    "school": "여의도여자고등학교",
    "kind": "교사동 창면",
    "dong": "여의도여자고등학교 ②(5층)",
    "floor": 3,
    "source": "일반식",
    "z_m": 8.2,
    "s2_total_h": 0.5,
    "s2_cont_h": 0.5,
    "s2_pass_a": false,
    "s1_pass_a": false,
    "change_cd": "keep_fail",
    "변화": "유지 불충족"
   }
  },
  {
   "type": "Feature",
   "geometry": {
    "type": "Point",
    "coordinates": [
     194285.938,
     547045.074
    ]
   },
   "properties": {
    "pid": "여의도여자고등학교 ②(5층) 4층-5",
    "school": "여의도여자고등학교",
    "kind": "교사동 창면",
    "dong": "여의도여자고등학교 ②(5층)",
    "floor": 4,
    "source": "일반식",
    "z_m": 11.7,
    "s2_total_h": 3.67,
    "s2_cont_h": 2.17,
    "s2_pass_a": true,
    "s1_pass_a": true,
    "change_cd": "keep_ok",
    "변화": "유지 충족"
   }
  },
  {
   "type": "Feature",
   "geometry": {
    "type": "Point",
    "coordinates": [
     194285.938,
     547045.074
    ]
   },
   "properties": {
    "pid": "여의도여자고등학교 ②(5층) 5층-5",
    "school": "여의도여자고등학교",
    "kind": "교사동 창면",
    "dong": "여의도여자고등학교 ②(5층)",
    "floor": 5,
    "source": "일반식",
    "z_m": 15.2,
    "s2_total_h": 3.67,
    "s2_cont_h": 2.17,
    "s2_pass_a": true,
    "s1_pass_a": true,
    "change_cd": "keep_ok",
    "변화": "유지 충족"
   }
  },
  {
   "type": "Feature",
   "geometry": {
    "type": "Point",
    "coordinates": [
     194282.874,
     547049.051
    ]
   },
   "properties": {
    "pid": "여의도여자고등학교 ②(5층) 1층-6",
    "school": "여의도여자고등학교",
    "kind": "교사동 창면",
    "dong": "여의도여자고등학교 ②(5층)",
    "floor": 1,
    "source": "일반식",
    "z_m": 1.2,
    "s2_total_h": 1.33,
    "s2_cont_h": 0.67,
    "s2_pass_a": false,
    "s1_pass_a": false,
    "change_cd": "keep_fail",
    "변화": "유지 불충족"
   }
  },
  {
   "type": "Feature",
   "geometry": {
    "type": "Point",
    "coordinates": [
     194282.874,
     547049.051
    ]
   },
   "properties": {
    "pid": "여의도여자고등학교 ②(5층) 2층-6",
    "school": "여의도여자고등학교",
    "kind": "교사동 창면",
    "dong": "여의도여자고등학교 ②(5층)",
    "floor": 2,
    "source": "일반식",
    "z_m": 4.7,
    "s2_total_h": 1.33,
    "s2_cont_h": 0.67,
    "s2_pass_a": false,
    "s1_pass_a": false,
    "change_cd": "keep_fail",
    "변화": "유지 불충족"
   }
  },
  {
   "type": "Feature",
   "geometry": {
    "type": "Point",
    "coordinates": [
     194282.874,
     547049.051
    ]
   },
   "properties": {
    "pid": "여의도여자고등학교 ②(5층) 3층-6",
    "school": "여의도여자고등학교",
    "kind": "교사동 창면",
    "dong": "여의도여자고등학교 ②(5층)",
    "floor": 3,
    "source": "일반식",
    "z_m": 8.2,
    "s2_total_h": 3.67,
    "s2_cont_h": 2.0,
    "s2_pass_a": true,
    "s1_pass_a": true,
    "change_cd": "keep_ok",
    "변화": "유지 충족"
   }
  },
  {
   "type": "Feature",
   "geometry": {
    "type": "Point",
    "coordinates": [
     194282.874,
     547049.051
    ]
   },
   "properties": {
    "pid": "여의도여자고등학교 ②(5층) 4층-6",
    "school": "여의도여자고등학교",
    "kind": "교사동 창면",
    "dong": "여의도여자고등학교 ②(5층)",
    "floor": 4,
    "source": "일반식",
    "z_m": 11.7,
    "s2_total_h": 3.67,
    "s2_cont_h": 2.0,
    "s2_pass_a": true,
    "s1_pass_a": true,
    "change_cd": "keep_ok",
    "변화": "유지 충족"
   }
  },
  {
   "type": "Feature",
   "geometry": {
    "type": "Point",
    "coordinates": [
     194282.874,
     547049.051
    ]
   },
   "properties": {
    "pid": "여의도여자고등학교 ②(5층) 5층-6",
    "school": "여의도여자고등학교",
    "kind": "교사동 창면",
    "dong": "여의도여자고등학교 ②(5층)",
    "floor": 5,
    "source": "일반식",
    "z_m": 15.2,
    "s2_total_h": 3.67,
    "s2_cont_h": 2.0,
    "s2_pass_a": true,
    "s1_pass_a": true,
    "change_cd": "keep_ok",
    "변화": "유지 충족"
   }
  },
  {
   "type": "Feature",
   "geometry": {
    "type": "Point",
    "coordinates": [
     194279.809,
     547053.029
    ]
   },
   "properties": {
    "pid": "여의도여자고등학교 ②(5층) 1층-7",
    "school": "여의도여자고등학교",
    "kind": "교사동 창면",
    "dong": "여의도여자고등학교 ②(5층)",
    "floor": 1,
    "source": "일반식",
    "z_m": 1.2,
    "s2_total_h": 2.0,
    "s2_cont_h": 1.33,
    "s2_pass_a": false,
    "s1_pass_a": false,
    "change_cd": "keep_fail",
    "변화": "유지 불충족"
   }
  },
  {
   "type": "Feature",
   "geometry": {
    "type": "Point",
    "coordinates": [
     194279.809,
     547053.029
    ]
   },
   "properties": {
    "pid": "여의도여자고등학교 ②(5층) 2층-7",
    "school": "여의도여자고등학교",
    "kind": "교사동 창면",
    "dong": "여의도여자고등학교 ②(5층)",
    "floor": 2,
    "source": "일반식",
    "z_m": 4.7,
    "s2_total_h": 2.5,
    "s2_cont_h": 1.67,
    "s2_pass_a": false,
    "s1_pass_a": false,
    "change_cd": "keep_fail",
    "변화": "유지 불충족"
   }
  },
  {
   "type": "Feature",
   "geometry": {
    "type": "Point",
    "coordinates": [
     194279.809,
     547053.029
    ]
   },
   "properties": {
    "pid": "여의도여자고등학교 ②(5층) 3층-7",
    "school": "여의도여자고등학교",
    "kind": "교사동 창면",
    "dong": "여의도여자고등학교 ②(5층)",
    "floor": 3,
    "source": "일반식",
    "z_m": 8.2,
    "s2_total_h": 3.67,
    "s2_cont_h": 2.17,
    "s2_pass_a": true,
    "s1_pass_a": true,
    "change_cd": "keep_ok",
    "변화": "유지 충족"
   }
  },
  {
   "type": "Feature",
   "geometry": {
    "type": "Point",
    "coordinates": [
     194279.809,
     547053.029
    ]
   },
   "properties": {
    "pid": "여의도여자고등학교 ②(5층) 4층-7",
    "school": "여의도여자고등학교",
    "kind": "교사동 창면",
    "dong": "여의도여자고등학교 ②(5층)",
    "floor": 4,
    "source": "일반식",
    "z_m": 11.7,
    "s2_total_h": 3.67,
    "s2_cont_h": 2.17,
    "s2_pass_a": true,
    "s1_pass_a": true,
    "change_cd": "keep_ok",
    "변화": "유지 충족"
   }
  },
  {
   "type": "Feature",
   "geometry": {
    "type": "Point",
    "coordinates": [
     194279.809,
     547053.029
    ]
   },
   "properties": {
    "pid": "여의도여자고등학교 ②(5층) 5층-7",
    "school": "여의도여자고등학교",
    "kind": "교사동 창면",
    "dong": "여의도여자고등학교 ②(5층)",
    "floor": 5,
    "source": "일반식",
    "z_m": 15.2,
    "s2_total_h": 3.67,
    "s2_cont_h": 2.17,
    "s2_pass_a": true,
    "s1_pass_a": true,
    "change_cd": "keep_ok",
    "변화": "유지 충족"
   }
  },
  {
   "type": "Feature",
   "geometry": {
    "type": "Point",
    "coordinates": [
     194276.745,
     547057.007
    ]
   },
   "properties": {
    "pid": "여의도여자고등학교 ②(5층) 1층-8",
    "school": "여의도여자고등학교",
    "kind": "교사동 창면",
    "dong": "여의도여자고등학교 ②(5층)",
    "floor": 1,
    "source": "일반식",
    "z_m": 1.2,
    "s2_total_h": 2.17,
    "s2_cont_h": 1.67,
    "s2_pass_a": false,
    "s1_pass_a": false,
    "change_cd": "keep_fail",
    "변화": "유지 불충족"
   }
  },
  {
   "type": "Feature",
   "geometry": {
    "type": "Point",
    "coordinates": [
     194276.745,
     547057.007
    ]
   },
   "properties": {
    "pid": "여의도여자고등학교 ②(5층) 2층-8",
    "school": "여의도여자고등학교",
    "kind": "교사동 창면",
    "dong": "여의도여자고등학교 ②(5층)",
    "floor": 2,
    "source": "일반식",
    "z_m": 4.7,
    "s2_total_h": 3.33,
    "s2_cont_h": 2.0,
    "s2_pass_a": true,
    "s1_pass_a": true,
    "change_cd": "keep_ok",
    "변화": "유지 충족"
   }
  },
  {
   "type": "Feature",
   "geometry": {
    "type": "Point",
    "coordinates": [
     194276.745,
     547057.007
    ]
   },
   "properties": {
    "pid": "여의도여자고등학교 ②(5층) 3층-8",
    "school": "여의도여자고등학교",
    "kind": "교사동 창면",
    "dong": "여의도여자고등학교 ②(5층)",
    "floor": 3,
    "source": "일반식",
    "z_m": 8.2,
    "s2_total_h": 3.33,
    "s2_cont_h": 2.0,
    "s2_pass_a": true,
    "s1_pass_a": true,
    "change_cd": "keep_ok",
    "변화": "유지 충족"
   }
  },
  {
   "type": "Feature",
   "geometry": {
    "type": "Point",
    "coordinates": [
     194276.745,
     547057.007
    ]
   },
   "properties": {
    "pid": "여의도여자고등학교 ②(5층) 4층-8",
    "school": "여의도여자고등학교",
    "kind": "교사동 창면",
    "dong": "여의도여자고등학교 ②(5층)",
    "floor": 4,
    "source": "일반식",
    "z_m": 11.7,
    "s2_total_h": 3.33,
    "s2_cont_h": 2.0,
    "s2_pass_a": true,
    "s1_pass_a": true,
    "change_cd": "keep_ok",
    "변화": "유지 충족"
   }
  },
  {
   "type": "Feature",
   "geometry": {
    "type": "Point",
    "coordinates": [
     194276.745,
     547057.007
    ]
   },
   "properties": {
    "pid": "여의도여자고등학교 ②(5층) 5층-8",
    "school": "여의도여자고등학교",
    "kind": "교사동 창면",
    "dong": "여의도여자고등학교 ②(5층)",
    "floor": 5,
    "source": "일반식",
    "z_m": 15.2,
    "s2_total_h": 3.33,
    "s2_cont_h": 2.0,
    "s2_pass_a": true,
    "s1_pass_a": true,
    "change_cd": "keep_ok",
    "변화": "유지 충족"
   }
  },
  {
   "type": "Feature",
   "geometry": {
    "type": "Point",
    "coordinates": [
     194273.681,
     547060.985
    ]
   },
   "properties": {
    "pid": "여의도여자고등학교 ②(5층) 1층-9",
    "school": "여의도여자고등학교",
    "kind": "교사동 창면",
    "dong": "여의도여자고등학교 ②(5층)",
    "floor": 1,
    "source": "일반식",
    "z_m": 1.2,
    "s2_total_h": 2.83,
    "s2_cont_h": 2.17,
    "s2_pass_a": true,
    "s1_pass_a": true,
    "change_cd": "keep_ok",
    "변화": "유지 충족"
   }
  },
  {
   "type": "Feature",
   "geometry": {
    "type": "Point",
    "coordinates": [
     194273.681,
     547060.985
    ]
   },
   "properties": {
    "pid": "여의도여자고등학교 ②(5층) 2층-9",
    "school": "여의도여자고등학교",
    "kind": "교사동 창면",
    "dong": "여의도여자고등학교 ②(5층)",
    "floor": 2,
    "source": "일반식",
    "z_m": 4.7,
    "s2_total_h": 3.5,
    "s2_cont_h": 2.17,
    "s2_pass_a": true,
    "s1_pass_a": true,
    "change_cd": "keep_ok",
    "변화": "유지 충족"
   }
  },
  {
   "type": "Feature",
   "geometry": {
    "type": "Point",
    "coordinates": [
     194273.681,
     547060.985
    ]
   },
   "properties": {
    "pid": "여의도여자고등학교 ②(5층) 3층-9",
    "school": "여의도여자고등학교",
    "kind": "교사동 창면",
    "dong": "여의도여자고등학교 ②(5층)",
    "floor": 3,
    "source": "일반식",
    "z_m": 8.2,
    "s2_total_h": 3.5,
    "s2_cont_h": 2.17,
    "s2_pass_a": true,
    "s1_pass_a": true,
    "change_cd": "keep_ok",
    "변화": "유지 충족"
   }
  },
  {
   "type": "Feature",
   "geometry": {
    "type": "Point",
    "coordinates": [
     194273.681,
     547060.985
    ]
   },
   "properties": {
    "pid": "여의도여자고등학교 ②(5층) 4층-9",
    "school": "여의도여자고등학교",
    "kind": "교사동 창면",
    "dong": "여의도여자고등학교 ②(5층)",
    "floor": 4,
    "source": "일반식",
    "z_m": 11.7,
    "s2_total_h": 3.5,
    "s2_cont_h": 2.17,
    "s2_pass_a": true,
    "s1_pass_a": true,
    "change_cd": "keep_ok",
    "변화": "유지 충족"
   }
  },
  {
   "type": "Feature",
   "geometry": {
    "type": "Point",
    "coordinates": [
     194273.681,
     547060.985
    ]
   },
   "properties": {
    "pid": "여의도여자고등학교 ②(5층) 5층-9",
    "school": "여의도여자고등학교",
    "kind": "교사동 창면",
    "dong": "여의도여자고등학교 ②(5층)",
    "floor": 5,
    "source": "일반식",
    "z_m": 15.2,
    "s2_total_h": 3.5,
    "s2_cont_h": 2.17,
    "s2_pass_a": true,
    "s1_pass_a": true,
    "change_cd": "keep_ok",
    "변화": "유지 충족"
   }
  },
  {
   "type": "Feature",
   "geometry": {
    "type": "Point",
    "coordinates": [
     194270.616,
     547064.962
    ]
   },
   "properties": {
    "pid": "여의도여자고등학교 ②(5층) 1층-10",
    "school": "여의도여자고등학교",
    "kind": "교사동 창면",
    "dong": "여의도여자고등학교 ②(5층)",
    "floor": 1,
    "source": "일반식",
    "z_m": 1.2,
    "s2_total_h": 3.33,
    "s2_cont_h": 2.0,
    "s2_pass_a": true,
    "s1_pass_a": true,
    "change_cd": "keep_ok",
    "변화": "유지 충족"
   }
  },
  {
   "type": "Feature",
   "geometry": {
    "type": "Point",
    "coordinates": [
     194270.616,
     547064.962
    ]
   },
   "properties": {
    "pid": "여의도여자고등학교 ②(5층) 2층-10",
    "school": "여의도여자고등학교",
    "kind": "교사동 창면",
    "dong": "여의도여자고등학교 ②(5층)",
    "floor": 2,
    "source": "일반식",
    "z_m": 4.7,
    "s2_total_h": 3.33,
    "s2_cont_h": 2.0,
    "s2_pass_a": true,
    "s1_pass_a": true,
    "change_cd": "keep_ok",
    "변화": "유지 충족"
   }
  },
  {
   "type": "Feature",
   "geometry": {
    "type": "Point",
    "coordinates": [
     194270.616,
     547064.962
    ]
   },
   "properties": {
    "pid": "여의도여자고등학교 ②(5층) 3층-10",
    "school": "여의도여자고등학교",
    "kind": "교사동 창면",
    "dong": "여의도여자고등학교 ②(5층)",
    "floor": 3,
    "source": "일반식",
    "z_m": 8.2,
    "s2_total_h": 3.33,
    "s2_cont_h": 2.0,
    "s2_pass_a": true,
    "s1_pass_a": true,
    "change_cd": "keep_ok",
    "변화": "유지 충족"
   }
  },
  {
   "type": "Feature",
   "geometry": {
    "type": "Point",
    "coordinates": [
     194270.616,
     547064.962
    ]
   },
   "properties": {
    "pid": "여의도여자고등학교 ②(5층) 4층-10",
    "school": "여의도여자고등학교",
    "kind": "교사동 창면",
    "dong": "여의도여자고등학교 ②(5층)",
    "floor": 4,
    "source": "일반식",
    "z_m": 11.7,
    "s2_total_h": 3.33,
    "s2_cont_h": 2.0,
    "s2_pass_a": true,
    "s1_pass_a": true,
    "change_cd": "keep_ok",
    "변화": "유지 충족"
   }
  },
  {
   "type": "Feature",
   "geometry": {
    "type": "Point",
    "coordinates": [
     194270.616,
     547064.962
    ]
   },
   "properties": {
    "pid": "여의도여자고등학교 ②(5층) 5층-10",
    "school": "여의도여자고등학교",
    "kind": "교사동 창면",
    "dong": "여의도여자고등학교 ②(5층)",
    "floor": 5,
    "source": "일반식",
    "z_m": 15.2,
    "s2_total_h": 3.33,
    "s2_cont_h": 2.0,
    "s2_pass_a": true,
    "s1_pass_a": true,
    "change_cd": "keep_ok",
    "변화": "유지 충족"
   }
  },
  {
   "type": "Feature",
   "geometry": {
    "type": "Point",
    "coordinates": [
     194267.552,
     547068.94
    ]
   },
   "properties": {
    "pid": "여의도여자고등학교 ②(5층) 1층-11",
    "school": "여의도여자고등학교",
    "kind": "교사동 창면",
    "dong": "여의도여자고등학교 ②(5층)",
    "floor": 1,
    "source": "일반식",
    "z_m": 1.2,
    "s2_total_h": 3.17,
    "s2_cont_h": 2.0,
    "s2_pass_a": true,
    "s1_pass_a": true,
    "change_cd": "keep_ok",
    "변화": "유지 충족"
   }
  },
  {
   "type": "Feature",
   "geometry": {
    "type": "Point",
    "coordinates": [
     194267.552,
     547068.94
    ]
   },
   "properties": {
    "pid": "여의도여자고등학교 ②(5층) 2층-11",
    "school": "여의도여자고등학교",
    "kind": "교사동 창면",
    "dong": "여의도여자고등학교 ②(5층)",
    "floor": 2,
    "source": "일반식",
    "z_m": 4.7,
    "s2_total_h": 3.33,
    "s2_cont_h": 2.0,
    "s2_pass_a": true,
    "s1_pass_a": true,
    "change_cd": "keep_ok",
    "변화": "유지 충족"
   }
  },
  {
   "type": "Feature",
   "geometry": {
    "type": "Point",
    "coordinates": [
     194267.552,
     547068.94
    ]
   },
   "properties": {
    "pid": "여의도여자고등학교 ②(5층) 3층-11",
    "school": "여의도여자고등학교",
    "kind": "교사동 창면",
    "dong": "여의도여자고등학교 ②(5층)",
    "floor": 3,
    "source": "일반식",
    "z_m": 8.2,
    "s2_total_h": 3.33,
    "s2_cont_h": 2.0,
    "s2_pass_a": true,
    "s1_pass_a": true,
    "change_cd": "keep_ok",
    "변화": "유지 충족"
   }
  },
  {
   "type": "Feature",
   "geometry": {
    "type": "Point",
    "coordinates": [
     194267.552,
     547068.94
    ]
   },
   "properties": {
    "pid": "여의도여자고등학교 ②(5층) 4층-11",
    "school": "여의도여자고등학교",
    "kind": "교사동 창면",
    "dong": "여의도여자고등학교 ②(5층)",
    "floor": 4,
    "source": "일반식",
    "z_m": 11.7,
    "s2_total_h": 3.33,
    "s2_cont_h": 2.0,
    "s2_pass_a": true,
    "s1_pass_a": true,
    "change_cd": "keep_ok",
    "변화": "유지 충족"
   }
  },
  {
   "type": "Feature",
   "geometry": {
    "type": "Point",
    "coordinates": [
     194267.552,
     547068.94
    ]
   },
   "properties": {
    "pid": "여의도여자고등학교 ②(5층) 5층-11",
    "school": "여의도여자고등학교",
    "kind": "교사동 창면",
    "dong": "여의도여자고등학교 ②(5층)",
    "floor": 5,
    "source": "일반식",
    "z_m": 15.2,
    "s2_total_h": 3.33,
    "s2_cont_h": 2.0,
    "s2_pass_a": true,
    "s1_pass_a": true,
    "change_cd": "keep_ok",
    "변화": "유지 충족"
   }
  },
  {
   "type": "Feature",
   "geometry": {
    "type": "Point",
    "coordinates": [
     194264.488,
     547072.918
    ]
   },
   "properties": {
    "pid": "여의도여자고등학교 ②(5층) 1층-12",
    "school": "여의도여자고등학교",
    "kind": "교사동 창면",
    "dong": "여의도여자고등학교 ②(5층)",
    "floor": 1,
    "source": "일반식",
    "z_m": 1.2,
    "s2_total_h": 3.17,
    "s2_cont_h": 2.0,
    "s2_pass_a": true,
    "s1_pass_a": true,
    "change_cd": "keep_ok",
    "변화": "유지 충족"
   }
  },
  {
   "type": "Feature",
   "geometry": {
    "type": "Point",
    "coordinates": [
     194264.488,
     547072.918
    ]
   },
   "properties": {
    "pid": "여의도여자고등학교 ②(5층) 2층-12",
    "school": "여의도여자고등학교",
    "kind": "교사동 창면",
    "dong": "여의도여자고등학교 ②(5층)",
    "floor": 2,
    "source": "일반식",
    "z_m": 4.7,
    "s2_total_h": 3.17,
    "s2_cont_h": 2.0,
    "s2_pass_a": true,
    "s1_pass_a": true,
    "change_cd": "keep_ok",
    "변화": "유지 충족"
   }
  },
  {
   "type": "Feature",
   "geometry": {
    "type": "Point",
    "coordinates": [
     194264.488,
     547072.918
    ]
   },
   "properties": {
    "pid": "여의도여자고등학교 ②(5층) 3층-12",
    "school": "여의도여자고등학교",
    "kind": "교사동 창면",
    "dong": "여의도여자고등학교 ②(5층)",
    "floor": 3,
    "source": "일반식",
    "z_m": 8.2,
    "s2_total_h": 3.17,
    "s2_cont_h": 2.0,
    "s2_pass_a": true,
    "s1_pass_a": true,
    "change_cd": "keep_ok",
    "변화": "유지 충족"
   }
  },
  {
   "type": "Feature",
   "geometry": {
    "type": "Point",
    "coordinates": [
     194264.488,
     547072.918
    ]
   },
   "properties": {
    "pid": "여의도여자고등학교 ②(5층) 4층-12",
    "school": "여의도여자고등학교",
    "kind": "교사동 창면",
    "dong": "여의도여자고등학교 ②(5층)",
    "floor": 4,
    "source": "일반식",
    "z_m": 11.7,
    "s2_total_h": 3.17,
    "s2_cont_h": 2.0,
    "s2_pass_a": true,
    "s1_pass_a": true,
    "change_cd": "keep_ok",
    "변화": "유지 충족"
   }
  },
  {
   "type": "Feature",
   "geometry": {
    "type": "Point",
    "coordinates": [
     194264.488,
     547072.918
    ]
   },
   "properties": {
    "pid": "여의도여자고등학교 ②(5층) 5층-12",
    "school": "여의도여자고등학교",
    "kind": "교사동 창면",
    "dong": "여의도여자고등학교 ②(5층)",
    "floor": 5,
    "source": "일반식",
    "z_m": 15.2,
    "s2_total_h": 3.17,
    "s2_cont_h": 2.0,
    "s2_pass_a": true,
    "s1_pass_a": true,
    "change_cd": "keep_ok",
    "변화": "유지 충족"
   }
  },
  {
   "type": "Feature",
   "geometry": {
    "type": "Point",
    "coordinates": [
     194261.423,
     547076.895
    ]
   },
   "properties": {
    "pid": "여의도여자고등학교 ②(5층) 1층-13",
    "school": "여의도여자고등학교",
    "kind": "교사동 창면",
    "dong": "여의도여자고등학교 ②(5층)",
    "floor": 1,
    "source": "일반식",
    "z_m": 1.2,
    "s2_total_h": 2.67,
    "s2_cont_h": 2.0,
    "s2_pass_a": true,
    "s1_pass_a": true,
    "change_cd": "keep_ok",
    "변화": "유지 충족"
   }
  },
  {
   "type": "Feature",
   "geometry": {
    "type": "Point",
    "coordinates": [
     194261.423,
     547076.895
    ]
   },
   "properties": {
    "pid": "여의도여자고등학교 ②(5층) 2층-13",
    "school": "여의도여자고등학교",
    "kind": "교사동 창면",
    "dong": "여의도여자고등학교 ②(5층)",
    "floor": 2,
    "source": "일반식",
    "z_m": 4.7,
    "s2_total_h": 2.67,
    "s2_cont_h": 2.0,
    "s2_pass_a": true,
    "s1_pass_a": true,
    "change_cd": "keep_ok",
    "변화": "유지 충족"
   }
  },
  {
   "type": "Feature",
   "geometry": {
    "type": "Point",
    "coordinates": [
     194261.423,
     547076.895
    ]
   },
   "properties": {
    "pid": "여의도여자고등학교 ②(5층) 3층-13",
    "school": "여의도여자고등학교",
    "kind": "교사동 창면",
    "dong": "여의도여자고등학교 ②(5층)",
    "floor": 3,
    "source": "일반식",
    "z_m": 8.2,
    "s2_total_h": 2.67,
    "s2_cont_h": 2.0,
    "s2_pass_a": true,
    "s1_pass_a": true,
    "change_cd": "keep_ok",
    "변화": "유지 충족"
   }
  },
  {
   "type": "Feature",
   "geometry": {
    "type": "Point",
    "coordinates": [
     194261.423,
     547076.895
    ]
   },
   "properties": {
    "pid": "여의도여자고등학교 ②(5층) 4층-13",
    "school": "여의도여자고등학교",
    "kind": "교사동 창면",
    "dong": "여의도여자고등학교 ②(5층)",
    "floor": 4,
    "source": "일반식",
    "z_m": 11.7,
    "s2_total_h": 2.67,
    "s2_cont_h": 2.0,
    "s2_pass_a": true,
    "s1_pass_a": true,
    "change_cd": "keep_ok",
    "변화": "유지 충족"
   }
  },
  {
   "type": "Feature",
   "geometry": {
    "type": "Point",
    "coordinates": [
     194261.423,
     547076.895
    ]
   },
   "properties": {
    "pid": "여의도여자고등학교 ②(5층) 5층-13",
    "school": "여의도여자고등학교",
    "kind": "교사동 창면",
    "dong": "여의도여자고등학교 ②(5층)",
    "floor": 5,
    "source": "일반식",
    "z_m": 15.2,
    "s2_total_h": 3.33,
    "s2_cont_h": 2.0,
    "s2_pass_a": true,
    "s1_pass_a": true,
    "change_cd": "keep_ok",
    "변화": "유지 충족"
   }
  },
  {
   "type": "Feature",
   "geometry": {
    "type": "Point",
    "coordinates": [
     194207.777,
     546994.132
    ]
   },
   "properties": {
    "pid": "여의도여자고등학교 운동장-1",
    "school": "여의도여자고등학교",
    "kind": "운동장 지반",
    "dong": "여의도여자고등학교 운동장",
    "floor": 0,
    "source": "옥외지반 근사",
    "z_m": 0.0,
    "s2_total_h": 3.17,
    "s2_cont_h": 2.17,
    "s2_pass_a": true,
    "s1_pass_a": true,
    "change_cd": "keep_ok",
    "변화": "유지 충족"
   }
  },
  {
   "type": "Feature",
   "geometry": {
    "type": "Point",
    "coordinates": [
     194215.777,
     546994.132
    ]
   },
   "properties": {
    "pid": "여의도여자고등학교 운동장-2",
    "school": "여의도여자고등학교",
    "kind": "운동장 지반",
    "dong": "여의도여자고등학교 운동장",
    "floor": 0,
    "source": "옥외지반 근사",
    "z_m": 0.0,
    "s2_total_h": 3.0,
    "s2_cont_h": 2.0,
    "s2_pass_a": true,
    "s1_pass_a": false,
    "change_cd": "new_ok",
    "변화": "신규 충족"
   }
  },
  {
   "type": "Feature",
   "geometry": {
    "type": "Point",
    "coordinates": [
     194223.777,
     546994.132
    ]
   },
   "properties": {
    "pid": "여의도여자고등학교 운동장-3",
    "school": "여의도여자고등학교",
    "kind": "운동장 지반",
    "dong": "여의도여자고등학교 운동장",
    "floor": 0,
    "source": "옥외지반 근사",
    "z_m": 0.0,
    "s2_total_h": 2.83,
    "s2_cont_h": 1.83,
    "s2_pass_a": false,
    "s1_pass_a": false,
    "change_cd": "keep_fail",
    "변화": "유지 불충족"
   }
  },
  {
   "type": "Feature",
   "geometry": {
    "type": "Point",
    "coordinates": [
     194231.777,
     546994.132
    ]
   },
   "properties": {
    "pid": "여의도여자고등학교 운동장-4",
    "school": "여의도여자고등학교",
    "kind": "운동장 지반",
    "dong": "여의도여자고등학교 운동장",
    "floor": 0,
    "source": "옥외지반 근사",
    "z_m": 0.0,
    "s2_total_h": 2.67,
    "s2_cont_h": 1.67,
    "s2_pass_a": false,
    "s1_pass_a": false,
    "change_cd": "keep_fail",
    "변화": "유지 불충족"
   }
  },
  {
   "type": "Feature",
   "geometry": {
    "type": "Point",
    "coordinates": [
     194191.777,
     547002.132
    ]
   },
   "properties": {
    "pid": "여의도여자고등학교 운동장-5",
    "school": "여의도여자고등학교",
    "kind": "운동장 지반",
    "dong": "여의도여자고등학교 운동장",
    "floor": 0,
    "source": "옥외지반 근사",
    "z_m": 0.0,
    "s2_total_h": 2.83,
    "s2_cont_h": 2.0,
    "s2_pass_a": true,
    "s1_pass_a": true,
    "change_cd": "keep_ok",
    "변화": "유지 충족"
   }
  },
  {
   "type": "Feature",
   "geometry": {
    "type": "Point",
    "coordinates": [
     194199.777,
     547002.132
    ]
   },
   "properties": {
    "pid": "여의도여자고등학교 운동장-6",
    "school": "여의도여자고등학교",
    "kind": "운동장 지반",
    "dong": "여의도여자고등학교 운동장",
    "floor": 0,
    "source": "옥외지반 근사",
    "z_m": 0.0,
    "s2_total_h": 2.83,
    "s2_cont_h": 2.0,
    "s2_pass_a": true,
    "s1_pass_a": false,
    "change_cd": "new_ok",
    "변화": "신규 충족"
   }
  },
  {
   "type": "Feature",
   "geometry": {
    "type": "Point",
    "coordinates": [
     194207.777,
     547002.132
    ]
   },
   "properties": {
    "pid": "여의도여자고등학교 운동장-7",
    "school": "여의도여자고등학교",
    "kind": "운동장 지반",
    "dong": "여의도여자고등학교 운동장",
    "floor": 0,
    "source": "옥외지반 근사",
    "z_m": 0.0,
    "s2_total_h": 3.0,
    "s2_cont_h": 2.0,
    "s2_pass_a": true,
    "s1_pass_a": false,
    "change_cd": "new_ok",
    "변화": "신규 충족"
   }
  },
  {
   "type": "Feature",
   "geometry": {
    "type": "Point",
    "coordinates": [
     194215.777,
     547002.132
    ]
   },
   "properties": {
    "pid": "여의도여자고등학교 운동장-8",
    "school": "여의도여자고등학교",
    "kind": "운동장 지반",
    "dong": "여의도여자고등학교 운동장",
    "floor": 0,
    "source": "옥외지반 근사",
    "z_m": 0.0,
    "s2_total_h": 2.5,
    "s2_cont_h": 1.67,
    "s2_pass_a": false,
    "s1_pass_a": false,
    "change_cd": "keep_fail",
    "변화": "유지 불충족"
   }
  },
  {
   "type": "Feature",
   "geometry": {
    "type": "Point",
    "coordinates": [
     194223.777,
     547002.132
    ]
   },
   "properties": {
    "pid": "여의도여자고등학교 운동장-9",
    "school": "여의도여자고등학교",
    "kind": "운동장 지반",
    "dong": "여의도여자고등학교 운동장",
    "floor": 0,
    "source": "옥외지반 근사",
    "z_m": 0.0,
    "s2_total_h": 2.67,
    "s2_cont_h": 1.83,
    "s2_pass_a": false,
    "s1_pass_a": false,
    "change_cd": "keep_fail",
    "변화": "유지 불충족"
   }
  },
  {
   "type": "Feature",
   "geometry": {
    "type": "Point",
    "coordinates": [
     194231.777,
     547002.132
    ]
   },
   "properties": {
    "pid": "여의도여자고등학교 운동장-10",
    "school": "여의도여자고등학교",
    "kind": "운동장 지반",
    "dong": "여의도여자고등학교 운동장",
    "floor": 0,
    "source": "옥외지반 근사",
    "z_m": 0.0,
    "s2_total_h": 2.83,
    "s2_cont_h": 1.83,
    "s2_pass_a": false,
    "s1_pass_a": false,
    "change_cd": "keep_fail",
    "변화": "유지 불충족"
   }
  },
  {
   "type": "Feature",
   "geometry": {
    "type": "Point",
    "coordinates": [
     194239.777,
     547002.132
    ]
   },
   "properties": {
    "pid": "여의도여자고등학교 운동장-11",
    "school": "여의도여자고등학교",
    "kind": "운동장 지반",
    "dong": "여의도여자고등학교 운동장",
    "floor": 0,
    "source": "옥외지반 근사",
    "z_m": 0.0,
    "s2_total_h": 2.5,
    "s2_cont_h": 1.67,
    "s2_pass_a": false,
    "s1_pass_a": false,
    "change_cd": "keep_fail",
    "변화": "유지 불충족"
   }
  },
  {
   "type": "Feature",
   "geometry": {
    "type": "Point",
    "coordinates": [
     194287.777,
     547002.132
    ]
   },
   "properties": {
    "pid": "여의도여자고등학교 운동장-12",
    "school": "여의도여자고등학교",
    "kind": "운동장 지반",
    "dong": "여의도여자고등학교 운동장",
    "floor": 0,
    "source": "옥외지반 근사",
    "z_m": 0.0,
    "s2_total_h": 0.83,
    "s2_cont_h": 0.83,
    "s2_pass_a": false,
    "s1_pass_a": false,
    "change_cd": "keep_fail",
    "변화": "유지 불충족"
   }
  },
  {
   "type": "Feature",
   "geometry": {
    "type": "Point",
    "coordinates": [
     194295.777,
     547002.132
    ]
   },
   "properties": {
    "pid": "여의도여자고등학교 운동장-13",
    "school": "여의도여자고등학교",
    "kind": "운동장 지반",
    "dong": "여의도여자고등학교 운동장",
    "floor": 0,
    "source": "옥외지반 근사",
    "z_m": 0.0,
    "s2_total_h": 1.83,
    "s2_cont_h": 1.83,
    "s2_pass_a": false,
    "s1_pass_a": true,
    "change_cd": "new_fail",
    "변화": "신규 불충족"
   }
  },
  {
   "type": "Feature",
   "geometry": {
    "type": "Point",
    "coordinates": [
     194183.777,
     547010.132
    ]
   },
   "properties": {
    "pid": "여의도여자고등학교 운동장-14",
    "school": "여의도여자고등학교",
    "kind": "운동장 지반",
    "dong": "여의도여자고등학교 운동장",
    "floor": 0,
    "source": "옥외지반 근사",
    "z_m": 0.0,
    "s2_total_h": 2.33,
    "s2_cont_h": 1.83,
    "s2_pass_a": false,
    "s1_pass_a": false,
    "change_cd": "keep_fail",
    "변화": "유지 불충족"
   }
  },
  {
   "type": "Feature",
   "geometry": {
    "type": "Point",
    "coordinates": [
     194191.777,
     547010.132
    ]
   },
   "properties": {
    "pid": "여의도여자고등학교 운동장-15",
    "school": "여의도여자고등학교",
    "kind": "운동장 지반",
    "dong": "여의도여자고등학교 운동장",
    "floor": 0,
    "source": "옥외지반 근사",
    "z_m": 0.0,
    "s2_total_h": 2.67,
    "s2_cont_h": 1.83,
    "s2_pass_a": false,
    "s1_pass_a": false,
    "change_cd": "keep_fail",
    "변화": "유지 불충족"
   }
  },
  {
   "type": "Feature",
   "geometry": {
    "type": "Point",
    "coordinates": [
     194199.777,
     547010.132
    ]
   },
   "properties": {
    "pid": "여의도여자고등학교 운동장-16",
    "school": "여의도여자고등학교",
    "kind": "운동장 지반",
    "dong": "여의도여자고등학교 운동장",
    "floor": 0,
    "source": "옥외지반 근사",
    "z_m": 0.0,
    "s2_total_h": 2.67,
    "s2_cont_h": 1.83,
    "s2_pass_a": false,
    "s1_pass_a": false,
    "change_cd": "keep_fail",
    "변화": "유지 불충족"
   }
  },
  {
   "type": "Feature",
   "geometry": {
    "type": "Point",
    "coordinates": [
     194207.777,
     547010.132
    ]
   },
   "properties": {
    "pid": "여의도여자고등학교 운동장-17",
    "school": "여의도여자고등학교",
    "kind": "운동장 지반",
    "dong": "여의도여자고등학교 운동장",
    "floor": 0,
    "source": "옥외지반 근사",
    "z_m": 0.0,
    "s2_total_h": 2.67,
    "s2_cont_h": 1.83,
    "s2_pass_a": false,
    "s1_pass_a": false,
    "change_cd": "keep_fail",
    "변화": "유지 불충족"
   }
  },
  {
   "type": "Feature",
   "geometry": {
    "type": "Point",
    "coordinates": [
     194215.777,
     547010.132
    ]
   },
   "properties": {
    "pid": "여의도여자고등학교 운동장-18",
    "school": "여의도여자고등학교",
    "kind": "운동장 지반",
    "dong": "여의도여자고등학교 운동장",
    "floor": 0,
    "source": "옥외지반 근사",
    "z_m": 0.0,
    "s2_total_h": 2.67,
    "s2_cont_h": 2.0,
    "s2_pass_a": true,
    "s1_pass_a": false,
    "change_cd": "new_ok",
    "변화": "신규 충족"
   }
  },
  {
   "type": "Feature",
   "geometry": {
    "type": "Point",
    "coordinates": [
     194223.777,
     547010.132
    ]
   },
   "properties": {
    "pid": "여의도여자고등학교 운동장-19",
    "school": "여의도여자고등학교",
    "kind": "운동장 지반",
    "dong": "여의도여자고등학교 운동장",
    "floor": 0,
    "source": "옥외지반 근사",
    "z_m": 0.0,
    "s2_total_h": 2.83,
    "s2_cont_h": 2.0,
    "s2_pass_a": true,
    "s1_pass_a": false,
    "change_cd": "new_ok",
    "변화": "신규 충족"
   }
  },
  {
   "type": "Feature",
   "geometry": {
    "type": "Point",
    "coordinates": [
     194231.777,
     547010.132
    ]
   },
   "properties": {
    "pid": "여의도여자고등학교 운동장-20",
    "school": "여의도여자고등학교",
    "kind": "운동장 지반",
    "dong": "여의도여자고등학교 운동장",
    "floor": 0,
    "source": "옥외지반 근사",
    "z_m": 0.0,
    "s2_total_h": 3.0,
    "s2_cont_h": 2.17,
    "s2_pass_a": true,
    "s1_pass_a": false,
    "change_cd": "new_ok",
    "변화": "신규 충족"
   }
  },
  {
   "type": "Feature",
   "geometry": {
    "type": "Point",
    "coordinates": [
     194239.777,
     547010.132
    ]
   },
   "properties": {
    "pid": "여의도여자고등학교 운동장-21",
    "school": "여의도여자고등학교",
    "kind": "운동장 지반",
    "dong": "여의도여자고등학교 운동장",
    "floor": 0,
    "source": "옥외지반 근사",
    "z_m": 0.0,
    "s2_total_h": 3.0,
    "s2_cont_h": 2.17,
    "s2_pass_a": true,
    "s1_pass_a": false,
    "change_cd": "new_ok",
    "변화": "신규 충족"
   }
  },
  {
   "type": "Feature",
   "geometry": {
    "type": "Point",
    "coordinates": [
     194247.777,
     547010.132
    ]
   },
   "properties": {
    "pid": "여의도여자고등학교 운동장-22",
    "school": "여의도여자고등학교",
    "kind": "운동장 지반",
    "dong": "여의도여자고등학교 운동장",
    "floor": 0,
    "source": "옥외지반 근사",
    "z_m": 0.0,
    "s2_total_h": 2.83,
    "s2_cont_h": 2.0,
    "s2_pass_a": true,
    "s1_pass_a": true,
    "change_cd": "keep_ok",
    "변화": "유지 충족"
   }
  },
  {
   "type": "Feature",
   "geometry": {
    "type": "Point",
    "coordinates": [
     194255.777,
     547010.132
    ]
   },
   "properties": {
    "pid": "여의도여자고등학교 운동장-23",
    "school": "여의도여자고등학교",
    "kind": "운동장 지반",
    "dong": "여의도여자고등학교 운동장",
    "floor": 0,
    "source": "옥외지반 근사",
    "z_m": 0.0,
    "s2_total_h": 2.67,
    "s2_cont_h": 2.0,
    "s2_pass_a": true,
    "s1_pass_a": true,
    "change_cd": "keep_ok",
    "변화": "유지 충족"
   }
  },
  {
   "type": "Feature",
   "geometry": {
    "type": "Point",
    "coordinates": [
     194263.777,
     547010.132
    ]
   },
   "properties": {
    "pid": "여의도여자고등학교 운동장-24",
    "school": "여의도여자고등학교",
    "kind": "운동장 지반",
    "dong": "여의도여자고등학교 운동장",
    "floor": 0,
    "source": "옥외지반 근사",
    "z_m": 0.0,
    "s2_total_h": 2.17,
    "s2_cont_h": 1.67,
    "s2_pass_a": false,
    "s1_pass_a": true,
    "change_cd": "new_fail",
    "변화": "신규 불충족"
   }
  },
  {
   "type": "Feature",
   "geometry": {
    "type": "Point",
    "coordinates": [
     194271.777,
     547010.132
    ]
   },
   "properties": {
    "pid": "여의도여자고등학교 운동장-25",
    "school": "여의도여자고등학교",
    "kind": "운동장 지반",
    "dong": "여의도여자고등학교 운동장",
    "floor": 0,
    "source": "옥외지반 근사",
    "z_m": 0.0,
    "s2_total_h": 2.17,
    "s2_cont_h": 1.5,
    "s2_pass_a": false,
    "s1_pass_a": false,
    "change_cd": "keep_fail",
    "변화": "유지 불충족"
   }
  },
  {
   "type": "Feature",
   "geometry": {
    "type": "Point",
    "coordinates": [
     194279.777,
     547010.132
    ]
   },
   "properties": {
    "pid": "여의도여자고등학교 운동장-26",
    "school": "여의도여자고등학교",
    "kind": "운동장 지반",
    "dong": "여의도여자고등학교 운동장",
    "floor": 0,
    "source": "옥외지반 근사",
    "z_m": 0.0,
    "s2_total_h": 2.33,
    "s2_cont_h": 1.17,
    "s2_pass_a": false,
    "s1_pass_a": true,
    "change_cd": "new_fail",
    "변화": "신규 불충족"
   }
  },
  {
   "type": "Feature",
   "geometry": {
    "type": "Point",
    "coordinates": [
     194287.777,
     547010.132
    ]
   },
   "properties": {
    "pid": "여의도여자고등학교 운동장-27",
    "school": "여의도여자고등학교",
    "kind": "운동장 지반",
    "dong": "여의도여자고등학교 운동장",
    "floor": 0,
    "source": "옥외지반 근사",
    "z_m": 0.0,
    "s2_total_h": 2.5,
    "s2_cont_h": 1.67,
    "s2_pass_a": false,
    "s1_pass_a": true,
    "change_cd": "new_fail",
    "변화": "신규 불충족"
   }
  },
  {
   "type": "Feature",
   "geometry": {
    "type": "Point",
    "coordinates": [
     194295.777,
     547010.132
    ]
   },
   "properties": {
    "pid": "여의도여자고등학교 운동장-28",
    "school": "여의도여자고등학교",
    "kind": "운동장 지반",
    "dong": "여의도여자고등학교 운동장",
    "floor": 0,
    "source": "옥외지반 근사",
    "z_m": 0.0,
    "s2_total_h": 2.33,
    "s2_cont_h": 2.0,
    "s2_pass_a": true,
    "s1_pass_a": true,
    "change_cd": "keep_ok",
    "변화": "유지 충족"
   }
  },
  {
   "type": "Feature",
   "geometry": {
    "type": "Point",
    "coordinates": [
     194303.777,
     547010.132
    ]
   },
   "properties": {
    "pid": "여의도여자고등학교 운동장-29",
    "school": "여의도여자고등학교",
    "kind": "운동장 지반",
    "dong": "여의도여자고등학교 운동장",
    "floor": 0,
    "source": "옥외지반 근사",
    "z_m": 0.0,
    "s2_total_h": 2.5,
    "s2_cont_h": 2.5,
    "s2_pass_a": true,
    "s1_pass_a": true,
    "change_cd": "keep_ok",
    "변화": "유지 충족"
   }
  },
  {
   "type": "Feature",
   "geometry": {
    "type": "Point",
    "coordinates": [
     194183.777,
     547018.132
    ]
   },
   "properties": {
    "pid": "여의도여자고등학교 운동장-30",
    "school": "여의도여자고등학교",
    "kind": "운동장 지반",
    "dong": "여의도여자고등학교 운동장",
    "floor": 0,
    "source": "옥외지반 근사",
    "z_m": 0.0,
    "s2_total_h": 2.67,
    "s2_cont_h": 1.67,
    "s2_pass_a": false,
    "s1_pass_a": false,
    "change_cd": "keep_fail",
    "변화": "유지 불충족"
   }
  },
  {
   "type": "Feature",
   "geometry": {
    "type": "Point",
    "coordinates": [
     194207.777,
     547018.132
    ]
   },
   "properties": {
    "pid": "여의도여자고등학교 운동장-31",
    "school": "여의도여자고등학교",
    "kind": "운동장 지반",
    "dong": "여의도여자고등학교 운동장",
    "floor": 0,
    "source": "옥외지반 근사",
    "z_m": 0.0,
    "s2_total_h": 2.67,
    "s2_cont_h": 2.0,
    "s2_pass_a": true,
    "s1_pass_a": false,
    "change_cd": "new_ok",
    "변화": "신규 충족"
   }
  },
  {
   "type": "Feature",
   "geometry": {
    "type": "Point",
    "coordinates": [
     194215.777,
     547018.132
    ]
   },
   "properties": {
    "pid": "여의도여자고등학교 운동장-32",
    "school": "여의도여자고등학교",
    "kind": "운동장 지반",
    "dong": "여의도여자고등학교 운동장",
    "floor": 0,
    "source": "옥외지반 근사",
    "z_m": 0.0,
    "s2_total_h": 3.17,
    "s2_cont_h": 2.33,
    "s2_pass_a": true,
    "s1_pass_a": false,
    "change_cd": "new_ok",
    "변화": "신규 충족"
   }
  },
  {
   "type": "Feature",
   "geometry": {
    "type": "Point",
    "coordinates": [
     194223.777,
     547018.132
    ]
   },
   "properties": {
    "pid": "여의도여자고등학교 운동장-33",
    "school": "여의도여자고등학교",
    "kind": "운동장 지반",
    "dong": "여의도여자고등학교 운동장",
    "floor": 0,
    "source": "옥외지반 근사",
    "z_m": 0.0,
    "s2_total_h": 3.0,
    "s2_cont_h": 2.33,
    "s2_pass_a": true,
    "s1_pass_a": false,
    "change_cd": "new_ok",
    "변화": "신규 충족"
   }
  },
  {
   "type": "Feature",
   "geometry": {
    "type": "Point",
    "coordinates": [
     194231.777,
     547018.132
    ]
   },
   "properties": {
    "pid": "여의도여자고등학교 운동장-34",
    "school": "여의도여자고등학교",
    "kind": "운동장 지반",
    "dong": "여의도여자고등학교 운동장",
    "floor": 0,
    "source": "옥외지반 근사",
    "z_m": 0.0,
    "s2_total_h": 3.17,
    "s2_cont_h": 2.33,
    "s2_pass_a": true,
    "s1_pass_a": true,
    "change_cd": "keep_ok",
    "변화": "유지 충족"
   }
  },
  {
   "type": "Feature",
   "geometry": {
    "type": "Point",
    "coordinates": [
     194239.777,
     547018.132
    ]
   },
   "properties": {
    "pid": "여의도여자고등학교 운동장-35",
    "school": "여의도여자고등학교",
    "kind": "운동장 지반",
    "dong": "여의도여자고등학교 운동장",
    "floor": 0,
    "source": "옥외지반 근사",
    "z_m": 0.0,
    "s2_total_h": 3.17,
    "s2_cont_h": 2.33,
    "s2_pass_a": true,
    "s1_pass_a": true,
    "change_cd": "keep_ok",
    "변화": "유지 충족"
   }
  },
  {
   "type": "Feature",
   "geometry": {
    "type": "Point",
    "coordinates": [
     194247.777,
     547018.132
    ]
   },
   "properties": {
    "pid": "여의도여자고등학교 운동장-36",
    "school": "여의도여자고등학교",
    "kind": "운동장 지반",
    "dong": "여의도여자고등학교 운동장",
    "floor": 0,
    "source": "옥외지반 근사",
    "z_m": 0.0,
    "s2_total_h": 3.0,
    "s2_cont_h": 2.33,
    "s2_pass_a": true,
    "s1_pass_a": true,
    "change_cd": "keep_ok",
    "변화": "유지 충족"
   }
  },
  {
   "type": "Feature",
   "geometry": {
    "type": "Point",
    "coordinates": [
     194255.777,
     547018.132
    ]
   },
   "properties": {
    "pid": "여의도여자고등학교 운동장-37",
    "school": "여의도여자고등학교",
    "kind": "운동장 지반",
    "dong": "여의도여자고등학교 운동장",
    "floor": 0,
    "source": "옥외지반 근사",
    "z_m": 0.0,
    "s2_total_h": 3.17,
    "s2_cont_h": 2.33,
    "s2_pass_a": true,
    "s1_pass_a": true,
    "change_cd": "keep_ok",
    "변화": "유지 충족"
   }
  },
  {
   "type": "Feature",
   "geometry": {
    "type": "Point",
    "coordinates": [
     194263.777,
     547018.132
    ]
   },
   "properties": {
    "pid": "여의도여자고등학교 운동장-38",
    "school": "여의도여자고등학교",
    "kind": "운동장 지반",
    "dong": "여의도여자고등학교 운동장",
    "floor": 0,
    "source": "옥외지반 근사",
    "z_m": 0.0,
    "s2_total_h": 3.33,
    "s2_cont_h": 2.17,
    "s2_pass_a": true,
    "s1_pass_a": true,
    "change_cd": "keep_ok",
    "변화": "유지 충족"
   }
  },
  {
   "type": "Feature",
   "geometry": {
    "type": "Point",
    "coordinates": [
     194271.777,
     547018.132
    ]
   },
   "properties": {
    "pid": "여의도여자고등학교 운동장-39",
    "school": "여의도여자고등학교",
    "kind": "운동장 지반",
    "dong": "여의도여자고등학교 운동장",
    "floor": 0,
    "source": "옥외지반 근사",
    "z_m": 0.0,
    "s2_total_h": 3.5,
    "s2_cont_h": 2.0,
    "s2_pass_a": true,
    "s1_pass_a": true,
    "change_cd": "keep_ok",
    "변화": "유지 충족"
   }
  },
  {
   "type": "Feature",
   "geometry": {
    "type": "Point",
    "coordinates": [
     194279.777,
     547018.132
    ]
   },
   "properties": {
    "pid": "여의도여자고등학교 운동장-40",
    "school": "여의도여자고등학교",
    "kind": "운동장 지반",
    "dong": "여의도여자고등학교 운동장",
    "floor": 0,
    "source": "옥외지반 근사",
    "z_m": 0.0,
    "s2_total_h": 3.83,
    "s2_cont_h": 1.83,
    "s2_pass_a": false,
    "s1_pass_a": true,
    "change_cd": "new_fail",
    "변화": "신규 불충족"
   }
  },
  {
   "type": "Feature",
   "geometry": {
    "type": "Point",
    "coordinates": [
     194311.777,
     547018.132
    ]
   },
   "properties": {
    "pid": "여의도여자고등학교 운동장-41",
    "school": "여의도여자고등학교",
    "kind": "운동장 지반",
    "dong": "여의도여자고등학교 운동장",
    "floor": 0,
    "source": "옥외지반 근사",
    "z_m": 0.0,
    "s2_total_h": 3.5,
    "s2_cont_h": 3.33,
    "s2_pass_a": true,
    "s1_pass_a": false,
    "change_cd": "new_ok",
    "변화": "신규 충족"
   }
  },
  {
   "type": "Feature",
   "geometry": {
    "type": "Point",
    "coordinates": [
     194175.777,
     547026.132
    ]
   },
   "properties": {
    "pid": "여의도여자고등학교 운동장-42",
    "school": "여의도여자고등학교",
    "kind": "운동장 지반",
    "dong": "여의도여자고등학교 운동장",
    "floor": 0,
    "source": "옥외지반 근사",
    "z_m": 0.0,
    "s2_total_h": 2.67,
    "s2_cont_h": 1.67,
    "s2_pass_a": false,
    "s1_pass_a": false,
    "change_cd": "keep_fail",
    "변화": "유지 불충족"
   }
  },
  {
   "type": "Feature",
   "geometry": {
    "type": "Point",
    "coordinates": [
     194183.777,
     547026.132
    ]
   },
   "properties": {
    "pid": "여의도여자고등학교 운동장-43",
    "school": "여의도여자고등학교",
    "kind": "운동장 지반",
    "dong": "여의도여자고등학교 운동장",
    "floor": 0,
    "source": "옥외지반 근사",
    "z_m": 0.0,
    "s2_total_h": 3.33,
    "s2_cont_h": 2.0,
    "s2_pass_a": true,
    "s1_pass_a": false,
    "change_cd": "new_ok",
    "변화": "신규 충족"
   }
  },
  {
   "type": "Feature",
   "geometry": {
    "type": "Point",
    "coordinates": [
     194215.777,
     547026.132
    ]
   },
   "properties": {
    "pid": "여의도여자고등학교 운동장-44",
    "school": "여의도여자고등학교",
    "kind": "운동장 지반",
    "dong": "여의도여자고등학교 운동장",
    "floor": 0,
    "source": "옥외지반 근사",
    "z_m": 0.0,
    "s2_total_h": 3.17,
    "s2_cont_h": 2.5,
    "s2_pass_a": true,
    "s1_pass_a": true,
    "change_cd": "keep_ok",
    "변화": "유지 충족"
   }
  },
  {
   "type": "Feature",
   "geometry": {
    "type": "Point",
    "coordinates": [
     194223.777,
     547026.132
    ]
   },
   "properties": {
    "pid": "여의도여자고등학교 운동장-45",
    "school": "여의도여자고등학교",
    "kind": "운동장 지반",
    "dong": "여의도여자고등학교 운동장",
    "floor": 0,
    "source": "옥외지반 근사",
    "z_m": 0.0,
    "s2_total_h": 3.17,
    "s2_cont_h": 2.5,
    "s2_pass_a": true,
    "s1_pass_a": true,
    "change_cd": "keep_ok",
    "변화": "유지 충족"
   }
  },
  {
   "type": "Feature",
   "geometry": {
    "type": "Point",
    "coordinates": [
     194231.777,
     547026.132
    ]
   },
   "properties": {
    "pid": "여의도여자고등학교 운동장-46",
    "school": "여의도여자고등학교",
    "kind": "운동장 지반",
    "dong": "여의도여자고등학교 운동장",
    "floor": 0,
    "source": "옥외지반 근사",
    "z_m": 0.0,
    "s2_total_h": 3.33,
    "s2_cont_h": 2.5,
    "s2_pass_a": true,
    "s1_pass_a": true,
    "change_cd": "keep_ok",
    "변화": "유지 충족"
   }
  },
  {
   "type": "Feature",
   "geometry": {
    "type": "Point",
    "coordinates": [
     194239.777,
     547026.132
    ]
   },
   "properties": {
    "pid": "여의도여자고등학교 운동장-47",
    "school": "여의도여자고등학교",
    "kind": "운동장 지반",
    "dong": "여의도여자고등학교 운동장",
    "floor": 0,
    "source": "옥외지반 근사",
    "z_m": 0.0,
    "s2_total_h": 3.33,
    "s2_cont_h": 2.67,
    "s2_pass_a": true,
    "s1_pass_a": true,
    "change_cd": "keep_ok",
    "변화": "유지 충족"
   }
  },
  {
   "type": "Feature",
   "geometry": {
    "type": "Point",
    "coordinates": [
     194247.777,
     547026.132
    ]
   },
   "properties": {
    "pid": "여의도여자고등학교 운동장-48",
    "school": "여의도여자고등학교",
    "kind": "운동장 지반",
    "dong": "여의도여자고등학교 운동장",
    "floor": 0,
    "source": "옥외지반 근사",
    "z_m": 0.0,
    "s2_total_h": 3.5,
    "s2_cont_h": 2.67,
    "s2_pass_a": true,
    "s1_pass_a": true,
    "change_cd": "keep_ok",
    "변화": "유지 충족"
   }
  },
  {
   "type": "Feature",
   "geometry": {
    "type": "Point",
    "coordinates": [
     194255.777,
     547026.132
    ]
   },
   "properties": {
    "pid": "여의도여자고등학교 운동장-49",
    "school": "여의도여자고등학교",
    "kind": "운동장 지반",
    "dong": "여의도여자고등학교 운동장",
    "floor": 0,
    "source": "옥외지반 근사",
    "z_m": 0.0,
    "s2_total_h": 4.0,
    "s2_cont_h": 2.5,
    "s2_pass_a": true,
    "s1_pass_a": true,
    "change_cd": "keep_ok",
    "변화": "유지 충족"
   }
  },
  {
   "type": "Feature",
   "geometry": {
    "type": "Point",
    "coordinates": [
     194263.777,
     547026.132
    ]
   },
   "properties": {
    "pid": "여의도여자고등학교 운동장-50",
    "school": "여의도여자고등학교",
    "kind": "운동장 지반",
    "dong": "여의도여자고등학교 운동장",
    "floor": 0,
    "source": "옥외지반 근사",
    "z_m": 0.0,
    "s2_total_h": 4.5,
    "s2_cont_h": 2.67,
    "s2_pass_a": true,
    "s1_pass_a": true,
    "change_cd": "keep_ok",
    "변화": "유지 충족"
   }
  },
  {
   "type": "Feature",
   "geometry": {
    "type": "Point",
    "coordinates": [
     194271.777,
     547026.132
    ]
   },
   "properties": {
    "pid": "여의도여자고등학교 운동장-51",
    "school": "여의도여자고등학교",
    "kind": "운동장 지반",
    "dong": "여의도여자고등학교 운동장",
    "floor": 0,
    "source": "옥외지반 근사",
    "z_m": 0.0,
    "s2_total_h": 4.5,
    "s2_cont_h": 2.5,
    "s2_pass_a": true,
    "s1_pass_a": true,
    "change_cd": "keep_ok",
    "변화": "유지 충족"
   }
  },
  {
   "type": "Feature",
   "geometry": {
    "type": "Point",
    "coordinates": [
     194279.777,
     547026.132
    ]
   },
   "properties": {
    "pid": "여의도여자고등학교 운동장-52",
    "school": "여의도여자고등학교",
    "kind": "운동장 지반",
    "dong": "여의도여자고등학교 운동장",
    "floor": 0,
    "source": "옥외지반 근사",
    "z_m": 0.0,
    "s2_total_h": 3.5,
    "s2_cont_h": 2.33,
    "s2_pass_a": true,
    "s1_pass_a": false,
    "change_cd": "new_ok",
    "변화": "신규 충족"
   }
  },
  {
   "type": "Feature",
   "geometry": {
    "type": "Point",
    "coordinates": [
     194319.777,
     547026.132
    ]
   },
   "properties": {
    "pid": "여의도여자고등학교 운동장-53",
    "school": "여의도여자고등학교",
    "kind": "운동장 지반",
    "dong": "여의도여자고등학교 운동장",
    "floor": 0,
    "source": "옥외지반 근사",
    "z_m": 0.0,
    "s2_total_h": 4.5,
    "s2_cont_h": 4.17,
    "s2_pass_a": true,
    "s1_pass_a": false,
    "change_cd": "new_ok",
    "변화": "신규 충족"
   }
  },
  {
   "type": "Feature",
   "geometry": {
    "type": "Point",
    "coordinates": [
     194327.777,
     547026.132
    ]
   },
   "properties": {
    "pid": "여의도여자고등학교 운동장-54",
    "school": "여의도여자고등학교",
    "kind": "운동장 지반",
    "dong": "여의도여자고등학교 운동장",
    "floor": 0,
    "source": "옥외지반 근사",
    "z_m": 0.0,
    "s2_total_h": 4.33,
    "s2_cont_h": 4.33,
    "s2_pass_a": true,
    "s1_pass_a": true,
    "change_cd": "keep_ok",
    "변화": "유지 충족"
   }
  },
  {
   "type": "Feature",
   "geometry": {
    "type": "Point",
    "coordinates": [
     194335.777,
     547026.132
    ]
   },
   "properties": {
    "pid": "여의도여자고등학교 운동장-55",
    "school": "여의도여자고등학교",
    "kind": "운동장 지반",
    "dong": "여의도여자고등학교 운동장",
    "floor": 0,
    "source": "옥외지반 근사",
    "z_m": 0.0,
    "s2_total_h": 4.33,
    "s2_cont_h": 4.33,
    "s2_pass_a": true,
    "s1_pass_a": true,
    "change_cd": "keep_ok",
    "변화": "유지 충족"
   }
  },
  {
   "type": "Feature",
   "geometry": {
    "type": "Point",
    "coordinates": [
     194175.777,
     547034.132
    ]
   },
   "properties": {
    "pid": "여의도여자고등학교 운동장-56",
    "school": "여의도여자고등학교",
    "kind": "운동장 지반",
    "dong": "여의도여자고등학교 운동장",
    "floor": 0,
    "source": "옥외지반 근사",
    "z_m": 0.0,
    "s2_total_h": 2.67,
    "s2_cont_h": 1.83,
    "s2_pass_a": false,
    "s1_pass_a": false,
    "change_cd": "keep_fail",
    "변화": "유지 불충족"
   }
  },
  {
   "type": "Feature",
   "geometry": {
    "type": "Point",
    "coordinates": [
     194183.777,
     547034.132
    ]
   },
   "properties": {
    "pid": "여의도여자고등학교 운동장-57",
    "school": "여의도여자고등학교",
    "kind": "운동장 지반",
    "dong": "여의도여자고등학교 운동장",
    "floor": 0,
    "source": "옥외지반 근사",
    "z_m": 0.0,
    "s2_total_h": 1.17,
    "s2_cont_h": 0.67,
    "s2_pass_a": false,
    "s1_pass_a": false,
    "change_cd": "keep_fail",
    "변화": "유지 불충족"
   }
  },
  {
   "type": "Feature",
   "geometry": {
    "type": "Point",
    "coordinates": [
     194191.777,
     547034.132
    ]
   },
   "properties": {
    "pid": "여의도여자고등학교 운동장-58",
    "school": "여의도여자고등학교",
    "kind": "운동장 지반",
    "dong": "여의도여자고등학교 운동장",
    "floor": 0,
    "source": "옥외지반 근사",
    "z_m": 0.0,
    "s2_total_h": 0.67,
    "s2_cont_h": 0.67,
    "s2_pass_a": false,
    "s1_pass_a": false,
    "change_cd": "keep_fail",
    "변화": "유지 불충족"
   }
  },
  {
   "type": "Feature",
   "geometry": {
    "type": "Point",
    "coordinates": [
     194231.777,
     547034.132
    ]
   },
   "properties": {
    "pid": "여의도여자고등학교 운동장-59",
    "school": "여의도여자고등학교",
    "kind": "운동장 지반",
    "dong": "여의도여자고등학교 운동장",
    "floor": 0,
    "source": "옥외지반 근사",
    "z_m": 0.0,
    "s2_total_h": 3.33,
    "s2_cont_h": 2.67,
    "s2_pass_a": true,
    "s1_pass_a": true,
    "change_cd": "keep_ok",
    "변화": "유지 충족"
   }
  },
  {
   "type": "Feature",
   "geometry": {
    "type": "Point",
    "coordinates": [
     194239.777,
     547034.132
    ]
   },
   "properties": {
    "pid": "여의도여자고등학교 운동장-60",
    "school": "여의도여자고등학교",
    "kind": "운동장 지반",
    "dong": "여의도여자고등학교 운동장",
    "floor": 0,
    "source": "옥외지반 근사",
    "z_m": 0.0,
    "s2_total_h": 3.83,
    "s2_cont_h": 2.83,
    "s2_pass_a": true,
    "s1_pass_a": true,
    "change_cd": "keep_ok",
    "변화": "유지 충족"
   }
  },
  {
   "type": "Feature",
   "geometry": {
    "type": "Point",
    "coordinates": [
     194247.777,
     547034.132
    ]
   },
   "properties": {
    "pid": "여의도여자고등학교 운동장-61",
    "school": "여의도여자고등학교",
    "kind": "운동장 지반",
    "dong": "여의도여자고등학교 운동장",
    "floor": 0,
    "source": "옥외지반 근사",
    "z_m": 0.0,
    "s2_total_h": 4.17,
    "s2_cont_h": 2.83,
    "s2_pass_a": true,
    "s1_pass_a": true,
    "change_cd": "keep_ok",
    "변화": "유지 충족"
   }
  },
  {
   "type": "Feature",
   "geometry": {
    "type": "Point",
    "coordinates": [
     194255.777,
     547034.132
    ]
   },
   "properties": {
    "pid": "여의도여자고등학교 운동장-62",
    "school": "여의도여자고등학교",
    "kind": "운동장 지반",
    "dong": "여의도여자고등학교 운동장",
    "floor": 0,
    "source": "옥외지반 근사",
    "z_m": 0.0,
    "s2_total_h": 4.33,
    "s2_cont_h": 2.67,
    "s2_pass_a": true,
    "s1_pass_a": true,
    "change_cd": "keep_ok",
    "변화": "유지 충족"
   }
  },
  {
   "type": "Feature",
   "geometry": {
    "type": "Point",
    "coordinates": [
     194263.777,
     547034.132
    ]
   },
   "properties": {
    "pid": "여의도여자고등학교 운동장-63",
    "school": "여의도여자고등학교",
    "kind": "운동장 지반",
    "dong": "여의도여자고등학교 운동장",
    "floor": 0,
    "source": "옥외지반 근사",
    "z_m": 0.0,
    "s2_total_h": 4.33,
    "s2_cont_h": 2.67,
    "s2_pass_a": true,
    "s1_pass_a": true,
    "change_cd": "keep_ok",
    "변화": "유지 충족"
   }
  },
  {
   "type": "Feature",
   "geometry": {
    "type": "Point",
    "coordinates": [
     194271.777,
     547034.132
    ]
   },
   "properties": {
    "pid": "여의도여자고등학교 운동장-64",
    "school": "여의도여자고등학교",
    "kind": "운동장 지반",
    "dong": "여의도여자고등학교 운동장",
    "floor": 0,
    "source": "옥외지반 근사",
    "z_m": 0.0,
    "s2_total_h": 3.67,
    "s2_cont_h": 2.5,
    "s2_pass_a": true,
    "s1_pass_a": false,
    "change_cd": "new_ok",
    "변화": "신규 충족"
   }
  },
  {
   "type": "Feature",
   "geometry": {
    "type": "Point",
    "coordinates": [
     194279.777,
     547034.132
    ]
   },
   "properties": {
    "pid": "여의도여자고등학교 운동장-65",
    "school": "여의도여자고등학교",
    "kind": "운동장 지반",
    "dong": "여의도여자고등학교 운동장",
    "floor": 0,
    "source": "옥외지반 근사",
    "z_m": 0.0,
    "s2_total_h": 2.17,
    "s2_cont_h": 1.5,
    "s2_pass_a": false,
    "s1_pass_a": false,
    "change_cd": "keep_fail",
    "변화": "유지 불충족"
   }
  },
  {
   "type": "Feature",
   "geometry": {
    "type": "Point",
    "coordinates": [
     194327.777,
     547034.132
    ]
   },
   "properties": {
    "pid": "여의도여자고등학교 운동장-66",
    "school": "여의도여자고등학교",
    "kind": "운동장 지반",
    "dong": "여의도여자고등학교 운동장",
    "floor": 0,
    "source": "옥외지반 근사",
    "z_m": 0.0,
    "s2_total_h": 4.5,
    "s2_cont_h": 4.0,
    "s2_pass_a": true,
    "s1_pass_a": true,
    "change_cd": "keep_ok",
    "변화": "유지 충족"
   }
  },
  {
   "type": "Feature",
   "geometry": {
    "type": "Point",
    "coordinates": [
     194335.777,
     547034.132
    ]
   },
   "properties": {
    "pid": "여의도여자고등학교 운동장-67",
    "school": "여의도여자고등학교",
    "kind": "운동장 지반",
    "dong": "여의도여자고등학교 운동장",
    "floor": 0,
    "source": "옥외지반 근사",
    "z_m": 0.0,
    "s2_total_h": 4.17,
    "s2_cont_h": 4.0,
    "s2_pass_a": true,
    "s1_pass_a": true,
    "change_cd": "keep_ok",
    "변화": "유지 충족"
   }
  },
  {
   "type": "Feature",
   "geometry": {
    "type": "Point",
    "coordinates": [
     194343.777,
     547034.132
    ]
   },
   "properties": {
    "pid": "여의도여자고등학교 운동장-68",
    "school": "여의도여자고등학교",
    "kind": "운동장 지반",
    "dong": "여의도여자고등학교 운동장",
    "floor": 0,
    "source": "옥외지반 근사",
    "z_m": 0.0,
    "s2_total_h": 3.83,
    "s2_cont_h": 3.83,
    "s2_pass_a": true,
    "s1_pass_a": true,
    "change_cd": "keep_ok",
    "변화": "유지 충족"
   }
  },
  {
   "type": "Feature",
   "geometry": {
    "type": "Point",
    "coordinates": [
     194351.777,
     547034.132
    ]
   },
   "properties": {
    "pid": "여의도여자고등학교 운동장-69",
    "school": "여의도여자고등학교",
    "kind": "운동장 지반",
    "dong": "여의도여자고등학교 운동장",
    "floor": 0,
    "source": "옥외지반 근사",
    "z_m": 0.0,
    "s2_total_h": 3.83,
    "s2_cont_h": 3.83,
    "s2_pass_a": true,
    "s1_pass_a": true,
    "change_cd": "keep_ok",
    "변화": "유지 충족"
   }
  },
  {
   "type": "Feature",
   "geometry": {
    "type": "Point",
    "coordinates": [
     194359.777,
     547034.132
    ]
   },
   "properties": {
    "pid": "여의도여자고등학교 운동장-70",
    "school": "여의도여자고등학교",
    "kind": "운동장 지반",
    "dong": "여의도여자고등학교 운동장",
    "floor": 0,
    "source": "옥외지반 근사",
    "z_m": 0.0,
    "s2_total_h": 3.67,
    "s2_cont_h": 3.67,
    "s2_pass_a": true,
    "s1_pass_a": true,
    "change_cd": "keep_ok",
    "변화": "유지 충족"
   }
  },
  {
   "type": "Feature",
   "geometry": {
    "type": "Point",
    "coordinates": [
     194191.777,
     547042.132
    ]
   },
   "properties": {
    "pid": "여의도여자고등학교 운동장-71",
    "school": "여의도여자고등학교",
    "kind": "운동장 지반",
    "dong": "여의도여자고등학교 운동장",
    "floor": 0,
    "source": "옥외지반 근사",
    "z_m": 0.0,
    "s2_total_h": 0.5,
    "s2_cont_h": 0.5,
    "s2_pass_a": false,
    "s1_pass_a": false,
    "change_cd": "keep_fail",
    "변화": "유지 불충족"
   }
  },
  {
   "type": "Feature",
   "geometry": {
    "type": "Point",
    "coordinates": [
     194199.777,
     547042.132
    ]
   },
   "properties": {
    "pid": "여의도여자고등학교 운동장-72",
    "school": "여의도여자고등학교",
    "kind": "운동장 지반",
    "dong": "여의도여자고등학교 운동장",
    "floor": 0,
    "source": "옥외지반 근사",
    "z_m": 0.0,
    "s2_total_h": 0.17,
    "s2_cont_h": 0.17,
    "s2_pass_a": false,
    "s1_pass_a": false,
    "change_cd": "keep_fail",
    "변화": "유지 불충족"
   }
  },
  {
   "type": "Feature",
   "geometry": {
    "type": "Point",
    "coordinates": [
     194239.777,
     547042.132
    ]
   },
   "properties": {
    "pid": "여의도여자고등학교 운동장-73",
    "school": "여의도여자고등학교",
    "kind": "운동장 지반",
    "dong": "여의도여자고등학교 운동장",
    "floor": 0,
    "source": "옥외지반 근사",
    "z_m": 0.0,
    "s2_total_h": 4.17,
    "s2_cont_h": 2.67,
    "s2_pass_a": true,
    "s1_pass_a": true,
    "change_cd": "keep_ok",
    "변화": "유지 충족"
   }
  },
  {
   "type": "Feature",
   "geometry": {
    "type": "Point",
    "coordinates": [
     194247.777,
     547042.132
    ]
   },
   "properties": {
    "pid": "여의도여자고등학교 운동장-74",
    "school": "여의도여자고등학교",
    "kind": "운동장 지반",
    "dong": "여의도여자고등학교 운동장",
    "floor": 0,
    "source": "옥외지반 근사",
    "z_m": 0.0,
    "s2_total_h": 4.33,
    "s2_cont_h": 2.67,
    "s2_pass_a": true,
    "s1_pass_a": true,
    "change_cd": "keep_ok",
    "변화": "유지 충족"
   }
  },
  {
   "type": "Feature",
   "geometry": {
    "type": "Point",
    "coordinates": [
     194255.777,
     547042.132
    ]
   },
   "properties": {
    "pid": "여의도여자고등학교 운동장-75",
    "school": "여의도여자고등학교",
    "kind": "운동장 지반",
    "dong": "여의도여자고등학교 운동장",
    "floor": 0,
    "source": "옥외지반 근사",
    "z_m": 0.0,
    "s2_total_h": 4.0,
    "s2_cont_h": 2.5,
    "s2_pass_a": true,
    "s1_pass_a": true,
    "change_cd": "keep_ok",
    "변화": "유지 충족"
   }
  },
  {
   "type": "Feature",
   "geometry": {
    "type": "Point",
    "coordinates": [
     194263.777,
     547042.132
    ]
   },
   "properties": {
    "pid": "여의도여자고등학교 운동장-76",
    "school": "여의도여자고등학교",
    "kind": "운동장 지반",
    "dong": "여의도여자고등학교 운동장",
    "floor": 0,
    "source": "옥외지반 근사",
    "z_m": 0.0,
    "s2_total_h": 3.67,
    "s2_cont_h": 2.5,
    "s2_pass_a": true,
    "s1_pass_a": true,
    "change_cd": "keep_ok",
    "변화": "유지 충족"
   }
  },
  {
   "type": "Feature",
   "geometry": {
    "type": "Point",
    "coordinates": [
     194271.777,
     547042.132
    ]
   },
   "properties": {
    "pid": "여의도여자고등학교 운동장-77",
    "school": "여의도여자고등학교",
    "kind": "운동장 지반",
    "dong": "여의도여자고등학교 운동장",
    "floor": 0,
    "source": "옥외지반 근사",
    "z_m": 0.0,
    "s2_total_h": 3.0,
    "s2_cont_h": 2.33,
    "s2_pass_a": true,
    "s1_pass_a": true,
    "change_cd": "keep_ok",
    "변화": "유지 충족"
   }
  },
  {
   "type": "Feature",
   "geometry": {
    "type": "Point",
    "coordinates": [
     194279.777,
     547042.132
    ]
   },
   "properties": {
    "pid": "여의도여자고등학교 운동장-78",
    "school": "여의도여자고등학교",
    "kind": "운동장 지반",
    "dong": "여의도여자고등학교 운동장",
    "floor": 0,
    "source": "옥외지반 근사",
    "z_m": 0.0,
    "s2_total_h": 2.0,
    "s2_cont_h": 1.33,
    "s2_pass_a": false,
    "s1_pass_a": false,
    "change_cd": "keep_fail",
    "변화": "유지 불충족"
   }
  },
  {
   "type": "Feature",
   "geometry": {
    "type": "Point",
    "coordinates": [
     194287.777,
     547042.132
    ]
   },
   "properties": {
    "pid": "여의도여자고등학교 운동장-79",
    "school": "여의도여자고등학교",
    "kind": "운동장 지반",
    "dong": "여의도여자고등학교 운동장",
    "floor": 0,
    "source": "옥외지반 근사",
    "z_m": 0.0,
    "s2_total_h": 0.33,
    "s2_cont_h": 0.33,
    "s2_pass_a": false,
    "s1_pass_a": false,
    "change_cd": "keep_fail",
    "변화": "유지 불충족"
   }
  },
  {
   "type": "Feature",
   "geometry": {
    "type": "Point",
    "coordinates": [
     194319.777,
     547042.132
    ]
   },
   "properties": {
    "pid": "여의도여자고등학교 운동장-80",
    "school": "여의도여자고등학교",
    "kind": "운동장 지반",
    "dong": "여의도여자고등학교 운동장",
    "floor": 0,
    "source": "옥외지반 근사",
    "z_m": 0.0,
    "s2_total_h": 2.83,
    "s2_cont_h": 2.83,
    "s2_pass_a": true,
    "s1_pass_a": false,
    "change_cd": "new_ok",
    "변화": "신규 충족"
   }
  },
  {
   "type": "Feature",
   "geometry": {
    "type": "Point",
    "coordinates": [
     194327.777,
     547042.132
    ]
   },
   "properties": {
    "pid": "여의도여자고등학교 운동장-81",
    "school": "여의도여자고등학교",
    "kind": "운동장 지반",
    "dong": "여의도여자고등학교 운동장",
    "floor": 0,
    "source": "옥외지반 근사",
    "z_m": 0.0,
    "s2_total_h": 4.33,
    "s2_cont_h": 3.67,
    "s2_pass_a": true,
    "s1_pass_a": true,
    "change_cd": "keep_ok",
    "변화": "유지 충족"
   }
  },
  {
   "type": "Feature",
   "geometry": {
    "type": "Point",
    "coordinates": [
     194335.777,
     547042.132
    ]
   },
   "properties": {
    "pid": "여의도여자고등학교 운동장-82",
    "school": "여의도여자고등학교",
    "kind": "운동장 지반",
    "dong": "여의도여자고등학교 운동장",
    "floor": 0,
    "source": "옥외지반 근사",
    "z_m": 0.0,
    "s2_total_h": 4.17,
    "s2_cont_h": 3.67,
    "s2_pass_a": true,
    "s1_pass_a": true,
    "change_cd": "keep_ok",
    "변화": "유지 충족"
   }
  },
  {
   "type": "Feature",
   "geometry": {
    "type": "Point",
    "coordinates": [
     194343.777,
     547042.132
    ]
   },
   "properties": {
    "pid": "여의도여자고등학교 운동장-83",
    "school": "여의도여자고등학교",
    "kind": "운동장 지반",
    "dong": "여의도여자고등학교 운동장",
    "floor": 0,
    "source": "옥외지반 근사",
    "z_m": 0.0,
    "s2_total_h": 4.0,
    "s2_cont_h": 3.83,
    "s2_pass_a": true,
    "s1_pass_a": true,
    "change_cd": "keep_ok",
    "변화": "유지 충족"
   }
  },
  {
   "type": "Feature",
   "geometry": {
    "type": "Point",
    "coordinates": [
     194207.777,
     547050.132
    ]
   },
   "properties": {
    "pid": "여의도여자고등학교 운동장-84",
    "school": "여의도여자고등학교",
    "kind": "운동장 지반",
    "dong": "여의도여자고등학교 운동장",
    "floor": 0,
    "source": "옥외지반 근사",
    "z_m": 0.0,
    "s2_total_h": 0.0,
    "s2_cont_h": 0.0,
    "s2_pass_a": false,
    "s1_pass_a": false,
    "change_cd": "keep_fail",
    "변화": "유지 불충족"
   }
  },
  {
   "type": "Feature",
   "geometry": {
    "type": "Point",
    "coordinates": [
     194215.777,
     547050.132
    ]
   },
   "properties": {
    "pid": "여의도여자고등학교 운동장-85",
    "school": "여의도여자고등학교",
    "kind": "운동장 지반",
    "dong": "여의도여자고등학교 운동장",
    "floor": 0,
    "source": "옥외지반 근사",
    "z_m": 0.0,
    "s2_total_h": 0.0,
    "s2_cont_h": 0.0,
    "s2_pass_a": false,
    "s1_pass_a": false,
    "change_cd": "keep_fail",
    "변화": "유지 불충족"
   }
  },
  {
   "type": "Feature",
   "geometry": {
    "type": "Point",
    "coordinates": [
     194247.777,
     547050.132
    ]
   },
   "properties": {
    "pid": "여의도여자고등학교 운동장-86",
    "school": "여의도여자고등학교",
    "kind": "운동장 지반",
    "dong": "여의도여자고등학교 운동장",
    "floor": 0,
    "source": "옥외지반 근사",
    "z_m": 0.0,
    "s2_total_h": 3.67,
    "s2_cont_h": 2.5,
    "s2_pass_a": true,
    "s1_pass_a": true,
    "change_cd": "keep_ok",
    "변화": "유지 충족"
   }
  },
  {
   "type": "Feature",
   "geometry": {
    "type": "Point",
    "coordinates": [
     194255.777,
     547050.132
    ]
   },
   "properties": {
    "pid": "여의도여자고등학교 운동장-87",
    "school": "여의도여자고등학교",
    "kind": "운동장 지반",
    "dong": "여의도여자고등학교 운동장",
    "floor": 0,
    "source": "옥외지반 근사",
    "z_m": 0.0,
    "s2_total_h": 3.67,
    "s2_cont_h": 2.5,
    "s2_pass_a": true,
    "s1_pass_a": true,
    "change_cd": "keep_ok",
    "변화": "유지 충족"
   }
  },
  {
   "type": "Feature",
   "geometry": {
    "type": "Point",
    "coordinates": [
     194263.777,
     547050.132
    ]
   },
   "properties": {
    "pid": "여의도여자고등학교 운동장-88",
    "school": "여의도여자고등학교",
    "kind": "운동장 지반",
    "dong": "여의도여자고등학교 운동장",
    "floor": 0,
    "source": "옥외지반 근사",
    "z_m": 0.0,
    "s2_total_h": 3.17,
    "s2_cont_h": 2.33,
    "s2_pass_a": true,
    "s1_pass_a": true,
    "change_cd": "keep_ok",
    "변화": "유지 충족"
   }
  },
  {
   "type": "Feature",
   "geometry": {
    "type": "Point",
    "coordinates": [
     194271.777,
     547050.132
    ]
   },
   "properties": {
    "pid": "여의도여자고등학교 운동장-89",
    "school": "여의도여자고등학교",
    "kind": "운동장 지반",
    "dong": "여의도여자고등학교 운동장",
    "floor": 0,
    "source": "옥외지반 근사",
    "z_m": 0.0,
    "s2_total_h": 2.83,
    "s2_cont_h": 2.33,
    "s2_pass_a": true,
    "s1_pass_a": true,
    "change_cd": "keep_ok",
    "변화": "유지 충족"
   }
  },
  {
   "type": "Feature",
   "geometry": {
    "type": "Point",
    "coordinates": [
     194279.777,
     547050.132
    ]
   },
   "properties": {
    "pid": "여의도여자고등학교 운동장-90",
    "school": "여의도여자고등학교",
    "kind": "운동장 지반",
    "dong": "여의도여자고등학교 운동장",
    "floor": 0,
    "source": "옥외지반 근사",
    "z_m": 0.0,
    "s2_total_h": 1.83,
    "s2_cont_h": 1.33,
    "s2_pass_a": false,
    "s1_pass_a": false,
    "change_cd": "keep_fail",
    "변화": "유지 불충족"
   }
  },
  {
   "type": "Feature",
   "geometry": {
    "type": "Point",
    "coordinates": [
     194303.777,
     547050.132
    ]
   },
   "properties": {
    "pid": "여의도여자고등학교 운동장-91",
    "school": "여의도여자고등학교",
    "kind": "운동장 지반",
    "dong": "여의도여자고등학교 운동장",
    "floor": 0,
    "source": "옥외지반 근사",
    "z_m": 0.0,
    "s2_total_h": 0.0,
    "s2_cont_h": 0.0,
    "s2_pass_a": false,
    "s1_pass_a": false,
    "change_cd": "keep_fail",
    "변화": "유지 불충족"
   }
  },
  {
   "type": "Feature",
   "geometry": {
    "type": "Point",
    "coordinates": [
     194311.777,
     547050.132
    ]
   },
   "properties": {
    "pid": "여의도여자고등학교 운동장-92",
    "school": "여의도여자고등학교",
    "kind": "운동장 지반",
    "dong": "여의도여자고등학교 운동장",
    "floor": 0,
    "source": "옥외지반 근사",
    "z_m": 0.0,
    "s2_total_h": 1.67,
    "s2_cont_h": 1.67,
    "s2_pass_a": false,
    "s1_pass_a": false,
    "change_cd": "keep_fail",
    "변화": "유지 불충족"
   }
  },
  {
   "type": "Feature",
   "geometry": {
    "type": "Point",
    "coordinates": [
     194207.777,
     547058.132
    ]
   },
   "properties": {
    "pid": "여의도여자고등학교 운동장-93",
    "school": "여의도여자고등학교",
    "kind": "운동장 지반",
    "dong": "여의도여자고등학교 운동장",
    "floor": 0,
    "source": "옥외지반 근사",
    "z_m": 0.0,
    "s2_total_h": 0.5,
    "s2_cont_h": 0.5,
    "s2_pass_a": false,
    "s1_pass_a": false,
    "change_cd": "keep_fail",
    "변화": "유지 불충족"
   }
  },
  {
   "type": "Feature",
   "geometry": {
    "type": "Point",
    "coordinates": [
     194215.777,
     547058.132
    ]
   },
   "properties": {
    "pid": "여의도여자고등학교 운동장-94",
    "school": "여의도여자고등학교",
    "kind": "운동장 지반",
    "dong": "여의도여자고등학교 운동장",
    "floor": 0,
    "source": "옥외지반 근사",
    "z_m": 0.0,
    "s2_total_h": 0.0,
    "s2_cont_h": 0.0,
    "s2_pass_a": false,
    "s1_pass_a": false,
    "change_cd": "keep_fail",
    "변화": "유지 불충족"
   }
  },
  {
   "type": "Feature",
   "geometry": {
    "type": "Point",
    "coordinates": [
     194223.777,
     547058.132
    ]
   },
   "properties": {
    "pid": "여의도여자고등학교 운동장-95",
    "school": "여의도여자고등학교",
    "kind": "운동장 지반",
    "dong": "여의도여자고등학교 운동장",
    "floor": 0,
    "source": "옥외지반 근사",
    "z_m": 0.0,
    "s2_total_h": 0.0,
    "s2_cont_h": 0.0,
    "s2_pass_a": false,
    "s1_pass_a": false,
    "change_cd": "keep_fail",
    "변화": "유지 불충족"
   }
  },
  {
   "type": "Feature",
   "geometry": {
    "type": "Point",
    "coordinates": [
     194231.777,
     547058.132
    ]
   },
   "properties": {
    "pid": "여의도여자고등학교 운동장-96",
    "school": "여의도여자고등학교",
    "kind": "운동장 지반",
    "dong": "여의도여자고등학교 운동장",
    "floor": 0,
    "source": "옥외지반 근사",
    "z_m": 0.0,
    "s2_total_h": 0.0,
    "s2_cont_h": 0.0,
    "s2_pass_a": false,
    "s1_pass_a": false,
    "change_cd": "keep_fail",
    "변화": "유지 불충족"
   }
  },
  {
   "type": "Feature",
   "geometry": {
    "type": "Point",
    "coordinates": [
     194255.777,
     547058.132
    ]
   },
   "properties": {
    "pid": "여의도여자고등학교 운동장-97",
    "school": "여의도여자고등학교",
    "kind": "운동장 지반",
    "dong": "여의도여자고등학교 운동장",
    "floor": 0,
    "source": "옥외지반 근사",
    "z_m": 0.0,
    "s2_total_h": 3.0,
    "s2_cont_h": 2.17,
    "s2_pass_a": true,
    "s1_pass_a": true,
    "change_cd": "keep_ok",
    "변화": "유지 충족"
   }
  },
  {
   "type": "Feature",
   "geometry": {
    "type": "Point",
    "coordinates": [
     194263.777,
     547058.132
    ]
   },
   "properties": {
    "pid": "여의도여자고등학교 운동장-98",
    "school": "여의도여자고등학교",
    "kind": "운동장 지반",
    "dong": "여의도여자고등학교 운동장",
    "floor": 0,
    "source": "옥외지반 근사",
    "z_m": 0.0,
    "s2_total_h": 2.67,
    "s2_cont_h": 2.17,
    "s2_pass_a": true,
    "s1_pass_a": true,
    "change_cd": "keep_ok",
    "변화": "유지 충족"
   }
  },
  {
   "type": "Feature",
   "geometry": {
    "type": "Point",
    "coordinates": [
     194271.777,
     547058.132
    ]
   },
   "properties": {
    "pid": "여의도여자고등학교 운동장-99",
    "school": "여의도여자고등학교",
    "kind": "운동장 지반",
    "dong": "여의도여자고등학교 운동장",
    "floor": 0,
    "source": "옥외지반 근사",
    "z_m": 0.0,
    "s2_total_h": 2.67,
    "s2_cont_h": 2.17,
    "s2_pass_a": true,
    "s1_pass_a": true,
    "change_cd": "keep_ok",
    "변화": "유지 충족"
   }
  },
  {
   "type": "Feature",
   "geometry": {
    "type": "Point",
    "coordinates": [
     194295.777,
     547058.132
    ]
   },
   "properties": {
    "pid": "여의도여자고등학교 운동장-100",
    "school": "여의도여자고등학교",
    "kind": "운동장 지반",
    "dong": "여의도여자고등학교 운동장",
    "floor": 0,
    "source": "옥외지반 근사",
    "z_m": 0.0,
    "s2_total_h": 0.0,
    "s2_cont_h": 0.0,
    "s2_pass_a": false,
    "s1_pass_a": false,
    "change_cd": "keep_fail",
    "변화": "유지 불충족"
   }
  },
  {
   "type": "Feature",
   "geometry": {
    "type": "Point",
    "coordinates": [
     194303.777,
     547058.132
    ]
   },
   "properties": {
    "pid": "여의도여자고등학교 운동장-101",
    "school": "여의도여자고등학교",
    "kind": "운동장 지반",
    "dong": "여의도여자고등학교 운동장",
    "floor": 0,
    "source": "옥외지반 근사",
    "z_m": 0.0,
    "s2_total_h": 1.33,
    "s2_cont_h": 1.33,
    "s2_pass_a": false,
    "s1_pass_a": false,
    "change_cd": "keep_fail",
    "변화": "유지 불충족"
   }
  },
  {
   "type": "Feature",
   "geometry": {
    "type": "Point",
    "coordinates": [
     194215.777,
     547066.132
    ]
   },
   "properties": {
    "pid": "여의도여자고등학교 운동장-102",
    "school": "여의도여자고등학교",
    "kind": "운동장 지반",
    "dong": "여의도여자고등학교 운동장",
    "floor": 0,
    "source": "옥외지반 근사",
    "z_m": 0.0,
    "s2_total_h": 0.5,
    "s2_cont_h": 0.5,
    "s2_pass_a": false,
    "s1_pass_a": false,
    "change_cd": "keep_fail",
    "변화": "유지 불충족"
   }
  },
  {
   "type": "Feature",
   "geometry": {
    "type": "Point",
    "coordinates": [
     194223.777,
     547066.132
    ]
   },
   "properties": {
    "pid": "여의도여자고등학교 운동장-103",
    "school": "여의도여자고등학교",
    "kind": "운동장 지반",
    "dong": "여의도여자고등학교 운동장",
    "floor": 0,
    "source": "옥외지반 근사",
    "z_m": 0.0,
    "s2_total_h": 0.17,
    "s2_cont_h": 0.17,
    "s2_pass_a": false,
    "s1_pass_a": false,
    "change_cd": "keep_fail",
    "변화": "유지 불충족"
   }
  },
  {
   "type": "Feature",
   "geometry": {
    "type": "Point",
    "coordinates": [
     194231.777,
     547066.132
    ]
   },
   "properties": {
    "pid": "여의도여자고등학교 운동장-104",
    "school": "여의도여자고등학교",
    "kind": "운동장 지반",
    "dong": "여의도여자고등학교 운동장",
    "floor": 0,
    "source": "옥외지반 근사",
    "z_m": 0.0,
    "s2_total_h": 0.0,
    "s2_cont_h": 0.0,
    "s2_pass_a": false,
    "s1_pass_a": false,
    "change_cd": "keep_fail",
    "변화": "유지 불충족"
   }
  },
  {
   "type": "Feature",
   "geometry": {
    "type": "Point",
    "coordinates": [
     194255.777,
     547066.132
    ]
   },
   "properties": {
    "pid": "여의도여자고등학교 운동장-105",
    "school": "여의도여자고등학교",
    "kind": "운동장 지반",
    "dong": "여의도여자고등학교 운동장",
    "floor": 0,
    "source": "옥외지반 근사",
    "z_m": 0.0,
    "s2_total_h": 1.33,
    "s2_cont_h": 1.17,
    "s2_pass_a": false,
    "s1_pass_a": true,
    "change_cd": "new_fail",
    "변화": "신규 불충족"
   }
  },
  {
   "type": "Feature",
   "geometry": {
    "type": "Point",
    "coordinates": [
     194263.777,
     547066.132
    ]
   },
   "properties": {
    "pid": "여의도여자고등학교 운동장-106",
    "school": "여의도여자고등학교",
    "kind": "운동장 지반",
    "dong": "여의도여자고등학교 운동장",
    "floor": 0,
    "source": "옥외지반 근사",
    "z_m": 0.0,
    "s2_total_h": 2.67,
    "s2_cont_h": 2.0,
    "s2_pass_a": true,
    "s1_pass_a": true,
    "change_cd": "keep_ok",
    "변화": "유지 충족"
   }
  },
  {
   "type": "Feature",
   "geometry": {
    "type": "Point",
    "coordinates": [
     194295.777,
     547066.132
    ]
   },
   "properties": {
    "pid": "여의도여자고등학교 운동장-107",
    "school": "여의도여자고등학교",
    "kind": "운동장 지반",
    "dong": "여의도여자고등학교 운동장",
    "floor": 0,
    "source": "옥외지반 근사",
    "z_m": 0.0,
    "s2_total_h": 1.17,
    "s2_cont_h": 1.17,
    "s2_pass_a": false,
    "s1_pass_a": false,
    "change_cd": "keep_fail",
    "변화": "유지 불충족"
   }
  },
  {
   "type": "Feature",
   "geometry": {
    "type": "Point",
    "coordinates": [
     194239.777,
     547074.132
    ]
   },
   "properties": {
    "pid": "여의도여자고등학교 운동장-108",
    "school": "여의도여자고등학교",
    "kind": "운동장 지반",
    "dong": "여의도여자고등학교 운동장",
    "floor": 0,
    "source": "옥외지반 근사",
    "z_m": 0.0,
    "s2_total_h": 0.0,
    "s2_cont_h": 0.0,
    "s2_pass_a": false,
    "s1_pass_a": false,
    "change_cd": "keep_fail",
    "변화": "유지 불충족"
   }
  },
  {
   "type": "Feature",
   "geometry": {
    "type": "Point",
    "coordinates": [
     194247.777,
     547074.132
    ]
   },
   "properties": {
    "pid": "여의도여자고등학교 운동장-109",
    "school": "여의도여자고등학교",
    "kind": "운동장 지반",
    "dong": "여의도여자고등학교 운동장",
    "floor": 0,
    "source": "옥외지반 근사",
    "z_m": 0.0,
    "s2_total_h": 0.0,
    "s2_cont_h": 0.0,
    "s2_pass_a": false,
    "s1_pass_a": false,
    "change_cd": "keep_fail",
    "변화": "유지 불충족"
   }
  },
  {
   "type": "Feature",
   "geometry": {
    "type": "Point",
    "coordinates": [
     194287.777,
     547074.132
    ]
   },
   "properties": {
    "pid": "여의도여자고등학교 운동장-110",
    "school": "여의도여자고등학교",
    "kind": "운동장 지반",
    "dong": "여의도여자고등학교 운동장",
    "floor": 0,
    "source": "옥외지반 근사",
    "z_m": 0.0,
    "s2_total_h": 1.67,
    "s2_cont_h": 1.17,
    "s2_pass_a": false,
    "s1_pass_a": false,
    "change_cd": "keep_fail",
    "변화": "유지 불충족"
   }
  },
  {
   "type": "Feature",
   "geometry": {
    "type": "Point",
    "coordinates": [
     194295.777,
     547074.132
    ]
   },
   "properties": {
    "pid": "여의도여자고등학교 운동장-111",
    "school": "여의도여자고등학교",
    "kind": "운동장 지반",
    "dong": "여의도여자고등학교 운동장",
    "floor": 0,
    "source": "옥외지반 근사",
    "z_m": 0.0,
    "s2_total_h": 2.33,
    "s2_cont_h": 1.5,
    "s2_pass_a": false,
    "s1_pass_a": false,
    "change_cd": "keep_fail",
    "변화": "유지 불충족"
   }
  },
  {
   "type": "Feature",
   "geometry": {
    "type": "Point",
    "coordinates": [
     194247.777,
     547082.132
    ]
   },
   "properties": {
    "pid": "여의도여자고등학교 운동장-112",
    "school": "여의도여자고등학교",
    "kind": "운동장 지반",
    "dong": "여의도여자고등학교 운동장",
    "floor": 0,
    "source": "옥외지반 근사",
    "z_m": 0.0,
    "s2_total_h": 0.0,
    "s2_cont_h": 0.0,
    "s2_pass_a": false,
    "s1_pass_a": false,
    "change_cd": "keep_fail",
    "변화": "유지 불충족"
   }
  },
  {
   "type": "Feature",
   "geometry": {
    "type": "Point",
    "coordinates": [
     194287.777,
     547082.132
    ]
   },
   "properties": {
    "pid": "여의도여자고등학교 운동장-113",
    "school": "여의도여자고등학교",
    "kind": "운동장 지반",
    "dong": "여의도여자고등학교 운동장",
    "floor": 0,
    "source": "옥외지반 근사",
    "z_m": 0.0,
    "s2_total_h": 2.33,
    "s2_cont_h": 2.33,
    "s2_pass_a": true,
    "s1_pass_a": true,
    "change_cd": "keep_ok",
    "변화": "유지 충족"
   }
  },
  {
   "type": "Feature",
   "geometry": {
    "type": "Point",
    "coordinates": [
     194255.777,
     547090.132
    ]
   },
   "properties": {
    "pid": "여의도여자고등학교 운동장-114",
    "school": "여의도여자고등학교",
    "kind": "운동장 지반",
    "dong": "여의도여자고등학교 운동장",
    "floor": 0,
    "source": "옥외지반 근사",
    "z_m": 0.0,
    "s2_total_h": 0.0,
    "s2_cont_h": 0.0,
    "s2_pass_a": false,
    "s1_pass_a": false,
    "change_cd": "keep_fail",
    "변화": "유지 불충족"
   }
  },
  {
   "type": "Feature",
   "geometry": {
    "type": "Point",
    "coordinates": [
     194279.777,
     547090.132
    ]
   },
   "properties": {
    "pid": "여의도여자고등학교 운동장-115",
    "school": "여의도여자고등학교",
    "kind": "운동장 지반",
    "dong": "여의도여자고등학교 운동장",
    "floor": 0,
    "source": "옥외지반 근사",
    "z_m": 0.0,
    "s2_total_h": 1.83,
    "s2_cont_h": 1.83,
    "s2_pass_a": false,
    "s1_pass_a": false,
    "change_cd": "keep_fail",
    "변화": "유지 불충족"
   }
  },
  {
   "type": "Feature",
   "geometry": {
    "type": "Point",
    "coordinates": [
     194287.777,
     547090.132
    ]
   },
   "properties": {
    "pid": "여의도여자고등학교 운동장-116",
    "school": "여의도여자고등학교",
    "kind": "운동장 지반",
    "dong": "여의도여자고등학교 운동장",
    "floor": 0,
    "source": "옥외지반 근사",
    "z_m": 0.0,
    "s2_total_h": 1.33,
    "s2_cont_h": 1.33,
    "s2_pass_a": false,
    "s1_pass_a": false,
    "change_cd": "keep_fail",
    "변화": "유지 불충족"
   }
  },
  {
   "type": "Feature",
   "geometry": {
    "type": "Point",
    "coordinates": [
     194255.777,
     547098.132
    ]
   },
   "properties": {
    "pid": "여의도여자고등학교 운동장-117",
    "school": "여의도여자고등학교",
    "kind": "운동장 지반",
    "dong": "여의도여자고등학교 운동장",
    "floor": 0,
    "source": "옥외지반 근사",
    "z_m": 0.0,
    "s2_total_h": 0.67,
    "s2_cont_h": 0.67,
    "s2_pass_a": false,
    "s1_pass_a": false,
    "change_cd": "keep_fail",
    "변화": "유지 불충족"
   }
  },
  {
   "type": "Feature",
   "geometry": {
    "type": "Point",
    "coordinates": [
     194263.777,
     547098.132
    ]
   },
   "properties": {
    "pid": "여의도여자고등학교 운동장-118",
    "school": "여의도여자고등학교",
    "kind": "운동장 지반",
    "dong": "여의도여자고등학교 운동장",
    "floor": 0,
    "source": "옥외지반 근사",
    "z_m": 0.0,
    "s2_total_h": 0.17,
    "s2_cont_h": 0.17,
    "s2_pass_a": false,
    "s1_pass_a": false,
    "change_cd": "keep_fail",
    "변화": "유지 불충족"
   }
  },
  {
   "type": "Feature",
   "geometry": {
    "type": "Point",
    "coordinates": [
     194271.777,
     547098.132
    ]
   },
   "properties": {
    "pid": "여의도여자고등학교 운동장-119",
    "school": "여의도여자고등학교",
    "kind": "운동장 지반",
    "dong": "여의도여자고등학교 운동장",
    "floor": 0,
    "source": "옥외지반 근사",
    "z_m": 0.0,
    "s2_total_h": 0.83,
    "s2_cont_h": 0.83,
    "s2_pass_a": false,
    "s1_pass_a": false,
    "change_cd": "keep_fail",
    "변화": "유지 불충족"
   }
  },
  {
   "type": "Feature",
   "geometry": {
    "type": "Point",
    "coordinates": [
     194279.777,
     547098.132
    ]
   },
   "properties": {
    "pid": "여의도여자고등학교 운동장-120",
    "school": "여의도여자고등학교",
    "kind": "운동장 지반",
    "dong": "여의도여자고등학교 운동장",
    "floor": 0,
    "source": "옥외지반 근사",
    "z_m": 0.0,
    "s2_total_h": 1.5,
    "s2_cont_h": 1.5,
    "s2_pass_a": false,
    "s1_pass_a": false,
    "change_cd": "keep_fail",
    "변화": "유지 불충족"
   }
  },
  {
   "type": "Feature",
   "geometry": {
    "type": "Point",
    "coordinates": [
     194287.777,
     547098.132
    ]
   },
   "properties": {
    "pid": "여의도여자고등학교 운동장-121",
    "school": "여의도여자고등학교",
    "kind": "운동장 지반",
    "dong": "여의도여자고등학교 운동장",
    "floor": 0,
    "source": "옥외지반 근사",
    "z_m": 0.0,
    "s2_total_h": 0.0,
    "s2_cont_h": 0.0,
    "s2_pass_a": false,
    "s1_pass_a": false,
    "change_cd": "keep_fail",
    "변화": "유지 불충족"
   }
  },
  {
   "type": "Feature",
   "geometry": {
    "type": "Point",
    "coordinates": [
     194255.777,
     547106.132
    ]
   },
   "properties": {
    "pid": "여의도여자고등학교 운동장-122",
    "school": "여의도여자고등학교",
    "kind": "운동장 지반",
    "dong": "여의도여자고등학교 운동장",
    "floor": 0,
    "source": "옥외지반 근사",
    "z_m": 0.0,
    "s2_total_h": 1.17,
    "s2_cont_h": 0.67,
    "s2_pass_a": false,
    "s1_pass_a": false,
    "change_cd": "keep_fail",
    "변화": "유지 불충족"
   }
  },
  {
   "type": "Feature",
   "geometry": {
    "type": "Point",
    "coordinates": [
     194263.777,
     547106.132
    ]
   },
   "properties": {
    "pid": "여의도여자고등학교 운동장-123",
    "school": "여의도여자고등학교",
    "kind": "운동장 지반",
    "dong": "여의도여자고등학교 운동장",
    "floor": 0,
    "source": "옥외지반 근사",
    "z_m": 0.0,
    "s2_total_h": 1.0,
    "s2_cont_h": 0.5,
    "s2_pass_a": false,
    "s1_pass_a": false,
    "change_cd": "keep_fail",
    "변화": "유지 불충족"
   }
  },
  {
   "type": "Feature",
   "geometry": {
    "type": "Point",
    "coordinates": [
     194271.777,
     547106.132
    ]
   },
   "properties": {
    "pid": "여의도여자고등학교 운동장-124",
    "school": "여의도여자고등학교",
    "kind": "운동장 지반",
    "dong": "여의도여자고등학교 운동장",
    "floor": 0,
    "source": "옥외지반 근사",
    "z_m": 0.0,
    "s2_total_h": 1.67,
    "s2_cont_h": 1.17,
    "s2_pass_a": false,
    "s1_pass_a": false,
    "change_cd": "keep_fail",
    "변화": "유지 불충족"
   }
  },
  {
   "type": "Feature",
   "geometry": {
    "type": "Point",
    "coordinates": [
     194279.777,
     547106.132
    ]
   },
   "properties": {
    "pid": "여의도여자고등학교 운동장-125",
    "school": "여의도여자고등학교",
    "kind": "운동장 지반",
    "dong": "여의도여자고등학교 운동장",
    "floor": 0,
    "source": "옥외지반 근사",
    "z_m": 0.0,
    "s2_total_h": 1.0,
    "s2_cont_h": 1.0,
    "s2_pass_a": false,
    "s1_pass_a": false,
    "change_cd": "keep_fail",
    "변화": "유지 불충족"
   }
  },
  {
   "type": "Feature",
   "geometry": {
    "type": "Point",
    "coordinates": [
     194287.777,
     547106.132
    ]
   },
   "properties": {
    "pid": "여의도여자고등학교 운동장-126",
    "school": "여의도여자고등학교",
    "kind": "운동장 지반",
    "dong": "여의도여자고등학교 운동장",
    "floor": 0,
    "source": "옥외지반 근사",
    "z_m": 0.0,
    "s2_total_h": 0.5,
    "s2_cont_h": 0.5,
    "s2_pass_a": false,
    "s1_pass_a": false,
    "change_cd": "keep_fail",
    "변화": "유지 불충족"
   }
  },
  {
   "type": "Feature",
   "geometry": {
    "type": "Point",
    "coordinates": [
     194255.777,
     547114.132
    ]
   },
   "properties": {
    "pid": "여의도여자고등학교 운동장-127",
    "school": "여의도여자고등학교",
    "kind": "운동장 지반",
    "dong": "여의도여자고등학교 운동장",
    "floor": 0,
    "source": "옥외지반 근사",
    "z_m": 0.0,
    "s2_total_h": 2.0,
    "s2_cont_h": 0.67,
    "s2_pass_a": false,
    "s1_pass_a": false,
    "change_cd": "keep_fail",
    "변화": "유지 불충족"
   }
  },
  {
   "type": "Feature",
   "geometry": {
    "type": "Point",
    "coordinates": [
     194263.777,
     547114.132
    ]
   },
   "properties": {
    "pid": "여의도여자고등학교 운동장-128",
    "school": "여의도여자고등학교",
    "kind": "운동장 지반",
    "dong": "여의도여자고등학교 운동장",
    "floor": 0,
    "source": "옥외지반 근사",
    "z_m": 0.0,
    "s2_total_h": 1.83,
    "s2_cont_h": 0.83,
    "s2_pass_a": false,
    "s1_pass_a": false,
    "change_cd": "keep_fail",
    "변화": "유지 불충족"
   }
  },
  {
   "type": "Feature",
   "geometry": {
    "type": "Point",
    "coordinates": [
     194271.777,
     547114.132
    ]
   },
   "properties": {
    "pid": "여의도여자고등학교 운동장-129",
    "school": "여의도여자고등학교",
    "kind": "운동장 지반",
    "dong": "여의도여자고등학교 운동장",
    "floor": 0,
    "source": "옥외지반 근사",
    "z_m": 0.0,
    "s2_total_h": 1.5,
    "s2_cont_h": 1.0,
    "s2_pass_a": false,
    "s1_pass_a": false,
    "change_cd": "keep_fail",
    "변화": "유지 불충족"
   }
  },
  {
   "type": "Feature",
   "geometry": {
    "type": "Point",
    "coordinates": [
     194279.777,
     547114.132
    ]
   },
   "properties": {
    "pid": "여의도여자고등학교 운동장-130",
    "school": "여의도여자고등학교",
    "kind": "운동장 지반",
    "dong": "여의도여자고등학교 운동장",
    "floor": 0,
    "source": "옥외지반 근사",
    "z_m": 0.0,
    "s2_total_h": 1.0,
    "s2_cont_h": 0.67,
    "s2_pass_a": false,
    "s1_pass_a": false,
    "change_cd": "keep_fail",
    "변화": "유지 불충족"
   }
  },
  {
   "type": "Feature",
   "geometry": {
    "type": "Point",
    "coordinates": [
     194287.777,
     547114.132
    ]
   },
   "properties": {
    "pid": "여의도여자고등학교 운동장-131",
    "school": "여의도여자고등학교",
    "kind": "운동장 지반",
    "dong": "여의도여자고등학교 운동장",
    "floor": 0,
    "source": "옥외지반 근사",
    "z_m": 0.0,
    "s2_total_h": 0.5,
    "s2_cont_h": 0.5,
    "s2_pass_a": false,
    "s1_pass_a": false,
    "change_cd": "keep_fail",
    "변화": "유지 불충족"
   }
  },
  {
   "type": "Feature",
   "geometry": {
    "type": "Point",
    "coordinates": [
     194255.777,
     547122.132
    ]
   },
   "properties": {
    "pid": "여의도여자고등학교 운동장-132",
    "school": "여의도여자고등학교",
    "kind": "운동장 지반",
    "dong": "여의도여자고등학교 운동장",
    "floor": 0,
    "source": "옥외지반 근사",
    "z_m": 0.0,
    "s2_total_h": 2.67,
    "s2_cont_h": 1.33,
    "s2_pass_a": false,
    "s1_pass_a": false,
    "change_cd": "keep_fail",
    "변화": "유지 불충족"
   }
  },
  {
   "type": "Feature",
   "geometry": {
    "type": "Point",
    "coordinates": [
     194263.777,
     547122.132
    ]
   },
   "properties": {
    "pid": "여의도여자고등학교 운동장-133",
    "school": "여의도여자고등학교",
    "kind": "운동장 지반",
    "dong": "여의도여자고등학교 운동장",
    "floor": 0,
    "source": "옥외지반 근사",
    "z_m": 0.0,
    "s2_total_h": 2.33,
    "s2_cont_h": 1.0,
    "s2_pass_a": false,
    "s1_pass_a": false,
    "change_cd": "keep_fail",
    "변화": "유지 불충족"
   }
  },
  {
   "type": "Feature",
   "geometry": {
    "type": "Point",
    "coordinates": [
     194271.777,
     547122.132
    ]
   },
   "properties": {
    "pid": "여의도여자고등학교 운동장-134",
    "school": "여의도여자고등학교",
    "kind": "운동장 지반",
    "dong": "여의도여자고등학교 운동장",
    "floor": 0,
    "source": "옥외지반 근사",
    "z_m": 0.0,
    "s2_total_h": 2.17,
    "s2_cont_h": 1.0,
    "s2_pass_a": false,
    "s1_pass_a": false,
    "change_cd": "keep_fail",
    "변화": "유지 불충족"
   }
  },
  {
   "type": "Feature",
   "geometry": {
    "type": "Point",
    "coordinates": [
     194279.777,
     547122.132
    ]
   },
   "properties": {
    "pid": "여의도여자고등학교 운동장-135",
    "school": "여의도여자고등학교",
    "kind": "운동장 지반",
    "dong": "여의도여자고등학교 운동장",
    "floor": 0,
    "source": "옥외지반 근사",
    "z_m": 0.0,
    "s2_total_h": 1.33,
    "s2_cont_h": 0.5,
    "s2_pass_a": false,
    "s1_pass_a": false,
    "change_cd": "keep_fail",
    "변화": "유지 불충족"
   }
  },
  {
   "type": "Feature",
   "geometry": {
    "type": "Point",
    "coordinates": [
     194263.777,
     547130.132
    ]
   },
   "properties": {
    "pid": "여의도여자고등학교 운동장-136",
    "school": "여의도여자고등학교",
    "kind": "운동장 지반",
    "dong": "여의도여자고등학교 운동장",
    "floor": 0,
    "source": "옥외지반 근사",
    "z_m": 0.0,
    "s2_total_h": 2.83,
    "s2_cont_h": 1.33,
    "s2_pass_a": false,
    "s1_pass_a": false,
    "change_cd": "keep_fail",
    "변화": "유지 불충족"
   }
  },
  {
   "type": "Feature",
   "geometry": {
    "type": "Point",
    "coordinates": [
     194271.777,
     547130.132
    ]
   },
   "properties": {
    "pid": "여의도여자고등학교 운동장-137",
    "school": "여의도여자고등학교",
    "kind": "운동장 지반",
    "dong": "여의도여자고등학교 운동장",
    "floor": 0,
    "source": "옥외지반 근사",
    "z_m": 0.0,
    "s2_total_h": 2.67,
    "s2_cont_h": 1.0,
    "s2_pass_a": false,
    "s1_pass_a": false,
    "change_cd": "keep_fail",
    "변화": "유지 불충족"
   }
  },
  {
   "type": "Feature",
   "geometry": {
    "type": "Point",
    "coordinates": [
     194279.777,
     547130.132
    ]
   },
   "properties": {
    "pid": "여의도여자고등학교 운동장-138",
    "school": "여의도여자고등학교",
    "kind": "운동장 지반",
    "dong": "여의도여자고등학교 운동장",
    "floor": 0,
    "source": "옥외지반 근사",
    "z_m": 0.0,
    "s2_total_h": 2.67,
    "s2_cont_h": 1.0,
    "s2_pass_a": false,
    "s1_pass_a": false,
    "change_cd": "keep_fail",
    "변화": "유지 불충족"
   }
  },
  {
   "type": "Feature",
   "geometry": {
    "type": "Point",
    "coordinates": [
     194263.777,
     547138.132
    ]
   },
   "properties": {
    "pid": "여의도여자고등학교 운동장-139",
    "school": "여의도여자고등학교",
    "kind": "운동장 지반",
    "dong": "여의도여자고등학교 운동장",
    "floor": 0,
    "source": "옥외지반 근사",
    "z_m": 0.0,
    "s2_total_h": 3.33,
    "s2_cont_h": 1.5,
    "s2_pass_a": false,
    "s1_pass_a": true,
    "change_cd": "new_fail",
    "변화": "신규 불충족"
   }
  },
  {
   "type": "Feature",
   "geometry": {
    "type": "Point",
    "coordinates": [
     194271.777,
     547138.132
    ]
   },
   "properties": {
    "pid": "여의도여자고등학교 운동장-140",
    "school": "여의도여자고등학교",
    "kind": "운동장 지반",
    "dong": "여의도여자고등학교 운동장",
    "floor": 0,
    "source": "옥외지반 근사",
    "z_m": 0.0,
    "s2_total_h": 4.17,
    "s2_cont_h": 1.67,
    "s2_pass_a": true,
    "s1_pass_a": true,
    "change_cd": "keep_ok",
    "변화": "유지 충족"
   }
  },
  {
   "type": "Feature",
   "geometry": {
    "type": "Point",
    "coordinates": [
     194263.777,
     547146.132
    ]
   },
   "properties": {
    "pid": "여의도여자고등학교 운동장-141",
    "school": "여의도여자고등학교",
    "kind": "운동장 지반",
    "dong": "여의도여자고등학교 운동장",
    "floor": 0,
    "source": "옥외지반 근사",
    "z_m": 0.0,
    "s2_total_h": 4.67,
    "s2_cont_h": 2.67,
    "s2_pass_a": true,
    "s1_pass_a": true,
    "change_cd": "keep_ok",
    "변화": "유지 충족"
   }
  },
  {
   "type": "Feature",
   "geometry": {
    "type": "Point",
    "coordinates": [
     194385.357,
     546987.462
    ]
   },
   "properties": {
    "pid": "본관(4층) 1층-1",
    "school": "여의도초등학교",
    "kind": "교사동 창면",
    "dong": "본관(4층)",
    "floor": 1,
    "source": "도면기준",
    "z_m": 2.1,
    "s2_total_h": 7.33,
    "s2_cont_h": 7.33,
    "s2_pass_a": true,
    "s1_pass_a": true,
    "change_cd": "keep_ok",
    "변화": "유지 충족"
   }
  },
  {
   "type": "Feature",
   "geometry": {
    "type": "Point",
    "coordinates": [
     194385.357,
     546987.462
    ]
   },
   "properties": {
    "pid": "본관(4층) 2층-1",
    "school": "여의도초등학교",
    "kind": "교사동 창면",
    "dong": "본관(4층)",
    "floor": 2,
    "source": "도면기준",
    "z_m": 5.7,
    "s2_total_h": 7.33,
    "s2_cont_h": 7.33,
    "s2_pass_a": true,
    "s1_pass_a": true,
    "change_cd": "keep_ok",
    "변화": "유지 충족"
   }
  },
  {
   "type": "Feature",
   "geometry": {
    "type": "Point",
    "coordinates": [
     194385.357,
     546987.462
    ]
   },
   "properties": {
    "pid": "본관(4층) 3층-1",
    "school": "여의도초등학교",
    "kind": "교사동 창면",
    "dong": "본관(4층)",
    "floor": 3,
    "source": "도면기준",
    "z_m": 9.3,
    "s2_total_h": 7.33,
    "s2_cont_h": 7.33,
    "s2_pass_a": true,
    "s1_pass_a": true,
    "change_cd": "keep_ok",
    "변화": "유지 충족"
   }
  },
  {
   "type": "Feature",
   "geometry": {
    "type": "Point",
    "coordinates": [
     194385.357,
     546987.462
    ]
   },
   "properties": {
    "pid": "본관(4층) 4층-1",
    "school": "여의도초등학교",
    "kind": "교사동 창면",
    "dong": "본관(4층)",
    "floor": 4,
    "source": "도면기준",
    "z_m": 12.9,
    "s2_total_h": 7.5,
    "s2_cont_h": 7.5,
    "s2_pass_a": true,
    "s1_pass_a": true,
    "change_cd": "keep_ok",
    "변화": "유지 충족"
   }
  },
  {
   "type": "Feature",
   "geometry": {
    "type": "Point",
    "coordinates": [
     194388.194,
     546989.679
    ]
   },
   "properties": {
    "pid": "본관(4층) 1층-2",
    "school": "여의도초등학교",
    "kind": "교사동 창면",
    "dong": "본관(4층)",
    "floor": 1,
    "source": "도면기준",
    "z_m": 2.1,
    "s2_total_h": 7.33,
    "s2_cont_h": 7.33,
    "s2_pass_a": true,
    "s1_pass_a": true,
    "change_cd": "keep_ok",
    "변화": "유지 충족"
   }
  },
  {
   "type": "Feature",
   "geometry": {
    "type": "Point",
    "coordinates": [
     194388.194,
     546989.679
    ]
   },
   "properties": {
    "pid": "본관(4층) 2층-2",
    "school": "여의도초등학교",
    "kind": "교사동 창면",
    "dong": "본관(4층)",
    "floor": 2,
    "source": "도면기준",
    "z_m": 5.7,
    "s2_total_h": 7.33,
    "s2_cont_h": 7.33,
    "s2_pass_a": true,
    "s1_pass_a": true,
    "change_cd": "keep_ok",
    "변화": "유지 충족"
   }
  },
  {
   "type": "Feature",
   "geometry": {
    "type": "Point",
    "coordinates": [
     194388.194,
     546989.679
    ]
   },
   "properties": {
    "pid": "본관(4층) 3층-2",
    "school": "여의도초등학교",
    "kind": "교사동 창면",
    "dong": "본관(4층)",
    "floor": 3,
    "source": "도면기준",
    "z_m": 9.3,
    "s2_total_h": 7.33,
    "s2_cont_h": 7.33,
    "s2_pass_a": true,
    "s1_pass_a": true,
    "change_cd": "keep_ok",
    "변화": "유지 충족"
   }
  },
  {
   "type": "Feature",
   "geometry": {
    "type": "Point",
    "coordinates": [
     194388.194,
     546989.679
    ]
   },
   "properties": {
    "pid": "본관(4층) 4층-2",
    "school": "여의도초등학교",
    "kind": "교사동 창면",
    "dong": "본관(4층)",
    "floor": 4,
    "source": "도면기준",
    "z_m": 12.9,
    "s2_total_h": 7.33,
    "s2_cont_h": 7.33,
    "s2_pass_a": true,
    "s1_pass_a": true,
    "change_cd": "keep_ok",
    "변화": "유지 충족"
   }
  },
  {
   "type": "Feature",
   "geometry": {
    "type": "Point",
    "coordinates": [
     194392.449,
     546993.003
    ]
   },
   "properties": {
    "pid": "본관(4층) 1층-3",
    "school": "여의도초등학교",
    "kind": "교사동 창면",
    "dong": "본관(4층)",
    "floor": 1,
    "source": "도면기준",
    "z_m": 2.1,
    "s2_total_h": 7.17,
    "s2_cont_h": 7.17,
    "s2_pass_a": true,
    "s1_pass_a": true,
    "change_cd": "keep_ok",
    "변화": "유지 충족"
   }
  },
  {
   "type": "Feature",
   "geometry": {
    "type": "Point",
    "coordinates": [
     194392.449,
     546993.003
    ]
   },
   "properties": {
    "pid": "본관(4층) 2층-3",
    "school": "여의도초등학교",
    "kind": "교사동 창면",
    "dong": "본관(4층)",
    "floor": 2,
    "source": "도면기준",
    "z_m": 5.7,
    "s2_total_h": 7.17,
    "s2_cont_h": 7.17,
    "s2_pass_a": true,
    "s1_pass_a": true,
    "change_cd": "keep_ok",
    "변화": "유지 충족"
   }
  },
  {
   "type": "Feature",
   "geometry": {
    "type": "Point",
    "coordinates": [
     194392.449,
     546993.003
    ]
   },
   "properties": {
    "pid": "본관(4층) 3층-3",
    "school": "여의도초등학교",
    "kind": "교사동 창면",
    "dong": "본관(4층)",
    "floor": 3,
    "source": "도면기준",
    "z_m": 9.3,
    "s2_total_h": 7.17,
    "s2_cont_h": 7.17,
    "s2_pass_a": true,
    "s1_pass_a": true,
    "change_cd": "keep_ok",
    "변화": "유지 충족"
   }
  },
  {
   "type": "Feature",
   "geometry": {
    "type": "Point",
    "coordinates": [
     194392.449,
     546993.003
    ]
   },
   "properties": {
    "pid": "본관(4층) 4층-3",
    "school": "여의도초등학교",
    "kind": "교사동 창면",
    "dong": "본관(4층)",
    "floor": 4,
    "source": "도면기준",
    "z_m": 12.9,
    "s2_total_h": 7.33,
    "s2_cont_h": 7.33,
    "s2_pass_a": true,
    "s1_pass_a": true,
    "change_cd": "keep_ok",
    "변화": "유지 충족"
   }
  },
  {
   "type": "Feature",
   "geometry": {
    "type": "Point",
    "coordinates": [
     194395.286,
     546995.22
    ]
   },
   "properties": {
    "pid": "본관(4층) 1층-4",
    "school": "여의도초등학교",
    "kind": "교사동 창면",
    "dong": "본관(4층)",
    "floor": 1,
    "source": "도면기준",
    "z_m": 2.1,
    "s2_total_h": 7.0,
    "s2_cont_h": 7.0,
    "s2_pass_a": true,
    "s1_pass_a": true,
    "change_cd": "keep_ok",
    "변화": "유지 충족"
   }
  },
  {
   "type": "Feature",
   "geometry": {
    "type": "Point",
    "coordinates": [
     194395.286,
     546995.22
    ]
   },
   "properties": {
    "pid": "본관(4층) 2층-4",
    "school": "여의도초등학교",
    "kind": "교사동 창면",
    "dong": "본관(4층)",
    "floor": 2,
    "source": "도면기준",
    "z_m": 5.7,
    "s2_total_h": 7.0,
    "s2_cont_h": 7.0,
    "s2_pass_a": true,
    "s1_pass_a": true,
    "change_cd": "keep_ok",
    "변화": "유지 충족"
   }
  },
  {
   "type": "Feature",
   "geometry": {
    "type": "Point",
    "coordinates": [
     194395.286,
     546995.22
    ]
   },
   "properties": {
    "pid": "본관(4층) 3층-4",
    "school": "여의도초등학교",
    "kind": "교사동 창면",
    "dong": "본관(4층)",
    "floor": 3,
    "source": "도면기준",
    "z_m": 9.3,
    "s2_total_h": 7.17,
    "s2_cont_h": 7.17,
    "s2_pass_a": true,
    "s1_pass_a": true,
    "change_cd": "keep_ok",
    "변화": "유지 충족"
   }
  },
  {
   "type": "Feature",
   "geometry": {
    "type": "Point",
    "coordinates": [
     194395.286,
     546995.22
    ]
   },
   "properties": {
    "pid": "본관(4층) 4층-4",
    "school": "여의도초등학교",
    "kind": "교사동 창면",
    "dong": "본관(4층)",
    "floor": 4,
    "source": "도면기준",
    "z_m": 12.9,
    "s2_total_h": 7.17,
    "s2_cont_h": 7.17,
    "s2_pass_a": true,
    "s1_pass_a": true,
    "change_cd": "keep_ok",
    "변화": "유지 충족"
   }
  },
  {
   "type": "Feature",
   "geometry": {
    "type": "Point",
    "coordinates": [
     194399.541,
     546998.544
    ]
   },
   "properties": {
    "pid": "본관(4층) 1층-5",
    "school": "여의도초등학교",
    "kind": "교사동 창면",
    "dong": "본관(4층)",
    "floor": 1,
    "source": "도면기준",
    "z_m": 2.1,
    "s2_total_h": 6.83,
    "s2_cont_h": 6.83,
    "s2_pass_a": true,
    "s1_pass_a": true,
    "change_cd": "keep_ok",
    "변화": "유지 충족"
   }
  },
  {
   "type": "Feature",
   "geometry": {
    "type": "Point",
    "coordinates": [
     194399.541,
     546998.544
    ]
   },
   "properties": {
    "pid": "본관(4층) 2층-5",
    "school": "여의도초등학교",
    "kind": "교사동 창면",
    "dong": "본관(4층)",
    "floor": 2,
    "source": "도면기준",
    "z_m": 5.7,
    "s2_total_h": 7.0,
    "s2_cont_h": 7.0,
    "s2_pass_a": true,
    "s1_pass_a": true,
    "change_cd": "keep_ok",
    "변화": "유지 충족"
   }
  },
  {
   "type": "Feature",
   "geometry": {
    "type": "Point",
    "coordinates": [
     194399.541,
     546998.544
    ]
   },
   "properties": {
    "pid": "본관(4층) 3층-5",
    "school": "여의도초등학교",
    "kind": "교사동 창면",
    "dong": "본관(4층)",
    "floor": 3,
    "source": "도면기준",
    "z_m": 9.3,
    "s2_total_h": 7.0,
    "s2_cont_h": 7.0,
    "s2_pass_a": true,
    "s1_pass_a": true,
    "change_cd": "keep_ok",
    "변화": "유지 충족"
   }
  },
  {
   "type": "Feature",
   "geometry": {
    "type": "Point",
    "coordinates": [
     194399.541,
     546998.544
    ]
   },
   "properties": {
    "pid": "본관(4층) 4층-5",
    "school": "여의도초등학교",
    "kind": "교사동 창면",
    "dong": "본관(4층)",
    "floor": 4,
    "source": "도면기준",
    "z_m": 12.9,
    "s2_total_h": 7.17,
    "s2_cont_h": 7.17,
    "s2_pass_a": true,
    "s1_pass_a": true,
    "change_cd": "keep_ok",
    "변화": "유지 충족"
   }
  },
  {
   "type": "Feature",
   "geometry": {
    "type": "Point",
    "coordinates": [
     194402.378,
     547000.76
    ]
   },
   "properties": {
    "pid": "본관(4층) 1층-6",
    "school": "여의도초등학교",
    "kind": "교사동 창면",
    "dong": "본관(4층)",
    "floor": 1,
    "source": "도면기준",
    "z_m": 2.1,
    "s2_total_h": 6.83,
    "s2_cont_h": 6.83,
    "s2_pass_a": true,
    "s1_pass_a": true,
    "change_cd": "keep_ok",
    "변화": "유지 충족"
   }
  },
  {
   "type": "Feature",
   "geometry": {
    "type": "Point",
    "coordinates": [
     194402.378,
     547000.76
    ]
   },
   "properties": {
    "pid": "본관(4층) 2층-6",
    "school": "여의도초등학교",
    "kind": "교사동 창면",
    "dong": "본관(4층)",
    "floor": 2,
    "source": "도면기준",
    "z_m": 5.7,
    "s2_total_h": 6.83,
    "s2_cont_h": 6.83,
    "s2_pass_a": true,
    "s1_pass_a": true,
    "change_cd": "keep_ok",
    "변화": "유지 충족"
   }
  },
  {
   "type": "Feature",
   "geometry": {
    "type": "Point",
    "coordinates": [
     194402.378,
     547000.76
    ]
   },
   "properties": {
    "pid": "본관(4층) 3층-6",
    "school": "여의도초등학교",
    "kind": "교사동 창면",
    "dong": "본관(4층)",
    "floor": 3,
    "source": "도면기준",
    "z_m": 9.3,
    "s2_total_h": 6.83,
    "s2_cont_h": 6.83,
    "s2_pass_a": true,
    "s1_pass_a": true,
    "change_cd": "keep_ok",
    "변화": "유지 충족"
   }
  },
  {
   "type": "Feature",
   "geometry": {
    "type": "Point",
    "coordinates": [
     194402.378,
     547000.76
    ]
   },
   "properties": {
    "pid": "본관(4층) 4층-6",
    "school": "여의도초등학교",
    "kind": "교사동 창면",
    "dong": "본관(4층)",
    "floor": 4,
    "source": "도면기준",
    "z_m": 12.9,
    "s2_total_h": 7.0,
    "s2_cont_h": 7.0,
    "s2_pass_a": true,
    "s1_pass_a": true,
    "change_cd": "keep_ok",
    "변화": "유지 충족"
   }
  },
  {
   "type": "Feature",
   "geometry": {
    "type": "Point",
    "coordinates": [
     194406.633,
     547004.085
    ]
   },
   "properties": {
    "pid": "본관(4층) 1층-7",
    "school": "여의도초등학교",
    "kind": "교사동 창면",
    "dong": "본관(4층)",
    "floor": 1,
    "source": "도면기준",
    "z_m": 2.1,
    "s2_total_h": 6.67,
    "s2_cont_h": 6.67,
    "s2_pass_a": true,
    "s1_pass_a": true,
    "change_cd": "keep_ok",
    "변화": "유지 충족"
   }
  },
  {
   "type": "Feature",
   "geometry": {
    "type": "Point",
    "coordinates": [
     194406.633,
     547004.085
    ]
   },
   "properties": {
    "pid": "본관(4층) 2층-7",
    "school": "여의도초등학교",
    "kind": "교사동 창면",
    "dong": "본관(4층)",
    "floor": 2,
    "source": "도면기준",
    "z_m": 5.7,
    "s2_total_h": 6.67,
    "s2_cont_h": 6.67,
    "s2_pass_a": true,
    "s1_pass_a": true,
    "change_cd": "keep_ok",
    "변화": "유지 충족"
   }
  },
  {
   "type": "Feature",
   "geometry": {
    "type": "Point",
    "coordinates": [
     194406.633,
     547004.085
    ]
   },
   "properties": {
    "pid": "본관(4층) 3층-7",
    "school": "여의도초등학교",
    "kind": "교사동 창면",
    "dong": "본관(4층)",
    "floor": 3,
    "source": "도면기준",
    "z_m": 9.3,
    "s2_total_h": 6.83,
    "s2_cont_h": 6.83,
    "s2_pass_a": true,
    "s1_pass_a": true,
    "change_cd": "keep_ok",
    "변화": "유지 충족"
   }
  },
  {
   "type": "Feature",
   "geometry": {
    "type": "Point",
    "coordinates": [
     194406.633,
     547004.085
    ]
   },
   "properties": {
    "pid": "본관(4층) 4층-7",
    "school": "여의도초등학교",
    "kind": "교사동 창면",
    "dong": "본관(4층)",
    "floor": 4,
    "source": "도면기준",
    "z_m": 12.9,
    "s2_total_h": 6.83,
    "s2_cont_h": 6.83,
    "s2_pass_a": true,
    "s1_pass_a": true,
    "change_cd": "keep_ok",
    "변화": "유지 충족"
   }
  },
  {
   "type": "Feature",
   "geometry": {
    "type": "Point",
    "coordinates": [
     194409.47,
     547006.301
    ]
   },
   "properties": {
    "pid": "본관(4층) 1층-8",
    "school": "여의도초등학교",
    "kind": "교사동 창면",
    "dong": "본관(4층)",
    "floor": 1,
    "source": "도면기준",
    "z_m": 2.1,
    "s2_total_h": 6.5,
    "s2_cont_h": 6.5,
    "s2_pass_a": true,
    "s1_pass_a": true,
    "change_cd": "keep_ok",
    "변화": "유지 충족"
   }
  },
  {
   "type": "Feature",
   "geometry": {
    "type": "Point",
    "coordinates": [
     194409.47,
     547006.301
    ]
   },
   "properties": {
    "pid": "본관(4층) 2층-8",
    "school": "여의도초등학교",
    "kind": "교사동 창면",
    "dong": "본관(4층)",
    "floor": 2,
    "source": "도면기준",
    "z_m": 5.7,
    "s2_total_h": 6.5,
    "s2_cont_h": 6.5,
    "s2_pass_a": true,
    "s1_pass_a": true,
    "change_cd": "keep_ok",
    "변화": "유지 충족"
   }
  },
  {
   "type": "Feature",
   "geometry": {
    "type": "Point",
    "coordinates": [
     194409.47,
     547006.301
    ]
   },
   "properties": {
    "pid": "본관(4층) 3층-8",
    "school": "여의도초등학교",
    "kind": "교사동 창면",
    "dong": "본관(4층)",
    "floor": 3,
    "source": "도면기준",
    "z_m": 9.3,
    "s2_total_h": 6.67,
    "s2_cont_h": 6.67,
    "s2_pass_a": true,
    "s1_pass_a": true,
    "change_cd": "keep_ok",
    "변화": "유지 충족"
   }
  },
  {
   "type": "Feature",
   "geometry": {
    "type": "Point",
    "coordinates": [
     194409.47,
     547006.301
    ]
   },
   "properties": {
    "pid": "본관(4층) 4층-8",
    "school": "여의도초등학교",
    "kind": "교사동 창면",
    "dong": "본관(4층)",
    "floor": 4,
    "source": "도면기준",
    "z_m": 12.9,
    "s2_total_h": 6.67,
    "s2_cont_h": 6.67,
    "s2_pass_a": true,
    "s1_pass_a": true,
    "change_cd": "keep_ok",
    "변화": "유지 충족"
   }
  },
  {
   "type": "Feature",
   "geometry": {
    "type": "Point",
    "coordinates": [
     194413.725,
     547009.626
    ]
   },
   "properties": {
    "pid": "본관(4층) 1층-9",
    "school": "여의도초등학교",
    "kind": "교사동 창면",
    "dong": "본관(4층)",
    "floor": 1,
    "source": "도면기준",
    "z_m": 2.1,
    "s2_total_h": 6.5,
    "s2_cont_h": 6.33,
    "s2_pass_a": true,
    "s1_pass_a": true,
    "change_cd": "keep_ok",
    "변화": "유지 충족"
   }
  },
  {
   "type": "Feature",
   "geometry": {
    "type": "Point",
    "coordinates": [
     194413.725,
     547009.626
    ]
   },
   "properties": {
    "pid": "본관(4층) 2층-9",
    "school": "여의도초등학교",
    "kind": "교사동 창면",
    "dong": "본관(4층)",
    "floor": 2,
    "source": "도면기준",
    "z_m": 5.7,
    "s2_total_h": 6.5,
    "s2_cont_h": 6.33,
    "s2_pass_a": true,
    "s1_pass_a": true,
    "change_cd": "keep_ok",
    "변화": "유지 충족"
   }
  },
  {
   "type": "Feature",
   "geometry": {
    "type": "Point",
    "coordinates": [
     194413.725,
     547009.626
    ]
   },
   "properties": {
    "pid": "본관(4층) 3층-9",
    "school": "여의도초등학교",
    "kind": "교사동 창면",
    "dong": "본관(4층)",
    "floor": 3,
    "source": "도면기준",
    "z_m": 9.3,
    "s2_total_h": 6.5,
    "s2_cont_h": 6.33,
    "s2_pass_a": true,
    "s1_pass_a": true,
    "change_cd": "keep_ok",
    "변화": "유지 충족"
   }
  },
  {
   "type": "Feature",
   "geometry": {
    "type": "Point",
    "coordinates": [
     194413.725,
     547009.626
    ]
   },
   "properties": {
    "pid": "본관(4층) 4층-9",
    "school": "여의도초등학교",
    "kind": "교사동 창면",
    "dong": "본관(4층)",
    "floor": 4,
    "source": "도면기준",
    "z_m": 12.9,
    "s2_total_h": 6.5,
    "s2_cont_h": 6.33,
    "s2_pass_a": true,
    "s1_pass_a": true,
    "change_cd": "keep_ok",
    "변화": "유지 충족"
   }
  },
  {
   "type": "Feature",
   "geometry": {
    "type": "Point",
    "coordinates": [
     194416.562,
     547011.842
    ]
   },
   "properties": {
    "pid": "본관(4층) 1층-10",
    "school": "여의도초등학교",
    "kind": "교사동 창면",
    "dong": "본관(4층)",
    "floor": 1,
    "source": "도면기준",
    "z_m": 2.1,
    "s2_total_h": 6.5,
    "s2_cont_h": 6.17,
    "s2_pass_a": true,
    "s1_pass_a": true,
    "change_cd": "keep_ok",
    "변화": "유지 충족"
   }
  },
  {
   "type": "Feature",
   "geometry": {
    "type": "Point",
    "coordinates": [
     194416.562,
     547011.842
    ]
   },
   "properties": {
    "pid": "본관(4층) 2층-10",
    "school": "여의도초등학교",
    "kind": "교사동 창면",
    "dong": "본관(4층)",
    "floor": 2,
    "source": "도면기준",
    "z_m": 5.7,
    "s2_total_h": 6.5,
    "s2_cont_h": 6.17,
    "s2_pass_a": true,
    "s1_pass_a": true,
    "change_cd": "keep_ok",
    "변화": "유지 충족"
   }
  },
  {
   "type": "Feature",
   "geometry": {
    "type": "Point",
    "coordinates": [
     194416.562,
     547011.842
    ]
   },
   "properties": {
    "pid": "본관(4층) 3층-10",
    "school": "여의도초등학교",
    "kind": "교사동 창면",
    "dong": "본관(4층)",
    "floor": 3,
    "source": "도면기준",
    "z_m": 9.3,
    "s2_total_h": 6.5,
    "s2_cont_h": 6.17,
    "s2_pass_a": true,
    "s1_pass_a": true,
    "change_cd": "keep_ok",
    "변화": "유지 충족"
   }
  },
  {
   "type": "Feature",
   "geometry": {
    "type": "Point",
    "coordinates": [
     194416.562,
     547011.842
    ]
   },
   "properties": {
    "pid": "본관(4층) 4층-10",
    "school": "여의도초등학교",
    "kind": "교사동 창면",
    "dong": "본관(4층)",
    "floor": 4,
    "source": "도면기준",
    "z_m": 12.9,
    "s2_total_h": 6.5,
    "s2_cont_h": 6.17,
    "s2_pass_a": true,
    "s1_pass_a": true,
    "change_cd": "keep_ok",
    "변화": "유지 충족"
   }
  },
  {
   "type": "Feature",
   "geometry": {
    "type": "Point",
    "coordinates": [
     194420.818,
     547015.167
    ]
   },
   "properties": {
    "pid": "본관(4층) 1층-11",
    "school": "여의도초등학교",
    "kind": "교사동 창면",
    "dong": "본관(4층)",
    "floor": 1,
    "source": "도면기준",
    "z_m": 2.1,
    "s2_total_h": 6.17,
    "s2_cont_h": 5.67,
    "s2_pass_a": true,
    "s1_pass_a": true,
    "change_cd": "keep_ok",
    "변화": "유지 충족"
   }
  },
  {
   "type": "Feature",
   "geometry": {
    "type": "Point",
    "coordinates": [
     194420.818,
     547015.167
    ]
   },
   "properties": {
    "pid": "본관(4층) 2층-11",
    "school": "여의도초등학교",
    "kind": "교사동 창면",
    "dong": "본관(4층)",
    "floor": 2,
    "source": "도면기준",
    "z_m": 5.7,
    "s2_total_h": 6.17,
    "s2_cont_h": 5.67,
    "s2_pass_a": true,
    "s1_pass_a": true,
    "change_cd": "keep_ok",
    "변화": "유지 충족"
   }
  },
  {
   "type": "Feature",
   "geometry": {
    "type": "Point",
    "coordinates": [
     194420.818,
     547015.167
    ]
   },
   "properties": {
    "pid": "본관(4층) 3층-11",
    "school": "여의도초등학교",
    "kind": "교사동 창면",
    "dong": "본관(4층)",
    "floor": 3,
    "source": "도면기준",
    "z_m": 9.3,
    "s2_total_h": 6.17,
    "s2_cont_h": 5.67,
    "s2_pass_a": true,
    "s1_pass_a": true,
    "change_cd": "keep_ok",
    "변화": "유지 충족"
   }
  },
  {
   "type": "Feature",
   "geometry": {
    "type": "Point",
    "coordinates": [
     194420.818,
     547015.167
    ]
   },
   "properties": {
    "pid": "본관(4층) 4층-11",
    "school": "여의도초등학교",
    "kind": "교사동 창면",
    "dong": "본관(4층)",
    "floor": 4,
    "source": "도면기준",
    "z_m": 12.9,
    "s2_total_h": 6.17,
    "s2_cont_h": 5.67,
    "s2_pass_a": true,
    "s1_pass_a": true,
    "change_cd": "keep_ok",
    "변화": "유지 충족"
   }
  },
  {
   "type": "Feature",
   "geometry": {
    "type": "Point",
    "coordinates": [
     194423.654,
     547017.383
    ]
   },
   "properties": {
    "pid": "본관(4층) 1층-12",
    "school": "여의도초등학교",
    "kind": "교사동 창면",
    "dong": "본관(4층)",
    "floor": 1,
    "source": "도면기준",
    "z_m": 2.1,
    "s2_total_h": 6.17,
    "s2_cont_h": 5.33,
    "s2_pass_a": true,
    "s1_pass_a": true,
    "change_cd": "keep_ok",
    "변화": "유지 충족"
   }
  },
  {
   "type": "Feature",
   "geometry": {
    "type": "Point",
    "coordinates": [
     194423.654,
     547017.383
    ]
   },
   "properties": {
    "pid": "본관(4층) 2층-12",
    "school": "여의도초등학교",
    "kind": "교사동 창면",
    "dong": "본관(4층)",
    "floor": 2,
    "source": "도면기준",
    "z_m": 5.7,
    "s2_total_h": 6.17,
    "s2_cont_h": 5.33,
    "s2_pass_a": true,
    "s1_pass_a": true,
    "change_cd": "keep_ok",
    "변화": "유지 충족"
   }
  },
  {
   "type": "Feature",
   "geometry": {
    "type": "Point",
    "coordinates": [
     194423.654,
     547017.383
    ]
   },
   "properties": {
    "pid": "본관(4층) 3층-12",
    "school": "여의도초등학교",
    "kind": "교사동 창면",
    "dong": "본관(4층)",
    "floor": 3,
    "source": "도면기준",
    "z_m": 9.3,
    "s2_total_h": 6.17,
    "s2_cont_h": 5.33,
    "s2_pass_a": true,
    "s1_pass_a": true,
    "change_cd": "keep_ok",
    "변화": "유지 충족"
   }
  },
  {
   "type": "Feature",
   "geometry": {
    "type": "Point",
    "coordinates": [
     194423.654,
     547017.383
    ]
   },
   "properties": {
    "pid": "본관(4층) 4층-12",
    "school": "여의도초등학교",
    "kind": "교사동 창면",
    "dong": "본관(4층)",
    "floor": 4,
    "source": "도면기준",
    "z_m": 12.9,
    "s2_total_h": 6.17,
    "s2_cont_h": 5.33,
    "s2_pass_a": true,
    "s1_pass_a": true,
    "change_cd": "keep_ok",
    "변화": "유지 충족"
   }
  },
  {
   "type": "Feature",
   "geometry": {
    "type": "Point",
    "coordinates": [
     194427.91,
     547020.708
    ]
   },
   "properties": {
    "pid": "본관(4층) 1층-13",
    "school": "여의도초등학교",
    "kind": "교사동 창면",
    "dong": "본관(4층)",
    "floor": 1,
    "source": "도면기준",
    "z_m": 2.1,
    "s2_total_h": 5.83,
    "s2_cont_h": 4.83,
    "s2_pass_a": true,
    "s1_pass_a": true,
    "change_cd": "keep_ok",
    "변화": "유지 충족"
   }
  },
  {
   "type": "Feature",
   "geometry": {
    "type": "Point",
    "coordinates": [
     194427.91,
     547020.708
    ]
   },
   "properties": {
    "pid": "본관(4층) 2층-13",
    "school": "여의도초등학교",
    "kind": "교사동 창면",
    "dong": "본관(4층)",
    "floor": 2,
    "source": "도면기준",
    "z_m": 5.7,
    "s2_total_h": 5.83,
    "s2_cont_h": 4.83,
    "s2_pass_a": true,
    "s1_pass_a": true,
    "change_cd": "keep_ok",
    "변화": "유지 충족"
   }
  },
  {
   "type": "Feature",
   "geometry": {
    "type": "Point",
    "coordinates": [
     194427.91,
     547020.708
    ]
   },
   "properties": {
    "pid": "본관(4층) 3층-13",
    "school": "여의도초등학교",
    "kind": "교사동 창면",
    "dong": "본관(4층)",
    "floor": 3,
    "source": "도면기준",
    "z_m": 9.3,
    "s2_total_h": 5.83,
    "s2_cont_h": 4.83,
    "s2_pass_a": true,
    "s1_pass_a": true,
    "change_cd": "keep_ok",
    "변화": "유지 충족"
   }
  },
  {
   "type": "Feature",
   "geometry": {
    "type": "Point",
    "coordinates": [
     194427.91,
     547020.708
    ]
   },
   "properties": {
    "pid": "본관(4층) 4층-13",
    "school": "여의도초등학교",
    "kind": "교사동 창면",
    "dong": "본관(4층)",
    "floor": 4,
    "source": "도면기준",
    "z_m": 12.9,
    "s2_total_h": 6.67,
    "s2_cont_h": 5.0,
    "s2_pass_a": true,
    "s1_pass_a": true,
    "change_cd": "keep_ok",
    "변화": "유지 충족"
   }
  },
  {
   "type": "Feature",
   "geometry": {
    "type": "Point",
    "coordinates": [
     194430.746,
     547022.924
    ]
   },
   "properties": {
    "pid": "본관(4층) 1층-14",
    "school": "여의도초등학교",
    "kind": "교사동 창면",
    "dong": "본관(4층)",
    "floor": 1,
    "source": "도면기준",
    "z_m": 2.1,
    "s2_total_h": 5.83,
    "s2_cont_h": 4.67,
    "s2_pass_a": true,
    "s1_pass_a": true,
    "change_cd": "keep_ok",
    "변화": "유지 충족"
   }
  },
  {
   "type": "Feature",
   "geometry": {
    "type": "Point",
    "coordinates": [
     194430.746,
     547022.924
    ]
   },
   "properties": {
    "pid": "본관(4층) 2층-14",
    "school": "여의도초등학교",
    "kind": "교사동 창면",
    "dong": "본관(4층)",
    "floor": 2,
    "source": "도면기준",
    "z_m": 5.7,
    "s2_total_h": 5.83,
    "s2_cont_h": 4.67,
    "s2_pass_a": true,
    "s1_pass_a": true,
    "change_cd": "keep_ok",
    "변화": "유지 충족"
   }
  },
  {
   "type": "Feature",
   "geometry": {
    "type": "Point",
    "coordinates": [
     194430.746,
     547022.924
    ]
   },
   "properties": {
    "pid": "본관(4층) 3층-14",
    "school": "여의도초등학교",
    "kind": "교사동 창면",
    "dong": "본관(4층)",
    "floor": 3,
    "source": "도면기준",
    "z_m": 9.3,
    "s2_total_h": 6.17,
    "s2_cont_h": 4.67,
    "s2_pass_a": true,
    "s1_pass_a": true,
    "change_cd": "keep_ok",
    "변화": "유지 충족"
   }
  },
  {
   "type": "Feature",
   "geometry": {
    "type": "Point",
    "coordinates": [
     194430.746,
     547022.924
    ]
   },
   "properties": {
    "pid": "본관(4층) 4층-14",
    "school": "여의도초등학교",
    "kind": "교사동 창면",
    "dong": "본관(4층)",
    "floor": 4,
    "source": "도면기준",
    "z_m": 12.9,
    "s2_total_h": 6.83,
    "s2_cont_h": 5.0,
    "s2_pass_a": true,
    "s1_pass_a": true,
    "change_cd": "keep_ok",
    "변화": "유지 충족"
   }
  },
  {
   "type": "Feature",
   "geometry": {
    "type": "Point",
    "coordinates": [
     194435.002,
     547026.249
    ]
   },
   "properties": {
    "pid": "본관(4층) 1층-15",
    "school": "여의도초등학교",
    "kind": "교사동 창면",
    "dong": "본관(4층)",
    "floor": 1,
    "source": "도면기준",
    "z_m": 2.1,
    "s2_total_h": 5.5,
    "s2_cont_h": 4.17,
    "s2_pass_a": true,
    "s1_pass_a": true,
    "change_cd": "keep_ok",
    "변화": "유지 충족"
   }
  },
  {
   "type": "Feature",
   "geometry": {
    "type": "Point",
    "coordinates": [
     194435.002,
     547026.249
    ]
   },
   "properties": {
    "pid": "본관(4층) 2층-15",
    "school": "여의도초등학교",
    "kind": "교사동 창면",
    "dong": "본관(4층)",
    "floor": 2,
    "source": "도면기준",
    "z_m": 5.7,
    "s2_total_h": 5.83,
    "s2_cont_h": 4.17,
    "s2_pass_a": true,
    "s1_pass_a": true,
    "change_cd": "keep_ok",
    "변화": "유지 충족"
   }
  },
  {
   "type": "Feature",
   "geometry": {
    "type": "Point",
    "coordinates": [
     194435.002,
     547026.249
    ]
   },
   "properties": {
    "pid": "본관(4층) 3층-15",
    "school": "여의도초등학교",
    "kind": "교사동 창면",
    "dong": "본관(4층)",
    "floor": 3,
    "source": "도면기준",
    "z_m": 9.3,
    "s2_total_h": 6.5,
    "s2_cont_h": 4.5,
    "s2_pass_a": true,
    "s1_pass_a": true,
    "change_cd": "keep_ok",
    "변화": "유지 충족"
   }
  },
  {
   "type": "Feature",
   "geometry": {
    "type": "Point",
    "coordinates": [
     194435.002,
     547026.249
    ]
   },
   "properties": {
    "pid": "본관(4층) 4층-15",
    "school": "여의도초등학교",
    "kind": "교사동 창면",
    "dong": "본관(4층)",
    "floor": 4,
    "source": "도면기준",
    "z_m": 12.9,
    "s2_total_h": 7.33,
    "s2_cont_h": 7.33,
    "s2_pass_a": true,
    "s1_pass_a": true,
    "change_cd": "keep_ok",
    "변화": "유지 충족"
   }
  },
  {
   "type": "Feature",
   "geometry": {
    "type": "Point",
    "coordinates": [
     194437.839,
     547028.465
    ]
   },
   "properties": {
    "pid": "본관(4층) 1층-16",
    "school": "여의도초등학교",
    "kind": "교사동 창면",
    "dong": "본관(4층)",
    "floor": 1,
    "source": "도면기준",
    "z_m": 2.1,
    "s2_total_h": 5.5,
    "s2_cont_h": 4.0,
    "s2_pass_a": true,
    "s1_pass_a": true,
    "change_cd": "keep_ok",
    "변화": "유지 충족"
   }
  },
  {
   "type": "Feature",
   "geometry": {
    "type": "Point",
    "coordinates": [
     194437.839,
     547028.465
    ]
   },
   "properties": {
    "pid": "본관(4층) 2층-16",
    "school": "여의도초등학교",
    "kind": "교사동 창면",
    "dong": "본관(4층)",
    "floor": 2,
    "source": "도면기준",
    "z_m": 5.7,
    "s2_total_h": 6.0,
    "s2_cont_h": 4.0,
    "s2_pass_a": true,
    "s1_pass_a": true,
    "change_cd": "keep_ok",
    "변화": "유지 충족"
   }
  },
  {
   "type": "Feature",
   "geometry": {
    "type": "Point",
    "coordinates": [
     194437.839,
     547028.465
    ]
   },
   "properties": {
    "pid": "본관(4층) 3층-16",
    "school": "여의도초등학교",
    "kind": "교사동 창면",
    "dong": "본관(4층)",
    "floor": 3,
    "source": "도면기준",
    "z_m": 9.3,
    "s2_total_h": 6.83,
    "s2_cont_h": 4.5,
    "s2_pass_a": true,
    "s1_pass_a": true,
    "change_cd": "keep_ok",
    "변화": "유지 충족"
   }
  },
  {
   "type": "Feature",
   "geometry": {
    "type": "Point",
    "coordinates": [
     194437.839,
     547028.465
    ]
   },
   "properties": {
    "pid": "본관(4층) 4층-16",
    "school": "여의도초등학교",
    "kind": "교사동 창면",
    "dong": "본관(4층)",
    "floor": 4,
    "source": "도면기준",
    "z_m": 12.9,
    "s2_total_h": 7.17,
    "s2_cont_h": 7.17,
    "s2_pass_a": true,
    "s1_pass_a": true,
    "change_cd": "keep_ok",
    "변화": "유지 충족"
   }
  },
  {
   "type": "Feature",
   "geometry": {
    "type": "Point",
    "coordinates": [
     194387.895,
     547104.044
    ]
   },
   "properties": {
    "pid": "별관(5층) 1층-1",
    "school": "여의도초등학교",
    "kind": "교사동 창면",
    "dong": "별관(5층)",
    "floor": 1,
    "source": "도면기준",
    "z_m": 1.95,
    "s2_total_h": 4.33,
    "s2_cont_h": 4.0,
    "s2_pass_a": true,
    "s1_pass_a": true,
    "change_cd": "keep_ok",
    "변화": "유지 충족"
   }
  },
  {
   "type": "Feature",
   "geometry": {
    "type": "Point",
    "coordinates": [
     194387.895,
     547104.044
    ]
   },
   "properties": {
    "pid": "별관(5층) 2층-1",
    "school": "여의도초등학교",
    "kind": "교사동 창면",
    "dong": "별관(5층)",
    "floor": 2,
    "source": "도면기준",
    "z_m": 5.15,
    "s2_total_h": 4.5,
    "s2_cont_h": 4.0,
    "s2_pass_a": true,
    "s1_pass_a": true,
    "change_cd": "keep_ok",
    "변화": "유지 충족"
   }
  },
  {
   "type": "Feature",
   "geometry": {
    "type": "Point",
    "coordinates": [
     194387.895,
     547104.044
    ]
   },
   "properties": {
    "pid": "별관(5층) 3층-1",
    "school": "여의도초등학교",
    "kind": "교사동 창면",
    "dong": "별관(5층)",
    "floor": 3,
    "source": "도면기준",
    "z_m": 8.35,
    "s2_total_h": 4.5,
    "s2_cont_h": 4.0,
    "s2_pass_a": true,
    "s1_pass_a": true,
    "change_cd": "keep_ok",
    "변화": "유지 충족"
   }
  },
  {
   "type": "Feature",
   "geometry": {
    "type": "Point",
    "coordinates": [
     194387.895,
     547104.044
    ]
   },
   "properties": {
    "pid": "별관(5층) 4층-1",
    "school": "여의도초등학교",
    "kind": "교사동 창면",
    "dong": "별관(5층)",
    "floor": 4,
    "source": "도면기준",
    "z_m": 11.55,
    "s2_total_h": 4.5,
    "s2_cont_h": 4.0,
    "s2_pass_a": true,
    "s1_pass_a": true,
    "change_cd": "keep_ok",
    "변화": "유지 충족"
   }
  },
  {
   "type": "Feature",
   "geometry": {
    "type": "Point",
    "coordinates": [
     194387.895,
     547104.044
    ]
   },
   "properties": {
    "pid": "별관(5층) 5층-1",
    "school": "여의도초등학교",
    "kind": "교사동 창면",
    "dong": "별관(5층)",
    "floor": 5,
    "source": "도면기준",
    "z_m": 14.75,
    "s2_total_h": 4.5,
    "s2_cont_h": 4.0,
    "s2_pass_a": true,
    "s1_pass_a": true,
    "change_cd": "keep_ok",
    "변화": "유지 충족"
   }
  },
  {
   "type": "Feature",
   "geometry": {
    "type": "Point",
    "coordinates": [
     194390.117,
     547101.212
    ]
   },
   "properties": {
    "pid": "별관(5층) 1층-2",
    "school": "여의도초등학교",
    "kind": "교사동 창면",
    "dong": "별관(5층)",
    "floor": 1,
    "source": "도면기준",
    "z_m": 1.95,
    "s2_total_h": 4.17,
    "s2_cont_h": 4.0,
    "s2_pass_a": true,
    "s1_pass_a": true,
    "change_cd": "keep_ok",
    "변화": "유지 충족"
   }
  },
  {
   "type": "Feature",
   "geometry": {
    "type": "Point",
    "coordinates": [
     194390.117,
     547101.212
    ]
   },
   "properties": {
    "pid": "별관(5층) 2층-2",
    "school": "여의도초등학교",
    "kind": "교사동 창면",
    "dong": "별관(5층)",
    "floor": 2,
    "source": "도면기준",
    "z_m": 5.15,
    "s2_total_h": 4.33,
    "s2_cont_h": 4.0,
    "s2_pass_a": true,
    "s1_pass_a": true,
    "change_cd": "keep_ok",
    "변화": "유지 충족"
   }
  },
  {
   "type": "Feature",
   "geometry": {
    "type": "Point",
    "coordinates": [
     194390.117,
     547101.212
    ]
   },
   "properties": {
    "pid": "별관(5층) 3층-2",
    "school": "여의도초등학교",
    "kind": "교사동 창면",
    "dong": "별관(5층)",
    "floor": 3,
    "source": "도면기준",
    "z_m": 8.35,
    "s2_total_h": 4.33,
    "s2_cont_h": 4.0,
    "s2_pass_a": true,
    "s1_pass_a": true,
    "change_cd": "keep_ok",
    "변화": "유지 충족"
   }
  },
  {
   "type": "Feature",
   "geometry": {
    "type": "Point",
    "coordinates": [
     194390.117,
     547101.212
    ]
   },
   "properties": {
    "pid": "별관(5층) 4층-2",
    "school": "여의도초등학교",
    "kind": "교사동 창면",
    "dong": "별관(5층)",
    "floor": 4,
    "source": "도면기준",
    "z_m": 11.55,
    "s2_total_h": 4.33,
    "s2_cont_h": 4.0,
    "s2_pass_a": true,
    "s1_pass_a": true,
    "change_cd": "keep_ok",
    "변화": "유지 충족"
   }
  },
  {
   "type": "Feature",
   "geometry": {
    "type": "Point",
    "coordinates": [
     194390.117,
     547101.212
    ]
   },
   "properties": {
    "pid": "별관(5층) 5층-2",
    "school": "여의도초등학교",
    "kind": "교사동 창면",
    "dong": "별관(5층)",
    "floor": 5,
    "source": "도면기준",
    "z_m": 14.75,
    "s2_total_h": 4.33,
    "s2_cont_h": 4.0,
    "s2_pass_a": true,
    "s1_pass_a": true,
    "change_cd": "keep_ok",
    "변화": "유지 충족"
   }
  },
  {
   "type": "Feature",
   "geometry": {
    "type": "Point",
    "coordinates": [
     194393.451,
     547096.964
    ]
   },
   "properties": {
    "pid": "별관(5층) 1층-3",
    "school": "여의도초등학교",
    "kind": "교사동 창면",
    "dong": "별관(5층)",
    "floor": 1,
    "source": "도면기준",
    "z_m": 1.95,
    "s2_total_h": 4.33,
    "s2_cont_h": 4.17,
    "s2_pass_a": true,
    "s1_pass_a": true,
    "change_cd": "keep_ok",
    "변화": "유지 충족"
   }
  },
  {
   "type": "Feature",
   "geometry": {
    "type": "Point",
    "coordinates": [
     194393.451,
     547096.964
    ]
   },
   "properties": {
    "pid": "별관(5층) 2층-3",
    "school": "여의도초등학교",
    "kind": "교사동 창면",
    "dong": "별관(5층)",
    "floor": 2,
    "source": "도면기준",
    "z_m": 5.15,
    "s2_total_h": 4.33,
    "s2_cont_h": 4.17,
    "s2_pass_a": true,
    "s1_pass_a": true,
    "change_cd": "keep_ok",
    "변화": "유지 충족"
   }
  },
  {
   "type": "Feature",
   "geometry": {
    "type": "Point",
    "coordinates": [
     194393.451,
     547096.964
    ]
   },
   "properties": {
    "pid": "별관(5층) 3층-3",
    "school": "여의도초등학교",
    "kind": "교사동 창면",
    "dong": "별관(5층)",
    "floor": 3,
    "source": "도면기준",
    "z_m": 8.35,
    "s2_total_h": 4.33,
    "s2_cont_h": 4.17,
    "s2_pass_a": true,
    "s1_pass_a": true,
    "change_cd": "keep_ok",
    "변화": "유지 충족"
   }
  },
  {
   "type": "Feature",
   "geometry": {
    "type": "Point",
    "coordinates": [
     194393.451,
     547096.964
    ]
   },
   "properties": {
    "pid": "별관(5층) 4층-3",
    "school": "여의도초등학교",
    "kind": "교사동 창면",
    "dong": "별관(5층)",
    "floor": 4,
    "source": "도면기준",
    "z_m": 11.55,
    "s2_total_h": 4.33,
    "s2_cont_h": 4.17,
    "s2_pass_a": true,
    "s1_pass_a": true,
    "change_cd": "keep_ok",
    "변화": "유지 충족"
   }
  },
  {
   "type": "Feature",
   "geometry": {
    "type": "Point",
    "coordinates": [
     194393.451,
     547096.964
    ]
   },
   "properties": {
    "pid": "별관(5층) 5층-3",
    "school": "여의도초등학교",
    "kind": "교사동 창면",
    "dong": "별관(5층)",
    "floor": 5,
    "source": "도면기준",
    "z_m": 14.75,
    "s2_total_h": 4.33,
    "s2_cont_h": 4.17,
    "s2_pass_a": true,
    "s1_pass_a": true,
    "change_cd": "keep_ok",
    "변화": "유지 충족"
   }
  },
  {
   "type": "Feature",
   "geometry": {
    "type": "Point",
    "coordinates": [
     194395.673,
     547094.131
    ]
   },
   "properties": {
    "pid": "별관(5층) 1층-4",
    "school": "여의도초등학교",
    "kind": "교사동 창면",
    "dong": "별관(5층)",
    "floor": 1,
    "source": "도면기준",
    "z_m": 1.95,
    "s2_total_h": 4.5,
    "s2_cont_h": 4.33,
    "s2_pass_a": true,
    "s1_pass_a": true,
    "change_cd": "keep_ok",
    "변화": "유지 충족"
   }
  },
  {
   "type": "Feature",
   "geometry": {
    "type": "Point",
    "coordinates": [
     194395.673,
     547094.131
    ]
   },
   "properties": {
    "pid": "별관(5층) 2층-4",
    "school": "여의도초등학교",
    "kind": "교사동 창면",
    "dong": "별관(5층)",
    "floor": 2,
    "source": "도면기준",
    "z_m": 5.15,
    "s2_total_h": 4.5,
    "s2_cont_h": 4.33,
    "s2_pass_a": true,
    "s1_pass_a": true,
    "change_cd": "keep_ok",
    "변화": "유지 충족"
   }
  },
  {
   "type": "Feature",
   "geometry": {
    "type": "Point",
    "coordinates": [
     194395.673,
     547094.131
    ]
   },
   "properties": {
    "pid": "별관(5층) 3층-4",
    "school": "여의도초등학교",
    "kind": "교사동 창면",
    "dong": "별관(5층)",
    "floor": 3,
    "source": "도면기준",
    "z_m": 8.35,
    "s2_total_h": 4.5,
    "s2_cont_h": 4.33,
    "s2_pass_a": true,
    "s1_pass_a": true,
    "change_cd": "keep_ok",
    "변화": "유지 충족"
   }
  },
  {
   "type": "Feature",
   "geometry": {
    "type": "Point",
    "coordinates": [
     194395.673,
     547094.131
    ]
   },
   "properties": {
    "pid": "별관(5층) 4층-4",
    "school": "여의도초등학교",
    "kind": "교사동 창면",
    "dong": "별관(5층)",
    "floor": 4,
    "source": "도면기준",
    "z_m": 11.55,
    "s2_total_h": 4.5,
    "s2_cont_h": 4.33,
    "s2_pass_a": true,
    "s1_pass_a": true,
    "change_cd": "keep_ok",
    "변화": "유지 충족"
   }
  },
  {
   "type": "Feature",
   "geometry": {
    "type": "Point",
    "coordinates": [
     194395.673,
     547094.131
    ]
   },
   "properties": {
    "pid": "별관(5층) 5층-4",
    "school": "여의도초등학교",
    "kind": "교사동 창면",
    "dong": "별관(5층)",
    "floor": 5,
    "source": "도면기준",
    "z_m": 14.75,
    "s2_total_h": 4.5,
    "s2_cont_h": 4.33,
    "s2_pass_a": true,
    "s1_pass_a": true,
    "change_cd": "keep_ok",
    "변화": "유지 충족"
   }
  },
  {
   "type": "Feature",
   "geometry": {
    "type": "Point",
    "coordinates": [
     194399.006,
     547089.883
    ]
   },
   "properties": {
    "pid": "별관(5층) 1층-5",
    "school": "여의도초등학교",
    "kind": "교사동 창면",
    "dong": "별관(5층)",
    "floor": 1,
    "source": "도면기준",
    "z_m": 1.95,
    "s2_total_h": 4.17,
    "s2_cont_h": 4.17,
    "s2_pass_a": true,
    "s1_pass_a": true,
    "change_cd": "keep_ok",
    "변화": "유지 충족"
   }
  },
  {
   "type": "Feature",
   "geometry": {
    "type": "Point",
    "coordinates": [
     194399.006,
     547089.883
    ]
   },
   "properties": {
    "pid": "별관(5층) 2층-5",
    "school": "여의도초등학교",
    "kind": "교사동 창면",
    "dong": "별관(5층)",
    "floor": 2,
    "source": "도면기준",
    "z_m": 5.15,
    "s2_total_h": 4.33,
    "s2_cont_h": 4.33,
    "s2_pass_a": true,
    "s1_pass_a": true,
    "change_cd": "keep_ok",
    "변화": "유지 충족"
   }
  },
  {
   "type": "Feature",
   "geometry": {
    "type": "Point",
    "coordinates": [
     194399.006,
     547089.883
    ]
   },
   "properties": {
    "pid": "별관(5층) 3층-5",
    "school": "여의도초등학교",
    "kind": "교사동 창면",
    "dong": "별관(5층)",
    "floor": 3,
    "source": "도면기준",
    "z_m": 8.35,
    "s2_total_h": 4.33,
    "s2_cont_h": 4.33,
    "s2_pass_a": true,
    "s1_pass_a": true,
    "change_cd": "keep_ok",
    "변화": "유지 충족"
   }
  },
  {
   "type": "Feature",
   "geometry": {
    "type": "Point",
    "coordinates": [
     194399.006,
     547089.883
    ]
   },
   "properties": {
    "pid": "별관(5층) 4층-5",
    "school": "여의도초등학교",
    "kind": "교사동 창면",
    "dong": "별관(5층)",
    "floor": 4,
    "source": "도면기준",
    "z_m": 11.55,
    "s2_total_h": 4.33,
    "s2_cont_h": 4.33,
    "s2_pass_a": true,
    "s1_pass_a": true,
    "change_cd": "keep_ok",
    "변화": "유지 충족"
   }
  },
  {
   "type": "Feature",
   "geometry": {
    "type": "Point",
    "coordinates": [
     194399.006,
     547089.883
    ]
   },
   "properties": {
    "pid": "별관(5층) 5층-5",
    "school": "여의도초등학교",
    "kind": "교사동 창면",
    "dong": "별관(5층)",
    "floor": 5,
    "source": "도면기준",
    "z_m": 14.75,
    "s2_total_h": 4.33,
    "s2_cont_h": 4.33,
    "s2_pass_a": true,
    "s1_pass_a": true,
    "change_cd": "keep_ok",
    "변화": "유지 충족"
   }
  },
  {
   "type": "Feature",
   "geometry": {
    "type": "Point",
    "coordinates": [
     194401.228,
     547087.051
    ]
   },
   "properties": {
    "pid": "별관(5층) 1층-6",
    "school": "여의도초등학교",
    "kind": "교사동 창면",
    "dong": "별관(5층)",
    "floor": 1,
    "source": "도면기준",
    "z_m": 1.95,
    "s2_total_h": 4.17,
    "s2_cont_h": 4.17,
    "s2_pass_a": true,
    "s1_pass_a": true,
    "change_cd": "keep_ok",
    "변화": "유지 충족"
   }
  },
  {
   "type": "Feature",
   "geometry": {
    "type": "Point",
    "coordinates": [
     194401.228,
     547087.051
    ]
   },
   "properties": {
    "pid": "별관(5층) 2층-6",
    "school": "여의도초등학교",
    "kind": "교사동 창면",
    "dong": "별관(5층)",
    "floor": 2,
    "source": "도면기준",
    "z_m": 5.15,
    "s2_total_h": 4.5,
    "s2_cont_h": 4.5,
    "s2_pass_a": true,
    "s1_pass_a": true,
    "change_cd": "keep_ok",
    "변화": "유지 충족"
   }
  },
  {
   "type": "Feature",
   "geometry": {
    "type": "Point",
    "coordinates": [
     194401.228,
     547087.051
    ]
   },
   "properties": {
    "pid": "별관(5층) 3층-6",
    "school": "여의도초등학교",
    "kind": "교사동 창면",
    "dong": "별관(5층)",
    "floor": 3,
    "source": "도면기준",
    "z_m": 8.35,
    "s2_total_h": 4.5,
    "s2_cont_h": 4.5,
    "s2_pass_a": true,
    "s1_pass_a": true,
    "change_cd": "keep_ok",
    "변화": "유지 충족"
   }
  },
  {
   "type": "Feature",
   "geometry": {
    "type": "Point",
    "coordinates": [
     194401.228,
     547087.051
    ]
   },
   "properties": {
    "pid": "별관(5층) 4층-6",
    "school": "여의도초등학교",
    "kind": "교사동 창면",
    "dong": "별관(5층)",
    "floor": 4,
    "source": "도면기준",
    "z_m": 11.55,
    "s2_total_h": 4.5,
    "s2_cont_h": 4.5,
    "s2_pass_a": true,
    "s1_pass_a": true,
    "change_cd": "keep_ok",
    "변화": "유지 충족"
   }
  },
  {
   "type": "Feature",
   "geometry": {
    "type": "Point",
    "coordinates": [
     194401.228,
     547087.051
    ]
   },
   "properties": {
    "pid": "별관(5층) 5층-6",
    "school": "여의도초등학교",
    "kind": "교사동 창면",
    "dong": "별관(5층)",
    "floor": 5,
    "source": "도면기준",
    "z_m": 14.75,
    "s2_total_h": 4.5,
    "s2_cont_h": 4.5,
    "s2_pass_a": true,
    "s1_pass_a": true,
    "change_cd": "keep_ok",
    "변화": "유지 충족"
   }
  },
  {
   "type": "Feature",
   "geometry": {
    "type": "Point",
    "coordinates": [
     194406.784,
     547079.97
    ]
   },
   "properties": {
    "pid": "별관(5층) 1층-7",
    "school": "여의도초등학교",
    "kind": "교사동 창면",
    "dong": "별관(5층)",
    "floor": 1,
    "source": "도면기준",
    "z_m": 1.95,
    "s2_total_h": 4.17,
    "s2_cont_h": 4.17,
    "s2_pass_a": true,
    "s1_pass_a": true,
    "change_cd": "keep_ok",
    "변화": "유지 충족"
   }
  },
  {
   "type": "Feature",
   "geometry": {
    "type": "Point",
    "coordinates": [
     194406.784,
     547079.97
    ]
   },
   "properties": {
    "pid": "별관(5층) 2층-7",
    "school": "여의도초등학교",
    "kind": "교사동 창면",
    "dong": "별관(5층)",
    "floor": 2,
    "source": "도면기준",
    "z_m": 5.15,
    "s2_total_h": 4.17,
    "s2_cont_h": 4.17,
    "s2_pass_a": true,
    "s1_pass_a": true,
    "change_cd": "keep_ok",
    "변화": "유지 충족"
   }
  },
  {
   "type": "Feature",
   "geometry": {
    "type": "Point",
    "coordinates": [
     194406.784,
     547079.97
    ]
   },
   "properties": {
    "pid": "별관(5층) 3층-7",
    "school": "여의도초등학교",
    "kind": "교사동 창면",
    "dong": "별관(5층)",
    "floor": 3,
    "source": "도면기준",
    "z_m": 8.35,
    "s2_total_h": 4.67,
    "s2_cont_h": 4.67,
    "s2_pass_a": true,
    "s1_pass_a": true,
    "change_cd": "keep_ok",
    "변화": "유지 충족"
   }
  },
  {
   "type": "Feature",
   "geometry": {
    "type": "Point",
    "coordinates": [
     194406.784,
     547079.97
    ]
   },
   "properties": {
    "pid": "별관(5층) 4층-7",
    "school": "여의도초등학교",
    "kind": "교사동 창면",
    "dong": "별관(5층)",
    "floor": 4,
    "source": "도면기준",
    "z_m": 11.55,
    "s2_total_h": 4.67,
    "s2_cont_h": 4.67,
    "s2_pass_a": true,
    "s1_pass_a": true,
    "change_cd": "keep_ok",
    "변화": "유지 충족"
   }
  },
  {
   "type": "Feature",
   "geometry": {
    "type": "Point",
    "coordinates": [
     194406.784,
     547079.97
    ]
   },
   "properties": {
    "pid": "별관(5층) 5층-7",
    "school": "여의도초등학교",
    "kind": "교사동 창면",
    "dong": "별관(5층)",
    "floor": 5,
    "source": "도면기준",
    "z_m": 14.75,
    "s2_total_h": 4.67,
    "s2_cont_h": 4.67,
    "s2_pass_a": true,
    "s1_pass_a": true,
    "change_cd": "keep_ok",
    "변화": "유지 충족"
   }
  },
  {
   "type": "Feature",
   "geometry": {
    "type": "Point",
    "coordinates": [
     194410.117,
     547075.722
    ]
   },
   "properties": {
    "pid": "별관(5층) 1층-8",
    "school": "여의도초등학교",
    "kind": "교사동 창면",
    "dong": "별관(5층)",
    "floor": 1,
    "source": "도면기준",
    "z_m": 1.95,
    "s2_total_h": 4.33,
    "s2_cont_h": 4.33,
    "s2_pass_a": true,
    "s1_pass_a": true,
    "change_cd": "keep_ok",
    "변화": "유지 충족"
   }
  },
  {
   "type": "Feature",
   "geometry": {
    "type": "Point",
    "coordinates": [
     194410.117,
     547075.722
    ]
   },
   "properties": {
    "pid": "별관(5층) 2층-8",
    "school": "여의도초등학교",
    "kind": "교사동 창면",
    "dong": "별관(5층)",
    "floor": 2,
    "source": "도면기준",
    "z_m": 5.15,
    "s2_total_h": 4.33,
    "s2_cont_h": 4.33,
    "s2_pass_a": true,
    "s1_pass_a": true,
    "change_cd": "keep_ok",
    "변화": "유지 충족"
   }
  },
  {
   "type": "Feature",
   "geometry": {
    "type": "Point",
    "coordinates": [
     194410.117,
     547075.722
    ]
   },
   "properties": {
    "pid": "별관(5층) 3층-8",
    "school": "여의도초등학교",
    "kind": "교사동 창면",
    "dong": "별관(5층)",
    "floor": 3,
    "source": "도면기준",
    "z_m": 8.35,
    "s2_total_h": 4.67,
    "s2_cont_h": 4.67,
    "s2_pass_a": true,
    "s1_pass_a": true,
    "change_cd": "keep_ok",
    "변화": "유지 충족"
   }
  },
  {
   "type": "Feature",
   "geometry": {
    "type": "Point",
    "coordinates": [
     194410.117,
     547075.722
    ]
   },
   "properties": {
    "pid": "별관(5층) 4층-8",
    "school": "여의도초등학교",
    "kind": "교사동 창면",
    "dong": "별관(5층)",
    "floor": 4,
    "source": "도면기준",
    "z_m": 11.55,
    "s2_total_h": 4.83,
    "s2_cont_h": 4.83,
    "s2_pass_a": true,
    "s1_pass_a": true,
    "change_cd": "keep_ok",
    "변화": "유지 충족"
   }
  },
  {
   "type": "Feature",
   "geometry": {
    "type": "Point",
    "coordinates": [
     194410.117,
     547075.722
    ]
   },
   "properties": {
    "pid": "별관(5층) 5층-8",
    "school": "여의도초등학교",
    "kind": "교사동 창면",
    "dong": "별관(5층)",
    "floor": 5,
    "source": "도면기준",
    "z_m": 14.75,
    "s2_total_h": 4.83,
    "s2_cont_h": 4.83,
    "s2_pass_a": true,
    "s1_pass_a": true,
    "change_cd": "keep_ok",
    "변화": "유지 충족"
   }
  },
  {
   "type": "Feature",
   "geometry": {
    "type": "Point",
    "coordinates": [
     194412.34,
     547072.889
    ]
   },
   "properties": {
    "pid": "별관(5층) 1층-9",
    "school": "여의도초등학교",
    "kind": "교사동 창면",
    "dong": "별관(5층)",
    "floor": 1,
    "source": "도면기준",
    "z_m": 1.95,
    "s2_total_h": 4.33,
    "s2_cont_h": 4.33,
    "s2_pass_a": true,
    "s1_pass_a": true,
    "change_cd": "keep_ok",
    "변화": "유지 충족"
   }
  },
  {
   "type": "Feature",
   "geometry": {
    "type": "Point",
    "coordinates": [
     194412.34,
     547072.889
    ]
   },
   "properties": {
    "pid": "별관(5층) 2층-9",
    "school": "여의도초등학교",
    "kind": "교사동 창면",
    "dong": "별관(5층)",
    "floor": 2,
    "source": "도면기준",
    "z_m": 5.15,
    "s2_total_h": 4.33,
    "s2_cont_h": 4.33,
    "s2_pass_a": true,
    "s1_pass_a": true,
    "change_cd": "keep_ok",
    "변화": "유지 충족"
   }
  },
  {
   "type": "Feature",
   "geometry": {
    "type": "Point",
    "coordinates": [
     194412.34,
     547072.889
    ]
   },
   "properties": {
    "pid": "별관(5층) 3층-9",
    "school": "여의도초등학교",
    "kind": "교사동 창면",
    "dong": "별관(5층)",
    "floor": 3,
    "source": "도면기준",
    "z_m": 8.35,
    "s2_total_h": 4.33,
    "s2_cont_h": 4.33,
    "s2_pass_a": true,
    "s1_pass_a": true,
    "change_cd": "keep_ok",
    "변화": "유지 충족"
   }
  },
  {
   "type": "Feature",
   "geometry": {
    "type": "Point",
    "coordinates": [
     194412.34,
     547072.889
    ]
   },
   "properties": {
    "pid": "별관(5층) 4층-9",
    "school": "여의도초등학교",
    "kind": "교사동 창면",
    "dong": "별관(5층)",
    "floor": 4,
    "source": "도면기준",
    "z_m": 11.55,
    "s2_total_h": 5.0,
    "s2_cont_h": 5.0,
    "s2_pass_a": true,
    "s1_pass_a": true,
    "change_cd": "keep_ok",
    "변화": "유지 충족"
   }
  },
  {
   "type": "Feature",
   "geometry": {
    "type": "Point",
    "coordinates": [
     194412.34,
     547072.889
    ]
   },
   "properties": {
    "pid": "별관(5층) 5층-9",
    "school": "여의도초등학교",
    "kind": "교사동 창면",
    "dong": "별관(5층)",
    "floor": 5,
    "source": "도면기준",
    "z_m": 14.75,
    "s2_total_h": 5.0,
    "s2_cont_h": 5.0,
    "s2_pass_a": true,
    "s1_pass_a": true,
    "change_cd": "keep_ok",
    "변화": "유지 충족"
   }
  },
  {
   "type": "Feature",
   "geometry": {
    "type": "Point",
    "coordinates": [
     194415.673,
     547068.641
    ]
   },
   "properties": {
    "pid": "별관(5층) 1층-10",
    "school": "여의도초등학교",
    "kind": "교사동 창면",
    "dong": "별관(5층)",
    "floor": 1,
    "source": "도면기준",
    "z_m": 1.95,
    "s2_total_h": 4.0,
    "s2_cont_h": 4.0,
    "s2_pass_a": true,
    "s1_pass_a": true,
    "change_cd": "keep_ok",
    "변화": "유지 충족"
   }
  },
  {
   "type": "Feature",
   "geometry": {
    "type": "Point",
    "coordinates": [
     194415.673,
     547068.641
    ]
   },
   "properties": {
    "pid": "별관(5층) 2층-10",
    "school": "여의도초등학교",
    "kind": "교사동 창면",
    "dong": "별관(5층)",
    "floor": 2,
    "source": "도면기준",
    "z_m": 5.15,
    "s2_total_h": 4.0,
    "s2_cont_h": 4.0,
    "s2_pass_a": true,
    "s1_pass_a": true,
    "change_cd": "keep_ok",
    "변화": "유지 충족"
   }
  },
  {
   "type": "Feature",
   "geometry": {
    "type": "Point",
    "coordinates": [
     194415.673,
     547068.641
    ]
   },
   "properties": {
    "pid": "별관(5층) 3층-10",
    "school": "여의도초등학교",
    "kind": "교사동 창면",
    "dong": "별관(5층)",
    "floor": 3,
    "source": "도면기준",
    "z_m": 8.35,
    "s2_total_h": 4.0,
    "s2_cont_h": 4.0,
    "s2_pass_a": true,
    "s1_pass_a": true,
    "change_cd": "keep_ok",
    "변화": "유지 충족"
   }
  },
  {
   "type": "Feature",
   "geometry": {
    "type": "Point",
    "coordinates": [
     194415.673,
     547068.641
    ]
   },
   "properties": {
    "pid": "별관(5층) 4층-10",
    "school": "여의도초등학교",
    "kind": "교사동 창면",
    "dong": "별관(5층)",
    "floor": 4,
    "source": "도면기준",
    "z_m": 11.55,
    "s2_total_h": 4.67,
    "s2_cont_h": 4.67,
    "s2_pass_a": true,
    "s1_pass_a": true,
    "change_cd": "keep_ok",
    "변화": "유지 충족"
   }
  },
  {
   "type": "Feature",
   "geometry": {
    "type": "Point",
    "coordinates": [
     194415.673,
     547068.641
    ]
   },
   "properties": {
    "pid": "별관(5층) 5층-10",
    "school": "여의도초등학교",
    "kind": "교사동 창면",
    "dong": "별관(5층)",
    "floor": 5,
    "source": "도면기준",
    "z_m": 14.75,
    "s2_total_h": 5.17,
    "s2_cont_h": 5.17,
    "s2_pass_a": true,
    "s1_pass_a": true,
    "change_cd": "keep_ok",
    "변화": "유지 충족"
   }
  },
  {
   "type": "Feature",
   "geometry": {
    "type": "Point",
    "coordinates": [
     194417.895,
     547065.809
    ]
   },
   "properties": {
    "pid": "별관(5층) 1층-11",
    "school": "여의도초등학교",
    "kind": "교사동 창면",
    "dong": "별관(5층)",
    "floor": 1,
    "source": "도면기준",
    "z_m": 1.95,
    "s2_total_h": 3.5,
    "s2_cont_h": 3.5,
    "s2_pass_a": true,
    "s1_pass_a": true,
    "change_cd": "keep_ok",
    "변화": "유지 충족"
   }
  },
  {
   "type": "Feature",
   "geometry": {
    "type": "Point",
    "coordinates": [
     194417.895,
     547065.809
    ]
   },
   "properties": {
    "pid": "별관(5층) 2층-11",
    "school": "여의도초등학교",
    "kind": "교사동 창면",
    "dong": "별관(5층)",
    "floor": 2,
    "source": "도면기준",
    "z_m": 5.15,
    "s2_total_h": 3.5,
    "s2_cont_h": 3.5,
    "s2_pass_a": true,
    "s1_pass_a": true,
    "change_cd": "keep_ok",
    "변화": "유지 충족"
   }
  },
  {
   "type": "Feature",
   "geometry": {
    "type": "Point",
    "coordinates": [
     194417.895,
     547065.809
    ]
   },
   "properties": {
    "pid": "별관(5층) 3층-11",
    "school": "여의도초등학교",
    "kind": "교사동 창면",
    "dong": "별관(5층)",
    "floor": 3,
    "source": "도면기준",
    "z_m": 8.35,
    "s2_total_h": 3.5,
    "s2_cont_h": 3.5,
    "s2_pass_a": true,
    "s1_pass_a": true,
    "change_cd": "keep_ok",
    "변화": "유지 충족"
   }
  },
  {
   "type": "Feature",
   "geometry": {
    "type": "Point",
    "coordinates": [
     194417.895,
     547065.809
    ]
   },
   "properties": {
    "pid": "별관(5층) 4층-11",
    "school": "여의도초등학교",
    "kind": "교사동 창면",
    "dong": "별관(5층)",
    "floor": 4,
    "source": "도면기준",
    "z_m": 11.55,
    "s2_total_h": 3.5,
    "s2_cont_h": 3.5,
    "s2_pass_a": true,
    "s1_pass_a": true,
    "change_cd": "keep_ok",
    "변화": "유지 충족"
   }
  },
  {
   "type": "Feature",
   "geometry": {
    "type": "Point",
    "coordinates": [
     194417.895,
     547065.809
    ]
   },
   "properties": {
    "pid": "별관(5층) 5층-11",
    "school": "여의도초등학교",
    "kind": "교사동 창면",
    "dong": "별관(5층)",
    "floor": 5,
    "source": "도면기준",
    "z_m": 14.75,
    "s2_total_h": 5.17,
    "s2_cont_h": 5.17,
    "s2_pass_a": true,
    "s1_pass_a": true,
    "change_cd": "keep_ok",
    "변화": "유지 충족"
   }
  },
  {
   "type": "Feature",
   "geometry": {
    "type": "Point",
    "coordinates": [
     194421.229,
     547061.56
    ]
   },
   "properties": {
    "pid": "별관(5층) 1층-12",
    "school": "여의도초등학교",
    "kind": "교사동 창면",
    "dong": "별관(5층)",
    "floor": 1,
    "source": "도면기준",
    "z_m": 1.95,
    "s2_total_h": 0.83,
    "s2_cont_h": 0.83,
    "s2_pass_a": false,
    "s1_pass_a": false,
    "change_cd": "keep_fail",
    "변화": "유지 불충족"
   }
  },
  {
   "type": "Feature",
   "geometry": {
    "type": "Point",
    "coordinates": [
     194421.229,
     547061.56
    ]
   },
   "properties": {
    "pid": "별관(5층) 2층-12",
    "school": "여의도초등학교",
    "kind": "교사동 창면",
    "dong": "별관(5층)",
    "floor": 2,
    "source": "도면기준",
    "z_m": 5.15,
    "s2_total_h": 0.83,
    "s2_cont_h": 0.83,
    "s2_pass_a": false,
    "s1_pass_a": false,
    "change_cd": "keep_fail",
    "변화": "유지 불충족"
   }
  },
  {
   "type": "Feature",
   "geometry": {
    "type": "Point",
    "coordinates": [
     194421.229,
     547061.56
    ]
   },
   "properties": {
    "pid": "별관(5층) 3층-12",
    "school": "여의도초등학교",
    "kind": "교사동 창면",
    "dong": "별관(5층)",
    "floor": 3,
    "source": "도면기준",
    "z_m": 8.35,
    "s2_total_h": 0.83,
    "s2_cont_h": 0.83,
    "s2_pass_a": false,
    "s1_pass_a": false,
    "change_cd": "keep_fail",
    "변화": "유지 불충족"
   }
  },
  {
   "type": "Feature",
   "geometry": {
    "type": "Point",
    "coordinates": [
     194421.229,
     547061.56
    ]
   },
   "properties": {
    "pid": "별관(5층) 4층-12",
    "school": "여의도초등학교",
    "kind": "교사동 창면",
    "dong": "별관(5층)",
    "floor": 4,
    "source": "도면기준",
    "z_m": 11.55,
    "s2_total_h": 0.83,
    "s2_cont_h": 0.83,
    "s2_pass_a": false,
    "s1_pass_a": false,
    "change_cd": "keep_fail",
    "변화": "유지 불충족"
   }
  },
  {
   "type": "Feature",
   "geometry": {
    "type": "Point",
    "coordinates": [
     194421.229,
     547061.56
    ]
   },
   "properties": {
    "pid": "별관(5층) 5층-12",
    "school": "여의도초등학교",
    "kind": "교사동 창면",
    "dong": "별관(5층)",
    "floor": 5,
    "source": "도면기준",
    "z_m": 14.75,
    "s2_total_h": 1.83,
    "s2_cont_h": 1.83,
    "s2_pass_a": false,
    "s1_pass_a": true,
    "change_cd": "new_fail",
    "변화": "신규 불충족"
   }
  },
  {
   "type": "Feature",
   "geometry": {
    "type": "Point",
    "coordinates": [
     194426.784,
     547054.48
    ]
   },
   "properties": {
    "pid": "별관(5층) 1층-13",
    "school": "여의도초등학교",
    "kind": "교사동 창면",
    "dong": "별관(5층)",
    "floor": 1,
    "source": "도면기준",
    "z_m": 1.95,
    "s2_total_h": 0.0,
    "s2_cont_h": 0.0,
    "s2_pass_a": false,
    "s1_pass_a": false,
    "change_cd": "keep_fail",
    "변화": "유지 불충족"
   }
  },
  {
   "type": "Feature",
   "geometry": {
    "type": "Point",
    "coordinates": [
     194426.784,
     547054.48
    ]
   },
   "properties": {
    "pid": "별관(5층) 2층-13",
    "school": "여의도초등학교",
    "kind": "교사동 창면",
    "dong": "별관(5층)",
    "floor": 2,
    "source": "도면기준",
    "z_m": 5.15,
    "s2_total_h": 0.0,
    "s2_cont_h": 0.0,
    "s2_pass_a": false,
    "s1_pass_a": false,
    "change_cd": "keep_fail",
    "변화": "유지 불충족"
   }
  },
  {
   "type": "Feature",
   "geometry": {
    "type": "Point",
    "coordinates": [
     194426.784,
     547054.48
    ]
   },
   "properties": {
    "pid": "별관(5층) 3층-13",
    "school": "여의도초등학교",
    "kind": "교사동 창면",
    "dong": "별관(5층)",
    "floor": 3,
    "source": "도면기준",
    "z_m": 8.35,
    "s2_total_h": 0.33,
    "s2_cont_h": 0.33,
    "s2_pass_a": false,
    "s1_pass_a": false,
    "change_cd": "keep_fail",
    "변화": "유지 불충족"
   }
  },
  {
   "type": "Feature",
   "geometry": {
    "type": "Point",
    "coordinates": [
     194426.784,
     547054.48
    ]
   },
   "properties": {
    "pid": "별관(5층) 4층-13",
    "school": "여의도초등학교",
    "kind": "교사동 창면",
    "dong": "별관(5층)",
    "floor": 4,
    "source": "도면기준",
    "z_m": 11.55,
    "s2_total_h": 1.5,
    "s2_cont_h": 1.5,
    "s2_pass_a": false,
    "s1_pass_a": false,
    "change_cd": "keep_fail",
    "변화": "유지 불충족"
   }
  },
  {
   "type": "Feature",
   "geometry": {
    "type": "Point",
    "coordinates": [
     194426.784,
     547054.48
    ]
   },
   "properties": {
    "pid": "별관(5층) 5층-13",
    "school": "여의도초등학교",
    "kind": "교사동 창면",
    "dong": "별관(5층)",
    "floor": 5,
    "source": "도면기준",
    "z_m": 14.75,
    "s2_total_h": 3.33,
    "s2_cont_h": 3.33,
    "s2_pass_a": true,
    "s1_pass_a": true,
    "change_cd": "keep_ok",
    "변화": "유지 충족"
   }
  },
  {
   "type": "Feature",
   "geometry": {
    "type": "Point",
    "coordinates": [
     194429.006,
     547051.647
    ]
   },
   "properties": {
    "pid": "별관(5층) 1층-14",
    "school": "여의도초등학교",
    "kind": "교사동 창면",
    "dong": "별관(5층)",
    "floor": 1,
    "source": "도면기준",
    "z_m": 1.95,
    "s2_total_h": 0.0,
    "s2_cont_h": 0.0,
    "s2_pass_a": false,
    "s1_pass_a": false,
    "change_cd": "keep_fail",
    "변화": "유지 불충족"
   }
  },
  {
   "type": "Feature",
   "geometry": {
    "type": "Point",
    "coordinates": [
     194429.006,
     547051.647
    ]
   },
   "properties": {
    "pid": "별관(5층) 2층-14",
    "school": "여의도초등학교",
    "kind": "교사동 창면",
    "dong": "별관(5층)",
    "floor": 2,
    "source": "도면기준",
    "z_m": 5.15,
    "s2_total_h": 0.0,
    "s2_cont_h": 0.0,
    "s2_pass_a": false,
    "s1_pass_a": false,
    "change_cd": "keep_fail",
    "변화": "유지 불충족"
   }
  },
  {
   "type": "Feature",
   "geometry": {
    "type": "Point",
    "coordinates": [
     194429.006,
     547051.647
    ]
   },
   "properties": {
    "pid": "별관(5층) 3층-14",
    "school": "여의도초등학교",
    "kind": "교사동 창면",
    "dong": "별관(5층)",
    "floor": 3,
    "source": "도면기준",
    "z_m": 8.35,
    "s2_total_h": 0.0,
    "s2_cont_h": 0.0,
    "s2_pass_a": false,
    "s1_pass_a": false,
    "change_cd": "keep_fail",
    "변화": "유지 불충족"
   }
  },
  {
   "type": "Feature",
   "geometry": {
    "type": "Point",
    "coordinates": [
     194429.006,
     547051.647
    ]
   },
   "properties": {
    "pid": "별관(5층) 4층-14",
    "school": "여의도초등학교",
    "kind": "교사동 창면",
    "dong": "별관(5층)",
    "floor": 4,
    "source": "도면기준",
    "z_m": 11.55,
    "s2_total_h": 2.0,
    "s2_cont_h": 2.0,
    "s2_pass_a": true,
    "s1_pass_a": true,
    "change_cd": "keep_ok",
    "변화": "유지 충족"
   }
  },
  {
   "type": "Feature",
   "geometry": {
    "type": "Point",
    "coordinates": [
     194429.006,
     547051.647
    ]
   },
   "properties": {
    "pid": "별관(5층) 5층-14",
    "school": "여의도초등학교",
    "kind": "교사동 창면",
    "dong": "별관(5층)",
    "floor": 5,
    "source": "도면기준",
    "z_m": 14.75,
    "s2_total_h": 4.33,
    "s2_cont_h": 4.33,
    "s2_pass_a": true,
    "s1_pass_a": true,
    "change_cd": "keep_ok",
    "변화": "유지 충족"
   }
  },
  {
   "type": "Feature",
   "geometry": {
    "type": "Point",
    "coordinates": [
     194431.21,
     547085.588
    ]
   },
   "properties": {
    "pid": "여의도초등학교 운동장-1",
    "school": "여의도초등학교",
    "kind": "운동장 지반",
    "dong": "여의도초등학교 운동장",
    "floor": 0,
    "source": "분석지점도 격자(경계는 최대 내접 사각형으로 추정)",
    "z_m": 0.0,
    "s2_total_h": 3.33,
    "s2_cont_h": 1.67,
    "s2_pass_a": false,
    "s1_pass_a": false,
    "change_cd": "keep_fail",
    "변화": "유지 불충족"
   }
  },
  {
   "type": "Feature",
   "geometry": {
    "type": "Point",
    "coordinates": [
     194427.362,
     547090.514
    ]
   },
   "properties": {
    "pid": "여의도초등학교 운동장-2",
    "school": "여의도초등학교",
    "kind": "운동장 지반",
    "dong": "여의도초등학교 운동장",
    "floor": 0,
    "source": "분석지점도 격자(경계는 최대 내접 사각형으로 추정)",
    "z_m": 0.0,
    "s2_total_h": 3.33,
    "s2_cont_h": 3.33,
    "s2_pass_a": true,
    "s1_pass_a": true,
    "change_cd": "keep_ok",
    "변화": "유지 충족"
   }
  },
  {
   "type": "Feature",
   "geometry": {
    "type": "Point",
    "coordinates": [
     194423.514,
     547095.439
    ]
   },
   "properties": {
    "pid": "여의도초등학교 운동장-3",
    "school": "여의도초등학교",
    "kind": "운동장 지반",
    "dong": "여의도초등학교 운동장",
    "floor": 0,
    "source": "분석지점도 격자(경계는 최대 내접 사각형으로 추정)",
    "z_m": 0.0,
    "s2_total_h": 3.33,
    "s2_cont_h": 3.33,
    "s2_pass_a": true,
    "s1_pass_a": true,
    "change_cd": "keep_ok",
    "변화": "유지 충족"
   }
  },
  {
   "type": "Feature",
   "geometry": {
    "type": "Point",
    "coordinates": [
     194419.666,
     547100.364
    ]
   },
   "properties": {
    "pid": "여의도초등학교 운동장-4",
    "school": "여의도초등학교",
    "kind": "운동장 지반",
    "dong": "여의도초등학교 운동장",
    "floor": 0,
    "source": "분석지점도 격자(경계는 최대 내접 사각형으로 추정)",
    "z_m": 0.0,
    "s2_total_h": 3.33,
    "s2_cont_h": 3.33,
    "s2_pass_a": true,
    "s1_pass_a": true,
    "change_cd": "keep_ok",
    "변화": "유지 충족"
   }
  },
  {
   "type": "Feature",
   "geometry": {
    "type": "Point",
    "coordinates": [
     194415.819,
     547105.289
    ]
   },
   "properties": {
    "pid": "여의도초등학교 운동장-5",
    "school": "여의도초등학교",
    "kind": "운동장 지반",
    "dong": "여의도초등학교 운동장",
    "floor": 0,
    "source": "분석지점도 격자(경계는 최대 내접 사각형으로 추정)",
    "z_m": 0.0,
    "s2_total_h": 3.33,
    "s2_cont_h": 3.33,
    "s2_pass_a": true,
    "s1_pass_a": true,
    "change_cd": "keep_ok",
    "변화": "유지 충족"
   }
  },
  {
   "type": "Feature",
   "geometry": {
    "type": "Point",
    "coordinates": [
     194411.971,
     547110.214
    ]
   },
   "properties": {
    "pid": "여의도초등학교 운동장-6",
    "school": "여의도초등학교",
    "kind": "운동장 지반",
    "dong": "여의도초등학교 운동장",
    "floor": 0,
    "source": "분석지점도 격자(경계는 최대 내접 사각형으로 추정)",
    "z_m": 0.0,
    "s2_total_h": 3.0,
    "s2_cont_h": 3.0,
    "s2_pass_a": true,
    "s1_pass_a": true,
    "change_cd": "keep_ok",
    "변화": "유지 충족"
   }
  },
  {
   "type": "Feature",
   "geometry": {
    "type": "Point",
    "coordinates": [
     194408.123,
     547115.139
    ]
   },
   "properties": {
    "pid": "여의도초등학교 운동장-7",
    "school": "여의도초등학교",
    "kind": "운동장 지반",
    "dong": "여의도초등학교 운동장",
    "floor": 0,
    "source": "분석지점도 격자(경계는 최대 내접 사각형으로 추정)",
    "z_m": 0.0,
    "s2_total_h": 2.83,
    "s2_cont_h": 2.83,
    "s2_pass_a": true,
    "s1_pass_a": true,
    "change_cd": "keep_ok",
    "변화": "유지 충족"
   }
  },
  {
   "type": "Feature",
   "geometry": {
    "type": "Point",
    "coordinates": [
     194404.275,
     547120.064
    ]
   },
   "properties": {
    "pid": "여의도초등학교 운동장-8",
    "school": "여의도초등학교",
    "kind": "운동장 지반",
    "dong": "여의도초등학교 운동장",
    "floor": 0,
    "source": "분석지점도 격자(경계는 최대 내접 사각형으로 추정)",
    "z_m": 0.0,
    "s2_total_h": 2.83,
    "s2_cont_h": 2.83,
    "s2_pass_a": true,
    "s1_pass_a": true,
    "change_cd": "keep_ok",
    "변화": "유지 충족"
   }
  },
  {
   "type": "Feature",
   "geometry": {
    "type": "Point",
    "coordinates": [
     194435.938,
     547089.282
    ]
   },
   "properties": {
    "pid": "여의도초등학교 운동장-9",
    "school": "여의도초등학교",
    "kind": "운동장 지반",
    "dong": "여의도초등학교 운동장",
    "floor": 0,
    "source": "분석지점도 격자(경계는 최대 내접 사각형으로 추정)",
    "z_m": 0.0,
    "s2_total_h": 4.33,
    "s2_cont_h": 4.33,
    "s2_pass_a": true,
    "s1_pass_a": true,
    "change_cd": "keep_ok",
    "변화": "유지 충족"
   }
  },
  {
   "type": "Feature",
   "geometry": {
    "type": "Point",
    "coordinates": [
     194432.09,
     547094.207
    ]
   },
   "properties": {
    "pid": "여의도초등학교 운동장-10",
    "school": "여의도초등학교",
    "kind": "운동장 지반",
    "dong": "여의도초등학교 운동장",
    "floor": 0,
    "source": "분석지점도 격자(경계는 최대 내접 사각형으로 추정)",
    "z_m": 0.0,
    "s2_total_h": 4.33,
    "s2_cont_h": 4.33,
    "s2_pass_a": true,
    "s1_pass_a": true,
    "change_cd": "keep_ok",
    "변화": "유지 충족"
   }
  },
  {
   "type": "Feature",
   "geometry": {
    "type": "Point",
    "coordinates": [
     194428.242,
     547099.133
    ]
   },
   "properties": {
    "pid": "여의도초등학교 운동장-11",
    "school": "여의도초등학교",
    "kind": "운동장 지반",
    "dong": "여의도초등학교 운동장",
    "floor": 0,
    "source": "분석지점도 격자(경계는 최대 내접 사각형으로 추정)",
    "z_m": 0.0,
    "s2_total_h": 4.33,
    "s2_cont_h": 4.33,
    "s2_pass_a": true,
    "s1_pass_a": true,
    "change_cd": "keep_ok",
    "변화": "유지 충족"
   }
  },
  {
   "type": "Feature",
   "geometry": {
    "type": "Point",
    "coordinates": [
     194424.395,
     547104.058
    ]
   },
   "properties": {
    "pid": "여의도초등학교 운동장-12",
    "school": "여의도초등학교",
    "kind": "운동장 지반",
    "dong": "여의도초등학교 운동장",
    "floor": 0,
    "source": "분석지점도 격자(경계는 최대 내접 사각형으로 추정)",
    "z_m": 0.0,
    "s2_total_h": 4.33,
    "s2_cont_h": 4.33,
    "s2_pass_a": true,
    "s1_pass_a": true,
    "change_cd": "keep_ok",
    "변화": "유지 충족"
   }
  },
  {
   "type": "Feature",
   "geometry": {
    "type": "Point",
    "coordinates": [
     194420.547,
     547108.983
    ]
   },
   "properties": {
    "pid": "여의도초등학교 운동장-13",
    "school": "여의도초등학교",
    "kind": "운동장 지반",
    "dong": "여의도초등학교 운동장",
    "floor": 0,
    "source": "분석지점도 격자(경계는 최대 내접 사각형으로 추정)",
    "z_m": 0.0,
    "s2_total_h": 4.17,
    "s2_cont_h": 4.17,
    "s2_pass_a": true,
    "s1_pass_a": true,
    "change_cd": "keep_ok",
    "변화": "유지 충족"
   }
  },
  {
   "type": "Feature",
   "geometry": {
    "type": "Point",
    "coordinates": [
     194416.699,
     547113.908
    ]
   },
   "properties": {
    "pid": "여의도초등학교 운동장-14",
    "school": "여의도초등학교",
    "kind": "운동장 지반",
    "dong": "여의도초등학교 운동장",
    "floor": 0,
    "source": "분석지점도 격자(경계는 최대 내접 사각형으로 추정)",
    "z_m": 0.0,
    "s2_total_h": 3.83,
    "s2_cont_h": 3.83,
    "s2_pass_a": true,
    "s1_pass_a": true,
    "change_cd": "keep_ok",
    "변화": "유지 충족"
   }
  },
  {
   "type": "Feature",
   "geometry": {
    "type": "Point",
    "coordinates": [
     194412.851,
     547118.833
    ]
   },
   "properties": {
    "pid": "여의도초등학교 운동장-15",
    "school": "여의도초등학교",
    "kind": "운동장 지반",
    "dong": "여의도초등학교 운동장",
    "floor": 0,
    "source": "분석지점도 격자(경계는 최대 내접 사각형으로 추정)",
    "z_m": 0.0,
    "s2_total_h": 3.67,
    "s2_cont_h": 3.67,
    "s2_pass_a": true,
    "s1_pass_a": true,
    "change_cd": "keep_ok",
    "변화": "유지 충족"
   }
  },
  {
   "type": "Feature",
   "geometry": {
    "type": "Point",
    "coordinates": [
     194409.003,
     547123.758
    ]
   },
   "properties": {
    "pid": "여의도초등학교 운동장-16",
    "school": "여의도초등학교",
    "kind": "운동장 지반",
    "dong": "여의도초등학교 운동장",
    "floor": 0,
    "source": "분석지점도 격자(경계는 최대 내접 사각형으로 추정)",
    "z_m": 0.0,
    "s2_total_h": 4.33,
    "s2_cont_h": 4.33,
    "s2_pass_a": true,
    "s1_pass_a": true,
    "change_cd": "keep_ok",
    "변화": "유지 충족"
   }
  },
  {
   "type": "Feature",
   "geometry": {
    "type": "Point",
    "coordinates": [
     194440.666,
     547092.976
    ]
   },
   "properties": {
    "pid": "여의도초등학교 운동장-17",
    "school": "여의도초등학교",
    "kind": "운동장 지반",
    "dong": "여의도초등학교 운동장",
    "floor": 0,
    "source": "분석지점도 격자(경계는 최대 내접 사각형으로 추정)",
    "z_m": 0.0,
    "s2_total_h": 5.17,
    "s2_cont_h": 5.17,
    "s2_pass_a": true,
    "s1_pass_a": true,
    "change_cd": "keep_ok",
    "변화": "유지 충족"
   }
  },
  {
   "type": "Feature",
   "geometry": {
    "type": "Point",
    "coordinates": [
     194436.818,
     547097.901
    ]
   },
   "properties": {
    "pid": "여의도초등학교 운동장-18",
    "school": "여의도초등학교",
    "kind": "운동장 지반",
    "dong": "여의도초등학교 운동장",
    "floor": 0,
    "source": "분석지점도 격자(경계는 최대 내접 사각형으로 추정)",
    "z_m": 0.0,
    "s2_total_h": 5.17,
    "s2_cont_h": 5.17,
    "s2_pass_a": true,
    "s1_pass_a": true,
    "change_cd": "keep_ok",
    "변화": "유지 충족"
   }
  },
  {
   "type": "Feature",
   "geometry": {
    "type": "Point",
    "coordinates": [
     194432.97,
     547102.827
    ]
   },
   "properties": {
    "pid": "여의도초등학교 운동장-19",
    "school": "여의도초등학교",
    "kind": "운동장 지반",
    "dong": "여의도초등학교 운동장",
    "floor": 0,
    "source": "분석지점도 격자(경계는 최대 내접 사각형으로 추정)",
    "z_m": 0.0,
    "s2_total_h": 5.17,
    "s2_cont_h": 5.17,
    "s2_pass_a": true,
    "s1_pass_a": true,
    "change_cd": "keep_ok",
    "변화": "유지 충족"
   }
  },
  {
   "type": "Feature",
   "geometry": {
    "type": "Point",
    "coordinates": [
     194429.123,
     547107.752
    ]
   },
   "properties": {
    "pid": "여의도초등학교 운동장-20",
    "school": "여의도초등학교",
    "kind": "운동장 지반",
    "dong": "여의도초등학교 운동장",
    "floor": 0,
    "source": "분석지점도 격자(경계는 최대 내접 사각형으로 추정)",
    "z_m": 0.0,
    "s2_total_h": 5.17,
    "s2_cont_h": 5.17,
    "s2_pass_a": true,
    "s1_pass_a": true,
    "change_cd": "keep_ok",
    "변화": "유지 충족"
   }
  },
  {
   "type": "Feature",
   "geometry": {
    "type": "Point",
    "coordinates": [
     194425.275,
     547112.677
    ]
   },
   "properties": {
    "pid": "여의도초등학교 운동장-21",
    "school": "여의도초등학교",
    "kind": "운동장 지반",
    "dong": "여의도초등학교 운동장",
    "floor": 0,
    "source": "분석지점도 격자(경계는 최대 내접 사각형으로 추정)",
    "z_m": 0.0,
    "s2_total_h": 4.83,
    "s2_cont_h": 4.83,
    "s2_pass_a": true,
    "s1_pass_a": true,
    "change_cd": "keep_ok",
    "변화": "유지 충족"
   }
  },
  {
   "type": "Feature",
   "geometry": {
    "type": "Point",
    "coordinates": [
     194421.427,
     547117.602
    ]
   },
   "properties": {
    "pid": "여의도초등학교 운동장-22",
    "school": "여의도초등학교",
    "kind": "운동장 지반",
    "dong": "여의도초등학교 운동장",
    "floor": 0,
    "source": "분석지점도 격자(경계는 최대 내접 사각형으로 추정)",
    "z_m": 0.0,
    "s2_total_h": 4.67,
    "s2_cont_h": 4.67,
    "s2_pass_a": true,
    "s1_pass_a": true,
    "change_cd": "keep_ok",
    "변화": "유지 충족"
   }
  },
  {
   "type": "Feature",
   "geometry": {
    "type": "Point",
    "coordinates": [
     194417.579,
     547122.527
    ]
   },
   "properties": {
    "pid": "여의도초등학교 운동장-23",
    "school": "여의도초등학교",
    "kind": "운동장 지반",
    "dong": "여의도초등학교 운동장",
    "floor": 0,
    "source": "분석지점도 격자(경계는 최대 내접 사각형으로 추정)",
    "z_m": 0.0,
    "s2_total_h": 5.17,
    "s2_cont_h": 5.17,
    "s2_pass_a": true,
    "s1_pass_a": true,
    "change_cd": "keep_ok",
    "변화": "유지 충족"
   }
  },
  {
   "type": "Feature",
   "geometry": {
    "type": "Point",
    "coordinates": [
     194413.731,
     547127.452
    ]
   },
   "properties": {
    "pid": "여의도초등학교 운동장-24",
    "school": "여의도초등학교",
    "kind": "운동장 지반",
    "dong": "여의도초등학교 운동장",
    "floor": 0,
    "source": "분석지점도 격자(경계는 최대 내접 사각형으로 추정)",
    "z_m": 0.0,
    "s2_total_h": 5.17,
    "s2_cont_h": 5.17,
    "s2_pass_a": true,
    "s1_pass_a": true,
    "change_cd": "keep_ok",
    "변화": "유지 충족"
   }
  },
  {
   "type": "Feature",
   "geometry": {
    "type": "Point",
    "coordinates": [
     194445.394,
     547096.67
    ]
   },
   "properties": {
    "pid": "여의도초등학교 운동장-25",
    "school": "여의도초등학교",
    "kind": "운동장 지반",
    "dong": "여의도초등학교 운동장",
    "floor": 0,
    "source": "분석지점도 격자(경계는 최대 내접 사각형으로 추정)",
    "z_m": 0.0,
    "s2_total_h": 5.83,
    "s2_cont_h": 5.83,
    "s2_pass_a": true,
    "s1_pass_a": true,
    "change_cd": "keep_ok",
    "변화": "유지 충족"
   }
  },
  {
   "type": "Feature",
   "geometry": {
    "type": "Point",
    "coordinates": [
     194441.546,
     547101.595
    ]
   },
   "properties": {
    "pid": "여의도초등학교 운동장-26",
    "school": "여의도초등학교",
    "kind": "운동장 지반",
    "dong": "여의도초등학교 운동장",
    "floor": 0,
    "source": "분석지점도 격자(경계는 최대 내접 사각형으로 추정)",
    "z_m": 0.0,
    "s2_total_h": 5.83,
    "s2_cont_h": 5.83,
    "s2_pass_a": true,
    "s1_pass_a": true,
    "change_cd": "keep_ok",
    "변화": "유지 충족"
   }
  },
  {
   "type": "Feature",
   "geometry": {
    "type": "Point",
    "coordinates": [
     194437.699,
     547106.52
    ]
   },
   "properties": {
    "pid": "여의도초등학교 운동장-27",
    "school": "여의도초등학교",
    "kind": "운동장 지반",
    "dong": "여의도초등학교 운동장",
    "floor": 0,
    "source": "분석지점도 격자(경계는 최대 내접 사각형으로 추정)",
    "z_m": 0.0,
    "s2_total_h": 5.83,
    "s2_cont_h": 5.83,
    "s2_pass_a": true,
    "s1_pass_a": true,
    "change_cd": "keep_ok",
    "변화": "유지 충족"
   }
  },
  {
   "type": "Feature",
   "geometry": {
    "type": "Point",
    "coordinates": [
     194433.851,
     547111.446
    ]
   },
   "properties": {
    "pid": "여의도초등학교 운동장-28",
    "school": "여의도초등학교",
    "kind": "운동장 지반",
    "dong": "여의도초등학교 운동장",
    "floor": 0,
    "source": "분석지점도 격자(경계는 최대 내접 사각형으로 추정)",
    "z_m": 0.0,
    "s2_total_h": 5.83,
    "s2_cont_h": 5.83,
    "s2_pass_a": true,
    "s1_pass_a": true,
    "change_cd": "keep_ok",
    "변화": "유지 충족"
   }
  },
  {
   "type": "Feature",
   "geometry": {
    "type": "Point",
    "coordinates": [
     194430.003,
     547116.371
    ]
   },
   "properties": {
    "pid": "여의도초등학교 운동장-29",
    "school": "여의도초등학교",
    "kind": "운동장 지반",
    "dong": "여의도초등학교 운동장",
    "floor": 0,
    "source": "분석지점도 격자(경계는 최대 내접 사각형으로 추정)",
    "z_m": 0.0,
    "s2_total_h": 5.5,
    "s2_cont_h": 5.5,
    "s2_pass_a": true,
    "s1_pass_a": true,
    "change_cd": "keep_ok",
    "변화": "유지 충족"
   }
  },
  {
   "type": "Feature",
   "geometry": {
    "type": "Point",
    "coordinates": [
     194426.155,
     547121.296
    ]
   },
   "properties": {
    "pid": "여의도초등학교 운동장-30",
    "school": "여의도초등학교",
    "kind": "운동장 지반",
    "dong": "여의도초등학교 운동장",
    "floor": 0,
    "source": "분석지점도 격자(경계는 최대 내접 사각형으로 추정)",
    "z_m": 0.0,
    "s2_total_h": 5.67,
    "s2_cont_h": 5.5,
    "s2_pass_a": true,
    "s1_pass_a": true,
    "change_cd": "keep_ok",
    "변화": "유지 충족"
   }
  },
  {
   "type": "Feature",
   "geometry": {
    "type": "Point",
    "coordinates": [
     194422.307,
     547126.221
    ]
   },
   "properties": {
    "pid": "여의도초등학교 운동장-31",
    "school": "여의도초등학교",
    "kind": "운동장 지반",
    "dong": "여의도초등학교 운동장",
    "floor": 0,
    "source": "분석지점도 격자(경계는 최대 내접 사각형으로 추정)",
    "z_m": 0.0,
    "s2_total_h": 5.83,
    "s2_cont_h": 5.83,
    "s2_pass_a": true,
    "s1_pass_a": true,
    "change_cd": "keep_ok",
    "변화": "유지 충족"
   }
  },
  {
   "type": "Feature",
   "geometry": {
    "type": "Point",
    "coordinates": [
     194418.459,
     547131.146
    ]
   },
   "properties": {
    "pid": "여의도초등학교 운동장-32",
    "school": "여의도초등학교",
    "kind": "운동장 지반",
    "dong": "여의도초등학교 운동장",
    "floor": 0,
    "source": "분석지점도 격자(경계는 최대 내접 사각형으로 추정)",
    "z_m": 0.0,
    "s2_total_h": 5.83,
    "s2_cont_h": 5.83,
    "s2_pass_a": true,
    "s1_pass_a": true,
    "change_cd": "keep_ok",
    "변화": "유지 충족"
   }
  },
  {
   "type": "Feature",
   "geometry": {
    "type": "Point",
    "coordinates": [
     194450.122,
     547100.364
    ]
   },
   "properties": {
    "pid": "여의도초등학교 운동장-33",
    "school": "여의도초등학교",
    "kind": "운동장 지반",
    "dong": "여의도초등학교 운동장",
    "floor": 0,
    "source": "분석지점도 격자(경계는 최대 내접 사각형으로 추정)",
    "z_m": 0.0,
    "s2_total_h": 6.33,
    "s2_cont_h": 6.33,
    "s2_pass_a": true,
    "s1_pass_a": true,
    "change_cd": "keep_ok",
    "변화": "유지 충족"
   }
  },
  {
   "type": "Feature",
   "geometry": {
    "type": "Point",
    "coordinates": [
     194446.274,
     547105.289
    ]
   },
   "properties": {
    "pid": "여의도초등학교 운동장-34",
    "school": "여의도초등학교",
    "kind": "운동장 지반",
    "dong": "여의도초등학교 운동장",
    "floor": 0,
    "source": "분석지점도 격자(경계는 최대 내접 사각형으로 추정)",
    "z_m": 0.0,
    "s2_total_h": 6.33,
    "s2_cont_h": 6.33,
    "s2_pass_a": true,
    "s1_pass_a": true,
    "change_cd": "keep_ok",
    "변화": "유지 충족"
   }
  },
  {
   "type": "Feature",
   "geometry": {
    "type": "Point",
    "coordinates": [
     194442.427,
     547110.214
    ]
   },
   "properties": {
    "pid": "여의도초등학교 운동장-35",
    "school": "여의도초등학교",
    "kind": "운동장 지반",
    "dong": "여의도초등학교 운동장",
    "floor": 0,
    "source": "분석지점도 격자(경계는 최대 내접 사각형으로 추정)",
    "z_m": 0.0,
    "s2_total_h": 6.33,
    "s2_cont_h": 6.33,
    "s2_pass_a": true,
    "s1_pass_a": true,
    "change_cd": "keep_ok",
    "변화": "유지 충족"
   }
  },
  {
   "type": "Feature",
   "geometry": {
    "type": "Point",
    "coordinates": [
     194438.579,
     547115.14
    ]
   },
   "properties": {
    "pid": "여의도초등학교 운동장-36",
    "school": "여의도초등학교",
    "kind": "운동장 지반",
    "dong": "여의도초등학교 운동장",
    "floor": 0,
    "source": "분석지점도 격자(경계는 최대 내접 사각형으로 추정)",
    "z_m": 0.0,
    "s2_total_h": 6.33,
    "s2_cont_h": 6.33,
    "s2_pass_a": true,
    "s1_pass_a": true,
    "change_cd": "keep_ok",
    "변화": "유지 충족"
   }
  },
  {
   "type": "Feature",
   "geometry": {
    "type": "Point",
    "coordinates": [
     194434.731,
     547120.065
    ]
   },
   "properties": {
    "pid": "여의도초등학교 운동장-37",
    "school": "여의도초등학교",
    "kind": "운동장 지반",
    "dong": "여의도초등학교 운동장",
    "floor": 0,
    "source": "분석지점도 격자(경계는 최대 내접 사각형으로 추정)",
    "z_m": 0.0,
    "s2_total_h": 6.17,
    "s2_cont_h": 6.17,
    "s2_pass_a": true,
    "s1_pass_a": true,
    "change_cd": "keep_ok",
    "변화": "유지 충족"
   }
  },
  {
   "type": "Feature",
   "geometry": {
    "type": "Point",
    "coordinates": [
     194430.883,
     547124.99
    ]
   },
   "properties": {
    "pid": "여의도초등학교 운동장-38",
    "school": "여의도초등학교",
    "kind": "운동장 지반",
    "dong": "여의도초등학교 운동장",
    "floor": 0,
    "source": "분석지점도 격자(경계는 최대 내접 사각형으로 추정)",
    "z_m": 0.0,
    "s2_total_h": 6.5,
    "s2_cont_h": 6.5,
    "s2_pass_a": true,
    "s1_pass_a": true,
    "change_cd": "keep_ok",
    "변화": "유지 충족"
   }
  },
  {
   "type": "Feature",
   "geometry": {
    "type": "Point",
    "coordinates": [
     194427.035,
     547129.915
    ]
   },
   "properties": {
    "pid": "여의도초등학교 운동장-39",
    "school": "여의도초등학교",
    "kind": "운동장 지반",
    "dong": "여의도초등학교 운동장",
    "floor": 0,
    "source": "분석지점도 격자(경계는 최대 내접 사각형으로 추정)",
    "z_m": 0.0,
    "s2_total_h": 6.5,
    "s2_cont_h": 6.5,
    "s2_pass_a": true,
    "s1_pass_a": true,
    "change_cd": "keep_ok",
    "변화": "유지 충족"
   }
  },
  {
   "type": "Feature",
   "geometry": {
    "type": "Point",
    "coordinates": [
     194423.187,
     547134.84
    ]
   },
   "properties": {
    "pid": "여의도초등학교 운동장-40",
    "school": "여의도초등학교",
    "kind": "운동장 지반",
    "dong": "여의도초등학교 운동장",
    "floor": 0,
    "source": "분석지점도 격자(경계는 최대 내접 사각형으로 추정)",
    "z_m": 0.0,
    "s2_total_h": 6.5,
    "s2_cont_h": 6.5,
    "s2_pass_a": true,
    "s1_pass_a": true,
    "change_cd": "keep_ok",
    "변화": "유지 충족"
   }
  },
  {
   "type": "Feature",
   "geometry": {
    "type": "Point",
    "coordinates": [
     194454.85,
     547104.058
    ]
   },
   "properties": {
    "pid": "여의도초등학교 운동장-41",
    "school": "여의도초등학교",
    "kind": "운동장 지반",
    "dong": "여의도초등학교 운동장",
    "floor": 0,
    "source": "분석지점도 격자(경계는 최대 내접 사각형으로 추정)",
    "z_m": 0.0,
    "s2_total_h": 6.83,
    "s2_cont_h": 6.83,
    "s2_pass_a": true,
    "s1_pass_a": true,
    "change_cd": "keep_ok",
    "변화": "유지 충족"
   }
  },
  {
   "type": "Feature",
   "geometry": {
    "type": "Point",
    "coordinates": [
     194451.003,
     547108.983
    ]
   },
   "properties": {
    "pid": "여의도초등학교 운동장-42",
    "school": "여의도초등학교",
    "kind": "운동장 지반",
    "dong": "여의도초등학교 운동장",
    "floor": 0,
    "source": "분석지점도 격자(경계는 최대 내접 사각형으로 추정)",
    "z_m": 0.0,
    "s2_total_h": 6.83,
    "s2_cont_h": 6.83,
    "s2_pass_a": true,
    "s1_pass_a": true,
    "change_cd": "keep_ok",
    "변화": "유지 충족"
   }
  },
  {
   "type": "Feature",
   "geometry": {
    "type": "Point",
    "coordinates": [
     194447.155,
     547113.908
    ]
   },
   "properties": {
    "pid": "여의도초등학교 운동장-43",
    "school": "여의도초등학교",
    "kind": "운동장 지반",
    "dong": "여의도초등학교 운동장",
    "floor": 0,
    "source": "분석지점도 격자(경계는 최대 내접 사각형으로 추정)",
    "z_m": 0.0,
    "s2_total_h": 6.83,
    "s2_cont_h": 6.83,
    "s2_pass_a": true,
    "s1_pass_a": true,
    "change_cd": "keep_ok",
    "변화": "유지 충족"
   }
  },
  {
   "type": "Feature",
   "geometry": {
    "type": "Point",
    "coordinates": [
     194443.307,
     547118.834
    ]
   },
   "properties": {
    "pid": "여의도초등학교 운동장-44",
    "school": "여의도초등학교",
    "kind": "운동장 지반",
    "dong": "여의도초등학교 운동장",
    "floor": 0,
    "source": "분석지점도 격자(경계는 최대 내접 사각형으로 추정)",
    "z_m": 0.0,
    "s2_total_h": 6.67,
    "s2_cont_h": 6.67,
    "s2_pass_a": true,
    "s1_pass_a": true,
    "change_cd": "keep_ok",
    "변화": "유지 충족"
   }
  },
  {
   "type": "Feature",
   "geometry": {
    "type": "Point",
    "coordinates": [
     194439.459,
     547123.759
    ]
   },
   "properties": {
    "pid": "여의도초등학교 운동장-45",
    "school": "여의도초등학교",
    "kind": "운동장 지반",
    "dong": "여의도초등학교 운동장",
    "floor": 0,
    "source": "분석지점도 격자(경계는 최대 내접 사각형으로 추정)",
    "z_m": 0.0,
    "s2_total_h": 6.67,
    "s2_cont_h": 6.67,
    "s2_pass_a": true,
    "s1_pass_a": true,
    "change_cd": "keep_ok",
    "변화": "유지 충족"
   }
  },
  {
   "type": "Feature",
   "geometry": {
    "type": "Point",
    "coordinates": [
     194435.611,
     547128.684
    ]
   },
   "properties": {
    "pid": "여의도초등학교 운동장-46",
    "school": "여의도초등학교",
    "kind": "운동장 지반",
    "dong": "여의도초등학교 운동장",
    "floor": 0,
    "source": "분석지점도 격자(경계는 최대 내접 사각형으로 추정)",
    "z_m": 0.0,
    "s2_total_h": 6.83,
    "s2_cont_h": 6.83,
    "s2_pass_a": true,
    "s1_pass_a": true,
    "change_cd": "keep_ok",
    "변화": "유지 충족"
   }
  },
  {
   "type": "Feature",
   "geometry": {
    "type": "Point",
    "coordinates": [
     194431.763,
     547133.609
    ]
   },
   "properties": {
    "pid": "여의도초등학교 운동장-47",
    "school": "여의도초등학교",
    "kind": "운동장 지반",
    "dong": "여의도초등학교 운동장",
    "floor": 0,
    "source": "분석지점도 격자(경계는 최대 내접 사각형으로 추정)",
    "z_m": 0.0,
    "s2_total_h": 6.67,
    "s2_cont_h": 6.67,
    "s2_pass_a": true,
    "s1_pass_a": true,
    "change_cd": "keep_ok",
    "변화": "유지 충족"
   }
  },
  {
   "type": "Feature",
   "geometry": {
    "type": "Point",
    "coordinates": [
     194427.915,
     547138.534
    ]
   },
   "properties": {
    "pid": "여의도초등학교 운동장-48",
    "school": "여의도초등학교",
    "kind": "운동장 지반",
    "dong": "여의도초등학교 운동장",
    "floor": 0,
    "source": "분석지점도 격자(경계는 최대 내접 사각형으로 추정)",
    "z_m": 0.0,
    "s2_total_h": 6.5,
    "s2_cont_h": 6.5,
    "s2_pass_a": true,
    "s1_pass_a": true,
    "change_cd": "keep_ok",
    "변화": "유지 충족"
   }
  },
  {
   "type": "Feature",
   "geometry": {
    "type": "Point",
    "coordinates": [
     194459.578,
     547107.752
    ]
   },
   "properties": {
    "pid": "여의도초등학교 운동장-49",
    "school": "여의도초등학교",
    "kind": "운동장 지반",
    "dong": "여의도초등학교 운동장",
    "floor": 0,
    "source": "분석지점도 격자(경계는 최대 내접 사각형으로 추정)",
    "z_m": 0.0,
    "s2_total_h": 7.17,
    "s2_cont_h": 7.17,
    "s2_pass_a": true,
    "s1_pass_a": true,
    "change_cd": "keep_ok",
    "변화": "유지 충족"
   }
  },
  {
   "type": "Feature",
   "geometry": {
    "type": "Point",
    "coordinates": [
     194455.731,
     547112.677
    ]
   },
   "properties": {
    "pid": "여의도초등학교 운동장-50",
    "school": "여의도초등학교",
    "kind": "운동장 지반",
    "dong": "여의도초등학교 운동장",
    "floor": 0,
    "source": "분석지점도 격자(경계는 최대 내접 사각형으로 추정)",
    "z_m": 0.0,
    "s2_total_h": 7.17,
    "s2_cont_h": 7.17,
    "s2_pass_a": true,
    "s1_pass_a": true,
    "change_cd": "keep_ok",
    "변화": "유지 충족"
   }
  },
  {
   "type": "Feature",
   "geometry": {
    "type": "Point",
    "coordinates": [
     194451.883,
     547117.602
    ]
   },
   "properties": {
    "pid": "여의도초등학교 운동장-51",
    "school": "여의도초등학교",
    "kind": "운동장 지반",
    "dong": "여의도초등학교 운동장",
    "floor": 0,
    "source": "분석지점도 격자(경계는 최대 내접 사각형으로 추정)",
    "z_m": 0.0,
    "s2_total_h": 7.17,
    "s2_cont_h": 7.17,
    "s2_pass_a": true,
    "s1_pass_a": true,
    "change_cd": "keep_ok",
    "변화": "유지 충족"
   }
  },
  {
   "type": "Feature",
   "geometry": {
    "type": "Point",
    "coordinates": [
     194448.035,
     547122.527
    ]
   },
   "properties": {
    "pid": "여의도초등학교 운동장-52",
    "school": "여의도초등학교",
    "kind": "운동장 지반",
    "dong": "여의도초등학교 운동장",
    "floor": 0,
    "source": "분석지점도 격자(경계는 최대 내접 사각형으로 추정)",
    "z_m": 0.0,
    "s2_total_h": 7.0,
    "s2_cont_h": 7.0,
    "s2_pass_a": true,
    "s1_pass_a": true,
    "change_cd": "keep_ok",
    "변화": "유지 충족"
   }
  },
  {
   "type": "Feature",
   "geometry": {
    "type": "Point",
    "coordinates": [
     194444.187,
     547127.453
    ]
   },
   "properties": {
    "pid": "여의도초등학교 운동장-53",
    "school": "여의도초등학교",
    "kind": "운동장 지반",
    "dong": "여의도초등학교 운동장",
    "floor": 0,
    "source": "분석지점도 격자(경계는 최대 내접 사각형으로 추정)",
    "z_m": 0.0,
    "s2_total_h": 7.0,
    "s2_cont_h": 7.0,
    "s2_pass_a": true,
    "s1_pass_a": true,
    "change_cd": "keep_ok",
    "변화": "유지 충족"
   }
  },
  {
   "type": "Feature",
   "geometry": {
    "type": "Point",
    "coordinates": [
     194440.339,
     547132.378
    ]
   },
   "properties": {
    "pid": "여의도초등학교 운동장-54",
    "school": "여의도초등학교",
    "kind": "운동장 지반",
    "dong": "여의도초등학교 운동장",
    "floor": 0,
    "source": "분석지점도 격자(경계는 최대 내접 사각형으로 추정)",
    "z_m": 0.0,
    "s2_total_h": 6.83,
    "s2_cont_h": 6.83,
    "s2_pass_a": true,
    "s1_pass_a": true,
    "change_cd": "keep_ok",
    "변화": "유지 충족"
   }
  },
  {
   "type": "Feature",
   "geometry": {
    "type": "Point",
    "coordinates": [
     194436.491,
     547137.303
    ]
   },
   "properties": {
    "pid": "여의도초등학교 운동장-55",
    "school": "여의도초등학교",
    "kind": "운동장 지반",
    "dong": "여의도초등학교 운동장",
    "floor": 0,
    "source": "분석지점도 격자(경계는 최대 내접 사각형으로 추정)",
    "z_m": 0.0,
    "s2_total_h": 6.67,
    "s2_cont_h": 6.67,
    "s2_pass_a": true,
    "s1_pass_a": true,
    "change_cd": "keep_ok",
    "변화": "유지 충족"
   }
  },
  {
   "type": "Feature",
   "geometry": {
    "type": "Point",
    "coordinates": [
     194432.643,
     547142.228
    ]
   },
   "properties": {
    "pid": "여의도초등학교 운동장-56",
    "school": "여의도초등학교",
    "kind": "운동장 지반",
    "dong": "여의도초등학교 운동장",
    "floor": 0,
    "source": "분석지점도 격자(경계는 최대 내접 사각형으로 추정)",
    "z_m": 0.0,
    "s2_total_h": 6.67,
    "s2_cont_h": 6.67,
    "s2_pass_a": true,
    "s1_pass_a": true,
    "change_cd": "keep_ok",
    "변화": "유지 충족"
   }
  },
  {
   "type": "Feature",
   "geometry": {
    "type": "Point",
    "coordinates": [
     194464.307,
     547111.446
    ]
   },
   "properties": {
    "pid": "여의도초등학교 운동장-57",
    "school": "여의도초등학교",
    "kind": "운동장 지반",
    "dong": "여의도초등학교 운동장",
    "floor": 0,
    "source": "분석지점도 격자(경계는 최대 내접 사각형으로 추정)",
    "z_m": 0.0,
    "s2_total_h": 7.33,
    "s2_cont_h": 7.33,
    "s2_pass_a": true,
    "s1_pass_a": true,
    "change_cd": "keep_ok",
    "변화": "유지 충족"
   }
  },
  {
   "type": "Feature",
   "geometry": {
    "type": "Point",
    "coordinates": [
     194460.459,
     547116.371
    ]
   },
   "properties": {
    "pid": "여의도초등학교 운동장-58",
    "school": "여의도초등학교",
    "kind": "운동장 지반",
    "dong": "여의도초등학교 운동장",
    "floor": 0,
    "source": "분석지점도 격자(경계는 최대 내접 사각형으로 추정)",
    "z_m": 0.0,
    "s2_total_h": 7.33,
    "s2_cont_h": 7.33,
    "s2_pass_a": true,
    "s1_pass_a": true,
    "change_cd": "keep_ok",
    "변화": "유지 충족"
   }
  },
  {
   "type": "Feature",
   "geometry": {
    "type": "Point",
    "coordinates": [
     194456.611,
     547121.296
    ]
   },
   "properties": {
    "pid": "여의도초등학교 운동장-59",
    "school": "여의도초등학교",
    "kind": "운동장 지반",
    "dong": "여의도초등학교 운동장",
    "floor": 0,
    "source": "분석지점도 격자(경계는 최대 내접 사각형으로 추정)",
    "z_m": 0.0,
    "s2_total_h": 7.33,
    "s2_cont_h": 7.33,
    "s2_pass_a": true,
    "s1_pass_a": true,
    "change_cd": "keep_ok",
    "변화": "유지 충족"
   }
  },
  {
   "type": "Feature",
   "geometry": {
    "type": "Point",
    "coordinates": [
     194452.763,
     547126.221
    ]
   },
   "properties": {
    "pid": "여의도초등학교 운동장-60",
    "school": "여의도초등학교",
    "kind": "운동장 지반",
    "dong": "여의도초등학교 운동장",
    "floor": 0,
    "source": "분석지점도 격자(경계는 최대 내접 사각형으로 추정)",
    "z_m": 0.0,
    "s2_total_h": 7.17,
    "s2_cont_h": 7.17,
    "s2_pass_a": true,
    "s1_pass_a": true,
    "change_cd": "keep_ok",
    "변화": "유지 충족"
   }
  },
  {
   "type": "Feature",
   "geometry": {
    "type": "Point",
    "coordinates": [
     194448.915,
     547131.147
    ]
   },
   "properties": {
    "pid": "여의도초등학교 운동장-61",
    "school": "여의도초등학교",
    "kind": "운동장 지반",
    "dong": "여의도초등학교 운동장",
    "floor": 0,
    "source": "분석지점도 격자(경계는 최대 내접 사각형으로 추정)",
    "z_m": 0.0,
    "s2_total_h": 7.0,
    "s2_cont_h": 7.0,
    "s2_pass_a": true,
    "s1_pass_a": true,
    "change_cd": "keep_ok",
    "변화": "유지 충족"
   }
  },
  {
   "type": "Feature",
   "geometry": {
    "type": "Point",
    "coordinates": [
     194445.067,
     547136.072
    ]
   },
   "properties": {
    "pid": "여의도초등학교 운동장-62",
    "school": "여의도초등학교",
    "kind": "운동장 지반",
    "dong": "여의도초등학교 운동장",
    "floor": 0,
    "source": "분석지점도 격자(경계는 최대 내접 사각형으로 추정)",
    "z_m": 0.0,
    "s2_total_h": 6.83,
    "s2_cont_h": 6.83,
    "s2_pass_a": true,
    "s1_pass_a": true,
    "change_cd": "keep_ok",
    "변화": "유지 충족"
   }
  },
  {
   "type": "Feature",
   "geometry": {
    "type": "Point",
    "coordinates": [
     194441.219,
     547140.997
    ]
   },
   "properties": {
    "pid": "여의도초등학교 운동장-63",
    "school": "여의도초등학교",
    "kind": "운동장 지반",
    "dong": "여의도초등학교 운동장",
    "floor": 0,
    "source": "분석지점도 격자(경계는 최대 내접 사각형으로 추정)",
    "z_m": 0.0,
    "s2_total_h": 6.83,
    "s2_cont_h": 6.83,
    "s2_pass_a": true,
    "s1_pass_a": true,
    "change_cd": "keep_ok",
    "변화": "유지 충족"
   }
  },
  {
   "type": "Feature",
   "geometry": {
    "type": "Point",
    "coordinates": [
     194437.371,
     547145.922
    ]
   },
   "properties": {
    "pid": "여의도초등학교 운동장-64",
    "school": "여의도초등학교",
    "kind": "운동장 지반",
    "dong": "여의도초등학교 운동장",
    "floor": 0,
    "source": "분석지점도 격자(경계는 최대 내접 사각형으로 추정)",
    "z_m": 0.0,
    "s2_total_h": 6.67,
    "s2_cont_h": 6.67,
    "s2_pass_a": true,
    "s1_pass_a": true,
    "change_cd": "keep_ok",
    "변화": "유지 충족"
   }
  }
 ],
 "crs": {
  "type": "name",
  "properties": {
   "name": "urn:ogc:def:crs:EPSG::5186"
  }
 }
}