{
 "type": "FeatureCollection",
 "crs": {
  "type": "name",
  "properties": {
   "name": "urn:ogc:def:crs:EPSG::5186"
  }
 },
 "features": [
  {
   "type": "Feature",
   "geometry": {
    "type": "MultiPolygon",
    "coordinates": [
     [
      [
       [
        194129.512973403,
        547365.695991864
       ],
       [
        194141.203115704,
        547350.905301677
       ],
       [
        194143.913059143,
        547353.045327635
       ],
       [
        194150.203134932,
        547345.135493933
       ],
       [
        194147.563196068,
        547342.675471736
       ],
       [
        194168.663459886,
        547315.546034487
       ],
       [
        194174.123337448,
        547320.385082446
       ],
       [
        194185.842483847,
        547305.325394931
       ],
       [
        194180.192600775,
        547300.925340299
       ],
       [
        194195.779795472,
        547280.896755903
       ],
       [
        194195.912797135,
        547280.72575945
       ],
       [
        194196.131792594,
        547280.896761566
       ],
       [
        194199.022732803,
        547283.145789539
       ],
       [
        194200.766754765,
        547280.893836129
       ],
       [
        194209.942870316,
        547269.045081269
       ],
       [
        194208.50290008,
        547267.926067323
       ],
       [
        194209.44291187,
        547266.715092415
       ],
       [
        194207.662947144,
        547265.426074401
       ],
       [
        194213.553017863,
        547258.035229985
       ],
       [
        194224.782791176,
        547266.425341501
       ],
       [
        194225.03279444,
        547266.095348239
       ],
       [
        194230.15269101,
        547269.925399041
       ],
       [
        194243.242865453,
        547252.425753655
       ],
       [
        194208.092596358,
        547224.835415534
       ],
       [
        194194.572429619,
        547242.075056153
       ],
       [
        194199.333330554,
        547245.816101914
       ],
       [
        194199.003326657,
        547246.226093231
       ],
       [
        194204.60320646,
        547250.855145172
       ],
       [
        194181.093915328,
        547280.906519642
       ],
       [
        194120.223161574,
        547358.715899951
       ],
       [
        194121.203141986,
        547359.43590978
       ],
       [
        194121.453145892,
        547359.065916847
       ],
       [
        194128.942996071,
        547364.575991922
       ],
       [
        194128.612991373,
        547365.035982827
       ],
       [
        194129.512973403,
        547365.695991864
       ]
      ]
     ]
    ]
   },
   "properties": {
    "label": "여의도고등학교 ①(4층)",
    "kind": "교사동",
    "school": "여의도고등학교",
    "jibun": "30-1",
    "floors": 4,
    "receptors": 176,
    "S0_hours": 5.25,
    "S1_hours": 4.85,
    "S2_hours": 5.1,
    "S3_hours": 4.71,
    "S0_daegyo_h": 0.0,
    "S1_daegyo_h": 0.39,
    "S2_daegyo_h": 0.0,
    "S3_daegyo_h": 0.39,
    "S0_hwarang_h": 0.0,
    "S1_hwarang_h": 0.0,
    "S2_hwarang_h": 0.15,
    "S3_hwarang_h": 0.15
   }
  },
  {
   "type": "Feature",
   "geometry": {
    "type": "MultiPolygon",
    "coordinates": [
     [
      [
       [
        194232.2626342109,
        547272.3854127205
       ],
       [
        194214.1330012223,
        547258.7752332161
       ],
       [
        194209.5829411173,
        547264.8251102295
       ],
       [
        194224.21262891585,
        547276.80524686
       ],
       [
        194230.03260483174,
        547275.3453524815
       ],
       [
        194232.2626342109,
        547272.3854127205
       ]
      ]
     ]
    ]
   },
   "properties": {
    "label": "여의도고등학교 ②(1층)",
    "kind": "교사동",
    "school": "여의도고등학교",
    "jibun": "30-1",
    "floors": 1,
    "receptors": 6,
    "S0_hours": 0.22,
    "S1_hours": 0.22,
    "S2_hours": 0.22,
    "S3_hours": 0.22,
    "S0_daegyo_h": 0.0,
    "S1_daegyo_h": 0.0,
    "S2_daegyo_h": 0.0,
    "S3_daegyo_h": 0.0,
    "S0_hwarang_h": 0.0,
    "S1_hwarang_h": 0.0,
    "S2_hwarang_h": 0.0,
    "S3_hwarang_h": 0.0
   }
  },
  {
   "type": "Feature",
   "geometry": {
    "type": "MultiPolygon",
    "coordinates": [
     [
      [
       [
        194190.1627840415,
        547222.2751482679
       ],
       [
        194162.9633566828,
        547200.485890271
       ],
       [
        194153.0932311962,
        547213.3056259828
       ],
       [
        194163.47296885093,
        547224.3457020035
       ],
       [
        194179.0626520253,
        547236.1258557112
       ],
       [
        194190.1627840415,
        547222.2751482679
       ]
      ]
     ]
    ]
   },
   "properties": {
    "label": "여의도고등학교 ③(3층)",
    "kind": "교사동",
    "school": "여의도고등학교",
    "jibun": "30-1",
    "floors": 3,
    "receptors": 30,
    "S0_hours": 5.85,
    "S1_hours": 4.63,
    "S2_hours": 5.6,
    "S3_hours": 4.38,
    "S0_daegyo_h": 0.0,
    "S1_daegyo_h": 1.22,
    "S2_daegyo_h": 0.0,
    "S3_daegyo_h": 1.22,
    "S0_hwarang_h": 0.0,
    "S1_hwarang_h": 0.0,
    "S2_hwarang_h": 0.25,
    "S3_hwarang_h": 0.25
   }
  },
  {
   "type": "Feature",
   "geometry": {
    "type": "Polygon",
    "coordinates": [
     [
      [
       194093.13039492266,
       547413.4197130381
      ],
      [
       194094.03037695267,
       547414.0797220751
      ],
      [
       194098.8273335637,
       547417.2555836743
      ],
      [
       194103.9064010733,
       547419.9574280182
      ],
      [
       194109.22088466567,
       547422.1604154834
      ],
      [
       194114.7219252084,
       547423.8442927274
      ],
      [
       194120.35894844265,
       547424.9935788893
      ],
      [
       194126.08012994184,
       547425.5977079143
      ],
      [
       194126.25422202583,
       547425.5993244675
      ],
      [
       194135.81379160713,
       547416.3009016507
      ],
      [
       194137.14674998386,
       547415.0039839597
      ],
      [
       194137.22396143927,
       547414.9362222457
      ],
      [
       194137.30771738646,
       547414.8767394747
      ],
      [
       194137.3971339272,
       547414.8261633839
      ],
      [
       194137.49126742565,
       547414.7850277157
      ],
      [
       194137.5891244666,
       547414.7537665855
      ],
      [
       194137.68967233942,
       547414.7327099001
      ],
      [
       194137.79184993636,
       547414.7220798761
      ],
      [
       194137.89457895083,
       547414.721988695
      ],
      [
       194137.99677525696,
       547414.732437319
      ],
      [
       194138.09736035066,
       547414.7533154811
      ],
      [
       194138.41458476003,
       547414.8363630588
      ],
      [
       194138.4202242864,
       547414.765545773
      ],
      [
       194138.43701861953,
       547414.6709044009
      ],
      [
       194138.46282178003,
       547414.578312631
      ],
      [
       194139.6098680915,
       547411.1153595988
      ],
      [
       194139.6460800018,
       547411.0219847851
      ],
      [
       194139.69145012533,
       547410.9327003511
      ],
      [
       194139.74552339257,
       547410.8484018337
      ],
      [
       194139.80775744008,
       547410.7699347603
      ],
      [
       194139.87752805054,
       547410.6980861683
      ],
      [
       194139.95413541366,
       547410.6335767101
      ],
      [
       194140.0368111455,
       547410.5770534262
      ],
      [
       194140.12472599532,
       547410.5290832537
      ],
      [
       194140.21699816335,
       547410.4901473412
      ],
      [
       194140.31270214505,
       547410.460636222
      ],
      [
       194140.4108780144,
       547410.4408458974
      ],
      [
       194140.51054105186,
       547410.4309748674
      ],
      [
       194140.6106916214,
       547410.43112214
      ],
      [
       194140.71032519697,
       547410.4412862381
      ],
      [
       194140.80844243802,
       547410.4613652142
      ],
      [
       194140.9040592131,
       547410.4911576728
      ],
      [
       194148.59495090588,
       547413.3172580908
      ],
      [
       194148.68347486443,
       547413.3547086944
      ],
      [
       194148.76799429551,
       547413.4004853774
      ],
      [
       194148.8477283208,
       547413.4541652076
      ],
      [
       194148.92194027454,
       547413.5152522345
      ],
      [
       194148.9899445096,
       547413.583182073
      ],
      [
       194149.0511127322,
       547413.6573271166
      ],
      [
       194149.10487980675,
       547413.7370023363
      ],
      [
       194149.15074897715,
       547413.8214716098
      ],
      [
       194149.18829645636,
       547413.9099545219
      ],
      [
       194149.21717534176,
       547414.0016335758
      ],
      [
       194149.2371188202,
       547414.095661745
      ],
      [
       194149.24794263305,
       547414.1911702998
      ],
      [
       194149.2495467788,
       547414.2872768326
      ],
      [
       194149.24191643656,
       547414.3830934117
      ],
      [
       194149.22512210344,
       547414.4777347838
      ],
      [
       194149.1993189429,
       547414.5703265537
      ],
      [
       194148.0522726309,
       547418.0332795852
      ],
      [
       194148.01606072063,
       547418.1266543989
      ],
      [
       194147.9915556287,
       547418.1748782761
      ],
      [
       194147.9607494257,
       547419.0782741565
      ],
      [
       194150.61789897407,
       547419.7613656834
      ],
      [
       194150.71192136392,
       547419.7905398915
      ],
      [
       194150.8026195895,
       547419.82881751
      ],
      [
       194150.88911466303,
       547419.8758275778
      ],
      [
       194150.97056833105,
       547419.9311145036
      ],
      [
       194151.046191198,
       547419.9941424832
      ],
      [
       194151.1152503766,
       547420.0643006905
      ],
      [
       194151.17707659065,
       547420.1409091983
      ],
      [
       194151.231070661,
       547420.2232255671
      ],
      [
       194151.27670931251,
       547420.3104520408
      ],
      [
       194151.3135502453,
       547420.4017432773
      ],
      [
       194151.34123642126,
       547420.4962145422
      ],
      [
       194151.3594995241,
       547420.5929502816
      ],
      [
       194151.36816255975,
       547420.6910129964
      ],
      [
       194151.36714157183,
       547420.7894523268
      ],
      [
       194151.35644645506,
       547420.8873142637
      ],
      [
       194151.33618085948,
       547420.9836503932
      ],
      [
       194151.30654118594,
       547421.0775270887
      ],
      [
       194151.26781468277,
       547421.1680345589
      ],
      [
       194151.2203766618,
       547421.2542956647
      ],
      [
       194151.16468686124,
       547421.3354744201
      ],
      [
       194151.10128499012,
       547421.4107840938
      ],
      [
       194150.8170632602,
       547421.7164847233
      ],
      [
       194154.1075149754,
       547420.4235765433
      ],
      [
       194159.23587897804,
       547417.8165145415
      ],
      [
       194164.09098305705,
       547414.7302783212
      ],
      [
       194168.62819142244,
       547411.1932414434
      ],
      [
       194172.80579088407,
       547407.2379219413
      ],
      [
       194175.82907555916,
       547403.7685695481
      ],
      [
       194178.04311847748,
       547402.3924557158
      ],
      [
       194182.7059235882,
       547398.8177392837
      ],
      [
       194186.99674447055,
       547394.8041118438
      ],
      [
       194190.87443650383,
       547390.3900600129
      ],
      [
       194197.16451229283,
       547382.4802263109
      ],
      [
       194200.6418740378,
       547377.6306258363
      ],
      [
       194203.50322960806,
       547372.6628471205
      ],
      [
       194204.18931997957,
       547372.3084557418
      ],
      [
       194209.03560269997,
       547369.1819443838
      ],
      [
       194213.5593200482,
       547365.6045835087
      ],
      [
       194217.7186759804,
       547361.6094254759
      ],
      [
       194221.47524090213,
       547357.233382804
      ],
      [
       194233.19438730113,
       547342.173695289
      ],
      [
       194236.57738344665,
       547337.3561608072
      ],
      [
       194237.793821594,
       547335.2020686509
      ],
      [
       194238.81088107324,
       547335.0022487927
      ],
      [
       194244.63085698913,
       547333.5423544141
      ],
      [
       194250.2013154316,
       547331.8539634425
      ],
      [
       194255.58196013657,
       547329.6337531165
      ],
      [
       194260.72215225548,
       547326.9026184963
      ],
      [
       194265.5735159106,
       547323.6862631027
      ],
      [
       194270.09039347485,
       547320.0149570132
      ],
      [
       194274.23027526928,
       547315.9232519822
      ],
      [
       194277.95419963435,
       547311.4496562633
      ],
      [
       194280.1842290135,
       547308.4897165024
      ],
      [
       194283.49566666197,
       547303.6132270191
      ],
      [
       194286.3126234466,
       547298.4353390854
      ],
      [
       194288.60791122032,
       547293.0060276175
      ],
      [
       194289.17149439664,
       547291.1949534419
      ],
      [
       194291.28837127658,
       547288.3649991974
      ],
      [
       194294.53450654444,
       547283.5572096786
      ],
      [
       194297.3011756122,
       547278.4584082015
      ],
      [
       194299.56251609226,
       547273.1162575608
      ],
      [
       194301.29738932918,
       547267.5806953412
      ],
      [
       194302.48957800056,
       547261.9034671085
      ],
      [
       194303.1279377141,
       547256.1376427
      ],
      [
       194303.20650118354,
       547250.3371201359
      ],
      [
       194302.72453400985,
       547244.5561217899
      ],
      [
       194301.68654154646,
       547238.8486875256
      ],
      [
       194300.1022267838,
       547233.2681695418
      ],
      [
       194297.98639964728,
       547227.8667336436
      ],
      [
       194295.35883855642,
       547222.6948716048
      ],
      [
       194292.2441055394,
       547217.8009291791
      ],
      [
       194292.0333311425,
       547217.5313087276
      ],
      [
       194280.425149815,
       547231.6408496512
      ],
      [
       194280.35922282602,
       547231.7134178265
      ],
      [
       194280.28650642248,
       547231.7791812859
      ],
      [
       194280.20769959135,
       547231.8375078777
      ],
      [
       194280.12355986392,
       547231.887836937
      ],
      [
       194280.03489603396,
       547231.9296846753
      ],
      [
       194279.9425603833,
       547231.9626488308
      ],
      [
       194279.84744048904,
       547231.9864125355
      ],
      [
       194279.750450692,
       547232.0007473606
      ],
      [
       194279.6525233073,
       547232.0055155123
      ],
      [
       194279.55459966278,
       547232.0006711568
      ],
      [
       194279.45762105018,
       547231.9862608605
      ],
      [
       194279.3625196772,
       547231.9624231424
      ],
      [
       194279.2702097066,
       547231.9293871429
      ],
      [
       194279.18157846862,
       547231.8874704207
      ],
      [
       194279.0974779318,
       547231.8370759008
      ],
      [
       194279.01871651315,
       547231.7786880006
      ],
      [
       194270.11890662613,
       547224.4786049736
      ],
      [
       194270.04631403214,
       547224.4128575013
      ],
      [
       194269.9805012464,
       547224.3403241155
      ],
      [
       194269.9220995725,
       547224.2617005865
      ],
      [
       194269.8716692235,
       547224.1777411039
      ],
      [
       194269.82969394824,
       547224.0892510418
      ],
      [
       194269.79657639095,
       547223.9970792336
      ],
      [
       194269.77263422898,
       547223.9021098296
      ],
      [
       194269.7580971255,
       547223.8052538156
      ],
      [
       194269.75310452646,
       547223.7074402748
      ],
      [
       194269.75770432287,
       547223.609607475
      ],
      [
       194269.77185239163,
       547223.5126938693
      ],
      [
       194269.79541301858,
       547223.417629093
      ],
      [
       194269.8281602004,
       547223.3253250471
      ],
      [
       194269.86977981258,
       547223.23666715
      ],
      [
       194269.9198726225,
       547223.1525058453
      ],
      [
       194269.97795811913,
       547223.073648443
      ],
      [
       194282.77064232255,
       547207.378132943
      ],
      [
       194280.2891322531,
       547205.228570305
      ],
      [
       194245.1388631581,
       547177.638232184
      ],
      [
       194240.3330177945,
       547174.233486464
      ],
      [
       194235.21651409098,
       547171.3163246708
      ],
      [
       194229.8386530329,
       547168.9148556379
      ],
      [
       194224.2512539612,
       547167.0522191491
      ],
      [
       194218.50815525773,
       547165.7463629709
      ],
      [
       194215.01571181937,
       547165.306185322
      ],
      [
       194200.47624631383,
       547153.6587281583
      ],
      [
       194197.07735104996,
       547151.2027713386
      ],
      [
       194184.04343617955,
       547168.0376749098
      ],
      [
       194183.97944240907,
       547168.1124226571
      ],
      [
       194183.90841222508,
       547168.1805192161
      ],
      [
       194183.83103337232,
       547168.2413052468
      ],
      [
       194183.74805506595,
       547168.294192193
      ],
      [
       194183.6602807375,
       547168.3386679802
      ],
      [
       194183.56856025563,
       547168.3743019751
      ],
      [
       194183.4737816973,
       547168.400749154
      ],
      [
       194183.37686274917,
       547168.4177534439
      ],
      [
       194183.27874182197,
       547168.4251502022
      ],
      [
       194183.18036896456,
       547168.4228678102
      ],
      [
       194183.0826966651,
       547168.410928367
      ],
      [
       194182.98667062863,
       547168.3894474753
      ],
      [
       194182.89322062035,
       547168.3586331225
      ],
      [
       194182.8032514633,
       547168.3187836662
      ],
      [
       194182.7176342774,
       547168.270284946
      ],
      [
       194182.63719804486,
       547168.2136065472
      ],
      [
       194172.22741383556,
       547160.0835060831
      ],
      [
       194172.15330667532,
       547160.019548662
      ],
      [
       194172.08580785684,
       547159.9486520301
      ],
      [
       194172.02556418243,
       547159.8714955489
      ],
      [
       194171.9731529324,
       547159.7888185643
      ],
      [
       194171.9290763335,
       547159.7014133222
      ],
      [
       194171.8937567464,
       547159.6101173767
      ],
      [
       194171.8675326183,
       547159.5158055639
      ],
      [
       194171.85065523986,
       547159.4193816198
      ],
      [
       194171.8432863373,
       547159.3217695191
      ],
      [
       194171.8454965225,
       547159.2239046225
      ],
      [
       194171.85726461658,
       547159.1267247127
      ],
      [
       194171.8784778527,
       547159.0311610086
      ],
      [
       194171.9089329566,
       547158.9381292423
      ],
      [
       194171.94833809463,
       547158.8485208832
      ],
      [
       194171.9963156701,
       547158.7631945969
      ],
      [
       194172.05240594156,
       547158.6829680154
      ],
      [
       194183.33618249945,
       547144.1174961292
      ],
      [
       194179.42284820505,
       547142.7876655251
      ],
      [
       194173.61703105643,
       547141.4393050832
      ],
      [
       194167.70608111518,
       547140.6736292791
      ],
      [
       194161.74832893026,
       547140.4981939695
      ],
      [
       194155.8025669054,
       547140.9147303883
      ],
      [
       194151.81827090564,
       547141.5958795004
      ],
      [
       194168.1463870822,
       547154.2755167115
      ],
      [
       194168.2209488722,
       547154.3395314782
      ],
      [
       194168.28886737846,
       547154.4105556105
      ],
      [
       194168.34948668818,
       547154.4879032037
      ],
      [
       194168.40222137945,
       547154.5708272847
      ],
      [
       194168.4465621748,
       547154.6585270268
      ],
      [
       194168.48208085963,
       547154.7501554826
      ],
      [
       194168.5084344175,
       547154.8448277639
      ],
      [
       194168.52536834296,
       547154.9416295874
      ],
      [
       194168.53271909902,
       547155.0396261041
      ],
      [
       194168.53041569697,
       547155.1378709269
      ],
      [
       194168.51848038146,
       547155.2354152713
      ],
      [
       194168.49702841608,
       547155.3313171172
      ],
      [
       194168.46626697,
       547155.4246503069
      ],
      [
       194168.42649311727,
       547155.5145134892
      ],
      [
       194168.37809096795,
       547155.6000388236
      ],
      [
       194168.32152795856,
       547155.6804003619
      ],
      [
       194164.10147545268,
       547161.0902879527
      ],
      [
       194164.03744050593,
       547161.1645597061
      ],
      [
       194163.966438756,
       547161.2322022909
      ],
      [
       194163.88915301033,
       547161.2925652041
      ],
      [
       194163.80632650794,
       547161.3450679495
      ],
      [
       194163.7187557721,
       547161.3892056204
      ],
      [
       194163.6272829502,
       547161.424553755
      ],
      [
       194163.53278771517,
       547161.4507724186
      ],
      [
       194163.4361788057,
       547161.4676094725
      ],
      [
       194163.3383852873,
       547161.4749029984
      ],
      [
       194163.24034761742,
       547161.4725828564
      ],
      [
       194163.14300860168,
       547161.4606713587
      ],
      [
       194163.0473043267,
       547161.4392830554
      ],
      [
       194162.9541551583,
       547161.4086236326
      ],
      [
       194162.86445689044,
       547161.3689879352
      ],
      [
       194162.77907213045,
       547161.3207571305
      ],
      [
       194162.69882200382,
       547161.2643950427
      ],
      [
       194141.30163376228,
       547144.611928699
      ],
      [
       194138.61990383445,
       547145.6461573812
      ],
      [
       194133.2990218602,
       547148.332009883
      ],
      [
       194128.2708740405,
       547151.5325283016
      ],
      [
       194123.5850792395,
       547155.2161292202
      ],
      [
       194119.28787790684,
       547159.346462058
      ],
      [
       194115.42167576664,
       547163.8827677858
      ],
      [
       194105.55155028004,
       547176.7025034976
      ],
      [
       194102.11063966263,
       547181.6705922303
      ],
      [
       194099.1869442008,
       547186.9596163728
      ],
      [
       194098.37950452615,
       547188.847172026
      ],
      [
       194103.68507662107,
       547192.953767407
      ],
      [
       194103.90281168587,
       547192.6730821424
      ],
      [
       194103.96663482912,
       547192.5986492214
      ],
      [
       194104.03744050142,
       547192.5308243725
      ],
      [
       194104.11454800158,
       547192.4702596406
      ],
      [
       194104.19721604488,
       547192.4175372737
      ],
      [
       194104.28464988933,
       547192.3731641265
      ],
      [
       194104.37600897634,
       547192.3375667871
      ],
      [
       194104.47041501122,
       547192.311087476
      ],
      [
       194104.56696040716,
       547192.2939807561
      ],
      [
       194104.66471701016,
       547192.2864110853
      ],
      [
       194104.76274502213,
       547192.288451236
      ],
      [
       194104.86010203575,
       547192.3000815947
      ],
      [
       194104.95585209443,
       547192.3211903514
      ],
      [
       194105.04907469032,
       547192.3515745738
      ],
      [
       194105.13887361364,
       547192.3909421583
      ],
      [
       194105.22438556876,
       547192.4389146387
      ],
      [
       194105.3047884733,
       547192.4950308243
      ],
      [
       194109.45470294572,
       547195.7050711256
      ],
      [
       194109.52930470192,
       547195.7688678632
      ],
      [
       194109.59729228728,
       547195.8396713517
      ],
      [
       194109.6580106111,
       547195.916799368
      ],
      [
       194109.7108746253,
       547195.9995087493
      ],
      [
       194109.75537496153,
       547196.0870025537
      ],
      [
       194109.79108283922,
       547196.1784377397
      ],
      [
       194109.81765419702,
       547196.2729332882
      ],
      [
       194109.8348330081,
       547196.3695786927
      ],
      [
       194109.84245374688,
       547196.4674427315
      ],
      [
       194109.84044298425,
       547196.565582441
      ],
      [
       194109.82882009473,
       547196.6630522014
      ],
      [
       194109.80769707003,
       547196.7589128481
      ],
      [
       194109.77727743998,
       547196.8522407209
      ],
      [
       194109.73785431124,
       547196.9421365644
      ],
      [
       194109.6898075432,
       547197.0277341919
      ],
      [
       194109.63360008795,
       547197.1082088321
      ],
      [
       194101.37349602513,
       547207.7779881442
      ],
      [
       194101.3096591569,
       547207.8525753007
      ],
      [
       194101.23881614208,
       547207.9205433588
      ],
      [
       194101.1616497932,
       547207.9812372157
      ],
      [
       194101.07890386967,
       547208.0340718804
      ],
      [
       194100.9913759089,
       547208.0785381119
      ],
      [
       194100.89990953947,
       547208.1142073272
      ],
      [
       194100.80538634988,
       547208.1407357326
      ],
      [
       194100.70871739154,
       547208.1578676371
      ],
      [
       194100.61083439743,
       547208.1654379165
      ],
      [
       194100.5126808021,
       547208.1633736057
      ],
      [
       194100.41520264803,
       547208.1516946012
      ],
      [
       194100.31933946777,
       547208.1305134697
      ],
      [
       194100.2260152279,
       547208.1000343635
      ],
      [
       194100.13612942392,
       547208.0605510517
      ],
      [
       194100.05054841013,
       547208.0124440903
      ],
      [
       194099.97009704972,
       547207.9561771527
      ],
      [
       194094.40034329792,
       547203.6385991346
      ],
      [
       194093.7611927048,
       547204.462619452
      ],
      [
       194093.5785732292,
       547206.2481959426
      ],
      [
       194098.3343284821,
       547209.9245921841
      ],
      [
       194098.4089775553,
       547209.9883932333
      ],
      [
       194098.47700905844,
       547210.0592082923
      ],
      [
       194098.53776695978,
       547210.1363544874
      ],
      [
       194098.5906653674,
       547210.2190878934
      ],
      [
       194098.63519417887,
       547210.3066107072
      ],
      [
       194098.67092400027,
       547210.3980789414
      ],
      [
       194098.69751028685,
       547210.4926105624
      ],
      [
       194098.71469666553,
       547210.5892939962
      ],
      [
       194098.72231740705,
       547210.687196919
      ],
      [
       194098.72029902413,
       547210.7853752472
      ],
      [
       194098.70866098022,
       547210.8828822415
      ],
      [
       194098.6875155016,
       547210.9787776362
      ],
      [
       194098.65706649536,
       547211.0721367066
      ],
      [
       194098.61760758303,
       547211.1620591856
      ],
      [
       194098.56951926922,
       547211.2476779456
      ],
      [
       194098.5132652723,
       547211.32816736
      ],
      [
       194093.34055085067,
       547218.0054492316
      ],
      [
       194093.7668888138,
       547222.271399766
      ],
      [
       194094.96972524707,
       547228.1938111032
      ],
      [
       194096.76222095944,
       547233.9651827473
      ],
      [
       194099.12619119577,
       547239.5269644991
      ],
      [
       194102.03765362798,
       547244.8227324359
      ],
      [
       194105.46707165448,
       547249.7987613278
      ],
      [
       194109.37965404705,
       547254.4045696775
      ],
      [
       194118.2592551578,
       547263.8490734363
      ],
      [
       194072.9659222458,
       547321.7462728083
      ],
      [
       194069.50919179368,
       547326.6520064083
      ],
      [
       194066.5598152717,
       547331.8785143921
      ],
      [
       194064.14729890422,
       547337.3735096013
      ],
      [
       194062.29577804613,
       547343.0820188712
      ],
      [
       194061.0237757275,
       547348.9469329945
      ],
      [
       194060.3440173448,
       547354.9095780548
      ],
      [
       194060.2633033534,
       547360.910302413
      ],
      [
       194060.78244123416,
       547366.8890734769
      ],
      [
       194061.89623741532,
       547372.7860782794
      ],
      [
       194063.59354923,
       547378.5423218615
      ],
      [
       194065.85739639003,
       547384.1002174712
      ],
      [
       194068.6651308606,
       547389.4041626741
      ],
      [
       194070.1588047218,
       547391.6499020933
      ],
      [
       194079.7752848046,
       547378.922256364
      ],
      [
       194079.83828814424,
       547378.8468752061
      ],
      [
       194079.90838418916,
       547378.7780400098
      ],
      [
       194079.98489639055,
       547378.7164151544
      ],
      [
       194080.06708627258,
       547378.662595427
      ],
      [
       194080.1541605599,
       547378.6171002816
      ],
      [
       194080.24527883416,
       547378.5803688255
      ],
      [
       194080.33956164544,
       547378.5527555812
      ],
      [
       194080.43609900062,
       547378.5345270644
      ],
      [
       194080.53395914627,
       547378.5258592123
      ],
      [
       194080.63219756173,
       547378.5268356844
      ],
      [
       194080.72986607536,
       547378.5374470563
      ],
      [
       194080.8260220161,
       547378.5575909098
      ],
      [
       194080.9197373118,
       547378.5870728213
      ],
      [
       194081.01010744687,
       547378.6256082396
      ],
      [
       194081.09626019222,
       547378.6728252305
      ],
      [
       194081.17736402404,
       547378.728268068
      ],
      [
       194081.40940456922,
       547378.9042192402
      ],
      [
       194089.1455718271,
       547368.6722284612
      ],
      [
       194089.20850902164,
       547368.5969666201
      ],
      [
       194089.2785183145,
       547368.5282342833
      ],
      [
       194089.35492583577,
       547368.4666930296
      ],
      [
       194089.43699612975,
       547368.4129352205
      ],
      [
       194089.52393923418,
       547368.3674782981
      ],
      [
       194089.61491828383,
       547368.3307598052
      ],
      [
       194089.70905756575,
       547368.303133173
      ],
      [
       194089.80545094842,
       547368.2848643203
      ],
      [
       194089.90317060353,
       547368.2761290924
      ],
      [
       194090.0012759369,
       547368.2770115698
      ],
      [
       194090.09882264197,
       547368.2875032583
      ],
      [
       194090.1948717893,
       547368.3075031708
      ],
      [
       194090.288498864,
       547368.3368187995
      ],
      [
       194090.37880266478,
       547368.3751679686
      ],
      [
       194090.4649139782,
       547368.4221815506
      ],
      [
       194090.54600394546,
       547368.4774070195
      ],
      [
       194098.88583447118,
       547374.7774892518
      ],
      [
       194098.96116629802,
       547374.8404353837
      ],
      [
       194099.0299632412,
       547374.9104645225
      ],
      [
       194099.09156229772,
       547374.9869017903
      ],
      [
       194099.1453698313,
       547375.0690105535
      ],
      [
       194099.1908672934,
       547375.1559995218
      ],
      [
       194099.22761622045,
       547375.2470303739
      ],
      [
       194099.25526245937,
       547375.3412258363
      ],
      [
       194099.27353958058,
       547375.437678138
      ],
      [
       194099.28227144567,
       547375.5354577586
      ],
      [
       194099.28137390476,
       547375.633622386
      ],
      [
       194099.27085560755,
       547375.731225998
      ],
      [
       194099.25081791996,
       547375.827327979
      ],
      [
       194099.22145394713,
       547375.9210021845
      ],
      [
       194099.18304667258,
       547376.0113458667
      ],
      [
       194099.13596623112,
       547376.0974883748
      ],
      [
       194099.08066634156,
       547376.1785995447
      ],
      [
       194086.33981663507,
       547393.0257556625
      ],
      [
       194090.43110282958,
       547396.1613948176
      ],
      [
       194090.50587235836,
       547396.2247499588
      ],
      [
       194090.57408137014,
       547396.2951196047
      ],
      [
       194090.63507476117,
       547396.3718279002
      ],
      [
       194090.68826672924,
       547396.4541381114
      ],
      [
       194090.73314639973,
       547396.541259702
      ],
      [
       194090.76928273228,
       547396.6323559248
      ],
      [
       194090.79632866065,
       547396.7265518595
      ],
      [
       194090.8140244262,
       547396.8229428146
      ],
      [
       194090.82220007238,
       547396.9206030171
      ],
      [
       194090.8207770774,
       547397.0185945036
      ],
      [
       194090.80976910828,
       547397.1159761291
      ],
      [
       194090.7892818894,
       547397.2118126055
      ],
      [
       194090.75951218733,
       547397.3051834853
      ],
      [
       194090.7207459209,
       547397.3951920011
      ],
      [
       194090.67335541517,
       547397.4809736793
      ],
      [
       194090.6177958254,
       547397.561704642
      ],
      [
       194086.84774718672,
       547402.5026033185
      ],
      [
       194086.78443171922,
       547402.5776374672
      ],
      [
       194086.71406355844,
       547402.6461012813
      ],
      [
       194086.6373209811,
       547402.70733484
      ],
      [
       194086.55494370672,
       547402.7607479148
      ],
      [
       194086.46772576758,
       547402.8058256586
      ],
      [
       194086.3765078549,
       547402.8421335681
      ],
      [
       194086.28216921564,
       547402.8693216727
      ],
      [
       194086.1856191772,
       547402.8871279068
      ],
      [
       194086.08778838278,
       547402.8953806367
      ],
      [
       194085.98961982058,
       547402.8940003144
      ],
      [
       194085.89205973467,
       547402.8830002451
      ],
      [
       194085.79604850395,
       547402.8624864579
      ],
      [
       194085.70251157795,
       547402.8326566847
      ],
      [
       194085.61235055653,
       547402.7937984539
      ],
      [
       194085.5264344992,
       547402.7462863188
      ],
      [
       194085.4455915484,
       547402.6905782475
      ],
      [
       194081.44968191083,
       547399.6372346414
      ],
      [
       194079.2615729474,
       547402.4963990687
      ],
      [
       194080.0452979151,
       547403.277534479
      ],
      [
       194084.69779943963,
       547407.0682385215
      ],
      [
       194085.67777985166,
       547407.7882483504
      ],
      [
       194088.00979545456,
       547409.4179240055
      ],
      [
       194089.0430975802,
       547410.1041459608
      ],
      [
       194093.13039492266,
       547413.4197130381
      ]
     ],
     [
      [
       194121.47189405622,
       547360.3991191678
      ],
      [
       194121.3737618546,
       547360.4212467073
      ],
      [
       194121.27390305552,
       547360.4334030737
      ],
      [
       194121.17332818575,
       547360.4354652498
      ],
      [
       194121.07305501844,
       547360.4274123674
      ],
      [
       194120.9740982736,
       547360.4093259181
      ],
      [
       194120.8774593497,
       547360.3813889285
      ],
      [
       194120.78411618975,
       547360.3438841089
      ],
      [
       194120.69501338527,
       547360.2971909913
      ],
      [
       194120.6110526171,
       547360.2417820895
      ],
      [
       194119.63107220508,
       547359.5217722605
      ],
      [
       194119.553530513,
       547359.4585938598
      ],
      [
       194119.48268796026,
       547359.3879853827
      ],
      [
       194119.41925327168,
       547359.3106532121
      ],
      [
       194119.3638610621,
       547359.2273709965
      ],
      [
       194119.3170654876,
       547359.1389719098
      ],
      [
       194119.2793347016,
       547359.0463403162
      ],
      [
       194119.25104617135,
       547358.9504029232
      ],
      [
       194119.23248290166,
       547358.8521195098
      ],
      [
       194119.22383060365,
       547358.7524733255
      ],
      [
       194119.22517583682,
       547358.6524612528
      ],
      [
       194119.2365051432,
       547358.5530838352
      ],
      [
       194119.25770518187,
       547358.4553352664
      ],
      [
       194119.28856386282,
       547358.3601934452
      ],
      [
       194119.32877246896,
       547358.2686101918
      ],
      [
       194119.3779287443,
       547358.1815017253
      ],
      [
       194119.43554091852,
       547358.0997394987
      ],
      [
       194157.75550120065,
       547309.1164071242
      ],
      [
       194153.62496749405,
       547305.6961082208
      ],
      [
       194153.55456667396,
       547305.6319205916
      ],
      [
       194153.49059354255,
       547305.5613248007
      ],
      [
       194153.4336287409,
       547305.4849615989
      ],
      [
       194153.38418930018,
       547305.4035240834
      ],
      [
       194153.34272394894,
       547305.3177514079
      ],
      [
       194153.30960904024,
       547305.2284220732
      ],
      [
       194153.2851451359,
       547305.1363468615
      ],
      [
       194153.26955427823,
       547305.0423614776
      ],
      [
       194153.26297797504,
       547304.9473189636
      ],
      [
       194153.26547591496,
       547304.8520819566
      ],
      [
       194153.2770254259,
       547304.7575148585
      ],
      [
       194153.2975216807,
       547304.6644759916
      ],
      [
       194153.32677864865,
       547304.5738098068
      ],
      [
       194153.36453078393,
       547304.4863392204
      ],
      [
       194153.4104354358,
       547304.4028581437
      ],
      [
       194153.46407595865,
       547304.3241242785
      ],
      [
       194159.8841605101,
       547295.8032976938
      ],
      [
       194159.94707068134,
       547295.7278238152
      ],
      [
       194160.0170838982,
       547295.6588880082
      ],
      [
       194160.09352425332,
       547295.5971557791
      ],
      [
       194160.17565379184,
       547295.5432230904
      ],
      [
       194160.26267963552,
       547295.4976106081
      ],
      [
       194160.3537616372,
       547295.4607586749
      ],
      [
       194160.4480204916,
       547295.4330230593
      ],
      [
       194160.54454622415,
       547295.4146715208
      ],
      [
       194160.64240697576,
       547295.405881225
      ],
      [
       194160.74065799918,
       547295.4067370335
      ],
      [
       194160.83835077938,
       547295.4172306842
      ],
      [
       194160.93454219066,
       547295.4372608715
      ],
      [
       194161.02830360155,
       547295.466634224
      ],
      [
       194161.1187298397,
       547295.5050671716
      ],
      [
       194161.20494793062,
       547295.5521886827
      ],
      [
       194161.28612552522,
       547295.6075438464
      ],
      [
       194165.70722921292,
       547298.9519358327
      ],
      [
       194180.30629361965,
       547280.2903605355
      ],
      [
       194203.21579023363,
       547251.0056893048
      ],
      [
       194198.36619455702,
       547246.996847853
      ],
      [
       194198.2942901554,
       547246.9312650111
      ],
      [
       194198.22910128813,
       547246.859003239
      ],
      [
       194198.17124538193,
       547246.7807469533
      ],
      [
       194198.1212704105,
       547246.697237347
      ],
      [
       194198.0796497044,
       547246.6092653689
      ],
      [
       194198.0467774679,
       547246.5176642324
      ],
      [
       194198.02296504565,
       547246.4233015244
      ],
      [
       194198.0084379734,
       547246.3270709872
      ],
      [
       194198.00333384218,
       547246.229884054
      ],
      [
       194198.00770099505,
       547246.1326612168
      ],
      [
       194198.0188265118,
       547246.054977425
      ],
      [
       194193.95457356455,
       547242.8613473815
      ],
      [
       194193.8805215889,
       547242.7970418023
      ],
      [
       194193.8131250092,
       547242.7257915136
      ],
      [
       194193.75303210662,
       547242.6482818648
      ],
      [
       194193.70082090888,
       547242.5652584137
      ],
      [
       194193.6569936304,
       547242.4775197548
      ],
      [
       194193.62197184158,
       547242.3859098378
      ],
      [
       194193.59609241353,
       547242.2913098494
      ],
      [
       194193.57960427794,
       547242.1946297378
      ],
      [
       194193.57266603265,
       547242.0967994594
      ],
      [
       194193.57534441588,
       547241.9987600343
      ],
      [
       194193.5876136646,
       547241.9014544942
      ],
      [
       194193.60935576202,
       547241.8058188115
      ],
      [
       194193.6403615731,
       547241.7127728966
      ],
      [
       194193.68033285593,
       547241.6232117491
      ],
      [
       194193.72888513064,
       547241.5379968489
      ],
      [
       194193.78555137763,
       547241.4579478698
      ],
      [
       194207.30571811664,
       547224.2183072508
      ],
      [
       194207.37001243405,
       547224.1441323266
      ],
      [
       194207.44126933799,
       547224.0766183853
      ],
      [
       194207.51880221974,
       547224.0164159694
      ],
      [
       194207.60186399744,
       547223.9641051701
      ],
      [
       194207.68965431442,
       547223.9201900375
      ],
      [
       194207.78132725146,
       547223.8850937235
      ],
      [
       194207.8759994776,
       547223.8591544053
      ],
      [
       194207.97275876167,
       547223.8426220255
      ],
      [
       194208.0706727623,
       547223.8356558849
      ],
      [
       194208.1687980116,
       547223.838323107
      ],
      [
       194208.26618900633,
       547223.8505979913
      ],
      [
       194208.36190731806,
       547223.8723622609
      ],
      [
       194208.4550306359,
       547223.9034062023
      ],
      [
       194208.54466165355,
       547223.9434306863
      ],
      [
       194208.62993671527,
       547223.9920500495
      ],
      [
       194208.710034138,
       547224.0487958115
      ],
      [
       194243.860303233,
       547251.6391339325
      ],
      [
       194243.93338219047,
       547251.7024372406
      ],
      [
       194244.00000630596,
       547251.772501997
      ],
      [
       194244.05955278777,
       547251.848673247
      ],
      [
       194244.11146500474,
       547251.9302389541
      ],
      [
       194244.15525768956,
       547252.0164366548
      ],
      [
       194244.1905214752,
       547252.1064605864
      ],
      [
       194244.21692672124,
       547252.1994692195
      ],
      [
       194244.2342265956,
       547252.294593124
      ],
      [
       194244.24225938186,
       547252.3909430964
      ],
      [
       194244.2409499907,
       547252.4876184724
      ],
      [
       194244.23031066213,
       547252.583715546
      ],
      [
       194244.21044085096,
       547252.6783360165
      ],
      [
       194244.181526297,
       547252.7705953867
      ],
      [
       194244.143837289,
       547252.8596312308
      ],
      [
       194244.09772613787,
       547252.9446112554
      ],
      [
       194244.0436238834,
       547253.0247410807
      ],
      [
       194231.13175581314,
       547270.28601697
      ],
      [
       194232.8629998789,
       547271.5856871022
      ],
      [
       194232.93857488877,
       547271.6484566838
      ],
      [
       194233.00762598787,
       547271.7183390722
      ],
      [
       194233.06948672247,
       547271.7946597902
      ],
      [
       194233.12356003738,
       547271.8766822208
      ],
      [
       194233.1693240384,
       547271.9636147158
      ],
      [
       194233.20633702967,
       547272.0546182377
      ],
      [
       194233.23424177643,
       547272.1488144563
      ],
      [
       194233.25276895319,
       547272.2452942273
      ],
      [
       194233.261739743,
       547272.3431263663
      ],
      [
       194233.26106756335,
       547272.4413666364
      ],
      [
       194233.25075890188,
       547272.5390668615
      ],
      [
       194233.23091325368,
       547272.635284078
      ],
      [
       194233.20172216106,
       547272.7290896354
      ],
      [
       194233.16346736482,
       547272.81957816
      ],
      [
       194233.1165180851,
       547272.9058762921
      ],
      [
       194233.0613274576,
       547272.9871511168
      ],
      [
       194230.83129807844,
       547275.9470908778
      ],
      [
       194230.76923267238,
       547276.0216508064
      ],
      [
       194230.70023464246,
       547276.0898458903
      ],
      [
       194230.62495334973,
       547276.1510343251
      ],
      [
       194230.5440972888,
       547276.2046402483
      ],
      [
       194230.45842742015,
       547276.2501591587
      ],
      [
       194230.3687500084,
       547276.2871626641
      ],
      [
       194230.27590903436,
       547276.3153025137
      ],
      [
       194224.45593311847,
       547277.7751968922
      ],
      [
       194224.35437358546,
       547277.7951501121
      ],
      [
       194224.25129561697,
       547277.8044990235
      ],
      [
       194224.14780343257,
       547277.8031434763
      ],
      [
       194224.04500568923,
       547277.7910979918
      ],
      [
       194223.94400360464,
       547277.7684916068
      ],
      [
       194223.84587916057,
       547277.7355664916
      ],
      [
       194223.75168351212,
       547277.6926753556
      ],
      [
       194223.66242572738,
       547277.6402776687
      ],
      [
       194223.57906197765,
       547277.5789347395
      ],
      [
       194210.43650759157,
       547266.8166000003
      ],
      [
       194210.43032932575,
       547266.8732276991
      ],
      [
       194210.40954337202,
       547266.9712633331
      ],
      [
       194210.37904949812,
       547267.066726232
      ],
      [
       194210.33915395525,
       547267.1586576578
      ],
      [
       194210.290257416,
       547267.2461343396
      ],
      [
       194210.23285095036,
       547267.3282777453
      ],
      [
       194209.90569364457,
       547267.749739787
      ],
      [
       194210.55648188613,
       547268.255473239
      ],
      [
       194210.6308466424,
       547268.3193481402
      ],
      [
       194210.69859986362,
       547268.3901974236
      ],
      [
       194210.75909043325,
       547268.4673402195
      ],
      [
       194210.8117370296,
       547268.5500351762
      ],
      [
       194210.85603371263,
       547268.6374875852
      ],
      [
       194210.89155478586,
       547268.7288570184
      ],
      [
       194210.91795888753,
       547268.8232654046
      ],
      [
       194210.93499227104,
       547268.9198054678
      ],
      [
       194210.94249124354,
       547269.0175494466
      ],
      [
       194210.940383739,
       547269.1155580094
      ],
      [
       194210.92869001083,
       547269.2128892823
      ],
      [
       194210.90752243708,
       547269.3086079
      ],
      [
       194210.87708444076,
       547269.4017939953
      ],
      [
       194210.8376685346,
       547269.4915520385
      ],
      [
       194210.78965351023,
       547269.577019444
      ],
      [
       194210.7335007978,
       547269.6573748598
      ],
      [
       194201.55738088628,
       547281.5061353502
      ],
      [
       194199.81335892426,
       547283.7580887602
      ],
      [
       194199.7494420243,
       547283.8327347388
      ],
      [
       194199.6785070083,
       547283.9007466183
      ],
      [
       194199.6012389236,
       547283.9614675811
      ],
      [
       194199.5183839784,
       547284.0143112211
      ],
      [
       194199.43074233536,
       547284.0587672065
      ],
      [
       194199.33916038423,
       547284.0944062086
      ],
      [
       194199.24452256784,
       547284.1208840474
      ],
      [
       194199.1477428407,
       547284.1379450159
      ],
      [
       194199.0497558426,
       547284.1454243499
      ],
      [
       194198.9515078724,
       547284.1432498185
      ],
      [
       194198.85394774927,
       547284.1314424219
      ],
      [
       194198.75801764964,
       547284.1101161888
      ],
      [
       194198.66464400807,
       547284.079477075
      ],
      [
       194198.57472857044,
       547284.0398209745
      ],
      [
       194198.4891396854,
       547283.9915308616
      ],
      [
       194198.4087039184,
       547283.9350730932
      ],
      [
       194196.08764957855,
       547282.1293919792
      ],
      [
       194187.03646457824,
       547293.7596067925
      ],
      [
       194191.36110629025,
       547297.444357909
      ],
      [
       194191.43247461665,
       547297.5114707577
      ],
      [
       194191.49693349635,
       547297.5852449083
      ],
      [
       194191.55386428055,
       547297.6649723081
      ],
      [
       194191.60272057197,
       547297.7498877676
      ],
      [
       194191.6430334688,
       547297.8391763044
      ],
      [
       194191.67441606507,
       547297.9319809655
      ],
      [
       194191.69656716406,
       547298.0274110513
      ],
      [
       194191.70927416897,
       547298.1245506648
      ],
      [
       194191.71241512342,
       547298.2224675013
      ],
      [
       194191.70595988186,
       547298.320221797
      ],
      [
       194191.68997039896,
       547298.4168753478
      ],
      [
       194191.6646001349,
       547298.5115005146
      ],
      [
       194191.63009258267,
       547298.6031891252
      ],
      [
       194191.58677893097,
       547298.6910611915
      ],
      [
       194191.53507488576,
       547298.7742733551
      ],
      [
       194188.95839415412,
       547302.500680021
      ],
      [
       194188.99169812273,
       547302.5314996111
      ],
      [
       194189.05983377775,
       547302.601006417
      ],
      [
       194189.12088941358,
       547302.6768079532
      ],
      [
       194189.17428660963,
       547302.7581861013
      ],
      [
       194189.21951949887,
       547302.8443699124
      ],
      [
       194189.25615956014,
       547302.9345429098
      ],
      [
       194189.2838596778,
       547303.027850825
      ],
      [
       194189.30235743022,
       547303.1234096901
      ],
      [
       194189.31147757595,
       547303.2203142127
      ],
      [
       194189.3111337138,
       547303.3176463519
      ],
      [
       194189.30132910144,
       547303.4144840157
      ],
      [
       194189.28215662442,
       547303.5099097966
      ],
      [
       194189.25379791635,
       547303.6030196631
      ],
      [
       194189.21652163807,
       547303.6929315234
      ],
      [
       194189.17068093253,
       547303.7787935829
      ],
      [
       194189.11671007914,
       547303.8597924134
      ],
      [
       194189.05512037958,
       547303.9351606591
      ],
      [
       194187.03510086657,
       547306.1751097285
      ],
      [
       194186.96476447213,
       547306.2456911189
      ],
      [
       194186.8877529777,
       547306.3089222092
      ],
      [
       194186.8048310259,
       547306.3641751817
      ],
      [
       194186.7168219439,
       547306.4109014329
      ],
      [
       194186.62459956872,
       547306.4486370204
      ],
      [
       194186.52907957087,
       547306.4770072701
      ],
      [
       194186.43121036273,
       547306.4957304952
      ],
      [
       194186.33196368197,
       547306.504620794
      ],
      [
       194186.232324943,
       547306.5035898953
      ],
      [
       194186.19587808705,
       547306.4995633361
      ],
      [
       194174.9125358389,
       547320.9992207853
      ],
      [
       194174.84992642354,
       547321.0721548299
      ],
      [
       194174.78060382468,
       547321.1387407971
      ],
      [
       194174.70520853554,
       547321.1983634783
      ],
      [
       194174.62443715686,
       547321.2504720009
      ],
      [
       194174.53903596077,
       547321.294584918
      ],
      [
       194174.44979399568,
       547321.3302946563
      ],
      [
       194174.35753579612,
       547321.3572712825
      ],
      [
       194174.26311376455,
       547321.375265551
      ],
      [
       194174.16740029576,
       547321.3841112071
      ],
      [
       194174.07127971647,
       547321.383726523
      ],
      [
       194173.9756401149,
       547321.3741150531
      ],
      [
       194173.88136513534,
       547321.3553656006
      ],
      [
       194173.78932581388,
       547321.3276513976
      ],
      [
       194173.7003725307,
       547321.2912285043
      ],
      [
       194173.6153271531,
       547321.2464334432
      ],
      [
       194173.53497544202,
       547321.19368009
      ],
      [
       194173.46005979207,
       547321.1334558496
      ],
      [
       194171.69880616845,
       547319.5724701579
      ],
      [
       194151.19785940895,
       547345.2300340623
      ],
      [
       194151.18797846982,
       547345.3089390425
      ],
      [
       194151.1658783815,
       547345.4059103719
      ],
      [
       194151.13425497687,
       547345.5002067818
      ],
      [
       194151.09342106996,
       547345.5908955059
      ],
      [
       194151.04378058377,
       547345.6770794647
      ],
      [
       194150.9858245547,
       547345.7579061392
      ],
      [
       194144.6957487657,
       547353.6677398413
      ],
      [
       194144.63112056514,
       547353.7413073718
      ],
      [
       194144.5596068838,
       547353.8082011625
      ],
      [
       194144.48189346527,
       547353.8677797697
      ],
      [
       194144.39872550248,
       547353.919471895
      ],
      [
       194144.31090049187,
       547353.9627818634
      ],
      [
       194144.21926058616,
       547353.9972943761
      ],
      [
       194144.12468451916,
       547354.0226784933
      ],
      [
       194144.0280791794,
       547354.0386908068
      ],
      [
       194143.93037091417,
       547354.0451777751
      ],
      [
       194143.8324966466,
       547354.0420771944
      ],
      [
       194143.73539489167,
       547354.0294187963
      ],
      [
       194143.6399967567,
       547354.007323962
      ],
      [
       194143.54721701314,
       547353.9760045586
      ],
      [
       194143.45794532457,
       547353.9357609072
      ],
      [
       194143.37303771597,
       547353.8869789039
      ],
      [
       194143.29330836516,
       547353.8301263184
      ],
      [
       194141.36783621,
       547352.3095925928
      ],
      [
       194130.2975134187,
       547366.3160700556
      ],
      [
       194130.23452036103,
       547366.3883573653
      ],
      [
       194130.16489370333,
       547366.454279357
      ],
      [
       194130.08927356394,
       547366.5132299715
      ],
      [
       194130.0083551626,
       547366.5646672419
      ],
      [
       194129.92288242924,
       547366.6081182753
      ],
      [
       194129.83364116424,
       547366.6431836011
      ],
      [
       194129.7414518144,
       547366.6695408435
      ],
      [
       194129.6471619299,
       547366.686947685
      ],
      [
       194129.5516383724,
       547366.6952440945
      ],
      [
       194129.45575934535,
       547366.6943537982
      ],
      [
       194129.36040632037,
       547366.6842849811
      ],
      [
       194129.26645593313,
       547366.6651302117
      ],
      [
       194129.17477192407,
       547366.6370655909
      ],
      [
       194129.08619719752,
       547366.6003491333
      ],
      [
       194129.00154607237,
       547366.5553183941
      ],
      [
       194128.9215967955,
       547366.5023873675
      ],
      [
       194128.0216147655,
       547365.8423783305
      ],
      [
       194127.94590805864,
       547365.7809659487
      ],
      [
       194127.87654063522,
       547365.7124740027
      ],
      [
       194127.81417169294,
       547365.6375533704
      ],
      [
       194127.75939392296,
       547365.5569160216
      ],
      [
       194127.7127278777,
       547365.4713282519
      ],
      [
       194127.6746170239,
       547365.3816034007
      ],
      [
       194127.64542352853,
       547365.2885941219
      ],
      [
       194127.62542481694,
       547365.1931842816
      ],
      [
       194127.6148109366,
       547365.096280558
      ],
      [
       194127.61368275105,
       547364.9988038259
      ],
      [
       194127.62205098147,
       547364.9016804054
      ],
      [
       194127.63119649523,
       547364.8523936286
      ],
      [
       194121.5447651545,
       547360.3747748745
      ],
      [
       194121.47189405622,
       547360.3991191678
      ]
     ],
     [
      [
       194201.46586882323,
       547304.3599288226
      ],
      [
       194201.5307724355,
       547304.4317262995
      ],
      [
       194201.58843127513,
       547304.5094618434
      ],
      [
       194201.6383052313,
       547304.5924072777
      ],
      [
       194201.6799271168,
       547304.679785623
      ],
      [
       194201.71290704465,
       547304.7707783751
      ],
      [
       194201.73693608007,
       547304.8645331725
      ],
      [
       194201.75178913455,
       547304.9601717804
      ],
      [
       194201.75732707419,
       547305.0567983183
      ],
      [
       194201.75349802317,
       547305.1535076505
      ],
      [
       194201.74033784957,
       547305.2493938664
      ],
      [
       194201.71796982942,
       547305.3435587656
      ],
      [
       194201.68660349192,
       547305.435120272
      ],
      [
       194201.64653265677,
       547305.5232206963
      ],
      [
       194201.59813268177,
       547305.6070347702
      ],
      [
       194201.54185694674,
       547305.6857773776
      ],
      [
       194201.47823260655,
       547305.7587109084
      ],
      [
       194201.40785565306,
       547305.825152168
      ],
      [
       194199.2478435572,
       547307.6751021979
      ],
      [
       194199.1687453787,
       547307.7362646967
      ],
      [
       194199.08393478778,
       547307.789222574
      ],
      [
       194198.99425966755,
       547307.8334463901
      ],
      [
       194198.9006165337,
       547307.8684940232
      ],
      [
       194198.80394157156,
       547307.8940150889
      ],
      [
       194198.70520127675,
       547307.9097544436
      ],
      [
       194198.6053827929,
       547307.915554735
      ],
      [
       194198.5054840426,
       547307.9113579756
      ],
      [
       194198.40650375094,
       547307.8972061219
      ],
      [
       194198.30943146083,
       547307.8732406553
      ],
      [
       194198.21523764016,
       547307.8397011673
      ],
      [
       194198.1248639797,
       547307.796922965
      ],
      [
       194198.03921397866,
       547307.7453337179
      ],
      [
       194197.95914391204,
       547307.6854491829
      ],
      [
       194197.88545427017,
       547307.617868048
      ],
      [
       194191.5916083033,
       547301.2378193641
      ],
      [
       194191.52794433903,
       547301.1668075549
      ],
      [
       194191.47133472984,
       547301.0900538609
      ],
      [
       194191.4222943841,
       547301.0082564167
      ],
      [
       194191.3812693619,
       547300.9221592335
      ],
      [
       194191.34863281777,
       547300.8325454321
      ],
      [
       194191.32468160635,
       547300.74023012
      ],
      [
       194191.3096335826,
       547300.6460529764
      ],
      [
       194191.30362561997,
       547300.5508706158
      ],
      [
       194191.30671236553,
       547300.4555487956
      ],
      [
       194191.31886574297,
       547300.3609545421
      ],
      [
       194191.33997520787,
       547300.2679482633
      ],
      [
       194191.36984875318,
       547300.1773759238
      ],
      [
       194191.40821465585,
       547300.0900613493
      ],
      [
       194191.45472394815,
       547300.006798734
      ],
      [
       194191.5089535919,
       547299.9283454157
      ],
      [
       194191.5704103263,
       547299.8554149887
      ],
      [
       194191.63853515466,
       547299.7886708118
      ],
      [
       194193.7275479929,
       547297.9287197248
      ],
      [
       194193.80623315033,
       547297.8654843239
      ],
      [
       194193.89089262104,
       547297.8105039281
      ],
      [
       194193.9806637191,
       547297.7643387911
      ],
      [
       194194.07463167072,
       547297.7274593392
      ],
      [
       194194.17183893596,
       547297.7002413764
      ],
      [
       194194.27129496593,
       547297.6829622557
      ],
      [
       194194.37198629676,
       547297.6757980523
      ],
      [
       194194.47288687676,
       547297.6788217705
      ],
      [
       194194.57296852194,
       547297.6920025978
      ],
      [
       194194.67121139335,
       547297.7152062211
      ],
      [
       194194.76661438926,
       547297.7481961935
      ],
      [
       194194.85820534645,
       547297.7906363452
      ],
      [
       194194.94505094673,
       547297.8420942078
      ],
      [
       194195.0262662273,
       547297.9020454222
      ],
      [
       194195.10102359875,
       547297.9698790815
      ],
      [
       194201.46586882323,
       547304.3599288226
      ]
     ],
     [
      [
       194162.8700939971,
       547225.1435377701
      ],
      [
       194162.8048645104,
       547225.0897696012
      ],
      [
       194162.74440923176,
       547225.0306843984
      ],
      [
       194152.36467157703,
       547213.9906083777
      ],
      [
       194152.29946187048,
       547213.9138449052
      ],
      [
       194152.2423049034,
       547213.8309110904
      ],
      [
       194152.19378052952,
       547213.7426482914
      ],
      [
       194152.15438102558,
       547213.6499519289
      ],
      [
       194152.12450609703,
       547213.5537624015
      ],
      [
       194152.10445882316,
       547213.4550555459
      ],
      [
       194152.09444258225,
       547213.3548327368
      ],
      [
       194152.09455898844,
       547213.2541107283
      ],
      [
       194152.1048068608,
       547213.1539113389
      ],
      [
       194152.12508223532,
       547213.0552510849
      ],
      [
       194152.15517941958,
       547212.9591308682
      ],
      [
       194152.19479307963,
       547212.8665258227
      ],
      [
       194152.2435213373,
       547212.7783754203
      ],
      [
       194152.3008698476,
       547212.6955739413
      ],
      [
       194162.1709953342,
       547199.8758382295
      ],
      [
       194162.23543203657,
       547199.8002331341
      ],
      [
       194162.30705205878,
       547199.7313942534
      ],
      [
       194162.3851486388,
       547199.6700009048
      ],
      [
       194162.46895110246,
       547199.6166589312
      ],
      [
       194162.5576324687,
       547199.5718947229
      ],
      [
       194162.65031761036,
       547199.5361500228
      ],
      [
       194162.74609189018,
       547199.5097775676
      ],
      [
       194162.84401018653,
       547199.4930376064
      ],
      [
       194162.94310622028,
       547199.4860953327
      ],
      [
       194163.04240209004,
       547199.4890192545
      ],
      [
       194163.1409179224,
       547199.5017805179
      ],
      [
       194163.23768154153,
       547199.5242531919
      ],
      [
       194163.33173806287,
       547199.5562155113
      ],
      [
       194163.42215931605,
       547199.5973520649
      ],
      [
       194163.50805300433,
       547199.6472569081
      ],
      [
       194163.58857151,
       547199.7054375692
      ],
      [
       194190.78799886868,
       547221.494695566
      ],
      [
       194190.8614947473,
       547221.5597439419
      ],
      [
       194190.92825999085,
       547221.6316837615
      ],
      [
       194190.98765145405,
       547221.7098220331
      ],
      [
       194191.03909702273,
       547221.7934060558
      ],
      [
       194191.0821011251,
       547221.88163067
      ],
      [
       194191.1162495054,
       547221.973646014
      ],
      [
       194191.1412132145,
       547222.0685657095
      ],
      [
       194191.1567517786,
       547222.1654754016
      ],
      [
       194191.1627155157,
       547222.2634415653
      ],
      [
       194191.15904697753,
       547222.3615204989
      ],
      [
       194191.14578150286,
       547222.4587674143
      ],
      [
       194191.12304687715,
       547222.5542455384
      ],
      [
       194191.0910621016,
       547222.6470351366
      ],
      [
       194191.05013528347,
       547222.7362423725
      ],
      [
       194191.00066066816,
       547222.8210079188
      ],
      [
       194190.94311484144,
       547222.9005152342
      ],
      [
       194179.84298282527,
       547236.7512226775
      ],
      [
       194179.77917240825,
       547236.8234218663
      ],
      [
       194179.70870946333,
       547236.8891445076
      ],
      [
       194179.63224820318,
       547236.9477804
      ],
      [
       194179.55049853178,
       547236.9987851391
      ],
      [
       194179.46421945328,
       547237.0416851717
      ],
      [
       194179.37421202514,
       547237.0760821928
      ],
      [
       194179.2813119206,
       547237.1016568437
      ],
      [
       194179.18638167,
       547237.1181716765
      ],
      [
       194179.09030265248,
       547237.1254733595
      ],
      [
       194178.9939669129,
       547237.1234941003
      ],
      [
       194178.89826887974,
       547237.1122522751
      ],
      [
       194178.8040970606,
       547237.0918522589
      ],
      [
       194178.71232579302,
       547237.0624834553
      ],
      [
       194178.6238071266,
       547237.0244185387
      ],
      [
       194178.5393629122,
       547236.9780109224
      ],
      [
       194178.4597771715,
       547236.9236914779
      ],
      [
       194162.8700939971,
       547225.1435377701
      ]
     ],
     [
      [
       194085.84047399086,
       547325.7557312982
      ],
      [
       194085.9040100492,
       547325.6810552601
      ],
      [
       194085.97455371695,
       547325.6129602358
      ],
      [
       194086.05142683367,
       547325.5521008461
      ],
      [
       194086.13389039188,
       547325.4990621532
      ],
      [
       194086.22115164125,
       547325.4543540359
      ],
      [
       194086.31237170956,
       547325.4184062888
      ],
      [
       194086.4066736672,
       547325.3915644898
      ],
      [
       194086.50315095723,
       547325.3740866783
      ],
      [
       194086.60087611055,
       547325.3661408745
      ],
      [
       194086.69890966185,
       547325.367803464
      ],
      [
       194086.7963091812,
       547325.3790584638
      ],
      [
       194086.8921383337,
       547325.3997976759
      ],
      [
       194086.98547588103,
       547325.429821727
      ],
      [
       194087.0754245375,
       547325.4688419857
      ],
      [
       194087.16111959593,
       547325.5164833369
      ],
      [
       194087.24173724052,
       547325.572287788
      ],
      [
       194117.76211118532,
       547348.9925857391
      ],
      [
       194117.8371862821,
       547349.0563071357
      ],
      [
       194117.90563024147,
       547349.1271033995
      ],
      [
       194117.96677938377,
       547349.2042880413
      ],
      [
       194118.020040765,
       547349.2871126259
      ],
      [
       194118.06489792615,
       547349.3747740291
      ],
      [
       194118.10091590145,
       547349.466422226
      ],
      [
       194118.12774543586,
       547349.5611685327
      ],
      [
       194118.14512637182,
       547349.6580942238
      ],
      [
       194118.15289017183,
       547349.7562594415
      ],
      [
       194118.15096155275,
       547349.8547123082
      ],
      [
       194118.13935921577,
       547349.9524981574
      ],
      [
       194118.11819566516,
       547350.0486687905
      ],
      [
       194118.08767611723,
       547350.1422916709
      ],
      [
       194118.04809651044,
       547350.2324589669
      ],
      [
       194117.99984063584,
       547350.3182963544
      ],
      [
       194117.9433764155,
       547350.3989714953
      ],
      [
       194110.913288186,
       547359.4587838238
      ],
      [
       194110.8494464546,
       547359.5332152819
      ],
      [
       194110.77862168045,
       547359.6010360752
      ],
      [
       194110.7014949011,
       547359.6615940518
      ],
      [
       194110.6188077528,
       547359.7143068978
      ],
      [
       194110.53135533942,
       547359.7586677368
      ],
      [
       194110.4399785866,
       547359.7942500031
      ],
      [
       194110.34555615575,
       547359.8207115446
      ],
      [
       194110.24899599486,
       547359.8377979123
      ],
      [
       194110.15122660794,
       547359.8453448068
      ],
      [
       194110.05318812677,
       547359.8432796586
      ],
      [
       194109.95582327055,
       547359.8316223258
      ],
      [
       194109.86006828115,
       547359.8104849032
      ],
      [
       194109.7668439202,
       547359.780070644
      ],
      [
       194109.67704661534,
       547359.740672006
      ],
      [
       194109.59153984027,
       547359.6926678391
      ],
      [
       194109.51114581176,
       547359.636519742
      ],
      [
       194091.7783701227,
       547345.910679587
      ],
      [
       194090.5500290281,
       547347.4046128594
      ],
      [
       194090.48512908578,
       547347.4761954506
      ],
      [
       194090.413623626,
       547347.5411803651
      ],
      [
       194090.33618022868,
       547347.598960899
      ],
      [
       194090.2535219108,
       547347.6489976094
      ],
      [
       194090.16642037622,
       547347.6908233498
      ],
      [
       194090.07568881093,
       547347.7240476323
      ],
      [
       194089.9821742912,
       547347.7483602727
      ],
      [
       194089.88674987503,
       547347.7635342865
      ],
      [
       194089.79030645156,
       547347.7694280079
      ],
      [
       194089.69374442322,
       547347.7659864129
      ],
      [
       194089.59796529994,
       547347.7532416324
      ],
      [
       194089.50386328227,
       547347.7313126526
      ],
      [
       194089.41231691322,
       547347.7004042038
      ],
      [
       194089.3241808761,
       547347.6608048496
      ],
      [
       194089.24027801512,
       547347.6128842924
      ],
      [
       194089.16139165327,
       547347.5570899217
      ],
      [
       194085.30147176335,
       547344.53705272
      ],
      [
       194085.22779224542,
       547344.4733853536
      ],
      [
       194085.1606544095,
       547344.4028536878
      ],
      [
       194085.10069487023,
       547344.3261265181
      ],
      [
       194085.0484821763,
       547344.2439313874
      ],
      [
       194085.00451141913,
       547344.157047687
      ],
      [
       194084.9691995385,
       547344.0662992655
      ],
      [
       194084.94288136883,
       547343.9725466183
      ],
      [
       194084.92580646445,
       547343.8766787272
      ],
      [
       194084.9181367331,
       547343.7796046312
      ],
      [
       194084.91994490073,
       547343.6822448067
      ],
      [
       194084.9312138219,
       547343.5855224394
      ],
      [
       194084.95183664243,
       547343.4903546709
      ],
      [
       194084.9816178125,
       547343.3976439012
      ],
      [
       194085.02027494094,
       547343.308269233
      ],
      [
       194085.06744147296,
       547343.223078135
      ],
      [
       194085.12267016582,
       547343.1428784069
      ],
      [
       194086.25791758127,
       547341.6550015323
      ],
      [
       194079.13732826864,
       547336.0935471382
      ],
      [
       194079.06336775466,
       547336.0297265956
      ],
      [
       194078.99598730032,
       547335.9589940455
      ],
      [
       194078.93582993207,
       547335.882024504
      ],
      [
       194078.88346974488,
       547335.7995525084
      ],
      [
       194078.83940642347,
       547335.7123651068
      ],
      [
       194078.80406047378,
       547335.621294348
      ],
      [
       194078.77776921,
       547335.52720934
      ],
      [
       194078.76078353537,
       547335.4310079569
      ],
      [
       194078.75326554792,
       547335.3336082692
      ],
      [
       194078.7552869935,
       547335.2359397839
      ],
      [
       194078.76682858093,
       547335.1389345726
      ],
      [
       194078.7877801664,
       547335.0435183771
      ],
      [
       194078.81794180427,
       547334.9506017754
      ],
      [
       194078.85702565545,
       547334.8610714909
      ],
      [
       194078.90465873416,
       547334.7757819307
      ],
      [
       194078.96038646752,
       547334.6955470317
      ],
      [
       194085.84047399086,
       547325.7557312982
      ]
     ],
     [
      [
       194083.880793543,
       547361.1517201436
      ],
      [
       194083.95165250255,
       547361.2199562553
      ],
      [
       194084.0154641696,
       547361.2948243407
      ],
      [
       194084.07161102857,
       547361.3755998897
      ],
      [
       194084.11954973734,
       547361.4615012242
      ],
      [
       194084.15881638543,
       547361.5516970635
      ],
      [
       194084.1890309832,
       547361.6453145681
      ],
      [
       194084.2099011392,
       547361.7414477863
      ],
      [
       194084.2212248896,
       547361.839166422
      ],
      [
       194084.2228926527,
       547361.9375248362
      ],
      [
       194084.21488828925,
       547362.0355711989
      ],
      [
       194084.19728925877,
       547362.1323566999
      ],
      [
       194084.17026586988,
       547362.2269447305
      ],
      [
       194084.13407963217,
       547362.3184199473
      ],
      [
       194084.0890807257,
       547362.4058971299
      ],
      [
       194084.03570461198,
       547362.4885297479
      ],
      [
       194083.9744678202,
       547362.5655181523
      ],
      [
       194082.67345465708,
       547364.0454850413
      ],
      [
       194082.6048630415,
       547364.1161652058
      ],
      [
       194082.52965119175,
       547364.1797550875
      ],
      [
       194082.44854870014,
       547364.2356378329
      ],
      [
       194082.36234230097,
       547364.2832713518
      ],
      [
       194082.27186823898,
       547364.3221935756
      ],
      [
       194082.17800415744,
       547364.352026939
      ],
      [
       194082.08166058443,
       547364.3724820442
      ],
      [
       194081.9837721003,
       547364.383360466
      ],
      [
       194081.88528827188,
       547364.3845566787
      ],
      [
       194081.78716444108,
       547364.3760590781
      ],
      [
       194081.69035245766,
       547364.3579500956
      ],
      [
       194081.5957914458,
       547364.3304053969
      ],
      [
       194081.50439869423,
       547364.2936921794
      ],
      [
       194081.41706075784,
       547364.2481665794
      ],
      [
       194081.3346248579,
       547364.1942702178
      ],
      [
       194081.2578906635,
       547364.1325259161
      ],
      [
       194078.46895333816,
       547361.6525014892
      ],
      [
       194078.39936957968,
       547361.5842704572
      ],
      [
       194078.3367577728,
       547361.5095902402
      ],
      [
       194078.28171256528,
       547361.4291701042
      ],
      [
       194078.2347567419,
       547361.3437738289
      ],
      [
       194078.19633625975,
       547361.254212455
      ],
      [
       194078.16681601238,
       547361.16133658
      ],
      [
       194078.14647636467,
       547361.0660282808
      ],
      [
       194078.1355104898,
       547360.9691927359
      ],
      [
       194078.13402253482,
       547360.8717496286
      ],
      [
       194078.14202663137,
       547360.7746244125
      ],
      [
       194078.15944676154,
       547360.678739522
      ],
      [
       194078.18611747987,
       547360.5850056116
      ],
      [
       194078.22178548458,
       547360.4943129075
      ],
      [
       194078.26611202335,
       547360.4075227517
      ],
      [
       194078.3186761105,
       547360.3254594231
      ],
      [
       194078.37897852526,
       547360.2489023076
      ],
      [
       194079.6489916211,
       547358.7889347567
      ],
      [
       194079.7170191699,
       547358.7180823454
      ],
      [
       194079.7916695182,
       547358.6542455452
      ],
      [
       194079.8722224534,
       547358.5980402412
      ],
      [
       194079.95790081602,
       547358.5500086916
      ],
      [
       194080.0478779973,
       547358.5106142958
      ],
      [
       194080.1412859144,
       547358.4802371237
      ],
      [
       194080.23722338534,
       547358.4591702481
      ],
      [
       194080.33476482346,
       547358.4476169187
      ],
      [
       194080.43296916733,
       547358.4456885995
      ],
      [
       194080.53088895997,
       547358.4534038948
      ],
      [
       194080.62757948964,
       547358.4706883688
      ],
      [
       194080.72210790438,
       547358.4973752641
      ],
      [
       194080.8135622118,
       547358.5332071105
      ],
      [
       194080.90106007803,
       547358.5778382092
      ],
      [
       194080.9837573401,
       547358.630837968
      ],
      [
       194081.0608561504,
       547358.6916950548
      ],
      [
       194083.880793543,
       547361.1517201436
      ]
     ]
    ]
   },
   "properties": {
    "label": "여의도고등학교 운동장",
    "kind": "운동장",
    "school": "여의도고등학교",
    "jibun": "30-1",
    "floors": 0,
    "receptors": 588,
    "S0_hours": 4.89,
    "S1_hours": 4.61,
    "S2_hours": 4.73,
    "S3_hours": 4.46,
    "S0_daegyo_h": 0.0,
    "S1_daegyo_h": 0.27,
    "S2_daegyo_h": 0.0,
    "S3_daegyo_h": 0.28,
    "S0_hwarang_h": 0.0,
    "S1_hwarang_h": 0.0,
    "S2_hwarang_h": 0.16,
    "S3_hwarang_h": 0.16
   }
  },
  {
   "type": "Feature",
   "geometry": {
    "type": "MultiPolygon",
    "coordinates": [
     [
      [
       [
        194279.652912398,
        547231.005515588
       ],
       [
        194296.403102938,
        547210.645952601
       ],
       [
        194298.183065074,
        547212.09596929
       ],
       [
        194312.983234102,
        547194.065355763
       ],
       [
        194314.033211693,
        547194.925365568
       ],
       [
        194319.893278629,
        547187.785518595
       ],
       [
        194319.4332885,
        547187.405514327
       ],
       [
        194319.933294223,
        547186.795527388
       ],
       [
        194317.183352876,
        547184.545501687
       ],
       [
        194333.412540768,
        547164.615926769
       ],
       [
        194338.503435347,
        547168.584975967
       ],
       [
        194338.122430563,
        547169.075965799
       ],
       [
        194339.153409113,
        547169.885975711
       ],
       [
        194351.132558422,
        547154.515294907
       ],
       [
        194350.492571693,
        547154.015288729
       ],
       [
        194350.25256883,
        547154.3152824
       ],
       [
        194345.342670373,
        547150.495234884
       ],
       [
        194355.472796501,
        547137.505504738
       ],
       [
        194355.932794191,
        547137.415512876
       ],
       [
        194358.502741031,
        547139.415537742
       ],
       [
        194359.032747477,
        547138.745551783
       ],
       [
        194359.562736392,
        547139.165556849
       ],
       [
        194365.282807853,
        547131.815709348
       ],
       [
        194362.092873796,
        547129.335678462
       ],
       [
        194362.212875389,
        547129.175681709
       ],
       [
        194373.573005461,
        547115.315978501
       ],
       [
        194365.553176794,
        547108.735903688
       ],
       [
        194365.313174091,
        547109.025897441
       ],
       [
        194364.663188084,
        547108.485891432
       ],
       [
        194270.753102511,
        547223.705432561
       ],
       [
        194279.652912398,
        547231.005515588
       ]
      ]
     ]
    ]
   },
   "properties": {
    "label": "여의도중학교 ①(5층)",
    "kind": "교사동",
    "school": "여의도중학교",
    "jibun": "40-1",
    "floors": 5,
    "receptors": 165,
    "S0_hours": 5.29,
    "S1_hours": 4.79,
    "S2_hours": 4.78,
    "S3_hours": 4.27,
    "S0_daegyo_h": 0.0,
    "S1_daegyo_h": 0.51,
    "S2_daegyo_h": 0.0,
    "S3_daegyo_h": 0.51,
    "S0_hwarang_h": 0.0,
    "S1_hwarang_h": 0.0,
    "S2_hwarang_h": 0.51,
    "S3_hwarang_h": 0.51
   }
  },
  {
   "type": "Feature",
   "geometry": {
    "type": "MultiPolygon",
    "coordinates": [
     [
      [
       [
        194351.463476352,
        547097.265771512
       ],
       [
        194351.962492537,
        547096.005789911
       ],
       [
        194351.913510463,
        547094.915798095
       ],
       [
        194351.112532444,
        547093.955793116
       ],
       [
        194349.982553575,
        547093.215781033
       ],
       [
        194349.072560207,
        547093.265765988
       ],
       [
        194348.842632036,
        547088.915798099
       ],
       [
        194347.432725567,
        547083.815817405
       ],
       [
        194345.972799725,
        547079.945825785
       ],
       [
        194343.852875897,
        547076.285821819
       ],
       [
        194341.892928091,
        547074.035808821
       ],
       [
        194338.723003519,
        547070.955783196
       ],
       [
        194329.223212665,
        547062.775697758
       ],
       [
        194317.962444239,
        547054.095588117
       ],
       [
        194317.655440765,
        547054.467580117
       ],
       [
        194309.193345752,
        547064.675360002
       ],
       [
        194324.683001638,
        547078.205497727
       ],
       [
        194325.903014023,
        547076.815528789
       ],
       [
        194332.982840403,
        547084.015583376
       ],
       [
        194331.80279923,
        547087.175538386
       ],
       [
        194331.332749038,
        547090.535503169
       ],
       [
        194331.272702737,
        547093.44547825
       ],
       [
        194331.33264339,
        547097.105449082
       ],
       [
        194328.712678947,
        547096.225414192
       ],
       [
        194325.22270183,
        547096.575355187
       ],
       [
        194321.29271046,
        547098.035279964
       ],
       [
        194317.252694102,
        547101.105189722
       ],
       [
        194314.962629176,
        547106.306110077
       ],
       [
        194314.373539437,
        547112.186052198
       ],
       [
        194315.703449953,
        547117.07503334
       ],
       [
        194318.443367425,
        547120.815046616
       ],
       [
        194322.983288668,
        547123.406098297
       ],
       [
        194328.323232514,
        547124.185177761
       ],
       [
        194333.393205564,
        547123.285266706
       ],
       [
        194338.16320165,
        547121.105361365
       ],
       [
        194341.323235492,
        547117.395442728
       ],
       [
        194344.283274182,
        547113.485522516
       ],
       [
        194347.163354856,
        547107.005622179
       ],
       [
        194348.67343032,
        547101.545691409
       ],
       [
        194349.072475464,
        547098.535722606
       ],
       [
        194350.492471258,
        547098.075749229
       ],
       [
        194351.463476352,
        547097.265771512
       ]
      ]
     ]
    ]
   },
   "properties": {
    "label": "여의도중학교 ②(4층)",
    "kind": "교사동",
    "school": "여의도중학교",
    "jibun": "40-1",
    "floors": 4,
    "receptors": 84,
    "S0_hours": 4.1,
    "S1_hours": 3.67,
    "S2_hours": 3.49,
    "S3_hours": 3.07,
    "S0_daegyo_h": 0.0,
    "S1_daegyo_h": 0.43,
    "S2_daegyo_h": 0.0,
    "S3_daegyo_h": 0.43,
    "S0_hwarang_h": 0.05,
    "S1_hwarang_h": 0.05,
    "S2_hwarang_h": 0.66,
    "S3_hwarang_h": 0.66
   }
  },
  {
   "type": "Feature",
   "geometry": {
    "type": "MultiPolygon",
    "coordinates": [
     [
      [
       [
        194256.21685585612,
        547094.1022534305
       ],
       [
        194255.2615000932,
        547100.324873897
       ],
       [
        194254.6724103542,
        547106.2048160181
       ],
       [
        194254.37570231842,
        547111.6766004399
       ],
       [
        194254.5794505818,
        547117.1526343205
       ],
       [
        194255.28195563142,
        547122.5872407526
       ],
       [
        194256.4773577047,
        547127.9350883851
       ],
       [
        194257.8072682207,
        547132.8240695271
       ],
       [
        194259.49201865218,
        547138.0577641231
       ],
       [
        194260.75043874266,
        547141.0086857032
       ],
       [
        194224.24443899977,
        547185.79838548
       ],
       [
        194220.75930920127,
        547190.5298296199
       ],
       [
        194217.75374060674,
        547195.5795079053
       ],
       [
        194215.25656387693,
        547200.8989817272
       ],
       [
        194213.2917329669,
        547206.437224486
       ],
       [
        194211.87809534985,
        547212.1411110602
       ],
       [
        194211.02921122417,
        547217.9559274032
       ],
       [
        194210.75322343854,
        547223.8258953847
       ],
       [
        194210.850350716,
        547225.7287846023
       ],
       [
        194243.860303233,
        547251.6391339325
       ],
       [
        194243.93338219047,
        547251.7024372406
       ],
       [
        194244.00000630596,
        547251.772501997
       ],
       [
        194244.05955278777,
        547251.848673247
       ],
       [
        194244.11146500474,
        547251.9302389541
       ],
       [
        194244.15525768956,
        547252.0164366548
       ],
       [
        194244.1905214752,
        547252.1064605864
       ],
       [
        194244.21692672124,
        547252.1994692195
       ],
       [
        194244.2342265956,
        547252.294593124
       ],
       [
        194244.24225938186,
        547252.3909430964
       ],
       [
        194244.2409499907,
        547252.4876184724
       ],
       [
        194244.23031066213,
        547252.583715546
       ],
       [
        194244.21044085096,
        547252.6783360165
       ],
       [
        194244.181526297,
        547252.7705953867
       ],
       [
        194244.143837289,
        547252.8596312308
       ],
       [
        194244.09772613787,
        547252.9446112554
       ],
       [
        194244.0436238834,
        547253.0247410807
       ],
       [
        194231.8505011218,
        547269.3251597959
       ],
       [
        194232.70134941992,
        547270.0957773182
       ],
       [
        194241.60115930694,
        547277.3958603452
       ],
       [
        194246.32684442372,
        547280.899134352
       ],
       [
        194251.37287663357,
        547283.9228055523
       ],
       [
        194256.6907509118,
        547286.4378088824
       ],
       [
        194262.22934914968,
        547288.4199688531
       ],
       [
        194267.93543152764,
        547289.8502319357
       ],
       [
        194273.75414828354,
        547290.7148497152
       ],
       [
        194279.6295669563,
        547291.0055110463
       ],
       [
        194285.50521003734,
        547290.7194219443
       ],
       [
        194291.32459786086,
        547289.8593324434
       ],
       [
        194297.03179151512,
        547288.4335101605
       ],
       [
        194302.5719305559,
        547286.4556608238
       ],
       [
        194307.8917603526,
        547283.9447965256
       ],
       [
        194312.9401439991,
        547280.925052969
       ],
       [
        194317.66855386744,
        547277.4254574629
       ],
       [
        194322.03153808028,
        547273.4796498968
       ],
       [
        194325.98715741717,
        547269.1255593774
       ],
       [
        194332.39964610664,
        547261.33129178
       ],
       [
        194336.26386289875,
        547258.4624748413
       ],
       [
        194340.6153526658,
        547254.5164946254
       ],
       [
        194344.56012632718,
        547250.1639110458
       ],
       [
        194351.41780633276,
        547241.809399848
       ],
       [
        194352.1005167333,
        547241.3029494525
       ],
       [
        194356.46034530998,
        547237.3510456809
       ],
       [
        194360.41209971407,
        547232.991081717
       ],
       [
        194366.27216665007,
        547225.851234744
       ],
       [
        194369.39330929794,
        547221.6685130931
       ],
       [
        194373.69808800003,
        547218.943749413
       ],
       [
        194378.3513792724,
        547215.3119499481
       ],
       [
        194382.62528768776,
        547211.2404890461
       ],
       [
        194386.47844764532,
        547206.7687728923
       ],
       [
        194398.4575969543,
        547191.3980920883
       ],
       [
        194401.84246187643,
        547186.5856190657
       ],
       [
        194404.73970590084,
        547181.4647613058
       ],
       [
        194407.12146944524,
        547176.084760418
       ],
       [
        194407.3142730133,
        547175.5003597431
       ],
       [
        194412.63293853338,
        547168.6662876955
       ],
       [
        194416.01792326305,
        547163.8461333902
       ],
       [
        194418.91399046828,
        547158.7173124839
       ],
       [
        194421.29323170747,
        547153.329249727
       ],
       [
        194422.33108327413,
        547150.1722964005
       ],
       [
        194423.49545576988,
        547148.5988412859
       ],
       [
        194426.5156483517,
        547143.5485229089
       ],
       [
        194429.0266021382,
        547138.2266444791
       ],
       [
        194431.00416504682,
        547132.6843954878
       ],
       [
        194432.4293155158,
        547126.975085102
       ],
       [
        194433.2883454665,
        547121.1536294005
       ],
       [
        194433.5729921574,
        547115.276023153
       ],
       [
        194433.2805176606,
        547109.3988012235
       ],
       [
        194432.41373519722,
        547103.5784947796
       ],
       [
        194430.9809820778,
        547097.8710875364
       ],
       [
        194428.9960395085,
        547092.3314772671
       ],
       [
        194426.4780000337,
        547087.0129477576
       ],
       [
        194424.6378540792,
        547083.9451677474
       ],
       [
        194424.59433679978,
        547084.0075698725
       ],
       [
        194418.8442641279,
        547091.4474161549
       ],
       [
        194418.78041233058,
        547091.522133904
       ],
       [
        194418.70953422535,
        547091.5902227303
       ],
       [
        194418.63231448014,
        547091.6510249096
       ],
       [
        194418.54949902178,
        547091.7039531055
       ],
       [
        194418.46188783055,
        547091.7484960423
       ],
       [
        194418.3703272125,
        547091.7842234448
       ],
       [
        194418.27570162437,
        547091.8107901933
       ],
       [
        194418.17892512982,
        547091.8279396585
       ],
       [
        194418.08093256986,
        547091.8355061803
       ],
       [
        194417.98267053245,
        547091.8334166675
       ],
       [
        194417.88508820866,
        547091.8216913046
       ],
       [
        194417.78912822358,
        547091.8004433558
       ],
       [
        194417.69571753097,
        547091.7698780722
       ],
       [
        194417.60575845884,
        547091.730290708
       ],
       [
        194417.5201199933,
        547091.6820636692
       ],
       [
        194417.43962938432,
        547091.6256628188
       ],
       [
        194415.23112630378,
        547089.9103352585
       ],
       [
        194396.5039130011,
        547114.1270886665
       ],
       [
        194396.44011678887,
        547114.201708028
       ],
       [
        194396.36931120927,
        547114.2697122609
       ],
       [
        194396.29217868694,
        547114.3304459401
       ],
       [
        194396.20946262553,
        547114.3833237141
       ],
       [
        194396.12196024295,
        547114.4278359466
       ],
       [
        194396.03051488765,
        547114.4635536283
       ],
       [
        194395.9360079105,
        547114.4901325122
       ],
       [
        194395.83935017028,
        547114.5073164306
       ],
       [
        194395.7414732549,
        547114.514939765
       ],
       [
        194395.64332050257,
        547114.5129290416
       ],
       [
        194395.54583791015,
        547114.5013036398
       ],
       [
        194395.44996501537,
        547114.4801756053
       ],
       [
        194395.35662584178,
        547114.4497485701
       ],
       [
        194395.2667199929,
        547114.4103157902
       ],
       [
        194395.1811139818,
        547114.3622573189
       ],
       [
        194395.10063287965,
        547114.3060363443
       ],
       [
        194385.93082196848,
        547107.205947315
       ],
       [
        194385.8559771664,
        547107.1418558779
       ],
       [
        194385.7878033967,
        547107.0707095931
       ],
       [
        194385.72696258972,
        547106.9931992524
       ],
       [
        194385.6740454766,
        547106.9100774392
       ],
       [
        194385.6295658538,
        547106.8221512209
       ],
       [
        194385.59395559423,
        547106.7302743135
       ],
       [
        194385.5675604542,
        547106.6353387916
       ],
       [
        194385.5506367162,
        547106.5382664279
       ],
       [
        194385.54334870048,
        547106.4399997422
       ],
       [
        194385.54576716974,
        547106.3414928504
       ],
       [
        194385.55786864195,
        547106.2437022013
       ],
       [
        194385.5795356184,
        547106.1475772886
       ],
       [
        194385.61055772452,
        547106.0540514331
       ],
       [
        194385.65063375252,
        547105.9640327202
       ],
       [
        194385.69937458594,
        547105.8783951824
       ],
       [
        194385.7563069777,
        547105.7979703139
       ],
       [
        194395.7497429538,
        547093.0613444307
       ],
       [
        194393.33672276596,
        547091.22058186
       ],
       [
        194393.261639895,
        547091.1572365136
       ],
       [
        194393.19313450647,
        547091.0868299643
       ],
       [
        194393.13186768218,
        547091.0100416405
       ],
       [
        194393.0784306513,
        547090.9276125549
       ],
       [
        194393.03333908497,
        547090.8403381539
       ],
       [
        194392.99702811995,
        547090.7490606415
       ],
       [
        194392.96984815964,
        547090.6546608524
       ],
       [
        194392.95206149254,
        547090.5580497511
       ],
       [
        194392.94383976125,
        547090.4601596415
       ],
       [
        194392.94526230605,
        547090.3619351699
       ],
       [
        194392.95631539932,
        547090.2643242097
       ],
       [
        194392.9768923779,
        547090.1682687133
       ],
       [
        194393.0067946725,
        547090.0746956231
       ],
       [
        194393.04573372385,
        547089.9845079259
       ],
       [
        194393.0933337674,
        547089.8985759396
       ],
       [
        194393.14913545936,
        547089.8177289136
       ],
       [
        194397.38918990816,
        547084.2778427062
       ],
       [
        194397.45251884352,
        547084.2030062942
       ],
       [
        194397.5228712878,
        547084.1347305577
       ],
       [
        194397.59957108065,
        547084.0736716978
       ],
       [
        194397.68188105707,
        547084.0204165535
       ],
       [
        194397.7690101324,
        547083.9754769625
       ],
       [
        194397.86012090542,
        547083.9392848411
       ],
       [
        194397.95433770656,
        547083.9121880332
       ],
       [
        194398.05075501412,
        547083.8944469675
       ],
       [
        194398.14844615725,
        547083.8862321542
       ],
       [
        194398.24647222226,
        547083.887622546
       ],
       [
        194398.34389107642,
        547083.89860478
       ],
       [
        194398.439766423,
        547083.9190733053
       ],
       [
        194398.53317679992,
        547083.9488313983
       ],
       [
        194398.6232244361,
        547083.9875930523
       ],
       [
        194398.70904387985,
        547084.0349857277
       ],
       [
        194398.78981031687,
        547084.0905539314
       ],
       [
        194401.2912162948,
        547085.9987412423
       ],
       [
        194413.41490916503,
        547070.5471047099
       ],
       [
        194411.6309740508,
        547068.930732713
       ],
       [
        194409.08055239,
        547066.8381736286
       ],
       [
        194405.04210735916,
        547072.1976282586
       ],
       [
        194404.9792470288,
        547072.273042448
       ],
       [
        194404.90929463293,
        547072.3419291913
       ],
       [
        194404.83292442324,
        547072.4036245084
       ],
       [
        194404.75087251086,
        547072.4575337355
       ],
       [
        194404.6639297713,
        547072.5031372565
       ],
       [
        194404.5729342214,
        547072.5399955118
       ],
       [
        194404.4787629418,
        547072.5677532349
       ],
       [
        194404.3823236233,
        547072.5861428769
       ],
       [
        194404.28454581753,
        547072.5949871852
       ],
       [
        194404.18637197753,
        547072.5942009119
       ],
       [
        194404.08874837353,
        547072.5837916358
       ],
       [
        194403.9926159722,
        547072.5638596888
       ],
       [
        194403.898901367,
        547072.5345971896
       ],
       [
        194403.80850784687,
        547072.4962861912
       ],
       [
        194403.72230668968,
        547072.4492959625
       ],
       [
        194403.6411287644,
        547072.3940794293
       ],
       [
        194399.40021486834,
        547069.1940375661
       ],
       [
        194399.32485789637,
        547069.1311410181
       ],
       [
        194399.2560301929,
        547069.0611596191
       ],
       [
        194399.19439488868,
        547068.9847676153
       ],
       [
        194399.1405458182,
        547068.9027010169
       ],
       [
        194399.0950017984,
        547068.8157505066
       ],
       [
        194399.0582016299,
        547068.7247538222
       ],
       [
        194399.0304998694,
        547068.6305876848
       ],
       [
        194399.01216341366,
        547068.5341593521
       ],
       [
        194399.00336892798,
        547068.436397877
       ],
       [
        194399.00420114413,
        547068.3382451574
       ],
       [
        194399.01465204402,
        547068.2406468599
       ],
       [
        194399.0346209369,
        547068.14454331
       ],
       [
        194399.06391542946,
        547068.0508604319
       ],
       [
        194399.1022532796,
        547067.9605008268
       ],
       [
        194399.14926511556,
        547067.874335078
       ],
       [
        194399.20449799477,
        547067.7931933624
       ],
       [
        194403.3045518193,
        547062.363303997
       ],
       [
        194403.36738629345,
        547062.2880627624
       ],
       [
        194403.4354824255,
        547062.2211082148
       ],
       [
        194403.4052747782,
        547062.1988303753
       ],
       [
        194402.11105092935,
        547058.7680838914
       ],
       [
        194400.1844518901,
        547054.2340236403
       ],
       [
        194397.8923836994,
        547049.8733001192
       ],
       [
        194395.7724598714,
        547046.2132961531
       ],
       [
        194392.6576389091,
        547041.3846025375
       ],
       [
        194389.09519161895,
        547036.8760150685
       ],
       [
        194387.13524381295,
        547034.6260020705
       ],
       [
        194383.70475064503,
        547031.0035942055
       ],
       [
        194380.53482607304,
        547027.9235685805
       ],
       [
        194377.87359459262,
        547025.4889687201
       ],
       [
        194368.37380373862,
        547017.308883282
       ],
       [
        194365.85350951893,
        547015.2549512108
       ],
       [
        194354.59274109293,
        547006.5748415699
       ],
       [
        194349.87098107632,
        547003.2837265402
       ],
       [
        194344.85560530002,
        547000.4601717567
       ],
       [
        194339.59276421508,
        546998.1301589868
       ],
       [
        194338.2804230713,
        546997.6940564605
       ],
       [
        194325.4599891444,
        547014.0894619337
       ],
       [
        194325.46973781555,
        547014.0953224445
       ],
       [
        194325.54859309853,
        547014.1539838352
       ],
       [
        194325.62130915516,
        547014.2201025885
       ],
       [
        194325.68718359817,
        547014.2930400424
       ],
       [
        194325.74558012563,
        547014.3720916712
       ],
       [
        194325.79593466708,
        547014.4564938903
       ],
       [
        194325.8377608322,
        547014.545431432
       ],
       [
        194325.8706546089,
        547014.6380452208
       ],
       [
        194325.89429826586,
        547014.733440671
       ],
       [
        194325.90846342154,
        547014.8306963278
       ],
       [
        194325.91301325028,
        547014.9288727684
       ],
       [
        194325.90790380383,
        547015.0270216756
       ],
       [
        194325.89318443593,
        547015.1241949982
       ],
       [
        194325.86899732563,
        547015.2194541086
       ],
       [
        194325.8355761038,
        547015.3118788692
       ],
       [
        194325.7932435965,
        547015.4005765199
       ],
       [
        194325.74240870678,
        547015.4846903025
       ],
       [
        194325.6835624648,
        547015.5634077353
       ],
       [
        194324.34354736118,
        547017.1833728545
       ],
       [
        194324.276192099,
        547017.2569895331
       ],
       [
        194324.20183577514,
        547017.3235273706
       ],
       [
        194324.12121869202,
        547017.3823239064
       ],
       [
        194324.03514348518,
        547017.4327937537
       ],
       [
        194323.94446713195,
        547017.4744344272
       ],
       [
        194323.85009241948,
        547017.5068313462
       ],
       [
        194323.75295895623,
        547017.5296619623
       ],
       [
        194323.6540338172,
        547017.5426989705
       ],
       [
        194323.5543019156,
        547017.5458125725
       ],
       [
        194323.45475619685,
        547017.5389717688
       ],
       [
        194323.35638775275,
        547017.5222446673
       ],
       [
        194323.26017595397,
        547017.4957978057
       ],
       [
        194323.16707869928,
        547017.4598944928
       ],
       [
        194323.0780228786,
        547017.414892187
       ],
       [
        194322.99389514478,
        547017.361238938
       ],
       [
        194320.47394451415,
        547015.5712131454
       ],
       [
        194320.39700588572,
        547015.5106828186
       ],
       [
        194320.32635445354,
        547015.4429196418
       ],
       [
        194320.2626673036,
        547015.3685730216
       ],
       [
        194320.20655478007,
        547015.2883554568
       ],
       [
        194320.1585546357,
        547015.2030357103
       ],
       [
        194320.11912687868,
        547015.1134314415
       ],
       [
        194320.08864936378,
        547015.0204013706
       ],
       [
        194320.06741417147,
        547014.9248370487
       ],
       [
        194320.05562480865,
        547014.8276543141
       ],
       [
        194320.05339425837,
        547014.7297845146
       ],
       [
        194320.060743897,
        547014.632165583
       ],
       [
        194320.0776032895,
        547014.5357330475
       ],
       [
        194320.10381086438,
        547014.4414110669
       ],
       [
        194320.139115462,
        547014.3501035733
       ],
       [
        194320.18317874172,
        547014.2626856096
       ],
       [
        194320.23557842427,
        547014.1799949434
       ],
       [
        194320.30441065892,
        547014.082300921
       ],
       [
        194312.841879325,
        547008.317258814
       ],
       [
        194312.7672713808,
        547008.2535395671
       ],
       [
        194312.69926680814,
        547008.1828156967
       ],
       [
        194312.63852025216,
        547008.1057680252
       ],
       [
        194312.58561648882,
        547008.0231382509
       ],
       [
        194312.5410647956,
        547007.9357218086
       ],
       [
        194312.50529404878,
        547007.8443602115
       ],
       [
        194312.47864859505,
        547007.7499329508
       ],
       [
        194312.46138493653,
        547007.6533490296
       ],
       [
        194312.45366926162,
        547007.5555382116
       ],
       [
        194312.45557584518,
        547007.4574420715
       ],
       [
        194312.4670863335,
        547007.3600049306
       ],
       [
        194312.48808992095,
        547007.2641647664
       ],
       [
        194312.51838441685,
        547007.1708441831
       ],
       [
        194312.55767819154,
        547007.0809415301
       ],
       [
        194312.605592984,
        547006.995322254
       ],
       [
        194312.6616675431,
        547006.9148105681
       ],
       [
        194322.416636337,
        546994.2788864736
       ],
       [
        194317.05998342496,
        546994.1023754636
       ],
       [
        194311.31585119537,
        546994.4648678387
       ],
       [
        194305.63287954094,
        546995.3760697747
       ],
       [
        194300.06336199204,
        546996.8275965797
       ],
       [
        194294.65854809782,
        546998.8060916042
       ],
       [
        194289.46817183844,
        547001.2933491459
       ],
       [
        194284.5399939832,
        547004.2664819752
       ],
       [
        194279.919362606,
        547007.6981319382
       ],
       [
        194275.64879580154,
        547011.5567217015
       ],
       [
        194271.76759044276,
        547015.8067453199
       ],
       [
        194262.99849195575,
        547026.3865172048
       ],
       [
        194259.52236066485,
        547031.0183660709
       ],
       [
        194256.5089630661,
        547035.963762676
       ],
       [
        194253.9863718984,
        547041.1766358253
       ],
       [
        194251.9780875599,
        547046.608422519
       ],
       [
        194250.50281917877,
        547052.208520364
       ],
       [
        194250.2164259274,
        547053.971661499
       ],
       [
        194256.7908309023,
        547059.139349183
       ],
       [
        194256.86498174272,
        547059.2037701871
       ],
       [
        194256.93245466138,
        547059.2751551868
       ],
       [
        194256.99259865165,
        547059.3528154298
       ],
       [
        194257.04483341947,
        547059.4360016183
       ],
       [
        194257.08865498225,
        547059.5239111374
       ],
       [
        194257.12364053147,
        547059.6156957998
       ],
       [
        194257.1494525121,
        547059.7104700294
       ],
       [
        194257.16584187944,
        547059.8073194049
       ],
       [
        194257.17265050218,
        547059.9053094839
       ],
       [
        194257.16981268788,
        547060.0034948175
       ],
       [
        194257.15735581695,
        547060.100928073
       ],
       [
        194257.1354000784,
        547060.1966691742
       ],
       [
        194257.1041573103,
        547060.2897943715
       ],
       [
        194257.0639289558,
        547060.3794051544
       ],
       [
        194257.01510315458,
        547060.4646369211
       ],
       [
        194256.95815099822,
        547060.5446673203
       ],
       [
        194251.35275742077,
        547067.6545738513
       ],
       [
        194251.51003510936,
        547067.7917390702
       ],
       [
        194251.58737563106,
        547067.8669062626
       ],
       [
        194251.65617135295,
        547067.9499653485
       ],
       [
        194251.7156220664,
        547068.0399502126
       ],
       [
        194251.7650362608,
        547068.1358141813
       ],
       [
        194251.98502658357,
        547068.625813682
       ],
       [
        194252.02368818191,
        547068.726007028
       ],
       [
        194252.0513822108,
        547068.8297686132
       ],
       [
        194252.06778926318,
        547068.9359017109
       ],
       [
        194252.12777912652,
        547069.5358977385
       ],
       [
        194252.1324717667,
        547069.6122107176
       ],
       [
        194252.1313202852,
        547069.6886591691
       ],
       [
        194252.1147552397,
        547069.9991598693
       ],
       [
        194259.8810969493,
        547077.9142684045
       ],
       [
        194286.9206762534,
        547042.8149106645
       ],
       [
        194286.98306785873,
        547042.74152354
       ],
       [
        194287.05223078205,
        547042.6744797297
       ],
       [
        194287.1275233032,
        547042.6144012917
       ],
       [
        194287.20824682942,
        547042.5618456567
       ],
       [
        194287.29365237695,
        547042.5173004561
       ],
       [
        194287.38294752044,
        547042.4811789971
       ],
       [
        194287.47530374542,
        547042.4538164284
       ],
       [
        194287.56986413553,
        547042.4354666306
       ],
       [
        194287.66575132325,
        547042.42629986
       ],
       [
        194287.76207563063,
        547042.4264011694
       ],
       [
        194287.85794332388,
        547042.435769619
       ],
       [
        194287.9524649059,
        547042.4543182844
       ],
       [
        194288.04476336925,
        547042.4818750642
       ],
       [
        194288.13398233353,
        547042.5181842761
       ],
       [
        194288.21929399107,
        547042.5629090292
       ],
       [
        194288.2999067877,
        547042.6156343502
       ],
       [
        194288.37507276697,
        547042.6758710335
       ],
       [
        194289.34124790784,
        547043.5297278442
       ],
       [
        194291.0896071859,
        547041.5275225802
       ],
       [
        194291.15958578908,
        547041.4550940853
       ],
       [
        194291.23649465854,
        547041.3900716463
       ],
       [
        194291.3195537159,
        547041.3331147786
       ],
       [
        194291.40792050218,
        547041.2848011898
       ],
       [
        194291.50069872255,
        547041.2456209192
       ],
       [
        194291.59694733762,
        547041.2159713681
       ],
       [
        194291.69569010808,
        547041.1961532687
       ],
       [
        194291.7959254967,
        547041.1863676339
       ],
       [
        194291.8966368268,
        547041.1867137182
       ],
       [
        194291.99680259422,
        547041.1971880114
       ],
       [
        194292.09540682845,
        547041.2176842738
       ],
       [
        194292.1914493974,
        547041.2479946142
       ],
       [
        194292.2839561517,
        547041.2878115979
       ],
       [
        194292.3719888053,
        547041.3367313656
       ],
       [
        194292.45465445262,
        547041.3942577295
       ],
       [
        194295.29958350677,
        547043.5946676607
       ],
       [
        194295.80932015146,
        547042.9314179966
       ],
       [
        194289.0527592588,
        547037.7275277587
       ],
       [
        194289.04843402794,
        547037.7241775843
       ],
       [
        194288.10141199126,
        547036.9864934345
       ],
       [
        194288.0628851086,
        547037.0043197294
       ],
       [
        194287.95970372122,
        547037.0390230637
       ],
       [
        194287.85336148101,
        547037.0623049893
       ],
       [
        194287.05336592515,
        547037.1922910548
       ],
       [
        194286.97841119597,
        547037.2015803038
       ],
       [
        194286.90296915715,
        547037.2051859038
       ],
       [
        194285.90297716574,
        547037.2151697404
       ],
       [
        194285.76791699175,
        547037.2073666443
       ],
       [
        194284.577929127,
        547037.0573487433
       ],
       [
        194284.46028737607,
        547037.0352984365
       ],
       [
        194284.34612276134,
        547036.9993507199
       ],
       [
        194283.4561355003,
        547036.6593392058
       ],
       [
        194283.37064179592,
        547036.6220194338
       ],
       [
        194283.28899762765,
        547036.5768955081
       ],
       [
        194283.211913458,
        547036.5243600947
       ],
       [
        194279.7019845822,
        547033.8843253789
       ],
       [
        194279.6264305125,
        547033.8214517733
       ],
       [
        194279.55741399116,
        547033.7514644349
       ],
       [
        194279.49560182192,
        547033.6750395471
       ],
       [
        194279.4415912035,
        547033.5929154896
       ],
       [
        194279.3959039599,
        547033.5058857043
       ],
       [
        194279.3589814988,
        547033.4147910305
       ],
       [
        194279.33118054684,
        547033.3205115799
       ],
       [
        194279.3127697031,
        547033.2239582341
       ],
       [
        194279.30392684412,
        547033.1260638441
       ],
       [
        194279.30473740524,
        547033.0277742173
       ],
       [
        194279.31519355523,
        547032.9300389797
       ],
       [
        194279.3351942719,
        547032.8338024011
       ],
       [
        194279.3645463182,
        547032.7399942718
       ],
       [
        194279.40296610905,
        547032.6495209199
       ],
       [
        194279.4500824514,
        547032.5632564542
       ],
       [
        194279.5054401303,
        547032.4820343198
       ],
       [
        194280.54821816334,
        547031.1029224608
       ],
       [
        194279.36863435004,
        547030.1840839875
       ],
       [
        194279.29426528816,
        547030.1200499886
       ],
       [
        194279.22653096728,
        547030.0490346934
       ],
       [
        194279.16608374414,
        547029.971722058
       ],
       [
        194279.11350579263,
        547029.888856689
       ],
       [
        194279.06930349677,
        547029.8012366717
       ],
       [
        194279.03390257378,
        547029.7097058845
       ],
       [
        194279.00764397386,
        547029.6151458701
       ],
       [
        194278.99078059648,
        547029.5184673468
       ],
       [
        194278.98347485467,
        547029.4206014359
       ],
       [
        194278.98579711086,
        547029.3224906949
       ],
       [
        194278.99772499912,
        547029.2250800391
       ],
       [
        194279.01914364065,
        547029.1293076414
       ],
       [
        194279.04984675016,
        547029.0360958963
       ],
       [
        194279.0895386226,
        547028.9463425362
       ],
       [
        194279.1378369812,
        547028.8609119859
       ],
       [
        194279.19427665908,
        547028.7806270362
       ],
       [
        194293.36445338212,
        547010.5910046446
       ],
       [
        194293.4284798483,
        547010.5166500545
       ],
       [
        194293.49948515178,
        547010.4489282683
       ],
       [
        194293.57678565395,
        547010.388491311
       ],
       [
        194293.6596371061,
        547010.335921069
       ],
       [
        194293.7472418149,
        547010.2917236886
       ],
       [
        194293.8387563229,
        547010.2563247017
       ],
       [
        194293.93329952896,
        547010.2300649295
       ],
       [
        194294.0299611717,
        547010.2131972009
       ],
       [
        194294.12781059352,
        547010.2058839184
       ],
       [
        194294.22590570076,
        547010.2081954941
       ],
       [
        194294.3233020344,
        547010.2201096723
       ],
       [
        194294.41906186318,
        547010.2415117432
       ],
       [
        194294.5122632121,
        547010.2721956479
       ],
       [
        194294.60200873917,
        547010.311865962
       ],
       [
        194294.68743437502,
        547010.3601407399
       ],
       [
        194294.76771764227,
        547010.4165551924
       ],
       [
        194322.32714742442,
        547031.8768217376
       ],
       [
        194322.40127798112,
        547031.9406072695
       ],
       [
        194322.4688235804,
        547032.011328734
       ],
       [
        194322.52913822068,
        547032.0883097557
       ],
       [
        194322.5816450567,
        547032.1708140931
       ],
       [
        194322.62584191657,
        547032.2580526803
       ],
       [
        194322.6613061045,
        547032.3491911732
       ],
       [
        194322.68769844333,
        547032.4433579294
       ],
       [
        194322.70476651847,
        547032.5396523442
       ],
       [
        194322.71234709202,
        547032.6371534644
       ],
       [
        194322.71036766385,
        547032.7349287955
       ],
       [
        194322.6988471651,
        547032.832043221
       ],
       [
        194322.67789577704,
        547032.9275679447
       ],
       [
        194322.64771387738,
        547033.0205893748
       ],
       [
        194322.60859012374,
        547033.1102178604
       ],
       [
        194322.56089869316,
        547033.1955962005
       ],
       [
        194322.50509570327,
        547033.2759078426
       ],
       [
        194319.22505399663,
        547037.5358200285
       ],
       [
        194319.2212917215,
        547037.5406753144
       ],
       [
        194308.42115724442,
        547051.390387621
       ],
       [
        194308.35734417214,
        547051.4644484655
       ],
       [
        194308.2866044632,
        547051.5319244646
       ],
       [
        194308.2096141853,
        547051.5921707423
       ],
       [
        194308.12710914353,
        547051.6446115181
       ],
       [
        194308.0398778482,
        547051.6887456091
       ],
       [
        194307.94875397903,
        547051.7241512209
       ],
       [
        194307.85460841743,
        547051.7504899777
       ],
       [
        194307.75834092358,
        547051.767510157
       ],
       [
        194307.66087153714,
        547051.7750490949
       ],
       [
        194307.56313178447,
        547051.773034741
       ],
       [
        194307.46605577576,
        547051.7614863467
       ],
       [
        194307.3705712778,
        547051.7405142813
       ],
       [
        194307.2775908471,
        547051.7103189774
       ],
       [
        194307.1880031085,
        547051.6711890148
       ],
       [
        194307.10266426246,
        547051.6234983633
       ],
       [
        194307.02238990238,
        547051.5677028081
       ],
       [
        194299.5240712287,
        547045.7925121501
       ],
       [
        194298.70215398172,
        547046.8634595047
       ],
       [
        194298.6988893791,
        547046.8911124602
       ],
       [
        194298.67791215883,
        547046.9868951105
       ],
       [
        194298.6476553125,
        547047.0801629138
       ],
       [
        194298.6084097403,
        547047.1700191598
       ],
       [
        194298.5605527633,
        547047.2555999382
       ],
       [
        194298.50454449566,
        547047.3360824446
       ],
       [
        194291.4192804895,
        547056.5217428984
       ],
       [
        194294.0210103572,
        547058.5693257435
       ],
       [
        194294.09457629753,
        547058.6332676848
       ],
       [
        194294.1615677265,
        547058.7040678819
       ],
       [
        194294.22134819068,
        547058.7810536958
       ],
       [
        194294.27334974465,
        547058.8634937215
       ],
       [
        194294.31707834662,
        547058.9506047359
       ],
       [
        194294.35211855214,
        547059.0415591389
       ],
       [
        194294.3781374611,
        547059.1354928167
       ],
       [
        194294.3948878803,
        547059.2315133505
       ],
       [
        194294.40221067212,
        547059.3287084952
       ],
       [
        194294.40003626616,
        547059.4261548467
       ],
       [
        194294.38838532046,
        547059.5229266138
       ],
       [
        194294.36736852504,
        547059.6181044145
       ],
       [
        194294.33718555036,
        547059.7107840105
       ],
       [
        194294.29812315037,
        547059.8000848971
       ],
       [
        194294.25055243817,
        547059.8851586697
       ],
       [
        194294.19492536024,
        547059.9651970833
       ],
       [
        194276.588951488,
        547082.8328666568
       ],
       [
        194276.91484313784,
        547083.0844966532
       ],
       [
        194279.66330205306,
        547079.542701637
       ],
       [
        194279.68007404744,
        547079.5216783308
       ],
       [
        194280.09007873785,
        547079.021689041
       ],
       [
        194280.16059851027,
        547078.9443321566
       ],
       [
        194280.23881826925,
        547078.8747707076
       ],
       [
        194280.32388095107,
        547078.8137668876
       ],
       [
        194280.4148545132,
        547078.7619891233
       ],
       [
        194280.5107421468,
        547078.7200047501
       ],
       [
        194281.2007406909,
        547078.4600179875
       ],
       [
        194281.30798163216,
        547078.4263605756
       ],
       [
        194281.41832222888,
        547078.4049504475
       ],
       [
        194281.53036849963,
        547078.396058087
       ],
       [
        194282.40036171256,
        547078.3760722413
       ],
       [
        194282.49995000355,
        547078.3787482615
       ],
       [
        194282.59877782268,
        547078.391320093
       ],
       [
        194282.69586430496,
        547078.4136629606
       ],
       [
        194282.79024586818,
        547078.4455551119
       ],
       [
        194282.88098577637,
        547078.4866800173
       ],
       [
        194283.56097459223,
        547078.8366880709
       ],
       [
        194283.64690840544,
        547078.8864666311
       ],
       [
        194283.72748103357,
        547078.9445233007
       ],
       [
        194283.80189782695,
        547079.0102854948
       ],
       [
        194283.86942484812,
        547079.0831046319
       ],
       [
        194283.92939611012,
        547079.1622625312
       ],
       [
        194283.98122014487,
        547079.2469784962
       ],
       [
        194284.34120659262,
        547079.9069788543
       ],
       [
        194284.38606026865,
        547080.0004344363
       ],
       [
        194284.420998185,
        547080.0980312603
       ],
       [
        194284.44564490585,
        547080.1987205705
       ],
       [
        194284.56563379316,
        547080.8287173108
       ],
       [
        194284.5797417513,
        547080.9316214039
       ],
       [
        194284.58309972606,
        547081.0354337869
       ],
       [
        194284.57309160597,
        547081.5454294286
       ],
       [
        194284.56691623258,
        547081.6384821833
       ],
       [
        194284.5520992898,
        547081.7305550274
       ],
       [
        194284.52876963987,
        547081.8208472077
       ],
       [
        194284.49713017957,
        547081.9085734577
       ],
       [
        194284.45745607576,
        547081.9929708268
       ],
       [
        194284.4100923721,
        547082.0733053149
       ],
       [
        194284.3554509884,
        547082.148878257
       ],
       [
        194271.82530042712,
        547097.8785472614
       ],
       [
        194271.7604560979,
        547097.9522195108
       ],
       [
        194271.68870223992,
        547098.0191804788
       ],
       [
        194271.6107300141,
        547098.0787851713
       ],
       [
        194271.52729047916,
        547098.1304594529
       ],
       [
        194271.43918735706,
        547098.1737055769
       ],
       [
        194271.34726929112,
        547098.2081069798
       ],
       [
        194271.25242167182,
        547098.2333322942
       ],
       [
        194271.15555810815,
        547098.2491385398
       ],
       [
        194271.05761162745,
        547098.2553734648
       ],
       [
        194270.9595256882,
        547098.251977012
       ],
       [
        194270.86224509217,
        547098.2389818975
       ],
       [
        194270.7667068837,
        547098.2165132951
       ],
       [
        194270.67383132386,
        547098.1847876312
       ],
       [
        194270.584513026,
        547098.1441104995
       ],
       [
        194270.49961233858,
        547098.0948737181
       ],
       [
        194270.41994705788,
        547098.0375515547
       ],
       [
        194263.1937136134,
        547092.2794069904
       ],
       [
        194263.1214900701,
        547092.2850020031
       ],
       [
        194263.02332251897,
        547092.2829485356
       ],
       [
        194262.92582957353,
        547092.271277614
       ],
       [
        194262.8299511715,
        547092.2501017587
       ],
       [
        194262.73661168473,
        547092.2196251279
       ],
       [
        194262.64671100708,
        547092.1801415492
       ],
       [
        194262.56111587866,
        547092.1320316872
       ],
       [
        194262.4806515293,
        547092.0757593734
       ],
       [
        194252.6026692695,
        547084.4188968944
       ],
       [
        194253.25447070692,
        547086.374259944
       ],
       [
        194255.6069556936,
        547091.6660769341
       ],
       [
        194256.46079650059,
        547093.1752411902
       ],
       [
        194256.21685585612,
        547094.1022534305
       ]
      ],
      [
       [
        194370.59688151683,
        547101.0381296504
       ],
       [
        194368.85403392362,
        547099.615796633
       ],
       [
        194368.778903129,
        547099.5478611866
       ],
       [
        194368.71103016683,
        547099.472673939
       ],
       [
        194368.65111140432,
        547099.3910063012
       ],
       [
        194368.59976159965,
        547099.3036961715
       ],
       [
        194368.55750759464,
        547099.2116393399
       ],
       [
        194368.52478290958,
        547099.1157802966
       ],
       [
        194368.50192329515,
        547099.0171025422
       ],
       [
        194368.48916328786,
        547098.9166184968
       ],
       [
        194368.48663380355,
        547098.8153591126
       ],
       [
        194368.49436079446,
        547098.7143632969
       ],
       [
        194368.51226498268,
        547098.6146672526
       ],
       [
        194368.54016267374,
        547098.5172938476
       ],
       [
        194368.5777676412,
        547098.4232421193
       ],
       [
        194368.62469406333,
        547098.3334770254
       ],
       [
        194368.68046048153,
        547098.2489195432
       ],
       [
        194371.0684932377,
        547094.9989847019
       ],
       [
        194371.12854966012,
        547094.9249289442
       ],
       [
        194371.19538605277,
        547094.8569294901
       ],
       [
        194371.26839480406,
        547094.7956045248
       ],
       [
        194371.34691218927,
        547094.7415115552
       ],
       [
        194371.43022440458,
        547094.6951423421
       ],
       [
        194371.51757405623,
        547094.6569184295
       ],
       [
        194371.60816704595,
        547094.627187312
       ],
       [
        194371.70117979025,
        547094.6062192761
       ],
       [
        194371.7957667076,
        547094.5942049427
       ],
       [
        194371.89106790553,
        547094.5912535347
       ],
       [
        194371.98621699808,
        547094.5973918831
       ],
       [
        194372.0803489821,
        547094.6125641842
       ],
       [
        194372.17260810095,
        547094.6366325063
       ],
       [
        194372.2621556243,
        547094.6693780433
       ],
       [
        194372.34817747306,
        547094.7105031047
       ],
       [
        194372.42989162,
        547094.7596338214
       ],
       [
        194372.5065551995,
        547094.8163235446
       ],
       [
        194381.59136177055,
        547102.2294086271
       ],
       [
        194381.66649325014,
        547102.2973353029
       ],
       [
        194381.7343681855,
        547102.3725135289
       ],
       [
        194381.79429026315,
        547102.4541720686
       ],
       [
        194381.8456447561,
        547102.5414732059
       ],
       [
        194381.8879048303,
        547102.6335213381
       ],
       [
        194381.92063694927,
        547102.7293721644
       ],
       [
        194381.94350532163,
        547102.828042373
       ],
       [
        194381.95627534596,
        547102.9285197285
       ],
       [
        194381.9588160175,
        547103.0297734569
       ],
       [
        194381.95110127202,
        547103.1307648189
       ],
       [
        194381.93321025342,
        547103.2304577673
       ],
       [
        194381.90532650155,
        547103.3278295748
       ],
       [
        194381.86773606946,
        547103.4218813261
       ],
       [
        194381.82082458888,
        547103.5116481658
       ],
       [
        194381.76507331402,
        547103.5962091961
       ],
       [
        194379.7650290748,
        547106.31895805
       ],
       [
        194392.04374129281,
        547115.7935491786
       ],
       [
        194392.1183548983,
        547115.8571974952
       ],
       [
        194392.18637500872,
        547115.9278484888
       ],
       [
        194392.2471473864,
        547116.0048226172
       ],
       [
        194392.30008750447,
        547116.0873795201
       ],
       [
        194392.3446861691,
        547116.1747251407
       ],
       [
        194392.38051441702,
        547116.2660193627
       ],
       [
        194392.40722764144,
        547116.360384091
       ],
       [
        194392.42456890657,
        547116.4569116978
       ],
       [
        194392.43237141904,
        547116.5546737514
       ],
       [
        194392.43056013188,
        547116.6527299472
       ],
       [
        194392.41915246658,
        547116.7501371518
       ],
       [
        194392.39825814555,
        547116.8459584734
       ],
       [
        194392.36807813653,
        547116.9392722739
       ],
       [
        194392.32890271986,
        547117.0291810336
       ],
       [
        194392.28110869642,
        547117.1148199829
       ],
       [
        194392.22515576333,
        547117.195365421
       ],
       [
        194389.17511698484,
        547121.1562837621
       ],
       [
        194389.11142629545,
        547121.2310854876
       ],
       [
        194389.0407030528,
        547121.2992765795
       ],
       [
        194388.9636298636,
        547121.3601988708
       ],
       [
        194388.88095062308,
        547121.4132643515
       ],
       [
        194388.79346333482,
        547121.4579608443
       ],
       [
        194388.7020124089,
        547121.4938569473
       ],
       [
        194388.6074805115,
        547121.5206061985
       ],
       [
        194388.51078004582,
        547121.5379504195
       ],
       [
        194388.41284434558,
        547121.545722207
       ],
       [
        194388.3146186668,
        547121.5438465497
       ],
       [
        194388.21705106425,
        547121.5323415508
       ],
       [
        194388.12108324116,
        547121.5113182543
       ],
       [
        194388.02764145995,
        547121.4809795729
       ],
       [
        194387.9376276022,
        547121.4416183296
       ],
       [
        194387.85191046383,
        547121.3936144313
       ],
       [
        194387.77131736968,
        547121.3374312021
       ],
       [
        194368.0117243563,
        547106.0672391152
       ],
       [
        194367.9374078921,
        547106.0037721038
       ],
       [
        194367.8696414974,
        547105.933353966
       ],
       [
        194367.80907240897,
        547105.8566572652
       ],
       [
        194367.75627912206,
        547105.7744145315
       ],
       [
        194367.71176586524,
        547105.6874112652
       ],
       [
        194367.67595778464,
        547105.5964784343
       ],
       [
        194367.64919688308,
        547105.502484538
       ],
       [
        194367.63173875396,
        547105.406327312
       ],
       [
        194367.6237501398,
        547105.3089251537
       ],
       [
        194367.62530733988,
        547105.2112083511
       ],
       [
        194367.63639548136,
        547105.1141101972
       ],
       [
        194367.65690866142,
        547105.0185580761
       ],
       [
        194367.6866509587,
        547104.9254646063
       ],
       [
        194367.72533830456,
        547104.835718923
       ],
       [
        194367.77260119628,
        547104.7501781874
       ],
       [
        194367.82798822597,
        547104.6696593987
       ],
       [
        194370.59688151683,
        547101.0381296504
       ]
      ],
      [
       [
        194387.70518835774,
        547177.8123511004
       ],
       [
        194387.78068697656,
        547177.7511566607
       ],
       [
        194387.86176917813,
        547177.6975798234
       ],
       [
        194387.94766915718,
        547177.6521266113
       ],
       [
        194388.03757560553,
        547177.6152263208
       ],
       [
        194388.13063937466,
        547177.5872274677
       ],
       [
        194388.22598149578,
        547177.5683944958
       ],
       [
        194388.32270148158,
        547177.5589052786
       ],
       [
        194388.41988583104,
        547177.5588494398
       ],
       [
        194388.51661665732,
        547177.568227507
       ],
       [
        194388.611980357,
        547177.5869509062
       ],
       [
        194388.70507623898,
        547177.6148427986
       ],
       [
        194388.79502503114,
        547177.6516397506
       ],
       [
        194388.8809771851,
        547177.6969942226
       ],
       [
        194388.9621208998,
        547177.7504778506
       ],
       [
        194389.0376897891,
        547177.8115854922
       ],
       [
        194389.10697011984,
        547177.879739998
       ],
       [
        194389.1693075531,
        547177.9542976624
       ],
       [
        194390.8082593301,
        547180.120306194
       ],
       [
        194390.8641259409,
        547180.2022949831
       ],
       [
        194390.91159325003,
        547180.2894161305
       ],
       [
        194390.9501940254,
        547180.3808120816
       ],
       [
        194390.97954831034,
        547180.4755832044
       ],
       [
        194390.99936716355,
        547180.5727966438
       ],
       [
        194391.0094555033,
        547180.6714955048
       ],
       [
        194391.0097140277,
        547180.7707082707
       ],
       [
        194391.000140192,
        547180.8694583665
       ],
       [
        194390.9808282337,
        547180.9667737713
       ],
       [
        194390.95196824515,
        547181.0616965863
       ],
       [
        194390.91384430206,
        547181.1532924635
       ],
       [
        194390.86683166758,
        547181.2406598027
       ],
       [
        194390.8113930983,
        547181.3229386262
       ],
       [
        194390.74807428935,
        547181.3993190437
       ],
       [
        194390.677498503,
        547181.4690492246
       ],
       [
        194387.10447629745,
        547184.6649654487
       ],
       [
        194387.02897767862,
        547184.7261598883
       ],
       [
        194386.9478954771,
        547184.7797367254
       ],
       [
        194386.86199549807,
        547184.8251899375
       ],
       [
        194386.77208904977,
        547184.8620902279
       ],
       [
        194386.6790252807,
        547184.8900890809
       ],
       [
        194386.5836831596,
        547184.9089220528
       ],
       [
        194386.4869631739,
        547184.91841127
       ],
       [
        194386.3897788245,
        547184.9184671087
       ],
       [
        194386.2930479983,
        547184.9090890415
       ],
       [
        194386.19768429868,
        547184.8903656424
       ],
       [
        194386.10458841675,
        547184.86247375
       ],
       [
        194386.01463962466,
        547184.825676798
       ],
       [
        194385.92868747076,
        547184.7803223261
       ],
       [
        194385.84754375607,
        547184.7268386983
       ],
       [
        194385.77197486683,
        547184.6657310566
       ],
       [
        194385.70269453613,
        547184.5975765508
       ],
       [
        194385.64035710288,
        547184.5230188866
       ],
       [
        194384.00140532712,
        547182.3570103585
       ],
       [
        194383.9455387163,
        547182.2750215693
       ],
       [
        194383.89807140714,
        547182.187900422
       ],
       [
        194383.85947063172,
        547182.0965044709
       ],
       [
        194383.83011634677,
        547182.0017333481
       ],
       [
        194383.8102974935,
        547181.9045199087
       ],
       [
        194383.80020915368,
        547181.8058210479
       ],
       [
        194383.79995062924,
        547181.7066082819
       ],
       [
        194383.8095244649,
        547181.6078581861
       ],
       [
        194383.8288364231,
        547181.5105427813
       ],
       [
        194383.8576964116,
        547181.4156199663
       ],
       [
        194383.89582035464,
        547181.3240240891
       ],
       [
        194383.94283298907,
        547181.23665675
       ],
       [
        194383.9982715583,
        547181.1543779265
       ],
       [
        194384.06159036714,
        547181.0779975089
       ],
       [
        194384.13216615343,
        547181.0082673279
       ],
       [
        194387.70518835774,
        547177.8123511004
       ]
      ],
      [
       [
        194374.3846024523,
        547130.3196282901
       ],
       [
        194374.38619208802,
        547130.2729700655
       ],
       [
        194374.3990691435,
        547130.1759551992
       ],
       [
        194374.42136759058,
        547130.0806636356
       ],
       [
        194374.45287386136,
        547129.988008049
       ],
       [
        194374.49328619815,
        547129.8988758669
       ],
       [
        194374.54221754355,
        547129.814120771
       ],
       [
        194374.59919924772,
        547129.7345545205
       ],
       [
        194377.96924006165,
        547125.4846437041
       ],
       [
        194378.03603020567,
        547125.4086524496
       ],
       [
        194378.1101568082,
        547125.3397986849
       ],
       [
        194378.19086113945,
        547125.2787871695
       ],
       [
        194378.27731714264,
        547125.2262423923
       ],
       [
        194378.36863988923,
        547125.1827021802
       ],
       [
        194378.46389463666,
        547125.1486121935
       ],
       [
        194378.56210639598,
        547125.1243213632
       ],
       [
        194378.66226991147,
        547125.1100783204
       ],
       [
        194379.3222654834,
        547125.0500894323
       ],
       [
        194379.41721043643,
        547125.045993887
       ],
       [
        194379.5121154237,
        547125.050929571
       ],
       [
        194379.60612332824,
        547125.0648519084
       ],
       [
        194379.69838513475,
        547125.087635162
       ],
       [
        194379.78806759758,
        547125.1190735694
       ],
       [
        194379.87436076588,
        547125.1588832001
       ],
       [
        194379.9564852987,
        547125.2067045206
       ],
       [
        194380.03369950326,
        547125.2621056417
       ],
       [
        194383.06363615335,
        547127.6621346105
       ],
       [
        194383.13743606216,
        547127.7267271919
       ],
       [
        194383.20455377334,
        547127.7982383167
       ],
       [
        194383.2643437066,
        547127.8759801458
       ],
       [
        194383.3162307648,
        547127.9592049095
       ],
       [
        194383.35971586558,
        547128.0471121
       ],
       [
        194383.39438074196,
        547128.1388561703
       ],
       [
        194383.4198919654,
        547128.2335546687
       ],
       [
        194383.43600415293,
        547128.3302967255
       ],
       [
        194383.44256232737,
        547128.4281518145
       ],
       [
        194383.43950340812,
        547128.5261787043
       ],
       [
        194383.42685681776,
        547128.6234345108
       ],
       [
        194383.40474419916,
        547128.7189837662
       ],
       [
        194383.37337824536,
        547128.811907418
       ],
       [
        194383.33306065382,
        547128.901311668
       ],
       [
        194383.28417922446,
        547128.9863365701
       ],
       [
        194383.22720412957,
        547129.0661643014
       ],
       [
        194379.5671595752,
        547133.696067326
       ],
       [
        194379.5023440507,
        547133.7702357308
       ],
       [
        194379.48537865814,
        547133.786169552
       ],
       [
        194379.46352802604,
        547133.8458145894
       ],
       [
        194379.42060770898,
        547133.9346897427
       ],
       [
        194379.3691354783,
        547134.0189011196
       ],
       [
        194379.30961272225,
        547134.0976284212
       ],
       [
        194379.24261924883,
        547134.1701047693
       ],
       [
        194376.73260019737,
        547136.6300441514
       ],
       [
        194376.6606206623,
        547136.694088799
       ],
       [
        194376.5828118578,
        547136.7509092203
       ],
       [
        194376.4998960652,
        547136.7999779646
       ],
       [
        194376.41264297263,
        547136.840839538
       ],
       [
        194376.3218625306,
        547136.8731146319
       ],
       [
        194376.22839743306,
        547136.8965036438
       ],
       [
        194376.1331152951,
        547136.9107894592
       ],
       [
        194376.03690059888,
        547136.915839466
       ],
       [
        194375.94064648333,
        547136.9116067862
       ],
       [
        194375.8452464533,
        547136.8981307107
       ],
       [
        194375.7515860854,
        547136.8755363349
       ],
       [
        194375.66053480722,
        547136.8440333972
       ],
       [
        194375.57293782698,
        547136.8039143321
       ],
       [
        194375.48960828726,
        547136.7555515555
       ],
       [
        194375.41131971704,
        547136.6993940084
       ],
       [
        194375.33879885118,
        547136.6359629879
       ],
       [
        194372.59886369074,
        547133.9959406528
       ],
       [
        194372.53127285538,
        547133.9240544011
       ],
       [
        194372.47109557647,
        547133.845856899
       ],
       [
        194372.4189177493,
        547133.7621094898
       ],
       [
        194372.37524738524,
        547133.6736275508
       ],
       [
        194372.34050966564,
        547133.5812725561
       ],
       [
        194372.3150428023,
        547133.4859436881
       ],
       [
        194372.2990947446,
        547133.3885690832
       ],
       [
        194372.29282076523,
        547133.2900967958
       ],
       [
        194372.29628194863,
        547133.191485567
       ],
       [
        194372.30944459618,
        547133.0936954913
       ],
       [
        194372.3321805543,
        547132.9976786677
       ],
       [
        194372.36426846226,
        547132.9043699307
       ],
       [
        194372.40539590718,
        547132.814677749
       ],
       [
        194372.45516246592,
        547132.729475379
       ],
       [
        194372.51308360358,
        547132.6495923643
       ],
       [
        194374.3846024523,
        547130.3196282901
       ]
      ],
      [
       [
        194368.9120715138,
        547193.2827051367
       ],
       [
        194368.98721940254,
        547193.2194616261
       ],
       [
        194369.06820902866,
        547193.1638952038
       ],
       [
        194369.15425908956,
        547193.1165419165
       ],
       [
        194369.2445394649,
        547193.0778585784
       ],
       [
        194369.3381792247,
        547193.0482183659
       ],
       [
        194369.43427503118,
        547193.0279072165
       ],
       [
        194369.53189985317,
        547193.0171210706
       ],
       [
        194369.63011190924,
        547193.0159639817
       ],
       [
        194369.72796375293,
        547193.0244471123
       ],
       [
        194369.82451141265,
        547193.042488626
       ],
       [
        194369.9188234983,
        547193.0699144772
       ],
       [
        194370.0099901862,
        547193.1064600903
       ],
       [
        194370.09713199612,
        547193.1517729115
       ],
       [
        194370.17940827573,
        547193.2054158107
       ],
       [
        194370.2560253101,
        547193.2668712975
       ],
       [
        194370.32624397878,
        547193.3355465141
       ],
       [
        194375.76610513378,
        547199.2055856795
       ],
       [
        194375.82921977263,
        547199.2807808687
       ],
       [
        194375.88465709332,
        547199.3618023325
       ],
       [
        194375.93188280344,
        547199.4478692042
       ],
       [
        194375.9704417523,
        547199.538151991
       ],
       [
        194375.9999623174,
        547199.6317805676
       ],
       [
        194376.0201599863,
        547199.7278525629
       ],
       [
        194376.03084009833,
        547199.8254420569
       ],
       [
        194376.03189972104,
        547199.9236085038
       ],
       [
        194376.023328642,
        547200.0214057979
       ],
       [
        194376.00520946737,
        547200.1178913907
       ],
       [
        194375.9777168256,
        547200.2121353761
       ],
       [
        194375.94111568463,
        547200.3032294515
       ],
       [
        194375.89575879794,
        547200.3902956732
       ],
       [
        194375.84208330497,
        547200.4724949163
       ],
       [
        194375.780606518,
        547200.5490349631
       ],
       [
        194375.71192093645,
        547200.6191781382
       ],
       [
        194370.33188480735,
        547205.5990506142
       ],
       [
        194370.2567078089,
        547205.6620788976
       ],
       [
        194370.17571676406,
        547205.7174376933
       ],
       [
        194370.08969114238,
        547205.7645942201
       ],
       [
        194369.99945886695,
        547205.8030946368
       ],
       [
        194369.90588834637,
        547205.8325684096
       ],
       [
        194369.80988011695,
        547205.8527318788
       ],
       [
        194369.71235817586,
        547205.8633909882
       ],
       [
        194369.61426108846,
        547205.8644431529
       ],
       [
        194369.5165329554,
        547205.8558782468
       ],
       [
        194369.4201143265,
        547205.8377786998
       ],
       [
        194369.3259331486,
        547205.8103187046
       ],
       [
        194369.23489583514,
        547205.77376254
       ],
       [
        194369.14787854246,
        547205.7284620281
       ],
       [
        194369.06571873766,
        547205.6748531475
       ],
       [
        194368.98920713866,
        547205.6134518378
       ],
       [
        194368.91908010424,
        547205.5448490343
       ],
       [
        194363.48921870778,
        547199.6848099476
       ],
       [
        194363.42618450325,
        547199.6097098398
       ],
       [
        194363.37080781697,
        547199.5287977903
       ],
       [
        194363.32362100366,
        547199.442851634
       ],
       [
        194363.28507768604,
        547199.3526976003
       ],
       [
        194363.25554839408,
        547199.2592023702
       ],
       [
        194363.23531700275,
        547199.1632647449
       ],
       [
        194363.22457800328,
        547199.0658070053
       ],
       [
        194363.22343463328,
        547198.9677660452
       ],
       [
        194363.23189788437,
        547198.8700843657
       ],
       [
        194363.24988639643,
        547198.7737010135
       ],
       [
        194363.27722723983,
        547198.6795425544
       ],
       [
        194363.31365757785,
        547198.5885141655
       ],
       [
        194363.35882719338,
        547198.5014909331
       ],
       [
        194363.41230185563,
        547198.4193094411
       ],
       [
        194363.4735674947,
        547198.3427597277
       ],
       [
        194363.54203514324,
        547198.2725776914
       ],
       [
        194368.9120715138,
        547193.2827051367
       ]
      ],
      [
       [
        194325.6268830376,
        547145.2314151895
       ],
       [
        194325.69465754423,
        547145.1604865853
       ],
       [
        194325.76905586297,
        547145.0965401954
       ],
       [
        194325.84936196575,
        547145.0401914555
       ],
       [
        194325.93480296654,
        547144.9919826803
       ],
       [
        194326.02455655966,
        547144.9523778429
       ],
       [
        194326.1177589341,
        547144.9217581102
       ],
       [
        194326.2135130868,
        547144.9004181743
       ],
       [
        194326.31089745587,
        547144.8885634161
       ],
       [
        194326.40897478964,
        547144.8863079286
       ],
       [
        194326.50680116733,
        547144.8936734194
       ],
       [
        194326.60343508335,
        547144.910589001
       ],
       [
        194326.69794650868,
        547144.9368918736
       ],
       [
        194326.78942584168,
        547144.9723288919
       ],
       [
        194326.8769926623,
        547145.0165590011
       ],
       [
        194326.9598042055,
        547145.0691565194
       ],
       [
        194327.03706347226,
        547145.1296152353
       ],
       [
        194330.83160840088,
        547148.411490287
       ],
       [
        194363.88804369213,
        547107.854107314
       ],
       [
        194363.95411544509,
        547107.7807559893
       ],
       [
        194364.02709774437,
        547107.7142768392
       ],
       [
        194364.1062793123,
        547107.6553177628
       ],
       [
        194364.19088845377,
        547107.6044533688
       ],
       [
        194364.28010057705,
        547107.5621793763
       ],
       [
        194364.37304623035,
        547107.5289077829
       ],
       [
        194364.46881957524,
        547107.5049628501
       ],
       [
        194364.56648721488,
        547107.4905779428
       ],
       [
        194364.66509729085,
        547107.4858932545
       ],
       [
        194364.76368875994,
        547107.490954442
       ],
       [
        194364.86130076012,
        547107.5057121792
       ],
       [
        194364.95698197532,
        547107.5300226391
       ],
       [
        194365.04979990656,
        547107.5636488942
       ],
       [
        194365.13884996017,
        547107.6062632267
       ],
       [
        194365.22326426386,
        547107.6574503221
       ],
       [
        194365.30222012484,
        547107.716711316
       ],
       [
        194365.3507679869,
        547107.7570447031
       ],
       [
        194365.36031319606,
        547107.7546781112
       ],
       [
        194365.4571543491,
        547107.740524519
       ],
       [
        194365.5549152563,
        547107.7359051991
       ],
       [
        194365.6526595116,
        547107.7408643978
       ],
       [
        194365.74945086837,
        547107.7553546134
       ],
       [
        194365.84436220746,
        547107.7792370507
       ],
       [
        194365.9364844174,
        547107.812282951
       ],
       [
        194366.0249351026,
        547107.8541757831
       ],
       [
        194366.10886703522,
        547107.9045142751
       ],
       [
        194366.18747627048,
        547107.9628162582
       ],
       [
        194374.20730493747,
        547114.5428910712
       ],
       [
        194374.28000465548,
        547114.6087641495
       ],
       [
        194374.34589985167,
        547114.6814438204
       ],
       [
        194374.40435631693,
        547114.7602305777
       ],
       [
        194374.45481143636,
        547114.844366137
       ],
       [
        194374.49677960412,
        547114.9330407352
       ],
       [
        194374.52985689702,
        547115.0254009222
       ],
       [
        194374.55372496234,
        547115.1205577763
       ],
       [
        194374.56815408161,
        547115.2175954595
       ],
       [
        194374.5730053816,
        547115.3155800315
       ],
       [
        194374.5682321709,
        547115.4135684384
       ],
       [
        194374.55388038934,
        547115.5106175899
       ],
       [
        194374.5300881658,
        547115.6057934354
       ],
       [
        194374.4970844888,
        547115.6981799535
       ],
       [
        194374.45518700266,
        547115.7868879695
       ],
       [
        194374.40479895016,
        547115.8710637119
       ],
       [
        194374.3464052917,
        547115.9498970304
       ],
       [
        194363.50993645698,
        547129.1707176476
       ],
       [
        194365.89658978692,
        547131.0262337388
       ],
       [
        194365.97103905605,
        547131.0902179206
       ],
       [
        194366.03885606874,
        547131.1611934234
       ],
       [
        194366.09938729487,
        547131.2384762797
       ],
       [
        194366.15204941505,
        547131.32132174
       ],
       [
        194366.1963349418,
        547131.4089314503
       ],
       [
        194366.2318171102,
        547131.5004611446
       ],
       [
        194366.25815399032,
        547131.5950287816
       ],
       [
        194366.27509178233,
        547131.691723044
       ],
       [
        194366.28246726238,
        547131.7896121216
       ],
       [
        194366.28020935538,
        547131.8877526894
       ],
       [
        194366.26833982,
        547131.9851989995
       ],
       [
        194366.2469730391,
        547132.0810119938
       ],
       [
        194366.21631491723,
        547132.1742683543
       ],
       [
        194366.17666089657,
        547132.2640694003
       ],
       [
        194366.1283931098,
        547132.3495497487
       ],
       [
        194366.07197669765,
        547132.4298856538
       ],
       [
        194360.35190523666,
        547139.7797331548
       ],
       [
        194360.28752670359,
        547139.8545263724
       ],
       [
        194360.21608971243,
        547139.9226099771
       ],
       [
        194360.13828996095,
        547139.9833209282
       ],
       [
        194360.05488511146,
        547140.036067985
       ],
       [
        194359.96668741215,
        547140.0803374639
       ],
       [
        194359.87455578698,
        547140.115698241
       ],
       [
        194359.77938747092,
        547140.1418059514
       ],
       [
        194359.68210927214,
        547140.1584063418
       ],
       [
        194359.5836685461,
        547140.1653377474
       ],
       [
        194359.48502396978,
        547140.1625326659
       ],
       [
        194359.38713620527,
        547140.1500184147
       ],
       [
        194359.29095854444,
        547140.1279168656
       ],
       [
        194359.22581571172,
        547140.1059959861
       ],
       [
        194359.2227709355,
        547140.1094807775
       ],
       [
        194359.15166333222,
        547140.1763924239
       ],
       [
        194359.07436925435,
        547140.2360504927
       ],
       [
        194358.99162558187,
        547140.2878862364
       ],
       [
        194358.90422114826,
        547140.331405481
       ],
       [
        194358.81298922014,
        547140.3661933374
       ],
       [
        194358.7187995534,
        547140.391918157
       ],
       [
        194358.62255010149,
        547140.4083346933
       ],
       [
        194358.5251584546,
        547140.4152864399
       ],
       [
        194358.42755309213,
        547140.4127071227
       ],
       [
        194358.33066453086,
        547140.4006213314
       ],
       [
        194358.23541645394,
        547140.3791442853
       ],
       [
        194358.14271690507,
        547140.3484807353
       ],
       [
        194358.05344963173,
        547140.3089230108
       ],
       [
        194357.9684656598,
        547140.2608482338
       ],
       [
        194357.88857518052,
        547140.2047147235
       ],
       [
        194355.8644222353,
        547138.6294462549
       ],
       [
        194346.74688854365,
        547150.3207421731
       ],
       [
        194350.24995888336,
        547153.0462354327
       ],
       [
        194350.28033448316,
        547153.0380705514
       ],
       [
        194350.3764243197,
        547153.0220567381
       ],
       [
        194350.47361635984,
        547153.0154683974
       ],
       [
        194350.57098828038,
        547153.0183680507
       ],
       [
        194350.66761605113,
        547153.030728181
       ],
       [
        194350.7625827036,
        547153.0524314945
       ],
       [
        194350.85498703292,
        547153.0832720331
       ],
       [
        194350.94395214977,
        547153.1229571296
       ],
       [
        194351.028633802,
        547153.1711101843
       ],
       [
        194351.10822838623,
        547153.2272742392
       ],
       [
        194351.74821511522,
        547153.7272804172
       ],
       [
        194351.82243534643,
        547153.7913682332
       ],
       [
        194351.89002179643,
        547153.862417249
       ],
       [
        194351.95032456127,
        547153.939744265
       ],
       [
        194352.00276377617,
        547154.0226057133
       ],
       [
        194352.04683519134,
        547154.1102048071
       ],
       [
        194352.0821150209,
        547154.2016992032
       ],
       [
        194352.1082640178,
        547154.2962091012
       ],
       [
        194352.12503073618,
        547154.3928257045
       ],
       [
        194352.1322539491,
        547154.4906199583
       ],
       [
        194352.1298641989,
        547154.5886514836
       ],
       [
        194352.1178844652,
        547154.6859776202
       ],
       [
        194352.0964299438,
        547154.7816624903
       ],
       [
        194352.06570693903,
        547154.874785999
       ],
       [
        194352.02601087996,
        547154.9644526803
       ],
       [
        194351.97772347953,
        547155.0498003097
       ],
       [
        194351.9213090642,
        547155.1300081934
       ],
       [
        194339.9421597552,
        547170.5006889974
       ],
       [
        194339.87794042256,
        547170.5752176
       ],
       [
        194339.80670861565,
        547170.6430752816
       ],
       [
        194339.7291537611,
        547170.7036052728
       ],
       [
        194339.6460264841,
        547170.7562217255
       ],
       [
        194339.55813134322,
        547170.8004153845
       ],
       [
        194339.4663190435,
        547170.8357585154
       ],
       [
        194339.37147820267,
        547170.8619090449
       ],
       [
        194339.27452675067,
        547170.8786138716
       ],
       [
        194339.17640304522,
        547170.8857113157
       ],
       [
        194339.07805678988,
        547170.8831326833
       ],
       [
        194338.9804398422,
        547170.8709029324
       ],
       [
        194338.884497001,
        547170.8491404301
       ],
       [
        194338.79115686208,
        547170.8180558077
       ],
       [
        194338.70132283054,
        547170.7779499221
       ],
       [
        194338.61586437727,
        547170.7292109434
       ],
       [
        194338.53560862344,
        547170.6723105984
       ],
       [
        194337.50463007344,
        547169.8623006864
       ],
       [
        194337.43080199964,
        547169.7982191689
       ],
       [
        194337.36358383755,
        547169.7272350577
       ],
       [
        194337.30361799287,
        547169.6500267496
       ],
       [
        194337.2514775607,
        547169.5673321265
       ],
       [
        194337.20766084845,
        547169.4799415029
       ],
       [
        194337.17258661357,
        547169.3886900733
       ],
       [
        194337.1465900614,
        547169.2944499298
       ],
       [
        194337.12991964165,
        547169.198121728
       ],
       [
        194337.12273467393,
        547169.1006260789
       ],
       [
        194337.1251038252,
        547169.0028947508
       ],
       [
        194337.1370044534,
        547168.9058617646
       ],
       [
        194337.15832282393,
        547168.810454467
       ],
       [
        194337.15993850242,
        547168.8055400852
       ],
       [
        194333.5697717904,
        547166.0065136886
       ],
       [
        194318.58874934554,
        547184.4033312713
       ],
       [
        194320.56654443627,
        547186.0215802533
       ],
       [
        194320.6393947319,
        547186.0874157645
       ],
       [
        194320.70543717348,
        547186.1600785198
       ],
       [
        194320.7640350142,
        547186.2388679428
       ],
       [
        194320.81462328407,
        547186.3230243868
       ],
       [
        194320.85671423734,
        547186.411736459
       ],
       [
        194320.8899020549,
        547186.5041488439
       ],
       [
        194320.9138667571,
        547186.5993705492
       ],
       [
        194320.92837728868,
        547186.6964834968
       ],
       [
        194320.9332937467,
        547186.794551374
       ],
       [
        194320.9285687292,
        547186.8926286615
       ],
       [
        194320.91424779233,
        547186.989769749
       ],
       [
        194320.89046901115,
        547187.0850380526
       ],
       [
        194320.8574616483,
        547187.1775150449
       ],
       [
        194320.81554394358,
        547187.2663091108
       ],
       [
        194320.780436013,
        547187.3249721652
       ],
       [
        194320.8180134992,
        547187.4049066931
       ],
       [
        194320.85080960972,
        547187.4971881926
       ],
       [
        194320.87442160014,
        547187.5922352015
       ],
       [
        194320.88862299698,
        547187.6891360804
       ],
       [
        194320.89327758813,
        547187.7869614083
       ],
       [
        194320.8883407293,
        547187.8847728975
       ],
       [
        194320.8738597721,
        547187.9816323931
       ],
       [
        194320.8499736101,
        547188.0766108709
       ],
       [
        194320.81691134648,
        547188.168797349
       ],
       [
        194320.77499009657,
        547188.2573076241
       ],
       [
        194320.7246119464,
        547188.3412927536
       ],
       [
        194320.666260096,
        547188.4199471975
       ],
       [
        194314.80619316,
        547195.5597941705
       ],
       [
        194314.7403305866,
        547195.6324602365
       ],
       [
        194314.66766677698,
        547195.6983252994
       ],
       [
        194314.5889006288,
        547195.7567558534
       ],
       [
        194314.50478973344,
        547195.8071898996
       ],
       [
        194314.41614308936,
        547195.8491423515
       ],
       [
        194314.3238133208,
        547195.8822097005
       ],
       [
        194314.22868847728,
        547195.9060738971
       ],
       [
        194314.13168349199,
        547195.9205054098
       ],
       [
        194314.03373138173,
        547195.925365433
       ],
       [
        194313.93577427295,
        547195.9206072217
       ],
       [
        194313.83875434025,
        547195.9062765415
       ],
       [
        194313.74360474423,
        547195.8825112284
       ],
       [
        194313.6512406561,
        547195.8495398627
       ],
       [
        194313.56255045545,
        547195.8076795707
       ],
       [
        194313.47838718555,
        547195.7573329748
       ],
       [
        194313.3995603485,
        547195.6989843202
       ],
       [
        194313.12238723534,
        547195.4719589084
       ],
       [
        194298.9560160949,
        547212.730434986
       ],
       [
        194298.8902698672,
        547212.8029780457
       ],
       [
        194298.81774503773,
        547212.8687443825
       ],
       [
        194298.73913676152,
        547212.9271036224
       ],
       [
        194298.6551985037,
        547212.977496388
       ],
       [
        194298.56673481772,
        547213.0194396619
       ],
       [
        194298.47459363347,
        547213.052531415
       ],
       [
        194298.3796581299,
        547213.076454461
       ],
       [
        194298.28283826972,
        547213.0909794957
       ],
       [
        194298.18506207727,
        547213.095967296
       ],
       [
        194298.08726674345,
        547213.0913700535
       ],
       [
        194297.99038964254,
        547213.0772318329
       ],
       [
        194297.89535934757,
        547213.0536881501
       ],
       [
        194297.80308672984,
        547213.0209646727
       ],
       [
        194297.71445622804,
        547212.9793750572
       ],
       [
        194297.6303173711,
        547212.9293179427
       ],
       [
        194297.55147663516,
        547212.8712731297
       ],
       [
        194296.5430743546,
        547212.0497949047
       ],
       [
        194280.425149815,
        547231.6408496512
       ],
       [
        194280.35922282602,
        547231.7134178265
       ],
       [
        194280.28650642248,
        547231.7791812859
       ],
       [
        194280.20769959135,
        547231.8375078777
       ],
       [
        194280.12355986392,
        547231.887836937
       ],
       [
        194280.03489603396,
        547231.9296846753
       ],
       [
        194279.9425603833,
        547231.9626488308
       ],
       [
        194279.84744048904,
        547231.9864125355
       ],
       [
        194279.750450692,
        547232.0007473606
       ],
       [
        194279.6525233073,
        547232.0055155123
       ],
       [
        194279.55459966278,
        547232.0006711568
       ],
       [
        194279.45762105018,
        547231.9862608605
       ],
       [
        194279.3625196772,
        547231.9624231424
       ],
       [
        194279.2702097066,
        547231.9293871429
       ],
       [
        194279.18157846862,
        547231.8874704207
       ],
       [
        194279.0974779318,
        547231.8370759008
       ],
       [
        194279.01871651315,
        547231.7786880006
       ],
       [
        194270.11890662613,
        547224.4786049736
       ],
       [
        194270.04631403214,
        547224.4128575013
       ],
       [
        194269.9805012464,
        547224.3403241155
       ],
       [
        194269.9220995725,
        547224.2617005865
       ],
       [
        194269.8716692235,
        547224.1777411039
       ],
       [
        194269.82969394824,
        547224.0892510418
       ],
       [
        194269.79657639095,
        547223.9970792336
       ],
       [
        194269.77263422898,
        547223.9021098296
       ],
       [
        194269.7580971255,
        547223.8052538156
       ],
       [
        194269.75310452646,
        547223.7074402748
       ],
       [
        194269.75770432287,
        547223.609607475
       ],
       [
        194269.77185239163,
        547223.5126938693
       ],
       [
        194269.79541301858,
        547223.417629093
       ],
       [
        194269.8281602004,
        547223.3253250471
       ],
       [
        194269.86977981258,
        547223.23666715
       ],
       [
        194269.9198726225,
        547223.1525058453
       ],
       [
        194269.97795811913,
        547223.073648443
       ],
       [
        194322.77468114396,
        547158.2966421937
       ],
       [
        194318.6976892697,
        547154.761298108
       ],
       [
        194318.6268242203,
        547154.6934805458
       ],
       [
        194318.56294409244,
        547154.6190466407
       ],
       [
        194318.5066634817,
        547154.5387125269
       ],
       [
        194318.4585238682,
        547154.4532511054
       ],
       [
        194318.41898840686,
        547154.3634846067
       ],
       [
        194318.3884374714,
        547154.2702766816
       ],
       [
        194318.3671649947,
        547154.1745240905
       ],
       [
        194318.35537564094,
        547154.0771480764
       ],
       [
        194318.35318283635,
        547153.9790855016
       ],
       [
        194318.3606076781,
        547153.8812798336
       ],
       [
        194318.3775787312,
        547153.7846720682
       ],
       [
        194318.40393271585,
        547153.6901916763
       ],
       [
        194318.43941607833,
        547153.5987476609
       ],
       [
        194318.4836874305,
        547153.5112198119
       ],
       [
        194318.53632083425,
        547153.4284502415
       ],
       [
        194318.59680989958,
        547153.3512352821
       ],
       [
        194325.6268830376,
        547145.2314151895
       ]
      ],
      [
       [
        194346.83812612455,
        547079.4446170239
       ],
       [
        194346.87632726107,
        547079.5172957493
       ],
       [
        194346.90843724506,
        547079.5928634201
       ],
       [
        194348.36836308707,
        547083.4628550401
       ],
       [
        194348.39657195628,
        547083.5493588945
       ],
       [
        194349.80647842528,
        547088.6493395885
       ],
       [
        194349.82965738358,
        547088.7552335848
       ],
       [
        194349.84123800189,
        547088.8630143431
       ],
       [
        194350.01852670626,
        547092.2171060483
       ],
       [
        194350.03343765758,
        547092.217076467
       ],
       [
        194350.13859915367,
        547092.2280311774
       ],
       [
        194350.24201622469,
        547092.25002789
       ],
       [
        194350.34253277676,
        547092.2828207046
       ],
       [
        194350.43902514077,
        547092.3260430325
       ],
       [
        194350.53041463386,
        547092.3792116933
       ],
       [
        194351.66039350285,
        547093.1192237763
       ],
       [
        194351.74004687121,
        547093.1771881818
       ],
       [
        194351.8136105061,
        547093.2427085832
       ],
       [
        194351.88037050696,
        547093.315149136
       ],
       [
        194352.68134852595,
        547094.275154115
       ],
       [
        194352.73747821554,
        547094.3491614013
       ],
       [
        194352.7864990241,
        547094.4280574138
       ],
       [
        194352.82798801872,
        547094.5111614678
       ],
       [
        194352.86158724801,
        547094.5977565731
       ],
       [
        194352.88700683066,
        547094.6870956199
       ],
       [
        194352.90402745613,
        547094.7784078248
       ],
       [
        194352.9125022769,
        547094.8709053809
       ],
       [
        194352.96148435088,
        547095.9608971969
       ],
       [
        194352.9606573204,
        547096.0663462083
       ],
       [
        194352.94873051989,
        547096.1711218229
       ],
       [
        194352.92583657746,
        547096.2740589172
       ],
       [
        194352.89223007788,
        547096.3740128124
       ],
       [
        194352.39321389288,
        547097.6339944133
       ],
       [
        194352.35194851103,
        547097.7247020324
       ],
       [
        194352.30185997527,
        547097.8108521483
       ],
       [
        194352.2434457,
        547097.8915892299
       ],
       [
        194352.17728578008,
        547097.9661115011
       ],
       [
        194352.1040372301,
        547098.0336789031
       ],
       [
        194351.13303213613,
        547098.8436566202
       ],
       [
        194351.0568961132,
        547098.9012336825
       ],
       [
        194350.97561715703,
        547098.9512890856
       ],
       [
        194350.88993586626,
        547098.9933667339
       ],
       [
        194350.80063295265,
        547099.027083224
       ],
       [
        194349.98087954367,
        547099.2926225625
       ],
       [
        194349.66475649184,
        547101.6771159921
       ],
       [
        194349.63724679904,
        547101.8122580887
       ],
       [
        194348.12717133504,
        547107.2721888587
       ],
       [
        194348.10475631658,
        547107.3429103199
       ],
       [
        194348.0771598639,
        547107.4117753614
       ],
       [
        194345.1970791899,
        547113.8916756983
       ],
       [
        194345.14449883692,
        547113.9937469681
       ],
       [
        194345.08056475464,
        547114.0891181942
       ],
       [
        194342.12052606462,
        547117.9990384062
       ],
       [
        194342.08450578962,
        547118.0438774077
       ],
       [
        194338.92447194763,
        547121.7537960447
       ],
       [
        194338.84930418865,
        547121.8328662148
       ],
       [
        194338.76597024253,
        547121.9032774157
       ],
       [
        194338.6754619736,
        547121.9641915932
       ],
       [
        194338.5788566369,
        547122.0148837297
       ],
       [
        194333.8088605509,
        547124.1947890708
       ],
       [
        194333.7307729783,
        547124.2265680609
       ],
       [
        194333.65028612062,
        547124.2516566829
       ],
       [
        194333.56797204408,
        547124.2698766174
       ],
       [
        194328.49799899408,
        547125.1697876723
       ],
       [
        194328.39199912516,
        547125.1828105358
       ],
       [
        194328.28521493406,
        547125.1844548315
       ],
       [
        194328.178864355,
        547125.1747018056
       ],
       [
        194322.838920509,
        547124.3956223415
       ],
       [
        194322.74722802435,
        547124.3778366221
       ],
       [
        194322.65759489583,
        547124.3515736096
       ],
       [
        194322.5708030688,
        547124.3170624183
       ],
       [
        194322.48760970164,
        547124.2746041187
       ],
       [
        194317.94768845863,
        547121.6835524377
       ],
       [
        194317.85941081654,
        547121.6268314887
       ],
       [
        194317.77756265827,
        547121.5611726192
       ],
       [
        194317.70304514907,
        547121.4872987471
       ],
       [
        194317.63667874224,
        547121.4060232391
       ],
       [
        194314.89676127024,
        547117.6660099631
       ],
       [
        194314.84605021466,
        547117.5896843759
       ],
       [
        194314.8025389217,
        547117.5090371576
       ],
       [
        194314.76659276467,
        547117.4247455198
       ],
       [
        194314.7385135908,
        547117.3375172765
       ],
       [
        194313.4086030748,
        547112.4485361346
       ],
       [
        194313.3886797069,
        547112.3594053406
       ],
       [
        194313.3769712894,
        547112.2688285668
       ],
       [
        194313.37357548502,
        547112.1775613354
       ],
       [
        194313.37852061895,
        547112.0863649284
       ],
       [
        194313.96761035797,
        547106.2064228073
       ],
       [
        194313.983532954,
        547106.1027124661
       ],
       [
        194314.01023477668,
        547106.0012414034
       ],
       [
        194314.04742185588,
        547105.9031267507
       ],
       [
        194316.33748678188,
        547100.7022063958
       ],
       [
        194316.38290438795,
        547100.611767131
       ],
       [
        194316.43723039728,
        547100.5263815101
       ],
       [
        194316.4999084018,
        547100.4469240541
       ],
       [
        194316.57029645218,
        547100.374208568
       ],
       [
        194316.64767363266,
        547100.3089798052
       ],
       [
        194320.68768999065,
        547097.2390700472
       ],
       [
        194320.76852734003,
        547097.1836743882
       ],
       [
        194320.8543986066,
        547097.1364570007
       ],
       [
        194320.94447913795,
        547097.0978713303
       ],
       [
        194324.87447050796,
        547095.6379465533
       ],
       [
        194324.9555516321,
        547095.6117002841
       ],
       [
        194325.0385730722,
        547095.5924530552
       ],
       [
        194325.1229318423,
        547095.5803446596
       ],
       [
        194328.6129089593,
        547095.2304036646
       ],
       [
        194328.71874045604,
        547095.2254325631
       ],
       [
        194328.82450391224,
        547095.2316862729
       ],
       [
        194328.92901213127,
        547095.249094596
       ],
       [
        194329.03109200648,
        547095.2774621238
       ],
       [
        194330.30960490086,
        547095.7069091559
       ],
       [
        194330.27283681897,
        547093.4618534122
       ],
       [
        194330.2729155633,
        547093.4248479973
       ],
       [
        194330.3329618643,
        547090.5148729163
       ],
       [
        194330.34239333845,
        547090.3969550245
       ],
       [
        194330.81244353045,
        547087.0369902414
       ],
       [
        194330.83344232844,
        547086.9298817203
       ],
       [
        194330.86598925432,
        547086.8256997525
       ],
       [
        194331.82317983903,
        547084.2625017449
       ],
       [
        194325.94459027925,
        547078.2840831435
       ],
       [
        194325.4345619901,
        547078.8651620637
       ],
       [
        194325.36639389922,
        547078.9355491069
       ],
       [
        194325.2916644058,
        547078.998926763
       ],
       [
        194325.21109100457,
        547079.0546865287
       ],
       [
        194325.12544729875,
        547079.1022930422
       ],
       [
        194325.03555557286,
        547079.1412892225
       ],
       [
        194324.94227889748,
        547079.1713006586
       ],
       [
        194324.84651284295,
        547079.1920392041
       ],
       [
        194324.7491768806,
        547079.2033057433
       ],
       [
        194324.65120555492,
        547079.2049921037
       ],
       [
        194324.55353951058,
        547079.1970820944
       ],
       [
        194324.45711646118,
        547079.179651661
       ],
       [
        194324.36286218607,
        547079.1528681569
       ],
       [
        194324.2716816417,
        547079.1169887367
       ],
       [
        194324.18445027294,
        547079.0723578867
       ],
       [
        194324.1020056077,
        547079.0194041177
       ],
       [
        194324.0251392158,
        547078.9586358508
       ],
       [
        194308.5354833298,
        547065.4284981258
       ],
       [
        194308.46593668076,
        547065.3615640847
       ],
       [
        194308.40316723095,
        547065.2882367473
       ],
       [
        194308.34775979718,
        547065.2091992971
       ],
       [
        194308.30023060506,
        547065.1251881184
       ],
       [
        194308.26102247948,
        547065.0369859352
       ],
       [
        194308.2305007187,
        547064.9454145184
       ],
       [
        194308.20894969095,
        547064.8513270301
       ],
       [
        194308.19657018507,
        547064.7556000743
       ],
       [
        194308.19347753972,
        547064.6591255295
       ],
       [
        194308.19970056877,
        547064.5628022397
       ],
       [
        194308.21518129285,
        547064.4675276396
       ],
       [
        194308.23977547957,
        547064.3741893932
       ],
       [
        194308.27325398728,
        547064.2836571241
       ],
       [
        194308.31530490005,
        547064.1967743123
       ],
       [
        194308.3655364336,
        547064.1143504366
       ],
       [
        194308.42348058565,
        547064.0371534323
       ],
       [
        194316.88487664048,
        547053.8302166968
       ],
       [
        194317.19118300278,
        547053.4590693777
       ],
       [
        194317.25581336825,
        547053.3880057455
       ],
       [
        194317.32696390437,
        547053.3234710635
       ],
       [
        194317.40397809632,
        547053.2660608013
       ],
       [
        194317.4861453246,
        547053.2163046905
       ],
       [
        194317.572707422,
        547053.1746618368
       ],
       [
        194317.66286566932,
        547053.1415164842
       ],
       [
        194317.75578816526,
        547053.1171744687
       ],
       [
        194317.8506175024,
        547053.1018603973
       ],
       [
        194317.9464786787,
        547053.0957155747
       ],
       [
        194318.04248717122,
        547053.0987967
       ],
       [
        194318.13775709766,
        547053.1110753433
       ],
       [
        194318.23140939063,
        547053.132438208
       ],
       [
        194318.3225799088,
        547053.1626881764
       ],
       [
        194318.4104274105,
        547053.201546128
       ],
       [
        194318.49414131595,
        547053.248653516
       ],
       [
        194318.57294918658,
        547053.3035756745
       ],
       [
        194329.83371761258,
        547061.9836853155
       ],
       [
        194329.87572251624,
        547062.0179175166
       ],
       [
        194339.37551337024,
        547070.1980029547
       ],
       [
        194339.41986722822,
        547070.2385796191
       ],
       [
        194342.58979180022,
        547073.318605244
       ],
       [
        194342.64696668636,
        547073.3789787084
       ],
       [
        194344.60691449235,
        547075.6289917064
       ],
       [
        194344.66628861384,
        547075.704134831
       ],
       [
        194344.71820229656,
        547075.7846130579
       ],
       [
        194346.83812612455,
        547079.4446170239
       ]
      ],
      [
       [
        194319.24411734304,
        547258.534158515
       ],
       [
        194315.43609537312,
        547262.3840566471
       ],
       [
        194315.3629181222,
        547262.4510410303
       ],
       [
        194315.28346390164,
        547262.5104451085
       ],
       [
        194315.19851468538,
        547262.5616842372
       ],
       [
        194315.10890652816,
        547262.6042541305
       ],
       [
        194315.01552133705,
        547262.6377358233
       ],
       [
        194314.91927819216,
        547262.6617997946
       ],
       [
        194314.8211243009,
        547262.6762092115
       ],
       [
        194314.72202567605,
        547262.6808222589
       ],
       [
        194314.6229576281,
        547262.6755935362
       ],
       [
        194314.52489516683,
        547262.6605745035
       ],
       [
        194314.428803405,
        547262.6359129753
       ],
       [
        194314.33562806027,
        547262.601851666
       ],
       [
        194314.2462861474,
        547262.5587258006
       ],
       [
        194314.16165695316,
        547262.5069598162
       ],
       [
        194314.08257338268,
        547262.4470631841
       ],
       [
        194314.00981376204,
        547262.379625396
       ],
       [
        194309.98591288168,
        547258.2605945941
       ],
       [
        194309.92115423665,
        547258.1874793104
       ],
       [
        194309.8638371609,
        547258.1083953067
       ],
       [
        194309.8145084322,
        547258.024097007
       ],
       [
        194309.77363862327,
        547257.9353885772
       ],
       [
        194309.74161761274,
        547257.8431162536
       ],
       [
        194309.71875086596,
        547257.7481602706
       ],
       [
        194309.7052565208,
        547257.6514264634
       ],
       [
        194309.70126330695,
        547257.5538376267
       ],
       [
        194309.70680931778,
        547257.4563247118
       ],
       [
        194309.721841647,
        547257.3598179457
       ],
       [
        194309.74621689328,
        547257.2652379575
       ],
       [
        194309.7797025283,
        547257.1734869954
       ],
       [
        194309.82197911496,
        547257.0854403201
       ],
       [
        194309.8726433546,
        547257.0019378553
       ],
       [
        194309.9312119344,
        547256.9237761749
       ],
       [
        194309.99712613778,
        547256.8517009045
       ],
       [
        194322.49222328575,
        547244.4620038716
       ],
       [
        194322.56678406053,
        547244.3951350035
       ],
       [
        194322.647659644,
        547244.3360596731
       ],
       [
        194322.734038793,
        547244.2853704507
       ],
       [
        194322.82505505948,
        547244.2435757873
       ],
       [
        194322.9197954816,
        547244.2110949149
       ],
       [
        194323.01730974147,
        547244.1882536412
       ],
       [
        194323.1166196974,
        547244.1752810816
       ],
       [
        194323.2167291956,
        547244.1723073603
       ],
       [
        194323.31663406233,
        547244.1793623063
       ],
       [
        194323.41533217632,
        547244.1963751528
       ],
       [
        194323.511833521,
        547244.2231752485
       ],
       [
        194323.6051701151,
        547244.259493768
       ],
       [
        194323.6944057221,
        547244.3049664092
       ],
       [
        194323.77864524155,
        547244.3591370472
       ],
       [
        194323.8570436875,
        547244.4214623095
       ],
       [
        194323.92881466434,
        547244.4913170269
       ],
       [
        194327.73571768872,
        547248.5873445325
       ],
       [
        194327.7973257179,
        547248.6603316725
       ],
       [
        194327.85168948895,
        547248.7388635275
       ],
       [
        194327.89831305898,
        547248.8222236774
       ],
       [
        194327.9367710965,
        547248.9096516547
       ],
       [
        194327.9667127614,
        547249.0003498828
       ],
       [
        194327.98786490574,
        547249.0934909513
       ],
       [
        194328.0000345654,
        547249.188225165
       ],
       [
        194328.0031107206,
        547249.2836882947
       ],
       [
        194327.99706530862,
        547249.3790094616
       ],
       [
        194327.9819534797,
        547249.4733190819
       ],
       [
        194327.95791309414,
        547249.5657568
       ],
       [
        194327.92516346448,
        547249.655479337
       ],
       [
        194327.88400335482,
        547249.7416681832
       ],
       [
        194327.83480825537,
        547249.8235370666
       ],
       [
        194327.7780269569,
        547249.9003391239
       ],
       [
        194327.71417745648,
        547249.9713737152
       ],
       [
        194319.24411734304,
        547258.534158515
       ]
      ],
      [
       [
        194294.78634498487,
        547104.8137862599
       ],
       [
        194294.6907583985,
        547104.8152905103
       ],
       [
        194294.59546495826,
        547104.8076604052
       ],
       [
        194294.50133555642,
        547104.7909656764
       ],
       [
        194294.40923044703,
        547104.7653588983
       ],
       [
        194291.16927412344,
        547103.6953156007
       ],
       [
        194291.0792945976,
        547103.6607045325
       ],
       [
        194290.99306607564,
        547103.6175897659
       ],
       [
        194290.91138998614,
        547103.5663720199
       ],
       [
        194290.83502544643,
        547103.5075273245
       ],
       [
        194290.76468220697,
        547103.4416025964
       ],
       [
        194290.70101405474,
        547103.3692105561
       ],
       [
        194288.85106647483,
        547101.0491999035
       ],
       [
        194288.78674306074,
        547100.958636222
       ],
       [
        194288.7328609943,
        547100.8614971213
       ],
       [
        194288.69008514145,
        547100.7589812279
       ],
       [
        194287.8701291471,
        547098.4389871429
       ],
       [
        194287.84371989267,
        547098.3518162931
       ],
       [
        194287.8253517754,
        547098.262604085
       ],
       [
        194287.815177181,
        547098.1720906418
       ],
       [
        194287.55524218126,
        547094.2621186486
       ],
       [
        194287.55420494088,
        547094.1475237032
       ],
       [
        194287.5662854745,
        547094.0335625778
       ],
       [
        194288.28635002172,
        547089.6536102146
       ],
       [
        194288.30655965398,
        547089.5593339935
       ],
       [
        194288.33575470516,
        547089.4674422959
       ],
       [
        194289.72580348756,
        547085.7274954394
       ],
       [
        194289.78574808274,
        547085.5961352864
       ],
       [
        194292.06579650936,
        547081.4262062793
       ],
       [
        194292.1132805955,
        547081.348075664
       ],
       [
        194292.16770209913,
        547081.2746084508
       ],
       [
        194305.17785278105,
        547065.2939492298
       ],
       [
        194305.24342249305,
        547065.2210249872
       ],
       [
        194305.3158198342,
        547065.1548739683
       ],
       [
        194305.3943485352,
        547065.0961323697
       ],
       [
        194305.47825335944,
        547065.0453651287
       ],
       [
        194305.56672736636,
        547065.0030604906
       ],
       [
        194305.658919672,
        547064.9696253134
       ],
       [
        194305.75394363233,
        547064.9453811542
       ],
       [
        194305.85088537037,
        547064.9305611772
       ],
       [
        194305.9488125652,
        547064.9253079109
       ],
       [
        194306.04678341845,
        547064.9296718779
       ],
       [
        194306.14385571188,
        547064.9436111083
       ],
       [
        194306.23909586895,
        547064.966991544
       ],
       [
        194306.33158793347,
        547064.9995883275
       ],
       [
        194306.4204423785,
        547065.0410879648
       ],
       [
        194306.5048046613,
        547065.0910913401
       ],
       [
        194306.58386344175,
        547065.1491175542
       ],
       [
        194325.2834664118,
        547080.3392932347
       ],
       [
        194325.35539266912,
        547080.4037279335
       ],
       [
        194325.42076854364,
        547080.4747998122
       ],
       [
        194325.4789843912,
        547080.5518461099
       ],
       [
        194325.52949733633,
        547080.6341483532
       ],
       [
        194325.57183633494,
        547080.7209390561
       ],
       [
        194325.60560656665,
        547080.8114088762
       ],
       [
        194325.6304931167,
        547080.9047141629
       ],
       [
        194325.64626391264,
        547080.9999848241
       ],
       [
        194325.6527718884,
        547081.0963324404
       ],
       [
        194325.64995635563,
        547081.1928585491
       ],
       [
        194325.63784356983,
        547081.2886630235
       ],
       [
        194325.61654648537,
        547081.3828524661
       ],
       [
        194325.58626370213,
        547081.4745485398
       ],
       [
        194325.54727761366,
        547081.562896159
       ],
       [
        194325.4999517737,
        547081.6470714627
       ],
       [
        194325.44472750596,
        547081.7262894983
       ],
       [
        194322.20468643808,
        547085.9262028201
       ],
       [
        194322.15962798632,
        547085.9805319
       ],
       [
        194311.96952728124,
        547097.4202738485
       ],
       [
        194311.91554643252,
        547097.4763225904
       ],
       [
        194311.85737081215,
        547097.5280042187
       ],
       [
        194305.8273404625,
        547102.4788664875
       ],
       [
        194305.75190165426,
        547102.5350784551
       ],
       [
        194305.67151419888,
        547102.5839523346
       ],
       [
        194305.58688958955,
        547102.6250555533
       ],
       [
        194305.49877682168,
        547102.6580243146
       ],
       [
        194299.89879363,
        547104.4579194402
       ],
       [
        194299.81932223952,
        547104.4798918939
       ],
       [
        194299.73831083818,
        547104.4952425773
       ],
       [
        194299.65631018125,
        547104.503867129
       ],
       [
        194294.78634498487,
        547104.8137862599
       ]
      ]
     ],
     [
      [
       [
        194422.68388868883,
        547080.9328024848
       ],
       [
        194422.52500438775,
        547081.1381949821
       ],
       [
        194423.25912852315,
        547081.7079818501
       ],
       [
        194422.68388868883,
        547080.9328024848
       ]
      ]
     ],
     [
      [
       [
        194251.42311092315,
        547080.8802965282
       ],
       [
        194252.00844676813,
        547082.636267008
       ],
       [
        194254.38553817655,
        547079.3989197502
       ],
       [
        194250.14950766036,
        547075.3207965838
       ],
       [
        194251.42311092315,
        547080.8802965282
       ]
      ]
     ]
    ]
   },
   "properties": {
    "label": "여의도중학교 운동장",
    "kind": "운동장",
    "school": "여의도중학교",
    "jibun": "40-1",
    "floors": 0,
    "receptors": 520,
    "S0_hours": 5.09,
    "S1_hours": 4.75,
    "S2_hours": 4.88,
    "S3_hours": 4.49,
    "S0_daegyo_h": 0.03,
    "S1_daegyo_h": 0.37,
    "S2_daegyo_h": 0.05,
    "S3_daegyo_h": 0.44,
    "S0_hwarang_h": 0.49,
    "S1_hwarang_h": 0.42,
    "S2_hwarang_h": 0.69,
    "S3_hwarang_h": 0.69
   }
  },
  {
   "type": "Feature",
   "geometry": {
    "type": "MultiPolygon",
    "coordinates": [
     [
      [
       [
        194247.29574676126,
        547071.1853110032
       ],
       [
        194256.17285529056,
        547059.9255464504
       ],
       [
        194226.96246313024,
        547036.9652657274
       ],
       [
        194220.59259557244,
        547031.9652044578
       ],
       [
        194216.65254704404,
        547036.9850997743
       ],
       [
        194211.68348600372,
        547043.3059678301
       ],
       [
        194225.94318894346,
        547054.5351046971
       ],
       [
        194228.6432218765,
        547051.1151762735
       ],
       [
        194242.58293094797,
        547062.1253097984
       ],
       [
        194239.99289937064,
        547065.4052411468
       ],
       [
        194247.29574676126,
        547071.1853110032
       ]
      ]
     ]
    ]
   },
   "properties": {
    "label": "여의도여자고등학교 ①(5층)",
    "kind": "교사동",
    "school": "여의도여자고등학교",
    "jibun": "40-2",
    "floors": 5,
    "receptors": 60,
    "S0_hours": 4.91,
    "S1_hours": 3.65,
    "S2_hours": 4.17,
    "S3_hours": 2.91,
    "S0_daegyo_h": 0.26,
    "S1_daegyo_h": 1.51,
    "S2_daegyo_h": 0.26,
    "S3_daegyo_h": 1.51,
    "S0_hwarang_h": 0.38,
    "S1_hwarang_h": 0.38,
    "S2_hwarang_h": 1.13,
    "S3_hwarang_h": 1.13
   }
  },
  {
   "type": "Feature",
   "geometry": {
    "type": "MultiPolygon",
    "coordinates": [
     [
      [
       [
        194321.71275820016,
        547032.6658248309
       ],
       [
        194294.153328418,
        547011.2055582857
       ],
       [
        194279.98315169496,
        547029.3951806773
       ],
       [
        194289.66295137285,
        547036.9352742741
       ],
       [
        194307.63258201643,
        547050.7754493235
       ],
       [
        194318.43271649352,
        547036.9257370168
       ],
       [
        194321.71275820016,
        547032.6658248309
       ]
      ]
     ]
    ]
   },
   "properties": {
    "label": "여의도여자고등학교 ②(5층)",
    "kind": "교사동",
    "school": "여의도여자고등학교",
    "jibun": "40-2",
    "floors": 5,
    "receptors": 55,
    "S0_hours": 3.87,
    "S1_hours": 3.19,
    "S2_hours": 5.08,
    "S3_hours": 4.15,
    "S0_daegyo_h": 0.15,
    "S1_daegyo_h": 0.82,
    "S2_daegyo_h": 0.16,
    "S3_daegyo_h": 1.09,
    "S0_hwarang_h": 2.93,
    "S1_hwarang_h": 2.67,
    "S2_hwarang_h": 1.71,
    "S3_hwarang_h": 1.71
   }
  },
  {
   "type": "Feature",
   "geometry": {
    "type": "MultiPolygon",
    "coordinates": [
     [
      [
       [
        194220.79260181575,
        547031.4752117068
       ],
       [
        194197.31308948464,
        547013.0759856061
       ],
       [
        194193.0330215509,
        547019.4758640982
       ],
       [
        194191.2730545794,
        547018.3158453451
       ],
       [
        194186.87299293175,
        547024.385724619
       ],
       [
        194211.0424812728,
        547043.9259524196
       ],
       [
        194220.79260181575,
        547031.4752117068
       ]
      ]
     ]
    ]
   },
   "properties": {
    "label": "여의도여자고등학교 ③(4층)",
    "kind": "교사동",
    "school": "여의도여자고등학교",
    "jibun": "40-2",
    "floors": 4,
    "receptors": 36,
    "S0_hours": 4.02,
    "S1_hours": 3.7,
    "S2_hours": 4.23,
    "S3_hours": 3.91,
    "S0_daegyo_h": 2.2,
    "S1_daegyo_h": 2.51,
    "S2_daegyo_h": 2.2,
    "S3_daegyo_h": 2.51,
    "S0_hwarang_h": 0.42,
    "S1_hwarang_h": 0.42,
    "S2_hwarang_h": 0.21,
    "S3_hwarang_h": 0.21
   }
  },
  {
   "type": "Feature",
   "geometry": {
    "type": "Polygon",
    "coordinates": [
     [
      [
       194154.61082356583,
       546970.8197316398
      ],
      [
       194150.25352243727,
       546974.5277421338
      ],
      [
       194146.2692189214,
       546978.6339253302
      ],
      [
       194142.69414297066,
       546983.1009430038
      ],
      [
       194138.29408132302,
       546989.1708222777
      ],
      [
       194134.98464388738,
       546994.2593369589
      ],
      [
       194132.20627444793,
       546999.6561898435
      ],
      [
       194129.98740912022,
       547005.3061451053
      ],
      [
       194128.35075759512,
       547011.1513764596
      ],
      [
       194127.31307070897,
       547017.1320590066
      ],
      [
       194126.88496900196,
       547023.1869815271
      ],
      [
       194127.07083401873,
       547029.2541729694
      ],
      [
       194127.86876346392,
       547035.2715367113
      ],
      [
       194128.03613417613,
       547035.976675655
      ],
      [
       194172.89204106733,
       546978.0238083418
      ],
      [
       194172.95583273892,
       546977.949255449
      ],
      [
       194173.02662364545,
       546977.8813131298
      ],
      [
       194173.1037322466,
       546977.8206354994
      ],
      [
       194173.18641617853,
       546977.7678067327
      ],
      [
       194173.27387940072,
       546977.7233354391
      ],
      [
       194173.36527985998,
       546977.6876497663
      ],
      [
       194173.45973759744,
       546977.6610932789
      ],
      [
       194173.55634322012,
       546977.6439216494
      ],
      [
       194173.6541666563,
       546977.636300198
      ],
      [
       194173.75226610983,
       546977.6383023005
      ],
      [
       194173.84969712704,
       546977.6499086813
      ],
      [
       194173.94552168978,
       546977.6710075999
      ],
      [
       194174.03881724595,
       546977.7013959265
      ],
      [
       194174.12868559157,
       546977.740781097
      ],
      [
       194174.21426151812,
       546977.78878393
      ],
      [
       194174.29472114245,
       546977.844942278
      ],
      [
       194183.3045354651,
       546984.8150297801
      ],
      [
       194183.37912883298,
       546984.878826269
      ],
      [
       194183.44710855823,
       546984.9496282425
      ],
      [
       194183.5078197131,
       546985.0267535833
      ],
      [
       194183.56067739645,
       546985.1094592531
      ],
      [
       194183.6051723688,
       546985.1969484523
      ],
      [
       194183.6408759583,
       546985.2883782954
      ],
      [
       194183.66744419083,
       546985.3828679326
      ],
      [
       194183.6846211037,
       546985.4795070352
      ],
      [
       194183.69224121168,
       546985.5773645667
      ],
      [
       194183.6902311015,
       546985.6754977516
      ],
      [
       194183.67861013883,
       546985.7729611588
      ],
      [
       194183.65749028194,
       546985.8688158101
      ],
      [
       194183.62707500297,
       546985.962138226
      ],
      [
       194183.58765732762,
       546986.0520293233
      ],
      [
       194183.53961701223,
       546986.1376230767
      ],
      [
       194183.48341688493,
       546986.2180948618
      ],
      [
       194169.32524697087,
       547004.5083576834
      ],
      [
       194172.5269242189,
       547006.9959587533
      ],
      [
       194172.60129927934,
       547007.0598315615
      ],
      [
       194172.66906250242,
       547007.130680209
      ],
      [
       194172.7295625897,
       547007.2078237421
      ],
      [
       194172.7822180515,
       547007.2905207045
      ],
      [
       194172.82652279592,
       547007.3779762639
      ],
      [
       194172.86205099296,
       547007.4693498512
      ],
      [
       194172.88846116746,
       547007.5637632398
      ],
      [
       194172.90549948104,
       547007.660308986
      ],
      [
       194172.91300217193,
       547007.7580591516
      ],
      [
       194172.91089712887,
       547007.8560742221
      ],
      [
       194172.89920458422,
       547007.9534121369
      ],
      [
       194172.87803691952,
       547008.0491373437
      ],
      [
       194172.8475975854,
       547008.1423297907
      ],
      [
       194172.80817914597,
       547008.2320937695
      ],
      [
       194172.7601604671,
       547008.3175665238
      ],
      [
       194172.70400307476,
       547008.3979265421
      ],
      [
       194169.61396416623,
       547012.387844004
      ],
      [
       194169.55015033705,
       547012.4623797382
      ],
      [
       194169.47933896788,
       547012.5303027127
      ],
      [
       194169.40221181506,
       547012.59095898
      ],
      [
       194169.31951144186,
       547012.6437645549
      ],
      [
       194169.23203406934,
       547012.6882110368
      ],
      [
       194169.1406219104,
       547012.723870505
      ],
      [
       194169.04615506125,
       547012.7503996377
      ],
      [
       194168.94954302802,
       547012.7675430184
      ],
      [
       194168.85171597012,
       547012.7751355943
      ],
      [
       194168.75361574496,
       547012.7731042658
      ],
      [
       194168.65618684003,
       547012.76146859
      ],
      [
       194168.56036727942,
       547012.7403405927
      ],
      [
       194168.46707959278,
       547012.7099236896
      ],
      [
       194168.37722193354,
       547012.670510728
      ],
      [
       194168.29165943147,
       547012.6224811672
      ],
      [
       194168.21121586362,
       547012.5662974253
      ],
      [
       194165.19032587335,
       547010.2278243331
      ],
      [
       194143.92319017914,
       547037.6489681875
      ],
      [
       194133.31370149206,
       547051.3214919657
      ],
      [
       194133.82251462917,
       547052.4151154769
      ],
      [
       194136.9260232485,
       547057.6317803168
      ],
      [
       194140.54073019253,
       547062.5081777073
      ],
      [
       194144.62963958058,
       547066.994398591
      ],
      [
       194149.15090215448,
       547071.0445272975
      ],
      [
       194158.5158088676,
       547078.6157430355
      ],
      [
       194182.10232714223,
       547048.1927467867
      ],
      [
       194182.16662467172,
       547048.1177734609
      ],
      [
       194182.23800453535,
       547048.0495086315
      ],
      [
       194182.31577041023,
       547047.9886182334
      ],
      [
       194182.39916367692,
       547047.9356962629
      ],
      [
       194182.48737081976,
       547047.891258983
      ],
      [
       194182.5795313629,
       547047.8557398872
      ],
      [
       194182.67474626435,
       547047.8294854702
      ],
      [
       194182.77208668648,
       547047.8127518483
      ],
      [
       194182.87060305668,
       547047.8057022608
      ],
      [
       194182.96933433085,
       547047.8084054779
      ],
      [
       194183.06731736843,
       547047.8208351291
      ],
      [
       194183.16359632806,
       547047.8428699609
      ],
      [
       194183.2572319919,
       547047.87429502
      ],
      [
       194183.347310928,
       547047.9148037494
      ],
      [
       194183.43295440084,
       547047.9640009794
      ],
      [
       194183.5133269436,
       547048.0214067827
      ],
      [
       194191.96415032746,
       547054.7114876035
      ],
      [
       194192.0380576184,
       547054.7761456163
      ],
      [
       194192.10526690504,
       547054.8477407143
      ],
      [
       194192.16513009186,
       547054.9255825098
      ],
      [
       194192.21706992137,
       547055.0089203786
      ],
      [
       194192.26058554056,
       547055.0969506982
      ],
      [
       194192.29525733067,
       547055.1888245968
      ],
      [
       194192.32075095348,
       547055.2836561393
      ],
      [
       194192.33682057538,
       547055.3805308704
      ],
      [
       194192.34331123787,
       547055.4785146322
      ],
      [
       194192.3401603518,
       547055.5766625725
      ],
      [
       194192.32739830101,
       547055.674028256
      ],
      [
       194192.3051481493,
       547055.7696727908
      ],
      [
       194192.27362445364,
       547055.8626738815
      ],
      [
       194192.2331311954,
       547055.9521347238
      ],
      [
       194192.1840588488,
       547056.0371926515
      ],
      [
       194192.12688061595,
       547056.1170274557
      ],
      [
       194191.10097937364,
       547057.4102419877
      ],
      [
       194191.34158593434,
       547057.5994631051
      ],
      [
       194191.41585184785,
       547057.664028351
      ],
      [
       194191.4834121337,
       547057.7355804625
      ],
      [
       194191.54361253156,
       547057.8134265221
      ],
      [
       194191.59587005497,
       547057.8968126609
      ],
      [
       194191.63967863697,
       547057.9849313594
      ],
      [
       194191.67461403104,
       547058.0769292677
      ],
      [
       194191.70033791944,
       547058.1719154691
      ],
      [
       194191.71660118952,
       547058.268970108
      ],
      [
       194191.7232463462,
       547058.367153298
      ],
      [
       194191.72020903716,
       547058.4655142233
      ],
      [
       194191.70751867598,
       547058.5631003475
      ],
      [
       194191.68529815733,
       547058.6589666369
      ],
      [
       194191.6537626669,
       547058.7521847131
      ],
      [
       194191.61321759742,
       547058.8418518433
      ],
      [
       194191.56405559127,
       547058.9270996822
      ],
      [
       194191.50675273806,
       547059.0071026816
      ],
      [
       194182.37804521574,
       547070.5111382977
      ],
      [
       194186.0174547193,
       547073.3073129603
      ],
      [
       194186.09238404696,
       547073.370977211
      ],
      [
       194186.16069905073,
       547073.4416921404
      ],
      [
       194186.22173929252,
       547073.5187741087
      ],
      [
       194186.27491466329,
       547073.6014779232
      ],
      [
       194186.31971108797,
       547073.689004041
      ],
      [
       194186.35569549527,
       547073.7805063
      ],
      [
       194186.38252000447,
       547073.8751000983
      ],
      [
       194186.39992528854,
       547073.9718709466
      ],
      [
       194186.40774308116,
       547074.0698833085
      ],
      [
       194186.40589780352,
       547074.1681896456
      ],
      [
       194186.39440729492,
       547074.2658395774
      ],
      [
       194186.3733826403,
       547074.3618890692
      ],
      [
       194186.3430270964,
       547074.4554095585
      ],
      [
       194186.30363412664,
       547074.5454969322
      ],
      [
       194186.2555845642,
       547074.631280267
      ],
      [
       194186.19934293022,
       547074.7119302489
      ],
      [
       194183.2693059323,
       547078.5018519287
      ],
      [
       194183.20573542925,
       547078.5762502039
      ],
      [
       194183.1351975184,
       547078.6440787773
      ],
      [
       194183.05836769278,
       547078.704688101
      ],
      [
       194182.97598169884,
       547078.7574977614
      ],
      [
       194182.88882849054,
       547078.8020020365
      ],
      [
       194182.79774267419,
       547078.8377747396
      ],
      [
       194182.70359651608,
       547078.8644733002
      ],
      [
       194182.60729158914,
       547078.8818420444
      ],
      [
       194182.50975013946,
       547078.8897146437
      ],
      [
       194182.4119062544,
       547078.8880157076
      ],
      [
       194182.31469691757,
       547078.8767615058
      ],
      [
       194182.21905303592,
       547078.856059812
      ],
      [
       194182.12589052512,
       547078.826108872
      ],
      [
       194182.03610153848,
       547078.7871955053
      ],
      [
       194181.95054592335,
       547078.7396923586
      ],
      [
       194181.87004298702,
       547078.6840543369
      ],
      [
       194178.21421244313,
       547075.8834881128
      ],
      [
       194169.3198748594,
       547087.3504712048
      ],
      [
       194173.32039049553,
       547090.5847550981
      ],
      [
       194178.12408286007,
       547094.0894754811
      ],
      [
       194182.32633779253,
       547096.5582222843
      ],
      [
       194188.82264678803,
       547101.6738928666
      ],
      [
       194193.6178538018,
       547105.0828317279
      ],
      [
       194196.70110968142,
       547106.8478218359
      ],
      [
       194198.32699212208,
       547108.5787535491
      ],
      [
       194202.7560732237,
       547112.4522259439
      ],
      [
       194205.924390189,
       547114.9598907501
      ],
      [
       194229.23212558424,
       547084.873495217
      ],
      [
       194229.29590637595,
       547084.7990150908
      ],
      [
       194229.36667508632,
       547084.7311397035
      ],
      [
       194229.44375125453,
       547084.6705216956
      ],
      [
       194229.52639377175,
       547084.6177439265
      ],
      [
       194229.61380800713,
       547084.5733138687
      ],
      [
       194229.70515344848,
       547084.5376587299
      ],
      [
       194229.7995517839,
       547084.5111213442
      ],
      [
       194229.89609534713,
       547084.4939568756
      ],
      [
       194229.99385584486,
       547084.4863303658
      ],
      [
       194230.09189328275,
       547084.4883151454
      ],
      [
       194230.1892650035,
       547084.4998921303
      ],
      [
       194230.28503475082,
       547084.5209500046
      ],
      [
       194230.378281672,
       547084.5512862909
      ],
      [
       194230.46810917187,
       547084.5906092974
      ],
      [
       194230.553653534,
       547084.6385409224
      ],
      [
       194230.63409222552,
       547084.6946202902
      ],
      [
       194241.06387742312,
       547092.7537216687
      ],
      [
       194241.13853691396,
       547092.8175037694
      ],
      [
       194241.20658095408,
       547092.8883006942
      ],
      [
       194241.26735344957,
       547092.965429805
      ],
      [
       194241.3202684201,
       547093.048147408
      ],
      [
       194241.36481564917,
       547093.1356559236
      ],
      [
       194241.40056560366,
       547093.2271115779
      ],
      [
       194241.4271735755,
       547093.3216325374
      ],
      [
       194241.4443830054,
       547093.4183074124
      ],
      [
       194241.45202795672,
       547093.516204045
      ],
      [
       194241.4500347153,
       547093.6143784965
      ],
      [
       194241.43842250033,
       547093.7118841497
      ],
      [
       194241.41730327913,
       547093.807780836
      ],
      [
       194241.38688068735,
       547093.9011439007
      ],
      [
       194241.34744806553,
       547093.9910731189
      ],
      [
       194241.29938563082,
       547094.0767013754
      ],
      [
       194241.24315681052,
       547094.1572030258
      ],
      [
       194218.38034390012,
       547123.6873368758
      ],
      [
       194219.9655289155,
       547124.5993465417
      ],
      [
       194225.33926174595,
       547127.023584309
      ],
      [
       194230.92495963624,
       547128.9087666249
      ],
      [
       194236.66869898306,
       547130.2366941837
      ],
      [
       194242.51503047143,
       547130.9945473447
      ],
      [
       194248.40751437505,
       547131.1750098921
      ],
      [
       194254.2892654183,
       547130.7763396635
      ],
      [
       194260.10350193907,
       547129.8023853699
      ],
      [
       194265.7940940518,
       547128.2625494396
      ],
      [
       194271.30610551796,
       547126.171697249
      ],
      [
       194276.58632409343,
       547123.5500136144
      ],
      [
       194281.5837752327,
       547120.4228079293
      ],
      [
       194286.25021419025,
       547116.8202698323
      ],
      [
       194290.54059176944,
       547112.7771777589
      ],
      [
       194293.75800198346,
       547109.084813458
      ],
      [
       194297.64100757721,
       547109.937670717
      ],
      [
       194303.46556809908,
       547110.6305743756
      ],
      [
       194309.32995326,
       547110.7514356085
      ],
      [
       194313.5449244334,
       547110.4254213864
      ],
      [
       194313.96761035797,
       547106.2064228073
      ],
      [
       194313.983532954,
       547106.1027124661
      ],
      [
       194314.01023477668,
       547106.0012414034
      ],
      [
       194314.04742185588,
       547105.9031267507
      ],
      [
       194316.33748678188,
       547100.7022063958
      ],
      [
       194316.38290438795,
       547100.611767131
      ],
      [
       194316.43723039728,
       547100.5263815101
      ],
      [
       194316.4999084018,
       547100.4469240541
      ],
      [
       194316.57029645218,
       547100.374208568
      ],
      [
       194316.64767363266,
       547100.3089798052
      ],
      [
       194320.68768999065,
       547097.2390700472
      ],
      [
       194320.76852734003,
       547097.1836743882
      ],
      [
       194320.8543986066,
       547097.1364570007
      ],
      [
       194320.94447913795,
       547097.0978713303
      ],
      [
       194324.87447050796,
       547095.6379465533
      ],
      [
       194324.9555516321,
       547095.6117002841
      ],
      [
       194325.0385730722,
       547095.5924530552
      ],
      [
       194325.1229318423,
       547095.5803446596
      ],
      [
       194328.6129089593,
       547095.2304036646
      ],
      [
       194328.71874045604,
       547095.2254325631
      ],
      [
       194328.82450391224,
       547095.2316862729
      ],
      [
       194328.92901213127,
       547095.249094596
      ],
      [
       194329.03109200648,
       547095.2774621238
      ],
      [
       194330.30960490086,
       547095.7069091559
      ],
      [
       194330.27283681897,
       547093.4618534122
      ],
      [
       194330.2729155633,
       547093.4248479973
      ],
      [
       194330.3329618643,
       547090.5148729163
      ],
      [
       194330.34239333845,
       547090.3969550245
      ],
      [
       194330.81244353045,
       547087.0369902414
      ],
      [
       194330.83344232844,
       547086.9298817203
      ],
      [
       194330.86598925432,
       547086.8256997525
      ],
      [
       194331.82317983903,
       547084.2625017449
      ],
      [
       194325.94459027925,
       547078.2840831435
      ],
      [
       194325.4345619901,
       547078.8651620637
      ],
      [
       194325.36639389922,
       547078.9355491069
      ],
      [
       194325.2916644058,
       547078.998926763
      ],
      [
       194325.21109100457,
       547079.0546865287
      ],
      [
       194325.12544729875,
       547079.1022930422
      ],
      [
       194325.03555557286,
       547079.1412892225
      ],
      [
       194324.94227889748,
       547079.1713006586
      ],
      [
       194324.84651284295,
       547079.1920392041
      ],
      [
       194324.7491768806,
       547079.2033057433
      ],
      [
       194324.65120555492,
       547079.2049921037
      ],
      [
       194324.55353951058,
       547079.1970820944
      ],
      [
       194324.45711646118,
       547079.179651661
      ],
      [
       194324.36286218607,
       547079.1528681569
      ],
      [
       194324.2716816417,
       547079.1169887367
      ],
      [
       194324.18445027294,
       547079.0723578867
      ],
      [
       194324.1020056077,
       547079.0194041177
      ],
      [
       194324.0251392158,
       547078.9586358508
      ],
      [
       194308.5354833298,
       547065.4284981258
      ],
      [
       194308.46593668076,
       547065.3615640847
      ],
      [
       194308.40316723095,
       547065.2882367473
      ],
      [
       194308.34775979718,
       547065.2091992971
      ],
      [
       194308.30023060506,
       547065.1251881184
      ],
      [
       194308.26102247948,
       547065.0369859352
      ],
      [
       194308.2305007187,
       547064.9454145184
      ],
      [
       194308.20894969095,
       547064.8513270301
      ],
      [
       194308.19657018507,
       547064.7556000743
      ],
      [
       194308.19347753972,
       547064.6591255295
      ],
      [
       194308.19970056877,
       547064.5628022397
      ],
      [
       194308.21518129285,
       547064.4675276396
      ],
      [
       194308.23977547957,
       547064.3741893932
      ],
      [
       194308.27325398728,
       547064.2836571241
      ],
      [
       194308.31530490005,
       547064.1967743123
      ],
      [
       194308.3655364336,
       547064.1143504366
      ],
      [
       194308.42348058565,
       547064.0371534323
      ],
      [
       194316.88487664048,
       547053.8302166968
      ],
      [
       194317.19118300278,
       547053.4590693777
      ],
      [
       194317.25581336825,
       547053.3880057455
      ],
      [
       194317.32696390437,
       547053.3234710635
      ],
      [
       194317.40397809632,
       547053.2660608013
      ],
      [
       194317.4861453246,
       547053.2163046905
      ],
      [
       194317.572707422,
       547053.1746618368
      ],
      [
       194317.66286566932,
       547053.1415164842
      ],
      [
       194317.75578816526,
       547053.1171744687
      ],
      [
       194317.8506175024,
       547053.1018603973
      ],
      [
       194317.9464786787,
       547053.0957155747
      ],
      [
       194318.04248717122,
       547053.0987967
      ],
      [
       194318.13775709766,
       547053.1110753433
      ],
      [
       194318.23140939063,
       547053.132438208
      ],
      [
       194318.3225799088,
       547053.1626881764
      ],
      [
       194318.4104274105,
       547053.201546128
      ],
      [
       194318.49414131595,
       547053.248653516
      ],
      [
       194318.57294918658,
       547053.3035756745
      ],
      [
       194329.83371761258,
       547061.9836853155
      ],
      [
       194329.87572251624,
       547062.0179175166
      ],
      [
       194339.37551337024,
       547070.1980029547
      ],
      [
       194339.41986722822,
       547070.2385796191
      ],
      [
       194342.58979180022,
       547073.318605244
      ],
      [
       194342.64696668636,
       547073.3789787084
      ],
      [
       194344.60691449235,
       547075.6289917064
      ],
      [
       194344.66628861384,
       547075.704134831
      ],
      [
       194344.71820229656,
       547075.7846130579
      ],
      [
       194346.83812612455,
       547079.4446170239
      ],
      [
       194346.87632726107,
       547079.5172957493
      ],
      [
       194346.90843724506,
       547079.5928634201
      ],
      [
       194348.36836308707,
       547083.4628550401
      ],
      [
       194348.39657195628,
       547083.5493588945
      ],
      [
       194349.80647842528,
       547088.6493395885
      ],
      [
       194349.82965738358,
       547088.7552335848
      ],
      [
       194349.84123800189,
       547088.8630143431
      ],
      [
       194350.01852670626,
       547092.2171060483
      ],
      [
       194350.03343765758,
       547092.217076467
      ],
      [
       194350.13859915367,
       547092.2280311774
      ],
      [
       194350.24201622469,
       547092.25002789
      ],
      [
       194350.34253277676,
       547092.2828207046
      ],
      [
       194350.43902514077,
       547092.3260430325
      ],
      [
       194350.53041463386,
       547092.3792116933
      ],
      [
       194350.71500424665,
       547092.500097621
      ],
      [
       194351.11831135768,
       547092.1153978438
      ],
      [
       194354.9470956956,
       547087.6717471771
      ],
      [
       194365.74723017268,
       547073.8220348705
      ],
      [
       194365.9729666805,
       547073.5307177184
      ],
      [
       194369.25300838714,
       547069.2708055325
      ],
      [
       194372.6011877797,
       547064.4521070124
      ],
      [
       194375.4626736149,
       547059.3294066028
      ],
      [
       194377.81009883236,
       547053.9516974697
      ],
      [
       194379.62101281335,
       547048.3704116658
      ],
      [
       194380.87809609697,
       547042.6389282374
      ],
      [
       194381.56932602226,
       547036.812062711
      ],
      [
       194381.68809171216,
       547030.9455428412
      ],
      [
       194381.23325729952,
       547025.0954756341
      ],
      [
       194380.20917279043,
       547019.3178107432
      ],
      [
       194378.62563246104,
       547013.6678053719
      ],
      [
       194376.49778118578,
       547008.1994957955
      ],
      [
       194373.8459695928,
       547002.9651805636
      ],
      [
       194370.69555943192,
       546998.014920319
      ],
      [
       194367.0766810164,
       546993.3960590215
      ],
      [
       194363.02394505887,
       546989.1527711536
      ],
      [
       194358.57611165658,
       546985.3256392382
      ],
      [
       194351.97273391567,
       546980.1836516304
      ],
      [
       194325.4599891444,
       547014.0894619337
      ],
      [
       194325.46973781555,
       547014.0953224445
      ],
      [
       194325.54859309853,
       547014.1539838352
      ],
      [
       194325.62130915516,
       547014.2201025885
      ],
      [
       194325.68718359817,
       547014.2930400424
      ],
      [
       194325.74558012563,
       547014.3720916712
      ],
      [
       194325.79593466708,
       547014.4564938903
      ],
      [
       194325.8377608322,
       547014.545431432
      ],
      [
       194325.8706546089,
       547014.6380452208
      ],
      [
       194325.89429826586,
       547014.733440671
      ],
      [
       194325.90846342154,
       547014.8306963278
      ],
      [
       194325.91301325028,
       547014.9288727684
      ],
      [
       194325.90790380383,
       547015.0270216756
      ],
      [
       194325.89318443593,
       547015.1241949982
      ],
      [
       194325.86899732563,
       547015.2194541086
      ],
      [
       194325.8355761038,
       547015.3118788692
      ],
      [
       194325.7932435965,
       547015.4005765199
      ],
      [
       194325.74240870678,
       547015.4846903025
      ],
      [
       194325.6835624648,
       547015.5634077353
      ],
      [
       194324.34354736118,
       547017.1833728545
      ],
      [
       194324.276192099,
       547017.2569895331
      ],
      [
       194324.20183577514,
       547017.3235273706
      ],
      [
       194324.12121869202,
       547017.3823239064
      ],
      [
       194324.03514348518,
       547017.4327937537
      ],
      [
       194323.94446713195,
       547017.4744344272
      ],
      [
       194323.85009241948,
       547017.5068313462
      ],
      [
       194323.75295895623,
       547017.5296619623
      ],
      [
       194323.6540338172,
       547017.5426989705
      ],
      [
       194323.5543019156,
       547017.5458125725
      ],
      [
       194323.45475619685,
       547017.5389717688
      ],
      [
       194323.35638775275,
       547017.5222446673
      ],
      [
       194323.26017595397,
       547017.4957978057
      ],
      [
       194323.16707869928,
       547017.4598944928
      ],
      [
       194323.0780228786,
       547017.414892187
      ],
      [
       194322.99389514478,
       547017.361238938
      ],
      [
       194320.47394451415,
       547015.5712131454
      ],
      [
       194320.39700588572,
       547015.5106828186
      ],
      [
       194320.32635445354,
       547015.4429196418
      ],
      [
       194320.2626673036,
       547015.3685730216
      ],
      [
       194320.20655478007,
       547015.2883554568
      ],
      [
       194320.1585546357,
       547015.2030357103
      ],
      [
       194320.11912687868,
       547015.1134314415
      ],
      [
       194320.08864936378,
       547015.0204013706
      ],
      [
       194320.06741417147,
       547014.9248370487
      ],
      [
       194320.05562480865,
       547014.8276543141
      ],
      [
       194320.05339425837,
       547014.7297845146
      ],
      [
       194320.060743897,
       547014.632165583
      ],
      [
       194320.0776032895,
       547014.5357330475
      ],
      [
       194320.10381086438,
       547014.4414110669
      ],
      [
       194320.139115462,
       547014.3501035733
      ],
      [
       194320.18317874172,
       547014.2626856096
      ],
      [
       194320.23557842427,
       547014.1799949434
      ],
      [
       194320.30441065892,
       547014.082300921
      ],
      [
       194312.841879325,
       547008.317258814
      ],
      [
       194312.7672713808,
       547008.2535395671
      ],
      [
       194312.69926680814,
       547008.1828156967
      ],
      [
       194312.63852025216,
       547008.1057680252
      ],
      [
       194312.58561648882,
       547008.0231382509
      ],
      [
       194312.5410647956,
       547007.9357218086
      ],
      [
       194312.50529404878,
       547007.8443602115
      ],
      [
       194312.47864859505,
       547007.7499329508
      ],
      [
       194312.46138493653,
       547007.6533490296
      ],
      [
       194312.45366926162,
       547007.5555382116
      ],
      [
       194312.45557584518,
       547007.4574420715
      ],
      [
       194312.4670863335,
       547007.3600049306
      ],
      [
       194312.48808992095,
       547007.2641647664
      ],
      [
       194312.51838441685,
       547007.1708441831
      ],
      [
       194312.55767819154,
       547007.0809415301
      ],
      [
       194312.605592984,
       547006.995322254
      ],
      [
       194312.6616675431,
       547006.9148105681
      ],
      [
       194340.30954050637,
       546971.1016335585
      ],
      [
       194331.01668187443,
       546963.865372693
      ],
      [
       194326.1996858415,
       546960.4805055417
      ],
      [
       194321.07414768927,
       546957.5840188657
      ],
      [
       194315.68941606546,
       546955.20380002
      ],
      [
       194315.1285289804,
       546955.0191438312
      ],
      [
       194291.0917115971,
       546985.8674615398
      ],
      [
       194291.3646450561,
       546986.0388969302
      ],
      [
       194291.4473324378,
       546986.096855121
      ],
      [
       194291.52375328416,
       546986.1628567058
      ],
      [
       194291.5931283811,
       546986.2362287092
      ],
      [
       194291.65475035552,
       546986.3162230043
      ],
      [
       194291.70799088787,
       546986.4020239406
      ],
      [
       194291.75230711882,
       546986.4927566615
      ],
      [
       194291.78724718431,
       546986.587496024
      ],
      [
       194291.81245482306,
       546986.6852760317
      ],
      [
       194291.82767300901,
       546986.7850996851
      ],
      [
       194291.83274657218,
       546986.8859491468
      ],
      [
       194291.82762378067,
       546986.9867961198
      ],
      [
       194291.8123568683,
       546987.0866123327
      ],
      [
       194291.78710150192,
       546987.1843800239
      ],
      [
       194291.75211519422,
       546987.2791023193
      ],
      [
       194291.707754678,
       546987.3698133966
      ],
      [
       194291.65447226886,
       546987.4555883338
      ],
      [
       194291.59281125313,
       546987.5355525389
      ],
      [
       194289.35278742382,
       546990.1554949495
      ],
      [
       194289.28729787533,
       546990.2250676876
      ],
      [
       194289.2154673793,
       546990.2880726611
      ],
      [
       194289.13795169405,
       546990.343934682
      ],
      [
       194289.0554584794,
       546990.3921437722
      ],
      [
       194288.96874083622,
       546990.432259819
      ],
      [
       194288.87859043136,
       546990.463916593
      ],
      [
       194288.78583027003,
       546990.4868250918
      ],
      [
       194288.69130718274,
       546990.5007761781
      ],
      [
       194288.59588409401,
       546990.5056424888
      ],
      [
       194288.5004321448,
       546990.5013795984
      ],
      [
       194288.40582273953,
       546990.4880264237
      ],
      [
       194288.31291959077,
       546990.4657048692
      ],
      [
       194288.22257083433,
       546990.4346187139
      ],
      [
       194288.1356012863,
       546990.3950517509
      ],
      [
       194288.0528049132,
       546990.3473651969
      ],
      [
       194287.97493758347,
       546990.291994394
      ],
      [
       194280.88508506655,
       546984.721926231
      ],
      [
       194280.8107610317,
       546984.6573721061
      ],
      [
       194280.74314443304,
       546984.5858228728
      ],
      [
       194280.6828905631,
       546984.5079719361
      ],
      [
       194280.6305833601,
       546984.4245737724
      ],
      [
       194280.5867297486,
       546984.3364366181
      ],
      [
       194280.55175472706,
       546984.2444146367
      ],
      [
       194280.52599724874,
       546984.1493996405
      ],
      [
       194280.5097069371,
       546984.052312448
      ],
      [
       194280.50304166632,
       546983.9540939601
      ],
      [
       194280.50606603155,
       546983.8556960414
      ],
      [
       194280.51875072278,
       546983.7580722952
      ],
      [
       194280.54097280887,
       546983.6621688225
      ],
      [
       194280.57251692898,
       546983.5689150521
      ],
      [
       194280.61082008827,
       546983.4842067832
      ],
      [
       194277.94551768547,
       546981.3921851835
      ],
      [
       194277.87139883527,
       546981.3278890264
      ],
      [
       194277.80393794185,
       546981.2566385693
      ],
      [
       194277.7437844917,
       546981.1791197831
      ],
      [
       194277.69151761822,
       546981.0960789876
      ],
      [
       194277.64764052592,
       546981.0083156665
      ],
      [
       194277.61257564585,
       546980.9166747697
      ],
      [
       194277.58666056872,
       546980.8220385792
      ],
      [
       194277.57014479444,
       546980.7253182144
      ],
      [
       194277.56318733032,
       546980.6274448602
      ],
      [
       194277.56585516,
       546980.529360802
      ],
      [
       194277.57812259876,
       546980.432010354
      ],
      [
       194277.59987154053,
       546980.3363307674
      ],
      [
       194277.63089259525,
       546980.2432432068
      ],
      [
       194277.67088710458,
       546980.153643882
      ],
      [
       194277.71947001744,
       546980.0683954195
      ],
      [
       194277.77617359694,
       546979.9883185574
      ],
      [
       194300.0816897775,
       546951.5562994005
      ],
      [
       194298.5079653855,
       546951.363790791
      ],
      [
       194292.62225895064,
       546951.2250962477
      ],
      [
       194286.75129364256,
       546951.6638932
      ],
      [
       194280.95159507683,
       546952.6759569135
      ],
      [
       194275.2790027132,
       546954.2515432456
      ],
      [
       194269.7881322338,
       546956.3754824613
      ],
      [
       194264.53184970364,
       546959.0273252879
      ],
      [
       194259.56076257647,
       546962.1815397999
      ],
      [
       194254.92273244658,
       546965.8077572406
      ],
      [
       194250.66241423765,
       546969.8710644124
      ],
      [
       194246.8208262655,
       546974.3323398205
      ],
      [
       194246.18636742263,
       546975.146766274
      ],
      [
       194234.32146007067,
       546965.8490811281
      ],
      [
       194229.5825428458,
       546962.4925655974
      ],
      [
       194224.54133673917,
       546959.6098977424
      ],
      [
       194219.2450659953,
       546957.228081381
      ],
      [
       194214.35111065244,
       546955.5747509492
      ],
      [
       194213.48428885938,
       546956.6969894761
      ],
      [
       194213.4205082396,
       546956.7716739323
      ],
      [
       194213.34970911205,
       546956.8397416853
      ],
      [
       194213.27257438638,
       546956.9005361716
      ],
      [
       194213.18984808377,
       546956.9534709835
      ],
      [
       194213.10232816025,
       546956.998035526
      ],
      [
       194213.01085880987,
       546957.0337999413
      ],
      [
       194212.91632232172,
       546957.0604192552
      ],
      [
       194212.8196305698,
       546957.0776367048
      ],
      [
       194212.72171621717,
       546957.0852862153
      ],
      [
       194212.62352371978,
       546957.0832940015
      ],
      [
       194212.52600021646,
       546957.0716792797
      ],
      [
       194212.43008639314,
       546957.0505540825
      ],
      [
       194212.3367074092,
       546957.0201221779
      ],
      [
       194212.24676397358,
       546956.980677104
      ],
      [
       194212.1611236569,
       546956.9325993377
      ],
      [
       194212.080612523,
       546956.8763526242
      ],
      [
       194208.97123852704,
       546954.4685011366
      ],
      [
       194191.0632967224,
       546977.5875422207
      ],
      [
       194190.9992341163,
       546977.6623290137
      ],
      [
       194190.9281265157,
       546977.7304523655
      ],
      [
       194190.85066345683,
       546977.7912516781
      ],
      [
       194190.76759610532,
       546977.8441373758
      ],
      [
       194190.6797299721,
       546977.8885966217
      ],
      [
       194190.5879171022,
       546977.9241982907
      ],
      [
       194190.4930478126,
       546977.9505971505
      ],
      [
       194190.39604205856,
       546977.9675372093
      ],
      [
       194190.29784051282,
       546977.9748541979
      ],
      [
       194190.1993954438,
       546977.972477163
      ],
      [
       194190.1016614814,
       546977.9604291546
      ],
      [
       194190.00558635988,
       546977.9388270035
      ],
      [
       194189.91210172753,
       546977.9078801874
      ],
      [
       194189.82211411253,
       546977.8678888001
      ],
      [
       194189.7364961321,
       546977.8192406415
      ],
      [
       194189.65607803085,
       546977.7624074566
      ],
      [
       194179.96627923235,
       546970.1723141257
      ],
      [
       194179.892082164,
       546970.1080777075
      ],
      [
       194179.8245389992,
       546970.0368776845
      ],
      [
       194179.76430028147,
       546969.9593998215
      ],
      [
       194179.71194620137,
       546969.8763903481
      ],
      [
       194179.66798100836,
       546969.7886487719
      ],
      [
       194179.63282815422,
       546969.697020178
      ],
      [
       194179.60682621444,
       546969.602387089
      ],
      [
       194179.5902256273,
       546969.505660966
      ],
      [
       194179.58318628167,
       546969.4077734286
      ],
      [
       194179.58577597723,
       546969.3096672826
      ],
      [
       194179.59796977122,
       546969.21228744
      ],
      [
       194179.61965021887,
       546969.1165718165
      ],
      [
       194179.65060850448,
       546969.0234422996
      ],
      [
       194179.69054645256,
       546968.9337958681
      ],
      [
       194179.73907939997,
       546968.8484959536
      ],
      [
       194179.79573990044,
       546968.7683641243
      ],
      [
       194180.9857546023,
       546967.2493957627
      ],
      [
       194180.98959580366,
       546967.2445239502
      ],
      [
       194192.00732468464,
       546953.3594947868
      ],
      [
       194190.73135096312,
       546953.4380721782
      ],
      [
       194184.99679004416,
       546954.3536834705
      ],
      [
       194179.3776038836,
       546955.8193846219
      ],
      [
       194173.92643103973,
       546957.8214454597
      ],
      [
       194168.69433618116,
       546960.3411113827
      ],
      [
       194163.73033173115,
       546963.3547790472
      ],
      [
       194159.0809187362,
       546966.8342174753
      ],
      [
       194155.03340482045,
       546970.5245872554
      ],
      [
       194154.61082356583,
       546970.8197316398
      ]
     ],
     [
      [
       194294.78634498487,
       547104.8137862599
      ],
      [
       194294.6907583985,
       547104.8152905103
      ],
      [
       194294.59546495826,
       547104.8076604052
      ],
      [
       194294.50133555642,
       547104.7909656764
      ],
      [
       194294.40923044703,
       547104.7653588983
      ],
      [
       194291.16927412344,
       547103.6953156007
      ],
      [
       194291.0792945976,
       547103.6607045325
      ],
      [
       194290.99306607564,
       547103.6175897659
      ],
      [
       194290.91138998614,
       547103.5663720199
      ],
      [
       194290.83502544643,
       547103.5075273245
      ],
      [
       194290.76468220697,
       547103.4416025964
      ],
      [
       194290.70101405474,
       547103.3692105561
      ],
      [
       194288.85106647483,
       547101.0491999035
      ],
      [
       194288.78674306074,
       547100.958636222
      ],
      [
       194288.7328609943,
       547100.8614971213
      ],
      [
       194288.69008514145,
       547100.7589812279
      ],
      [
       194287.8701291471,
       547098.4389871429
      ],
      [
       194287.84371989267,
       547098.3518162931
      ],
      [
       194287.8253517754,
       547098.262604085
      ],
      [
       194287.815177181,
       547098.1720906418
      ],
      [
       194287.55524218126,
       547094.2621186486
      ],
      [
       194287.55420494088,
       547094.1475237032
      ],
      [
       194287.5662854745,
       547094.0335625778
      ],
      [
       194288.28635002172,
       547089.6536102146
      ],
      [
       194288.30655965398,
       547089.5593339935
      ],
      [
       194288.33575470516,
       547089.4674422959
      ],
      [
       194289.72580348756,
       547085.7274954394
      ],
      [
       194289.78574808274,
       547085.5961352864
      ],
      [
       194292.06579650936,
       547081.4262062793
      ],
      [
       194292.1132805955,
       547081.348075664
      ],
      [
       194292.16770209913,
       547081.2746084508
      ],
      [
       194305.17785278105,
       547065.2939492298
      ],
      [
       194305.24342249305,
       547065.2210249872
      ],
      [
       194305.3158198342,
       547065.1548739683
      ],
      [
       194305.3943485352,
       547065.0961323697
      ],
      [
       194305.47825335944,
       547065.0453651287
      ],
      [
       194305.56672736636,
       547065.0030604906
      ],
      [
       194305.658919672,
       547064.9696253134
      ],
      [
       194305.75394363233,
       547064.9453811542
      ],
      [
       194305.85088537037,
       547064.9305611772
      ],
      [
       194305.9488125652,
       547064.9253079109
      ],
      [
       194306.04678341845,
       547064.9296718779
      ],
      [
       194306.14385571188,
       547064.9436111083
      ],
      [
       194306.23909586895,
       547064.966991544
      ],
      [
       194306.33158793347,
       547064.9995883275
      ],
      [
       194306.4204423785,
       547065.0410879648
      ],
      [
       194306.5048046613,
       547065.0910913401
      ],
      [
       194306.58386344175,
       547065.1491175542
      ],
      [
       194325.2834664118,
       547080.3392932347
      ],
      [
       194325.35539266912,
       547080.4037279335
      ],
      [
       194325.42076854364,
       547080.4747998122
      ],
      [
       194325.4789843912,
       547080.5518461099
      ],
      [
       194325.52949733633,
       547080.6341483532
      ],
      [
       194325.57183633494,
       547080.7209390561
      ],
      [
       194325.60560656665,
       547080.8114088762
      ],
      [
       194325.6304931167,
       547080.9047141629
      ],
      [
       194325.64626391264,
       547080.9999848241
      ],
      [
       194325.6527718884,
       547081.0963324404
      ],
      [
       194325.64995635563,
       547081.1928585491
      ],
      [
       194325.63784356983,
       547081.2886630235
      ],
      [
       194325.61654648537,
       547081.3828524661
      ],
      [
       194325.58626370213,
       547081.4745485398
      ],
      [
       194325.54727761366,
       547081.562896159
      ],
      [
       194325.4999517737,
       547081.6470714627
      ],
      [
       194325.44472750596,
       547081.7262894983
      ],
      [
       194322.20468643808,
       547085.9262028201
      ],
      [
       194322.15962798632,
       547085.9805319
      ],
      [
       194311.96952728124,
       547097.4202738485
      ],
      [
       194311.91554643252,
       547097.4763225904
      ],
      [
       194311.85737081215,
       547097.5280042187
      ],
      [
       194305.8273404625,
       547102.4788664875
      ],
      [
       194305.75190165426,
       547102.5350784551
      ],
      [
       194305.67151419888,
       547102.5839523346
      ],
      [
       194305.58688958955,
       547102.6250555533
      ],
      [
       194305.49877682168,
       547102.6580243146
      ],
      [
       194299.89879363,
       547104.4579194402
      ],
      [
       194299.81932223952,
       547104.4798918939
      ],
      [
       194299.73831083818,
       547104.4952425773
      ],
      [
       194299.65631018125,
       547104.503867129
      ],
      [
       194294.78634498487,
       547104.8137862599
      ]
     ],
     [
      [
       194192.75397783716,
       547018.094265089
      ],
      [
       194196.48184828743,
       547012.5200736778
      ],
      [
       194196.5394834664,
       547012.4423187153
      ],
      [
       194196.60436551424,
       547012.3704997211
      ],
      [
       194196.67588663884,
       547012.3052894706
      ],
      [
       194196.75337685543,
       547012.2472988301
      ],
      [
       194196.83611026293,
       547012.1970710356
      ],
      [
       194196.92331184392,
       547012.1550766036
      ],
      [
       194197.01416472465,
       547012.121708923
      ],
      [
       194197.10781782732,
       547012.0972805704
      ],
      [
       194197.20339384265,
       547012.0820203823
      ],
      [
       194197.2999974481,
       547012.0760713104
      ],
      [
       194197.3967236952,
       547012.0794890838
      ],
      [
       194197.49266648642,
       547012.092241686
      ],
      [
       194197.5869270635,
       547012.1142096549
      ],
      [
       194197.67862242652,
       547012.1451872024
      ],
      [
       194197.76689360559,
       547012.1848841417
      ],
      [
       194197.85091370734,
       547012.232928606
      ],
      [
       194197.92989566107,
       547012.2888705315
      ],
      [
       194221.40940799218,
       547030.6880966322
      ],
      [
       194221.4835737377,
       547030.75233011
      ],
      [
       194221.55108784375,
       547030.8235224056
      ],
      [
       194221.61130038596,
       547030.9009881867
      ],
      [
       194221.66363172847,
       547030.983981729
      ],
      [
       194221.7075781037,
       547031.0717040955
      ],
      [
       194221.74271646203,
       547031.1633108269
      ],
      [
       194221.7687085441,
       547031.2579200714
      ],
      [
       194221.78530413724,
       547031.3546210732
      ],
      [
       194221.79234348398,
       547031.4524829405
      ],
      [
       194221.78975882006,
       547031.5505636062
      ],
      [
       194221.78029159695,
       547031.626211989
      ],
      [
       194227.58043874198,
       547036.1790684599
      ],
      [
       194256.7908309023,
       547059.139349183
      ],
      [
       194256.86498174272,
       547059.2037701871
      ],
      [
       194256.93245466138,
       547059.2751551868
      ],
      [
       194256.99259865165,
       547059.3528154298
      ],
      [
       194257.04483341947,
       547059.4360016183
      ],
      [
       194257.08865498225,
       547059.5239111374
      ],
      [
       194257.12364053147,
       547059.6156957998
      ],
      [
       194257.1494525121,
       547059.7104700294
      ],
      [
       194257.16584187944,
       547059.8073194049
      ],
      [
       194257.17265050218,
       547059.9053094839
      ],
      [
       194257.16981268788,
       547060.0034948175
      ],
      [
       194257.15735581695,
       547060.100928073
      ],
      [
       194257.1354000784,
       547060.1966691742
      ],
      [
       194257.1041573103,
       547060.2897943715
      ],
      [
       194257.0639289558,
       547060.3794051544
      ],
      [
       194257.01510315458,
       547060.4646369211
      ],
      [
       194256.95815099822,
       547060.5446673203
      ],
      [
       194251.35275742077,
       547067.6545738513
      ],
      [
       194251.51003510936,
       547067.7917390702
      ],
      [
       194251.58737563106,
       547067.8669062626
      ],
      [
       194251.65617135295,
       547067.9499653485
      ],
      [
       194251.7156220664,
       547068.0399502126
      ],
      [
       194251.7650362608,
       547068.1358141813
      ],
      [
       194251.98502658357,
       547068.625813682
      ],
      [
       194252.02368818191,
       547068.726007028
      ],
      [
       194252.0513822108,
       547068.8297686132
      ],
      [
       194252.06778926318,
       547068.9359017109
      ],
      [
       194252.12777912652,
       547069.5358977385
      ],
      [
       194252.1324717667,
       547069.6122107176
      ],
      [
       194252.1313202852,
       547069.6886591691
      ],
      [
       194252.1147552397,
       547069.9991598693
      ],
      [
       194259.8810969493,
       547077.9142684045
      ],
      [
       194286.9206762534,
       547042.8149106645
      ],
      [
       194286.98306785873,
       547042.74152354
      ],
      [
       194287.05223078205,
       547042.6744797297
      ],
      [
       194287.1275233032,
       547042.6144012917
      ],
      [
       194287.20824682942,
       547042.5618456567
      ],
      [
       194287.29365237695,
       547042.5173004561
      ],
      [
       194287.38294752044,
       547042.4811789971
      ],
      [
       194287.47530374542,
       547042.4538164284
      ],
      [
       194287.56986413553,
       547042.4354666306
      ],
      [
       194287.66575132325,
       547042.42629986
      ],
      [
       194287.76207563063,
       547042.4264011694
      ],
      [
       194287.85794332388,
       547042.435769619
      ],
      [
       194287.9524649059,
       547042.4543182844
      ],
      [
       194288.04476336925,
       547042.4818750642
      ],
      [
       194288.13398233353,
       547042.5181842761
      ],
      [
       194288.21929399107,
       547042.5629090292
      ],
      [
       194288.2999067877,
       547042.6156343502
      ],
      [
       194288.37507276697,
       547042.6758710335
      ],
      [
       194289.34124790784,
       547043.5297278442
      ],
      [
       194291.0896071859,
       547041.5275225802
      ],
      [
       194291.15958578908,
       547041.4550940853
      ],
      [
       194291.23649465854,
       547041.3900716463
      ],
      [
       194291.3195537159,
       547041.3331147786
      ],
      [
       194291.40792050218,
       547041.2848011898
      ],
      [
       194291.50069872255,
       547041.2456209192
      ],
      [
       194291.59694733762,
       547041.2159713681
      ],
      [
       194291.69569010808,
       547041.1961532687
      ],
      [
       194291.7959254967,
       547041.1863676339
      ],
      [
       194291.8966368268,
       547041.1867137182
      ],
      [
       194291.99680259422,
       547041.1971880114
      ],
      [
       194292.09540682845,
       547041.2176842738
      ],
      [
       194292.1914493974,
       547041.2479946142
      ],
      [
       194292.2839561517,
       547041.2878115979
      ],
      [
       194292.3719888053,
       547041.3367313656
      ],
      [
       194292.45465445262,
       547041.3942577295
      ],
      [
       194295.29958350677,
       547043.5946676607
      ],
      [
       194295.80932015146,
       547042.9314179966
      ],
      [
       194289.0527592588,
       547037.7275277587
      ],
      [
       194289.04843402794,
       547037.7241775843
      ],
      [
       194288.10141199126,
       547036.9864934345
      ],
      [
       194288.0628851086,
       547037.0043197294
      ],
      [
       194287.95970372122,
       547037.0390230637
      ],
      [
       194287.85336148101,
       547037.0623049893
      ],
      [
       194287.05336592515,
       547037.1922910548
      ],
      [
       194286.97841119597,
       547037.2015803038
      ],
      [
       194286.90296915715,
       547037.2051859038
      ],
      [
       194285.90297716574,
       547037.2151697404
      ],
      [
       194285.76791699175,
       547037.2073666443
      ],
      [
       194284.577929127,
       547037.0573487433
      ],
      [
       194284.46028737607,
       547037.0352984365
      ],
      [
       194284.34612276134,
       547036.9993507199
      ],
      [
       194283.4561355003,
       547036.6593392058
      ],
      [
       194283.37064179592,
       547036.6220194338
      ],
      [
       194283.28899762765,
       547036.5768955081
      ],
      [
       194283.211913458,
       547036.5243600947
      ],
      [
       194279.7019845822,
       547033.8843253789
      ],
      [
       194279.6264305125,
       547033.8214517733
      ],
      [
       194279.55741399116,
       547033.7514644349
      ],
      [
       194279.49560182192,
       547033.6750395471
      ],
      [
       194279.4415912035,
       547033.5929154896
      ],
      [
       194279.3959039599,
       547033.5058857043
      ],
      [
       194279.3589814988,
       547033.4147910305
      ],
      [
       194279.33118054684,
       547033.3205115799
      ],
      [
       194279.3127697031,
       547033.2239582341
      ],
      [
       194279.30392684412,
       547033.1260638441
      ],
      [
       194279.30473740524,
       547033.0277742173
      ],
      [
       194279.31519355523,
       547032.9300389797
      ],
      [
       194279.3351942719,
       547032.8338024011
      ],
      [
       194279.3645463182,
       547032.7399942718
      ],
      [
       194279.40296610905,
       547032.6495209199
      ],
      [
       194279.4500824514,
       547032.5632564542
      ],
      [
       194279.5054401303,
       547032.4820343198
      ],
      [
       194280.54821816334,
       547031.1029224608
      ],
      [
       194279.36863435004,
       547030.1840839875
      ],
      [
       194279.29426528816,
       547030.1200499886
      ],
      [
       194279.22653096728,
       547030.0490346934
      ],
      [
       194279.16608374414,
       547029.971722058
      ],
      [
       194279.11350579263,
       547029.888856689
      ],
      [
       194279.06930349677,
       547029.8012366717
      ],
      [
       194279.03390257378,
       547029.7097058845
      ],
      [
       194279.00764397386,
       547029.6151458701
      ],
      [
       194278.99078059648,
       547029.5184673468
      ],
      [
       194278.98347485467,
       547029.4206014359
      ],
      [
       194278.98579711086,
       547029.3224906949
      ],
      [
       194278.99772499912,
       547029.2250800391
      ],
      [
       194279.01914364065,
       547029.1293076414
      ],
      [
       194279.04984675016,
       547029.0360958963
      ],
      [
       194279.0895386226,
       547028.9463425362
      ],
      [
       194279.1378369812,
       547028.8609119859
      ],
      [
       194279.19427665908,
       547028.7806270362
      ],
      [
       194293.36445338212,
       547010.5910046446
      ],
      [
       194293.4284798483,
       547010.5166500545
      ],
      [
       194293.49948515178,
       547010.4489282683
      ],
      [
       194293.57678565395,
       547010.388491311
      ],
      [
       194293.6596371061,
       547010.335921069
      ],
      [
       194293.7472418149,
       547010.2917236886
      ],
      [
       194293.8387563229,
       547010.2563247017
      ],
      [
       194293.93329952896,
       547010.2300649295
      ],
      [
       194294.0299611717,
       547010.2131972009
      ],
      [
       194294.12781059352,
       547010.2058839184
      ],
      [
       194294.22590570076,
       547010.2081954941
      ],
      [
       194294.3233020344,
       547010.2201096723
      ],
      [
       194294.41906186318,
       547010.2415117432
      ],
      [
       194294.5122632121,
       547010.2721956479
      ],
      [
       194294.60200873917,
       547010.311865962
      ],
      [
       194294.68743437502,
       547010.3601407399
      ],
      [
       194294.76771764227,
       547010.4165551924
      ],
      [
       194322.32714742442,
       547031.8768217376
      ],
      [
       194322.40127798112,
       547031.9406072695
      ],
      [
       194322.4688235804,
       547032.011328734
      ],
      [
       194322.52913822068,
       547032.0883097557
      ],
      [
       194322.5816450567,
       547032.1708140931
      ],
      [
       194322.62584191657,
       547032.2580526803
      ],
      [
       194322.6613061045,
       547032.3491911732
      ],
      [
       194322.68769844333,
       547032.4433579294
      ],
      [
       194322.70476651847,
       547032.5396523442
      ],
      [
       194322.71234709202,
       547032.6371534644
      ],
      [
       194322.71036766385,
       547032.7349287955
      ],
      [
       194322.6988471651,
       547032.832043221
      ],
      [
       194322.67789577704,
       547032.9275679447
      ],
      [
       194322.64771387738,
       547033.0205893748
      ],
      [
       194322.60859012374,
       547033.1102178604
      ],
      [
       194322.56089869316,
       547033.1955962005
      ],
      [
       194322.50509570327,
       547033.2759078426
      ],
      [
       194319.22505399663,
       547037.5358200285
      ],
      [
       194319.2212917215,
       547037.5406753144
      ],
      [
       194308.42115724442,
       547051.390387621
      ],
      [
       194308.35734417214,
       547051.4644484655
      ],
      [
       194308.2866044632,
       547051.5319244646
      ],
      [
       194308.2096141853,
       547051.5921707423
      ],
      [
       194308.12710914353,
       547051.6446115181
      ],
      [
       194308.0398778482,
       547051.6887456091
      ],
      [
       194307.94875397903,
       547051.7241512209
      ],
      [
       194307.85460841743,
       547051.7504899777
      ],
      [
       194307.75834092358,
       547051.767510157
      ],
      [
       194307.66087153714,
       547051.7750490949
      ],
      [
       194307.56313178447,
       547051.773034741
      ],
      [
       194307.46605577576,
       547051.7614863467
      ],
      [
       194307.3705712778,
       547051.7405142813
      ],
      [
       194307.2775908471,
       547051.7103189774
      ],
      [
       194307.1880031085,
       547051.6711890148
      ],
      [
       194307.10266426246,
       547051.6234983633
      ],
      [
       194307.02238990238,
       547051.5677028081
      ],
      [
       194299.5240712287,
       547045.7925121501
      ],
      [
       194298.70215398172,
       547046.8634595047
      ],
      [
       194298.6988893791,
       547046.8911124602
      ],
      [
       194298.67791215883,
       547046.9868951105
      ],
      [
       194298.6476553125,
       547047.0801629138
      ],
      [
       194298.6084097403,
       547047.1700191598
      ],
      [
       194298.5605527633,
       547047.2555999382
      ],
      [
       194298.50454449566,
       547047.3360824446
      ],
      [
       194291.4192804895,
       547056.5217428984
      ],
      [
       194294.0210103572,
       547058.5693257435
      ],
      [
       194294.09457629753,
       547058.6332676848
      ],
      [
       194294.1615677265,
       547058.7040678819
      ],
      [
       194294.22134819068,
       547058.7810536958
      ],
      [
       194294.27334974465,
       547058.8634937215
      ],
      [
       194294.31707834662,
       547058.9506047359
      ],
      [
       194294.35211855214,
       547059.0415591389
      ],
      [
       194294.3781374611,
       547059.1354928167
      ],
      [
       194294.3948878803,
       547059.2315133505
      ],
      [
       194294.40221067212,
       547059.3287084952
      ],
      [
       194294.40003626616,
       547059.4261548467
      ],
      [
       194294.38838532046,
       547059.5229266138
      ],
      [
       194294.36736852504,
       547059.6181044145
      ],
      [
       194294.33718555036,
       547059.7107840105
      ],
      [
       194294.29812315037,
       547059.8000848971
      ],
      [
       194294.25055243817,
       547059.8851586697
      ],
      [
       194294.19492536024,
       547059.9651970833
      ],
      [
       194276.588951488,
       547082.8328666568
      ],
      [
       194276.91484313784,
       547083.0844966532
      ],
      [
       194279.66330205306,
       547079.542701637
      ],
      [
       194279.68007404744,
       547079.5216783308
      ],
      [
       194280.09007873785,
       547079.021689041
      ],
      [
       194280.16059851027,
       547078.9443321566
      ],
      [
       194280.23881826925,
       547078.8747707076
      ],
      [
       194280.32388095107,
       547078.8137668876
      ],
      [
       194280.4148545132,
       547078.7619891233
      ],
      [
       194280.5107421468,
       547078.7200047501
      ],
      [
       194281.2007406909,
       547078.4600179875
      ],
      [
       194281.30798163216,
       547078.4263605756
      ],
      [
       194281.41832222888,
       547078.4049504475
      ],
      [
       194281.53036849963,
       547078.396058087
      ],
      [
       194282.40036171256,
       547078.3760722413
      ],
      [
       194282.49995000355,
       547078.3787482615
      ],
      [
       194282.59877782268,
       547078.391320093
      ],
      [
       194282.69586430496,
       547078.4136629606
      ],
      [
       194282.79024586818,
       547078.4455551119
      ],
      [
       194282.88098577637,
       547078.4866800173
      ],
      [
       194283.56097459223,
       547078.8366880709
      ],
      [
       194283.64690840544,
       547078.8864666311
      ],
      [
       194283.72748103357,
       547078.9445233007
      ],
      [
       194283.80189782695,
       547079.0102854948
      ],
      [
       194283.86942484812,
       547079.0831046319
      ],
      [
       194283.92939611012,
       547079.1622625312
      ],
      [
       194283.98122014487,
       547079.2469784962
      ],
      [
       194284.34120659262,
       547079.9069788543
      ],
      [
       194284.38606026865,
       547080.0004344363
      ],
      [
       194284.420998185,
       547080.0980312603
      ],
      [
       194284.44564490585,
       547080.1987205705
      ],
      [
       194284.56563379316,
       547080.8287173108
      ],
      [
       194284.5797417513,
       547080.9316214039
      ],
      [
       194284.58309972606,
       547081.0354337869
      ],
      [
       194284.57309160597,
       547081.5454294286
      ],
      [
       194284.56691623258,
       547081.6384821833
      ],
      [
       194284.5520992898,
       547081.7305550274
      ],
      [
       194284.52876963987,
       547081.8208472077
      ],
      [
       194284.49713017957,
       547081.9085734577
      ],
      [
       194284.45745607576,
       547081.9929708268
      ],
      [
       194284.4100923721,
       547082.0733053149
      ],
      [
       194284.3554509884,
       547082.148878257
      ],
      [
       194271.82530042712,
       547097.8785472614
      ],
      [
       194271.7604560979,
       547097.9522195108
      ],
      [
       194271.68870223992,
       547098.0191804788
      ],
      [
       194271.6107300141,
       547098.0787851713
      ],
      [
       194271.52729047916,
       547098.1304594529
      ],
      [
       194271.43918735706,
       547098.1737055769
      ],
      [
       194271.34726929112,
       547098.2081069798
      ],
      [
       194271.25242167182,
       547098.2333322942
      ],
      [
       194271.15555810815,
       547098.2491385398
      ],
      [
       194271.05761162745,
       547098.2553734648
      ],
      [
       194270.9595256882,
       547098.251977012
      ],
      [
       194270.86224509217,
       547098.2389818975
      ],
      [
       194270.7667068837,
       547098.2165132951
      ],
      [
       194270.67383132386,
       547098.1847876312
      ],
      [
       194270.584513026,
       547098.1441104995
      ],
      [
       194270.49961233858,
       547098.0948737181
      ],
      [
       194270.41994705788,
       547098.0375515547
      ],
      [
       194263.1937136134,
       547092.2794069904
      ],
      [
       194263.1214900701,
       547092.2850020031
      ],
      [
       194263.02332251897,
       547092.2829485356
      ],
      [
       194262.92582957353,
       547092.271277614
      ],
      [
       194262.8299511715,
       547092.2501017587
      ],
      [
       194262.73661168473,
       547092.2196251279
      ],
      [
       194262.64671100708,
       547092.1801415492
      ],
      [
       194262.56111587866,
       547092.1320316872
      ],
      [
       194262.4806515293,
       547092.0757593734
      ],
      [
       194252.15986449426,
       547084.0756592595
      ],
      [
       194252.0865291039,
       547084.0129214165
      ],
      [
       194252.01958299568,
       547083.9434064182
      ],
      [
       194251.9596497135,
       547083.867761735
      ],
      [
       194251.90728748293,
       547083.7866919304
      ],
      [
       194251.86298401188,
       547083.700952098
      ],
      [
       194251.827151948,
       547083.6113408286
      ],
      [
       194251.8001250353,
       547083.5186927719
      ],
      [
       194251.78215500567,
       547083.4238708629
      ],
      [
       194251.77340923398,
       547083.3277582837
      ],
      [
       194251.7739691794,
       547083.231250238
      ],
      [
       194251.7838296265,
       547083.1352456132
      ],
      [
       194251.802898734,
       547083.0406386075
      ],
      [
       194251.83099888993,
       547082.9483104013
      ],
      [
       194251.86786836621,
       547082.8591209506
      ],
      [
       194251.91316375625,
       547082.773900976
      ],
      [
       194251.96646317348,
       547082.6934442266
      ],
      [
       194254.38553817655,
       547079.3989197502
      ],
      [
       194246.63711962046,
       547071.9393405296
      ],
      [
       194239.37228560154,
       547066.1893575601
      ],
      [
       194239.2984675832,
       547066.1247996868
      ],
      [
       194239.23132778952,
       547066.0533219494
      ],
      [
       194239.17151189176,
       547065.9756117364
      ],
      [
       194239.1195951286,
       547065.8924163728
      ],
      [
       194239.0760767741,
       547065.8045359332
      ],
      [
       194239.04137533644,
       547065.7128155481
      ],
      [
       194239.015824533,
       547065.6181372756
      ],
      [
       194238.99967008128,
       547065.5214116196
      ],
      [
       194238.9930673357,
       547065.4235687733
      ],
      [
       194238.99607979364,
       547065.3255496734
      ],
      [
       194239.00867848488,
       547065.2282969521
      ],
      [
       194239.0307422501,
       547065.132745871
      ],
      [
       194239.06205890598,
       547065.0398153276
      ],
      [
       194239.102327286,
       547064.9503990181
      ],
      [
       194239.15116013642,
       547064.865356843
      ],
      [
       194239.20808784052,
       547064.7855066373
      ],
      [
       194241.17845331965,
       547062.2903001852
      ],
      [
       194228.80830805664,
       547052.5198702308
      ],
      [
       194226.72806172582,
       547055.1547616308
      ],
      [
       194226.6635995149,
       547055.2286525387
      ],
      [
       194226.5922103813,
       547055.2958748157
      ],
      [
       194226.51458074895,
       547055.355782103
      ],
      [
       194226.43145704558,
       547055.4077983779
      ],
      [
       194226.3436385258,
       547055.451423491
      ],
      [
       194226.25196958604,
       547055.4862379762
      ],
      [
       194226.15733164537,
       547055.5119070841
      ],
      [
       194226.0606346706,
       547055.5281839997
      ],
      [
       194225.96280842664,
       547055.5349122165
      ],
      [
       194225.8647935366,
       547055.5320270412
      ],
      [
       194225.76753243743,
       547055.5195562154
      ],
      [
       194225.67196031826,
       547055.4976196492
      ],
      [
       194225.57899612817,
       547055.4664282678
      ],
      [
       194225.48953374047,
       547055.4262819841
      ],
      [
       194225.40443335773,
       547055.3775668143
      ],
      [
       194225.32451324086,
       547055.3207511666
      ],
      [
       194211.7501858484,
       547044.6313293173
      ],
      [
       194211.69291623015,
       547044.6855143765
      ],
      [
       194211.61453804869,
       547044.7461664437
      ],
      [
       194211.53054123276,
       547044.7987625224
      ],
      [
       194211.44175078342,
       547044.8427860239
      ],
      [
       194211.34903878375,
       547044.8778045576
      ],
      [
       194211.25331583366,
       547044.9034741779
      ],
      [
       194211.15552210604,
       547044.9195427628
      ],
      [
       194211.05661811252,
       547044.9258524895
      ],
      [
       194210.95757526963,
       547044.9223413852
      ],
      [
       194210.8593663576,
       547044.9090439351
      ],
      [
       194210.7629559659,
       547044.8860907445
      ],
      [
       194210.66929101944,
       547044.8537072551
      ],
      [
       194210.57929147765,
       547044.8122115317
      ],
      [
       194210.49384129926,
       547044.7620111373
      ],
      [
       194210.41377975984,
       547044.703599131
      ],
      [
       194186.24429141878,
       547025.1633713304
      ],
      [
       194186.16893704256,
       547025.0958691853
      ],
      [
       194186.10078855278,
       547025.0210988371
      ],
      [
       194186.04054343703,
       547024.9398255473
      ],
      [
       194185.98881829338,
       547024.8528811333
      ],
      [
       194185.94614251942,
       547024.7611554557
      ],
      [
       194185.91295289408,
       547024.6655873106
      ],
      [
       194185.88958910728,
       547024.5671548205
      ],
      [
       194185.8762902832,
       547024.4668654249
      ],
      [
       194185.87319253292,
       547024.3657455675
      ],
      [
       194185.88032756138,
       547024.2648301922
      ],
      [
       194185.8976223428,
       547024.1651521497
      ],
      [
       194185.92489986823,
       547024.0677316271
      ],
      [
       194185.961880957,
       547023.9735657062
      ],
      [
       194186.00818711432,
       547023.883618158
      ],
      [
       194186.06334440495,
       547023.79880958
      ],
      [
       194190.4634060526,
       547017.7289303062
      ],
      [
       194190.52299065175,
       547017.6544800116
      ],
      [
       194190.58939571035,
       547017.586043625
      ],
      [
       194190.6620173958,
       547017.52424345
      ],
      [
       194190.7401953468,
       547017.4696414464
      ],
      [
       194190.82321867778,
       547017.4227341193
      ],
      [
       194190.91033244345,
       547017.3839480053
      ],
      [
       194191.0007445035,
       547017.3536357929
      ],
      [
       194191.09363272553,
       547017.3320731162
      ],
      [
       194191.18815246117,
       547017.3194560485
      ],
      [
       194191.28344422625,
       547017.315899319
      ],
      [
       194191.37864151652,
       547017.3214352694
      ],
      [
       194191.4728786867,
       547017.3360135605
      ],
      [
       194191.56529882218,
       547017.3595016295
      ],
      [
       194191.65506153082,
       547017.3916858952
      ],
      [
       194191.74135058498,
       547017.4322737006
      ],
      [
       194191.8233813436,
       547017.4808959739
      ],
      [
       194192.75397783716,
       547018.094265089
      ]
     ]
    ]
   },
   "properties": {
    "label": "여의도여자고등학교 운동장",
    "kind": "운동장",
    "school": "여의도여자고등학교",
    "jibun": "40-2",
    "floors": 0,
    "receptors": 391,
    "S0_hours": 2.74,
    "S1_hours": 2.48,
    "S2_hours": 3.23,
    "S3_hours": 2.93,
    "S0_daegyo_h": 1.39,
    "S1_daegyo_h": 1.65,
    "S2_daegyo_h": 1.52,
    "S3_daegyo_h": 1.82,
    "S0_hwarang_h": 1.37,
    "S1_hwarang_h": 1.35,
    "S2_hwarang_h": 0.88,
    "S3_hwarang_h": 0.9
   }
  },
  {
   "type": "Feature",
   "geometry": {
    "type": "MultiPolygon",
    "coordinates": [
     [
      [
       [
        194443.8327447015,
        547033.6557806331
       ],
       [
        194382.9830062386,
        546986.1151933292
       ],
       [
        194375.59291463174,
        546995.5659966947
       ],
       [
        194436.63264913872,
        547043.255585824
       ],
       [
        194443.8327447015,
        547033.6557806331
       ]
      ]
     ]
    ]
   },
   "properties": {
    "label": "(학교명 미상) ①(4층)",
    "kind": "교사동",
    "school": "(학교명 미상)",
    "jibun": "40-3",
    "floors": 4,
    "receptors": 68,
    "S0_hours": 6.51,
    "S1_hours": 6.51,
    "S2_hours": 6.51,
    "S3_hours": 6.51,
    "S0_daegyo_h": 0.0,
    "S1_daegyo_h": 0.0,
    "S2_daegyo_h": 0.0,
    "S3_daegyo_h": 0.0,
    "S0_hwarang_h": 0.02,
    "S1_hwarang_h": 0.02,
    "S2_hwarang_h": 0.02,
    "S3_hwarang_h": 0.02
   }
  },
  {
   "type": "Feature",
   "geometry": {
    "type": "Polygon",
    "coordinates": [
     [
      [
       194495.09136190644,
       547064.841581284
      ],
      [
       194497.86920755843,
       547059.7337537506
      ],
      [
       194500.1396158719,
       547054.3810371816
      ],
      [
       194501.88126624428,
       547048.833697048
      ],
      [
       194503.07780345203,
       547043.1438264617
      ],
      [
       194503.7179912368,
       547037.3648569881
      ],
      [
       194503.7958178212,
       547031.5510568883
      ],
      [
       194503.31055236325,
       547025.7570215059
      ],
      [
       194502.26675181952,
       547020.0371605807
      ],
      [
       194500.67421815224,
       547014.4451873068
      ],
      [
       194498.54790628268,
       547009.0336139301
      ],
      [
       194495.90778365458,
       547003.8532586251
      ],
      [
       194492.77864272718,
       546998.9527682789
      ],
      [
       194489.1898681578,
       546994.3781616654
      ],
      [
       194485.17516086093,
       546990.1723972999
      ],
      [
       194480.77222153492,
       546986.3749700302
      ],
      [
       194461.960296171,
       546971.6776187726
      ],
      [
       194455.36251050793,
       546980.1785263878
      ],
      [
       194455.29866663695,
       546980.2529455958
      ],
      [
       194455.22784147004,
       546980.3207545487
      ],
      [
       194455.1507159386,
       546980.3813013139
      ],
      [
       194455.06803154747,
       546980.434003779
      ],
      [
       194454.98058324572,
       546980.4783552489
      ],
      [
       194454.88921178394,
       546980.5139293174
      ],
      [
       194454.79479563097,
       546980.5403839658
      ],
      [
       194454.69824252807,
       546980.5574648526
      ],
      [
       194454.60048076176,
       546980.5650077575
      ],
      [
       194454.50245023888,
       546980.5629401612
      ],
      [
       194454.40509345022,
       546980.5512819422
      ],
      [
       194454.3093464091,
       546980.5301451853
      ],
      [
       194454.21612965234,
       546980.4997331051
      ],
      [
       194454.12633938988,
       546980.4603380909
      ],
      [
       194454.04083888853,
       546980.4123388968
      ],
      [
       194453.9604501722,
       546980.3561969993
      ],
      [
       194453.28822765316,
       546979.8358979336
      ],
      [
       194452.09096084582,
       546981.3704651799
      ],
      [
       194452.02701296893,
       546981.4446334676
      ],
      [
       194451.95611714976,
       546981.5121912108
      ],
      [
       194451.87895329806,
       546981.572490513
      ],
      [
       194451.79626143567,
       546981.6249530877
      ],
      [
       194451.70883459956,
       546981.6690758049
      ],
      [
       194451.6175112363,
       546981.704435516
      ],
      [
       194451.52316716124,
       546981.730693112
      ],
      [
       194451.42670715915,
       546981.7475967756
      ],
      [
       194451.3290563071,
       546981.7549843963
      ],
      [
       194451.23115110266,
       546981.7527851246
      ],
      [
       194451.13393048284,
       546981.7410200521
      ],
      [
       194451.0383268192,
       546981.7198020092
      ],
      [
       194450.94525697627,
       546981.6893344824
      ],
      [
       194450.85561351862,
       546981.6499096635
      ],
      [
       194450.77025615083,
       546981.6019056469
      ],
      [
       194450.69000347276,
       546981.5457828038
      ],
      [
       194443.76014643195,
       546976.1757155546
      ],
      [
       194443.6857755095,
       546976.1120191327
      ],
      [
       194443.61799078606,
       546976.0413544348
      ],
      [
       194443.55744219973,
       546975.9643990129
      ],
      [
       194443.5047103066,
       546975.8818907362
      ],
      [
       194443.4603007142,
       546975.7946207164
      ],
      [
       194443.42463923365,
       546975.7034257215
      ],
      [
       194443.39806779678,
       546975.6091801539
      ],
      [
       194443.3808411776,
       546975.5127876654
      ],
      [
       194443.37312454963,
       546975.4151724927
      ],
      [
       194443.37499190195,
       546975.3172705966
      ],
      [
       194443.38642532987,
       546975.2200206866
      ],
      [
       194443.4073152066,
       546975.1243552209
      ],
      [
       194443.43746123443,
       546975.0311914658
      ],
      [
       194443.47657436517,
       546974.9414227002
      ],
      [
       194443.52427957157,
       546974.8559096513
      ],
      [
       194443.5801194434,
       546974.7754722409
      ],
      [
       194451.9693548906,
       546963.8719119908
      ],
      [
       194419.922483072,
       546938.8343827262
      ],
      [
       194419.08254013263,
       546938.2421317082
      ],
      [
       194413.1612978038,
       546946.1064924536
      ],
      [
       194413.09848927456,
       546946.1819054857
      ],
      [
       194413.02859089218,
       546946.2507985396
      ],
      [
       194412.9522759204,
       546946.3125080351
      ],
      [
       194412.87027942785,
       546946.366439584
      ],
      [
       194412.78339120778,
       546946.4120737155
      ],
      [
       194412.6924481707,
       546946.4489708801
      ],
      [
       194412.5983262833,
       546946.476775683
      ],
      [
       194412.50193213107,
       546946.4952203071
      ],
      [
       194412.40419418598,
       546946.5041270935
      ],
      [
       194412.30605386355,
       546946.5034102512
      ],
      [
       194412.20845645497,
       546946.4930766852
      ],
      [
       194412.11234202204,
       546946.4732259288
      ],
      [
       194412.01863634252,
       546946.444049185
      ],
      [
       194411.92824199298,
       546946.4058274854
      ],
      [
       194411.8420296551,
       546946.3589289829
      ],
      [
       194411.78054959865,
       546946.3171924833
      ],
      [
       194411.75209005456,
       546946.3359491042
      ],
      [
       194411.665245134,
       546946.3816636504
      ],
      [
       194411.57433733862,
       546946.4186451688
      ],
      [
       194411.48024227962,
       546946.4465374585
      ],
      [
       194411.38386626737,
       546946.465071865
      ],
      [
       194411.28613758218,
       546946.4740698675
      ],
      [
       194411.187997533,
       546946.4734447985
      ],
      [
       194411.0903913911,
       546946.4632026784
      ],
      [
       194410.99425928516,
       546946.443442158
      ],
      [
       194410.90052714612,
       546946.414353568
      ],
      [
       194410.81009778884,
       546946.3762170854
      ],
      [
       194410.72384221625,
       546946.3294000356
      ],
      [
       194410.6425912299,
       546946.2743533538
      ],
      [
       194410.51174965553,
       546946.1760078515
      ],
      [
       194409.29262071717,
       546947.7969930646
      ],
      [
       194409.2298078539,
       546947.8724875646
      ],
      [
       194409.1598926573,
       546947.9414566925
      ],
      [
       194409.0835494507,
       546948.0032352498
      ],
      [
       194409.0015145548,
       546948.0572273898
      ],
      [
       194408.91457918595,
       546948.1029123651
      ],
      [
       194408.82358182495,
       546948.1398495499
      ],
      [
       194408.72940013002,
       546948.1676826895
      ],
      [
       194408.63294247183,
       546948.1861433368
      ],
      [
       194408.53513917248,
       546948.1950534413
      ],
      [
       194408.4369335326,
       546948.194327066
      ],
      [
       194408.33927273334,
       546948.1839712168
      ],
      [
       194408.2430987009,
       546948.1640857744
      ],
      [
       194408.14933902194,
       546948.1348625316
      ],
      [
       194408.05889799676,
       546948.0965833429
      ],
      [
       194407.97264791784,
       546948.0496174061
      ],
      [
       194407.8914206564,
       546947.9944177021
      ],
      [
       194401.67054688637,
       546943.3043562595
      ],
      [
       194401.59437734282,
       546943.240765143
      ],
      [
       194401.52488483526,
       546943.169938447
      ],
      [
       194401.46275356124,
       546943.0925735049
      ],
      [
       194401.4085952422,
       546943.0094320234
      ],
      [
       194401.3629431009,
       546942.9213325826
      ],
      [
       194401.3262466114,
       546942.829142577
      ],
      [
       194401.29886707372,
       546942.7337696754
      ],
      [
       194401.2810740567,
       546942.6361528836
      ],
      [
       194401.27304274373,
       546942.5372533008
      ],
      [
       194401.2748522082,
       546942.4380446555
      ],
      [
       194401.28648463474,
       546942.3395037192
      ],
      [
       194401.30782549482,
       546942.2426006895
      ],
      [
       194401.33866467423,
       546942.1482896378
      ],
      [
       194401.37869854184,
       546942.0574991156
      ],
      [
       194401.42753293904,
       546941.9711230128
      ],
      [
       194401.48468706038,
       546941.8900117567
      ],
      [
       194409.10333167252,
       546932.1434171705
      ],
      [
       194404.61138631476,
       546930.1490144773
      ],
      [
       194399.02310992705,
       546928.298975244
      ],
      [
       194393.2804409553,
       546927.0054408491
      ],
      [
       194387.4386549463,
       546926.280862092
      ],
      [
       194381.553981489,
       546926.132213341
      ],
      [
       194375.6830629817,
       546926.5609254012
      ],
      [
       194369.88240942557,
       546927.5628717429
      ],
      [
       194364.20785449282,
       546929.1284082214
      ],
      [
       194358.71401810469,
       546931.2424659051
      ],
      [
       194353.4537806921,
       546933.8846961209
      ],
      [
       194348.4777742,
       546937.029666318
      ],
      [
       194343.83389473404,
       546940.647104867
      ],
      [
       194339.56684154083,
       546944.7021924366
      ],
      [
       194335.71768675937,
       546949.1558971436
      ],
      [
       194328.3275951525,
       546958.6067005092
      ],
      [
       194324.93171517228,
       546963.4187904502
      ],
      [
       194322.02398695538,
       546968.5406384621
      ],
      [
       194319.63242824856,
       546973.9228923944
      ],
      [
       194317.78008318838,
       546979.5136909257
      ],
      [
       194316.4848002569,
       546985.2591632794
      ],
      [
       194315.75906030045,
       546991.1039483016
      ],
      [
       194315.60985626915,
       546996.9917278998
      ],
      [
       194316.01693597288,
       547002.5686237077
      ],
      [
       194346.76109924723,
       546962.744722505
      ],
      [
       194346.82548594358,
       546962.6693594769
      ],
      [
       194346.89701731026,
       546962.6007409936
      ],
      [
       194346.97499053486,
       546962.5395412477
      ],
      [
       194347.0586395123,
       546962.4863615407
      ],
      [
       194347.147142372,
       546962.4417243758
      ],
      [
       194347.23962955273,
       546962.4060683234
      ],
      [
       194347.33519234636,
       546962.3797437126
      ],
      [
       194347.43289182632,
       546962.3630091889
      ],
      [
       194347.5317680724,
       546962.3560291727
      ],
      [
       194347.6308496025,
       546962.3588722444
      ],
      [
       194347.72916291753,
       546962.37151047
      ],
      [
       194347.8257420663,
       546962.3938196764
      ],
      [
       194347.91963813626,
       546962.42558067
      ],
      [
       194348.0099285766,
       546962.4664813918
      ],
      [
       194348.09572626275,
       546962.5161199828
      ],
      [
       194348.1761882125,
       546962.5740087322
      ],
      [
       194355.79870352245,
       546968.6533485923
      ],
      [
       194355.83449147467,
       546968.6088862394
      ],
      [
       194355.90152816786,
       546968.5336931315
      ],
      [
       194355.97578982502,
       546968.4656260472
      ],
      [
       194356.05652284468,
       546968.4053757258
      ],
      [
       194356.14290795446,
       546968.3535535829
      ],
      [
       194356.23406852502,
       546968.3106855055
      ],
      [
       194356.32907946606,
       546968.2772065154
      ],
      [
       194356.42697661396,
       546968.2534563548
      ],
      [
       194356.52676651615,
       546968.2396760387
      ],
      [
       194356.6274365125,
       546968.2360054085
      ],
      [
       194356.72796501179,
       546968.2424817133
      ],
      [
       194356.82733185863,
       546968.2590392323
      ],
      [
       194356.9245286861,
       546968.285509941
      ],
      [
       194357.0185691484,
       546968.3216252169
      ],
      [
       194357.10849893026,
       546968.3670185646
      ],
      [
       194357.1934054313,
       546968.4212293364
      ],
      [
       194357.27242702697,
       546968.4837074054
      ],
      [
       194359.4413787598,
       546970.3837266468
      ],
      [
       194359.51195209986,
       546970.4519544183
      ],
      [
       194359.57549618094,
       546970.5267726975
      ],
      [
       194359.63139871616,
       546970.6074605633
      ],
      [
       194359.6791210496,
       546970.6932405378
      ],
      [
       194359.7182033467,
       546970.7832860773
      ],
      [
       194359.7482690252,
       546970.8767295367
      ],
      [
       194359.76902838342,
       546970.97267053
      ],
      [
       194359.780281392,
       546971.0701846055
      ],
      [
       194359.78191962116,
       546971.1683321543
      ],
      [
       194359.77392728554,
       546971.2661674634
      ],
      [
       194359.75638139626,
       546971.3627478285
      ],
      [
       194359.729451019,
       546971.4571426371
      ],
      [
       194359.6933956447,
       546971.5484423366
      ],
      [
       194359.6485626895,
       546971.6357671971
      ],
      [
       194359.59538414687,
       546971.718275789
      ],
      [
       194359.5343724254,
       546971.7951730905
      ],
      [
       194358.25435940115,
       546973.2551404885
      ],
      [
       194358.18653300765,
       546973.3252819001
      ],
      [
       194358.11219380805,
       546973.3884793738
      ],
      [
       194358.0320495291,
       546973.4441312547
      ],
      [
       194357.94686316344,
       546973.4917077235
      ],
      [
       194357.85744570545,
       546973.5307558409
      ],
      [
       194357.7646484305,
       546973.5609038599
      ],
      [
       194357.6693547907,
       546973.5818647639
      ],
      [
       194357.57247200413,
       546973.5934390002
      ],
      [
       194357.4749224179,
       546973.5955163793
      ],
      [
       194357.3776347272,
       546973.5880771241
      ],
      [
       194357.28153513392,
       546973.5711920582
      ],
      [
       194357.18753852902,
       546973.5450219312
      ],
      [
       194357.16933601425,
       546973.5379796528
      ],
      [
       194325.4599891444,
       547014.0894619337
      ],
      [
       194325.46973781555,
       547014.0953224445
      ],
      [
       194325.54859309853,
       547014.1539838352
      ],
      [
       194325.62130915516,
       547014.2201025885
      ],
      [
       194325.68718359817,
       547014.2930400424
      ],
      [
       194325.74558012563,
       547014.3720916712
      ],
      [
       194325.79593466708,
       547014.4564938903
      ],
      [
       194325.8377608322,
       547014.545431432
      ],
      [
       194325.8706546089,
       547014.6380452208
      ],
      [
       194325.89429826586,
       547014.733440671
      ],
      [
       194325.90846342154,
       547014.8306963278
      ],
      [
       194325.91301325028,
       547014.9288727684
      ],
      [
       194325.90790380383,
       547015.0270216756
      ],
      [
       194325.89318443593,
       547015.1241949982
      ],
      [
       194325.86899732563,
       547015.2194541086
      ],
      [
       194325.8355761038,
       547015.3118788692
      ],
      [
       194325.7932435965,
       547015.4005765199
      ],
      [
       194325.74240870678,
       547015.4846903025
      ],
      [
       194325.6835624648,
       547015.5634077353
      ],
      [
       194324.34354736118,
       547017.1833728545
      ],
      [
       194324.276192099,
       547017.2569895331
      ],
      [
       194324.20183577514,
       547017.3235273706
      ],
      [
       194324.12121869202,
       547017.3823239064
      ],
      [
       194324.03514348518,
       547017.4327937537
      ],
      [
       194323.94446713195,
       547017.4744344272
      ],
      [
       194323.85009241948,
       547017.5068313462
      ],
      [
       194323.75295895623,
       547017.5296619623
      ],
      [
       194323.6540338172,
       547017.5426989705
      ],
      [
       194323.5543019156,
       547017.5458125725
      ],
      [
       194323.45475619685,
       547017.5389717688
      ],
      [
       194323.35638775275,
       547017.5222446673
      ],
      [
       194323.26017595397,
       547017.4957978057
      ],
      [
       194323.16707869928,
       547017.4598944928
      ],
      [
       194323.0780228786,
       547017.414892187
      ],
      [
       194322.99389514478,
       547017.361238938
      ],
      [
       194320.47394451415,
       547015.5712131454
      ],
      [
       194320.39700588572,
       547015.5106828186
      ],
      [
       194320.32635445354,
       547015.4429196418
      ],
      [
       194320.2626673036,
       547015.3685730216
      ],
      [
       194320.20655478007,
       547015.2883554568
      ],
      [
       194320.1585546357,
       547015.2030357103
      ],
      [
       194320.11912687868,
       547015.1134314415
      ],
      [
       194320.08864936378,
       547015.0204013706
      ],
      [
       194320.06741417147,
       547014.9248370487
      ],
      [
       194320.05562480865,
       547014.8276543141
      ],
      [
       194320.05339425837,
       547014.7297845146
      ],
      [
       194320.060743897,
       547014.632165583
      ],
      [
       194320.0776032895,
       547014.5357330475
      ],
      [
       194320.10381086438,
       547014.4414110669
      ],
      [
       194320.139115462,
       547014.3501035733
      ],
      [
       194320.18317874172,
       547014.2626856096
      ],
      [
       194320.23557842427,
       547014.1799949434
      ],
      [
       194320.30441065892,
       547014.082300921
      ],
      [
       194318.05556411715,
       547012.3449956521
      ],
      [
       194318.6080306072,
       547014.3469176708
      ],
      [
       194320.7239080201,
       547019.8433959263
      ],
      [
       194323.36848200185,
       547025.1059465337
      ],
      [
       194326.5162704584,
       547030.0838615865
      ],
      [
       194330.13694251518,
       547034.7291758166
      ],
      [
       194334.19561077375,
       547038.9971287694
      ],
      [
       194338.65316747339,
       547042.8465960975
      ],
      [
       194395.25374649593,
       547087.0679279867
      ],
      [
       194397.38918990816,
       547084.2778427062
      ],
      [
       194397.45251884352,
       547084.2030062942
      ],
      [
       194397.5228712878,
       547084.1347305577
      ],
      [
       194397.59957108065,
       547084.0736716978
      ],
      [
       194397.68188105707,
       547084.0204165535
      ],
      [
       194397.7690101324,
       547083.9754769625
      ],
      [
       194397.86012090542,
       547083.9392848411
      ],
      [
       194397.95433770656,
       547083.9121880332
      ],
      [
       194398.05075501412,
       547083.8944469675
      ],
      [
       194398.14844615725,
       547083.8862321542
      ],
      [
       194398.24647222226,
       547083.887622546
      ],
      [
       194398.34389107642,
       547083.89860478
      ],
      [
       194398.439766423,
       547083.9190733053
      ],
      [
       194398.53317679992,
       547083.9488313983
      ],
      [
       194398.6232244361,
       547083.9875930523
      ],
      [
       194398.70904387985,
       547084.0349857277
      ],
      [
       194398.78981031687,
       547084.0905539314
      ],
      [
       194401.2912162948,
       547085.9987412423
      ],
      [
       194421.0440120222,
       547060.8238194305
      ],
      [
       194418.77688947722,
       547059.1857421881
      ],
      [
       194418.6988737302,
       547059.12320615
      ],
      [
       194418.62749286683,
       547059.0531919716
      ],
      [
       194418.56346049678,
       547058.9763995995
      ],
      [
       194418.5074167653,
       547058.8935967432
      ],
      [
       194418.45992195344,
       547058.8056112007
      ],
      [
       194418.42145087704,
       547058.7133225822
      ],
      [
       194418.3923881396,
       547058.6176535165
      ],
      [
       194418.37302428746,
       547058.5195604276
      ],
      [
       194418.3635529052,
       547058.4200239732
      ],
      [
       194418.36406868027,
       547058.3200392403
      ],
      [
       194418.37456645627,
       547058.2206057976
      ],
      [
       194418.39494128482,
       547058.1227177023
      ],
      [
       194418.42498947433,
       547058.0273535625
      ],
      [
       194418.46441062665,
       547057.935466754
      ],
      [
       194418.5128106402,
       547057.8479758886
      ],
      [
       194418.5697056497,
       547057.7657556311
      ],
      [
       194421.52963689124,
       547053.9150035933
      ],
      [
       194422.02274290324,
       547053.1225402496
      ],
      [
       194425.95551764904,
       547043.8838968427
      ],
      [
       194426.04520177346,
       547043.608880551
      ],
      [
       194426.05217581513,
       547043.163000954
      ],
      [
       194425.96840380228,
       547041.9806152183
      ],
      [
       194425.68669160077,
       547040.2338209795
      ],
      [
       194425.24785260504,
       547038.8139669178
      ],
      [
       194424.2447390453,
       547037.4615095167
      ],
      [
       194419.46785306965,
       547033.6359513645
      ],
      [
       194419.39459910782,
       547033.5711595371
      ],
      [
       194419.32802427464,
       547033.4995221486
      ],
      [
       194419.26876530008,
       547033.4217243481
      ],
      [
       194419.2173889443,
       547033.3385102033
      ],
      [
       194419.17438657713,
       547033.2506755845
      ],
      [
       194419.14016947855,
       547033.1590605531
      ],
      [
       194419.1150649051,
       547033.0645413264
      ],
      [
       194419.09931296008,
       547032.968021898
      ],
      [
       194419.09306429702,
       547032.8704253917
      ],
      [
       194419.09637867886,
       547032.7726852326
      ],
      [
       194419.1092244065,
       547032.6757362196
      ],
      [
       194419.13147862183,
       547032.5805055852
      ],
      [
       194419.1629284827,
       547032.4879041269
      ],
      [
       194419.20327319877,
       547032.3988174965
      ],
      [
       194419.25212690822,
       547032.3140977295
      ],
      [
       194419.3090223681,
       547032.2345550965
      ],
      [
       194419.91798068033,
       547031.4656416666
      ],
      [
       194374.9772521791,
       546996.3540066847
      ],
      [
       194374.9029595674,
       546996.289848896
      ],
      [
       194374.83531509642,
       546996.2187163468
      ],
      [
       194374.77497056217,
       546996.1412944429
      ],
      [
       194374.72250742122,
       546996.058329192
      ],
      [
       194374.6784311882,
       546995.9706200152
      ],
      [
       194374.64316656464,
       546995.8790120443
      ],
      [
       194374.61705334688,
       546995.7843879783
      ],
      [
       194374.6003431518,
       546995.6876595782
      ],
      [
       194374.59319699235,
       546995.5897588815
      ],
      [
       194374.59568372622,
       546995.4916292215
      ],
      [
       194374.60777939216,
       546995.3942161378
      ],
      [
       194374.62936744103,
       546995.2984582653
      ],
      [
       194374.6602398587,
       546995.2052782897
      ],
      [
       194374.70009917047,
       546995.1155740574
      ],
      [
       194374.74856130744,
       546995.030209924
      ],
      [
       194374.80515930708,
       546994.9500084249
      ],
      [
       194382.19525091394,
       546985.4992050594
      ],
      [
       194382.25940349363,
       546985.4249766476
      ],
      [
       194382.33052104685,
       546985.3573918547
      ],
      [
       194382.40791903797,
       546985.2971012123
      ],
      [
       194382.4908524795,
       546985.2446850423
      ],
      [
       194382.57852310303,
       546985.200647872
      ],
      [
       194382.67008704285,
       546985.1654135773
      ],
      [
       194382.7646629584,
       546985.1393213028
      ],
      [
       194382.86134051764,
       546985.122622197
      ],
      [
       194382.95918915945,
       546985.115476996
      ],
      [
       194383.0572670504,
       546985.1179544752
      ],
      [
       194383.15463015053,
       546985.1300307878
      ],
      [
       194383.25034130007,
       546985.1515896944
      ],
      [
       194383.34347923988,
       546985.1824236816
      ],
      [
       194383.43314747902,
       546985.2222359597
      ],
      [
       194383.5184829239,
       546985.2706433191
      ],
      [
       194383.59866418582,
       546985.3271798191
      ],
      [
       194444.44840264873,
       547032.867767123
      ],
      [
       194444.52178497083,
       547032.9310575775
      ],
      [
       194444.5886967591,
       547033.0011536503
      ],
      [
       194444.6485096686,
       547033.0773970939
      ],
      [
       194444.7006620174,
       547033.1590719329
      ],
      [
       194444.74466406117,
       547033.245411188
      ],
      [
       194444.78010259234,
       547033.3356040777
      ],
      [
       194444.80664482014,
       547033.4288036322
      ],
      [
       194444.82404149586,
       547033.5241346476
      ],
      [
       194444.8321292535,
       547033.620701904
      ],
      [
       194444.83083214375,
       547033.7175985724
      ],
      [
       194444.82016234734,
       547033.8139147302
      ],
      [
       194444.80022006057,
       547033.9087459067
      ],
      [
       194444.77119255436,
       547034.0012015755
      ],
      [
       194444.73335241582,
       547034.0904135184
      ],
      [
       194444.6870549883,
       547034.1755439773
      ],
      [
       194444.63273503454,
       547034.2557935221
      ],
      [
       194437.43263947175,
       547043.855598713
      ],
      [
       194437.369143053,
       547043.9320299934
      ],
      [
       194437.29837483514,
       547044.001782378
      ],
      [
       194437.2210335508,
       547044.0641671641
      ],
      [
       194437.13788283188,
       547044.1185683935
      ],
      [
       194437.04974367,
       547044.1644489336
      ],
      [
       194436.95748631036,
       547044.2013557812
      ],
      [
       194436.86202165924,
       547044.2289245353
      ],
      [
       194436.76429229035,
       547044.2468829948
      ],
      [
       194436.66526313804,
       547044.255053846
      ],
      [
       194436.56591197028,
       547044.253356414
      ],
      [
       194436.46721973433,
       547044.2418074585
      ],
      [
       194436.37016087153,
       547044.2205210081
      ],
      [
       194436.27569369605,
       547044.1897072358
      ],
      [
       194436.1847509329,
       547044.1496703823
      ],
      [
       194436.09823050874,
       547044.1008057528
      ],
      [
       194436.01698668607,
       547044.043595814
      ],
      [
       194430.22093753974,
       547039.5152143491
      ],
      [
       194430.4039131021,
       547040.8828831654
      ],
      [
       194430.40732532472,
       547040.9115253673
      ],
      [
       194430.63728806798,
       547043.1115109588
      ],
      [
       194430.6415757818,
       547043.1679246469
      ],
      [
       194430.68156194926,
       547044.0079183751
      ],
      [
       194430.68159770546,
       547044.1022593831
      ],
      [
       194430.67274298338,
       547044.1961839324
      ],
      [
       194430.65507659205,
       547044.2888560732
      ],
      [
       194430.5350695303,
       547044.7888500281
      ],
      [
       194430.51142430087,
       547044.8715240876
      ],
      [
       194430.48076400833,
       547044.9518611492
      ],
      [
       194426.78956037833,
       547053.5008401219
      ],
      [
       194430.52581032595,
       547048.7382218472
      ],
      [
       194430.59030828628,
       547048.6638557933
      ],
      [
       194430.66180541442,
       547048.596191493
      ],
      [
       194430.73960888202,
       547048.5358846337
      ],
      [
       194430.8229647504,
       547048.4835196064
      ],
      [
       194430.91106527642,
       547048.4396038442
      ],
      [
       194431.00305673984,
       547048.4045629036
      ],
      [
       194431.09804771608,
       547048.3787363416
      ],
      [
       194431.19511771435,
       547048.3623744256
      ],
      [
       194431.29332609757,
       547048.3556357073
      ],
      [
       194431.39172119737,
       547048.3585854867
      ],
      [
       194431.48934953602,
       547048.3711951798
      ],
      [
       194431.5852650659,
       547048.3933425946
      ],
      [
       194431.6785383371,
       547048.4248131166
      ],
      [
       194431.76826550387,
       547048.4653017865
      ],
      [
       194431.85357708338,
       547048.5144162576
      ],
      [
       194431.9336463811,
       547048.5716805957
      ],
      [
       194440.9444579524,
       547055.7117667439
      ],
      [
       194441.01776549307,
       547055.7759078284
      ],
      [
       194441.0844849001,
       547055.8468768002
      ],
      [
       194441.14398313468,
       547055.9240003006
      ],
      [
       194441.1956956732,
       547056.006546576
      ],
      [
       194441.23913186326,
       547056.0937324213
      ],
      [
       194441.27387957904,
       547056.1847306108
      ],
      [
       194441.29960913165,
       547056.2786777468
      ],
      [
       194441.3160763972,
       547056.3746824518
      ],
      [
       194441.323125133,
       547056.4718338263
      ],
      [
       194441.32068846017,
       547056.5692100906
      ],
      [
       194441.30878949806,
       547056.6658873316
      ],
      [
       194441.28754114482,
       547056.7609482685
      ],
      [
       194441.2571450065,
       547056.853490956
      ],
      [
       194441.21788948384,
       547056.9426373421
      ],
      [
       194441.1701470362,
       547057.0275415996
      ],
      [
       194441.11437064744,
       547057.1073981503
      ],
      [
       194422.52500438775,
       547081.1381949821
      ],
      [
       194424.41624510704,
       547082.6060722445
      ],
      [
       194424.49063120162,
       547082.669886271
      ],
      [
       194424.55841328177,
       547082.7406754697
      ],
      [
       194424.61894026527,
       547082.8177598736
      ],
      [
       194424.6716307589,
       547082.9003990466
      ],
      [
       194424.71597864304,
       547082.9877991966
      ],
      [
       194424.75155793314,
       547083.0791207995
      ],
      [
       194424.7780268716,
       547083.1734866638
      ],
      [
       194424.79513121044,
       547083.2699903562
      ],
      [
       194424.8027066536,
       547083.3677049084
      ],
      [
       194424.80068043497,
       547083.4656917212
      ],
      [
       194424.78907201748,
       547083.5630095801
      ],
      [
       194424.767992906,
       547083.6587236967
      ],
      [
       194424.7376455764,
       547083.7519146868
      ],
      [
       194424.69832153057,
       547083.8416874023
      ],
      [
       194424.65039849645,
       547083.9271795298
      ],
      [
       194424.59433679978,
       547084.0075698725
      ],
      [
       194418.8442641279,
       547091.4474161549
      ],
      [
       194418.78041233058,
       547091.522133904
      ],
      [
       194418.70953422535,
       547091.5902227303
      ],
      [
       194418.63231448014,
       547091.6510249096
      ],
      [
       194418.54949902178,
       547091.7039531055
      ],
      [
       194418.46188783055,
       547091.7484960423
      ],
      [
       194418.3703272125,
       547091.7842234448
      ],
      [
       194418.27570162437,
       547091.8107901933
      ],
      [
       194418.17892512982,
       547091.8279396585
      ],
      [
       194418.08093256986,
       547091.8355061803
      ],
      [
       194417.98267053245,
       547091.8334166675
      ],
      [
       194417.88508820866,
       547091.8216913046
      ],
      [
       194417.78912822358,
       547091.8004433558
      ],
      [
       194417.69571753097,
       547091.7698780722
      ],
      [
       194417.60575845884,
       547091.730290708
      ],
      [
       194417.5201199933,
       547091.6820636692
      ],
      [
       194417.43962938432,
       547091.6256628188
      ],
      [
       194415.23112630378,
       547089.9103352585
      ],
      [
       194409.80846937397,
       547096.9225449003
      ],
      [
       194415.21532257993,
       547099.3028705315
      ],
      [
       194420.88335310915,
       547101.1516968728
      ],
      [
       194426.7068848767,
       547102.4288838884
      ],
      [
       194432.6284190332,
       547103.1218212264
      ],
      [
       194438.589489099,
       547103.2236671455
      ],
      [
       194444.5312382354,
       547102.7334160659
      ],
      [
       194450.39500036946,
       547101.6559084995
      ],
      [
       194456.1228794358,
       547100.0017832558
      ],
      [
       194461.65832101536,
       547097.7873723996
      ],
      [
       194466.94667072743,
       547095.0345399957
      ],
      [
       194471.93571386175,
       547091.7704662336
      ],
      [
       194476.5761909223,
       547088.0273790625
      ],
      [
       194480.8222839926,
       547083.8422359873
      ],
      [
       194484.6320691207,
       547079.2563591684
      ],
      [
       194491.8321646835,
       547069.6565539775
      ],
      [
       194495.09136190644,
       547064.841581284
      ]
     ],
     [
      [
       194456.92693732018,
       547044.17942157
      ],
      [
       194456.99617569294,
       547044.1092627818
      ],
      [
       194457.07198490397,
       547044.0462614219
      ],
      [
       194457.15362837515,
       547043.9910296245
      ],
      [
       194457.2403128416,
       547043.9441040333
      ],
      [
       194457.331196059,
       547043.905940587
      ],
      [
       194457.42539498716,
       547043.8769100899
      ],
      [
       194457.5219943697,
       547043.8572946079
      ],
      [
       194457.62005562687,
       547043.8472847295
      ],
      [
       194457.71862597522,
       547043.8469777125
      ],
      [
       194457.8167476847,
       547043.85637654
      ],
      [
       194457.91346738444,
       547043.8753898911
      ],
      [
       194458.00784532566,
       547043.903833028
      ],
      [
       194458.09896451273,
       547043.9414295914
      ],
      [
       194458.18593961265,
       547043.9878142853
      ],
      [
       194458.26792555733,
       547044.0425364262
      ],
      [
       194458.34412575423,
       547044.1050643226
      ],
      [
       194461.99504270207,
       547047.4150957938
      ],
      [
       194462.06412374944,
       547047.4841674125
      ],
      [
       194462.12613571188,
       547047.5596498352
      ],
      [
       194462.18048680434,
       547047.640822727
      ],
      [
       194462.22665834997,
       547047.7269114486
      ],
      [
       194462.26420973008,
       547047.8170944485
      ],
      [
       194462.29278258883,
       547047.9105111031
      ],
      [
       194462.31210425316,
       547048.0062699299
      ],
      [
       194462.32199033487,
       547048.1034570948
      ],
      [
       194462.3223464903,
       547048.2011451328
      ],
      [
       194462.3131693207,
       547048.2984017993
      ],
      [
       194462.29454640442,
       547048.3942989662
      ],
      [
       194462.2666554615,
       547048.487921479
      ],
      [
       194462.22976265743,
       547048.5783758909
      ],
      [
       194462.18422006315,
       547048.664798988
      ],
      [
       194462.1304622953,
       547048.7463660281
      ],
      [
       194462.0690023685,
       547048.8222986101
      ],
      [
       194456.01894291994,
       547055.5921455878
      ],
      [
       194455.95009821813,
       547055.6619665938
      ],
      [
       194455.87474648372,
       547055.7247095774
      ],
      [
       194455.79361219096,
       547055.7797712918
      ],
      [
       194455.70747541083,
       547055.8266223426
      ],
      [
       194455.61716431106,
       547055.8648122773
      ],
      [
       194455.52354719365,
       547055.8939739162
      ],
      [
       194455.4275241466,
       547055.9138268828
      ],
      [
       194455.33001838977,
       547055.9241802996
      ],
      [
       194455.2319673987,
       547055.924934623
      ],
      [
       194455.1343138911,
       547055.9160826002
      ],
      [
       194455.037996763,
       547055.8977093399
      ],
      [
       194454.9439420619,
       547055.8699914928
      ],
      [
       194454.85305408278,
       547055.8331955541
      ],
      [
       194454.76620667413,
       547055.7876753007
      ],
      [
       194454.68423483614,
       547055.7338683901
      ],
      [
       194454.60792669244,
       547055.6722921523
      ],
      [
       194450.92800949802,
       547052.3922599654
      ],
      [
       194450.85798059724,
       547052.323378257
      ],
      [
       194450.79504748754,
       547052.247958363
      ],
      [
       194450.73981739386,
       547052.1667279903
      ],
      [
       194450.69282321687,
       547052.0804709091
      ],
      [
       194450.65451839103,
       547051.9900193916
      ],
      [
       194450.62527250947,
       547051.8962461805
      ],
      [
       194450.60536775802,
       547051.8000560689
      ],
      [
       194450.59499619238,
       547051.7023771699
      ],
      [
       194450.59425788507,
       547051.6041519612
      ],
      [
       194450.6031599598,
       547051.5063281923
      ],
      [
       194450.62161652284,
       547051.4098497388
      ],
      [
       194450.64944949164,
       547051.3156474959
      ],
      [
       194450.6863903132,
       547051.2246303965
      ],
      [
       194450.73208255527,
       547051.1376766402
      ],
      [
       194450.78608534546,
       547051.0556252212
      ],
      [
       194450.84787762506,
       547050.979267832
      ],
      [
       194456.92693732018,
       547044.17942157
      ]
     ],
     [
      [
       194403.3045518193,
       547062.363303997
      ],
      [
       194403.36738629345,
       547062.2880627624
      ],
      [
       194403.4372857207,
       547062.2193351507
      ],
      [
       194403.5135784085,
       547062.1577815941
      ],
      [
       194403.5955312288,
       547062.1039935864
      ],
      [
       194403.68235666302,
       547062.0584879987
      ],
      [
       194403.77322036948,
       547062.0217021131
      ],
      [
       194403.86724920123,
       547061.9939894204
      ],
      [
       194403.9635395962,
       547061.9756162233
      ],
      [
       194404.0611662601,
       547061.9667590776
      ],
      [
       194404.15919105784,
       547061.9675030953
      ],
      [
       194404.2566720285,
       547061.9778411267
      ],
      [
       194404.35267243703,
       547061.9976738294
      ],
      [
       194404.4462697757,
       547062.0268106228
      ],
      [
       194404.5365646289,
       547062.0649715193
      ],
      [
       194404.62268931593,
       547062.111789815
      ],
      [
       194404.70381622898,
       547062.1668156136
      ],
      [
       194408.94373029412,
       547065.356857544
      ],
      [
       194409.01919258284,
       547065.4196656708
      ],
      [
       194409.08813206438,
       547065.4895710761
      ],
      [
       194409.1498842023,
       547065.5658999125
      ],
      [
       194409.20385374193,
       547065.6479164145
      ],
      [
       194409.24952044836,
       547065.7348299908
      ],
      [
       194409.28644412107,
       547065.825802845
      ],
      [
       194409.3142688374,
       547065.9199580518
      ],
      [
       194409.33272638323,
       547066.0163880099
      ],
      [
       194409.34163883864,
       547066.1141631905
      ],
      [
       194409.3409202927,
       547066.2123410979
      ],
      [
       194409.3305776718,
       547066.3099753541
      ],
      [
       194409.31071067273,
       547066.406124822
      ],
      [
       194409.28151080184,
       547066.4998626764
      ],
      [
       194409.2432595289,
       547066.590285339
      ],
      [
       194409.19632557387,
       547066.6765211881
      ],
      [
       194409.14116135277,
       547066.7577389603
      ],
      [
       194405.04210735916,
       547072.1976282586
      ],
      [
       194404.9792470288,
       547072.273042448
      ],
      [
       194404.90929463293,
       547072.3419291913
      ],
      [
       194404.83292442324,
       547072.4036245084
      ],
      [
       194404.75087251086,
       547072.4575337355
      ],
      [
       194404.6639297713,
       547072.5031372565
      ],
      [
       194404.5729342214,
       547072.5399955118
      ],
      [
       194404.4787629418,
       547072.5677532349
      ],
      [
       194404.3823236233,
       547072.5861428769
      ],
      [
       194404.28454581753,
       547072.5949871852
      ],
      [
       194404.18637197753,
       547072.5942009119
      ],
      [
       194404.08874837353,
       547072.5837916358
      ],
      [
       194403.9926159722,
       547072.5638596888
      ],
      [
       194403.898901367,
       547072.5345971896
      ],
      [
       194403.80850784687,
       547072.4962861912
      ],
      [
       194403.72230668968,
       547072.4492959625
      ],
      [
       194403.6411287644,
       547072.3940794293
      ],
      [
       194399.40021486834,
       547069.1940375661
      ],
      [
       194399.32485789637,
       547069.1311410181
      ],
      [
       194399.2560301929,
       547069.0611596191
      ],
      [
       194399.19439488868,
       547068.9847676153
      ],
      [
       194399.1405458182,
       547068.9027010169
      ],
      [
       194399.0950017984,
       547068.8157505066
      ],
      [
       194399.0582016299,
       547068.7247538222
      ],
      [
       194399.0304998694,
       547068.6305876848
      ],
      [
       194399.01216341366,
       547068.5341593521
      ],
      [
       194399.00336892798,
       547068.436397877
      ],
      [
       194399.00420114413,
       547068.3382451574
      ],
      [
       194399.01465204402,
       547068.2406468599
      ],
      [
       194399.0346209369,
       547068.14454331
      ],
      [
       194399.06391542946,
       547068.0508604319
      ],
      [
       194399.1022532796,
       547067.9605008268
      ],
      [
       194399.14926511556,
       547067.874335078
      ],
      [
       194399.20449799477,
       547067.7931933624
      ],
      [
       194403.3045518193,
       547062.363303997
      ]
     ]
    ]
   },
   "properties": {
    "label": "(학교명 미상) 운동장",
    "kind": "운동장",
    "school": "(학교명 미상)",
    "jibun": "40-3",
    "floors": 0,
    "receptors": 303,
    "S0_hours": 4.52,
    "S1_hours": 4.52,
    "S2_hours": 4.63,
    "S3_hours": 4.57,
    "S0_daegyo_h": 0.0,
    "S1_daegyo_h": 0.0,
    "S2_daegyo_h": 0.01,
    "S3_daegyo_h": 0.06,
    "S0_hwarang_h": 0.81,
    "S1_hwarang_h": 0.77,
    "S2_hwarang_h": 0.7,
    "S3_hwarang_h": 0.71
   }
  }
 ]
}