family,stage,floors,top_floors,height_m,new_fail,new_ok,new_fail_bld,new_ok_bld,new_fail_pg,gfa_m2,far_pct,service_m2,real_m2,coverage_m2,bcr_pct,daylight_ratio,dong_gap_m,dong_gap_ratio,n_dong,mean_total_h,min_short_m,label
단일+저층부,5 미세조정,55,55,185.5,66,42,21,21,45,37580,400.0,9674,47254,4133,43.99,0.095,inf,inf,2,3.621,9.02,55층 352㎡(39.0×9.0m) + 저층부 5층 4000㎡(84.9×47.1m)
단일+저층부,5 미세조정,51,51,172.3,68,41,21,21,47,37580,400.0,9581,47161,4133,43.99,0.054,inf,inf,2,3.619,8.92,51층 382㎡(42.8×8.9m) + 저층부 5층 4000㎡(84.9×47.1m)
단일+저층부,5 미세조정,54,54,182.2,69,42,21,21,48,37580,400.0,9593,47173,4133,43.99,0.07,inf,inf,2,3.622,9.11,54층 359㎡(39.4×9.1m) + 저층부 5층 4000㎡(84.9×47.1m)
단일+저층부,5 미세조정,55,55,185.5,68,41,23,21,45,37580,400.0,9852,47433,4133,43.99,0.045,inf,inf,2,3.624,8.68,55층 352㎡(40.5×8.7m) + 저층부 5층 4000㎡(84.9×47.1m)
단일+저층부,5 미세조정,54,54,182.2,69,42,24,20,45,37580,400.0,9593,47173,4133,43.99,0.118,inf,inf,2,3.621,9.11,54층 359㎡(39.4×9.1m) + 저층부 5층 4000㎡(84.9×47.1m)
단일+저층부,5 미세조정,53,53,178.9,70,43,24,21,46,37580,400.0,9033,46613,4133,43.99,0.14,inf,inf,2,3.625,10.38,53층 366㎡(35.3×10.4m) + 저층부 5층 4000㎡(84.9×47.1m)
단일+저층부,5 미세조정,55,55,185.5,70,43,24,21,46,37580,400.0,9674,47254,4133,43.99,0.087,inf,inf,2,3.622,9.02,55층 352㎡(39.0×9.0m) + 저층부 5층 4000㎡(84.9×47.1m)
단일+저층부,5 미세조정,55,55,185.5,70,43,25,21,45,37580,400.0,9332,46912,4133,43.99,0.109,inf,inf,2,3.626,9.79,55층 352㎡(35.9×9.8m) + 저층부 5층 4000㎡(84.9×47.1m)
단일+저층부,5 미세조정,55,55,185.5,70,42,25,20,45,37580,400.0,9852,47432,4133,43.99,0.12,inf,inf,2,3.615,8.68,55층 352㎡(40.5×8.7m) + 저층부 5층 4000㎡(84.9×47.1m)
단일+저층부,5 미세조정,51,51,172.3,70,42,25,20,45,37580,400.0,9236,46816,4133,43.99,0.133,inf,inf,2,3.614,9.65,51층 382㎡(39.6×9.6m) + 저층부 5층 4000㎡(84.9×47.1m)
단일+저층부,5 미세조정,54,54,182.2,71,42,25,21,46,37580,400.0,9481,47061,4133,43.99,0.099,inf,inf,2,3.622,9.35,54층 359㎡(38.4×9.3m) + 저층부 5층 4000㎡(84.9×47.1m)
단일+저층부,5 미세조정,54,54,182.2,71,43,25,20,46,37580,400.0,9427,47007,4133,43.99,0.166,inf,inf,2,3.618,9.47,54층 359㎡(37.9×9.5m) + 저층부 5층 4000㎡(84.9×47.1m)
단일+저층부,5 미세조정,55,55,185.5,71,41,25,20,46,37580,400.0,9921,47501,4133,43.99,0.123,inf,inf,2,3.614,8.56,55층 352㎡(41.1×8.6m) + 저층부 5층 4000㎡(84.9×47.1m)
단일+저층부,5 미세조정,52,52,175.6,71,42,25,20,46,37580,400.0,9428,47008,4133,43.99,0.157,inf,inf,2,3.61,9.31,52층 374㎡(40.2×9.3m) + 저층부 5층 4000㎡(84.9×47.1m)
단일+저층부,5 미세조정,55,55,185.5,60,37,26,17,34,37580,400.0,8970,46550,4133,43.99,0.118,inf,inf,2,3.619,10.83,55층 352㎡(32.5×10.8m) + 저층부 5층 4000㎡(84.9×47.1m)
단일+저층부,5 미세조정,52,52,175.6,60,36,26,17,34,37580,400.0,8955,46535,4133,43.99,0.12,inf,inf,2,3.616,10.49,52층 374㎡(35.7×10.5m) + 저층부 5층 4000㎡(84.9×47.1m)
단일+저층부,5 미세조정,54,54,182.2,60,38,26,17,34,37580,400.0,8656,46236,4133,43.99,0.121,inf,inf,2,3.616,11.86,54층 359㎡(30.2×11.9m) + 저층부 5층 4000㎡(84.9×47.1m)
단일+저층부,5 미세조정,54,54,182.2,61,36,26,17,35,37580,400.0,9110,46690,4133,43.99,0.083,inf,inf,2,3.618,10.27,54층 359㎡(34.9×10.3m) + 저층부 5층 4000㎡(84.9×47.1m)
단일+저층부,5 미세조정,55,55,185.5,61,36,26,17,35,37580,400.0,9294,46874,4133,43.99,0.094,inf,inf,2,3.612,9.88,55층 352㎡(35.6×9.9m) + 저층부 5층 4000㎡(84.9×47.1m)
단일+저층부,2 저층부,55,55,185.5,61,36,26,17,35,37580,400.0,9507,47087,4133,43.99,0.086,inf,inf,2,3.611,9.38,55층 352㎡(37.5×9.4m) + 저층부 5층 4000㎡(84.9×47.1m)
단일+저층부,5 미세조정,53,53,178.9,61,36,26,17,35,37580,400.0,9752,47332,4133,43.99,0.092,inf,inf,2,3.607,8.74,53층 366㎡(41.9×8.7m) + 저층부 5층 4000㎡(84.9×47.1m)
단일+저층부,5 미세조정,55,55,185.5,61,36,26,17,35,37580,400.0,9921,47501,4133,43.99,0.088,inf,inf,2,3.602,8.56,55층 352㎡(41.1×8.6m) + 저층부 5층 4000㎡(84.9×47.1m)
단일+저층부,5 미세조정,53,53,178.9,72,42,26,20,46,37580,400.0,9511,47091,4133,43.99,0.118,inf,inf,2,3.62,9.21,53층 366㎡(39.8×9.2m) + 저층부 5층 4000㎡(84.9×47.1m)
단일+저층부,5 미세조정,50,50,169.0,72,42,26,20,46,37580,400.0,8797,46377,4133,43.99,0.14,inf,inf,2,3.617,10.72,50층 391㎡(36.4×10.7m) + 저층부 5층 4000㎡(84.9×47.1m)
단일+저층부,5 미세조정,53,53,178.9,72,43,26,20,46,37580,400.0,9243,46823,4133,43.99,0.172,inf,inf,2,3.617,9.82,53층 366㎡(37.3×9.8m) + 저층부 5층 4000㎡(84.9×47.1m)
단일+저층부,5 미세조정,53,53,178.9,72,41,26,20,46,37580,400.0,9752,47332,4133,43.99,0.092,inf,inf,2,3.616,8.74,53층 366㎡(41.9×8.7m) + 저층부 5층 4000㎡(84.9×47.1m)
단일+저층부,5 미세조정,54,54,182.2,73,41,26,20,47,37580,400.0,9254,46834,4133,43.99,0.125,inf,inf,2,3.629,9.88,54층 359㎡(36.3×9.9m) + 저층부 5층 4000㎡(84.9×47.1m)
단일+저층부,5 미세조정,53,53,178.9,73,41,26,20,47,37580,400.0,9243,46823,4133,43.99,0.121,inf,inf,2,3.627,9.82,53층 366㎡(37.3×9.8m) + 저층부 5층 4000㎡(84.9×47.1m)
단일+저층부,5 미세조정,52,52,175.6,73,41,26,20,47,37580,400.0,9265,46845,4133,43.99,0.114,inf,inf,2,3.622,9.67,52층 374㎡(38.7×9.7m) + 저층부 5층 4000㎡(84.9×47.1m)
단일+저층부,5 미세조정,53,53,178.9,74,40,26,20,48,37580,400.0,9752,47332,4133,43.99,0.063,inf,inf,2,3.621,8.74,53층 366㎡(41.9×8.7m) + 저층부 5층 4000㎡(84.9×47.1m)
단일+저층부,5 미세조정,53,53,178.9,60,38,27,17,33,37581,400.0,9855,47436,4140,44.07,0.091,inf,inf,2,3.603,8.74,53층 366㎡(41.9×8.7m) + 저층부 5층 4000㎡(98.0×40.8m)
단일+저층부,5 미세조정,54,54,182.2,61,38,27,17,34,37580,400.0,8896,46476,4133,43.99,0.119,inf,inf,2,3.616,10.94,54층 359㎡(32.8×10.9m) + 저층부 5층 4000㎡(84.9×47.1m)
단일+저층부,5 미세조정,55,55,185.5,61,39,27,17,34,37580,400.0,9289,46869,4140,44.06,0.118,inf,inf,2,3.611,10.17,55층 352㎡(34.6×10.2m) + 저층부 5층 4000㎡(98.0×40.8m)
단일+저층부,5 미세조정,55,55,185.5,61,38,27,17,34,37580,400.0,9503,47083,4140,44.06,0.126,inf,inf,2,3.61,9.62,55층 352㎡(36.6×9.6m) + 저층부 5층 4000㎡(98.0×40.8m)
단일+저층부,5 미세조정,51,51,172.3,61,38,27,17,34,37580,400.0,9184,46764,4140,44.06,0.121,inf,inf,2,3.608,10.03,51층 382㎡(38.1×10.0m) + 저층부 5층 4000㎡(98.0×40.8m)
단일+저층부,2 저층부,53,53,178.9,61,38,27,17,34,37580,400.0,9449,47029,4140,44.06,0.118,inf,inf,2,3.607,9.57,53층 366㎡(38.3×9.6m) + 저층부 5층 4000㎡(98.0×40.8m)
단일+저층부,5 미세조정,55,55,185.5,62,36,27,17,35,37580,400.0,9100,46680,4133,43.99,0.085,inf,inf,2,3.626,10.42,55층 352㎡(33.8×10.4m) + 저층부 5층 4000㎡(84.9×47.1m)
단일+저층부,5 미세조정,55,55,185.5,62,36,27,17,35,37581,400.0,9401,46981,4133,44.0,0.052,inf,inf,2,3.617,9.62,55층 352㎡(36.6×9.6m) + 저층부 5층 4000㎡(84.9×47.1m)
단일+저층부,5 미세조정,54,54,182.2,62,36,27,17,35,37580,400.0,9837,47417,4133,43.99,0.112,inf,inf,2,3.61,8.65,54층 359㎡(41.5×8.6m) + 저층부 5층 4000㎡(84.9×47.1m)
단일+저층부,5 미세조정,54,54,182.2,63,36,27,17,36,37580,400.0,8656,46236,4133,43.99,0.118,inf,inf,2,3.622,11.86,54층 359㎡(30.2×11.9m) + 저층부 5층 4000㎡(84.9×47.1m)
단일+저층부,5 미세조정,55,55,185.5,70,42,27,21,43,37580,400.0,9921,47501,4133,43.99,0.09,inf,inf,2,3.618,8.56,55층 352㎡(41.1×8.6m) + 저층부 5층 4000㎡(84.9×47.1m)
단일+저층부,5 미세조정,55,55,185.5,72,42,27,22,45,37580,400.0,9401,46981,4133,43.99,0.059,inf,inf,2,3.631,9.62,55층 352㎡(36.6×9.6m) + 저층부 5층 4000㎡(84.9×47.1m)
단일+저층부,5 미세조정,55,55,185.5,72,41,27,21,45,37580,400.0,9921,47501,4133,43.99,0.066,inf,inf,2,3.62,8.56,55층 352㎡(41.1×8.6m) + 저층부 5층 4000㎡(84.9×47.1m)
단일+저층부,5 미세조정,54,54,182.2,72,44,27,22,45,37580,400.0,9769,47349,4133,43.99,0.106,inf,inf,2,3.615,8.77,54층 359㎡(40.9×8.8m) + 저층부 5층 4000㎡(84.9×47.1m)
단일+저층부,5 미세조정,55,55,185.5,73,41,27,21,46,37580,400.0,9187,46767,4133,43.99,0.084,inf,inf,2,3.632,10.17,55층 352㎡(34.6×10.2m) + 저층부 5층 4000㎡(84.9×47.1m)
단일+저층부,5 미세조정,55,55,185.5,73,41,27,21,46,37580,400.0,9507,47087,4133,43.99,0.067,inf,inf,2,3.629,9.38,55층 352㎡(37.5×9.4m) + 저층부 5층 4000㎡(84.9×47.1m)
단일+저층부,5 미세조정,54,54,182.2,73,40,27,20,46,37580,400.0,9593,47173,4133,43.99,0.056,inf,inf,2,3.627,9.11,54층 359㎡(39.4×9.1m) + 저층부 5층 4000㎡(84.9×47.1m)
단일+저층부,5 미세조정,54,54,182.2,73,45,27,21,46,37580,400.0,9254,46834,4133,43.99,0.137,inf,inf,2,3.624,9.88,54층 359㎡(36.3×9.9m) + 저층부 5층 4000㎡(84.9×47.1m)
단일+저층부,5 미세조정,54,54,182.2,73,45,27,21,46,37580,400.0,9110,46690,4133,43.99,0.163,inf,inf,2,3.623,10.27,54층 359㎡(34.9×10.3m) + 저층부 5층 4000㎡(84.9×47.1m)
단일+저층부,5 미세조정,55,55,185.5,73,44,27,21,46,37580,400.0,9507,47087,4133,43.99,0.13,inf,inf,2,3.623,9.38,55층 352㎡(37.5×9.4m) + 저층부 5층 4000㎡(84.9×47.1m)
단일+저층부,2 저층부,53,53,178.9,73,44,27,21,46,37580,400.0,9346,46926,4133,43.99,0.131,inf,inf,2,3.622,9.57,53층 366㎡(38.3×9.6m) + 저층부 5층 4000㎡(84.9×47.1m)
단일+저층부,5 미세조정,54,54,182.2,73,45,27,21,46,37581,400.0,9427,47008,4133,44.0,0.152,inf,inf,2,3.621,9.47,54층 359㎡(37.9×9.5m) + 저층부 5층 4000㎡(84.9×47.1m)
단일+저층부,5 미세조정,55,55,185.5,73,40,27,20,46,37580,400.0,9674,47254,4133,43.99,0.086,inf,inf,2,3.619,9.02,55층 352㎡(39.0×9.0m) + 저층부 5층 4000㎡(84.9×47.1m)
단일+저층부,5 미세조정,52,52,175.6,73,44,27,21,46,37580,400.0,9428,47008,4133,43.99,0.124,inf,inf,2,3.617,9.31,52층 374㎡(40.2×9.3m) + 저층부 5층 4000㎡(84.9×47.1m)
단일+저층부,5 미세조정,52,52,175.6,76,40,27,20,49,37580,400.0,9318,46898,4133,43.99,0.081,inf,inf,2,3.626,9.55,52층 374㎡(39.2×9.5m) + 저층부 5층 4000㎡(84.9×47.1m)
단일+저층부,5 미세조정,52,52,175.6,76,40,27,20,49,37580,400.0,9428,47008,4133,43.99,0.075,inf,inf,2,3.625,9.31,52층 374㎡(40.2×9.3m) + 저층부 5층 4000㎡(84.9×47.1m)
단일+저층부,5 미세조정,51,51,172.3,76,40,27,20,49,37580,400.0,9236,46816,4133,43.99,0.08,inf,inf,2,3.624,9.65,51층 382㎡(39.6×9.6m) + 저층부 5층 4000㎡(84.9×47.1m)
단일+저층부,5 미세조정,51,51,172.3,76,40,27,20,49,37580,400.0,9344,46924,4133,43.99,0.073,inf,inf,2,3.621,9.41,51층 382㎡(40.6×9.4m) + 저층부 5층 4000㎡(84.9×47.1m)
단일+저층부,5 미세조정,52,52,175.6,61,38,28,17,33,37580,400.0,9265,46845,4140,44.06,0.097,inf,inf,2,3.609,9.92,52층 374㎡(37.7×9.9m) + 저층부 5층 4000㎡(98.0×40.8m)
단일+저층부,5 미세조정,55,55,185.5,62,38,28,17,34,37580,400.0,8889,46469,4133,43.99,0.119,inf,inf,2,3.615,11.11,55층 352㎡(31.7×11.1m) + 저층부 5층 4000㎡(84.9×47.1m)
단일+저층부,5 미세조정,55,55,185.5,62,38,28,17,34,37580,400.0,9503,47083,4140,44.06,0.104,inf,inf,2,3.613,9.62,55층 352㎡(36.6×9.6m) + 저층부 5층 4000㎡(98.0×40.8m)
단일+저층부,5 미세조정,52,52,175.6,62,38,28,17,34,37580,400.0,8510,46090,4133,43.99,0.124,inf,inf,2,3.612,12.11,52층 374㎡(30.9×12.1m) + 저층부 5층 4000㎡(84.9×47.1m)
단일+저층부,5 미세조정,50,50,169.0,62,38,28,17,34,37580,400.0,9203,46783,4140,44.06,0.121,inf,inf,2,3.607,9.88,50층 391㎡(39.5×9.9m) + 저층부 5층 4000㎡(98.0×40.8m)
단일+저층부,5 미세조정,52,52,175.6,63,36,28,17,35,37580,400.0,8510,46090,4133,43.99,0.077,inf,inf,2,3.621,12.11,52층 374㎡(30.9×12.1m) + 저층부 5층 4000㎡(84.9×47.1m)
단일+저층부,5 미세조정,54,54,182.2,63,36,28,17,35,37580,400.0,9025,46605,4133,43.99,0.059,inf,inf,2,3.615,10.52,54층 359㎡(34.1×10.5m) + 저층부 5층 4000㎡(84.9×47.1m)
단일+저층부,5 미세조정,55,55,185.5,63,38,28,17,35,37580,400.0,8970,46550,4133,43.99,0.131,inf,inf,2,3.609,10.83,55층 352㎡(32.5×10.8m) + 저층부 5층 4000㎡(84.9×47.1m)
단일+저층부,5 미세조정,54,54,182.2,63,36,28,17,35,37580,400.0,9427,47007,4133,43.99,0.1,inf,inf,2,3.608,9.47,54층 359㎡(37.9×9.5m) + 저층부 5층 4000㎡(84.9×47.1m)
단일+저층부,5 미세조정,52,52,175.6,63,36,28,17,35,37580,400.0,9265,46845,4133,43.99,0.099,inf,inf,2,3.605,9.67,52층 374㎡(38.7×9.7m) + 저층부 5층 4000㎡(84.9×47.1m)
단일+저층부,5 미세조정,53,53,178.9,63,38,28,17,35,37580,400.0,9346,46926,4133,43.99,0.128,inf,inf,2,3.598,9.57,53층 366㎡(38.3×9.6m) + 저층부 5층 4000㎡(84.9×47.1m)
단일+저층부,5 미세조정,55,55,185.5,64,36,28,17,36,37580,400.0,9921,47501,4133,43.99,0.054,inf,inf,2,3.606,8.56,55층 352㎡(41.1×8.6m) + 저층부 5층 4000㎡(84.9×47.1m)
단일+저층부,5 미세조정,52,52,175.6,66,38,28,17,38,37580,400.0,9163,46743,4133,43.99,0.112,inf,inf,2,3.598,9.92,52층 374㎡(37.7×9.9m) + 저층부 5층 4000㎡(84.9×47.1m)
단일+저층부,5 미세조정,53,53,178.9,66,38,28,17,38,37580,400.0,9346,46926,4133,43.99,0.109,inf,inf,2,3.596,9.57,53층 366㎡(38.3×9.6m) + 저층부 5층 4000㎡(84.9×47.1m)
단일+저층부,5 미세조정,55,55,185.5,66,37,28,17,38,37580,400.0,9921,47501,4133,43.99,0.098,inf,inf,2,3.59,8.56,55층 352㎡(41.1×8.6m) + 저층부 5층 4000㎡(84.9×47.1m)
단일+저층부,5 미세조정,54,54,182.2,66,37,28,17,38,37580,400.0,9837,47417,4133,43.99,0.098,inf,inf,2,3.59,8.65,54층 359㎡(41.5×8.6m) + 저층부 5층 4000㎡(84.9×47.1m)
단일+저층부,5 미세조정,54,54,182.2,71,42,28,20,43,37580,400.0,9322,46902,4133,43.99,0.136,inf,inf,2,3.624,9.72,54층 359㎡(36.9×9.7m) + 저층부 5층 4000㎡(84.9×47.1m)
단일+저층부,5 미세조정,55,55,185.5,71,42,28,20,43,37580,400.0,9674,47254,4133,43.99,0.124,inf,inf,2,3.622,9.02,55층 352㎡(39.0×9.0m) + 저층부 5층 4000㎡(84.9×47.1m)
단일+저층부,5 미세조정,52,52,175.6,71,42,28,20,43,37580,400.0,9163,46743,4133,43.99,0.136,inf,inf,2,3.621,9.92,52층 374㎡(37.7×9.9m) + 저층부 5층 4000㎡(84.9×47.1m)
단일+저층부,5 미세조정,51,51,172.3,71,42,28,20,43,37580,400.0,9183,46764,4133,43.99,0.156,inf,inf,2,3.618,9.77,51층 382㎡(39.1×9.8m) + 저층부 5층 4000㎡(84.9×47.1m)
단일+저층부,5 미세조정,52,52,175.6,72,42,28,21,44,37580,400.0,9097,46677,4133,43.99,0.088,inf,inf,2,3.626,10.09,52층 374㎡(37.1×10.1m) + 저층부 5층 4000㎡(84.9×47.1m)
단일+저층부,5 미세조정,54,54,182.2,72,42,28,21,44,37580,400.0,9254,46834,4133,43.99,0.09,inf,inf,2,3.625,9.88,54층 359㎡(36.3×9.9m) + 저층부 5층 4000㎡(84.9×47.1m)
단일+저층부,5 미세조정,53,53,178.9,72,43,28,22,44,37580,400.0,9511,47091,4133,43.99,0.091,inf,inf,2,3.624,9.21,53층 366㎡(39.8×9.2m) + 저층부 5층 4000㎡(84.9×47.1m)
단일+저층부,5 미세조정,54,54,182.2,72,43,28,22,44,37580,400.0,9593,47173,4133,43.99,0.091,inf,inf,2,3.624,9.11,54층 359㎡(39.4×9.1m) + 저층부 5층 4000㎡(84.9×47.1m)
단일+저층부,5 미세조정,55,55,185.5,72,42,28,21,44,37580,400.0,9674,47254,4133,43.99,0.1,inf,inf,2,3.623,9.02,55층 352㎡(39.0×9.0m) + 저층부 5층 4000㎡(84.9×47.1m)
단일+저층부,5 미세조정,54,54,182.2,72,42,28,21,44,37580,400.0,9593,47173,4133,43.99,0.1,inf,inf,2,3.622,9.11,54층 359㎡(39.4×9.1m) + 저층부 5층 4000㎡(84.9×47.1m)
단일+저층부,5 미세조정,53,53,178.9,72,42,28,21,44,37580,400.0,9346,46926,4133,43.99,0.106,inf,inf,2,3.622,9.57,53층 366㎡(38.3×9.6m) + 저층부 5층 4000㎡(84.9×47.1m)
단일+저층부,5 미세조정,55,55,185.5,72,43,28,22,44,37580,400.0,9921,47501,4133,43.99,0.083,inf,inf,2,3.621,8.56,55층 352㎡(41.1×8.6m) + 저층부 5층 4000㎡(84.9×47.1m)
단일+저층부,5 미세조정,51,51,172.3,72,42,28,21,44,37580,400.0,9515,47095,4133,43.99,0.089,inf,inf,2,3.615,9.05,51층 382㎡(42.2×9.1m) + 저층부 5층 4000㎡(84.9×47.1m)
단일+저층부,5 미세조정,53,53,178.9,72,42,28,21,44,37580,400.0,9685,47265,4133,43.99,0.091,inf,inf,2,3.614,8.86,53층 366㎡(41.3×8.9m) + 저층부 5층 4000㎡(84.9×47.1m)
단일+저층부,5 미세조정,52,52,175.6,73,41,28,21,45,37580,400.0,9265,46845,4133,43.99,0.055,inf,inf,2,3.628,9.67,52층 374㎡(38.7×9.7m) + 저층부 5층 4000㎡(84.9×47.1m)
단일+저층부,5 미세조정,55,55,185.5,73,41,28,21,45,37580,400.0,9674,47254,4133,43.99,0.076,inf,inf,2,3.622,9.02,55층 352㎡(39.0×9.0m) + 저층부 5층 4000㎡(84.9×47.1m)
단일+저층부,5 미세조정,54,54,182.2,73,43,28,20,45,37580,400.0,9427,47007,4133,43.99,0.15,inf,inf,2,3.616,9.47,54층 359㎡(37.9×9.5m) + 저층부 5층 4000㎡(84.9×47.1m)
단일+저층부,5 미세조정,55,55,185.5,74,42,28,20,46,37580,400.0,9187,46767,4133,43.99,0.186,inf,inf,2,3.623,10.17,55층 352㎡(34.6×10.2m) + 저층부 5층 4000㎡(84.9×47.1m)
단일+저층부,5 미세조정,55,55,185.5,74,42,28,20,46,37580,400.0,9674,47254,4133,43.99,0.154,inf,inf,2,3.616,9.02,55층 352㎡(39.0×9.0m) + 저층부 5층 4000㎡(84.9×47.1m)
단일+저층부,5 미세조정,52,52,175.6,74,40,28,20,46,37580,400.0,9601,47181,4133,43.99,0.072,inf,inf,2,3.614,8.95,52층 374㎡(41.8×9.0m) + 저층부 5층 4000㎡(84.9×47.1m)
단일+저층부,5 미세조정,51,51,172.3,76,41,28,20,48,37580,400.0,8876,46456,4133,43.99,0.102,inf,inf,2,3.625,10.6,51층 382㎡(36.0×10.6m) + 저층부 5층 4000㎡(84.9×47.1m)
단일+저층부,5 미세조정,55,55,185.5,62,36,29,17,33,37580,400.0,9289,46869,4140,44.06,0.093,inf,inf,2,3.616,10.17,55층 352㎡(34.6×10.2m) + 저층부 5층 4000㎡(98.0×40.8m)
단일+저층부,5 미세조정,54,54,182.2,63,41,29,19,34,37580,400.0,9212,46792,4140,44.06,0.141,inf,inf,2,3.604,10.27,54층 359㎡(34.9×10.3m) + 저층부 5층 4000㎡(98.0×40.8m)
단일+저층부,5 미세조정,51,51,172.3,64,39,29,17,35,37580,400.0,9184,46764,4140,44.07,0.134,inf,inf,2,3.603,10.03,51층 382㎡(38.1×10.0m) + 저층부 5층 4000㎡(98.0×40.8m)
단일+저층부,2 저층부,55,55,185.5,65,36,29,17,36,37580,400.0,8970,46550,4133,43.99,0.091,inf,inf,2,3.602,10.83,55층 352㎡(32.5×10.8m) + 저층부 5층 4000㎡(84.9×47.1m)
단일+저층부,5 미세조정,51,51,172.3,65,38,29,17,36,37580,400.0,9286,46866,4140,44.06,0.094,inf,inf,2,3.598,9.77,51층 382㎡(39.1×9.8m) + 저층부 5층 4000㎡(98.0×40.8m)
단일+저층부,5 미세조정,50,50,169.0,65,38,29,17,36,37580,400.0,9203,46783,4140,44.06,0.094,inf,inf,2,3.598,9.88,50층 391㎡(39.5×9.9m) + 저층부 5층 4000㎡(98.0×40.8m)
단일+저층부,5 미세조정,53,53,178.9,65,36,29,17,36,37580,400.0,9138,46718,4133,43.99,0.101,inf,inf,2,3.597,10.09,53층 366㎡(36.3×10.1m) + 저층부 5층 4000㎡(84.9×47.1m)
단일+저층부,5 미세조정,55,55,185.5,66,36,29,17,37,37580,400.0,8889,46469,4133,43.99,0.104,inf,inf,2,3.615,11.11,55층 352㎡(31.7×11.1m) + 저층부 5층 4000㎡(84.9×47.1m)
단일+저층부,5 미세조정,52,52,175.6,66,36,29,17,37,37580,400.0,9667,47247,4133,43.99,0.071,inf,inf,2,3.605,8.83,52층 374㎡(42.4×8.8m) + 저층부 5층 4000㎡(84.9×47.1m)
단일+저층부,2 저층부,53,53,178.9,67,37,29,17,38,37580,400.0,9449,47029,4140,44.06,0.095,inf,inf,2,3.623,9.57,53층 366㎡(38.3×9.6m) + 저층부 5층 4000㎡(98.0×40.8m)
단일+저층부,5 미세조정,53,53,178.9,67,36,29,17,38,37580,400.0,9243,46823,4133,43.99,0.106,inf,inf,2,3.611,9.82,53층 366㎡(37.3×9.8m) + 저층부 5층 4000㎡(84.9×47.1m)
단일+저층부,5 미세조정,53,53,178.9,67,36,29,17,38,37580,400.0,8948,46528,4133,43.99,0.109,inf,inf,2,3.611,10.63,53층 366㎡(34.4×10.6m) + 저층부 5층 4000㎡(84.9×47.1m)
단일+저층부,5 미세조정,52,52,175.6,67,36,29,17,38,37580,400.0,9163,46743,4133,43.99,0.105,inf,inf,2,3.61,9.92,52층 374㎡(37.7×9.9m) + 저층부 5층 4000㎡(84.9×47.1m)
단일+저층부,5 미세조정,54,54,182.2,67,36,29,17,38,37580,400.0,8656,46236,4133,43.99,0.101,inf,inf,2,3.609,11.86,54층 359㎡(30.2×11.9m) + 저층부 5층 4000㎡(84.9×47.1m)
단일+저층부,5 미세조정,53,53,178.9,67,36,29,17,38,37580,400.0,9346,46926,4133,43.99,0.095,inf,inf,2,3.605,9.57,53층 366㎡(38.3×9.6m) + 저층부 5층 4000㎡(84.9×47.1m)
단일+저층부,5 미세조정,52,52,175.6,67,36,29,17,38,37580,400.0,8955,46535,4133,43.99,0.053,inf,inf,2,3.604,10.49,52층 374㎡(35.7×10.5m) + 저층부 5층 4000㎡(84.9×47.1m)
단일+저층부,5 미세조정,54,54,182.2,70,36,29,17,41,37580,400.0,9322,46902,4133,43.99,0.06,inf,inf,2,3.606,9.72,54층 359㎡(36.9×9.7m) + 저층부 5층 4000㎡(84.9×47.1m)
단일+저층부,5 미세조정,55,55,185.5,70,36,29,17,41,37580,400.0,9294,46874,4133,43.99,0.062,inf,inf,2,3.604,9.88,55층 352㎡(35.6×9.9m) + 저층부 5층 4000㎡(84.9×47.1m)
단일+저층부,5 미세조정,54,54,182.2,70,36,29,17,41,37580,400.0,9216,46796,4133,43.99,0.062,inf,inf,2,3.603,9.98,54층 359㎡(35.9×10.0m) + 저층부 5층 4000㎡(84.9×47.1m)
단일+저층부,5 미세조정,52,52,175.6,71,36,29,17,42,37580,400.0,9428,47008,4133,43.99,0.051,inf,inf,2,3.596,9.31,52층 374㎡(40.2×9.3m) + 저층부 5층 4000㎡(84.9×47.1m)
단일+저층부,5 미세조정,54,54,182.2,71,36,29,17,42,37580,400.0,9593,47173,4133,43.99,0.052,inf,inf,2,3.594,9.11,54층 359㎡(39.4×9.1m) + 저층부 5층 4000㎡(84.9×47.1m)
단일+저층부,2 저층부,41,41,139.3,72,35,29,17,43,37580,400.0,7095,44675,4133,43.99,0.223,inf,inf,2,3.653,9.69,41층 282㎡(29.1×9.7m) + 저층부 7층 4000㎡(84.9×47.1m)
단일+저층부,5 미세조정,52,52,175.6,73,43,29,22,44,37580,400.0,9318,46898,4133,43.99,0.072,inf,inf,2,3.625,9.55,52층 374㎡(39.2×9.5m) + 저층부 5층 4000㎡(84.9×47.1m)
단일+저층부,5 미세조정,54,54,182.2,74,43,29,21,45,37580,400.0,9322,46902,4133,43.99,0.101,inf,inf,2,3.633,9.72,54층 359㎡(36.9×9.7m) + 저층부 5층 4000㎡(84.9×47.1m)
단일+저층부,5 미세조정,53,53,178.9,74,42,29,22,45,37580,400.0,9176,46756,4133,43.99,0.06,inf,inf,2,3.629,9.99,53층 366㎡(36.7×10.0m) + 저층부 5층 4000㎡(84.9×47.1m)
단일+저층부,5 미세조정,50,50,169.0,74,41,29,20,45,37580,400.0,8797,46377,4133,43.99,0.124,inf,inf,2,3.625,10.72,50층 391㎡(36.4×10.7m) + 저층부 5층 4000㎡(84.9×47.1m)
단일+저층부,5 미세조정,52,52,175.6,74,43,29,22,45,37580,400.0,9318,46898,4133,43.99,0.094,inf,inf,2,3.624,9.55,52층 374㎡(39.2×9.5m) + 저층부 5층 4000㎡(84.9×47.1m)
단일+저층부,5 미세조정,53,53,178.9,74,42,29,22,45,37580,400.0,9511,47091,4133,43.99,0.047,inf,inf,2,3.624,9.21,53층 366㎡(39.8×9.2m) + 저층부 5층 4000㎡(84.9×47.1m)
단일+저층부,5 미세조정,51,51,172.3,74,41,29,20,45,37580,400.0,9515,47095,4133,43.99,0.086,inf,inf,2,3.618,9.05,51층 382㎡(42.2×9.1m) + 저층부 5층 4000㎡(84.9×47.1m)
단일+저층부,5 미세조정,53,53,178.9,75,42,29,21,46,37580,400.0,9346,46926,4133,43.99,0.07,inf,inf,2,3.632,9.57,53층 366㎡(38.3×9.6m) + 저층부 5층 4000㎡(84.9×47.1m)
단일+저층부,5 미세조정,52,52,175.6,75,42,29,21,46,37580,400.0,9265,46845,4133,43.99,0.069,inf,inf,2,3.627,9.67,52층 374㎡(38.7×9.7m) + 저층부 5층 4000㎡(84.9×47.1m)
단일+저층부,5 미세조정,54,54,182.2,75,42,29,21,46,37580,400.0,9769,47349,4133,43.99,0.059,inf,inf,2,3.624,8.77,54층 359㎡(40.9×8.8m) + 저층부 5층 4000㎡(84.9×47.1m)
단일+저층부,5 미세조정,52,52,175.6,75,43,29,20,46,37580,400.0,9163,46743,4133,43.99,0.179,inf,inf,2,3.613,9.92,52층 374㎡(37.7×9.9m) + 저층부 5층 4000㎡(84.9×47.1m)
단일+저층부,5 미세조정,55,55,185.5,75,42,29,20,46,37580,400.0,9674,47254,4133,43.99,0.163,inf,inf,2,3.613,9.02,55층 352㎡(39.0×9.0m) + 저층부 5층 4000㎡(84.9×47.1m)
단일+저층부,5 미세조정,54,54,182.2,75,43,29,20,46,37580,400.0,9481,47061,4133,43.99,0.169,inf,inf,2,3.612,9.35,54층 359㎡(38.4×9.3m) + 저층부 5층 4000㎡(84.9×47.1m)
단일+저층부,2 저층부,55,55,185.5,75,43,29,19,46,37580,400.0,10479,48059,4129,43.95,0.148,inf,inf,2,3.568,9.2,55층 423㎡(46.0×9.2m) + 저층부 4층 4000㎡(74.8×53.5m)
단일+저층부,5 미세조정,50,50,169.0,78,40,29,20,49,37581,400.0,9494,47075,4133,44.0,0.056,inf,inf,2,3.612,9.02,50층 391㎡(43.3×9.0m) + 저층부 5층 4000㎡(84.9×47.1m)
단일+저층부,5 미세조정,54,54,182.2,64,39,30,17,34,37580,400.0,9212,46792,4140,44.06,0.111,inf,inf,2,3.614,10.27,54층 359㎡(34.9×10.3m) + 저층부 5층 4000㎡(98.0×40.8m)
단일+저층부,5 미세조정,55,55,185.5,64,38,30,17,34,37580,400.0,9503,47083,4140,44.06,0.127,inf,inf,2,3.612,9.62,55층 352㎡(36.6×9.6m) + 저층부 5층 4000㎡(98.0×40.8m)
단일+저층부,5 미세조정,52,52,175.6,65,36,30,17,35,37580,400.0,9163,46743,4133,43.99,0.11,inf,inf,2,3.617,9.92,52층 374㎡(37.7×9.9m) + 저층부 5층 4000㎡(84.9×47.1m)
단일+저층부,5 미세조정,53,53,178.9,65,38,30,15,35,37580,400.0,9135,46715,4140,44.06,0.133,inf,inf,2,3.606,10.38,53층 366㎡(35.3×10.4m) + 저층부 5층 4000㎡(98.0×40.8m)
단일+저층부,5 미세조정,53,53,178.9,66,38,30,17,36,37580,400.0,9613,47193,4140,44.06,0.1,inf,inf,2,3.59,9.21,53층 366㎡(39.8×9.2m) + 저층부 5층 4000㎡(98.0×40.8m)
단일+저층부,5 미세조정,55,55,185.5,67,36,30,17,37,37580,400.0,9187,46767,4133,43.99,0.094,inf,inf,2,3.611,10.17,55층 352㎡(34.6×10.2m) + 저층부 5층 4000㎡(84.9×47.1m)
단일+저층부,5 미세조정,54,54,182.2,67,36,30,17,37,37580,400.0,9025,46605,4133,43.99,0.092,inf,inf,2,3.605,10.52,54층 359㎡(34.1×10.5m) + 저층부 5층 4000㎡(84.9×47.1m)
단일+저층부,5 미세조정,52,52,175.6,68,36,30,17,38,37580,400.0,8667,46247,4133,43.99,0.094,inf,inf,2,3.603,11.46,52층 374㎡(32.6×11.5m) + 저층부 5층 4000㎡(84.9×47.1m)
단일+저층부,5 미세조정,55,55,185.5,68,36,30,17,38,37580,400.0,9294,46874,4133,43.99,0.083,inf,inf,2,3.601,9.88,55층 352㎡(35.6×9.9m) + 저층부 5층 4000㎡(84.9×47.1m)
단일+저층부,5 미세조정,55,55,185.5,68,36,30,17,38,37580,400.0,9187,46767,4133,43.99,0.085,inf,inf,2,3.601,10.17,55층 352㎡(34.6×10.2m) + 저층부 5층 4000㎡(84.9×47.1m)
단일+저층부,5 미세조정,55,55,185.5,68,36,30,17,38,37580,400.0,8970,46550,4133,43.99,0.088,inf,inf,2,3.594,10.83,55층 352㎡(32.5×10.8m) + 저층부 5층 4000㎡(84.9×47.1m)
단일+저층부,5 미세조정,55,55,185.5,69,36,30,17,39,37580,400.0,8728,46308,4133,43.99,0.08,inf,inf,2,3.605,11.74,55층 352㎡(29.9×11.7m) + 저층부 5층 4000㎡(84.9×47.1m)
단일+저층부,5 미세조정,54,54,182.2,69,36,30,17,39,37580,400.0,9427,47007,4133,43.99,0.078,inf,inf,2,3.6,9.47,54층 359㎡(37.9×9.5m) + 저층부 5층 4000㎡(84.9×47.1m)
단일+저층부,5 미세조정,55,55,185.5,69,36,30,17,39,37580,400.0,9100,46680,4133,43.99,0.085,inf,inf,2,3.593,10.42,55층 352㎡(33.8×10.4m) + 저층부 5층 4000㎡(84.9×47.1m)
단일+저층부,5 미세조정,53,53,178.9,70,36,30,17,40,37580,400.0,9243,46823,4133,43.99,0.062,inf,inf,2,3.597,9.82,53층 366㎡(37.3×9.8m) + 저층부 5층 4000㎡(84.9×47.1m)
단일+저층부,5 미세조정,52,52,175.6,74,43,30,22,44,37580,400.0,9318,46898,4133,43.99,0.109,inf,inf,2,3.62,9.55,52층 374㎡(39.2×9.5m) + 저층부 5층 4000㎡(84.9×47.1m)
단일+저층부,5 미세조정,52,52,175.6,74,44,30,21,44,37580,400.0,9428,47008,4133,43.99,0.129,inf,inf,2,3.616,9.31,52층 374㎡(40.2×9.3m) + 저층부 5층 4000㎡(84.9×47.1m)
단일+저층부,5 미세조정,51,51,172.3,75,42,30,21,45,37580,400.0,9183,46763,4133,43.99,0.094,inf,inf,2,3.628,9.77,51층 382㎡(39.1×9.8m) + 저층부 5층 4000㎡(84.9×47.1m)
단일+저층부,5 미세조정,55,55,185.5,75,41,30,20,45,37580,400.0,9507,47087,4133,43.99,0.122,inf,inf,2,3.622,9.38,55층 352㎡(37.5×9.4m) + 저층부 5층 4000㎡(84.9×47.1m)
단일+저층부,5 미세조정,52,52,175.6,75,44,30,21,45,37580,400.0,8955,46535,4133,43.99,0.153,inf,inf,2,3.621,10.49,52층 374㎡(35.7×10.5m) + 저층부 5층 4000㎡(84.9×47.1m)
단일+저층부,5 미세조정,54,54,182.2,75,44,30,22,45,37580,400.0,9322,46902,4133,43.99,0.122,inf,inf,2,3.62,9.72,54층 359㎡(36.9×9.7m) + 저층부 5층 4000㎡(84.9×47.1m)
단일+저층부,5 미세조정,55,55,185.5,75,45,30,22,45,37580,400.0,9674,47254,4133,43.99,0.133,inf,inf,2,3.619,9.02,55층 352㎡(39.0×9.0m) + 저층부 5층 4000㎡(84.9×47.1m)
단일+저층부,5 미세조정,54,54,182.2,75,44,30,22,45,37580,400.0,9481,47061,4133,43.99,0.116,inf,inf,2,3.617,9.35,54층 359㎡(38.4×9.3m) + 저층부 5층 4000㎡(84.9×47.1m)
단일+저층부,5 미세조정,51,51,172.3,75,44,30,22,45,37580,400.0,9515,47095,4133,43.99,0.105,inf,inf,2,3.616,9.05,51층 382㎡(42.2×9.1m) + 저층부 5층 4000㎡(84.9×47.1m)
단일+저층부,5 미세조정,51,51,172.3,75,44,30,22,45,37580,400.0,9344,46924,4133,43.99,0.112,inf,inf,2,3.616,9.41,51층 382㎡(40.6×9.4m) + 저층부 5층 4000㎡(84.9×47.1m)
단일+저층부,5 미세조정,52,52,175.6,75,45,30,21,45,37580,400.0,8955,46535,4133,43.99,0.17,inf,inf,2,3.615,10.49,52층 374㎡(35.7×10.5m) + 저층부 5층 4000㎡(84.9×47.1m)
단일+저층부,5 미세조정,55,55,185.5,76,44,30,21,46,37580,400.0,9401,46981,4133,43.99,0.149,inf,inf,2,3.624,9.62,55층 352㎡(36.6×9.6m) + 저층부 5층 4000㎡(84.9×47.1m)
단일+저층부,5 미세조정,53,53,178.9,76,43,30,21,46,37580,400.0,9511,47091,4133,43.99,0.113,inf,inf,2,3.622,9.21,53층 366㎡(39.8×9.2m) + 저층부 5층 4000㎡(84.9×47.1m)
단일+저층부,5 미세조정,50,50,169.0,76,43,30,21,46,37580,400.0,8797,46377,4133,43.99,0.103,inf,inf,2,3.62,10.72,50층 391㎡(36.4×10.7m) + 저층부 5층 4000㎡(84.9×47.1m)
단일+저층부,5 미세조정,51,51,172.3,76,44,30,21,46,37580,400.0,9016,46596,4133,43.99,0.132,inf,inf,2,3.618,10.2,51층 382㎡(37.5×10.2m) + 저층부 5층 4000㎡(84.9×47.1m)
단일+저층부,5 미세조정,50,50,169.0,76,44,30,21,46,37580,400.0,9000,46580,4133,43.99,0.13,inf,inf,2,3.616,10.14,50층 391㎡(38.5×10.1m) + 저층부 5층 4000㎡(84.9×47.1m)
단일+저층부,5 미세조정,51,51,172.3,76,43,30,20,46,37580,400.0,9344,46924,4133,43.99,0.137,inf,inf,2,3.612,9.41,51층 382㎡(40.6×9.4m) + 저층부 5층 4000㎡(84.9×47.1m)
단일+저층부,2 저층부,55,55,185.5,76,44,30,22,46,37580,400.0,9903,47483,4129,43.95,0.096,inf,inf,2,3.601,10.29,55층 423㎡(41.1×10.3m) + 저층부 4층 4000㎡(74.8×53.5m)
단일+저층부,5 미세조정,54,54,182.2,77,42,30,22,47,37580,400.0,9769,47349,4133,43.99,0.042,inf,inf,2,3.622,8.77,54층 359㎡(40.9×8.8m) + 저층부 5층 4000㎡(84.9×47.1m)
단일+저층부,2 저층부,50,50,169.0,77,42,30,22,47,37580,400.0,8536,46116,4129,43.95,0.136,inf,inf,2,3.615,11.41,50층 391㎡(34.2×11.4m) + 저층부 5층 4000㎡(74.8×53.5m)
단일+저층부,5 미세조정,53,53,178.9,78,42,30,20,48,37580,400.0,9033,46613,4133,43.99,0.133,inf,inf,2,3.628,10.38,53층 366㎡(35.3×10.4m) + 저층부 5층 4000㎡(84.9×47.1m)
단일+저층부,5 미세조정,54,54,182.2,60,36,31,17,29,37580,400.0,9695,47275,4140,44.07,0.074,inf,inf,2,3.615,9.11,54층 359㎡(39.4×9.1m) + 저층부 5층 4000㎡(98.0×40.8m)
단일+저층부,5 미세조정,54,54,182.2,61,36,31,17,30,37580,400.0,9695,47275,4140,44.06,0.1,inf,inf,2,3.611,9.11,54층 359㎡(39.4×9.1m) + 저층부 5층 4000㎡(98.0×40.8m)
단일+저층부,2 저층부,38,38,129.4,64,31,31,14,33,37580,400.0,7201,44781,4133,43.99,0.149,inf,inf,2,3.631,8.79,38층 309㎡(35.2×8.8m) + 저층부 7층 4000㎡(84.9×47.1m)
단일+저층부,5 미세조정,53,53,178.9,65,36,31,17,34,37580,400.0,9243,46823,4133,43.99,0.141,inf,inf,2,3.612,9.82,53층 366㎡(37.3×9.8m) + 저층부 5층 4000㎡(84.9×47.1m)
단일+저층부,5 미세조정,52,52,175.6,65,36,31,17,34,37580,400.0,9163,46743,4133,43.99,0.142,inf,inf,2,3.611,9.92,52층 374㎡(37.7×9.9m) + 저층부 5층 4000㎡(84.9×47.1m)
단일+저층부,5 미세조정,53,53,178.9,66,38,31,17,35,37580,400.0,8821,46401,4133,43.99,0.143,inf,inf,2,3.608,11.05,53층 366㎡(33.1×11.0m) + 저층부 5층 4000㎡(84.9×47.1m)
단일+저층부,2 저층부,53,53,178.9,66,37,31,17,35,37580,400.0,9141,46721,4129,43.95,0.087,inf,inf,2,3.59,12.12,53층 440㎡(36.3×12.1m) + 저층부 4층 4000㎡(74.8×53.5m)
단일+저층부,5 미세조정,55,55,185.5,67,36,31,17,36,37580,400.0,8970,46550,4133,43.99,0.105,inf,inf,2,3.614,10.83,55층 352㎡(32.5×10.8m) + 저층부 5층 4000㎡(84.9×47.1m)
단일+저층부,5 미세조정,54,54,182.2,67,38,31,17,36,37580,400.0,9212,46792,4140,44.06,0.106,inf,inf,2,3.594,10.27,54층 359㎡(34.9×10.3m) + 저층부 5층 4000㎡(98.0×40.8m)
단일+저층부,2 저층부,55,55,185.5,67,37,31,17,36,37580,400.0,10300,47880,4129,43.95,0.074,inf,inf,2,3.571,11.09,55층 492㎡(44.4×11.1m) + 저층부 3층 4000㎡(74.8×53.5m)
단일+저층부,2 저층부,38,38,129.4,68,32,31,17,37,37580,400.0,7201,44781,4133,43.99,0.096,inf,inf,2,3.659,8.79,38층 309㎡(35.2×8.8m) + 저층부 7층 4000㎡(84.9×47.1m)
단일+저층부,5 미세조정,52,52,175.6,68,38,31,17,37,37580,400.0,8871,46451,4133,43.99,0.121,inf,inf,2,3.603,10.74,52층 374㎡(34.8×10.7m) + 저층부 5층 4000㎡(84.9×47.1m)
단일+저층부,5 미세조정,54,54,182.2,68,38,31,17,37,37580,400.0,9322,46902,4133,43.99,0.115,inf,inf,2,3.6,9.72,54층 359㎡(36.9×9.7m) + 저층부 5층 4000㎡(84.9×47.1m)
단일+저층부,5 미세조정,54,54,182.2,68,38,31,17,37,37580,400.0,8896,46476,4133,43.99,0.104,inf,inf,2,3.592,10.94,54층 359㎡(32.8×10.9m) + 저층부 5층 4000㎡(84.9×47.1m)
단일+저층부,5 미세조정,53,53,178.9,68,38,31,17,37,37580,400.0,8821,46401,4133,43.99,0.105,inf,inf,2,3.592,11.05,53층 366㎡(33.1×11.0m) + 저층부 5층 4000㎡(84.9×47.1m)
단일+저층부,5 미세조정,52,52,175.6,68,40,31,17,37,37580,400.0,9057,46637,4140,44.06,0.11,inf,inf,2,3.586,10.49,52층 374㎡(35.7×10.5m) + 저층부 5층 4000㎡(98.0×40.8m)
단일+저층부,5 미세조정,50,50,169.0,68,40,31,17,37,37580,400.0,9203,46783,4140,44.07,0.107,inf,inf,2,3.585,9.88,50층 391㎡(39.5×9.9m) + 저층부 5층 4000㎡(98.0×40.8m)
단일+저층부,5 미세조정,53,53,178.9,69,38,31,19,38,37580,400.0,9243,46823,4133,43.99,0.092,inf,inf,2,3.611,9.82,53층 366㎡(37.3×9.8m) + 저층부 5층 4000㎡(84.9×47.1m)
단일+저층부,5 미세조정,52,52,175.6,69,40,31,19,38,37580,400.0,9059,46639,4133,43.99,0.138,inf,inf,2,3.603,10.19,52층 374㎡(36.7×10.2m) + 저층부 5층 4000㎡(84.9×47.1m)
단일+저층부,5 미세조정,53,53,178.9,69,40,31,19,38,37580,400.0,9346,46926,4133,43.99,0.13,inf,inf,2,3.601,9.57,53층 366㎡(38.3×9.6m) + 저층부 5층 4000㎡(84.9×47.1m)
단일+저층부,5 미세조정,54,54,182.2,70,38,31,19,39,37580,400.0,9216,46796,4133,43.99,0.068,inf,inf,2,3.614,9.98,54층 359㎡(35.9×10.0m) + 저층부 5층 4000㎡(84.9×47.1m)
단일+저층부,5 미세조정,54,54,182.2,70,41,31,19,39,37580,400.0,9025,46605,4133,43.99,0.143,inf,inf,2,3.608,10.52,54층 359㎡(34.1×10.5m) + 저층부 5층 4000㎡(84.9×47.1m)
단일+저층부,5 미세조정,54,54,182.2,71,40,31,19,40,37580,400.0,9427,47007,4133,43.99,0.11,inf,inf,2,3.598,9.47,54층 359㎡(37.9×9.5m) + 저층부 5층 4000㎡(84.9×47.1m)
단일+저층부,5 미세조정,50,50,169.0,75,43,31,20,44,37580,400.0,8797,46377,4133,43.99,0.172,inf,inf,2,3.618,10.72,50층 391㎡(36.4×10.7m) + 저층부 5층 4000㎡(84.9×47.1m)
단일+저층부,5 미세조정,54,54,182.2,76,44,31,22,45,37580,400.0,9110,46690,4133,43.99,0.109,inf,inf,2,3.625,10.27,54층 359㎡(34.9×10.3m) + 저층부 5층 4000㎡(84.9×47.1m)
단일+저층부,5 미세조정,51,51,172.3,76,42,31,22,45,37580,400.0,9236,46816,4133,43.99,0.057,inf,inf,2,3.623,9.65,51층 382㎡(39.6×9.6m) + 저층부 5층 4000㎡(84.9×47.1m)
단일+저층부,5 미세조정,51,51,172.3,76,42,31,22,45,37580,400.0,9515,47095,4133,43.99,0.042,inf,inf,2,3.623,9.05,51층 382㎡(42.2×9.1m) + 저층부 5층 4000㎡(84.9×47.1m)
단일+저층부,5 미세조정,50,50,169.0,76,41,31,20,45,37580,400.0,8797,46377,4133,43.99,0.138,inf,inf,2,3.617,10.72,50층 391㎡(36.4×10.7m) + 저층부 5층 4000㎡(84.9×47.1m)
단일+저층부,5 미세조정,51,51,172.3,76,42,31,20,45,37580,400.0,9082,46662,4133,43.99,0.155,inf,inf,2,3.616,10.03,51층 382㎡(38.1×10.0m) + 저층부 5층 4000㎡(84.9×47.1m)
단일+저층부,5 미세조정,52,52,175.6,76,41,31,20,45,37580,400.0,9318,46898,4133,43.99,0.117,inf,inf,2,3.613,9.55,52층 374㎡(39.2×9.5m) + 저층부 5층 4000㎡(84.9×47.1m)
단일+저층부,2 저층부,53,53,178.9,76,43,31,22,45,37580,400.0,9346,46926,4133,43.99,0.186,inf,inf,2,3.605,9.57,53층 366㎡(38.3×9.6m) + 저층부 5층 4000㎡(84.9×47.1m)
단일+저층부,5 미세조정,54,54,182.2,77,43,31,21,46,37580,400.0,9837,47417,4133,43.99,0.094,inf,inf,2,3.621,8.65,54층 359㎡(41.5×8.6m) + 저층부 5층 4000㎡(84.9×47.1m)
단일+저층부,5 미세조정,51,51,172.3,77,44,31,21,46,37580,400.0,9082,46662,4133,43.99,0.14,inf,inf,2,3.616,10.03,51층 382㎡(38.1×10.0m) + 저층부 5층 4000㎡(84.9×47.1m)
단일+저층부,5 미세조정,50,50,169.0,77,42,31,20,46,37581,400.0,9101,46681,4133,43.99,0.173,inf,inf,2,3.608,9.88,50층 391㎡(39.5×9.9m) + 저층부 5층 4000㎡(84.9×47.1m)
단일+저층부,5 미세조정,52,52,175.6,77,40,31,20,46,37580,400.0,9601,47181,4133,43.99,0.101,inf,inf,2,3.606,8.95,52층 374㎡(41.8×9.0m) + 저층부 5층 4000㎡(84.9×47.1m)
단일+저층부,2 저층부,55,55,185.5,77,38,31,17,46,37580,400.0,9451,47031,4129,43.95,0.187,inf,inf,2,3.582,9.38,55층 352㎡(37.5×9.4m) + 저층부 5층 4000㎡(74.8×53.5m)
단일+저층부,2 저층부,53,53,178.9,77,43,31,22,46,37580,400.0,10114,47694,4129,43.95,0.077,inf,inf,2,3.577,11.31,53층 512㎡(45.2×11.3m) + 저층부 3층 4000㎡(74.8×53.5m)
단일+저층부,2 저층부,53,53,178.9,77,37,31,17,46,37580,400.0,9796,47376,4129,43.95,0.171,inf,inf,2,3.573,8.56,53층 366㎡(42.8×8.6m) + 저층부 5층 4000㎡(74.8×53.5m)
단일+저층부,5 미세조정,50,50,169.0,78,42,31,20,47,37580,400.0,9101,46681,4133,43.99,0.142,inf,inf,2,3.614,9.88,50층 391㎡(39.5×9.9m) + 저층부 5층 4000㎡(84.9×47.1m)
단일+저층부,5 미세조정,51,51,172.3,78,43,31,20,47,37580,400.0,9016,46596,4133,43.99,0.212,inf,inf,2,3.61,10.2,51층 382㎡(37.5×10.2m) + 저층부 5층 4000㎡(84.9×47.1m)
단일+저층부,5 미세조정,55,55,185.5,62,36,32,17,30,37580,400.0,9187,46767,4133,43.99,0.094,inf,inf,2,3.629,10.17,55층 352㎡(34.6×10.2m) + 저층부 5층 4000㎡(84.9×47.1m)
단일+저층부,5 미세조정,52,52,175.6,62,36,32,17,30,37580,400.0,8955,46535,4133,43.99,0.097,inf,inf,2,3.627,10.49,52층 374㎡(35.7×10.5m) + 저층부 5층 4000㎡(84.9×47.1m)
단일+저층부,5 미세조정,55,55,185.5,63,36,32,17,31,37580,400.0,9507,47087,4133,43.99,0.081,inf,inf,2,3.63,9.38,55층 352㎡(37.5×9.4m) + 저층부 5층 4000㎡(84.9×47.1m)
단일+저층부,5 미세조정,55,55,185.5,63,39,32,17,31,37580,400.0,9503,47083,4140,44.06,0.069,inf,inf,2,3.606,9.62,55층 352㎡(36.6×9.6m) + 저층부 5층 4000㎡(98.0×40.8m)
단일+저층부,2 저층부,38,38,129.4,65,31,32,14,33,37580,400.0,6889,44469,4133,43.99,0.154,inf,inf,2,3.635,10.15,38층 309㎡(30.4×10.1m) + 저층부 7층 4000㎡(84.9×47.1m)
단일+저층부,5 미세조정,54,54,182.2,65,36,32,17,33,37580,400.0,9593,47173,4133,43.99,0.067,inf,inf,2,3.617,9.11,54층 359㎡(39.4×9.1m) + 저층부 5층 4000㎡(84.9×47.1m)
단일+저층부,5 미세조정,52,52,175.6,65,36,32,17,33,37580,400.0,9163,46743,4133,43.99,0.108,inf,inf,2,3.616,9.92,52층 374㎡(37.7×9.9m) + 저층부 5층 4000㎡(84.9×47.1m)
단일+저층부,5 미세조정,54,54,182.2,66,36,32,17,34,37580,400.0,9216,46796,4133,43.99,0.06,inf,inf,2,3.622,9.98,54층 359㎡(35.9×10.0m) + 저층부 5층 4000㎡(84.9×47.1m)
단일+저층부,5 미세조정,55,55,185.5,66,38,32,17,34,37580,400.0,9187,46767,4133,43.99,0.131,inf,inf,2,3.616,10.17,55층 352㎡(34.6×10.2m) + 저층부 5층 4000㎡(84.9×47.1m)
단일+저층부,5 미세조정,54,54,182.2,66,40,32,17,34,37580,400.0,8656,46236,4133,43.99,0.146,inf,inf,2,3.611,11.86,54층 359㎡(30.2×11.9m) + 저층부 5층 4000㎡(84.9×47.1m)
단일+저층부,5 미세조정,52,52,175.6,66,36,32,17,34,37580,400.0,9367,46947,4140,44.06,0.08,inf,inf,2,3.599,9.67,52층 374㎡(38.7×9.7m) + 저층부 5층 4000㎡(98.0×40.8m)
단일+저층부,5 미세조정,52,52,175.6,67,36,32,17,35,37580,400.0,9163,46743,4133,43.99,0.072,inf,inf,2,3.607,9.92,52층 374㎡(37.7×9.9m) + 저층부 5층 4000㎡(84.9×47.1m)
단일+저층부,5 미세조정,52,52,175.6,67,38,32,17,35,37580,400.0,9769,47349,4140,44.06,0.06,inf,inf,2,3.58,8.83,52층 374㎡(42.4×8.8m) + 저층부 5층 4000㎡(98.0×40.8m)
단일+저층부,5 미세조정,55,55,185.5,68,36,32,17,36,37580,400.0,8728,46308,4133,43.99,0.132,inf,inf,2,3.611,11.74,55층 352㎡(29.9×11.7m) + 저층부 5층 4000㎡(84.9×47.1m)
단일+저층부,5 미세조정,52,52,175.6,68,36,32,17,36,37580,400.0,9163,46743,4133,43.99,0.102,inf,inf,2,3.598,9.92,52층 374㎡(37.7×9.9m) + 저층부 5층 4000㎡(84.9×47.1m)
단일+저층부,5 미세조정,50,50,169.0,68,40,32,17,36,37580,400.0,8899,46479,4140,44.06,0.086,inf,inf,2,3.595,10.72,50층 391㎡(36.4×10.7m) + 저층부 5층 4000㎡(98.0×40.8m)
단일+저층부,5 미세조정,55,55,185.5,69,38,32,19,37,37580,400.0,9401,46981,4133,43.99,0.079,inf,inf,2,3.616,9.62,55층 352㎡(36.6×9.6m) + 저층부 5층 4000㎡(84.9×47.1m)
단일+저층부,2 저층부,38,38,129.4,70,32,32,19,38,37580,400.0,7123,44703,4129,43.95,0.182,inf,inf,2,3.637,8.79,38층 309㎡(35.2×8.8m) + 저층부 7층 4000㎡(74.8×53.5m)
단일+저층부,5 미세조정,53,53,178.9,70,38,32,17,38,37580,400.0,9135,46715,4140,44.06,0.138,inf,inf,2,3.6,10.38,53층 366㎡(35.3×10.4m) + 저층부 5층 4000㎡(98.0×40.8m)
단일+저층부,5 미세조정,51,51,172.3,70,40,32,17,38,37580,400.0,9286,46866,4140,44.06,0.133,inf,inf,2,3.588,9.77,51층 382㎡(39.1×9.8m) + 저층부 5층 4000㎡(98.0×40.8m)
단일+저층부,5 미세조정,54,54,182.2,71,36,32,17,39,37580,400.0,8656,46236,4133,43.99,0.111,inf,inf,2,3.615,11.86,54층 359㎡(30.2×11.9m) + 저층부 5층 4000㎡(84.9×47.1m)
단일+저층부,5 미세조정,52,52,175.6,71,36,32,17,39,37580,400.0,8667,46247,4133,43.99,0.082,inf,inf,2,3.612,11.46,52층 374㎡(32.6×11.5m) + 저층부 5층 4000㎡(84.9×47.1m)
단일+저층부,5 미세조정,54,54,182.2,71,39,32,20,39,37580,400.0,9593,47173,4133,43.99,0.076,inf,inf,2,3.61,9.11,54층 359㎡(39.4×9.1m) + 저층부 5층 4000㎡(84.9×47.1m)
단일+저층부,5 미세조정,52,52,175.6,71,38,32,17,39,37580,400.0,8955,46535,4133,43.99,0.141,inf,inf,2,3.605,10.49,52층 374㎡(35.7×10.5m) + 저층부 5층 4000㎡(84.9×47.1m)
단일+저층부,5 미세조정,55,55,185.5,72,38,32,19,40,37580,400.0,8970,46550,4133,43.99,0.089,inf,inf,2,3.607,10.83,55층 352㎡(32.5×10.8m) + 저층부 5층 4000㎡(84.9×47.1m)
단일+저층부,5 미세조정,54,54,182.2,73,41,32,20,41,37580,400.0,9769,47349,4133,43.99,0.138,inf,inf,2,3.609,8.77,54층 359㎡(40.9×8.8m) + 저층부 5층 4000㎡(84.9×47.1m)
단일+저층부,2 저층부,41,41,139.3,76,26,32,11,44,37580,400.0,7017,44597,4129,43.95,0.299,inf,inf,2,3.587,9.69,41층 282㎡(29.1×9.7m) + 저층부 7층 4000㎡(74.8×53.5m)
단일+저층부,5 미세조정,53,53,178.9,77,44,32,22,45,37580,400.0,9511,47091,4133,43.99,0.086,inf,inf,2,3.617,9.21,53층 366㎡(39.8×9.2m) + 저층부 5층 4000㎡(84.9×47.1m)
단일+저층부,5 미세조정,52,52,175.6,77,40,32,20,45,37580,400.0,9428,47008,4133,43.99,0.104,inf,inf,2,3.611,9.31,52층 374㎡(40.2×9.3m) + 저층부 5층 4000㎡(84.9×47.1m)
단일+저층부,2 저층부,55,55,185.5,77,47,32,22,45,37580,400.0,9303,46883,4129,43.95,0.188,inf,inf,2,3.592,11.88,55층 423㎡(35.6×11.9m) + 저층부 4층 4000㎡(74.8×53.5m)
단일+저층부,2 저층부,50,50,169.0,77,45,32,21,45,37580,400.0,9462,47042,4129,43.95,0.172,inf,inf,2,3.574,10.83,50층 469㎡(43.3×10.8m) + 저층부 4층 4000㎡(74.8×53.5m)
단일+저층부,5 미세조정,50,50,169.0,78,44,32,21,46,37580,400.0,9000,46580,4133,43.99,0.135,inf,inf,2,3.62,10.14,50층 391㎡(38.5×10.1m) + 저층부 5층 4000㎡(84.9×47.1m)
단일+저층부,5 미세조정,51,51,172.3,78,44,32,21,46,37580,400.0,9344,46924,4133,43.99,0.124,inf,inf,2,3.616,9.41,51층 382㎡(40.6×9.4m) + 저층부 5층 4000㎡(84.9×47.1m)
단일+저층부,5 미세조정,55,55,185.5,79,43,32,20,47,37580,400.0,9507,47087,4133,43.99,0.16,inf,inf,2,3.622,9.38,55층 352㎡(37.5×9.4m) + 저층부 5층 4000㎡(84.9×47.1m)
단일+저층부,5 미세조정,55,55,185.5,79,40,32,20,47,37580,400.0,9921,47501,4133,43.99,0.119,inf,inf,2,3.608,8.56,55층 352㎡(41.1×8.6m) + 저층부 5층 4000㎡(84.9×47.1m)
단일+저층부,5 미세조정,52,52,175.6,80,40,32,20,48,37580,400.0,9601,47181,4133,43.99,0.076,inf,inf,2,3.611,8.95,52층 374㎡(41.8×9.0m) + 저층부 5층 4000㎡(84.9×47.1m)
단일+저층부,5 미세조정,54,54,182.2,64,36,33,17,31,37580,400.0,9427,47007,4133,43.99,0.109,inf,inf,2,3.623,9.47,54층 359㎡(37.9×9.5m) + 저층부 5층 4000㎡(84.9×47.1m)
단일+저층부,5 미세조정,55,55,185.5,67,38,33,17,34,37580,400.0,9289,46869,4140,44.06,0.149,inf,inf,2,3.601,10.17,55층 352㎡(34.6×10.2m) + 저층부 5층 4000㎡(98.0×40.8m)
단일+저층부,5 미세조정,55,55,185.5,68,38,33,17,35,37580,400.0,9776,47356,4140,44.06,0.074,inf,inf,2,3.592,9.02,55층 352㎡(39.0×9.0m) + 저층부 5층 4000㎡(98.0×40.8m)
단일+저층부,5 미세조정,52,52,175.6,68,39,33,17,35,37580,400.0,9367,46947,4140,44.06,0.066,inf,inf,2,3.589,9.67,52층 374㎡(38.7×9.7m) + 저층부 5층 4000㎡(98.0×40.8m)
단일+저층부,5 미세조정,53,53,178.9,69,36,33,17,36,37580,400.0,9033,46613,4133,43.99,0.117,inf,inf,2,3.612,10.38,53층 366㎡(35.3×10.4m) + 저층부 5층 4000㎡(84.9×47.1m)
단일+저층부,5 미세조정,52,52,175.6,70,36,33,17,37,37580,400.0,8667,46247,4133,43.99,0.066,inf,inf,2,3.609,11.46,52층 374㎡(32.6×11.5m) + 저층부 5층 4000㎡(84.9×47.1m)
단일+저층부,5 미세조정,53,53,178.9,70,38,33,18,37,37580,400.0,9138,46718,4133,43.99,0.128,inf,inf,2,3.609,10.09,53층 366㎡(36.3×10.1m) + 저층부 5층 4000㎡(84.9×47.1m)
단일+저층부,2 저층부,50,50,169.0,70,37,33,17,37,37580,400.0,9828,47408,4129,43.95,0.076,inf,inf,2,3.568,11.66,50층 544㎡(46.7×11.7m) + 저층부 3층 4000㎡(74.8×53.5m)
단일+저층부,5 미세조정,52,52,175.6,71,39,33,20,38,37580,400.0,9667,47247,4133,43.99,0.087,inf,inf,2,3.597,8.83,52층 374㎡(42.4×8.8m) + 저층부 5층 4000㎡(84.9×47.1m)
단일+저층부,5 미세조정,55,55,185.5,71,41,33,19,38,37580,400.0,9776,47356,4140,44.06,0.148,inf,inf,2,3.594,9.02,55층 352㎡(39.0×9.0m) + 저층부 5층 4000㎡(98.0×40.8m)
단일+저층부,5 미세조정,54,54,182.2,72,40,33,19,39,37580,400.0,8656,46236,4133,43.99,0.136,inf,inf,2,3.604,11.86,54층 359㎡(30.2×11.9m) + 저층부 5층 4000㎡(84.9×47.1m)
단일+저층부,5 미세조정,51,51,172.3,72,40,33,17,39,37580,400.0,9446,47026,4140,44.06,0.13,inf,inf,2,3.585,9.41,51층 382㎡(40.6×9.4m) + 저층부 5층 4000㎡(98.0×40.8m)
단일+저층부,2 저층부,53,53,178.9,73,41,33,19,40,37580,400.0,8923,46503,4140,44.06,0.163,inf,inf,2,3.585,11.05,53층 366㎡(33.1×11.0m) + 저층부 5층 4000㎡(98.0×40.8m)
단일+저층부,5 미세조정,53,53,178.9,73,36,33,17,40,37580,400.0,8583,46163,4133,43.99,0.075,inf,inf,2,3.583,11.98,53층 366㎡(30.6×12.0m) + 저층부 5층 4000㎡(84.9×47.1m)
단일+저층부,5 미세조정,54,54,182.2,74,38,33,19,41,37580,400.0,9427,47007,4133,43.99,0.072,inf,inf,2,3.599,9.47,54층 359㎡(37.9×9.5m) + 저층부 5층 4000㎡(84.9×47.1m)
단일+저층부,5 미세조정,55,55,185.5,74,38,33,17,41,37580,400.0,9921,47501,4133,43.99,0.111,inf,inf,2,3.583,8.56,55층 352㎡(41.1×8.6m) + 저층부 5층 4000㎡(84.9×47.1m)
단일+저층부,5 미세조정,55,55,185.5,77,43,33,20,44,37580,400.0,9507,47087,4133,43.99,0.139,inf,inf,2,3.629,9.38,55층 352㎡(37.5×9.4m) + 저층부 5층 4000㎡(84.9×47.1m)
단일+저층부,5 미세조정,54,54,182.2,77,43,33,22,44,37580,400.0,9481,47061,4133,43.99,0.1,inf,inf,2,3.619,9.35,54층 359㎡(38.4×9.3m) + 저층부 5층 4000㎡(84.9×47.1m)
단일+저층부,5 미세조정,53,53,178.9,77,44,33,22,44,37580,400.0,9685,47265,4133,43.99,0.111,inf,inf,2,3.611,8.86,53층 366㎡(41.3×8.9m) + 저층부 5층 4000㎡(84.9×47.1m)
단일+저층부,5 미세조정,53,53,178.9,78,42,33,22,45,37580,400.0,9400,46980,4133,43.99,0.067,inf,inf,2,3.622,9.45,53층 366㎡(38.8×9.4m) + 저층부 5층 4000㎡(84.9×47.1m)
단일+저층부,5 미세조정,54,54,182.2,78,43,33,22,45,37580,400.0,9593,47173,4133,43.99,0.067,inf,inf,2,3.621,9.11,54층 359㎡(39.4×9.1m) + 저층부 5층 4000㎡(84.9×47.1m)
단일+저층부,5 미세조정,54,54,182.2,78,43,33,22,45,37580,400.0,9769,47349,4133,43.99,0.061,inf,inf,2,3.618,8.77,54층 359㎡(40.9×8.8m) + 저층부 5층 4000㎡(84.9×47.1m)
단일+저층부,5 미세조정,52,52,175.6,78,42,33,22,45,37580,400.0,9428,47008,4133,43.99,0.088,inf,inf,2,3.616,9.31,52층 374㎡(40.2×9.3m) + 저층부 5층 4000㎡(84.9×47.1m)
단일+저층부,5 미세조정,51,51,172.3,78,41,33,21,45,37580,400.0,9236,46816,4133,43.99,0.093,inf,inf,2,3.616,9.65,51층 382㎡(39.6×9.6m) + 저층부 5층 4000㎡(84.9×47.1m)
단일+저층부,5 미세조정,51,51,172.3,78,40,33,20,45,37580,400.0,9515,47095,4133,43.99,0.089,inf,inf,2,3.602,9.05,51층 382㎡(42.2×9.1m) + 저층부 5층 4000㎡(84.9×47.1m)
단일+저층부,5 미세조정,51,51,172.3,78,44,33,22,45,37580,400.0,9766,47346,4133,43.99,0.095,inf,inf,2,3.602,8.59,51층 382㎡(44.5×8.6m) + 저층부 5층 4000㎡(84.9×47.1m)
단일+저층부,5 미세조정,51,51,172.3,79,43,33,22,46,37580,400.0,9082,46662,4133,43.99,0.073,inf,inf,2,3.623,10.03,51층 382㎡(38.1×10.0m) + 저층부 5층 4000㎡(84.9×47.1m)
단일+저층부,5 미세조정,52,52,175.6,79,43,33,22,46,37580,400.0,9428,47008,4133,43.99,0.065,inf,inf,2,3.619,9.31,52층 374㎡(40.2×9.3m) + 저층부 5층 4000㎡(84.9×47.1m)
단일+저층부,5 미세조정,54,54,182.2,79,42,33,20,46,37580,400.0,9110,46690,4133,43.99,0.202,inf,inf,2,3.615,10.27,54층 359㎡(34.9×10.3m) + 저층부 5층 4000㎡(84.9×47.1m)
단일+저층부,5 미세조정,52,52,175.6,80,43,33,22,47,37580,400.0,9265,46845,4133,43.99,0.051,inf,inf,2,3.624,9.67,52층 374㎡(38.7×9.7m) + 저층부 5층 4000㎡(84.9×47.1m)
단일+저층부,5 미세조정,51,51,172.3,80,43,33,22,47,37580,400.0,9183,46763,4133,43.99,0.05,inf,inf,2,3.624,9.77,51층 382㎡(39.1×9.8m) + 저층부 5층 4000㎡(84.9×47.1m)
단일+저층부,5 미세조정,52,52,175.6,80,43,33,22,47,37580,400.0,9318,46898,4133,43.99,0.049,inf,inf,2,3.622,9.55,52층 374㎡(39.2×9.5m) + 저층부 5층 4000㎡(84.9×47.1m)
단일+저층부,5 미세조정,53,53,178.9,80,43,33,20,47,37580,400.0,9346,46926,4133,43.99,0.16,inf,inf,2,3.621,9.57,53층 366㎡(38.3×9.6m) + 저층부 5층 4000㎡(84.9×47.1m)
단일+저층부,5 미세조정,52,52,175.6,80,41,33,20,47,37580,400.0,9163,46743,4133,43.99,0.151,inf,inf,2,3.614,9.92,52층 374㎡(37.7×9.9m) + 저층부 5층 4000㎡(84.9×47.1m)
단일+저층부,2 저층부,55,55,185.5,80,40,33,20,47,37580,400.0,8970,46550,4133,43.99,0.129,inf,inf,2,3.586,10.83,55층 352㎡(32.5×10.8m) + 저층부 5층 4000㎡(84.9×47.1m)
단일+저층부,5 미세조정,51,51,172.3,81,41,33,20,48,37580,400.0,8876,46456,4133,43.99,0.122,inf,inf,2,3.618,10.6,51층 382㎡(36.0×10.6m) + 저층부 5층 4000㎡(84.9×47.1m)
단일+저층부,5 미세조정,52,52,175.6,81,41,33,20,48,37580,400.0,9163,46743,4133,43.99,0.143,inf,inf,2,3.613,9.92,52층 374㎡(37.7×9.9m) + 저층부 5층 4000㎡(84.9×47.1m)
단일+저층부,5 미세조정,54,54,182.2,81,43,33,20,48,37580,400.0,9254,46834,4133,43.99,0.218,inf,inf,2,3.612,9.88,54층 359㎡(36.3×9.9m) + 저층부 5층 4000㎡(84.9×47.1m)
단일+저층부,5 미세조정,51,51,172.3,81,42,33,20,48,37580,400.0,9183,46764,4133,43.99,0.206,inf,inf,2,3.602,9.77,51층 382㎡(39.1×9.8m) + 저층부 5층 4000㎡(84.9×47.1m)
단일+저층부,5 미세조정,53,53,178.9,81,41,33,20,48,37580,400.0,9752,47332,4133,43.99,0.143,inf,inf,2,3.601,8.74,53층 366㎡(41.9×8.7m) + 저층부 5층 4000㎡(84.9×47.1m)
단일+저층부,5 미세조정,54,54,182.2,66,36,34,17,32,37580,400.0,8896,46476,4133,43.99,0.094,inf,inf,2,3.626,10.94,54층 359㎡(32.8×10.9m) + 저층부 5층 4000㎡(84.9×47.1m)
단일+저층부,5 미세조정,54,54,182.2,66,36,34,17,32,37580,400.0,9216,46796,4133,43.99,0.092,inf,inf,2,3.622,9.98,54층 359㎡(35.9×10.0m) + 저층부 5층 4000㎡(84.9×47.1m)
단일+저층부,5 미세조정,52,52,175.6,69,34,34,15,35,37580,400.0,9265,46845,4133,43.99,0.145,inf,inf,2,3.609,9.67,52층 374㎡(38.7×9.7m) + 저층부 5층 4000㎡(84.9×47.1m)
단일+저층부,5 미세조정,54,54,182.2,69,36,34,17,35,37580,400.0,9593,47173,4133,43.99,0.119,inf,inf,2,3.607,9.11,54층 359㎡(39.4×9.1m) + 저층부 5층 4000㎡(84.9×47.1m)
단일+저층부,5 미세조정,53,53,178.9,69,38,34,17,35,37580,400.0,9449,47029,4140,44.06,0.077,inf,inf,2,3.588,9.57,53층 366㎡(38.3×9.6m) + 저층부 5층 4000㎡(98.0×40.8m)
단일+저층부,5 미세조정,52,52,175.6,70,36,34,17,36,37580,400.0,8871,46451,4133,43.99,0.106,inf,inf,2,3.597,10.74,52층 374㎡(34.8×10.7m) + 저층부 5층 4000㎡(84.9×47.1m)
단일+저층부,5 미세조정,55,55,185.5,70,36,34,17,36,37580,400.0,9294,46874,4133,43.99,0.084,inf,inf,2,3.593,9.88,55층 352㎡(35.6×9.9m) + 저층부 5층 4000㎡(84.9×47.1m)
단일+저층부,5 미세조정,50,50,169.0,70,36,34,17,36,37581,400.0,9596,47177,4140,44.07,0.071,inf,inf,2,3.58,9.02,50층 391㎡(43.3×9.0m) + 저층부 5층 4000㎡(98.0×40.8m)
단일+저층부,5 미세조정,52,52,175.6,71,39,34,17,37,37580,400.0,8510,46090,4133,43.99,0.141,inf,inf,2,3.59,12.11,52층 374㎡(30.9×12.1m) + 저층부 5층 4000㎡(84.9×47.1m)
단일+저층부,2 저층부,41,41,139.3,71,38,34,17,37,37580,400.0,7963,45543,4140,44.06,0.138,inf,inf,2,3.589,12.76,41층 488㎡(38.3×12.8m) + 저층부 5층 4000㎡(98.0×40.8m)
단일+저층부,5 미세조정,54,54,182.2,72,41,34,19,38,37580,400.0,9529,47109,4140,44.06,0.155,inf,inf,2,3.593,9.47,54층 359㎡(37.9×9.5m) + 저층부 5층 4000㎡(98.0×40.8m)
단일+저층부,5 미세조정,54,54,182.2,72,41,34,19,38,37580,400.0,9695,47275,4140,44.06,0.149,inf,inf,2,3.592,9.11,54층 359㎡(39.4×9.1m) + 저층부 5층 4000㎡(98.0×40.8m)
단일+저층부,5 미세조정,55,55,185.5,72,36,34,17,38,37580,400.0,9294,46874,4133,43.99,0.088,inf,inf,2,3.588,9.88,55층 352㎡(35.6×9.9m) + 저층부 5층 4000㎡(84.9×47.1m)
단일+저층부,5 미세조정,53,53,178.9,72,36,34,17,38,37580,400.0,9138,46718,4133,43.99,0.088,inf,inf,2,3.584,10.09,53층 366㎡(36.3×10.1m) + 저층부 5층 4000㎡(84.9×47.1m)
단일+저층부,5 미세조정,55,55,185.5,74,39,34,17,40,37580,400.0,9294,46874,4133,43.99,0.127,inf,inf,2,3.591,9.88,55층 352㎡(35.6×9.9m) + 저층부 5층 4000㎡(84.9×47.1m)
단일+저층부,5 미세조정,52,52,175.6,74,38,34,17,40,37580,400.0,8871,46451,4133,43.99,0.115,inf,inf,2,3.59,10.74,52층 374㎡(34.8×10.7m) + 저층부 5층 4000㎡(84.9×47.1m)
단일+저층부,2 저층부,53,53,178.9,75,41,34,19,41,37580,400.0,9449,47029,4140,44.06,0.159,inf,inf,2,3.582,9.57,53층 366㎡(38.3×9.6m) + 저층부 5층 4000㎡(98.0×40.8m)
단일+저층부,2 저층부,53,53,178.9,75,40,34,19,41,37580,400.0,9729,47309,4129,43.95,0.108,inf,inf,2,3.577,10.49,53층 440㎡(42.0×10.5m) + 저층부 4층 4000㎡(74.8×53.5m)
단일+저층부,2 저층부,55,55,185.5,76,43,34,21,42,37580,400.0,9947,47527,4133,43.99,0.119,inf,inf,2,3.58,10.29,55층 423㎡(41.1×10.3m) + 저층부 4층 4000㎡(84.9×47.1m)
단일+저층부,5 미세조정,53,53,178.9,77,36,34,17,43,37580,400.0,8948,46528,4133,43.99,0.065,inf,inf,2,3.591,10.63,53층 366㎡(34.4×10.6m) + 저층부 5층 4000㎡(84.9×47.1m)
단일+저층부,5 미세조정,54,54,182.2,78,44,34,20,44,37580,400.0,9110,46690,4133,43.99,0.153,inf,inf,2,3.635,10.27,54층 359㎡(34.9×10.3m) + 저층부 5층 4000㎡(84.9×47.1m)
단일+저층부,5 미세조정,55,55,185.5,78,44,34,20,44,37580,400.0,9187,46767,4133,43.99,0.153,inf,inf,2,3.634,10.17,55층 352㎡(34.6×10.2m) + 저층부 5층 4000㎡(84.9×47.1m)
단일+저층부,5 미세조정,52,52,175.6,79,42,34,20,45,37580,400.0,9265,46845,4133,43.99,0.114,inf,inf,2,3.632,9.67,52층 374㎡(38.7×9.7m) + 저층부 5층 4000㎡(84.9×47.1m)
단일+저층부,5 미세조정,55,55,185.5,79,43,34,21,45,37580,400.0,9674,47254,4133,43.99,0.108,inf,inf,2,3.632,9.02,55층 352㎡(39.0×9.0m) + 저층부 5층 4000㎡(84.9×47.1m)
단일+저층부,5 미세조정,54,54,182.2,79,45,34,22,45,37580,400.0,9427,47007,4133,43.99,0.129,inf,inf,2,3.608,9.47,54층 359㎡(37.9×9.5m) + 저층부 5층 4000㎡(84.9×47.1m)
단일+저층부,2 저층부,55,55,185.5,79,46,34,22,45,37580,400.0,9640,47220,4129,43.95,0.168,inf,inf,2,3.566,12.81,55층 492㎡(38.4×12.8m) + 저층부 3층 4000㎡(74.8×53.5m)
단일+저층부,5 미세조정,50,50,169.0,80,43,34,21,46,37580,400.0,8797,46377,4133,43.99,0.096,inf,inf,2,3.624,10.72,50층 391㎡(36.4×10.7m) + 저층부 5층 4000㎡(84.9×47.1m)
단일+저층부,5 미세조정,55,55,185.5,80,42,34,22,46,37580,400.0,9852,47432,4133,43.99,0.048,inf,inf,2,3.62,8.68,55층 352㎡(40.5×8.7m) + 저층부 5층 4000㎡(84.9×47.1m)
단일+저층부,5 미세조정,54,54,182.2,80,42,34,22,46,37580,400.0,9593,47173,4133,43.99,0.052,inf,inf,2,3.619,9.11,54층 359㎡(39.4×9.1m) + 저층부 5층 4000㎡(84.9×47.1m)
단일+저층부,2 저층부,47,47,159.1,80,38,34,19,46,37580,400.0,8356,45936,4133,43.99,0.084,inf,inf,2,3.612,11.81,47층 419㎡(35.4×11.8m) + 저층부 5층 4000㎡(84.9×47.1m)
단일+저층부,2 저층부,55,55,185.5,80,40,34,20,46,37580,400.0,9347,46927,4133,43.99,0.071,inf,inf,2,3.605,11.88,55층 423㎡(35.6×11.9m) + 저층부 4층 4000㎡(84.9×47.1m)
단일+저층부,2 저층부,55,55,185.5,82,38,34,20,48,37580,400.0,9507,47087,4133,43.99,0.117,inf,inf,2,3.557,9.38,55층 352㎡(37.5×9.4m) + 저층부 5층 4000㎡(84.9×47.1m)
단일+저층부,5 미세조정,54,54,182.2,83,43,34,20,49,37580,400.0,9322,46902,4133,43.99,0.25,inf,inf,2,3.601,9.72,54층 359㎡(36.9×9.7m) + 저층부 5층 4000㎡(84.9×47.1m)
단일+저층부,5 미세조정,55,55,185.5,84,40,34,20,50,37580,400.0,9187,46767,4133,43.99,0.129,inf,inf,2,3.619,10.17,55층 352㎡(34.6×10.2m) + 저층부 5층 4000㎡(84.9×47.1m)
단일+저층부,5 미세조정,53,53,178.9,64,36,35,17,29,37580,400.0,9033,46613,4133,43.99,0.099,inf,inf,2,3.624,10.38,53층 366㎡(35.3×10.4m) + 저층부 5층 4000㎡(84.9×47.1m)
단일+저층부,5 미세조정,53,53,178.9,71,39,35,18,36,37580,400.0,9346,46926,4133,43.99,0.153,inf,inf,2,3.604,9.57,53층 366㎡(38.3×9.6m) + 저층부 5층 4000㎡(84.9×47.1m)
단일+저층부,2 저층부,55,55,185.5,71,35,35,17,36,37580,400.0,9427,47007,2602,27.7,0.085,inf,inf,2,3.554,11.81,55층 418㎡(35.4×11.8m) + 저층부 7층 2500㎡(59.2×42.3m)
단일+저층부,5 미세조정,53,53,178.9,73,38,35,18,38,37580,400.0,8583,46163,4133,43.99,0.129,inf,inf,2,3.607,11.98,53층 366㎡(30.6×12.0m) + 저층부 5층 4000㎡(84.9×47.1m)
단일+저층부,5 미세조정,53,53,178.9,73,36,35,17,38,37580,400.0,9138,46718,4133,43.99,0.072,inf,inf,2,3.593,10.09,53층 366㎡(36.3×10.1m) + 저층부 5층 4000㎡(84.9×47.1m)
단일+저층부,5 미세조정,52,52,175.6,73,39,35,17,38,37580,400.0,9059,46639,4133,43.99,0.128,inf,inf,2,3.586,10.19,52층 374㎡(36.7×10.2m) + 저층부 5층 4000㎡(84.9×47.1m)
단일+저층부,2 저층부,53,53,178.9,73,39,35,17,38,37580,400.0,9562,47142,4140,44.06,0.104,inf,inf,2,3.556,13.06,53층 512㎡(39.2×13.1m) + 저층부 3층 4000㎡(98.0×40.8m)
단일+저층부,5 미세조정,55,55,185.5,74,38,35,19,39,37580,400.0,8728,46308,4133,43.99,0.106,inf,inf,2,3.614,11.74,55층 352㎡(29.9×11.7m) + 저층부 5층 4000㎡(84.9×47.1m)
단일+저층부,5 미세조정,54,54,182.2,74,39,35,17,39,37580,400.0,8896,46476,4133,43.99,0.137,inf,inf,2,3.596,10.94,54층 359㎡(32.8×10.9m) + 저층부 5층 4000㎡(84.9×47.1m)
단일+저층부,5 미세조정,52,52,175.6,74,39,35,17,39,37580,400.0,9265,46845,4133,43.99,0.141,inf,inf,2,3.59,9.67,52층 374㎡(38.7×9.7m) + 저층부 5층 4000㎡(84.9×47.1m)
단일+저층부,5 미세조정,54,54,182.2,74,39,35,17,39,37580,400.0,9212,46792,4140,44.06,0.128,inf,inf,2,3.589,10.27,54층 359㎡(34.9×10.3m) + 저층부 5층 4000㎡(98.0×40.8m)
단일+저층부,5 미세조정,53,53,178.9,75,39,35,17,40,37580,400.0,8948,46528,4133,43.99,0.134,inf,inf,2,3.595,10.63,53층 366㎡(34.4×10.6m) + 저층부 5층 4000㎡(84.9×47.1m)
단일+저층부,2 저층부,38,38,129.4,77,33,35,19,42,37580,400.0,6889,44469,4133,43.99,0.259,inf,inf,2,3.62,10.15,38층 309㎡(30.4×10.1m) + 저층부 7층 4000㎡(84.9×47.1m)
단일+저층부,5 미세조정,52,52,175.6,78,36,35,17,43,37580,400.0,8871,46451,4133,43.99,0.065,inf,inf,2,3.593,10.74,52층 374㎡(34.8×10.7m) + 저층부 5층 4000㎡(84.9×47.1m)
타워+저층별동,5 저층별동,55,55,185.5,78,37,35,18,43,37580,400.0,12407,49987,1366,14.54,0.032,17.6,0.19,2,3.505,11.31,55층 640㎡(56.6×11.3m) + 저층부 4층 600㎡(42.4×14.1m)
단일+저층부,5 미세조정,54,54,182.2,81,42,35,22,46,37580,400.0,9481,47061,4133,43.99,0.036,inf,inf,2,3.626,9.35,54층 359㎡(38.4×9.3m) + 저층부 5층 4000㎡(84.9×47.1m)
단일+저층부,5 미세조정,55,55,185.5,81,45,35,21,46,37580,400.0,9507,47087,4133,43.99,0.146,inf,inf,2,3.624,9.38,55층 352㎡(37.5×9.4m) + 저층부 5층 4000㎡(84.9×47.1m)
단일+저층부,5 미세조정,52,52,175.6,81,45,35,21,46,37581,400.0,9265,46846,4133,44.0,0.148,inf,inf,2,3.622,9.67,52층 374㎡(38.7×9.7m) + 저층부 5층 4000㎡(84.9×47.1m)
단일+저층부,5 미세조정,52,52,175.6,81,44,35,21,46,37580,400.0,9163,46743,4133,43.99,0.109,inf,inf,2,3.618,9.92,52층 374㎡(37.7×9.9m) + 저층부 5층 4000㎡(84.9×47.1m)
단일+저층부,5 미세조정,52,52,175.6,81,42,35,20,46,37580,400.0,9163,46743,4133,43.99,0.214,inf,inf,2,3.606,9.92,52층 374㎡(37.7×9.9m) + 저층부 5층 4000㎡(84.9×47.1m)
단일+저층부,2 저층부,44,44,149.2,81,40,35,20,46,37580,400.0,8530,46110,4129,43.95,0.201,inf,inf,2,3.582,10.62,44층 451㎡(42.5×10.6m) + 저층부 5층 4000㎡(74.8×53.5m)
단일+저층부,2 저층부,50,50,169.0,81,36,35,16,46,37580,400.0,8592,46172,4133,43.99,0.133,inf,inf,2,3.558,11.41,50층 391㎡(34.2×11.4m) + 저층부 5층 4000㎡(84.9×47.1m)
타워+저층별동,5 저층별동,53,53,178.9,81,30,35,18,46,37580,400.0,12338,49918,1351,14.38,0.036,21.2,0.24,2,3.489,11.22,53층 630㎡(56.1×11.2m) + 저층부 7층 600㎡(34.6×17.3m)
타워+저층별동,5 저층별동,53,53,178.9,81,30,35,18,46,37580,400.0,12338,49918,1351,14.38,0.036,37.1,0.41,2,3.477,11.22,53층 630㎡(56.1×11.2m) + 저층부 7층 600㎡(34.6×17.3m)
단일+저층부,2 저층부,53,53,178.9,82,43,35,22,47,37580,400.0,8821,46401,4133,43.99,0.075,inf,inf,2,3.647,11.05,53층 366㎡(33.1×11.0m) + 저층부 5층 4000㎡(84.9×47.1m)
단일+저층부,5 미세조정,51,51,172.3,82,41,35,20,47,37580,400.0,9016,46596,4133,43.99,0.155,inf,inf,2,3.613,10.2,51층 382㎡(37.5×10.2m) + 저층부 5층 4000㎡(84.9×47.1m)
단일+저층부,5 미세조정,52,52,175.6,82,41,35,20,47,37580,400.0,9428,47008,4133,43.99,0.167,inf,inf,2,3.605,9.31,52층 374㎡(40.2×9.3m) + 저층부 5층 4000㎡(84.9×47.1m)
단일+저층부,2 저층부,53,53,178.9,82,46,35,22,47,37580,400.0,9467,47047,4129,43.95,0.176,inf,inf,2,3.56,13.06,53층 512㎡(39.2×13.1m) + 저층부 3층 4000㎡(74.8×53.5m)
단일+저층부,2 저층부,53,53,178.9,83,43,35,22,48,37580,400.0,9852,47432,4133,43.99,0.036,inf,inf,2,3.632,8.56,53층 366㎡(42.8×8.6m) + 저층부 5층 4000㎡(84.9×47.1m)
단일+저층부,5 미세조정,53,53,178.9,83,43,35,21,48,37580,400.0,9511,47091,4133,43.99,0.077,inf,inf,2,3.625,9.21,53층 366㎡(39.8×9.2m) + 저층부 5층 4000㎡(84.9×47.1m)
단일+저층부,5 미세조정,54,54,182.2,83,44,35,21,48,37580,400.0,9837,47417,4133,43.99,0.089,inf,inf,2,3.616,8.65,54층 359㎡(41.5×8.6m) + 저층부 5층 4000㎡(84.9×47.1m)
단일+저층부,2 저층부,55,55,185.5,85,43,35,22,50,37580,400.0,9947,47527,4133,43.99,0.037,inf,inf,2,3.62,10.29,55층 423㎡(41.1×10.3m) + 저층부 4층 4000㎡(84.9×47.1m)
단일+저층부,2 저층부,55,55,185.5,64,36,36,17,28,37580,400.0,9347,46927,4133,43.99,0.05,inf,inf,2,3.613,11.88,55층 423㎡(35.6×11.9m) + 저층부 4층 4000㎡(84.9×47.1m)
단일+저층부,2 저층부,50,50,169.0,67,33,36,14,31,37580,400.0,9045,46625,4129,43.95,0.055,inf,inf,2,3.582,9.88,50층 391㎡(39.5×9.9m) + 저층부 5층 4000㎡(74.8×53.5m)
타워+저층별동,5 저층별동,55,55,185.5,67,37,36,17,31,37580,400.0,11419,48999,2190,23.31,0.032,8.3,0.09,2,3.555,11.69,55층 547㎡(46.8×11.7m) + 저층부 5층 1500㎡(54.8×27.4m)
단일+저층부,5 미세조정,52,52,175.6,69,36,36,17,33,37580,400.0,9265,46845,4133,43.99,0.157,inf,inf,2,3.6,9.67,52층 374㎡(38.7×9.7m) + 저층부 5층 4000㎡(84.9×47.1m)
단일+저층부,2 저층부,38,38,129.4,71,36,36,21,35,37580,400.0,6889,44469,4133,43.99,0.145,inf,inf,2,3.656,10.15,38층 309㎡(30.4×10.1m) + 저층부 7층 4000㎡(84.9×47.1m)
단일+저층부,2 저층부,55,55,185.5,72,41,36,17,36,37580,400.0,9347,46927,4133,43.99,0.129,inf,inf,2,3.584,11.88,55층 423㎡(35.6×11.9m) + 저층부 4층 4000㎡(84.9×47.1m)
단일+저층부,5 미세조정,54,54,182.2,73,37,36,18,37,37580,400.0,9322,46902,4133,43.99,0.128,inf,inf,2,3.613,9.72,54층 359㎡(36.9×9.7m) + 저층부 5층 4000㎡(84.9×47.1m)
단일+저층부,5 미세조정,53,53,178.9,73,39,36,17,37,37580,400.0,9135,46715,4140,44.06,0.167,inf,inf,2,3.596,10.38,53층 366㎡(35.3×10.4m) + 저층부 5층 4000㎡(98.0×40.8m)
단일+저층부,2 저층부,41,41,139.3,73,21,36,8,37,37580,400.0,7017,44597,4129,43.95,0.123,inf,inf,2,3.587,9.69,41층 282㎡(29.1×9.7m) + 저층부 7층 4000㎡(74.8×53.5m)
단일+저층부,2 저층부,41,41,139.3,74,28,36,18,38,37580,400.0,7017,44597,4129,43.95,0.125,inf,inf,2,3.635,9.69,41층 282㎡(29.1×9.7m) + 저층부 7층 4000㎡(74.8×53.5m)
단일+저층부,5 미세조정,52,52,175.6,74,36,36,17,38,37580,400.0,8746,46326,4133,43.99,0.079,inf,inf,2,3.597,11.17,52층 374㎡(33.5×11.2m) + 저층부 5층 4000㎡(84.9×47.1m)
타워+저층별동,5 저층별동,55,55,185.5,74,35,36,14,38,37580,400.0,11908,49488,1327,14.13,0.097,5.9,0.06,2,3.527,12.32,55층 607㎡(49.3×12.3m) + 저층부 7층 600㎡(42.4×14.1m)
단일+저층부,2 저층부,50,50,169.0,75,36,36,19,39,37580,400.0,9045,46625,4129,43.95,0.13,inf,inf,2,3.589,9.88,50층 391㎡(39.5×9.9m) + 저층부 5층 4000㎡(74.8×53.5m)
타워+저층별동,5 저층별동,53,53,178.9,75,31,36,14,39,37580,400.0,11772,49352,2758,29.36,0.096,5.4,0.06,2,3.51,10.92,53층 596㎡(54.6×10.9m) + 저층부 3층 2000㎡(63.2×31.6m)
단일+저층부,2 저층부,41,41,139.3,76,34,36,18,40,37580,400.0,7238,44818,4140,44.06,0.21,inf,inf,2,3.638,9.69,41층 282㎡(29.1×9.7m) + 저층부 7층 4000㎡(98.0×40.8m)
단일+저층부,5 미세조정,53,53,178.9,77,38,36,19,41,37580,400.0,8583,46163,4133,43.99,0.097,inf,inf,2,3.608,11.98,53층 366㎡(30.6×12.0m) + 저층부 5층 4000㎡(84.9×47.1m)
단일+저층부,2 저층부,38,38,129.4,79,27,36,15,43,37580,400.0,6812,44392,4129,43.95,0.299,inf,inf,2,3.589,10.15,38층 309㎡(30.4×10.1m) + 저층부 7층 4000㎡(74.8×53.5m)
단일+저층부,5 미세조정,52,52,175.6,80,43,36,20,44,37580,400.0,9265,46845,4133,43.99,0.139,inf,inf,2,3.624,9.67,52층 374㎡(38.7×9.7m) + 저층부 5층 4000㎡(84.9×47.1m)
단일+저층부,5 미세조정,52,52,175.6,80,43,36,20,44,37580,400.0,9318,46898,4133,43.99,0.137,inf,inf,2,3.623,9.55,52층 374㎡(39.2×9.5m) + 저층부 5층 4000㎡(84.9×47.1m)
단일+저층부,5 미세조정,52,52,175.6,80,37,36,17,44,37580,400.0,9163,46743,4133,43.99,0.09,inf,inf,2,3.6,9.92,52층 374㎡(37.7×9.9m) + 저층부 5층 4000㎡(84.9×47.1m)
단일+저층부,5 미세조정,53,53,178.9,80,37,36,17,44,37580,400.0,9346,46926,4133,43.99,0.087,inf,inf,2,3.596,9.57,53층 366㎡(38.3×9.6m) + 저층부 5층 4000㎡(84.9×47.1m)
단일+저층부,2 저층부,47,47,159.1,81,40,36,20,45,37580,400.0,9264,46844,4129,43.95,0.175,inf,inf,2,3.578,9.15,47층 419㎡(45.7×9.1m) + 저층부 5층 4000㎡(74.8×53.5m)
단일+저층부,2 저층부,41,41,139.3,82,37,36,20,46,37580,400.0,7095,44675,4133,43.99,0.183,inf,inf,2,3.649,9.69,41층 282㎡(29.1×9.7m) + 저층부 7층 4000㎡(84.9×47.1m)
단일+저층부,5 미세조정,53,53,178.9,82,44,36,22,46,37580,400.0,9752,47332,4133,43.99,0.076,inf,inf,2,3.6,8.74,53층 366㎡(41.9×8.7m) + 저층부 5층 4000㎡(84.9×47.1m)
단일+저층부,2 저층부,53,53,178.9,82,38,36,18,46,37580,400.0,9729,47309,4129,43.95,0.162,inf,inf,2,3.557,10.49,53층 440㎡(42.0×10.5m) + 저층부 4층 4000㎡(74.8×53.5m)
단일+저층부,5 미세조정,54,54,182.2,83,43,36,21,47,37580,400.0,9427,47007,4133,43.99,0.088,inf,inf,2,3.632,9.47,54층 359㎡(37.9×9.5m) + 저층부 5층 4000㎡(84.9×47.1m)
단일+저층부,5 미세조정,54,54,182.2,83,43,36,20,47,37580,400.0,9110,46690,4133,43.99,0.177,inf,inf,2,3.628,10.27,54층 359㎡(34.9×10.3m) + 저층부 5층 4000㎡(84.9×47.1m)
단일+저층부,5 미세조정,55,55,185.5,83,42,36,20,47,37580,400.0,9561,47141,4133,43.99,0.129,inf,inf,2,3.628,9.26,55층 352㎡(38.0×9.3m) + 저층부 5층 4000㎡(84.9×47.1m)
단일+저층부,5 미세조정,52,52,175.6,83,42,36,20,47,37580,400.0,9667,47247,4133,43.99,0.107,inf,inf,2,3.618,8.83,52층 374㎡(42.4×8.8m) + 저층부 5층 4000㎡(84.9×47.1m)
단일+저층부,5 미세조정,53,53,178.9,84,43,36,21,48,37580,400.0,9511,47091,4133,43.99,0.081,inf,inf,2,3.625,9.21,53층 366㎡(39.8×9.2m) + 저층부 5층 4000㎡(84.9×47.1m)
타워+저층별동,5 저층별동,55,55,185.5,84,40,36,22,48,37580,400.0,11469,49049,1760,18.74,0.043,12.8,0.14,2,3.516,12.54,55층 629㎡(50.1×12.5m) + 저층부 3층 1000㎡(44.7×22.4m)
단일+저층부,5 미세조정,52,52,175.6,86,40,36,20,50,37580,400.0,8955,46535,4133,43.99,0.168,inf,inf,2,3.606,10.49,52층 374㎡(35.7×10.5m) + 저층부 5층 4000㎡(84.9×47.1m)
단일+저층부,5 미세조정,54,54,182.2,86,40,36,20,50,37580,400.0,9322,46902,4133,43.99,0.151,inf,inf,2,3.606,9.72,54층 359㎡(36.9×9.7m) + 저층부 5층 4000㎡(84.9×47.1m)
단일+저층부,2 저층부,53,53,178.9,71,35,37,14,34,37580,400.0,8766,46346,4129,43.95,0.055,inf,inf,2,3.576,11.05,53층 366㎡(33.1×11.0m) + 저층부 5층 4000㎡(74.8×53.5m)
단일+저층부,2 저층부,38,38,129.4,73,33,37,17,36,37580,400.0,7344,44924,4140,44.06,0.23,inf,inf,2,3.638,8.79,38층 309㎡(35.2×8.8m) + 저층부 7층 4000㎡(98.0×40.8m)
단일+저층부,2 저층부,55,55,185.5,73,33,37,14,36,37580,400.0,9609,47189,4140,44.06,0.093,inf,inf,2,3.553,9.38,55층 352㎡(37.5×9.4m) + 저층부 5층 4000㎡(98.0×40.8m)
단일+저층부,2 저층부,53,53,178.9,73,35,37,17,36,37580,400.0,9265,46845,2602,27.7,0.086,inf,inf,2,3.551,12.06,53층 437㎡(36.2×12.1m) + 저층부 7층 2500㎡(59.2×42.3m)
단일+저층부,2 저층부,55,55,185.5,73,37,37,17,36,37580,400.0,9939,47519,4129,43.95,0.068,inf,inf,2,3.538,13.64,55층 558㎡(40.9×13.6m) + 저층부 2층 4000㎡(74.8×53.5m)
단일+저층부,2 저층부,55,55,185.5,74,35,37,16,37,37580,400.0,10479,48059,4129,43.95,0.116,inf,inf,2,3.557,9.2,55층 423㎡(46.0×9.2m) + 저층부 4층 4000㎡(74.8×53.5m)
단일,1b 층수·세장비,55,55,185.5,74,34,37,14,37,37580,400.0,11278,48858,750,7.98,0.065,,,1,3.502,13.07,55층 683㎡(52.3×13.1m)
단일+저층부,2 저층부,41,41,139.3,75,38,37,17,38,37580,400.0,7861,45441,4133,43.99,0.176,inf,inf,2,3.593,12.76,41층 488㎡(38.3×12.8m) + 저층부 5층 4000㎡(84.9×47.1m)
타워+저층별동,5 저층별동,50,50,169.0,75,33,37,17,38,37580,400.0,10745,48325,2749,29.26,0.065,4.8,0.06,2,3.532,12.16,50층 592㎡(48.6×12.2m) + 저층부 4층 2000㎡(63.2×31.6m)
타워+저층별동,5 저층별동,55,55,185.5,75,33,37,17,38,37580,400.0,11529,49109,1741,18.54,0.057,22.9,0.25,2,3.516,12.35,55층 611㎡(49.4×12.4m) + 저층부 4층 1000㎡(44.7×22.4m)
타워+저층별동,5 저층별동,55,55,185.5,75,37,37,17,38,37580,400.0,11037,48617,1318,14.03,0.056,21.4,0.23,2,3.514,14.22,55층 607㎡(42.7×14.2m) + 저층부 7층 600㎡(34.6×17.3m)
단일,1b 층수·세장비,53,53,178.9,75,34,37,14,38,37580,400.0,11838,49418,782,8.32,0.058,,,1,3.486,11.91,53층 709㎡(59.5×11.9m)
타워+저층별동,5 저층별동,53,53,178.9,75,36,37,17,38,37580,400.0,12435,50015,1356,14.43,0.037,10.2,0.11,2,3.485,11.22,53층 630㎡(56.1×11.2m) + 저층부 7층 600㎡(42.4×14.1m)
타워+저층별동,5 저층별동,53,53,178.9,75,36,37,17,38,37580,400.0,12372,49952,1387,14.76,0.034,14.6,0.16,2,3.481,11.42,53층 652㎡(57.1×11.4m) + 저층부 5층 600㎡(52.0×11.5m)
타워+저층별동,5 저층별동,55,55,185.5,76,34,37,14,39,37580,400.0,12227,49807,1765,18.79,0.089,4.9,0.05,2,3.512,11.21,55층 629㎡(56.1×11.2m) + 저층부 3층 1000㎡(44.7×22.4m)
타워+저층별동,5 저층별동,55,55,185.5,76,35,37,17,39,37580,400.0,11037,48617,1318,14.03,0.036,18.3,0.2,2,3.509,14.22,55층 607㎡(42.7×14.2m) + 저층부 7층 600㎡(34.6×17.3m)
타워+저층별동,5 저층별동,55,55,185.5,76,34,37,14,39,37580,400.0,12352,49932,1361,14.49,0.088,23.2,0.25,2,3.506,11.31,55층 640㎡(56.6×11.3m) + 저층부 4층 600㎡(34.6×17.3m)
타워+저층별동,5 저층별동,55,55,185.5,76,32,37,14,39,37580,400.0,11809,49389,1737,18.49,0.098,7.3,0.08,2,3.503,12.17,55층 592㎡(48.7×12.2m) + 저층부 5층 1000㎡(67.1×14.9m)
단일+저층부,5 미세조정,52,52,175.6,77,39,37,17,40,37580,400.0,9530,47110,4140,44.06,0.139,inf,inf,2,3.59,9.31,52층 374㎡(40.2×9.3m) + 저층부 5층 4000㎡(98.0×40.8m)
단일+저층부,5 미세조정,52,52,175.6,77,36,37,17,40,37580,400.0,8667,46247,4133,43.99,0.06,inf,inf,2,3.584,11.46,52층 374㎡(32.6×11.5m) + 저층부 5층 4000㎡(84.9×47.1m)
타워+저층별동,5 저층별동,55,55,185.5,77,33,37,17,40,37580,400.0,11133,48713,1322,14.08,0.036,16.2,0.17,2,3.499,14.22,55층 607㎡(42.7×14.2m) + 저층부 7층 600㎡(42.4×14.1m)
단일+저층부,2 저층부,38,38,129.4,78,27,37,14,41,37580,400.0,7201,44781,4133,43.99,0.175,inf,inf,2,3.584,8.79,38층 309㎡(35.2×8.8m) + 저층부 7층 4000㎡(84.9×47.1m)
타워+저층별동,5 저층별동,53,53,178.9,78,32,37,12,41,37580,400.0,11985,49565,1411,15.02,0.084,20.9,0.23,2,3.495,11.72,53층 686㎡(58.6×11.7m) + 저층부 2층 600㎡(34.6×17.3m)
타워+저층별동,5 저층별동,50,50,169.0,78,32,37,12,41,37580,400.0,11928,49508,1421,15.12,0.088,19.4,0.23,2,3.493,11.76,50층 692㎡(58.8×11.8m) + 저층부 5층 600㎡(42.4×14.1m)
타워+저층별동,5 저층별동,50,50,169.0,79,26,37,12,42,37580,400.0,12101,49681,1395,14.85,0.094,19.5,0.23,2,3.477,11.56,50층 668㎡(57.8×11.6m) + 저층부 7층 600㎡(42.4×14.1m)
단일+저층부,2 저층부,44,44,149.2,80,39,37,18,43,37580,400.0,8113,45693,4133,43.99,0.166,inf,inf,2,3.594,12.26,44층 451㎡(36.8×12.3m) + 저층부 5층 4000㎡(84.9×47.1m)
타워+저층별동,5 저층별동,53,53,178.9,80,38,37,18,43,37580,400.0,11384,48964,1746,18.58,0.063,9.1,0.1,2,3.537,12.4,53층 615㎡(49.6×12.4m) + 저층부 5층 1000㎡(44.7×22.4m)
단일+저층부,5 미세조정,52,52,175.6,81,44,37,20,44,37580,400.0,9097,46677,4133,43.99,0.173,inf,inf,2,3.622,10.09,52층 374㎡(37.1×10.1m) + 저층부 5층 4000㎡(84.9×47.1m)
단일+저층부,5 미세조정,51,51,172.3,83,44,37,21,46,37580,400.0,9082,46662,4133,43.99,0.113,inf,inf,2,3.626,10.03,51층 382㎡(38.1×10.0m) + 저층부 5층 4000㎡(84.9×47.1m)
단일+저층부,5 미세조정,55,55,185.5,84,43,37,21,47,37580,400.0,9187,46767,4133,43.99,0.099,inf,inf,2,3.637,10.17,55층 352㎡(34.6×10.2m) + 저층부 5층 4000㎡(84.9×47.1m)
단일+저층부,5 미세조정,53,53,178.9,84,43,37,21,47,37580,400.0,9033,46613,4133,43.99,0.099,inf,inf,2,3.635,10.38,53층 366㎡(35.3×10.4m) + 저층부 5층 4000㎡(84.9×47.1m)
단일+저층부,5 미세조정,51,51,172.3,84,44,37,21,47,37580,400.0,9016,46596,4133,43.99,0.115,inf,inf,2,3.625,10.2,51층 382㎡(37.5×10.2m) + 저층부 5층 4000㎡(84.9×47.1m)
단일+저층부,2 저층부,41,41,139.3,85,30,37,17,48,37580,400.0,7017,44597,4129,43.95,0.166,inf,inf,2,3.616,9.69,41층 282㎡(29.1×9.7m) + 저층부 7층 4000㎡(74.8×53.5m)
단일+저층부,2 저층부,50,50,169.0,85,41,37,20,48,37580,400.0,8536,46116,4129,43.95,0.184,inf,inf,2,3.584,11.41,50층 391㎡(34.2×11.4m) + 저층부 5층 4000㎡(74.8×53.5m)
단일+저층부,2 저층부,55,55,185.5,85,46,37,22,48,37580,400.0,9939,47519,4129,43.95,0.155,inf,inf,2,3.542,13.64,55층 558㎡(40.9×13.6m) + 저층부 2층 4000㎡(74.8×53.5m)
단일+저층부,5 미세조정,53,53,178.9,87,40,37,20,50,37580,400.0,9243,46823,4133,43.99,0.105,inf,inf,2,3.61,9.82,53층 366㎡(37.3×9.8m) + 저층부 5층 4000㎡(84.9×47.1m)
단일+저층부,5 미세조정,52,52,175.6,87,40,37,20,50,37580,400.0,8955,46535,4133,43.99,0.123,inf,inf,2,3.61,10.49,52층 374㎡(35.7×10.5m) + 저층부 5층 4000㎡(84.9×47.1m)
단일+저층부,2 저층부,47,47,159.1,69,34,38,14,31,37580,400.0,8301,45881,4129,43.95,0.06,inf,inf,2,3.587,11.81,47층 419㎡(35.4×11.8m) + 저층부 5층 4000㎡(74.8×53.5m)
단일+저층부,5 미세조정,53,53,178.9,73,37,38,15,35,37580,400.0,9135,46715,4140,44.06,0.157,inf,inf,2,3.592,10.38,53층 366㎡(35.3×10.4m) + 저층부 5층 4000㎡(98.0×40.8m)
단일+저층부,2 저층부,53,53,178.9,73,34,38,14,35,37580,400.0,9291,46871,4129,43.95,0.137,inf,inf,2,3.581,9.57,53층 366㎡(38.3×9.6m) + 저층부 5층 4000㎡(74.8×53.5m)
단일+저층부,2 저층부,38,38,129.4,73,26,38,12,35,37580,400.0,7123,44703,4129,43.95,0.201,inf,inf,2,3.578,8.79,38층 309㎡(35.2×8.8m) + 저층부 7층 4000㎡(74.8×53.5m)
타워+저층별동,5 저층별동,55,55,185.5,73,35,38,11,35,37580,400.0,11811,49391,1322,14.08,0.055,11.2,0.12,2,3.513,12.32,55층 607㎡(49.3×12.3m) + 저층부 7층 600㎡(34.6×17.3m)
타워+저층별동,5 저층별동,55,55,185.5,73,35,38,11,35,37580,400.0,11707,49287,1756,18.69,0.055,8.3,0.09,2,3.509,12.35,55층 611㎡(49.4×12.4m) + 저층부 4층 1000㎡(67.1×14.9m)
단일+저층부,2 저층부,55,55,185.5,74,33,38,12,36,37580,400.0,9303,46883,4129,43.95,0.091,inf,inf,2,3.572,11.88,55층 423㎡(35.6×11.9m) + 저층부 4층 4000㎡(74.8×53.5m)
단일+저층부,2 저층부,53,53,178.9,74,33,38,14,36,37580,400.0,9449,47029,4140,44.06,0.093,inf,inf,2,3.552,9.57,53층 366㎡(38.3×9.6m) + 저층부 5층 4000㎡(98.0×40.8m)
타워+저층별동,5 저층별동,53,53,178.9,74,36,38,17,36,37580,400.0,11902,49482,2275,24.22,0.052,11.1,0.12,2,3.525,11.17,53층 624㎡(55.9×11.2m) + 저층부 3층 1500㎡(54.8×27.4m)
타워+저층별동,5 저층별동,55,55,185.5,74,39,38,17,36,37580,400.0,10820,48400,1718,18.28,0.024,6.8,0.07,2,3.513,14.05,55층 592㎡(42.2×14.1m) + 저층부 5층 1000㎡(44.7×22.4m)
단일+저층부,5 미세조정,55,55,185.5,75,38,38,17,37,37580,400.0,9294,46874,4133,43.99,0.098,inf,inf,2,3.578,9.88,55층 352㎡(35.6×9.9m) + 저층부 5층 4000㎡(84.9×47.1m)
타워+저층별동,5 저층별동,50,50,169.0,75,36,38,17,37,37580,400.0,11074,48654,1784,18.99,0.059,7.9,0.09,2,3.528,12.76,50층 652㎡(51.1×12.8m) + 저층부 5층 1000㎡(44.7×22.4m)
타워+저층별동,5 저층별동,47,47,159.1,75,36,38,17,37,37580,400.0,11545,49125,1788,19.03,0.052,9.6,0.12,2,3.518,11.41,47층 651㎡(57.0×11.4m) + 저층부 7층 1000㎡(44.7×22.4m)
타워+저층별동,5 저층별동,55,55,185.5,75,36,38,17,37,37580,400.0,12176,49756,1784,18.99,0.045,25.5,0.28,2,3.514,11.37,55층 647㎡(56.9×11.4m) + 저층부 2층 1000㎡(44.7×22.4m)
타워+저층별동,5 저층별동,53,53,178.9,75,35,38,17,37,37580,400.0,12106,49686,1750,18.63,0.053,24.6,0.28,2,3.511,11.09,53층 615㎡(55.4×11.1m) + 저층부 5층 1000㎡(44.7×22.4m)
타워+저층별동,5 저층별동,55,55,185.5,75,36,38,17,37,37580,400.0,12282,49862,1373,14.61,0.044,16.7,0.18,2,3.51,11.41,55층 651㎡(57.0×11.4m) + 저층부 3층 600㎡(34.6×17.3m)
타워+저층별동,5 저층별동,55,55,185.5,75,36,38,17,37,37580,400.0,12444,50024,1391,14.81,0.044,14.1,0.15,2,3.51,11.41,55층 651㎡(57.0×11.4m) + 저층부 3층 600㎡(60.0×10.0m)
타워+저층별동,5 저층별동,55,55,185.5,75,36,38,17,37,37580,400.0,12282,49862,1373,14.61,0.044,30.1,0.32,2,3.509,11.41,55층 651㎡(57.0×11.4m) + 저층부 3층 600㎡(34.6×17.3m)
타워+저층별동,5 저층별동,55,55,185.5,75,36,38,17,37,37580,400.0,12239,49819,1389,14.78,0.042,18.5,0.2,2,3.505,11.5,55층 661㎡(57.5×11.5m) + 저층부 2층 600㎡(42.4×14.1m)
타워+저층별동,5 저층별동,50,50,169.0,75,36,38,17,37,37580,400.0,11841,49421,1433,15.26,0.036,11.4,0.14,2,3.504,11.86,50층 704㎡(59.3×11.9m) + 저층부 4층 600㎡(42.4×14.1m)
타워+저층별동,5 저층별동,53,53,178.9,75,33,38,17,37,37580,400.0,12057,49637,1770,18.84,0.05,23.5,0.26,2,3.504,11.26,53층 634㎡(56.3×11.3m) + 저층부 4층 1000㎡(44.7×22.4m)
단일+저층부,2 저층부,38,38,129.4,76,39,38,19,38,37580,400.0,7599,45179,4133,43.99,0.067,inf,inf,2,3.615,13.33,38층 533㎡(40.0×13.3m) + 저층부 5층 4000㎡(84.9×47.1m)
단일+저층부,5 미세조정,54,54,182.2,76,36,38,17,38,37580,400.0,8656,46236,4133,43.99,0.066,inf,inf,2,3.588,11.86,54층 359㎡(30.2×11.9m) + 저층부 5층 4000㎡(84.9×47.1m)
단일+저층부,5 미세조정,55,55,185.5,76,36,38,17,38,37580,400.0,8889,46469,4133,43.99,0.078,inf,inf,2,3.586,11.11,55층 352㎡(31.7×11.1m) + 저층부 5층 4000㎡(84.9×47.1m)
단일+저층부,2 저층부,53,53,178.9,76,39,38,16,38,37580,400.0,9467,47047,4129,43.95,0.121,inf,inf,2,3.561,13.06,53층 512㎡(39.2×13.1m) + 저층부 3층 4000㎡(74.8×53.5m)
타워+저층별동,5 저층별동,53,53,178.9,76,32,38,12,38,37580,400.0,11300,48880,1394,14.84,0.094,22.4,0.25,2,3.512,12.99,53층 675㎡(52.0×13.0m) + 저층부 3층 600㎡(34.6×17.3m)
타워+저층별동,5 저층별동,53,53,178.9,76,32,38,12,38,37580,400.0,11341,48921,1399,14.89,0.094,18.8,0.21,2,3.511,12.99,53층 675㎡(52.0×13.0m) + 저층부 3층 600㎡(42.4×14.1m)
타워+저층별동,5 저층별동,55,55,185.5,76,32,38,12,38,37580,400.0,11542,49122,1398,14.88,0.092,12.3,0.13,2,3.51,12.86,55층 661㎡(51.4×12.9m) + 저층부 2층 600㎡(60.0×10.0m)
타워+저층별동,5 저층별동,50,50,169.0,76,33,38,17,38,37580,400.0,11722,49302,1810,19.27,0.044,23.3,0.28,2,3.497,11.59,50층 672㎡(57.9×11.6m) + 저층부 4층 1000㎡(44.7×22.4m)
타워+저층별동,5 저층별동,55,55,185.5,77,31,38,17,39,37580,400.0,11077,48657,1685,17.94,0.044,10.4,0.11,2,3.503,13.61,55층 556㎡(40.8×13.6m) + 저층부 7층 1000㎡(54.8×18.3m)
타워+저층별동,5 저층별동,53,53,178.9,77,30,38,12,39,37580,400.0,11378,48958,1382,14.71,0.095,28.3,0.32,2,3.497,12.88,53층 664㎡(51.5×12.9m) + 저층부 4층 600㎡(34.6×17.3m)
타워+저층별동,5 저층별동,53,53,178.9,77,29,38,12,39,37580,400.0,11455,49035,1370,14.59,0.096,20.4,0.23,2,3.497,12.77,53층 652㎡(51.1×12.8m) + 저층부 5층 600㎡(34.6×17.3m)
단일+저층부,2 저층부,38,38,129.4,78,26,38,11,40,37580,400.0,6812,44392,4129,43.95,0.177,inf,inf,2,3.579,10.15,38층 309㎡(30.4×10.1m) + 저층부 7층 4000㎡(74.8×53.5m)
단일+저층부,5 미세조정,54,54,182.2,78,39,38,17,40,37580,400.0,9025,46605,4133,43.99,0.11,inf,inf,2,3.578,10.52,54층 359㎡(34.1×10.5m) + 저층부 5층 4000㎡(84.9×47.1m)
단일+저층부,2 저층부,55,55,185.5,78,39,38,16,40,37580,400.0,9939,47519,4129,43.95,0.117,inf,inf,2,3.553,13.64,55층 558㎡(40.9×13.6m) + 저층부 2층 4000㎡(74.8×53.5m)
단일,1b 층수·세장비,55,55,185.5,78,38,38,17,40,37580,400.0,12068,49648,754,8.03,0.045,,,1,3.468,11.69,55층 683㎡(58.4×11.7m)
단일+저층부,5 미세조정,54,54,182.2,79,39,38,17,41,37580,400.0,8656,46236,4133,43.99,0.126,inf,inf,2,3.594,11.86,54층 359㎡(30.2×11.9m) + 저층부 5층 4000㎡(84.9×47.1m)
단일+저층부,5 미세조정,55,55,185.5,79,38,38,17,41,37580,400.0,9100,46680,4133,43.99,0.095,inf,inf,2,3.575,10.42,55층 352㎡(33.8×10.4m) + 저층부 5층 4000㎡(84.9×47.1m)
타워+저층별동,5 저층별동,53,53,178.9,79,36,38,17,41,37580,400.0,10750,48330,1370,14.58,0.03,8.0,0.09,2,3.513,14.75,53층 652㎡(44.2×14.7m) + 저층부 5층 600㎡(42.4×14.1m)
타워+저층별동,5 저층별동,44,44,149.2,79,31,38,11,41,37580,400.0,11323,48903,1527,16.25,0.075,6.6,0.09,2,3.487,12.54,44층 786㎡(62.7×12.5m) + 저층부 5층 600㎡(52.0×11.5m)
타워+저층별동,5 저층별동,47,47,159.1,80,32,38,12,42,37580,400.0,11683,49263,1474,15.69,0.082,4.6,0.06,2,3.5,12.13,47층 736㎡(60.7×12.1m) + 저층부 5층 600㎡(52.0×11.5m)
타워+저층별동,5 저층별동,47,47,159.1,80,31,38,11,42,37580,400.0,11289,48869,1906,20.29,0.077,4.9,0.06,2,3.495,12.3,47층 757㎡(61.5×12.3m) + 저층부 2층 1000㎡(54.8×18.3m)
타워+저층별동,5 저층별동,47,47,159.1,80,31,38,11,42,37580,400.0,11357,48937,1489,15.85,0.076,12.9,0.16,2,3.495,12.34,47층 761㎡(61.7×12.3m) + 저층부 3층 600㎡(34.6×17.3m)
타워+저층별동,5 저층별동,44,44,149.2,80,27,38,11,42,37580,400.0,11022,48602,1906,20.29,0.081,22.9,0.31,2,3.48,12.35,44층 763㎡(61.8×12.4m) + 저층부 4층 1000㎡(44.7×22.4m)
단일+저층부,2 저층부,41,41,139.3,81,41,38,22,43,37580,400.0,7095,44675,4133,43.99,0.109,inf,inf,2,3.688,9.69,41층 282㎡(29.1×9.7m) + 저층부 7층 4000㎡(84.9×47.1m)
단일+저층부,5 미세조정,55,55,185.5,82,39,38,19,44,37580,400.0,9187,46767,4133,43.99,0.078,inf,inf,2,3.595,10.17,55층 352㎡(34.6×10.2m) + 저층부 5층 4000㎡(84.9×47.1m)
타워+저층별동,5 저층별동,53,53,178.9,82,22,38,14,44,37580,400.0,11704,49284,1351,14.38,0.098,25.9,0.29,2,3.463,12.55,53층 630㎡(50.2×12.5m) + 저층부 7층 600㎡(42.4×14.1m)
타워+저층별동,5 저층별동,53,53,178.9,82,26,38,17,44,37580,400.0,10943,48523,1346,14.33,0.056,32.1,0.36,2,3.456,14.49,53층 630㎡(43.5×14.5m) + 저층부 7층 600㎡(42.4×14.1m)
단일+저층부,5 미세조정,52,52,175.6,83,44,38,20,45,37580,400.0,8955,46535,4133,43.99,0.18,inf,inf,2,3.621,10.49,52층 374㎡(35.7×10.5m) + 저층부 5층 4000㎡(84.9×47.1m)
단일+저층부,2 저층부,41,41,139.3,83,42,38,21,45,37580,400.0,7861,45441,4133,43.99,0.148,inf,inf,2,3.611,12.76,41층 488㎡(38.3×12.8m) + 저층부 5층 4000㎡(84.9×47.1m)
단일+저층부,2 저층부,41,41,139.3,83,38,38,17,45,37580,400.0,7805,45385,4129,43.95,0.232,inf,inf,2,3.575,12.76,41층 488㎡(38.3×12.8m) + 저층부 5층 4000㎡(74.8×53.5m)
쌍둥이,3 쌍둥이,55+50,55,185.5,83,34,38,14,45,37580,400.0,13798,51378,801,8.53,0.045,6.5,1.64,2,3.431,12.46,55층 342㎡(27.4×12.5m) + 50층 376㎡(28.8×13.1m)
단일+저층부,5 미세조정,51,51,172.3,84,46,38,22,46,37580,400.0,9082,46662,4133,43.99,0.141,inf,inf,2,3.609,10.03,51층 382㎡(38.1×10.0m) + 저층부 5층 4000㎡(84.9×47.1m)
단일+저층부,5 미세조정,53,53,178.9,84,47,38,22,46,37580,400.0,9243,46823,4133,43.99,0.139,inf,inf,2,3.609,9.82,53층 366㎡(37.3×9.8m) + 저층부 5층 4000㎡(84.9×47.1m)
단일+저층부,2 저층부,50,50,169.0,84,42,38,19,46,37580,400.0,8592,46172,4133,43.99,0.145,inf,inf,2,3.593,11.41,50층 391㎡(34.2×11.4m) + 저층부 5층 4000㎡(84.9×47.1m)
단일+저층부,2 저층부,50,50,169.0,84,44,38,21,46,37580,400.0,9018,46598,4140,44.06,0.133,inf,inf,2,3.581,12.51,50층 469㎡(37.5×12.5m) + 저층부 4층 4000㎡(98.0×40.8m)
단일+저층부,5 미세조정,55,55,185.5,85,43,38,22,47,37580,400.0,9187,46767,4133,43.99,0.061,inf,inf,2,3.622,10.17,55층 352㎡(34.6×10.2m) + 저층부 5층 4000㎡(84.9×47.1m)
단일+저층부,2 저층부,53,53,178.9,85,47,38,22,47,37580,400.0,9185,46765,4133,43.99,0.155,inf,inf,2,3.586,12.12,53층 440㎡(36.3×12.1m) + 저층부 4층 4000㎡(84.9×47.1m)
단일+저층부,2 저층부,53,53,178.9,85,41,38,20,47,37580,400.0,9796,47376,4129,43.95,0.151,inf,inf,2,3.574,8.56,53층 366㎡(42.8×8.6m) + 저층부 5층 4000㎡(74.8×53.5m)
단일+저층부,2 저층부,55,55,185.5,85,36,38,16,47,37580,400.0,8970,46550,4133,43.99,0.113,inf,inf,2,3.555,10.83,55층 352㎡(32.5×10.8m) + 저층부 5층 4000㎡(84.9×47.1m)
단일+저층부,2 저층부,47,47,159.1,86,42,38,22,48,37580,400.0,8301,45881,4129,43.95,0.119,inf,inf,2,3.608,11.81,47층 419㎡(35.4×11.8m) + 저층부 5층 4000㎡(74.8×53.5m)
단일+저층부,2 저층부,44,44,149.2,86,40,38,20,48,37580,400.0,8113,45693,4133,43.99,0.225,inf,inf,2,3.579,12.26,44층 451㎡(36.8×12.3m) + 저층부 5층 4000㎡(84.9×47.1m)
단일+저층부,5 미세조정,51,51,172.3,87,41,38,20,49,37580,400.0,9183,46763,4133,43.99,0.216,inf,inf,2,3.596,9.77,51층 382㎡(39.1×9.8m) + 저층부 5층 4000㎡(84.9×47.1m)
단일+저층부,2 저층부,53,53,178.9,70,32,39,21,31,37580,400.0,8766,46346,4129,43.95,0.029,inf,inf,2,3.707,11.05,53층 366㎡(33.1×11.0m) + 저층부 5층 4000㎡(74.8×53.5m)
타워+저층별동,5 저층별동,53,53,178.9,74,34,39,11,35,37580,400.0,11433,49013,1387,14.76,0.045,5.1,0.06,2,3.513,12.88,53층 664㎡(51.5×12.9m) + 저층부 4층 600㎡(42.4×14.1m)
타워+저층별동,5 저층별동,55,55,185.5,74,34,39,11,35,37580,400.0,11461,49041,1384,14.73,0.044,10.1,0.11,2,3.51,12.86,55층 661㎡(51.4×12.9m) + 저층부 2층 600㎡(42.4×14.1m)
타워+저층별동,5 저층별동,55,55,185.5,74,34,39,11,35,37580,400.0,11503,49083,1391,14.81,0.044,16.5,0.18,2,3.51,12.86,55층 661㎡(51.4×12.9m) + 저층부 2층 600㎡(52.0×11.5m)
타워+저층별동,5 저층별동,50,50,169.0,74,34,39,11,35,37580,400.0,11273,48853,1442,15.35,0.039,6.3,0.07,2,3.507,13.26,50층 704㎡(53.1×13.3m) + 저층부 4층 600㎡(60.0×10.0m)
타워+저층별동,5 저층별동,50,50,169.0,74,34,39,11,35,37580,400.0,11195,48775,1435,15.28,0.039,7.3,0.09,2,3.502,13.26,50층 704㎡(53.1×13.3m) + 저층부 4층 600㎡(52.0×11.5m)
단일+저층부,2 저층부,38,38,129.4,76,37,39,17,37,37580,400.0,7816,45396,4129,43.95,0.085,inf,inf,2,3.573,14.55,38층 635㎡(43.6×14.5m) + 저층부 4층 4000㎡(74.8×53.5m)
타워+저층별동,5 저층별동,53,53,178.9,76,36,39,17,37,37580,400.0,11462,49042,1412,15.03,0.053,13.3,0.15,2,3.518,12.99,53층 675㎡(52.0×13.0m) + 저층부 3층 600㎡(60.0×10.0m)
타워+저층별동,5 저층별동,53,53,178.9,76,36,39,17,37,37580,400.0,11462,49042,1412,15.03,0.053,12.3,0.14,2,3.518,12.99,53층 675㎡(52.0×13.0m) + 저층부 3층 600㎡(60.0×10.0m)
타워+저층별동,5 저층별동,53,53,178.9,76,36,39,17,37,37580,400.0,11197,48777,1805,19.21,0.054,13.7,0.15,2,3.516,12.95,53층 671㎡(51.8×13.0m) + 저층부 2층 1000㎡(44.7×22.4m)
타워+저층별동,5 저층별동,47,47,159.1,76,28,39,11,37,37580,400.0,11068,48648,1435,15.28,0.04,19.7,0.25,2,3.483,13.32,47층 710㎡(53.3×13.3m) + 저층부 7층 600㎡(42.4×14.1m)
타워+저층별동,5 저층별동,47,47,159.1,77,32,39,12,38,37580,400.0,10755,48335,1828,19.46,0.104,9.8,0.12,2,3.526,13.16,47층 693㎡(52.7×13.2m) + 저층부 5층 1000㎡(44.7×22.4m)
단일+저층부,2 저층부,38,38,129.4,80,28,39,14,41,37580,400.0,7032,44612,4140,44.06,0.288,inf,inf,2,3.609,10.15,38층 309㎡(30.4×10.1m) + 저층부 7층 4000㎡(98.0×40.8m)
단일+저층부,5 미세조정,54,54,182.2,80,39,39,17,41,37580,400.0,8896,46476,4133,43.99,0.129,inf,inf,2,3.588,10.94,54층 359㎡(32.8×10.9m) + 저층부 5층 4000㎡(84.9×47.1m)
단일,1b 층수·세장비,44,44,149.2,80,32,39,13,41,37580,400.0,10040,47620,928,9.88,0.064,,,1,3.493,14.61,44층 854㎡(58.4×14.6m)
단일+저층부,5 미세조정,51,51,172.3,82,41,39,19,43,37580,400.0,9446,47026,4140,44.06,0.132,inf,inf,2,3.586,9.41,51층 382㎡(40.6×9.4m) + 저층부 5층 4000㎡(98.0×40.8m)
단일+저층부,5 미세조정,55,55,185.5,82,42,39,19,43,37580,400.0,9503,47083,4140,44.06,0.136,inf,inf,2,3.584,9.62,55층 352㎡(36.6×9.6m) + 저층부 5층 4000㎡(98.0×40.8m)
단일+저층부,5 미세조정,53,53,178.9,82,41,39,19,43,37580,400.0,9855,47435,4140,44.06,0.124,inf,inf,2,3.579,8.74,53층 366㎡(41.9×8.7m) + 저층부 5층 4000㎡(98.0×40.8m)
단일+저층부,5 미세조정,52,52,175.6,83,38,39,17,44,37580,400.0,8746,46326,4133,43.99,0.102,inf,inf,2,3.599,11.17,52층 374㎡(33.5×11.2m) + 저층부 5층 4000㎡(84.9×47.1m)
단일+저층부,5 미세조정,55,55,185.5,83,39,39,17,44,37580,400.0,9294,46874,4133,43.99,0.106,inf,inf,2,3.584,9.88,55층 352㎡(35.6×9.9m) + 저층부 5층 4000㎡(84.9×47.1m)
타워+저층별동,5 저층별동,47,47,159.1,83,36,39,16,44,37580,400.0,10541,48121,2354,25.06,0.05,7.9,0.1,2,3.519,13.26,47층 704㎡(53.1×13.3m) + 저층부 3층 1500㎡(54.8×27.4m)
단일+저층부,2 저층부,41,41,139.3,84,40,39,20,45,37580,400.0,7805,45385,4129,43.95,0.233,inf,inf,2,3.58,12.76,41층 488㎡(38.3×12.8m) + 저층부 5층 4000㎡(74.8×53.5m)
단일+저층부,2 저층부,47,47,159.1,85,42,39,19,46,37580,400.0,8356,45936,4133,43.99,0.15,inf,inf,2,3.601,11.81,47층 419㎡(35.4×11.8m) + 저층부 5층 4000㎡(84.9×47.1m)
쌍둥이,3 쌍둥이,53+53,53,178.9,85,33,39,14,46,37580,400.0,13872,51452,792,8.43,0.043,6.7,1.68,2,3.432,12.69,53층 355㎡(27.9×12.7m) + 53층 355㎡(27.9×12.7m)
단일+저층부,5 미세조정,55,55,185.5,86,44,39,21,47,37580,400.0,9852,47432,4133,43.99,0.11,inf,inf,2,3.614,8.68,55층 352㎡(40.5×8.7m) + 저층부 5층 4000㎡(84.9×47.1m)
단일+저층부,2 저층부,53,53,178.9,86,35,39,15,47,37580,400.0,9796,47376,4129,43.95,0.164,inf,inf,2,3.553,8.56,53층 366㎡(42.8×8.6m) + 저층부 5층 4000㎡(74.8×53.5m)
단일+저층부,2 저층부,53,53,178.9,86,44,39,21,47,37580,400.0,9756,47336,4129,43.95,0.154,inf,inf,2,3.539,13.9,53층 580㎡(41.7×13.9m) + 저층부 2층 4000㎡(74.8×53.5m)
단일+저층부,5 미세조정,55,55,185.5,88,42,39,20,49,37580,400.0,9187,46767,4133,43.99,0.238,inf,inf,2,3.612,10.17,55층 352㎡(34.6×10.2m) + 저층부 5층 4000㎡(84.9×47.1m)
단일+저층부,2 저층부,41,41,139.3,88,18,39,8,49,37580,400.0,7095,44675,4133,43.99,0.208,inf,inf,2,3.54,9.69,41층 282㎡(29.1×9.7m) + 저층부 7층 4000㎡(84.9×47.1m)
타워+저층별동,5 저층별동,53,53,178.9,74,37,40,17,34,37580,400.0,11594,49174,1400,14.9,0.022,8.9,0.1,2,3.517,12.88,53층 664㎡(51.5×12.9m) + 저층부 4층 600㎡(60.0×10.0m)
타워+저층별동,5 저층별동,55,55,185.5,74,34,40,17,34,37580,400.0,12594,50174,1362,14.49,0.019,24.2,0.26,2,3.496,11.21,55층 629㎡(56.1×11.2m) + 저층부 5층 600㎡(52.0×11.5m)
타워+저층별동,5 저층별동,55,55,185.5,75,32,40,11,35,37580,400.0,11811,49391,1322,14.08,0.055,5.8,0.06,2,3.495,12.32,55층 607㎡(49.3×12.3m) + 저층부 7층 600㎡(34.6×17.3m)
단일+저층부,2 저층부,41,41,139.3,76,24,40,9,36,37580,400.0,7017,44597,4129,43.95,0.195,inf,inf,2,3.582,9.69,41층 282㎡(29.1×9.7m) + 저층부 7층 4000㎡(74.8×53.5m)
단일+저층부,2 저층부,53,53,178.9,77,34,40,13,37,37580,400.0,8766,46346,4129,43.95,0.102,inf,inf,2,3.58,11.05,53층 366㎡(33.1×11.0m) + 저층부 5층 4000㎡(74.8×53.5m)
단일+저층부,2 저층부,44,44,149.2,77,37,40,17,37,37580,400.0,8646,46226,4129,43.95,0.083,inf,inf,2,3.565,14.42,44층 624㎡(43.3×14.4m) + 저층부 3층 4000㎡(74.8×53.5m)
타워+저층별동,5 저층별동,53,53,178.9,77,33,40,17,37,37580,400.0,12128,49708,1387,14.76,0.043,11.0,0.12,2,3.492,11.52,53층 664㎡(57.6×11.5m) + 저층부 4층 600㎡(34.6×17.3m)
타워+저층별동,5 저층별동,50,50,169.0,77,33,40,17,37,37580,400.0,12004,49584,1391,14.8,0.045,13.1,0.15,2,3.486,11.56,50층 668㎡(57.8×11.6m) + 저층부 7층 600㎡(34.6×17.3m)
타워+저층별동,5 저층별동,44,44,149.2,78,36,40,17,38,37580,400.0,10029,47609,1831,19.49,0.059,9.6,0.13,2,3.509,15.22,44층 695㎡(45.7×15.2m) + 저층부 7층 1000㎡(54.8×18.3m)
타워+저층별동,5 저층별동,50,50,169.0,78,37,40,17,38,37580,400.0,10354,47934,1423,15.15,0.051,17.7,0.21,2,3.503,15.31,50층 704㎡(45.9×15.3m) + 저층부 4층 600㎡(42.4×14.1m)
타워+저층별동,5 저층별동,53,53,178.9,78,37,40,17,38,37580,400.0,10496,48076,1412,15.03,0.05,6.6,0.07,2,3.498,15.13,53층 686㎡(45.4×15.1m) + 저층부 2층 600㎡(52.0×11.5m)
단일,1b 층수·세장비,53,53,178.9,78,37,40,17,38,37580,400.0,10255,47835,772,8.21,0.03,,,1,3.487,15.37,53층 709㎡(46.1×15.4m)
타워+저층별동,5 저층별동,47,47,159.1,79,36,40,17,39,37580,400.0,11757,49337,1440,15.33,0.031,18.1,0.23,2,3.489,11.92,47층 710㎡(59.6×11.9m) + 저층부 7층 600㎡(42.4×14.1m)
타워+저층별동,5 저층별동,50,50,169.0,79,36,40,17,39,37580,400.0,11786,49366,1429,15.21,0.03,11.5,0.14,2,3.475,11.86,50층 704㎡(59.3×11.9m) + 저층부 4층 600㎡(34.6×17.3m)
타워+저층별동,5 저층별동,50,50,169.0,79,36,40,17,39,37580,400.0,12032,49612,1428,15.2,0.032,6.5,0.08,2,3.472,11.76,50층 692㎡(58.8×11.8m) + 저층부 5층 600㎡(52.0×11.5m)
단일+저층부,2 저층부,38,38,129.4,80,39,40,20,40,37580,400.0,7599,45179,4133,43.99,0.234,inf,inf,2,3.581,13.33,38층 533㎡(40.0×13.3m) + 저층부 5층 4000㎡(84.9×47.1m)
타워+저층별동,5 저층별동,47,47,159.1,80,31,40,11,40,37580,400.0,10727,48307,1471,15.66,0.099,21.0,0.26,2,3.504,13.68,47층 749㎡(54.7×13.7m) + 저층부 4층 600㎡(34.6×17.3m)
타워+저층별동,5 저층별동,44,44,149.2,80,36,40,17,40,37580,400.0,11306,48886,1487,15.82,0.027,16.3,0.22,2,3.487,12.32,44층 759㎡(61.6×12.3m) + 저층부 7층 600㎡(34.6×17.3m)
타워+저층별동,5 저층별동,47,47,159.1,80,36,40,17,40,37580,400.0,11579,49159,1467,15.62,0.028,25.3,0.32,2,3.476,12.13,47층 736㎡(60.7×12.1m) + 저층부 5층 600㎡(42.4×14.1m)
단일+저층부,2 저층부,55,55,185.5,81,40,40,15,41,37580,400.0,9303,46883,4129,43.95,0.132,inf,inf,2,3.57,11.88,55층 423㎡(35.6×11.9m) + 저층부 4층 4000㎡(74.8×53.5m)
타워+저층별동,5 저층별동,44,44,149.2,81,31,40,11,41,37580,400.0,10387,47967,1524,16.22,0.1,13.5,0.18,2,3.502,14.14,44층 800㎡(56.6×14.1m) + 저층부 4층 600㎡(34.6×17.3m)
타워+저층별동,5 저층별동,44,44,149.2,81,31,40,11,41,37580,400.0,11032,48612,1548,16.48,0.068,12.0,0.16,2,3.494,12.75,44층 813㎡(63.8×12.8m) + 저층부 3층 600㎡(42.4×14.1m)
타워+저층별동,5 저층별동,50,50,169.0,81,21,40,10,41,37580,400.0,11407,48987,1429,15.21,0.098,18.0,0.21,2,3.458,13.15,50층 692㎡(52.6×13.1m) + 저층부 5층 600㎡(60.0×10.0m)
타워+저층별동,5 저층별동,47,47,159.1,81,33,40,17,41,37580,400.0,11434,49014,1476,15.71,0.026,27.3,0.34,2,3.453,12.24,47층 749㎡(61.2×12.2m) + 저층부 4층 600㎡(34.6×17.3m)
단일+저층부,2 저층부,55,55,185.5,82,36,40,18,42,37580,400.0,9427,47007,2602,27.7,0.135,inf,inf,2,3.557,11.81,55층 418㎡(35.4×11.8m) + 저층부 7층 2500㎡(59.2×42.3m)
타워+저층별동,5 저층별동,55,55,185.5,82,36,40,14,42,37580,400.0,10820,48400,1718,18.28,0.101,12.9,0.14,2,3.502,14.05,55층 592㎡(42.2×14.1m) + 저층부 5층 1000㎡(44.7×22.4m)
타워+저층별동,5 저층별동,47,47,159.1,82,28,40,11,42,37580,400.0,10644,48224,1484,15.8,0.097,9.9,0.12,2,3.492,13.8,47층 761㎡(55.2×13.8m) + 저층부 3층 600㎡(34.6×17.3m)
단일,1b 층수·세장비,53,53,178.9,82,38,40,17,42,37580,400.0,11838,49418,782,8.32,0.044,,,1,3.462,11.91,53층 709㎡(59.5×11.9m)
단일+저층부,5 미세조정,52,52,175.6,84,39,40,17,44,37580,400.0,8871,46451,4133,43.99,0.112,inf,inf,2,3.589,10.74,52층 374㎡(34.8×10.7m) + 저층부 5층 4000㎡(84.9×47.1m)
단일+저층부,2 저층부,55,55,185.5,84,39,40,17,44,37580,400.0,9303,46883,4129,43.95,0.114,inf,inf,2,3.579,11.88,55층 423㎡(35.6×11.9m) + 저층부 4층 4000㎡(74.8×53.5m)
단일+저층부,5 미세조정,52,52,175.6,84,39,40,17,44,37580,400.0,8871,46451,4133,43.99,0.108,inf,inf,2,3.577,10.74,52층 374㎡(34.8×10.7m) + 저층부 5층 4000㎡(84.9×47.1m)
단일+저층부,2 저층부,41,41,139.3,85,27,40,15,45,37580,400.0,7017,44597,4129,43.95,0.208,inf,inf,2,3.58,9.69,41층 282㎡(29.1×9.7m) + 저층부 7층 4000㎡(74.8×53.5m)
단일+저층부,2 저층부,50,50,169.0,85,39,40,17,45,37580,400.0,8892,46472,4129,43.95,0.116,inf,inf,2,3.579,12.51,50층 469㎡(37.5×12.5m) + 저층부 4층 4000㎡(74.8×53.5m)
타워+저층별동,5 저층별동,53,53,178.9,85,43,40,22,45,37580,400.0,12372,49952,1387,14.76,0.085,7.2,0.08,2,3.493,11.42,53층 652㎡(57.1×11.4m) + 저층부 5층 600㎡(52.0×11.5m)
단일+저층부,5 미세조정,54,54,182.2,86,45,40,22,46,37580,400.0,9593,47173,4133,43.99,0.096,inf,inf,2,3.613,9.11,54층 359㎡(39.4×9.1m) + 저층부 5층 4000㎡(84.9×47.1m)
타워+저층별동,5 저층별동,47,47,159.1,86,31,40,12,46,37580,400.0,10727,48307,1471,15.66,0.04,13.1,0.16,2,3.511,13.68,47층 749㎡(54.7×13.7m) + 저층부 4층 600㎡(34.6×17.3m)
타워+저층별동,5 저층별동,53,53,178.9,86,44,40,22,46,37580,400.0,11524,49104,1375,14.63,0.109,6.6,0.07,2,3.509,12.77,53층 652㎡(51.1×12.8m) + 저층부 5층 600㎡(42.4×14.1m)
타워+저층별동,5 저층별동,55,55,185.5,86,34,40,16,46,37580,400.0,12556,50136,1327,14.12,0.082,19.9,0.21,2,3.473,11.02,55층 607㎡(55.1×11.0m) + 저층부 7층 600㎡(34.6×17.3m)
단일+저층부,2 저층부,44,44,149.2,87,41,40,19,47,37580,400.0,8113,45693,4133,43.99,0.154,inf,inf,2,3.607,12.26,44층 451㎡(36.8×12.3m) + 저층부 5층 4000㎡(84.9×47.1m)
단일+저층부,2 저층부,55,55,185.5,87,41,40,18,47,37580,400.0,9347,46927,4133,43.99,0.126,inf,inf,2,3.576,11.88,55층 423㎡(35.6×11.9m) + 저층부 4층 4000㎡(84.9×47.1m)
단일+저층부,2 저층부,44,44,149.2,87,39,40,18,47,37580,400.0,8904,46484,4129,43.95,0.091,inf,inf,2,3.542,11.61,44층 540㎡(46.5×11.6m) + 저층부 4층 4000㎡(74.8×53.5m)
타워+저층별동,5 저층별동,47,47,159.1,87,30,40,14,47,37580,400.0,10982,48562,1469,15.64,0.043,13.0,0.16,2,3.494,13.56,47층 736㎡(54.2×13.6m) + 저층부 5층 600㎡(52.0×11.5m)
단일+저층부,2 저층부,53,53,178.9,88,45,40,21,48,37580,400.0,9185,46765,4133,43.99,0.162,inf,inf,2,3.574,12.12,53층 440㎡(36.3×12.1m) + 저층부 4층 4000㎡(84.9×47.1m)
단일+저층부,2 저층부,55,55,185.5,88,38,40,18,48,37580,400.0,9347,46927,4133,43.99,0.104,inf,inf,2,3.536,11.88,55층 423㎡(35.6×11.9m) + 저층부 4층 4000㎡(84.9×47.1m)
단일+저층부,2 저층부,41,41,139.3,89,25,40,10,49,37580,400.0,7017,44597,4129,43.95,0.211,inf,inf,2,3.555,9.69,41층 282㎡(29.1×9.7m) + 저층부 7층 4000㎡(74.8×53.5m)
단일+저층부,2 저층부,55,55,185.5,90,32,40,15,50,37580,400.0,8970,46550,4133,43.99,0.118,inf,inf,2,3.534,10.83,55층 352㎡(32.5×10.8m) + 저층부 5층 4000㎡(84.9×47.1m)
타워+저층별동,5 저층별동,50,50,169.0,77,37,41,17,36,37580,400.0,10823,48403,2342,24.92,0.021,19.0,0.23,2,3.515,13.15,50층 692㎡(52.6×13.1m) + 저층부 2층 1500㎡(54.8×27.4m)
타워+저층별동,5 저층별동,50,50,169.0,77,37,41,17,36,37580,400.0,11205,48785,1416,15.07,0.021,23.8,0.28,2,3.514,13.15,50층 692㎡(52.6×13.1m) + 저층부 5층 600㎡(42.4×14.1m)
타워+저층별동,5 저층별동,50,50,169.0,77,37,41,17,36,37580,400.0,11407,48987,1429,15.21,0.021,6.4,0.08,2,3.513,13.15,50층 692㎡(52.6×13.1m) + 저층부 5층 600㎡(60.0×10.0m)
타워+저층별동,5 저층별동,53,53,178.9,77,37,41,17,36,37580,400.0,11249,48829,1410,15.01,0.02,19.8,0.22,2,3.51,13.1,53층 686㎡(52.4×13.1m) + 저층부 2층 600㎡(42.4×14.1m)
타워+저층별동,5 저층별동,50,50,169.0,77,30,41,11,36,37580,400.0,11188,48768,1820,19.38,0.046,7.0,0.08,2,3.485,12.96,50층 672㎡(51.8×13.0m) + 저층부 4층 1000㎡(67.1×14.9m)
타워+저층별동,5 저층별동,47,47,159.1,77,30,41,11,36,37580,400.0,10865,48445,1865,19.85,0.039,6.8,0.08,2,3.482,13.36,47층 714㎡(53.5×13.4m) + 저층부 4층 1000㎡(67.1×14.9m)
타워+저층별동,5 저층별동,53,53,178.9,78,36,41,17,37,37580,400.0,11290,48870,1417,15.09,0.052,15.3,0.17,2,3.515,13.1,53층 686㎡(52.4×13.1m) + 저층부 2층 600㎡(52.0×11.5m)
타워+저층별동,5 저층별동,53,53,178.9,78,36,41,17,37,37580,400.0,11221,48801,1406,14.96,0.052,5.4,0.06,2,3.515,13.1,53층 686㎡(52.4×13.1m) + 저층부 2층 600㎡(34.6×17.3m)
타워+저층별동,5 저층별동,50,50,169.0,78,36,41,17,37,37580,400.0,11057,48637,1424,15.16,0.054,20.2,0.24,2,3.511,13.26,50층 704㎡(53.1×13.3m) + 저층부 4층 600㎡(34.6×17.3m)
타워+저층별동,5 저층별동,47,47,159.1,78,36,41,17,37,37580,400.0,10878,48458,1462,15.56,0.054,17.5,0.22,2,3.504,13.56,47층 736㎡(54.2×13.6m) + 저층부 5층 600㎡(42.4×14.1m)
타워+저층별동,5 저층별동,47,47,159.1,79,37,41,17,38,37580,400.0,9886,47466,1867,19.88,0.05,4.1,0.05,2,3.505,15.66,47층 736㎡(47.0×15.7m) + 저층부 3층 1000㎡(44.7×22.4m)
타워+저층별동,5 저층별동,50,50,169.0,79,37,41,17,38,37580,400.0,10124,47704,1444,15.37,0.048,28.1,0.33,2,3.494,15.57,50층 728㎡(46.7×15.6m) + 저층부 2층 600㎡(34.6×17.3m)
타워+저층별동,5 저층별동,47,47,159.1,79,37,41,17,38,37580,400.0,10006,47586,1491,15.86,0.047,20.4,0.26,2,3.493,15.93,47층 761㎡(47.8×15.9m) + 저층부 3층 600㎡(52.0×11.5m)
단일+저층부,2 저층부,44,44,149.2,80,31,41,12,39,37580,400.0,8113,45693,4133,43.99,0.168,inf,inf,2,3.566,12.26,44층 451㎡(36.8×12.3m) + 저층부 5층 4000㎡(84.9×47.1m)
단일,1b 층수·세장비,47,47,159.1,80,33,41,13,39,37580,400.0,10391,47971,871,9.27,0.064,,,1,3.489,14.14,47층 800㎡(56.6×14.1m)
타워+저층별동,5 저층별동,44,44,149.2,80,31,41,17,39,37580,400.0,9742,47322,1872,19.93,0.053,20.0,0.27,2,3.485,15.71,44층 740㎡(47.1×15.7m) + 저층부 5층 1000㎡(44.7×22.4m)
단일+저층부,5 미세조정,55,55,185.5,82,41,41,17,41,37580,400.0,8728,46308,4133,43.99,0.142,inf,inf,2,3.58,11.74,55층 352㎡(29.9×11.7m) + 저층부 5층 4000㎡(84.9×47.1m)
타워+저층별동,5 저층별동,44,44,149.2,82,29,41,17,41,37580,400.0,10043,47623,1481,15.76,0.051,31.4,0.42,2,3.468,15.9,44층 759㎡(47.7×15.9m) + 저층부 7층 600㎡(42.4×14.1m)
타워+저층별동,5 저층별동,50,50,169.0,83,33,41,17,42,37580,400.0,10344,47924,1780,18.94,0.032,4.5,0.05,2,3.502,14.74,50층 652㎡(44.2×14.7m) + 저층부 5층 1000㎡(44.7×22.4m)
단일+저층부,5 미세조정,52,52,175.6,84,40,41,17,43,37580,400.0,8510,46090,4133,43.99,0.131,inf,inf,2,3.579,12.11,52층 374㎡(30.9×12.1m) + 저층부 5층 4000㎡(84.9×47.1m)
단일+저층부,2 저층부,44,44,149.2,85,36,41,15,44,37580,400.0,8372,45952,4129,43.95,0.116,inf,inf,2,3.577,13.41,44층 540㎡(40.2×13.4m) + 저층부 4층 4000㎡(74.8×53.5m)
단일+저층부,2 저층부,44,44,149.2,86,37,41,17,45,37580,400.0,8646,46226,4129,43.95,0.111,inf,inf,2,3.565,14.42,44층 624㎡(43.3×14.4m) + 저층부 3층 4000㎡(74.8×53.5m)
타워+저층별동,5 저층별동,50,50,169.0,86,32,41,16,45,37580,400.0,11309,48889,1423,15.14,0.05,4.2,0.05,2,3.497,13.15,50층 692㎡(52.6×13.1m) + 저층부 5층 600㎡(52.0×11.5m)
타워+저층별동,5 저층별동,53,53,178.9,86,43,41,22,45,37580,400.0,12098,49678,1403,14.94,0.079,18.4,0.21,2,3.493,11.62,53층 675㎡(58.1×11.6m) + 저층부 3층 600㎡(42.4×14.1m)
타워+저층별동,5 저층별동,50,50,169.0,86,42,41,22,45,37580,400.0,11719,49299,1837,19.56,0.08,11.0,0.13,2,3.492,11.76,50층 692㎡(58.8×11.8m) + 저층부 3층 1000㎡(54.8×18.3m)
타워+저층별동,5 저층별동,44,44,149.2,86,26,41,17,45,37580,400.0,9947,47527,1476,15.71,0.051,33.5,0.45,2,3.453,15.9,44층 759㎡(47.7×15.9m) + 저층부 7층 600㎡(34.6×17.3m)
단일+저층부,5 미세조정,54,54,182.2,87,43,41,22,46,37580,400.0,9837,47417,4133,43.99,0.059,inf,inf,2,3.605,8.65,54층 359㎡(41.5×8.6m) + 저층부 5층 4000㎡(84.9×47.1m)
단일+저층부,2 저층부,41,41,139.3,87,42,41,18,46,37580,400.0,7861,45441,4133,43.99,0.221,inf,inf,2,3.588,12.76,41층 488㎡(38.3×12.8m) + 저층부 5층 4000㎡(84.9×47.1m)
단일+저층부,5 미세조정,53,53,178.9,87,38,41,17,46,37580,400.0,8742,46322,4133,43.99,0.081,inf,inf,2,3.579,11.34,53층 366㎡(32.3×11.3m) + 저층부 5층 4000㎡(84.9×47.1m)
타워+저층별동,5 저층별동,53,53,178.9,87,45,41,21,46,37580,400.0,11433,49013,1387,14.76,0.06,12.0,0.13,2,3.502,12.88,53층 664㎡(51.5×12.9m) + 저층부 4층 600㎡(42.4×14.1m)
타워+저층별동,5 저층별동,53,53,178.9,87,45,41,21,46,37580,400.0,11378,48958,1382,14.71,0.06,6.6,0.07,2,3.502,12.88,53층 664㎡(51.5×12.9m) + 저층부 4층 600㎡(34.6×17.3m)
단일+저층부,5 미세조정,53,53,178.9,88,42,41,20,47,37580,400.0,9243,46823,4133,43.99,0.137,inf,inf,2,3.63,9.82,53층 366㎡(37.3×9.8m) + 저층부 5층 4000㎡(84.9×47.1m)
단일+저층부,5 미세조정,52,52,175.6,88,42,41,20,47,37580,400.0,9163,46743,4133,43.99,0.136,inf,inf,2,3.628,9.92,52층 374㎡(37.7×9.9m) + 저층부 5층 4000㎡(84.9×47.1m)
단일+저층부,5 미세조정,53,53,178.9,88,45,41,21,47,37580,400.0,9033,46613,4133,43.99,0.131,inf,inf,2,3.62,10.38,53층 366㎡(35.3×10.4m) + 저층부 5층 4000㎡(84.9×47.1m)
단일+저층부,2 저층부,55,55,185.5,88,43,41,22,47,37580,400.0,9939,47519,4129,43.95,0.086,inf,inf,2,3.564,13.64,55층 558㎡(40.9×13.6m) + 저층부 2층 4000㎡(74.8×53.5m)
타워+저층별동,5 저층별동,55,55,185.5,88,35,41,15,47,37580,400.0,10625,48205,1375,14.63,0.071,4.4,0.05,2,3.504,14.85,55층 661㎡(44.5×14.8m) + 저층부 2층 600㎡(34.6×17.3m)
타워+저층별동,5 저층별동,50,50,169.0,88,43,41,22,47,37580,400.0,10895,48475,1449,15.42,0.099,9.5,0.11,2,3.5,13.49,50층 728㎡(53.9×13.5m) + 저층부 2층 600㎡(34.6×17.3m)
타워+저층별동,5 저층별동,55,55,185.5,88,37,41,17,47,37580,400.0,11047,48627,1352,14.39,0.076,13.1,0.14,2,3.499,14.48,55층 629㎡(43.4×14.5m) + 저층부 5층 600㎡(52.0×11.5m)
타워+저층별동,5 저층별동,50,50,169.0,88,44,41,21,47,37580,400.0,11009,48589,1805,19.22,0.062,15.7,0.19,2,3.499,12.96,50층 672㎡(51.8×13.0m) + 저층부 4층 1000㎡(44.7×22.4m)
단일+저층부,2 저층부,47,47,159.1,89,40,41,18,48,37580,400.0,8356,45936,4133,43.99,0.145,inf,inf,2,3.605,11.81,47층 419㎡(35.4×11.8m) + 저층부 5층 4000㎡(84.9×47.1m)
단일+저층부,2 저층부,44,44,149.2,89,38,41,20,48,37580,400.0,8057,45637,4129,43.95,0.135,inf,inf,2,3.595,12.26,44층 451㎡(36.8×12.3m) + 저층부 5층 4000㎡(74.8×53.5m)
단일+저층부,2 저층부,55,55,185.5,89,42,41,22,48,37580,400.0,10479,48059,4129,43.95,0.128,inf,inf,2,3.551,9.2,55층 423㎡(46.0×9.2m) + 저층부 4층 4000㎡(74.8×53.5m)
타워+저층별동,5 저층별동,50,50,169.0,89,34,41,14,48,37580,400.0,10253,47833,1436,15.28,0.069,15.6,0.18,2,3.498,15.44,50층 716㎡(46.3×15.4m) + 저층부 3층 600㎡(42.4×14.1m)
타워+저층별동,5 저층별동,55,55,185.5,89,37,41,17,48,37580,400.0,12176,49756,1784,18.99,0.038,14.2,0.15,2,3.49,11.37,55층 647㎡(56.9×11.4m) + 저층부 2층 1000㎡(44.7×22.4m)
타워+저층별동,5 저층별동,55,55,185.5,89,34,41,17,48,37580,400.0,10930,48510,1364,14.51,0.074,21.1,0.23,2,3.489,14.6,55층 640㎡(43.8×14.6m) + 저층부 4층 600㎡(52.0×11.5m)
타워+저층별동,5 저층별동,41,41,139.3,89,35,41,21,48,37580,400.0,10297,47877,1582,16.83,0.092,12.5,0.18,2,3.47,14.52,41층 843㎡(58.1×14.5m) + 저층부 5층 600㎡(52.0×11.5m)
단일+저층부,2 저층부,41,41,139.3,91,25,41,14,50,37580,400.0,7095,44675,4133,43.99,0.249,inf,inf,2,3.57,9.69,41층 282㎡(29.1×9.7m) + 저층부 7층 4000㎡(84.9×47.1m)
타워+저층별동,5 저층별동,55,55,185.5,92,28,41,17,51,37580,400.0,12653,50233,1332,14.17,0.045,25.8,0.28,2,3.462,11.02,55층 607㎡(55.1×11.0m) + 저층부 7층 600㎡(42.4×14.1m)
타워+저층별동,5 저층별동,50,50,169.0,94,26,41,17,53,37580,400.0,11876,49456,1747,18.6,0.048,22.4,0.26,2,3.465,11.06,50층 612㎡(55.3×11.1m) + 저층부 7층 1000㎡(44.7×22.4m)
타워+저층별동,5 저층별동,44,44,149.2,76,24,42,14,34,37580,400.0,10091,47671,2691,28.64,0.042,7.2,0.1,2,3.524,11.57,44층 536㎡(46.3×11.6m) + 저층부 7층 2000㎡(63.2×31.6m)
타워+저층별동,5 저층별동,50,50,169.0,76,32,42,17,34,37580,400.0,12000,49580,1753,18.66,0.023,14.4,0.17,2,3.493,11.06,50층 612㎡(55.3×11.1m) + 저층부 7층 1000㎡(54.8×18.3m)
타워+저층별동,5 저층별동,44,44,149.2,79,36,42,17,37,37580,400.0,10541,48121,1515,16.12,0.052,4.9,0.07,2,3.517,14.02,44층 786㎡(56.1×14.0m) + 저층부 5층 600㎡(42.4×14.1m)
타워+저층별동,5 저층별동,44,44,149.2,79,36,42,17,37,37580,400.0,10639,48219,1481,15.77,0.055,23.3,0.31,2,3.516,13.77,44층 759㎡(55.1×13.8m) + 저층부 7층 600㎡(34.6×17.3m)
단일,1b 층수·세장비,53,53,178.9,79,36,42,17,37,37580,400.0,10255,47835,772,8.21,0.064,,,1,3.513,15.37,53층 709㎡(46.1×15.4m)
타워+저층별동,5 저층별동,38,38,129.4,79,36,42,17,37,37580,400.0,9191,46771,2000,21.29,0.046,8.7,0.14,2,3.506,16.91,38층 857㎡(50.7×16.9m) + 저층부 5층 1000㎡(54.8×18.3m)
단일,1b 층수·세장비,55,55,185.5,79,35,42,13,37,37580,400.0,10042,47622,742,7.9,0.073,,,1,3.505,16.53,55층 683㎡(41.3×16.5m)
단일+저층부,2 저층부,38,38,129.4,80,25,42,13,38,37580,400.0,7032,44612,4140,44.06,0.235,inf,inf,2,3.588,10.15,38층 309㎡(30.4×10.1m) + 저층부 7층 4000㎡(98.0×40.8m)
단일+저층부,2 저층부,41,41,139.3,80,26,42,11,38,37580,400.0,7017,44597,4129,43.95,0.22,inf,inf,2,3.58,9.69,41층 282㎡(29.1×9.7m) + 저층부 7층 4000㎡(74.8×53.5m)
타워+저층별동,5 저층별동,41,41,139.3,80,31,42,11,38,37580,400.0,10036,47616,1585,16.87,0.098,20.5,0.29,2,3.499,14.65,41층 858㎡(58.6×14.6m) + 저층부 4층 600㎡(34.6×17.3m)
단일,1b 층수·세장비,47,47,159.1,81,36,42,17,39,37580,400.0,9631,47211,866,9.22,0.053,,,1,3.488,16.33,47층 800㎡(49.0×16.3m)
타워+저층별동,5 저층별동,53,53,178.9,81,32,42,17,39,37580,400.0,12345,49925,1405,14.95,0.033,11.9,0.13,2,3.448,11.52,53층 664㎡(57.6×11.5m) + 저층부 4층 600㎡(60.0×10.0m)
타워+저층별동,5 저층별동,53,53,178.9,83,26,42,12,41,37580,400.0,10565,48145,2147,22.86,0.079,9.4,0.1,2,3.495,13.05,53층 511㎡(39.2×13.1m) + 저층부 7층 1500㎡(54.8×27.4m)
타워+저층별동,5 저층별동,44,44,149.2,83,27,42,17,41,37580,400.0,10639,48219,1481,15.77,0.055,27.8,0.37,2,3.475,13.77,44층 759㎡(55.1×13.8m) + 저층부 7층 600㎡(34.6×17.3m)
단일+저층부,2 저층부,53,53,178.9,85,31,42,12,43,37580,400.0,9954,47534,4140,44.06,0.071,inf,inf,2,3.534,8.56,53층 366㎡(42.8×8.6m) + 저층부 5층 4000㎡(98.0×40.8m)
단일,1b 층수·세장비,55,55,185.5,86,38,42,15,44,37580,400.0,11278,48858,750,7.98,0.047,,,1,3.496,13.07,55층 683㎡(52.3×13.1m)
단일+저층부,5 미세조정,52,52,175.6,87,36,42,17,45,37580,400.0,8746,46326,4133,43.99,0.067,inf,inf,2,3.584,11.17,52층 374㎡(33.5×11.2m) + 저층부 5층 4000㎡(84.9×47.1m)
단일+저층부,5 미세조정,52,52,175.6,87,36,42,17,45,37580,400.0,8667,46247,4133,43.99,0.069,inf,inf,2,3.583,11.46,52층 374㎡(32.6×11.5m) + 저층부 5층 4000㎡(84.9×47.1m)
단일,1b 층수·세장비,55,55,185.5,87,36,42,11,45,37580,400.0,10455,48035,745,7.93,0.068,,,1,3.485,15.09,55층 683㎡(45.3×15.1m)
타워+저층별동,5 저층별동,55,55,185.5,88,44,42,21,46,37580,400.0,12227,49807,1765,18.79,0.042,4.9,0.05,2,3.502,11.21,55층 629㎡(56.1×11.2m) + 저층부 3층 1000㎡(44.7×22.4m)
타워+저층별동,5 저층별동,53,53,178.9,88,45,42,21,46,37580,400.0,11249,48829,1410,15.01,0.056,17.7,0.2,2,3.497,13.1,53층 686㎡(52.4×13.1m) + 저층부 2층 600㎡(42.4×14.1m)
타워+저층별동,5 저층별동,55,55,185.5,88,37,42,16,46,37580,400.0,12407,49987,1366,14.54,0.078,13.0,0.14,2,3.485,11.31,55층 640㎡(56.6×11.3m) + 저층부 4층 600㎡(42.4×14.1m)
타워+저층별동,5 저층별동,50,50,169.0,88,37,42,16,46,37580,400.0,12004,49584,1391,14.8,0.082,13.1,0.16,2,3.482,11.56,50층 668㎡(57.8×11.6m) + 저층부 7층 600㎡(34.6×17.3m)
타워+저층별동,5 저층별동,55,55,185.5,89,42,42,22,47,37580,400.0,11434,49014,1380,14.69,0.037,20.4,0.22,2,3.517,12.86,55층 661㎡(51.4×12.9m) + 저층부 2층 600㎡(34.6×17.3m)
타워+저층별동,5 저층별동,55,55,185.5,89,42,42,22,47,37580,400.0,11434,49014,1380,14.69,0.037,9.3,0.1,2,3.515,12.86,55층 661㎡(51.4×12.9m) + 저층부 2층 600㎡(34.6×17.3m)
타워+저층별동,5 저층별동,50,50,169.0,89,36,42,16,47,37580,400.0,11793,49373,1816,19.33,0.081,11.4,0.13,2,3.474,11.59,50층 672㎡(57.9×11.6m) + 저층부 4층 1000㎡(54.8×18.3m)
단일+저층부,2 저층부,50,50,169.0,90,45,42,22,48,37580,400.0,8937,46517,4133,43.99,0.133,inf,inf,2,3.602,12.51,50층 469㎡(37.5×12.5m) + 저층부 4층 4000㎡(84.9×47.1m)
타워+저층별동,5 저층별동,53,53,178.9,90,39,42,22,48,37580,400.0,11628,49208,1382,14.71,0.04,4.4,0.05,2,3.506,12.77,53층 652㎡(51.1×12.8m) + 저층부 5층 600㎡(52.0×11.5m)
타워+저층별동,5 저층별동,55,55,185.5,90,39,42,22,48,37580,400.0,11642,49222,1361,14.49,0.041,15.8,0.17,2,3.505,12.65,55층 640㎡(50.6×12.6m) + 저층부 4층 600㎡(42.4×14.1m)
타워+저층별동,5 저층별동,53,53,178.9,90,38,42,22,48,37580,400.0,11462,49042,1412,15.03,0.035,8.1,0.09,2,3.504,12.99,53층 675㎡(52.0×13.0m) + 저층부 3층 600㎡(60.0×10.0m)
타워+저층별동,5 저층별동,50,50,169.0,91,38,42,18,49,37580,400.0,11876,49456,1747,18.6,0.055,6.4,0.08,2,3.487,11.06,50층 612㎡(55.3×11.1m) + 저층부 7층 1000㎡(44.7×22.4m)
타워+저층별동,5 저층별동,44,44,149.2,92,37,42,21,50,37580,400.0,11071,48651,1529,16.28,0.062,10.5,0.14,2,3.47,12.65,44층 800㎡(63.2×12.6m) + 저층부 4층 600㎡(34.6×17.3m)
타워+저층별동,5 저층별동,50,50,169.0,92,33,42,16,50,37580,400.0,11859,49439,1416,15.07,0.079,27.5,0.33,2,3.45,11.76,50층 692㎡(58.8×11.8m) + 저층부 5층 600㎡(34.6×17.3m)
타워+저층별동,5 저층별동,38,38,129.4,78,30,43,11,35,37580,400.0,10394,47974,1645,17.51,0.051,4.7,0.07,2,3.493,13.49,38층 910㎡(67.5×13.5m) + 저층부 5층 600㎡(34.6×17.3m)
타워+저층별동,5 저층별동,47,47,159.1,79,27,43,10,36,37580,400.0,11350,48930,1449,15.42,0.04,4.2,0.05,2,3.466,13.32,47층 710㎡(53.3×13.3m) + 저층부 7층 600㎡(60.0×10.0m)
타워+저층별동,5 저층별동,41,41,139.3,81,36,43,17,38,37580,400.0,9713,47293,1582,16.84,0.044,9.3,0.13,2,3.494,16.77,41층 843㎡(50.3×16.8m) + 저층부 5층 600㎡(60.0×10.0m)
단일+저층부,2 저층부,53,53,178.9,82,34,43,13,39,37580,400.0,8766,46346,4129,43.95,0.145,inf,inf,2,3.574,11.05,53층 366㎡(33.1×11.0m) + 저층부 5층 4000㎡(74.8×53.5m)
타워+저층별동,5 저층별동,41,41,139.3,82,36,43,17,39,37580,400.0,9296,46876,1599,17.02,0.041,15.9,0.23,2,3.497,17.06,41층 873㎡(51.2×17.1m) + 저층부 3층 600㎡(42.4×14.1m)
타워+저층별동,5 저층별동,38,38,129.4,82,28,43,16,39,37580,400.0,10023,47603,1951,20.76,0.055,19.8,0.31,2,3.489,14.18,38층 805㎡(56.7×14.2m) + 저층부 7층 1000㎡(54.8×18.3m)
타워+저층별동,5 저층별동,55,55,185.5,84,18,43,9,41,37580,400.0,11693,49273,1684,17.92,0.062,14.2,0.15,2,3.447,11.79,55층 556㎡(47.2×11.8m) + 저층부 7층 1000㎡(44.7×22.4m)
단일,1b 층수·세장비,41,41,139.3,86,32,43,11,43,37580,400.0,9679,47259,993,10.57,0.075,,,1,3.475,15.14,41층 917㎡(60.6×15.1m)
타워+저층별동,5 저층별동,38,38,129.4,86,20,43,11,43,37580,400.0,9943,47523,1606,17.1,0.1,27.3,0.42,2,3.453,14.82,38층 878㎡(59.3×14.8m) + 저층부 7층 600㎡(34.6×17.3m)
타워+저층별동,5 저층별동,55,55,185.5,87,37,43,14,44,37580,400.0,10697,48277,1790,19.05,0.095,6.0,0.06,2,3.495,14.68,55층 647㎡(44.1×14.7m) + 저층부 2층 1000㎡(67.1×14.9m)
쌍둥이,3 쌍둥이,55+44,55,185.5,87,34,43,14,44,37580,400.0,13362,50942,837,8.91,0.041,5.9,1.48,2,3.432,12.46,55층 410㎡(30.0×13.7m) + 44층 342㎡(27.4×12.5m)
쌍둥이,3 쌍둥이,53+53,53,178.9,87,34,43,14,44,37580,400.0,13806,51386,792,8.43,0.041,6.8,1.71,2,3.432,11.35,53층 425㎡(30.6×13.9m) + 53층 284㎡(25.0×11.4m)
단일+저층부,5 미세조정,53,53,178.9,88,45,43,21,45,37580,400.0,9176,46756,4133,43.99,0.132,inf,inf,2,3.629,9.99,53층 366㎡(36.7×10.0m) + 저층부 5층 4000㎡(84.9×47.1m)
단일+저층부,5 미세조정,52,52,175.6,88,44,43,21,45,37580,400.0,9265,46845,4133,43.99,0.126,inf,inf,2,3.622,9.67,52층 374㎡(38.7×9.7m) + 저층부 5층 4000㎡(84.9×47.1m)
타워+저층별동,5 저층별동,55,55,185.5,88,31,43,14,45,37580,400.0,11047,48627,1352,14.39,0.097,21.1,0.23,2,3.472,14.48,55층 629㎡(43.4×14.5m) + 저층부 5층 600㎡(52.0×11.5m)
단일+저층부,2 저층부,47,47,159.1,89,35,43,15,46,37580,400.0,9186,46766,4129,43.95,0.088,inf,inf,2,3.53,14.8,47층 657㎡(44.4×14.8m) + 저층부 2층 4000㎡(74.8×53.5m)
타워+저층별동,5 저층별동,50,50,169.0,89,44,43,21,46,37580,400.0,10964,48544,1461,15.55,0.05,7.2,0.08,2,3.492,13.49,50층 728㎡(53.9×13.5m) + 저층부 2층 600㎡(52.0×11.5m)
타워+저층별동,5 저층별동,55,55,185.5,89,34,43,14,46,37580,400.0,10874,48454,1341,14.27,0.097,34.2,0.37,2,3.483,14.48,55층 629㎡(43.4×14.5m) + 저층부 5층 600㎡(34.6×17.3m)
단일+저층부,5 미세조정,50,50,169.0,90,45,43,21,47,37580,400.0,8797,46377,4133,43.99,0.139,inf,inf,2,3.626,10.72,50층 391㎡(36.4×10.7m) + 저층부 5층 4000㎡(84.9×47.1m)
단일+저층부,2 저층부,38,38,129.4,90,25,43,10,47,37580,400.0,7123,44703,4129,43.95,0.106,inf,inf,2,3.565,8.79,38층 309㎡(35.2×8.8m) + 저층부 7층 4000㎡(74.8×53.5m)
타워+저층별동,5 저층별동,50,50,169.0,91,40,43,15,48,37580,400.0,10614,48194,1744,18.56,0.032,6.9,0.08,2,3.522,14.28,50층 612㎡(42.8×14.3m) + 저층부 7층 1000㎡(54.8×18.3m)
단일+저층부,2 저층부,53,53,178.9,91,39,43,16,48,37580,400.0,9600,47180,2602,27.7,0.096,inf,inf,2,3.517,13.2,53층 522㎡(39.6×13.2m) + 저층부 5층 2500㎡(59.2×42.3m)
타워+저층별동,5 저층별동,55,55,185.5,91,41,43,15,48,37580,400.0,11047,48627,1352,14.39,0.026,10.1,0.11,2,3.508,14.48,55층 629㎡(43.4×14.5m) + 저층부 5층 600㎡(52.0×11.5m)
타워+저층별동,5 저층별동,50,50,169.0,91,37,43,17,48,37580,400.0,12032,49612,1428,15.2,0.033,6.5,0.08,2,3.486,11.76,50층 692㎡(58.8×11.8m) + 저층부 5층 600㎡(52.0×11.5m)
타워+저층별동,5 저층별동,47,47,159.1,91,33,43,16,48,37580,400.0,11659,49239,1848,19.67,0.084,7.5,0.09,2,3.467,11.77,47층 693㎡(58.9×11.8m) + 저층부 5층 1000㎡(67.1×14.9m)
단일+저층부,2 저층부,41,41,139.3,92,27,43,15,49,37580,400.0,7017,44597,4129,43.95,0.177,inf,inf,2,3.575,9.69,41층 282㎡(29.1×9.7m) + 저층부 7층 4000㎡(74.8×53.5m)
타워+저층별동,5 저층별동,47,47,159.1,92,42,43,22,49,37580,400.0,10644,48224,1484,15.8,0.098,9.9,0.12,2,3.491,13.8,47층 761㎡(55.2×13.8m) + 저층부 3층 600㎡(34.6×17.3m)
타워+저층별동,5 저층별동,53,53,178.9,92,42,43,18,49,37580,400.0,12268,49848,1380,14.68,0.044,7.9,0.09,2,3.482,11.42,53층 652㎡(57.1×11.4m) + 저층부 5층 600㎡(42.4×14.1m)
타워+저층별동,5 저층별동,55,55,185.5,92,42,43,18,49,37580,400.0,12407,49987,1366,14.54,0.045,17.7,0.19,2,3.473,11.31,55층 640㎡(56.6×11.3m) + 저층부 4층 600㎡(42.4×14.1m)
단일+저층부,2 저층부,50,50,169.0,93,42,43,18,50,37580,400.0,8592,46172,4133,43.99,0.176,inf,inf,2,3.593,11.41,50층 391㎡(34.2×11.4m) + 저층부 5층 4000㎡(84.9×47.1m)
단일+저층부,2 저층부,38,38,129.4,80,30,44,15,36,37580,400.0,7201,44781,4133,43.99,0.093,inf,inf,2,3.641,8.79,38층 309㎡(35.2×8.8m) + 저층부 7층 4000㎡(84.9×47.1m)
단일+저층부,2 저층부,38,38,129.4,81,17,44,4,37,37580,400.0,6812,44392,4129,43.95,0.135,inf,inf,2,3.552,10.15,38층 309㎡(30.4×10.1m) + 저층부 7층 4000㎡(74.8×53.5m)
단일+저층부,2 저층부,47,47,159.1,82,32,44,12,38,37580,400.0,8301,45881,4129,43.95,0.147,inf,inf,2,3.559,11.81,47층 419㎡(35.4×11.8m) + 저층부 5층 4000㎡(74.8×53.5m)
단일+저층부,2 저층부,41,41,139.3,83,20,44,7,39,37580,400.0,7095,44675,4133,43.99,0.159,inf,inf,2,3.558,9.69,41층 282㎡(29.1×9.7m) + 저층부 7층 4000㎡(84.9×47.1m)
타워+저층별동,5 저층별동,55,55,185.5,83,33,44,13,39,37580,400.0,10820,48400,1718,18.28,0.067,4.9,0.05,2,3.48,14.05,55층 592㎡(42.2×14.1m) + 저층부 5층 1000㎡(44.7×22.4m)
타워+저층별동,5 저층별동,53,53,178.9,83,29,44,14,39,37580,400.0,11384,48964,1746,18.58,0.059,5.0,0.06,2,3.48,12.4,53층 615㎡(49.6×12.4m) + 저층부 5층 1000㎡(44.7×22.4m)
단일,1b 층수·세장비,55,55,185.5,85,38,44,17,41,37580,400.0,10042,47622,742,7.9,0.093,,,1,3.488,16.53,55층 683㎡(41.3×16.5m)
타워+저층별동,5 저층별동,44,44,149.2,85,29,44,16,41,37580,400.0,11685,49265,1505,16.01,0.027,11.5,0.15,2,3.442,12.32,44층 759㎡(61.6×12.3m) + 저층부 7층 600㎡(60.0×10.0m)
단일+저층부,2 저층부,41,41,139.3,86,24,44,12,42,37580,400.0,7238,44818,4140,44.06,0.223,inf,inf,2,3.59,9.69,41층 282㎡(29.1×9.7m) + 저층부 7층 4000㎡(98.0×40.8m)
타워+저층별동,5 저층별동,47,47,159.1,87,19,44,11,43,37580,400.0,10180,47760,2223,23.66,0.047,4.1,0.05,2,3.479,13.86,47층 576㎡(41.6×13.9m) + 저층부 7층 1500㎡(67.1×22.4m)
타워+저층별동,5 저층별동,55,55,185.5,88,25,44,11,44,37580,400.0,10910,48490,1724,18.35,0.101,10.2,0.11,2,3.463,14.05,55층 592㎡(42.2×14.1m) + 저층부 5층 1000㎡(54.8×18.3m)
타워+저층별동,5 저층별동,55,55,185.5,88,17,44,10,44,37580,400.0,12799,50379,1339,14.25,0.039,22.9,0.25,2,3.401,11.02,55층 607㎡(55.1×11.0m) + 저층부 7층 600㎡(52.0×11.5m)
타워+저층별동,5 저층별동,47,47,159.1,90,36,44,14,46,37580,400.0,9766,47346,2383,25.36,0.101,6.5,0.08,2,3.501,15.66,47층 736㎡(47.0×15.7m) + 저층부 2층 1500㎡(54.8×27.4m)
타워+저층별동,5 저층별동,50,50,169.0,90,36,44,14,46,37580,400.0,10124,47704,1444,15.37,0.096,25.6,0.3,2,3.49,15.57,50층 728㎡(46.7×15.6m) + 저층부 2층 600㎡(34.6×17.3m)
단일+저층부,5 미세조정,51,51,172.3,91,44,44,22,47,37580,400.0,8876,46456,4133,43.99,0.073,inf,inf,2,3.623,10.6,51층 382㎡(36.0×10.6m) + 저층부 5층 4000㎡(84.9×47.1m)
단일+저층부,2 저층부,50,50,169.0,91,40,44,20,47,37580,400.0,9590,47170,4133,43.99,0.152,inf,inf,2,3.567,8.84,50층 391㎡(44.2×8.8m) + 저층부 5층 4000㎡(84.9×47.1m)
타워+저층별동,5 저층별동,50,50,169.0,91,36,44,16,47,37580,400.0,11607,49187,1852,19.72,0.077,13.9,0.16,2,3.476,11.93,50층 712㎡(59.6×11.9m) + 저층부 2층 1000㎡(44.7×22.4m)
단일+저층부,2 저층부,53,53,178.9,92,39,44,19,48,37580,400.0,8821,46401,4133,43.99,0.071,inf,inf,2,3.638,11.05,53층 366㎡(33.1×11.0m) + 저층부 5층 4000㎡(84.9×47.1m)
타워+저층별동,5 저층별동,55,55,185.5,92,43,44,21,48,37580,400.0,12227,49807,1765,18.79,0.084,6.3,0.07,2,3.485,11.21,55층 629㎡(56.1×11.2m) + 저층부 3층 1000㎡(44.7×22.4m)
단일+저층부,5 미세조정,52,52,175.6,93,42,44,20,49,37580,400.0,8955,46535,4133,43.99,0.238,inf,inf,2,3.608,10.49,52층 374㎡(35.7×10.5m) + 저층부 5층 4000㎡(84.9×47.1m)
단일+저층부,2 저층부,53,53,178.9,93,36,44,15,49,37580,400.0,9796,47376,4129,43.95,0.094,inf,inf,2,3.532,8.56,53층 366㎡(42.8×8.6m) + 저층부 5층 4000㎡(74.8×53.5m)
단일+저층부,2 저층부,55,55,185.5,76,36,45,22,31,37580,400.0,9429,47009,4140,44.06,0.023,inf,inf,2,3.693,11.88,55층 423㎡(35.6×11.9m) + 저층부 4층 4000㎡(98.0×40.8m)
타워+저층별동,5 저층별동,55,55,185.5,82,39,45,14,37,37580,400.0,10813,48393,1375,14.63,0.061,9.8,0.11,2,3.501,14.73,55층 651㎡(44.2×14.7m) + 저층부 3층 600㎡(52.0×11.5m)
타워+저층별동,5 저층별동,53,53,178.9,82,39,45,14,37,37580,400.0,10616,48196,1401,14.91,0.061,4.9,0.05,2,3.497,15.0,53층 675㎡(45.0×15.0m) + 저층부 3층 600㎡(52.0×11.5m)
타워+저층별동,5 저층별동,55,55,185.5,82,27,45,13,37,37580,400.0,12556,50136,1327,14.12,0.052,12.3,0.13,2,3.474,11.02,55층 607㎡(55.1×11.0m) + 저층부 7층 600㎡(34.6×17.3m)
단일+저층부,2 저층부,44,44,149.2,83,29,45,9,38,37580,400.0,8057,45637,4129,43.95,0.152,inf,inf,2,3.559,12.26,44층 451㎡(36.8×12.3m) + 저층부 5층 4000㎡(74.8×53.5m)
타워+저층별동,5 저층별동,38,38,129.4,83,32,45,17,38,37580,400.0,9177,46757,1638,17.44,0.039,22.6,0.35,2,3.485,17.42,38층 910㎡(52.2×17.4m) + 저층부 5층 600㎡(42.4×14.1m)
단일+저층부,2 저층부,38,38,129.4,84,22,45,9,39,37580,400.0,6889,44469,4133,43.99,0.216,inf,inf,2,3.564,10.15,38층 309㎡(30.4×10.1m) + 저층부 7층 4000㎡(84.9×47.1m)
단일+저층부,2 저층부,41,41,139.3,84,22,45,9,39,37580,400.0,7095,44675,4133,43.99,0.206,inf,inf,2,3.56,9.69,41층 282㎡(29.1×9.7m) + 저층부 7층 4000㎡(84.9×47.1m)
단일+저층부,2 저층부,41,41,139.3,85,28,45,9,40,37580,400.0,7805,45385,4129,43.95,0.158,inf,inf,2,3.557,12.76,41층 488㎡(38.3×12.8m) + 저층부 5층 4000㎡(74.8×53.5m)
타워+저층별동,5 저층별동,38,38,129.4,88,41,45,21,43,37580,400.0,9623,47203,1677,17.85,0.074,6.6,0.1,2,3.485,15.34,38층 942㎡(61.4×15.3m) + 저층부 3층 600㎡(42.4×14.1m)
단일+저층부,2 저층부,53,53,178.9,91,43,45,18,46,37580,400.0,10294,47874,4129,43.95,0.133,inf,inf,2,3.556,9.39,53층 440㎡(46.9×9.4m) + 저층부 4층 4000㎡(74.8×53.5m)
단일+저층부,5 미세조정,50,50,169.0,92,44,45,22,47,37580,400.0,9000,46580,4133,43.99,0.085,inf,inf,2,3.617,10.14,50층 391㎡(38.5×10.1m) + 저층부 5층 4000㎡(84.9×47.1m)
단일+저층부,2 저층부,47,47,159.1,92,41,45,21,47,37580,400.0,8301,45881,4129,43.95,0.159,inf,inf,2,3.599,11.81,47층 419㎡(35.4×11.8m) + 저층부 5층 4000㎡(74.8×53.5m)
단일+저층부,2 저층부,50,50,169.0,92,42,45,18,47,37580,400.0,10010,47590,4129,43.95,0.134,inf,inf,2,3.552,9.69,50층 469㎡(48.4×9.7m) + 저층부 4층 4000㎡(74.8×53.5m)
타워+저층별동,5 저층별동,41,41,139.3,92,41,45,21,47,37580,400.0,10530,48110,1621,17.26,0.044,6.4,0.09,2,3.483,13.32,41층 887㎡(66.6×13.3m) + 저층부 2층 600㎡(34.6×17.3m)
타워+저층별동,5 저층별동,41,41,139.3,92,41,45,21,47,37580,400.0,10717,48297,1617,17.22,0.048,13.2,0.19,2,3.48,13.21,41층 873㎡(66.1×13.2m) + 저층부 3층 600㎡(52.0×11.5m)
단일+저층부,5 미세조정,53,53,178.9,93,43,45,21,48,37580,400.0,9176,46756,4133,43.99,0.087,inf,inf,2,3.627,9.99,53층 366㎡(36.7×10.0m) + 저층부 5층 4000㎡(84.9×47.1m)
단일+저층부,2 저층부,44,44,149.2,93,41,45,20,48,37580,400.0,8057,45637,4129,43.95,0.195,inf,inf,2,3.588,12.26,44층 451㎡(36.8×12.3m) + 저층부 5층 4000㎡(74.8×53.5m)
단일+저층부,2 저층부,50,50,169.0,93,45,45,21,48,37580,400.0,9475,47055,4129,43.95,0.137,inf,inf,2,3.535,14.33,50층 616㎡(43.0×14.3m) + 저층부 2층 4000㎡(74.8×53.5m)
단일,1b 층수·세장비,50,50,169.0,93,35,45,14,48,37580,400.0,9553,47133,813,8.66,0.099,,,1,3.488,17.34,50층 752㎡(43.3×17.3m)
타워+저층별동,5 저층별동,50,50,169.0,94,29,45,14,49,37580,400.0,10797,48377,1393,14.82,0.077,4.9,0.06,2,3.48,14.92,50층 668㎡(44.8×14.9m) + 저층부 7층 600㎡(52.0×11.5m)
타워+저층별동,5 저층별동,53,53,178.9,94,33,45,19,49,37580,400.0,12470,50050,1393,14.83,0.038,11.0,0.12,2,3.443,11.42,53층 652㎡(57.1×11.4m) + 저층부 5층 600㎡(60.0×10.0m)
단일+저층부,2 저층부,47,47,159.1,96,36,45,15,51,37580,400.0,9264,46844,4129,43.95,0.092,inf,inf,2,3.534,9.15,47층 419㎡(45.7×9.1m) + 저층부 5층 4000㎡(74.8×53.5m)
타워+저층별동,5 저층별동,55,55,185.5,83,30,46,22,37,37580,400.0,11718,49298,2581,27.47,0.045,15.2,0.16,2,3.607,9.26,55층 429㎡(46.3×9.3m) + 저층부 7층 2000㎡(63.2×31.6m)
타워+저층별동,5 저층별동,53,53,178.9,83,39,46,14,37,37580,400.0,10427,48007,1401,14.91,0.06,21.6,0.24,2,3.494,15.13,53층 686㎡(45.4×15.1m) + 저층부 2층 600㎡(34.6×17.3m)
타워+저층별동,5 저층별동,53,53,178.9,83,39,46,14,37,37580,400.0,10455,48035,1405,14.96,0.06,17.9,0.2,2,3.494,15.13,53층 686㎡(45.4×15.1m) + 저층부 2층 600㎡(42.4×14.1m)
단일+저층부,2 저층부,50,50,169.0,84,28,46,10,38,37580,400.0,9018,46598,2602,27.7,0.144,inf,inf,2,3.527,12.48,50층 467㎡(37.4×12.5m) + 저층부 7층 2500㎡(59.2×42.3m)
단일,1b 층수·세장비,50,50,169.0,84,37,46,17,38,37580,400.0,9553,47133,813,8.66,0.032,,,1,3.485,17.34,50층 752㎡(43.3×17.3m)
타워+저층별동,5 저층별동,53,53,178.9,84,35,46,13,38,37580,400.0,10597,48177,1377,14.66,0.062,10.0,0.11,2,3.471,14.87,53층 664㎡(44.6×14.9m) + 저층부 4층 600㎡(34.6×17.3m)
타워+저층별동,5 저층별동,53,53,178.9,85,18,46,13,39,37580,400.0,10565,48145,2147,22.86,0.024,23.9,0.27,2,3.464,13.05,53층 511㎡(39.2×13.1m) + 저층부 7층 1500㎡(54.8×27.4m)
타워+저층별동,5 저층별동,38,38,129.4,87,34,46,14,41,37580,400.0,8854,46434,2082,22.16,0.049,8.4,0.13,2,3.502,17.67,38층 936㎡(53.0×17.7m) + 저층부 2층 1000㎡(54.8×18.3m)
단일,1b 층수·세장비,44,44,149.2,88,36,46,16,42,37580,400.0,10040,47620,928,9.88,0.046,,,1,3.471,14.61,44층 854㎡(58.4×14.6m)
타워+저층별동,5 저층별동,44,44,149.2,91,36,46,14,45,37580,400.0,10043,47623,1481,15.76,0.105,14.0,0.19,2,3.509,15.9,44층 759㎡(47.7×15.9m) + 저층부 7층 600㎡(42.4×14.1m)
타워+저층별동,5 저층별동,44,44,149.2,91,34,46,14,45,37580,400.0,10910,48490,1558,16.58,0.071,15.3,0.2,2,3.475,12.86,44층 827㎡(64.3×12.9m) + 저층부 2층 600㎡(34.6×17.3m)
타워+저층별동,5 저층별동,44,44,149.2,92,34,46,14,46,37580,400.0,9835,47415,1509,16.06,0.066,15.2,0.2,2,3.503,16.19,44층 786㎡(48.6×16.2m) + 저층부 5층 600㎡(42.4×14.1m)
타워+저층별동,5 저층별동,47,47,159.1,92,36,46,14,46,37580,400.0,9803,47383,1890,20.11,0.098,4.4,0.06,2,3.497,15.89,47층 757㎡(47.7×15.9m) + 저층부 2층 1000㎡(44.7×22.4m)
타워+저층별동,5 저층별동,41,41,139.3,92,13,46,7,46,37580,400.0,10339,47919,2736,29.13,0.057,12.4,0.18,2,3.442,10.72,41층 575㎡(53.6×10.7m) + 저층부 7층 2000㎡(63.2×31.6m)
단일+저층부,2 저층부,53,53,178.9,93,46,46,22,47,37580,400.0,8766,46346,4129,43.95,0.198,inf,inf,2,3.637,11.05,53층 366㎡(33.1×11.0m) + 저층부 5층 4000㎡(74.8×53.5m)
단일+저층부,5 미세조정,53,53,178.9,93,42,46,20,47,37580,400.0,9511,47091,4133,43.99,0.179,inf,inf,2,3.613,9.21,53층 366㎡(39.8×9.2m) + 저층부 5층 4000㎡(84.9×47.1m)
단일+저층부,2 저층부,41,41,139.3,93,45,46,21,47,37580,400.0,8099,45679,4129,43.95,0.179,inf,inf,2,3.57,13.94,41층 583㎡(41.8×13.9m) + 저층부 4층 4000㎡(74.8×53.5m)
타워+저층별동,5 저층별동,44,44,149.2,93,31,46,14,47,37580,400.0,9940,47520,1516,16.14,0.066,12.3,0.16,2,3.488,16.19,44층 786㎡(48.6×16.2m) + 저층부 5층 600㎡(52.0×11.5m)
타워+저층별동,5 저층별동,47,47,159.1,93,12,46,5,47,37580,400.0,11902,49482,1447,15.4,0.089,13.8,0.17,2,3.414,11.92,47층 710㎡(59.6×11.9m) + 저층부 7층 600㎡(52.0×11.5m)
단일+저층부,5 미세조정,55,55,185.5,95,46,46,21,49,37580,400.0,9401,46981,4133,43.99,0.133,inf,inf,2,3.607,9.62,55층 352㎡(36.6×9.6m) + 저층부 5층 4000㎡(84.9×47.1m)
단일+저층부,2 저층부,55,55,185.5,95,46,46,22,49,37580,400.0,9347,46927,4133,43.99,0.109,inf,inf,2,3.6,11.88,55층 423㎡(35.6×11.9m) + 저층부 4층 4000㎡(84.9×47.1m)
타워+저층별동,5 저층별동,47,47,159.1,95,34,46,14,49,37580,400.0,9838,47418,1896,20.18,0.067,9.2,0.12,2,3.497,15.89,47층 757㎡(47.7×15.9m) + 저층부 2층 1000㎡(54.8×18.3m)
타워+저층별동,5 저층별동,47,47,159.1,95,34,46,14,49,37580,400.0,9840,47420,1497,15.93,0.064,23.3,0.29,2,3.496,16.06,47층 774㎡(48.2×16.1m) + 저층부 2층 600㎡(42.4×14.1m)
타워+저층별동,5 저층별동,44,44,149.2,95,39,46,15,49,37580,400.0,9491,47071,1547,16.47,0.067,7.0,0.09,2,3.487,16.6,44층 827㎡(49.8×16.6m) + 저층부 2층 600㎡(34.6×17.3m)
타워+저층별동,5 저층별동,50,50,169.0,95,39,46,15,49,37580,400.0,11712,49292,1441,15.34,0.035,9.3,0.11,2,3.475,11.96,50층 716㎡(59.8×12.0m) + 저층부 3층 600㎡(34.6×17.3m)
단일+저층부,2 저층부,50,50,169.0,96,36,46,16,50,37580,400.0,8592,46172,4133,43.99,0.184,inf,inf,2,3.565,11.41,50층 391㎡(34.2×11.4m) + 저층부 5층 4000㎡(84.9×47.1m)
단일,1b 층수·세장비,55,55,185.5,96,37,46,13,50,37580,400.0,11278,48858,750,7.98,0.09,,,1,3.449,13.07,55층 683㎡(52.3×13.1m)
타워+저층별동,5 저층별동,55,55,185.5,77,36,47,17,30,37580,400.0,11401,48981,2218,23.61,0.021,18.6,0.2,2,3.542,11.98,55층 574㎡(47.9×12.0m) + 저층부 4층 1500㎡(54.8×27.4m)
타워+저층별동,5 저층별동,55,55,185.5,78,33,47,22,31,37580,400.0,11818,49398,1690,17.99,0.028,27.9,0.3,2,3.627,11.79,55층 556㎡(47.2×11.8m) + 저층부 7층 1000㎡(54.8×18.3m)
단일,1a 방위·위치,47,47,159.1,79,38,47,22,32,37580,400.0,9631,47211,866,9.22,0.032,,,1,3.565,16.33,47층 800㎡(49.0×16.3m)
타워+저층별동,5 저층별동,53,53,178.9,80,29,47,17,33,37580,400.0,11224,48804,2211,23.54,0.022,25.5,0.28,2,3.508,11.91,53층 568㎡(47.6×11.9m) + 저층부 5층 1500㎡(54.8×27.4m)
단일,1b 층수·세장비,47,47,159.1,84,36,47,17,37,37580,400.0,9631,47211,866,9.22,0.06,,,1,3.51,16.33,47층 800㎡(49.0×16.3m)
단일,1b 층수·세장비,53,53,178.9,84,37,47,13,37,37580,400.0,10255,47835,772,8.21,0.047,,,1,3.504,15.37,53층 709㎡(46.1×15.4m)
단일,1b 층수·세장비,53,53,178.9,84,37,47,13,37,37580,400.0,9849,47429,769,8.19,0.05,,,1,3.502,16.84,53층 709㎡(42.1×16.8m)
단일,1b 층수·세장비,47,47,159.1,85,36,47,17,38,37580,400.0,9249,46829,863,9.19,0.059,,,1,3.483,17.88,47층 800㎡(44.7×17.9m)
타워+저층별동,5 저층별동,55,55,185.5,86,18,47,5,39,37580,400.0,12406,49986,1688,17.97,0.057,5.9,0.06,2,3.429,10.55,55층 556㎡(52.7×10.5m) + 저층부 7층 1000㎡(44.7×22.4m)
타워+저층별동,5 저층별동,50,50,169.0,87,22,47,11,40,37580,400.0,11999,49579,1804,19.2,0.048,5.6,0.07,2,3.441,11.42,50층 652㎡(57.1×11.4m) + 저층부 5층 1000㎡(67.1×14.9m)
타워+저층별동,5 저층별동,55,55,185.5,89,17,47,8,42,37580,400.0,11415,48995,1336,14.22,0.022,18.6,0.2,2,3.406,14.22,55층 607㎡(42.7×14.2m) + 저층부 7층 600㎡(60.0×10.0m)
타워+저층별동,5 저층별동,47,47,159.1,93,36,47,14,46,37580,400.0,9812,47392,1492,15.88,0.096,25.5,0.32,2,3.492,16.06,47층 774㎡(48.2×16.1m) + 저층부 2층 600㎡(34.6×17.3m)
타워+저층별동,5 저층별동,41,41,139.3,93,15,47,5,46,37580,400.0,10339,47919,2736,29.13,0.059,4.4,0.06,2,3.44,10.72,41층 575㎡(53.6×10.7m) + 저층부 7층 2000㎡(63.2×31.6m)
쌍둥이,3 쌍둥이,55+50,55,185.5,93,37,47,17,46,37580,400.0,13764,51344,794,8.45,0.037,7.1,1.78,2,3.417,11.69,55층 410㎡(30.0×13.7m) + 50층 301㎡(25.7×11.7m)
단일+저층부,5 미세조정,55,55,185.5,94,42,47,20,47,37580,400.0,9507,47087,4133,43.99,0.157,inf,inf,2,3.622,9.38,55층 352㎡(37.5×9.4m) + 저층부 5층 4000㎡(84.9×47.1m)
단일+저층부,5 미세조정,54,54,182.2,94,42,47,20,47,37580,400.0,9481,47061,4133,43.99,0.153,inf,inf,2,3.62,9.35,54층 359㎡(38.4×9.3m) + 저층부 5층 4000㎡(84.9×47.1m)
타워+저층별동,5 저층별동,44,44,149.2,94,34,47,14,47,37580,400.0,9491,47071,1547,16.47,0.06,17.2,0.23,2,3.499,16.6,44층 827㎡(49.8×16.6m) + 저층부 2층 600㎡(34.6×17.3m)
타워+저층별동,5 저층별동,44,44,149.2,94,34,47,14,47,37580,400.0,9561,47141,1559,16.59,0.06,12.1,0.16,2,3.497,16.6,44층 827㎡(49.8×16.6m) + 저층부 2층 600㎡(52.0×11.5m)
단일+저층부,2 저층부,41,41,139.3,95,40,47,20,48,37580,400.0,7861,45441,4133,43.99,0.197,inf,inf,2,3.582,12.76,41층 488㎡(38.3×12.8m) + 저층부 5층 4000㎡(84.9×47.1m)
타워+저층별동,5 저층별동,47,47,159.1,95,43,47,20,48,37580,400.0,10080,47660,1452,15.46,0.121,9.6,0.12,2,3.506,15.66,47층 736㎡(47.0×15.7m) + 저층부 5층 600㎡(34.6×17.3m)
타워+저층별동,5 저층별동,53,53,178.9,95,43,47,20,48,37580,400.0,10427,48007,1401,14.91,0.114,9.8,0.11,2,3.498,15.13,53층 686㎡(45.4×15.1m) + 저층부 2층 600㎡(34.6×17.3m)
단일+저층부,2 저층부,50,50,169.0,95,28,47,10,48,37580,400.0,9018,46598,2602,27.7,0.112,inf,inf,2,3.497,12.48,50층 467㎡(37.4×12.5m) + 저층부 7층 2500㎡(59.2×42.3m)
타워+저층별동,5 저층별동,55,55,185.5,95,43,47,20,48,37580,400.0,10847,48427,1357,14.44,0.117,8.0,0.09,2,3.49,14.6,55층 640㎡(43.8×14.6m) + 저층부 4층 600㎡(42.4×14.1m)
타워+저층별동,5 저층별동,53,53,178.9,96,41,47,20,49,37580,400.0,12057,49637,1399,14.89,0.079,11.6,0.13,2,3.475,11.62,53층 675㎡(58.1×11.6m) + 저층부 3층 600㎡(34.6×17.3m)
타워+저층별동,5 저층별동,47,47,159.1,96,31,47,16,49,37580,400.0,11902,49482,1447,15.4,0.031,6.4,0.08,2,3.455,11.92,47층 710㎡(59.6×11.9m) + 저층부 7층 600㎡(52.0×11.5m)
단일+저층부,2 저층부,41,41,139.3,75,21,48,13,27,37580,400.0,7017,44597,4129,43.95,0.063,inf,inf,2,3.721,9.69,41층 282㎡(29.1×9.7m) + 저층부 7층 4000㎡(74.8×53.5m)
타워+저층별동,5 저층별동,38,38,129.4,85,31,48,11,37,37580,400.0,9483,47063,2082,22.16,0.086,6.7,0.1,2,3.499,15.3,38층 936㎡(61.2×15.3m) + 저층부 2층 1000㎡(44.7×22.4m)
타워+저층별동,5 저층별동,50,50,169.0,85,39,48,14,37,37580,400.0,10437,48017,1430,15.22,0.061,8.9,0.11,2,3.498,15.31,50층 704㎡(45.9×15.3m) + 저층부 4층 600㎡(52.0×11.5m)
타워+저층별동,5 저층별동,38,38,129.4,85,31,48,11,37,37580,400.0,9673,47253,1656,17.62,0.088,29.2,0.45,2,3.497,15.21,38층 926㎡(60.9×15.2m) + 저층부 4층 600㎡(34.6×17.3m)
타워+저층별동,5 저층별동,38,38,129.4,85,31,48,11,37,37580,400.0,9686,47266,1684,17.92,0.084,13.1,0.2,2,3.495,15.34,38층 942㎡(61.4×15.3m) + 저층부 3층 600㎡(52.0×11.5m)
타워+저층별동,5 저층별동,38,38,129.4,85,31,48,11,37,37580,400.0,9559,47139,1700,18.1,0.08,13.1,0.2,2,3.493,15.47,38층 957㎡(61.9×15.5m) + 저층부 2층 600㎡(52.0×11.5m)
단일,1b 층수·세장비,38,38,129.4,85,30,48,11,37,37580,400.0,8621,46201,1063,11.31,0.087,,,1,3.492,18.16,38층 989㎡(54.5×18.2m)
단일,1a 방위·위치,47,47,159.1,88,36,48,14,40,37580,400.0,9631,47211,866,9.22,0.061,,,1,3.481,16.33,47층 800㎡(49.0×16.3m)
단일+저층부,2 저층부,38,38,129.4,89,43,48,22,41,37580,400.0,7816,45396,4129,43.95,0.096,inf,inf,2,3.591,14.55,38층 635㎡(43.6×14.5m) + 저층부 4층 4000㎡(74.8×53.5m)
타워+저층별동,5 저층별동,41,41,139.3,89,35,48,14,41,37580,400.0,9512,47092,1569,16.7,0.102,14.9,0.21,2,3.495,16.77,41층 843㎡(50.3×16.8m) + 저층부 5층 600㎡(42.4×14.1m)
타워+저층별동,5 저층별동,44,44,149.2,93,35,48,14,45,37580,400.0,9688,47268,1545,16.44,0.098,12.1,0.16,2,3.489,16.46,44층 813㎡(49.4×16.5m) + 저층부 3층 600㎡(52.0×11.5m)
쌍둥이,3 쌍둥이,50+47,50,169.0,93,34,48,14,45,37580,400.0,12604,50184,853,9.08,0.042,9.9,2.47,2,3.425,14.14,50층 451㎡(26.9×16.8m) + 47층 320㎡(22.6×14.1m)
타워+저층별동,5 저층별동,44,44,149.2,94,35,48,14,46,37580,400.0,9625,47205,1538,16.37,0.098,7.1,0.1,2,3.487,16.46,44층 813㎡(49.4×16.5m) + 저층부 3층 600㎡(42.4×14.1m)
단일,1b 층수·세장비,53,53,178.9,94,40,48,21,46,37580,400.0,11838,49418,782,8.32,0.044,,,1,3.484,11.91,53층 709㎡(59.5×11.9m)
타워+저층별동,5 저층별동,44,44,149.2,94,35,48,14,46,37580,400.0,10037,47617,1523,16.21,0.101,9.6,0.13,2,3.48,16.19,44층 786㎡(48.6×16.2m) + 저층부 5층 600㎡(60.0×10.0m)
타워+저층별동,5 저층별동,44,44,149.2,94,30,48,13,46,37580,400.0,9730,47310,1902,20.24,0.104,9.2,0.12,2,3.476,15.95,44층 763㎡(47.8×15.9m) + 저층부 4층 1000㎡(54.8×18.3m)
단일+저층부,2 저층부,53,53,178.9,94,25,48,5,46,37580,400.0,9265,46845,2602,27.7,0.054,inf,inf,2,3.472,12.06,53층 437㎡(36.2×12.1m) + 저층부 7층 2500㎡(59.2×42.3m)
단일+저층부,2 저층부,50,50,169.0,95,46,48,22,47,37580,400.0,8536,46116,4129,43.95,0.203,inf,inf,2,3.633,11.41,50층 391㎡(34.2×11.4m) + 저층부 5층 4000㎡(74.8×53.5m)
쌍둥이,3 쌍둥이,53+41,53,178.9,95,36,48,16,47,37580,400.0,13003,50583,880,9.37,0.033,5.5,1.38,2,3.421,12.91,53층 425㎡(30.6×13.9m) + 41층 367㎡(28.4×12.9m)
타워+저층별동,5 저층별동,44,44,149.2,96,8,48,2,48,37580,400.0,11018,48598,1499,15.96,0.104,17.7,0.24,2,3.404,13.77,44층 759㎡(55.1×13.8m) + 저층부 7층 600㎡(60.0×10.0m)
단일+저층부,2 저층부,55,55,185.5,97,47,48,21,49,37580,400.0,9962,47542,4133,43.99,0.081,inf,inf,2,3.525,13.64,55층 558㎡(40.9×13.6m) + 저층부 2층 4000㎡(84.9×47.1m)
단일,1b 층수·세장비,47,47,159.1,97,34,48,11,49,37580,400.0,8881,46461,861,9.16,0.133,,,1,3.476,19.99,47층 800㎡(40.0×20.0m)
타워+저층별동,5 저층별동,44,44,149.2,87,27,49,13,38,37580,400.0,10639,48219,1481,15.77,0.055,10.9,0.15,2,3.473,13.77,44층 759㎡(55.1×13.8m) + 저층부 7층 600㎡(34.6×17.3m)
타워+저층별동,5 저층별동,41,41,139.3,91,34,49,14,42,37580,400.0,10614,48194,1606,17.09,0.067,10.8,0.16,2,3.477,13.21,41층 873㎡(66.1×13.2m) + 저층부 3층 600㎡(34.6×17.3m)
타워+저층별동,5 저층별동,41,41,139.3,92,32,49,14,43,37580,400.0,10696,48276,1591,16.93,0.07,26.9,0.39,2,3.463,13.1,41층 858㎡(65.5×13.1m) + 저층부 4층 600㎡(34.6×17.3m)
쌍둥이,3 쌍둥이,53+50,53,178.9,93,34,49,14,44,37580,400.0,13058,50638,811,8.63,0.033,10.5,2.62,2,3.412,14.89,53층 355㎡(23.8×14.9m) + 50층 376㎡(24.5×15.3m)
단일+저층부,5 미세조정,55,55,185.5,96,46,49,21,47,37581,400.0,9187,46767,4133,43.99,0.163,inf,inf,2,3.613,10.17,55층 352㎡(34.6×10.2m) + 저층부 5층 4000㎡(84.9×47.1m)
타워+저층별동,5 저층별동,44,44,149.2,97,20,49,10,48,37580,400.0,11548,49128,1498,15.95,0.08,14.2,0.19,2,3.43,12.32,44층 759㎡(61.6×12.3m) + 저층부 7층 600㎡(52.0×11.5m)
단일+저층부,5 미세조정,54,54,182.2,98,42,49,20,49,37580,400.0,9110,46690,4133,43.99,0.195,inf,inf,2,3.614,10.27,54층 359㎡(34.9×10.3m) + 저층부 5층 4000㎡(84.9×47.1m)
타워+저층별동,5 저층별동,50,50,169.0,104,22,49,10,55,37580,400.0,10614,48194,1744,18.56,0.032,10.0,0.12,2,3.439,14.28,50층 612㎡(42.8×14.3m) + 저층부 7층 1000㎡(54.8×18.3m)
타워+저층별동,5 저층별동,55,55,185.5,81,34,50,22,31,37580,400.0,11419,48999,2190,23.31,0.029,11.8,0.13,2,3.63,11.69,55층 547㎡(46.8×11.7m) + 저층부 5층 1500㎡(54.8×27.4m)
타워+저층별동,5 저층별동,44,44,149.2,82,17,50,9,32,37580,400.0,10267,47847,2699,28.73,0.031,8.3,0.11,2,3.477,11.57,44층 536㎡(46.3×11.6m) + 저층부 7층 2000㎡(77.5×25.8m)
단일+저층부,2 저층부,53,53,178.9,87,22,50,2,37,37580,400.0,9265,46845,2602,27.7,0.04,inf,inf,2,3.47,12.06,53층 437㎡(36.2×12.1m) + 저층부 7층 2500㎡(59.2×42.3m)
타워+저층별동,5 저층별동,38,38,129.4,89,33,50,13,39,37580,400.0,9012,46592,1650,17.56,0.099,8.6,0.13,2,3.491,17.57,38층 926㎡(52.7×17.6m) + 저층부 4층 600㎡(34.6×17.3m)
타워+저층별동,5 저층별동,47,47,159.1,89,38,50,14,39,37580,400.0,9881,47461,1504,16.01,0.057,10.3,0.13,2,3.487,16.06,47층 774㎡(48.2×16.1m) + 저층부 2층 600㎡(52.0×11.5m)
타워+저층별동,5 저층별동,47,47,159.1,89,38,50,14,39,37580,400.0,9881,47461,1504,16.01,0.057,12.3,0.15,2,3.484,16.06,47층 774㎡(48.2×16.1m) + 저층부 2층 600㎡(52.0×11.5m)
단일+저층부,2 저층부,38,38,129.4,91,21,50,7,41,37580,400.0,6812,44392,4129,43.95,0.185,inf,inf,2,3.555,10.15,38층 309㎡(30.4×10.1m) + 저층부 7층 4000㎡(74.8×53.5m)
타워+저층별동,5 저층별동,55,55,185.5,92,30,50,11,42,37580,400.0,12691,50271,1368,14.56,0.035,4.1,0.04,2,3.429,11.21,55층 629㎡(56.1×11.2m) + 저층부 5층 600㎡(60.0×10.0m)
단일+저층부,2 저층부,50,50,169.0,97,39,50,20,47,37580,400.0,9045,46625,4129,43.95,0.137,inf,inf,2,3.58,9.88,50층 391㎡(39.5×9.9m) + 저층부 5층 4000㎡(74.8×53.5m)
쌍둥이,3 쌍둥이,55+41,55,185.5,97,33,50,13,47,37580,400.0,12545,50125,884,9.41,0.058,9.4,2.35,2,3.422,14.61,55층 342㎡(23.4×14.6m) + 41층 458㎡(27.1×16.9m)
단일+저층부,2 저층부,47,47,159.1,98,42,50,18,48,37580,400.0,9717,47297,4129,43.95,0.135,inf,inf,2,3.55,10.02,47층 502㎡(50.1×10.0m) + 저층부 4층 4000㎡(74.8×53.5m)
단일+저층부,2 저층부,44,44,149.2,99,42,50,22,49,37580,400.0,8417,45997,4133,43.99,0.041,inf,inf,2,3.616,13.41,44층 540㎡(40.2×13.4m) + 저층부 4층 4000㎡(84.9×47.1m)
쌍둥이,3 쌍둥이,47+44,47,159.1,99,33,50,14,49,37580,400.0,12221,49801,912,9.71,0.053,8.9,2.23,2,3.431,15.81,47층 400㎡(25.3×15.8m) + 44층 427㎡(26.1×16.3m)
단일+저층부,2 저층부,55,55,185.5,100,47,50,22,50,37580,400.0,9673,47253,4133,43.99,0.148,inf,inf,2,3.56,12.81,55층 492㎡(38.4×12.8m) + 저층부 3층 4000㎡(84.9×47.1m)
타워+저층별동,5 저층별동,44,44,149.2,100,31,50,18,50,37580,400.0,10882,48462,1493,15.89,0.049,6.0,0.08,2,3.449,13.77,44층 759㎡(55.1×13.8m) + 저층부 7층 600㎡(52.0×11.5m)
단일,1b 층수·세장비,47,47,159.1,101,34,50,11,51,37580,400.0,10391,47971,871,9.27,0.089,,,1,3.445,14.14,47층 800㎡(56.6×14.1m)
타워+저층별동,5 저층별동,53,53,178.9,104,15,50,8,54,37580,400.0,12581,50161,1363,14.5,0.042,14.7,0.16,2,3.414,11.22,53층 630㎡(56.1×11.2m) + 저층부 7층 600㎡(52.0×11.5m)
단일+저층부,2 저층부,38,38,129.4,74,22,51,14,23,37580,400.0,6889,44469,4133,43.99,0.069,inf,inf,2,3.681,10.15,38층 309㎡(30.4×10.1m) + 저층부 7층 4000㎡(84.9×47.1m)
타워+저층별동,5 저층별동,55,55,185.5,81,31,51,16,30,37580,400.0,11818,49398,1690,17.99,0.023,12.0,0.13,2,3.502,11.79,55층 556㎡(47.2×11.8m) + 저층부 7층 1000㎡(54.8×18.3m)
타워+저층별동,5 저층별동,55,55,185.5,89,13,51,7,38,37580,400.0,12006,49586,1699,18.08,0.031,15.5,0.17,2,3.414,11.79,55층 556㎡(47.2×11.8m) + 저층부 7층 1000㎡(67.1×14.9m)
단일+저층부,2 저층부,55,55,185.5,90,23,51,14,39,37580,400.0,9488,47068,2605,27.73,0.046,inf,inf,2,3.646,11.81,55층 418㎡(35.4×11.8m) + 저층부 7층 2500㎡(67.1×37.3m)
타워+저층별동,5 저층별동,47,47,159.1,94,11,51,6,43,37580,400.0,12034,49614,1811,19.28,0.052,10.7,0.13,2,3.391,11.41,47층 651㎡(57.0×11.4m) + 저층부 7층 1000㎡(77.5×12.9m)
쌍둥이,3 쌍둥이,55+38,55,185.5,95,33,51,13,44,37580,400.0,12365,49945,890,9.47,0.04,9.2,2.31,2,3.416,15.72,55층 410㎡(25.6×16.0m) + 38층 396㎡(25.2×15.7m)
쌍둥이,3 쌍둥이,53+44,53,178.9,95,33,51,13,44,37580,400.0,12634,50214,865,9.2,0.031,9.7,2.41,2,3.414,14.89,53층 355㎡(23.8×14.9m) + 44층 427㎡(26.1×16.3m)
쌍둥이,3 쌍둥이,50+50,50,169.0,95,34,51,14,44,37580,400.0,12854,50434,833,8.87,0.033,10.1,2.53,2,3.41,15.33,50층 376㎡(24.5×15.3m) + 50층 376㎡(24.5×15.3m)
쌍둥이,3 쌍둥이,44+44,44,149.2,96,36,51,16,45,37580,400.0,12502,50082,945,10.06,0.035,4.5,1.13,2,3.432,12.46,44층 512㎡(33.6×15.3m) + 44층 342㎡(27.4×12.5m)
타워+저층별동,5 저층별동,50,50,169.0,96,11,51,6,45,37580,400.0,10978,48558,1761,18.74,0.039,10.7,0.13,2,3.405,14.28,50층 612㎡(42.8×14.3m) + 저층부 7층 1000㎡(77.5×12.9m)
타워+저층별동,5 저층별동,41,41,139.3,97,39,51,15,46,37580,400.0,9255,46835,1595,16.98,0.064,8.9,0.13,2,3.488,17.06,41층 873㎡(51.2×17.1m) + 저층부 3층 600㎡(34.6×17.3m)
타워+저층별동,5 저층별동,44,44,149.2,97,32,51,14,46,37580,400.0,9814,47394,1530,16.29,0.1,4.2,0.06,2,3.475,16.33,44층 800㎡(49.0×16.3m) + 저층부 4층 600㎡(52.0×11.5m)
단일+저층부,5 미세조정,55,55,185.5,98,43,51,20,47,37580,400.0,9187,46767,4133,43.99,0.179,inf,inf,2,3.626,10.17,55층 352㎡(34.6×10.2m) + 저층부 5층 4000㎡(84.9×47.1m)
단일+저층부,5 미세조정,51,51,172.3,98,42,51,20,47,37580,400.0,9183,46763,4133,43.99,0.154,inf,inf,2,3.613,9.77,51층 382㎡(39.1×9.8m) + 저층부 5층 4000㎡(84.9×47.1m)
단일,1a 방위·위치,47,47,159.1,98,36,51,16,47,37580,400.0,9631,47211,866,9.22,0.091,,,1,3.483,16.33,47층 800㎡(49.0×16.3m)
단일+저층부,5 미세조정,53,53,178.9,99,45,51,20,48,37580,400.0,9033,46613,4133,43.99,0.173,inf,inf,2,3.633,10.38,53층 366㎡(35.3×10.4m) + 저층부 5층 4000㎡(84.9×47.1m)
단일+저층부,5 미세조정,54,54,182.2,99,43,51,20,48,37580,400.0,9427,47007,4133,43.99,0.134,inf,inf,2,3.633,9.47,54층 359㎡(37.9×9.5m) + 저층부 5층 4000㎡(84.9×47.1m)
단일+저층부,5 미세조정,54,54,182.2,99,43,51,20,48,37580,400.0,9837,47417,4133,43.99,0.116,inf,inf,2,3.63,8.65,54층 359㎡(41.5×8.6m) + 저층부 5층 4000㎡(84.9×47.1m)
단일+저층부,2 저층부,53,53,178.9,101,38,51,20,50,37580,400.0,8821,46401,4133,43.99,0.076,inf,inf,2,3.568,11.05,53층 366㎡(33.1×11.0m) + 저층부 5층 4000㎡(84.9×47.1m)
단일+저층부,2 저층부,50,50,169.0,101,38,51,20,50,37580,400.0,8592,46172,4133,43.99,0.074,inf,inf,2,3.567,11.41,50층 391㎡(34.2×11.4m) + 저층부 5층 4000㎡(84.9×47.1m)
타워+저층별동,5 저층별동,55,55,185.5,103,33,51,18,52,37580,400.0,11037,48617,1318,14.03,0.122,10.3,0.11,2,3.463,14.22,55층 607㎡(42.7×14.2m) + 저층부 7층 600㎡(34.6×17.3m)
타워+저층별동,5 저층별동,41,41,139.3,80,29,52,22,28,37580,400.0,10213,47793,2316,24.65,0.036,14.1,0.2,2,3.618,12.85,41층 660㎡(51.4×12.8m) + 저층부 7층 1500㎡(67.1×22.4m)
쌍둥이,3 쌍둥이,44+38,44,149.2,97,37,52,17,45,37580,400.0,11938,49518,986,10.5,0.049,4.1,1.02,2,3.446,11.61,44층 598㎡(36.3×16.5m) + 38층 297㎡(25.5×11.6m)
단일+저층부,5 미세조정,54,54,182.2,100,45,52,21,48,37580,400.0,9481,47061,4133,43.99,0.115,inf,inf,2,3.627,9.35,54층 359㎡(38.4×9.3m) + 저층부 5층 4000㎡(84.9×47.1m)
단일+저층부,5 미세조정,53,53,178.9,100,44,52,21,48,37580,400.0,9685,47265,4133,43.99,0.087,inf,inf,2,3.626,8.86,53층 366㎡(41.3×8.9m) + 저층부 5층 4000㎡(84.9×47.1m)
단일+저층부,5 미세조정,55,55,185.5,100,46,52,21,48,37580,400.0,9187,46767,4133,43.99,0.144,inf,inf,2,3.623,10.17,55층 352㎡(34.6×10.2m) + 저층부 5층 4000㎡(84.9×47.1m)
단일+저층부,5 미세조정,54,54,182.2,100,46,52,21,48,37580,400.0,9110,46690,4133,43.99,0.145,inf,inf,2,3.622,10.27,54층 359㎡(34.9×10.3m) + 저층부 5층 4000㎡(84.9×47.1m)
단일+저층부,5 미세조정,53,53,178.9,100,45,52,21,48,37580,400.0,9400,46980,4133,43.99,0.135,inf,inf,2,3.618,9.45,53층 366㎡(38.8×9.4m) + 저층부 5층 4000㎡(84.9×47.1m)
단일+저층부,5 미세조정,50,50,169.0,100,45,52,21,48,37581,400.0,9101,46681,4133,43.99,0.138,inf,inf,2,3.612,9.88,50층 391㎡(39.5×9.9m) + 저층부 5층 4000㎡(84.9×47.1m)
단일+저층부,5 미세조정,52,52,175.6,101,45,52,21,49,37580,400.0,9097,46677,4133,43.99,0.122,inf,inf,2,3.625,10.09,52층 374㎡(37.1×10.1m) + 저층부 5층 4000㎡(84.9×47.1m)
쌍둥이,3 쌍둥이,47+38,47,159.1,101,36,52,16,49,37580,400.0,11658,49238,942,10.03,0.053,9.1,2.29,2,3.428,13.62,47층 560㎡(29.9×18.7m) + 38층 297㎡(21.8×13.6m)
단일+저층부,2 저층부,55,55,185.5,102,43,52,21,50,37580,400.0,8970,46550,4133,43.99,0.066,inf,inf,2,3.637,10.83,55층 352㎡(32.5×10.8m) + 저층부 5층 4000㎡(84.9×47.1m)
단일+저층부,5 미세조정,53,53,178.9,102,44,52,21,50,37580,400.0,9033,46613,4133,43.99,0.087,inf,inf,2,3.623,10.38,53층 366㎡(35.3×10.4m) + 저층부 5층 4000㎡(84.9×47.1m)
단일,1b 층수·세장비,47,47,159.1,90,38,53,14,37,37580,400.0,9631,47211,866,9.22,0.032,,,1,3.478,16.33,47층 800㎡(49.0×16.3m)
단일,1b 층수·세장비,41,41,139.3,93,36,53,16,40,37580,400.0,9679,47259,993,10.57,0.042,,,1,3.471,15.14,41층 917㎡(60.6×15.1m)
단일+저층부,2 저층부,38,38,129.4,94,36,53,20,41,37580,400.0,6812,44392,4129,43.95,0.25,inf,inf,2,3.672,10.15,38층 309㎡(30.4×10.1m) + 저층부 7층 4000㎡(74.8×53.5m)
타워+저층별동,5 저층별동,44,44,149.2,95,37,53,13,42,37580,400.0,9491,47071,1547,16.47,0.052,17.2,0.23,2,3.484,16.6,44층 827㎡(49.8×16.6m) + 저층부 2층 600㎡(34.6×17.3m)
쌍둥이,3 쌍둥이,55+55,55,185.5,96,36,53,16,43,37580,400.0,13527,51107,761,8.1,0.031,11.6,2.91,2,3.405,14.61,55층 342㎡(23.4×14.6m) + 55층 342㎡(23.4×14.6m)
단일+저층부,2 저층부,38,38,129.4,97,29,53,14,44,37580,400.0,6812,44392,4129,43.95,0.228,inf,inf,2,3.613,10.15,38층 309㎡(30.4×10.1m) + 저층부 7층 4000㎡(74.8×53.5m)
쌍둥이,3 쌍둥이,50+44,50,169.0,97,33,53,13,44,37580,400.0,12430,50010,887,9.44,0.031,9.3,2.32,2,3.415,15.33,50층 376㎡(24.5×15.3m) + 44층 427㎡(26.1×16.3m)
단일+저층부,2 저층부,41,41,139.3,100,42,53,18,47,37580,400.0,8099,45679,4129,43.95,0.178,inf,inf,2,3.56,13.94,41층 583㎡(41.8×13.9m) + 저층부 4층 4000㎡(74.8×53.5m)
단일+저층부,5 미세조정,55,55,185.5,101,44,53,20,48,37580,400.0,9507,47087,4133,43.99,0.121,inf,inf,2,3.639,9.38,55층 352㎡(37.5×9.4m) + 저층부 5층 4000㎡(84.9×47.1m)
단일+저층부,5 미세조정,51,51,172.3,101,44,53,20,48,37580,400.0,9082,46662,4133,43.99,0.148,inf,inf,2,3.63,10.03,51층 382㎡(38.1×10.0m) + 저층부 5층 4000㎡(84.9×47.1m)
타워+저층별동,5 저층별동,55,55,185.5,103,41,53,22,50,37580,400.0,11726,49306,1368,14.56,0.093,4.5,0.05,2,3.512,12.65,55층 640㎡(50.6×12.6m) + 저층부 4층 600㎡(52.0×11.5m)
단일,1b 층수·세장비,41,41,139.3,79,37,54,22,25,37580,400.0,8268,45848,982,10.45,0.049,,,1,3.594,21.41,41층 917㎡(42.8×21.4m)
단일,1b 층수·세장비,41,41,139.3,81,37,54,22,27,37580,400.0,8612,46192,985,10.48,0.036,,,1,3.617,19.15,41층 917㎡(47.9×19.1m)
단일,1b 층수·세장비,55,55,185.5,86,37,54,22,32,37580,400.0,11278,48858,750,7.98,0.024,,,1,3.564,13.07,55층 683㎡(52.3×13.1m)
타워+저층별동,5 저층별동,41,41,139.3,95,36,54,13,41,37580,400.0,9359,46939,1606,17.1,0.048,11.8,0.17,2,3.486,17.06,41층 873㎡(51.2×17.1m) + 저층부 3층 600㎡(52.0×11.5m)
타워+저층별동,5 저층별동,55,55,185.5,101,39,54,19,47,37580,400.0,12556,50136,1327,14.12,0.062,4.4,0.05,2,3.483,11.02,55층 607㎡(55.1×11.0m) + 저층부 7층 600㎡(34.6×17.3m)
단일+저층부,2 저층부,53,53,178.9,102,46,54,22,48,37580,400.0,10294,47874,4129,43.95,0.135,inf,inf,2,3.599,9.39,53층 440㎡(46.9×9.4m) + 저층부 4층 4000㎡(74.8×53.5m)
단일+저층부,2 저층부,53,53,178.9,102,46,54,22,48,37580,400.0,10114,47694,4129,43.95,0.131,inf,inf,2,3.579,11.31,53층 512㎡(45.2×11.3m) + 저층부 3층 4000㎡(74.8×53.5m)
타워+저층별동,5 저층별동,55,55,185.5,102,46,54,22,48,37580,400.0,12282,49862,1373,14.61,0.052,4.2,0.05,2,3.499,11.41,55층 651㎡(57.0×11.4m) + 저층부 3층 600㎡(34.6×17.3m)
타워+저층별동,5 저층별동,50,50,169.0,102,41,54,20,48,37580,400.0,11712,49292,1441,15.34,0.076,4.4,0.05,2,3.484,11.96,50층 716㎡(59.8×12.0m) + 저층부 3층 600㎡(34.6×17.3m)
단일+저층부,2 저층부,55,55,185.5,103,44,54,22,49,37580,400.0,9303,46883,4129,43.95,0.169,inf,inf,2,3.6,11.88,55층 423㎡(35.6×11.9m) + 저층부 4층 4000㎡(74.8×53.5m)
단일+저층부,2 저층부,50,50,169.0,103,46,54,22,49,37580,400.0,9828,47408,4129,43.95,0.131,inf,inf,2,3.576,11.66,50층 544㎡(46.7×11.7m) + 저층부 3층 4000㎡(74.8×53.5m)
타워+저층별동,5 저층별동,53,53,178.9,103,44,54,22,49,37580,400.0,12199,49779,1375,14.63,0.053,13.2,0.15,2,3.49,11.42,53층 652㎡(57.1×11.4m) + 저층부 5층 600㎡(34.6×17.3m)
단일+저층부,5 미세조정,52,52,175.6,104,46,54,21,50,37580,400.0,9265,46845,4133,43.99,0.129,inf,inf,2,3.614,9.67,52층 374㎡(38.7×9.7m) + 저층부 5층 4000㎡(84.9×47.1m)
단일+저층부,2 저층부,50,50,169.0,104,36,54,15,50,37580,400.0,8536,46116,4129,43.95,0.078,inf,inf,2,3.558,11.41,50층 391㎡(34.2×11.4m) + 저층부 5층 4000㎡(74.8×53.5m)
타워+저층별동,5 저층별동,50,50,169.0,104,42,54,22,50,37580,400.0,11859,49439,1416,15.07,0.064,5.1,0.06,2,3.507,11.76,50층 692㎡(58.8×11.8m) + 저층부 5층 600㎡(34.6×17.3m)
단일,1b 층수·세장비,44,44,149.2,104,36,54,11,50,37580,400.0,8935,46515,920,9.79,0.07,,,1,3.456,18.48,44층 854㎡(46.2×18.5m)
단일,1b 층수·세장비,55,55,185.5,105,41,54,20,51,37580,400.0,12068,49648,754,8.03,0.087,,,1,3.485,11.69,55층 683㎡(58.4×11.7m)
타워+저층별동,5 저층별동,55,55,185.5,92,36,55,22,37,37580,400.0,11378,48958,2247,23.92,0.032,10.5,0.11,2,3.628,12.26,55층 601㎡(49.0×12.3m) + 저층부 3층 1500㎡(54.8×27.4m)
타워+저층별동,5 저층별동,53,53,178.9,92,31,55,22,37,37580,400.0,11497,49077,1706,18.16,0.036,32.1,0.36,2,3.599,12.01,53층 577㎡(48.0×12.0m) + 저층부 7층 1000㎡(44.7×22.4m)
단일,1b 층수·세장비,38,38,129.4,92,36,55,17,37,37580,400.0,8278,45858,1060,11.28,0.055,,,1,3.497,19.89,38층 989㎡(49.7×19.9m)
단일+저층부,2 저층부,41,41,139.3,98,33,55,16,43,37580,400.0,7095,44675,4133,43.99,0.105,inf,inf,2,3.643,9.69,41층 282㎡(29.1×9.7m) + 저층부 7층 4000㎡(84.9×47.1m)
단일,1b 층수·세장비,53,53,178.9,99,37,55,15,44,37580,400.0,9119,46699,764,8.14,0.109,,,1,3.454,21.74,53층 709㎡(32.6×21.7m)
쌍둥이,3 쌍둥이,44+38,44,149.2,100,32,55,13,45,37580,400.0,11556,49136,1012,10.77,0.05,7.5,1.87,2,3.435,16.34,44층 427㎡(26.1×16.3m) + 38층 494㎡(28.1×17.6m)
쌍둥이,3 쌍둥이,53+41,53,178.9,102,34,55,14,47,37580,400.0,12428,50008,876,9.32,0.037,9.8,2.46,2,3.413,15.14,53층 425㎡(26.1×16.3m) + 41층 367㎡(24.2×15.1m)
쌍둥이,3 쌍둥이,53+44,53,178.9,102,36,55,16,47,37580,400.0,12629,50209,849,9.04,0.039,10.3,2.57,2,3.413,14.61,53층 425㎡(26.1×16.3m) + 44층 342㎡(23.4×14.6m)
단일+저층부,2 저층부,55,55,185.5,104,29,55,9,49,37580,400.0,9427,47007,2602,27.7,0.075,inf,inf,2,3.509,11.81,55층 418㎡(35.4×11.8m) + 저층부 7층 2500㎡(59.2×42.3m)
타워+저층별동,5 저층별동,50,50,169.0,104,39,55,22,49,37580,400.0,12032,49612,1428,15.2,0.047,5.9,0.07,2,3.474,11.76,50층 692㎡(58.8×11.8m) + 저층부 5층 600㎡(52.0×11.5m)
단일,1b 층수·세장비,50,50,169.0,106,37,55,17,51,37580,400.0,10731,48311,821,8.74,0.04,,,1,3.447,13.71,50층 752㎡(54.8×13.7m)
타워+저층별동,5 저층별동,55,55,185.5,93,36,56,22,37,37580,400.0,11529,49109,1741,18.54,0.032,7.1,0.08,2,3.624,12.35,55층 611㎡(49.4×12.4m) + 저층부 4층 1000㎡(44.7×22.4m)
타워+저층별동,5 저층별동,55,55,185.5,93,36,56,22,37,37580,400.0,11600,49180,1747,18.6,0.032,11.7,0.13,2,3.624,12.35,55층 611㎡(49.4×12.4m) + 저층부 4층 1000㎡(54.8×18.3m)
단일,1a 방위·위치,47,47,159.1,93,32,56,10,37,37580,400.0,9631,47211,866,9.22,0.058,,,1,3.496,16.33,47층 800㎡(49.0×16.3m)
단일,1b 층수·세장비,38,38,129.4,95,33,56,10,39,37580,400.0,8278,45858,1060,11.28,0.058,,,1,3.477,19.89,38층 989㎡(49.7×19.9m)
단일+저층부,2 저층부,53,53,178.9,96,22,56,12,40,37580,400.0,9449,47029,4140,44.06,0.09,inf,inf,2,3.604,9.57,53층 366㎡(38.3×9.6m) + 저층부 5층 4000㎡(98.0×40.8m)
타워+저층별동,5 저층별동,53,53,178.9,98,31,56,21,42,37580,400.0,10917,48497,2595,27.62,0.082,5.6,0.06,2,3.616,10.55,53층 445㎡(42.2×10.5m) + 저층부 7층 2000㎡(63.2×31.6m)
단일+저층부,2 저층부,38,38,129.4,99,31,56,17,43,37580,400.0,6812,44392,4129,43.95,0.24,inf,inf,2,3.631,10.15,38층 309㎡(30.4×10.1m) + 저층부 7층 4000㎡(74.8×53.5m)
타워+저층별동,5 저층별동,38,38,129.4,99,35,56,15,43,37580,400.0,10206,47786,1706,18.16,0.045,5.4,0.08,2,3.478,13.84,38층 957㎡(69.2×13.8m) + 저층부 2층 600㎡(52.0×11.5m)
단일,1b 층수·세장비,44,44,149.2,100,38,56,18,44,37580,400.0,10040,47620,928,9.88,0.091,,,1,3.479,14.61,44층 854㎡(58.4×14.6m)
단일,1b 층수·세장비,41,41,139.3,101,33,56,11,45,37580,400.0,8268,45848,982,10.45,0.147,,,1,3.478,21.41,41층 917㎡(42.8×21.4m)
쌍둥이,3 쌍둥이,44+41,44,149.2,102,34,56,14,46,37580,400.0,11748,49328,967,10.29,0.037,8.6,2.14,2,3.428,15.14,44층 512㎡(28.6×17.9m) + 41층 367㎡(24.2×15.1m)
단일,1b 층수·세장비,55,55,185.5,102,40,56,17,46,37580,400.0,12068,49648,754,8.03,0.033,,,1,3.424,11.69,55층 683㎡(58.4×11.7m)
타워+저층별동,5 저층별동,41,41,139.3,103,37,56,16,47,37580,400.0,10599,48179,1633,17.38,0.056,5.7,0.08,2,3.479,13.32,41층 887㎡(66.6×13.3m) + 저층부 2층 600㎡(52.0×11.5m)
쌍둥이,3 쌍둥이,50+47,50,169.0,103,34,56,14,47,37580,400.0,12645,50225,859,9.14,0.028,10.1,2.52,2,3.41,15.33,50층 376㎡(24.5×15.3m) + 47층 400㎡(25.3×15.8m)
쌍둥이,3 쌍둥이,55+38,55,185.5,103,34,56,14,47,37580,400.0,12365,49945,890,9.47,0.035,9.6,2.4,2,3.409,15.72,55층 410㎡(25.6×16.0m) + 38층 396㎡(25.2×15.7m)
단일+저층부,5 미세조정,55,55,185.5,104,44,56,20,48,37580,400.0,9187,46767,4133,43.99,0.148,inf,inf,2,3.638,10.17,55층 352㎡(34.6×10.2m) + 저층부 5층 4000㎡(84.9×47.1m)
단일+저층부,5 미세조정,54,54,182.2,104,44,56,20,48,37580,400.0,9110,46690,4133,43.99,0.199,inf,inf,2,3.629,10.27,54층 359㎡(34.9×10.3m) + 저층부 5층 4000㎡(84.9×47.1m)
단일+저층부,5 미세조정,53,53,178.9,104,44,56,20,48,37580,400.0,9243,46823,4133,43.99,0.188,inf,inf,2,3.626,9.82,53층 366㎡(37.3×9.8m) + 저층부 5층 4000㎡(84.9×47.1m)
단일+저층부,5 미세조정,54,54,182.2,106,44,56,21,50,37580,400.0,9593,47173,4133,43.99,0.089,inf,inf,2,3.621,9.11,54층 359㎡(39.4×9.1m) + 저층부 5층 4000㎡(84.9×47.1m)
타워+저층별동,5 저층별동,41,41,139.3,107,24,56,16,51,37580,400.0,10854,48434,1888,20.1,0.085,5.8,0.08,2,3.457,12.21,41층 746㎡(61.1×12.2m) + 저층부 7층 1000㎡(44.7×22.4m)
단일,1b 층수·세장비,47,47,159.1,107,35,56,13,51,37580,400.0,11817,49397,881,9.38,0.057,,,1,3.412,11.54,47층 800㎡(69.3×11.5m)
단일,1b 층수·세장비,44,44,149.2,82,37,57,22,25,37580,400.0,8579,46159,917,9.76,0.025,,,1,3.602,20.67,44층 854㎡(41.3×20.7m)
타워+저층별동,5 저층별동,50,50,169.0,90,23,57,13,33,37580,400.0,11118,48698,2191,23.32,0.032,7.8,0.09,2,3.572,11.64,50층 542㎡(46.5×11.6m) + 저층부 7층 1500㎡(67.1×22.4m)
단일,1b 층수·세장비,53,53,178.9,91,37,57,17,34,37580,400.0,9849,47429,769,8.19,0.052,,,1,3.514,16.84,53층 709㎡(42.1×16.8m)
쌍둥이,3 쌍둥이,38+38,38,129.4,96,34,57,14,39,37580,400.0,11052,48632,1082,11.52,0.035,7.0,1.75,2,3.435,15.72,38층 593㎡(30.8×19.3m) + 38층 396㎡(25.2×15.7m)
타워+저층별동,5 저층별동,47,47,159.1,99,26,57,8,42,37580,400.0,10352,47932,1430,15.22,0.064,7.6,0.1,2,3.435,15.39,47층 710㎡(46.2×15.4m) + 저층부 7층 600㎡(42.4×14.1m)
쌍둥이,3 쌍둥이,41+38,41,139.3,99,34,57,14,42,37580,400.0,11301,48881,1037,11.03,0.035,7.6,1.9,2,3.433,15.72,41층 550㎡(29.7×18.5m) + 38층 396㎡(25.2×15.7m)
타워+저층별동,5 저층별동,38,38,129.4,103,33,57,18,46,37580,400.0,9191,46771,2000,21.29,0.125,8.7,0.14,2,3.482,16.91,38층 857㎡(50.7×16.9m) + 저층부 5층 1000㎡(54.8×18.3m)
단일,1b 층수·세장비,41,41,139.3,103,34,57,11,46,37580,400.0,8612,46192,985,10.48,0.114,,,1,3.461,19.15,41층 917㎡(47.9×19.1m)
단일+저층부,5 미세조정,55,55,185.5,104,45,57,21,47,37580,400.0,9921,47501,4133,43.99,0.119,inf,inf,2,3.626,8.56,55층 352㎡(41.1×8.6m) + 저층부 5층 4000㎡(84.9×47.1m)
쌍둥이,3 쌍둥이,50+44,50,169.0,104,34,57,14,47,37580,400.0,12430,50010,887,9.44,0.026,9.7,2.42,2,3.411,15.33,50층 376㎡(24.5×15.3m) + 44층 427㎡(26.1×16.3m)
단일+저층부,5 미세조정,55,55,185.5,105,43,57,20,48,37580,400.0,9507,47087,4133,43.99,0.242,inf,inf,2,3.609,9.38,55층 352㎡(37.5×9.4m) + 저층부 5층 4000㎡(84.9×47.1m)
단일+저층부,2 저층부,55,55,185.5,105,44,57,19,48,37580,400.0,9429,47009,4140,44.06,0.153,inf,inf,2,3.581,11.88,55층 423㎡(35.6×11.9m) + 저층부 4층 4000㎡(98.0×40.8m)
단일+저층부,2 저층부,55,55,185.5,106,44,57,22,49,37580,400.0,8915,46495,4129,43.95,0.193,inf,inf,2,3.625,10.83,55층 352㎡(32.5×10.8m) + 저층부 5층 4000㎡(74.8×53.5m)
단일+저층부,2 저층부,50,50,169.0,108,43,57,22,51,37580,400.0,8937,46517,4133,43.99,0.048,inf,inf,2,3.615,12.51,50층 469㎡(37.5×12.5m) + 저층부 4층 4000㎡(84.9×47.1m)
타워+저층별동,5 저층별동,44,44,149.2,93,31,58,21,35,37580,400.0,10567,48147,1830,19.48,0.03,7.7,0.1,2,3.61,13.18,44층 695㎡(52.7×13.2m) + 저층부 7층 1000㎡(44.7×22.4m)
타워+저층별동,5 저층별동,53,53,178.9,95,36,58,22,37,37580,400.0,12128,49708,1776,18.91,0.024,22.3,0.25,2,3.61,11.26,53층 634㎡(56.3×11.3m) + 저층부 4층 1000㎡(54.8×18.3m)
타워+저층별동,5 저층별동,55,55,185.5,95,36,58,22,37,37580,400.0,12107,49687,2280,24.27,0.024,4.8,0.05,2,3.609,11.21,55층 629㎡(56.1×11.2m) + 저층부 2층 1500㎡(54.8×27.4m)
타워+저층별동,5 저층별동,55,55,185.5,95,36,58,22,37,37580,400.0,12352,49932,1361,14.49,0.023,38.1,0.41,2,3.608,11.31,55층 640㎡(56.6×11.3m) + 저층부 4층 600㎡(34.6×17.3m)
단일,1b 층수·세장비,53,53,178.9,95,37,58,22,37,37580,400.0,9458,47038,767,8.16,0.061,,,1,3.553,18.83,53층 709㎡(37.7×18.8m)
단일,1b 층수·세장비,55,55,185.5,95,37,58,11,37,37580,400.0,9644,47224,740,7.87,0.069,,,1,3.498,18.48,55층 683㎡(37.0×18.5m)
타워+저층별동,5 저층별동,53,53,178.9,96,36,58,22,38,37580,400.0,12161,49741,1410,15.01,0.02,6.0,0.07,2,3.605,11.62,53층 675㎡(58.1×11.6m) + 저층부 3층 600㎡(52.0×11.5m)
타워+저층별동,5 저층별동,47,47,159.1,96,27,58,17,38,37580,400.0,10441,48021,2789,29.69,0.035,7.8,0.1,2,3.595,12.54,47층 629㎡(50.2×12.5m) + 저층부 4층 2000㎡(63.2×31.6m)
타워+저층별동,5 저층별동,53,53,178.9,97,36,58,22,39,37580,400.0,11433,49013,1387,14.76,0.028,28.9,0.32,2,3.61,12.88,53층 664㎡(51.5×12.9m) + 저층부 4층 600㎡(42.4×14.1m)
타워+저층별동,5 저층별동,47,47,159.1,97,36,58,22,39,37580,400.0,10495,48075,2388,25.41,0.024,4.2,0.05,2,3.609,13.56,47층 736㎡(54.2×13.6m) + 저층부 2층 1500㎡(54.8×27.4m)
타워+저층별동,5 저층별동,47,47,159.1,97,36,58,22,39,37580,400.0,10865,48445,1482,15.78,0.023,17.1,0.21,2,3.607,13.68,47층 749㎡(54.7×13.7m) + 저층부 4층 600㎡(52.0×11.5m)
단일+저층부,2 저층부,41,41,139.3,102,43,58,22,44,37580,400.0,7805,45385,4129,43.95,0.116,inf,inf,2,3.64,12.76,41층 488㎡(38.3×12.8m) + 저층부 5층 4000㎡(74.8×53.5m)
단일+저층부,2 저층부,41,41,139.3,104,43,58,20,46,37580,400.0,7861,45441,4133,43.99,0.137,inf,inf,2,3.618,12.76,41층 488㎡(38.3×12.8m) + 저층부 5층 4000㎡(84.9×47.1m)
단일+저층부,5 미세조정,50,50,169.0,106,46,58,21,48,37580,400.0,9101,46681,4133,43.99,0.133,inf,inf,2,3.628,9.88,50층 391㎡(39.5×9.9m) + 저층부 5층 4000㎡(84.9×47.1m)
단일+저층부,2 저층부,50,50,169.0,107,43,58,22,49,37580,400.0,9534,47114,4129,43.95,0.078,inf,inf,2,3.632,8.84,50층 391㎡(44.2×8.8m) + 저층부 5층 4000㎡(74.8×53.5m)
단일+저층부,2 저층부,55,55,185.5,107,41,58,21,49,37580,400.0,8915,46495,4129,43.95,0.131,inf,inf,2,3.597,10.83,55층 352㎡(32.5×10.8m) + 저층부 5층 4000㎡(74.8×53.5m)
단일+저층부,2 저층부,53,53,178.9,107,39,58,18,49,37580,400.0,10294,47874,4129,43.95,0.097,inf,inf,2,3.555,9.39,53층 440㎡(46.9×9.4m) + 저층부 4층 4000㎡(74.8×53.5m)
단일+저층부,2 저층부,55,55,185.5,107,32,58,15,49,37580,400.0,8970,46550,4133,43.99,0.079,inf,inf,2,3.547,10.83,55층 352㎡(32.5×10.8m) + 저층부 5층 4000㎡(84.9×47.1m)
단일+저층부,2 저층부,44,44,149.2,108,40,58,18,50,37580,400.0,8113,45693,4133,43.99,0.127,inf,inf,2,3.598,12.26,44층 451㎡(36.8×12.3m) + 저층부 5층 4000㎡(84.9×47.1m)
타워+저층별동,5 저층별동,44,44,149.2,111,17,58,3,53,37580,400.0,9947,47527,1476,15.71,0.071,9.5,0.13,2,3.429,15.9,44층 759㎡(47.7×15.9m) + 저층부 7층 600㎡(34.6×17.3m)
단일+저층부,2 저층부,47,47,159.1,89,31,59,20,30,37580,400.0,8301,45881,4129,43.95,0.037,inf,inf,2,3.703,11.81,47층 419㎡(35.4×11.8m) + 저층부 5층 4000㎡(74.8×53.5m)
타워+저층별동,5 저층별동,55,55,185.5,96,34,59,22,37,37580,400.0,11469,49049,1760,18.74,0.03,22.0,0.24,2,3.602,12.54,55층 629㎡(50.1×12.5m) + 저층부 3층 1000㎡(44.7×22.4m)
단일,1b 층수·세장비,47,47,159.1,96,33,59,11,37,37580,400.0,8561,46141,858,9.14,0.077,,,1,3.467,23.09,47층 800㎡(34.6×23.1m)
타워+저층별동,5 저층별동,50,50,169.0,98,36,59,22,39,37580,400.0,10823,48403,2342,24.92,0.027,4.8,0.06,2,3.612,13.15,50층 692㎡(52.6×13.1m) + 저층부 2층 1500㎡(54.8×27.4m)
타워+저층별동,5 저층별동,53,53,178.9,98,36,59,22,39,37580,400.0,11221,48801,1406,14.96,0.026,15.0,0.17,2,3.607,13.1,53층 686㎡(52.4×13.1m) + 저층부 2층 600㎡(34.6×17.3m)
단일+저층부,2 저층부,38,38,129.4,100,43,59,22,41,37580,400.0,7979,45559,4129,43.95,0.184,inf,inf,2,3.607,11.54,38층 533㎡(46.2×11.5m) + 저층부 5층 4000㎡(74.8×53.5m)
타워+저층별동,5 저층별동,55,55,185.5,100,30,59,20,41,37580,400.0,12556,50136,1327,14.12,0.026,6.5,0.07,2,3.599,11.02,55층 607㎡(55.1×11.0m) + 저층부 7층 600㎡(34.6×17.3m)
단일,1b 층수·세장비,47,47,159.1,100,36,59,13,41,37580,400.0,9249,46829,863,9.19,0.101,,,1,3.489,17.88,47층 800㎡(44.7×17.9m)
타워+저층별동,5 저층별동,53,53,178.9,101,31,59,21,42,37580,400.0,11986,49566,1365,14.52,0.031,5.6,0.06,2,3.583,12.55,53층 630㎡(50.2×12.5m) + 저층부 7층 600㎡(60.0×10.0m)
단일+저층부,2 저층부,53,53,178.9,108,44,59,22,49,37580,400.0,8766,46346,4129,43.95,0.167,inf,inf,2,3.618,11.05,53층 366㎡(33.1×11.0m) + 저층부 5층 4000㎡(74.8×53.5m)
단일+저층부,2 저층부,50,50,169.0,109,43,59,22,50,37580,400.0,8592,46172,4133,43.99,0.203,inf,inf,2,3.62,11.41,50층 391㎡(34.2×11.4m) + 저층부 5층 4000㎡(84.9×47.1m)
단일+저층부,2 저층부,50,50,169.0,109,47,59,22,50,37580,400.0,9201,46781,4129,43.95,0.164,inf,inf,2,3.584,13.47,50층 544㎡(40.4×13.5m) + 저층부 3층 4000㎡(74.8×53.5m)
단일+저층부,2 저층부,38,38,129.4,89,20,60,12,29,37580,400.0,6812,44392,4129,43.95,0.107,inf,inf,2,3.671,10.15,38층 309㎡(30.4×10.1m) + 저층부 7층 4000㎡(74.8×53.5m)
단일+저층부,2 저층부,38,38,129.4,93,25,60,13,33,37580,400.0,6889,44469,4133,43.99,0.185,inf,inf,2,3.659,10.15,38층 309㎡(30.4×10.1m) + 저층부 7층 4000㎡(84.9×47.1m)
단일,1a 방위·위치,47,47,159.1,93,34,60,14,33,37580,400.0,9631,47211,866,9.22,0.026,,,1,3.505,16.33,47층 800㎡(49.0×16.3m)
타워+저층별동,5 저층별동,55,55,185.5,99,39,60,22,39,37580,400.0,11419,48999,2190,23.31,0.068,9.7,0.1,2,3.624,11.69,55층 547㎡(46.8×11.7m) + 저층부 5층 1500㎡(54.8×27.4m)
타워+저층별동,5 저층별동,50,50,169.0,101,27,60,17,41,37580,400.0,11876,49456,1747,18.6,0.028,26.8,0.32,2,3.57,11.06,50층 612㎡(55.3×11.1m) + 저층부 7층 1000㎡(44.7×22.4m)
단일,1b 층수·세장비,44,44,149.2,104,31,60,11,44,37580,400.0,8270,45850,915,9.74,0.106,,,1,3.465,23.86,44층 854㎡(35.8×23.9m)
단일+저층부,2 저층부,44,44,149.2,106,44,60,22,46,37580,400.0,8057,45637,4129,43.95,0.105,inf,inf,2,3.643,12.26,44층 451㎡(36.8×12.3m) + 저층부 5층 4000㎡(74.8×53.5m)
단일+저층부,2 저층부,55,55,185.5,108,41,60,20,48,37580,400.0,8915,46495,4129,43.95,0.148,inf,inf,2,3.6,10.83,55층 352㎡(32.5×10.8m) + 저층부 5층 4000㎡(74.8×53.5m)
타워+저층별동,5 저층별동,41,41,139.3,108,40,60,18,48,37580,400.0,9188,46768,1615,17.19,0.111,14.7,0.21,2,3.495,17.2,41층 887㎡(51.6×17.2m) + 저층부 2층 600㎡(42.4×14.1m)
단일+저층부,2 저층부,41,41,139.3,109,33,60,19,49,37580,400.0,7095,44675,4133,43.99,0.184,inf,inf,2,3.625,9.69,41층 282㎡(29.1×9.7m) + 저층부 7층 4000㎡(84.9×47.1m)
단일+저층부,2 저층부,55,55,185.5,109,44,60,19,49,37580,400.0,9303,46883,4129,43.95,0.132,inf,inf,2,3.579,11.88,55층 423㎡(35.6×11.9m) + 저층부 4층 4000㎡(74.8×53.5m)
단일+저층부,2 저층부,55,55,185.5,110,39,60,20,50,37580,400.0,8915,46495,4129,43.95,0.07,inf,inf,2,3.58,10.83,55층 352㎡(32.5×10.8m) + 저층부 5층 4000㎡(74.8×53.5m)
단일,1b 층수·세장비,38,38,129.4,85,36,61,22,24,37580,400.0,8621,46201,1063,11.31,0.041,,,1,3.584,18.16,38층 989㎡(54.5×18.2m)
단일,1b 층수·세장비,44,44,149.2,90,36,61,22,29,37580,400.0,9305,46885,923,9.82,0.044,,,1,3.575,16.87,44층 854㎡(50.6×16.9m)
단일+저층부,2 저층부,41,41,139.3,93,21,61,13,32,37580,400.0,7017,44597,4129,43.95,0.108,inf,inf,2,3.721,9.69,41층 282㎡(29.1×9.7m) + 저층부 7층 4000㎡(74.8×53.5m)
타워+저층별동,5 저층별동,55,55,185.5,102,34,61,22,41,37580,400.0,10496,48076,2650,28.21,0.04,5.3,0.06,2,3.645,12.93,55층 501㎡(38.8×12.9m) + 저층부 5층 2000㎡(63.2×31.6m)
단일+저층부,2 저층부,55,55,185.5,103,27,61,17,42,37580,400.0,8915,46495,4129,43.95,0.07,inf,inf,2,3.665,10.83,55층 352㎡(32.5×10.8m) + 저층부 5층 4000㎡(74.8×53.5m)
단일+저층부,2 저층부,44,44,149.2,107,44,61,22,46,37580,400.0,8372,45952,4129,43.95,0.095,inf,inf,2,3.613,13.41,44층 540㎡(40.2×13.4m) + 저층부 4층 4000㎡(74.8×53.5m)
단일+저층부,5 미세조정,54,54,182.2,110,43,61,20,49,37580,400.0,9322,46902,4133,43.99,0.159,inf,inf,2,3.626,9.72,54층 359㎡(36.9×9.7m) + 저층부 5층 4000㎡(84.9×47.1m)
단일+저층부,5 미세조정,51,51,172.3,111,43,61,20,50,37580,400.0,9183,46763,4133,43.99,0.153,inf,inf,2,3.624,9.77,51층 382㎡(39.1×9.8m) + 저층부 5층 4000㎡(84.9×47.1m)
단일+저층부,5 미세조정,52,52,175.6,111,43,61,20,50,37580,400.0,9265,46845,4133,43.99,0.153,inf,inf,2,3.624,9.67,52층 374㎡(38.7×9.7m) + 저층부 5층 4000㎡(84.9×47.1m)
단일+저층부,2 저층부,50,50,169.0,111,45,61,22,50,37580,400.0,9235,46815,4133,43.99,0.096,inf,inf,2,3.573,13.47,50층 544㎡(40.4×13.5m) + 저층부 3층 4000㎡(84.9×47.1m)
타워+저층별동,5 저층별동,50,50,169.0,113,38,61,22,52,37580,400.0,11205,48785,1416,15.07,0.091,7.7,0.09,2,3.502,13.15,50층 692㎡(52.6×13.1m) + 저층부 5층 600㎡(42.4×14.1m)
단일+저층부,2 저층부,41,41,139.3,94,20,62,9,32,37580,400.0,7238,44818,4140,44.06,0.157,inf,inf,2,3.674,9.69,41층 282㎡(29.1×9.7m) + 저층부 7층 4000㎡(98.0×40.8m)
단일,1b 층수·세장비,47,47,159.1,99,34,62,10,37,37580,400.0,8881,46461,861,9.16,0.059,,,1,3.493,19.99,47층 800㎡(40.0×20.0m)
단일,1b 층수·세장비,38,38,129.4,102,37,62,17,40,37580,400.0,8621,46201,1063,11.31,0.078,,,1,3.461,18.16,38층 989㎡(54.5×18.2m)
단일+저층부,2 저층부,55,55,185.5,110,41,62,20,48,37580,400.0,8915,46495,4129,43.95,0.127,inf,inf,2,3.595,10.83,55층 352㎡(32.5×10.8m) + 저층부 5층 4000㎡(74.8×53.5m)
단일+저층부,2 저층부,38,38,129.4,110,38,62,20,48,37580,400.0,7599,45179,4133,43.99,0.159,inf,inf,2,3.568,13.33,38층 533㎡(40.0×13.3m) + 저층부 5층 4000㎡(84.9×47.1m)
단일+저층부,2 저층부,50,50,169.0,111,44,62,22,49,37580,400.0,9201,46781,4129,43.95,0.083,inf,inf,2,3.596,13.47,50층 544㎡(40.4×13.5m) + 저층부 3층 4000㎡(74.8×53.5m)
단일+저층부,2 저층부,50,50,169.0,111,47,62,22,49,37580,400.0,9201,46781,4129,43.95,0.122,inf,inf,2,3.566,13.47,50층 544㎡(40.4×13.5m) + 저층부 3층 4000㎡(74.8×53.5m)
단일+저층부,5 미세조정,55,55,185.5,112,41,62,18,50,37580,400.0,9401,46981,4133,43.99,0.242,inf,inf,2,3.608,9.62,55층 352㎡(36.6×9.6m) + 저층부 5층 4000㎡(84.9×47.1m)
단일,1b 층수·세장비,55,55,185.5,114,42,62,22,52,37580,400.0,9644,47224,740,7.87,0.067,,,1,3.517,18.48,55층 683㎡(37.0×18.5m)
단일,1b 층수·세장비,47,47,159.1,97,33,63,14,34,37580,400.0,9631,47211,866,9.22,0.051,,,1,3.507,16.33,47층 800㎡(49.0×16.3m)
단일,1b 층수·세장비,44,44,149.2,100,30,63,10,37,37580,400.0,8935,46515,920,9.79,0.086,,,1,3.495,18.48,44층 854㎡(46.2×18.5m)
타워+저층별동,5 저층별동,50,50,169.0,102,32,63,18,39,37580,400.0,10976,48556,1436,15.29,0.024,30.7,0.36,2,3.581,13.38,50층 716㎡(53.5×13.4m) + 저층부 3층 600㎡(34.6×17.3m)
단일+저층부,2 저층부,38,38,129.4,103,35,63,17,40,37580,400.0,7543,45123,4129,43.95,0.114,inf,inf,2,3.586,13.33,38층 533㎡(40.0×13.3m) + 저층부 5층 4000㎡(74.8×53.5m)
타워+저층별동,5 저층별동,50,50,169.0,104,23,63,14,41,37580,400.0,11876,49456,1747,18.6,0.028,19.0,0.23,2,3.568,11.06,50층 612㎡(55.3×11.1m) + 저층부 7층 1000㎡(44.7×22.4m)
타워+저층별동,5 저층별동,50,50,169.0,105,31,63,22,42,37580,400.0,10453,48033,2187,23.28,0.039,4.4,0.05,2,3.643,13.44,50층 542㎡(40.3×13.4m) + 저층부 7층 1500㎡(67.1×22.4m)
단일,1b 층수·세장비,55,55,185.5,105,38,63,13,42,37580,400.0,9644,47224,740,7.87,0.08,,,1,3.439,18.48,55층 683㎡(37.0×18.5m)
단일+저층부,2 저층부,55,55,185.5,111,40,63,20,48,37580,400.0,9507,47087,4133,43.99,0.127,inf,inf,2,3.587,9.38,55층 352㎡(37.5×9.4m) + 저층부 5층 4000㎡(84.9×47.1m)
단일+저층부,2 저층부,53,53,178.9,111,38,63,17,48,37580,400.0,9291,46871,4129,43.95,0.131,inf,inf,2,3.578,9.57,53층 366㎡(38.3×9.6m) + 저층부 5층 4000㎡(74.8×53.5m)
단일+저층부,2 저층부,55,55,185.5,111,34,63,15,48,37580,400.0,9427,47007,2602,27.7,0.142,inf,inf,2,3.537,11.81,55층 418㎡(35.4×11.8m) + 저층부 7층 2500㎡(59.2×42.3m)
단일+저층부,2 저층부,55,55,185.5,112,44,63,22,49,37580,400.0,9427,47007,2602,27.7,0.107,inf,inf,2,3.615,11.81,55층 418㎡(35.4×11.8m) + 저층부 7층 2500㎡(59.2×42.3m)
단일+저층부,2 저층부,53,53,178.9,112,44,63,22,49,37580,400.0,9796,47376,4129,43.95,0.139,inf,inf,2,3.603,8.56,53층 366㎡(42.8×8.6m) + 저층부 5층 4000㎡(74.8×53.5m)
단일+저층부,2 저층부,41,41,139.3,112,40,63,20,49,37580,400.0,7861,45441,4133,43.99,0.152,inf,inf,2,3.579,12.76,41층 488㎡(38.3×12.8m) + 저층부 5층 4000㎡(84.9×47.1m)
단일+저층부,2 저층부,53,53,178.9,112,39,63,18,49,37580,400.0,9729,47309,4129,43.95,0.118,inf,inf,2,3.56,10.49,53층 440㎡(42.0×10.5m) + 저층부 4층 4000㎡(74.8×53.5m)
단일+저층부,2 저층부,55,55,185.5,113,41,63,20,50,37580,400.0,8915,46495,4129,43.95,0.191,inf,inf,2,3.614,10.83,55층 352㎡(32.5×10.8m) + 저층부 5층 4000㎡(74.8×53.5m)
쌍둥이+저층부,4 쌍둥이+저층부,48+48,48,162.4,113,33,63,11,50,37580,400.0,12504,50084,4129,43.95,0.085,7.3,0.09,3,3.409,9.73,48층 284㎡(29.2×9.7m) + 48층 284㎡(29.2×9.7m) + 저층부 3층 4000㎡(74.8×53.5m)
단일,1b 층수·세장비,41,41,139.3,91,37,64,22,27,37580,400.0,8268,45848,982,10.45,0.051,,,1,3.601,21.41,41층 917㎡(42.8×21.4m)
단일+저층부,2 저층부,55,55,185.5,112,46,64,22,48,37580,400.0,9507,47087,4133,43.99,0.115,inf,inf,2,3.652,9.38,55층 352㎡(37.5×9.4m) + 저층부 5층 4000㎡(84.9×47.1m)
단일+저층부,5 미세조정,54,54,182.2,112,45,64,21,48,37580,400.0,9322,46902,4133,43.99,0.115,inf,inf,2,3.635,9.72,54층 359㎡(36.9×9.7m) + 저층부 5층 4000㎡(84.9×47.1m)
단일+저층부,5 미세조정,55,55,185.5,112,46,64,21,48,37580,400.0,9401,46981,4133,43.99,0.109,inf,inf,2,3.63,9.62,55층 352㎡(36.6×9.6m) + 저층부 5층 4000㎡(84.9×47.1m)
단일+저층부,5 미세조정,51,51,172.3,112,46,64,21,48,37580,400.0,9183,46763,4133,43.99,0.126,inf,inf,2,3.62,9.77,51층 382㎡(39.1×9.8m) + 저층부 5층 4000㎡(84.9×47.1m)
단일+저층부,2 저층부,41,41,139.3,112,39,64,20,48,37580,400.0,7805,45385,4129,43.95,0.203,inf,inf,2,3.592,12.76,41층 488㎡(38.3×12.8m) + 저층부 5층 4000㎡(74.8×53.5m)
단일+저층부,2 저층부,53,53,178.9,113,40,64,20,49,37580,400.0,8821,46401,4133,43.99,0.127,inf,inf,2,3.585,11.05,53층 366㎡(33.1×11.0m) + 저층부 5층 4000㎡(84.9×47.1m)
단일+저층부,2 저층부,44,44,149.2,113,40,64,20,49,37580,400.0,8113,45693,4133,43.99,0.152,inf,inf,2,3.583,12.26,44층 451㎡(36.8×12.3m) + 저층부 5층 4000㎡(84.9×47.1m)
단일+저층부,2 저층부,55,55,185.5,113,38,64,17,49,37580,400.0,8915,46495,4129,43.95,0.128,inf,inf,2,3.577,10.83,55층 352㎡(32.5×10.8m) + 저층부 5층 4000㎡(74.8×53.5m)
단일+저층부,2 저층부,50,50,169.0,113,45,64,22,49,37580,400.0,10431,48011,4129,43.95,0.112,inf,inf,2,3.564,10.43,50층 544㎡(52.2×10.4m) + 저층부 3층 4000㎡(74.8×53.5m)
단일+저층부,2 저층부,47,47,159.1,113,47,64,22,49,37580,400.0,8928,46508,4129,43.95,0.121,inf,inf,2,3.561,13.92,47층 581㎡(41.8×13.9m) + 저층부 3층 4000㎡(74.8×53.5m)
단일+저층부,2 저층부,41,41,139.3,113,39,64,18,49,37580,400.0,8099,45679,4129,43.95,0.14,inf,inf,2,3.554,13.94,41층 583㎡(41.8×13.9m) + 저층부 4층 4000㎡(74.8×53.5m)
쌍둥이,3 쌍둥이,55+44,55,185.5,113,33,64,11,49,37580,400.0,15335,52915,869,9.24,0.04,4.5,0.05,2,3.392,9.24,55층 342㎡(37.0×9.2m) + 44층 427㎡(41.3×10.3m)
쌍둥이,3 쌍둥이,55+47,55,185.5,113,33,64,11,49,37580,400.0,15591,53171,840,8.94,0.041,4.6,0.05,2,3.389,9.24,55층 342㎡(37.0×9.2m) + 47층 400㎡(40.0×10.0m)
단일+저층부,2 저층부,55,55,185.5,114,47,64,22,50,37580,400.0,9673,47253,4133,43.99,0.162,inf,inf,2,3.591,12.81,55층 492㎡(38.4×12.8m) + 저층부 3층 4000㎡(84.9×47.1m)
단일+저층부,2 저층부,41,41,139.3,97,23,65,12,32,37580,400.0,7017,44597,4129,43.95,0.144,inf,inf,2,3.674,9.69,41층 282㎡(29.1×9.7m) + 저층부 7층 4000㎡(74.8×53.5m)
단일+저층부,2 저층부,38,38,129.4,98,22,65,12,33,37580,400.0,7123,44703,4129,43.95,0.152,inf,inf,2,3.659,8.79,38층 309㎡(35.2×8.8m) + 저층부 7층 4000㎡(74.8×53.5m)
단일+저층부,2 저층부,44,44,149.2,99,35,65,21,34,37580,400.0,8417,45997,4133,43.99,0.09,inf,inf,2,3.658,13.41,44층 540㎡(40.2×13.4m) + 저층부 4층 4000㎡(84.9×47.1m)
단일+저층부,2 저층부,44,44,149.2,101,31,65,19,36,37580,400.0,8586,46166,4133,43.99,0.095,inf,inf,2,3.656,10.62,44층 451㎡(42.5×10.6m) + 저층부 5층 4000㎡(84.9×47.1m)
단일,1b 층수·세장비,41,41,139.3,104,29,65,10,39,37580,400.0,8612,46192,985,10.48,0.116,,,1,3.49,19.15,41층 917㎡(47.9×19.1m)
단일+저층부,2 저층부,38,38,129.4,108,44,65,22,43,37580,400.0,7543,45123,4129,43.95,0.188,inf,inf,2,3.615,13.33,38층 533㎡(40.0×13.3m) + 저층부 5층 4000㎡(74.8×53.5m)
단일+저층부,5 미세조정,55,55,185.5,113,46,65,21,48,37580,400.0,9401,46981,4133,43.99,0.126,inf,inf,2,3.624,9.62,55층 352㎡(36.6×9.6m) + 저층부 5층 4000㎡(84.9×47.1m)
단일+저층부,2 저층부,55,55,185.5,113,47,65,22,48,37580,400.0,9347,46927,4133,43.99,0.184,inf,inf,2,3.619,11.88,55층 423㎡(35.6×11.9m) + 저층부 4층 4000㎡(84.9×47.1m)
단일+저층부,2 저층부,50,50,169.0,113,47,65,22,48,37580,400.0,8892,46472,4129,43.95,0.156,inf,inf,2,3.601,12.51,50층 469㎡(37.5×12.5m) + 저층부 4층 4000㎡(74.8×53.5m)
단일+저층부,2 저층부,55,55,185.5,113,45,65,20,48,37580,400.0,9673,47253,4133,43.99,0.167,inf,inf,2,3.595,12.81,55층 492㎡(38.4×12.8m) + 저층부 3층 4000㎡(84.9×47.1m)
단일+저층부,2 저층부,41,41,139.3,113,45,65,21,48,37580,400.0,8610,46190,4129,43.95,0.153,inf,inf,2,3.581,12.08,41층 583㎡(48.3×12.1m) + 저층부 4층 4000㎡(74.8×53.5m)
단일+저층부,2 저층부,55,55,185.5,114,46,65,22,49,37580,400.0,10300,47880,4129,43.95,0.136,inf,inf,2,3.585,11.09,55층 492㎡(44.4×11.1m) + 저층부 3층 4000㎡(74.8×53.5m)
단일+저층부,2 저층부,53,53,178.9,114,46,65,22,49,37580,400.0,10735,48315,4129,43.95,0.114,inf,inf,2,3.571,10.12,53층 512㎡(50.6×10.1m) + 저층부 3층 4000㎡(74.8×53.5m)
단일+저층부,2 저층부,55,55,185.5,115,47,65,22,50,37580,400.0,9640,47220,4129,43.95,0.158,inf,inf,2,3.59,12.81,55층 492㎡(38.4×12.8m) + 저층부 3층 4000㎡(74.8×53.5m)
단일+저층부,2 저층부,41,41,139.3,115,25,65,10,50,37580,400.0,7017,44597,4129,43.95,0.268,inf,inf,2,3.579,9.69,41층 282㎡(29.1×9.7m) + 저층부 7층 4000㎡(74.8×53.5m)
단일+저층부,2 저층부,50,50,169.0,115,44,65,22,50,37580,400.0,8937,46517,4133,43.99,0.119,inf,inf,2,3.569,12.51,50층 469㎡(37.5×12.5m) + 저층부 4층 4000㎡(84.9×47.1m)
단일+저층부,2 저층부,55,55,185.5,116,44,65,22,51,37580,400.0,9303,46883,4129,43.95,0.118,inf,inf,2,3.577,11.88,55층 423㎡(35.6×11.9m) + 저층부 4층 4000㎡(74.8×53.5m)
타워+저층별동,5 저층별동,41,41,139.3,120,25,65,18,55,37580,400.0,9628,47208,1534,16.33,0.05,17.2,0.25,2,3.468,16.47,41층 814㎡(49.4×16.5m) + 저층부 7층 600㎡(34.6×17.3m)
단일+저층부,2 저층부,41,41,139.3,100,29,66,12,34,37580,400.0,7095,44675,4133,43.99,0.182,inf,inf,2,3.699,9.69,41층 282㎡(29.1×9.7m) + 저층부 7층 4000㎡(84.9×47.1m)
단일+저층부,2 저층부,55,55,185.5,105,40,66,22,39,37580,400.0,10300,47880,4129,43.95,0.054,inf,inf,2,3.655,11.09,55층 492㎡(44.4×11.1m) + 저층부 3층 4000㎡(74.8×53.5m)
타워+저층별동,5 저층별동,55,55,185.5,105,38,66,22,39,37580,400.0,11809,49389,1737,18.49,0.064,8.4,0.09,2,3.608,12.17,55층 592㎡(48.7×12.2m) + 저층부 5층 1000㎡(67.1×14.9m)
단일+저층부,2 저층부,53,53,178.9,106,38,66,22,40,37580,400.0,10147,47727,4133,43.99,0.073,inf,inf,2,3.642,11.31,53층 512㎡(45.2×11.3m) + 저층부 3층 4000㎡(84.9×47.1m)
타워+저층별동,5 저층별동,53,53,178.9,106,36,66,22,40,37580,400.0,11224,48804,2211,23.54,0.069,11.7,0.13,2,3.599,11.91,53층 568㎡(47.6×11.9m) + 저층부 5층 1500㎡(54.8×27.4m)
단일+저층부,2 저층부,38,38,129.4,107,40,66,20,41,37580,400.0,7979,45559,4129,43.95,0.181,inf,inf,2,3.594,11.54,38층 533㎡(46.2×11.5m) + 저층부 5층 4000㎡(74.8×53.5m)
단일+저층부,2 저층부,41,41,139.3,113,39,66,20,47,37580,400.0,7805,45385,4129,43.95,0.175,inf,inf,2,3.591,12.76,41층 488㎡(38.3×12.8m) + 저층부 5층 4000㎡(74.8×53.5m)
단일+저층부,2 저층부,41,41,139.3,113,45,66,21,47,37580,400.0,8099,45679,4129,43.95,0.186,inf,inf,2,3.59,13.94,41층 583㎡(41.8×13.9m) + 저층부 4층 4000㎡(74.8×53.5m)
쌍둥이,3 쌍둥이,47+47,47,159.1,114,33,66,11,48,37580,400.0,14871,52451,901,9.59,0.025,4.3,0.05,2,3.387,8.94,47층 480㎡(43.8×11.0m) + 47층 320㎡(35.8×8.9m)
쌍둥이,3 쌍둥이,53+50,53,178.9,114,34,66,11,48,37580,400.0,15628,53208,823,8.76,0.026,4.7,0.05,2,3.379,8.67,53층 425㎡(41.3×10.3m) + 50층 301㎡(34.7×8.7m)
단일+저층부,2 저층부,50,50,169.0,115,44,66,19,49,37580,400.0,9201,46781,4129,43.95,0.16,inf,inf,2,3.586,13.47,50층 544㎡(40.4×13.5m) + 저층부 3층 4000㎡(74.8×53.5m)
단일+저층부,2 저층부,50,50,169.0,116,42,66,20,50,37580,400.0,9018,46598,2602,27.7,0.177,inf,inf,2,3.569,12.48,50층 467㎡(37.4×12.5m) + 저층부 7층 2500㎡(59.2×42.3m)
단일+저층부,2 저층부,44,44,149.2,116,36,66,15,50,37580,400.0,8530,46110,4129,43.95,0.138,inf,inf,2,3.552,10.62,44층 451㎡(42.5×10.6m) + 저층부 5층 4000㎡(74.8×53.5m)
단일+저층부,2 저층부,53,53,178.9,116,38,66,18,50,37580,400.0,9185,46765,4133,43.99,0.06,inf,inf,2,3.546,12.12,53층 440㎡(36.3×12.1m) + 저층부 4층 4000㎡(84.9×47.1m)
단일+저층부,2 저층부,53,53,178.9,117,47,66,22,51,37580,400.0,9756,47336,4129,43.95,0.095,inf,inf,2,3.546,13.9,53층 580㎡(41.7×13.9m) + 저층부 2층 4000㎡(74.8×53.5m)
타워+저층별동,5 저층별동,41,41,139.3,121,23,66,12,55,37580,400.0,9725,47305,1539,16.38,0.123,7.1,0.1,2,3.441,16.47,41층 814㎡(49.4×16.5m) + 저층부 7층 600㎡(42.4×14.1m)
타워+저층별동,5 저층별동,55,55,185.5,123,21,66,14,57,37580,400.0,12190,49770,1340,14.27,0.033,4.3,0.05,2,3.468,12.32,55층 607㎡(49.3×12.3m) + 저층부 7층 600㎡(60.0×10.0m)
타워+저층별동,5 저층별동,41,41,139.3,99,36,67,22,32,37580,400.0,10394,47974,1544,16.43,0.048,24.0,0.34,2,3.605,14.27,41층 814㎡(57.1×14.3m) + 저층부 7층 600㎡(42.4×14.1m)
타워+저층별동,5 저층별동,53,53,178.9,106,38,67,22,39,37580,400.0,12006,49586,1790,19.05,0.045,23.4,0.26,2,3.604,11.42,53층 652㎡(57.1×11.4m) + 저층부 3층 1000㎡(44.7×22.4m)
타워+저층별동,5 저층별동,55,55,185.5,106,38,67,22,39,37580,400.0,12324,49904,1378,14.66,0.044,18.6,0.2,2,3.599,11.41,55층 651㎡(57.0×11.4m) + 저층부 3층 600㎡(42.4×14.1m)
단일+저층부,2 저층부,53,53,178.9,107,40,67,22,40,37580,400.0,10114,47694,4129,43.95,0.054,inf,inf,2,3.653,11.31,53층 512㎡(45.2×11.3m) + 저층부 3층 4000㎡(74.8×53.5m)
타워+저층별동,5 저층별동,53,53,178.9,107,38,67,22,40,37580,400.0,11952,49532,1810,19.26,0.04,15.4,0.17,2,3.598,11.59,53층 671㎡(57.9×11.6m) + 저층부 2층 1000㎡(44.7×22.4m)
타워+저층별동,5 저층별동,53,53,178.9,107,38,67,22,40,37580,400.0,11985,49565,1411,15.02,0.037,12.0,0.13,2,3.592,11.72,53층 686㎡(58.6×11.7m) + 저층부 2층 600㎡(34.6×17.3m)
타워+저층별동,5 저층별동,53,53,178.9,107,38,67,22,40,37580,400.0,11985,49565,1411,15.02,0.037,27.8,0.31,2,3.592,11.72,53층 686㎡(58.6×11.7m) + 저층부 2층 600㎡(34.6×17.3m)
단일,1b 층수·세장비,53,53,178.9,108,37,67,22,41,37580,400.0,10255,47835,772,8.21,0.031,,,1,3.625,15.37,53층 709㎡(46.1×15.4m)
단일,1b 층수·세장비,55,55,185.5,108,37,67,22,41,37580,400.0,9644,47224,740,7.87,0.041,,,1,3.619,18.48,55층 683㎡(37.0×18.5m)
단일+저층부,2 저층부,53,53,178.9,110,32,67,20,43,37580,400.0,8821,46401,4133,43.99,0.086,inf,inf,2,3.683,11.05,53층 366㎡(33.1×11.0m) + 저층부 5층 4000㎡(84.9×47.1m)
단일+저층부,2 저층부,55,55,185.5,112,29,67,16,45,37580,400.0,9507,47087,4133,43.99,0.107,inf,inf,2,3.622,9.38,55층 352㎡(37.5×9.4m) + 저층부 5층 4000㎡(84.9×47.1m)
단일+저층부,2 저층부,53,53,178.9,115,45,67,21,48,37580,400.0,9852,47432,4133,43.99,0.147,inf,inf,2,3.611,8.56,53층 366㎡(42.8×8.6m) + 저층부 5층 4000㎡(84.9×47.1m)
단일+저층부,2 저층부,47,47,159.1,115,44,67,19,48,37580,400.0,8636,46216,4129,43.95,0.18,inf,inf,2,3.59,12.93,47층 502㎡(38.8×12.9m) + 저층부 4층 4000㎡(74.8×53.5m)
단일+저층부,2 저층부,50,50,169.0,116,46,67,21,49,37580,400.0,8892,46472,4129,43.95,0.154,inf,inf,2,3.592,12.51,50층 469㎡(37.5×12.5m) + 저층부 4층 4000㎡(74.8×53.5m)
쌍둥이,3 쌍둥이,53+44,53,178.9,116,32,67,11,49,37580,400.0,15171,52751,867,9.23,0.052,4.5,0.05,2,3.39,9.24,53층 425㎡(41.3×10.3m) + 44층 342㎡(37.0×9.2m)
쌍둥이,3 쌍둥이,50+47,50,169.0,116,32,67,11,49,37580,400.0,15140,52720,871,9.27,0.052,4.5,0.05,2,3.388,8.94,50층 451㎡(42.5×10.6m) + 47층 320㎡(35.8×8.9m)
단일+저층부,2 저층부,50,50,169.0,118,36,67,15,51,37580,400.0,9045,46625,4129,43.95,0.168,inf,inf,2,3.572,9.88,50층 391㎡(39.5×9.9m) + 저층부 5층 4000㎡(74.8×53.5m)
쌍둥이,3 쌍둥이,47+38,47,159.1,118,30,67,10,51,37580,400.0,14013,51593,961,10.22,0.068,4.0,0.05,2,3.401,8.61,47층 560㎡(47.3×11.8m) + 38층 297㎡(34.4×8.6m)
단일,1a 방위·위치,47,47,159.1,121,39,67,18,54,37580,400.0,9631,47211,866,9.22,0.081,,,1,3.506,16.33,47층 800㎡(49.0×16.3m)
단일,1b 층수·세장비,44,44,149.2,105,31,68,10,37,37580,400.0,8270,45850,915,9.74,0.083,,,1,3.466,23.86,44층 854㎡(35.8×23.9m)
단일+저층부,2 저층부,38,38,129.4,108,41,68,22,40,37580,400.0,7543,45123,4129,43.95,0.109,inf,inf,2,3.628,13.33,38층 533㎡(40.0×13.3m) + 저층부 5층 4000㎡(74.8×53.5m)
단일+저층부,2 저층부,50,50,169.0,110,33,68,20,42,37580,400.0,9534,47114,4129,43.95,0.057,inf,inf,2,3.692,8.84,50층 391㎡(44.2×8.8m) + 저층부 5층 4000㎡(74.8×53.5m)
타워+저층별동,5 저층별동,55,55,185.5,112,28,68,21,44,37580,400.0,10952,48532,1680,17.88,0.034,14.2,0.15,2,3.609,13.61,55층 556㎡(40.8×13.6m) + 저층부 7층 1000㎡(44.7×22.4m)
단일+저층부,2 저층부,41,41,139.3,115,40,68,20,47,37580,400.0,8260,45840,4129,43.95,0.182,inf,inf,2,3.598,11.05,41층 488㎡(44.2×11.0m) + 저층부 5층 4000㎡(74.8×53.5m)
단일+저층부,2 저층부,55,55,185.5,116,45,68,22,48,37580,400.0,10479,48059,4129,43.95,0.061,inf,inf,2,3.605,9.2,55층 423㎡(46.0×9.2m) + 저층부 4층 4000㎡(74.8×53.5m)
단일+저층부,2 저층부,44,44,149.2,116,39,68,20,48,37580,400.0,8057,45637,4129,43.95,0.172,inf,inf,2,3.589,12.26,44층 451㎡(36.8×12.3m) + 저층부 5층 4000㎡(74.8×53.5m)
단일+저층부,2 저층부,41,41,139.3,116,23,68,10,48,37580,400.0,7095,44675,4133,43.99,0.28,inf,inf,2,3.584,9.69,41층 282㎡(29.1×9.7m) + 저층부 7층 4000㎡(84.9×47.1m)
단일+저층부,2 저층부,55,55,185.5,116,47,68,22,48,37580,400.0,9775,47355,2602,27.7,0.133,inf,inf,2,3.563,12.93,55층 502㎡(38.8×12.9m) + 저층부 5층 2500㎡(59.2×42.3m)
단일+저층부,2 저층부,50,50,169.0,117,44,68,19,49,37580,400.0,8892,46472,4129,43.95,0.177,inf,inf,2,3.592,12.51,50층 469㎡(37.5×12.5m) + 저층부 4층 4000㎡(74.8×53.5m)
단일,1b 층수·세장비,47,47,159.1,117,33,68,13,49,37580,400.0,8881,46461,861,9.16,0.071,,,1,3.439,19.99,47층 800㎡(40.0×20.0m)
쌍둥이,3 쌍둥이,55+41,55,185.5,117,33,68,11,49,37580,400.0,15071,52651,902,9.6,0.038,4.3,0.05,2,3.393,9.24,55층 342㎡(37.0×9.2m) + 41층 458㎡(42.8×10.7m)
단일+저층부,2 저층부,47,47,159.1,119,44,68,22,51,37580,400.0,8636,46216,4129,43.95,0.153,inf,inf,2,3.587,12.93,47층 502㎡(38.8×12.9m) + 저층부 4층 4000㎡(74.8×53.5m)
단일,1b 층수·세장비,50,50,169.0,122,36,68,12,54,37580,400.0,9553,47133,813,8.66,0.154,,,1,3.503,17.34,50층 752㎡(43.3×17.3m)
단일,1b 층수·세장비,47,47,159.1,122,36,68,12,54,37580,400.0,9249,46829,863,9.19,0.151,,,1,3.497,17.88,47층 800㎡(44.7×17.9m)
단일,1a 방위·위치,47,47,159.1,122,35,68,12,54,37580,400.0,9631,47211,866,9.22,0.125,,,1,3.496,16.33,47층 800㎡(49.0×16.3m)
단일,1b 층수·세장비,44,44,149.2,106,33,69,14,37,37580,400.0,8579,46159,917,9.76,0.051,,,1,3.496,20.67,44층 854㎡(41.3×20.7m)
단일,1b 층수·세장비,53,53,178.9,108,37,69,22,39,37580,400.0,9119,46699,764,8.14,0.051,,,1,3.584,21.74,53층 709㎡(32.6×21.7m)
단일,1b 층수·세장비,55,55,185.5,110,38,69,22,41,37580,400.0,12068,49648,754,8.03,0.037,,,1,3.593,11.69,55층 683㎡(58.4×11.7m)
단일+저층부,2 저층부,41,41,139.3,113,34,69,17,44,37580,400.0,7095,44675,4133,43.99,0.252,inf,inf,2,3.628,9.69,41층 282㎡(29.1×9.7m) + 저층부 7층 4000㎡(84.9×47.1m)
단일+저층부,2 저층부,44,44,149.2,115,42,69,18,46,37580,400.0,8586,46166,4133,43.99,0.192,inf,inf,2,3.601,10.62,44층 451㎡(42.5×10.6m) + 저층부 5층 4000㎡(84.9×47.1m)
단일+저층부,2 저층부,44,44,149.2,115,41,69,20,46,37580,400.0,8057,45637,4129,43.95,0.178,inf,inf,2,3.597,12.26,44층 451㎡(36.8×12.3m) + 저층부 5층 4000㎡(74.8×53.5m)
단일+저층부,2 저층부,55,55,185.5,118,40,69,20,49,37580,400.0,8915,46495,4129,43.95,0.115,inf,inf,2,3.627,10.83,55층 352㎡(32.5×10.8m) + 저층부 5층 4000㎡(74.8×53.5m)
단일+저층부,2 저층부,50,50,169.0,118,39,69,20,49,37580,400.0,9045,46625,4129,43.95,0.094,inf,inf,2,3.618,9.88,50층 391㎡(39.5×9.9m) + 저층부 5층 4000㎡(74.8×53.5m)
단일+저층부,2 저층부,53,53,178.9,118,42,69,18,49,37580,400.0,9852,47432,4133,43.99,0.164,inf,inf,2,3.603,8.56,53층 366㎡(42.8×8.6m) + 저층부 5층 4000㎡(84.9×47.1m)
단일+저층부,2 저층부,47,47,159.1,118,40,69,20,49,37580,400.0,8356,45936,4133,43.99,0.176,inf,inf,2,3.599,11.81,47층 419㎡(35.4×11.8m) + 저층부 5층 4000㎡(84.9×47.1m)
단일+저층부,2 저층부,47,47,159.1,118,39,69,20,49,37580,400.0,8301,45881,4129,43.95,0.168,inf,inf,2,3.59,11.81,47층 419㎡(35.4×11.8m) + 저층부 5층 4000㎡(74.8×53.5m)
단일+저층부,2 저층부,55,55,185.5,119,38,69,18,50,37580,400.0,9347,46927,4133,43.99,0.118,inf,inf,2,3.553,11.88,55층 423㎡(35.6×11.9m) + 저층부 4층 4000㎡(84.9×47.1m)
단일,1b 층수·세장비,47,47,159.1,122,39,69,18,53,37580,400.0,9249,46829,863,9.19,0.107,,,1,3.508,17.88,47층 800㎡(44.7×17.9m)
단일,1b 층수·세장비,50,50,169.0,123,39,69,18,54,37580,400.0,9553,47133,813,8.66,0.112,,,1,3.511,17.34,50층 752㎡(43.3×17.3m)
단일,1b 층수·세장비,47,47,159.1,124,32,69,12,55,37580,400.0,10391,47971,871,9.27,0.105,,,1,3.465,14.14,47층 800㎡(56.6×14.1m)
단일+저층부,2 저층부,38,38,129.4,101,26,70,13,31,37580,400.0,7123,44703,4129,43.95,0.113,inf,inf,2,3.7,8.79,38층 309㎡(35.2×8.8m) + 저층부 7층 4000㎡(74.8×53.5m)
단일+저층부,2 저층부,41,41,139.3,102,15,70,5,32,37580,400.0,7238,44818,4140,44.06,0.163,inf,inf,2,3.58,9.69,41층 282㎡(29.1×9.7m) + 저층부 7층 4000㎡(98.0×40.8m)
단일+저층부,2 저층부,38,38,129.4,107,43,70,22,37,37580,400.0,6889,44469,4133,43.99,0.178,inf,inf,2,3.688,10.15,38층 309㎡(30.4×10.1m) + 저층부 7층 4000㎡(84.9×47.1m)
단일+저층부,2 저층부,47,47,159.1,108,37,70,22,38,37580,400.0,8636,46216,4129,43.95,0.068,inf,inf,2,3.677,12.93,47층 502㎡(38.8×12.9m) + 저층부 4층 4000㎡(74.8×53.5m)
단일+저층부,2 저층부,41,41,139.3,108,31,70,11,38,37580,400.0,7238,44818,4140,44.06,0.212,inf,inf,2,3.666,9.69,41층 282㎡(29.1×9.7m) + 저층부 7층 4000㎡(98.0×40.8m)
단일,1b 층수·세장비,38,38,129.4,108,36,70,17,38,37580,400.0,7660,45240,1054,11.22,0.061,,,1,3.47,25.68,38층 989㎡(38.5×25.7m)
쌍둥이,3 쌍둥이,53+53,53,178.9,109,35,70,16,39,37580,400.0,15923,53503,805,8.57,0.031,4.8,0.05,2,3.425,9.41,53층 355㎡(37.7×9.4m) + 53층 355㎡(37.7×9.4m)
단일+저층부,2 저층부,38,38,129.4,111,26,70,12,41,37580,400.0,6812,44392,4129,43.95,0.141,inf,inf,2,3.696,10.15,38층 309㎡(30.4×10.1m) + 저층부 7층 4000㎡(74.8×53.5m)
단일,1b 층수·세장비,53,53,178.9,111,37,70,17,41,37580,400.0,9849,47429,769,8.19,0.058,,,1,3.44,16.84,53층 709㎡(42.1×16.8m)
타워+저층별동,5 저층별동,50,50,169.0,112,36,70,22,42,37580,400.0,10340,47920,1806,19.23,0.024,9.7,0.11,2,3.631,14.96,50층 672㎡(44.9×15.0m) + 저층부 4층 1000㎡(54.8×18.3m)
단일,1a 방위·위치,47,47,159.1,112,37,70,22,42,37580,400.0,9631,47211,866,9.22,0.025,,,1,3.623,16.33,47층 800㎡(49.0×16.3m)
단일+저층부,2 저층부,38,38,129.4,113,28,70,12,43,37580,400.0,6812,44392,4129,43.95,0.21,inf,inf,2,3.681,10.15,38층 309㎡(30.4×10.1m) + 저층부 7층 4000㎡(74.8×53.5m)
단일+저층부,2 저층부,50,50,169.0,113,29,70,17,43,37580,400.0,9045,46625,4129,43.95,0.105,inf,inf,2,3.651,9.88,50층 391㎡(39.5×9.9m) + 저층부 5층 4000㎡(74.8×53.5m)
타워+저층별동,5 저층별동,55,55,185.5,114,33,70,22,44,37580,400.0,12107,49687,2136,22.74,0.059,9.4,0.1,2,3.628,9.92,55층 492㎡(49.6×9.9m) + 저층부 7층 1500㎡(54.8×27.4m)
타워+저층별동,5 저층별동,38,38,129.4,115,41,70,22,45,37580,400.0,9943,47523,1606,17.1,0.046,4.6,0.07,2,3.479,14.82,38층 878㎡(59.3×14.8m) + 저층부 7층 600㎡(34.6×17.3m)
단일+저층부,2 저층부,53,53,178.9,118,44,70,21,48,37580,400.0,8821,46401,4133,43.99,0.127,inf,inf,2,3.644,11.05,53층 366㎡(33.1×11.0m) + 저층부 5층 4000㎡(84.9×47.1m)
단일+저층부,2 저층부,53,53,178.9,118,44,70,21,48,37580,400.0,9346,46926,4133,43.99,0.107,inf,inf,2,3.638,9.57,53층 366㎡(38.3×9.6m) + 저층부 5층 4000㎡(84.9×47.1m)
단일+저층부,2 저층부,55,55,185.5,120,40,70,20,50,37580,400.0,8970,46550,4133,43.99,0.164,inf,inf,2,3.6,10.83,55층 352㎡(32.5×10.8m) + 저층부 5층 4000㎡(84.9×47.1m)
단일+저층부,2 저층부,53,53,178.9,120,38,70,17,50,37580,400.0,8766,46346,4129,43.95,0.164,inf,inf,2,3.593,11.05,53층 366㎡(33.1×11.0m) + 저층부 5층 4000㎡(74.8×53.5m)
단일+저층부,2 저층부,41,41,139.3,120,25,70,10,50,37580,400.0,7017,44597,4129,43.95,0.227,inf,inf,2,3.582,9.69,41층 282㎡(29.1×9.7m) + 저층부 7층 4000㎡(74.8×53.5m)
단일+저층부,2 저층부,41,41,139.3,120,20,70,9,50,37580,400.0,7238,44818,4140,44.06,0.219,inf,inf,2,3.558,9.69,41층 282㎡(29.1×9.7m) + 저층부 7층 4000㎡(98.0×40.8m)
단일+저층부,2 저층부,50,50,169.0,120,36,70,16,50,37580,400.0,9590,47170,4133,43.99,0.1,inf,inf,2,3.55,8.84,50층 391㎡(44.2×8.8m) + 저층부 5층 4000㎡(84.9×47.1m)
타워+저층별동,5 저층별동,38,38,129.4,120,31,70,21,50,37580,400.0,9899,47479,1945,20.7,0.088,5.1,0.08,2,3.49,14.18,38층 805㎡(56.7×14.2m) + 저층부 7층 1000㎡(44.7×22.4m)
단일+저층부,2 저층부,53,53,178.9,121,39,70,18,51,37580,400.0,9141,46721,4129,43.95,0.167,inf,inf,2,3.583,12.12,53층 440㎡(36.3×12.1m) + 저층부 4층 4000㎡(74.8×53.5m)
단일+저층부,2 저층부,53,53,178.9,121,47,70,22,51,37580,400.0,9756,47336,4129,43.95,0.128,inf,inf,2,3.552,13.9,53층 580㎡(41.7×13.9m) + 저층부 2층 4000㎡(74.8×53.5m)
단일,1b 층수·세장비,41,41,139.3,101,39,71,22,30,37580,400.0,9679,47259,993,10.57,0.055,,,1,3.571,15.14,41층 917㎡(60.6×15.1m)
단일,1b 층수·세장비,47,47,159.1,105,36,71,22,34,37580,400.0,8881,46461,861,9.16,0.032,,,1,3.56,19.99,47층 800㎡(40.0×20.0m)
타워+저층별동,5 저층별동,44,44,149.2,108,38,71,22,37,37580,400.0,10425,48005,1907,20.3,0.056,9.9,0.13,2,3.614,13.81,44층 763㎡(55.3×13.8m) + 저층부 4층 1000㎡(54.8×18.3m)
타워+저층별동,5 저층별동,44,44,149.2,108,32,71,22,37,37580,400.0,11057,48637,1853,19.73,0.068,9.8,0.13,2,3.602,13.18,44층 695㎡(52.7×13.2m) + 저층부 7층 1000㎡(77.5×12.9m)
단일,1b 층수·세장비,38,38,129.4,108,33,71,14,37,37580,400.0,8278,45858,1060,11.28,0.067,,,1,3.495,19.89,38층 989㎡(49.7×19.9m)
타워+저층별동,5 저층별동,44,44,149.2,109,37,71,22,38,37580,400.0,10290,47870,1964,20.9,0.046,13.2,0.18,2,3.604,14.22,44층 809㎡(56.9×14.2m) + 저층부 2층 1000㎡(67.1×14.9m)
쌍둥이,3 쌍둥이,55+47,55,185.5,110,33,71,14,39,37580,400.0,15574,53154,827,8.8,0.036,4.7,0.05,2,3.418,8.94,55층 410㎡(40.5×10.1m) + 47층 320㎡(35.8×8.9m)
타워+저층별동,5 저층별동,47,47,159.1,111,38,71,22,40,37580,400.0,10727,48307,1471,15.66,0.056,18.9,0.24,2,3.604,13.68,47층 749㎡(54.7×13.7m) + 저층부 4층 600㎡(34.6×17.3m)
타워+저층별동,5 저층별동,47,47,159.1,111,38,71,22,40,37580,400.0,10865,48445,1865,19.85,0.062,7.8,0.1,2,3.603,13.36,47층 714㎡(53.5×13.4m) + 저층부 4층 1000㎡(67.1×14.9m)
단일,1b 층수·세장비,55,55,185.5,111,40,71,22,40,37580,400.0,12068,49648,754,8.03,0.053,,,1,3.568,11.69,55층 683㎡(58.4×11.7m)
타워+저층별동,5 저층별동,55,55,185.5,112,36,71,22,41,37580,400.0,10734,48314,1762,18.75,0.026,17.9,0.19,2,3.632,14.48,55층 629㎡(43.4×14.5m) + 저층부 3층 1000㎡(54.8×18.3m)
타워+저층별동,5 저층별동,55,55,185.5,112,36,71,22,41,37580,400.0,10643,48223,1781,18.95,0.024,12.1,0.13,2,3.627,14.68,55층 647㎡(44.1×14.7m) + 저층부 2층 1000㎡(54.8×18.3m)
타워+저층별동,5 저층별동,55,55,185.5,112,36,71,22,41,37580,400.0,10813,48393,1375,14.63,0.024,13.0,0.14,2,3.626,14.73,55층 651㎡(44.2×14.7m) + 저층부 3층 600㎡(52.0×11.5m)
타워+저층별동,5 저층별동,55,55,185.5,112,36,71,22,41,37580,400.0,10871,48451,1381,14.7,0.024,10.3,0.11,2,3.625,14.73,55층 651㎡(44.2×14.7m) + 저층부 3층 600㎡(60.0×10.0m)
타워+저층별동,5 저층별동,53,53,178.9,112,35,71,22,41,37580,400.0,10854,48434,1377,14.66,0.024,21.0,0.23,2,3.625,14.75,53층 652㎡(44.2×14.7m) + 저층부 5층 600㎡(52.0×11.5m)
타워+저층별동,5 저층별동,53,53,178.9,112,36,71,22,41,37580,400.0,10750,48330,1370,14.58,0.024,24.0,0.27,2,3.623,14.75,53층 652㎡(44.2×14.7m) + 저층부 5층 600㎡(42.4×14.1m)
타워+저층별동,5 저층별동,55,55,185.5,112,36,71,22,41,37580,400.0,10750,48330,1368,14.56,0.024,16.9,0.18,2,3.622,14.73,55층 651㎡(44.2×14.7m) + 저층부 3층 600㎡(42.4×14.1m)
단일+저층부,2 저층부,41,41,139.3,113,24,71,12,42,37580,400.0,7017,44597,4129,43.95,0.172,inf,inf,2,3.645,9.69,41층 282㎡(29.1×9.7m) + 저층부 7층 4000㎡(74.8×53.5m)
단일+저층부,2 저층부,53,53,178.9,114,32,71,20,43,37580,400.0,8766,46346,4129,43.95,0.072,inf,inf,2,3.697,11.05,53층 366㎡(33.1×11.0m) + 저층부 5층 4000㎡(74.8×53.5m)
단일+저층부,2 저층부,47,47,159.1,119,43,71,22,48,37580,400.0,8636,46216,4129,43.95,0.151,inf,inf,2,3.581,12.93,47층 502㎡(38.8×12.9m) + 저층부 4층 4000㎡(74.8×53.5m)
단일+저층부,2 저층부,47,47,159.1,119,42,71,20,48,37580,400.0,8762,46342,2602,27.7,0.155,inf,inf,2,3.563,12.94,47층 502㎡(38.8×12.9m) + 저층부 7층 2500㎡(59.2×42.3m)
단일+저층부,2 저층부,53,53,178.9,120,38,71,17,49,37580,400.0,9796,47376,4129,43.95,0.153,inf,inf,2,3.585,8.56,53층 366㎡(42.8×8.6m) + 저층부 5층 4000㎡(74.8×53.5m)
단일+저층부,2 저층부,41,41,139.3,121,40,71,20,50,37580,400.0,7861,45441,4133,43.99,0.133,inf,inf,2,3.58,12.76,41층 488㎡(38.3×12.8m) + 저층부 5층 4000㎡(84.9×47.1m)
단일+저층부,2 저층부,53,53,178.9,121,46,71,20,50,37580,400.0,9467,47047,4129,43.95,0.108,inf,inf,2,3.558,13.06,53층 512㎡(39.2×13.1m) + 저층부 3층 4000㎡(74.8×53.5m)
단일+저층부,2 저층부,53,53,178.9,121,39,71,18,50,37580,400.0,10294,47874,4129,43.95,0.091,inf,inf,2,3.548,9.39,53층 440㎡(46.9×9.4m) + 저층부 4층 4000㎡(74.8×53.5m)
단일,1b 층수·세장비,47,47,159.1,122,35,71,10,51,37580,400.0,8881,46461,861,9.16,0.08,,,1,3.429,19.99,47층 800㎡(40.0×20.0m)
단일,1b 층수·세장비,50,50,169.0,101,36,72,17,29,37580,400.0,9553,47133,813,8.66,0.022,,,1,3.52,17.34,50층 752㎡(43.3×17.3m)
단일,1b 층수·세장비,41,41,139.3,109,33,72,14,37,37580,400.0,8268,45848,982,10.45,0.05,,,1,3.49,21.41,41층 917㎡(42.8×21.4m)
쌍둥이,3 쌍둥이,53+47,53,178.9,111,33,72,14,39,37580,400.0,15403,52983,844,8.98,0.034,4.6,0.05,2,3.416,8.94,53층 425㎡(41.3×10.3m) + 47층 320㎡(35.8×8.9m)
타워+저층별동,5 저층별동,53,53,178.9,113,33,72,22,41,37580,400.0,10561,48141,1761,18.74,0.026,4.7,0.05,2,3.622,14.53,53층 634㎡(43.6×14.5m) + 저층부 4층 1000㎡(44.7×22.4m)
타워+저층별동,5 저층별동,50,50,169.0,114,38,72,22,42,37580,400.0,10943,48523,1826,19.44,0.06,7.7,0.09,2,3.608,13.15,50층 692㎡(52.6×13.1m) + 저층부 3층 1000㎡(44.7×22.4m)
타워+저층별동,5 저층별동,50,50,169.0,114,38,72,22,42,37580,400.0,11057,48637,1424,15.16,0.059,18.1,0.21,2,3.604,13.26,50층 704㎡(53.1×13.3m) + 저층부 4층 600㎡(34.6×17.3m)
타워+저층별동,5 저층별동,50,50,169.0,114,38,72,22,42,37580,400.0,11139,48719,1454,15.48,0.058,13.1,0.16,2,3.599,13.38,50층 716㎡(53.5×13.4m) + 저층부 3층 600㎡(60.0×10.0m)
단일+저층부,2 저층부,50,50,169.0,116,26,72,17,44,37580,400.0,8536,46116,4129,43.95,0.068,inf,inf,2,3.673,11.41,50층 391㎡(34.2×11.4m) + 저층부 5층 4000㎡(74.8×53.5m)
타워+저층별동,5 저층별동,53,53,178.9,116,20,72,12,44,37580,400.0,11607,49187,1347,14.33,0.031,9.4,0.11,2,3.528,12.55,53층 630㎡(50.2×12.5m) + 저층부 7층 600㎡(34.6×17.3m)
단일+저층부,2 저층부,41,41,139.3,117,44,72,22,45,37580,400.0,8099,45679,4129,43.95,0.088,inf,inf,2,3.614,13.94,41층 583㎡(41.8×13.9m) + 저층부 4층 4000㎡(74.8×53.5m)
단일+저층부,2 저층부,47,47,159.1,119,45,72,22,47,37580,400.0,8636,46216,4129,43.95,0.086,inf,inf,2,3.613,12.93,47층 502㎡(38.8×12.9m) + 저층부 4층 4000㎡(74.8×53.5m)
단일+저층부,2 저층부,50,50,169.0,120,44,72,22,48,37580,400.0,10010,47590,4129,43.95,0.056,inf,inf,2,3.603,9.69,50층 469㎡(48.4×9.7m) + 저층부 4층 4000㎡(74.8×53.5m)
단일+저층부,2 저층부,47,47,159.1,120,43,72,20,48,37580,400.0,9846,47426,4129,43.95,0.114,inf,inf,2,3.554,12.82,47층 657㎡(51.3×12.8m) + 저층부 2층 4000㎡(74.8×53.5m)
단일+저층부,2 저층부,47,47,159.1,121,44,72,22,49,37580,400.0,8681,46261,4133,43.99,0.12,inf,inf,2,3.567,12.93,47층 502㎡(38.8×12.9m) + 저층부 4층 4000㎡(84.9×47.1m)
단일,1b 층수·세장비,50,50,169.0,122,37,72,15,50,37580,400.0,11484,49064,826,8.79,0.047,,,1,3.371,12.26,50층 752㎡(61.3×12.3m)
쌍둥이+저층부,4 쌍둥이+저층부,53+53,53,178.9,122,33,72,10,50,37580,400.0,12983,50563,4135,44.01,0.075,5.5,0.06,3,3.354,11.48,53층 290㎡(25.3×11.5m) + 53층 290㎡(25.3×11.5m) + 저층부 2층 4000㎡(89.4×44.7m)
단일,1b 층수·세장비,41,41,139.3,124,38,72,18,52,37580,400.0,9679,47259,993,10.57,0.085,,,1,3.474,15.14,41층 917㎡(60.6×15.1m)
단일,1b 층수·세장비,55,55,185.5,125,38,72,18,53,37580,400.0,11278,48858,750,7.98,0.079,,,1,3.495,13.07,55층 683㎡(52.3×13.1m)
단일,1b 층수·세장비,38,38,129.4,98,36,73,22,25,37580,400.0,8278,45858,1060,11.28,0.063,,,1,3.567,19.89,38층 989㎡(49.7×19.9m)
단일,1b 층수·세장비,41,41,139.3,103,36,73,22,30,37580,400.0,7970,45550,979,10.42,0.047,,,1,3.57,24.72,41층 917㎡(37.1×24.7m)
단일+저층부,2 저층부,38,38,129.4,105,26,73,15,32,37580,400.0,8034,45614,4133,43.99,0.089,inf,inf,2,3.619,11.54,38층 533㎡(46.2×11.5m) + 저층부 5층 4000㎡(84.9×47.1m)
단일+저층부,2 저층부,38,38,129.4,106,23,73,13,33,37580,400.0,6889,44469,4133,43.99,0.159,inf,inf,2,3.665,10.15,38층 309㎡(30.4×10.1m) + 저층부 7층 4000㎡(84.9×47.1m)
단일,1b 층수·세장비,47,47,159.1,111,37,73,22,38,37580,400.0,8881,46461,861,9.16,0.055,,,1,3.555,19.99,47층 800㎡(40.0×20.0m)
타워+저층별동,5 저층별동,53,53,178.9,116,16,73,8,43,37580,400.0,12197,49777,1711,18.21,0.03,10.6,0.12,2,3.519,10.74,53층 577㎡(53.7×10.7m) + 저층부 7층 1000㎡(44.7×22.4m)
타워+저층별동,5 저층별동,50,50,169.0,117,25,73,19,44,37580,400.0,10489,48069,1738,18.5,0.03,24.2,0.29,2,3.59,14.28,50층 612㎡(42.8×14.3m) + 저층부 7층 1000㎡(44.7×22.4m)
단일+저층부,2 저층부,55,55,185.5,121,45,73,22,48,37580,400.0,9947,47527,4133,43.99,0.094,inf,inf,2,3.626,10.29,55층 423㎡(41.1×10.3m) + 저층부 4층 4000㎡(84.9×47.1m)
단일+저층부,2 저층부,44,44,149.2,121,36,73,16,48,37580,400.0,8113,45693,4133,43.99,0.134,inf,inf,2,3.565,12.26,44층 451㎡(36.8×12.3m) + 저층부 5층 4000㎡(84.9×47.1m)
단일+저층부,2 저층부,47,47,159.1,122,38,73,15,49,37580,400.0,8356,45936,4133,43.99,0.133,inf,inf,2,3.631,11.81,47층 419㎡(35.4×11.8m) + 저층부 5층 4000㎡(84.9×47.1m)
단일+저층부,2 저층부,55,55,185.5,122,30,73,11,49,37580,400.0,8915,46495,4129,43.95,0.096,inf,inf,2,3.6,10.83,55층 352㎡(32.5×10.8m) + 저층부 5층 4000㎡(74.8×53.5m)
단일+저층부,2 저층부,53,53,178.9,122,42,73,20,49,37580,400.0,9265,46845,2602,27.7,0.15,inf,inf,2,3.567,12.06,53층 437㎡(36.2×12.1m) + 저층부 7층 2500㎡(59.2×42.3m)
쌍둥이+저층부,4 쌍둥이+저층부,48+48,48,162.4,124,29,73,10,51,37580,400.0,12328,49908,4135,44.01,0.119,6.1,0.08,3,3.397,12.09,48층 322㎡(26.6×12.1m) + 48층 322㎡(26.6×12.1m) + 저층부 2층 4000㎡(89.4×44.7m)
단일,1b 층수·세장비,41,41,139.3,105,35,74,22,31,37580,400.0,8612,46192,985,10.48,0.058,,,1,3.541,19.15,41층 917㎡(47.9×19.1m)
타워+저층별동,5 저층별동,38,38,129.4,107,35,74,22,33,37580,400.0,8876,46456,2523,26.85,0.052,13.9,0.21,2,3.634,17.03,38층 871㎡(51.1×17.0m) + 저층부 3층 1500㎡(54.8×27.4m)
타워+저층별동,5 저층별동,38,38,129.4,107,34,74,22,33,37580,400.0,9102,46682,1994,21.22,0.054,27.4,0.42,2,3.624,16.91,38층 857㎡(50.7×16.9m) + 저층부 5층 1000㎡(44.7×22.4m)
단일+저층부,2 저층부,44,44,149.2,108,34,74,22,34,37580,400.0,8372,45952,4129,43.95,0.059,inf,inf,2,3.684,13.41,44층 540㎡(40.2×13.4m) + 저층부 4층 4000㎡(74.8×53.5m)
단일,1b 층수·세장비,44,44,149.2,109,37,74,22,35,37580,400.0,8579,46159,917,9.76,0.047,,,1,3.569,20.67,44층 854㎡(41.3×20.7m)
단일+저층부,2 저층부,41,41,139.3,110,21,74,7,36,37580,400.0,7095,44675,4133,43.99,0.273,inf,inf,2,3.64,9.69,41층 282㎡(29.1×9.7m) + 저층부 7층 4000㎡(84.9×47.1m)
단일+저층부,2 저층부,38,38,129.4,111,27,74,12,37,37580,400.0,7123,44703,4129,43.95,0.223,inf,inf,2,3.649,8.79,38층 309㎡(35.2×8.8m) + 저층부 7층 4000㎡(74.8×53.5m)
단일,1b 층수·세장비,50,50,169.0,115,36,74,22,41,37580,400.0,9947,47527,816,8.68,0.061,,,1,3.536,15.83,50층 752㎡(47.5×15.8m)
타워+저층별동,5 저층별동,47,47,159.1,116,24,74,16,42,37580,400.0,10326,47906,1785,18.99,0.027,12.1,0.15,2,3.583,14.73,47층 651㎡(44.2×14.7m) + 저층부 7층 1000㎡(54.8×18.3m)
단일+저층부,2 저층부,55,55,185.5,117,39,74,22,43,37580,400.0,9429,47009,4140,44.06,0.093,inf,inf,2,3.659,11.88,55층 423㎡(35.6×11.9m) + 저층부 4층 4000㎡(98.0×40.8m)
타워+저층별동,5 저층별동,47,47,159.1,118,14,74,6,44,37580,400.0,11214,48794,1442,15.35,0.027,17.2,0.22,2,3.508,13.32,47층 710㎡(53.3×13.3m) + 저층부 7층 600㎡(52.0×11.5m)
단일+저층부,2 저층부,47,47,159.1,121,43,74,20,47,37580,400.0,8847,46427,4133,43.99,0.111,inf,inf,2,3.635,10.23,47층 419㎡(40.9×10.2m) + 저층부 5층 4000㎡(84.9×47.1m)
단일+저층부,2 저층부,55,55,185.5,121,30,74,12,47,37580,400.0,9451,47031,4129,43.95,0.151,inf,inf,2,3.63,9.38,55층 352㎡(37.5×9.4m) + 저층부 5층 4000㎡(74.8×53.5m)
단일+저층부,2 저층부,44,44,149.2,121,31,74,12,47,37580,400.0,8530,46110,4129,43.95,0.154,inf,inf,2,3.609,10.62,44층 451㎡(42.5×10.6m) + 저층부 5층 4000㎡(74.8×53.5m)
단일+저층부,2 저층부,41,41,139.3,121,39,74,18,47,37580,400.0,9101,46681,4129,43.95,0.079,inf,inf,2,3.543,10.8,41층 583㎡(54.0×10.8m) + 저층부 4층 4000㎡(74.8×53.5m)
단일+저층부,2 저층부,47,47,159.1,123,44,74,22,49,37580,400.0,8928,46508,4129,43.95,0.077,inf,inf,2,3.596,13.92,47층 581㎡(41.8×13.9m) + 저층부 3층 4000㎡(74.8×53.5m)
단일+저층부,2 저층부,38,38,129.4,107,19,75,11,32,37580,400.0,6889,44469,4133,43.99,0.133,inf,inf,2,3.633,10.15,38층 309㎡(30.4×10.1m) + 저층부 7층 4000㎡(84.9×47.1m)
단일,1b 층수·세장비,41,41,139.3,107,35,75,22,32,37580,400.0,8969,46549,988,10.51,0.041,,,1,3.602,17.48,41층 917㎡(52.4×17.5m)
타워+저층별동,5 저층별동,41,41,139.3,110,35,75,22,35,37580,400.0,9517,47097,1935,20.59,0.058,17.0,0.24,2,3.632,16.28,41층 795㎡(48.8×16.3m) + 저층부 5층 1000㎡(54.8×18.3m)
타워+저층별동,5 저층별동,41,41,139.3,110,35,75,22,35,37580,400.0,9488,47068,1591,16.94,0.05,11.9,0.17,2,3.622,16.91,41층 858㎡(50.7×16.9m) + 저층부 4층 600㎡(52.0×11.5m)
단일,1b 층수·세장비,55,55,185.5,111,35,75,10,36,37580,400.0,9299,46879,738,7.85,0.063,,,1,3.491,21.34,55층 683㎡(32.0×21.3m)
단일,1b 층수·세장비,47,47,159.1,116,37,75,22,41,37580,400.0,11121,48701,876,9.33,0.031,,,1,3.583,12.65,47층 800㎡(63.2×12.6m)
타워+저층별동,5 저층별동,44,44,149.2,117,30,75,22,42,37580,400.0,11330,48910,1841,19.59,0.042,19.3,0.26,2,3.602,11.79,44층 695㎡(58.9×11.8m) + 저층부 7층 1000㎡(54.8×18.3m)
타워+저층별동,5 저층별동,50,50,169.0,118,36,75,22,43,37580,400.0,10054,47634,2703,28.77,0.074,11.0,0.13,2,3.642,13.56,50층 552㎡(40.7×13.6m) + 저층부 5층 2000㎡(63.2×31.6m)
타워+저층별동,5 저층별동,55,55,185.5,118,35,75,22,43,37580,400.0,11279,48859,1329,14.15,0.062,5.2,0.06,2,3.63,14.22,55층 607㎡(42.7×14.2m) + 저층부 7층 600㎡(52.0×11.5m)
타워+저층별동,5 저층별동,55,55,185.5,118,36,75,22,43,37580,400.0,10792,48372,1352,14.39,0.058,10.1,0.11,2,3.624,14.6,55층 640㎡(43.8×14.6m) + 저층부 4층 600㎡(34.6×17.3m)
타워+저층별동,5 저층별동,55,55,185.5,118,35,75,22,43,37580,400.0,10943,48523,1345,14.32,0.059,8.1,0.09,2,3.623,14.48,55층 629㎡(43.4×14.5m) + 저층부 5층 600㎡(42.4×14.1m)
타워+저층별동,5 저층별동,47,47,159.1,118,34,75,22,43,37580,400.0,11525,49105,1839,19.57,0.04,11.3,0.14,2,3.604,11.77,47층 693㎡(58.9×11.8m) + 저층부 5층 1000㎡(54.8×18.3m)
타워+저층별동,5 저층별동,47,47,159.1,119,34,75,22,44,37580,400.0,11510,49090,1462,15.57,0.034,19.3,0.24,2,3.615,12.13,47층 736㎡(60.7×12.1m) + 저층부 5층 600㎡(34.6×17.3m)
타워+저층별동,5 저층별동,55,55,185.5,119,33,75,22,44,37580,400.0,12531,50111,1694,18.03,0.05,19.9,0.21,2,3.609,10.55,55층 556㎡(52.7×10.5m) + 저층부 7층 1000㎡(54.8×18.3m)
단일+저층부,2 저층부,50,50,169.0,120,29,75,16,45,37580,400.0,9101,46681,4133,43.99,0.106,inf,inf,2,3.616,9.88,50층 391㎡(39.5×9.9m) + 저층부 5층 4000㎡(84.9×47.1m)
타워+저층별동,5 저층별동,50,50,169.0,121,31,75,22,46,37580,400.0,10797,48377,1393,14.82,0.061,12.9,0.15,2,3.596,14.92,50층 668㎡(44.8×14.9m) + 저층부 7층 600㎡(52.0×11.5m)
단일+저층부,2 저층부,44,44,149.2,123,43,75,19,48,37580,400.0,9414,46994,4129,43.95,0.118,inf,inf,2,3.568,10.39,44층 540㎡(51.9×10.4m) + 저층부 4층 4000㎡(74.8×53.5m)
단일+저층부,2 저층부,41,41,139.3,124,41,75,16,49,37580,400.0,8144,45724,4133,43.99,0.171,inf,inf,2,3.597,13.94,41층 583㎡(41.8×13.9m) + 저층부 4층 4000㎡(84.9×47.1m)
단일+저층부,2 저층부,53,53,178.9,125,44,75,22,50,37580,400.0,9756,47336,4129,43.95,0.064,inf,inf,2,3.572,13.9,53층 580㎡(41.7×13.9m) + 저층부 2층 4000㎡(74.8×53.5m)
단일+저층부,2 저층부,55,55,185.5,125,33,75,14,50,37580,400.0,9073,46653,4140,44.06,0.125,inf,inf,2,3.562,10.83,55층 352㎡(32.5×10.8m) + 저층부 5층 4000㎡(98.0×40.8m)
타워+저층별동,5 저층별동,41,41,139.3,125,43,75,22,50,37580,400.0,9848,47428,2011,21.4,0.066,4.8,0.07,2,3.508,14.73,41층 868㎡(58.9×14.7m) + 저층부 2층 1000㎡(44.7×22.4m)
단일,1b 층수·세장비,47,47,159.1,127,45,75,22,52,37580,400.0,9249,46829,863,9.19,0.143,,,1,3.506,17.88,47층 800㎡(44.7×17.9m)
단일,1b 층수·세장비,44,44,149.2,127,35,75,10,52,37580,400.0,8270,45850,915,9.74,0.083,,,1,3.424,23.86,44층 854㎡(35.8×23.9m)
단일,1b 층수·세장비,53,53,178.9,129,44,75,20,54,37580,400.0,9458,47038,767,8.16,0.207,,,1,3.5,18.83,53층 709㎡(37.7×18.8m)
단일,1b 층수·세장비,50,50,169.0,132,29,75,12,57,37580,400.0,9553,47133,813,8.66,0.147,,,1,3.507,17.34,50층 752㎡(43.3×17.3m)
단일+저층부,2 저층부,38,38,129.4,116,22,76,11,40,37580,400.0,6812,44392,4129,43.95,0.256,inf,inf,2,3.619,10.15,38층 309㎡(30.4×10.1m) + 저층부 7층 4000㎡(74.8×53.5m)
단일+저층부,2 저층부,38,38,129.4,117,22,76,11,41,37580,400.0,7201,44781,4133,43.99,0.232,inf,inf,2,3.597,8.79,38층 309㎡(35.2×8.8m) + 저층부 7층 4000㎡(84.9×47.1m)
단일+저층부,2 저층부,50,50,169.0,119,40,76,22,43,37580,400.0,8892,46472,4129,43.95,0.105,inf,inf,2,3.665,12.51,50층 469㎡(37.5×12.5m) + 저층부 4층 4000㎡(74.8×53.5m)
타워+저층별동,5 저층별동,50,50,169.0,120,35,76,22,44,37580,400.0,11446,49026,2796,29.76,0.045,4.1,0.05,2,3.627,11.24,50층 632㎡(56.2×11.2m) + 저층부 3층 2000㎡(63.2×31.6m)
타워+저층별동,5 저층별동,47,47,159.1,120,35,76,22,44,37580,400.0,11253,48833,1900,20.22,0.032,29.7,0.37,2,3.614,12.3,47층 757㎡(61.5×12.3m) + 저층부 2층 1000㎡(44.7×22.4m)
타워+저층별동,5 저층별동,47,47,159.1,120,35,76,22,44,37580,400.0,11461,49041,1501,15.97,0.031,14.2,0.18,2,3.613,12.34,47층 761㎡(61.7×12.3m) + 저층부 3층 600㎡(52.0×11.5m)
타워+저층별동,5 저층별동,53,53,178.9,120,35,76,22,44,37580,400.0,12470,50050,1393,14.83,0.04,12.0,0.13,2,3.612,11.42,53층 652㎡(57.1×11.4m) + 저층부 5층 600㎡(60.0×10.0m)
타워+저층별동,5 저층별동,55,55,185.5,120,35,76,22,44,37580,400.0,12352,49932,1361,14.49,0.04,11.8,0.13,2,3.608,11.31,55층 640㎡(56.6×11.3m) + 저층부 4층 600㎡(34.6×17.3m)
타워+저층별동,5 저층별동,50,50,169.0,120,31,76,19,44,37580,400.0,11205,48785,1416,15.07,0.06,13.1,0.16,2,3.579,13.15,50층 692㎡(52.6×13.1m) + 저층부 5층 600㎡(42.4×14.1m)
타워+저층별동,5 저층별동,50,50,169.0,121,35,76,22,45,37580,400.0,11786,49366,1429,15.21,0.036,27.5,0.33,2,3.614,11.86,50층 704㎡(59.3×11.9m) + 저층부 4층 600㎡(34.6×17.3m)
타워+저층별동,5 저층별동,55,55,185.5,122,33,76,22,46,37580,400.0,11265,48845,1694,18.04,0.043,6.6,0.07,2,3.619,13.61,55층 556㎡(40.8×13.6m) + 저층부 7층 1000㎡(67.1×14.9m)
단일+저층부,2 저층부,55,55,185.5,124,34,76,14,48,37580,400.0,9451,47031,4129,43.95,0.15,inf,inf,2,3.62,9.38,55층 352㎡(37.5×9.4m) + 저층부 5층 4000㎡(74.8×53.5m)
단일+저층부,2 저층부,55,55,185.5,125,36,76,14,49,37580,400.0,10479,48059,4129,43.95,0.112,inf,inf,2,3.599,9.2,55층 423㎡(46.0×9.2m) + 저층부 4층 4000㎡(74.8×53.5m)
단일,1b 층수·세장비,38,38,129.4,125,45,76,22,49,37580,400.0,8621,46201,1063,11.31,0.065,,,1,3.479,18.16,38층 989㎡(54.5×18.2m)
타워+저층별동,5 저층별동,53,53,178.9,131,35,76,22,55,37580,400.0,12338,49918,1351,14.38,0.074,11.8,0.13,2,3.481,11.22,53층 630㎡(56.1×11.2m) + 저층부 7층 600㎡(34.6×17.3m)
단일,1b 층수·세장비,44,44,149.2,133,29,76,12,57,37580,400.0,10040,47620,928,9.88,0.111,,,1,3.466,14.61,44층 854㎡(58.4×14.6m)
단일,1b 층수·세장비,50,50,169.0,111,35,77,14,34,37580,400.0,8844,46424,809,8.61,0.026,,,1,3.483,22.38,50층 752㎡(33.6×22.4m)
단일+저층부,2 저층부,38,38,129.4,115,20,77,7,38,37580,400.0,7123,44703,4129,43.95,0.24,inf,inf,2,3.624,8.79,38층 309㎡(35.2×8.8m) + 저층부 7층 4000㎡(74.8×53.5m)
단일,1b 층수·세장비,47,47,159.1,115,37,77,22,38,37580,400.0,8561,46141,858,9.14,0.048,,,1,3.555,23.09,47층 800㎡(34.6×23.1m)
단일,1b 층수·세장비,50,50,169.0,120,37,77,22,43,37580,400.0,9553,47133,813,8.66,0.05,,,1,3.598,17.34,50층 752㎡(43.3×17.3m)
단일+저층부,2 저층부,41,41,139.3,122,33,77,12,45,37580,400.0,7805,45385,4129,43.95,0.195,inf,inf,2,3.646,12.76,41층 488㎡(38.3×12.8m) + 저층부 5층 4000㎡(74.8×53.5m)
단일+저층부,2 저층부,53,53,178.9,126,47,77,22,49,37580,400.0,10735,48315,4129,43.95,0.104,inf,inf,2,3.563,10.12,53층 512㎡(50.6×10.1m) + 저층부 3층 4000㎡(74.8×53.5m)
단일+저층부,2 저층부,41,41,139.3,127,47,77,22,50,37580,400.0,8354,45934,4129,43.95,0.104,inf,inf,2,3.557,14.98,41층 673㎡(44.9×15.0m) + 저층부 3층 4000㎡(74.8×53.5m)
단일+저층부,2 저층부,44,44,149.2,128,43,77,22,51,37580,400.0,8888,46468,4129,43.95,0.055,inf,inf,2,3.561,15.32,44층 704㎡(46.0×15.3m) + 저층부 2층 4000㎡(74.8×53.5m)
쌍둥이+저층부,4 쌍둥이+저층부,53+53,53,178.9,128,30,77,10,51,37580,400.0,12576,50156,2607,27.75,0.116,4.5,0.05,3,3.369,13.71,53층 301㎡(21.9×13.7m) + 53층 301㎡(21.9×13.7m) + 저층부 3층 2500㎡(70.7×35.4m)
단일+저층부,2 저층부,55,55,185.5,129,45,77,20,52,37580,400.0,9962,47542,4133,43.99,0.133,inf,inf,2,3.565,13.64,55층 558㎡(40.9×13.6m) + 저층부 2층 4000㎡(84.9×47.1m)
타워+저층별동,5 저층별동,55,55,185.5,136,28,77,17,59,37580,400.0,10952,48532,1680,17.88,0.118,5.1,0.05,2,3.486,13.61,55층 556㎡(40.8×13.6m) + 저층부 7층 1000㎡(44.7×22.4m)
단일+저층부,2 저층부,38,38,129.4,109,33,78,19,31,37580,400.0,7860,45440,4133,43.99,0.094,inf,inf,2,3.63,14.55,38층 635㎡(43.6×14.5m) + 저층부 4층 4000㎡(84.9×47.1m)
단일,1b 층수·세장비,41,41,139.3,110,38,78,22,32,37580,400.0,8268,45848,982,10.45,0.059,,,1,3.583,21.41,41층 917㎡(42.8×21.4m)
단일+저층부,2 저층부,38,38,129.4,114,24,78,12,36,37580,400.0,6812,44392,4129,43.95,0.27,inf,inf,2,3.65,10.15,38층 309㎡(30.4×10.1m) + 저층부 7층 4000㎡(74.8×53.5m)
단일+저층부,2 저층부,38,38,129.4,116,16,78,5,38,37580,400.0,6889,44469,4133,43.99,0.251,inf,inf,2,3.587,10.15,38층 309㎡(30.4×10.1m) + 저층부 7층 4000㎡(84.9×47.1m)
단일+저층부,2 저층부,53,53,178.9,120,38,78,22,42,37580,400.0,10114,47694,4129,43.95,0.086,inf,inf,2,3.641,11.31,53층 512㎡(45.2×11.3m) + 저층부 3층 4000㎡(74.8×53.5m)
단일+저층부,2 저층부,38,38,129.4,120,36,78,15,42,37580,400.0,7543,45123,4129,43.95,0.176,inf,inf,2,3.575,13.33,38층 533㎡(40.0×13.3m) + 저층부 5층 4000㎡(74.8×53.5m)
단일+저층부,2 저층부,55,55,185.5,121,35,78,21,43,37580,400.0,10524,48104,4133,43.99,0.067,inf,inf,2,3.664,9.2,55층 423㎡(46.0×9.2m) + 저층부 4층 4000㎡(84.9×47.1m)
단일+저층부,2 저층부,41,41,139.3,121,16,78,5,43,37580,400.0,7095,44675,4133,43.99,0.243,inf,inf,2,3.585,9.69,41층 282㎡(29.1×9.7m) + 저층부 7층 4000㎡(84.9×47.1m)
단일,1b 층수·세장비,47,47,159.1,121,39,78,22,43,37580,400.0,9249,46829,863,9.19,0.06,,,1,3.576,17.88,47층 800㎡(44.7×17.9m)
단일+저층부,2 저층부,41,41,139.3,124,25,78,12,46,37580,400.0,7017,44597,4129,43.95,0.205,inf,inf,2,3.654,9.69,41층 282㎡(29.1×9.7m) + 저층부 7층 4000㎡(74.8×53.5m)
단일+저층부,2 저층부,55,55,185.5,125,35,78,12,47,37580,400.0,10479,48059,4129,43.95,0.12,inf,inf,2,3.623,9.2,55층 423㎡(46.0×9.2m) + 저층부 4층 4000㎡(74.8×53.5m)
쌍둥이+저층부,4 쌍둥이+저층부,43+43,43,145.9,125,30,78,11,47,37580,400.0,12065,49645,2602,27.7,0.105,7.4,0.1,3,3.419,9.71,43층 424㎡(35.7×11.9m) + 43층 283㎡(29.1×9.7m) + 저층부 4층 2500㎡(59.2×42.3m)
단일+저층부,2 저층부,55,55,185.5,126,44,78,19,48,37580,400.0,10479,48059,4129,43.95,0.118,inf,inf,2,3.577,9.2,55층 423㎡(46.0×9.2m) + 저층부 4층 4000㎡(74.8×53.5m)
단일,1b 층수·세장비,50,50,169.0,126,41,78,18,48,37580,400.0,11484,49064,826,8.79,0.045,,,1,3.488,12.26,50층 752㎡(61.3×12.3m)
단일+저층부,2 저층부,55,55,185.5,127,41,78,18,49,37580,400.0,9962,47542,4133,43.99,0.086,inf,inf,2,3.587,13.64,55층 558㎡(40.9×13.6m) + 저층부 2층 4000㎡(84.9×47.1m)
단일+저층부,2 저층부,38,38,129.4,113,37,79,22,34,37580,400.0,8052,45632,4129,43.95,0.099,inf,inf,2,3.641,15.61,38층 731㎡(46.8×15.6m) + 저층부 3층 4000㎡(74.8×53.5m)
단일+저층부,2 저층부,41,41,139.3,116,36,79,19,37,37580,400.0,7861,45441,4133,43.99,0.156,inf,inf,2,3.661,12.76,41층 488㎡(38.3×12.8m) + 저층부 5층 4000㎡(84.9×47.1m)
단일,1b 층수·세장비,55,55,185.5,119,38,79,22,40,37580,400.0,10042,47622,742,7.9,0.076,,,1,3.544,16.53,55층 683㎡(41.3×16.5m)
단일+저층부,2 저층부,50,50,169.0,120,37,79,22,41,37580,400.0,10431,48011,4129,43.95,0.082,inf,inf,2,3.629,10.43,50층 544㎡(52.2×10.4m) + 저층부 3층 4000㎡(74.8×53.5m)
타워+저층별동,5 저층별동,44,44,149.2,120,35,79,22,41,37580,400.0,9892,47472,1537,16.36,0.053,17.5,0.23,2,3.62,16.33,44층 800㎡(49.0×16.3m) + 저층부 4층 600㎡(60.0×10.0m)
단일+저층부,2 저층부,53,53,178.9,121,37,79,22,42,37580,400.0,10735,48315,4129,43.95,0.081,inf,inf,2,3.63,10.12,53층 512㎡(50.6×10.1m) + 저층부 3층 4000㎡(74.8×53.5m)
단일+저층부,2 저층부,55,55,185.5,123,38,79,20,44,37580,400.0,9347,46927,4133,43.99,0.109,inf,inf,2,3.634,11.88,55층 423㎡(35.6×11.9m) + 저층부 4층 4000㎡(84.9×47.1m)
타워+저층별동,5 저층별동,55,55,185.5,123,27,79,17,44,37580,400.0,10820,48400,1718,18.28,0.063,11.7,0.13,2,3.591,14.05,55층 592㎡(42.2×14.1m) + 저층부 5층 1000㎡(44.7×22.4m)
타워+저층별동,5 저층별동,55,55,185.5,123,30,79,21,44,37580,400.0,11279,48859,1329,14.15,0.062,13.2,0.14,2,3.579,14.22,55층 607㎡(42.7×14.2m) + 저층부 7층 600㎡(52.0×11.5m)
단일+저층부,2 저층부,44,44,149.2,127,44,79,19,48,37580,400.0,8372,45952,4129,43.95,0.158,inf,inf,2,3.584,13.41,44층 540㎡(40.2×13.4m) + 저층부 4층 4000㎡(74.8×53.5m)
단일+저층부,2 저층부,55,55,185.5,128,42,79,18,49,37580,400.0,9673,47253,4133,43.99,0.098,inf,inf,2,3.612,12.81,55층 492㎡(38.4×12.8m) + 저층부 3층 4000㎡(84.9×47.1m)
단일+저층부,2 저층부,50,50,169.0,129,37,79,17,50,37580,400.0,8536,46116,4129,43.95,0.1,inf,inf,2,3.605,11.41,50층 391㎡(34.2×11.4m) + 저층부 5층 4000㎡(74.8×53.5m)
단일+저층부,2 저층부,55,55,185.5,129,30,79,11,50,37580,400.0,9451,47031,4129,43.95,0.152,inf,inf,2,3.602,9.38,55층 352㎡(37.5×9.4m) + 저층부 5층 4000㎡(74.8×53.5m)
단일+저층부,2 저층부,53,53,178.9,130,31,79,12,51,37580,400.0,9141,46721,4129,43.95,0.154,inf,inf,2,3.619,12.12,53층 440㎡(36.3×12.1m) + 저층부 4층 4000㎡(74.8×53.5m)
단일+저층부,2 저층부,53,53,178.9,130,45,79,20,51,37580,400.0,9185,46765,4133,43.99,0.158,inf,inf,2,3.606,12.12,53층 440㎡(36.3×12.1m) + 저층부 4층 4000㎡(84.9×47.1m)
단일+저층부,2 저층부,47,47,159.1,131,46,79,21,52,37580,400.0,8928,46508,4129,43.95,0.14,inf,inf,2,3.576,13.92,47층 581㎡(41.8×13.9m) + 저층부 3층 4000㎡(74.8×53.5m)
단일,1b 층수·세장비,53,53,178.9,132,36,79,12,53,37580,400.0,9458,47038,767,8.16,0.136,,,1,3.513,18.83,53층 709㎡(37.7×18.8m)
타워+저층별동,5 저층별동,44,44,149.2,132,37,79,22,53,37580,400.0,9742,47322,1872,19.93,0.113,4.0,0.05,2,3.501,15.71,44층 740㎡(47.1×15.7m) + 저층부 5층 1000㎡(44.7×22.4m)
단일+저층부,2 저층부,41,41,139.3,115,39,80,22,35,37580,400.0,8580,46160,4129,43.95,0.089,inf,inf,2,3.624,15.9,41층 758㎡(47.7×15.9m) + 저층부 2층 4000㎡(74.8×53.5m)
단일+저층부,2 저층부,44,44,149.2,119,38,80,21,39,37580,400.0,8679,46259,4133,43.99,0.084,inf,inf,2,3.629,14.42,44층 624㎡(43.3×14.4m) + 저층부 3층 4000㎡(84.9×47.1m)
타워+저층별동,5 저층별동,44,44,149.2,121,35,80,22,41,37580,400.0,9519,47099,1552,16.52,0.05,7.0,0.09,2,3.617,16.6,44층 827㎡(49.8×16.6m) + 저층부 2층 600㎡(42.4×14.1m)
타워+저층별동,5 저층별동,47,47,159.1,124,36,80,22,44,37580,400.0,9886,47466,1867,19.88,0.057,4.1,0.05,2,3.624,15.66,47층 736㎡(47.0×15.7m) + 저층부 3층 1000㎡(44.7×22.4m)
타워+저층별동,5 저층별동,47,47,159.1,124,34,80,22,44,37580,400.0,10350,47930,1470,15.65,0.057,17.8,0.22,2,3.615,15.66,47층 736㎡(47.0×15.7m) + 저층부 5층 600㎡(60.0×10.0m)
타워+저층별동,5 저층별동,47,47,159.1,124,36,80,22,44,37580,400.0,9812,47392,1492,15.88,0.053,14.1,0.18,2,3.614,16.06,47층 774㎡(48.2×16.1m) + 저층부 2층 600㎡(34.6×17.3m)
타워+저층별동,5 저층별동,47,47,159.1,124,35,80,22,44,37580,400.0,11348,48928,1514,16.12,0.03,14.1,0.18,2,3.61,12.44,47층 774㎡(62.2×12.4m) + 저층부 2층 600㎡(52.0×11.5m)
단일,1b 층수·세장비,53,53,178.9,124,37,80,22,44,37580,400.0,9119,46699,764,8.14,0.059,,,1,3.533,21.74,53층 709㎡(32.6×21.7m)
단일+저층부,2 저층부,53,53,178.9,126,34,80,20,46,37580,400.0,9796,47376,4129,43.95,0.097,inf,inf,2,3.681,8.56,53층 366㎡(42.8×8.6m) + 저층부 5층 4000㎡(74.8×53.5m)
단일+저층부,2 저층부,55,55,185.5,127,31,80,12,47,37580,400.0,9507,47087,4133,43.99,0.159,inf,inf,2,3.635,9.38,55층 352㎡(37.5×9.4m) + 저층부 5층 4000㎡(84.9×47.1m)
단일+저층부,2 저층부,53,53,178.9,131,34,80,12,51,37580,400.0,10114,47694,4129,43.95,0.123,inf,inf,2,3.604,11.31,53층 512㎡(45.2×11.3m) + 저층부 3층 4000㎡(74.8×53.5m)
단일+저층부,2 저층부,53,53,178.9,131,34,80,12,51,37580,400.0,9185,46765,4133,43.99,0.075,inf,inf,2,3.585,12.12,53층 440㎡(36.3×12.1m) + 저층부 4층 4000㎡(84.9×47.1m)
타워+저층별동,5 저층별동,55,55,185.5,131,48,80,22,51,37580,400.0,10792,48372,1352,14.39,0.037,5.0,0.05,2,3.494,14.6,55층 640㎡(43.8×14.6m) + 저층부 4층 600㎡(34.6×17.3m)
단일+저층부,2 저층부,41,41,139.3,115,22,81,7,34,37580,400.0,7095,44675,4133,43.99,0.179,inf,inf,2,3.675,9.69,41층 282㎡(29.1×9.7m) + 저층부 7층 4000㎡(84.9×47.1m)
단일,1b 층수·세장비,41,41,139.3,117,34,81,20,36,37580,400.0,7970,45550,979,10.42,0.091,,,1,3.551,24.72,41층 917㎡(37.1×24.7m)
단일+저층부,2 저층부,41,41,139.3,118,16,81,6,37,37580,400.0,7238,44818,4140,44.06,0.257,inf,inf,2,3.619,9.69,41층 282㎡(29.1×9.7m) + 저층부 7층 4000㎡(98.0×40.8m)
단일+저층부,2 저층부,38,38,129.4,122,20,81,6,41,37580,400.0,7123,44703,4129,43.95,0.228,inf,inf,2,3.589,8.79,38층 309㎡(35.2×8.8m) + 저층부 7층 4000㎡(74.8×53.5m)
쌍둥이+저층부,4 쌍둥이+저층부,38+38,38,129.4,122,29,81,10,41,37580,400.0,10429,48009,4129,43.95,0.132,5.4,0.08,3,3.447,11.53,38층 439㎡(31.1×14.1m) + 38층 292㎡(25.4×11.5m) + 저층부 3층 4000㎡(74.8×53.5m)
단일+저층부,2 저층부,38,38,129.4,123,15,81,6,42,37580,400.0,7201,44781,4133,43.99,0.235,inf,inf,2,3.575,8.79,38층 309㎡(35.2×8.8m) + 저층부 7층 4000㎡(84.9×47.1m)
단일,1b 층수·세장비,50,50,169.0,123,40,81,22,42,37580,400.0,10731,48311,821,8.74,0.075,,,1,3.564,13.71,50층 752㎡(54.8×13.7m)
타워+저층별동,5 저층별동,50,50,169.0,127,36,81,22,46,37580,400.0,10152,47732,1448,15.42,0.054,7.5,0.09,2,3.616,15.57,50층 728㎡(46.7×15.6m) + 저층부 2층 600㎡(42.4×14.1m)
단일+저층부,2 저층부,53,53,178.9,127,26,81,11,46,37580,400.0,9291,46871,4129,43.95,0.092,inf,inf,2,3.612,9.57,53층 366㎡(38.3×9.6m) + 저층부 5층 4000㎡(74.8×53.5m)
쌍둥이+저층부,4 쌍둥이+저층부,43+43,43,145.9,128,29,81,10,47,37580,400.0,12353,49933,2602,27.7,0.098,7.1,0.1,3,3.409,10.01,43층 451㎡(36.8×12.3m) + 43층 301㎡(30.0×10.0m) + 저층부 3층 2500㎡(59.2×42.3m)
단일+저층부,2 저층부,50,50,169.0,129,41,81,18,48,37580,400.0,9506,47086,4133,43.99,0.089,inf,inf,2,3.62,10.83,50층 469㎡(43.3×10.8m) + 저층부 4층 4000㎡(84.9×47.1m)
단일+저층부,2 저층부,53,53,178.9,130,40,81,20,49,37580,400.0,8766,46346,4129,43.95,0.101,inf,inf,2,3.618,11.05,53층 366㎡(33.1×11.0m) + 저층부 5층 4000㎡(74.8×53.5m)
단일+저층부,2 저층부,55,55,185.5,131,33,81,11,50,37580,400.0,9303,46883,4129,43.95,0.147,inf,inf,2,3.612,11.88,55층 423㎡(35.6×11.9m) + 저층부 4층 4000㎡(74.8×53.5m)
단일,1b 층수·세장비,41,41,139.3,136,33,81,12,55,37580,400.0,8268,45848,982,10.45,0.272,,,1,3.478,21.41,41층 917㎡(42.8×21.4m)
단일,1b 층수·세장비,38,38,129.4,107,28,82,18,25,37580,400.0,7947,45527,1057,11.25,0.058,,,1,3.55,22.24,38층 989㎡(44.5×22.2m)
단일+저층부,2 저층부,38,38,129.4,115,36,82,21,33,37580,400.0,8034,45614,4133,43.99,0.052,inf,inf,2,3.683,11.54,38층 533㎡(46.2×11.5m) + 저층부 5층 4000㎡(84.9×47.1m)
단일,1b 층수·세장비,38,38,129.4,117,35,82,22,35,37580,400.0,7660,45240,1054,11.22,0.044,,,1,3.591,25.68,38층 989㎡(38.5×25.7m)
단일,1b 층수·세장비,50,50,169.0,118,36,82,10,36,37580,400.0,8844,46424,809,8.61,0.042,,,1,3.479,22.38,50층 752㎡(33.6×22.4m)
단일+저층부,2 저층부,38,38,129.4,120,19,82,8,38,37580,400.0,6889,44469,4133,43.99,0.269,inf,inf,2,3.616,10.15,38층 309㎡(30.4×10.1m) + 저층부 7층 4000㎡(84.9×47.1m)
단일,1b 층수·세장비,47,47,159.1,120,33,82,20,38,37580,400.0,8561,46141,858,9.14,0.031,,,1,3.559,23.09,47층 800㎡(34.6×23.1m)
단일,1b 층수·세장비,44,44,149.2,122,35,82,22,40,37580,400.0,9305,46885,923,9.82,0.029,,,1,3.611,16.87,44층 854㎡(50.6×16.9m)
단일+저층부,2 저층부,53,53,178.9,123,39,82,21,41,37580,400.0,9449,47029,4140,44.06,0.108,inf,inf,2,3.67,9.57,53층 366㎡(38.3×9.6m) + 저층부 5층 4000㎡(98.0×40.8m)
단일,1a 방위·위치,47,47,159.1,123,33,82,20,41,37580,400.0,9631,47211,866,9.22,0.069,,,1,3.526,16.33,47층 800㎡(49.0×16.3m)
단일,1a 방위·위치,47,47,159.1,125,40,82,22,43,37580,400.0,9631,47211,866,9.22,0.085,,,1,3.567,16.33,47층 800㎡(49.0×16.3m)
타워+저층별동,5 저층별동,53,53,178.9,126,27,82,19,44,37580,400.0,12435,50015,1356,14.43,0.043,17.7,0.2,2,3.571,11.22,53층 630㎡(56.1×11.2m) + 저층부 7층 600㎡(42.4×14.1m)
타워+저층별동,5 저층별동,53,53,178.9,126,20,82,8,44,37580,400.0,11622,49202,1712,18.22,0.068,7.9,0.09,2,3.524,12.01,53층 577㎡(48.0×12.0m) + 저층부 7층 1000㎡(54.8×18.3m)
단일+저층부,2 저층부,55,55,185.5,128,34,82,20,46,37580,400.0,8915,46495,4129,43.95,0.109,inf,inf,2,3.693,10.83,55층 352㎡(32.5×10.8m) + 저층부 5층 4000㎡(74.8×53.5m)
타워+저층별동,5 저층별동,55,55,185.5,128,38,82,22,46,37580,400.0,10820,48400,1718,18.28,0.037,4.9,0.05,2,3.633,14.05,55층 592㎡(42.2×14.1m) + 저층부 5층 1000㎡(44.7×22.4m)
단일+저층부,2 저층부,53,53,178.9,128,29,82,9,46,37580,400.0,9852,47432,4133,43.99,0.147,inf,inf,2,3.624,8.56,53층 366㎡(42.8×8.6m) + 저층부 5층 4000㎡(84.9×47.1m)
타워+저층별동,5 저층별동,55,55,185.5,128,36,82,22,46,37580,400.0,10820,48400,1718,18.28,0.037,28.9,0.31,2,3.616,14.05,55층 592㎡(42.2×14.1m) + 저층부 5층 1000㎡(44.7×22.4m)
단일+저층부,2 저층부,55,55,185.5,130,29,82,9,48,37580,400.0,8970,46550,4133,43.99,0.183,inf,inf,2,3.635,10.83,55층 352㎡(32.5×10.8m) + 저층부 5층 4000㎡(84.9×47.1m)
단일+저층부,2 저층부,41,41,139.3,132,23,82,11,50,37580,400.0,7017,44597,4129,43.95,0.131,inf,inf,2,3.607,9.69,41층 282㎡(29.1×9.7m) + 저층부 7층 4000㎡(74.8×53.5m)
단일+저층부,2 저층부,47,47,159.1,132,39,82,16,50,37580,400.0,8961,46541,4133,43.99,0.093,inf,inf,2,3.602,13.92,47층 581㎡(41.8×13.9m) + 저층부 3층 4000㎡(84.9×47.1m)
단일+저층부,2 저층부,41,41,139.3,133,16,82,6,51,37580,400.0,7095,44675,4133,43.99,0.152,inf,inf,2,3.567,9.69,41층 282㎡(29.1×9.7m) + 저층부 7층 4000㎡(84.9×47.1m)
단일+저층부,2 저층부,53,53,178.9,134,30,82,12,52,37580,400.0,9265,46845,2602,27.7,0.159,inf,inf,2,3.599,12.06,53층 437㎡(36.2×12.1m) + 저층부 7층 2500㎡(59.2×42.3m)
단일+저층부,2 저층부,44,44,149.2,135,46,82,22,53,37580,400.0,8888,46468,4129,43.95,0.129,inf,inf,2,3.553,15.32,44층 704㎡(46.0×15.3m) + 저층부 2층 4000㎡(74.8×53.5m)
단일+저층부,2 저층부,53,53,178.9,136,32,82,12,54,37580,400.0,9141,46721,4129,43.95,0.069,inf,inf,2,3.593,12.12,53층 440㎡(36.3×12.1m) + 저층부 4층 4000㎡(74.8×53.5m)
단일+저층부,2 저층부,53,53,178.9,136,31,82,12,54,37580,400.0,9265,46845,2602,27.7,0.159,inf,inf,2,3.563,12.06,53층 437㎡(36.2×12.1m) + 저층부 7층 2500㎡(59.2×42.3m)
단일,1b 층수·세장비,50,50,169.0,136,42,82,20,54,37580,400.0,8844,46424,809,8.61,0.123,,,1,3.494,22.38,50층 752㎡(33.6×22.4m)
단일,1b 층수·세장비,47,47,159.1,138,34,82,12,56,37580,400.0,8561,46141,858,9.14,0.21,,,1,3.479,23.09,47층 800㎡(34.6×23.1m)
단일+저층부,2 저층부,38,38,129.4,117,22,83,7,34,37580,400.0,6889,44469,4133,43.99,0.182,inf,inf,2,3.677,10.15,38층 309㎡(30.4×10.1m) + 저층부 7층 4000㎡(84.9×47.1m)
단일,1b 층수·세장비,41,41,139.3,119,38,83,22,36,37580,400.0,8268,45848,982,10.45,0.088,,,1,3.573,21.41,41층 917㎡(42.8×21.4m)
단일+저층부,2 저층부,47,47,159.1,127,38,83,22,44,37580,400.0,8636,46216,4129,43.95,0.105,inf,inf,2,3.671,12.93,47층 502㎡(38.8×12.9m) + 저층부 4층 4000㎡(74.8×53.5m)
단일+저층부,2 저층부,55,55,185.5,127,25,83,9,44,37580,400.0,8970,46550,4133,43.99,0.105,inf,inf,2,3.596,10.83,55층 352㎡(32.5×10.8m) + 저층부 5층 4000㎡(84.9×47.1m)
단일,1b 층수·세장비,38,38,129.4,127,35,83,14,44,37580,400.0,9305,46885,1069,11.37,0.049,,,1,3.505,15.72,38층 989㎡(62.9×15.7m)
단일+저층부,2 저층부,47,47,159.1,128,35,83,22,45,37580,400.0,9208,46788,4133,43.99,0.064,inf,inf,2,3.638,14.8,47층 657㎡(44.4×14.8m) + 저층부 2층 4000㎡(84.9×47.1m)
단일,1a 방위·위치,47,47,159.1,128,35,83,22,45,37580,400.0,9631,47211,866,9.22,0.033,,,1,3.608,16.33,47층 800㎡(49.0×16.3m)
타워+저층별동,5 저층별동,38,38,129.4,128,31,83,12,45,37580,400.0,9899,47479,1945,20.7,0.086,4.1,0.06,2,3.516,14.18,38층 805㎡(56.7×14.2m) + 저층부 7층 1000㎡(44.7×22.4m)
단일+저층부,2 저층부,53,53,178.9,132,34,83,12,49,37580,400.0,9500,47080,4133,43.99,0.13,inf,inf,2,3.602,13.06,53층 512㎡(39.2×13.1m) + 저층부 3층 4000㎡(84.9×47.1m)
타워+저층별동,5 저층별동,53,53,178.9,132,37,83,15,49,37580,400.0,12338,49918,1351,14.38,0.074,5.3,0.06,2,3.501,11.22,53층 630㎡(56.1×11.2m) + 저층부 7층 600㎡(34.6×17.3m)
단일+저층부,2 저층부,55,55,185.5,133,31,83,12,50,37580,400.0,9903,47483,4129,43.95,0.131,inf,inf,2,3.616,10.29,55층 423㎡(41.1×10.3m) + 저층부 4층 4000㎡(74.8×53.5m)
단일+저층부,2 저층부,55,55,185.5,133,41,83,18,50,37580,400.0,9962,47542,4133,43.99,0.084,inf,inf,2,3.591,13.64,55층 558㎡(40.9×13.6m) + 저층부 2층 4000㎡(84.9×47.1m)
단일+저층부,2 저층부,44,44,149.2,133,34,83,12,50,37580,400.0,8646,46226,4129,43.95,0.137,inf,inf,2,3.581,14.42,44층 624㎡(43.3×14.4m) + 저층부 3층 4000㎡(74.8×53.5m)
단일,1b 층수·세장비,47,47,159.1,137,42,83,22,54,37580,400.0,8881,46461,861,9.16,0.051,,,1,3.504,19.99,47층 800㎡(40.0×20.0m)
단일,1b 층수·세장비,53,53,178.9,138,32,83,12,55,37580,400.0,9458,47038,767,8.16,0.194,,,1,3.501,18.83,53층 709㎡(37.7×18.8m)
단일,1b 층수·세장비,50,50,169.0,138,40,83,18,55,37580,400.0,8844,46424,809,8.61,0.165,,,1,3.488,22.38,50층 752㎡(33.6×22.4m)
타워+저층별동,5 저층별동,50,50,169.0,138,46,83,22,55,37580,400.0,11753,49333,1446,15.39,0.048,9.3,0.11,2,3.481,11.96,50층 716㎡(59.8×12.0m) + 저층부 3층 600㎡(42.4×14.1m)
단일+저층부,2 저층부,38,38,129.4,122,33,84,17,38,37580,400.0,7599,45179,4133,43.99,0.162,inf,inf,2,3.661,13.33,38층 533㎡(40.0×13.3m) + 저층부 5층 4000㎡(84.9×47.1m)
단일+저층부,2 저층부,44,44,149.2,124,32,84,20,40,37580,400.0,9414,46994,4129,43.95,0.081,inf,inf,2,3.65,10.39,44층 540㎡(51.9×10.4m) + 저층부 4층 4000㎡(74.8×53.5m)
단일,1b 층수·세장비,44,44,149.2,126,30,84,18,42,37580,400.0,10040,47620,928,9.88,0.071,,,1,3.446,14.61,44층 854㎡(58.4×14.6m)
단일+저층부,2 저층부,55,55,185.5,127,34,84,16,43,37580,400.0,8970,46550,4133,43.99,0.157,inf,inf,2,3.639,10.83,55층 352㎡(32.5×10.8m) + 저층부 5층 4000㎡(84.9×47.1m)
단일+저층부,2 저층부,55,55,185.5,128,43,84,22,44,37580,400.0,10524,48104,4133,43.99,0.111,inf,inf,2,3.646,9.2,55층 423㎡(46.0×9.2m) + 저층부 4층 4000㎡(84.9×47.1m)
단일+저층부,2 저층부,55,55,185.5,130,22,84,14,46,37580,400.0,9488,47068,2605,27.73,0.09,inf,inf,2,3.629,11.81,55층 418㎡(35.4×11.8m) + 저층부 7층 2500㎡(67.1×37.3m)
단일,1a 방위·위치,47,47,159.1,130,35,84,16,46,37580,400.0,9631,47211,866,9.22,0.192,,,1,3.441,16.33,47층 800㎡(49.0×16.3m)
단일+저층부,2 저층부,50,50,169.0,131,35,84,13,47,37580,400.0,8592,46172,4133,43.99,0.119,inf,inf,2,3.671,11.41,50층 391㎡(34.2×11.4m) + 저층부 5층 4000㎡(84.9×47.1m)
단일,1b 층수·세장비,50,50,169.0,131,35,84,22,47,37580,400.0,9553,47133,813,8.66,0.041,,,1,3.603,17.34,50층 752㎡(43.3×17.3m)
단일+저층부,2 저층부,53,53,178.9,133,29,84,10,49,37580,400.0,8766,46346,4129,43.95,0.167,inf,inf,2,3.618,11.05,53층 366㎡(33.1×11.0m) + 저층부 5층 4000㎡(74.8×53.5m)
타워+저층별동,5 저층별동,55,55,185.5,133,33,84,12,49,37580,400.0,11434,49014,1380,14.69,0.074,11.4,0.12,2,3.552,12.86,55층 661㎡(51.4×12.9m) + 저층부 2층 600㎡(34.6×17.3m)
타워+저층별동,5 저층별동,47,47,159.1,133,39,84,16,49,37580,400.0,11435,49015,1833,19.51,0.066,6.3,0.08,2,3.522,11.77,47층 693㎡(58.9×11.8m) + 저층부 5층 1000㎡(44.7×22.4m)
단일+저층부,2 저층부,55,55,185.5,134,28,84,12,50,37580,400.0,9507,47087,4133,43.99,0.15,inf,inf,2,3.591,9.38,55층 352㎡(37.5×9.4m) + 저층부 5층 4000㎡(84.9×47.1m)
단일+저층부,2 저층부,53,53,178.9,135,37,84,14,51,37580,400.0,8923,46503,4140,44.06,0.122,inf,inf,2,3.65,11.05,53층 366㎡(33.1×11.0m) + 저층부 5층 4000㎡(98.0×40.8m)
단일+저층부,2 저층부,55,55,185.5,135,46,84,22,51,37580,400.0,9673,47253,4133,43.99,0.09,inf,inf,2,3.605,12.81,55층 492㎡(38.4×12.8m) + 저층부 3층 4000㎡(84.9×47.1m)
단일+저층부,2 저층부,55,55,185.5,135,28,84,12,51,37580,400.0,8970,46550,4133,43.99,0.169,inf,inf,2,3.597,10.83,55층 352㎡(32.5×10.8m) + 저층부 5층 4000㎡(84.9×47.1m)
단일+저층부,2 저층부,50,50,169.0,135,34,84,12,51,37580,400.0,9201,46781,4129,43.95,0.138,inf,inf,2,3.591,13.47,50층 544㎡(40.4×13.5m) + 저층부 3층 4000㎡(74.8×53.5m)
단일+저층부,2 저층부,53,53,178.9,135,33,84,12,51,37580,400.0,9756,47336,4129,43.95,0.127,inf,inf,2,3.578,13.9,53층 580㎡(41.7×13.9m) + 저층부 2층 4000㎡(74.8×53.5m)
단일+저층부,2 저층부,50,50,169.0,136,28,84,11,52,37580,400.0,8536,46116,4129,43.95,0.083,inf,inf,2,3.592,11.41,50층 391㎡(34.2×11.4m) + 저층부 5층 4000㎡(74.8×53.5m)
단일,1b 층수·세장비,50,50,169.0,143,30,84,12,59,37580,400.0,8844,46424,809,8.61,0.227,,,1,3.496,22.38,50층 752㎡(33.6×22.4m)
타워+저층별동,5 저층별동,38,38,129.4,119,35,85,22,34,37580,400.0,8845,46425,1687,17.96,0.041,6.4,0.1,2,3.619,17.86,38층 957㎡(53.6×17.9m) + 저층부 2층 600㎡(42.4×14.1m)
단일+저층부,2 저층부,38,38,129.4,122,36,85,19,37,37580,400.0,8034,45614,4133,43.99,0.149,inf,inf,2,3.656,11.54,38층 533㎡(46.2×11.5m) + 저층부 5층 4000㎡(84.9×47.1m)
단일+저층부,2 저층부,55,55,185.5,128,41,85,22,43,37580,400.0,10524,48104,4133,43.99,0.044,inf,inf,2,3.658,9.2,55층 423㎡(46.0×9.2m) + 저층부 4층 4000㎡(84.9×47.1m)
단일+저층부,2 저층부,41,41,139.3,128,16,85,5,43,37580,400.0,7095,44675,4133,43.99,0.218,inf,inf,2,3.595,9.69,41층 282㎡(29.1×9.7m) + 저층부 7층 4000㎡(84.9×47.1m)
단일+저층부,2 저층부,50,50,169.0,131,37,85,22,46,37580,400.0,10431,48011,4129,43.95,0.071,inf,inf,2,3.639,10.43,50층 544㎡(52.2×10.4m) + 저층부 3층 4000㎡(74.8×53.5m)
타워+저층별동,5 저층별동,53,53,178.9,134,40,85,16,49,37580,400.0,12128,49708,1387,14.76,0.066,12.1,0.13,2,3.52,11.52,53층 664㎡(57.6×11.5m) + 저층부 4층 600㎡(34.6×17.3m)
타워+저층별동,5 저층별동,53,53,178.9,134,40,85,16,49,37580,400.0,12057,49637,1399,14.89,0.063,5.1,0.06,2,3.517,11.62,53층 675㎡(58.1×11.6m) + 저층부 3층 600㎡(34.6×17.3m)
단일+저층부,2 저층부,55,55,185.5,135,34,85,12,50,37580,400.0,10934,48514,4129,43.95,0.1,inf,inf,2,3.602,9.92,55층 492㎡(49.6×9.9m) + 저층부 3층 4000㎡(74.8×53.5m)
단일+저층부,2 저층부,53,53,178.9,135,34,85,12,50,37580,400.0,10735,48315,4129,43.95,0.099,inf,inf,2,3.601,10.12,53층 512㎡(50.6×10.1m) + 저층부 3층 4000㎡(74.8×53.5m)
타워+저층별동,5 저층별동,47,47,159.1,135,39,85,16,50,37580,400.0,11579,49159,1467,15.62,0.056,8.2,0.1,2,3.521,12.13,47층 736㎡(60.7×12.1m) + 저층부 5층 600㎡(42.4×14.1m)
타워+저층별동,5 저층별동,50,50,169.0,135,38,85,16,50,37580,400.0,11859,49439,1416,15.07,0.063,4.0,0.05,2,3.511,11.76,50층 692㎡(58.8×11.8m) + 저층부 5층 600㎡(34.6×17.3m)
쌍둥이,3 쌍둥이,53+47,53,178.9,135,31,85,10,50,37580,400.0,14297,51877,836,8.9,0.023,9.3,0.1,2,3.369,10.33,53층 425㎡(35.7×11.9m) + 47층 320㎡(31.0×10.3m)
단일+저층부,2 저층부,55,55,185.5,136,44,85,20,51,37580,400.0,9673,47253,4133,43.99,0.083,inf,inf,2,3.604,12.81,55층 492㎡(38.4×12.8m) + 저층부 3층 4000㎡(84.9×47.1m)
쌍둥이,3 쌍둥이,53+53,53,178.9,136,32,85,10,51,37580,400.0,13806,51386,792,8.43,0.027,7.8,0.09,2,3.359,11.35,53층 425㎡(30.6×13.9m) + 53층 284㎡(25.0×11.4m)
타워+저층별동,5 저층별동,47,47,159.1,138,47,85,22,53,37580,400.0,9881,47461,1504,16.01,0.085,4.3,0.05,2,3.495,16.06,47층 774㎡(48.2×16.1m) + 저층부 2층 600㎡(52.0×11.5m)
단일+저층부,2 저층부,47,47,159.1,139,34,85,12,54,37580,400.0,8928,46508,4129,43.95,0.121,inf,inf,2,3.594,13.92,47층 581㎡(41.8×13.9m) + 저층부 3층 4000㎡(74.8×53.5m)
단일+저층부,2 저층부,38,38,129.4,125,18,86,5,39,37580,400.0,6812,44392,4129,43.95,0.216,inf,inf,2,3.603,10.15,38층 309㎡(30.4×10.1m) + 저층부 7층 4000㎡(74.8×53.5m)
쌍둥이+저층부,4 쌍둥이+저층부,38+38,38,129.4,126,32,86,11,40,37580,400.0,10098,47678,4135,44.01,0.082,5.0,1.26,3,3.465,12.01,38층 317㎡(26.4×12.0m) + 38층 317㎡(26.4×12.0m) + 저층부 4층 4000㎡(89.4×44.7m)
단일+저층부,2 저층부,55,55,185.5,128,41,86,20,42,37580,400.0,9903,47483,4129,43.95,0.123,inf,inf,2,3.653,10.29,55층 423㎡(41.1×10.3m) + 저층부 4층 4000㎡(74.8×53.5m)
단일+저층부,2 저층부,55,55,185.5,128,42,86,20,42,37580,400.0,10479,48059,4129,43.95,0.104,inf,inf,2,3.648,9.2,55층 423㎡(46.0×9.2m) + 저층부 4층 4000㎡(74.8×53.5m)
단일+저층부,2 저층부,50,50,169.0,130,25,86,10,44,37580,400.0,8694,46274,4140,44.06,0.103,inf,inf,2,3.578,11.41,50층 391㎡(34.2×11.4m) + 저층부 5층 4000㎡(98.0×40.8m)
타워+저층별동,5 저층별동,50,50,169.0,132,37,86,22,46,37580,400.0,10224,47804,2242,23.87,0.04,7.3,0.09,2,3.639,14.16,50층 602㎡(42.5×14.2m) + 저층부 5층 1500㎡(54.8×27.4m)
단일+저층부,2 저층부,55,55,185.5,132,24,86,7,46,37580,400.0,8915,46495,4129,43.95,0.114,inf,inf,2,3.591,10.83,55층 352㎡(32.5×10.8m) + 저층부 5층 4000㎡(74.8×53.5m)
단일,1b 층수·세장비,53,53,178.9,132,38,86,22,46,37580,400.0,9458,47038,767,8.16,0.076,,,1,3.589,18.83,53층 709㎡(37.7×18.8m)
단일+저층부,2 저층부,55,55,185.5,133,27,86,12,47,37580,400.0,8915,46495,4129,43.95,0.175,inf,inf,2,3.619,10.83,55층 352㎡(32.5×10.8m) + 저층부 5층 4000㎡(74.8×53.5m)
단일,1b 층수·세장비,50,50,169.0,133,35,86,22,47,37580,400.0,9174,46754,811,8.63,0.034,,,1,3.51,19.39,50층 752㎡(38.8×19.4m)
단일+저층부,2 저층부,50,50,169.0,134,33,86,11,48,37580,400.0,10010,47590,4129,43.95,0.114,inf,inf,2,3.613,9.69,50층 469㎡(48.4×9.7m) + 저층부 4층 4000㎡(74.8×53.5m)
단일+저층부,2 저층부,44,44,149.2,135,30,86,12,49,37580,400.0,8113,45693,4133,43.99,0.147,inf,inf,2,3.625,12.26,44층 451㎡(36.8×12.3m) + 저층부 5층 4000㎡(84.9×47.1m)
단일+저층부,2 저층부,44,44,149.2,135,34,86,12,49,37580,400.0,8904,46484,4129,43.95,0.137,inf,inf,2,3.617,11.61,44층 540㎡(46.5×11.6m) + 저층부 4층 4000㎡(74.8×53.5m)
단일+저층부,2 저층부,50,50,169.0,137,28,86,7,51,37580,400.0,9045,46625,4129,43.95,0.074,inf,inf,2,3.567,9.88,50층 391㎡(39.5×9.9m) + 저층부 5층 4000㎡(74.8×53.5m)
단일,1b 층수·세장비,53,53,178.9,137,31,86,12,51,37580,400.0,11062,48642,777,8.27,0.106,,,1,3.52,13.31,53층 709㎡(53.3×13.3m)
단일,1b 층수·세장비,38,38,129.4,138,31,86,12,52,37580,400.0,7660,45240,1054,11.22,0.27,,,1,3.488,25.68,38층 989㎡(38.5×25.7m)
타워+저층별동,5 저층별동,47,47,159.1,141,34,86,12,55,37580,400.0,10080,47660,1452,15.46,0.041,9.6,0.12,2,3.513,15.66,47층 736㎡(47.0×15.7m) + 저층부 5층 600㎡(34.6×17.3m)
단일+저층부,2 저층부,38,38,129.4,127,20,87,7,40,37580,400.0,6812,44392,4129,43.95,0.214,inf,inf,2,3.623,10.15,38층 309㎡(30.4×10.1m) + 저층부 7층 4000㎡(74.8×53.5m)
단일+저층부,2 저층부,38,38,129.4,130,20,87,6,43,37580,400.0,6812,44392,4129,43.95,0.224,inf,inf,2,3.59,10.15,38층 309㎡(30.4×10.1m) + 저층부 7층 4000㎡(74.8×53.5m)
단일+저층부,2 저층부,38,38,129.4,130,28,87,11,43,37580,400.0,7979,45559,4129,43.95,0.152,inf,inf,2,3.589,11.54,38층 533㎡(46.2×11.5m) + 저층부 5층 4000㎡(74.8×53.5m)
단일+저층부,2 저층부,55,55,185.5,132,37,87,19,45,37580,400.0,8970,46550,4133,43.99,0.129,inf,inf,2,3.682,10.83,55층 352㎡(32.5×10.8m) + 저층부 5층 4000㎡(84.9×47.1m)
단일+저층부,2 저층부,41,41,139.3,132,31,87,11,45,37580,400.0,8610,46190,4129,43.95,0.131,inf,inf,2,3.611,12.08,41층 583㎡(48.3×12.1m) + 저층부 4층 4000㎡(74.8×53.5m)
단일+저층부,2 저층부,55,55,185.5,133,34,87,20,46,37580,400.0,9347,46927,4133,43.99,0.095,inf,inf,2,3.637,11.88,55층 423㎡(35.6×11.9m) + 저층부 4층 4000㎡(84.9×47.1m)
쌍둥이+저층부,4 쌍둥이+저층부,38+38,38,129.4,133,29,87,11,46,37580,400.0,10580,48160,4129,43.95,0.174,6.7,0.1,3,3.44,10.29,38층 317㎡(30.9×10.3m) + 38층 317㎡(30.9×10.3m) + 저층부 4층 4000㎡(74.8×53.5m)
단일+저층부,2 저층부,53,53,178.9,134,37,87,14,47,37580,400.0,9185,46765,4133,43.99,0.098,inf,inf,2,3.653,12.12,53층 440㎡(36.3×12.1m) + 저층부 4층 4000㎡(84.9×47.1m)
단일+저층부,2 저층부,44,44,149.2,134,29,87,12,47,37580,400.0,8057,45637,4129,43.95,0.096,inf,inf,2,3.649,12.26,44층 451㎡(36.8×12.3m) + 저층부 5층 4000㎡(74.8×53.5m)
단일+저층부,2 저층부,55,55,185.5,134,35,87,13,47,37580,400.0,9947,47527,4133,43.99,0.147,inf,inf,2,3.635,10.29,55층 423㎡(41.1×10.3m) + 저층부 4층 4000㎡(84.9×47.1m)
단일+저층부,2 저층부,41,41,139.3,135,31,87,12,48,37580,400.0,8610,46190,4129,43.95,0.127,inf,inf,2,3.581,12.08,41층 583㎡(48.3×12.1m) + 저층부 4층 4000㎡(74.8×53.5m)
단일+저층부,2 저층부,55,55,185.5,136,34,87,12,49,37580,400.0,9347,46927,4133,43.99,0.123,inf,inf,2,3.623,11.88,55층 423㎡(35.6×11.9m) + 저층부 4층 4000㎡(84.9×47.1m)
단일+저층부,2 저층부,47,47,159.1,137,34,87,12,50,37580,400.0,9534,47114,4129,43.95,0.111,inf,inf,2,3.579,12.06,47층 581㎡(48.2×12.1m) + 저층부 3층 4000㎡(74.8×53.5m)
쌍둥이,3 쌍둥이,53+38,53,178.9,137,31,87,10,50,37580,400.0,13534,51114,886,9.43,0.032,9.0,0.1,2,3.374,9.94,53층 496㎡(38.6×12.9m) + 38층 297㎡(29.8×9.9m)
쌍둥이+저층부,4 쌍둥이+저층부,53+53,53,178.9,137,32,87,11,50,37580,400.0,12535,50115,2602,27.7,0.06,5.9,0.07,3,3.365,13.71,53층 301㎡(21.9×13.7m) + 53층 301㎡(21.9×13.7m) + 저층부 3층 2500㎡(59.2×42.3m)
단일+저층부,2 저층부,50,50,169.0,139,34,87,12,52,37580,400.0,9201,46781,4129,43.95,0.146,inf,inf,2,3.61,13.47,50층 544㎡(40.4×13.5m) + 저층부 3층 4000㎡(74.8×53.5m)
단일,1b 층수·세장비,55,55,185.5,139,45,87,22,52,37580,400.0,10042,47622,742,7.9,0.081,,,1,3.509,16.53,55층 683㎡(41.3×16.5m)
단일,1b 층수·세장비,41,41,139.3,140,33,87,12,53,37580,400.0,8612,46192,985,10.48,0.125,,,1,3.518,19.15,41층 917㎡(47.9×19.1m)
단일,1b 층수·세장비,47,47,159.1,118,32,88,13,30,37580,400.0,9631,47211,866,9.22,0.043,,,1,3.492,16.33,47층 800㎡(49.0×16.3m)
단일,1b 층수·세장비,55,55,185.5,122,30,88,11,34,37580,400.0,11278,48858,750,7.98,0.081,,,1,3.483,13.07,55층 683㎡(52.3×13.1m)
단일+저층부,2 저층부,55,55,185.5,130,30,88,13,42,37580,400.0,9451,47031,4129,43.95,0.162,inf,inf,2,3.633,9.38,55층 352㎡(37.5×9.4m) + 저층부 5층 4000㎡(74.8×53.5m)
단일+저층부,2 저층부,38,38,129.4,130,16,88,5,42,37580,400.0,6889,44469,4133,43.99,0.214,inf,inf,2,3.591,10.15,38층 309㎡(30.4×10.1m) + 저층부 7층 4000㎡(84.9×47.1m)
단일+저층부,2 저층부,53,53,178.9,131,33,88,12,43,37580,400.0,9852,47432,4133,43.99,0.078,inf,inf,2,3.651,8.56,53층 366㎡(42.8×8.6m) + 저층부 5층 4000㎡(84.9×47.1m)
단일+저층부,2 저층부,53,53,178.9,134,32,88,20,46,37580,400.0,9265,46845,2602,27.7,0.111,inf,inf,2,3.652,12.06,53층 437㎡(36.2×12.1m) + 저층부 7층 2500㎡(59.2×42.3m)
단일+저층부,2 저층부,47,47,159.1,137,28,88,10,49,37580,400.0,8301,45881,4129,43.95,0.184,inf,inf,2,3.622,11.81,47층 419㎡(35.4×11.8m) + 저층부 5층 4000㎡(74.8×53.5m)
단일+저층부,2 저층부,50,50,169.0,138,32,88,10,50,37580,400.0,9828,47408,4129,43.95,0.116,inf,inf,2,3.576,11.66,50층 544㎡(46.7×11.7m) + 저층부 3층 4000㎡(74.8×53.5m)
쌍둥이+저층부,4 쌍둥이+저층부,48+48,48,162.4,138,31,88,10,50,37580,400.0,11466,49046,2607,27.75,0.085,4.7,0.06,3,3.37,13.5,48층 292㎡(21.6×13.5m) + 48층 292㎡(21.6×13.5m) + 저층부 5층 2500㎡(70.7×35.4m)
단일+저층부,2 저층부,50,50,169.0,139,31,88,10,51,37580,400.0,9201,46781,4129,43.95,0.142,inf,inf,2,3.582,13.47,50층 544㎡(40.4×13.5m) + 저층부 3층 4000㎡(74.8×53.5m)
단일+저층부,2 저층부,47,47,159.1,139,26,88,9,51,37580,400.0,8681,46261,4133,43.99,0.071,inf,inf,2,3.559,12.93,47층 502㎡(38.8×12.9m) + 저층부 4층 4000㎡(84.9×47.1m)
단일+저층부,2 저층부,47,47,159.1,140,32,88,12,52,37580,400.0,9186,46766,4129,43.95,0.129,inf,inf,2,3.577,14.8,47층 657㎡(44.4×14.8m) + 저층부 2층 4000㎡(74.8×53.5m)
타워+저층별동,5 저층별동,55,55,185.5,140,36,88,14,52,37580,400.0,12490,50070,1355,14.42,0.071,9.7,0.1,2,3.512,11.21,55층 629㎡(56.1×11.2m) + 저층부 5층 600㎡(42.4×14.1m)
단일,1b 층수·세장비,55,55,185.5,148,31,88,12,60,37580,400.0,10042,47622,742,7.9,0.245,,,1,3.48,16.53,55층 683㎡(41.3×16.5m)
단일,1b 층수·세장비,41,41,139.3,121,30,89,11,32,37580,400.0,8969,46549,988,10.51,0.042,,,1,3.481,17.48,41층 917㎡(52.4×17.5m)
단일+저층부,2 저층부,38,38,129.4,128,24,89,7,39,37580,400.0,7599,45179,4133,43.99,0.176,inf,inf,2,3.577,13.33,38층 533㎡(40.0×13.3m) + 저층부 5층 4000㎡(84.9×47.1m)
단일,1b 층수·세장비,50,50,169.0,128,39,89,17,39,37580,400.0,8844,46424,809,8.61,0.043,,,1,3.428,22.38,50층 752㎡(33.6×22.4m)
단일+저층부,2 저층부,55,55,185.5,129,41,89,20,40,37580,400.0,9427,47007,2602,27.7,0.076,inf,inf,2,3.662,11.81,55층 418㎡(35.4×11.8m) + 저층부 7층 2500㎡(59.2×42.3m)
단일+저층부,2 저층부,38,38,129.4,131,16,89,5,42,37580,400.0,6889,44469,4133,43.99,0.226,inf,inf,2,3.597,10.15,38층 309㎡(30.4×10.1m) + 저층부 7층 4000㎡(84.9×47.1m)
단일+저층부,2 저층부,47,47,159.1,136,42,89,22,47,37580,400.0,9232,46812,4133,43.99,0.129,inf,inf,2,3.642,11.2,47층 502㎡(44.8×11.2m) + 저층부 4층 4000㎡(84.9×47.1m)
단일,1b 층수·세장비,41,41,139.3,141,32,89,12,52,37580,400.0,8268,45848,982,10.45,0.198,,,1,3.489,21.41,41층 917㎡(42.8×21.4m)
단일+저층부,2 저층부,55,55,185.5,144,33,89,12,55,37580,400.0,9939,47519,4129,43.95,0.109,inf,inf,2,3.573,13.64,55층 558㎡(40.9×13.6m) + 저층부 2층 4000㎡(74.8×53.5m)
단일+저층부,2 저층부,41,41,139.3,127,22,90,8,37,37580,400.0,7095,44675,4133,43.99,0.071,inf,inf,2,3.694,9.69,41층 282㎡(29.1×9.7m) + 저층부 7층 4000㎡(84.9×47.1m)
단일+저층부,2 저층부,50,50,169.0,134,39,90,18,44,37580,400.0,8892,46472,4129,43.95,0.147,inf,inf,2,3.654,12.51,50층 469㎡(37.5×12.5m) + 저층부 4층 4000㎡(74.8×53.5m)
타워+저층별동,5 저층별동,55,55,185.5,135,38,90,22,45,37580,400.0,11529,49109,1741,18.54,0.055,6.1,0.07,2,3.598,12.35,55층 611㎡(49.4×12.4m) + 저층부 4층 1000㎡(44.7×22.4m)
단일+저층부,2 저층부,47,47,159.1,136,29,90,11,46,37580,400.0,8458,46038,4140,44.06,0.201,inf,inf,2,3.63,11.81,47층 419㎡(35.4×11.8m) + 저층부 5층 4000㎡(98.0×40.8m)
단일+저층부,2 저층부,53,53,178.9,137,27,90,9,47,37580,400.0,8923,46503,4140,44.06,0.156,inf,inf,2,3.614,11.05,53층 366㎡(33.1×11.0m) + 저층부 5층 4000㎡(98.0×40.8m)
타워+저층별동,5 저층별동,55,55,185.5,137,38,90,22,47,37580,400.0,11511,49091,1368,14.56,0.047,12.5,0.13,2,3.595,12.75,55층 651㎡(51.0×12.8m) + 저층부 3층 600㎡(34.6×17.3m)
타워+저층별동,5 저층별동,53,53,178.9,138,38,90,22,48,37580,400.0,11341,48921,1399,14.89,0.044,27.8,0.31,2,3.593,12.99,53층 675㎡(52.0×13.0m) + 저층부 3층 600㎡(42.4×14.1m)
단일,1b 층수·세장비,50,50,169.0,138,38,90,22,48,37580,400.0,8844,46424,809,8.61,0.077,,,1,3.57,22.38,50층 752㎡(33.6×22.4m)
쌍둥이,3 쌍둥이,53+44,53,178.9,140,30,90,10,50,37580,400.0,14086,51666,875,9.31,0.037,9.8,0.11,2,3.336,10.87,53층 355㎡(32.6×10.9m) + 44층 427㎡(35.8×11.9m)
쌍둥이,3 쌍둥이,50+47,50,169.0,140,30,90,10,50,37580,400.0,15191,52771,876,9.32,0.033,11.4,0.13,2,3.335,9.69,50층 376㎡(38.8×9.7m) + 47층 400㎡(40.0×10.0m)
단일+저층부,2 저층부,55,55,185.5,141,33,90,12,51,37580,400.0,9303,46883,4129,43.95,0.136,inf,inf,2,3.629,11.88,55층 423㎡(35.6×11.9m) + 저층부 4층 4000㎡(74.8×53.5m)
단일+저층부,2 저층부,50,50,169.0,141,29,90,12,51,37580,400.0,9534,47114,4129,43.95,0.12,inf,inf,2,3.619,8.84,50층 391㎡(44.2×8.8m) + 저층부 5층 4000㎡(74.8×53.5m)
단일+저층부,2 저층부,55,55,185.5,141,33,90,12,51,37580,400.0,9903,47483,4129,43.95,0.133,inf,inf,2,3.592,10.29,55층 423㎡(41.1×10.3m) + 저층부 4층 4000㎡(74.8×53.5m)
단일+저층부,2 저층부,50,50,169.0,141,33,90,12,51,37580,400.0,10156,47736,4129,43.95,0.099,inf,inf,2,3.567,12.41,50층 616㎡(49.6×12.4m) + 저층부 2층 4000㎡(74.8×53.5m)
단일+저층부,2 저층부,41,41,139.3,141,26,90,9,51,37580,400.0,8144,45724,4133,43.99,0.057,inf,inf,2,3.561,13.94,41층 583㎡(41.8×13.9m) + 저층부 4층 4000㎡(84.9×47.1m)
단일+저층부,2 저층부,53,53,178.9,143,34,90,12,53,37580,400.0,10735,48315,4129,43.95,0.094,inf,inf,2,3.598,10.12,53층 512㎡(50.6×10.1m) + 저층부 3층 4000㎡(74.8×53.5m)
단일,1b 층수·세장비,41,41,139.3,143,32,90,12,53,37580,400.0,7970,45550,979,10.42,0.171,,,1,3.498,24.72,41층 917㎡(37.1×24.7m)
단일+저층부,2 저층부,53,53,178.9,146,33,90,12,56,37580,400.0,9756,47336,4129,43.95,0.115,inf,inf,2,3.587,13.9,53층 580㎡(41.7×13.9m) + 저층부 2층 4000㎡(74.8×53.5m)
단일+저층부,2 저층부,38,38,129.4,128,28,91,12,37,37580,400.0,6889,44469,4133,43.99,0.07,inf,inf,2,3.72,10.15,38층 309㎡(30.4×10.1m) + 저층부 7층 4000㎡(84.9×47.1m)
단일+저층부,2 저층부,53,53,178.9,134,42,91,22,43,37580,400.0,9773,47353,4133,43.99,0.061,inf,inf,2,3.666,10.49,53층 440㎡(42.0×10.5m) + 저층부 4층 4000㎡(84.9×47.1m)
타워+저층별동,5 저층별동,50,50,169.0,135,30,91,21,44,37580,400.0,11196,48776,1743,18.55,0.061,17.1,0.2,2,3.58,12.37,50층 612㎡(49.5×12.4m) + 저층부 7층 1000㎡(44.7×22.4m)
단일+저층부,2 저층부,53,53,178.9,137,29,91,13,46,37580,400.0,8766,46346,4129,43.95,0.189,inf,inf,2,3.641,11.05,53층 366㎡(33.1×11.0m) + 저층부 5층 4000㎡(74.8×53.5m)
타워+저층별동,5 저층별동,50,50,169.0,138,37,91,22,47,37580,400.0,10178,47758,2274,24.2,0.035,15.1,0.18,2,3.627,14.51,50층 632㎡(43.5×14.5m) + 저층부 4층 1500㎡(54.8×27.4m)
타워+저층별동,5 저층별동,53,53,178.9,138,37,91,22,47,37580,400.0,10943,48523,1346,14.33,0.033,8.1,0.09,2,3.621,14.49,53층 630㎡(43.5×14.5m) + 저층부 7층 600㎡(42.4×14.1m)
타워+저층별동,5 저층별동,53,53,178.9,138,38,91,22,47,37580,400.0,10487,48067,1781,18.95,0.029,4.5,0.05,2,3.618,14.75,53층 652㎡(44.2×14.7m) + 저층부 3층 1000㎡(44.7×22.4m)
타워+저층별동,5 저층별동,53,53,178.9,138,38,91,22,47,37580,400.0,10951,48531,1383,14.73,0.029,10.3,0.12,2,3.617,14.75,53층 652㎡(44.2×14.7m) + 저층부 5층 600㎡(60.0×10.0m)
타워+저층별동,5 저층별동,55,55,185.5,138,36,91,22,47,37580,400.0,10792,48372,1352,14.39,0.03,34.1,0.37,2,3.605,14.6,55층 640㎡(43.8×14.6m) + 저층부 4층 600㎡(34.6×17.3m)
타워+저층별동,5 저층별동,53,53,178.9,138,35,91,22,47,37580,400.0,10943,48523,1346,14.33,0.033,16.1,0.18,2,3.597,14.49,53층 630㎡(43.5×14.5m) + 저층부 7층 600㎡(42.4×14.1m)
쌍둥이,3 쌍둥이,55+41,55,185.5,141,30,91,10,50,37580,400.0,13988,51568,894,9.52,0.036,9.7,0.1,2,3.336,10.67,55층 342㎡(32.0×10.7m) + 41층 458㎡(37.1×12.4m)
단일,1b 층수·세장비,44,44,149.2,142,36,91,18,51,37580,400.0,8579,46159,917,9.76,0.138,,,1,3.527,20.67,44층 854㎡(41.3×20.7m)
단일,1b 층수·세장비,44,44,149.2,143,30,91,12,52,37580,400.0,8935,46515,920,9.79,0.066,,,1,3.531,18.48,44층 854㎡(46.2×18.5m)
쌍둥이+저층부,4 쌍둥이+저층부,53+53,53,178.9,143,34,91,11,52,37580,400.0,12948,50528,4129,43.95,0.142,5.5,0.06,3,3.373,11.48,53층 290㎡(25.3×11.5m) + 53층 290㎡(25.3×11.5m) + 저층부 2층 4000㎡(74.8×53.5m)
단일+저층부,2 저층부,55,55,185.5,144,33,91,12,53,37580,400.0,9775,47355,2602,27.7,0.121,inf,inf,2,3.598,12.93,55층 502㎡(38.8×12.9m) + 저층부 5층 2500㎡(59.2×42.3m)
단일+저층부,2 저층부,47,47,159.1,145,26,91,7,54,37580,400.0,8301,45881,4129,43.95,0.084,inf,inf,2,3.572,11.81,47층 419㎡(35.4×11.8m) + 저층부 5층 4000㎡(74.8×53.5m)
타워+저층별동,5 저층별동,53,53,178.9,145,33,91,12,54,37580,400.0,10554,48134,1394,14.83,0.091,7.8,0.09,2,3.549,15.0,53층 675㎡(45.0×15.0m) + 저층부 3층 600㎡(42.4×14.1m)
타워+저층별동,5 저층별동,47,47,159.1,138,38,92,22,46,37580,400.0,10758,48338,1856,19.76,0.04,13.3,0.17,2,3.596,13.36,47층 714㎡(53.5×13.4m) + 저층부 4층 1000㎡(54.8×18.3m)
단일,1b 층수·세장비,53,53,178.9,138,35,92,22,46,37580,400.0,11838,49418,782,8.32,0.045,,,1,3.593,11.91,53층 709㎡(59.5×11.9m)
타워+저층별동,5 저층별동,53,53,178.9,138,16,92,6,46,37580,400.0,10769,48349,1702,18.11,0.067,11.9,0.13,2,3.54,13.87,53층 577㎡(41.6×13.9m) + 저층부 7층 1000㎡(44.7×22.4m)
타워+저층별동,5 저층별동,53,53,178.9,139,38,92,22,47,37580,400.0,10813,48393,1395,14.85,0.028,26.2,0.29,2,3.61,14.87,53층 664㎡(44.6×14.9m) + 저층부 4층 600㎡(60.0×10.0m)
단일+저층부,2 저층부,53,53,178.9,140,29,92,9,48,37580,400.0,9773,47353,4133,43.99,0.126,inf,inf,2,3.587,10.49,53층 440㎡(42.0×10.5m) + 저층부 4층 4000㎡(84.9×47.1m)
단일+저층부,2 저층부,55,55,185.5,142,27,92,10,50,37580,400.0,8970,46550,4133,43.99,0.15,inf,inf,2,3.617,10.83,55층 352㎡(32.5×10.8m) + 저층부 5층 4000㎡(84.9×47.1m)
쌍둥이,3 쌍둥이,47+38,47,159.1,142,30,92,10,50,37580,400.0,14151,51731,1002,10.66,0.027,10.7,0.13,2,3.343,10.0,47층 400㎡(40.0×10.0m) + 38층 494㎡(44.5×11.1m)
단일+저층부,2 저층부,55,55,185.5,144,34,92,12,52,37580,400.0,9673,47253,4133,43.99,0.118,inf,inf,2,3.593,12.81,55층 492㎡(38.4×12.8m) + 저층부 3층 4000㎡(84.9×47.1m)
단일,1b 층수·세장비,41,41,139.3,147,36,92,16,55,37580,400.0,10361,47941,999,10.63,0.04,,,1,3.492,13.54,41층 917㎡(67.7×13.5m)
단일+저층부,2 저층부,47,47,159.1,149,33,92,12,57,37580,400.0,9186,46766,4129,43.95,0.109,inf,inf,2,3.57,14.8,47층 657㎡(44.4×14.8m) + 저층부 2층 4000㎡(74.8×53.5m)
단일,1b 층수·세장비,55,55,185.5,149,33,92,12,57,37580,400.0,9644,47224,740,7.87,0.081,,,1,3.537,18.48,55층 683㎡(37.0×18.5m)
단일,1b 층수·세장비,53,53,178.9,150,34,92,12,58,37580,400.0,9119,46699,764,8.14,0.134,,,1,3.503,21.74,53층 709㎡(32.6×21.7m)
단일+저층부,2 저층부,38,38,129.4,129,24,93,12,36,37580,400.0,6812,44392,4129,43.95,0.119,inf,inf,2,3.685,10.15,38층 309㎡(30.4×10.1m) + 저층부 7층 4000㎡(74.8×53.5m)
단일,1b 층수·세장비,38,38,129.4,131,36,93,17,38,37580,400.0,7660,45240,1054,11.22,0.06,,,1,3.452,25.68,38층 989㎡(38.5×25.7m)
단일+저층부,2 저층부,44,44,149.2,132,32,93,15,39,37580,400.0,8530,46110,4129,43.95,0.142,inf,inf,2,3.649,10.62,44층 451㎡(42.5×10.6m) + 저층부 5층 4000㎡(74.8×53.5m)
단일,1b 층수·세장비,38,38,129.4,132,32,93,14,39,37580,400.0,8278,45858,1060,11.28,0.116,,,1,3.553,19.89,38층 989㎡(49.7×19.9m)
단일,1b 층수·세장비,41,41,139.3,132,23,93,14,39,37580,400.0,8969,46549,988,10.51,0.076,,,1,3.474,17.48,41층 917㎡(52.4×17.5m)
단일+저층부,2 저층부,53,53,178.9,137,39,93,18,44,37580,400.0,9773,47353,4133,43.99,0.139,inf,inf,2,3.635,10.49,53층 440㎡(42.0×10.5m) + 저층부 4층 4000㎡(84.9×47.1m)
단일+저층부,2 저층부,50,50,169.0,140,33,93,16,47,37580,400.0,8694,46274,4140,44.06,0.151,inf,inf,2,3.637,11.41,50층 391㎡(34.2×11.4m) + 저층부 5층 4000㎡(98.0×40.8m)
쌍둥이,3 쌍둥이,55+38,55,185.5,142,30,93,10,49,37580,400.0,13789,51369,900,9.58,0.048,9.7,0.1,2,3.345,11.48,55층 410㎡(35.1×11.7m) + 38층 396㎡(34.4×11.5m)
쌍둥이,3 쌍둥이,44+41,44,149.2,142,30,93,10,49,37580,400.0,13146,50726,985,10.48,0.036,9.1,0.12,2,3.341,11.93,44층 427㎡(35.8×11.9m) + 41층 458㎡(37.1×12.4m)
쌍둥이,3 쌍둥이,44+44,44,149.2,142,30,93,10,49,37580,400.0,13391,50971,952,10.13,0.037,9.3,0.12,2,3.338,11.93,44층 427㎡(35.8×11.9m) + 44층 427㎡(35.8×11.9m)
타워+저층별동,5 저층별동,55,55,185.5,143,34,93,14,50,37580,400.0,11511,49091,1368,14.56,0.038,10.4,0.11,2,3.549,12.75,55층 651㎡(51.0×12.8m) + 저층부 3층 600㎡(34.6×17.3m)
타워+저층별동,5 저층별동,53,53,178.9,143,34,93,14,50,37580,400.0,11516,49096,1394,14.83,0.037,4.3,0.05,2,3.548,12.88,53층 664㎡(51.5×12.9m) + 저층부 4층 600㎡(52.0×11.5m)
타워+저층별동,5 저층별동,53,53,178.9,143,33,93,14,50,37580,400.0,11524,49104,1375,14.63,0.039,16.8,0.19,2,3.543,12.77,53층 652㎡(51.1×12.8m) + 저층부 5층 600㎡(42.4×14.1m)
쌍둥이,3 쌍둥이,44+44,44,149.2,143,30,93,10,50,37580,400.0,14431,52011,959,10.21,0.032,10.9,0.15,2,3.336,10.33,44층 427㎡(41.3×10.3m) + 44층 427㎡(41.3×10.3m)
쌍둥이,3 쌍둥이,50+50,50,169.0,143,31,93,10,50,37580,400.0,13447,51027,837,8.91,0.042,8.2,0.1,2,3.321,13.07,50층 376㎡(28.8×13.1m) + 50층 376㎡(28.8×13.1m)
단일+저층부,2 저층부,50,50,169.0,144,31,93,12,51,37580,400.0,9534,47114,4129,43.95,0.126,inf,inf,2,3.631,8.84,50층 391㎡(44.2×8.8m) + 저층부 5층 4000㎡(74.8×53.5m)
단일+저층부,2 저층부,50,50,169.0,144,34,93,12,51,37580,400.0,9235,46815,4133,43.99,0.114,inf,inf,2,3.596,13.47,50층 544㎡(40.4×13.5m) + 저층부 3층 4000㎡(84.9×47.1m)
쌍둥이,3 쌍둥이,50+38,50,169.0,144,30,93,10,51,37580,400.0,13362,50942,968,10.31,0.033,9.2,0.11,2,3.341,11.19,50층 376㎡(33.6×11.2m) + 38층 494㎡(38.5×12.8m)
단일+저층부,2 저층부,47,47,159.1,145,26,93,8,52,37580,400.0,8636,46216,4129,43.95,0.067,inf,inf,2,3.566,12.93,47층 502㎡(38.8×12.9m) + 저층부 4층 4000㎡(74.8×53.5m)
단일,1b 층수·세장비,44,44,149.2,145,43,93,22,52,37580,400.0,11420,49000,939,9.99,0.037,,,1,3.465,11.93,44층 854㎡(71.6×11.9m)
단일,1b 층수·세장비,41,41,139.3,147,34,93,14,54,37580,400.0,9679,47259,993,10.57,0.067,,,1,3.504,15.14,41층 917㎡(60.6×15.1m)
단일,1b 층수·세장비,41,41,139.3,147,32,93,12,54,37580,400.0,7970,45550,979,10.42,0.231,,,1,3.49,24.72,41층 917㎡(37.1×24.7m)
단일,1b 층수·세장비,41,41,139.3,149,32,93,12,56,37580,400.0,8612,46192,985,10.48,0.184,,,1,3.503,19.15,41층 917㎡(47.9×19.1m)
단일,1b 층수·세장비,47,47,159.1,150,33,93,12,57,37580,400.0,9631,47211,866,9.22,0.054,,,1,3.519,16.33,47층 800㎡(49.0×16.3m)
단일,1b 층수·세장비,53,53,178.9,151,31,93,12,58,37580,400.0,9458,47038,767,8.16,0.255,,,1,3.488,18.83,53층 709㎡(37.7×18.8m)
단일,1b 층수·세장비,53,53,178.9,155,32,93,12,62,37580,400.0,9458,47038,767,8.16,0.243,,,1,3.475,18.83,53층 709㎡(37.7×18.8m)
단일+저층부,2 저층부,50,50,169.0,136,37,94,18,42,37580,400.0,9018,46598,2602,27.7,0.071,inf,inf,2,3.655,12.48,50층 467㎡(37.4×12.5m) + 저층부 7층 2500㎡(59.2×42.3m)
단일+저층부,2 저층부,53,53,178.9,138,42,94,20,44,37580,400.0,10114,47694,4129,43.95,0.103,inf,inf,2,3.631,11.31,53층 512㎡(45.2×11.3m) + 저층부 3층 4000㎡(74.8×53.5m)
단일+저층부,2 저층부,53,53,178.9,139,39,94,22,45,37580,400.0,9778,47358,4133,43.99,0.052,inf,inf,2,3.634,13.9,53층 580㎡(41.7×13.9m) + 저층부 2층 4000㎡(84.9×47.1m)
단일+저층부,2 저층부,50,50,169.0,139,30,94,13,45,37580,400.0,8536,46116,4129,43.95,0.182,inf,inf,2,3.632,11.41,50층 391㎡(34.2×11.4m) + 저층부 5층 4000㎡(74.8×53.5m)
단일,1b 층수·세장비,55,55,185.5,139,42,94,20,45,37580,400.0,11278,48858,750,7.98,0.105,,,1,3.558,13.07,55층 683㎡(52.3×13.1m)
타워+저층별동,5 저층별동,50,50,169.0,140,38,94,22,46,37580,400.0,11112,48692,1428,15.2,0.04,19.7,0.23,2,3.591,13.26,50층 704㎡(53.1×13.3m) + 저층부 4층 600㎡(42.4×14.1m)
단일,1b 층수·세장비,38,38,129.4,140,41,94,21,46,37580,400.0,8278,45858,1060,11.28,0.153,,,1,3.475,19.89,38층 989㎡(49.7×19.9m)
단일,1b 층수·세장비,50,50,169.0,143,36,94,20,49,37580,400.0,9553,47133,813,8.66,0.086,,,1,3.522,17.34,50층 752㎡(43.3×17.3m)
쌍둥이,3 쌍둥이,53+38,53,178.9,143,30,94,10,49,37580,400.0,14686,52266,924,9.84,0.042,11.1,0.12,2,3.344,9.94,53층 425㎡(41.3×10.3m) + 38층 396㎡(39.8×9.9m)
쌍둥이,3 쌍둥이,53+53,53,178.9,144,32,94,10,50,37580,400.0,14712,52292,798,8.49,0.048,10.4,0.12,2,3.334,9.72,53층 425㎡(35.7×11.9m) + 53층 284㎡(29.2×9.7m)
단일+저층부,2 저층부,55,55,185.5,145,32,94,15,51,37580,400.0,8970,46550,4133,43.99,0.138,inf,inf,2,3.658,10.83,55층 352㎡(32.5×10.8m) + 저층부 5층 4000㎡(84.9×47.1m)
단일,1a 방위·위치,47,47,159.1,145,33,94,20,51,37580,400.0,9631,47211,866,9.22,0.088,,,1,3.468,16.33,47층 800㎡(49.0×16.3m)
단일+저층부,2 저층부,41,41,139.3,147,26,94,8,53,37580,400.0,8099,45679,4129,43.95,0.142,inf,inf,2,3.584,13.94,41층 583㎡(41.8×13.9m) + 저층부 4층 4000㎡(74.8×53.5m)
단일+저층부,2 저층부,47,47,159.1,149,31,94,10,55,37580,400.0,8928,46508,4129,43.95,0.125,inf,inf,2,3.584,13.92,47층 581㎡(41.8×13.9m) + 저층부 3층 4000㎡(74.8×53.5m)
단일,1a 방위·위치,47,47,159.1,155,28,94,12,61,37580,400.0,9631,47211,866,9.22,0.208,,,1,3.464,16.33,47층 800㎡(49.0×16.3m)
타워+저층별동,5 저층별동,41,41,139.3,138,39,95,22,43,37580,400.0,10835,48415,1602,17.05,0.062,14.3,0.2,2,3.576,13.1,41층 858㎡(65.5×13.1m) + 저층부 4층 600㎡(52.0×11.5m)
단일+저층부,2 저층부,55,55,185.5,141,40,95,18,46,37580,400.0,9640,47220,4129,43.95,0.129,inf,inf,2,3.634,12.81,55층 492㎡(38.4×12.8m) + 저층부 3층 4000㎡(74.8×53.5m)
타워+저층별동,5 저층별동,55,55,185.5,142,31,95,16,47,37580,400.0,11663,49243,1345,14.32,0.052,27.0,0.29,2,3.565,12.54,55층 629㎡(50.1×12.5m) + 저층부 5층 600㎡(34.6×17.3m)
단일+저층부,2 저층부,53,53,178.9,143,24,95,9,48,37580,400.0,8923,46503,4140,44.06,0.09,inf,inf,2,3.59,11.05,53층 366㎡(33.1×11.0m) + 저층부 5층 4000㎡(98.0×40.8m)
타워+저층별동,5 저층별동,53,53,178.9,143,38,95,22,48,37580,400.0,11221,48801,1406,14.96,0.041,27.6,0.31,2,3.589,13.1,53층 686㎡(52.4×13.1m) + 저층부 2층 600㎡(34.6×17.3m)
타워+저층별동,5 저층별동,53,53,178.9,143,38,95,22,48,37580,400.0,11221,48801,1406,14.96,0.041,26.2,0.29,2,3.588,13.1,53층 686㎡(52.4×13.1m) + 저층부 2층 600㎡(34.6×17.3m)
쌍둥이,3 쌍둥이,55+55,55,185.5,146,33,95,10,51,37580,400.0,13527,51107,761,8.1,0.02,6.8,1.7,2,3.333,14.61,55층 342㎡(23.4×14.6m) + 55층 342㎡(23.4×14.6m)
단일+저층부,2 저층부,53,53,178.9,148,30,95,12,53,37580,400.0,8766,46346,4129,43.95,0.088,inf,inf,2,3.654,11.05,53층 366㎡(33.1×11.0m) + 저층부 5층 4000㎡(74.8×53.5m)
단일+저층부,2 저층부,55,55,185.5,148,30,95,12,53,37580,400.0,8915,46495,4129,43.95,0.088,inf,inf,2,3.653,10.83,55층 352㎡(32.5×10.8m) + 저층부 5층 4000㎡(74.8×53.5m)
단일,1b 층수·세장비,50,50,169.0,155,31,95,12,60,37580,400.0,9174,46754,811,8.63,0.261,,,1,3.474,19.39,50층 752㎡(38.8×19.4m)
단일,1b 층수·세장비,38,38,129.4,137,38,96,16,41,37580,400.0,8621,46201,1063,11.31,0.064,,,1,3.55,18.16,38층 989㎡(54.5×18.2m)
단일+저층부,2 저층부,53,53,178.9,138,39,96,19,42,37580,400.0,10294,47874,4129,43.95,0.101,inf,inf,2,3.635,9.39,53층 440㎡(46.9×9.4m) + 저층부 4층 4000㎡(74.8×53.5m)
단일,1b 층수·세장비,44,44,149.2,141,36,96,16,45,37580,400.0,8935,46515,920,9.79,0.108,,,1,3.543,18.48,44층 854㎡(46.2×18.5m)
단일,1b 층수·세장비,50,50,169.0,142,39,96,22,46,37580,400.0,9174,46754,811,8.63,0.083,,,1,3.571,19.39,50층 752㎡(38.8×19.4m)
단일,1b 층수·세장비,44,44,149.2,142,35,96,16,46,37580,400.0,9305,46885,923,9.82,0.11,,,1,3.535,16.87,44층 854㎡(50.6×16.9m)
타워+저층별동,5 저층별동,47,47,159.1,143,40,96,22,47,37580,400.0,11780,49360,1481,15.76,0.083,11.7,0.15,2,3.57,12.13,47층 736㎡(60.7×12.1m) + 저층부 5층 600㎡(60.0×10.0m)
쌍둥이,3 쌍둥이,50+38,50,169.0,145,30,96,10,49,37580,400.0,13385,50965,944,10.04,0.048,9.4,0.11,2,3.343,11.48,50층 451㎡(36.8×12.3m) + 38층 396㎡(34.4×11.5m)
단일,1b 층수·세장비,38,38,129.4,146,33,96,12,50,37580,400.0,7947,45527,1057,11.25,0.305,,,1,3.47,22.24,38층 989㎡(44.5×22.2m)
쌍둥이,3 쌍둥이,55+41,55,185.5,147,31,96,10,51,37580,400.0,13153,50733,864,9.19,0.052,8.0,0.09,2,3.329,12.91,55층 410㎡(30.0×13.7m) + 41층 367㎡(28.4×12.9m)
쌍둥이,3 쌍둥이,55+50,55,185.5,147,33,96,10,51,37580,400.0,13764,51344,794,8.45,0.051,8.6,0.09,2,3.324,11.69,55층 410㎡(30.0×13.7m) + 50층 301㎡(25.7×11.7m)
쌍둥이,3 쌍둥이,50+38,50,169.0,148,30,96,10,52,37580,400.0,14302,51882,925,9.85,0.032,15.0,0.18,2,3.285,8.61,50층 526㎡(45.9×11.5m) + 38층 297㎡(34.4×8.6m)
단일,1b 층수·세장비,44,44,149.2,149,34,96,12,53,37580,400.0,8579,46159,917,9.76,0.273,,,1,3.474,20.67,44층 854㎡(41.3×20.7m)
단일,1a 방위·위치,47,47,159.1,149,35,96,10,53,37580,400.0,9631,47211,866,9.22,0.116,,,1,3.359,16.33,47층 800㎡(49.0×16.3m)
쌍둥이+저층부,4 쌍둥이+저층부,53+53,53,178.9,151,33,96,11,55,37580,400.0,13740,51320,4129,43.95,0.132,7.2,0.08,3,3.381,9.83,53층 290㎡(29.5×9.8m) + 53층 290㎡(29.5×9.8m) + 저층부 2층 4000㎡(74.8×53.5m)
단일,1a 방위·위치,47,47,159.1,152,36,96,14,56,37580,400.0,9631,47211,866,9.22,0.102,,,1,3.521,16.33,47층 800㎡(49.0×16.3m)
단일,1b 층수·세장비,41,41,139.3,154,28,96,12,58,37580,400.0,8969,46549,988,10.51,0.283,,,1,3.456,17.48,41층 917㎡(52.4×17.5m)
단일,1a 방위·위치,47,47,159.1,156,29,96,12,60,37580,400.0,9631,47211,866,9.22,0.283,,,1,3.453,16.33,47층 800㎡(49.0×16.3m)
단일,1b 층수·세장비,50,50,169.0,157,32,96,12,61,37580,400.0,9174,46754,811,8.63,0.283,,,1,3.464,19.39,50층 752㎡(38.8×19.4m)
단일,1b 층수·세장비,44,44,149.2,158,32,96,12,62,37580,400.0,9305,46885,923,9.82,0.178,,,1,3.49,16.87,44층 854㎡(50.6×16.9m)
단일,1b 층수·세장비,53,53,178.9,127,33,97,11,30,37580,400.0,9849,47429,769,8.19,0.035,,,1,3.494,16.84,53층 709㎡(42.1×16.8m)
단일,1b 층수·세장비,41,41,139.3,140,38,97,22,43,37580,400.0,10361,47941,999,10.63,0.047,,,1,3.563,13.54,41층 917㎡(67.7×13.5m)
단일,1b 층수·세장비,47,47,159.1,145,32,97,20,48,37580,400.0,8561,46141,858,9.14,0.047,,,1,3.583,23.09,47층 800㎡(34.6×23.1m)
타워+저층별동,5 저층별동,47,47,159.1,145,40,97,22,48,37580,400.0,11079,48659,1476,15.71,0.106,17.8,0.22,2,3.576,13.56,47층 736㎡(54.2×13.6m) + 저층부 5층 600㎡(60.0×10.0m)
단일+저층부,2 저층부,47,47,159.1,146,32,97,16,49,37580,400.0,8356,45936,4133,43.99,0.146,inf,inf,2,3.673,11.81,47층 419㎡(35.4×11.8m) + 저층부 5층 4000㎡(84.9×47.1m)
타워+저층별동,5 저층별동,44,44,149.2,147,27,97,9,50,37580,400.0,10639,48219,1481,15.77,0.068,5.1,0.07,2,3.517,13.77,44층 759㎡(55.1×13.8m) + 저층부 7층 600㎡(34.6×17.3m)
쌍둥이,3 쌍둥이,55+41,55,185.5,147,30,97,10,50,37580,400.0,13125,50705,888,9.45,0.039,7.8,0.08,2,3.324,12.46,55층 342㎡(27.4×12.5m) + 41층 458㎡(31.8×14.4m)
단일+저층부,2 저층부,50,50,169.0,148,27,97,10,51,37580,400.0,9590,47170,4133,43.99,0.114,inf,inf,2,3.597,8.84,50층 391㎡(44.2×8.8m) + 저층부 5층 4000㎡(84.9×47.1m)
단일+저층부,2 저층부,50,50,169.0,148,26,97,8,51,37580,400.0,10010,47590,4129,43.95,0.105,inf,inf,2,3.569,9.69,50층 469㎡(48.4×9.7m) + 저층부 4층 4000㎡(74.8×53.5m)
단일+저층부,2 저층부,53,53,178.9,148,23,97,8,51,37580,400.0,9852,47432,4133,43.99,0.056,inf,inf,2,3.549,8.56,53층 366㎡(42.8×8.6m) + 저층부 5층 4000㎡(84.9×47.1m)
쌍둥이,3 쌍둥이,55+44,55,185.5,148,32,97,10,51,37580,400.0,12773,50353,833,8.87,0.024,5.6,1.41,2,3.334,14.61,55층 410㎡(25.6×16.0m) + 44층 342㎡(23.4×14.6m)
쌍둥이,3 쌍둥이,55+50,55,185.5,148,29,97,10,51,37580,400.0,15799,53379,807,8.59,0.065,15.3,0.17,2,3.297,8.67,55층 410㎡(40.5×10.1m) + 50층 301㎡(34.7×8.7m)
단일+저층부,2 저층부,50,50,169.0,149,33,97,12,52,37580,400.0,8937,46517,4133,43.99,0.143,inf,inf,2,3.627,12.51,50층 469㎡(37.5×12.5m) + 저층부 4층 4000㎡(84.9×47.1m)
단일+저층부,2 저층부,47,47,159.1,149,28,97,9,52,37580,400.0,8681,46261,4133,43.99,0.131,inf,inf,2,3.588,12.93,47층 502㎡(38.8×12.9m) + 저층부 4층 4000㎡(84.9×47.1m)
쌍둥이,3 쌍둥이,50+50,50,169.0,149,30,97,10,52,37580,400.0,14263,51843,843,8.97,0.037,13.9,0.16,2,3.272,10.01,50층 451㎡(36.8×12.3m) + 50층 301㎡(30.0×10.0m)
단일,1b 층수·세장비,55,55,185.5,132,36,98,17,34,37580,400.0,9644,47224,740,7.87,0.046,,,1,3.509,18.48,55층 683㎡(37.0×18.5m)
단일,1b 층수·세장비,47,47,159.1,133,31,98,11,35,37580,400.0,9249,46829,863,9.19,0.059,,,1,3.474,17.88,47층 800㎡(44.7×17.9m)
단일,1b 층수·세장비,50,50,169.0,135,33,98,13,37,37580,400.0,8844,46424,809,8.61,0.069,,,1,3.472,22.38,50층 752㎡(33.6×22.4m)
단일,1b 층수·세장비,38,38,129.4,142,33,98,10,44,37580,400.0,9305,46885,1069,11.37,0.094,,,1,3.419,15.72,38층 989㎡(62.9×15.7m)
타워+저층별동,5 저층별동,55,55,185.5,145,42,98,22,47,37580,400.0,12276,49856,1746,18.58,0.096,7.7,0.08,2,3.583,11.05,55층 611㎡(55.3×11.1m) + 저층부 4층 1000㎡(44.7×22.4m)
단일,1b 층수·세장비,55,55,185.5,145,38,98,22,47,37580,400.0,9299,46879,738,7.85,0.094,,,1,3.572,21.34,55층 683㎡(32.0×21.3m)
타워+저층별동,5 저층별동,47,47,159.1,145,41,98,22,47,37580,400.0,11434,49014,1476,15.71,0.08,6.9,0.09,2,3.57,12.24,47층 749㎡(61.2×12.2m) + 저층부 4층 600㎡(34.6×17.3m)
타워+저층별동,5 저층별동,47,47,159.1,146,41,98,22,48,37580,400.0,10747,48327,1496,15.92,0.103,8.1,0.1,2,3.58,13.8,47층 761㎡(55.2×13.8m) + 저층부 3층 600㎡(52.0×11.5m)
타워+저층별동,5 저층별동,53,53,178.9,146,38,98,22,48,37580,400.0,12435,50015,1356,14.43,0.098,10.7,0.12,2,3.564,11.22,53층 630㎡(56.1×11.2m) + 저층부 7층 600㎡(42.4×14.1m)
타워+저층별동,5 저층별동,50,50,169.0,146,21,98,10,48,37580,400.0,11074,48654,1784,18.99,0.051,15.3,0.18,2,3.537,12.76,50층 652㎡(51.1×12.8m) + 저층부 5층 1000㎡(44.7×22.4m)
단일,1b 층수·세장비,47,47,159.1,147,35,98,20,49,37580,400.0,8561,46141,858,9.14,0.09,,,1,3.545,23.09,47층 800㎡(34.6×23.1m)
단일,1b 층수·세장비,53,53,178.9,147,33,98,20,49,37580,400.0,9119,46699,764,8.14,0.044,,,1,3.534,21.74,53층 709㎡(32.6×21.7m)
쌍둥이,3 쌍둥이,50+44,50,169.0,148,30,98,10,50,37580,400.0,13005,50585,891,9.49,0.041,7.7,0.09,2,3.325,13.07,50층 376㎡(28.8×13.1m) + 44층 427㎡(30.7×13.9m)
쌍둥이+저층부,4 쌍둥이+저층부,48+48,48,162.4,151,35,98,10,53,37580,400.0,12293,49873,4129,43.95,0.116,4.9,0.06,3,3.365,12.09,48층 322㎡(26.6×12.1m) + 48층 322㎡(26.6×12.1m) + 저층부 2층 4000㎡(74.8×53.5m)
쌍둥이+저층부,4 쌍둥이+저층부,53+53,53,178.9,151,35,98,10,53,37580,400.0,13343,50923,2602,27.7,0.108,6.1,0.07,3,3.354,12.05,53층 319㎡(26.5×12.0m) + 53층 319㎡(26.5×12.0m) + 저층부 2층 2500㎡(59.2×42.3m)
단일+저층부,2 저층부,44,44,149.2,142,32,99,16,43,37580,400.0,8113,45693,4133,43.99,0.15,inf,inf,2,3.674,12.26,44층 451㎡(36.8×12.3m) + 저층부 5층 4000㎡(84.9×47.1m)
타워+저층별동,5 저층별동,38,38,129.4,143,29,99,18,44,37580,400.0,8957,46537,1671,17.79,0.04,6.5,0.1,2,3.606,17.72,38층 942㎡(53.1×17.7m) + 저층부 3층 600㎡(42.4×14.1m)
단일+저층부,2 저층부,53,53,178.9,148,38,99,17,49,37580,400.0,9500,47080,4133,43.99,0.076,inf,inf,2,3.604,13.06,53층 512㎡(39.2×13.1m) + 저층부 3층 4000㎡(84.9×47.1m)
단일,1a 방위·위치,47,47,159.1,148,37,99,22,49,37580,400.0,9631,47211,866,9.22,0.038,,,1,3.599,16.33,47층 800㎡(49.0×16.3m)
단일+저층부,2 저층부,50,50,169.0,149,23,99,12,50,37580,400.0,9018,46598,2602,27.7,0.044,inf,inf,2,3.59,12.48,50층 467㎡(37.4×12.5m) + 저층부 7층 2500㎡(59.2×42.3m)
단일+저층부,2 저층부,50,50,169.0,150,24,99,7,51,37580,400.0,9590,47170,4133,43.99,0.115,inf,inf,2,3.578,8.84,50층 391㎡(44.2×8.8m) + 저층부 5층 4000㎡(84.9×47.1m)
단일,1b 층수·세장비,55,55,185.5,150,36,99,18,51,37580,400.0,9644,47224,740,7.87,0.073,,,1,3.56,18.48,55층 683㎡(37.0×18.5m)
쌍둥이+저층부,4 쌍둥이+저층부,53+53,53,178.9,152,36,99,11,53,37580,400.0,13525,51105,2602,27.7,0.111,9.9,0.11,3,3.409,9.69,53층 281㎡(29.1×9.7m) + 53층 281㎡(29.1×9.7m) + 저층부 4층 2500㎡(59.2×42.3m)
쌍둥이+저층부,4 쌍둥이+저층부,53+53,53,178.9,153,37,99,11,54,37580,400.0,12983,50563,4135,44.01,0.076,5.5,0.06,3,3.361,11.48,53층 290㎡(25.3×11.5m) + 53층 290㎡(25.3×11.5m) + 저층부 2층 4000㎡(89.4×44.7m)
단일,1b 층수·세장비,53,53,178.9,155,36,99,12,56,37580,400.0,9119,46699,764,8.14,0.236,,,1,3.46,21.74,53층 709㎡(32.6×21.7m)
단일,1a 방위·위치,47,47,159.1,161,30,99,12,62,37580,400.0,9631,47211,866,9.22,0.253,,,1,3.455,16.33,47층 800㎡(49.0×16.3m)
단일,1b 층수·세장비,47,47,159.1,131,32,100,11,31,37580,400.0,9249,46829,863,9.19,0.035,,,1,3.478,17.88,47층 800㎡(44.7×17.9m)
단일+저층부,2 저층부,41,41,139.3,141,26,100,11,41,37580,400.0,7805,45385,4129,43.95,0.207,inf,inf,2,3.614,12.76,41층 488㎡(38.3×12.8m) + 저층부 5층 4000㎡(74.8×53.5m)
단일+저층부,2 저층부,38,38,129.4,144,33,100,18,44,37580,400.0,7860,45440,4133,43.99,0.136,inf,inf,2,3.659,14.55,38층 635㎡(43.6×14.5m) + 저층부 4층 4000㎡(84.9×47.1m)
단일+저층부,2 저층부,55,55,185.5,144,34,100,17,44,37580,400.0,10479,48059,4129,43.95,0.13,inf,inf,2,3.608,9.2,55층 423㎡(46.0×9.2m) + 저층부 4층 4000㎡(74.8×53.5m)
단일+저층부,2 저층부,47,47,159.1,147,27,100,12,47,37580,400.0,8792,46372,4129,43.95,0.175,inf,inf,2,3.61,10.23,47층 419㎡(40.9×10.2m) + 저층부 5층 4000㎡(74.8×53.5m)
타워+저층별동,5 저층별동,44,44,149.2,148,40,100,22,48,37580,400.0,10301,47881,1538,16.38,0.102,19.7,0.26,2,3.581,14.26,44층 813㎡(57.0×14.3m) + 저층부 3층 600㎡(34.6×17.3m)
타워+저층별동,5 저층별동,44,44,149.2,148,40,100,22,48,37580,400.0,10215,47795,1553,16.53,0.099,9.6,0.13,2,3.576,14.38,44층 827㎡(57.5×14.4m) + 저층부 2층 600㎡(34.6×17.3m)
타워+저층별동,5 저층별동,44,44,149.2,148,39,100,22,48,37580,400.0,11150,48730,1515,16.13,0.076,30.6,0.41,2,3.564,12.54,44층 786㎡(62.7×12.5m) + 저층부 5층 600㎡(34.6×17.3m)
단일,1a 방위·위치,47,47,159.1,148,40,100,18,48,37580,400.0,9631,47211,866,9.22,0.099,,,1,3.547,16.33,47층 800㎡(49.0×16.3m)
쌍둥이,3 쌍둥이,55+53,55,185.5,149,31,100,11,49,37580,400.0,13957,51537,776,8.26,0.02,8.7,0.09,2,3.328,11.35,55층 410㎡(30.0×13.7m) + 53층 284㎡(25.0×11.4m)
단일+저층부,2 저층부,41,41,139.3,150,24,100,7,50,37580,400.0,8753,46333,4133,43.99,0.112,inf,inf,2,3.573,9.88,41층 488㎡(49.4×9.9m) + 저층부 5층 4000㎡(84.9×47.1m)
타워+저층별동,5 저층별동,50,50,169.0,151,44,100,22,51,37580,400.0,11112,48692,1428,15.2,0.046,24.5,0.29,2,3.58,13.26,50층 704㎡(53.1×13.3m) + 저층부 4층 600㎡(42.4×14.1m)
단일,1b 층수·세장비,41,41,139.3,151,38,100,18,51,37580,400.0,7970,45550,979,10.42,0.052,,,1,3.506,24.72,41층 917㎡(37.1×24.7m)
쌍둥이,3 쌍둥이,55+50,55,185.5,151,33,100,10,51,37580,400.0,13158,50738,790,8.41,0.051,6.4,0.07,2,3.302,13.71,55층 410㎡(25.6×16.0m) + 50층 301㎡(21.9×13.7m)
단일+저층부,2 저층부,55,55,185.5,152,37,100,17,52,37580,400.0,9303,46883,4129,43.95,0.123,inf,inf,2,3.659,11.88,55층 423㎡(35.6×11.9m) + 저층부 4층 4000㎡(74.8×53.5m)
단일+저층부,2 저층부,47,47,159.1,152,28,100,12,52,37580,400.0,8301,45881,4129,43.95,0.097,inf,inf,2,3.633,11.81,47층 419㎡(35.4×11.8m) + 저층부 5층 4000㎡(74.8×53.5m)
타워+저층별동,5 저층별동,41,41,139.3,152,31,100,12,52,37580,400.0,10724,48304,1939,20.64,0.042,5.6,0.08,2,3.538,12.61,41층 795㎡(63.0×12.6m) + 저층부 5층 1000㎡(44.7×22.4m)
쌍둥이,3 쌍둥이,50+50,50,169.0,152,32,100,10,52,37580,400.0,12793,50373,833,8.87,0.027,5.7,1.44,2,3.337,13.71,50층 451㎡(26.9×16.8m) + 50층 301㎡(21.9×13.7m)
쌍둥이+저층부,4 쌍둥이+저층부,38+38,38,129.4,158,29,100,10,58,37580,400.0,10429,48009,4129,43.95,0.162,4.2,0.06,3,3.449,11.53,38층 439㎡(31.1×14.1m) + 38층 292㎡(25.4×11.5m) + 저층부 3층 4000㎡(74.8×53.5m)
타워+저층별동,5 저층별동,41,41,139.3,144,30,101,18,43,37580,400.0,9229,46809,1622,17.26,0.046,6.1,0.09,2,3.596,17.2,41층 887㎡(51.6×17.2m) + 저층부 2층 600㎡(52.0×11.5m)
단일+저층부,2 저층부,50,50,169.0,147,41,101,18,46,37580,400.0,9828,47408,4129,43.95,0.103,inf,inf,2,3.623,11.66,50층 544㎡(46.7×11.7m) + 저층부 3층 4000㎡(74.8×53.5m)
단일+저층부,2 저층부,41,41,139.3,148,30,101,12,47,37580,400.0,8697,46277,4129,43.95,0.125,inf,inf,2,3.626,9.88,41층 488㎡(49.4×9.9m) + 저층부 5층 4000㎡(74.8×53.5m)
타워+저층별동,5 저층별동,50,50,169.0,148,40,101,22,47,37580,400.0,11196,48776,1743,18.55,0.112,6.0,0.07,2,3.592,12.37,50층 612㎡(49.5×12.4m) + 저층부 7층 1000㎡(44.7×22.4m)
타워+저층별동,5 저층별동,50,50,169.0,148,41,101,22,47,37580,400.0,11666,49246,1831,19.49,0.089,10.8,0.13,2,3.574,11.76,50층 692㎡(58.8×11.8m) + 저층부 3층 1000㎡(44.7×22.4m)
타워+저층별동,5 저층별동,50,50,169.0,148,41,101,22,47,37580,400.0,11841,49421,1433,15.26,0.086,11.4,0.14,2,3.573,11.86,50층 704㎡(59.3×11.9m) + 저층부 4층 600㎡(42.4×14.1m)
타워+저층별동,5 저층별동,55,55,185.5,149,42,101,22,48,37580,400.0,11642,49222,1361,14.49,0.099,25.9,0.28,2,3.587,12.65,55층 640㎡(50.6×12.6m) + 저층부 4층 600㎡(42.4×14.1m)
타워+저층별동,5 저층별동,53,53,178.9,149,42,101,22,48,37580,400.0,11628,49208,1382,14.71,0.102,5.4,0.06,2,3.587,12.77,53층 652㎡(51.1×12.8m) + 저층부 5층 600㎡(52.0×11.5m)
타워+저층별동,5 저층별동,55,55,185.5,149,42,101,22,48,37580,400.0,11511,49091,1368,14.56,0.098,13.5,0.15,2,3.585,12.75,55층 651㎡(51.0×12.8m) + 저층부 3층 600㎡(34.6×17.3m)
타워+저층별동,5 저층별동,53,53,178.9,149,41,101,22,48,37580,400.0,12098,49678,1403,14.94,0.088,26.4,0.29,2,3.574,11.62,53층 675㎡(58.1×11.6m) + 저층부 3층 600㎡(42.4×14.1m)
타워+저층별동,5 저층별동,53,53,178.9,149,41,101,22,48,37580,400.0,12345,49925,1405,14.95,0.09,6.1,0.07,2,3.572,11.52,53층 664㎡(57.6×11.5m) + 저층부 4층 600㎡(60.0×10.0m)
단일,1b 층수·세장비,53,53,178.9,149,40,101,20,48,37580,400.0,10255,47835,772,8.21,0.088,,,1,3.564,15.37,53층 709㎡(46.1×15.4m)
타워+저층별동,5 저층별동,47,47,159.1,149,20,101,9,48,37580,400.0,10886,48466,1783,18.98,0.055,16.7,0.21,2,3.533,12.75,47층 651㎡(51.0×12.8m) + 저층부 7층 1000㎡(44.7×22.4m)
단일+저층부,2 저층부,47,47,159.1,150,34,101,16,49,37580,400.0,8301,45881,4129,43.95,0.073,inf,inf,2,3.684,11.81,47층 419㎡(35.4×11.8m) + 저층부 5층 4000㎡(74.8×53.5m)
타워+저층별동,5 저층별동,53,53,178.9,150,41,101,22,49,37580,400.0,11300,48880,1394,14.84,0.1,28.2,0.32,2,3.581,12.99,53층 675㎡(52.0×13.0m) + 저층부 3층 600㎡(34.6×17.3m)
쌍둥이,3 쌍둥이,47+44,47,159.1,152,31,101,10,51,37580,400.0,12746,50326,911,9.69,0.052,7.6,0.1,2,3.325,12.46,47층 480㎡(32.5×14.8m) + 44층 342㎡(27.4×12.5m)
쌍둥이,3 쌍둥이,50+41,50,169.0,154,30,101,10,53,37580,400.0,13614,51194,913,9.72,0.033,13.3,0.16,2,3.279,11.05,50층 451㎡(36.8×12.3m) + 41층 367㎡(33.2×11.1m)
단일+저층부,2 저층부,55,55,185.5,155,33,101,12,54,37580,400.0,11344,48924,4129,43.95,0.08,inf,inf,2,3.575,10.57,55층 558㎡(52.8×10.6m) + 저층부 2층 4000㎡(74.8×53.5m)
타워+저층별동,5 저층별동,55,55,185.5,155,30,101,12,54,37580,400.0,10823,48403,1743,18.55,0.066,10.1,0.11,2,3.556,14.27,55층 611㎡(42.8×14.3m) + 저층부 4층 1000㎡(54.8×18.3m)
쌍둥이+저층부,4 쌍둥이+저층부,48+48,48,162.4,156,34,101,10,55,37580,400.0,11972,49552,4147,44.14,0.132,5.6,0.07,3,3.402,11.37,48층 284㎡(25.0×11.4m) + 48층 284㎡(25.0×11.4m) + 저층부 3층 4000㎡(109.5×36.5m)
단일,1b 층수·세장비,41,41,139.3,158,29,101,12,57,37580,400.0,8612,46192,985,10.48,0.314,,,1,3.457,19.15,41층 917㎡(47.9×19.1m)
단일,1b 층수·세장비,44,44,149.2,159,21,101,12,58,37580,400.0,8579,46159,917,9.76,0.097,,,1,3.495,20.67,44층 854㎡(41.3×20.7m)
단일,1a 방위·위치,47,47,159.1,159,32,101,12,58,37580,400.0,9631,47211,866,9.22,0.164,,,1,3.433,16.33,47층 800㎡(49.0×16.3m)
단일+저층부,2 저층부,55,55,185.5,147,40,102,18,45,37580,400.0,9962,47542,4133,43.99,0.131,inf,inf,2,3.602,13.64,55층 558㎡(40.9×13.6m) + 저층부 2층 4000㎡(84.9×47.1m)
단일+저층부,2 저층부,55,55,185.5,153,35,102,20,51,37580,400.0,10967,48547,4133,43.99,0.032,inf,inf,2,3.649,9.92,55층 492㎡(49.6×9.9m) + 저층부 3층 4000㎡(84.9×47.1m)
쌍둥이,3 쌍둥이,50+50,50,169.0,153,31,102,10,51,37580,400.0,12854,50434,833,8.87,0.042,5.9,0.07,2,3.295,15.33,50층 376㎡(24.5×15.3m) + 50층 376㎡(24.5×15.3m)
단일+저층부,2 저층부,53,53,178.9,154,33,102,12,52,37580,400.0,9467,47047,4129,43.95,0.124,inf,inf,2,3.609,13.06,53층 512㎡(39.2×13.1m) + 저층부 3층 4000㎡(74.8×53.5m)
타워+저층별동,5 저층별동,53,53,178.9,156,25,102,9,54,37580,400.0,10769,48349,1702,18.11,0.073,5.0,0.06,2,3.513,13.87,53층 577㎡(41.6×13.9m) + 저층부 7층 1000㎡(44.7×22.4m)
단일,1b 층수·세장비,50,50,169.0,141,29,103,10,38,37580,400.0,11484,49064,826,8.79,0.115,,,1,3.422,12.26,50층 752㎡(61.3×12.3m)
단일+저층부,2 저층부,47,47,159.1,150,41,103,18,47,37580,400.0,9534,47114,4129,43.95,0.1,inf,inf,2,3.619,12.06,47층 581㎡(48.2×12.1m) + 저층부 3층 4000㎡(74.8×53.5m)
타워+저층별동,5 저층별동,55,55,185.5,151,34,103,16,48,37580,400.0,12421,50001,1350,14.37,0.094,21.1,0.23,2,3.542,11.21,55층 629㎡(56.1×11.2m) + 저층부 5층 600㎡(34.6×17.3m)
단일+저층부,2 저층부,47,47,159.1,153,34,103,14,50,37580,400.0,8961,46541,4133,43.99,0.076,inf,inf,2,3.628,13.92,47층 581㎡(41.8×13.9m) + 저층부 3층 4000㎡(84.9×47.1m)
단일+저층부,2 저층부,50,50,169.0,153,40,103,18,50,37580,400.0,10156,47736,4129,43.95,0.113,inf,inf,2,3.592,12.41,50층 616㎡(49.6×12.4m) + 저층부 2층 4000㎡(74.8×53.5m)
단일+저층부,2 저층부,50,50,169.0,154,35,103,12,51,37580,400.0,9235,46815,4133,43.99,0.082,inf,inf,2,3.626,13.47,50층 544㎡(40.4×13.5m) + 저층부 3층 4000㎡(84.9×47.1m)
단일,1a 방위·위치,47,47,159.1,154,30,103,18,51,37580,400.0,9631,47211,866,9.22,0.029,,,1,3.423,16.33,47층 800㎡(49.0×16.3m)
쌍둥이,3 쌍둥이,55+55,55,185.5,154,29,103,10,51,37580,400.0,15076,52656,771,8.2,0.058,14.1,0.15,2,3.294,10.67,55층 342㎡(32.0×10.7m) + 55층 342㎡(32.0×10.7m)
쌍둥이,3 쌍둥이,53+50,53,178.9,154,30,103,10,51,37580,400.0,13659,51239,815,8.67,0.031,12.1,0.14,2,3.26,12.69,53층 355㎡(27.9×12.7m) + 50층 376㎡(28.8×13.1m)
단일+저층부,2 저층부,47,47,159.1,155,32,103,11,52,37580,400.0,8636,46216,4129,43.95,0.141,inf,inf,2,3.615,12.93,47층 502㎡(38.8×12.9m) + 저층부 4층 4000㎡(74.8×53.5m)
쌍둥이+저층부,4 쌍둥이+저층부,53+53,53,178.9,155,36,103,16,52,37580,400.0,12948,50528,4129,43.95,0.084,5.3,0.06,3,3.4,11.48,53층 290㎡(25.3×11.5m) + 53층 290㎡(25.3×11.5m) + 저층부 2층 4000㎡(74.8×53.5m)
단일+저층부,2 저층부,50,50,169.0,156,32,103,12,53,37580,400.0,8892,46472,4129,43.95,0.072,inf,inf,2,3.644,12.51,50층 469㎡(37.5×12.5m) + 저층부 4층 4000㎡(74.8×53.5m)
단일,1b 층수·세장비,47,47,159.1,157,32,103,10,54,37580,400.0,11817,49397,881,9.38,0.057,,,1,3.365,11.54,47층 800㎡(69.3×11.5m)
쌍둥이+저층부,4 쌍둥이+저층부,38+38,38,129.4,147,35,104,10,43,37580,400.0,10028,47608,4129,43.95,0.143,7.6,0.12,3,3.455,12.01,38층 317㎡(26.4×12.0m) + 38층 317㎡(26.4×12.0m) + 저층부 4층 4000㎡(74.8×53.5m)
단일+저층부,2 저층부,41,41,139.3,148,28,104,12,44,37580,400.0,7805,45385,4129,43.95,0.177,inf,inf,2,3.642,12.76,41층 488㎡(38.3×12.8m) + 저층부 5층 4000㎡(74.8×53.5m)
타워+저층별동,5 저층별동,44,44,149.2,149,34,104,18,45,37580,400.0,9573,47153,1920,20.43,0.06,11.9,0.16,2,3.618,16.19,44층 786㎡(48.6×16.2m) + 저층부 3층 1000㎡(44.7×22.4m)
단일+저층부,2 저층부,44,44,149.2,151,26,104,11,47,37580,400.0,8057,45637,4129,43.95,0.204,inf,inf,2,3.613,12.26,44층 451㎡(36.8×12.3m) + 저층부 5층 4000㎡(74.8×53.5m)
타워+저층별동,5 저층별동,53,53,178.9,152,35,104,14,48,37580,400.0,12057,49637,1770,18.84,0.088,8.7,0.1,2,3.553,11.26,53층 634㎡(56.3×11.3m) + 저층부 4층 1000㎡(44.7×22.4m)
타워+저층별동,5 저층별동,55,55,185.5,152,35,104,14,48,37580,400.0,12282,49862,1373,14.61,0.081,22.1,0.24,2,3.547,11.41,55층 651㎡(57.0×11.4m) + 저층부 3층 600㎡(34.6×17.3m)
단일+저층부,2 저층부,55,55,185.5,153,39,104,20,49,37580,400.0,10524,48104,4133,43.99,0.101,inf,inf,2,3.654,9.2,55층 423㎡(46.0×9.2m) + 저층부 4층 4000㎡(84.9×47.1m)
타워+저층별동,5 저층별동,53,53,178.9,154,35,104,20,50,37580,400.0,11929,49509,2312,24.61,0.032,5.4,0.06,2,3.604,11.42,53층 652㎡(57.1×11.4m) + 저층부 2층 1500㎡(67.1×22.4m)
타워+저층별동,5 저층별동,55,55,185.5,154,35,104,20,50,37580,400.0,12239,49819,1389,14.78,0.03,17.8,0.19,2,3.59,11.5,55층 661㎡(57.5×11.5m) + 저층부 2층 600㎡(42.4×14.1m)
쌍둥이,3 쌍둥이,50+47,50,169.0,154,34,104,10,50,37580,400.0,13185,50765,857,9.12,0.025,8.1,0.1,2,3.314,12.06,50층 451㎡(31.5×14.3m) + 47층 320㎡(26.5×12.1m)
단일+저층부,2 저층부,53,53,178.9,155,34,104,12,51,37580,400.0,9185,46765,4133,43.99,0.088,inf,inf,2,3.657,12.12,53층 440㎡(36.3×12.1m) + 저층부 4층 4000㎡(84.9×47.1m)
타워+저층별동,5 저층별동,55,55,185.5,155,29,104,20,51,37580,400.0,12556,50136,1327,14.12,0.039,28.9,0.31,2,3.571,11.02,55층 607㎡(55.1×11.0m) + 저층부 7층 600㎡(34.6×17.3m)
단일+저층부,2 저층부,50,50,169.0,157,31,104,14,53,37580,400.0,9534,47114,4129,43.95,0.111,inf,inf,2,3.653,8.84,50층 391㎡(44.2×8.8m) + 저층부 5층 4000㎡(74.8×53.5m)
쌍둥이+저층부,4 쌍둥이+저층부,48+48,48,162.4,157,34,104,10,53,37580,400.0,13045,50625,4129,43.95,0.111,9.2,0.11,3,3.398,10.35,48층 322㎡(31.1×10.4m) + 48층 322㎡(31.1×10.4m) + 저층부 2층 4000㎡(74.8×53.5m)
쌍둥이+저층부,4 쌍둥이+저층부,43+43,43,145.9,164,29,104,10,60,37580,400.0,11813,49393,4129,43.95,0.144,6.5,0.09,3,3.437,10.32,43층 320㎡(31.0×10.3m) + 43층 320㎡(31.0×10.3m) + 저층부 3층 4000㎡(74.8×53.5m)
쌍둥이+저층부,4 쌍둥이+저층부,53+53,53,178.9,165,31,104,12,61,37580,400.0,12948,50528,4129,43.95,0.142,5.3,0.06,3,3.41,11.48,53층 290㎡(25.3×11.5m) + 53층 290㎡(25.3×11.5m) + 저층부 2층 4000㎡(74.8×53.5m)
쌍둥이+저층부,4 쌍둥이+저층부,38+38,38,129.4,147,30,105,10,42,37580,400.0,11035,48615,4129,43.95,0.138,6.0,0.09,3,3.445,9.87,38층 439㎡(36.3×12.1m) + 38층 292㎡(29.6×9.9m) + 저층부 3층 4000㎡(74.8×53.5m)
단일+저층부,2 저층부,47,47,159.1,153,32,105,15,48,37580,400.0,8636,46216,4129,43.95,0.178,inf,inf,2,3.61,12.93,47층 502㎡(38.8×12.9m) + 저층부 4층 4000㎡(74.8×53.5m)
단일,1a 방위·위치,47,47,159.1,153,39,105,18,48,37580,400.0,9631,47211,866,9.22,0.117,,,1,3.55,16.33,47층 800㎡(49.0×16.3m)
타워+저층별동,5 저층별동,55,55,185.5,154,39,105,16,49,37580,400.0,11587,49167,1357,14.44,0.064,12.5,0.14,2,3.577,12.65,55층 640㎡(50.6×12.6m) + 저층부 4층 600㎡(34.6×17.3m)
타워+저층별동,5 저층별동,53,53,178.9,154,29,105,15,49,37580,400.0,11704,49284,1351,14.38,0.068,19.0,0.21,2,3.555,12.55,53층 630㎡(50.2×12.5m) + 저층부 7층 600㎡(42.4×14.1m)
단일+저층부,2 저층부,50,50,169.0,155,28,105,12,50,37580,400.0,8536,46116,4129,43.95,0.165,inf,inf,2,3.644,11.41,50층 391㎡(34.2×11.4m) + 저층부 5층 4000㎡(74.8×53.5m)
단일,1b 층수·세장비,44,44,149.2,155,33,105,20,50,37580,400.0,8935,46515,920,9.79,0.061,,,1,3.6,18.48,44층 854㎡(46.2×18.5m)
쌍둥이,3 쌍둥이,55+38,55,185.5,155,29,105,10,50,37580,400.0,14858,52438,908,9.66,0.068,14.7,0.16,2,3.306,9.94,55층 410㎡(40.5×10.1m) + 38층 396㎡(39.8×9.9m)
쌍둥이,3 쌍둥이,53+41,53,178.9,156,29,105,10,51,37580,400.0,14933,52513,894,9.51,0.068,14.8,0.17,2,3.303,9.57,53층 425㎡(41.3×10.3m) + 41층 367㎡(38.3×9.6m)
타워+저층별동,5 저층별동,50,50,169.0,157,31,105,20,52,37580,400.0,10300,47880,2180,23.2,0.123,7.7,0.09,2,3.6,13.44,50층 542㎡(40.3×13.4m) + 저층부 7층 1500㎡(54.8×27.4m)
타워+저층별동,5 저층별동,53,53,178.9,157,33,105,20,52,37580,400.0,12197,49777,1711,18.21,0.094,6.5,0.07,2,3.599,10.74,53층 577㎡(53.7×10.7m) + 저층부 7층 1000㎡(44.7×22.4m)
단일,1b 층수·세장비,47,47,159.1,157,32,105,20,52,37580,400.0,10391,47971,871,9.27,0.038,,,1,3.59,14.14,47층 800㎡(56.6×14.1m)
단일+저층부,2 저층부,47,47,159.1,159,33,105,12,54,37580,400.0,8928,46508,4129,43.95,0.126,inf,inf,2,3.607,13.92,47층 581㎡(41.8×13.9m) + 저층부 3층 4000㎡(74.8×53.5m)
단일,1a 방위·위치,47,47,159.1,162,31,105,12,57,37580,400.0,9631,47211,866,9.22,0.255,,,1,3.456,16.33,47층 800㎡(49.0×16.3m)
타워+저층별동,5 저층별동,55,55,185.5,154,38,106,16,48,37580,400.0,12407,49987,1366,14.54,0.04,10.7,0.12,2,3.566,11.31,55층 640㎡(56.6×11.3m) + 저층부 4층 600㎡(42.4×14.1m)
타워+저층별동,5 저층별동,55,55,185.5,154,36,106,16,48,37580,400.0,12407,49987,1366,14.54,0.04,6.1,0.07,2,3.559,11.31,55층 640㎡(56.6×11.3m) + 저층부 4층 600㎡(42.4×14.1m)
타워+저층별동,5 저층별동,55,55,185.5,154,28,106,13,48,37580,400.0,11811,49391,1322,14.08,0.114,21.7,0.23,2,3.531,12.32,55층 607㎡(49.3×12.3m) + 저층부 7층 600㎡(34.6×17.3m)
단일+저층부,2 저층부,53,53,178.9,155,31,106,14,49,37580,400.0,8821,46401,4133,43.99,0.153,inf,inf,2,3.65,11.05,53층 366㎡(33.1×11.0m) + 저층부 5층 4000㎡(84.9×47.1m)
단일+저층부,2 저층부,53,53,178.9,156,30,106,14,50,37580,400.0,9265,46845,2602,27.7,0.124,inf,inf,2,3.644,12.06,53층 437㎡(36.2×12.1m) + 저층부 7층 2500㎡(59.2×42.3m)
쌍둥이+저층부,4 쌍둥이+저층부,38+38,38,129.4,157,28,106,11,51,37580,400.0,10580,48160,4129,43.95,0.152,6.5,0.1,3,3.504,10.29,38층 317㎡(30.9×10.3m) + 38층 317㎡(30.9×10.3m) + 저층부 4층 4000㎡(74.8×53.5m)
쌍둥이,3 쌍둥이,50+38,50,169.0,157,29,106,10,51,37580,400.0,14424,52004,951,10.13,0.068,14.4,0.17,2,3.31,9.94,50층 451㎡(42.5×10.6m) + 38층 396㎡(39.8×9.9m)
단일+저층부,2 저층부,50,50,169.0,158,28,106,10,52,37580,400.0,8536,46116,4129,43.95,0.086,inf,inf,2,3.645,11.41,50층 391㎡(34.2×11.4m) + 저층부 5층 4000㎡(74.8×53.5m)
단일+저층부,2 저층부,50,50,169.0,158,32,106,12,52,37580,400.0,8937,46517,4133,43.99,0.147,inf,inf,2,3.63,12.51,50층 469㎡(37.5×12.5m) + 저층부 4층 4000㎡(84.9×47.1m)
타워+저층별동,5 저층별동,55,55,185.5,158,30,106,12,52,37580,400.0,12276,49856,1746,18.58,0.031,14.4,0.15,2,3.542,11.05,55층 611㎡(55.3×11.1m) + 저층부 4층 1000㎡(44.7×22.4m)
쌍둥이,3 쌍둥이,47+38,47,159.1,158,30,106,10,52,37580,400.0,11771,49351,983,10.46,0.038,4.6,0.06,2,3.312,15.81,47층 400㎡(25.3×15.8m) + 38층 494㎡(28.1×17.6m)
쌍둥이,3 쌍둥이,50+50,50,169.0,158,29,106,10,52,37580,400.0,14263,51843,843,8.97,0.069,13.6,0.16,2,3.298,10.01,50층 451㎡(36.8×12.3m) + 50층 301㎡(30.0×10.0m)
단일+저층부,2 저층부,50,50,169.0,159,31,106,12,53,37580,400.0,8937,46517,4133,43.99,0.086,inf,inf,2,3.652,12.51,50층 469㎡(37.5×12.5m) + 저층부 4층 4000㎡(84.9×47.1m)
타워+저층별동,5 저층별동,44,44,149.2,162,32,106,12,56,37580,400.0,9625,47205,1538,16.37,0.046,7.1,0.1,2,3.544,16.46,44층 813㎡(49.4×16.5m) + 저층부 3층 600㎡(42.4×14.1m)
단일,1b 층수·세장비,50,50,169.0,162,32,106,12,56,37580,400.0,12202,49782,831,8.84,0.043,,,1,3.503,11.19,50층 752㎡(67.2×11.2m)
타워+저층별동,5 저층별동,53,53,178.9,163,30,106,12,57,37580,400.0,10597,48177,1377,14.66,0.035,4.4,0.05,2,3.567,14.87,53층 664㎡(44.6×14.9m) + 저층부 4층 600㎡(34.6×17.3m)
단일,1b 층수·세장비,44,44,149.2,165,33,106,12,59,37580,400.0,8579,46159,917,9.76,0.29,,,1,3.444,20.67,44층 854㎡(41.3×20.7m)
쌍둥이+저층부,4 쌍둥이+저층부,48+48,48,162.4,166,30,106,12,60,37580,400.0,13045,50625,4129,43.95,0.041,6.6,0.08,3,3.434,10.35,48층 322㎡(31.1×10.4m) + 48층 322㎡(31.1×10.4m) + 저층부 2층 4000㎡(74.8×53.5m)
쌍둥이+저층부,4 쌍둥이+저층부,48+48,48,162.4,167,29,106,10,61,37580,400.0,11812,49392,4129,43.95,0.158,5.4,0.07,3,3.423,11.37,48층 284㎡(25.0×11.4m) + 48층 284㎡(25.0×11.4m) + 저층부 3층 4000㎡(74.8×53.5m)
단일,1b 층수·세장비,44,44,149.2,142,29,107,10,35,37580,400.0,10040,47620,928,9.88,0.067,,,1,3.444,14.61,44층 854㎡(58.4×14.6m)
단일+저층부,2 저층부,50,50,169.0,155,39,107,18,48,37580,400.0,9497,47077,4133,43.99,0.059,inf,inf,2,3.592,14.33,50층 616㎡(43.0×14.3m) + 저층부 2층 4000㎡(84.9×47.1m)
쌍둥이,3 쌍둥이,55+50,55,185.5,156,29,107,10,49,37580,400.0,15839,53419,814,8.67,0.029,15.3,0.16,2,3.288,9.24,55층 342㎡(37.0×9.2m) + 50층 376㎡(38.8×9.7m)
타워+저층별동,5 저층별동,53,53,178.9,157,37,107,16,50,37580,400.0,11433,49013,1387,14.76,0.061,9.9,0.11,2,3.576,12.88,53층 664㎡(51.5×12.9m) + 저층부 4층 600㎡(42.4×14.1m)
타워+저층별동,5 저층별동,50,50,169.0,158,36,107,20,51,37580,400.0,10071,47651,2336,24.87,0.067,7.1,0.08,2,3.617,15.18,50층 692㎡(45.5×15.2m) + 저층부 2층 1500㎡(54.8×27.4m)
타워+저층별동,5 저층별동,47,47,159.1,158,41,107,20,51,37580,400.0,11079,48659,1476,15.71,0.042,9.9,0.12,2,3.571,13.56,47층 736㎡(54.2×13.6m) + 저층부 5층 600㎡(60.0×10.0m)
단일,1b 층수·세장비,50,50,169.0,158,36,107,18,51,37580,400.0,9174,46754,811,8.63,0.09,,,1,3.56,19.39,50층 752㎡(38.8×19.4m)
타워+저층별동,5 저층별동,55,55,185.5,158,24,107,12,51,37580,400.0,12406,49986,1688,17.97,0.041,14.6,0.16,2,3.519,10.55,55층 556㎡(52.7×10.5m) + 저층부 7층 1000㎡(44.7×22.4m)
쌍둥이,3 쌍둥이,50+41,50,169.0,158,31,107,10,51,37580,400.0,12207,49787,903,9.61,0.052,5.3,0.06,2,3.303,15.14,50층 451㎡(26.9×16.8m) + 41층 367㎡(24.2×15.1m)
쌍둥이,3 쌍둥이,55+50,55,185.5,158,29,107,10,51,37580,400.0,14703,52283,807,8.59,0.059,13.8,0.15,2,3.293,10.67,55층 342㎡(32.0×10.7m) + 50층 376㎡(33.6×11.2m)
단일,1b 층수·세장비,55,55,185.5,159,31,107,18,52,37580,400.0,9299,46879,738,7.85,0.083,,,1,3.516,21.34,55층 683㎡(32.0×21.3m)
쌍둥이,3 쌍둥이,53+44,53,178.9,159,29,107,10,52,37580,400.0,14081,51661,859,9.15,0.072,13.4,0.15,2,3.3,10.67,53층 425㎡(35.7×11.9m) + 44층 342㎡(32.0×10.7m)
단일+저층부,2 저층부,44,44,149.2,160,33,107,14,53,37580,400.0,8986,46566,4129,43.95,0.112,inf,inf,2,3.664,9.49,44층 451㎡(47.5×9.5m) + 저층부 5층 4000㎡(74.8×53.5m)
단일+저층부,2 저층부,47,47,159.1,160,31,107,12,53,37580,400.0,8681,46261,4133,43.99,0.085,inf,inf,2,3.652,12.93,47층 502㎡(38.8×12.9m) + 저층부 4층 4000㎡(84.9×47.1m)
타워+저층별동,5 저층별동,55,55,185.5,160,31,107,20,53,37580,400.0,11133,48713,1322,14.08,0.105,16.2,0.17,2,3.577,14.22,55층 607㎡(42.7×14.2m) + 저층부 7층 600㎡(42.4×14.1m)
쌍둥이+저층부,4 쌍둥이+저층부,38+38,38,129.4,160,31,107,12,53,37580,400.0,11035,48615,4129,43.95,0.237,7.2,0.11,3,3.482,9.87,38층 439㎡(36.3×12.1m) + 38층 292㎡(29.6×9.9m) + 저층부 3층 4000㎡(74.8×53.5m)
쌍둥이,3 쌍둥이,50+38,50,169.0,160,30,107,10,53,37580,400.0,13272,50852,918,9.77,0.049,13.4,0.16,2,3.288,9.94,50층 526㎡(39.7×13.2m) + 38층 297㎡(29.8×9.9m)
단일,1a 방위·위치,47,47,159.1,161,36,107,11,54,37580,400.0,9631,47211,866,9.22,0.079,,,1,3.433,16.33,47층 800㎡(49.0×16.3m)
타워+저층별동,5 저층별동,53,53,178.9,162,28,107,12,55,37580,400.0,10943,48523,1346,14.33,0.065,8.1,0.09,2,3.541,14.49,53층 630㎡(43.5×14.5m) + 저층부 7층 600㎡(42.4×14.1m)
단일,1a 방위·위치,47,47,159.1,163,33,107,12,56,37580,400.0,9631,47211,866,9.22,0.275,,,1,3.442,16.33,47층 800㎡(49.0×16.3m)
쌍둥이,3 쌍둥이,41+38,41,139.3,154,33,108,10,46,37580,400.0,11669,49249,1032,10.99,0.067,6.9,0.1,2,3.345,11.61,41층 642㎡(37.6×17.1m) + 38층 297㎡(25.5×11.6m)
쌍둥이,3 쌍둥이,53+53,53,178.9,157,30,108,11,49,37580,400.0,15923,53503,805,8.57,0.024,15.3,0.17,2,3.301,9.41,53층 355㎡(37.7×9.4m) + 53층 355㎡(37.7×9.4m)
쌍둥이,3 쌍둥이,53+53,53,178.9,157,30,108,10,49,37580,400.0,14782,52362,798,8.49,0.034,13.9,0.15,2,3.284,10.87,53층 355㎡(32.6×10.9m) + 53층 355㎡(32.6×10.9m)
단일+저층부,2 저층부,53,53,178.9,158,33,108,12,50,37580,400.0,9852,47432,4133,43.99,0.075,inf,inf,2,3.665,8.56,53층 366㎡(42.8×8.6m) + 저층부 5층 4000㎡(84.9×47.1m)
타워+저층별동,5 저층별동,53,53,178.9,159,36,108,20,51,37580,400.0,10554,48134,1394,14.83,0.066,7.8,0.09,2,3.609,15.0,53층 675㎡(45.0×15.0m) + 저층부 3층 600㎡(42.4×14.1m)
타워+저층별동,5 저층별동,53,53,178.9,159,36,108,20,51,37580,400.0,10554,48134,1394,14.83,0.066,5.3,0.06,2,3.608,15.0,53층 675㎡(45.0×15.0m) + 저층부 3층 600㎡(42.4×14.1m)
타워+저층별동,5 저층별동,47,47,159.1,159,29,108,20,51,37580,400.0,10255,47835,1426,15.18,0.068,28.3,0.36,2,3.581,15.39,47층 710㎡(46.2×15.4m) + 저층부 7층 600㎡(34.6×17.3m)
쌍둥이,3 쌍둥이,53+41,53,178.9,159,30,108,10,51,37580,400.0,13859,51439,886,9.43,0.042,13.2,0.15,2,3.29,11.05,53층 425㎡(35.7×11.9m) + 41층 367㎡(33.2×11.1m)
쌍둥이,3 쌍둥이,50+41,50,169.0,159,29,108,10,51,37580,400.0,14670,52250,921,9.8,0.037,14.6,0.17,2,3.288,9.57,50층 451㎡(42.5×10.6m) + 41층 367㎡(38.3×9.6m)
쌍둥이,3 쌍둥이,47+47,47,159.1,159,29,108,10,51,37580,400.0,14942,52522,902,9.6,0.028,14.7,0.19,2,3.286,10.0,47층 400㎡(40.0×10.0m) + 47층 400㎡(40.0×10.0m)
쌍둥이,3 쌍둥이,47+44,47,159.1,159,29,108,10,51,37580,400.0,14687,52267,930,9.9,0.026,14.6,0.18,2,3.286,10.0,47층 400㎡(40.0×10.0m) + 44층 427㎡(41.3×10.3m)
단일+저층부,2 저층부,53,53,178.9,160,33,108,13,52,37580,400.0,9467,47047,4129,43.95,0.134,inf,inf,2,3.622,13.06,53층 512㎡(39.2×13.1m) + 저층부 3층 4000㎡(74.8×53.5m)
쌍둥이,3 쌍둥이,47+38,47,159.1,160,29,108,10,52,37580,400.0,14154,51734,982,10.45,0.035,14.3,0.18,2,3.295,9.94,47층 480㎡(43.8×11.0m) + 38층 396㎡(39.8×9.9m)
쌍둥이,3 쌍둥이,53+47,53,178.9,160,30,108,10,52,37580,400.0,13416,50996,830,8.84,0.042,12.0,0.13,2,3.263,12.06,53층 425㎡(30.6×13.9m) + 47층 320㎡(26.5×12.1m)
쌍둥이+저층부,4 쌍둥이+저층부,43+43,43,145.9,161,32,108,10,53,37580,400.0,12316,49896,4129,43.95,0.143,6.0,0.08,3,3.397,10.97,43층 361㎡(32.9×11.0m) + 43층 361㎡(32.9×11.0m) + 저층부 2층 4000㎡(74.8×53.5m)
쌍둥이+저층부,4 쌍둥이+저층부,38+38,38,129.4,162,30,108,12,54,37580,400.0,10472,48052,4129,43.95,0.133,4.1,0.06,3,3.49,12.89,38층 365㎡(28.4×12.9m) + 38층 365㎡(28.4×12.9m) + 저층부 3층 4000㎡(74.8×53.5m)
단일+저층부,2 저층부,50,50,169.0,163,31,108,12,55,37580,400.0,9475,47055,4129,43.95,0.048,inf,inf,2,3.605,14.33,50층 616㎡(43.0×14.3m) + 저층부 2층 4000㎡(74.8×53.5m)
타워+저층별동,5 저층별동,53,53,178.9,163,32,108,12,55,37580,400.0,10427,48007,1401,14.91,0.056,17.8,0.2,2,3.549,15.13,53층 686㎡(45.4×15.1m) + 저층부 2층 600㎡(34.6×17.3m)
타워+저층별동,5 저층별동,53,53,178.9,163,31,108,12,55,37580,400.0,10616,48196,1401,14.91,0.058,4.9,0.05,2,3.549,15.0,53층 675㎡(45.0×15.0m) + 저층부 3층 600㎡(52.0×11.5m)
단일+저층부,2 저층부,38,38,129.4,158,31,109,12,49,37580,400.0,8261,45841,4129,43.95,0.119,inf,inf,2,3.597,16.55,38층 822㎡(49.6×16.5m) + 저층부 2층 4000㎡(74.8×53.5m)
타워+저층별동,5 저층별동,53,53,178.9,158,35,109,14,49,37580,400.0,11985,49565,1411,15.02,0.076,6.1,0.07,2,3.543,11.72,53층 686㎡(58.6×11.7m) + 저층부 2층 600㎡(34.6×17.3m)
단일+저층부,2 저층부,53,53,178.9,160,31,109,14,51,37580,400.0,10294,47874,4129,43.95,0.116,inf,inf,2,3.624,9.39,53층 440㎡(46.9×9.4m) + 저층부 4층 4000㎡(74.8×53.5m)
단일+저층부,2 저층부,47,47,159.1,160,36,109,16,51,37580,400.0,9186,46766,4129,43.95,0.14,inf,inf,2,3.589,14.8,47층 657㎡(44.4×14.8m) + 저층부 2층 4000㎡(74.8×53.5m)
쌍둥이,3 쌍둥이,53+38,53,178.9,160,29,109,10,51,37580,400.0,13534,51114,886,9.43,0.09,13.3,0.15,2,3.313,9.94,53층 496㎡(38.6×12.9m) + 38층 297㎡(29.8×9.9m)
쌍둥이,3 쌍둥이,47+41,47,159.1,160,29,109,10,51,37580,400.0,14423,52003,964,10.26,0.054,14.4,0.18,2,3.301,10.0,47층 400㎡(40.0×10.0m) + 41층 458㎡(42.8×10.7m)
단일+저층부,2 저층부,53,53,178.9,161,37,109,16,52,37580,400.0,9141,46721,4129,43.95,0.126,inf,inf,2,3.657,12.12,53층 440㎡(36.3×12.1m) + 저층부 4층 4000㎡(74.8×53.5m)
단일,1b 층수·세장비,44,44,149.2,161,34,109,18,52,37580,400.0,9305,46885,923,9.82,0.066,,,1,3.596,16.87,44층 854㎡(50.6×16.9m)
쌍둥이,3 쌍둥이,53+38,53,178.9,163,30,109,10,54,37580,400.0,12698,50278,880,9.37,0.056,11.7,0.13,2,3.277,11.61,53층 496㎡(33.0×15.0m) + 38층 297㎡(25.5×11.6m)
단일,1a 방위·위치,47,47,159.1,164,36,109,10,55,37580,400.0,9631,47211,866,9.22,0.041,,,1,3.427,16.33,47층 800㎡(49.0×16.3m)
쌍둥이+저층부,4 쌍둥이+저층부,53+53,53,178.9,171,32,109,12,62,37580,400.0,13856,51436,2602,27.7,0.127,8.2,0.09,3,3.396,10.01,53층 301㎡(30.0×10.0m) + 53층 301㎡(30.0×10.0m) + 저층부 3층 2500㎡(59.2×42.3m)
타워+저층별동,5 저층별동,38,38,129.4,156,32,110,18,46,37580,400.0,9177,46757,1638,17.44,0.109,14.6,0.23,2,3.599,17.42,38층 910㎡(52.2×17.4m) + 저층부 5층 600㎡(42.4×14.1m)
타워+저층별동,5 저층별동,38,38,129.4,156,32,110,18,46,37580,400.0,9282,46862,1645,17.51,0.109,11.7,0.18,2,3.598,17.42,38층 910㎡(52.2×17.4m) + 저층부 5층 600㎡(52.0×11.5m)
단일+저층부,2 저층부,53,53,178.9,159,37,110,16,49,37580,400.0,9267,46847,4140,44.06,0.094,inf,inf,2,3.66,12.12,53층 440㎡(36.3×12.1m) + 저층부 4층 4000㎡(98.0×40.8m)
단일+저층부,2 저층부,44,44,149.2,159,33,110,14,49,37580,400.0,8679,46259,4133,43.99,0.065,inf,inf,2,3.586,14.42,44층 624㎡(43.3×14.4m) + 저층부 3층 4000㎡(84.9×47.1m)
타워+저층별동,5 저층별동,47,47,159.1,160,32,110,14,50,37580,400.0,10758,48338,1856,19.76,0.057,11.2,0.14,2,3.573,13.36,47층 714㎡(53.5×13.4m) + 저층부 4층 1000㎡(54.8×18.3m)
쌍둥이,3 쌍둥이,55+38,55,185.5,160,29,110,10,50,37580,400.0,14799,52379,940,10.0,0.053,14.5,0.16,2,3.303,9.24,55층 342㎡(37.0×9.2m) + 38층 494㎡(44.5×11.1m)
단일+저층부,2 저층부,53,53,178.9,161,31,110,14,51,37580,400.0,10294,47874,4129,43.95,0.118,inf,inf,2,3.616,9.39,53층 440㎡(46.9×9.4m) + 저층부 4층 4000㎡(74.8×53.5m)
단일+저층부,2 저층부,47,47,159.1,162,33,110,18,52,37580,400.0,9208,46788,4133,43.99,0.042,inf,inf,2,3.636,14.8,47층 657㎡(44.4×14.8m) + 저층부 2층 4000㎡(84.9×47.1m)
타워+저층별동,5 저층별동,55,55,185.5,162,36,110,20,52,37580,400.0,12653,50233,1332,14.17,0.087,9.8,0.11,2,3.593,11.02,55층 607㎡(55.1×11.0m) + 저층부 7층 600㎡(42.4×14.1m)
단일+저층부,2 저층부,47,47,159.1,163,27,110,12,53,37580,400.0,8356,45936,4133,43.99,0.096,inf,inf,2,3.603,11.81,47층 419㎡(35.4×11.8m) + 저층부 5층 4000㎡(84.9×47.1m)
쌍둥이+저층부,4 쌍둥이+저층부,38+38,38,129.4,167,28,110,12,57,37580,400.0,11547,49127,4129,43.95,0.156,5.1,0.08,3,3.493,11.7,38층 411㎡(35.1×11.7m) + 38층 411㎡(35.1×11.7m) + 저층부 2층 4000㎡(74.8×53.5m)
쌍둥이+저층부,4 쌍둥이+저층부,43+43,43,145.9,171,30,110,10,61,37580,400.0,11813,49393,4129,43.95,0.144,7.9,0.11,3,3.429,10.32,43층 320㎡(31.0×10.3m) + 43층 320㎡(31.0×10.3m) + 저층부 3층 4000㎡(74.8×53.5m)
타워+저층별동,5 저층별동,38,38,129.4,153,31,111,18,42,37580,400.0,10226,47806,2451,26.09,0.091,8.1,0.13,2,3.605,12.58,38층 792㎡(62.9×12.6m) + 저층부 5층 1500㎡(54.8×27.4m)
쌍둥이+저층부,4 쌍둥이+저층부,38+38,38,129.4,154,34,111,10,43,37580,400.0,10472,48052,4129,43.95,0.135,6.7,0.1,3,3.433,12.89,38층 365㎡(28.4×12.9m) + 38층 365㎡(28.4×12.9m) + 저층부 3층 4000㎡(74.8×53.5m)
타워+저층별동,5 저층별동,38,38,129.4,156,25,111,18,45,37580,400.0,10805,48385,1623,17.28,0.071,21.7,0.34,2,3.572,13.25,38층 878㎡(66.3×13.3m) + 저층부 7층 600㎡(52.0×11.5m)
타워+저층별동,5 저층별동,38,38,129.4,157,32,111,18,46,37580,400.0,10265,47845,1682,17.91,0.058,8.5,0.13,2,3.581,13.72,38층 942㎡(68.6×13.7m) + 저층부 3층 600㎡(42.4×14.1m)
타워+저층별동,5 저층별동,38,38,129.4,157,32,111,18,46,37580,400.0,10265,47845,1682,17.91,0.058,8.5,0.13,2,3.581,13.72,38층 942㎡(68.6×13.7m) + 저층부 3층 600㎡(42.4×14.1m)
타워+저층별동,5 저층별동,38,38,129.4,157,32,111,18,46,37580,400.0,10164,47744,1699,18.08,0.055,16.4,0.25,2,3.577,13.84,38층 957㎡(69.2×13.8m) + 저층부 2층 600㎡(42.4×14.1m)
타워+저층별동,5 저층별동,38,38,129.4,157,32,111,18,46,37580,400.0,10137,47717,1694,18.03,0.055,10.5,0.16,2,3.577,13.84,38층 957㎡(69.2×13.8m) + 저층부 2층 600㎡(34.6×17.3m)
쌍둥이,3 쌍둥이,55+50,55,185.5,160,30,111,10,49,37580,400.0,13798,51378,801,8.53,0.037,12.0,0.13,2,3.269,12.46,55층 342㎡(27.4×12.5m) + 50층 376㎡(28.8×13.1m)
쌍둥이,3 쌍둥이,53+53,53,178.9,160,30,111,10,49,37580,400.0,13872,51452,792,8.43,0.037,12.0,0.13,2,3.269,12.69,53층 355㎡(27.9×12.7m) + 53층 355㎡(27.9×12.7m)
쌍둥이,3 쌍둥이,50+50,50,169.0,161,30,111,10,50,37580,400.0,13447,51027,837,8.91,0.037,11.7,0.14,2,3.273,13.07,50층 376㎡(28.8×13.1m) + 50층 376㎡(28.8×13.1m)
단일+저층부,2 저층부,53,53,178.9,162,34,111,15,51,37580,400.0,10735,48315,4129,43.95,0.101,inf,inf,2,3.611,10.12,53층 512㎡(50.6×10.1m) + 저층부 3층 4000㎡(74.8×53.5m)
타워+저층별동,5 저층별동,41,41,139.3,162,32,111,14,51,37580,400.0,10696,48276,1591,16.93,0.05,5.4,0.08,2,3.535,13.1,41층 858㎡(65.5×13.1m) + 저층부 4층 600㎡(34.6×17.3m)
쌍둥이,3 쌍둥이,55+55,55,185.5,163,29,111,10,52,37580,400.0,14149,51729,765,8.14,0.06,12.3,0.13,2,3.282,12.46,55층 342㎡(27.4×12.5m) + 55층 342㎡(27.4×12.5m)
쌍둥이,3 쌍둥이,44+38,44,149.2,164,30,111,10,53,37580,400.0,12875,50455,1008,10.73,0.03,12.7,0.17,2,3.289,11.48,44층 512㎡(39.2×13.1m) + 38층 396㎡(34.4×11.5m)
타워+저층별동,5 저층별동,55,55,185.5,165,29,111,9,54,37580,400.0,11037,48617,1318,14.03,0.066,10.3,0.11,2,3.505,14.22,55층 607㎡(42.7×14.2m) + 저층부 7층 600㎡(34.6×17.3m)
쌍둥이,3 쌍둥이,47+38,47,159.1,165,30,111,10,54,37580,400.0,13003,50583,953,10.14,0.047,13.2,0.17,2,3.291,9.94,47층 560㎡(41.0×13.7m) + 38층 297㎡(29.8×9.9m)
타워+저층별동,5 저층별동,41,41,139.3,166,30,111,12,55,37580,400.0,9512,47092,1569,16.7,0.118,14.9,0.21,2,3.56,16.77,41층 843㎡(50.3×16.8m) + 저층부 5층 600㎡(42.4×14.1m)
쌍둥이+저층부,4 쌍둥이+저층부,38+38,38,129.4,166,30,111,12,55,37580,400.0,10429,48009,4129,43.95,0.153,4.2,0.06,3,3.491,11.53,38층 439㎡(31.1×14.1m) + 38층 292㎡(25.4×11.5m) + 저층부 3층 4000㎡(74.8×53.5m)
단일+저층부,2 저층부,53,53,178.9,167,37,111,18,56,37580,400.0,9778,47358,4133,43.99,0.107,inf,inf,2,3.622,13.9,53층 580㎡(41.7×13.9m) + 저층부 2층 4000㎡(84.9×47.1m)
쌍둥이+저층부,4 쌍둥이+저층부,53+53,53,178.9,167,29,111,10,56,37580,400.0,12452,50032,4135,44.01,0.049,13.5,0.15,3,3.315,13.46,53층 290㎡(21.5×13.5m) + 53층 290㎡(21.5×13.5m) + 저층부 2층 4000㎡(89.4×44.7m)
쌍둥이+저층부,4 쌍둥이+저층부,53+53,53,178.9,168,36,111,16,57,37580,400.0,12948,50528,4129,43.95,0.084,6.7,0.08,3,3.406,11.48,53층 290㎡(25.3×11.5m) + 53층 290㎡(25.3×11.5m) + 저층부 2층 4000㎡(74.8×53.5m)
단일,1a 방위·위치,47,47,159.1,169,30,111,12,58,37580,400.0,9631,47211,866,9.22,0.091,,,1,3.547,16.33,47층 800㎡(49.0×16.3m)
쌍둥이+저층부,4 쌍둥이+저층부,48+48,48,162.4,170,36,111,11,59,37580,400.0,12557,50137,4135,44.01,0.141,7.3,0.09,3,3.401,9.73,48층 284㎡(29.2×9.7m) + 48층 284㎡(29.2×9.7m) + 저층부 3층 4000㎡(89.4×44.7m)
쌍둥이+저층부,4 쌍둥이+저층부,43+43,43,145.9,173,29,111,12,62,37580,400.0,12316,49896,4129,43.95,0.12,5.8,0.08,3,3.456,10.97,43층 361㎡(32.9×11.0m) + 43층 361㎡(32.9×11.0m) + 저층부 2층 4000㎡(74.8×53.5m)
쌍둥이+저층부,4 쌍둥이+저층부,53+53,53,178.9,180,32,111,12,69,37580,400.0,13740,51320,4129,43.95,0.107,7.2,0.08,3,3.4,9.83,53층 290㎡(29.5×9.8m) + 53층 290㎡(29.5×9.8m) + 저층부 2층 4000㎡(74.8×53.5m)
단일+저층부,2 저층부,38,38,129.4,156,29,112,14,44,37580,400.0,8398,45978,4129,43.95,0.103,inf,inf,2,3.65,10.32,38층 533㎡(51.6×10.3m) + 저층부 5층 4000㎡(74.8×53.5m)
쌍둥이,3 쌍둥이,55+44,55,185.5,161,29,112,10,49,37580,400.0,15343,52923,850,9.05,0.03,15.0,0.16,2,3.306,9.24,55층 410㎡(40.5×10.1m) + 44층 342㎡(37.0×9.2m)
단일,1b 층수·세장비,38,38,129.4,163,32,112,12,51,37580,400.0,7947,45527,1057,11.25,0.318,,,1,3.455,22.24,38층 989㎡(44.5×22.2m)
쌍둥이,3 쌍둥이,41+38,41,139.3,163,30,112,10,51,37580,400.0,12609,50189,1048,11.15,0.03,12.5,0.18,2,3.292,11.48,41층 550㎡(40.6×13.5m) + 38층 396㎡(34.4×11.5m)
단일+저층부,2 저층부,44,44,149.2,164,27,112,12,52,37580,400.0,8113,45693,4133,43.99,0.095,inf,inf,2,3.604,12.26,44층 451㎡(36.8×12.3m) + 저층부 5층 4000㎡(84.9×47.1m)
단일+저층부,2 저층부,55,55,185.5,165,37,112,16,53,37580,400.0,9640,47220,4129,43.95,0.112,inf,inf,2,3.639,12.81,55층 492㎡(38.4×12.8m) + 저층부 3층 4000㎡(74.8×53.5m)
단일,1b 층수·세장비,47,47,159.1,165,34,112,18,53,37580,400.0,9631,47211,866,9.22,0.07,,,1,3.594,16.33,47층 800㎡(49.0×16.3m)
쌍둥이,3 쌍둥이,50+47,50,169.0,165,29,112,10,53,37580,400.0,13229,50809,863,9.18,0.063,11.5,0.14,2,3.286,13.07,50층 376㎡(28.8×13.1m) + 47층 400㎡(29.7×13.5m)
타워+저층별동,5 저층별동,55,55,185.5,166,36,112,18,54,37580,400.0,10847,48427,1357,14.44,0.101,8.1,0.09,2,3.595,14.6,55층 640㎡(43.8×14.6m) + 저층부 4층 600㎡(42.4×14.1m)
타워+저층별동,5 저층별동,55,55,185.5,166,31,112,12,54,37580,400.0,10680,48260,1756,18.69,0.118,4.6,0.05,2,3.568,14.48,55층 629㎡(43.4×14.5m) + 저층부 3층 1000㎡(44.7×22.4m)
타워+저층별동,5 저층별동,50,50,169.0,167,29,112,18,55,37580,400.0,10489,48069,1738,18.5,0.085,20.7,0.25,2,3.562,14.28,50층 612㎡(42.8×14.3m) + 저층부 7층 1000㎡(44.7×22.4m)
쌍둥이+저층부,4 쌍둥이+저층부,38+38,38,129.4,172,32,112,12,60,37580,400.0,11135,48715,4135,44.01,0.197,8.6,0.13,3,3.474,11.04,38층 365㎡(33.1×11.0m) + 38층 365㎡(33.1×11.0m) + 저층부 3층 4000㎡(89.4×44.7m)
단일+저층부,2 저층부,38,38,129.4,157,32,113,14,44,37580,400.0,8398,45978,4129,43.95,0.105,inf,inf,2,3.663,10.32,38층 533㎡(51.6×10.3m) + 저층부 5층 4000㎡(74.8×53.5m)
타워+저층별동,5 저층별동,41,41,139.3,159,30,113,18,46,37580,400.0,9628,47208,1534,16.33,0.113,9.2,0.13,2,3.603,16.47,41층 814㎡(49.4×16.5m) + 저층부 7층 600㎡(34.6×17.3m)
쌍둥이,3 쌍둥이,53+53,53,178.9,163,29,113,10,50,37580,400.0,13872,51452,792,8.43,0.03,12.0,0.13,2,3.287,12.69,53층 355㎡(27.9×12.7m) + 53층 355㎡(27.9×12.7m)
쌍둥이+저층부,4 쌍둥이+저층부,43+43,43,145.9,166,40,113,18,53,37580,400.0,11865,49445,4135,44.01,0.196,7.9,0.11,3,3.423,10.32,43층 320㎡(31.0×10.3m) + 43층 320㎡(31.0×10.3m) + 저층부 3층 4000㎡(89.4×44.7m)
쌍둥이,3 쌍둥이,50+47,50,169.0,166,30,113,10,53,37580,400.0,13185,50765,857,9.12,0.042,11.8,0.14,2,3.262,12.06,50층 451㎡(31.5×14.3m) + 47층 320㎡(26.5×12.1m)
쌍둥이+저층부,4 쌍둥이+저층부,48+48,48,162.4,168,36,113,11,55,37580,400.0,11915,49495,2607,27.75,0.14,6.7,0.08,3,3.385,11.51,48층 292㎡(25.3×11.5m) + 48층 292㎡(25.3×11.5m) + 저층부 5층 2500㎡(70.7×35.4m)
단일+저층부,2 저층부,47,47,159.1,170,37,113,16,57,37580,400.0,8928,46508,4129,43.95,0.114,inf,inf,2,3.638,13.92,47층 581㎡(41.8×13.9m) + 저층부 3층 4000㎡(74.8×53.5m)
단일,1b 층수·세장비,55,55,185.5,170,31,113,12,57,37580,400.0,12820,50400,759,8.08,0.128,,,1,3.396,10.67,55층 683㎡(64.0×10.7m)
쌍둥이+저층부,4 쌍둥이+저층부,43+43,43,145.9,171,34,113,12,58,37580,400.0,11606,49186,4129,43.95,0.108,4.2,0.06,3,3.408,12.81,43층 361㎡(28.2×12.8m) + 43층 361㎡(28.2×12.8m) + 저층부 2층 4000㎡(74.8×53.5m)
쌍둥이+저층부,4 쌍둥이+저층부,43+43,43,145.9,174,33,113,12,61,37580,400.0,12261,49841,4129,43.95,0.155,7.3,0.1,3,3.413,9.81,43층 433㎡(36.0×12.0m) + 43층 289㎡(29.4×9.8m) + 저층부 2층 4000㎡(74.8×53.5m)
단일+저층부,2 저층부,38,38,129.4,158,23,114,8,44,37580,400.0,7599,45179,4133,43.99,0.092,inf,inf,2,3.577,13.33,38층 533㎡(40.0×13.3m) + 저층부 5층 4000㎡(84.9×47.1m)
쌍둥이,3 쌍둥이,53+53,53,178.9,162,29,114,10,48,37580,400.0,13806,51386,792,8.43,0.039,12.1,0.14,2,3.293,11.35,53층 425㎡(30.6×13.9m) + 53층 284㎡(25.0×11.4m)
타워+저층별동,5 저층별동,38,38,129.4,163,30,114,16,49,37580,400.0,9012,46592,1650,17.56,0.05,8.6,0.13,2,3.586,17.57,38층 926㎡(52.7×17.6m) + 저층부 4층 600㎡(34.6×17.3m)
쌍둥이,3 쌍둥이,44+41,44,149.2,163,29,114,10,49,37580,400.0,13105,50685,978,10.41,0.034,12.7,0.17,2,3.314,11.05,44층 512㎡(39.2×13.1m) + 41층 367㎡(33.2×11.1m)
쌍둥이,3 쌍둥이,47+44,47,159.1,164,29,114,10,50,37580,400.0,13586,51166,917,9.76,0.035,13.1,0.16,2,3.312,10.67,47층 480㎡(37.9×12.6m) + 44층 342㎡(32.0×10.7m)
쌍둥이,3 쌍둥이,47+44,47,159.1,164,28,114,10,50,37580,400.0,13629,51209,923,9.82,0.024,13.0,0.16,2,3.306,11.54,47층 400㎡(34.6×11.5m) + 44층 427㎡(35.8×11.9m)
단일+저층부,2 저층부,44,44,149.2,166,30,114,13,52,37580,400.0,9414,46994,4129,43.95,0.114,inf,inf,2,3.621,10.39,44층 540㎡(51.9×10.4m) + 저층부 4층 4000㎡(74.8×53.5m)
단일+저층부,2 저층부,41,41,139.3,166,30,114,12,52,37580,400.0,8388,45968,4133,43.99,0.057,inf,inf,2,3.6,14.98,41층 673㎡(44.9×15.0m) + 저층부 3층 4000㎡(84.9×47.1m)
쌍둥이,3 쌍둥이,47+47,47,159.1,168,30,114,10,54,37580,400.0,12949,50529,887,9.45,0.042,11.6,0.15,2,3.265,12.06,47층 480㎡(32.5×14.8m) + 47층 320㎡(26.5×12.1m)
타워+저층별동,5 저층별동,53,53,178.9,169,32,114,18,55,37580,400.0,10846,48426,1342,14.28,0.078,26.2,0.29,2,3.573,14.49,53층 630㎡(43.5×14.5m) + 저층부 7층 600㎡(34.6×17.3m)
타워+저층별동,5 저층별동,53,53,178.9,169,31,114,18,55,37580,400.0,10846,48426,1342,14.28,0.078,26.2,0.29,2,3.56,14.49,53층 630㎡(43.5×14.5m) + 저층부 7층 600㎡(34.6×17.3m)
타워+저층별동,5 저층별동,47,47,159.1,171,36,114,18,57,37580,400.0,10137,47717,1829,19.47,0.076,9.6,0.12,2,3.598,15.2,47층 693㎡(45.6×15.2m) + 저층부 5층 1000㎡(54.8×18.3m)
타워+저층별동,5 저층별동,47,47,159.1,171,35,114,18,57,37580,400.0,9968,47548,1845,19.64,0.073,20.2,0.25,2,3.592,15.43,47층 714㎡(46.3×15.4m) + 저층부 4층 1000㎡(44.7×22.4m)
단일,1b 층수·세장비,47,47,159.1,171,31,114,12,57,37580,400.0,10391,47971,871,9.27,0.279,,,1,3.416,14.14,47층 800㎡(56.6×14.1m)
쌍둥이+저층부,4 쌍둥이+저층부,43+43,43,145.9,175,31,114,12,61,37580,400.0,12316,49896,4129,43.95,0.221,7.2,0.1,3,3.442,10.97,43층 361㎡(32.9×11.0m) + 43층 361㎡(32.9×11.0m) + 저층부 2층 4000㎡(74.8×53.5m)
쌍둥이+저층부,4 쌍둥이+저층부,48+48,48,162.4,176,33,114,12,62,37580,400.0,11788,49368,4129,43.95,0.097,4.3,1.08,3,3.45,14.18,48층 322㎡(22.7×14.2m) + 48층 322㎡(22.7×14.2m) + 저층부 2층 4000㎡(74.8×53.5m)
단일,1b 층수·세장비,41,41,139.3,164,30,115,16,49,37580,400.0,8612,46192,985,10.48,0.107,,,1,3.582,19.15,41층 917㎡(47.9×19.1m)
타워+저층별동,5 저층별동,44,44,149.2,166,33,115,14,51,37580,400.0,10472,48052,1510,16.07,0.098,20.8,0.28,2,3.542,14.02,44층 786㎡(56.1×14.0m) + 저층부 5층 600㎡(34.6×17.3m)
쌍둥이,3 쌍둥이,55+38,55,185.5,166,30,115,10,51,37580,400.0,12859,50439,861,9.17,0.061,11.5,0.12,2,3.285,11.61,55층 478㎡(32.4×14.7m) + 38층 297㎡(25.5×11.6m)
타워+저층별동,5 저층별동,47,47,159.1,167,35,115,20,52,37580,400.0,11785,49365,1856,19.76,0.09,4.0,0.05,2,3.591,11.77,47층 693㎡(58.9×11.8m) + 저층부 5층 1000㎡(77.5×12.9m)
타워+저층별동,5 저층별동,55,55,185.5,168,32,115,17,53,37580,400.0,12653,50233,1332,14.17,0.044,9.8,0.11,2,3.557,11.02,55층 607㎡(55.1×11.0m) + 저층부 7층 600㎡(42.4×14.1m)
타워+저층별동,5 저층별동,50,50,169.0,169,35,115,18,54,37580,400.0,10340,47920,1806,19.23,0.108,9.7,0.11,2,3.602,14.96,50층 672㎡(44.9×15.0m) + 저층부 4층 1000㎡(54.8×18.3m)
타워+저층별동,5 저층별동,50,50,169.0,169,35,115,18,54,37580,400.0,10191,47771,1821,19.39,0.106,4.3,0.05,2,3.599,15.18,50층 692㎡(45.5×15.2m) + 저층부 3층 1000㎡(44.7×22.4m)
타워+저층별동,5 저층별동,50,50,169.0,170,31,115,12,55,37580,400.0,10354,47934,1423,15.15,0.118,15.7,0.19,2,3.562,15.31,50층 704㎡(45.9×15.3m) + 저층부 4층 600㎡(42.4×14.1m)
타워+저층별동,5 저층별동,50,50,169.0,170,29,115,12,55,37580,400.0,12246,49826,1402,14.93,0.084,6.6,0.08,2,3.55,11.56,50층 668㎡(57.8×11.6m) + 저층부 7층 600㎡(52.0×11.5m)
타워+저층별동,5 저층별동,53,53,178.9,170,31,115,12,55,37580,400.0,12161,49741,1410,15.01,0.078,6.5,0.07,2,3.548,11.62,53층 675㎡(58.1×11.6m) + 저층부 3층 600㎡(52.0×11.5m)
쌍둥이+저층부,4 쌍둥이+저층부,38+38,38,129.4,171,29,115,11,56,37580,400.0,10651,48231,4135,44.01,0.169,7.9,0.12,3,3.531,10.29,38층 317㎡(30.9×10.3m) + 38층 317㎡(30.9×10.3m) + 저층부 4층 4000㎡(89.4×44.7m)
쌍둥이+저층부,4 쌍둥이+저층부,53+53,53,178.9,171,35,115,10,56,37580,400.0,13775,51355,4135,44.01,0.084,11.1,0.12,3,3.414,9.83,53층 290㎡(29.5×9.8m) + 53층 290㎡(29.5×9.8m) + 저층부 2층 4000㎡(89.4×44.7m)
타워+저층별동,5 저층별동,53,53,178.9,173,38,115,18,58,37580,400.0,10652,48232,1382,14.71,0.072,7.9,0.09,2,3.588,14.87,53층 664㎡(44.6×14.9m) + 저층부 4층 600㎡(42.4×14.1m)
타워+저층별동,5 저층별동,50,50,169.0,173,36,115,18,58,37580,400.0,10298,47878,1419,15.1,0.07,17.8,0.21,2,3.588,15.31,50층 704㎡(45.9×15.3m) + 저층부 4층 600㎡(34.6×17.3m)
타워+저층별동,5 저층별동,53,53,178.9,173,38,115,18,58,37580,400.0,10597,48177,1377,14.66,0.072,10.0,0.11,2,3.586,14.87,53층 664㎡(44.6×14.9m) + 저층부 4층 600㎡(34.6×17.3m)
타워+저층별동,5 저층별동,53,53,178.9,173,37,115,18,58,37580,400.0,10554,48134,1394,14.83,0.071,7.8,0.09,2,3.585,15.0,53층 675㎡(45.0×15.0m) + 저층부 3층 600㎡(42.4×14.1m)
쌍둥이+저층부,4 쌍둥이+저층부,48+48,48,162.4,174,35,115,10,59,37580,400.0,12328,49908,4135,44.01,0.14,4.9,0.06,3,3.374,12.09,48층 322㎡(26.6×12.1m) + 48층 322㎡(26.6×12.1m) + 저층부 2층 4000㎡(89.4×44.7m)
쌍둥이+저층부,4 쌍둥이+저층부,38+38,38,129.4,159,29,116,10,43,37580,400.0,10481,48061,4135,44.01,0.056,14.2,0.22,3,3.39,11.53,38층 439㎡(31.1×14.1m) + 38층 292㎡(25.4×11.5m) + 저층부 3층 4000㎡(89.4×44.7m)
쌍둥이,3 쌍둥이,38+38,38,129.4,159,29,116,10,43,37580,400.0,12333,49913,1093,11.64,0.074,12.0,0.18,2,3.315,11.48,38층 593㎡(42.2×14.1m) + 38층 396㎡(34.4×11.5m)
쌍둥이+저층부,4 쌍둥이+저층부,38+38,38,129.4,160,34,116,14,44,37580,400.0,11029,48609,2602,27.7,0.074,5.8,0.09,3,3.456,10.07,38층 456㎡(37.0×12.3m) + 38층 304㎡(30.2×10.1m) + 저층부 5층 2500㎡(59.2×42.3m)
타워+저층별동,5 저층별동,41,41,139.3,164,30,116,18,48,37580,400.0,10940,48520,1545,16.44,0.08,11.0,0.16,2,3.578,12.76,41층 814㎡(63.8×12.8m) + 저층부 7층 600㎡(34.6×17.3m)
쌍둥이,3 쌍둥이,44+38,44,149.2,165,29,116,10,49,37580,400.0,12726,50306,993,10.57,0.048,12.7,0.17,2,3.331,9.94,44층 598㎡(42.4×14.1m) + 38층 297㎡(29.8×9.9m)
쌍둥이,3 쌍둥이,44+38,44,149.2,165,29,116,10,49,37580,400.0,13716,51296,1001,10.65,0.043,14.3,0.19,2,3.323,8.61,44층 598㎡(48.9×12.2m) + 38층 297㎡(34.4×8.6m)
쌍둥이,3 쌍둥이,50+38,50,169.0,165,29,116,10,49,37580,400.0,13362,50942,968,10.31,0.027,12.7,0.15,2,3.291,11.19,50층 376㎡(33.6×11.2m) + 38층 494㎡(38.5×12.8m)
타워+저층별동,5 저층별동,41,41,139.3,166,32,116,18,50,37580,400.0,10599,48179,1633,17.38,0.065,5.7,0.08,2,3.579,13.32,41층 887㎡(66.6×13.3m) + 저층부 2층 600㎡(52.0×11.5m)
타워+저층별동,5 저층별동,47,47,159.1,166,34,116,14,50,37580,400.0,10644,48224,1484,15.8,0.097,5.1,0.06,2,3.549,13.8,47층 761㎡(55.2×13.8m) + 저층부 3층 600㎡(34.6×17.3m)
쌍둥이,3 쌍둥이,53+47,53,178.9,166,29,116,10,50,37580,400.0,13441,51021,840,8.94,0.028,11.6,0.13,2,3.289,12.69,53층 355㎡(27.9×12.7m) + 47층 400㎡(29.7×13.5m)
타워+저층별동,5 저층별동,47,47,159.1,167,23,116,11,51,37580,400.0,10255,47835,1426,15.18,0.068,8.6,0.11,2,3.57,15.39,47층 710㎡(46.2×15.4m) + 저층부 7층 600㎡(34.6×17.3m)
타워+저층별동,5 저층별동,47,47,159.1,167,20,116,8,51,37580,400.0,10255,47835,1426,15.18,0.068,19.9,0.25,2,3.56,15.39,47층 710㎡(46.2×15.4m) + 저층부 7층 600㎡(34.6×17.3m)
타워+저층별동,5 저층별동,47,47,159.1,167,34,116,14,51,37580,400.0,10560,48140,1498,15.94,0.094,19.8,0.25,2,3.547,13.91,47층 774㎡(55.6×13.9m) + 저층부 2층 600㎡(34.6×17.3m)
쌍둥이+저층부,4 쌍둥이+저층부,43+43,43,145.9,168,33,116,10,52,37580,400.0,12316,49896,4129,43.95,0.117,10.0,0.14,3,3.425,10.97,43층 361㎡(32.9×11.0m) + 43층 361㎡(32.9×11.0m) + 저층부 2층 4000㎡(74.8×53.5m)
쌍둥이,3 쌍둥이,50+44,50,169.0,168,29,116,10,52,37580,400.0,12982,50562,880,9.37,0.075,11.3,0.13,2,3.287,12.46,50층 451㎡(31.5×14.3m) + 44층 342㎡(27.4×12.5m)
쌍둥이,3 쌍둥이,55+47,55,185.5,169,29,116,10,53,37580,400.0,12968,50548,810,8.62,0.073,9.7,0.1,2,3.26,14.14,55층 410㎡(25.6×16.0m) + 47층 320㎡(22.6×14.1m)
단일+저층부,2 저층부,41,41,139.3,170,32,116,14,54,37580,400.0,8580,46160,4129,43.95,0.124,inf,inf,2,3.602,15.9,41층 758㎡(47.7×15.9m) + 저층부 2층 4000㎡(74.8×53.5m)
쌍둥이+저층부,4 쌍둥이+저층부,38+38,38,129.4,170,26,116,10,54,37580,400.0,10098,47678,4135,44.01,0.074,4.8,0.07,3,3.479,12.01,38층 317㎡(26.4×12.0m) + 38층 317㎡(26.4×12.0m) + 저층부 4층 4000㎡(89.4×44.7m)
쌍둥이+저층부,4 쌍둥이+저층부,43+43,43,145.9,170,38,116,18,54,37580,400.0,11213,48793,4135,44.01,0.109,6.1,0.08,3,3.446,12.06,43층 320㎡(26.5×12.1m) + 43층 320㎡(26.5×12.1m) + 저층부 3층 4000㎡(89.4×44.7m)
단일+저층부,2 저층부,47,47,159.1,171,30,116,12,55,37580,400.0,8961,46541,4133,43.99,0.066,inf,inf,2,3.594,13.92,47층 581㎡(41.8×13.9m) + 저층부 3층 4000㎡(84.9×47.1m)
타워+저층별동,5 저층별동,44,44,149.2,171,28,116,12,55,37580,400.0,11403,48983,1491,15.87,0.076,9.2,0.12,2,3.537,12.32,44층 759㎡(61.6×12.3m) + 저층부 7층 600㎡(42.4×14.1m)
타워+저층별동,5 저층별동,47,47,159.1,173,31,116,12,57,37580,400.0,10130,47710,1477,15.72,0.118,12.5,0.16,2,3.559,15.8,47층 749㎡(47.4×15.8m) + 저층부 4층 600㎡(52.0×11.5m)
단일,1b 층수·세장비,53,53,178.9,173,30,116,14,57,37580,400.0,9119,46699,764,8.14,0.1,,,1,3.519,21.74,53층 709㎡(32.6×21.7m)
쌍둥이+저층부,4 쌍둥이+저층부,48+48,48,162.4,178,37,116,12,62,37580,400.0,12504,50084,4129,43.95,0.181,7.3,0.09,3,3.408,9.73,48층 284㎡(29.2×9.7m) + 48층 284㎡(29.2×9.7m) + 저층부 3층 4000㎡(74.8×53.5m)
타워+저층별동,5 저층별동,41,41,139.3,158,23,117,11,41,37580,400.0,9628,47208,1534,16.33,0.059,5.8,0.08,2,3.537,16.47,41층 814㎡(49.4×16.5m) + 저층부 7층 600㎡(34.6×17.3m)
쌍둥이,3 쌍둥이,41+38,41,139.3,164,29,117,10,47,37580,400.0,12646,50226,1056,11.24,0.027,12.1,0.17,2,3.296,12.36,41층 458㎡(37.1×12.4m) + 38층 494㎡(38.5×12.8m)
단일+저층부,2 저층부,38,38,129.4,165,29,117,14,48,37580,400.0,8261,45841,4129,43.95,0.091,inf,inf,2,3.61,16.55,38층 822㎡(49.6×16.5m) + 저층부 2층 4000㎡(74.8×53.5m)
쌍둥이,3 쌍둥이,55+44,55,185.5,166,29,117,10,49,37580,400.0,13356,50936,855,9.1,0.035,11.5,0.12,2,3.27,12.46,55층 342㎡(27.4×12.5m) + 44층 427㎡(30.7×13.9m)
타워+저층별동,5 저층별동,53,53,178.9,168,17,117,6,51,37580,400.0,12199,49779,1375,14.63,0.032,21.6,0.24,2,3.527,11.42,53층 652㎡(57.1×11.4m) + 저층부 5층 600㎡(34.6×17.3m)
쌍둥이+저층부,4 쌍둥이+저층부,38+38,38,129.4,168,29,117,9,51,37580,400.0,10472,48052,4129,43.95,0.154,4.1,0.06,3,3.448,12.89,38층 365㎡(28.4×12.9m) + 38층 365㎡(28.4×12.9m) + 저층부 3층 4000㎡(74.8×53.5m)
쌍둥이,3 쌍둥이,47+38,47,159.1,168,33,117,10,51,37580,400.0,11658,49238,942,10.03,0.068,5.1,0.06,2,3.321,13.62,47층 560㎡(29.9×18.7m) + 38층 297㎡(21.8×13.6m)
쌍둥이,3 쌍둥이,50+38,50,169.0,168,29,117,10,51,37580,400.0,12556,50136,937,9.98,0.036,10.9,0.13,2,3.306,13.41,50층 451㎡(31.5×14.3m) + 38층 396㎡(29.5×13.4m)
쌍둥이,3 쌍둥이,47+38,47,159.1,168,29,117,10,51,37580,400.0,13130,50710,994,10.58,0.06,12.5,0.16,2,3.305,11.54,47층 400㎡(34.6×11.5m) + 38층 494㎡(38.5×12.8m)
타워+저층별동,5 저층별동,53,53,178.9,169,36,117,20,52,37580,400.0,12128,49708,1776,18.91,0.087,11.6,0.13,2,3.591,11.26,53층 634㎡(56.3×11.3m) + 저층부 4층 1000㎡(54.8×18.3m)
타워+저층별동,5 저층별동,55,55,185.5,169,36,117,20,52,37580,400.0,12176,49756,1784,18.99,0.083,14.2,0.15,2,3.582,11.37,55층 647㎡(56.9×11.4m) + 저층부 2층 1000㎡(44.7×22.4m)
타워+저층별동,5 저층별동,53,53,178.9,170,35,117,20,53,37580,400.0,12012,49592,1415,15.06,0.081,12.2,0.14,2,3.572,11.72,53층 686㎡(58.6×11.7m) + 저층부 2층 600㎡(42.4×14.1m)
타워+저층별동,5 저층별동,53,53,178.9,170,35,117,20,53,37580,400.0,11985,49565,1411,15.02,0.081,16.1,0.18,2,3.569,11.72,53층 686㎡(58.6×11.7m) + 저층부 2층 600㎡(34.6×17.3m)
타워+저층별동,5 저층별동,53,53,178.9,170,34,117,20,53,37580,400.0,12199,49779,1375,14.63,0.085,20.7,0.23,2,3.568,11.42,53층 652㎡(57.1×11.4m) + 저층부 5층 600㎡(34.6×17.3m)
쌍둥이+저층부,4 쌍둥이+저층부,43+43,43,145.9,172,36,117,13,55,37580,400.0,11865,49445,4135,44.01,0.127,6.7,0.09,3,3.431,10.32,43층 320㎡(31.0×10.3m) + 43층 320㎡(31.0×10.3m) + 저층부 3층 4000㎡(89.4×44.7m)
쌍둥이,3 쌍둥이,44+38,44,149.2,172,30,117,10,55,37580,400.0,11938,49518,986,10.5,0.056,11.0,0.15,2,3.284,11.61,44층 598㎡(36.3×16.5m) + 38층 297㎡(25.5×11.6m)
쌍둥이+저층부,4 쌍둥이+저층부,38+38,38,129.4,173,24,117,12,56,37580,400.0,9871,47451,4147,44.14,0.123,5.5,0.09,3,3.525,14.08,38층 317㎡(22.5×14.1m) + 38층 317㎡(22.5×14.1m) + 저층부 4층 4000㎡(109.5×36.5m)
쌍둥이+저층부,4 쌍둥이+저층부,38+38,38,129.4,177,26,117,10,60,37580,400.0,9728,47308,4135,44.01,0.232,5.5,0.09,3,3.451,14.08,38층 317㎡(22.5×14.1m) + 38층 317㎡(22.5×14.1m) + 저층부 4층 4000㎡(89.4×44.7m)
쌍둥이,3 쌍둥이,41+41,41,139.3,166,29,118,10,48,37580,400.0,12042,49622,1010,10.76,0.037,10.4,0.15,2,3.303,12.91,41층 550㎡(34.8×15.8m) + 41층 367㎡(28.4×12.9m)
쌍둥이,3 쌍둥이,41+41,41,139.3,166,29,118,10,48,37580,400.0,12100,49680,1011,10.76,0.033,10.3,0.15,2,3.282,14.43,41층 458㎡(31.8×14.4m) + 41층 458㎡(31.8×14.4m)
쌍둥이,3 쌍둥이,53+50,53,178.9,168,30,118,10,50,37580,400.0,13058,50638,811,8.63,0.037,9.6,0.11,2,3.248,14.89,53층 355㎡(23.8×14.9m) + 50층 376㎡(24.5×15.3m)
타워+저층별동,5 저층별동,53,53,178.9,169,17,118,5,51,37580,400.0,12197,49777,1711,18.21,0.046,8.0,0.09,2,3.528,10.74,53층 577㎡(53.7×10.7m) + 저층부 7층 1000㎡(44.7×22.4m)
쌍둥이,3 쌍둥이,55+38,55,185.5,169,29,118,10,51,37580,400.0,12886,50466,926,9.86,0.064,11.0,0.12,2,3.292,12.46,55층 342㎡(27.4×12.5m) + 38층 494㎡(33.0×15.0m)
쌍둥이,3 쌍둥이,44+38,44,149.2,170,30,118,10,52,37580,400.0,12076,49656,1002,10.66,0.045,10.4,0.14,2,3.283,13.41,44층 512㎡(33.6×15.3m) + 38층 396㎡(29.5×13.4m)
쌍둥이+저층부,4 쌍둥이+저층부,43+43,43,145.9,171,39,118,16,53,37580,400.0,11213,48793,4135,44.01,0.17,7.5,0.1,3,3.441,12.06,43층 320㎡(26.5×12.1m) + 43층 320㎡(26.5×12.1m) + 저층부 3층 4000㎡(89.4×44.7m)
쌍둥이+저층부,4 쌍둥이+저층부,43+43,43,145.9,171,35,118,13,53,37580,400.0,11590,49170,4135,44.01,0.18,6.8,0.09,3,3.415,11.45,43층 433㎡(30.9×14.0m) + 43층 289㎡(25.2×11.5m) + 저층부 2층 4000㎡(89.4×44.7m)
쌍둥이,3 쌍둥이,47+41,47,159.1,171,29,118,10,53,37580,400.0,12555,50135,949,10.11,0.064,10.8,0.14,2,3.288,13.48,47층 400㎡(29.7×13.5m) + 41층 458㎡(31.8×14.4m)
단일,1b 층수·세장비,41,41,139.3,172,35,118,15,54,37580,400.0,8268,45848,982,10.45,0.24,,,1,3.466,21.41,41층 917㎡(42.8×21.4m)
타워+저층별동,5 저층별동,50,50,169.0,173,26,118,12,55,37580,400.0,12004,49584,1391,14.8,0.084,19.6,0.23,2,3.519,11.56,50층 668㎡(57.8×11.6m) + 저층부 7층 600㎡(34.6×17.3m)
단일+저층부,2 저층부,47,47,159.1,174,35,118,16,56,37580,400.0,9208,46788,4133,43.99,0.117,inf,inf,2,3.605,14.8,47층 657㎡(44.4×14.8m) + 저층부 2층 4000㎡(84.9×47.1m)
단일,1b 층수·세장비,44,44,149.2,174,32,118,18,56,37580,400.0,10040,47620,928,9.88,0.045,,,1,3.572,14.61,44층 854㎡(58.4×14.6m)
쌍둥이+저층부,4 쌍둥이+저층부,38+38,38,129.4,175,22,118,12,57,37580,400.0,10472,48052,4129,43.95,0.071,8.1,0.13,3,3.537,12.89,38층 365㎡(28.4×12.9m) + 38층 365㎡(28.4×12.9m) + 저층부 3층 4000㎡(74.8×53.5m)
쌍둥이+저층부,4 쌍둥이+저층부,38+38,38,129.4,175,29,118,12,57,37580,400.0,10429,48009,4129,43.95,0.115,4.2,0.06,3,3.496,11.53,38층 439㎡(31.1×14.1m) + 38층 292㎡(25.4×11.5m) + 저층부 3층 4000㎡(74.8×53.5m)
쌍둥이+저층부,4 쌍둥이+저층부,38+38,38,129.4,178,24,118,12,60,37580,400.0,10472,48052,4129,43.95,0.127,4.1,0.06,3,3.512,12.89,38층 365㎡(28.4×12.9m) + 38층 365㎡(28.4×12.9m) + 저층부 3층 4000㎡(74.8×53.5m)
쌍둥이+저층부,4 쌍둥이+저층부,38+38,38,129.4,179,26,118,10,61,37580,400.0,9728,47308,4135,44.01,0.092,4.1,0.06,3,3.462,14.08,38층 317㎡(22.5×14.1m) + 38층 317㎡(22.5×14.1m) + 저층부 4층 4000㎡(89.4×44.7m)
쌍둥이,3 쌍둥이,44+38,44,149.2,169,29,119,10,50,37580,400.0,12076,49656,1002,10.66,0.036,10.4,0.14,2,3.309,13.41,44층 512㎡(33.6×15.3m) + 38층 396㎡(29.5×13.4m)
타워+저층별동,5 저층별동,44,44,149.2,172,32,119,18,53,37580,400.0,10956,48536,1930,20.55,0.08,13.6,0.18,2,3.585,12.54,44층 786㎡(62.7×12.5m) + 저층부 3층 1000㎡(44.7×22.4m)
타워+저층별동,5 저층별동,50,50,169.0,172,36,119,18,53,37580,400.0,11793,49373,1816,19.33,0.036,11.4,0.13,2,3.583,11.59,50층 672㎡(57.9×11.6m) + 저층부 4층 1000㎡(54.8×18.3m)
타워+저층별동,5 저층별동,44,44,149.2,172,32,119,18,53,37580,400.0,10991,48571,1544,16.43,0.074,27.0,0.36,2,3.579,12.75,44층 813㎡(63.8×12.8m) + 저층부 3층 600㎡(34.6×17.3m)
타워+저층별동,5 저층별동,55,55,185.5,173,36,119,18,54,37580,400.0,12212,49792,1384,14.74,0.034,6.7,0.07,2,3.568,11.5,55층 661㎡(57.5×11.5m) + 저층부 2층 600㎡(34.6×17.3m)
쌍둥이+저층부,4 쌍둥이+저층부,38+38,38,129.4,173,27,119,10,54,37580,400.0,10651,48231,4135,44.01,0.06,6.7,0.1,3,3.441,10.29,38층 317㎡(30.9×10.3m) + 38층 317㎡(30.9×10.3m) + 저층부 4층 4000㎡(89.4×44.7m)
쌍둥이,3 쌍둥이,55+50,55,185.5,173,30,119,10,54,37580,400.0,13158,50738,790,8.41,0.045,10.1,0.11,2,3.238,13.71,55층 410㎡(25.6×16.0m) + 50층 301㎡(21.9×13.7m)
쌍둥이,3 쌍둥이,55+53,55,185.5,173,31,119,10,54,37580,400.0,13343,50923,772,8.22,0.045,10.3,0.11,2,3.238,13.31,55층 410㎡(25.6×16.0m) + 53층 284㎡(21.3×13.3m)
타워+저층별동,5 저층별동,53,53,178.9,174,31,119,12,55,37580,400.0,10411,47991,1800,19.16,0.079,12.4,0.14,2,3.577,14.96,53층 671㎡(44.9×15.0m) + 저층부 2층 1000㎡(44.7×22.4m)
타워+저층별동,5 저층별동,55,55,185.5,174,30,119,12,55,37580,400.0,12421,50001,1350,14.37,0.047,11.8,0.13,2,3.568,11.21,55층 629㎡(56.1×11.2m) + 저층부 5층 600㎡(34.6×17.3m)
타워+저층별동,5 저층별동,44,44,149.2,174,31,119,12,55,37580,400.0,10889,48469,1954,20.8,0.066,5.5,0.07,2,3.539,12.72,44층 809㎡(63.6×12.7m) + 저층부 2층 1000㎡(44.7×22.4m)
타워+저층별동,5 저층별동,50,50,169.0,174,28,119,9,55,37580,400.0,11712,49292,1441,15.34,0.075,4.4,0.05,2,3.515,11.96,50층 716㎡(59.8×12.0m) + 저층부 3층 600㎡(34.6×17.3m)
타워+저층별동,5 저층별동,55,55,185.5,175,30,119,12,56,37580,400.0,12352,49932,1361,14.49,0.046,19.8,0.21,2,3.569,11.31,55층 640㎡(56.6×11.3m) + 저층부 4층 600㎡(34.6×17.3m)
타워+저층별동,5 저층별동,53,53,178.9,175,36,119,18,56,37580,400.0,12054,49634,1422,15.14,0.031,14.5,0.16,2,3.567,11.72,53층 686㎡(58.6×11.7m) + 저층부 2층 600㎡(52.0×11.5m)
타워+저층별동,5 저층별동,47,47,159.1,176,35,119,16,57,37580,400.0,9812,47392,1492,15.88,0.063,17.4,0.22,2,3.58,16.06,47층 774㎡(48.2×16.1m) + 저층부 2층 600㎡(34.6×17.3m)
쌍둥이+저층부,4 쌍둥이+저층부,43+43,43,145.9,179,32,119,10,60,37580,400.0,11160,48740,4129,43.95,0.205,4.9,0.07,3,3.41,12.06,43층 320㎡(26.5×12.1m) + 43층 320㎡(26.5×12.1m) + 저층부 3층 4000㎡(74.8×53.5m)
쌍둥이+저층부,4 쌍둥이+저층부,48+48,48,162.4,183,31,119,12,64,37580,400.0,11812,49392,4129,43.95,0.211,6.8,0.08,3,3.445,11.37,48층 284㎡(25.0×11.4m) + 48층 284㎡(25.0×11.4m) + 저층부 3층 4000㎡(74.8×53.5m)
쌍둥이+저층부,4 쌍둥이+저층부,53+53,53,178.9,187,32,119,12,68,37580,400.0,12983,50563,4135,44.01,0.13,6.7,0.08,3,3.405,11.48,53층 290㎡(25.3×11.5m) + 53층 290㎡(25.3×11.5m) + 저층부 2층 4000㎡(89.4×44.7m)
쌍둥이,3 쌍둥이,41+38,41,139.3,168,29,120,10,48,37580,400.0,11826,49406,1041,11.08,0.036,10.1,0.15,2,3.31,13.41,41층 550㎡(34.8×15.8m) + 38층 396㎡(29.5×13.4m)
타워+저층별동,5 저층별동,50,50,169.0,169,24,120,6,49,37580,400.0,11876,49456,1747,18.6,0.051,5.1,0.06,2,3.509,11.06,50층 612㎡(55.3×11.1m) + 저층부 7층 1000㎡(44.7×22.4m)
쌍둥이,3 쌍둥이,41+38,41,139.3,169,31,120,10,49,37580,400.0,11301,48881,1037,11.03,0.052,4.1,0.06,2,3.318,15.72,41층 550㎡(29.7×18.5m) + 38층 396㎡(25.2×15.7m)
쌍둥이,3 쌍둥이,55+53,55,185.5,169,29,120,10,49,37580,400.0,13394,50974,775,8.25,0.031,10.0,0.11,2,3.266,14.61,55층 342㎡(23.4×14.6m) + 53층 355㎡(23.8×14.9m)
타워+저층별동,5 저층별동,47,47,159.1,170,29,120,10,50,37580,400.0,11357,48937,1489,15.85,0.067,6.6,0.08,2,3.515,12.34,47층 761㎡(61.7×12.3m) + 저층부 3층 600㎡(34.6×17.3m)
쌍둥이,3 쌍둥이,50+50,50,169.0,172,30,120,10,52,37580,400.0,12854,50434,833,8.87,0.037,9.4,0.11,2,3.25,15.33,50층 376㎡(24.5×15.3m) + 50층 376㎡(24.5×15.3m)
타워+저층별동,5 저층별동,44,44,149.2,174,33,120,18,54,37580,400.0,9940,47520,1516,16.14,0.108,12.3,0.16,2,3.596,16.19,44층 786㎡(48.6×16.2m) + 저층부 5층 600㎡(52.0×11.5m)
타워+저층별동,5 저층별동,47,47,159.1,175,33,120,18,55,37580,400.0,10253,47833,1464,15.58,0.107,12.5,0.16,2,3.593,15.66,47층 736㎡(47.0×15.7m) + 저층부 5층 600㎡(52.0×11.5m)
타워+저층별동,5 저층별동,53,53,178.9,175,26,120,12,55,37580,400.0,12338,49918,1351,14.38,0.049,19.8,0.22,2,3.551,11.22,53층 630㎡(56.1×11.2m) + 저층부 7층 600㎡(34.6×17.3m)
타워+저층별동,5 저층별동,47,47,159.1,177,30,120,11,57,37580,400.0,9991,47571,1466,15.6,0.118,8.1,0.1,2,3.545,15.8,47층 749㎡(47.4×15.8m) + 저층부 4층 600㎡(34.6×17.3m)
쌍둥이+저층부,4 쌍둥이+저층부,53+53,53,178.9,177,38,120,18,57,37580,400.0,12452,50032,4135,44.01,0.109,4.7,0.05,3,3.387,13.46,53층 290㎡(21.5×13.5m) + 53층 290㎡(21.5×13.5m) + 저층부 2층 4000㎡(89.4×44.7m)
타워+저층별동,5 저층별동,47,47,159.1,178,30,120,12,58,37580,400.0,10047,47627,1470,15.65,0.076,7.4,0.09,2,3.58,15.8,47층 749㎡(47.4×15.8m) + 저층부 4층 600㎡(42.4×14.1m)
단일,1b 층수·세장비,50,50,169.0,178,36,120,14,58,37580,400.0,8844,46424,809,8.61,0.14,,,1,3.524,22.38,50층 752㎡(33.6×22.4m)
단일,1b 층수·세장비,53,53,178.9,179,30,120,18,59,37580,400.0,9119,46699,764,8.14,0.067,,,1,3.554,21.74,53층 709㎡(32.6×21.7m)
쌍둥이+저층부,4 쌍둥이+저층부,48+48,48,162.4,184,30,120,12,64,37580,400.0,12441,50021,2607,27.75,0.04,5.9,0.07,3,3.381,12.33,48층 334㎡(27.1×12.3m) + 48층 334㎡(27.1×12.3m) + 저층부 3층 2500㎡(70.7×35.4m)
쌍둥이+저층부,4 쌍둥이+저층부,38+38,38,129.4,166,36,121,11,45,37580,400.0,10481,48061,4135,44.01,0.152,5.4,0.08,3,3.415,11.53,38층 439㎡(31.1×14.1m) + 38층 292㎡(25.4×11.5m) + 저층부 3층 4000㎡(89.4×44.7m)
쌍둥이,3 쌍둥이,55+44,55,185.5,171,29,121,10,50,37580,400.0,12773,50353,833,8.87,0.039,9.4,0.1,2,3.266,14.61,55층 410㎡(25.6×16.0m) + 44층 342㎡(23.4×14.6m)
타워+저층별동,5 저층별동,41,41,139.3,172,32,121,16,51,37580,400.0,9512,47092,1569,16.7,0.06,6.9,0.1,2,3.591,16.77,41층 843㎡(50.3×16.8m) + 저층부 5층 600㎡(42.4×14.1m)
쌍둥이+저층부,4 쌍둥이+저층부,38+38,38,129.4,172,34,121,12,51,37580,400.0,9728,47308,4135,44.01,0.283,4.1,0.06,3,3.445,14.08,38층 317㎡(22.5×14.1m) + 38층 317㎡(22.5×14.1m) + 저층부 4층 4000㎡(89.4×44.7m)
쌍둥이,3 쌍둥이,53+44,53,178.9,173,29,121,10,52,37580,400.0,12629,50209,849,9.04,0.039,9.3,0.1,2,3.266,14.61,53층 425㎡(26.1×16.3m) + 44층 342㎡(23.4×14.6m)
쌍둥이,3 쌍둥이,44+41,44,149.2,174,28,121,10,53,37580,400.0,11784,49364,974,10.37,0.025,8.1,0.11,2,3.278,16.34,44층 427㎡(26.1×16.3m) + 41층 458㎡(27.1×16.9m)
쌍둥이,3 쌍둥이,55+47,55,185.5,174,29,121,10,53,37580,400.0,12982,50562,823,8.75,0.063,9.5,0.1,2,3.258,14.61,55층 342㎡(23.4×14.6m) + 47층 400㎡(25.3×15.8m)
쌍둥이,3 쌍둥이,55+50,55,185.5,174,29,121,10,53,37580,400.0,13191,50771,797,8.49,0.062,9.8,0.11,2,3.257,14.61,55층 342㎡(23.4×14.6m) + 50층 376㎡(24.5×15.3m)
타워+저층별동,5 저층별동,55,55,185.5,175,23,121,9,54,37580,400.0,10847,48427,1357,14.44,0.101,15.9,0.17,2,3.546,14.6,55층 640㎡(43.8×14.6m) + 저층부 4층 600㎡(42.4×14.1m)
쌍둥이,3 쌍둥이,55+44,55,185.5,175,30,121,10,54,37580,400.0,12773,50353,833,8.87,0.044,9.7,0.1,2,3.239,14.61,55층 410㎡(25.6×16.0m) + 44층 342㎡(23.4×14.6m)
단일+저층부,2 저층부,50,50,169.0,176,37,121,16,55,37580,400.0,10431,48011,4129,43.95,0.078,inf,inf,2,3.628,10.43,50층 544㎡(52.2×10.4m) + 저층부 3층 4000㎡(74.8×53.5m)
쌍둥이+저층부,4 쌍둥이+저층부,38+38,38,129.4,179,28,121,12,58,37580,400.0,10580,48160,4129,43.95,0.098,9.3,0.14,3,3.548,10.29,38층 317㎡(30.9×10.3m) + 38층 317㎡(30.9×10.3m) + 저층부 4층 4000㎡(74.8×53.5m)
쌍둥이+저층부,4 쌍둥이+저층부,43+43,43,145.9,184,31,121,12,63,37580,400.0,11813,49393,4129,43.95,0.178,10.7,0.15,3,3.48,10.32,43층 320㎡(31.0×10.3m) + 43층 320㎡(31.0×10.3m) + 저층부 3층 4000㎡(74.8×53.5m)
쌍둥이+저층부,4 쌍둥이+저층부,43+43,43,145.9,184,32,121,12,63,37580,400.0,12353,49933,2602,27.7,0.108,7.1,0.1,3,3.41,10.01,43층 451㎡(36.8×12.3m) + 43층 301㎡(30.0×10.0m) + 저층부 3층 2500㎡(59.2×42.3m)
쌍둥이+저층부,4 쌍둥이+저층부,43+43,43,145.9,188,28,121,12,67,37580,400.0,11641,49221,4135,44.01,0.151,5.4,0.07,3,3.479,12.81,43층 361㎡(28.2×12.8m) + 43층 361㎡(28.2×12.8m) + 저층부 2층 4000㎡(89.4×44.7m)
쌍둥이+저층부,4 쌍둥이+저층부,38+38,38,129.4,165,34,122,10,43,37580,400.0,10028,47608,4129,43.95,0.088,12.7,3.18,3,3.478,12.01,38층 317㎡(26.4×12.0m) + 38층 317㎡(26.4×12.0m) + 저층부 4층 4000㎡(74.8×53.5m)
쌍둥이,3 쌍둥이,41+38,41,139.3,173,30,122,10,51,37580,400.0,11826,49406,1041,11.08,0.037,10.4,0.15,2,3.28,13.41,41층 550㎡(34.8×15.8m) + 38층 396㎡(29.5×13.4m)
쌍둥이,3 쌍둥이,53+41,53,178.9,175,29,122,10,53,37580,400.0,12428,50008,876,9.32,0.077,9.0,0.1,2,3.262,15.14,53층 425㎡(26.1×16.3m) + 41층 367㎡(24.2×15.1m)
쌍둥이,3 쌍둥이,50+47,50,169.0,175,29,122,10,53,37580,400.0,12645,50225,859,9.14,0.063,9.2,0.11,2,3.26,15.33,50층 376㎡(24.5×15.3m) + 47층 400㎡(25.3×15.8m)
단일+저층부,2 저층부,47,47,159.1,179,37,122,16,57,37580,400.0,10118,47698,4129,43.95,0.075,inf,inf,2,3.625,10.78,47층 581㎡(53.9×10.8m) + 저층부 3층 4000㎡(74.8×53.5m)
쌍둥이+저층부,4 쌍둥이+저층부,38+38,38,129.4,180,28,122,12,58,37580,400.0,10028,47608,4129,43.95,0.102,5.0,0.08,3,3.54,12.01,38층 317㎡(26.4×12.0m) + 38층 317㎡(26.4×12.0m) + 저층부 4층 4000㎡(74.8×53.5m)
쌍둥이+저층부,4 쌍둥이+저층부,48+48,48,162.4,183,38,122,13,61,37580,400.0,11972,49552,4147,44.14,0.179,5.6,0.07,3,3.415,11.37,48층 284㎡(25.0×11.4m) + 48층 284㎡(25.0×11.4m) + 저층부 3층 4000㎡(109.5×36.5m)
쌍둥이+저층부,4 쌍둥이+저층부,48+48,48,162.4,183,34,122,12,61,37580,400.0,13080,50660,4135,44.01,0.191,7.8,0.1,3,3.408,10.35,48층 322㎡(31.1×10.4m) + 48층 322㎡(31.1×10.4m) + 저층부 2층 4000㎡(89.4×44.7m)
쌍둥이+저층부,4 쌍둥이+저층부,43+43,43,145.9,186,31,122,12,64,37580,400.0,12065,49645,2602,27.7,0.156,8.8,0.12,3,3.474,9.71,43층 424㎡(35.7×11.9m) + 43층 283㎡(29.1×9.7m) + 저층부 4층 2500㎡(59.2×42.3m)
쌍둥이+저층부,4 쌍둥이+저층부,53+53,53,178.9,186,29,122,12,64,37580,400.0,13065,50645,2602,27.7,0.058,6.5,0.07,3,3.429,11.69,53층 301㎡(25.7×11.7m) + 53층 301㎡(25.7×11.7m) + 저층부 3층 2500㎡(59.2×42.3m)
단일,1a 방위·위치,47,47,159.1,192,31,122,12,70,37580,400.0,9631,47211,866,9.22,0.094,,,1,3.513,16.33,47층 800㎡(49.0×16.3m)
쌍둥이,3 쌍둥이,41+38,41,139.3,171,30,123,10,48,37580,400.0,11669,49249,1032,10.99,0.061,10.4,0.15,2,3.29,11.61,41층 642㎡(37.6×17.1m) + 38층 297㎡(25.5×11.6m)
쌍둥이+저층부,4 쌍둥이+저층부,38+38,38,129.4,172,31,123,12,49,37580,400.0,10429,48009,4129,43.95,0.163,5.4,0.08,3,3.458,11.53,38층 439㎡(31.1×14.1m) + 38층 292㎡(25.4×11.5m) + 저층부 3층 4000㎡(74.8×53.5m)
쌍둥이+저층부,4 쌍둥이+저층부,38+38,38,129.4,174,29,123,12,51,37580,400.0,10098,47678,4135,44.01,0.082,5.0,0.08,3,3.507,12.01,38층 317㎡(26.4×12.0m) + 38층 317㎡(26.4×12.0m) + 저층부 4층 4000㎡(89.4×44.7m)
쌍둥이,3 쌍둥이,53+38,53,178.9,175,29,123,10,52,37580,400.0,12136,49716,876,9.33,0.094,9.1,0.1,2,3.275,13.62,53층 496㎡(28.2×17.6m) + 38층 297㎡(21.8×13.6m)
쌍둥이,3 쌍둥이,44+44,44,149.2,177,29,123,10,54,37580,400.0,11949,49529,941,10.01,0.075,8.5,0.11,2,3.268,14.61,44층 512㎡(28.6×17.9m) + 44층 342㎡(23.4×14.6m)
타워+저층별동,5 저층별동,47,47,159.1,178,25,123,9,55,37580,400.0,10201,47781,1779,18.93,0.092,5.9,0.07,2,3.551,14.73,47층 651㎡(44.2×14.7m) + 저층부 7층 1000㎡(44.7×22.4m)
단일,1b 층수·세장비,50,50,169.0,181,30,123,18,58,37580,400.0,9553,47133,813,8.66,0.06,,,1,3.57,17.34,50층 752㎡(43.3×17.3m)
쌍둥이+저층부,4 쌍둥이+저층부,38+38,38,129.4,182,24,123,11,59,37580,400.0,11135,48715,4135,44.01,0.101,8.6,0.13,3,3.494,11.04,38층 365㎡(33.1×11.0m) + 38층 365㎡(33.1×11.0m) + 저층부 3층 4000㎡(89.4×44.7m)
단일,1a 방위·위치,47,47,159.1,183,29,123,18,60,37580,400.0,9631,47211,866,9.22,0.053,,,1,3.572,16.33,47층 800㎡(49.0×16.3m)
단일,1b 층수·세장비,53,53,178.9,183,29,123,18,60,37580,400.0,11062,48642,777,8.27,0.047,,,1,3.555,13.31,53층 709㎡(53.3×13.3m)
단일,1a 방위·위치,47,47,159.1,183,34,123,12,60,37580,400.0,9631,47211,866,9.22,0.073,,,1,3.465,16.33,47층 800㎡(49.0×16.3m)
쌍둥이+저층부,4 쌍둥이+저층부,43+43,43,145.9,183,29,123,12,60,37580,400.0,11606,49186,4129,43.95,0.058,5.4,0.07,3,3.453,12.81,43층 361㎡(28.2×12.8m) + 43층 361㎡(28.2×12.8m) + 저층부 2층 4000㎡(74.8×53.5m)
쌍둥이+저층부,4 쌍둥이+저층부,43+43,43,145.9,185,30,123,11,62,37580,400.0,11213,48793,4135,44.01,0.205,6.1,0.08,3,3.461,12.06,43층 320㎡(26.5×12.1m) + 43층 320㎡(26.5×12.1m) + 저층부 3층 4000㎡(89.4×44.7m)
단일,1b 층수·세장비,53,53,178.9,186,29,123,14,63,37580,400.0,9458,47038,767,8.16,0.12,,,1,3.489,18.83,53층 709㎡(37.7×18.8m)
쌍둥이+저층부,4 쌍둥이+저층부,38+38,38,129.4,187,27,123,12,64,37580,400.0,10580,48160,4129,43.95,0.161,16.7,0.26,3,3.451,10.29,38층 317㎡(30.9×10.3m) + 38층 317㎡(30.9×10.3m) + 저층부 4층 4000㎡(74.8×53.5m)
쌍둥이+저층부,4 쌍둥이+저층부,53+53,53,178.9,188,29,123,12,65,37580,400.0,13740,51320,4129,43.95,0.118,8.4,0.09,3,3.453,9.83,53층 290㎡(29.5×9.8m) + 53층 290㎡(29.5×9.8m) + 저층부 2층 4000㎡(74.8×53.5m)
쌍둥이+저층부,4 쌍둥이+저층부,48+48,48,162.4,189,30,123,12,66,37580,400.0,12293,49873,4129,43.95,0.115,4.9,0.06,3,3.441,12.09,48층 322㎡(26.6×12.1m) + 48층 322㎡(26.6×12.1m) + 저층부 2층 4000㎡(74.8×53.5m)
단일,1a 방위·위치,47,47,159.1,166,31,124,10,42,37580,400.0,9631,47211,866,9.22,0.094,,,1,3.349,16.33,47층 800㎡(49.0×16.3m)
쌍둥이,3 쌍둥이,53+41,53,178.9,175,30,124,10,51,37580,400.0,12428,50008,876,9.32,0.046,9.0,0.1,2,3.251,15.14,53층 425㎡(26.1×16.3m) + 41층 367㎡(24.2×15.1m)
쌍둥이,3 쌍둥이,53+38,53,178.9,176,29,124,10,52,37580,400.0,12183,49763,935,9.96,0.065,8.5,0.09,2,3.268,14.89,53층 355㎡(23.8×14.9m) + 38층 494㎡(28.1×17.6m)
쌍둥이+저층부,4 쌍둥이+저층부,38+38,38,129.4,178,36,124,12,54,37580,400.0,10881,48461,4129,43.95,0.251,4.5,0.07,3,3.415,13.67,38층 411㎡(30.1×13.7m) + 38층 411㎡(30.1×13.7m) + 저층부 2층 4000㎡(74.8×53.5m)
쌍둥이+저층부,4 쌍둥이+저층부,48+48,48,162.4,180,35,124,10,56,37580,400.0,12328,49908,4135,44.01,0.091,8.9,0.11,3,3.4,12.09,48층 322㎡(26.6×12.1m) + 48층 322㎡(26.6×12.1m) + 저층부 2층 4000㎡(89.4×44.7m)
쌍둥이+저층부,4 쌍둥이+저층부,43+43,43,145.9,185,32,124,12,61,37580,400.0,11555,49135,4129,43.95,0.156,4.3,0.06,3,3.412,11.45,43층 433㎡(30.9×14.0m) + 43층 289㎡(25.2×11.5m) + 저층부 2층 4000㎡(74.8×53.5m)
쌍둥이+저층부,4 쌍둥이+저층부,38+38,38,129.4,188,27,124,12,64,37580,400.0,10028,47608,4129,43.95,0.177,15.0,0.23,3,3.448,12.01,38층 317㎡(26.4×12.0m) + 38층 317㎡(26.4×12.0m) + 저층부 4층 4000㎡(74.8×53.5m)
쌍둥이+저층부,4 쌍둥이+저층부,53+53,53,178.9,190,34,124,10,66,37580,400.0,12948,50528,4129,43.95,0.142,5.5,0.06,3,3.365,11.48,53층 290㎡(25.3×11.5m) + 53층 290㎡(25.3×11.5m) + 저층부 2층 4000㎡(74.8×53.5m)
쌍둥이+저층부,4 쌍둥이+저층부,43+43,43,145.9,191,30,124,10,67,37580,400.0,11160,48740,4129,43.95,0.117,8.9,0.12,3,3.447,12.06,43층 320㎡(26.5×12.1m) + 43층 320㎡(26.5×12.1m) + 저층부 3층 4000㎡(74.8×53.5m)
타워+저층별동,5 저층별동,38,38,129.4,171,17,125,5,46,37580,400.0,9396,46976,1605,17.09,0.113,7.4,0.11,2,3.506,17.11,38층 878㎡(51.3×17.1m) + 저층부 7층 600㎡(42.4×14.1m)
쌍둥이,3 쌍둥이,47+47,47,159.1,177,30,125,10,52,37580,400.0,12436,50016,884,9.41,0.037,8.9,0.11,2,3.249,15.81,47층 400㎡(25.3×15.8m) + 47층 400㎡(25.3×15.8m)
쌍둥이+저층부,4 쌍둥이+저층부,43+43,43,145.9,179,36,125,16,54,37580,400.0,11448,49028,2602,27.7,0.078,5.5,0.08,3,3.423,12.68,43층 354㎡(27.9×12.7m) + 43층 354㎡(27.9×12.7m) + 저층부 4층 2500㎡(59.2×42.3m)
쌍둥이+저층부,4 쌍둥이+저층부,48+48,48,162.4,183,38,125,18,58,37580,400.0,11707,49287,2607,27.75,0.107,4.2,0.05,3,3.399,14.0,48층 313㎡(22.4×14.0m) + 48층 313㎡(22.4×14.0m) + 저층부 4층 2500㎡(70.7×35.4m)
쌍둥이+저층부,4 쌍둥이+저층부,38+38,38,129.4,184,30,125,12,59,37580,400.0,10472,48052,4129,43.95,0.105,8.1,0.13,3,3.516,12.89,38층 365㎡(28.4×12.9m) + 38층 365㎡(28.4×12.9m) + 저층부 3층 4000㎡(74.8×53.5m)
쌍둥이+저층부,4 쌍둥이+저층부,53+53,53,178.9,187,33,125,12,62,37580,400.0,12831,50411,2607,27.75,0.207,6.9,0.08,3,3.402,11.31,53층 281㎡(24.9×11.3m) + 53층 281㎡(24.9×11.3m) + 저층부 4층 2500㎡(70.7×35.4m)
쌍둥이+저층부,4 쌍둥이+저층부,48+48,48,162.4,189,34,125,12,64,37580,400.0,12557,50137,4135,44.01,0.135,7.3,0.09,3,3.402,9.73,48층 284㎡(29.2×9.7m) + 48층 284㎡(29.2×9.7m) + 저층부 3층 4000㎡(89.4×44.7m)
쌍둥이+저층부,4 쌍둥이+저층부,38+38,38,129.4,191,23,125,12,66,37580,400.0,11135,48715,4135,44.01,0.095,19.8,0.31,3,3.469,11.04,38층 365㎡(33.1×11.0m) + 38층 365㎡(33.1×11.0m) + 저층부 3층 4000㎡(89.4×44.7m)
쌍둥이+저층부,4 쌍둥이+저층부,53+53,53,178.9,191,30,125,12,66,37580,400.0,12948,50528,4129,43.95,0.134,6.7,0.08,3,3.447,11.48,53층 290㎡(25.3×11.5m) + 53층 290㎡(25.3×11.5m) + 저층부 2층 4000㎡(74.8×53.5m)
쌍둥이+저층부,4 쌍둥이+저층부,43+43,43,145.9,192,31,125,12,67,37580,400.0,11160,48740,4129,43.95,0.216,4.9,0.07,3,3.454,12.06,43층 320㎡(26.5×12.1m) + 43층 320㎡(26.5×12.1m) + 저층부 3층 4000㎡(74.8×53.5m)
쌍둥이+저층부,4 쌍둥이+저층부,43+43,43,145.9,195,22,125,12,70,37580,400.0,11129,48709,4129,43.95,0.065,6.0,0.08,3,3.493,15.02,43층 361㎡(24.0×15.0m) + 43층 361㎡(24.0×15.0m) + 저층부 2층 4000㎡(74.8×53.5m)
쌍둥이+저층부,4 쌍둥이+저층부,43+43,43,145.9,195,31,125,12,70,37580,400.0,12351,49931,4135,44.01,0.149,6.0,0.08,3,3.436,10.97,43층 361㎡(32.9×11.0m) + 43층 361㎡(32.9×11.0m) + 저층부 2층 4000㎡(89.4×44.7m)
쌍둥이+저층부,4 쌍둥이+저층부,38+38,38,129.4,175,32,126,11,49,37580,400.0,10580,48160,4129,43.95,0.125,10.7,0.17,3,3.5,10.29,38층 317㎡(30.9×10.3m) + 38층 317㎡(30.9×10.3m) + 저층부 4층 4000㎡(74.8×53.5m)
타워+저층별동,5 저층별동,50,50,169.0,177,17,126,5,51,37580,400.0,11876,49456,1747,18.6,0.095,7.4,0.09,2,3.494,11.06,50층 612㎡(55.3×11.1m) + 저층부 7층 1000㎡(44.7×22.4m)
타워+저층별동,5 저층별동,53,53,178.9,181,26,126,7,55,37580,400.0,10750,48330,1370,14.58,0.119,4.4,0.05,2,3.497,14.75,53층 652㎡(44.2×14.7m) + 저층부 5층 600㎡(42.4×14.1m)
쌍둥이,3 쌍둥이,47+41,47,159.1,181,30,126,10,55,37580,400.0,11981,49561,933,9.93,0.043,8.8,0.11,2,3.245,15.14,47층 480㎡(27.7×17.3m) + 41층 367㎡(24.2×15.1m)
쌍둥이+저층부,4 쌍둥이+저층부,48+48,48,162.4,184,36,126,11,58,37580,400.0,11508,49088,4147,44.14,0.228,4.9,0.06,3,3.404,13.33,48층 284㎡(21.3×13.3m) + 48층 284㎡(21.3×13.3m) + 저층부 3층 4000㎡(109.5×36.5m)
쌍둥이+저층부,4 쌍둥이+저층부,38+38,38,129.4,188,23,126,12,62,37580,400.0,9728,47308,4135,44.01,0.11,12.9,0.2,3,3.463,14.08,38층 317㎡(22.5×14.1m) + 38층 317㎡(22.5×14.1m) + 저층부 4층 4000㎡(89.4×44.7m)
쌍둥이+저층부,4 쌍둥이+저층부,38+38,38,129.4,188,24,126,12,62,37580,400.0,11495,49075,4129,43.95,0.129,17.8,0.28,3,3.426,10.47,38층 493㎡(38.5×12.8m) + 38층 329㎡(31.4×10.5m) + 저층부 2층 4000㎡(74.8×53.5m)
쌍둥이+저층부,4 쌍둥이+저층부,38+38,38,129.4,191,31,126,12,65,37580,400.0,11547,49127,4129,43.95,0.159,5.3,0.08,3,3.468,11.7,38층 411㎡(35.1×11.7m) + 38층 411㎡(35.1×11.7m) + 저층부 2층 4000㎡(74.8×53.5m)
쌍둥이+저층부,4 쌍둥이+저층부,48+48,48,162.4,194,32,126,12,68,37580,400.0,13080,50660,4135,44.01,0.099,6.6,0.08,3,3.411,10.35,48층 322㎡(31.1×10.4m) + 48층 322㎡(31.1×10.4m) + 저층부 2층 4000㎡(89.4×44.7m)
쌍둥이+저층부,4 쌍둥이+저층부,43+43,43,145.9,195,27,126,12,69,37580,400.0,11813,49393,4129,43.95,0.076,6.7,0.09,3,3.51,10.32,43층 320㎡(31.0×10.3m) + 43층 320㎡(31.0×10.3m) + 저층부 3층 4000㎡(74.8×53.5m)
쌍둥이+저층부,4 쌍둥이+저층부,53+53,53,178.9,195,31,126,12,69,37580,400.0,13740,51320,4129,43.95,0.141,7.2,0.08,3,3.436,9.83,53층 290㎡(29.5×9.8m) + 53층 290㎡(29.5×9.8m) + 저층부 2층 4000㎡(74.8×53.5m)
쌍둥이+저층부,4 쌍둥이+저층부,43+43,43,145.9,195,30,126,12,69,37580,400.0,11400,48980,2602,27.7,0.134,7.0,0.1,3,3.402,11.34,43층 424㎡(30.6×13.9m) + 43층 283㎡(24.9×11.3m) + 저층부 4층 2500㎡(59.2×42.3m)
쌍둥이+저층부,4 쌍둥이+저층부,48+48,48,162.4,196,30,126,12,70,37580,400.0,11397,48977,2602,27.7,0.205,6.1,0.07,3,3.417,13.5,48층 292㎡(21.6×13.5m) + 48층 292㎡(21.6×13.5m) + 저층부 5층 2500㎡(59.2×42.3m)
쌍둥이+저층부,4 쌍둥이+저층부,38+38,38,129.4,176,33,127,12,49,37580,400.0,11495,49075,4129,43.95,0.238,7.9,0.12,3,3.435,10.47,38층 493㎡(38.5×12.8m) + 38층 329㎡(31.4×10.5m) + 저층부 2층 4000㎡(74.8×53.5m)
쌍둥이,3 쌍둥이,47+38,47,159.1,181,29,127,10,54,37580,400.0,11774,49354,963,10.25,0.078,8.2,0.1,2,3.274,15.72,47층 480㎡(27.7×17.3m) + 38층 396㎡(25.2×15.7m)
쌍둥이+저층부,4 쌍둥이+저층부,38+38,38,129.4,182,27,127,12,55,37580,400.0,10580,48160,4129,43.95,0.14,16.7,0.26,3,3.422,10.29,38층 317㎡(30.9×10.3m) + 38층 317㎡(30.9×10.3m) + 저층부 4층 4000㎡(74.8×53.5m)
쌍둥이+저층부,4 쌍둥이+저층부,43+43,43,145.9,183,32,127,12,56,37580,400.0,11160,48740,4129,43.95,0.178,6.1,0.08,3,3.443,12.06,43층 320㎡(26.5×12.1m) + 43층 320㎡(26.5×12.1m) + 저층부 3층 4000㎡(74.8×53.5m)
쌍둥이+저층부,4 쌍둥이+저층부,43+43,43,145.9,183,32,127,12,56,37580,400.0,11160,48740,4129,43.95,0.178,6.1,0.08,3,3.442,12.06,43층 320㎡(26.5×12.1m) + 43층 320㎡(26.5×12.1m) + 저층부 3층 4000㎡(74.8×53.5m)
쌍둥이,3 쌍둥이,53+53,53,178.9,184,29,127,10,57,37580,400.0,15923,53503,805,8.57,0.029,25.2,0.28,2,3.258,9.41,53층 355㎡(37.7×9.4m) + 53층 355㎡(37.7×9.4m)
쌍둥이+저층부,4 쌍둥이+저층부,48+48,48,162.4,186,36,127,11,59,37580,400.0,11865,49445,4135,44.01,0.135,6.0,1.49,3,3.417,11.37,48층 284㎡(25.0×11.4m) + 48층 284㎡(25.0×11.4m) + 저층부 3층 4000㎡(89.4×44.7m)
단일,1a 방위·위치,47,47,159.1,187,30,127,12,60,37580,400.0,9631,47211,866,9.22,0.08,,,1,3.569,16.33,47층 800㎡(49.0×16.3m)
쌍둥이+저층부,4 쌍둥이+저층부,38+38,38,129.4,187,21,127,10,60,37580,400.0,10098,47678,4135,44.01,0.119,5.0,0.08,3,3.483,12.01,38층 317㎡(26.4×12.0m) + 38층 317㎡(26.4×12.0m) + 저층부 4층 4000㎡(89.4×44.7m)
쌍둥이+저층부,4 쌍둥이+저층부,43+43,43,145.9,189,31,127,9,62,37580,400.0,11813,49393,4129,43.95,0.153,6.7,0.09,3,3.431,10.32,43층 320㎡(31.0×10.3m) + 43층 320㎡(31.0×10.3m) + 저층부 3층 4000㎡(74.8×53.5m)
쌍둥이+저층부,4 쌍둥이+저층부,48+48,48,162.4,191,32,127,12,64,37580,400.0,11812,49392,4129,43.95,0.106,5.6,0.07,3,3.437,11.37,48층 284㎡(25.0×11.4m) + 48층 284㎡(25.0×11.4m) + 저층부 3층 4000㎡(74.8×53.5m)
쌍둥이+저층부,4 쌍둥이+저층부,38+38,38,129.4,192,29,127,12,65,37580,400.0,10429,48009,4129,43.95,0.17,16.7,0.26,3,3.434,11.53,38층 439㎡(31.1×14.1m) + 38층 292㎡(25.4×11.5m) + 저층부 3층 4000㎡(74.8×53.5m)
쌍둥이+저층부,4 쌍둥이+저층부,48+48,48,162.4,194,30,127,11,67,37580,400.0,11865,49445,4135,44.01,0.102,8.2,0.1,3,3.416,11.37,48층 284㎡(25.0×11.4m) + 48층 284㎡(25.0×11.4m) + 저층부 3층 4000㎡(89.4×44.7m)
쌍둥이+저층부,4 쌍둥이+저층부,43+43,43,145.9,195,31,127,12,68,37580,400.0,11081,48661,4129,43.95,0.186,4.6,0.06,3,3.436,13.43,43층 433㎡(26.3×16.4m) + 43층 289㎡(21.5×13.4m) + 저층부 2층 4000㎡(74.8×53.5m)
쌍둥이+저층부,4 쌍둥이+저층부,48+48,48,162.4,195,31,127,11,68,37580,400.0,11865,49445,4135,44.01,0.12,5.6,0.07,3,3.42,11.37,48층 284㎡(25.0×11.4m) + 48층 284㎡(25.0×11.4m) + 저층부 3층 4000㎡(89.4×44.7m)
쌍둥이+저층부,4 쌍둥이+저층부,53+53,53,178.9,195,33,127,12,68,37580,400.0,13775,51355,4135,44.01,0.166,7.2,0.08,3,3.396,9.83,53층 290㎡(29.5×9.8m) + 53층 290㎡(29.5×9.8m) + 저층부 2층 4000㎡(89.4×44.7m)
쌍둥이+저층부,4 쌍둥이+저층부,43+43,43,145.9,196,31,127,12,69,37580,400.0,11813,49393,4129,43.95,0.164,6.7,0.09,3,3.473,10.32,43층 320㎡(31.0×10.3m) + 43층 320㎡(31.0×10.3m) + 저층부 3층 4000㎡(74.8×53.5m)
쌍둥이+저층부,4 쌍둥이+저층부,48+48,48,162.4,198,32,127,12,71,37580,400.0,11348,48928,4129,43.95,0.211,6.3,0.08,3,3.421,13.33,48층 284㎡(21.3×13.3m) + 48층 284㎡(21.3×13.3m) + 저층부 3층 4000㎡(74.8×53.5m)
쌍둥이,3 쌍둥이,38+38,38,129.4,174,28,128,10,46,37580,400.0,11052,48632,1082,11.52,0.036,7.2,0.11,2,3.293,15.72,38층 593㎡(30.8×19.3m) + 38층 396㎡(25.2×15.7m)
단일,1a 방위·위치,47,47,159.1,177,27,128,10,49,37580,400.0,9631,47211,866,9.22,0.074,,,1,3.278,16.33,47층 800㎡(49.0×16.3m)
쌍둥이,3 쌍둥이,53+38,53,178.9,179,30,128,10,51,37580,400.0,12221,49801,906,9.65,0.046,8.7,0.1,2,3.255,15.72,53층 425㎡(26.1×16.3m) + 38층 396㎡(25.2×15.7m)
쌍둥이,3 쌍둥이,44+41,44,149.2,180,29,128,10,52,37580,400.0,11784,49364,974,10.37,0.034,8.1,0.11,2,3.258,16.34,44층 427㎡(26.1×16.3m) + 41층 458㎡(27.1×16.9m)
쌍둥이+저층부,4 쌍둥이+저층부,43+43,43,145.9,181,29,128,10,53,37580,400.0,11590,49170,4135,44.01,0.047,14.3,0.2,3,3.373,11.45,43층 433㎡(30.9×14.0m) + 43층 289㎡(25.2×11.5m) + 저층부 2층 4000㎡(89.4×44.7m)
단일,1a 방위·위치,47,47,159.1,188,28,128,14,60,37580,400.0,9631,47211,866,9.22,0.032,,,1,3.582,16.33,47층 800㎡(49.0×16.3m)
단일,1a 방위·위치,47,47,159.1,188,27,128,10,60,37580,400.0,9631,47211,866,9.22,0.03,,,1,3.21,16.33,47층 800㎡(49.0×16.3m)
쌍둥이+저층부,4 쌍둥이+저층부,43+43,43,145.9,189,34,128,12,61,37580,400.0,11160,48740,4129,43.95,0.197,4.9,0.07,3,3.428,12.06,43층 320㎡(26.5×12.1m) + 43층 320㎡(26.5×12.1m) + 저층부 3층 4000㎡(74.8×53.5m)
쌍둥이+저층부,4 쌍둥이+저층부,43+43,43,145.9,192,24,128,12,64,37580,400.0,11448,49028,2602,27.7,0.107,5.5,0.08,3,3.493,12.68,43층 354㎡(27.9×12.7m) + 43층 354㎡(27.9×12.7m) + 저층부 4층 2500㎡(59.2×42.3m)
쌍둥이+저층부,4 쌍둥이+저층부,48+48,48,162.4,194,32,128,10,66,37580,400.0,12328,49908,4135,44.01,0.059,4.9,0.06,3,3.361,12.09,48층 322㎡(26.6×12.1m) + 48층 322㎡(26.6×12.1m) + 저층부 2층 4000㎡(89.4×44.7m)
쌍둥이+저층부,4 쌍둥이+저층부,38+38,38,129.4,195,30,128,12,67,37580,400.0,10021,47601,4129,43.95,0.194,13.1,0.2,3,3.397,13.52,38층 439㎡(26.5×16.6m) + 38층 292㎡(21.6×13.5m) + 저층부 3층 4000㎡(74.8×53.5m)
단일,1a 방위·위치,47,47,159.1,195,23,128,12,67,37580,400.0,9631,47211,866,9.22,0.061,,,1,3.395,16.33,47층 800㎡(49.0×16.3m)
쌍둥이+저층부,4 쌍둥이+저층부,43+43,43,145.9,196,30,128,12,68,37580,400.0,11813,49393,4129,43.95,0.086,10.7,0.15,3,3.511,10.32,43층 320㎡(31.0×10.3m) + 43층 320㎡(31.0×10.3m) + 저층부 3층 4000㎡(74.8×53.5m)
쌍둥이+저층부,4 쌍둥이+저층부,48+48,48,162.4,197,32,128,12,69,37580,400.0,11788,49368,4129,43.95,0.119,5.4,0.07,3,3.381,14.18,48층 322㎡(22.7×14.2m) + 48층 322㎡(22.7×14.2m) + 저층부 2층 4000㎡(74.8×53.5m)
쌍둥이+저층부,4 쌍둥이+저층부,43+43,43,145.9,198,20,128,12,70,37580,400.0,10723,48303,4129,43.95,0.07,12.9,0.18,3,3.453,14.14,43층 320㎡(22.6×14.1m) + 43층 320㎡(22.6×14.1m) + 저층부 3층 4000㎡(74.8×53.5m)
쌍둥이+저층부,4 쌍둥이+저층부,48+48,48,162.4,199,31,128,12,71,37580,400.0,12399,49979,4147,44.14,0.153,4.9,0.06,3,3.429,12.09,48층 322㎡(26.6×12.1m) + 48층 322㎡(26.6×12.1m) + 저층부 2층 4000㎡(109.5×36.5m)
쌍둥이+저층부,4 쌍둥이+저층부,43+43,43,145.9,188,34,129,12,59,37580,400.0,11400,48980,2602,27.7,0.224,5.6,0.08,3,3.397,11.34,43층 424㎡(30.6×13.9m) + 43층 283㎡(24.9×11.3m) + 저층부 4층 2500㎡(59.2×42.3m)
쌍둥이+저층부,4 쌍둥이+저층부,43+43,43,145.9,190,33,129,12,61,37580,400.0,11256,48836,2607,27.75,0.131,5.9,0.08,3,3.372,12.25,43층 330㎡(26.9×12.2m) + 43층 330㎡(26.9×12.2m) + 저층부 5층 2500㎡(70.7×35.4m)
쌍둥이+저층부,4 쌍둥이+저층부,43+43,43,145.9,191,33,129,12,62,37580,400.0,11213,48793,4135,44.01,0.21,4.9,0.07,3,3.431,12.06,43층 320㎡(26.5×12.1m) + 43층 320㎡(26.5×12.1m) + 저층부 3층 4000㎡(89.4×44.7m)
쌍둥이+저층부,4 쌍둥이+저층부,53+53,53,178.9,191,24,129,1,62,37580,400.0,12948,50528,4129,43.95,0.102,15.5,0.17,3,3.309,11.48,53층 290㎡(25.3×11.5m) + 53층 290㎡(25.3×11.5m) + 저층부 2층 4000㎡(74.8×53.5m)
쌍둥이+저층부,4 쌍둥이+저층부,38+38,38,129.4,192,23,129,12,63,37580,400.0,9657,47237,4129,43.95,0.14,12.9,0.2,3,3.467,14.08,38층 317㎡(22.5×14.1m) + 38층 317㎡(22.5×14.1m) + 저층부 4층 4000㎡(74.8×53.5m)
쌍둥이+저층부,4 쌍둥이+저층부,53+53,53,178.9,194,32,129,12,65,37580,400.0,14174,51754,2602,27.7,0.106,6.7,0.07,3,3.388,10.32,53층 319㎡(31.0×10.3m) + 53층 319㎡(31.0×10.3m) + 저층부 2층 2500㎡(59.2×42.3m)
쌍둥이+저층부,4 쌍둥이+저층부,48+48,48,162.4,197,31,129,12,68,37580,400.0,11788,49368,4129,43.95,0.163,5.4,0.07,3,3.43,14.18,48층 322㎡(22.7×14.2m) + 48층 322㎡(22.7×14.2m) + 저층부 2층 4000㎡(74.8×53.5m)
쌍둥이+저층부,4 쌍둥이+저층부,38+38,38,129.4,174,33,130,10,44,37580,400.0,10435,48015,4129,43.95,0.129,5.0,0.08,3,3.41,16.02,38층 411㎡(25.6×16.0m) + 38층 411㎡(25.6×16.0m) + 저층부 2층 4000㎡(74.8×53.5m)
쌍둥이,3 쌍둥이,47+38,47,159.1,185,30,130,10,55,37580,400.0,11658,49238,942,10.03,0.06,8.8,0.11,2,3.26,13.62,47층 560㎡(29.9×18.7m) + 38층 297㎡(21.8×13.6m)
쌍둥이+저층부,4 쌍둥이+저층부,43+43,43,145.9,189,31,130,12,59,37580,400.0,11606,49186,4129,43.95,0.118,6.8,0.09,3,3.439,12.81,43층 361㎡(28.2×12.8m) + 43층 361㎡(28.2×12.8m) + 저층부 2층 4000㎡(74.8×53.5m)
쌍둥이+저층부,4 쌍둥이+저층부,38+38,38,129.4,191,28,130,12,61,37580,400.0,9657,47237,4129,43.95,0.113,5.3,1.33,3,3.521,14.08,38층 317㎡(22.5×14.1m) + 38층 317㎡(22.5×14.1m) + 저층부 4층 4000㎡(74.8×53.5m)
쌍둥이+저층부,4 쌍둥이+저층부,48+48,48,162.4,196,34,130,12,66,37580,400.0,12293,49873,4129,43.95,0.177,4.9,0.06,3,3.39,12.09,48층 322㎡(26.6×12.1m) + 48층 322㎡(26.6×12.1m) + 저층부 2층 4000㎡(74.8×53.5m)
쌍둥이+저층부,4 쌍둥이+저층부,43+43,43,145.9,198,30,130,11,68,37580,400.0,11213,48793,4135,44.01,0.174,4.9,0.07,3,3.441,12.06,43층 320㎡(26.5×12.1m) + 43층 320㎡(26.5×12.1m) + 저층부 3층 4000㎡(89.4×44.7m)
쌍둥이,3 쌍둥이,38+38,38,129.4,177,30,131,10,46,37580,400.0,10885,48465,1080,11.5,0.061,7.5,0.12,2,3.272,13.62,38층 692㎡(33.3×20.8m) + 38층 297㎡(21.8×13.6m)
쌍둥이,3 쌍둥이,38+38,38,129.4,179,29,131,10,48,37580,400.0,11052,48632,1082,11.52,0.078,7.2,0.11,2,3.284,15.72,38층 593㎡(30.8×19.3m) + 38층 396㎡(25.2×15.7m)
쌍둥이+저층부,4 쌍둥이+저층부,38+38,38,129.4,180,33,131,10,49,37580,400.0,11495,49075,4129,43.95,0.144,9.3,0.14,3,3.441,10.47,38층 493㎡(38.5×12.8m) + 38층 329㎡(31.4×10.5m) + 저층부 2층 4000㎡(74.8×53.5m)
쌍둥이+저층부,4 쌍둥이+저층부,43+43,43,145.9,190,34,131,12,59,37580,400.0,11213,48793,4135,44.01,0.186,7.5,0.1,3,3.424,12.06,43층 320㎡(26.5×12.1m) + 43층 320㎡(26.5×12.1m) + 저층부 3층 4000㎡(89.4×44.7m)
쌍둥이+저층부,4 쌍둥이+저층부,38+38,38,129.4,193,30,131,12,62,37580,400.0,9657,47237,4129,43.95,0.123,5.3,1.33,3,3.457,14.08,38층 317㎡(22.5×14.1m) + 38층 317㎡(22.5×14.1m) + 저층부 4층 4000㎡(74.8×53.5m)
쌍둥이+저층부,4 쌍둥이+저층부,43+43,43,145.9,196,33,131,12,65,37580,400.0,11590,49170,4135,44.01,0.216,4.3,0.06,3,3.405,11.45,43층 433㎡(30.9×14.0m) + 43층 289㎡(25.2×11.5m) + 저층부 2층 4000㎡(89.4×44.7m)
쌍둥이+저층부,4 쌍둥이+저층부,48+48,48,162.4,198,31,131,11,67,37580,400.0,11401,48981,4135,44.01,0.158,4.9,0.06,3,3.405,13.33,48층 284㎡(21.3×13.3m) + 48층 284㎡(21.3×13.3m) + 저층부 3층 4000㎡(89.4×44.7m)
쌍둥이+저층부,4 쌍둥이+저층부,38+38,38,129.4,202,27,131,12,71,37580,400.0,10389,47969,4129,43.95,0.164,13.5,0.21,3,3.39,14.33,38층 493㎡(28.1×17.6m) + 38층 329㎡(22.9×14.3m) + 저층부 2층 4000㎡(74.8×53.5m)
쌍둥이+저층부,4 쌍둥이+저층부,43+43,43,145.9,186,33,132,10,54,37580,400.0,11813,49393,4129,43.95,0.181,10.7,0.15,3,3.449,10.32,43층 320㎡(31.0×10.3m) + 43층 320㎡(31.0×10.3m) + 저층부 3층 4000㎡(74.8×53.5m)
쌍둥이,3 쌍둥이,53+50,53,178.9,189,29,132,10,57,37580,400.0,15681,53261,828,8.81,0.028,25.1,0.28,2,3.257,9.41,53층 355㎡(37.7×9.4m) + 50층 376㎡(38.8×9.7m)
쌍둥이+저층부,4 쌍둥이+저층부,38+38,38,129.4,193,28,132,12,61,37580,400.0,10472,48052,4129,43.95,0.089,4.1,0.06,3,3.506,12.89,38층 365㎡(28.4×12.9m) + 38층 365㎡(28.4×12.9m) + 저층부 3층 4000㎡(74.8×53.5m)
쌍둥이+저층부,4 쌍둥이+저층부,53+53,53,178.9,196,30,132,12,64,37580,400.0,13525,51105,2602,27.7,0.043,7.3,0.08,3,3.438,9.69,53층 281㎡(29.1×9.7m) + 53층 281㎡(29.1×9.7m) + 저층부 4층 2500㎡(59.2×42.3m)
쌍둥이+저층부,4 쌍둥이+저층부,48+48,48,162.4,197,32,132,12,65,37580,400.0,11823,49403,4135,44.01,0.188,4.0,0.05,3,3.394,14.18,48층 322㎡(22.7×14.2m) + 48층 322㎡(22.7×14.2m) + 저층부 2층 4000㎡(89.4×44.7m)
쌍둥이+저층부,4 쌍둥이+저층부,48+48,48,162.4,201,31,132,12,69,37580,400.0,12293,49873,4129,43.95,0.194,4.9,0.06,3,3.418,12.09,48층 322㎡(26.6×12.1m) + 48층 322㎡(26.6×12.1m) + 저층부 2층 4000㎡(74.8×53.5m)
쌍둥이+저층부,4 쌍둥이+저층부,43+43,43,145.9,203,31,132,12,71,37580,400.0,12316,49896,4129,43.95,0.154,6.0,0.08,3,3.452,10.97,43층 361㎡(32.9×11.0m) + 43층 361㎡(32.9×11.0m) + 저층부 2층 4000㎡(74.8×53.5m)
쌍둥이+저층부,4 쌍둥이+저층부,48+48,48,162.4,204,31,132,12,72,37580,400.0,12399,49979,2602,27.7,0.187,4.7,0.06,3,3.415,12.33,48층 334㎡(27.1×12.3m) + 48층 334㎡(27.1×12.3m) + 저층부 3층 2500㎡(59.2×42.3m)
쌍둥이+저층부,4 쌍둥이+저층부,38+38,38,129.4,190,36,133,11,57,37580,400.0,10914,48494,2602,27.7,0.104,4.3,0.07,3,3.382,12.5,38층 516㎡(33.7×15.3m) + 38층 344㎡(27.5×12.5m) + 저층부 3층 2500㎡(59.2×42.3m)
쌍둥이+저층부,4 쌍둥이+저층부,53+53,53,178.9,193,34,133,12,60,37580,400.0,12776,50356,2602,27.7,0.201,8.3,0.09,3,3.409,11.31,53층 281㎡(24.9×11.3m) + 53층 281㎡(24.9×11.3m) + 저층부 4층 2500㎡(59.2×42.3m)
쌍둥이+저층부,4 쌍둥이+저층부,48+48,48,162.4,206,30,133,12,73,37580,400.0,11865,49445,4135,44.01,0.152,6.0,1.49,3,3.462,11.37,48층 284㎡(25.0×11.4m) + 48층 284㎡(25.0×11.4m) + 저층부 3층 4000㎡(89.4×44.7m)
쌍둥이,3 쌍둥이,41+41,41,139.3,186,30,134,10,52,37580,400.0,11508,49088,1006,10.71,0.043,8.2,0.12,2,3.249,15.14,41층 550㎡(29.7×18.5m) + 41층 367㎡(24.2×15.1m)
타워+저층별동,5 저층별동,53,53,178.9,195,24,134,8,61,37580,400.0,10943,48523,1346,14.33,0.028,4.0,0.05,2,3.527,14.49,53층 630㎡(43.5×14.5m) + 저층부 7층 600㎡(42.4×14.1m)
쌍둥이+저층부,4 쌍둥이+저층부,43+43,43,145.9,198,30,134,8,64,37580,400.0,11641,49221,4135,44.01,0.057,4.2,0.06,3,3.387,12.81,43층 361㎡(28.2×12.8m) + 43층 361㎡(28.2×12.8m) + 저층부 2층 4000㎡(89.4×44.7m)
쌍둥이+저층부,4 쌍둥이+저층부,48+48,48,162.4,203,31,134,12,69,37580,400.0,11823,49403,4135,44.01,0.185,4.0,0.05,3,3.417,14.18,48층 322㎡(22.7×14.2m) + 48층 322㎡(22.7×14.2m) + 저층부 2층 4000㎡(89.4×44.7m)
쌍둥이+저층부,4 쌍둥이+저층부,43+43,43,145.9,204,32,134,12,70,37580,400.0,11606,49186,4129,43.95,0.176,4.2,0.06,3,3.419,12.81,43층 361㎡(28.2×12.8m) + 43층 361㎡(28.2×12.8m) + 저층부 2층 4000㎡(74.8×53.5m)
쌍둥이+저층부,4 쌍둥이+저층부,48+48,48,162.4,206,31,134,12,72,37580,400.0,13045,50625,4129,43.95,0.147,6.6,0.08,3,3.44,10.35,48층 322㎡(31.1×10.4m) + 48층 322㎡(31.1×10.4m) + 저층부 2층 4000㎡(74.8×53.5m)
쌍둥이+저층부,4 쌍둥이+저층부,48+48,48,162.4,208,31,134,12,74,37580,400.0,11401,48981,4135,44.01,0.146,6.3,0.08,3,3.463,13.33,48층 284㎡(21.3×13.3m) + 48층 284㎡(21.3×13.3m) + 저층부 3층 4000㎡(89.4×44.7m)
단일,1a 방위·위치,47,47,159.1,213,19,134,12,79,37580,400.0,9631,47211,866,9.22,0.023,,,1,3.461,16.33,47층 800㎡(49.0×16.3m)
쌍둥이+저층부,4 쌍둥이+저층부,53+53,53,178.9,200,32,135,12,65,37580,400.0,13740,51320,4129,43.95,0.085,7.2,0.08,3,3.416,9.83,53층 290㎡(29.5×9.8m) + 53층 290㎡(29.5×9.8m) + 저층부 2층 4000㎡(74.8×53.5m)
쌍둥이+저층부,4 쌍둥이+저층부,53+53,53,178.9,201,31,135,12,66,37580,400.0,12948,50528,4129,43.95,0.151,9.5,0.11,3,3.439,11.48,53층 290㎡(25.3×11.5m) + 53층 290㎡(25.3×11.5m) + 저층부 2층 4000㎡(74.8×53.5m)
쌍둥이+저층부,4 쌍둥이+저층부,53+53,53,178.9,201,31,135,12,66,37580,400.0,12948,50528,4129,43.95,0.151,9.5,0.11,3,3.439,11.48,53층 290㎡(25.3×11.5m) + 53층 290㎡(25.3×11.5m) + 저층부 2층 4000㎡(74.8×53.5m)
쌍둥이+저층부,4 쌍둥이+저층부,38+38,38,129.4,203,23,135,12,68,37580,400.0,10916,48496,4135,44.01,0.138,13.3,0.21,3,3.408,13.67,38층 411㎡(30.1×13.7m) + 38층 411㎡(30.1×13.7m) + 저층부 2층 4000㎡(89.4×44.7m)
쌍둥이+저층부,4 쌍둥이+저층부,53+53,53,178.9,203,34,135,12,68,37580,400.0,12983,50563,4135,44.01,0.177,5.5,0.06,3,3.388,11.48,53층 290㎡(25.3×11.5m) + 53층 290㎡(25.3×11.5m) + 저층부 2층 4000㎡(89.4×44.7m)
쌍둥이,3 쌍둥이,55+53,55,185.5,194,29,136,10,58,37580,400.0,14929,52509,784,8.35,0.033,23.9,0.26,2,3.262,10.67,55층 342㎡(32.0×10.7m) + 53층 355㎡(32.6×10.9m)
단일,1a 방위·위치,47,47,159.1,194,27,136,10,58,37580,400.0,9631,47211,866,9.22,0.057,,,1,3.22,16.33,47층 800㎡(49.0×16.3m)
쌍둥이+저층부,4 쌍둥이+저층부,38+38,38,129.4,210,25,136,10,74,37580,400.0,9728,47308,4135,44.01,0.075,12.9,0.2,3,3.401,14.08,38층 317㎡(22.5×14.1m) + 38층 317㎡(22.5×14.1m) + 저층부 4층 4000㎡(89.4×44.7m)
단일,1a 방위·위치,47,47,159.1,212,21,136,12,76,37580,400.0,9631,47211,866,9.22,0.074,,,1,3.489,16.33,47층 800㎡(49.0×16.3m)
단일,1a 방위·위치,47,47,159.1,192,35,137,10,55,37580,400.0,9631,47211,866,9.22,0.109,,,1,3.361,16.33,47층 800㎡(49.0×16.3m)
쌍둥이+저층부,4 쌍둥이+저층부,38+38,38,129.4,194,26,137,12,57,37580,400.0,9657,47237,4129,43.95,0.098,12.6,0.2,3,3.433,14.08,38층 317㎡(22.5×14.1m) + 38층 317㎡(22.5×14.1m) + 저층부 4층 4000㎡(74.8×53.5m)
쌍둥이+저층부,4 쌍둥이+저층부,48+48,48,162.4,195,32,137,10,58,37580,400.0,11865,49445,4135,44.01,0.084,19.5,0.24,3,3.42,11.37,48층 284㎡(25.0×11.4m) + 48층 284㎡(25.0×11.4m) + 저층부 3층 4000㎡(89.4×44.7m)
쌍둥이+저층부,4 쌍둥이+저층부,48+48,48,162.4,200,34,137,12,63,37580,400.0,12328,49908,4135,44.01,0.167,7.5,0.09,3,3.395,12.09,48층 322㎡(26.6×12.1m) + 48층 322㎡(26.6×12.1m) + 저층부 2층 4000㎡(89.4×44.7m)
쌍둥이+저층부,4 쌍둥이+저층부,48+48,48,162.4,202,24,137,14,65,37580,400.0,13080,50660,4135,44.01,0.082,7.8,0.1,3,3.491,10.35,48층 322㎡(31.1×10.4m) + 48층 322㎡(31.1×10.4m) + 저층부 2층 4000㎡(89.4×44.7m)
단일,1a 방위·위치,47,47,159.1,203,23,137,12,66,37580,400.0,9631,47211,866,9.22,0.082,,,1,3.547,16.33,47층 800㎡(49.0×16.3m)
쌍둥이+저층부,4 쌍둥이+저층부,48+48,48,162.4,203,20,137,3,66,37580,400.0,11348,48928,4129,43.95,0.088,13.7,0.17,3,3.344,13.33,48층 284㎡(21.3×13.3m) + 48층 284㎡(21.3×13.3m) + 저층부 3층 4000㎡(74.8×53.5m)
쌍둥이+저층부,4 쌍둥이+저층부,43+43,43,145.9,207,25,137,12,70,37580,400.0,11160,48740,4129,43.95,0.118,17.4,0.24,3,3.437,12.06,43층 320㎡(26.5×12.1m) + 43층 320㎡(26.5×12.1m) + 저층부 3층 4000㎡(74.8×53.5m)
쌍둥이+저층부,4 쌍둥이+저층부,53+53,53,178.9,210,26,137,12,73,37580,400.0,12417,49997,4129,43.95,0.058,4.7,0.05,3,3.459,13.46,53층 290㎡(21.5×13.5m) + 53층 290㎡(21.5×13.5m) + 저층부 2층 4000㎡(74.8×53.5m)
쌍둥이+저층부,4 쌍둥이+저층부,43+43,43,145.9,193,37,138,14,55,37580,400.0,11165,48745,4135,44.01,0.175,4.6,0.06,3,3.397,15.02,43층 361㎡(24.0×15.0m) + 43층 361㎡(24.0×15.0m) + 저층부 2층 4000㎡(89.4×44.7m)
단일,1a 방위·위치,47,47,159.1,193,29,138,10,55,37580,400.0,9631,47211,866,9.22,0.056,,,1,3.274,16.33,47층 800㎡(49.0×16.3m)
쌍둥이+저층부,4 쌍둥이+저층부,53+53,53,178.9,196,31,138,10,58,37580,400.0,13775,51355,4135,44.01,0.073,21.1,0.24,3,3.399,9.83,53층 290㎡(29.5×9.8m) + 53층 290㎡(29.5×9.8m) + 저층부 2층 4000㎡(89.4×44.7m)
쌍둥이+저층부,4 쌍둥이+저층부,53+53,53,178.9,208,32,138,12,70,37580,400.0,13775,51355,4135,44.01,0.095,7.2,0.08,3,3.426,9.83,53층 290㎡(29.5×9.8m) + 53층 290㎡(29.5×9.8m) + 저층부 2층 4000㎡(89.4×44.7m)
쌍둥이+저층부,4 쌍둥이+저층부,48+48,48,162.4,208,30,138,11,70,37580,400.0,11865,49445,4135,44.01,0.085,5.6,0.07,3,3.404,11.37,48층 284㎡(25.0×11.4m) + 48층 284㎡(25.0×11.4m) + 저층부 3층 4000㎡(89.4×44.7m)
쌍둥이+저층부,4 쌍둥이+저층부,48+48,48,162.4,209,31,138,12,71,37580,400.0,11812,49392,4129,43.95,0.168,6.0,1.49,3,3.45,11.37,48층 284㎡(25.0×11.4m) + 48층 284㎡(25.0×11.4m) + 저층부 3층 4000㎡(74.8×53.5m)
쌍둥이+저층부,4 쌍둥이+저층부,43+43,43,145.9,196,32,139,10,57,37580,400.0,11606,49186,4129,43.95,0.183,8.2,0.11,3,3.422,12.81,43층 361㎡(28.2×12.8m) + 43층 361㎡(28.2×12.8m) + 저층부 2층 4000㎡(74.8×53.5m)
쌍둥이+저층부,4 쌍둥이+저층부,43+43,43,145.9,198,31,139,12,59,37580,400.0,11555,49135,4129,43.95,0.098,6.8,0.09,3,3.443,11.45,43층 433㎡(30.9×14.0m) + 43층 289㎡(25.2×11.5m) + 저층부 2층 4000㎡(74.8×53.5m)
쌍둥이+저층부,4 쌍둥이+저층부,43+43,43,145.9,198,33,139,12,59,37580,400.0,11649,49229,2602,27.7,0.196,6.6,0.09,3,3.404,11.69,43층 451㎡(31.5×14.3m) + 43층 301㎡(25.7×11.7m) + 저층부 3층 2500㎡(59.2×42.3m)
단일,1a 방위·위치,47,47,159.1,198,32,139,6,59,37580,400.0,9631,47211,866,9.22,0.067,,,1,3.349,16.33,47층 800㎡(49.0×16.3m)
쌍둥이+저층부,4 쌍둥이+저층부,53+53,53,178.9,198,26,139,6,59,37580,400.0,13740,51320,4129,43.95,0.068,16.9,0.19,3,3.346,9.83,53층 290㎡(29.5×9.8m) + 53층 290㎡(29.5×9.8m) + 저층부 2층 4000㎡(74.8×53.5m)
쌍둥이+저층부,4 쌍둥이+저층부,38+38,38,129.4,205,24,139,12,66,37580,400.0,9657,47237,4129,43.95,0.14,13.7,3.42,3,3.466,14.08,38층 317㎡(22.5×14.1m) + 38층 317㎡(22.5×14.1m) + 저층부 4층 4000㎡(74.8×53.5m)
쌍둥이+저층부,4 쌍둥이+저층부,53+53,53,178.9,206,33,139,12,67,37580,400.0,12417,49997,4129,43.95,0.103,6.5,1.63,3,3.389,13.46,53층 290㎡(21.5×13.5m) + 53층 290㎡(21.5×13.5m) + 저층부 2층 4000㎡(74.8×53.5m)
쌍둥이+저층부,4 쌍둥이+저층부,53+53,53,178.9,209,31,139,12,70,37580,400.0,12452,50032,4135,44.01,0.073,4.7,0.05,3,3.423,13.46,53층 290㎡(21.5×13.5m) + 53층 290㎡(21.5×13.5m) + 저층부 2층 4000㎡(89.4×44.7m)
쌍둥이+저층부,4 쌍둥이+저층부,38+38,38,129.4,203,27,140,12,63,37580,400.0,10070,47650,2607,27.75,0.174,17.4,0.27,3,3.457,12.13,38층 324㎡(26.7×12.1m) + 38층 324㎡(26.7×12.1m) + 저층부 7층 2500㎡(70.7×35.4m)
쌍둥이+저층부,4 쌍둥이+저층부,53+53,53,178.9,208,32,140,12,68,37580,400.0,12576,50156,2607,27.75,0.107,5.9,0.07,3,3.373,13.71,53층 301㎡(21.9×13.7m) + 53층 301㎡(21.9×13.7m) + 저층부 3층 2500㎡(70.7×35.4m)
쌍둥이+저층부,4 쌍둥이+저층부,48+48,48,162.4,211,30,140,12,71,37580,400.0,11812,49392,4129,43.95,0.148,5.6,0.07,3,3.467,11.37,48층 284㎡(25.0×11.4m) + 48층 284㎡(25.0×11.4m) + 저층부 3층 4000㎡(74.8×53.5m)
쌍둥이+저층부,4 쌍둥이+저층부,43+43,43,145.9,196,21,141,1,55,37580,400.0,11813,49393,4129,43.95,0.172,17.8,0.24,3,3.383,10.32,43층 320㎡(31.0×10.3m) + 43층 320㎡(31.0×10.3m) + 저층부 3층 4000㎡(74.8×53.5m)
쌍둥이+저층부,4 쌍둥이+저층부,48+48,48,162.4,205,21,141,4,64,37580,400.0,12504,50084,4129,43.95,0.068,17.3,0.21,3,3.407,9.73,48층 284㎡(29.2×9.7m) + 48층 284㎡(29.2×9.7m) + 저층부 3층 4000㎡(74.8×53.5m)
쌍둥이+저층부,4 쌍둥이+저층부,38+38,38,129.4,208,21,141,10,67,37580,400.0,10651,48231,4135,44.01,0.082,16.7,0.26,3,3.44,10.29,38층 317㎡(30.9×10.3m) + 38층 317㎡(30.9×10.3m) + 저층부 4층 4000㎡(89.4×44.7m)
쌍둥이+저층부,4 쌍둥이+저층부,48+48,48,162.4,210,31,141,12,69,37580,400.0,12328,49908,4135,44.01,0.109,4.9,0.06,3,3.425,12.09,48층 322㎡(26.6×12.1m) + 48층 322㎡(26.6×12.1m) + 저층부 2층 4000㎡(89.4×44.7m)
쌍둥이+저층부,4 쌍둥이+저층부,48+48,48,162.4,210,22,141,0,69,37580,400.0,13080,50660,4135,44.01,0.086,16.6,0.21,3,3.367,10.35,48층 322㎡(31.1×10.4m) + 48층 322㎡(31.1×10.4m) + 저층부 2층 4000㎡(89.4×44.7m)
쌍둥이+저층부,4 쌍둥이+저층부,48+48,48,162.4,214,18,141,12,73,37580,400.0,11812,49392,4129,43.95,0.045,15.6,0.19,3,3.468,11.37,48층 284㎡(25.0×11.4m) + 48층 284㎡(25.0×11.4m) + 저층부 3층 4000㎡(74.8×53.5m)
쌍둥이+저층부,4 쌍둥이+저층부,48+48,48,162.4,215,31,141,12,74,37580,400.0,11348,48928,4129,43.95,0.176,6.8,1.69,3,3.44,13.33,48층 284㎡(21.3×13.3m) + 48층 284㎡(21.3×13.3m) + 저층부 3층 4000㎡(74.8×53.5m)
쌍둥이+저층부,4 쌍둥이+저층부,38+38,38,129.4,187,29,142,10,45,37580,400.0,10098,47678,4135,44.01,0.07,18.9,0.29,3,3.48,12.01,38층 317㎡(26.4×12.0m) + 38층 317㎡(26.4×12.0m) + 저층부 4층 4000㎡(89.4×44.7m)
쌍둥이+저층부,4 쌍둥이+저층부,38+38,38,129.4,192,23,142,6,50,37580,400.0,10028,47608,4129,43.95,0.107,16.1,0.25,3,3.433,12.01,38층 317㎡(26.4×12.0m) + 38층 317㎡(26.4×12.0m) + 저층부 4층 4000㎡(74.8×53.5m)
쌍둥이,3 쌍둥이,53+53,53,178.9,200,29,142,10,58,37580,400.0,14782,52362,798,8.49,0.033,23.8,0.27,2,3.26,10.87,53층 355㎡(32.6×10.9m) + 53층 355㎡(32.6×10.9m)
쌍둥이,3 쌍둥이,53+50,53,178.9,200,29,142,10,58,37580,400.0,14556,52136,821,8.73,0.032,23.6,0.26,2,3.259,10.87,53층 355㎡(32.6×10.9m) + 50층 376㎡(33.6×11.2m)
쌍둥이+저층부,4 쌍둥이+저층부,43+43,43,145.9,209,25,142,12,67,37580,400.0,11400,48980,2602,27.7,0.136,4.4,0.06,3,3.472,11.34,43층 424㎡(30.6×13.9m) + 43층 283㎡(24.9×11.3m) + 저층부 4층 2500㎡(59.2×42.3m)
쌍둥이+저층부,4 쌍둥이+저층부,53+53,53,178.9,210,32,142,10,68,37580,400.0,12452,50032,4135,44.01,0.068,6.5,1.63,3,3.364,13.46,53층 290㎡(21.5×13.5m) + 53층 290㎡(21.5×13.5m) + 저층부 2층 4000㎡(89.4×44.7m)
쌍둥이+저층부,4 쌍둥이+저층부,53+53,53,178.9,211,23,142,12,69,37580,400.0,12948,50528,4129,43.95,0.06,9.5,0.11,3,3.493,11.48,53층 290㎡(25.3×11.5m) + 53층 290㎡(25.3×11.5m) + 저층부 2층 4000㎡(74.8×53.5m)
쌍둥이+저층부,4 쌍둥이+저층부,43+43,43,145.9,213,26,142,12,71,37580,400.0,11555,49135,4129,43.95,0.125,4.3,0.06,3,3.457,11.45,43층 433㎡(30.9×14.0m) + 43층 289㎡(25.2×11.5m) + 저층부 2층 4000㎡(74.8×53.5m)
쌍둥이+저층부,4 쌍둥이+저층부,43+43,43,145.9,214,30,142,12,72,37580,400.0,12261,49841,4129,43.95,0.169,17.2,0.24,3,3.39,9.81,43층 433㎡(36.0×12.0m) + 43층 289㎡(29.4×9.8m) + 저층부 2층 4000㎡(74.8×53.5m)
쌍둥이+저층부,4 쌍둥이+저층부,48+48,48,162.4,215,27,142,12,73,37580,400.0,12399,49979,2602,27.7,0.141,4.7,0.06,3,3.447,12.33,48층 334㎡(27.1×12.3m) + 48층 334㎡(27.1×12.3m) + 저층부 3층 2500㎡(59.2×42.3m)
쌍둥이+저층부,4 쌍둥이+저층부,43+43,43,145.9,216,24,142,12,74,37580,400.0,11813,49393,4129,43.95,0.114,16.7,0.23,3,3.45,10.32,43층 320㎡(31.0×10.3m) + 43층 320㎡(31.0×10.3m) + 저층부 3층 4000㎡(74.8×53.5m)
단일,1a 방위·위치,47,47,159.1,223,21,142,12,81,37580,400.0,9631,47211,866,9.22,0.053,,,1,3.435,16.33,47층 800㎡(49.0×16.3m)
쌍둥이+저층부,4 쌍둥이+저층부,48+48,48,162.4,198,29,143,10,55,37580,400.0,11788,49368,4129,43.95,0.097,12.8,0.16,3,3.294,14.18,48층 322㎡(22.7×14.2m) + 48층 322㎡(22.7×14.2m) + 저층부 2층 4000㎡(74.8×53.5m)
쌍둥이+저층부,4 쌍둥이+저층부,38+38,38,129.4,200,21,143,0,57,37580,400.0,11582,49162,4135,44.01,0.151,15.3,0.24,3,3.359,11.7,38층 411㎡(35.1×11.7m) + 38층 411㎡(35.1×11.7m) + 저층부 2층 4000㎡(89.4×44.7m)
쌍둥이+저층부,4 쌍둥이+저층부,38+38,38,129.4,201,26,143,10,58,37580,400.0,10651,48231,4135,44.01,0.146,19.2,0.3,3,3.396,10.29,38층 317㎡(30.9×10.3m) + 38층 317㎡(30.9×10.3m) + 저층부 4층 4000㎡(89.4×44.7m)
쌍둥이,3 쌍둥이,53+44,53,178.9,201,29,143,10,58,37580,400.0,14086,51666,875,9.31,0.03,23.2,0.26,2,3.257,10.87,53층 355㎡(32.6×10.9m) + 44층 427㎡(35.8×11.9m)
단일,1a 방위·위치,47,47,159.1,202,30,143,5,59,37580,400.0,9631,47211,866,9.22,0.102,,,1,3.373,16.33,47층 800㎡(49.0×16.3m)
쌍둥이+저층부,4 쌍둥이+저층부,48+48,48,162.4,203,36,143,14,60,37580,400.0,11823,49403,4135,44.01,0.069,6.9,1.73,3,3.411,14.18,48층 322㎡(22.7×14.2m) + 48층 322㎡(22.7×14.2m) + 저층부 2층 4000㎡(89.4×44.7m)
쌍둥이+저층부,4 쌍둥이+저층부,48+48,48,162.4,213,26,143,12,70,37580,400.0,13388,50968,2602,27.7,0.108,6.2,0.08,3,3.454,9.72,48층 425㎡(35.7×11.9m) + 48층 283㎡(29.2×9.7m) + 저층부 2층 2500㎡(59.2×42.3m)
쌍둥이+저층부,4 쌍둥이+저층부,43+43,43,145.9,219,21,143,12,76,37580,400.0,10723,48303,4129,43.95,0.07,19.3,4.82,3,3.448,14.14,43층 320㎡(22.6×14.1m) + 43층 320㎡(22.6×14.1m) + 저층부 3층 4000㎡(74.8×53.5m)
쌍둥이+저층부,4 쌍둥이+저층부,53+53,53,178.9,204,33,144,10,60,37580,400.0,12329,49909,2607,27.75,0.081,13.7,0.15,3,3.323,13.26,53층 281㎡(21.2×13.3m) + 53층 281㎡(21.2×13.3m) + 저층부 4층 2500㎡(70.7×35.4m)
쌍둥이+저층부,4 쌍둥이+저층부,48+48,48,162.4,208,32,144,10,64,37580,400.0,11788,49368,4129,43.95,0.17,6.9,1.73,3,3.388,14.18,48층 322㎡(22.7×14.2m) + 48층 322㎡(22.7×14.2m) + 저층부 2층 4000㎡(74.8×53.5m)
쌍둥이+저층부,4 쌍둥이+저층부,48+48,48,162.4,209,25,144,12,65,37580,400.0,12504,50084,4129,43.95,0.109,8.5,0.1,3,3.499,9.73,48층 284㎡(29.2×9.7m) + 48층 284㎡(29.2×9.7m) + 저층부 3층 4000㎡(74.8×53.5m)
쌍둥이+저층부,4 쌍둥이+저층부,48+48,48,162.4,212,26,144,12,68,37580,400.0,11823,49403,4135,44.01,0.129,4.0,0.05,3,3.443,14.18,48층 322㎡(22.7×14.2m) + 48층 322㎡(22.7×14.2m) + 저층부 2층 4000㎡(89.4×44.7m)
쌍둥이+저층부,4 쌍둥이+저층부,53+53,53,178.9,213,20,144,0,69,37580,400.0,12329,49909,2607,27.75,0.093,13.7,0.15,3,3.304,13.26,53층 281㎡(21.2×13.3m) + 53층 281㎡(21.2×13.3m) + 저층부 4층 2500㎡(70.7×35.4m)
쌍둥이+저층부,4 쌍둥이+저층부,43+43,43,145.9,215,28,144,12,71,37580,400.0,11865,49445,4135,44.01,0.147,16.7,0.23,3,3.441,10.32,43층 320㎡(31.0×10.3m) + 43층 320㎡(31.0×10.3m) + 저층부 3층 4000㎡(89.4×44.7m)
쌍둥이+저층부,4 쌍둥이+저층부,53+53,53,178.9,221,31,144,12,77,37580,400.0,12452,50032,4135,44.01,0.139,6.5,1.63,3,3.416,13.46,53층 290㎡(21.5×13.5m) + 53층 290㎡(21.5×13.5m) + 저층부 2층 4000㎡(89.4×44.7m)
단일,1a 방위·위치,47,47,159.1,222,31,144,12,78,37580,400.0,9631,47211,866,9.22,0.12,,,1,3.417,16.33,47층 800㎡(49.0×16.3m)
쌍둥이+저층부,4 쌍둥이+저층부,38+38,38,129.4,200,19,145,1,55,37580,400.0,10481,48061,4135,44.01,0.172,14.2,0.22,3,3.399,11.53,38층 439㎡(31.1×14.1m) + 38층 292㎡(25.4×11.5m) + 저층부 3층 4000㎡(89.4×44.7m)
쌍둥이+저층부,4 쌍둥이+저층부,48+48,48,162.4,211,33,145,12,66,37580,400.0,12328,49908,4135,44.01,0.131,8.9,0.11,3,3.438,12.09,48층 322㎡(26.6×12.1m) + 48층 322㎡(26.6×12.1m) + 저층부 2층 4000㎡(89.4×44.7m)
단일,1a 방위·위치,47,47,159.1,211,29,145,11,66,37580,400.0,9631,47211,866,9.22,0.277,,,1,3.354,16.33,47층 800㎡(49.0×16.3m)
쌍둥이+저층부,4 쌍둥이+저층부,43+43,43,145.9,214,29,145,12,69,37580,400.0,10723,48303,4129,43.95,0.147,12.9,0.18,3,3.36,14.14,43층 320㎡(22.6×14.1m) + 43층 320㎡(22.6×14.1m) + 저층부 3층 4000㎡(74.8×53.5m)
쌍둥이+저층부,4 쌍둥이+저층부,43+43,43,145.9,216,28,145,12,71,37580,400.0,11256,48836,2607,27.75,0.153,17.2,0.24,3,3.424,12.25,43층 330㎡(26.9×12.2m) + 43층 330㎡(26.9×12.2m) + 저층부 5층 2500㎡(70.7×35.4m)
쌍둥이+저층부,4 쌍둥이+저층부,43+43,43,145.9,216,30,145,12,71,37580,400.0,11160,48740,4129,43.95,0.167,16.0,0.22,3,3.405,12.06,43층 320㎡(26.5×12.1m) + 43층 320㎡(26.5×12.1m) + 저층부 3층 4000㎡(74.8×53.5m)
쌍둥이+저층부,4 쌍둥이+저층부,48+48,48,162.4,221,31,145,12,76,37580,400.0,11788,49368,4129,43.95,0.168,5.2,1.29,3,3.409,14.18,48층 322㎡(22.7×14.2m) + 48층 322㎡(22.7×14.2m) + 저층부 2층 4000㎡(74.8×53.5m)
쌍둥이+저층부,4 쌍둥이+저층부,43+43,43,145.9,222,24,145,12,77,37580,400.0,11555,49135,4129,43.95,0.126,14.3,0.2,3,3.408,11.45,43층 433㎡(30.9×14.0m) + 43층 289㎡(25.2×11.5m) + 저층부 2층 4000㎡(74.8×53.5m)
쌍둥이+저층부,4 쌍둥이+저층부,38+38,38,129.4,192,30,146,10,46,37580,400.0,10116,47696,4135,44.01,0.125,11.9,0.18,3,3.395,15.11,38층 365㎡(24.2×15.1m) + 38층 365㎡(24.2×15.1m) + 저층부 3층 4000㎡(89.4×44.7m)
쌍둥이+저층부,4 쌍둥이+저층부,38+38,38,129.4,199,20,146,1,53,37580,400.0,10429,48009,4129,43.95,0.202,16.7,0.26,3,3.406,11.53,38층 439㎡(31.1×14.1m) + 38층 292㎡(25.4×11.5m) + 저층부 3층 4000㎡(74.8×53.5m)
쌍둥이+저층부,4 쌍둥이+저층부,43+43,43,145.9,206,18,146,2,60,37580,400.0,10723,48303,4129,43.95,0.089,12.9,0.18,3,3.364,14.14,43층 320㎡(22.6×14.1m) + 43층 320㎡(22.6×14.1m) + 저층부 3층 4000㎡(74.8×53.5m)
쌍둥이+저층부,4 쌍둥이+저층부,43+43,43,145.9,206,26,146,2,60,37580,400.0,12261,49841,4129,43.95,0.104,16.1,0.22,3,3.344,9.81,43층 433㎡(36.0×12.0m) + 43층 289㎡(29.4×9.8m) + 저층부 2층 4000㎡(74.8×53.5m)
단일,1a 방위·위치,47,47,159.1,219,21,146,12,73,37580,400.0,9631,47211,866,9.22,0.131,,,1,3.495,16.33,47층 800㎡(49.0×16.3m)
단일,1a 방위·위치,47,47,159.1,193,31,147,10,46,37580,400.0,9631,47211,866,9.22,0.033,,,1,3.198,16.33,47층 800㎡(49.0×16.3m)
단일,1a 방위·위치,47,47,159.1,202,35,147,10,55,37580,400.0,9631,47211,866,9.22,0.145,,,1,3.219,16.33,47층 800㎡(49.0×16.3m)
쌍둥이+저층부,4 쌍둥이+저층부,43+43,43,145.9,208,25,147,6,61,37580,400.0,11555,49135,4129,43.95,0.104,14.0,0.19,3,3.354,11.45,43층 433㎡(30.9×14.0m) + 43층 289㎡(25.2×11.5m) + 저층부 2층 4000㎡(74.8×53.5m)
쌍둥이+저층부,4 쌍둥이+저층부,53+53,53,178.9,217,26,147,12,70,37580,400.0,12948,50528,4129,43.95,0.065,15.2,0.17,3,3.375,11.48,53층 290㎡(25.3×11.5m) + 53층 290㎡(25.3×11.5m) + 저층부 2층 4000㎡(74.8×53.5m)
쌍둥이+저층부,4 쌍둥이+저층부,43+43,43,145.9,219,24,147,12,72,37580,400.0,11213,48793,4135,44.01,0.144,14.9,0.2,3,3.429,12.06,43층 320㎡(26.5×12.1m) + 43층 320㎡(26.5×12.1m) + 저층부 3층 4000㎡(89.4×44.7m)
쌍둥이+저층부,4 쌍둥이+저층부,43+43,43,145.9,220,28,147,12,73,37580,400.0,11606,49186,4129,43.95,0.161,15.3,0.21,3,3.386,12.81,43층 361㎡(28.2×12.8m) + 43층 361㎡(28.2×12.8m) + 저층부 2층 4000㎡(74.8×53.5m)
쌍둥이+저층부,4 쌍둥이+저층부,48+48,48,162.4,221,23,147,12,74,37580,400.0,13045,50625,4129,43.95,0.102,16.6,0.21,3,3.42,10.35,48층 322㎡(31.1×10.4m) + 48층 322㎡(31.1×10.4m) + 저층부 2층 4000㎡(74.8×53.5m)
단일,1a 방위·위치,47,47,159.1,223,31,147,12,76,37580,400.0,9631,47211,866,9.22,0.088,,,1,3.403,16.33,47층 800㎡(49.0×16.3m)
쌍둥이+저층부,4 쌍둥이+저층부,43+43,43,145.9,225,25,147,12,78,37580,400.0,11129,48709,4129,43.95,0.113,15.9,0.22,3,3.402,15.02,43층 361㎡(24.0×15.0m) + 43층 361㎡(24.0×15.0m) + 저층부 2층 4000㎡(74.8×53.5m)
쌍둥이+저층부,4 쌍둥이+저층부,43+43,43,145.9,209,19,148,0,61,37580,400.0,11160,48740,4129,43.95,0.167,14.9,0.2,3,3.388,12.06,43층 320㎡(26.5×12.1m) + 43층 320㎡(26.5×12.1m) + 저층부 3층 4000㎡(74.8×53.5m)
쌍둥이+저층부,4 쌍둥이+저층부,38+38,38,129.4,211,29,148,12,63,37580,400.0,10525,48105,4135,44.01,0.169,18.0,0.28,3,3.448,12.89,38층 365㎡(28.4×12.9m) + 38층 365㎡(28.4×12.9m) + 저층부 3층 4000㎡(89.4×44.7m)
쌍둥이+저층부,4 쌍둥이+저층부,53+53,53,178.9,215,21,148,4,67,37580,400.0,13740,51320,4129,43.95,0.06,17.2,0.19,3,3.375,9.83,53층 290㎡(29.5×9.8m) + 53층 290㎡(29.5×9.8m) + 저층부 2층 4000㎡(74.8×53.5m)
쌍둥이+저층부,4 쌍둥이+저층부,48+48,48,162.4,216,23,148,12,68,37580,400.0,11823,49403,4135,44.01,0.085,5.4,0.07,3,3.462,14.18,48층 322㎡(22.7×14.2m) + 48층 322㎡(22.7×14.2m) + 저층부 2층 4000㎡(89.4×44.7m)
단일,1a 방위·위치,47,47,159.1,221,21,148,12,73,37580,400.0,9631,47211,866,9.22,0.11,,,1,3.424,16.33,47층 800㎡(49.0×16.3m)
쌍둥이+저층부,4 쌍둥이+저층부,48+48,48,162.4,222,29,148,12,74,37580,400.0,12293,49873,4129,43.95,0.08,4.9,1.23,3,3.46,12.09,48층 322㎡(26.6×12.1m) + 48층 322㎡(26.6×12.1m) + 저층부 2층 4000㎡(74.8×53.5m)
쌍둥이+저층부,4 쌍둥이+저층부,38+38,38,129.4,202,21,149,5,53,37580,400.0,10098,47678,4135,44.01,0.104,15.0,0.23,3,3.457,12.01,38층 317㎡(26.4×12.0m) + 38층 317㎡(26.4×12.0m) + 저층부 4층 4000㎡(89.4×44.7m)
쌍둥이+저층부,4 쌍둥이+저층부,38+38,38,129.4,205,28,149,12,56,37580,400.0,10833,48413,4129,43.95,0.124,13.4,0.21,3,3.381,12.22,38층 493㎡(32.9×15.0m) + 38층 329㎡(26.9×12.2m) + 저층부 2층 4000㎡(74.8×53.5m)
쌍둥이+저층부,4 쌍둥이+저층부,43+43,43,145.9,206,20,149,1,57,37580,400.0,11160,48740,4129,43.95,0.175,17.4,0.24,3,3.401,12.06,43층 320㎡(26.5×12.1m) + 43층 320㎡(26.5×12.1m) + 저층부 3층 4000㎡(74.8×53.5m)
쌍둥이+저층부,4 쌍둥이+저층부,53+53,53,178.9,220,24,149,12,71,37580,400.0,12535,50115,2602,27.7,0.094,4.5,0.05,3,3.445,13.71,53층 301㎡(21.9×13.7m) + 53층 301㎡(21.9×13.7m) + 저층부 3층 2500㎡(59.2×42.3m)
쌍둥이+저층부,4 쌍둥이+저층부,48+48,48,162.4,210,20,150,1,60,37580,400.0,11812,49392,4129,43.95,0.162,18.1,0.22,3,3.39,11.37,48층 284㎡(25.0×11.4m) + 48층 284㎡(25.0×11.4m) + 저층부 3층 4000㎡(74.8×53.5m)
쌍둥이+저층부,4 쌍둥이+저층부,48+48,48,162.4,216,21,150,1,66,37580,400.0,11348,48928,4129,43.95,0.167,13.7,0.17,3,3.364,13.33,48층 284㎡(21.3×13.3m) + 48층 284㎡(21.3×13.3m) + 저층부 3층 4000㎡(74.8×53.5m)
단일,1a 방위·위치,47,47,159.1,217,32,150,11,67,37580,400.0,9631,47211,866,9.22,0.095,,,1,3.393,16.33,47층 800㎡(49.0×16.3m)
쌍둥이+저층부,4 쌍둥이+저층부,48+48,48,162.4,223,22,150,12,73,37580,400.0,13080,50660,4135,44.01,0.082,19.1,0.24,3,3.43,10.35,48층 322㎡(31.1×10.4m) + 48층 322㎡(31.1×10.4m) + 저층부 2층 4000㎡(89.4×44.7m)
단일,1a 방위·위치,47,47,159.1,223,20,150,12,73,37580,400.0,9631,47211,866,9.22,0.051,,,1,3.353,16.33,47층 800㎡(49.0×16.3m)
쌍둥이+저층부,4 쌍둥이+저층부,43+43,43,145.9,226,27,150,12,76,37580,400.0,12316,49896,4129,43.95,0.132,16.0,0.22,3,3.395,10.97,43층 361㎡(32.9×11.0m) + 43층 361㎡(32.9×11.0m) + 저층부 2층 4000㎡(74.8×53.5m)
쌍둥이+저층부,4 쌍둥이+저층부,38+38,38,129.4,217,22,151,12,66,37580,400.0,11531,49111,4135,44.01,0.077,29.1,0.45,3,3.422,10.47,38층 493㎡(38.5×12.8m) + 38층 329㎡(31.4×10.5m) + 저층부 2층 4000㎡(89.4×44.7m)
쌍둥이+저층부,4 쌍둥이+저층부,48+48,48,162.4,219,22,151,0,68,37580,400.0,11865,49445,4135,44.01,0.098,19.7,4.93,3,3.412,11.37,48층 284㎡(25.0×11.4m) + 48층 284㎡(25.0×11.4m) + 저층부 3층 4000㎡(89.4×44.7m)
쌍둥이+저층부,4 쌍둥이+저층부,43+43,43,145.9,221,27,151,12,70,37580,400.0,12296,49876,4135,44.01,0.138,18.6,0.25,3,3.42,9.81,43층 433㎡(36.0×12.0m) + 43층 289㎡(29.4×9.8m) + 저층부 2층 4000㎡(89.4×44.7m)
쌍둥이+저층부,4 쌍둥이+저층부,43+43,43,145.9,223,31,151,12,72,37580,400.0,11590,49170,4135,44.01,0.075,15.4,0.21,3,3.365,11.45,43층 433㎡(30.9×14.0m) + 43층 289㎡(25.2×11.5m) + 저층부 2층 4000㎡(89.4×44.7m)
쌍둥이+저층부,4 쌍둥이+저층부,53+53,53,178.9,223,29,151,12,72,37580,400.0,13740,51320,4129,43.95,0.116,17.2,0.19,3,3.365,9.83,53층 290㎡(29.5×9.8m) + 53층 290㎡(29.5×9.8m) + 저층부 2층 4000㎡(74.8×53.5m)
쌍둥이+저층부,4 쌍둥이+저층부,48+48,48,162.4,225,28,151,12,74,37580,400.0,11788,49368,4129,43.95,0.089,5.2,1.29,3,3.446,14.18,48층 322㎡(22.7×14.2m) + 48층 322㎡(22.7×14.2m) + 저층부 2층 4000㎡(74.8×53.5m)
단일,1a 방위·위치,47,47,159.1,228,24,151,12,77,37580,400.0,9631,47211,866,9.22,0.038,,,1,3.447,16.33,47층 800㎡(49.0×16.3m)
단일,1a 방위·위치,47,47,159.1,222,28,152,12,70,37580,400.0,9631,47211,866,9.22,0.285,,,1,3.372,16.33,47층 800㎡(49.0×16.3m)
쌍둥이+저층부,4 쌍둥이+저층부,53+53,53,178.9,226,23,152,12,74,37580,400.0,13775,51355,4135,44.01,0.078,19.7,0.22,3,3.43,9.83,53층 290㎡(29.5×9.8m) + 53층 290㎡(29.5×9.8m) + 저층부 2층 4000㎡(89.4×44.7m)
단일,1a 방위·위치,47,47,159.1,226,23,152,14,74,37580,400.0,9631,47211,866,9.22,0.024,,,1,3.386,16.33,47층 800㎡(49.0×16.3m)
쌍둥이+저층부,4 쌍둥이+저층부,48+48,48,162.4,230,28,152,12,78,37580,400.0,12293,49873,4129,43.95,0.14,14.9,0.18,3,3.382,12.09,48층 322㎡(26.6×12.1m) + 48층 322㎡(26.6×12.1m) + 저층부 2층 4000㎡(74.8×53.5m)
쌍둥이,3 쌍둥이,47+41,47,159.1,209,29,153,10,56,37580,400.0,14401,51981,951,10.12,0.035,24.4,0.31,2,3.261,9.57,47층 480㎡(43.8×11.0m) + 41층 367㎡(38.3×9.6m)
쌍둥이+저층부,4 쌍둥이+저층부,38+38,38,129.4,211,30,153,12,58,37580,400.0,11547,49127,4129,43.95,0.241,17.8,0.27,3,3.385,11.7,38층 411㎡(35.1×11.7m) + 38층 411㎡(35.1×11.7m) + 저층부 2층 4000㎡(74.8×53.5m)
쌍둥이+저층부,4 쌍둥이+저층부,43+43,43,145.9,212,25,153,6,59,37580,400.0,11213,48793,4135,44.01,0.199,17.4,0.24,3,3.404,12.06,43층 320㎡(26.5×12.1m) + 43층 320㎡(26.5×12.1m) + 저층부 3층 4000㎡(89.4×44.7m)
쌍둥이+저층부,4 쌍둥이+저층부,43+43,43,145.9,214,21,153,1,61,37580,400.0,11555,49135,4129,43.95,0.175,14.3,0.2,3,3.331,11.45,43층 433㎡(30.9×14.0m) + 43층 289㎡(25.2×11.5m) + 저층부 2층 4000㎡(74.8×53.5m)
단일,1a 방위·위치,47,47,159.1,215,29,153,8,62,37580,400.0,9631,47211,866,9.22,0.038,,,1,3.405,16.33,47층 800㎡(49.0×16.3m)
쌍둥이+저층부,4 쌍둥이+저층부,38+38,38,129.4,217,30,153,12,64,37580,400.0,10098,47678,4135,44.01,0.177,21.1,5.28,3,3.47,12.01,38층 317㎡(26.4×12.0m) + 38층 317㎡(26.4×12.0m) + 저층부 4층 4000㎡(89.4×44.7m)
단일,1a 방위·위치,47,47,159.1,222,30,153,12,69,37580,400.0,9631,47211,866,9.22,0.031,,,1,3.435,16.33,47층 800㎡(49.0×16.3m)
쌍둥이+저층부,4 쌍둥이+저층부,43+43,43,145.9,221,29,154,12,67,37580,400.0,10723,48303,4129,43.95,0.181,12.6,0.17,3,3.356,14.14,43층 320㎡(22.6×14.1m) + 43층 320㎡(22.6×14.1m) + 저층부 3층 4000㎡(74.8×53.5m)
쌍둥이+저층부,4 쌍둥이+저층부,53+53,53,178.9,230,31,154,12,76,37580,400.0,12417,49997,4129,43.95,0.094,15.9,3.96,3,3.399,13.46,53층 290㎡(21.5×13.5m) + 53층 290㎡(21.5×13.5m) + 저층부 2층 4000㎡(74.8×53.5m)
단일,1a 방위·위치,47,47,159.1,231,21,154,12,77,37580,400.0,9631,47211,866,9.22,0.052,,,1,3.339,16.33,47층 800㎡(49.0×16.3m)
단일,1a 방위·위치,47,47,159.1,233,20,154,12,79,37580,400.0,9631,47211,866,9.22,0.104,,,1,3.358,16.33,47층 800㎡(49.0×16.3m)
쌍둥이+저층부,4 쌍둥이+저층부,53+53,53,178.9,234,24,154,12,80,37580,400.0,12948,50528,4129,43.95,0.102,15.5,0.17,3,3.405,11.48,53층 290㎡(25.3×11.5m) + 53층 290㎡(25.3×11.5m) + 저층부 2층 4000㎡(74.8×53.5m)
쌍둥이+저층부,4 쌍둥이+저층부,38+38,38,129.4,203,28,155,8,48,37580,400.0,10074,47654,4135,44.01,0.142,12.0,0.18,3,3.394,13.52,38층 439㎡(26.5×16.6m) + 38층 292㎡(21.6×13.5m) + 저층부 3층 4000㎡(89.4×44.7m)
쌍둥이+저층부,4 쌍둥이+저층부,48+48,48,162.4,217,26,155,8,62,37580,400.0,13080,50660,4135,44.01,0.176,19.1,0.24,3,3.374,10.35,48층 322㎡(31.1×10.4m) + 48층 322㎡(31.1×10.4m) + 저층부 2층 4000㎡(89.4×44.7m)
단일,1a 방위·위치,47,47,159.1,237,24,155,12,82,37580,400.0,9631,47211,866,9.22,0.157,,,1,3.385,16.33,47층 800㎡(49.0×16.3m)
단일,1a 방위·위치,47,47,159.1,210,29,156,10,54,37580,400.0,9631,47211,866,9.22,0.026,,,1,3.345,16.33,47층 800㎡(49.0×16.3m)
쌍둥이+저층부,4 쌍둥이+저층부,38+38,38,129.4,214,20,156,0,58,37580,400.0,10435,48015,4129,43.95,0.122,11.0,0.17,3,3.322,16.02,38층 411㎡(25.6×16.0m) + 38층 411㎡(25.6×16.0m) + 저층부 2층 4000㎡(74.8×53.5m)
쌍둥이+저층부,4 쌍둥이+저층부,43+43,43,145.9,216,22,156,0,60,37580,400.0,10776,48356,4135,44.01,0.102,16.7,0.23,3,3.385,14.14,43층 320㎡(22.6×14.1m) + 43층 320㎡(22.6×14.1m) + 저층부 3층 4000㎡(89.4×44.7m)
쌍둥이+저층부,4 쌍둥이+저층부,48+48,48,162.4,220,31,156,12,64,37580,400.0,12293,49873,4129,43.95,0.147,16.0,0.2,3,3.343,12.09,48층 322㎡(26.6×12.1m) + 48층 322㎡(26.6×12.1m) + 저층부 2층 4000㎡(74.8×53.5m)
쌍둥이+저층부,4 쌍둥이+저층부,53+53,53,178.9,228,29,156,12,72,37580,400.0,12948,50528,4129,43.95,0.127,15.5,0.17,3,3.353,11.48,53층 290㎡(25.3×11.5m) + 53층 290㎡(25.3×11.5m) + 저층부 2층 4000㎡(74.8×53.5m)
쌍둥이+저층부,4 쌍둥이+저층부,53+53,53,178.9,234,25,156,12,78,37580,400.0,13775,51355,4135,44.01,0.113,17.2,0.19,3,3.389,9.83,53층 290㎡(29.5×9.8m) + 53층 290㎡(29.5×9.8m) + 저층부 2층 4000㎡(89.4×44.7m)
쌍둥이+저층부,4 쌍둥이+저층부,43+43,43,145.9,209,28,157,8,52,37580,400.0,10776,48356,4135,44.01,0.063,13.6,3.4,3,3.41,14.14,43층 320㎡(22.6×14.1m) + 43층 320㎡(22.6×14.1m) + 저층부 3층 4000㎡(89.4×44.7m)
쌍둥이+저층부,4 쌍둥이+저층부,43+43,43,145.9,212,29,157,10,55,37580,400.0,11129,48709,4129,43.95,0.099,12.0,0.16,3,3.298,15.02,43층 361㎡(24.0×15.0m) + 43층 361㎡(24.0×15.0m) + 저층부 2층 4000㎡(74.8×53.5m)
단일,1a 방위·위치,47,47,159.1,214,29,157,10,57,37580,400.0,9631,47211,866,9.22,0.05,,,1,3.226,16.33,47층 800㎡(49.0×16.3m)
쌍둥이+저층부,4 쌍둥이+저층부,38+38,38,129.4,219,30,157,12,62,37580,400.0,10074,47654,4135,44.01,0.182,15.8,0.24,3,3.424,13.52,38층 439㎡(26.5×16.6m) + 38층 292㎡(21.6×13.5m) + 저층부 3층 4000㎡(89.4×44.7m)
쌍둥이+저층부,4 쌍둥이+저층부,53+53,53,178.9,230,27,157,12,73,37580,400.0,12948,50528,4129,43.95,0.055,15.5,0.17,3,3.381,11.48,53층 290㎡(25.3×11.5m) + 53층 290㎡(25.3×11.5m) + 저층부 2층 4000㎡(74.8×53.5m)
단일,1a 방위·위치,47,47,159.1,240,19,157,12,83,37580,400.0,9631,47211,866,9.22,0.051,,,1,3.372,16.33,47층 800㎡(49.0×16.3m)
쌍둥이+저층부,4 쌍둥이+저층부,38+38,38,129.4,217,17,158,1,59,37580,400.0,11035,48615,4129,43.95,0.106,26.0,0.4,3,3.368,9.87,38층 439㎡(36.3×12.1m) + 38층 292㎡(29.6×9.9m) + 저층부 3층 4000㎡(74.8×53.5m)
쌍둥이,3 쌍둥이,55+41,55,185.5,217,29,158,10,59,37580,400.0,13125,50705,888,9.45,0.031,21.2,0.23,2,3.251,12.46,55층 342㎡(27.4×12.5m) + 41층 458㎡(31.8×14.4m)
쌍둥이,3 쌍둥이,55+44,55,185.5,217,29,158,10,59,37580,400.0,13356,50936,855,9.1,0.033,21.4,0.23,2,3.248,12.46,55층 342㎡(27.4×12.5m) + 44층 427㎡(30.7×13.9m)
쌍둥이+저층부,4 쌍둥이+저층부,38+38,38,129.4,222,27,158,8,64,37580,400.0,10074,47654,4135,44.01,0.157,12.3,3.08,3,3.391,13.52,38층 439㎡(26.5×16.6m) + 38층 292㎡(21.6×13.5m) + 저층부 3층 4000㎡(89.4×44.7m)
쌍둥이+저층부,4 쌍둥이+저층부,53+53,53,178.9,236,24,158,12,78,37580,400.0,12523,50103,4147,44.14,0.092,16.0,0.18,3,3.4,13.46,53층 290㎡(21.5×13.5m) + 53층 290㎡(21.5×13.5m) + 저층부 2층 4000㎡(109.5×36.5m)
쌍둥이+저층부,4 쌍둥이+저층부,38+38,38,129.4,211,17,159,0,52,37580,400.0,10389,47969,4129,43.95,0.173,13.5,0.21,3,3.366,14.33,38층 493㎡(28.1×17.6m) + 38층 329㎡(22.9×14.3m) + 저층부 2층 4000㎡(74.8×53.5m)
쌍둥이+저층부,4 쌍둥이+저층부,43+43,43,145.9,215,28,159,8,56,37580,400.0,11116,48696,4135,44.01,0.142,14.6,0.2,3,3.365,13.43,43층 433㎡(26.3×16.4m) + 43층 289㎡(21.5×13.4m) + 저층부 2층 4000㎡(89.4×44.7m)
쌍둥이+저층부,4 쌍둥이+저층부,43+43,43,145.9,219,23,159,1,60,37580,400.0,10776,48356,4135,44.01,0.151,16.7,0.23,3,3.397,14.14,43층 320㎡(22.6×14.1m) + 43층 320㎡(22.6×14.1m) + 저층부 3층 4000㎡(89.4×44.7m)
쌍둥이+저층부,4 쌍둥이+저층부,48+48,48,162.4,226,18,159,1,67,37580,400.0,11812,49392,4129,43.95,0.131,25.6,0.32,3,3.345,11.37,48층 284㎡(25.0×11.4m) + 48층 284㎡(25.0×11.4m) + 저층부 3층 4000㎡(74.8×53.5m)
쌍둥이+저층부,4 쌍둥이+저층부,43+43,43,145.9,228,27,159,12,69,37580,400.0,11081,48661,4129,43.95,0.077,12.1,0.17,3,3.371,13.43,43층 433㎡(26.3×16.4m) + 43층 289㎡(21.5×13.4m) + 저층부 2층 4000㎡(74.8×53.5m)
쌍둥이+저층부,4 쌍둥이+저층부,43+43,43,145.9,228,31,159,11,69,37580,400.0,12351,49931,4135,44.01,0.1,16.0,0.22,3,3.351,10.97,43층 361㎡(32.9×11.0m) + 43층 361㎡(32.9×11.0m) + 저층부 2층 4000㎡(89.4×44.7m)
쌍둥이+저층부,4 쌍둥이+저층부,43+43,43,145.9,230,29,159,12,71,37580,400.0,11641,49221,4135,44.01,0.151,18.1,0.25,3,3.411,12.81,43층 361㎡(28.2×12.8m) + 43층 361㎡(28.2×12.8m) + 저층부 2층 4000㎡(89.4×44.7m)
쌍둥이+저층부,4 쌍둥이+저층부,48+48,48,162.4,235,26,159,12,76,37580,400.0,11823,49403,4135,44.01,0.129,15.3,0.19,3,3.381,14.18,48층 322㎡(22.7×14.2m) + 48층 322㎡(22.7×14.2m) + 저층부 2층 4000㎡(89.4×44.7m)
쌍둥이,3 쌍둥이,41+41,41,139.3,213,29,160,10,53,37580,400.0,13837,51417,1025,10.91,0.035,24.0,0.34,2,3.256,9.57,41층 550㎡(46.9×11.7m) + 41층 367㎡(38.3×9.6m)
쌍둥이+저층부,4 쌍둥이+저층부,43+43,43,145.9,214,34,160,10,54,37580,400.0,10833,48413,2607,27.75,0.04,15.1,0.21,3,3.322,14.36,43층 330㎡(23.0×14.4m) + 43층 330㎡(23.0×14.4m) + 저층부 5층 2500㎡(70.7×35.4m)
쌍둥이,3 쌍둥이,55+41,55,185.5,217,29,160,10,57,37580,400.0,14018,51598,870,9.26,0.04,23.3,0.25,2,3.261,11.05,55층 410㎡(35.1×11.7m) + 41층 367㎡(33.2×11.1m)
쌍둥이+저층부,4 쌍둥이+저층부,43+43,43,145.9,222,22,160,4,62,37580,400.0,11116,48696,4135,44.01,0.204,14.6,0.2,3,3.361,13.43,43층 433㎡(26.3×16.4m) + 43층 289㎡(21.5×13.4m) + 저층부 2층 4000㎡(89.4×44.7m)
쌍둥이+저층부,4 쌍둥이+저층부,48+48,48,162.4,229,29,160,12,69,37580,400.0,11788,49368,4129,43.95,0.162,12.5,0.15,3,3.322,14.18,48층 322㎡(22.7×14.2m) + 48층 322㎡(22.7×14.2m) + 저층부 2층 4000㎡(74.8×53.5m)
쌍둥이+저층부,4 쌍둥이+저층부,43+43,43,145.9,232,29,160,12,72,37580,400.0,11606,49186,4129,43.95,0.138,14.2,0.19,3,3.389,12.81,43층 361㎡(28.2×12.8m) + 43층 361㎡(28.2×12.8m) + 저층부 2층 4000㎡(74.8×53.5m)
쌍둥이+저층부,4 쌍둥이+저층부,53+53,53,178.9,236,28,160,12,76,37580,400.0,13775,51355,4135,44.01,0.075,21.1,0.24,3,3.408,9.83,53층 290㎡(29.5×9.8m) + 53층 290㎡(29.5×9.8m) + 저층부 2층 4000㎡(89.4×44.7m)
단일,1a 방위·위치,47,47,159.1,241,20,160,12,81,37580,400.0,9631,47211,866,9.22,0.129,,,1,3.325,16.33,47층 800㎡(49.0×16.3m)
단일,1a 방위·위치,47,47,159.1,244,28,160,12,84,37580,400.0,9631,47211,866,9.22,0.113,,,1,3.386,16.33,47층 800㎡(49.0×16.3m)
쌍둥이,3 쌍둥이,50+38,50,169.0,217,29,161,10,56,37580,400.0,13385,50965,944,10.04,0.039,22.8,0.27,2,3.269,11.48,50층 451㎡(36.8×12.3m) + 38층 396㎡(34.4×11.5m)
쌍둥이+저층부,4 쌍둥이+저층부,38+38,38,129.4,222,30,161,10,61,37580,400.0,10435,48015,4129,43.95,0.176,13.5,0.21,3,3.345,16.02,38층 411㎡(25.6×16.0m) + 38층 411㎡(25.6×16.0m) + 저층부 2층 4000㎡(74.8×53.5m)
쌍둥이+저층부,4 쌍둥이+저층부,43+43,43,145.9,224,19,161,1,63,37580,400.0,11590,49170,4135,44.01,0.13,14.3,0.2,3,3.388,11.45,43층 433㎡(30.9×14.0m) + 43층 289㎡(25.2×11.5m) + 저층부 2층 4000㎡(89.4×44.7m)
쌍둥이+저층부,4 쌍둥이+저층부,38+38,38,129.4,228,27,161,12,67,37580,400.0,9657,47237,4129,43.95,0.189,23.9,0.37,3,3.401,14.08,38층 317㎡(22.5×14.1m) + 38층 317㎡(22.5×14.1m) + 저층부 4층 4000㎡(74.8×53.5m)
쌍둥이+저층부,4 쌍둥이+저층부,43+43,43,145.9,238,24,161,11,77,37580,400.0,11116,48696,4135,44.01,0.072,12.5,3.11,3,3.378,13.43,43층 433㎡(26.3×16.4m) + 43층 289㎡(21.5×13.4m) + 저층부 2층 4000㎡(89.4×44.7m)
쌍둥이+저층부,4 쌍둥이+저층부,48+48,48,162.4,241,28,161,12,80,37580,400.0,11788,49368,4129,43.95,0.149,12.8,0.16,3,3.359,14.18,48층 322㎡(22.7×14.2m) + 48층 322㎡(22.7×14.2m) + 저층부 2층 4000㎡(74.8×53.5m)
쌍둥이,3 쌍둥이,53+44,53,178.9,221,29,162,10,59,37580,400.0,13217,50797,869,9.25,0.033,21.3,0.24,2,3.246,12.69,53층 355㎡(27.9×12.7m) + 44층 427㎡(30.7×13.9m)
쌍둥이+저층부,4 쌍둥이+저층부,43+43,43,145.9,223,22,162,1,61,37580,400.0,11165,48745,4135,44.01,0.145,15.9,0.22,3,3.367,15.02,43층 361㎡(24.0×15.0m) + 43층 361㎡(24.0×15.0m) + 저층부 2층 4000㎡(89.4×44.7m)
쌍둥이+저층부,4 쌍둥이+저층부,38+38,38,129.4,217,18,163,0,54,37580,400.0,10435,48015,4129,43.95,0.178,11.0,0.17,3,3.33,16.02,38층 411㎡(25.6×16.0m) + 38층 411㎡(25.6×16.0m) + 저층부 2층 4000㎡(74.8×53.5m)
쌍둥이+저층부,4 쌍둥이+저층부,43+43,43,145.9,221,22,163,4,58,37580,400.0,11641,49221,4135,44.01,0.134,18.1,0.25,3,3.406,12.81,43층 361㎡(28.2×12.8m) + 43층 361㎡(28.2×12.8m) + 저층부 2층 4000㎡(89.4×44.7m)
쌍둥이+저층부,4 쌍둥이+저층부,38+38,38,129.4,226,27,163,8,63,37580,400.0,9657,47237,4129,43.95,0.2,19.4,4.85,3,3.454,14.08,38층 317㎡(22.5×14.1m) + 38층 317㎡(22.5×14.1m) + 저층부 4층 4000㎡(74.8×53.5m)
쌍둥이+저층부,4 쌍둥이+저층부,53+53,53,178.9,233,24,163,8,70,37580,400.0,12831,50411,2607,27.75,0.077,15.7,0.18,3,3.393,11.31,53층 281㎡(24.9×11.3m) + 53층 281㎡(24.9×11.3m) + 저층부 4층 2500㎡(70.7×35.4m)
쌍둥이+저층부,4 쌍둥이+저층부,53+53,53,178.9,238,22,163,12,75,37580,400.0,12329,49909,2607,27.75,0.085,16.2,0.18,3,3.421,13.26,53층 281㎡(21.2×13.3m) + 53층 281㎡(21.2×13.3m) + 저층부 4층 2500㎡(70.7×35.4m)
쌍둥이+저층부,4 쌍둥이+저층부,48+48,48,162.4,241,23,163,12,78,37580,400.0,11895,49475,4147,44.14,0.101,12.8,0.16,3,3.391,14.18,48층 322㎡(22.7×14.2m) + 48층 322㎡(22.7×14.2m) + 저층부 2층 4000㎡(109.5×36.5m)
쌍둥이+저층부,4 쌍둥이+저층부,38+38,38,129.4,226,16,164,0,62,37580,400.0,10063,47643,4129,43.95,0.154,21.9,0.34,3,3.35,15.11,38층 365㎡(24.2×15.1m) + 38층 365㎡(24.2×15.1m) + 저층부 3층 4000㎡(74.8×53.5m)
쌍둥이+저층부,4 쌍둥이+저층부,38+38,38,129.4,228,24,164,12,64,37580,400.0,10481,48061,4135,44.01,0.088,29.5,7.37,3,3.44,11.53,38층 439㎡(31.1×14.1m) + 38층 292㎡(25.4×11.5m) + 저층부 3층 4000㎡(89.4×44.7m)
쌍둥이+저층부,4 쌍둥이+저층부,38+38,38,129.4,230,24,164,12,66,37580,400.0,10869,48449,4135,44.01,0.081,28.6,7.15,3,3.416,12.22,38층 493㎡(32.9×15.0m) + 38층 329㎡(26.9×12.2m) + 저층부 2층 4000㎡(89.4×44.7m)
쌍둥이+저층부,4 쌍둥이+저층부,43+43,43,145.9,242,28,164,11,78,37580,400.0,10776,48356,4135,44.01,0.066,12.9,0.18,3,3.377,14.14,43층 320㎡(22.6×14.1m) + 43층 320㎡(22.6×14.1m) + 저층부 3층 4000㎡(89.4×44.7m)
쌍둥이+저층부,4 쌍둥이+저층부,48+48,48,162.4,243,31,164,12,79,37580,400.0,11348,48928,4129,43.95,0.129,17.6,4.4,3,3.4,13.33,48층 284㎡(21.3×13.3m) + 48층 284㎡(21.3×13.3m) + 저층부 3층 4000㎡(74.8×53.5m)
단일,1a 방위·위치,47,47,159.1,247,20,164,12,83,37580,400.0,9631,47211,866,9.22,0.081,,,1,3.307,16.33,47층 800㎡(49.0×16.3m)
쌍둥이,3 쌍둥이,53+38,53,178.9,222,28,165,10,57,37580,400.0,12747,50327,940,10.0,0.029,20.8,0.23,2,3.251,12.69,53층 355㎡(27.9×12.7m) + 38층 494㎡(33.0×15.0m)
쌍둥이+저층부,4 쌍둥이+저층부,38+38,38,129.4,228,19,165,3,63,37580,400.0,9728,47308,4135,44.01,0.214,22.9,0.35,3,3.406,14.08,38층 317㎡(22.5×14.1m) + 38층 317㎡(22.5×14.1m) + 저층부 4층 4000㎡(89.4×44.7m)
단일,1a 방위·위치,47,47,159.1,248,20,165,12,83,37580,400.0,9631,47211,866,9.22,0.076,,,1,3.316,16.33,47층 800㎡(49.0×16.3m)
단일,1a 방위·위치,47,47,159.1,252,26,165,12,87,37580,400.0,9631,47211,866,9.22,0.041,,,1,3.306,16.33,47층 800㎡(49.0×16.3m)
단일,1a 방위·위치,47,47,159.1,233,22,166,4,67,37580,400.0,9631,47211,866,9.22,0.101,,,1,3.275,16.33,47층 800㎡(49.0×16.3m)
쌍둥이+저층부,4 쌍둥이+저층부,38+38,38,129.4,227,18,167,4,60,37580,400.0,10429,48009,4129,43.95,0.097,24.2,0.37,3,3.389,11.53,38층 439㎡(31.1×14.1m) + 38층 292㎡(25.4×11.5m) + 저층부 3층 4000㎡(74.8×53.5m)
쌍둥이+저층부,4 쌍둥이+저층부,43+43,43,145.9,236,18,167,3,69,37580,400.0,11865,49445,4135,44.01,0.156,26.7,0.37,3,3.421,10.32,43층 320㎡(31.0×10.3m) + 43층 320㎡(31.0×10.3m) + 저층부 3층 4000㎡(89.4×44.7m)
쌍둥이+저층부,4 쌍둥이+저층부,48+48,48,162.4,237,31,167,12,70,37580,400.0,12184,49764,2607,27.75,0.143,17.6,0.22,3,3.352,11.94,48층 313㎡(26.3×11.9m) + 48층 313㎡(26.3×11.9m) + 저층부 4층 2500㎡(70.7×35.4m)
단일,1a 방위·위치,47,47,159.1,239,28,167,9,72,37580,400.0,9631,47211,866,9.22,0.096,,,1,3.344,16.33,47층 800㎡(49.0×16.3m)
쌍둥이+저층부,4 쌍둥이+저층부,38+38,38,129.4,228,20,168,1,60,37580,400.0,11582,49162,4135,44.01,0.152,29.1,0.45,3,3.378,11.7,38층 411㎡(35.1×11.7m) + 38층 411㎡(35.1×11.7m) + 저층부 2층 4000㎡(89.4×44.7m)
쌍둥이+저층부,4 쌍둥이+저층부,38+38,38,129.4,232,18,168,0,64,37580,400.0,10074,47654,4135,44.01,0.158,22.0,0.34,3,3.348,13.52,38층 439㎡(26.5×16.6m) + 38층 292㎡(21.6×13.5m) + 저층부 3층 4000㎡(89.4×44.7m)
쌍둥이+저층부,4 쌍둥이+저층부,48+48,48,162.4,238,16,168,0,70,37580,400.0,12293,49873,4129,43.95,0.123,24.9,0.31,3,3.317,12.09,48층 322㎡(26.6×12.1m) + 48층 322㎡(26.6×12.1m) + 저층부 2층 4000㎡(74.8×53.5m)
단일,1a 방위·위치,47,47,159.1,226,28,169,8,57,37580,400.0,9631,47211,866,9.22,0.143,,,1,3.257,16.33,47층 800㎡(49.0×16.3m)
단일,1a 방위·위치,47,47,159.1,228,27,169,8,59,37580,400.0,9631,47211,866,9.22,0.019,,,1,3.365,16.33,47층 800㎡(49.0×16.3m)
단일,1a 방위·위치,47,47,159.1,234,25,169,0,65,37580,400.0,9631,47211,866,9.22,0.033,,,1,3.176,16.33,47층 800㎡(49.0×16.3m)
쌍둥이+저층부,4 쌍둥이+저층부,43+43,43,145.9,238,16,169,0,69,37580,400.0,11606,49186,4129,43.95,0.127,24.2,0.33,3,3.323,12.81,43층 361㎡(28.2×12.8m) + 43층 361㎡(28.2×12.8m) + 저층부 2층 4000㎡(74.8×53.5m)
단일,1a 방위·위치,47,47,159.1,239,26,169,9,70,37580,400.0,9631,47211,866,9.22,0.163,,,1,3.278,16.33,47층 800㎡(49.0×16.3m)
쌍둥이+저층부,4 쌍둥이+저층부,53+53,53,178.9,242,18,169,4,73,37580,400.0,13740,51320,4129,43.95,0.06,27.2,0.3,3,3.342,9.83,53층 290㎡(29.5×9.8m) + 53층 290㎡(29.5×9.8m) + 저층부 2층 4000㎡(74.8×53.5m)
쌍둥이,3 쌍둥이,47+44,47,159.1,226,29,170,10,56,37580,400.0,13586,51166,917,9.76,0.041,23.0,0.29,2,3.262,10.67,47층 480㎡(37.9×12.6m) + 44층 342㎡(32.0×10.7m)
쌍둥이+저층부,4 쌍둥이+저층부,43+43,43,145.9,235,18,170,1,65,37580,400.0,11165,48745,4135,44.01,0.123,12.3,3.09,3,3.377,15.02,43층 361㎡(24.0×15.0m) + 43층 361㎡(24.0×15.0m) + 저층부 2층 4000㎡(89.4×44.7m)
쌍둥이+저층부,4 쌍둥이+저층부,48+48,48,162.4,238,24,170,8,68,37580,400.0,11707,49287,2607,27.75,0.107,15.5,0.19,3,3.38,14.0,48층 313㎡(22.4×14.0m) + 48층 313㎡(22.4×14.0m) + 저층부 4층 2500㎡(70.7×35.4m)
쌍둥이,3 쌍둥이,55+53,55,185.5,227,29,171,10,56,37580,400.0,13957,51537,776,8.26,0.044,22.1,0.24,2,3.253,11.35,55층 410㎡(30.0×13.7m) + 53층 284㎡(25.0×11.4m)
쌍둥이,3 쌍둥이,47+41,47,159.1,228,29,171,10,57,37580,400.0,13363,50943,943,10.04,0.04,22.8,0.29,2,3.263,11.05,47층 480㎡(37.9×12.6m) + 41층 367㎡(33.2×11.1m)
쌍둥이+저층부,4 쌍둥이+저층부,38+38,38,129.4,233,22,171,11,62,37580,400.0,10223,47803,4147,44.14,0.115,25.7,0.4,3,3.413,15.11,38층 365㎡(24.2×15.1m) + 38층 365㎡(24.2×15.1m) + 저층부 3층 4000㎡(109.5×36.5m)
쌍둥이+저층부,4 쌍둥이+저층부,48+48,48,162.4,238,21,171,0,67,37580,400.0,11788,49368,4129,43.95,0.071,19.2,4.81,3,3.366,14.18,48층 322㎡(22.7×14.2m) + 48층 322㎡(22.7×14.2m) + 저층부 2층 4000㎡(74.8×53.5m)
쌍둥이+저층부,4 쌍둥이+저층부,48+48,48,162.4,245,25,171,4,74,37580,400.0,11865,49445,4135,44.01,0.098,25.7,6.43,3,3.375,11.37,48층 284㎡(25.0×11.4m) + 48층 284㎡(25.0×11.4m) + 저층부 3층 4000㎡(89.4×44.7m)
쌍둥이+저층부,4 쌍둥이+저층부,43+43,43,145.9,240,28,172,8,68,37580,400.0,11555,49135,4129,43.95,0.103,18.1,0.25,3,3.387,11.45,43층 433㎡(30.9×14.0m) + 43층 289㎡(25.2×11.5m) + 저층부 2층 4000㎡(74.8×53.5m)
단일,1a 방위·위치,47,47,159.1,241,21,172,0,69,37580,400.0,9631,47211,866,9.22,0.045,,,1,3.21,16.33,47층 800㎡(49.0×16.3m)
단일,1a 방위·위치,47,47,159.1,253,30,172,12,81,37580,400.0,9631,47211,866,9.22,0.09,,,1,3.377,16.33,47층 800㎡(49.0×16.3m)
쌍둥이+저층부,4 쌍둥이+저층부,43+43,43,145.9,229,34,173,8,56,37580,400.0,11420,49000,2607,27.75,0.042,13.8,0.19,3,3.289,14.09,43층 477㎡(27.6×17.3m) + 43층 318㎡(22.6×14.1m) + 저층부 2층 2500㎡(70.7×35.4m)
쌍둥이+저층부,4 쌍둥이+저층부,43+43,43,145.9,237,29,173,11,64,37580,400.0,10776,48356,4135,44.01,0.094,20.6,5.16,3,3.4,14.14,43층 320㎡(22.6×14.1m) + 43층 320㎡(22.6×14.1m) + 저층부 3층 4000㎡(89.4×44.7m)
쌍둥이+저층부,4 쌍둥이+저층부,48+48,48,162.4,243,30,173,11,70,37580,400.0,11865,49445,4135,44.01,0.178,19.5,0.24,3,3.398,11.37,48층 284㎡(25.0×11.4m) + 48층 284㎡(25.0×11.4m) + 저층부 3층 4000㎡(89.4×44.7m)
쌍둥이+저층부,4 쌍둥이+저층부,48+48,48,162.4,244,32,173,12,71,37580,400.0,11823,49403,4135,44.01,0.148,13.9,0.17,3,3.323,14.18,48층 322㎡(22.7×14.2m) + 48층 322㎡(22.7×14.2m) + 저층부 2층 4000㎡(89.4×44.7m)
쌍둥이+저층부,4 쌍둥이+저층부,53+53,53,178.9,247,28,173,8,74,37580,400.0,12417,49997,4129,43.95,0.15,14.6,3.65,3,3.345,13.46,53층 290㎡(21.5×13.5m) + 53층 290㎡(21.5×13.5m) + 저층부 2층 4000㎡(74.8×53.5m)
쌍둥이+저층부,4 쌍둥이+저층부,48+48,48,162.4,248,31,173,12,75,37580,400.0,11401,48981,4135,44.01,0.146,17.6,4.4,3,3.41,13.33,48층 284㎡(21.3×13.3m) + 48층 284㎡(21.3×13.3m) + 저층부 3층 4000㎡(89.4×44.7m)
쌍둥이,3 쌍둥이,47+44,47,159.1,233,29,174,10,59,37580,400.0,12786,50366,917,9.76,0.033,20.9,0.26,2,3.25,13.48,47층 400㎡(29.7×13.5m) + 44층 427㎡(30.7×13.9m)
단일,1a 방위·위치,47,47,159.1,263,31,174,12,89,37580,400.0,9631,47211,866,9.22,0.062,,,1,3.258,16.33,47층 800㎡(49.0×16.3m)
쌍둥이+저층부,4 쌍둥이+저층부,38+38,38,129.4,229,18,175,0,54,37580,400.0,10098,47678,4135,44.01,0.099,27.1,6.78,3,3.456,12.01,38층 317㎡(26.4×12.0m) + 38층 317㎡(26.4×12.0m) + 저층부 4층 4000㎡(89.4×44.7m)
단일,1a 방위·위치,47,47,159.1,235,34,175,8,60,37580,400.0,9631,47211,866,9.22,0.121,,,1,3.22,16.33,47층 800㎡(49.0×16.3m)
쌍둥이+저층부,4 쌍둥이+저층부,48+48,48,162.4,238,16,175,0,63,37580,400.0,11401,48981,4135,44.01,0.128,24.7,0.3,3,3.351,13.33,48층 284㎡(21.3×13.3m) + 48층 284㎡(21.3×13.3m) + 저층부 3층 4000㎡(89.4×44.7m)
쌍둥이+저층부,4 쌍둥이+저층부,43+43,43,145.9,246,18,175,3,71,37580,400.0,10776,48356,4135,44.01,0.166,23.3,5.82,3,3.392,14.14,43층 320㎡(22.6×14.1m) + 43층 320㎡(22.6×14.1m) + 저층부 3층 4000㎡(89.4×44.7m)
쌍둥이+저층부,4 쌍둥이+저층부,43+43,43,145.9,248,21,175,10,73,37580,400.0,12422,50002,4147,44.14,0.096,26.0,0.36,3,3.396,10.97,43층 361㎡(32.9×11.0m) + 43층 361㎡(32.9×11.0m) + 저층부 2층 4000㎡(109.5×36.5m)
단일,1a 방위·위치,47,47,159.1,260,31,175,12,85,37580,400.0,9631,47211,866,9.22,0.15,,,1,3.345,16.33,47층 800㎡(49.0×16.3m)
단일,1a 방위·위치,47,47,159.1,233,33,176,10,57,37580,400.0,9631,47211,866,9.22,0.069,,,1,3.179,16.33,47층 800㎡(49.0×16.3m)
단일,1a 방위·위치,47,47,159.1,237,26,176,6,61,37580,400.0,9631,47211,866,9.22,0.107,,,1,3.249,16.33,47층 800㎡(49.0×16.3m)
단일,1a 방위·위치,47,47,159.1,239,24,176,4,63,37580,400.0,9631,47211,866,9.22,0.077,,,1,3.264,16.33,47층 800㎡(49.0×16.3m)
단일,1a 방위·위치,47,47,159.1,239,29,176,10,63,37580,400.0,9631,47211,866,9.22,0.051,,,1,3.216,16.33,47층 800㎡(49.0×16.3m)
쌍둥이+저층부,4 쌍둥이+저층부,38+38,38,129.4,243,24,176,12,67,37580,400.0,10425,48005,4135,44.01,0.16,23.5,0.36,3,3.352,14.33,38층 493㎡(28.1×17.6m) + 38층 329㎡(22.9×14.3m) + 저층부 2층 4000㎡(89.4×44.7m)
쌍둥이+저층부,4 쌍둥이+저층부,48+48,48,162.4,252,19,176,1,76,37580,400.0,11865,49445,4135,44.01,0.146,25.7,6.43,3,3.375,11.37,48층 284㎡(25.0×11.4m) + 48층 284㎡(25.0×11.4m) + 저층부 3층 4000㎡(89.4×44.7m)
쌍둥이,3 쌍둥이,41+38,41,139.3,231,29,177,10,54,37580,400.0,12609,50189,1048,11.15,0.039,22.1,0.32,2,3.263,11.48,41층 550㎡(40.6×13.5m) + 38층 396㎡(34.4×11.5m)
쌍둥이+저층부,4 쌍둥이+저층부,38+38,38,129.4,242,23,177,6,65,37580,400.0,10481,48061,4135,44.01,0.104,34.2,0.53,3,3.394,11.53,38층 439㎡(31.1×14.1m) + 38층 292㎡(25.4×11.5m) + 저층부 3층 4000㎡(89.4×44.7m)
단일,1a 방위·위치,47,47,159.1,246,19,177,0,69,37580,400.0,9631,47211,866,9.22,0.115,,,1,3.196,16.33,47층 800㎡(49.0×16.3m)
쌍둥이+저층부,4 쌍둥이+저층부,43+43,43,145.9,250,21,177,11,73,37580,400.0,11661,49241,4147,44.14,0.091,24.3,0.33,3,3.402,11.45,43층 433㎡(30.9×14.0m) + 43층 289㎡(25.2×11.5m) + 저층부 2층 4000㎡(109.5×36.5m)
단일,1a 방위·위치,47,47,159.1,266,31,177,12,89,37580,400.0,9631,47211,866,9.22,0.064,,,1,3.277,16.33,47층 800㎡(49.0×16.3m)
쌍둥이+저층부,4 쌍둥이+저층부,43+43,43,145.9,240,18,178,0,62,37580,400.0,11865,49445,4135,44.01,0.081,27.3,6.84,3,3.426,10.32,43층 320㎡(31.0×10.3m) + 43층 320㎡(31.0×10.3m) + 저층부 3층 4000㎡(89.4×44.7m)
단일,1a 방위·위치,47,47,159.1,256,31,178,12,78,37580,400.0,9631,47211,866,9.22,0.15,,,1,3.33,16.33,47층 800㎡(49.0×16.3m)
쌍둥이,3 쌍둥이,53+47,53,178.9,238,29,179,10,59,37580,400.0,12849,50429,836,8.9,0.035,19.3,0.22,2,3.226,14.89,53층 355㎡(23.8×14.9m) + 47층 400㎡(25.3×15.8m)
단일,1a 방위·위치,47,47,159.1,238,34,179,8,59,37580,400.0,9631,47211,866,9.22,0.091,,,1,3.214,16.33,47층 800㎡(49.0×16.3m)
쌍둥이+저층부,4 쌍둥이+저층부,48+48,48,162.4,242,20,179,0,63,37580,400.0,11508,49088,4147,44.14,0.072,26.1,0.32,3,3.365,13.33,48층 284㎡(21.3×13.3m) + 48층 284㎡(21.3×13.3m) + 저층부 3층 4000㎡(109.5×36.5m)
쌍둥이+저층부,4 쌍둥이+저층부,48+48,48,162.4,252,30,179,12,73,37580,400.0,12328,49908,4135,44.01,0.14,21.0,5.25,3,3.408,12.09,48층 322㎡(26.6×12.1m) + 48층 322㎡(26.6×12.1m) + 저층부 2층 4000㎡(89.4×44.7m)
쌍둥이+저층부,4 쌍둥이+저층부,53+53,53,178.9,259,20,179,12,80,37580,400.0,12948,50528,4129,43.95,0.065,26.5,0.3,3,3.386,11.48,53층 290㎡(25.3×11.5m) + 53층 290㎡(25.3×11.5m) + 저층부 2층 4000㎡(74.8×53.5m)
단일,1a 방위·위치,47,47,159.1,239,32,180,8,59,37580,400.0,9631,47211,866,9.22,0.091,,,1,3.185,16.33,47층 800㎡(49.0×16.3m)
쌍둥이+저층부,4 쌍둥이+저층부,48+48,48,162.4,258,24,180,12,78,37580,400.0,12557,50137,4135,44.01,0.087,31.1,0.38,3,3.42,9.73,48층 284㎡(29.2×9.7m) + 48층 284㎡(29.2×9.7m) + 저층부 3층 4000㎡(89.4×44.7m)
단일,1a 방위·위치,47,47,159.1,260,31,180,12,80,37580,400.0,9631,47211,866,9.22,0.12,,,1,3.346,16.33,47층 800㎡(49.0×16.3m)
쌍둥이,3 쌍둥이,55+41,55,185.5,240,29,181,10,59,37580,400.0,12572,50152,860,9.15,0.044,19.1,0.21,2,3.23,15.14,55층 410㎡(25.6×16.0m) + 41층 367㎡(24.2×15.1m)
쌍둥이+저층부,4 쌍둥이+저층부,43+43,43,145.9,242,16,181,0,61,37580,400.0,10776,48356,4135,44.01,0.137,25.3,0.35,3,3.37,14.14,43층 320㎡(22.6×14.1m) + 43층 320㎡(22.6×14.1m) + 저층부 3층 4000㎡(89.4×44.7m)
쌍둥이+저층부,4 쌍둥이+저층부,53+53,53,178.9,252,21,181,1,71,37580,400.0,12983,50563,4135,44.01,0.126,27.9,0.31,3,3.345,11.48,53층 290㎡(25.3×11.5m) + 53층 290㎡(25.3×11.5m) + 저층부 2층 4000㎡(89.4×44.7m)
쌍둥이+저층부,4 쌍둥이+저층부,53+53,53,178.9,256,18,181,4,75,37580,400.0,12948,50528,4129,43.95,0.071,25.5,0.29,3,3.355,11.48,53층 290㎡(25.3×11.5m) + 53층 290㎡(25.3×11.5m) + 저층부 2층 4000㎡(74.8×53.5m)
쌍둥이,3 쌍둥이,44+44,44,149.2,238,29,182,10,56,37580,400.0,12502,50082,945,10.06,0.044,20.8,0.28,2,3.251,12.46,44층 512㎡(33.6×15.3m) + 44층 342㎡(27.4×12.5m)
쌍둥이+저층부,4 쌍둥이+저층부,43+43,43,145.9,247,28,182,8,65,37580,400.0,10776,48356,4135,44.01,0.102,29.3,7.32,3,3.392,14.14,43층 320㎡(22.6×14.1m) + 43층 320㎡(22.6×14.1m) + 저층부 3층 4000㎡(89.4×44.7m)
쌍둥이+저층부,4 쌍둥이+저층부,53+53,53,178.9,255,16,183,0,72,37580,400.0,12983,50563,4135,44.01,0.097,25.6,6.39,3,3.371,11.48,53층 290㎡(25.3×11.5m) + 53층 290㎡(25.3×11.5m) + 저층부 2층 4000㎡(89.4×44.7m)
단일,1a 방위·위치,47,47,159.1,267,30,183,12,84,37580,400.0,9631,47211,866,9.22,0.054,,,1,3.246,16.33,47층 800㎡(49.0×16.3m)
쌍둥이+저층부,4 쌍둥이+저층부,48+48,48,162.4,254,15,184,0,70,37580,400.0,12328,49908,4135,44.01,0.099,24.9,6.23,3,3.375,12.09,48층 322㎡(26.6×12.1m) + 48층 322㎡(26.6×12.1m) + 저층부 2층 4000㎡(89.4×44.7m)
단일,1a 방위·위치,47,47,159.1,255,21,184,6,71,37580,400.0,9631,47211,866,9.22,0.04,,,1,3.305,16.33,47층 800㎡(49.0×16.3m)
쌍둥이+저층부,4 쌍둥이+저층부,43+43,43,145.9,256,17,184,1,72,37580,400.0,11165,48745,4135,44.01,0.18,22.0,0.3,3,3.335,15.02,43층 361㎡(24.0×15.0m) + 43층 361㎡(24.0×15.0m) + 저층부 2층 4000㎡(89.4×44.7m)
단일,1a 방위·위치,47,47,159.1,258,26,184,6,74,37580,400.0,9631,47211,866,9.22,0.154,,,1,3.247,16.33,47층 800㎡(49.0×16.3m)
단일,1a 방위·위치,47,47,159.1,258,22,184,1,74,37580,400.0,9631,47211,866,9.22,0.04,,,1,3.181,16.33,47층 800㎡(49.0×16.3m)
쌍둥이+저층부,4 쌍둥이+저층부,53+53,53,178.9,260,24,184,4,76,37580,400.0,12452,50032,4135,44.01,0.09,24.2,6.04,3,3.329,13.46,53층 290㎡(21.5×13.5m) + 53층 290㎡(21.5×13.5m) + 저층부 2층 4000㎡(89.4×44.7m)
쌍둥이,3 쌍둥이,53+50,53,178.9,243,29,185,10,58,37580,400.0,13014,50594,806,8.58,0.045,19.6,0.22,2,3.232,13.71,53층 425㎡(26.1×16.3m) + 50층 301㎡(21.9×13.7m)
단일,1a 방위·위치,47,47,159.1,259,25,185,11,74,37580,400.0,9631,47211,866,9.22,0.029,,,1,3.276,16.33,47층 800㎡(49.0×16.3m)
쌍둥이+저층부,4 쌍둥이+저층부,38+38,38,129.4,239,14,186,0,53,37580,400.0,10074,47654,4135,44.01,0.108,22.2,5.54,3,3.403,13.52,38층 439㎡(26.5×16.6m) + 38층 292㎡(21.6×13.5m) + 저층부 3층 4000㎡(89.4×44.7m)
단일,1a 방위·위치,47,47,159.1,261,29,186,12,75,37580,400.0,9631,47211,866,9.22,0.129,,,1,3.279,16.33,47층 800㎡(49.0×16.3m)
쌍둥이+저층부,4 쌍둥이+저층부,38+38,38,129.4,249,20,187,6,62,37580,400.0,10181,47761,4147,44.14,0.132,34.5,8.62,3,3.398,13.52,38층 439㎡(26.5×16.6m) + 38층 292㎡(21.6×13.5m) + 저층부 3층 4000㎡(109.5×36.5m)
쌍둥이+저층부,4 쌍둥이+저층부,53+53,53,178.9,251,19,187,0,64,37580,400.0,12452,50032,4135,44.01,0.076,25.9,0.29,3,3.326,13.46,53층 290㎡(21.5×13.5m) + 53층 290㎡(21.5×13.5m) + 저층부 2층 4000㎡(89.4×44.7m)
단일,1a 방위·위치,47,47,159.1,271,31,187,12,84,37580,400.0,9631,47211,866,9.22,0.088,,,1,3.254,16.33,47층 800㎡(49.0×16.3m)
쌍둥이,3 쌍둥이,41+38,41,139.3,243,29,188,10,55,37580,400.0,11826,49406,1041,11.08,0.043,20.0,0.29,2,3.259,13.41,41층 550㎡(34.8×15.8m) + 38층 396㎡(29.5×13.4m)
쌍둥이+저층부,4 쌍둥이+저층부,43+43,43,145.9,253,18,188,0,65,37580,400.0,11116,48696,4135,44.01,0.136,25.8,0.35,3,3.342,13.43,43층 433㎡(26.3×16.4m) + 43층 289㎡(21.5×13.4m) + 저층부 2층 4000㎡(89.4×44.7m)
쌍둥이+저층부,4 쌍둥이+저층부,48+48,48,162.4,257,27,188,9,69,37580,400.0,11865,49445,4135,44.01,0.084,37.9,0.47,3,3.366,11.37,48층 284㎡(25.0×11.4m) + 48층 284㎡(25.0×11.4m) + 저층부 3층 4000㎡(89.4×44.7m)
단일,1a 방위·위치,47,47,159.1,271,28,189,12,82,37580,400.0,9631,47211,866,9.22,0.087,,,1,3.316,16.33,47층 800㎡(49.0×16.3m)
쌍둥이+저층부,4 쌍둥이+저층부,53+53,53,178.9,261,30,190,8,71,37580,400.0,12452,50032,4135,44.01,0.087,27.3,0.31,3,3.342,13.46,53층 290㎡(21.5×13.5m) + 53층 290㎡(21.5×13.5m) + 저층부 2층 4000㎡(89.4×44.7m)
단일,1a 방위·위치,47,47,159.1,263,24,190,6,73,37580,400.0,9631,47211,866,9.22,0.124,,,1,3.259,16.33,47층 800㎡(49.0×16.3m)
쌍둥이+저층부,4 쌍둥이+저층부,53+53,53,178.9,270,20,190,12,80,37580,400.0,12417,49997,4129,43.95,0.077,24.5,0.27,3,3.365,13.46,53층 290㎡(21.5×13.5m) + 53층 290㎡(21.5×13.5m) + 저층부 2층 4000㎡(74.8×53.5m)
쌍둥이+저층부,4 쌍둥이+저층부,53+53,53,178.9,257,19,191,0,66,37580,400.0,12452,50032,4135,44.01,0.076,27.3,0.31,3,3.346,13.46,53층 290㎡(21.5×13.5m) + 53층 290㎡(21.5×13.5m) + 저층부 2층 4000㎡(89.4×44.7m)
단일,1a 방위·위치,47,47,159.1,265,21,191,7,74,37580,400.0,9631,47211,866,9.22,0.064,,,1,3.243,16.33,47층 800㎡(49.0×16.3m)
쌍둥이+저층부,4 쌍둥이+저층부,53+53,53,178.9,264,22,192,1,72,37580,400.0,12983,50563,4135,44.01,0.126,29.3,0.33,3,3.369,11.48,53층 290㎡(25.3×11.5m) + 53층 290㎡(25.3×11.5m) + 저층부 2층 4000㎡(89.4×44.7m)
쌍둥이+저층부,4 쌍둥이+저층부,53+53,53,178.9,264,15,192,0,72,37580,400.0,12983,50563,4135,44.01,0.041,35.5,0.4,3,3.346,11.48,53층 290㎡(25.3×11.5m) + 53층 290㎡(25.3×11.5m) + 저층부 2층 4000㎡(89.4×44.7m)
단일,1a 방위·위치,47,47,159.1,266,22,192,6,74,37580,400.0,9631,47211,866,9.22,0.113,,,1,3.227,16.33,47층 800㎡(49.0×16.3m)
쌍둥이,3 쌍둥이,47+38,47,159.1,251,28,194,10,57,37580,400.0,11771,49351,983,10.46,0.029,17.9,0.23,2,3.23,15.81,47층 400㎡(25.3×15.8m) + 38층 494㎡(28.1×17.6m)
쌍둥이+저층부,4 쌍둥이+저층부,48+48,48,162.4,257,18,194,0,63,37580,400.0,11823,49403,4135,44.01,0.079,25.2,0.31,3,3.322,14.18,48층 322㎡(22.7×14.2m) + 48층 322㎡(22.7×14.2m) + 저층부 2층 4000㎡(89.4×44.7m)
쌍둥이+저층부,4 쌍둥이+저층부,53+53,53,178.9,268,30,194,8,74,37580,400.0,12452,50032,4135,44.01,0.087,30.2,7.56,3,3.365,13.46,53층 290㎡(21.5×13.5m) + 53층 290㎡(21.5×13.5m) + 저층부 2층 4000㎡(89.4×44.7m)
쌍둥이+저층부,4 쌍둥이+저층부,48+48,48,162.4,269,22,194,6,75,37580,400.0,11401,48981,4135,44.01,0.146,27.5,0.34,3,3.387,13.33,48층 284㎡(21.3×13.3m) + 48층 284㎡(21.3×13.3m) + 저층부 3층 4000㎡(89.4×44.7m)
쌍둥이,3 쌍둥이,44+38,44,149.2,253,28,195,10,58,37580,400.0,11556,49136,1012,10.77,0.029,17.7,0.24,2,3.23,16.34,44층 427㎡(26.1×16.3m) + 38층 494㎡(28.1×17.6m)
쌍둥이,3 쌍둥이,44+44,44,149.2,254,29,195,10,59,37580,400.0,12006,49586,941,10.02,0.034,18.3,0.25,2,3.223,16.34,44층 427㎡(26.1×16.3m) + 44층 427㎡(26.1×16.3m)
쌍둥이+저층부,4 쌍둥이+저층부,48+48,48,162.4,265,28,195,10,70,37580,400.0,11865,49445,4135,44.01,0.084,39.3,0.48,3,3.384,11.37,48층 284㎡(25.0×11.4m) + 48층 284㎡(25.0×11.4m) + 저층부 3층 4000㎡(89.4×44.7m)
쌍둥이+저층부,4 쌍둥이+저층부,48+48,48,162.4,271,35,196,16,75,37580,400.0,11865,49445,4135,44.01,0.069,29.4,0.36,3,3.377,11.37,48층 284㎡(25.0×11.4m) + 48층 284㎡(25.0×11.4m) + 저층부 3층 4000㎡(89.4×44.7m)
쌍둥이+저층부,4 쌍둥이+저층부,53+53,53,178.9,274,30,196,12,78,37580,400.0,12983,50563,4135,44.01,0.12,29.3,0.33,3,3.372,11.48,53층 290㎡(25.3×11.5m) + 53층 290㎡(25.3×11.5m) + 저층부 2층 4000㎡(89.4×44.7m)
단일,1a 방위·위치,47,47,159.1,277,26,196,12,81,37580,400.0,9631,47211,866,9.22,0.053,,,1,3.267,16.33,47층 800㎡(49.0×16.3m)
쌍둥이,3 쌍둥이,41+41,41,139.3,254,28,197,10,57,37580,400.0,11563,49143,1007,10.71,0.032,17.7,0.25,2,3.225,16.92,41층 458㎡(27.1×16.9m) + 41층 458㎡(27.1×16.9m)
쌍둥이+저층부,4 쌍둥이+저층부,48+48,48,162.4,274,19,197,0,77,37580,400.0,11823,49403,4135,44.01,0.143,23.2,5.81,3,3.337,14.18,48층 322㎡(22.7×14.2m) + 48층 322㎡(22.7×14.2m) + 저층부 2층 4000㎡(89.4×44.7m)
쌍둥이,3 쌍둥이,47+38,47,159.1,255,29,198,10,57,37580,400.0,11658,49238,942,10.03,0.059,18.5,0.23,2,3.246,13.62,47층 560㎡(29.9×18.7m) + 38층 297㎡(21.8×13.6m)
쌍둥이,3 쌍둥이,38+38,38,129.4,254,29,199,10,55,37580,400.0,11052,48632,1082,11.52,0.043,17.1,0.26,2,3.233,15.72,38층 593㎡(30.8×19.3m) + 38층 396㎡(25.2×15.7m)
쌍둥이+저층부,4 쌍둥이+저층부,48+48,48,162.4,296,14,216,3,80,37580,400.0,11823,49403,4135,44.01,0.135,32.8,0.4,3,3.333,14.18,48층 322㎡(22.7×14.2m) + 48층 322㎡(22.7×14.2m) + 저층부 2층 4000㎡(89.4×44.7m)
쌍둥이+저층부,4 쌍둥이+저층부,48+48,48,162.4,298,17,222,2,76,37580,400.0,11823,49403,4135,44.01,0.123,36.5,0.45,3,3.351,14.18,48층 322㎡(22.7×14.2m) + 48층 322㎡(22.7×14.2m) + 저층부 2층 4000㎡(89.4×44.7m)
쌍둥이+저층부,4 쌍둥이+저층부,53+53,53,178.9,304,26,227,13,77,37580,400.0,12523,50103,4147,44.14,0.064,49.0,12.25,3,3.365,13.46,53층 290㎡(21.5×13.5m) + 53층 290㎡(21.5×13.5m) + 저층부 2층 4000㎡(109.5×36.5m)
