{
 "type": "FeatureCollection",
 "features": [
  {
   "type": "Feature",
   "geometry": {
    "type": "Point",
    "coordinates": [
     126.93342864,
     37.52560416
    ]
   },
   "properties": {
    "pid": "여의도고등학교 ①(4층) 1층-1",
    "school": "여의도고등학교",
    "jibun": "30-1",
    "kind": "교사동 창면",
    "dong": "여의도고등학교 ①(4층)",
    "facade": "남향외벽",
    "floor": 1,
    "source": "일반식",
    "z_m": 1.2,
    "normal_az": 142.5,
    "s1_total_h": 5.67,
    "s1_cont_h": 5.67,
    "s1_pass_a": true,
    "s1_pass_b": true,
    "s2_total_h": 5.67,
    "s2_cont_h": 5.67,
    "s2_pass_a": true,
    "s2_pass_b": true,
    "d_total_h": 0.0,
    "d_cont_h": 0.0,
    "change_cd": "keep_ok",
    "변화": "유지 충족"
   }
  },
  {
   "type": "Feature",
   "geometry": {
    "type": "Point",
    "coordinates": [
     126.93342864,
     37.52560416
    ]
   },
   "properties": {
    "pid": "여의도고등학교 ①(4층) 2층-1",
    "school": "여의도고등학교",
    "jibun": "30-1",
    "kind": "교사동 창면",
    "dong": "여의도고등학교 ①(4층)",
    "facade": "남향외벽",
    "floor": 2,
    "source": "일반식",
    "z_m": 4.7,
    "normal_az": 142.5,
    "s1_total_h": 6.0,
    "s1_cont_h": 6.0,
    "s1_pass_a": true,
    "s1_pass_b": true,
    "s2_total_h": 6.0,
    "s2_cont_h": 6.0,
    "s2_pass_a": true,
    "s2_pass_b": true,
    "d_total_h": 0.0,
    "d_cont_h": 0.0,
    "change_cd": "keep_ok",
    "변화": "유지 충족"
   }
  },
  {
   "type": "Feature",
   "geometry": {
    "type": "Point",
    "coordinates": [
     126.93342864,
     37.52560416
    ]
   },
   "properties": {
    "pid": "여의도고등학교 ①(4층) 3층-1",
    "school": "여의도고등학교",
    "jibun": "30-1",
    "kind": "교사동 창면",
    "dong": "여의도고등학교 ①(4층)",
    "facade": "남향외벽",
    "floor": 3,
    "source": "일반식",
    "z_m": 8.2,
    "normal_az": 142.5,
    "s1_total_h": 6.33,
    "s1_cont_h": 6.33,
    "s1_pass_a": true,
    "s1_pass_b": true,
    "s2_total_h": 6.33,
    "s2_cont_h": 6.33,
    "s2_pass_a": true,
    "s2_pass_b": true,
    "d_total_h": 0.0,
    "d_cont_h": 0.0,
    "change_cd": "keep_ok",
    "변화": "유지 충족"
   }
  },
  {
   "type": "Feature",
   "geometry": {
    "type": "Point",
    "coordinates": [
     126.93342864,
     37.52560416
    ]
   },
   "properties": {
    "pid": "여의도고등학교 ①(4층) 4층-1",
    "school": "여의도고등학교",
    "jibun": "30-1",
    "kind": "교사동 창면",
    "dong": "여의도고등학교 ①(4층)",
    "facade": "남향외벽",
    "floor": 4,
    "source": "일반식",
    "z_m": 11.7,
    "normal_az": 142.5,
    "s1_total_h": 6.83,
    "s1_cont_h": 6.83,
    "s1_pass_a": true,
    "s1_pass_b": true,
    "s2_total_h": 6.83,
    "s2_cont_h": 6.83,
    "s2_pass_a": true,
    "s2_pass_b": true,
    "d_total_h": 0.0,
    "d_cont_h": 0.0,
    "change_cd": "keep_ok",
    "변화": "유지 충족"
   }
  },
  {
   "type": "Feature",
   "geometry": {
    "type": "Point",
    "coordinates": [
     126.93338366,
     37.52557663
    ]
   },
   "properties": {
    "pid": "여의도고등학교 ①(4층) 1층-2",
    "school": "여의도고등학교",
    "jibun": "30-1",
    "kind": "교사동 창면",
    "dong": "여의도고등학교 ①(4층)",
    "facade": "남향외벽",
    "floor": 1,
    "source": "일반식",
    "z_m": 1.2,
    "normal_az": 142.5,
    "s1_total_h": 5.67,
    "s1_cont_h": 5.67,
    "s1_pass_a": true,
    "s1_pass_b": true,
    "s2_total_h": 5.67,
    "s2_cont_h": 5.67,
    "s2_pass_a": true,
    "s2_pass_b": true,
    "d_total_h": 0.0,
    "d_cont_h": 0.0,
    "change_cd": "keep_ok",
    "변화": "유지 충족"
   }
  },
  {
   "type": "Feature",
   "geometry": {
    "type": "Point",
    "coordinates": [
     126.93338366,
     37.52557663
    ]
   },
   "properties": {
    "pid": "여의도고등학교 ①(4층) 2층-2",
    "school": "여의도고등학교",
    "jibun": "30-1",
    "kind": "교사동 창면",
    "dong": "여의도고등학교 ①(4층)",
    "facade": "남향외벽",
    "floor": 2,
    "source": "일반식",
    "z_m": 4.7,
    "normal_az": 142.5,
    "s1_total_h": 6.0,
    "s1_cont_h": 6.0,
    "s1_pass_a": true,
    "s1_pass_b": true,
    "s2_total_h": 6.0,
    "s2_cont_h": 6.0,
    "s2_pass_a": true,
    "s2_pass_b": true,
    "d_total_h": 0.0,
    "d_cont_h": 0.0,
    "change_cd": "keep_ok",
    "변화": "유지 충족"
   }
  },
  {
   "type": "Feature",
   "geometry": {
    "type": "Point",
    "coordinates": [
     126.93338366,
     37.52557663
    ]
   },
   "properties": {
    "pid": "여의도고등학교 ①(4층) 3층-2",
    "school": "여의도고등학교",
    "jibun": "30-1",
    "kind": "교사동 창면",
    "dong": "여의도고등학교 ①(4층)",
    "facade": "남향외벽",
    "floor": 3,
    "source": "일반식",
    "z_m": 8.2,
    "normal_az": 142.5,
    "s1_total_h": 6.33,
    "s1_cont_h": 6.33,
    "s1_pass_a": true,
    "s1_pass_b": true,
    "s2_total_h": 6.33,
    "s2_cont_h": 6.33,
    "s2_pass_a": true,
    "s2_pass_b": true,
    "d_total_h": 0.0,
    "d_cont_h": 0.0,
    "change_cd": "keep_ok",
    "변화": "유지 충족"
   }
  },
  {
   "type": "Feature",
   "geometry": {
    "type": "Point",
    "coordinates": [
     126.93338366,
     37.52557663
    ]
   },
   "properties": {
    "pid": "여의도고등학교 ①(4층) 4층-2",
    "school": "여의도고등학교",
    "jibun": "30-1",
    "kind": "교사동 창면",
    "dong": "여의도고등학교 ①(4층)",
    "facade": "남향외벽",
    "floor": 4,
    "source": "일반식",
    "z_m": 11.7,
    "normal_az": 142.5,
    "s1_total_h": 7.0,
    "s1_cont_h": 7.0,
    "s1_pass_a": true,
    "s1_pass_b": true,
    "s2_total_h": 7.0,
    "s2_cont_h": 7.0,
    "s2_pass_a": true,
    "s2_pass_b": true,
    "d_total_h": 0.0,
    "d_cont_h": 0.0,
    "change_cd": "keep_ok",
    "변화": "유지 충족"
   }
  },
  {
   "type": "Feature",
   "geometry": {
    "type": "Point",
    "coordinates": [
     126.93333867,
     37.5255491
    ]
   },
   "properties": {
    "pid": "여의도고등학교 ①(4층) 1층-3",
    "school": "여의도고등학교",
    "jibun": "30-1",
    "kind": "교사동 창면",
    "dong": "여의도고등학교 ①(4층)",
    "facade": "남향외벽",
    "floor": 1,
    "source": "일반식",
    "z_m": 1.2,
    "normal_az": 142.5,
    "s1_total_h": 5.83,
    "s1_cont_h": 5.83,
    "s1_pass_a": true,
    "s1_pass_b": true,
    "s2_total_h": 5.83,
    "s2_cont_h": 5.83,
    "s2_pass_a": true,
    "s2_pass_b": true,
    "d_total_h": 0.0,
    "d_cont_h": 0.0,
    "change_cd": "keep_ok",
    "변화": "유지 충족"
   }
  },
  {
   "type": "Feature",
   "geometry": {
    "type": "Point",
    "coordinates": [
     126.93333867,
     37.5255491
    ]
   },
   "properties": {
    "pid": "여의도고등학교 ①(4층) 2층-3",
    "school": "여의도고등학교",
    "jibun": "30-1",
    "kind": "교사동 창면",
    "dong": "여의도고등학교 ①(4층)",
    "facade": "남향외벽",
    "floor": 2,
    "source": "일반식",
    "z_m": 4.7,
    "normal_az": 142.5,
    "s1_total_h": 6.0,
    "s1_cont_h": 6.0,
    "s1_pass_a": true,
    "s1_pass_b": true,
    "s2_total_h": 6.0,
    "s2_cont_h": 6.0,
    "s2_pass_a": true,
    "s2_pass_b": true,
    "d_total_h": 0.0,
    "d_cont_h": 0.0,
    "change_cd": "keep_ok",
    "변화": "유지 충족"
   }
  },
  {
   "type": "Feature",
   "geometry": {
    "type": "Point",
    "coordinates": [
     126.93333867,
     37.5255491
    ]
   },
   "properties": {
    "pid": "여의도고등학교 ①(4층) 3층-3",
    "school": "여의도고등학교",
    "jibun": "30-1",
    "kind": "교사동 창면",
    "dong": "여의도고등학교 ①(4층)",
    "facade": "남향외벽",
    "floor": 3,
    "source": "일반식",
    "z_m": 8.2,
    "normal_az": 142.5,
    "s1_total_h": 6.33,
    "s1_cont_h": 6.33,
    "s1_pass_a": true,
    "s1_pass_b": true,
    "s2_total_h": 6.33,
    "s2_cont_h": 6.33,
    "s2_pass_a": true,
    "s2_pass_b": true,
    "d_total_h": 0.0,
    "d_cont_h": 0.0,
    "change_cd": "keep_ok",
    "변화": "유지 충족"
   }
  },
  {
   "type": "Feature",
   "geometry": {
    "type": "Point",
    "coordinates": [
     126.93333867,
     37.5255491
    ]
   },
   "properties": {
    "pid": "여의도고등학교 ①(4층) 4층-3",
    "school": "여의도고등학교",
    "jibun": "30-1",
    "kind": "교사동 창면",
    "dong": "여의도고등학교 ①(4층)",
    "facade": "남향외벽",
    "floor": 4,
    "source": "일반식",
    "z_m": 11.7,
    "normal_az": 142.5,
    "s1_total_h": 6.83,
    "s1_cont_h": 6.83,
    "s1_pass_a": true,
    "s1_pass_b": true,
    "s2_total_h": 6.83,
    "s2_cont_h": 6.83,
    "s2_pass_a": true,
    "s2_pass_b": true,
    "d_total_h": 0.0,
    "d_cont_h": 0.0,
    "change_cd": "keep_ok",
    "변화": "유지 충족"
   }
  },
  {
   "type": "Feature",
   "geometry": {
    "type": "Point",
    "coordinates": [
     126.93329369,
     37.52552157
    ]
   },
   "properties": {
    "pid": "여의도고등학교 ①(4층) 1층-4",
    "school": "여의도고등학교",
    "jibun": "30-1",
    "kind": "교사동 창면",
    "dong": "여의도고등학교 ①(4층)",
    "facade": "남향외벽",
    "floor": 1,
    "source": "일반식",
    "z_m": 1.2,
    "normal_az": 142.5,
    "s1_total_h": 5.83,
    "s1_cont_h": 5.83,
    "s1_pass_a": true,
    "s1_pass_b": true,
    "s2_total_h": 5.83,
    "s2_cont_h": 5.83,
    "s2_pass_a": true,
    "s2_pass_b": true,
    "d_total_h": 0.0,
    "d_cont_h": 0.0,
    "change_cd": "keep_ok",
    "변화": "유지 충족"
   }
  },
  {
   "type": "Feature",
   "geometry": {
    "type": "Point",
    "coordinates": [
     126.93329369,
     37.52552157
    ]
   },
   "properties": {
    "pid": "여의도고등학교 ①(4층) 2층-4",
    "school": "여의도고등학교",
    "jibun": "30-1",
    "kind": "교사동 창면",
    "dong": "여의도고등학교 ①(4층)",
    "facade": "남향외벽",
    "floor": 2,
    "source": "일반식",
    "z_m": 4.7,
    "normal_az": 142.5,
    "s1_total_h": 5.83,
    "s1_cont_h": 5.83,
    "s1_pass_a": true,
    "s1_pass_b": true,
    "s2_total_h": 5.83,
    "s2_cont_h": 5.83,
    "s2_pass_a": true,
    "s2_pass_b": true,
    "d_total_h": 0.0,
    "d_cont_h": 0.0,
    "change_cd": "keep_ok",
    "변화": "유지 충족"
   }
  },
  {
   "type": "Feature",
   "geometry": {
    "type": "Point",
    "coordinates": [
     126.93329369,
     37.52552157
    ]
   },
   "properties": {
    "pid": "여의도고등학교 ①(4층) 3층-4",
    "school": "여의도고등학교",
    "jibun": "30-1",
    "kind": "교사동 창면",
    "dong": "여의도고등학교 ①(4층)",
    "facade": "남향외벽",
    "floor": 3,
    "source": "일반식",
    "z_m": 8.2,
    "normal_az": 142.5,
    "s1_total_h": 6.33,
    "s1_cont_h": 6.33,
    "s1_pass_a": true,
    "s1_pass_b": true,
    "s2_total_h": 6.33,
    "s2_cont_h": 6.33,
    "s2_pass_a": true,
    "s2_pass_b": true,
    "d_total_h": 0.0,
    "d_cont_h": 0.0,
    "change_cd": "keep_ok",
    "변화": "유지 충족"
   }
  },
  {
   "type": "Feature",
   "geometry": {
    "type": "Point",
    "coordinates": [
     126.93329369,
     37.52552157
    ]
   },
   "properties": {
    "pid": "여의도고등학교 ①(4층) 4층-4",
    "school": "여의도고등학교",
    "jibun": "30-1",
    "kind": "교사동 창면",
    "dong": "여의도고등학교 ①(4층)",
    "facade": "남향외벽",
    "floor": 4,
    "source": "일반식",
    "z_m": 11.7,
    "normal_az": 142.5,
    "s1_total_h": 6.83,
    "s1_cont_h": 6.83,
    "s1_pass_a": true,
    "s1_pass_b": true,
    "s2_total_h": 6.83,
    "s2_cont_h": 6.83,
    "s2_pass_a": true,
    "s2_pass_b": true,
    "d_total_h": 0.0,
    "d_cont_h": 0.0,
    "change_cd": "keep_ok",
    "변화": "유지 충족"
   }
  },
  {
   "type": "Feature",
   "geometry": {
    "type": "Point",
    "coordinates": [
     126.93324872,
     37.52549404
    ]
   },
   "properties": {
    "pid": "여의도고등학교 ①(4층) 1층-5",
    "school": "여의도고등학교",
    "jibun": "30-1",
    "kind": "교사동 창면",
    "dong": "여의도고등학교 ①(4층)",
    "facade": "남향외벽",
    "floor": 1,
    "source": "일반식",
    "z_m": 1.2,
    "normal_az": 142.5,
    "s1_total_h": 5.83,
    "s1_cont_h": 5.83,
    "s1_pass_a": true,
    "s1_pass_b": true,
    "s2_total_h": 5.83,
    "s2_cont_h": 5.83,
    "s2_pass_a": true,
    "s2_pass_b": true,
    "d_total_h": 0.0,
    "d_cont_h": 0.0,
    "change_cd": "keep_ok",
    "변화": "유지 충족"
   }
  },
  {
   "type": "Feature",
   "geometry": {
    "type": "Point",
    "coordinates": [
     126.93324872,
     37.52549404
    ]
   },
   "properties": {
    "pid": "여의도고등학교 ①(4층) 2층-5",
    "school": "여의도고등학교",
    "jibun": "30-1",
    "kind": "교사동 창면",
    "dong": "여의도고등학교 ①(4층)",
    "facade": "남향외벽",
    "floor": 2,
    "source": "일반식",
    "z_m": 4.7,
    "normal_az": 142.5,
    "s1_total_h": 6.0,
    "s1_cont_h": 6.0,
    "s1_pass_a": true,
    "s1_pass_b": true,
    "s2_total_h": 6.0,
    "s2_cont_h": 6.0,
    "s2_pass_a": true,
    "s2_pass_b": true,
    "d_total_h": 0.0,
    "d_cont_h": 0.0,
    "change_cd": "keep_ok",
    "변화": "유지 충족"
   }
  },
  {
   "type": "Feature",
   "geometry": {
    "type": "Point",
    "coordinates": [
     126.93324872,
     37.52549404
    ]
   },
   "properties": {
    "pid": "여의도고등학교 ①(4층) 3층-5",
    "school": "여의도고등학교",
    "jibun": "30-1",
    "kind": "교사동 창면",
    "dong": "여의도고등학교 ①(4층)",
    "facade": "남향외벽",
    "floor": 3,
    "source": "일반식",
    "z_m": 8.2,
    "normal_az": 142.5,
    "s1_total_h": 6.33,
    "s1_cont_h": 6.33,
    "s1_pass_a": true,
    "s1_pass_b": true,
    "s2_total_h": 6.33,
    "s2_cont_h": 6.33,
    "s2_pass_a": true,
    "s2_pass_b": true,
    "d_total_h": 0.0,
    "d_cont_h": 0.0,
    "change_cd": "keep_ok",
    "변화": "유지 충족"
   }
  },
  {
   "type": "Feature",
   "geometry": {
    "type": "Point",
    "coordinates": [
     126.93324872,
     37.52549404
    ]
   },
   "properties": {
    "pid": "여의도고등학교 ①(4층) 4층-5",
    "school": "여의도고등학교",
    "jibun": "30-1",
    "kind": "교사동 창면",
    "dong": "여의도고등학교 ①(4층)",
    "facade": "남향외벽",
    "floor": 4,
    "source": "일반식",
    "z_m": 11.7,
    "normal_az": 142.5,
    "s1_total_h": 6.67,
    "s1_cont_h": 6.67,
    "s1_pass_a": true,
    "s1_pass_b": true,
    "s2_total_h": 6.67,
    "s2_cont_h": 6.67,
    "s2_pass_a": true,
    "s2_pass_b": true,
    "d_total_h": 0.0,
    "d_cont_h": 0.0,
    "change_cd": "keep_ok",
    "변화": "유지 충족"
   }
  },
  {
   "type": "Feature",
   "geometry": {
    "type": "Point",
    "coordinates": [
     126.93320374,
     37.52546651
    ]
   },
   "properties": {
    "pid": "여의도고등학교 ①(4층) 1층-6",
    "school": "여의도고등학교",
    "jibun": "30-1",
    "kind": "교사동 창면",
    "dong": "여의도고등학교 ①(4층)",
    "facade": "남향외벽",
    "floor": 1,
    "source": "일반식",
    "z_m": 1.2,
    "normal_az": 142.5,
    "s1_total_h": 5.83,
    "s1_cont_h": 5.83,
    "s1_pass_a": true,
    "s1_pass_b": true,
    "s2_total_h": 5.83,
    "s2_cont_h": 5.83,
    "s2_pass_a": true,
    "s2_pass_b": true,
    "d_total_h": 0.0,
    "d_cont_h": 0.0,
    "change_cd": "keep_ok",
    "변화": "유지 충족"
   }
  },
  {
   "type": "Feature",
   "geometry": {
    "type": "Point",
    "coordinates": [
     126.93320374,
     37.52546651
    ]
   },
   "properties": {
    "pid": "여의도고등학교 ①(4층) 2층-6",
    "school": "여의도고등학교",
    "jibun": "30-1",
    "kind": "교사동 창면",
    "dong": "여의도고등학교 ①(4층)",
    "facade": "남향외벽",
    "floor": 2,
    "source": "일반식",
    "z_m": 4.7,
    "normal_az": 142.5,
    "s1_total_h": 5.83,
    "s1_cont_h": 5.83,
    "s1_pass_a": true,
    "s1_pass_b": true,
    "s2_total_h": 5.83,
    "s2_cont_h": 5.83,
    "s2_pass_a": true,
    "s2_pass_b": true,
    "d_total_h": 0.0,
    "d_cont_h": 0.0,
    "change_cd": "keep_ok",
    "변화": "유지 충족"
   }
  },
  {
   "type": "Feature",
   "geometry": {
    "type": "Point",
    "coordinates": [
     126.93320374,
     37.52546651
    ]
   },
   "properties": {
    "pid": "여의도고등학교 ①(4층) 3층-6",
    "school": "여의도고등학교",
    "jibun": "30-1",
    "kind": "교사동 창면",
    "dong": "여의도고등학교 ①(4층)",
    "facade": "남향외벽",
    "floor": 3,
    "source": "일반식",
    "z_m": 8.2,
    "normal_az": 142.5,
    "s1_total_h": 6.17,
    "s1_cont_h": 6.17,
    "s1_pass_a": true,
    "s1_pass_b": true,
    "s2_total_h": 6.17,
    "s2_cont_h": 6.17,
    "s2_pass_a": true,
    "s2_pass_b": true,
    "d_total_h": 0.0,
    "d_cont_h": 0.0,
    "change_cd": "keep_ok",
    "변화": "유지 충족"
   }
  },
  {
   "type": "Feature",
   "geometry": {
    "type": "Point",
    "coordinates": [
     126.93320374,
     37.52546651
    ]
   },
   "properties": {
    "pid": "여의도고등학교 ①(4층) 4층-6",
    "school": "여의도고등학교",
    "jibun": "30-1",
    "kind": "교사동 창면",
    "dong": "여의도고등학교 ①(4층)",
    "facade": "남향외벽",
    "floor": 4,
    "source": "일반식",
    "z_m": 11.7,
    "normal_az": 142.5,
    "s1_total_h": 6.5,
    "s1_cont_h": 6.5,
    "s1_pass_a": true,
    "s1_pass_b": true,
    "s2_total_h": 6.5,
    "s2_cont_h": 6.5,
    "s2_pass_a": true,
    "s2_pass_b": true,
    "d_total_h": 0.0,
    "d_cont_h": 0.0,
    "change_cd": "keep_ok",
    "변화": "유지 충족"
   }
  },
  {
   "type": "Feature",
   "geometry": {
    "type": "Point",
    "coordinates": [
     126.93315876,
     37.52543898
    ]
   },
   "properties": {
    "pid": "여의도고등학교 ①(4층) 1층-7",
    "school": "여의도고등학교",
    "jibun": "30-1",
    "kind": "교사동 창면",
    "dong": "여의도고등학교 ①(4층)",
    "facade": "남향외벽",
    "floor": 1,
    "source": "일반식",
    "z_m": 1.2,
    "normal_az": 142.5,
    "s1_total_h": 5.83,
    "s1_cont_h": 5.83,
    "s1_pass_a": true,
    "s1_pass_b": true,
    "s2_total_h": 5.83,
    "s2_cont_h": 5.83,
    "s2_pass_a": true,
    "s2_pass_b": true,
    "d_total_h": 0.0,
    "d_cont_h": 0.0,
    "change_cd": "keep_ok",
    "변화": "유지 충족"
   }
  },
  {
   "type": "Feature",
   "geometry": {
    "type": "Point",
    "coordinates": [
     126.93315876,
     37.52543898
    ]
   },
   "properties": {
    "pid": "여의도고등학교 ①(4층) 2층-7",
    "school": "여의도고등학교",
    "jibun": "30-1",
    "kind": "교사동 창면",
    "dong": "여의도고등학교 ①(4층)",
    "facade": "남향외벽",
    "floor": 2,
    "source": "일반식",
    "z_m": 4.7,
    "normal_az": 142.5,
    "s1_total_h": 6.0,
    "s1_cont_h": 6.0,
    "s1_pass_a": true,
    "s1_pass_b": true,
    "s2_total_h": 6.0,
    "s2_cont_h": 6.0,
    "s2_pass_a": true,
    "s2_pass_b": true,
    "d_total_h": 0.0,
    "d_cont_h": 0.0,
    "change_cd": "keep_ok",
    "변화": "유지 충족"
   }
  },
  {
   "type": "Feature",
   "geometry": {
    "type": "Point",
    "coordinates": [
     126.93315876,
     37.52543898
    ]
   },
   "properties": {
    "pid": "여의도고등학교 ①(4층) 3층-7",
    "school": "여의도고등학교",
    "jibun": "30-1",
    "kind": "교사동 창면",
    "dong": "여의도고등학교 ①(4층)",
    "facade": "남향외벽",
    "floor": 3,
    "source": "일반식",
    "z_m": 8.2,
    "normal_az": 142.5,
    "s1_total_h": 6.0,
    "s1_cont_h": 6.0,
    "s1_pass_a": true,
    "s1_pass_b": true,
    "s2_total_h": 6.0,
    "s2_cont_h": 6.0,
    "s2_pass_a": true,
    "s2_pass_b": true,
    "d_total_h": 0.0,
    "d_cont_h": 0.0,
    "change_cd": "keep_ok",
    "변화": "유지 충족"
   }
  },
  {
   "type": "Feature",
   "geometry": {
    "type": "Point",
    "coordinates": [
     126.93315876,
     37.52543898
    ]
   },
   "properties": {
    "pid": "여의도고등학교 ①(4층) 4층-7",
    "school": "여의도고등학교",
    "jibun": "30-1",
    "kind": "교사동 창면",
    "dong": "여의도고등학교 ①(4층)",
    "facade": "남향외벽",
    "floor": 4,
    "source": "일반식",
    "z_m": 11.7,
    "normal_az": 142.5,
    "s1_total_h": 6.33,
    "s1_cont_h": 6.33,
    "s1_pass_a": true,
    "s1_pass_b": true,
    "s2_total_h": 6.33,
    "s2_cont_h": 6.33,
    "s2_pass_a": true,
    "s2_pass_b": true,
    "d_total_h": 0.0,
    "d_cont_h": 0.0,
    "change_cd": "keep_ok",
    "변화": "유지 충족"
   }
  },
  {
   "type": "Feature",
   "geometry": {
    "type": "Point",
    "coordinates": [
     126.93311377,
     37.52541145
    ]
   },
   "properties": {
    "pid": "여의도고등학교 ①(4층) 1층-8",
    "school": "여의도고등학교",
    "jibun": "30-1",
    "kind": "교사동 창면",
    "dong": "여의도고등학교 ①(4층)",
    "facade": "남향외벽",
    "floor": 1,
    "source": "일반식",
    "z_m": 1.2,
    "normal_az": 142.5,
    "s1_total_h": 5.67,
    "s1_cont_h": 5.67,
    "s1_pass_a": true,
    "s1_pass_b": true,
    "s2_total_h": 5.67,
    "s2_cont_h": 5.67,
    "s2_pass_a": true,
    "s2_pass_b": true,
    "d_total_h": 0.0,
    "d_cont_h": 0.0,
    "change_cd": "keep_ok",
    "변화": "유지 충족"
   }
  },
  {
   "type": "Feature",
   "geometry": {
    "type": "Point",
    "coordinates": [
     126.93311377,
     37.52541145
    ]
   },
   "properties": {
    "pid": "여의도고등학교 ①(4층) 2층-8",
    "school": "여의도고등학교",
    "jibun": "30-1",
    "kind": "교사동 창면",
    "dong": "여의도고등학교 ①(4층)",
    "facade": "남향외벽",
    "floor": 2,
    "source": "일반식",
    "z_m": 4.7,
    "normal_az": 142.5,
    "s1_total_h": 5.83,
    "s1_cont_h": 5.83,
    "s1_pass_a": true,
    "s1_pass_b": true,
    "s2_total_h": 5.83,
    "s2_cont_h": 5.83,
    "s2_pass_a": true,
    "s2_pass_b": true,
    "d_total_h": 0.0,
    "d_cont_h": 0.0,
    "change_cd": "keep_ok",
    "변화": "유지 충족"
   }
  },
  {
   "type": "Feature",
   "geometry": {
    "type": "Point",
    "coordinates": [
     126.93311377,
     37.52541145
    ]
   },
   "properties": {
    "pid": "여의도고등학교 ①(4층) 3층-8",
    "school": "여의도고등학교",
    "jibun": "30-1",
    "kind": "교사동 창면",
    "dong": "여의도고등학교 ①(4층)",
    "facade": "남향외벽",
    "floor": 3,
    "source": "일반식",
    "z_m": 8.2,
    "normal_az": 142.5,
    "s1_total_h": 6.0,
    "s1_cont_h": 6.0,
    "s1_pass_a": true,
    "s1_pass_b": true,
    "s2_total_h": 6.0,
    "s2_cont_h": 6.0,
    "s2_pass_a": true,
    "s2_pass_b": true,
    "d_total_h": 0.0,
    "d_cont_h": 0.0,
    "change_cd": "keep_ok",
    "변화": "유지 충족"
   }
  },
  {
   "type": "Feature",
   "geometry": {
    "type": "Point",
    "coordinates": [
     126.93311377,
     37.52541145
    ]
   },
   "properties": {
    "pid": "여의도고등학교 ①(4층) 4층-8",
    "school": "여의도고등학교",
    "jibun": "30-1",
    "kind": "교사동 창면",
    "dong": "여의도고등학교 ①(4층)",
    "facade": "남향외벽",
    "floor": 4,
    "source": "일반식",
    "z_m": 11.7,
    "normal_az": 142.5,
    "s1_total_h": 6.17,
    "s1_cont_h": 6.17,
    "s1_pass_a": true,
    "s1_pass_b": true,
    "s2_total_h": 6.17,
    "s2_cont_h": 6.17,
    "s2_pass_a": true,
    "s2_pass_b": true,
    "d_total_h": 0.0,
    "d_cont_h": 0.0,
    "change_cd": "keep_ok",
    "변화": "유지 충족"
   }
  },
  {
   "type": "Feature",
   "geometry": {
    "type": "Point",
    "coordinates": [
     126.93307102,
     37.525437
    ]
   },
   "properties": {
    "pid": "여의도고등학교 ①(4층) 1층-9",
    "school": "여의도고등학교",
    "jibun": "30-1",
    "kind": "교사동 창면",
    "dong": "여의도고등학교 ①(4층)",
    "facade": "남향외벽",
    "floor": 1,
    "source": "일반식",
    "z_m": 1.2,
    "normal_az": 232.4,
    "s1_total_h": 3.67,
    "s1_cont_h": 3.67,
    "s1_pass_a": true,
    "s1_pass_b": true,
    "s2_total_h": 3.67,
    "s2_cont_h": 3.67,
    "s2_pass_a": true,
    "s2_pass_b": true,
    "d_total_h": 0.0,
    "d_cont_h": 0.0,
    "change_cd": "keep_ok",
    "변화": "유지 충족"
   }
  },
  {
   "type": "Feature",
   "geometry": {
    "type": "Point",
    "coordinates": [
     126.93307102,
     37.525437
    ]
   },
   "properties": {
    "pid": "여의도고등학교 ①(4층) 2층-9",
    "school": "여의도고등학교",
    "jibun": "30-1",
    "kind": "교사동 창면",
    "dong": "여의도고등학교 ①(4층)",
    "facade": "남향외벽",
    "floor": 2,
    "source": "일반식",
    "z_m": 4.7,
    "normal_az": 232.4,
    "s1_total_h": 3.67,
    "s1_cont_h": 3.67,
    "s1_pass_a": true,
    "s1_pass_b": true,
    "s2_total_h": 3.67,
    "s2_cont_h": 3.67,
    "s2_pass_a": true,
    "s2_pass_b": true,
    "d_total_h": 0.0,
    "d_cont_h": 0.0,
    "change_cd": "keep_ok",
    "변화": "유지 충족"
   }
  },
  {
   "type": "Feature",
   "geometry": {
    "type": "Point",
    "coordinates": [
     126.93307102,
     37.525437
    ]
   },
   "properties": {
    "pid": "여의도고등학교 ①(4층) 3층-9",
    "school": "여의도고등학교",
    "jibun": "30-1",
    "kind": "교사동 창면",
    "dong": "여의도고등학교 ①(4층)",
    "facade": "남향외벽",
    "floor": 3,
    "source": "일반식",
    "z_m": 8.2,
    "normal_az": 232.4,
    "s1_total_h": 3.83,
    "s1_cont_h": 3.83,
    "s1_pass_a": true,
    "s1_pass_b": true,
    "s2_total_h": 3.83,
    "s2_cont_h": 3.83,
    "s2_pass_a": true,
    "s2_pass_b": true,
    "d_total_h": 0.0,
    "d_cont_h": 0.0,
    "change_cd": "keep_ok",
    "변화": "유지 충족"
   }
  },
  {
   "type": "Feature",
   "geometry": {
    "type": "Point",
    "coordinates": [
     126.93307102,
     37.525437
    ]
   },
   "properties": {
    "pid": "여의도고등학교 ①(4층) 4층-9",
    "school": "여의도고등학교",
    "jibun": "30-1",
    "kind": "교사동 창면",
    "dong": "여의도고등학교 ①(4층)",
    "facade": "남향외벽",
    "floor": 4,
    "source": "일반식",
    "z_m": 11.7,
    "normal_az": 232.4,
    "s1_total_h": 4.0,
    "s1_cont_h": 4.0,
    "s1_pass_a": true,
    "s1_pass_b": true,
    "s2_total_h": 4.0,
    "s2_cont_h": 4.0,
    "s2_pass_a": true,
    "s2_pass_b": true,
    "d_total_h": 0.0,
    "d_cont_h": 0.0,
    "change_cd": "keep_ok",
    "변화": "유지 충족"
   }
  },
  {
   "type": "Feature",
   "geometry": {
    "type": "Point",
    "coordinates": [
     126.93303639,
     37.52547279
    ]
   },
   "properties": {
    "pid": "여의도고등학교 ①(4층) 1층-10",
    "school": "여의도고등학교",
    "jibun": "30-1",
    "kind": "교사동 창면",
    "dong": "여의도고등학교 ①(4층)",
    "facade": "남향외벽",
    "floor": 1,
    "source": "일반식",
    "z_m": 1.2,
    "normal_az": 232.4,
    "s1_total_h": 3.67,
    "s1_cont_h": 3.5,
    "s1_pass_a": true,
    "s1_pass_b": true,
    "s2_total_h": 3.67,
    "s2_cont_h": 3.5,
    "s2_pass_a": true,
    "s2_pass_b": true,
    "d_total_h": 0.0,
    "d_cont_h": 0.0,
    "change_cd": "keep_ok",
    "변화": "유지 충족"
   }
  },
  {
   "type": "Feature",
   "geometry": {
    "type": "Point",
    "coordinates": [
     126.93303639,
     37.52547279
    ]
   },
   "properties": {
    "pid": "여의도고등학교 ①(4층) 2층-10",
    "school": "여의도고등학교",
    "jibun": "30-1",
    "kind": "교사동 창면",
    "dong": "여의도고등학교 ①(4층)",
    "facade": "남향외벽",
    "floor": 2,
    "source": "일반식",
    "z_m": 4.7,
    "normal_az": 232.4,
    "s1_total_h": 3.83,
    "s1_cont_h": 3.5,
    "s1_pass_a": true,
    "s1_pass_b": true,
    "s2_total_h": 3.83,
    "s2_cont_h": 3.5,
    "s2_pass_a": true,
    "s2_pass_b": true,
    "d_total_h": 0.0,
    "d_cont_h": 0.0,
    "change_cd": "keep_ok",
    "변화": "유지 충족"
   }
  },
  {
   "type": "Feature",
   "geometry": {
    "type": "Point",
    "coordinates": [
     126.93303639,
     37.52547279
    ]
   },
   "properties": {
    "pid": "여의도고등학교 ①(4층) 3층-10",
    "school": "여의도고등학교",
    "jibun": "30-1",
    "kind": "교사동 창면",
    "dong": "여의도고등학교 ①(4층)",
    "facade": "남향외벽",
    "floor": 3,
    "source": "일반식",
    "z_m": 8.2,
    "normal_az": 232.4,
    "s1_total_h": 4.17,
    "s1_cont_h": 3.83,
    "s1_pass_a": true,
    "s1_pass_b": true,
    "s2_total_h": 4.17,
    "s2_cont_h": 3.83,
    "s2_pass_a": true,
    "s2_pass_b": true,
    "d_total_h": 0.0,
    "d_cont_h": 0.0,
    "change_cd": "keep_ok",
    "변화": "유지 충족"
   }
  },
  {
   "type": "Feature",
   "geometry": {
    "type": "Point",
    "coordinates": [
     126.93303639,
     37.52547279
    ]
   },
   "properties": {
    "pid": "여의도고등학교 ①(4층) 4층-10",
    "school": "여의도고등학교",
    "jibun": "30-1",
    "kind": "교사동 창면",
    "dong": "여의도고등학교 ①(4층)",
    "facade": "남향외벽",
    "floor": 4,
    "source": "일반식",
    "z_m": 11.7,
    "normal_az": 232.4,
    "s1_total_h": 4.5,
    "s1_cont_h": 4.0,
    "s1_pass_a": true,
    "s1_pass_b": true,
    "s2_total_h": 4.5,
    "s2_cont_h": 4.0,
    "s2_pass_a": true,
    "s2_pass_b": true,
    "d_total_h": 0.0,
    "d_cont_h": 0.0,
    "change_cd": "keep_ok",
    "변화": "유지 충족"
   }
  },
  {
   "type": "Feature",
   "geometry": {
    "type": "Point",
    "coordinates": [
     126.93382217,
     37.52557407
    ]
   },
   "properties": {
    "pid": "여의도고등학교 ②(4층) 1층-1",
    "school": "여의도고등학교",
    "jibun": "30-1",
    "kind": "교사동 창면",
    "dong": "여의도고등학교 ②(4층)",
    "facade": "남향외벽",
    "floor": 1,
    "source": "일반식",
    "z_m": 1.2,
    "normal_az": 137.0,
    "s1_total_h": 1.33,
    "s1_cont_h": 1.33,
    "s1_pass_a": false,
    "s1_pass_b": false,
    "s2_total_h": 1.33,
    "s2_cont_h": 1.33,
    "s2_pass_a": false,
    "s2_pass_b": false,
    "d_total_h": 0.0,
    "d_cont_h": 0.0,
    "change_cd": "keep_fail",
    "변화": "유지 불충족"
   }
  },
  {
   "type": "Feature",
   "geometry": {
    "type": "Point",
    "coordinates": [
     126.93382217,
     37.52557407
    ]
   },
   "properties": {
    "pid": "여의도고등학교 ②(4층) 2층-1",
    "school": "여의도고등학교",
    "jibun": "30-1",
    "kind": "교사동 창면",
    "dong": "여의도고등학교 ②(4층)",
    "facade": "남향외벽",
    "floor": 2,
    "source": "일반식",
    "z_m": 4.7,
    "normal_az": 137.0,
    "s1_total_h": 1.83,
    "s1_cont_h": 1.33,
    "s1_pass_a": false,
    "s1_pass_b": false,
    "s2_total_h": 1.83,
    "s2_cont_h": 1.33,
    "s2_pass_a": false,
    "s2_pass_b": false,
    "d_total_h": 0.0,
    "d_cont_h": 0.0,
    "change_cd": "keep_fail",
    "변화": "유지 불충족"
   }
  },
  {
   "type": "Feature",
   "geometry": {
    "type": "Point",
    "coordinates": [
     126.93382217,
     37.52557407
    ]
   },
   "properties": {
    "pid": "여의도고등학교 ②(4층) 3층-1",
    "school": "여의도고등학교",
    "jibun": "30-1",
    "kind": "교사동 창면",
    "dong": "여의도고등학교 ②(4층)",
    "facade": "남향외벽",
    "floor": 3,
    "source": "일반식",
    "z_m": 8.2,
    "normal_az": 137.0,
    "s1_total_h": 2.83,
    "s1_cont_h": 2.83,
    "s1_pass_a": true,
    "s1_pass_b": false,
    "s2_total_h": 2.83,
    "s2_cont_h": 2.83,
    "s2_pass_a": true,
    "s2_pass_b": false,
    "d_total_h": 0.0,
    "d_cont_h": 0.0,
    "change_cd": "keep_ok",
    "변화": "유지 충족"
   }
  },
  {
   "type": "Feature",
   "geometry": {
    "type": "Point",
    "coordinates": [
     126.93382217,
     37.52557407
    ]
   },
   "properties": {
    "pid": "여의도고등학교 ②(4층) 4층-1",
    "school": "여의도고등학교",
    "jibun": "30-1",
    "kind": "교사동 창면",
    "dong": "여의도고등학교 ②(4층)",
    "facade": "남향외벽",
    "floor": 4,
    "source": "일반식",
    "z_m": 11.7,
    "normal_az": 137.0,
    "s1_total_h": 3.67,
    "s1_cont_h": 3.67,
    "s1_pass_a": true,
    "s1_pass_b": true,
    "s2_total_h": 3.67,
    "s2_cont_h": 3.67,
    "s2_pass_a": true,
    "s2_pass_b": true,
    "d_total_h": 0.0,
    "d_cont_h": 0.0,
    "change_cd": "keep_ok",
    "변화": "유지 충족"
   }
  },
  {
   "type": "Feature",
   "geometry": {
    "type": "Point",
    "coordinates": [
     126.934214,
     37.52520875
    ]
   },
   "properties": {
    "pid": "여의도고등학교 ②(4층) 1층-2",
    "school": "여의도고등학교",
    "jibun": "30-1",
    "kind": "교사동 창면",
    "dong": "여의도고등학교 ②(4층)",
    "facade": "남향외벽",
    "floor": 1,
    "source": "일반식",
    "z_m": 1.2,
    "normal_az": 142.1,
    "s1_total_h": 1.33,
    "s1_cont_h": 0.67,
    "s1_pass_a": false,
    "s1_pass_b": false,
    "s2_total_h": 1.33,
    "s2_cont_h": 0.67,
    "s2_pass_a": false,
    "s2_pass_b": false,
    "d_total_h": 0.0,
    "d_cont_h": 0.0,
    "change_cd": "keep_fail",
    "변화": "유지 불충족"
   }
  },
  {
   "type": "Feature",
   "geometry": {
    "type": "Point",
    "coordinates": [
     126.934214,
     37.52520875
    ]
   },
   "properties": {
    "pid": "여의도고등학교 ②(4층) 2층-2",
    "school": "여의도고등학교",
    "jibun": "30-1",
    "kind": "교사동 창면",
    "dong": "여의도고등학교 ②(4층)",
    "facade": "남향외벽",
    "floor": 2,
    "source": "일반식",
    "z_m": 4.7,
    "normal_az": 142.1,
    "s1_total_h": 1.83,
    "s1_cont_h": 1.0,
    "s1_pass_a": false,
    "s1_pass_b": false,
    "s2_total_h": 1.83,
    "s2_cont_h": 1.0,
    "s2_pass_a": false,
    "s2_pass_b": false,
    "d_total_h": 0.0,
    "d_cont_h": 0.0,
    "change_cd": "keep_fail",
    "변화": "유지 불충족"
   }
  },
  {
   "type": "Feature",
   "geometry": {
    "type": "Point",
    "coordinates": [
     126.934214,
     37.52520875
    ]
   },
   "properties": {
    "pid": "여의도고등학교 ②(4층) 3층-2",
    "school": "여의도고등학교",
    "jibun": "30-1",
    "kind": "교사동 창면",
    "dong": "여의도고등학교 ②(4층)",
    "facade": "남향외벽",
    "floor": 3,
    "source": "일반식",
    "z_m": 8.2,
    "normal_az": 142.1,
    "s1_total_h": 3.5,
    "s1_cont_h": 3.5,
    "s1_pass_a": true,
    "s1_pass_b": true,
    "s2_total_h": 3.5,
    "s2_cont_h": 3.5,
    "s2_pass_a": true,
    "s2_pass_b": true,
    "d_total_h": 0.0,
    "d_cont_h": 0.0,
    "change_cd": "keep_ok",
    "변화": "유지 충족"
   }
  },
  {
   "type": "Feature",
   "geometry": {
    "type": "Point",
    "coordinates": [
     126.934214,
     37.52520875
    ]
   },
   "properties": {
    "pid": "여의도고등학교 ②(4층) 4층-2",
    "school": "여의도고등학교",
    "jibun": "30-1",
    "kind": "교사동 창면",
    "dong": "여의도고등학교 ②(4층)",
    "facade": "남향외벽",
    "floor": 4,
    "source": "일반식",
    "z_m": 11.7,
    "normal_az": 142.1,
    "s1_total_h": 5.0,
    "s1_cont_h": 5.0,
    "s1_pass_a": true,
    "s1_pass_b": true,
    "s2_total_h": 5.0,
    "s2_cont_h": 5.0,
    "s2_pass_a": true,
    "s2_pass_b": true,
    "d_total_h": 0.0,
    "d_cont_h": 0.0,
    "change_cd": "keep_ok",
    "변화": "유지 충족"
   }
  },
  {
   "type": "Feature",
   "geometry": {
    "type": "Point",
    "coordinates": [
     126.93416912,
     37.52518086
    ]
   },
   "properties": {
    "pid": "여의도고등학교 ②(4층) 1층-3",
    "school": "여의도고등학교",
    "jibun": "30-1",
    "kind": "교사동 창면",
    "dong": "여의도고등학교 ②(4층)",
    "facade": "남향외벽",
    "floor": 1,
    "source": "일반식",
    "z_m": 1.2,
    "normal_az": 140.0,
    "s1_total_h": 0.0,
    "s1_cont_h": 0.0,
    "s1_pass_a": false,
    "s1_pass_b": false,
    "s2_total_h": 0.0,
    "s2_cont_h": 0.0,
    "s2_pass_a": false,
    "s2_pass_b": false,
    "d_total_h": 0.0,
    "d_cont_h": 0.0,
    "change_cd": "keep_fail",
    "변화": "유지 불충족"
   }
  },
  {
   "type": "Feature",
   "geometry": {
    "type": "Point",
    "coordinates": [
     126.93416912,
     37.52518086
    ]
   },
   "properties": {
    "pid": "여의도고등학교 ②(4층) 2층-3",
    "school": "여의도고등학교",
    "jibun": "30-1",
    "kind": "교사동 창면",
    "dong": "여의도고등학교 ②(4층)",
    "facade": "남향외벽",
    "floor": 2,
    "source": "일반식",
    "z_m": 4.7,
    "normal_az": 140.0,
    "s1_total_h": 0.33,
    "s1_cont_h": 0.17,
    "s1_pass_a": false,
    "s1_pass_b": false,
    "s2_total_h": 0.33,
    "s2_cont_h": 0.17,
    "s2_pass_a": false,
    "s2_pass_b": false,
    "d_total_h": 0.0,
    "d_cont_h": 0.0,
    "change_cd": "keep_fail",
    "변화": "유지 불충족"
   }
  },
  {
   "type": "Feature",
   "geometry": {
    "type": "Point",
    "coordinates": [
     126.93416912,
     37.52518086
    ]
   },
   "properties": {
    "pid": "여의도고등학교 ②(4층) 3층-3",
    "school": "여의도고등학교",
    "jibun": "30-1",
    "kind": "교사동 창면",
    "dong": "여의도고등학교 ②(4층)",
    "facade": "남향외벽",
    "floor": 3,
    "source": "일반식",
    "z_m": 8.2,
    "normal_az": 140.0,
    "s1_total_h": 1.17,
    "s1_cont_h": 0.67,
    "s1_pass_a": false,
    "s1_pass_b": false,
    "s2_total_h": 1.17,
    "s2_cont_h": 0.67,
    "s2_pass_a": false,
    "s2_pass_b": false,
    "d_total_h": 0.0,
    "d_cont_h": 0.0,
    "change_cd": "keep_fail",
    "변화": "유지 불충족"
   }
  },
  {
   "type": "Feature",
   "geometry": {
    "type": "Point",
    "coordinates": [
     126.93416912,
     37.52518086
    ]
   },
   "properties": {
    "pid": "여의도고등학교 ②(4층) 4층-3",
    "school": "여의도고등학교",
    "jibun": "30-1",
    "kind": "교사동 창면",
    "dong": "여의도고등학교 ②(4층)",
    "facade": "남향외벽",
    "floor": 4,
    "source": "일반식",
    "z_m": 11.7,
    "normal_az": 140.0,
    "s1_total_h": 2.0,
    "s1_cont_h": 1.83,
    "s1_pass_a": false,
    "s1_pass_b": false,
    "s2_total_h": 2.0,
    "s2_cont_h": 1.83,
    "s2_pass_a": false,
    "s2_pass_b": false,
    "d_total_h": 0.0,
    "d_cont_h": 0.0,
    "change_cd": "keep_fail",
    "변화": "유지 불충족"
   }
  },
  {
   "type": "Feature",
   "geometry": {
    "type": "Point",
    "coordinates": [
     126.93487454,
     37.52473914
    ]
   },
   "properties": {
    "pid": "여의도고등학교 ②(4층) 1층-4",
    "school": "여의도고등학교",
    "jibun": "30-1",
    "kind": "교사동 창면",
    "dong": "여의도고등학교 ②(4층)",
    "facade": "남향외벽",
    "floor": 1,
    "source": "일반식",
    "z_m": 1.2,
    "normal_az": 141.9,
    "s1_total_h": 5.33,
    "s1_cont_h": 4.17,
    "s1_pass_a": true,
    "s1_pass_b": true,
    "s2_total_h": 5.33,
    "s2_cont_h": 4.17,
    "s2_pass_a": true,
    "s2_pass_b": true,
    "d_total_h": 0.0,
    "d_cont_h": 0.0,
    "change_cd": "keep_ok",
    "변화": "유지 충족"
   }
  },
  {
   "type": "Feature",
   "geometry": {
    "type": "Point",
    "coordinates": [
     126.93487454,
     37.52473914
    ]
   },
   "properties": {
    "pid": "여의도고등학교 ②(4층) 2층-4",
    "school": "여의도고등학교",
    "jibun": "30-1",
    "kind": "교사동 창면",
    "dong": "여의도고등학교 ②(4층)",
    "facade": "남향외벽",
    "floor": 2,
    "source": "일반식",
    "z_m": 4.7,
    "normal_az": 141.9,
    "s1_total_h": 5.83,
    "s1_cont_h": 4.5,
    "s1_pass_a": true,
    "s1_pass_b": true,
    "s2_total_h": 5.83,
    "s2_cont_h": 4.5,
    "s2_pass_a": true,
    "s2_pass_b": true,
    "d_total_h": 0.0,
    "d_cont_h": 0.0,
    "change_cd": "keep_ok",
    "변화": "유지 충족"
   }
  },
  {
   "type": "Feature",
   "geometry": {
    "type": "Point",
    "coordinates": [
     126.93487454,
     37.52473914
    ]
   },
   "properties": {
    "pid": "여의도고등학교 ②(4층) 3층-4",
    "school": "여의도고등학교",
    "jibun": "30-1",
    "kind": "교사동 창면",
    "dong": "여의도고등학교 ②(4층)",
    "facade": "남향외벽",
    "floor": 3,
    "source": "일반식",
    "z_m": 8.2,
    "normal_az": 141.9,
    "s1_total_h": 6.0,
    "s1_cont_h": 4.67,
    "s1_pass_a": true,
    "s1_pass_b": true,
    "s2_total_h": 6.0,
    "s2_cont_h": 4.67,
    "s2_pass_a": true,
    "s2_pass_b": true,
    "d_total_h": 0.0,
    "d_cont_h": 0.0,
    "change_cd": "keep_ok",
    "변화": "유지 충족"
   }
  },
  {
   "type": "Feature",
   "geometry": {
    "type": "Point",
    "coordinates": [
     126.93487454,
     37.52473914
    ]
   },
   "properties": {
    "pid": "여의도고등학교 ②(4층) 4층-4",
    "school": "여의도고등학교",
    "jibun": "30-1",
    "kind": "교사동 창면",
    "dong": "여의도고등학교 ②(4층)",
    "facade": "남향외벽",
    "floor": 4,
    "source": "일반식",
    "z_m": 11.7,
    "normal_az": 141.9,
    "s1_total_h": 6.5,
    "s1_cont_h": 5.17,
    "s1_pass_a": true,
    "s1_pass_b": true,
    "s2_total_h": 6.5,
    "s2_cont_h": 5.17,
    "s2_pass_a": true,
    "s2_pass_b": true,
    "d_total_h": 0.0,
    "d_cont_h": 0.0,
    "change_cd": "keep_ok",
    "변화": "유지 충족"
   }
  },
  {
   "type": "Feature",
   "geometry": {
    "type": "Point",
    "coordinates": [
     126.93482965,
     37.52471104
    ]
   },
   "properties": {
    "pid": "여의도고등학교 ②(4층) 1층-5",
    "school": "여의도고등학교",
    "jibun": "30-1",
    "kind": "교사동 창면",
    "dong": "여의도고등학교 ②(4층)",
    "facade": "남향외벽",
    "floor": 1,
    "source": "일반식",
    "z_m": 1.2,
    "normal_az": 141.9,
    "s1_total_h": 5.67,
    "s1_cont_h": 4.5,
    "s1_pass_a": true,
    "s1_pass_b": true,
    "s2_total_h": 5.67,
    "s2_cont_h": 4.5,
    "s2_pass_a": true,
    "s2_pass_b": true,
    "d_total_h": 0.0,
    "d_cont_h": 0.0,
    "change_cd": "keep_ok",
    "변화": "유지 충족"
   }
  },
  {
   "type": "Feature",
   "geometry": {
    "type": "Point",
    "coordinates": [
     126.93482965,
     37.52471104
    ]
   },
   "properties": {
    "pid": "여의도고등학교 ②(4층) 2층-5",
    "school": "여의도고등학교",
    "jibun": "30-1",
    "kind": "교사동 창면",
    "dong": "여의도고등학교 ②(4층)",
    "facade": "남향외벽",
    "floor": 2,
    "source": "일반식",
    "z_m": 4.7,
    "normal_az": 141.9,
    "s1_total_h": 6.0,
    "s1_cont_h": 4.67,
    "s1_pass_a": true,
    "s1_pass_b": true,
    "s2_total_h": 6.0,
    "s2_cont_h": 4.67,
    "s2_pass_a": true,
    "s2_pass_b": true,
    "d_total_h": 0.0,
    "d_cont_h": 0.0,
    "change_cd": "keep_ok",
    "변화": "유지 충족"
   }
  },
  {
   "type": "Feature",
   "geometry": {
    "type": "Point",
    "coordinates": [
     126.93482965,
     37.52471104
    ]
   },
   "properties": {
    "pid": "여의도고등학교 ②(4층) 3층-5",
    "school": "여의도고등학교",
    "jibun": "30-1",
    "kind": "교사동 창면",
    "dong": "여의도고등학교 ②(4층)",
    "facade": "남향외벽",
    "floor": 3,
    "source": "일반식",
    "z_m": 8.2,
    "normal_az": 141.9,
    "s1_total_h": 6.33,
    "s1_cont_h": 5.0,
    "s1_pass_a": true,
    "s1_pass_b": true,
    "s2_total_h": 6.33,
    "s2_cont_h": 5.0,
    "s2_pass_a": true,
    "s2_pass_b": true,
    "d_total_h": 0.0,
    "d_cont_h": 0.0,
    "change_cd": "keep_ok",
    "변화": "유지 충족"
   }
  },
  {
   "type": "Feature",
   "geometry": {
    "type": "Point",
    "coordinates": [
     126.93482965,
     37.52471104
    ]
   },
   "properties": {
    "pid": "여의도고등학교 ②(4층) 4층-5",
    "school": "여의도고등학교",
    "jibun": "30-1",
    "kind": "교사동 창면",
    "dong": "여의도고등학교 ②(4층)",
    "facade": "남향외벽",
    "floor": 4,
    "source": "일반식",
    "z_m": 11.7,
    "normal_az": 141.9,
    "s1_total_h": 6.5,
    "s1_cont_h": 5.17,
    "s1_pass_a": true,
    "s1_pass_b": true,
    "s2_total_h": 6.5,
    "s2_cont_h": 5.17,
    "s2_pass_a": true,
    "s2_pass_b": true,
    "d_total_h": 0.0,
    "d_cont_h": 0.0,
    "change_cd": "keep_ok",
    "변화": "유지 충족"
   }
  },
  {
   "type": "Feature",
   "geometry": {
    "type": "Point",
    "coordinates": [
     126.93478477,
     37.52468294
    ]
   },
   "properties": {
    "pid": "여의도고등학교 ②(4층) 1층-6",
    "school": "여의도고등학교",
    "jibun": "30-1",
    "kind": "교사동 창면",
    "dong": "여의도고등학교 ②(4층)",
    "facade": "남향외벽",
    "floor": 1,
    "source": "일반식",
    "z_m": 1.2,
    "normal_az": 141.9,
    "s1_total_h": 5.83,
    "s1_cont_h": 4.83,
    "s1_pass_a": true,
    "s1_pass_b": true,
    "s2_total_h": 5.83,
    "s2_cont_h": 4.83,
    "s2_pass_a": true,
    "s2_pass_b": true,
    "d_total_h": 0.0,
    "d_cont_h": 0.0,
    "change_cd": "keep_ok",
    "변화": "유지 충족"
   }
  },
  {
   "type": "Feature",
   "geometry": {
    "type": "Point",
    "coordinates": [
     126.93478477,
     37.52468294
    ]
   },
   "properties": {
    "pid": "여의도고등학교 ②(4층) 2층-6",
    "school": "여의도고등학교",
    "jibun": "30-1",
    "kind": "교사동 창면",
    "dong": "여의도고등학교 ②(4층)",
    "facade": "남향외벽",
    "floor": 2,
    "source": "일반식",
    "z_m": 4.7,
    "normal_az": 141.9,
    "s1_total_h": 6.0,
    "s1_cont_h": 4.83,
    "s1_pass_a": true,
    "s1_pass_b": true,
    "s2_total_h": 6.0,
    "s2_cont_h": 4.83,
    "s2_pass_a": true,
    "s2_pass_b": true,
    "d_total_h": 0.0,
    "d_cont_h": 0.0,
    "change_cd": "keep_ok",
    "변화": "유지 충족"
   }
  },
  {
   "type": "Feature",
   "geometry": {
    "type": "Point",
    "coordinates": [
     126.93478477,
     37.52468294
    ]
   },
   "properties": {
    "pid": "여의도고등학교 ②(4층) 3층-6",
    "school": "여의도고등학교",
    "jibun": "30-1",
    "kind": "교사동 창면",
    "dong": "여의도고등학교 ②(4층)",
    "facade": "남향외벽",
    "floor": 3,
    "source": "일반식",
    "z_m": 8.2,
    "normal_az": 141.9,
    "s1_total_h": 6.33,
    "s1_cont_h": 5.0,
    "s1_pass_a": true,
    "s1_pass_b": true,
    "s2_total_h": 6.33,
    "s2_cont_h": 5.0,
    "s2_pass_a": true,
    "s2_pass_b": true,
    "d_total_h": 0.0,
    "d_cont_h": 0.0,
    "change_cd": "keep_ok",
    "변화": "유지 충족"
   }
  },
  {
   "type": "Feature",
   "geometry": {
    "type": "Point",
    "coordinates": [
     126.93478477,
     37.52468294
    ]
   },
   "properties": {
    "pid": "여의도고등학교 ②(4층) 4층-6",
    "school": "여의도고등학교",
    "jibun": "30-1",
    "kind": "교사동 창면",
    "dong": "여의도고등학교 ②(4층)",
    "facade": "남향외벽",
    "floor": 4,
    "source": "일반식",
    "z_m": 11.7,
    "normal_az": 141.9,
    "s1_total_h": 6.67,
    "s1_cont_h": 5.33,
    "s1_pass_a": true,
    "s1_pass_b": true,
    "s2_total_h": 6.67,
    "s2_cont_h": 5.33,
    "s2_pass_a": true,
    "s2_pass_b": true,
    "d_total_h": 0.0,
    "d_cont_h": 0.0,
    "change_cd": "keep_ok",
    "변화": "유지 충족"
   }
  },
  {
   "type": "Feature",
   "geometry": {
    "type": "Point",
    "coordinates": [
     126.93473989,
     37.52465485
    ]
   },
   "properties": {
    "pid": "여의도고등학교 ②(4층) 1층-7",
    "school": "여의도고등학교",
    "jibun": "30-1",
    "kind": "교사동 창면",
    "dong": "여의도고등학교 ②(4층)",
    "facade": "남향외벽",
    "floor": 1,
    "source": "일반식",
    "z_m": 1.2,
    "normal_az": 141.9,
    "s1_total_h": 5.83,
    "s1_cont_h": 4.83,
    "s1_pass_a": true,
    "s1_pass_b": true,
    "s2_total_h": 5.83,
    "s2_cont_h": 4.83,
    "s2_pass_a": true,
    "s2_pass_b": true,
    "d_total_h": 0.0,
    "d_cont_h": 0.0,
    "change_cd": "keep_ok",
    "변화": "유지 충족"
   }
  },
  {
   "type": "Feature",
   "geometry": {
    "type": "Point",
    "coordinates": [
     126.93473989,
     37.52465485
    ]
   },
   "properties": {
    "pid": "여의도고등학교 ②(4층) 2층-7",
    "school": "여의도고등학교",
    "jibun": "30-1",
    "kind": "교사동 창면",
    "dong": "여의도고등학교 ②(4층)",
    "facade": "남향외벽",
    "floor": 2,
    "source": "일반식",
    "z_m": 4.7,
    "normal_az": 141.9,
    "s1_total_h": 6.17,
    "s1_cont_h": 5.0,
    "s1_pass_a": true,
    "s1_pass_b": true,
    "s2_total_h": 6.17,
    "s2_cont_h": 5.0,
    "s2_pass_a": true,
    "s2_pass_b": true,
    "d_total_h": 0.0,
    "d_cont_h": 0.0,
    "change_cd": "keep_ok",
    "변화": "유지 충족"
   }
  },
  {
   "type": "Feature",
   "geometry": {
    "type": "Point",
    "coordinates": [
     126.93473989,
     37.52465485
    ]
   },
   "properties": {
    "pid": "여의도고등학교 ②(4층) 3층-7",
    "school": "여의도고등학교",
    "jibun": "30-1",
    "kind": "교사동 창면",
    "dong": "여의도고등학교 ②(4층)",
    "facade": "남향외벽",
    "floor": 3,
    "source": "일반식",
    "z_m": 8.2,
    "normal_az": 141.9,
    "s1_total_h": 6.67,
    "s1_cont_h": 5.17,
    "s1_pass_a": true,
    "s1_pass_b": true,
    "s2_total_h": 6.67,
    "s2_cont_h": 5.17,
    "s2_pass_a": true,
    "s2_pass_b": true,
    "d_total_h": 0.0,
    "d_cont_h": 0.0,
    "change_cd": "keep_ok",
    "변화": "유지 충족"
   }
  },
  {
   "type": "Feature",
   "geometry": {
    "type": "Point",
    "coordinates": [
     126.93473989,
     37.52465485
    ]
   },
   "properties": {
    "pid": "여의도고등학교 ②(4층) 4층-7",
    "school": "여의도고등학교",
    "jibun": "30-1",
    "kind": "교사동 창면",
    "dong": "여의도고등학교 ②(4층)",
    "facade": "남향외벽",
    "floor": 4,
    "source": "일반식",
    "z_m": 11.7,
    "normal_az": 141.9,
    "s1_total_h": 6.83,
    "s1_cont_h": 5.33,
    "s1_pass_a": true,
    "s1_pass_b": true,
    "s2_total_h": 6.83,
    "s2_cont_h": 5.33,
    "s2_pass_a": true,
    "s2_pass_b": true,
    "d_total_h": 0.0,
    "d_cont_h": 0.0,
    "change_cd": "keep_ok",
    "변화": "유지 충족"
   }
  },
  {
   "type": "Feature",
   "geometry": {
    "type": "Point",
    "coordinates": [
     126.93469501,
     37.52462675
    ]
   },
   "properties": {
    "pid": "여의도고등학교 ②(4층) 1층-8",
    "school": "여의도고등학교",
    "jibun": "30-1",
    "kind": "교사동 창면",
    "dong": "여의도고등학교 ②(4층)",
    "facade": "남향외벽",
    "floor": 1,
    "source": "일반식",
    "z_m": 1.2,
    "normal_az": 141.9,
    "s1_total_h": 5.67,
    "s1_cont_h": 4.83,
    "s1_pass_a": true,
    "s1_pass_b": true,
    "s2_total_h": 5.67,
    "s2_cont_h": 4.83,
    "s2_pass_a": true,
    "s2_pass_b": true,
    "d_total_h": 0.0,
    "d_cont_h": 0.0,
    "change_cd": "keep_ok",
    "변화": "유지 충족"
   }
  },
  {
   "type": "Feature",
   "geometry": {
    "type": "Point",
    "coordinates": [
     126.93469501,
     37.52462675
    ]
   },
   "properties": {
    "pid": "여의도고등학교 ②(4층) 2층-8",
    "school": "여의도고등학교",
    "jibun": "30-1",
    "kind": "교사동 창면",
    "dong": "여의도고등학교 ②(4층)",
    "facade": "남향외벽",
    "floor": 2,
    "source": "일반식",
    "z_m": 4.7,
    "normal_az": 141.9,
    "s1_total_h": 6.0,
    "s1_cont_h": 5.0,
    "s1_pass_a": true,
    "s1_pass_b": true,
    "s2_total_h": 6.0,
    "s2_cont_h": 5.0,
    "s2_pass_a": true,
    "s2_pass_b": true,
    "d_total_h": 0.0,
    "d_cont_h": 0.0,
    "change_cd": "keep_ok",
    "변화": "유지 충족"
   }
  },
  {
   "type": "Feature",
   "geometry": {
    "type": "Point",
    "coordinates": [
     126.93469501,
     37.52462675
    ]
   },
   "properties": {
    "pid": "여의도고등학교 ②(4층) 3층-8",
    "school": "여의도고등학교",
    "jibun": "30-1",
    "kind": "교사동 창면",
    "dong": "여의도고등학교 ②(4층)",
    "facade": "남향외벽",
    "floor": 3,
    "source": "일반식",
    "z_m": 8.2,
    "normal_az": 141.9,
    "s1_total_h": 6.83,
    "s1_cont_h": 5.33,
    "s1_pass_a": true,
    "s1_pass_b": true,
    "s2_total_h": 6.83,
    "s2_cont_h": 5.33,
    "s2_pass_a": true,
    "s2_pass_b": true,
    "d_total_h": 0.0,
    "d_cont_h": 0.0,
    "change_cd": "keep_ok",
    "변화": "유지 충족"
   }
  },
  {
   "type": "Feature",
   "geometry": {
    "type": "Point",
    "coordinates": [
     126.93469501,
     37.52462675
    ]
   },
   "properties": {
    "pid": "여의도고등학교 ②(4층) 4층-8",
    "school": "여의도고등학교",
    "jibun": "30-1",
    "kind": "교사동 창면",
    "dong": "여의도고등학교 ②(4층)",
    "facade": "남향외벽",
    "floor": 4,
    "source": "일반식",
    "z_m": 11.7,
    "normal_az": 141.9,
    "s1_total_h": 7.0,
    "s1_cont_h": 5.5,
    "s1_pass_a": true,
    "s1_pass_b": true,
    "s2_total_h": 7.0,
    "s2_cont_h": 5.5,
    "s2_pass_a": true,
    "s2_pass_b": true,
    "d_total_h": 0.0,
    "d_cont_h": 0.0,
    "change_cd": "keep_ok",
    "변화": "유지 충족"
   }
  },
  {
   "type": "Feature",
   "geometry": {
    "type": "Point",
    "coordinates": [
     126.93465014,
     37.52459865
    ]
   },
   "properties": {
    "pid": "여의도고등학교 ②(4층) 1층-9",
    "school": "여의도고등학교",
    "jibun": "30-1",
    "kind": "교사동 창면",
    "dong": "여의도고등학교 ②(4층)",
    "facade": "남향외벽",
    "floor": 1,
    "source": "일반식",
    "z_m": 1.2,
    "normal_az": 141.9,
    "s1_total_h": 5.67,
    "s1_cont_h": 5.0,
    "s1_pass_a": true,
    "s1_pass_b": true,
    "s2_total_h": 5.67,
    "s2_cont_h": 5.0,
    "s2_pass_a": true,
    "s2_pass_b": true,
    "d_total_h": 0.0,
    "d_cont_h": 0.0,
    "change_cd": "keep_ok",
    "변화": "유지 충족"
   }
  },
  {
   "type": "Feature",
   "geometry": {
    "type": "Point",
    "coordinates": [
     126.93465014,
     37.52459865
    ]
   },
   "properties": {
    "pid": "여의도고등학교 ②(4층) 2층-9",
    "school": "여의도고등학교",
    "jibun": "30-1",
    "kind": "교사동 창면",
    "dong": "여의도고등학교 ②(4층)",
    "facade": "남향외벽",
    "floor": 2,
    "source": "일반식",
    "z_m": 4.7,
    "normal_az": 141.9,
    "s1_total_h": 6.17,
    "s1_cont_h": 5.17,
    "s1_pass_a": true,
    "s1_pass_b": true,
    "s2_total_h": 6.17,
    "s2_cont_h": 5.17,
    "s2_pass_a": true,
    "s2_pass_b": true,
    "d_total_h": 0.0,
    "d_cont_h": 0.0,
    "change_cd": "keep_ok",
    "변화": "유지 충족"
   }
  },
  {
   "type": "Feature",
   "geometry": {
    "type": "Point",
    "coordinates": [
     126.93465014,
     37.52459865
    ]
   },
   "properties": {
    "pid": "여의도고등학교 ②(4층) 3층-9",
    "school": "여의도고등학교",
    "jibun": "30-1",
    "kind": "교사동 창면",
    "dong": "여의도고등학교 ②(4층)",
    "facade": "남향외벽",
    "floor": 3,
    "source": "일반식",
    "z_m": 8.2,
    "normal_az": 141.9,
    "s1_total_h": 6.67,
    "s1_cont_h": 5.17,
    "s1_pass_a": true,
    "s1_pass_b": true,
    "s2_total_h": 6.67,
    "s2_cont_h": 5.17,
    "s2_pass_a": true,
    "s2_pass_b": true,
    "d_total_h": 0.0,
    "d_cont_h": 0.0,
    "change_cd": "keep_ok",
    "변화": "유지 충족"
   }
  },
  {
   "type": "Feature",
   "geometry": {
    "type": "Point",
    "coordinates": [
     126.93465014,
     37.52459865
    ]
   },
   "properties": {
    "pid": "여의도고등학교 ②(4층) 4층-9",
    "school": "여의도고등학교",
    "jibun": "30-1",
    "kind": "교사동 창면",
    "dong": "여의도고등학교 ②(4층)",
    "facade": "남향외벽",
    "floor": 4,
    "source": "일반식",
    "z_m": 11.7,
    "normal_az": 141.9,
    "s1_total_h": 7.0,
    "s1_cont_h": 5.5,
    "s1_pass_a": true,
    "s1_pass_b": true,
    "s2_total_h": 7.0,
    "s2_cont_h": 5.5,
    "s2_pass_a": true,
    "s2_pass_b": true,
    "d_total_h": 0.0,
    "d_cont_h": 0.0,
    "change_cd": "keep_ok",
    "변화": "유지 충족"
   }
  },
  {
   "type": "Feature",
   "geometry": {
    "type": "Point",
    "coordinates": [
     126.93460525,
     37.52457056
    ]
   },
   "properties": {
    "pid": "여의도고등학교 ②(4층) 1층-10",
    "school": "여의도고등학교",
    "jibun": "30-1",
    "kind": "교사동 창면",
    "dong": "여의도고등학교 ②(4층)",
    "facade": "남향외벽",
    "floor": 1,
    "source": "일반식",
    "z_m": 1.2,
    "normal_az": 141.9,
    "s1_total_h": 5.5,
    "s1_cont_h": 4.83,
    "s1_pass_a": true,
    "s1_pass_b": true,
    "s2_total_h": 5.5,
    "s2_cont_h": 4.83,
    "s2_pass_a": true,
    "s2_pass_b": true,
    "d_total_h": 0.0,
    "d_cont_h": 0.0,
    "change_cd": "keep_ok",
    "변화": "유지 충족"
   }
  },
  {
   "type": "Feature",
   "geometry": {
    "type": "Point",
    "coordinates": [
     126.93460525,
     37.52457056
    ]
   },
   "properties": {
    "pid": "여의도고등학교 ②(4층) 2층-10",
    "school": "여의도고등학교",
    "jibun": "30-1",
    "kind": "교사동 창면",
    "dong": "여의도고등학교 ②(4층)",
    "facade": "남향외벽",
    "floor": 2,
    "source": "일반식",
    "z_m": 4.7,
    "normal_az": 141.9,
    "s1_total_h": 5.67,
    "s1_cont_h": 5.0,
    "s1_pass_a": true,
    "s1_pass_b": true,
    "s2_total_h": 5.67,
    "s2_cont_h": 5.0,
    "s2_pass_a": true,
    "s2_pass_b": true,
    "d_total_h": 0.0,
    "d_cont_h": 0.0,
    "change_cd": "keep_ok",
    "변화": "유지 충족"
   }
  },
  {
   "type": "Feature",
   "geometry": {
    "type": "Point",
    "coordinates": [
     126.93460525,
     37.52457056
    ]
   },
   "properties": {
    "pid": "여의도고등학교 ②(4층) 3층-10",
    "school": "여의도고등학교",
    "jibun": "30-1",
    "kind": "교사동 창면",
    "dong": "여의도고등학교 ②(4층)",
    "facade": "남향외벽",
    "floor": 3,
    "source": "일반식",
    "z_m": 8.2,
    "normal_az": 141.9,
    "s1_total_h": 6.5,
    "s1_cont_h": 5.33,
    "s1_pass_a": true,
    "s1_pass_b": true,
    "s2_total_h": 6.5,
    "s2_cont_h": 5.33,
    "s2_pass_a": true,
    "s2_pass_b": true,
    "d_total_h": 0.0,
    "d_cont_h": 0.0,
    "change_cd": "keep_ok",
    "변화": "유지 충족"
   }
  },
  {
   "type": "Feature",
   "geometry": {
    "type": "Point",
    "coordinates": [
     126.93460525,
     37.52457056
    ]
   },
   "properties": {
    "pid": "여의도고등학교 ②(4층) 4층-10",
    "school": "여의도고등학교",
    "jibun": "30-1",
    "kind": "교사동 창면",
    "dong": "여의도고등학교 ②(4층)",
    "facade": "남향외벽",
    "floor": 4,
    "source": "일반식",
    "z_m": 11.7,
    "normal_az": 141.9,
    "s1_total_h": 6.83,
    "s1_cont_h": 5.5,
    "s1_pass_a": true,
    "s1_pass_b": true,
    "s2_total_h": 6.83,
    "s2_cont_h": 5.5,
    "s2_pass_a": true,
    "s2_pass_b": true,
    "d_total_h": 0.0,
    "d_cont_h": 0.0,
    "change_cd": "keep_ok",
    "변화": "유지 충족"
   }
  },
  {
   "type": "Feature",
   "geometry": {
    "type": "Point",
    "coordinates": [
     126.93456037,
     37.52454246
    ]
   },
   "properties": {
    "pid": "여의도고등학교 ②(4층) 1층-11",
    "school": "여의도고등학교",
    "jibun": "30-1",
    "kind": "교사동 창면",
    "dong": "여의도고등학교 ②(4층)",
    "facade": "남향외벽",
    "floor": 1,
    "source": "일반식",
    "z_m": 1.2,
    "normal_az": 141.9,
    "s1_total_h": 5.83,
    "s1_cont_h": 5.0,
    "s1_pass_a": true,
    "s1_pass_b": true,
    "s2_total_h": 5.83,
    "s2_cont_h": 5.0,
    "s2_pass_a": true,
    "s2_pass_b": true,
    "d_total_h": 0.0,
    "d_cont_h": 0.0,
    "change_cd": "keep_ok",
    "변화": "유지 충족"
   }
  },
  {
   "type": "Feature",
   "geometry": {
    "type": "Point",
    "coordinates": [
     126.93456037,
     37.52454246
    ]
   },
   "properties": {
    "pid": "여의도고등학교 ②(4층) 2층-11",
    "school": "여의도고등학교",
    "jibun": "30-1",
    "kind": "교사동 창면",
    "dong": "여의도고등학교 ②(4층)",
    "facade": "남향외벽",
    "floor": 2,
    "source": "일반식",
    "z_m": 4.7,
    "normal_az": 141.9,
    "s1_total_h": 5.83,
    "s1_cont_h": 5.0,
    "s1_pass_a": true,
    "s1_pass_b": true,
    "s2_total_h": 5.83,
    "s2_cont_h": 5.0,
    "s2_pass_a": true,
    "s2_pass_b": true,
    "d_total_h": 0.0,
    "d_cont_h": 0.0,
    "change_cd": "keep_ok",
    "변화": "유지 충족"
   }
  },
  {
   "type": "Feature",
   "geometry": {
    "type": "Point",
    "coordinates": [
     126.93456037,
     37.52454246
    ]
   },
   "properties": {
    "pid": "여의도고등학교 ②(4층) 3층-11",
    "school": "여의도고등학교",
    "jibun": "30-1",
    "kind": "교사동 창면",
    "dong": "여의도고등학교 ②(4층)",
    "facade": "남향외벽",
    "floor": 3,
    "source": "일반식",
    "z_m": 8.2,
    "normal_az": 141.9,
    "s1_total_h": 6.33,
    "s1_cont_h": 5.17,
    "s1_pass_a": true,
    "s1_pass_b": true,
    "s2_total_h": 6.33,
    "s2_cont_h": 5.17,
    "s2_pass_a": true,
    "s2_pass_b": true,
    "d_total_h": 0.0,
    "d_cont_h": 0.0,
    "change_cd": "keep_ok",
    "변화": "유지 충족"
   }
  },
  {
   "type": "Feature",
   "geometry": {
    "type": "Point",
    "coordinates": [
     126.93456037,
     37.52454246
    ]
   },
   "properties": {
    "pid": "여의도고등학교 ②(4층) 4층-11",
    "school": "여의도고등학교",
    "jibun": "30-1",
    "kind": "교사동 창면",
    "dong": "여의도고등학교 ②(4층)",
    "facade": "남향외벽",
    "floor": 4,
    "source": "일반식",
    "z_m": 11.7,
    "normal_az": 141.9,
    "s1_total_h": 7.0,
    "s1_cont_h": 5.5,
    "s1_pass_a": true,
    "s1_pass_b": true,
    "s2_total_h": 7.0,
    "s2_cont_h": 5.5,
    "s2_pass_a": true,
    "s2_pass_b": true,
    "d_total_h": 0.0,
    "d_cont_h": 0.0,
    "change_cd": "keep_ok",
    "변화": "유지 충족"
   }
  },
  {
   "type": "Feature",
   "geometry": {
    "type": "Point",
    "coordinates": [
     126.93451549,
     37.52451436
    ]
   },
   "properties": {
    "pid": "여의도고등학교 ②(4층) 1층-12",
    "school": "여의도고등학교",
    "jibun": "30-1",
    "kind": "교사동 창면",
    "dong": "여의도고등학교 ②(4층)",
    "facade": "남향외벽",
    "floor": 1,
    "source": "일반식",
    "z_m": 1.2,
    "normal_az": 141.9,
    "s1_total_h": 5.83,
    "s1_cont_h": 5.0,
    "s1_pass_a": true,
    "s1_pass_b": true,
    "s2_total_h": 5.83,
    "s2_cont_h": 5.0,
    "s2_pass_a": true,
    "s2_pass_b": true,
    "d_total_h": 0.0,
    "d_cont_h": 0.0,
    "change_cd": "keep_ok",
    "변화": "유지 충족"
   }
  },
  {
   "type": "Feature",
   "geometry": {
    "type": "Point",
    "coordinates": [
     126.93451549,
     37.52451436
    ]
   },
   "properties": {
    "pid": "여의도고등학교 ②(4층) 2층-12",
    "school": "여의도고등학교",
    "jibun": "30-1",
    "kind": "교사동 창면",
    "dong": "여의도고등학교 ②(4층)",
    "facade": "남향외벽",
    "floor": 2,
    "source": "일반식",
    "z_m": 4.7,
    "normal_az": 141.9,
    "s1_total_h": 6.0,
    "s1_cont_h": 5.17,
    "s1_pass_a": true,
    "s1_pass_b": true,
    "s2_total_h": 6.0,
    "s2_cont_h": 5.17,
    "s2_pass_a": true,
    "s2_pass_b": true,
    "d_total_h": 0.0,
    "d_cont_h": 0.0,
    "change_cd": "keep_ok",
    "변화": "유지 충족"
   }
  },
  {
   "type": "Feature",
   "geometry": {
    "type": "Point",
    "coordinates": [
     126.93451549,
     37.52451436
    ]
   },
   "properties": {
    "pid": "여의도고등학교 ②(4층) 3층-12",
    "school": "여의도고등학교",
    "jibun": "30-1",
    "kind": "교사동 창면",
    "dong": "여의도고등학교 ②(4층)",
    "facade": "남향외벽",
    "floor": 3,
    "source": "일반식",
    "z_m": 8.2,
    "normal_az": 141.9,
    "s1_total_h": 6.0,
    "s1_cont_h": 5.17,
    "s1_pass_a": true,
    "s1_pass_b": true,
    "s2_total_h": 6.0,
    "s2_cont_h": 5.17,
    "s2_pass_a": true,
    "s2_pass_b": true,
    "d_total_h": 0.0,
    "d_cont_h": 0.0,
    "change_cd": "keep_ok",
    "변화": "유지 충족"
   }
  },
  {
   "type": "Feature",
   "geometry": {
    "type": "Point",
    "coordinates": [
     126.93451549,
     37.52451436
    ]
   },
   "properties": {
    "pid": "여의도고등학교 ②(4층) 4층-12",
    "school": "여의도고등학교",
    "jibun": "30-1",
    "kind": "교사동 창면",
    "dong": "여의도고등학교 ②(4층)",
    "facade": "남향외벽",
    "floor": 4,
    "source": "일반식",
    "z_m": 11.7,
    "normal_az": 141.9,
    "s1_total_h": 6.83,
    "s1_cont_h": 5.33,
    "s1_pass_a": true,
    "s1_pass_b": true,
    "s2_total_h": 6.83,
    "s2_cont_h": 5.33,
    "s2_pass_a": true,
    "s2_pass_b": true,
    "d_total_h": 0.0,
    "d_cont_h": 0.0,
    "change_cd": "keep_ok",
    "변화": "유지 충족"
   }
  },
  {
   "type": "Feature",
   "geometry": {
    "type": "Point",
    "coordinates": [
     126.93446647,
     37.52450155
    ]
   },
   "properties": {
    "pid": "여의도고등학교 ②(4층) 1층-13",
    "school": "여의도고등학교",
    "jibun": "30-1",
    "kind": "교사동 창면",
    "dong": "여의도고등학교 ②(4층)",
    "facade": "남향외벽",
    "floor": 1,
    "source": "일반식",
    "z_m": 1.2,
    "normal_az": 231.9,
    "s1_total_h": 4.0,
    "s1_cont_h": 3.0,
    "s1_pass_a": true,
    "s1_pass_b": true,
    "s2_total_h": 4.0,
    "s2_cont_h": 3.0,
    "s2_pass_a": true,
    "s2_pass_b": true,
    "d_total_h": 0.0,
    "d_cont_h": 0.0,
    "change_cd": "keep_ok",
    "변화": "유지 충족"
   }
  },
  {
   "type": "Feature",
   "geometry": {
    "type": "Point",
    "coordinates": [
     126.93446647,
     37.52450155
    ]
   },
   "properties": {
    "pid": "여의도고등학교 ②(4층) 2층-13",
    "school": "여의도고등학교",
    "jibun": "30-1",
    "kind": "교사동 창면",
    "dong": "여의도고등학교 ②(4층)",
    "facade": "남향외벽",
    "floor": 2,
    "source": "일반식",
    "z_m": 4.7,
    "normal_az": 231.9,
    "s1_total_h": 4.5,
    "s1_cont_h": 3.33,
    "s1_pass_a": true,
    "s1_pass_b": true,
    "s2_total_h": 4.5,
    "s2_cont_h": 3.33,
    "s2_pass_a": true,
    "s2_pass_b": true,
    "d_total_h": 0.0,
    "d_cont_h": 0.0,
    "change_cd": "keep_ok",
    "변화": "유지 충족"
   }
  },
  {
   "type": "Feature",
   "geometry": {
    "type": "Point",
    "coordinates": [
     126.93446647,
     37.52450155
    ]
   },
   "properties": {
    "pid": "여의도고등학교 ②(4층) 3층-13",
    "school": "여의도고등학교",
    "jibun": "30-1",
    "kind": "교사동 창면",
    "dong": "여의도고등학교 ②(4층)",
    "facade": "남향외벽",
    "floor": 3,
    "source": "일반식",
    "z_m": 8.2,
    "normal_az": 231.9,
    "s1_total_h": 4.5,
    "s1_cont_h": 3.33,
    "s1_pass_a": true,
    "s1_pass_b": true,
    "s2_total_h": 4.5,
    "s2_cont_h": 3.33,
    "s2_pass_a": true,
    "s2_pass_b": true,
    "d_total_h": 0.0,
    "d_cont_h": 0.0,
    "change_cd": "keep_ok",
    "변화": "유지 충족"
   }
  },
  {
   "type": "Feature",
   "geometry": {
    "type": "Point",
    "coordinates": [
     126.93446647,
     37.52450155
    ]
   },
   "properties": {
    "pid": "여의도고등학교 ②(4층) 4층-13",
    "school": "여의도고등학교",
    "jibun": "30-1",
    "kind": "교사동 창면",
    "dong": "여의도고등학교 ②(4층)",
    "facade": "남향외벽",
    "floor": 4,
    "source": "일반식",
    "z_m": 11.7,
    "normal_az": 231.9,
    "s1_total_h": 5.0,
    "s1_cont_h": 3.33,
    "s1_pass_a": true,
    "s1_pass_b": true,
    "s2_total_h": 5.0,
    "s2_cont_h": 3.33,
    "s2_pass_a": true,
    "s2_pass_b": true,
    "d_total_h": 0.0,
    "d_cont_h": 0.0,
    "change_cd": "keep_ok",
    "변화": "유지 충족"
   }
  },
  {
   "type": "Feature",
   "geometry": {
    "type": "Point",
    "coordinates": [
     126.93443121,
     37.52453731
    ]
   },
   "properties": {
    "pid": "여의도고등학교 ②(4층) 1층-14",
    "school": "여의도고등학교",
    "jibun": "30-1",
    "kind": "교사동 창면",
    "dong": "여의도고등학교 ②(4층)",
    "facade": "남향외벽",
    "floor": 1,
    "source": "일반식",
    "z_m": 1.2,
    "normal_az": 231.9,
    "s1_total_h": 4.33,
    "s1_cont_h": 3.0,
    "s1_pass_a": true,
    "s1_pass_b": true,
    "s2_total_h": 4.33,
    "s2_cont_h": 3.0,
    "s2_pass_a": true,
    "s2_pass_b": true,
    "d_total_h": 0.0,
    "d_cont_h": 0.0,
    "change_cd": "keep_ok",
    "변화": "유지 충족"
   }
  },
  {
   "type": "Feature",
   "geometry": {
    "type": "Point",
    "coordinates": [
     126.93443121,
     37.52453731
    ]
   },
   "properties": {
    "pid": "여의도고등학교 ②(4층) 2층-14",
    "school": "여의도고등학교",
    "jibun": "30-1",
    "kind": "교사동 창면",
    "dong": "여의도고등학교 ②(4층)",
    "facade": "남향외벽",
    "floor": 2,
    "source": "일반식",
    "z_m": 4.7,
    "normal_az": 231.9,
    "s1_total_h": 4.5,
    "s1_cont_h": 3.17,
    "s1_pass_a": true,
    "s1_pass_b": true,
    "s2_total_h": 4.5,
    "s2_cont_h": 3.17,
    "s2_pass_a": true,
    "s2_pass_b": true,
    "d_total_h": 0.0,
    "d_cont_h": 0.0,
    "change_cd": "keep_ok",
    "변화": "유지 충족"
   }
  },
  {
   "type": "Feature",
   "geometry": {
    "type": "Point",
    "coordinates": [
     126.93443121,
     37.52453731
    ]
   },
   "properties": {
    "pid": "여의도고등학교 ②(4층) 3층-14",
    "school": "여의도고등학교",
    "jibun": "30-1",
    "kind": "교사동 창면",
    "dong": "여의도고등학교 ②(4층)",
    "facade": "남향외벽",
    "floor": 3,
    "source": "일반식",
    "z_m": 8.2,
    "normal_az": 231.9,
    "s1_total_h": 4.83,
    "s1_cont_h": 3.17,
    "s1_pass_a": true,
    "s1_pass_b": true,
    "s2_total_h": 4.83,
    "s2_cont_h": 3.17,
    "s2_pass_a": true,
    "s2_pass_b": true,
    "d_total_h": 0.0,
    "d_cont_h": 0.0,
    "change_cd": "keep_ok",
    "변화": "유지 충족"
   }
  },
  {
   "type": "Feature",
   "geometry": {
    "type": "Point",
    "coordinates": [
     126.93443121,
     37.52453731
    ]
   },
   "properties": {
    "pid": "여의도고등학교 ②(4층) 4층-14",
    "school": "여의도고등학교",
    "jibun": "30-1",
    "kind": "교사동 창면",
    "dong": "여의도고등학교 ②(4층)",
    "facade": "남향외벽",
    "floor": 4,
    "source": "일반식",
    "z_m": 11.7,
    "normal_az": 231.9,
    "s1_total_h": 5.0,
    "s1_cont_h": 3.33,
    "s1_pass_a": true,
    "s1_pass_b": true,
    "s2_total_h": 5.0,
    "s2_cont_h": 3.33,
    "s2_pass_a": true,
    "s2_pass_b": true,
    "d_total_h": 0.0,
    "d_cont_h": 0.0,
    "change_cd": "keep_ok",
    "변화": "유지 충족"
   }
  },
  {
   "type": "Feature",
   "geometry": {
    "type": "Point",
    "coordinates": [
     126.93439595,
     37.52457306
    ]
   },
   "properties": {
    "pid": "여의도고등학교 ②(4층) 1층-15",
    "school": "여의도고등학교",
    "jibun": "30-1",
    "kind": "교사동 창면",
    "dong": "여의도고등학교 ②(4층)",
    "facade": "남향외벽",
    "floor": 1,
    "source": "일반식",
    "z_m": 1.2,
    "normal_az": 231.9,
    "s1_total_h": 4.17,
    "s1_cont_h": 3.0,
    "s1_pass_a": true,
    "s1_pass_b": true,
    "s2_total_h": 4.17,
    "s2_cont_h": 3.0,
    "s2_pass_a": true,
    "s2_pass_b": true,
    "d_total_h": 0.0,
    "d_cont_h": 0.0,
    "change_cd": "keep_ok",
    "변화": "유지 충족"
   }
  },
  {
   "type": "Feature",
   "geometry": {
    "type": "Point",
    "coordinates": [
     126.93439595,
     37.52457306
    ]
   },
   "properties": {
    "pid": "여의도고등학교 ②(4층) 2층-15",
    "school": "여의도고등학교",
    "jibun": "30-1",
    "kind": "교사동 창면",
    "dong": "여의도고등학교 ②(4층)",
    "facade": "남향외벽",
    "floor": 2,
    "source": "일반식",
    "z_m": 4.7,
    "normal_az": 231.9,
    "s1_total_h": 4.5,
    "s1_cont_h": 3.17,
    "s1_pass_a": true,
    "s1_pass_b": true,
    "s2_total_h": 4.5,
    "s2_cont_h": 3.17,
    "s2_pass_a": true,
    "s2_pass_b": true,
    "d_total_h": 0.0,
    "d_cont_h": 0.0,
    "change_cd": "keep_ok",
    "변화": "유지 충족"
   }
  },
  {
   "type": "Feature",
   "geometry": {
    "type": "Point",
    "coordinates": [
     126.93439595,
     37.52457306
    ]
   },
   "properties": {
    "pid": "여의도고등학교 ②(4층) 3층-15",
    "school": "여의도고등학교",
    "jibun": "30-1",
    "kind": "교사동 창면",
    "dong": "여의도고등학교 ②(4층)",
    "facade": "남향외벽",
    "floor": 3,
    "source": "일반식",
    "z_m": 8.2,
    "normal_az": 231.9,
    "s1_total_h": 4.67,
    "s1_cont_h": 3.17,
    "s1_pass_a": true,
    "s1_pass_b": true,
    "s2_total_h": 4.67,
    "s2_cont_h": 3.17,
    "s2_pass_a": true,
    "s2_pass_b": true,
    "d_total_h": 0.0,
    "d_cont_h": 0.0,
    "change_cd": "keep_ok",
    "변화": "유지 충족"
   }
  },
  {
   "type": "Feature",
   "geometry": {
    "type": "Point",
    "coordinates": [
     126.93439595,
     37.52457306
    ]
   },
   "properties": {
    "pid": "여의도고등학교 ②(4층) 4층-15",
    "school": "여의도고등학교",
    "jibun": "30-1",
    "kind": "교사동 창면",
    "dong": "여의도고등학교 ②(4층)",
    "facade": "남향외벽",
    "floor": 4,
    "source": "일반식",
    "z_m": 11.7,
    "normal_az": 231.9,
    "s1_total_h": 5.17,
    "s1_cont_h": 3.33,
    "s1_pass_a": true,
    "s1_pass_b": true,
    "s2_total_h": 5.17,
    "s2_cont_h": 3.33,
    "s2_pass_a": true,
    "s2_pass_b": true,
    "d_total_h": 0.0,
    "d_cont_h": 0.0,
    "change_cd": "keep_ok",
    "변화": "유지 충족"
   }
  },
  {
   "type": "Feature",
   "geometry": {
    "type": "Point",
    "coordinates": [
     126.93436069,
     37.52460881
    ]
   },
   "properties": {
    "pid": "여의도고등학교 ②(4층) 1층-16",
    "school": "여의도고등학교",
    "jibun": "30-1",
    "kind": "교사동 창면",
    "dong": "여의도고등학교 ②(4층)",
    "facade": "남향외벽",
    "floor": 1,
    "source": "일반식",
    "z_m": 1.2,
    "normal_az": 231.9,
    "s1_total_h": 3.5,
    "s1_cont_h": 3.0,
    "s1_pass_a": true,
    "s1_pass_b": true,
    "s2_total_h": 3.5,
    "s2_cont_h": 3.0,
    "s2_pass_a": true,
    "s2_pass_b": true,
    "d_total_h": 0.0,
    "d_cont_h": 0.0,
    "change_cd": "keep_ok",
    "변화": "유지 충족"
   }
  },
  {
   "type": "Feature",
   "geometry": {
    "type": "Point",
    "coordinates": [
     126.93436069,
     37.52460881
    ]
   },
   "properties": {
    "pid": "여의도고등학교 ②(4층) 2층-16",
    "school": "여의도고등학교",
    "jibun": "30-1",
    "kind": "교사동 창면",
    "dong": "여의도고등학교 ②(4층)",
    "facade": "남향외벽",
    "floor": 2,
    "source": "일반식",
    "z_m": 4.7,
    "normal_az": 231.9,
    "s1_total_h": 3.83,
    "s1_cont_h": 3.17,
    "s1_pass_a": true,
    "s1_pass_b": true,
    "s2_total_h": 3.83,
    "s2_cont_h": 3.17,
    "s2_pass_a": true,
    "s2_pass_b": true,
    "d_total_h": 0.0,
    "d_cont_h": 0.0,
    "change_cd": "keep_ok",
    "변화": "유지 충족"
   }
  },
  {
   "type": "Feature",
   "geometry": {
    "type": "Point",
    "coordinates": [
     126.93436069,
     37.52460881
    ]
   },
   "properties": {
    "pid": "여의도고등학교 ②(4층) 3층-16",
    "school": "여의도고등학교",
    "jibun": "30-1",
    "kind": "교사동 창면",
    "dong": "여의도고등학교 ②(4층)",
    "facade": "남향외벽",
    "floor": 3,
    "source": "일반식",
    "z_m": 8.2,
    "normal_az": 231.9,
    "s1_total_h": 4.5,
    "s1_cont_h": 3.17,
    "s1_pass_a": true,
    "s1_pass_b": true,
    "s2_total_h": 4.5,
    "s2_cont_h": 3.17,
    "s2_pass_a": true,
    "s2_pass_b": true,
    "d_total_h": 0.0,
    "d_cont_h": 0.0,
    "change_cd": "keep_ok",
    "변화": "유지 충족"
   }
  },
  {
   "type": "Feature",
   "geometry": {
    "type": "Point",
    "coordinates": [
     126.93436069,
     37.52460881
    ]
   },
   "properties": {
    "pid": "여의도고등학교 ②(4층) 4층-16",
    "school": "여의도고등학교",
    "jibun": "30-1",
    "kind": "교사동 창면",
    "dong": "여의도고등학교 ②(4층)",
    "facade": "남향외벽",
    "floor": 4,
    "source": "일반식",
    "z_m": 11.7,
    "normal_az": 231.9,
    "s1_total_h": 4.83,
    "s1_cont_h": 3.17,
    "s1_pass_a": true,
    "s1_pass_b": true,
    "s2_total_h": 4.83,
    "s2_cont_h": 3.17,
    "s2_pass_a": true,
    "s2_pass_b": true,
    "d_total_h": 0.0,
    "d_cont_h": 0.0,
    "change_cd": "keep_ok",
    "변화": "유지 충족"
   }
  },
  {
   "type": "Feature",
   "geometry": {
    "type": "Point",
    "coordinates": [
     126.93432543,
     37.52464457
    ]
   },
   "properties": {
    "pid": "여의도고등학교 ②(4층) 1층-17",
    "school": "여의도고등학교",
    "jibun": "30-1",
    "kind": "교사동 창면",
    "dong": "여의도고등학교 ②(4층)",
    "facade": "남향외벽",
    "floor": 1,
    "source": "일반식",
    "z_m": 1.2,
    "normal_az": 231.9,
    "s1_total_h": 3.17,
    "s1_cont_h": 3.17,
    "s1_pass_a": true,
    "s1_pass_b": true,
    "s2_total_h": 3.17,
    "s2_cont_h": 3.17,
    "s2_pass_a": true,
    "s2_pass_b": true,
    "d_total_h": 0.0,
    "d_cont_h": 0.0,
    "change_cd": "keep_ok",
    "변화": "유지 충족"
   }
  },
  {
   "type": "Feature",
   "geometry": {
    "type": "Point",
    "coordinates": [
     126.93432543,
     37.52464457
    ]
   },
   "properties": {
    "pid": "여의도고등학교 ②(4층) 2층-17",
    "school": "여의도고등학교",
    "jibun": "30-1",
    "kind": "교사동 창면",
    "dong": "여의도고등학교 ②(4층)",
    "facade": "남향외벽",
    "floor": 2,
    "source": "일반식",
    "z_m": 4.7,
    "normal_az": 231.9,
    "s1_total_h": 4.0,
    "s1_cont_h": 3.17,
    "s1_pass_a": true,
    "s1_pass_b": true,
    "s2_total_h": 4.0,
    "s2_cont_h": 3.17,
    "s2_pass_a": true,
    "s2_pass_b": true,
    "d_total_h": 0.0,
    "d_cont_h": 0.0,
    "change_cd": "keep_ok",
    "변화": "유지 충족"
   }
  },
  {
   "type": "Feature",
   "geometry": {
    "type": "Point",
    "coordinates": [
     126.93432543,
     37.52464457
    ]
   },
   "properties": {
    "pid": "여의도고등학교 ②(4층) 3층-17",
    "school": "여의도고등학교",
    "jibun": "30-1",
    "kind": "교사동 창면",
    "dong": "여의도고등학교 ②(4층)",
    "facade": "남향외벽",
    "floor": 3,
    "source": "일반식",
    "z_m": 8.2,
    "normal_az": 231.9,
    "s1_total_h": 4.83,
    "s1_cont_h": 3.17,
    "s1_pass_a": true,
    "s1_pass_b": true,
    "s2_total_h": 4.83,
    "s2_cont_h": 3.17,
    "s2_pass_a": true,
    "s2_pass_b": true,
    "d_total_h": 0.0,
    "d_cont_h": 0.0,
    "change_cd": "keep_ok",
    "변화": "유지 충족"
   }
  },
  {
   "type": "Feature",
   "geometry": {
    "type": "Point",
    "coordinates": [
     126.93432543,
     37.52464457
    ]
   },
   "properties": {
    "pid": "여의도고등학교 ②(4층) 4층-17",
    "school": "여의도고등학교",
    "jibun": "30-1",
    "kind": "교사동 창면",
    "dong": "여의도고등학교 ②(4층)",
    "facade": "남향외벽",
    "floor": 4,
    "source": "일반식",
    "z_m": 11.7,
    "normal_az": 231.9,
    "s1_total_h": 5.17,
    "s1_cont_h": 3.17,
    "s1_pass_a": true,
    "s1_pass_b": true,
    "s2_total_h": 5.17,
    "s2_cont_h": 3.17,
    "s2_pass_a": true,
    "s2_pass_b": true,
    "d_total_h": 0.0,
    "d_cont_h": 0.0,
    "change_cd": "keep_ok",
    "변화": "유지 충족"
   }
  },
  {
   "type": "Feature",
   "geometry": {
    "type": "Point",
    "coordinates": [
     126.93442982,
     37.52473291
    ]
   },
   "properties": {
    "pid": "여의도고등학교 ②(4층) 1층-18",
    "school": "여의도고등학교",
    "jibun": "30-1",
    "kind": "교사동 창면",
    "dong": "여의도고등학교 ②(4층)",
    "facade": "남향외벽",
    "floor": 1,
    "source": "일반식",
    "z_m": 1.2,
    "normal_az": 232.0,
    "s1_total_h": 0.0,
    "s1_cont_h": 0.0,
    "s1_pass_a": false,
    "s1_pass_b": false,
    "s2_total_h": 0.0,
    "s2_cont_h": 0.0,
    "s2_pass_a": false,
    "s2_pass_b": false,
    "d_total_h": 0.0,
    "d_cont_h": 0.0,
    "change_cd": "keep_fail",
    "변화": "유지 불충족"
   }
  },
  {
   "type": "Feature",
   "geometry": {
    "type": "Point",
    "coordinates": [
     126.93442982,
     37.52473291
    ]
   },
   "properties": {
    "pid": "여의도고등학교 ②(4층) 2층-18",
    "school": "여의도고등학교",
    "jibun": "30-1",
    "kind": "교사동 창면",
    "dong": "여의도고등학교 ②(4층)",
    "facade": "남향외벽",
    "floor": 2,
    "source": "일반식",
    "z_m": 4.7,
    "normal_az": 232.0,
    "s1_total_h": 0.0,
    "s1_cont_h": 0.0,
    "s1_pass_a": false,
    "s1_pass_b": false,
    "s2_total_h": 0.0,
    "s2_cont_h": 0.0,
    "s2_pass_a": false,
    "s2_pass_b": false,
    "d_total_h": 0.0,
    "d_cont_h": 0.0,
    "change_cd": "keep_fail",
    "변화": "유지 불충족"
   }
  },
  {
   "type": "Feature",
   "geometry": {
    "type": "Point",
    "coordinates": [
     126.93442982,
     37.52473291
    ]
   },
   "properties": {
    "pid": "여의도고등학교 ②(4층) 3층-18",
    "school": "여의도고등학교",
    "jibun": "30-1",
    "kind": "교사동 창면",
    "dong": "여의도고등학교 ②(4층)",
    "facade": "남향외벽",
    "floor": 3,
    "source": "일반식",
    "z_m": 8.2,
    "normal_az": 232.0,
    "s1_total_h": 0.33,
    "s1_cont_h": 0.33,
    "s1_pass_a": false,
    "s1_pass_b": false,
    "s2_total_h": 0.33,
    "s2_cont_h": 0.33,
    "s2_pass_a": false,
    "s2_pass_b": false,
    "d_total_h": 0.0,
    "d_cont_h": 0.0,
    "change_cd": "keep_fail",
    "변화": "유지 불충족"
   }
  },
  {
   "type": "Feature",
   "geometry": {
    "type": "Point",
    "coordinates": [
     126.93442982,
     37.52473291
    ]
   },
   "properties": {
    "pid": "여의도고등학교 ②(4층) 4층-18",
    "school": "여의도고등학교",
    "jibun": "30-1",
    "kind": "교사동 창면",
    "dong": "여의도고등학교 ②(4층)",
    "facade": "남향외벽",
    "floor": 4,
    "source": "일반식",
    "z_m": 11.7,
    "normal_az": 232.0,
    "s1_total_h": 0.33,
    "s1_cont_h": 0.33,
    "s1_pass_a": false,
    "s1_pass_b": false,
    "s2_total_h": 0.33,
    "s2_cont_h": 0.33,
    "s2_pass_a": false,
    "s2_pass_b": false,
    "d_total_h": 0.0,
    "d_cont_h": 0.0,
    "change_cd": "keep_fail",
    "변화": "유지 불충족"
   }
  },
  {
   "type": "Feature",
   "geometry": {
    "type": "Point",
    "coordinates": [
     126.93439461,
     37.5247687
    ]
   },
   "properties": {
    "pid": "여의도고등학교 ②(4층) 1층-19",
    "school": "여의도고등학교",
    "jibun": "30-1",
    "kind": "교사동 창면",
    "dong": "여의도고등학교 ②(4층)",
    "facade": "남향외벽",
    "floor": 1,
    "source": "일반식",
    "z_m": 1.2,
    "normal_az": 232.0,
    "s1_total_h": 0.17,
    "s1_cont_h": 0.17,
    "s1_pass_a": false,
    "s1_pass_b": false,
    "s2_total_h": 0.17,
    "s2_cont_h": 0.17,
    "s2_pass_a": false,
    "s2_pass_b": false,
    "d_total_h": 0.0,
    "d_cont_h": 0.0,
    "change_cd": "keep_fail",
    "변화": "유지 불충족"
   }
  },
  {
   "type": "Feature",
   "geometry": {
    "type": "Point",
    "coordinates": [
     126.93439461,
     37.5247687
    ]
   },
   "properties": {
    "pid": "여의도고등학교 ②(4층) 2층-19",
    "school": "여의도고등학교",
    "jibun": "30-1",
    "kind": "교사동 창면",
    "dong": "여의도고등학교 ②(4층)",
    "facade": "남향외벽",
    "floor": 2,
    "source": "일반식",
    "z_m": 4.7,
    "normal_az": 232.0,
    "s1_total_h": 1.0,
    "s1_cont_h": 0.83,
    "s1_pass_a": false,
    "s1_pass_b": false,
    "s2_total_h": 1.0,
    "s2_cont_h": 0.83,
    "s2_pass_a": false,
    "s2_pass_b": false,
    "d_total_h": 0.0,
    "d_cont_h": 0.0,
    "change_cd": "keep_fail",
    "변화": "유지 불충족"
   }
  },
  {
   "type": "Feature",
   "geometry": {
    "type": "Point",
    "coordinates": [
     126.93439461,
     37.5247687
    ]
   },
   "properties": {
    "pid": "여의도고등학교 ②(4층) 3층-19",
    "school": "여의도고등학교",
    "jibun": "30-1",
    "kind": "교사동 창면",
    "dong": "여의도고등학교 ②(4층)",
    "facade": "남향외벽",
    "floor": 3,
    "source": "일반식",
    "z_m": 8.2,
    "normal_az": 232.0,
    "s1_total_h": 1.33,
    "s1_cont_h": 1.17,
    "s1_pass_a": false,
    "s1_pass_b": false,
    "s2_total_h": 1.33,
    "s2_cont_h": 1.17,
    "s2_pass_a": false,
    "s2_pass_b": false,
    "d_total_h": 0.0,
    "d_cont_h": 0.0,
    "change_cd": "keep_fail",
    "변화": "유지 불충족"
   }
  },
  {
   "type": "Feature",
   "geometry": {
    "type": "Point",
    "coordinates": [
     126.93439461,
     37.5247687
    ]
   },
   "properties": {
    "pid": "여의도고등학교 ②(4층) 4층-19",
    "school": "여의도고등학교",
    "jibun": "30-1",
    "kind": "교사동 창면",
    "dong": "여의도고등학교 ②(4층)",
    "facade": "남향외벽",
    "floor": 4,
    "source": "일반식",
    "z_m": 11.7,
    "normal_az": 232.0,
    "s1_total_h": 2.67,
    "s1_cont_h": 1.17,
    "s1_pass_a": false,
    "s1_pass_b": false,
    "s2_total_h": 2.67,
    "s2_cont_h": 1.17,
    "s2_pass_a": false,
    "s2_pass_b": false,
    "d_total_h": 0.0,
    "d_cont_h": 0.0,
    "change_cd": "keep_fail",
    "변화": "유지 불충족"
   }
  },
  {
   "type": "Feature",
   "geometry": {
    "type": "Point",
    "coordinates": [
     126.93435941,
     37.52480448
    ]
   },
   "properties": {
    "pid": "여의도고등학교 ②(4층) 1층-20",
    "school": "여의도고등학교",
    "jibun": "30-1",
    "kind": "교사동 창면",
    "dong": "여의도고등학교 ②(4층)",
    "facade": "남향외벽",
    "floor": 1,
    "source": "일반식",
    "z_m": 1.2,
    "normal_az": 232.0,
    "s1_total_h": 1.33,
    "s1_cont_h": 0.67,
    "s1_pass_a": false,
    "s1_pass_b": false,
    "s2_total_h": 1.33,
    "s2_cont_h": 0.67,
    "s2_pass_a": false,
    "s2_pass_b": false,
    "d_total_h": 0.0,
    "d_cont_h": 0.0,
    "change_cd": "keep_fail",
    "변화": "유지 불충족"
   }
  },
  {
   "type": "Feature",
   "geometry": {
    "type": "Point",
    "coordinates": [
     126.93435941,
     37.52480448
    ]
   },
   "properties": {
    "pid": "여의도고등학교 ②(4층) 2층-20",
    "school": "여의도고등학교",
    "jibun": "30-1",
    "kind": "교사동 창면",
    "dong": "여의도고등학교 ②(4층)",
    "facade": "남향외벽",
    "floor": 2,
    "source": "일반식",
    "z_m": 4.7,
    "normal_az": 232.0,
    "s1_total_h": 2.0,
    "s1_cont_h": 1.17,
    "s1_pass_a": false,
    "s1_pass_b": false,
    "s2_total_h": 2.0,
    "s2_cont_h": 1.17,
    "s2_pass_a": false,
    "s2_pass_b": false,
    "d_total_h": 0.0,
    "d_cont_h": 0.0,
    "change_cd": "keep_fail",
    "변화": "유지 불충족"
   }
  },
  {
   "type": "Feature",
   "geometry": {
    "type": "Point",
    "coordinates": [
     126.93435941,
     37.52480448
    ]
   },
   "properties": {
    "pid": "여의도고등학교 ②(4층) 3층-20",
    "school": "여의도고등학교",
    "jibun": "30-1",
    "kind": "교사동 창면",
    "dong": "여의도고등학교 ②(4층)",
    "facade": "남향외벽",
    "floor": 3,
    "source": "일반식",
    "z_m": 8.2,
    "normal_az": 232.0,
    "s1_total_h": 3.0,
    "s1_cont_h": 1.17,
    "s1_pass_a": false,
    "s1_pass_b": false,
    "s2_total_h": 3.0,
    "s2_cont_h": 1.17,
    "s2_pass_a": false,
    "s2_pass_b": false,
    "d_total_h": 0.0,
    "d_cont_h": 0.0,
    "change_cd": "keep_fail",
    "변화": "유지 불충족"
   }
  },
  {
   "type": "Feature",
   "geometry": {
    "type": "Point",
    "coordinates": [
     126.93435941,
     37.52480448
    ]
   },
   "properties": {
    "pid": "여의도고등학교 ②(4층) 4층-20",
    "school": "여의도고등학교",
    "jibun": "30-1",
    "kind": "교사동 창면",
    "dong": "여의도고등학교 ②(4층)",
    "facade": "남향외벽",
    "floor": 4,
    "source": "일반식",
    "z_m": 11.7,
    "normal_az": 232.0,
    "s1_total_h": 5.33,
    "s1_cont_h": 4.17,
    "s1_pass_a": true,
    "s1_pass_b": true,
    "s2_total_h": 5.33,
    "s2_cont_h": 4.17,
    "s2_pass_a": true,
    "s2_pass_b": true,
    "d_total_h": 0.0,
    "d_cont_h": 0.0,
    "change_cd": "keep_ok",
    "변화": "유지 충족"
   }
  },
  {
   "type": "Feature",
   "geometry": {
    "type": "Point",
    "coordinates": [
     126.9343242,
     37.52484028
    ]
   },
   "properties": {
    "pid": "여의도고등학교 ②(4층) 1층-21",
    "school": "여의도고등학교",
    "jibun": "30-1",
    "kind": "교사동 창면",
    "dong": "여의도고등학교 ②(4층)",
    "facade": "남향외벽",
    "floor": 1,
    "source": "일반식",
    "z_m": 1.2,
    "normal_az": 232.0,
    "s1_total_h": 2.5,
    "s1_cont_h": 1.17,
    "s1_pass_a": false,
    "s1_pass_b": false,
    "s2_total_h": 2.5,
    "s2_cont_h": 1.17,
    "s2_pass_a": false,
    "s2_pass_b": false,
    "d_total_h": 0.0,
    "d_cont_h": 0.0,
    "change_cd": "keep_fail",
    "변화": "유지 불충족"
   }
  },
  {
   "type": "Feature",
   "geometry": {
    "type": "Point",
    "coordinates": [
     126.9343242,
     37.52484028
    ]
   },
   "properties": {
    "pid": "여의도고등학교 ②(4층) 2층-21",
    "school": "여의도고등학교",
    "jibun": "30-1",
    "kind": "교사동 창면",
    "dong": "여의도고등학교 ②(4층)",
    "facade": "남향외벽",
    "floor": 2,
    "source": "일반식",
    "z_m": 4.7,
    "normal_az": 232.0,
    "s1_total_h": 3.0,
    "s1_cont_h": 1.17,
    "s1_pass_a": false,
    "s1_pass_b": false,
    "s2_total_h": 3.0,
    "s2_cont_h": 1.17,
    "s2_pass_a": false,
    "s2_pass_b": false,
    "d_total_h": 0.0,
    "d_cont_h": 0.0,
    "change_cd": "keep_fail",
    "변화": "유지 불충족"
   }
  },
  {
   "type": "Feature",
   "geometry": {
    "type": "Point",
    "coordinates": [
     126.9343242,
     37.52484028
    ]
   },
   "properties": {
    "pid": "여의도고등학교 ②(4층) 3층-21",
    "school": "여의도고등학교",
    "jibun": "30-1",
    "kind": "교사동 창면",
    "dong": "여의도고등학교 ②(4층)",
    "facade": "남향외벽",
    "floor": 3,
    "source": "일반식",
    "z_m": 8.2,
    "normal_az": 232.0,
    "s1_total_h": 4.67,
    "s1_cont_h": 3.5,
    "s1_pass_a": true,
    "s1_pass_b": true,
    "s2_total_h": 4.67,
    "s2_cont_h": 3.5,
    "s2_pass_a": true,
    "s2_pass_b": true,
    "d_total_h": 0.0,
    "d_cont_h": 0.0,
    "change_cd": "keep_ok",
    "변화": "유지 충족"
   }
  },
  {
   "type": "Feature",
   "geometry": {
    "type": "Point",
    "coordinates": [
     126.9343242,
     37.52484028
    ]
   },
   "properties": {
    "pid": "여의도고등학교 ②(4층) 4층-21",
    "school": "여의도고등학교",
    "jibun": "30-1",
    "kind": "교사동 창면",
    "dong": "여의도고등학교 ②(4층)",
    "facade": "남향외벽",
    "floor": 4,
    "source": "일반식",
    "z_m": 11.7,
    "normal_az": 232.0,
    "s1_total_h": 5.67,
    "s1_cont_h": 4.33,
    "s1_pass_a": true,
    "s1_pass_b": true,
    "s2_total_h": 5.67,
    "s2_cont_h": 4.33,
    "s2_pass_a": true,
    "s2_pass_b": true,
    "d_total_h": 0.0,
    "d_cont_h": 0.0,
    "change_cd": "keep_ok",
    "변화": "유지 충족"
   }
  },
  {
   "type": "Feature",
   "geometry": {
    "type": "Point",
    "coordinates": [
     126.93428899,
     37.52487607
    ]
   },
   "properties": {
    "pid": "여의도고등학교 ②(4층) 1층-22",
    "school": "여의도고등학교",
    "jibun": "30-1",
    "kind": "교사동 창면",
    "dong": "여의도고등학교 ②(4층)",
    "facade": "남향외벽",
    "floor": 1,
    "source": "일반식",
    "z_m": 1.2,
    "normal_az": 232.0,
    "s1_total_h": 3.0,
    "s1_cont_h": 1.17,
    "s1_pass_a": false,
    "s1_pass_b": false,
    "s2_total_h": 3.0,
    "s2_cont_h": 1.17,
    "s2_pass_a": false,
    "s2_pass_b": false,
    "d_total_h": 0.0,
    "d_cont_h": 0.0,
    "change_cd": "keep_fail",
    "변화": "유지 불충족"
   }
  },
  {
   "type": "Feature",
   "geometry": {
    "type": "Point",
    "coordinates": [
     126.93428899,
     37.52487607
    ]
   },
   "properties": {
    "pid": "여의도고등학교 ②(4층) 2층-22",
    "school": "여의도고등학교",
    "jibun": "30-1",
    "kind": "교사동 창면",
    "dong": "여의도고등학교 ②(4층)",
    "facade": "남향외벽",
    "floor": 2,
    "source": "일반식",
    "z_m": 4.7,
    "normal_az": 232.0,
    "s1_total_h": 3.83,
    "s1_cont_h": 2.0,
    "s1_pass_a": true,
    "s1_pass_b": true,
    "s2_total_h": 3.83,
    "s2_cont_h": 2.0,
    "s2_pass_a": true,
    "s2_pass_b": true,
    "d_total_h": 0.0,
    "d_cont_h": 0.0,
    "change_cd": "keep_ok",
    "변화": "유지 충족"
   }
  },
  {
   "type": "Feature",
   "geometry": {
    "type": "Point",
    "coordinates": [
     126.93428899,
     37.52487607
    ]
   },
   "properties": {
    "pid": "여의도고등학교 ②(4층) 3층-22",
    "school": "여의도고등학교",
    "jibun": "30-1",
    "kind": "교사동 창면",
    "dong": "여의도고등학교 ②(4층)",
    "facade": "남향외벽",
    "floor": 3,
    "source": "일반식",
    "z_m": 8.2,
    "normal_az": 232.0,
    "s1_total_h": 5.33,
    "s1_cont_h": 4.17,
    "s1_pass_a": true,
    "s1_pass_b": true,
    "s2_total_h": 5.33,
    "s2_cont_h": 4.17,
    "s2_pass_a": true,
    "s2_pass_b": true,
    "d_total_h": 0.0,
    "d_cont_h": 0.0,
    "change_cd": "keep_ok",
    "변화": "유지 충족"
   }
  },
  {
   "type": "Feature",
   "geometry": {
    "type": "Point",
    "coordinates": [
     126.93428899,
     37.52487607
    ]
   },
   "properties": {
    "pid": "여의도고등학교 ②(4층) 4층-22",
    "school": "여의도고등학교",
    "jibun": "30-1",
    "kind": "교사동 창면",
    "dong": "여의도고등학교 ②(4층)",
    "facade": "남향외벽",
    "floor": 4,
    "source": "일반식",
    "z_m": 11.7,
    "normal_az": 232.0,
    "s1_total_h": 5.5,
    "s1_cont_h": 4.17,
    "s1_pass_a": true,
    "s1_pass_b": true,
    "s2_total_h": 5.5,
    "s2_cont_h": 4.17,
    "s2_pass_a": true,
    "s2_pass_b": true,
    "d_total_h": 0.0,
    "d_cont_h": 0.0,
    "change_cd": "keep_ok",
    "변화": "유지 충족"
   }
  },
  {
   "type": "Feature",
   "geometry": {
    "type": "Point",
    "coordinates": [
     126.93425379,
     37.52491186
    ]
   },
   "properties": {
    "pid": "여의도고등학교 ②(4층) 1층-23",
    "school": "여의도고등학교",
    "jibun": "30-1",
    "kind": "교사동 창면",
    "dong": "여의도고등학교 ②(4층)",
    "facade": "남향외벽",
    "floor": 1,
    "source": "일반식",
    "z_m": 1.2,
    "normal_az": 232.0,
    "s1_total_h": 3.83,
    "s1_cont_h": 2.83,
    "s1_pass_a": true,
    "s1_pass_b": true,
    "s2_total_h": 3.83,
    "s2_cont_h": 2.83,
    "s2_pass_a": true,
    "s2_pass_b": true,
    "d_total_h": 0.0,
    "d_cont_h": 0.0,
    "change_cd": "keep_ok",
    "변화": "유지 충족"
   }
  },
  {
   "type": "Feature",
   "geometry": {
    "type": "Point",
    "coordinates": [
     126.93425379,
     37.52491186
    ]
   },
   "properties": {
    "pid": "여의도고등학교 ②(4층) 2층-23",
    "school": "여의도고등학교",
    "jibun": "30-1",
    "kind": "교사동 창면",
    "dong": "여의도고등학교 ②(4층)",
    "facade": "남향외벽",
    "floor": 2,
    "source": "일반식",
    "z_m": 4.7,
    "normal_az": 232.0,
    "s1_total_h": 4.83,
    "s1_cont_h": 3.67,
    "s1_pass_a": true,
    "s1_pass_b": true,
    "s2_total_h": 4.83,
    "s2_cont_h": 3.67,
    "s2_pass_a": true,
    "s2_pass_b": true,
    "d_total_h": 0.0,
    "d_cont_h": 0.0,
    "change_cd": "keep_ok",
    "변화": "유지 충족"
   }
  },
  {
   "type": "Feature",
   "geometry": {
    "type": "Point",
    "coordinates": [
     126.93425379,
     37.52491186
    ]
   },
   "properties": {
    "pid": "여의도고등학교 ②(4층) 3층-23",
    "school": "여의도고등학교",
    "jibun": "30-1",
    "kind": "교사동 창면",
    "dong": "여의도고등학교 ②(4층)",
    "facade": "남향외벽",
    "floor": 3,
    "source": "일반식",
    "z_m": 8.2,
    "normal_az": 232.0,
    "s1_total_h": 5.5,
    "s1_cont_h": 4.17,
    "s1_pass_a": true,
    "s1_pass_b": true,
    "s2_total_h": 5.5,
    "s2_cont_h": 4.17,
    "s2_pass_a": true,
    "s2_pass_b": true,
    "d_total_h": 0.0,
    "d_cont_h": 0.0,
    "change_cd": "keep_ok",
    "변화": "유지 충족"
   }
  },
  {
   "type": "Feature",
   "geometry": {
    "type": "Point",
    "coordinates": [
     126.93425379,
     37.52491186
    ]
   },
   "properties": {
    "pid": "여의도고등학교 ②(4층) 4층-23",
    "school": "여의도고등학교",
    "jibun": "30-1",
    "kind": "교사동 창면",
    "dong": "여의도고등학교 ②(4층)",
    "facade": "남향외벽",
    "floor": 4,
    "source": "일반식",
    "z_m": 11.7,
    "normal_az": 232.0,
    "s1_total_h": 5.5,
    "s1_cont_h": 4.17,
    "s1_pass_a": true,
    "s1_pass_b": true,
    "s2_total_h": 5.5,
    "s2_cont_h": 4.17,
    "s2_pass_a": true,
    "s2_pass_b": true,
    "d_total_h": 0.0,
    "d_cont_h": 0.0,
    "change_cd": "keep_ok",
    "변화": "유지 충족"
   }
  },
  {
   "type": "Feature",
   "geometry": {
    "type": "Point",
    "coordinates": [
     126.93421859,
     37.52494765
    ]
   },
   "properties": {
    "pid": "여의도고등학교 ②(4층) 1층-24",
    "school": "여의도고등학교",
    "jibun": "30-1",
    "kind": "교사동 창면",
    "dong": "여의도고등학교 ②(4층)",
    "facade": "남향외벽",
    "floor": 1,
    "source": "일반식",
    "z_m": 1.2,
    "normal_az": 232.0,
    "s1_total_h": 4.33,
    "s1_cont_h": 3.33,
    "s1_pass_a": true,
    "s1_pass_b": true,
    "s2_total_h": 4.33,
    "s2_cont_h": 3.33,
    "s2_pass_a": true,
    "s2_pass_b": true,
    "d_total_h": 0.0,
    "d_cont_h": 0.0,
    "change_cd": "keep_ok",
    "변화": "유지 충족"
   }
  },
  {
   "type": "Feature",
   "geometry": {
    "type": "Point",
    "coordinates": [
     126.93421859,
     37.52494765
    ]
   },
   "properties": {
    "pid": "여의도고등학교 ②(4층) 2층-24",
    "school": "여의도고등학교",
    "jibun": "30-1",
    "kind": "교사동 창면",
    "dong": "여의도고등학교 ②(4층)",
    "facade": "남향외벽",
    "floor": 2,
    "source": "일반식",
    "z_m": 4.7,
    "normal_az": 232.0,
    "s1_total_h": 5.33,
    "s1_cont_h": 4.17,
    "s1_pass_a": true,
    "s1_pass_b": true,
    "s2_total_h": 5.33,
    "s2_cont_h": 4.17,
    "s2_pass_a": true,
    "s2_pass_b": true,
    "d_total_h": 0.0,
    "d_cont_h": 0.0,
    "change_cd": "keep_ok",
    "변화": "유지 충족"
   }
  },
  {
   "type": "Feature",
   "geometry": {
    "type": "Point",
    "coordinates": [
     126.93421859,
     37.52494765
    ]
   },
   "properties": {
    "pid": "여의도고등학교 ②(4층) 3층-24",
    "school": "여의도고등학교",
    "jibun": "30-1",
    "kind": "교사동 창면",
    "dong": "여의도고등학교 ②(4층)",
    "facade": "남향외벽",
    "floor": 3,
    "source": "일반식",
    "z_m": 8.2,
    "normal_az": 232.0,
    "s1_total_h": 5.33,
    "s1_cont_h": 4.17,
    "s1_pass_a": true,
    "s1_pass_b": true,
    "s2_total_h": 5.33,
    "s2_cont_h": 4.17,
    "s2_pass_a": true,
    "s2_pass_b": true,
    "d_total_h": 0.0,
    "d_cont_h": 0.0,
    "change_cd": "keep_ok",
    "변화": "유지 충족"
   }
  },
  {
   "type": "Feature",
   "geometry": {
    "type": "Point",
    "coordinates": [
     126.93421859,
     37.52494765
    ]
   },
   "properties": {
    "pid": "여의도고등학교 ②(4층) 4층-24",
    "school": "여의도고등학교",
    "jibun": "30-1",
    "kind": "교사동 창면",
    "dong": "여의도고등학교 ②(4층)",
    "facade": "남향외벽",
    "floor": 4,
    "source": "일반식",
    "z_m": 11.7,
    "normal_az": 232.0,
    "s1_total_h": 5.33,
    "s1_cont_h": 4.17,
    "s1_pass_a": true,
    "s1_pass_b": true,
    "s2_total_h": 5.33,
    "s2_cont_h": 4.17,
    "s2_pass_a": true,
    "s2_pass_b": true,
    "d_total_h": 0.0,
    "d_cont_h": 0.0,
    "change_cd": "keep_ok",
    "변화": "유지 충족"
   }
  },
  {
   "type": "Feature",
   "geometry": {
    "type": "Point",
    "coordinates": [
     126.93418338,
     37.52498344
    ]
   },
   "properties": {
    "pid": "여의도고등학교 ②(4층) 1층-25",
    "school": "여의도고등학교",
    "jibun": "30-1",
    "kind": "교사동 창면",
    "dong": "여의도고등학교 ②(4층)",
    "facade": "남향외벽",
    "floor": 1,
    "source": "일반식",
    "z_m": 1.2,
    "normal_az": 232.0,
    "s1_total_h": 4.67,
    "s1_cont_h": 3.67,
    "s1_pass_a": true,
    "s1_pass_b": true,
    "s2_total_h": 4.67,
    "s2_cont_h": 3.67,
    "s2_pass_a": true,
    "s2_pass_b": true,
    "d_total_h": 0.0,
    "d_cont_h": 0.0,
    "change_cd": "keep_ok",
    "변화": "유지 충족"
   }
  },
  {
   "type": "Feature",
   "geometry": {
    "type": "Point",
    "coordinates": [
     126.93418338,
     37.52498344
    ]
   },
   "properties": {
    "pid": "여의도고등학교 ②(4층) 2층-25",
    "school": "여의도고등학교",
    "jibun": "30-1",
    "kind": "교사동 창면",
    "dong": "여의도고등학교 ②(4층)",
    "facade": "남향외벽",
    "floor": 2,
    "source": "일반식",
    "z_m": 4.7,
    "normal_az": 232.0,
    "s1_total_h": 5.0,
    "s1_cont_h": 4.0,
    "s1_pass_a": true,
    "s1_pass_b": true,
    "s2_total_h": 5.0,
    "s2_cont_h": 4.0,
    "s2_pass_a": true,
    "s2_pass_b": true,
    "d_total_h": 0.0,
    "d_cont_h": 0.0,
    "change_cd": "keep_ok",
    "변화": "유지 충족"
   }
  },
  {
   "type": "Feature",
   "geometry": {
    "type": "Point",
    "coordinates": [
     126.93418338,
     37.52498344
    ]
   },
   "properties": {
    "pid": "여의도고등학교 ②(4층) 3층-25",
    "school": "여의도고등학교",
    "jibun": "30-1",
    "kind": "교사동 창면",
    "dong": "여의도고등학교 ②(4층)",
    "facade": "남향외벽",
    "floor": 3,
    "source": "일반식",
    "z_m": 8.2,
    "normal_az": 232.0,
    "s1_total_h": 5.0,
    "s1_cont_h": 4.0,
    "s1_pass_a": true,
    "s1_pass_b": true,
    "s2_total_h": 5.0,
    "s2_cont_h": 4.0,
    "s2_pass_a": true,
    "s2_pass_b": true,
    "d_total_h": 0.0,
    "d_cont_h": 0.0,
    "change_cd": "keep_ok",
    "변화": "유지 충족"
   }
  },
  {
   "type": "Feature",
   "geometry": {
    "type": "Point",
    "coordinates": [
     126.93418338,
     37.52498344
    ]
   },
   "properties": {
    "pid": "여의도고등학교 ②(4층) 4층-25",
    "school": "여의도고등학교",
    "jibun": "30-1",
    "kind": "교사동 창면",
    "dong": "여의도고등학교 ②(4층)",
    "facade": "남향외벽",
    "floor": 4,
    "source": "일반식",
    "z_m": 11.7,
    "normal_az": 232.0,
    "s1_total_h": 5.0,
    "s1_cont_h": 4.0,
    "s1_pass_a": true,
    "s1_pass_b": true,
    "s2_total_h": 5.0,
    "s2_cont_h": 4.0,
    "s2_pass_a": true,
    "s2_pass_b": true,
    "d_total_h": 0.0,
    "d_cont_h": 0.0,
    "change_cd": "keep_ok",
    "변화": "유지 충족"
   }
  },
  {
   "type": "Feature",
   "geometry": {
    "type": "Point",
    "coordinates": [
     126.93414817,
     37.52501923
    ]
   },
   "properties": {
    "pid": "여의도고등학교 ②(4층) 1층-26",
    "school": "여의도고등학교",
    "jibun": "30-1",
    "kind": "교사동 창면",
    "dong": "여의도고등학교 ②(4층)",
    "facade": "남향외벽",
    "floor": 1,
    "source": "일반식",
    "z_m": 1.2,
    "normal_az": 232.0,
    "s1_total_h": 4.83,
    "s1_cont_h": 4.0,
    "s1_pass_a": true,
    "s1_pass_b": true,
    "s2_total_h": 4.83,
    "s2_cont_h": 4.0,
    "s2_pass_a": true,
    "s2_pass_b": true,
    "d_total_h": 0.0,
    "d_cont_h": 0.0,
    "change_cd": "keep_ok",
    "변화": "유지 충족"
   }
  },
  {
   "type": "Feature",
   "geometry": {
    "type": "Point",
    "coordinates": [
     126.93414817,
     37.52501923
    ]
   },
   "properties": {
    "pid": "여의도고등학교 ②(4층) 2층-26",
    "school": "여의도고등학교",
    "jibun": "30-1",
    "kind": "교사동 창면",
    "dong": "여의도고등학교 ②(4층)",
    "facade": "남향외벽",
    "floor": 2,
    "source": "일반식",
    "z_m": 4.7,
    "normal_az": 232.0,
    "s1_total_h": 4.83,
    "s1_cont_h": 4.0,
    "s1_pass_a": true,
    "s1_pass_b": true,
    "s2_total_h": 4.83,
    "s2_cont_h": 4.0,
    "s2_pass_a": true,
    "s2_pass_b": true,
    "d_total_h": 0.0,
    "d_cont_h": 0.0,
    "change_cd": "keep_ok",
    "변화": "유지 충족"
   }
  },
  {
   "type": "Feature",
   "geometry": {
    "type": "Point",
    "coordinates": [
     126.93414817,
     37.52501923
    ]
   },
   "properties": {
    "pid": "여의도고등학교 ②(4층) 3층-26",
    "school": "여의도고등학교",
    "jibun": "30-1",
    "kind": "교사동 창면",
    "dong": "여의도고등학교 ②(4층)",
    "facade": "남향외벽",
    "floor": 3,
    "source": "일반식",
    "z_m": 8.2,
    "normal_az": 232.0,
    "s1_total_h": 4.83,
    "s1_cont_h": 4.0,
    "s1_pass_a": true,
    "s1_pass_b": true,
    "s2_total_h": 4.83,
    "s2_cont_h": 4.0,
    "s2_pass_a": true,
    "s2_pass_b": true,
    "d_total_h": 0.0,
    "d_cont_h": 0.0,
    "change_cd": "keep_ok",
    "변화": "유지 충족"
   }
  },
  {
   "type": "Feature",
   "geometry": {
    "type": "Point",
    "coordinates": [
     126.93414817,
     37.52501923
    ]
   },
   "properties": {
    "pid": "여의도고등학교 ②(4층) 4층-26",
    "school": "여의도고등학교",
    "jibun": "30-1",
    "kind": "교사동 창면",
    "dong": "여의도고등학교 ②(4층)",
    "facade": "남향외벽",
    "floor": 4,
    "source": "일반식",
    "z_m": 11.7,
    "normal_az": 232.0,
    "s1_total_h": 5.0,
    "s1_cont_h": 4.0,
    "s1_pass_a": true,
    "s1_pass_b": true,
    "s2_total_h": 5.0,
    "s2_cont_h": 4.0,
    "s2_pass_a": true,
    "s2_pass_b": true,
    "d_total_h": 0.0,
    "d_cont_h": 0.0,
    "change_cd": "keep_ok",
    "변화": "유지 충족"
   }
  },
  {
   "type": "Feature",
   "geometry": {
    "type": "Point",
    "coordinates": [
     126.93411297,
     37.52505501
    ]
   },
   "properties": {
    "pid": "여의도고등학교 ②(4층) 1층-27",
    "school": "여의도고등학교",
    "jibun": "30-1",
    "kind": "교사동 창면",
    "dong": "여의도고등학교 ②(4층)",
    "facade": "남향외벽",
    "floor": 1,
    "source": "일반식",
    "z_m": 1.2,
    "normal_az": 232.0,
    "s1_total_h": 4.67,
    "s1_cont_h": 4.0,
    "s1_pass_a": true,
    "s1_pass_b": true,
    "s2_total_h": 4.67,
    "s2_cont_h": 4.0,
    "s2_pass_a": true,
    "s2_pass_b": true,
    "d_total_h": 0.0,
    "d_cont_h": 0.0,
    "change_cd": "keep_ok",
    "변화": "유지 충족"
   }
  },
  {
   "type": "Feature",
   "geometry": {
    "type": "Point",
    "coordinates": [
     126.93411297,
     37.52505501
    ]
   },
   "properties": {
    "pid": "여의도고등학교 ②(4층) 2층-27",
    "school": "여의도고등학교",
    "jibun": "30-1",
    "kind": "교사동 창면",
    "dong": "여의도고등학교 ②(4층)",
    "facade": "남향외벽",
    "floor": 2,
    "source": "일반식",
    "z_m": 4.7,
    "normal_az": 232.0,
    "s1_total_h": 4.67,
    "s1_cont_h": 4.0,
    "s1_pass_a": true,
    "s1_pass_b": true,
    "s2_total_h": 4.67,
    "s2_cont_h": 4.0,
    "s2_pass_a": true,
    "s2_pass_b": true,
    "d_total_h": 0.0,
    "d_cont_h": 0.0,
    "change_cd": "keep_ok",
    "변화": "유지 충족"
   }
  },
  {
   "type": "Feature",
   "geometry": {
    "type": "Point",
    "coordinates": [
     126.93411297,
     37.52505501
    ]
   },
   "properties": {
    "pid": "여의도고등학교 ②(4층) 3층-27",
    "school": "여의도고등학교",
    "jibun": "30-1",
    "kind": "교사동 창면",
    "dong": "여의도고등학교 ②(4층)",
    "facade": "남향외벽",
    "floor": 3,
    "source": "일반식",
    "z_m": 8.2,
    "normal_az": 232.0,
    "s1_total_h": 4.83,
    "s1_cont_h": 4.0,
    "s1_pass_a": true,
    "s1_pass_b": true,
    "s2_total_h": 4.83,
    "s2_cont_h": 4.0,
    "s2_pass_a": true,
    "s2_pass_b": true,
    "d_total_h": 0.0,
    "d_cont_h": 0.0,
    "change_cd": "keep_ok",
    "변화": "유지 충족"
   }
  },
  {
   "type": "Feature",
   "geometry": {
    "type": "Point",
    "coordinates": [
     126.93411297,
     37.52505501
    ]
   },
   "properties": {
    "pid": "여의도고등학교 ②(4층) 4층-27",
    "school": "여의도고등학교",
    "jibun": "30-1",
    "kind": "교사동 창면",
    "dong": "여의도고등학교 ②(4층)",
    "facade": "남향외벽",
    "floor": 4,
    "source": "일반식",
    "z_m": 11.7,
    "normal_az": 232.0,
    "s1_total_h": 5.0,
    "s1_cont_h": 4.0,
    "s1_pass_a": true,
    "s1_pass_b": true,
    "s2_total_h": 5.0,
    "s2_cont_h": 4.0,
    "s2_pass_a": true,
    "s2_pass_b": true,
    "d_total_h": 0.0,
    "d_cont_h": 0.0,
    "change_cd": "keep_ok",
    "변화": "유지 충족"
   }
  },
  {
   "type": "Feature",
   "geometry": {
    "type": "Point",
    "coordinates": [
     126.93407777,
     37.52509081
    ]
   },
   "properties": {
    "pid": "여의도고등학교 ②(4층) 1층-28",
    "school": "여의도고등학교",
    "jibun": "30-1",
    "kind": "교사동 창면",
    "dong": "여의도고등학교 ②(4층)",
    "facade": "남향외벽",
    "floor": 1,
    "source": "일반식",
    "z_m": 1.2,
    "normal_az": 232.0,
    "s1_total_h": 4.5,
    "s1_cont_h": 3.83,
    "s1_pass_a": true,
    "s1_pass_b": true,
    "s2_total_h": 4.5,
    "s2_cont_h": 3.83,
    "s2_pass_a": true,
    "s2_pass_b": true,
    "d_total_h": 0.0,
    "d_cont_h": 0.0,
    "change_cd": "keep_ok",
    "변화": "유지 충족"
   }
  },
  {
   "type": "Feature",
   "geometry": {
    "type": "Point",
    "coordinates": [
     126.93407777,
     37.52509081
    ]
   },
   "properties": {
    "pid": "여의도고등학교 ②(4층) 2층-28",
    "school": "여의도고등학교",
    "jibun": "30-1",
    "kind": "교사동 창면",
    "dong": "여의도고등학교 ②(4층)",
    "facade": "남향외벽",
    "floor": 2,
    "source": "일반식",
    "z_m": 4.7,
    "normal_az": 232.0,
    "s1_total_h": 4.67,
    "s1_cont_h": 3.83,
    "s1_pass_a": true,
    "s1_pass_b": true,
    "s2_total_h": 4.67,
    "s2_cont_h": 3.83,
    "s2_pass_a": true,
    "s2_pass_b": true,
    "d_total_h": 0.0,
    "d_cont_h": 0.0,
    "change_cd": "keep_ok",
    "변화": "유지 충족"
   }
  },
  {
   "type": "Feature",
   "geometry": {
    "type": "Point",
    "coordinates": [
     126.93407777,
     37.52509081
    ]
   },
   "properties": {
    "pid": "여의도고등학교 ②(4층) 3층-28",
    "school": "여의도고등학교",
    "jibun": "30-1",
    "kind": "교사동 창면",
    "dong": "여의도고등학교 ②(4층)",
    "facade": "남향외벽",
    "floor": 3,
    "source": "일반식",
    "z_m": 8.2,
    "normal_az": 232.0,
    "s1_total_h": 5.0,
    "s1_cont_h": 4.0,
    "s1_pass_a": true,
    "s1_pass_b": true,
    "s2_total_h": 5.0,
    "s2_cont_h": 4.0,
    "s2_pass_a": true,
    "s2_pass_b": true,
    "d_total_h": 0.0,
    "d_cont_h": 0.0,
    "change_cd": "keep_ok",
    "변화": "유지 충족"
   }
  },
  {
   "type": "Feature",
   "geometry": {
    "type": "Point",
    "coordinates": [
     126.93407777,
     37.52509081
    ]
   },
   "properties": {
    "pid": "여의도고등학교 ②(4층) 4층-28",
    "school": "여의도고등학교",
    "jibun": "30-1",
    "kind": "교사동 창면",
    "dong": "여의도고등학교 ②(4층)",
    "facade": "남향외벽",
    "floor": 4,
    "source": "일반식",
    "z_m": 11.7,
    "normal_az": 232.0,
    "s1_total_h": 5.33,
    "s1_cont_h": 4.0,
    "s1_pass_a": true,
    "s1_pass_b": true,
    "s2_total_h": 5.33,
    "s2_cont_h": 4.0,
    "s2_pass_a": true,
    "s2_pass_b": true,
    "d_total_h": 0.0,
    "d_cont_h": 0.0,
    "change_cd": "keep_ok",
    "변화": "유지 충족"
   }
  },
  {
   "type": "Feature",
   "geometry": {
    "type": "Point",
    "coordinates": [
     126.93404256,
     37.5251266
    ]
   },
   "properties": {
    "pid": "여의도고등학교 ②(4층) 1층-29",
    "school": "여의도고등학교",
    "jibun": "30-1",
    "kind": "교사동 창면",
    "dong": "여의도고등학교 ②(4층)",
    "facade": "남향외벽",
    "floor": 1,
    "source": "일반식",
    "z_m": 1.2,
    "normal_az": 232.0,
    "s1_total_h": 4.5,
    "s1_cont_h": 3.83,
    "s1_pass_a": true,
    "s1_pass_b": true,
    "s2_total_h": 4.5,
    "s2_cont_h": 3.83,
    "s2_pass_a": true,
    "s2_pass_b": true,
    "d_total_h": 0.0,
    "d_cont_h": 0.0,
    "change_cd": "keep_ok",
    "변화": "유지 충족"
   }
  },
  {
   "type": "Feature",
   "geometry": {
    "type": "Point",
    "coordinates": [
     126.93404256,
     37.5251266
    ]
   },
   "properties": {
    "pid": "여의도고등학교 ②(4층) 2층-29",
    "school": "여의도고등학교",
    "jibun": "30-1",
    "kind": "교사동 창면",
    "dong": "여의도고등학교 ②(4층)",
    "facade": "남향외벽",
    "floor": 2,
    "source": "일반식",
    "z_m": 4.7,
    "normal_az": 232.0,
    "s1_total_h": 4.67,
    "s1_cont_h": 3.83,
    "s1_pass_a": true,
    "s1_pass_b": true,
    "s2_total_h": 4.67,
    "s2_cont_h": 3.83,
    "s2_pass_a": true,
    "s2_pass_b": true,
    "d_total_h": 0.0,
    "d_cont_h": 0.0,
    "change_cd": "keep_ok",
    "변화": "유지 충족"
   }
  },
  {
   "type": "Feature",
   "geometry": {
    "type": "Point",
    "coordinates": [
     126.93404256,
     37.5251266
    ]
   },
   "properties": {
    "pid": "여의도고등학교 ②(4층) 3층-29",
    "school": "여의도고등학교",
    "jibun": "30-1",
    "kind": "교사동 창면",
    "dong": "여의도고등학교 ②(4층)",
    "facade": "남향외벽",
    "floor": 3,
    "source": "일반식",
    "z_m": 8.2,
    "normal_az": 232.0,
    "s1_total_h": 5.17,
    "s1_cont_h": 4.0,
    "s1_pass_a": true,
    "s1_pass_b": true,
    "s2_total_h": 5.17,
    "s2_cont_h": 4.0,
    "s2_pass_a": true,
    "s2_pass_b": true,
    "d_total_h": 0.0,
    "d_cont_h": 0.0,
    "change_cd": "keep_ok",
    "변화": "유지 충족"
   }
  },
  {
   "type": "Feature",
   "geometry": {
    "type": "Point",
    "coordinates": [
     126.93404256,
     37.5251266
    ]
   },
   "properties": {
    "pid": "여의도고등학교 ②(4층) 4층-29",
    "school": "여의도고등학교",
    "jibun": "30-1",
    "kind": "교사동 창면",
    "dong": "여의도고등학교 ②(4층)",
    "facade": "남향외벽",
    "floor": 4,
    "source": "일반식",
    "z_m": 11.7,
    "normal_az": 232.0,
    "s1_total_h": 5.33,
    "s1_cont_h": 5.33,
    "s1_pass_a": true,
    "s1_pass_b": true,
    "s2_total_h": 5.33,
    "s2_cont_h": 5.33,
    "s2_pass_a": true,
    "s2_pass_b": true,
    "d_total_h": 0.0,
    "d_cont_h": 0.0,
    "change_cd": "keep_ok",
    "변화": "유지 충족"
   }
  },
  {
   "type": "Feature",
   "geometry": {
    "type": "Point",
    "coordinates": [
     126.93400735,
     37.52516239
    ]
   },
   "properties": {
    "pid": "여의도고등학교 ②(4층) 1층-30",
    "school": "여의도고등학교",
    "jibun": "30-1",
    "kind": "교사동 창면",
    "dong": "여의도고등학교 ②(4층)",
    "facade": "남향외벽",
    "floor": 1,
    "source": "일반식",
    "z_m": 1.2,
    "normal_az": 232.0,
    "s1_total_h": 4.67,
    "s1_cont_h": 3.83,
    "s1_pass_a": true,
    "s1_pass_b": true,
    "s2_total_h": 4.67,
    "s2_cont_h": 3.83,
    "s2_pass_a": true,
    "s2_pass_b": true,
    "d_total_h": 0.0,
    "d_cont_h": 0.0,
    "change_cd": "keep_ok",
    "변화": "유지 충족"
   }
  },
  {
   "type": "Feature",
   "geometry": {
    "type": "Point",
    "coordinates": [
     126.93400735,
     37.52516239
    ]
   },
   "properties": {
    "pid": "여의도고등학교 ②(4층) 2층-30",
    "school": "여의도고등학교",
    "jibun": "30-1",
    "kind": "교사동 창면",
    "dong": "여의도고등학교 ②(4층)",
    "facade": "남향외벽",
    "floor": 2,
    "source": "일반식",
    "z_m": 4.7,
    "normal_az": 232.0,
    "s1_total_h": 4.83,
    "s1_cont_h": 3.83,
    "s1_pass_a": true,
    "s1_pass_b": true,
    "s2_total_h": 4.83,
    "s2_cont_h": 3.83,
    "s2_pass_a": true,
    "s2_pass_b": true,
    "d_total_h": 0.0,
    "d_cont_h": 0.0,
    "change_cd": "keep_ok",
    "변화": "유지 충족"
   }
  },
  {
   "type": "Feature",
   "geometry": {
    "type": "Point",
    "coordinates": [
     126.93400735,
     37.52516239
    ]
   },
   "properties": {
    "pid": "여의도고등학교 ②(4층) 3층-30",
    "school": "여의도고등학교",
    "jibun": "30-1",
    "kind": "교사동 창면",
    "dong": "여의도고등학교 ②(4층)",
    "facade": "남향외벽",
    "floor": 3,
    "source": "일반식",
    "z_m": 8.2,
    "normal_az": 232.0,
    "s1_total_h": 5.33,
    "s1_cont_h": 5.17,
    "s1_pass_a": true,
    "s1_pass_b": true,
    "s2_total_h": 5.33,
    "s2_cont_h": 5.17,
    "s2_pass_a": true,
    "s2_pass_b": true,
    "d_total_h": 0.0,
    "d_cont_h": 0.0,
    "change_cd": "keep_ok",
    "변화": "유지 충족"
   }
  },
  {
   "type": "Feature",
   "geometry": {
    "type": "Point",
    "coordinates": [
     126.93400735,
     37.52516239
    ]
   },
   "properties": {
    "pid": "여의도고등학교 ②(4층) 4층-30",
    "school": "여의도고등학교",
    "jibun": "30-1",
    "kind": "교사동 창면",
    "dong": "여의도고등학교 ②(4층)",
    "facade": "남향외벽",
    "floor": 4,
    "source": "일반식",
    "z_m": 11.7,
    "normal_az": 232.0,
    "s1_total_h": 5.5,
    "s1_cont_h": 5.33,
    "s1_pass_a": true,
    "s1_pass_b": true,
    "s2_total_h": 5.5,
    "s2_cont_h": 5.33,
    "s2_pass_a": true,
    "s2_pass_b": true,
    "d_total_h": 0.0,
    "d_cont_h": 0.0,
    "change_cd": "keep_ok",
    "변화": "유지 충족"
   }
  },
  {
   "type": "Feature",
   "geometry": {
    "type": "Point",
    "coordinates": [
     126.93397215,
     37.52519818
    ]
   },
   "properties": {
    "pid": "여의도고등학교 ②(4층) 1층-31",
    "school": "여의도고등학교",
    "jibun": "30-1",
    "kind": "교사동 창면",
    "dong": "여의도고등학교 ②(4층)",
    "facade": "남향외벽",
    "floor": 1,
    "source": "일반식",
    "z_m": 1.2,
    "normal_az": 232.0,
    "s1_total_h": 5.0,
    "s1_cont_h": 3.83,
    "s1_pass_a": true,
    "s1_pass_b": true,
    "s2_total_h": 5.0,
    "s2_cont_h": 3.83,
    "s2_pass_a": true,
    "s2_pass_b": true,
    "d_total_h": 0.0,
    "d_cont_h": 0.0,
    "change_cd": "keep_ok",
    "변화": "유지 충족"
   }
  },
  {
   "type": "Feature",
   "geometry": {
    "type": "Point",
    "coordinates": [
     126.93397215,
     37.52519818
    ]
   },
   "properties": {
    "pid": "여의도고등학교 ②(4층) 2층-31",
    "school": "여의도고등학교",
    "jibun": "30-1",
    "kind": "교사동 창면",
    "dong": "여의도고등학교 ②(4층)",
    "facade": "남향외벽",
    "floor": 2,
    "source": "일반식",
    "z_m": 4.7,
    "normal_az": 232.0,
    "s1_total_h": 5.17,
    "s1_cont_h": 3.83,
    "s1_pass_a": true,
    "s1_pass_b": true,
    "s2_total_h": 5.17,
    "s2_cont_h": 3.83,
    "s2_pass_a": true,
    "s2_pass_b": true,
    "d_total_h": 0.0,
    "d_cont_h": 0.0,
    "change_cd": "keep_ok",
    "변화": "유지 충족"
   }
  },
  {
   "type": "Feature",
   "geometry": {
    "type": "Point",
    "coordinates": [
     126.93397215,
     37.52519818
    ]
   },
   "properties": {
    "pid": "여의도고등학교 ②(4층) 3층-31",
    "school": "여의도고등학교",
    "jibun": "30-1",
    "kind": "교사동 창면",
    "dong": "여의도고등학교 ②(4층)",
    "facade": "남향외벽",
    "floor": 3,
    "source": "일반식",
    "z_m": 8.2,
    "normal_az": 232.0,
    "s1_total_h": 5.5,
    "s1_cont_h": 5.17,
    "s1_pass_a": true,
    "s1_pass_b": true,
    "s2_total_h": 5.5,
    "s2_cont_h": 5.17,
    "s2_pass_a": true,
    "s2_pass_b": true,
    "d_total_h": 0.0,
    "d_cont_h": 0.0,
    "change_cd": "keep_ok",
    "변화": "유지 충족"
   }
  },
  {
   "type": "Feature",
   "geometry": {
    "type": "Point",
    "coordinates": [
     126.93397215,
     37.52519818
    ]
   },
   "properties": {
    "pid": "여의도고등학교 ②(4층) 4층-31",
    "school": "여의도고등학교",
    "jibun": "30-1",
    "kind": "교사동 창면",
    "dong": "여의도고등학교 ②(4층)",
    "facade": "남향외벽",
    "floor": 4,
    "source": "일반식",
    "z_m": 11.7,
    "normal_az": 232.0,
    "s1_total_h": 5.83,
    "s1_cont_h": 5.33,
    "s1_pass_a": true,
    "s1_pass_b": true,
    "s2_total_h": 5.83,
    "s2_cont_h": 5.33,
    "s2_pass_a": true,
    "s2_pass_b": true,
    "d_total_h": 0.0,
    "d_cont_h": 0.0,
    "change_cd": "keep_ok",
    "변화": "유지 충족"
   }
  },
  {
   "type": "Feature",
   "geometry": {
    "type": "Point",
    "coordinates": [
     126.93393694,
     37.52523397
    ]
   },
   "properties": {
    "pid": "여의도고등학교 ②(4층) 1층-32",
    "school": "여의도고등학교",
    "jibun": "30-1",
    "kind": "교사동 창면",
    "dong": "여의도고등학교 ②(4층)",
    "facade": "남향외벽",
    "floor": 1,
    "source": "일반식",
    "z_m": 1.2,
    "normal_az": 232.0,
    "s1_total_h": 5.17,
    "s1_cont_h": 3.83,
    "s1_pass_a": true,
    "s1_pass_b": true,
    "s2_total_h": 5.17,
    "s2_cont_h": 3.83,
    "s2_pass_a": true,
    "s2_pass_b": true,
    "d_total_h": 0.0,
    "d_cont_h": 0.0,
    "change_cd": "keep_ok",
    "변화": "유지 충족"
   }
  },
  {
   "type": "Feature",
   "geometry": {
    "type": "Point",
    "coordinates": [
     126.93393694,
     37.52523397
    ]
   },
   "properties": {
    "pid": "여의도고등학교 ②(4층) 2층-32",
    "school": "여의도고등학교",
    "jibun": "30-1",
    "kind": "교사동 창면",
    "dong": "여의도고등학교 ②(4층)",
    "facade": "남향외벽",
    "floor": 2,
    "source": "일반식",
    "z_m": 4.7,
    "normal_az": 232.0,
    "s1_total_h": 5.5,
    "s1_cont_h": 5.0,
    "s1_pass_a": true,
    "s1_pass_b": true,
    "s2_total_h": 5.5,
    "s2_cont_h": 5.0,
    "s2_pass_a": true,
    "s2_pass_b": true,
    "d_total_h": 0.0,
    "d_cont_h": 0.0,
    "change_cd": "keep_ok",
    "변화": "유지 충족"
   }
  },
  {
   "type": "Feature",
   "geometry": {
    "type": "Point",
    "coordinates": [
     126.93393694,
     37.52523397
    ]
   },
   "properties": {
    "pid": "여의도고등학교 ②(4층) 3층-32",
    "school": "여의도고등학교",
    "jibun": "30-1",
    "kind": "교사동 창면",
    "dong": "여의도고등학교 ②(4층)",
    "facade": "남향외벽",
    "floor": 3,
    "source": "일반식",
    "z_m": 8.2,
    "normal_az": 232.0,
    "s1_total_h": 6.0,
    "s1_cont_h": 6.0,
    "s1_pass_a": true,
    "s1_pass_b": true,
    "s2_total_h": 6.0,
    "s2_cont_h": 6.0,
    "s2_pass_a": true,
    "s2_pass_b": true,
    "d_total_h": 0.0,
    "d_cont_h": 0.0,
    "change_cd": "keep_ok",
    "변화": "유지 충족"
   }
  },
  {
   "type": "Feature",
   "geometry": {
    "type": "Point",
    "coordinates": [
     126.93393694,
     37.52523397
    ]
   },
   "properties": {
    "pid": "여의도고등학교 ②(4층) 4층-32",
    "school": "여의도고등학교",
    "jibun": "30-1",
    "kind": "교사동 창면",
    "dong": "여의도고등학교 ②(4층)",
    "facade": "남향외벽",
    "floor": 4,
    "source": "일반식",
    "z_m": 11.7,
    "normal_az": 232.0,
    "s1_total_h": 6.0,
    "s1_cont_h": 6.0,
    "s1_pass_a": true,
    "s1_pass_b": true,
    "s2_total_h": 6.0,
    "s2_cont_h": 6.0,
    "s2_pass_a": true,
    "s2_pass_b": true,
    "d_total_h": 0.0,
    "d_cont_h": 0.0,
    "change_cd": "keep_ok",
    "변화": "유지 충족"
   }
  },
  {
   "type": "Feature",
   "geometry": {
    "type": "Point",
    "coordinates": [
     126.93390174,
     37.52526976
    ]
   },
   "properties": {
    "pid": "여의도고등학교 ②(4층) 1층-33",
    "school": "여의도고등학교",
    "jibun": "30-1",
    "kind": "교사동 창면",
    "dong": "여의도고등학교 ②(4층)",
    "facade": "남향외벽",
    "floor": 1,
    "source": "일반식",
    "z_m": 1.2,
    "normal_az": 232.0,
    "s1_total_h": 5.33,
    "s1_cont_h": 4.83,
    "s1_pass_a": true,
    "s1_pass_b": true,
    "s2_total_h": 5.33,
    "s2_cont_h": 4.83,
    "s2_pass_a": true,
    "s2_pass_b": true,
    "d_total_h": 0.0,
    "d_cont_h": 0.0,
    "change_cd": "keep_ok",
    "변화": "유지 충족"
   }
  },
  {
   "type": "Feature",
   "geometry": {
    "type": "Point",
    "coordinates": [
     126.93390174,
     37.52526976
    ]
   },
   "properties": {
    "pid": "여의도고등학교 ②(4층) 2층-33",
    "school": "여의도고등학교",
    "jibun": "30-1",
    "kind": "교사동 창면",
    "dong": "여의도고등학교 ②(4층)",
    "facade": "남향외벽",
    "floor": 2,
    "source": "일반식",
    "z_m": 4.7,
    "normal_az": 232.0,
    "s1_total_h": 5.83,
    "s1_cont_h": 5.83,
    "s1_pass_a": true,
    "s1_pass_b": true,
    "s2_total_h": 5.83,
    "s2_cont_h": 5.83,
    "s2_pass_a": true,
    "s2_pass_b": true,
    "d_total_h": 0.0,
    "d_cont_h": 0.0,
    "change_cd": "keep_ok",
    "변화": "유지 충족"
   }
  },
  {
   "type": "Feature",
   "geometry": {
    "type": "Point",
    "coordinates": [
     126.93390174,
     37.52526976
    ]
   },
   "properties": {
    "pid": "여의도고등학교 ②(4층) 3층-33",
    "school": "여의도고등학교",
    "jibun": "30-1",
    "kind": "교사동 창면",
    "dong": "여의도고등학교 ②(4층)",
    "facade": "남향외벽",
    "floor": 3,
    "source": "일반식",
    "z_m": 8.2,
    "normal_az": 232.0,
    "s1_total_h": 5.83,
    "s1_cont_h": 5.83,
    "s1_pass_a": true,
    "s1_pass_b": true,
    "s2_total_h": 5.83,
    "s2_cont_h": 5.83,
    "s2_pass_a": true,
    "s2_pass_b": true,
    "d_total_h": 0.0,
    "d_cont_h": 0.0,
    "change_cd": "keep_ok",
    "변화": "유지 충족"
   }
  },
  {
   "type": "Feature",
   "geometry": {
    "type": "Point",
    "coordinates": [
     126.93390174,
     37.52526976
    ]
   },
   "properties": {
    "pid": "여의도고등학교 ②(4층) 4층-33",
    "school": "여의도고등학교",
    "jibun": "30-1",
    "kind": "교사동 창면",
    "dong": "여의도고등학교 ②(4층)",
    "facade": "남향외벽",
    "floor": 4,
    "source": "일반식",
    "z_m": 11.7,
    "normal_az": 232.0,
    "s1_total_h": 6.0,
    "s1_cont_h": 6.0,
    "s1_pass_a": true,
    "s1_pass_b": true,
    "s2_total_h": 6.0,
    "s2_cont_h": 6.0,
    "s2_pass_a": true,
    "s2_pass_b": true,
    "d_total_h": 0.0,
    "d_cont_h": 0.0,
    "change_cd": "keep_ok",
    "변화": "유지 충족"
   }
  },
  {
   "type": "Feature",
   "geometry": {
    "type": "Point",
    "coordinates": [
     126.93386653,
     37.52530555
    ]
   },
   "properties": {
    "pid": "여의도고등학교 ②(4층) 1층-34",
    "school": "여의도고등학교",
    "jibun": "30-1",
    "kind": "교사동 창면",
    "dong": "여의도고등학교 ②(4층)",
    "facade": "남향외벽",
    "floor": 1,
    "source": "일반식",
    "z_m": 1.2,
    "normal_az": 232.0,
    "s1_total_h": 5.67,
    "s1_cont_h": 5.67,
    "s1_pass_a": true,
    "s1_pass_b": true,
    "s2_total_h": 5.67,
    "s2_cont_h": 5.67,
    "s2_pass_a": true,
    "s2_pass_b": true,
    "d_total_h": 0.0,
    "d_cont_h": 0.0,
    "change_cd": "keep_ok",
    "변화": "유지 충족"
   }
  },
  {
   "type": "Feature",
   "geometry": {
    "type": "Point",
    "coordinates": [
     126.93386653,
     37.52530555
    ]
   },
   "properties": {
    "pid": "여의도고등학교 ②(4층) 2층-34",
    "school": "여의도고등학교",
    "jibun": "30-1",
    "kind": "교사동 창면",
    "dong": "여의도고등학교 ②(4층)",
    "facade": "남향외벽",
    "floor": 2,
    "source": "일반식",
    "z_m": 4.7,
    "normal_az": 232.0,
    "s1_total_h": 5.67,
    "s1_cont_h": 5.67,
    "s1_pass_a": true,
    "s1_pass_b": true,
    "s2_total_h": 5.67,
    "s2_cont_h": 5.67,
    "s2_pass_a": true,
    "s2_pass_b": true,
    "d_total_h": 0.0,
    "d_cont_h": 0.0,
    "change_cd": "keep_ok",
    "변화": "유지 충족"
   }
  },
  {
   "type": "Feature",
   "geometry": {
    "type": "Point",
    "coordinates": [
     126.93386653,
     37.52530555
    ]
   },
   "properties": {
    "pid": "여의도고등학교 ②(4층) 3층-34",
    "school": "여의도고등학교",
    "jibun": "30-1",
    "kind": "교사동 창면",
    "dong": "여의도고등학교 ②(4층)",
    "facade": "남향외벽",
    "floor": 3,
    "source": "일반식",
    "z_m": 8.2,
    "normal_az": 232.0,
    "s1_total_h": 5.83,
    "s1_cont_h": 5.83,
    "s1_pass_a": true,
    "s1_pass_b": true,
    "s2_total_h": 5.83,
    "s2_cont_h": 5.83,
    "s2_pass_a": true,
    "s2_pass_b": true,
    "d_total_h": 0.0,
    "d_cont_h": 0.0,
    "change_cd": "keep_ok",
    "변화": "유지 충족"
   }
  },
  {
   "type": "Feature",
   "geometry": {
    "type": "Point",
    "coordinates": [
     126.93386653,
     37.52530555
    ]
   },
   "properties": {
    "pid": "여의도고등학교 ②(4층) 4층-34",
    "school": "여의도고등학교",
    "jibun": "30-1",
    "kind": "교사동 창면",
    "dong": "여의도고등학교 ②(4층)",
    "facade": "남향외벽",
    "floor": 4,
    "source": "일반식",
    "z_m": 11.7,
    "normal_az": 232.0,
    "s1_total_h": 6.0,
    "s1_cont_h": 6.0,
    "s1_pass_a": true,
    "s1_pass_b": true,
    "s2_total_h": 6.0,
    "s2_cont_h": 6.0,
    "s2_pass_a": true,
    "s2_pass_b": true,
    "d_total_h": 0.0,
    "d_cont_h": 0.0,
    "change_cd": "keep_ok",
    "변화": "유지 충족"
   }
  },
  {
   "type": "Feature",
   "geometry": {
    "type": "Point",
    "coordinates": [
     126.93383132,
     37.52534134
    ]
   },
   "properties": {
    "pid": "여의도고등학교 ②(4층) 1층-35",
    "school": "여의도고등학교",
    "jibun": "30-1",
    "kind": "교사동 창면",
    "dong": "여의도고등학교 ②(4층)",
    "facade": "남향외벽",
    "floor": 1,
    "source": "일반식",
    "z_m": 1.2,
    "normal_az": 232.0,
    "s1_total_h": 5.5,
    "s1_cont_h": 5.5,
    "s1_pass_a": true,
    "s1_pass_b": true,
    "s2_total_h": 5.5,
    "s2_cont_h": 5.5,
    "s2_pass_a": true,
    "s2_pass_b": true,
    "d_total_h": 0.0,
    "d_cont_h": 0.0,
    "change_cd": "keep_ok",
    "변화": "유지 충족"
   }
  },
  {
   "type": "Feature",
   "geometry": {
    "type": "Point",
    "coordinates": [
     126.93383132,
     37.52534134
    ]
   },
   "properties": {
    "pid": "여의도고등학교 ②(4층) 2층-35",
    "school": "여의도고등학교",
    "jibun": "30-1",
    "kind": "교사동 창면",
    "dong": "여의도고등학교 ②(4층)",
    "facade": "남향외벽",
    "floor": 2,
    "source": "일반식",
    "z_m": 4.7,
    "normal_az": 232.0,
    "s1_total_h": 5.67,
    "s1_cont_h": 5.67,
    "s1_pass_a": true,
    "s1_pass_b": true,
    "s2_total_h": 5.67,
    "s2_cont_h": 5.67,
    "s2_pass_a": true,
    "s2_pass_b": true,
    "d_total_h": 0.0,
    "d_cont_h": 0.0,
    "change_cd": "keep_ok",
    "변화": "유지 충족"
   }
  },
  {
   "type": "Feature",
   "geometry": {
    "type": "Point",
    "coordinates": [
     126.93383132,
     37.52534134
    ]
   },
   "properties": {
    "pid": "여의도고등학교 ②(4층) 3층-35",
    "school": "여의도고등학교",
    "jibun": "30-1",
    "kind": "교사동 창면",
    "dong": "여의도고등학교 ②(4층)",
    "facade": "남향외벽",
    "floor": 3,
    "source": "일반식",
    "z_m": 8.2,
    "normal_az": 232.0,
    "s1_total_h": 5.83,
    "s1_cont_h": 5.83,
    "s1_pass_a": true,
    "s1_pass_b": true,
    "s2_total_h": 5.83,
    "s2_cont_h": 5.83,
    "s2_pass_a": true,
    "s2_pass_b": true,
    "d_total_h": 0.0,
    "d_cont_h": 0.0,
    "change_cd": "keep_ok",
    "변화": "유지 충족"
   }
  },
  {
   "type": "Feature",
   "geometry": {
    "type": "Point",
    "coordinates": [
     126.93383132,
     37.52534134
    ]
   },
   "properties": {
    "pid": "여의도고등학교 ②(4층) 4층-35",
    "school": "여의도고등학교",
    "jibun": "30-1",
    "kind": "교사동 창면",
    "dong": "여의도고등학교 ②(4층)",
    "facade": "남향외벽",
    "floor": 4,
    "source": "일반식",
    "z_m": 11.7,
    "normal_az": 232.0,
    "s1_total_h": 6.0,
    "s1_cont_h": 6.0,
    "s1_pass_a": true,
    "s1_pass_b": true,
    "s2_total_h": 6.0,
    "s2_cont_h": 6.0,
    "s2_pass_a": true,
    "s2_pass_b": true,
    "d_total_h": 0.0,
    "d_cont_h": 0.0,
    "change_cd": "keep_ok",
    "변화": "유지 충족"
   }
  },
  {
   "type": "Feature",
   "geometry": {
    "type": "Point",
    "coordinates": [
     126.93379612,
     37.52537713
    ]
   },
   "properties": {
    "pid": "여의도고등학교 ②(4층) 1층-36",
    "school": "여의도고등학교",
    "jibun": "30-1",
    "kind": "교사동 창면",
    "dong": "여의도고등학교 ②(4층)",
    "facade": "남향외벽",
    "floor": 1,
    "source": "일반식",
    "z_m": 1.2,
    "normal_az": 232.0,
    "s1_total_h": 5.5,
    "s1_cont_h": 5.5,
    "s1_pass_a": true,
    "s1_pass_b": true,
    "s2_total_h": 5.5,
    "s2_cont_h": 5.5,
    "s2_pass_a": true,
    "s2_pass_b": true,
    "d_total_h": 0.0,
    "d_cont_h": 0.0,
    "change_cd": "keep_ok",
    "변화": "유지 충족"
   }
  },
  {
   "type": "Feature",
   "geometry": {
    "type": "Point",
    "coordinates": [
     126.93379612,
     37.52537713
    ]
   },
   "properties": {
    "pid": "여의도고등학교 ②(4층) 2층-36",
    "school": "여의도고등학교",
    "jibun": "30-1",
    "kind": "교사동 창면",
    "dong": "여의도고등학교 ②(4층)",
    "facade": "남향외벽",
    "floor": 2,
    "source": "일반식",
    "z_m": 4.7,
    "normal_az": 232.0,
    "s1_total_h": 5.67,
    "s1_cont_h": 5.67,
    "s1_pass_a": true,
    "s1_pass_b": true,
    "s2_total_h": 5.67,
    "s2_cont_h": 5.67,
    "s2_pass_a": true,
    "s2_pass_b": true,
    "d_total_h": 0.0,
    "d_cont_h": 0.0,
    "change_cd": "keep_ok",
    "변화": "유지 충족"
   }
  },
  {
   "type": "Feature",
   "geometry": {
    "type": "Point",
    "coordinates": [
     126.93379612,
     37.52537713
    ]
   },
   "properties": {
    "pid": "여의도고등학교 ②(4층) 3층-36",
    "school": "여의도고등학교",
    "jibun": "30-1",
    "kind": "교사동 창면",
    "dong": "여의도고등학교 ②(4층)",
    "facade": "남향외벽",
    "floor": 3,
    "source": "일반식",
    "z_m": 8.2,
    "normal_az": 232.0,
    "s1_total_h": 5.83,
    "s1_cont_h": 5.83,
    "s1_pass_a": true,
    "s1_pass_b": true,
    "s2_total_h": 5.83,
    "s2_cont_h": 5.83,
    "s2_pass_a": true,
    "s2_pass_b": true,
    "d_total_h": 0.0,
    "d_cont_h": 0.0,
    "change_cd": "keep_ok",
    "변화": "유지 충족"
   }
  },
  {
   "type": "Feature",
   "geometry": {
    "type": "Point",
    "coordinates": [
     126.93379612,
     37.52537713
    ]
   },
   "properties": {
    "pid": "여의도고등학교 ②(4층) 4층-36",
    "school": "여의도고등학교",
    "jibun": "30-1",
    "kind": "교사동 창면",
    "dong": "여의도고등학교 ②(4층)",
    "facade": "남향외벽",
    "floor": 4,
    "source": "일반식",
    "z_m": 11.7,
    "normal_az": 232.0,
    "s1_total_h": 6.0,
    "s1_cont_h": 6.0,
    "s1_pass_a": true,
    "s1_pass_b": true,
    "s2_total_h": 6.0,
    "s2_cont_h": 6.0,
    "s2_pass_a": true,
    "s2_pass_b": true,
    "d_total_h": 0.0,
    "d_cont_h": 0.0,
    "change_cd": "keep_ok",
    "변화": "유지 충족"
   }
  },
  {
   "type": "Feature",
   "geometry": {
    "type": "Point",
    "coordinates": [
     126.93376092,
     37.52541292
    ]
   },
   "properties": {
    "pid": "여의도고등학교 ②(4층) 1층-37",
    "school": "여의도고등학교",
    "jibun": "30-1",
    "kind": "교사동 창면",
    "dong": "여의도고등학교 ②(4층)",
    "facade": "남향외벽",
    "floor": 1,
    "source": "일반식",
    "z_m": 1.2,
    "normal_az": 232.0,
    "s1_total_h": 5.5,
    "s1_cont_h": 5.5,
    "s1_pass_a": true,
    "s1_pass_b": true,
    "s2_total_h": 5.5,
    "s2_cont_h": 5.5,
    "s2_pass_a": true,
    "s2_pass_b": true,
    "d_total_h": 0.0,
    "d_cont_h": 0.0,
    "change_cd": "keep_ok",
    "변화": "유지 충족"
   }
  },
  {
   "type": "Feature",
   "geometry": {
    "type": "Point",
    "coordinates": [
     126.93376092,
     37.52541292
    ]
   },
   "properties": {
    "pid": "여의도고등학교 ②(4층) 2층-37",
    "school": "여의도고등학교",
    "jibun": "30-1",
    "kind": "교사동 창면",
    "dong": "여의도고등학교 ②(4층)",
    "facade": "남향외벽",
    "floor": 2,
    "source": "일반식",
    "z_m": 4.7,
    "normal_az": 232.0,
    "s1_total_h": 5.83,
    "s1_cont_h": 5.83,
    "s1_pass_a": true,
    "s1_pass_b": true,
    "s2_total_h": 5.83,
    "s2_cont_h": 5.83,
    "s2_pass_a": true,
    "s2_pass_b": true,
    "d_total_h": 0.0,
    "d_cont_h": 0.0,
    "change_cd": "keep_ok",
    "변화": "유지 충족"
   }
  },
  {
   "type": "Feature",
   "geometry": {
    "type": "Point",
    "coordinates": [
     126.93376092,
     37.52541292
    ]
   },
   "properties": {
    "pid": "여의도고등학교 ②(4층) 3층-37",
    "school": "여의도고등학교",
    "jibun": "30-1",
    "kind": "교사동 창면",
    "dong": "여의도고등학교 ②(4층)",
    "facade": "남향외벽",
    "floor": 3,
    "source": "일반식",
    "z_m": 8.2,
    "normal_az": 232.0,
    "s1_total_h": 5.83,
    "s1_cont_h": 5.83,
    "s1_pass_a": true,
    "s1_pass_b": true,
    "s2_total_h": 5.83,
    "s2_cont_h": 5.83,
    "s2_pass_a": true,
    "s2_pass_b": true,
    "d_total_h": 0.0,
    "d_cont_h": 0.0,
    "change_cd": "keep_ok",
    "변화": "유지 충족"
   }
  },
  {
   "type": "Feature",
   "geometry": {
    "type": "Point",
    "coordinates": [
     126.93376092,
     37.52541292
    ]
   },
   "properties": {
    "pid": "여의도고등학교 ②(4층) 4층-37",
    "school": "여의도고등학교",
    "jibun": "30-1",
    "kind": "교사동 창면",
    "dong": "여의도고등학교 ②(4층)",
    "facade": "남향외벽",
    "floor": 4,
    "source": "일반식",
    "z_m": 11.7,
    "normal_az": 232.0,
    "s1_total_h": 6.0,
    "s1_cont_h": 6.0,
    "s1_pass_a": true,
    "s1_pass_b": true,
    "s2_total_h": 6.0,
    "s2_cont_h": 6.0,
    "s2_pass_a": true,
    "s2_pass_b": true,
    "d_total_h": 0.0,
    "d_cont_h": 0.0,
    "change_cd": "keep_ok",
    "변화": "유지 충족"
   }
  },
  {
   "type": "Feature",
   "geometry": {
    "type": "Point",
    "coordinates": [
     126.93372571,
     37.52544871
    ]
   },
   "properties": {
    "pid": "여의도고등학교 ②(4층) 1층-38",
    "school": "여의도고등학교",
    "jibun": "30-1",
    "kind": "교사동 창면",
    "dong": "여의도고등학교 ②(4층)",
    "facade": "남향외벽",
    "floor": 1,
    "source": "일반식",
    "z_m": 1.2,
    "normal_az": 232.0,
    "s1_total_h": 5.67,
    "s1_cont_h": 5.67,
    "s1_pass_a": true,
    "s1_pass_b": true,
    "s2_total_h": 5.67,
    "s2_cont_h": 5.67,
    "s2_pass_a": true,
    "s2_pass_b": true,
    "d_total_h": 0.0,
    "d_cont_h": 0.0,
    "change_cd": "keep_ok",
    "변화": "유지 충족"
   }
  },
  {
   "type": "Feature",
   "geometry": {
    "type": "Point",
    "coordinates": [
     126.93372571,
     37.52544871
    ]
   },
   "properties": {
    "pid": "여의도고등학교 ②(4층) 2층-38",
    "school": "여의도고등학교",
    "jibun": "30-1",
    "kind": "교사동 창면",
    "dong": "여의도고등학교 ②(4층)",
    "facade": "남향외벽",
    "floor": 2,
    "source": "일반식",
    "z_m": 4.7,
    "normal_az": 232.0,
    "s1_total_h": 5.67,
    "s1_cont_h": 5.67,
    "s1_pass_a": true,
    "s1_pass_b": true,
    "s2_total_h": 5.67,
    "s2_cont_h": 5.67,
    "s2_pass_a": true,
    "s2_pass_b": true,
    "d_total_h": 0.0,
    "d_cont_h": 0.0,
    "change_cd": "keep_ok",
    "변화": "유지 충족"
   }
  },
  {
   "type": "Feature",
   "geometry": {
    "type": "Point",
    "coordinates": [
     126.93372571,
     37.52544871
    ]
   },
   "properties": {
    "pid": "여의도고등학교 ②(4층) 3층-38",
    "school": "여의도고등학교",
    "jibun": "30-1",
    "kind": "교사동 창면",
    "dong": "여의도고등학교 ②(4층)",
    "facade": "남향외벽",
    "floor": 3,
    "source": "일반식",
    "z_m": 8.2,
    "normal_az": 232.0,
    "s1_total_h": 5.83,
    "s1_cont_h": 5.83,
    "s1_pass_a": true,
    "s1_pass_b": true,
    "s2_total_h": 5.83,
    "s2_cont_h": 5.83,
    "s2_pass_a": true,
    "s2_pass_b": true,
    "d_total_h": 0.0,
    "d_cont_h": 0.0,
    "change_cd": "keep_ok",
    "변화": "유지 충족"
   }
  },
  {
   "type": "Feature",
   "geometry": {
    "type": "Point",
    "coordinates": [
     126.93372571,
     37.52544871
    ]
   },
   "properties": {
    "pid": "여의도고등학교 ②(4층) 4층-38",
    "school": "여의도고등학교",
    "jibun": "30-1",
    "kind": "교사동 창면",
    "dong": "여의도고등학교 ②(4층)",
    "facade": "남향외벽",
    "floor": 4,
    "source": "일반식",
    "z_m": 11.7,
    "normal_az": 232.0,
    "s1_total_h": 6.0,
    "s1_cont_h": 6.0,
    "s1_pass_a": true,
    "s1_pass_b": true,
    "s2_total_h": 6.0,
    "s2_cont_h": 6.0,
    "s2_pass_a": true,
    "s2_pass_b": true,
    "d_total_h": 0.0,
    "d_cont_h": 0.0,
    "change_cd": "keep_ok",
    "변화": "유지 충족"
   }
  },
  {
   "type": "Feature",
   "geometry": {
    "type": "Point",
    "coordinates": [
     126.9336905,
     37.5254845
    ]
   },
   "properties": {
    "pid": "여의도고등학교 ②(4층) 1층-39",
    "school": "여의도고등학교",
    "jibun": "30-1",
    "kind": "교사동 창면",
    "dong": "여의도고등학교 ②(4층)",
    "facade": "남향외벽",
    "floor": 1,
    "source": "일반식",
    "z_m": 1.2,
    "normal_az": 232.0,
    "s1_total_h": 5.5,
    "s1_cont_h": 5.5,
    "s1_pass_a": true,
    "s1_pass_b": true,
    "s2_total_h": 5.5,
    "s2_cont_h": 5.5,
    "s2_pass_a": true,
    "s2_pass_b": true,
    "d_total_h": 0.0,
    "d_cont_h": 0.0,
    "change_cd": "keep_ok",
    "변화": "유지 충족"
   }
  },
  {
   "type": "Feature",
   "geometry": {
    "type": "Point",
    "coordinates": [
     126.9336905,
     37.5254845
    ]
   },
   "properties": {
    "pid": "여의도고등학교 ②(4층) 2층-39",
    "school": "여의도고등학교",
    "jibun": "30-1",
    "kind": "교사동 창면",
    "dong": "여의도고등학교 ②(4층)",
    "facade": "남향외벽",
    "floor": 2,
    "source": "일반식",
    "z_m": 4.7,
    "normal_az": 232.0,
    "s1_total_h": 5.67,
    "s1_cont_h": 5.67,
    "s1_pass_a": true,
    "s1_pass_b": true,
    "s2_total_h": 5.67,
    "s2_cont_h": 5.67,
    "s2_pass_a": true,
    "s2_pass_b": true,
    "d_total_h": 0.0,
    "d_cont_h": 0.0,
    "change_cd": "keep_ok",
    "변화": "유지 충족"
   }
  },
  {
   "type": "Feature",
   "geometry": {
    "type": "Point",
    "coordinates": [
     126.9336905,
     37.5254845
    ]
   },
   "properties": {
    "pid": "여의도고등학교 ②(4층) 3층-39",
    "school": "여의도고등학교",
    "jibun": "30-1",
    "kind": "교사동 창면",
    "dong": "여의도고등학교 ②(4층)",
    "facade": "남향외벽",
    "floor": 3,
    "source": "일반식",
    "z_m": 8.2,
    "normal_az": 232.0,
    "s1_total_h": 5.83,
    "s1_cont_h": 5.83,
    "s1_pass_a": true,
    "s1_pass_b": true,
    "s2_total_h": 5.83,
    "s2_cont_h": 5.83,
    "s2_pass_a": true,
    "s2_pass_b": true,
    "d_total_h": 0.0,
    "d_cont_h": 0.0,
    "change_cd": "keep_ok",
    "변화": "유지 충족"
   }
  },
  {
   "type": "Feature",
   "geometry": {
    "type": "Point",
    "coordinates": [
     126.9336905,
     37.5254845
    ]
   },
   "properties": {
    "pid": "여의도고등학교 ②(4층) 4층-39",
    "school": "여의도고등학교",
    "jibun": "30-1",
    "kind": "교사동 창면",
    "dong": "여의도고등학교 ②(4층)",
    "facade": "남향외벽",
    "floor": 4,
    "source": "일반식",
    "z_m": 11.7,
    "normal_az": 232.0,
    "s1_total_h": 5.83,
    "s1_cont_h": 5.83,
    "s1_pass_a": true,
    "s1_pass_b": true,
    "s2_total_h": 5.83,
    "s2_cont_h": 5.83,
    "s2_pass_a": true,
    "s2_pass_b": true,
    "d_total_h": 0.0,
    "d_cont_h": 0.0,
    "change_cd": "keep_ok",
    "변화": "유지 충족"
   }
  },
  {
   "type": "Feature",
   "geometry": {
    "type": "Point",
    "coordinates": [
     126.9336553,
     37.52552029
    ]
   },
   "properties": {
    "pid": "여의도고등학교 ②(4층) 1층-40",
    "school": "여의도고등학교",
    "jibun": "30-1",
    "kind": "교사동 창면",
    "dong": "여의도고등학교 ②(4층)",
    "facade": "남향외벽",
    "floor": 1,
    "source": "일반식",
    "z_m": 1.2,
    "normal_az": 232.0,
    "s1_total_h": 5.5,
    "s1_cont_h": 5.5,
    "s1_pass_a": true,
    "s1_pass_b": true,
    "s2_total_h": 5.5,
    "s2_cont_h": 5.5,
    "s2_pass_a": true,
    "s2_pass_b": true,
    "d_total_h": 0.0,
    "d_cont_h": 0.0,
    "change_cd": "keep_ok",
    "변화": "유지 충족"
   }
  },
  {
   "type": "Feature",
   "geometry": {
    "type": "Point",
    "coordinates": [
     126.9336553,
     37.52552029
    ]
   },
   "properties": {
    "pid": "여의도고등학교 ②(4층) 2층-40",
    "school": "여의도고등학교",
    "jibun": "30-1",
    "kind": "교사동 창면",
    "dong": "여의도고등학교 ②(4층)",
    "facade": "남향외벽",
    "floor": 2,
    "source": "일반식",
    "z_m": 4.7,
    "normal_az": 232.0,
    "s1_total_h": 5.67,
    "s1_cont_h": 5.67,
    "s1_pass_a": true,
    "s1_pass_b": true,
    "s2_total_h": 5.67,
    "s2_cont_h": 5.67,
    "s2_pass_a": true,
    "s2_pass_b": true,
    "d_total_h": 0.0,
    "d_cont_h": 0.0,
    "change_cd": "keep_ok",
    "변화": "유지 충족"
   }
  },
  {
   "type": "Feature",
   "geometry": {
    "type": "Point",
    "coordinates": [
     126.9336553,
     37.52552029
    ]
   },
   "properties": {
    "pid": "여의도고등학교 ②(4층) 3층-40",
    "school": "여의도고등학교",
    "jibun": "30-1",
    "kind": "교사동 창면",
    "dong": "여의도고등학교 ②(4층)",
    "facade": "남향외벽",
    "floor": 3,
    "source": "일반식",
    "z_m": 8.2,
    "normal_az": 232.0,
    "s1_total_h": 5.67,
    "s1_cont_h": 5.67,
    "s1_pass_a": true,
    "s1_pass_b": true,
    "s2_total_h": 5.67,
    "s2_cont_h": 5.67,
    "s2_pass_a": true,
    "s2_pass_b": true,
    "d_total_h": 0.0,
    "d_cont_h": 0.0,
    "change_cd": "keep_ok",
    "변화": "유지 충족"
   }
  },
  {
   "type": "Feature",
   "geometry": {
    "type": "Point",
    "coordinates": [
     126.9336553,
     37.52552029
    ]
   },
   "properties": {
    "pid": "여의도고등학교 ②(4층) 4층-40",
    "school": "여의도고등학교",
    "jibun": "30-1",
    "kind": "교사동 창면",
    "dong": "여의도고등학교 ②(4층)",
    "facade": "남향외벽",
    "floor": 4,
    "source": "일반식",
    "z_m": 11.7,
    "normal_az": 232.0,
    "s1_total_h": 5.67,
    "s1_cont_h": 5.67,
    "s1_pass_a": true,
    "s1_pass_b": true,
    "s2_total_h": 5.67,
    "s2_cont_h": 5.67,
    "s2_pass_a": true,
    "s2_pass_b": true,
    "d_total_h": 0.0,
    "d_cont_h": 0.0,
    "change_cd": "keep_ok",
    "변화": "유지 충족"
   }
  },
  {
   "type": "Feature",
   "geometry": {
    "type": "Point",
    "coordinates": [
     126.93362009,
     37.52555608
    ]
   },
   "properties": {
    "pid": "여의도고등학교 ②(4층) 1층-41",
    "school": "여의도고등학교",
    "jibun": "30-1",
    "kind": "교사동 창면",
    "dong": "여의도고등학교 ②(4층)",
    "facade": "남향외벽",
    "floor": 1,
    "source": "일반식",
    "z_m": 1.2,
    "normal_az": 232.0,
    "s1_total_h": 5.33,
    "s1_cont_h": 5.33,
    "s1_pass_a": true,
    "s1_pass_b": true,
    "s2_total_h": 5.33,
    "s2_cont_h": 5.33,
    "s2_pass_a": true,
    "s2_pass_b": true,
    "d_total_h": 0.0,
    "d_cont_h": 0.0,
    "change_cd": "keep_ok",
    "변화": "유지 충족"
   }
  },
  {
   "type": "Feature",
   "geometry": {
    "type": "Point",
    "coordinates": [
     126.93362009,
     37.52555608
    ]
   },
   "properties": {
    "pid": "여의도고등학교 ②(4층) 2층-41",
    "school": "여의도고등학교",
    "jibun": "30-1",
    "kind": "교사동 창면",
    "dong": "여의도고등학교 ②(4층)",
    "facade": "남향외벽",
    "floor": 2,
    "source": "일반식",
    "z_m": 4.7,
    "normal_az": 232.0,
    "s1_total_h": 5.33,
    "s1_cont_h": 5.33,
    "s1_pass_a": true,
    "s1_pass_b": true,
    "s2_total_h": 5.33,
    "s2_cont_h": 5.33,
    "s2_pass_a": true,
    "s2_pass_b": true,
    "d_total_h": 0.0,
    "d_cont_h": 0.0,
    "change_cd": "keep_ok",
    "변화": "유지 충족"
   }
  },
  {
   "type": "Feature",
   "geometry": {
    "type": "Point",
    "coordinates": [
     126.93362009,
     37.52555608
    ]
   },
   "properties": {
    "pid": "여의도고등학교 ②(4층) 3층-41",
    "school": "여의도고등학교",
    "jibun": "30-1",
    "kind": "교사동 창면",
    "dong": "여의도고등학교 ②(4층)",
    "facade": "남향외벽",
    "floor": 3,
    "source": "일반식",
    "z_m": 8.2,
    "normal_az": 232.0,
    "s1_total_h": 5.33,
    "s1_cont_h": 5.33,
    "s1_pass_a": true,
    "s1_pass_b": true,
    "s2_total_h": 5.33,
    "s2_cont_h": 5.33,
    "s2_pass_a": true,
    "s2_pass_b": true,
    "d_total_h": 0.0,
    "d_cont_h": 0.0,
    "change_cd": "keep_ok",
    "변화": "유지 충족"
   }
  },
  {
   "type": "Feature",
   "geometry": {
    "type": "Point",
    "coordinates": [
     126.93362009,
     37.52555608
    ]
   },
   "properties": {
    "pid": "여의도고등학교 ②(4층) 4층-41",
    "school": "여의도고등학교",
    "jibun": "30-1",
    "kind": "교사동 창면",
    "dong": "여의도고등학교 ②(4층)",
    "facade": "남향외벽",
    "floor": 4,
    "source": "일반식",
    "z_m": 11.7,
    "normal_az": 232.0,
    "s1_total_h": 5.33,
    "s1_cont_h": 5.33,
    "s1_pass_a": true,
    "s1_pass_b": true,
    "s2_total_h": 5.33,
    "s2_cont_h": 5.33,
    "s2_pass_a": true,
    "s2_pass_b": true,
    "d_total_h": 0.0,
    "d_cont_h": 0.0,
    "change_cd": "keep_ok",
    "변화": "유지 충족"
   }
  },
  {
   "type": "Feature",
   "geometry": {
    "type": "Point",
    "coordinates": [
     126.93358489,
     37.52559187
    ]
   },
   "properties": {
    "pid": "여의도고등학교 ②(4층) 1층-42",
    "school": "여의도고등학교",
    "jibun": "30-1",
    "kind": "교사동 창면",
    "dong": "여의도고등학교 ②(4층)",
    "facade": "남향외벽",
    "floor": 1,
    "source": "일반식",
    "z_m": 1.2,
    "normal_az": 232.0,
    "s1_total_h": 5.17,
    "s1_cont_h": 5.17,
    "s1_pass_a": true,
    "s1_pass_b": true,
    "s2_total_h": 5.17,
    "s2_cont_h": 5.17,
    "s2_pass_a": true,
    "s2_pass_b": true,
    "d_total_h": 0.0,
    "d_cont_h": 0.0,
    "change_cd": "keep_ok",
    "변화": "유지 충족"
   }
  },
  {
   "type": "Feature",
   "geometry": {
    "type": "Point",
    "coordinates": [
     126.93358489,
     37.52559187
    ]
   },
   "properties": {
    "pid": "여의도고등학교 ②(4층) 2층-42",
    "school": "여의도고등학교",
    "jibun": "30-1",
    "kind": "교사동 창면",
    "dong": "여의도고등학교 ②(4층)",
    "facade": "남향외벽",
    "floor": 2,
    "source": "일반식",
    "z_m": 4.7,
    "normal_az": 232.0,
    "s1_total_h": 5.17,
    "s1_cont_h": 5.17,
    "s1_pass_a": true,
    "s1_pass_b": true,
    "s2_total_h": 5.17,
    "s2_cont_h": 5.17,
    "s2_pass_a": true,
    "s2_pass_b": true,
    "d_total_h": 0.0,
    "d_cont_h": 0.0,
    "change_cd": "keep_ok",
    "변화": "유지 충족"
   }
  },
  {
   "type": "Feature",
   "geometry": {
    "type": "Point",
    "coordinates": [
     126.93358489,
     37.52559187
    ]
   },
   "properties": {
    "pid": "여의도고등학교 ②(4층) 3층-42",
    "school": "여의도고등학교",
    "jibun": "30-1",
    "kind": "교사동 창면",
    "dong": "여의도고등학교 ②(4층)",
    "facade": "남향외벽",
    "floor": 3,
    "source": "일반식",
    "z_m": 8.2,
    "normal_az": 232.0,
    "s1_total_h": 5.17,
    "s1_cont_h": 5.17,
    "s1_pass_a": true,
    "s1_pass_b": true,
    "s2_total_h": 5.17,
    "s2_cont_h": 5.17,
    "s2_pass_a": true,
    "s2_pass_b": true,
    "d_total_h": 0.0,
    "d_cont_h": 0.0,
    "change_cd": "keep_ok",
    "변화": "유지 충족"
   }
  },
  {
   "type": "Feature",
   "geometry": {
    "type": "Point",
    "coordinates": [
     126.93358489,
     37.52559187
    ]
   },
   "properties": {
    "pid": "여의도고등학교 ②(4층) 4층-42",
    "school": "여의도고등학교",
    "jibun": "30-1",
    "kind": "교사동 창면",
    "dong": "여의도고등학교 ②(4층)",
    "facade": "남향외벽",
    "floor": 4,
    "source": "일반식",
    "z_m": 11.7,
    "normal_az": 232.0,
    "s1_total_h": 5.33,
    "s1_cont_h": 5.33,
    "s1_pass_a": true,
    "s1_pass_b": true,
    "s2_total_h": 5.33,
    "s2_cont_h": 5.33,
    "s2_pass_a": true,
    "s2_pass_b": true,
    "d_total_h": 0.0,
    "d_cont_h": 0.0,
    "change_cd": "keep_ok",
    "변화": "유지 충족"
   }
  },
  {
   "type": "Feature",
   "geometry": {
    "type": "Point",
    "coordinates": [
     126.93354968,
     37.52562766
    ]
   },
   "properties": {
    "pid": "여의도고등학교 ②(4층) 1층-43",
    "school": "여의도고등학교",
    "jibun": "30-1",
    "kind": "교사동 창면",
    "dong": "여의도고등학교 ②(4층)",
    "facade": "남향외벽",
    "floor": 1,
    "source": "일반식",
    "z_m": 1.2,
    "normal_az": 232.0,
    "s1_total_h": 5.0,
    "s1_cont_h": 5.0,
    "s1_pass_a": true,
    "s1_pass_b": true,
    "s2_total_h": 5.0,
    "s2_cont_h": 5.0,
    "s2_pass_a": true,
    "s2_pass_b": true,
    "d_total_h": 0.0,
    "d_cont_h": 0.0,
    "change_cd": "keep_ok",
    "변화": "유지 충족"
   }
  },
  {
   "type": "Feature",
   "geometry": {
    "type": "Point",
    "coordinates": [
     126.93354968,
     37.52562766
    ]
   },
   "properties": {
    "pid": "여의도고등학교 ②(4층) 2층-43",
    "school": "여의도고등학교",
    "jibun": "30-1",
    "kind": "교사동 창면",
    "dong": "여의도고등학교 ②(4층)",
    "facade": "남향외벽",
    "floor": 2,
    "source": "일반식",
    "z_m": 4.7,
    "normal_az": 232.0,
    "s1_total_h": 5.0,
    "s1_cont_h": 5.0,
    "s1_pass_a": true,
    "s1_pass_b": true,
    "s2_total_h": 5.0,
    "s2_cont_h": 5.0,
    "s2_pass_a": true,
    "s2_pass_b": true,
    "d_total_h": 0.0,
    "d_cont_h": 0.0,
    "change_cd": "keep_ok",
    "변화": "유지 충족"
   }
  },
  {
   "type": "Feature",
   "geometry": {
    "type": "Point",
    "coordinates": [
     126.93354968,
     37.52562766
    ]
   },
   "properties": {
    "pid": "여의도고등학교 ②(4층) 3층-43",
    "school": "여의도고등학교",
    "jibun": "30-1",
    "kind": "교사동 창면",
    "dong": "여의도고등학교 ②(4층)",
    "facade": "남향외벽",
    "floor": 3,
    "source": "일반식",
    "z_m": 8.2,
    "normal_az": 232.0,
    "s1_total_h": 5.17,
    "s1_cont_h": 5.17,
    "s1_pass_a": true,
    "s1_pass_b": true,
    "s2_total_h": 5.17,
    "s2_cont_h": 5.17,
    "s2_pass_a": true,
    "s2_pass_b": true,
    "d_total_h": 0.0,
    "d_cont_h": 0.0,
    "change_cd": "keep_ok",
    "변화": "유지 충족"
   }
  },
  {
   "type": "Feature",
   "geometry": {
    "type": "Point",
    "coordinates": [
     126.93354968,
     37.52562766
    ]
   },
   "properties": {
    "pid": "여의도고등학교 ②(4층) 4층-43",
    "school": "여의도고등학교",
    "jibun": "30-1",
    "kind": "교사동 창면",
    "dong": "여의도고등학교 ②(4층)",
    "facade": "남향외벽",
    "floor": 4,
    "source": "일반식",
    "z_m": 11.7,
    "normal_az": 232.0,
    "s1_total_h": 5.33,
    "s1_cont_h": 5.33,
    "s1_pass_a": true,
    "s1_pass_b": true,
    "s2_total_h": 5.33,
    "s2_cont_h": 5.33,
    "s2_pass_a": true,
    "s2_pass_b": true,
    "d_total_h": 0.0,
    "d_cont_h": 0.0,
    "change_cd": "keep_ok",
    "변화": "유지 충족"
   }
  },
  {
   "type": "Feature",
   "geometry": {
    "type": "Point",
    "coordinates": [
     126.93351447,
     37.52566345
    ]
   },
   "properties": {
    "pid": "여의도고등학교 ②(4층) 1층-44",
    "school": "여의도고등학교",
    "jibun": "30-1",
    "kind": "교사동 창면",
    "dong": "여의도고등학교 ②(4층)",
    "facade": "남향외벽",
    "floor": 1,
    "source": "일반식",
    "z_m": 1.2,
    "normal_az": 232.0,
    "s1_total_h": 4.83,
    "s1_cont_h": 4.83,
    "s1_pass_a": true,
    "s1_pass_b": true,
    "s2_total_h": 4.83,
    "s2_cont_h": 4.83,
    "s2_pass_a": true,
    "s2_pass_b": true,
    "d_total_h": 0.0,
    "d_cont_h": 0.0,
    "change_cd": "keep_ok",
    "변화": "유지 충족"
   }
  },
  {
   "type": "Feature",
   "geometry": {
    "type": "Point",
    "coordinates": [
     126.93351447,
     37.52566345
    ]
   },
   "properties": {
    "pid": "여의도고등학교 ②(4층) 2층-44",
    "school": "여의도고등학교",
    "jibun": "30-1",
    "kind": "교사동 창면",
    "dong": "여의도고등학교 ②(4층)",
    "facade": "남향외벽",
    "floor": 2,
    "source": "일반식",
    "z_m": 4.7,
    "normal_az": 232.0,
    "s1_total_h": 5.0,
    "s1_cont_h": 5.0,
    "s1_pass_a": true,
    "s1_pass_b": true,
    "s2_total_h": 5.0,
    "s2_cont_h": 5.0,
    "s2_pass_a": true,
    "s2_pass_b": true,
    "d_total_h": 0.0,
    "d_cont_h": 0.0,
    "change_cd": "keep_ok",
    "변화": "유지 충족"
   }
  },
  {
   "type": "Feature",
   "geometry": {
    "type": "Point",
    "coordinates": [
     126.93351447,
     37.52566345
    ]
   },
   "properties": {
    "pid": "여의도고등학교 ②(4층) 3층-44",
    "school": "여의도고등학교",
    "jibun": "30-1",
    "kind": "교사동 창면",
    "dong": "여의도고등학교 ②(4층)",
    "facade": "남향외벽",
    "floor": 3,
    "source": "일반식",
    "z_m": 8.2,
    "normal_az": 232.0,
    "s1_total_h": 5.17,
    "s1_cont_h": 5.17,
    "s1_pass_a": true,
    "s1_pass_b": true,
    "s2_total_h": 5.17,
    "s2_cont_h": 5.17,
    "s2_pass_a": true,
    "s2_pass_b": true,
    "d_total_h": 0.0,
    "d_cont_h": 0.0,
    "change_cd": "keep_ok",
    "변화": "유지 충족"
   }
  },
  {
   "type": "Feature",
   "geometry": {
    "type": "Point",
    "coordinates": [
     126.93351447,
     37.52566345
    ]
   },
   "properties": {
    "pid": "여의도고등학교 ②(4층) 4층-44",
    "school": "여의도고등학교",
    "jibun": "30-1",
    "kind": "교사동 창면",
    "dong": "여의도고등학교 ②(4층)",
    "facade": "남향외벽",
    "floor": 4,
    "source": "일반식",
    "z_m": 11.7,
    "normal_az": 232.0,
    "s1_total_h": 5.5,
    "s1_cont_h": 5.5,
    "s1_pass_a": true,
    "s1_pass_b": true,
    "s2_total_h": 5.5,
    "s2_cont_h": 5.5,
    "s2_pass_a": true,
    "s2_pass_b": true,
    "d_total_h": 0.0,
    "d_cont_h": 0.0,
    "change_cd": "keep_ok",
    "변화": "유지 충족"
   }
  },
  {
   "type": "Feature",
   "geometry": {
    "type": "Point",
    "coordinates": [
     126.93425532,
     37.52445498
    ]
   },
   "properties": {
    "pid": "여의도고등학교 ③(3층) 1층-1",
    "school": "여의도고등학교",
    "jibun": "30-1",
    "kind": "교사동 창면",
    "dong": "여의도고등학교 ③(3층)",
    "facade": "남향외벽",
    "floor": 1,
    "source": "일반식",
    "z_m": 1.2,
    "normal_az": 141.3,
    "s1_total_h": 5.83,
    "s1_cont_h": 4.0,
    "s1_pass_a": true,
    "s1_pass_b": true,
    "s2_total_h": 5.83,
    "s2_cont_h": 4.0,
    "s2_pass_a": true,
    "s2_pass_b": true,
    "d_total_h": 0.0,
    "d_cont_h": 0.0,
    "change_cd": "keep_ok",
    "변화": "유지 충족"
   }
  },
  {
   "type": "Feature",
   "geometry": {
    "type": "Point",
    "coordinates": [
     126.93425532,
     37.52445498
    ]
   },
   "properties": {
    "pid": "여의도고등학교 ③(3층) 2층-1",
    "school": "여의도고등학교",
    "jibun": "30-1",
    "kind": "교사동 창면",
    "dong": "여의도고등학교 ③(3층)",
    "facade": "남향외벽",
    "floor": 2,
    "source": "일반식",
    "z_m": 4.7,
    "normal_az": 141.3,
    "s1_total_h": 6.0,
    "s1_cont_h": 4.17,
    "s1_pass_a": true,
    "s1_pass_b": true,
    "s2_total_h": 6.0,
    "s2_cont_h": 4.17,
    "s2_pass_a": true,
    "s2_pass_b": true,
    "d_total_h": 0.0,
    "d_cont_h": 0.0,
    "change_cd": "keep_ok",
    "변화": "유지 충족"
   }
  },
  {
   "type": "Feature",
   "geometry": {
    "type": "Point",
    "coordinates": [
     126.93425532,
     37.52445498
    ]
   },
   "properties": {
    "pid": "여의도고등학교 ③(3층) 3층-1",
    "school": "여의도고등학교",
    "jibun": "30-1",
    "kind": "교사동 창면",
    "dong": "여의도고등학교 ③(3층)",
    "facade": "남향외벽",
    "floor": 3,
    "source": "일반식",
    "z_m": 8.2,
    "normal_az": 141.3,
    "s1_total_h": 6.33,
    "s1_cont_h": 4.5,
    "s1_pass_a": true,
    "s1_pass_b": true,
    "s2_total_h": 6.33,
    "s2_cont_h": 4.5,
    "s2_pass_a": true,
    "s2_pass_b": true,
    "d_total_h": 0.0,
    "d_cont_h": 0.0,
    "change_cd": "keep_ok",
    "변화": "유지 충족"
   }
  },
  {
   "type": "Feature",
   "geometry": {
    "type": "Point",
    "coordinates": [
     126.93420967,
     37.52442581
    ]
   },
   "properties": {
    "pid": "여의도고등학교 ③(3층) 1층-2",
    "school": "여의도고등학교",
    "jibun": "30-1",
    "kind": "교사동 창면",
    "dong": "여의도고등학교 ③(3층)",
    "facade": "남향외벽",
    "floor": 1,
    "source": "일반식",
    "z_m": 1.2,
    "normal_az": 141.3,
    "s1_total_h": 5.17,
    "s1_cont_h": 3.33,
    "s1_pass_a": true,
    "s1_pass_b": true,
    "s2_total_h": 5.17,
    "s2_cont_h": 3.33,
    "s2_pass_a": true,
    "s2_pass_b": true,
    "d_total_h": 0.0,
    "d_cont_h": 0.0,
    "change_cd": "keep_ok",
    "변화": "유지 충족"
   }
  },
  {
   "type": "Feature",
   "geometry": {
    "type": "Point",
    "coordinates": [
     126.93420967,
     37.52442581
    ]
   },
   "properties": {
    "pid": "여의도고등학교 ③(3층) 2층-2",
    "school": "여의도고등학교",
    "jibun": "30-1",
    "kind": "교사동 창면",
    "dong": "여의도고등학교 ③(3층)",
    "facade": "남향외벽",
    "floor": 2,
    "source": "일반식",
    "z_m": 4.7,
    "normal_az": 141.3,
    "s1_total_h": 5.5,
    "s1_cont_h": 3.67,
    "s1_pass_a": true,
    "s1_pass_b": true,
    "s2_total_h": 5.5,
    "s2_cont_h": 3.67,
    "s2_pass_a": true,
    "s2_pass_b": true,
    "d_total_h": 0.0,
    "d_cont_h": 0.0,
    "change_cd": "keep_ok",
    "변화": "유지 충족"
   }
  },
  {
   "type": "Feature",
   "geometry": {
    "type": "Point",
    "coordinates": [
     126.93420967,
     37.52442581
    ]
   },
   "properties": {
    "pid": "여의도고등학교 ③(3층) 3층-2",
    "school": "여의도고등학교",
    "jibun": "30-1",
    "kind": "교사동 창면",
    "dong": "여의도고등학교 ③(3층)",
    "facade": "남향외벽",
    "floor": 3,
    "source": "일반식",
    "z_m": 8.2,
    "normal_az": 141.3,
    "s1_total_h": 5.83,
    "s1_cont_h": 4.0,
    "s1_pass_a": true,
    "s1_pass_b": true,
    "s2_total_h": 5.83,
    "s2_cont_h": 4.0,
    "s2_pass_a": true,
    "s2_pass_b": true,
    "d_total_h": 0.0,
    "d_cont_h": 0.0,
    "change_cd": "keep_ok",
    "변화": "유지 충족"
   }
  },
  {
   "type": "Feature",
   "geometry": {
    "type": "Point",
    "coordinates": [
     126.93416401,
     37.52439664
    ]
   },
   "properties": {
    "pid": "여의도고등학교 ③(3층) 1층-3",
    "school": "여의도고등학교",
    "jibun": "30-1",
    "kind": "교사동 창면",
    "dong": "여의도고등학교 ③(3층)",
    "facade": "남향외벽",
    "floor": 1,
    "source": "일반식",
    "z_m": 1.2,
    "normal_az": 141.3,
    "s1_total_h": 4.5,
    "s1_cont_h": 2.83,
    "s1_pass_a": true,
    "s1_pass_b": true,
    "s2_total_h": 4.33,
    "s2_cont_h": 1.83,
    "s2_pass_a": true,
    "s2_pass_b": false,
    "d_total_h": -0.17,
    "d_cont_h": -1.0,
    "change_cd": "keep_ok",
    "변화": "유지 충족"
   }
  },
  {
   "type": "Feature",
   "geometry": {
    "type": "Point",
    "coordinates": [
     126.93416401,
     37.52439664
    ]
   },
   "properties": {
    "pid": "여의도고등학교 ③(3층) 2층-3",
    "school": "여의도고등학교",
    "jibun": "30-1",
    "kind": "교사동 창면",
    "dong": "여의도고등학교 ③(3층)",
    "facade": "남향외벽",
    "floor": 2,
    "source": "일반식",
    "z_m": 4.7,
    "normal_az": 141.3,
    "s1_total_h": 5.0,
    "s1_cont_h": 3.17,
    "s1_pass_a": true,
    "s1_pass_b": true,
    "s2_total_h": 5.0,
    "s2_cont_h": 3.17,
    "s2_pass_a": true,
    "s2_pass_b": true,
    "d_total_h": 0.0,
    "d_cont_h": 0.0,
    "change_cd": "keep_ok",
    "변화": "유지 충족"
   }
  },
  {
   "type": "Feature",
   "geometry": {
    "type": "Point",
    "coordinates": [
     126.93416401,
     37.52439664
    ]
   },
   "properties": {
    "pid": "여의도고등학교 ③(3층) 3층-3",
    "school": "여의도고등학교",
    "jibun": "30-1",
    "kind": "교사동 창면",
    "dong": "여의도고등학교 ③(3층)",
    "facade": "남향외벽",
    "floor": 3,
    "source": "일반식",
    "z_m": 8.2,
    "normal_az": 141.3,
    "s1_total_h": 5.5,
    "s1_cont_h": 3.67,
    "s1_pass_a": true,
    "s1_pass_b": true,
    "s2_total_h": 5.5,
    "s2_cont_h": 3.67,
    "s2_pass_a": true,
    "s2_pass_b": true,
    "d_total_h": 0.0,
    "d_cont_h": 0.0,
    "change_cd": "keep_ok",
    "변화": "유지 충족"
   }
  },
  {
   "type": "Feature",
   "geometry": {
    "type": "Point",
    "coordinates": [
     126.93411837,
     37.52436747
    ]
   },
   "properties": {
    "pid": "여의도고등학교 ③(3층) 1층-4",
    "school": "여의도고등학교",
    "jibun": "30-1",
    "kind": "교사동 창면",
    "dong": "여의도고등학교 ③(3층)",
    "facade": "남향외벽",
    "floor": 1,
    "source": "일반식",
    "z_m": 1.2,
    "normal_az": 141.3,
    "s1_total_h": 4.67,
    "s1_cont_h": 2.67,
    "s1_pass_a": true,
    "s1_pass_b": true,
    "s2_total_h": 4.5,
    "s2_cont_h": 2.0,
    "s2_pass_a": true,
    "s2_pass_b": false,
    "d_total_h": -0.17,
    "d_cont_h": -0.67,
    "change_cd": "keep_ok",
    "변화": "유지 충족"
   }
  },
  {
   "type": "Feature",
   "geometry": {
    "type": "Point",
    "coordinates": [
     126.93411837,
     37.52436747
    ]
   },
   "properties": {
    "pid": "여의도고등학교 ③(3층) 2층-4",
    "school": "여의도고등학교",
    "jibun": "30-1",
    "kind": "교사동 창면",
    "dong": "여의도고등학교 ③(3층)",
    "facade": "남향외벽",
    "floor": 2,
    "source": "일반식",
    "z_m": 4.7,
    "normal_az": 141.3,
    "s1_total_h": 4.83,
    "s1_cont_h": 2.83,
    "s1_pass_a": true,
    "s1_pass_b": true,
    "s2_total_h": 4.67,
    "s2_cont_h": 2.0,
    "s2_pass_a": true,
    "s2_pass_b": false,
    "d_total_h": -0.16,
    "d_cont_h": -0.83,
    "change_cd": "keep_ok",
    "변화": "유지 충족"
   }
  },
  {
   "type": "Feature",
   "geometry": {
    "type": "Point",
    "coordinates": [
     126.93411837,
     37.52436747
    ]
   },
   "properties": {
    "pid": "여의도고등학교 ③(3층) 3층-4",
    "school": "여의도고등학교",
    "jibun": "30-1",
    "kind": "교사동 창면",
    "dong": "여의도고등학교 ③(3층)",
    "facade": "남향외벽",
    "floor": 3,
    "source": "일반식",
    "z_m": 8.2,
    "normal_az": 141.3,
    "s1_total_h": 5.17,
    "s1_cont_h": 3.0,
    "s1_pass_a": true,
    "s1_pass_b": true,
    "s2_total_h": 5.17,
    "s2_cont_h": 3.0,
    "s2_pass_a": true,
    "s2_pass_b": true,
    "d_total_h": 0.0,
    "d_cont_h": 0.0,
    "change_cd": "keep_ok",
    "변화": "유지 충족"
   }
  },
  {
   "type": "Feature",
   "geometry": {
    "type": "Point",
    "coordinates": [
     126.93407272,
     37.5243383
    ]
   },
   "properties": {
    "pid": "여의도고등학교 ③(3층) 1층-5",
    "school": "여의도고등학교",
    "jibun": "30-1",
    "kind": "교사동 창면",
    "dong": "여의도고등학교 ③(3층)",
    "facade": "남향외벽",
    "floor": 1,
    "source": "일반식",
    "z_m": 1.2,
    "normal_az": 141.3,
    "s1_total_h": 4.83,
    "s1_cont_h": 2.5,
    "s1_pass_a": true,
    "s1_pass_b": false,
    "s2_total_h": 4.33,
    "s2_cont_h": 1.83,
    "s2_pass_a": true,
    "s2_pass_b": false,
    "d_total_h": -0.5,
    "d_cont_h": -0.67,
    "change_cd": "keep_ok",
    "변화": "유지 충족"
   }
  },
  {
   "type": "Feature",
   "geometry": {
    "type": "Point",
    "coordinates": [
     126.93407272,
     37.5243383
    ]
   },
   "properties": {
    "pid": "여의도고등학교 ③(3층) 2층-5",
    "school": "여의도고등학교",
    "jibun": "30-1",
    "kind": "교사동 창면",
    "dong": "여의도고등학교 ③(3층)",
    "facade": "남향외벽",
    "floor": 2,
    "source": "일반식",
    "z_m": 4.7,
    "normal_az": 141.3,
    "s1_total_h": 4.83,
    "s1_cont_h": 2.5,
    "s1_pass_a": true,
    "s1_pass_b": false,
    "s2_total_h": 4.5,
    "s2_cont_h": 1.83,
    "s2_pass_a": true,
    "s2_pass_b": false,
    "d_total_h": -0.33,
    "d_cont_h": -0.67,
    "change_cd": "keep_ok",
    "변화": "유지 충족"
   }
  },
  {
   "type": "Feature",
   "geometry": {
    "type": "Point",
    "coordinates": [
     126.93407272,
     37.5243383
    ]
   },
   "properties": {
    "pid": "여의도고등학교 ③(3층) 3층-5",
    "school": "여의도고등학교",
    "jibun": "30-1",
    "kind": "교사동 창면",
    "dong": "여의도고등학교 ③(3층)",
    "facade": "남향외벽",
    "floor": 3,
    "source": "일반식",
    "z_m": 8.2,
    "normal_az": 141.3,
    "s1_total_h": 5.0,
    "s1_cont_h": 2.67,
    "s1_pass_a": true,
    "s1_pass_b": true,
    "s2_total_h": 4.83,
    "s2_cont_h": 1.83,
    "s2_pass_a": true,
    "s2_pass_b": false,
    "d_total_h": -0.17,
    "d_cont_h": -0.84,
    "change_cd": "keep_ok",
    "변화": "유지 충족"
   }
  },
  {
   "type": "Feature",
   "geometry": {
    "type": "Point",
    "coordinates": [
     126.93402706,
     37.52430913
    ]
   },
   "properties": {
    "pid": "여의도고등학교 ③(3층) 1층-6",
    "school": "여의도고등학교",
    "jibun": "30-1",
    "kind": "교사동 창면",
    "dong": "여의도고등학교 ③(3층)",
    "facade": "남향외벽",
    "floor": 1,
    "source": "일반식",
    "z_m": 1.2,
    "normal_az": 141.3,
    "s1_total_h": 4.5,
    "s1_cont_h": 2.17,
    "s1_pass_a": true,
    "s1_pass_b": false,
    "s2_total_h": 4.17,
    "s2_cont_h": 1.83,
    "s2_pass_a": true,
    "s2_pass_b": false,
    "d_total_h": -0.33,
    "d_cont_h": -0.34,
    "change_cd": "keep_ok",
    "변화": "유지 충족"
   }
  },
  {
   "type": "Feature",
   "geometry": {
    "type": "Point",
    "coordinates": [
     126.93402706,
     37.52430913
    ]
   },
   "properties": {
    "pid": "여의도고등학교 ③(3층) 2층-6",
    "school": "여의도고등학교",
    "jibun": "30-1",
    "kind": "교사동 창면",
    "dong": "여의도고등학교 ③(3층)",
    "facade": "남향외벽",
    "floor": 2,
    "source": "일반식",
    "z_m": 4.7,
    "normal_az": 141.3,
    "s1_total_h": 4.83,
    "s1_cont_h": 2.17,
    "s1_pass_a": true,
    "s1_pass_b": false,
    "s2_total_h": 4.5,
    "s2_cont_h": 1.83,
    "s2_pass_a": true,
    "s2_pass_b": false,
    "d_total_h": -0.33,
    "d_cont_h": -0.34,
    "change_cd": "keep_ok",
    "변화": "유지 충족"
   }
  },
  {
   "type": "Feature",
   "geometry": {
    "type": "Point",
    "coordinates": [
     126.93402706,
     37.52430913
    ]
   },
   "properties": {
    "pid": "여의도고등학교 ③(3층) 3층-6",
    "school": "여의도고등학교",
    "jibun": "30-1",
    "kind": "교사동 창면",
    "dong": "여의도고등학교 ③(3층)",
    "facade": "남향외벽",
    "floor": 3,
    "source": "일반식",
    "z_m": 8.2,
    "normal_az": 141.3,
    "s1_total_h": 5.0,
    "s1_cont_h": 2.33,
    "s1_pass_a": true,
    "s1_pass_b": false,
    "s2_total_h": 4.83,
    "s2_cont_h": 1.83,
    "s2_pass_a": true,
    "s2_pass_b": false,
    "d_total_h": -0.17,
    "d_cont_h": -0.5,
    "change_cd": "keep_ok",
    "변화": "유지 충족"
   }
  },
  {
   "type": "Feature",
   "geometry": {
    "type": "Point",
    "coordinates": [
     126.93398141,
     37.52427996
    ]
   },
   "properties": {
    "pid": "여의도고등학교 ③(3층) 1층-7",
    "school": "여의도고등학교",
    "jibun": "30-1",
    "kind": "교사동 창면",
    "dong": "여의도고등학교 ③(3층)",
    "facade": "남향외벽",
    "floor": 1,
    "source": "일반식",
    "z_m": 1.2,
    "normal_az": 141.3,
    "s1_total_h": 4.5,
    "s1_cont_h": 1.83,
    "s1_pass_a": true,
    "s1_pass_b": false,
    "s2_total_h": 4.33,
    "s2_cont_h": 1.67,
    "s2_pass_a": true,
    "s2_pass_b": false,
    "d_total_h": -0.17,
    "d_cont_h": -0.16,
    "change_cd": "keep_ok",
    "변화": "유지 충족"
   }
  },
  {
   "type": "Feature",
   "geometry": {
    "type": "Point",
    "coordinates": [
     126.93398141,
     37.52427996
    ]
   },
   "properties": {
    "pid": "여의도고등학교 ③(3층) 2층-7",
    "school": "여의도고등학교",
    "jibun": "30-1",
    "kind": "교사동 창면",
    "dong": "여의도고등학교 ③(3층)",
    "facade": "남향외벽",
    "floor": 2,
    "source": "일반식",
    "z_m": 4.7,
    "normal_az": 141.3,
    "s1_total_h": 5.0,
    "s1_cont_h": 2.0,
    "s1_pass_a": true,
    "s1_pass_b": false,
    "s2_total_h": 4.67,
    "s2_cont_h": 1.67,
    "s2_pass_a": true,
    "s2_pass_b": false,
    "d_total_h": -0.33,
    "d_cont_h": -0.33,
    "change_cd": "keep_ok",
    "변화": "유지 충족"
   }
  },
  {
   "type": "Feature",
   "geometry": {
    "type": "Point",
    "coordinates": [
     126.93398141,
     37.52427996
    ]
   },
   "properties": {
    "pid": "여의도고등학교 ③(3층) 3층-7",
    "school": "여의도고등학교",
    "jibun": "30-1",
    "kind": "교사동 창면",
    "dong": "여의도고등학교 ③(3층)",
    "facade": "남향외벽",
    "floor": 3,
    "source": "일반식",
    "z_m": 8.2,
    "normal_az": 141.3,
    "s1_total_h": 5.0,
    "s1_cont_h": 2.0,
    "s1_pass_a": true,
    "s1_pass_b": false,
    "s2_total_h": 4.67,
    "s2_cont_h": 1.67,
    "s2_pass_a": true,
    "s2_pass_b": false,
    "d_total_h": -0.33,
    "d_cont_h": -0.33,
    "change_cd": "keep_ok",
    "변화": "유지 충족"
   }
  },
  {
   "type": "Feature",
   "geometry": {
    "type": "Point",
    "coordinates": [
     126.93393692,
     37.52430188
    ]
   },
   "properties": {
    "pid": "여의도고등학교 ③(3층) 1층-8",
    "school": "여의도고등학교",
    "jibun": "30-1",
    "kind": "교사동 창면",
    "dong": "여의도고등학교 ③(3층)",
    "facade": "남향외벽",
    "floor": 1,
    "source": "일반식",
    "z_m": 1.2,
    "normal_az": 232.4,
    "s1_total_h": 3.0,
    "s1_cont_h": 1.17,
    "s1_pass_a": false,
    "s1_pass_b": false,
    "s2_total_h": 3.0,
    "s2_cont_h": 1.17,
    "s2_pass_a": false,
    "s2_pass_b": false,
    "d_total_h": 0.0,
    "d_cont_h": 0.0,
    "change_cd": "keep_fail",
    "변화": "유지 불충족"
   }
  },
  {
   "type": "Feature",
   "geometry": {
    "type": "Point",
    "coordinates": [
     126.93393692,
     37.52430188
    ]
   },
   "properties": {
    "pid": "여의도고등학교 ③(3층) 2층-8",
    "school": "여의도고등학교",
    "jibun": "30-1",
    "kind": "교사동 창면",
    "dong": "여의도고등학교 ③(3층)",
    "facade": "남향외벽",
    "floor": 2,
    "source": "일반식",
    "z_m": 4.7,
    "normal_az": 232.4,
    "s1_total_h": 3.17,
    "s1_cont_h": 1.17,
    "s1_pass_a": false,
    "s1_pass_b": false,
    "s2_total_h": 3.17,
    "s2_cont_h": 1.17,
    "s2_pass_a": false,
    "s2_pass_b": false,
    "d_total_h": 0.0,
    "d_cont_h": 0.0,
    "change_cd": "keep_fail",
    "변화": "유지 불충족"
   }
  },
  {
   "type": "Feature",
   "geometry": {
    "type": "Point",
    "coordinates": [
     126.93393692,
     37.52430188
    ]
   },
   "properties": {
    "pid": "여의도고등학교 ③(3층) 3층-8",
    "school": "여의도고등학교",
    "jibun": "30-1",
    "kind": "교사동 창면",
    "dong": "여의도고등학교 ③(3층)",
    "facade": "남향외벽",
    "floor": 3,
    "source": "일반식",
    "z_m": 8.2,
    "normal_az": 232.4,
    "s1_total_h": 3.17,
    "s1_cont_h": 1.17,
    "s1_pass_a": false,
    "s1_pass_b": false,
    "s2_total_h": 3.17,
    "s2_cont_h": 1.17,
    "s2_pass_a": false,
    "s2_pass_b": false,
    "d_total_h": 0.0,
    "d_cont_h": 0.0,
    "change_cd": "keep_fail",
    "변화": "유지 불충족"
   }
  },
  {
   "type": "Feature",
   "geometry": {
    "type": "Point",
    "coordinates": [
     126.93390118,
     37.52433879
    ]
   },
   "properties": {
    "pid": "여의도고등학교 ③(3층) 1층-9",
    "school": "여의도고등학교",
    "jibun": "30-1",
    "kind": "교사동 창면",
    "dong": "여의도고등학교 ③(3층)",
    "facade": "남향외벽",
    "floor": 1,
    "source": "일반식",
    "z_m": 1.2,
    "normal_az": 232.4,
    "s1_total_h": 3.17,
    "s1_cont_h": 1.33,
    "s1_pass_a": false,
    "s1_pass_b": false,
    "s2_total_h": 3.17,
    "s2_cont_h": 1.33,
    "s2_pass_a": false,
    "s2_pass_b": false,
    "d_total_h": 0.0,
    "d_cont_h": 0.0,
    "change_cd": "keep_fail",
    "변화": "유지 불충족"
   }
  },
  {
   "type": "Feature",
   "geometry": {
    "type": "Point",
    "coordinates": [
     126.93390118,
     37.52433879
    ]
   },
   "properties": {
    "pid": "여의도고등학교 ③(3층) 2층-9",
    "school": "여의도고등학교",
    "jibun": "30-1",
    "kind": "교사동 창면",
    "dong": "여의도고등학교 ③(3층)",
    "facade": "남향외벽",
    "floor": 2,
    "source": "일반식",
    "z_m": 4.7,
    "normal_az": 232.4,
    "s1_total_h": 3.33,
    "s1_cont_h": 1.33,
    "s1_pass_a": false,
    "s1_pass_b": false,
    "s2_total_h": 3.33,
    "s2_cont_h": 1.33,
    "s2_pass_a": false,
    "s2_pass_b": false,
    "d_total_h": 0.0,
    "d_cont_h": 0.0,
    "change_cd": "keep_fail",
    "변화": "유지 불충족"
   }
  },
  {
   "type": "Feature",
   "geometry": {
    "type": "Point",
    "coordinates": [
     126.93390118,
     37.52433879
    ]
   },
   "properties": {
    "pid": "여의도고등학교 ③(3층) 3층-9",
    "school": "여의도고등학교",
    "jibun": "30-1",
    "kind": "교사동 창면",
    "dong": "여의도고등학교 ③(3층)",
    "facade": "남향외벽",
    "floor": 3,
    "source": "일반식",
    "z_m": 8.2,
    "normal_az": 232.4,
    "s1_total_h": 3.33,
    "s1_cont_h": 1.33,
    "s1_pass_a": false,
    "s1_pass_b": false,
    "s2_total_h": 3.33,
    "s2_cont_h": 1.33,
    "s2_pass_a": false,
    "s2_pass_b": false,
    "d_total_h": 0.0,
    "d_cont_h": 0.0,
    "change_cd": "keep_fail",
    "변화": "유지 불충족"
   }
  },
  {
   "type": "Feature",
   "geometry": {
    "type": "Point",
    "coordinates": [
     126.93386544,
     37.52437571
    ]
   },
   "properties": {
    "pid": "여의도고등학교 ③(3층) 1층-10",
    "school": "여의도고등학교",
    "jibun": "30-1",
    "kind": "교사동 창면",
    "dong": "여의도고등학교 ③(3층)",
    "facade": "남향외벽",
    "floor": 1,
    "source": "일반식",
    "z_m": 1.2,
    "normal_az": 232.4,
    "s1_total_h": 3.5,
    "s1_cont_h": 1.33,
    "s1_pass_a": false,
    "s1_pass_b": false,
    "s2_total_h": 3.5,
    "s2_cont_h": 1.33,
    "s2_pass_a": false,
    "s2_pass_b": false,
    "d_total_h": 0.0,
    "d_cont_h": 0.0,
    "change_cd": "keep_fail",
    "변화": "유지 불충족"
   }
  },
  {
   "type": "Feature",
   "geometry": {
    "type": "Point",
    "coordinates": [
     126.93386544,
     37.52437571
    ]
   },
   "properties": {
    "pid": "여의도고등학교 ③(3층) 2층-10",
    "school": "여의도고등학교",
    "jibun": "30-1",
    "kind": "교사동 창면",
    "dong": "여의도고등학교 ③(3층)",
    "facade": "남향외벽",
    "floor": 2,
    "source": "일반식",
    "z_m": 4.7,
    "normal_az": 232.4,
    "s1_total_h": 3.83,
    "s1_cont_h": 1.5,
    "s1_pass_a": false,
    "s1_pass_b": false,
    "s2_total_h": 3.83,
    "s2_cont_h": 1.5,
    "s2_pass_a": false,
    "s2_pass_b": false,
    "d_total_h": 0.0,
    "d_cont_h": 0.0,
    "change_cd": "keep_fail",
    "변화": "유지 불충족"
   }
  },
  {
   "type": "Feature",
   "geometry": {
    "type": "Point",
    "coordinates": [
     126.93386544,
     37.52437571
    ]
   },
   "properties": {
    "pid": "여의도고등학교 ③(3층) 3층-10",
    "school": "여의도고등학교",
    "jibun": "30-1",
    "kind": "교사동 창면",
    "dong": "여의도고등학교 ③(3층)",
    "facade": "남향외벽",
    "floor": 3,
    "source": "일반식",
    "z_m": 8.2,
    "normal_az": 232.4,
    "s1_total_h": 3.83,
    "s1_cont_h": 1.5,
    "s1_pass_a": false,
    "s1_pass_b": false,
    "s2_total_h": 3.83,
    "s2_cont_h": 1.5,
    "s2_pass_a": false,
    "s2_pass_b": false,
    "d_total_h": 0.0,
    "d_cont_h": 0.0,
    "change_cd": "keep_fail",
    "변화": "유지 불충족"
   }
  },
  {
   "type": "Feature",
   "geometry": {
    "type": "Point",
    "coordinates": [
     126.93375086,
     37.52414643
    ]
   },
   "properties": {
    "pid": "여의도고등학교 운동장-1",
    "school": "여의도고등학교",
    "jibun": "30-1",
    "kind": "운동장 지반",
    "dong": "여의도고등학교 운동장",
    "facade": "지반",
    "floor": 0,
    "source": "옥외지반 근사",
    "z_m": 0.0,
    "normal_az": 180.0,
    "s1_total_h": 3.33,
    "s1_cont_h": 1.5,
    "s1_pass_a": false,
    "s1_pass_b": false,
    "s2_total_h": 3.17,
    "s2_cont_h": 1.5,
    "s2_pass_a": false,
    "s2_pass_b": false,
    "d_total_h": -0.16,
    "d_cont_h": 0.0,
    "change_cd": "keep_fail",
    "변화": "유지 불충족"
   }
  },
  {
   "type": "Feature",
   "geometry": {
    "type": "Point",
    "coordinates": [
     126.93384136,
     37.52414648
    ]
   },
   "properties": {
    "pid": "여의도고등학교 운동장-2",
    "school": "여의도고등학교",
    "jibun": "30-1",
    "kind": "운동장 지반",
    "dong": "여의도고등학교 운동장",
    "facade": "지반",
    "floor": 0,
    "source": "옥외지반 근사",
    "z_m": 0.0,
    "normal_az": 180.0,
    "s1_total_h": 3.5,
    "s1_cont_h": 1.17,
    "s1_pass_a": false,
    "s1_pass_b": false,
    "s2_total_h": 3.17,
    "s2_cont_h": 1.17,
    "s2_pass_a": false,
    "s2_pass_b": false,
    "d_total_h": -0.33,
    "d_cont_h": 0.0,
    "change_cd": "keep_fail",
    "변화": "유지 불충족"
   }
  },
  {
   "type": "Feature",
   "geometry": {
    "type": "Point",
    "coordinates": [
     126.93393186,
     37.52414653
    ]
   },
   "properties": {
    "pid": "여의도고등학교 운동장-3",
    "school": "여의도고등학교",
    "jibun": "30-1",
    "kind": "운동장 지반",
    "dong": "여의도고등학교 운동장",
    "facade": "지반",
    "floor": 0,
    "source": "옥외지반 근사",
    "z_m": 0.0,
    "normal_az": 180.0,
    "s1_total_h": 3.0,
    "s1_cont_h": 1.83,
    "s1_pass_a": false,
    "s1_pass_b": false,
    "s2_total_h": 3.0,
    "s2_cont_h": 1.83,
    "s2_pass_a": false,
    "s2_pass_b": false,
    "d_total_h": 0.0,
    "d_cont_h": 0.0,
    "change_cd": "keep_fail",
    "변화": "유지 불충족"
   }
  },
  {
   "type": "Feature",
   "geometry": {
    "type": "Point",
    "coordinates": [
     126.93402236,
     37.52414658
    ]
   },
   "properties": {
    "pid": "여의도고등학교 운동장-4",
    "school": "여의도고등학교",
    "jibun": "30-1",
    "kind": "운동장 지반",
    "dong": "여의도고등학교 운동장",
    "facade": "지반",
    "floor": 0,
    "source": "옥외지반 근사",
    "z_m": 0.0,
    "normal_az": 180.0,
    "s1_total_h": 2.83,
    "s1_cont_h": 1.33,
    "s1_pass_a": false,
    "s1_pass_b": false,
    "s2_total_h": 2.83,
    "s2_cont_h": 1.33,
    "s2_pass_a": false,
    "s2_pass_b": false,
    "d_total_h": 0.0,
    "d_cont_h": 0.0,
    "change_cd": "keep_fail",
    "변화": "유지 불충족"
   }
  },
  {
   "type": "Feature",
   "geometry": {
    "type": "Point",
    "coordinates": [
     126.93411286,
     37.52414663
    ]
   },
   "properties": {
    "pid": "여의도고등학교 운동장-5",
    "school": "여의도고등학교",
    "jibun": "30-1",
    "kind": "운동장 지반",
    "dong": "여의도고등학교 운동장",
    "facade": "지반",
    "floor": 0,
    "source": "옥외지반 근사",
    "z_m": 0.0,
    "normal_az": 180.0,
    "s1_total_h": 2.33,
    "s1_cont_h": 1.67,
    "s1_pass_a": false,
    "s1_pass_b": false,
    "s2_total_h": 2.17,
    "s2_cont_h": 1.5,
    "s2_pass_a": false,
    "s2_pass_b": false,
    "d_total_h": -0.16,
    "d_cont_h": -0.17,
    "change_cd": "keep_fail",
    "변화": "유지 불충족"
   }
  },
  {
   "type": "Feature",
   "geometry": {
    "type": "Point",
    "coordinates": [
     126.93465587,
     37.52414694
    ]
   },
   "properties": {
    "pid": "여의도고등학교 운동장-6",
    "school": "여의도고등학교",
    "jibun": "30-1",
    "kind": "운동장 지반",
    "dong": "여의도고등학교 운동장",
    "facade": "지반",
    "floor": 0,
    "source": "옥외지반 근사",
    "z_m": 0.0,
    "normal_az": 180.0,
    "s1_total_h": 3.83,
    "s1_cont_h": 3.83,
    "s1_pass_a": true,
    "s1_pass_b": true,
    "s2_total_h": 3.33,
    "s2_cont_h": 2.17,
    "s2_pass_a": true,
    "s2_pass_b": false,
    "d_total_h": -0.5,
    "d_cont_h": -1.66,
    "change_cd": "keep_ok",
    "변화": "유지 충족"
   }
  },
  {
   "type": "Feature",
   "geometry": {
    "type": "Point",
    "coordinates": [
     126.93474637,
     37.52414699
    ]
   },
   "properties": {
    "pid": "여의도고등학교 운동장-7",
    "school": "여의도고등학교",
    "jibun": "30-1",
    "kind": "운동장 지반",
    "dong": "여의도고등학교 운동장",
    "facade": "지반",
    "floor": 0,
    "source": "옥외지반 근사",
    "z_m": 0.0,
    "normal_az": 180.0,
    "s1_total_h": 4.0,
    "s1_cont_h": 4.0,
    "s1_pass_a": true,
    "s1_pass_b": true,
    "s2_total_h": 3.5,
    "s2_cont_h": 2.17,
    "s2_pass_a": true,
    "s2_pass_b": true,
    "d_total_h": -0.5,
    "d_cont_h": -1.83,
    "change_cd": "keep_ok",
    "변화": "유지 충족"
   }
  },
  {
   "type": "Feature",
   "geometry": {
    "type": "Point",
    "coordinates": [
     126.9336603,
     37.52421846
    ]
   },
   "properties": {
    "pid": "여의도고등학교 운동장-8",
    "school": "여의도고등학교",
    "jibun": "30-1",
    "kind": "운동장 지반",
    "dong": "여의도고등학교 운동장",
    "facade": "지반",
    "floor": 0,
    "source": "옥외지반 근사",
    "z_m": 0.0,
    "normal_az": 180.0,
    "s1_total_h": 4.5,
    "s1_cont_h": 2.5,
    "s1_pass_a": true,
    "s1_pass_b": true,
    "s2_total_h": 4.0,
    "s2_cont_h": 2.0,
    "s2_pass_a": true,
    "s2_pass_b": true,
    "d_total_h": -0.5,
    "d_cont_h": -0.5,
    "change_cd": "keep_ok",
    "변화": "유지 충족"
   }
  },
  {
   "type": "Feature",
   "geometry": {
    "type": "Point",
    "coordinates": [
     126.9337508,
     37.52421851
    ]
   },
   "properties": {
    "pid": "여의도고등학교 운동장-9",
    "school": "여의도고등학교",
    "jibun": "30-1",
    "kind": "운동장 지반",
    "dong": "여의도고등학교 운동장",
    "facade": "지반",
    "floor": 0,
    "source": "옥외지반 근사",
    "z_m": 0.0,
    "normal_az": 180.0,
    "s1_total_h": 4.17,
    "s1_cont_h": 2.5,
    "s1_pass_a": true,
    "s1_pass_b": true,
    "s2_total_h": 3.83,
    "s2_cont_h": 2.17,
    "s2_pass_a": true,
    "s2_pass_b": true,
    "d_total_h": -0.34,
    "d_cont_h": -0.33,
    "change_cd": "keep_ok",
    "변화": "유지 충족"
   }
  },
  {
   "type": "Feature",
   "geometry": {
    "type": "Point",
    "coordinates": [
     126.9338413,
     37.52421856
    ]
   },
   "properties": {
    "pid": "여의도고등학교 운동장-10",
    "school": "여의도고등학교",
    "jibun": "30-1",
    "kind": "운동장 지반",
    "dong": "여의도고등학교 운동장",
    "facade": "지반",
    "floor": 0,
    "source": "옥외지반 근사",
    "z_m": 0.0,
    "normal_az": 180.0,
    "s1_total_h": 4.0,
    "s1_cont_h": 2.17,
    "s1_pass_a": true,
    "s1_pass_b": true,
    "s2_total_h": 4.0,
    "s2_cont_h": 2.17,
    "s2_pass_a": true,
    "s2_pass_b": true,
    "d_total_h": 0.0,
    "d_cont_h": 0.0,
    "change_cd": "keep_ok",
    "변화": "유지 충족"
   }
  },
  {
   "type": "Feature",
   "geometry": {
    "type": "Point",
    "coordinates": [
     126.9339318,
     37.52421861
    ]
   },
   "properties": {
    "pid": "여의도고등학교 운동장-11",
    "school": "여의도고등학교",
    "jibun": "30-1",
    "kind": "운동장 지반",
    "dong": "여의도고등학교 운동장",
    "facade": "지반",
    "floor": 0,
    "source": "옥외지반 근사",
    "z_m": 0.0,
    "normal_az": 180.0,
    "s1_total_h": 3.67,
    "s1_cont_h": 1.33,
    "s1_pass_a": false,
    "s1_pass_b": false,
    "s2_total_h": 3.67,
    "s2_cont_h": 1.33,
    "s2_pass_a": false,
    "s2_pass_b": false,
    "d_total_h": 0.0,
    "d_cont_h": 0.0,
    "change_cd": "keep_fail",
    "변화": "유지 불충족"
   }
  },
  {
   "type": "Feature",
   "geometry": {
    "type": "Point",
    "coordinates": [
     126.9340223,
     37.52421866
    ]
   },
   "properties": {
    "pid": "여의도고등학교 운동장-12",
    "school": "여의도고등학교",
    "jibun": "30-1",
    "kind": "운동장 지반",
    "dong": "여의도고등학교 운동장",
    "facade": "지반",
    "floor": 0,
    "source": "옥외지반 근사",
    "z_m": 0.0,
    "normal_az": 180.0,
    "s1_total_h": 3.5,
    "s1_cont_h": 1.67,
    "s1_pass_a": false,
    "s1_pass_b": false,
    "s2_total_h": 3.33,
    "s2_cont_h": 1.5,
    "s2_pass_a": false,
    "s2_pass_b": false,
    "d_total_h": -0.17,
    "d_cont_h": -0.17,
    "change_cd": "keep_fail",
    "변화": "유지 불충족"
   }
  },
  {
   "type": "Feature",
   "geometry": {
    "type": "Point",
    "coordinates": [
     126.9341128,
     37.52421871
    ]
   },
   "properties": {
    "pid": "여의도고등학교 운동장-13",
    "school": "여의도고등학교",
    "jibun": "30-1",
    "kind": "운동장 지반",
    "dong": "여의도고등학교 운동장",
    "facade": "지반",
    "floor": 0,
    "source": "옥외지반 근사",
    "z_m": 0.0,
    "normal_az": 180.0,
    "s1_total_h": 3.17,
    "s1_cont_h": 2.17,
    "s1_pass_a": true,
    "s1_pass_b": false,
    "s2_total_h": 2.83,
    "s2_cont_h": 1.83,
    "s2_pass_a": false,
    "s2_pass_b": false,
    "d_total_h": -0.34,
    "d_cont_h": -0.34,
    "change_cd": "new_fail",
    "변화": "신규 불충족"
   }
  },
  {
   "type": "Feature",
   "geometry": {
    "type": "Point",
    "coordinates": [
     126.9342033,
     37.52421876
    ]
   },
   "properties": {
    "pid": "여의도고등학교 운동장-14",
    "school": "여의도고등학교",
    "jibun": "30-1",
    "kind": "운동장 지반",
    "dong": "여의도고등학교 운동장",
    "facade": "지반",
    "floor": 0,
    "source": "옥외지반 근사",
    "z_m": 0.0,
    "normal_az": 180.0,
    "s1_total_h": 3.17,
    "s1_cont_h": 2.33,
    "s1_pass_a": true,
    "s1_pass_b": false,
    "s2_total_h": 2.5,
    "s2_cont_h": 1.67,
    "s2_pass_a": false,
    "s2_pass_b": false,
    "d_total_h": -0.67,
    "d_cont_h": -0.66,
    "change_cd": "new_fail",
    "변화": "신규 불충족"
   }
  },
  {
   "type": "Feature",
   "geometry": {
    "type": "Point",
    "coordinates": [
     126.9342938,
     37.52421881
    ]
   },
   "properties": {
    "pid": "여의도고등학교 운동장-15",
    "school": "여의도고등학교",
    "jibun": "30-1",
    "kind": "운동장 지반",
    "dong": "여의도고등학교 운동장",
    "facade": "지반",
    "floor": 0,
    "source": "옥외지반 근사",
    "z_m": 0.0,
    "normal_az": 180.0,
    "s1_total_h": 3.17,
    "s1_cont_h": 2.67,
    "s1_pass_a": true,
    "s1_pass_b": true,
    "s2_total_h": 2.67,
    "s2_cont_h": 1.83,
    "s2_pass_a": false,
    "s2_pass_b": false,
    "d_total_h": -0.5,
    "d_cont_h": -0.84,
    "change_cd": "new_fail",
    "변화": "신규 불충족"
   }
  },
  {
   "type": "Feature",
   "geometry": {
    "type": "Point",
    "coordinates": [
     126.9343843,
     37.52421886
    ]
   },
   "properties": {
    "pid": "여의도고등학교 운동장-16",
    "school": "여의도고등학교",
    "jibun": "30-1",
    "kind": "운동장 지반",
    "dong": "여의도고등학교 운동장",
    "facade": "지반",
    "floor": 0,
    "source": "옥외지반 근사",
    "z_m": 0.0,
    "normal_az": 180.0,
    "s1_total_h": 3.0,
    "s1_cont_h": 3.0,
    "s1_pass_a": true,
    "s1_pass_b": true,
    "s2_total_h": 2.5,
    "s2_cont_h": 2.0,
    "s2_pass_a": true,
    "s2_pass_b": false,
    "d_total_h": -0.5,
    "d_cont_h": -1.0,
    "change_cd": "keep_ok",
    "변화": "유지 충족"
   }
  },
  {
   "type": "Feature",
   "geometry": {
    "type": "Point",
    "coordinates": [
     126.9344748,
     37.52421892
    ]
   },
   "properties": {
    "pid": "여의도고등학교 운동장-17",
    "school": "여의도고등학교",
    "jibun": "30-1",
    "kind": "운동장 지반",
    "dong": "여의도고등학교 운동장",
    "facade": "지반",
    "floor": 0,
    "source": "옥외지반 근사",
    "z_m": 0.0,
    "normal_az": 180.0,
    "s1_total_h": 3.33,
    "s1_cont_h": 3.33,
    "s1_pass_a": true,
    "s1_pass_b": true,
    "s2_total_h": 2.83,
    "s2_cont_h": 2.0,
    "s2_pass_a": true,
    "s2_pass_b": false,
    "d_total_h": -0.5,
    "d_cont_h": -1.33,
    "change_cd": "keep_ok",
    "변화": "유지 충족"
   }
  },
  {
   "type": "Feature",
   "geometry": {
    "type": "Point",
    "coordinates": [
     126.9345653,
     37.52421897
    ]
   },
   "properties": {
    "pid": "여의도고등학교 운동장-18",
    "school": "여의도고등학교",
    "jibun": "30-1",
    "kind": "운동장 지반",
    "dong": "여의도고등학교 운동장",
    "facade": "지반",
    "floor": 0,
    "source": "옥외지반 근사",
    "z_m": 0.0,
    "normal_az": 180.0,
    "s1_total_h": 3.67,
    "s1_cont_h": 3.67,
    "s1_pass_a": true,
    "s1_pass_b": true,
    "s2_total_h": 3.17,
    "s2_cont_h": 2.0,
    "s2_pass_a": true,
    "s2_pass_b": false,
    "d_total_h": -0.5,
    "d_cont_h": -1.67,
    "change_cd": "keep_ok",
    "변화": "유지 충족"
   }
  },
  {
   "type": "Feature",
   "geometry": {
    "type": "Point",
    "coordinates": [
     126.93465581,
     37.52421902
    ]
   },
   "properties": {
    "pid": "여의도고등학교 운동장-19",
    "school": "여의도고등학교",
    "jibun": "30-1",
    "kind": "운동장 지반",
    "dong": "여의도고등학교 운동장",
    "facade": "지반",
    "floor": 0,
    "source": "옥외지반 근사",
    "z_m": 0.0,
    "normal_az": 180.0,
    "s1_total_h": 4.17,
    "s1_cont_h": 4.17,
    "s1_pass_a": true,
    "s1_pass_b": true,
    "s2_total_h": 3.83,
    "s2_cont_h": 2.17,
    "s2_pass_a": true,
    "s2_pass_b": false,
    "d_total_h": -0.34,
    "d_cont_h": -2.0,
    "change_cd": "keep_ok",
    "변화": "유지 충족"
   }
  },
  {
   "type": "Feature",
   "geometry": {
    "type": "Point",
    "coordinates": [
     126.93474631,
     37.52421907
    ]
   },
   "properties": {
    "pid": "여의도고등학교 운동장-20",
    "school": "여의도고등학교",
    "jibun": "30-1",
    "kind": "운동장 지반",
    "dong": "여의도고등학교 운동장",
    "facade": "지반",
    "floor": 0,
    "source": "옥외지반 근사",
    "z_m": 0.0,
    "normal_az": 180.0,
    "s1_total_h": 4.5,
    "s1_cont_h": 4.5,
    "s1_pass_a": true,
    "s1_pass_b": true,
    "s2_total_h": 4.17,
    "s2_cont_h": 2.33,
    "s2_pass_a": true,
    "s2_pass_b": true,
    "d_total_h": -0.33,
    "d_cont_h": -2.17,
    "change_cd": "keep_ok",
    "변화": "유지 충족"
   }
  },
  {
   "type": "Feature",
   "geometry": {
    "type": "Point",
    "coordinates": [
     126.93366023,
     37.52429054
    ]
   },
   "properties": {
    "pid": "여의도고등학교 운동장-21",
    "school": "여의도고등학교",
    "jibun": "30-1",
    "kind": "운동장 지반",
    "dong": "여의도고등학교 운동장",
    "facade": "지반",
    "floor": 0,
    "source": "옥외지반 근사",
    "z_m": 0.0,
    "normal_az": 180.0,
    "s1_total_h": 4.83,
    "s1_cont_h": 2.5,
    "s1_pass_a": true,
    "s1_pass_b": true,
    "s2_total_h": 4.5,
    "s2_cont_h": 2.17,
    "s2_pass_a": true,
    "s2_pass_b": true,
    "d_total_h": -0.33,
    "d_cont_h": -0.33,
    "change_cd": "keep_ok",
    "변화": "유지 충족"
   }
  },
  {
   "type": "Feature",
   "geometry": {
    "type": "Point",
    "coordinates": [
     126.93375073,
     37.52429059
    ]
   },
   "properties": {
    "pid": "여의도고등학교 운동장-22",
    "school": "여의도고등학교",
    "jibun": "30-1",
    "kind": "운동장 지반",
    "dong": "여의도고등학교 운동장",
    "facade": "지반",
    "floor": 0,
    "source": "옥외지반 근사",
    "z_m": 0.0,
    "normal_az": 180.0,
    "s1_total_h": 4.83,
    "s1_cont_h": 2.17,
    "s1_pass_a": true,
    "s1_pass_b": true,
    "s2_total_h": 4.83,
    "s2_cont_h": 2.17,
    "s2_pass_a": true,
    "s2_pass_b": true,
    "d_total_h": 0.0,
    "d_cont_h": 0.0,
    "change_cd": "keep_ok",
    "변화": "유지 충족"
   }
  },
  {
   "type": "Feature",
   "geometry": {
    "type": "Point",
    "coordinates": [
     126.93384123,
     37.52429064
    ]
   },
   "properties": {
    "pid": "여의도고등학교 운동장-23",
    "school": "여의도고등학교",
    "jibun": "30-1",
    "kind": "운동장 지반",
    "dong": "여의도고등학교 운동장",
    "facade": "지반",
    "floor": 0,
    "source": "옥외지반 근사",
    "z_m": 0.0,
    "normal_az": 180.0,
    "s1_total_h": 5.0,
    "s1_cont_h": 1.83,
    "s1_pass_a": true,
    "s1_pass_b": false,
    "s2_total_h": 5.0,
    "s2_cont_h": 1.83,
    "s2_pass_a": true,
    "s2_pass_b": false,
    "d_total_h": 0.0,
    "d_cont_h": 0.0,
    "change_cd": "keep_ok",
    "변화": "유지 충족"
   }
  },
  {
   "type": "Feature",
   "geometry": {
    "type": "Point",
    "coordinates": [
     126.93393174,
     37.52429069
    ]
   },
   "properties": {
    "pid": "여의도고등학교 운동장-24",
    "school": "여의도고등학교",
    "jibun": "30-1",
    "kind": "운동장 지반",
    "dong": "여의도고등학교 운동장",
    "facade": "지반",
    "floor": 0,
    "source": "옥외지반 근사",
    "z_m": 0.0,
    "normal_az": 180.0,
    "s1_total_h": 4.5,
    "s1_cont_h": 1.83,
    "s1_pass_a": true,
    "s1_pass_b": false,
    "s2_total_h": 4.33,
    "s2_cont_h": 1.67,
    "s2_pass_a": true,
    "s2_pass_b": false,
    "d_total_h": -0.17,
    "d_cont_h": -0.16,
    "change_cd": "keep_ok",
    "변화": "유지 충족"
   }
  },
  {
   "type": "Feature",
   "geometry": {
    "type": "Point",
    "coordinates": [
     126.93402224,
     37.52429074
    ]
   },
   "properties": {
    "pid": "여의도고등학교 운동장-25",
    "school": "여의도고등학교",
    "jibun": "30-1",
    "kind": "운동장 지반",
    "dong": "여의도고등학교 운동장",
    "facade": "지반",
    "floor": 0,
    "source": "옥외지반 근사",
    "z_m": 0.0,
    "normal_az": 180.0,
    "s1_total_h": 4.17,
    "s1_cont_h": 2.0,
    "s1_pass_a": true,
    "s1_pass_b": false,
    "s2_total_h": 3.83,
    "s2_cont_h": 1.67,
    "s2_pass_a": false,
    "s2_pass_b": false,
    "d_total_h": -0.34,
    "d_cont_h": -0.33,
    "change_cd": "new_fail",
    "변화": "신규 불충족"
   }
  },
  {
   "type": "Feature",
   "geometry": {
    "type": "Point",
    "coordinates": [
     126.93411274,
     37.52429079
    ]
   },
   "properties": {
    "pid": "여의도고등학교 운동장-26",
    "school": "여의도고등학교",
    "jibun": "30-1",
    "kind": "운동장 지반",
    "dong": "여의도고등학교 운동장",
    "facade": "지반",
    "floor": 0,
    "source": "옥외지반 근사",
    "z_m": 0.0,
    "normal_az": 180.0,
    "s1_total_h": 3.83,
    "s1_cont_h": 2.17,
    "s1_pass_a": true,
    "s1_pass_b": false,
    "s2_total_h": 3.33,
    "s2_cont_h": 1.67,
    "s2_pass_a": false,
    "s2_pass_b": false,
    "d_total_h": -0.5,
    "d_cont_h": -0.5,
    "change_cd": "new_fail",
    "변화": "신규 불충족"
   }
  },
  {
   "type": "Feature",
   "geometry": {
    "type": "Point",
    "coordinates": [
     126.93420324,
     37.52429084
    ]
   },
   "properties": {
    "pid": "여의도고등학교 운동장-27",
    "school": "여의도고등학교",
    "jibun": "30-1",
    "kind": "운동장 지반",
    "dong": "여의도고등학교 운동장",
    "facade": "지반",
    "floor": 0,
    "source": "옥외지반 근사",
    "z_m": 0.0,
    "normal_az": 180.0,
    "s1_total_h": 4.0,
    "s1_cont_h": 2.5,
    "s1_pass_a": true,
    "s1_pass_b": true,
    "s2_total_h": 3.5,
    "s2_cont_h": 1.83,
    "s2_pass_a": false,
    "s2_pass_b": false,
    "d_total_h": -0.5,
    "d_cont_h": -0.67,
    "change_cd": "new_fail",
    "변화": "신규 불충족"
   }
  },
  {
   "type": "Feature",
   "geometry": {
    "type": "Point",
    "coordinates": [
     126.93429374,
     37.52429089
    ]
   },
   "properties": {
    "pid": "여의도고등학교 운동장-28",
    "school": "여의도고등학교",
    "jibun": "30-1",
    "kind": "운동장 지반",
    "dong": "여의도고등학교 운동장",
    "facade": "지반",
    "floor": 0,
    "source": "옥외지반 근사",
    "z_m": 0.0,
    "normal_az": 180.0,
    "s1_total_h": 4.0,
    "s1_cont_h": 3.0,
    "s1_pass_a": true,
    "s1_pass_b": true,
    "s2_total_h": 3.67,
    "s2_cont_h": 2.0,
    "s2_pass_a": true,
    "s2_pass_b": false,
    "d_total_h": -0.33,
    "d_cont_h": -1.0,
    "change_cd": "keep_ok",
    "변화": "유지 충족"
   }
  },
  {
   "type": "Feature",
   "geometry": {
    "type": "Point",
    "coordinates": [
     126.93438424,
     37.52429094
    ]
   },
   "properties": {
    "pid": "여의도고등학교 운동장-29",
    "school": "여의도고등학교",
    "jibun": "30-1",
    "kind": "운동장 지반",
    "dong": "여의도고등학교 운동장",
    "facade": "지반",
    "floor": 0,
    "source": "옥외지반 근사",
    "z_m": 0.0,
    "normal_az": 180.0,
    "s1_total_h": 3.83,
    "s1_cont_h": 3.33,
    "s1_pass_a": true,
    "s1_pass_b": true,
    "s2_total_h": 3.5,
    "s2_cont_h": 2.0,
    "s2_pass_a": true,
    "s2_pass_b": false,
    "d_total_h": -0.33,
    "d_cont_h": -1.33,
    "change_cd": "keep_ok",
    "변화": "유지 충족"
   }
  },
  {
   "type": "Feature",
   "geometry": {
    "type": "Point",
    "coordinates": [
     126.93447474,
     37.524291
    ]
   },
   "properties": {
    "pid": "여의도고등학교 운동장-30",
    "school": "여의도고등학교",
    "jibun": "30-1",
    "kind": "운동장 지반",
    "dong": "여의도고등학교 운동장",
    "facade": "지반",
    "floor": 0,
    "source": "옥외지반 근사",
    "z_m": 0.0,
    "normal_az": 180.0,
    "s1_total_h": 4.0,
    "s1_cont_h": 3.83,
    "s1_pass_a": true,
    "s1_pass_b": true,
    "s2_total_h": 3.67,
    "s2_cont_h": 2.17,
    "s2_pass_a": true,
    "s2_pass_b": false,
    "d_total_h": -0.33,
    "d_cont_h": -1.66,
    "change_cd": "keep_ok",
    "변화": "유지 충족"
   }
  },
  {
   "type": "Feature",
   "geometry": {
    "type": "Point",
    "coordinates": [
     126.93456524,
     37.52429105
    ]
   },
   "properties": {
    "pid": "여의도고등학교 운동장-31",
    "school": "여의도고등학교",
    "jibun": "30-1",
    "kind": "운동장 지반",
    "dong": "여의도고등학교 운동장",
    "facade": "지반",
    "floor": 0,
    "source": "옥외지반 근사",
    "z_m": 0.0,
    "normal_az": 180.0,
    "s1_total_h": 4.0,
    "s1_cont_h": 4.0,
    "s1_pass_a": true,
    "s1_pass_b": true,
    "s2_total_h": 3.83,
    "s2_cont_h": 2.17,
    "s2_pass_a": true,
    "s2_pass_b": false,
    "d_total_h": -0.17,
    "d_cont_h": -1.83,
    "change_cd": "keep_ok",
    "변화": "유지 충족"
   }
  },
  {
   "type": "Feature",
   "geometry": {
    "type": "Point",
    "coordinates": [
     126.93465574,
     37.5242911
    ]
   },
   "properties": {
    "pid": "여의도고등학교 운동장-32",
    "school": "여의도고등학교",
    "jibun": "30-1",
    "kind": "운동장 지반",
    "dong": "여의도고등학교 운동장",
    "facade": "지반",
    "floor": 0,
    "source": "옥외지반 근사",
    "z_m": 0.0,
    "normal_az": 180.0,
    "s1_total_h": 4.5,
    "s1_cont_h": 4.33,
    "s1_pass_a": true,
    "s1_pass_b": true,
    "s2_total_h": 4.5,
    "s2_cont_h": 4.33,
    "s2_pass_a": true,
    "s2_pass_b": true,
    "d_total_h": 0.0,
    "d_cont_h": 0.0,
    "change_cd": "keep_ok",
    "변화": "유지 충족"
   }
  },
  {
   "type": "Feature",
   "geometry": {
    "type": "Point",
    "coordinates": [
     126.93474624,
     37.52429115
    ]
   },
   "properties": {
    "pid": "여의도고등학교 운동장-33",
    "school": "여의도고등학교",
    "jibun": "30-1",
    "kind": "운동장 지반",
    "dong": "여의도고등학교 운동장",
    "facade": "지반",
    "floor": 0,
    "source": "옥외지반 근사",
    "z_m": 0.0,
    "normal_az": 180.0,
    "s1_total_h": 4.83,
    "s1_cont_h": 4.83,
    "s1_pass_a": true,
    "s1_pass_b": true,
    "s2_total_h": 4.67,
    "s2_cont_h": 2.5,
    "s2_pass_a": true,
    "s2_pass_b": true,
    "d_total_h": -0.16,
    "d_cont_h": -2.33,
    "change_cd": "keep_ok",
    "변화": "유지 충족"
   }
  },
  {
   "type": "Feature",
   "geometry": {
    "type": "Point",
    "coordinates": [
     126.93483674,
     37.5242912
    ]
   },
   "properties": {
    "pid": "여의도고등학교 운동장-34",
    "school": "여의도고등학교",
    "jibun": "30-1",
    "kind": "운동장 지반",
    "dong": "여의도고등학교 운동장",
    "facade": "지반",
    "floor": 0,
    "source": "옥외지반 근사",
    "z_m": 0.0,
    "normal_az": 180.0,
    "s1_total_h": 5.0,
    "s1_cont_h": 5.0,
    "s1_pass_a": true,
    "s1_pass_b": true,
    "s2_total_h": 5.0,
    "s2_cont_h": 5.0,
    "s2_pass_a": true,
    "s2_pass_b": true,
    "d_total_h": 0.0,
    "d_cont_h": 0.0,
    "change_cd": "keep_ok",
    "변화": "유지 충족"
   }
  },
  {
   "type": "Feature",
   "geometry": {
    "type": "Point",
    "coordinates": [
     126.93366017,
     37.52436262
    ]
   },
   "properties": {
    "pid": "여의도고등학교 운동장-35",
    "school": "여의도고등학교",
    "jibun": "30-1",
    "kind": "운동장 지반",
    "dong": "여의도고등학교 운동장",
    "facade": "지반",
    "floor": 0,
    "source": "옥외지반 근사",
    "z_m": 0.0,
    "normal_az": 180.0,
    "s1_total_h": 5.17,
    "s1_cont_h": 2.17,
    "s1_pass_a": true,
    "s1_pass_b": true,
    "s2_total_h": 5.17,
    "s2_cont_h": 2.17,
    "s2_pass_a": true,
    "s2_pass_b": true,
    "d_total_h": 0.0,
    "d_cont_h": 0.0,
    "change_cd": "keep_ok",
    "변화": "유지 충족"
   }
  },
  {
   "type": "Feature",
   "geometry": {
    "type": "Point",
    "coordinates": [
     126.93375067,
     37.52436267
    ]
   },
   "properties": {
    "pid": "여의도고등학교 운동장-36",
    "school": "여의도고등학교",
    "jibun": "30-1",
    "kind": "운동장 지반",
    "dong": "여의도고등학교 운동장",
    "facade": "지반",
    "floor": 0,
    "source": "옥외지반 근사",
    "z_m": 0.0,
    "normal_az": 180.0,
    "s1_total_h": 5.17,
    "s1_cont_h": 1.83,
    "s1_pass_a": true,
    "s1_pass_b": false,
    "s2_total_h": 5.17,
    "s2_cont_h": 1.83,
    "s2_pass_a": true,
    "s2_pass_b": false,
    "d_total_h": 0.0,
    "d_cont_h": 0.0,
    "change_cd": "keep_ok",
    "변화": "유지 충족"
   }
  },
  {
   "type": "Feature",
   "geometry": {
    "type": "Point",
    "coordinates": [
     126.93384117,
     37.52436272
    ]
   },
   "properties": {
    "pid": "여의도고등학교 운동장-37",
    "school": "여의도고등학교",
    "jibun": "30-1",
    "kind": "운동장 지반",
    "dong": "여의도고등학교 운동장",
    "facade": "지반",
    "floor": 0,
    "source": "옥외지반 근사",
    "z_m": 0.0,
    "normal_az": 180.0,
    "s1_total_h": 4.67,
    "s1_cont_h": 1.5,
    "s1_pass_a": true,
    "s1_pass_b": false,
    "s2_total_h": 4.67,
    "s2_cont_h": 1.5,
    "s2_pass_a": true,
    "s2_pass_b": false,
    "d_total_h": 0.0,
    "d_cont_h": 0.0,
    "change_cd": "keep_ok",
    "변화": "유지 충족"
   }
  },
  {
   "type": "Feature",
   "geometry": {
    "type": "Point",
    "coordinates": [
     126.93420317,
     37.52436292
    ]
   },
   "properties": {
    "pid": "여의도고등학교 운동장-38",
    "school": "여의도고등학교",
    "jibun": "30-1",
    "kind": "운동장 지반",
    "dong": "여의도고등학교 운동장",
    "facade": "지반",
    "floor": 0,
    "source": "옥외지반 근사",
    "z_m": 0.0,
    "normal_az": 180.0,
    "s1_total_h": 4.67,
    "s1_cont_h": 2.83,
    "s1_pass_a": true,
    "s1_pass_b": true,
    "s2_total_h": 4.33,
    "s2_cont_h": 1.83,
    "s2_pass_a": true,
    "s2_pass_b": false,
    "d_total_h": -0.34,
    "d_cont_h": -1.0,
    "change_cd": "keep_ok",
    "변화": "유지 충족"
   }
  },
  {
   "type": "Feature",
   "geometry": {
    "type": "Point",
    "coordinates": [
     126.93429368,
     37.52436297
    ]
   },
   "properties": {
    "pid": "여의도고등학교 운동장-39",
    "school": "여의도고등학교",
    "jibun": "30-1",
    "kind": "운동장 지반",
    "dong": "여의도고등학교 운동장",
    "facade": "지반",
    "floor": 0,
    "source": "옥외지반 근사",
    "z_m": 0.0,
    "normal_az": 180.0,
    "s1_total_h": 4.83,
    "s1_cont_h": 3.33,
    "s1_pass_a": true,
    "s1_pass_b": true,
    "s2_total_h": 4.67,
    "s2_cont_h": 2.0,
    "s2_pass_a": true,
    "s2_pass_b": false,
    "d_total_h": -0.16,
    "d_cont_h": -1.33,
    "change_cd": "keep_ok",
    "변화": "유지 충족"
   }
  },
  {
   "type": "Feature",
   "geometry": {
    "type": "Point",
    "coordinates": [
     126.93438418,
     37.52436303
    ]
   },
   "properties": {
    "pid": "여의도고등학교 운동장-40",
    "school": "여의도고등학교",
    "jibun": "30-1",
    "kind": "운동장 지반",
    "dong": "여의도고등학교 운동장",
    "facade": "지반",
    "floor": 0,
    "source": "옥외지반 근사",
    "z_m": 0.0,
    "normal_az": 180.0,
    "s1_total_h": 4.67,
    "s1_cont_h": 3.67,
    "s1_pass_a": true,
    "s1_pass_b": true,
    "s2_total_h": 4.67,
    "s2_cont_h": 3.67,
    "s2_pass_a": true,
    "s2_pass_b": true,
    "d_total_h": 0.0,
    "d_cont_h": 0.0,
    "change_cd": "keep_ok",
    "변화": "유지 충족"
   }
  },
  {
   "type": "Feature",
   "geometry": {
    "type": "Point",
    "coordinates": [
     126.93447468,
     37.52436308
    ]
   },
   "properties": {
    "pid": "여의도고등학교 운동장-41",
    "school": "여의도고등학교",
    "jibun": "30-1",
    "kind": "운동장 지반",
    "dong": "여의도고등학교 운동장",
    "facade": "지반",
    "floor": 0,
    "source": "옥외지반 근사",
    "z_m": 0.0,
    "normal_az": 180.0,
    "s1_total_h": 4.67,
    "s1_cont_h": 4.17,
    "s1_pass_a": true,
    "s1_pass_b": true,
    "s2_total_h": 4.5,
    "s2_cont_h": 2.17,
    "s2_pass_a": true,
    "s2_pass_b": false,
    "d_total_h": -0.17,
    "d_cont_h": -2.0,
    "change_cd": "keep_ok",
    "변화": "유지 충족"
   }
  },
  {
   "type": "Feature",
   "geometry": {
    "type": "Point",
    "coordinates": [
     126.93456518,
     37.52436313
    ]
   },
   "properties": {
    "pid": "여의도고등학교 운동장-42",
    "school": "여의도고등학교",
    "jibun": "30-1",
    "kind": "운동장 지반",
    "dong": "여의도고등학교 운동장",
    "facade": "지반",
    "floor": 0,
    "source": "옥외지반 근사",
    "z_m": 0.0,
    "normal_az": 180.0,
    "s1_total_h": 5.0,
    "s1_cont_h": 4.67,
    "s1_pass_a": true,
    "s1_pass_b": true,
    "s2_total_h": 5.0,
    "s2_cont_h": 4.67,
    "s2_pass_a": true,
    "s2_pass_b": true,
    "d_total_h": 0.0,
    "d_cont_h": 0.0,
    "change_cd": "keep_ok",
    "변화": "유지 충족"
   }
  },
  {
   "type": "Feature",
   "geometry": {
    "type": "Point",
    "coordinates": [
     126.93465568,
     37.52436318
    ]
   },
   "properties": {
    "pid": "여의도고등학교 운동장-43",
    "school": "여의도고등학교",
    "jibun": "30-1",
    "kind": "운동장 지반",
    "dong": "여의도고등학교 운동장",
    "facade": "지반",
    "floor": 0,
    "source": "옥외지반 근사",
    "z_m": 0.0,
    "normal_az": 180.0,
    "s1_total_h": 4.83,
    "s1_cont_h": 4.83,
    "s1_pass_a": true,
    "s1_pass_b": true,
    "s2_total_h": 4.83,
    "s2_cont_h": 4.83,
    "s2_pass_a": true,
    "s2_pass_b": true,
    "d_total_h": 0.0,
    "d_cont_h": 0.0,
    "change_cd": "keep_ok",
    "변화": "유지 충족"
   }
  },
  {
   "type": "Feature",
   "geometry": {
    "type": "Point",
    "coordinates": [
     126.93474618,
     37.52436323
    ]
   },
   "properties": {
    "pid": "여의도고등학교 운동장-44",
    "school": "여의도고등학교",
    "jibun": "30-1",
    "kind": "운동장 지반",
    "dong": "여의도고등학교 운동장",
    "facade": "지반",
    "floor": 0,
    "source": "옥외지반 근사",
    "z_m": 0.0,
    "normal_az": 180.0,
    "s1_total_h": 5.17,
    "s1_cont_h": 5.17,
    "s1_pass_a": true,
    "s1_pass_b": true,
    "s2_total_h": 5.17,
    "s2_cont_h": 5.17,
    "s2_pass_a": true,
    "s2_pass_b": true,
    "d_total_h": 0.0,
    "d_cont_h": 0.0,
    "change_cd": "keep_ok",
    "변화": "유지 충족"
   }
  },
  {
   "type": "Feature",
   "geometry": {
    "type": "Point",
    "coordinates": [
     126.93483668,
     37.52436328
    ]
   },
   "properties": {
    "pid": "여의도고등학교 운동장-45",
    "school": "여의도고등학교",
    "jibun": "30-1",
    "kind": "운동장 지반",
    "dong": "여의도고등학교 운동장",
    "facade": "지반",
    "floor": 0,
    "source": "옥외지반 근사",
    "z_m": 0.0,
    "normal_az": 180.0,
    "s1_total_h": 5.33,
    "s1_cont_h": 5.33,
    "s1_pass_a": true,
    "s1_pass_b": true,
    "s2_total_h": 5.33,
    "s2_cont_h": 5.33,
    "s2_pass_a": true,
    "s2_pass_b": true,
    "d_total_h": 0.0,
    "d_cont_h": 0.0,
    "change_cd": "keep_ok",
    "변화": "유지 충족"
   }
  },
  {
   "type": "Feature",
   "geometry": {
    "type": "Point",
    "coordinates": [
     126.9335696,
     37.52443465
    ]
   },
   "properties": {
    "pid": "여의도고등학교 운동장-46",
    "school": "여의도고등학교",
    "jibun": "30-1",
    "kind": "운동장 지반",
    "dong": "여의도고등학교 운동장",
    "facade": "지반",
    "floor": 0,
    "source": "옥외지반 근사",
    "z_m": 0.0,
    "normal_az": 180.0,
    "s1_total_h": 5.0,
    "s1_cont_h": 2.17,
    "s1_pass_a": true,
    "s1_pass_b": true,
    "s2_total_h": 4.83,
    "s2_cont_h": 2.0,
    "s2_pass_a": true,
    "s2_pass_b": true,
    "d_total_h": -0.17,
    "d_cont_h": -0.17,
    "change_cd": "keep_ok",
    "변화": "유지 충족"
   }
  },
  {
   "type": "Feature",
   "geometry": {
    "type": "Point",
    "coordinates": [
     126.9336601,
     37.5244347
    ]
   },
   "properties": {
    "pid": "여의도고등학교 운동장-47",
    "school": "여의도고등학교",
    "jibun": "30-1",
    "kind": "운동장 지반",
    "dong": "여의도고등학교 운동장",
    "facade": "지반",
    "floor": 0,
    "source": "옥외지반 근사",
    "z_m": 0.0,
    "normal_az": 180.0,
    "s1_total_h": 5.17,
    "s1_cont_h": 1.83,
    "s1_pass_a": true,
    "s1_pass_b": false,
    "s2_total_h": 5.17,
    "s2_cont_h": 1.83,
    "s2_pass_a": true,
    "s2_pass_b": false,
    "d_total_h": 0.0,
    "d_cont_h": 0.0,
    "change_cd": "keep_ok",
    "변화": "유지 충족"
   }
  },
  {
   "type": "Feature",
   "geometry": {
    "type": "Point",
    "coordinates": [
     126.93375061,
     37.52443475
    ]
   },
   "properties": {
    "pid": "여의도고등학교 운동장-48",
    "school": "여의도고등학교",
    "jibun": "30-1",
    "kind": "운동장 지반",
    "dong": "여의도고등학교 운동장",
    "facade": "지반",
    "floor": 0,
    "source": "옥외지반 근사",
    "z_m": 0.0,
    "normal_az": 180.0,
    "s1_total_h": 4.67,
    "s1_cont_h": 1.67,
    "s1_pass_a": true,
    "s1_pass_b": false,
    "s2_total_h": 4.67,
    "s2_cont_h": 1.67,
    "s2_pass_a": true,
    "s2_pass_b": false,
    "d_total_h": 0.0,
    "d_cont_h": 0.0,
    "change_cd": "keep_ok",
    "변화": "유지 충족"
   }
  },
  {
   "type": "Feature",
   "geometry": {
    "type": "Point",
    "coordinates": [
     126.93384111,
     37.5244348
    ]
   },
   "properties": {
    "pid": "여의도고등학교 운동장-49",
    "school": "여의도고등학교",
    "jibun": "30-1",
    "kind": "운동장 지반",
    "dong": "여의도고등학교 운동장",
    "facade": "지반",
    "floor": 0,
    "source": "옥외지반 근사",
    "z_m": 0.0,
    "normal_az": 180.0,
    "s1_total_h": 3.17,
    "s1_cont_h": 1.33,
    "s1_pass_a": false,
    "s1_pass_b": false,
    "s2_total_h": 3.17,
    "s2_cont_h": 1.33,
    "s2_pass_a": false,
    "s2_pass_b": false,
    "d_total_h": 0.0,
    "d_cont_h": 0.0,
    "change_cd": "keep_fail",
    "변화": "유지 불충족"
   }
  },
  {
   "type": "Feature",
   "geometry": {
    "type": "Point",
    "coordinates": [
     126.93429361,
     37.52443505
    ]
   },
   "properties": {
    "pid": "여의도고등학교 운동장-50",
    "school": "여의도고등학교",
    "jibun": "30-1",
    "kind": "운동장 지반",
    "dong": "여의도고등학교 운동장",
    "facade": "지반",
    "floor": 0,
    "source": "옥외지반 근사",
    "z_m": 0.0,
    "normal_az": 180.0,
    "s1_total_h": 5.17,
    "s1_cont_h": 3.67,
    "s1_pass_a": true,
    "s1_pass_b": true,
    "s2_total_h": 5.17,
    "s2_cont_h": 3.67,
    "s2_pass_a": true,
    "s2_pass_b": true,
    "d_total_h": 0.0,
    "d_cont_h": 0.0,
    "change_cd": "keep_ok",
    "변화": "유지 충족"
   }
  },
  {
   "type": "Feature",
   "geometry": {
    "type": "Point",
    "coordinates": [
     126.93438411,
     37.52443511
    ]
   },
   "properties": {
    "pid": "여의도고등학교 운동장-51",
    "school": "여의도고등학교",
    "jibun": "30-1",
    "kind": "운동장 지반",
    "dong": "여의도고등학교 운동장",
    "facade": "지반",
    "floor": 0,
    "source": "옥외지반 근사",
    "z_m": 0.0,
    "normal_az": 180.0,
    "s1_total_h": 5.5,
    "s1_cont_h": 4.17,
    "s1_pass_a": true,
    "s1_pass_b": true,
    "s2_total_h": 5.5,
    "s2_cont_h": 4.17,
    "s2_pass_a": true,
    "s2_pass_b": true,
    "d_total_h": 0.0,
    "d_cont_h": 0.0,
    "change_cd": "keep_ok",
    "변화": "유지 충족"
   }
  },
  {
   "type": "Feature",
   "geometry": {
    "type": "Point",
    "coordinates": [
     126.93447461,
     37.52443516
    ]
   },
   "properties": {
    "pid": "여의도고등학교 운동장-52",
    "school": "여의도고등학교",
    "jibun": "30-1",
    "kind": "운동장 지반",
    "dong": "여의도고등학교 운동장",
    "facade": "지반",
    "floor": 0,
    "source": "옥외지반 근사",
    "z_m": 0.0,
    "normal_az": 180.0,
    "s1_total_h": 5.17,
    "s1_cont_h": 4.33,
    "s1_pass_a": true,
    "s1_pass_b": true,
    "s2_total_h": 5.17,
    "s2_cont_h": 4.33,
    "s2_pass_a": true,
    "s2_pass_b": true,
    "d_total_h": 0.0,
    "d_cont_h": 0.0,
    "change_cd": "keep_ok",
    "변화": "유지 충족"
   }
  },
  {
   "type": "Feature",
   "geometry": {
    "type": "Point",
    "coordinates": [
     126.93456512,
     37.52443521
    ]
   },
   "properties": {
    "pid": "여의도고등학교 운동장-53",
    "school": "여의도고등학교",
    "jibun": "30-1",
    "kind": "운동장 지반",
    "dong": "여의도고등학교 운동장",
    "facade": "지반",
    "floor": 0,
    "source": "옥외지반 근사",
    "z_m": 0.0,
    "normal_az": 180.0,
    "s1_total_h": 5.33,
    "s1_cont_h": 4.83,
    "s1_pass_a": true,
    "s1_pass_b": true,
    "s2_total_h": 5.33,
    "s2_cont_h": 4.83,
    "s2_pass_a": true,
    "s2_pass_b": true,
    "d_total_h": 0.0,
    "d_cont_h": 0.0,
    "change_cd": "keep_ok",
    "변화": "유지 충족"
   }
  },
  {
   "type": "Feature",
   "geometry": {
    "type": "Point",
    "coordinates": [
     126.93465562,
     37.52443526
    ]
   },
   "properties": {
    "pid": "여의도고등학교 운동장-54",
    "school": "여의도고등학교",
    "jibun": "30-1",
    "kind": "운동장 지반",
    "dong": "여의도고등학교 운동장",
    "facade": "지반",
    "floor": 0,
    "source": "옥외지반 근사",
    "z_m": 0.0,
    "normal_az": 180.0,
    "s1_total_h": 5.5,
    "s1_cont_h": 5.17,
    "s1_pass_a": true,
    "s1_pass_b": true,
    "s2_total_h": 5.5,
    "s2_cont_h": 5.17,
    "s2_pass_a": true,
    "s2_pass_b": true,
    "d_total_h": 0.0,
    "d_cont_h": 0.0,
    "change_cd": "keep_ok",
    "변화": "유지 충족"
   }
  },
  {
   "type": "Feature",
   "geometry": {
    "type": "Point",
    "coordinates": [
     126.93474612,
     37.52443531
    ]
   },
   "properties": {
    "pid": "여의도고등학교 운동장-55",
    "school": "여의도고등학교",
    "jibun": "30-1",
    "kind": "운동장 지반",
    "dong": "여의도고등학교 운동장",
    "facade": "지반",
    "floor": 0,
    "source": "옥외지반 근사",
    "z_m": 0.0,
    "normal_az": 180.0,
    "s1_total_h": 5.17,
    "s1_cont_h": 5.17,
    "s1_pass_a": true,
    "s1_pass_b": true,
    "s2_total_h": 5.17,
    "s2_cont_h": 5.17,
    "s2_pass_a": true,
    "s2_pass_b": true,
    "d_total_h": 0.0,
    "d_cont_h": 0.0,
    "change_cd": "keep_ok",
    "변화": "유지 충족"
   }
  },
  {
   "type": "Feature",
   "geometry": {
    "type": "Point",
    "coordinates": [
     126.93483662,
     37.52443536
    ]
   },
   "properties": {
    "pid": "여의도고등학교 운동장-56",
    "school": "여의도고등학교",
    "jibun": "30-1",
    "kind": "운동장 지반",
    "dong": "여의도고등학교 운동장",
    "facade": "지반",
    "floor": 0,
    "source": "옥외지반 근사",
    "z_m": 0.0,
    "normal_az": 180.0,
    "s1_total_h": 5.33,
    "s1_cont_h": 5.33,
    "s1_pass_a": true,
    "s1_pass_b": true,
    "s2_total_h": 5.33,
    "s2_cont_h": 5.33,
    "s2_pass_a": true,
    "s2_pass_b": true,
    "d_total_h": 0.0,
    "d_cont_h": 0.0,
    "change_cd": "keep_ok",
    "변화": "유지 충족"
   }
  },
  {
   "type": "Feature",
   "geometry": {
    "type": "Point",
    "coordinates": [
     126.93356954,
     37.52450673
    ]
   },
   "properties": {
    "pid": "여의도고등학교 운동장-57",
    "school": "여의도고등학교",
    "jibun": "30-1",
    "kind": "운동장 지반",
    "dong": "여의도고등학교 운동장",
    "facade": "지반",
    "floor": 0,
    "source": "옥외지반 근사",
    "z_m": 0.0,
    "normal_az": 180.0,
    "s1_total_h": 4.5,
    "s1_cont_h": 1.83,
    "s1_pass_a": true,
    "s1_pass_b": false,
    "s2_total_h": 4.5,
    "s2_cont_h": 1.83,
    "s2_pass_a": true,
    "s2_pass_b": false,
    "d_total_h": 0.0,
    "d_cont_h": 0.0,
    "change_cd": "keep_ok",
    "변화": "유지 충족"
   }
  },
  {
   "type": "Feature",
   "geometry": {
    "type": "Point",
    "coordinates": [
     126.93366004,
     37.52450678
    ]
   },
   "properties": {
    "pid": "여의도고등학교 운동장-58",
    "school": "여의도고등학교",
    "jibun": "30-1",
    "kind": "운동장 지반",
    "dong": "여의도고등학교 운동장",
    "facade": "지반",
    "floor": 0,
    "source": "옥외지반 근사",
    "z_m": 0.0,
    "normal_az": 180.0,
    "s1_total_h": 4.17,
    "s1_cont_h": 1.67,
    "s1_pass_a": true,
    "s1_pass_b": false,
    "s2_total_h": 4.17,
    "s2_cont_h": 1.67,
    "s2_pass_a": true,
    "s2_pass_b": false,
    "d_total_h": 0.0,
    "d_cont_h": 0.0,
    "change_cd": "keep_ok",
    "변화": "유지 충족"
   }
  },
  {
   "type": "Feature",
   "geometry": {
    "type": "Point",
    "coordinates": [
     126.93375054,
     37.52450683
    ]
   },
   "properties": {
    "pid": "여의도고등학교 운동장-59",
    "school": "여의도고등학교",
    "jibun": "30-1",
    "kind": "운동장 지반",
    "dong": "여의도고등학교 운동장",
    "facade": "지반",
    "floor": 0,
    "source": "옥외지반 근사",
    "z_m": 0.0,
    "normal_az": 180.0,
    "s1_total_h": 3.33,
    "s1_cont_h": 1.5,
    "s1_pass_a": false,
    "s1_pass_b": false,
    "s2_total_h": 3.33,
    "s2_cont_h": 1.5,
    "s2_pass_a": false,
    "s2_pass_b": false,
    "d_total_h": 0.0,
    "d_cont_h": 0.0,
    "change_cd": "keep_fail",
    "변화": "유지 불충족"
   }
  },
  {
   "type": "Feature",
   "geometry": {
    "type": "Point",
    "coordinates": [
     126.93384104,
     37.52450688
    ]
   },
   "properties": {
    "pid": "여의도고등학교 운동장-60",
    "school": "여의도고등학교",
    "jibun": "30-1",
    "kind": "운동장 지반",
    "dong": "여의도고등학교 운동장",
    "facade": "지반",
    "floor": 0,
    "source": "옥외지반 근사",
    "z_m": 0.0,
    "normal_az": 180.0,
    "s1_total_h": 2.67,
    "s1_cont_h": 1.33,
    "s1_pass_a": false,
    "s1_pass_b": false,
    "s2_total_h": 2.67,
    "s2_cont_h": 1.33,
    "s2_pass_a": false,
    "s2_pass_b": false,
    "d_total_h": 0.0,
    "d_cont_h": 0.0,
    "change_cd": "keep_fail",
    "변화": "유지 불충족"
   }
  },
  {
   "type": "Feature",
   "geometry": {
    "type": "Point",
    "coordinates": [
     126.93393154,
     37.52450693
    ]
   },
   "properties": {
    "pid": "여의도고등학교 운동장-61",
    "school": "여의도고등학교",
    "jibun": "30-1",
    "kind": "운동장 지반",
    "dong": "여의도고등학교 운동장",
    "facade": "지반",
    "floor": 0,
    "source": "옥외지반 근사",
    "z_m": 0.0,
    "normal_az": 180.0,
    "s1_total_h": 1.33,
    "s1_cont_h": 1.33,
    "s1_pass_a": false,
    "s1_pass_b": false,
    "s2_total_h": 1.33,
    "s2_cont_h": 1.33,
    "s2_pass_a": false,
    "s2_pass_b": false,
    "d_total_h": 0.0,
    "d_cont_h": 0.0,
    "change_cd": "keep_fail",
    "변화": "유지 불충족"
   }
  },
  {
   "type": "Feature",
   "geometry": {
    "type": "Point",
    "coordinates": [
     126.93429355,
     37.52450714
    ]
   },
   "properties": {
    "pid": "여의도고등학교 운동장-62",
    "school": "여의도고등학교",
    "jibun": "30-1",
    "kind": "운동장 지반",
    "dong": "여의도고등학교 운동장",
    "facade": "지반",
    "floor": 0,
    "source": "옥외지반 근사",
    "z_m": 0.0,
    "normal_az": 180.0,
    "s1_total_h": 4.67,
    "s1_cont_h": 4.17,
    "s1_pass_a": true,
    "s1_pass_b": true,
    "s2_total_h": 4.67,
    "s2_cont_h": 4.17,
    "s2_pass_a": true,
    "s2_pass_b": true,
    "d_total_h": 0.0,
    "d_cont_h": 0.0,
    "change_cd": "keep_ok",
    "변화": "유지 충족"
   }
  },
  {
   "type": "Feature",
   "geometry": {
    "type": "Point",
    "coordinates": [
     126.93438405,
     37.52450719
    ]
   },
   "properties": {
    "pid": "여의도고등학교 운동장-63",
    "school": "여의도고등학교",
    "jibun": "30-1",
    "kind": "운동장 지반",
    "dong": "여의도고등학교 운동장",
    "facade": "지반",
    "floor": 0,
    "source": "옥외지반 근사",
    "z_m": 0.0,
    "normal_az": 180.0,
    "s1_total_h": 5.83,
    "s1_cont_h": 4.33,
    "s1_pass_a": true,
    "s1_pass_b": true,
    "s2_total_h": 5.83,
    "s2_cont_h": 4.33,
    "s2_pass_a": true,
    "s2_pass_b": true,
    "d_total_h": 0.0,
    "d_cont_h": 0.0,
    "change_cd": "keep_ok",
    "변화": "유지 충족"
   }
  },
  {
   "type": "Feature",
   "geometry": {
    "type": "Point",
    "coordinates": [
     126.93456505,
     37.52450729
    ]
   },
   "properties": {
    "pid": "여의도고등학교 운동장-64",
    "school": "여의도고등학교",
    "jibun": "30-1",
    "kind": "운동장 지반",
    "dong": "여의도고등학교 운동장",
    "facade": "지반",
    "floor": 0,
    "source": "옥외지반 근사",
    "z_m": 0.0,
    "normal_az": 180.0,
    "s1_total_h": 5.67,
    "s1_cont_h": 5.0,
    "s1_pass_a": true,
    "s1_pass_b": true,
    "s2_total_h": 5.67,
    "s2_cont_h": 5.0,
    "s2_pass_a": true,
    "s2_pass_b": true,
    "d_total_h": 0.0,
    "d_cont_h": 0.0,
    "change_cd": "keep_ok",
    "변화": "유지 충족"
   }
  },
  {
   "type": "Feature",
   "geometry": {
    "type": "Point",
    "coordinates": [
     126.93465555,
     37.52450734
    ]
   },
   "properties": {
    "pid": "여의도고등학교 운동장-65",
    "school": "여의도고등학교",
    "jibun": "30-1",
    "kind": "운동장 지반",
    "dong": "여의도고등학교 운동장",
    "facade": "지반",
    "floor": 0,
    "source": "옥외지반 근사",
    "z_m": 0.0,
    "normal_az": 180.0,
    "s1_total_h": 5.5,
    "s1_cont_h": 5.0,
    "s1_pass_a": true,
    "s1_pass_b": true,
    "s2_total_h": 5.5,
    "s2_cont_h": 5.0,
    "s2_pass_a": true,
    "s2_pass_b": true,
    "d_total_h": 0.0,
    "d_cont_h": 0.0,
    "change_cd": "keep_ok",
    "변화": "유지 충족"
   }
  },
  {
   "type": "Feature",
   "geometry": {
    "type": "Point",
    "coordinates": [
     126.93474606,
     37.52450739
    ]
   },
   "properties": {
    "pid": "여의도고등학교 운동장-66",
    "school": "여의도고등학교",
    "jibun": "30-1",
    "kind": "운동장 지반",
    "dong": "여의도고등학교 운동장",
    "facade": "지반",
    "floor": 0,
    "source": "옥외지반 근사",
    "z_m": 0.0,
    "normal_az": 180.0,
    "s1_total_h": 5.5,
    "s1_cont_h": 5.17,
    "s1_pass_a": true,
    "s1_pass_b": true,
    "s2_total_h": 5.5,
    "s2_cont_h": 5.17,
    "s2_pass_a": true,
    "s2_pass_b": true,
    "d_total_h": 0.0,
    "d_cont_h": 0.0,
    "change_cd": "keep_ok",
    "변화": "유지 충족"
   }
  },
  {
   "type": "Feature",
   "geometry": {
    "type": "Point",
    "coordinates": [
     126.93483656,
     37.52450744
    ]
   },
   "properties": {
    "pid": "여의도고등학교 운동장-67",
    "school": "여의도고등학교",
    "jibun": "30-1",
    "kind": "운동장 지반",
    "dong": "여의도고등학교 운동장",
    "facade": "지반",
    "floor": 0,
    "source": "옥외지반 근사",
    "z_m": 0.0,
    "normal_az": 180.0,
    "s1_total_h": 5.0,
    "s1_cont_h": 5.0,
    "s1_pass_a": true,
    "s1_pass_b": true,
    "s2_total_h": 5.0,
    "s2_cont_h": 5.0,
    "s2_pass_a": true,
    "s2_pass_b": true,
    "d_total_h": 0.0,
    "d_cont_h": 0.0,
    "change_cd": "keep_ok",
    "변화": "유지 충족"
   }
  },
  {
   "type": "Feature",
   "geometry": {
    "type": "Point",
    "coordinates": [
     126.93356948,
     37.52457881
    ]
   },
   "properties": {
    "pid": "여의도고등학교 운동장-68",
    "school": "여의도고등학교",
    "jibun": "30-1",
    "kind": "운동장 지반",
    "dong": "여의도고등학교 운동장",
    "facade": "지반",
    "floor": 0,
    "source": "옥외지반 근사",
    "z_m": 0.0,
    "normal_az": 180.0,
    "s1_total_h": 3.17,
    "s1_cont_h": 1.67,
    "s1_pass_a": false,
    "s1_pass_b": false,
    "s2_total_h": 3.17,
    "s2_cont_h": 1.67,
    "s2_pass_a": false,
    "s2_pass_b": false,
    "d_total_h": 0.0,
    "d_cont_h": 0.0,
    "change_cd": "keep_fail",
    "변화": "유지 불충족"
   }
  },
  {
   "type": "Feature",
   "geometry": {
    "type": "Point",
    "coordinates": [
     126.93365998,
     37.52457886
    ]
   },
   "properties": {
    "pid": "여의도고등학교 운동장-69",
    "school": "여의도고등학교",
    "jibun": "30-1",
    "kind": "운동장 지반",
    "dong": "여의도고등학교 운동장",
    "facade": "지반",
    "floor": 0,
    "source": "옥외지반 근사",
    "z_m": 0.0,
    "normal_az": 180.0,
    "s1_total_h": 3.5,
    "s1_cont_h": 1.5,
    "s1_pass_a": false,
    "s1_pass_b": false,
    "s2_total_h": 3.33,
    "s2_cont_h": 1.5,
    "s2_pass_a": false,
    "s2_pass_b": false,
    "d_total_h": -0.17,
    "d_cont_h": 0.0,
    "change_cd": "keep_fail",
    "변화": "유지 불충족"
   }
  },
  {
   "type": "Feature",
   "geometry": {
    "type": "Point",
    "coordinates": [
     126.93375048,
     37.52457891
    ]
   },
   "properties": {
    "pid": "여의도고등학교 운동장-70",
    "school": "여의도고등학교",
    "jibun": "30-1",
    "kind": "운동장 지반",
    "dong": "여의도고등학교 운동장",
    "facade": "지반",
    "floor": 0,
    "source": "옥외지반 근사",
    "z_m": 0.0,
    "normal_az": 180.0,
    "s1_total_h": 3.17,
    "s1_cont_h": 1.33,
    "s1_pass_a": false,
    "s1_pass_b": false,
    "s2_total_h": 3.17,
    "s2_cont_h": 1.33,
    "s2_pass_a": false,
    "s2_pass_b": false,
    "d_total_h": 0.0,
    "d_cont_h": 0.0,
    "change_cd": "keep_fail",
    "변화": "유지 불충족"
   }
  },
  {
   "type": "Feature",
   "geometry": {
    "type": "Point",
    "coordinates": [
     126.93384098,
     37.52457896
    ]
   },
   "properties": {
    "pid": "여의도고등학교 운동장-71",
    "school": "여의도고등학교",
    "jibun": "30-1",
    "kind": "운동장 지반",
    "dong": "여의도고등학교 운동장",
    "facade": "지반",
    "floor": 0,
    "source": "옥외지반 근사",
    "z_m": 0.0,
    "normal_az": 180.0,
    "s1_total_h": 2.33,
    "s1_cont_h": 1.17,
    "s1_pass_a": false,
    "s1_pass_b": false,
    "s2_total_h": 2.33,
    "s2_cont_h": 1.17,
    "s2_pass_a": false,
    "s2_pass_b": false,
    "d_total_h": 0.0,
    "d_cont_h": 0.0,
    "change_cd": "keep_fail",
    "변화": "유지 불충족"
   }
  },
  {
   "type": "Feature",
   "geometry": {
    "type": "Point",
    "coordinates": [
     126.93393148,
     37.52457901
    ]
   },
   "properties": {
    "pid": "여의도고등학교 운동장-72",
    "school": "여의도고등학교",
    "jibun": "30-1",
    "kind": "운동장 지반",
    "dong": "여의도고등학교 운동장",
    "facade": "지반",
    "floor": 0,
    "source": "옥외지반 근사",
    "z_m": 0.0,
    "normal_az": 180.0,
    "s1_total_h": 1.33,
    "s1_cont_h": 1.17,
    "s1_pass_a": false,
    "s1_pass_b": false,
    "s2_total_h": 1.33,
    "s2_cont_h": 1.17,
    "s2_pass_a": false,
    "s2_pass_b": false,
    "d_total_h": 0.0,
    "d_cont_h": 0.0,
    "change_cd": "keep_fail",
    "변화": "유지 불충족"
   }
  },
  {
   "type": "Feature",
   "geometry": {
    "type": "Point",
    "coordinates": [
     126.93402198,
     37.52457906
    ]
   },
   "properties": {
    "pid": "여의도고등학교 운동장-73",
    "school": "여의도고등학교",
    "jibun": "30-1",
    "kind": "운동장 지반",
    "dong": "여의도고등학교 운동장",
    "facade": "지반",
    "floor": 0,
    "source": "옥외지반 근사",
    "z_m": 0.0,
    "normal_az": 180.0,
    "s1_total_h": 1.17,
    "s1_cont_h": 1.17,
    "s1_pass_a": false,
    "s1_pass_b": false,
    "s2_total_h": 1.17,
    "s2_cont_h": 1.17,
    "s2_pass_a": false,
    "s2_pass_b": false,
    "d_total_h": 0.0,
    "d_cont_h": 0.0,
    "change_cd": "keep_fail",
    "변화": "유지 불충족"
   }
  },
  {
   "type": "Feature",
   "geometry": {
    "type": "Point",
    "coordinates": [
     126.93420298,
     37.52457916
    ]
   },
   "properties": {
    "pid": "여의도고등학교 운동장-74",
    "school": "여의도고등학교",
    "jibun": "30-1",
    "kind": "운동장 지반",
    "dong": "여의도고등학교 운동장",
    "facade": "지반",
    "floor": 0,
    "source": "옥외지반 근사",
    "z_m": 0.0,
    "normal_az": 180.0,
    "s1_total_h": 2.33,
    "s1_cont_h": 2.33,
    "s1_pass_a": true,
    "s1_pass_b": false,
    "s2_total_h": 2.33,
    "s2_cont_h": 2.33,
    "s2_pass_a": true,
    "s2_pass_b": false,
    "d_total_h": 0.0,
    "d_cont_h": 0.0,
    "change_cd": "keep_ok",
    "변화": "유지 충족"
   }
  },
  {
   "type": "Feature",
   "geometry": {
    "type": "Point",
    "coordinates": [
     126.93429349,
     37.52457922
    ]
   },
   "properties": {
    "pid": "여의도고등학교 운동장-75",
    "school": "여의도고등학교",
    "jibun": "30-1",
    "kind": "운동장 지반",
    "dong": "여의도고등학교 운동장",
    "facade": "지반",
    "floor": 0,
    "source": "옥외지반 근사",
    "z_m": 0.0,
    "normal_az": 180.0,
    "s1_total_h": 4.17,
    "s1_cont_h": 4.17,
    "s1_pass_a": true,
    "s1_pass_b": true,
    "s2_total_h": 4.17,
    "s2_cont_h": 4.17,
    "s2_pass_a": true,
    "s2_pass_b": true,
    "d_total_h": 0.0,
    "d_cont_h": 0.0,
    "change_cd": "keep_ok",
    "변화": "유지 충족"
   }
  },
  {
   "type": "Feature",
   "geometry": {
    "type": "Point",
    "coordinates": [
     126.93465549,
     37.52457942
    ]
   },
   "properties": {
    "pid": "여의도고등학교 운동장-76",
    "school": "여의도고등학교",
    "jibun": "30-1",
    "kind": "운동장 지반",
    "dong": "여의도고등학교 운동장",
    "facade": "지반",
    "floor": 0,
    "source": "옥외지반 근사",
    "z_m": 0.0,
    "normal_az": 180.0,
    "s1_total_h": 5.67,
    "s1_cont_h": 5.0,
    "s1_pass_a": true,
    "s1_pass_b": true,
    "s2_total_h": 5.67,
    "s2_cont_h": 5.0,
    "s2_pass_a": true,
    "s2_pass_b": true,
    "d_total_h": 0.0,
    "d_cont_h": 0.0,
    "change_cd": "keep_ok",
    "변화": "유지 충족"
   }
  },
  {
   "type": "Feature",
   "geometry": {
    "type": "Point",
    "coordinates": [
     126.93474599,
     37.52457947
    ]
   },
   "properties": {
    "pid": "여의도고등학교 운동장-77",
    "school": "여의도고등학교",
    "jibun": "30-1",
    "kind": "운동장 지반",
    "dong": "여의도고등학교 운동장",
    "facade": "지반",
    "floor": 0,
    "source": "옥외지반 근사",
    "z_m": 0.0,
    "normal_az": 180.0,
    "s1_total_h": 5.5,
    "s1_cont_h": 5.0,
    "s1_pass_a": true,
    "s1_pass_b": true,
    "s2_total_h": 5.5,
    "s2_cont_h": 5.0,
    "s2_pass_a": true,
    "s2_pass_b": true,
    "d_total_h": 0.0,
    "d_cont_h": 0.0,
    "change_cd": "keep_ok",
    "변화": "유지 충족"
   }
  },
  {
   "type": "Feature",
   "geometry": {
    "type": "Point",
    "coordinates": [
     126.93483649,
     37.52457952
    ]
   },
   "properties": {
    "pid": "여의도고등학교 운동장-78",
    "school": "여의도고등학교",
    "jibun": "30-1",
    "kind": "운동장 지반",
    "dong": "여의도고등학교 운동장",
    "facade": "지반",
    "floor": 0,
    "source": "옥외지반 근사",
    "z_m": 0.0,
    "normal_az": 180.0,
    "s1_total_h": 5.33,
    "s1_cont_h": 4.83,
    "s1_pass_a": true,
    "s1_pass_b": true,
    "s2_total_h": 5.33,
    "s2_cont_h": 4.83,
    "s2_pass_a": true,
    "s2_pass_b": true,
    "d_total_h": 0.0,
    "d_cont_h": 0.0,
    "change_cd": "keep_ok",
    "변화": "유지 충족"
   }
  },
  {
   "type": "Feature",
   "geometry": {
    "type": "Point",
    "coordinates": [
     126.934927,
     37.52457957
    ]
   },
   "properties": {
    "pid": "여의도고등학교 운동장-79",
    "school": "여의도고등학교",
    "jibun": "30-1",
    "kind": "운동장 지반",
    "dong": "여의도고등학교 운동장",
    "facade": "지반",
    "floor": 0,
    "source": "옥외지반 근사",
    "z_m": 0.0,
    "normal_az": 180.0,
    "s1_total_h": 5.17,
    "s1_cont_h": 4.83,
    "s1_pass_a": true,
    "s1_pass_b": true,
    "s2_total_h": 5.17,
    "s2_cont_h": 4.83,
    "s2_pass_a": true,
    "s2_pass_b": true,
    "d_total_h": 0.0,
    "d_cont_h": 0.0,
    "change_cd": "keep_ok",
    "변화": "유지 충족"
   }
  },
  {
   "type": "Feature",
   "geometry": {
    "type": "Point",
    "coordinates": [
     126.93356941,
     37.52465089
    ]
   },
   "properties": {
    "pid": "여의도고등학교 운동장-80",
    "school": "여의도고등학교",
    "jibun": "30-1",
    "kind": "운동장 지반",
    "dong": "여의도고등학교 운동장",
    "facade": "지반",
    "floor": 0,
    "source": "옥외지반 근사",
    "z_m": 0.0,
    "normal_az": 180.0,
    "s1_total_h": 3.0,
    "s1_cont_h": 1.67,
    "s1_pass_a": false,
    "s1_pass_b": false,
    "s2_total_h": 3.0,
    "s2_cont_h": 1.67,
    "s2_pass_a": false,
    "s2_pass_b": false,
    "d_total_h": 0.0,
    "d_cont_h": 0.0,
    "change_cd": "keep_fail",
    "변화": "유지 불충족"
   }
  },
  {
   "type": "Feature",
   "geometry": {
    "type": "Point",
    "coordinates": [
     126.93365991,
     37.52465094
    ]
   },
   "properties": {
    "pid": "여의도고등학교 운동장-81",
    "school": "여의도고등학교",
    "jibun": "30-1",
    "kind": "운동장 지반",
    "dong": "여의도고등학교 운동장",
    "facade": "지반",
    "floor": 0,
    "source": "옥외지반 근사",
    "z_m": 0.0,
    "normal_az": 180.0,
    "s1_total_h": 3.0,
    "s1_cont_h": 1.5,
    "s1_pass_a": false,
    "s1_pass_b": false,
    "s2_total_h": 3.0,
    "s2_cont_h": 1.5,
    "s2_pass_a": false,
    "s2_pass_b": false,
    "d_total_h": 0.0,
    "d_cont_h": 0.0,
    "change_cd": "keep_fail",
    "변화": "유지 불충족"
   }
  },
  {
   "type": "Feature",
   "geometry": {
    "type": "Point",
    "coordinates": [
     126.93375041,
     37.52465099
    ]
   },
   "properties": {
    "pid": "여의도고등학교 운동장-82",
    "school": "여의도고등학교",
    "jibun": "30-1",
    "kind": "운동장 지반",
    "dong": "여의도고등학교 운동장",
    "facade": "지반",
    "floor": 0,
    "source": "옥외지반 근사",
    "z_m": 0.0,
    "normal_az": 180.0,
    "s1_total_h": 3.0,
    "s1_cont_h": 1.33,
    "s1_pass_a": false,
    "s1_pass_b": false,
    "s2_total_h": 3.0,
    "s2_cont_h": 1.33,
    "s2_pass_a": false,
    "s2_pass_b": false,
    "d_total_h": 0.0,
    "d_cont_h": 0.0,
    "change_cd": "keep_fail",
    "변화": "유지 불충족"
   }
  },
  {
   "type": "Feature",
   "geometry": {
    "type": "Point",
    "coordinates": [
     126.93384092,
     37.52465104
    ]
   },
   "properties": {
    "pid": "여의도고등학교 운동장-83",
    "school": "여의도고등학교",
    "jibun": "30-1",
    "kind": "운동장 지반",
    "dong": "여의도고등학교 운동장",
    "facade": "지반",
    "floor": 0,
    "source": "옥외지반 근사",
    "z_m": 0.0,
    "normal_az": 180.0,
    "s1_total_h": 2.83,
    "s1_cont_h": 1.17,
    "s1_pass_a": false,
    "s1_pass_b": false,
    "s2_total_h": 2.83,
    "s2_cont_h": 1.17,
    "s2_pass_a": false,
    "s2_pass_b": false,
    "d_total_h": 0.0,
    "d_cont_h": 0.0,
    "change_cd": "keep_fail",
    "변화": "유지 불충족"
   }
  },
  {
   "type": "Feature",
   "geometry": {
    "type": "Point",
    "coordinates": [
     126.93393142,
     37.52465109
    ]
   },
   "properties": {
    "pid": "여의도고등학교 운동장-84",
    "school": "여의도고등학교",
    "jibun": "30-1",
    "kind": "운동장 지반",
    "dong": "여의도고등학교 운동장",
    "facade": "지반",
    "floor": 0,
    "source": "옥외지반 근사",
    "z_m": 0.0,
    "normal_az": 180.0,
    "s1_total_h": 2.17,
    "s1_cont_h": 1.17,
    "s1_pass_a": false,
    "s1_pass_b": false,
    "s2_total_h": 2.17,
    "s2_cont_h": 1.17,
    "s2_pass_a": false,
    "s2_pass_b": false,
    "d_total_h": 0.0,
    "d_cont_h": 0.0,
    "change_cd": "keep_fail",
    "변화": "유지 불충족"
   }
  },
  {
   "type": "Feature",
   "geometry": {
    "type": "Point",
    "coordinates": [
     126.93402192,
     37.52465114
    ]
   },
   "properties": {
    "pid": "여의도고등학교 운동장-85",
    "school": "여의도고등학교",
    "jibun": "30-1",
    "kind": "운동장 지반",
    "dong": "여의도고등학교 운동장",
    "facade": "지반",
    "floor": 0,
    "source": "옥외지반 근사",
    "z_m": 0.0,
    "normal_az": 180.0,
    "s1_total_h": 1.33,
    "s1_cont_h": 1.17,
    "s1_pass_a": false,
    "s1_pass_b": false,
    "s2_total_h": 1.33,
    "s2_cont_h": 1.17,
    "s2_pass_a": false,
    "s2_pass_b": false,
    "d_total_h": 0.0,
    "d_cont_h": 0.0,
    "change_cd": "keep_fail",
    "변화": "유지 불충족"
   }
  },
  {
   "type": "Feature",
   "geometry": {
    "type": "Point",
    "coordinates": [
     126.93411242,
     37.52465119
    ]
   },
   "properties": {
    "pid": "여의도고등학교 운동장-86",
    "school": "여의도고등학교",
    "jibun": "30-1",
    "kind": "운동장 지반",
    "dong": "여의도고등학교 운동장",
    "facade": "지반",
    "floor": 0,
    "source": "옥외지반 근사",
    "z_m": 0.0,
    "normal_az": 180.0,
    "s1_total_h": 2.67,
    "s1_cont_h": 1.83,
    "s1_pass_a": false,
    "s1_pass_b": false,
    "s2_total_h": 2.67,
    "s2_cont_h": 1.83,
    "s2_pass_a": false,
    "s2_pass_b": false,
    "d_total_h": 0.0,
    "d_cont_h": 0.0,
    "change_cd": "keep_fail",
    "변화": "유지 불충족"
   }
  },
  {
   "type": "Feature",
   "geometry": {
    "type": "Point",
    "coordinates": [
     126.93420292,
     37.52465124
    ]
   },
   "properties": {
    "pid": "여의도고등학교 운동장-87",
    "school": "여의도고등학교",
    "jibun": "30-1",
    "kind": "운동장 지반",
    "dong": "여의도고등학교 운동장",
    "facade": "지반",
    "floor": 0,
    "source": "옥외지반 근사",
    "z_m": 0.0,
    "normal_az": 180.0,
    "s1_total_h": 3.0,
    "s1_cont_h": 3.0,
    "s1_pass_a": true,
    "s1_pass_b": true,
    "s2_total_h": 3.0,
    "s2_cont_h": 3.0,
    "s2_pass_a": true,
    "s2_pass_b": true,
    "d_total_h": 0.0,
    "d_cont_h": 0.0,
    "change_cd": "keep_ok",
    "변화": "유지 충족"
   }
  },
  {
   "type": "Feature",
   "geometry": {
    "type": "Point",
    "coordinates": [
     126.93429342,
     37.5246513
    ]
   },
   "properties": {
    "pid": "여의도고등학교 운동장-88",
    "school": "여의도고등학교",
    "jibun": "30-1",
    "kind": "운동장 지반",
    "dong": "여의도고등학교 운동장",
    "facade": "지반",
    "floor": 0,
    "source": "옥외지반 근사",
    "z_m": 0.0,
    "normal_az": 180.0,
    "s1_total_h": 3.33,
    "s1_cont_h": 3.33,
    "s1_pass_a": true,
    "s1_pass_b": true,
    "s2_total_h": 3.33,
    "s2_cont_h": 3.33,
    "s2_pass_a": true,
    "s2_pass_b": true,
    "d_total_h": 0.0,
    "d_cont_h": 0.0,
    "change_cd": "keep_ok",
    "변화": "유지 충족"
   }
  },
  {
   "type": "Feature",
   "geometry": {
    "type": "Point",
    "coordinates": [
     126.93474593,
     37.52465155
    ]
   },
   "properties": {
    "pid": "여의도고등학교 운동장-89",
    "school": "여의도고등학교",
    "jibun": "30-1",
    "kind": "운동장 지반",
    "dong": "여의도고등학교 운동장",
    "facade": "지반",
    "floor": 0,
    "source": "옥외지반 근사",
    "z_m": 0.0,
    "normal_az": 180.0,
    "s1_total_h": 5.5,
    "s1_cont_h": 4.67,
    "s1_pass_a": true,
    "s1_pass_b": true,
    "s2_total_h": 5.5,
    "s2_cont_h": 4.67,
    "s2_pass_a": true,
    "s2_pass_b": true,
    "d_total_h": 0.0,
    "d_cont_h": 0.0,
    "change_cd": "keep_ok",
    "변화": "유지 충족"
   }
  },
  {
   "type": "Feature",
   "geometry": {
    "type": "Point",
    "coordinates": [
     126.93483643,
     37.5246516
    ]
   },
   "properties": {
    "pid": "여의도고등학교 운동장-90",
    "school": "여의도고등학교",
    "jibun": "30-1",
    "kind": "운동장 지반",
    "dong": "여의도고등학교 운동장",
    "facade": "지반",
    "floor": 0,
    "source": "옥외지반 근사",
    "z_m": 0.0,
    "normal_az": 180.0,
    "s1_total_h": 5.5,
    "s1_cont_h": 4.67,
    "s1_pass_a": true,
    "s1_pass_b": true,
    "s2_total_h": 5.5,
    "s2_cont_h": 4.67,
    "s2_pass_a": true,
    "s2_pass_b": true,
    "d_total_h": 0.0,
    "d_cont_h": 0.0,
    "change_cd": "keep_ok",
    "변화": "유지 충족"
   }
  },
  {
   "type": "Feature",
   "geometry": {
    "type": "Point",
    "coordinates": [
     126.93492693,
     37.52465165
    ]
   },
   "properties": {
    "pid": "여의도고등학교 운동장-91",
    "school": "여의도고등학교",
    "jibun": "30-1",
    "kind": "운동장 지반",
    "dong": "여의도고등학교 운동장",
    "facade": "지반",
    "floor": 0,
    "source": "옥외지반 근사",
    "z_m": 0.0,
    "normal_az": 180.0,
    "s1_total_h": 5.33,
    "s1_cont_h": 4.5,
    "s1_pass_a": true,
    "s1_pass_b": true,
    "s2_total_h": 5.33,
    "s2_cont_h": 4.5,
    "s2_pass_a": true,
    "s2_pass_b": true,
    "d_total_h": 0.0,
    "d_cont_h": 0.0,
    "change_cd": "keep_ok",
    "변화": "유지 충족"
   }
  },
  {
   "type": "Feature",
   "geometry": {
    "type": "Point",
    "coordinates": [
     126.93501743,
     37.5246517
    ]
   },
   "properties": {
    "pid": "여의도고등학교 운동장-92",
    "school": "여의도고등학교",
    "jibun": "30-1",
    "kind": "운동장 지반",
    "dong": "여의도고등학교 운동장",
    "facade": "지반",
    "floor": 0,
    "source": "옥외지반 근사",
    "z_m": 0.0,
    "normal_az": 180.0,
    "s1_total_h": 4.83,
    "s1_cont_h": 4.17,
    "s1_pass_a": true,
    "s1_pass_b": true,
    "s2_total_h": 4.83,
    "s2_cont_h": 4.17,
    "s2_pass_a": true,
    "s2_pass_b": true,
    "d_total_h": 0.0,
    "d_cont_h": 0.0,
    "change_cd": "keep_ok",
    "변화": "유지 충족"
   }
  },
  {
   "type": "Feature",
   "geometry": {
    "type": "Point",
    "coordinates": [
     126.93356935,
     37.52472297
    ]
   },
   "properties": {
    "pid": "여의도고등학교 운동장-93",
    "school": "여의도고등학교",
    "jibun": "30-1",
    "kind": "운동장 지반",
    "dong": "여의도고등학교 운동장",
    "facade": "지반",
    "floor": 0,
    "source": "옥외지반 근사",
    "z_m": 0.0,
    "normal_az": 180.0,
    "s1_total_h": 3.5,
    "s1_cont_h": 1.83,
    "s1_pass_a": false,
    "s1_pass_b": false,
    "s2_total_h": 3.5,
    "s2_cont_h": 1.83,
    "s2_pass_a": false,
    "s2_pass_b": false,
    "d_total_h": 0.0,
    "d_cont_h": 0.0,
    "change_cd": "keep_fail",
    "변화": "유지 불충족"
   }
  },
  {
   "type": "Feature",
   "geometry": {
    "type": "Point",
    "coordinates": [
     126.93365985,
     37.52472302
    ]
   },
   "properties": {
    "pid": "여의도고등학교 운동장-94",
    "school": "여의도고등학교",
    "jibun": "30-1",
    "kind": "운동장 지반",
    "dong": "여의도고등학교 운동장",
    "facade": "지반",
    "floor": 0,
    "source": "옥외지반 근사",
    "z_m": 0.0,
    "normal_az": 180.0,
    "s1_total_h": 3.67,
    "s1_cont_h": 2.67,
    "s1_pass_a": true,
    "s1_pass_b": true,
    "s2_total_h": 3.67,
    "s2_cont_h": 2.67,
    "s2_pass_a": true,
    "s2_pass_b": true,
    "d_total_h": 0.0,
    "d_cont_h": 0.0,
    "change_cd": "keep_ok",
    "변화": "유지 충족"
   }
  },
  {
   "type": "Feature",
   "geometry": {
    "type": "Point",
    "coordinates": [
     126.93375035,
     37.52472307
    ]
   },
   "properties": {
    "pid": "여의도고등학교 운동장-95",
    "school": "여의도고등학교",
    "jibun": "30-1",
    "kind": "운동장 지반",
    "dong": "여의도고등학교 운동장",
    "facade": "지반",
    "floor": 0,
    "source": "옥외지반 근사",
    "z_m": 0.0,
    "normal_az": 180.0,
    "s1_total_h": 3.67,
    "s1_cont_h": 2.5,
    "s1_pass_a": true,
    "s1_pass_b": true,
    "s2_total_h": 3.67,
    "s2_cont_h": 2.5,
    "s2_pass_a": true,
    "s2_pass_b": true,
    "d_total_h": 0.0,
    "d_cont_h": 0.0,
    "change_cd": "keep_ok",
    "변화": "유지 충족"
   }
  },
  {
   "type": "Feature",
   "geometry": {
    "type": "Point",
    "coordinates": [
     126.93384085,
     37.52472312
    ]
   },
   "properties": {
    "pid": "여의도고등학교 운동장-96",
    "school": "여의도고등학교",
    "jibun": "30-1",
    "kind": "운동장 지반",
    "dong": "여의도고등학교 운동장",
    "facade": "지반",
    "floor": 0,
    "source": "옥외지반 근사",
    "z_m": 0.0,
    "normal_az": 180.0,
    "s1_total_h": 3.67,
    "s1_cont_h": 2.0,
    "s1_pass_a": true,
    "s1_pass_b": true,
    "s2_total_h": 3.67,
    "s2_cont_h": 2.0,
    "s2_pass_a": true,
    "s2_pass_b": true,
    "d_total_h": 0.0,
    "d_cont_h": 0.0,
    "change_cd": "keep_ok",
    "변화": "유지 충족"
   }
  },
  {
   "type": "Feature",
   "geometry": {
    "type": "Point",
    "coordinates": [
     126.93393135,
     37.52472317
    ]
   },
   "properties": {
    "pid": "여의도고등학교 운동장-97",
    "school": "여의도고등학교",
    "jibun": "30-1",
    "kind": "운동장 지반",
    "dong": "여의도고등학교 운동장",
    "facade": "지반",
    "floor": 0,
    "source": "옥외지반 근사",
    "z_m": 0.0,
    "normal_az": 180.0,
    "s1_total_h": 3.33,
    "s1_cont_h": 1.5,
    "s1_pass_a": false,
    "s1_pass_b": false,
    "s2_total_h": 3.33,
    "s2_cont_h": 1.5,
    "s2_pass_a": false,
    "s2_pass_b": false,
    "d_total_h": 0.0,
    "d_cont_h": 0.0,
    "change_cd": "keep_fail",
    "변화": "유지 불충족"
   }
  },
  {
   "type": "Feature",
   "geometry": {
    "type": "Point",
    "coordinates": [
     126.93402186,
     37.52472322
    ]
   },
   "properties": {
    "pid": "여의도고등학교 운동장-98",
    "school": "여의도고등학교",
    "jibun": "30-1",
    "kind": "운동장 지반",
    "dong": "여의도고등학교 운동장",
    "facade": "지반",
    "floor": 0,
    "source": "옥외지반 근사",
    "z_m": 0.0,
    "normal_az": 180.0,
    "s1_total_h": 3.83,
    "s1_cont_h": 1.5,
    "s1_pass_a": false,
    "s1_pass_b": false,
    "s2_total_h": 3.83,
    "s2_cont_h": 1.5,
    "s2_pass_a": false,
    "s2_pass_b": false,
    "d_total_h": 0.0,
    "d_cont_h": 0.0,
    "change_cd": "keep_fail",
    "변화": "유지 불충족"
   }
  },
  {
   "type": "Feature",
   "geometry": {
    "type": "Point",
    "coordinates": [
     126.93411236,
     37.52472327
    ]
   },
   "properties": {
    "pid": "여의도고등학교 운동장-99",
    "school": "여의도고등학교",
    "jibun": "30-1",
    "kind": "운동장 지반",
    "dong": "여의도고등학교 운동장",
    "facade": "지반",
    "floor": 0,
    "source": "옥외지반 근사",
    "z_m": 0.0,
    "normal_az": 180.0,
    "s1_total_h": 3.67,
    "s1_cont_h": 2.33,
    "s1_pass_a": true,
    "s1_pass_b": true,
    "s2_total_h": 3.67,
    "s2_cont_h": 2.33,
    "s2_pass_a": true,
    "s2_pass_b": true,
    "d_total_h": 0.0,
    "d_cont_h": 0.0,
    "change_cd": "keep_ok",
    "변화": "유지 충족"
   }
  },
  {
   "type": "Feature",
   "geometry": {
    "type": "Point",
    "coordinates": [
     126.93420286,
     37.52472333
    ]
   },
   "properties": {
    "pid": "여의도고등학교 운동장-100",
    "school": "여의도고등학교",
    "jibun": "30-1",
    "kind": "운동장 지반",
    "dong": "여의도고등학교 운동장",
    "facade": "지반",
    "floor": 0,
    "source": "옥외지반 근사",
    "z_m": 0.0,
    "normal_az": 180.0,
    "s1_total_h": 3.5,
    "s1_cont_h": 2.83,
    "s1_pass_a": true,
    "s1_pass_b": true,
    "s2_total_h": 3.5,
    "s2_cont_h": 2.83,
    "s2_pass_a": true,
    "s2_pass_b": true,
    "d_total_h": 0.0,
    "d_cont_h": 0.0,
    "change_cd": "keep_ok",
    "변화": "유지 충족"
   }
  },
  {
   "type": "Feature",
   "geometry": {
    "type": "Point",
    "coordinates": [
     126.93429336,
     37.52472338
    ]
   },
   "properties": {
    "pid": "여의도고등학교 운동장-101",
    "school": "여의도고등학교",
    "jibun": "30-1",
    "kind": "운동장 지반",
    "dong": "여의도고등학교 운동장",
    "facade": "지반",
    "floor": 0,
    "source": "옥외지반 근사",
    "z_m": 0.0,
    "normal_az": 180.0,
    "s1_total_h": 2.17,
    "s1_cont_h": 2.0,
    "s1_pass_a": true,
    "s1_pass_b": true,
    "s2_total_h": 2.17,
    "s2_cont_h": 2.0,
    "s2_pass_a": true,
    "s2_pass_b": true,
    "d_total_h": 0.0,
    "d_cont_h": 0.0,
    "change_cd": "keep_ok",
    "변화": "유지 충족"
   }
  },
  {
   "type": "Feature",
   "geometry": {
    "type": "Point",
    "coordinates": [
     126.93438386,
     37.52472343
    ]
   },
   "properties": {
    "pid": "여의도고등학교 운동장-102",
    "school": "여의도고등학교",
    "jibun": "30-1",
    "kind": "운동장 지반",
    "dong": "여의도고등학교 운동장",
    "facade": "지반",
    "floor": 0,
    "source": "옥외지반 근사",
    "z_m": 0.0,
    "normal_az": 180.0,
    "s1_total_h": 0.0,
    "s1_cont_h": 0.0,
    "s1_pass_a": false,
    "s1_pass_b": false,
    "s2_total_h": 0.0,
    "s2_cont_h": 0.0,
    "s2_pass_a": false,
    "s2_pass_b": false,
    "d_total_h": 0.0,
    "d_cont_h": 0.0,
    "change_cd": "keep_fail",
    "변화": "유지 불충족"
   }
  },
  {
   "type": "Feature",
   "geometry": {
    "type": "Point",
    "coordinates": [
     126.93492687,
     37.52472373
    ]
   },
   "properties": {
    "pid": "여의도고등학교 운동장-103",
    "school": "여의도고등학교",
    "jibun": "30-1",
    "kind": "운동장 지반",
    "dong": "여의도고등학교 운동장",
    "facade": "지반",
    "floor": 0,
    "source": "옥외지반 근사",
    "z_m": 0.0,
    "normal_az": 180.0,
    "s1_total_h": 5.0,
    "s1_cont_h": 4.0,
    "s1_pass_a": true,
    "s1_pass_b": true,
    "s2_total_h": 5.0,
    "s2_cont_h": 4.0,
    "s2_pass_a": true,
    "s2_pass_b": true,
    "d_total_h": 0.0,
    "d_cont_h": 0.0,
    "change_cd": "keep_ok",
    "변화": "유지 충족"
   }
  },
  {
   "type": "Feature",
   "geometry": {
    "type": "Point",
    "coordinates": [
     126.93501737,
     37.52472378
    ]
   },
   "properties": {
    "pid": "여의도고등학교 운동장-104",
    "school": "여의도고등학교",
    "jibun": "30-1",
    "kind": "운동장 지반",
    "dong": "여의도고등학교 운동장",
    "facade": "지반",
    "floor": 0,
    "source": "옥외지반 근사",
    "z_m": 0.0,
    "normal_az": 180.0,
    "s1_total_h": 5.17,
    "s1_cont_h": 3.33,
    "s1_pass_a": true,
    "s1_pass_b": true,
    "s2_total_h": 5.17,
    "s2_cont_h": 3.33,
    "s2_pass_a": true,
    "s2_pass_b": true,
    "d_total_h": 0.0,
    "d_cont_h": 0.0,
    "change_cd": "keep_ok",
    "변화": "유지 충족"
   }
  },
  {
   "type": "Feature",
   "geometry": {
    "type": "Point",
    "coordinates": [
     126.93510787,
     37.52472383
    ]
   },
   "properties": {
    "pid": "여의도고등학교 운동장-105",
    "school": "여의도고등학교",
    "jibun": "30-1",
    "kind": "운동장 지반",
    "dong": "여의도고등학교 운동장",
    "facade": "지반",
    "floor": 0,
    "source": "옥외지반 근사",
    "z_m": 0.0,
    "normal_az": 180.0,
    "s1_total_h": 5.0,
    "s1_cont_h": 2.5,
    "s1_pass_a": true,
    "s1_pass_b": true,
    "s2_total_h": 5.0,
    "s2_cont_h": 2.5,
    "s2_pass_a": true,
    "s2_pass_b": true,
    "d_total_h": 0.0,
    "d_cont_h": 0.0,
    "change_cd": "keep_ok",
    "변화": "유지 충족"
   }
  },
  {
   "type": "Feature",
   "geometry": {
    "type": "Point",
    "coordinates": [
     126.93356928,
     37.52479505
    ]
   },
   "properties": {
    "pid": "여의도고등학교 운동장-106",
    "school": "여의도고등학교",
    "jibun": "30-1",
    "kind": "운동장 지반",
    "dong": "여의도고등학교 운동장",
    "facade": "지반",
    "floor": 0,
    "source": "옥외지반 근사",
    "z_m": 0.0,
    "normal_az": 180.0,
    "s1_total_h": 3.83,
    "s1_cont_h": 3.0,
    "s1_pass_a": true,
    "s1_pass_b": true,
    "s2_total_h": 3.83,
    "s2_cont_h": 3.0,
    "s2_pass_a": true,
    "s2_pass_b": true,
    "d_total_h": 0.0,
    "d_cont_h": 0.0,
    "change_cd": "keep_ok",
    "변화": "유지 충족"
   }
  },
  {
   "type": "Feature",
   "geometry": {
    "type": "Point",
    "coordinates": [
     126.93365979,
     37.5247951
    ]
   },
   "properties": {
    "pid": "여의도고등학교 운동장-107",
    "school": "여의도고등학교",
    "jibun": "30-1",
    "kind": "운동장 지반",
    "dong": "여의도고등학교 운동장",
    "facade": "지반",
    "floor": 0,
    "source": "옥외지반 근사",
    "z_m": 0.0,
    "normal_az": 180.0,
    "s1_total_h": 3.83,
    "s1_cont_h": 3.0,
    "s1_pass_a": true,
    "s1_pass_b": true,
    "s2_total_h": 3.83,
    "s2_cont_h": 3.0,
    "s2_pass_a": true,
    "s2_pass_b": true,
    "d_total_h": 0.0,
    "d_cont_h": 0.0,
    "change_cd": "keep_ok",
    "변화": "유지 충족"
   }
  },
  {
   "type": "Feature",
   "geometry": {
    "type": "Point",
    "coordinates": [
     126.93375029,
     37.52479515
    ]
   },
   "properties": {
    "pid": "여의도고등학교 운동장-108",
    "school": "여의도고등학교",
    "jibun": "30-1",
    "kind": "운동장 지반",
    "dong": "여의도고등학교 운동장",
    "facade": "지반",
    "floor": 0,
    "source": "옥외지반 근사",
    "z_m": 0.0,
    "normal_az": 180.0,
    "s1_total_h": 4.17,
    "s1_cont_h": 2.83,
    "s1_pass_a": true,
    "s1_pass_b": true,
    "s2_total_h": 4.17,
    "s2_cont_h": 2.83,
    "s2_pass_a": true,
    "s2_pass_b": true,
    "d_total_h": 0.0,
    "d_cont_h": 0.0,
    "change_cd": "keep_ok",
    "변화": "유지 충족"
   }
  },
  {
   "type": "Feature",
   "geometry": {
    "type": "Point",
    "coordinates": [
     126.93384079,
     37.5247952
    ]
   },
   "properties": {
    "pid": "여의도고등학교 운동장-109",
    "school": "여의도고등학교",
    "jibun": "30-1",
    "kind": "운동장 지반",
    "dong": "여의도고등학교 운동장",
    "facade": "지반",
    "floor": 0,
    "source": "옥외지반 근사",
    "z_m": 0.0,
    "normal_az": 180.0,
    "s1_total_h": 4.5,
    "s1_cont_h": 2.5,
    "s1_pass_a": true,
    "s1_pass_b": true,
    "s2_total_h": 4.5,
    "s2_cont_h": 2.5,
    "s2_pass_a": true,
    "s2_pass_b": true,
    "d_total_h": 0.0,
    "d_cont_h": 0.0,
    "change_cd": "keep_ok",
    "변화": "유지 충족"
   }
  },
  {
   "type": "Feature",
   "geometry": {
    "type": "Point",
    "coordinates": [
     126.93393129,
     37.52479525
    ]
   },
   "properties": {
    "pid": "여의도고등학교 운동장-110",
    "school": "여의도고등학교",
    "jibun": "30-1",
    "kind": "운동장 지반",
    "dong": "여의도고등학교 운동장",
    "facade": "지반",
    "floor": 0,
    "source": "옥외지반 근사",
    "z_m": 0.0,
    "normal_az": 180.0,
    "s1_total_h": 5.33,
    "s1_cont_h": 2.33,
    "s1_pass_a": true,
    "s1_pass_b": true,
    "s2_total_h": 5.33,
    "s2_cont_h": 2.33,
    "s2_pass_a": true,
    "s2_pass_b": true,
    "d_total_h": 0.0,
    "d_cont_h": 0.0,
    "change_cd": "keep_ok",
    "변화": "유지 충족"
   }
  },
  {
   "type": "Feature",
   "geometry": {
    "type": "Point",
    "coordinates": [
     126.93402179,
     37.5247953
    ]
   },
   "properties": {
    "pid": "여의도고등학교 운동장-111",
    "school": "여의도고등학교",
    "jibun": "30-1",
    "kind": "운동장 지반",
    "dong": "여의도고등학교 운동장",
    "facade": "지반",
    "floor": 0,
    "source": "옥외지반 근사",
    "z_m": 0.0,
    "normal_az": 180.0,
    "s1_total_h": 5.33,
    "s1_cont_h": 1.83,
    "s1_pass_a": true,
    "s1_pass_b": false,
    "s2_total_h": 5.33,
    "s2_cont_h": 1.83,
    "s2_pass_a": true,
    "s2_pass_b": false,
    "d_total_h": 0.0,
    "d_cont_h": 0.0,
    "change_cd": "keep_ok",
    "변화": "유지 충족"
   }
  },
  {
   "type": "Feature",
   "geometry": {
    "type": "Point",
    "coordinates": [
     126.93411229,
     37.52479535
    ]
   },
   "properties": {
    "pid": "여의도고등학교 운동장-112",
    "school": "여의도고등학교",
    "jibun": "30-1",
    "kind": "운동장 지반",
    "dong": "여의도고등학교 운동장",
    "facade": "지반",
    "floor": 0,
    "source": "옥외지반 근사",
    "z_m": 0.0,
    "normal_az": 180.0,
    "s1_total_h": 5.33,
    "s1_cont_h": 3.5,
    "s1_pass_a": true,
    "s1_pass_b": true,
    "s2_total_h": 5.33,
    "s2_cont_h": 3.5,
    "s2_pass_a": true,
    "s2_pass_b": true,
    "d_total_h": 0.0,
    "d_cont_h": 0.0,
    "change_cd": "keep_ok",
    "변화": "유지 충족"
   }
  },
  {
   "type": "Feature",
   "geometry": {
    "type": "Point",
    "coordinates": [
     126.93420279,
     37.52479541
    ]
   },
   "properties": {
    "pid": "여의도고등학교 운동장-113",
    "school": "여의도고등학교",
    "jibun": "30-1",
    "kind": "운동장 지반",
    "dong": "여의도고등학교 운동장",
    "facade": "지반",
    "floor": 0,
    "source": "옥외지반 근사",
    "z_m": 0.0,
    "normal_az": 180.0,
    "s1_total_h": 4.5,
    "s1_cont_h": 2.83,
    "s1_pass_a": true,
    "s1_pass_b": true,
    "s2_total_h": 4.5,
    "s2_cont_h": 2.83,
    "s2_pass_a": true,
    "s2_pass_b": true,
    "d_total_h": 0.0,
    "d_cont_h": 0.0,
    "change_cd": "keep_ok",
    "변화": "유지 충족"
   }
  },
  {
   "type": "Feature",
   "geometry": {
    "type": "Point",
    "coordinates": [
     126.9342933,
     37.52479546
    ]
   },
   "properties": {
    "pid": "여의도고등학교 운동장-114",
    "school": "여의도고등학교",
    "jibun": "30-1",
    "kind": "운동장 지반",
    "dong": "여의도고등학교 운동장",
    "facade": "지반",
    "floor": 0,
    "source": "옥외지반 근사",
    "z_m": 0.0,
    "normal_az": 180.0,
    "s1_total_h": 2.83,
    "s1_cont_h": 1.17,
    "s1_pass_a": false,
    "s1_pass_b": false,
    "s2_total_h": 2.83,
    "s2_cont_h": 1.17,
    "s2_pass_a": false,
    "s2_pass_b": false,
    "d_total_h": 0.0,
    "d_cont_h": 0.0,
    "change_cd": "keep_fail",
    "변화": "유지 불충족"
   }
  },
  {
   "type": "Feature",
   "geometry": {
    "type": "Point",
    "coordinates": [
     126.93492681,
     37.52479581
    ]
   },
   "properties": {
    "pid": "여의도고등학교 운동장-115",
    "school": "여의도고등학교",
    "jibun": "30-1",
    "kind": "운동장 지반",
    "dong": "여의도고등학교 운동장",
    "facade": "지반",
    "floor": 0,
    "source": "옥외지반 근사",
    "z_m": 0.0,
    "normal_az": 180.0,
    "s1_total_h": 5.33,
    "s1_cont_h": 3.67,
    "s1_pass_a": true,
    "s1_pass_b": true,
    "s2_total_h": 5.33,
    "s2_cont_h": 3.67,
    "s2_pass_a": true,
    "s2_pass_b": true,
    "d_total_h": 0.0,
    "d_cont_h": 0.0,
    "change_cd": "keep_ok",
    "변화": "유지 충족"
   }
  },
  {
   "type": "Feature",
   "geometry": {
    "type": "Point",
    "coordinates": [
     126.93501731,
     37.52479586
    ]
   },
   "properties": {
    "pid": "여의도고등학교 운동장-116",
    "school": "여의도고등학교",
    "jibun": "30-1",
    "kind": "운동장 지반",
    "dong": "여의도고등학교 운동장",
    "facade": "지반",
    "floor": 0,
    "source": "옥외지반 근사",
    "z_m": 0.0,
    "normal_az": 180.0,
    "s1_total_h": 5.83,
    "s1_cont_h": 3.0,
    "s1_pass_a": true,
    "s1_pass_b": true,
    "s2_total_h": 5.83,
    "s2_cont_h": 3.0,
    "s2_pass_a": true,
    "s2_pass_b": true,
    "d_total_h": 0.0,
    "d_cont_h": 0.0,
    "change_cd": "keep_ok",
    "변화": "유지 충족"
   }
  },
  {
   "type": "Feature",
   "geometry": {
    "type": "Point",
    "coordinates": [
     126.93510781,
     37.52479591
    ]
   },
   "properties": {
    "pid": "여의도고등학교 운동장-117",
    "school": "여의도고등학교",
    "jibun": "30-1",
    "kind": "운동장 지반",
    "dong": "여의도고등학교 운동장",
    "facade": "지반",
    "floor": 0,
    "source": "옥외지반 근사",
    "z_m": 0.0,
    "normal_az": 180.0,
    "s1_total_h": 6.0,
    "s1_cont_h": 2.5,
    "s1_pass_a": true,
    "s1_pass_b": true,
    "s2_total_h": 6.0,
    "s2_cont_h": 2.5,
    "s2_pass_a": true,
    "s2_pass_b": true,
    "d_total_h": 0.0,
    "d_cont_h": 0.0,
    "change_cd": "keep_ok",
    "변화": "유지 충족"
   }
  },
  {
   "type": "Feature",
   "geometry": {
    "type": "Point",
    "coordinates": [
     126.93356922,
     37.52486713
    ]
   },
   "properties": {
    "pid": "여의도고등학교 운동장-118",
    "school": "여의도고등학교",
    "jibun": "30-1",
    "kind": "운동장 지반",
    "dong": "여의도고등학교 운동장",
    "facade": "지반",
    "floor": 0,
    "source": "옥외지반 근사",
    "z_m": 0.0,
    "normal_az": 180.0,
    "s1_total_h": 4.5,
    "s1_cont_h": 3.33,
    "s1_pass_a": true,
    "s1_pass_b": true,
    "s2_total_h": 4.5,
    "s2_cont_h": 3.33,
    "s2_pass_a": true,
    "s2_pass_b": true,
    "d_total_h": 0.0,
    "d_cont_h": 0.0,
    "change_cd": "keep_ok",
    "변화": "유지 충족"
   }
  },
  {
   "type": "Feature",
   "geometry": {
    "type": "Point",
    "coordinates": [
     126.93365972,
     37.52486718
    ]
   },
   "properties": {
    "pid": "여의도고등학교 운동장-119",
    "school": "여의도고등학교",
    "jibun": "30-1",
    "kind": "운동장 지반",
    "dong": "여의도고등학교 운동장",
    "facade": "지반",
    "floor": 0,
    "source": "옥외지반 근사",
    "z_m": 0.0,
    "normal_az": 180.0,
    "s1_total_h": 4.17,
    "s1_cont_h": 3.17,
    "s1_pass_a": true,
    "s1_pass_b": true,
    "s2_total_h": 4.17,
    "s2_cont_h": 3.17,
    "s2_pass_a": true,
    "s2_pass_b": true,
    "d_total_h": 0.0,
    "d_cont_h": 0.0,
    "change_cd": "keep_ok",
    "변화": "유지 충족"
   }
  },
  {
   "type": "Feature",
   "geometry": {
    "type": "Point",
    "coordinates": [
     126.93375022,
     37.52486723
    ]
   },
   "properties": {
    "pid": "여의도고등학교 운동장-120",
    "school": "여의도고등학교",
    "jibun": "30-1",
    "kind": "운동장 지반",
    "dong": "여의도고등학교 운동장",
    "facade": "지반",
    "floor": 0,
    "source": "옥외지반 근사",
    "z_m": 0.0,
    "normal_az": 180.0,
    "s1_total_h": 5.0,
    "s1_cont_h": 3.17,
    "s1_pass_a": true,
    "s1_pass_b": true,
    "s2_total_h": 5.0,
    "s2_cont_h": 3.17,
    "s2_pass_a": true,
    "s2_pass_b": true,
    "d_total_h": 0.0,
    "d_cont_h": 0.0,
    "change_cd": "keep_ok",
    "변화": "유지 충족"
   }
  },
  {
   "type": "Feature",
   "geometry": {
    "type": "Point",
    "coordinates": [
     126.93384072,
     37.52486728
    ]
   },
   "properties": {
    "pid": "여의도고등학교 운동장-121",
    "school": "여의도고등학교",
    "jibun": "30-1",
    "kind": "운동장 지반",
    "dong": "여의도고등학교 운동장",
    "facade": "지반",
    "floor": 0,
    "source": "옥외지반 근사",
    "z_m": 0.0,
    "normal_az": 180.0,
    "s1_total_h": 5.5,
    "s1_cont_h": 4.33,
    "s1_pass_a": true,
    "s1_pass_b": true,
    "s2_total_h": 5.5,
    "s2_cont_h": 4.33,
    "s2_pass_a": true,
    "s2_pass_b": true,
    "d_total_h": 0.0,
    "d_cont_h": 0.0,
    "change_cd": "keep_ok",
    "변화": "유지 충족"
   }
  },
  {
   "type": "Feature",
   "geometry": {
    "type": "Point",
    "coordinates": [
     126.93393123,
     37.52486733
    ]
   },
   "properties": {
    "pid": "여의도고등학교 운동장-122",
    "school": "여의도고등학교",
    "jibun": "30-1",
    "kind": "운동장 지반",
    "dong": "여의도고등학교 운동장",
    "facade": "지반",
    "floor": 0,
    "source": "옥외지반 근사",
    "z_m": 0.0,
    "normal_az": 180.0,
    "s1_total_h": 5.5,
    "s1_cont_h": 3.83,
    "s1_pass_a": true,
    "s1_pass_b": true,
    "s2_total_h": 5.5,
    "s2_cont_h": 3.83,
    "s2_pass_a": true,
    "s2_pass_b": true,
    "d_total_h": 0.0,
    "d_cont_h": 0.0,
    "change_cd": "keep_ok",
    "변화": "유지 충족"
   }
  },
  {
   "type": "Feature",
   "geometry": {
    "type": "Point",
    "coordinates": [
     126.93402173,
     37.52486738
    ]
   },
   "properties": {
    "pid": "여의도고등학교 운동장-123",
    "school": "여의도고등학교",
    "jibun": "30-1",
    "kind": "운동장 지반",
    "dong": "여의도고등학교 운동장",
    "facade": "지반",
    "floor": 0,
    "source": "옥외지반 근사",
    "z_m": 0.0,
    "normal_az": 180.0,
    "s1_total_h": 5.5,
    "s1_cont_h": 3.5,
    "s1_pass_a": true,
    "s1_pass_b": true,
    "s2_total_h": 5.5,
    "s2_cont_h": 3.5,
    "s2_pass_a": true,
    "s2_pass_b": true,
    "d_total_h": 0.0,
    "d_cont_h": 0.0,
    "change_cd": "keep_ok",
    "변화": "유지 충족"
   }
  },
  {
   "type": "Feature",
   "geometry": {
    "type": "Point",
    "coordinates": [
     126.93411223,
     37.52486743
    ]
   },
   "properties": {
    "pid": "여의도고등학교 운동장-124",
    "school": "여의도고등학교",
    "jibun": "30-1",
    "kind": "운동장 지반",
    "dong": "여의도고등학교 운동장",
    "facade": "지반",
    "floor": 0,
    "source": "옥외지반 근사",
    "z_m": 0.0,
    "normal_az": 180.0,
    "s1_total_h": 4.83,
    "s1_cont_h": 3.17,
    "s1_pass_a": true,
    "s1_pass_b": true,
    "s2_total_h": 4.83,
    "s2_cont_h": 3.17,
    "s2_pass_a": true,
    "s2_pass_b": true,
    "d_total_h": 0.0,
    "d_cont_h": 0.0,
    "change_cd": "keep_ok",
    "변화": "유지 충족"
   }
  },
  {
   "type": "Feature",
   "geometry": {
    "type": "Point",
    "coordinates": [
     126.93420273,
     37.52486749
    ]
   },
   "properties": {
    "pid": "여의도고등학교 운동장-125",
    "school": "여의도고등학교",
    "jibun": "30-1",
    "kind": "운동장 지반",
    "dong": "여의도고등학교 운동장",
    "facade": "지반",
    "floor": 0,
    "source": "옥외지반 근사",
    "z_m": 0.0,
    "normal_az": 180.0,
    "s1_total_h": 3.83,
    "s1_cont_h": 2.17,
    "s1_pass_a": true,
    "s1_pass_b": true,
    "s2_total_h": 3.83,
    "s2_cont_h": 2.17,
    "s2_pass_a": true,
    "s2_pass_b": true,
    "d_total_h": 0.0,
    "d_cont_h": 0.0,
    "change_cd": "keep_ok",
    "변화": "유지 충족"
   }
  },
  {
   "type": "Feature",
   "geometry": {
    "type": "Point",
    "coordinates": [
     126.93483624,
     37.52486784
    ]
   },
   "properties": {
    "pid": "여의도고등학교 운동장-126",
    "school": "여의도고등학교",
    "jibun": "30-1",
    "kind": "운동장 지반",
    "dong": "여의도고등학교 운동장",
    "facade": "지반",
    "floor": 0,
    "source": "옥외지반 근사",
    "z_m": 0.0,
    "normal_az": 180.0,
    "s1_total_h": 2.67,
    "s1_cont_h": 1.67,
    "s1_pass_a": false,
    "s1_pass_b": false,
    "s2_total_h": 2.67,
    "s2_cont_h": 1.67,
    "s2_pass_a": false,
    "s2_pass_b": false,
    "d_total_h": 0.0,
    "d_cont_h": 0.0,
    "change_cd": "keep_fail",
    "변화": "유지 불충족"
   }
  },
  {
   "type": "Feature",
   "geometry": {
    "type": "Point",
    "coordinates": [
     126.93492674,
     37.52486789
    ]
   },
   "properties": {
    "pid": "여의도고등학교 운동장-127",
    "school": "여의도고등학교",
    "jibun": "30-1",
    "kind": "운동장 지반",
    "dong": "여의도고등학교 운동장",
    "facade": "지반",
    "floor": 0,
    "source": "옥외지반 근사",
    "z_m": 0.0,
    "normal_az": 180.0,
    "s1_total_h": 5.17,
    "s1_cont_h": 3.5,
    "s1_pass_a": true,
    "s1_pass_b": true,
    "s2_total_h": 5.17,
    "s2_cont_h": 3.5,
    "s2_pass_a": true,
    "s2_pass_b": true,
    "d_total_h": 0.0,
    "d_cont_h": 0.0,
    "change_cd": "keep_ok",
    "변화": "유지 충족"
   }
  },
  {
   "type": "Feature",
   "geometry": {
    "type": "Point",
    "coordinates": [
     126.93501725,
     37.52486794
    ]
   },
   "properties": {
    "pid": "여의도고등학교 운동장-128",
    "school": "여의도고등학교",
    "jibun": "30-1",
    "kind": "운동장 지반",
    "dong": "여의도고등학교 운동장",
    "facade": "지반",
    "floor": 0,
    "source": "옥외지반 근사",
    "z_m": 0.0,
    "normal_az": 180.0,
    "s1_total_h": 6.33,
    "s1_cont_h": 3.33,
    "s1_pass_a": true,
    "s1_pass_b": true,
    "s2_total_h": 6.33,
    "s2_cont_h": 3.33,
    "s2_pass_a": true,
    "s2_pass_b": true,
    "d_total_h": 0.0,
    "d_cont_h": 0.0,
    "change_cd": "keep_ok",
    "변화": "유지 충족"
   }
  },
  {
   "type": "Feature",
   "geometry": {
    "type": "Point",
    "coordinates": [
     126.93510775,
     37.52486799
    ]
   },
   "properties": {
    "pid": "여의도고등학교 운동장-129",
    "school": "여의도고등학교",
    "jibun": "30-1",
    "kind": "운동장 지반",
    "dong": "여의도고등학교 운동장",
    "facade": "지반",
    "floor": 0,
    "source": "옥외지반 근사",
    "z_m": 0.0,
    "normal_az": 180.0,
    "s1_total_h": 7.33,
    "s1_cont_h": 6.17,
    "s1_pass_a": true,
    "s1_pass_b": true,
    "s2_total_h": 7.33,
    "s2_cont_h": 6.17,
    "s2_pass_a": true,
    "s2_pass_b": true,
    "d_total_h": 0.0,
    "d_cont_h": 0.0,
    "change_cd": "keep_ok",
    "변화": "유지 충족"
   }
  },
  {
   "type": "Feature",
   "geometry": {
    "type": "Point",
    "coordinates": [
     126.93519825,
     37.52486804
    ]
   },
   "properties": {
    "pid": "여의도고등학교 운동장-130",
    "school": "여의도고등학교",
    "jibun": "30-1",
    "kind": "운동장 지반",
    "dong": "여의도고등학교 운동장",
    "facade": "지반",
    "floor": 0,
    "source": "옥외지반 근사",
    "z_m": 0.0,
    "normal_az": 180.0,
    "s1_total_h": 7.17,
    "s1_cont_h": 6.17,
    "s1_pass_a": true,
    "s1_pass_b": true,
    "s2_total_h": 7.17,
    "s2_cont_h": 6.17,
    "s2_pass_a": true,
    "s2_pass_b": true,
    "d_total_h": 0.0,
    "d_cont_h": 0.0,
    "change_cd": "keep_ok",
    "변화": "유지 충족"
   }
  },
  {
   "type": "Feature",
   "geometry": {
    "type": "Point",
    "coordinates": [
     126.93347865,
     37.52493916
    ]
   },
   "properties": {
    "pid": "여의도고등학교 운동장-131",
    "school": "여의도고등학교",
    "jibun": "30-1",
    "kind": "운동장 지반",
    "dong": "여의도고등학교 운동장",
    "facade": "지반",
    "floor": 0,
    "source": "옥외지반 근사",
    "z_m": 0.0,
    "normal_az": 180.0,
    "s1_total_h": 5.0,
    "s1_cont_h": 4.17,
    "s1_pass_a": true,
    "s1_pass_b": true,
    "s2_total_h": 5.0,
    "s2_cont_h": 4.17,
    "s2_pass_a": true,
    "s2_pass_b": true,
    "d_total_h": 0.0,
    "d_cont_h": 0.0,
    "change_cd": "keep_ok",
    "변화": "유지 충족"
   }
  },
  {
   "type": "Feature",
   "geometry": {
    "type": "Point",
    "coordinates": [
     126.93356916,
     37.52493921
    ]
   },
   "properties": {
    "pid": "여의도고등학교 운동장-132",
    "school": "여의도고등학교",
    "jibun": "30-1",
    "kind": "운동장 지반",
    "dong": "여의도고등학교 운동장",
    "facade": "지반",
    "floor": 0,
    "source": "옥외지반 근사",
    "z_m": 0.0,
    "normal_az": 180.0,
    "s1_total_h": 5.17,
    "s1_cont_h": 4.5,
    "s1_pass_a": true,
    "s1_pass_b": true,
    "s2_total_h": 5.17,
    "s2_cont_h": 4.5,
    "s2_pass_a": true,
    "s2_pass_b": true,
    "d_total_h": 0.0,
    "d_cont_h": 0.0,
    "change_cd": "keep_ok",
    "변화": "유지 충족"
   }
  },
  {
   "type": "Feature",
   "geometry": {
    "type": "Point",
    "coordinates": [
     126.93365966,
     37.52493926
    ]
   },
   "properties": {
    "pid": "여의도고등학교 운동장-133",
    "school": "여의도고등학교",
    "jibun": "30-1",
    "kind": "운동장 지반",
    "dong": "여의도고등학교 운동장",
    "facade": "지반",
    "floor": 0,
    "source": "옥외지반 근사",
    "z_m": 0.0,
    "normal_az": 180.0,
    "s1_total_h": 5.5,
    "s1_cont_h": 4.5,
    "s1_pass_a": true,
    "s1_pass_b": true,
    "s2_total_h": 5.5,
    "s2_cont_h": 4.5,
    "s2_pass_a": true,
    "s2_pass_b": true,
    "d_total_h": 0.0,
    "d_cont_h": 0.0,
    "change_cd": "keep_ok",
    "변화": "유지 충족"
   }
  },
  {
   "type": "Feature",
   "geometry": {
    "type": "Point",
    "coordinates": [
     126.93375016,
     37.52493931
    ]
   },
   "properties": {
    "pid": "여의도고등학교 운동장-134",
    "school": "여의도고등학교",
    "jibun": "30-1",
    "kind": "운동장 지반",
    "dong": "여의도고등학교 운동장",
    "facade": "지반",
    "floor": 0,
    "source": "옥외지반 근사",
    "z_m": 0.0,
    "normal_az": 180.0,
    "s1_total_h": 5.0,
    "s1_cont_h": 5.0,
    "s1_pass_a": true,
    "s1_pass_b": true,
    "s2_total_h": 5.0,
    "s2_cont_h": 5.0,
    "s2_pass_a": true,
    "s2_pass_b": true,
    "d_total_h": 0.0,
    "d_cont_h": 0.0,
    "change_cd": "keep_ok",
    "변화": "유지 충족"
   }
  },
  {
   "type": "Feature",
   "geometry": {
    "type": "Point",
    "coordinates": [
     126.93384066,
     37.52493936
    ]
   },
   "properties": {
    "pid": "여의도고등학교 운동장-135",
    "school": "여의도고등학교",
    "jibun": "30-1",
    "kind": "운동장 지반",
    "dong": "여의도고등학교 운동장",
    "facade": "지반",
    "floor": 0,
    "source": "옥외지반 근사",
    "z_m": 0.0,
    "normal_az": 180.0,
    "s1_total_h": 5.17,
    "s1_cont_h": 4.83,
    "s1_pass_a": true,
    "s1_pass_b": true,
    "s2_total_h": 5.17,
    "s2_cont_h": 4.83,
    "s2_pass_a": true,
    "s2_pass_b": true,
    "d_total_h": 0.0,
    "d_cont_h": 0.0,
    "change_cd": "keep_ok",
    "변화": "유지 충족"
   }
  },
  {
   "type": "Feature",
   "geometry": {
    "type": "Point",
    "coordinates": [
     126.93393116,
     37.52493941
    ]
   },
   "properties": {
    "pid": "여의도고등학교 운동장-136",
    "school": "여의도고등학교",
    "jibun": "30-1",
    "kind": "운동장 지반",
    "dong": "여의도고등학교 운동장",
    "facade": "지반",
    "floor": 0,
    "source": "옥외지반 근사",
    "z_m": 0.0,
    "normal_az": 180.0,
    "s1_total_h": 5.17,
    "s1_cont_h": 4.67,
    "s1_pass_a": true,
    "s1_pass_b": true,
    "s2_total_h": 5.17,
    "s2_cont_h": 4.67,
    "s2_pass_a": true,
    "s2_pass_b": true,
    "d_total_h": 0.0,
    "d_cont_h": 0.0,
    "change_cd": "keep_ok",
    "변화": "유지 충족"
   }
  },
  {
   "type": "Feature",
   "geometry": {
    "type": "Point",
    "coordinates": [
     126.93402166,
     37.52493946
    ]
   },
   "properties": {
    "pid": "여의도고등학교 운동장-137",
    "school": "여의도고등학교",
    "jibun": "30-1",
    "kind": "운동장 지반",
    "dong": "여의도고등학교 운동장",
    "facade": "지반",
    "floor": 0,
    "source": "옥외지반 근사",
    "z_m": 0.0,
    "normal_az": 180.0,
    "s1_total_h": 4.83,
    "s1_cont_h": 4.17,
    "s1_pass_a": true,
    "s1_pass_b": true,
    "s2_total_h": 4.83,
    "s2_cont_h": 4.17,
    "s2_pass_a": true,
    "s2_pass_b": true,
    "d_total_h": 0.0,
    "d_cont_h": 0.0,
    "change_cd": "keep_ok",
    "변화": "유지 충족"
   }
  },
  {
   "type": "Feature",
   "geometry": {
    "type": "Point",
    "coordinates": [
     126.93411217,
     37.52493952
    ]
   },
   "properties": {
    "pid": "여의도고등학교 운동장-138",
    "school": "여의도고등학교",
    "jibun": "30-1",
    "kind": "운동장 지반",
    "dong": "여의도고등학교 운동장",
    "facade": "지반",
    "floor": 0,
    "source": "옥외지반 근사",
    "z_m": 0.0,
    "normal_az": 180.0,
    "s1_total_h": 4.67,
    "s1_cont_h": 3.67,
    "s1_pass_a": true,
    "s1_pass_b": true,
    "s2_total_h": 4.67,
    "s2_cont_h": 3.67,
    "s2_pass_a": true,
    "s2_pass_b": true,
    "d_total_h": 0.0,
    "d_cont_h": 0.0,
    "change_cd": "keep_ok",
    "변화": "유지 충족"
   }
  },
  {
   "type": "Feature",
   "geometry": {
    "type": "Point",
    "coordinates": [
     126.93420267,
     37.52493957
    ]
   },
   "properties": {
    "pid": "여의도고등학교 운동장-139",
    "school": "여의도고등학교",
    "jibun": "30-1",
    "kind": "운동장 지반",
    "dong": "여의도고등학교 운동장",
    "facade": "지반",
    "floor": 0,
    "source": "옥외지반 근사",
    "z_m": 0.0,
    "normal_az": 180.0,
    "s1_total_h": 4.17,
    "s1_cont_h": 3.17,
    "s1_pass_a": true,
    "s1_pass_b": true,
    "s2_total_h": 4.17,
    "s2_cont_h": 3.17,
    "s2_pass_a": true,
    "s2_pass_b": true,
    "d_total_h": 0.0,
    "d_cont_h": 0.0,
    "change_cd": "keep_ok",
    "변화": "유지 충족"
   }
  },
  {
   "type": "Feature",
   "geometry": {
    "type": "Point",
    "coordinates": [
     126.93447417,
     37.52493972
    ]
   },
   "properties": {
    "pid": "여의도고등학교 운동장-140",
    "school": "여의도고등학교",
    "jibun": "30-1",
    "kind": "운동장 지반",
    "dong": "여의도고등학교 운동장",
    "facade": "지반",
    "floor": 0,
    "source": "옥외지반 근사",
    "z_m": 0.0,
    "normal_az": 180.0,
    "s1_total_h": 0.0,
    "s1_cont_h": 0.0,
    "s1_pass_a": false,
    "s1_pass_b": false,
    "s2_total_h": 0.0,
    "s2_cont_h": 0.0,
    "s2_pass_a": false,
    "s2_pass_b": false,
    "d_total_h": 0.0,
    "d_cont_h": 0.0,
    "change_cd": "keep_fail",
    "변화": "유지 불충족"
   }
  },
  {
   "type": "Feature",
   "geometry": {
    "type": "Point",
    "coordinates": [
     126.93456468,
     37.52493977
    ]
   },
   "properties": {
    "pid": "여의도고등학교 운동장-141",
    "school": "여의도고등학교",
    "jibun": "30-1",
    "kind": "운동장 지반",
    "dong": "여의도고등학교 운동장",
    "facade": "지반",
    "floor": 0,
    "source": "옥외지반 근사",
    "z_m": 0.0,
    "normal_az": 180.0,
    "s1_total_h": 0.0,
    "s1_cont_h": 0.0,
    "s1_pass_a": false,
    "s1_pass_b": false,
    "s2_total_h": 0.0,
    "s2_cont_h": 0.0,
    "s2_pass_a": false,
    "s2_pass_b": false,
    "d_total_h": 0.0,
    "d_cont_h": 0.0,
    "change_cd": "keep_fail",
    "변화": "유지 불충족"
   }
  },
  {
   "type": "Feature",
   "geometry": {
    "type": "Point",
    "coordinates": [
     126.93483618,
     37.52493992
    ]
   },
   "properties": {
    "pid": "여의도고등학교 운동장-142",
    "school": "여의도고등학교",
    "jibun": "30-1",
    "kind": "운동장 지반",
    "dong": "여의도고등학교 운동장",
    "facade": "지반",
    "floor": 0,
    "source": "옥외지반 근사",
    "z_m": 0.0,
    "normal_az": 180.0,
    "s1_total_h": 3.67,
    "s1_cont_h": 2.17,
    "s1_pass_a": true,
    "s1_pass_b": true,
    "s2_total_h": 3.67,
    "s2_cont_h": 2.17,
    "s2_pass_a": true,
    "s2_pass_b": true,
    "d_total_h": 0.0,
    "d_cont_h": 0.0,
    "change_cd": "keep_ok",
    "변화": "유지 충족"
   }
  },
  {
   "type": "Feature",
   "geometry": {
    "type": "Point",
    "coordinates": [
     126.93492668,
     37.52493997
    ]
   },
   "properties": {
    "pid": "여의도고등학교 운동장-143",
    "school": "여의도고등학교",
    "jibun": "30-1",
    "kind": "운동장 지반",
    "dong": "여의도고등학교 운동장",
    "facade": "지반",
    "floor": 0,
    "source": "옥외지반 근사",
    "z_m": 0.0,
    "normal_az": 180.0,
    "s1_total_h": 5.33,
    "s1_cont_h": 5.33,
    "s1_pass_a": true,
    "s1_pass_b": true,
    "s2_total_h": 5.33,
    "s2_cont_h": 5.33,
    "s2_pass_a": true,
    "s2_pass_b": true,
    "d_total_h": 0.0,
    "d_cont_h": 0.0,
    "change_cd": "keep_ok",
    "변화": "유지 충족"
   }
  },
  {
   "type": "Feature",
   "geometry": {
    "type": "Point",
    "coordinates": [
     126.93501718,
     37.52494002
    ]
   },
   "properties": {
    "pid": "여의도고등학교 운동장-144",
    "school": "여의도고등학교",
    "jibun": "30-1",
    "kind": "운동장 지반",
    "dong": "여의도고등학교 운동장",
    "facade": "지반",
    "floor": 0,
    "source": "옥외지반 근사",
    "z_m": 0.0,
    "normal_az": 180.0,
    "s1_total_h": 6.33,
    "s1_cont_h": 6.0,
    "s1_pass_a": true,
    "s1_pass_b": true,
    "s2_total_h": 6.33,
    "s2_cont_h": 6.0,
    "s2_pass_a": true,
    "s2_pass_b": true,
    "d_total_h": 0.0,
    "d_cont_h": 0.0,
    "change_cd": "keep_ok",
    "변화": "유지 충족"
   }
  },
  {
   "type": "Feature",
   "geometry": {
    "type": "Point",
    "coordinates": [
     126.93510769,
     37.52494007
    ]
   },
   "properties": {
    "pid": "여의도고등학교 운동장-145",
    "school": "여의도고등학교",
    "jibun": "30-1",
    "kind": "운동장 지반",
    "dong": "여의도고등학교 운동장",
    "facade": "지반",
    "floor": 0,
    "source": "옥외지반 근사",
    "z_m": 0.0,
    "normal_az": 180.0,
    "s1_total_h": 7.0,
    "s1_cont_h": 6.17,
    "s1_pass_a": true,
    "s1_pass_b": true,
    "s2_total_h": 7.0,
    "s2_cont_h": 6.17,
    "s2_pass_a": true,
    "s2_pass_b": true,
    "d_total_h": 0.0,
    "d_cont_h": 0.0,
    "change_cd": "keep_ok",
    "변화": "유지 충족"
   }
  },
  {
   "type": "Feature",
   "geometry": {
    "type": "Point",
    "coordinates": [
     126.93519819,
     37.52494012
    ]
   },
   "properties": {
    "pid": "여의도고등학교 운동장-146",
    "school": "여의도고등학교",
    "jibun": "30-1",
    "kind": "운동장 지반",
    "dong": "여의도고등학교 운동장",
    "facade": "지반",
    "floor": 0,
    "source": "옥외지반 근사",
    "z_m": 0.0,
    "normal_az": 180.0,
    "s1_total_h": 7.33,
    "s1_cont_h": 6.17,
    "s1_pass_a": true,
    "s1_pass_b": true,
    "s2_total_h": 7.33,
    "s2_cont_h": 6.17,
    "s2_pass_a": true,
    "s2_pass_b": true,
    "d_total_h": 0.0,
    "d_cont_h": 0.0,
    "change_cd": "keep_ok",
    "변화": "유지 충족"
   }
  },
  {
   "type": "Feature",
   "geometry": {
    "type": "Point",
    "coordinates": [
     126.93329759,
     37.52501114
    ]
   },
   "properties": {
    "pid": "여의도고등학교 운동장-147",
    "school": "여의도고등학교",
    "jibun": "30-1",
    "kind": "운동장 지반",
    "dong": "여의도고등학교 운동장",
    "facade": "지반",
    "floor": 0,
    "source": "옥외지반 근사",
    "z_m": 0.0,
    "normal_az": 180.0,
    "s1_total_h": 5.0,
    "s1_cont_h": 4.0,
    "s1_pass_a": true,
    "s1_pass_b": true,
    "s2_total_h": 5.0,
    "s2_cont_h": 4.0,
    "s2_pass_a": true,
    "s2_pass_b": true,
    "d_total_h": 0.0,
    "d_cont_h": 0.0,
    "change_cd": "keep_ok",
    "변화": "유지 충족"
   }
  },
  {
   "type": "Feature",
   "geometry": {
    "type": "Point",
    "coordinates": [
     126.93338809,
     37.52501119
    ]
   },
   "properties": {
    "pid": "여의도고등학교 운동장-148",
    "school": "여의도고등학교",
    "jibun": "30-1",
    "kind": "운동장 지반",
    "dong": "여의도고등학교 운동장",
    "facade": "지반",
    "floor": 0,
    "source": "옥외지반 근사",
    "z_m": 0.0,
    "normal_az": 180.0,
    "s1_total_h": 5.17,
    "s1_cont_h": 4.17,
    "s1_pass_a": true,
    "s1_pass_b": true,
    "s2_total_h": 5.17,
    "s2_cont_h": 4.17,
    "s2_pass_a": true,
    "s2_pass_b": true,
    "d_total_h": 0.0,
    "d_cont_h": 0.0,
    "change_cd": "keep_ok",
    "변화": "유지 충족"
   }
  },
  {
   "type": "Feature",
   "geometry": {
    "type": "Point",
    "coordinates": [
     126.93347859,
     37.52501124
    ]
   },
   "properties": {
    "pid": "여의도고등학교 운동장-149",
    "school": "여의도고등학교",
    "jibun": "30-1",
    "kind": "운동장 지반",
    "dong": "여의도고등학교 운동장",
    "facade": "지반",
    "floor": 0,
    "source": "옥외지반 근사",
    "z_m": 0.0,
    "normal_az": 180.0,
    "s1_total_h": 5.67,
    "s1_cont_h": 4.5,
    "s1_pass_a": true,
    "s1_pass_b": true,
    "s2_total_h": 5.67,
    "s2_cont_h": 4.5,
    "s2_pass_a": true,
    "s2_pass_b": true,
    "d_total_h": 0.0,
    "d_cont_h": 0.0,
    "change_cd": "keep_ok",
    "변화": "유지 충족"
   }
  },
  {
   "type": "Feature",
   "geometry": {
    "type": "Point",
    "coordinates": [
     126.93356909,
     37.52501129
    ]
   },
   "properties": {
    "pid": "여의도고등학교 운동장-150",
    "school": "여의도고등학교",
    "jibun": "30-1",
    "kind": "운동장 지반",
    "dong": "여의도고등학교 운동장",
    "facade": "지반",
    "floor": 0,
    "source": "옥외지반 근사",
    "z_m": 0.0,
    "normal_az": 180.0,
    "s1_total_h": 5.67,
    "s1_cont_h": 5.0,
    "s1_pass_a": true,
    "s1_pass_b": true,
    "s2_total_h": 5.67,
    "s2_cont_h": 5.0,
    "s2_pass_a": true,
    "s2_pass_b": true,
    "d_total_h": 0.0,
    "d_cont_h": 0.0,
    "change_cd": "keep_ok",
    "변화": "유지 충족"
   }
  },
  {
   "type": "Feature",
   "geometry": {
    "type": "Point",
    "coordinates": [
     126.93365959,
     37.52501134
    ]
   },
   "properties": {
    "pid": "여의도고등학교 운동장-151",
    "school": "여의도고등학교",
    "jibun": "30-1",
    "kind": "운동장 지반",
    "dong": "여의도고등학교 운동장",
    "facade": "지반",
    "floor": 0,
    "source": "옥외지반 근사",
    "z_m": 0.0,
    "normal_az": 180.0,
    "s1_total_h": 5.33,
    "s1_cont_h": 4.83,
    "s1_pass_a": true,
    "s1_pass_b": true,
    "s2_total_h": 5.33,
    "s2_cont_h": 4.83,
    "s2_pass_a": true,
    "s2_pass_b": true,
    "d_total_h": 0.0,
    "d_cont_h": 0.0,
    "change_cd": "keep_ok",
    "변화": "유지 충족"
   }
  },
  {
   "type": "Feature",
   "geometry": {
    "type": "Point",
    "coordinates": [
     126.9337501,
     37.52501139
    ]
   },
   "properties": {
    "pid": "여의도고등학교 운동장-152",
    "school": "여의도고등학교",
    "jibun": "30-1",
    "kind": "운동장 지반",
    "dong": "여의도고등학교 운동장",
    "facade": "지반",
    "floor": 0,
    "source": "옥외지반 근사",
    "z_m": 0.0,
    "normal_az": 180.0,
    "s1_total_h": 5.17,
    "s1_cont_h": 4.67,
    "s1_pass_a": true,
    "s1_pass_b": true,
    "s2_total_h": 5.17,
    "s2_cont_h": 4.67,
    "s2_pass_a": true,
    "s2_pass_b": true,
    "d_total_h": 0.0,
    "d_cont_h": 0.0,
    "change_cd": "keep_ok",
    "변화": "유지 충족"
   }
  },
  {
   "type": "Feature",
   "geometry": {
    "type": "Point",
    "coordinates": [
     126.9338406,
     37.52501144
    ]
   },
   "properties": {
    "pid": "여의도고등학교 운동장-153",
    "school": "여의도고등학교",
    "jibun": "30-1",
    "kind": "운동장 지반",
    "dong": "여의도고등학교 운동장",
    "facade": "지반",
    "floor": 0,
    "source": "옥외지반 근사",
    "z_m": 0.0,
    "normal_az": 180.0,
    "s1_total_h": 4.67,
    "s1_cont_h": 4.5,
    "s1_pass_a": true,
    "s1_pass_b": true,
    "s2_total_h": 4.67,
    "s2_cont_h": 4.5,
    "s2_pass_a": true,
    "s2_pass_b": true,
    "d_total_h": 0.0,
    "d_cont_h": 0.0,
    "change_cd": "keep_ok",
    "변화": "유지 충족"
   }
  },
  {
   "type": "Feature",
   "geometry": {
    "type": "Point",
    "coordinates": [
     126.9339311,
     37.52501149
    ]
   },
   "properties": {
    "pid": "여의도고등학교 운동장-154",
    "school": "여의도고등학교",
    "jibun": "30-1",
    "kind": "운동장 지반",
    "dong": "여의도고등학교 운동장",
    "facade": "지반",
    "floor": 0,
    "source": "옥외지반 근사",
    "z_m": 0.0,
    "normal_az": 180.0,
    "s1_total_h": 4.5,
    "s1_cont_h": 4.17,
    "s1_pass_a": true,
    "s1_pass_b": true,
    "s2_total_h": 4.5,
    "s2_cont_h": 4.17,
    "s2_pass_a": true,
    "s2_pass_b": true,
    "d_total_h": 0.0,
    "d_cont_h": 0.0,
    "change_cd": "keep_ok",
    "변화": "유지 충족"
   }
  },
  {
   "type": "Feature",
   "geometry": {
    "type": "Point",
    "coordinates": [
     126.9340216,
     37.52501154
    ]
   },
   "properties": {
    "pid": "여의도고등학교 운동장-155",
    "school": "여의도고등학교",
    "jibun": "30-1",
    "kind": "운동장 지반",
    "dong": "여의도고등학교 운동장",
    "facade": "지반",
    "floor": 0,
    "source": "옥외지반 근사",
    "z_m": 0.0,
    "normal_az": 180.0,
    "s1_total_h": 4.67,
    "s1_cont_h": 4.0,
    "s1_pass_a": true,
    "s1_pass_b": true,
    "s2_total_h": 4.67,
    "s2_cont_h": 4.0,
    "s2_pass_a": true,
    "s2_pass_b": true,
    "d_total_h": 0.0,
    "d_cont_h": 0.0,
    "change_cd": "keep_ok",
    "변화": "유지 충족"
   }
  },
  {
   "type": "Feature",
   "geometry": {
    "type": "Point",
    "coordinates": [
     126.9341121,
     37.5250116
    ]
   },
   "properties": {
    "pid": "여의도고등학교 운동장-156",
    "school": "여의도고등학교",
    "jibun": "30-1",
    "kind": "운동장 지반",
    "dong": "여의도고등학교 운동장",
    "facade": "지반",
    "floor": 0,
    "source": "옥외지반 근사",
    "z_m": 0.0,
    "normal_az": 180.0,
    "s1_total_h": 4.5,
    "s1_cont_h": 3.83,
    "s1_pass_a": true,
    "s1_pass_b": true,
    "s2_total_h": 4.5,
    "s2_cont_h": 3.83,
    "s2_pass_a": true,
    "s2_pass_b": true,
    "d_total_h": 0.0,
    "d_cont_h": 0.0,
    "change_cd": "keep_ok",
    "변화": "유지 충족"
   }
  },
  {
   "type": "Feature",
   "geometry": {
    "type": "Point",
    "coordinates": [
     126.93447411,
     37.5250118
    ]
   },
   "properties": {
    "pid": "여의도고등학교 운동장-157",
    "school": "여의도고등학교",
    "jibun": "30-1",
    "kind": "운동장 지반",
    "dong": "여의도고등학교 운동장",
    "facade": "지반",
    "floor": 0,
    "source": "옥외지반 근사",
    "z_m": 0.0,
    "normal_az": 180.0,
    "s1_total_h": 0.0,
    "s1_cont_h": 0.0,
    "s1_pass_a": false,
    "s1_pass_b": false,
    "s2_total_h": 0.0,
    "s2_cont_h": 0.0,
    "s2_pass_a": false,
    "s2_pass_b": false,
    "d_total_h": 0.0,
    "d_cont_h": 0.0,
    "change_cd": "keep_fail",
    "변화": "유지 불충족"
   }
  },
  {
   "type": "Feature",
   "geometry": {
    "type": "Point",
    "coordinates": [
     126.93456461,
     37.52501185
    ]
   },
   "properties": {
    "pid": "여의도고등학교 운동장-158",
    "school": "여의도고등학교",
    "jibun": "30-1",
    "kind": "운동장 지반",
    "dong": "여의도고등학교 운동장",
    "facade": "지반",
    "floor": 0,
    "source": "옥외지반 근사",
    "z_m": 0.0,
    "normal_az": 180.0,
    "s1_total_h": 0.0,
    "s1_cont_h": 0.0,
    "s1_pass_a": false,
    "s1_pass_b": false,
    "s2_total_h": 0.0,
    "s2_cont_h": 0.0,
    "s2_pass_a": false,
    "s2_pass_b": false,
    "d_total_h": 0.0,
    "d_cont_h": 0.0,
    "change_cd": "keep_fail",
    "변화": "유지 불충족"
   }
  },
  {
   "type": "Feature",
   "geometry": {
    "type": "Point",
    "coordinates": [
     126.93465511,
     37.5250119
    ]
   },
   "properties": {
    "pid": "여의도고등학교 운동장-159",
    "school": "여의도고등학교",
    "jibun": "30-1",
    "kind": "운동장 지반",
    "dong": "여의도고등학교 운동장",
    "facade": "지반",
    "floor": 0,
    "source": "옥외지반 근사",
    "z_m": 0.0,
    "normal_az": 180.0,
    "s1_total_h": 1.5,
    "s1_cont_h": 1.17,
    "s1_pass_a": false,
    "s1_pass_b": false,
    "s2_total_h": 1.5,
    "s2_cont_h": 1.17,
    "s2_pass_a": false,
    "s2_pass_b": false,
    "d_total_h": 0.0,
    "d_cont_h": 0.0,
    "change_cd": "keep_fail",
    "변화": "유지 불충족"
   }
  },
  {
   "type": "Feature",
   "geometry": {
    "type": "Point",
    "coordinates": [
     126.93474562,
     37.52501195
    ]
   },
   "properties": {
    "pid": "여의도고등학교 운동장-160",
    "school": "여의도고등학교",
    "jibun": "30-1",
    "kind": "운동장 지반",
    "dong": "여의도고등학교 운동장",
    "facade": "지반",
    "floor": 0,
    "source": "옥외지반 근사",
    "z_m": 0.0,
    "normal_az": 180.0,
    "s1_total_h": 3.17,
    "s1_cont_h": 3.17,
    "s1_pass_a": true,
    "s1_pass_b": true,
    "s2_total_h": 3.17,
    "s2_cont_h": 3.17,
    "s2_pass_a": true,
    "s2_pass_b": true,
    "d_total_h": 0.0,
    "d_cont_h": 0.0,
    "change_cd": "keep_ok",
    "변화": "유지 충족"
   }
  },
  {
   "type": "Feature",
   "geometry": {
    "type": "Point",
    "coordinates": [
     126.93483612,
     37.525012
    ]
   },
   "properties": {
    "pid": "여의도고등학교 운동장-161",
    "school": "여의도고등학교",
    "jibun": "30-1",
    "kind": "운동장 지반",
    "dong": "여의도고등학교 운동장",
    "facade": "지반",
    "floor": 0,
    "source": "옥외지반 근사",
    "z_m": 0.0,
    "normal_az": 180.0,
    "s1_total_h": 4.17,
    "s1_cont_h": 4.17,
    "s1_pass_a": true,
    "s1_pass_b": true,
    "s2_total_h": 4.17,
    "s2_cont_h": 4.17,
    "s2_pass_a": true,
    "s2_pass_b": true,
    "d_total_h": 0.0,
    "d_cont_h": 0.0,
    "change_cd": "keep_ok",
    "변화": "유지 충족"
   }
  },
  {
   "type": "Feature",
   "geometry": {
    "type": "Point",
    "coordinates": [
     126.93492662,
     37.52501205
    ]
   },
   "properties": {
    "pid": "여의도고등학교 운동장-162",
    "school": "여의도고등학교",
    "jibun": "30-1",
    "kind": "운동장 지반",
    "dong": "여의도고등학교 운동장",
    "facade": "지반",
    "floor": 0,
    "source": "옥외지반 근사",
    "z_m": 0.0,
    "normal_az": 180.0,
    "s1_total_h": 5.17,
    "s1_cont_h": 5.17,
    "s1_pass_a": true,
    "s1_pass_b": true,
    "s2_total_h": 5.17,
    "s2_cont_h": 5.17,
    "s2_pass_a": true,
    "s2_pass_b": true,
    "d_total_h": 0.0,
    "d_cont_h": 0.0,
    "change_cd": "keep_ok",
    "변화": "유지 충족"
   }
  },
  {
   "type": "Feature",
   "geometry": {
    "type": "Point",
    "coordinates": [
     126.93501712,
     37.5250121
    ]
   },
   "properties": {
    "pid": "여의도고등학교 운동장-163",
    "school": "여의도고등학교",
    "jibun": "30-1",
    "kind": "운동장 지반",
    "dong": "여의도고등학교 운동장",
    "facade": "지반",
    "floor": 0,
    "source": "옥외지반 근사",
    "z_m": 0.0,
    "normal_az": 180.0,
    "s1_total_h": 6.0,
    "s1_cont_h": 6.0,
    "s1_pass_a": true,
    "s1_pass_b": true,
    "s2_total_h": 6.0,
    "s2_cont_h": 6.0,
    "s2_pass_a": true,
    "s2_pass_b": true,
    "d_total_h": 0.0,
    "d_cont_h": 0.0,
    "change_cd": "keep_ok",
    "변화": "유지 충족"
   }
  },
  {
   "type": "Feature",
   "geometry": {
    "type": "Point",
    "coordinates": [
     126.93510762,
     37.52501215
    ]
   },
   "properties": {
    "pid": "여의도고등학교 운동장-164",
    "school": "여의도고등학교",
    "jibun": "30-1",
    "kind": "운동장 지반",
    "dong": "여의도고등학교 운동장",
    "facade": "지반",
    "floor": 0,
    "source": "옥외지반 근사",
    "z_m": 0.0,
    "normal_az": 180.0,
    "s1_total_h": 6.67,
    "s1_cont_h": 6.0,
    "s1_pass_a": true,
    "s1_pass_b": true,
    "s2_total_h": 6.67,
    "s2_cont_h": 6.0,
    "s2_pass_a": true,
    "s2_pass_b": true,
    "d_total_h": 0.0,
    "d_cont_h": 0.0,
    "change_cd": "keep_ok",
    "변화": "유지 충족"
   }
  },
  {
   "type": "Feature",
   "geometry": {
    "type": "Point",
    "coordinates": [
     126.93519813,
     37.5250122
    ]
   },
   "properties": {
    "pid": "여의도고등학교 운동장-165",
    "school": "여의도고등학교",
    "jibun": "30-1",
    "kind": "운동장 지반",
    "dong": "여의도고등학교 운동장",
    "facade": "지반",
    "floor": 0,
    "source": "옥외지반 근사",
    "z_m": 0.0,
    "normal_az": 180.0,
    "s1_total_h": 6.33,
    "s1_cont_h": 5.67,
    "s1_pass_a": true,
    "s1_pass_b": true,
    "s2_total_h": 6.33,
    "s2_cont_h": 5.67,
    "s2_pass_a": true,
    "s2_pass_b": true,
    "d_total_h": 0.0,
    "d_cont_h": 0.0,
    "change_cd": "keep_ok",
    "변화": "유지 충족"
   }
  },
  {
   "type": "Feature",
   "geometry": {
    "type": "Point",
    "coordinates": [
     126.93311652,
     37.52508312
    ]
   },
   "properties": {
    "pid": "여의도고등학교 운동장-166",
    "school": "여의도고등학교",
    "jibun": "30-1",
    "kind": "운동장 지반",
    "dong": "여의도고등학교 운동장",
    "facade": "지반",
    "floor": 0,
    "source": "옥외지반 근사",
    "z_m": 0.0,
    "normal_az": 180.0,
    "s1_total_h": 4.83,
    "s1_cont_h": 3.67,
    "s1_pass_a": true,
    "s1_pass_b": true,
    "s2_total_h": 4.83,
    "s2_cont_h": 3.67,
    "s2_pass_a": true,
    "s2_pass_b": true,
    "d_total_h": 0.0,
    "d_cont_h": 0.0,
    "change_cd": "keep_ok",
    "변화": "유지 충족"
   }
  },
  {
   "type": "Feature",
   "geometry": {
    "type": "Point",
    "coordinates": [
     126.93320702,
     37.52508317
    ]
   },
   "properties": {
    "pid": "여의도고등학교 운동장-167",
    "school": "여의도고등학교",
    "jibun": "30-1",
    "kind": "운동장 지반",
    "dong": "여의도고등학교 운동장",
    "facade": "지반",
    "floor": 0,
    "source": "옥외지반 근사",
    "z_m": 0.0,
    "normal_az": 180.0,
    "s1_total_h": 4.83,
    "s1_cont_h": 3.83,
    "s1_pass_a": true,
    "s1_pass_b": true,
    "s2_total_h": 4.83,
    "s2_cont_h": 3.83,
    "s2_pass_a": true,
    "s2_pass_b": true,
    "d_total_h": 0.0,
    "d_cont_h": 0.0,
    "change_cd": "keep_ok",
    "변화": "유지 충족"
   }
  },
  {
   "type": "Feature",
   "geometry": {
    "type": "Point",
    "coordinates": [
     126.93329752,
     37.52508322
    ]
   },
   "properties": {
    "pid": "여의도고등학교 운동장-168",
    "school": "여의도고등학교",
    "jibun": "30-1",
    "kind": "운동장 지반",
    "dong": "여의도고등학교 운동장",
    "facade": "지반",
    "floor": 0,
    "source": "옥외지반 근사",
    "z_m": 0.0,
    "normal_az": 180.0,
    "s1_total_h": 5.33,
    "s1_cont_h": 4.17,
    "s1_pass_a": true,
    "s1_pass_b": true,
    "s2_total_h": 5.33,
    "s2_cont_h": 4.17,
    "s2_pass_a": true,
    "s2_pass_b": true,
    "d_total_h": 0.0,
    "d_cont_h": 0.0,
    "change_cd": "keep_ok",
    "변화": "유지 충족"
   }
  },
  {
   "type": "Feature",
   "geometry": {
    "type": "Point",
    "coordinates": [
     126.93338802,
     37.52508327
    ]
   },
   "properties": {
    "pid": "여의도고등학교 운동장-169",
    "school": "여의도고등학교",
    "jibun": "30-1",
    "kind": "운동장 지반",
    "dong": "여의도고등학교 운동장",
    "facade": "지반",
    "floor": 0,
    "source": "옥외지반 근사",
    "z_m": 0.0,
    "normal_az": 180.0,
    "s1_total_h": 5.83,
    "s1_cont_h": 5.0,
    "s1_pass_a": true,
    "s1_pass_b": true,
    "s2_total_h": 5.83,
    "s2_cont_h": 5.0,
    "s2_pass_a": true,
    "s2_pass_b": true,
    "d_total_h": 0.0,
    "d_cont_h": 0.0,
    "change_cd": "keep_ok",
    "변화": "유지 충족"
   }
  },
  {
   "type": "Feature",
   "geometry": {
    "type": "Point",
    "coordinates": [
     126.93347853,
     37.52508332
    ]
   },
   "properties": {
    "pid": "여의도고등학교 운동장-170",
    "school": "여의도고등학교",
    "jibun": "30-1",
    "kind": "운동장 지반",
    "dong": "여의도고등학교 운동장",
    "facade": "지반",
    "floor": 0,
    "source": "옥외지반 근사",
    "z_m": 0.0,
    "normal_az": 180.0,
    "s1_total_h": 5.67,
    "s1_cont_h": 4.83,
    "s1_pass_a": true,
    "s1_pass_b": true,
    "s2_total_h": 5.67,
    "s2_cont_h": 4.83,
    "s2_pass_a": true,
    "s2_pass_b": true,
    "d_total_h": 0.0,
    "d_cont_h": 0.0,
    "change_cd": "keep_ok",
    "변화": "유지 충족"
   }
  },
  {
   "type": "Feature",
   "geometry": {
    "type": "Point",
    "coordinates": [
     126.93356903,
     37.52508337
    ]
   },
   "properties": {
    "pid": "여의도고등학교 운동장-171",
    "school": "여의도고등학교",
    "jibun": "30-1",
    "kind": "운동장 지반",
    "dong": "여의도고등학교 운동장",
    "facade": "지반",
    "floor": 0,
    "source": "옥외지반 근사",
    "z_m": 0.0,
    "normal_az": 180.0,
    "s1_total_h": 5.5,
    "s1_cont_h": 4.67,
    "s1_pass_a": true,
    "s1_pass_b": true,
    "s2_total_h": 5.5,
    "s2_cont_h": 4.67,
    "s2_pass_a": true,
    "s2_pass_b": true,
    "d_total_h": 0.0,
    "d_cont_h": 0.0,
    "change_cd": "keep_ok",
    "변화": "유지 충족"
   }
  },
  {
   "type": "Feature",
   "geometry": {
    "type": "Point",
    "coordinates": [
     126.93365953,
     37.52508342
    ]
   },
   "properties": {
    "pid": "여의도고등학교 운동장-172",
    "school": "여의도고등학교",
    "jibun": "30-1",
    "kind": "운동장 지반",
    "dong": "여의도고등학교 운동장",
    "facade": "지반",
    "floor": 0,
    "source": "옥외지반 근사",
    "z_m": 0.0,
    "normal_az": 180.0,
    "s1_total_h": 5.33,
    "s1_cont_h": 4.5,
    "s1_pass_a": true,
    "s1_pass_b": true,
    "s2_total_h": 5.33,
    "s2_cont_h": 4.5,
    "s2_pass_a": true,
    "s2_pass_b": true,
    "d_total_h": 0.0,
    "d_cont_h": 0.0,
    "change_cd": "keep_ok",
    "변화": "유지 충족"
   }
  },
  {
   "type": "Feature",
   "geometry": {
    "type": "Point",
    "coordinates": [
     126.93375003,
     37.52508347
    ]
   },
   "properties": {
    "pid": "여의도고등학교 운동장-173",
    "school": "여의도고등학교",
    "jibun": "30-1",
    "kind": "운동장 지반",
    "dong": "여의도고등학교 운동장",
    "facade": "지반",
    "floor": 0,
    "source": "옥외지반 근사",
    "z_m": 0.0,
    "normal_az": 180.0,
    "s1_total_h": 5.33,
    "s1_cont_h": 4.5,
    "s1_pass_a": true,
    "s1_pass_b": true,
    "s2_total_h": 5.33,
    "s2_cont_h": 4.5,
    "s2_pass_a": true,
    "s2_pass_b": true,
    "d_total_h": 0.0,
    "d_cont_h": 0.0,
    "change_cd": "keep_ok",
    "변화": "유지 충족"
   }
  },
  {
   "type": "Feature",
   "geometry": {
    "type": "Point",
    "coordinates": [
     126.93384053,
     37.52508352
    ]
   },
   "properties": {
    "pid": "여의도고등학교 운동장-174",
    "school": "여의도고등학교",
    "jibun": "30-1",
    "kind": "운동장 지반",
    "dong": "여의도고등학교 운동장",
    "facade": "지반",
    "floor": 0,
    "source": "옥외지반 근사",
    "z_m": 0.0,
    "normal_az": 180.0,
    "s1_total_h": 5.17,
    "s1_cont_h": 4.5,
    "s1_pass_a": true,
    "s1_pass_b": true,
    "s2_total_h": 5.17,
    "s2_cont_h": 4.5,
    "s2_pass_a": true,
    "s2_pass_b": true,
    "d_total_h": 0.0,
    "d_cont_h": 0.0,
    "change_cd": "keep_ok",
    "변화": "유지 충족"
   }
  },
  {
   "type": "Feature",
   "geometry": {
    "type": "Point",
    "coordinates": [
     126.93393104,
     37.52508357
    ]
   },
   "properties": {
    "pid": "여의도고등학교 운동장-175",
    "school": "여의도고등학교",
    "jibun": "30-1",
    "kind": "운동장 지반",
    "dong": "여의도고등학교 운동장",
    "facade": "지반",
    "floor": 0,
    "source": "옥외지반 근사",
    "z_m": 0.0,
    "normal_az": 180.0,
    "s1_total_h": 4.83,
    "s1_cont_h": 4.33,
    "s1_pass_a": true,
    "s1_pass_b": true,
    "s2_total_h": 4.83,
    "s2_cont_h": 4.33,
    "s2_pass_a": true,
    "s2_pass_b": true,
    "d_total_h": 0.0,
    "d_cont_h": 0.0,
    "change_cd": "keep_ok",
    "변화": "유지 충족"
   }
  },
  {
   "type": "Feature",
   "geometry": {
    "type": "Point",
    "coordinates": [
     126.93402154,
     37.52508362
    ]
   },
   "properties": {
    "pid": "여의도고등학교 운동장-176",
    "school": "여의도고등학교",
    "jibun": "30-1",
    "kind": "운동장 지반",
    "dong": "여의도고등학교 운동장",
    "facade": "지반",
    "floor": 0,
    "source": "옥외지반 근사",
    "z_m": 0.0,
    "normal_az": 180.0,
    "s1_total_h": 4.83,
    "s1_cont_h": 4.33,
    "s1_pass_a": true,
    "s1_pass_b": true,
    "s2_total_h": 4.83,
    "s2_cont_h": 4.33,
    "s2_pass_a": true,
    "s2_pass_b": true,
    "d_total_h": 0.0,
    "d_cont_h": 0.0,
    "change_cd": "keep_ok",
    "변화": "유지 충족"
   }
  },
  {
   "type": "Feature",
   "geometry": {
    "type": "Point",
    "coordinates": [
     126.93429304,
     37.52508378
    ]
   },
   "properties": {
    "pid": "여의도고등학교 운동장-177",
    "school": "여의도고등학교",
    "jibun": "30-1",
    "kind": "운동장 지반",
    "dong": "여의도고등학교 운동장",
    "facade": "지반",
    "floor": 0,
    "source": "옥외지반 근사",
    "z_m": 0.0,
    "normal_az": 180.0,
    "s1_total_h": 0.0,
    "s1_cont_h": 0.0,
    "s1_pass_a": false,
    "s1_pass_b": false,
    "s2_total_h": 0.0,
    "s2_cont_h": 0.0,
    "s2_pass_a": false,
    "s2_pass_b": false,
    "d_total_h": 0.0,
    "d_cont_h": 0.0,
    "change_cd": "keep_fail",
    "변화": "유지 불충족"
   }
  },
  {
   "type": "Feature",
   "geometry": {
    "type": "Point",
    "coordinates": [
     126.93438355,
     37.52508383
    ]
   },
   "properties": {
    "pid": "여의도고등학교 운동장-178",
    "school": "여의도고등학교",
    "jibun": "30-1",
    "kind": "운동장 지반",
    "dong": "여의도고등학교 운동장",
    "facade": "지반",
    "floor": 0,
    "source": "옥외지반 근사",
    "z_m": 0.0,
    "normal_az": 180.0,
    "s1_total_h": 0.0,
    "s1_cont_h": 0.0,
    "s1_pass_a": false,
    "s1_pass_b": false,
    "s2_total_h": 0.0,
    "s2_cont_h": 0.0,
    "s2_pass_a": false,
    "s2_pass_b": false,
    "d_total_h": 0.0,
    "d_cont_h": 0.0,
    "change_cd": "keep_fail",
    "변화": "유지 불충족"
   }
  },
  {
   "type": "Feature",
   "geometry": {
    "type": "Point",
    "coordinates": [
     126.93447405,
     37.52508388
    ]
   },
   "properties": {
    "pid": "여의도고등학교 운동장-179",
    "school": "여의도고등학교",
    "jibun": "30-1",
    "kind": "운동장 지반",
    "dong": "여의도고등학교 운동장",
    "facade": "지반",
    "floor": 0,
    "source": "옥외지반 근사",
    "z_m": 0.0,
    "normal_az": 180.0,
    "s1_total_h": 1.17,
    "s1_cont_h": 0.67,
    "s1_pass_a": false,
    "s1_pass_b": false,
    "s2_total_h": 1.17,
    "s2_cont_h": 0.67,
    "s2_pass_a": false,
    "s2_pass_b": false,
    "d_total_h": 0.0,
    "d_cont_h": 0.0,
    "change_cd": "keep_fail",
    "변화": "유지 불충족"
   }
  },
  {
   "type": "Feature",
   "geometry": {
    "type": "Point",
    "coordinates": [
     126.93456455,
     37.52508393
    ]
   },
   "properties": {
    "pid": "여의도고등학교 운동장-180",
    "school": "여의도고등학교",
    "jibun": "30-1",
    "kind": "운동장 지반",
    "dong": "여의도고등학교 운동장",
    "facade": "지반",
    "floor": 0,
    "source": "옥외지반 근사",
    "z_m": 0.0,
    "normal_az": 180.0,
    "s1_total_h": 3.0,
    "s1_cont_h": 2.17,
    "s1_pass_a": true,
    "s1_pass_b": false,
    "s2_total_h": 3.0,
    "s2_cont_h": 2.17,
    "s2_pass_a": true,
    "s2_pass_b": false,
    "d_total_h": 0.0,
    "d_cont_h": 0.0,
    "change_cd": "keep_ok",
    "변화": "유지 충족"
   }
  },
  {
   "type": "Feature",
   "geometry": {
    "type": "Point",
    "coordinates": [
     126.93465505,
     37.52508398
    ]
   },
   "properties": {
    "pid": "여의도고등학교 운동장-181",
    "school": "여의도고등학교",
    "jibun": "30-1",
    "kind": "운동장 지반",
    "dong": "여의도고등학교 운동장",
    "facade": "지반",
    "floor": 0,
    "source": "옥외지반 근사",
    "z_m": 0.0,
    "normal_az": 180.0,
    "s1_total_h": 3.5,
    "s1_cont_h": 3.0,
    "s1_pass_a": true,
    "s1_pass_b": true,
    "s2_total_h": 3.5,
    "s2_cont_h": 3.0,
    "s2_pass_a": true,
    "s2_pass_b": true,
    "d_total_h": 0.0,
    "d_cont_h": 0.0,
    "change_cd": "keep_ok",
    "변화": "유지 충족"
   }
  },
  {
   "type": "Feature",
   "geometry": {
    "type": "Point",
    "coordinates": [
     126.93474555,
     37.52508403
    ]
   },
   "properties": {
    "pid": "여의도고등학교 운동장-182",
    "school": "여의도고등학교",
    "jibun": "30-1",
    "kind": "운동장 지반",
    "dong": "여의도고등학교 운동장",
    "facade": "지반",
    "floor": 0,
    "source": "옥외지반 근사",
    "z_m": 0.0,
    "normal_az": 180.0,
    "s1_total_h": 4.0,
    "s1_cont_h": 4.0,
    "s1_pass_a": true,
    "s1_pass_b": true,
    "s2_total_h": 4.0,
    "s2_cont_h": 4.0,
    "s2_pass_a": true,
    "s2_pass_b": true,
    "d_total_h": 0.0,
    "d_cont_h": 0.0,
    "change_cd": "keep_ok",
    "변화": "유지 충족"
   }
  },
  {
   "type": "Feature",
   "geometry": {
    "type": "Point",
    "coordinates": [
     126.93483606,
     37.52508408
    ]
   },
   "properties": {
    "pid": "여의도고등학교 운동장-183",
    "school": "여의도고등학교",
    "jibun": "30-1",
    "kind": "운동장 지반",
    "dong": "여의도고등학교 운동장",
    "facade": "지반",
    "floor": 0,
    "source": "옥외지반 근사",
    "z_m": 0.0,
    "normal_az": 180.0,
    "s1_total_h": 5.0,
    "s1_cont_h": 5.0,
    "s1_pass_a": true,
    "s1_pass_b": true,
    "s2_total_h": 5.0,
    "s2_cont_h": 5.0,
    "s2_pass_a": true,
    "s2_pass_b": true,
    "d_total_h": 0.0,
    "d_cont_h": 0.0,
    "change_cd": "keep_ok",
    "변화": "유지 충족"
   }
  },
  {
   "type": "Feature",
   "geometry": {
    "type": "Point",
    "coordinates": [
     126.93492656,
     37.52508413
    ]
   },
   "properties": {
    "pid": "여의도고등학교 운동장-184",
    "school": "여의도고등학교",
    "jibun": "30-1",
    "kind": "운동장 지반",
    "dong": "여의도고등학교 운동장",
    "facade": "지반",
    "floor": 0,
    "source": "옥외지반 근사",
    "z_m": 0.0,
    "normal_az": 180.0,
    "s1_total_h": 5.83,
    "s1_cont_h": 5.83,
    "s1_pass_a": true,
    "s1_pass_b": true,
    "s2_total_h": 5.83,
    "s2_cont_h": 5.83,
    "s2_pass_a": true,
    "s2_pass_b": true,
    "d_total_h": 0.0,
    "d_cont_h": 0.0,
    "change_cd": "keep_ok",
    "변화": "유지 충족"
   }
  },
  {
   "type": "Feature",
   "geometry": {
    "type": "Point",
    "coordinates": [
     126.93501706,
     37.52508418
    ]
   },
   "properties": {
    "pid": "여의도고등학교 운동장-185",
    "school": "여의도고등학교",
    "jibun": "30-1",
    "kind": "운동장 지반",
    "dong": "여의도고등학교 운동장",
    "facade": "지반",
    "floor": 0,
    "source": "옥외지반 근사",
    "z_m": 0.0,
    "normal_az": 180.0,
    "s1_total_h": 6.17,
    "s1_cont_h": 6.17,
    "s1_pass_a": true,
    "s1_pass_b": true,
    "s2_total_h": 6.17,
    "s2_cont_h": 6.17,
    "s2_pass_a": true,
    "s2_pass_b": true,
    "d_total_h": 0.0,
    "d_cont_h": 0.0,
    "change_cd": "keep_ok",
    "변화": "유지 충족"
   }
  },
  {
   "type": "Feature",
   "geometry": {
    "type": "Point",
    "coordinates": [
     126.93510756,
     37.52508423
    ]
   },
   "properties": {
    "pid": "여의도고등학교 운동장-186",
    "school": "여의도고등학교",
    "jibun": "30-1",
    "kind": "운동장 지반",
    "dong": "여의도고등학교 운동장",
    "facade": "지반",
    "floor": 0,
    "source": "옥외지반 근사",
    "z_m": 0.0,
    "normal_az": 180.0,
    "s1_total_h": 6.17,
    "s1_cont_h": 5.67,
    "s1_pass_a": true,
    "s1_pass_b": true,
    "s2_total_h": 6.17,
    "s2_cont_h": 5.67,
    "s2_pass_a": true,
    "s2_pass_b": true,
    "d_total_h": 0.0,
    "d_cont_h": 0.0,
    "change_cd": "keep_ok",
    "변화": "유지 충족"
   }
  },
  {
   "type": "Feature",
   "geometry": {
    "type": "Point",
    "coordinates": [
     126.93519806,
     37.52508428
    ]
   },
   "properties": {
    "pid": "여의도고등학교 운동장-187",
    "school": "여의도고등학교",
    "jibun": "30-1",
    "kind": "운동장 지반",
    "dong": "여의도고등학교 운동장",
    "facade": "지반",
    "floor": 0,
    "source": "옥외지반 근사",
    "z_m": 0.0,
    "normal_az": 180.0,
    "s1_total_h": 6.5,
    "s1_cont_h": 5.67,
    "s1_pass_a": true,
    "s1_pass_b": true,
    "s2_total_h": 6.5,
    "s2_cont_h": 5.67,
    "s2_pass_a": true,
    "s2_pass_b": true,
    "d_total_h": 0.0,
    "d_cont_h": 0.0,
    "change_cd": "keep_ok",
    "변화": "유지 충족"
   }
  },
  {
   "type": "Feature",
   "geometry": {
    "type": "Point",
    "coordinates": [
     126.93293545,
     37.52515509
    ]
   },
   "properties": {
    "pid": "여의도고등학교 운동장-188",
    "school": "여의도고등학교",
    "jibun": "30-1",
    "kind": "운동장 지반",
    "dong": "여의도고등학교 운동장",
    "facade": "지반",
    "floor": 0,
    "source": "옥외지반 근사",
    "z_m": 0.0,
    "normal_az": 180.0,
    "s1_total_h": 5.0,
    "s1_cont_h": 3.17,
    "s1_pass_a": true,
    "s1_pass_b": true,
    "s2_total_h": 5.0,
    "s2_cont_h": 3.17,
    "s2_pass_a": true,
    "s2_pass_b": true,
    "d_total_h": 0.0,
    "d_cont_h": 0.0,
    "change_cd": "keep_ok",
    "변화": "유지 충족"
   }
  },
  {
   "type": "Feature",
   "geometry": {
    "type": "Point",
    "coordinates": [
     126.93302595,
     37.52515514
    ]
   },
   "properties": {
    "pid": "여의도고등학교 운동장-189",
    "school": "여의도고등학교",
    "jibun": "30-1",
    "kind": "운동장 지반",
    "dong": "여의도고등학교 운동장",
    "facade": "지반",
    "floor": 0,
    "source": "옥외지반 근사",
    "z_m": 0.0,
    "normal_az": 180.0,
    "s1_total_h": 5.67,
    "s1_cont_h": 3.5,
    "s1_pass_a": true,
    "s1_pass_b": true,
    "s2_total_h": 5.67,
    "s2_cont_h": 3.5,
    "s2_pass_a": true,
    "s2_pass_b": true,
    "d_total_h": 0.0,
    "d_cont_h": 0.0,
    "change_cd": "keep_ok",
    "변화": "유지 충족"
   }
  },
  {
   "type": "Feature",
   "geometry": {
    "type": "Point",
    "coordinates": [
     126.93311645,
     37.5251552
    ]
   },
   "properties": {
    "pid": "여의도고등학교 운동장-190",
    "school": "여의도고등학교",
    "jibun": "30-1",
    "kind": "운동장 지반",
    "dong": "여의도고등학교 운동장",
    "facade": "지반",
    "floor": 0,
    "source": "옥외지반 근사",
    "z_m": 0.0,
    "normal_az": 180.0,
    "s1_total_h": 6.17,
    "s1_cont_h": 4.0,
    "s1_pass_a": true,
    "s1_pass_b": true,
    "s2_total_h": 6.17,
    "s2_cont_h": 4.0,
    "s2_pass_a": true,
    "s2_pass_b": true,
    "d_total_h": 0.0,
    "d_cont_h": 0.0,
    "change_cd": "keep_ok",
    "변화": "유지 충족"
   }
  },
  {
   "type": "Feature",
   "geometry": {
    "type": "Point",
    "coordinates": [
     126.93320696,
     37.52515525
    ]
   },
   "properties": {
    "pid": "여의도고등학교 운동장-191",
    "school": "여의도고등학교",
    "jibun": "30-1",
    "kind": "운동장 지반",
    "dong": "여의도고등학교 운동장",
    "facade": "지반",
    "floor": 0,
    "source": "옥외지반 근사",
    "z_m": 0.0,
    "normal_az": 180.0,
    "s1_total_h": 6.33,
    "s1_cont_h": 4.5,
    "s1_pass_a": true,
    "s1_pass_b": true,
    "s2_total_h": 6.33,
    "s2_cont_h": 4.5,
    "s2_pass_a": true,
    "s2_pass_b": true,
    "d_total_h": 0.0,
    "d_cont_h": 0.0,
    "change_cd": "keep_ok",
    "변화": "유지 충족"
   }
  },
  {
   "type": "Feature",
   "geometry": {
    "type": "Point",
    "coordinates": [
     126.93329746,
     37.5251553
    ]
   },
   "properties": {
    "pid": "여의도고등학교 운동장-192",
    "school": "여의도고등학교",
    "jibun": "30-1",
    "kind": "운동장 지반",
    "dong": "여의도고등학교 운동장",
    "facade": "지반",
    "floor": 0,
    "source": "옥외지반 근사",
    "z_m": 0.0,
    "normal_az": 180.0,
    "s1_total_h": 6.17,
    "s1_cont_h": 4.67,
    "s1_pass_a": true,
    "s1_pass_b": true,
    "s2_total_h": 6.17,
    "s2_cont_h": 4.67,
    "s2_pass_a": true,
    "s2_pass_b": true,
    "d_total_h": 0.0,
    "d_cont_h": 0.0,
    "change_cd": "keep_ok",
    "변화": "유지 충족"
   }
  },
  {
   "type": "Feature",
   "geometry": {
    "type": "Point",
    "coordinates": [
     126.93338796,
     37.52515535
    ]
   },
   "properties": {
    "pid": "여의도고등학교 운동장-193",
    "school": "여의도고등학교",
    "jibun": "30-1",
    "kind": "운동장 지반",
    "dong": "여의도고등학교 운동장",
    "facade": "지반",
    "floor": 0,
    "source": "옥외지반 근사",
    "z_m": 0.0,
    "normal_az": 180.0,
    "s1_total_h": 6.0,
    "s1_cont_h": 4.67,
    "s1_pass_a": true,
    "s1_pass_b": true,
    "s2_total_h": 6.0,
    "s2_cont_h": 4.67,
    "s2_pass_a": true,
    "s2_pass_b": true,
    "d_total_h": 0.0,
    "d_cont_h": 0.0,
    "change_cd": "keep_ok",
    "변화": "유지 충족"
   }
  },
  {
   "type": "Feature",
   "geometry": {
    "type": "Point",
    "coordinates": [
     126.93347846,
     37.5251554
    ]
   },
   "properties": {
    "pid": "여의도고등학교 운동장-194",
    "school": "여의도고등학교",
    "jibun": "30-1",
    "kind": "운동장 지반",
    "dong": "여의도고등학교 운동장",
    "facade": "지반",
    "floor": 0,
    "source": "옥외지반 근사",
    "z_m": 0.0,
    "normal_az": 180.0,
    "s1_total_h": 5.5,
    "s1_cont_h": 4.67,
    "s1_pass_a": true,
    "s1_pass_b": true,
    "s2_total_h": 5.5,
    "s2_cont_h": 4.67,
    "s2_pass_a": true,
    "s2_pass_b": true,
    "d_total_h": 0.0,
    "d_cont_h": 0.0,
    "change_cd": "keep_ok",
    "변화": "유지 충족"
   }
  },
  {
   "type": "Feature",
   "geometry": {
    "type": "Point",
    "coordinates": [
     126.93356896,
     37.52515545
    ]
   },
   "properties": {
    "pid": "여의도고등학교 운동장-195",
    "school": "여의도고등학교",
    "jibun": "30-1",
    "kind": "운동장 지반",
    "dong": "여의도고등학교 운동장",
    "facade": "지반",
    "floor": 0,
    "source": "옥외지반 근사",
    "z_m": 0.0,
    "normal_az": 180.0,
    "s1_total_h": 5.33,
    "s1_cont_h": 4.5,
    "s1_pass_a": true,
    "s1_pass_b": true,
    "s2_total_h": 5.33,
    "s2_cont_h": 4.5,
    "s2_pass_a": true,
    "s2_pass_b": true,
    "d_total_h": 0.0,
    "d_cont_h": 0.0,
    "change_cd": "keep_ok",
    "변화": "유지 충족"
   }
  },
  {
   "type": "Feature",
   "geometry": {
    "type": "Point",
    "coordinates": [
     126.93365947,
     37.5251555
    ]
   },
   "properties": {
    "pid": "여의도고등학교 운동장-196",
    "school": "여의도고등학교",
    "jibun": "30-1",
    "kind": "운동장 지반",
    "dong": "여의도고등학교 운동장",
    "facade": "지반",
    "floor": 0,
    "source": "옥외지반 근사",
    "z_m": 0.0,
    "normal_az": 180.0,
    "s1_total_h": 5.67,
    "s1_cont_h": 4.67,
    "s1_pass_a": true,
    "s1_pass_b": true,
    "s2_total_h": 5.67,
    "s2_cont_h": 4.67,
    "s2_pass_a": true,
    "s2_pass_b": true,
    "d_total_h": 0.0,
    "d_cont_h": 0.0,
    "change_cd": "keep_ok",
    "변화": "유지 충족"
   }
  },
  {
   "type": "Feature",
   "geometry": {
    "type": "Point",
    "coordinates": [
     126.93374997,
     37.52515555
    ]
   },
   "properties": {
    "pid": "여의도고등학교 운동장-197",
    "school": "여의도고등학교",
    "jibun": "30-1",
    "kind": "운동장 지반",
    "dong": "여의도고등학교 운동장",
    "facade": "지반",
    "floor": 0,
    "source": "옥외지반 근사",
    "z_m": 0.0,
    "normal_az": 180.0,
    "s1_total_h": 5.5,
    "s1_cont_h": 4.5,
    "s1_pass_a": true,
    "s1_pass_b": true,
    "s2_total_h": 5.5,
    "s2_cont_h": 4.5,
    "s2_pass_a": true,
    "s2_pass_b": true,
    "d_total_h": 0.0,
    "d_cont_h": 0.0,
    "change_cd": "keep_ok",
    "변화": "유지 충족"
   }
  },
  {
   "type": "Feature",
   "geometry": {
    "type": "Point",
    "coordinates": [
     126.93384047,
     37.5251556
    ]
   },
   "properties": {
    "pid": "여의도고등학교 운동장-198",
    "school": "여의도고등학교",
    "jibun": "30-1",
    "kind": "운동장 지반",
    "dong": "여의도고등학교 운동장",
    "facade": "지반",
    "floor": 0,
    "source": "옥외지반 근사",
    "z_m": 0.0,
    "normal_az": 180.0,
    "s1_total_h": 6.0,
    "s1_cont_h": 4.67,
    "s1_pass_a": true,
    "s1_pass_b": true,
    "s2_total_h": 6.0,
    "s2_cont_h": 4.67,
    "s2_pass_a": true,
    "s2_pass_b": true,
    "d_total_h": 0.0,
    "d_cont_h": 0.0,
    "change_cd": "keep_ok",
    "변화": "유지 충족"
   }
  },
  {
   "type": "Feature",
   "geometry": {
    "type": "Point",
    "coordinates": [
     126.93429298,
     37.52515586
    ]
   },
   "properties": {
    "pid": "여의도고등학교 운동장-199",
    "school": "여의도고등학교",
    "jibun": "30-1",
    "kind": "운동장 지반",
    "dong": "여의도고등학교 운동장",
    "facade": "지반",
    "floor": 0,
    "source": "옥외지반 근사",
    "z_m": 0.0,
    "normal_az": 180.0,
    "s1_total_h": 0.33,
    "s1_cont_h": 0.33,
    "s1_pass_a": false,
    "s1_pass_b": false,
    "s2_total_h": 0.33,
    "s2_cont_h": 0.33,
    "s2_pass_a": false,
    "s2_pass_b": false,
    "d_total_h": 0.0,
    "d_cont_h": 0.0,
    "change_cd": "keep_fail",
    "변화": "유지 불충족"
   }
  },
  {
   "type": "Feature",
   "geometry": {
    "type": "Point",
    "coordinates": [
     126.93438348,
     37.52515591
    ]
   },
   "properties": {
    "pid": "여의도고등학교 운동장-200",
    "school": "여의도고등학교",
    "jibun": "30-1",
    "kind": "운동장 지반",
    "dong": "여의도고등학교 운동장",
    "facade": "지반",
    "floor": 0,
    "source": "옥외지반 근사",
    "z_m": 0.0,
    "normal_az": 180.0,
    "s1_total_h": 2.17,
    "s1_cont_h": 1.17,
    "s1_pass_a": false,
    "s1_pass_b": false,
    "s2_total_h": 2.17,
    "s2_cont_h": 1.17,
    "s2_pass_a": false,
    "s2_pass_b": false,
    "d_total_h": 0.0,
    "d_cont_h": 0.0,
    "change_cd": "keep_fail",
    "변화": "유지 불충족"
   }
  },
  {
   "type": "Feature",
   "geometry": {
    "type": "Point",
    "coordinates": [
     126.93447398,
     37.52515596
    ]
   },
   "properties": {
    "pid": "여의도고등학교 운동장-201",
    "school": "여의도고등학교",
    "jibun": "30-1",
    "kind": "운동장 지반",
    "dong": "여의도고등학교 운동장",
    "facade": "지반",
    "floor": 0,
    "source": "옥외지반 근사",
    "z_m": 0.0,
    "normal_az": 180.0,
    "s1_total_h": 3.5,
    "s1_cont_h": 2.0,
    "s1_pass_a": true,
    "s1_pass_b": false,
    "s2_total_h": 3.5,
    "s2_cont_h": 2.0,
    "s2_pass_a": true,
    "s2_pass_b": false,
    "d_total_h": 0.0,
    "d_cont_h": 0.0,
    "change_cd": "keep_ok",
    "변화": "유지 충족"
   }
  },
  {
   "type": "Feature",
   "geometry": {
    "type": "Point",
    "coordinates": [
     126.93456449,
     37.52515601
    ]
   },
   "properties": {
    "pid": "여의도고등학교 운동장-202",
    "school": "여의도고등학교",
    "jibun": "30-1",
    "kind": "운동장 지반",
    "dong": "여의도고등학교 운동장",
    "facade": "지반",
    "floor": 0,
    "source": "옥외지반 근사",
    "z_m": 0.0,
    "normal_az": 180.0,
    "s1_total_h": 4.67,
    "s1_cont_h": 2.67,
    "s1_pass_a": true,
    "s1_pass_b": true,
    "s2_total_h": 4.67,
    "s2_cont_h": 2.67,
    "s2_pass_a": true,
    "s2_pass_b": true,
    "d_total_h": 0.0,
    "d_cont_h": 0.0,
    "change_cd": "keep_ok",
    "변화": "유지 충족"
   }
  },
  {
   "type": "Feature",
   "geometry": {
    "type": "Point",
    "coordinates": [
     126.93465499,
     37.52515606
    ]
   },
   "properties": {
    "pid": "여의도고등학교 운동장-203",
    "school": "여의도고등학교",
    "jibun": "30-1",
    "kind": "운동장 지반",
    "dong": "여의도고등학교 운동장",
    "facade": "지반",
    "floor": 0,
    "source": "옥외지반 근사",
    "z_m": 0.0,
    "normal_az": 180.0,
    "s1_total_h": 5.83,
    "s1_cont_h": 3.67,
    "s1_pass_a": true,
    "s1_pass_b": true,
    "s2_total_h": 5.83,
    "s2_cont_h": 3.67,
    "s2_pass_a": true,
    "s2_pass_b": true,
    "d_total_h": 0.0,
    "d_cont_h": 0.0,
    "change_cd": "keep_ok",
    "변화": "유지 충족"
   }
  },
  {
   "type": "Feature",
   "geometry": {
    "type": "Point",
    "coordinates": [
     126.93474549,
     37.52515611
    ]
   },
   "properties": {
    "pid": "여의도고등학교 운동장-204",
    "school": "여의도고등학교",
    "jibun": "30-1",
    "kind": "운동장 지반",
    "dong": "여의도고등학교 운동장",
    "facade": "지반",
    "floor": 0,
    "source": "옥외지반 근사",
    "z_m": 0.0,
    "normal_az": 180.0,
    "s1_total_h": 6.5,
    "s1_cont_h": 4.83,
    "s1_pass_a": true,
    "s1_pass_b": true,
    "s2_total_h": 6.5,
    "s2_cont_h": 4.83,
    "s2_pass_a": true,
    "s2_pass_b": true,
    "d_total_h": 0.0,
    "d_cont_h": 0.0,
    "change_cd": "keep_ok",
    "변화": "유지 충족"
   }
  },
  {
   "type": "Feature",
   "geometry": {
    "type": "Point",
    "coordinates": [
     126.93483599,
     37.52515616
    ]
   },
   "properties": {
    "pid": "여의도고등학교 운동장-205",
    "school": "여의도고등학교",
    "jibun": "30-1",
    "kind": "운동장 지반",
    "dong": "여의도고등학교 운동장",
    "facade": "지반",
    "floor": 0,
    "source": "옥외지반 근사",
    "z_m": 0.0,
    "normal_az": 180.0,
    "s1_total_h": 6.17,
    "s1_cont_h": 5.5,
    "s1_pass_a": true,
    "s1_pass_b": true,
    "s2_total_h": 6.17,
    "s2_cont_h": 5.5,
    "s2_pass_a": true,
    "s2_pass_b": true,
    "d_total_h": 0.0,
    "d_cont_h": 0.0,
    "change_cd": "keep_ok",
    "변화": "유지 충족"
   }
  },
  {
   "type": "Feature",
   "geometry": {
    "type": "Point",
    "coordinates": [
     126.93492649,
     37.52515621
    ]
   },
   "properties": {
    "pid": "여의도고등학교 운동장-206",
    "school": "여의도고등학교",
    "jibun": "30-1",
    "kind": "운동장 지반",
    "dong": "여의도고등학교 운동장",
    "facade": "지반",
    "floor": 0,
    "source": "옥외지반 근사",
    "z_m": 0.0,
    "normal_az": 180.0,
    "s1_total_h": 6.0,
    "s1_cont_h": 6.0,
    "s1_pass_a": true,
    "s1_pass_b": true,
    "s2_total_h": 6.0,
    "s2_cont_h": 6.0,
    "s2_pass_a": true,
    "s2_pass_b": true,
    "d_total_h": 0.0,
    "d_cont_h": 0.0,
    "change_cd": "keep_ok",
    "변화": "유지 충족"
   }
  },
  {
   "type": "Feature",
   "geometry": {
    "type": "Point",
    "coordinates": [
     126.935017,
     37.52515626
    ]
   },
   "properties": {
    "pid": "여의도고등학교 운동장-207",
    "school": "여의도고등학교",
    "jibun": "30-1",
    "kind": "운동장 지반",
    "dong": "여의도고등학교 운동장",
    "facade": "지반",
    "floor": 0,
    "source": "옥외지반 근사",
    "z_m": 0.0,
    "normal_az": 180.0,
    "s1_total_h": 6.5,
    "s1_cont_h": 6.33,
    "s1_pass_a": true,
    "s1_pass_b": true,
    "s2_total_h": 6.5,
    "s2_cont_h": 6.33,
    "s2_pass_a": true,
    "s2_pass_b": true,
    "d_total_h": 0.0,
    "d_cont_h": 0.0,
    "change_cd": "keep_ok",
    "변화": "유지 충족"
   }
  },
  {
   "type": "Feature",
   "geometry": {
    "type": "Point",
    "coordinates": [
     126.9351075,
     37.52515631
    ]
   },
   "properties": {
    "pid": "여의도고등학교 운동장-208",
    "school": "여의도고등학교",
    "jibun": "30-1",
    "kind": "운동장 지반",
    "dong": "여의도고등학교 운동장",
    "facade": "지반",
    "floor": 0,
    "source": "옥외지반 근사",
    "z_m": 0.0,
    "normal_az": 180.0,
    "s1_total_h": 7.0,
    "s1_cont_h": 7.0,
    "s1_pass_a": true,
    "s1_pass_b": true,
    "s2_total_h": 7.0,
    "s2_cont_h": 7.0,
    "s2_pass_a": true,
    "s2_pass_b": true,
    "d_total_h": 0.0,
    "d_cont_h": 0.0,
    "change_cd": "keep_ok",
    "변화": "유지 충족"
   }
  },
  {
   "type": "Feature",
   "geometry": {
    "type": "Point",
    "coordinates": [
     126.935198,
     37.52515636
    ]
   },
   "properties": {
    "pid": "여의도고등학교 운동장-209",
    "school": "여의도고등학교",
    "jibun": "30-1",
    "kind": "운동장 지반",
    "dong": "여의도고등학교 운동장",
    "facade": "지반",
    "floor": 0,
    "source": "옥외지반 근사",
    "z_m": 0.0,
    "normal_az": 180.0,
    "s1_total_h": 7.0,
    "s1_cont_h": 7.0,
    "s1_pass_a": true,
    "s1_pass_b": true,
    "s2_total_h": 7.0,
    "s2_cont_h": 7.0,
    "s2_pass_a": true,
    "s2_pass_b": true,
    "d_total_h": 0.0,
    "d_cont_h": 0.0,
    "change_cd": "keep_ok",
    "변화": "유지 충족"
   }
  },
  {
   "type": "Feature",
   "geometry": {
    "type": "Point",
    "coordinates": [
     126.93284488,
     37.52522712
    ]
   },
   "properties": {
    "pid": "여의도고등학교 운동장-210",
    "school": "여의도고등학교",
    "jibun": "30-1",
    "kind": "운동장 지반",
    "dong": "여의도고등학교 운동장",
    "facade": "지반",
    "floor": 0,
    "source": "옥외지반 근사",
    "z_m": 0.0,
    "normal_az": 180.0,
    "s1_total_h": 4.5,
    "s1_cont_h": 4.5,
    "s1_pass_a": true,
    "s1_pass_b": true,
    "s2_total_h": 4.5,
    "s2_cont_h": 4.5,
    "s2_pass_a": true,
    "s2_pass_b": true,
    "d_total_h": 0.0,
    "d_cont_h": 0.0,
    "change_cd": "keep_ok",
    "변화": "유지 충족"
   }
  },
  {
   "type": "Feature",
   "geometry": {
    "type": "Point",
    "coordinates": [
     126.93293539,
     37.52522717
    ]
   },
   "properties": {
    "pid": "여의도고등학교 운동장-211",
    "school": "여의도고등학교",
    "jibun": "30-1",
    "kind": "운동장 지반",
    "dong": "여의도고등학교 운동장",
    "facade": "지반",
    "floor": 0,
    "source": "옥외지반 근사",
    "z_m": 0.0,
    "normal_az": 180.0,
    "s1_total_h": 5.17,
    "s1_cont_h": 5.17,
    "s1_pass_a": true,
    "s1_pass_b": true,
    "s2_total_h": 5.17,
    "s2_cont_h": 5.17,
    "s2_pass_a": true,
    "s2_pass_b": true,
    "d_total_h": 0.0,
    "d_cont_h": 0.0,
    "change_cd": "keep_ok",
    "변화": "유지 충족"
   }
  },
  {
   "type": "Feature",
   "geometry": {
    "type": "Point",
    "coordinates": [
     126.93302589,
     37.52522722
    ]
   },
   "properties": {
    "pid": "여의도고등학교 운동장-212",
    "school": "여의도고등학교",
    "jibun": "30-1",
    "kind": "운동장 지반",
    "dong": "여의도고등학교 운동장",
    "facade": "지반",
    "floor": 0,
    "source": "옥외지반 근사",
    "z_m": 0.0,
    "normal_az": 180.0,
    "s1_total_h": 6.0,
    "s1_cont_h": 6.0,
    "s1_pass_a": true,
    "s1_pass_b": true,
    "s2_total_h": 6.0,
    "s2_cont_h": 6.0,
    "s2_pass_a": true,
    "s2_pass_b": true,
    "d_total_h": 0.0,
    "d_cont_h": 0.0,
    "change_cd": "keep_ok",
    "변화": "유지 충족"
   }
  },
  {
   "type": "Feature",
   "geometry": {
    "type": "Point",
    "coordinates": [
     126.93311639,
     37.52522728
    ]
   },
   "properties": {
    "pid": "여의도고등학교 운동장-213",
    "school": "여의도고등학교",
    "jibun": "30-1",
    "kind": "운동장 지반",
    "dong": "여의도고등학교 운동장",
    "facade": "지반",
    "floor": 0,
    "source": "옥외지반 근사",
    "z_m": 0.0,
    "normal_az": 180.0,
    "s1_total_h": 6.5,
    "s1_cont_h": 6.5,
    "s1_pass_a": true,
    "s1_pass_b": true,
    "s2_total_h": 6.5,
    "s2_cont_h": 6.5,
    "s2_pass_a": true,
    "s2_pass_b": true,
    "d_total_h": 0.0,
    "d_cont_h": 0.0,
    "change_cd": "keep_ok",
    "변화": "유지 충족"
   }
  },
  {
   "type": "Feature",
   "geometry": {
    "type": "Point",
    "coordinates": [
     126.93320689,
     37.52522733
    ]
   },
   "properties": {
    "pid": "여의도고등학교 운동장-214",
    "school": "여의도고등학교",
    "jibun": "30-1",
    "kind": "운동장 지반",
    "dong": "여의도고등학교 운동장",
    "facade": "지반",
    "floor": 0,
    "source": "옥외지반 근사",
    "z_m": 0.0,
    "normal_az": 180.0,
    "s1_total_h": 6.5,
    "s1_cont_h": 6.5,
    "s1_pass_a": true,
    "s1_pass_b": true,
    "s2_total_h": 6.5,
    "s2_cont_h": 6.5,
    "s2_pass_a": true,
    "s2_pass_b": true,
    "d_total_h": 0.0,
    "d_cont_h": 0.0,
    "change_cd": "keep_ok",
    "변화": "유지 충족"
   }
  },
  {
   "type": "Feature",
   "geometry": {
    "type": "Point",
    "coordinates": [
     126.93329739,
     37.52522738
    ]
   },
   "properties": {
    "pid": "여의도고등학교 운동장-215",
    "school": "여의도고등학교",
    "jibun": "30-1",
    "kind": "운동장 지반",
    "dong": "여의도고등학교 운동장",
    "facade": "지반",
    "floor": 0,
    "source": "옥외지반 근사",
    "z_m": 0.0,
    "normal_az": 180.0,
    "s1_total_h": 6.33,
    "s1_cont_h": 6.33,
    "s1_pass_a": true,
    "s1_pass_b": true,
    "s2_total_h": 6.33,
    "s2_cont_h": 6.33,
    "s2_pass_a": true,
    "s2_pass_b": true,
    "d_total_h": 0.0,
    "d_cont_h": 0.0,
    "change_cd": "keep_ok",
    "변화": "유지 충족"
   }
  },
  {
   "type": "Feature",
   "geometry": {
    "type": "Point",
    "coordinates": [
     126.9333879,
     37.52522743
    ]
   },
   "properties": {
    "pid": "여의도고등학교 운동장-216",
    "school": "여의도고등학교",
    "jibun": "30-1",
    "kind": "운동장 지반",
    "dong": "여의도고등학교 운동장",
    "facade": "지반",
    "floor": 0,
    "source": "옥외지반 근사",
    "z_m": 0.0,
    "normal_az": 180.0,
    "s1_total_h": 6.33,
    "s1_cont_h": 6.33,
    "s1_pass_a": true,
    "s1_pass_b": true,
    "s2_total_h": 6.33,
    "s2_cont_h": 6.33,
    "s2_pass_a": true,
    "s2_pass_b": true,
    "d_total_h": 0.0,
    "d_cont_h": 0.0,
    "change_cd": "keep_ok",
    "변화": "유지 충족"
   }
  },
  {
   "type": "Feature",
   "geometry": {
    "type": "Point",
    "coordinates": [
     126.9334784,
     37.52522748
    ]
   },
   "properties": {
    "pid": "여의도고등학교 운동장-217",
    "school": "여의도고등학교",
    "jibun": "30-1",
    "kind": "운동장 지반",
    "dong": "여의도고등학교 운동장",
    "facade": "지반",
    "floor": 0,
    "source": "옥외지반 근사",
    "z_m": 0.0,
    "normal_az": 180.0,
    "s1_total_h": 6.5,
    "s1_cont_h": 6.5,
    "s1_pass_a": true,
    "s1_pass_b": true,
    "s2_total_h": 6.5,
    "s2_cont_h": 6.5,
    "s2_pass_a": true,
    "s2_pass_b": true,
    "d_total_h": 0.0,
    "d_cont_h": 0.0,
    "change_cd": "keep_ok",
    "변화": "유지 충족"
   }
  },
  {
   "type": "Feature",
   "geometry": {
    "type": "Point",
    "coordinates": [
     126.9335689,
     37.52522753
    ]
   },
   "properties": {
    "pid": "여의도고등학교 운동장-218",
    "school": "여의도고등학교",
    "jibun": "30-1",
    "kind": "운동장 지반",
    "dong": "여의도고등학교 운동장",
    "facade": "지반",
    "floor": 0,
    "source": "옥외지반 근사",
    "z_m": 0.0,
    "normal_az": 180.0,
    "s1_total_h": 6.5,
    "s1_cont_h": 5.33,
    "s1_pass_a": true,
    "s1_pass_b": true,
    "s2_total_h": 6.5,
    "s2_cont_h": 5.33,
    "s2_pass_a": true,
    "s2_pass_b": true,
    "d_total_h": 0.0,
    "d_cont_h": 0.0,
    "change_cd": "keep_ok",
    "변화": "유지 충족"
   }
  },
  {
   "type": "Feature",
   "geometry": {
    "type": "Point",
    "coordinates": [
     126.9336594,
     37.52522758
    ]
   },
   "properties": {
    "pid": "여의도고등학교 운동장-219",
    "school": "여의도고등학교",
    "jibun": "30-1",
    "kind": "운동장 지반",
    "dong": "여의도고등학교 운동장",
    "facade": "지반",
    "floor": 0,
    "source": "옥외지반 근사",
    "z_m": 0.0,
    "normal_az": 180.0,
    "s1_total_h": 6.33,
    "s1_cont_h": 5.33,
    "s1_pass_a": true,
    "s1_pass_b": true,
    "s2_total_h": 6.33,
    "s2_cont_h": 5.33,
    "s2_pass_a": true,
    "s2_pass_b": true,
    "d_total_h": 0.0,
    "d_cont_h": 0.0,
    "change_cd": "keep_ok",
    "변화": "유지 충족"
   }
  },
  {
   "type": "Feature",
   "geometry": {
    "type": "Point",
    "coordinates": [
     126.9337499,
     37.52522763
    ]
   },
   "properties": {
    "pid": "여의도고등학교 운동장-220",
    "school": "여의도고등학교",
    "jibun": "30-1",
    "kind": "운동장 지반",
    "dong": "여의도고등학교 운동장",
    "facade": "지반",
    "floor": 0,
    "source": "옥외지반 근사",
    "z_m": 0.0,
    "normal_az": 180.0,
    "s1_total_h": 6.0,
    "s1_cont_h": 5.33,
    "s1_pass_a": true,
    "s1_pass_b": true,
    "s2_total_h": 6.0,
    "s2_cont_h": 5.33,
    "s2_pass_a": true,
    "s2_pass_b": true,
    "d_total_h": 0.0,
    "d_cont_h": 0.0,
    "change_cd": "keep_ok",
    "변화": "유지 충족"
   }
  },
  {
   "type": "Feature",
   "geometry": {
    "type": "Point",
    "coordinates": [
     126.93384041,
     37.52522768
    ]
   },
   "properties": {
    "pid": "여의도고등학교 운동장-221",
    "school": "여의도고등학교",
    "jibun": "30-1",
    "kind": "운동장 지반",
    "dong": "여의도고등학교 운동장",
    "facade": "지반",
    "floor": 0,
    "source": "옥외지반 근사",
    "z_m": 0.0,
    "normal_az": 180.0,
    "s1_total_h": 5.67,
    "s1_cont_h": 4.5,
    "s1_pass_a": true,
    "s1_pass_b": true,
    "s2_total_h": 5.67,
    "s2_cont_h": 4.5,
    "s2_pass_a": true,
    "s2_pass_b": true,
    "d_total_h": 0.0,
    "d_cont_h": 0.0,
    "change_cd": "keep_ok",
    "변화": "유지 충족"
   }
  },
  {
   "type": "Feature",
   "geometry": {
    "type": "Point",
    "coordinates": [
     126.93429292,
     37.52522794
    ]
   },
   "properties": {
    "pid": "여의도고등학교 운동장-222",
    "school": "여의도고등학교",
    "jibun": "30-1",
    "kind": "운동장 지반",
    "dong": "여의도고등학교 운동장",
    "facade": "지반",
    "floor": 0,
    "source": "옥외지반 근사",
    "z_m": 0.0,
    "normal_az": 180.0,
    "s1_total_h": 2.33,
    "s1_cont_h": 1.17,
    "s1_pass_a": false,
    "s1_pass_b": false,
    "s2_total_h": 2.33,
    "s2_cont_h": 1.17,
    "s2_pass_a": false,
    "s2_pass_b": false,
    "d_total_h": 0.0,
    "d_cont_h": 0.0,
    "change_cd": "keep_fail",
    "변화": "유지 불충족"
   }
  },
  {
   "type": "Feature",
   "geometry": {
    "type": "Point",
    "coordinates": [
     126.93447392,
     37.52522804
    ]
   },
   "properties": {
    "pid": "여의도고등학교 운동장-223",
    "school": "여의도고등학교",
    "jibun": "30-1",
    "kind": "운동장 지반",
    "dong": "여의도고등학교 운동장",
    "facade": "지반",
    "floor": 0,
    "source": "옥외지반 근사",
    "z_m": 0.0,
    "normal_az": 180.0,
    "s1_total_h": 5.17,
    "s1_cont_h": 5.17,
    "s1_pass_a": true,
    "s1_pass_b": true,
    "s2_total_h": 5.17,
    "s2_cont_h": 5.17,
    "s2_pass_a": true,
    "s2_pass_b": true,
    "d_total_h": 0.0,
    "d_cont_h": 0.0,
    "change_cd": "keep_ok",
    "변화": "유지 충족"
   }
  },
  {
   "type": "Feature",
   "geometry": {
    "type": "Point",
    "coordinates": [
     126.93456442,
     37.52522809
    ]
   },
   "properties": {
    "pid": "여의도고등학교 운동장-224",
    "school": "여의도고등학교",
    "jibun": "30-1",
    "kind": "운동장 지반",
    "dong": "여의도고등학교 운동장",
    "facade": "지반",
    "floor": 0,
    "source": "옥외지반 근사",
    "z_m": 0.0,
    "normal_az": 180.0,
    "s1_total_h": 5.83,
    "s1_cont_h": 5.83,
    "s1_pass_a": true,
    "s1_pass_b": true,
    "s2_total_h": 5.83,
    "s2_cont_h": 5.83,
    "s2_pass_a": true,
    "s2_pass_b": true,
    "d_total_h": 0.0,
    "d_cont_h": 0.0,
    "change_cd": "keep_ok",
    "변화": "유지 충족"
   }
  },
  {
   "type": "Feature",
   "geometry": {
    "type": "Point",
    "coordinates": [
     126.93465493,
     37.52522814
    ]
   },
   "properties": {
    "pid": "여의도고등학교 운동장-225",
    "school": "여의도고등학교",
    "jibun": "30-1",
    "kind": "운동장 지반",
    "dong": "여의도고등학교 운동장",
    "facade": "지반",
    "floor": 0,
    "source": "옥외지반 근사",
    "z_m": 0.0,
    "normal_az": 180.0,
    "s1_total_h": 6.5,
    "s1_cont_h": 6.5,
    "s1_pass_a": true,
    "s1_pass_b": true,
    "s2_total_h": 6.5,
    "s2_cont_h": 6.5,
    "s2_pass_a": true,
    "s2_pass_b": true,
    "d_total_h": 0.0,
    "d_cont_h": 0.0,
    "change_cd": "keep_ok",
    "변화": "유지 충족"
   }
  },
  {
   "type": "Feature",
   "geometry": {
    "type": "Point",
    "coordinates": [
     126.93474543,
     37.52522819
    ]
   },
   "properties": {
    "pid": "여의도고등학교 운동장-226",
    "school": "여의도고등학교",
    "jibun": "30-1",
    "kind": "운동장 지반",
    "dong": "여의도고등학교 운동장",
    "facade": "지반",
    "floor": 0,
    "source": "옥외지반 근사",
    "z_m": 0.0,
    "normal_az": 180.0,
    "s1_total_h": 6.5,
    "s1_cont_h": 6.5,
    "s1_pass_a": true,
    "s1_pass_b": true,
    "s2_total_h": 6.5,
    "s2_cont_h": 6.5,
    "s2_pass_a": true,
    "s2_pass_b": true,
    "d_total_h": 0.0,
    "d_cont_h": 0.0,
    "change_cd": "keep_ok",
    "변화": "유지 충족"
   }
  },
  {
   "type": "Feature",
   "geometry": {
    "type": "Point",
    "coordinates": [
     126.93483593,
     37.52522824
    ]
   },
   "properties": {
    "pid": "여의도고등학교 운동장-227",
    "school": "여의도고등학교",
    "jibun": "30-1",
    "kind": "운동장 지반",
    "dong": "여의도고등학교 운동장",
    "facade": "지반",
    "floor": 0,
    "source": "옥외지반 근사",
    "z_m": 0.0,
    "normal_az": 180.0,
    "s1_total_h": 6.67,
    "s1_cont_h": 6.33,
    "s1_pass_a": true,
    "s1_pass_b": true,
    "s2_total_h": 6.67,
    "s2_cont_h": 6.33,
    "s2_pass_a": true,
    "s2_pass_b": true,
    "d_total_h": 0.0,
    "d_cont_h": 0.0,
    "change_cd": "keep_ok",
    "변화": "유지 충족"
   }
  },
  {
   "type": "Feature",
   "geometry": {
    "type": "Point",
    "coordinates": [
     126.93492643,
     37.52522829
    ]
   },
   "properties": {
    "pid": "여의도고등학교 운동장-228",
    "school": "여의도고등학교",
    "jibun": "30-1",
    "kind": "운동장 지반",
    "dong": "여의도고등학교 운동장",
    "facade": "지반",
    "floor": 0,
    "source": "옥외지반 근사",
    "z_m": 0.0,
    "normal_az": 180.0,
    "s1_total_h": 7.33,
    "s1_cont_h": 6.83,
    "s1_pass_a": true,
    "s1_pass_b": true,
    "s2_total_h": 7.33,
    "s2_cont_h": 6.83,
    "s2_pass_a": true,
    "s2_pass_b": true,
    "d_total_h": 0.0,
    "d_cont_h": 0.0,
    "change_cd": "keep_ok",
    "변화": "유지 충족"
   }
  },
  {
   "type": "Feature",
   "geometry": {
    "type": "Point",
    "coordinates": [
     126.93501693,
     37.52522834
    ]
   },
   "properties": {
    "pid": "여의도고등학교 운동장-229",
    "school": "여의도고등학교",
    "jibun": "30-1",
    "kind": "운동장 지반",
    "dong": "여의도고등학교 운동장",
    "facade": "지반",
    "floor": 0,
    "source": "옥외지반 근사",
    "z_m": 0.0,
    "normal_az": 180.0,
    "s1_total_h": 7.5,
    "s1_cont_h": 6.83,
    "s1_pass_a": true,
    "s1_pass_b": true,
    "s2_total_h": 7.5,
    "s2_cont_h": 6.83,
    "s2_pass_a": true,
    "s2_pass_b": true,
    "d_total_h": 0.0,
    "d_cont_h": 0.0,
    "change_cd": "keep_ok",
    "변화": "유지 충족"
   }
  },
  {
   "type": "Feature",
   "geometry": {
    "type": "Point",
    "coordinates": [
     126.93510744,
     37.52522839
    ]
   },
   "properties": {
    "pid": "여의도고등학교 운동장-230",
    "school": "여의도고등학교",
    "jibun": "30-1",
    "kind": "운동장 지반",
    "dong": "여의도고등학교 운동장",
    "facade": "지반",
    "floor": 0,
    "source": "옥외지반 근사",
    "z_m": 0.0,
    "normal_az": 180.0,
    "s1_total_h": 7.0,
    "s1_cont_h": 7.0,
    "s1_pass_a": true,
    "s1_pass_b": true,
    "s2_total_h": 7.0,
    "s2_cont_h": 7.0,
    "s2_pass_a": true,
    "s2_pass_b": true,
    "d_total_h": 0.0,
    "d_cont_h": 0.0,
    "change_cd": "keep_ok",
    "변화": "유지 충족"
   }
  },
  {
   "type": "Feature",
   "geometry": {
    "type": "Point",
    "coordinates": [
     126.93519794,
     37.52522844
    ]
   },
   "properties": {
    "pid": "여의도고등학교 운동장-231",
    "school": "여의도고등학교",
    "jibun": "30-1",
    "kind": "운동장 지반",
    "dong": "여의도고등학교 운동장",
    "facade": "지반",
    "floor": 0,
    "source": "옥외지반 근사",
    "z_m": 0.0,
    "normal_az": 180.0,
    "s1_total_h": 7.33,
    "s1_cont_h": 7.0,
    "s1_pass_a": true,
    "s1_pass_b": true,
    "s2_total_h": 7.33,
    "s2_cont_h": 7.0,
    "s2_pass_a": true,
    "s2_pass_b": true,
    "d_total_h": 0.0,
    "d_cont_h": 0.0,
    "change_cd": "keep_ok",
    "변화": "유지 충족"
   }
  },
  {
   "type": "Feature",
   "geometry": {
    "type": "Point",
    "coordinates": [
     126.93284482,
     37.5252992
    ]
   },
   "properties": {
    "pid": "여의도고등학교 운동장-232",
    "school": "여의도고등학교",
    "jibun": "30-1",
    "kind": "운동장 지반",
    "dong": "여의도고등학교 운동장",
    "facade": "지반",
    "floor": 0,
    "source": "옥외지반 근사",
    "z_m": 0.0,
    "normal_az": 180.0,
    "s1_total_h": 4.83,
    "s1_cont_h": 4.83,
    "s1_pass_a": true,
    "s1_pass_b": true,
    "s2_total_h": 4.83,
    "s2_cont_h": 4.83,
    "s2_pass_a": true,
    "s2_pass_b": true,
    "d_total_h": 0.0,
    "d_cont_h": 0.0,
    "change_cd": "keep_ok",
    "변화": "유지 충족"
   }
  },
  {
   "type": "Feature",
   "geometry": {
    "type": "Point",
    "coordinates": [
     126.93293532,
     37.52529925
    ]
   },
   "properties": {
    "pid": "여의도고등학교 운동장-233",
    "school": "여의도고등학교",
    "jibun": "30-1",
    "kind": "운동장 지반",
    "dong": "여의도고등학교 운동장",
    "facade": "지반",
    "floor": 0,
    "source": "옥외지반 근사",
    "z_m": 0.0,
    "normal_az": 180.0,
    "s1_total_h": 5.33,
    "s1_cont_h": 5.33,
    "s1_pass_a": true,
    "s1_pass_b": true,
    "s2_total_h": 5.33,
    "s2_cont_h": 5.33,
    "s2_pass_a": true,
    "s2_pass_b": true,
    "d_total_h": 0.0,
    "d_cont_h": 0.0,
    "change_cd": "keep_ok",
    "변화": "유지 충족"
   }
  },
  {
   "type": "Feature",
   "geometry": {
    "type": "Point",
    "coordinates": [
     126.93302582,
     37.5252993
    ]
   },
   "properties": {
    "pid": "여의도고등학교 운동장-234",
    "school": "여의도고등학교",
    "jibun": "30-1",
    "kind": "운동장 지반",
    "dong": "여의도고등학교 운동장",
    "facade": "지반",
    "floor": 0,
    "source": "옥외지반 근사",
    "z_m": 0.0,
    "normal_az": 180.0,
    "s1_total_h": 5.67,
    "s1_cont_h": 5.67,
    "s1_pass_a": true,
    "s1_pass_b": true,
    "s2_total_h": 5.67,
    "s2_cont_h": 5.67,
    "s2_pass_a": true,
    "s2_pass_b": true,
    "d_total_h": 0.0,
    "d_cont_h": 0.0,
    "change_cd": "keep_ok",
    "변화": "유지 충족"
   }
  },
  {
   "type": "Feature",
   "geometry": {
    "type": "Point",
    "coordinates": [
     126.93311633,
     37.52529936
    ]
   },
   "properties": {
    "pid": "여의도고등학교 운동장-235",
    "school": "여의도고등학교",
    "jibun": "30-1",
    "kind": "운동장 지반",
    "dong": "여의도고등학교 운동장",
    "facade": "지반",
    "floor": 0,
    "source": "옥외지반 근사",
    "z_m": 0.0,
    "normal_az": 180.0,
    "s1_total_h": 6.0,
    "s1_cont_h": 6.0,
    "s1_pass_a": true,
    "s1_pass_b": true,
    "s2_total_h": 6.0,
    "s2_cont_h": 6.0,
    "s2_pass_a": true,
    "s2_pass_b": true,
    "d_total_h": 0.0,
    "d_cont_h": 0.0,
    "change_cd": "keep_ok",
    "변화": "유지 충족"
   }
  },
  {
   "type": "Feature",
   "geometry": {
    "type": "Point",
    "coordinates": [
     126.93320683,
     37.52529941
    ]
   },
   "properties": {
    "pid": "여의도고등학교 운동장-236",
    "school": "여의도고등학교",
    "jibun": "30-1",
    "kind": "운동장 지반",
    "dong": "여의도고등학교 운동장",
    "facade": "지반",
    "floor": 0,
    "source": "옥외지반 근사",
    "z_m": 0.0,
    "normal_az": 180.0,
    "s1_total_h": 6.33,
    "s1_cont_h": 6.33,
    "s1_pass_a": true,
    "s1_pass_b": true,
    "s2_total_h": 6.33,
    "s2_cont_h": 6.33,
    "s2_pass_a": true,
    "s2_pass_b": true,
    "d_total_h": 0.0,
    "d_cont_h": 0.0,
    "change_cd": "keep_ok",
    "변화": "유지 충족"
   }
  },
  {
   "type": "Feature",
   "geometry": {
    "type": "Point",
    "coordinates": [
     126.93329733,
     37.52529946
    ]
   },
   "properties": {
    "pid": "여의도고등학교 운동장-237",
    "school": "여의도고등학교",
    "jibun": "30-1",
    "kind": "운동장 지반",
    "dong": "여의도고등학교 운동장",
    "facade": "지반",
    "floor": 0,
    "source": "옥외지반 근사",
    "z_m": 0.0,
    "normal_az": 180.0,
    "s1_total_h": 6.5,
    "s1_cont_h": 6.5,
    "s1_pass_a": true,
    "s1_pass_b": true,
    "s2_total_h": 6.5,
    "s2_cont_h": 6.5,
    "s2_pass_a": true,
    "s2_pass_b": true,
    "d_total_h": 0.0,
    "d_cont_h": 0.0,
    "change_cd": "keep_ok",
    "변화": "유지 충족"
   }
  },
  {
   "type": "Feature",
   "geometry": {
    "type": "Point",
    "coordinates": [
     126.93338783,
     37.52529951
    ]
   },
   "properties": {
    "pid": "여의도고등학교 운동장-238",
    "school": "여의도고등학교",
    "jibun": "30-1",
    "kind": "운동장 지반",
    "dong": "여의도고등학교 운동장",
    "facade": "지반",
    "floor": 0,
    "source": "옥외지반 근사",
    "z_m": 0.0,
    "normal_az": 180.0,
    "s1_total_h": 6.67,
    "s1_cont_h": 6.67,
    "s1_pass_a": true,
    "s1_pass_b": true,
    "s2_total_h": 6.67,
    "s2_cont_h": 6.67,
    "s2_pass_a": true,
    "s2_pass_b": true,
    "d_total_h": 0.0,
    "d_cont_h": 0.0,
    "change_cd": "keep_ok",
    "변화": "유지 충족"
   }
  },
  {
   "type": "Feature",
   "geometry": {
    "type": "Point",
    "coordinates": [
     126.93347833,
     37.52529956
    ]
   },
   "properties": {
    "pid": "여의도고등학교 운동장-239",
    "school": "여의도고등학교",
    "jibun": "30-1",
    "kind": "운동장 지반",
    "dong": "여의도고등학교 운동장",
    "facade": "지반",
    "floor": 0,
    "source": "옥외지반 근사",
    "z_m": 0.0,
    "normal_az": 180.0,
    "s1_total_h": 6.5,
    "s1_cont_h": 6.5,
    "s1_pass_a": true,
    "s1_pass_b": true,
    "s2_total_h": 6.5,
    "s2_cont_h": 6.5,
    "s2_pass_a": true,
    "s2_pass_b": true,
    "d_total_h": 0.0,
    "d_cont_h": 0.0,
    "change_cd": "keep_ok",
    "변화": "유지 충족"
   }
  },
  {
   "type": "Feature",
   "geometry": {
    "type": "Point",
    "coordinates": [
     126.93356884,
     37.52529961
    ]
   },
   "properties": {
    "pid": "여의도고등학교 운동장-240",
    "school": "여의도고등학교",
    "jibun": "30-1",
    "kind": "운동장 지반",
    "dong": "여의도고등학교 운동장",
    "facade": "지반",
    "floor": 0,
    "source": "옥외지반 근사",
    "z_m": 0.0,
    "normal_az": 180.0,
    "s1_total_h": 6.67,
    "s1_cont_h": 6.67,
    "s1_pass_a": true,
    "s1_pass_b": true,
    "s2_total_h": 6.67,
    "s2_cont_h": 6.67,
    "s2_pass_a": true,
    "s2_pass_b": true,
    "d_total_h": 0.0,
    "d_cont_h": 0.0,
    "change_cd": "keep_ok",
    "변화": "유지 충족"
   }
  },
  {
   "type": "Feature",
   "geometry": {
    "type": "Point",
    "coordinates": [
     126.93365934,
     37.52529966
    ]
   },
   "properties": {
    "pid": "여의도고등학교 운동장-241",
    "school": "여의도고등학교",
    "jibun": "30-1",
    "kind": "운동장 지반",
    "dong": "여의도고등학교 운동장",
    "facade": "지반",
    "floor": 0,
    "source": "옥외지반 근사",
    "z_m": 0.0,
    "normal_az": 180.0,
    "s1_total_h": 6.5,
    "s1_cont_h": 6.5,
    "s1_pass_a": true,
    "s1_pass_b": true,
    "s2_total_h": 6.5,
    "s2_cont_h": 6.5,
    "s2_pass_a": true,
    "s2_pass_b": true,
    "d_total_h": 0.0,
    "d_cont_h": 0.0,
    "change_cd": "keep_ok",
    "변화": "유지 충족"
   }
  },
  {
   "type": "Feature",
   "geometry": {
    "type": "Point",
    "coordinates": [
     126.93374984,
     37.52529971
    ]
   },
   "properties": {
    "pid": "여의도고등학교 운동장-242",
    "school": "여의도고등학교",
    "jibun": "30-1",
    "kind": "운동장 지반",
    "dong": "여의도고등학교 운동장",
    "facade": "지반",
    "floor": 0,
    "source": "옥외지반 근사",
    "z_m": 0.0,
    "normal_az": 180.0,
    "s1_total_h": 6.33,
    "s1_cont_h": 6.33,
    "s1_pass_a": true,
    "s1_pass_b": true,
    "s2_total_h": 6.33,
    "s2_cont_h": 6.33,
    "s2_pass_a": true,
    "s2_pass_b": true,
    "d_total_h": 0.0,
    "d_cont_h": 0.0,
    "change_cd": "keep_ok",
    "변화": "유지 충족"
   }
  },
  {
   "type": "Feature",
   "geometry": {
    "type": "Point",
    "coordinates": [
     126.93384034,
     37.52529976
    ]
   },
   "properties": {
    "pid": "여의도고등학교 운동장-243",
    "school": "여의도고등학교",
    "jibun": "30-1",
    "kind": "운동장 지반",
    "dong": "여의도고등학교 운동장",
    "facade": "지반",
    "floor": 0,
    "source": "옥외지반 근사",
    "z_m": 0.0,
    "normal_az": 180.0,
    "s1_total_h": 6.0,
    "s1_cont_h": 5.17,
    "s1_pass_a": true,
    "s1_pass_b": true,
    "s2_total_h": 6.0,
    "s2_cont_h": 5.17,
    "s2_pass_a": true,
    "s2_pass_b": true,
    "d_total_h": 0.0,
    "d_cont_h": 0.0,
    "change_cd": "keep_ok",
    "변화": "유지 충족"
   }
  },
  {
   "type": "Feature",
   "geometry": {
    "type": "Point",
    "coordinates": [
     126.93420235,
     37.52529997
    ]
   },
   "properties": {
    "pid": "여의도고등학교 운동장-244",
    "school": "여의도고등학교",
    "jibun": "30-1",
    "kind": "운동장 지반",
    "dong": "여의도고등학교 운동장",
    "facade": "지반",
    "floor": 0,
    "source": "옥외지반 근사",
    "z_m": 0.0,
    "normal_az": 180.0,
    "s1_total_h": 3.33,
    "s1_cont_h": 2.83,
    "s1_pass_a": true,
    "s1_pass_b": false,
    "s2_total_h": 3.33,
    "s2_cont_h": 2.83,
    "s2_pass_a": true,
    "s2_pass_b": false,
    "d_total_h": 0.0,
    "d_cont_h": 0.0,
    "change_cd": "keep_ok",
    "변화": "유지 충족"
   }
  },
  {
   "type": "Feature",
   "geometry": {
    "type": "Point",
    "coordinates": [
     126.93429285,
     37.52530002
    ]
   },
   "properties": {
    "pid": "여의도고등학교 운동장-245",
    "school": "여의도고등학교",
    "jibun": "30-1",
    "kind": "운동장 지반",
    "dong": "여의도고등학교 운동장",
    "facade": "지반",
    "floor": 0,
    "source": "옥외지반 근사",
    "z_m": 0.0,
    "normal_az": 180.0,
    "s1_total_h": 4.5,
    "s1_cont_h": 4.5,
    "s1_pass_a": true,
    "s1_pass_b": true,
    "s2_total_h": 4.5,
    "s2_cont_h": 4.5,
    "s2_pass_a": true,
    "s2_pass_b": true,
    "d_total_h": 0.0,
    "d_cont_h": 0.0,
    "change_cd": "keep_ok",
    "변화": "유지 충족"
   }
  },
  {
   "type": "Feature",
   "geometry": {
    "type": "Point",
    "coordinates": [
     126.93438336,
     37.52530007
    ]
   },
   "properties": {
    "pid": "여의도고등학교 운동장-246",
    "school": "여의도고등학교",
    "jibun": "30-1",
    "kind": "운동장 지반",
    "dong": "여의도고등학교 운동장",
    "facade": "지반",
    "floor": 0,
    "source": "옥외지반 근사",
    "z_m": 0.0,
    "normal_az": 180.0,
    "s1_total_h": 5.5,
    "s1_cont_h": 5.5,
    "s1_pass_a": true,
    "s1_pass_b": true,
    "s2_total_h": 5.5,
    "s2_cont_h": 5.5,
    "s2_pass_a": true,
    "s2_pass_b": true,
    "d_total_h": 0.0,
    "d_cont_h": 0.0,
    "change_cd": "keep_ok",
    "변화": "유지 충족"
   }
  },
  {
   "type": "Feature",
   "geometry": {
    "type": "Point",
    "coordinates": [
     126.93447386,
     37.52530012
    ]
   },
   "properties": {
    "pid": "여의도고등학교 운동장-247",
    "school": "여의도고등학교",
    "jibun": "30-1",
    "kind": "운동장 지반",
    "dong": "여의도고등학교 운동장",
    "facade": "지반",
    "floor": 0,
    "source": "옥외지반 근사",
    "z_m": 0.0,
    "normal_az": 180.0,
    "s1_total_h": 6.17,
    "s1_cont_h": 6.17,
    "s1_pass_a": true,
    "s1_pass_b": true,
    "s2_total_h": 6.17,
    "s2_cont_h": 6.17,
    "s2_pass_a": true,
    "s2_pass_b": true,
    "d_total_h": 0.0,
    "d_cont_h": 0.0,
    "change_cd": "keep_ok",
    "변화": "유지 충족"
   }
  },
  {
   "type": "Feature",
   "geometry": {
    "type": "Point",
    "coordinates": [
     126.93456436,
     37.52530017
    ]
   },
   "properties": {
    "pid": "여의도고등학교 운동장-248",
    "school": "여의도고등학교",
    "jibun": "30-1",
    "kind": "운동장 지반",
    "dong": "여의도고등학교 운동장",
    "facade": "지반",
    "floor": 0,
    "source": "옥외지반 근사",
    "z_m": 0.0,
    "normal_az": 180.0,
    "s1_total_h": 6.17,
    "s1_cont_h": 6.17,
    "s1_pass_a": true,
    "s1_pass_b": true,
    "s2_total_h": 6.17,
    "s2_cont_h": 6.17,
    "s2_pass_a": true,
    "s2_pass_b": true,
    "d_total_h": 0.0,
    "d_cont_h": 0.0,
    "change_cd": "keep_ok",
    "변화": "유지 충족"
   }
  },
  {
   "type": "Feature",
   "geometry": {
    "type": "Point",
    "coordinates": [
     126.93465486,
     37.52530022
    ]
   },
   "properties": {
    "pid": "여의도고등학교 운동장-249",
    "school": "여의도고등학교",
    "jibun": "30-1",
    "kind": "운동장 지반",
    "dong": "여의도고등학교 운동장",
    "facade": "지반",
    "floor": 0,
    "source": "옥외지반 근사",
    "z_m": 0.0,
    "normal_az": 180.0,
    "s1_total_h": 6.17,
    "s1_cont_h": 6.17,
    "s1_pass_a": true,
    "s1_pass_b": true,
    "s2_total_h": 6.17,
    "s2_cont_h": 6.17,
    "s2_pass_a": true,
    "s2_pass_b": true,
    "d_total_h": 0.0,
    "d_cont_h": 0.0,
    "change_cd": "keep_ok",
    "변화": "유지 충족"
   }
  },
  {
   "type": "Feature",
   "geometry": {
    "type": "Point",
    "coordinates": [
     126.93474536,
     37.52530027
    ]
   },
   "properties": {
    "pid": "여의도고등학교 운동장-250",
    "school": "여의도고등학교",
    "jibun": "30-1",
    "kind": "운동장 지반",
    "dong": "여의도고등학교 운동장",
    "facade": "지반",
    "floor": 0,
    "source": "옥외지반 근사",
    "z_m": 0.0,
    "normal_az": 180.0,
    "s1_total_h": 6.83,
    "s1_cont_h": 6.33,
    "s1_pass_a": true,
    "s1_pass_b": true,
    "s2_total_h": 6.83,
    "s2_cont_h": 6.33,
    "s2_pass_a": true,
    "s2_pass_b": true,
    "d_total_h": 0.0,
    "d_cont_h": 0.0,
    "change_cd": "keep_ok",
    "변화": "유지 충족"
   }
  },
  {
   "type": "Feature",
   "geometry": {
    "type": "Point",
    "coordinates": [
     126.93483587,
     37.52530032
    ]
   },
   "properties": {
    "pid": "여의도고등학교 운동장-251",
    "school": "여의도고등학교",
    "jibun": "30-1",
    "kind": "운동장 지반",
    "dong": "여의도고등학교 운동장",
    "facade": "지반",
    "floor": 0,
    "source": "옥외지반 근사",
    "z_m": 0.0,
    "normal_az": 180.0,
    "s1_total_h": 7.17,
    "s1_cont_h": 6.67,
    "s1_pass_a": true,
    "s1_pass_b": true,
    "s2_total_h": 7.17,
    "s2_cont_h": 6.67,
    "s2_pass_a": true,
    "s2_pass_b": true,
    "d_total_h": 0.0,
    "d_cont_h": 0.0,
    "change_cd": "keep_ok",
    "변화": "유지 충족"
   }
  },
  {
   "type": "Feature",
   "geometry": {
    "type": "Point",
    "coordinates": [
     126.93492637,
     37.52530037
    ]
   },
   "properties": {
    "pid": "여의도고등학교 운동장-252",
    "school": "여의도고등학교",
    "jibun": "30-1",
    "kind": "운동장 지반",
    "dong": "여의도고등학교 운동장",
    "facade": "지반",
    "floor": 0,
    "source": "옥외지반 근사",
    "z_m": 0.0,
    "normal_az": 180.0,
    "s1_total_h": 7.5,
    "s1_cont_h": 6.83,
    "s1_pass_a": true,
    "s1_pass_b": true,
    "s2_total_h": 7.5,
    "s2_cont_h": 6.83,
    "s2_pass_a": true,
    "s2_pass_b": true,
    "d_total_h": 0.0,
    "d_cont_h": 0.0,
    "change_cd": "keep_ok",
    "변화": "유지 충족"
   }
  },
  {
   "type": "Feature",
   "geometry": {
    "type": "Point",
    "coordinates": [
     126.93501687,
     37.52530042
    ]
   },
   "properties": {
    "pid": "여의도고등학교 운동장-253",
    "school": "여의도고등학교",
    "jibun": "30-1",
    "kind": "운동장 지반",
    "dong": "여의도고등학교 운동장",
    "facade": "지반",
    "floor": 0,
    "source": "옥외지반 근사",
    "z_m": 0.0,
    "normal_az": 180.0,
    "s1_total_h": 7.5,
    "s1_cont_h": 6.83,
    "s1_pass_a": true,
    "s1_pass_b": true,
    "s2_total_h": 7.5,
    "s2_cont_h": 6.83,
    "s2_pass_a": true,
    "s2_pass_b": true,
    "d_total_h": 0.0,
    "d_cont_h": 0.0,
    "change_cd": "keep_ok",
    "변화": "유지 충족"
   }
  },
  {
   "type": "Feature",
   "geometry": {
    "type": "Point",
    "coordinates": [
     126.93510737,
     37.52530047
    ]
   },
   "properties": {
    "pid": "여의도고등학교 운동장-254",
    "school": "여의도고등학교",
    "jibun": "30-1",
    "kind": "운동장 지반",
    "dong": "여의도고등학교 운동장",
    "facade": "지반",
    "floor": 0,
    "source": "옥외지반 근사",
    "z_m": 0.0,
    "normal_az": 180.0,
    "s1_total_h": 7.83,
    "s1_cont_h": 7.0,
    "s1_pass_a": true,
    "s1_pass_b": true,
    "s2_total_h": 7.83,
    "s2_cont_h": 7.0,
    "s2_pass_a": true,
    "s2_pass_b": true,
    "d_total_h": 0.0,
    "d_cont_h": 0.0,
    "change_cd": "keep_ok",
    "변화": "유지 충족"
   }
  },
  {
   "type": "Feature",
   "geometry": {
    "type": "Point",
    "coordinates": [
     126.93519788,
     37.52530052
    ]
   },
   "properties": {
    "pid": "여의도고등학교 운동장-255",
    "school": "여의도고등학교",
    "jibun": "30-1",
    "kind": "운동장 지반",
    "dong": "여의도고등학교 운동장",
    "facade": "지반",
    "floor": 0,
    "source": "옥외지반 근사",
    "z_m": 0.0,
    "normal_az": 180.0,
    "s1_total_h": 7.83,
    "s1_cont_h": 7.0,
    "s1_pass_a": true,
    "s1_pass_b": true,
    "s2_total_h": 7.83,
    "s2_cont_h": 7.0,
    "s2_pass_a": true,
    "s2_pass_b": true,
    "d_total_h": 0.0,
    "d_cont_h": 0.0,
    "change_cd": "keep_ok",
    "변화": "유지 충족"
   }
  },
  {
   "type": "Feature",
   "geometry": {
    "type": "Point",
    "coordinates": [
     126.93284475,
     37.52537128
    ]
   },
   "properties": {
    "pid": "여의도고등학교 운동장-256",
    "school": "여의도고등학교",
    "jibun": "30-1",
    "kind": "운동장 지반",
    "dong": "여의도고등학교 운동장",
    "facade": "지반",
    "floor": 0,
    "source": "옥외지반 근사",
    "z_m": 0.0,
    "normal_az": 180.0,
    "s1_total_h": 4.83,
    "s1_cont_h": 4.5,
    "s1_pass_a": true,
    "s1_pass_b": true,
    "s2_total_h": 4.83,
    "s2_cont_h": 4.5,
    "s2_pass_a": true,
    "s2_pass_b": true,
    "d_total_h": 0.0,
    "d_cont_h": 0.0,
    "change_cd": "keep_ok",
    "변화": "유지 충족"
   }
  },
  {
   "type": "Feature",
   "geometry": {
    "type": "Point",
    "coordinates": [
     126.93293526,
     37.52537133
    ]
   },
   "properties": {
    "pid": "여의도고등학교 운동장-257",
    "school": "여의도고등학교",
    "jibun": "30-1",
    "kind": "운동장 지반",
    "dong": "여의도고등학교 운동장",
    "facade": "지반",
    "floor": 0,
    "source": "옥외지반 근사",
    "z_m": 0.0,
    "normal_az": 180.0,
    "s1_total_h": 4.83,
    "s1_cont_h": 4.83,
    "s1_pass_a": true,
    "s1_pass_b": true,
    "s2_total_h": 4.83,
    "s2_cont_h": 4.83,
    "s2_pass_a": true,
    "s2_pass_b": true,
    "d_total_h": 0.0,
    "d_cont_h": 0.0,
    "change_cd": "keep_ok",
    "변화": "유지 충족"
   }
  },
  {
   "type": "Feature",
   "geometry": {
    "type": "Point",
    "coordinates": [
     126.93302576,
     37.52537138
    ]
   },
   "properties": {
    "pid": "여의도고등학교 운동장-258",
    "school": "여의도고등학교",
    "jibun": "30-1",
    "kind": "운동장 지반",
    "dong": "여의도고등학교 운동장",
    "facade": "지반",
    "floor": 0,
    "source": "옥외지반 근사",
    "z_m": 0.0,
    "normal_az": 180.0,
    "s1_total_h": 5.33,
    "s1_cont_h": 5.33,
    "s1_pass_a": true,
    "s1_pass_b": true,
    "s2_total_h": 5.33,
    "s2_cont_h": 5.33,
    "s2_pass_a": true,
    "s2_pass_b": true,
    "d_total_h": 0.0,
    "d_cont_h": 0.0,
    "change_cd": "keep_ok",
    "변화": "유지 충족"
   }
  },
  {
   "type": "Feature",
   "geometry": {
    "type": "Point",
    "coordinates": [
     126.93311626,
     37.52537144
    ]
   },
   "properties": {
    "pid": "여의도고등학교 운동장-259",
    "school": "여의도고등학교",
    "jibun": "30-1",
    "kind": "운동장 지반",
    "dong": "여의도고등학교 운동장",
    "facade": "지반",
    "floor": 0,
    "source": "옥외지반 근사",
    "z_m": 0.0,
    "normal_az": 180.0,
    "s1_total_h": 5.5,
    "s1_cont_h": 5.5,
    "s1_pass_a": true,
    "s1_pass_b": true,
    "s2_total_h": 5.5,
    "s2_cont_h": 5.5,
    "s2_pass_a": true,
    "s2_pass_b": true,
    "d_total_h": 0.0,
    "d_cont_h": 0.0,
    "change_cd": "keep_ok",
    "변화": "유지 충족"
   }
  },
  {
   "type": "Feature",
   "geometry": {
    "type": "Point",
    "coordinates": [
     126.93320676,
     37.52537149
    ]
   },
   "properties": {
    "pid": "여의도고등학교 운동장-260",
    "school": "여의도고등학교",
    "jibun": "30-1",
    "kind": "운동장 지반",
    "dong": "여의도고등학교 운동장",
    "facade": "지반",
    "floor": 0,
    "source": "옥외지반 근사",
    "z_m": 0.0,
    "normal_az": 180.0,
    "s1_total_h": 6.0,
    "s1_cont_h": 6.0,
    "s1_pass_a": true,
    "s1_pass_b": true,
    "s2_total_h": 6.0,
    "s2_cont_h": 6.0,
    "s2_pass_a": true,
    "s2_pass_b": true,
    "d_total_h": 0.0,
    "d_cont_h": 0.0,
    "change_cd": "keep_ok",
    "변화": "유지 충족"
   }
  },
  {
   "type": "Feature",
   "geometry": {
    "type": "Point",
    "coordinates": [
     126.93329727,
     37.52537154
    ]
   },
   "properties": {
    "pid": "여의도고등학교 운동장-261",
    "school": "여의도고등학교",
    "jibun": "30-1",
    "kind": "운동장 지반",
    "dong": "여의도고등학교 운동장",
    "facade": "지반",
    "floor": 0,
    "source": "옥외지반 근사",
    "z_m": 0.0,
    "normal_az": 180.0,
    "s1_total_h": 6.33,
    "s1_cont_h": 6.33,
    "s1_pass_a": true,
    "s1_pass_b": true,
    "s2_total_h": 6.33,
    "s2_cont_h": 6.33,
    "s2_pass_a": true,
    "s2_pass_b": true,
    "d_total_h": 0.0,
    "d_cont_h": 0.0,
    "change_cd": "keep_ok",
    "변화": "유지 충족"
   }
  },
  {
   "type": "Feature",
   "geometry": {
    "type": "Point",
    "coordinates": [
     126.93338777,
     37.52537159
    ]
   },
   "properties": {
    "pid": "여의도고등학교 운동장-262",
    "school": "여의도고등학교",
    "jibun": "30-1",
    "kind": "운동장 지반",
    "dong": "여의도고등학교 운동장",
    "facade": "지반",
    "floor": 0,
    "source": "옥외지반 근사",
    "z_m": 0.0,
    "normal_az": 180.0,
    "s1_total_h": 6.67,
    "s1_cont_h": 6.67,
    "s1_pass_a": true,
    "s1_pass_b": true,
    "s2_total_h": 6.67,
    "s2_cont_h": 6.67,
    "s2_pass_a": true,
    "s2_pass_b": true,
    "d_total_h": 0.0,
    "d_cont_h": 0.0,
    "change_cd": "keep_ok",
    "변화": "유지 충족"
   }
  },
  {
   "type": "Feature",
   "geometry": {
    "type": "Point",
    "coordinates": [
     126.93347827,
     37.52537164
    ]
   },
   "properties": {
    "pid": "여의도고등학교 운동장-263",
    "school": "여의도고등학교",
    "jibun": "30-1",
    "kind": "운동장 지반",
    "dong": "여의도고등학교 운동장",
    "facade": "지반",
    "floor": 0,
    "source": "옥외지반 근사",
    "z_m": 0.0,
    "normal_az": 180.0,
    "s1_total_h": 6.67,
    "s1_cont_h": 6.67,
    "s1_pass_a": true,
    "s1_pass_b": true,
    "s2_total_h": 6.67,
    "s2_cont_h": 6.67,
    "s2_pass_a": true,
    "s2_pass_b": true,
    "d_total_h": 0.0,
    "d_cont_h": 0.0,
    "change_cd": "keep_ok",
    "변화": "유지 충족"
   }
  },
  {
   "type": "Feature",
   "geometry": {
    "type": "Point",
    "coordinates": [
     126.93356877,
     37.52537169
    ]
   },
   "properties": {
    "pid": "여의도고등학교 운동장-264",
    "school": "여의도고등학교",
    "jibun": "30-1",
    "kind": "운동장 지반",
    "dong": "여의도고등학교 운동장",
    "facade": "지반",
    "floor": 0,
    "source": "옥외지반 근사",
    "z_m": 0.0,
    "normal_az": 180.0,
    "s1_total_h": 6.67,
    "s1_cont_h": 6.67,
    "s1_pass_a": true,
    "s1_pass_b": true,
    "s2_total_h": 6.67,
    "s2_cont_h": 6.67,
    "s2_pass_a": true,
    "s2_pass_b": true,
    "d_total_h": 0.0,
    "d_cont_h": 0.0,
    "change_cd": "keep_ok",
    "변화": "유지 충족"
   }
  },
  {
   "type": "Feature",
   "geometry": {
    "type": "Point",
    "coordinates": [
     126.93365927,
     37.52537174
    ]
   },
   "properties": {
    "pid": "여의도고등학교 운동장-265",
    "school": "여의도고등학교",
    "jibun": "30-1",
    "kind": "운동장 지반",
    "dong": "여의도고등학교 운동장",
    "facade": "지반",
    "floor": 0,
    "source": "옥외지반 근사",
    "z_m": 0.0,
    "normal_az": 180.0,
    "s1_total_h": 6.33,
    "s1_cont_h": 6.33,
    "s1_pass_a": true,
    "s1_pass_b": true,
    "s2_total_h": 6.33,
    "s2_cont_h": 6.33,
    "s2_pass_a": true,
    "s2_pass_b": true,
    "d_total_h": 0.0,
    "d_cont_h": 0.0,
    "change_cd": "keep_ok",
    "변화": "유지 충족"
   }
  },
  {
   "type": "Feature",
   "geometry": {
    "type": "Point",
    "coordinates": [
     126.93374978,
     37.52537179
    ]
   },
   "properties": {
    "pid": "여의도고등학교 운동장-266",
    "school": "여의도고등학교",
    "jibun": "30-1",
    "kind": "운동장 지반",
    "dong": "여의도고등학교 운동장",
    "facade": "지반",
    "floor": 0,
    "source": "옥외지반 근사",
    "z_m": 0.0,
    "normal_az": 180.0,
    "s1_total_h": 6.0,
    "s1_cont_h": 6.0,
    "s1_pass_a": true,
    "s1_pass_b": true,
    "s2_total_h": 6.0,
    "s2_cont_h": 6.0,
    "s2_pass_a": true,
    "s2_pass_b": true,
    "d_total_h": 0.0,
    "d_cont_h": 0.0,
    "change_cd": "keep_ok",
    "변화": "유지 충족"
   }
  },
  {
   "type": "Feature",
   "geometry": {
    "type": "Point",
    "coordinates": [
     126.93411179,
     37.525372
    ]
   },
   "properties": {
    "pid": "여의도고등학교 운동장-267",
    "school": "여의도고등학교",
    "jibun": "30-1",
    "kind": "운동장 지반",
    "dong": "여의도고등학교 운동장",
    "facade": "지반",
    "floor": 0,
    "source": "옥외지반 근사",
    "z_m": 0.0,
    "normal_az": 180.0,
    "s1_total_h": 2.5,
    "s1_cont_h": 2.5,
    "s1_pass_a": true,
    "s1_pass_b": false,
    "s2_total_h": 2.5,
    "s2_cont_h": 2.5,
    "s2_pass_a": true,
    "s2_pass_b": false,
    "d_total_h": 0.0,
    "d_cont_h": 0.0,
    "change_cd": "keep_ok",
    "변화": "유지 충족"
   }
  },
  {
   "type": "Feature",
   "geometry": {
    "type": "Point",
    "coordinates": [
     126.93420229,
     37.52537205
    ]
   },
   "properties": {
    "pid": "여의도고등학교 운동장-268",
    "school": "여의도고등학교",
    "jibun": "30-1",
    "kind": "운동장 지반",
    "dong": "여의도고등학교 운동장",
    "facade": "지반",
    "floor": 0,
    "source": "옥외지반 근사",
    "z_m": 0.0,
    "normal_az": 180.0,
    "s1_total_h": 4.17,
    "s1_cont_h": 4.17,
    "s1_pass_a": true,
    "s1_pass_b": true,
    "s2_total_h": 4.17,
    "s2_cont_h": 4.17,
    "s2_pass_a": true,
    "s2_pass_b": true,
    "d_total_h": 0.0,
    "d_cont_h": 0.0,
    "change_cd": "keep_ok",
    "변화": "유지 충족"
   }
  },
  {
   "type": "Feature",
   "geometry": {
    "type": "Point",
    "coordinates": [
     126.93429279,
     37.5253721
    ]
   },
   "properties": {
    "pid": "여의도고등학교 운동장-269",
    "school": "여의도고등학교",
    "jibun": "30-1",
    "kind": "운동장 지반",
    "dong": "여의도고등학교 운동장",
    "facade": "지반",
    "floor": 0,
    "source": "옥외지반 근사",
    "z_m": 0.0,
    "normal_az": 180.0,
    "s1_total_h": 5.33,
    "s1_cont_h": 5.33,
    "s1_pass_a": true,
    "s1_pass_b": true,
    "s2_total_h": 5.33,
    "s2_cont_h": 5.33,
    "s2_pass_a": true,
    "s2_pass_b": true,
    "d_total_h": 0.0,
    "d_cont_h": 0.0,
    "change_cd": "keep_ok",
    "변화": "유지 충족"
   }
  },
  {
   "type": "Feature",
   "geometry": {
    "type": "Point",
    "coordinates": [
     126.93438329,
     37.52537215
    ]
   },
   "properties": {
    "pid": "여의도고등학교 운동장-270",
    "school": "여의도고등학교",
    "jibun": "30-1",
    "kind": "운동장 지반",
    "dong": "여의도고등학교 운동장",
    "facade": "지반",
    "floor": 0,
    "source": "옥외지반 근사",
    "z_m": 0.0,
    "normal_az": 180.0,
    "s1_total_h": 5.83,
    "s1_cont_h": 5.83,
    "s1_pass_a": true,
    "s1_pass_b": true,
    "s2_total_h": 5.83,
    "s2_cont_h": 5.83,
    "s2_pass_a": true,
    "s2_pass_b": true,
    "d_total_h": 0.0,
    "d_cont_h": 0.0,
    "change_cd": "keep_ok",
    "변화": "유지 충족"
   }
  },
  {
   "type": "Feature",
   "geometry": {
    "type": "Point",
    "coordinates": [
     126.9344738,
     37.5253722
    ]
   },
   "properties": {
    "pid": "여의도고등학교 운동장-271",
    "school": "여의도고등학교",
    "jibun": "30-1",
    "kind": "운동장 지반",
    "dong": "여의도고등학교 운동장",
    "facade": "지반",
    "floor": 0,
    "source": "옥외지반 근사",
    "z_m": 0.0,
    "normal_az": 180.0,
    "s1_total_h": 6.33,
    "s1_cont_h": 6.33,
    "s1_pass_a": true,
    "s1_pass_b": true,
    "s2_total_h": 6.33,
    "s2_cont_h": 6.33,
    "s2_pass_a": true,
    "s2_pass_b": true,
    "d_total_h": 0.0,
    "d_cont_h": 0.0,
    "change_cd": "keep_ok",
    "변화": "유지 충족"
   }
  },
  {
   "type": "Feature",
   "geometry": {
    "type": "Point",
    "coordinates": [
     126.9345643,
     37.52537225
    ]
   },
   "properties": {
    "pid": "여의도고등학교 운동장-272",
    "school": "여의도고등학교",
    "jibun": "30-1",
    "kind": "운동장 지반",
    "dong": "여의도고등학교 운동장",
    "facade": "지반",
    "floor": 0,
    "source": "옥외지반 근사",
    "z_m": 0.0,
    "normal_az": 180.0,
    "s1_total_h": 6.67,
    "s1_cont_h": 6.33,
    "s1_pass_a": true,
    "s1_pass_b": true,
    "s2_total_h": 6.67,
    "s2_cont_h": 6.33,
    "s2_pass_a": true,
    "s2_pass_b": true,
    "d_total_h": 0.0,
    "d_cont_h": 0.0,
    "change_cd": "keep_ok",
    "변화": "유지 충족"
   }
  },
  {
   "type": "Feature",
   "geometry": {
    "type": "Point",
    "coordinates": [
     126.9346548,
     37.5253723
    ]
   },
   "properties": {
    "pid": "여의도고등학교 운동장-273",
    "school": "여의도고등학교",
    "jibun": "30-1",
    "kind": "운동장 지반",
    "dong": "여의도고등학교 운동장",
    "facade": "지반",
    "floor": 0,
    "source": "옥외지반 근사",
    "z_m": 0.0,
    "normal_az": 180.0,
    "s1_total_h": 7.0,
    "s1_cont_h": 6.5,
    "s1_pass_a": true,
    "s1_pass_b": true,
    "s2_total_h": 7.0,
    "s2_cont_h": 6.5,
    "s2_pass_a": true,
    "s2_pass_b": true,
    "d_total_h": 0.0,
    "d_cont_h": 0.0,
    "change_cd": "keep_ok",
    "변화": "유지 충족"
   }
  },
  {
   "type": "Feature",
   "geometry": {
    "type": "Point",
    "coordinates": [
     126.9347453,
     37.52537235
    ]
   },
   "properties": {
    "pid": "여의도고등학교 운동장-274",
    "school": "여의도고등학교",
    "jibun": "30-1",
    "kind": "운동장 지반",
    "dong": "여의도고등학교 운동장",
    "facade": "지반",
    "floor": 0,
    "source": "옥외지반 근사",
    "z_m": 0.0,
    "normal_az": 180.0,
    "s1_total_h": 7.17,
    "s1_cont_h": 6.67,
    "s1_pass_a": true,
    "s1_pass_b": true,
    "s2_total_h": 7.17,
    "s2_cont_h": 6.67,
    "s2_pass_a": true,
    "s2_pass_b": true,
    "d_total_h": 0.0,
    "d_cont_h": 0.0,
    "change_cd": "keep_ok",
    "변화": "유지 충족"
   }
  },
  {
   "type": "Feature",
   "geometry": {
    "type": "Point",
    "coordinates": [
     126.9348358,
     37.5253724
    ]
   },
   "properties": {
    "pid": "여의도고등학교 운동장-275",
    "school": "여의도고등학교",
    "jibun": "30-1",
    "kind": "운동장 지반",
    "dong": "여의도고등학교 운동장",
    "facade": "지반",
    "floor": 0,
    "source": "옥외지반 근사",
    "z_m": 0.0,
    "normal_az": 180.0,
    "s1_total_h": 7.33,
    "s1_cont_h": 6.67,
    "s1_pass_a": true,
    "s1_pass_b": true,
    "s2_total_h": 7.33,
    "s2_cont_h": 6.67,
    "s2_pass_a": true,
    "s2_pass_b": true,
    "d_total_h": 0.0,
    "d_cont_h": 0.0,
    "change_cd": "keep_ok",
    "변화": "유지 충족"
   }
  },
  {
   "type": "Feature",
   "geometry": {
    "type": "Point",
    "coordinates": [
     126.93492631,
     37.52537245
    ]
   },
   "properties": {
    "pid": "여의도고등학교 운동장-276",
    "school": "여의도고등학교",
    "jibun": "30-1",
    "kind": "운동장 지반",
    "dong": "여의도고등학교 운동장",
    "facade": "지반",
    "floor": 0,
    "source": "옥외지반 근사",
    "z_m": 0.0,
    "normal_az": 180.0,
    "s1_total_h": 7.5,
    "s1_cont_h": 6.67,
    "s1_pass_a": true,
    "s1_pass_b": true,
    "s2_total_h": 7.5,
    "s2_cont_h": 6.67,
    "s2_pass_a": true,
    "s2_pass_b": true,
    "d_total_h": 0.0,
    "d_cont_h": 0.0,
    "change_cd": "keep_ok",
    "변화": "유지 충족"
   }
  },
  {
   "type": "Feature",
   "geometry": {
    "type": "Point",
    "coordinates": [
     126.93501681,
     37.5253725
    ]
   },
   "properties": {
    "pid": "여의도고등학교 운동장-277",
    "school": "여의도고등학교",
    "jibun": "30-1",
    "kind": "운동장 지반",
    "dong": "여의도고등학교 운동장",
    "facade": "지반",
    "floor": 0,
    "source": "옥외지반 근사",
    "z_m": 0.0,
    "normal_az": 180.0,
    "s1_total_h": 7.67,
    "s1_cont_h": 6.83,
    "s1_pass_a": true,
    "s1_pass_b": true,
    "s2_total_h": 7.67,
    "s2_cont_h": 6.83,
    "s2_pass_a": true,
    "s2_pass_b": true,
    "d_total_h": 0.0,
    "d_cont_h": 0.0,
    "change_cd": "keep_ok",
    "변화": "유지 충족"
   }
  },
  {
   "type": "Feature",
   "geometry": {
    "type": "Point",
    "coordinates": [
     126.93510731,
     37.52537255
    ]
   },
   "properties": {
    "pid": "여의도고등학교 운동장-278",
    "school": "여의도고등학교",
    "jibun": "30-1",
    "kind": "운동장 지반",
    "dong": "여의도고등학교 운동장",
    "facade": "지반",
    "floor": 0,
    "source": "옥외지반 근사",
    "z_m": 0.0,
    "normal_az": 180.0,
    "s1_total_h": 7.67,
    "s1_cont_h": 6.83,
    "s1_pass_a": true,
    "s1_pass_b": true,
    "s2_total_h": 7.67,
    "s2_cont_h": 6.83,
    "s2_pass_a": true,
    "s2_pass_b": true,
    "d_total_h": 0.0,
    "d_cont_h": 0.0,
    "change_cd": "keep_ok",
    "변화": "유지 충족"
   }
  },
  {
   "type": "Feature",
   "geometry": {
    "type": "Point",
    "coordinates": [
     126.93284469,
     37.52544336
    ]
   },
   "properties": {
    "pid": "여의도고등학교 운동장-279",
    "school": "여의도고등학교",
    "jibun": "30-1",
    "kind": "운동장 지반",
    "dong": "여의도고등학교 운동장",
    "facade": "지반",
    "floor": 0,
    "source": "옥외지반 근사",
    "z_m": 0.0,
    "normal_az": 180.0,
    "s1_total_h": 4.83,
    "s1_cont_h": 4.33,
    "s1_pass_a": true,
    "s1_pass_b": true,
    "s2_total_h": 4.83,
    "s2_cont_h": 4.33,
    "s2_pass_a": true,
    "s2_pass_b": true,
    "d_total_h": 0.0,
    "d_cont_h": 0.0,
    "change_cd": "keep_ok",
    "변화": "유지 충족"
   }
  },
  {
   "type": "Feature",
   "geometry": {
    "type": "Point",
    "coordinates": [
     126.93293519,
     37.52544341
    ]
   },
   "properties": {
    "pid": "여의도고등학교 운동장-280",
    "school": "여의도고등학교",
    "jibun": "30-1",
    "kind": "운동장 지반",
    "dong": "여의도고등학교 운동장",
    "facade": "지반",
    "floor": 0,
    "source": "옥외지반 근사",
    "z_m": 0.0,
    "normal_az": 180.0,
    "s1_total_h": 5.17,
    "s1_cont_h": 4.83,
    "s1_pass_a": true,
    "s1_pass_b": true,
    "s2_total_h": 5.17,
    "s2_cont_h": 4.83,
    "s2_pass_a": true,
    "s2_pass_b": true,
    "d_total_h": 0.0,
    "d_cont_h": 0.0,
    "change_cd": "keep_ok",
    "변화": "유지 충족"
   }
  },
  {
   "type": "Feature",
   "geometry": {
    "type": "Point",
    "coordinates": [
     126.93302569,
     37.52544347
    ]
   },
   "properties": {
    "pid": "여의도고등학교 운동장-281",
    "school": "여의도고등학교",
    "jibun": "30-1",
    "kind": "운동장 지반",
    "dong": "여의도고등학교 운동장",
    "facade": "지반",
    "floor": 0,
    "source": "옥외지반 근사",
    "z_m": 0.0,
    "normal_az": 180.0,
    "s1_total_h": 5.17,
    "s1_cont_h": 5.17,
    "s1_pass_a": true,
    "s1_pass_b": true,
    "s2_total_h": 5.17,
    "s2_cont_h": 5.17,
    "s2_pass_a": true,
    "s2_pass_b": true,
    "d_total_h": 0.0,
    "d_cont_h": 0.0,
    "change_cd": "keep_ok",
    "변화": "유지 충족"
   }
  },
  {
   "type": "Feature",
   "geometry": {
    "type": "Point",
    "coordinates": [
     126.9332067,
     37.52544357
    ]
   },
   "properties": {
    "pid": "여의도고등학교 운동장-282",
    "school": "여의도고등학교",
    "jibun": "30-1",
    "kind": "운동장 지반",
    "dong": "여의도고등학교 운동장",
    "facade": "지반",
    "floor": 0,
    "source": "옥외지반 근사",
    "z_m": 0.0,
    "normal_az": 180.0,
    "s1_total_h": 5.83,
    "s1_cont_h": 5.83,
    "s1_pass_a": true,
    "s1_pass_b": true,
    "s2_total_h": 5.83,
    "s2_cont_h": 5.83,
    "s2_pass_a": true,
    "s2_pass_b": true,
    "d_total_h": 0.0,
    "d_cont_h": 0.0,
    "change_cd": "keep_ok",
    "변화": "유지 충족"
   }
  },
  {
   "type": "Feature",
   "geometry": {
    "type": "Point",
    "coordinates": [
     126.9332972,
     37.52544362
    ]
   },
   "properties": {
    "pid": "여의도고등학교 운동장-283",
    "school": "여의도고등학교",
    "jibun": "30-1",
    "kind": "운동장 지반",
    "dong": "여의도고등학교 운동장",
    "facade": "지반",
    "floor": 0,
    "source": "옥외지반 근사",
    "z_m": 0.0,
    "normal_az": 180.0,
    "s1_total_h": 6.17,
    "s1_cont_h": 6.17,
    "s1_pass_a": true,
    "s1_pass_b": true,
    "s2_total_h": 6.17,
    "s2_cont_h": 6.17,
    "s2_pass_a": true,
    "s2_pass_b": true,
    "d_total_h": 0.0,
    "d_cont_h": 0.0,
    "change_cd": "keep_ok",
    "변화": "유지 충족"
   }
  },
  {
   "type": "Feature",
   "geometry": {
    "type": "Point",
    "coordinates": [
     126.9333877,
     37.52544367
    ]
   },
   "properties": {
    "pid": "여의도고등학교 운동장-284",
    "school": "여의도고등학교",
    "jibun": "30-1",
    "kind": "운동장 지반",
    "dong": "여의도고등학교 운동장",
    "facade": "지반",
    "floor": 0,
    "source": "옥외지반 근사",
    "z_m": 0.0,
    "normal_az": 180.0,
    "s1_total_h": 6.33,
    "s1_cont_h": 6.33,
    "s1_pass_a": true,
    "s1_pass_b": true,
    "s2_total_h": 6.33,
    "s2_cont_h": 6.33,
    "s2_pass_a": true,
    "s2_pass_b": true,
    "d_total_h": 0.0,
    "d_cont_h": 0.0,
    "change_cd": "keep_ok",
    "변화": "유지 충족"
   }
  },
  {
   "type": "Feature",
   "geometry": {
    "type": "Point",
    "coordinates": [
     126.93347821,
     37.52544372
    ]
   },
   "properties": {
    "pid": "여의도고등학교 운동장-285",
    "school": "여의도고등학교",
    "jibun": "30-1",
    "kind": "운동장 지반",
    "dong": "여의도고등학교 운동장",
    "facade": "지반",
    "floor": 0,
    "source": "옥외지반 근사",
    "z_m": 0.0,
    "normal_az": 180.0,
    "s1_total_h": 6.5,
    "s1_cont_h": 6.5,
    "s1_pass_a": true,
    "s1_pass_b": true,
    "s2_total_h": 6.5,
    "s2_cont_h": 6.5,
    "s2_pass_a": true,
    "s2_pass_b": true,
    "d_total_h": 0.0,
    "d_cont_h": 0.0,
    "change_cd": "keep_ok",
    "변화": "유지 충족"
   }
  },
  {
   "type": "Feature",
   "geometry": {
    "type": "Point",
    "coordinates": [
     126.93356871,
     37.52544377
    ]
   },
   "properties": {
    "pid": "여의도고등학교 운동장-286",
    "school": "여의도고등학교",
    "jibun": "30-1",
    "kind": "운동장 지반",
    "dong": "여의도고등학교 운동장",
    "facade": "지반",
    "floor": 0,
    "source": "옥외지반 근사",
    "z_m": 0.0,
    "normal_az": 180.0,
    "s1_total_h": 6.33,
    "s1_cont_h": 6.33,
    "s1_pass_a": true,
    "s1_pass_b": true,
    "s2_total_h": 6.33,
    "s2_cont_h": 6.33,
    "s2_pass_a": true,
    "s2_pass_b": true,
    "d_total_h": 0.0,
    "d_cont_h": 0.0,
    "change_cd": "keep_ok",
    "변화": "유지 충족"
   }
  },
  {
   "type": "Feature",
   "geometry": {
    "type": "Point",
    "coordinates": [
     126.93365921,
     37.52544382
    ]
   },
   "properties": {
    "pid": "여의도고등학교 운동장-287",
    "school": "여의도고등학교",
    "jibun": "30-1",
    "kind": "운동장 지반",
    "dong": "여의도고등학교 운동장",
    "facade": "지반",
    "floor": 0,
    "source": "옥외지반 근사",
    "z_m": 0.0,
    "normal_az": 180.0,
    "s1_total_h": 6.17,
    "s1_cont_h": 6.17,
    "s1_pass_a": true,
    "s1_pass_b": true,
    "s2_total_h": 6.17,
    "s2_cont_h": 6.17,
    "s2_pass_a": true,
    "s2_pass_b": true,
    "d_total_h": 0.0,
    "d_cont_h": 0.0,
    "change_cd": "keep_ok",
    "변화": "유지 충족"
   }
  },
  {
   "type": "Feature",
   "geometry": {
    "type": "Point",
    "coordinates": [
     126.93402122,
     37.52544403
    ]
   },
   "properties": {
    "pid": "여의도고등학교 운동장-288",
    "school": "여의도고등학교",
    "jibun": "30-1",
    "kind": "운동장 지반",
    "dong": "여의도고등학교 운동장",
    "facade": "지반",
    "floor": 0,
    "source": "옥외지반 근사",
    "z_m": 0.0,
    "normal_az": 180.0,
    "s1_total_h": 2.17,
    "s1_cont_h": 2.17,
    "s1_pass_a": true,
    "s1_pass_b": false,
    "s2_total_h": 2.17,
    "s2_cont_h": 2.17,
    "s2_pass_a": true,
    "s2_pass_b": false,
    "d_total_h": 0.0,
    "d_cont_h": 0.0,
    "change_cd": "keep_ok",
    "변화": "유지 충족"
   }
  },
  {
   "type": "Feature",
   "geometry": {
    "type": "Point",
    "coordinates": [
     126.93411172,
     37.52544408
    ]
   },
   "properties": {
    "pid": "여의도고등학교 운동장-289",
    "school": "여의도고등학교",
    "jibun": "30-1",
    "kind": "운동장 지반",
    "dong": "여의도고등학교 운동장",
    "facade": "지반",
    "floor": 0,
    "source": "옥외지반 근사",
    "z_m": 0.0,
    "normal_az": 180.0,
    "s1_total_h": 3.17,
    "s1_cont_h": 3.17,
    "s1_pass_a": true,
    "s1_pass_b": true,
    "s2_total_h": 3.17,
    "s2_cont_h": 3.17,
    "s2_pass_a": true,
    "s2_pass_b": true,
    "d_total_h": 0.0,
    "d_cont_h": 0.0,
    "change_cd": "keep_ok",
    "변화": "유지 충족"
   }
  },
  {
   "type": "Feature",
   "geometry": {
    "type": "Point",
    "coordinates": [
     126.93420223,
     37.52544413
    ]
   },
   "properties": {
    "pid": "여의도고등학교 운동장-290",
    "school": "여의도고등학교",
    "jibun": "30-1",
    "kind": "운동장 지반",
    "dong": "여의도고등학교 운동장",
    "facade": "지반",
    "floor": 0,
    "source": "옥외지반 근사",
    "z_m": 0.0,
    "normal_az": 180.0,
    "s1_total_h": 4.33,
    "s1_cont_h": 4.33,
    "s1_pass_a": true,
    "s1_pass_b": true,
    "s2_total_h": 4.33,
    "s2_cont_h": 4.33,
    "s2_pass_a": true,
    "s2_pass_b": true,
    "d_total_h": 0.0,
    "d_cont_h": 0.0,
    "change_cd": "keep_ok",
    "변화": "유지 충족"
   }
  },
  {
   "type": "Feature",
   "geometry": {
    "type": "Point",
    "coordinates": [
     126.93429273,
     37.52544418
    ]
   },
   "properties": {
    "pid": "여의도고등학교 운동장-291",
    "school": "여의도고등학교",
    "jibun": "30-1",
    "kind": "운동장 지반",
    "dong": "여의도고등학교 운동장",
    "facade": "지반",
    "floor": 0,
    "source": "옥외지반 근사",
    "z_m": 0.0,
    "normal_az": 180.0,
    "s1_total_h": 5.33,
    "s1_cont_h": 5.33,
    "s1_pass_a": true,
    "s1_pass_b": true,
    "s2_total_h": 5.33,
    "s2_cont_h": 5.33,
    "s2_pass_a": true,
    "s2_pass_b": true,
    "d_total_h": 0.0,
    "d_cont_h": 0.0,
    "change_cd": "keep_ok",
    "변화": "유지 충족"
   }
  },
  {
   "type": "Feature",
   "geometry": {
    "type": "Point",
    "coordinates": [
     126.93438323,
     37.52544423
    ]
   },
   "properties": {
    "pid": "여의도고등학교 운동장-292",
    "school": "여의도고등학교",
    "jibun": "30-1",
    "kind": "운동장 지반",
    "dong": "여의도고등학교 운동장",
    "facade": "지반",
    "floor": 0,
    "source": "옥외지반 근사",
    "z_m": 0.0,
    "normal_az": 180.0,
    "s1_total_h": 6.33,
    "s1_cont_h": 6.33,
    "s1_pass_a": true,
    "s1_pass_b": true,
    "s2_total_h": 6.33,
    "s2_cont_h": 6.33,
    "s2_pass_a": true,
    "s2_pass_b": true,
    "d_total_h": 0.0,
    "d_cont_h": 0.0,
    "change_cd": "keep_ok",
    "변화": "유지 충족"
   }
  },
  {
   "type": "Feature",
   "geometry": {
    "type": "Point",
    "coordinates": [
     126.93447373,
     37.52544428
    ]
   },
   "properties": {
    "pid": "여의도고등학교 운동장-293",
    "school": "여의도고등학교",
    "jibun": "30-1",
    "kind": "운동장 지반",
    "dong": "여의도고등학교 운동장",
    "facade": "지반",
    "floor": 0,
    "source": "옥외지반 근사",
    "z_m": 0.0,
    "normal_az": 180.0,
    "s1_total_h": 6.83,
    "s1_cont_h": 6.83,
    "s1_pass_a": true,
    "s1_pass_b": true,
    "s2_total_h": 6.83,
    "s2_cont_h": 6.83,
    "s2_pass_a": true,
    "s2_pass_b": true,
    "d_total_h": 0.0,
    "d_cont_h": 0.0,
    "change_cd": "keep_ok",
    "변화": "유지 충족"
   }
  },
  {
   "type": "Feature",
   "geometry": {
    "type": "Point",
    "coordinates": [
     126.93456423,
     37.52544433
    ]
   },
   "properties": {
    "pid": "여의도고등학교 운동장-294",
    "school": "여의도고등학교",
    "jibun": "30-1",
    "kind": "운동장 지반",
    "dong": "여의도고등학교 운동장",
    "facade": "지반",
    "floor": 0,
    "source": "옥외지반 근사",
    "z_m": 0.0,
    "normal_az": 180.0,
    "s1_total_h": 7.17,
    "s1_cont_h": 7.17,
    "s1_pass_a": true,
    "s1_pass_b": true,
    "s2_total_h": 7.17,
    "s2_cont_h": 7.17,
    "s2_pass_a": true,
    "s2_pass_b": true,
    "d_total_h": 0.0,
    "d_cont_h": 0.0,
    "change_cd": "keep_ok",
    "변화": "유지 충족"
   }
  },
  {
   "type": "Feature",
   "geometry": {
    "type": "Point",
    "coordinates": [
     126.93465474,
     37.52544438
    ]
   },
   "properties": {
    "pid": "여의도고등학교 운동장-295",
    "school": "여의도고등학교",
    "jibun": "30-1",
    "kind": "운동장 지반",
    "dong": "여의도고등학교 운동장",
    "facade": "지반",
    "floor": 0,
    "source": "옥외지반 근사",
    "z_m": 0.0,
    "normal_az": 180.0,
    "s1_total_h": 7.5,
    "s1_cont_h": 7.5,
    "s1_pass_a": true,
    "s1_pass_b": true,
    "s2_total_h": 7.5,
    "s2_cont_h": 7.5,
    "s2_pass_a": true,
    "s2_pass_b": true,
    "d_total_h": 0.0,
    "d_cont_h": 0.0,
    "change_cd": "keep_ok",
    "변화": "유지 충족"
   }
  },
  {
   "type": "Feature",
   "geometry": {
    "type": "Point",
    "coordinates": [
     126.93474524,
     37.52544443
    ]
   },
   "properties": {
    "pid": "여의도고등학교 운동장-296",
    "school": "여의도고등학교",
    "jibun": "30-1",
    "kind": "운동장 지반",
    "dong": "여의도고등학교 운동장",
    "facade": "지반",
    "floor": 0,
    "source": "옥외지반 근사",
    "z_m": 0.0,
    "normal_az": 180.0,
    "s1_total_h": 7.5,
    "s1_cont_h": 6.67,
    "s1_pass_a": true,
    "s1_pass_b": true,
    "s2_total_h": 7.5,
    "s2_cont_h": 6.67,
    "s2_pass_a": true,
    "s2_pass_b": true,
    "d_total_h": 0.0,
    "d_cont_h": 0.0,
    "change_cd": "keep_ok",
    "변화": "유지 충족"
   }
  },
  {
   "type": "Feature",
   "geometry": {
    "type": "Point",
    "coordinates": [
     126.93483574,
     37.52544448
    ]
   },
   "properties": {
    "pid": "여의도고등학교 운동장-297",
    "school": "여의도고등학교",
    "jibun": "30-1",
    "kind": "운동장 지반",
    "dong": "여의도고등학교 운동장",
    "facade": "지반",
    "floor": 0,
    "source": "옥외지반 근사",
    "z_m": 0.0,
    "normal_az": 180.0,
    "s1_total_h": 7.67,
    "s1_cont_h": 6.67,
    "s1_pass_a": true,
    "s1_pass_b": true,
    "s2_total_h": 7.67,
    "s2_cont_h": 6.67,
    "s2_pass_a": true,
    "s2_pass_b": true,
    "d_total_h": 0.0,
    "d_cont_h": 0.0,
    "change_cd": "keep_ok",
    "변화": "유지 충족"
   }
  },
  {
   "type": "Feature",
   "geometry": {
    "type": "Point",
    "coordinates": [
     126.93492624,
     37.52544453
    ]
   },
   "properties": {
    "pid": "여의도고등학교 운동장-298",
    "school": "여의도고등학교",
    "jibun": "30-1",
    "kind": "운동장 지반",
    "dong": "여의도고등학교 운동장",
    "facade": "지반",
    "floor": 0,
    "source": "옥외지반 근사",
    "z_m": 0.0,
    "normal_az": 180.0,
    "s1_total_h": 7.5,
    "s1_cont_h": 6.67,
    "s1_pass_a": true,
    "s1_pass_b": true,
    "s2_total_h": 7.5,
    "s2_cont_h": 6.67,
    "s2_pass_a": true,
    "s2_pass_b": true,
    "d_total_h": 0.0,
    "d_cont_h": 0.0,
    "change_cd": "keep_ok",
    "변화": "유지 충족"
   }
  },
  {
   "type": "Feature",
   "geometry": {
    "type": "Point",
    "coordinates": [
     126.93293513,
     37.52551549
    ]
   },
   "properties": {
    "pid": "여의도고등학교 운동장-299",
    "school": "여의도고등학교",
    "jibun": "30-1",
    "kind": "운동장 지반",
    "dong": "여의도고등학교 운동장",
    "facade": "지반",
    "floor": 0,
    "source": "옥외지반 근사",
    "z_m": 0.0,
    "normal_az": 180.0,
    "s1_total_h": 4.83,
    "s1_cont_h": 4.33,
    "s1_pass_a": true,
    "s1_pass_b": true,
    "s2_total_h": 4.83,
    "s2_cont_h": 4.33,
    "s2_pass_a": true,
    "s2_pass_b": true,
    "d_total_h": 0.0,
    "d_cont_h": 0.0,
    "change_cd": "keep_ok",
    "변화": "유지 충족"
   }
  },
  {
   "type": "Feature",
   "geometry": {
    "type": "Point",
    "coordinates": [
     126.93302563,
     37.52551555
    ]
   },
   "properties": {
    "pid": "여의도고등학교 운동장-300",
    "school": "여의도고등학교",
    "jibun": "30-1",
    "kind": "운동장 지반",
    "dong": "여의도고등학교 운동장",
    "facade": "지반",
    "floor": 0,
    "source": "옥외지반 근사",
    "z_m": 0.0,
    "normal_az": 180.0,
    "s1_total_h": 1.17,
    "s1_cont_h": 0.83,
    "s1_pass_a": false,
    "s1_pass_b": false,
    "s2_total_h": 1.17,
    "s2_cont_h": 0.83,
    "s2_pass_a": false,
    "s2_pass_b": false,
    "d_total_h": 0.0,
    "d_cont_h": 0.0,
    "change_cd": "keep_fail",
    "변화": "유지 불충족"
   }
  },
  {
   "type": "Feature",
   "geometry": {
    "type": "Point",
    "coordinates": [
     126.93329714,
     37.5255157
    ]
   },
   "properties": {
    "pid": "여의도고등학교 운동장-301",
    "school": "여의도고등학교",
    "jibun": "30-1",
    "kind": "운동장 지반",
    "dong": "여의도고등학교 운동장",
    "facade": "지반",
    "floor": 0,
    "source": "옥외지반 근사",
    "z_m": 0.0,
    "normal_az": 180.0,
    "s1_total_h": 5.83,
    "s1_cont_h": 5.83,
    "s1_pass_a": true,
    "s1_pass_b": true,
    "s2_total_h": 5.83,
    "s2_cont_h": 5.83,
    "s2_pass_a": true,
    "s2_pass_b": true,
    "d_total_h": 0.0,
    "d_cont_h": 0.0,
    "change_cd": "keep_ok",
    "변화": "유지 충족"
   }
  },
  {
   "type": "Feature",
   "geometry": {
    "type": "Point",
    "coordinates": [
     126.93338764,
     37.52551575
    ]
   },
   "properties": {
    "pid": "여의도고등학교 운동장-302",
    "school": "여의도고등학교",
    "jibun": "30-1",
    "kind": "운동장 지반",
    "dong": "여의도고등학교 운동장",
    "facade": "지반",
    "floor": 0,
    "source": "옥외지반 근사",
    "z_m": 0.0,
    "normal_az": 180.0,
    "s1_total_h": 6.17,
    "s1_cont_h": 6.17,
    "s1_pass_a": true,
    "s1_pass_b": true,
    "s2_total_h": 6.17,
    "s2_cont_h": 6.17,
    "s2_pass_a": true,
    "s2_pass_b": true,
    "d_total_h": 0.0,
    "d_cont_h": 0.0,
    "change_cd": "keep_ok",
    "변화": "유지 충족"
   }
  },
  {
   "type": "Feature",
   "geometry": {
    "type": "Point",
    "coordinates": [
     126.93347814,
     37.5255158
    ]
   },
   "properties": {
    "pid": "여의도고등학교 운동장-303",
    "school": "여의도고등학교",
    "jibun": "30-1",
    "kind": "운동장 지반",
    "dong": "여의도고등학교 운동장",
    "facade": "지반",
    "floor": 0,
    "source": "옥외지반 근사",
    "z_m": 0.0,
    "normal_az": 180.0,
    "s1_total_h": 6.0,
    "s1_cont_h": 6.0,
    "s1_pass_a": true,
    "s1_pass_b": true,
    "s2_total_h": 6.0,
    "s2_cont_h": 6.0,
    "s2_pass_a": true,
    "s2_pass_b": true,
    "d_total_h": 0.0,
    "d_cont_h": 0.0,
    "change_cd": "keep_ok",
    "변화": "유지 충족"
   }
  },
  {
   "type": "Feature",
   "geometry": {
    "type": "Point",
    "coordinates": [
     126.93356864,
     37.52551585
    ]
   },
   "properties": {
    "pid": "여의도고등학교 운동장-304",
    "school": "여의도고등학교",
    "jibun": "30-1",
    "kind": "운동장 지반",
    "dong": "여의도고등학교 운동장",
    "facade": "지반",
    "floor": 0,
    "source": "옥외지반 근사",
    "z_m": 0.0,
    "normal_az": 180.0,
    "s1_total_h": 6.0,
    "s1_cont_h": 6.0,
    "s1_pass_a": true,
    "s1_pass_b": true,
    "s2_total_h": 6.0,
    "s2_cont_h": 6.0,
    "s2_pass_a": true,
    "s2_pass_b": true,
    "d_total_h": 0.0,
    "d_cont_h": 0.0,
    "change_cd": "keep_ok",
    "변화": "유지 충족"
   }
  },
  {
   "type": "Feature",
   "geometry": {
    "type": "Point",
    "coordinates": [
     126.93393065,
     37.52551605
    ]
   },
   "properties": {
    "pid": "여의도고등학교 운동장-305",
    "school": "여의도고등학교",
    "jibun": "30-1",
    "kind": "운동장 지반",
    "dong": "여의도고등학교 운동장",
    "facade": "지반",
    "floor": 0,
    "source": "옥외지반 근사",
    "z_m": 0.0,
    "normal_az": 180.0,
    "s1_total_h": 1.83,
    "s1_cont_h": 1.83,
    "s1_pass_a": false,
    "s1_pass_b": false,
    "s2_total_h": 1.83,
    "s2_cont_h": 1.83,
    "s2_pass_a": false,
    "s2_pass_b": false,
    "d_total_h": 0.0,
    "d_cont_h": 0.0,
    "change_cd": "keep_fail",
    "변화": "유지 불충족"
   }
  },
  {
   "type": "Feature",
   "geometry": {
    "type": "Point",
    "coordinates": [
     126.93402116,
     37.52551611
    ]
   },
   "properties": {
    "pid": "여의도고등학교 운동장-306",
    "school": "여의도고등학교",
    "jibun": "30-1",
    "kind": "운동장 지반",
    "dong": "여의도고등학교 운동장",
    "facade": "지반",
    "floor": 0,
    "source": "옥외지반 근사",
    "z_m": 0.0,
    "normal_az": 180.0,
    "s1_total_h": 2.67,
    "s1_cont_h": 2.67,
    "s1_pass_a": true,
    "s1_pass_b": false,
    "s2_total_h": 2.67,
    "s2_cont_h": 2.67,
    "s2_pass_a": true,
    "s2_pass_b": false,
    "d_total_h": 0.0,
    "d_cont_h": 0.0,
    "change_cd": "keep_ok",
    "변화": "유지 충족"
   }
  },
  {
   "type": "Feature",
   "geometry": {
    "type": "Point",
    "coordinates": [
     126.93411166,
     37.52551616
    ]
   },
   "properties": {
    "pid": "여의도고등학교 운동장-307",
    "school": "여의도고등학교",
    "jibun": "30-1",
    "kind": "운동장 지반",
    "dong": "여의도고등학교 운동장",
    "facade": "지반",
    "floor": 0,
    "source": "옥외지반 근사",
    "z_m": 0.0,
    "normal_az": 180.0,
    "s1_total_h": 3.5,
    "s1_cont_h": 3.5,
    "s1_pass_a": true,
    "s1_pass_b": true,
    "s2_total_h": 3.5,
    "s2_cont_h": 3.5,
    "s2_pass_a": true,
    "s2_pass_b": true,
    "d_total_h": 0.0,
    "d_cont_h": 0.0,
    "change_cd": "keep_ok",
    "변화": "유지 충족"
   }
  },
  {
   "type": "Feature",
   "geometry": {
    "type": "Point",
    "coordinates": [
     126.93420216,
     37.52551621
    ]
   },
   "properties": {
    "pid": "여의도고등학교 운동장-308",
    "school": "여의도고등학교",
    "jibun": "30-1",
    "kind": "운동장 지반",
    "dong": "여의도고등학교 운동장",
    "facade": "지반",
    "floor": 0,
    "source": "옥외지반 근사",
    "z_m": 0.0,
    "normal_az": 180.0,
    "s1_total_h": 4.5,
    "s1_cont_h": 4.5,
    "s1_pass_a": true,
    "s1_pass_b": true,
    "s2_total_h": 4.5,
    "s2_cont_h": 4.5,
    "s2_pass_a": true,
    "s2_pass_b": true,
    "d_total_h": 0.0,
    "d_cont_h": 0.0,
    "change_cd": "keep_ok",
    "변화": "유지 충족"
   }
  },
  {
   "type": "Feature",
   "geometry": {
    "type": "Point",
    "coordinates": [
     126.93429266,
     37.52551626
    ]
   },
   "properties": {
    "pid": "여의도고등학교 운동장-309",
    "school": "여의도고등학교",
    "jibun": "30-1",
    "kind": "운동장 지반",
    "dong": "여의도고등학교 운동장",
    "facade": "지반",
    "floor": 0,
    "source": "옥외지반 근사",
    "z_m": 0.0,
    "normal_az": 180.0,
    "s1_total_h": 5.67,
    "s1_cont_h": 5.67,
    "s1_pass_a": true,
    "s1_pass_b": true,
    "s2_total_h": 5.67,
    "s2_cont_h": 5.67,
    "s2_pass_a": true,
    "s2_pass_b": true,
    "d_total_h": 0.0,
    "d_cont_h": 0.0,
    "change_cd": "keep_ok",
    "변화": "유지 충족"
   }
  },
  {
   "type": "Feature",
   "geometry": {
    "type": "Point",
    "coordinates": [
     126.93438317,
     37.52551631
    ]
   },
   "properties": {
    "pid": "여의도고등학교 운동장-310",
    "school": "여의도고등학교",
    "jibun": "30-1",
    "kind": "운동장 지반",
    "dong": "여의도고등학교 운동장",
    "facade": "지반",
    "floor": 0,
    "source": "옥외지반 근사",
    "z_m": 0.0,
    "normal_az": 180.0,
    "s1_total_h": 6.33,
    "s1_cont_h": 6.33,
    "s1_pass_a": true,
    "s1_pass_b": true,
    "s2_total_h": 6.33,
    "s2_cont_h": 6.33,
    "s2_pass_a": true,
    "s2_pass_b": true,
    "d_total_h": 0.0,
    "d_cont_h": 0.0,
    "change_cd": "keep_ok",
    "변화": "유지 충족"
   }
  },
  {
   "type": "Feature",
   "geometry": {
    "type": "Point",
    "coordinates": [
     126.93447367,
     37.52551636
    ]
   },
   "properties": {
    "pid": "여의도고등학교 운동장-311",
    "school": "여의도고등학교",
    "jibun": "30-1",
    "kind": "운동장 지반",
    "dong": "여의도고등학교 운동장",
    "facade": "지반",
    "floor": 0,
    "source": "옥외지반 근사",
    "z_m": 0.0,
    "normal_az": 180.0,
    "s1_total_h": 6.83,
    "s1_cont_h": 6.83,
    "s1_pass_a": true,
    "s1_pass_b": true,
    "s2_total_h": 6.83,
    "s2_cont_h": 6.83,
    "s2_pass_a": true,
    "s2_pass_b": true,
    "d_total_h": 0.0,
    "d_cont_h": 0.0,
    "change_cd": "keep_ok",
    "변화": "유지 충족"
   }
  },
  {
   "type": "Feature",
   "geometry": {
    "type": "Point",
    "coordinates": [
     126.93456417,
     37.52551641
    ]
   },
   "properties": {
    "pid": "여의도고등학교 운동장-312",
    "school": "여의도고등학교",
    "jibun": "30-1",
    "kind": "운동장 지반",
    "dong": "여의도고등학교 운동장",
    "facade": "지반",
    "floor": 0,
    "source": "옥외지반 근사",
    "z_m": 0.0,
    "normal_az": 180.0,
    "s1_total_h": 7.5,
    "s1_cont_h": 7.5,
    "s1_pass_a": true,
    "s1_pass_b": true,
    "s2_total_h": 7.5,
    "s2_cont_h": 7.5,
    "s2_pass_a": true,
    "s2_pass_b": true,
    "d_total_h": 0.0,
    "d_cont_h": 0.0,
    "change_cd": "keep_ok",
    "변화": "유지 충족"
   }
  },
  {
   "type": "Feature",
   "geometry": {
    "type": "Point",
    "coordinates": [
     126.93465467,
     37.52551646
    ]
   },
   "properties": {
    "pid": "여의도고등학교 운동장-313",
    "school": "여의도고등학교",
    "jibun": "30-1",
    "kind": "운동장 지반",
    "dong": "여의도고등학교 운동장",
    "facade": "지반",
    "floor": 0,
    "source": "옥외지반 근사",
    "z_m": 0.0,
    "normal_az": 180.0,
    "s1_total_h": 7.67,
    "s1_cont_h": 7.67,
    "s1_pass_a": true,
    "s1_pass_b": true,
    "s2_total_h": 7.67,
    "s2_cont_h": 7.67,
    "s2_pass_a": true,
    "s2_pass_b": true,
    "d_total_h": 0.0,
    "d_cont_h": 0.0,
    "change_cd": "keep_ok",
    "변화": "유지 충족"
   }
  },
  {
   "type": "Feature",
   "geometry": {
    "type": "Point",
    "coordinates": [
     126.93474518,
     37.52551651
    ]
   },
   "properties": {
    "pid": "여의도고등학교 운동장-314",
    "school": "여의도고등학교",
    "jibun": "30-1",
    "kind": "운동장 지반",
    "dong": "여의도고등학교 운동장",
    "facade": "지반",
    "floor": 0,
    "source": "옥외지반 근사",
    "z_m": 0.0,
    "normal_az": 180.0,
    "s1_total_h": 7.83,
    "s1_cont_h": 7.83,
    "s1_pass_a": true,
    "s1_pass_b": true,
    "s2_total_h": 7.83,
    "s2_cont_h": 7.83,
    "s2_pass_a": true,
    "s2_pass_b": true,
    "d_total_h": 0.0,
    "d_cont_h": 0.0,
    "change_cd": "keep_ok",
    "변화": "유지 충족"
   }
  },
  {
   "type": "Feature",
   "geometry": {
    "type": "Point",
    "coordinates": [
     126.93293506,
     37.52558757
    ]
   },
   "properties": {
    "pid": "여의도고등학교 운동장-315",
    "school": "여의도고등학교",
    "jibun": "30-1",
    "kind": "운동장 지반",
    "dong": "여의도고등학교 운동장",
    "facade": "지반",
    "floor": 0,
    "source": "옥외지반 근사",
    "z_m": 0.0,
    "normal_az": 180.0,
    "s1_total_h": 3.67,
    "s1_cont_h": 3.17,
    "s1_pass_a": true,
    "s1_pass_b": true,
    "s2_total_h": 3.67,
    "s2_cont_h": 3.17,
    "s2_pass_a": true,
    "s2_pass_b": true,
    "d_total_h": 0.0,
    "d_cont_h": 0.0,
    "change_cd": "keep_ok",
    "변화": "유지 충족"
   }
  },
  {
   "type": "Feature",
   "geometry": {
    "type": "Point",
    "coordinates": [
     126.93302557,
     37.52558763
    ]
   },
   "properties": {
    "pid": "여의도고등학교 운동장-316",
    "school": "여의도고등학교",
    "jibun": "30-1",
    "kind": "운동장 지반",
    "dong": "여의도고등학교 운동장",
    "facade": "지반",
    "floor": 0,
    "source": "옥외지반 근사",
    "z_m": 0.0,
    "normal_az": 180.0,
    "s1_total_h": 1.5,
    "s1_cont_h": 1.0,
    "s1_pass_a": false,
    "s1_pass_b": false,
    "s2_total_h": 1.5,
    "s2_cont_h": 1.0,
    "s2_pass_a": false,
    "s2_pass_b": false,
    "d_total_h": 0.0,
    "d_cont_h": 0.0,
    "change_cd": "keep_fail",
    "변화": "유지 불충족"
   }
  },
  {
   "type": "Feature",
   "geometry": {
    "type": "Point",
    "coordinates": [
     126.93347808,
     37.52558788
    ]
   },
   "properties": {
    "pid": "여의도고등학교 운동장-317",
    "school": "여의도고등학교",
    "jibun": "30-1",
    "kind": "운동장 지반",
    "dong": "여의도고등학교 운동장",
    "facade": "지반",
    "floor": 0,
    "source": "옥외지반 근사",
    "z_m": 0.0,
    "normal_az": 180.0,
    "s1_total_h": 5.67,
    "s1_cont_h": 5.67,
    "s1_pass_a": true,
    "s1_pass_b": true,
    "s2_total_h": 5.67,
    "s2_cont_h": 5.67,
    "s2_pass_a": true,
    "s2_pass_b": true,
    "d_total_h": 0.0,
    "d_cont_h": 0.0,
    "change_cd": "keep_ok",
    "변화": "유지 충족"
   }
  },
  {
   "type": "Feature",
   "geometry": {
    "type": "Point",
    "coordinates": [
     126.93356858,
     37.52558793
    ]
   },
   "properties": {
    "pid": "여의도고등학교 운동장-318",
    "school": "여의도고등학교",
    "jibun": "30-1",
    "kind": "운동장 지반",
    "dong": "여의도고등학교 운동장",
    "facade": "지반",
    "floor": 0,
    "source": "옥외지반 근사",
    "z_m": 0.0,
    "normal_az": 180.0,
    "s1_total_h": 5.5,
    "s1_cont_h": 5.5,
    "s1_pass_a": true,
    "s1_pass_b": true,
    "s2_total_h": 5.5,
    "s2_cont_h": 5.5,
    "s2_pass_a": true,
    "s2_pass_b": true,
    "d_total_h": 0.0,
    "d_cont_h": 0.0,
    "change_cd": "keep_ok",
    "변화": "유지 충족"
   }
  },
  {
   "type": "Feature",
   "geometry": {
    "type": "Point",
    "coordinates": [
     126.93384009,
     37.52558808
    ]
   },
   "properties": {
    "pid": "여의도고등학교 운동장-319",
    "school": "여의도고등학교",
    "jibun": "30-1",
    "kind": "운동장 지반",
    "dong": "여의도고등학교 운동장",
    "facade": "지반",
    "floor": 0,
    "source": "옥외지반 근사",
    "z_m": 0.0,
    "normal_az": 180.0,
    "s1_total_h": 1.67,
    "s1_cont_h": 1.67,
    "s1_pass_a": false,
    "s1_pass_b": false,
    "s2_total_h": 1.67,
    "s2_cont_h": 1.67,
    "s2_pass_a": false,
    "s2_pass_b": false,
    "d_total_h": 0.0,
    "d_cont_h": 0.0,
    "change_cd": "keep_fail",
    "변화": "유지 불충족"
   }
  },
  {
   "type": "Feature",
   "geometry": {
    "type": "Point",
    "coordinates": [
     126.93393059,
     37.52558814
    ]
   },
   "properties": {
    "pid": "여의도고등학교 운동장-320",
    "school": "여의도고등학교",
    "jibun": "30-1",
    "kind": "운동장 지반",
    "dong": "여의도고등학교 운동장",
    "facade": "지반",
    "floor": 0,
    "source": "옥외지반 근사",
    "z_m": 0.0,
    "normal_az": 180.0,
    "s1_total_h": 2.67,
    "s1_cont_h": 2.5,
    "s1_pass_a": true,
    "s1_pass_b": false,
    "s2_total_h": 2.67,
    "s2_cont_h": 2.5,
    "s2_pass_a": true,
    "s2_pass_b": false,
    "d_total_h": 0.0,
    "d_cont_h": 0.0,
    "change_cd": "keep_ok",
    "변화": "유지 충족"
   }
  },
  {
   "type": "Feature",
   "geometry": {
    "type": "Point",
    "coordinates": [
     126.93402109,
     37.52558819
    ]
   },
   "properties": {
    "pid": "여의도고등학교 운동장-321",
    "school": "여의도고등학교",
    "jibun": "30-1",
    "kind": "운동장 지반",
    "dong": "여의도고등학교 운동장",
    "facade": "지반",
    "floor": 0,
    "source": "옥외지반 근사",
    "z_m": 0.0,
    "normal_az": 180.0,
    "s1_total_h": 3.67,
    "s1_cont_h": 3.33,
    "s1_pass_a": true,
    "s1_pass_b": true,
    "s2_total_h": 3.67,
    "s2_cont_h": 3.33,
    "s2_pass_a": true,
    "s2_pass_b": true,
    "d_total_h": 0.0,
    "d_cont_h": 0.0,
    "change_cd": "keep_ok",
    "변화": "유지 충족"
   }
  },
  {
   "type": "Feature",
   "geometry": {
    "type": "Point",
    "coordinates": [
     126.9341116,
     37.52558824
    ]
   },
   "properties": {
    "pid": "여의도고등학교 운동장-322",
    "school": "여의도고등학교",
    "jibun": "30-1",
    "kind": "운동장 지반",
    "dong": "여의도고등학교 운동장",
    "facade": "지반",
    "floor": 0,
    "source": "옥외지반 근사",
    "z_m": 0.0,
    "normal_az": 180.0,
    "s1_total_h": 4.5,
    "s1_cont_h": 4.33,
    "s1_pass_a": true,
    "s1_pass_b": true,
    "s2_total_h": 4.5,
    "s2_cont_h": 4.33,
    "s2_pass_a": true,
    "s2_pass_b": true,
    "d_total_h": 0.0,
    "d_cont_h": 0.0,
    "change_cd": "keep_ok",
    "변화": "유지 충족"
   }
  },
  {
   "type": "Feature",
   "geometry": {
    "type": "Point",
    "coordinates": [
     126.9342021,
     37.52558829
    ]
   },
   "properties": {
    "pid": "여의도고등학교 운동장-323",
    "school": "여의도고등학교",
    "jibun": "30-1",
    "kind": "운동장 지반",
    "dong": "여의도고등학교 운동장",
    "facade": "지반",
    "floor": 0,
    "source": "옥외지반 근사",
    "z_m": 0.0,
    "normal_az": 180.0,
    "s1_total_h": 5.5,
    "s1_cont_h": 5.5,
    "s1_pass_a": true,
    "s1_pass_b": true,
    "s2_total_h": 5.5,
    "s2_cont_h": 5.5,
    "s2_pass_a": true,
    "s2_pass_b": true,
    "d_total_h": 0.0,
    "d_cont_h": 0.0,
    "change_cd": "keep_ok",
    "변화": "유지 충족"
   }
  },
  {
   "type": "Feature",
   "geometry": {
    "type": "Point",
    "coordinates": [
     126.9342926,
     37.52558834
    ]
   },
   "properties": {
    "pid": "여의도고등학교 운동장-324",
    "school": "여의도고등학교",
    "jibun": "30-1",
    "kind": "운동장 지반",
    "dong": "여의도고등학교 운동장",
    "facade": "지반",
    "floor": 0,
    "source": "옥외지반 근사",
    "z_m": 0.0,
    "normal_az": 180.0,
    "s1_total_h": 6.17,
    "s1_cont_h": 6.17,
    "s1_pass_a": true,
    "s1_pass_b": true,
    "s2_total_h": 6.17,
    "s2_cont_h": 6.17,
    "s2_pass_a": true,
    "s2_pass_b": true,
    "d_total_h": 0.0,
    "d_cont_h": 0.0,
    "change_cd": "keep_ok",
    "변화": "유지 충족"
   }
  },
  {
   "type": "Feature",
   "geometry": {
    "type": "Point",
    "coordinates": [
     126.9343831,
     37.52558839
    ]
   },
   "properties": {
    "pid": "여의도고등학교 운동장-325",
    "school": "여의도고등학교",
    "jibun": "30-1",
    "kind": "운동장 지반",
    "dong": "여의도고등학교 운동장",
    "facade": "지반",
    "floor": 0,
    "source": "옥외지반 근사",
    "z_m": 0.0,
    "normal_az": 180.0,
    "s1_total_h": 6.67,
    "s1_cont_h": 6.67,
    "s1_pass_a": true,
    "s1_pass_b": true,
    "s2_total_h": 6.67,
    "s2_cont_h": 6.67,
    "s2_pass_a": true,
    "s2_pass_b": true,
    "d_total_h": 0.0,
    "d_cont_h": 0.0,
    "change_cd": "keep_ok",
    "변화": "유지 충족"
   }
  },
  {
   "type": "Feature",
   "geometry": {
    "type": "Point",
    "coordinates": [
     126.93447361,
     37.52558844
    ]
   },
   "properties": {
    "pid": "여의도고등학교 운동장-326",
    "school": "여의도고등학교",
    "jibun": "30-1",
    "kind": "운동장 지반",
    "dong": "여의도고등학교 운동장",
    "facade": "지반",
    "floor": 0,
    "source": "옥외지반 근사",
    "z_m": 0.0,
    "normal_az": 180.0,
    "s1_total_h": 7.0,
    "s1_cont_h": 7.0,
    "s1_pass_a": true,
    "s1_pass_b": true,
    "s2_total_h": 7.0,
    "s2_cont_h": 7.0,
    "s2_pass_a": true,
    "s2_pass_b": true,
    "d_total_h": 0.0,
    "d_cont_h": 0.0,
    "change_cd": "keep_ok",
    "변화": "유지 충족"
   }
  },
  {
   "type": "Feature",
   "geometry": {
    "type": "Point",
    "coordinates": [
     126.93456411,
     37.52558849
    ]
   },
   "properties": {
    "pid": "여의도고등학교 운동장-327",
    "school": "여의도고등학교",
    "jibun": "30-1",
    "kind": "운동장 지반",
    "dong": "여의도고등학교 운동장",
    "facade": "지반",
    "floor": 0,
    "source": "옥외지반 근사",
    "z_m": 0.0,
    "normal_az": 180.0,
    "s1_total_h": 7.33,
    "s1_cont_h": 7.33,
    "s1_pass_a": true,
    "s1_pass_b": true,
    "s2_total_h": 7.33,
    "s2_cont_h": 7.33,
    "s2_pass_a": true,
    "s2_pass_b": true,
    "d_total_h": 0.0,
    "d_cont_h": 0.0,
    "change_cd": "keep_ok",
    "변화": "유지 충족"
   }
  },
  {
   "type": "Feature",
   "geometry": {
    "type": "Point",
    "coordinates": [
     126.93465461,
     37.52558854
    ]
   },
   "properties": {
    "pid": "여의도고등학교 운동장-328",
    "school": "여의도고등학교",
    "jibun": "30-1",
    "kind": "운동장 지반",
    "dong": "여의도고등학교 운동장",
    "facade": "지반",
    "floor": 0,
    "source": "옥외지반 근사",
    "z_m": 0.0,
    "normal_az": 180.0,
    "s1_total_h": 7.67,
    "s1_cont_h": 7.67,
    "s1_pass_a": true,
    "s1_pass_b": true,
    "s2_total_h": 7.67,
    "s2_cont_h": 7.67,
    "s2_pass_a": true,
    "s2_pass_b": true,
    "d_total_h": 0.0,
    "d_cont_h": 0.0,
    "change_cd": "keep_ok",
    "변화": "유지 충족"
   }
  },
  {
   "type": "Feature",
   "geometry": {
    "type": "Point",
    "coordinates": [
     126.933116,
     37.52565976
    ]
   },
   "properties": {
    "pid": "여의도고등학교 운동장-329",
    "school": "여의도고등학교",
    "jibun": "30-1",
    "kind": "운동장 지반",
    "dong": "여의도고등학교 운동장",
    "facade": "지반",
    "floor": 0,
    "source": "옥외지반 근사",
    "z_m": 0.0,
    "normal_az": 180.0,
    "s1_total_h": 0.33,
    "s1_cont_h": 0.33,
    "s1_pass_a": false,
    "s1_pass_b": false,
    "s2_total_h": 0.33,
    "s2_cont_h": 0.33,
    "s2_pass_a": false,
    "s2_pass_b": false,
    "d_total_h": 0.0,
    "d_cont_h": 0.0,
    "change_cd": "keep_fail",
    "변화": "유지 불충족"
   }
  },
  {
   "type": "Feature",
   "geometry": {
    "type": "Point",
    "coordinates": [
     126.93320651,
     37.52565981
    ]
   },
   "properties": {
    "pid": "여의도고등학교 운동장-330",
    "school": "여의도고등학교",
    "jibun": "30-1",
    "kind": "운동장 지반",
    "dong": "여의도고등학교 운동장",
    "facade": "지반",
    "floor": 0,
    "source": "옥외지반 근사",
    "z_m": 0.0,
    "normal_az": 180.0,
    "s1_total_h": 0.33,
    "s1_cont_h": 0.33,
    "s1_pass_a": false,
    "s1_pass_b": false,
    "s2_total_h": 0.33,
    "s2_cont_h": 0.33,
    "s2_pass_a": false,
    "s2_pass_b": false,
    "d_total_h": 0.0,
    "d_cont_h": 0.0,
    "change_cd": "keep_fail",
    "변화": "유지 불충족"
   }
  },
  {
   "type": "Feature",
   "geometry": {
    "type": "Point",
    "coordinates": [
     126.93347801,
     37.52565996
    ]
   },
   "properties": {
    "pid": "여의도고등학교 운동장-331",
    "school": "여의도고등학교",
    "jibun": "30-1",
    "kind": "운동장 지반",
    "dong": "여의도고등학교 운동장",
    "facade": "지반",
    "floor": 0,
    "source": "옥외지반 근사",
    "z_m": 0.0,
    "normal_az": 180.0,
    "s1_total_h": 5.0,
    "s1_cont_h": 5.0,
    "s1_pass_a": true,
    "s1_pass_b": true,
    "s2_total_h": 5.0,
    "s2_cont_h": 5.0,
    "s2_pass_a": true,
    "s2_pass_b": true,
    "d_total_h": 0.0,
    "d_cont_h": 0.0,
    "change_cd": "keep_ok",
    "변화": "유지 충족"
   }
  },
  {
   "type": "Feature",
   "geometry": {
    "type": "Point",
    "coordinates": [
     126.93374952,
     37.52566011
    ]
   },
   "properties": {
    "pid": "여의도고등학교 운동장-332",
    "school": "여의도고등학교",
    "jibun": "30-1",
    "kind": "운동장 지반",
    "dong": "여의도고등학교 운동장",
    "facade": "지반",
    "floor": 0,
    "source": "옥외지반 근사",
    "z_m": 0.0,
    "normal_az": 180.0,
    "s1_total_h": 1.83,
    "s1_cont_h": 1.67,
    "s1_pass_a": false,
    "s1_pass_b": false,
    "s2_total_h": 1.83,
    "s2_cont_h": 1.67,
    "s2_pass_a": false,
    "s2_pass_b": false,
    "d_total_h": 0.0,
    "d_cont_h": 0.0,
    "change_cd": "keep_fail",
    "변화": "유지 불충족"
   }
  },
  {
   "type": "Feature",
   "geometry": {
    "type": "Point",
    "coordinates": [
     126.93384002,
     37.52566016
    ]
   },
   "properties": {
    "pid": "여의도고등학교 운동장-333",
    "school": "여의도고등학교",
    "jibun": "30-1",
    "kind": "운동장 지반",
    "dong": "여의도고등학교 운동장",
    "facade": "지반",
    "floor": 0,
    "source": "옥외지반 근사",
    "z_m": 0.0,
    "normal_az": 180.0,
    "s1_total_h": 3.17,
    "s1_cont_h": 3.17,
    "s1_pass_a": true,
    "s1_pass_b": true,
    "s2_total_h": 3.17,
    "s2_cont_h": 3.17,
    "s2_pass_a": true,
    "s2_pass_b": true,
    "d_total_h": 0.0,
    "d_cont_h": 0.0,
    "change_cd": "keep_ok",
    "변화": "유지 충족"
   }
  },
  {
   "type": "Feature",
   "geometry": {
    "type": "Point",
    "coordinates": [
     126.93393053,
     37.52566022
    ]
   },
   "properties": {
    "pid": "여의도고등학교 운동장-334",
    "school": "여의도고등학교",
    "jibun": "30-1",
    "kind": "운동장 지반",
    "dong": "여의도고등학교 운동장",
    "facade": "지반",
    "floor": 0,
    "source": "옥외지반 근사",
    "z_m": 0.0,
    "normal_az": 180.0,
    "s1_total_h": 4.33,
    "s1_cont_h": 4.33,
    "s1_pass_a": true,
    "s1_pass_b": true,
    "s2_total_h": 4.33,
    "s2_cont_h": 4.33,
    "s2_pass_a": true,
    "s2_pass_b": true,
    "d_total_h": 0.0,
    "d_cont_h": 0.0,
    "change_cd": "keep_ok",
    "변화": "유지 충족"
   }
  },
  {
   "type": "Feature",
   "geometry": {
    "type": "Point",
    "coordinates": [
     126.93402103,
     37.52566027
    ]
   },
   "properties": {
    "pid": "여의도고등학교 운동장-335",
    "school": "여의도고등학교",
    "jibun": "30-1",
    "kind": "운동장 지반",
    "dong": "여의도고등학교 운동장",
    "facade": "지반",
    "floor": 0,
    "source": "옥외지반 근사",
    "z_m": 0.0,
    "normal_az": 180.0,
    "s1_total_h": 5.33,
    "s1_cont_h": 5.33,
    "s1_pass_a": true,
    "s1_pass_b": true,
    "s2_total_h": 5.33,
    "s2_cont_h": 5.33,
    "s2_pass_a": true,
    "s2_pass_b": true,
    "d_total_h": 0.0,
    "d_cont_h": 0.0,
    "change_cd": "keep_ok",
    "변화": "유지 충족"
   }
  },
  {
   "type": "Feature",
   "geometry": {
    "type": "Point",
    "coordinates": [
     126.93411153,
     37.52566032
    ]
   },
   "properties": {
    "pid": "여의도고등학교 운동장-336",
    "school": "여의도고등학교",
    "jibun": "30-1",
    "kind": "운동장 지반",
    "dong": "여의도고등학교 운동장",
    "facade": "지반",
    "floor": 0,
    "source": "옥외지반 근사",
    "z_m": 0.0,
    "normal_az": 180.0,
    "s1_total_h": 6.17,
    "s1_cont_h": 6.17,
    "s1_pass_a": true,
    "s1_pass_b": true,
    "s2_total_h": 6.17,
    "s2_cont_h": 6.17,
    "s2_pass_a": true,
    "s2_pass_b": true,
    "d_total_h": 0.0,
    "d_cont_h": 0.0,
    "change_cd": "keep_ok",
    "변화": "유지 충족"
   }
  },
  {
   "type": "Feature",
   "geometry": {
    "type": "Point",
    "coordinates": [
     126.93420204,
     37.52566037
    ]
   },
   "properties": {
    "pid": "여의도고등학교 운동장-337",
    "school": "여의도고등학교",
    "jibun": "30-1",
    "kind": "운동장 지반",
    "dong": "여의도고등학교 운동장",
    "facade": "지반",
    "floor": 0,
    "source": "옥외지반 근사",
    "z_m": 0.0,
    "normal_az": 180.0,
    "s1_total_h": 6.67,
    "s1_cont_h": 6.67,
    "s1_pass_a": true,
    "s1_pass_b": true,
    "s2_total_h": 6.67,
    "s2_cont_h": 6.67,
    "s2_pass_a": true,
    "s2_pass_b": true,
    "d_total_h": 0.0,
    "d_cont_h": 0.0,
    "change_cd": "keep_ok",
    "변화": "유지 충족"
   }
  },
  {
   "type": "Feature",
   "geometry": {
    "type": "Point",
    "coordinates": [
     126.93429254,
     37.52566042
    ]
   },
   "properties": {
    "pid": "여의도고등학교 운동장-338",
    "school": "여의도고등학교",
    "jibun": "30-1",
    "kind": "운동장 지반",
    "dong": "여의도고등학교 운동장",
    "facade": "지반",
    "floor": 0,
    "source": "옥외지반 근사",
    "z_m": 0.0,
    "normal_az": 180.0,
    "s1_total_h": 7.0,
    "s1_cont_h": 7.0,
    "s1_pass_a": true,
    "s1_pass_b": true,
    "s2_total_h": 7.0,
    "s2_cont_h": 7.0,
    "s2_pass_a": true,
    "s2_pass_b": true,
    "d_total_h": 0.0,
    "d_cont_h": 0.0,
    "change_cd": "keep_ok",
    "변화": "유지 충족"
   }
  },
  {
   "type": "Feature",
   "geometry": {
    "type": "Point",
    "coordinates": [
     126.93438304,
     37.52566047
    ]
   },
   "properties": {
    "pid": "여의도고등학교 운동장-339",
    "school": "여의도고등학교",
    "jibun": "30-1",
    "kind": "운동장 지반",
    "dong": "여의도고등학교 운동장",
    "facade": "지반",
    "floor": 0,
    "source": "옥외지반 근사",
    "z_m": 0.0,
    "normal_az": 180.0,
    "s1_total_h": 7.0,
    "s1_cont_h": 7.0,
    "s1_pass_a": true,
    "s1_pass_b": true,
    "s2_total_h": 7.0,
    "s2_cont_h": 7.0,
    "s2_pass_a": true,
    "s2_pass_b": true,
    "d_total_h": 0.0,
    "d_cont_h": 0.0,
    "change_cd": "keep_ok",
    "변화": "유지 충족"
   }
  },
  {
   "type": "Feature",
   "geometry": {
    "type": "Point",
    "coordinates": [
     126.93447354,
     37.52566052
    ]
   },
   "properties": {
    "pid": "여의도고등학교 운동장-340",
    "school": "여의도고등학교",
    "jibun": "30-1",
    "kind": "운동장 지반",
    "dong": "여의도고등학교 운동장",
    "facade": "지반",
    "floor": 0,
    "source": "옥외지반 근사",
    "z_m": 0.0,
    "normal_az": 180.0,
    "s1_total_h": 7.33,
    "s1_cont_h": 7.33,
    "s1_pass_a": true,
    "s1_pass_b": true,
    "s2_total_h": 7.33,
    "s2_cont_h": 7.33,
    "s2_pass_a": true,
    "s2_pass_b": true,
    "d_total_h": 0.0,
    "d_cont_h": 0.0,
    "change_cd": "keep_ok",
    "변화": "유지 충족"
   }
  },
  {
   "type": "Feature",
   "geometry": {
    "type": "Point",
    "coordinates": [
     126.93456405,
     37.52566057
    ]
   },
   "properties": {
    "pid": "여의도고등학교 운동장-341",
    "school": "여의도고등학교",
    "jibun": "30-1",
    "kind": "운동장 지반",
    "dong": "여의도고등학교 운동장",
    "facade": "지반",
    "floor": 0,
    "source": "옥외지반 근사",
    "z_m": 0.0,
    "normal_az": 180.0,
    "s1_total_h": 7.5,
    "s1_cont_h": 7.5,
    "s1_pass_a": true,
    "s1_pass_b": true,
    "s2_total_h": 7.5,
    "s2_cont_h": 7.5,
    "s2_pass_a": true,
    "s2_pass_b": true,
    "d_total_h": 0.0,
    "d_cont_h": 0.0,
    "change_cd": "keep_ok",
    "변화": "유지 충족"
   }
  },
  {
   "type": "Feature",
   "geometry": {
    "type": "Point",
    "coordinates": [
     126.93465455,
     37.52566062
    ]
   },
   "properties": {
    "pid": "여의도고등학교 운동장-342",
    "school": "여의도고등학교",
    "jibun": "30-1",
    "kind": "운동장 지반",
    "dong": "여의도고등학교 운동장",
    "facade": "지반",
    "floor": 0,
    "source": "옥외지반 근사",
    "z_m": 0.0,
    "normal_az": 180.0,
    "s1_total_h": 7.67,
    "s1_cont_h": 7.67,
    "s1_pass_a": true,
    "s1_pass_b": true,
    "s2_total_h": 7.67,
    "s2_cont_h": 7.67,
    "s2_pass_a": true,
    "s2_pass_b": true,
    "d_total_h": 0.0,
    "d_cont_h": 0.0,
    "change_cd": "keep_ok",
    "변화": "유지 충족"
   }
  },
  {
   "type": "Feature",
   "geometry": {
    "type": "Point",
    "coordinates": [
     126.93329694,
     37.52573194
    ]
   },
   "properties": {
    "pid": "여의도고등학교 운동장-343",
    "school": "여의도고등학교",
    "jibun": "30-1",
    "kind": "운동장 지반",
    "dong": "여의도고등학교 운동장",
    "facade": "지반",
    "floor": 0,
    "source": "옥외지반 근사",
    "z_m": 0.0,
    "normal_az": 180.0,
    "s1_total_h": 0.17,
    "s1_cont_h": 0.17,
    "s1_pass_a": false,
    "s1_pass_b": false,
    "s2_total_h": 0.17,
    "s2_cont_h": 0.17,
    "s2_pass_a": false,
    "s2_pass_b": false,
    "d_total_h": 0.0,
    "d_cont_h": 0.0,
    "change_cd": "keep_fail",
    "변화": "유지 불충족"
   }
  },
  {
   "type": "Feature",
   "geometry": {
    "type": "Point",
    "coordinates": [
     126.93338745,
     37.52573199
    ]
   },
   "properties": {
    "pid": "여의도고등학교 운동장-344",
    "school": "여의도고등학교",
    "jibun": "30-1",
    "kind": "운동장 지반",
    "dong": "여의도고등학교 운동장",
    "facade": "지반",
    "floor": 0,
    "source": "옥외지반 근사",
    "z_m": 0.0,
    "normal_az": 180.0,
    "s1_total_h": 1.33,
    "s1_cont_h": 1.33,
    "s1_pass_a": false,
    "s1_pass_b": false,
    "s2_total_h": 1.33,
    "s2_cont_h": 1.33,
    "s2_pass_a": false,
    "s2_pass_b": false,
    "d_total_h": 0.0,
    "d_cont_h": 0.0,
    "change_cd": "keep_fail",
    "변화": "유지 불충족"
   }
  },
  {
   "type": "Feature",
   "geometry": {
    "type": "Point",
    "coordinates": [
     126.93347795,
     37.52573204
    ]
   },
   "properties": {
    "pid": "여의도고등학교 운동장-345",
    "school": "여의도고등학교",
    "jibun": "30-1",
    "kind": "운동장 지반",
    "dong": "여의도고등학교 운동장",
    "facade": "지반",
    "floor": 0,
    "source": "옥외지반 근사",
    "z_m": 0.0,
    "normal_az": 180.0,
    "s1_total_h": 1.17,
    "s1_cont_h": 1.17,
    "s1_pass_a": false,
    "s1_pass_b": false,
    "s2_total_h": 1.17,
    "s2_cont_h": 1.17,
    "s2_pass_a": false,
    "s2_pass_b": false,
    "d_total_h": 0.0,
    "d_cont_h": 0.0,
    "change_cd": "keep_fail",
    "변화": "유지 불충족"
   }
  },
  {
   "type": "Feature",
   "geometry": {
    "type": "Point",
    "coordinates": [
     126.93365896,
     37.52573214
    ]
   },
   "properties": {
    "pid": "여의도고등학교 운동장-346",
    "school": "여의도고등학교",
    "jibun": "30-1",
    "kind": "운동장 지반",
    "dong": "여의도고등학교 운동장",
    "facade": "지반",
    "floor": 0,
    "source": "옥외지반 근사",
    "z_m": 0.0,
    "normal_az": 180.0,
    "s1_total_h": 1.67,
    "s1_cont_h": 1.67,
    "s1_pass_a": false,
    "s1_pass_b": false,
    "s2_total_h": 1.67,
    "s2_cont_h": 1.67,
    "s2_pass_a": false,
    "s2_pass_b": false,
    "d_total_h": 0.0,
    "d_cont_h": 0.0,
    "change_cd": "keep_fail",
    "변화": "유지 불충족"
   }
  },
  {
   "type": "Feature",
   "geometry": {
    "type": "Point",
    "coordinates": [
     126.93374946,
     37.52573219
    ]
   },
   "properties": {
    "pid": "여의도고등학교 운동장-347",
    "school": "여의도고등학교",
    "jibun": "30-1",
    "kind": "운동장 지반",
    "dong": "여의도고등학교 운동장",
    "facade": "지반",
    "floor": 0,
    "source": "옥외지반 근사",
    "z_m": 0.0,
    "normal_az": 180.0,
    "s1_total_h": 3.0,
    "s1_cont_h": 3.0,
    "s1_pass_a": true,
    "s1_pass_b": true,
    "s2_total_h": 3.0,
    "s2_cont_h": 3.0,
    "s2_pass_a": true,
    "s2_pass_b": true,
    "d_total_h": 0.0,
    "d_cont_h": 0.0,
    "change_cd": "keep_ok",
    "변화": "유지 충족"
   }
  },
  {
   "type": "Feature",
   "geometry": {
    "type": "Point",
    "coordinates": [
     126.93383996,
     37.52573224
    ]
   },
   "properties": {
    "pid": "여의도고등학교 운동장-348",
    "school": "여의도고등학교",
    "jibun": "30-1",
    "kind": "운동장 지반",
    "dong": "여의도고등학교 운동장",
    "facade": "지반",
    "floor": 0,
    "source": "옥외지반 근사",
    "z_m": 0.0,
    "normal_az": 180.0,
    "s1_total_h": 4.0,
    "s1_cont_h": 4.0,
    "s1_pass_a": true,
    "s1_pass_b": true,
    "s2_total_h": 4.0,
    "s2_cont_h": 4.0,
    "s2_pass_a": true,
    "s2_pass_b": true,
    "d_total_h": 0.0,
    "d_cont_h": 0.0,
    "change_cd": "keep_ok",
    "변화": "유지 충족"
   }
  },
  {
   "type": "Feature",
   "geometry": {
    "type": "Point",
    "coordinates": [
     126.93393046,
     37.5257323
    ]
   },
   "properties": {
    "pid": "여의도고등학교 운동장-349",
    "school": "여의도고등학교",
    "jibun": "30-1",
    "kind": "운동장 지반",
    "dong": "여의도고등학교 운동장",
    "facade": "지반",
    "floor": 0,
    "source": "옥외지반 근사",
    "z_m": 0.0,
    "normal_az": 180.0,
    "s1_total_h": 5.17,
    "s1_cont_h": 5.17,
    "s1_pass_a": true,
    "s1_pass_b": true,
    "s2_total_h": 5.17,
    "s2_cont_h": 5.17,
    "s2_pass_a": true,
    "s2_pass_b": true,
    "d_total_h": 0.0,
    "d_cont_h": 0.0,
    "change_cd": "keep_ok",
    "변화": "유지 충족"
   }
  },
  {
   "type": "Feature",
   "geometry": {
    "type": "Point",
    "coordinates": [
     126.93402097,
     37.52573235
    ]
   },
   "properties": {
    "pid": "여의도고등학교 운동장-350",
    "school": "여의도고등학교",
    "jibun": "30-1",
    "kind": "운동장 지반",
    "dong": "여의도고등학교 운동장",
    "facade": "지반",
    "floor": 0,
    "source": "옥외지반 근사",
    "z_m": 0.0,
    "normal_az": 180.0,
    "s1_total_h": 6.0,
    "s1_cont_h": 6.0,
    "s1_pass_a": true,
    "s1_pass_b": true,
    "s2_total_h": 6.0,
    "s2_cont_h": 6.0,
    "s2_pass_a": true,
    "s2_pass_b": true,
    "d_total_h": 0.0,
    "d_cont_h": 0.0,
    "change_cd": "keep_ok",
    "변화": "유지 충족"
   }
  },
  {
   "type": "Feature",
   "geometry": {
    "type": "Point",
    "coordinates": [
     126.93411147,
     37.5257324
    ]
   },
   "properties": {
    "pid": "여의도고등학교 운동장-351",
    "school": "여의도고등학교",
    "jibun": "30-1",
    "kind": "운동장 지반",
    "dong": "여의도고등학교 운동장",
    "facade": "지반",
    "floor": 0,
    "source": "옥외지반 근사",
    "z_m": 0.0,
    "normal_az": 180.0,
    "s1_total_h": 6.5,
    "s1_cont_h": 6.5,
    "s1_pass_a": true,
    "s1_pass_b": true,
    "s2_total_h": 6.5,
    "s2_cont_h": 6.5,
    "s2_pass_a": true,
    "s2_pass_b": true,
    "d_total_h": 0.0,
    "d_cont_h": 0.0,
    "change_cd": "keep_ok",
    "변화": "유지 충족"
   }
  },
  {
   "type": "Feature",
   "geometry": {
    "type": "Point",
    "coordinates": [
     126.93420197,
     37.52573245
    ]
   },
   "properties": {
    "pid": "여의도고등학교 운동장-352",
    "school": "여의도고등학교",
    "jibun": "30-1",
    "kind": "운동장 지반",
    "dong": "여의도고등학교 운동장",
    "facade": "지반",
    "floor": 0,
    "source": "옥외지반 근사",
    "z_m": 0.0,
    "normal_az": 180.0,
    "s1_total_h": 7.0,
    "s1_cont_h": 7.0,
    "s1_pass_a": true,
    "s1_pass_b": true,
    "s2_total_h": 7.0,
    "s2_cont_h": 7.0,
    "s2_pass_a": true,
    "s2_pass_b": true,
    "d_total_h": 0.0,
    "d_cont_h": 0.0,
    "change_cd": "keep_ok",
    "변화": "유지 충족"
   }
  },
  {
   "type": "Feature",
   "geometry": {
    "type": "Point",
    "coordinates": [
     126.93429247,
     37.5257325
    ]
   },
   "properties": {
    "pid": "여의도고등학교 운동장-353",
    "school": "여의도고등학교",
    "jibun": "30-1",
    "kind": "운동장 지반",
    "dong": "여의도고등학교 운동장",
    "facade": "지반",
    "floor": 0,
    "source": "옥외지반 근사",
    "z_m": 0.0,
    "normal_az": 180.0,
    "s1_total_h": 7.33,
    "s1_cont_h": 7.33,
    "s1_pass_a": true,
    "s1_pass_b": true,
    "s2_total_h": 7.33,
    "s2_cont_h": 7.33,
    "s2_pass_a": true,
    "s2_pass_b": true,
    "d_total_h": 0.0,
    "d_cont_h": 0.0,
    "change_cd": "keep_ok",
    "변화": "유지 충족"
   }
  },
  {
   "type": "Feature",
   "geometry": {
    "type": "Point",
    "coordinates": [
     126.93438298,
     37.52573255
    ]
   },
   "properties": {
    "pid": "여의도고등학교 운동장-354",
    "school": "여의도고등학교",
    "jibun": "30-1",
    "kind": "운동장 지반",
    "dong": "여의도고등학교 운동장",
    "facade": "지반",
    "floor": 0,
    "source": "옥외지반 근사",
    "z_m": 0.0,
    "normal_az": 180.0,
    "s1_total_h": 7.5,
    "s1_cont_h": 7.5,
    "s1_pass_a": true,
    "s1_pass_b": true,
    "s2_total_h": 7.5,
    "s2_cont_h": 7.5,
    "s2_pass_a": true,
    "s2_pass_b": true,
    "d_total_h": 0.0,
    "d_cont_h": 0.0,
    "change_cd": "keep_ok",
    "변화": "유지 충족"
   }
  },
  {
   "type": "Feature",
   "geometry": {
    "type": "Point",
    "coordinates": [
     126.93447348,
     37.5257326
    ]
   },
   "properties": {
    "pid": "여의도고등학교 운동장-355",
    "school": "여의도고등학교",
    "jibun": "30-1",
    "kind": "운동장 지반",
    "dong": "여의도고등학교 운동장",
    "facade": "지반",
    "floor": 0,
    "source": "옥외지반 근사",
    "z_m": 0.0,
    "normal_az": 180.0,
    "s1_total_h": 7.67,
    "s1_cont_h": 7.67,
    "s1_pass_a": true,
    "s1_pass_b": true,
    "s2_total_h": 7.67,
    "s2_cont_h": 7.67,
    "s2_pass_a": true,
    "s2_pass_b": true,
    "d_total_h": 0.0,
    "d_cont_h": 0.0,
    "change_cd": "keep_ok",
    "변화": "유지 충족"
   }
  },
  {
   "type": "Feature",
   "geometry": {
    "type": "Point",
    "coordinates": [
     126.93456398,
     37.52573265
    ]
   },
   "properties": {
    "pid": "여의도고등학교 운동장-356",
    "school": "여의도고등학교",
    "jibun": "30-1",
    "kind": "운동장 지반",
    "dong": "여의도고등학교 운동장",
    "facade": "지반",
    "floor": 0,
    "source": "옥외지반 근사",
    "z_m": 0.0,
    "normal_az": 180.0,
    "s1_total_h": 7.67,
    "s1_cont_h": 7.67,
    "s1_pass_a": true,
    "s1_pass_b": true,
    "s2_total_h": 7.67,
    "s2_cont_h": 7.67,
    "s2_pass_a": true,
    "s2_pass_b": true,
    "d_total_h": 0.0,
    "d_cont_h": 0.0,
    "change_cd": "keep_ok",
    "변화": "유지 충족"
   }
  },
  {
   "type": "Feature",
   "geometry": {
    "type": "Point",
    "coordinates": [
     126.93338738,
     37.52580407
    ]
   },
   "properties": {
    "pid": "여의도고등학교 운동장-357",
    "school": "여의도고등학교",
    "jibun": "30-1",
    "kind": "운동장 지반",
    "dong": "여의도고등학교 운동장",
    "facade": "지반",
    "floor": 0,
    "source": "옥외지반 근사",
    "z_m": 0.0,
    "normal_az": 180.0,
    "s1_total_h": 1.67,
    "s1_cont_h": 1.5,
    "s1_pass_a": false,
    "s1_pass_b": false,
    "s2_total_h": 1.67,
    "s2_cont_h": 1.5,
    "s2_pass_a": false,
    "s2_pass_b": false,
    "d_total_h": 0.0,
    "d_cont_h": 0.0,
    "change_cd": "keep_fail",
    "변화": "유지 불충족"
   }
  },
  {
   "type": "Feature",
   "geometry": {
    "type": "Point",
    "coordinates": [
     126.93347789,
     37.52580412
    ]
   },
   "properties": {
    "pid": "여의도고등학교 운동장-358",
    "school": "여의도고등학교",
    "jibun": "30-1",
    "kind": "운동장 지반",
    "dong": "여의도고등학교 운동장",
    "facade": "지반",
    "floor": 0,
    "source": "옥외지반 근사",
    "z_m": 0.0,
    "normal_az": 180.0,
    "s1_total_h": 0.5,
    "s1_cont_h": 0.5,
    "s1_pass_a": false,
    "s1_pass_b": false,
    "s2_total_h": 0.5,
    "s2_cont_h": 0.5,
    "s2_pass_a": false,
    "s2_pass_b": false,
    "d_total_h": 0.0,
    "d_cont_h": 0.0,
    "change_cd": "keep_fail",
    "변화": "유지 불충족"
   }
  },
  {
   "type": "Feature",
   "geometry": {
    "type": "Point",
    "coordinates": [
     126.93356839,
     37.52580417
    ]
   },
   "properties": {
    "pid": "여의도고등학교 운동장-359",
    "school": "여의도고등학교",
    "jibun": "30-1",
    "kind": "운동장 지반",
    "dong": "여의도고등학교 운동장",
    "facade": "지반",
    "floor": 0,
    "source": "옥외지반 근사",
    "z_m": 0.0,
    "normal_az": 180.0,
    "s1_total_h": 1.5,
    "s1_cont_h": 1.5,
    "s1_pass_a": false,
    "s1_pass_b": false,
    "s2_total_h": 1.5,
    "s2_cont_h": 1.5,
    "s2_pass_a": false,
    "s2_pass_b": false,
    "d_total_h": 0.0,
    "d_cont_h": 0.0,
    "change_cd": "keep_fail",
    "변화": "유지 불충족"
   }
  },
  {
   "type": "Feature",
   "geometry": {
    "type": "Point",
    "coordinates": [
     126.93365889,
     37.52580422
    ]
   },
   "properties": {
    "pid": "여의도고등학교 운동장-360",
    "school": "여의도고등학교",
    "jibun": "30-1",
    "kind": "운동장 지반",
    "dong": "여의도고등학교 운동장",
    "facade": "지반",
    "floor": 0,
    "source": "옥외지반 근사",
    "z_m": 0.0,
    "normal_az": 180.0,
    "s1_total_h": 2.67,
    "s1_cont_h": 2.67,
    "s1_pass_a": true,
    "s1_pass_b": false,
    "s2_total_h": 2.67,
    "s2_cont_h": 2.67,
    "s2_pass_a": true,
    "s2_pass_b": false,
    "d_total_h": 0.0,
    "d_cont_h": 0.0,
    "change_cd": "keep_ok",
    "변화": "유지 충족"
   }
  },
  {
   "type": "Feature",
   "geometry": {
    "type": "Point",
    "coordinates": [
     126.93374939,
     37.52580427
    ]
   },
   "properties": {
    "pid": "여의도고등학교 운동장-361",
    "school": "여의도고등학교",
    "jibun": "30-1",
    "kind": "운동장 지반",
    "dong": "여의도고등학교 운동장",
    "facade": "지반",
    "floor": 0,
    "source": "옥외지반 근사",
    "z_m": 0.0,
    "normal_az": 180.0,
    "s1_total_h": 3.67,
    "s1_cont_h": 3.67,
    "s1_pass_a": true,
    "s1_pass_b": true,
    "s2_total_h": 3.67,
    "s2_cont_h": 3.67,
    "s2_pass_a": true,
    "s2_pass_b": true,
    "d_total_h": 0.0,
    "d_cont_h": 0.0,
    "change_cd": "keep_ok",
    "변화": "유지 충족"
   }
  },
  {
   "type": "Feature",
   "geometry": {
    "type": "Point",
    "coordinates": [
     126.9338399,
     37.52580432
    ]
   },
   "properties": {
    "pid": "여의도고등학교 운동장-362",
    "school": "여의도고등학교",
    "jibun": "30-1",
    "kind": "운동장 지반",
    "dong": "여의도고등학교 운동장",
    "facade": "지반",
    "floor": 0,
    "source": "옥외지반 근사",
    "z_m": 0.0,
    "normal_az": 180.0,
    "s1_total_h": 4.83,
    "s1_cont_h": 4.83,
    "s1_pass_a": true,
    "s1_pass_b": true,
    "s2_total_h": 4.83,
    "s2_cont_h": 4.83,
    "s2_pass_a": true,
    "s2_pass_b": true,
    "d_total_h": 0.0,
    "d_cont_h": 0.0,
    "change_cd": "keep_ok",
    "변화": "유지 충족"
   }
  },
  {
   "type": "Feature",
   "geometry": {
    "type": "Point",
    "coordinates": [
     126.9339304,
     37.52580438
    ]
   },
   "properties": {
    "pid": "여의도고등학교 운동장-363",
    "school": "여의도고등학교",
    "jibun": "30-1",
    "kind": "운동장 지반",
    "dong": "여의도고등학교 운동장",
    "facade": "지반",
    "floor": 0,
    "source": "옥외지반 근사",
    "z_m": 0.0,
    "normal_az": 180.0,
    "s1_total_h": 5.83,
    "s1_cont_h": 5.83,
    "s1_pass_a": true,
    "s1_pass_b": true,
    "s2_total_h": 5.83,
    "s2_cont_h": 5.83,
    "s2_pass_a": true,
    "s2_pass_b": true,
    "d_total_h": 0.0,
    "d_cont_h": 0.0,
    "change_cd": "keep_ok",
    "변화": "유지 충족"
   }
  },
  {
   "type": "Feature",
   "geometry": {
    "type": "Point",
    "coordinates": [
     126.9340209,
     37.52580443
    ]
   },
   "properties": {
    "pid": "여의도고등학교 운동장-364",
    "school": "여의도고등학교",
    "jibun": "30-1",
    "kind": "운동장 지반",
    "dong": "여의도고등학교 운동장",
    "facade": "지반",
    "floor": 0,
    "source": "옥외지반 근사",
    "z_m": 0.0,
    "normal_az": 180.0,
    "s1_total_h": 6.5,
    "s1_cont_h": 6.5,
    "s1_pass_a": true,
    "s1_pass_b": true,
    "s2_total_h": 6.5,
    "s2_cont_h": 6.5,
    "s2_pass_a": true,
    "s2_pass_b": true,
    "d_total_h": 0.0,
    "d_cont_h": 0.0,
    "change_cd": "keep_ok",
    "변화": "유지 충족"
   }
  },
  {
   "type": "Feature",
   "geometry": {
    "type": "Point",
    "coordinates": [
     126.93411141,
     37.52580448
    ]
   },
   "properties": {
    "pid": "여의도고등학교 운동장-365",
    "school": "여의도고등학교",
    "jibun": "30-1",
    "kind": "운동장 지반",
    "dong": "여의도고등학교 운동장",
    "facade": "지반",
    "floor": 0,
    "source": "옥외지반 근사",
    "z_m": 0.0,
    "normal_az": 180.0,
    "s1_total_h": 6.83,
    "s1_cont_h": 6.83,
    "s1_pass_a": true,
    "s1_pass_b": true,
    "s2_total_h": 6.83,
    "s2_cont_h": 6.83,
    "s2_pass_a": true,
    "s2_pass_b": true,
    "d_total_h": 0.0,
    "d_cont_h": 0.0,
    "change_cd": "keep_ok",
    "변화": "유지 충족"
   }
  },
  {
   "type": "Feature",
   "geometry": {
    "type": "Point",
    "coordinates": [
     126.93420191,
     37.52580453
    ]
   },
   "properties": {
    "pid": "여의도고등학교 운동장-366",
    "school": "여의도고등학교",
    "jibun": "30-1",
    "kind": "운동장 지반",
    "dong": "여의도고등학교 운동장",
    "facade": "지반",
    "floor": 0,
    "source": "옥외지반 근사",
    "z_m": 0.0,
    "normal_az": 180.0,
    "s1_total_h": 7.17,
    "s1_cont_h": 7.17,
    "s1_pass_a": true,
    "s1_pass_b": true,
    "s2_total_h": 7.17,
    "s2_cont_h": 7.17,
    "s2_pass_a": true,
    "s2_pass_b": true,
    "d_total_h": 0.0,
    "d_cont_h": 0.0,
    "change_cd": "keep_ok",
    "변화": "유지 충족"
   }
  },
  {
   "type": "Feature",
   "geometry": {
    "type": "Point",
    "coordinates": [
     126.93429241,
     37.52580458
    ]
   },
   "properties": {
    "pid": "여의도고등학교 운동장-367",
    "school": "여의도고등학교",
    "jibun": "30-1",
    "kind": "운동장 지반",
    "dong": "여의도고등학교 운동장",
    "facade": "지반",
    "floor": 0,
    "source": "옥외지반 근사",
    "z_m": 0.0,
    "normal_az": 180.0,
    "s1_total_h": 7.5,
    "s1_cont_h": 7.5,
    "s1_pass_a": true,
    "s1_pass_b": true,
    "s2_total_h": 7.5,
    "s2_cont_h": 7.5,
    "s2_pass_a": true,
    "s2_pass_b": true,
    "d_total_h": 0.0,
    "d_cont_h": 0.0,
    "change_cd": "keep_ok",
    "변화": "유지 충족"
   }
  },
  {
   "type": "Feature",
   "geometry": {
    "type": "Point",
    "coordinates": [
     126.93438291,
     37.52580463
    ]
   },
   "properties": {
    "pid": "여의도고등학교 운동장-368",
    "school": "여의도고등학교",
    "jibun": "30-1",
    "kind": "운동장 지반",
    "dong": "여의도고등학교 운동장",
    "facade": "지반",
    "floor": 0,
    "source": "옥외지반 근사",
    "z_m": 0.0,
    "normal_az": 180.0,
    "s1_total_h": 7.67,
    "s1_cont_h": 7.67,
    "s1_pass_a": true,
    "s1_pass_b": true,
    "s2_total_h": 7.67,
    "s2_cont_h": 7.67,
    "s2_pass_a": true,
    "s2_pass_b": true,
    "d_total_h": 0.0,
    "d_cont_h": 0.0,
    "change_cd": "keep_ok",
    "변화": "유지 충족"
   }
  },
  {
   "type": "Feature",
   "geometry": {
    "type": "Point",
    "coordinates": [
     126.93347782,
     37.5258762
    ]
   },
   "properties": {
    "pid": "여의도고등학교 운동장-369",
    "school": "여의도고등학교",
    "jibun": "30-1",
    "kind": "운동장 지반",
    "dong": "여의도고등학교 운동장",
    "facade": "지반",
    "floor": 0,
    "source": "옥외지반 근사",
    "z_m": 0.0,
    "normal_az": 180.0,
    "s1_total_h": 2.17,
    "s1_cont_h": 1.5,
    "s1_pass_a": false,
    "s1_pass_b": false,
    "s2_total_h": 2.17,
    "s2_cont_h": 1.5,
    "s2_pass_a": false,
    "s2_pass_b": false,
    "d_total_h": 0.0,
    "d_cont_h": 0.0,
    "change_cd": "keep_fail",
    "변화": "유지 불충족"
   }
  },
  {
   "type": "Feature",
   "geometry": {
    "type": "Point",
    "coordinates": [
     126.93356833,
     37.52587625
    ]
   },
   "properties": {
    "pid": "여의도고등학교 운동장-370",
    "school": "여의도고등학교",
    "jibun": "30-1",
    "kind": "운동장 지반",
    "dong": "여의도고등학교 운동장",
    "facade": "지반",
    "floor": 0,
    "source": "옥외지반 근사",
    "z_m": 0.0,
    "normal_az": 180.0,
    "s1_total_h": 2.33,
    "s1_cont_h": 2.33,
    "s1_pass_a": true,
    "s1_pass_b": false,
    "s2_total_h": 2.33,
    "s2_cont_h": 2.33,
    "s2_pass_a": true,
    "s2_pass_b": false,
    "d_total_h": 0.0,
    "d_cont_h": 0.0,
    "change_cd": "keep_ok",
    "변화": "유지 충족"
   }
  },
  {
   "type": "Feature",
   "geometry": {
    "type": "Point",
    "coordinates": [
     126.93365883,
     37.5258763
    ]
   },
   "properties": {
    "pid": "여의도고등학교 운동장-371",
    "school": "여의도고등학교",
    "jibun": "30-1",
    "kind": "운동장 지반",
    "dong": "여의도고등학교 운동장",
    "facade": "지반",
    "floor": 0,
    "source": "옥외지반 근사",
    "z_m": 0.0,
    "normal_az": 180.0,
    "s1_total_h": 3.17,
    "s1_cont_h": 3.17,
    "s1_pass_a": true,
    "s1_pass_b": true,
    "s2_total_h": 3.17,
    "s2_cont_h": 3.17,
    "s2_pass_a": true,
    "s2_pass_b": true,
    "d_total_h": 0.0,
    "d_cont_h": 0.0,
    "change_cd": "keep_ok",
    "변화": "유지 충족"
   }
  },
  {
   "type": "Feature",
   "geometry": {
    "type": "Point",
    "coordinates": [
     126.93374933,
     37.52587635
    ]
   },
   "properties": {
    "pid": "여의도고등학교 운동장-372",
    "school": "여의도고등학교",
    "jibun": "30-1",
    "kind": "운동장 지반",
    "dong": "여의도고등학교 운동장",
    "facade": "지반",
    "floor": 0,
    "source": "옥외지반 근사",
    "z_m": 0.0,
    "normal_az": 180.0,
    "s1_total_h": 4.17,
    "s1_cont_h": 4.17,
    "s1_pass_a": true,
    "s1_pass_b": true,
    "s2_total_h": 4.17,
    "s2_cont_h": 4.17,
    "s2_pass_a": true,
    "s2_pass_b": true,
    "d_total_h": 0.0,
    "d_cont_h": 0.0,
    "change_cd": "keep_ok",
    "변화": "유지 충족"
   }
  },
  {
   "type": "Feature",
   "geometry": {
    "type": "Point",
    "coordinates": [
     126.93383983,
     37.5258764
    ]
   },
   "properties": {
    "pid": "여의도고등학교 운동장-373",
    "school": "여의도고등학교",
    "jibun": "30-1",
    "kind": "운동장 지반",
    "dong": "여의도고등학교 운동장",
    "facade": "지반",
    "floor": 0,
    "source": "옥외지반 근사",
    "z_m": 0.0,
    "normal_az": 180.0,
    "s1_total_h": 5.17,
    "s1_cont_h": 5.17,
    "s1_pass_a": true,
    "s1_pass_b": true,
    "s2_total_h": 5.17,
    "s2_cont_h": 5.17,
    "s2_pass_a": true,
    "s2_pass_b": true,
    "d_total_h": 0.0,
    "d_cont_h": 0.0,
    "change_cd": "keep_ok",
    "변화": "유지 충족"
   }
  },
  {
   "type": "Feature",
   "geometry": {
    "type": "Point",
    "coordinates": [
     126.93393034,
     37.52587646
    ]
   },
   "properties": {
    "pid": "여의도고등학교 운동장-374",
    "school": "여의도고등학교",
    "jibun": "30-1",
    "kind": "운동장 지반",
    "dong": "여의도고등학교 운동장",
    "facade": "지반",
    "floor": 0,
    "source": "옥외지반 근사",
    "z_m": 0.0,
    "normal_az": 180.0,
    "s1_total_h": 6.0,
    "s1_cont_h": 6.0,
    "s1_pass_a": true,
    "s1_pass_b": true,
    "s2_total_h": 6.0,
    "s2_cont_h": 6.0,
    "s2_pass_a": true,
    "s2_pass_b": true,
    "d_total_h": 0.0,
    "d_cont_h": 0.0,
    "change_cd": "keep_ok",
    "변화": "유지 충족"
   }
  },
  {
   "type": "Feature",
   "geometry": {
    "type": "Point",
    "coordinates": [
     126.93402084,
     37.52587651
    ]
   },
   "properties": {
    "pid": "여의도고등학교 운동장-375",
    "school": "여의도고등학교",
    "jibun": "30-1",
    "kind": "운동장 지반",
    "dong": "여의도고등학교 운동장",
    "facade": "지반",
    "floor": 0,
    "source": "옥외지반 근사",
    "z_m": 0.0,
    "normal_az": 180.0,
    "s1_total_h": 6.5,
    "s1_cont_h": 6.5,
    "s1_pass_a": true,
    "s1_pass_b": true,
    "s2_total_h": 6.5,
    "s2_cont_h": 6.5,
    "s2_pass_a": true,
    "s2_pass_b": true,
    "d_total_h": 0.0,
    "d_cont_h": 0.0,
    "change_cd": "keep_ok",
    "변화": "유지 충족"
   }
  },
  {
   "type": "Feature",
   "geometry": {
    "type": "Point",
    "coordinates": [
     126.93411134,
     37.52587656
    ]
   },
   "properties": {
    "pid": "여의도고등학교 운동장-376",
    "school": "여의도고등학교",
    "jibun": "30-1",
    "kind": "운동장 지반",
    "dong": "여의도고등학교 운동장",
    "facade": "지반",
    "floor": 0,
    "source": "옥외지반 근사",
    "z_m": 0.0,
    "normal_az": 180.0,
    "s1_total_h": 7.17,
    "s1_cont_h": 7.17,
    "s1_pass_a": true,
    "s1_pass_b": true,
    "s2_total_h": 7.17,
    "s2_cont_h": 7.17,
    "s2_pass_a": true,
    "s2_pass_b": true,
    "d_total_h": 0.0,
    "d_cont_h": 0.0,
    "change_cd": "keep_ok",
    "변화": "유지 충족"
   }
  },
  {
   "type": "Feature",
   "geometry": {
    "type": "Point",
    "coordinates": [
     126.93420185,
     37.52587661
    ]
   },
   "properties": {
    "pid": "여의도고등학교 운동장-377",
    "school": "여의도고등학교",
    "jibun": "30-1",
    "kind": "운동장 지반",
    "dong": "여의도고등학교 운동장",
    "facade": "지반",
    "floor": 0,
    "source": "옥외지반 근사",
    "z_m": 0.0,
    "normal_az": 180.0,
    "s1_total_h": 7.5,
    "s1_cont_h": 7.5,
    "s1_pass_a": true,
    "s1_pass_b": true,
    "s2_total_h": 7.5,
    "s2_cont_h": 7.5,
    "s2_pass_a": true,
    "s2_pass_b": true,
    "d_total_h": 0.0,
    "d_cont_h": 0.0,
    "change_cd": "keep_ok",
    "변화": "유지 충족"
   }
  },
  {
   "type": "Feature",
   "geometry": {
    "type": "Point",
    "coordinates": [
     126.93429235,
     37.52587666
    ]
   },
   "properties": {
    "pid": "여의도고등학교 운동장-378",
    "school": "여의도고등학교",
    "jibun": "30-1",
    "kind": "운동장 지반",
    "dong": "여의도고등학교 운동장",
    "facade": "지반",
    "floor": 0,
    "source": "옥외지반 근사",
    "z_m": 0.0,
    "normal_az": 180.0,
    "s1_total_h": 7.67,
    "s1_cont_h": 7.67,
    "s1_pass_a": true,
    "s1_pass_b": true,
    "s2_total_h": 7.67,
    "s2_cont_h": 7.67,
    "s2_pass_a": true,
    "s2_pass_b": true,
    "d_total_h": 0.0,
    "d_cont_h": 0.0,
    "change_cd": "keep_ok",
    "변화": "유지 충족"
   }
  },
  {
   "type": "Feature",
   "geometry": {
    "type": "Point",
    "coordinates": [
     126.93438285,
     37.52587671
    ]
   },
   "properties": {
    "pid": "여의도고등학교 운동장-379",
    "school": "여의도고등학교",
    "jibun": "30-1",
    "kind": "운동장 지반",
    "dong": "여의도고등학교 운동장",
    "facade": "지반",
    "floor": 0,
    "source": "옥외지반 근사",
    "z_m": 0.0,
    "normal_az": 180.0,
    "s1_total_h": 7.83,
    "s1_cont_h": 7.83,
    "s1_pass_a": true,
    "s1_pass_b": true,
    "s2_total_h": 7.83,
    "s2_cont_h": 7.83,
    "s2_pass_a": true,
    "s2_pass_b": true,
    "d_total_h": 0.0,
    "d_cont_h": 0.0,
    "change_cd": "keep_ok",
    "변화": "유지 충족"
   }
  },
  {
   "type": "Feature",
   "geometry": {
    "type": "Point",
    "coordinates": [
     126.93347776,
     37.52594828
    ]
   },
   "properties": {
    "pid": "여의도고등학교 운동장-380",
    "school": "여의도고등학교",
    "jibun": "30-1",
    "kind": "운동장 지반",
    "dong": "여의도고등학교 운동장",
    "facade": "지반",
    "floor": 0,
    "source": "옥외지반 근사",
    "z_m": 0.0,
    "normal_az": 180.0,
    "s1_total_h": 4.67,
    "s1_cont_h": 2.17,
    "s1_pass_a": true,
    "s1_pass_b": false,
    "s2_total_h": 4.67,
    "s2_cont_h": 2.17,
    "s2_pass_a": true,
    "s2_pass_b": false,
    "d_total_h": 0.0,
    "d_cont_h": 0.0,
    "change_cd": "keep_ok",
    "변화": "유지 충족"
   }
  },
  {
   "type": "Feature",
   "geometry": {
    "type": "Point",
    "coordinates": [
     126.93356826,
     37.52594833
    ]
   },
   "properties": {
    "pid": "여의도고등학교 운동장-381",
    "school": "여의도고등학교",
    "jibun": "30-1",
    "kind": "운동장 지반",
    "dong": "여의도고등학교 운동장",
    "facade": "지반",
    "floor": 0,
    "source": "옥외지반 근사",
    "z_m": 0.0,
    "normal_az": 180.0,
    "s1_total_h": 4.17,
    "s1_cont_h": 3.5,
    "s1_pass_a": true,
    "s1_pass_b": true,
    "s2_total_h": 4.17,
    "s2_cont_h": 3.5,
    "s2_pass_a": true,
    "s2_pass_b": true,
    "d_total_h": 0.0,
    "d_cont_h": 0.0,
    "change_cd": "keep_ok",
    "변화": "유지 충족"
   }
  },
  {
   "type": "Feature",
   "geometry": {
    "type": "Point",
    "coordinates": [
     126.93365876,
     37.52594838
    ]
   },
   "properties": {
    "pid": "여의도고등학교 운동장-382",
    "school": "여의도고등학교",
    "jibun": "30-1",
    "kind": "운동장 지반",
    "dong": "여의도고등학교 운동장",
    "facade": "지반",
    "floor": 0,
    "source": "옥외지반 근사",
    "z_m": 0.0,
    "normal_az": 180.0,
    "s1_total_h": 4.5,
    "s1_cont_h": 4.5,
    "s1_pass_a": true,
    "s1_pass_b": true,
    "s2_total_h": 4.5,
    "s2_cont_h": 4.5,
    "s2_pass_a": true,
    "s2_pass_b": true,
    "d_total_h": 0.0,
    "d_cont_h": 0.0,
    "change_cd": "keep_ok",
    "변화": "유지 충족"
   }
  },
  {
   "type": "Feature",
   "geometry": {
    "type": "Point",
    "coordinates": [
     126.93374927,
     37.52594843
    ]
   },
   "properties": {
    "pid": "여의도고등학교 운동장-383",
    "school": "여의도고등학교",
    "jibun": "30-1",
    "kind": "운동장 지반",
    "dong": "여의도고등학교 운동장",
    "facade": "지반",
    "floor": 0,
    "source": "옥외지반 근사",
    "z_m": 0.0,
    "normal_az": 180.0,
    "s1_total_h": 5.5,
    "s1_cont_h": 5.5,
    "s1_pass_a": true,
    "s1_pass_b": true,
    "s2_total_h": 5.5,
    "s2_cont_h": 5.5,
    "s2_pass_a": true,
    "s2_pass_b": true,
    "d_total_h": 0.0,
    "d_cont_h": 0.0,
    "change_cd": "keep_ok",
    "변화": "유지 충족"
   }
  },
  {
   "type": "Feature",
   "geometry": {
    "type": "Point",
    "coordinates": [
     126.93520281,
     37.52446464
    ]
   },
   "properties": {
    "pid": "본관(5층) 2층-1",
    "school": "여의도중학교",
    "jibun": "40-1",
    "kind": "교사동 창면",
    "dong": "본관(5층)",
    "facade": "본관(5층)",
    "floor": 2,
    "source": "도면기준",
    "z_m": 6.3,
    "normal_az": 230.8,
    "s1_total_h": 4.67,
    "s1_cont_h": 4.33,
    "s1_pass_a": true,
    "s1_pass_b": true,
    "s2_total_h": 4.67,
    "s2_cont_h": 4.33,
    "s2_pass_a": true,
    "s2_pass_b": true,
    "d_total_h": 0.0,
    "d_cont_h": 0.0,
    "change_cd": "keep_ok",
    "변화": "유지 충족"
   }
  },
  {
   "type": "Feature",
   "geometry": {
    "type": "Point",
    "coordinates": [
     126.93520281,
     37.52446464
    ]
   },
   "properties": {
    "pid": "본관(5층) 3층-1",
    "school": "여의도중학교",
    "jibun": "40-1",
    "kind": "교사동 창면",
    "dong": "본관(5층)",
    "facade": "본관(5층)",
    "floor": 3,
    "source": "도면기준",
    "z_m": 9.9,
    "normal_az": 230.8,
    "s1_total_h": 4.83,
    "s1_cont_h": 4.33,
    "s1_pass_a": true,
    "s1_pass_b": true,
    "s2_total_h": 4.83,
    "s2_cont_h": 4.33,
    "s2_pass_a": true,
    "s2_pass_b": true,
    "d_total_h": 0.0,
    "d_cont_h": 0.0,
    "change_cd": "keep_ok",
    "변화": "유지 충족"
   }
  },
  {
   "type": "Feature",
   "geometry": {
    "type": "Point",
    "coordinates": [
     126.93520281,
     37.52446464
    ]
   },
   "properties": {
    "pid": "본관(5층) 4층-1",
    "school": "여의도중학교",
    "jibun": "40-1",
    "kind": "교사동 창면",
    "dong": "본관(5층)",
    "facade": "본관(5층)",
    "floor": 4,
    "source": "도면기준",
    "z_m": 13.5,
    "normal_az": 230.8,
    "s1_total_h": 5.0,
    "s1_cont_h": 4.33,
    "s1_pass_a": true,
    "s1_pass_b": true,
    "s2_total_h": 5.0,
    "s2_cont_h": 4.33,
    "s2_pass_a": true,
    "s2_pass_b": true,
    "d_total_h": 0.0,
    "d_cont_h": 0.0,
    "change_cd": "keep_ok",
    "변화": "유지 충족"
   }
  },
  {
   "type": "Feature",
   "geometry": {
    "type": "Point",
    "coordinates": [
     126.93520281,
     37.52446464
    ]
   },
   "properties": {
    "pid": "본관(5층) 5층-1",
    "school": "여의도중학교",
    "jibun": "40-1",
    "kind": "교사동 창면",
    "dong": "본관(5층)",
    "facade": "본관(5층)",
    "floor": 5,
    "source": "도면기준",
    "z_m": 17.1,
    "normal_az": 230.8,
    "s1_total_h": 5.0,
    "s1_cont_h": 4.33,
    "s1_pass_a": true,
    "s1_pass_b": true,
    "s2_total_h": 5.0,
    "s2_cont_h": 4.33,
    "s2_pass_a": true,
    "s2_pass_b": true,
    "d_total_h": 0.0,
    "d_cont_h": 0.0,
    "change_cd": "keep_ok",
    "변화": "유지 충족"
   }
  },
  {
   "type": "Feature",
   "geometry": {
    "type": "Point",
    "coordinates": [
     126.93522855,
     37.52443951
    ]
   },
   "properties": {
    "pid": "본관(5층) 1층-1",
    "school": "여의도중학교",
    "jibun": "40-1",
    "kind": "교사동 창면",
    "dong": "본관(5층)",
    "facade": "본관(5층)",
    "floor": 1,
    "source": "도면기준",
    "z_m": 2.4,
    "normal_az": 230.8,
    "s1_total_h": 4.5,
    "s1_cont_h": 4.5,
    "s1_pass_a": true,
    "s1_pass_b": true,
    "s2_total_h": 4.5,
    "s2_cont_h": 4.5,
    "s2_pass_a": true,
    "s2_pass_b": true,
    "d_total_h": 0.0,
    "d_cont_h": 0.0,
    "change_cd": "keep_ok",
    "변화": "유지 충족"
   }
  },
  {
   "type": "Feature",
   "geometry": {
    "type": "Point",
    "coordinates": [
     126.93522855,
     37.52443951
    ]
   },
   "properties": {
    "pid": "본관(5층) 2층-2",
    "school": "여의도중학교",
    "jibun": "40-1",
    "kind": "교사동 창면",
    "dong": "본관(5층)",
    "facade": "본관(5층)",
    "floor": 2,
    "source": "도면기준",
    "z_m": 6.3,
    "normal_az": 230.8,
    "s1_total_h": 4.83,
    "s1_cont_h": 4.5,
    "s1_pass_a": true,
    "s1_pass_b": true,
    "s2_total_h": 4.83,
    "s2_cont_h": 4.5,
    "s2_pass_a": true,
    "s2_pass_b": true,
    "d_total_h": 0.0,
    "d_cont_h": 0.0,
    "change_cd": "keep_ok",
    "변화": "유지 충족"
   }
  },
  {
   "type": "Feature",
   "geometry": {
    "type": "Point",
    "coordinates": [
     126.93522855,
     37.52443951
    ]
   },
   "properties": {
    "pid": "본관(5층) 3층-2",
    "school": "여의도중학교",
    "jibun": "40-1",
    "kind": "교사동 창면",
    "dong": "본관(5층)",
    "facade": "본관(5층)",
    "floor": 3,
    "source": "도면기준",
    "z_m": 9.9,
    "normal_az": 230.8,
    "s1_total_h": 5.0,
    "s1_cont_h": 4.5,
    "s1_pass_a": true,
    "s1_pass_b": true,
    "s2_total_h": 5.0,
    "s2_cont_h": 4.5,
    "s2_pass_a": true,
    "s2_pass_b": true,
    "d_total_h": 0.0,
    "d_cont_h": 0.0,
    "change_cd": "keep_ok",
    "변화": "유지 충족"
   }
  },
  {
   "type": "Feature",
   "geometry": {
    "type": "Point",
    "coordinates": [
     126.93522855,
     37.52443951
    ]
   },
   "properties": {
    "pid": "본관(5층) 4층-2",
    "school": "여의도중학교",
    "jibun": "40-1",
    "kind": "교사동 창면",
    "dong": "본관(5층)",
    "facade": "본관(5층)",
    "floor": 4,
    "source": "도면기준",
    "z_m": 13.5,
    "normal_az": 230.8,
    "s1_total_h": 5.17,
    "s1_cont_h": 4.5,
    "s1_pass_a": true,
    "s1_pass_b": true,
    "s2_total_h": 5.17,
    "s2_cont_h": 4.5,
    "s2_pass_a": true,
    "s2_pass_b": true,
    "d_total_h": 0.0,
    "d_cont_h": 0.0,
    "change_cd": "keep_ok",
    "변화": "유지 충족"
   }
  },
  {
   "type": "Feature",
   "geometry": {
    "type": "Point",
    "coordinates": [
     126.93522855,
     37.52443951
    ]
   },
   "properties": {
    "pid": "본관(5층) 5층-2",
    "school": "여의도중학교",
    "jibun": "40-1",
    "kind": "교사동 창면",
    "dong": "본관(5층)",
    "facade": "본관(5층)",
    "floor": 5,
    "source": "도면기준",
    "z_m": 17.1,
    "normal_az": 230.8,
    "s1_total_h": 5.17,
    "s1_cont_h": 4.5,
    "s1_pass_a": true,
    "s1_pass_b": true,
    "s2_total_h": 5.17,
    "s2_cont_h": 4.5,
    "s2_pass_a": true,
    "s2_pass_b": true,
    "d_total_h": 0.0,
    "d_cont_h": 0.0,
    "change_cd": "keep_ok",
    "변화": "유지 충족"
   }
  },
  {
   "type": "Feature",
   "geometry": {
    "type": "Point",
    "coordinates": [
     126.93526719,
     37.52440182
    ]
   },
   "properties": {
    "pid": "본관(5층) 1층-2",
    "school": "여의도중학교",
    "jibun": "40-1",
    "kind": "교사동 창면",
    "dong": "본관(5층)",
    "facade": "본관(5층)",
    "floor": 1,
    "source": "도면기준",
    "z_m": 2.4,
    "normal_az": 230.8,
    "s1_total_h": 4.5,
    "s1_cont_h": 4.5,
    "s1_pass_a": true,
    "s1_pass_b": true,
    "s2_total_h": 4.5,
    "s2_cont_h": 4.5,
    "s2_pass_a": true,
    "s2_pass_b": true,
    "d_total_h": 0.0,
    "d_cont_h": 0.0,
    "change_cd": "keep_ok",
    "변화": "유지 충족"
   }
  },
  {
   "type": "Feature",
   "geometry": {
    "type": "Point",
    "coordinates": [
     126.93526719,
     37.52440182
    ]
   },
   "properties": {
    "pid": "본관(5층) 2층-3",
    "school": "여의도중학교",
    "jibun": "40-1",
    "kind": "교사동 창면",
    "dong": "본관(5층)",
    "facade": "본관(5층)",
    "floor": 2,
    "source": "도면기준",
    "z_m": 6.3,
    "normal_az": 230.8,
    "s1_total_h": 4.67,
    "s1_cont_h": 4.5,
    "s1_pass_a": true,
    "s1_pass_b": true,
    "s2_total_h": 4.67,
    "s2_cont_h": 4.5,
    "s2_pass_a": true,
    "s2_pass_b": true,
    "d_total_h": 0.0,
    "d_cont_h": 0.0,
    "change_cd": "keep_ok",
    "변화": "유지 충족"
   }
  },
  {
   "type": "Feature",
   "geometry": {
    "type": "Point",
    "coordinates": [
     126.93526719,
     37.52440182
    ]
   },
   "properties": {
    "pid": "본관(5층) 3층-3",
    "school": "여의도중학교",
    "jibun": "40-1",
    "kind": "교사동 창면",
    "dong": "본관(5층)",
    "facade": "본관(5층)",
    "floor": 3,
    "source": "도면기준",
    "z_m": 9.9,
    "normal_az": 230.8,
    "s1_total_h": 4.83,
    "s1_cont_h": 4.5,
    "s1_pass_a": true,
    "s1_pass_b": true,
    "s2_total_h": 4.83,
    "s2_cont_h": 4.5,
    "s2_pass_a": true,
    "s2_pass_b": true,
    "d_total_h": 0.0,
    "d_cont_h": 0.0,
    "change_cd": "keep_ok",
    "변화": "유지 충족"
   }
  },
  {
   "type": "Feature",
   "geometry": {
    "type": "Point",
    "coordinates": [
     126.93526719,
     37.52440182
    ]
   },
   "properties": {
    "pid": "본관(5층) 4층-3",
    "school": "여의도중학교",
    "jibun": "40-1",
    "kind": "교사동 창면",
    "dong": "본관(5층)",
    "facade": "본관(5층)",
    "floor": 4,
    "source": "도면기준",
    "z_m": 13.5,
    "normal_az": 230.8,
    "s1_total_h": 5.0,
    "s1_cont_h": 4.5,
    "s1_pass_a": true,
    "s1_pass_b": true,
    "s2_total_h": 5.0,
    "s2_cont_h": 4.5,
    "s2_pass_a": true,
    "s2_pass_b": true,
    "d_total_h": 0.0,
    "d_cont_h": 0.0,
    "change_cd": "keep_ok",
    "변화": "유지 충족"
   }
  },
  {
   "type": "Feature",
   "geometry": {
    "type": "Point",
    "coordinates": [
     126.93526719,
     37.52440182
    ]
   },
   "properties": {
    "pid": "본관(5층) 5층-3",
    "school": "여의도중학교",
    "jibun": "40-1",
    "kind": "교사동 창면",
    "dong": "본관(5층)",
    "facade": "본관(5층)",
    "floor": 5,
    "source": "도면기준",
    "z_m": 17.1,
    "normal_az": 230.8,
    "s1_total_h": 5.17,
    "s1_cont_h": 4.5,
    "s1_pass_a": true,
    "s1_pass_b": true,
    "s2_total_h": 5.17,
    "s2_cont_h": 4.5,
    "s2_pass_a": true,
    "s2_pass_b": true,
    "d_total_h": 0.0,
    "d_cont_h": 0.0,
    "change_cd": "keep_ok",
    "변화": "유지 충족"
   }
  },
  {
   "type": "Feature",
   "geometry": {
    "type": "Point",
    "coordinates": [
     126.93529293,
     37.52437669
    ]
   },
   "properties": {
    "pid": "본관(5층) 1층-3",
    "school": "여의도중학교",
    "jibun": "40-1",
    "kind": "교사동 창면",
    "dong": "본관(5층)",
    "facade": "본관(5층)",
    "floor": 1,
    "source": "도면기준",
    "z_m": 2.4,
    "normal_az": 230.8,
    "s1_total_h": 4.5,
    "s1_cont_h": 4.5,
    "s1_pass_a": true,
    "s1_pass_b": true,
    "s2_total_h": 4.5,
    "s2_cont_h": 4.5,
    "s2_pass_a": true,
    "s2_pass_b": true,
    "d_total_h": 0.0,
    "d_cont_h": 0.0,
    "change_cd": "keep_ok",
    "변화": "유지 충족"
   }
  },
  {
   "type": "Feature",
   "geometry": {
    "type": "Point",
    "coordinates": [
     126.93529293,
     37.52437669
    ]
   },
   "properties": {
    "pid": "본관(5층) 2층-4",
    "school": "여의도중학교",
    "jibun": "40-1",
    "kind": "교사동 창면",
    "dong": "본관(5층)",
    "facade": "본관(5층)",
    "floor": 2,
    "source": "도면기준",
    "z_m": 6.3,
    "normal_az": 230.8,
    "s1_total_h": 4.67,
    "s1_cont_h": 4.5,
    "s1_pass_a": true,
    "s1_pass_b": true,
    "s2_total_h": 4.67,
    "s2_cont_h": 4.5,
    "s2_pass_a": true,
    "s2_pass_b": true,
    "d_total_h": 0.0,
    "d_cont_h": 0.0,
    "change_cd": "keep_ok",
    "변화": "유지 충족"
   }
  },
  {
   "type": "Feature",
   "geometry": {
    "type": "Point",
    "coordinates": [
     126.93529293,
     37.52437669
    ]
   },
   "properties": {
    "pid": "본관(5층) 3층-4",
    "school": "여의도중학교",
    "jibun": "40-1",
    "kind": "교사동 창면",
    "dong": "본관(5층)",
    "facade": "본관(5층)",
    "floor": 3,
    "source": "도면기준",
    "z_m": 9.9,
    "normal_az": 230.8,
    "s1_total_h": 4.83,
    "s1_cont_h": 4.5,
    "s1_pass_a": true,
    "s1_pass_b": true,
    "s2_total_h": 4.83,
    "s2_cont_h": 4.5,
    "s2_pass_a": true,
    "s2_pass_b": true,
    "d_total_h": 0.0,
    "d_cont_h": 0.0,
    "change_cd": "keep_ok",
    "변화": "유지 충족"
   }
  },
  {
   "type": "Feature",
   "geometry": {
    "type": "Point",
    "coordinates": [
     126.93529293,
     37.52437669
    ]
   },
   "properties": {
    "pid": "본관(5층) 4층-4",
    "school": "여의도중학교",
    "jibun": "40-1",
    "kind": "교사동 창면",
    "dong": "본관(5층)",
    "facade": "본관(5층)",
    "floor": 4,
    "source": "도면기준",
    "z_m": 13.5,
    "normal_az": 230.8,
    "s1_total_h": 5.0,
    "s1_cont_h": 4.5,
    "s1_pass_a": true,
    "s1_pass_b": true,
    "s2_total_h": 5.0,
    "s2_cont_h": 4.5,
    "s2_pass_a": true,
    "s2_pass_b": true,
    "d_total_h": 0.0,
    "d_cont_h": 0.0,
    "change_cd": "keep_ok",
    "변화": "유지 충족"
   }
  },
  {
   "type": "Feature",
   "geometry": {
    "type": "Point",
    "coordinates": [
     126.93529293,
     37.52437669
    ]
   },
   "properties": {
    "pid": "본관(5층) 5층-4",
    "school": "여의도중학교",
    "jibun": "40-1",
    "kind": "교사동 창면",
    "dong": "본관(5층)",
    "facade": "본관(5층)",
    "floor": 5,
    "source": "도면기준",
    "z_m": 17.1,
    "normal_az": 230.8,
    "s1_total_h": 5.17,
    "s1_cont_h": 4.5,
    "s1_pass_a": true,
    "s1_pass_b": true,
    "s2_total_h": 5.17,
    "s2_cont_h": 4.5,
    "s2_pass_a": true,
    "s2_pass_b": true,
    "d_total_h": 0.0,
    "d_cont_h": 0.0,
    "change_cd": "keep_ok",
    "변화": "유지 충족"
   }
  },
  {
   "type": "Feature",
   "geometry": {
    "type": "Point",
    "coordinates": [
     126.93533156,
     37.524339
    ]
   },
   "properties": {
    "pid": "본관(5층) 1층-4",
    "school": "여의도중학교",
    "jibun": "40-1",
    "kind": "교사동 창면",
    "dong": "본관(5층)",
    "facade": "본관(5층)",
    "floor": 1,
    "source": "도면기준",
    "z_m": 2.4,
    "normal_az": 230.8,
    "s1_total_h": 4.67,
    "s1_cont_h": 4.67,
    "s1_pass_a": true,
    "s1_pass_b": true,
    "s2_total_h": 4.67,
    "s2_cont_h": 4.67,
    "s2_pass_a": true,
    "s2_pass_b": true,
    "d_total_h": 0.0,
    "d_cont_h": 0.0,
    "change_cd": "keep_ok",
    "변화": "유지 충족"
   }
  },
  {
   "type": "Feature",
   "geometry": {
    "type": "Point",
    "coordinates": [
     126.93533156,
     37.524339
    ]
   },
   "properties": {
    "pid": "본관(5층) 2층-5",
    "school": "여의도중학교",
    "jibun": "40-1",
    "kind": "교사동 창면",
    "dong": "본관(5층)",
    "facade": "본관(5층)",
    "floor": 2,
    "source": "도면기준",
    "z_m": 6.3,
    "normal_az": 230.8,
    "s1_total_h": 4.67,
    "s1_cont_h": 4.67,
    "s1_pass_a": true,
    "s1_pass_b": true,
    "s2_total_h": 4.67,
    "s2_cont_h": 4.67,
    "s2_pass_a": true,
    "s2_pass_b": true,
    "d_total_h": 0.0,
    "d_cont_h": 0.0,
    "change_cd": "keep_ok",
    "변화": "유지 충족"
   }
  },
  {
   "type": "Feature",
   "geometry": {
    "type": "Point",
    "coordinates": [
     126.93533156,
     37.524339
    ]
   },
   "properties": {
    "pid": "본관(5층) 3층-5",
    "school": "여의도중학교",
    "jibun": "40-1",
    "kind": "교사동 창면",
    "dong": "본관(5층)",
    "facade": "본관(5층)",
    "floor": 3,
    "source": "도면기준",
    "z_m": 9.9,
    "normal_az": 230.8,
    "s1_total_h": 4.83,
    "s1_cont_h": 4.67,
    "s1_pass_a": true,
    "s1_pass_b": true,
    "s2_total_h": 4.83,
    "s2_cont_h": 4.67,
    "s2_pass_a": true,
    "s2_pass_b": true,
    "d_total_h": 0.0,
    "d_cont_h": 0.0,
    "change_cd": "keep_ok",
    "변화": "유지 충족"
   }
  },
  {
   "type": "Feature",
   "geometry": {
    "type": "Point",
    "coordinates": [
     126.93533156,
     37.524339
    ]
   },
   "properties": {
    "pid": "본관(5층) 4층-5",
    "school": "여의도중학교",
    "jibun": "40-1",
    "kind": "교사동 창면",
    "dong": "본관(5층)",
    "facade": "본관(5층)",
    "floor": 4,
    "source": "도면기준",
    "z_m": 13.5,
    "normal_az": 230.8,
    "s1_total_h": 5.17,
    "s1_cont_h": 4.67,
    "s1_pass_a": true,
    "s1_pass_b": true,
    "s2_total_h": 5.17,
    "s2_cont_h": 4.67,
    "s2_pass_a": true,
    "s2_pass_b": true,
    "d_total_h": 0.0,
    "d_cont_h": 0.0,
    "change_cd": "keep_ok",
    "변화": "유지 충족"
   }
  },
  {
   "type": "Feature",
   "geometry": {
    "type": "Point",
    "coordinates": [
     126.93533156,
     37.524339
    ]
   },
   "properties": {
    "pid": "본관(5층) 5층-5",
    "school": "여의도중학교",
    "jibun": "40-1",
    "kind": "교사동 창면",
    "dong": "본관(5층)",
    "facade": "본관(5층)",
    "floor": 5,
    "source": "도면기준",
    "z_m": 17.1,
    "normal_az": 230.8,
    "s1_total_h": 5.5,
    "s1_cont_h": 4.67,
    "s1_pass_a": true,
    "s1_pass_b": true,
    "s2_total_h": 5.5,
    "s2_cont_h": 4.67,
    "s2_pass_a": true,
    "s2_pass_b": true,
    "d_total_h": 0.0,
    "d_cont_h": 0.0,
    "change_cd": "keep_ok",
    "변화": "유지 충족"
   }
  },
  {
   "type": "Feature",
   "geometry": {
    "type": "Point",
    "coordinates": [
     126.93535731,
     37.52431387
    ]
   },
   "properties": {
    "pid": "본관(5층) 1층-5",
    "school": "여의도중학교",
    "jibun": "40-1",
    "kind": "교사동 창면",
    "dong": "본관(5층)",
    "facade": "본관(5층)",
    "floor": 1,
    "source": "도면기준",
    "z_m": 2.4,
    "normal_az": 230.8,
    "s1_total_h": 4.67,
    "s1_cont_h": 4.67,
    "s1_pass_a": true,
    "s1_pass_b": true,
    "s2_total_h": 4.67,
    "s2_cont_h": 4.67,
    "s2_pass_a": true,
    "s2_pass_b": true,
    "d_total_h": 0.0,
    "d_cont_h": 0.0,
    "change_cd": "keep_ok",
    "변화": "유지 충족"
   }
  },
  {
   "type": "Feature",
   "geometry": {
    "type": "Point",
    "coordinates": [
     126.93535731,
     37.52431387
    ]
   },
   "properties": {
    "pid": "본관(5층) 2층-6",
    "school": "여의도중학교",
    "jibun": "40-1",
    "kind": "교사동 창면",
    "dong": "본관(5층)",
    "facade": "본관(5층)",
    "floor": 2,
    "source": "도면기준",
    "z_m": 6.3,
    "normal_az": 230.8,
    "s1_total_h": 4.67,
    "s1_cont_h": 4.67,
    "s1_pass_a": true,
    "s1_pass_b": true,
    "s2_total_h": 4.67,
    "s2_cont_h": 4.67,
    "s2_pass_a": true,
    "s2_pass_b": true,
    "d_total_h": 0.0,
    "d_cont_h": 0.0,
    "change_cd": "keep_ok",
    "변화": "유지 충족"
   }
  },
  {
   "type": "Feature",
   "geometry": {
    "type": "Point",
    "coordinates": [
     126.93535731,
     37.52431387
    ]
   },
   "properties": {
    "pid": "본관(5층) 3층-6",
    "school": "여의도중학교",
    "jibun": "40-1",
    "kind": "교사동 창면",
    "dong": "본관(5층)",
    "facade": "본관(5층)",
    "floor": 3,
    "source": "도면기준",
    "z_m": 9.9,
    "normal_az": 230.8,
    "s1_total_h": 4.83,
    "s1_cont_h": 4.67,
    "s1_pass_a": true,
    "s1_pass_b": true,
    "s2_total_h": 4.83,
    "s2_cont_h": 4.67,
    "s2_pass_a": true,
    "s2_pass_b": true,
    "d_total_h": 0.0,
    "d_cont_h": 0.0,
    "change_cd": "keep_ok",
    "변화": "유지 충족"
   }
  },
  {
   "type": "Feature",
   "geometry": {
    "type": "Point",
    "coordinates": [
     126.93535731,
     37.52431387
    ]
   },
   "properties": {
    "pid": "본관(5층) 4층-6",
    "school": "여의도중학교",
    "jibun": "40-1",
    "kind": "교사동 창면",
    "dong": "본관(5층)",
    "facade": "본관(5층)",
    "floor": 4,
    "source": "도면기준",
    "z_m": 13.5,
    "normal_az": 230.8,
    "s1_total_h": 5.0,
    "s1_cont_h": 4.67,
    "s1_pass_a": true,
    "s1_pass_b": true,
    "s2_total_h": 5.0,
    "s2_cont_h": 4.67,
    "s2_pass_a": true,
    "s2_pass_b": true,
    "d_total_h": 0.0,
    "d_cont_h": 0.0,
    "change_cd": "keep_ok",
    "변화": "유지 충족"
   }
  },
  {
   "type": "Feature",
   "geometry": {
    "type": "Point",
    "coordinates": [
     126.93535731,
     37.52431387
    ]
   },
   "properties": {
    "pid": "본관(5층) 5층-6",
    "school": "여의도중학교",
    "jibun": "40-1",
    "kind": "교사동 창면",
    "dong": "본관(5층)",
    "facade": "본관(5층)",
    "floor": 5,
    "source": "도면기준",
    "z_m": 17.1,
    "normal_az": 230.8,
    "s1_total_h": 5.33,
    "s1_cont_h": 4.67,
    "s1_pass_a": true,
    "s1_pass_b": true,
    "s2_total_h": 5.33,
    "s2_cont_h": 4.67,
    "s2_pass_a": true,
    "s2_pass_b": true,
    "d_total_h": 0.0,
    "d_cont_h": 0.0,
    "change_cd": "keep_ok",
    "변화": "유지 충족"
   }
  },
  {
   "type": "Feature",
   "geometry": {
    "type": "Point",
    "coordinates": [
     126.93539594,
     37.52427618
    ]
   },
   "properties": {
    "pid": "본관(5층) 1층-6",
    "school": "여의도중학교",
    "jibun": "40-1",
    "kind": "교사동 창면",
    "dong": "본관(5층)",
    "facade": "본관(5층)",
    "floor": 1,
    "source": "도면기준",
    "z_m": 2.4,
    "normal_az": 230.8,
    "s1_total_h": 4.83,
    "s1_cont_h": 4.83,
    "s1_pass_a": true,
    "s1_pass_b": true,
    "s2_total_h": 4.83,
    "s2_cont_h": 4.83,
    "s2_pass_a": true,
    "s2_pass_b": true,
    "d_total_h": 0.0,
    "d_cont_h": 0.0,
    "change_cd": "keep_ok",
    "변화": "유지 충족"
   }
  },
  {
   "type": "Feature",
   "geometry": {
    "type": "Point",
    "coordinates": [
     126.93539594,
     37.52427618
    ]
   },
   "properties": {
    "pid": "본관(5층) 2층-7",
    "school": "여의도중학교",
    "jibun": "40-1",
    "kind": "교사동 창면",
    "dong": "본관(5층)",
    "facade": "본관(5층)",
    "floor": 2,
    "source": "도면기준",
    "z_m": 6.3,
    "normal_az": 230.8,
    "s1_total_h": 4.83,
    "s1_cont_h": 4.83,
    "s1_pass_a": true,
    "s1_pass_b": true,
    "s2_total_h": 4.83,
    "s2_cont_h": 4.83,
    "s2_pass_a": true,
    "s2_pass_b": true,
    "d_total_h": 0.0,
    "d_cont_h": 0.0,
    "change_cd": "keep_ok",
    "변화": "유지 충족"
   }
  },
  {
   "type": "Feature",
   "geometry": {
    "type": "Point",
    "coordinates": [
     126.93539594,
     37.52427618
    ]
   },
   "properties": {
    "pid": "본관(5층) 3층-7",
    "school": "여의도중학교",
    "jibun": "40-1",
    "kind": "교사동 창면",
    "dong": "본관(5층)",
    "facade": "본관(5층)",
    "floor": 3,
    "source": "도면기준",
    "z_m": 9.9,
    "normal_az": 230.8,
    "s1_total_h": 4.83,
    "s1_cont_h": 4.83,
    "s1_pass_a": true,
    "s1_pass_b": true,
    "s2_total_h": 4.83,
    "s2_cont_h": 4.83,
    "s2_pass_a": true,
    "s2_pass_b": true,
    "d_total_h": 0.0,
    "d_cont_h": 0.0,
    "change_cd": "keep_ok",
    "변화": "유지 충족"
   }
  },
  {
   "type": "Feature",
   "geometry": {
    "type": "Point",
    "coordinates": [
     126.93539594,
     37.52427618
    ]
   },
   "properties": {
    "pid": "본관(5층) 4층-7",
    "school": "여의도중학교",
    "jibun": "40-1",
    "kind": "교사동 창면",
    "dong": "본관(5층)",
    "facade": "본관(5층)",
    "floor": 4,
    "source": "도면기준",
    "z_m": 13.5,
    "normal_az": 230.8,
    "s1_total_h": 5.0,
    "s1_cont_h": 4.83,
    "s1_pass_a": true,
    "s1_pass_b": true,
    "s2_total_h": 5.0,
    "s2_cont_h": 4.83,
    "s2_pass_a": true,
    "s2_pass_b": true,
    "d_total_h": 0.0,
    "d_cont_h": 0.0,
    "change_cd": "keep_ok",
    "변화": "유지 충족"
   }
  },
  {
   "type": "Feature",
   "geometry": {
    "type": "Point",
    "coordinates": [
     126.93539594,
     37.52427618
    ]
   },
   "properties": {
    "pid": "본관(5층) 5층-7",
    "school": "여의도중학교",
    "jibun": "40-1",
    "kind": "교사동 창면",
    "dong": "본관(5층)",
    "facade": "본관(5층)",
    "floor": 5,
    "source": "도면기준",
    "z_m": 17.1,
    "normal_az": 230.8,
    "s1_total_h": 5.33,
    "s1_cont_h": 4.83,
    "s1_pass_a": true,
    "s1_pass_b": true,
    "s2_total_h": 5.33,
    "s2_cont_h": 4.83,
    "s2_pass_a": true,
    "s2_pass_b": true,
    "d_total_h": 0.0,
    "d_cont_h": 0.0,
    "change_cd": "keep_ok",
    "변화": "유지 충족"
   }
  },
  {
   "type": "Feature",
   "geometry": {
    "type": "Point",
    "coordinates": [
     126.93542169,
     37.52425104
    ]
   },
   "properties": {
    "pid": "본관(5층) 1층-7",
    "school": "여의도중학교",
    "jibun": "40-1",
    "kind": "교사동 창면",
    "dong": "본관(5층)",
    "facade": "본관(5층)",
    "floor": 1,
    "source": "도면기준",
    "z_m": 2.4,
    "normal_az": 230.8,
    "s1_total_h": 4.83,
    "s1_cont_h": 4.83,
    "s1_pass_a": true,
    "s1_pass_b": true,
    "s2_total_h": 4.83,
    "s2_cont_h": 4.83,
    "s2_pass_a": true,
    "s2_pass_b": true,
    "d_total_h": 0.0,
    "d_cont_h": 0.0,
    "change_cd": "keep_ok",
    "변화": "유지 충족"
   }
  },
  {
   "type": "Feature",
   "geometry": {
    "type": "Point",
    "coordinates": [
     126.93542169,
     37.52425104
    ]
   },
   "properties": {
    "pid": "본관(5층) 2층-8",
    "school": "여의도중학교",
    "jibun": "40-1",
    "kind": "교사동 창면",
    "dong": "본관(5층)",
    "facade": "본관(5층)",
    "floor": 2,
    "source": "도면기준",
    "z_m": 6.3,
    "normal_az": 230.8,
    "s1_total_h": 4.83,
    "s1_cont_h": 4.83,
    "s1_pass_a": true,
    "s1_pass_b": true,
    "s2_total_h": 4.83,
    "s2_cont_h": 4.83,
    "s2_pass_a": true,
    "s2_pass_b": true,
    "d_total_h": 0.0,
    "d_cont_h": 0.0,
    "change_cd": "keep_ok",
    "변화": "유지 충족"
   }
  },
  {
   "type": "Feature",
   "geometry": {
    "type": "Point",
    "coordinates": [
     126.93542169,
     37.52425104
    ]
   },
   "properties": {
    "pid": "본관(5층) 3층-8",
    "school": "여의도중학교",
    "jibun": "40-1",
    "kind": "교사동 창면",
    "dong": "본관(5층)",
    "facade": "본관(5층)",
    "floor": 3,
    "source": "도면기준",
    "z_m": 9.9,
    "normal_az": 230.8,
    "s1_total_h": 4.83,
    "s1_cont_h": 4.83,
    "s1_pass_a": true,
    "s1_pass_b": true,
    "s2_total_h": 4.83,
    "s2_cont_h": 4.83,
    "s2_pass_a": true,
    "s2_pass_b": true,
    "d_total_h": 0.0,
    "d_cont_h": 0.0,
    "change_cd": "keep_ok",
    "변화": "유지 충족"
   }
  },
  {
   "type": "Feature",
   "geometry": {
    "type": "Point",
    "coordinates": [
     126.93542169,
     37.52425104
    ]
   },
   "properties": {
    "pid": "본관(5층) 4층-8",
    "school": "여의도중학교",
    "jibun": "40-1",
    "kind": "교사동 창면",
    "dong": "본관(5층)",
    "facade": "본관(5층)",
    "floor": 4,
    "source": "도면기준",
    "z_m": 13.5,
    "normal_az": 230.8,
    "s1_total_h": 5.0,
    "s1_cont_h": 4.83,
    "s1_pass_a": true,
    "s1_pass_b": true,
    "s2_total_h": 5.0,
    "s2_cont_h": 4.83,
    "s2_pass_a": true,
    "s2_pass_b": true,
    "d_total_h": 0.0,
    "d_cont_h": 0.0,
    "change_cd": "keep_ok",
    "변화": "유지 충족"
   }
  },
  {
   "type": "Feature",
   "geometry": {
    "type": "Point",
    "coordinates": [
     126.93542169,
     37.52425104
    ]
   },
   "properties": {
    "pid": "본관(5층) 5층-8",
    "school": "여의도중학교",
    "jibun": "40-1",
    "kind": "교사동 창면",
    "dong": "본관(5층)",
    "facade": "본관(5층)",
    "floor": 5,
    "source": "도면기준",
    "z_m": 17.1,
    "normal_az": 230.8,
    "s1_total_h": 5.33,
    "s1_cont_h": 4.83,
    "s1_pass_a": true,
    "s1_pass_b": true,
    "s2_total_h": 5.33,
    "s2_cont_h": 4.83,
    "s2_pass_a": true,
    "s2_pass_b": true,
    "d_total_h": 0.0,
    "d_cont_h": 0.0,
    "change_cd": "keep_ok",
    "변화": "유지 충족"
   }
  },
  {
   "type": "Feature",
   "geometry": {
    "type": "Point",
    "coordinates": [
     126.93546032,
     37.52421336
    ]
   },
   "properties": {
    "pid": "본관(5층) 1층-8",
    "school": "여의도중학교",
    "jibun": "40-1",
    "kind": "교사동 창면",
    "dong": "본관(5층)",
    "facade": "본관(5층)",
    "floor": 1,
    "source": "도면기준",
    "z_m": 2.4,
    "normal_az": 230.8,
    "s1_total_h": 5.0,
    "s1_cont_h": 5.0,
    "s1_pass_a": true,
    "s1_pass_b": true,
    "s2_total_h": 5.0,
    "s2_cont_h": 5.0,
    "s2_pass_a": true,
    "s2_pass_b": true,
    "d_total_h": 0.0,
    "d_cont_h": 0.0,
    "change_cd": "keep_ok",
    "변화": "유지 충족"
   }
  },
  {
   "type": "Feature",
   "geometry": {
    "type": "Point",
    "coordinates": [
     126.93546032,
     37.52421336
    ]
   },
   "properties": {
    "pid": "본관(5층) 2층-9",
    "school": "여의도중학교",
    "jibun": "40-1",
    "kind": "교사동 창면",
    "dong": "본관(5층)",
    "facade": "본관(5층)",
    "floor": 2,
    "source": "도면기준",
    "z_m": 6.3,
    "normal_az": 230.8,
    "s1_total_h": 5.0,
    "s1_cont_h": 5.0,
    "s1_pass_a": true,
    "s1_pass_b": true,
    "s2_total_h": 5.0,
    "s2_cont_h": 5.0,
    "s2_pass_a": true,
    "s2_pass_b": true,
    "d_total_h": 0.0,
    "d_cont_h": 0.0,
    "change_cd": "keep_ok",
    "변화": "유지 충족"
   }
  },
  {
   "type": "Feature",
   "geometry": {
    "type": "Point",
    "coordinates": [
     126.93546032,
     37.52421336
    ]
   },
   "properties": {
    "pid": "본관(5층) 3층-9",
    "school": "여의도중학교",
    "jibun": "40-1",
    "kind": "교사동 창면",
    "dong": "본관(5층)",
    "facade": "본관(5층)",
    "floor": 3,
    "source": "도면기준",
    "z_m": 9.9,
    "normal_az": 230.8,
    "s1_total_h": 5.0,
    "s1_cont_h": 5.0,
    "s1_pass_a": true,
    "s1_pass_b": true,
    "s2_total_h": 5.0,
    "s2_cont_h": 5.0,
    "s2_pass_a": true,
    "s2_pass_b": true,
    "d_total_h": 0.0,
    "d_cont_h": 0.0,
    "change_cd": "keep_ok",
    "변화": "유지 충족"
   }
  },
  {
   "type": "Feature",
   "geometry": {
    "type": "Point",
    "coordinates": [
     126.93546032,
     37.52421336
    ]
   },
   "properties": {
    "pid": "본관(5층) 4층-9",
    "school": "여의도중학교",
    "jibun": "40-1",
    "kind": "교사동 창면",
    "dong": "본관(5층)",
    "facade": "본관(5층)",
    "floor": 4,
    "source": "도면기준",
    "z_m": 13.5,
    "normal_az": 230.8,
    "s1_total_h": 5.17,
    "s1_cont_h": 5.0,
    "s1_pass_a": true,
    "s1_pass_b": true,
    "s2_total_h": 5.17,
    "s2_cont_h": 5.0,
    "s2_pass_a": true,
    "s2_pass_b": true,
    "d_total_h": 0.0,
    "d_cont_h": 0.0,
    "change_cd": "keep_ok",
    "변화": "유지 충족"
   }
  },
  {
   "type": "Feature",
   "geometry": {
    "type": "Point",
    "coordinates": [
     126.93546032,
     37.52421336
    ]
   },
   "properties": {
    "pid": "본관(5층) 5층-9",
    "school": "여의도중학교",
    "jibun": "40-1",
    "kind": "교사동 창면",
    "dong": "본관(5층)",
    "facade": "본관(5층)",
    "floor": 5,
    "source": "도면기준",
    "z_m": 17.1,
    "normal_az": 230.8,
    "s1_total_h": 5.5,
    "s1_cont_h": 5.0,
    "s1_pass_a": true,
    "s1_pass_b": true,
    "s2_total_h": 5.5,
    "s2_cont_h": 5.0,
    "s2_pass_a": true,
    "s2_pass_b": true,
    "d_total_h": 0.0,
    "d_cont_h": 0.0,
    "change_cd": "keep_ok",
    "변화": "유지 충족"
   }
  },
  {
   "type": "Feature",
   "geometry": {
    "type": "Point",
    "coordinates": [
     126.93548608,
     37.52418822
    ]
   },
   "properties": {
    "pid": "본관(5층) 1층-9",
    "school": "여의도중학교",
    "jibun": "40-1",
    "kind": "교사동 창면",
    "dong": "본관(5층)",
    "facade": "본관(5층)",
    "floor": 1,
    "source": "도면기준",
    "z_m": 2.4,
    "normal_az": 230.8,
    "s1_total_h": 5.0,
    "s1_cont_h": 5.0,
    "s1_pass_a": true,
    "s1_pass_b": true,
    "s2_total_h": 5.0,
    "s2_cont_h": 5.0,
    "s2_pass_a": true,
    "s2_pass_b": true,
    "d_total_h": 0.0,
    "d_cont_h": 0.0,
    "change_cd": "keep_ok",
    "변화": "유지 충족"
   }
  },
  {
   "type": "Feature",
   "geometry": {
    "type": "Point",
    "coordinates": [
     126.93548608,
     37.52418822
    ]
   },
   "properties": {
    "pid": "본관(5층) 2층-10",
    "school": "여의도중학교",
    "jibun": "40-1",
    "kind": "교사동 창면",
    "dong": "본관(5층)",
    "facade": "본관(5층)",
    "floor": 2,
    "source": "도면기준",
    "z_m": 6.3,
    "normal_az": 230.8,
    "s1_total_h": 5.0,
    "s1_cont_h": 5.0,
    "s1_pass_a": true,
    "s1_pass_b": true,
    "s2_total_h": 5.0,
    "s2_cont_h": 5.0,
    "s2_pass_a": true,
    "s2_pass_b": true,
    "d_total_h": 0.0,
    "d_cont_h": 0.0,
    "change_cd": "keep_ok",
    "변화": "유지 충족"
   }
  },
  {
   "type": "Feature",
   "geometry": {
    "type": "Point",
    "coordinates": [
     126.93548608,
     37.52418822
    ]
   },
   "properties": {
    "pid": "본관(5층) 3층-10",
    "school": "여의도중학교",
    "jibun": "40-1",
    "kind": "교사동 창면",
    "dong": "본관(5층)",
    "facade": "본관(5층)",
    "floor": 3,
    "source": "도면기준",
    "z_m": 9.9,
    "normal_az": 230.8,
    "s1_total_h": 5.0,
    "s1_cont_h": 5.0,
    "s1_pass_a": true,
    "s1_pass_b": true,
    "s2_total_h": 5.0,
    "s2_cont_h": 5.0,
    "s2_pass_a": true,
    "s2_pass_b": true,
    "d_total_h": 0.0,
    "d_cont_h": 0.0,
    "change_cd": "keep_ok",
    "변화": "유지 충족"
   }
  },
  {
   "type": "Feature",
   "geometry": {
    "type": "Point",
    "coordinates": [
     126.93548608,
     37.52418822
    ]
   },
   "properties": {
    "pid": "본관(5층) 4층-10",
    "school": "여의도중학교",
    "jibun": "40-1",
    "kind": "교사동 창면",
    "dong": "본관(5층)",
    "facade": "본관(5층)",
    "floor": 4,
    "source": "도면기준",
    "z_m": 13.5,
    "normal_az": 230.8,
    "s1_total_h": 5.0,
    "s1_cont_h": 5.0,
    "s1_pass_a": true,
    "s1_pass_b": true,
    "s2_total_h": 5.0,
    "s2_cont_h": 5.0,
    "s2_pass_a": true,
    "s2_pass_b": true,
    "d_total_h": 0.0,
    "d_cont_h": 0.0,
    "change_cd": "keep_ok",
    "변화": "유지 충족"
   }
  },
  {
   "type": "Feature",
   "geometry": {
    "type": "Point",
    "coordinates": [
     126.93548608,
     37.52418822
    ]
   },
   "properties": {
    "pid": "본관(5층) 5층-10",
    "school": "여의도중학교",
    "jibun": "40-1",
    "kind": "교사동 창면",
    "dong": "본관(5층)",
    "facade": "본관(5층)",
    "floor": 5,
    "source": "도면기준",
    "z_m": 17.1,
    "normal_az": 230.8,
    "s1_total_h": 5.33,
    "s1_cont_h": 5.0,
    "s1_pass_a": true,
    "s1_pass_b": true,
    "s2_total_h": 5.33,
    "s2_cont_h": 5.0,
    "s2_pass_a": true,
    "s2_pass_b": true,
    "d_total_h": 0.0,
    "d_cont_h": 0.0,
    "change_cd": "keep_ok",
    "변화": "유지 충족"
   }
  },
  {
   "type": "Feature",
   "geometry": {
    "type": "Point",
    "coordinates": [
     126.9355247,
     37.52415053
    ]
   },
   "properties": {
    "pid": "본관(5층) 2층-11",
    "school": "여의도중학교",
    "jibun": "40-1",
    "kind": "교사동 창면",
    "dong": "본관(5층)",
    "facade": "본관(5층)",
    "floor": 2,
    "source": "도면기준",
    "z_m": 6.3,
    "normal_az": 230.8,
    "s1_total_h": 5.17,
    "s1_cont_h": 5.17,
    "s1_pass_a": true,
    "s1_pass_b": true,
    "s2_total_h": 5.17,
    "s2_cont_h": 5.17,
    "s2_pass_a": true,
    "s2_pass_b": true,
    "d_total_h": 0.0,
    "d_cont_h": 0.0,
    "change_cd": "keep_ok",
    "변화": "유지 충족"
   }
  },
  {
   "type": "Feature",
   "geometry": {
    "type": "Point",
    "coordinates": [
     126.9355247,
     37.52415053
    ]
   },
   "properties": {
    "pid": "본관(5층) 3층-11",
    "school": "여의도중학교",
    "jibun": "40-1",
    "kind": "교사동 창면",
    "dong": "본관(5층)",
    "facade": "본관(5층)",
    "floor": 3,
    "source": "도면기준",
    "z_m": 9.9,
    "normal_az": 230.8,
    "s1_total_h": 5.17,
    "s1_cont_h": 5.17,
    "s1_pass_a": true,
    "s1_pass_b": true,
    "s2_total_h": 5.17,
    "s2_cont_h": 5.17,
    "s2_pass_a": true,
    "s2_pass_b": true,
    "d_total_h": 0.0,
    "d_cont_h": 0.0,
    "change_cd": "keep_ok",
    "변화": "유지 충족"
   }
  },
  {
   "type": "Feature",
   "geometry": {
    "type": "Point",
    "coordinates": [
     126.9355247,
     37.52415053
    ]
   },
   "properties": {
    "pid": "본관(5층) 4층-11",
    "school": "여의도중학교",
    "jibun": "40-1",
    "kind": "교사동 창면",
    "dong": "본관(5층)",
    "facade": "본관(5층)",
    "floor": 4,
    "source": "도면기준",
    "z_m": 13.5,
    "normal_az": 230.8,
    "s1_total_h": 5.17,
    "s1_cont_h": 5.17,
    "s1_pass_a": true,
    "s1_pass_b": true,
    "s2_total_h": 5.17,
    "s2_cont_h": 5.17,
    "s2_pass_a": true,
    "s2_pass_b": true,
    "d_total_h": 0.0,
    "d_cont_h": 0.0,
    "change_cd": "keep_ok",
    "변화": "유지 충족"
   }
  },
  {
   "type": "Feature",
   "geometry": {
    "type": "Point",
    "coordinates": [
     126.9355247,
     37.52415053
    ]
   },
   "properties": {
    "pid": "본관(5층) 5층-11",
    "school": "여의도중학교",
    "jibun": "40-1",
    "kind": "교사동 창면",
    "dong": "본관(5층)",
    "facade": "본관(5층)",
    "floor": 5,
    "source": "도면기준",
    "z_m": 17.1,
    "normal_az": 230.8,
    "s1_total_h": 5.5,
    "s1_cont_h": 5.17,
    "s1_pass_a": true,
    "s1_pass_b": true,
    "s2_total_h": 5.5,
    "s2_cont_h": 5.17,
    "s2_pass_a": true,
    "s2_pass_b": true,
    "d_total_h": 0.0,
    "d_cont_h": 0.0,
    "change_cd": "keep_ok",
    "변화": "유지 충족"
   }
  },
  {
   "type": "Feature",
   "geometry": {
    "type": "Point",
    "coordinates": [
     126.93555045,
     37.52412541
    ]
   },
   "properties": {
    "pid": "본관(5층) 1층-10",
    "school": "여의도중학교",
    "jibun": "40-1",
    "kind": "교사동 창면",
    "dong": "본관(5층)",
    "facade": "본관(5층)",
    "floor": 1,
    "source": "도면기준",
    "z_m": 2.4,
    "normal_az": 230.8,
    "s1_total_h": 5.0,
    "s1_cont_h": 4.67,
    "s1_pass_a": true,
    "s1_pass_b": true,
    "s2_total_h": 4.83,
    "s2_cont_h": 2.33,
    "s2_pass_a": true,
    "s2_pass_b": true,
    "d_total_h": -0.17,
    "d_cont_h": -2.34,
    "change_cd": "keep_ok",
    "변화": "유지 충족"
   }
  },
  {
   "type": "Feature",
   "geometry": {
    "type": "Point",
    "coordinates": [
     126.93555045,
     37.52412541
    ]
   },
   "properties": {
    "pid": "본관(5층) 2층-12",
    "school": "여의도중학교",
    "jibun": "40-1",
    "kind": "교사동 창면",
    "dong": "본관(5층)",
    "facade": "본관(5층)",
    "floor": 2,
    "source": "도면기준",
    "z_m": 6.3,
    "normal_az": 230.8,
    "s1_total_h": 5.17,
    "s1_cont_h": 5.17,
    "s1_pass_a": true,
    "s1_pass_b": true,
    "s2_total_h": 5.17,
    "s2_cont_h": 5.17,
    "s2_pass_a": true,
    "s2_pass_b": true,
    "d_total_h": 0.0,
    "d_cont_h": 0.0,
    "change_cd": "keep_ok",
    "변화": "유지 충족"
   }
  },
  {
   "type": "Feature",
   "geometry": {
    "type": "Point",
    "coordinates": [
     126.93555045,
     37.52412541
    ]
   },
   "properties": {
    "pid": "본관(5층) 3층-12",
    "school": "여의도중학교",
    "jibun": "40-1",
    "kind": "교사동 창면",
    "dong": "본관(5층)",
    "facade": "본관(5층)",
    "floor": 3,
    "source": "도면기준",
    "z_m": 9.9,
    "normal_az": 230.8,
    "s1_total_h": 5.17,
    "s1_cont_h": 5.17,
    "s1_pass_a": true,
    "s1_pass_b": true,
    "s2_total_h": 5.17,
    "s2_cont_h": 5.17,
    "s2_pass_a": true,
    "s2_pass_b": true,
    "d_total_h": 0.0,
    "d_cont_h": 0.0,
    "change_cd": "keep_ok",
    "변화": "유지 충족"
   }
  },
  {
   "type": "Feature",
   "geometry": {
    "type": "Point",
    "coordinates": [
     126.93555045,
     37.52412541
    ]
   },
   "properties": {
    "pid": "본관(5층) 4층-12",
    "school": "여의도중학교",
    "jibun": "40-1",
    "kind": "교사동 창면",
    "dong": "본관(5층)",
    "facade": "본관(5층)",
    "floor": 4,
    "source": "도면기준",
    "z_m": 13.5,
    "normal_az": 230.8,
    "s1_total_h": 5.17,
    "s1_cont_h": 5.17,
    "s1_pass_a": true,
    "s1_pass_b": true,
    "s2_total_h": 5.17,
    "s2_cont_h": 5.17,
    "s2_pass_a": true,
    "s2_pass_b": true,
    "d_total_h": 0.0,
    "d_cont_h": 0.0,
    "change_cd": "keep_ok",
    "변화": "유지 충족"
   }
  },
  {
   "type": "Feature",
   "geometry": {
    "type": "Point",
    "coordinates": [
     126.93555045,
     37.52412541
    ]
   },
   "properties": {
    "pid": "본관(5층) 5층-12",
    "school": "여의도중학교",
    "jibun": "40-1",
    "kind": "교사동 창면",
    "dong": "본관(5층)",
    "facade": "본관(5층)",
    "floor": 5,
    "source": "도면기준",
    "z_m": 17.1,
    "normal_az": 230.8,
    "s1_total_h": 5.33,
    "s1_cont_h": 5.17,
    "s1_pass_a": true,
    "s1_pass_b": true,
    "s2_total_h": 5.33,
    "s2_cont_h": 5.17,
    "s2_pass_a": true,
    "s2_pass_b": true,
    "d_total_h": 0.0,
    "d_cont_h": 0.0,
    "change_cd": "keep_ok",
    "변화": "유지 충족"
   }
  },
  {
   "type": "Feature",
   "geometry": {
    "type": "Point",
    "coordinates": [
     126.93558907,
     37.52408771
    ]
   },
   "properties": {
    "pid": "본관(5층) 1층-11",
    "school": "여의도중학교",
    "jibun": "40-1",
    "kind": "교사동 창면",
    "dong": "본관(5층)",
    "facade": "본관(5층)",
    "floor": 1,
    "source": "도면기준",
    "z_m": 2.4,
    "normal_az": 230.8,
    "s1_total_h": 4.83,
    "s1_cont_h": 4.67,
    "s1_pass_a": true,
    "s1_pass_b": true,
    "s2_total_h": 4.5,
    "s2_cont_h": 2.33,
    "s2_pass_a": true,
    "s2_pass_b": true,
    "d_total_h": -0.33,
    "d_cont_h": -2.34,
    "change_cd": "keep_ok",
    "변화": "유지 충족"
   }
  },
  {
   "type": "Feature",
   "geometry": {
    "type": "Point",
    "coordinates": [
     126.93558907,
     37.52408771
    ]
   },
   "properties": {
    "pid": "본관(5층) 2층-13",
    "school": "여의도중학교",
    "jibun": "40-1",
    "kind": "교사동 창면",
    "dong": "본관(5층)",
    "facade": "본관(5층)",
    "floor": 2,
    "source": "도면기준",
    "z_m": 6.3,
    "normal_az": 230.8,
    "s1_total_h": 5.17,
    "s1_cont_h": 4.83,
    "s1_pass_a": true,
    "s1_pass_b": true,
    "s2_total_h": 5.17,
    "s2_cont_h": 4.83,
    "s2_pass_a": true,
    "s2_pass_b": true,
    "d_total_h": 0.0,
    "d_cont_h": 0.0,
    "change_cd": "keep_ok",
    "변화": "유지 충족"
   }
  },
  {
   "type": "Feature",
   "geometry": {
    "type": "Point",
    "coordinates": [
     126.93558907,
     37.52408771
    ]
   },
   "properties": {
    "pid": "본관(5층) 3층-13",
    "school": "여의도중학교",
    "jibun": "40-1",
    "kind": "교사동 창면",
    "dong": "본관(5층)",
    "facade": "본관(5층)",
    "floor": 3,
    "source": "도면기준",
    "z_m": 9.9,
    "normal_az": 230.8,
    "s1_total_h": 5.17,
    "s1_cont_h": 4.83,
    "s1_pass_a": true,
    "s1_pass_b": true,
    "s2_total_h": 5.17,
    "s2_cont_h": 4.83,
    "s2_pass_a": true,
    "s2_pass_b": true,
    "d_total_h": 0.0,
    "d_cont_h": 0.0,
    "change_cd": "keep_ok",
    "변화": "유지 충족"
   }
  },
  {
   "type": "Feature",
   "geometry": {
    "type": "Point",
    "coordinates": [
     126.93558907,
     37.52408771
    ]
   },
   "properties": {
    "pid": "본관(5층) 4층-13",
    "school": "여의도중학교",
    "jibun": "40-1",
    "kind": "교사동 창면",
    "dong": "본관(5층)",
    "facade": "본관(5층)",
    "floor": 4,
    "source": "도면기준",
    "z_m": 13.5,
    "normal_az": 230.8,
    "s1_total_h": 5.33,
    "s1_cont_h": 5.33,
    "s1_pass_a": true,
    "s1_pass_b": true,
    "s2_total_h": 5.33,
    "s2_cont_h": 5.33,
    "s2_pass_a": true,
    "s2_pass_b": true,
    "d_total_h": 0.0,
    "d_cont_h": 0.0,
    "change_cd": "keep_ok",
    "변화": "유지 충족"
   }
  },
  {
   "type": "Feature",
   "geometry": {
    "type": "Point",
    "coordinates": [
     126.93558907,
     37.52408771
    ]
   },
   "properties": {
    "pid": "본관(5층) 5층-13",
    "school": "여의도중학교",
    "jibun": "40-1",
    "kind": "교사동 창면",
    "dong": "본관(5층)",
    "facade": "본관(5층)",
    "floor": 5,
    "source": "도면기준",
    "z_m": 17.1,
    "normal_az": 230.8,
    "s1_total_h": 5.5,
    "s1_cont_h": 5.33,
    "s1_pass_a": true,
    "s1_pass_b": true,
    "s2_total_h": 5.5,
    "s2_cont_h": 5.33,
    "s2_pass_a": true,
    "s2_pass_b": true,
    "d_total_h": 0.0,
    "d_cont_h": 0.0,
    "change_cd": "keep_ok",
    "변화": "유지 충족"
   }
  },
  {
   "type": "Feature",
   "geometry": {
    "type": "Point",
    "coordinates": [
     126.93561483,
     37.52406259
    ]
   },
   "properties": {
    "pid": "본관(5층) 1층-12",
    "school": "여의도중학교",
    "jibun": "40-1",
    "kind": "교사동 창면",
    "dong": "본관(5층)",
    "facade": "본관(5층)",
    "floor": 1,
    "source": "도면기준",
    "z_m": 2.4,
    "normal_az": 230.8,
    "s1_total_h": 5.0,
    "s1_cont_h": 4.67,
    "s1_pass_a": true,
    "s1_pass_b": true,
    "s2_total_h": 4.5,
    "s2_cont_h": 2.33,
    "s2_pass_a": true,
    "s2_pass_b": true,
    "d_total_h": -0.5,
    "d_cont_h": -2.34,
    "change_cd": "keep_ok",
    "변화": "유지 충족"
   }
  },
  {
   "type": "Feature",
   "geometry": {
    "type": "Point",
    "coordinates": [
     126.93561483,
     37.52406259
    ]
   },
   "properties": {
    "pid": "본관(5층) 2층-14",
    "school": "여의도중학교",
    "jibun": "40-1",
    "kind": "교사동 창면",
    "dong": "본관(5층)",
    "facade": "본관(5층)",
    "floor": 2,
    "source": "도면기준",
    "z_m": 6.3,
    "normal_az": 230.8,
    "s1_total_h": 5.17,
    "s1_cont_h": 4.83,
    "s1_pass_a": true,
    "s1_pass_b": true,
    "s2_total_h": 5.17,
    "s2_cont_h": 4.83,
    "s2_pass_a": true,
    "s2_pass_b": true,
    "d_total_h": 0.0,
    "d_cont_h": 0.0,
    "change_cd": "keep_ok",
    "변화": "유지 충족"
   }
  },
  {
   "type": "Feature",
   "geometry": {
    "type": "Point",
    "coordinates": [
     126.93561483,
     37.52406259
    ]
   },
   "properties": {
    "pid": "본관(5층) 3층-14",
    "school": "여의도중학교",
    "jibun": "40-1",
    "kind": "교사동 창면",
    "dong": "본관(5층)",
    "facade": "본관(5층)",
    "floor": 3,
    "source": "도면기준",
    "z_m": 9.9,
    "normal_az": 230.8,
    "s1_total_h": 5.17,
    "s1_cont_h": 4.83,
    "s1_pass_a": true,
    "s1_pass_b": true,
    "s2_total_h": 5.17,
    "s2_cont_h": 4.83,
    "s2_pass_a": true,
    "s2_pass_b": true,
    "d_total_h": 0.0,
    "d_cont_h": 0.0,
    "change_cd": "keep_ok",
    "변화": "유지 충족"
   }
  },
  {
   "type": "Feature",
   "geometry": {
    "type": "Point",
    "coordinates": [
     126.93561483,
     37.52406259
    ]
   },
   "properties": {
    "pid": "본관(5층) 4층-14",
    "school": "여의도중학교",
    "jibun": "40-1",
    "kind": "교사동 창면",
    "dong": "본관(5층)",
    "facade": "본관(5층)",
    "floor": 4,
    "source": "도면기준",
    "z_m": 13.5,
    "normal_az": 230.8,
    "s1_total_h": 5.17,
    "s1_cont_h": 4.83,
    "s1_pass_a": true,
    "s1_pass_b": true,
    "s2_total_h": 5.17,
    "s2_cont_h": 4.83,
    "s2_pass_a": true,
    "s2_pass_b": true,
    "d_total_h": 0.0,
    "d_cont_h": 0.0,
    "change_cd": "keep_ok",
    "변화": "유지 충족"
   }
  },
  {
   "type": "Feature",
   "geometry": {
    "type": "Point",
    "coordinates": [
     126.93561483,
     37.52406259
    ]
   },
   "properties": {
    "pid": "본관(5층) 5층-14",
    "school": "여의도중학교",
    "jibun": "40-1",
    "kind": "교사동 창면",
    "dong": "본관(5층)",
    "facade": "본관(5층)",
    "floor": 5,
    "source": "도면기준",
    "z_m": 17.1,
    "normal_az": 230.8,
    "s1_total_h": 5.33,
    "s1_cont_h": 5.33,
    "s1_pass_a": true,
    "s1_pass_b": true,
    "s2_total_h": 5.33,
    "s2_cont_h": 5.33,
    "s2_pass_a": true,
    "s2_pass_b": true,
    "d_total_h": 0.0,
    "d_cont_h": 0.0,
    "change_cd": "keep_ok",
    "변화": "유지 충족"
   }
  },
  {
   "type": "Feature",
   "geometry": {
    "type": "Point",
    "coordinates": [
     126.93565345,
     37.52402489
    ]
   },
   "properties": {
    "pid": "본관(5층) 1층-13",
    "school": "여의도중학교",
    "jibun": "40-1",
    "kind": "교사동 창면",
    "dong": "본관(5층)",
    "facade": "본관(5층)",
    "floor": 1,
    "source": "도면기준",
    "z_m": 2.4,
    "normal_az": 230.8,
    "s1_total_h": 5.0,
    "s1_cont_h": 4.67,
    "s1_pass_a": true,
    "s1_pass_b": true,
    "s2_total_h": 4.33,
    "s2_cont_h": 2.33,
    "s2_pass_a": true,
    "s2_pass_b": true,
    "d_total_h": -0.67,
    "d_cont_h": -2.34,
    "change_cd": "keep_ok",
    "변화": "유지 충족"
   }
  },
  {
   "type": "Feature",
   "geometry": {
    "type": "Point",
    "coordinates": [
     126.93565345,
     37.52402489
    ]
   },
   "properties": {
    "pid": "본관(5층) 2층-15",
    "school": "여의도중학교",
    "jibun": "40-1",
    "kind": "교사동 창면",
    "dong": "본관(5층)",
    "facade": "본관(5층)",
    "floor": 2,
    "source": "도면기준",
    "z_m": 6.3,
    "normal_az": 230.8,
    "s1_total_h": 5.17,
    "s1_cont_h": 4.83,
    "s1_pass_a": true,
    "s1_pass_b": true,
    "s2_total_h": 4.83,
    "s2_cont_h": 2.33,
    "s2_pass_a": true,
    "s2_pass_b": true,
    "d_total_h": -0.34,
    "d_cont_h": -2.5,
    "change_cd": "keep_ok",
    "변화": "유지 충족"
   }
  },
  {
   "type": "Feature",
   "geometry": {
    "type": "Point",
    "coordinates": [
     126.93565345,
     37.52402489
    ]
   },
   "properties": {
    "pid": "본관(5층) 3층-15",
    "school": "여의도중학교",
    "jibun": "40-1",
    "kind": "교사동 창면",
    "dong": "본관(5층)",
    "facade": "본관(5층)",
    "floor": 3,
    "source": "도면기준",
    "z_m": 9.9,
    "normal_az": 230.8,
    "s1_total_h": 5.17,
    "s1_cont_h": 4.83,
    "s1_pass_a": true,
    "s1_pass_b": true,
    "s2_total_h": 5.17,
    "s2_cont_h": 4.83,
    "s2_pass_a": true,
    "s2_pass_b": true,
    "d_total_h": 0.0,
    "d_cont_h": 0.0,
    "change_cd": "keep_ok",
    "변화": "유지 충족"
   }
  },
  {
   "type": "Feature",
   "geometry": {
    "type": "Point",
    "coordinates": [
     126.93565345,
     37.52402489
    ]
   },
   "properties": {
    "pid": "본관(5층) 4층-15",
    "school": "여의도중학교",
    "jibun": "40-1",
    "kind": "교사동 창면",
    "dong": "본관(5층)",
    "facade": "본관(5층)",
    "floor": 4,
    "source": "도면기준",
    "z_m": 13.5,
    "normal_az": 230.8,
    "s1_total_h": 5.17,
    "s1_cont_h": 4.83,
    "s1_pass_a": true,
    "s1_pass_b": true,
    "s2_total_h": 5.17,
    "s2_cont_h": 4.83,
    "s2_pass_a": true,
    "s2_pass_b": true,
    "d_total_h": 0.0,
    "d_cont_h": 0.0,
    "change_cd": "keep_ok",
    "변화": "유지 충족"
   }
  },
  {
   "type": "Feature",
   "geometry": {
    "type": "Point",
    "coordinates": [
     126.93565345,
     37.52402489
    ]
   },
   "properties": {
    "pid": "본관(5층) 5층-15",
    "school": "여의도중학교",
    "jibun": "40-1",
    "kind": "교사동 창면",
    "dong": "본관(5층)",
    "facade": "본관(5층)",
    "floor": 5,
    "source": "도면기준",
    "z_m": 17.1,
    "normal_az": 230.8,
    "s1_total_h": 5.5,
    "s1_cont_h": 5.5,
    "s1_pass_a": true,
    "s1_pass_b": true,
    "s2_total_h": 5.5,
    "s2_cont_h": 5.5,
    "s2_pass_a": true,
    "s2_pass_b": true,
    "d_total_h": 0.0,
    "d_cont_h": 0.0,
    "change_cd": "keep_ok",
    "변화": "유지 충족"
   }
  },
  {
   "type": "Feature",
   "geometry": {
    "type": "Point",
    "coordinates": [
     126.93567921,
     37.52399976
    ]
   },
   "properties": {
    "pid": "본관(5층) 1층-14",
    "school": "여의도중학교",
    "jibun": "40-1",
    "kind": "교사동 창면",
    "dong": "본관(5층)",
    "facade": "본관(5층)",
    "floor": 1,
    "source": "도면기준",
    "z_m": 2.4,
    "normal_az": 230.8,
    "s1_total_h": 5.0,
    "s1_cont_h": 4.67,
    "s1_pass_a": true,
    "s1_pass_b": true,
    "s2_total_h": 4.33,
    "s2_cont_h": 2.33,
    "s2_pass_a": true,
    "s2_pass_b": true,
    "d_total_h": -0.67,
    "d_cont_h": -2.34,
    "change_cd": "keep_ok",
    "변화": "유지 충족"
   }
  },
  {
   "type": "Feature",
   "geometry": {
    "type": "Point",
    "coordinates": [
     126.93567921,
     37.52399976
    ]
   },
   "properties": {
    "pid": "본관(5층) 2층-16",
    "school": "여의도중학교",
    "jibun": "40-1",
    "kind": "교사동 창면",
    "dong": "본관(5층)",
    "facade": "본관(5층)",
    "floor": 2,
    "source": "도면기준",
    "z_m": 6.3,
    "normal_az": 230.8,
    "s1_total_h": 5.17,
    "s1_cont_h": 4.83,
    "s1_pass_a": true,
    "s1_pass_b": true,
    "s2_total_h": 4.5,
    "s2_cont_h": 2.33,
    "s2_pass_a": true,
    "s2_pass_b": true,
    "d_total_h": -0.67,
    "d_cont_h": -2.5,
    "change_cd": "keep_ok",
    "변화": "유지 충족"
   }
  },
  {
   "type": "Feature",
   "geometry": {
    "type": "Point",
    "coordinates": [
     126.93567921,
     37.52399976
    ]
   },
   "properties": {
    "pid": "본관(5층) 3층-16",
    "school": "여의도중학교",
    "jibun": "40-1",
    "kind": "교사동 창면",
    "dong": "본관(5층)",
    "facade": "본관(5층)",
    "floor": 3,
    "source": "도면기준",
    "z_m": 9.9,
    "normal_az": 230.8,
    "s1_total_h": 5.17,
    "s1_cont_h": 4.83,
    "s1_pass_a": true,
    "s1_pass_b": true,
    "s2_total_h": 5.17,
    "s2_cont_h": 4.83,
    "s2_pass_a": true,
    "s2_pass_b": true,
    "d_total_h": 0.0,
    "d_cont_h": 0.0,
    "change_cd": "keep_ok",
    "변화": "유지 충족"
   }
  },
  {
   "type": "Feature",
   "geometry": {
    "type": "Point",
    "coordinates": [
     126.93567921,
     37.52399976
    ]
   },
   "properties": {
    "pid": "본관(5층) 4층-16",
    "school": "여의도중학교",
    "jibun": "40-1",
    "kind": "교사동 창면",
    "dong": "본관(5층)",
    "facade": "본관(5층)",
    "floor": 4,
    "source": "도면기준",
    "z_m": 13.5,
    "normal_az": 230.8,
    "s1_total_h": 5.17,
    "s1_cont_h": 4.83,
    "s1_pass_a": true,
    "s1_pass_b": true,
    "s2_total_h": 5.17,
    "s2_cont_h": 4.83,
    "s2_pass_a": true,
    "s2_pass_b": true,
    "d_total_h": 0.0,
    "d_cont_h": 0.0,
    "change_cd": "keep_ok",
    "변화": "유지 충족"
   }
  },
  {
   "type": "Feature",
   "geometry": {
    "type": "Point",
    "coordinates": [
     126.93567921,
     37.52399976
    ]
   },
   "properties": {
    "pid": "본관(5층) 5층-16",
    "school": "여의도중학교",
    "jibun": "40-1",
    "kind": "교사동 창면",
    "dong": "본관(5층)",
    "facade": "본관(5층)",
    "floor": 5,
    "source": "도면기준",
    "z_m": 17.1,
    "normal_az": 230.8,
    "s1_total_h": 5.33,
    "s1_cont_h": 5.0,
    "s1_pass_a": true,
    "s1_pass_b": true,
    "s2_total_h": 5.33,
    "s2_cont_h": 5.0,
    "s2_pass_a": true,
    "s2_pass_b": true,
    "d_total_h": 0.0,
    "d_cont_h": 0.0,
    "change_cd": "keep_ok",
    "변화": "유지 충족"
   }
  },
  {
   "type": "Feature",
   "geometry": {
    "type": "Point",
    "coordinates": [
     126.93571783,
     37.52396206
    ]
   },
   "properties": {
    "pid": "본관(5층) 1층-15",
    "school": "여의도중학교",
    "jibun": "40-1",
    "kind": "교사동 창면",
    "dong": "본관(5층)",
    "facade": "본관(5층)",
    "floor": 1,
    "source": "도면기준",
    "z_m": 2.4,
    "normal_az": 230.8,
    "s1_total_h": 5.33,
    "s1_cont_h": 4.83,
    "s1_pass_a": true,
    "s1_pass_b": true,
    "s2_total_h": 4.83,
    "s2_cont_h": 2.5,
    "s2_pass_a": true,
    "s2_pass_b": true,
    "d_total_h": -0.5,
    "d_cont_h": -2.33,
    "change_cd": "keep_ok",
    "변화": "유지 충족"
   }
  },
  {
   "type": "Feature",
   "geometry": {
    "type": "Point",
    "coordinates": [
     126.93571783,
     37.52396206
    ]
   },
   "properties": {
    "pid": "본관(5층) 2층-17",
    "school": "여의도중학교",
    "jibun": "40-1",
    "kind": "교사동 창면",
    "dong": "본관(5층)",
    "facade": "본관(5층)",
    "floor": 2,
    "source": "도면기준",
    "z_m": 6.3,
    "normal_az": 230.8,
    "s1_total_h": 5.33,
    "s1_cont_h": 4.83,
    "s1_pass_a": true,
    "s1_pass_b": true,
    "s2_total_h": 4.83,
    "s2_cont_h": 2.5,
    "s2_pass_a": true,
    "s2_pass_b": true,
    "d_total_h": -0.5,
    "d_cont_h": -2.33,
    "change_cd": "keep_ok",
    "변화": "유지 충족"
   }
  },
  {
   "type": "Feature",
   "geometry": {
    "type": "Point",
    "coordinates": [
     126.93571783,
     37.52396206
    ]
   },
   "properties": {
    "pid": "본관(5층) 3층-17",
    "school": "여의도중학교",
    "jibun": "40-1",
    "kind": "교사동 창면",
    "dong": "본관(5층)",
    "facade": "본관(5층)",
    "floor": 3,
    "source": "도면기준",
    "z_m": 9.9,
    "normal_az": 230.8,
    "s1_total_h": 5.33,
    "s1_cont_h": 4.83,
    "s1_pass_a": true,
    "s1_pass_b": true,
    "s2_total_h": 5.0,
    "s2_cont_h": 2.5,
    "s2_pass_a": true,
    "s2_pass_b": true,
    "d_total_h": -0.33,
    "d_cont_h": -2.33,
    "change_cd": "keep_ok",
    "변화": "유지 충족"
   }
  },
  {
   "type": "Feature",
   "geometry": {
    "type": "Point",
    "coordinates": [
     126.93571783,
     37.52396206
    ]
   },
   "properties": {
    "pid": "본관(5층) 4층-17",
    "school": "여의도중학교",
    "jibun": "40-1",
    "kind": "교사동 창면",
    "dong": "본관(5층)",
    "facade": "본관(5층)",
    "floor": 4,
    "source": "도면기준",
    "z_m": 13.5,
    "normal_az": 230.8,
    "s1_total_h": 5.33,
    "s1_cont_h": 4.83,
    "s1_pass_a": true,
    "s1_pass_b": true,
    "s2_total_h": 5.33,
    "s2_cont_h": 4.83,
    "s2_pass_a": true,
    "s2_pass_b": true,
    "d_total_h": 0.0,
    "d_cont_h": 0.0,
    "change_cd": "keep_ok",
    "변화": "유지 충족"
   }
  },
  {
   "type": "Feature",
   "geometry": {
    "type": "Point",
    "coordinates": [
     126.93571783,
     37.52396206
    ]
   },
   "properties": {
    "pid": "본관(5층) 5층-17",
    "school": "여의도중학교",
    "jibun": "40-1",
    "kind": "교사동 창면",
    "dong": "본관(5층)",
    "facade": "본관(5층)",
    "floor": 5,
    "source": "도면기준",
    "z_m": 17.1,
    "normal_az": 230.8,
    "s1_total_h": 5.5,
    "s1_cont_h": 5.0,
    "s1_pass_a": true,
    "s1_pass_b": true,
    "s2_total_h": 5.5,
    "s2_cont_h": 5.0,
    "s2_pass_a": true,
    "s2_pass_b": true,
    "d_total_h": 0.0,
    "d_cont_h": 0.0,
    "change_cd": "keep_ok",
    "변화": "유지 충족"
   }
  },
  {
   "type": "Feature",
   "geometry": {
    "type": "Point",
    "coordinates": [
     126.93574359,
     37.52393694
    ]
   },
   "properties": {
    "pid": "본관(5층) 1층-16",
    "school": "여의도중학교",
    "jibun": "40-1",
    "kind": "교사동 창면",
    "dong": "본관(5층)",
    "facade": "본관(5층)",
    "floor": 1,
    "source": "도면기준",
    "z_m": 2.4,
    "normal_az": 230.8,
    "s1_total_h": 5.0,
    "s1_cont_h": 4.17,
    "s1_pass_a": true,
    "s1_pass_b": true,
    "s2_total_h": 4.33,
    "s2_cont_h": 2.5,
    "s2_pass_a": true,
    "s2_pass_b": true,
    "d_total_h": -0.67,
    "d_cont_h": -1.67,
    "change_cd": "keep_ok",
    "변화": "유지 충족"
   }
  },
  {
   "type": "Feature",
   "geometry": {
    "type": "Point",
    "coordinates": [
     126.93574359,
     37.52393694
    ]
   },
   "properties": {
    "pid": "본관(5층) 2층-18",
    "school": "여의도중학교",
    "jibun": "40-1",
    "kind": "교사동 창면",
    "dong": "본관(5층)",
    "facade": "본관(5층)",
    "floor": 2,
    "source": "도면기준",
    "z_m": 6.3,
    "normal_az": 230.8,
    "s1_total_h": 5.17,
    "s1_cont_h": 4.83,
    "s1_pass_a": true,
    "s1_pass_b": true,
    "s2_total_h": 4.5,
    "s2_cont_h": 2.5,
    "s2_pass_a": true,
    "s2_pass_b": true,
    "d_total_h": -0.67,
    "d_cont_h": -2.33,
    "change_cd": "keep_ok",
    "변화": "유지 충족"
   }
  },
  {
   "type": "Feature",
   "geometry": {
    "type": "Point",
    "coordinates": [
     126.93574359,
     37.52393694
    ]
   },
   "properties": {
    "pid": "본관(5층) 3층-18",
    "school": "여의도중학교",
    "jibun": "40-1",
    "kind": "교사동 창면",
    "dong": "본관(5층)",
    "facade": "본관(5층)",
    "floor": 3,
    "source": "도면기준",
    "z_m": 9.9,
    "normal_az": 230.8,
    "s1_total_h": 5.17,
    "s1_cont_h": 4.83,
    "s1_pass_a": true,
    "s1_pass_b": true,
    "s2_total_h": 4.5,
    "s2_cont_h": 2.5,
    "s2_pass_a": true,
    "s2_pass_b": true,
    "d_total_h": -0.67,
    "d_cont_h": -2.33,
    "change_cd": "keep_ok",
    "변화": "유지 충족"
   }
  },
  {
   "type": "Feature",
   "geometry": {
    "type": "Point",
    "coordinates": [
     126.93574359,
     37.52393694
    ]
   },
   "properties": {
    "pid": "본관(5층) 4층-18",
    "school": "여의도중학교",
    "jibun": "40-1",
    "kind": "교사동 창면",
    "dong": "본관(5층)",
    "facade": "본관(5층)",
    "floor": 4,
    "source": "도면기준",
    "z_m": 13.5,
    "normal_az": 230.8,
    "s1_total_h": 5.33,
    "s1_cont_h": 5.0,
    "s1_pass_a": true,
    "s1_pass_b": true,
    "s2_total_h": 5.17,
    "s2_cont_h": 2.5,
    "s2_pass_a": true,
    "s2_pass_b": true,
    "d_total_h": -0.16,
    "d_cont_h": -2.5,
    "change_cd": "keep_ok",
    "변화": "유지 충족"
   }
  },
  {
   "type": "Feature",
   "geometry": {
    "type": "Point",
    "coordinates": [
     126.93574359,
     37.52393694
    ]
   },
   "properties": {
    "pid": "본관(5층) 5층-18",
    "school": "여의도중학교",
    "jibun": "40-1",
    "kind": "교사동 창면",
    "dong": "본관(5층)",
    "facade": "본관(5층)",
    "floor": 5,
    "source": "도면기준",
    "z_m": 17.1,
    "normal_az": 230.8,
    "s1_total_h": 5.33,
    "s1_cont_h": 5.0,
    "s1_pass_a": true,
    "s1_pass_b": true,
    "s2_total_h": 5.33,
    "s2_cont_h": 5.0,
    "s2_pass_a": true,
    "s2_pass_b": true,
    "d_total_h": 0.0,
    "d_cont_h": 0.0,
    "change_cd": "keep_ok",
    "변화": "유지 충족"
   }
  },
  {
   "type": "Feature",
   "geometry": {
    "type": "Point",
    "coordinates": [
     126.93578221,
     37.52389925
    ]
   },
   "properties": {
    "pid": "본관(5층) 1층-17",
    "school": "여의도중학교",
    "jibun": "40-1",
    "kind": "교사동 창면",
    "dong": "본관(5층)",
    "facade": "본관(5층)",
    "floor": 1,
    "source": "도면기준",
    "z_m": 2.4,
    "normal_az": 230.8,
    "s1_total_h": 5.17,
    "s1_cont_h": 4.17,
    "s1_pass_a": true,
    "s1_pass_b": true,
    "s2_total_h": 4.5,
    "s2_cont_h": 2.5,
    "s2_pass_a": true,
    "s2_pass_b": true,
    "d_total_h": -0.67,
    "d_cont_h": -1.67,
    "change_cd": "keep_ok",
    "변화": "유지 충족"
   }
  },
  {
   "type": "Feature",
   "geometry": {
    "type": "Point",
    "coordinates": [
     126.93578221,
     37.52389925
    ]
   },
   "properties": {
    "pid": "본관(5층) 2층-19",
    "school": "여의도중학교",
    "jibun": "40-1",
    "kind": "교사동 창면",
    "dong": "본관(5층)",
    "facade": "본관(5층)",
    "floor": 2,
    "source": "도면기준",
    "z_m": 6.3,
    "normal_az": 230.8,
    "s1_total_h": 5.17,
    "s1_cont_h": 4.17,
    "s1_pass_a": true,
    "s1_pass_b": true,
    "s2_total_h": 4.5,
    "s2_cont_h": 2.5,
    "s2_pass_a": true,
    "s2_pass_b": true,
    "d_total_h": -0.67,
    "d_cont_h": -1.67,
    "change_cd": "keep_ok",
    "변화": "유지 충족"
   }
  },
  {
   "type": "Feature",
   "geometry": {
    "type": "Point",
    "coordinates": [
     126.93578221,
     37.52389925
    ]
   },
   "properties": {
    "pid": "본관(5층) 3층-19",
    "school": "여의도중학교",
    "jibun": "40-1",
    "kind": "교사동 창면",
    "dong": "본관(5층)",
    "facade": "본관(5층)",
    "floor": 3,
    "source": "도면기준",
    "z_m": 9.9,
    "normal_az": 230.8,
    "s1_total_h": 5.33,
    "s1_cont_h": 4.83,
    "s1_pass_a": true,
    "s1_pass_b": true,
    "s2_total_h": 4.67,
    "s2_cont_h": 2.5,
    "s2_pass_a": true,
    "s2_pass_b": true,
    "d_total_h": -0.66,
    "d_cont_h": -2.33,
    "change_cd": "keep_ok",
    "변화": "유지 충족"
   }
  },
  {
   "type": "Feature",
   "geometry": {
    "type": "Point",
    "coordinates": [
     126.93578221,
     37.52389925
    ]
   },
   "properties": {
    "pid": "본관(5층) 4층-19",
    "school": "여의도중학교",
    "jibun": "40-1",
    "kind": "교사동 창면",
    "dong": "본관(5층)",
    "facade": "본관(5층)",
    "floor": 4,
    "source": "도면기준",
    "z_m": 13.5,
    "normal_az": 230.8,
    "s1_total_h": 5.5,
    "s1_cont_h": 5.0,
    "s1_pass_a": true,
    "s1_pass_b": true,
    "s2_total_h": 5.0,
    "s2_cont_h": 2.67,
    "s2_pass_a": true,
    "s2_pass_b": true,
    "d_total_h": -0.5,
    "d_cont_h": -2.33,
    "change_cd": "keep_ok",
    "변화": "유지 충족"
   }
  },
  {
   "type": "Feature",
   "geometry": {
    "type": "Point",
    "coordinates": [
     126.93578221,
     37.52389925
    ]
   },
   "properties": {
    "pid": "본관(5층) 5층-19",
    "school": "여의도중학교",
    "jibun": "40-1",
    "kind": "교사동 창면",
    "dong": "본관(5층)",
    "facade": "본관(5층)",
    "floor": 5,
    "source": "도면기준",
    "z_m": 17.1,
    "normal_az": 230.8,
    "s1_total_h": 5.5,
    "s1_cont_h": 5.0,
    "s1_pass_a": true,
    "s1_pass_b": true,
    "s2_total_h": 5.5,
    "s2_cont_h": 5.0,
    "s2_pass_a": true,
    "s2_pass_b": true,
    "d_total_h": 0.0,
    "d_cont_h": 0.0,
    "change_cd": "keep_ok",
    "변화": "유지 충족"
   }
  },
  {
   "type": "Feature",
   "geometry": {
    "type": "Point",
    "coordinates": [
     126.93580796,
     37.52387412
    ]
   },
   "properties": {
    "pid": "본관(5층) 2층-20",
    "school": "여의도중학교",
    "jibun": "40-1",
    "kind": "교사동 창면",
    "dong": "본관(5층)",
    "facade": "본관(5층)",
    "floor": 2,
    "source": "도면기준",
    "z_m": 6.3,
    "normal_az": 230.8,
    "s1_total_h": 5.17,
    "s1_cont_h": 4.17,
    "s1_pass_a": true,
    "s1_pass_b": true,
    "s2_total_h": 4.33,
    "s2_cont_h": 2.5,
    "s2_pass_a": true,
    "s2_pass_b": true,
    "d_total_h": -0.84,
    "d_cont_h": -1.67,
    "change_cd": "keep_ok",
    "변화": "유지 충족"
   }
  },
  {
   "type": "Feature",
   "geometry": {
    "type": "Point",
    "coordinates": [
     126.93580796,
     37.52387412
    ]
   },
   "properties": {
    "pid": "본관(5층) 3층-20",
    "school": "여의도중학교",
    "jibun": "40-1",
    "kind": "교사동 창면",
    "dong": "본관(5층)",
    "facade": "본관(5층)",
    "floor": 3,
    "source": "도면기준",
    "z_m": 9.9,
    "normal_az": 230.8,
    "s1_total_h": 5.5,
    "s1_cont_h": 5.0,
    "s1_pass_a": true,
    "s1_pass_b": true,
    "s2_total_h": 4.83,
    "s2_cont_h": 2.67,
    "s2_pass_a": true,
    "s2_pass_b": true,
    "d_total_h": -0.67,
    "d_cont_h": -2.33,
    "change_cd": "keep_ok",
    "변화": "유지 충족"
   }
  },
  {
   "type": "Feature",
   "geometry": {
    "type": "Point",
    "coordinates": [
     126.93580796,
     37.52387412
    ]
   },
   "properties": {
    "pid": "본관(5층) 4층-20",
    "school": "여의도중학교",
    "jibun": "40-1",
    "kind": "교사동 창면",
    "dong": "본관(5층)",
    "facade": "본관(5층)",
    "floor": 4,
    "source": "도면기준",
    "z_m": 13.5,
    "normal_az": 230.8,
    "s1_total_h": 5.5,
    "s1_cont_h": 5.0,
    "s1_pass_a": true,
    "s1_pass_b": true,
    "s2_total_h": 4.83,
    "s2_cont_h": 2.67,
    "s2_pass_a": true,
    "s2_pass_b": true,
    "d_total_h": -0.67,
    "d_cont_h": -2.33,
    "change_cd": "keep_ok",
    "변화": "유지 충족"
   }
  },
  {
   "type": "Feature",
   "geometry": {
    "type": "Point",
    "coordinates": [
     126.93580796,
     37.52387412
    ]
   },
   "properties": {
    "pid": "본관(5층) 5층-20",
    "school": "여의도중학교",
    "jibun": "40-1",
    "kind": "교사동 창면",
    "dong": "본관(5층)",
    "facade": "본관(5층)",
    "floor": 5,
    "source": "도면기준",
    "z_m": 17.1,
    "normal_az": 230.8,
    "s1_total_h": 5.5,
    "s1_cont_h": 5.0,
    "s1_pass_a": true,
    "s1_pass_b": true,
    "s2_total_h": 5.33,
    "s2_cont_h": 2.67,
    "s2_pass_a": true,
    "s2_pass_b": true,
    "d_total_h": -0.17,
    "d_cont_h": -2.33,
    "change_cd": "keep_ok",
    "변화": "유지 충족"
   }
  },
  {
   "type": "Feature",
   "geometry": {
    "type": "Point",
    "coordinates": [
     126.93584658,
     37.52383643
    ]
   },
   "properties": {
    "pid": "본관(5층) 2층-21",
    "school": "여의도중학교",
    "jibun": "40-1",
    "kind": "교사동 창면",
    "dong": "본관(5층)",
    "facade": "본관(5층)",
    "floor": 2,
    "source": "도면기준",
    "z_m": 6.3,
    "normal_az": 230.8,
    "s1_total_h": 5.17,
    "s1_cont_h": 4.17,
    "s1_pass_a": true,
    "s1_pass_b": true,
    "s2_total_h": 4.5,
    "s2_cont_h": 2.67,
    "s2_pass_a": true,
    "s2_pass_b": true,
    "d_total_h": -0.67,
    "d_cont_h": -1.5,
    "change_cd": "keep_ok",
    "변화": "유지 충족"
   }
  },
  {
   "type": "Feature",
   "geometry": {
    "type": "Point",
    "coordinates": [
     126.93584658,
     37.52383643
    ]
   },
   "properties": {
    "pid": "본관(5층) 3층-21",
    "school": "여의도중학교",
    "jibun": "40-1",
    "kind": "교사동 창면",
    "dong": "본관(5층)",
    "facade": "본관(5층)",
    "floor": 3,
    "source": "도면기준",
    "z_m": 9.9,
    "normal_az": 230.8,
    "s1_total_h": 5.33,
    "s1_cont_h": 4.33,
    "s1_pass_a": true,
    "s1_pass_b": true,
    "s2_total_h": 4.67,
    "s2_cont_h": 2.67,
    "s2_pass_a": true,
    "s2_pass_b": true,
    "d_total_h": -0.66,
    "d_cont_h": -1.66,
    "change_cd": "keep_ok",
    "변화": "유지 충족"
   }
  },
  {
   "type": "Feature",
   "geometry": {
    "type": "Point",
    "coordinates": [
     126.93584658,
     37.52383643
    ]
   },
   "properties": {
    "pid": "본관(5층) 4층-21",
    "school": "여의도중학교",
    "jibun": "40-1",
    "kind": "교사동 창면",
    "dong": "본관(5층)",
    "facade": "본관(5층)",
    "floor": 4,
    "source": "도면기준",
    "z_m": 13.5,
    "normal_az": 230.8,
    "s1_total_h": 5.33,
    "s1_cont_h": 4.33,
    "s1_pass_a": true,
    "s1_pass_b": true,
    "s2_total_h": 4.67,
    "s2_cont_h": 2.67,
    "s2_pass_a": true,
    "s2_pass_b": true,
    "d_total_h": -0.66,
    "d_cont_h": -1.66,
    "change_cd": "keep_ok",
    "변화": "유지 충족"
   }
  },
  {
   "type": "Feature",
   "geometry": {
    "type": "Point",
    "coordinates": [
     126.93584658,
     37.52383643
    ]
   },
   "properties": {
    "pid": "본관(5층) 5층-21",
    "school": "여의도중학교",
    "jibun": "40-1",
    "kind": "교사동 창면",
    "dong": "본관(5층)",
    "facade": "본관(5층)",
    "floor": 5,
    "source": "도면기준",
    "z_m": 17.1,
    "normal_az": 230.8,
    "s1_total_h": 5.5,
    "s1_cont_h": 5.0,
    "s1_pass_a": true,
    "s1_pass_b": true,
    "s2_total_h": 4.83,
    "s2_cont_h": 2.67,
    "s2_pass_a": true,
    "s2_pass_b": true,
    "d_total_h": -0.67,
    "d_cont_h": -2.33,
    "change_cd": "keep_ok",
    "변화": "유지 충족"
   }
  },
  {
   "type": "Feature",
   "geometry": {
    "type": "Point",
    "coordinates": [
     126.93587234,
     37.52381129
    ]
   },
   "properties": {
    "pid": "본관(5층) 1층-18",
    "school": "여의도중학교",
    "jibun": "40-1",
    "kind": "교사동 창면",
    "dong": "본관(5층)",
    "facade": "본관(5층)",
    "floor": 1,
    "source": "도면기준",
    "z_m": 2.4,
    "normal_az": 230.8,
    "s1_total_h": 4.33,
    "s1_cont_h": 3.0,
    "s1_pass_a": true,
    "s1_pass_b": true,
    "s2_total_h": 4.0,
    "s2_cont_h": 2.67,
    "s2_pass_a": true,
    "s2_pass_b": true,
    "d_total_h": -0.33,
    "d_cont_h": -0.33,
    "change_cd": "keep_ok",
    "변화": "유지 충족"
   }
  },
  {
   "type": "Feature",
   "geometry": {
    "type": "Point",
    "coordinates": [
     126.93587234,
     37.52381129
    ]
   },
   "properties": {
    "pid": "본관(5층) 2층-22",
    "school": "여의도중학교",
    "jibun": "40-1",
    "kind": "교사동 창면",
    "dong": "본관(5층)",
    "facade": "본관(5층)",
    "floor": 2,
    "source": "도면기준",
    "z_m": 6.3,
    "normal_az": 230.8,
    "s1_total_h": 5.17,
    "s1_cont_h": 4.17,
    "s1_pass_a": true,
    "s1_pass_b": true,
    "s2_total_h": 4.5,
    "s2_cont_h": 2.67,
    "s2_pass_a": true,
    "s2_pass_b": true,
    "d_total_h": -0.67,
    "d_cont_h": -1.5,
    "change_cd": "keep_ok",
    "변화": "유지 충족"
   }
  },
  {
   "type": "Feature",
   "geometry": {
    "type": "Point",
    "coordinates": [
     126.93587234,
     37.52381129
    ]
   },
   "properties": {
    "pid": "본관(5층) 3층-22",
    "school": "여의도중학교",
    "jibun": "40-1",
    "kind": "교사동 창면",
    "dong": "본관(5층)",
    "facade": "본관(5층)",
    "floor": 3,
    "source": "도면기준",
    "z_m": 9.9,
    "normal_az": 230.8,
    "s1_total_h": 5.33,
    "s1_cont_h": 4.33,
    "s1_pass_a": true,
    "s1_pass_b": true,
    "s2_total_h": 4.67,
    "s2_cont_h": 2.67,
    "s2_pass_a": true,
    "s2_pass_b": true,
    "d_total_h": -0.66,
    "d_cont_h": -1.66,
    "change_cd": "keep_ok",
    "변화": "유지 충족"
   }
  },
  {
   "type": "Feature",
   "geometry": {
    "type": "Point",
    "coordinates": [
     126.93587234,
     37.52381129
    ]
   },
   "properties": {
    "pid": "본관(5층) 4층-22",
    "school": "여의도중학교",
    "jibun": "40-1",
    "kind": "교사동 창면",
    "dong": "본관(5층)",
    "facade": "본관(5층)",
    "floor": 4,
    "source": "도면기준",
    "z_m": 13.5,
    "normal_az": 230.8,
    "s1_total_h": 5.33,
    "s1_cont_h": 4.33,
    "s1_pass_a": true,
    "s1_pass_b": true,
    "s2_total_h": 4.67,
    "s2_cont_h": 2.67,
    "s2_pass_a": true,
    "s2_pass_b": true,
    "d_total_h": -0.66,
    "d_cont_h": -1.66,
    "change_cd": "keep_ok",
    "변화": "유지 충족"
   }
  },
  {
   "type": "Feature",
   "geometry": {
    "type": "Point",
    "coordinates": [
     126.93587234,
     37.52381129
    ]
   },
   "properties": {
    "pid": "본관(5층) 5층-22",
    "school": "여의도중학교",
    "jibun": "40-1",
    "kind": "교사동 창면",
    "dong": "본관(5층)",
    "facade": "본관(5층)",
    "floor": 5,
    "source": "도면기준",
    "z_m": 17.1,
    "normal_az": 230.8,
    "s1_total_h": 5.5,
    "s1_cont_h": 5.0,
    "s1_pass_a": true,
    "s1_pass_b": true,
    "s2_total_h": 5.0,
    "s2_cont_h": 2.83,
    "s2_pass_a": true,
    "s2_pass_b": true,
    "d_total_h": -0.5,
    "d_cont_h": -2.17,
    "change_cd": "keep_ok",
    "변화": "유지 충족"
   }
  },
  {
   "type": "Feature",
   "geometry": {
    "type": "Point",
    "coordinates": [
     126.93591096,
     37.52377361
    ]
   },
   "properties": {
    "pid": "본관(5층) 1층-19",
    "school": "여의도중학교",
    "jibun": "40-1",
    "kind": "교사동 창면",
    "dong": "본관(5층)",
    "facade": "본관(5층)",
    "floor": 1,
    "source": "도면기준",
    "z_m": 2.4,
    "normal_az": 230.8,
    "s1_total_h": 2.5,
    "s1_cont_h": 2.0,
    "s1_pass_a": true,
    "s1_pass_b": true,
    "s2_total_h": 2.5,
    "s2_cont_h": 2.0,
    "s2_pass_a": true,
    "s2_pass_b": true,
    "d_total_h": 0.0,
    "d_cont_h": 0.0,
    "change_cd": "keep_ok",
    "변화": "유지 충족"
   }
  },
  {
   "type": "Feature",
   "geometry": {
    "type": "Point",
    "coordinates": [
     126.93591096,
     37.52377361
    ]
   },
   "properties": {
    "pid": "본관(5층) 2층-23",
    "school": "여의도중학교",
    "jibun": "40-1",
    "kind": "교사동 창면",
    "dong": "본관(5층)",
    "facade": "본관(5층)",
    "floor": 2,
    "source": "도면기준",
    "z_m": 6.3,
    "normal_az": 230.8,
    "s1_total_h": 5.17,
    "s1_cont_h": 4.17,
    "s1_pass_a": true,
    "s1_pass_b": true,
    "s2_total_h": 4.33,
    "s2_cont_h": 2.67,
    "s2_pass_a": true,
    "s2_pass_b": true,
    "d_total_h": -0.84,
    "d_cont_h": -1.5,
    "change_cd": "keep_ok",
    "변화": "유지 충족"
   }
  },
  {
   "type": "Feature",
   "geometry": {
    "type": "Point",
    "coordinates": [
     126.93591096,
     37.52377361
    ]
   },
   "properties": {
    "pid": "본관(5층) 3층-23",
    "school": "여의도중학교",
    "jibun": "40-1",
    "kind": "교사동 창면",
    "dong": "본관(5층)",
    "facade": "본관(5층)",
    "floor": 3,
    "source": "도면기준",
    "z_m": 9.9,
    "normal_az": 230.8,
    "s1_total_h": 5.33,
    "s1_cont_h": 4.33,
    "s1_pass_a": true,
    "s1_pass_b": true,
    "s2_total_h": 4.5,
    "s2_cont_h": 2.67,
    "s2_pass_a": true,
    "s2_pass_b": true,
    "d_total_h": -0.83,
    "d_cont_h": -1.66,
    "change_cd": "keep_ok",
    "변화": "유지 충족"
   }
  },
  {
   "type": "Feature",
   "geometry": {
    "type": "Point",
    "coordinates": [
     126.93591096,
     37.52377361
    ]
   },
   "properties": {
    "pid": "본관(5층) 4층-23",
    "school": "여의도중학교",
    "jibun": "40-1",
    "kind": "교사동 창면",
    "dong": "본관(5층)",
    "facade": "본관(5층)",
    "floor": 4,
    "source": "도면기준",
    "z_m": 13.5,
    "normal_az": 230.8,
    "s1_total_h": 5.33,
    "s1_cont_h": 4.33,
    "s1_pass_a": true,
    "s1_pass_b": true,
    "s2_total_h": 4.67,
    "s2_cont_h": 2.83,
    "s2_pass_a": true,
    "s2_pass_b": true,
    "d_total_h": -0.66,
    "d_cont_h": -1.5,
    "change_cd": "keep_ok",
    "변화": "유지 충족"
   }
  },
  {
   "type": "Feature",
   "geometry": {
    "type": "Point",
    "coordinates": [
     126.93591096,
     37.52377361
    ]
   },
   "properties": {
    "pid": "본관(5층) 5층-23",
    "school": "여의도중학교",
    "jibun": "40-1",
    "kind": "교사동 창면",
    "dong": "본관(5층)",
    "facade": "본관(5층)",
    "floor": 5,
    "source": "도면기준",
    "z_m": 17.1,
    "normal_az": 230.8,
    "s1_total_h": 5.5,
    "s1_cont_h": 4.5,
    "s1_pass_a": true,
    "s1_pass_b": true,
    "s2_total_h": 4.83,
    "s2_cont_h": 2.83,
    "s2_pass_a": true,
    "s2_pass_b": true,
    "d_total_h": -0.67,
    "d_cont_h": -1.67,
    "change_cd": "keep_ok",
    "변화": "유지 충족"
   }
  },
  {
   "type": "Feature",
   "geometry": {
    "type": "Point",
    "coordinates": [
     126.93593672,
     37.52374847
    ]
   },
   "properties": {
    "pid": "본관(5층) 1층-20",
    "school": "여의도중학교",
    "jibun": "40-1",
    "kind": "교사동 창면",
    "dong": "본관(5층)",
    "facade": "본관(5층)",
    "floor": 1,
    "source": "도면기준",
    "z_m": 2.4,
    "normal_az": 230.8,
    "s1_total_h": 2.17,
    "s1_cont_h": 1.83,
    "s1_pass_a": false,
    "s1_pass_b": false,
    "s2_total_h": 2.17,
    "s2_cont_h": 1.83,
    "s2_pass_a": false,
    "s2_pass_b": false,
    "d_total_h": 0.0,
    "d_cont_h": 0.0,
    "change_cd": "keep_fail",
    "변화": "유지 불충족"
   }
  },
  {
   "type": "Feature",
   "geometry": {
    "type": "Point",
    "coordinates": [
     126.93593672,
     37.52374847
    ]
   },
   "properties": {
    "pid": "본관(5층) 2층-24",
    "school": "여의도중학교",
    "jibun": "40-1",
    "kind": "교사동 창면",
    "dong": "본관(5층)",
    "facade": "본관(5층)",
    "floor": 2,
    "source": "도면기준",
    "z_m": 6.3,
    "normal_az": 230.8,
    "s1_total_h": 4.17,
    "s1_cont_h": 3.67,
    "s1_pass_a": true,
    "s1_pass_b": true,
    "s2_total_h": 3.33,
    "s2_cont_h": 2.67,
    "s2_pass_a": true,
    "s2_pass_b": true,
    "d_total_h": -0.84,
    "d_cont_h": -1.0,
    "change_cd": "keep_ok",
    "변화": "유지 충족"
   }
  },
  {
   "type": "Feature",
   "geometry": {
    "type": "Point",
    "coordinates": [
     126.93593672,
     37.52374847
    ]
   },
   "properties": {
    "pid": "본관(5층) 3층-24",
    "school": "여의도중학교",
    "jibun": "40-1",
    "kind": "교사동 창면",
    "dong": "본관(5층)",
    "facade": "본관(5층)",
    "floor": 3,
    "source": "도면기준",
    "z_m": 9.9,
    "normal_az": 230.8,
    "s1_total_h": 5.33,
    "s1_cont_h": 4.33,
    "s1_pass_a": true,
    "s1_pass_b": true,
    "s2_total_h": 4.67,
    "s2_cont_h": 2.83,
    "s2_pass_a": true,
    "s2_pass_b": true,
    "d_total_h": -0.66,
    "d_cont_h": -1.5,
    "change_cd": "keep_ok",
    "변화": "유지 충족"
   }
  },
  {
   "type": "Feature",
   "geometry": {
    "type": "Point",
    "coordinates": [
     126.93593672,
     37.52374847
    ]
   },
   "properties": {
    "pid": "본관(5층) 4층-24",
    "school": "여의도중학교",
    "jibun": "40-1",
    "kind": "교사동 창면",
    "dong": "본관(5층)",
    "facade": "본관(5층)",
    "floor": 4,
    "source": "도면기준",
    "z_m": 13.5,
    "normal_az": 230.8,
    "s1_total_h": 5.33,
    "s1_cont_h": 4.33,
    "s1_pass_a": true,
    "s1_pass_b": true,
    "s2_total_h": 4.67,
    "s2_cont_h": 2.83,
    "s2_pass_a": true,
    "s2_pass_b": true,
    "d_total_h": -0.66,
    "d_cont_h": -1.5,
    "change_cd": "keep_ok",
    "변화": "유지 충족"
   }
  },
  {
   "type": "Feature",
   "geometry": {
    "type": "Point",
    "coordinates": [
     126.93593672,
     37.52374847
    ]
   },
   "properties": {
    "pid": "본관(5층) 5층-24",
    "school": "여의도중학교",
    "jibun": "40-1",
    "kind": "교사동 창면",
    "dong": "본관(5층)",
    "facade": "본관(5층)",
    "floor": 5,
    "source": "도면기준",
    "z_m": 17.1,
    "normal_az": 230.8,
    "s1_total_h": 5.5,
    "s1_cont_h": 4.5,
    "s1_pass_a": true,
    "s1_pass_b": true,
    "s2_total_h": 4.83,
    "s2_cont_h": 2.83,
    "s2_pass_a": true,
    "s2_pass_b": true,
    "d_total_h": -0.67,
    "d_cont_h": -1.67,
    "change_cd": "keep_ok",
    "변화": "유지 충족"
   }
  },
  {
   "type": "Feature",
   "geometry": {
    "type": "Point",
    "coordinates": [
     126.93597535,
     37.52371078
    ]
   },
   "properties": {
    "pid": "본관(5층) 1층-21",
    "school": "여의도중학교",
    "jibun": "40-1",
    "kind": "교사동 창면",
    "dong": "본관(5층)",
    "facade": "본관(5층)",
    "floor": 1,
    "source": "도면기준",
    "z_m": 2.4,
    "normal_az": 230.8,
    "s1_total_h": 2.0,
    "s1_cont_h": 2.0,
    "s1_pass_a": true,
    "s1_pass_b": true,
    "s2_total_h": 2.0,
    "s2_cont_h": 2.0,
    "s2_pass_a": true,
    "s2_pass_b": true,
    "d_total_h": 0.0,
    "d_cont_h": 0.0,
    "change_cd": "keep_ok",
    "변화": "유지 충족"
   }
  },
  {
   "type": "Feature",
   "geometry": {
    "type": "Point",
    "coordinates": [
     126.93597535,
     37.52371078
    ]
   },
   "properties": {
    "pid": "본관(5층) 2층-25",
    "school": "여의도중학교",
    "jibun": "40-1",
    "kind": "교사동 창면",
    "dong": "본관(5층)",
    "facade": "본관(5층)",
    "floor": 2,
    "source": "도면기준",
    "z_m": 6.3,
    "normal_az": 230.8,
    "s1_total_h": 2.83,
    "s1_cont_h": 2.83,
    "s1_pass_a": true,
    "s1_pass_b": true,
    "s2_total_h": 2.83,
    "s2_cont_h": 2.83,
    "s2_pass_a": true,
    "s2_pass_b": true,
    "d_total_h": 0.0,
    "d_cont_h": 0.0,
    "change_cd": "keep_ok",
    "변화": "유지 충족"
   }
  },
  {
   "type": "Feature",
   "geometry": {
    "type": "Point",
    "coordinates": [
     126.93597535,
     37.52371078
    ]
   },
   "properties": {
    "pid": "본관(5층) 3층-25",
    "school": "여의도중학교",
    "jibun": "40-1",
    "kind": "교사동 창면",
    "dong": "본관(5층)",
    "facade": "본관(5층)",
    "floor": 3,
    "source": "도면기준",
    "z_m": 9.9,
    "normal_az": 230.8,
    "s1_total_h": 4.5,
    "s1_cont_h": 4.33,
    "s1_pass_a": true,
    "s1_pass_b": true,
    "s2_total_h": 3.67,
    "s2_cont_h": 2.83,
    "s2_pass_a": true,
    "s2_pass_b": true,
    "d_total_h": -0.83,
    "d_cont_h": -1.5,
    "change_cd": "keep_ok",
    "변화": "유지 충족"
   }
  },
  {
   "type": "Feature",
   "geometry": {
    "type": "Point",
    "coordinates": [
     126.93597535,
     37.52371078
    ]
   },
   "properties": {
    "pid": "본관(5층) 4층-25",
    "school": "여의도중학교",
    "jibun": "40-1",
    "kind": "교사동 창면",
    "dong": "본관(5층)",
    "facade": "본관(5층)",
    "floor": 4,
    "source": "도면기준",
    "z_m": 13.5,
    "normal_az": 230.8,
    "s1_total_h": 5.17,
    "s1_cont_h": 4.33,
    "s1_pass_a": true,
    "s1_pass_b": true,
    "s2_total_h": 4.33,
    "s2_cont_h": 2.83,
    "s2_pass_a": true,
    "s2_pass_b": true,
    "d_total_h": -0.84,
    "d_cont_h": -1.5,
    "change_cd": "keep_ok",
    "변화": "유지 충족"
   }
  },
  {
   "type": "Feature",
   "geometry": {
    "type": "Point",
    "coordinates": [
     126.93597535,
     37.52371078
    ]
   },
   "properties": {
    "pid": "본관(5층) 5층-25",
    "school": "여의도중학교",
    "jibun": "40-1",
    "kind": "교사동 창면",
    "dong": "본관(5층)",
    "facade": "본관(5층)",
    "floor": 5,
    "source": "도면기준",
    "z_m": 17.1,
    "normal_az": 230.8,
    "s1_total_h": 5.33,
    "s1_cont_h": 4.5,
    "s1_pass_a": true,
    "s1_pass_b": true,
    "s2_total_h": 4.5,
    "s2_cont_h": 2.83,
    "s2_pass_a": true,
    "s2_pass_b": true,
    "d_total_h": -0.83,
    "d_cont_h": -1.67,
    "change_cd": "keep_ok",
    "변화": "유지 충족"
   }
  },
  {
   "type": "Feature",
   "geometry": {
    "type": "Point",
    "coordinates": [
     126.93600109,
     37.52368566
    ]
   },
   "properties": {
    "pid": "본관(5층) 1층-22",
    "school": "여의도중학교",
    "jibun": "40-1",
    "kind": "교사동 창면",
    "dong": "본관(5층)",
    "facade": "본관(5층)",
    "floor": 1,
    "source": "도면기준",
    "z_m": 2.4,
    "normal_az": 230.8,
    "s1_total_h": 2.17,
    "s1_cont_h": 2.17,
    "s1_pass_a": true,
    "s1_pass_b": true,
    "s2_total_h": 2.17,
    "s2_cont_h": 2.17,
    "s2_pass_a": true,
    "s2_pass_b": true,
    "d_total_h": 0.0,
    "d_cont_h": 0.0,
    "change_cd": "keep_ok",
    "변화": "유지 충족"
   }
  },
  {
   "type": "Feature",
   "geometry": {
    "type": "Point",
    "coordinates": [
     126.93600109,
     37.52368566
    ]
   },
   "properties": {
    "pid": "본관(5층) 2층-26",
    "school": "여의도중학교",
    "jibun": "40-1",
    "kind": "교사동 창면",
    "dong": "본관(5층)",
    "facade": "본관(5층)",
    "floor": 2,
    "source": "도면기준",
    "z_m": 6.3,
    "normal_az": 230.8,
    "s1_total_h": 2.83,
    "s1_cont_h": 2.83,
    "s1_pass_a": true,
    "s1_pass_b": true,
    "s2_total_h": 2.83,
    "s2_cont_h": 2.83,
    "s2_pass_a": true,
    "s2_pass_b": true,
    "d_total_h": 0.0,
    "d_cont_h": 0.0,
    "change_cd": "keep_ok",
    "변화": "유지 충족"
   }
  },
  {
   "type": "Feature",
   "geometry": {
    "type": "Point",
    "coordinates": [
     126.93600109,
     37.52368566
    ]
   },
   "properties": {
    "pid": "본관(5층) 3층-26",
    "school": "여의도중학교",
    "jibun": "40-1",
    "kind": "교사동 창면",
    "dong": "본관(5층)",
    "facade": "본관(5층)",
    "floor": 3,
    "source": "도면기준",
    "z_m": 9.9,
    "normal_az": 230.8,
    "s1_total_h": 4.33,
    "s1_cont_h": 4.33,
    "s1_pass_a": true,
    "s1_pass_b": true,
    "s2_total_h": 3.33,
    "s2_cont_h": 2.83,
    "s2_pass_a": true,
    "s2_pass_b": true,
    "d_total_h": -1.0,
    "d_cont_h": -1.5,
    "change_cd": "keep_ok",
    "변화": "유지 충족"
   }
  },
  {
   "type": "Feature",
   "geometry": {
    "type": "Point",
    "coordinates": [
     126.93600109,
     37.52368566
    ]
   },
   "properties": {
    "pid": "본관(5층) 4층-26",
    "school": "여의도중학교",
    "jibun": "40-1",
    "kind": "교사동 창면",
    "dong": "본관(5층)",
    "facade": "본관(5층)",
    "floor": 4,
    "source": "도면기준",
    "z_m": 13.5,
    "normal_az": 230.8,
    "s1_total_h": 5.17,
    "s1_cont_h": 4.33,
    "s1_pass_a": true,
    "s1_pass_b": true,
    "s2_total_h": 4.17,
    "s2_cont_h": 2.83,
    "s2_pass_a": true,
    "s2_pass_b": true,
    "d_total_h": -1.0,
    "d_cont_h": -1.5,
    "change_cd": "keep_ok",
    "변화": "유지 충족"
   }
  },
  {
   "type": "Feature",
   "geometry": {
    "type": "Point",
    "coordinates": [
     126.93600109,
     37.52368566
    ]
   },
   "properties": {
    "pid": "본관(5층) 5층-26",
    "school": "여의도중학교",
    "jibun": "40-1",
    "kind": "교사동 창면",
    "dong": "본관(5층)",
    "facade": "본관(5층)",
    "floor": 5,
    "source": "도면기준",
    "z_m": 17.1,
    "normal_az": 230.8,
    "s1_total_h": 5.33,
    "s1_cont_h": 4.5,
    "s1_pass_a": true,
    "s1_pass_b": true,
    "s2_total_h": 4.5,
    "s2_cont_h": 3.0,
    "s2_pass_a": true,
    "s2_pass_b": true,
    "d_total_h": -0.83,
    "d_cont_h": -1.5,
    "change_cd": "keep_ok",
    "변화": "유지 충족"
   }
  },
  {
   "type": "Feature",
   "geometry": {
    "type": "Point",
    "coordinates": [
     126.93603972,
     37.52364796
    ]
   },
   "properties": {
    "pid": "본관(5층) 1층-23",
    "school": "여의도중학교",
    "jibun": "40-1",
    "kind": "교사동 창면",
    "dong": "본관(5층)",
    "facade": "본관(5층)",
    "floor": 1,
    "source": "도면기준",
    "z_m": 2.4,
    "normal_az": 230.8,
    "s1_total_h": 2.33,
    "s1_cont_h": 2.33,
    "s1_pass_a": true,
    "s1_pass_b": true,
    "s2_total_h": 2.33,
    "s2_cont_h": 2.33,
    "s2_pass_a": true,
    "s2_pass_b": true,
    "d_total_h": 0.0,
    "d_cont_h": 0.0,
    "change_cd": "keep_ok",
    "변화": "유지 충족"
   }
  },
  {
   "type": "Feature",
   "geometry": {
    "type": "Point",
    "coordinates": [
     126.93603972,
     37.52364796
    ]
   },
   "properties": {
    "pid": "본관(5층) 2층-27",
    "school": "여의도중학교",
    "jibun": "40-1",
    "kind": "교사동 창면",
    "dong": "본관(5층)",
    "facade": "본관(5층)",
    "floor": 2,
    "source": "도면기준",
    "z_m": 6.3,
    "normal_az": 230.8,
    "s1_total_h": 3.0,
    "s1_cont_h": 3.0,
    "s1_pass_a": true,
    "s1_pass_b": true,
    "s2_total_h": 2.83,
    "s2_cont_h": 2.83,
    "s2_pass_a": true,
    "s2_pass_b": true,
    "d_total_h": -0.17,
    "d_cont_h": -0.17,
    "change_cd": "keep_ok",
    "변화": "유지 충족"
   }
  },
  {
   "type": "Feature",
   "geometry": {
    "type": "Point",
    "coordinates": [
     126.93603972,
     37.52364796
    ]
   },
   "properties": {
    "pid": "본관(5층) 3층-27",
    "school": "여의도중학교",
    "jibun": "40-1",
    "kind": "교사동 창면",
    "dong": "본관(5층)",
    "facade": "본관(5층)",
    "floor": 3,
    "source": "도면기준",
    "z_m": 9.9,
    "normal_az": 230.8,
    "s1_total_h": 4.33,
    "s1_cont_h": 4.33,
    "s1_pass_a": true,
    "s1_pass_b": true,
    "s2_total_h": 3.33,
    "s2_cont_h": 2.83,
    "s2_pass_a": true,
    "s2_pass_b": true,
    "d_total_h": -1.0,
    "d_cont_h": -1.5,
    "change_cd": "keep_ok",
    "변화": "유지 충족"
   }
  },
  {
   "type": "Feature",
   "geometry": {
    "type": "Point",
    "coordinates": [
     126.93603972,
     37.52364796
    ]
   },
   "properties": {
    "pid": "본관(5층) 4층-27",
    "school": "여의도중학교",
    "jibun": "40-1",
    "kind": "교사동 창면",
    "dong": "본관(5층)",
    "facade": "본관(5층)",
    "floor": 4,
    "source": "도면기준",
    "z_m": 13.5,
    "normal_az": 230.8,
    "s1_total_h": 5.0,
    "s1_cont_h": 4.5,
    "s1_pass_a": true,
    "s1_pass_b": true,
    "s2_total_h": 4.17,
    "s2_cont_h": 3.0,
    "s2_pass_a": true,
    "s2_pass_b": true,
    "d_total_h": -0.83,
    "d_cont_h": -1.5,
    "change_cd": "keep_ok",
    "변화": "유지 충족"
   }
  },
  {
   "type": "Feature",
   "geometry": {
    "type": "Point",
    "coordinates": [
     126.93603972,
     37.52364796
    ]
   },
   "properties": {
    "pid": "본관(5층) 5층-27",
    "school": "여의도중학교",
    "jibun": "40-1",
    "kind": "교사동 창면",
    "dong": "본관(5층)",
    "facade": "본관(5층)",
    "floor": 5,
    "source": "도면기준",
    "z_m": 17.1,
    "normal_az": 230.8,
    "s1_total_h": 5.0,
    "s1_cont_h": 4.5,
    "s1_pass_a": true,
    "s1_pass_b": true,
    "s2_total_h": 4.17,
    "s2_cont_h": 3.0,
    "s2_pass_a": true,
    "s2_pass_b": true,
    "d_total_h": -0.83,
    "d_cont_h": -1.5,
    "change_cd": "keep_ok",
    "변화": "유지 충족"
   }
  },
  {
   "type": "Feature",
   "geometry": {
    "type": "Point",
    "coordinates": [
     126.93606547,
     37.52362283
    ]
   },
   "properties": {
    "pid": "본관(5층) 1층-24",
    "school": "여의도중학교",
    "jibun": "40-1",
    "kind": "교사동 창면",
    "dong": "본관(5층)",
    "facade": "본관(5층)",
    "floor": 1,
    "source": "도면기준",
    "z_m": 2.4,
    "normal_az": 230.8,
    "s1_total_h": 2.67,
    "s1_cont_h": 2.67,
    "s1_pass_a": true,
    "s1_pass_b": true,
    "s2_total_h": 2.67,
    "s2_cont_h": 2.67,
    "s2_pass_a": true,
    "s2_pass_b": true,
    "d_total_h": 0.0,
    "d_cont_h": 0.0,
    "change_cd": "keep_ok",
    "변화": "유지 충족"
   }
  },
  {
   "type": "Feature",
   "geometry": {
    "type": "Point",
    "coordinates": [
     126.93606547,
     37.52362283
    ]
   },
   "properties": {
    "pid": "본관(5층) 2층-28",
    "school": "여의도중학교",
    "jibun": "40-1",
    "kind": "교사동 창면",
    "dong": "본관(5층)",
    "facade": "본관(5층)",
    "floor": 2,
    "source": "도면기준",
    "z_m": 6.3,
    "normal_az": 230.8,
    "s1_total_h": 3.17,
    "s1_cont_h": 3.17,
    "s1_pass_a": true,
    "s1_pass_b": true,
    "s2_total_h": 2.83,
    "s2_cont_h": 2.83,
    "s2_pass_a": true,
    "s2_pass_b": true,
    "d_total_h": -0.34,
    "d_cont_h": -0.34,
    "change_cd": "keep_ok",
    "변화": "유지 충족"
   }
  },
  {
   "type": "Feature",
   "geometry": {
    "type": "Point",
    "coordinates": [
     126.93606547,
     37.52362283
    ]
   },
   "properties": {
    "pid": "본관(5층) 3층-28",
    "school": "여의도중학교",
    "jibun": "40-1",
    "kind": "교사동 창면",
    "dong": "본관(5층)",
    "facade": "본관(5층)",
    "floor": 3,
    "source": "도면기준",
    "z_m": 9.9,
    "normal_az": 230.8,
    "s1_total_h": 4.33,
    "s1_cont_h": 4.33,
    "s1_pass_a": true,
    "s1_pass_b": true,
    "s2_total_h": 3.17,
    "s2_cont_h": 2.83,
    "s2_pass_a": true,
    "s2_pass_b": true,
    "d_total_h": -1.16,
    "d_cont_h": -1.5,
    "change_cd": "keep_ok",
    "변화": "유지 충족"
   }
  },
  {
   "type": "Feature",
   "geometry": {
    "type": "Point",
    "coordinates": [
     126.93606547,
     37.52362283
    ]
   },
   "properties": {
    "pid": "본관(5층) 4층-28",
    "school": "여의도중학교",
    "jibun": "40-1",
    "kind": "교사동 창면",
    "dong": "본관(5층)",
    "facade": "본관(5층)",
    "floor": 4,
    "source": "도면기준",
    "z_m": 13.5,
    "normal_az": 230.8,
    "s1_total_h": 5.0,
    "s1_cont_h": 4.5,
    "s1_pass_a": true,
    "s1_pass_b": true,
    "s2_total_h": 4.0,
    "s2_cont_h": 3.0,
    "s2_pass_a": true,
    "s2_pass_b": true,
    "d_total_h": -1.0,
    "d_cont_h": -1.5,
    "change_cd": "keep_ok",
    "변화": "유지 충족"
   }
  },
  {
   "type": "Feature",
   "geometry": {
    "type": "Point",
    "coordinates": [
     126.93606547,
     37.52362283
    ]
   },
   "properties": {
    "pid": "본관(5층) 5층-28",
    "school": "여의도중학교",
    "jibun": "40-1",
    "kind": "교사동 창면",
    "dong": "본관(5층)",
    "facade": "본관(5층)",
    "floor": 5,
    "source": "도면기준",
    "z_m": 17.1,
    "normal_az": 230.8,
    "s1_total_h": 5.17,
    "s1_cont_h": 4.5,
    "s1_pass_a": true,
    "s1_pass_b": true,
    "s2_total_h": 4.17,
    "s2_cont_h": 3.0,
    "s2_pass_a": true,
    "s2_pass_b": true,
    "d_total_h": -1.0,
    "d_cont_h": -1.5,
    "change_cd": "keep_ok",
    "변화": "유지 충족"
   }
  },
  {
   "type": "Feature",
   "geometry": {
    "type": "Point",
    "coordinates": [
     126.9361041,
     37.52358514
    ]
   },
   "properties": {
    "pid": "본관(5층) 1층-25",
    "school": "여의도중학교",
    "jibun": "40-1",
    "kind": "교사동 창면",
    "dong": "본관(5층)",
    "facade": "본관(5층)",
    "floor": 1,
    "source": "도면기준",
    "z_m": 2.4,
    "normal_az": 230.8,
    "s1_total_h": 3.0,
    "s1_cont_h": 3.0,
    "s1_pass_a": true,
    "s1_pass_b": true,
    "s2_total_h": 3.0,
    "s2_cont_h": 3.0,
    "s2_pass_a": true,
    "s2_pass_b": true,
    "d_total_h": 0.0,
    "d_cont_h": 0.0,
    "change_cd": "keep_ok",
    "변화": "유지 충족"
   }
  },
  {
   "type": "Feature",
   "geometry": {
    "type": "Point",
    "coordinates": [
     126.9361041,
     37.52358514
    ]
   },
   "properties": {
    "pid": "본관(5층) 2층-29",
    "school": "여의도중학교",
    "jibun": "40-1",
    "kind": "교사동 창면",
    "dong": "본관(5층)",
    "facade": "본관(5층)",
    "floor": 2,
    "source": "도면기준",
    "z_m": 6.3,
    "normal_az": 230.8,
    "s1_total_h": 3.5,
    "s1_cont_h": 3.5,
    "s1_pass_a": true,
    "s1_pass_b": true,
    "s2_total_h": 3.0,
    "s2_cont_h": 3.0,
    "s2_pass_a": true,
    "s2_pass_b": true,
    "d_total_h": -0.5,
    "d_cont_h": -0.5,
    "change_cd": "keep_ok",
    "변화": "유지 충족"
   }
  },
  {
   "type": "Feature",
   "geometry": {
    "type": "Point",
    "coordinates": [
     126.9361041,
     37.52358514
    ]
   },
   "properties": {
    "pid": "본관(5층) 3층-29",
    "school": "여의도중학교",
    "jibun": "40-1",
    "kind": "교사동 창면",
    "dong": "본관(5층)",
    "facade": "본관(5층)",
    "floor": 3,
    "source": "도면기준",
    "z_m": 9.9,
    "normal_az": 230.8,
    "s1_total_h": 4.5,
    "s1_cont_h": 4.5,
    "s1_pass_a": true,
    "s1_pass_b": true,
    "s2_total_h": 3.5,
    "s2_cont_h": 3.0,
    "s2_pass_a": true,
    "s2_pass_b": true,
    "d_total_h": -1.0,
    "d_cont_h": -1.5,
    "change_cd": "keep_ok",
    "변화": "유지 충족"
   }
  },
  {
   "type": "Feature",
   "geometry": {
    "type": "Point",
    "coordinates": [
     126.9361041,
     37.52358514
    ]
   },
   "properties": {
    "pid": "본관(5층) 4층-29",
    "school": "여의도중학교",
    "jibun": "40-1",
    "kind": "교사동 창면",
    "dong": "본관(5층)",
    "facade": "본관(5층)",
    "floor": 4,
    "source": "도면기준",
    "z_m": 13.5,
    "normal_az": 230.8,
    "s1_total_h": 5.0,
    "s1_cont_h": 4.5,
    "s1_pass_a": true,
    "s1_pass_b": true,
    "s2_total_h": 4.0,
    "s2_cont_h": 3.0,
    "s2_pass_a": true,
    "s2_pass_b": true,
    "d_total_h": -1.0,
    "d_cont_h": -1.5,
    "change_cd": "keep_ok",
    "변화": "유지 충족"
   }
  },
  {
   "type": "Feature",
   "geometry": {
    "type": "Point",
    "coordinates": [
     126.9361041,
     37.52358514
    ]
   },
   "properties": {
    "pid": "본관(5층) 5층-29",
    "school": "여의도중학교",
    "jibun": "40-1",
    "kind": "교사동 창면",
    "dong": "본관(5층)",
    "facade": "본관(5층)",
    "floor": 5,
    "source": "도면기준",
    "z_m": 17.1,
    "normal_az": 230.8,
    "s1_total_h": 5.17,
    "s1_cont_h": 4.5,
    "s1_pass_a": true,
    "s1_pass_b": true,
    "s2_total_h": 4.17,
    "s2_cont_h": 3.0,
    "s2_pass_a": true,
    "s2_pass_b": true,
    "d_total_h": -1.0,
    "d_cont_h": -1.5,
    "change_cd": "keep_ok",
    "변화": "유지 충족"
   }
  },
  {
   "type": "Feature",
   "geometry": {
    "type": "Point",
    "coordinates": [
     126.93612985,
     37.52356001
    ]
   },
   "properties": {
    "pid": "본관(5층) 4층-30",
    "school": "여의도중학교",
    "jibun": "40-1",
    "kind": "교사동 창면",
    "dong": "본관(5층)",
    "facade": "본관(5층)",
    "floor": 4,
    "source": "도면기준",
    "z_m": 13.5,
    "normal_az": 230.8,
    "s1_total_h": 4.83,
    "s1_cont_h": 4.5,
    "s1_pass_a": true,
    "s1_pass_b": true,
    "s2_total_h": 3.67,
    "s2_cont_h": 3.0,
    "s2_pass_a": true,
    "s2_pass_b": true,
    "d_total_h": -1.16,
    "d_cont_h": -1.5,
    "change_cd": "keep_ok",
    "변화": "유지 충족"
   }
  },
  {
   "type": "Feature",
   "geometry": {
    "type": "Point",
    "coordinates": [
     126.93612985,
     37.52356001
    ]
   },
   "properties": {
    "pid": "본관(5층) 5층-30",
    "school": "여의도중학교",
    "jibun": "40-1",
    "kind": "교사동 창면",
    "dong": "본관(5층)",
    "facade": "본관(5층)",
    "floor": 5,
    "source": "도면기준",
    "z_m": 17.1,
    "normal_az": 230.8,
    "s1_total_h": 4.83,
    "s1_cont_h": 4.5,
    "s1_pass_a": true,
    "s1_pass_b": true,
    "s2_total_h": 3.83,
    "s2_cont_h": 3.17,
    "s2_pass_a": true,
    "s2_pass_b": true,
    "d_total_h": -1.0,
    "d_cont_h": -1.33,
    "change_cd": "keep_ok",
    "변화": "유지 충족"
   }
  },
  {
   "type": "Feature",
   "geometry": {
    "type": "Point",
    "coordinates": [
     126.93616848,
     37.52352231
    ]
   },
   "properties": {
    "pid": "본관(5층) 1층-26",
    "school": "여의도중학교",
    "jibun": "40-1",
    "kind": "교사동 창면",
    "dong": "본관(5층)",
    "facade": "본관(5층)",
    "floor": 1,
    "source": "도면기준",
    "z_m": 2.4,
    "normal_az": 230.8,
    "s1_total_h": 3.5,
    "s1_cont_h": 3.5,
    "s1_pass_a": true,
    "s1_pass_b": true,
    "s2_total_h": 3.17,
    "s2_cont_h": 3.17,
    "s2_pass_a": true,
    "s2_pass_b": true,
    "d_total_h": -0.33,
    "d_cont_h": -0.33,
    "change_cd": "keep_ok",
    "변화": "유지 충족"
   }
  },
  {
   "type": "Feature",
   "geometry": {
    "type": "Point",
    "coordinates": [
     126.93616848,
     37.52352231
    ]
   },
   "properties": {
    "pid": "본관(5층) 2층-30",
    "school": "여의도중학교",
    "jibun": "40-1",
    "kind": "교사동 창면",
    "dong": "본관(5층)",
    "facade": "본관(5층)",
    "floor": 2,
    "source": "도면기준",
    "z_m": 6.3,
    "normal_az": 230.8,
    "s1_total_h": 4.0,
    "s1_cont_h": 4.0,
    "s1_pass_a": true,
    "s1_pass_b": true,
    "s2_total_h": 3.17,
    "s2_cont_h": 3.17,
    "s2_pass_a": true,
    "s2_pass_b": true,
    "d_total_h": -0.83,
    "d_cont_h": -0.83,
    "change_cd": "keep_ok",
    "변화": "유지 충족"
   }
  },
  {
   "type": "Feature",
   "geometry": {
    "type": "Point",
    "coordinates": [
     126.93616848,
     37.52352231
    ]
   },
   "properties": {
    "pid": "본관(5층) 3층-30",
    "school": "여의도중학교",
    "jibun": "40-1",
    "kind": "교사동 창면",
    "dong": "본관(5층)",
    "facade": "본관(5층)",
    "floor": 3,
    "source": "도면기준",
    "z_m": 9.9,
    "normal_az": 230.8,
    "s1_total_h": 4.67,
    "s1_cont_h": 4.67,
    "s1_pass_a": true,
    "s1_pass_b": true,
    "s2_total_h": 3.5,
    "s2_cont_h": 3.17,
    "s2_pass_a": true,
    "s2_pass_b": true,
    "d_total_h": -1.17,
    "d_cont_h": -1.5,
    "change_cd": "keep_ok",
    "변화": "유지 충족"
   }
  },
  {
   "type": "Feature",
   "geometry": {
    "type": "Point",
    "coordinates": [
     126.93616848,
     37.52352231
    ]
   },
   "properties": {
    "pid": "본관(5층) 4층-31",
    "school": "여의도중학교",
    "jibun": "40-1",
    "kind": "교사동 창면",
    "dong": "본관(5층)",
    "facade": "본관(5층)",
    "floor": 4,
    "source": "도면기준",
    "z_m": 13.5,
    "normal_az": 230.8,
    "s1_total_h": 5.17,
    "s1_cont_h": 4.67,
    "s1_pass_a": true,
    "s1_pass_b": true,
    "s2_total_h": 4.0,
    "s2_cont_h": 3.17,
    "s2_pass_a": true,
    "s2_pass_b": true,
    "d_total_h": -1.17,
    "d_cont_h": -1.5,
    "change_cd": "keep_ok",
    "변화": "유지 충족"
   }
  },
  {
   "type": "Feature",
   "geometry": {
    "type": "Point",
    "coordinates": [
     126.93616848,
     37.52352231
    ]
   },
   "properties": {
    "pid": "본관(5층) 5층-31",
    "school": "여의도중학교",
    "jibun": "40-1",
    "kind": "교사동 창면",
    "dong": "본관(5층)",
    "facade": "본관(5층)",
    "floor": 5,
    "source": "도면기준",
    "z_m": 17.1,
    "normal_az": 230.8,
    "s1_total_h": 5.17,
    "s1_cont_h": 4.67,
    "s1_pass_a": true,
    "s1_pass_b": true,
    "s2_total_h": 4.0,
    "s2_cont_h": 3.17,
    "s2_pass_a": true,
    "s2_pass_b": true,
    "d_total_h": -1.17,
    "d_cont_h": -1.5,
    "change_cd": "keep_ok",
    "변화": "유지 충족"
   }
  },
  {
   "type": "Feature",
   "geometry": {
    "type": "Point",
    "coordinates": [
     126.93619422,
     37.52349719
    ]
   },
   "properties": {
    "pid": "본관(5층) 1층-27",
    "school": "여의도중학교",
    "jibun": "40-1",
    "kind": "교사동 창면",
    "dong": "본관(5층)",
    "facade": "본관(5층)",
    "floor": 1,
    "source": "도면기준",
    "z_m": 2.4,
    "normal_az": 230.8,
    "s1_total_h": 4.0,
    "s1_cont_h": 4.0,
    "s1_pass_a": true,
    "s1_pass_b": true,
    "s2_total_h": 3.17,
    "s2_cont_h": 3.17,
    "s2_pass_a": true,
    "s2_pass_b": true,
    "d_total_h": -0.83,
    "d_cont_h": -0.83,
    "change_cd": "keep_ok",
    "변화": "유지 충족"
   }
  },
  {
   "type": "Feature",
   "geometry": {
    "type": "Point",
    "coordinates": [
     126.93619422,
     37.52349719
    ]
   },
   "properties": {
    "pid": "본관(5층) 2층-31",
    "school": "여의도중학교",
    "jibun": "40-1",
    "kind": "교사동 창면",
    "dong": "본관(5층)",
    "facade": "본관(5층)",
    "floor": 2,
    "source": "도면기준",
    "z_m": 6.3,
    "normal_az": 230.8,
    "s1_total_h": 4.0,
    "s1_cont_h": 4.0,
    "s1_pass_a": true,
    "s1_pass_b": true,
    "s2_total_h": 3.17,
    "s2_cont_h": 3.17,
    "s2_pass_a": true,
    "s2_pass_b": true,
    "d_total_h": -0.83,
    "d_cont_h": -0.83,
    "change_cd": "keep_ok",
    "변화": "유지 충족"
   }
  },
  {
   "type": "Feature",
   "geometry": {
    "type": "Point",
    "coordinates": [
     126.93619422,
     37.52349719
    ]
   },
   "properties": {
    "pid": "본관(5층) 3층-31",
    "school": "여의도중학교",
    "jibun": "40-1",
    "kind": "교사동 창면",
    "dong": "본관(5층)",
    "facade": "본관(5층)",
    "floor": 3,
    "source": "도면기준",
    "z_m": 9.9,
    "normal_az": 230.8,
    "s1_total_h": 4.67,
    "s1_cont_h": 4.67,
    "s1_pass_a": true,
    "s1_pass_b": true,
    "s2_total_h": 3.5,
    "s2_cont_h": 3.17,
    "s2_pass_a": true,
    "s2_pass_b": true,
    "d_total_h": -1.17,
    "d_cont_h": -1.5,
    "change_cd": "keep_ok",
    "변화": "유지 충족"
   }
  },
  {
   "type": "Feature",
   "geometry": {
    "type": "Point",
    "coordinates": [
     126.93619422,
     37.52349719
    ]
   },
   "properties": {
    "pid": "본관(5층) 4층-32",
    "school": "여의도중학교",
    "jibun": "40-1",
    "kind": "교사동 창면",
    "dong": "본관(5층)",
    "facade": "본관(5층)",
    "floor": 4,
    "source": "도면기준",
    "z_m": 13.5,
    "normal_az": 230.8,
    "s1_total_h": 5.0,
    "s1_cont_h": 4.67,
    "s1_pass_a": true,
    "s1_pass_b": true,
    "s2_total_h": 3.83,
    "s2_cont_h": 3.17,
    "s2_pass_a": true,
    "s2_pass_b": true,
    "d_total_h": -1.17,
    "d_cont_h": -1.5,
    "change_cd": "keep_ok",
    "변화": "유지 충족"
   }
  },
  {
   "type": "Feature",
   "geometry": {
    "type": "Point",
    "coordinates": [
     126.93619422,
     37.52349719
    ]
   },
   "properties": {
    "pid": "본관(5층) 5층-32",
    "school": "여의도중학교",
    "jibun": "40-1",
    "kind": "교사동 창면",
    "dong": "본관(5층)",
    "facade": "본관(5층)",
    "floor": 5,
    "source": "도면기준",
    "z_m": 17.1,
    "normal_az": 230.8,
    "s1_total_h": 5.0,
    "s1_cont_h": 4.67,
    "s1_pass_a": true,
    "s1_pass_b": true,
    "s2_total_h": 3.83,
    "s2_cont_h": 3.17,
    "s2_pass_a": true,
    "s2_pass_b": true,
    "d_total_h": -1.17,
    "d_cont_h": -1.5,
    "change_cd": "keep_ok",
    "변화": "유지 충족"
   }
  },
  {
   "type": "Feature",
   "geometry": {
    "type": "Point",
    "coordinates": [
     126.93567989,
     37.52345668
    ]
   },
   "properties": {
    "pid": "체육관동(정보화센타) 1층-1",
    "school": "여의도중학교",
    "jibun": "40-1",
    "kind": "교사동 창면",
    "dong": "체육관동(정보화센타)",
    "facade": "체육관동(정보화센타)",
    "floor": 1,
    "source": "도면기준",
    "z_m": 2.05,
    "normal_az": 264.3,
    "s1_total_h": 0.0,
    "s1_cont_h": 0.0,
    "s1_pass_a": false,
    "s1_pass_b": false,
    "s2_total_h": 0.0,
    "s2_cont_h": 0.0,
    "s2_pass_a": false,
    "s2_pass_b": false,
    "d_total_h": 0.0,
    "d_cont_h": 0.0,
    "change_cd": "keep_fail",
    "변화": "유지 불충족"
   }
  },
  {
   "type": "Feature",
   "geometry": {
    "type": "Point",
    "coordinates": [
     126.93567989,
     37.52345668
    ]
   },
   "properties": {
    "pid": "체육관동(정보화센타) 2층-1",
    "school": "여의도중학교",
    "jibun": "40-1",
    "kind": "교사동 창면",
    "dong": "체육관동(정보화센타)",
    "facade": "체육관동(정보화센타)",
    "floor": 2,
    "source": "도면기준",
    "z_m": 5.95,
    "normal_az": 264.3,
    "s1_total_h": 0.17,
    "s1_cont_h": 0.17,
    "s1_pass_a": false,
    "s1_pass_b": false,
    "s2_total_h": 0.0,
    "s2_cont_h": 0.0,
    "s2_pass_a": false,
    "s2_pass_b": false,
    "d_total_h": -0.17,
    "d_cont_h": -0.17,
    "change_cd": "keep_fail",
    "변화": "유지 불충족"
   }
  },
  {
   "type": "Feature",
   "geometry": {
    "type": "Point",
    "coordinates": [
     126.93567989,
     37.52345668
    ]
   },
   "properties": {
    "pid": "체육관동(정보화센타) 3층-1",
    "school": "여의도중학교",
    "jibun": "40-1",
    "kind": "교사동 창면",
    "dong": "체육관동(정보화센타)",
    "facade": "체육관동(정보화센타)",
    "floor": 3,
    "source": "도면기준",
    "z_m": 9.55,
    "normal_az": 264.3,
    "s1_total_h": 1.67,
    "s1_cont_h": 1.67,
    "s1_pass_a": false,
    "s1_pass_b": false,
    "s2_total_h": 0.83,
    "s2_cont_h": 0.83,
    "s2_pass_a": false,
    "s2_pass_b": false,
    "d_total_h": -0.84,
    "d_cont_h": -0.84,
    "change_cd": "keep_fail",
    "변화": "유지 불충족"
   }
  },
  {
   "type": "Feature",
   "geometry": {
    "type": "Point",
    "coordinates": [
     126.93567989,
     37.52345668
    ]
   },
   "properties": {
    "pid": "체육관동(정보화센타) 4층-1",
    "school": "여의도중학교",
    "jibun": "40-1",
    "kind": "교사동 창면",
    "dong": "체육관동(정보화센타)",
    "facade": "체육관동(정보화센타)",
    "floor": 4,
    "source": "도면기준",
    "z_m": 13.15,
    "normal_az": 264.3,
    "s1_total_h": 2.5,
    "s1_cont_h": 1.67,
    "s1_pass_a": false,
    "s1_pass_b": false,
    "s2_total_h": 1.67,
    "s2_cont_h": 0.83,
    "s2_pass_a": false,
    "s2_pass_b": false,
    "d_total_h": -0.83,
    "d_cont_h": -0.84,
    "change_cd": "keep_fail",
    "변화": "유지 불충족"
   }
  },
  {
   "type": "Feature",
   "geometry": {
    "type": "Point",
    "coordinates": [
     126.93568568,
     37.52342359
    ]
   },
   "properties": {
    "pid": "체육관동(정보화센타) 1층-2",
    "school": "여의도중학교",
    "jibun": "40-1",
    "kind": "교사동 창면",
    "dong": "체육관동(정보화센타)",
    "facade": "체육관동(정보화센타)",
    "floor": 1,
    "source": "도면기준",
    "z_m": 2.05,
    "normal_az": 246.2,
    "s1_total_h": 0.0,
    "s1_cont_h": 0.0,
    "s1_pass_a": false,
    "s1_pass_b": false,
    "s2_total_h": 0.0,
    "s2_cont_h": 0.0,
    "s2_pass_a": false,
    "s2_pass_b": false,
    "d_total_h": 0.0,
    "d_cont_h": 0.0,
    "change_cd": "keep_fail",
    "변화": "유지 불충족"
   }
  },
  {
   "type": "Feature",
   "geometry": {
    "type": "Point",
    "coordinates": [
     126.93568568,
     37.52342359
    ]
   },
   "properties": {
    "pid": "체육관동(정보화센타) 2층-2",
    "school": "여의도중학교",
    "jibun": "40-1",
    "kind": "교사동 창면",
    "dong": "체육관동(정보화센타)",
    "facade": "체육관동(정보화센타)",
    "floor": 2,
    "source": "도면기준",
    "z_m": 5.95,
    "normal_az": 246.2,
    "s1_total_h": 0.83,
    "s1_cont_h": 0.83,
    "s1_pass_a": false,
    "s1_pass_b": false,
    "s2_total_h": 0.83,
    "s2_cont_h": 0.83,
    "s2_pass_a": false,
    "s2_pass_b": false,
    "d_total_h": 0.0,
    "d_cont_h": 0.0,
    "change_cd": "keep_fail",
    "변화": "유지 불충족"
   }
  },
  {
   "type": "Feature",
   "geometry": {
    "type": "Point",
    "coordinates": [
     126.93568568,
     37.52342359
    ]
   },
   "properties": {
    "pid": "체육관동(정보화센타) 3층-2",
    "school": "여의도중학교",
    "jibun": "40-1",
    "kind": "교사동 창면",
    "dong": "체육관동(정보화센타)",
    "facade": "체육관동(정보화센타)",
    "floor": 3,
    "source": "도면기준",
    "z_m": 9.55,
    "normal_az": 246.2,
    "s1_total_h": 2.33,
    "s1_cont_h": 2.33,
    "s1_pass_a": true,
    "s1_pass_b": true,
    "s2_total_h": 1.33,
    "s2_cont_h": 1.0,
    "s2_pass_a": false,
    "s2_pass_b": false,
    "d_total_h": -1.0,
    "d_cont_h": -1.33,
    "change_cd": "new_fail",
    "변화": "신규 불충족"
   }
  },
  {
   "type": "Feature",
   "geometry": {
    "type": "Point",
    "coordinates": [
     126.93568568,
     37.52342359
    ]
   },
   "properties": {
    "pid": "체육관동(정보화센타) 4층-2",
    "school": "여의도중학교",
    "jibun": "40-1",
    "kind": "교사동 창면",
    "dong": "체육관동(정보화센타)",
    "facade": "체육관동(정보화센타)",
    "floor": 4,
    "source": "도면기준",
    "z_m": 13.15,
    "normal_az": 246.2,
    "s1_total_h": 3.5,
    "s1_cont_h": 2.83,
    "s1_pass_a": true,
    "s1_pass_b": true,
    "s2_total_h": 2.5,
    "s2_cont_h": 1.0,
    "s2_pass_a": false,
    "s2_pass_b": false,
    "d_total_h": -1.0,
    "d_cont_h": -1.83,
    "change_cd": "new_fail",
    "변화": "신규 불충족"
   }
  },
  {
   "type": "Feature",
   "geometry": {
    "type": "Point",
    "coordinates": [
     126.93571222,
     37.52337796
    ]
   },
   "properties": {
    "pid": "체육관동(정보화센타) 1층-3",
    "school": "여의도중학교",
    "jibun": "40-1",
    "kind": "교사동 창면",
    "dong": "체육관동(정보화센타)",
    "facade": "체육관동(정보화센타)",
    "floor": 1,
    "source": "도면기준",
    "z_m": 2.05,
    "normal_az": 217.2,
    "s1_total_h": 0.0,
    "s1_cont_h": 0.0,
    "s1_pass_a": false,
    "s1_pass_b": false,
    "s2_total_h": 0.0,
    "s2_cont_h": 0.0,
    "s2_pass_a": false,
    "s2_pass_b": false,
    "d_total_h": 0.0,
    "d_cont_h": 0.0,
    "change_cd": "keep_fail",
    "변화": "유지 불충족"
   }
  },
  {
   "type": "Feature",
   "geometry": {
    "type": "Point",
    "coordinates": [
     126.93571222,
     37.52337796
    ]
   },
   "properties": {
    "pid": "체육관동(정보화센타) 2층-3",
    "school": "여의도중학교",
    "jibun": "40-1",
    "kind": "교사동 창면",
    "dong": "체육관동(정보화센타)",
    "facade": "체육관동(정보화센타)",
    "floor": 2,
    "source": "도면기준",
    "z_m": 5.95,
    "normal_az": 217.2,
    "s1_total_h": 0.83,
    "s1_cont_h": 0.83,
    "s1_pass_a": false,
    "s1_pass_b": false,
    "s2_total_h": 0.83,
    "s2_cont_h": 0.83,
    "s2_pass_a": false,
    "s2_pass_b": false,
    "d_total_h": 0.0,
    "d_cont_h": 0.0,
    "change_cd": "keep_fail",
    "변화": "유지 불충족"
   }
  },
  {
   "type": "Feature",
   "geometry": {
    "type": "Point",
    "coordinates": [
     126.93571222,
     37.52337796
    ]
   },
   "properties": {
    "pid": "체육관동(정보화센타) 3층-3",
    "school": "여의도중학교",
    "jibun": "40-1",
    "kind": "교사동 창면",
    "dong": "체육관동(정보화센타)",
    "facade": "체육관동(정보화센타)",
    "floor": 3,
    "source": "도면기준",
    "z_m": 9.55,
    "normal_az": 217.2,
    "s1_total_h": 3.17,
    "s1_cont_h": 3.17,
    "s1_pass_a": true,
    "s1_pass_b": true,
    "s2_total_h": 2.5,
    "s2_cont_h": 2.5,
    "s2_pass_a": true,
    "s2_pass_b": true,
    "d_total_h": -0.67,
    "d_cont_h": -0.67,
    "change_cd": "keep_ok",
    "변화": "유지 충족"
   }
  },
  {
   "type": "Feature",
   "geometry": {
    "type": "Point",
    "coordinates": [
     126.93571222,
     37.52337796
    ]
   },
   "properties": {
    "pid": "체육관동(정보화센타) 4층-3",
    "school": "여의도중학교",
    "jibun": "40-1",
    "kind": "교사동 창면",
    "dong": "체육관동(정보화센타)",
    "facade": "체육관동(정보화센타)",
    "floor": 4,
    "source": "도면기준",
    "z_m": 13.15,
    "normal_az": 217.2,
    "s1_total_h": 5.83,
    "s1_cont_h": 5.33,
    "s1_pass_a": true,
    "s1_pass_b": true,
    "s2_total_h": 4.67,
    "s2_cont_h": 3.33,
    "s2_pass_a": true,
    "s2_pass_b": true,
    "d_total_h": -1.16,
    "d_cont_h": -2.0,
    "change_cd": "keep_ok",
    "변화": "유지 충족"
   }
  },
  {
   "type": "Feature",
   "geometry": {
    "type": "Point",
    "coordinates": [
     126.93574466,
     37.52335835
    ]
   },
   "properties": {
    "pid": "체육관동(정보화센타) 1층-4",
    "school": "여의도중학교",
    "jibun": "40-1",
    "kind": "교사동 창면",
    "dong": "체육관동(정보화센타)",
    "facade": "체육관동(정보화센타)",
    "floor": 1,
    "source": "도면기준",
    "z_m": 2.05,
    "normal_az": 217.2,
    "s1_total_h": 0.0,
    "s1_cont_h": 0.0,
    "s1_pass_a": false,
    "s1_pass_b": false,
    "s2_total_h": 0.0,
    "s2_cont_h": 0.0,
    "s2_pass_a": false,
    "s2_pass_b": false,
    "d_total_h": 0.0,
    "d_cont_h": 0.0,
    "change_cd": "keep_fail",
    "변화": "유지 불충족"
   }
  },
  {
   "type": "Feature",
   "geometry": {
    "type": "Point",
    "coordinates": [
     126.93574466,
     37.52335835
    ]
   },
   "properties": {
    "pid": "체육관동(정보화센타) 2층-4",
    "school": "여의도중학교",
    "jibun": "40-1",
    "kind": "교사동 창면",
    "dong": "체육관동(정보화센타)",
    "facade": "체육관동(정보화센타)",
    "floor": 2,
    "source": "도면기준",
    "z_m": 5.95,
    "normal_az": 217.2,
    "s1_total_h": 0.5,
    "s1_cont_h": 0.5,
    "s1_pass_a": false,
    "s1_pass_b": false,
    "s2_total_h": 0.5,
    "s2_cont_h": 0.5,
    "s2_pass_a": false,
    "s2_pass_b": false,
    "d_total_h": 0.0,
    "d_cont_h": 0.0,
    "change_cd": "keep_fail",
    "변화": "유지 불충족"
   }
  },
  {
   "type": "Feature",
   "geometry": {
    "type": "Point",
    "coordinates": [
     126.93574466,
     37.52335835
    ]
   },
   "properties": {
    "pid": "체육관동(정보화센타) 3층-4",
    "school": "여의도중학교",
    "jibun": "40-1",
    "kind": "교사동 창면",
    "dong": "체육관동(정보화센타)",
    "facade": "체육관동(정보화센타)",
    "floor": 3,
    "source": "도면기준",
    "z_m": 9.55,
    "normal_az": 217.2,
    "s1_total_h": 3.17,
    "s1_cont_h": 3.17,
    "s1_pass_a": true,
    "s1_pass_b": true,
    "s2_total_h": 2.33,
    "s2_cont_h": 2.33,
    "s2_pass_a": true,
    "s2_pass_b": true,
    "d_total_h": -0.84,
    "d_cont_h": -0.84,
    "change_cd": "keep_ok",
    "변화": "유지 충족"
   }
  },
  {
   "type": "Feature",
   "geometry": {
    "type": "Point",
    "coordinates": [
     126.93574466,
     37.52335835
    ]
   },
   "properties": {
    "pid": "체육관동(정보화센타) 4층-4",
    "school": "여의도중학교",
    "jibun": "40-1",
    "kind": "교사동 창면",
    "dong": "체육관동(정보화센타)",
    "facade": "체육관동(정보화센타)",
    "floor": 4,
    "source": "도면기준",
    "z_m": 13.15,
    "normal_az": 217.2,
    "s1_total_h": 5.67,
    "s1_cont_h": 5.17,
    "s1_pass_a": true,
    "s1_pass_b": true,
    "s2_total_h": 4.67,
    "s2_cont_h": 3.33,
    "s2_pass_a": true,
    "s2_pass_b": true,
    "d_total_h": -1.0,
    "d_cont_h": -1.84,
    "change_cd": "keep_ok",
    "변화": "유지 충족"
   }
  },
  {
   "type": "Feature",
   "geometry": {
    "type": "Point",
    "coordinates": [
     126.93580092,
     37.52333778
    ]
   },
   "properties": {
    "pid": "체육관동(정보화센타) 1층-5",
    "school": "여의도중학교",
    "jibun": "40-1",
    "kind": "교사동 창면",
    "dong": "체육관동(정보화센타)",
    "facade": "체육관동(정보화센타)",
    "floor": 1,
    "source": "도면기준",
    "z_m": 2.05,
    "normal_az": 200.4,
    "s1_total_h": 0.0,
    "s1_cont_h": 0.0,
    "s1_pass_a": false,
    "s1_pass_b": false,
    "s2_total_h": 0.0,
    "s2_cont_h": 0.0,
    "s2_pass_a": false,
    "s2_pass_b": false,
    "d_total_h": 0.0,
    "d_cont_h": 0.0,
    "change_cd": "keep_fail",
    "변화": "유지 불충족"
   }
  },
  {
   "type": "Feature",
   "geometry": {
    "type": "Point",
    "coordinates": [
     126.93580092,
     37.52333778
    ]
   },
   "properties": {
    "pid": "체육관동(정보화센타) 2층-5",
    "school": "여의도중학교",
    "jibun": "40-1",
    "kind": "교사동 창면",
    "dong": "체육관동(정보화센타)",
    "facade": "체육관동(정보화센타)",
    "floor": 2,
    "source": "도면기준",
    "z_m": 5.95,
    "normal_az": 200.4,
    "s1_total_h": 0.5,
    "s1_cont_h": 0.5,
    "s1_pass_a": false,
    "s1_pass_b": false,
    "s2_total_h": 0.17,
    "s2_cont_h": 0.17,
    "s2_pass_a": false,
    "s2_pass_b": false,
    "d_total_h": -0.33,
    "d_cont_h": -0.33,
    "change_cd": "keep_fail",
    "변화": "유지 불충족"
   }
  },
  {
   "type": "Feature",
   "geometry": {
    "type": "Point",
    "coordinates": [
     126.93580092,
     37.52333778
    ]
   },
   "properties": {
    "pid": "체육관동(정보화센타) 3층-5",
    "school": "여의도중학교",
    "jibun": "40-1",
    "kind": "교사동 창면",
    "dong": "체육관동(정보화센타)",
    "facade": "체육관동(정보화센타)",
    "floor": 3,
    "source": "도면기준",
    "z_m": 9.55,
    "normal_az": 200.4,
    "s1_total_h": 3.33,
    "s1_cont_h": 3.33,
    "s1_pass_a": true,
    "s1_pass_b": true,
    "s2_total_h": 2.17,
    "s2_cont_h": 1.67,
    "s2_pass_a": false,
    "s2_pass_b": false,
    "d_total_h": -1.16,
    "d_cont_h": -1.66,
    "change_cd": "new_fail",
    "변화": "신규 불충족"
   }
  },
  {
   "type": "Feature",
   "geometry": {
    "type": "Point",
    "coordinates": [
     126.93580092,
     37.52333778
    ]
   },
   "properties": {
    "pid": "체육관동(정보화센타) 4층-5",
    "school": "여의도중학교",
    "jibun": "40-1",
    "kind": "교사동 창면",
    "dong": "체육관동(정보화센타)",
    "facade": "체육관동(정보화센타)",
    "floor": 4,
    "source": "도면기준",
    "z_m": 13.15,
    "normal_az": 200.4,
    "s1_total_h": 5.17,
    "s1_cont_h": 4.67,
    "s1_pass_a": true,
    "s1_pass_b": true,
    "s2_total_h": 4.0,
    "s2_cont_h": 2.67,
    "s2_pass_a": true,
    "s2_pass_b": true,
    "d_total_h": -1.17,
    "d_cont_h": -2.0,
    "change_cd": "keep_ok",
    "변화": "유지 충족"
   }
  },
  {
   "type": "Feature",
   "geometry": {
    "type": "Point",
    "coordinates": [
     126.93584247,
     37.523334
    ]
   },
   "properties": {
    "pid": "체육관동(정보화센타) 1층-6",
    "school": "여의도중학교",
    "jibun": "40-1",
    "kind": "교사동 창면",
    "dong": "체육관동(정보화센타)",
    "facade": "체육관동(정보화센타)",
    "floor": 1,
    "source": "도면기준",
    "z_m": 2.05,
    "normal_az": 185.7,
    "s1_total_h": 0.0,
    "s1_cont_h": 0.0,
    "s1_pass_a": false,
    "s1_pass_b": false,
    "s2_total_h": 0.0,
    "s2_cont_h": 0.0,
    "s2_pass_a": false,
    "s2_pass_b": false,
    "d_total_h": 0.0,
    "d_cont_h": 0.0,
    "change_cd": "keep_fail",
    "변화": "유지 불충족"
   }
  },
  {
   "type": "Feature",
   "geometry": {
    "type": "Point",
    "coordinates": [
     126.93584247,
     37.523334
    ]
   },
   "properties": {
    "pid": "체육관동(정보화센타) 2층-6",
    "school": "여의도중학교",
    "jibun": "40-1",
    "kind": "교사동 창면",
    "dong": "체육관동(정보화센타)",
    "facade": "체육관동(정보화센타)",
    "floor": 2,
    "source": "도면기준",
    "z_m": 5.95,
    "normal_az": 185.7,
    "s1_total_h": 0.17,
    "s1_cont_h": 0.17,
    "s1_pass_a": false,
    "s1_pass_b": false,
    "s2_total_h": 0.0,
    "s2_cont_h": 0.0,
    "s2_pass_a": false,
    "s2_pass_b": false,
    "d_total_h": -0.17,
    "d_cont_h": -0.17,
    "change_cd": "keep_fail",
    "변화": "유지 불충족"
   }
  },
  {
   "type": "Feature",
   "geometry": {
    "type": "Point",
    "coordinates": [
     126.93584247,
     37.523334
    ]
   },
   "properties": {
    "pid": "체육관동(정보화센타) 3층-6",
    "school": "여의도중학교",
    "jibun": "40-1",
    "kind": "교사동 창면",
    "dong": "체육관동(정보화센타)",
    "facade": "체육관동(정보화센타)",
    "floor": 3,
    "source": "도면기준",
    "z_m": 9.55,
    "normal_az": 185.7,
    "s1_total_h": 2.83,
    "s1_cont_h": 2.83,
    "s1_pass_a": true,
    "s1_pass_b": true,
    "s2_total_h": 1.67,
    "s2_cont_h": 1.0,
    "s2_pass_a": false,
    "s2_pass_b": false,
    "d_total_h": -1.16,
    "d_cont_h": -1.83,
    "change_cd": "new_fail",
    "변화": "신규 불충족"
   }
  },
  {
   "type": "Feature",
   "geometry": {
    "type": "Point",
    "coordinates": [
     126.93584247,
     37.523334
    ]
   },
   "properties": {
    "pid": "체육관동(정보화센타) 4층-6",
    "school": "여의도중학교",
    "jibun": "40-1",
    "kind": "교사동 창면",
    "dong": "체육관동(정보화센타)",
    "facade": "체육관동(정보화센타)",
    "floor": 4,
    "source": "도면기준",
    "z_m": 13.15,
    "normal_az": 185.7,
    "s1_total_h": 3.83,
    "s1_cont_h": 3.33,
    "s1_pass_a": true,
    "s1_pass_b": true,
    "s2_total_h": 2.67,
    "s2_cont_h": 1.5,
    "s2_pass_a": false,
    "s2_pass_b": false,
    "d_total_h": -1.16,
    "d_cont_h": -1.83,
    "change_cd": "new_fail",
    "변화": "신규 불충족"
   }
  },
  {
   "type": "Feature",
   "geometry": {
    "type": "Point",
    "coordinates": [
     126.93586874,
     37.52328927
    ]
   },
   "properties": {
    "pid": "체육관동(정보화센타) 1층-7",
    "school": "여의도중학교",
    "jibun": "40-1",
    "kind": "교사동 창면",
    "dong": "체육관동(정보화센타)",
    "facade": "체육관동(정보화센타)",
    "floor": 1,
    "source": "도면기준",
    "z_m": 2.05,
    "normal_az": 268.8,
    "s1_total_h": 0.0,
    "s1_cont_h": 0.0,
    "s1_pass_a": false,
    "s1_pass_b": false,
    "s2_total_h": 0.0,
    "s2_cont_h": 0.0,
    "s2_pass_a": false,
    "s2_pass_b": false,
    "d_total_h": 0.0,
    "d_cont_h": 0.0,
    "change_cd": "keep_fail",
    "변화": "유지 불충족"
   }
  },
  {
   "type": "Feature",
   "geometry": {
    "type": "Point",
    "coordinates": [
     126.93586874,
     37.52328927
    ]
   },
   "properties": {
    "pid": "체육관동(정보화센타) 2층-7",
    "school": "여의도중학교",
    "jibun": "40-1",
    "kind": "교사동 창면",
    "dong": "체육관동(정보화센타)",
    "facade": "체육관동(정보화센타)",
    "floor": 2,
    "source": "도면기준",
    "z_m": 5.95,
    "normal_az": 268.8,
    "s1_total_h": 0.0,
    "s1_cont_h": 0.0,
    "s1_pass_a": false,
    "s1_pass_b": false,
    "s2_total_h": 0.0,
    "s2_cont_h": 0.0,
    "s2_pass_a": false,
    "s2_pass_b": false,
    "d_total_h": 0.0,
    "d_cont_h": 0.0,
    "change_cd": "keep_fail",
    "변화": "유지 불충족"
   }
  },
  {
   "type": "Feature",
   "geometry": {
    "type": "Point",
    "coordinates": [
     126.93586874,
     37.52328927
    ]
   },
   "properties": {
    "pid": "체육관동(정보화센타) 3층-7",
    "school": "여의도중학교",
    "jibun": "40-1",
    "kind": "교사동 창면",
    "dong": "체육관동(정보화센타)",
    "facade": "체육관동(정보화센타)",
    "floor": 3,
    "source": "도면기준",
    "z_m": 9.55,
    "normal_az": 268.8,
    "s1_total_h": 0.83,
    "s1_cont_h": 0.83,
    "s1_pass_a": false,
    "s1_pass_b": false,
    "s2_total_h": 0.5,
    "s2_cont_h": 0.5,
    "s2_pass_a": false,
    "s2_pass_b": false,
    "d_total_h": -0.33,
    "d_cont_h": -0.33,
    "change_cd": "keep_fail",
    "변화": "유지 불충족"
   }
  },
  {
   "type": "Feature",
   "geometry": {
    "type": "Point",
    "coordinates": [
     126.93586874,
     37.52328927
    ]
   },
   "properties": {
    "pid": "체육관동(정보화센타) 4층-7",
    "school": "여의도중학교",
    "jibun": "40-1",
    "kind": "교사동 창면",
    "dong": "체육관동(정보화센타)",
    "facade": "체육관동(정보화센타)",
    "floor": 4,
    "source": "도면기준",
    "z_m": 13.15,
    "normal_az": 268.8,
    "s1_total_h": 2.33,
    "s1_cont_h": 1.83,
    "s1_pass_a": false,
    "s1_pass_b": false,
    "s2_total_h": 1.17,
    "s2_cont_h": 0.67,
    "s2_pass_a": false,
    "s2_pass_b": false,
    "d_total_h": -1.16,
    "d_cont_h": -1.16,
    "change_cd": "keep_fail",
    "변화": "유지 불충족"
   }
  },
  {
   "type": "Feature",
   "geometry": {
    "type": "Point",
    "coordinates": [
     126.93587399,
     37.52325669
    ]
   },
   "properties": {
    "pid": "체육관동(정보화센타) 1층-8",
    "school": "여의도중학교",
    "jibun": "40-1",
    "kind": "교사동 창면",
    "dong": "체육관동(정보화센타)",
    "facade": "체육관동(정보화센타)",
    "floor": 1,
    "source": "도면기준",
    "z_m": 2.05,
    "normal_az": 262.0,
    "s1_total_h": 0.0,
    "s1_cont_h": 0.0,
    "s1_pass_a": false,
    "s1_pass_b": false,
    "s2_total_h": 0.0,
    "s2_cont_h": 0.0,
    "s2_pass_a": false,
    "s2_pass_b": false,
    "d_total_h": 0.0,
    "d_cont_h": 0.0,
    "change_cd": "keep_fail",
    "변화": "유지 불충족"
   }
  },
  {
   "type": "Feature",
   "geometry": {
    "type": "Point",
    "coordinates": [
     126.93587399,
     37.52325669
    ]
   },
   "properties": {
    "pid": "체육관동(정보화센타) 2층-8",
    "school": "여의도중학교",
    "jibun": "40-1",
    "kind": "교사동 창면",
    "dong": "체육관동(정보화센타)",
    "facade": "체육관동(정보화센타)",
    "floor": 2,
    "source": "도면기준",
    "z_m": 5.95,
    "normal_az": 262.0,
    "s1_total_h": 0.0,
    "s1_cont_h": 0.0,
    "s1_pass_a": false,
    "s1_pass_b": false,
    "s2_total_h": 0.0,
    "s2_cont_h": 0.0,
    "s2_pass_a": false,
    "s2_pass_b": false,
    "d_total_h": 0.0,
    "d_cont_h": 0.0,
    "change_cd": "keep_fail",
    "변화": "유지 불충족"
   }
  },
  {
   "type": "Feature",
   "geometry": {
    "type": "Point",
    "coordinates": [
     126.93587399,
     37.52325669
    ]
   },
   "properties": {
    "pid": "체육관동(정보화센타) 3층-8",
    "school": "여의도중학교",
    "jibun": "40-1",
    "kind": "교사동 창면",
    "dong": "체육관동(정보화센타)",
    "facade": "체육관동(정보화센타)",
    "floor": 3,
    "source": "도면기준",
    "z_m": 9.55,
    "normal_az": 262.0,
    "s1_total_h": 0.0,
    "s1_cont_h": 0.0,
    "s1_pass_a": false,
    "s1_pass_b": false,
    "s2_total_h": 0.0,
    "s2_cont_h": 0.0,
    "s2_pass_a": false,
    "s2_pass_b": false,
    "d_total_h": 0.0,
    "d_cont_h": 0.0,
    "change_cd": "keep_fail",
    "변화": "유지 불충족"
   }
  },
  {
   "type": "Feature",
   "geometry": {
    "type": "Point",
    "coordinates": [
     126.93587399,
     37.52325669
    ]
   },
   "properties": {
    "pid": "체육관동(정보화센타) 4층-8",
    "school": "여의도중학교",
    "jibun": "40-1",
    "kind": "교사동 창면",
    "dong": "체육관동(정보화센타)",
    "facade": "체육관동(정보화센타)",
    "floor": 4,
    "source": "도면기준",
    "z_m": 13.15,
    "normal_az": 262.0,
    "s1_total_h": 2.0,
    "s1_cont_h": 1.5,
    "s1_pass_a": false,
    "s1_pass_b": false,
    "s2_total_h": 1.17,
    "s2_cont_h": 0.67,
    "s2_pass_a": false,
    "s2_pass_b": false,
    "d_total_h": -0.83,
    "d_cont_h": -0.83,
    "change_cd": "keep_fail",
    "변화": "유지 불충족"
   }
  },
  {
   "type": "Feature",
   "geometry": {
    "type": "Point",
    "coordinates": [
     126.93563329,
     37.52303771
    ]
   },
   "properties": {
    "pid": "체육관동(정보화센타) 1층-9",
    "school": "여의도중학교",
    "jibun": "40-1",
    "kind": "교사동 창면",
    "dong": "체육관동(정보화센타)",
    "facade": "체육관동(정보화센타)",
    "floor": 1,
    "source": "도면기준",
    "z_m": 2.05,
    "normal_az": 230.3,
    "s1_total_h": 1.5,
    "s1_cont_h": 1.5,
    "s1_pass_a": false,
    "s1_pass_b": false,
    "s2_total_h": 1.83,
    "s2_cont_h": 1.83,
    "s2_pass_a": false,
    "s2_pass_b": false,
    "d_total_h": 0.33,
    "d_cont_h": 0.33,
    "change_cd": "keep_fail",
    "변화": "유지 불충족"
   }
  },
  {
   "type": "Feature",
   "geometry": {
    "type": "Point",
    "coordinates": [
     126.93563329,
     37.52303771
    ]
   },
   "properties": {
    "pid": "체육관동(정보화센타) 2층-9",
    "school": "여의도중학교",
    "jibun": "40-1",
    "kind": "교사동 창면",
    "dong": "체육관동(정보화센타)",
    "facade": "체육관동(정보화센타)",
    "floor": 2,
    "source": "도면기준",
    "z_m": 5.95,
    "normal_az": 230.3,
    "s1_total_h": 3.83,
    "s1_cont_h": 3.17,
    "s1_pass_a": true,
    "s1_pass_b": true,
    "s2_total_h": 2.5,
    "s2_cont_h": 1.83,
    "s2_pass_a": false,
    "s2_pass_b": false,
    "d_total_h": -1.33,
    "d_cont_h": -1.34,
    "change_cd": "new_fail",
    "변화": "신규 불충족"
   }
  },
  {
   "type": "Feature",
   "geometry": {
    "type": "Point",
    "coordinates": [
     126.93563329,
     37.52303771
    ]
   },
   "properties": {
    "pid": "체육관동(정보화센타) 3층-9",
    "school": "여의도중학교",
    "jibun": "40-1",
    "kind": "교사동 창면",
    "dong": "체육관동(정보화센타)",
    "facade": "체육관동(정보화센타)",
    "floor": 3,
    "source": "도면기준",
    "z_m": 9.55,
    "normal_az": 230.3,
    "s1_total_h": 4.33,
    "s1_cont_h": 4.33,
    "s1_pass_a": true,
    "s1_pass_b": true,
    "s2_total_h": 2.83,
    "s2_cont_h": 1.83,
    "s2_pass_a": false,
    "s2_pass_b": false,
    "d_total_h": -1.5,
    "d_cont_h": -2.5,
    "change_cd": "new_fail",
    "변화": "신규 불충족"
   }
  },
  {
   "type": "Feature",
   "geometry": {
    "type": "Point",
    "coordinates": [
     126.93563329,
     37.52303771
    ]
   },
   "properties": {
    "pid": "체육관동(정보화센타) 4층-9",
    "school": "여의도중학교",
    "jibun": "40-1",
    "kind": "교사동 창면",
    "dong": "체육관동(정보화센타)",
    "facade": "체육관동(정보화센타)",
    "floor": 4,
    "source": "도면기준",
    "z_m": 13.15,
    "normal_az": 230.3,
    "s1_total_h": 4.5,
    "s1_cont_h": 4.33,
    "s1_pass_a": true,
    "s1_pass_b": true,
    "s2_total_h": 3.0,
    "s2_cont_h": 1.83,
    "s2_pass_a": false,
    "s2_pass_b": false,
    "d_total_h": -1.5,
    "d_cont_h": -2.5,
    "change_cd": "new_fail",
    "변화": "신규 불충족"
   }
  },
  {
   "type": "Feature",
   "geometry": {
    "type": "Point",
    "coordinates": [
     126.93565931,
     37.52301275
    ]
   },
   "properties": {
    "pid": "체육관동(정보화센타) 1층-10",
    "school": "여의도중학교",
    "jibun": "40-1",
    "kind": "교사동 창면",
    "dong": "체육관동(정보화센타)",
    "facade": "체육관동(정보화센타)",
    "floor": 1,
    "source": "도면기준",
    "z_m": 2.05,
    "normal_az": 230.3,
    "s1_total_h": 1.5,
    "s1_cont_h": 1.5,
    "s1_pass_a": false,
    "s1_pass_b": false,
    "s2_total_h": 1.83,
    "s2_cont_h": 1.83,
    "s2_pass_a": false,
    "s2_pass_b": false,
    "d_total_h": 0.33,
    "d_cont_h": 0.33,
    "change_cd": "keep_fail",
    "변화": "유지 불충족"
   }
  },
  {
   "type": "Feature",
   "geometry": {
    "type": "Point",
    "coordinates": [
     126.93565931,
     37.52301275
    ]
   },
   "properties": {
    "pid": "체육관동(정보화센타) 2층-10",
    "school": "여의도중학교",
    "jibun": "40-1",
    "kind": "교사동 창면",
    "dong": "체육관동(정보화센타)",
    "facade": "체육관동(정보화센타)",
    "floor": 2,
    "source": "도면기준",
    "z_m": 5.95,
    "normal_az": 230.3,
    "s1_total_h": 3.0,
    "s1_cont_h": 1.67,
    "s1_pass_a": false,
    "s1_pass_b": false,
    "s2_total_h": 1.83,
    "s2_cont_h": 1.83,
    "s2_pass_a": false,
    "s2_pass_b": false,
    "d_total_h": -1.17,
    "d_cont_h": 0.16,
    "change_cd": "keep_fail",
    "변화": "유지 불충족"
   }
  },
  {
   "type": "Feature",
   "geometry": {
    "type": "Point",
    "coordinates": [
     126.93565931,
     37.52301275
    ]
   },
   "properties": {
    "pid": "체육관동(정보화센타) 3층-10",
    "school": "여의도중학교",
    "jibun": "40-1",
    "kind": "교사동 창면",
    "dong": "체육관동(정보화센타)",
    "facade": "체육관동(정보화센타)",
    "floor": 3,
    "source": "도면기준",
    "z_m": 9.55,
    "normal_az": 230.3,
    "s1_total_h": 4.33,
    "s1_cont_h": 4.33,
    "s1_pass_a": true,
    "s1_pass_b": true,
    "s2_total_h": 2.67,
    "s2_cont_h": 1.83,
    "s2_pass_a": false,
    "s2_pass_b": false,
    "d_total_h": -1.66,
    "d_cont_h": -2.5,
    "change_cd": "new_fail",
    "변화": "신규 불충족"
   }
  },
  {
   "type": "Feature",
   "geometry": {
    "type": "Point",
    "coordinates": [
     126.93565931,
     37.52301275
    ]
   },
   "properties": {
    "pid": "체육관동(정보화센타) 4층-10",
    "school": "여의도중학교",
    "jibun": "40-1",
    "kind": "교사동 창면",
    "dong": "체육관동(정보화센타)",
    "facade": "체육관동(정보화센타)",
    "floor": 4,
    "source": "도면기준",
    "z_m": 13.15,
    "normal_az": 230.3,
    "s1_total_h": 4.33,
    "s1_cont_h": 4.33,
    "s1_pass_a": true,
    "s1_pass_b": true,
    "s2_total_h": 2.67,
    "s2_cont_h": 1.83,
    "s2_pass_a": false,
    "s2_pass_b": false,
    "d_total_h": -1.66,
    "d_cont_h": -2.5,
    "change_cd": "new_fail",
    "변화": "신규 불충족"
   }
  },
  {
   "type": "Feature",
   "geometry": {
    "type": "Point",
    "coordinates": [
     126.93569832,
     37.52297531
    ]
   },
   "properties": {
    "pid": "체육관동(정보화센타) 1층-11",
    "school": "여의도중학교",
    "jibun": "40-1",
    "kind": "교사동 창면",
    "dong": "체육관동(정보화센타)",
    "facade": "체육관동(정보화센타)",
    "floor": 1,
    "source": "도면기준",
    "z_m": 2.05,
    "normal_az": 230.3,
    "s1_total_h": 1.5,
    "s1_cont_h": 1.5,
    "s1_pass_a": false,
    "s1_pass_b": false,
    "s2_total_h": 2.0,
    "s2_cont_h": 2.0,
    "s2_pass_a": true,
    "s2_pass_b": true,
    "d_total_h": 0.5,
    "d_cont_h": 0.5,
    "change_cd": "new_ok",
    "변화": "신규 충족"
   }
  },
  {
   "type": "Feature",
   "geometry": {
    "type": "Point",
    "coordinates": [
     126.93569832,
     37.52297531
    ]
   },
   "properties": {
    "pid": "체육관동(정보화센타) 2층-11",
    "school": "여의도중학교",
    "jibun": "40-1",
    "kind": "교사동 창면",
    "dong": "체육관동(정보화센타)",
    "facade": "체육관동(정보화센타)",
    "floor": 2,
    "source": "도면기준",
    "z_m": 5.95,
    "normal_az": 230.3,
    "s1_total_h": 2.83,
    "s1_cont_h": 1.83,
    "s1_pass_a": false,
    "s1_pass_b": false,
    "s2_total_h": 2.0,
    "s2_cont_h": 2.0,
    "s2_pass_a": true,
    "s2_pass_b": true,
    "d_total_h": -0.83,
    "d_cont_h": 0.17,
    "change_cd": "new_ok",
    "변화": "신규 충족"
   }
  },
  {
   "type": "Feature",
   "geometry": {
    "type": "Point",
    "coordinates": [
     126.93569832,
     37.52297531
    ]
   },
   "properties": {
    "pid": "체육관동(정보화센타) 3층-11",
    "school": "여의도중학교",
    "jibun": "40-1",
    "kind": "교사동 창면",
    "dong": "체육관동(정보화센타)",
    "facade": "체육관동(정보화센타)",
    "floor": 3,
    "source": "도면기준",
    "z_m": 9.55,
    "normal_az": 230.3,
    "s1_total_h": 4.5,
    "s1_cont_h": 4.5,
    "s1_pass_a": true,
    "s1_pass_b": true,
    "s2_total_h": 2.83,
    "s2_cont_h": 2.0,
    "s2_pass_a": true,
    "s2_pass_b": true,
    "d_total_h": -1.67,
    "d_cont_h": -2.5,
    "change_cd": "keep_ok",
    "변화": "유지 충족"
   }
  },
  {
   "type": "Feature",
   "geometry": {
    "type": "Point",
    "coordinates": [
     126.93569832,
     37.52297531
    ]
   },
   "properties": {
    "pid": "체육관동(정보화센타) 4층-11",
    "school": "여의도중학교",
    "jibun": "40-1",
    "kind": "교사동 창면",
    "dong": "체육관동(정보화센타)",
    "facade": "체육관동(정보화센타)",
    "floor": 4,
    "source": "도면기준",
    "z_m": 13.15,
    "normal_az": 230.3,
    "s1_total_h": 5.17,
    "s1_cont_h": 4.5,
    "s1_pass_a": true,
    "s1_pass_b": true,
    "s2_total_h": 3.5,
    "s2_cont_h": 2.0,
    "s2_pass_a": true,
    "s2_pass_b": true,
    "d_total_h": -1.67,
    "d_cont_h": -2.5,
    "change_cd": "keep_ok",
    "변화": "유지 충족"
   }
  },
  {
   "type": "Feature",
   "geometry": {
    "type": "Point",
    "coordinates": [
     126.93573187,
     37.52295916
    ]
   },
   "properties": {
    "pid": "체육관동(정보화센타) 1층-12",
    "school": "여의도중학교",
    "jibun": "40-1",
    "kind": "교사동 창면",
    "dong": "체육관동(정보화센타)",
    "facade": "체육관동(정보화센타)",
    "floor": 1,
    "source": "도면기준",
    "z_m": 2.05,
    "normal_az": 142.4,
    "s1_total_h": 2.83,
    "s1_cont_h": 2.83,
    "s1_pass_a": true,
    "s1_pass_b": true,
    "s2_total_h": 3.17,
    "s2_cont_h": 3.17,
    "s2_pass_a": true,
    "s2_pass_b": true,
    "d_total_h": 0.34,
    "d_cont_h": 0.34,
    "change_cd": "keep_ok",
    "변화": "유지 충족"
   }
  },
  {
   "type": "Feature",
   "geometry": {
    "type": "Point",
    "coordinates": [
     126.93573187,
     37.52295916
    ]
   },
   "properties": {
    "pid": "체육관동(정보화센타) 2층-12",
    "school": "여의도중학교",
    "jibun": "40-1",
    "kind": "교사동 창면",
    "dong": "체육관동(정보화센타)",
    "facade": "체육관동(정보화센타)",
    "floor": 2,
    "source": "도면기준",
    "z_m": 5.95,
    "normal_az": 142.4,
    "s1_total_h": 4.33,
    "s1_cont_h": 3.33,
    "s1_pass_a": true,
    "s1_pass_b": true,
    "s2_total_h": 3.33,
    "s2_cont_h": 3.33,
    "s2_pass_a": true,
    "s2_pass_b": true,
    "d_total_h": -1.0,
    "d_cont_h": 0.0,
    "change_cd": "keep_ok",
    "변화": "유지 충족"
   }
  },
  {
   "type": "Feature",
   "geometry": {
    "type": "Point",
    "coordinates": [
     126.93573187,
     37.52295916
    ]
   },
   "properties": {
    "pid": "체육관동(정보화센타) 3층-12",
    "school": "여의도중학교",
    "jibun": "40-1",
    "kind": "교사동 창면",
    "dong": "체육관동(정보화센타)",
    "facade": "체육관동(정보화센타)",
    "floor": 3,
    "source": "도면기준",
    "z_m": 9.55,
    "normal_az": 142.4,
    "s1_total_h": 6.0,
    "s1_cont_h": 6.0,
    "s1_pass_a": true,
    "s1_pass_b": true,
    "s2_total_h": 4.17,
    "s2_cont_h": 3.33,
    "s2_pass_a": true,
    "s2_pass_b": true,
    "d_total_h": -1.83,
    "d_cont_h": -2.67,
    "change_cd": "keep_ok",
    "변화": "유지 충족"
   }
  },
  {
   "type": "Feature",
   "geometry": {
    "type": "Point",
    "coordinates": [
     126.93573187,
     37.52295916
    ]
   },
   "properties": {
    "pid": "체육관동(정보화센타) 4층-12",
    "school": "여의도중학교",
    "jibun": "40-1",
    "kind": "교사동 창면",
    "dong": "체육관동(정보화센타)",
    "facade": "체육관동(정보화센타)",
    "floor": 4,
    "source": "도면기준",
    "z_m": 13.15,
    "normal_az": 142.4,
    "s1_total_h": 6.5,
    "s1_cont_h": 6.0,
    "s1_pass_a": true,
    "s1_pass_b": true,
    "s2_total_h": 4.67,
    "s2_cont_h": 3.33,
    "s2_pass_a": true,
    "s2_pass_b": true,
    "d_total_h": -1.83,
    "d_cont_h": -2.67,
    "change_cd": "keep_ok",
    "변화": "유지 충족"
   }
  },
  {
   "type": "Feature",
   "geometry": {
    "type": "Point",
    "coordinates": [
     126.93578023,
     37.52298889
    ]
   },
   "properties": {
    "pid": "체육관동(정보화센타) 1층-13",
    "school": "여의도중학교",
    "jibun": "40-1",
    "kind": "교사동 창면",
    "dong": "체육관동(정보화센타)",
    "facade": "체육관동(정보화센타)",
    "floor": 1,
    "source": "도면기준",
    "z_m": 2.05,
    "normal_az": 142.4,
    "s1_total_h": 3.5,
    "s1_cont_h": 3.33,
    "s1_pass_a": true,
    "s1_pass_b": true,
    "s2_total_h": 3.33,
    "s2_cont_h": 3.33,
    "s2_pass_a": true,
    "s2_pass_b": true,
    "d_total_h": -0.17,
    "d_cont_h": 0.0,
    "change_cd": "keep_ok",
    "변화": "유지 충족"
   }
  },
  {
   "type": "Feature",
   "geometry": {
    "type": "Point",
    "coordinates": [
     126.93578023,
     37.52298889
    ]
   },
   "properties": {
    "pid": "체육관동(정보화센타) 2층-13",
    "school": "여의도중학교",
    "jibun": "40-1",
    "kind": "교사동 창면",
    "dong": "체육관동(정보화센타)",
    "facade": "체육관동(정보화센타)",
    "floor": 2,
    "source": "도면기준",
    "z_m": 5.95,
    "normal_az": 142.4,
    "s1_total_h": 5.5,
    "s1_cont_h": 3.67,
    "s1_pass_a": true,
    "s1_pass_b": true,
    "s2_total_h": 4.0,
    "s2_cont_h": 3.33,
    "s2_pass_a": true,
    "s2_pass_b": true,
    "d_total_h": -1.5,
    "d_cont_h": -0.34,
    "change_cd": "keep_ok",
    "변화": "유지 충족"
   }
  },
  {
   "type": "Feature",
   "geometry": {
    "type": "Point",
    "coordinates": [
     126.93578023,
     37.52298889
    ]
   },
   "properties": {
    "pid": "체육관동(정보화센타) 3층-13",
    "school": "여의도중학교",
    "jibun": "40-1",
    "kind": "교사동 창면",
    "dong": "체육관동(정보화센타)",
    "facade": "체육관동(정보화센타)",
    "floor": 3,
    "source": "도면기준",
    "z_m": 9.55,
    "normal_az": 142.4,
    "s1_total_h": 6.5,
    "s1_cont_h": 6.0,
    "s1_pass_a": true,
    "s1_pass_b": true,
    "s2_total_h": 4.67,
    "s2_cont_h": 3.5,
    "s2_pass_a": true,
    "s2_pass_b": true,
    "d_total_h": -1.83,
    "d_cont_h": -2.5,
    "change_cd": "keep_ok",
    "변화": "유지 충족"
   }
  },
  {
   "type": "Feature",
   "geometry": {
    "type": "Point",
    "coordinates": [
     126.93578023,
     37.52298889
    ]
   },
   "properties": {
    "pid": "체육관동(정보화센타) 4층-13",
    "school": "여의도중학교",
    "jibun": "40-1",
    "kind": "교사동 창면",
    "dong": "체육관동(정보화센타)",
    "facade": "체육관동(정보화센타)",
    "floor": 4,
    "source": "도면기준",
    "z_m": 13.15,
    "normal_az": 142.4,
    "s1_total_h": 6.5,
    "s1_cont_h": 6.0,
    "s1_pass_a": true,
    "s1_pass_b": true,
    "s2_total_h": 4.67,
    "s2_cont_h": 3.5,
    "s2_pass_a": true,
    "s2_pass_b": true,
    "d_total_h": -1.83,
    "d_cont_h": -2.5,
    "change_cd": "keep_ok",
    "변화": "유지 충족"
   }
  },
  {
   "type": "Feature",
   "geometry": {
    "type": "Point",
    "coordinates": [
     126.93581247,
     37.52300871
    ]
   },
   "properties": {
    "pid": "체육관동(정보화센타) 1층-14",
    "school": "여의도중학교",
    "jibun": "40-1",
    "kind": "교사동 창면",
    "dong": "체육관동(정보화센타)",
    "facade": "체육관동(정보화센타)",
    "floor": 1,
    "source": "도면기준",
    "z_m": 2.05,
    "normal_az": 142.4,
    "s1_total_h": 4.5,
    "s1_cont_h": 3.67,
    "s1_pass_a": true,
    "s1_pass_b": true,
    "s2_total_h": 3.5,
    "s2_cont_h": 3.5,
    "s2_pass_a": true,
    "s2_pass_b": true,
    "d_total_h": -1.0,
    "d_cont_h": -0.17,
    "change_cd": "keep_ok",
    "변화": "유지 충족"
   }
  },
  {
   "type": "Feature",
   "geometry": {
    "type": "Point",
    "coordinates": [
     126.93581247,
     37.52300871
    ]
   },
   "properties": {
    "pid": "체육관동(정보화센타) 2층-14",
    "school": "여의도중학교",
    "jibun": "40-1",
    "kind": "교사동 창면",
    "dong": "체육관동(정보화센타)",
    "facade": "체육관동(정보화센타)",
    "floor": 2,
    "source": "도면기준",
    "z_m": 5.95,
    "normal_az": 142.4,
    "s1_total_h": 5.83,
    "s1_cont_h": 5.83,
    "s1_pass_a": true,
    "s1_pass_b": true,
    "s2_total_h": 4.0,
    "s2_cont_h": 3.5,
    "s2_pass_a": true,
    "s2_pass_b": true,
    "d_total_h": -1.83,
    "d_cont_h": -2.33,
    "change_cd": "keep_ok",
    "변화": "유지 충족"
   }
  },
  {
   "type": "Feature",
   "geometry": {
    "type": "Point",
    "coordinates": [
     126.93581247,
     37.52300871
    ]
   },
   "properties": {
    "pid": "체육관동(정보화센타) 3층-14",
    "school": "여의도중학교",
    "jibun": "40-1",
    "kind": "교사동 창면",
    "dong": "체육관동(정보화센타)",
    "facade": "체육관동(정보화센타)",
    "floor": 3,
    "source": "도면기준",
    "z_m": 9.55,
    "normal_az": 142.4,
    "s1_total_h": 6.33,
    "s1_cont_h": 5.83,
    "s1_pass_a": true,
    "s1_pass_b": true,
    "s2_total_h": 4.5,
    "s2_cont_h": 3.5,
    "s2_pass_a": true,
    "s2_pass_b": true,
    "d_total_h": -1.83,
    "d_cont_h": -2.33,
    "change_cd": "keep_ok",
    "변화": "유지 충족"
   }
  },
  {
   "type": "Feature",
   "geometry": {
    "type": "Point",
    "coordinates": [
     126.93581247,
     37.52300871
    ]
   },
   "properties": {
    "pid": "체육관동(정보화센타) 4층-14",
    "school": "여의도중학교",
    "jibun": "40-1",
    "kind": "교사동 창면",
    "dong": "체육관동(정보화센타)",
    "facade": "체육관동(정보화센타)",
    "floor": 4,
    "source": "도면기준",
    "z_m": 13.15,
    "normal_az": 142.4,
    "s1_total_h": 6.5,
    "s1_cont_h": 6.0,
    "s1_pass_a": true,
    "s1_pass_b": true,
    "s2_total_h": 4.67,
    "s2_cont_h": 3.67,
    "s2_pass_a": true,
    "s2_pass_b": true,
    "d_total_h": -1.83,
    "d_cont_h": -2.33,
    "change_cd": "keep_ok",
    "변화": "유지 충족"
   }
  },
  {
   "type": "Feature",
   "geometry": {
    "type": "Point",
    "coordinates": [
     126.93586065,
     37.52303891
    ]
   },
   "properties": {
    "pid": "체육관동(정보화센타) 1층-15",
    "school": "여의도중학교",
    "jibun": "40-1",
    "kind": "교사동 창면",
    "dong": "체육관동(정보화센타)",
    "facade": "체육관동(정보화센타)",
    "floor": 1,
    "source": "도면기준",
    "z_m": 2.05,
    "normal_az": 139.3,
    "s1_total_h": 5.33,
    "s1_cont_h": 4.0,
    "s1_pass_a": true,
    "s1_pass_b": true,
    "s2_total_h": 4.0,
    "s2_cont_h": 3.5,
    "s2_pass_a": true,
    "s2_pass_b": true,
    "d_total_h": -1.33,
    "d_cont_h": -0.5,
    "change_cd": "keep_ok",
    "변화": "유지 충족"
   }
  },
  {
   "type": "Feature",
   "geometry": {
    "type": "Point",
    "coordinates": [
     126.93586065,
     37.52303891
    ]
   },
   "properties": {
    "pid": "체육관동(정보화센타) 2층-15",
    "school": "여의도중학교",
    "jibun": "40-1",
    "kind": "교사동 창면",
    "dong": "체육관동(정보화센타)",
    "facade": "체육관동(정보화센타)",
    "floor": 2,
    "source": "도면기준",
    "z_m": 5.95,
    "normal_az": 139.3,
    "s1_total_h": 6.0,
    "s1_cont_h": 5.83,
    "s1_pass_a": true,
    "s1_pass_b": true,
    "s2_total_h": 4.33,
    "s2_cont_h": 3.67,
    "s2_pass_a": true,
    "s2_pass_b": true,
    "d_total_h": -1.67,
    "d_cont_h": -2.16,
    "change_cd": "keep_ok",
    "변화": "유지 충족"
   }
  },
  {
   "type": "Feature",
   "geometry": {
    "type": "Point",
    "coordinates": [
     126.93586065,
     37.52303891
    ]
   },
   "properties": {
    "pid": "체육관동(정보화센타) 3층-15",
    "school": "여의도중학교",
    "jibun": "40-1",
    "kind": "교사동 창면",
    "dong": "체육관동(정보화센타)",
    "facade": "체육관동(정보화센타)",
    "floor": 3,
    "source": "도면기준",
    "z_m": 9.55,
    "normal_az": 139.3,
    "s1_total_h": 6.33,
    "s1_cont_h": 5.83,
    "s1_pass_a": true,
    "s1_pass_b": true,
    "s2_total_h": 4.67,
    "s2_cont_h": 3.67,
    "s2_pass_a": true,
    "s2_pass_b": true,
    "d_total_h": -1.66,
    "d_cont_h": -2.16,
    "change_cd": "keep_ok",
    "변화": "유지 충족"
   }
  },
  {
   "type": "Feature",
   "geometry": {
    "type": "Point",
    "coordinates": [
     126.93586065,
     37.52303891
    ]
   },
   "properties": {
    "pid": "체육관동(정보화센타) 4층-15",
    "school": "여의도중학교",
    "jibun": "40-1",
    "kind": "교사동 창면",
    "dong": "체육관동(정보화센타)",
    "facade": "체육관동(정보화센타)",
    "floor": 4,
    "source": "도면기준",
    "z_m": 13.15,
    "normal_az": 139.3,
    "s1_total_h": 6.33,
    "s1_cont_h": 5.83,
    "s1_pass_a": true,
    "s1_pass_b": true,
    "s2_total_h": 4.67,
    "s2_cont_h": 3.67,
    "s2_pass_a": true,
    "s2_pass_b": true,
    "d_total_h": -1.66,
    "d_cont_h": -2.16,
    "change_cd": "keep_ok",
    "변화": "유지 충족"
   }
  },
  {
   "type": "Feature",
   "geometry": {
    "type": "Point",
    "coordinates": [
     126.93589149,
     37.52306009
    ]
   },
   "properties": {
    "pid": "체육관동(정보화센타) 1층-16",
    "school": "여의도중학교",
    "jibun": "40-1",
    "kind": "교사동 창면",
    "dong": "체육관동(정보화센타)",
    "facade": "체육관동(정보화센타)",
    "floor": 1,
    "source": "도면기준",
    "z_m": 2.05,
    "normal_az": 139.3,
    "s1_total_h": 5.33,
    "s1_cont_h": 4.17,
    "s1_pass_a": true,
    "s1_pass_b": true,
    "s2_total_h": 3.83,
    "s2_cont_h": 3.5,
    "s2_pass_a": true,
    "s2_pass_b": true,
    "d_total_h": -1.5,
    "d_cont_h": -0.67,
    "change_cd": "keep_ok",
    "변화": "유지 충족"
   }
  },
  {
   "type": "Feature",
   "geometry": {
    "type": "Point",
    "coordinates": [
     126.93589149,
     37.52306009
    ]
   },
   "properties": {
    "pid": "체육관동(정보화센타) 2층-16",
    "school": "여의도중학교",
    "jibun": "40-1",
    "kind": "교사동 창면",
    "dong": "체육관동(정보화센타)",
    "facade": "체육관동(정보화센타)",
    "floor": 2,
    "source": "도면기준",
    "z_m": 5.95,
    "normal_az": 139.3,
    "s1_total_h": 6.0,
    "s1_cont_h": 5.67,
    "s1_pass_a": true,
    "s1_pass_b": true,
    "s2_total_h": 4.17,
    "s2_cont_h": 3.5,
    "s2_pass_a": true,
    "s2_pass_b": true,
    "d_total_h": -1.83,
    "d_cont_h": -2.17,
    "change_cd": "keep_ok",
    "변화": "유지 충족"
   }
  },
  {
   "type": "Feature",
   "geometry": {
    "type": "Point",
    "coordinates": [
     126.93589149,
     37.52306009
    ]
   },
   "properties": {
    "pid": "체육관동(정보화센타) 3층-16",
    "school": "여의도중학교",
    "jibun": "40-1",
    "kind": "교사동 창면",
    "dong": "체육관동(정보화센타)",
    "facade": "체육관동(정보화센타)",
    "floor": 3,
    "source": "도면기준",
    "z_m": 9.55,
    "normal_az": 139.3,
    "s1_total_h": 6.5,
    "s1_cont_h": 5.83,
    "s1_pass_a": true,
    "s1_pass_b": true,
    "s2_total_h": 4.67,
    "s2_cont_h": 3.67,
    "s2_pass_a": true,
    "s2_pass_b": true,
    "d_total_h": -1.83,
    "d_cont_h": -2.16,
    "change_cd": "keep_ok",
    "변화": "유지 충족"
   }
  },
  {
   "type": "Feature",
   "geometry": {
    "type": "Point",
    "coordinates": [
     126.93589149,
     37.52306009
    ]
   },
   "properties": {
    "pid": "체육관동(정보화센타) 4층-16",
    "school": "여의도중학교",
    "jibun": "40-1",
    "kind": "교사동 창면",
    "dong": "체육관동(정보화센타)",
    "facade": "체육관동(정보화센타)",
    "floor": 4,
    "source": "도면기준",
    "z_m": 13.15,
    "normal_az": 139.3,
    "s1_total_h": 6.5,
    "s1_cont_h": 5.83,
    "s1_pass_a": true,
    "s1_pass_b": true,
    "s2_total_h": 4.67,
    "s2_cont_h": 3.67,
    "s2_pass_a": true,
    "s2_pass_b": true,
    "d_total_h": -1.83,
    "d_cont_h": -2.16,
    "change_cd": "keep_ok",
    "변화": "유지 충족"
   }
  },
  {
   "type": "Feature",
   "geometry": {
    "type": "Point",
    "coordinates": [
     126.93593775,
     37.52309187
    ]
   },
   "properties": {
    "pid": "체육관동(정보화센타) 1층-17",
    "school": "여의도중학교",
    "jibun": "40-1",
    "kind": "교사동 창면",
    "dong": "체육관동(정보화센타)",
    "facade": "체육관동(정보화센타)",
    "floor": 1,
    "source": "도면기준",
    "z_m": 2.05,
    "normal_az": 139.3,
    "s1_total_h": 5.67,
    "s1_cont_h": 5.67,
    "s1_pass_a": true,
    "s1_pass_b": true,
    "s2_total_h": 4.0,
    "s2_cont_h": 3.5,
    "s2_pass_a": true,
    "s2_pass_b": true,
    "d_total_h": -1.67,
    "d_cont_h": -2.17,
    "change_cd": "keep_ok",
    "변화": "유지 충족"
   }
  },
  {
   "type": "Feature",
   "geometry": {
    "type": "Point",
    "coordinates": [
     126.93593775,
     37.52309187
    ]
   },
   "properties": {
    "pid": "체육관동(정보화센타) 2층-17",
    "school": "여의도중학교",
    "jibun": "40-1",
    "kind": "교사동 창면",
    "dong": "체육관동(정보화센타)",
    "facade": "체육관동(정보화센타)",
    "floor": 2,
    "source": "도면기준",
    "z_m": 5.95,
    "normal_az": 139.3,
    "s1_total_h": 6.33,
    "s1_cont_h": 5.83,
    "s1_pass_a": true,
    "s1_pass_b": true,
    "s2_total_h": 4.67,
    "s2_cont_h": 3.67,
    "s2_pass_a": true,
    "s2_pass_b": true,
    "d_total_h": -1.66,
    "d_cont_h": -2.16,
    "change_cd": "keep_ok",
    "변화": "유지 충족"
   }
  },
  {
   "type": "Feature",
   "geometry": {
    "type": "Point",
    "coordinates": [
     126.93593775,
     37.52309187
    ]
   },
   "properties": {
    "pid": "체육관동(정보화센타) 3층-17",
    "school": "여의도중학교",
    "jibun": "40-1",
    "kind": "교사동 창면",
    "dong": "체육관동(정보화센타)",
    "facade": "체육관동(정보화센타)",
    "floor": 3,
    "source": "도면기준",
    "z_m": 9.55,
    "normal_az": 139.3,
    "s1_total_h": 6.5,
    "s1_cont_h": 5.83,
    "s1_pass_a": true,
    "s1_pass_b": true,
    "s2_total_h": 4.83,
    "s2_cont_h": 3.67,
    "s2_pass_a": true,
    "s2_pass_b": true,
    "d_total_h": -1.67,
    "d_cont_h": -2.16,
    "change_cd": "keep_ok",
    "변화": "유지 충족"
   }
  },
  {
   "type": "Feature",
   "geometry": {
    "type": "Point",
    "coordinates": [
     126.93593775,
     37.52309187
    ]
   },
   "properties": {
    "pid": "체육관동(정보화센타) 4층-17",
    "school": "여의도중학교",
    "jibun": "40-1",
    "kind": "교사동 창면",
    "dong": "체육관동(정보화센타)",
    "facade": "체육관동(정보화센타)",
    "floor": 4,
    "source": "도면기준",
    "z_m": 13.15,
    "normal_az": 139.3,
    "s1_total_h": 6.83,
    "s1_cont_h": 6.0,
    "s1_pass_a": true,
    "s1_pass_b": true,
    "s2_total_h": 5.17,
    "s2_cont_h": 3.83,
    "s2_pass_a": true,
    "s2_pass_b": true,
    "d_total_h": -1.66,
    "d_cont_h": -2.17,
    "change_cd": "keep_ok",
    "변화": "유지 충족"
   }
  },
  {
   "type": "Feature",
   "geometry": {
    "type": "Point",
    "coordinates": [
     126.93596834,
     37.52311359
    ]
   },
   "properties": {
    "pid": "체육관동(정보화센타) 1층-18",
    "school": "여의도중학교",
    "jibun": "40-1",
    "kind": "교사동 창면",
    "dong": "체육관동(정보화센타)",
    "facade": "체육관동(정보화센타)",
    "floor": 1,
    "source": "도면기준",
    "z_m": 2.05,
    "normal_az": 135.8,
    "s1_total_h": 5.83,
    "s1_cont_h": 5.67,
    "s1_pass_a": true,
    "s1_pass_b": true,
    "s2_total_h": 4.17,
    "s2_cont_h": 3.67,
    "s2_pass_a": true,
    "s2_pass_b": true,
    "d_total_h": -1.66,
    "d_cont_h": -2.0,
    "change_cd": "keep_ok",
    "변화": "유지 충족"
   }
  },
  {
   "type": "Feature",
   "geometry": {
    "type": "Point",
    "coordinates": [
     126.93596834,
     37.52311359
    ]
   },
   "properties": {
    "pid": "체육관동(정보화센타) 2층-18",
    "school": "여의도중학교",
    "jibun": "40-1",
    "kind": "교사동 창면",
    "dong": "체육관동(정보화센타)",
    "facade": "체육관동(정보화센타)",
    "floor": 2,
    "source": "도면기준",
    "z_m": 5.95,
    "normal_az": 135.8,
    "s1_total_h": 6.0,
    "s1_cont_h": 5.67,
    "s1_pass_a": true,
    "s1_pass_b": true,
    "s2_total_h": 4.33,
    "s2_cont_h": 3.67,
    "s2_pass_a": true,
    "s2_pass_b": true,
    "d_total_h": -1.67,
    "d_cont_h": -2.0,
    "change_cd": "keep_ok",
    "변화": "유지 충족"
   }
  },
  {
   "type": "Feature",
   "geometry": {
    "type": "Point",
    "coordinates": [
     126.93596834,
     37.52311359
    ]
   },
   "properties": {
    "pid": "체육관동(정보화센타) 3층-18",
    "school": "여의도중학교",
    "jibun": "40-1",
    "kind": "교사동 창면",
    "dong": "체육관동(정보화센타)",
    "facade": "체육관동(정보화센타)",
    "floor": 3,
    "source": "도면기준",
    "z_m": 9.55,
    "normal_az": 135.8,
    "s1_total_h": 6.33,
    "s1_cont_h": 5.83,
    "s1_pass_a": true,
    "s1_pass_b": true,
    "s2_total_h": 4.67,
    "s2_cont_h": 3.83,
    "s2_pass_a": true,
    "s2_pass_b": true,
    "d_total_h": -1.66,
    "d_cont_h": -2.0,
    "change_cd": "keep_ok",
    "변화": "유지 충족"
   }
  },
  {
   "type": "Feature",
   "geometry": {
    "type": "Point",
    "coordinates": [
     126.93596834,
     37.52311359
    ]
   },
   "properties": {
    "pid": "체육관동(정보화센타) 4층-18",
    "school": "여의도중학교",
    "jibun": "40-1",
    "kind": "교사동 창면",
    "dong": "체육관동(정보화센타)",
    "facade": "체육관동(정보화센타)",
    "floor": 4,
    "source": "도면기준",
    "z_m": 13.15,
    "normal_az": 135.8,
    "s1_total_h": 6.67,
    "s1_cont_h": 6.5,
    "s1_pass_a": true,
    "s1_pass_b": true,
    "s2_total_h": 5.0,
    "s2_cont_h": 4.5,
    "s2_pass_a": true,
    "s2_pass_b": true,
    "d_total_h": -1.67,
    "d_cont_h": -2.0,
    "change_cd": "keep_ok",
    "변화": "유지 충족"
   }
  },
  {
   "type": "Feature",
   "geometry": {
    "type": "Point",
    "coordinates": [
     126.93601103,
     37.52314876
    ]
   },
   "properties": {
    "pid": "체육관동(정보화센타) 1층-19",
    "school": "여의도중학교",
    "jibun": "40-1",
    "kind": "교사동 창면",
    "dong": "체육관동(정보화센타)",
    "facade": "체육관동(정보화센타)",
    "floor": 1,
    "source": "도면기준",
    "z_m": 2.05,
    "normal_az": 131.1,
    "s1_total_h": 5.67,
    "s1_cont_h": 5.5,
    "s1_pass_a": true,
    "s1_pass_b": true,
    "s2_total_h": 4.0,
    "s2_cont_h": 3.5,
    "s2_pass_a": true,
    "s2_pass_b": true,
    "d_total_h": -1.67,
    "d_cont_h": -2.0,
    "change_cd": "keep_ok",
    "변화": "유지 충족"
   }
  },
  {
   "type": "Feature",
   "geometry": {
    "type": "Point",
    "coordinates": [
     126.93601103,
     37.52314876
    ]
   },
   "properties": {
    "pid": "체육관동(정보화센타) 2층-19",
    "school": "여의도중학교",
    "jibun": "40-1",
    "kind": "교사동 창면",
    "dong": "체육관동(정보화센타)",
    "facade": "체육관동(정보화센타)",
    "floor": 2,
    "source": "도면기준",
    "z_m": 5.95,
    "normal_az": 131.1,
    "s1_total_h": 6.17,
    "s1_cont_h": 5.67,
    "s1_pass_a": true,
    "s1_pass_b": true,
    "s2_total_h": 4.5,
    "s2_cont_h": 3.67,
    "s2_pass_a": true,
    "s2_pass_b": true,
    "d_total_h": -1.67,
    "d_cont_h": -2.0,
    "change_cd": "keep_ok",
    "변화": "유지 충족"
   }
  },
  {
   "type": "Feature",
   "geometry": {
    "type": "Point",
    "coordinates": [
     126.93601103,
     37.52314876
    ]
   },
   "properties": {
    "pid": "체육관동(정보화센타) 3층-19",
    "school": "여의도중학교",
    "jibun": "40-1",
    "kind": "교사동 창면",
    "dong": "체육관동(정보화센타)",
    "facade": "체육관동(정보화센타)",
    "floor": 3,
    "source": "도면기준",
    "z_m": 9.55,
    "normal_az": 131.1,
    "s1_total_h": 6.33,
    "s1_cont_h": 6.33,
    "s1_pass_a": true,
    "s1_pass_b": true,
    "s2_total_h": 4.67,
    "s2_cont_h": 4.33,
    "s2_pass_a": true,
    "s2_pass_b": true,
    "d_total_h": -1.66,
    "d_cont_h": -2.0,
    "change_cd": "keep_ok",
    "변화": "유지 충족"
   }
  },
  {
   "type": "Feature",
   "geometry": {
    "type": "Point",
    "coordinates": [
     126.93601103,
     37.52314876
    ]
   },
   "properties": {
    "pid": "체육관동(정보화센타) 4층-19",
    "school": "여의도중학교",
    "jibun": "40-1",
    "kind": "교사동 창면",
    "dong": "체육관동(정보화센타)",
    "facade": "체육관동(정보화센타)",
    "floor": 4,
    "source": "도면기준",
    "z_m": 13.15,
    "normal_az": 131.1,
    "s1_total_h": 6.33,
    "s1_cont_h": 6.33,
    "s1_pass_a": true,
    "s1_pass_b": true,
    "s2_total_h": 4.67,
    "s2_cont_h": 4.33,
    "s2_pass_a": true,
    "s2_pass_b": true,
    "d_total_h": -1.66,
    "d_cont_h": -2.0,
    "change_cd": "keep_ok",
    "변화": "유지 충족"
   }
  },
  {
   "type": "Feature",
   "geometry": {
    "type": "Point",
    "coordinates": [
     126.93603369,
     37.52317639
    ]
   },
   "properties": {
    "pid": "체육관동(정보화센타) 1층-20",
    "school": "여의도중학교",
    "jibun": "40-1",
    "kind": "교사동 창면",
    "dong": "체육관동(정보화센타)",
    "facade": "체육관동(정보화센타)",
    "floor": 1,
    "source": "도면기준",
    "z_m": 2.05,
    "normal_az": 120.1,
    "s1_total_h": 5.5,
    "s1_cont_h": 5.17,
    "s1_pass_a": true,
    "s1_pass_b": true,
    "s2_total_h": 4.0,
    "s2_cont_h": 3.67,
    "s2_pass_a": true,
    "s2_pass_b": true,
    "d_total_h": -1.5,
    "d_cont_h": -1.5,
    "change_cd": "keep_ok",
    "변화": "유지 충족"
   }
  },
  {
   "type": "Feature",
   "geometry": {
    "type": "Point",
    "coordinates": [
     126.93603369,
     37.52317639
    ]
   },
   "properties": {
    "pid": "체육관동(정보화센타) 2층-20",
    "school": "여의도중학교",
    "jibun": "40-1",
    "kind": "교사동 창면",
    "dong": "체육관동(정보화센타)",
    "facade": "체육관동(정보화센타)",
    "floor": 2,
    "source": "도면기준",
    "z_m": 5.95,
    "normal_az": 120.1,
    "s1_total_h": 6.0,
    "s1_cont_h": 6.0,
    "s1_pass_a": true,
    "s1_pass_b": true,
    "s2_total_h": 4.5,
    "s2_cont_h": 4.5,
    "s2_pass_a": true,
    "s2_pass_b": true,
    "d_total_h": -1.5,
    "d_cont_h": -1.5,
    "change_cd": "keep_ok",
    "변화": "유지 충족"
   }
  },
  {
   "type": "Feature",
   "geometry": {
    "type": "Point",
    "coordinates": [
     126.93603369,
     37.52317639
    ]
   },
   "properties": {
    "pid": "체육관동(정보화센타) 3층-20",
    "school": "여의도중학교",
    "jibun": "40-1",
    "kind": "교사동 창면",
    "dong": "체육관동(정보화센타)",
    "facade": "체육관동(정보화센타)",
    "floor": 3,
    "source": "도면기준",
    "z_m": 9.55,
    "normal_az": 120.1,
    "s1_total_h": 6.0,
    "s1_cont_h": 6.0,
    "s1_pass_a": true,
    "s1_pass_b": true,
    "s2_total_h": 4.5,
    "s2_cont_h": 4.5,
    "s2_pass_a": true,
    "s2_pass_b": true,
    "d_total_h": -1.5,
    "d_cont_h": -1.5,
    "change_cd": "keep_ok",
    "변화": "유지 충족"
   }
  },
  {
   "type": "Feature",
   "geometry": {
    "type": "Point",
    "coordinates": [
     126.93603369,
     37.52317639
    ]
   },
   "properties": {
    "pid": "체육관동(정보화센타) 4층-20",
    "school": "여의도중학교",
    "jibun": "40-1",
    "kind": "교사동 창면",
    "dong": "체육관동(정보화센타)",
    "facade": "체육관동(정보화센타)",
    "floor": 4,
    "source": "도면기준",
    "z_m": 13.15,
    "normal_az": 120.1,
    "s1_total_h": 6.0,
    "s1_cont_h": 6.0,
    "s1_pass_a": true,
    "s1_pass_b": true,
    "s2_total_h": 4.5,
    "s2_cont_h": 4.5,
    "s2_pass_a": true,
    "s2_pass_b": true,
    "d_total_h": -1.5,
    "d_cont_h": -1.5,
    "change_cd": "keep_ok",
    "변화": "유지 충족"
   }
  },
  {
   "type": "Feature",
   "geometry": {
    "type": "Point",
    "coordinates": [
     126.93605828,
     37.52322143
    ]
   },
   "properties": {
    "pid": "체육관동(정보화센타) 1층-21",
    "school": "여의도중학교",
    "jibun": "40-1",
    "kind": "교사동 창면",
    "dong": "체육관동(정보화센타)",
    "facade": "체육관동(정보화센타)",
    "floor": 1,
    "source": "도면기준",
    "z_m": 2.05,
    "normal_az": 110.7,
    "s1_total_h": 5.0,
    "s1_cont_h": 5.0,
    "s1_pass_a": true,
    "s1_pass_b": true,
    "s2_total_h": 4.17,
    "s2_cont_h": 4.17,
    "s2_pass_a": true,
    "s2_pass_b": true,
    "d_total_h": -0.83,
    "d_cont_h": -0.83,
    "change_cd": "keep_ok",
    "변화": "유지 충족"
   }
  },
  {
   "type": "Feature",
   "geometry": {
    "type": "Point",
    "coordinates": [
     126.93605828,
     37.52322143
    ]
   },
   "properties": {
    "pid": "체육관동(정보화센타) 2층-21",
    "school": "여의도중학교",
    "jibun": "40-1",
    "kind": "교사동 창면",
    "dong": "체육관동(정보화센타)",
    "facade": "체육관동(정보화센타)",
    "floor": 2,
    "source": "도면기준",
    "z_m": 5.95,
    "normal_az": 110.7,
    "s1_total_h": 5.17,
    "s1_cont_h": 5.17,
    "s1_pass_a": true,
    "s1_pass_b": true,
    "s2_total_h": 4.33,
    "s2_cont_h": 4.33,
    "s2_pass_a": true,
    "s2_pass_b": true,
    "d_total_h": -0.84,
    "d_cont_h": -0.84,
    "change_cd": "keep_ok",
    "변화": "유지 충족"
   }
  },
  {
   "type": "Feature",
   "geometry": {
    "type": "Point",
    "coordinates": [
     126.93605828,
     37.52322143
    ]
   },
   "properties": {
    "pid": "체육관동(정보화센타) 3층-21",
    "school": "여의도중학교",
    "jibun": "40-1",
    "kind": "교사동 창면",
    "dong": "체육관동(정보화센타)",
    "facade": "체육관동(정보화센타)",
    "floor": 3,
    "source": "도면기준",
    "z_m": 9.55,
    "normal_az": 110.7,
    "s1_total_h": 5.33,
    "s1_cont_h": 5.33,
    "s1_pass_a": true,
    "s1_pass_b": true,
    "s2_total_h": 4.5,
    "s2_cont_h": 4.5,
    "s2_pass_a": true,
    "s2_pass_b": true,
    "d_total_h": -0.83,
    "d_cont_h": -0.83,
    "change_cd": "keep_ok",
    "변화": "유지 충족"
   }
  },
  {
   "type": "Feature",
   "geometry": {
    "type": "Point",
    "coordinates": [
     126.93605828,
     37.52322143
    ]
   },
   "properties": {
    "pid": "체육관동(정보화센타) 4층-21",
    "school": "여의도중학교",
    "jibun": "40-1",
    "kind": "교사동 창면",
    "dong": "체육관동(정보화센타)",
    "facade": "체육관동(정보화센타)",
    "floor": 4,
    "source": "도면기준",
    "z_m": 13.15,
    "normal_az": 110.7,
    "s1_total_h": 5.33,
    "s1_cont_h": 5.33,
    "s1_pass_a": true,
    "s1_pass_b": true,
    "s2_total_h": 4.5,
    "s2_cont_h": 4.5,
    "s2_pass_a": true,
    "s2_pass_b": true,
    "d_total_h": -0.83,
    "d_cont_h": -0.83,
    "change_cd": "keep_ok",
    "변화": "유지 충족"
   }
  },
  {
   "type": "Feature",
   "geometry": {
    "type": "Point",
    "coordinates": [
     126.93606959,
     37.52325291
    ]
   },
   "properties": {
    "pid": "체육관동(정보화센타) 1층-22",
    "school": "여의도중학교",
    "jibun": "40-1",
    "kind": "교사동 창면",
    "dong": "체육관동(정보화센타)",
    "facade": "체육관동(정보화센타)",
    "floor": 1,
    "source": "도면기준",
    "z_m": 2.05,
    "normal_az": 105.5,
    "s1_total_h": 4.67,
    "s1_cont_h": 4.67,
    "s1_pass_a": true,
    "s1_pass_b": true,
    "s2_total_h": 4.17,
    "s2_cont_h": 4.17,
    "s2_pass_a": true,
    "s2_pass_b": true,
    "d_total_h": -0.5,
    "d_cont_h": -0.5,
    "change_cd": "keep_ok",
    "변화": "유지 충족"
   }
  },
  {
   "type": "Feature",
   "geometry": {
    "type": "Point",
    "coordinates": [
     126.93606959,
     37.52325291
    ]
   },
   "properties": {
    "pid": "체육관동(정보화센타) 2층-22",
    "school": "여의도중학교",
    "jibun": "40-1",
    "kind": "교사동 창면",
    "dong": "체육관동(정보화센타)",
    "facade": "체육관동(정보화센타)",
    "floor": 2,
    "source": "도면기준",
    "z_m": 5.95,
    "normal_az": 105.5,
    "s1_total_h": 4.83,
    "s1_cont_h": 4.83,
    "s1_pass_a": true,
    "s1_pass_b": true,
    "s2_total_h": 4.33,
    "s2_cont_h": 4.33,
    "s2_pass_a": true,
    "s2_pass_b": true,
    "d_total_h": -0.5,
    "d_cont_h": -0.5,
    "change_cd": "keep_ok",
    "변화": "유지 충족"
   }
  },
  {
   "type": "Feature",
   "geometry": {
    "type": "Point",
    "coordinates": [
     126.93606959,
     37.52325291
    ]
   },
   "properties": {
    "pid": "체육관동(정보화센타) 3층-22",
    "school": "여의도중학교",
    "jibun": "40-1",
    "kind": "교사동 창면",
    "dong": "체육관동(정보화센타)",
    "facade": "체육관동(정보화센타)",
    "floor": 3,
    "source": "도면기준",
    "z_m": 9.55,
    "normal_az": 105.5,
    "s1_total_h": 5.0,
    "s1_cont_h": 5.0,
    "s1_pass_a": true,
    "s1_pass_b": true,
    "s2_total_h": 4.5,
    "s2_cont_h": 4.5,
    "s2_pass_a": true,
    "s2_pass_b": true,
    "d_total_h": -0.5,
    "d_cont_h": -0.5,
    "change_cd": "keep_ok",
    "변화": "유지 충족"
   }
  },
  {
   "type": "Feature",
   "geometry": {
    "type": "Point",
    "coordinates": [
     126.93606959,
     37.52325291
    ]
   },
   "properties": {
    "pid": "체육관동(정보화센타) 4층-22",
    "school": "여의도중학교",
    "jibun": "40-1",
    "kind": "교사동 창면",
    "dong": "체육관동(정보화센타)",
    "facade": "체육관동(정보화센타)",
    "floor": 4,
    "source": "도면기준",
    "z_m": 13.15,
    "normal_az": 105.5,
    "s1_total_h": 5.0,
    "s1_cont_h": 5.0,
    "s1_pass_a": true,
    "s1_pass_b": true,
    "s2_total_h": 4.5,
    "s2_cont_h": 4.5,
    "s2_pass_a": true,
    "s2_pass_b": true,
    "d_total_h": -0.5,
    "d_cont_h": -0.5,
    "change_cd": "keep_ok",
    "변화": "유지 충족"
   }
  },
  {
   "type": "Feature",
   "geometry": {
    "type": "Point",
    "coordinates": [
     126.93538988,
     37.52329441
    ]
   },
   "properties": {
    "pid": "체육관동 부속(원형부) 1층-1",
    "school": "여의도중학교",
    "jibun": "40-1",
    "kind": "교사동 창면",
    "dong": "체육관동 부속(원형부)",
    "facade": "체육관동 부속(원형부)",
    "floor": 1,
    "source": "도면기준",
    "z_m": 2.05,
    "normal_az": 260.7,
    "s1_total_h": 0.0,
    "s1_cont_h": 0.0,
    "s1_pass_a": false,
    "s1_pass_b": false,
    "s2_total_h": 0.0,
    "s2_cont_h": 0.0,
    "s2_pass_a": false,
    "s2_pass_b": false,
    "d_total_h": 0.0,
    "d_cont_h": 0.0,
    "change_cd": "keep_fail",
    "변화": "유지 불충족"
   }
  },
  {
   "type": "Feature",
   "geometry": {
    "type": "Point",
    "coordinates": [
     126.93538988,
     37.52329441
    ]
   },
   "properties": {
    "pid": "체육관동 부속(원형부) 2층-1",
    "school": "여의도중학교",
    "jibun": "40-1",
    "kind": "교사동 창면",
    "dong": "체육관동 부속(원형부)",
    "facade": "체육관동 부속(원형부)",
    "floor": 2,
    "source": "도면기준",
    "z_m": 5.95,
    "normal_az": 260.7,
    "s1_total_h": 0.5,
    "s1_cont_h": 0.5,
    "s1_pass_a": false,
    "s1_pass_b": false,
    "s2_total_h": 0.33,
    "s2_cont_h": 0.33,
    "s2_pass_a": false,
    "s2_pass_b": false,
    "d_total_h": -0.17,
    "d_cont_h": -0.17,
    "change_cd": "keep_fail",
    "변화": "유지 불충족"
   }
  },
  {
   "type": "Feature",
   "geometry": {
    "type": "Point",
    "coordinates": [
     126.93538988,
     37.52329441
    ]
   },
   "properties": {
    "pid": "체육관동 부속(원형부) 3층-1",
    "school": "여의도중학교",
    "jibun": "40-1",
    "kind": "교사동 창면",
    "dong": "체육관동 부속(원형부)",
    "facade": "체육관동 부속(원형부)",
    "floor": 3,
    "source": "도면기준",
    "z_m": 9.55,
    "normal_az": 260.7,
    "s1_total_h": 1.33,
    "s1_cont_h": 1.33,
    "s1_pass_a": false,
    "s1_pass_b": false,
    "s2_total_h": 1.17,
    "s2_cont_h": 1.17,
    "s2_pass_a": false,
    "s2_pass_b": false,
    "d_total_h": -0.16,
    "d_cont_h": -0.16,
    "change_cd": "keep_fail",
    "변화": "유지 불충족"
   }
  },
  {
   "type": "Feature",
   "geometry": {
    "type": "Point",
    "coordinates": [
     126.93538988,
     37.52329441
    ]
   },
   "properties": {
    "pid": "체육관동 부속(원형부) 4층-1",
    "school": "여의도중학교",
    "jibun": "40-1",
    "kind": "교사동 창면",
    "dong": "체육관동 부속(원형부)",
    "facade": "체육관동 부속(원형부)",
    "floor": 4,
    "source": "도면기준",
    "z_m": 13.15,
    "normal_az": 260.7,
    "s1_total_h": 1.5,
    "s1_cont_h": 1.5,
    "s1_pass_a": false,
    "s1_pass_b": false,
    "s2_total_h": 1.33,
    "s2_cont_h": 1.33,
    "s2_pass_a": false,
    "s2_pass_b": false,
    "d_total_h": -0.17,
    "d_cont_h": -0.17,
    "change_cd": "keep_fail",
    "변화": "유지 불충족"
   }
  },
  {
   "type": "Feature",
   "geometry": {
    "type": "Point",
    "coordinates": [
     126.93540066,
     37.52326256
    ]
   },
   "properties": {
    "pid": "체육관동 부속(원형부) 1층-2",
    "school": "여의도중학교",
    "jibun": "40-1",
    "kind": "교사동 창면",
    "dong": "체육관동 부속(원형부)",
    "facade": "체육관동 부속(원형부)",
    "floor": 1,
    "source": "도면기준",
    "z_m": 2.05,
    "normal_az": 249.6,
    "s1_total_h": 0.67,
    "s1_cont_h": 0.67,
    "s1_pass_a": false,
    "s1_pass_b": false,
    "s2_total_h": 0.0,
    "s2_cont_h": 0.0,
    "s2_pass_a": false,
    "s2_pass_b": false,
    "d_total_h": -0.67,
    "d_cont_h": -0.67,
    "change_cd": "keep_fail",
    "변화": "유지 불충족"
   }
  },
  {
   "type": "Feature",
   "geometry": {
    "type": "Point",
    "coordinates": [
     126.93540066,
     37.52326256
    ]
   },
   "properties": {
    "pid": "체육관동 부속(원형부) 2층-2",
    "school": "여의도중학교",
    "jibun": "40-1",
    "kind": "교사동 창면",
    "dong": "체육관동 부속(원형부)",
    "facade": "체육관동 부속(원형부)",
    "floor": 2,
    "source": "도면기준",
    "z_m": 5.95,
    "normal_az": 249.6,
    "s1_total_h": 1.0,
    "s1_cont_h": 1.0,
    "s1_pass_a": false,
    "s1_pass_b": false,
    "s2_total_h": 0.17,
    "s2_cont_h": 0.17,
    "s2_pass_a": false,
    "s2_pass_b": false,
    "d_total_h": -0.83,
    "d_cont_h": -0.83,
    "change_cd": "keep_fail",
    "변화": "유지 불충족"
   }
  },
  {
   "type": "Feature",
   "geometry": {
    "type": "Point",
    "coordinates": [
     126.93540066,
     37.52326256
    ]
   },
   "properties": {
    "pid": "체육관동 부속(원형부) 3층-2",
    "school": "여의도중학교",
    "jibun": "40-1",
    "kind": "교사동 창면",
    "dong": "체육관동 부속(원형부)",
    "facade": "체육관동 부속(원형부)",
    "floor": 3,
    "source": "도면기준",
    "z_m": 9.55,
    "normal_az": 249.6,
    "s1_total_h": 1.83,
    "s1_cont_h": 1.83,
    "s1_pass_a": false,
    "s1_pass_b": false,
    "s2_total_h": 1.0,
    "s2_cont_h": 1.0,
    "s2_pass_a": false,
    "s2_pass_b": false,
    "d_total_h": -0.83,
    "d_cont_h": -0.83,
    "change_cd": "keep_fail",
    "변화": "유지 불충족"
   }
  },
  {
   "type": "Feature",
   "geometry": {
    "type": "Point",
    "coordinates": [
     126.93540066,
     37.52326256
    ]
   },
   "properties": {
    "pid": "체육관동 부속(원형부) 4층-2",
    "school": "여의도중학교",
    "jibun": "40-1",
    "kind": "교사동 창면",
    "dong": "체육관동 부속(원형부)",
    "facade": "체육관동 부속(원형부)",
    "floor": 4,
    "source": "도면기준",
    "z_m": 13.15,
    "normal_az": 249.6,
    "s1_total_h": 2.33,
    "s1_cont_h": 2.33,
    "s1_pass_a": true,
    "s1_pass_b": true,
    "s2_total_h": 1.5,
    "s2_cont_h": 1.5,
    "s2_pass_a": false,
    "s2_pass_b": false,
    "d_total_h": -0.83,
    "d_cont_h": -0.83,
    "change_cd": "new_fail",
    "변화": "신규 불충족"
   }
  },
  {
   "type": "Feature",
   "geometry": {
    "type": "Point",
    "coordinates": [
     126.93542711,
     37.52321826
    ]
   },
   "properties": {
    "pid": "체육관동 부속(원형부) 1층-3",
    "school": "여의도중학교",
    "jibun": "40-1",
    "kind": "교사동 창면",
    "dong": "체육관동 부속(원형부)",
    "facade": "체육관동 부속(원형부)",
    "floor": 1,
    "source": "도면기준",
    "z_m": 2.05,
    "normal_az": 241.3,
    "s1_total_h": 1.5,
    "s1_cont_h": 1.5,
    "s1_pass_a": false,
    "s1_pass_b": false,
    "s2_total_h": 0.5,
    "s2_cont_h": 0.5,
    "s2_pass_a": false,
    "s2_pass_b": false,
    "d_total_h": -1.0,
    "d_cont_h": -1.0,
    "change_cd": "keep_fail",
    "변화": "유지 불충족"
   }
  },
  {
   "type": "Feature",
   "geometry": {
    "type": "Point",
    "coordinates": [
     126.93542711,
     37.52321826
    ]
   },
   "properties": {
    "pid": "체육관동 부속(원형부) 2층-3",
    "school": "여의도중학교",
    "jibun": "40-1",
    "kind": "교사동 창면",
    "dong": "체육관동 부속(원형부)",
    "facade": "체육관동 부속(원형부)",
    "floor": 2,
    "source": "도면기준",
    "z_m": 5.95,
    "normal_az": 241.3,
    "s1_total_h": 1.5,
    "s1_cont_h": 1.5,
    "s1_pass_a": false,
    "s1_pass_b": false,
    "s2_total_h": 0.5,
    "s2_cont_h": 0.5,
    "s2_pass_a": false,
    "s2_pass_b": false,
    "d_total_h": -1.0,
    "d_cont_h": -1.0,
    "change_cd": "keep_fail",
    "변화": "유지 불충족"
   }
  },
  {
   "type": "Feature",
   "geometry": {
    "type": "Point",
    "coordinates": [
     126.93542711,
     37.52321826
    ]
   },
   "properties": {
    "pid": "체육관동 부속(원형부) 3층-3",
    "school": "여의도중학교",
    "jibun": "40-1",
    "kind": "교사동 창면",
    "dong": "체육관동 부속(원형부)",
    "facade": "체육관동 부속(원형부)",
    "floor": 3,
    "source": "도면기준",
    "z_m": 9.55,
    "normal_az": 241.3,
    "s1_total_h": 2.17,
    "s1_cont_h": 2.17,
    "s1_pass_a": true,
    "s1_pass_b": true,
    "s2_total_h": 1.0,
    "s2_cont_h": 0.5,
    "s2_pass_a": false,
    "s2_pass_b": false,
    "d_total_h": -1.17,
    "d_cont_h": -1.67,
    "change_cd": "new_fail",
    "변화": "신규 불충족"
   }
  },
  {
   "type": "Feature",
   "geometry": {
    "type": "Point",
    "coordinates": [
     126.93542711,
     37.52321826
    ]
   },
   "properties": {
    "pid": "체육관동 부속(원형부) 4층-3",
    "school": "여의도중학교",
    "jibun": "40-1",
    "kind": "교사동 창면",
    "dong": "체육관동 부속(원형부)",
    "facade": "체육관동 부속(원형부)",
    "floor": 4,
    "source": "도면기준",
    "z_m": 13.15,
    "normal_az": 241.3,
    "s1_total_h": 3.0,
    "s1_cont_h": 3.0,
    "s1_pass_a": true,
    "s1_pass_b": true,
    "s2_total_h": 1.83,
    "s2_cont_h": 1.33,
    "s2_pass_a": false,
    "s2_pass_b": false,
    "d_total_h": -1.17,
    "d_cont_h": -1.67,
    "change_cd": "new_fail",
    "변화": "신규 불충족"
   }
  },
  {
   "type": "Feature",
   "geometry": {
    "type": "Point",
    "coordinates": [
     126.93545077,
     37.52319121
    ]
   },
   "properties": {
    "pid": "체육관동 부속(원형부) 1층-4",
    "school": "여의도중학교",
    "jibun": "40-1",
    "kind": "교사동 창면",
    "dong": "체육관동 부속(원형부)",
    "facade": "체육관동 부속(원형부)",
    "floor": 1,
    "source": "도면기준",
    "z_m": 2.05,
    "normal_az": 230.9,
    "s1_total_h": 2.33,
    "s1_cont_h": 2.33,
    "s1_pass_a": true,
    "s1_pass_b": true,
    "s2_total_h": 1.33,
    "s2_cont_h": 1.33,
    "s2_pass_a": false,
    "s2_pass_b": false,
    "d_total_h": -1.0,
    "d_cont_h": -1.0,
    "change_cd": "new_fail",
    "변화": "신규 불충족"
   }
  },
  {
   "type": "Feature",
   "geometry": {
    "type": "Point",
    "coordinates": [
     126.93545077,
     37.52319121
    ]
   },
   "properties": {
    "pid": "체육관동 부속(원형부) 2층-4",
    "school": "여의도중학교",
    "jibun": "40-1",
    "kind": "교사동 창면",
    "dong": "체육관동 부속(원형부)",
    "facade": "체육관동 부속(원형부)",
    "floor": 2,
    "source": "도면기준",
    "z_m": 5.95,
    "normal_az": 230.9,
    "s1_total_h": 2.67,
    "s1_cont_h": 2.67,
    "s1_pass_a": true,
    "s1_pass_b": true,
    "s2_total_h": 1.5,
    "s2_cont_h": 1.33,
    "s2_pass_a": false,
    "s2_pass_b": false,
    "d_total_h": -1.17,
    "d_cont_h": -1.34,
    "change_cd": "new_fail",
    "변화": "신규 불충족"
   }
  },
  {
   "type": "Feature",
   "geometry": {
    "type": "Point",
    "coordinates": [
     126.93545077,
     37.52319121
    ]
   },
   "properties": {
    "pid": "체육관동 부속(원형부) 3층-4",
    "school": "여의도중학교",
    "jibun": "40-1",
    "kind": "교사동 창면",
    "dong": "체육관동 부속(원형부)",
    "facade": "체육관동 부속(원형부)",
    "floor": 3,
    "source": "도면기준",
    "z_m": 9.55,
    "normal_az": 230.9,
    "s1_total_h": 3.0,
    "s1_cont_h": 3.0,
    "s1_pass_a": true,
    "s1_pass_b": true,
    "s2_total_h": 1.83,
    "s2_cont_h": 1.33,
    "s2_pass_a": false,
    "s2_pass_b": false,
    "d_total_h": -1.17,
    "d_cont_h": -1.67,
    "change_cd": "new_fail",
    "변화": "신규 불충족"
   }
  },
  {
   "type": "Feature",
   "geometry": {
    "type": "Point",
    "coordinates": [
     126.93545077,
     37.52319121
    ]
   },
   "properties": {
    "pid": "체육관동 부속(원형부) 4층-4",
    "school": "여의도중학교",
    "jibun": "40-1",
    "kind": "교사동 창면",
    "dong": "체육관동 부속(원형부)",
    "facade": "체육관동 부속(원형부)",
    "floor": 4,
    "source": "도면기준",
    "z_m": 13.15,
    "normal_az": 230.9,
    "s1_total_h": 3.83,
    "s1_cont_h": 3.83,
    "s1_pass_a": true,
    "s1_pass_b": true,
    "s2_total_h": 2.67,
    "s2_cont_h": 1.33,
    "s2_pass_a": false,
    "s2_pass_b": false,
    "d_total_h": -1.16,
    "d_cont_h": -2.5,
    "change_cd": "new_fail",
    "변화": "신규 불충족"
   }
  },
  {
   "type": "Feature",
   "geometry": {
    "type": "Point",
    "coordinates": [
     126.93548937,
     37.52315351
    ]
   },
   "properties": {
    "pid": "체육관동 부속(원형부) 1층-5",
    "school": "여의도중학교",
    "jibun": "40-1",
    "kind": "교사동 창면",
    "dong": "체육관동 부속(원형부)",
    "facade": "체육관동 부속(원형부)",
    "floor": 1,
    "source": "도면기준",
    "z_m": 2.05,
    "normal_az": 230.9,
    "s1_total_h": 2.33,
    "s1_cont_h": 2.33,
    "s1_pass_a": true,
    "s1_pass_b": true,
    "s2_total_h": 1.5,
    "s2_cont_h": 1.5,
    "s2_pass_a": false,
    "s2_pass_b": false,
    "d_total_h": -0.83,
    "d_cont_h": -0.83,
    "change_cd": "new_fail",
    "변화": "신규 불충족"
   }
  },
  {
   "type": "Feature",
   "geometry": {
    "type": "Point",
    "coordinates": [
     126.93548937,
     37.52315351
    ]
   },
   "properties": {
    "pid": "체육관동 부속(원형부) 2층-5",
    "school": "여의도중학교",
    "jibun": "40-1",
    "kind": "교사동 창면",
    "dong": "체육관동 부속(원형부)",
    "facade": "체육관동 부속(원형부)",
    "floor": 2,
    "source": "도면기준",
    "z_m": 5.95,
    "normal_az": 230.9,
    "s1_total_h": 3.0,
    "s1_cont_h": 3.0,
    "s1_pass_a": true,
    "s1_pass_b": true,
    "s2_total_h": 1.83,
    "s2_cont_h": 1.5,
    "s2_pass_a": false,
    "s2_pass_b": false,
    "d_total_h": -1.17,
    "d_cont_h": -1.5,
    "change_cd": "new_fail",
    "변화": "신규 불충족"
   }
  },
  {
   "type": "Feature",
   "geometry": {
    "type": "Point",
    "coordinates": [
     126.93548937,
     37.52315351
    ]
   },
   "properties": {
    "pid": "체육관동 부속(원형부) 3층-5",
    "school": "여의도중학교",
    "jibun": "40-1",
    "kind": "교사동 창면",
    "dong": "체육관동 부속(원형부)",
    "facade": "체육관동 부속(원형부)",
    "floor": 3,
    "source": "도면기준",
    "z_m": 9.55,
    "normal_az": 230.9,
    "s1_total_h": 3.5,
    "s1_cont_h": 3.5,
    "s1_pass_a": true,
    "s1_pass_b": true,
    "s2_total_h": 2.33,
    "s2_cont_h": 1.5,
    "s2_pass_a": false,
    "s2_pass_b": false,
    "d_total_h": -1.17,
    "d_cont_h": -2.0,
    "change_cd": "new_fail",
    "변화": "신규 불충족"
   }
  },
  {
   "type": "Feature",
   "geometry": {
    "type": "Point",
    "coordinates": [
     126.93548937,
     37.52315351
    ]
   },
   "properties": {
    "pid": "체육관동 부속(원형부) 4층-5",
    "school": "여의도중학교",
    "jibun": "40-1",
    "kind": "교사동 창면",
    "dong": "체육관동 부속(원형부)",
    "facade": "체육관동 부속(원형부)",
    "floor": 4,
    "source": "도면기준",
    "z_m": 13.15,
    "normal_az": 230.9,
    "s1_total_h": 4.0,
    "s1_cont_h": 4.0,
    "s1_pass_a": true,
    "s1_pass_b": true,
    "s2_total_h": 2.83,
    "s2_cont_h": 1.5,
    "s2_pass_a": false,
    "s2_pass_b": false,
    "d_total_h": -1.17,
    "d_cont_h": -2.5,
    "change_cd": "new_fail",
    "변화": "신규 불충족"
   }
  },
  {
   "type": "Feature",
   "geometry": {
    "type": "Point",
    "coordinates": [
     126.9355151,
     37.52312836
    ]
   },
   "properties": {
    "pid": "체육관동 부속(원형부) 1층-6",
    "school": "여의도중학교",
    "jibun": "40-1",
    "kind": "교사동 창면",
    "dong": "체육관동 부속(원형부)",
    "facade": "체육관동 부속(원형부)",
    "floor": 1,
    "source": "도면기준",
    "z_m": 2.05,
    "normal_az": 230.9,
    "s1_total_h": 2.67,
    "s1_cont_h": 2.67,
    "s1_pass_a": true,
    "s1_pass_b": true,
    "s2_total_h": 1.5,
    "s2_cont_h": 1.5,
    "s2_pass_a": false,
    "s2_pass_b": false,
    "d_total_h": -1.17,
    "d_cont_h": -1.17,
    "change_cd": "new_fail",
    "변화": "신규 불충족"
   }
  },
  {
   "type": "Feature",
   "geometry": {
    "type": "Point",
    "coordinates": [
     126.9355151,
     37.52312836
    ]
   },
   "properties": {
    "pid": "체육관동 부속(원형부) 2층-6",
    "school": "여의도중학교",
    "jibun": "40-1",
    "kind": "교사동 창면",
    "dong": "체육관동 부속(원형부)",
    "facade": "체육관동 부속(원형부)",
    "floor": 2,
    "source": "도면기준",
    "z_m": 5.95,
    "normal_az": 230.9,
    "s1_total_h": 3.0,
    "s1_cont_h": 3.0,
    "s1_pass_a": true,
    "s1_pass_b": true,
    "s2_total_h": 1.67,
    "s2_cont_h": 1.5,
    "s2_pass_a": false,
    "s2_pass_b": false,
    "d_total_h": -1.33,
    "d_cont_h": -1.5,
    "change_cd": "new_fail",
    "변화": "신규 불충족"
   }
  },
  {
   "type": "Feature",
   "geometry": {
    "type": "Point",
    "coordinates": [
     126.9355151,
     37.52312836
    ]
   },
   "properties": {
    "pid": "체육관동 부속(원형부) 3층-6",
    "school": "여의도중학교",
    "jibun": "40-1",
    "kind": "교사동 창면",
    "dong": "체육관동 부속(원형부)",
    "facade": "체육관동 부속(원형부)",
    "floor": 3,
    "source": "도면기준",
    "z_m": 9.55,
    "normal_az": 230.9,
    "s1_total_h": 3.83,
    "s1_cont_h": 3.83,
    "s1_pass_a": true,
    "s1_pass_b": true,
    "s2_total_h": 2.5,
    "s2_cont_h": 1.5,
    "s2_pass_a": false,
    "s2_pass_b": false,
    "d_total_h": -1.33,
    "d_cont_h": -2.33,
    "change_cd": "new_fail",
    "변화": "신규 불충족"
   }
  },
  {
   "type": "Feature",
   "geometry": {
    "type": "Point",
    "coordinates": [
     126.9355151,
     37.52312836
    ]
   },
   "properties": {
    "pid": "체육관동 부속(원형부) 4층-6",
    "school": "여의도중학교",
    "jibun": "40-1",
    "kind": "교사동 창면",
    "dong": "체육관동 부속(원형부)",
    "facade": "체육관동 부속(원형부)",
    "floor": 4,
    "source": "도면기준",
    "z_m": 13.15,
    "normal_az": 230.9,
    "s1_total_h": 4.0,
    "s1_cont_h": 4.0,
    "s1_pass_a": true,
    "s1_pass_b": true,
    "s2_total_h": 2.67,
    "s2_cont_h": 1.5,
    "s2_pass_a": false,
    "s2_pass_b": false,
    "d_total_h": -1.33,
    "d_cont_h": -2.5,
    "change_cd": "new_fail",
    "변화": "신규 불충족"
   }
  },
  {
   "type": "Feature",
   "geometry": {
    "type": "Point",
    "coordinates": [
     126.9355537,
     37.52309065
    ]
   },
   "properties": {
    "pid": "체육관동 부속(원형부) 1층-7",
    "school": "여의도중학교",
    "jibun": "40-1",
    "kind": "교사동 창면",
    "dong": "체육관동 부속(원형부)",
    "facade": "체육관동 부속(원형부)",
    "floor": 1,
    "source": "도면기준",
    "z_m": 2.05,
    "normal_az": 230.9,
    "s1_total_h": 2.33,
    "s1_cont_h": 1.17,
    "s1_pass_a": false,
    "s1_pass_b": false,
    "s2_total_h": 1.67,
    "s2_cont_h": 1.5,
    "s2_pass_a": false,
    "s2_pass_b": false,
    "d_total_h": -0.66,
    "d_cont_h": 0.33,
    "change_cd": "keep_fail",
    "변화": "유지 불충족"
   }
  },
  {
   "type": "Feature",
   "geometry": {
    "type": "Point",
    "coordinates": [
     126.9355537,
     37.52309065
    ]
   },
   "properties": {
    "pid": "체육관동 부속(원형부) 2층-7",
    "school": "여의도중학교",
    "jibun": "40-1",
    "kind": "교사동 창면",
    "dong": "체육관동 부속(원형부)",
    "facade": "체육관동 부속(원형부)",
    "floor": 2,
    "source": "도면기준",
    "z_m": 5.95,
    "normal_az": 230.9,
    "s1_total_h": 3.17,
    "s1_cont_h": 3.17,
    "s1_pass_a": true,
    "s1_pass_b": true,
    "s2_total_h": 1.83,
    "s2_cont_h": 1.67,
    "s2_pass_a": false,
    "s2_pass_b": false,
    "d_total_h": -1.34,
    "d_cont_h": -1.5,
    "change_cd": "new_fail",
    "변화": "신규 불충족"
   }
  },
  {
   "type": "Feature",
   "geometry": {
    "type": "Point",
    "coordinates": [
     126.9355537,
     37.52309065
    ]
   },
   "properties": {
    "pid": "체육관동 부속(원형부) 3층-7",
    "school": "여의도중학교",
    "jibun": "40-1",
    "kind": "교사동 창면",
    "dong": "체육관동 부속(원형부)",
    "facade": "체육관동 부속(원형부)",
    "floor": 3,
    "source": "도면기준",
    "z_m": 9.55,
    "normal_az": 230.9,
    "s1_total_h": 3.83,
    "s1_cont_h": 3.83,
    "s1_pass_a": true,
    "s1_pass_b": true,
    "s2_total_h": 2.5,
    "s2_cont_h": 1.67,
    "s2_pass_a": false,
    "s2_pass_b": false,
    "d_total_h": -1.33,
    "d_cont_h": -2.16,
    "change_cd": "new_fail",
    "변화": "신규 불충족"
   }
  },
  {
   "type": "Feature",
   "geometry": {
    "type": "Point",
    "coordinates": [
     126.9355537,
     37.52309065
    ]
   },
   "properties": {
    "pid": "체육관동 부속(원형부) 4층-7",
    "school": "여의도중학교",
    "jibun": "40-1",
    "kind": "교사동 창면",
    "dong": "체육관동 부속(원형부)",
    "facade": "체육관동 부속(원형부)",
    "floor": 4,
    "source": "도면기준",
    "z_m": 13.15,
    "normal_az": 230.9,
    "s1_total_h": 4.17,
    "s1_cont_h": 4.17,
    "s1_pass_a": true,
    "s1_pass_b": true,
    "s2_total_h": 2.83,
    "s2_cont_h": 1.67,
    "s2_pass_a": false,
    "s2_pass_b": false,
    "d_total_h": -1.34,
    "d_cont_h": -2.5,
    "change_cd": "new_fail",
    "변화": "신규 불충족"
   }
  },
  {
   "type": "Feature",
   "geometry": {
    "type": "Point",
    "coordinates": [
     126.93557943,
     37.52306551
    ]
   },
   "properties": {
    "pid": "체육관동 부속(원형부) 1층-8",
    "school": "여의도중학교",
    "jibun": "40-1",
    "kind": "교사동 창면",
    "dong": "체육관동 부속(원형부)",
    "facade": "체육관동 부속(원형부)",
    "floor": 1,
    "source": "도면기준",
    "z_m": 2.05,
    "normal_az": 230.9,
    "s1_total_h": 1.5,
    "s1_cont_h": 1.17,
    "s1_pass_a": false,
    "s1_pass_b": false,
    "s2_total_h": 1.83,
    "s2_cont_h": 1.5,
    "s2_pass_a": false,
    "s2_pass_b": false,
    "d_total_h": 0.33,
    "d_cont_h": 0.33,
    "change_cd": "keep_fail",
    "변화": "유지 불충족"
   }
  },
  {
   "type": "Feature",
   "geometry": {
    "type": "Point",
    "coordinates": [
     126.93557943,
     37.52306551
    ]
   },
   "properties": {
    "pid": "체육관동 부속(원형부) 2층-8",
    "school": "여의도중학교",
    "jibun": "40-1",
    "kind": "교사동 창면",
    "dong": "체육관동 부속(원형부)",
    "facade": "체육관동 부속(원형부)",
    "floor": 2,
    "source": "도면기준",
    "z_m": 5.95,
    "normal_az": 230.9,
    "s1_total_h": 3.67,
    "s1_cont_h": 3.67,
    "s1_pass_a": true,
    "s1_pass_b": true,
    "s2_total_h": 2.33,
    "s2_cont_h": 1.67,
    "s2_pass_a": false,
    "s2_pass_b": false,
    "d_total_h": -1.34,
    "d_cont_h": -2.0,
    "change_cd": "new_fail",
    "변화": "신규 불충족"
   }
  },
  {
   "type": "Feature",
   "geometry": {
    "type": "Point",
    "coordinates": [
     126.93557943,
     37.52306551
    ]
   },
   "properties": {
    "pid": "체육관동 부속(원형부) 3층-8",
    "school": "여의도중학교",
    "jibun": "40-1",
    "kind": "교사동 창면",
    "dong": "체육관동 부속(원형부)",
    "facade": "체육관동 부속(원형부)",
    "floor": 3,
    "source": "도면기준",
    "z_m": 9.55,
    "normal_az": 230.9,
    "s1_total_h": 4.0,
    "s1_cont_h": 4.0,
    "s1_pass_a": true,
    "s1_pass_b": true,
    "s2_total_h": 2.67,
    "s2_cont_h": 1.67,
    "s2_pass_a": false,
    "s2_pass_b": false,
    "d_total_h": -1.33,
    "d_cont_h": -2.33,
    "change_cd": "new_fail",
    "변화": "신규 불충족"
   }
  },
  {
   "type": "Feature",
   "geometry": {
    "type": "Point",
    "coordinates": [
     126.93557943,
     37.52306551
    ]
   },
   "properties": {
    "pid": "체육관동 부속(원형부) 4층-8",
    "school": "여의도중학교",
    "jibun": "40-1",
    "kind": "교사동 창면",
    "dong": "체육관동 부속(원형부)",
    "facade": "체육관동 부속(원형부)",
    "floor": 4,
    "source": "도면기준",
    "z_m": 13.15,
    "normal_az": 230.9,
    "s1_total_h": 4.17,
    "s1_cont_h": 4.17,
    "s1_pass_a": true,
    "s1_pass_b": true,
    "s2_total_h": 2.83,
    "s2_cont_h": 1.67,
    "s2_pass_a": false,
    "s2_pass_b": false,
    "d_total_h": -1.34,
    "d_cont_h": -2.5,
    "change_cd": "new_fail",
    "변화": "신규 불충족"
   }
  },
  {
   "type": "Feature",
   "geometry": {
    "type": "Point",
    "coordinates": [
     126.93563239,
     37.52308951
    ]
   },
   "properties": {
    "pid": "체육관동 부속(원형부) 1층-9",
    "school": "여의도중학교",
    "jibun": "40-1",
    "kind": "교사동 창면",
    "dong": "체육관동 부속(원형부)",
    "facade": "체육관동 부속(원형부)",
    "floor": 1,
    "source": "도면기준",
    "z_m": 2.05,
    "normal_az": 140.9,
    "s1_total_h": 0.67,
    "s1_cont_h": 0.67,
    "s1_pass_a": false,
    "s1_pass_b": false,
    "s2_total_h": 0.67,
    "s2_cont_h": 0.67,
    "s2_pass_a": false,
    "s2_pass_b": false,
    "d_total_h": 0.0,
    "d_cont_h": 0.0,
    "change_cd": "keep_fail",
    "변화": "유지 불충족"
   }
  },
  {
   "type": "Feature",
   "geometry": {
    "type": "Point",
    "coordinates": [
     126.93563239,
     37.52308951
    ]
   },
   "properties": {
    "pid": "체육관동 부속(원형부) 2층-9",
    "school": "여의도중학교",
    "jibun": "40-1",
    "kind": "교사동 창면",
    "dong": "체육관동 부속(원형부)",
    "facade": "체육관동 부속(원형부)",
    "floor": 2,
    "source": "도면기준",
    "z_m": 5.95,
    "normal_az": 140.9,
    "s1_total_h": 0.83,
    "s1_cont_h": 0.83,
    "s1_pass_a": false,
    "s1_pass_b": false,
    "s2_total_h": 0.83,
    "s2_cont_h": 0.83,
    "s2_pass_a": false,
    "s2_pass_b": false,
    "d_total_h": 0.0,
    "d_cont_h": 0.0,
    "change_cd": "keep_fail",
    "변화": "유지 불충족"
   }
  },
  {
   "type": "Feature",
   "geometry": {
    "type": "Point",
    "coordinates": [
     126.93563239,
     37.52308951
    ]
   },
   "properties": {
    "pid": "체육관동 부속(원형부) 3층-9",
    "school": "여의도중학교",
    "jibun": "40-1",
    "kind": "교사동 창면",
    "dong": "체육관동 부속(원형부)",
    "facade": "체육관동 부속(원형부)",
    "floor": 3,
    "source": "도면기준",
    "z_m": 9.55,
    "normal_az": 140.9,
    "s1_total_h": 1.0,
    "s1_cont_h": 1.0,
    "s1_pass_a": false,
    "s1_pass_b": false,
    "s2_total_h": 1.0,
    "s2_cont_h": 1.0,
    "s2_pass_a": false,
    "s2_pass_b": false,
    "d_total_h": 0.0,
    "d_cont_h": 0.0,
    "change_cd": "keep_fail",
    "변화": "유지 불충족"
   }
  },
  {
   "type": "Feature",
   "geometry": {
    "type": "Point",
    "coordinates": [
     126.93563239,
     37.52308951
    ]
   },
   "properties": {
    "pid": "체육관동 부속(원형부) 4층-9",
    "school": "여의도중학교",
    "jibun": "40-1",
    "kind": "교사동 창면",
    "dong": "체육관동 부속(원형부)",
    "facade": "체육관동 부속(원형부)",
    "floor": 4,
    "source": "도면기준",
    "z_m": 13.15,
    "normal_az": 140.9,
    "s1_total_h": 1.33,
    "s1_cont_h": 1.0,
    "s1_pass_a": false,
    "s1_pass_b": false,
    "s2_total_h": 1.33,
    "s2_cont_h": 1.0,
    "s2_pass_a": false,
    "s2_pass_b": false,
    "d_total_h": 0.0,
    "d_cont_h": 0.0,
    "change_cd": "keep_fail",
    "변화": "유지 불충족"
   }
  },
  {
   "type": "Feature",
   "geometry": {
    "type": "Point",
    "coordinates": [
     126.93566398,
     37.52310998
    ]
   },
   "properties": {
    "pid": "체육관동 부속(원형부) 1층-10",
    "school": "여의도중학교",
    "jibun": "40-1",
    "kind": "교사동 창면",
    "dong": "체육관동 부속(원형부)",
    "facade": "체육관동 부속(원형부)",
    "floor": 1,
    "source": "도면기준",
    "z_m": 2.05,
    "normal_az": 140.9,
    "s1_total_h": 0.0,
    "s1_cont_h": 0.0,
    "s1_pass_a": false,
    "s1_pass_b": false,
    "s2_total_h": 0.0,
    "s2_cont_h": 0.0,
    "s2_pass_a": false,
    "s2_pass_b": false,
    "d_total_h": 0.0,
    "d_cont_h": 0.0,
    "change_cd": "keep_fail",
    "변화": "유지 불충족"
   }
  },
  {
   "type": "Feature",
   "geometry": {
    "type": "Point",
    "coordinates": [
     126.93566398,
     37.52310998
    ]
   },
   "properties": {
    "pid": "체육관동 부속(원형부) 2층-10",
    "school": "여의도중학교",
    "jibun": "40-1",
    "kind": "교사동 창면",
    "dong": "체육관동 부속(원형부)",
    "facade": "체육관동 부속(원형부)",
    "floor": 2,
    "source": "도면기준",
    "z_m": 5.95,
    "normal_az": 140.9,
    "s1_total_h": 0.0,
    "s1_cont_h": 0.0,
    "s1_pass_a": false,
    "s1_pass_b": false,
    "s2_total_h": 0.0,
    "s2_cont_h": 0.0,
    "s2_pass_a": false,
    "s2_pass_b": false,
    "d_total_h": 0.0,
    "d_cont_h": 0.0,
    "change_cd": "keep_fail",
    "변화": "유지 불충족"
   }
  },
  {
   "type": "Feature",
   "geometry": {
    "type": "Point",
    "coordinates": [
     126.93566398,
     37.52310998
    ]
   },
   "properties": {
    "pid": "체육관동 부속(원형부) 3층-10",
    "school": "여의도중학교",
    "jibun": "40-1",
    "kind": "교사동 창면",
    "dong": "체육관동 부속(원형부)",
    "facade": "체육관동 부속(원형부)",
    "floor": 3,
    "source": "도면기준",
    "z_m": 9.55,
    "normal_az": 140.9,
    "s1_total_h": 0.0,
    "s1_cont_h": 0.0,
    "s1_pass_a": false,
    "s1_pass_b": false,
    "s2_total_h": 0.0,
    "s2_cont_h": 0.0,
    "s2_pass_a": false,
    "s2_pass_b": false,
    "d_total_h": 0.0,
    "d_cont_h": 0.0,
    "change_cd": "keep_fail",
    "변화": "유지 불충족"
   }
  },
  {
   "type": "Feature",
   "geometry": {
    "type": "Point",
    "coordinates": [
     126.93566398,
     37.52310998
    ]
   },
   "properties": {
    "pid": "체육관동 부속(원형부) 4층-10",
    "school": "여의도중학교",
    "jibun": "40-1",
    "kind": "교사동 창면",
    "dong": "체육관동 부속(원형부)",
    "facade": "체육관동 부속(원형부)",
    "floor": 4,
    "source": "도면기준",
    "z_m": 13.15,
    "normal_az": 140.9,
    "s1_total_h": 0.5,
    "s1_cont_h": 0.5,
    "s1_pass_a": false,
    "s1_pass_b": false,
    "s2_total_h": 0.5,
    "s2_cont_h": 0.5,
    "s2_pass_a": false,
    "s2_pass_b": false,
    "d_total_h": 0.0,
    "d_cont_h": 0.0,
    "change_cd": "keep_fail",
    "변화": "유지 불충족"
   }
  },
  {
   "type": "Feature",
   "geometry": {
    "type": "Point",
    "coordinates": [
     126.93571137,
     37.52314068
    ]
   },
   "properties": {
    "pid": "체육관동 부속(원형부) 1층-11",
    "school": "여의도중학교",
    "jibun": "40-1",
    "kind": "교사동 창면",
    "dong": "체육관동 부속(원형부)",
    "facade": "체육관동 부속(원형부)",
    "floor": 1,
    "source": "도면기준",
    "z_m": 2.05,
    "normal_az": 140.9,
    "s1_total_h": 0.0,
    "s1_cont_h": 0.0,
    "s1_pass_a": false,
    "s1_pass_b": false,
    "s2_total_h": 0.0,
    "s2_cont_h": 0.0,
    "s2_pass_a": false,
    "s2_pass_b": false,
    "d_total_h": 0.0,
    "d_cont_h": 0.0,
    "change_cd": "keep_fail",
    "변화": "유지 불충족"
   }
  },
  {
   "type": "Feature",
   "geometry": {
    "type": "Point",
    "coordinates": [
     126.93571137,
     37.52314068
    ]
   },
   "properties": {
    "pid": "체육관동 부속(원형부) 2층-11",
    "school": "여의도중학교",
    "jibun": "40-1",
    "kind": "교사동 창면",
    "dong": "체육관동 부속(원형부)",
    "facade": "체육관동 부속(원형부)",
    "floor": 2,
    "source": "도면기준",
    "z_m": 5.95,
    "normal_az": 140.9,
    "s1_total_h": 0.0,
    "s1_cont_h": 0.0,
    "s1_pass_a": false,
    "s1_pass_b": false,
    "s2_total_h": 0.0,
    "s2_cont_h": 0.0,
    "s2_pass_a": false,
    "s2_pass_b": false,
    "d_total_h": 0.0,
    "d_cont_h": 0.0,
    "change_cd": "keep_fail",
    "변화": "유지 불충족"
   }
  },
  {
   "type": "Feature",
   "geometry": {
    "type": "Point",
    "coordinates": [
     126.93571137,
     37.52314068
    ]
   },
   "properties": {
    "pid": "체육관동 부속(원형부) 3층-11",
    "school": "여의도중학교",
    "jibun": "40-1",
    "kind": "교사동 창면",
    "dong": "체육관동 부속(원형부)",
    "facade": "체육관동 부속(원형부)",
    "floor": 3,
    "source": "도면기준",
    "z_m": 9.55,
    "normal_az": 140.9,
    "s1_total_h": 0.0,
    "s1_cont_h": 0.0,
    "s1_pass_a": false,
    "s1_pass_b": false,
    "s2_total_h": 0.0,
    "s2_cont_h": 0.0,
    "s2_pass_a": false,
    "s2_pass_b": false,
    "d_total_h": 0.0,
    "d_cont_h": 0.0,
    "change_cd": "keep_fail",
    "변화": "유지 불충족"
   }
  },
  {
   "type": "Feature",
   "geometry": {
    "type": "Point",
    "coordinates": [
     126.93571137,
     37.52314068
    ]
   },
   "properties": {
    "pid": "체육관동 부속(원형부) 4층-11",
    "school": "여의도중학교",
    "jibun": "40-1",
    "kind": "교사동 창면",
    "dong": "체육관동 부속(원형부)",
    "facade": "체육관동 부속(원형부)",
    "floor": 4,
    "source": "도면기준",
    "z_m": 13.15,
    "normal_az": 140.9,
    "s1_total_h": 0.5,
    "s1_cont_h": 0.5,
    "s1_pass_a": false,
    "s1_pass_b": false,
    "s2_total_h": 0.5,
    "s2_cont_h": 0.5,
    "s2_pass_a": false,
    "s2_pass_b": false,
    "d_total_h": 0.0,
    "d_cont_h": 0.0,
    "change_cd": "keep_fail",
    "변화": "유지 불충족"
   }
  },
  {
   "type": "Feature",
   "geometry": {
    "type": "Point",
    "coordinates": [
     126.93574296,
     37.52316115
    ]
   },
   "properties": {
    "pid": "체육관동 부속(원형부) 1층-12",
    "school": "여의도중학교",
    "jibun": "40-1",
    "kind": "교사동 창면",
    "dong": "체육관동 부속(원형부)",
    "facade": "체육관동 부속(원형부)",
    "floor": 1,
    "source": "도면기준",
    "z_m": 2.05,
    "normal_az": 140.9,
    "s1_total_h": 0.0,
    "s1_cont_h": 0.0,
    "s1_pass_a": false,
    "s1_pass_b": false,
    "s2_total_h": 0.0,
    "s2_cont_h": 0.0,
    "s2_pass_a": false,
    "s2_pass_b": false,
    "d_total_h": 0.0,
    "d_cont_h": 0.0,
    "change_cd": "keep_fail",
    "변화": "유지 불충족"
   }
  },
  {
   "type": "Feature",
   "geometry": {
    "type": "Point",
    "coordinates": [
     126.93574296,
     37.52316115
    ]
   },
   "properties": {
    "pid": "체육관동 부속(원형부) 2층-12",
    "school": "여의도중학교",
    "jibun": "40-1",
    "kind": "교사동 창면",
    "dong": "체육관동 부속(원형부)",
    "facade": "체육관동 부속(원형부)",
    "floor": 2,
    "source": "도면기준",
    "z_m": 5.95,
    "normal_az": 140.9,
    "s1_total_h": 0.0,
    "s1_cont_h": 0.0,
    "s1_pass_a": false,
    "s1_pass_b": false,
    "s2_total_h": 0.0,
    "s2_cont_h": 0.0,
    "s2_pass_a": false,
    "s2_pass_b": false,
    "d_total_h": 0.0,
    "d_cont_h": 0.0,
    "change_cd": "keep_fail",
    "변화": "유지 불충족"
   }
  },
  {
   "type": "Feature",
   "geometry": {
    "type": "Point",
    "coordinates": [
     126.93574296,
     37.52316115
    ]
   },
   "properties": {
    "pid": "체육관동 부속(원형부) 3층-12",
    "school": "여의도중학교",
    "jibun": "40-1",
    "kind": "교사동 창면",
    "dong": "체육관동 부속(원형부)",
    "facade": "체육관동 부속(원형부)",
    "floor": 3,
    "source": "도면기준",
    "z_m": 9.55,
    "normal_az": 140.9,
    "s1_total_h": 0.17,
    "s1_cont_h": 0.17,
    "s1_pass_a": false,
    "s1_pass_b": false,
    "s2_total_h": 0.17,
    "s2_cont_h": 0.17,
    "s2_pass_a": false,
    "s2_pass_b": false,
    "d_total_h": 0.0,
    "d_cont_h": 0.0,
    "change_cd": "keep_fail",
    "변화": "유지 불충족"
   }
  },
  {
   "type": "Feature",
   "geometry": {
    "type": "Point",
    "coordinates": [
     126.93574296,
     37.52316115
    ]
   },
   "properties": {
    "pid": "체육관동 부속(원형부) 4층-12",
    "school": "여의도중학교",
    "jibun": "40-1",
    "kind": "교사동 창면",
    "dong": "체육관동 부속(원형부)",
    "facade": "체육관동 부속(원형부)",
    "floor": 4,
    "source": "도면기준",
    "z_m": 13.15,
    "normal_az": 140.9,
    "s1_total_h": 0.5,
    "s1_cont_h": 0.5,
    "s1_pass_a": false,
    "s1_pass_b": false,
    "s2_total_h": 0.5,
    "s2_cont_h": 0.5,
    "s2_pass_a": false,
    "s2_pass_b": false,
    "d_total_h": 0.0,
    "d_cont_h": 0.0,
    "change_cd": "keep_fail",
    "변화": "유지 불충족"
   }
  },
  {
   "type": "Feature",
   "geometry": {
    "type": "Point",
    "coordinates": [
     126.93572951,
     37.52364516
    ]
   },
   "properties": {
    "pid": "여의도중학교 운동장-1",
    "school": "여의도중학교",
    "jibun": "40-1",
    "kind": "운동장 지반",
    "dong": "여의도중학교 운동장",
    "facade": "지반",
    "floor": 0,
    "source": "배치도 경계(래스터 계측) + 분석지점도 격자",
    "z_m": 0.0,
    "normal_az": 180.0,
    "s1_total_h": 0.5,
    "s1_cont_h": 0.5,
    "s1_pass_a": false,
    "s1_pass_b": false,
    "s2_total_h": 0.5,
    "s2_cont_h": 0.5,
    "s2_pass_a": false,
    "s2_pass_b": false,
    "d_total_h": 0.0,
    "d_cont_h": 0.0,
    "change_cd": "keep_fail",
    "변화": "유지 불충족"
   }
  },
  {
   "type": "Feature",
   "geometry": {
    "type": "Point",
    "coordinates": [
     126.93566691,
     37.52370889
    ]
   },
   "properties": {
    "pid": "여의도중학교 운동장-2",
    "school": "여의도중학교",
    "jibun": "40-1",
    "kind": "운동장 지반",
    "dong": "여의도중학교 운동장",
    "facade": "지반",
    "floor": 0,
    "source": "배치도 경계(래스터 계측) + 분석지점도 격자",
    "z_m": 0.0,
    "normal_az": 180.0,
    "s1_total_h": 1.83,
    "s1_cont_h": 1.33,
    "s1_pass_a": false,
    "s1_pass_b": false,
    "s2_total_h": 1.33,
    "s2_cont_h": 0.83,
    "s2_pass_a": false,
    "s2_pass_b": false,
    "d_total_h": -0.5,
    "d_cont_h": -0.5,
    "change_cd": "keep_fail",
    "변화": "유지 불충족"
   }
  },
  {
   "type": "Feature",
   "geometry": {
    "type": "Point",
    "coordinates": [
     126.93560432,
     37.52377261
    ]
   },
   "properties": {
    "pid": "여의도중학교 운동장-3",
    "school": "여의도중학교",
    "jibun": "40-1",
    "kind": "운동장 지반",
    "dong": "여의도중학교 운동장",
    "facade": "지반",
    "floor": 0,
    "source": "배치도 경계(래스터 계측) + 분석지점도 격자",
    "z_m": 0.0,
    "normal_az": 180.0,
    "s1_total_h": 3.17,
    "s1_cont_h": 2.17,
    "s1_pass_a": true,
    "s1_pass_b": true,
    "s2_total_h": 2.5,
    "s2_cont_h": 1.0,
    "s2_pass_a": false,
    "s2_pass_b": false,
    "d_total_h": -0.67,
    "d_cont_h": -1.17,
    "change_cd": "new_fail",
    "변화": "신규 불충족"
   }
  },
  {
   "type": "Feature",
   "geometry": {
    "type": "Point",
    "coordinates": [
     126.93554172,
     37.52383634
    ]
   },
   "properties": {
    "pid": "여의도중학교 운동장-4",
    "school": "여의도중학교",
    "jibun": "40-1",
    "kind": "운동장 지반",
    "dong": "여의도중학교 운동장",
    "facade": "지반",
    "floor": 0,
    "source": "배치도 경계(래스터 계측) + 분석지점도 격자",
    "z_m": 0.0,
    "normal_az": 180.0,
    "s1_total_h": 4.33,
    "s1_cont_h": 3.0,
    "s1_pass_a": true,
    "s1_pass_b": true,
    "s2_total_h": 3.5,
    "s2_cont_h": 1.17,
    "s2_pass_a": false,
    "s2_pass_b": false,
    "d_total_h": -0.83,
    "d_cont_h": -1.83,
    "change_cd": "new_fail",
    "변화": "신규 불충족"
   }
  },
  {
   "type": "Feature",
   "geometry": {
    "type": "Point",
    "coordinates": [
     126.93547913,
     37.52390006
    ]
   },
   "properties": {
    "pid": "여의도중학교 운동장-5",
    "school": "여의도중학교",
    "jibun": "40-1",
    "kind": "운동장 지반",
    "dong": "여의도중학교 운동장",
    "facade": "지반",
    "floor": 0,
    "source": "배치도 경계(래스터 계측) + 분석지점도 격자",
    "z_m": 0.0,
    "normal_az": 180.0,
    "s1_total_h": 5.17,
    "s1_cont_h": 3.67,
    "s1_pass_a": true,
    "s1_pass_b": true,
    "s2_total_h": 4.5,
    "s2_cont_h": 1.83,
    "s2_pass_a": true,
    "s2_pass_b": false,
    "d_total_h": -0.67,
    "d_cont_h": -1.84,
    "change_cd": "keep_ok",
    "변화": "유지 충족"
   }
  },
  {
   "type": "Feature",
   "geometry": {
    "type": "Point",
    "coordinates": [
     126.93541653,
     37.52396378
    ]
   },
   "properties": {
    "pid": "여의도중학교 운동장-6",
    "school": "여의도중학교",
    "jibun": "40-1",
    "kind": "운동장 지반",
    "dong": "여의도중학교 운동장",
    "facade": "지반",
    "floor": 0,
    "source": "배치도 경계(래스터 계측) + 분석지점도 격자",
    "z_m": 0.0,
    "normal_az": 180.0,
    "s1_total_h": 5.5,
    "s1_cont_h": 4.83,
    "s1_pass_a": true,
    "s1_pass_b": true,
    "s2_total_h": 4.83,
    "s2_cont_h": 2.17,
    "s2_pass_a": true,
    "s2_pass_b": true,
    "d_total_h": -0.67,
    "d_cont_h": -2.66,
    "change_cd": "keep_ok",
    "변화": "유지 충족"
   }
  },
  {
   "type": "Feature",
   "geometry": {
    "type": "Point",
    "coordinates": [
     126.93535393,
     37.52402751
    ]
   },
   "properties": {
    "pid": "여의도중학교 운동장-7",
    "school": "여의도중학교",
    "jibun": "40-1",
    "kind": "운동장 지반",
    "dong": "여의도중학교 운동장",
    "facade": "지반",
    "floor": 0,
    "source": "배치도 경계(래스터 계측) + 분석지점도 격자",
    "z_m": 0.0,
    "normal_az": 180.0,
    "s1_total_h": 5.67,
    "s1_cont_h": 5.67,
    "s1_pass_a": true,
    "s1_pass_b": true,
    "s2_total_h": 5.17,
    "s2_cont_h": 3.0,
    "s2_pass_a": true,
    "s2_pass_b": true,
    "d_total_h": -0.5,
    "d_cont_h": -2.67,
    "change_cd": "keep_ok",
    "변화": "유지 충족"
   }
  },
  {
   "type": "Feature",
   "geometry": {
    "type": "Point",
    "coordinates": [
     126.93529133,
     37.52409123
    ]
   },
   "properties": {
    "pid": "여의도중학교 운동장-8",
    "school": "여의도중학교",
    "jibun": "40-1",
    "kind": "운동장 지반",
    "dong": "여의도중학교 운동장",
    "facade": "지반",
    "floor": 0,
    "source": "배치도 경계(래스터 계측) + 분석지점도 격자",
    "z_m": 0.0,
    "normal_az": 180.0,
    "s1_total_h": 5.5,
    "s1_cont_h": 5.5,
    "s1_pass_a": true,
    "s1_pass_b": true,
    "s2_total_h": 5.0,
    "s2_cont_h": 3.0,
    "s2_pass_a": true,
    "s2_pass_b": true,
    "d_total_h": -0.5,
    "d_cont_h": -2.5,
    "change_cd": "keep_ok",
    "변화": "유지 충족"
   }
  },
  {
   "type": "Feature",
   "geometry": {
    "type": "Point",
    "coordinates": [
     126.93522873,
     37.52415495
    ]
   },
   "properties": {
    "pid": "여의도중학교 운동장-9",
    "school": "여의도중학교",
    "jibun": "40-1",
    "kind": "운동장 지반",
    "dong": "여의도중학교 운동장",
    "facade": "지반",
    "floor": 0,
    "source": "배치도 경계(래스터 계측) + 분석지점도 격자",
    "z_m": 0.0,
    "normal_az": 180.0,
    "s1_total_h": 5.5,
    "s1_cont_h": 5.5,
    "s1_pass_a": true,
    "s1_pass_b": true,
    "s2_total_h": 5.17,
    "s2_cont_h": 2.83,
    "s2_pass_a": true,
    "s2_pass_b": true,
    "d_total_h": -0.33,
    "d_cont_h": -2.67,
    "change_cd": "keep_ok",
    "변화": "유지 충족"
   }
  },
  {
   "type": "Feature",
   "geometry": {
    "type": "Point",
    "coordinates": [
     126.93516613,
     37.52421868
    ]
   },
   "properties": {
    "pid": "여의도중학교 운동장-10",
    "school": "여의도중학교",
    "jibun": "40-1",
    "kind": "운동장 지반",
    "dong": "여의도중학교 운동장",
    "facade": "지반",
    "floor": 0,
    "source": "배치도 경계(래스터 계측) + 분석지점도 격자",
    "z_m": 0.0,
    "normal_az": 180.0,
    "s1_total_h": 5.5,
    "s1_cont_h": 5.5,
    "s1_pass_a": true,
    "s1_pass_b": true,
    "s2_total_h": 5.5,
    "s2_cont_h": 5.5,
    "s2_pass_a": true,
    "s2_pass_b": true,
    "d_total_h": 0.0,
    "d_cont_h": 0.0,
    "change_cd": "keep_ok",
    "변화": "유지 충족"
   }
  },
  {
   "type": "Feature",
   "geometry": {
    "type": "Point",
    "coordinates": [
     126.93510354,
     37.5242824
    ]
   },
   "properties": {
    "pid": "여의도중학교 운동장-11",
    "school": "여의도중학교",
    "jibun": "40-1",
    "kind": "운동장 지반",
    "dong": "여의도중학교 운동장",
    "facade": "지반",
    "floor": 0,
    "source": "배치도 경계(래스터 계측) + 분석지점도 격자",
    "z_m": 0.0,
    "normal_az": 180.0,
    "s1_total_h": 5.5,
    "s1_cont_h": 5.5,
    "s1_pass_a": true,
    "s1_pass_b": true,
    "s2_total_h": 5.5,
    "s2_cont_h": 5.5,
    "s2_pass_a": true,
    "s2_pass_b": true,
    "d_total_h": 0.0,
    "d_cont_h": 0.0,
    "change_cd": "keep_ok",
    "변화": "유지 충족"
   }
  },
  {
   "type": "Feature",
   "geometry": {
    "type": "Point",
    "coordinates": [
     126.93504094,
     37.52434612
    ]
   },
   "properties": {
    "pid": "여의도중학교 운동장-12",
    "school": "여의도중학교",
    "jibun": "40-1",
    "kind": "운동장 지반",
    "dong": "여의도중학교 운동장",
    "facade": "지반",
    "floor": 0,
    "source": "배치도 경계(래스터 계측) + 분석지점도 격자",
    "z_m": 0.0,
    "normal_az": 180.0,
    "s1_total_h": 5.5,
    "s1_cont_h": 5.5,
    "s1_pass_a": true,
    "s1_pass_b": true,
    "s2_total_h": 5.5,
    "s2_cont_h": 5.5,
    "s2_pass_a": true,
    "s2_pass_b": true,
    "d_total_h": 0.0,
    "d_cont_h": 0.0,
    "change_cd": "keep_ok",
    "변화": "유지 충족"
   }
  },
  {
   "type": "Feature",
   "geometry": {
    "type": "Point",
    "coordinates": [
     126.93563771,
     37.52358796
    ]
   },
   "properties": {
    "pid": "여의도중학교 운동장-13",
    "school": "여의도중학교",
    "jibun": "40-1",
    "kind": "운동장 지반",
    "dong": "여의도중학교 운동장",
    "facade": "지반",
    "floor": 0,
    "source": "배치도 경계(래스터 계측) + 분석지점도 격자",
    "z_m": 0.0,
    "normal_az": 180.0,
    "s1_total_h": 0.83,
    "s1_cont_h": 0.83,
    "s1_pass_a": false,
    "s1_pass_b": false,
    "s2_total_h": 0.5,
    "s2_cont_h": 0.5,
    "s2_pass_a": false,
    "s2_pass_b": false,
    "d_total_h": -0.33,
    "d_cont_h": -0.33,
    "change_cd": "keep_fail",
    "변화": "유지 불충족"
   }
  },
  {
   "type": "Feature",
   "geometry": {
    "type": "Point",
    "coordinates": [
     126.93557512,
     37.52365168
    ]
   },
   "properties": {
    "pid": "여의도중학교 운동장-14",
    "school": "여의도중학교",
    "jibun": "40-1",
    "kind": "운동장 지반",
    "dong": "여의도중학교 운동장",
    "facade": "지반",
    "floor": 0,
    "source": "배치도 경계(래스터 계측) + 분석지점도 격자",
    "z_m": 0.0,
    "normal_az": 180.0,
    "s1_total_h": 2.83,
    "s1_cont_h": 2.33,
    "s1_pass_a": true,
    "s1_pass_b": true,
    "s2_total_h": 2.0,
    "s2_cont_h": 0.83,
    "s2_pass_a": false,
    "s2_pass_b": false,
    "d_total_h": -0.83,
    "d_cont_h": -1.5,
    "change_cd": "new_fail",
    "변화": "신규 불충족"
   }
  },
  {
   "type": "Feature",
   "geometry": {
    "type": "Point",
    "coordinates": [
     126.93551251,
     37.5237154
    ]
   },
   "properties": {
    "pid": "여의도중학교 운동장-15",
    "school": "여의도중학교",
    "jibun": "40-1",
    "kind": "운동장 지반",
    "dong": "여의도중학교 운동장",
    "facade": "지반",
    "floor": 0,
    "source": "배치도 경계(래스터 계측) + 분석지점도 격자",
    "z_m": 0.0,
    "normal_az": 180.0,
    "s1_total_h": 3.67,
    "s1_cont_h": 2.83,
    "s1_pass_a": true,
    "s1_pass_b": true,
    "s2_total_h": 3.0,
    "s2_cont_h": 1.17,
    "s2_pass_a": false,
    "s2_pass_b": false,
    "d_total_h": -0.67,
    "d_cont_h": -1.66,
    "change_cd": "new_fail",
    "변화": "신규 불충족"
   }
  },
  {
   "type": "Feature",
   "geometry": {
    "type": "Point",
    "coordinates": [
     126.93544991,
     37.52377913
    ]
   },
   "properties": {
    "pid": "여의도중학교 운동장-16",
    "school": "여의도중학교",
    "jibun": "40-1",
    "kind": "운동장 지반",
    "dong": "여의도중학교 운동장",
    "facade": "지반",
    "floor": 0,
    "source": "배치도 경계(래스터 계측) + 분석지점도 격자",
    "z_m": 0.0,
    "normal_az": 180.0,
    "s1_total_h": 4.0,
    "s1_cont_h": 3.17,
    "s1_pass_a": true,
    "s1_pass_b": true,
    "s2_total_h": 3.33,
    "s2_cont_h": 1.33,
    "s2_pass_a": false,
    "s2_pass_b": false,
    "d_total_h": -0.67,
    "d_cont_h": -1.84,
    "change_cd": "new_fail",
    "변화": "신규 불충족"
   }
  },
  {
   "type": "Feature",
   "geometry": {
    "type": "Point",
    "coordinates": [
     126.93538732,
     37.52384285
    ]
   },
   "properties": {
    "pid": "여의도중학교 운동장-17",
    "school": "여의도중학교",
    "jibun": "40-1",
    "kind": "운동장 지반",
    "dong": "여의도중학교 운동장",
    "facade": "지반",
    "floor": 0,
    "source": "배치도 경계(래스터 계측) + 분석지점도 격자",
    "z_m": 0.0,
    "normal_az": 180.0,
    "s1_total_h": 4.33,
    "s1_cont_h": 3.5,
    "s1_pass_a": true,
    "s1_pass_b": true,
    "s2_total_h": 3.67,
    "s2_cont_h": 1.67,
    "s2_pass_a": false,
    "s2_pass_b": false,
    "d_total_h": -0.66,
    "d_cont_h": -1.83,
    "change_cd": "new_fail",
    "변화": "신규 불충족"
   }
  },
  {
   "type": "Feature",
   "geometry": {
    "type": "Point",
    "coordinates": [
     126.93532472,
     37.52390657
    ]
   },
   "properties": {
    "pid": "여의도중학교 운동장-18",
    "school": "여의도중학교",
    "jibun": "40-1",
    "kind": "운동장 지반",
    "dong": "여의도중학교 운동장",
    "facade": "지반",
    "floor": 0,
    "source": "배치도 경계(래스터 계측) + 분석지점도 격자",
    "z_m": 0.0,
    "normal_az": 180.0,
    "s1_total_h": 4.5,
    "s1_cont_h": 4.5,
    "s1_pass_a": true,
    "s1_pass_b": true,
    "s2_total_h": 3.83,
    "s2_cont_h": 2.0,
    "s2_pass_a": true,
    "s2_pass_b": true,
    "d_total_h": -0.67,
    "d_cont_h": -2.5,
    "change_cd": "keep_ok",
    "변화": "유지 충족"
   }
  },
  {
   "type": "Feature",
   "geometry": {
    "type": "Point",
    "coordinates": [
     126.93526213,
     37.5239703
    ]
   },
   "properties": {
    "pid": "여의도중학교 운동장-19",
    "school": "여의도중학교",
    "jibun": "40-1",
    "kind": "운동장 지반",
    "dong": "여의도중학교 운동장",
    "facade": "지반",
    "floor": 0,
    "source": "배치도 경계(래스터 계측) + 분석지점도 격자",
    "z_m": 0.0,
    "normal_az": 180.0,
    "s1_total_h": 4.83,
    "s1_cont_h": 4.83,
    "s1_pass_a": true,
    "s1_pass_b": true,
    "s2_total_h": 4.33,
    "s2_cont_h": 2.17,
    "s2_pass_a": true,
    "s2_pass_b": true,
    "d_total_h": -0.5,
    "d_cont_h": -2.66,
    "change_cd": "keep_ok",
    "변화": "유지 충족"
   }
  },
  {
   "type": "Feature",
   "geometry": {
    "type": "Point",
    "coordinates": [
     126.93519953,
     37.52403402
    ]
   },
   "properties": {
    "pid": "여의도중학교 운동장-20",
    "school": "여의도중학교",
    "jibun": "40-1",
    "kind": "운동장 지반",
    "dong": "여의도중학교 운동장",
    "facade": "지반",
    "floor": 0,
    "source": "배치도 경계(래스터 계측) + 분석지점도 격자",
    "z_m": 0.0,
    "normal_az": 180.0,
    "s1_total_h": 5.17,
    "s1_cont_h": 4.83,
    "s1_pass_a": true,
    "s1_pass_b": true,
    "s2_total_h": 4.67,
    "s2_cont_h": 2.5,
    "s2_pass_a": true,
    "s2_pass_b": true,
    "d_total_h": -0.5,
    "d_cont_h": -2.33,
    "change_cd": "keep_ok",
    "변화": "유지 충족"
   }
  },
  {
   "type": "Feature",
   "geometry": {
    "type": "Point",
    "coordinates": [
     126.93513692,
     37.52409774
    ]
   },
   "properties": {
    "pid": "여의도중학교 운동장-21",
    "school": "여의도중학교",
    "jibun": "40-1",
    "kind": "운동장 지반",
    "dong": "여의도중학교 운동장",
    "facade": "지반",
    "floor": 0,
    "source": "배치도 경계(래스터 계측) + 분석지점도 격자",
    "z_m": 0.0,
    "normal_az": 180.0,
    "s1_total_h": 5.33,
    "s1_cont_h": 5.0,
    "s1_pass_a": true,
    "s1_pass_b": true,
    "s2_total_h": 4.83,
    "s2_cont_h": 2.5,
    "s2_pass_a": true,
    "s2_pass_b": true,
    "d_total_h": -0.5,
    "d_cont_h": -2.5,
    "change_cd": "keep_ok",
    "변화": "유지 충족"
   }
  },
  {
   "type": "Feature",
   "geometry": {
    "type": "Point",
    "coordinates": [
     126.93507433,
     37.52416147
    ]
   },
   "properties": {
    "pid": "여의도중학교 운동장-22",
    "school": "여의도중학교",
    "jibun": "40-1",
    "kind": "운동장 지반",
    "dong": "여의도중학교 운동장",
    "facade": "지반",
    "floor": 0,
    "source": "배치도 경계(래스터 계측) + 분석지점도 격자",
    "z_m": 0.0,
    "normal_az": 180.0,
    "s1_total_h": 5.33,
    "s1_cont_h": 5.33,
    "s1_pass_a": true,
    "s1_pass_b": true,
    "s2_total_h": 5.0,
    "s2_cont_h": 2.83,
    "s2_pass_a": true,
    "s2_pass_b": true,
    "d_total_h": -0.33,
    "d_cont_h": -2.5,
    "change_cd": "keep_ok",
    "변화": "유지 충족"
   }
  },
  {
   "type": "Feature",
   "geometry": {
    "type": "Point",
    "coordinates": [
     126.93501173,
     37.52422519
    ]
   },
   "properties": {
    "pid": "여의도중학교 운동장-23",
    "school": "여의도중학교",
    "jibun": "40-1",
    "kind": "운동장 지반",
    "dong": "여의도중학교 운동장",
    "facade": "지반",
    "floor": 0,
    "source": "배치도 경계(래스터 계측) + 분석지점도 격자",
    "z_m": 0.0,
    "normal_az": 180.0,
    "s1_total_h": 5.33,
    "s1_cont_h": 5.33,
    "s1_pass_a": true,
    "s1_pass_b": true,
    "s2_total_h": 5.17,
    "s2_cont_h": 2.67,
    "s2_pass_a": true,
    "s2_pass_b": true,
    "d_total_h": -0.16,
    "d_cont_h": -2.66,
    "change_cd": "keep_ok",
    "변화": "유지 충족"
   }
  },
  {
   "type": "Feature",
   "geometry": {
    "type": "Point",
    "coordinates": [
     126.93494913,
     37.52428891
    ]
   },
   "properties": {
    "pid": "여의도중학교 운동장-24",
    "school": "여의도중학교",
    "jibun": "40-1",
    "kind": "운동장 지반",
    "dong": "여의도중학교 운동장",
    "facade": "지반",
    "floor": 0,
    "source": "배치도 경계(래스터 계측) + 분석지점도 격자",
    "z_m": 0.0,
    "normal_az": 180.0,
    "s1_total_h": 5.33,
    "s1_cont_h": 5.33,
    "s1_pass_a": true,
    "s1_pass_b": true,
    "s2_total_h": 5.33,
    "s2_cont_h": 5.33,
    "s2_pass_a": true,
    "s2_pass_b": true,
    "d_total_h": 0.0,
    "d_cont_h": 0.0,
    "change_cd": "keep_ok",
    "변화": "유지 충족"
   }
  },
  {
   "type": "Feature",
   "geometry": {
    "type": "Point",
    "coordinates": [
     126.93554591,
     37.52353075
    ]
   },
   "properties": {
    "pid": "여의도중학교 운동장-25",
    "school": "여의도중학교",
    "jibun": "40-1",
    "kind": "운동장 지반",
    "dong": "여의도중학교 운동장",
    "facade": "지반",
    "floor": 0,
    "source": "배치도 경계(래스터 계측) + 분석지점도 격자",
    "z_m": 0.0,
    "normal_az": 180.0,
    "s1_total_h": 0.67,
    "s1_cont_h": 0.67,
    "s1_pass_a": false,
    "s1_pass_b": false,
    "s2_total_h": 0.67,
    "s2_cont_h": 0.67,
    "s2_pass_a": false,
    "s2_pass_b": false,
    "d_total_h": 0.0,
    "d_cont_h": 0.0,
    "change_cd": "keep_fail",
    "변화": "유지 불충족"
   }
  },
  {
   "type": "Feature",
   "geometry": {
    "type": "Point",
    "coordinates": [
     126.93548331,
     37.52359447
    ]
   },
   "properties": {
    "pid": "여의도중학교 운동장-26",
    "school": "여의도중학교",
    "jibun": "40-1",
    "kind": "운동장 지반",
    "dong": "여의도중학교 운동장",
    "facade": "지반",
    "floor": 0,
    "source": "배치도 경계(래스터 계측) + 분석지점도 격자",
    "z_m": 0.0,
    "normal_az": 180.0,
    "s1_total_h": 0.83,
    "s1_cont_h": 0.83,
    "s1_pass_a": false,
    "s1_pass_b": false,
    "s2_total_h": 0.83,
    "s2_cont_h": 0.83,
    "s2_pass_a": false,
    "s2_pass_b": false,
    "d_total_h": 0.0,
    "d_cont_h": 0.0,
    "change_cd": "keep_fail",
    "변화": "유지 불충족"
   }
  },
  {
   "type": "Feature",
   "geometry": {
    "type": "Point",
    "coordinates": [
     126.93542071,
     37.5236582
    ]
   },
   "properties": {
    "pid": "여의도중학교 운동장-27",
    "school": "여의도중학교",
    "jibun": "40-1",
    "kind": "운동장 지반",
    "dong": "여의도중학교 운동장",
    "facade": "지반",
    "floor": 0,
    "source": "배치도 경계(래스터 계측) + 분석지점도 격자",
    "z_m": 0.0,
    "normal_az": 180.0,
    "s1_total_h": 4.17,
    "s1_cont_h": 3.67,
    "s1_pass_a": true,
    "s1_pass_b": true,
    "s2_total_h": 3.5,
    "s2_cont_h": 2.0,
    "s2_pass_a": true,
    "s2_pass_b": true,
    "d_total_h": -0.67,
    "d_cont_h": -1.67,
    "change_cd": "keep_ok",
    "변화": "유지 충족"
   }
  },
  {
   "type": "Feature",
   "geometry": {
    "type": "Point",
    "coordinates": [
     126.93535811,
     37.52372192
    ]
   },
   "properties": {
    "pid": "여의도중학교 운동장-28",
    "school": "여의도중학교",
    "jibun": "40-1",
    "kind": "운동장 지반",
    "dong": "여의도중학교 운동장",
    "facade": "지반",
    "floor": 0,
    "source": "배치도 경계(래스터 계측) + 분석지점도 격자",
    "z_m": 0.0,
    "normal_az": 180.0,
    "s1_total_h": 4.67,
    "s1_cont_h": 3.67,
    "s1_pass_a": true,
    "s1_pass_b": true,
    "s2_total_h": 4.0,
    "s2_cont_h": 1.83,
    "s2_pass_a": true,
    "s2_pass_b": false,
    "d_total_h": -0.67,
    "d_cont_h": -1.84,
    "change_cd": "keep_ok",
    "변화": "유지 충족"
   }
  },
  {
   "type": "Feature",
   "geometry": {
    "type": "Point",
    "coordinates": [
     126.93529551,
     37.52378564
    ]
   },
   "properties": {
    "pid": "여의도중학교 운동장-29",
    "school": "여의도중학교",
    "jibun": "40-1",
    "kind": "운동장 지반",
    "dong": "여의도중학교 운동장",
    "facade": "지반",
    "floor": 0,
    "source": "배치도 경계(래스터 계측) + 분석지점도 격자",
    "z_m": 0.0,
    "normal_az": 180.0,
    "s1_total_h": 4.67,
    "s1_cont_h": 3.83,
    "s1_pass_a": true,
    "s1_pass_b": true,
    "s2_total_h": 4.0,
    "s2_cont_h": 2.0,
    "s2_pass_a": true,
    "s2_pass_b": true,
    "d_total_h": -0.67,
    "d_cont_h": -1.83,
    "change_cd": "keep_ok",
    "변화": "유지 충족"
   }
  },
  {
   "type": "Feature",
   "geometry": {
    "type": "Point",
    "coordinates": [
     126.93523291,
     37.52384937
    ]
   },
   "properties": {
    "pid": "여의도중학교 운동장-30",
    "school": "여의도중학교",
    "jibun": "40-1",
    "kind": "운동장 지반",
    "dong": "여의도중학교 운동장",
    "facade": "지반",
    "floor": 0,
    "source": "배치도 경계(래스터 계측) + 분석지점도 격자",
    "z_m": 0.0,
    "normal_az": 180.0,
    "s1_total_h": 4.67,
    "s1_cont_h": 4.0,
    "s1_pass_a": true,
    "s1_pass_b": true,
    "s2_total_h": 4.0,
    "s2_cont_h": 2.0,
    "s2_pass_a": true,
    "s2_pass_b": true,
    "d_total_h": -0.67,
    "d_cont_h": -2.0,
    "change_cd": "keep_ok",
    "변화": "유지 충족"
   }
  },
  {
   "type": "Feature",
   "geometry": {
    "type": "Point",
    "coordinates": [
     126.93517032,
     37.52391309
    ]
   },
   "properties": {
    "pid": "여의도중학교 운동장-31",
    "school": "여의도중학교",
    "jibun": "40-1",
    "kind": "운동장 지반",
    "dong": "여의도중학교 운동장",
    "facade": "지반",
    "floor": 0,
    "source": "배치도 경계(래스터 계측) + 분석지점도 격자",
    "z_m": 0.0,
    "normal_az": 180.0,
    "s1_total_h": 4.83,
    "s1_cont_h": 4.83,
    "s1_pass_a": true,
    "s1_pass_b": true,
    "s2_total_h": 4.33,
    "s2_cont_h": 2.17,
    "s2_pass_a": true,
    "s2_pass_b": true,
    "d_total_h": -0.5,
    "d_cont_h": -2.66,
    "change_cd": "keep_ok",
    "변화": "유지 충족"
   }
  },
  {
   "type": "Feature",
   "geometry": {
    "type": "Point",
    "coordinates": [
     126.93510772,
     37.52397681
    ]
   },
   "properties": {
    "pid": "여의도중학교 운동장-32",
    "school": "여의도중학교",
    "jibun": "40-1",
    "kind": "운동장 지반",
    "dong": "여의도중학교 운동장",
    "facade": "지반",
    "floor": 0,
    "source": "배치도 경계(래스터 계측) + 분석지점도 격자",
    "z_m": 0.0,
    "normal_az": 180.0,
    "s1_total_h": 4.5,
    "s1_cont_h": 4.5,
    "s1_pass_a": true,
    "s1_pass_b": true,
    "s2_total_h": 3.83,
    "s2_cont_h": 2.17,
    "s2_pass_a": true,
    "s2_pass_b": true,
    "d_total_h": -0.67,
    "d_cont_h": -2.33,
    "change_cd": "keep_ok",
    "변화": "유지 충족"
   }
  },
  {
   "type": "Feature",
   "geometry": {
    "type": "Point",
    "coordinates": [
     126.93504513,
     37.52404054
    ]
   },
   "properties": {
    "pid": "여의도중학교 운동장-33",
    "school": "여의도중학교",
    "jibun": "40-1",
    "kind": "운동장 지반",
    "dong": "여의도중학교 운동장",
    "facade": "지반",
    "floor": 0,
    "source": "배치도 경계(래스터 계측) + 분석지점도 격자",
    "z_m": 0.0,
    "normal_az": 180.0,
    "s1_total_h": 4.67,
    "s1_cont_h": 4.67,
    "s1_pass_a": true,
    "s1_pass_b": true,
    "s2_total_h": 4.17,
    "s2_cont_h": 2.33,
    "s2_pass_a": true,
    "s2_pass_b": true,
    "d_total_h": -0.5,
    "d_cont_h": -2.34,
    "change_cd": "keep_ok",
    "변화": "유지 충족"
   }
  },
  {
   "type": "Feature",
   "geometry": {
    "type": "Point",
    "coordinates": [
     126.93498252,
     37.52410426
    ]
   },
   "properties": {
    "pid": "여의도중학교 운동장-34",
    "school": "여의도중학교",
    "jibun": "40-1",
    "kind": "운동장 지반",
    "dong": "여의도중학교 운동장",
    "facade": "지반",
    "floor": 0,
    "source": "배치도 경계(래스터 계측) + 분석지점도 격자",
    "z_m": 0.0,
    "normal_az": 180.0,
    "s1_total_h": 4.83,
    "s1_cont_h": 4.67,
    "s1_pass_a": true,
    "s1_pass_b": true,
    "s2_total_h": 4.33,
    "s2_cont_h": 2.33,
    "s2_pass_a": true,
    "s2_pass_b": true,
    "d_total_h": -0.5,
    "d_cont_h": -2.34,
    "change_cd": "keep_ok",
    "변화": "유지 충족"
   }
  },
  {
   "type": "Feature",
   "geometry": {
    "type": "Point",
    "coordinates": [
     126.93491992,
     37.52416798
    ]
   },
   "properties": {
    "pid": "여의도중학교 운동장-35",
    "school": "여의도중학교",
    "jibun": "40-1",
    "kind": "운동장 지반",
    "dong": "여의도중학교 운동장",
    "facade": "지반",
    "floor": 0,
    "source": "배치도 경계(래스터 계측) + 분석지점도 격자",
    "z_m": 0.0,
    "normal_az": 180.0,
    "s1_total_h": 5.0,
    "s1_cont_h": 4.83,
    "s1_pass_a": true,
    "s1_pass_b": true,
    "s2_total_h": 4.5,
    "s2_cont_h": 2.33,
    "s2_pass_a": true,
    "s2_pass_b": true,
    "d_total_h": -0.5,
    "d_cont_h": -2.5,
    "change_cd": "keep_ok",
    "변화": "유지 충족"
   }
  },
  {
   "type": "Feature",
   "geometry": {
    "type": "Point",
    "coordinates": [
     126.93485733,
     37.52423171
    ]
   },
   "properties": {
    "pid": "여의도중학교 운동장-36",
    "school": "여의도중학교",
    "jibun": "40-1",
    "kind": "운동장 지반",
    "dong": "여의도중학교 운동장",
    "facade": "지반",
    "floor": 0,
    "source": "배치도 경계(래스터 계측) + 분석지점도 격자",
    "z_m": 0.0,
    "normal_az": 180.0,
    "s1_total_h": 5.17,
    "s1_cont_h": 5.17,
    "s1_pass_a": true,
    "s1_pass_b": true,
    "s2_total_h": 5.0,
    "s2_cont_h": 2.67,
    "s2_pass_a": true,
    "s2_pass_b": true,
    "d_total_h": -0.17,
    "d_cont_h": -2.5,
    "change_cd": "keep_ok",
    "변화": "유지 충족"
   }
  },
  {
   "type": "Feature",
   "geometry": {
    "type": "Point",
    "coordinates": [
     126.93479473,
     37.52429543
    ]
   },
   "properties": {
    "pid": "여의도중학교 운동장-37",
    "school": "여의도중학교",
    "jibun": "40-1",
    "kind": "운동장 지반",
    "dong": "여의도중학교 운동장",
    "facade": "지반",
    "floor": 0,
    "source": "배치도 경계(래스터 계측) + 분석지점도 격자",
    "z_m": 0.0,
    "normal_az": 180.0,
    "s1_total_h": 5.17,
    "s1_cont_h": 5.17,
    "s1_pass_a": true,
    "s1_pass_b": true,
    "s2_total_h": 5.17,
    "s2_cont_h": 5.17,
    "s2_pass_a": true,
    "s2_pass_b": true,
    "d_total_h": 0.0,
    "d_cont_h": 0.0,
    "change_cd": "keep_ok",
    "변화": "유지 충족"
   }
  },
  {
   "type": "Feature",
   "geometry": {
    "type": "Point",
    "coordinates": [
     126.9354541,
     37.52347354
    ]
   },
   "properties": {
    "pid": "여의도중학교 운동장-38",
    "school": "여의도중학교",
    "jibun": "40-1",
    "kind": "운동장 지반",
    "dong": "여의도중학교 운동장",
    "facade": "지반",
    "floor": 0,
    "source": "배치도 경계(래스터 계측) + 분석지점도 격자",
    "z_m": 0.0,
    "normal_az": 180.0,
    "s1_total_h": 0.0,
    "s1_cont_h": 0.0,
    "s1_pass_a": false,
    "s1_pass_b": false,
    "s2_total_h": 0.0,
    "s2_cont_h": 0.0,
    "s2_pass_a": false,
    "s2_pass_b": false,
    "d_total_h": 0.0,
    "d_cont_h": 0.0,
    "change_cd": "keep_fail",
    "변화": "유지 불충족"
   }
  },
  {
   "type": "Feature",
   "geometry": {
    "type": "Point",
    "coordinates": [
     126.9353915,
     37.52353726
    ]
   },
   "properties": {
    "pid": "여의도중학교 운동장-39",
    "school": "여의도중학교",
    "jibun": "40-1",
    "kind": "운동장 지반",
    "dong": "여의도중학교 운동장",
    "facade": "지반",
    "floor": 0,
    "source": "배치도 경계(래스터 계측) + 분석지점도 격자",
    "z_m": 0.0,
    "normal_az": 180.0,
    "s1_total_h": 0.5,
    "s1_cont_h": 0.5,
    "s1_pass_a": false,
    "s1_pass_b": false,
    "s2_total_h": 0.5,
    "s2_cont_h": 0.5,
    "s2_pass_a": false,
    "s2_pass_b": false,
    "d_total_h": 0.0,
    "d_cont_h": 0.0,
    "change_cd": "keep_fail",
    "변화": "유지 불충족"
   }
  },
  {
   "type": "Feature",
   "geometry": {
    "type": "Point",
    "coordinates": [
     126.93532891,
     37.52360099
    ]
   },
   "properties": {
    "pid": "여의도중학교 운동장-40",
    "school": "여의도중학교",
    "jibun": "40-1",
    "kind": "운동장 지반",
    "dong": "여의도중학교 운동장",
    "facade": "지반",
    "floor": 0,
    "source": "배치도 경계(래스터 계측) + 분석지점도 격자",
    "z_m": 0.0,
    "normal_az": 180.0,
    "s1_total_h": 2.0,
    "s1_cont_h": 1.33,
    "s1_pass_a": false,
    "s1_pass_b": false,
    "s2_total_h": 1.5,
    "s2_cont_h": 0.83,
    "s2_pass_a": false,
    "s2_pass_b": false,
    "d_total_h": -0.5,
    "d_cont_h": -0.5,
    "change_cd": "keep_fail",
    "변화": "유지 불충족"
   }
  },
  {
   "type": "Feature",
   "geometry": {
    "type": "Point",
    "coordinates": [
     126.93526631,
     37.52366471
    ]
   },
   "properties": {
    "pid": "여의도중학교 운동장-41",
    "school": "여의도중학교",
    "jibun": "40-1",
    "kind": "운동장 지반",
    "dong": "여의도중학교 운동장",
    "facade": "지반",
    "floor": 0,
    "source": "배치도 경계(래스터 계측) + 분석지점도 격자",
    "z_m": 0.0,
    "normal_az": 180.0,
    "s1_total_h": 3.67,
    "s1_cont_h": 2.33,
    "s1_pass_a": true,
    "s1_pass_b": true,
    "s2_total_h": 3.0,
    "s2_cont_h": 1.0,
    "s2_pass_a": false,
    "s2_pass_b": false,
    "d_total_h": -0.67,
    "d_cont_h": -1.33,
    "change_cd": "new_fail",
    "변화": "신규 불충족"
   }
  },
  {
   "type": "Feature",
   "geometry": {
    "type": "Point",
    "coordinates": [
     126.9352037,
     37.52372843
    ]
   },
   "properties": {
    "pid": "여의도중학교 운동장-42",
    "school": "여의도중학교",
    "jibun": "40-1",
    "kind": "운동장 지반",
    "dong": "여의도중학교 운동장",
    "facade": "지반",
    "floor": 0,
    "source": "배치도 경계(래스터 계측) + 분석지점도 격자",
    "z_m": 0.0,
    "normal_az": 180.0,
    "s1_total_h": 4.83,
    "s1_cont_h": 4.17,
    "s1_pass_a": true,
    "s1_pass_b": true,
    "s2_total_h": 4.17,
    "s2_cont_h": 2.17,
    "s2_pass_a": true,
    "s2_pass_b": true,
    "d_total_h": -0.66,
    "d_cont_h": -2.0,
    "change_cd": "keep_ok",
    "변화": "유지 충족"
   }
  },
  {
   "type": "Feature",
   "geometry": {
    "type": "Point",
    "coordinates": [
     126.93514111,
     37.52379216
    ]
   },
   "properties": {
    "pid": "여의도중학교 운동장-43",
    "school": "여의도중학교",
    "jibun": "40-1",
    "kind": "운동장 지반",
    "dong": "여의도중학교 운동장",
    "facade": "지반",
    "floor": 0,
    "source": "배치도 경계(래스터 계측) + 분석지점도 격자",
    "z_m": 0.0,
    "normal_az": 180.0,
    "s1_total_h": 4.67,
    "s1_cont_h": 4.17,
    "s1_pass_a": true,
    "s1_pass_b": true,
    "s2_total_h": 4.0,
    "s2_cont_h": 2.17,
    "s2_pass_a": true,
    "s2_pass_b": true,
    "d_total_h": -0.67,
    "d_cont_h": -2.0,
    "change_cd": "keep_ok",
    "변화": "유지 충족"
   }
  },
  {
   "type": "Feature",
   "geometry": {
    "type": "Point",
    "coordinates": [
     126.93507851,
     37.52385588
    ]
   },
   "properties": {
    "pid": "여의도중학교 운동장-44",
    "school": "여의도중학교",
    "jibun": "40-1",
    "kind": "운동장 지반",
    "dong": "여의도중학교 운동장",
    "facade": "지반",
    "floor": 0,
    "source": "배치도 경계(래스터 계측) + 분석지점도 격자",
    "z_m": 0.0,
    "normal_az": 180.0,
    "s1_total_h": 4.5,
    "s1_cont_h": 4.17,
    "s1_pass_a": true,
    "s1_pass_b": true,
    "s2_total_h": 3.83,
    "s2_cont_h": 2.0,
    "s2_pass_a": true,
    "s2_pass_b": true,
    "d_total_h": -0.67,
    "d_cont_h": -2.17,
    "change_cd": "keep_ok",
    "변화": "유지 충족"
   }
  },
  {
   "type": "Feature",
   "geometry": {
    "type": "Point",
    "coordinates": [
     126.93501592,
     37.5239196
    ]
   },
   "properties": {
    "pid": "여의도중학교 운동장-45",
    "school": "여의도중학교",
    "jibun": "40-1",
    "kind": "운동장 지반",
    "dong": "여의도중학교 운동장",
    "facade": "지반",
    "floor": 0,
    "source": "배치도 경계(래스터 계측) + 분석지점도 격자",
    "z_m": 0.0,
    "normal_az": 180.0,
    "s1_total_h": 4.33,
    "s1_cont_h": 4.33,
    "s1_pass_a": true,
    "s1_pass_b": true,
    "s2_total_h": 3.67,
    "s2_cont_h": 2.0,
    "s2_pass_a": true,
    "s2_pass_b": true,
    "d_total_h": -0.66,
    "d_cont_h": -2.33,
    "change_cd": "keep_ok",
    "변화": "유지 충족"
   }
  },
  {
   "type": "Feature",
   "geometry": {
    "type": "Point",
    "coordinates": [
     126.93495332,
     37.52398333
    ]
   },
   "properties": {
    "pid": "여의도중학교 운동장-46",
    "school": "여의도중학교",
    "jibun": "40-1",
    "kind": "운동장 지반",
    "dong": "여의도중학교 운동장",
    "facade": "지반",
    "floor": 0,
    "source": "배치도 경계(래스터 계측) + 분석지점도 격자",
    "z_m": 0.0,
    "normal_az": 180.0,
    "s1_total_h": 4.0,
    "s1_cont_h": 4.0,
    "s1_pass_a": true,
    "s1_pass_b": true,
    "s2_total_h": 3.5,
    "s2_cont_h": 2.17,
    "s2_pass_a": true,
    "s2_pass_b": true,
    "d_total_h": -0.5,
    "d_cont_h": -1.83,
    "change_cd": "keep_ok",
    "변화": "유지 충족"
   }
  },
  {
   "type": "Feature",
   "geometry": {
    "type": "Point",
    "coordinates": [
     126.93489071,
     37.52404705
    ]
   },
   "properties": {
    "pid": "여의도중학교 운동장-47",
    "school": "여의도중학교",
    "jibun": "40-1",
    "kind": "운동장 지반",
    "dong": "여의도중학교 운동장",
    "facade": "지반",
    "floor": 0,
    "source": "배치도 경계(래스터 계측) + 분석지점도 격자",
    "z_m": 0.0,
    "normal_az": 180.0,
    "s1_total_h": 4.0,
    "s1_cont_h": 4.0,
    "s1_pass_a": true,
    "s1_pass_b": true,
    "s2_total_h": 3.33,
    "s2_cont_h": 2.0,
    "s2_pass_a": true,
    "s2_pass_b": true,
    "d_total_h": -0.67,
    "d_cont_h": -2.0,
    "change_cd": "keep_ok",
    "변화": "유지 충족"
   }
  },
  {
   "type": "Feature",
   "geometry": {
    "type": "Point",
    "coordinates": [
     126.93482812,
     37.52411077
    ]
   },
   "properties": {
    "pid": "여의도중학교 운동장-48",
    "school": "여의도중학교",
    "jibun": "40-1",
    "kind": "운동장 지반",
    "dong": "여의도중학교 운동장",
    "facade": "지반",
    "floor": 0,
    "source": "배치도 경계(래스터 계측) + 분석지점도 격자",
    "z_m": 0.0,
    "normal_az": 180.0,
    "s1_total_h": 4.17,
    "s1_cont_h": 4.17,
    "s1_pass_a": true,
    "s1_pass_b": true,
    "s2_total_h": 3.67,
    "s2_cont_h": 2.17,
    "s2_pass_a": true,
    "s2_pass_b": true,
    "d_total_h": -0.5,
    "d_cont_h": -2.0,
    "change_cd": "keep_ok",
    "변화": "유지 충족"
   }
  },
  {
   "type": "Feature",
   "geometry": {
    "type": "Point",
    "coordinates": [
     126.93476552,
     37.5241745
    ]
   },
   "properties": {
    "pid": "여의도중학교 운동장-49",
    "school": "여의도중학교",
    "jibun": "40-1",
    "kind": "운동장 지반",
    "dong": "여의도중학교 운동장",
    "facade": "지반",
    "floor": 0,
    "source": "배치도 경계(래스터 계측) + 분석지점도 격자",
    "z_m": 0.0,
    "normal_az": 180.0,
    "s1_total_h": 4.17,
    "s1_cont_h": 4.17,
    "s1_pass_a": true,
    "s1_pass_b": true,
    "s2_total_h": 3.67,
    "s2_cont_h": 2.17,
    "s2_pass_a": true,
    "s2_pass_b": true,
    "d_total_h": -0.5,
    "d_cont_h": -2.0,
    "change_cd": "keep_ok",
    "변화": "유지 충족"
   }
  },
  {
   "type": "Feature",
   "geometry": {
    "type": "Point",
    "coordinates": [
     126.93470292,
     37.52423822
    ]
   },
   "properties": {
    "pid": "여의도중학교 운동장-50",
    "school": "여의도중학교",
    "jibun": "40-1",
    "kind": "운동장 지반",
    "dong": "여의도중학교 운동장",
    "facade": "지반",
    "floor": 0,
    "source": "배치도 경계(래스터 계측) + 분석지점도 격자",
    "z_m": 0.0,
    "normal_az": 180.0,
    "s1_total_h": 4.33,
    "s1_cont_h": 4.33,
    "s1_pass_a": true,
    "s1_pass_b": true,
    "s2_total_h": 4.17,
    "s2_cont_h": 2.33,
    "s2_pass_a": true,
    "s2_pass_b": true,
    "d_total_h": -0.16,
    "d_cont_h": -2.0,
    "change_cd": "keep_ok",
    "변화": "유지 충족"
   }
  },
  {
   "type": "Feature",
   "geometry": {
    "type": "Point",
    "coordinates": [
     126.93536229,
     37.52341633
    ]
   },
   "properties": {
    "pid": "여의도중학교 운동장-51",
    "school": "여의도중학교",
    "jibun": "40-1",
    "kind": "운동장 지반",
    "dong": "여의도중학교 운동장",
    "facade": "지반",
    "floor": 0,
    "source": "배치도 경계(래스터 계측) + 분석지점도 격자",
    "z_m": 0.0,
    "normal_az": 180.0,
    "s1_total_h": 0.83,
    "s1_cont_h": 0.83,
    "s1_pass_a": false,
    "s1_pass_b": false,
    "s2_total_h": 0.33,
    "s2_cont_h": 0.33,
    "s2_pass_a": false,
    "s2_pass_b": false,
    "d_total_h": -0.5,
    "d_cont_h": -0.5,
    "change_cd": "keep_fail",
    "변화": "유지 불충족"
   }
  },
  {
   "type": "Feature",
   "geometry": {
    "type": "Point",
    "coordinates": [
     126.9352997,
     37.52348006
    ]
   },
   "properties": {
    "pid": "여의도중학교 운동장-52",
    "school": "여의도중학교",
    "jibun": "40-1",
    "kind": "운동장 지반",
    "dong": "여의도중학교 운동장",
    "facade": "지반",
    "floor": 0,
    "source": "배치도 경계(래스터 계측) + 분석지점도 격자",
    "z_m": 0.0,
    "normal_az": 180.0,
    "s1_total_h": 1.17,
    "s1_cont_h": 1.17,
    "s1_pass_a": false,
    "s1_pass_b": false,
    "s2_total_h": 0.33,
    "s2_cont_h": 0.17,
    "s2_pass_a": false,
    "s2_pass_b": false,
    "d_total_h": -0.84,
    "d_cont_h": -1.0,
    "change_cd": "keep_fail",
    "변화": "유지 불충족"
   }
  },
  {
   "type": "Feature",
   "geometry": {
    "type": "Point",
    "coordinates": [
     126.9352371,
     37.52354378
    ]
   },
   "properties": {
    "pid": "여의도중학교 운동장-53",
    "school": "여의도중학교",
    "jibun": "40-1",
    "kind": "운동장 지반",
    "dong": "여의도중학교 운동장",
    "facade": "지반",
    "floor": 0,
    "source": "배치도 경계(래스터 계측) + 분석지점도 격자",
    "z_m": 0.0,
    "normal_az": 180.0,
    "s1_total_h": 1.67,
    "s1_cont_h": 1.0,
    "s1_pass_a": false,
    "s1_pass_b": false,
    "s2_total_h": 1.0,
    "s2_cont_h": 0.5,
    "s2_pass_a": false,
    "s2_pass_b": false,
    "d_total_h": -0.67,
    "d_cont_h": -0.5,
    "change_cd": "keep_fail",
    "변화": "유지 불충족"
   }
  },
  {
   "type": "Feature",
   "geometry": {
    "type": "Point",
    "coordinates": [
     126.9351745,
     37.5236075
    ]
   },
   "properties": {
    "pid": "여의도중학교 운동장-54",
    "school": "여의도중학교",
    "jibun": "40-1",
    "kind": "운동장 지반",
    "dong": "여의도중학교 운동장",
    "facade": "지반",
    "floor": 0,
    "source": "배치도 경계(래스터 계측) + 분석지점도 격자",
    "z_m": 0.0,
    "normal_az": 180.0,
    "s1_total_h": 2.33,
    "s1_cont_h": 1.33,
    "s1_pass_a": false,
    "s1_pass_b": false,
    "s2_total_h": 1.67,
    "s2_cont_h": 0.67,
    "s2_pass_a": false,
    "s2_pass_b": false,
    "d_total_h": -0.66,
    "d_cont_h": -0.66,
    "change_cd": "keep_fail",
    "변화": "유지 불충족"
   }
  },
  {
   "type": "Feature",
   "geometry": {
    "type": "Point",
    "coordinates": [
     126.93511191,
     37.52367123
    ]
   },
   "properties": {
    "pid": "여의도중학교 운동장-55",
    "school": "여의도중학교",
    "jibun": "40-1",
    "kind": "운동장 지반",
    "dong": "여의도중학교 운동장",
    "facade": "지반",
    "floor": 0,
    "source": "배치도 경계(래스터 계측) + 분석지점도 격자",
    "z_m": 0.0,
    "normal_az": 180.0,
    "s1_total_h": 3.5,
    "s1_cont_h": 1.67,
    "s1_pass_a": false,
    "s1_pass_b": false,
    "s2_total_h": 2.83,
    "s2_cont_h": 1.17,
    "s2_pass_a": false,
    "s2_pass_b": false,
    "d_total_h": -0.67,
    "d_cont_h": -0.5,
    "change_cd": "keep_fail",
    "변화": "유지 불충족"
   }
  },
  {
   "type": "Feature",
   "geometry": {
    "type": "Point",
    "coordinates": [
     126.9350493,
     37.52373495
    ]
   },
   "properties": {
    "pid": "여의도중학교 운동장-56",
    "school": "여의도중학교",
    "jibun": "40-1",
    "kind": "운동장 지반",
    "dong": "여의도중학교 운동장",
    "facade": "지반",
    "floor": 0,
    "source": "배치도 경계(래스터 계측) + 분석지점도 격자",
    "z_m": 0.0,
    "normal_az": 180.0,
    "s1_total_h": 3.83,
    "s1_cont_h": 3.5,
    "s1_pass_a": true,
    "s1_pass_b": true,
    "s2_total_h": 3.17,
    "s2_cont_h": 1.5,
    "s2_pass_a": false,
    "s2_pass_b": false,
    "d_total_h": -0.66,
    "d_cont_h": -2.0,
    "change_cd": "new_fail",
    "변화": "신규 불충족"
   }
  },
  {
   "type": "Feature",
   "geometry": {
    "type": "Point",
    "coordinates": [
     126.9349867,
     37.52379867
    ]
   },
   "properties": {
    "pid": "여의도중학교 운동장-57",
    "school": "여의도중학교",
    "jibun": "40-1",
    "kind": "운동장 지반",
    "dong": "여의도중학교 운동장",
    "facade": "지반",
    "floor": 0,
    "source": "배치도 경계(래스터 계측) + 분석지점도 격자",
    "z_m": 0.0,
    "normal_az": 180.0,
    "s1_total_h": 4.0,
    "s1_cont_h": 3.83,
    "s1_pass_a": true,
    "s1_pass_b": true,
    "s2_total_h": 3.33,
    "s2_cont_h": 1.67,
    "s2_pass_a": false,
    "s2_pass_b": false,
    "d_total_h": -0.67,
    "d_cont_h": -2.16,
    "change_cd": "new_fail",
    "변화": "신규 불충족"
   }
  },
  {
   "type": "Feature",
   "geometry": {
    "type": "Point",
    "coordinates": [
     126.93492411,
     37.5238624
    ]
   },
   "properties": {
    "pid": "여의도중학교 운동장-58",
    "school": "여의도중학교",
    "jibun": "40-1",
    "kind": "운동장 지반",
    "dong": "여의도중학교 운동장",
    "facade": "지반",
    "floor": 0,
    "source": "배치도 경계(래스터 계측) + 분석지점도 격자",
    "z_m": 0.0,
    "normal_az": 180.0,
    "s1_total_h": 4.17,
    "s1_cont_h": 4.17,
    "s1_pass_a": true,
    "s1_pass_b": true,
    "s2_total_h": 3.67,
    "s2_cont_h": 2.17,
    "s2_pass_a": true,
    "s2_pass_b": true,
    "d_total_h": -0.5,
    "d_cont_h": -2.0,
    "change_cd": "keep_ok",
    "변화": "유지 충족"
   }
  },
  {
   "type": "Feature",
   "geometry": {
    "type": "Point",
    "coordinates": [
     126.93486151,
     37.52392612
    ]
   },
   "properties": {
    "pid": "여의도중학교 운동장-59",
    "school": "여의도중학교",
    "jibun": "40-1",
    "kind": "운동장 지반",
    "dong": "여의도중학교 운동장",
    "facade": "지반",
    "floor": 0,
    "source": "배치도 경계(래스터 계측) + 분석지점도 격자",
    "z_m": 0.0,
    "normal_az": 180.0,
    "s1_total_h": 3.83,
    "s1_cont_h": 3.83,
    "s1_pass_a": true,
    "s1_pass_b": true,
    "s2_total_h": 3.17,
    "s2_cont_h": 2.0,
    "s2_pass_a": true,
    "s2_pass_b": false,
    "d_total_h": -0.66,
    "d_cont_h": -1.83,
    "change_cd": "keep_ok",
    "변화": "유지 충족"
   }
  },
  {
   "type": "Feature",
   "geometry": {
    "type": "Point",
    "coordinates": [
     126.93479892,
     37.52398984
    ]
   },
   "properties": {
    "pid": "여의도중학교 운동장-60",
    "school": "여의도중학교",
    "jibun": "40-1",
    "kind": "운동장 지반",
    "dong": "여의도중학교 운동장",
    "facade": "지반",
    "floor": 0,
    "source": "배치도 경계(래스터 계측) + 분석지점도 격자",
    "z_m": 0.0,
    "normal_az": 180.0,
    "s1_total_h": 3.67,
    "s1_cont_h": 3.67,
    "s1_pass_a": true,
    "s1_pass_b": true,
    "s2_total_h": 3.0,
    "s2_cont_h": 2.0,
    "s2_pass_a": true,
    "s2_pass_b": false,
    "d_total_h": -0.67,
    "d_cont_h": -1.67,
    "change_cd": "keep_ok",
    "변화": "유지 충족"
   }
  },
  {
   "type": "Feature",
   "geometry": {
    "type": "Point",
    "coordinates": [
     126.93473631,
     37.52405357
    ]
   },
   "properties": {
    "pid": "여의도중학교 운동장-61",
    "school": "여의도중학교",
    "jibun": "40-1",
    "kind": "운동장 지반",
    "dong": "여의도중학교 운동장",
    "facade": "지반",
    "floor": 0,
    "source": "배치도 경계(래스터 계측) + 분석지점도 격자",
    "z_m": 0.0,
    "normal_az": 180.0,
    "s1_total_h": 3.67,
    "s1_cont_h": 3.67,
    "s1_pass_a": true,
    "s1_pass_b": true,
    "s2_total_h": 3.17,
    "s2_cont_h": 2.0,
    "s2_pass_a": true,
    "s2_pass_b": false,
    "d_total_h": -0.5,
    "d_cont_h": -1.67,
    "change_cd": "keep_ok",
    "변화": "유지 충족"
   }
  },
  {
   "type": "Feature",
   "geometry": {
    "type": "Point",
    "coordinates": [
     126.93467371,
     37.52411729
    ]
   },
   "properties": {
    "pid": "여의도중학교 운동장-62",
    "school": "여의도중학교",
    "jibun": "40-1",
    "kind": "운동장 지반",
    "dong": "여의도중학교 운동장",
    "facade": "지반",
    "floor": 0,
    "source": "배치도 경계(래스터 계측) + 분석지점도 격자",
    "z_m": 0.0,
    "normal_az": 180.0,
    "s1_total_h": 3.83,
    "s1_cont_h": 3.83,
    "s1_pass_a": true,
    "s1_pass_b": true,
    "s2_total_h": 3.33,
    "s2_cont_h": 2.17,
    "s2_pass_a": true,
    "s2_pass_b": false,
    "d_total_h": -0.5,
    "d_cont_h": -1.66,
    "change_cd": "keep_ok",
    "변화": "유지 충족"
   }
  },
  {
   "type": "Feature",
   "geometry": {
    "type": "Point",
    "coordinates": [
     126.93461112,
     37.52418101
    ]
   },
   "properties": {
    "pid": "여의도중학교 운동장-63",
    "school": "여의도중학교",
    "jibun": "40-1",
    "kind": "운동장 지반",
    "dong": "여의도중학교 운동장",
    "facade": "지반",
    "floor": 0,
    "source": "배치도 경계(래스터 계측) + 분석지점도 격자",
    "z_m": 0.0,
    "normal_az": 180.0,
    "s1_total_h": 3.83,
    "s1_cont_h": 3.83,
    "s1_pass_a": true,
    "s1_pass_b": true,
    "s2_total_h": 3.33,
    "s2_cont_h": 2.17,
    "s2_pass_a": true,
    "s2_pass_b": false,
    "d_total_h": -0.5,
    "d_cont_h": -1.66,
    "change_cd": "keep_ok",
    "변화": "유지 충족"
   }
  },
  {
   "type": "Feature",
   "geometry": {
    "type": "Point",
    "coordinates": [
     126.9352705,
     37.52335912
    ]
   },
   "properties": {
    "pid": "여의도중학교 운동장-64",
    "school": "여의도중학교",
    "jibun": "40-1",
    "kind": "운동장 지반",
    "dong": "여의도중학교 운동장",
    "facade": "지반",
    "floor": 0,
    "source": "배치도 경계(래스터 계측) + 분석지점도 격자",
    "z_m": 0.0,
    "normal_az": 180.0,
    "s1_total_h": 1.5,
    "s1_cont_h": 1.5,
    "s1_pass_a": false,
    "s1_pass_b": false,
    "s2_total_h": 1.33,
    "s2_cont_h": 1.33,
    "s2_pass_a": false,
    "s2_pass_b": false,
    "d_total_h": -0.17,
    "d_cont_h": -0.17,
    "change_cd": "keep_fail",
    "변화": "유지 불충족"
   }
  },
  {
   "type": "Feature",
   "geometry": {
    "type": "Point",
    "coordinates": [
     126.93520789,
     37.52342285
    ]
   },
   "properties": {
    "pid": "여의도중학교 운동장-65",
    "school": "여의도중학교",
    "jibun": "40-1",
    "kind": "운동장 지반",
    "dong": "여의도중학교 운동장",
    "facade": "지반",
    "floor": 0,
    "source": "배치도 경계(래스터 계측) + 분석지점도 격자",
    "z_m": 0.0,
    "normal_az": 180.0,
    "s1_total_h": 1.33,
    "s1_cont_h": 1.17,
    "s1_pass_a": false,
    "s1_pass_b": false,
    "s2_total_h": 1.33,
    "s2_cont_h": 1.17,
    "s2_pass_a": false,
    "s2_pass_b": false,
    "d_total_h": 0.0,
    "d_cont_h": 0.0,
    "change_cd": "keep_fail",
    "변화": "유지 불충족"
   }
  },
  {
   "type": "Feature",
   "geometry": {
    "type": "Point",
    "coordinates": [
     126.93514529,
     37.52348657
    ]
   },
   "properties": {
    "pid": "여의도중학교 운동장-66",
    "school": "여의도중학교",
    "jibun": "40-1",
    "kind": "운동장 지반",
    "dong": "여의도중학교 운동장",
    "facade": "지반",
    "floor": 0,
    "source": "배치도 경계(래스터 계측) + 분석지점도 격자",
    "z_m": 0.0,
    "normal_az": 180.0,
    "s1_total_h": 1.5,
    "s1_cont_h": 1.0,
    "s1_pass_a": false,
    "s1_pass_b": false,
    "s2_total_h": 1.5,
    "s2_cont_h": 1.0,
    "s2_pass_a": false,
    "s2_pass_b": false,
    "d_total_h": 0.0,
    "d_cont_h": 0.0,
    "change_cd": "keep_fail",
    "변화": "유지 불충족"
   }
  },
  {
   "type": "Feature",
   "geometry": {
    "type": "Point",
    "coordinates": [
     126.9350827,
     37.52355029
    ]
   },
   "properties": {
    "pid": "여의도중학교 운동장-67",
    "school": "여의도중학교",
    "jibun": "40-1",
    "kind": "운동장 지반",
    "dong": "여의도중학교 운동장",
    "facade": "지반",
    "floor": 0,
    "source": "배치도 경계(래스터 계측) + 분석지점도 격자",
    "z_m": 0.0,
    "normal_az": 180.0,
    "s1_total_h": 2.67,
    "s1_cont_h": 0.83,
    "s1_pass_a": false,
    "s1_pass_b": false,
    "s2_total_h": 2.67,
    "s2_cont_h": 0.83,
    "s2_pass_a": false,
    "s2_pass_b": false,
    "d_total_h": 0.0,
    "d_cont_h": 0.0,
    "change_cd": "keep_fail",
    "변화": "유지 불충족"
   }
  },
  {
   "type": "Feature",
   "geometry": {
    "type": "Point",
    "coordinates": [
     126.9350201,
     37.52361402
    ]
   },
   "properties": {
    "pid": "여의도중학교 운동장-68",
    "school": "여의도중학교",
    "jibun": "40-1",
    "kind": "운동장 지반",
    "dong": "여의도중학교 운동장",
    "facade": "지반",
    "floor": 0,
    "source": "배치도 경계(래스터 계측) + 분석지점도 격자",
    "z_m": 0.0,
    "normal_az": 180.0,
    "s1_total_h": 2.5,
    "s1_cont_h": 1.17,
    "s1_pass_a": false,
    "s1_pass_b": false,
    "s2_total_h": 2.5,
    "s2_cont_h": 1.17,
    "s2_pass_a": false,
    "s2_pass_b": false,
    "d_total_h": 0.0,
    "d_cont_h": 0.0,
    "change_cd": "keep_fail",
    "변화": "유지 불충족"
   }
  },
  {
   "type": "Feature",
   "geometry": {
    "type": "Point",
    "coordinates": [
     126.9349575,
     37.52367774
    ]
   },
   "properties": {
    "pid": "여의도중학교 운동장-69",
    "school": "여의도중학교",
    "jibun": "40-1",
    "kind": "운동장 지반",
    "dong": "여의도중학교 운동장",
    "facade": "지반",
    "floor": 0,
    "source": "배치도 경계(래스터 계측) + 분석지점도 격자",
    "z_m": 0.0,
    "normal_az": 180.0,
    "s1_total_h": 3.0,
    "s1_cont_h": 2.0,
    "s1_pass_a": true,
    "s1_pass_b": true,
    "s2_total_h": 2.5,
    "s2_cont_h": 1.5,
    "s2_pass_a": false,
    "s2_pass_b": false,
    "d_total_h": -0.5,
    "d_cont_h": -0.5,
    "change_cd": "new_fail",
    "변화": "신규 불충족"
   }
  },
  {
   "type": "Feature",
   "geometry": {
    "type": "Point",
    "coordinates": [
     126.93489491,
     37.52374146
    ]
   },
   "properties": {
    "pid": "여의도중학교 운동장-70",
    "school": "여의도중학교",
    "jibun": "40-1",
    "kind": "운동장 지반",
    "dong": "여의도중학교 운동장",
    "facade": "지반",
    "floor": 0,
    "source": "배치도 경계(래스터 계측) + 분석지점도 격자",
    "z_m": 0.0,
    "normal_az": 180.0,
    "s1_total_h": 3.67,
    "s1_cont_h": 3.67,
    "s1_pass_a": true,
    "s1_pass_b": true,
    "s2_total_h": 3.0,
    "s2_cont_h": 1.5,
    "s2_pass_a": false,
    "s2_pass_b": false,
    "d_total_h": -0.67,
    "d_cont_h": -2.17,
    "change_cd": "new_fail",
    "변화": "신규 불충족"
   }
  },
  {
   "type": "Feature",
   "geometry": {
    "type": "Point",
    "coordinates": [
     126.9348323,
     37.52380519
    ]
   },
   "properties": {
    "pid": "여의도중학교 운동장-71",
    "school": "여의도중학교",
    "jibun": "40-1",
    "kind": "운동장 지반",
    "dong": "여의도중학교 운동장",
    "facade": "지반",
    "floor": 0,
    "source": "배치도 경계(래스터 계측) + 분석지점도 격자",
    "z_m": 0.0,
    "normal_az": 180.0,
    "s1_total_h": 3.33,
    "s1_cont_h": 3.33,
    "s1_pass_a": true,
    "s1_pass_b": true,
    "s2_total_h": 2.67,
    "s2_cont_h": 1.5,
    "s2_pass_a": false,
    "s2_pass_b": false,
    "d_total_h": -0.66,
    "d_cont_h": -1.83,
    "change_cd": "new_fail",
    "변화": "신규 불충족"
   }
  },
  {
   "type": "Feature",
   "geometry": {
    "type": "Point",
    "coordinates": [
     126.9347697,
     37.52386891
    ]
   },
   "properties": {
    "pid": "여의도중학교 운동장-72",
    "school": "여의도중학교",
    "jibun": "40-1",
    "kind": "운동장 지반",
    "dong": "여의도중학교 운동장",
    "facade": "지반",
    "floor": 0,
    "source": "배치도 경계(래스터 계측) + 분석지점도 격자",
    "z_m": 0.0,
    "normal_az": 180.0,
    "s1_total_h": 3.17,
    "s1_cont_h": 3.17,
    "s1_pass_a": true,
    "s1_pass_b": true,
    "s2_total_h": 2.5,
    "s2_cont_h": 1.67,
    "s2_pass_a": false,
    "s2_pass_b": false,
    "d_total_h": -0.67,
    "d_cont_h": -1.5,
    "change_cd": "new_fail",
    "변화": "신규 불충족"
   }
  },
  {
   "type": "Feature",
   "geometry": {
    "type": "Point",
    "coordinates": [
     126.93470711,
     37.52393263
    ]
   },
   "properties": {
    "pid": "여의도중학교 운동장-73",
    "school": "여의도중학교",
    "jibun": "40-1",
    "kind": "운동장 지반",
    "dong": "여의도중학교 운동장",
    "facade": "지반",
    "floor": 0,
    "source": "배치도 경계(래스터 계측) + 분석지점도 격자",
    "z_m": 0.0,
    "normal_az": 180.0,
    "s1_total_h": 3.33,
    "s1_cont_h": 3.33,
    "s1_pass_a": true,
    "s1_pass_b": true,
    "s2_total_h": 2.67,
    "s2_cont_h": 2.0,
    "s2_pass_a": true,
    "s2_pass_b": false,
    "d_total_h": -0.66,
    "d_cont_h": -1.33,
    "change_cd": "keep_ok",
    "변화": "유지 충족"
   }
  },
  {
   "type": "Feature",
   "geometry": {
    "type": "Point",
    "coordinates": [
     126.93464451,
     37.52399636
    ]
   },
   "properties": {
    "pid": "여의도중학교 운동장-74",
    "school": "여의도중학교",
    "jibun": "40-1",
    "kind": "운동장 지반",
    "dong": "여의도중학교 운동장",
    "facade": "지반",
    "floor": 0,
    "source": "배치도 경계(래스터 계측) + 분석지점도 격자",
    "z_m": 0.0,
    "normal_az": 180.0,
    "s1_total_h": 3.17,
    "s1_cont_h": 3.17,
    "s1_pass_a": true,
    "s1_pass_b": true,
    "s2_total_h": 2.67,
    "s2_cont_h": 2.0,
    "s2_pass_a": true,
    "s2_pass_b": false,
    "d_total_h": -0.5,
    "d_cont_h": -1.17,
    "change_cd": "keep_ok",
    "변화": "유지 충족"
   }
  },
  {
   "type": "Feature",
   "geometry": {
    "type": "Point",
    "coordinates": [
     126.93458191,
     37.52406008
    ]
   },
   "properties": {
    "pid": "여의도중학교 운동장-75",
    "school": "여의도중학교",
    "jibun": "40-1",
    "kind": "운동장 지반",
    "dong": "여의도중학교 운동장",
    "facade": "지반",
    "floor": 0,
    "source": "배치도 경계(래스터 계측) + 분석지점도 격자",
    "z_m": 0.0,
    "normal_az": 180.0,
    "s1_total_h": 3.17,
    "s1_cont_h": 3.17,
    "s1_pass_a": true,
    "s1_pass_b": true,
    "s2_total_h": 2.67,
    "s2_cont_h": 2.0,
    "s2_pass_a": true,
    "s2_pass_b": false,
    "d_total_h": -0.5,
    "d_cont_h": -1.17,
    "change_cd": "keep_ok",
    "변화": "유지 충족"
   }
  },
  {
   "type": "Feature",
   "geometry": {
    "type": "Point",
    "coordinates": [
     126.93451931,
     37.52412381
    ]
   },
   "properties": {
    "pid": "여의도중학교 운동장-76",
    "school": "여의도중학교",
    "jibun": "40-1",
    "kind": "운동장 지반",
    "dong": "여의도중학교 운동장",
    "facade": "지반",
    "floor": 0,
    "source": "배치도 경계(래스터 계측) + 분석지점도 격자",
    "z_m": 0.0,
    "normal_az": 180.0,
    "s1_total_h": 3.17,
    "s1_cont_h": 3.17,
    "s1_pass_a": true,
    "s1_pass_b": true,
    "s2_total_h": 2.5,
    "s2_cont_h": 1.83,
    "s2_pass_a": false,
    "s2_pass_b": false,
    "d_total_h": -0.67,
    "d_cont_h": -1.34,
    "change_cd": "new_fail",
    "변화": "신규 불충족"
   }
  },
  {
   "type": "Feature",
   "geometry": {
    "type": "Point",
    "coordinates": [
     126.93440987,
     37.52261546
    ]
   },
   "properties": {
    "pid": "본관동 저층부(4층) 3층-1",
    "school": "여의도여자고등학교",
    "jibun": "40-2",
    "kind": "교사동 창면",
    "dong": "본관동 저층부(4층)",
    "facade": "본관동 저층부(4층)",
    "floor": 3,
    "source": "도면기준",
    "z_m": 9.4,
    "normal_az": 141.9,
    "s1_total_h": 4.17,
    "s1_cont_h": 3.17,
    "s1_pass_a": true,
    "s1_pass_b": true,
    "s2_total_h": 4.17,
    "s2_cont_h": 3.17,
    "s2_pass_a": true,
    "s2_pass_b": true,
    "d_total_h": 0.0,
    "d_cont_h": 0.0,
    "change_cd": "keep_ok",
    "변화": "유지 충족"
   }
  },
  {
   "type": "Feature",
   "geometry": {
    "type": "Point",
    "coordinates": [
     126.93440987,
     37.52261546
    ]
   },
   "properties": {
    "pid": "본관동 저층부(4층) 4층-1",
    "school": "여의도여자고등학교",
    "jibun": "40-2",
    "kind": "교사동 창면",
    "dong": "본관동 저층부(4층)",
    "facade": "본관동 저층부(4층)",
    "floor": 4,
    "source": "도면기준",
    "z_m": 13.1,
    "normal_az": 141.9,
    "s1_total_h": 4.33,
    "s1_cont_h": 3.33,
    "s1_pass_a": true,
    "s1_pass_b": true,
    "s2_total_h": 4.33,
    "s2_cont_h": 3.33,
    "s2_pass_a": true,
    "s2_pass_b": true,
    "d_total_h": 0.0,
    "d_cont_h": 0.0,
    "change_cd": "keep_ok",
    "변화": "유지 충족"
   }
  },
  {
   "type": "Feature",
   "geometry": {
    "type": "Point",
    "coordinates": [
     126.9344419,
     37.52263548
    ]
   },
   "properties": {
    "pid": "본관동 저층부(4층) 3층-2",
    "school": "여의도여자고등학교",
    "jibun": "40-2",
    "kind": "교사동 창면",
    "dong": "본관동 저층부(4층)",
    "facade": "본관동 저층부(4층)",
    "floor": 3,
    "source": "도면기준",
    "z_m": 9.4,
    "normal_az": 141.9,
    "s1_total_h": 4.33,
    "s1_cont_h": 3.33,
    "s1_pass_a": true,
    "s1_pass_b": true,
    "s2_total_h": 4.33,
    "s2_cont_h": 3.33,
    "s2_pass_a": true,
    "s2_pass_b": true,
    "d_total_h": 0.0,
    "d_cont_h": 0.0,
    "change_cd": "keep_ok",
    "변화": "유지 충족"
   }
  },
  {
   "type": "Feature",
   "geometry": {
    "type": "Point",
    "coordinates": [
     126.9344419,
     37.52263548
    ]
   },
   "properties": {
    "pid": "본관동 저층부(4층) 4층-2",
    "school": "여의도여자고등학교",
    "jibun": "40-2",
    "kind": "교사동 창면",
    "dong": "본관동 저층부(4층)",
    "facade": "본관동 저층부(4층)",
    "floor": 4,
    "source": "도면기준",
    "z_m": 13.1,
    "normal_az": 141.9,
    "s1_total_h": 4.33,
    "s1_cont_h": 3.33,
    "s1_pass_a": true,
    "s1_pass_b": true,
    "s2_total_h": 4.5,
    "s2_cont_h": 3.5,
    "s2_pass_a": true,
    "s2_pass_b": true,
    "d_total_h": 0.17,
    "d_cont_h": 0.17,
    "change_cd": "keep_ok",
    "변화": "유지 충족"
   }
  },
  {
   "type": "Feature",
   "geometry": {
    "type": "Point",
    "coordinates": [
     126.93448996,
     37.52266551
    ]
   },
   "properties": {
    "pid": "본관동 저층부(4층) 2층-1",
    "school": "여의도여자고등학교",
    "jibun": "40-2",
    "kind": "교사동 창면",
    "dong": "본관동 저층부(4층)",
    "facade": "본관동 저층부(4층)",
    "floor": 2,
    "source": "도면기준",
    "z_m": 5.7,
    "normal_az": 141.9,
    "s1_total_h": 4.0,
    "s1_cont_h": 3.33,
    "s1_pass_a": true,
    "s1_pass_b": true,
    "s2_total_h": 4.0,
    "s2_cont_h": 3.33,
    "s2_pass_a": true,
    "s2_pass_b": true,
    "d_total_h": 0.0,
    "d_cont_h": 0.0,
    "change_cd": "keep_ok",
    "변화": "유지 충족"
   }
  },
  {
   "type": "Feature",
   "geometry": {
    "type": "Point",
    "coordinates": [
     126.93448996,
     37.52266551
    ]
   },
   "properties": {
    "pid": "본관동 저층부(4층) 3층-3",
    "school": "여의도여자고등학교",
    "jibun": "40-2",
    "kind": "교사동 창면",
    "dong": "본관동 저층부(4층)",
    "facade": "본관동 저층부(4층)",
    "floor": 3,
    "source": "도면기준",
    "z_m": 9.4,
    "normal_az": 141.9,
    "s1_total_h": 4.17,
    "s1_cont_h": 3.33,
    "s1_pass_a": true,
    "s1_pass_b": true,
    "s2_total_h": 4.17,
    "s2_cont_h": 3.33,
    "s2_pass_a": true,
    "s2_pass_b": true,
    "d_total_h": 0.0,
    "d_cont_h": 0.0,
    "change_cd": "keep_ok",
    "변화": "유지 충족"
   }
  },
  {
   "type": "Feature",
   "geometry": {
    "type": "Point",
    "coordinates": [
     126.93448996,
     37.52266551
    ]
   },
   "properties": {
    "pid": "본관동 저층부(4층) 4층-3",
    "school": "여의도여자고등학교",
    "jibun": "40-2",
    "kind": "교사동 창면",
    "dong": "본관동 저층부(4층)",
    "facade": "본관동 저층부(4층)",
    "floor": 4,
    "source": "도면기준",
    "z_m": 13.1,
    "normal_az": 141.9,
    "s1_total_h": 4.33,
    "s1_cont_h": 3.5,
    "s1_pass_a": true,
    "s1_pass_b": true,
    "s2_total_h": 4.17,
    "s2_cont_h": 3.33,
    "s2_pass_a": true,
    "s2_pass_b": true,
    "d_total_h": -0.16,
    "d_cont_h": -0.17,
    "change_cd": "keep_ok",
    "변화": "유지 충족"
   }
  },
  {
   "type": "Feature",
   "geometry": {
    "type": "Point",
    "coordinates": [
     126.93452199,
     37.52268554
    ]
   },
   "properties": {
    "pid": "본관동 저층부(4층) 2층-2",
    "school": "여의도여자고등학교",
    "jibun": "40-2",
    "kind": "교사동 창면",
    "dong": "본관동 저층부(4층)",
    "facade": "본관동 저층부(4층)",
    "floor": 2,
    "source": "도면기준",
    "z_m": 5.7,
    "normal_az": 141.9,
    "s1_total_h": 4.17,
    "s1_cont_h": 3.17,
    "s1_pass_a": true,
    "s1_pass_b": true,
    "s2_total_h": 4.17,
    "s2_cont_h": 3.17,
    "s2_pass_a": true,
    "s2_pass_b": true,
    "d_total_h": 0.0,
    "d_cont_h": 0.0,
    "change_cd": "keep_ok",
    "변화": "유지 충족"
   }
  },
  {
   "type": "Feature",
   "geometry": {
    "type": "Point",
    "coordinates": [
     126.93452199,
     37.52268554
    ]
   },
   "properties": {
    "pid": "본관동 저층부(4층) 3층-4",
    "school": "여의도여자고등학교",
    "jibun": "40-2",
    "kind": "교사동 창면",
    "dong": "본관동 저층부(4층)",
    "facade": "본관동 저층부(4층)",
    "floor": 3,
    "source": "도면기준",
    "z_m": 9.4,
    "normal_az": 141.9,
    "s1_total_h": 4.33,
    "s1_cont_h": 3.33,
    "s1_pass_a": true,
    "s1_pass_b": true,
    "s2_total_h": 4.17,
    "s2_cont_h": 3.17,
    "s2_pass_a": true,
    "s2_pass_b": true,
    "d_total_h": -0.16,
    "d_cont_h": -0.16,
    "change_cd": "keep_ok",
    "변화": "유지 충족"
   }
  },
  {
   "type": "Feature",
   "geometry": {
    "type": "Point",
    "coordinates": [
     126.93452199,
     37.52268554
    ]
   },
   "properties": {
    "pid": "본관동 저층부(4층) 4층-4",
    "school": "여의도여자고등학교",
    "jibun": "40-2",
    "kind": "교사동 창면",
    "dong": "본관동 저층부(4층)",
    "facade": "본관동 저층부(4층)",
    "floor": 4,
    "source": "도면기준",
    "z_m": 13.1,
    "normal_az": 141.9,
    "s1_total_h": 4.33,
    "s1_cont_h": 3.33,
    "s1_pass_a": true,
    "s1_pass_b": true,
    "s2_total_h": 4.17,
    "s2_cont_h": 3.17,
    "s2_pass_a": true,
    "s2_pass_b": true,
    "d_total_h": -0.16,
    "d_cont_h": -0.16,
    "change_cd": "keep_ok",
    "변화": "유지 충족"
   }
  },
  {
   "type": "Feature",
   "geometry": {
    "type": "Point",
    "coordinates": [
     126.93457006,
     37.52271558
    ]
   },
   "properties": {
    "pid": "본관동 저층부(4층) 2층-3",
    "school": "여의도여자고등학교",
    "jibun": "40-2",
    "kind": "교사동 창면",
    "dong": "본관동 저층부(4층)",
    "facade": "본관동 저층부(4층)",
    "floor": 2,
    "source": "도면기준",
    "z_m": 5.7,
    "normal_az": 141.9,
    "s1_total_h": 4.0,
    "s1_cont_h": 3.17,
    "s1_pass_a": true,
    "s1_pass_b": true,
    "s2_total_h": 4.0,
    "s2_cont_h": 3.17,
    "s2_pass_a": true,
    "s2_pass_b": true,
    "d_total_h": 0.0,
    "d_cont_h": 0.0,
    "change_cd": "keep_ok",
    "변화": "유지 충족"
   }
  },
  {
   "type": "Feature",
   "geometry": {
    "type": "Point",
    "coordinates": [
     126.93457006,
     37.52271558
    ]
   },
   "properties": {
    "pid": "본관동 저층부(4층) 3층-5",
    "school": "여의도여자고등학교",
    "jibun": "40-2",
    "kind": "교사동 창면",
    "dong": "본관동 저층부(4층)",
    "facade": "본관동 저층부(4층)",
    "floor": 3,
    "source": "도면기준",
    "z_m": 9.4,
    "normal_az": 141.9,
    "s1_total_h": 4.17,
    "s1_cont_h": 3.33,
    "s1_pass_a": true,
    "s1_pass_b": true,
    "s2_total_h": 4.0,
    "s2_cont_h": 3.17,
    "s2_pass_a": true,
    "s2_pass_b": true,
    "d_total_h": -0.17,
    "d_cont_h": -0.16,
    "change_cd": "keep_ok",
    "변화": "유지 충족"
   }
  },
  {
   "type": "Feature",
   "geometry": {
    "type": "Point",
    "coordinates": [
     126.93457006,
     37.52271558
    ]
   },
   "properties": {
    "pid": "본관동 저층부(4층) 4층-5",
    "school": "여의도여자고등학교",
    "jibun": "40-2",
    "kind": "교사동 창면",
    "dong": "본관동 저층부(4층)",
    "facade": "본관동 저층부(4층)",
    "floor": 4,
    "source": "도면기준",
    "z_m": 13.1,
    "normal_az": 141.9,
    "s1_total_h": 4.5,
    "s1_cont_h": 3.5,
    "s1_pass_a": true,
    "s1_pass_b": true,
    "s2_total_h": 4.17,
    "s2_cont_h": 3.17,
    "s2_pass_a": true,
    "s2_pass_b": true,
    "d_total_h": -0.33,
    "d_cont_h": -0.33,
    "change_cd": "keep_ok",
    "변화": "유지 충족"
   }
  },
  {
   "type": "Feature",
   "geometry": {
    "type": "Point",
    "coordinates": [
     126.93460209,
     37.5227356
    ]
   },
   "properties": {
    "pid": "본관동 저층부(4층) 2층-4",
    "school": "여의도여자고등학교",
    "jibun": "40-2",
    "kind": "교사동 창면",
    "dong": "본관동 저층부(4층)",
    "facade": "본관동 저층부(4층)",
    "floor": 2,
    "source": "도면기준",
    "z_m": 5.7,
    "normal_az": 141.9,
    "s1_total_h": 4.0,
    "s1_cont_h": 3.17,
    "s1_pass_a": true,
    "s1_pass_b": true,
    "s2_total_h": 3.83,
    "s2_cont_h": 3.0,
    "s2_pass_a": true,
    "s2_pass_b": true,
    "d_total_h": -0.17,
    "d_cont_h": -0.17,
    "change_cd": "keep_ok",
    "변화": "유지 충족"
   }
  },
  {
   "type": "Feature",
   "geometry": {
    "type": "Point",
    "coordinates": [
     126.93460209,
     37.5227356
    ]
   },
   "properties": {
    "pid": "본관동 저층부(4층) 3층-6",
    "school": "여의도여자고등학교",
    "jibun": "40-2",
    "kind": "교사동 창면",
    "dong": "본관동 저층부(4층)",
    "facade": "본관동 저층부(4층)",
    "floor": 3,
    "source": "도면기준",
    "z_m": 9.4,
    "normal_az": 141.9,
    "s1_total_h": 4.0,
    "s1_cont_h": 3.17,
    "s1_pass_a": true,
    "s1_pass_b": true,
    "s2_total_h": 3.83,
    "s2_cont_h": 3.0,
    "s2_pass_a": true,
    "s2_pass_b": true,
    "d_total_h": -0.17,
    "d_cont_h": -0.17,
    "change_cd": "keep_ok",
    "변화": "유지 충족"
   }
  },
  {
   "type": "Feature",
   "geometry": {
    "type": "Point",
    "coordinates": [
     126.93460209,
     37.5227356
    ]
   },
   "properties": {
    "pid": "본관동 저층부(4층) 4층-6",
    "school": "여의도여자고등학교",
    "jibun": "40-2",
    "kind": "교사동 창면",
    "dong": "본관동 저층부(4층)",
    "facade": "본관동 저층부(4층)",
    "floor": 4,
    "source": "도면기준",
    "z_m": 13.1,
    "normal_az": 141.9,
    "s1_total_h": 4.33,
    "s1_cont_h": 3.33,
    "s1_pass_a": true,
    "s1_pass_b": true,
    "s2_total_h": 4.0,
    "s2_cont_h": 3.0,
    "s2_pass_a": true,
    "s2_pass_b": true,
    "d_total_h": -0.33,
    "d_cont_h": -0.33,
    "change_cd": "keep_ok",
    "변화": "유지 충족"
   }
  },
  {
   "type": "Feature",
   "geometry": {
    "type": "Point",
    "coordinates": [
     126.93464786,
     37.52277007
    ]
   },
   "properties": {
    "pid": "본관동 고층부(5층) 1층-1",
    "school": "여의도여자고등학교",
    "jibun": "40-2",
    "kind": "교사동 창면",
    "dong": "본관동 고층부(5층)",
    "facade": "본관동 고층부(5층)",
    "floor": 1,
    "source": "도면기준",
    "z_m": 2.0,
    "normal_az": 141.9,
    "s1_total_h": 4.17,
    "s1_cont_h": 3.0,
    "s1_pass_a": true,
    "s1_pass_b": true,
    "s2_total_h": 3.83,
    "s2_cont_h": 3.0,
    "s2_pass_a": true,
    "s2_pass_b": true,
    "d_total_h": -0.34,
    "d_cont_h": 0.0,
    "change_cd": "keep_ok",
    "변화": "유지 충족"
   }
  },
  {
   "type": "Feature",
   "geometry": {
    "type": "Point",
    "coordinates": [
     126.93464786,
     37.52277007
    ]
   },
   "properties": {
    "pid": "본관동 고층부(5층) 2층-1",
    "school": "여의도여자고등학교",
    "jibun": "40-2",
    "kind": "교사동 창면",
    "dong": "본관동 고층부(5층)",
    "facade": "본관동 고층부(5층)",
    "floor": 2,
    "source": "도면기준",
    "z_m": 5.7,
    "normal_az": 141.9,
    "s1_total_h": 4.33,
    "s1_cont_h": 3.17,
    "s1_pass_a": true,
    "s1_pass_b": true,
    "s2_total_h": 3.83,
    "s2_cont_h": 3.0,
    "s2_pass_a": true,
    "s2_pass_b": true,
    "d_total_h": -0.5,
    "d_cont_h": -0.17,
    "change_cd": "keep_ok",
    "변화": "유지 충족"
   }
  },
  {
   "type": "Feature",
   "geometry": {
    "type": "Point",
    "coordinates": [
     126.93464786,
     37.52277007
    ]
   },
   "properties": {
    "pid": "본관동 고층부(5층) 3층-1",
    "school": "여의도여자고등학교",
    "jibun": "40-2",
    "kind": "교사동 창면",
    "dong": "본관동 고층부(5층)",
    "facade": "본관동 고층부(5층)",
    "floor": 3,
    "source": "도면기준",
    "z_m": 9.4,
    "normal_az": 141.9,
    "s1_total_h": 4.33,
    "s1_cont_h": 3.17,
    "s1_pass_a": true,
    "s1_pass_b": true,
    "s2_total_h": 3.83,
    "s2_cont_h": 3.0,
    "s2_pass_a": true,
    "s2_pass_b": true,
    "d_total_h": -0.5,
    "d_cont_h": -0.17,
    "change_cd": "keep_ok",
    "변화": "유지 충족"
   }
  },
  {
   "type": "Feature",
   "geometry": {
    "type": "Point",
    "coordinates": [
     126.93464786,
     37.52277007
    ]
   },
   "properties": {
    "pid": "본관동 고층부(5층) 4층-1",
    "school": "여의도여자고등학교",
    "jibun": "40-2",
    "kind": "교사동 창면",
    "dong": "본관동 고층부(5층)",
    "facade": "본관동 고층부(5층)",
    "floor": 4,
    "source": "도면기준",
    "z_m": 13.1,
    "normal_az": 141.9,
    "s1_total_h": 4.67,
    "s1_cont_h": 3.33,
    "s1_pass_a": true,
    "s1_pass_b": true,
    "s2_total_h": 4.0,
    "s2_cont_h": 3.0,
    "s2_pass_a": true,
    "s2_pass_b": true,
    "d_total_h": -0.67,
    "d_cont_h": -0.33,
    "change_cd": "keep_ok",
    "변화": "유지 충족"
   }
  },
  {
   "type": "Feature",
   "geometry": {
    "type": "Point",
    "coordinates": [
     126.93464786,
     37.52277007
    ]
   },
   "properties": {
    "pid": "본관동 고층부(5층) 5층-1",
    "school": "여의도여자고등학교",
    "jibun": "40-2",
    "kind": "교사동 창면",
    "dong": "본관동 고층부(5층)",
    "facade": "본관동 고층부(5층)",
    "floor": 5,
    "source": "도면기준",
    "z_m": 16.8,
    "normal_az": 141.9,
    "s1_total_h": 5.0,
    "s1_cont_h": 3.67,
    "s1_pass_a": true,
    "s1_pass_b": true,
    "s2_total_h": 4.0,
    "s2_cont_h": 3.0,
    "s2_pass_a": true,
    "s2_pass_b": true,
    "d_total_h": -1.0,
    "d_cont_h": -0.67,
    "change_cd": "keep_ok",
    "변화": "유지 충족"
   }
  },
  {
   "type": "Feature",
   "geometry": {
    "type": "Point",
    "coordinates": [
     126.93467988,
     37.52279012
    ]
   },
   "properties": {
    "pid": "본관동 고층부(5층) 1층-2",
    "school": "여의도여자고등학교",
    "jibun": "40-2",
    "kind": "교사동 창면",
    "dong": "본관동 고층부(5층)",
    "facade": "본관동 고층부(5층)",
    "floor": 1,
    "source": "도면기준",
    "z_m": 2.0,
    "normal_az": 141.9,
    "s1_total_h": 4.0,
    "s1_cont_h": 2.83,
    "s1_pass_a": true,
    "s1_pass_b": true,
    "s2_total_h": 3.5,
    "s2_cont_h": 2.83,
    "s2_pass_a": true,
    "s2_pass_b": true,
    "d_total_h": -0.5,
    "d_cont_h": 0.0,
    "change_cd": "keep_ok",
    "변화": "유지 충족"
   }
  },
  {
   "type": "Feature",
   "geometry": {
    "type": "Point",
    "coordinates": [
     126.93467988,
     37.52279012
    ]
   },
   "properties": {
    "pid": "본관동 고층부(5층) 2층-2",
    "school": "여의도여자고등학교",
    "jibun": "40-2",
    "kind": "교사동 창면",
    "dong": "본관동 고층부(5층)",
    "facade": "본관동 고층부(5층)",
    "floor": 2,
    "source": "도면기준",
    "z_m": 5.7,
    "normal_az": 141.9,
    "s1_total_h": 4.17,
    "s1_cont_h": 3.0,
    "s1_pass_a": true,
    "s1_pass_b": true,
    "s2_total_h": 3.5,
    "s2_cont_h": 2.83,
    "s2_pass_a": true,
    "s2_pass_b": true,
    "d_total_h": -0.67,
    "d_cont_h": -0.17,
    "change_cd": "keep_ok",
    "변화": "유지 충족"
   }
  },
  {
   "type": "Feature",
   "geometry": {
    "type": "Point",
    "coordinates": [
     126.93467988,
     37.52279012
    ]
   },
   "properties": {
    "pid": "본관동 고층부(5층) 3층-2",
    "school": "여의도여자고등학교",
    "jibun": "40-2",
    "kind": "교사동 창면",
    "dong": "본관동 고층부(5층)",
    "facade": "본관동 고층부(5층)",
    "floor": 3,
    "source": "도면기준",
    "z_m": 9.4,
    "normal_az": 141.9,
    "s1_total_h": 4.33,
    "s1_cont_h": 3.0,
    "s1_pass_a": true,
    "s1_pass_b": true,
    "s2_total_h": 3.67,
    "s2_cont_h": 2.83,
    "s2_pass_a": true,
    "s2_pass_b": true,
    "d_total_h": -0.66,
    "d_cont_h": -0.17,
    "change_cd": "keep_ok",
    "변화": "유지 충족"
   }
  },
  {
   "type": "Feature",
   "geometry": {
    "type": "Point",
    "coordinates": [
     126.93467988,
     37.52279012
    ]
   },
   "properties": {
    "pid": "본관동 고층부(5층) 4층-2",
    "school": "여의도여자고등학교",
    "jibun": "40-2",
    "kind": "교사동 창면",
    "dong": "본관동 고층부(5층)",
    "facade": "본관동 고층부(5층)",
    "floor": 4,
    "source": "도면기준",
    "z_m": 13.1,
    "normal_az": 141.9,
    "s1_total_h": 4.67,
    "s1_cont_h": 3.33,
    "s1_pass_a": true,
    "s1_pass_b": true,
    "s2_total_h": 3.67,
    "s2_cont_h": 2.83,
    "s2_pass_a": true,
    "s2_pass_b": true,
    "d_total_h": -1.0,
    "d_cont_h": -0.5,
    "change_cd": "keep_ok",
    "변화": "유지 충족"
   }
  },
  {
   "type": "Feature",
   "geometry": {
    "type": "Point",
    "coordinates": [
     126.93467988,
     37.52279012
    ]
   },
   "properties": {
    "pid": "본관동 고층부(5층) 5층-2",
    "school": "여의도여자고등학교",
    "jibun": "40-2",
    "kind": "교사동 창면",
    "dong": "본관동 고층부(5층)",
    "facade": "본관동 고층부(5층)",
    "floor": 5,
    "source": "도면기준",
    "z_m": 16.8,
    "normal_az": 141.9,
    "s1_total_h": 5.0,
    "s1_cont_h": 3.67,
    "s1_pass_a": true,
    "s1_pass_b": true,
    "s2_total_h": 3.67,
    "s2_cont_h": 2.83,
    "s2_pass_a": true,
    "s2_pass_b": true,
    "d_total_h": -1.33,
    "d_cont_h": -0.84,
    "change_cd": "keep_ok",
    "변화": "유지 충족"
   }
  },
  {
   "type": "Feature",
   "geometry": {
    "type": "Point",
    "coordinates": [
     126.9347279,
     37.5228202
    ]
   },
   "properties": {
    "pid": "본관동 고층부(5층) 1층-3",
    "school": "여의도여자고등학교",
    "jibun": "40-2",
    "kind": "교사동 창면",
    "dong": "본관동 고층부(5층)",
    "facade": "본관동 고층부(5층)",
    "floor": 1,
    "source": "도면기준",
    "z_m": 2.0,
    "normal_az": 141.8,
    "s1_total_h": 4.33,
    "s1_cont_h": 2.83,
    "s1_pass_a": true,
    "s1_pass_b": true,
    "s2_total_h": 3.5,
    "s2_cont_h": 2.83,
    "s2_pass_a": true,
    "s2_pass_b": true,
    "d_total_h": -0.83,
    "d_cont_h": 0.0,
    "change_cd": "keep_ok",
    "변화": "유지 충족"
   }
  },
  {
   "type": "Feature",
   "geometry": {
    "type": "Point",
    "coordinates": [
     126.9347279,
     37.5228202
    ]
   },
   "properties": {
    "pid": "본관동 고층부(5층) 2층-3",
    "school": "여의도여자고등학교",
    "jibun": "40-2",
    "kind": "교사동 창면",
    "dong": "본관동 고층부(5층)",
    "facade": "본관동 고층부(5층)",
    "floor": 2,
    "source": "도면기준",
    "z_m": 5.7,
    "normal_az": 141.8,
    "s1_total_h": 4.33,
    "s1_cont_h": 2.83,
    "s1_pass_a": true,
    "s1_pass_b": true,
    "s2_total_h": 3.5,
    "s2_cont_h": 2.83,
    "s2_pass_a": true,
    "s2_pass_b": true,
    "d_total_h": -0.83,
    "d_cont_h": 0.0,
    "change_cd": "keep_ok",
    "변화": "유지 충족"
   }
  },
  {
   "type": "Feature",
   "geometry": {
    "type": "Point",
    "coordinates": [
     126.9347279,
     37.5228202
    ]
   },
   "properties": {
    "pid": "본관동 고층부(5층) 3층-3",
    "school": "여의도여자고등학교",
    "jibun": "40-2",
    "kind": "교사동 창면",
    "dong": "본관동 고층부(5층)",
    "facade": "본관동 고층부(5층)",
    "floor": 3,
    "source": "도면기준",
    "z_m": 9.4,
    "normal_az": 141.8,
    "s1_total_h": 4.83,
    "s1_cont_h": 3.17,
    "s1_pass_a": true,
    "s1_pass_b": true,
    "s2_total_h": 3.67,
    "s2_cont_h": 2.83,
    "s2_pass_a": true,
    "s2_pass_b": true,
    "d_total_h": -1.16,
    "d_cont_h": -0.34,
    "change_cd": "keep_ok",
    "변화": "유지 충족"
   }
  },
  {
   "type": "Feature",
   "geometry": {
    "type": "Point",
    "coordinates": [
     126.9347279,
     37.5228202
    ]
   },
   "properties": {
    "pid": "본관동 고층부(5층) 4층-3",
    "school": "여의도여자고등학교",
    "jibun": "40-2",
    "kind": "교사동 창면",
    "dong": "본관동 고층부(5층)",
    "facade": "본관동 고층부(5층)",
    "floor": 4,
    "source": "도면기준",
    "z_m": 13.1,
    "normal_az": 141.8,
    "s1_total_h": 5.17,
    "s1_cont_h": 3.5,
    "s1_pass_a": true,
    "s1_pass_b": true,
    "s2_total_h": 3.67,
    "s2_cont_h": 2.83,
    "s2_pass_a": true,
    "s2_pass_b": true,
    "d_total_h": -1.5,
    "d_cont_h": -0.67,
    "change_cd": "keep_ok",
    "변화": "유지 충족"
   }
  },
  {
   "type": "Feature",
   "geometry": {
    "type": "Point",
    "coordinates": [
     126.9347279,
     37.5228202
    ]
   },
   "properties": {
    "pid": "본관동 고층부(5층) 5층-3",
    "school": "여의도여자고등학교",
    "jibun": "40-2",
    "kind": "교사동 창면",
    "dong": "본관동 고층부(5층)",
    "facade": "본관동 고층부(5층)",
    "floor": 5,
    "source": "도면기준",
    "z_m": 16.8,
    "normal_az": 141.8,
    "s1_total_h": 5.33,
    "s1_cont_h": 4.5,
    "s1_pass_a": true,
    "s1_pass_b": true,
    "s2_total_h": 3.67,
    "s2_cont_h": 2.83,
    "s2_pass_a": true,
    "s2_pass_b": true,
    "d_total_h": -1.66,
    "d_cont_h": -1.67,
    "change_cd": "keep_ok",
    "변화": "유지 충족"
   }
  },
  {
   "type": "Feature",
   "geometry": {
    "type": "Point",
    "coordinates": [
     126.93475989,
     37.52284027
    ]
   },
   "properties": {
    "pid": "본관동 고층부(5층) 1층-4",
    "school": "여의도여자고등학교",
    "jibun": "40-2",
    "kind": "교사동 창면",
    "dong": "본관동 고층부(5층)",
    "facade": "본관동 고층부(5층)",
    "floor": 1,
    "source": "도면기준",
    "z_m": 2.0,
    "normal_az": 141.8,
    "s1_total_h": 4.33,
    "s1_cont_h": 2.83,
    "s1_pass_a": true,
    "s1_pass_b": true,
    "s2_total_h": 3.5,
    "s2_cont_h": 2.83,
    "s2_pass_a": true,
    "s2_pass_b": true,
    "d_total_h": -0.83,
    "d_cont_h": 0.0,
    "change_cd": "keep_ok",
    "변화": "유지 충족"
   }
  },
  {
   "type": "Feature",
   "geometry": {
    "type": "Point",
    "coordinates": [
     126.93475989,
     37.52284027
    ]
   },
   "properties": {
    "pid": "본관동 고층부(5층) 2층-4",
    "school": "여의도여자고등학교",
    "jibun": "40-2",
    "kind": "교사동 창면",
    "dong": "본관동 고층부(5층)",
    "facade": "본관동 고층부(5층)",
    "floor": 2,
    "source": "도면기준",
    "z_m": 5.7,
    "normal_az": 141.8,
    "s1_total_h": 4.5,
    "s1_cont_h": 3.0,
    "s1_pass_a": true,
    "s1_pass_b": true,
    "s2_total_h": 3.5,
    "s2_cont_h": 2.83,
    "s2_pass_a": true,
    "s2_pass_b": true,
    "d_total_h": -1.0,
    "d_cont_h": -0.17,
    "change_cd": "keep_ok",
    "변화": "유지 충족"
   }
  },
  {
   "type": "Feature",
   "geometry": {
    "type": "Point",
    "coordinates": [
     126.93475989,
     37.52284027
    ]
   },
   "properties": {
    "pid": "본관동 고층부(5층) 3층-4",
    "school": "여의도여자고등학교",
    "jibun": "40-2",
    "kind": "교사동 창면",
    "dong": "본관동 고층부(5층)",
    "facade": "본관동 고층부(5층)",
    "floor": 3,
    "source": "도면기준",
    "z_m": 9.4,
    "normal_az": 141.8,
    "s1_total_h": 5.0,
    "s1_cont_h": 3.33,
    "s1_pass_a": true,
    "s1_pass_b": true,
    "s2_total_h": 3.67,
    "s2_cont_h": 2.83,
    "s2_pass_a": true,
    "s2_pass_b": true,
    "d_total_h": -1.33,
    "d_cont_h": -0.5,
    "change_cd": "keep_ok",
    "변화": "유지 충족"
   }
  },
  {
   "type": "Feature",
   "geometry": {
    "type": "Point",
    "coordinates": [
     126.93475989,
     37.52284027
    ]
   },
   "properties": {
    "pid": "본관동 고층부(5층) 4층-4",
    "school": "여의도여자고등학교",
    "jibun": "40-2",
    "kind": "교사동 창면",
    "dong": "본관동 고층부(5층)",
    "facade": "본관동 고층부(5층)",
    "floor": 4,
    "source": "도면기준",
    "z_m": 13.1,
    "normal_az": 141.8,
    "s1_total_h": 5.33,
    "s1_cont_h": 4.5,
    "s1_pass_a": true,
    "s1_pass_b": true,
    "s2_total_h": 3.67,
    "s2_cont_h": 2.83,
    "s2_pass_a": true,
    "s2_pass_b": true,
    "d_total_h": -1.66,
    "d_cont_h": -1.67,
    "change_cd": "keep_ok",
    "변화": "유지 충족"
   }
  },
  {
   "type": "Feature",
   "geometry": {
    "type": "Point",
    "coordinates": [
     126.93475989,
     37.52284027
    ]
   },
   "properties": {
    "pid": "본관동 고층부(5층) 5층-4",
    "school": "여의도여자고등학교",
    "jibun": "40-2",
    "kind": "교사동 창면",
    "dong": "본관동 고층부(5층)",
    "facade": "본관동 고층부(5층)",
    "floor": 5,
    "source": "도면기준",
    "z_m": 16.8,
    "normal_az": 141.8,
    "s1_total_h": 5.5,
    "s1_cont_h": 4.5,
    "s1_pass_a": true,
    "s1_pass_b": true,
    "s2_total_h": 3.83,
    "s2_cont_h": 2.83,
    "s2_pass_a": true,
    "s2_pass_b": true,
    "d_total_h": -1.67,
    "d_cont_h": -1.67,
    "change_cd": "keep_ok",
    "변화": "유지 충족"
   }
  },
  {
   "type": "Feature",
   "geometry": {
    "type": "Point",
    "coordinates": [
     126.93480789,
     37.52287036
    ]
   },
   "properties": {
    "pid": "본관동 고층부(5층) 1층-5",
    "school": "여의도여자고등학교",
    "jibun": "40-2",
    "kind": "교사동 창면",
    "dong": "본관동 고층부(5층)",
    "facade": "본관동 고층부(5층)",
    "floor": 1,
    "source": "도면기준",
    "z_m": 2.0,
    "normal_az": 141.8,
    "s1_total_h": 4.33,
    "s1_cont_h": 2.67,
    "s1_pass_a": true,
    "s1_pass_b": true,
    "s2_total_h": 3.33,
    "s2_cont_h": 2.67,
    "s2_pass_a": true,
    "s2_pass_b": true,
    "d_total_h": -1.0,
    "d_cont_h": 0.0,
    "change_cd": "keep_ok",
    "변화": "유지 충족"
   }
  },
  {
   "type": "Feature",
   "geometry": {
    "type": "Point",
    "coordinates": [
     126.93480789,
     37.52287036
    ]
   },
   "properties": {
    "pid": "본관동 고층부(5층) 2층-5",
    "school": "여의도여자고등학교",
    "jibun": "40-2",
    "kind": "교사동 창면",
    "dong": "본관동 고층부(5층)",
    "facade": "본관동 고층부(5층)",
    "floor": 2,
    "source": "도면기준",
    "z_m": 5.7,
    "normal_az": 141.8,
    "s1_total_h": 4.83,
    "s1_cont_h": 3.0,
    "s1_pass_a": true,
    "s1_pass_b": true,
    "s2_total_h": 3.5,
    "s2_cont_h": 2.67,
    "s2_pass_a": true,
    "s2_pass_b": true,
    "d_total_h": -1.33,
    "d_cont_h": -0.33,
    "change_cd": "keep_ok",
    "변화": "유지 충족"
   }
  },
  {
   "type": "Feature",
   "geometry": {
    "type": "Point",
    "coordinates": [
     126.93480789,
     37.52287036
    ]
   },
   "properties": {
    "pid": "본관동 고층부(5층) 3층-5",
    "school": "여의도여자고등학교",
    "jibun": "40-2",
    "kind": "교사동 창면",
    "dong": "본관동 고층부(5층)",
    "facade": "본관동 고층부(5층)",
    "floor": 3,
    "source": "도면기준",
    "z_m": 9.4,
    "normal_az": 141.8,
    "s1_total_h": 5.17,
    "s1_cont_h": 4.33,
    "s1_pass_a": true,
    "s1_pass_b": true,
    "s2_total_h": 3.5,
    "s2_cont_h": 2.67,
    "s2_pass_a": true,
    "s2_pass_b": true,
    "d_total_h": -1.67,
    "d_cont_h": -1.66,
    "change_cd": "keep_ok",
    "변화": "유지 충족"
   }
  },
  {
   "type": "Feature",
   "geometry": {
    "type": "Point",
    "coordinates": [
     126.93480789,
     37.52287036
    ]
   },
   "properties": {
    "pid": "본관동 고층부(5층) 4층-5",
    "school": "여의도여자고등학교",
    "jibun": "40-2",
    "kind": "교사동 창면",
    "dong": "본관동 고층부(5층)",
    "facade": "본관동 고층부(5층)",
    "floor": 4,
    "source": "도면기준",
    "z_m": 13.1,
    "normal_az": 141.8,
    "s1_total_h": 5.17,
    "s1_cont_h": 4.33,
    "s1_pass_a": true,
    "s1_pass_b": true,
    "s2_total_h": 3.5,
    "s2_cont_h": 2.67,
    "s2_pass_a": true,
    "s2_pass_b": true,
    "d_total_h": -1.67,
    "d_cont_h": -1.66,
    "change_cd": "keep_ok",
    "변화": "유지 충족"
   }
  },
  {
   "type": "Feature",
   "geometry": {
    "type": "Point",
    "coordinates": [
     126.93480789,
     37.52287036
    ]
   },
   "properties": {
    "pid": "본관동 고층부(5층) 5층-5",
    "school": "여의도여자고등학교",
    "jibun": "40-2",
    "kind": "교사동 창면",
    "dong": "본관동 고층부(5층)",
    "facade": "본관동 고층부(5층)",
    "floor": 5,
    "source": "도면기준",
    "z_m": 16.8,
    "normal_az": 141.8,
    "s1_total_h": 5.33,
    "s1_cont_h": 4.33,
    "s1_pass_a": true,
    "s1_pass_b": true,
    "s2_total_h": 3.67,
    "s2_cont_h": 2.67,
    "s2_pass_a": true,
    "s2_pass_b": true,
    "d_total_h": -1.66,
    "d_cont_h": -1.66,
    "change_cd": "keep_ok",
    "변화": "유지 충족"
   }
  },
  {
   "type": "Feature",
   "geometry": {
    "type": "Point",
    "coordinates": [
     126.9348399,
     37.52289042
    ]
   },
   "properties": {
    "pid": "본관동 고층부(5층) 1층-6",
    "school": "여의도여자고등학교",
    "jibun": "40-2",
    "kind": "교사동 창면",
    "dong": "본관동 고층부(5층)",
    "facade": "본관동 고층부(5층)",
    "floor": 1,
    "source": "도면기준",
    "z_m": 2.0,
    "normal_az": 141.8,
    "s1_total_h": 4.33,
    "s1_cont_h": 2.67,
    "s1_pass_a": true,
    "s1_pass_b": true,
    "s2_total_h": 3.0,
    "s2_cont_h": 2.5,
    "s2_pass_a": true,
    "s2_pass_b": true,
    "d_total_h": -1.33,
    "d_cont_h": -0.17,
    "change_cd": "keep_ok",
    "변화": "유지 충족"
   }
  },
  {
   "type": "Feature",
   "geometry": {
    "type": "Point",
    "coordinates": [
     126.9348399,
     37.52289042
    ]
   },
   "properties": {
    "pid": "본관동 고층부(5층) 2층-6",
    "school": "여의도여자고등학교",
    "jibun": "40-2",
    "kind": "교사동 창면",
    "dong": "본관동 고층부(5층)",
    "facade": "본관동 고층부(5층)",
    "floor": 2,
    "source": "도면기준",
    "z_m": 5.7,
    "normal_az": 141.8,
    "s1_total_h": 4.83,
    "s1_cont_h": 4.17,
    "s1_pass_a": true,
    "s1_pass_b": true,
    "s2_total_h": 3.17,
    "s2_cont_h": 2.5,
    "s2_pass_a": true,
    "s2_pass_b": true,
    "d_total_h": -1.66,
    "d_cont_h": -1.67,
    "change_cd": "keep_ok",
    "변화": "유지 충족"
   }
  },
  {
   "type": "Feature",
   "geometry": {
    "type": "Point",
    "coordinates": [
     126.9348399,
     37.52289042
    ]
   },
   "properties": {
    "pid": "본관동 고층부(5층) 3층-6",
    "school": "여의도여자고등학교",
    "jibun": "40-2",
    "kind": "교사동 창면",
    "dong": "본관동 고층부(5층)",
    "facade": "본관동 고층부(5층)",
    "floor": 3,
    "source": "도면기준",
    "z_m": 9.4,
    "normal_az": 141.8,
    "s1_total_h": 4.83,
    "s1_cont_h": 4.17,
    "s1_pass_a": true,
    "s1_pass_b": true,
    "s2_total_h": 3.17,
    "s2_cont_h": 2.5,
    "s2_pass_a": true,
    "s2_pass_b": true,
    "d_total_h": -1.66,
    "d_cont_h": -1.67,
    "change_cd": "keep_ok",
    "변화": "유지 충족"
   }
  },
  {
   "type": "Feature",
   "geometry": {
    "type": "Point",
    "coordinates": [
     126.9348399,
     37.52289042
    ]
   },
   "properties": {
    "pid": "본관동 고층부(5층) 4층-6",
    "school": "여의도여자고등학교",
    "jibun": "40-2",
    "kind": "교사동 창면",
    "dong": "본관동 고층부(5층)",
    "facade": "본관동 고층부(5층)",
    "floor": 4,
    "source": "도면기준",
    "z_m": 13.1,
    "normal_az": 141.8,
    "s1_total_h": 4.83,
    "s1_cont_h": 4.17,
    "s1_pass_a": true,
    "s1_pass_b": true,
    "s2_total_h": 3.17,
    "s2_cont_h": 2.5,
    "s2_pass_a": true,
    "s2_pass_b": true,
    "d_total_h": -1.66,
    "d_cont_h": -1.67,
    "change_cd": "keep_ok",
    "변화": "유지 충족"
   }
  },
  {
   "type": "Feature",
   "geometry": {
    "type": "Point",
    "coordinates": [
     126.9348399,
     37.52289042
    ]
   },
   "properties": {
    "pid": "본관동 고층부(5층) 5층-6",
    "school": "여의도여자고등학교",
    "jibun": "40-2",
    "kind": "교사동 창면",
    "dong": "본관동 고층부(5층)",
    "facade": "본관동 고층부(5층)",
    "floor": 5,
    "source": "도면기준",
    "z_m": 16.8,
    "normal_az": 141.8,
    "s1_total_h": 5.17,
    "s1_cont_h": 4.33,
    "s1_pass_a": true,
    "s1_pass_b": true,
    "s2_total_h": 3.33,
    "s2_cont_h": 2.5,
    "s2_pass_a": true,
    "s2_pass_b": true,
    "d_total_h": -1.84,
    "d_cont_h": -1.83,
    "change_cd": "keep_ok",
    "변화": "유지 충족"
   }
  },
  {
   "type": "Feature",
   "geometry": {
    "type": "Point",
    "coordinates": [
     126.93488789,
     37.52292051
    ]
   },
   "properties": {
    "pid": "본관동 고층부(5층) 1층-7",
    "school": "여의도여자고등학교",
    "jibun": "40-2",
    "kind": "교사동 창면",
    "dong": "본관동 고층부(5층)",
    "facade": "본관동 고층부(5층)",
    "floor": 1,
    "source": "도면기준",
    "z_m": 2.0,
    "normal_az": 141.8,
    "s1_total_h": 4.83,
    "s1_cont_h": 4.0,
    "s1_pass_a": true,
    "s1_pass_b": true,
    "s2_total_h": 3.33,
    "s2_cont_h": 2.5,
    "s2_pass_a": true,
    "s2_pass_b": true,
    "d_total_h": -1.5,
    "d_cont_h": -1.5,
    "change_cd": "keep_ok",
    "변화": "유지 충족"
   }
  },
  {
   "type": "Feature",
   "geometry": {
    "type": "Point",
    "coordinates": [
     126.93488789,
     37.52292051
    ]
   },
   "properties": {
    "pid": "본관동 고층부(5층) 2층-7",
    "school": "여의도여자고등학교",
    "jibun": "40-2",
    "kind": "교사동 창면",
    "dong": "본관동 고층부(5층)",
    "facade": "본관동 고층부(5층)",
    "floor": 2,
    "source": "도면기준",
    "z_m": 5.7,
    "normal_az": 141.8,
    "s1_total_h": 4.83,
    "s1_cont_h": 4.0,
    "s1_pass_a": true,
    "s1_pass_b": true,
    "s2_total_h": 3.33,
    "s2_cont_h": 2.5,
    "s2_pass_a": true,
    "s2_pass_b": true,
    "d_total_h": -1.5,
    "d_cont_h": -1.5,
    "change_cd": "keep_ok",
    "변화": "유지 충족"
   }
  },
  {
   "type": "Feature",
   "geometry": {
    "type": "Point",
    "coordinates": [
     126.93488789,
     37.52292051
    ]
   },
   "properties": {
    "pid": "본관동 고층부(5층) 3층-7",
    "school": "여의도여자고등학교",
    "jibun": "40-2",
    "kind": "교사동 창면",
    "dong": "본관동 고층부(5층)",
    "facade": "본관동 고층부(5층)",
    "floor": 3,
    "source": "도면기준",
    "z_m": 9.4,
    "normal_az": 141.8,
    "s1_total_h": 5.0,
    "s1_cont_h": 4.17,
    "s1_pass_a": true,
    "s1_pass_b": true,
    "s2_total_h": 3.5,
    "s2_cont_h": 2.5,
    "s2_pass_a": true,
    "s2_pass_b": true,
    "d_total_h": -1.5,
    "d_cont_h": -1.67,
    "change_cd": "keep_ok",
    "변화": "유지 충족"
   }
  },
  {
   "type": "Feature",
   "geometry": {
    "type": "Point",
    "coordinates": [
     126.93488789,
     37.52292051
    ]
   },
   "properties": {
    "pid": "본관동 고층부(5층) 4층-7",
    "school": "여의도여자고등학교",
    "jibun": "40-2",
    "kind": "교사동 창면",
    "dong": "본관동 고층부(5층)",
    "facade": "본관동 고층부(5층)",
    "floor": 4,
    "source": "도면기준",
    "z_m": 13.1,
    "normal_az": 141.8,
    "s1_total_h": 5.33,
    "s1_cont_h": 4.33,
    "s1_pass_a": true,
    "s1_pass_b": true,
    "s2_total_h": 3.83,
    "s2_cont_h": 2.5,
    "s2_pass_a": true,
    "s2_pass_b": true,
    "d_total_h": -1.5,
    "d_cont_h": -1.83,
    "change_cd": "keep_ok",
    "변화": "유지 충족"
   }
  },
  {
   "type": "Feature",
   "geometry": {
    "type": "Point",
    "coordinates": [
     126.93488789,
     37.52292051
    ]
   },
   "properties": {
    "pid": "본관동 고층부(5층) 5층-7",
    "school": "여의도여자고등학교",
    "jibun": "40-2",
    "kind": "교사동 창면",
    "dong": "본관동 고층부(5층)",
    "facade": "본관동 고층부(5층)",
    "floor": 5,
    "source": "도면기준",
    "z_m": 16.8,
    "normal_az": 141.8,
    "s1_total_h": 5.33,
    "s1_cont_h": 4.33,
    "s1_pass_a": true,
    "s1_pass_b": true,
    "s2_total_h": 3.83,
    "s2_cont_h": 2.5,
    "s2_pass_a": true,
    "s2_pass_b": true,
    "d_total_h": -1.5,
    "d_cont_h": -1.83,
    "change_cd": "keep_ok",
    "변화": "유지 충족"
   }
  },
  {
   "type": "Feature",
   "geometry": {
    "type": "Point",
    "coordinates": [
     126.93491989,
     37.52294058
    ]
   },
   "properties": {
    "pid": "본관동 고층부(5층) 1층-8",
    "school": "여의도여자고등학교",
    "jibun": "40-2",
    "kind": "교사동 창면",
    "dong": "본관동 고층부(5층)",
    "facade": "본관동 고층부(5층)",
    "floor": 1,
    "source": "도면기준",
    "z_m": 2.0,
    "normal_az": 141.8,
    "s1_total_h": 4.83,
    "s1_cont_h": 4.0,
    "s1_pass_a": true,
    "s1_pass_b": true,
    "s2_total_h": 3.17,
    "s2_cont_h": 2.33,
    "s2_pass_a": true,
    "s2_pass_b": true,
    "d_total_h": -1.66,
    "d_cont_h": -1.67,
    "change_cd": "keep_ok",
    "변화": "유지 충족"
   }
  },
  {
   "type": "Feature",
   "geometry": {
    "type": "Point",
    "coordinates": [
     126.93491989,
     37.52294058
    ]
   },
   "properties": {
    "pid": "본관동 고층부(5층) 2층-8",
    "school": "여의도여자고등학교",
    "jibun": "40-2",
    "kind": "교사동 창면",
    "dong": "본관동 고층부(5층)",
    "facade": "본관동 고층부(5층)",
    "floor": 2,
    "source": "도면기준",
    "z_m": 5.7,
    "normal_az": 141.8,
    "s1_total_h": 4.83,
    "s1_cont_h": 4.0,
    "s1_pass_a": true,
    "s1_pass_b": true,
    "s2_total_h": 3.17,
    "s2_cont_h": 2.33,
    "s2_pass_a": true,
    "s2_pass_b": true,
    "d_total_h": -1.66,
    "d_cont_h": -1.67,
    "change_cd": "keep_ok",
    "변화": "유지 충족"
   }
  },
  {
   "type": "Feature",
   "geometry": {
    "type": "Point",
    "coordinates": [
     126.93491989,
     37.52294058
    ]
   },
   "properties": {
    "pid": "본관동 고층부(5층) 3층-8",
    "school": "여의도여자고등학교",
    "jibun": "40-2",
    "kind": "교사동 창면",
    "dong": "본관동 고층부(5층)",
    "facade": "본관동 고층부(5층)",
    "floor": 3,
    "source": "도면기준",
    "z_m": 9.4,
    "normal_az": 141.8,
    "s1_total_h": 4.83,
    "s1_cont_h": 4.0,
    "s1_pass_a": true,
    "s1_pass_b": true,
    "s2_total_h": 3.5,
    "s2_cont_h": 2.33,
    "s2_pass_a": true,
    "s2_pass_b": true,
    "d_total_h": -1.33,
    "d_cont_h": -1.67,
    "change_cd": "keep_ok",
    "변화": "유지 충족"
   }
  },
  {
   "type": "Feature",
   "geometry": {
    "type": "Point",
    "coordinates": [
     126.93491989,
     37.52294058
    ]
   },
   "properties": {
    "pid": "본관동 고층부(5층) 4층-8",
    "school": "여의도여자고등학교",
    "jibun": "40-2",
    "kind": "교사동 창면",
    "dong": "본관동 고층부(5층)",
    "facade": "본관동 고층부(5층)",
    "floor": 4,
    "source": "도면기준",
    "z_m": 13.1,
    "normal_az": 141.8,
    "s1_total_h": 5.17,
    "s1_cont_h": 4.17,
    "s1_pass_a": true,
    "s1_pass_b": true,
    "s2_total_h": 3.83,
    "s2_cont_h": 2.33,
    "s2_pass_a": true,
    "s2_pass_b": true,
    "d_total_h": -1.34,
    "d_cont_h": -1.84,
    "change_cd": "keep_ok",
    "변화": "유지 충족"
   }
  },
  {
   "type": "Feature",
   "geometry": {
    "type": "Point",
    "coordinates": [
     126.93491989,
     37.52294058
    ]
   },
   "properties": {
    "pid": "본관동 고층부(5층) 5층-8",
    "school": "여의도여자고등학교",
    "jibun": "40-2",
    "kind": "교사동 창면",
    "dong": "본관동 고층부(5층)",
    "facade": "본관동 고층부(5층)",
    "floor": 5,
    "source": "도면기준",
    "z_m": 16.8,
    "normal_az": 141.8,
    "s1_total_h": 5.33,
    "s1_cont_h": 4.33,
    "s1_pass_a": true,
    "s1_pass_b": true,
    "s2_total_h": 3.83,
    "s2_cont_h": 2.33,
    "s2_pass_a": true,
    "s2_pass_b": true,
    "d_total_h": -1.5,
    "d_cont_h": -2.0,
    "change_cd": "keep_ok",
    "변화": "유지 충족"
   }
  },
  {
   "type": "Feature",
   "geometry": {
    "type": "Point",
    "coordinates": [
     126.9349679,
     37.52297067
    ]
   },
   "properties": {
    "pid": "본관동 고층부(5층) 1층-9",
    "school": "여의도여자고등학교",
    "jibun": "40-2",
    "kind": "교사동 창면",
    "dong": "본관동 고층부(5층)",
    "facade": "본관동 고층부(5층)",
    "floor": 1,
    "source": "도면기준",
    "z_m": 2.0,
    "normal_az": 141.8,
    "s1_total_h": 4.33,
    "s1_cont_h": 3.83,
    "s1_pass_a": true,
    "s1_pass_b": true,
    "s2_total_h": 2.83,
    "s2_cont_h": 2.33,
    "s2_pass_a": true,
    "s2_pass_b": true,
    "d_total_h": -1.5,
    "d_cont_h": -1.5,
    "change_cd": "keep_ok",
    "변화": "유지 충족"
   }
  },
  {
   "type": "Feature",
   "geometry": {
    "type": "Point",
    "coordinates": [
     126.9349679,
     37.52297067
    ]
   },
   "properties": {
    "pid": "본관동 고층부(5층) 2층-9",
    "school": "여의도여자고등학교",
    "jibun": "40-2",
    "kind": "교사동 창면",
    "dong": "본관동 고층부(5층)",
    "facade": "본관동 고층부(5층)",
    "floor": 2,
    "source": "도면기준",
    "z_m": 5.7,
    "normal_az": 141.8,
    "s1_total_h": 4.5,
    "s1_cont_h": 4.0,
    "s1_pass_a": true,
    "s1_pass_b": true,
    "s2_total_h": 2.83,
    "s2_cont_h": 2.33,
    "s2_pass_a": true,
    "s2_pass_b": true,
    "d_total_h": -1.67,
    "d_cont_h": -1.67,
    "change_cd": "keep_ok",
    "변화": "유지 충족"
   }
  },
  {
   "type": "Feature",
   "geometry": {
    "type": "Point",
    "coordinates": [
     126.9349679,
     37.52297067
    ]
   },
   "properties": {
    "pid": "본관동 고층부(5층) 3층-9",
    "school": "여의도여자고등학교",
    "jibun": "40-2",
    "kind": "교사동 창면",
    "dong": "본관동 고층부(5층)",
    "facade": "본관동 고층부(5층)",
    "floor": 3,
    "source": "도면기준",
    "z_m": 9.4,
    "normal_az": 141.8,
    "s1_total_h": 4.67,
    "s1_cont_h": 4.17,
    "s1_pass_a": true,
    "s1_pass_b": true,
    "s2_total_h": 3.0,
    "s2_cont_h": 2.33,
    "s2_pass_a": true,
    "s2_pass_b": true,
    "d_total_h": -1.67,
    "d_cont_h": -1.84,
    "change_cd": "keep_ok",
    "변화": "유지 충족"
   }
  },
  {
   "type": "Feature",
   "geometry": {
    "type": "Point",
    "coordinates": [
     126.9349679,
     37.52297067
    ]
   },
   "properties": {
    "pid": "본관동 고층부(5층) 4층-9",
    "school": "여의도여자고등학교",
    "jibun": "40-2",
    "kind": "교사동 창면",
    "dong": "본관동 고층부(5층)",
    "facade": "본관동 고층부(5층)",
    "floor": 4,
    "source": "도면기준",
    "z_m": 13.1,
    "normal_az": 141.8,
    "s1_total_h": 4.83,
    "s1_cont_h": 4.17,
    "s1_pass_a": true,
    "s1_pass_b": true,
    "s2_total_h": 3.83,
    "s2_cont_h": 2.33,
    "s2_pass_a": true,
    "s2_pass_b": true,
    "d_total_h": -1.0,
    "d_cont_h": -1.84,
    "change_cd": "keep_ok",
    "변화": "유지 충족"
   }
  },
  {
   "type": "Feature",
   "geometry": {
    "type": "Point",
    "coordinates": [
     126.9349679,
     37.52297067
    ]
   },
   "properties": {
    "pid": "본관동 고층부(5층) 5층-9",
    "school": "여의도여자고등학교",
    "jibun": "40-2",
    "kind": "교사동 창면",
    "dong": "본관동 고층부(5층)",
    "facade": "본관동 고층부(5층)",
    "floor": 5,
    "source": "도면기준",
    "z_m": 16.8,
    "normal_az": 141.8,
    "s1_total_h": 5.0,
    "s1_cont_h": 4.33,
    "s1_pass_a": true,
    "s1_pass_b": true,
    "s2_total_h": 3.83,
    "s2_cont_h": 2.33,
    "s2_pass_a": true,
    "s2_pass_b": true,
    "d_total_h": -1.17,
    "d_cont_h": -2.0,
    "change_cd": "keep_ok",
    "변화": "유지 충족"
   }
  },
  {
   "type": "Feature",
   "geometry": {
    "type": "Point",
    "coordinates": [
     126.93499989,
     37.52299073
    ]
   },
   "properties": {
    "pid": "본관동 고층부(5층) 1층-10",
    "school": "여의도여자고등학교",
    "jibun": "40-2",
    "kind": "교사동 창면",
    "dong": "본관동 고층부(5층)",
    "facade": "본관동 고층부(5층)",
    "floor": 1,
    "source": "도면기준",
    "z_m": 2.0,
    "normal_az": 141.8,
    "s1_total_h": 4.0,
    "s1_cont_h": 3.5,
    "s1_pass_a": true,
    "s1_pass_b": true,
    "s2_total_h": 2.67,
    "s2_cont_h": 2.17,
    "s2_pass_a": true,
    "s2_pass_b": true,
    "d_total_h": -1.33,
    "d_cont_h": -1.33,
    "change_cd": "keep_ok",
    "변화": "유지 충족"
   }
  },
  {
   "type": "Feature",
   "geometry": {
    "type": "Point",
    "coordinates": [
     126.93499989,
     37.52299073
    ]
   },
   "properties": {
    "pid": "본관동 고층부(5층) 2층-10",
    "school": "여의도여자고등학교",
    "jibun": "40-2",
    "kind": "교사동 창면",
    "dong": "본관동 고층부(5층)",
    "facade": "본관동 고층부(5층)",
    "floor": 2,
    "source": "도면기준",
    "z_m": 5.7,
    "normal_az": 141.8,
    "s1_total_h": 4.33,
    "s1_cont_h": 3.83,
    "s1_pass_a": true,
    "s1_pass_b": true,
    "s2_total_h": 2.67,
    "s2_cont_h": 2.17,
    "s2_pass_a": true,
    "s2_pass_b": true,
    "d_total_h": -1.66,
    "d_cont_h": -1.66,
    "change_cd": "keep_ok",
    "변화": "유지 충족"
   }
  },
  {
   "type": "Feature",
   "geometry": {
    "type": "Point",
    "coordinates": [
     126.93499989,
     37.52299073
    ]
   },
   "properties": {
    "pid": "본관동 고층부(5층) 3층-10",
    "school": "여의도여자고등학교",
    "jibun": "40-2",
    "kind": "교사동 창면",
    "dong": "본관동 고층부(5층)",
    "facade": "본관동 고층부(5층)",
    "floor": 3,
    "source": "도면기준",
    "z_m": 9.4,
    "normal_az": 141.8,
    "s1_total_h": 4.67,
    "s1_cont_h": 4.0,
    "s1_pass_a": true,
    "s1_pass_b": true,
    "s2_total_h": 3.17,
    "s2_cont_h": 2.17,
    "s2_pass_a": true,
    "s2_pass_b": true,
    "d_total_h": -1.5,
    "d_cont_h": -1.83,
    "change_cd": "keep_ok",
    "변화": "유지 충족"
   }
  },
  {
   "type": "Feature",
   "geometry": {
    "type": "Point",
    "coordinates": [
     126.93499989,
     37.52299073
    ]
   },
   "properties": {
    "pid": "본관동 고층부(5층) 4층-10",
    "school": "여의도여자고등학교",
    "jibun": "40-2",
    "kind": "교사동 창면",
    "dong": "본관동 고층부(5층)",
    "facade": "본관동 고층부(5층)",
    "floor": 4,
    "source": "도면기준",
    "z_m": 13.1,
    "normal_az": 141.8,
    "s1_total_h": 4.83,
    "s1_cont_h": 4.17,
    "s1_pass_a": true,
    "s1_pass_b": true,
    "s2_total_h": 3.67,
    "s2_cont_h": 2.17,
    "s2_pass_a": true,
    "s2_pass_b": true,
    "d_total_h": -1.16,
    "d_cont_h": -2.0,
    "change_cd": "keep_ok",
    "변화": "유지 충족"
   }
  },
  {
   "type": "Feature",
   "geometry": {
    "type": "Point",
    "coordinates": [
     126.93499989,
     37.52299073
    ]
   },
   "properties": {
    "pid": "본관동 고층부(5층) 5층-10",
    "school": "여의도여자고등학교",
    "jibun": "40-2",
    "kind": "교사동 창면",
    "dong": "본관동 고층부(5층)",
    "facade": "본관동 고층부(5층)",
    "floor": 5,
    "source": "도면기준",
    "z_m": 16.8,
    "normal_az": 141.8,
    "s1_total_h": 5.0,
    "s1_cont_h": 4.33,
    "s1_pass_a": true,
    "s1_pass_b": true,
    "s2_total_h": 3.67,
    "s2_cont_h": 2.17,
    "s2_pass_a": true,
    "s2_pass_b": true,
    "d_total_h": -1.33,
    "d_cont_h": -2.16,
    "change_cd": "keep_ok",
    "변화": "유지 충족"
   }
  },
  {
   "type": "Feature",
   "geometry": {
    "type": "Point",
    "coordinates": [
     126.93530501,
     37.52271688
    ]
   },
   "properties": {
    "pid": "A동(3층) A동 남서면 1층-1",
    "school": "여의도여자고등학교",
    "jibun": "40-2",
    "kind": "교사동 창면",
    "dong": "A동(3층)",
    "facade": "A동 남서면",
    "floor": 1,
    "source": "도면기준",
    "z_m": 2.3,
    "normal_az": 232.1,
    "s1_total_h": 3.0,
    "s1_cont_h": 1.33,
    "s1_pass_a": false,
    "s1_pass_b": false,
    "s2_total_h": 3.0,
    "s2_cont_h": 2.5,
    "s2_pass_a": true,
    "s2_pass_b": true,
    "d_total_h": 0.0,
    "d_cont_h": 1.17,
    "change_cd": "new_ok",
    "변화": "신규 충족"
   }
  },
  {
   "type": "Feature",
   "geometry": {
    "type": "Point",
    "coordinates": [
     126.93530501,
     37.52271688
    ]
   },
   "properties": {
    "pid": "A동(3층) A동 남서면 2층-1",
    "school": "여의도여자고등학교",
    "jibun": "40-2",
    "kind": "교사동 창면",
    "dong": "A동(3층)",
    "facade": "A동 남서면",
    "floor": 2,
    "source": "도면기준",
    "z_m": 6.3,
    "normal_az": 232.1,
    "s1_total_h": 3.5,
    "s1_cont_h": 1.5,
    "s1_pass_a": false,
    "s1_pass_b": false,
    "s2_total_h": 3.0,
    "s2_cont_h": 2.5,
    "s2_pass_a": true,
    "s2_pass_b": true,
    "d_total_h": -0.5,
    "d_cont_h": 1.0,
    "change_cd": "new_ok",
    "변화": "신규 충족"
   }
  },
  {
   "type": "Feature",
   "geometry": {
    "type": "Point",
    "coordinates": [
     126.93533633,
     37.52268491
    ]
   },
   "properties": {
    "pid": "A동(3층) A동 남서면 1층-2",
    "school": "여의도여자고등학교",
    "jibun": "40-2",
    "kind": "교사동 창면",
    "dong": "A동(3층)",
    "facade": "A동 남서면",
    "floor": 1,
    "source": "도면기준",
    "z_m": 2.3,
    "normal_az": 232.1,
    "s1_total_h": 3.0,
    "s1_cont_h": 1.33,
    "s1_pass_a": false,
    "s1_pass_b": false,
    "s2_total_h": 3.17,
    "s2_cont_h": 2.67,
    "s2_pass_a": true,
    "s2_pass_b": true,
    "d_total_h": 0.17,
    "d_cont_h": 1.34,
    "change_cd": "new_ok",
    "변화": "신규 충족"
   }
  },
  {
   "type": "Feature",
   "geometry": {
    "type": "Point",
    "coordinates": [
     126.93533633,
     37.52268491
    ]
   },
   "properties": {
    "pid": "A동(3층) A동 남서면 2층-2",
    "school": "여의도여자고등학교",
    "jibun": "40-2",
    "kind": "교사동 창면",
    "dong": "A동(3층)",
    "facade": "A동 남서면",
    "floor": 2,
    "source": "도면기준",
    "z_m": 6.3,
    "normal_az": 232.1,
    "s1_total_h": 3.17,
    "s1_cont_h": 1.5,
    "s1_pass_a": false,
    "s1_pass_b": false,
    "s2_total_h": 3.17,
    "s2_cont_h": 2.67,
    "s2_pass_a": true,
    "s2_pass_b": true,
    "d_total_h": 0.0,
    "d_cont_h": 1.17,
    "change_cd": "new_ok",
    "변화": "신규 충족"
   }
  },
  {
   "type": "Feature",
   "geometry": {
    "type": "Point",
    "coordinates": [
     126.93536763,
     37.52265295
    ]
   },
   "properties": {
    "pid": "A동(3층) A동 남서면 1층-3",
    "school": "여의도여자고등학교",
    "jibun": "40-2",
    "kind": "교사동 창면",
    "dong": "A동(3층)",
    "facade": "A동 남서면",
    "floor": 1,
    "source": "도면기준",
    "z_m": 2.3,
    "normal_az": 232.1,
    "s1_total_h": 2.67,
    "s1_cont_h": 1.33,
    "s1_pass_a": false,
    "s1_pass_b": false,
    "s2_total_h": 3.0,
    "s2_cont_h": 2.67,
    "s2_pass_a": true,
    "s2_pass_b": true,
    "d_total_h": 0.33,
    "d_cont_h": 1.34,
    "change_cd": "new_ok",
    "변화": "신규 충족"
   }
  },
  {
   "type": "Feature",
   "geometry": {
    "type": "Point",
    "coordinates": [
     126.93536763,
     37.52265295
    ]
   },
   "properties": {
    "pid": "A동(3층) A동 남서면 2층-3",
    "school": "여의도여자고등학교",
    "jibun": "40-2",
    "kind": "교사동 창면",
    "dong": "A동(3층)",
    "facade": "A동 남서면",
    "floor": 2,
    "source": "도면기준",
    "z_m": 6.3,
    "normal_az": 232.1,
    "s1_total_h": 2.83,
    "s1_cont_h": 1.5,
    "s1_pass_a": false,
    "s1_pass_b": false,
    "s2_total_h": 3.0,
    "s2_cont_h": 2.67,
    "s2_pass_a": true,
    "s2_pass_b": true,
    "d_total_h": 0.17,
    "d_cont_h": 1.17,
    "change_cd": "new_ok",
    "변화": "신규 충족"
   }
  },
  {
   "type": "Feature",
   "geometry": {
    "type": "Point",
    "coordinates": [
     126.93539895,
     37.52262098
    ]
   },
   "properties": {
    "pid": "A동(3층) A동 남서면 1층-4",
    "school": "여의도여자고등학교",
    "jibun": "40-2",
    "kind": "교사동 창면",
    "dong": "A동(3층)",
    "facade": "A동 남서면",
    "floor": 1,
    "source": "도면기준",
    "z_m": 2.3,
    "normal_az": 232.1,
    "s1_total_h": 2.17,
    "s1_cont_h": 1.33,
    "s1_pass_a": false,
    "s1_pass_b": false,
    "s2_total_h": 2.67,
    "s2_cont_h": 2.5,
    "s2_pass_a": true,
    "s2_pass_b": true,
    "d_total_h": 0.5,
    "d_cont_h": 1.17,
    "change_cd": "new_ok",
    "변화": "신규 충족"
   }
  },
  {
   "type": "Feature",
   "geometry": {
    "type": "Point",
    "coordinates": [
     126.93539895,
     37.52262098
    ]
   },
   "properties": {
    "pid": "A동(3층) A동 남서면 2층-4",
    "school": "여의도여자고등학교",
    "jibun": "40-2",
    "kind": "교사동 창면",
    "dong": "A동(3층)",
    "facade": "A동 남서면",
    "floor": 2,
    "source": "도면기준",
    "z_m": 6.3,
    "normal_az": 232.1,
    "s1_total_h": 2.33,
    "s1_cont_h": 1.5,
    "s1_pass_a": false,
    "s1_pass_b": false,
    "s2_total_h": 2.67,
    "s2_cont_h": 2.5,
    "s2_pass_a": true,
    "s2_pass_b": true,
    "d_total_h": 0.34,
    "d_cont_h": 1.0,
    "change_cd": "new_ok",
    "변화": "신규 충족"
   }
  },
  {
   "type": "Feature",
   "geometry": {
    "type": "Point",
    "coordinates": [
     126.93543026,
     37.52258901
    ]
   },
   "properties": {
    "pid": "A동(3층) A동 남서면 1층-5",
    "school": "여의도여자고등학교",
    "jibun": "40-2",
    "kind": "교사동 창면",
    "dong": "A동(3층)",
    "facade": "A동 남서면",
    "floor": 1,
    "source": "도면기준",
    "z_m": 2.3,
    "normal_az": 232.1,
    "s1_total_h": 1.67,
    "s1_cont_h": 1.33,
    "s1_pass_a": false,
    "s1_pass_b": false,
    "s2_total_h": 2.33,
    "s2_cont_h": 2.33,
    "s2_pass_a": true,
    "s2_pass_b": true,
    "d_total_h": 0.66,
    "d_cont_h": 1.0,
    "change_cd": "new_ok",
    "변화": "신규 충족"
   }
  },
  {
   "type": "Feature",
   "geometry": {
    "type": "Point",
    "coordinates": [
     126.93543026,
     37.52258901
    ]
   },
   "properties": {
    "pid": "A동(3층) A동 남서면 2층-5",
    "school": "여의도여자고등학교",
    "jibun": "40-2",
    "kind": "교사동 창면",
    "dong": "A동(3층)",
    "facade": "A동 남서면",
    "floor": 2,
    "source": "도면기준",
    "z_m": 6.3,
    "normal_az": 232.1,
    "s1_total_h": 1.83,
    "s1_cont_h": 1.5,
    "s1_pass_a": false,
    "s1_pass_b": false,
    "s2_total_h": 2.33,
    "s2_cont_h": 2.33,
    "s2_pass_a": true,
    "s2_pass_b": true,
    "d_total_h": 0.5,
    "d_cont_h": 0.83,
    "change_cd": "new_ok",
    "변화": "신규 충족"
   }
  },
  {
   "type": "Feature",
   "geometry": {
    "type": "Point",
    "coordinates": [
     126.93547622,
     37.5225809
    ]
   },
   "properties": {
    "pid": "A동(3층) A동 남동면 1층-1",
    "school": "여의도여자고등학교",
    "jibun": "40-2",
    "kind": "교사동 창면",
    "dong": "A동(3층)",
    "facade": "A동 남동면",
    "floor": 1,
    "source": "도면기준",
    "z_m": 2.3,
    "normal_az": 142.1,
    "s1_total_h": 2.5,
    "s1_cont_h": 2.33,
    "s1_pass_a": true,
    "s1_pass_b": true,
    "s2_total_h": 2.0,
    "s2_cont_h": 2.0,
    "s2_pass_a": true,
    "s2_pass_b": true,
    "d_total_h": -0.5,
    "d_cont_h": -0.33,
    "change_cd": "keep_ok",
    "변화": "유지 충족"
   }
  },
  {
   "type": "Feature",
   "geometry": {
    "type": "Point",
    "coordinates": [
     126.93547622,
     37.5225809
    ]
   },
   "properties": {
    "pid": "A동(3층) A동 남동면 2층-1",
    "school": "여의도여자고등학교",
    "jibun": "40-2",
    "kind": "교사동 창면",
    "dong": "A동(3층)",
    "facade": "A동 남동면",
    "floor": 2,
    "source": "도면기준",
    "z_m": 6.3,
    "normal_az": 142.1,
    "s1_total_h": 2.83,
    "s1_cont_h": 2.67,
    "s1_pass_a": true,
    "s1_pass_b": true,
    "s2_total_h": 2.0,
    "s2_cont_h": 2.0,
    "s2_pass_a": true,
    "s2_pass_b": true,
    "d_total_h": -0.83,
    "d_cont_h": -0.67,
    "change_cd": "keep_ok",
    "변화": "유지 충족"
   }
  },
  {
   "type": "Feature",
   "geometry": {
    "type": "Point",
    "coordinates": [
     126.93551636,
     37.52260584
    ]
   },
   "properties": {
    "pid": "A동(3층) A동 남동면 1층-2",
    "school": "여의도여자고등학교",
    "jibun": "40-2",
    "kind": "교사동 창면",
    "dong": "A동(3층)",
    "facade": "A동 남동면",
    "floor": 1,
    "source": "도면기준",
    "z_m": 2.3,
    "normal_az": 142.1,
    "s1_total_h": 2.67,
    "s1_cont_h": 2.67,
    "s1_pass_a": true,
    "s1_pass_b": true,
    "s2_total_h": 2.17,
    "s2_cont_h": 1.5,
    "s2_pass_a": false,
    "s2_pass_b": false,
    "d_total_h": -0.5,
    "d_cont_h": -1.17,
    "change_cd": "new_fail",
    "변화": "신규 불충족"
   }
  },
  {
   "type": "Feature",
   "geometry": {
    "type": "Point",
    "coordinates": [
     126.93551636,
     37.52260584
    ]
   },
   "properties": {
    "pid": "A동(3층) A동 남동면 2층-2",
    "school": "여의도여자고등학교",
    "jibun": "40-2",
    "kind": "교사동 창면",
    "dong": "A동(3층)",
    "facade": "A동 남동면",
    "floor": 2,
    "source": "도면기준",
    "z_m": 6.3,
    "normal_az": 142.1,
    "s1_total_h": 3.0,
    "s1_cont_h": 3.0,
    "s1_pass_a": true,
    "s1_pass_b": true,
    "s2_total_h": 2.17,
    "s2_cont_h": 1.5,
    "s2_pass_a": false,
    "s2_pass_b": false,
    "d_total_h": -0.83,
    "d_cont_h": -1.5,
    "change_cd": "new_fail",
    "변화": "신규 불충족"
   }
  },
  {
   "type": "Feature",
   "geometry": {
    "type": "Point",
    "coordinates": [
     126.9355565,
     37.52263077
    ]
   },
   "properties": {
    "pid": "A동(3층) A동 남동면 1층-3",
    "school": "여의도여자고등학교",
    "jibun": "40-2",
    "kind": "교사동 창면",
    "dong": "A동(3층)",
    "facade": "A동 남동면",
    "floor": 1,
    "source": "도면기준",
    "z_m": 2.3,
    "normal_az": 142.1,
    "s1_total_h": 2.67,
    "s1_cont_h": 2.67,
    "s1_pass_a": true,
    "s1_pass_b": true,
    "s2_total_h": 2.67,
    "s2_cont_h": 1.5,
    "s2_pass_a": false,
    "s2_pass_b": false,
    "d_total_h": 0.0,
    "d_cont_h": -1.17,
    "change_cd": "new_fail",
    "변화": "신규 불충족"
   }
  },
  {
   "type": "Feature",
   "geometry": {
    "type": "Point",
    "coordinates": [
     126.9355565,
     37.52263077
    ]
   },
   "properties": {
    "pid": "A동(3층) A동 남동면 2층-3",
    "school": "여의도여자고등학교",
    "jibun": "40-2",
    "kind": "교사동 창면",
    "dong": "A동(3층)",
    "facade": "A동 남동면",
    "floor": 2,
    "source": "도면기준",
    "z_m": 6.3,
    "normal_az": 142.1,
    "s1_total_h": 3.17,
    "s1_cont_h": 3.17,
    "s1_pass_a": true,
    "s1_pass_b": true,
    "s2_total_h": 2.67,
    "s2_cont_h": 1.5,
    "s2_pass_a": false,
    "s2_pass_b": false,
    "d_total_h": -0.5,
    "d_cont_h": -1.67,
    "change_cd": "new_fail",
    "변화": "신규 불충족"
   }
  },
  {
   "type": "Feature",
   "geometry": {
    "type": "Point",
    "coordinates": [
     126.93559665,
     37.52265571
    ]
   },
   "properties": {
    "pid": "A동(3층) A동 남동면 1층-4",
    "school": "여의도여자고등학교",
    "jibun": "40-2",
    "kind": "교사동 창면",
    "dong": "A동(3층)",
    "facade": "A동 남동면",
    "floor": 1,
    "source": "도면기준",
    "z_m": 2.3,
    "normal_az": 142.1,
    "s1_total_h": 2.17,
    "s1_cont_h": 2.17,
    "s1_pass_a": true,
    "s1_pass_b": true,
    "s2_total_h": 3.17,
    "s2_cont_h": 2.17,
    "s2_pass_a": true,
    "s2_pass_b": false,
    "d_total_h": 1.0,
    "d_cont_h": 0.0,
    "change_cd": "keep_ok",
    "변화": "유지 충족"
   }
  },
  {
   "type": "Feature",
   "geometry": {
    "type": "Point",
    "coordinates": [
     126.93559665,
     37.52265571
    ]
   },
   "properties": {
    "pid": "A동(3층) A동 남동면 2층-4",
    "school": "여의도여자고등학교",
    "jibun": "40-2",
    "kind": "교사동 창면",
    "dong": "A동(3층)",
    "facade": "A동 남동면",
    "floor": 2,
    "source": "도면기준",
    "z_m": 6.3,
    "normal_az": 142.1,
    "s1_total_h": 2.67,
    "s1_cont_h": 2.67,
    "s1_pass_a": true,
    "s1_pass_b": true,
    "s2_total_h": 3.17,
    "s2_cont_h": 2.17,
    "s2_pass_a": true,
    "s2_pass_b": false,
    "d_total_h": 0.5,
    "d_cont_h": -0.5,
    "change_cd": "keep_ok",
    "변화": "유지 충족"
   }
  },
  {
   "type": "Feature",
   "geometry": {
    "type": "Point",
    "coordinates": [
     126.93563679,
     37.52268063
    ]
   },
   "properties": {
    "pid": "A동(3층) A동 남동면 1층-5",
    "school": "여의도여자고등학교",
    "jibun": "40-2",
    "kind": "교사동 창면",
    "dong": "A동(3층)",
    "facade": "A동 남동면",
    "floor": 1,
    "source": "도면기준",
    "z_m": 2.3,
    "normal_az": 142.1,
    "s1_total_h": 1.5,
    "s1_cont_h": 1.5,
    "s1_pass_a": false,
    "s1_pass_b": false,
    "s2_total_h": 3.5,
    "s2_cont_h": 2.67,
    "s2_pass_a": true,
    "s2_pass_b": true,
    "d_total_h": 2.0,
    "d_cont_h": 1.17,
    "change_cd": "new_ok",
    "변화": "신규 충족"
   }
  },
  {
   "type": "Feature",
   "geometry": {
    "type": "Point",
    "coordinates": [
     126.93563679,
     37.52268063
    ]
   },
   "properties": {
    "pid": "A동(3층) A동 남동면 2층-5",
    "school": "여의도여자고등학교",
    "jibun": "40-2",
    "kind": "교사동 창면",
    "dong": "A동(3층)",
    "facade": "A동 남동면",
    "floor": 2,
    "source": "도면기준",
    "z_m": 6.3,
    "normal_az": 142.1,
    "s1_total_h": 2.0,
    "s1_cont_h": 2.0,
    "s1_pass_a": true,
    "s1_pass_b": true,
    "s2_total_h": 3.67,
    "s2_cont_h": 2.83,
    "s2_pass_a": true,
    "s2_pass_b": true,
    "d_total_h": 1.67,
    "d_cont_h": 0.83,
    "change_cd": "keep_ok",
    "변화": "유지 충족"
   }
  },
  {
   "type": "Feature",
   "geometry": {
    "type": "Point",
    "coordinates": [
     126.93567694,
     37.52270557
    ]
   },
   "properties": {
    "pid": "A동(3층) A동 남동면 1층-6",
    "school": "여의도여자고등학교",
    "jibun": "40-2",
    "kind": "교사동 창면",
    "dong": "A동(3층)",
    "facade": "A동 남동면",
    "floor": 1,
    "source": "도면기준",
    "z_m": 2.3,
    "normal_az": 142.1,
    "s1_total_h": 1.83,
    "s1_cont_h": 1.0,
    "s1_pass_a": false,
    "s1_pass_b": false,
    "s2_total_h": 3.67,
    "s2_cont_h": 3.17,
    "s2_pass_a": true,
    "s2_pass_b": true,
    "d_total_h": 1.84,
    "d_cont_h": 2.17,
    "change_cd": "new_ok",
    "변화": "신규 충족"
   }
  },
  {
   "type": "Feature",
   "geometry": {
    "type": "Point",
    "coordinates": [
     126.93567694,
     37.52270557
    ]
   },
   "properties": {
    "pid": "A동(3층) A동 남동면 2층-6",
    "school": "여의도여자고등학교",
    "jibun": "40-2",
    "kind": "교사동 창면",
    "dong": "A동(3층)",
    "facade": "A동 남동면",
    "floor": 2,
    "source": "도면기준",
    "z_m": 6.3,
    "normal_az": 142.1,
    "s1_total_h": 2.33,
    "s1_cont_h": 1.5,
    "s1_pass_a": false,
    "s1_pass_b": false,
    "s2_total_h": 3.67,
    "s2_cont_h": 3.17,
    "s2_pass_a": true,
    "s2_pass_b": true,
    "d_total_h": 1.34,
    "d_cont_h": 1.67,
    "change_cd": "new_ok",
    "변화": "신규 충족"
   }
  },
  {
   "type": "Feature",
   "geometry": {
    "type": "Point",
    "coordinates": [
     126.93571707,
     37.5227305
    ]
   },
   "properties": {
    "pid": "A동(3층) A동 남동면 1층-7",
    "school": "여의도여자고등학교",
    "jibun": "40-2",
    "kind": "교사동 창면",
    "dong": "A동(3층)",
    "facade": "A동 남동면",
    "floor": 1,
    "source": "도면기준",
    "z_m": 2.3,
    "normal_az": 142.1,
    "s1_total_h": 2.33,
    "s1_cont_h": 1.67,
    "s1_pass_a": false,
    "s1_pass_b": false,
    "s2_total_h": 3.67,
    "s2_cont_h": 3.33,
    "s2_pass_a": true,
    "s2_pass_b": true,
    "d_total_h": 1.34,
    "d_cont_h": 1.66,
    "change_cd": "new_ok",
    "변화": "신규 충족"
   }
  },
  {
   "type": "Feature",
   "geometry": {
    "type": "Point",
    "coordinates": [
     126.93571707,
     37.5227305
    ]
   },
   "properties": {
    "pid": "A동(3층) A동 남동면 2층-7",
    "school": "여의도여자고등학교",
    "jibun": "40-2",
    "kind": "교사동 창면",
    "dong": "A동(3층)",
    "facade": "A동 남동면",
    "floor": 2,
    "source": "도면기준",
    "z_m": 6.3,
    "normal_az": 142.1,
    "s1_total_h": 2.83,
    "s1_cont_h": 1.83,
    "s1_pass_a": false,
    "s1_pass_b": false,
    "s2_total_h": 3.67,
    "s2_cont_h": 3.33,
    "s2_pass_a": true,
    "s2_pass_b": true,
    "d_total_h": 0.84,
    "d_cont_h": 1.5,
    "change_cd": "new_ok",
    "변화": "신규 충족"
   }
  },
  {
   "type": "Feature",
   "geometry": {
    "type": "Point",
    "coordinates": [
     126.93531615,
     37.52270551
    ]
   },
   "properties": {
    "pid": "A동(3층) A동 남서면 3층-1",
    "school": "여의도여자고등학교",
    "jibun": "40-2",
    "kind": "교사동 창면",
    "dong": "A동(3층)",
    "facade": "A동 남서면",
    "floor": 3,
    "source": "도면기준",
    "z_m": 10.3,
    "normal_az": 232.1,
    "s1_total_h": 4.5,
    "s1_cont_h": 3.83,
    "s1_pass_a": true,
    "s1_pass_b": true,
    "s2_total_h": 3.17,
    "s2_cont_h": 2.5,
    "s2_pass_a": true,
    "s2_pass_b": true,
    "d_total_h": -1.33,
    "d_cont_h": -1.33,
    "change_cd": "keep_ok",
    "변화": "유지 충족"
   }
  },
  {
   "type": "Feature",
   "geometry": {
    "type": "Point",
    "coordinates": [
     126.93536973,
     37.52265082
    ]
   },
   "properties": {
    "pid": "A동(3층) A동 남서면 3층-2",
    "school": "여의도여자고등학교",
    "jibun": "40-2",
    "kind": "교사동 창면",
    "dong": "A동(3층)",
    "facade": "A동 남서면",
    "floor": 3,
    "source": "도면기준",
    "z_m": 10.3,
    "normal_az": 232.1,
    "s1_total_h": 3.67,
    "s1_cont_h": 2.0,
    "s1_pass_a": true,
    "s1_pass_b": true,
    "s2_total_h": 3.17,
    "s2_cont_h": 2.67,
    "s2_pass_a": true,
    "s2_pass_b": true,
    "d_total_h": -0.5,
    "d_cont_h": 0.67,
    "change_cd": "keep_ok",
    "변화": "유지 충족"
   }
  },
  {
   "type": "Feature",
   "geometry": {
    "type": "Point",
    "coordinates": [
     126.93542331,
     37.52259612
    ]
   },
   "properties": {
    "pid": "A동(3층) A동 남서면 3층-3",
    "school": "여의도여자고등학교",
    "jibun": "40-2",
    "kind": "교사동 창면",
    "dong": "A동(3층)",
    "facade": "A동 남서면",
    "floor": 3,
    "source": "도면기준",
    "z_m": 10.3,
    "normal_az": 232.1,
    "s1_total_h": 2.67,
    "s1_cont_h": 2.0,
    "s1_pass_a": true,
    "s1_pass_b": true,
    "s2_total_h": 2.67,
    "s2_cont_h": 2.5,
    "s2_pass_a": true,
    "s2_pass_b": true,
    "d_total_h": 0.0,
    "d_cont_h": 0.5,
    "change_cd": "keep_ok",
    "변화": "유지 충족"
   }
  },
  {
   "type": "Feature",
   "geometry": {
    "type": "Point",
    "coordinates": [
     126.93548202,
     37.52258451
    ]
   },
   "properties": {
    "pid": "A동(3층) A동 남동면 3층-1",
    "school": "여의도여자고등학교",
    "jibun": "40-2",
    "kind": "교사동 창면",
    "dong": "A동(3층)",
    "facade": "A동 남동면",
    "floor": 3,
    "source": "도면기준",
    "z_m": 10.3,
    "normal_az": 142.1,
    "s1_total_h": 3.33,
    "s1_cont_h": 3.33,
    "s1_pass_a": true,
    "s1_pass_b": true,
    "s2_total_h": 2.0,
    "s2_cont_h": 2.0,
    "s2_pass_a": true,
    "s2_pass_b": true,
    "d_total_h": -1.33,
    "d_cont_h": -1.33,
    "change_cd": "keep_ok",
    "변화": "유지 충족"
   }
  },
  {
   "type": "Feature",
   "geometry": {
    "type": "Point",
    "coordinates": [
     126.93553375,
     37.52261664
    ]
   },
   "properties": {
    "pid": "A동(3층) A동 남동면 3층-2",
    "school": "여의도여자고등학교",
    "jibun": "40-2",
    "kind": "교사동 창면",
    "dong": "A동(3층)",
    "facade": "A동 남동면",
    "floor": 3,
    "source": "도면기준",
    "z_m": 10.3,
    "normal_az": 142.1,
    "s1_total_h": 3.67,
    "s1_cont_h": 3.67,
    "s1_pass_a": true,
    "s1_pass_b": true,
    "s2_total_h": 2.33,
    "s2_cont_h": 1.33,
    "s2_pass_a": false,
    "s2_pass_b": false,
    "d_total_h": -1.34,
    "d_cont_h": -2.34,
    "change_cd": "new_fail",
    "변화": "신규 불충족"
   }
  },
  {
   "type": "Feature",
   "geometry": {
    "type": "Point",
    "coordinates": [
     126.9355855,
     37.52264878
    ]
   },
   "properties": {
    "pid": "A동(3층) A동 남동면 3층-3",
    "school": "여의도여자고등학교",
    "jibun": "40-2",
    "kind": "교사동 창면",
    "dong": "A동(3층)",
    "facade": "A동 남동면",
    "floor": 3,
    "source": "도면기준",
    "z_m": 10.3,
    "normal_az": 142.1,
    "s1_total_h": 3.33,
    "s1_cont_h": 3.33,
    "s1_pass_a": true,
    "s1_pass_b": true,
    "s2_total_h": 3.17,
    "s2_cont_h": 2.0,
    "s2_pass_a": true,
    "s2_pass_b": false,
    "d_total_h": -0.16,
    "d_cont_h": -1.33,
    "change_cd": "keep_ok",
    "변화": "유지 충족"
   }
  },
  {
   "type": "Feature",
   "geometry": {
    "type": "Point",
    "coordinates": [
     126.93563724,
     37.52268091
    ]
   },
   "properties": {
    "pid": "A동(3층) A동 남동면 3층-4",
    "school": "여의도여자고등학교",
    "jibun": "40-2",
    "kind": "교사동 창면",
    "dong": "A동(3층)",
    "facade": "A동 남동면",
    "floor": 3,
    "source": "도면기준",
    "z_m": 10.3,
    "normal_az": 142.1,
    "s1_total_h": 2.33,
    "s1_cont_h": 2.33,
    "s1_pass_a": true,
    "s1_pass_b": true,
    "s2_total_h": 3.67,
    "s2_cont_h": 2.83,
    "s2_pass_a": true,
    "s2_pass_b": true,
    "d_total_h": 1.34,
    "d_cont_h": 0.5,
    "change_cd": "keep_ok",
    "변화": "유지 충족"
   }
  },
  {
   "type": "Feature",
   "geometry": {
    "type": "Point",
    "coordinates": [
     126.93568898,
     37.52271305
    ]
   },
   "properties": {
    "pid": "A동(3층) A동 남동면 3층-5",
    "school": "여의도여자고등학교",
    "jibun": "40-2",
    "kind": "교사동 창면",
    "dong": "A동(3층)",
    "facade": "A동 남동면",
    "floor": 3,
    "source": "도면기준",
    "z_m": 10.3,
    "normal_az": 142.1,
    "s1_total_h": 3.17,
    "s1_cont_h": 1.83,
    "s1_pass_a": false,
    "s1_pass_b": false,
    "s2_total_h": 3.67,
    "s2_cont_h": 3.17,
    "s2_pass_a": true,
    "s2_pass_b": true,
    "d_total_h": 0.5,
    "d_cont_h": 1.34,
    "change_cd": "new_ok",
    "변화": "신규 충족"
   }
  },
  {
   "type": "Feature",
   "geometry": {
    "type": "Point",
    "coordinates": [
     126.93574072,
     37.52274518
    ]
   },
   "properties": {
    "pid": "A동(3층) A동 남동면 3층-6",
    "school": "여의도여자고등학교",
    "jibun": "40-2",
    "kind": "교사동 창면",
    "dong": "A동(3층)",
    "facade": "A동 남동면",
    "floor": 3,
    "source": "도면기준",
    "z_m": 10.3,
    "normal_az": 142.1,
    "s1_total_h": 3.67,
    "s1_cont_h": 2.17,
    "s1_pass_a": true,
    "s1_pass_b": false,
    "s2_total_h": 4.0,
    "s2_cont_h": 3.5,
    "s2_pass_a": true,
    "s2_pass_b": true,
    "d_total_h": 0.33,
    "d_cont_h": 1.33,
    "change_cd": "keep_ok",
    "변화": "유지 충족"
   }
  },
  {
   "type": "Feature",
   "geometry": {
    "type": "Point",
    "coordinates": [
     126.93532282,
     37.52318266
    ]
   },
   "properties": {
    "pid": "여의도여자고등학교 ①(5층) 1층-1",
    "school": "여의도여자고등학교",
    "jibun": "40-2",
    "kind": "교사동 창면",
    "dong": "여의도여자고등학교 ①(5층)",
    "facade": "남향외벽",
    "floor": 1,
    "source": "일반식",
    "z_m": 1.2,
    "normal_az": 170.4,
    "s1_total_h": 1.83,
    "s1_cont_h": 1.0,
    "s1_pass_a": false,
    "s1_pass_b": false,
    "s2_total_h": 1.83,
    "s2_cont_h": 1.0,
    "s2_pass_a": false,
    "s2_pass_b": false,
    "d_total_h": 0.0,
    "d_cont_h": 0.0,
    "change_cd": "keep_fail",
    "변화": "유지 불충족"
   }
  },
  {
   "type": "Feature",
   "geometry": {
    "type": "Point",
    "coordinates": [
     126.93532282,
     37.52318266
    ]
   },
   "properties": {
    "pid": "여의도여자고등학교 ①(5층) 2층-1",
    "school": "여의도여자고등학교",
    "jibun": "40-2",
    "kind": "교사동 창면",
    "dong": "여의도여자고등학교 ①(5층)",
    "facade": "남향외벽",
    "floor": 2,
    "source": "일반식",
    "z_m": 4.7,
    "normal_az": 170.4,
    "s1_total_h": 2.0,
    "s1_cont_h": 2.0,
    "s1_pass_a": true,
    "s1_pass_b": false,
    "s2_total_h": 2.0,
    "s2_cont_h": 2.0,
    "s2_pass_a": true,
    "s2_pass_b": false,
    "d_total_h": 0.0,
    "d_cont_h": 0.0,
    "change_cd": "keep_ok",
    "변화": "유지 충족"
   }
  },
  {
   "type": "Feature",
   "geometry": {
    "type": "Point",
    "coordinates": [
     126.93532282,
     37.52318266
    ]
   },
   "properties": {
    "pid": "여의도여자고등학교 ①(5층) 3층-1",
    "school": "여의도여자고등학교",
    "jibun": "40-2",
    "kind": "교사동 창면",
    "dong": "여의도여자고등학교 ①(5층)",
    "facade": "남향외벽",
    "floor": 3,
    "source": "일반식",
    "z_m": 8.2,
    "normal_az": 170.4,
    "s1_total_h": 2.17,
    "s1_cont_h": 2.17,
    "s1_pass_a": true,
    "s1_pass_b": false,
    "s2_total_h": 2.17,
    "s2_cont_h": 2.17,
    "s2_pass_a": true,
    "s2_pass_b": false,
    "d_total_h": 0.0,
    "d_cont_h": 0.0,
    "change_cd": "keep_ok",
    "변화": "유지 충족"
   }
  },
  {
   "type": "Feature",
   "geometry": {
    "type": "Point",
    "coordinates": [
     126.93532282,
     37.52318266
    ]
   },
   "properties": {
    "pid": "여의도여자고등학교 ①(5층) 4층-1",
    "school": "여의도여자고등학교",
    "jibun": "40-2",
    "kind": "교사동 창면",
    "dong": "여의도여자고등학교 ①(5층)",
    "facade": "남향외벽",
    "floor": 4,
    "source": "일반식",
    "z_m": 11.7,
    "normal_az": 170.4,
    "s1_total_h": 2.33,
    "s1_cont_h": 2.33,
    "s1_pass_a": true,
    "s1_pass_b": false,
    "s2_total_h": 2.33,
    "s2_cont_h": 2.33,
    "s2_pass_a": true,
    "s2_pass_b": false,
    "d_total_h": 0.0,
    "d_cont_h": 0.0,
    "change_cd": "keep_ok",
    "변화": "유지 충족"
   }
  },
  {
   "type": "Feature",
   "geometry": {
    "type": "Point",
    "coordinates": [
     126.93532282,
     37.52318266
    ]
   },
   "properties": {
    "pid": "여의도여자고등학교 ①(5층) 5층-1",
    "school": "여의도여자고등학교",
    "jibun": "40-2",
    "kind": "교사동 창면",
    "dong": "여의도여자고등학교 ①(5층)",
    "facade": "남향외벽",
    "floor": 5,
    "source": "일반식",
    "z_m": 15.2,
    "normal_az": 170.4,
    "s1_total_h": 3.17,
    "s1_cont_h": 3.17,
    "s1_pass_a": true,
    "s1_pass_b": true,
    "s2_total_h": 2.5,
    "s2_cont_h": 2.5,
    "s2_pass_a": true,
    "s2_pass_b": true,
    "d_total_h": -0.67,
    "d_cont_h": -0.67,
    "change_cd": "keep_ok",
    "변화": "유지 충족"
   }
  },
  {
   "type": "Feature",
   "geometry": {
    "type": "Point",
    "coordinates": [
     126.93527642,
     37.52320853
    ]
   },
   "properties": {
    "pid": "여의도여자고등학교 ①(5층) 1층-2",
    "school": "여의도여자고등학교",
    "jibun": "40-2",
    "kind": "교사동 창면",
    "dong": "여의도여자고등학교 ①(5층)",
    "facade": "남향외벽",
    "floor": 1,
    "source": "일반식",
    "z_m": 1.2,
    "normal_az": 232.2,
    "s1_total_h": 0.17,
    "s1_cont_h": 0.17,
    "s1_pass_a": false,
    "s1_pass_b": false,
    "s2_total_h": 0.17,
    "s2_cont_h": 0.17,
    "s2_pass_a": false,
    "s2_pass_b": false,
    "d_total_h": 0.0,
    "d_cont_h": 0.0,
    "change_cd": "keep_fail",
    "변화": "유지 불충족"
   }
  },
  {
   "type": "Feature",
   "geometry": {
    "type": "Point",
    "coordinates": [
     126.93527642,
     37.52320853
    ]
   },
   "properties": {
    "pid": "여의도여자고등학교 ①(5층) 2층-2",
    "school": "여의도여자고등학교",
    "jibun": "40-2",
    "kind": "교사동 창면",
    "dong": "여의도여자고등학교 ①(5층)",
    "facade": "남향외벽",
    "floor": 2,
    "source": "일반식",
    "z_m": 4.7,
    "normal_az": 232.2,
    "s1_total_h": 0.17,
    "s1_cont_h": 0.17,
    "s1_pass_a": false,
    "s1_pass_b": false,
    "s2_total_h": 0.17,
    "s2_cont_h": 0.17,
    "s2_pass_a": false,
    "s2_pass_b": false,
    "d_total_h": 0.0,
    "d_cont_h": 0.0,
    "change_cd": "keep_fail",
    "변화": "유지 불충족"
   }
  },
  {
   "type": "Feature",
   "geometry": {
    "type": "Point",
    "coordinates": [
     126.93527642,
     37.52320853
    ]
   },
   "properties": {
    "pid": "여의도여자고등학교 ①(5층) 3층-2",
    "school": "여의도여자고등학교",
    "jibun": "40-2",
    "kind": "교사동 창면",
    "dong": "여의도여자고등학교 ①(5층)",
    "facade": "남향외벽",
    "floor": 3,
    "source": "일반식",
    "z_m": 8.2,
    "normal_az": 232.2,
    "s1_total_h": 0.17,
    "s1_cont_h": 0.17,
    "s1_pass_a": false,
    "s1_pass_b": false,
    "s2_total_h": 0.17,
    "s2_cont_h": 0.17,
    "s2_pass_a": false,
    "s2_pass_b": false,
    "d_total_h": 0.0,
    "d_cont_h": 0.0,
    "change_cd": "keep_fail",
    "변화": "유지 불충족"
   }
  },
  {
   "type": "Feature",
   "geometry": {
    "type": "Point",
    "coordinates": [
     126.93527642,
     37.52320853
    ]
   },
   "properties": {
    "pid": "여의도여자고등학교 ①(5층) 4층-2",
    "school": "여의도여자고등학교",
    "jibun": "40-2",
    "kind": "교사동 창면",
    "dong": "여의도여자고등학교 ①(5층)",
    "facade": "남향외벽",
    "floor": 4,
    "source": "일반식",
    "z_m": 11.7,
    "normal_az": 232.2,
    "s1_total_h": 0.33,
    "s1_cont_h": 0.33,
    "s1_pass_a": false,
    "s1_pass_b": false,
    "s2_total_h": 0.33,
    "s2_cont_h": 0.33,
    "s2_pass_a": false,
    "s2_pass_b": false,
    "d_total_h": 0.0,
    "d_cont_h": 0.0,
    "change_cd": "keep_fail",
    "변화": "유지 불충족"
   }
  },
  {
   "type": "Feature",
   "geometry": {
    "type": "Point",
    "coordinates": [
     126.93527642,
     37.52320853
    ]
   },
   "properties": {
    "pid": "여의도여자고등학교 ①(5층) 5층-2",
    "school": "여의도여자고등학교",
    "jibun": "40-2",
    "kind": "교사동 창면",
    "dong": "여의도여자고등학교 ①(5층)",
    "facade": "남향외벽",
    "floor": 5,
    "source": "일반식",
    "z_m": 15.2,
    "normal_az": 232.2,
    "s1_total_h": 0.67,
    "s1_cont_h": 0.67,
    "s1_pass_a": false,
    "s1_pass_b": false,
    "s2_total_h": 0.67,
    "s2_cont_h": 0.67,
    "s2_pass_a": false,
    "s2_pass_b": false,
    "d_total_h": 0.0,
    "d_cont_h": 0.0,
    "change_cd": "keep_fail",
    "변화": "유지 불충족"
   }
  },
  {
   "type": "Feature",
   "geometry": {
    "type": "Point",
    "coordinates": [
     126.93524367,
     37.52321694
    ]
   },
   "properties": {
    "pid": "여의도여자고등학교 ①(5층) 1층-3",
    "school": "여의도여자고등학교",
    "jibun": "40-2",
    "kind": "교사동 창면",
    "dong": "여의도여자고등학교 ①(5층)",
    "facade": "남향외벽",
    "floor": 1,
    "source": "일반식",
    "z_m": 1.2,
    "normal_az": 142.3,
    "s1_total_h": 1.17,
    "s1_cont_h": 0.67,
    "s1_pass_a": false,
    "s1_pass_b": false,
    "s2_total_h": 1.17,
    "s2_cont_h": 0.67,
    "s2_pass_a": false,
    "s2_pass_b": false,
    "d_total_h": 0.0,
    "d_cont_h": 0.0,
    "change_cd": "keep_fail",
    "변화": "유지 불충족"
   }
  },
  {
   "type": "Feature",
   "geometry": {
    "type": "Point",
    "coordinates": [
     126.93524367,
     37.52321694
    ]
   },
   "properties": {
    "pid": "여의도여자고등학교 ①(5층) 2층-3",
    "school": "여의도여자고등학교",
    "jibun": "40-2",
    "kind": "교사동 창면",
    "dong": "여의도여자고등학교 ①(5층)",
    "facade": "남향외벽",
    "floor": 2,
    "source": "일반식",
    "z_m": 4.7,
    "normal_az": 142.3,
    "s1_total_h": 1.33,
    "s1_cont_h": 1.33,
    "s1_pass_a": false,
    "s1_pass_b": false,
    "s2_total_h": 1.33,
    "s2_cont_h": 1.33,
    "s2_pass_a": false,
    "s2_pass_b": false,
    "d_total_h": 0.0,
    "d_cont_h": 0.0,
    "change_cd": "keep_fail",
    "변화": "유지 불충족"
   }
  },
  {
   "type": "Feature",
   "geometry": {
    "type": "Point",
    "coordinates": [
     126.93524367,
     37.52321694
    ]
   },
   "properties": {
    "pid": "여의도여자고등학교 ①(5층) 3층-3",
    "school": "여의도여자고등학교",
    "jibun": "40-2",
    "kind": "교사동 창면",
    "dong": "여의도여자고등학교 ①(5층)",
    "facade": "남향외벽",
    "floor": 3,
    "source": "일반식",
    "z_m": 8.2,
    "normal_az": 142.3,
    "s1_total_h": 1.5,
    "s1_cont_h": 1.5,
    "s1_pass_a": false,
    "s1_pass_b": false,
    "s2_total_h": 1.5,
    "s2_cont_h": 1.5,
    "s2_pass_a": false,
    "s2_pass_b": false,
    "d_total_h": 0.0,
    "d_cont_h": 0.0,
    "change_cd": "keep_fail",
    "변화": "유지 불충족"
   }
  },
  {
   "type": "Feature",
   "geometry": {
    "type": "Point",
    "coordinates": [
     126.93524367,
     37.52321694
    ]
   },
   "properties": {
    "pid": "여의도여자고등학교 ①(5층) 4층-3",
    "school": "여의도여자고등학교",
    "jibun": "40-2",
    "kind": "교사동 창면",
    "dong": "여의도여자고등학교 ①(5층)",
    "facade": "남향외벽",
    "floor": 4,
    "source": "일반식",
    "z_m": 11.7,
    "normal_az": 142.3,
    "s1_total_h": 1.5,
    "s1_cont_h": 1.5,
    "s1_pass_a": false,
    "s1_pass_b": false,
    "s2_total_h": 1.5,
    "s2_cont_h": 1.5,
    "s2_pass_a": false,
    "s2_pass_b": false,
    "d_total_h": 0.0,
    "d_cont_h": 0.0,
    "change_cd": "keep_fail",
    "변화": "유지 불충족"
   }
  },
  {
   "type": "Feature",
   "geometry": {
    "type": "Point",
    "coordinates": [
     126.93524367,
     37.52321694
    ]
   },
   "properties": {
    "pid": "여의도여자고등학교 ①(5층) 5층-3",
    "school": "여의도여자고등학교",
    "jibun": "40-2",
    "kind": "교사동 창면",
    "dong": "여의도여자고등학교 ①(5층)",
    "facade": "남향외벽",
    "floor": 5,
    "source": "일반식",
    "z_m": 15.2,
    "normal_az": 142.3,
    "s1_total_h": 1.67,
    "s1_cont_h": 1.67,
    "s1_pass_a": false,
    "s1_pass_b": false,
    "s2_total_h": 1.67,
    "s2_cont_h": 1.67,
    "s2_pass_a": false,
    "s2_pass_b": false,
    "d_total_h": 0.0,
    "d_cont_h": 0.0,
    "change_cd": "keep_fail",
    "변화": "유지 불충족"
   }
  },
  {
   "type": "Feature",
   "geometry": {
    "type": "Point",
    "coordinates": [
     126.93519379,
     37.52319869
    ]
   },
   "properties": {
    "pid": "여의도여자고등학교 ①(5층) 1층-4",
    "school": "여의도여자고등학교",
    "jibun": "40-2",
    "kind": "교사동 창면",
    "dong": "여의도여자고등학교 ①(5층)",
    "facade": "남향외벽",
    "floor": 1,
    "source": "일반식",
    "z_m": 1.2,
    "normal_az": 231.6,
    "s1_total_h": 0.0,
    "s1_cont_h": 0.0,
    "s1_pass_a": false,
    "s1_pass_b": false,
    "s2_total_h": 0.0,
    "s2_cont_h": 0.0,
    "s2_pass_a": false,
    "s2_pass_b": false,
    "d_total_h": 0.0,
    "d_cont_h": 0.0,
    "change_cd": "keep_fail",
    "변화": "유지 불충족"
   }
  },
  {
   "type": "Feature",
   "geometry": {
    "type": "Point",
    "coordinates": [
     126.93519379,
     37.52319869
    ]
   },
   "properties": {
    "pid": "여의도여자고등학교 ①(5층) 2층-4",
    "school": "여의도여자고등학교",
    "jibun": "40-2",
    "kind": "교사동 창면",
    "dong": "여의도여자고등학교 ①(5층)",
    "facade": "남향외벽",
    "floor": 2,
    "source": "일반식",
    "z_m": 4.7,
    "normal_az": 231.6,
    "s1_total_h": 0.0,
    "s1_cont_h": 0.0,
    "s1_pass_a": false,
    "s1_pass_b": false,
    "s2_total_h": 0.0,
    "s2_cont_h": 0.0,
    "s2_pass_a": false,
    "s2_pass_b": false,
    "d_total_h": 0.0,
    "d_cont_h": 0.0,
    "change_cd": "keep_fail",
    "변화": "유지 불충족"
   }
  },
  {
   "type": "Feature",
   "geometry": {
    "type": "Point",
    "coordinates": [
     126.93519379,
     37.52319869
    ]
   },
   "properties": {
    "pid": "여의도여자고등학교 ①(5층) 3층-4",
    "school": "여의도여자고등학교",
    "jibun": "40-2",
    "kind": "교사동 창면",
    "dong": "여의도여자고등학교 ①(5층)",
    "facade": "남향외벽",
    "floor": 3,
    "source": "일반식",
    "z_m": 8.2,
    "normal_az": 231.6,
    "s1_total_h": 0.0,
    "s1_cont_h": 0.0,
    "s1_pass_a": false,
    "s1_pass_b": false,
    "s2_total_h": 0.0,
    "s2_cont_h": 0.0,
    "s2_pass_a": false,
    "s2_pass_b": false,
    "d_total_h": 0.0,
    "d_cont_h": 0.0,
    "change_cd": "keep_fail",
    "변화": "유지 불충족"
   }
  },
  {
   "type": "Feature",
   "geometry": {
    "type": "Point",
    "coordinates": [
     126.93519379,
     37.52319869
    ]
   },
   "properties": {
    "pid": "여의도여자고등학교 ①(5층) 4층-4",
    "school": "여의도여자고등학교",
    "jibun": "40-2",
    "kind": "교사동 창면",
    "dong": "여의도여자고등학교 ①(5층)",
    "facade": "남향외벽",
    "floor": 4,
    "source": "일반식",
    "z_m": 11.7,
    "normal_az": 231.6,
    "s1_total_h": 0.0,
    "s1_cont_h": 0.0,
    "s1_pass_a": false,
    "s1_pass_b": false,
    "s2_total_h": 0.0,
    "s2_cont_h": 0.0,
    "s2_pass_a": false,
    "s2_pass_b": false,
    "d_total_h": 0.0,
    "d_cont_h": 0.0,
    "change_cd": "keep_fail",
    "변화": "유지 불충족"
   }
  },
  {
   "type": "Feature",
   "geometry": {
    "type": "Point",
    "coordinates": [
     126.93519379,
     37.52319869
    ]
   },
   "properties": {
    "pid": "여의도여자고등학교 ①(5층) 5층-4",
    "school": "여의도여자고등학교",
    "jibun": "40-2",
    "kind": "교사동 창면",
    "dong": "여의도여자고등학교 ①(5층)",
    "facade": "남향외벽",
    "floor": 5,
    "source": "일반식",
    "z_m": 15.2,
    "normal_az": 231.6,
    "s1_total_h": 0.0,
    "s1_cont_h": 0.0,
    "s1_pass_a": false,
    "s1_pass_b": false,
    "s2_total_h": 0.0,
    "s2_cont_h": 0.0,
    "s2_pass_a": false,
    "s2_pass_b": false,
    "d_total_h": 0.0,
    "d_cont_h": 0.0,
    "change_cd": "keep_fail",
    "변화": "유지 불충족"
   }
  },
  {
   "type": "Feature",
   "geometry": {
    "type": "Point",
    "coordinates": [
     126.93515846,
     37.5232341
    ]
   },
   "properties": {
    "pid": "여의도여자고등학교 ①(5층) 1층-5",
    "school": "여의도여자고등학교",
    "jibun": "40-2",
    "kind": "교사동 창면",
    "dong": "여의도여자고등학교 ①(5층)",
    "facade": "남향외벽",
    "floor": 1,
    "source": "일반식",
    "z_m": 1.2,
    "normal_az": 231.6,
    "s1_total_h": 0.0,
    "s1_cont_h": 0.0,
    "s1_pass_a": false,
    "s1_pass_b": false,
    "s2_total_h": 0.0,
    "s2_cont_h": 0.0,
    "s2_pass_a": false,
    "s2_pass_b": false,
    "d_total_h": 0.0,
    "d_cont_h": 0.0,
    "change_cd": "keep_fail",
    "변화": "유지 불충족"
   }
  },
  {
   "type": "Feature",
   "geometry": {
    "type": "Point",
    "coordinates": [
     126.93515846,
     37.5232341
    ]
   },
   "properties": {
    "pid": "여의도여자고등학교 ①(5층) 2층-5",
    "school": "여의도여자고등학교",
    "jibun": "40-2",
    "kind": "교사동 창면",
    "dong": "여의도여자고등학교 ①(5층)",
    "facade": "남향외벽",
    "floor": 2,
    "source": "일반식",
    "z_m": 4.7,
    "normal_az": 231.6,
    "s1_total_h": 0.0,
    "s1_cont_h": 0.0,
    "s1_pass_a": false,
    "s1_pass_b": false,
    "s2_total_h": 0.0,
    "s2_cont_h": 0.0,
    "s2_pass_a": false,
    "s2_pass_b": false,
    "d_total_h": 0.0,
    "d_cont_h": 0.0,
    "change_cd": "keep_fail",
    "변화": "유지 불충족"
   }
  },
  {
   "type": "Feature",
   "geometry": {
    "type": "Point",
    "coordinates": [
     126.93515846,
     37.5232341
    ]
   },
   "properties": {
    "pid": "여의도여자고등학교 ①(5층) 3층-5",
    "school": "여의도여자고등학교",
    "jibun": "40-2",
    "kind": "교사동 창면",
    "dong": "여의도여자고등학교 ①(5층)",
    "facade": "남향외벽",
    "floor": 3,
    "source": "일반식",
    "z_m": 8.2,
    "normal_az": 231.6,
    "s1_total_h": 0.0,
    "s1_cont_h": 0.0,
    "s1_pass_a": false,
    "s1_pass_b": false,
    "s2_total_h": 0.0,
    "s2_cont_h": 0.0,
    "s2_pass_a": false,
    "s2_pass_b": false,
    "d_total_h": 0.0,
    "d_cont_h": 0.0,
    "change_cd": "keep_fail",
    "변화": "유지 불충족"
   }
  },
  {
   "type": "Feature",
   "geometry": {
    "type": "Point",
    "coordinates": [
     126.93515846,
     37.5232341
    ]
   },
   "properties": {
    "pid": "여의도여자고등학교 ①(5층) 4층-5",
    "school": "여의도여자고등학교",
    "jibun": "40-2",
    "kind": "교사동 창면",
    "dong": "여의도여자고등학교 ①(5층)",
    "facade": "남향외벽",
    "floor": 4,
    "source": "일반식",
    "z_m": 11.7,
    "normal_az": 231.6,
    "s1_total_h": 0.0,
    "s1_cont_h": 0.0,
    "s1_pass_a": false,
    "s1_pass_b": false,
    "s2_total_h": 0.0,
    "s2_cont_h": 0.0,
    "s2_pass_a": false,
    "s2_pass_b": false,
    "d_total_h": 0.0,
    "d_cont_h": 0.0,
    "change_cd": "keep_fail",
    "변화": "유지 불충족"
   }
  },
  {
   "type": "Feature",
   "geometry": {
    "type": "Point",
    "coordinates": [
     126.93515846,
     37.5232341
    ]
   },
   "properties": {
    "pid": "여의도여자고등학교 ①(5층) 5층-5",
    "school": "여의도여자고등학교",
    "jibun": "40-2",
    "kind": "교사동 창면",
    "dong": "여의도여자고등학교 ①(5층)",
    "facade": "남향외벽",
    "floor": 5,
    "source": "일반식",
    "z_m": 15.2,
    "normal_az": 231.6,
    "s1_total_h": 0.0,
    "s1_cont_h": 0.0,
    "s1_pass_a": false,
    "s1_pass_b": false,
    "s2_total_h": 0.0,
    "s2_cont_h": 0.0,
    "s2_pass_a": false,
    "s2_pass_b": false,
    "d_total_h": 0.0,
    "d_cont_h": 0.0,
    "change_cd": "keep_fail",
    "변화": "유지 불충족"
   }
  },
  {
   "type": "Feature",
   "geometry": {
    "type": "Point",
    "coordinates": [
     126.93512314,
     37.5232695
    ]
   },
   "properties": {
    "pid": "여의도여자고등학교 ①(5층) 1층-6",
    "school": "여의도여자고등학교",
    "jibun": "40-2",
    "kind": "교사동 창면",
    "dong": "여의도여자고등학교 ①(5층)",
    "facade": "남향외벽",
    "floor": 1,
    "source": "일반식",
    "z_m": 1.2,
    "normal_az": 231.6,
    "s1_total_h": 0.0,
    "s1_cont_h": 0.0,
    "s1_pass_a": false,
    "s1_pass_b": false,
    "s2_total_h": 0.0,
    "s2_cont_h": 0.0,
    "s2_pass_a": false,
    "s2_pass_b": false,
    "d_total_h": 0.0,
    "d_cont_h": 0.0,
    "change_cd": "keep_fail",
    "변화": "유지 불충족"
   }
  },
  {
   "type": "Feature",
   "geometry": {
    "type": "Point",
    "coordinates": [
     126.93512314,
     37.5232695
    ]
   },
   "properties": {
    "pid": "여의도여자고등학교 ①(5층) 2층-6",
    "school": "여의도여자고등학교",
    "jibun": "40-2",
    "kind": "교사동 창면",
    "dong": "여의도여자고등학교 ①(5층)",
    "facade": "남향외벽",
    "floor": 2,
    "source": "일반식",
    "z_m": 4.7,
    "normal_az": 231.6,
    "s1_total_h": 0.0,
    "s1_cont_h": 0.0,
    "s1_pass_a": false,
    "s1_pass_b": false,
    "s2_total_h": 0.0,
    "s2_cont_h": 0.0,
    "s2_pass_a": false,
    "s2_pass_b": false,
    "d_total_h": 0.0,
    "d_cont_h": 0.0,
    "change_cd": "keep_fail",
    "변화": "유지 불충족"
   }
  },
  {
   "type": "Feature",
   "geometry": {
    "type": "Point",
    "coordinates": [
     126.93512314,
     37.5232695
    ]
   },
   "properties": {
    "pid": "여의도여자고등학교 ①(5층) 3층-6",
    "school": "여의도여자고등학교",
    "jibun": "40-2",
    "kind": "교사동 창면",
    "dong": "여의도여자고등학교 ①(5층)",
    "facade": "남향외벽",
    "floor": 3,
    "source": "일반식",
    "z_m": 8.2,
    "normal_az": 231.6,
    "s1_total_h": 0.0,
    "s1_cont_h": 0.0,
    "s1_pass_a": false,
    "s1_pass_b": false,
    "s2_total_h": 0.0,
    "s2_cont_h": 0.0,
    "s2_pass_a": false,
    "s2_pass_b": false,
    "d_total_h": 0.0,
    "d_cont_h": 0.0,
    "change_cd": "keep_fail",
    "변화": "유지 불충족"
   }
  },
  {
   "type": "Feature",
   "geometry": {
    "type": "Point",
    "coordinates": [
     126.93512314,
     37.5232695
    ]
   },
   "properties": {
    "pid": "여의도여자고등학교 ①(5층) 4층-6",
    "school": "여의도여자고등학교",
    "jibun": "40-2",
    "kind": "교사동 창면",
    "dong": "여의도여자고등학교 ①(5층)",
    "facade": "남향외벽",
    "floor": 4,
    "source": "일반식",
    "z_m": 11.7,
    "normal_az": 231.6,
    "s1_total_h": 0.0,
    "s1_cont_h": 0.0,
    "s1_pass_a": false,
    "s1_pass_b": false,
    "s2_total_h": 0.0,
    "s2_cont_h": 0.0,
    "s2_pass_a": false,
    "s2_pass_b": false,
    "d_total_h": 0.0,
    "d_cont_h": 0.0,
    "change_cd": "keep_fail",
    "변화": "유지 불충족"
   }
  },
  {
   "type": "Feature",
   "geometry": {
    "type": "Point",
    "coordinates": [
     126.93512314,
     37.5232695
    ]
   },
   "properties": {
    "pid": "여의도여자고등학교 ①(5층) 5층-6",
    "school": "여의도여자고등학교",
    "jibun": "40-2",
    "kind": "교사동 창면",
    "dong": "여의도여자고등학교 ①(5층)",
    "facade": "남향외벽",
    "floor": 5,
    "source": "일반식",
    "z_m": 15.2,
    "normal_az": 231.6,
    "s1_total_h": 0.67,
    "s1_cont_h": 0.67,
    "s1_pass_a": false,
    "s1_pass_b": false,
    "s2_total_h": 0.67,
    "s2_cont_h": 0.67,
    "s2_pass_a": false,
    "s2_pass_b": false,
    "d_total_h": 0.0,
    "d_cont_h": 0.0,
    "change_cd": "keep_fail",
    "변화": "유지 불충족"
   }
  },
  {
   "type": "Feature",
   "geometry": {
    "type": "Point",
    "coordinates": [
     126.93542478,
     37.52298815
    ]
   },
   "properties": {
    "pid": "여의도여자고등학교 ②(5층) 1층-1",
    "school": "여의도여자고등학교",
    "jibun": "40-2",
    "kind": "교사동 창면",
    "dong": "여의도여자고등학교 ②(5층)",
    "facade": "남향외벽",
    "floor": 1,
    "source": "일반식",
    "z_m": 1.2,
    "normal_az": 141.8,
    "s1_total_h": 0.0,
    "s1_cont_h": 0.0,
    "s1_pass_a": false,
    "s1_pass_b": false,
    "s2_total_h": 0.0,
    "s2_cont_h": 0.0,
    "s2_pass_a": false,
    "s2_pass_b": false,
    "d_total_h": 0.0,
    "d_cont_h": 0.0,
    "change_cd": "keep_fail",
    "변화": "유지 불충족"
   }
  },
  {
   "type": "Feature",
   "geometry": {
    "type": "Point",
    "coordinates": [
     126.93542478,
     37.52298815
    ]
   },
   "properties": {
    "pid": "여의도여자고등학교 ②(5층) 2층-1",
    "school": "여의도여자고등학교",
    "jibun": "40-2",
    "kind": "교사동 창면",
    "dong": "여의도여자고등학교 ②(5층)",
    "facade": "남향외벽",
    "floor": 2,
    "source": "일반식",
    "z_m": 4.7,
    "normal_az": 141.8,
    "s1_total_h": 0.0,
    "s1_cont_h": 0.0,
    "s1_pass_a": false,
    "s1_pass_b": false,
    "s2_total_h": 0.0,
    "s2_cont_h": 0.0,
    "s2_pass_a": false,
    "s2_pass_b": false,
    "d_total_h": 0.0,
    "d_cont_h": 0.0,
    "change_cd": "keep_fail",
    "변화": "유지 불충족"
   }
  },
  {
   "type": "Feature",
   "geometry": {
    "type": "Point",
    "coordinates": [
     126.93542478,
     37.52298815
    ]
   },
   "properties": {
    "pid": "여의도여자고등학교 ②(5층) 3층-1",
    "school": "여의도여자고등학교",
    "jibun": "40-2",
    "kind": "교사동 창면",
    "dong": "여의도여자고등학교 ②(5층)",
    "facade": "남향외벽",
    "floor": 3,
    "source": "일반식",
    "z_m": 8.2,
    "normal_az": 141.8,
    "s1_total_h": 0.17,
    "s1_cont_h": 0.17,
    "s1_pass_a": false,
    "s1_pass_b": false,
    "s2_total_h": 0.67,
    "s2_cont_h": 0.67,
    "s2_pass_a": false,
    "s2_pass_b": false,
    "d_total_h": 0.5,
    "d_cont_h": 0.5,
    "change_cd": "keep_fail",
    "변화": "유지 불충족"
   }
  },
  {
   "type": "Feature",
   "geometry": {
    "type": "Point",
    "coordinates": [
     126.93542478,
     37.52298815
    ]
   },
   "properties": {
    "pid": "여의도여자고등학교 ②(5층) 4층-1",
    "school": "여의도여자고등학교",
    "jibun": "40-2",
    "kind": "교사동 창면",
    "dong": "여의도여자고등학교 ②(5층)",
    "facade": "남향외벽",
    "floor": 4,
    "source": "일반식",
    "z_m": 11.7,
    "normal_az": 141.8,
    "s1_total_h": 1.83,
    "s1_cont_h": 1.5,
    "s1_pass_a": false,
    "s1_pass_b": false,
    "s2_total_h": 2.0,
    "s2_cont_h": 2.0,
    "s2_pass_a": true,
    "s2_pass_b": false,
    "d_total_h": 0.17,
    "d_cont_h": 0.5,
    "change_cd": "new_ok",
    "변화": "신규 충족"
   }
  },
  {
   "type": "Feature",
   "geometry": {
    "type": "Point",
    "coordinates": [
     126.93542478,
     37.52298815
    ]
   },
   "properties": {
    "pid": "여의도여자고등학교 ②(5층) 5층-1",
    "school": "여의도여자고등학교",
    "jibun": "40-2",
    "kind": "교사동 창면",
    "dong": "여의도여자고등학교 ②(5층)",
    "facade": "남향외벽",
    "floor": 5,
    "source": "일반식",
    "z_m": 15.2,
    "normal_az": 141.8,
    "s1_total_h": 2.33,
    "s1_cont_h": 2.33,
    "s1_pass_a": true,
    "s1_pass_b": false,
    "s2_total_h": 2.33,
    "s2_cont_h": 2.33,
    "s2_pass_a": true,
    "s2_pass_b": false,
    "d_total_h": 0.0,
    "d_cont_h": 0.0,
    "change_cd": "keep_ok",
    "변화": "유지 충족"
   }
  },
  {
   "type": "Feature",
   "geometry": {
    "type": "Point",
    "coordinates": [
     126.93548981,
     37.52288459
    ]
   },
   "properties": {
    "pid": "여의도여자고등학교 ②(5층) 1층-2",
    "school": "여의도여자고등학교",
    "jibun": "40-2",
    "kind": "교사동 창면",
    "dong": "여의도여자고등학교 ②(5층)",
    "facade": "남향외벽",
    "floor": 1,
    "source": "일반식",
    "z_m": 1.2,
    "normal_az": 142.3,
    "s1_total_h": 0.0,
    "s1_cont_h": 0.0,
    "s1_pass_a": false,
    "s1_pass_b": false,
    "s2_total_h": 0.0,
    "s2_cont_h": 0.0,
    "s2_pass_a": false,
    "s2_pass_b": false,
    "d_total_h": 0.0,
    "d_cont_h": 0.0,
    "change_cd": "keep_fail",
    "변화": "유지 불충족"
   }
  },
  {
   "type": "Feature",
   "geometry": {
    "type": "Point",
    "coordinates": [
     126.93548981,
     37.52288459
    ]
   },
   "properties": {
    "pid": "여의도여자고등학교 ②(5층) 2층-2",
    "school": "여의도여자고등학교",
    "jibun": "40-2",
    "kind": "교사동 창면",
    "dong": "여의도여자고등학교 ②(5층)",
    "facade": "남향외벽",
    "floor": 2,
    "source": "일반식",
    "z_m": 4.7,
    "normal_az": 142.3,
    "s1_total_h": 0.0,
    "s1_cont_h": 0.0,
    "s1_pass_a": false,
    "s1_pass_b": false,
    "s2_total_h": 0.0,
    "s2_cont_h": 0.0,
    "s2_pass_a": false,
    "s2_pass_b": false,
    "d_total_h": 0.0,
    "d_cont_h": 0.0,
    "change_cd": "keep_fail",
    "변화": "유지 불충족"
   }
  },
  {
   "type": "Feature",
   "geometry": {
    "type": "Point",
    "coordinates": [
     126.93548981,
     37.52288459
    ]
   },
   "properties": {
    "pid": "여의도여자고등학교 ②(5층) 3층-2",
    "school": "여의도여자고등학교",
    "jibun": "40-2",
    "kind": "교사동 창면",
    "dong": "여의도여자고등학교 ②(5층)",
    "facade": "남향외벽",
    "floor": 3,
    "source": "일반식",
    "z_m": 8.2,
    "normal_az": 142.3,
    "s1_total_h": 0.0,
    "s1_cont_h": 0.0,
    "s1_pass_a": false,
    "s1_pass_b": false,
    "s2_total_h": 0.0,
    "s2_cont_h": 0.0,
    "s2_pass_a": false,
    "s2_pass_b": false,
    "d_total_h": 0.0,
    "d_cont_h": 0.0,
    "change_cd": "keep_fail",
    "변화": "유지 불충족"
   }
  },
  {
   "type": "Feature",
   "geometry": {
    "type": "Point",
    "coordinates": [
     126.93548981,
     37.52288459
    ]
   },
   "properties": {
    "pid": "여의도여자고등학교 ②(5층) 4층-2",
    "school": "여의도여자고등학교",
    "jibun": "40-2",
    "kind": "교사동 창면",
    "dong": "여의도여자고등학교 ②(5층)",
    "facade": "남향외벽",
    "floor": 4,
    "source": "일반식",
    "z_m": 11.7,
    "normal_az": 142.3,
    "s1_total_h": 0.0,
    "s1_cont_h": 0.0,
    "s1_pass_a": false,
    "s1_pass_b": false,
    "s2_total_h": 0.0,
    "s2_cont_h": 0.0,
    "s2_pass_a": false,
    "s2_pass_b": false,
    "d_total_h": 0.0,
    "d_cont_h": 0.0,
    "change_cd": "keep_fail",
    "변화": "유지 불충족"
   }
  },
  {
   "type": "Feature",
   "geometry": {
    "type": "Point",
    "coordinates": [
     126.93548981,
     37.52288459
    ]
   },
   "properties": {
    "pid": "여의도여자고등학교 ②(5층) 5층-2",
    "school": "여의도여자고등학교",
    "jibun": "40-2",
    "kind": "교사동 창면",
    "dong": "여의도여자고등학교 ②(5층)",
    "facade": "남향외벽",
    "floor": 5,
    "source": "일반식",
    "z_m": 15.2,
    "normal_az": 142.3,
    "s1_total_h": 0.0,
    "s1_cont_h": 0.0,
    "s1_pass_a": false,
    "s1_pass_b": false,
    "s2_total_h": 0.0,
    "s2_cont_h": 0.0,
    "s2_pass_a": false,
    "s2_pass_b": false,
    "d_total_h": 0.0,
    "d_cont_h": 0.0,
    "change_cd": "keep_fail",
    "변화": "유지 불충족"
   }
  },
  {
   "type": "Feature",
   "geometry": {
    "type": "Point",
    "coordinates": [
     126.9354449,
     37.52285689
    ]
   },
   "properties": {
    "pid": "여의도여자고등학교 ②(5층) 1층-3",
    "school": "여의도여자고등학교",
    "jibun": "40-2",
    "kind": "교사동 창면",
    "dong": "여의도여자고등학교 ②(5층)",
    "facade": "남향외벽",
    "floor": 1,
    "source": "일반식",
    "z_m": 1.2,
    "normal_az": 142.3,
    "s1_total_h": 0.0,
    "s1_cont_h": 0.0,
    "s1_pass_a": false,
    "s1_pass_b": false,
    "s2_total_h": 0.0,
    "s2_cont_h": 0.0,
    "s2_pass_a": false,
    "s2_pass_b": false,
    "d_total_h": 0.0,
    "d_cont_h": 0.0,
    "change_cd": "keep_fail",
    "변화": "유지 불충족"
   }
  },
  {
   "type": "Feature",
   "geometry": {
    "type": "Point",
    "coordinates": [
     126.9354449,
     37.52285689
    ]
   },
   "properties": {
    "pid": "여의도여자고등학교 ②(5층) 2층-3",
    "school": "여의도여자고등학교",
    "jibun": "40-2",
    "kind": "교사동 창면",
    "dong": "여의도여자고등학교 ②(5층)",
    "facade": "남향외벽",
    "floor": 2,
    "source": "일반식",
    "z_m": 4.7,
    "normal_az": 142.3,
    "s1_total_h": 0.0,
    "s1_cont_h": 0.0,
    "s1_pass_a": false,
    "s1_pass_b": false,
    "s2_total_h": 0.0,
    "s2_cont_h": 0.0,
    "s2_pass_a": false,
    "s2_pass_b": false,
    "d_total_h": 0.0,
    "d_cont_h": 0.0,
    "change_cd": "keep_fail",
    "변화": "유지 불충족"
   }
  },
  {
   "type": "Feature",
   "geometry": {
    "type": "Point",
    "coordinates": [
     126.9354449,
     37.52285689
    ]
   },
   "properties": {
    "pid": "여의도여자고등학교 ②(5층) 3층-3",
    "school": "여의도여자고등학교",
    "jibun": "40-2",
    "kind": "교사동 창면",
    "dong": "여의도여자고등학교 ②(5층)",
    "facade": "남향외벽",
    "floor": 3,
    "source": "일반식",
    "z_m": 8.2,
    "normal_az": 142.3,
    "s1_total_h": 0.0,
    "s1_cont_h": 0.0,
    "s1_pass_a": false,
    "s1_pass_b": false,
    "s2_total_h": 0.0,
    "s2_cont_h": 0.0,
    "s2_pass_a": false,
    "s2_pass_b": false,
    "d_total_h": 0.0,
    "d_cont_h": 0.0,
    "change_cd": "keep_fail",
    "변화": "유지 불충족"
   }
  },
  {
   "type": "Feature",
   "geometry": {
    "type": "Point",
    "coordinates": [
     126.9354449,
     37.52285689
    ]
   },
   "properties": {
    "pid": "여의도여자고등학교 ②(5층) 4층-3",
    "school": "여의도여자고등학교",
    "jibun": "40-2",
    "kind": "교사동 창면",
    "dong": "여의도여자고등학교 ②(5층)",
    "facade": "남향외벽",
    "floor": 4,
    "source": "일반식",
    "z_m": 11.7,
    "normal_az": 142.3,
    "s1_total_h": 2.67,
    "s1_cont_h": 2.67,
    "s1_pass_a": true,
    "s1_pass_b": true,
    "s2_total_h": 1.67,
    "s2_cont_h": 1.67,
    "s2_pass_a": false,
    "s2_pass_b": false,
    "d_total_h": -1.0,
    "d_cont_h": -1.0,
    "change_cd": "new_fail",
    "변화": "신규 불충족"
   }
  },
  {
   "type": "Feature",
   "geometry": {
    "type": "Point",
    "coordinates": [
     126.9354449,
     37.52285689
    ]
   },
   "properties": {
    "pid": "여의도여자고등학교 ②(5층) 5층-3",
    "school": "여의도여자고등학교",
    "jibun": "40-2",
    "kind": "교사동 창면",
    "dong": "여의도여자고등학교 ②(5층)",
    "facade": "남향외벽",
    "floor": 5,
    "source": "일반식",
    "z_m": 15.2,
    "normal_az": 142.3,
    "s1_total_h": 5.33,
    "s1_cont_h": 4.0,
    "s1_pass_a": true,
    "s1_pass_b": true,
    "s2_total_h": 4.5,
    "s2_cont_h": 2.17,
    "s2_pass_a": true,
    "s2_pass_b": false,
    "d_total_h": -0.83,
    "d_cont_h": -1.83,
    "change_cd": "keep_ok",
    "변화": "유지 충족"
   }
  },
  {
   "type": "Feature",
   "geometry": {
    "type": "Point",
    "coordinates": [
     126.93540045,
     37.52286964
    ]
   },
   "properties": {
    "pid": "여의도여자고등학교 ②(5층) 1층-4",
    "school": "여의도여자고등학교",
    "jibun": "40-2",
    "kind": "교사동 창면",
    "dong": "여의도여자고등학교 ②(5층)",
    "facade": "남향외벽",
    "floor": 1,
    "source": "일반식",
    "z_m": 1.2,
    "normal_az": 203.0,
    "s1_total_h": 0.33,
    "s1_cont_h": 0.33,
    "s1_pass_a": false,
    "s1_pass_b": false,
    "s2_total_h": 0.33,
    "s2_cont_h": 0.33,
    "s2_pass_a": false,
    "s2_pass_b": false,
    "d_total_h": 0.0,
    "d_cont_h": 0.0,
    "change_cd": "keep_fail",
    "변화": "유지 불충족"
   }
  },
  {
   "type": "Feature",
   "geometry": {
    "type": "Point",
    "coordinates": [
     126.93540045,
     37.52286964
    ]
   },
   "properties": {
    "pid": "여의도여자고등학교 ②(5층) 2층-4",
    "school": "여의도여자고등학교",
    "jibun": "40-2",
    "kind": "교사동 창면",
    "dong": "여의도여자고등학교 ②(5층)",
    "facade": "남향외벽",
    "floor": 2,
    "source": "일반식",
    "z_m": 4.7,
    "normal_az": 203.0,
    "s1_total_h": 0.33,
    "s1_cont_h": 0.33,
    "s1_pass_a": false,
    "s1_pass_b": false,
    "s2_total_h": 0.33,
    "s2_cont_h": 0.33,
    "s2_pass_a": false,
    "s2_pass_b": false,
    "d_total_h": 0.0,
    "d_cont_h": 0.0,
    "change_cd": "keep_fail",
    "변화": "유지 불충족"
   }
  },
  {
   "type": "Feature",
   "geometry": {
    "type": "Point",
    "coordinates": [
     126.93540045,
     37.52286964
    ]
   },
   "properties": {
    "pid": "여의도여자고등학교 ②(5층) 3층-4",
    "school": "여의도여자고등학교",
    "jibun": "40-2",
    "kind": "교사동 창면",
    "dong": "여의도여자고등학교 ②(5층)",
    "facade": "남향외벽",
    "floor": 3,
    "source": "일반식",
    "z_m": 8.2,
    "normal_az": 203.0,
    "s1_total_h": 0.33,
    "s1_cont_h": 0.33,
    "s1_pass_a": false,
    "s1_pass_b": false,
    "s2_total_h": 0.33,
    "s2_cont_h": 0.33,
    "s2_pass_a": false,
    "s2_pass_b": false,
    "d_total_h": 0.0,
    "d_cont_h": 0.0,
    "change_cd": "keep_fail",
    "변화": "유지 불충족"
   }
  },
  {
   "type": "Feature",
   "geometry": {
    "type": "Point",
    "coordinates": [
     126.93540045,
     37.52286964
    ]
   },
   "properties": {
    "pid": "여의도여자고등학교 ②(5층) 4층-4",
    "school": "여의도여자고등학교",
    "jibun": "40-2",
    "kind": "교사동 창면",
    "dong": "여의도여자고등학교 ②(5층)",
    "facade": "남향외벽",
    "floor": 4,
    "source": "일반식",
    "z_m": 11.7,
    "normal_az": 203.0,
    "s1_total_h": 4.33,
    "s1_cont_h": 3.67,
    "s1_pass_a": true,
    "s1_pass_b": true,
    "s2_total_h": 3.67,
    "s2_cont_h": 1.83,
    "s2_pass_a": false,
    "s2_pass_b": false,
    "d_total_h": -0.66,
    "d_cont_h": -1.84,
    "change_cd": "new_fail",
    "변화": "신규 불충족"
   }
  },
  {
   "type": "Feature",
   "geometry": {
    "type": "Point",
    "coordinates": [
     126.93540045,
     37.52286964
    ]
   },
   "properties": {
    "pid": "여의도여자고등학교 ②(5층) 5층-4",
    "school": "여의도여자고등학교",
    "jibun": "40-2",
    "kind": "교사동 창면",
    "dong": "여의도여자고등학교 ②(5층)",
    "facade": "남향외벽",
    "floor": 5,
    "source": "일반식",
    "z_m": 15.2,
    "normal_az": 203.0,
    "s1_total_h": 4.67,
    "s1_cont_h": 4.0,
    "s1_pass_a": true,
    "s1_pass_b": true,
    "s2_total_h": 3.67,
    "s2_cont_h": 1.83,
    "s2_pass_a": false,
    "s2_pass_b": false,
    "d_total_h": -1.0,
    "d_cont_h": -2.17,
    "change_cd": "new_fail",
    "변화": "신규 불충족"
   }
  },
  {
   "type": "Feature",
   "geometry": {
    "type": "Point",
    "coordinates": [
     126.93536017,
     37.52287639
    ]
   },
   "properties": {
    "pid": "여의도여자고등학교 ②(5층) 1층-5",
    "school": "여의도여자고등학교",
    "jibun": "40-2",
    "kind": "교사동 창면",
    "dong": "여의도여자고등학교 ②(5층)",
    "facade": "남향외벽",
    "floor": 1,
    "source": "일반식",
    "z_m": 1.2,
    "normal_az": 232.4,
    "s1_total_h": 0.5,
    "s1_cont_h": 0.5,
    "s1_pass_a": false,
    "s1_pass_b": false,
    "s2_total_h": 0.5,
    "s2_cont_h": 0.5,
    "s2_pass_a": false,
    "s2_pass_b": false,
    "d_total_h": 0.0,
    "d_cont_h": 0.0,
    "change_cd": "keep_fail",
    "변화": "유지 불충족"
   }
  },
  {
   "type": "Feature",
   "geometry": {
    "type": "Point",
    "coordinates": [
     126.93536017,
     37.52287639
    ]
   },
   "properties": {
    "pid": "여의도여자고등학교 ②(5층) 2층-5",
    "school": "여의도여자고등학교",
    "jibun": "40-2",
    "kind": "교사동 창면",
    "dong": "여의도여자고등학교 ②(5층)",
    "facade": "남향외벽",
    "floor": 2,
    "source": "일반식",
    "z_m": 4.7,
    "normal_az": 232.4,
    "s1_total_h": 0.5,
    "s1_cont_h": 0.5,
    "s1_pass_a": false,
    "s1_pass_b": false,
    "s2_total_h": 0.5,
    "s2_cont_h": 0.5,
    "s2_pass_a": false,
    "s2_pass_b": false,
    "d_total_h": 0.0,
    "d_cont_h": 0.0,
    "change_cd": "keep_fail",
    "변화": "유지 불충족"
   }
  },
  {
   "type": "Feature",
   "geometry": {
    "type": "Point",
    "coordinates": [
     126.93536017,
     37.52287639
    ]
   },
   "properties": {
    "pid": "여의도여자고등학교 ②(5층) 3층-5",
    "school": "여의도여자고등학교",
    "jibun": "40-2",
    "kind": "교사동 창면",
    "dong": "여의도여자고등학교 ②(5층)",
    "facade": "남향외벽",
    "floor": 3,
    "source": "일반식",
    "z_m": 8.2,
    "normal_az": 232.4,
    "s1_total_h": 0.67,
    "s1_cont_h": 0.5,
    "s1_pass_a": false,
    "s1_pass_b": false,
    "s2_total_h": 0.5,
    "s2_cont_h": 0.5,
    "s2_pass_a": false,
    "s2_pass_b": false,
    "d_total_h": -0.17,
    "d_cont_h": 0.0,
    "change_cd": "keep_fail",
    "변화": "유지 불충족"
   }
  },
  {
   "type": "Feature",
   "geometry": {
    "type": "Point",
    "coordinates": [
     126.93536017,
     37.52287639
    ]
   },
   "properties": {
    "pid": "여의도여자고등학교 ②(5층) 4층-5",
    "school": "여의도여자고등학교",
    "jibun": "40-2",
    "kind": "교사동 창면",
    "dong": "여의도여자고등학교 ②(5층)",
    "facade": "남향외벽",
    "floor": 4,
    "source": "일반식",
    "z_m": 11.7,
    "normal_az": 232.4,
    "s1_total_h": 4.33,
    "s1_cont_h": 3.83,
    "s1_pass_a": true,
    "s1_pass_b": true,
    "s2_total_h": 2.5,
    "s2_cont_h": 2.0,
    "s2_pass_a": true,
    "s2_pass_b": true,
    "d_total_h": -1.83,
    "d_cont_h": -1.83,
    "change_cd": "keep_ok",
    "변화": "유지 충족"
   }
  },
  {
   "type": "Feature",
   "geometry": {
    "type": "Point",
    "coordinates": [
     126.93536017,
     37.52287639
    ]
   },
   "properties": {
    "pid": "여의도여자고등학교 ②(5층) 5층-5",
    "school": "여의도여자고등학교",
    "jibun": "40-2",
    "kind": "교사동 창면",
    "dong": "여의도여자고등학교 ②(5층)",
    "facade": "남향외벽",
    "floor": 5,
    "source": "일반식",
    "z_m": 15.2,
    "normal_az": 232.4,
    "s1_total_h": 4.33,
    "s1_cont_h": 3.83,
    "s1_pass_a": true,
    "s1_pass_b": true,
    "s2_total_h": 2.5,
    "s2_cont_h": 2.0,
    "s2_pass_a": true,
    "s2_pass_b": true,
    "d_total_h": -1.83,
    "d_cont_h": -1.83,
    "change_cd": "keep_ok",
    "변화": "유지 충족"
   }
  },
  {
   "type": "Feature",
   "geometry": {
    "type": "Point",
    "coordinates": [
     126.93532548,
     37.5229122
    ]
   },
   "properties": {
    "pid": "여의도여자고등학교 ②(5층) 1층-6",
    "school": "여의도여자고등학교",
    "jibun": "40-2",
    "kind": "교사동 창면",
    "dong": "여의도여자고등학교 ②(5층)",
    "facade": "남향외벽",
    "floor": 1,
    "source": "일반식",
    "z_m": 1.2,
    "normal_az": 232.4,
    "s1_total_h": 1.33,
    "s1_cont_h": 0.67,
    "s1_pass_a": false,
    "s1_pass_b": false,
    "s2_total_h": 1.33,
    "s2_cont_h": 0.67,
    "s2_pass_a": false,
    "s2_pass_b": false,
    "d_total_h": 0.0,
    "d_cont_h": 0.0,
    "change_cd": "keep_fail",
    "변화": "유지 불충족"
   }
  },
  {
   "type": "Feature",
   "geometry": {
    "type": "Point",
    "coordinates": [
     126.93532548,
     37.5229122
    ]
   },
   "properties": {
    "pid": "여의도여자고등학교 ②(5층) 2층-6",
    "school": "여의도여자고등학교",
    "jibun": "40-2",
    "kind": "교사동 창면",
    "dong": "여의도여자고등학교 ②(5층)",
    "facade": "남향외벽",
    "floor": 2,
    "source": "일반식",
    "z_m": 4.7,
    "normal_az": 232.4,
    "s1_total_h": 1.33,
    "s1_cont_h": 0.67,
    "s1_pass_a": false,
    "s1_pass_b": false,
    "s2_total_h": 1.33,
    "s2_cont_h": 0.67,
    "s2_pass_a": false,
    "s2_pass_b": false,
    "d_total_h": 0.0,
    "d_cont_h": 0.0,
    "change_cd": "keep_fail",
    "변화": "유지 불충족"
   }
  },
  {
   "type": "Feature",
   "geometry": {
    "type": "Point",
    "coordinates": [
     126.93532548,
     37.5229122
    ]
   },
   "properties": {
    "pid": "여의도여자고등학교 ②(5층) 3층-6",
    "school": "여의도여자고등학교",
    "jibun": "40-2",
    "kind": "교사동 창면",
    "dong": "여의도여자고등학교 ②(5층)",
    "facade": "남향외벽",
    "floor": 3,
    "source": "일반식",
    "z_m": 8.2,
    "normal_az": 232.4,
    "s1_total_h": 4.33,
    "s1_cont_h": 3.67,
    "s1_pass_a": true,
    "s1_pass_b": true,
    "s2_total_h": 2.67,
    "s2_cont_h": 2.0,
    "s2_pass_a": true,
    "s2_pass_b": true,
    "d_total_h": -1.66,
    "d_cont_h": -1.67,
    "change_cd": "keep_ok",
    "변화": "유지 충족"
   }
  },
  {
   "type": "Feature",
   "geometry": {
    "type": "Point",
    "coordinates": [
     126.93532548,
     37.5229122
    ]
   },
   "properties": {
    "pid": "여의도여자고등학교 ②(5층) 4층-6",
    "school": "여의도여자고등학교",
    "jibun": "40-2",
    "kind": "교사동 창면",
    "dong": "여의도여자고등학교 ②(5층)",
    "facade": "남향외벽",
    "floor": 4,
    "source": "일반식",
    "z_m": 11.7,
    "normal_az": 232.4,
    "s1_total_h": 4.33,
    "s1_cont_h": 3.67,
    "s1_pass_a": true,
    "s1_pass_b": true,
    "s2_total_h": 2.67,
    "s2_cont_h": 2.0,
    "s2_pass_a": true,
    "s2_pass_b": true,
    "d_total_h": -1.66,
    "d_cont_h": -1.67,
    "change_cd": "keep_ok",
    "변화": "유지 충족"
   }
  },
  {
   "type": "Feature",
   "geometry": {
    "type": "Point",
    "coordinates": [
     126.93532548,
     37.5229122
    ]
   },
   "properties": {
    "pid": "여의도여자고등학교 ②(5층) 5층-6",
    "school": "여의도여자고등학교",
    "jibun": "40-2",
    "kind": "교사동 창면",
    "dong": "여의도여자고등학교 ②(5층)",
    "facade": "남향외벽",
    "floor": 5,
    "source": "일반식",
    "z_m": 15.2,
    "normal_az": 232.4,
    "s1_total_h": 4.33,
    "s1_cont_h": 3.67,
    "s1_pass_a": true,
    "s1_pass_b": true,
    "s2_total_h": 2.67,
    "s2_cont_h": 2.0,
    "s2_pass_a": true,
    "s2_pass_b": true,
    "d_total_h": -1.66,
    "d_cont_h": -1.67,
    "change_cd": "keep_ok",
    "변화": "유지 충족"
   }
  },
  {
   "type": "Feature",
   "geometry": {
    "type": "Point",
    "coordinates": [
     126.93529077,
     37.52294802
    ]
   },
   "properties": {
    "pid": "여의도여자고등학교 ②(5층) 1층-7",
    "school": "여의도여자고등학교",
    "jibun": "40-2",
    "kind": "교사동 창면",
    "dong": "여의도여자고등학교 ②(5층)",
    "facade": "남향외벽",
    "floor": 1,
    "source": "일반식",
    "z_m": 1.2,
    "normal_az": 232.4,
    "s1_total_h": 2.0,
    "s1_cont_h": 1.33,
    "s1_pass_a": false,
    "s1_pass_b": false,
    "s2_total_h": 2.0,
    "s2_cont_h": 1.33,
    "s2_pass_a": false,
    "s2_pass_b": false,
    "d_total_h": 0.0,
    "d_cont_h": 0.0,
    "change_cd": "keep_fail",
    "변화": "유지 불충족"
   }
  },
  {
   "type": "Feature",
   "geometry": {
    "type": "Point",
    "coordinates": [
     126.93529077,
     37.52294802
    ]
   },
   "properties": {
    "pid": "여의도여자고등학교 ②(5층) 2층-7",
    "school": "여의도여자고등학교",
    "jibun": "40-2",
    "kind": "교사동 창면",
    "dong": "여의도여자고등학교 ②(5층)",
    "facade": "남향외벽",
    "floor": 2,
    "source": "일반식",
    "z_m": 4.7,
    "normal_az": 232.4,
    "s1_total_h": 2.5,
    "s1_cont_h": 1.67,
    "s1_pass_a": false,
    "s1_pass_b": false,
    "s2_total_h": 2.33,
    "s2_cont_h": 1.67,
    "s2_pass_a": false,
    "s2_pass_b": false,
    "d_total_h": -0.17,
    "d_cont_h": 0.0,
    "change_cd": "keep_fail",
    "변화": "유지 불충족"
   }
  },
  {
   "type": "Feature",
   "geometry": {
    "type": "Point",
    "coordinates": [
     126.93529077,
     37.52294802
    ]
   },
   "properties": {
    "pid": "여의도여자고등학교 ②(5층) 3층-7",
    "school": "여의도여자고등학교",
    "jibun": "40-2",
    "kind": "교사동 창면",
    "dong": "여의도여자고등학교 ②(5층)",
    "facade": "남향외벽",
    "floor": 3,
    "source": "일반식",
    "z_m": 8.2,
    "normal_az": 232.4,
    "s1_total_h": 4.33,
    "s1_cont_h": 3.67,
    "s1_pass_a": true,
    "s1_pass_b": true,
    "s2_total_h": 2.83,
    "s2_cont_h": 2.17,
    "s2_pass_a": true,
    "s2_pass_b": true,
    "d_total_h": -1.5,
    "d_cont_h": -1.5,
    "change_cd": "keep_ok",
    "변화": "유지 충족"
   }
  },
  {
   "type": "Feature",
   "geometry": {
    "type": "Point",
    "coordinates": [
     126.93529077,
     37.52294802
    ]
   },
   "properties": {
    "pid": "여의도여자고등학교 ②(5층) 4층-7",
    "school": "여의도여자고등학교",
    "jibun": "40-2",
    "kind": "교사동 창면",
    "dong": "여의도여자고등학교 ②(5층)",
    "facade": "남향외벽",
    "floor": 4,
    "source": "일반식",
    "z_m": 11.7,
    "normal_az": 232.4,
    "s1_total_h": 4.33,
    "s1_cont_h": 3.67,
    "s1_pass_a": true,
    "s1_pass_b": true,
    "s2_total_h": 2.83,
    "s2_cont_h": 2.17,
    "s2_pass_a": true,
    "s2_pass_b": true,
    "d_total_h": -1.5,
    "d_cont_h": -1.5,
    "change_cd": "keep_ok",
    "변화": "유지 충족"
   }
  },
  {
   "type": "Feature",
   "geometry": {
    "type": "Point",
    "coordinates": [
     126.93529077,
     37.52294802
    ]
   },
   "properties": {
    "pid": "여의도여자고등학교 ②(5층) 5층-7",
    "school": "여의도여자고등학교",
    "jibun": "40-2",
    "kind": "교사동 창면",
    "dong": "여의도여자고등학교 ②(5층)",
    "facade": "남향외벽",
    "floor": 5,
    "source": "일반식",
    "z_m": 15.2,
    "normal_az": 232.4,
    "s1_total_h": 4.33,
    "s1_cont_h": 3.67,
    "s1_pass_a": true,
    "s1_pass_b": true,
    "s2_total_h": 2.83,
    "s2_cont_h": 2.17,
    "s2_pass_a": true,
    "s2_pass_b": true,
    "d_total_h": -1.5,
    "d_cont_h": -1.5,
    "change_cd": "keep_ok",
    "변화": "유지 충족"
   }
  },
  {
   "type": "Feature",
   "geometry": {
    "type": "Point",
    "coordinates": [
     126.93525608,
     37.52298385
    ]
   },
   "properties": {
    "pid": "여의도여자고등학교 ②(5층) 1층-8",
    "school": "여의도여자고등학교",
    "jibun": "40-2",
    "kind": "교사동 창면",
    "dong": "여의도여자고등학교 ②(5층)",
    "facade": "남향외벽",
    "floor": 1,
    "source": "일반식",
    "z_m": 1.2,
    "normal_az": 232.4,
    "s1_total_h": 2.17,
    "s1_cont_h": 1.67,
    "s1_pass_a": false,
    "s1_pass_b": false,
    "s2_total_h": 2.17,
    "s2_cont_h": 1.67,
    "s2_pass_a": false,
    "s2_pass_b": false,
    "d_total_h": 0.0,
    "d_cont_h": 0.0,
    "change_cd": "keep_fail",
    "변화": "유지 불충족"
   }
  },
  {
   "type": "Feature",
   "geometry": {
    "type": "Point",
    "coordinates": [
     126.93525608,
     37.52298385
    ]
   },
   "properties": {
    "pid": "여의도여자고등학교 ②(5층) 2층-8",
    "school": "여의도여자고등학교",
    "jibun": "40-2",
    "kind": "교사동 창면",
    "dong": "여의도여자고등학교 ②(5층)",
    "facade": "남향외벽",
    "floor": 2,
    "source": "일반식",
    "z_m": 4.7,
    "normal_az": 232.4,
    "s1_total_h": 4.0,
    "s1_cont_h": 3.5,
    "s1_pass_a": true,
    "s1_pass_b": true,
    "s2_total_h": 2.5,
    "s2_cont_h": 2.0,
    "s2_pass_a": true,
    "s2_pass_b": true,
    "d_total_h": -1.5,
    "d_cont_h": -1.5,
    "change_cd": "keep_ok",
    "변화": "유지 충족"
   }
  },
  {
   "type": "Feature",
   "geometry": {
    "type": "Point",
    "coordinates": [
     126.93525608,
     37.52298385
    ]
   },
   "properties": {
    "pid": "여의도여자고등학교 ②(5층) 3층-8",
    "school": "여의도여자고등학교",
    "jibun": "40-2",
    "kind": "교사동 창면",
    "dong": "여의도여자고등학교 ②(5층)",
    "facade": "남향외벽",
    "floor": 3,
    "source": "일반식",
    "z_m": 8.2,
    "normal_az": 232.4,
    "s1_total_h": 4.0,
    "s1_cont_h": 3.5,
    "s1_pass_a": true,
    "s1_pass_b": true,
    "s2_total_h": 2.5,
    "s2_cont_h": 2.0,
    "s2_pass_a": true,
    "s2_pass_b": true,
    "d_total_h": -1.5,
    "d_cont_h": -1.5,
    "change_cd": "keep_ok",
    "변화": "유지 충족"
   }
  },
  {
   "type": "Feature",
   "geometry": {
    "type": "Point",
    "coordinates": [
     126.93525608,
     37.52298385
    ]
   },
   "properties": {
    "pid": "여의도여자고등학교 ②(5층) 4층-8",
    "school": "여의도여자고등학교",
    "jibun": "40-2",
    "kind": "교사동 창면",
    "dong": "여의도여자고등학교 ②(5층)",
    "facade": "남향외벽",
    "floor": 4,
    "source": "일반식",
    "z_m": 11.7,
    "normal_az": 232.4,
    "s1_total_h": 4.0,
    "s1_cont_h": 3.5,
    "s1_pass_a": true,
    "s1_pass_b": true,
    "s2_total_h": 2.5,
    "s2_cont_h": 2.0,
    "s2_pass_a": true,
    "s2_pass_b": true,
    "d_total_h": -1.5,
    "d_cont_h": -1.5,
    "change_cd": "keep_ok",
    "변화": "유지 충족"
   }
  },
  {
   "type": "Feature",
   "geometry": {
    "type": "Point",
    "coordinates": [
     126.93525608,
     37.52298385
    ]
   },
   "properties": {
    "pid": "여의도여자고등학교 ②(5층) 5층-8",
    "school": "여의도여자고등학교",
    "jibun": "40-2",
    "kind": "교사동 창면",
    "dong": "여의도여자고등학교 ②(5층)",
    "facade": "남향외벽",
    "floor": 5,
    "source": "일반식",
    "z_m": 15.2,
    "normal_az": 232.4,
    "s1_total_h": 4.0,
    "s1_cont_h": 3.5,
    "s1_pass_a": true,
    "s1_pass_b": true,
    "s2_total_h": 2.5,
    "s2_cont_h": 2.0,
    "s2_pass_a": true,
    "s2_pass_b": true,
    "d_total_h": -1.5,
    "d_cont_h": -1.5,
    "change_cd": "keep_ok",
    "변화": "유지 충족"
   }
  },
  {
   "type": "Feature",
   "geometry": {
    "type": "Point",
    "coordinates": [
     126.93522139,
     37.52301967
    ]
   },
   "properties": {
    "pid": "여의도여자고등학교 ②(5층) 1층-9",
    "school": "여의도여자고등학교",
    "jibun": "40-2",
    "kind": "교사동 창면",
    "dong": "여의도여자고등학교 ②(5층)",
    "facade": "남향외벽",
    "floor": 1,
    "source": "일반식",
    "z_m": 1.2,
    "normal_az": 232.4,
    "s1_total_h": 3.0,
    "s1_cont_h": 2.33,
    "s1_pass_a": true,
    "s1_pass_b": true,
    "s2_total_h": 2.67,
    "s2_cont_h": 2.17,
    "s2_pass_a": true,
    "s2_pass_b": true,
    "d_total_h": -0.33,
    "d_cont_h": -0.16,
    "change_cd": "keep_ok",
    "변화": "유지 충족"
   }
  },
  {
   "type": "Feature",
   "geometry": {
    "type": "Point",
    "coordinates": [
     126.93522139,
     37.52301967
    ]
   },
   "properties": {
    "pid": "여의도여자고등학교 ②(5층) 2층-9",
    "school": "여의도여자고등학교",
    "jibun": "40-2",
    "kind": "교사동 창면",
    "dong": "여의도여자고등학교 ②(5층)",
    "facade": "남향외벽",
    "floor": 2,
    "source": "일반식",
    "z_m": 4.7,
    "normal_az": 232.4,
    "s1_total_h": 4.0,
    "s1_cont_h": 3.5,
    "s1_pass_a": true,
    "s1_pass_b": true,
    "s2_total_h": 2.67,
    "s2_cont_h": 2.17,
    "s2_pass_a": true,
    "s2_pass_b": true,
    "d_total_h": -1.33,
    "d_cont_h": -1.33,
    "change_cd": "keep_ok",
    "변화": "유지 충족"
   }
  },
  {
   "type": "Feature",
   "geometry": {
    "type": "Point",
    "coordinates": [
     126.93522139,
     37.52301967
    ]
   },
   "properties": {
    "pid": "여의도여자고등학교 ②(5층) 3층-9",
    "school": "여의도여자고등학교",
    "jibun": "40-2",
    "kind": "교사동 창면",
    "dong": "여의도여자고등학교 ②(5층)",
    "facade": "남향외벽",
    "floor": 3,
    "source": "일반식",
    "z_m": 8.2,
    "normal_az": 232.4,
    "s1_total_h": 4.0,
    "s1_cont_h": 3.5,
    "s1_pass_a": true,
    "s1_pass_b": true,
    "s2_total_h": 2.67,
    "s2_cont_h": 2.17,
    "s2_pass_a": true,
    "s2_pass_b": true,
    "d_total_h": -1.33,
    "d_cont_h": -1.33,
    "change_cd": "keep_ok",
    "변화": "유지 충족"
   }
  },
  {
   "type": "Feature",
   "geometry": {
    "type": "Point",
    "coordinates": [
     126.93522139,
     37.52301967
    ]
   },
   "properties": {
    "pid": "여의도여자고등학교 ②(5층) 4층-9",
    "school": "여의도여자고등학교",
    "jibun": "40-2",
    "kind": "교사동 창면",
    "dong": "여의도여자고등학교 ②(5층)",
    "facade": "남향외벽",
    "floor": 4,
    "source": "일반식",
    "z_m": 11.7,
    "normal_az": 232.4,
    "s1_total_h": 4.0,
    "s1_cont_h": 3.5,
    "s1_pass_a": true,
    "s1_pass_b": true,
    "s2_total_h": 2.67,
    "s2_cont_h": 2.17,
    "s2_pass_a": true,
    "s2_pass_b": true,
    "d_total_h": -1.33,
    "d_cont_h": -1.33,
    "change_cd": "keep_ok",
    "변화": "유지 충족"
   }
  },
  {
   "type": "Feature",
   "geometry": {
    "type": "Point",
    "coordinates": [
     126.93522139,
     37.52301967
    ]
   },
   "properties": {
    "pid": "여의도여자고등학교 ②(5층) 5층-9",
    "school": "여의도여자고등학교",
    "jibun": "40-2",
    "kind": "교사동 창면",
    "dong": "여의도여자고등학교 ②(5층)",
    "facade": "남향외벽",
    "floor": 5,
    "source": "일반식",
    "z_m": 15.2,
    "normal_az": 232.4,
    "s1_total_h": 4.0,
    "s1_cont_h": 3.5,
    "s1_pass_a": true,
    "s1_pass_b": true,
    "s2_total_h": 2.67,
    "s2_cont_h": 2.17,
    "s2_pass_a": true,
    "s2_pass_b": true,
    "d_total_h": -1.33,
    "d_cont_h": -1.33,
    "change_cd": "keep_ok",
    "변화": "유지 충족"
   }
  },
  {
   "type": "Feature",
   "geometry": {
    "type": "Point",
    "coordinates": [
     126.93518668,
     37.52305548
    ]
   },
   "properties": {
    "pid": "여의도여자고등학교 ②(5층) 1층-10",
    "school": "여의도여자고등학교",
    "jibun": "40-2",
    "kind": "교사동 창면",
    "dong": "여의도여자고등학교 ②(5층)",
    "facade": "남향외벽",
    "floor": 1,
    "source": "일반식",
    "z_m": 1.2,
    "normal_az": 232.4,
    "s1_total_h": 4.0,
    "s1_cont_h": 3.33,
    "s1_pass_a": true,
    "s1_pass_b": true,
    "s2_total_h": 2.67,
    "s2_cont_h": 2.0,
    "s2_pass_a": true,
    "s2_pass_b": true,
    "d_total_h": -1.33,
    "d_cont_h": -1.33,
    "change_cd": "keep_ok",
    "변화": "유지 충족"
   }
  },
  {
   "type": "Feature",
   "geometry": {
    "type": "Point",
    "coordinates": [
     126.93518668,
     37.52305548
    ]
   },
   "properties": {
    "pid": "여의도여자고등학교 ②(5층) 2층-10",
    "school": "여의도여자고등학교",
    "jibun": "40-2",
    "kind": "교사동 창면",
    "dong": "여의도여자고등학교 ②(5층)",
    "facade": "남향외벽",
    "floor": 2,
    "source": "일반식",
    "z_m": 4.7,
    "normal_az": 232.4,
    "s1_total_h": 4.0,
    "s1_cont_h": 3.33,
    "s1_pass_a": true,
    "s1_pass_b": true,
    "s2_total_h": 2.67,
    "s2_cont_h": 2.0,
    "s2_pass_a": true,
    "s2_pass_b": true,
    "d_total_h": -1.33,
    "d_cont_h": -1.33,
    "change_cd": "keep_ok",
    "변화": "유지 충족"
   }
  },
  {
   "type": "Feature",
   "geometry": {
    "type": "Point",
    "coordinates": [
     126.93518668,
     37.52305548
    ]
   },
   "properties": {
    "pid": "여의도여자고등학교 ②(5층) 3층-10",
    "school": "여의도여자고등학교",
    "jibun": "40-2",
    "kind": "교사동 창면",
    "dong": "여의도여자고등학교 ②(5층)",
    "facade": "남향외벽",
    "floor": 3,
    "source": "일반식",
    "z_m": 8.2,
    "normal_az": 232.4,
    "s1_total_h": 4.0,
    "s1_cont_h": 3.33,
    "s1_pass_a": true,
    "s1_pass_b": true,
    "s2_total_h": 2.67,
    "s2_cont_h": 2.0,
    "s2_pass_a": true,
    "s2_pass_b": true,
    "d_total_h": -1.33,
    "d_cont_h": -1.33,
    "change_cd": "keep_ok",
    "변화": "유지 충족"
   }
  },
  {
   "type": "Feature",
   "geometry": {
    "type": "Point",
    "coordinates": [
     126.93518668,
     37.52305548
    ]
   },
   "properties": {
    "pid": "여의도여자고등학교 ②(5층) 4층-10",
    "school": "여의도여자고등학교",
    "jibun": "40-2",
    "kind": "교사동 창면",
    "dong": "여의도여자고등학교 ②(5층)",
    "facade": "남향외벽",
    "floor": 4,
    "source": "일반식",
    "z_m": 11.7,
    "normal_az": 232.4,
    "s1_total_h": 4.0,
    "s1_cont_h": 3.33,
    "s1_pass_a": true,
    "s1_pass_b": true,
    "s2_total_h": 2.67,
    "s2_cont_h": 2.0,
    "s2_pass_a": true,
    "s2_pass_b": true,
    "d_total_h": -1.33,
    "d_cont_h": -1.33,
    "change_cd": "keep_ok",
    "변화": "유지 충족"
   }
  },
  {
   "type": "Feature",
   "geometry": {
    "type": "Point",
    "coordinates": [
     126.93518668,
     37.52305548
    ]
   },
   "properties": {
    "pid": "여의도여자고등학교 ②(5층) 5층-10",
    "school": "여의도여자고등학교",
    "jibun": "40-2",
    "kind": "교사동 창면",
    "dong": "여의도여자고등학교 ②(5층)",
    "facade": "남향외벽",
    "floor": 5,
    "source": "일반식",
    "z_m": 15.2,
    "normal_az": 232.4,
    "s1_total_h": 4.0,
    "s1_cont_h": 3.33,
    "s1_pass_a": true,
    "s1_pass_b": true,
    "s2_total_h": 2.67,
    "s2_cont_h": 2.0,
    "s2_pass_a": true,
    "s2_pass_b": true,
    "d_total_h": -1.33,
    "d_cont_h": -1.33,
    "change_cd": "keep_ok",
    "변화": "유지 충족"
   }
  },
  {
   "type": "Feature",
   "geometry": {
    "type": "Point",
    "coordinates": [
     126.93515199,
     37.52309131
    ]
   },
   "properties": {
    "pid": "여의도여자고등학교 ②(5층) 1층-11",
    "school": "여의도여자고등학교",
    "jibun": "40-2",
    "kind": "교사동 창면",
    "dong": "여의도여자고등학교 ②(5층)",
    "facade": "남향외벽",
    "floor": 1,
    "source": "일반식",
    "z_m": 1.2,
    "normal_az": 232.4,
    "s1_total_h": 3.83,
    "s1_cont_h": 3.33,
    "s1_pass_a": true,
    "s1_pass_b": true,
    "s2_total_h": 2.5,
    "s2_cont_h": 2.0,
    "s2_pass_a": true,
    "s2_pass_b": true,
    "d_total_h": -1.33,
    "d_cont_h": -1.33,
    "change_cd": "keep_ok",
    "변화": "유지 충족"
   }
  },
  {
   "type": "Feature",
   "geometry": {
    "type": "Point",
    "coordinates": [
     126.93515199,
     37.52309131
    ]
   },
   "properties": {
    "pid": "여의도여자고등학교 ②(5층) 2층-11",
    "school": "여의도여자고등학교",
    "jibun": "40-2",
    "kind": "교사동 창면",
    "dong": "여의도여자고등학교 ②(5층)",
    "facade": "남향외벽",
    "floor": 2,
    "source": "일반식",
    "z_m": 4.7,
    "normal_az": 232.4,
    "s1_total_h": 4.0,
    "s1_cont_h": 3.33,
    "s1_pass_a": true,
    "s1_pass_b": true,
    "s2_total_h": 2.67,
    "s2_cont_h": 2.0,
    "s2_pass_a": true,
    "s2_pass_b": true,
    "d_total_h": -1.33,
    "d_cont_h": -1.33,
    "change_cd": "keep_ok",
    "변화": "유지 충족"
   }
  },
  {
   "type": "Feature",
   "geometry": {
    "type": "Point",
    "coordinates": [
     126.93515199,
     37.52309131
    ]
   },
   "properties": {
    "pid": "여의도여자고등학교 ②(5층) 3층-11",
    "school": "여의도여자고등학교",
    "jibun": "40-2",
    "kind": "교사동 창면",
    "dong": "여의도여자고등학교 ②(5층)",
    "facade": "남향외벽",
    "floor": 3,
    "source": "일반식",
    "z_m": 8.2,
    "normal_az": 232.4,
    "s1_total_h": 4.0,
    "s1_cont_h": 3.33,
    "s1_pass_a": true,
    "s1_pass_b": true,
    "s2_total_h": 2.67,
    "s2_cont_h": 2.0,
    "s2_pass_a": true,
    "s2_pass_b": true,
    "d_total_h": -1.33,
    "d_cont_h": -1.33,
    "change_cd": "keep_ok",
    "변화": "유지 충족"
   }
  },
  {
   "type": "Feature",
   "geometry": {
    "type": "Point",
    "coordinates": [
     126.93515199,
     37.52309131
    ]
   },
   "properties": {
    "pid": "여의도여자고등학교 ②(5층) 4층-11",
    "school": "여의도여자고등학교",
    "jibun": "40-2",
    "kind": "교사동 창면",
    "dong": "여의도여자고등학교 ②(5층)",
    "facade": "남향외벽",
    "floor": 4,
    "source": "일반식",
    "z_m": 11.7,
    "normal_az": 232.4,
    "s1_total_h": 4.0,
    "s1_cont_h": 3.33,
    "s1_pass_a": true,
    "s1_pass_b": true,
    "s2_total_h": 2.67,
    "s2_cont_h": 2.0,
    "s2_pass_a": true,
    "s2_pass_b": true,
    "d_total_h": -1.33,
    "d_cont_h": -1.33,
    "change_cd": "keep_ok",
    "변화": "유지 충족"
   }
  },
  {
   "type": "Feature",
   "geometry": {
    "type": "Point",
    "coordinates": [
     126.93515199,
     37.52309131
    ]
   },
   "properties": {
    "pid": "여의도여자고등학교 ②(5층) 5층-11",
    "school": "여의도여자고등학교",
    "jibun": "40-2",
    "kind": "교사동 창면",
    "dong": "여의도여자고등학교 ②(5층)",
    "facade": "남향외벽",
    "floor": 5,
    "source": "일반식",
    "z_m": 15.2,
    "normal_az": 232.4,
    "s1_total_h": 4.0,
    "s1_cont_h": 3.33,
    "s1_pass_a": true,
    "s1_pass_b": true,
    "s2_total_h": 2.67,
    "s2_cont_h": 2.0,
    "s2_pass_a": true,
    "s2_pass_b": true,
    "d_total_h": -1.33,
    "d_cont_h": -1.33,
    "change_cd": "keep_ok",
    "변화": "유지 충족"
   }
  },
  {
   "type": "Feature",
   "geometry": {
    "type": "Point",
    "coordinates": [
     126.9351173,
     37.52312713
    ]
   },
   "properties": {
    "pid": "여의도여자고등학교 ②(5층) 1층-12",
    "school": "여의도여자고등학교",
    "jibun": "40-2",
    "kind": "교사동 창면",
    "dong": "여의도여자고등학교 ②(5층)",
    "facade": "남향외벽",
    "floor": 1,
    "source": "일반식",
    "z_m": 1.2,
    "normal_az": 232.4,
    "s1_total_h": 3.67,
    "s1_cont_h": 3.17,
    "s1_pass_a": true,
    "s1_pass_b": true,
    "s2_total_h": 2.33,
    "s2_cont_h": 1.83,
    "s2_pass_a": false,
    "s2_pass_b": false,
    "d_total_h": -1.34,
    "d_cont_h": -1.34,
    "change_cd": "new_fail",
    "변화": "신규 불충족"
   }
  },
  {
   "type": "Feature",
   "geometry": {
    "type": "Point",
    "coordinates": [
     126.9351173,
     37.52312713
    ]
   },
   "properties": {
    "pid": "여의도여자고등학교 ②(5층) 2층-12",
    "school": "여의도여자고등학교",
    "jibun": "40-2",
    "kind": "교사동 창면",
    "dong": "여의도여자고등학교 ②(5층)",
    "facade": "남향외벽",
    "floor": 2,
    "source": "일반식",
    "z_m": 4.7,
    "normal_az": 232.4,
    "s1_total_h": 3.67,
    "s1_cont_h": 3.17,
    "s1_pass_a": true,
    "s1_pass_b": true,
    "s2_total_h": 2.33,
    "s2_cont_h": 1.83,
    "s2_pass_a": false,
    "s2_pass_b": false,
    "d_total_h": -1.34,
    "d_cont_h": -1.34,
    "change_cd": "new_fail",
    "변화": "신규 불충족"
   }
  },
  {
   "type": "Feature",
   "geometry": {
    "type": "Point",
    "coordinates": [
     126.9351173,
     37.52312713
    ]
   },
   "properties": {
    "pid": "여의도여자고등학교 ②(5층) 3층-12",
    "school": "여의도여자고등학교",
    "jibun": "40-2",
    "kind": "교사동 창면",
    "dong": "여의도여자고등학교 ②(5층)",
    "facade": "남향외벽",
    "floor": 3,
    "source": "일반식",
    "z_m": 8.2,
    "normal_az": 232.4,
    "s1_total_h": 3.67,
    "s1_cont_h": 3.17,
    "s1_pass_a": true,
    "s1_pass_b": true,
    "s2_total_h": 2.33,
    "s2_cont_h": 1.83,
    "s2_pass_a": false,
    "s2_pass_b": false,
    "d_total_h": -1.34,
    "d_cont_h": -1.34,
    "change_cd": "new_fail",
    "변화": "신규 불충족"
   }
  },
  {
   "type": "Feature",
   "geometry": {
    "type": "Point",
    "coordinates": [
     126.9351173,
     37.52312713
    ]
   },
   "properties": {
    "pid": "여의도여자고등학교 ②(5층) 4층-12",
    "school": "여의도여자고등학교",
    "jibun": "40-2",
    "kind": "교사동 창면",
    "dong": "여의도여자고등학교 ②(5층)",
    "facade": "남향외벽",
    "floor": 4,
    "source": "일반식",
    "z_m": 11.7,
    "normal_az": 232.4,
    "s1_total_h": 3.67,
    "s1_cont_h": 3.17,
    "s1_pass_a": true,
    "s1_pass_b": true,
    "s2_total_h": 2.33,
    "s2_cont_h": 1.83,
    "s2_pass_a": false,
    "s2_pass_b": false,
    "d_total_h": -1.34,
    "d_cont_h": -1.34,
    "change_cd": "new_fail",
    "변화": "신규 불충족"
   }
  },
  {
   "type": "Feature",
   "geometry": {
    "type": "Point",
    "coordinates": [
     126.9351173,
     37.52312713
    ]
   },
   "properties": {
    "pid": "여의도여자고등학교 ②(5층) 5층-12",
    "school": "여의도여자고등학교",
    "jibun": "40-2",
    "kind": "교사동 창면",
    "dong": "여의도여자고등학교 ②(5층)",
    "facade": "남향외벽",
    "floor": 5,
    "source": "일반식",
    "z_m": 15.2,
    "normal_az": 232.4,
    "s1_total_h": 3.67,
    "s1_cont_h": 3.17,
    "s1_pass_a": true,
    "s1_pass_b": true,
    "s2_total_h": 2.33,
    "s2_cont_h": 1.83,
    "s2_pass_a": false,
    "s2_pass_b": false,
    "d_total_h": -1.34,
    "d_cont_h": -1.34,
    "change_cd": "new_fail",
    "변화": "신규 불충족"
   }
  },
  {
   "type": "Feature",
   "geometry": {
    "type": "Point",
    "coordinates": [
     126.9350826,
     37.52316294
    ]
   },
   "properties": {
    "pid": "여의도여자고등학교 ②(5층) 1층-13",
    "school": "여의도여자고등학교",
    "jibun": "40-2",
    "kind": "교사동 창면",
    "dong": "여의도여자고등학교 ②(5층)",
    "facade": "남향외벽",
    "floor": 1,
    "source": "일반식",
    "z_m": 1.2,
    "normal_az": 232.4,
    "s1_total_h": 3.17,
    "s1_cont_h": 3.17,
    "s1_pass_a": true,
    "s1_pass_b": true,
    "s2_total_h": 2.0,
    "s2_cont_h": 2.0,
    "s2_pass_a": true,
    "s2_pass_b": true,
    "d_total_h": -1.17,
    "d_cont_h": -1.17,
    "change_cd": "keep_ok",
    "변화": "유지 충족"
   }
  },
  {
   "type": "Feature",
   "geometry": {
    "type": "Point",
    "coordinates": [
     126.9350826,
     37.52316294
    ]
   },
   "properties": {
    "pid": "여의도여자고등학교 ②(5층) 2층-13",
    "school": "여의도여자고등학교",
    "jibun": "40-2",
    "kind": "교사동 창면",
    "dong": "여의도여자고등학교 ②(5층)",
    "facade": "남향외벽",
    "floor": 2,
    "source": "일반식",
    "z_m": 4.7,
    "normal_az": 232.4,
    "s1_total_h": 3.17,
    "s1_cont_h": 3.17,
    "s1_pass_a": true,
    "s1_pass_b": true,
    "s2_total_h": 2.0,
    "s2_cont_h": 2.0,
    "s2_pass_a": true,
    "s2_pass_b": true,
    "d_total_h": -1.17,
    "d_cont_h": -1.17,
    "change_cd": "keep_ok",
    "변화": "유지 충족"
   }
  },
  {
   "type": "Feature",
   "geometry": {
    "type": "Point",
    "coordinates": [
     126.9350826,
     37.52316294
    ]
   },
   "properties": {
    "pid": "여의도여자고등학교 ②(5층) 3층-13",
    "school": "여의도여자고등학교",
    "jibun": "40-2",
    "kind": "교사동 창면",
    "dong": "여의도여자고등학교 ②(5층)",
    "facade": "남향외벽",
    "floor": 3,
    "source": "일반식",
    "z_m": 8.2,
    "normal_az": 232.4,
    "s1_total_h": 3.17,
    "s1_cont_h": 3.17,
    "s1_pass_a": true,
    "s1_pass_b": true,
    "s2_total_h": 2.0,
    "s2_cont_h": 2.0,
    "s2_pass_a": true,
    "s2_pass_b": true,
    "d_total_h": -1.17,
    "d_cont_h": -1.17,
    "change_cd": "keep_ok",
    "변화": "유지 충족"
   }
  },
  {
   "type": "Feature",
   "geometry": {
    "type": "Point",
    "coordinates": [
     126.9350826,
     37.52316294
    ]
   },
   "properties": {
    "pid": "여의도여자고등학교 ②(5층) 4층-13",
    "school": "여의도여자고등학교",
    "jibun": "40-2",
    "kind": "교사동 창면",
    "dong": "여의도여자고등학교 ②(5층)",
    "facade": "남향외벽",
    "floor": 4,
    "source": "일반식",
    "z_m": 11.7,
    "normal_az": 232.4,
    "s1_total_h": 3.17,
    "s1_cont_h": 3.17,
    "s1_pass_a": true,
    "s1_pass_b": true,
    "s2_total_h": 2.0,
    "s2_cont_h": 2.0,
    "s2_pass_a": true,
    "s2_pass_b": true,
    "d_total_h": -1.17,
    "d_cont_h": -1.17,
    "change_cd": "keep_ok",
    "변화": "유지 충족"
   }
  },
  {
   "type": "Feature",
   "geometry": {
    "type": "Point",
    "coordinates": [
     126.9350826,
     37.52316294
    ]
   },
   "properties": {
    "pid": "여의도여자고등학교 ②(5층) 5층-13",
    "school": "여의도여자고등학교",
    "jibun": "40-2",
    "kind": "교사동 창면",
    "dong": "여의도여자고등학교 ②(5층)",
    "facade": "남향외벽",
    "floor": 5,
    "source": "일반식",
    "z_m": 15.2,
    "normal_az": 232.4,
    "s1_total_h": 3.83,
    "s1_cont_h": 3.17,
    "s1_pass_a": true,
    "s1_pass_b": true,
    "s2_total_h": 2.67,
    "s2_cont_h": 2.0,
    "s2_pass_a": true,
    "s2_pass_b": true,
    "d_total_h": -1.16,
    "d_cont_h": -1.17,
    "change_cd": "keep_ok",
    "변화": "유지 충족"
   }
  },
  {
   "type": "Feature",
   "geometry": {
    "type": "Point",
    "coordinates": [
     126.93536586,
     37.52256442
    ]
   },
   "properties": {
    "pid": "여의도여자고등학교 운동장-1",
    "school": "여의도여자고등학교",
    "jibun": "40-2",
    "kind": "운동장 지반",
    "dong": "여의도여자고등학교 운동장",
    "facade": "지반",
    "floor": 0,
    "source": "배치도 경계(래스터 계측) + 분석지점도 격자",
    "z_m": 0.0,
    "normal_az": 180.0,
    "s1_total_h": 3.0,
    "s1_cont_h": 2.17,
    "s1_pass_a": true,
    "s1_pass_b": false,
    "s2_total_h": 3.0,
    "s2_cont_h": 2.83,
    "s2_pass_a": true,
    "s2_pass_b": true,
    "d_total_h": 0.0,
    "d_cont_h": 0.66,
    "change_cd": "keep_ok",
    "변화": "유지 충족"
   }
  },
  {
   "type": "Feature",
   "geometry": {
    "type": "Point",
    "coordinates": [
     126.93530236,
     37.52262905
    ]
   },
   "properties": {
    "pid": "여의도여자고등학교 운동장-2",
    "school": "여의도여자고등학교",
    "jibun": "40-2",
    "kind": "운동장 지반",
    "dong": "여의도여자고등학교 운동장",
    "facade": "지반",
    "floor": 0,
    "source": "배치도 경계(래스터 계측) + 분석지점도 격자",
    "z_m": 0.0,
    "normal_az": 180.0,
    "s1_total_h": 3.67,
    "s1_cont_h": 2.0,
    "s1_pass_a": true,
    "s1_pass_b": false,
    "s2_total_h": 3.17,
    "s2_cont_h": 2.83,
    "s2_pass_a": true,
    "s2_pass_b": true,
    "d_total_h": -0.5,
    "d_cont_h": 0.83,
    "change_cd": "keep_ok",
    "변화": "유지 충족"
   }
  },
  {
   "type": "Feature",
   "geometry": {
    "type": "Point",
    "coordinates": [
     126.93523888,
     37.52269368
    ]
   },
   "properties": {
    "pid": "여의도여자고등학교 운동장-3",
    "school": "여의도여자고등학교",
    "jibun": "40-2",
    "kind": "운동장 지반",
    "dong": "여의도여자고등학교 운동장",
    "facade": "지반",
    "floor": 0,
    "source": "배치도 경계(래스터 계측) + 분석지점도 격자",
    "z_m": 0.0,
    "normal_az": 180.0,
    "s1_total_h": 4.0,
    "s1_cont_h": 1.83,
    "s1_pass_a": true,
    "s1_pass_b": false,
    "s2_total_h": 3.33,
    "s2_cont_h": 2.67,
    "s2_pass_a": true,
    "s2_pass_b": true,
    "d_total_h": -0.67,
    "d_cont_h": 0.84,
    "change_cd": "keep_ok",
    "변화": "유지 충족"
   }
  },
  {
   "type": "Feature",
   "geometry": {
    "type": "Point",
    "coordinates": [
     126.93517539,
     37.52275831
    ]
   },
   "properties": {
    "pid": "여의도여자고등학교 운동장-4",
    "school": "여의도여자고등학교",
    "jibun": "40-2",
    "kind": "운동장 지반",
    "dong": "여의도여자고등학교 운동장",
    "facade": "지반",
    "floor": 0,
    "source": "배치도 경계(래스터 계측) + 분석지점도 격자",
    "z_m": 0.0,
    "normal_az": 180.0,
    "s1_total_h": 4.17,
    "s1_cont_h": 1.83,
    "s1_pass_a": true,
    "s1_pass_b": false,
    "s2_total_h": 3.17,
    "s2_cont_h": 2.5,
    "s2_pass_a": true,
    "s2_pass_b": true,
    "d_total_h": -1.0,
    "d_cont_h": 0.67,
    "change_cd": "keep_ok",
    "변화": "유지 충족"
   }
  },
  {
   "type": "Feature",
   "geometry": {
    "type": "Point",
    "coordinates": [
     126.93511191,
     37.52282293
    ]
   },
   "properties": {
    "pid": "여의도여자고등학교 운동장-5",
    "school": "여의도여자고등학교",
    "jibun": "40-2",
    "kind": "운동장 지반",
    "dong": "여의도여자고등학교 운동장",
    "facade": "지반",
    "floor": 0,
    "source": "배치도 경계(래스터 계측) + 분석지점도 격자",
    "z_m": 0.0,
    "normal_az": 180.0,
    "s1_total_h": 4.33,
    "s1_cont_h": 2.0,
    "s1_pass_a": true,
    "s1_pass_b": true,
    "s2_total_h": 3.17,
    "s2_cont_h": 2.5,
    "s2_pass_a": true,
    "s2_pass_b": true,
    "d_total_h": -1.16,
    "d_cont_h": 0.5,
    "change_cd": "keep_ok",
    "변화": "유지 충족"
   }
  },
  {
   "type": "Feature",
   "geometry": {
    "type": "Point",
    "coordinates": [
     126.93504842,
     37.52288756
    ]
   },
   "properties": {
    "pid": "여의도여자고등학교 운동장-6",
    "school": "여의도여자고등학교",
    "jibun": "40-2",
    "kind": "운동장 지반",
    "dong": "여의도여자고등학교 운동장",
    "facade": "지반",
    "floor": 0,
    "source": "배치도 경계(래스터 계측) + 분석지점도 격자",
    "z_m": 0.0,
    "normal_az": 180.0,
    "s1_total_h": 4.33,
    "s1_cont_h": 2.33,
    "s1_pass_a": true,
    "s1_pass_b": true,
    "s2_total_h": 3.0,
    "s2_cont_h": 2.33,
    "s2_pass_a": true,
    "s2_pass_b": true,
    "d_total_h": -1.33,
    "d_cont_h": 0.0,
    "change_cd": "keep_ok",
    "변화": "유지 충족"
   }
  },
  {
   "type": "Feature",
   "geometry": {
    "type": "Point",
    "coordinates": [
     126.93527786,
     37.52250959
    ]
   },
   "properties": {
    "pid": "여의도여자고등학교 운동장-7",
    "school": "여의도여자고등학교",
    "jibun": "40-2",
    "kind": "운동장 지반",
    "dong": "여의도여자고등학교 운동장",
    "facade": "지반",
    "floor": 0,
    "source": "배치도 경계(래스터 계측) + 분석지점도 격자",
    "z_m": 0.0,
    "normal_az": 180.0,
    "s1_total_h": 2.67,
    "s1_cont_h": 1.17,
    "s1_pass_a": false,
    "s1_pass_b": false,
    "s2_total_h": 3.33,
    "s2_cont_h": 3.17,
    "s2_pass_a": true,
    "s2_pass_b": true,
    "d_total_h": 0.66,
    "d_cont_h": 2.0,
    "change_cd": "new_ok",
    "변화": "신규 충족"
   }
  },
  {
   "type": "Feature",
   "geometry": {
    "type": "Point",
    "coordinates": [
     126.93521437,
     37.52257422
    ]
   },
   "properties": {
    "pid": "여의도여자고등학교 운동장-8",
    "school": "여의도여자고등학교",
    "jibun": "40-2",
    "kind": "운동장 지반",
    "dong": "여의도여자고등학교 운동장",
    "facade": "지반",
    "floor": 0,
    "source": "배치도 경계(래스터 계측) + 분석지점도 격자",
    "z_m": 0.0,
    "normal_az": 180.0,
    "s1_total_h": 3.83,
    "s1_cont_h": 1.67,
    "s1_pass_a": false,
    "s1_pass_b": false,
    "s2_total_h": 3.5,
    "s2_cont_h": 3.17,
    "s2_pass_a": true,
    "s2_pass_b": true,
    "d_total_h": -0.33,
    "d_cont_h": 1.5,
    "change_cd": "new_ok",
    "변화": "신규 충족"
   }
  },
  {
   "type": "Feature",
   "geometry": {
    "type": "Point",
    "coordinates": [
     126.93515089,
     37.52263884
    ]
   },
   "properties": {
    "pid": "여의도여자고등학교 운동장-9",
    "school": "여의도여자고등학교",
    "jibun": "40-2",
    "kind": "운동장 지반",
    "dong": "여의도여자고등학교 운동장",
    "facade": "지반",
    "floor": 0,
    "source": "배치도 경계(래스터 계측) + 분석지점도 격자",
    "z_m": 0.0,
    "normal_az": 180.0,
    "s1_total_h": 4.67,
    "s1_cont_h": 2.33,
    "s1_pass_a": true,
    "s1_pass_b": true,
    "s2_total_h": 3.67,
    "s2_cont_h": 3.17,
    "s2_pass_a": true,
    "s2_pass_b": true,
    "d_total_h": -1.0,
    "d_cont_h": 0.84,
    "change_cd": "keep_ok",
    "변화": "유지 충족"
   }
  },
  {
   "type": "Feature",
   "geometry": {
    "type": "Point",
    "coordinates": [
     126.93508741,
     37.52270347
    ]
   },
   "properties": {
    "pid": "여의도여자고등학교 운동장-10",
    "school": "여의도여자고등학교",
    "jibun": "40-2",
    "kind": "운동장 지반",
    "dong": "여의도여자고등학교 운동장",
    "facade": "지반",
    "floor": 0,
    "source": "배치도 경계(래스터 계측) + 분석지점도 격자",
    "z_m": 0.0,
    "normal_az": 180.0,
    "s1_total_h": 4.5,
    "s1_cont_h": 2.17,
    "s1_pass_a": true,
    "s1_pass_b": true,
    "s2_total_h": 3.5,
    "s2_cont_h": 2.83,
    "s2_pass_a": true,
    "s2_pass_b": true,
    "d_total_h": -1.0,
    "d_cont_h": 0.66,
    "change_cd": "keep_ok",
    "변화": "유지 충족"
   }
  },
  {
   "type": "Feature",
   "geometry": {
    "type": "Point",
    "coordinates": [
     126.93502392,
     37.5227681
    ]
   },
   "properties": {
    "pid": "여의도여자고등학교 운동장-11",
    "school": "여의도여자고등학교",
    "jibun": "40-2",
    "kind": "운동장 지반",
    "dong": "여의도여자고등학교 운동장",
    "facade": "지반",
    "floor": 0,
    "source": "배치도 경계(래스터 계측) + 분석지점도 격자",
    "z_m": 0.0,
    "normal_az": 180.0,
    "s1_total_h": 4.17,
    "s1_cont_h": 2.17,
    "s1_pass_a": true,
    "s1_pass_b": true,
    "s2_total_h": 3.33,
    "s2_cont_h": 2.67,
    "s2_pass_a": true,
    "s2_pass_b": true,
    "d_total_h": -0.84,
    "d_cont_h": 0.5,
    "change_cd": "keep_ok",
    "변화": "유지 충족"
   }
  },
  {
   "type": "Feature",
   "geometry": {
    "type": "Point",
    "coordinates": [
     126.93496042,
     37.52283273
    ]
   },
   "properties": {
    "pid": "여의도여자고등학교 운동장-12",
    "school": "여의도여자고등학교",
    "jibun": "40-2",
    "kind": "운동장 지반",
    "dong": "여의도여자고등학교 운동장",
    "facade": "지반",
    "floor": 0,
    "source": "배치도 경계(래스터 계측) + 분석지점도 격자",
    "z_m": 0.0,
    "normal_az": 180.0,
    "s1_total_h": 4.0,
    "s1_cont_h": 2.17,
    "s1_pass_a": true,
    "s1_pass_b": true,
    "s2_total_h": 3.33,
    "s2_cont_h": 2.67,
    "s2_pass_a": true,
    "s2_pass_b": true,
    "d_total_h": -0.67,
    "d_cont_h": 0.5,
    "change_cd": "keep_ok",
    "변화": "유지 충족"
   }
  },
  {
   "type": "Feature",
   "geometry": {
    "type": "Point",
    "coordinates": [
     126.93518987,
     37.52245476
    ]
   },
   "properties": {
    "pid": "여의도여자고등학교 운동장-13",
    "school": "여의도여자고등학교",
    "jibun": "40-2",
    "kind": "운동장 지반",
    "dong": "여의도여자고등학교 운동장",
    "facade": "지반",
    "floor": 0,
    "source": "배치도 경계(래스터 계측) + 분석지점도 격자",
    "z_m": 0.0,
    "normal_az": 180.0,
    "s1_total_h": 2.0,
    "s1_cont_h": 1.83,
    "s1_pass_a": false,
    "s1_pass_b": false,
    "s2_total_h": 4.0,
    "s2_cont_h": 3.83,
    "s2_pass_a": true,
    "s2_pass_b": true,
    "d_total_h": 2.0,
    "d_cont_h": 2.0,
    "change_cd": "new_ok",
    "변화": "신규 충족"
   }
  },
  {
   "type": "Feature",
   "geometry": {
    "type": "Point",
    "coordinates": [
     126.93512638,
     37.52251938
    ]
   },
   "properties": {
    "pid": "여의도여자고등학교 운동장-14",
    "school": "여의도여자고등학교",
    "jibun": "40-2",
    "kind": "운동장 지반",
    "dong": "여의도여자고등학교 운동장",
    "facade": "지반",
    "floor": 0,
    "source": "배치도 경계(래스터 계측) + 분석지점도 격자",
    "z_m": 0.0,
    "normal_az": 180.0,
    "s1_total_h": 2.67,
    "s1_cont_h": 2.17,
    "s1_pass_a": true,
    "s1_pass_b": true,
    "s2_total_h": 3.83,
    "s2_cont_h": 3.5,
    "s2_pass_a": true,
    "s2_pass_b": true,
    "d_total_h": 1.16,
    "d_cont_h": 1.33,
    "change_cd": "keep_ok",
    "변화": "유지 충족"
   }
  },
  {
   "type": "Feature",
   "geometry": {
    "type": "Point",
    "coordinates": [
     126.93506289,
     37.52258401
    ]
   },
   "properties": {
    "pid": "여의도여자고등학교 운동장-15",
    "school": "여의도여자고등학교",
    "jibun": "40-2",
    "kind": "운동장 지반",
    "dong": "여의도여자고등학교 운동장",
    "facade": "지반",
    "floor": 0,
    "source": "배치도 경계(래스터 계측) + 분석지점도 격자",
    "z_m": 0.0,
    "normal_az": 180.0,
    "s1_total_h": 3.83,
    "s1_cont_h": 2.33,
    "s1_pass_a": true,
    "s1_pass_b": true,
    "s2_total_h": 4.0,
    "s2_cont_h": 3.33,
    "s2_pass_a": true,
    "s2_pass_b": true,
    "d_total_h": 0.17,
    "d_cont_h": 1.0,
    "change_cd": "keep_ok",
    "변화": "유지 충족"
   }
  },
  {
   "type": "Feature",
   "geometry": {
    "type": "Point",
    "coordinates": [
     126.93499941,
     37.52264864
    ]
   },
   "properties": {
    "pid": "여의도여자고등학교 운동장-16",
    "school": "여의도여자고등학교",
    "jibun": "40-2",
    "kind": "운동장 지반",
    "dong": "여의도여자고등학교 운동장",
    "facade": "지반",
    "floor": 0,
    "source": "배치도 경계(래스터 계측) + 분석지점도 격자",
    "z_m": 0.0,
    "normal_az": 180.0,
    "s1_total_h": 4.5,
    "s1_cont_h": 2.83,
    "s1_pass_a": true,
    "s1_pass_b": true,
    "s2_total_h": 4.0,
    "s2_cont_h": 3.17,
    "s2_pass_a": true,
    "s2_pass_b": true,
    "d_total_h": -0.5,
    "d_cont_h": 0.34,
    "change_cd": "keep_ok",
    "변화": "유지 충족"
   }
  },
  {
   "type": "Feature",
   "geometry": {
    "type": "Point",
    "coordinates": [
     126.93493592,
     37.52271327
    ]
   },
   "properties": {
    "pid": "여의도여자고등학교 운동장-17",
    "school": "여의도여자고등학교",
    "jibun": "40-2",
    "kind": "운동장 지반",
    "dong": "여의도여자고등학교 운동장",
    "facade": "지반",
    "floor": 0,
    "source": "배치도 경계(래스터 계측) + 분석지점도 격자",
    "z_m": 0.0,
    "normal_az": 180.0,
    "s1_total_h": 4.5,
    "s1_cont_h": 2.83,
    "s1_pass_a": true,
    "s1_pass_b": true,
    "s2_total_h": 3.67,
    "s2_cont_h": 3.0,
    "s2_pass_a": true,
    "s2_pass_b": true,
    "d_total_h": -0.83,
    "d_cont_h": 0.17,
    "change_cd": "keep_ok",
    "변화": "유지 충족"
   }
  },
  {
   "type": "Feature",
   "geometry": {
    "type": "Point",
    "coordinates": [
     126.93487244,
     37.52277789
    ]
   },
   "properties": {
    "pid": "여의도여자고등학교 운동장-18",
    "school": "여의도여자고등학교",
    "jibun": "40-2",
    "kind": "운동장 지반",
    "dong": "여의도여자고등학교 운동장",
    "facade": "지반",
    "floor": 0,
    "source": "배치도 경계(래스터 계측) + 분석지점도 격자",
    "z_m": 0.0,
    "normal_az": 180.0,
    "s1_total_h": 4.33,
    "s1_cont_h": 2.67,
    "s1_pass_a": true,
    "s1_pass_b": true,
    "s2_total_h": 3.5,
    "s2_cont_h": 2.83,
    "s2_pass_a": true,
    "s2_pass_b": true,
    "d_total_h": -0.83,
    "d_cont_h": 0.16,
    "change_cd": "keep_ok",
    "변화": "유지 충족"
   }
  },
  {
   "type": "Feature",
   "geometry": {
    "type": "Point",
    "coordinates": [
     126.93510188,
     37.52239992
    ]
   },
   "properties": {
    "pid": "여의도여자고등학교 운동장-19",
    "school": "여의도여자고등학교",
    "jibun": "40-2",
    "kind": "운동장 지반",
    "dong": "여의도여자고등학교 운동장",
    "facade": "지반",
    "floor": 0,
    "source": "배치도 경계(래스터 계측) + 분석지점도 격자",
    "z_m": 0.0,
    "normal_az": 180.0,
    "s1_total_h": 2.67,
    "s1_cont_h": 2.33,
    "s1_pass_a": true,
    "s1_pass_b": true,
    "s2_total_h": 4.5,
    "s2_cont_h": 4.17,
    "s2_pass_a": true,
    "s2_pass_b": true,
    "d_total_h": 1.83,
    "d_cont_h": 1.84,
    "change_cd": "keep_ok",
    "변화": "유지 충족"
   }
  },
  {
   "type": "Feature",
   "geometry": {
    "type": "Point",
    "coordinates": [
     126.93503839,
     37.52246455
    ]
   },
   "properties": {
    "pid": "여의도여자고등학교 운동장-20",
    "school": "여의도여자고등학교",
    "jibun": "40-2",
    "kind": "운동장 지반",
    "dong": "여의도여자고등학교 운동장",
    "facade": "지반",
    "floor": 0,
    "source": "배치도 경계(래스터 계측) + 분석지점도 격자",
    "z_m": 0.0,
    "normal_az": 180.0,
    "s1_total_h": 2.83,
    "s1_cont_h": 2.33,
    "s1_pass_a": true,
    "s1_pass_b": true,
    "s2_total_h": 4.5,
    "s2_cont_h": 4.0,
    "s2_pass_a": true,
    "s2_pass_b": true,
    "d_total_h": 1.67,
    "d_cont_h": 1.67,
    "change_cd": "keep_ok",
    "변화": "유지 충족"
   }
  },
  {
   "type": "Feature",
   "geometry": {
    "type": "Point",
    "coordinates": [
     126.93497491,
     37.52252918
    ]
   },
   "properties": {
    "pid": "여의도여자고등학교 운동장-21",
    "school": "여의도여자고등학교",
    "jibun": "40-2",
    "kind": "운동장 지반",
    "dong": "여의도여자고등학교 운동장",
    "facade": "지반",
    "floor": 0,
    "source": "배치도 경계(래스터 계측) + 분석지점도 격자",
    "z_m": 0.0,
    "normal_az": 180.0,
    "s1_total_h": 3.33,
    "s1_cont_h": 2.33,
    "s1_pass_a": true,
    "s1_pass_b": true,
    "s2_total_h": 4.5,
    "s2_cont_h": 3.67,
    "s2_pass_a": true,
    "s2_pass_b": true,
    "d_total_h": 1.17,
    "d_cont_h": 1.34,
    "change_cd": "keep_ok",
    "변화": "유지 충족"
   }
  },
  {
   "type": "Feature",
   "geometry": {
    "type": "Point",
    "coordinates": [
     126.93491142,
     37.52259381
    ]
   },
   "properties": {
    "pid": "여의도여자고등학교 운동장-22",
    "school": "여의도여자고등학교",
    "jibun": "40-2",
    "kind": "운동장 지반",
    "dong": "여의도여자고등학교 운동장",
    "facade": "지반",
    "floor": 0,
    "source": "배치도 경계(래스터 계측) + 분석지점도 격자",
    "z_m": 0.0,
    "normal_az": 180.0,
    "s1_total_h": 4.0,
    "s1_cont_h": 2.33,
    "s1_pass_a": true,
    "s1_pass_b": true,
    "s2_total_h": 4.33,
    "s2_cont_h": 3.5,
    "s2_pass_a": true,
    "s2_pass_b": true,
    "d_total_h": 0.33,
    "d_cont_h": 1.17,
    "change_cd": "keep_ok",
    "변화": "유지 충족"
   }
  },
  {
   "type": "Feature",
   "geometry": {
    "type": "Point",
    "coordinates": [
     126.93484794,
     37.52265843
    ]
   },
   "properties": {
    "pid": "여의도여자고등학교 운동장-23",
    "school": "여의도여자고등학교",
    "jibun": "40-2",
    "kind": "운동장 지반",
    "dong": "여의도여자고등학교 운동장",
    "facade": "지반",
    "floor": 0,
    "source": "배치도 경계(래스터 계측) + 분석지점도 격자",
    "z_m": 0.0,
    "normal_az": 180.0,
    "s1_total_h": 4.17,
    "s1_cont_h": 3.33,
    "s1_pass_a": true,
    "s1_pass_b": true,
    "s2_total_h": 4.0,
    "s2_cont_h": 3.17,
    "s2_pass_a": true,
    "s2_pass_b": true,
    "d_total_h": -0.17,
    "d_cont_h": -0.16,
    "change_cd": "keep_ok",
    "변화": "유지 충족"
   }
  },
  {
   "type": "Feature",
   "geometry": {
    "type": "Point",
    "coordinates": [
     126.93478444,
     37.52272306
    ]
   },
   "properties": {
    "pid": "여의도여자고등학교 운동장-24",
    "school": "여의도여자고등학교",
    "jibun": "40-2",
    "kind": "운동장 지반",
    "dong": "여의도여자고등학교 운동장",
    "facade": "지반",
    "floor": 0,
    "source": "배치도 경계(래스터 계측) + 분석지점도 격자",
    "z_m": 0.0,
    "normal_az": 180.0,
    "s1_total_h": 4.17,
    "s1_cont_h": 3.17,
    "s1_pass_a": true,
    "s1_pass_b": true,
    "s2_total_h": 3.67,
    "s2_cont_h": 3.0,
    "s2_pass_a": true,
    "s2_pass_b": true,
    "d_total_h": -0.5,
    "d_cont_h": -0.17,
    "change_cd": "keep_ok",
    "변화": "유지 충족"
   }
  },
  {
   "type": "Feature",
   "geometry": {
    "type": "Point",
    "coordinates": [
     126.93501389,
     37.52234509
    ]
   },
   "properties": {
    "pid": "여의도여자고등학교 운동장-25",
    "school": "여의도여자고등학교",
    "jibun": "40-2",
    "kind": "운동장 지반",
    "dong": "여의도여자고등학교 운동장",
    "facade": "지반",
    "floor": 0,
    "source": "배치도 경계(래스터 계측) + 분석지점도 격자",
    "z_m": 0.0,
    "normal_az": 180.0,
    "s1_total_h": 2.33,
    "s1_cont_h": 2.17,
    "s1_pass_a": true,
    "s1_pass_b": true,
    "s2_total_h": 4.83,
    "s2_cont_h": 4.67,
    "s2_pass_a": true,
    "s2_pass_b": true,
    "d_total_h": 2.5,
    "d_cont_h": 2.5,
    "change_cd": "keep_ok",
    "변화": "유지 충족"
   }
  },
  {
   "type": "Feature",
   "geometry": {
    "type": "Point",
    "coordinates": [
     126.9349504,
     37.52240972
    ]
   },
   "properties": {
    "pid": "여의도여자고등학교 운동장-26",
    "school": "여의도여자고등학교",
    "jibun": "40-2",
    "kind": "운동장 지반",
    "dong": "여의도여자고등학교 운동장",
    "facade": "지반",
    "floor": 0,
    "source": "배치도 경계(래스터 계측) + 분석지점도 격자",
    "z_m": 0.0,
    "normal_az": 180.0,
    "s1_total_h": 2.83,
    "s1_cont_h": 2.0,
    "s1_pass_a": true,
    "s1_pass_b": true,
    "s2_total_h": 5.0,
    "s2_cont_h": 4.5,
    "s2_pass_a": true,
    "s2_pass_b": true,
    "d_total_h": 2.17,
    "d_cont_h": 2.5,
    "change_cd": "keep_ok",
    "변화": "유지 충족"
   }
  },
  {
   "type": "Feature",
   "geometry": {
    "type": "Point",
    "coordinates": [
     126.93488691,
     37.52247434
    ]
   },
   "properties": {
    "pid": "여의도여자고등학교 운동장-27",
    "school": "여의도여자고등학교",
    "jibun": "40-2",
    "kind": "운동장 지반",
    "dong": "여의도여자고등학교 운동장",
    "facade": "지반",
    "floor": 0,
    "source": "배치도 경계(래스터 계측) + 분석지점도 격자",
    "z_m": 0.0,
    "normal_az": 180.0,
    "s1_total_h": 3.17,
    "s1_cont_h": 2.0,
    "s1_pass_a": true,
    "s1_pass_b": true,
    "s2_total_h": 4.67,
    "s2_cont_h": 4.0,
    "s2_pass_a": true,
    "s2_pass_b": true,
    "d_total_h": 1.5,
    "d_cont_h": 2.0,
    "change_cd": "keep_ok",
    "변화": "유지 충족"
   }
  },
  {
   "type": "Feature",
   "geometry": {
    "type": "Point",
    "coordinates": [
     126.93482343,
     37.52253897
    ]
   },
   "properties": {
    "pid": "여의도여자고등학교 운동장-28",
    "school": "여의도여자고등학교",
    "jibun": "40-2",
    "kind": "운동장 지반",
    "dong": "여의도여자고등학교 운동장",
    "facade": "지반",
    "floor": 0,
    "source": "배치도 경계(래스터 계측) + 분석지점도 격자",
    "z_m": 0.0,
    "normal_az": 180.0,
    "s1_total_h": 3.33,
    "s1_cont_h": 1.83,
    "s1_pass_a": false,
    "s1_pass_b": false,
    "s2_total_h": 4.67,
    "s2_cont_h": 3.83,
    "s2_pass_a": true,
    "s2_pass_b": true,
    "d_total_h": 1.34,
    "d_cont_h": 2.0,
    "change_cd": "new_ok",
    "변화": "신규 충족"
   }
  },
  {
   "type": "Feature",
   "geometry": {
    "type": "Point",
    "coordinates": [
     126.93475994,
     37.5226036
    ]
   },
   "properties": {
    "pid": "여의도여자고등학교 운동장-29",
    "school": "여의도여자고등학교",
    "jibun": "40-2",
    "kind": "운동장 지반",
    "dong": "여의도여자고등학교 운동장",
    "facade": "지반",
    "floor": 0,
    "source": "배치도 경계(래스터 계측) + 분석지점도 격자",
    "z_m": 0.0,
    "normal_az": 180.0,
    "s1_total_h": 4.0,
    "s1_cont_h": 1.83,
    "s1_pass_a": true,
    "s1_pass_b": false,
    "s2_total_h": 4.33,
    "s2_cont_h": 3.5,
    "s2_pass_a": true,
    "s2_pass_b": true,
    "d_total_h": 0.33,
    "d_cont_h": 1.67,
    "change_cd": "keep_ok",
    "변화": "유지 충족"
   }
  },
  {
   "type": "Feature",
   "geometry": {
    "type": "Point",
    "coordinates": [
     126.93469646,
     37.52266823
    ]
   },
   "properties": {
    "pid": "여의도여자고등학교 운동장-30",
    "school": "여의도여자고등학교",
    "jibun": "40-2",
    "kind": "운동장 지반",
    "dong": "여의도여자고등학교 운동장",
    "facade": "지반",
    "floor": 0,
    "source": "배치도 경계(래스터 계측) + 분석지점도 격자",
    "z_m": 0.0,
    "normal_az": 180.0,
    "s1_total_h": 4.0,
    "s1_cont_h": 3.33,
    "s1_pass_a": true,
    "s1_pass_b": true,
    "s2_total_h": 4.0,
    "s2_cont_h": 3.33,
    "s2_pass_a": true,
    "s2_pass_b": true,
    "d_total_h": 0.0,
    "d_cont_h": 0.0,
    "change_cd": "keep_ok",
    "변화": "유지 충족"
   }
  },
  {
   "type": "Feature",
   "geometry": {
    "type": "Point",
    "coordinates": [
     126.9349259,
     37.52229026
    ]
   },
   "properties": {
    "pid": "여의도여자고등학교 운동장-31",
    "school": "여의도여자고등학교",
    "jibun": "40-2",
    "kind": "운동장 지반",
    "dong": "여의도여자고등학교 운동장",
    "facade": "지반",
    "floor": 0,
    "source": "배치도 경계(래스터 계측) + 분석지점도 격자",
    "z_m": 0.0,
    "normal_az": 180.0,
    "s1_total_h": 2.17,
    "s1_cont_h": 1.5,
    "s1_pass_a": false,
    "s1_pass_b": false,
    "s2_total_h": 5.0,
    "s2_cont_h": 4.67,
    "s2_pass_a": true,
    "s2_pass_b": true,
    "d_total_h": 2.83,
    "d_cont_h": 3.17,
    "change_cd": "new_ok",
    "변화": "신규 충족"
   }
  },
  {
   "type": "Feature",
   "geometry": {
    "type": "Point",
    "coordinates": [
     126.93486241,
     37.52235488
    ]
   },
   "properties": {
    "pid": "여의도여자고등학교 운동장-32",
    "school": "여의도여자고등학교",
    "jibun": "40-2",
    "kind": "운동장 지반",
    "dong": "여의도여자고등학교 운동장",
    "facade": "지반",
    "floor": 0,
    "source": "배치도 경계(래스터 계측) + 분석지점도 격자",
    "z_m": 0.0,
    "normal_az": 180.0,
    "s1_total_h": 3.0,
    "s1_cont_h": 1.5,
    "s1_pass_a": false,
    "s1_pass_b": false,
    "s2_total_h": 5.0,
    "s2_cont_h": 4.33,
    "s2_pass_a": true,
    "s2_pass_b": true,
    "d_total_h": 2.0,
    "d_cont_h": 2.83,
    "change_cd": "new_ok",
    "변화": "신규 충족"
   }
  },
  {
   "type": "Feature",
   "geometry": {
    "type": "Point",
    "coordinates": [
     126.93479893,
     37.52241951
    ]
   },
   "properties": {
    "pid": "여의도여자고등학교 운동장-33",
    "school": "여의도여자고등학교",
    "jibun": "40-2",
    "kind": "운동장 지반",
    "dong": "여의도여자고등학교 운동장",
    "facade": "지반",
    "floor": 0,
    "source": "배치도 경계(래스터 계측) + 분석지점도 격자",
    "z_m": 0.0,
    "normal_az": 180.0,
    "s1_total_h": 3.33,
    "s1_cont_h": 1.5,
    "s1_pass_a": false,
    "s1_pass_b": false,
    "s2_total_h": 5.0,
    "s2_cont_h": 4.17,
    "s2_pass_a": true,
    "s2_pass_b": true,
    "d_total_h": 1.67,
    "d_cont_h": 2.67,
    "change_cd": "new_ok",
    "변화": "신규 충족"
   }
  },
  {
   "type": "Feature",
   "geometry": {
    "type": "Point",
    "coordinates": [
     126.93473544,
     37.52248414
    ]
   },
   "properties": {
    "pid": "여의도여자고등학교 운동장-34",
    "school": "여의도여자고등학교",
    "jibun": "40-2",
    "kind": "운동장 지반",
    "dong": "여의도여자고등학교 운동장",
    "facade": "지반",
    "floor": 0,
    "source": "배치도 경계(래스터 계측) + 분석지점도 격자",
    "z_m": 0.0,
    "normal_az": 180.0,
    "s1_total_h": 3.33,
    "s1_cont_h": 1.5,
    "s1_pass_a": false,
    "s1_pass_b": false,
    "s2_total_h": 4.67,
    "s2_cont_h": 3.83,
    "s2_pass_a": true,
    "s2_pass_b": true,
    "d_total_h": 1.34,
    "d_cont_h": 2.33,
    "change_cd": "new_ok",
    "변화": "신규 충족"
   }
  },
  {
   "type": "Feature",
   "geometry": {
    "type": "Point",
    "coordinates": [
     126.93467196,
     37.52254877
    ]
   },
   "properties": {
    "pid": "여의도여자고등학교 운동장-35",
    "school": "여의도여자고등학교",
    "jibun": "40-2",
    "kind": "운동장 지반",
    "dong": "여의도여자고등학교 운동장",
    "facade": "지반",
    "floor": 0,
    "source": "배치도 경계(래스터 계측) + 분석지점도 격자",
    "z_m": 0.0,
    "normal_az": 180.0,
    "s1_total_h": 3.33,
    "s1_cont_h": 1.33,
    "s1_pass_a": false,
    "s1_pass_b": false,
    "s2_total_h": 4.5,
    "s2_cont_h": 3.67,
    "s2_pass_a": true,
    "s2_pass_b": true,
    "d_total_h": 1.17,
    "d_cont_h": 2.34,
    "change_cd": "new_ok",
    "변화": "신규 충족"
   }
  },
  {
   "type": "Feature",
   "geometry": {
    "type": "Point",
    "coordinates": [
     126.93460846,
     37.52261339
    ]
   },
   "properties": {
    "pid": "여의도여자고등학교 운동장-36",
    "school": "여의도여자고등학교",
    "jibun": "40-2",
    "kind": "운동장 지반",
    "dong": "여의도여자고등학교 운동장",
    "facade": "지반",
    "floor": 0,
    "source": "배치도 경계(래스터 계측) + 분석지점도 격자",
    "z_m": 0.0,
    "normal_az": 180.0,
    "s1_total_h": 3.5,
    "s1_cont_h": 1.33,
    "s1_pass_a": false,
    "s1_pass_b": false,
    "s2_total_h": 4.33,
    "s2_cont_h": 3.5,
    "s2_pass_a": true,
    "s2_pass_b": true,
    "d_total_h": 0.83,
    "d_cont_h": 2.17,
    "change_cd": "new_ok",
    "변화": "신규 충족"
   }
  },
  {
   "type": "Feature",
   "geometry": {
    "type": "Point",
    "coordinates": [
     126.93483791,
     37.52223542
    ]
   },
   "properties": {
    "pid": "여의도여자고등학교 운동장-37",
    "school": "여의도여자고등학교",
    "jibun": "40-2",
    "kind": "운동장 지반",
    "dong": "여의도여자고등학교 운동장",
    "facade": "지반",
    "floor": 0,
    "source": "배치도 경계(래스터 계측) + 분석지점도 격자",
    "z_m": 0.0,
    "normal_az": 180.0,
    "s1_total_h": 1.83,
    "s1_cont_h": 1.33,
    "s1_pass_a": false,
    "s1_pass_b": false,
    "s2_total_h": 4.83,
    "s2_cont_h": 4.33,
    "s2_pass_a": true,
    "s2_pass_b": true,
    "d_total_h": 3.0,
    "d_cont_h": 3.0,
    "change_cd": "new_ok",
    "변화": "신규 충족"
   }
  },
  {
   "type": "Feature",
   "geometry": {
    "type": "Point",
    "coordinates": [
     126.93477441,
     37.52230005
    ]
   },
   "properties": {
    "pid": "여의도여자고등학교 운동장-38",
    "school": "여의도여자고등학교",
    "jibun": "40-2",
    "kind": "운동장 지반",
    "dong": "여의도여자고등학교 운동장",
    "facade": "지반",
    "floor": 0,
    "source": "배치도 경계(래스터 계측) + 분석지점도 격자",
    "z_m": 0.0,
    "normal_az": 180.0,
    "s1_total_h": 2.67,
    "s1_cont_h": 1.5,
    "s1_pass_a": false,
    "s1_pass_b": false,
    "s2_total_h": 4.67,
    "s2_cont_h": 4.0,
    "s2_pass_a": true,
    "s2_pass_b": true,
    "d_total_h": 2.0,
    "d_cont_h": 2.5,
    "change_cd": "new_ok",
    "변화": "신규 충족"
   }
  },
  {
   "type": "Feature",
   "geometry": {
    "type": "Point",
    "coordinates": [
     126.93471093,
     37.52236468
    ]
   },
   "properties": {
    "pid": "여의도여자고등학교 운동장-39",
    "school": "여의도여자고등학교",
    "jibun": "40-2",
    "kind": "운동장 지반",
    "dong": "여의도여자고등학교 운동장",
    "facade": "지반",
    "floor": 0,
    "source": "배치도 경계(래스터 계측) + 분석지점도 격자",
    "z_m": 0.0,
    "normal_az": 180.0,
    "s1_total_h": 3.33,
    "s1_cont_h": 1.67,
    "s1_pass_a": false,
    "s1_pass_b": false,
    "s2_total_h": 4.83,
    "s2_cont_h": 3.83,
    "s2_pass_a": true,
    "s2_pass_b": true,
    "d_total_h": 1.5,
    "d_cont_h": 2.16,
    "change_cd": "new_ok",
    "변화": "신규 충족"
   }
  },
  {
   "type": "Feature",
   "geometry": {
    "type": "Point",
    "coordinates": [
     126.93464745,
     37.52242931
    ]
   },
   "properties": {
    "pid": "여의도여자고등학교 운동장-40",
    "school": "여의도여자고등학교",
    "jibun": "40-2",
    "kind": "운동장 지반",
    "dong": "여의도여자고등학교 운동장",
    "facade": "지반",
    "floor": 0,
    "source": "배치도 경계(래스터 계측) + 분석지점도 격자",
    "z_m": 0.0,
    "normal_az": 180.0,
    "s1_total_h": 3.33,
    "s1_cont_h": 1.67,
    "s1_pass_a": false,
    "s1_pass_b": false,
    "s2_total_h": 4.67,
    "s2_cont_h": 3.67,
    "s2_pass_a": true,
    "s2_pass_b": true,
    "d_total_h": 1.34,
    "d_cont_h": 2.0,
    "change_cd": "new_ok",
    "변화": "신규 충족"
   }
  },
  {
   "type": "Feature",
   "geometry": {
    "type": "Point",
    "coordinates": [
     126.93458396,
     37.52249393
    ]
   },
   "properties": {
    "pid": "여의도여자고등학교 운동장-41",
    "school": "여의도여자고등학교",
    "jibun": "40-2",
    "kind": "운동장 지반",
    "dong": "여의도여자고등학교 운동장",
    "facade": "지반",
    "floor": 0,
    "source": "배치도 경계(래스터 계측) + 분석지점도 격자",
    "z_m": 0.0,
    "normal_az": 180.0,
    "s1_total_h": 3.5,
    "s1_cont_h": 1.67,
    "s1_pass_a": false,
    "s1_pass_b": false,
    "s2_total_h": 4.5,
    "s2_cont_h": 3.5,
    "s2_pass_a": true,
    "s2_pass_b": true,
    "d_total_h": 1.0,
    "d_cont_h": 1.83,
    "change_cd": "new_ok",
    "변화": "신규 충족"
   }
  },
  {
   "type": "Feature",
   "geometry": {
    "type": "Point",
    "coordinates": [
     126.93452048,
     37.52255856
    ]
   },
   "properties": {
    "pid": "여의도여자고등학교 운동장-42",
    "school": "여의도여자고등학교",
    "jibun": "40-2",
    "kind": "운동장 지반",
    "dong": "여의도여자고등학교 운동장",
    "facade": "지반",
    "floor": 0,
    "source": "배치도 경계(래스터 계측) + 분석지점도 격자",
    "z_m": 0.0,
    "normal_az": 180.0,
    "s1_total_h": 3.17,
    "s1_cont_h": 1.5,
    "s1_pass_a": false,
    "s1_pass_b": false,
    "s2_total_h": 4.17,
    "s2_cont_h": 3.33,
    "s2_pass_a": true,
    "s2_pass_b": true,
    "d_total_h": 1.0,
    "d_cont_h": 1.83,
    "change_cd": "new_ok",
    "변화": "신규 충족"
   }
  },
  {
   "type": "Feature",
   "geometry": {
    "type": "Point",
    "coordinates": [
     126.93474991,
     37.52218059
    ]
   },
   "properties": {
    "pid": "여의도여자고등학교 운동장-43",
    "school": "여의도여자고등학교",
    "jibun": "40-2",
    "kind": "운동장 지반",
    "dong": "여의도여자고등학교 운동장",
    "facade": "지반",
    "floor": 0,
    "source": "배치도 경계(래스터 계측) + 분석지점도 격자",
    "z_m": 0.0,
    "normal_az": 180.0,
    "s1_total_h": 3.5,
    "s1_cont_h": 2.83,
    "s1_pass_a": true,
    "s1_pass_b": true,
    "s2_total_h": 4.83,
    "s2_cont_h": 4.17,
    "s2_pass_a": true,
    "s2_pass_b": true,
    "d_total_h": 1.33,
    "d_cont_h": 1.34,
    "change_cd": "keep_ok",
    "변화": "유지 충족"
   }
  },
  {
   "type": "Feature",
   "geometry": {
    "type": "Point",
    "coordinates": [
     126.93468643,
     37.52224522
    ]
   },
   "properties": {
    "pid": "여의도여자고등학교 운동장-44",
    "school": "여의도여자고등학교",
    "jibun": "40-2",
    "kind": "운동장 지반",
    "dong": "여의도여자고등학교 운동장",
    "facade": "지반",
    "floor": 0,
    "source": "배치도 경계(래스터 계측) + 분석지점도 격자",
    "z_m": 0.0,
    "normal_az": 180.0,
    "s1_total_h": 3.33,
    "s1_cont_h": 2.5,
    "s1_pass_a": true,
    "s1_pass_b": true,
    "s2_total_h": 4.67,
    "s2_cont_h": 3.83,
    "s2_pass_a": true,
    "s2_pass_b": true,
    "d_total_h": 1.34,
    "d_cont_h": 1.33,
    "change_cd": "keep_ok",
    "변화": "유지 충족"
   }
  },
  {
   "type": "Feature",
   "geometry": {
    "type": "Point",
    "coordinates": [
     126.93462295,
     37.52230985
    ]
   },
   "properties": {
    "pid": "여의도여자고등학교 운동장-45",
    "school": "여의도여자고등학교",
    "jibun": "40-2",
    "kind": "운동장 지반",
    "dong": "여의도여자고등학교 운동장",
    "facade": "지반",
    "floor": 0,
    "source": "배치도 경계(래스터 계측) + 분석지점도 격자",
    "z_m": 0.0,
    "normal_az": 180.0,
    "s1_total_h": 3.33,
    "s1_cont_h": 2.33,
    "s1_pass_a": true,
    "s1_pass_b": true,
    "s2_total_h": 4.67,
    "s2_cont_h": 3.67,
    "s2_pass_a": true,
    "s2_pass_b": true,
    "d_total_h": 1.34,
    "d_cont_h": 1.34,
    "change_cd": "keep_ok",
    "변화": "유지 충족"
   }
  },
  {
   "type": "Feature",
   "geometry": {
    "type": "Point",
    "coordinates": [
     126.93455946,
     37.52237447
    ]
   },
   "properties": {
    "pid": "여의도여자고등학교 운동장-46",
    "school": "여의도여자고등학교",
    "jibun": "40-2",
    "kind": "운동장 지반",
    "dong": "여의도여자고등학교 운동장",
    "facade": "지반",
    "floor": 0,
    "source": "배치도 경계(래스터 계측) + 분석지점도 격자",
    "z_m": 0.0,
    "normal_az": 180.0,
    "s1_total_h": 3.17,
    "s1_cont_h": 2.17,
    "s1_pass_a": true,
    "s1_pass_b": true,
    "s2_total_h": 4.5,
    "s2_cont_h": 3.5,
    "s2_pass_a": true,
    "s2_pass_b": true,
    "d_total_h": 1.33,
    "d_cont_h": 1.33,
    "change_cd": "keep_ok",
    "변화": "유지 충족"
   }
  },
  {
   "type": "Feature",
   "geometry": {
    "type": "Point",
    "coordinates": [
     126.93449598,
     37.5224391
    ]
   },
   "properties": {
    "pid": "여의도여자고등학교 운동장-47",
    "school": "여의도여자고등학교",
    "jibun": "40-2",
    "kind": "운동장 지반",
    "dong": "여의도여자고등학교 운동장",
    "facade": "지반",
    "floor": 0,
    "source": "배치도 경계(래스터 계측) + 분석지점도 격자",
    "z_m": 0.0,
    "normal_az": 180.0,
    "s1_total_h": 3.0,
    "s1_cont_h": 2.0,
    "s1_pass_a": true,
    "s1_pass_b": true,
    "s2_total_h": 4.33,
    "s2_cont_h": 3.33,
    "s2_pass_a": true,
    "s2_pass_b": true,
    "d_total_h": 1.33,
    "d_cont_h": 1.33,
    "change_cd": "keep_ok",
    "변화": "유지 충족"
   }
  },
  {
   "type": "Feature",
   "geometry": {
    "type": "Point",
    "coordinates": [
     126.93443248,
     37.52250373
    ]
   },
   "properties": {
    "pid": "여의도여자고등학교 운동장-48",
    "school": "여의도여자고등학교",
    "jibun": "40-2",
    "kind": "운동장 지반",
    "dong": "여의도여자고등학교 운동장",
    "facade": "지반",
    "floor": 0,
    "source": "배치도 경계(래스터 계측) + 분석지점도 격자",
    "z_m": 0.0,
    "normal_az": 180.0,
    "s1_total_h": 3.0,
    "s1_cont_h": 1.83,
    "s1_pass_a": false,
    "s1_pass_b": false,
    "s2_total_h": 4.17,
    "s2_cont_h": 3.17,
    "s2_pass_a": true,
    "s2_pass_b": true,
    "d_total_h": 1.17,
    "d_cont_h": 1.34,
    "change_cd": "new_ok",
    "변화": "신규 충족"
   }
  },
  {
   "type": "Feature",
   "geometry": {
    "type": "Point",
    "coordinates": [
     126.93648528,
     37.52235791
    ]
   },
   "properties": {
    "pid": "본관(4층) 1층-1",
    "school": "여의도초등학교",
    "jibun": "40-3",
    "kind": "교사동 창면",
    "dong": "본관(4층)",
    "facade": "본관(4층)",
    "floor": 1,
    "source": "도면기준",
    "z_m": 2.1,
    "normal_az": 142.0,
    "s1_total_h": 7.33,
    "s1_cont_h": 7.33,
    "s1_pass_a": true,
    "s1_pass_b": true,
    "s2_total_h": 7.33,
    "s2_cont_h": 7.33,
    "s2_pass_a": true,
    "s2_pass_b": true,
    "d_total_h": 0.0,
    "d_cont_h": 0.0,
    "change_cd": "keep_ok",
    "변화": "유지 충족"
   }
  },
  {
   "type": "Feature",
   "geometry": {
    "type": "Point",
    "coordinates": [
     126.93648528,
     37.52235791
    ]
   },
   "properties": {
    "pid": "본관(4층) 2층-1",
    "school": "여의도초등학교",
    "jibun": "40-3",
    "kind": "교사동 창면",
    "dong": "본관(4층)",
    "facade": "본관(4층)",
    "floor": 2,
    "source": "도면기준",
    "z_m": 5.7,
    "normal_az": 142.0,
    "s1_total_h": 7.33,
    "s1_cont_h": 7.33,
    "s1_pass_a": true,
    "s1_pass_b": true,
    "s2_total_h": 7.33,
    "s2_cont_h": 7.33,
    "s2_pass_a": true,
    "s2_pass_b": true,
    "d_total_h": 0.0,
    "d_cont_h": 0.0,
    "change_cd": "keep_ok",
    "변화": "유지 충족"
   }
  },
  {
   "type": "Feature",
   "geometry": {
    "type": "Point",
    "coordinates": [
     126.93648528,
     37.52235791
    ]
   },
   "properties": {
    "pid": "본관(4층) 3층-1",
    "school": "여의도초등학교",
    "jibun": "40-3",
    "kind": "교사동 창면",
    "dong": "본관(4층)",
    "facade": "본관(4층)",
    "floor": 3,
    "source": "도면기준",
    "z_m": 9.3,
    "normal_az": 142.0,
    "s1_total_h": 7.33,
    "s1_cont_h": 7.33,
    "s1_pass_a": true,
    "s1_pass_b": true,
    "s2_total_h": 7.33,
    "s2_cont_h": 7.33,
    "s2_pass_a": true,
    "s2_pass_b": true,
    "d_total_h": 0.0,
    "d_cont_h": 0.0,
    "change_cd": "keep_ok",
    "변화": "유지 충족"
   }
  },
  {
   "type": "Feature",
   "geometry": {
    "type": "Point",
    "coordinates": [
     126.93648528,
     37.52235791
    ]
   },
   "properties": {
    "pid": "본관(4층) 4층-1",
    "school": "여의도초등학교",
    "jibun": "40-3",
    "kind": "교사동 창면",
    "dong": "본관(4층)",
    "facade": "본관(4층)",
    "floor": 4,
    "source": "도면기준",
    "z_m": 12.9,
    "normal_az": 142.0,
    "s1_total_h": 7.5,
    "s1_cont_h": 7.5,
    "s1_pass_a": true,
    "s1_pass_b": true,
    "s2_total_h": 7.5,
    "s2_cont_h": 7.5,
    "s2_pass_a": true,
    "s2_pass_b": true,
    "d_total_h": 0.0,
    "d_cont_h": 0.0,
    "change_cd": "keep_ok",
    "변화": "유지 충족"
   }
  },
  {
   "type": "Feature",
   "geometry": {
    "type": "Point",
    "coordinates": [
     126.93651735,
     37.5223779
    ]
   },
   "properties": {
    "pid": "본관(4층) 1층-2",
    "school": "여의도초등학교",
    "jibun": "40-3",
    "kind": "교사동 창면",
    "dong": "본관(4층)",
    "facade": "본관(4층)",
    "floor": 1,
    "source": "도면기준",
    "z_m": 2.1,
    "normal_az": 142.0,
    "s1_total_h": 7.33,
    "s1_cont_h": 7.33,
    "s1_pass_a": true,
    "s1_pass_b": true,
    "s2_total_h": 7.33,
    "s2_cont_h": 7.33,
    "s2_pass_a": true,
    "s2_pass_b": true,
    "d_total_h": 0.0,
    "d_cont_h": 0.0,
    "change_cd": "keep_ok",
    "변화": "유지 충족"
   }
  },
  {
   "type": "Feature",
   "geometry": {
    "type": "Point",
    "coordinates": [
     126.93651735,
     37.5223779
    ]
   },
   "properties": {
    "pid": "본관(4층) 2층-2",
    "school": "여의도초등학교",
    "jibun": "40-3",
    "kind": "교사동 창면",
    "dong": "본관(4층)",
    "facade": "본관(4층)",
    "floor": 2,
    "source": "도면기준",
    "z_m": 5.7,
    "normal_az": 142.0,
    "s1_total_h": 7.33,
    "s1_cont_h": 7.33,
    "s1_pass_a": true,
    "s1_pass_b": true,
    "s2_total_h": 7.33,
    "s2_cont_h": 7.33,
    "s2_pass_a": true,
    "s2_pass_b": true,
    "d_total_h": 0.0,
    "d_cont_h": 0.0,
    "change_cd": "keep_ok",
    "변화": "유지 충족"
   }
  },
  {
   "type": "Feature",
   "geometry": {
    "type": "Point",
    "coordinates": [
     126.93651735,
     37.5223779
    ]
   },
   "properties": {
    "pid": "본관(4층) 3층-2",
    "school": "여의도초등학교",
    "jibun": "40-3",
    "kind": "교사동 창면",
    "dong": "본관(4층)",
    "facade": "본관(4층)",
    "floor": 3,
    "source": "도면기준",
    "z_m": 9.3,
    "normal_az": 142.0,
    "s1_total_h": 7.33,
    "s1_cont_h": 7.33,
    "s1_pass_a": true,
    "s1_pass_b": true,
    "s2_total_h": 7.33,
    "s2_cont_h": 7.33,
    "s2_pass_a": true,
    "s2_pass_b": true,
    "d_total_h": 0.0,
    "d_cont_h": 0.0,
    "change_cd": "keep_ok",
    "변화": "유지 충족"
   }
  },
  {
   "type": "Feature",
   "geometry": {
    "type": "Point",
    "coordinates": [
     126.93651735,
     37.5223779
    ]
   },
   "properties": {
    "pid": "본관(4층) 4층-2",
    "school": "여의도초등학교",
    "jibun": "40-3",
    "kind": "교사동 창면",
    "dong": "본관(4층)",
    "facade": "본관(4층)",
    "floor": 4,
    "source": "도면기준",
    "z_m": 12.9,
    "normal_az": 142.0,
    "s1_total_h": 7.33,
    "s1_cont_h": 7.33,
    "s1_pass_a": true,
    "s1_pass_b": true,
    "s2_total_h": 7.33,
    "s2_cont_h": 7.33,
    "s2_pass_a": true,
    "s2_pass_b": true,
    "d_total_h": 0.0,
    "d_cont_h": 0.0,
    "change_cd": "keep_ok",
    "변화": "유지 충족"
   }
  },
  {
   "type": "Feature",
   "geometry": {
    "type": "Point",
    "coordinates": [
     126.93656546,
     37.52240788
    ]
   },
   "properties": {
    "pid": "본관(4층) 1층-3",
    "school": "여의도초등학교",
    "jibun": "40-3",
    "kind": "교사동 창면",
    "dong": "본관(4층)",
    "facade": "본관(4층)",
    "floor": 1,
    "source": "도면기준",
    "z_m": 2.1,
    "normal_az": 142.0,
    "s1_total_h": 7.17,
    "s1_cont_h": 7.17,
    "s1_pass_a": true,
    "s1_pass_b": true,
    "s2_total_h": 7.17,
    "s2_cont_h": 7.17,
    "s2_pass_a": true,
    "s2_pass_b": true,
    "d_total_h": 0.0,
    "d_cont_h": 0.0,
    "change_cd": "keep_ok",
    "변화": "유지 충족"
   }
  },
  {
   "type": "Feature",
   "geometry": {
    "type": "Point",
    "coordinates": [
     126.93656546,
     37.52240788
    ]
   },
   "properties": {
    "pid": "본관(4층) 2층-3",
    "school": "여의도초등학교",
    "jibun": "40-3",
    "kind": "교사동 창면",
    "dong": "본관(4층)",
    "facade": "본관(4층)",
    "floor": 2,
    "source": "도면기준",
    "z_m": 5.7,
    "normal_az": 142.0,
    "s1_total_h": 7.17,
    "s1_cont_h": 7.17,
    "s1_pass_a": true,
    "s1_pass_b": true,
    "s2_total_h": 7.17,
    "s2_cont_h": 7.17,
    "s2_pass_a": true,
    "s2_pass_b": true,
    "d_total_h": 0.0,
    "d_cont_h": 0.0,
    "change_cd": "keep_ok",
    "변화": "유지 충족"
   }
  },
  {
   "type": "Feature",
   "geometry": {
    "type": "Point",
    "coordinates": [
     126.93656546,
     37.52240788
    ]
   },
   "properties": {
    "pid": "본관(4층) 3층-3",
    "school": "여의도초등학교",
    "jibun": "40-3",
    "kind": "교사동 창면",
    "dong": "본관(4층)",
    "facade": "본관(4층)",
    "floor": 3,
    "source": "도면기준",
    "z_m": 9.3,
    "normal_az": 142.0,
    "s1_total_h": 7.17,
    "s1_cont_h": 7.17,
    "s1_pass_a": true,
    "s1_pass_b": true,
    "s2_total_h": 7.17,
    "s2_cont_h": 7.17,
    "s2_pass_a": true,
    "s2_pass_b": true,
    "d_total_h": 0.0,
    "d_cont_h": 0.0,
    "change_cd": "keep_ok",
    "변화": "유지 충족"
   }
  },
  {
   "type": "Feature",
   "geometry": {
    "type": "Point",
    "coordinates": [
     126.93656546,
     37.52240788
    ]
   },
   "properties": {
    "pid": "본관(4층) 4층-3",
    "school": "여의도초등학교",
    "jibun": "40-3",
    "kind": "교사동 창면",
    "dong": "본관(4층)",
    "facade": "본관(4층)",
    "floor": 4,
    "source": "도면기준",
    "z_m": 12.9,
    "normal_az": 142.0,
    "s1_total_h": 7.33,
    "s1_cont_h": 7.33,
    "s1_pass_a": true,
    "s1_pass_b": true,
    "s2_total_h": 7.33,
    "s2_cont_h": 7.33,
    "s2_pass_a": true,
    "s2_pass_b": true,
    "d_total_h": 0.0,
    "d_cont_h": 0.0,
    "change_cd": "keep_ok",
    "변화": "유지 충족"
   }
  },
  {
   "type": "Feature",
   "geometry": {
    "type": "Point",
    "coordinates": [
     126.93659754,
     37.52242787
    ]
   },
   "properties": {
    "pid": "본관(4층) 1층-4",
    "school": "여의도초등학교",
    "jibun": "40-3",
    "kind": "교사동 창면",
    "dong": "본관(4층)",
    "facade": "본관(4층)",
    "floor": 1,
    "source": "도면기준",
    "z_m": 2.1,
    "normal_az": 142.0,
    "s1_total_h": 7.0,
    "s1_cont_h": 7.0,
    "s1_pass_a": true,
    "s1_pass_b": true,
    "s2_total_h": 7.0,
    "s2_cont_h": 7.0,
    "s2_pass_a": true,
    "s2_pass_b": true,
    "d_total_h": 0.0,
    "d_cont_h": 0.0,
    "change_cd": "keep_ok",
    "변화": "유지 충족"
   }
  },
  {
   "type": "Feature",
   "geometry": {
    "type": "Point",
    "coordinates": [
     126.93659754,
     37.52242787
    ]
   },
   "properties": {
    "pid": "본관(4층) 2층-4",
    "school": "여의도초등학교",
    "jibun": "40-3",
    "kind": "교사동 창면",
    "dong": "본관(4층)",
    "facade": "본관(4층)",
    "floor": 2,
    "source": "도면기준",
    "z_m": 5.7,
    "normal_az": 142.0,
    "s1_total_h": 7.0,
    "s1_cont_h": 7.0,
    "s1_pass_a": true,
    "s1_pass_b": true,
    "s2_total_h": 7.0,
    "s2_cont_h": 7.0,
    "s2_pass_a": true,
    "s2_pass_b": true,
    "d_total_h": 0.0,
    "d_cont_h": 0.0,
    "change_cd": "keep_ok",
    "변화": "유지 충족"
   }
  },
  {
   "type": "Feature",
   "geometry": {
    "type": "Point",
    "coordinates": [
     126.93659754,
     37.52242787
    ]
   },
   "properties": {
    "pid": "본관(4층) 3층-4",
    "school": "여의도초등학교",
    "jibun": "40-3",
    "kind": "교사동 창면",
    "dong": "본관(4층)",
    "facade": "본관(4층)",
    "floor": 3,
    "source": "도면기준",
    "z_m": 9.3,
    "normal_az": 142.0,
    "s1_total_h": 7.17,
    "s1_cont_h": 7.17,
    "s1_pass_a": true,
    "s1_pass_b": true,
    "s2_total_h": 7.17,
    "s2_cont_h": 7.17,
    "s2_pass_a": true,
    "s2_pass_b": true,
    "d_total_h": 0.0,
    "d_cont_h": 0.0,
    "change_cd": "keep_ok",
    "변화": "유지 충족"
   }
  },
  {
   "type": "Feature",
   "geometry": {
    "type": "Point",
    "coordinates": [
     126.93659754,
     37.52242787
    ]
   },
   "properties": {
    "pid": "본관(4층) 4층-4",
    "school": "여의도초등학교",
    "jibun": "40-3",
    "kind": "교사동 창면",
    "dong": "본관(4층)",
    "facade": "본관(4층)",
    "floor": 4,
    "source": "도면기준",
    "z_m": 12.9,
    "normal_az": 142.0,
    "s1_total_h": 7.17,
    "s1_cont_h": 7.17,
    "s1_pass_a": true,
    "s1_pass_b": true,
    "s2_total_h": 7.17,
    "s2_cont_h": 7.17,
    "s2_pass_a": true,
    "s2_pass_b": true,
    "d_total_h": 0.0,
    "d_cont_h": 0.0,
    "change_cd": "keep_ok",
    "변화": "유지 충족"
   }
  },
  {
   "type": "Feature",
   "geometry": {
    "type": "Point",
    "coordinates": [
     126.93664565,
     37.52245785
    ]
   },
   "properties": {
    "pid": "본관(4층) 1층-5",
    "school": "여의도초등학교",
    "jibun": "40-3",
    "kind": "교사동 창면",
    "dong": "본관(4층)",
    "facade": "본관(4층)",
    "floor": 1,
    "source": "도면기준",
    "z_m": 2.1,
    "normal_az": 142.0,
    "s1_total_h": 6.83,
    "s1_cont_h": 6.83,
    "s1_pass_a": true,
    "s1_pass_b": true,
    "s2_total_h": 6.83,
    "s2_cont_h": 6.83,
    "s2_pass_a": true,
    "s2_pass_b": true,
    "d_total_h": 0.0,
    "d_cont_h": 0.0,
    "change_cd": "keep_ok",
    "변화": "유지 충족"
   }
  },
  {
   "type": "Feature",
   "geometry": {
    "type": "Point",
    "coordinates": [
     126.93664565,
     37.52245785
    ]
   },
   "properties": {
    "pid": "본관(4층) 2층-5",
    "school": "여의도초등학교",
    "jibun": "40-3",
    "kind": "교사동 창면",
    "dong": "본관(4층)",
    "facade": "본관(4층)",
    "floor": 2,
    "source": "도면기준",
    "z_m": 5.7,
    "normal_az": 142.0,
    "s1_total_h": 7.0,
    "s1_cont_h": 7.0,
    "s1_pass_a": true,
    "s1_pass_b": true,
    "s2_total_h": 7.0,
    "s2_cont_h": 7.0,
    "s2_pass_a": true,
    "s2_pass_b": true,
    "d_total_h": 0.0,
    "d_cont_h": 0.0,
    "change_cd": "keep_ok",
    "변화": "유지 충족"
   }
  },
  {
   "type": "Feature",
   "geometry": {
    "type": "Point",
    "coordinates": [
     126.93664565,
     37.52245785
    ]
   },
   "properties": {
    "pid": "본관(4층) 3층-5",
    "school": "여의도초등학교",
    "jibun": "40-3",
    "kind": "교사동 창면",
    "dong": "본관(4층)",
    "facade": "본관(4층)",
    "floor": 3,
    "source": "도면기준",
    "z_m": 9.3,
    "normal_az": 142.0,
    "s1_total_h": 7.0,
    "s1_cont_h": 7.0,
    "s1_pass_a": true,
    "s1_pass_b": true,
    "s2_total_h": 7.0,
    "s2_cont_h": 7.0,
    "s2_pass_a": true,
    "s2_pass_b": true,
    "d_total_h": 0.0,
    "d_cont_h": 0.0,
    "change_cd": "keep_ok",
    "변화": "유지 충족"
   }
  },
  {
   "type": "Feature",
   "geometry": {
    "type": "Point",
    "coordinates": [
     126.93664565,
     37.52245785
    ]
   },
   "properties": {
    "pid": "본관(4층) 4층-5",
    "school": "여의도초등학교",
    "jibun": "40-3",
    "kind": "교사동 창면",
    "dong": "본관(4층)",
    "facade": "본관(4층)",
    "floor": 4,
    "source": "도면기준",
    "z_m": 12.9,
    "normal_az": 142.0,
    "s1_total_h": 7.17,
    "s1_cont_h": 7.17,
    "s1_pass_a": true,
    "s1_pass_b": true,
    "s2_total_h": 7.17,
    "s2_cont_h": 7.17,
    "s2_pass_a": true,
    "s2_pass_b": true,
    "d_total_h": 0.0,
    "d_cont_h": 0.0,
    "change_cd": "keep_ok",
    "변화": "유지 충족"
   }
  },
  {
   "type": "Feature",
   "geometry": {
    "type": "Point",
    "coordinates": [
     126.93667772,
     37.52247783
    ]
   },
   "properties": {
    "pid": "본관(4층) 1층-6",
    "school": "여의도초등학교",
    "jibun": "40-3",
    "kind": "교사동 창면",
    "dong": "본관(4층)",
    "facade": "본관(4층)",
    "floor": 1,
    "source": "도면기준",
    "z_m": 2.1,
    "normal_az": 142.0,
    "s1_total_h": 6.83,
    "s1_cont_h": 6.83,
    "s1_pass_a": true,
    "s1_pass_b": true,
    "s2_total_h": 6.83,
    "s2_cont_h": 6.83,
    "s2_pass_a": true,
    "s2_pass_b": true,
    "d_total_h": 0.0,
    "d_cont_h": 0.0,
    "change_cd": "keep_ok",
    "변화": "유지 충족"
   }
  },
  {
   "type": "Feature",
   "geometry": {
    "type": "Point",
    "coordinates": [
     126.93667772,
     37.52247783
    ]
   },
   "properties": {
    "pid": "본관(4층) 2층-6",
    "school": "여의도초등학교",
    "jibun": "40-3",
    "kind": "교사동 창면",
    "dong": "본관(4층)",
    "facade": "본관(4층)",
    "floor": 2,
    "source": "도면기준",
    "z_m": 5.7,
    "normal_az": 142.0,
    "s1_total_h": 6.83,
    "s1_cont_h": 6.83,
    "s1_pass_a": true,
    "s1_pass_b": true,
    "s2_total_h": 6.83,
    "s2_cont_h": 6.83,
    "s2_pass_a": true,
    "s2_pass_b": true,
    "d_total_h": 0.0,
    "d_cont_h": 0.0,
    "change_cd": "keep_ok",
    "변화": "유지 충족"
   }
  },
  {
   "type": "Feature",
   "geometry": {
    "type": "Point",
    "coordinates": [
     126.93667772,
     37.52247783
    ]
   },
   "properties": {
    "pid": "본관(4층) 3층-6",
    "school": "여의도초등학교",
    "jibun": "40-3",
    "kind": "교사동 창면",
    "dong": "본관(4층)",
    "facade": "본관(4층)",
    "floor": 3,
    "source": "도면기준",
    "z_m": 9.3,
    "normal_az": 142.0,
    "s1_total_h": 6.83,
    "s1_cont_h": 6.83,
    "s1_pass_a": true,
    "s1_pass_b": true,
    "s2_total_h": 6.83,
    "s2_cont_h": 6.83,
    "s2_pass_a": true,
    "s2_pass_b": true,
    "d_total_h": 0.0,
    "d_cont_h": 0.0,
    "change_cd": "keep_ok",
    "변화": "유지 충족"
   }
  },
  {
   "type": "Feature",
   "geometry": {
    "type": "Point",
    "coordinates": [
     126.93667772,
     37.52247783
    ]
   },
   "properties": {
    "pid": "본관(4층) 4층-6",
    "school": "여의도초등학교",
    "jibun": "40-3",
    "kind": "교사동 창면",
    "dong": "본관(4층)",
    "facade": "본관(4층)",
    "floor": 4,
    "source": "도면기준",
    "z_m": 12.9,
    "normal_az": 142.0,
    "s1_total_h": 7.0,
    "s1_cont_h": 7.0,
    "s1_pass_a": true,
    "s1_pass_b": true,
    "s2_total_h": 7.0,
    "s2_cont_h": 7.0,
    "s2_pass_a": true,
    "s2_pass_b": true,
    "d_total_h": 0.0,
    "d_cont_h": 0.0,
    "change_cd": "keep_ok",
    "변화": "유지 충족"
   }
  },
  {
   "type": "Feature",
   "geometry": {
    "type": "Point",
    "coordinates": [
     126.93672583,
     37.52250781
    ]
   },
   "properties": {
    "pid": "본관(4층) 1층-7",
    "school": "여의도초등학교",
    "jibun": "40-3",
    "kind": "교사동 창면",
    "dong": "본관(4층)",
    "facade": "본관(4층)",
    "floor": 1,
    "source": "도면기준",
    "z_m": 2.1,
    "normal_az": 142.0,
    "s1_total_h": 6.67,
    "s1_cont_h": 6.67,
    "s1_pass_a": true,
    "s1_pass_b": true,
    "s2_total_h": 6.67,
    "s2_cont_h": 6.67,
    "s2_pass_a": true,
    "s2_pass_b": true,
    "d_total_h": 0.0,
    "d_cont_h": 0.0,
    "change_cd": "keep_ok",
    "변화": "유지 충족"
   }
  },
  {
   "type": "Feature",
   "geometry": {
    "type": "Point",
    "coordinates": [
     126.93672583,
     37.52250781
    ]
   },
   "properties": {
    "pid": "본관(4층) 2층-7",
    "school": "여의도초등학교",
    "jibun": "40-3",
    "kind": "교사동 창면",
    "dong": "본관(4층)",
    "facade": "본관(4층)",
    "floor": 2,
    "source": "도면기준",
    "z_m": 5.7,
    "normal_az": 142.0,
    "s1_total_h": 6.67,
    "s1_cont_h": 6.67,
    "s1_pass_a": true,
    "s1_pass_b": true,
    "s2_total_h": 6.67,
    "s2_cont_h": 6.67,
    "s2_pass_a": true,
    "s2_pass_b": true,
    "d_total_h": 0.0,
    "d_cont_h": 0.0,
    "change_cd": "keep_ok",
    "변화": "유지 충족"
   }
  },
  {
   "type": "Feature",
   "geometry": {
    "type": "Point",
    "coordinates": [
     126.93672583,
     37.52250781
    ]
   },
   "properties": {
    "pid": "본관(4층) 3층-7",
    "school": "여의도초등학교",
    "jibun": "40-3",
    "kind": "교사동 창면",
    "dong": "본관(4층)",
    "facade": "본관(4층)",
    "floor": 3,
    "source": "도면기준",
    "z_m": 9.3,
    "normal_az": 142.0,
    "s1_total_h": 6.83,
    "s1_cont_h": 6.83,
    "s1_pass_a": true,
    "s1_pass_b": true,
    "s2_total_h": 6.83,
    "s2_cont_h": 6.83,
    "s2_pass_a": true,
    "s2_pass_b": true,
    "d_total_h": 0.0,
    "d_cont_h": 0.0,
    "change_cd": "keep_ok",
    "변화": "유지 충족"
   }
  },
  {
   "type": "Feature",
   "geometry": {
    "type": "Point",
    "coordinates": [
     126.93672583,
     37.52250781
    ]
   },
   "properties": {
    "pid": "본관(4층) 4층-7",
    "school": "여의도초등학교",
    "jibun": "40-3",
    "kind": "교사동 창면",
    "dong": "본관(4층)",
    "facade": "본관(4층)",
    "floor": 4,
    "source": "도면기준",
    "z_m": 12.9,
    "normal_az": 142.0,
    "s1_total_h": 6.83,
    "s1_cont_h": 6.83,
    "s1_pass_a": true,
    "s1_pass_b": true,
    "s2_total_h": 6.83,
    "s2_cont_h": 6.83,
    "s2_pass_a": true,
    "s2_pass_b": true,
    "d_total_h": 0.0,
    "d_cont_h": 0.0,
    "change_cd": "keep_ok",
    "변화": "유지 충족"
   }
  },
  {
   "type": "Feature",
   "geometry": {
    "type": "Point",
    "coordinates": [
     126.93675791,
     37.5225278
    ]
   },
   "properties": {
    "pid": "본관(4층) 1층-8",
    "school": "여의도초등학교",
    "jibun": "40-3",
    "kind": "교사동 창면",
    "dong": "본관(4층)",
    "facade": "본관(4층)",
    "floor": 1,
    "source": "도면기준",
    "z_m": 2.1,
    "normal_az": 142.0,
    "s1_total_h": 6.5,
    "s1_cont_h": 6.5,
    "s1_pass_a": true,
    "s1_pass_b": true,
    "s2_total_h": 6.5,
    "s2_cont_h": 6.5,
    "s2_pass_a": true,
    "s2_pass_b": true,
    "d_total_h": 0.0,
    "d_cont_h": 0.0,
    "change_cd": "keep_ok",
    "변화": "유지 충족"
   }
  },
  {
   "type": "Feature",
   "geometry": {
    "type": "Point",
    "coordinates": [
     126.93675791,
     37.5225278
    ]
   },
   "properties": {
    "pid": "본관(4층) 2층-8",
    "school": "여의도초등학교",
    "jibun": "40-3",
    "kind": "교사동 창면",
    "dong": "본관(4층)",
    "facade": "본관(4층)",
    "floor": 2,
    "source": "도면기준",
    "z_m": 5.7,
    "normal_az": 142.0,
    "s1_total_h": 6.5,
    "s1_cont_h": 6.5,
    "s1_pass_a": true,
    "s1_pass_b": true,
    "s2_total_h": 6.5,
    "s2_cont_h": 6.5,
    "s2_pass_a": true,
    "s2_pass_b": true,
    "d_total_h": 0.0,
    "d_cont_h": 0.0,
    "change_cd": "keep_ok",
    "변화": "유지 충족"
   }
  },
  {
   "type": "Feature",
   "geometry": {
    "type": "Point",
    "coordinates": [
     126.93675791,
     37.5225278
    ]
   },
   "properties": {
    "pid": "본관(4층) 3층-8",
    "school": "여의도초등학교",
    "jibun": "40-3",
    "kind": "교사동 창면",
    "dong": "본관(4층)",
    "facade": "본관(4층)",
    "floor": 3,
    "source": "도면기준",
    "z_m": 9.3,
    "normal_az": 142.0,
    "s1_total_h": 6.67,
    "s1_cont_h": 6.67,
    "s1_pass_a": true,
    "s1_pass_b": true,
    "s2_total_h": 6.67,
    "s2_cont_h": 6.67,
    "s2_pass_a": true,
    "s2_pass_b": true,
    "d_total_h": 0.0,
    "d_cont_h": 0.0,
    "change_cd": "keep_ok",
    "변화": "유지 충족"
   }
  },
  {
   "type": "Feature",
   "geometry": {
    "type": "Point",
    "coordinates": [
     126.93675791,
     37.5225278
    ]
   },
   "properties": {
    "pid": "본관(4층) 4층-8",
    "school": "여의도초등학교",
    "jibun": "40-3",
    "kind": "교사동 창면",
    "dong": "본관(4층)",
    "facade": "본관(4층)",
    "floor": 4,
    "source": "도면기준",
    "z_m": 12.9,
    "normal_az": 142.0,
    "s1_total_h": 6.67,
    "s1_cont_h": 6.67,
    "s1_pass_a": true,
    "s1_pass_b": true,
    "s2_total_h": 6.67,
    "s2_cont_h": 6.67,
    "s2_pass_a": true,
    "s2_pass_b": true,
    "d_total_h": 0.0,
    "d_cont_h": 0.0,
    "change_cd": "keep_ok",
    "변화": "유지 충족"
   }
  },
  {
   "type": "Feature",
   "geometry": {
    "type": "Point",
    "coordinates": [
     126.93680602,
     37.52255778
    ]
   },
   "properties": {
    "pid": "본관(4층) 1층-9",
    "school": "여의도초등학교",
    "jibun": "40-3",
    "kind": "교사동 창면",
    "dong": "본관(4층)",
    "facade": "본관(4층)",
    "floor": 1,
    "source": "도면기준",
    "z_m": 2.1,
    "normal_az": 142.0,
    "s1_total_h": 6.5,
    "s1_cont_h": 6.33,
    "s1_pass_a": true,
    "s1_pass_b": true,
    "s2_total_h": 6.5,
    "s2_cont_h": 6.33,
    "s2_pass_a": true,
    "s2_pass_b": true,
    "d_total_h": 0.0,
    "d_cont_h": 0.0,
    "change_cd": "keep_ok",
    "변화": "유지 충족"
   }
  },
  {
   "type": "Feature",
   "geometry": {
    "type": "Point",
    "coordinates": [
     126.93680602,
     37.52255778
    ]
   },
   "properties": {
    "pid": "본관(4층) 2층-9",
    "school": "여의도초등학교",
    "jibun": "40-3",
    "kind": "교사동 창면",
    "dong": "본관(4층)",
    "facade": "본관(4층)",
    "floor": 2,
    "source": "도면기준",
    "z_m": 5.7,
    "normal_az": 142.0,
    "s1_total_h": 6.5,
    "s1_cont_h": 6.33,
    "s1_pass_a": true,
    "s1_pass_b": true,
    "s2_total_h": 6.5,
    "s2_cont_h": 6.33,
    "s2_pass_a": true,
    "s2_pass_b": true,
    "d_total_h": 0.0,
    "d_cont_h": 0.0,
    "change_cd": "keep_ok",
    "변화": "유지 충족"
   }
  },
  {
   "type": "Feature",
   "geometry": {
    "type": "Point",
    "coordinates": [
     126.93680602,
     37.52255778
    ]
   },
   "properties": {
    "pid": "본관(4층) 3층-9",
    "school": "여의도초등학교",
    "jibun": "40-3",
    "kind": "교사동 창면",
    "dong": "본관(4층)",
    "facade": "본관(4층)",
    "floor": 3,
    "source": "도면기준",
    "z_m": 9.3,
    "normal_az": 142.0,
    "s1_total_h": 6.5,
    "s1_cont_h": 6.33,
    "s1_pass_a": true,
    "s1_pass_b": true,
    "s2_total_h": 6.5,
    "s2_cont_h": 6.33,
    "s2_pass_a": true,
    "s2_pass_b": true,
    "d_total_h": 0.0,
    "d_cont_h": 0.0,
    "change_cd": "keep_ok",
    "변화": "유지 충족"
   }
  },
  {
   "type": "Feature",
   "geometry": {
    "type": "Point",
    "coordinates": [
     126.93680602,
     37.52255778
    ]
   },
   "properties": {
    "pid": "본관(4층) 4층-9",
    "school": "여의도초등학교",
    "jibun": "40-3",
    "kind": "교사동 창면",
    "dong": "본관(4층)",
    "facade": "본관(4층)",
    "floor": 4,
    "source": "도면기준",
    "z_m": 12.9,
    "normal_az": 142.0,
    "s1_total_h": 6.5,
    "s1_cont_h": 6.33,
    "s1_pass_a": true,
    "s1_pass_b": true,
    "s2_total_h": 6.5,
    "s2_cont_h": 6.33,
    "s2_pass_a": true,
    "s2_pass_b": true,
    "d_total_h": 0.0,
    "d_cont_h": 0.0,
    "change_cd": "keep_ok",
    "변화": "유지 충족"
   }
  },
  {
   "type": "Feature",
   "geometry": {
    "type": "Point",
    "coordinates": [
     126.93683809,
     37.52257777
    ]
   },
   "properties": {
    "pid": "본관(4층) 1층-10",
    "school": "여의도초등학교",
    "jibun": "40-3",
    "kind": "교사동 창면",
    "dong": "본관(4층)",
    "facade": "본관(4층)",
    "floor": 1,
    "source": "도면기준",
    "z_m": 2.1,
    "normal_az": 142.0,
    "s1_total_h": 6.5,
    "s1_cont_h": 6.17,
    "s1_pass_a": true,
    "s1_pass_b": true,
    "s2_total_h": 6.5,
    "s2_cont_h": 6.17,
    "s2_pass_a": true,
    "s2_pass_b": true,
    "d_total_h": 0.0,
    "d_cont_h": 0.0,
    "change_cd": "keep_ok",
    "변화": "유지 충족"
   }
  },
  {
   "type": "Feature",
   "geometry": {
    "type": "Point",
    "coordinates": [
     126.93683809,
     37.52257777
    ]
   },
   "properties": {
    "pid": "본관(4층) 2층-10",
    "school": "여의도초등학교",
    "jibun": "40-3",
    "kind": "교사동 창면",
    "dong": "본관(4층)",
    "facade": "본관(4층)",
    "floor": 2,
    "source": "도면기준",
    "z_m": 5.7,
    "normal_az": 142.0,
    "s1_total_h": 6.5,
    "s1_cont_h": 6.17,
    "s1_pass_a": true,
    "s1_pass_b": true,
    "s2_total_h": 6.5,
    "s2_cont_h": 6.17,
    "s2_pass_a": true,
    "s2_pass_b": true,
    "d_total_h": 0.0,
    "d_cont_h": 0.0,
    "change_cd": "keep_ok",
    "변화": "유지 충족"
   }
  },
  {
   "type": "Feature",
   "geometry": {
    "type": "Point",
    "coordinates": [
     126.93683809,
     37.52257777
    ]
   },
   "properties": {
    "pid": "본관(4층) 3층-10",
    "school": "여의도초등학교",
    "jibun": "40-3",
    "kind": "교사동 창면",
    "dong": "본관(4층)",
    "facade": "본관(4층)",
    "floor": 3,
    "source": "도면기준",
    "z_m": 9.3,
    "normal_az": 142.0,
    "s1_total_h": 6.5,
    "s1_cont_h": 6.17,
    "s1_pass_a": true,
    "s1_pass_b": true,
    "s2_total_h": 6.5,
    "s2_cont_h": 6.17,
    "s2_pass_a": true,
    "s2_pass_b": true,
    "d_total_h": 0.0,
    "d_cont_h": 0.0,
    "change_cd": "keep_ok",
    "변화": "유지 충족"
   }
  },
  {
   "type": "Feature",
   "geometry": {
    "type": "Point",
    "coordinates": [
     126.93683809,
     37.52257777
    ]
   },
   "properties": {
    "pid": "본관(4층) 4층-10",
    "school": "여의도초등학교",
    "jibun": "40-3",
    "kind": "교사동 창면",
    "dong": "본관(4층)",
    "facade": "본관(4층)",
    "floor": 4,
    "source": "도면기준",
    "z_m": 12.9,
    "normal_az": 142.0,
    "s1_total_h": 6.5,
    "s1_cont_h": 6.17,
    "s1_pass_a": true,
    "s1_pass_b": true,
    "s2_total_h": 6.5,
    "s2_cont_h": 6.17,
    "s2_pass_a": true,
    "s2_pass_b": true,
    "d_total_h": 0.0,
    "d_cont_h": 0.0,
    "change_cd": "keep_ok",
    "변화": "유지 충족"
   }
  },
  {
   "type": "Feature",
   "geometry": {
    "type": "Point",
    "coordinates": [
     126.93688621,
     37.52260775
    ]
   },
   "properties": {
    "pid": "본관(4층) 1층-11",
    "school": "여의도초등학교",
    "jibun": "40-3",
    "kind": "교사동 창면",
    "dong": "본관(4층)",
    "facade": "본관(4층)",
    "floor": 1,
    "source": "도면기준",
    "z_m": 2.1,
    "normal_az": 142.0,
    "s1_total_h": 6.17,
    "s1_cont_h": 5.67,
    "s1_pass_a": true,
    "s1_pass_b": true,
    "s2_total_h": 6.17,
    "s2_cont_h": 5.67,
    "s2_pass_a": true,
    "s2_pass_b": true,
    "d_total_h": 0.0,
    "d_cont_h": 0.0,
    "change_cd": "keep_ok",
    "변화": "유지 충족"
   }
  },
  {
   "type": "Feature",
   "geometry": {
    "type": "Point",
    "coordinates": [
     126.93688621,
     37.52260775
    ]
   },
   "properties": {
    "pid": "본관(4층) 2층-11",
    "school": "여의도초등학교",
    "jibun": "40-3",
    "kind": "교사동 창면",
    "dong": "본관(4층)",
    "facade": "본관(4층)",
    "floor": 2,
    "source": "도면기준",
    "z_m": 5.7,
    "normal_az": 142.0,
    "s1_total_h": 6.17,
    "s1_cont_h": 5.67,
    "s1_pass_a": true,
    "s1_pass_b": true,
    "s2_total_h": 6.17,
    "s2_cont_h": 5.67,
    "s2_pass_a": true,
    "s2_pass_b": true,
    "d_total_h": 0.0,
    "d_cont_h": 0.0,
    "change_cd": "keep_ok",
    "변화": "유지 충족"
   }
  },
  {
   "type": "Feature",
   "geometry": {
    "type": "Point",
    "coordinates": [
     126.93688621,
     37.52260775
    ]
   },
   "properties": {
    "pid": "본관(4층) 3층-11",
    "school": "여의도초등학교",
    "jibun": "40-3",
    "kind": "교사동 창면",
    "dong": "본관(4층)",
    "facade": "본관(4층)",
    "floor": 3,
    "source": "도면기준",
    "z_m": 9.3,
    "normal_az": 142.0,
    "s1_total_h": 6.17,
    "s1_cont_h": 5.67,
    "s1_pass_a": true,
    "s1_pass_b": true,
    "s2_total_h": 6.17,
    "s2_cont_h": 5.67,
    "s2_pass_a": true,
    "s2_pass_b": true,
    "d_total_h": 0.0,
    "d_cont_h": 0.0,
    "change_cd": "keep_ok",
    "변화": "유지 충족"
   }
  },
  {
   "type": "Feature",
   "geometry": {
    "type": "Point",
    "coordinates": [
     126.93688621,
     37.52260775
    ]
   },
   "properties": {
    "pid": "본관(4층) 4층-11",
    "school": "여의도초등학교",
    "jibun": "40-3",
    "kind": "교사동 창면",
    "dong": "본관(4층)",
    "facade": "본관(4층)",
    "floor": 4,
    "source": "도면기준",
    "z_m": 12.9,
    "normal_az": 142.0,
    "s1_total_h": 6.17,
    "s1_cont_h": 5.67,
    "s1_pass_a": true,
    "s1_pass_b": true,
    "s2_total_h": 6.17,
    "s2_cont_h": 5.67,
    "s2_pass_a": true,
    "s2_pass_b": true,
    "d_total_h": 0.0,
    "d_cont_h": 0.0,
    "change_cd": "keep_ok",
    "변화": "유지 충족"
   }
  },
  {
   "type": "Feature",
   "geometry": {
    "type": "Point",
    "coordinates": [
     126.93691828,
     37.52262773
    ]
   },
   "properties": {
    "pid": "본관(4층) 1층-12",
    "school": "여의도초등학교",
    "jibun": "40-3",
    "kind": "교사동 창면",
    "dong": "본관(4층)",
    "facade": "본관(4층)",
    "floor": 1,
    "source": "도면기준",
    "z_m": 2.1,
    "normal_az": 142.0,
    "s1_total_h": 6.17,
    "s1_cont_h": 5.33,
    "s1_pass_a": true,
    "s1_pass_b": true,
    "s2_total_h": 6.17,
    "s2_cont_h": 5.33,
    "s2_pass_a": true,
    "s2_pass_b": true,
    "d_total_h": 0.0,
    "d_cont_h": 0.0,
    "change_cd": "keep_ok",
    "변화": "유지 충족"
   }
  },
  {
   "type": "Feature",
   "geometry": {
    "type": "Point",
    "coordinates": [
     126.93691828,
     37.52262773
    ]
   },
   "properties": {
    "pid": "본관(4층) 2층-12",
    "school": "여의도초등학교",
    "jibun": "40-3",
    "kind": "교사동 창면",
    "dong": "본관(4층)",
    "facade": "본관(4층)",
    "floor": 2,
    "source": "도면기준",
    "z_m": 5.7,
    "normal_az": 142.0,
    "s1_total_h": 6.17,
    "s1_cont_h": 5.33,
    "s1_pass_a": true,
    "s1_pass_b": true,
    "s2_total_h": 6.17,
    "s2_cont_h": 5.33,
    "s2_pass_a": true,
    "s2_pass_b": true,
    "d_total_h": 0.0,
    "d_cont_h": 0.0,
    "change_cd": "keep_ok",
    "변화": "유지 충족"
   }
  },
  {
   "type": "Feature",
   "geometry": {
    "type": "Point",
    "coordinates": [
     126.93691828,
     37.52262773
    ]
   },
   "properties": {
    "pid": "본관(4층) 3층-12",
    "school": "여의도초등학교",
    "jibun": "40-3",
    "kind": "교사동 창면",
    "dong": "본관(4층)",
    "facade": "본관(4층)",
    "floor": 3,
    "source": "도면기준",
    "z_m": 9.3,
    "normal_az": 142.0,
    "s1_total_h": 6.17,
    "s1_cont_h": 5.33,
    "s1_pass_a": true,
    "s1_pass_b": true,
    "s2_total_h": 6.17,
    "s2_cont_h": 5.33,
    "s2_pass_a": true,
    "s2_pass_b": true,
    "d_total_h": 0.0,
    "d_cont_h": 0.0,
    "change_cd": "keep_ok",
    "변화": "유지 충족"
   }
  },
  {
   "type": "Feature",
   "geometry": {
    "type": "Point",
    "coordinates": [
     126.93691828,
     37.52262773
    ]
   },
   "properties": {
    "pid": "본관(4층) 4층-12",
    "school": "여의도초등학교",
    "jibun": "40-3",
    "kind": "교사동 창면",
    "dong": "본관(4층)",
    "facade": "본관(4층)",
    "floor": 4,
    "source": "도면기준",
    "z_m": 12.9,
    "normal_az": 142.0,
    "s1_total_h": 6.17,
    "s1_cont_h": 5.33,
    "s1_pass_a": true,
    "s1_pass_b": true,
    "s2_total_h": 6.17,
    "s2_cont_h": 5.33,
    "s2_pass_a": true,
    "s2_pass_b": true,
    "d_total_h": 0.0,
    "d_cont_h": 0.0,
    "change_cd": "keep_ok",
    "변화": "유지 충족"
   }
  },
  {
   "type": "Feature",
   "geometry": {
    "type": "Point",
    "coordinates": [
     126.9369664,
     37.52265772
    ]
   },
   "properties": {
    "pid": "본관(4층) 1층-13",
    "school": "여의도초등학교",
    "jibun": "40-3",
    "kind": "교사동 창면",
    "dong": "본관(4층)",
    "facade": "본관(4층)",
    "floor": 1,
    "source": "도면기준",
    "z_m": 2.1,
    "normal_az": 142.0,
    "s1_total_h": 5.83,
    "s1_cont_h": 4.83,
    "s1_pass_a": true,
    "s1_pass_b": true,
    "s2_total_h": 5.83,
    "s2_cont_h": 4.83,
    "s2_pass_a": true,
    "s2_pass_b": true,
    "d_total_h": 0.0,
    "d_cont_h": 0.0,
    "change_cd": "keep_ok",
    "변화": "유지 충족"
   }
  },
  {
   "type": "Feature",
   "geometry": {
    "type": "Point",
    "coordinates": [
     126.9369664,
     37.52265772
    ]
   },
   "properties": {
    "pid": "본관(4층) 2층-13",
    "school": "여의도초등학교",
    "jibun": "40-3",
    "kind": "교사동 창면",
    "dong": "본관(4층)",
    "facade": "본관(4층)",
    "floor": 2,
    "source": "도면기준",
    "z_m": 5.7,
    "normal_az": 142.0,
    "s1_total_h": 5.83,
    "s1_cont_h": 4.83,
    "s1_pass_a": true,
    "s1_pass_b": true,
    "s2_total_h": 5.83,
    "s2_cont_h": 4.83,
    "s2_pass_a": true,
    "s2_pass_b": true,
    "d_total_h": 0.0,
    "d_cont_h": 0.0,
    "change_cd": "keep_ok",
    "변화": "유지 충족"
   }
  },
  {
   "type": "Feature",
   "geometry": {
    "type": "Point",
    "coordinates": [
     126.9369664,
     37.52265772
    ]
   },
   "properties": {
    "pid": "본관(4층) 3층-13",
    "school": "여의도초등학교",
    "jibun": "40-3",
    "kind": "교사동 창면",
    "dong": "본관(4층)",
    "facade": "본관(4층)",
    "floor": 3,
    "source": "도면기준",
    "z_m": 9.3,
    "normal_az": 142.0,
    "s1_total_h": 5.83,
    "s1_cont_h": 4.83,
    "s1_pass_a": true,
    "s1_pass_b": true,
    "s2_total_h": 5.83,
    "s2_cont_h": 4.83,
    "s2_pass_a": true,
    "s2_pass_b": true,
    "d_total_h": 0.0,
    "d_cont_h": 0.0,
    "change_cd": "keep_ok",
    "변화": "유지 충족"
   }
  },
  {
   "type": "Feature",
   "geometry": {
    "type": "Point",
    "coordinates": [
     126.9369664,
     37.52265772
    ]
   },
   "properties": {
    "pid": "본관(4층) 4층-13",
    "school": "여의도초등학교",
    "jibun": "40-3",
    "kind": "교사동 창면",
    "dong": "본관(4층)",
    "facade": "본관(4층)",
    "floor": 4,
    "source": "도면기준",
    "z_m": 12.9,
    "normal_az": 142.0,
    "s1_total_h": 6.67,
    "s1_cont_h": 5.0,
    "s1_pass_a": true,
    "s1_pass_b": true,
    "s2_total_h": 6.67,
    "s2_cont_h": 5.0,
    "s2_pass_a": true,
    "s2_pass_b": true,
    "d_total_h": 0.0,
    "d_cont_h": 0.0,
    "change_cd": "keep_ok",
    "변화": "유지 충족"
   }
  },
  {
   "type": "Feature",
   "geometry": {
    "type": "Point",
    "coordinates": [
     126.93699846,
     37.5226777
    ]
   },
   "properties": {
    "pid": "본관(4층) 1층-14",
    "school": "여의도초등학교",
    "jibun": "40-3",
    "kind": "교사동 창면",
    "dong": "본관(4층)",
    "facade": "본관(4층)",
    "floor": 1,
    "source": "도면기준",
    "z_m": 2.1,
    "normal_az": 142.0,
    "s1_total_h": 5.83,
    "s1_cont_h": 4.67,
    "s1_pass_a": true,
    "s1_pass_b": true,
    "s2_total_h": 5.83,
    "s2_cont_h": 4.67,
    "s2_pass_a": true,
    "s2_pass_b": true,
    "d_total_h": 0.0,
    "d_cont_h": 0.0,
    "change_cd": "keep_ok",
    "변화": "유지 충족"
   }
  },
  {
   "type": "Feature",
   "geometry": {
    "type": "Point",
    "coordinates": [
     126.93699846,
     37.5226777
    ]
   },
   "properties": {
    "pid": "본관(4층) 2층-14",
    "school": "여의도초등학교",
    "jibun": "40-3",
    "kind": "교사동 창면",
    "dong": "본관(4층)",
    "facade": "본관(4층)",
    "floor": 2,
    "source": "도면기준",
    "z_m": 5.7,
    "normal_az": 142.0,
    "s1_total_h": 5.83,
    "s1_cont_h": 4.67,
    "s1_pass_a": true,
    "s1_pass_b": true,
    "s2_total_h": 5.83,
    "s2_cont_h": 4.67,
    "s2_pass_a": true,
    "s2_pass_b": true,
    "d_total_h": 0.0,
    "d_cont_h": 0.0,
    "change_cd": "keep_ok",
    "변화": "유지 충족"
   }
  },
  {
   "type": "Feature",
   "geometry": {
    "type": "Point",
    "coordinates": [
     126.93699846,
     37.5226777
    ]
   },
   "properties": {
    "pid": "본관(4층) 3층-14",
    "school": "여의도초등학교",
    "jibun": "40-3",
    "kind": "교사동 창면",
    "dong": "본관(4층)",
    "facade": "본관(4층)",
    "floor": 3,
    "source": "도면기준",
    "z_m": 9.3,
    "normal_az": 142.0,
    "s1_total_h": 6.17,
    "s1_cont_h": 4.67,
    "s1_pass_a": true,
    "s1_pass_b": true,
    "s2_total_h": 6.17,
    "s2_cont_h": 4.67,
    "s2_pass_a": true,
    "s2_pass_b": true,
    "d_total_h": 0.0,
    "d_cont_h": 0.0,
    "change_cd": "keep_ok",
    "변화": "유지 충족"
   }
  },
  {
   "type": "Feature",
   "geometry": {
    "type": "Point",
    "coordinates": [
     126.93699846,
     37.5226777
    ]
   },
   "properties": {
    "pid": "본관(4층) 4층-14",
    "school": "여의도초등학교",
    "jibun": "40-3",
    "kind": "교사동 창면",
    "dong": "본관(4층)",
    "facade": "본관(4층)",
    "floor": 4,
    "source": "도면기준",
    "z_m": 12.9,
    "normal_az": 142.0,
    "s1_total_h": 6.83,
    "s1_cont_h": 5.0,
    "s1_pass_a": true,
    "s1_pass_b": true,
    "s2_total_h": 6.83,
    "s2_cont_h": 5.0,
    "s2_pass_a": true,
    "s2_pass_b": true,
    "d_total_h": 0.0,
    "d_cont_h": 0.0,
    "change_cd": "keep_ok",
    "변화": "유지 충족"
   }
  },
  {
   "type": "Feature",
   "geometry": {
    "type": "Point",
    "coordinates": [
     126.93704658,
     37.52270768
    ]
   },
   "properties": {
    "pid": "본관(4층) 1층-15",
    "school": "여의도초등학교",
    "jibun": "40-3",
    "kind": "교사동 창면",
    "dong": "본관(4층)",
    "facade": "본관(4층)",
    "floor": 1,
    "source": "도면기준",
    "z_m": 2.1,
    "normal_az": 142.0,
    "s1_total_h": 5.5,
    "s1_cont_h": 4.17,
    "s1_pass_a": true,
    "s1_pass_b": true,
    "s2_total_h": 5.5,
    "s2_cont_h": 4.17,
    "s2_pass_a": true,
    "s2_pass_b": true,
    "d_total_h": 0.0,
    "d_cont_h": 0.0,
    "change_cd": "keep_ok",
    "변화": "유지 충족"
   }
  },
  {
   "type": "Feature",
   "geometry": {
    "type": "Point",
    "coordinates": [
     126.93704658,
     37.52270768
    ]
   },
   "properties": {
    "pid": "본관(4층) 2층-15",
    "school": "여의도초등학교",
    "jibun": "40-3",
    "kind": "교사동 창면",
    "dong": "본관(4층)",
    "facade": "본관(4층)",
    "floor": 2,
    "source": "도면기준",
    "z_m": 5.7,
    "normal_az": 142.0,
    "s1_total_h": 5.83,
    "s1_cont_h": 4.17,
    "s1_pass_a": true,
    "s1_pass_b": true,
    "s2_total_h": 5.83,
    "s2_cont_h": 4.17,
    "s2_pass_a": true,
    "s2_pass_b": true,
    "d_total_h": 0.0,
    "d_cont_h": 0.0,
    "change_cd": "keep_ok",
    "변화": "유지 충족"
   }
  },
  {
   "type": "Feature",
   "geometry": {
    "type": "Point",
    "coordinates": [
     126.93704658,
     37.52270768
    ]
   },
   "properties": {
    "pid": "본관(4층) 3층-15",
    "school": "여의도초등학교",
    "jibun": "40-3",
    "kind": "교사동 창면",
    "dong": "본관(4층)",
    "facade": "본관(4층)",
    "floor": 3,
    "source": "도면기준",
    "z_m": 9.3,
    "normal_az": 142.0,
    "s1_total_h": 6.5,
    "s1_cont_h": 4.5,
    "s1_pass_a": true,
    "s1_pass_b": true,
    "s2_total_h": 6.5,
    "s2_cont_h": 4.5,
    "s2_pass_a": true,
    "s2_pass_b": true,
    "d_total_h": 0.0,
    "d_cont_h": 0.0,
    "change_cd": "keep_ok",
    "변화": "유지 충족"
   }
  },
  {
   "type": "Feature",
   "geometry": {
    "type": "Point",
    "coordinates": [
     126.93704658,
     37.52270768
    ]
   },
   "properties": {
    "pid": "본관(4층) 4층-15",
    "school": "여의도초등학교",
    "jibun": "40-3",
    "kind": "교사동 창면",
    "dong": "본관(4층)",
    "facade": "본관(4층)",
    "floor": 4,
    "source": "도면기준",
    "z_m": 12.9,
    "normal_az": 142.0,
    "s1_total_h": 7.33,
    "s1_cont_h": 7.33,
    "s1_pass_a": true,
    "s1_pass_b": true,
    "s2_total_h": 7.33,
    "s2_cont_h": 7.33,
    "s2_pass_a": true,
    "s2_pass_b": true,
    "d_total_h": 0.0,
    "d_cont_h": 0.0,
    "change_cd": "keep_ok",
    "변화": "유지 충족"
   }
  },
  {
   "type": "Feature",
   "geometry": {
    "type": "Point",
    "coordinates": [
     126.93707866,
     37.52272767
    ]
   },
   "properties": {
    "pid": "본관(4층) 1층-16",
    "school": "여의도초등학교",
    "jibun": "40-3",
    "kind": "교사동 창면",
    "dong": "본관(4층)",
    "facade": "본관(4층)",
    "floor": 1,
    "source": "도면기준",
    "z_m": 2.1,
    "normal_az": 142.0,
    "s1_total_h": 5.5,
    "s1_cont_h": 4.0,
    "s1_pass_a": true,
    "s1_pass_b": true,
    "s2_total_h": 5.5,
    "s2_cont_h": 4.0,
    "s2_pass_a": true,
    "s2_pass_b": true,
    "d_total_h": 0.0,
    "d_cont_h": 0.0,
    "change_cd": "keep_ok",
    "변화": "유지 충족"
   }
  },
  {
   "type": "Feature",
   "geometry": {
    "type": "Point",
    "coordinates": [
     126.93707866,
     37.52272767
    ]
   },
   "properties": {
    "pid": "본관(4층) 2층-16",
    "school": "여의도초등학교",
    "jibun": "40-3",
    "kind": "교사동 창면",
    "dong": "본관(4층)",
    "facade": "본관(4층)",
    "floor": 2,
    "source": "도면기준",
    "z_m": 5.7,
    "normal_az": 142.0,
    "s1_total_h": 6.0,
    "s1_cont_h": 4.0,
    "s1_pass_a": true,
    "s1_pass_b": true,
    "s2_total_h": 6.0,
    "s2_cont_h": 4.0,
    "s2_pass_a": true,
    "s2_pass_b": true,
    "d_total_h": 0.0,
    "d_cont_h": 0.0,
    "change_cd": "keep_ok",
    "변화": "유지 충족"
   }
  },
  {
   "type": "Feature",
   "geometry": {
    "type": "Point",
    "coordinates": [
     126.93707866,
     37.52272767
    ]
   },
   "properties": {
    "pid": "본관(4층) 3층-16",
    "school": "여의도초등학교",
    "jibun": "40-3",
    "kind": "교사동 창면",
    "dong": "본관(4층)",
    "facade": "본관(4층)",
    "floor": 3,
    "source": "도면기준",
    "z_m": 9.3,
    "normal_az": 142.0,
    "s1_total_h": 6.83,
    "s1_cont_h": 4.5,
    "s1_pass_a": true,
    "s1_pass_b": true,
    "s2_total_h": 6.83,
    "s2_cont_h": 4.5,
    "s2_pass_a": true,
    "s2_pass_b": true,
    "d_total_h": 0.0,
    "d_cont_h": 0.0,
    "change_cd": "keep_ok",
    "변화": "유지 충족"
   }
  },
  {
   "type": "Feature",
   "geometry": {
    "type": "Point",
    "coordinates": [
     126.93707866,
     37.52272767
    ]
   },
   "properties": {
    "pid": "본관(4층) 4층-16",
    "school": "여의도초등학교",
    "jibun": "40-3",
    "kind": "교사동 창면",
    "dong": "본관(4층)",
    "facade": "본관(4층)",
    "floor": 4,
    "source": "도면기준",
    "z_m": 12.9,
    "normal_az": 142.0,
    "s1_total_h": 7.17,
    "s1_cont_h": 7.17,
    "s1_pass_a": true,
    "s1_pass_b": true,
    "s2_total_h": 7.17,
    "s2_cont_h": 7.17,
    "s2_pass_a": true,
    "s2_pass_b": true,
    "d_total_h": 0.0,
    "d_cont_h": 0.0,
    "change_cd": "keep_ok",
    "변화": "유지 충족"
   }
  },
  {
   "type": "Feature",
   "geometry": {
    "type": "Point",
    "coordinates": [
     126.9365131,
     37.52340833
    ]
   },
   "properties": {
    "pid": "별관(5층) 1층-1",
    "school": "여의도초등학교",
    "jibun": "40-3",
    "kind": "교사동 창면",
    "dong": "별관(5층)",
    "facade": "별관(5층)",
    "floor": 1,
    "source": "도면기준",
    "z_m": 1.95,
    "normal_az": 231.9,
    "s1_total_h": 5.17,
    "s1_cont_h": 5.0,
    "s1_pass_a": true,
    "s1_pass_b": true,
    "s2_total_h": 3.83,
    "s2_cont_h": 3.67,
    "s2_pass_a": true,
    "s2_pass_b": true,
    "d_total_h": -1.34,
    "d_cont_h": -1.33,
    "change_cd": "keep_ok",
    "변화": "유지 충족"
   }
  },
  {
   "type": "Feature",
   "geometry": {
    "type": "Point",
    "coordinates": [
     126.9365131,
     37.52340833
    ]
   },
   "properties": {
    "pid": "별관(5층) 2층-1",
    "school": "여의도초등학교",
    "jibun": "40-3",
    "kind": "교사동 창면",
    "dong": "별관(5층)",
    "facade": "별관(5층)",
    "floor": 2,
    "source": "도면기준",
    "z_m": 5.15,
    "normal_az": 231.9,
    "s1_total_h": 5.33,
    "s1_cont_h": 5.0,
    "s1_pass_a": true,
    "s1_pass_b": true,
    "s2_total_h": 4.0,
    "s2_cont_h": 3.67,
    "s2_pass_a": true,
    "s2_pass_b": true,
    "d_total_h": -1.33,
    "d_cont_h": -1.33,
    "change_cd": "keep_ok",
    "변화": "유지 충족"
   }
  },
  {
   "type": "Feature",
   "geometry": {
    "type": "Point",
    "coordinates": [
     126.9365131,
     37.52340833
    ]
   },
   "properties": {
    "pid": "별관(5층) 3층-1",
    "school": "여의도초등학교",
    "jibun": "40-3",
    "kind": "교사동 창면",
    "dong": "별관(5층)",
    "facade": "별관(5층)",
    "floor": 3,
    "source": "도면기준",
    "z_m": 8.35,
    "normal_az": 231.9,
    "s1_total_h": 5.33,
    "s1_cont_h": 5.0,
    "s1_pass_a": true,
    "s1_pass_b": true,
    "s2_total_h": 4.0,
    "s2_cont_h": 3.67,
    "s2_pass_a": true,
    "s2_pass_b": true,
    "d_total_h": -1.33,
    "d_cont_h": -1.33,
    "change_cd": "keep_ok",
    "변화": "유지 충족"
   }
  },
  {
   "type": "Feature",
   "geometry": {
    "type": "Point",
    "coordinates": [
     126.9365131,
     37.52340833
    ]
   },
   "properties": {
    "pid": "별관(5층) 4층-1",
    "school": "여의도초등학교",
    "jibun": "40-3",
    "kind": "교사동 창면",
    "dong": "별관(5층)",
    "facade": "별관(5층)",
    "floor": 4,
    "source": "도면기준",
    "z_m": 11.55,
    "normal_az": 231.9,
    "s1_total_h": 5.33,
    "s1_cont_h": 5.0,
    "s1_pass_a": true,
    "s1_pass_b": true,
    "s2_total_h": 4.0,
    "s2_cont_h": 3.67,
    "s2_pass_a": true,
    "s2_pass_b": true,
    "d_total_h": -1.33,
    "d_cont_h": -1.33,
    "change_cd": "keep_ok",
    "변화": "유지 충족"
   }
  },
  {
   "type": "Feature",
   "geometry": {
    "type": "Point",
    "coordinates": [
     126.9365131,
     37.52340833
    ]
   },
   "properties": {
    "pid": "별관(5층) 5층-1",
    "school": "여의도초등학교",
    "jibun": "40-3",
    "kind": "교사동 창면",
    "dong": "별관(5층)",
    "facade": "별관(5층)",
    "floor": 5,
    "source": "도면기준",
    "z_m": 14.75,
    "normal_az": 231.9,
    "s1_total_h": 5.33,
    "s1_cont_h": 5.0,
    "s1_pass_a": true,
    "s1_pass_b": true,
    "s2_total_h": 4.0,
    "s2_cont_h": 3.67,
    "s2_pass_a": true,
    "s2_pass_b": true,
    "d_total_h": -1.33,
    "d_cont_h": -1.33,
    "change_cd": "keep_ok",
    "변화": "유지 충족"
   }
  },
  {
   "type": "Feature",
   "geometry": {
    "type": "Point",
    "coordinates": [
     126.93653825,
     37.52338283
    ]
   },
   "properties": {
    "pid": "별관(5층) 1층-2",
    "school": "여의도초등학교",
    "jibun": "40-3",
    "kind": "교사동 창면",
    "dong": "별관(5층)",
    "facade": "별관(5층)",
    "floor": 1,
    "source": "도면기준",
    "z_m": 1.95,
    "normal_az": 231.9,
    "s1_total_h": 5.17,
    "s1_cont_h": 5.0,
    "s1_pass_a": true,
    "s1_pass_b": true,
    "s2_total_h": 4.0,
    "s2_cont_h": 3.83,
    "s2_pass_a": true,
    "s2_pass_b": true,
    "d_total_h": -1.17,
    "d_cont_h": -1.17,
    "change_cd": "keep_ok",
    "변화": "유지 충족"
   }
  },
  {
   "type": "Feature",
   "geometry": {
    "type": "Point",
    "coordinates": [
     126.93653825,
     37.52338283
    ]
   },
   "properties": {
    "pid": "별관(5층) 2층-2",
    "school": "여의도초등학교",
    "jibun": "40-3",
    "kind": "교사동 창면",
    "dong": "별관(5층)",
    "facade": "별관(5층)",
    "floor": 2,
    "source": "도면기준",
    "z_m": 5.15,
    "normal_az": 231.9,
    "s1_total_h": 5.33,
    "s1_cont_h": 5.0,
    "s1_pass_a": true,
    "s1_pass_b": true,
    "s2_total_h": 4.17,
    "s2_cont_h": 3.83,
    "s2_pass_a": true,
    "s2_pass_b": true,
    "d_total_h": -1.16,
    "d_cont_h": -1.17,
    "change_cd": "keep_ok",
    "변화": "유지 충족"
   }
  },
  {
   "type": "Feature",
   "geometry": {
    "type": "Point",
    "coordinates": [
     126.93653825,
     37.52338283
    ]
   },
   "properties": {
    "pid": "별관(5층) 3층-2",
    "school": "여의도초등학교",
    "jibun": "40-3",
    "kind": "교사동 창면",
    "dong": "별관(5층)",
    "facade": "별관(5층)",
    "floor": 3,
    "source": "도면기준",
    "z_m": 8.35,
    "normal_az": 231.9,
    "s1_total_h": 5.33,
    "s1_cont_h": 5.0,
    "s1_pass_a": true,
    "s1_pass_b": true,
    "s2_total_h": 4.17,
    "s2_cont_h": 3.83,
    "s2_pass_a": true,
    "s2_pass_b": true,
    "d_total_h": -1.16,
    "d_cont_h": -1.17,
    "change_cd": "keep_ok",
    "변화": "유지 충족"
   }
  },
  {
   "type": "Feature",
   "geometry": {
    "type": "Point",
    "coordinates": [
     126.93653825,
     37.52338283
    ]
   },
   "properties": {
    "pid": "별관(5층) 4층-2",
    "school": "여의도초등학교",
    "jibun": "40-3",
    "kind": "교사동 창면",
    "dong": "별관(5층)",
    "facade": "별관(5층)",
    "floor": 4,
    "source": "도면기준",
    "z_m": 11.55,
    "normal_az": 231.9,
    "s1_total_h": 5.33,
    "s1_cont_h": 5.0,
    "s1_pass_a": true,
    "s1_pass_b": true,
    "s2_total_h": 4.17,
    "s2_cont_h": 3.83,
    "s2_pass_a": true,
    "s2_pass_b": true,
    "d_total_h": -1.16,
    "d_cont_h": -1.17,
    "change_cd": "keep_ok",
    "변화": "유지 충족"
   }
  },
  {
   "type": "Feature",
   "geometry": {
    "type": "Point",
    "coordinates": [
     126.93653825,
     37.52338283
    ]
   },
   "properties": {
    "pid": "별관(5층) 5층-2",
    "school": "여의도초등학교",
    "jibun": "40-3",
    "kind": "교사동 창면",
    "dong": "별관(5층)",
    "facade": "별관(5층)",
    "floor": 5,
    "source": "도면기준",
    "z_m": 14.75,
    "normal_az": 231.9,
    "s1_total_h": 5.33,
    "s1_cont_h": 5.0,
    "s1_pass_a": true,
    "s1_pass_b": true,
    "s2_total_h": 4.17,
    "s2_cont_h": 3.83,
    "s2_pass_a": true,
    "s2_pass_b": true,
    "d_total_h": -1.16,
    "d_cont_h": -1.17,
    "change_cd": "keep_ok",
    "변화": "유지 충족"
   }
  },
  {
   "type": "Feature",
   "geometry": {
    "type": "Point",
    "coordinates": [
     126.936576,
     37.52334458
    ]
   },
   "properties": {
    "pid": "별관(5층) 1층-3",
    "school": "여의도초등학교",
    "jibun": "40-3",
    "kind": "교사동 창면",
    "dong": "별관(5층)",
    "facade": "별관(5층)",
    "floor": 1,
    "source": "도면기준",
    "z_m": 1.95,
    "normal_az": 231.9,
    "s1_total_h": 5.33,
    "s1_cont_h": 5.17,
    "s1_pass_a": true,
    "s1_pass_b": true,
    "s2_total_h": 4.0,
    "s2_cont_h": 3.83,
    "s2_pass_a": true,
    "s2_pass_b": true,
    "d_total_h": -1.33,
    "d_cont_h": -1.34,
    "change_cd": "keep_ok",
    "변화": "유지 충족"
   }
  },
  {
   "type": "Feature",
   "geometry": {
    "type": "Point",
    "coordinates": [
     126.936576,
     37.52334458
    ]
   },
   "properties": {
    "pid": "별관(5층) 2층-3",
    "school": "여의도초등학교",
    "jibun": "40-3",
    "kind": "교사동 창면",
    "dong": "별관(5층)",
    "facade": "별관(5층)",
    "floor": 2,
    "source": "도면기준",
    "z_m": 5.15,
    "normal_az": 231.9,
    "s1_total_h": 5.33,
    "s1_cont_h": 5.17,
    "s1_pass_a": true,
    "s1_pass_b": true,
    "s2_total_h": 4.0,
    "s2_cont_h": 3.83,
    "s2_pass_a": true,
    "s2_pass_b": true,
    "d_total_h": -1.33,
    "d_cont_h": -1.34,
    "change_cd": "keep_ok",
    "변화": "유지 충족"
   }
  },
  {
   "type": "Feature",
   "geometry": {
    "type": "Point",
    "coordinates": [
     126.936576,
     37.52334458
    ]
   },
   "properties": {
    "pid": "별관(5층) 3층-3",
    "school": "여의도초등학교",
    "jibun": "40-3",
    "kind": "교사동 창면",
    "dong": "별관(5층)",
    "facade": "별관(5층)",
    "floor": 3,
    "source": "도면기준",
    "z_m": 8.35,
    "normal_az": 231.9,
    "s1_total_h": 5.33,
    "s1_cont_h": 5.17,
    "s1_pass_a": true,
    "s1_pass_b": true,
    "s2_total_h": 4.0,
    "s2_cont_h": 3.83,
    "s2_pass_a": true,
    "s2_pass_b": true,
    "d_total_h": -1.33,
    "d_cont_h": -1.34,
    "change_cd": "keep_ok",
    "변화": "유지 충족"
   }
  },
  {
   "type": "Feature",
   "geometry": {
    "type": "Point",
    "coordinates": [
     126.936576,
     37.52334458
    ]
   },
   "properties": {
    "pid": "별관(5층) 4층-3",
    "school": "여의도초등학교",
    "jibun": "40-3",
    "kind": "교사동 창면",
    "dong": "별관(5층)",
    "facade": "별관(5층)",
    "floor": 4,
    "source": "도면기준",
    "z_m": 11.55,
    "normal_az": 231.9,
    "s1_total_h": 5.33,
    "s1_cont_h": 5.17,
    "s1_pass_a": true,
    "s1_pass_b": true,
    "s2_total_h": 4.0,
    "s2_cont_h": 3.83,
    "s2_pass_a": true,
    "s2_pass_b": true,
    "d_total_h": -1.33,
    "d_cont_h": -1.34,
    "change_cd": "keep_ok",
    "변화": "유지 충족"
   }
  },
  {
   "type": "Feature",
   "geometry": {
    "type": "Point",
    "coordinates": [
     126.936576,
     37.52334458
    ]
   },
   "properties": {
    "pid": "별관(5층) 5층-3",
    "school": "여의도초등학교",
    "jibun": "40-3",
    "kind": "교사동 창면",
    "dong": "별관(5층)",
    "facade": "별관(5층)",
    "floor": 5,
    "source": "도면기준",
    "z_m": 14.75,
    "normal_az": 231.9,
    "s1_total_h": 5.33,
    "s1_cont_h": 5.17,
    "s1_pass_a": true,
    "s1_pass_b": true,
    "s2_total_h": 4.0,
    "s2_cont_h": 3.83,
    "s2_pass_a": true,
    "s2_pass_b": true,
    "d_total_h": -1.33,
    "d_cont_h": -1.34,
    "change_cd": "keep_ok",
    "변화": "유지 충족"
   }
  },
  {
   "type": "Feature",
   "geometry": {
    "type": "Point",
    "coordinates": [
     126.93660116,
     37.52331906
    ]
   },
   "properties": {
    "pid": "별관(5층) 1층-4",
    "school": "여의도초등학교",
    "jibun": "40-3",
    "kind": "교사동 창면",
    "dong": "별관(5층)",
    "facade": "별관(5층)",
    "floor": 1,
    "source": "도면기준",
    "z_m": 1.95,
    "normal_az": 231.9,
    "s1_total_h": 5.33,
    "s1_cont_h": 5.17,
    "s1_pass_a": true,
    "s1_pass_b": true,
    "s2_total_h": 4.17,
    "s2_cont_h": 4.0,
    "s2_pass_a": true,
    "s2_pass_b": true,
    "d_total_h": -1.16,
    "d_cont_h": -1.17,
    "change_cd": "keep_ok",
    "변화": "유지 충족"
   }
  },
  {
   "type": "Feature",
   "geometry": {
    "type": "Point",
    "coordinates": [
     126.93660116,
     37.52331906
    ]
   },
   "properties": {
    "pid": "별관(5층) 2층-4",
    "school": "여의도초등학교",
    "jibun": "40-3",
    "kind": "교사동 창면",
    "dong": "별관(5층)",
    "facade": "별관(5층)",
    "floor": 2,
    "source": "도면기준",
    "z_m": 5.15,
    "normal_az": 231.9,
    "s1_total_h": 5.33,
    "s1_cont_h": 5.17,
    "s1_pass_a": true,
    "s1_pass_b": true,
    "s2_total_h": 4.17,
    "s2_cont_h": 4.0,
    "s2_pass_a": true,
    "s2_pass_b": true,
    "d_total_h": -1.16,
    "d_cont_h": -1.17,
    "change_cd": "keep_ok",
    "변화": "유지 충족"
   }
  },
  {
   "type": "Feature",
   "geometry": {
    "type": "Point",
    "coordinates": [
     126.93660116,
     37.52331906
    ]
   },
   "properties": {
    "pid": "별관(5층) 3층-4",
    "school": "여의도초등학교",
    "jibun": "40-3",
    "kind": "교사동 창면",
    "dong": "별관(5층)",
    "facade": "별관(5층)",
    "floor": 3,
    "source": "도면기준",
    "z_m": 8.35,
    "normal_az": 231.9,
    "s1_total_h": 5.33,
    "s1_cont_h": 5.17,
    "s1_pass_a": true,
    "s1_pass_b": true,
    "s2_total_h": 4.17,
    "s2_cont_h": 4.0,
    "s2_pass_a": true,
    "s2_pass_b": true,
    "d_total_h": -1.16,
    "d_cont_h": -1.17,
    "change_cd": "keep_ok",
    "변화": "유지 충족"
   }
  },
  {
   "type": "Feature",
   "geometry": {
    "type": "Point",
    "coordinates": [
     126.93660116,
     37.52331906
    ]
   },
   "properties": {
    "pid": "별관(5층) 4층-4",
    "school": "여의도초등학교",
    "jibun": "40-3",
    "kind": "교사동 창면",
    "dong": "별관(5층)",
    "facade": "별관(5층)",
    "floor": 4,
    "source": "도면기준",
    "z_m": 11.55,
    "normal_az": 231.9,
    "s1_total_h": 5.33,
    "s1_cont_h": 5.17,
    "s1_pass_a": true,
    "s1_pass_b": true,
    "s2_total_h": 4.17,
    "s2_cont_h": 4.0,
    "s2_pass_a": true,
    "s2_pass_b": true,
    "d_total_h": -1.16,
    "d_cont_h": -1.17,
    "change_cd": "keep_ok",
    "변화": "유지 충족"
   }
  },
  {
   "type": "Feature",
   "geometry": {
    "type": "Point",
    "coordinates": [
     126.93660116,
     37.52331906
    ]
   },
   "properties": {
    "pid": "별관(5층) 5층-4",
    "school": "여의도초등학교",
    "jibun": "40-3",
    "kind": "교사동 창면",
    "dong": "별관(5층)",
    "facade": "별관(5층)",
    "floor": 5,
    "source": "도면기준",
    "z_m": 14.75,
    "normal_az": 231.9,
    "s1_total_h": 5.33,
    "s1_cont_h": 5.17,
    "s1_pass_a": true,
    "s1_pass_b": true,
    "s2_total_h": 4.17,
    "s2_cont_h": 4.0,
    "s2_pass_a": true,
    "s2_pass_b": true,
    "d_total_h": -1.16,
    "d_cont_h": -1.17,
    "change_cd": "keep_ok",
    "변화": "유지 충족"
   }
  },
  {
   "type": "Feature",
   "geometry": {
    "type": "Point",
    "coordinates": [
     126.9366389,
     37.52328081
    ]
   },
   "properties": {
    "pid": "별관(5층) 1층-5",
    "school": "여의도초등학교",
    "jibun": "40-3",
    "kind": "교사동 창면",
    "dong": "별관(5층)",
    "facade": "별관(5층)",
    "floor": 1,
    "source": "도면기준",
    "z_m": 1.95,
    "normal_az": 231.9,
    "s1_total_h": 5.17,
    "s1_cont_h": 5.17,
    "s1_pass_a": true,
    "s1_pass_b": true,
    "s2_total_h": 3.83,
    "s2_cont_h": 3.83,
    "s2_pass_a": true,
    "s2_pass_b": true,
    "d_total_h": -1.34,
    "d_cont_h": -1.34,
    "change_cd": "keep_ok",
    "변화": "유지 충족"
   }
  },
  {
   "type": "Feature",
   "geometry": {
    "type": "Point",
    "coordinates": [
     126.9366389,
     37.52328081
    ]
   },
   "properties": {
    "pid": "별관(5층) 2층-5",
    "school": "여의도초등학교",
    "jibun": "40-3",
    "kind": "교사동 창면",
    "dong": "별관(5층)",
    "facade": "별관(5층)",
    "floor": 2,
    "source": "도면기준",
    "z_m": 5.15,
    "normal_az": 231.9,
    "s1_total_h": 5.33,
    "s1_cont_h": 5.33,
    "s1_pass_a": true,
    "s1_pass_b": true,
    "s2_total_h": 4.0,
    "s2_cont_h": 4.0,
    "s2_pass_a": true,
    "s2_pass_b": true,
    "d_total_h": -1.33,
    "d_cont_h": -1.33,
    "change_cd": "keep_ok",
    "변화": "유지 충족"
   }
  },
  {
   "type": "Feature",
   "geometry": {
    "type": "Point",
    "coordinates": [
     126.9366389,
     37.52328081
    ]
   },
   "properties": {
    "pid": "별관(5층) 3층-5",
    "school": "여의도초등학교",
    "jibun": "40-3",
    "kind": "교사동 창면",
    "dong": "별관(5층)",
    "facade": "별관(5층)",
    "floor": 3,
    "source": "도면기준",
    "z_m": 8.35,
    "normal_az": 231.9,
    "s1_total_h": 5.33,
    "s1_cont_h": 5.33,
    "s1_pass_a": true,
    "s1_pass_b": true,
    "s2_total_h": 4.0,
    "s2_cont_h": 4.0,
    "s2_pass_a": true,
    "s2_pass_b": true,
    "d_total_h": -1.33,
    "d_cont_h": -1.33,
    "change_cd": "keep_ok",
    "변화": "유지 충족"
   }
  },
  {
   "type": "Feature",
   "geometry": {
    "type": "Point",
    "coordinates": [
     126.9366389,
     37.52328081
    ]
   },
   "properties": {
    "pid": "별관(5층) 4층-5",
    "school": "여의도초등학교",
    "jibun": "40-3",
    "kind": "교사동 창면",
    "dong": "별관(5층)",
    "facade": "별관(5층)",
    "floor": 4,
    "source": "도면기준",
    "z_m": 11.55,
    "normal_az": 231.9,
    "s1_total_h": 5.33,
    "s1_cont_h": 5.33,
    "s1_pass_a": true,
    "s1_pass_b": true,
    "s2_total_h": 4.0,
    "s2_cont_h": 4.0,
    "s2_pass_a": true,
    "s2_pass_b": true,
    "d_total_h": -1.33,
    "d_cont_h": -1.33,
    "change_cd": "keep_ok",
    "변화": "유지 충족"
   }
  },
  {
   "type": "Feature",
   "geometry": {
    "type": "Point",
    "coordinates": [
     126.9366389,
     37.52328081
    ]
   },
   "properties": {
    "pid": "별관(5층) 5층-5",
    "school": "여의도초등학교",
    "jibun": "40-3",
    "kind": "교사동 창면",
    "dong": "별관(5층)",
    "facade": "별관(5층)",
    "floor": 5,
    "source": "도면기준",
    "z_m": 14.75,
    "normal_az": 231.9,
    "s1_total_h": 5.33,
    "s1_cont_h": 5.33,
    "s1_pass_a": true,
    "s1_pass_b": true,
    "s2_total_h": 4.0,
    "s2_cont_h": 4.0,
    "s2_pass_a": true,
    "s2_pass_b": true,
    "d_total_h": -1.33,
    "d_cont_h": -1.33,
    "change_cd": "keep_ok",
    "변화": "유지 충족"
   }
  },
  {
   "type": "Feature",
   "geometry": {
    "type": "Point",
    "coordinates": [
     126.93666406,
     37.52325531
    ]
   },
   "properties": {
    "pid": "별관(5층) 1층-6",
    "school": "여의도초등학교",
    "jibun": "40-3",
    "kind": "교사동 창면",
    "dong": "별관(5층)",
    "facade": "별관(5층)",
    "floor": 1,
    "source": "도면기준",
    "z_m": 1.95,
    "normal_az": 231.9,
    "s1_total_h": 5.0,
    "s1_cont_h": 5.0,
    "s1_pass_a": true,
    "s1_pass_b": true,
    "s2_total_h": 3.83,
    "s2_cont_h": 3.83,
    "s2_pass_a": true,
    "s2_pass_b": true,
    "d_total_h": -1.17,
    "d_cont_h": -1.17,
    "change_cd": "keep_ok",
    "변화": "유지 충족"
   }
  },
  {
   "type": "Feature",
   "geometry": {
    "type": "Point",
    "coordinates": [
     126.93666406,
     37.52325531
    ]
   },
   "properties": {
    "pid": "별관(5층) 2층-6",
    "school": "여의도초등학교",
    "jibun": "40-3",
    "kind": "교사동 창면",
    "dong": "별관(5층)",
    "facade": "별관(5층)",
    "floor": 2,
    "source": "도면기준",
    "z_m": 5.15,
    "normal_az": 231.9,
    "s1_total_h": 5.33,
    "s1_cont_h": 5.33,
    "s1_pass_a": true,
    "s1_pass_b": true,
    "s2_total_h": 4.17,
    "s2_cont_h": 4.17,
    "s2_pass_a": true,
    "s2_pass_b": true,
    "d_total_h": -1.16,
    "d_cont_h": -1.16,
    "change_cd": "keep_ok",
    "변화": "유지 충족"
   }
  },
  {
   "type": "Feature",
   "geometry": {
    "type": "Point",
    "coordinates": [
     126.93666406,
     37.52325531
    ]
   },
   "properties": {
    "pid": "별관(5층) 3층-6",
    "school": "여의도초등학교",
    "jibun": "40-3",
    "kind": "교사동 창면",
    "dong": "별관(5층)",
    "facade": "별관(5층)",
    "floor": 3,
    "source": "도면기준",
    "z_m": 8.35,
    "normal_az": 231.9,
    "s1_total_h": 5.33,
    "s1_cont_h": 5.33,
    "s1_pass_a": true,
    "s1_pass_b": true,
    "s2_total_h": 4.17,
    "s2_cont_h": 4.17,
    "s2_pass_a": true,
    "s2_pass_b": true,
    "d_total_h": -1.16,
    "d_cont_h": -1.16,
    "change_cd": "keep_ok",
    "변화": "유지 충족"
   }
  },
  {
   "type": "Feature",
   "geometry": {
    "type": "Point",
    "coordinates": [
     126.93666406,
     37.52325531
    ]
   },
   "properties": {
    "pid": "별관(5층) 4층-6",
    "school": "여의도초등학교",
    "jibun": "40-3",
    "kind": "교사동 창면",
    "dong": "별관(5층)",
    "facade": "별관(5층)",
    "floor": 4,
    "source": "도면기준",
    "z_m": 11.55,
    "normal_az": 231.9,
    "s1_total_h": 5.33,
    "s1_cont_h": 5.33,
    "s1_pass_a": true,
    "s1_pass_b": true,
    "s2_total_h": 4.17,
    "s2_cont_h": 4.17,
    "s2_pass_a": true,
    "s2_pass_b": true,
    "d_total_h": -1.16,
    "d_cont_h": -1.16,
    "change_cd": "keep_ok",
    "변화": "유지 충족"
   }
  },
  {
   "type": "Feature",
   "geometry": {
    "type": "Point",
    "coordinates": [
     126.93666406,
     37.52325531
    ]
   },
   "properties": {
    "pid": "별관(5층) 5층-6",
    "school": "여의도초등학교",
    "jibun": "40-3",
    "kind": "교사동 창면",
    "dong": "별관(5층)",
    "facade": "별관(5층)",
    "floor": 5,
    "source": "도면기준",
    "z_m": 14.75,
    "normal_az": 231.9,
    "s1_total_h": 5.33,
    "s1_cont_h": 5.33,
    "s1_pass_a": true,
    "s1_pass_b": true,
    "s2_total_h": 4.17,
    "s2_cont_h": 4.17,
    "s2_pass_a": true,
    "s2_pass_b": true,
    "d_total_h": -1.16,
    "d_cont_h": -1.16,
    "change_cd": "keep_ok",
    "변화": "유지 충족"
   }
  },
  {
   "type": "Feature",
   "geometry": {
    "type": "Point",
    "coordinates": [
     126.93672696,
     37.52319154
    ]
   },
   "properties": {
    "pid": "별관(5층) 1층-7",
    "school": "여의도초등학교",
    "jibun": "40-3",
    "kind": "교사동 창면",
    "dong": "별관(5층)",
    "facade": "별관(5층)",
    "floor": 1,
    "source": "도면기준",
    "z_m": 1.95,
    "normal_az": 231.9,
    "s1_total_h": 5.0,
    "s1_cont_h": 5.0,
    "s1_pass_a": true,
    "s1_pass_b": true,
    "s2_total_h": 3.83,
    "s2_cont_h": 3.83,
    "s2_pass_a": true,
    "s2_pass_b": true,
    "d_total_h": -1.17,
    "d_cont_h": -1.17,
    "change_cd": "keep_ok",
    "변화": "유지 충족"
   }
  },
  {
   "type": "Feature",
   "geometry": {
    "type": "Point",
    "coordinates": [
     126.93672696,
     37.52319154
    ]
   },
   "properties": {
    "pid": "별관(5층) 2층-7",
    "school": "여의도초등학교",
    "jibun": "40-3",
    "kind": "교사동 창면",
    "dong": "별관(5층)",
    "facade": "별관(5층)",
    "floor": 2,
    "source": "도면기준",
    "z_m": 5.15,
    "normal_az": 231.9,
    "s1_total_h": 5.0,
    "s1_cont_h": 5.0,
    "s1_pass_a": true,
    "s1_pass_b": true,
    "s2_total_h": 3.83,
    "s2_cont_h": 3.83,
    "s2_pass_a": true,
    "s2_pass_b": true,
    "d_total_h": -1.17,
    "d_cont_h": -1.17,
    "change_cd": "keep_ok",
    "변화": "유지 충족"
   }
  },
  {
   "type": "Feature",
   "geometry": {
    "type": "Point",
    "coordinates": [
     126.93672696,
     37.52319154
    ]
   },
   "properties": {
    "pid": "별관(5층) 3층-7",
    "school": "여의도초등학교",
    "jibun": "40-3",
    "kind": "교사동 창면",
    "dong": "별관(5층)",
    "facade": "별관(5층)",
    "floor": 3,
    "source": "도면기준",
    "z_m": 8.35,
    "normal_az": 231.9,
    "s1_total_h": 5.5,
    "s1_cont_h": 5.5,
    "s1_pass_a": true,
    "s1_pass_b": true,
    "s2_total_h": 4.33,
    "s2_cont_h": 4.33,
    "s2_pass_a": true,
    "s2_pass_b": true,
    "d_total_h": -1.17,
    "d_cont_h": -1.17,
    "change_cd": "keep_ok",
    "변화": "유지 충족"
   }
  },
  {
   "type": "Feature",
   "geometry": {
    "type": "Point",
    "coordinates": [
     126.93672696,
     37.52319154
    ]
   },
   "properties": {
    "pid": "별관(5층) 4층-7",
    "school": "여의도초등학교",
    "jibun": "40-3",
    "kind": "교사동 창면",
    "dong": "별관(5층)",
    "facade": "별관(5층)",
    "floor": 4,
    "source": "도면기준",
    "z_m": 11.55,
    "normal_az": 231.9,
    "s1_total_h": 5.5,
    "s1_cont_h": 5.5,
    "s1_pass_a": true,
    "s1_pass_b": true,
    "s2_total_h": 4.33,
    "s2_cont_h": 4.33,
    "s2_pass_a": true,
    "s2_pass_b": true,
    "d_total_h": -1.17,
    "d_cont_h": -1.17,
    "change_cd": "keep_ok",
    "변화": "유지 충족"
   }
  },
  {
   "type": "Feature",
   "geometry": {
    "type": "Point",
    "coordinates": [
     126.93672696,
     37.52319154
    ]
   },
   "properties": {
    "pid": "별관(5층) 5층-7",
    "school": "여의도초등학교",
    "jibun": "40-3",
    "kind": "교사동 창면",
    "dong": "별관(5층)",
    "facade": "별관(5층)",
    "floor": 5,
    "source": "도면기준",
    "z_m": 14.75,
    "normal_az": 231.9,
    "s1_total_h": 5.5,
    "s1_cont_h": 5.5,
    "s1_pass_a": true,
    "s1_pass_b": true,
    "s2_total_h": 4.33,
    "s2_cont_h": 4.33,
    "s2_pass_a": true,
    "s2_pass_b": true,
    "d_total_h": -1.17,
    "d_cont_h": -1.17,
    "change_cd": "keep_ok",
    "변화": "유지 충족"
   }
  },
  {
   "type": "Feature",
   "geometry": {
    "type": "Point",
    "coordinates": [
     126.9367647,
     37.52315329
    ]
   },
   "properties": {
    "pid": "별관(5층) 1층-8",
    "school": "여의도초등학교",
    "jibun": "40-3",
    "kind": "교사동 창면",
    "dong": "별관(5층)",
    "facade": "별관(5층)",
    "floor": 1,
    "source": "도면기준",
    "z_m": 1.95,
    "normal_az": 231.9,
    "s1_total_h": 5.0,
    "s1_cont_h": 5.0,
    "s1_pass_a": true,
    "s1_pass_b": true,
    "s2_total_h": 4.0,
    "s2_cont_h": 4.0,
    "s2_pass_a": true,
    "s2_pass_b": true,
    "d_total_h": -1.0,
    "d_cont_h": -1.0,
    "change_cd": "keep_ok",
    "변화": "유지 충족"
   }
  },
  {
   "type": "Feature",
   "geometry": {
    "type": "Point",
    "coordinates": [
     126.9367647,
     37.52315329
    ]
   },
   "properties": {
    "pid": "별관(5층) 2층-8",
    "school": "여의도초등학교",
    "jibun": "40-3",
    "kind": "교사동 창면",
    "dong": "별관(5층)",
    "facade": "별관(5층)",
    "floor": 2,
    "source": "도면기준",
    "z_m": 5.15,
    "normal_az": 231.9,
    "s1_total_h": 5.17,
    "s1_cont_h": 5.17,
    "s1_pass_a": true,
    "s1_pass_b": true,
    "s2_total_h": 4.0,
    "s2_cont_h": 4.0,
    "s2_pass_a": true,
    "s2_pass_b": true,
    "d_total_h": -1.17,
    "d_cont_h": -1.17,
    "change_cd": "keep_ok",
    "변화": "유지 충족"
   }
  },
  {
   "type": "Feature",
   "geometry": {
    "type": "Point",
    "coordinates": [
     126.9367647,
     37.52315329
    ]
   },
   "properties": {
    "pid": "별관(5층) 3층-8",
    "school": "여의도초등학교",
    "jibun": "40-3",
    "kind": "교사동 창면",
    "dong": "별관(5층)",
    "facade": "별관(5층)",
    "floor": 3,
    "source": "도면기준",
    "z_m": 8.35,
    "normal_az": 231.9,
    "s1_total_h": 5.5,
    "s1_cont_h": 5.5,
    "s1_pass_a": true,
    "s1_pass_b": true,
    "s2_total_h": 4.33,
    "s2_cont_h": 4.33,
    "s2_pass_a": true,
    "s2_pass_b": true,
    "d_total_h": -1.17,
    "d_cont_h": -1.17,
    "change_cd": "keep_ok",
    "변화": "유지 충족"
   }
  },
  {
   "type": "Feature",
   "geometry": {
    "type": "Point",
    "coordinates": [
     126.9367647,
     37.52315329
    ]
   },
   "properties": {
    "pid": "별관(5층) 4층-8",
    "school": "여의도초등학교",
    "jibun": "40-3",
    "kind": "교사동 창면",
    "dong": "별관(5층)",
    "facade": "별관(5층)",
    "floor": 4,
    "source": "도면기준",
    "z_m": 11.55,
    "normal_az": 231.9,
    "s1_total_h": 5.67,
    "s1_cont_h": 5.67,
    "s1_pass_a": true,
    "s1_pass_b": true,
    "s2_total_h": 4.5,
    "s2_cont_h": 4.5,
    "s2_pass_a": true,
    "s2_pass_b": true,
    "d_total_h": -1.17,
    "d_cont_h": -1.17,
    "change_cd": "keep_ok",
    "변화": "유지 충족"
   }
  },
  {
   "type": "Feature",
   "geometry": {
    "type": "Point",
    "coordinates": [
     126.9367647,
     37.52315329
    ]
   },
   "properties": {
    "pid": "별관(5층) 5층-8",
    "school": "여의도초등학교",
    "jibun": "40-3",
    "kind": "교사동 창면",
    "dong": "별관(5층)",
    "facade": "별관(5층)",
    "floor": 5,
    "source": "도면기준",
    "z_m": 14.75,
    "normal_az": 231.9,
    "s1_total_h": 5.67,
    "s1_cont_h": 5.67,
    "s1_pass_a": true,
    "s1_pass_b": true,
    "s2_total_h": 4.5,
    "s2_cont_h": 4.5,
    "s2_pass_a": true,
    "s2_pass_b": true,
    "d_total_h": -1.17,
    "d_cont_h": -1.17,
    "change_cd": "keep_ok",
    "변화": "유지 충족"
   }
  },
  {
   "type": "Feature",
   "geometry": {
    "type": "Point",
    "coordinates": [
     126.93678987,
     37.52312777
    ]
   },
   "properties": {
    "pid": "별관(5층) 1층-9",
    "school": "여의도초등학교",
    "jibun": "40-3",
    "kind": "교사동 창면",
    "dong": "별관(5층)",
    "facade": "별관(5층)",
    "floor": 1,
    "source": "도면기준",
    "z_m": 1.95,
    "normal_az": 231.9,
    "s1_total_h": 4.83,
    "s1_cont_h": 4.83,
    "s1_pass_a": true,
    "s1_pass_b": true,
    "s2_total_h": 4.0,
    "s2_cont_h": 4.0,
    "s2_pass_a": true,
    "s2_pass_b": true,
    "d_total_h": -0.83,
    "d_cont_h": -0.83,
    "change_cd": "keep_ok",
    "변화": "유지 충족"
   }
  },
  {
   "type": "Feature",
   "geometry": {
    "type": "Point",
    "coordinates": [
     126.93678987,
     37.52312777
    ]
   },
   "properties": {
    "pid": "별관(5층) 2층-9",
    "school": "여의도초등학교",
    "jibun": "40-3",
    "kind": "교사동 창면",
    "dong": "별관(5층)",
    "facade": "별관(5층)",
    "floor": 2,
    "source": "도면기준",
    "z_m": 5.15,
    "normal_az": 231.9,
    "s1_total_h": 5.0,
    "s1_cont_h": 5.0,
    "s1_pass_a": true,
    "s1_pass_b": true,
    "s2_total_h": 4.0,
    "s2_cont_h": 4.0,
    "s2_pass_a": true,
    "s2_pass_b": true,
    "d_total_h": -1.0,
    "d_cont_h": -1.0,
    "change_cd": "keep_ok",
    "변화": "유지 충족"
   }
  },
  {
   "type": "Feature",
   "geometry": {
    "type": "Point",
    "coordinates": [
     126.93678987,
     37.52312777
    ]
   },
   "properties": {
    "pid": "별관(5층) 3층-9",
    "school": "여의도초등학교",
    "jibun": "40-3",
    "kind": "교사동 창면",
    "dong": "별관(5층)",
    "facade": "별관(5층)",
    "floor": 3,
    "source": "도면기준",
    "z_m": 8.35,
    "normal_az": 231.9,
    "s1_total_h": 5.0,
    "s1_cont_h": 5.0,
    "s1_pass_a": true,
    "s1_pass_b": true,
    "s2_total_h": 4.0,
    "s2_cont_h": 4.0,
    "s2_pass_a": true,
    "s2_pass_b": true,
    "d_total_h": -1.0,
    "d_cont_h": -1.0,
    "change_cd": "keep_ok",
    "변화": "유지 충족"
   }
  },
  {
   "type": "Feature",
   "geometry": {
    "type": "Point",
    "coordinates": [
     126.93678987,
     37.52312777
    ]
   },
   "properties": {
    "pid": "별관(5층) 4층-9",
    "school": "여의도초등학교",
    "jibun": "40-3",
    "kind": "교사동 창면",
    "dong": "별관(5층)",
    "facade": "별관(5층)",
    "floor": 4,
    "source": "도면기준",
    "z_m": 11.55,
    "normal_az": 231.9,
    "s1_total_h": 5.67,
    "s1_cont_h": 5.67,
    "s1_pass_a": true,
    "s1_pass_b": true,
    "s2_total_h": 4.67,
    "s2_cont_h": 4.67,
    "s2_pass_a": true,
    "s2_pass_b": true,
    "d_total_h": -1.0,
    "d_cont_h": -1.0,
    "change_cd": "keep_ok",
    "변화": "유지 충족"
   }
  },
  {
   "type": "Feature",
   "geometry": {
    "type": "Point",
    "coordinates": [
     126.93678987,
     37.52312777
    ]
   },
   "properties": {
    "pid": "별관(5층) 5층-9",
    "school": "여의도초등학교",
    "jibun": "40-3",
    "kind": "교사동 창면",
    "dong": "별관(5층)",
    "facade": "별관(5층)",
    "floor": 5,
    "source": "도면기준",
    "z_m": 14.75,
    "normal_az": 231.9,
    "s1_total_h": 5.67,
    "s1_cont_h": 5.67,
    "s1_pass_a": true,
    "s1_pass_b": true,
    "s2_total_h": 4.67,
    "s2_cont_h": 4.67,
    "s2_pass_a": true,
    "s2_pass_b": true,
    "d_total_h": -1.0,
    "d_cont_h": -1.0,
    "change_cd": "keep_ok",
    "변화": "유지 충족"
   }
  },
  {
   "type": "Feature",
   "geometry": {
    "type": "Point",
    "coordinates": [
     126.9368276,
     37.52308952
    ]
   },
   "properties": {
    "pid": "별관(5층) 1층-10",
    "school": "여의도초등학교",
    "jibun": "40-3",
    "kind": "교사동 창면",
    "dong": "별관(5층)",
    "facade": "별관(5층)",
    "floor": 1,
    "source": "도면기준",
    "z_m": 1.95,
    "normal_az": 231.9,
    "s1_total_h": 4.33,
    "s1_cont_h": 4.33,
    "s1_pass_a": true,
    "s1_pass_b": true,
    "s2_total_h": 3.67,
    "s2_cont_h": 3.67,
    "s2_pass_a": true,
    "s2_pass_b": true,
    "d_total_h": -0.66,
    "d_cont_h": -0.66,
    "change_cd": "keep_ok",
    "변화": "유지 충족"
   }
  },
  {
   "type": "Feature",
   "geometry": {
    "type": "Point",
    "coordinates": [
     126.9368276,
     37.52308952
    ]
   },
   "properties": {
    "pid": "별관(5층) 2층-10",
    "school": "여의도초등학교",
    "jibun": "40-3",
    "kind": "교사동 창면",
    "dong": "별관(5층)",
    "facade": "별관(5층)",
    "floor": 2,
    "source": "도면기준",
    "z_m": 5.15,
    "normal_az": 231.9,
    "s1_total_h": 4.67,
    "s1_cont_h": 4.67,
    "s1_pass_a": true,
    "s1_pass_b": true,
    "s2_total_h": 3.67,
    "s2_cont_h": 3.67,
    "s2_pass_a": true,
    "s2_pass_b": true,
    "d_total_h": -1.0,
    "d_cont_h": -1.0,
    "change_cd": "keep_ok",
    "변화": "유지 충족"
   }
  },
  {
   "type": "Feature",
   "geometry": {
    "type": "Point",
    "coordinates": [
     126.9368276,
     37.52308952
    ]
   },
   "properties": {
    "pid": "별관(5층) 3층-10",
    "school": "여의도초등학교",
    "jibun": "40-3",
    "kind": "교사동 창면",
    "dong": "별관(5층)",
    "facade": "별관(5층)",
    "floor": 3,
    "source": "도면기준",
    "z_m": 8.35,
    "normal_az": 231.9,
    "s1_total_h": 4.67,
    "s1_cont_h": 4.67,
    "s1_pass_a": true,
    "s1_pass_b": true,
    "s2_total_h": 3.67,
    "s2_cont_h": 3.67,
    "s2_pass_a": true,
    "s2_pass_b": true,
    "d_total_h": -1.0,
    "d_cont_h": -1.0,
    "change_cd": "keep_ok",
    "변화": "유지 충족"
   }
  },
  {
   "type": "Feature",
   "geometry": {
    "type": "Point",
    "coordinates": [
     126.9368276,
     37.52308952
    ]
   },
   "properties": {
    "pid": "별관(5층) 4층-10",
    "school": "여의도초등학교",
    "jibun": "40-3",
    "kind": "교사동 창면",
    "dong": "별관(5층)",
    "facade": "별관(5층)",
    "floor": 4,
    "source": "도면기준",
    "z_m": 11.55,
    "normal_az": 231.9,
    "s1_total_h": 5.33,
    "s1_cont_h": 5.33,
    "s1_pass_a": true,
    "s1_pass_b": true,
    "s2_total_h": 4.33,
    "s2_cont_h": 4.33,
    "s2_pass_a": true,
    "s2_pass_b": true,
    "d_total_h": -1.0,
    "d_cont_h": -1.0,
    "change_cd": "keep_ok",
    "변화": "유지 충족"
   }
  },
  {
   "type": "Feature",
   "geometry": {
    "type": "Point",
    "coordinates": [
     126.9368276,
     37.52308952
    ]
   },
   "properties": {
    "pid": "별관(5층) 5층-10",
    "school": "여의도초등학교",
    "jibun": "40-3",
    "kind": "교사동 창면",
    "dong": "별관(5층)",
    "facade": "별관(5층)",
    "floor": 5,
    "source": "도면기준",
    "z_m": 14.75,
    "normal_az": 231.9,
    "s1_total_h": 5.83,
    "s1_cont_h": 5.83,
    "s1_pass_a": true,
    "s1_pass_b": true,
    "s2_total_h": 4.83,
    "s2_cont_h": 4.83,
    "s2_pass_a": true,
    "s2_pass_b": true,
    "d_total_h": -1.0,
    "d_cont_h": -1.0,
    "change_cd": "keep_ok",
    "변화": "유지 충족"
   }
  },
  {
   "type": "Feature",
   "geometry": {
    "type": "Point",
    "coordinates": [
     126.93685276,
     37.52306402
    ]
   },
   "properties": {
    "pid": "별관(5층) 1층-11",
    "school": "여의도초등학교",
    "jibun": "40-3",
    "kind": "교사동 창면",
    "dong": "별관(5층)",
    "facade": "별관(5층)",
    "floor": 1,
    "source": "도면기준",
    "z_m": 1.95,
    "normal_az": 231.9,
    "s1_total_h": 3.83,
    "s1_cont_h": 3.83,
    "s1_pass_a": true,
    "s1_pass_b": true,
    "s2_total_h": 3.17,
    "s2_cont_h": 3.17,
    "s2_pass_a": true,
    "s2_pass_b": true,
    "d_total_h": -0.66,
    "d_cont_h": -0.66,
    "change_cd": "keep_ok",
    "변화": "유지 충족"
   }
  },
  {
   "type": "Feature",
   "geometry": {
    "type": "Point",
    "coordinates": [
     126.93685276,
     37.52306402
    ]
   },
   "properties": {
    "pid": "별관(5층) 2층-11",
    "school": "여의도초등학교",
    "jibun": "40-3",
    "kind": "교사동 창면",
    "dong": "별관(5층)",
    "facade": "별관(5층)",
    "floor": 2,
    "source": "도면기준",
    "z_m": 5.15,
    "normal_az": 231.9,
    "s1_total_h": 4.17,
    "s1_cont_h": 4.17,
    "s1_pass_a": true,
    "s1_pass_b": true,
    "s2_total_h": 3.17,
    "s2_cont_h": 3.17,
    "s2_pass_a": true,
    "s2_pass_b": true,
    "d_total_h": -1.0,
    "d_cont_h": -1.0,
    "change_cd": "keep_ok",
    "변화": "유지 충족"
   }
  },
  {
   "type": "Feature",
   "geometry": {
    "type": "Point",
    "coordinates": [
     126.93685276,
     37.52306402
    ]
   },
   "properties": {
    "pid": "별관(5층) 3층-11",
    "school": "여의도초등학교",
    "jibun": "40-3",
    "kind": "교사동 창면",
    "dong": "별관(5층)",
    "facade": "별관(5층)",
    "floor": 3,
    "source": "도면기준",
    "z_m": 8.35,
    "normal_az": 231.9,
    "s1_total_h": 4.33,
    "s1_cont_h": 4.33,
    "s1_pass_a": true,
    "s1_pass_b": true,
    "s2_total_h": 3.17,
    "s2_cont_h": 3.17,
    "s2_pass_a": true,
    "s2_pass_b": true,
    "d_total_h": -1.16,
    "d_cont_h": -1.16,
    "change_cd": "keep_ok",
    "변화": "유지 충족"
   }
  },
  {
   "type": "Feature",
   "geometry": {
    "type": "Point",
    "coordinates": [
     126.93685276,
     37.52306402
    ]
   },
   "properties": {
    "pid": "별관(5층) 4층-11",
    "school": "여의도초등학교",
    "jibun": "40-3",
    "kind": "교사동 창면",
    "dong": "별관(5층)",
    "facade": "별관(5층)",
    "floor": 4,
    "source": "도면기준",
    "z_m": 11.55,
    "normal_az": 231.9,
    "s1_total_h": 4.33,
    "s1_cont_h": 4.33,
    "s1_pass_a": true,
    "s1_pass_b": true,
    "s2_total_h": 3.17,
    "s2_cont_h": 3.17,
    "s2_pass_a": true,
    "s2_pass_b": true,
    "d_total_h": -1.16,
    "d_cont_h": -1.16,
    "change_cd": "keep_ok",
    "변화": "유지 충족"
   }
  },
  {
   "type": "Feature",
   "geometry": {
    "type": "Point",
    "coordinates": [
     126.93685276,
     37.52306402
    ]
   },
   "properties": {
    "pid": "별관(5층) 5층-11",
    "school": "여의도초등학교",
    "jibun": "40-3",
    "kind": "교사동 창면",
    "dong": "별관(5층)",
    "facade": "별관(5층)",
    "floor": 5,
    "source": "도면기준",
    "z_m": 14.75,
    "normal_az": 231.9,
    "s1_total_h": 6.0,
    "s1_cont_h": 6.0,
    "s1_pass_a": true,
    "s1_pass_b": true,
    "s2_total_h": 4.83,
    "s2_cont_h": 4.83,
    "s2_pass_a": true,
    "s2_pass_b": true,
    "d_total_h": -1.17,
    "d_cont_h": -1.17,
    "change_cd": "keep_ok",
    "변화": "유지 충족"
   }
  },
  {
   "type": "Feature",
   "geometry": {
    "type": "Point",
    "coordinates": [
     126.93689051,
     37.52302575
    ]
   },
   "properties": {
    "pid": "별관(5층) 1층-12",
    "school": "여의도초등학교",
    "jibun": "40-3",
    "kind": "교사동 창면",
    "dong": "별관(5층)",
    "facade": "별관(5층)",
    "floor": 1,
    "source": "도면기준",
    "z_m": 1.95,
    "normal_az": 231.9,
    "s1_total_h": 1.0,
    "s1_cont_h": 1.0,
    "s1_pass_a": false,
    "s1_pass_b": false,
    "s2_total_h": 0.5,
    "s2_cont_h": 0.5,
    "s2_pass_a": false,
    "s2_pass_b": false,
    "d_total_h": -0.5,
    "d_cont_h": -0.5,
    "change_cd": "keep_fail",
    "변화": "유지 불충족"
   }
  },
  {
   "type": "Feature",
   "geometry": {
    "type": "Point",
    "coordinates": [
     126.93689051,
     37.52302575
    ]
   },
   "properties": {
    "pid": "별관(5층) 2층-12",
    "school": "여의도초등학교",
    "jibun": "40-3",
    "kind": "교사동 창면",
    "dong": "별관(5층)",
    "facade": "별관(5층)",
    "floor": 2,
    "source": "도면기준",
    "z_m": 5.15,
    "normal_az": 231.9,
    "s1_total_h": 1.33,
    "s1_cont_h": 1.33,
    "s1_pass_a": false,
    "s1_pass_b": false,
    "s2_total_h": 0.5,
    "s2_cont_h": 0.5,
    "s2_pass_a": false,
    "s2_pass_b": false,
    "d_total_h": -0.83,
    "d_cont_h": -0.83,
    "change_cd": "keep_fail",
    "변화": "유지 불충족"
   }
  },
  {
   "type": "Feature",
   "geometry": {
    "type": "Point",
    "coordinates": [
     126.93689051,
     37.52302575
    ]
   },
   "properties": {
    "pid": "별관(5층) 3층-12",
    "school": "여의도초등학교",
    "jibun": "40-3",
    "kind": "교사동 창면",
    "dong": "별관(5층)",
    "facade": "별관(5층)",
    "floor": 3,
    "source": "도면기준",
    "z_m": 8.35,
    "normal_az": 231.9,
    "s1_total_h": 1.5,
    "s1_cont_h": 1.5,
    "s1_pass_a": false,
    "s1_pass_b": false,
    "s2_total_h": 0.5,
    "s2_cont_h": 0.5,
    "s2_pass_a": false,
    "s2_pass_b": false,
    "d_total_h": -1.0,
    "d_cont_h": -1.0,
    "change_cd": "keep_fail",
    "변화": "유지 불충족"
   }
  },
  {
   "type": "Feature",
   "geometry": {
    "type": "Point",
    "coordinates": [
     126.93689051,
     37.52302575
    ]
   },
   "properties": {
    "pid": "별관(5층) 4층-12",
    "school": "여의도초등학교",
    "jibun": "40-3",
    "kind": "교사동 창면",
    "dong": "별관(5층)",
    "facade": "별관(5층)",
    "floor": 4,
    "source": "도면기준",
    "z_m": 11.55,
    "normal_az": 231.9,
    "s1_total_h": 1.5,
    "s1_cont_h": 1.5,
    "s1_pass_a": false,
    "s1_pass_b": false,
    "s2_total_h": 0.5,
    "s2_cont_h": 0.5,
    "s2_pass_a": false,
    "s2_pass_b": false,
    "d_total_h": -1.0,
    "d_cont_h": -1.0,
    "change_cd": "keep_fail",
    "변화": "유지 불충족"
   }
  },
  {
   "type": "Feature",
   "geometry": {
    "type": "Point",
    "coordinates": [
     126.93689051,
     37.52302575
    ]
   },
   "properties": {
    "pid": "별관(5층) 5층-12",
    "school": "여의도초등학교",
    "jibun": "40-3",
    "kind": "교사동 창면",
    "dong": "별관(5층)",
    "facade": "별관(5층)",
    "floor": 5,
    "source": "도면기준",
    "z_m": 14.75,
    "normal_az": 231.9,
    "s1_total_h": 2.5,
    "s1_cont_h": 2.5,
    "s1_pass_a": true,
    "s1_pass_b": false,
    "s2_total_h": 1.5,
    "s2_cont_h": 1.5,
    "s2_pass_a": false,
    "s2_pass_b": false,
    "d_total_h": -1.0,
    "d_cont_h": -1.0,
    "change_cd": "new_fail",
    "변화": "신규 불충족"
   }
  },
  {
   "type": "Feature",
   "geometry": {
    "type": "Point",
    "coordinates": [
     126.9369534,
     37.522962
    ]
   },
   "properties": {
    "pid": "별관(5층) 1층-13",
    "school": "여의도초등학교",
    "jibun": "40-3",
    "kind": "교사동 창면",
    "dong": "별관(5층)",
    "facade": "별관(5층)",
    "floor": 1,
    "source": "도면기준",
    "z_m": 1.95,
    "normal_az": 231.9,
    "s1_total_h": 0.0,
    "s1_cont_h": 0.0,
    "s1_pass_a": false,
    "s1_pass_b": false,
    "s2_total_h": 0.0,
    "s2_cont_h": 0.0,
    "s2_pass_a": false,
    "s2_pass_b": false,
    "d_total_h": 0.0,
    "d_cont_h": 0.0,
    "change_cd": "keep_fail",
    "변화": "유지 불충족"
   }
  },
  {
   "type": "Feature",
   "geometry": {
    "type": "Point",
    "coordinates": [
     126.9369534,
     37.522962
    ]
   },
   "properties": {
    "pid": "별관(5층) 2층-13",
    "school": "여의도초등학교",
    "jibun": "40-3",
    "kind": "교사동 창면",
    "dong": "별관(5층)",
    "facade": "별관(5층)",
    "floor": 2,
    "source": "도면기준",
    "z_m": 5.15,
    "normal_az": 231.9,
    "s1_total_h": 0.0,
    "s1_cont_h": 0.0,
    "s1_pass_a": false,
    "s1_pass_b": false,
    "s2_total_h": 0.0,
    "s2_cont_h": 0.0,
    "s2_pass_a": false,
    "s2_pass_b": false,
    "d_total_h": 0.0,
    "d_cont_h": 0.0,
    "change_cd": "keep_fail",
    "변화": "유지 불충족"
   }
  },
  {
   "type": "Feature",
   "geometry": {
    "type": "Point",
    "coordinates": [
     126.9369534,
     37.522962
    ]
   },
   "properties": {
    "pid": "별관(5층) 3층-13",
    "school": "여의도초등학교",
    "jibun": "40-3",
    "kind": "교사동 창면",
    "dong": "별관(5층)",
    "facade": "별관(5층)",
    "floor": 3,
    "source": "도면기준",
    "z_m": 8.35,
    "normal_az": 231.9,
    "s1_total_h": 0.33,
    "s1_cont_h": 0.33,
    "s1_pass_a": false,
    "s1_pass_b": false,
    "s2_total_h": 0.33,
    "s2_cont_h": 0.33,
    "s2_pass_a": false,
    "s2_pass_b": false,
    "d_total_h": 0.0,
    "d_cont_h": 0.0,
    "change_cd": "keep_fail",
    "변화": "유지 불충족"
   }
  },
  {
   "type": "Feature",
   "geometry": {
    "type": "Point",
    "coordinates": [
     126.9369534,
     37.522962
    ]
   },
   "properties": {
    "pid": "별관(5층) 4층-13",
    "school": "여의도초등학교",
    "jibun": "40-3",
    "kind": "교사동 창면",
    "dong": "별관(5층)",
    "facade": "별관(5층)",
    "floor": 4,
    "source": "도면기준",
    "z_m": 11.55,
    "normal_az": 231.9,
    "s1_total_h": 1.5,
    "s1_cont_h": 1.5,
    "s1_pass_a": false,
    "s1_pass_b": false,
    "s2_total_h": 1.5,
    "s2_cont_h": 1.5,
    "s2_pass_a": false,
    "s2_pass_b": false,
    "d_total_h": 0.0,
    "d_cont_h": 0.0,
    "change_cd": "keep_fail",
    "변화": "유지 불충족"
   }
  },
  {
   "type": "Feature",
   "geometry": {
    "type": "Point",
    "coordinates": [
     126.9369534,
     37.522962
    ]
   },
   "properties": {
    "pid": "별관(5층) 5층-13",
    "school": "여의도초등학교",
    "jibun": "40-3",
    "kind": "교사동 창면",
    "dong": "별관(5층)",
    "facade": "별관(5층)",
    "floor": 5,
    "source": "도면기준",
    "z_m": 14.75,
    "normal_az": 231.9,
    "s1_total_h": 3.33,
    "s1_cont_h": 3.33,
    "s1_pass_a": true,
    "s1_pass_b": true,
    "s2_total_h": 3.33,
    "s2_cont_h": 3.33,
    "s2_pass_a": true,
    "s2_pass_b": true,
    "d_total_h": 0.0,
    "d_cont_h": 0.0,
    "change_cd": "keep_ok",
    "변화": "유지 충족"
   }
  },
  {
   "type": "Feature",
   "geometry": {
    "type": "Point",
    "coordinates": [
     126.93697856,
     37.52293648
    ]
   },
   "properties": {
    "pid": "별관(5층) 1층-14",
    "school": "여의도초등학교",
    "jibun": "40-3",
    "kind": "교사동 창면",
    "dong": "별관(5층)",
    "facade": "별관(5층)",
    "floor": 1,
    "source": "도면기준",
    "z_m": 1.95,
    "normal_az": 231.9,
    "s1_total_h": 0.0,
    "s1_cont_h": 0.0,
    "s1_pass_a": false,
    "s1_pass_b": false,
    "s2_total_h": 0.0,
    "s2_cont_h": 0.0,
    "s2_pass_a": false,
    "s2_pass_b": false,
    "d_total_h": 0.0,
    "d_cont_h": 0.0,
    "change_cd": "keep_fail",
    "변화": "유지 불충족"
   }
  },
  {
   "type": "Feature",
   "geometry": {
    "type": "Point",
    "coordinates": [
     126.93697856,
     37.52293648
    ]
   },
   "properties": {
    "pid": "별관(5층) 2층-14",
    "school": "여의도초등학교",
    "jibun": "40-3",
    "kind": "교사동 창면",
    "dong": "별관(5층)",
    "facade": "별관(5층)",
    "floor": 2,
    "source": "도면기준",
    "z_m": 5.15,
    "normal_az": 231.9,
    "s1_total_h": 0.0,
    "s1_cont_h": 0.0,
    "s1_pass_a": false,
    "s1_pass_b": false,
    "s2_total_h": 0.0,
    "s2_cont_h": 0.0,
    "s2_pass_a": false,
    "s2_pass_b": false,
    "d_total_h": 0.0,
    "d_cont_h": 0.0,
    "change_cd": "keep_fail",
    "변화": "유지 불충족"
   }
  },
  {
   "type": "Feature",
   "geometry": {
    "type": "Point",
    "coordinates": [
     126.93697856,
     37.52293648
    ]
   },
   "properties": {
    "pid": "별관(5층) 3층-14",
    "school": "여의도초등학교",
    "jibun": "40-3",
    "kind": "교사동 창면",
    "dong": "별관(5층)",
    "facade": "별관(5층)",
    "floor": 3,
    "source": "도면기준",
    "z_m": 8.35,
    "normal_az": 231.9,
    "s1_total_h": 0.0,
    "s1_cont_h": 0.0,
    "s1_pass_a": false,
    "s1_pass_b": false,
    "s2_total_h": 0.0,
    "s2_cont_h": 0.0,
    "s2_pass_a": false,
    "s2_pass_b": false,
    "d_total_h": 0.0,
    "d_cont_h": 0.0,
    "change_cd": "keep_fail",
    "변화": "유지 불충족"
   }
  },
  {
   "type": "Feature",
   "geometry": {
    "type": "Point",
    "coordinates": [
     126.93697856,
     37.52293648
    ]
   },
   "properties": {
    "pid": "별관(5층) 4층-14",
    "school": "여의도초등학교",
    "jibun": "40-3",
    "kind": "교사동 창면",
    "dong": "별관(5층)",
    "facade": "별관(5층)",
    "floor": 4,
    "source": "도면기준",
    "z_m": 11.55,
    "normal_az": 231.9,
    "s1_total_h": 2.0,
    "s1_cont_h": 2.0,
    "s1_pass_a": true,
    "s1_pass_b": true,
    "s2_total_h": 2.0,
    "s2_cont_h": 2.0,
    "s2_pass_a": true,
    "s2_pass_b": true,
    "d_total_h": 0.0,
    "d_cont_h": 0.0,
    "change_cd": "keep_ok",
    "변화": "유지 충족"
   }
  },
  {
   "type": "Feature",
   "geometry": {
    "type": "Point",
    "coordinates": [
     126.93697856,
     37.52293648
    ]
   },
   "properties": {
    "pid": "별관(5층) 5층-14",
    "school": "여의도초등학교",
    "jibun": "40-3",
    "kind": "교사동 창면",
    "dong": "별관(5층)",
    "facade": "별관(5층)",
    "floor": 5,
    "source": "도면기준",
    "z_m": 14.75,
    "normal_az": 231.9,
    "s1_total_h": 4.33,
    "s1_cont_h": 4.33,
    "s1_pass_a": true,
    "s1_pass_b": true,
    "s2_total_h": 4.33,
    "s2_cont_h": 4.33,
    "s2_pass_a": true,
    "s2_pass_b": true,
    "d_total_h": 0.0,
    "d_cont_h": 0.0,
    "change_cd": "keep_ok",
    "변화": "유지 충족"
   }
  },
  {
   "type": "Feature",
   "geometry": {
    "type": "Point",
    "coordinates": [
     126.93685566,
     37.52284596
    ]
   },
   "properties": {
    "pid": "여의도초등학교 운동장-1",
    "school": "여의도초등학교",
    "jibun": "40-3",
    "kind": "운동장 지반",
    "dong": "여의도초등학교 운동장",
    "facade": "지반",
    "floor": 0,
    "source": "배치도 경계(래스터 계측) + 분석지점도 격자",
    "z_m": 0.0,
    "normal_az": 180.0,
    "s1_total_h": 0.0,
    "s1_cont_h": 0.0,
    "s1_pass_a": false,
    "s1_pass_b": false,
    "s2_total_h": 0.17,
    "s2_cont_h": 0.17,
    "s2_pass_a": false,
    "s2_pass_b": false,
    "d_total_h": 0.17,
    "d_cont_h": 0.17,
    "change_cd": "keep_fail",
    "변화": "유지 불충족"
   }
  },
  {
   "type": "Feature",
   "geometry": {
    "type": "Point",
    "coordinates": [
     126.93679241,
     37.52291035
    ]
   },
   "properties": {
    "pid": "여의도초등학교 운동장-2",
    "school": "여의도초등학교",
    "jibun": "40-3",
    "kind": "운동장 지반",
    "dong": "여의도초등학교 운동장",
    "facade": "지반",
    "floor": 0,
    "source": "배치도 경계(래스터 계측) + 분석지점도 격자",
    "z_m": 0.0,
    "normal_az": 180.0,
    "s1_total_h": 2.0,
    "s1_cont_h": 2.0,
    "s1_pass_a": true,
    "s1_pass_b": false,
    "s2_total_h": 2.0,
    "s2_cont_h": 2.0,
    "s2_pass_a": true,
    "s2_pass_b": false,
    "d_total_h": 0.0,
    "d_cont_h": 0.0,
    "change_cd": "keep_ok",
    "변화": "유지 충족"
   }
  },
  {
   "type": "Feature",
   "geometry": {
    "type": "Point",
    "coordinates": [
     126.93672917,
     37.52297473
    ]
   },
   "properties": {
    "pid": "여의도초등학교 운동장-3",
    "school": "여의도초등학교",
    "jibun": "40-3",
    "kind": "운동장 지반",
    "dong": "여의도초등학교 운동장",
    "facade": "지반",
    "floor": 0,
    "source": "배치도 경계(래스터 계측) + 분석지점도 격자",
    "z_m": 0.0,
    "normal_az": 180.0,
    "s1_total_h": 3.67,
    "s1_cont_h": 3.67,
    "s1_pass_a": true,
    "s1_pass_b": true,
    "s2_total_h": 3.33,
    "s2_cont_h": 3.33,
    "s2_pass_a": true,
    "s2_pass_b": true,
    "d_total_h": -0.34,
    "d_cont_h": -0.34,
    "change_cd": "keep_ok",
    "변화": "유지 충족"
   }
  },
  {
   "type": "Feature",
   "geometry": {
    "type": "Point",
    "coordinates": [
     126.93666591,
     37.52303912
    ]
   },
   "properties": {
    "pid": "여의도초등학교 운동장-4",
    "school": "여의도초등학교",
    "jibun": "40-3",
    "kind": "운동장 지반",
    "dong": "여의도초등학교 운동장",
    "facade": "지반",
    "floor": 0,
    "source": "배치도 경계(래스터 계측) + 분석지점도 격자",
    "z_m": 0.0,
    "normal_az": 180.0,
    "s1_total_h": 4.67,
    "s1_cont_h": 4.67,
    "s1_pass_a": true,
    "s1_pass_b": true,
    "s2_total_h": 4.0,
    "s2_cont_h": 4.0,
    "s2_pass_a": true,
    "s2_pass_b": true,
    "d_total_h": -0.67,
    "d_cont_h": -0.67,
    "change_cd": "keep_ok",
    "변화": "유지 충족"
   }
  },
  {
   "type": "Feature",
   "geometry": {
    "type": "Point",
    "coordinates": [
     126.93660267,
     37.52310351
    ]
   },
   "properties": {
    "pid": "여의도초등학교 운동장-5",
    "school": "여의도초등학교",
    "jibun": "40-3",
    "kind": "운동장 지반",
    "dong": "여의도초등학교 운동장",
    "facade": "지반",
    "floor": 0,
    "source": "배치도 경계(래스터 계측) + 분석지점도 격자",
    "z_m": 0.0,
    "normal_az": 180.0,
    "s1_total_h": 5.17,
    "s1_cont_h": 5.17,
    "s1_pass_a": true,
    "s1_pass_b": true,
    "s2_total_h": 4.17,
    "s2_cont_h": 4.17,
    "s2_pass_a": true,
    "s2_pass_b": true,
    "d_total_h": -1.0,
    "d_cont_h": -1.0,
    "change_cd": "keep_ok",
    "변화": "유지 충족"
   }
  },
  {
   "type": "Feature",
   "geometry": {
    "type": "Point",
    "coordinates": [
     126.93653942,
     37.5231679
    ]
   },
   "properties": {
    "pid": "여의도초등학교 운동장-6",
    "school": "여의도초등학교",
    "jibun": "40-3",
    "kind": "운동장 지반",
    "dong": "여의도초등학교 운동장",
    "facade": "지반",
    "floor": 0,
    "source": "배치도 경계(래스터 계측) + 분석지점도 격자",
    "z_m": 0.0,
    "normal_az": 180.0,
    "s1_total_h": 5.67,
    "s1_cont_h": 5.67,
    "s1_pass_a": true,
    "s1_pass_b": true,
    "s2_total_h": 4.5,
    "s2_cont_h": 4.5,
    "s2_pass_a": true,
    "s2_pass_b": true,
    "d_total_h": -1.17,
    "d_cont_h": -1.17,
    "change_cd": "keep_ok",
    "변화": "유지 충족"
   }
  },
  {
   "type": "Feature",
   "geometry": {
    "type": "Point",
    "coordinates": [
     126.93647617,
     37.52323228
    ]
   },
   "properties": {
    "pid": "여의도초등학교 운동장-7",
    "school": "여의도초등학교",
    "jibun": "40-3",
    "kind": "운동장 지반",
    "dong": "여의도초등학교 운동장",
    "facade": "지반",
    "floor": 0,
    "source": "배치도 경계(래스터 계측) + 분석지점도 격자",
    "z_m": 0.0,
    "normal_az": 180.0,
    "s1_total_h": 5.83,
    "s1_cont_h": 5.83,
    "s1_pass_a": true,
    "s1_pass_b": true,
    "s2_total_h": 4.5,
    "s2_cont_h": 4.5,
    "s2_pass_a": true,
    "s2_pass_b": true,
    "d_total_h": -1.33,
    "d_cont_h": -1.33,
    "change_cd": "keep_ok",
    "변화": "유지 충족"
   }
  },
  {
   "type": "Feature",
   "geometry": {
    "type": "Point",
    "coordinates": [
     126.93641293,
     37.52329667
    ]
   },
   "properties": {
    "pid": "여의도초등학교 운동장-8",
    "school": "여의도초등학교",
    "jibun": "40-3",
    "kind": "운동장 지반",
    "dong": "여의도초등학교 운동장",
    "facade": "지반",
    "floor": 0,
    "source": "배치도 경계(래스터 계측) + 분석지점도 격자",
    "z_m": 0.0,
    "normal_az": 180.0,
    "s1_total_h": 6.0,
    "s1_cont_h": 5.83,
    "s1_pass_a": true,
    "s1_pass_b": true,
    "s2_total_h": 4.5,
    "s2_cont_h": 4.33,
    "s2_pass_a": true,
    "s2_pass_b": true,
    "d_total_h": -1.5,
    "d_cont_h": -1.5,
    "change_cd": "keep_ok",
    "변화": "유지 충족"
   }
  },
  {
   "type": "Feature",
   "geometry": {
    "type": "Point",
    "coordinates": [
     126.9367767,
     37.52279676
    ]
   },
   "properties": {
    "pid": "여의도초등학교 운동장-9",
    "school": "여의도초등학교",
    "jibun": "40-3",
    "kind": "운동장 지반",
    "dong": "여의도초등학교 운동장",
    "facade": "지반",
    "floor": 0,
    "source": "배치도 경계(래스터 계측) + 분석지점도 격자",
    "z_m": 0.0,
    "normal_az": 180.0,
    "s1_total_h": 0.0,
    "s1_cont_h": 0.0,
    "s1_pass_a": false,
    "s1_pass_b": false,
    "s2_total_h": 0.0,
    "s2_cont_h": 0.0,
    "s2_pass_a": false,
    "s2_pass_b": false,
    "d_total_h": 0.0,
    "d_cont_h": 0.0,
    "change_cd": "keep_fail",
    "변화": "유지 불충족"
   }
  },
  {
   "type": "Feature",
   "geometry": {
    "type": "Point",
    "coordinates": [
     126.93671345,
     37.52286114
    ]
   },
   "properties": {
    "pid": "여의도초등학교 운동장-10",
    "school": "여의도초등학교",
    "jibun": "40-3",
    "kind": "운동장 지반",
    "dong": "여의도초등학교 운동장",
    "facade": "지반",
    "floor": 0,
    "source": "배치도 경계(래스터 계측) + 분석지점도 격자",
    "z_m": 0.0,
    "normal_az": 180.0,
    "s1_total_h": 1.83,
    "s1_cont_h": 1.83,
    "s1_pass_a": false,
    "s1_pass_b": false,
    "s2_total_h": 1.83,
    "s2_cont_h": 1.83,
    "s2_pass_a": false,
    "s2_pass_b": false,
    "d_total_h": 0.0,
    "d_cont_h": 0.0,
    "change_cd": "keep_fail",
    "변화": "유지 불충족"
   }
  },
  {
   "type": "Feature",
   "geometry": {
    "type": "Point",
    "coordinates": [
     126.9366502,
     37.52292553
    ]
   },
   "properties": {
    "pid": "여의도초등학교 운동장-11",
    "school": "여의도초등학교",
    "jibun": "40-3",
    "kind": "운동장 지반",
    "dong": "여의도초등학교 운동장",
    "facade": "지반",
    "floor": 0,
    "source": "배치도 경계(래스터 계측) + 분석지점도 격자",
    "z_m": 0.0,
    "normal_az": 180.0,
    "s1_total_h": 3.5,
    "s1_cont_h": 3.5,
    "s1_pass_a": true,
    "s1_pass_b": true,
    "s2_total_h": 3.17,
    "s2_cont_h": 3.17,
    "s2_pass_a": true,
    "s2_pass_b": true,
    "d_total_h": -0.33,
    "d_cont_h": -0.33,
    "change_cd": "keep_ok",
    "변화": "유지 충족"
   }
  },
  {
   "type": "Feature",
   "geometry": {
    "type": "Point",
    "coordinates": [
     126.93658696,
     37.52298992
    ]
   },
   "properties": {
    "pid": "여의도초등학교 운동장-12",
    "school": "여의도초등학교",
    "jibun": "40-3",
    "kind": "운동장 지반",
    "dong": "여의도초등학교 운동장",
    "facade": "지반",
    "floor": 0,
    "source": "배치도 경계(래스터 계측) + 분석지점도 격자",
    "z_m": 0.0,
    "normal_az": 180.0,
    "s1_total_h": 4.5,
    "s1_cont_h": 4.5,
    "s1_pass_a": true,
    "s1_pass_b": true,
    "s2_total_h": 3.83,
    "s2_cont_h": 3.83,
    "s2_pass_a": true,
    "s2_pass_b": true,
    "d_total_h": -0.67,
    "d_cont_h": -0.67,
    "change_cd": "keep_ok",
    "변화": "유지 충족"
   }
  },
  {
   "type": "Feature",
   "geometry": {
    "type": "Point",
    "coordinates": [
     126.9365237,
     37.52305431
    ]
   },
   "properties": {
    "pid": "여의도초등학교 운동장-13",
    "school": "여의도초등학교",
    "jibun": "40-3",
    "kind": "운동장 지반",
    "dong": "여의도초등학교 운동장",
    "facade": "지반",
    "floor": 0,
    "source": "배치도 경계(래스터 계측) + 분석지점도 격자",
    "z_m": 0.0,
    "normal_az": 180.0,
    "s1_total_h": 5.17,
    "s1_cont_h": 5.17,
    "s1_pass_a": true,
    "s1_pass_b": true,
    "s2_total_h": 4.33,
    "s2_cont_h": 4.33,
    "s2_pass_a": true,
    "s2_pass_b": true,
    "d_total_h": -0.84,
    "d_cont_h": -0.84,
    "change_cd": "keep_ok",
    "변화": "유지 충족"
   }
  },
  {
   "type": "Feature",
   "geometry": {
    "type": "Point",
    "coordinates": [
     126.93646046,
     37.5231187
    ]
   },
   "properties": {
    "pid": "여의도초등학교 운동장-14",
    "school": "여의도초등학교",
    "jibun": "40-3",
    "kind": "운동장 지반",
    "dong": "여의도초등학교 운동장",
    "facade": "지반",
    "floor": 0,
    "source": "배치도 경계(래스터 계측) + 분석지점도 격자",
    "z_m": 0.0,
    "normal_az": 180.0,
    "s1_total_h": 5.5,
    "s1_cont_h": 5.5,
    "s1_pass_a": true,
    "s1_pass_b": true,
    "s2_total_h": 4.33,
    "s2_cont_h": 4.33,
    "s2_pass_a": true,
    "s2_pass_b": true,
    "d_total_h": -1.17,
    "d_cont_h": -1.17,
    "change_cd": "keep_ok",
    "변화": "유지 충족"
   }
  },
  {
   "type": "Feature",
   "geometry": {
    "type": "Point",
    "coordinates": [
     126.93639721,
     37.52318308
    ]
   },
   "properties": {
    "pid": "여의도초등학교 운동장-15",
    "school": "여의도초등학교",
    "jibun": "40-3",
    "kind": "운동장 지반",
    "dong": "여의도초등학교 운동장",
    "facade": "지반",
    "floor": 0,
    "source": "배치도 경계(래스터 계측) + 분석지점도 격자",
    "z_m": 0.0,
    "normal_az": 180.0,
    "s1_total_h": 5.67,
    "s1_cont_h": 5.67,
    "s1_pass_a": true,
    "s1_pass_b": true,
    "s2_total_h": 4.33,
    "s2_cont_h": 4.33,
    "s2_pass_a": true,
    "s2_pass_b": true,
    "d_total_h": -1.34,
    "d_cont_h": -1.34,
    "change_cd": "keep_ok",
    "변화": "유지 충족"
   }
  },
  {
   "type": "Feature",
   "geometry": {
    "type": "Point",
    "coordinates": [
     126.93633396,
     37.52324747
    ]
   },
   "properties": {
    "pid": "여의도초등학교 운동장-16",
    "school": "여의도초등학교",
    "jibun": "40-3",
    "kind": "운동장 지반",
    "dong": "여의도초등학교 운동장",
    "facade": "지반",
    "floor": 0,
    "source": "배치도 경계(래스터 계측) + 분석지점도 격자",
    "z_m": 0.0,
    "normal_az": 180.0,
    "s1_total_h": 6.17,
    "s1_cont_h": 6.0,
    "s1_pass_a": true,
    "s1_pass_b": true,
    "s2_total_h": 4.67,
    "s2_cont_h": 4.5,
    "s2_pass_a": true,
    "s2_pass_b": true,
    "d_total_h": -1.5,
    "d_cont_h": -1.5,
    "change_cd": "keep_ok",
    "변화": "유지 충족"
   }
  },
  {
   "type": "Feature",
   "geometry": {
    "type": "Point",
    "coordinates": [
     126.93669774,
     37.52274755
    ]
   },
   "properties": {
    "pid": "여의도초등학교 운동장-17",
    "school": "여의도초등학교",
    "jibun": "40-3",
    "kind": "운동장 지반",
    "dong": "여의도초등학교 운동장",
    "facade": "지반",
    "floor": 0,
    "source": "배치도 경계(래스터 계측) + 분석지점도 격자",
    "z_m": 0.0,
    "normal_az": 180.0,
    "s1_total_h": 0.0,
    "s1_cont_h": 0.0,
    "s1_pass_a": false,
    "s1_pass_b": false,
    "s2_total_h": 0.17,
    "s2_cont_h": 0.17,
    "s2_pass_a": false,
    "s2_pass_b": false,
    "d_total_h": 0.17,
    "d_cont_h": 0.17,
    "change_cd": "keep_fail",
    "변화": "유지 불충족"
   }
  },
  {
   "type": "Feature",
   "geometry": {
    "type": "Point",
    "coordinates": [
     126.93663449,
     37.52281193
    ]
   },
   "properties": {
    "pid": "여의도초등학교 운동장-18",
    "school": "여의도초등학교",
    "jibun": "40-3",
    "kind": "운동장 지반",
    "dong": "여의도초등학교 운동장",
    "facade": "지반",
    "floor": 0,
    "source": "배치도 경계(래스터 계측) + 분석지점도 격자",
    "z_m": 0.0,
    "normal_az": 180.0,
    "s1_total_h": 1.5,
    "s1_cont_h": 1.5,
    "s1_pass_a": false,
    "s1_pass_b": false,
    "s2_total_h": 1.83,
    "s2_cont_h": 1.83,
    "s2_pass_a": false,
    "s2_pass_b": false,
    "d_total_h": 0.33,
    "d_cont_h": 0.33,
    "change_cd": "keep_fail",
    "변화": "유지 불충족"
   }
  },
  {
   "type": "Feature",
   "geometry": {
    "type": "Point",
    "coordinates": [
     126.93657124,
     37.52287632
    ]
   },
   "properties": {
    "pid": "여의도초등학교 운동장-19",
    "school": "여의도초등학교",
    "jibun": "40-3",
    "kind": "운동장 지반",
    "dong": "여의도초등학교 운동장",
    "facade": "지반",
    "floor": 0,
    "source": "배치도 경계(래스터 계측) + 분석지점도 격자",
    "z_m": 0.0,
    "normal_az": 180.0,
    "s1_total_h": 3.17,
    "s1_cont_h": 3.17,
    "s1_pass_a": true,
    "s1_pass_b": true,
    "s2_total_h": 3.0,
    "s2_cont_h": 3.0,
    "s2_pass_a": true,
    "s2_pass_b": true,
    "d_total_h": -0.17,
    "d_cont_h": -0.17,
    "change_cd": "keep_ok",
    "변화": "유지 충족"
   }
  },
  {
   "type": "Feature",
   "geometry": {
    "type": "Point",
    "coordinates": [
     126.93650799,
     37.52294071
    ]
   },
   "properties": {
    "pid": "여의도초등학교 운동장-20",
    "school": "여의도초등학교",
    "jibun": "40-3",
    "kind": "운동장 지반",
    "dong": "여의도초등학교 운동장",
    "facade": "지반",
    "floor": 0,
    "source": "배치도 경계(래스터 계측) + 분석지점도 격자",
    "z_m": 0.0,
    "normal_az": 180.0,
    "s1_total_h": 4.17,
    "s1_cont_h": 4.17,
    "s1_pass_a": true,
    "s1_pass_b": true,
    "s2_total_h": 3.83,
    "s2_cont_h": 3.83,
    "s2_pass_a": true,
    "s2_pass_b": true,
    "d_total_h": -0.34,
    "d_cont_h": -0.34,
    "change_cd": "keep_ok",
    "변화": "유지 충족"
   }
  },
  {
   "type": "Feature",
   "geometry": {
    "type": "Point",
    "coordinates": [
     126.93644475,
     37.5230051
    ]
   },
   "properties": {
    "pid": "여의도초등학교 운동장-21",
    "school": "여의도초등학교",
    "jibun": "40-3",
    "kind": "운동장 지반",
    "dong": "여의도초등학교 운동장",
    "facade": "지반",
    "floor": 0,
    "source": "배치도 경계(래스터 계측) + 분석지점도 격자",
    "z_m": 0.0,
    "normal_az": 180.0,
    "s1_total_h": 4.83,
    "s1_cont_h": 4.83,
    "s1_pass_a": true,
    "s1_pass_b": true,
    "s2_total_h": 4.17,
    "s2_cont_h": 4.17,
    "s2_pass_a": true,
    "s2_pass_b": true,
    "d_total_h": -0.66,
    "d_cont_h": -0.66,
    "change_cd": "keep_ok",
    "변화": "유지 충족"
   }
  },
  {
   "type": "Feature",
   "geometry": {
    "type": "Point",
    "coordinates": [
     126.9363815,
     37.52306949
    ]
   },
   "properties": {
    "pid": "여의도초등학교 운동장-22",
    "school": "여의도초등학교",
    "jibun": "40-3",
    "kind": "운동장 지반",
    "dong": "여의도초등학교 운동장",
    "facade": "지반",
    "floor": 0,
    "source": "배치도 경계(래스터 계측) + 분석지점도 격자",
    "z_m": 0.0,
    "normal_az": 180.0,
    "s1_total_h": 5.0,
    "s1_cont_h": 5.0,
    "s1_pass_a": true,
    "s1_pass_b": true,
    "s2_total_h": 4.0,
    "s2_cont_h": 4.0,
    "s2_pass_a": true,
    "s2_pass_b": true,
    "d_total_h": -1.0,
    "d_cont_h": -1.0,
    "change_cd": "keep_ok",
    "변화": "유지 충족"
   }
  },
  {
   "type": "Feature",
   "geometry": {
    "type": "Point",
    "coordinates": [
     126.93631825,
     37.52313387
    ]
   },
   "properties": {
    "pid": "여의도초등학교 운동장-23",
    "school": "여의도초등학교",
    "jibun": "40-3",
    "kind": "운동장 지반",
    "dong": "여의도초등학교 운동장",
    "facade": "지반",
    "floor": 0,
    "source": "배치도 경계(래스터 계측) + 분석지점도 격자",
    "z_m": 0.0,
    "normal_az": 180.0,
    "s1_total_h": 5.5,
    "s1_cont_h": 5.5,
    "s1_pass_a": true,
    "s1_pass_b": true,
    "s2_total_h": 4.33,
    "s2_cont_h": 4.33,
    "s2_pass_a": true,
    "s2_pass_b": true,
    "d_total_h": -1.17,
    "d_cont_h": -1.17,
    "change_cd": "keep_ok",
    "변화": "유지 충족"
   }
  },
  {
   "type": "Feature",
   "geometry": {
    "type": "Point",
    "coordinates": [
     126.936255,
     37.52319827
    ]
   },
   "properties": {
    "pid": "여의도초등학교 운동장-24",
    "school": "여의도초등학교",
    "jibun": "40-3",
    "kind": "운동장 지반",
    "dong": "여의도초등학교 운동장",
    "facade": "지반",
    "floor": 0,
    "source": "배치도 경계(래스터 계측) + 분석지점도 격자",
    "z_m": 0.0,
    "normal_az": 180.0,
    "s1_total_h": 6.17,
    "s1_cont_h": 6.0,
    "s1_pass_a": true,
    "s1_pass_b": true,
    "s2_total_h": 4.5,
    "s2_cont_h": 4.33,
    "s2_pass_a": true,
    "s2_pass_b": true,
    "d_total_h": -1.67,
    "d_cont_h": -1.67,
    "change_cd": "keep_ok",
    "변화": "유지 충족"
   }
  },
  {
   "type": "Feature",
   "geometry": {
    "type": "Point",
    "coordinates": [
     126.93661878,
     37.52269835
    ]
   },
   "properties": {
    "pid": "여의도초등학교 운동장-25",
    "school": "여의도초등학교",
    "jibun": "40-3",
    "kind": "운동장 지반",
    "dong": "여의도초등학교 운동장",
    "facade": "지반",
    "floor": 0,
    "source": "배치도 경계(래스터 계측) + 분석지점도 격자",
    "z_m": 0.0,
    "normal_az": 180.0,
    "s1_total_h": 0.0,
    "s1_cont_h": 0.0,
    "s1_pass_a": false,
    "s1_pass_b": false,
    "s2_total_h": 0.17,
    "s2_cont_h": 0.17,
    "s2_pass_a": false,
    "s2_pass_b": false,
    "d_total_h": 0.17,
    "d_cont_h": 0.17,
    "change_cd": "keep_fail",
    "변화": "유지 불충족"
   }
  },
  {
   "type": "Feature",
   "geometry": {
    "type": "Point",
    "coordinates": [
     126.93655553,
     37.52276273
    ]
   },
   "properties": {
    "pid": "여의도초등학교 운동장-26",
    "school": "여의도초등학교",
    "jibun": "40-3",
    "kind": "운동장 지반",
    "dong": "여의도초등학교 운동장",
    "facade": "지반",
    "floor": 0,
    "source": "배치도 경계(래스터 계측) + 분석지점도 격자",
    "z_m": 0.0,
    "normal_az": 180.0,
    "s1_total_h": 1.17,
    "s1_cont_h": 1.17,
    "s1_pass_a": false,
    "s1_pass_b": false,
    "s2_total_h": 1.67,
    "s2_cont_h": 1.67,
    "s2_pass_a": false,
    "s2_pass_b": false,
    "d_total_h": 0.5,
    "d_cont_h": 0.5,
    "change_cd": "keep_fail",
    "변화": "유지 불충족"
   }
  },
  {
   "type": "Feature",
   "geometry": {
    "type": "Point",
    "coordinates": [
     126.93649228,
     37.52282712
    ]
   },
   "properties": {
    "pid": "여의도초등학교 운동장-27",
    "school": "여의도초등학교",
    "jibun": "40-3",
    "kind": "운동장 지반",
    "dong": "여의도초등학교 운동장",
    "facade": "지반",
    "floor": 0,
    "source": "배치도 경계(래스터 계측) + 분석지점도 격자",
    "z_m": 0.0,
    "normal_az": 180.0,
    "s1_total_h": 2.83,
    "s1_cont_h": 2.83,
    "s1_pass_a": true,
    "s1_pass_b": true,
    "s2_total_h": 3.0,
    "s2_cont_h": 3.0,
    "s2_pass_a": true,
    "s2_pass_b": true,
    "d_total_h": 0.17,
    "d_cont_h": 0.17,
    "change_cd": "keep_ok",
    "변화": "유지 충족"
   }
  },
  {
   "type": "Feature",
   "geometry": {
    "type": "Point",
    "coordinates": [
     126.93642903,
     37.52289151
    ]
   },
   "properties": {
    "pid": "여의도초등학교 운동장-28",
    "school": "여의도초등학교",
    "jibun": "40-3",
    "kind": "운동장 지반",
    "dong": "여의도초등학교 운동장",
    "facade": "지반",
    "floor": 0,
    "source": "배치도 경계(래스터 계측) + 분석지점도 격자",
    "z_m": 0.0,
    "normal_az": 180.0,
    "s1_total_h": 3.83,
    "s1_cont_h": 3.83,
    "s1_pass_a": true,
    "s1_pass_b": true,
    "s2_total_h": 3.67,
    "s2_cont_h": 3.67,
    "s2_pass_a": true,
    "s2_pass_b": true,
    "d_total_h": -0.16,
    "d_cont_h": -0.16,
    "change_cd": "keep_ok",
    "변화": "유지 충족"
   }
  },
  {
   "type": "Feature",
   "geometry": {
    "type": "Point",
    "coordinates": [
     126.93636578,
     37.5229559
    ]
   },
   "properties": {
    "pid": "여의도초등학교 운동장-29",
    "school": "여의도초등학교",
    "jibun": "40-3",
    "kind": "운동장 지반",
    "dong": "여의도초등학교 운동장",
    "facade": "지반",
    "floor": 0,
    "source": "배치도 경계(래스터 계측) + 분석지점도 격자",
    "z_m": 0.0,
    "normal_az": 180.0,
    "s1_total_h": 4.5,
    "s1_cont_h": 4.5,
    "s1_pass_a": true,
    "s1_pass_b": true,
    "s2_total_h": 4.0,
    "s2_cont_h": 4.0,
    "s2_pass_a": true,
    "s2_pass_b": true,
    "d_total_h": -0.5,
    "d_cont_h": -0.5,
    "change_cd": "keep_ok",
    "변화": "유지 충족"
   }
  },
  {
   "type": "Feature",
   "geometry": {
    "type": "Point",
    "coordinates": [
     126.93630254,
     37.52302028
    ]
   },
   "properties": {
    "pid": "여의도초등학교 운동장-30",
    "school": "여의도초등학교",
    "jibun": "40-3",
    "kind": "운동장 지반",
    "dong": "여의도초등학교 운동장",
    "facade": "지반",
    "floor": 0,
    "source": "배치도 경계(래스터 계측) + 분석지점도 격자",
    "z_m": 0.0,
    "normal_az": 180.0,
    "s1_total_h": 4.83,
    "s1_cont_h": 4.83,
    "s1_pass_a": true,
    "s1_pass_b": true,
    "s2_total_h": 4.0,
    "s2_cont_h": 4.0,
    "s2_pass_a": true,
    "s2_pass_b": true,
    "d_total_h": -0.83,
    "d_cont_h": -0.83,
    "change_cd": "keep_ok",
    "변화": "유지 충족"
   }
  },
  {
   "type": "Feature",
   "geometry": {
    "type": "Point",
    "coordinates": [
     126.93623929,
     37.52308467
    ]
   },
   "properties": {
    "pid": "여의도초등학교 운동장-31",
    "school": "여의도초등학교",
    "jibun": "40-3",
    "kind": "운동장 지반",
    "dong": "여의도초등학교 운동장",
    "facade": "지반",
    "floor": 0,
    "source": "배치도 경계(래스터 계측) + 분석지점도 격자",
    "z_m": 0.0,
    "normal_az": 180.0,
    "s1_total_h": 4.83,
    "s1_cont_h": 4.83,
    "s1_pass_a": true,
    "s1_pass_b": true,
    "s2_total_h": 3.83,
    "s2_cont_h": 3.83,
    "s2_pass_a": true,
    "s2_pass_b": true,
    "d_total_h": -1.0,
    "d_cont_h": -1.0,
    "change_cd": "keep_ok",
    "변화": "유지 충족"
   }
  },
  {
   "type": "Feature",
   "geometry": {
    "type": "Point",
    "coordinates": [
     126.93617604,
     37.52314906
    ]
   },
   "properties": {
    "pid": "여의도초등학교 운동장-32",
    "school": "여의도초등학교",
    "jibun": "40-3",
    "kind": "운동장 지반",
    "dong": "여의도초등학교 운동장",
    "facade": "지반",
    "floor": 0,
    "source": "배치도 경계(래스터 계측) + 분석지점도 격자",
    "z_m": 0.0,
    "normal_az": 180.0,
    "s1_total_h": 5.67,
    "s1_cont_h": 5.0,
    "s1_pass_a": true,
    "s1_pass_b": true,
    "s2_total_h": 4.17,
    "s2_cont_h": 3.83,
    "s2_pass_a": true,
    "s2_pass_b": true,
    "d_total_h": -1.5,
    "d_cont_h": -1.17,
    "change_cd": "keep_ok",
    "변화": "유지 충족"
   }
  },
  {
   "type": "Feature",
   "geometry": {
    "type": "Point",
    "coordinates": [
     126.93653981,
     37.52264914
    ]
   },
   "properties": {
    "pid": "여의도초등학교 운동장-33",
    "school": "여의도초등학교",
    "jibun": "40-3",
    "kind": "운동장 지반",
    "dong": "여의도초등학교 운동장",
    "facade": "지반",
    "floor": 0,
    "source": "배치도 경계(래스터 계측) + 분석지점도 격자",
    "z_m": 0.0,
    "normal_az": 180.0,
    "s1_total_h": 0.17,
    "s1_cont_h": 0.17,
    "s1_pass_a": false,
    "s1_pass_b": false,
    "s2_total_h": 0.67,
    "s2_cont_h": 0.67,
    "s2_pass_a": false,
    "s2_pass_b": false,
    "d_total_h": 0.5,
    "d_cont_h": 0.5,
    "change_cd": "keep_fail",
    "변화": "유지 불충족"
   }
  },
  {
   "type": "Feature",
   "geometry": {
    "type": "Point",
    "coordinates": [
     126.93647657,
     37.52271353
    ]
   },
   "properties": {
    "pid": "여의도초등학교 운동장-34",
    "school": "여의도초등학교",
    "jibun": "40-3",
    "kind": "운동장 지반",
    "dong": "여의도초등학교 운동장",
    "facade": "지반",
    "floor": 0,
    "source": "배치도 경계(래스터 계측) + 분석지점도 격자",
    "z_m": 0.0,
    "normal_az": 180.0,
    "s1_total_h": 0.83,
    "s1_cont_h": 0.83,
    "s1_pass_a": false,
    "s1_pass_b": false,
    "s2_total_h": 1.5,
    "s2_cont_h": 1.5,
    "s2_pass_a": false,
    "s2_pass_b": false,
    "d_total_h": 0.67,
    "d_cont_h": 0.67,
    "change_cd": "keep_fail",
    "변화": "유지 불충족"
   }
  },
  {
   "type": "Feature",
   "geometry": {
    "type": "Point",
    "coordinates": [
     126.93641332,
     37.52277792
    ]
   },
   "properties": {
    "pid": "여의도초등학교 운동장-35",
    "school": "여의도초등학교",
    "jibun": "40-3",
    "kind": "운동장 지반",
    "dong": "여의도초등학교 운동장",
    "facade": "지반",
    "floor": 0,
    "source": "배치도 경계(래스터 계측) + 분석지점도 격자",
    "z_m": 0.0,
    "normal_az": 180.0,
    "s1_total_h": 2.5,
    "s1_cont_h": 2.5,
    "s1_pass_a": true,
    "s1_pass_b": true,
    "s2_total_h": 2.83,
    "s2_cont_h": 2.83,
    "s2_pass_a": true,
    "s2_pass_b": true,
    "d_total_h": 0.33,
    "d_cont_h": 0.33,
    "change_cd": "keep_ok",
    "변화": "유지 충족"
   }
  },
  {
   "type": "Feature",
   "geometry": {
    "type": "Point",
    "coordinates": [
     126.93635007,
     37.52284231
    ]
   },
   "properties": {
    "pid": "여의도초등학교 운동장-36",
    "school": "여의도초등학교",
    "jibun": "40-3",
    "kind": "운동장 지반",
    "dong": "여의도초등학교 운동장",
    "facade": "지반",
    "floor": 0,
    "source": "배치도 경계(래스터 계측) + 분석지점도 격자",
    "z_m": 0.0,
    "normal_az": 180.0,
    "s1_total_h": 3.5,
    "s1_cont_h": 3.5,
    "s1_pass_a": true,
    "s1_pass_b": true,
    "s2_total_h": 3.5,
    "s2_cont_h": 3.5,
    "s2_pass_a": true,
    "s2_pass_b": true,
    "d_total_h": 0.0,
    "d_cont_h": 0.0,
    "change_cd": "keep_ok",
    "변화": "유지 충족"
   }
  },
  {
   "type": "Feature",
   "geometry": {
    "type": "Point",
    "coordinates": [
     126.93628682,
     37.5229067
    ]
   },
   "properties": {
    "pid": "여의도초등학교 운동장-37",
    "school": "여의도초등학교",
    "jibun": "40-3",
    "kind": "운동장 지반",
    "dong": "여의도초등학교 운동장",
    "facade": "지반",
    "floor": 0,
    "source": "배치도 경계(래스터 계측) + 분석지점도 격자",
    "z_m": 0.0,
    "normal_az": 180.0,
    "s1_total_h": 4.17,
    "s1_cont_h": 4.17,
    "s1_pass_a": true,
    "s1_pass_b": true,
    "s2_total_h": 3.83,
    "s2_cont_h": 3.83,
    "s2_pass_a": true,
    "s2_pass_b": true,
    "d_total_h": -0.34,
    "d_cont_h": -0.34,
    "change_cd": "keep_ok",
    "변화": "유지 충족"
   }
  },
  {
   "type": "Feature",
   "geometry": {
    "type": "Point",
    "coordinates": [
     126.93622357,
     37.52297108
    ]
   },
   "properties": {
    "pid": "여의도초등학교 운동장-38",
    "school": "여의도초등학교",
    "jibun": "40-3",
    "kind": "운동장 지반",
    "dong": "여의도초등학교 운동장",
    "facade": "지반",
    "floor": 0,
    "source": "배치도 경계(래스터 계측) + 분석지점도 격자",
    "z_m": 0.0,
    "normal_az": 180.0,
    "s1_total_h": 4.5,
    "s1_cont_h": 4.5,
    "s1_pass_a": true,
    "s1_pass_b": true,
    "s2_total_h": 3.83,
    "s2_cont_h": 3.83,
    "s2_pass_a": true,
    "s2_pass_b": true,
    "d_total_h": -0.67,
    "d_cont_h": -0.67,
    "change_cd": "keep_ok",
    "변화": "유지 충족"
   }
  },
  {
   "type": "Feature",
   "geometry": {
    "type": "Point",
    "coordinates": [
     126.93616033,
     37.52303547
    ]
   },
   "properties": {
    "pid": "여의도초등학교 운동장-39",
    "school": "여의도초등학교",
    "jibun": "40-3",
    "kind": "운동장 지반",
    "dong": "여의도초등학교 운동장",
    "facade": "지반",
    "floor": 0,
    "source": "배치도 경계(래스터 계측) + 분석지점도 격자",
    "z_m": 0.0,
    "normal_az": 180.0,
    "s1_total_h": 4.67,
    "s1_cont_h": 4.67,
    "s1_pass_a": true,
    "s1_pass_b": true,
    "s2_total_h": 3.83,
    "s2_cont_h": 3.83,
    "s2_pass_a": true,
    "s2_pass_b": true,
    "d_total_h": -0.84,
    "d_cont_h": -0.84,
    "change_cd": "keep_ok",
    "변화": "유지 충족"
   }
  },
  {
   "type": "Feature",
   "geometry": {
    "type": "Point",
    "coordinates": [
     126.93609708,
     37.52309986
    ]
   },
   "properties": {
    "pid": "여의도초등학교 운동장-40",
    "school": "여의도초등학교",
    "jibun": "40-3",
    "kind": "운동장 지반",
    "dong": "여의도초등학교 운동장",
    "facade": "지반",
    "floor": 0,
    "source": "배치도 경계(래스터 계측) + 분석지점도 격자",
    "z_m": 0.0,
    "normal_az": 180.0,
    "s1_total_h": 5.0,
    "s1_cont_h": 4.67,
    "s1_pass_a": true,
    "s1_pass_b": true,
    "s2_total_h": 3.67,
    "s2_cont_h": 3.67,
    "s2_pass_a": true,
    "s2_pass_b": true,
    "d_total_h": -1.33,
    "d_cont_h": -1.0,
    "change_cd": "keep_ok",
    "변화": "유지 충족"
   }
  },
  {
   "type": "Feature",
   "geometry": {
    "type": "Point",
    "coordinates": [
     126.93646085,
     37.52259993
    ]
   },
   "properties": {
    "pid": "여의도초등학교 운동장-41",
    "school": "여의도초등학교",
    "jibun": "40-3",
    "kind": "운동장 지반",
    "dong": "여의도초등학교 운동장",
    "facade": "지반",
    "floor": 0,
    "source": "배치도 경계(래스터 계측) + 분석지점도 격자",
    "z_m": 0.0,
    "normal_az": 180.0,
    "s1_total_h": 0.67,
    "s1_cont_h": 0.67,
    "s1_pass_a": false,
    "s1_pass_b": false,
    "s2_total_h": 1.17,
    "s2_cont_h": 1.17,
    "s2_pass_a": false,
    "s2_pass_b": false,
    "d_total_h": 0.5,
    "d_cont_h": 0.5,
    "change_cd": "keep_fail",
    "변화": "유지 불충족"
   }
  },
  {
   "type": "Feature",
   "geometry": {
    "type": "Point",
    "coordinates": [
     126.93639761,
     37.52266432
    ]
   },
   "properties": {
    "pid": "여의도초등학교 운동장-42",
    "school": "여의도초등학교",
    "jibun": "40-3",
    "kind": "운동장 지반",
    "dong": "여의도초등학교 운동장",
    "facade": "지반",
    "floor": 0,
    "source": "배치도 경계(래스터 계측) + 분석지점도 격자",
    "z_m": 0.0,
    "normal_az": 180.0,
    "s1_total_h": 1.17,
    "s1_cont_h": 1.17,
    "s1_pass_a": false,
    "s1_pass_b": false,
    "s2_total_h": 1.83,
    "s2_cont_h": 1.83,
    "s2_pass_a": false,
    "s2_pass_b": false,
    "d_total_h": 0.66,
    "d_cont_h": 0.66,
    "change_cd": "keep_fail",
    "변화": "유지 불충족"
   }
  },
  {
   "type": "Feature",
   "geometry": {
    "type": "Point",
    "coordinates": [
     126.93633436,
     37.52272872
    ]
   },
   "properties": {
    "pid": "여의도초등학교 운동장-43",
    "school": "여의도초등학교",
    "jibun": "40-3",
    "kind": "운동장 지반",
    "dong": "여의도초등학교 운동장",
    "facade": "지반",
    "floor": 0,
    "source": "배치도 경계(래스터 계측) + 분석지점도 격자",
    "z_m": 0.0,
    "normal_az": 180.0,
    "s1_total_h": 2.0,
    "s1_cont_h": 2.0,
    "s1_pass_a": true,
    "s1_pass_b": true,
    "s2_total_h": 2.67,
    "s2_cont_h": 2.67,
    "s2_pass_a": true,
    "s2_pass_b": true,
    "d_total_h": 0.67,
    "d_cont_h": 0.67,
    "change_cd": "keep_ok",
    "변화": "유지 충족"
   }
  },
  {
   "type": "Feature",
   "geometry": {
    "type": "Point",
    "coordinates": [
     126.93627111,
     37.52279311
    ]
   },
   "properties": {
    "pid": "여의도초등학교 운동장-44",
    "school": "여의도초등학교",
    "jibun": "40-3",
    "kind": "운동장 지반",
    "dong": "여의도초등학교 운동장",
    "facade": "지반",
    "floor": 0,
    "source": "배치도 경계(래스터 계측) + 분석지점도 격자",
    "z_m": 0.0,
    "normal_az": 180.0,
    "s1_total_h": 3.0,
    "s1_cont_h": 3.0,
    "s1_pass_a": true,
    "s1_pass_b": true,
    "s2_total_h": 3.33,
    "s2_cont_h": 3.33,
    "s2_pass_a": true,
    "s2_pass_b": true,
    "d_total_h": 0.33,
    "d_cont_h": 0.33,
    "change_cd": "keep_ok",
    "변화": "유지 충족"
   }
  },
  {
   "type": "Feature",
   "geometry": {
    "type": "Point",
    "coordinates": [
     126.93620787,
     37.52285749
    ]
   },
   "properties": {
    "pid": "여의도초등학교 운동장-45",
    "school": "여의도초등학교",
    "jibun": "40-3",
    "kind": "운동장 지반",
    "dong": "여의도초등학교 운동장",
    "facade": "지반",
    "floor": 0,
    "source": "배치도 경계(래스터 계측) + 분석지점도 격자",
    "z_m": 0.0,
    "normal_az": 180.0,
    "s1_total_h": 3.67,
    "s1_cont_h": 3.67,
    "s1_pass_a": true,
    "s1_pass_b": true,
    "s2_total_h": 3.67,
    "s2_cont_h": 3.67,
    "s2_pass_a": true,
    "s2_pass_b": true,
    "d_total_h": 0.0,
    "d_cont_h": 0.0,
    "change_cd": "keep_ok",
    "변화": "유지 충족"
   }
  },
  {
   "type": "Feature",
   "geometry": {
    "type": "Point",
    "coordinates": [
     126.93614461,
     37.52292188
    ]
   },
   "properties": {
    "pid": "여의도초등학교 운동장-46",
    "school": "여의도초등학교",
    "jibun": "40-3",
    "kind": "운동장 지반",
    "dong": "여의도초등학교 운동장",
    "facade": "지반",
    "floor": 0,
    "source": "배치도 경계(래스터 계측) + 분석지점도 격자",
    "z_m": 0.0,
    "normal_az": 180.0,
    "s1_total_h": 4.0,
    "s1_cont_h": 4.0,
    "s1_pass_a": true,
    "s1_pass_b": true,
    "s2_total_h": 3.67,
    "s2_cont_h": 3.67,
    "s2_pass_a": true,
    "s2_pass_b": true,
    "d_total_h": -0.33,
    "d_cont_h": -0.33,
    "change_cd": "keep_ok",
    "변화": "유지 충족"
   }
  },
  {
   "type": "Feature",
   "geometry": {
    "type": "Point",
    "coordinates": [
     126.93608136,
     37.52298627
    ]
   },
   "properties": {
    "pid": "여의도초등학교 운동장-47",
    "school": "여의도초등학교",
    "jibun": "40-3",
    "kind": "운동장 지반",
    "dong": "여의도초등학교 운동장",
    "facade": "지반",
    "floor": 0,
    "source": "배치도 경계(래스터 계측) + 분석지점도 격자",
    "z_m": 0.0,
    "normal_az": 180.0,
    "s1_total_h": 4.33,
    "s1_cont_h": 4.33,
    "s1_pass_a": true,
    "s1_pass_b": true,
    "s2_total_h": 3.83,
    "s2_cont_h": 3.83,
    "s2_pass_a": true,
    "s2_pass_b": true,
    "d_total_h": -0.5,
    "d_cont_h": -0.5,
    "change_cd": "keep_ok",
    "변화": "유지 충족"
   }
  },
  {
   "type": "Feature",
   "geometry": {
    "type": "Point",
    "coordinates": [
     126.93601812,
     37.52305066
    ]
   },
   "properties": {
    "pid": "여의도초등학교 운동장-48",
    "school": "여의도초등학교",
    "jibun": "40-3",
    "kind": "운동장 지반",
    "dong": "여의도초등학교 운동장",
    "facade": "지반",
    "floor": 0,
    "source": "배치도 경계(래스터 계측) + 분석지점도 격자",
    "z_m": 0.0,
    "normal_az": 180.0,
    "s1_total_h": 5.0,
    "s1_cont_h": 4.5,
    "s1_pass_a": true,
    "s1_pass_b": true,
    "s2_total_h": 3.83,
    "s2_cont_h": 3.67,
    "s2_pass_a": true,
    "s2_pass_b": true,
    "d_total_h": -1.17,
    "d_cont_h": -0.83,
    "change_cd": "keep_ok",
    "변화": "유지 충족"
   }
  },
  {
   "type": "Feature",
   "geometry": {
    "type": "Point",
    "coordinates": [
     126.9363819,
     37.52255073
    ]
   },
   "properties": {
    "pid": "여의도초등학교 운동장-49",
    "school": "여의도초등학교",
    "jibun": "40-3",
    "kind": "운동장 지반",
    "dong": "여의도초등학교 운동장",
    "facade": "지반",
    "floor": 0,
    "source": "배치도 경계(래스터 계측) + 분석지점도 격자",
    "z_m": 0.0,
    "normal_az": 180.0,
    "s1_total_h": 1.33,
    "s1_cont_h": 1.33,
    "s1_pass_a": false,
    "s1_pass_b": false,
    "s2_total_h": 2.17,
    "s2_cont_h": 2.17,
    "s2_pass_a": true,
    "s2_pass_b": true,
    "d_total_h": 0.84,
    "d_cont_h": 0.84,
    "change_cd": "new_ok",
    "변화": "신규 충족"
   }
  },
  {
   "type": "Feature",
   "geometry": {
    "type": "Point",
    "coordinates": [
     126.93631864,
     37.52261512
    ]
   },
   "properties": {
    "pid": "여의도초등학교 운동장-50",
    "school": "여의도초등학교",
    "jibun": "40-3",
    "kind": "운동장 지반",
    "dong": "여의도초등학교 운동장",
    "facade": "지반",
    "floor": 0,
    "source": "배치도 경계(래스터 계측) + 분석지점도 격자",
    "z_m": 0.0,
    "normal_az": 180.0,
    "s1_total_h": 1.83,
    "s1_cont_h": 1.83,
    "s1_pass_a": false,
    "s1_pass_b": false,
    "s2_total_h": 2.83,
    "s2_cont_h": 2.83,
    "s2_pass_a": true,
    "s2_pass_b": true,
    "d_total_h": 1.0,
    "d_cont_h": 1.0,
    "change_cd": "new_ok",
    "변화": "신규 충족"
   }
  },
  {
   "type": "Feature",
   "geometry": {
    "type": "Point",
    "coordinates": [
     126.9362554,
     37.52267951
    ]
   },
   "properties": {
    "pid": "여의도초등학교 운동장-51",
    "school": "여의도초등학교",
    "jibun": "40-3",
    "kind": "운동장 지반",
    "dong": "여의도초등학교 운동장",
    "facade": "지반",
    "floor": 0,
    "source": "배치도 경계(래스터 계측) + 분석지점도 격자",
    "z_m": 0.0,
    "normal_az": 180.0,
    "s1_total_h": 1.83,
    "s1_cont_h": 1.83,
    "s1_pass_a": false,
    "s1_pass_b": false,
    "s2_total_h": 3.0,
    "s2_cont_h": 3.0,
    "s2_pass_a": true,
    "s2_pass_b": true,
    "d_total_h": 1.17,
    "d_cont_h": 1.17,
    "change_cd": "new_ok",
    "변화": "신규 충족"
   }
  },
  {
   "type": "Feature",
   "geometry": {
    "type": "Point",
    "coordinates": [
     126.93619215,
     37.5227439
    ]
   },
   "properties": {
    "pid": "여의도초등학교 운동장-52",
    "school": "여의도초등학교",
    "jibun": "40-3",
    "kind": "운동장 지반",
    "dong": "여의도초등학교 운동장",
    "facade": "지반",
    "floor": 0,
    "source": "배치도 경계(래스터 계측) + 분석지점도 격자",
    "z_m": 0.0,
    "normal_az": 180.0,
    "s1_total_h": 2.33,
    "s1_cont_h": 2.33,
    "s1_pass_a": true,
    "s1_pass_b": true,
    "s2_total_h": 3.0,
    "s2_cont_h": 3.0,
    "s2_pass_a": true,
    "s2_pass_b": true,
    "d_total_h": 0.67,
    "d_cont_h": 0.67,
    "change_cd": "keep_ok",
    "변화": "유지 충족"
   }
  },
  {
   "type": "Feature",
   "geometry": {
    "type": "Point",
    "coordinates": [
     126.9361289,
     37.52280828
    ]
   },
   "properties": {
    "pid": "여의도초등학교 운동장-53",
    "school": "여의도초등학교",
    "jibun": "40-3",
    "kind": "운동장 지반",
    "dong": "여의도초등학교 운동장",
    "facade": "지반",
    "floor": 0,
    "source": "배치도 경계(래스터 계측) + 분석지점도 격자",
    "z_m": 0.0,
    "normal_az": 180.0,
    "s1_total_h": 3.0,
    "s1_cont_h": 3.0,
    "s1_pass_a": true,
    "s1_pass_b": true,
    "s2_total_h": 3.33,
    "s2_cont_h": 3.33,
    "s2_pass_a": true,
    "s2_pass_b": true,
    "d_total_h": 0.33,
    "d_cont_h": 0.33,
    "change_cd": "keep_ok",
    "변화": "유지 충족"
   }
  },
  {
   "type": "Feature",
   "geometry": {
    "type": "Point",
    "coordinates": [
     126.93606566,
     37.52287267
    ]
   },
   "properties": {
    "pid": "여의도초등학교 운동장-54",
    "school": "여의도초등학교",
    "jibun": "40-3",
    "kind": "운동장 지반",
    "dong": "여의도초등학교 운동장",
    "facade": "지반",
    "floor": 0,
    "source": "배치도 경계(래스터 계측) + 분석지점도 격자",
    "z_m": 0.0,
    "normal_az": 180.0,
    "s1_total_h": 3.33,
    "s1_cont_h": 3.33,
    "s1_pass_a": true,
    "s1_pass_b": true,
    "s2_total_h": 3.5,
    "s2_cont_h": 3.5,
    "s2_pass_a": true,
    "s2_pass_b": true,
    "d_total_h": 0.17,
    "d_cont_h": 0.17,
    "change_cd": "keep_ok",
    "변화": "유지 충족"
   }
  },
  {
   "type": "Feature",
   "geometry": {
    "type": "Point",
    "coordinates": [
     126.9360024,
     37.52293706
    ]
   },
   "properties": {
    "pid": "여의도초등학교 운동장-55",
    "school": "여의도초등학교",
    "jibun": "40-3",
    "kind": "운동장 지반",
    "dong": "여의도초등학교 운동장",
    "facade": "지반",
    "floor": 0,
    "source": "배치도 경계(래스터 계측) + 분석지점도 격자",
    "z_m": 0.0,
    "normal_az": 180.0,
    "s1_total_h": 4.0,
    "s1_cont_h": 3.67,
    "s1_pass_a": true,
    "s1_pass_b": true,
    "s2_total_h": 3.5,
    "s2_cont_h": 3.5,
    "s2_pass_a": true,
    "s2_pass_b": true,
    "d_total_h": -0.5,
    "d_cont_h": -0.17,
    "change_cd": "keep_ok",
    "변화": "유지 충족"
   }
  },
  {
   "type": "Feature",
   "geometry": {
    "type": "Point",
    "coordinates": [
     126.93593915,
     37.52300145
    ]
   },
   "properties": {
    "pid": "여의도초등학교 운동장-56",
    "school": "여의도초등학교",
    "jibun": "40-3",
    "kind": "운동장 지반",
    "dong": "여의도초등학교 운동장",
    "facade": "지반",
    "floor": 0,
    "source": "배치도 경계(래스터 계측) + 분석지점도 격자",
    "z_m": 0.0,
    "normal_az": 180.0,
    "s1_total_h": 4.33,
    "s1_cont_h": 3.83,
    "s1_pass_a": true,
    "s1_pass_b": true,
    "s2_total_h": 3.5,
    "s2_cont_h": 3.5,
    "s2_pass_a": true,
    "s2_pass_b": true,
    "d_total_h": -0.83,
    "d_cont_h": -0.33,
    "change_cd": "keep_ok",
    "변화": "유지 충족"
   }
  },
  {
   "type": "Feature",
   "geometry": {
    "type": "Point",
    "coordinates": [
     126.93630293,
     37.52250153
    ]
   },
   "properties": {
    "pid": "여의도초등학교 운동장-57",
    "school": "여의도초등학교",
    "jibun": "40-3",
    "kind": "운동장 지반",
    "dong": "여의도초등학교 운동장",
    "facade": "지반",
    "floor": 0,
    "source": "배치도 경계(래스터 계측) + 분석지점도 격자",
    "z_m": 0.0,
    "normal_az": 180.0,
    "s1_total_h": 3.83,
    "s1_cont_h": 3.83,
    "s1_pass_a": true,
    "s1_pass_b": true,
    "s2_total_h": 4.83,
    "s2_cont_h": 4.83,
    "s2_pass_a": true,
    "s2_pass_b": true,
    "d_total_h": 1.0,
    "d_cont_h": 1.0,
    "change_cd": "keep_ok",
    "변화": "유지 충족"
   }
  },
  {
   "type": "Feature",
   "geometry": {
    "type": "Point",
    "coordinates": [
     126.93623969,
     37.52256592
    ]
   },
   "properties": {
    "pid": "여의도초등학교 운동장-58",
    "school": "여의도초등학교",
    "jibun": "40-3",
    "kind": "운동장 지반",
    "dong": "여의도초등학교 운동장",
    "facade": "지반",
    "floor": 0,
    "source": "배치도 경계(래스터 계측) + 분석지점도 격자",
    "z_m": 0.0,
    "normal_az": 180.0,
    "s1_total_h": 3.0,
    "s1_cont_h": 3.0,
    "s1_pass_a": true,
    "s1_pass_b": true,
    "s2_total_h": 4.33,
    "s2_cont_h": 4.33,
    "s2_pass_a": true,
    "s2_pass_b": true,
    "d_total_h": 1.33,
    "d_cont_h": 1.33,
    "change_cd": "keep_ok",
    "변화": "유지 충족"
   }
  },
  {
   "type": "Feature",
   "geometry": {
    "type": "Point",
    "coordinates": [
     126.93617644,
     37.52263031
    ]
   },
   "properties": {
    "pid": "여의도초등학교 운동장-59",
    "school": "여의도초등학교",
    "jibun": "40-3",
    "kind": "운동장 지반",
    "dong": "여의도초등학교 운동장",
    "facade": "지반",
    "floor": 0,
    "source": "배치도 경계(래스터 계측) + 분석지점도 격자",
    "z_m": 0.0,
    "normal_az": 180.0,
    "s1_total_h": 2.5,
    "s1_cont_h": 2.5,
    "s1_pass_a": true,
    "s1_pass_b": true,
    "s2_total_h": 3.83,
    "s2_cont_h": 3.83,
    "s2_pass_a": true,
    "s2_pass_b": true,
    "d_total_h": 1.33,
    "d_cont_h": 1.33,
    "change_cd": "keep_ok",
    "변화": "유지 충족"
   }
  },
  {
   "type": "Feature",
   "geometry": {
    "type": "Point",
    "coordinates": [
     126.93611319,
     37.52269469
    ]
   },
   "properties": {
    "pid": "여의도초등학교 운동장-60",
    "school": "여의도초등학교",
    "jibun": "40-3",
    "kind": "운동장 지반",
    "dong": "여의도초등학교 운동장",
    "facade": "지반",
    "floor": 0,
    "source": "배치도 경계(래스터 계측) + 분석지점도 격자",
    "z_m": 0.0,
    "normal_az": 180.0,
    "s1_total_h": 2.17,
    "s1_cont_h": 2.17,
    "s1_pass_a": true,
    "s1_pass_b": true,
    "s2_total_h": 3.5,
    "s2_cont_h": 3.5,
    "s2_pass_a": true,
    "s2_pass_b": true,
    "d_total_h": 1.33,
    "d_cont_h": 1.33,
    "change_cd": "keep_ok",
    "변화": "유지 충족"
   }
  },
  {
   "type": "Feature",
   "geometry": {
    "type": "Point",
    "coordinates": [
     126.93604994,
     37.52275908
    ]
   },
   "properties": {
    "pid": "여의도초등학교 운동장-61",
    "school": "여의도초등학교",
    "jibun": "40-3",
    "kind": "운동장 지반",
    "dong": "여의도초등학교 운동장",
    "facade": "지반",
    "floor": 0,
    "source": "배치도 경계(래스터 계측) + 분석지점도 격자",
    "z_m": 0.0,
    "normal_az": 180.0,
    "s1_total_h": 2.17,
    "s1_cont_h": 2.17,
    "s1_pass_a": true,
    "s1_pass_b": true,
    "s2_total_h": 3.17,
    "s2_cont_h": 3.17,
    "s2_pass_a": true,
    "s2_pass_b": true,
    "d_total_h": 1.0,
    "d_cont_h": 1.0,
    "change_cd": "keep_ok",
    "변화": "유지 충족"
   }
  },
  {
   "type": "Feature",
   "geometry": {
    "type": "Point",
    "coordinates": [
     126.93598669,
     37.52282347
    ]
   },
   "properties": {
    "pid": "여의도초등학교 운동장-62",
    "school": "여의도초등학교",
    "jibun": "40-3",
    "kind": "운동장 지반",
    "dong": "여의도초등학교 운동장",
    "facade": "지반",
    "floor": 0,
    "source": "배치도 경계(래스터 계측) + 분석지점도 격자",
    "z_m": 0.0,
    "normal_az": 180.0,
    "s1_total_h": 2.5,
    "s1_cont_h": 2.5,
    "s1_pass_a": true,
    "s1_pass_b": true,
    "s2_total_h": 3.17,
    "s2_cont_h": 3.17,
    "s2_pass_a": true,
    "s2_pass_b": true,
    "d_total_h": 0.67,
    "d_cont_h": 0.67,
    "change_cd": "keep_ok",
    "변화": "유지 충족"
   }
  },
  {
   "type": "Feature",
   "geometry": {
    "type": "Point",
    "coordinates": [
     126.93592345,
     37.52288786
    ]
   },
   "properties": {
    "pid": "여의도초등학교 운동장-63",
    "school": "여의도초등학교",
    "jibun": "40-3",
    "kind": "운동장 지반",
    "dong": "여의도초등학교 운동장",
    "facade": "지반",
    "floor": 0,
    "source": "배치도 경계(래스터 계측) + 분석지점도 격자",
    "z_m": 0.0,
    "normal_az": 180.0,
    "s1_total_h": 3.0,
    "s1_cont_h": 2.83,
    "s1_pass_a": true,
    "s1_pass_b": true,
    "s2_total_h": 3.33,
    "s2_cont_h": 3.33,
    "s2_pass_a": true,
    "s2_pass_b": true,
    "d_total_h": 0.33,
    "d_cont_h": 0.5,
    "change_cd": "keep_ok",
    "변화": "유지 충족"
   }
  },
  {
   "type": "Feature",
   "geometry": {
    "type": "Point",
    "coordinates": [
     126.93586019,
     37.52295224
    ]
   },
   "properties": {
    "pid": "여의도초등학교 운동장-64",
    "school": "여의도초등학교",
    "jibun": "40-3",
    "kind": "운동장 지반",
    "dong": "여의도초등학교 운동장",
    "facade": "지반",
    "floor": 0,
    "source": "배치도 경계(래스터 계측) + 분석지점도 격자",
    "z_m": 0.0,
    "normal_az": 180.0,
    "s1_total_h": 3.17,
    "s1_cont_h": 3.0,
    "s1_pass_a": true,
    "s1_pass_b": true,
    "s2_total_h": 3.33,
    "s2_cont_h": 3.33,
    "s2_pass_a": true,
    "s2_pass_b": true,
    "d_total_h": 0.16,
    "d_cont_h": 0.33,
    "change_cd": "keep_ok",
    "변화": "유지 충족"
   }
  }
 ]
}