{
 "type": "FeatureCollection",
 "features": [
  {
   "type": "Feature",
   "geometry": {
    "type": "Polygon",
    "coordinates": [
     [
      [
       126.93392625,
       37.51852718
      ],
      [
       126.93406495,
       37.51838022
      ],
      [
       126.93405839,
       37.51837634
      ],
      [
       126.9340627,
       37.51837184
      ],
      [
       126.93393452,
       37.5182952
      ],
      [
       126.93397864,
       37.51824799
      ],
      [
       126.9339185,
       37.51821273
      ],
      [
       126.93387038,
       37.51826505
      ],
      [
       126.93387064,
       37.5182652
      ],
      [
       126.93384717,
       37.51828999
      ],
      [
       126.93384163,
       37.51828675
      ],
      [
       126.93375218,
       37.51838212
      ],
      [
       126.93376789,
       37.51839042
      ],
      [
       126.93375861,
       37.51840159
      ],
      [
       126.93374764,
       37.51839419
      ],
      [
       126.93373225,
       37.51840887
      ],
      [
       126.93379104,
       37.51844404
      ],
      [
       126.93378628,
       37.51844909
      ],
      [
       126.9339146,
       37.51852591
      ],
      [
       126.933918,
       37.51852223
      ],
      [
       126.93392625,
       37.51852718
      ]
     ]
    ]
   },
   "properties": {
    "label": "기존건물",
    "height_m": 30.0
   }
  },
  {
   "type": "Feature",
   "geometry": {
    "type": "Polygon",
    "coordinates": [
     [
      [
       126.93368543,
       37.51877105
      ],
      [
       126.93348714,
       37.51864812
      ],
      [
       126.93341173,
       37.51872944
      ],
      [
       126.93346136,
       37.51875884
      ],
      [
       126.93345864,
       37.51876262
      ],
      [
       126.9336072,
       37.51885118
      ],
      [
       126.93368543,
       37.51877105
      ]
     ]
    ]
   },
   "properties": {
    "label": "기존건물",
    "height_m": 25.2
   }
  },
  {
   "type": "Feature",
   "geometry": {
    "type": "Polygon",
    "coordinates": [
     [
      [
       126.92928827,
       37.51954111
      ],
      [
       126.92928804,
       37.5195384
      ],
      [
       126.92928341,
       37.51953858
      ],
      [
       126.9292739,
       37.51953903
      ],
      [
       126.9292657,
       37.51954519
      ],
      [
       126.92926315,
       37.51954722
      ],
      [
       126.92925794,
       37.51955226
      ],
      [
       126.9290017,
       37.51981394
      ],
      [
       126.9289948,
       37.51982168
      ],
      [
       126.92899457,
       37.51982592
      ],
      [
       126.92898518,
       37.51982636
      ],
      [
       126.9289854,
       37.51983114
      ],
      [
       126.92898551,
       37.51983573
      ],
      [
       126.92898562,
       37.51983691
      ],
      [
       126.92916752,
       37.51994946
      ],
      [
       126.92917238,
       37.51995261
      ],
      [
       126.92918234,
       37.51995226
      ],
      [
       126.9291897,
       37.51994704
      ],
      [
       126.92918879,
       37.51994622
      ],
      [
       126.92919174,
       37.51994416
      ],
      [
       126.92920193,
       37.51993379
      ],
      [
       126.92946439,
       37.5196669
      ],
      [
       126.92946869,
       37.51966195
      ],
      [
       126.92946881,
       37.51965609
      ],
      [
       126.92946508,
       37.51965249
      ],
      [
       126.92928827,
       37.51954111
      ]
     ]
    ]
   },
   "properties": {
    "label": "기존건물",
    "height_m": 37.1
   }
  },
  {
   "type": "Feature",
   "geometry": {
    "type": "Polygon",
    "coordinates": [
     [
      [
       126.9316581,
       37.5206547
      ],
      [
       126.93179819,
       37.52049899
      ],
      [
       126.93181775,
       37.52051017
      ],
      [
       126.9321624,
       37.52015781
      ],
      [
       126.93214624,
       37.5201469
      ],
      [
       126.93229954,
       37.51999571
      ],
      [
       126.93223012,
       37.51995107
      ],
      [
       126.93221922,
       37.51987042
      ],
      [
       126.93208028,
       37.51978258
      ],
      [
       126.93186511,
       37.51980526
      ],
      [
       126.93175347,
       37.5199181
      ],
      [
       126.93177787,
       37.52006173
      ],
      [
       126.93159922,
       37.52024281
      ],
      [
       126.93142014,
       37.52024821
      ],
      [
       126.93131505,
       37.52037078
      ],
      [
       126.93134046,
       37.52054225
      ],
      [
       126.93147986,
       37.5206254
      ],
      [
       126.93159446,
       37.52061835
      ],
      [
       126.9316581,
       37.5206547
      ]
     ]
    ]
   },
   "properties": {
    "label": "기존건물",
    "height_m": 112.25
   }
  },
  {
   "type": "Feature",
   "geometry": {
    "type": "Polygon",
    "coordinates": [
     [
      [
       126.92855012,
       37.52184641
      ],
      [
       126.92868112,
       37.52171432
      ],
      [
       126.92868101,
       37.52171081
      ],
      [
       126.92866417,
       37.52170107
      ],
      [
       126.92866847,
       37.52169638
      ],
      [
       126.92828204,
       37.52145927
      ],
      [
       126.92827956,
       37.52146179
      ],
      [
       126.92826442,
       37.52145205
      ],
      [
       126.92813057,
       37.52158478
      ],
      [
       126.92813079,
       37.52158794
      ],
      [
       126.92814639,
       37.52159812
      ],
      [
       126.92814436,
       37.52160002
      ],
      [
       126.92852772,
       37.52183919
      ],
      [
       126.92853033,
       37.52183775
      ],
      [
       126.92854672,
       37.52184659
      ],
      [
       126.92855012,
       37.52184641
      ]
     ]
    ]
   },
   "properties": {
    "label": "기존건물",
    "height_m": 60.2
   }
  },
  {
   "type": "Feature",
   "geometry": {
    "type": "Polygon",
    "coordinates": [
     [
      [
       126.93039801,
       37.52131476
      ],
      [
       126.93027681,
       37.52123674
      ],
      [
       126.93009724,
       37.52142117
      ],
      [
       126.93009866,
       37.52147748
      ],
      [
       126.93023693,
       37.52155459
      ],
      [
       126.93032797,
       37.52145968
      ],
      [
       126.93028468,
       37.52142632
      ],
      [
       126.93039801,
       37.52131476
      ]
     ]
    ]
   },
   "properties": {
    "label": "기존건물",
    "height_m": 22.0
   }
  },
  {
   "type": "Feature",
   "geometry": {
    "type": "Polygon",
    "coordinates": [
     [
      [
       126.9298958,
       37.52030336
      ],
      [
       126.92992954,
       37.52026869
      ],
      [
       126.92994434,
       37.52027789
      ],
      [
       126.92995317,
       37.52027762
      ],
      [
       126.93013683,
       37.52009086
      ],
      [
       126.93013661,
       37.52008437
      ],
      [
       126.92972351,
       37.51982834
      ],
      [
       126.92971514,
       37.51982851
      ],
      [
       126.92953057,
       37.52001616
      ],
      [
       126.92953249,
       37.52002238
      ],
      [
       126.92976255,
       37.52016984
      ],
      [
       126.92973107,
       37.52020172
      ],
      [
       126.92973243,
       37.52020848
      ],
      [
       126.92988505,
       37.52030371
      ],
      [
       126.9298958,
       37.52030336
      ]
     ]
    ]
   },
   "properties": {
    "label": "기존건물",
    "height_m": 37.5
   }
  },
  {
   "type": "Feature",
   "geometry": {
    "type": "Polygon",
    "coordinates": [
     [
      [
       126.92970214,
       37.52017359
      ],
      [
       126.92953414,
       37.52006977
      ],
      [
       126.92934018,
       37.52026834
      ],
      [
       126.92950535,
       37.52037177
      ],
      [
       126.92970214,
       37.52017359
      ]
     ]
    ]
   },
   "properties": {
    "label": "기존건물",
    "height_m": 49.9
   }
  },
  {
   "type": "Feature",
   "geometry": {
    "type": "Polygon",
    "coordinates": [
     [
      [
       126.93156398,
       37.52401466
      ],
      [
       126.93147636,
       37.52396155
      ],
      [
       126.93147285,
       37.52396641
      ],
      [
       126.93145973,
       37.52396036
      ],
      [
       126.93145894,
       37.52396108
      ],
      [
       126.93096604,
       37.52446544
      ],
      [
       126.93097553,
       37.52447112
      ],
      [
       126.93096897,
       37.52447806
      ],
      [
       126.93105591,
       37.5245329
      ],
      [
       126.93156398,
       37.52401466
      ]
     ]
    ]
   },
   "properties": {
    "label": "기존건물",
    "height_m": 44.0
   }
  },
  {
   "type": "Feature",
   "geometry": {
    "type": "Polygon",
    "coordinates": [
     [
      [
       126.93301508,
       37.5238526
      ],
      [
       126.93233275,
       37.52342918
      ],
      [
       126.93226277,
       37.5235023
      ],
      [
       126.93291571,
       37.52390876
      ],
      [
       126.93294148,
       37.52392535
      ],
      [
       126.93301508,
       37.5238526
      ]
     ]
    ]
   },
   "properties": {
    "label": "기존건물",
    "height_m": 44.0
   }
  },
  {
   "type": "Feature",
   "geometry": {
    "type": "Polygon",
    "coordinates": [
     [
      [
       126.92899794,
       37.52008532
      ],
      [
       126.92883458,
       37.51998278
      ],
      [
       126.92862533,
       37.52019493
      ],
      [
       126.9287982,
       37.52028738
      ],
      [
       126.92899794,
       37.52008532
      ]
     ]
    ]
   },
   "properties": {
    "label": "기존건물",
    "height_m": 58.7
   }
  },
  {
   "type": "Feature",
   "geometry": {
    "type": "Polygon",
    "coordinates": [
     [
      [
       126.92946483,
       37.52039518
      ],
      [
       126.92932702,
       37.52030951
      ],
      [
       126.92931786,
       37.52031211
      ],
      [
       126.92914507,
       37.52048662
      ],
      [
       126.92914484,
       37.52049193
      ],
      [
       126.92928163,
       37.52057798
      ],
      [
       126.92928978,
       37.52057771
      ],
      [
       126.92946528,
       37.52040257
      ],
      [
       126.92946483,
       37.52039518
      ]
     ]
    ]
   },
   "properties": {
    "label": "기존건물",
    "height_m": 40.0
   }
  },
  {
   "type": "Feature",
   "geometry": {
    "type": "Polygon",
    "coordinates": [
     [
      [
       126.92963191,
       37.521601
      ],
      [
       126.92938466,
       37.52144823
      ],
      [
       126.9291369,
       37.52170522
      ],
      [
       126.92938348,
       37.52185854
      ],
      [
       126.92963191,
       37.521601
      ]
     ]
    ]
   },
   "properties": {
    "label": "기존건물",
    "height_m": 50.0
   }
  },
  {
   "type": "Feature",
   "geometry": {
    "type": "Polygon",
    "coordinates": [
     [
      [
       126.93610101,
       37.52334704
      ],
      [
       126.93610667,
       37.52333569
      ],
      [
       126.93610613,
       37.52332587
      ],
      [
       126.93609708,
       37.52331722
      ],
      [
       126.9360843,
       37.52331054
      ],
      [
       126.93607401,
       37.52331099
      ],
      [
       126.93607144,
       37.52327179
      ],
      [
       126.93605553,
       37.52322583
      ],
      [
       126.93603904,
       37.52319095
      ],
      [
       126.93601509,
       37.52315796
      ],
      [
       126.93599293,
       37.52313768
      ],
      [
       126.93595709,
       37.52310991
      ],
      [
       126.93584969,
       37.52303615
      ],
      [
       126.93572237,
       37.52295787
      ],
      [
       126.93571889,
       37.52296122
      ],
      [
       126.93562309,
       37.52305314
      ],
      [
       126.93579821,
       37.52317514
      ],
      [
       126.93581202,
       37.52316263
      ],
      [
       126.93589206,
       37.52322755
      ],
      [
       126.93587869,
       37.52325601
      ],
      [
       126.93587334,
       37.52328628
      ],
      [
       126.93587264,
       37.52331249
      ],
      [
       126.93587329,
       37.52334547
      ],
      [
       126.93584366,
       37.52333752
      ],
      [
       126.93580418,
       37.52334065
      ],
      [
       126.93575971,
       37.52335378
      ],
      [
       126.93571398,
       37.52338142
      ],
      [
       126.93568804,
       37.52342827
      ],
      [
       126.93568133,
       37.52348124
      ],
      [
       126.93569632,
       37.5235253
      ],
      [
       126.93572729,
       37.52355902
      ],
      [
       126.93577863,
       37.52358239
      ],
      [
       126.93583903,
       37.52358944
      ],
      [
       126.93589639,
       37.52358136
      ],
      [
       126.93595037,
       37.52356175
      ],
      [
       126.93598615,
       37.52352834
      ],
      [
       126.93601966,
       37.52349314
      ],
      [
       126.93605229,
       37.52343477
      ],
      [
       126.93606942,
       37.52338559
      ],
      [
       126.93607395,
       37.52335847
      ],
      [
       126.93609002,
       37.52335433
      ],
      [
       126.93610101,
       37.52334704
      ]
     ]
    ]
   },
   "properties": {
    "label": "기존건물",
    "height_m": 16.1
   }
  },
  {
   "type": "Feature",
   "geometry": {
    "type": "Polygon",
    "coordinates": [
     [
      [
       126.93528762,
       37.5245516
      ],
      [
       126.93547727,
       37.52436826
      ],
      [
       126.93549739,
       37.52438133
      ],
      [
       126.93566496,
       37.52421897
      ],
      [
       126.93567683,
       37.52422672
      ],
      [
       126.93574318,
       37.52416243
      ],
      [
       126.93573798,
       37.52415901
      ],
      [
       126.93574364,
       37.52415351
      ],
      [
       126.93571255,
       37.52413323
      ],
      [
       126.9358963,
       37.52395376
      ],
      [
       126.93595385,
       37.52398955
      ],
      [
       126.93594954,
       37.52399397
      ],
      [
       126.9359612,
       37.52400127
      ],
      [
       126.93609684,
       37.52386285
      ],
      [
       126.9360896,
       37.52385834
      ],
      [
       126.93608689,
       37.52386105
      ],
      [
       126.93603137,
       37.5238266
      ],
      [
       126.93614607,
       37.52370963
      ],
      [
       126.93615127,
       37.52370882
      ],
      [
       126.93618033,
       37.52372686
      ],
      [
       126.93618633,
       37.52372082
      ],
      [
       126.93619232,
       37.52372461
      ],
      [
       126.93625709,
       37.52365842
      ],
      [
       126.93622102,
       37.52363606
      ],
      [
       126.93622238,
       37.52363462
      ],
      [
       126.93635099,
       37.52350981
      ],
      [
       126.93626032,
       37.52345047
      ],
      [
       126.9362576,
       37.52345308
      ],
      [
       126.93625025,
       37.52344821
      ],
      [
       126.935187,
       37.52448576
      ],
      [
       126.93528762,
       37.5245516
      ]
     ]
    ]
   },
   "properties": {
    "label": "기존건물",
    "height_m": 18.06
   }
  },
  {
   "type": "Feature",
   "geometry": {
    "type": "Polygon",
    "coordinates": [
     [
      [
       126.93358806,
       37.52576422
      ],
      [
       126.93372043,
       37.52563102
      ],
      [
       126.93375107,
       37.52565032
      ],
      [
       126.93382229,
       37.52557909
      ],
      [
       126.93379244,
       37.52555691
      ],
      [
       126.93403136,
       37.52531261
      ],
      [
       126.93409309,
       37.52535624
      ],
      [
       126.93422578,
       37.52522063
      ],
      [
       126.93416191,
       37.52518095
      ],
      [
       126.9343384,
       37.52500059
      ],
      [
       126.93433991,
       37.52499905
      ],
      [
       126.93434238,
       37.5250006
      ],
      [
       126.93437507,
       37.52502088
      ],
      [
       126.93439482,
       37.5250006
      ],
      [
       126.93449872,
       37.5248939
      ],
      [
       126.93448244,
       37.5248838
      ],
      [
       126.93449308,
       37.5248729
      ],
      [
       126.93447295,
       37.52486127
      ],
      [
       126.93453964,
       37.52479472
      ],
      [
       126.93466662,
       37.52487038
      ],
      [
       126.93466945,
       37.52486741
      ],
      [
       126.93472734,
       37.52490195
      ],
      [
       126.93487556,
       37.52474437
      ],
      [
       126.93447814,
       37.52449555
      ],
      [
       126.93432504,
       37.5246508
      ],
      [
       126.93437887,
       37.52468454
      ],
      [
       126.93437514,
       37.52468823
      ],
      [
       126.93443845,
       37.52472997
      ],
      [
       126.93417226,
       37.52500059
      ],
      [
       126.93348302,
       37.52570127
      ],
      [
       126.9334941,
       37.52570776
      ],
      [
       126.93349694,
       37.52570443
      ],
      [
       126.93358162,
       37.52575412
      ],
      [
       126.93357789,
       37.52575826
      ],
      [
       126.93358806,
       37.52576422
      ]
     ]
    ]
   },
   "properties": {
    "label": "기존건물",
    "height_m": 16.0
   }
  },
  {
   "type": "Feature",
   "geometry": {
    "type": "Polygon",
    "coordinates": [
     [
      [
       126.9371514,
       37.51845282
      ],
      [
       126.93720994,
       37.51839131
      ],
      [
       126.93720632,
       37.51838942
      ],
      [
       126.93724719,
       37.5183479
      ],
      [
       126.93724855,
       37.5183488
      ],
      [
       126.93729338,
       37.51830342
      ],
      [
       126.93725777,
       37.51828114
      ],
      [
       126.93725143,
       37.51828763
      ],
      [
       126.93723696,
       37.51827852
      ],
      [
       126.93726507,
       37.51824998
      ],
      [
       126.93727466,
       37.51824024
      ],
      [
       126.93724708,
       37.51822299
      ],
      [
       126.93705363,
       37.518102
      ],
      [
       126.9370195,
       37.51813774
      ],
      [
       126.93699545,
       37.51816291
      ],
      [
       126.9369831,
       37.51817585
      ],
      [
       126.93698271,
       37.51817561
      ],
      [
       126.93684324,
       37.51809099
      ],
      [
       126.93682746,
       37.51810764
      ],
      [
       126.93680033,
       37.51813629
      ],
      [
       126.93657787,
       37.51799667
      ],
      [
       126.93656766,
       37.51799025
      ],
      [
       126.93640576,
       37.51788865
      ],
      [
       126.9361525,
       37.51814963
      ],
      [
       126.93650128,
       37.51836498
      ],
      [
       126.93648192,
       37.51838488
      ],
      [
       126.93653755,
       37.51841924
      ],
      [
       126.93653993,
       37.51841681
      ],
      [
       126.93693981,
       37.51867038
      ],
      [
       126.9371522,
       37.51845399
      ],
      [
       126.9371514,
       37.51845282
      ]
     ]
    ]
   },
   "properties": {
    "label": "기존건물",
    "height_m": 60.65
   }
  },
  {
   "type": "Feature",
   "geometry": {
    "type": "Polygon",
    "coordinates": [
     [
      [
       126.93170092,
       37.51948846
      ],
      [
       126.93171779,
       37.51946937
      ],
      [
       126.9317368,
       37.51947173
      ],
      [
       126.93178616,
       37.51942138
      ],
      [
       126.93178346,
       37.51940651
      ],
      [
       126.93137296,
       37.51915211
      ],
      [
       126.93135802,
       37.51915391
      ],
      [
       126.93130719,
       37.5192046
      ],
      [
       126.93130932,
       37.51922262
      ],
      [
       126.93129686,
       37.51923532
      ],
      [
       126.93127503,
       37.51923648
      ],
      [
       126.93123869,
       37.51927205
      ],
      [
       126.9312415,
       37.51928439
      ],
      [
       126.93165314,
       37.51954043
      ],
      [
       126.93167043,
       37.51953864
      ],
      [
       126.93170566,
       37.51950334
      ],
      [
       126.93170092,
       37.51948846
      ]
     ]
    ]
   },
   "properties": {
    "label": "기존건물",
    "height_m": 22.0
   }
  },
  {
   "type": "Feature",
   "geometry": {
    "type": "Polygon",
    "coordinates": [
     [
      [
       126.9310841,
       37.51992501
      ],
      [
       126.93109066,
       37.51993165
      ],
      [
       126.93142719,
       37.51958897
      ],
      [
       126.93134855,
       37.5195391
      ],
      [
       126.93100836,
       37.51987946
      ],
      [
       126.9310841,
       37.51992501
      ]
     ]
    ]
   },
   "properties": {
    "label": "기존건물",
    "height_m": 48.8
   }
  },
  {
   "type": "Feature",
   "geometry": {
    "type": "Polygon",
    "coordinates": [
     [
      [
       126.93492283,
       37.52311141
      ],
      [
       126.93502334,
       37.52301002
      ],
      [
       126.93469307,
       37.52280296
      ],
      [
       126.93462106,
       37.52275787
      ],
      [
       126.93457645,
       37.52280307
      ],
      [
       126.93452018,
       37.52285999
      ],
      [
       126.93468141,
       37.52296126
      ],
      [
       126.93471198,
       37.52293046
      ],
      [
       126.93486958,
       37.52302975
      ],
      [
       126.93484026,
       37.52305928
      ],
      [
       126.93492283,
       37.52311141
      ]
     ]
    ]
   },
   "properties": {
    "label": "기존건물",
    "height_m": 19.95
   }
  },
  {
   "type": "Feature",
   "geometry": {
    "type": "Polygon",
    "coordinates": [
     [
      [
       126.93115772,
       37.52121051
      ],
      [
       126.930664,
       37.5209036
      ],
      [
       126.93065982,
       37.52090459
      ],
      [
       126.93053719,
       37.52103165
      ],
      [
       126.93103249,
       37.52133981
      ],
      [
       126.93115716,
       37.52121267
      ],
      [
       126.93115772,
       37.52121051
      ]
     ]
    ]
   },
   "properties": {
    "label": "기존건물",
    "height_m": 18.1
   }
  },
  {
   "type": "Feature",
   "geometry": {
    "type": "Polygon",
    "coordinates": [
     [
      [
       126.93462333,
       37.52275345
      ],
      [
       126.93435786,
       37.52258753
      ],
      [
       126.93430939,
       37.52264517
      ],
      [
       126.93428949,
       37.52263471
      ],
      [
       126.93423967,
       37.52268937
      ],
      [
       126.93451292,
       37.52286558
      ],
      [
       126.93462333,
       37.52275345
      ]
     ]
    ]
   },
   "properties": {
    "label": "기존건물",
    "height_m": 15.0
   }
  },
  {
   "type": "Feature",
   "geometry": {
    "type": "Polygon",
    "coordinates": [
     [
      [
       126.93379072,
       37.51828511
      ],
      [
       126.9336676,
       37.51820908
      ],
      [
       126.93346393,
       37.5184162
      ],
      [
       126.93346888,
       37.5184435
      ],
      [
       126.93377548,
       37.51863469
      ],
      [
       126.933811,
       37.5186329
      ],
      [
       126.93389207,
       37.51855069
      ],
      [
       126.93366607,
       37.51841019
      ],
      [
       126.93379072,
       37.51828511
      ]
     ]
    ]
   },
   "properties": {
    "label": "기존건물",
    "height_m": 22.0
   }
  },
  {
   "type": "Feature",
   "geometry": {
    "type": "Polygon",
    "coordinates": [
     [
      [
       126.93515606,
       37.52323859
      ],
      [
       126.93520158,
       37.52319302
      ],
      [
       126.93524138,
       37.52321494
      ],
      [
       126.9354445,
       37.52300511
      ],
      [
       126.93540629,
       37.52298112
      ],
      [
       126.93549336,
       37.52289134
      ],
      [
       126.93542699,
       37.52285039
      ],
      [
       126.93539971,
       37.52287525
      ],
      [
       126.93538026,
       37.52286154
      ],
      [
       126.93506764,
       37.52318429
      ],
      [
       126.93515606,
       37.52323859
      ]
     ]
    ]
   },
   "properties": {
    "label": "기존건물",
    "height_m": 19.95
   }
  },
  {
   "type": "Feature",
   "geometry": {
    "type": "Polygon",
    "coordinates": [
     [
      [
       126.93046654,
       37.51939034
      ],
      [
       126.9303042,
       37.51929059
      ],
      [
       126.9302905,
       37.51930221
      ],
      [
       126.93028722,
       37.51929941
      ],
      [
       126.9301321,
       37.51945737
      ],
      [
       126.93013662,
       37.51946016
      ],
      [
       126.93012519,
       37.51947187
      ],
      [
       126.93028866,
       37.51957297
      ],
      [
       126.93046654,
       37.51939034
      ]
     ]
    ]
   },
   "properties": {
    "label": "기존건물",
    "height_m": 41.0
   }
  },
  {
   "type": "Feature",
   "geometry": {
    "type": "Polygon",
    "coordinates": [
     [
      [
       126.93660147,
       37.52349371
      ],
      [
       126.93682044,
       37.5232685
      ],
      [
       126.93685436,
       37.52328951
      ],
      [
       126.93691946,
       37.52322251
      ],
      [
       126.93688916,
       37.52320376
      ],
      [
       126.93710655,
       37.52298024
      ],
      [
       126.93700468,
       37.52291585
      ],
      [
       126.93692724,
       37.52299436
      ],
      [
       126.93690458,
       37.52301732
      ],
      [
       126.93649778,
       37.52342969
      ],
      [
       126.93660147,
       37.52349371
      ]
     ]
    ]
   },
   "properties": {
    "label": "기존건물",
    "height_m": 17.0
   }
  },
  {
   "type": "Feature",
   "geometry": {
    "type": "Polygon",
    "coordinates": [
     [
      [
       126.93714643,
       37.52277447
      ],
      [
       126.93645843,
       37.52234576
      ],
      [
       126.93637476,
       37.52243087
      ],
      [
       126.9370649,
       37.52286093
      ],
      [
       126.93714643,
       37.52277447
      ]
     ]
    ]
   },
   "properties": {
    "label": "기존건물",
    "height_m": 16.0
   }
  },
  {
   "type": "Feature",
   "geometry": {
    "type": "Polygon",
    "coordinates": [
     [
      [
       126.93130463,
       37.52273635
      ],
      [
       126.93134426,
       37.5226979
      ],
      [
       126.93135488,
       37.52270485
      ],
      [
       126.93137923,
       37.52268125
      ],
      [
       126.93136475,
       37.52267179
      ],
      [
       126.93144662,
       37.52259227
      ],
      [
       126.9311469,
       37.52240622
      ],
      [
       126.93100615,
       37.52255002
      ],
      [
       126.93130463,
       37.52273635
      ]
     ]
    ]
   },
   "properties": {
    "label": "기존건물",
    "height_m": 14.0
   }
  },
  {
   "type": "Feature",
   "geometry": {
    "type": "Polygon",
    "coordinates": [
     [
      [
       126.93359729,
       37.52058715
      ],
      [
       126.93320238,
       37.52033806
      ],
      [
       126.93306221,
       37.52047891
      ],
      [
       126.93345735,
       37.52072798
      ],
      [
       126.93359729,
       37.52058715
      ]
     ]
    ]
   },
   "properties": {
    "label": "기존건물",
    "height_m": 12.0
   }
  },
  {
   "type": "Feature",
   "geometry": {
    "type": "Polygon",
    "coordinates": [
     [
      [
       126.93308879,
       37.51895721
      ],
      [
       126.93297371,
       37.51888461
      ],
      [
       126.93291574,
       37.51894297
      ],
      [
       126.93287804,
       37.51898178
      ],
      [
       126.93291558,
       37.51900559
      ],
      [
       126.93299708,
       37.51905726
      ],
      [
       126.93308879,
       37.51895721
      ]
     ]
    ]
   },
   "properties": {
    "label": "기존건물",
    "height_m": 22.0
   }
  },
  {
   "type": "Feature",
   "geometry": {
    "type": "Polygon",
    "coordinates": [
     [
      [
       126.93192058,
       37.52336498
      ],
      [
       126.93203211,
       37.5232526
      ],
      [
       126.93204296,
       37.52325927
      ],
      [
       126.93204897,
       37.52325296
      ],
      [
       126.93212867,
       37.52330166
      ],
      [
       126.93225946,
       37.5231655
      ],
      [
       126.9319828,
       37.52299523
      ],
      [
       126.93173539,
       37.5232508
      ],
      [
       126.93192058,
       37.52336498
      ]
     ]
    ]
   },
   "properties": {
    "label": "기존건물",
    "height_m": 44.0
   }
  },
  {
   "type": "Feature",
   "geometry": {
    "type": "Polygon",
    "coordinates": [
     [
      [
       126.93437248,
       37.51764148
      ],
      [
       126.93447392,
       37.51754666
      ],
      [
       126.93439568,
       37.51750698
      ],
      [
       126.93436627,
       37.51750309
      ],
      [
       126.93433109,
       37.51750586
      ],
      [
       126.93430086,
       37.5175335
      ],
      [
       126.93426011,
       37.51757474
      ],
      [
       126.93425038,
       37.5175687
      ],
      [
       126.93408282,
       37.51774304
      ],
      [
       126.93410215,
       37.51775486
      ],
      [
       126.93408245,
       37.5177753
      ],
      [
       126.93426639,
       37.51788686
      ],
      [
       126.93444936,
       37.51769604
      ],
      [
       126.93437248,
       37.51764148
      ]
     ]
    ]
   },
   "properties": {
    "label": "기존건물",
    "height_m": 47.8
   }
  },
  {
   "type": "Feature",
   "geometry": {
    "type": "Polygon",
    "coordinates": [
     [
      [
       126.93043685,
       37.51968838
      ],
      [
       126.93029587,
       37.51960343
      ],
      [
       126.93008969,
       37.51981557
      ],
      [
       126.93023191,
       37.51990342
      ],
      [
       126.93043685,
       37.51968838
      ]
     ]
    ]
   },
   "properties": {
    "label": "기존건물",
    "height_m": 34.0
   }
  },
  {
   "type": "Feature",
   "geometry": {
    "type": "Polygon",
    "coordinates": [
     [
      [
       126.93316166,
       37.51932495
      ],
      [
       126.93360934,
       37.51886632
      ],
      [
       126.93360312,
       37.51886253
      ],
      [
       126.93360425,
       37.51886136
      ],
      [
       126.933467,
       37.51877641
      ],
      [
       126.93301717,
       37.51923423
      ],
      [
       126.93302701,
       37.51923919
      ],
      [
       126.93302055,
       37.51924693
      ],
      [
       126.9330677,
       37.51927174
      ],
      [
       126.93307019,
       37.51926868
      ],
      [
       126.93308625,
       37.51927716
      ],
      [
       126.93308251,
       37.51928166
      ],
      [
       126.93315136,
       37.51932359
      ],
      [
       126.93315431,
       37.51932053
      ],
      [
       126.93316166,
       37.51932495
      ]
     ]
    ]
   },
   "properties": {
    "label": "기존건물",
    "height_m": 22.0
   }
  },
  {
   "type": "Feature",
   "geometry": {
    "type": "Polygon",
    "coordinates": [
     [
      [
       126.93278895,
       37.51955568
      ],
      [
       126.93279325,
       37.51955063
      ],
      [
       126.93279631,
       37.51955226
      ],
      [
       126.93281057,
       37.5195356
      ],
      [
       126.93283997,
       37.51955147
      ],
      [
       126.93284325,
       37.51955084
      ],
      [
       126.93284359,
       37.51955174
      ],
      [
       126.93285264,
       37.51955004
      ],
      [
       126.93285604,
       37.51954661
      ],
      [
       126.93285966,
       37.51954887
      ],
      [
       126.93290053,
       37.51950654
      ],
      [
       126.93291579,
       37.51951592
      ],
      [
       126.93292834,
       37.51952143
      ],
      [
       126.93292914,
       37.51952026
      ],
      [
       126.93293524,
       37.51952296
      ],
      [
       126.93293784,
       37.51952441
      ],
      [
       126.93294294,
       37.51951873
      ],
      [
       126.93294746,
       37.51952135
      ],
      [
       126.93304042,
       37.51942418
      ],
      [
       126.93303725,
       37.51942238
      ],
      [
       126.9330402,
       37.51941905
      ],
      [
       126.93291572,
       37.51934446
      ],
      [
       126.93285772,
       37.51930956
      ],
      [
       126.93287018,
       37.51929686
      ],
      [
       126.93282201,
       37.51926701
      ],
      [
       126.93281205,
       37.51927719
      ],
      [
       126.93269459,
       37.51920432
      ],
      [
       126.93269142,
       37.51920756
      ],
      [
       126.93268735,
       37.51920504
      ],
      [
       126.93268565,
       37.51920675
      ],
      [
       126.93254423,
       37.51935271
      ],
      [
       126.93254841,
       37.51935524
      ],
      [
       126.93254547,
       37.5193583
      ],
      [
       126.93254253,
       37.51936145
      ],
      [
       126.93254976,
       37.5193656
      ],
      [
       126.93254727,
       37.51936821
      ],
      [
       126.93257271,
       37.51938291
      ],
      [
       126.93255584,
       37.51940137
      ],
      [
       126.93255663,
       37.51940326
      ],
      [
       126.93255391,
       37.51940389
      ],
      [
       126.93255696,
       37.51941164
      ],
      [
       126.9325616,
       37.51941408
      ],
      [
       126.93255933,
       37.51941678
      ],
      [
       126.93278895,
       37.51955568
      ]
     ]
    ]
   },
   "properties": {
    "label": "기존건물",
    "height_m": 21.5
   }
  },
  {
   "type": "Feature",
   "geometry": {
    "type": "Polygon",
    "coordinates": [
     [
      [
       126.9329304,
       37.51810342
      ],
      [
       126.93309197,
       37.51793854
      ],
      [
       126.93297733,
       37.51786567
      ],
      [
       126.93291573,
       37.51792754
      ],
      [
       126.93290464,
       37.5179387
      ],
      [
       126.93290216,
       37.51793708
      ],
      [
       126.93277837,
       37.51785728
      ],
      [
       126.93275765,
       37.51787772
      ],
      [
       126.93278309,
       37.51789404
      ],
      [
       126.93276905,
       37.51790782
      ],
      [
       126.93273954,
       37.51789023
      ],
      [
       126.93268293,
       37.51795021
      ],
      [
       126.93268813,
       37.51795336
      ],
      [
       126.93291582,
       37.51809431
      ],
      [
       126.9329304,
       37.51810342
      ]
     ]
    ]
   },
   "properties": {
    "label": "기존건물",
    "height_m": 26.0
   }
  },
  {
   "type": "Feature",
   "geometry": {
    "type": "Polygon",
    "coordinates": [
     [
      [
       126.93054826,
       37.52031501
      ],
      [
       126.93039201,
       37.52022337
      ],
      [
       126.93019045,
       37.52044886
      ],
      [
       126.93033833,
       37.52053832
      ],
      [
       126.93054826,
       37.52031501
      ]
     ]
    ]
   },
   "properties": {
    "label": "기존건물",
    "height_m": 28.0
   }
  },
  {
   "type": "Feature",
   "geometry": {
    "type": "Polygon",
    "coordinates": [
     [
      [
       126.93002289,
       37.51975246
      ],
      [
       126.9300529,
       37.51971905
      ],
      [
       126.93009123,
       37.51974089
      ],
      [
       126.93009315,
       37.51973882
      ],
      [
       126.93018803,
       37.51964517
      ],
      [
       126.93018804,
       37.51963967
      ],
      [
       126.93015525,
       37.51961911
      ],
      [
       126.93018639,
       37.51958597
      ],
      [
       126.93018458,
       37.5195711
      ],
      [
       126.93005876,
       37.51949426
      ],
      [
       126.93003999,
       37.51949533
      ],
      [
       126.92987762,
       37.519663
      ],
      [
       126.92987987,
       37.51967579
      ],
      [
       126.93000536,
       37.51975353
      ],
      [
       126.93002289,
       37.51975246
      ]
     ]
    ]
   },
   "properties": {
    "label": "기존건물",
    "height_m": 41.0
   }
  },
  {
   "type": "Feature",
   "geometry": {
    "type": "Polygon",
    "coordinates": [
     [
      [
       126.93576496,
       37.52276481
      ],
      [
       126.93545336,
       37.52257129
      ],
      [
       126.93529292,
       37.52273508
      ],
      [
       126.93540237,
       37.52280308
      ],
      [
       126.93560555,
       37.52292789
      ],
      [
       126.93572783,
       37.52280317
      ],
      [
       126.93576496,
       37.52276481
      ]
     ]
    ]
   },
   "properties": {
    "label": "기존건물",
    "height_m": 13.0
   }
  },
  {
   "type": "Feature",
   "geometry": {
    "type": "Polygon",
    "coordinates": [
     [
      [
       126.93579785,
       37.52320136
      ],
      [
       126.93558642,
       37.52306438
      ],
      [
       126.93543913,
       37.52320829
      ],
      [
       126.9354133,
       37.52324584
      ],
      [
       126.93539755,
       37.52327953
      ],
      [
       126.93538937,
       37.52331899
      ],
      [
       126.93539228,
       37.52335422
      ],
      [
       126.93540154,
       37.52337513
      ],
      [
       126.93542245,
       37.52339605
      ],
      [
       126.93545909,
       37.52340571
      ],
      [
       126.93551419,
       37.52340294
      ],
      [
       126.93557755,
       37.52338676
      ],
      [
       126.9356458,
       37.52334219
      ],
      [
       126.93576116,
       37.52323918
      ],
      [
       126.93579785,
       37.52320136
      ]
     ]
    ]
   },
   "properties": {
    "label": "기존건물",
    "height_m": 15.0
   }
  },
  {
   "type": "Feature",
   "geometry": {
    "type": "Polygon",
    "coordinates": [
     [
      [
       126.93916472,
       37.5215945
      ],
      [
       126.93917865,
       37.52158045
      ],
      [
       126.9391895,
       37.52158154
      ],
      [
       126.93919493,
       37.52158154
      ],
      [
       126.93920081,
       37.52158118
      ],
      [
       126.93920738,
       37.52157884
      ],
      [
       126.93921067,
       37.52157443
      ],
      [
       126.93921395,
       37.52156983
      ],
      [
       126.93921565,
       37.5215638
      ],
      [
       126.93921565,
       37.5215583
      ],
      [
       126.93921351,
       37.52155254
      ],
      [
       126.93920751,
       37.52154893
      ],
      [
       126.93919757,
       37.5215455
      ],
      [
       126.93919237,
       37.5215446
      ],
      [
       126.93918354,
       37.52154495
      ],
      [
       126.93917641,
       37.52155162
      ],
      [
       126.9391695,
       37.52154684
      ],
      [
       126.9392165,
       37.52149713
      ],
      [
       126.9390001,
       37.52135925
      ],
      [
       126.93872362,
       37.52164301
      ],
      [
       126.93897293,
       37.52180072
      ],
      [
       126.9391732,
       37.52159982
      ],
      [
       126.93916472,
       37.5215945
      ]
     ]
    ]
   },
   "properties": {
    "label": "기존건물",
    "height_m": 20.1
   }
  },
  {
   "type": "Feature",
   "geometry": {
    "type": "Polygon",
    "coordinates": [
     [
      [
       126.93291567,
       37.52306128
      ],
      [
       126.93285779,
       37.52302475
      ],
      [
       126.93273697,
       37.52314649
      ],
      [
       126.9329155,
       37.52325841
      ],
      [
       126.93325536,
       37.52347188
      ],
      [
       126.93337605,
       37.52335004
      ],
      [
       126.93291567,
       37.52306128
      ]
     ]
    ]
   },
   "properties": {
    "label": "기존건물",
    "height_m": 11.0
   }
  },
  {
   "type": "Feature",
   "geometry": {
    "type": "Polygon",
    "coordinates": [
     [
      [
       126.93707686,
       37.519702
      ],
      [
       126.93718467,
       37.51976868
      ],
      [
       126.93750914,
       37.51996976
      ],
      [
       126.9375102,
       37.5199703
      ],
      [
       126.93744804,
       37.52003387
      ],
      [
       126.93748309,
       37.52005552
      ],
      [
       126.93774473,
       37.5197876
      ],
      [
       126.93723528,
       37.51947181
      ],
      [
       126.93703557,
       37.51967631
      ],
      [
       126.93707686,
       37.519702
      ]
     ]
    ]
   },
   "properties": {
    "label": "기존건물",
    "height_m": 38.4
   }
  },
  {
   "type": "Feature",
   "geometry": {
    "type": "Polygon",
    "coordinates": [
     [
      [
       126.93551148,
       37.52287062
      ],
      [
       126.93548739,
       37.52285583
      ],
      [
       126.9354686,
       37.52287528
      ],
      [
       126.93549279,
       37.52288998
      ],
      [
       126.93551148,
       37.52287062
      ]
     ]
    ]
   },
   "properties": {
    "label": "기존건물",
    "height_m": 19.95
   }
  },
  {
   "type": "Feature",
   "geometry": {
    "type": "Polygon",
    "coordinates": [
     [
      [
       126.93538564,
       37.52279298
      ],
      [
       126.93531407,
       37.52274987
      ],
      [
       126.93529652,
       37.52276833
      ],
      [
       126.9353362,
       37.52279214
      ],
      [
       126.93534627,
       37.52279521
      ],
      [
       126.93535973,
       37.52279657
      ],
      [
       126.93537104,
       37.52279648
      ],
      [
       126.93538009,
       37.52279532
      ],
      [
       126.93538564,
       37.52279298
      ]
     ]
    ]
   },
   "properties": {
    "label": "기존건물",
    "height_m": 15.0
   }
  },
  {
   "type": "Feature",
   "geometry": {
    "type": "Polygon",
    "coordinates": [
     [
      [
       126.93513274,
       37.52326037
      ],
      [
       126.93501504,
       37.52318759
      ],
      [
       126.93498469,
       37.52322046
      ],
      [
       126.93510137,
       37.52329261
      ],
      [
       126.93513274,
       37.52326037
      ]
     ]
    ]
   },
   "properties": {
    "label": "기존건물",
    "height_m": 15.0
   }
  },
  {
   "type": "Feature",
   "geometry": {
    "type": "Polygon",
    "coordinates": [
     [
      [
       126.9341757,
       37.51824279
      ],
      [
       126.9342545,
       37.51816409
      ],
      [
       126.93428242,
       37.51818177
      ],
      [
       126.93429975,
       37.51816195
      ],
      [
       126.93418748,
       37.5180926
      ],
      [
       126.93418433,
       37.51807692
      ],
      [
       126.9341875,
       37.51807648
      ],
      [
       126.93418626,
       37.51807071
      ],
      [
       126.93422509,
       37.51803181
      ],
      [
       126.9342512,
       37.5180502
      ],
      [
       126.93427056,
       37.51803363
      ],
      [
       126.93426045,
       37.51794524
      ],
      [
       126.93404329,
       37.51780366
      ],
      [
       126.93403322,
       37.51779744
      ],
      [
       126.9337975,
       37.51804742
      ],
      [
       126.93394119,
       37.51813688
      ],
      [
       126.93395942,
       37.51811724
      ],
      [
       126.93409226,
       37.51819572
      ],
      [
       126.93409554,
       37.51819238
      ],
      [
       126.9341757,
       37.51824279
      ]
     ]
    ]
   },
   "properties": {
    "label": "기존건물",
    "height_m": 22.2
   }
  },
  {
   "type": "Feature",
   "geometry": {
    "type": "Polygon",
    "coordinates": [
     [
      [
       126.93179532,
       37.51855174
      ],
      [
       126.93186246,
       37.51848339
      ],
      [
       126.93185331,
       37.51846636
      ],
      [
       126.93187154,
       37.5184479
      ],
      [
       126.93184038,
       37.51838409
      ],
      [
       126.93169285,
       37.51853475
      ],
      [
       126.93153254,
       37.51843483
      ],
      [
       126.93147389,
       37.51849453
      ],
      [
       126.93151584,
       37.51851996
      ],
      [
       126.93149059,
       37.51854599
      ],
      [
       126.93168515,
       37.51866539
      ],
      [
       126.93170254,
       37.51869919
      ],
      [
       126.93181294,
       37.51858672
      ],
      [
       126.93179532,
       37.51855174
      ]
     ]
    ]
   },
   "properties": {
    "label": "기존건물",
    "height_m": 22.0
   }
  },
  {
   "type": "Feature",
   "geometry": {
    "type": "Polygon",
    "coordinates": [
     [
      [
       126.93286446,
       37.51785272
      ],
      [
       126.93290499,
       37.51780968
      ],
      [
       126.93291573,
       37.51781608
      ],
      [
       126.93295066,
       37.51783782
      ],
      [
       126.93298406,
       37.51780387
      ],
      [
       126.93300105,
       37.51778595
      ],
      [
       126.9329158,
       37.51773319
      ],
      [
       126.9328837,
       37.51771317
      ],
      [
       126.93279425,
       37.51780358
      ],
      [
       126.93278984,
       37.517808
      ],
      [
       126.93286446,
       37.51785272
      ]
     ]
    ]
   },
   "properties": {
    "label": "기존건물",
    "height_m": 13.6
   }
  },
  {
   "type": "Feature",
   "geometry": {
    "type": "Polygon",
    "coordinates": [
     [
      [
       126.9367447,
       37.52306709
      ],
      [
       126.93669676,
       37.52303832
      ],
      [
       126.93665034,
       37.52308722
      ],
      [
       126.93669828,
       37.52311608
      ],
      [
       126.9367447,
       37.52306709
      ]
     ]
    ]
   },
   "properties": {
    "label": "기존건물",
    "height_m": 1.0
   }
  },
  {
   "type": "Feature",
   "geometry": {
    "type": "Polygon",
    "coordinates": [
     [
      [
       126.9366649,
       37.52325724
      ],
      [
       126.93662963,
       37.52323578
      ],
      [
       126.93658162,
       37.52328567
      ],
      [
       126.93661689,
       37.52330713
      ],
      [
       126.9366649,
       37.52325724
      ]
     ]
    ]
   },
   "properties": {
    "label": "기존건물",
    "height_m": 1.0
   }
  },
  {
   "type": "Feature",
   "geometry": {
    "type": "Polygon",
    "coordinates": [
     [
      [
       126.93643464,
       37.52339892
      ],
      [
       126.93633192,
       37.52333207
      ],
      [
       126.93630488,
       37.52336134
      ],
      [
       126.9364076,
       37.5234282
      ],
      [
       126.93643464,
       37.52339892
      ]
     ]
    ]
   },
   "properties": {
    "label": "기존건물",
    "height_m": 4.0
   }
  },
  {
   "type": "Feature",
   "geometry": {
    "type": "Polygon",
    "coordinates": [
     [
      [
       126.93092792,
       37.52237356
      ],
      [
       126.93083397,
       37.52231728
      ],
      [
       126.93035693,
       37.52280309
      ],
      [
       126.9300623,
       37.52310295
      ],
      [
       126.93015647,
       37.52316166
      ],
      [
       126.93048993,
       37.52282218
      ],
      [
       126.93049889,
       37.52281309
      ],
      [
       126.93078649,
       37.52252053
      ],
      [
       126.93089633,
       37.52240697
      ],
      [
       126.93092792,
       37.52237356
      ]
     ]
    ]
   },
   "properties": {
    "label": "기존건물",
    "height_m": 44.0
   }
  },
  {
   "type": "Feature",
   "geometry": {
    "type": "Polygon",
    "coordinates": [
     [
      [
       126.93484523,
       37.52331283
      ],
      [
       126.93472732,
       37.52324015
      ],
      [
       126.93407989,
       37.52390481
      ],
      [
       126.93419758,
       37.52397813
      ],
      [
       126.93484523,
       37.52331283
      ]
     ]
    ]
   },
   "properties": {
    "label": "기존건물",
    "height_m": 41.2
   }
  },
  {
   "type": "Feature",
   "geometry": {
    "type": "Polygon",
    "coordinates": [
     [
      [
       126.93519126,
       37.52334645
      ],
      [
       126.93533313,
       37.52320481
      ],
      [
       126.93533325,
       37.52320021
      ],
      [
       126.93533189,
       37.52319453
      ],
      [
       126.93532783,
       37.52318858
      ],
      [
       126.93532014,
       37.52318543
      ],
      [
       126.9353103,
       37.5231856
      ],
      [
       126.93530249,
       37.52318794
      ],
      [
       126.93529785,
       37.52319244
      ],
      [
       126.9352598,
       37.52323143
      ],
      [
       126.93520225,
       37.52319599
      ],
      [
       126.93510613,
       37.52329234
      ],
      [
       126.93519126,
       37.52334645
      ]
     ]
    ]
   },
   "properties": {
    "label": "기존건물",
    "height_m": 19.95
   }
  },
  {
   "type": "Feature",
   "geometry": {
    "type": "Polygon",
    "coordinates": [
     [
      [
       126.9345863,
       37.51763907
      ],
      [
       126.93462051,
       37.51760204
      ],
      [
       126.93466231,
       37.51760569
      ],
      [
       126.93466378,
       37.51759493
      ],
      [
       126.93467471,
       37.51759589
      ],
      [
       126.93468298,
       37.51753576
      ],
      [
       126.93459138,
       37.51752995
      ],
      [
       126.93454813,
       37.51752397
      ],
      [
       126.93450092,
       37.51757364
      ],
      [
       126.93450433,
       37.5175757
      ],
      [
       126.9344328,
       37.51765446
      ],
      [
       126.93462119,
       37.51776527
      ],
      [
       126.9346824,
       37.51769923
      ],
      [
       126.9345863,
       37.51763907
      ]
     ]
    ]
   },
   "properties": {
    "label": "기존건물",
    "height_m": 21.7
   }
  },
  {
   "type": "Feature",
   "geometry": {
    "type": "Polygon",
    "coordinates": [
     [
      [
       126.93492283,
       37.52311141
      ],
      [
       126.93503404,
       37.52319679
      ],
      [
       126.93513613,
       37.52325983
      ],
      [
       126.93515481,
       37.52324057
      ],
      [
       126.93506629,
       37.52318591
      ],
      [
       126.93496579,
       37.52310422
      ],
      [
       126.93496625,
       37.52309747
      ],
      [
       126.93496557,
       37.52309206
      ],
      [
       126.93496309,
       37.52308764
      ],
      [
       126.93495337,
       37.52308088
      ],
      [
       126.93492283,
       37.52311141
      ]
     ]
    ]
   },
   "properties": {
    "label": "기존건물",
    "height_m": 15.0
   }
  },
  {
   "type": "Feature",
   "geometry": {
    "type": "Polygon",
    "coordinates": [
     [
      [
       126.93734417,
       37.52290522
      ],
      [
       126.93730289,
       37.52287538
      ],
      [
       126.93723407,
       37.52293661
      ],
      [
       126.93727568,
       37.52296619
      ],
      [
       126.93734417,
       37.52290522
      ]
     ]
    ]
   },
   "properties": {
    "label": "기존건물",
    "height_m": 4.0
   }
  },
  {
   "type": "Feature",
   "geometry": {
    "type": "Polygon",
    "coordinates": [
     [
      [
       126.93696405,
       37.52279951
      ],
      [
       126.93689124,
       37.5227537
      ],
      [
       126.93687788,
       37.52276711
      ],
      [
       126.93693294,
       37.52280228
      ],
      [
       126.93693373,
       37.52280309
      ],
      [
       126.93694639,
       37.52281671
      ],
      [
       126.93695214,
       37.52283158
      ],
      [
       126.93695552,
       37.52284834
      ],
      [
       126.93695653,
       37.52285978
      ],
      [
       126.93695641,
       37.52286555
      ],
      [
       126.93695471,
       37.52286969
      ],
      [
       126.93690962,
       37.52295391
      ],
      [
       126.93690328,
       37.52296201
      ],
      [
       126.93686942,
       37.52299705
      ],
      [
       126.93690417,
       37.52301708
      ],
      [
       126.93694682,
       37.52297285
      ],
      [
       126.93693438,
       37.52296564
      ],
      [
       126.93698492,
       37.52287259
      ],
      [
       126.93698628,
       37.52286808
      ],
      [
       126.93698583,
       37.52286052
      ],
      [
       126.93698325,
       37.52284069
      ],
      [
       126.93698111,
       37.5228279
      ],
      [
       126.93697783,
       37.52282186
      ],
      [
       126.93697049,
       37.52281041
      ],
      [
       126.9369662,
       37.52280311
      ],
      [
       126.93696405,
       37.52279951
      ]
     ]
    ]
   },
   "properties": {
    "label": "기존건물",
    "height_m": 16.0
   }
  },
  {
   "type": "Feature",
   "geometry": {
    "type": "Polygon",
    "coordinates": [
     [
      [
       126.93161419,
       37.52280312
      ],
      [
       126.93152736,
       37.52274856
      ],
      [
       126.93147346,
       37.52280303
      ],
      [
       126.93075558,
       37.52353423
      ],
      [
       126.93085055,
       37.52359338
      ],
      [
       126.93120281,
       37.52323572
      ],
      [
       126.93123599,
       37.52320114
      ],
      [
       126.93160217,
       37.52282518
      ],
      [
       126.93162006,
       37.52280681
      ],
      [
       126.93161419,
       37.52280312
      ]
     ]
    ]
   },
   "properties": {
    "label": "기존건물",
    "height_m": 44.0
   }
  },
  {
   "type": "Feature",
   "geometry": {
    "type": "Polygon",
    "coordinates": [
     [
      [
       126.93364312,
       37.52363409
      ],
      [
       126.93366373,
       37.52361293
      ],
      [
       126.93367526,
       37.52362015
      ],
      [
       126.93378385,
       37.52350884
      ],
      [
       126.93382976,
       37.52353779
      ],
      [
       126.93386294,
       37.52350375
      ],
      [
       126.93381476,
       37.52347345
      ],
      [
       126.93413927,
       37.52314071
      ],
      [
       126.93418953,
       37.52317141
      ],
      [
       126.9342227,
       37.52313728
      ],
      [
       126.93417244,
       37.52310649
      ],
      [
       126.93428295,
       37.52299573
      ],
      [
       126.93427131,
       37.52298842
      ],
      [
       126.93428999,
       37.5229697
      ],
      [
       126.93419445,
       37.52290936
      ],
      [
       126.93354634,
       37.52357422
      ],
      [
       126.93364312,
       37.52363409
      ]
     ]
    ]
   },
   "properties": {
    "label": "기존건물",
    "height_m": 41.2
   }
  },
  {
   "type": "Feature",
   "geometry": {
    "type": "Polygon",
    "coordinates": [
     [
      [
       126.93066525,
       37.52347534
      ],
      [
       126.93027406,
       37.52323112
      ],
      [
       126.93026851,
       37.52323598
      ],
      [
       126.93026648,
       37.52323445
      ],
      [
       126.93019718,
       37.52330459
      ],
      [
       126.93039491,
       37.52342743
      ],
      [
       126.93035709,
       37.52346605
      ],
      [
       126.93039916,
       37.52349221
      ],
      [
       126.93043562,
       37.52345493
      ],
      [
       126.93060985,
       37.52356072
      ],
      [
       126.9306206,
       37.52354965
      ],
      [
       126.93060625,
       37.5235409
      ],
      [
       126.93066275,
       37.52348201
      ],
      [
       126.93066026,
       37.52348047
      ],
      [
       126.93066525,
       37.52347534
      ]
     ]
    ]
   },
   "properties": {
    "label": "기존건물",
    "height_m": 44.0
   }
  },
  {
   "type": "Feature",
   "geometry": {
    "type": "Polygon",
    "coordinates": [
     [
      [
       126.9330297,
       37.5216747
      ],
      [
       126.93293111,
       37.52161157
      ],
      [
       126.93291571,
       37.52162679
      ],
      [
       126.93195305,
       37.52261257
      ],
      [
       126.93205254,
       37.52267426
      ],
      [
       126.93276362,
       37.52194304
      ],
      [
       126.93299845,
       37.52170559
      ],
      [
       126.9330297,
       37.5216747
      ]
     ]
    ]
   },
   "properties": {
    "label": "기존건물",
    "height_m": 35.6
   }
  },
  {
   "type": "Feature",
   "geometry": {
    "type": "Polygon",
    "coordinates": [
     [
      [
       126.93225038,
       37.52181553
      ],
      [
       126.93193586,
       37.52161874
      ],
      [
       126.93185762,
       37.52169799
      ],
      [
       126.93210725,
       37.52185554
      ],
      [
       126.93217305,
       37.52189577
      ],
      [
       126.93225038,
       37.52181553
      ]
     ]
    ]
   },
   "properties": {
    "label": "기존건물",
    "height_m": 35.6
   }
  },
  {
   "type": "Feature",
   "geometry": {
    "type": "Polygon",
    "coordinates": [
     [
      [
       126.93212735,
       37.52113782
      ],
      [
       126.93203318,
       37.52108046
      ],
      [
       126.93203148,
       37.52108235
      ],
      [
       126.93202888,
       37.52108082
      ],
      [
       126.93107945,
       37.52204885
      ],
      [
       126.93108297,
       37.5220502
      ],
      [
       126.93108116,
       37.52205308
      ],
      [
       126.93117647,
       37.5221108
      ],
      [
       126.93171668,
       37.52155807
      ],
      [
       126.93212735,
       37.52113782
      ]
     ]
    ]
   },
   "properties": {
    "label": "기존건물",
    "height_m": 35.6
   }
  },
  {
   "type": "Feature",
   "geometry": {
    "type": "Polygon",
    "coordinates": [
     [
      [
       126.93509213,
       37.51959769
      ],
      [
       126.93499038,
       37.51953204
      ],
      [
       126.93418742,
       37.52035745
      ],
      [
       126.93428996,
       37.52041932
      ],
      [
       126.93472393,
       37.51997582
      ],
      [
       126.93509213,
       37.51959769
      ]
     ]
    ]
   },
   "properties": {
    "label": "기존건물",
    "height_m": 35.6
   }
  },
  {
   "type": "Feature",
   "geometry": {
    "type": "Polygon",
    "coordinates": [
     [
      [
       126.93418484,
       37.51903739
      ],
      [
       126.93408377,
       37.51897274
      ],
      [
       126.93394235,
       37.51912817
      ],
      [
       126.93327832,
       37.51979517
      ],
      [
       126.93338086,
       37.51985875
      ],
      [
       126.93382741,
       37.51940344
      ],
      [
       126.93416561,
       37.51905648
      ],
      [
       126.93418484,
       37.51903739
      ]
     ]
    ]
   },
   "properties": {
    "label": "기존건물",
    "height_m": 35.6
   }
  },
  {
   "type": "Feature",
   "geometry": {
    "type": "Polygon",
    "coordinates": [
     [
      [
       126.93387752,
       37.52080598
      ],
      [
       126.93378312,
       37.52074691
      ],
      [
       126.93302407,
       37.52152063
      ],
      [
       126.93302678,
       37.52152207
      ],
      [
       126.93302508,
       37.52152413
      ],
      [
       126.93311756,
       37.52158203
      ],
      [
       126.93349233,
       37.52120193
      ],
      [
       126.93387752,
       37.52080598
      ]
     ]
    ]
   },
   "properties": {
    "label": "기존건물",
    "height_m": 35.6
   }
  },
  {
   "type": "Feature",
   "geometry": {
    "type": "Polygon",
    "coordinates": [
     [
      [
       126.93561391,
       37.51832936
      ],
      [
       126.9355013,
       37.51826317
      ],
      [
       126.93505035,
       37.51872233
      ],
      [
       126.93516772,
       37.51878845
      ],
      [
       126.93561391,
       37.51832936
      ]
     ]
    ]
   },
   "properties": {
    "label": "기존건물",
    "height_m": 35.6
   }
  },
  {
   "type": "Feature",
   "geometry": {
    "type": "Polygon",
    "coordinates": [
     [
      [
       126.93627719,
       37.52169947
      ],
      [
       126.93629995,
       37.52167651
      ],
      [
       126.93631747,
       37.52168742
      ],
      [
       126.93646772,
       37.52153469
      ],
      [
       126.93651814,
       37.52156616
      ],
      [
       126.93655596,
       37.52152806
      ],
      [
       126.93650473,
       37.52149578
      ],
      [
       126.93664524,
       37.52135386
      ],
      [
       126.93662817,
       37.52134313
      ],
      [
       126.93665127,
       37.52131989
      ],
      [
       126.936565,
       37.52126543
      ],
      [
       126.93619227,
       37.52164644
      ],
      [
       126.93627719,
       37.52169947
      ]
     ]
    ]
   },
   "properties": {
    "label": "기존건물",
    "height_m": 35.6
   }
  },
  {
   "type": "Feature",
   "geometry": {
    "type": "Polygon",
    "coordinates": [
     [
      [
       126.93772888,
       37.52101214
      ],
      [
       126.93774848,
       37.52099179
      ],
      [
       126.93776611,
       37.52100252
      ],
      [
       126.93791025,
       37.52085304
      ],
      [
       126.93791534,
       37.52085611
      ],
      [
       126.93796542,
       37.5208855
      ],
      [
       126.93800222,
       37.52084741
      ],
      [
       126.93794919,
       37.52081486
      ],
      [
       126.93808981,
       37.52066951
      ],
      [
       126.93807342,
       37.52065913
      ],
      [
       126.93809481,
       37.5206378
      ],
      [
       126.93801533,
       37.52058748
      ],
      [
       126.937914,
       37.52068915
      ],
      [
       126.93765077,
       37.52096426
      ],
      [
       126.93772888,
       37.52101214
      ]
     ]
    ]
   },
   "properties": {
    "label": "기존건물",
    "height_m": 35.6
   }
  },
  {
   "type": "Feature",
   "geometry": {
    "type": "Polygon",
    "coordinates": [
     [
      [
       126.93669622,
       37.52127443
      ],
      [
       126.93671863,
       37.52125164
      ],
      [
       126.93673706,
       37.52126318
      ],
      [
       126.93688176,
       37.52111451
      ],
      [
       126.9369332,
       37.52114625
      ],
      [
       126.93697056,
       37.5211078
      ],
      [
       126.9369172,
       37.52107398
      ],
      [
       126.93706064,
       37.5209307
      ],
      [
       126.93704346,
       37.52091979
      ],
      [
       126.93706497,
       37.52089826
      ],
      [
       126.9369856,
       37.52084786
      ],
      [
       126.93661538,
       37.52122392
      ],
      [
       126.93669622,
       37.52127443
      ]
     ]
    ]
   },
   "properties": {
    "label": "기존건물",
    "height_m": 35.6
   }
  },
  {
   "type": "Feature",
   "geometry": {
    "type": "Polygon",
    "coordinates": [
     [
      [
       126.93781059,
       37.52248173
      ],
      [
       126.93783131,
       37.52246012
      ],
      [
       126.93784115,
       37.52246606
      ],
      [
       126.9378467,
       37.52246039
      ],
      [
       126.93785461,
       37.52246526
      ],
      [
       126.9379153,
       37.52240231
      ],
      [
       126.93800713,
       37.5223018
      ],
      [
       126.93806536,
       37.52233553
      ],
      [
       126.93810226,
       37.52229853
      ],
      [
       126.93804856,
       37.52226462
      ],
      [
       126.93818714,
       37.52212549
      ],
      [
       126.93817979,
       37.52212098
      ],
      [
       126.93818522,
       37.52211558
      ],
      [
       126.9381755,
       37.52210954
      ],
      [
       126.9381978,
       37.52208666
      ],
      [
       126.93812793,
       37.52204338
      ],
      [
       126.93791553,
       37.52226103
      ],
      [
       126.93774264,
       37.52244016
      ],
      [
       126.93781059,
       37.52248173
      ]
     ]
    ]
   },
   "properties": {
    "label": "기존건물",
    "height_m": 35.6
   }
  },
  {
   "type": "Feature",
   "geometry": {
    "type": "Polygon",
    "coordinates": [
     [
      [
       126.9367473,
       37.52199525
      ],
      [
       126.93676791,
       37.52197346
      ],
      [
       126.93677843,
       37.52197976
      ],
      [
       126.93678284,
       37.52197509
      ],
      [
       126.93679108,
       37.52198004
      ],
      [
       126.93694565,
       37.52181677
      ],
      [
       126.93700183,
       37.5218505
      ],
      [
       126.93703773,
       37.52181395
      ],
      [
       126.93698493,
       37.52178102
      ],
      [
       126.93712362,
       37.52163992
      ],
      [
       126.93711605,
       37.5216355
      ],
      [
       126.93712182,
       37.5216292
      ],
      [
       126.93711165,
       37.52162333
      ],
      [
       126.9371335,
       37.52159983
      ],
      [
       126.93706407,
       37.52155907
      ],
      [
       126.93667698,
       37.52195296
      ],
      [
       126.9367473,
       37.52199525
      ]
     ]
    ]
   },
   "properties": {
    "label": "기존건물",
    "height_m": 7.6
   }
  },
  {
   "type": "Feature",
   "geometry": {
    "type": "Polygon",
    "coordinates": [
     [
      [
       126.93723133,
       37.52229788
      ],
      [
       126.93725182,
       37.52227699
      ],
      [
       126.93726833,
       37.52228718
      ],
      [
       126.93741393,
       37.52213797
      ],
      [
       126.9374682,
       37.52216836
      ],
      [
       126.93750251,
       37.52213288
      ],
      [
       126.93745118,
       37.52210123
      ],
      [
       126.93759372,
       37.52195434
      ],
      [
       126.93757552,
       37.52194316
      ],
      [
       126.93759703,
       37.52192082
      ],
      [
       126.93751789,
       37.52187222
      ],
      [
       126.93715298,
       37.52224945
      ],
      [
       126.93723133,
       37.52229788
      ]
     ]
    ]
   },
   "properties": {
    "label": "기존건물",
    "height_m": 35.6
   }
  },
  {
   "type": "Feature",
   "geometry": {
    "type": "Polygon",
    "coordinates": [
     [
      [
       126.93550207,
       37.52092202
      ],
      [
       126.93552516,
       37.52089833
      ],
      [
       126.93554167,
       37.52090843
      ],
      [
       126.93569282,
       37.52075581
      ],
      [
       126.93574483,
       37.52078854
      ],
      [
       126.93578264,
       37.52075036
      ],
      [
       126.93573062,
       37.5207188
      ],
      [
       126.93586888,
       37.52057462
      ],
      [
       126.93585214,
       37.52056443
      ],
      [
       126.93587547,
       37.52054002
      ],
      [
       126.93578717,
       37.52048628
      ],
      [
       126.93541501,
       37.52086819
      ],
      [
       126.93550207,
       37.52092202
      ]
     ]
    ]
   },
   "properties": {
    "label": "기존건물",
    "height_m": 35.6
   }
  },
  {
   "type": "Feature",
   "geometry": {
    "type": "Polygon",
    "coordinates": [
     [
      [
       126.93622928,
       37.51938297
      ],
      [
       126.93625271,
       37.51935883
      ],
      [
       126.93627091,
       37.51937011
      ],
      [
       126.93642093,
       37.51921567
      ],
      [
       126.93647418,
       37.51924839
      ],
      [
       126.93651144,
       37.51921003
      ],
      [
       126.93645897,
       37.51917765
      ],
      [
       126.93659777,
       37.51903483
      ],
      [
       126.93658025,
       37.51902383
      ],
      [
       126.93660357,
       37.51900014
      ],
      [
       126.93651991,
       37.51894784
      ],
      [
       126.93614369,
       37.51932948
      ],
      [
       126.93622928,
       37.51938297
      ]
     ]
    ]
   },
   "properties": {
    "label": "기존건물",
    "height_m": 7.6
   }
  },
  {
   "type": "Feature",
   "geometry": {
    "type": "Polygon",
    "coordinates": [
     [
      [
       126.9348497,
       37.5207902
      ],
      [
       126.93487189,
       37.52076733
      ],
      [
       126.93488885,
       37.52077779
      ],
      [
       126.93503728,
       37.52062489
      ],
      [
       126.93509223,
       37.52065727
      ],
      [
       126.93512937,
       37.52061963
      ],
      [
       126.935076,
       37.52058635
      ],
      [
       126.93521674,
       37.52044352
      ],
      [
       126.93519933,
       37.52043279
      ],
      [
       126.93522242,
       37.52040892
      ],
      [
       126.93513593,
       37.52035572
      ],
      [
       126.93476479,
       37.52073799
      ],
      [
       126.9348497,
       37.5207902
      ]
     ]
    ]
   },
   "properties": {
    "label": "기존건물",
    "height_m": 7.6
   }
  },
  {
   "type": "Feature",
   "geometry": {
    "type": "Polygon",
    "coordinates": [
     [
      [
       126.93668138,
       37.51969018
      ],
      [
       126.9367047,
       37.51966695
      ],
      [
       126.93671488,
       37.51967343
      ],
      [
       126.93672008,
       37.51966831
      ],
      [
       126.93672687,
       37.51967264
      ],
      [
       126.93688447,
       37.51951107
      ],
      [
       126.93693704,
       37.51954354
      ],
      [
       126.93697383,
       37.51950572
      ],
      [
       126.93692013,
       37.51947172
      ],
      [
       126.93706029,
       37.51933161
      ],
      [
       126.93705283,
       37.51932692
      ],
      [
       126.93705815,
       37.5193216
      ],
      [
       126.93704831,
       37.51931529
      ],
      [
       126.93706892,
       37.51929476
      ],
      [
       126.93699939,
       37.51925066
      ],
      [
       126.93661117,
       37.51964537
      ],
      [
       126.93668138,
       37.51969018
      ]
     ]
    ]
   },
   "properties": {
    "label": "기존건물",
    "height_m": 35.6
   }
  },
  {
   "type": "Feature",
   "geometry": {
    "type": "Polygon",
    "coordinates": [
     [
      [
       126.93675781,
       37.52040868
      ],
      [
       126.93677751,
       37.52038787
      ],
      [
       126.93679424,
       37.52039788
      ],
      [
       126.93693757,
       37.52024687
      ],
      [
       126.93699388,
       37.52028078
      ],
      [
       126.9370309,
       37.52024305
      ],
      [
       126.93697878,
       37.52021049
      ],
      [
       126.93712076,
       37.52006604
      ],
      [
       126.93710278,
       37.52005495
      ],
      [
       126.93712429,
       37.52003261
      ],
      [
       126.93704323,
       37.51998283
      ],
      [
       126.93667753,
       37.52036043
      ],
      [
       126.93675781,
       37.52040868
      ]
     ]
    ]
   },
   "properties": {
    "label": "기존건물",
    "height_m": 35.6
   }
  },
  {
   "type": "Feature",
   "geometry": {
    "type": "Polygon",
    "coordinates": [
     [
      [
       126.93444726,
       37.51957219
      ],
      [
       126.93452797,
       37.51949223
      ],
      [
       126.93411363,
       37.51923359
      ],
      [
       126.93403664,
       37.51931635
      ],
      [
       126.93408695,
       37.51934611
      ],
      [
       126.93407835,
       37.5193553
      ],
      [
       126.93411904,
       37.51938623
      ],
      [
       126.93410274,
       37.51939991
      ],
      [
       126.9341206,
       37.51941344
      ],
      [
       126.9341412,
       37.51939624
      ],
      [
       126.93418654,
       37.51942356
      ],
      [
       126.93419424,
       37.51941546
      ],
      [
       126.93429136,
       37.5194739
      ],
      [
       126.93428366,
       37.51948209
      ],
      [
       126.93432594,
       37.51951203
      ],
      [
       126.93430839,
       37.51952779
      ],
      [
       126.93432784,
       37.51954158
      ],
      [
       126.93434742,
       37.51952213
      ],
      [
       126.93439037,
       37.51954973
      ],
      [
       126.93439899,
       37.51954126
      ],
      [
       126.93444726,
       37.51957219
      ]
     ]
    ]
   },
   "properties": {
    "label": "기존건물",
    "height_m": 35.6
   }
  },
  {
   "type": "Feature",
   "geometry": {
    "type": "Polygon",
    "coordinates": [
     [
      [
       126.93310849,
       37.51843951
      ],
      [
       126.93307367,
       37.5184185
      ],
      [
       126.93306007,
       37.51843228
      ],
      [
       126.93299474,
       37.51839278
      ],
      [
       126.93291581,
       37.51847572
      ],
      [
       126.93235163,
       37.5190532
      ],
      [
       126.93241573,
       37.51909351
      ],
      [
       126.93240226,
       37.51910702
      ],
      [
       126.93243821,
       37.51912866
      ],
      [
       126.93277718,
       37.51878331
      ],
      [
       126.9329185,
       37.51863934
      ],
      [
       126.93310849,
       37.51843951
      ]
     ]
    ]
   },
   "properties": {
    "label": "기존건물",
    "height_m": 32.8
   }
  },
  {
   "type": "Feature",
   "geometry": {
    "type": "Polygon",
    "coordinates": [
     [
      [
       126.93330732,
       37.5182168
      ],
      [
       126.9333251,
       37.5181979
      ],
      [
       126.9333286,
       37.51819997
      ],
      [
       126.93396932,
       37.51753476
      ],
      [
       126.93396682,
       37.51753377
      ],
      [
       126.93398676,
       37.51751503
      ],
      [
       126.93394854,
       37.51749141
      ],
      [
       126.93393698,
       37.51750455
      ],
      [
       126.93388227,
       37.51747443
      ],
      [
       126.9332316,
       37.5181481
      ],
      [
       126.933281,
       37.51817858
      ],
      [
       126.9332699,
       37.51819011
      ],
      [
       126.93330732,
       37.5182168
      ]
     ]
    ]
   },
   "properties": {
    "label": "기존건물",
    "height_m": 35.6
   }
  },
  {
   "type": "Feature",
   "geometry": {
    "type": "Polygon",
    "coordinates": [
     [
      [
       126.9328044,
       37.52125002
      ],
      [
       126.93244973,
       37.52102988
      ],
      [
       126.93244442,
       37.52103006
      ],
      [
       126.93238894,
       37.52108724
      ],
      [
       126.93241098,
       37.52110086
      ],
      [
       126.93239887,
       37.52111329
      ],
      [
       126.93253442,
       37.52119743
      ],
      [
       126.93249661,
       37.52123606
      ],
      [
       126.93253934,
       37.52126257
      ],
      [
       126.9325775,
       37.52122358
      ],
      [
       126.93275318,
       37.52133333
      ],
      [
       126.93279214,
       37.52129371
      ],
      [
       126.93277575,
       37.5212837
      ],
      [
       126.93280451,
       37.52125389
      ],
      [
       126.9328044,
       37.52125002
      ]
     ]
    ]
   },
   "properties": {
    "label": "기존건물",
    "height_m": 35.6
   }
  },
  {
   "type": "Feature",
   "geometry": {
    "type": "Polygon",
    "coordinates": [
     [
      [
       126.92975229,
       37.52206843
      ],
      [
       126.92974901,
       37.52206734
      ],
      [
       126.92974505,
       37.5220677
      ],
      [
       126.92974188,
       37.52206923
      ],
      [
       126.92974052,
       37.52207031
      ],
      [
       126.92942823,
       37.52238835
      ],
      [
       126.92942698,
       37.52239204
      ],
      [
       126.92942732,
       37.52239439
      ],
      [
       126.92942845,
       37.52239745
      ],
      [
       126.92974851,
       37.52259685
      ],
      [
       126.9297519,
       37.52259776
      ],
      [
       126.92975666,
       37.52259776
      ],
      [
       126.92975937,
       37.52259686
      ],
      [
       126.92976186,
       37.52259533
      ],
      [
       126.93007404,
       37.5222771
      ],
      [
       126.93007506,
       37.52227449
      ],
      [
       126.93007529,
       37.52227269
      ],
      [
       126.9300745,
       37.52226971
      ],
      [
       126.92975229,
       37.52206843
      ]
     ]
    ]
   },
   "properties": {
    "label": "기존건물",
    "height_m": 69.26
   }
  },
  {
   "type": "Feature",
   "geometry": {
    "type": "Polygon",
    "coordinates": [
     [
      [
       126.92988581,
       37.52178171
      ],
      [
       126.92970199,
       37.52166663
      ],
      [
       126.92953135,
       37.52183935
      ],
      [
       126.92971506,
       37.5219547
      ],
      [
       126.92988581,
       37.52178171
      ]
     ]
    ]
   },
   "properties": {
    "label": "기존건물",
    "height_m": 55.75
   }
  },
  {
   "type": "Feature",
   "geometry": {
    "type": "Polygon",
    "coordinates": [
     [
      [
       126.93082975,
       37.51904529
      ],
      [
       126.93096778,
       37.51889473
      ],
      [
       126.9307836,
       37.51878667
      ],
      [
       126.93077647,
       37.51879451
      ],
      [
       126.93075283,
       37.51878071
      ],
      [
       126.93073732,
       37.51879746
      ],
      [
       126.93072354,
       37.51878943
      ],
      [
       126.93061008,
       37.51891019
      ],
      [
       126.93077842,
       37.51901715
      ],
      [
       126.93078147,
       37.51901409
      ],
      [
       126.93082975,
       37.51904529
      ]
     ]
    ]
   },
   "properties": {
    "label": "기존건물",
    "height_m": 56.1
   }
  },
  {
   "type": "Feature",
   "geometry": {
    "type": "Polygon",
    "coordinates": [
     [
      [
       126.93179327,
       37.5222801
      ],
      [
       126.93147876,
       37.52208322
      ],
      [
       126.93140063,
       37.52216255
      ],
      [
       126.93171605,
       37.52236023
      ],
      [
       126.93179327,
       37.5222801
      ]
     ]
    ]
   },
   "properties": {
    "label": "기존건물",
    "height_m": 35.6
   }
  },
  {
   "type": "Feature",
   "geometry": {
    "type": "Polygon",
    "coordinates": [
     [
      [
       126.93432061,
       37.51964871
      ],
      [
       126.93421694,
       37.51958468
      ],
      [
       126.93373609,
       37.52007653
      ],
      [
       126.93383852,
       37.52013975
      ],
      [
       126.93384678,
       37.52013119
      ],
      [
       126.93398073,
       37.5199946
      ],
      [
       126.93432061,
       37.51964871
      ]
     ]
    ]
   },
   "properties": {
    "label": "기존건물",
    "height_m": 35.6
   }
  },
  {
   "type": "Feature",
   "geometry": {
    "type": "Polygon",
    "coordinates": [
     [
      [
       126.93606908,
       37.51861197
      ],
      [
       126.93594833,
       37.51854218
      ],
      [
       126.93520256,
       37.51931005
      ],
      [
       126.93531811,
       37.51937841
      ],
      [
       126.93606908,
       37.51861197
      ]
     ]
    ]
   },
   "properties": {
    "label": "기존건물",
    "height_m": 35.6
   }
  },
  {
   "type": "Feature",
   "geometry": {
    "type": "Polygon",
    "coordinates": [
     [
      [
       126.93487037,
       37.51913851
      ],
      [
       126.93495392,
       37.51905188
      ],
      [
       126.93455946,
       37.51881028
      ],
      [
       126.93450658,
       37.51887062
      ],
      [
       126.93454084,
       37.51889082
      ],
      [
       126.93451368,
       37.51892
      ],
      [
       126.93456397,
       37.51894958
      ],
      [
       126.93453714,
       37.51897848
      ],
      [
       126.93457412,
       37.51899535
      ],
      [
       126.93459982,
       37.51897104
      ],
      [
       126.93475934,
       37.51906925
      ],
      [
       126.93473251,
       37.51909689
      ],
      [
       126.93476711,
       37.51911358
      ],
      [
       126.93479687,
       37.51909666
      ],
      [
       126.93487037,
       37.51913851
      ]
     ]
    ]
   },
   "properties": {
    "label": "기존건물",
    "height_m": 35.6
   }
  },
  {
   "type": "Feature",
   "geometry": {
    "type": "Polygon",
    "coordinates": [
     [
      [
       126.93440924,
       37.51881812
      ],
      [
       126.93446064,
       37.51876589
      ],
      [
       126.93448585,
       37.51878159
      ],
      [
       126.93451506,
       37.51875178
      ],
      [
       126.93449653,
       37.51873132
      ],
      [
       126.93462174,
       37.51860966
      ],
      [
       126.93464458,
       37.51862454
      ],
      [
       126.93467638,
       37.51860022
      ],
      [
       126.93464835,
       37.51857705
      ],
      [
       126.9347687,
       37.51845746
      ],
      [
       126.93479301,
       37.51847297
      ],
      [
       126.93481735,
       37.51844884
      ],
      [
       126.93479825,
       37.51842648
      ],
      [
       126.93492211,
       37.51829808
      ],
      [
       126.93495083,
       37.51831575
      ],
      [
       126.93497313,
       37.51829261
      ],
      [
       126.9349512,
       37.51827926
      ],
      [
       126.93507132,
       37.51815463
      ],
      [
       126.935091,
       37.51816663
      ],
      [
       126.93511907,
       37.51813744
      ],
      [
       126.93510406,
       37.51812121
      ],
      [
       126.93516655,
       37.5180452
      ],
      [
       126.93504614,
       37.51798234
      ],
      [
       126.93429494,
       37.51874687
      ],
      [
       126.93440924,
       37.51881812
      ]
     ]
    ]
   },
   "properties": {
    "label": "기존건물",
    "height_m": 35.6
   }
  },
  {
   "type": "Feature",
   "geometry": {
    "type": "Polygon",
    "coordinates": [
     [
      [
       126.93597466,
       37.52121466
      ],
      [
       126.93599663,
       37.52119197
      ],
      [
       126.93601393,
       37.52120252
      ],
      [
       126.93616338,
       37.52104799
      ],
      [
       126.93621584,
       37.52108324
      ],
      [
       126.93625411,
       37.52104451
      ],
      [
       126.93620063,
       37.52101098
      ],
      [
       126.93634147,
       37.5208685
      ],
      [
       126.93632429,
       37.52085813
      ],
      [
       126.93634682,
       37.52083463
      ],
      [
       126.93626066,
       37.52078223
      ],
      [
       126.93588909,
       37.52116217
      ],
      [
       126.93597466,
       37.52121466
      ]
     ]
    ]
   },
   "properties": {
    "label": "기존건물",
    "height_m": 35.6
   }
  },
  {
   "type": "Feature",
   "geometry": {
    "type": "Polygon",
    "coordinates": [
     [
      [
       126.93765047,
       37.5218685
      ],
      [
       126.93767198,
       37.52184644
      ],
      [
       126.93768894,
       37.52185699
      ],
      [
       126.93783329,
       37.52170904
      ],
      [
       126.93788757,
       37.52173961
      ],
      [
       126.93791531,
       37.52171242
      ],
      [
       126.93792425,
       37.52170359
      ],
      [
       126.93791532,
       37.52169782
      ],
      [
       126.93787145,
       37.52167122
      ],
      [
       126.93791526,
       37.52162556
      ],
      [
       126.93801218,
       37.52152451
      ],
      [
       126.93799522,
       37.52151405
      ],
      [
       126.93801707,
       37.52149154
      ],
      [
       126.93793781,
       37.52144284
      ],
      [
       126.9379154,
       37.52146599
      ],
      [
       126.93757065,
       37.52181909
      ],
      [
       126.93765047,
       37.5218685
      ]
     ]
    ]
   },
   "properties": {
    "label": "기존건물",
    "height_m": 35.6
   }
  },
  {
   "type": "Feature",
   "geometry": {
    "type": "Polygon",
    "coordinates": [
     [
      [
       126.93823709,
       37.52204506
      ],
      [
       126.93825872,
       37.52202272
      ],
      [
       126.938269,
       37.52202903
      ],
      [
       126.93827433,
       37.52202344
      ],
      [
       126.93828247,
       37.5220284
      ],
      [
       126.93843814,
       37.52186694
      ],
      [
       126.93849128,
       37.52189949
      ],
      [
       126.93852853,
       37.52186095
      ],
      [
       126.93847787,
       37.52183011
      ],
      [
       126.93861521,
       37.5216872
      ],
      [
       126.93860685,
       37.52168215
      ],
      [
       126.93861228,
       37.52167665
      ],
      [
       126.9386038,
       37.52167151
      ],
      [
       126.93862554,
       37.52164891
      ],
      [
       126.93855239,
       37.52160427
      ],
      [
       126.93816698,
       37.52200204
      ],
      [
       126.93823709,
       37.52204506
      ]
     ]
    ]
   },
   "properties": {
    "label": "기존건물",
    "height_m": 35.6
   }
  },
  {
   "type": "Feature",
   "geometry": {
    "type": "Polygon",
    "coordinates": [
     [
      [
       126.93716588,
       37.52156669
      ],
      [
       126.93718875,
       37.52154346
      ],
      [
       126.93719859,
       37.52154968
      ],
      [
       126.93720379,
       37.52154446
      ],
      [
       126.9372108,
       37.52154887
      ],
      [
       126.93736931,
       37.52138803
      ],
      [
       126.93742177,
       37.52142077
      ],
      [
       126.93745687,
       37.52138519
      ],
      [
       126.93740577,
       37.52134931
      ],
      [
       126.93754378,
       37.52120946
      ],
      [
       126.93753598,
       37.52120459
      ],
      [
       126.93754164,
       37.52119883
      ],
      [
       126.93753214,
       37.52119288
      ],
      [
       126.93755388,
       37.52117082
      ],
      [
       126.93748683,
       37.52112897
      ],
      [
       126.93709714,
       37.52152359
      ],
      [
       126.93716588,
       37.52156669
      ]
     ]
    ]
   },
   "properties": {
    "label": "기존건물",
    "height_m": 7.6
   }
  },
  {
   "type": "Feature",
   "geometry": {
    "type": "Polygon",
    "coordinates": [
     [
      [
       126.93889708,
       37.52103186
      ],
      [
       126.93891859,
       37.52100989
      ],
      [
       126.93892866,
       37.5210162
      ],
      [
       126.93893353,
       37.52101116
      ],
      [
       126.93894189,
       37.5210163
      ],
      [
       126.93910028,
       37.52085428
      ],
      [
       126.93915172,
       37.52088882
      ],
      [
       126.93918886,
       37.52085045
      ],
      [
       126.93913651,
       37.52081844
      ],
      [
       126.93926079,
       37.52068965
      ],
      [
       126.93927407,
       37.52067589
      ],
      [
       126.93926706,
       37.52067147
      ],
      [
       126.93927249,
       37.52066589
      ],
      [
       126.93926141,
       37.52065904
      ],
      [
       126.93928439,
       37.52063562
      ],
      [
       126.93921542,
       37.52059261
      ],
      [
       126.93882676,
       37.52098822
      ],
      [
       126.93889708,
       37.52103186
      ]
     ]
    ]
   },
   "properties": {
    "label": "기존건물",
    "height_m": 35.6
   }
  },
  {
   "type": "Feature",
   "geometry": {
    "type": "Polygon",
    "coordinates": [
     [
      [
       126.93527258,
       37.52035678
      ],
      [
       126.93529703,
       37.52033283
      ],
      [
       126.93531399,
       37.52034383
      ],
      [
       126.93546458,
       37.52018985
      ],
      [
       126.93551737,
       37.52022259
      ],
      [
       126.93555519,
       37.52018386
      ],
      [
       126.93550477,
       37.5201532
      ],
      [
       126.93564267,
       37.5200092
      ],
      [
       126.93562503,
       37.51999847
      ],
      [
       126.93564858,
       37.51997388
      ],
      [
       126.93556277,
       37.51992167
      ],
      [
       126.93518869,
       37.52030241
      ],
      [
       126.93527258,
       37.52035678
      ]
     ]
    ]
   },
   "properties": {
    "label": "기존건물",
    "height_m": 35.6
   }
  },
  {
   "type": "Feature",
   "geometry": {
    "type": "Polygon",
    "coordinates": [
     [
      [
       126.93580052,
       37.51981702
      ],
      [
       126.93582498,
       37.51979253
      ],
      [
       126.93584239,
       37.51980353
      ],
      [
       126.93599127,
       37.51965107
      ],
      [
       126.93604407,
       37.51968371
      ],
      [
       126.93608245,
       37.51964444
      ],
      [
       126.93603169,
       37.51961297
      ],
      [
       126.93617117,
       37.51947015
      ],
      [
       126.93615365,
       37.51945932
      ],
      [
       126.93617606,
       37.51943627
      ],
      [
       126.9360933,
       37.51938514
      ],
      [
       126.93571573,
       37.51976336
      ],
      [
       126.93580052,
       37.51981702
      ]
     ]
    ]
   },
   "properties": {
    "label": "기존건물",
    "height_m": 7.6
   }
  },
  {
   "type": "Feature",
   "geometry": {
    "type": "Polygon",
    "coordinates": [
     [
      [
       126.93627357,
       37.52010884
      ],
      [
       126.93629474,
       37.52008713
      ],
      [
       126.93630367,
       37.52009273
      ],
      [
       126.93630956,
       37.52008669
      ],
      [
       126.93631736,
       37.52009156
      ],
      [
       126.93647428,
       37.51993063
      ],
      [
       126.93652798,
       37.51996238
      ],
      [
       126.93656342,
       37.51992573
      ],
      [
       126.93651085,
       37.51989345
      ],
      [
       126.93664784,
       37.51975161
      ],
      [
       126.93664151,
       37.51974765
      ],
      [
       126.93664672,
       37.51974251
      ],
      [
       126.93663734,
       37.51973665
      ],
      [
       126.93666009,
       37.51971369
      ],
      [
       126.9365892,
       37.51966923
      ],
      [
       126.9361994,
       37.52006294
      ],
      [
       126.93627357,
       37.52010884
      ]
     ]
    ]
   },
   "properties": {
    "label": "기존건물",
    "height_m": 7.6
   }
  },
  {
   "type": "Feature",
   "geometry": {
    "type": "Polygon",
    "coordinates": [
     [
      [
       126.93727156,
       37.52072954
      ],
      [
       126.93729284,
       37.52070765
      ],
      [
       126.93730189,
       37.52071333
      ],
      [
       126.93730755,
       37.52070757
      ],
      [
       126.93731637,
       37.52071298
      ],
      [
       126.93747329,
       37.52055178
      ],
      [
       126.93752416,
       37.52058316
      ],
      [
       126.9375614,
       37.5205447
      ],
      [
       126.93751089,
       37.52051368
      ],
      [
       126.93764787,
       37.52037222
      ],
      [
       126.93764086,
       37.52036789
      ],
      [
       126.93764652,
       37.52036212
      ],
      [
       126.93763657,
       37.52035608
      ],
      [
       126.93765853,
       37.5203333
      ],
      [
       126.93758719,
       37.52028983
      ],
      [
       126.93720044,
       37.52068562
      ],
      [
       126.93727156,
       37.52072954
      ]
     ]
    ]
   },
   "properties": {
    "label": "기존건물",
    "height_m": 35.6
   }
  },
  {
   "type": "Feature",
   "geometry": {
    "type": "Polygon",
    "coordinates": [
     [
      [
       126.93271302,
       37.51819521
      ],
      [
       126.9326738,
       37.51817032
      ],
      [
       126.93265964,
       37.51818491
      ],
      [
       126.93260368,
       37.51815055
      ],
      [
       126.9321021,
       37.5186686
      ],
      [
       126.93215546,
       37.51870142
      ],
      [
       126.93214267,
       37.51871574
      ],
      [
       126.93218202,
       37.5187391
      ],
      [
       126.93271302,
       37.51819521
      ]
     ]
    ]
   },
   "properties": {
    "label": "기존건물",
    "height_m": 32.8
   }
  },
  {
   "type": "Feature",
   "geometry": {
    "type": "Polygon",
    "coordinates": [
     [
      [
       126.93219768,
       37.52103856
      ],
      [
       126.93221196,
       37.52102406
      ],
      [
       126.93222359,
       37.52103128
      ],
      [
       126.93233558,
       37.52091791
      ],
      [
       126.93238307,
       37.52094767
      ],
      [
       126.932416,
       37.52091427
      ],
      [
       126.93236525,
       37.52088243
      ],
      [
       126.93275361,
       37.52048936
      ],
      [
       126.93280234,
       37.52051994
      ],
      [
       126.93283438,
       37.52048752
      ],
      [
       126.93278577,
       37.52045695
      ],
      [
       126.93291575,
       37.52032493
      ],
      [
       126.93296183,
       37.52027811
      ],
      [
       126.93294837,
       37.52026971
      ],
      [
       126.93296694,
       37.52025081
      ],
      [
       126.93291573,
       37.5202188
      ],
      [
       126.93288995,
       37.52020301
      ],
      [
       126.93211867,
       37.5209895
      ],
      [
       126.93219768,
       37.52103856
      ]
     ]
    ]
   },
   "properties": {
    "label": "기존건물",
    "height_m": 35.6
   }
  },
  {
   "type": "Feature",
   "geometry": {
    "type": "Polygon",
    "coordinates": [
     [
      [
       126.93323137,
       37.520814
      ],
      [
       126.93291571,
       37.52061596
      ],
      [
       126.93287546,
       37.52059071
      ],
      [
       126.93281546,
       37.52065131
      ],
      [
       126.93284293,
       37.52066853
      ],
      [
       126.93282968,
       37.52068177
      ],
      [
       126.93291571,
       37.52073435
      ],
      [
       126.9329606,
       37.52076186
      ],
      [
       126.93292279,
       37.52080103
      ],
      [
       126.93296586,
       37.52082736
      ],
      [
       126.93300425,
       37.52078756
      ],
      [
       126.93317835,
       37.52089668
      ],
      [
       126.93321719,
       37.52085679
      ],
      [
       126.93320272,
       37.52084552
      ],
      [
       126.93323137,
       37.520814
      ]
     ]
    ]
   },
   "properties": {
    "label": "기존건물",
    "height_m": 35.6
   }
  },
  {
   "type": "Feature",
   "geometry": {
    "type": "Polygon",
    "coordinates": [
     [
      [
       126.92874364,
       37.52164363
      ],
      [
       126.92875009,
       37.52163814
      ],
      [
       126.92875913,
       37.5216449
      ],
      [
       126.92887769,
       37.52152387
      ],
      [
       126.92886785,
       37.52151774
      ],
      [
       126.92887272,
       37.52151278
      ],
      [
       126.92887532,
       37.52151441
      ],
      [
       126.92888325,
       37.52150621
      ],
      [
       126.92846924,
       37.52124892
      ],
      [
       126.92845644,
       37.52126215
      ],
      [
       126.92845,
       37.52125818
      ],
      [
       126.9283328,
       37.52137786
      ],
      [
       126.92833981,
       37.52138228
      ],
      [
       126.92832634,
       37.52139604
      ],
      [
       126.92873887,
       37.52165345
      ],
      [
       126.92874703,
       37.52164625
      ],
      [
       126.92874364,
       37.52164363
      ]
     ]
    ]
   },
   "properties": {
    "label": "기존건물",
    "height_m": 54.88
   }
  },
  {
   "type": "Feature",
   "geometry": {
    "type": "Polygon",
    "coordinates": [
     [
      [
       126.9294902,
       37.5225339
      ],
      [
       126.92948703,
       37.52253318
      ],
      [
       126.9294842,
       37.52253336
      ],
      [
       126.92948375,
       37.52253336
      ],
      [
       126.92927018,
       37.5227511
      ],
      [
       126.92927018,
       37.52275263
      ],
      [
       126.9292703,
       37.52275389
      ],
      [
       126.92934967,
       37.52280304
      ],
      [
       126.92954334,
       37.52292317
      ],
      [
       126.92954594,
       37.52292309
      ],
      [
       126.92954854,
       37.522923
      ],
      [
       126.92955103,
       37.52292111
      ],
      [
       126.92966743,
       37.52280314
      ],
      [
       126.92976142,
       37.52270768
      ],
      [
       126.92976108,
       37.5227057
      ],
      [
       126.92976097,
       37.52270327
      ],
      [
       126.92976097,
       37.522703
      ],
      [
       126.9294902,
       37.5225339
      ]
     ]
    ]
   },
   "properties": {
    "label": "기존건물",
    "height_m": 64.4
   }
  },
  {
   "type": "Feature",
   "geometry": {
    "type": "Polygon",
    "coordinates": [
     [
      [
       126.92850809,
       37.52190378
      ],
      [
       126.92850413,
       37.52190369
      ],
      [
       126.92850278,
       37.52190387
      ],
      [
       126.92850085,
       37.52190459
      ],
      [
       126.92834119,
       37.52206884
      ],
      [
       126.92834085,
       37.52207091
      ],
      [
       126.92834085,
       37.52207181
      ],
      [
       126.92853282,
       37.52219121
      ],
      [
       126.92853497,
       37.52219149
      ],
      [
       126.92853655,
       37.52219131
      ],
      [
       126.9285378,
       37.52219096
      ],
      [
       126.92869825,
       37.52202598
      ],
      [
       126.92869927,
       37.52202445
      ],
      [
       126.92869757,
       37.52202147
      ],
      [
       126.92850809,
       37.52190378
      ]
     ]
    ]
   },
   "properties": {
    "label": "기존건물",
    "height_m": 60.0
   }
  },
  {
   "type": "Feature",
   "geometry": {
    "type": "Polygon",
    "coordinates": [
     [
      [
       126.92990833,
       37.52129663
      ],
      [
       126.92991286,
       37.52129204
      ],
      [
       126.92991557,
       37.52129375
      ],
      [
       126.92992043,
       37.52129448
      ],
      [
       126.93006242,
       37.52115084
      ],
      [
       126.930057,
       37.52114732
      ],
      [
       126.93005847,
       37.52114579
      ],
      [
       126.93005926,
       37.52114255
      ],
      [
       126.92967861,
       37.52090402
      ],
      [
       126.92967465,
       37.52090582
      ],
      [
       126.92967,
       37.52090645
      ],
      [
       126.92966345,
       37.52090518
      ],
      [
       126.92952259,
       37.52104827
      ],
      [
       126.92952621,
       37.52105052
      ],
      [
       126.92952688,
       37.52105412
      ],
      [
       126.92952597,
       37.52105881
      ],
      [
       126.92990833,
       37.52129663
      ]
     ]
    ]
   },
   "properties": {
    "label": "기존건물",
    "height_m": 60.5
   }
  },
  {
   "type": "Feature",
   "geometry": {
    "type": "Polygon",
    "coordinates": [
     [
      [
       126.92906771,
       37.52154336
      ],
      [
       126.92909761,
       37.5215131
      ],
      [
       126.92913367,
       37.52153566
      ],
      [
       126.92924011,
       37.52142724
      ],
      [
       126.92920269,
       37.52140388
      ],
      [
       126.92923246,
       37.52137507
      ],
      [
       126.92923258,
       37.52137335
      ],
      [
       126.92923258,
       37.52137173
      ],
      [
       126.92923235,
       37.52137101
      ],
      [
       126.92872756,
       37.52105742
      ],
      [
       126.92872462,
       37.5210576
      ],
      [
       126.92869111,
       37.52108785
      ],
      [
       126.92866161,
       37.52106711
      ],
      [
       126.92855291,
       37.52117139
      ],
      [
       126.92858795,
       37.52119619
      ],
      [
       126.92855727,
       37.52122653
      ],
      [
       126.92906421,
       37.52154308
      ],
      [
       126.92906771,
       37.52154336
      ]
     ]
    ]
   },
   "properties": {
    "label": "기존건물",
    "height_m": 50.5
   }
  },
  {
   "type": "Feature",
   "geometry": {
    "type": "Polygon",
    "coordinates": [
     [
      [
       126.93063436,
       37.51907383
      ],
      [
       126.93056766,
       37.51903064
      ],
      [
       126.93035368,
       37.51924062
      ],
      [
       126.93042919,
       37.51928941
      ],
      [
       126.93051149,
       37.5193509
      ],
      [
       126.93073057,
       37.51913624
      ],
      [
       126.93063436,
       37.51907383
      ]
     ]
    ]
   },
   "properties": {
    "label": "기존건물",
    "height_m": 54.9
   }
  },
  {
   "type": "Feature",
   "geometry": {
    "type": "Polygon",
    "coordinates": [
     [
      [
       126.92911426,
       37.52255909
      ],
      [
       126.92915536,
       37.52252272
      ],
      [
       126.92916124,
       37.52252695
      ],
      [
       126.92928297,
       37.52239972
      ],
      [
       126.9290902,
       37.5222831
      ],
      [
       126.928931,
       37.52244346
      ],
      [
       126.92911426,
       37.52255909
      ]
     ]
    ]
   },
   "properties": {
    "label": "기존건물",
    "height_m": 57.5
   }
  },
  {
   "type": "Feature",
   "geometry": {
    "type": "Polygon",
    "coordinates": [
     [
      [
       126.92911694,
       37.52212589
      ],
      [
       126.92887149,
       37.52197311
      ],
      [
       126.92861751,
       37.52223532
      ],
      [
       126.92886205,
       37.5223854
      ],
      [
       126.92911694,
       37.52212589
      ]
     ]
    ]
   },
   "properties": {
    "label": "기존건물",
    "height_m": 44.6
   }
  },
  {
   "type": "Feature",
   "geometry": {
    "type": "Polygon",
    "coordinates": [
     [
      [
       126.92964947,
       37.52049557
      ],
      [
       126.92951582,
       37.5204135
      ],
      [
       126.929329,
       37.52060648
      ],
      [
       126.92932922,
       37.52061387
      ],
      [
       126.9294572,
       37.52069395
      ],
      [
       126.92964947,
       37.52049557
      ]
     ]
    ]
   },
   "properties": {
    "label": "기존건물",
    "height_m": 42.0
   }
  },
  {
   "type": "Feature",
   "geometry": {
    "type": "Polygon",
    "coordinates": [
     [
      [
       126.93025915,
       37.52089517
      ],
      [
       126.93011783,
       37.52080751
      ],
      [
       126.92994482,
       37.52098481
      ],
      [
       126.93008614,
       37.5210722
      ],
      [
       126.93025915,
       37.52089517
      ]
     ]
    ]
   },
   "properties": {
    "label": "기존건물",
    "height_m": 41.0
   }
  },
  {
   "type": "Feature",
   "geometry": {
    "type": "Polygon",
    "coordinates": [
     [
      [
       126.93085886,
       37.52022111
      ],
      [
       126.9308669,
       37.52021292
      ],
      [
       126.93087651,
       37.52021878
      ],
      [
       126.93101318,
       37.52007777
      ],
      [
       126.93071619,
       37.51989514
      ],
      [
       126.93057929,
       37.52003535
      ],
      [
       126.93059003,
       37.52004257
      ],
      [
       126.93058154,
       37.52005067
      ],
      [
       126.93085886,
       37.52022111
      ]
     ]
    ]
   },
   "properties": {
    "label": "기존건물",
    "height_m": 41.0
   }
  },
  {
   "type": "Feature",
   "geometry": {
    "type": "Polygon",
    "coordinates": [
     [
      [
       126.9313017,
       37.5195094
      ],
      [
       126.93115835,
       37.51941904
      ],
      [
       126.93096893,
       37.51960995
      ],
      [
       126.93111386,
       37.51970048
      ],
      [
       126.93112359,
       37.5197005
      ],
      [
       126.93130362,
       37.51951364
      ],
      [
       126.9313017,
       37.5195094
      ]
     ]
    ]
   },
   "properties": {
    "label": "기존건물",
    "height_m": 38.0
   }
  },
  {
   "type": "Feature",
   "geometry": {
    "type": "Polygon",
    "coordinates": [
     [
      [
       126.93107832,
       37.51973633
      ],
      [
       126.93099555,
       37.51968646
      ],
      [
       126.93099024,
       37.51968655
      ],
      [
       126.93093292,
       37.5196529
      ],
      [
       126.93092488,
       37.51965434
      ],
      [
       126.93074949,
       37.51983434
      ],
      [
       126.93074881,
       37.51983659
      ],
      [
       126.9307487,
       37.5198383
      ],
      [
       126.93074892,
       37.5198393
      ],
      [
       126.9307998,
       37.51987023
      ],
      [
       126.93080623,
       37.51987204
      ],
      [
       126.93080579,
       37.51987321
      ],
      [
       126.93080781,
       37.51988096
      ],
      [
       126.93088628,
       37.5199302
      ],
      [
       126.93089578,
       37.51993137
      ],
      [
       126.93107785,
       37.51974336
      ],
      [
       126.93107832,
       37.51973633
      ]
     ]
    ]
   },
   "properties": {
    "label": "기존건물",
    "height_m": 41.0
   }
  },
  {
   "type": "Feature",
   "geometry": {
    "type": "Polygon",
    "coordinates": [
     [
      [
       126.93066892,
       37.51950174
      ],
      [
       126.93051709,
       37.51940785
      ],
      [
       126.93033072,
       37.51959957
      ],
      [
       126.93048289,
       37.51969346
      ],
      [
       126.93066892,
       37.51950174
      ]
     ]
    ]
   },
   "properties": {
    "label": "기존건물",
    "height_m": 29.3
   }
  },
  {
   "type": "Feature",
   "geometry": {
    "type": "Polygon",
    "coordinates": [
     [
      [
       126.93202049,
       37.51835915
      ],
      [
       126.93210257,
       37.51827676
      ],
      [
       126.93211217,
       37.51828181
      ],
      [
       126.93215589,
       37.51823525
      ],
      [
       126.93207087,
       37.51818421
      ],
      [
       126.9320309,
       37.51822626
      ],
      [
       126.93198647,
       37.51819939
      ],
      [
       126.9320081,
       37.51817516
      ],
      [
       126.9319181,
       37.5181242
      ],
      [
       126.93187734,
       37.51816994
      ],
      [
       126.9318848,
       37.51817418
      ],
      [
       126.93180192,
       37.5182591
      ],
      [
       126.93179378,
       37.51825405
      ],
      [
       126.93174974,
       37.51829925
      ],
      [
       126.93183509,
       37.51835201
      ],
      [
       126.93187552,
       37.51830942
      ],
      [
       126.93191858,
       37.51833566
      ],
      [
       126.93189708,
       37.51835799
      ],
      [
       126.93198549,
       37.51841183
      ],
      [
       126.93203032,
       37.5183652
      ],
      [
       126.93202049,
       37.51835915
      ]
     ]
    ]
   },
   "properties": {
    "label": "기존건물",
    "height_m": 30.5
   }
  },
  {
   "type": "Feature",
   "geometry": {
    "type": "Polygon",
    "coordinates": [
     [
      [
       126.93258256,
       37.52653481
      ],
      [
       126.93278231,
       37.52632616
      ],
      [
       126.93283692,
       37.52635934
      ],
      [
       126.93287974,
       37.52631459
      ],
      [
       126.93282579,
       37.52628185
      ],
      [
       126.9329157,
       37.5261883
      ],
      [
       126.93304196,
       37.52605709
      ],
      [
       126.93309612,
       37.5260901
      ],
      [
       126.93313881,
       37.52604561
      ],
      [
       126.93308363,
       37.52601188
      ],
      [
       126.93323468,
       37.52585303
      ],
      [
       126.93314039,
       37.52579621
      ],
      [
       126.93304595,
       37.52589555
      ],
      [
       126.9330343,
       37.5258885
      ],
      [
       126.93291563,
       37.52601341
      ],
      [
       126.93262031,
       37.5263204
      ],
      [
       126.93263015,
       37.52632634
      ],
      [
       126.93248622,
       37.52647601
      ],
      [
       126.93258256,
       37.52653481
      ]
     ]
    ]
   },
   "properties": {
    "label": "기존건물",
    "height_m": 35.6
   }
  },
  {
   "type": "Feature",
   "geometry": {
    "type": "Polygon",
    "coordinates": [
     [
      [
       126.93226699,
       37.52533918
      ],
      [
       126.93216196,
       37.52527505
      ],
      [
       126.93162308,
       37.52582489
      ],
      [
       126.93172484,
       37.52589046
      ],
      [
       126.93226699,
       37.52533918
      ]
     ]
    ]
   },
   "properties": {
    "label": "기존건물",
    "height_m": 44.0
   }
  },
  {
   "type": "Feature",
   "geometry": {
    "type": "Polygon",
    "coordinates": [
     [
      [
       126.9314311,
       37.52570433
      ],
      [
       126.93059013,
       37.5251817
      ],
      [
       126.93052321,
       37.52524833
      ],
      [
       126.93136372,
       37.52577204
      ],
      [
       126.9314311,
       37.52570433
      ]
     ]
    ]
   },
   "properties": {
    "label": "기존건물",
    "height_m": 44.0
   }
  },
  {
   "type": "Feature",
   "geometry": {
    "type": "Polygon",
    "coordinates": [
     [
      [
       126.93344836,
       37.52562079
      ],
      [
       126.93310329,
       37.52540958
      ],
      [
       126.93302538,
       37.52549007
      ],
      [
       126.9331147,
       37.52554573
      ],
      [
       126.93309506,
       37.52556619
      ],
      [
       126.9331387,
       37.52559344
      ],
      [
       126.93315959,
       37.52557323
      ],
      [
       126.93336876,
       37.52570237
      ],
      [
       126.93344836,
       37.52562079
      ]
     ]
    ]
   },
   "properties": {
    "label": "기존건물",
    "height_m": 16.0
   }
  },
  {
   "type": "Feature",
   "geometry": {
    "type": "Polygon",
    "coordinates": [
     [
      [
       126.93378539,
       37.52623663
      ],
      [
       126.93368191,
       37.52621499
      ],
      [
       126.93366682,
       37.52622667
      ],
      [
       126.93347224,
       37.52637719
      ],
      [
       126.93357963,
       37.52646887
      ],
      [
       126.93382357,
       37.5262602
      ],
      [
       126.93378471,
       37.52625223
      ],
      [
       126.93378539,
       37.52623663
      ]
     ]
    ]
   },
   "properties": {
    "label": "기존건물",
    "height_m": 11.0
   }
  },
  {
   "type": "Feature",
   "geometry": {
    "type": "Polygon",
    "coordinates": [
     [
      [
       126.93201847,
       37.52631716
      ],
      [
       126.93219047,
       37.52614202
      ],
      [
       126.93223999,
       37.52617286
      ],
      [
       126.93228223,
       37.52612883
      ],
      [
       126.93222966,
       37.52609681
      ],
      [
       126.93250323,
       37.52581206
      ],
      [
       126.93255694,
       37.52584264
      ],
      [
       126.93259714,
       37.52580005
      ],
      [
       126.93254682,
       37.52576993
      ],
      [
       126.93271464,
       37.52559244
      ],
      [
       126.93260847,
       37.52552652
      ],
      [
       126.93191332,
       37.5262516
      ],
      [
       126.93201847,
       37.52631716
      ]
     ]
    ]
   },
   "properties": {
    "label": "기존건물",
    "height_m": 35.6
   }
  },
  {
   "type": "Feature",
   "geometry": {
    "type": "Polygon",
    "coordinates": [
     [
      [
       126.93214888,
       37.51885495
      ],
      [
       126.93210422,
       37.51882853
      ],
      [
       126.93209063,
       37.51884311
      ],
      [
       126.93205581,
       37.5188258
      ],
      [
       126.93205717,
       37.51882354
      ],
      [
       126.93191054,
       37.51873238
      ],
      [
       126.93173674,
       37.51890878
      ],
      [
       126.93199371,
       37.51906886
      ],
      [
       126.93216819,
       37.51889127
      ],
      [
       126.93213427,
       37.51886936
      ],
      [
       126.93214888,
       37.51885495
      ]
     ]
    ]
   },
   "properties": {
    "label": "기존건물",
    "height_m": 22.0
   }
  },
  {
   "type": "Feature",
   "geometry": {
    "type": "Polygon",
    "coordinates": [
     [
      [
       126.93313626,
       37.52446354
      ],
      [
       126.93322967,
       37.52436764
      ],
      [
       126.93315844,
       37.52432372
      ],
      [
       126.93319015,
       37.52429121
      ],
      [
       126.93326206,
       37.52433567
      ],
      [
       126.93335558,
       37.52423959
      ],
      [
       126.93330866,
       37.52421064
      ],
      [
       126.93329926,
       37.52422028
      ],
      [
       126.93320972,
       37.52416499
      ],
      [
       126.93323134,
       37.52414284
      ],
      [
       126.93309205,
       37.52405681
      ],
      [
       126.93305616,
       37.52409373
      ],
      [
       126.93306712,
       37.5241004
      ],
      [
       126.93299839,
       37.524171
      ],
      [
       126.93305741,
       37.52420743
      ],
      [
       126.93302412,
       37.52424165
      ],
      [
       126.93296555,
       37.52420549
      ],
      [
       126.93291573,
       37.52425663
      ],
      [
       126.93289705,
       37.52427554
      ],
      [
       126.93288495,
       37.52426796
      ],
      [
       126.93288192,
       37.52427104
      ],
      [
       126.93284861,
       37.5243048
      ],
      [
       126.93291565,
       37.52434601
      ],
      [
       126.93298915,
       37.52439119
      ],
      [
       126.93300987,
       37.52437066
      ],
      [
       126.9330967,
       37.52442433
      ],
      [
       126.93308775,
       37.52443359
      ],
      [
       126.93313626,
       37.52446354
      ]
     ]
    ]
   },
   "properties": {
    "label": "기존건물",
    "height_m": 44.0
   }
  },
  {
   "type": "Feature",
   "geometry": {
    "type": "Polygon",
    "coordinates": [
     [
      [
       126.93427532,
       37.52447237
      ],
      [
       126.93396779,
       37.52427588
      ],
      [
       126.93385603,
       37.52439133
      ],
      [
       126.93397337,
       37.52449086
      ],
      [
       126.93414964,
       37.5245971
      ],
      [
       126.93427532,
       37.52447237
      ]
     ]
    ]
   },
   "properties": {
    "label": "기존건물",
    "height_m": 12.0
   }
  },
  {
   "type": "Feature",
   "geometry": {
    "type": "Polygon",
    "coordinates": [
     [
      [
       126.93086568,
       37.5246035
      ],
      [
       126.93077783,
       37.52455047
      ],
      [
       126.93077432,
       37.5245557
      ],
      [
       126.93076063,
       37.52454993
      ],
      [
       126.93031919,
       37.52500041
      ],
      [
       126.93026569,
       37.52505501
      ],
      [
       126.93027507,
       37.52506079
      ],
      [
       126.93026918,
       37.52506817
      ],
      [
       126.93035647,
       37.52512263
      ],
      [
       126.93047635,
       37.52500042
      ],
      [
       126.93086568,
       37.5246035
      ]
     ]
    ]
   },
   "properties": {
    "label": "기존건물",
    "height_m": 44.0
   }
  },
  {
   "type": "Feature",
   "geometry": {
    "type": "Polygon",
    "coordinates": [
     [
      [
       126.93260909,
       37.52500053
      ],
      [
       126.93266862,
       37.52494026
      ],
      [
       126.93259761,
       37.5248958
      ],
      [
       126.93262932,
       37.52486374
      ],
      [
       126.93269987,
       37.52490785
      ],
      [
       126.93279396,
       37.52481258
      ],
      [
       126.93274795,
       37.52478381
      ],
      [
       126.93273923,
       37.52479272
      ],
      [
       126.93265001,
       37.52473708
      ],
      [
       126.93267006,
       37.52471754
      ],
      [
       126.93253179,
       37.5246298
      ],
      [
       126.93249544,
       37.52466653
      ],
      [
       126.93250652,
       37.52467356
      ],
      [
       126.9324379,
       37.5247429
      ],
      [
       126.93249805,
       37.52478059
      ],
      [
       126.93246386,
       37.52481508
      ],
      [
       126.9324054,
       37.52477847
      ],
      [
       126.93233735,
       37.52484728
      ],
      [
       126.93232515,
       37.5248396
      ],
      [
       126.93228742,
       37.5248777
      ],
      [
       126.93242515,
       37.52496419
      ],
      [
       126.93244847,
       37.52494311
      ],
      [
       126.93253734,
       37.52499767
      ],
      [
       126.93253451,
       37.52500052
      ],
      [
       126.93252839,
       37.52500667
      ],
      [
       126.93257452,
       37.52503553
      ],
      [
       126.93260909,
       37.52500053
      ]
     ]
    ]
   },
   "properties": {
    "label": "기존건물",
    "height_m": 44.0
   }
  },
  {
   "type": "Feature",
   "geometry": {
    "type": "Polygon",
    "coordinates": [
     [
      [
       126.9318465,
       37.52500049
      ],
      [
       126.93192324,
       37.5249237
      ],
      [
       126.93186309,
       37.52488556
      ],
      [
       126.93189445,
       37.52485413
      ],
      [
       126.93195291,
       37.5248912
      ],
      [
       126.93204236,
       37.5248017
      ],
      [
       126.93199883,
       37.52477509
      ],
      [
       126.93199011,
       37.52478428
      ],
      [
       126.93190882,
       37.52473458
      ],
      [
       126.93192807,
       37.52471261
      ],
      [
       126.93179601,
       37.52463414
      ],
      [
       126.93176351,
       37.52466764
      ],
      [
       126.93177481,
       37.52467467
      ],
      [
       126.93171344,
       37.52473798
      ],
      [
       126.93176172,
       37.52477188
      ],
      [
       126.93172662,
       37.52480349
      ],
      [
       126.9316814,
       37.52477166
      ],
      [
       126.93161335,
       37.52483297
      ],
      [
       126.931606,
       37.52482775
      ],
      [
       126.93156796,
       37.52486214
      ],
      [
       126.93169605,
       37.52495214
      ],
      [
       126.93172074,
       37.5249272
      ],
      [
       126.93179931,
       37.52497598
      ],
      [
       126.93178992,
       37.52498535
      ],
      [
       126.93181376,
       37.52500049
      ],
      [
       126.93183378,
       37.52501321
      ],
      [
       126.9318465,
       37.52500049
      ]
     ]
    ]
   },
   "properties": {
    "label": "기존건물",
    "height_m": 44.0
   }
  },
  {
   "type": "Feature",
   "geometry": {
    "type": "Polygon",
    "coordinates": [
     [
      [
       126.93401985,
       37.52386667
      ],
      [
       126.9337588,
       37.52370497
      ],
      [
       126.93371043,
       37.52375298
      ],
      [
       126.93397207,
       37.52391538
      ],
      [
       126.93401985,
       37.52386667
      ]
     ]
    ]
   },
   "properties": {
    "label": "기존건물",
    "height_m": 14.0
   }
  },
  {
   "type": "Feature",
   "geometry": {
    "type": "Polygon",
    "coordinates": [
     [
      [
       126.93475119,
       37.52492413
      ],
      [
       126.9345462,
       37.52480139
      ],
      [
       126.93449468,
       37.52485587
      ],
      [
       126.93466009,
       37.5249639
      ],
      [
       126.93472594,
       37.52495079
      ],
      [
       126.93475119,
       37.52492413
      ]
     ]
    ]
   },
   "properties": {
    "label": "기존건물",
    "height_m": 4.0
   }
  },
  {
   "type": "Feature",
   "geometry": {
    "type": "Polygon",
    "coordinates": [
     [
      [
       126.93582314,
       37.52471643
      ],
      [
       126.9357801,
       37.5246795
      ],
      [
       126.93563865,
       37.52479106
      ],
      [
       126.93568414,
       37.5248282
      ],
      [
       126.93572725,
       37.52479353
      ],
      [
       126.93582314,
       37.52471643
      ]
     ]
    ]
   },
   "properties": {
    "label": "기존건물",
    "height_m": 6.4
   }
  },
  {
   "type": "Feature",
   "geometry": {
    "type": "Polygon",
    "coordinates": [
     [
      [
       126.9387026,
       37.52106465
      ],
      [
       126.93864098,
       37.52102758
      ],
      [
       126.93856699,
       37.52103475
      ],
      [
       126.93852261,
       37.52108284
      ],
      [
       126.93852912,
       37.5211424
      ],
      [
       126.93858995,
       37.52117883
      ],
      [
       126.93867073,
       37.52117031
      ],
      [
       126.93871183,
       37.52112196
      ],
      [
       126.9387026,
       37.52106465
      ]
     ]
    ]
   },
   "properties": {
    "label": "기존건물",
    "height_m": 5.3
   }
  },
  {
   "type": "Feature",
   "geometry": {
    "type": "Polygon",
    "coordinates": [
     [
      [
       126.9290285,
       37.52313579
      ],
      [
       126.92898294,
       37.52317796
      ],
      [
       126.92926879,
       37.52337391
      ],
      [
       126.92935931,
       37.52329013
      ],
      [
       126.92936006,
       37.52328942
      ],
      [
       126.92935989,
       37.52328932
      ],
      [
       126.92936038,
       37.52328876
      ],
      [
       126.92936108,
       37.52328794
      ],
      [
       126.92936219,
       37.5232866
      ],
      [
       126.92936341,
       37.523285
      ],
      [
       126.92936418,
       37.52328392
      ],
      [
       126.92936526,
       37.52328232
      ],
      [
       126.92936658,
       37.52328018
      ],
      [
       126.92936708,
       37.52327931
      ],
      [
       126.92936767,
       37.52327951
      ],
      [
       126.92936791,
       37.52327909
      ],
      [
       126.92936772,
       37.52327902
      ],
      [
       126.92936882,
       37.52327696
      ],
      [
       126.92936971,
       37.52327501
      ],
      [
       126.92937009,
       37.52327414
      ],
      [
       126.92937029,
       37.52327419
      ],
      [
       126.92937047,
       37.52327375
      ],
      [
       126.92937089,
       37.52327386
      ],
      [
       126.92937107,
       37.52327342
      ],
      [
       126.92937231,
       37.52326996
      ],
      [
       126.92937374,
       37.52326429
      ],
      [
       126.92937456,
       37.52325608
      ],
      [
       126.92937419,
       37.52324951
      ],
      [
       126.92937334,
       37.52324472
      ],
      [
       126.92937205,
       37.52324019
      ],
      [
       126.92937016,
       37.52323538
      ],
      [
       126.92936719,
       37.52322956
      ],
      [
       126.92936277,
       37.52322348
      ],
      [
       126.92935834,
       37.52321857
      ],
      [
       126.92935575,
       37.52321612
      ],
      [
       126.92935334,
       37.52321407
      ],
      [
       126.92934869,
       37.52321087
      ],
      [
       126.92933276,
       37.52319995
      ],
      [
       126.92933695,
       37.52319607
      ],
      [
       126.92912011,
       37.52304745
      ],
      [
       126.92911707,
       37.52305027
      ],
      [
       126.92911927,
       37.52305178
      ],
      [
       126.9290285,
       37.52313579
      ]
     ]
    ]
   },
   "properties": {
    "label": "기존건물",
    "height_m": 14.95
   }
  },
  {
   "type": "Feature",
   "geometry": {
    "type": "Polygon",
    "coordinates": [
     [
      [
       126.92945349,
       37.51942309
      ],
      [
       126.9295732,
       37.51948634
      ],
      [
       126.92959196,
       37.51946382
      ],
      [
       126.92963815,
       37.51948822
      ],
      [
       126.92967066,
       37.51944918
      ],
      [
       126.92969754,
       37.51946337
      ],
      [
       126.92971567,
       37.5194416
      ],
      [
       126.92966571,
       37.5194152
      ],
      [
       126.92967133,
       37.51940845
      ],
      [
       126.92966379,
       37.51940446
      ],
      [
       126.92966942,
       37.51939771
      ],
      [
       126.92966188,
       37.51939372
      ],
      [
       126.92970144,
       37.51934622
      ],
      [
       126.92969326,
       37.51934218
      ],
      [
       126.92974328,
       37.51928212
      ],
      [
       126.92974454,
       37.51928061
      ],
      [
       126.92962483,
       37.51921736
      ],
      [
       126.92945349,
       37.51942309
      ]
     ]
    ]
   },
   "properties": {
    "label": "기존건물",
    "height_m": 33.2
   }
  },
  {
   "type": "Feature",
   "geometry": {
    "type": "Polygon",
    "coordinates": [
     [
      [
       126.93014198,
       37.52221047
      ],
      [
       126.93016576,
       37.52218534
      ],
      [
       126.93017152,
       37.52218886
      ],
      [
       126.93029178,
       37.52206217
      ],
      [
       126.93028522,
       37.52205703
      ],
      [
       126.93031239,
       37.52203506
      ],
      [
       126.93025123,
       37.52199763
      ],
      [
       126.93025575,
       37.52199286
      ],
      [
       126.9300458,
       37.52186029
      ],
      [
       126.93004206,
       37.52186398
      ],
      [
       126.92998181,
       37.521826
      ],
      [
       126.92995747,
       37.5218505
      ],
      [
       126.92995306,
       37.52184788
      ],
      [
       126.92982772,
       37.52197458
      ],
      [
       126.92982975,
       37.52197575
      ],
      [
       126.92980618,
       37.52200313
      ],
      [
       126.92986826,
       37.52204038
      ],
      [
       126.92986521,
       37.52204371
      ],
      [
       126.93008047,
       37.52217808
      ],
      [
       126.93008466,
       37.52217556
      ],
      [
       126.93014198,
       37.52221047
      ]
     ]
    ]
   },
   "properties": {
    "label": "기존건물",
    "height_m": 78.0
   }
  },
  {
   "type": "Feature",
   "geometry": {
    "type": "Polygon",
    "coordinates": [
     [
      [
       126.93024573,
       37.52061513
      ],
      [
       126.93006043,
       37.5204987
      ],
      [
       126.92977204,
       37.52079045
      ],
      [
       126.92995767,
       37.52090661
      ],
      [
       126.93024573,
       37.52061513
      ]
     ]
    ]
   },
   "properties": {
    "label": "기존건물",
    "height_m": 41.0
   }
  },
  {
   "type": "Feature",
   "geometry": {
    "type": "Polygon",
    "coordinates": [
     [
      [
       126.9312506,
       37.51848564
      ],
      [
       126.93127105,
       37.51846293
      ],
      [
       126.93129029,
       37.51847671
      ],
      [
       126.93137767,
       37.51839959
      ],
      [
       126.931347,
       37.51838329
      ],
      [
       126.93158445,
       37.51815146
      ],
      [
       126.93160732,
       37.51816618
      ],
      [
       126.93167383,
       37.51809859
      ],
      [
       126.93130619,
       37.51787411
      ],
      [
       126.93124277,
       37.51793857
      ],
      [
       126.93125373,
       37.51794933
      ],
      [
       126.9312583,
       37.51798122
      ],
      [
       126.93126117,
       37.51799282
      ],
      [
       126.93125395,
       37.5180235
      ],
      [
       126.93116731,
       37.51810288
      ],
      [
       126.9310992,
       37.51807862
      ],
      [
       126.93088185,
       37.51829952
      ],
      [
       126.93101487,
       37.51831357
      ],
      [
       126.93104091,
       37.51832229
      ],
      [
       126.93115034,
       37.51838758
      ],
      [
       126.9312506,
       37.51848564
      ]
     ]
    ]
   },
   "properties": {
    "label": "기존건물",
    "height_m": 81.8
   }
  },
  {
   "type": "Feature",
   "geometry": {
    "type": "Polygon",
    "coordinates": [
     [
      [
       126.93867455,
       37.52078136
      ],
      [
       126.93873003,
       37.52072859
      ],
      [
       126.9379153,
       37.52022143
      ],
      [
       126.93775531,
       37.52012188
      ],
      [
       126.93770222,
       37.52017592
      ],
      [
       126.93772223,
       37.52018836
      ],
      [
       126.93771498,
       37.52019575
      ],
      [
       126.9377221,
       37.52020016
      ],
      [
       126.93771565,
       37.52020674
      ],
      [
       126.93785935,
       37.520296
      ],
      [
       126.93781916,
       37.52033717
      ],
      [
       126.93786518,
       37.52036574
      ],
      [
       126.93790763,
       37.52032621
      ],
      [
       126.93791532,
       37.52033135
      ],
      [
       126.93818169,
       37.52049809
      ],
      [
       126.93814127,
       37.52053879
      ],
      [
       126.93819034,
       37.52056972
      ],
      [
       126.93823427,
       37.5205274
      ],
      [
       126.93850787,
       37.52069937
      ],
      [
       126.93846667,
       37.52074197
      ],
      [
       126.93851438,
       37.52077127
      ],
      [
       126.93856,
       37.52072796
      ],
      [
       126.93863768,
       37.52077981
      ],
      [
       126.93864492,
       37.52077296
      ],
      [
       126.93865125,
       37.5207772
      ],
      [
       126.93865827,
       37.52077054
      ],
      [
       126.93867455,
       37.52078136
      ]
     ]
    ]
   },
   "properties": {
    "label": "기존건물",
    "height_m": 7.6
   }
  },
  {
   "type": "Feature",
   "geometry": {
    "type": "Polygon",
    "coordinates": [
     [
      [
       126.92931691,
       37.5209529
      ],
      [
       126.92941905,
       37.52084899
      ],
      [
       126.92938083,
       37.52082482
      ],
      [
       126.92938468,
       37.52082086
      ],
      [
       126.92902279,
       37.52059241
      ],
      [
       126.92901645,
       37.52059862
      ],
      [
       126.92898006,
       37.52057409
      ],
      [
       126.92887667,
       37.52067757
      ],
      [
       126.92891433,
       37.52070128
      ],
      [
       126.92891116,
       37.52070444
      ],
      [
       126.9292744,
       37.52093377
      ],
      [
       126.92927745,
       37.52093062
      ],
      [
       126.92931691,
       37.5209529
      ]
     ]
    ]
   },
   "properties": {
    "label": "기존건물",
    "height_m": 37.3
   }
  },
  {
   "type": "Feature",
   "geometry": {
    "type": "Polygon",
    "coordinates": [
     [
      [
       126.93464214,
       37.52116104
      ],
      [
       126.93412116,
       37.52083656
      ],
      [
       126.93399945,
       37.52096012
      ],
      [
       126.93452076,
       37.52128476
      ],
      [
       126.93464214,
       37.52116104
      ]
     ]
    ]
   },
   "properties": {
    "label": "기존건물",
    "height_m": 11.0
   }
  },
  {
   "type": "Feature",
   "geometry": {
    "type": "Polygon",
    "coordinates": [
     [
      [
       126.93067543,
       37.5217647
      ],
      [
       126.9309372,
       37.52149951
      ],
      [
       126.93088124,
       37.52146541
      ],
      [
       126.93094782,
       37.52139598
      ],
      [
       126.93094164,
       37.52135345
      ],
      [
       126.93075046,
       37.52123306
      ],
      [
       126.93069559,
       37.52123907
      ],
      [
       126.93041954,
       37.52151911
      ],
      [
       126.93042584,
       37.52156209
      ],
      [
       126.93051199,
       37.52161656
      ],
      [
       126.93047009,
       37.52165862
      ],
      [
       126.9304702,
       37.52166258
      ],
      [
       126.93050784,
       37.52168738
      ],
      [
       126.93051102,
       37.52168432
      ],
      [
       126.9305308,
       37.5216974
      ],
      [
       126.93053046,
       37.52169776
      ],
      [
       126.9306373,
       37.52176819
      ],
      [
       126.93067543,
       37.5217647
      ]
     ]
    ]
   },
   "properties": {
    "label": "기존건물",
    "height_m": 83.9
   }
  },
  {
   "type": "Feature",
   "geometry": {
    "type": "Polygon",
    "coordinates": [
     [
      [
       126.93083806,
       37.51934669
      ],
      [
       126.93087316,
       37.51930742
      ],
      [
       126.93091421,
       37.51933303
      ],
      [
       126.93116353,
       37.51907946
      ],
      [
       126.9311577,
       37.51902125
      ],
      [
       126.93098957,
       37.51893736
      ],
      [
       126.93070754,
       37.51920795
      ],
      [
       126.93074519,
       37.51923248
      ],
      [
       126.93071009,
       37.51926922
      ],
      [
       126.93083806,
       37.51934669
      ]
     ]
    ]
   },
   "properties": {
    "label": "기존건물",
    "height_m": 42.0
   }
  },
  {
   "type": "Feature",
   "geometry": {
    "type": "Polygon",
    "coordinates": [
     [
      [
       126.93163034,
       37.52084137
      ],
      [
       126.93126698,
       37.5206186
      ],
      [
       126.93098832,
       37.52090758
      ],
      [
       126.93135169,
       37.52112998
      ],
      [
       126.93163034,
       37.52084137
      ]
     ]
    ]
   },
   "properties": {
    "label": "기존건물",
    "height_m": 48.8
   }
  },
  {
   "type": "Feature",
   "geometry": {
    "type": "Polygon",
    "coordinates": [
     [
      [
       126.93235046,
       37.52448741
      ],
      [
       126.93244115,
       37.52439792
      ],
      [
       126.93238146,
       37.52435959
      ],
      [
       126.93241271,
       37.52432861
      ],
      [
       126.93246924,
       37.52436496
      ],
      [
       126.9325579,
       37.52427743
      ],
      [
       126.93251459,
       37.52425001
      ],
      [
       126.93250418,
       37.52426046
      ],
      [
       126.93242289,
       37.52420924
      ],
      [
       126.9324418,
       37.52418753
      ],
      [
       126.93231268,
       37.52410934
      ],
      [
       126.93227984,
       37.52414329
      ],
      [
       126.93229081,
       37.52415005
      ],
      [
       126.9322291,
       37.52421389
      ],
      [
       126.93228258,
       37.52424357
      ],
      [
       126.93224951,
       37.52428148
      ],
      [
       126.93219717,
       37.52424604
      ],
      [
       126.93212923,
       37.52430961
      ],
      [
       126.93212087,
       37.52430402
      ],
      [
       126.93208418,
       37.52433833
      ],
      [
       126.93221092,
       37.52442426
      ],
      [
       126.93223594,
       37.5244004
      ],
      [
       126.93231576,
       37.52445162
      ],
      [
       126.9323075,
       37.52445982
      ],
      [
       126.93235046,
       37.52448741
      ]
     ]
    ]
   },
   "properties": {
    "label": "기존건물",
    "height_m": 44.0
   }
  },
  {
   "type": "Feature",
   "geometry": {
    "type": "Polygon",
    "coordinates": [
     [
      [
       126.93750914,
       37.51996976
      ],
      [
       126.93718467,
       37.51976868
      ],
      [
       126.93707686,
       37.519702
      ],
      [
       126.93703676,
       37.51967735
      ],
      [
       126.93697404,
       37.51973985
      ],
      [
       126.9370014,
       37.51975734
      ],
      [
       126.93698816,
       37.51977058
      ],
      [
       126.93717652,
       37.51989007
      ],
      [
       126.93713734,
       37.51992924
      ],
      [
       126.93718371,
       37.51995873
      ],
      [
       126.93722243,
       37.51991694
      ],
      [
       126.93740467,
       37.52003093
      ],
      [
       126.93741905,
       37.52001634
      ],
      [
       126.9374463,
       37.52003348
      ],
      [
       126.93750914,
       37.51996976
      ]
     ]
    ]
   },
   "properties": {
    "label": "기존건물",
    "height_m": 38.4
   }
  }
 ]
}