{
 "type": "FeatureCollection",
 "features": [
  {
   "type": "Feature",
   "geometry": {
    "type": "Polygon",
    "coordinates": [
     [
      [
       194158.843,
       546562.455
      ],
      [
       194171.093,
       546546.135
      ],
      [
       194170.513,
       546545.705
      ],
      [
       194170.893,
       546545.205
      ],
      [
       194159.556,
       546536.707
      ],
      [
       194163.453,
       546531.465
      ],
      [
       194158.133,
       546527.555
      ],
      [
       194153.883,
       546533.365
      ],
      [
       194153.906,
       546533.382
      ],
      [
       194151.833,
       546536.135
      ],
      [
       194151.343,
       546535.775
      ],
      [
       194143.443,
       546546.366
      ],
      [
       194144.833,
       546547.286
      ],
      [
       194144.013,
       546548.526
      ],
      [
       194143.043,
       546547.706
      ],
      [
       194141.683,
       546549.336
      ],
      [
       194146.883,
       546553.236
      ],
      [
       194146.463,
       546553.796
      ],
      [
       194157.813,
       546562.315
      ],
      [
       194158.113,
       546561.906
      ],
      [
       194158.843,
       546562.455
      ]
     ]
    ]
   },
   "properties": {
    "label": "기존건물",
    "height_m": 30.0
   }
  },
  {
   "type": "Feature",
   "geometry": {
    "type": "Polygon",
    "coordinates": [
     [
      [
       194137.573,
       546589.536
      ],
      [
       194120.033,
       546575.905
      ],
      [
       194113.373,
       546584.935
      ],
      [
       194117.763,
       546588.195
      ],
      [
       194117.523,
       546588.615
      ],
      [
       194130.663,
       546598.435
      ],
      [
       194137.573,
       546589.536
      ]
     ]
    ]
   },
   "properties": {
    "label": "기존건물",
    "height_m": 25.2
   }
  },
  {
   "type": "Feature",
   "geometry": {
    "type": "Polygon",
    "coordinates": [
     [
      [
       193748.913,
       546675.286
      ],
      [
       193748.893,
       546674.986
      ],
      [
       193748.483,
       546675.006
      ],
      [
       193747.643,
       546675.056
      ],
      [
       193746.918,
       546675.741
      ],
      [
       193746.693,
       546675.966
      ],
      [
       193746.233,
       546676.526
      ],
      [
       193723.603,
       546705.586
      ],
      [
       193722.993,
       546706.446
      ],
      [
       193722.973,
       546706.916
      ],
      [
       193722.143,
       546706.966
      ],
      [
       193722.163,
       546707.496
      ],
      [
       193722.173,
       546708.006
      ],
      [
       193722.183,
       546708.136
      ],
      [
       193738.273,
       546720.616
      ],
      [
       193738.703,
       546720.965
      ],
      [
       193739.583,
       546720.926
      ],
      [
       193740.233,
       546720.346
      ],
      [
       193740.153,
       546720.255
      ],
      [
       193740.413,
       546720.026
      ],
      [
       193741.313,
       546718.875
      ],
      [
       193764.493,
       546689.236
      ],
      [
       193764.873,
       546688.686
      ],
      [
       193764.883,
       546688.036
      ],
      [
       193764.553,
       546687.636
      ],
      [
       193748.913,
       546675.286
      ]
     ]
    ]
   },
   "properties": {
    "label": "기존건물",
    "height_m": 37.1
   }
  },
  {
   "type": "Feature",
   "geometry": {
    "type": "Polygon",
    "coordinates": [
     [
      [
       193958.502,
       546798.726
      ],
      [
       193970.873,
       546781.435
      ],
      [
       193972.603,
       546782.675
      ],
      [
       194003.043,
       546743.545
      ],
      [
       194001.613,
       546742.335
      ],
      [
       194015.153,
       546725.545
      ],
      [
       194009.013,
       546720.595
      ],
      [
       194008.043,
       546711.645
      ],
      [
       193995.753,
       546701.905
      ],
      [
       193976.733,
       546704.436
      ],
      [
       193966.873,
       546716.966
      ],
      [
       193969.042,
       546732.906
      ],
      [
       193953.263,
       546753.015
      ],
      [
       193937.433,
       546753.626
      ],
      [
       193928.153,
       546767.236
      ],
      [
       193930.413,
       546786.266
      ],
      [
       193942.743,
       546795.486
      ],
      [
       193952.873,
       546794.696
      ],
      [
       193958.502,
       546798.726
      ]
     ]
    ]
   },
   "properties": {
    "label": "기존건물",
    "height_m": 112.25
   }
  },
  {
   "type": "Feature",
   "geometry": {
    "type": "Polygon",
    "coordinates": [
     [
      [
       193683.853,
       546931.195
      ],
      [
       193695.423,
       546916.526
      ],
      [
       193695.413,
       546916.136
      ],
      [
       193693.923,
       546915.056
      ],
      [
       193694.303,
       546914.536
      ],
      [
       193660.122,
       546888.245
      ],
      [
       193659.903,
       546888.525
      ],
      [
       193658.564,
       546887.445
      ],
      [
       193646.743,
       546902.185
      ],
      [
       193646.763,
       546902.536
      ],
      [
       193648.143,
       546903.665
      ],
      [
       193647.963,
       546903.876
      ],
      [
       193681.873,
       546930.395
      ],
      [
       193682.103,
       546930.235
      ],
      [
       193683.553,
       546931.215
      ],
      [
       193683.853,
       546931.195
      ]
     ]
    ]
   },
   "properties": {
    "label": "기존건물",
    "height_m": 60.2
   }
  },
  {
   "type": "Feature",
   "geometry": {
    "type": "Polygon",
    "coordinates": [
     [
      [
       193847.163,
       546872.066
      ],
      [
       193836.442,
       546863.415
      ],
      [
       193820.583,
       546883.896
      ],
      [
       193820.713,
       546890.146
      ],
      [
       193832.943,
       546898.695
      ],
      [
       193840.983,
       546888.155
      ],
      [
       193837.153,
       546884.455
      ],
      [
       193847.163,
       546872.066
      ]
     ]
    ]
   },
   "properties": {
    "label": "기존건물",
    "height_m": 22.0
   }
  },
  {
   "type": "Feature",
   "geometry": {
    "type": "Polygon",
    "coordinates": [
     [
      [
       193802.683,
       546759.846
      ],
      [
       193805.663,
       546755.996
      ],
      [
       193806.972,
       546757.016
      ],
      [
       193807.753,
       546756.986
      ],
      [
       193823.973,
       546736.245
      ],
      [
       193823.953,
       546735.525
      ],
      [
       193787.413,
       546707.136
      ],
      [
       193786.673,
       546707.156
      ],
      [
       193770.373,
       546727.995
      ],
      [
       193770.543,
       546728.685
      ],
      [
       193790.893,
       546745.036
      ],
      [
       193788.113,
       546748.576
      ],
      [
       193788.233,
       546749.326
      ],
      [
       193801.733,
       546759.886
      ],
      [
       193802.683,
       546759.846
      ]
     ]
    ]
   },
   "properties": {
    "label": "기존건물",
    "height_m": 37.5
   }
  },
  {
   "type": "Feature",
   "geometry": {
    "type": "Polygon",
    "coordinates": [
     [
      [
       193785.553,
       546745.456
      ],
      [
       193770.693,
       546733.945
      ],
      [
       193753.563,
       546755.996
      ],
      [
       193768.173,
       546767.465
      ],
      [
       193785.553,
       546745.456
      ]
     ]
    ]
   },
   "properties": {
    "label": "기존건물",
    "height_m": 49.9
   }
  },
  {
   "type": "Feature",
   "geometry": {
    "type": "Polygon",
    "coordinates": [
     [
      [
       193950.453,
       547171.646
      ],
      [
       193942.703,
       547165.756
      ],
      [
       193942.393,
       547166.296
      ],
      [
       193941.233,
       547165.626
      ],
      [
       193941.163,
       547165.706
      ],
      [
       193897.633,
       547221.715
      ],
      [
       193898.473,
       547222.345
      ],
      [
       193897.893,
       547223.115
      ],
      [
       193905.583,
       547229.196
      ],
      [
       193950.453,
       547171.646
      ]
     ]
    ]
   },
   "properties": {
    "label": "기존건물",
    "height_m": 44.0
   }
  },
  {
   "type": "Feature",
   "geometry": {
    "type": "Polygon",
    "coordinates": [
     [
      [
       194078.713,
       547153.566
      ],
      [
       194018.363,
       547106.615
      ],
      [
       194012.183,
       547114.735
      ],
      [
       194069.933,
       547159.806
      ],
      [
       194072.213,
       547161.646
      ],
      [
       194078.713,
       547153.566
      ]
     ]
    ]
   },
   "properties": {
    "label": "기존건물",
    "height_m": 44.0
   }
  },
  {
   "type": "Feature",
   "geometry": {
    "type": "Polygon",
    "coordinates": [
     [
      [
       193723.293,
       546735.706
      ],
      [
       193708.843,
       546724.336
      ],
      [
       193690.363,
       546747.896
      ],
      [
       193705.653,
       546758.145
      ],
      [
       193723.293,
       546735.706
      ]
     ]
    ]
   },
   "properties": {
    "label": "기존건물",
    "height_m": 58.7
   }
  },
  {
   "type": "Feature",
   "geometry": {
    "type": "Polygon",
    "coordinates": [
     [
      [
       193764.593,
       546770.066
      ],
      [
       193752.403,
       546760.566
      ],
      [
       193751.593,
       546760.856
      ],
      [
       193736.333,
       546780.235
      ],
      [
       193736.313,
       546780.825
      ],
      [
       193748.413,
       546790.366
      ],
      [
       193749.133,
       546790.336
      ],
      [
       193764.633,
       546770.886
      ],
      [
       193764.593,
       546770.066
      ]
     ]
    ]
   },
   "properties": {
    "label": "기존건물",
    "height_m": 40.0
   }
  },
  {
   "type": "Feature",
   "geometry": {
    "type": "Polygon",
    "coordinates": [
     [
      [
       193779.463,
       546903.885
      ],
      [
       193757.593,
       546886.946
      ],
      [
       193735.713,
       546915.485
      ],
      [
       193757.523,
       546932.486
      ],
      [
       193779.463,
       546903.885
      ]
     ]
    ]
   },
   "properties": {
    "label": "기존건물",
    "height_m": 50.0
   }
  },
  {
   "type": "Feature",
   "geometry": {
    "type": "Polygon",
    "coordinates": [
     [
      [
       194351.463,
       547097.266
      ],
      [
       194351.962,
       547096.006
      ],
      [
       194351.914,
       547094.916
      ],
      [
       194351.113,
       547093.956
      ],
      [
       194349.983,
       547093.216
      ],
      [
       194349.073,
       547093.266
      ],
      [
       194348.843,
       547088.916
      ],
      [
       194347.433,
       547083.816
      ],
      [
       194345.973,
       547079.946
      ],
      [
       194343.853,
       547076.286
      ],
      [
       194341.893,
       547074.036
      ],
      [
       194338.723,
       547070.956
      ],
      [
       194329.223,
       547062.776
      ],
      [
       194317.962,
       547054.096
      ],
      [
       194317.655,
       547054.468
      ],
      [
       194309.193,
       547064.675
      ],
      [
       194324.683,
       547078.205
      ],
      [
       194325.903,
       547076.816
      ],
      [
       194332.983,
       547084.016
      ],
      [
       194331.803,
       547087.176
      ],
      [
       194331.333,
       547090.536
      ],
      [
       194331.273,
       547093.445
      ],
      [
       194331.333,
       547097.105
      ],
      [
       194328.713,
       547096.225
      ],
      [
       194325.223,
       547096.575
      ],
      [
       194321.293,
       547098.035
      ],
      [
       194317.253,
       547101.105
      ],
      [
       194314.963,
       547106.306
      ],
      [
       194314.374,
       547112.186
      ],
      [
       194315.703,
       547117.075
      ],
      [
       194318.443,
       547120.815
      ],
      [
       194322.983,
       547123.406
      ],
      [
       194328.323,
       547124.185
      ],
      [
       194333.393,
       547123.285
      ],
      [
       194338.163,
       547121.105
      ],
      [
       194341.323,
       547117.395
      ],
      [
       194344.283,
       547113.486
      ],
      [
       194347.163,
       547107.006
      ],
      [
       194348.673,
       547101.546
      ],
      [
       194349.072,
       547098.536
      ],
      [
       194350.492,
       547098.076
      ],
      [
       194351.463,
       547097.266
      ]
     ]
    ]
   },
   "properties": {
    "label": "기존건물",
    "height_m": 16.1
   }
  },
  {
   "type": "Feature",
   "geometry": {
    "type": "Polygon",
    "coordinates": [
     [
      [
       194279.653,
       547231.006
      ],
      [
       194296.403,
       547210.646
      ],
      [
       194298.183,
       547212.096
      ],
      [
       194312.983,
       547194.065
      ],
      [
       194314.033,
       547194.925
      ],
      [
       194319.893,
       547187.786
      ],
      [
       194319.433,
       547187.406
      ],
      [
       194319.933,
       547186.796
      ],
      [
       194317.183,
       547184.546
      ],
      [
       194333.413,
       547164.616
      ],
      [
       194338.503,
       547168.585
      ],
      [
       194338.122,
       547169.076
      ],
      [
       194339.153,
       547169.886
      ],
      [
       194351.133,
       547154.515
      ],
      [
       194350.493,
       547154.015
      ],
      [
       194350.253,
       547154.315
      ],
      [
       194345.343,
       547150.495
      ],
      [
       194355.473,
       547137.506
      ],
      [
       194355.933,
       547137.416
      ],
      [
       194358.503,
       547139.416
      ],
      [
       194359.033,
       547138.746
      ],
      [
       194359.563,
       547139.166
      ],
      [
       194365.283,
       547131.816
      ],
      [
       194362.093,
       547129.336
      ],
      [
       194362.213,
       547129.176
      ],
      [
       194373.573,
       547115.316
      ],
      [
       194365.553,
       547108.736
      ],
      [
       194365.313,
       547109.026
      ],
      [
       194364.663,
       547108.486
      ],
      [
       194270.753,
       547223.705
      ],
      [
       194279.653,
       547231.006
      ]
     ]
    ]
   },
   "properties": {
    "label": "기존건물",
    "height_m": 18.06
   }
  },
  {
   "type": "Feature",
   "geometry": {
    "type": "Polygon",
    "coordinates": [
     [
      [
       194129.513,
       547365.696
      ],
      [
       194141.203,
       547350.905
      ],
      [
       194143.913,
       547353.045
      ],
      [
       194150.203,
       547345.135
      ],
      [
       194147.563,
       547342.675
      ],
      [
       194168.663,
       547315.546
      ],
      [
       194174.123,
       547320.385
      ],
      [
       194185.842,
       547305.325
      ],
      [
       194180.193,
       547300.925
      ],
      [
       194195.78,
       547280.897
      ],
      [
       194195.913,
       547280.726
      ],
      [
       194196.132,
       547280.897
      ],
      [
       194199.023,
       547283.146
      ],
      [
       194200.767,
       547280.894
      ],
      [
       194209.943,
       547269.045
      ],
      [
       194208.503,
       547267.926
      ],
      [
       194209.443,
       547266.715
      ],
      [
       194207.663,
       547265.426
      ],
      [
       194213.553,
       547258.035
      ],
      [
       194224.783,
       547266.425
      ],
      [
       194225.033,
       547266.095
      ],
      [
       194230.153,
       547269.925
      ],
      [
       194243.243,
       547252.426
      ],
      [
       194208.093,
       547224.835
      ],
      [
       194194.572,
       547242.075
      ],
      [
       194199.333,
       547245.816
      ],
      [
       194199.003,
       547246.226
      ],
      [
       194204.603,
       547250.855
      ],
      [
       194181.094,
       547280.907
      ],
      [
       194120.223,
       547358.716
      ],
      [
       194121.203,
       547359.436
      ],
      [
       194121.453,
       547359.066
      ],
      [
       194128.943,
       547364.576
      ],
      [
       194128.613,
       547365.036
      ],
      [
       194129.513,
       547365.696
      ]
     ]
    ]
   },
   "properties": {
    "label": "기존건물",
    "height_m": 16.0
   }
  },
  {
   "type": "Feature",
   "geometry": {
    "type": "Polygon",
    "coordinates": [
     [
      [
       194443.952,
       546554.006
      ],
      [
       194449.123,
       546547.176
      ],
      [
       194448.803,
       546546.966
      ],
      [
       194452.413,
       546542.356
      ],
      [
       194452.533,
       546542.456
      ],
      [
       194456.493,
       546537.416
      ],
      [
       194453.343,
       546534.946
      ],
      [
       194452.783,
       546535.666
      ],
      [
       194451.503,
       546534.656
      ],
      [
       194453.986,
       546531.487
      ],
      [
       194454.833,
       546530.405
      ],
      [
       194452.394,
       546528.493
      ],
      [
       194435.283,
       546515.076
      ],
      [
       194432.268,
       546519.044
      ],
      [
       194430.144,
       546521.839
      ],
      [
       194429.053,
       546523.276
      ],
      [
       194429.019,
       546523.25
      ],
      [
       194416.683,
       546513.866
      ],
      [
       194415.289,
       546515.715
      ],
      [
       194412.893,
       546518.896
      ],
      [
       194393.216,
       546503.413
      ],
      [
       194392.313,
       546502.702
      ],
      [
       194377.993,
       546491.435
      ],
      [
       194355.623,
       546520.416
      ],
      [
       194386.473,
       546544.296
      ],
      [
       194384.763,
       546546.506
      ],
      [
       194389.683,
       546550.316
      ],
      [
       194389.893,
       546550.046
      ],
      [
       194425.263,
       546578.165
      ],
      [
       194444.023,
       546554.136
      ],
      [
       194443.952,
       546554.006
      ]
     ]
    ]
   },
   "properties": {
    "label": "기존건물",
    "height_m": 60.65
   }
  },
  {
   "type": "Feature",
   "geometry": {
    "type": "Polygon",
    "coordinates": [
     [
      [
       193962.193,
       546669.285
      ],
      [
       193963.683,
       546667.165
      ],
      [
       193965.364,
       546667.426
      ],
      [
       193969.723,
       546661.835
      ],
      [
       193969.483,
       546660.185
      ],
      [
       193933.173,
       546631.976
      ],
      [
       193931.853,
       546632.176
      ],
      [
       193927.363,
       546637.806
      ],
      [
       193927.553,
       546639.806
      ],
      [
       193926.453,
       546641.216
      ],
      [
       193924.523,
       546641.346
      ],
      [
       193921.313,
       546645.296
      ],
      [
       193921.563,
       546646.666
      ],
      [
       193957.973,
       546675.056
      ],
      [
       193959.502,
       546674.856
      ],
      [
       193962.613,
       546670.936
      ],
      [
       193962.193,
       546669.285
      ]
     ]
    ]
   },
   "properties": {
    "label": "기존건물",
    "height_m": 22.0
   }
  },
  {
   "type": "Feature",
   "geometry": {
    "type": "Polygon",
    "coordinates": [
     [
      [
       193907.7,
       546717.777
      ],
      [
       193908.281,
       546718.513
      ],
      [
       193938.003,
       546680.458
      ],
      [
       193931.047,
       546674.928
      ],
      [
       193901.001,
       546712.726
      ],
      [
       193907.7,
       546717.777
      ]
     ]
    ]
   },
   "properties": {
    "label": "기존건물",
    "height_m": 48.8
   }
  },
  {
   "type": "Feature",
   "geometry": {
    "type": "Polygon",
    "coordinates": [
     [
      [
       194247.296,
       547071.185
      ],
      [
       194256.173,
       547059.926
      ],
      [
       194226.962,
       547036.965
      ],
      [
       194220.593,
       547031.965
      ],
      [
       194216.653,
       547036.985
      ],
      [
       194211.683,
       547043.306
      ],
      [
       194225.943,
       547054.535
      ],
      [
       194228.643,
       547051.115
      ],
      [
       194242.583,
       547062.125
      ],
      [
       194239.993,
       547065.405
      ],
      [
       194247.296,
       547071.185
      ]
     ]
    ]
   },
   "properties": {
    "label": "기존건물",
    "height_m": 19.95
   }
  },
  {
   "type": "Feature",
   "geometry": {
    "type": "Polygon",
    "coordinates": [
     [
      [
       193914.313,
       546860.446
      ],
      [
       193870.643,
       546826.415
      ],
      [
       193870.273,
       546826.525
      ],
      [
       193859.443,
       546840.635
      ],
      [
       193903.253,
       546874.805
      ],
      [
       193914.263,
       546860.686
      ],
      [
       193914.313,
       546860.446
      ]
     ]
    ]
   },
   "properties": {
    "label": "기존건물",
    "height_m": 18.1
   }
  },
  {
   "type": "Feature",
   "geometry": {
    "type": "Polygon",
    "coordinates": [
     [
      [
       194220.793,
       547031.475
      ],
      [
       194197.313,
       547013.076
      ],
      [
       194193.033,
       547019.476
      ],
      [
       194191.273,
       547018.316
      ],
      [
       194186.873,
       547024.386
      ],
      [
       194211.042,
       547043.926
      ],
      [
       194220.793,
       547031.475
      ]
     ]
    ]
   },
   "properties": {
    "label": "기존건물",
    "height_m": 15.0
   }
  },
  {
   "type": "Feature",
   "geometry": {
    "type": "Polygon",
    "coordinates": [
     [
      [
       194146.843,
       546535.596
      ],
      [
       194135.952,
       546527.166
      ],
      [
       194117.963,
       546550.166
      ],
      [
       194118.403,
       546553.196
      ],
      [
       194145.523,
       546574.396
      ],
      [
       194148.663,
       546574.196
      ],
      [
       194155.823,
       546565.066
      ],
      [
       194135.833,
       546549.486
      ],
      [
       194146.843,
       546535.596
      ]
     ]
    ]
   },
   "properties": {
    "label": "기존건물",
    "height_m": 22.0
   }
  },
  {
   "type": "Feature",
   "geometry": {
    "type": "Polygon",
    "coordinates": [
     [
      [
       194267.923,
       547085.286
      ],
      [
       194271.943,
       547080.226
      ],
      [
       194275.463,
       547082.656
      ],
      [
       194293.403,
       547059.355
      ],
      [
       194290.023,
       547056.695
      ],
      [
       194297.713,
       547046.725
      ],
      [
       194291.843,
       547042.185
      ],
      [
       194289.433,
       547044.945
      ],
      [
       194287.713,
       547043.425
      ],
      [
       194260.103,
       547079.265
      ],
      [
       194267.923,
       547085.286
      ]
     ]
    ]
   },
   "properties": {
    "label": "기존건물",
    "height_m": 19.95
   }
  },
  {
   "type": "Feature",
   "geometry": {
    "type": "Polygon",
    "coordinates": [
     [
      [
       193853.063,
       546658.475
      ],
      [
       193838.703,
       546647.415
      ],
      [
       193837.493,
       546648.705
      ],
      [
       193837.203,
       546648.395
      ],
      [
       193823.503,
       546665.936
      ],
      [
       193823.903,
       546666.246
      ],
      [
       193822.893,
       546667.546
      ],
      [
       193837.353,
       546678.756
      ],
      [
       193853.063,
       546658.475
      ]
     ]
    ]
   },
   "properties": {
    "label": "기존건물",
    "height_m": 41.0
   }
  },
  {
   "type": "Feature",
   "geometry": {
    "type": "Polygon",
    "coordinates": [
     [
      [
       194395.713,
       547113.515
      ],
      [
       194415.053,
       547088.506
      ],
      [
       194418.053,
       547090.836
      ],
      [
       194423.803,
       547083.396
      ],
      [
       194421.123,
       547081.316
      ],
      [
       194440.323,
       547056.496
      ],
      [
       194431.313,
       547049.355
      ],
      [
       194424.474,
       547058.073
      ],
      [
       194422.472,
       547060.623
      ],
      [
       194386.543,
       547106.415
      ],
      [
       194395.713,
       547113.515
      ]
     ]
    ]
   },
   "properties": {
    "label": "기존건물",
    "height_m": 17.0
   }
  },
  {
   "type": "Feature",
   "geometry": {
    "type": "Polygon",
    "coordinates": [
     [
      [
       194443.833,
       547033.656
      ],
      [
       194382.983,
       546986.115
      ],
      [
       194375.593,
       546995.566
      ],
      [
       194436.633,
       547043.256
      ],
      [
       194443.833,
       547033.656
      ]
     ]
    ]
   },
   "properties": {
    "label": "기존건물",
    "height_m": 16.0
   }
  },
  {
   "type": "Feature",
   "geometry": {
    "type": "Polygon",
    "coordinates": [
     [
      [
       193927.423,
       547029.786
      ],
      [
       193930.923,
       547025.516
      ],
      [
       193931.863,
       547026.286
      ],
      [
       193934.013,
       547023.666
      ],
      [
       193932.733,
       547022.616
      ],
      [
       193939.963,
       547013.786
      ],
      [
       193913.453,
       546993.156
      ],
      [
       193901.023,
       547009.125
      ],
      [
       193927.423,
       547029.786
      ]
     ]
    ]
   },
   "properties": {
    "label": "기존건물",
    "height_m": 14.0
   }
  },
  {
   "type": "Feature",
   "geometry": {
    "type": "Polygon",
    "coordinates": [
     [
      [
       194129.923,
       546791.106
      ],
      [
       194094.993,
       546763.485
      ],
      [
       194082.613,
       546779.126
      ],
      [
       194117.563,
       546806.745
      ],
      [
       194129.923,
       546791.106
      ]
     ]
    ]
   },
   "properties": {
    "label": "기존건물",
    "height_m": 12.0
   }
  },
  {
   "type": "Feature",
   "geometry": {
    "type": "Polygon",
    "coordinates": [
     [
      [
       194084.842,
       546610.235
      ],
      [
       194074.663,
       546602.185
      ],
      [
       194069.543,
       546608.665
      ],
      [
       194066.213,
       546612.975
      ],
      [
       194069.534,
       546615.615
      ],
      [
       194076.743,
       546621.345
      ],
      [
       194084.842,
       546610.235
      ]
     ]
    ]
   },
   "properties": {
    "label": "기존건물",
    "height_m": 22.0
   }
  },
  {
   "type": "Feature",
   "geometry": {
    "type": "Polygon",
    "coordinates": [
     [
      [
       193981.923,
       547099.516
      ],
      [
       193991.773,
       547087.036
      ],
      [
       193992.733,
       547087.776
      ],
      [
       193993.263,
       547087.075
      ],
      [
       194000.313,
       547092.475
      ],
      [
       194011.863,
       547077.355
      ],
      [
       193987.393,
       547058.475
      ],
      [
       193965.543,
       547086.856
      ],
      [
       193981.923,
       547099.516
      ]
     ]
    ]
   },
   "properties": {
    "label": "기존건물",
    "height_m": 44.0
   }
  },
  {
   "type": "Feature",
   "geometry": {
    "type": "Polygon",
    "coordinates": [
     [
      [
       194198.223,
       546464.126
      ],
      [
       194207.183,
       546453.596
      ],
      [
       194200.263,
       546449.196
      ],
      [
       194197.663,
       546448.766
      ],
      [
       194194.553,
       546449.076
      ],
      [
       194191.883,
       546452.146
      ],
      [
       194188.283,
       546456.725
      ],
      [
       194187.423,
       546456.055
      ],
      [
       194172.623,
       546475.415
      ],
      [
       194174.333,
       546476.726
      ],
      [
       194172.593,
       546478.996
      ],
      [
       194188.863,
       546491.366
      ],
      [
       194205.023,
       546470.176
      ],
      [
       194198.223,
       546464.126
      ]
     ]
    ]
   },
   "properties": {
    "label": "기존건물",
    "height_m": 47.8
   }
  },
  {
   "type": "Feature",
   "geometry": {
    "type": "Polygon",
    "coordinates": [
     [
      [
       193850.463,
       546691.556
      ],
      [
       193837.993,
       546682.136
      ],
      [
       193819.783,
       546705.695
      ],
      [
       193832.363,
       546715.436
      ],
      [
       193850.463,
       546691.556
      ]
     ]
    ]
   },
   "properties": {
    "label": "기존건물",
    "height_m": 34.0
   }
  },
  {
   "type": "Feature",
   "geometry": {
    "type": "Polygon",
    "coordinates": [
     [
      [
       194091.313,
       546651.045
      ],
      [
       194130.853,
       546600.115
      ],
      [
       194130.303,
       546599.695
      ],
      [
       194130.403,
       546599.565
      ],
      [
       194118.263,
       546590.145
      ],
      [
       194078.533,
       546640.985
      ],
      [
       194079.403,
       546641.535
      ],
      [
       194078.833,
       546642.395
      ],
      [
       194083.003,
       546645.145
      ],
      [
       194083.223,
       546644.805
      ],
      [
       194084.643,
       546645.745
      ],
      [
       194084.313,
       546646.245
      ],
      [
       194090.403,
       546650.895
      ],
      [
       194090.663,
       546650.555
      ],
      [
       194091.313,
       546651.045
      ]
     ]
    ]
   },
   "properties": {
    "label": "기존건물",
    "height_m": 22.0
   }
  },
  {
   "type": "Feature",
   "geometry": {
    "type": "Polygon",
    "coordinates": [
     [
      [
       194058.383,
       546676.676
      ],
      [
       194058.763,
       546676.116
      ],
      [
       194059.033,
       546676.296
      ],
      [
       194060.293,
       546674.446
      ],
      [
       194062.893,
       546676.206
      ],
      [
       194063.183,
       546676.136
      ],
      [
       194063.213,
       546676.236
      ],
      [
       194064.013,
       546676.046
      ],
      [
       194064.313,
       546675.666
      ],
      [
       194064.633,
       546675.916
      ],
      [
       194068.243,
       546671.216
      ],
      [
       194069.593,
       546672.256
      ],
      [
       194070.703,
       546672.866
      ],
      [
       194070.773,
       546672.736
      ],
      [
       194071.313,
       546673.036
      ],
      [
       194071.543,
       546673.196
      ],
      [
       194071.993,
       546672.566
      ],
      [
       194072.393,
       546672.856
      ],
      [
       194080.603,
       546662.066
      ],
      [
       194080.323,
       546661.866
      ],
      [
       194080.583,
       546661.496
      ],
      [
       194069.573,
       546653.226
      ],
      [
       194064.443,
       546649.356
      ],
      [
       194065.543,
       546647.946
      ],
      [
       194061.283,
       546644.636
      ],
      [
       194060.403,
       546645.766
      ],
      [
       194050.013,
       546637.686
      ],
      [
       194049.733,
       546638.046
      ],
      [
       194049.373,
       546637.766
      ],
      [
       194049.223,
       546637.956
      ],
      [
       194036.733,
       546654.165
      ],
      [
       194037.103,
       546654.445
      ],
      [
       194036.843,
       546654.785
      ],
      [
       194036.583,
       546655.135
      ],
      [
       194037.223,
       546655.595
      ],
      [
       194037.003,
       546655.885
      ],
      [
       194039.253,
       546657.515
      ],
      [
       194037.763,
       546659.565
      ],
      [
       194037.833,
       546659.775
      ],
      [
       194037.593,
       546659.845
      ],
      [
       194037.863,
       546660.705
      ],
      [
       194038.273,
       546660.975
      ],
      [
       194038.073,
       546661.275
      ],
      [
       194058.383,
       546676.676
      ]
     ]
    ]
   },
   "properties": {
    "label": "기존건물",
    "height_m": 21.5
   }
  },
  {
   "type": "Feature",
   "geometry": {
    "type": "Polygon",
    "coordinates": [
     [
      [
       194070.773,
       546515.485
      ],
      [
       194085.043,
       546497.175
      ],
      [
       194074.903,
       546489.095
      ],
      [
       194069.462,
       546495.965
      ],
      [
       194068.482,
       546497.205
      ],
      [
       194068.263,
       546497.025
      ],
      [
       194057.313,
       546488.176
      ],
      [
       194055.483,
       546490.446
      ],
      [
       194057.733,
       546492.256
      ],
      [
       194056.493,
       546493.786
      ],
      [
       194053.883,
       546491.836
      ],
      [
       194048.883,
       546498.496
      ],
      [
       194049.343,
       546498.846
      ],
      [
       194069.483,
       546514.475
      ],
      [
       194070.773,
       546515.485
      ]
     ]
    ]
   },
   "properties": {
    "label": "기존건물",
    "height_m": 26.0
   }
  },
  {
   "type": "Feature",
   "geometry": {
    "type": "Polygon",
    "coordinates": [
     [
      [
       193860.363,
       546761.096
      ],
      [
       193846.543,
       546750.936
      ],
      [
       193828.743,
       546775.976
      ],
      [
       193841.823,
       546785.895
      ],
      [
       193860.363,
       546761.096
      ]
     ]
    ]
   },
   "properties": {
    "label": "기존건물",
    "height_m": 28.0
   }
  },
  {
   "type": "Feature",
   "geometry": {
    "type": "Polygon",
    "coordinates": [
     [
      [
       193813.873,
       546698.695
      ],
      [
       193816.523,
       546694.985
      ],
      [
       193819.913,
       546697.406
      ],
      [
       193820.083,
       546697.176
      ],
      [
       193828.463,
       546686.776
      ],
      [
       193828.463,
       546686.166
      ],
      [
       193825.563,
       546683.886
      ],
      [
       193828.313,
       546680.206
      ],
      [
       193828.152,
       546678.556
      ],
      [
       193817.023,
       546670.036
      ],
      [
       193815.363,
       546670.156
      ],
      [
       193801.023,
       546688.775
      ],
      [
       193801.223,
       546690.195
      ],
      [
       193812.323,
       546698.815
      ],
      [
       193813.873,
       546698.695
      ]
     ]
    ]
   },
   "properties": {
    "label": "기존건물",
    "height_m": 41.0
   }
  },
  {
   "type": "Feature",
   "geometry": {
    "type": "Polygon",
    "coordinates": [
     [
      [
       194321.713,
       547032.666
      ],
      [
       194294.153,
       547011.206
      ],
      [
       194279.983,
       547029.395
      ],
      [
       194289.663,
       547036.935
      ],
      [
       194307.633,
       547050.775
      ],
      [
       194318.433,
       547036.926
      ],
      [
       194321.713,
       547032.666
      ]
     ]
    ]
   },
   "properties": {
    "label": "기존건물",
    "height_m": 13.0
   }
  },
  {
   "type": "Feature",
   "geometry": {
    "type": "Polygon",
    "coordinates": [
     [
      [
       194324.653,
       547081.115
      ],
      [
       194305.953,
       547065.925
      ],
      [
       194292.943,
       547081.906
      ],
      [
       194290.663,
       547086.076
      ],
      [
       194289.273,
       547089.816
      ],
      [
       194288.553,
       547094.196
      ],
      [
       194288.813,
       547098.106
      ],
      [
       194289.633,
       547100.426
      ],
      [
       194291.483,
       547102.746
      ],
      [
       194294.723,
       547103.816
      ],
      [
       194299.593,
       547103.506
      ],
      [
       194305.193,
       547101.706
      ],
      [
       194311.223,
       547096.755
      ],
      [
       194321.413,
       547085.315
      ],
      [
       194324.653,
       547081.115
      ]
     ]
    ]
   },
   "properties": {
    "label": "기존건물",
    "height_m": 15.0
   }
  },
  {
   "type": "Feature",
   "geometry": {
    "type": "Polygon",
    "coordinates": [
     [
      [
       194622.163,
       546902.576
      ],
      [
       194623.393,
       546901.016
      ],
      [
       194624.352,
       546901.136
      ],
      [
       194624.832,
       546901.136
      ],
      [
       194625.352,
       546901.096
      ],
      [
       194625.933,
       546900.836
      ],
      [
       194626.223,
       546900.346
      ],
      [
       194626.513,
       546899.836
      ],
      [
       194626.663,
       546899.166
      ],
      [
       194626.662,
       546898.556
      ],
      [
       194626.473,
       546897.916
      ],
      [
       194625.942,
       546897.516
      ],
      [
       194625.063,
       546897.136
      ],
      [
       194624.603,
       546897.036
      ],
      [
       194623.823,
       546897.076
      ],
      [
       194623.193,
       546897.816
      ],
      [
       194622.582,
       546897.286
      ],
      [
       194626.733,
       546891.766
      ],
      [
       194607.593,
       546876.476
      ],
      [
       194583.173,
       546907.986
      ],
      [
       194605.223,
       546925.475
      ],
      [
       194622.913,
       546903.166
      ],
      [
       194622.163,
       546902.576
      ]
     ]
    ]
   },
   "properties": {
    "label": "기존건물",
    "height_m": 20.1
   }
  },
  {
   "type": "Feature",
   "geometry": {
    "type": "Polygon",
    "coordinates": [
     [
      [
       194069.863,
       547065.746
      ],
      [
       194064.743,
       547061.695
      ],
      [
       194054.073,
       547075.215
      ],
      [
       194069.863,
       547087.625
      ],
      [
       194099.923,
       547111.296
      ],
      [
       194110.582,
       547097.766
      ],
      [
       194069.863,
       547065.746
      ]
     ]
    ]
   },
   "properties": {
    "label": "기존건물",
    "height_m": 11.0
   }
  },
  {
   "type": "Feature",
   "geometry": {
    "type": "Polygon",
    "coordinates": [
     [
      [
       194437.455,
       546692.654
      ],
      [
       194446.991,
       546700.048
      ],
      [
       194475.69,
       546722.346
      ],
      [
       194475.783,
       546722.406
      ],
      [
       194470.293,
       546729.466
      ],
      [
       194473.393,
       546731.866
      ],
      [
       194496.503,
       546702.115
      ],
      [
       194451.443,
       546667.096
      ],
      [
       194433.803,
       546689.805
      ],
      [
       194437.455,
       546692.654
      ]
     ]
    ]
   },
   "properties": {
    "label": "기존건물",
    "height_m": 38.4
   }
  },
  {
   "type": "Feature",
   "geometry": {
    "type": "Polygon",
    "coordinates": [
     [
      [
       194299.313,
       547044.425
      ],
      [
       194297.183,
       547042.785
      ],
      [
       194295.523,
       547044.945
      ],
      [
       194297.663,
       547046.575
      ],
      [
       194299.313,
       547044.425
      ]
     ]
    ]
   },
   "properties": {
    "label": "기존건물",
    "height_m": 19.95
   }
  },
  {
   "type": "Feature",
   "geometry": {
    "type": "Polygon",
    "coordinates": [
     [
      [
       194288.183,
       547035.815
      ],
      [
       194281.853,
       547031.035
      ],
      [
       194280.303,
       547033.085
      ],
      [
       194283.813,
       547035.725
      ],
      [
       194284.703,
       547036.065
      ],
      [
       194285.893,
       547036.215
      ],
      [
       194286.893,
       547036.205
      ],
      [
       194287.693,
       547036.075
      ],
      [
       194288.183,
       547035.815
      ]
     ]
    ]
   },
   "properties": {
    "label": "기존건물",
    "height_m": 15.0
   }
  },
  {
   "type": "Feature",
   "geometry": {
    "type": "Polygon",
    "coordinates": [
     [
      [
       194265.863,
       547087.705
      ],
      [
       194255.453,
       547079.635
      ],
      [
       194252.773,
       547083.285
      ],
      [
       194263.093,
       547091.285
      ],
      [
       194265.863,
       547087.705
      ]
     ]
    ]
   },
   "properties": {
    "label": "기존건물",
    "height_m": 15.0
   }
  },
  {
   "type": "Feature",
   "geometry": {
    "type": "Polygon",
    "coordinates": [
     [
      [
       194180.873,
       546530.876
      ],
      [
       194187.833,
       546522.136
      ],
      [
       194190.303,
       546524.096
      ],
      [
       194191.833,
       546521.896
      ],
      [
       194181.903,
       546514.206
      ],
      [
       194181.623,
       546512.466
      ],
      [
       194181.903,
       546512.416
      ],
      [
       194181.793,
       546511.776
      ],
      [
       194185.223,
       546507.456
      ],
      [
       194187.533,
       546509.496
      ],
      [
       194189.243,
       546507.656
      ],
      [
       194188.342,
       546497.846
      ],
      [
       194169.133,
       546482.146
      ],
      [
       194168.243,
       546481.456
      ],
      [
       194147.423,
       546509.215
      ],
      [
       194160.133,
       546519.135
      ],
      [
       194161.743,
       546516.955
      ],
      [
       194173.493,
       546525.656
      ],
      [
       194173.783,
       546525.286
      ],
      [
       194180.873,
       546530.876
      ]
     ]
    ]
   },
   "properties": {
    "label": "기존건물",
    "height_m": 22.2
   }
  },
  {
   "type": "Feature",
   "geometry": {
    "type": "Polygon",
    "coordinates": [
     [
      [
       193970.463,
       546565.315
      ],
      [
       193976.393,
       546557.725
      ],
      [
       193975.583,
       546555.835
      ],
      [
       193977.193,
       546553.785
      ],
      [
       193974.433,
       546546.705
      ],
      [
       193961.403,
       546563.436
      ],
      [
       193947.223,
       546552.356
      ],
      [
       193942.043,
       546558.986
      ],
      [
       193945.753,
       546561.806
      ],
      [
       193943.523,
       546564.696
      ],
      [
       193960.733,
       546577.936
      ],
      [
       193962.273,
       546581.686
      ],
      [
       193972.023,
       546569.196
      ],
      [
       193970.463,
       546565.315
      ]
     ]
    ]
   },
   "properties": {
    "label": "기존건물",
    "height_m": 22.0
   }
  },
  {
   "type": "Feature",
   "geometry": {
    "type": "Polygon",
    "coordinates": [
     [
      [
       194064.923,
       546487.665
      ],
      [
       194068.503,
       546482.885
      ],
      [
       194069.453,
       546483.595
      ],
      [
       194072.543,
       546486.005
      ],
      [
       194075.493,
       546482.235
      ],
      [
       194076.993,
       546480.245
      ],
      [
       194069.453,
       546474.395
      ],
      [
       194066.613,
       546472.175
      ],
      [
       194058.713,
       546482.215
      ],
      [
       194058.323,
       546482.706
      ],
      [
       194064.923,
       546487.665
      ]
     ]
    ]
   },
   "properties": {
    "label": "기존건물",
    "height_m": 13.6
   }
  },
  {
   "type": "Feature",
   "geometry": {
    "type": "Polygon",
    "coordinates": [
     [
      [
       194408.343,
       547066.156
      ],
      [
       194404.103,
       547062.966
      ],
      [
       194400.003,
       547068.396
      ],
      [
       194404.243,
       547071.596
      ],
      [
       194408.343,
       547066.156
      ]
     ]
    ]
   },
   "properties": {
    "label": "기존건물",
    "height_m": 1.0
   }
  },
  {
   "type": "Feature",
   "geometry": {
    "type": "Polygon",
    "coordinates": [
     [
      [
       194401.303,
       547087.266
      ],
      [
       194398.183,
       547084.886
      ],
      [
       194393.943,
       547090.426
      ],
      [
       194397.063,
       547092.806
      ],
      [
       194401.303,
       547087.266
      ]
     ]
    ]
   },
   "properties": {
    "label": "기존건물",
    "height_m": 1.0
   }
  },
  {
   "type": "Feature",
   "geometry": {
    "type": "Polygon",
    "coordinates": [
     [
      [
       194380.959,
       547103.004
      ],
      [
       194371.874,
       547095.591
      ],
      [
       194369.486,
       547098.841
      ],
      [
       194378.571,
       547106.255
      ],
      [
       194380.959,
       547103.004
      ]
     ]
    ]
   },
   "properties": {
    "label": "기존건물",
    "height_m": 4.0
   }
  },
  {
   "type": "Feature",
   "geometry": {
    "type": "Polygon",
    "coordinates": [
     [
      [
       193894.093,
       546989.545
      ],
      [
       193885.783,
       546983.305
      ],
      [
       193843.653,
       547037.255
      ],
      [
       193817.633,
       547070.555
      ],
      [
       193825.963,
       547077.065
      ],
      [
       193855.412,
       547039.365
      ],
      [
       193856.203,
       547038.355
      ],
      [
       193881.603,
       547005.866
      ],
      [
       193891.303,
       546993.255
      ],
      [
       193894.093,
       546989.545
      ]
     ]
    ]
   },
   "properties": {
    "label": "기존건물",
    "height_m": 44.0
   }
  },
  {
   "type": "Feature",
   "geometry": {
    "type": "Polygon",
    "coordinates": [
     [
      [
       194240.452,
       547093.545
      ],
      [
       194230.023,
       547085.486
      ],
      [
       194172.843,
       547159.295
      ],
      [
       194183.253,
       547167.425
      ],
      [
       194240.452,
       547093.545
      ]
     ]
    ]
   },
   "properties": {
    "label": "기존건물",
    "height_m": 41.2
   }
  },
  {
   "type": "Feature",
   "geometry": {
    "type": "Polygon",
    "coordinates": [
     [
      [
       194271.043,
       547097.255
      ],
      [
       194283.573,
       547081.526
      ],
      [
       194283.583,
       547081.016
      ],
      [
       194283.463,
       547080.386
      ],
      [
       194283.103,
       547079.726
      ],
      [
       194282.423,
       547079.376
      ],
      [
       194281.553,
       547079.396
      ],
      [
       194280.863,
       547079.656
      ],
      [
       194280.453,
       547080.156
      ],
      [
       194277.093,
       547084.486
      ],
      [
       194272.003,
       547080.556
      ],
      [
       194263.513,
       547091.255
      ],
      [
       194271.043,
       547097.255
      ]
     ]
    ]
   },
   "properties": {
    "label": "기존건물",
    "height_m": 19.95
   }
  },
  {
   "type": "Feature",
   "geometry": {
    "type": "Polygon",
    "coordinates": [
     [
      [
       194217.125,
       546463.845
      ],
      [
       194220.147,
       546459.733
      ],
      [
       194223.842,
       546460.135
      ],
      [
       194223.971,
       546458.941
      ],
      [
       194224.938,
       546459.047
      ],
      [
       194225.664,
       546452.373
      ],
      [
       194217.566,
       546451.734
      ],
      [
       194213.742,
       546451.073
      ],
      [
       194209.572,
       546456.588
      ],
      [
       194209.874,
       546456.817
      ],
      [
       194203.556,
       546465.562
      ],
      [
       194220.219,
       546477.849
      ],
      [
       194225.625,
       546470.516
      ],
      [
       194217.125,
       546463.845
      ]
     ]
    ]
   },
   "properties": {
    "label": "기존건물",
    "height_m": 21.7
   }
  },
  {
   "type": "Feature",
   "geometry": {
    "type": "Polygon",
    "coordinates": [
     [
      [
       194247.296,
       547071.185
      ],
      [
       194257.133,
       547080.655
      ],
      [
       194266.163,
       547087.645
      ],
      [
       194267.813,
       547085.506
      ],
      [
       194259.983,
       547079.445
      ],
      [
       194251.093,
       547070.385
      ],
      [
       194251.133,
       547069.635
      ],
      [
       194251.073,
       547069.035
      ],
      [
       194250.853,
       547068.545
      ],
      [
       194249.993,
       547067.795
      ],
      [
       194247.296,
       547071.185
      ]
     ]
    ]
   },
   "properties": {
    "label": "기존건물",
    "height_m": 15.0
   }
  },
  {
   "type": "Feature",
   "geometry": {
    "type": "Polygon",
    "coordinates": [
     [
      [
       194461.323,
       547048.156
      ],
      [
       194457.672,
       547044.846
      ],
      [
       194451.593,
       547051.646
      ],
      [
       194455.273,
       547054.926
      ],
      [
       194461.323,
       547048.156
      ]
     ]
    ]
   },
   "properties": {
    "label": "기존건물",
    "height_m": 4.0
   }
  },
  {
   "type": "Feature",
   "geometry": {
    "type": "Polygon",
    "coordinates": [
     [
      [
       194427.713,
       547036.445
      ],
      [
       194421.273,
       547031.365
      ],
      [
       194420.093,
       547032.855
      ],
      [
       194424.963,
       547036.755
      ],
      [
       194425.033,
       547036.845
      ],
      [
       194426.153,
       547038.355
      ],
      [
       194426.663,
       547040.005
      ],
      [
       194426.963,
       547041.865
      ],
      [
       194427.053,
       547043.135
      ],
      [
       194427.043,
       547043.775
      ],
      [
       194426.893,
       547044.235
      ],
      [
       194422.913,
       547053.585
      ],
      [
       194422.353,
       547054.485
      ],
      [
       194419.363,
       547058.375
      ],
      [
       194422.436,
       547060.596
      ],
      [
       194426.203,
       547055.685
      ],
      [
       194425.103,
       547054.885
      ],
      [
       194429.563,
       547044.555
      ],
      [
       194429.683,
       547044.055
      ],
      [
       194429.643,
       547043.215
      ],
      [
       194429.413,
       547041.015
      ],
      [
       194429.223,
       547039.595
      ],
      [
       194428.933,
       547038.925
      ],
      [
       194428.283,
       547037.655
      ],
      [
       194427.903,
       547036.845
      ],
      [
       194427.713,
       547036.445
      ]
     ]
    ]
   },
   "properties": {
    "label": "기존건물",
    "height_m": 16.0
   }
  },
  {
   "type": "Feature",
   "geometry": {
    "type": "Polygon",
    "coordinates": [
     [
      [
       193954.793,
       547037.176
      ],
      [
       193947.113,
       547031.126
      ],
      [
       193942.353,
       547037.176
      ],
      [
       193878.953,
       547118.376
      ],
      [
       193887.353,
       547124.935
      ],
      [
       193918.463,
       547085.216
      ],
      [
       193921.393,
       547081.376
      ],
      [
       193953.733,
       547039.626
      ],
      [
       193955.313,
       547037.586
      ],
      [
       193954.793,
       547037.176
      ]
     ]
    ]
   },
   "properties": {
    "label": "기존건물",
    "height_m": 44.0
   }
  },
  {
   "type": "Feature",
   "geometry": {
    "type": "Polygon",
    "coordinates": [
     [
      [
       194134.213,
       547129.275
      ],
      [
       194136.033,
       547126.926
      ],
      [
       194137.053,
       547127.726
      ],
      [
       194146.643,
       547115.365
      ],
      [
       194150.704,
       547118.576
      ],
      [
       194153.634,
       547114.796
      ],
      [
       194149.373,
       547111.435
      ],
      [
       194178.033,
       547074.485
      ],
      [
       194182.478,
       547077.89
      ],
      [
       194185.408,
       547074.1
      ],
      [
       194180.963,
       547070.685
      ],
      [
       194190.723,
       547058.386
      ],
      [
       194189.693,
       547057.575
      ],
      [
       194191.343,
       547055.496
      ],
      [
       194182.893,
       547048.805
      ],
      [
       194125.653,
       547122.636
      ],
      [
       194134.213,
       547129.275
      ]
     ]
    ]
   },
   "properties": {
    "label": "기존건물",
    "height_m": 41.2
   }
  },
  {
   "type": "Feature",
   "geometry": {
    "type": "Polygon",
    "coordinates": [
     [
      [
       193870.963,
       547111.846
      ],
      [
       193836.363,
       547084.766
      ],
      [
       193835.873,
       547085.306
      ],
      [
       193835.693,
       547085.136
      ],
      [
       193829.573,
       547092.925
      ],
      [
       193847.062,
       547106.546
      ],
      [
       193843.722,
       547110.835
      ],
      [
       193847.443,
       547113.736
      ],
      [
       193850.663,
       547109.596
      ],
      [
       193866.073,
       547121.326
      ],
      [
       193867.023,
       547120.096
      ],
      [
       193865.753,
       547119.126
      ],
      [
       193870.743,
       547112.586
      ],
      [
       193870.523,
       547112.416
      ],
      [
       193870.963,
       547111.846
      ]
     ]
    ]
   },
   "properties": {
    "label": "기존건물",
    "height_m": 44.0
   }
  },
  {
   "type": "Feature",
   "geometry": {
    "type": "Polygon",
    "coordinates": [
     [
      [
       194079.833,
       546911.846
      ],
      [
       194071.113,
       546904.846
      ],
      [
       194069.753,
       546906.536
      ],
      [
       193984.733,
       547016.006
      ],
      [
       193993.533,
       547022.846
      ],
      [
       194056.333,
       546941.645
      ],
      [
       194077.073,
       546915.276
      ],
      [
       194079.833,
       546911.846
      ]
     ]
    ]
   },
   "properties": {
    "label": "기존건물",
    "height_m": 35.6
   }
  },
  {
   "type": "Feature",
   "geometry": {
    "type": "Polygon",
    "coordinates": [
     [
      [
       194010.953,
       546927.526
      ],
      [
       193983.133,
       546905.705
      ],
      [
       193976.223,
       546914.505
      ],
      [
       193998.303,
       546931.975
      ],
      [
       194004.123,
       546936.436
      ],
      [
       194010.953,
       546927.526
      ]
     ]
    ]
   },
   "properties": {
    "label": "기존건물",
    "height_m": 35.6
   }
  },
  {
   "type": "Feature",
   "geometry": {
    "type": "Polygon",
    "coordinates": [
     [
      [
       194000.023,
       546852.316
      ],
      [
       193991.693,
       546845.956
      ],
      [
       193991.543,
       546846.166
      ],
      [
       193991.313,
       546845.996
      ],
      [
       193907.462,
       546953.496
      ],
      [
       193907.773,
       546953.646
      ],
      [
       193907.613,
       546953.966
      ],
      [
       193916.043,
       546960.366
      ],
      [
       193963.753,
       546898.985
      ],
      [
       194000.023,
       546852.316
      ]
     ]
    ]
   },
   "properties": {
    "label": "기존건물",
    "height_m": 35.6
   }
  },
  {
   "type": "Feature",
   "geometry": {
    "type": "Polygon",
    "coordinates": [
     [
      [
       194261.993,
       546681.196
      ],
      [
       194252.993,
       546673.916
      ],
      [
       194182.073,
       546765.576
      ],
      [
       194191.143,
       546772.436
      ],
      [
       194229.472,
       546723.186
      ],
      [
       194261.993,
       546681.196
      ]
     ]
    ]
   },
   "properties": {
    "label": "기존건물",
    "height_m": 35.6
   }
  },
  {
   "type": "Feature",
   "geometry": {
    "type": "Polygon",
    "coordinates": [
     [
      [
       194181.743,
       546619.066
      ],
      [
       194172.803,
       546611.896
      ],
      [
       194160.313,
       546629.156
      ],
      [
       194101.663,
       546703.226
      ],
      [
       194110.733,
       546710.276
      ],
      [
       194150.173,
       546659.715
      ],
      [
       194180.044,
       546621.186
      ],
      [
       194181.743,
       546619.066
      ]
     ]
    ]
   },
   "properties": {
    "label": "기존건물",
    "height_m": 35.6
   }
  },
  {
   "type": "Feature",
   "geometry": {
    "type": "Polygon",
    "coordinates": [
     [
      [
       194154.713,
       546815.376
      ],
      [
       194146.363,
       546808.826
      ],
      [
       194079.323,
       546894.746
      ],
      [
       194079.563,
       546894.906
      ],
      [
       194079.413,
       546895.135
      ],
      [
       194087.593,
       546901.555
      ],
      [
       194120.693,
       546859.345
      ],
      [
       194154.713,
       546815.376
      ]
     ]
    ]
   },
   "properties": {
    "label": "기존건물",
    "height_m": 35.6
   }
  },
  {
   "type": "Feature",
   "geometry": {
    "type": "Polygon",
    "coordinates": [
     [
      [
       194308.023,
       546540.396
      ],
      [
       194298.063,
       546533.056
      ],
      [
       194258.232,
       546584.045
      ],
      [
       194268.613,
       546591.376
      ],
      [
       194308.023,
       546540.396
      ]
     ]
    ]
   },
   "properties": {
    "label": "기존건물",
    "height_m": 35.6
   }
  },
  {
   "type": "Feature",
   "geometry": {
    "type": "Polygon",
    "coordinates": [
     [
      [
       194366.913,
       546914.396
      ],
      [
       194368.923,
       546911.846
      ],
      [
       194370.473,
       546913.056
      ],
      [
       194383.743,
       546896.096
      ],
      [
       194388.203,
       546899.585
      ],
      [
       194391.543,
       546895.355
      ],
      [
       194387.012,
       546891.775
      ],
      [
       194399.423,
       546876.015
      ],
      [
       194397.913,
       546874.825
      ],
      [
       194399.953,
       546872.245
      ],
      [
       194392.323,
       546866.205
      ],
      [
       194359.402,
       546908.515
      ],
      [
       194366.913,
       546914.396
      ]
     ]
    ]
   },
   "properties": {
    "label": "기존건물",
    "height_m": 35.6
   }
  },
  {
   "type": "Feature",
   "geometry": {
    "type": "Polygon",
    "coordinates": [
     [
      [
       194495.192,
       546838.025
      ],
      [
       194496.923,
       546835.765
      ],
      [
       194498.482,
       546836.955
      ],
      [
       194511.213,
       546820.356
      ],
      [
       194511.663,
       546820.696
      ],
      [
       194516.093,
       546823.956
      ],
      [
       194519.343,
       546819.726
      ],
      [
       194514.653,
       546816.116
      ],
      [
       194527.073,
       546799.976
      ],
      [
       194525.623,
       546798.825
      ],
      [
       194527.513,
       546796.456
      ],
      [
       194520.483,
       546790.876
      ],
      [
       194511.533,
       546802.166
      ],
      [
       194488.283,
       546832.715
      ],
      [
       194495.192,
       546838.025
      ]
     ]
    ]
   },
   "properties": {
    "label": "기존건물",
    "height_m": 35.6
   }
  },
  {
   "type": "Feature",
   "geometry": {
    "type": "Polygon",
    "coordinates": [
     [
      [
       194403.923,
       546867.196
      ],
      [
       194405.903,
       546864.666
      ],
      [
       194407.533,
       546865.946
      ],
      [
       194420.313,
       546849.436
      ],
      [
       194424.863,
       546852.956
      ],
      [
       194428.163,
       546848.686
      ],
      [
       194423.443,
       546844.936
      ],
      [
       194436.113,
       546829.025
      ],
      [
       194434.593,
       546827.815
      ],
      [
       194436.493,
       546825.425
      ],
      [
       194429.473,
       546819.835
      ],
      [
       194396.773,
       546861.595
      ],
      [
       194403.923,
       546867.196
      ]
     ]
    ]
   },
   "properties": {
    "label": "기존건물",
    "height_m": 35.6
   }
  },
  {
   "type": "Feature",
   "geometry": {
    "type": "Polygon",
    "coordinates": [
     [
      [
       194502.523,
       547001.126
      ],
      [
       194504.353,
       546998.726
      ],
      [
       194505.223,
       546999.385
      ],
      [
       194505.713,
       546998.755
      ],
      [
       194506.413,
       546999.296
      ],
      [
       194511.773,
       546992.305
      ],
      [
       194519.883,
       546981.145
      ],
      [
       194525.033,
       546984.885
      ],
      [
       194528.293,
       546980.776
      ],
      [
       194523.543,
       546977.016
      ],
      [
       194535.783,
       546961.566
      ],
      [
       194535.133,
       546961.066
      ],
      [
       194535.613,
       546960.466
      ],
      [
       194534.753,
       546959.796
      ],
      [
       194536.723,
       546957.256
      ],
      [
       194530.543,
       546952.456
      ],
      [
       194511.783,
       546976.625
      ],
      [
       194496.513,
       546996.516
      ],
      [
       194502.523,
       547001.126
      ]
     ]
    ]
   },
   "properties": {
    "label": "기존건물",
    "height_m": 35.6
   }
  },
  {
   "type": "Feature",
   "geometry": {
    "type": "Polygon",
    "coordinates": [
     [
      [
       194408.493,
       546947.196
      ],
      [
       194410.313,
       546944.776
      ],
      [
       194411.243,
       546945.475
      ],
      [
       194411.633,
       546944.956
      ],
      [
       194412.362,
       546945.505
      ],
      [
       194426.013,
       546927.375
      ],
      [
       194430.982,
       546931.115
      ],
      [
       194434.153,
       546927.056
      ],
      [
       194429.483,
       546923.405
      ],
      [
       194441.733,
       546907.736
      ],
      [
       194441.063,
       546907.246
      ],
      [
       194441.573,
       546906.546
      ],
      [
       194440.673,
       546905.896
      ],
      [
       194442.603,
       546903.286
      ],
      [
       194436.463,
       546898.766
      ],
      [
       194402.273,
       546942.506
      ],
      [
       194408.493,
       546947.196
      ]
     ]
    ]
   },
   "properties": {
    "label": "기존건물",
    "height_m": 7.6
   }
  },
  {
   "type": "Feature",
   "geometry": {
    "type": "Polygon",
    "coordinates": [
     [
      [
       194451.303,
       546980.755
      ],
      [
       194453.113,
       546978.435
      ],
      [
       194454.573,
       546979.565
      ],
      [
       194467.433,
       546962.996
      ],
      [
       194472.233,
       546966.366
      ],
      [
       194475.263,
       546962.426
      ],
      [
       194470.723,
       546958.916
      ],
      [
       194483.313,
       546942.605
      ],
      [
       194481.703,
       546941.365
      ],
      [
       194483.603,
       546938.885
      ],
      [
       194476.603,
       546933.495
      ],
      [
       194444.373,
       546975.385
      ],
      [
       194451.303,
       546980.755
      ]
     ]
    ]
   },
   "properties": {
    "label": "기존건물",
    "height_m": 35.6
   }
  },
  {
   "type": "Feature",
   "geometry": {
    "type": "Polygon",
    "coordinates": [
     [
      [
       194298.333,
       546828.155
      ],
      [
       194300.373,
       546825.525
      ],
      [
       194301.833,
       546826.645
      ],
      [
       194315.183,
       546809.696
      ],
      [
       194319.783,
       546813.326
      ],
      [
       194323.123,
       546809.086
      ],
      [
       194318.522,
       546805.586
      ],
      [
       194330.733,
       546789.576
      ],
      [
       194329.253,
       546788.446
      ],
      [
       194331.313,
       546785.735
      ],
      [
       194323.503,
       546779.776
      ],
      [
       194290.633,
       546822.186
      ],
      [
       194298.333,
       546828.155
      ]
     ]
    ]
   },
   "properties": {
    "label": "기존건물",
    "height_m": 35.6
   }
  },
  {
   "type": "Feature",
   "geometry": {
    "type": "Polygon",
    "coordinates": [
     [
      [
       194362.503,
       546657.296
      ],
      [
       194364.573,
       546654.616
      ],
      [
       194366.183,
       546655.866
      ],
      [
       194379.433,
       546638.716
      ],
      [
       194384.143,
       546642.345
      ],
      [
       194387.434,
       546638.085
      ],
      [
       194382.793,
       546634.495
      ],
      [
       194395.053,
       546618.635
      ],
      [
       194393.503,
       546617.415
      ],
      [
       194395.563,
       546614.785
      ],
      [
       194388.163,
       546608.985
      ],
      [
       194354.933,
       546651.365
      ],
      [
       194362.503,
       546657.296
      ]
     ]
    ]
   },
   "properties": {
    "label": "기존건물",
    "height_m": 7.6
   }
  },
  {
   "type": "Feature",
   "geometry": {
    "type": "Polygon",
    "coordinates": [
     [
      [
       194240.653,
       546813.565
      ],
      [
       194242.613,
       546811.025
      ],
      [
       194244.113,
       546812.185
      ],
      [
       194257.223,
       546795.206
      ],
      [
       194262.083,
       546798.796
      ],
      [
       194265.363,
       546794.616
      ],
      [
       194260.643,
       546790.926
      ],
      [
       194273.073,
       546775.065
      ],
      [
       194271.533,
       546773.875
      ],
      [
       194273.573,
       546771.225
      ],
      [
       194265.923,
       546765.325
      ],
      [
       194233.143,
       546807.775
      ],
      [
       194240.653,
       546813.565
      ]
     ]
    ]
   },
   "properties": {
    "label": "기존건물",
    "height_m": 7.6
   }
  },
  {
   "type": "Feature",
   "geometry": {
    "type": "Polygon",
    "coordinates": [
     [
      [
       194402.493,
       546691.366
      ],
      [
       194404.553,
       546688.786
      ],
      [
       194405.453,
       546689.505
      ],
      [
       194405.913,
       546688.936
      ],
      [
       194406.513,
       546689.416
      ],
      [
       194420.433,
       546671.475
      ],
      [
       194425.083,
       546675.075
      ],
      [
       194428.333,
       546670.876
      ],
      [
       194423.583,
       546667.105
      ],
      [
       194435.963,
       546651.546
      ],
      [
       194435.303,
       546651.026
      ],
      [
       194435.773,
       546650.436
      ],
      [
       194434.903,
       546649.736
      ],
      [
       194436.723,
       546647.456
      ],
      [
       194430.573,
       546642.566
      ],
      [
       194396.283,
       546686.396
      ],
      [
       194402.493,
       546691.366
      ]
     ]
    ]
   },
   "properties": {
    "label": "기존건물",
    "height_m": 35.6
   }
  },
  {
   "type": "Feature",
   "geometry": {
    "type": "Polygon",
    "coordinates": [
     [
      [
       194409.303,
       546771.105
      ],
      [
       194411.043,
       546768.795
      ],
      [
       194412.523,
       546769.905
      ],
      [
       194425.182,
       546753.136
      ],
      [
       194430.163,
       546756.896
      ],
      [
       194433.433,
       546752.706
      ],
      [
       194428.823,
       546749.096
      ],
      [
       194441.363,
       546733.055
      ],
      [
       194439.773,
       546731.825
      ],
      [
       194441.673,
       546729.345
      ],
      [
       194434.503,
       546723.825
      ],
      [
       194402.203,
       546765.755
      ],
      [
       194409.303,
       546771.105
      ]
     ]
    ]
   },
   "properties": {
    "label": "기존건물",
    "height_m": 35.6
   }
  },
  {
   "type": "Feature",
   "geometry": {
    "type": "Polygon",
    "coordinates": [
     [
      [
       194204.983,
       546678.406
      ],
      [
       194212.112,
       546669.526
      ],
      [
       194175.463,
       546640.846
      ],
      [
       194168.663,
       546650.036
      ],
      [
       194173.113,
       546653.336
      ],
      [
       194172.353,
       546654.356
      ],
      [
       194175.953,
       546657.786
      ],
      [
       194174.513,
       546659.306
      ],
      [
       194176.093,
       546660.806
      ],
      [
       194177.913,
       546658.896
      ],
      [
       194181.923,
       546661.926
      ],
      [
       194182.603,
       546661.026
      ],
      [
       194191.193,
       546667.506
      ],
      [
       194190.513,
       546668.416
      ],
      [
       194194.253,
       546671.736
      ],
      [
       194192.703,
       546673.486
      ],
      [
       194194.423,
       546675.016
      ],
      [
       194196.153,
       546672.856
      ],
      [
       194199.952,
       546675.916
      ],
      [
       194200.713,
       546674.976
      ],
      [
       194204.983,
       546678.406
      ]
     ]
    ]
   },
   "properties": {
    "label": "기존건물",
    "height_m": 35.6
   }
  },
  {
   "type": "Feature",
   "geometry": {
    "type": "Polygon",
    "coordinates": [
     [
      [
       194086.543,
       546552.776
      ],
      [
       194083.463,
       546550.446
      ],
      [
       194082.262,
       546551.976
      ],
      [
       194076.483,
       546547.596
      ],
      [
       194069.512,
       546556.806
      ],
      [
       194019.683,
       546620.935
      ],
      [
       194025.353,
       546625.405
      ],
      [
       194024.163,
       546626.905
      ],
      [
       194027.343,
       546629.305
      ],
      [
       194057.281,
       546590.954
      ],
      [
       194069.763,
       546574.966
      ],
      [
       194086.543,
       546552.776
      ]
     ]
    ]
   },
   "properties": {
    "label": "기존건물",
    "height_m": 32.8
   }
  },
  {
   "type": "Feature",
   "geometry": {
    "type": "Polygon",
    "coordinates": [
     [
      [
       194104.103,
       546528.045
      ],
      [
       194105.673,
       546525.946
      ],
      [
       194105.983,
       546526.176
      ],
      [
       194162.573,
       546452.306
      ],
      [
       194162.352,
       546452.196
      ],
      [
       194164.113,
       546450.115
      ],
      [
       194160.733,
       546447.496
      ],
      [
       194159.712,
       546448.955
      ],
      [
       194154.873,
       546445.616
      ],
      [
       194097.403,
       546520.425
      ],
      [
       194101.773,
       546523.805
      ],
      [
       194100.793,
       546525.085
      ],
      [
       194104.103,
       546528.045
      ]
     ]
    ]
   },
   "properties": {
    "label": "기존건물",
    "height_m": 35.6
   }
  },
  {
   "type": "Feature",
   "geometry": {
    "type": "Polygon",
    "coordinates": [
     [
      [
       194059.883,
       546864.726
      ],
      [
       194028.513,
       546840.316
      ],
      [
       194028.043,
       546840.336
      ],
      [
       194023.143,
       546846.686
      ],
      [
       194025.093,
       546848.196
      ],
      [
       194024.023,
       546849.576
      ],
      [
       194036.013,
       546858.906
      ],
      [
       194032.673,
       546863.196
      ],
      [
       194036.453,
       546866.136
      ],
      [
       194039.823,
       546861.806
      ],
      [
       194055.362,
       546873.976
      ],
      [
       194058.803,
       546869.576
      ],
      [
       194057.353,
       546868.466
      ],
      [
       194059.893,
       546865.155
      ],
      [
       194059.883,
       546864.726
      ]
     ]
    ]
   },
   "properties": {
    "label": "기존건물",
    "height_m": 35.6
   }
  },
  {
   "type": "Feature",
   "geometry": {
    "type": "Polygon",
    "coordinates": [
     [
      [
       193790.143,
       546955.756
      ],
      [
       193789.853,
       546955.636
      ],
      [
       193789.503,
       546955.676
      ],
      [
       193789.223,
       546955.846
      ],
      [
       193789.103,
       546955.966
      ],
      [
       193761.523,
       546991.285
      ],
      [
       193761.413,
       546991.695
      ],
      [
       193761.443,
       546991.955
      ],
      [
       193761.543,
       546992.295
      ],
      [
       193789.853,
       547014.405
      ],
      [
       193790.153,
       547014.505
      ],
      [
       193790.573,
       547014.505
      ],
      [
       193790.813,
       547014.405
      ],
      [
       193791.033,
       547014.235
      ],
      [
       193818.603,
       546978.895
      ],
      [
       193818.693,
       546978.605
      ],
      [
       193818.713,
       546978.405
      ],
      [
       193818.643,
       546978.075
      ],
      [
       193790.143,
       546955.756
      ]
     ]
    ]
   },
   "properties": {
    "label": "기존건물",
    "height_m": 69.26
   }
  },
  {
   "type": "Feature",
   "geometry": {
    "type": "Polygon",
    "coordinates": [
     [
      [
       193801.923,
       546923.925
      ],
      [
       193785.663,
       546911.165
      ],
      [
       193770.593,
       546930.346
      ],
      [
       193786.843,
       546943.136
      ],
      [
       193801.923,
       546923.925
      ]
     ]
    ]
   },
   "properties": {
    "label": "기존건물",
    "height_m": 55.75
   }
  },
  {
   "type": "Feature",
   "geometry": {
    "type": "Polygon",
    "coordinates": [
     [
      [
       193885.143,
       546620.155
      ],
      [
       193897.333,
       546603.436
      ],
      [
       193881.042,
       546591.455
      ],
      [
       193880.413,
       546592.325
      ],
      [
       193878.322,
       546590.795
      ],
      [
       193876.952,
       546592.655
      ],
      [
       193875.733,
       546591.765
      ],
      [
       193865.713,
       546605.175
      ],
      [
       193880.603,
       546617.035
      ],
      [
       193880.873,
       546616.695
      ],
      [
       193885.143,
       546620.155
      ]
     ]
    ]
   },
   "properties": {
    "label": "기존건물",
    "height_m": 56.1
   }
  },
  {
   "type": "Feature",
   "geometry": {
    "type": "Polygon",
    "coordinates": [
     [
      [
       193970.582,
       546979.116
      ],
      [
       193942.763,
       546957.285
      ],
      [
       193935.863,
       546966.095
      ],
      [
       193963.762,
       546988.015
      ],
      [
       193970.582,
       546979.116
      ]
     ]
    ]
   },
   "properties": {
    "label": "기존건물",
    "height_m": 35.6
   }
  },
  {
   "type": "Feature",
   "geometry": {
    "type": "Polygon",
    "coordinates": [
     [
      [
       194193.793,
       546686.906
      ],
      [
       194184.623,
       546679.806
      ],
      [
       194142.153,
       546734.425
      ],
      [
       194151.213,
       546741.435
      ],
      [
       194151.943,
       546740.485
      ],
      [
       194163.773,
       546725.316
      ],
      [
       194193.793,
       546686.906
      ]
     ]
    ]
   },
   "properties": {
    "label": "기존건물",
    "height_m": 35.6
   }
  },
  {
   "type": "Feature",
   "geometry": {
    "type": "Polygon",
    "coordinates": [
     [
      [
       194348.283,
       546571.735
      ],
      [
       194337.603,
       546563.996
      ],
      [
       194271.733,
       546649.265
      ],
      [
       194281.953,
       546656.845
      ],
      [
       194348.283,
       546571.735
      ]
     ]
    ]
   },
   "properties": {
    "label": "기존건물",
    "height_m": 35.6
   }
  },
  {
   "type": "Feature",
   "geometry": {
    "type": "Polygon",
    "coordinates": [
     [
      [
       194242.353,
       546630.246
      ],
      [
       194249.733,
       546620.626
      ],
      [
       194214.843,
       546593.836
      ],
      [
       194210.173,
       546600.536
      ],
      [
       194213.203,
       546602.776
      ],
      [
       194210.804,
       546606.016
      ],
      [
       194215.252,
       546609.296
      ],
      [
       194212.883,
       546612.506
      ],
      [
       194216.153,
       546614.376
      ],
      [
       194218.423,
       546611.676
      ],
      [
       194232.533,
       546622.566
      ],
      [
       194230.163,
       546625.636
      ],
      [
       194233.223,
       546627.486
      ],
      [
       194235.853,
       546625.606
      ],
      [
       194242.353,
       546630.246
      ]
     ]
    ]
   },
   "properties": {
    "label": "기존건물",
    "height_m": 35.6
   }
  },
  {
   "type": "Feature",
   "geometry": {
    "type": "Polygon",
    "coordinates": [
     [
      [
       194201.563,
       546594.715
      ],
      [
       194206.103,
       546588.916
      ],
      [
       194208.333,
       546590.656
      ],
      [
       194210.913,
       546587.346
      ],
      [
       194209.273,
       546585.076
      ],
      [
       194220.333,
       546571.566
      ],
      [
       194222.353,
       546573.216
      ],
      [
       194225.163,
       546570.515
      ],
      [
       194222.683,
       546567.945
      ],
      [
       194233.313,
       546554.665
      ],
      [
       194235.463,
       546556.385
      ],
      [
       194237.613,
       546553.705
      ],
      [
       194235.923,
       546551.225
      ],
      [
       194246.863,
       546536.966
      ],
      [
       194249.403,
       546538.926
      ],
      [
       194251.373,
       546536.356
      ],
      [
       194249.433,
       546534.876
      ],
      [
       194260.043,
       546521.036
      ],
      [
       194261.783,
       546522.366
      ],
      [
       194264.263,
       546519.125
      ],
      [
       194262.934,
       546517.325
      ],
      [
       194268.453,
       546508.885
      ],
      [
       194257.803,
       546501.915
      ],
      [
       194191.453,
       546586.815
      ],
      [
       194201.563,
       546594.715
      ]
     ]
    ]
   },
   "properties": {
    "label": "기존건물",
    "height_m": 35.6
   }
  },
  {
   "type": "Feature",
   "geometry": {
    "type": "Polygon",
    "coordinates": [
     [
      [
       194340.133,
       546860.606
      ],
      [
       194342.073,
       546858.086
      ],
      [
       194343.603,
       546859.256
      ],
      [
       194356.803,
       546842.096
      ],
      [
       194361.443,
       546846.005
      ],
      [
       194364.823,
       546841.705
      ],
      [
       194360.093,
       546837.986
      ],
      [
       194372.533,
       546822.165
      ],
      [
       194371.013,
       546821.015
      ],
      [
       194373.003,
       546818.405
      ],
      [
       194365.383,
       546812.595
      ],
      [
       194332.564,
       546854.785
      ],
      [
       194340.133,
       546860.606
      ]
     ]
    ]
   },
   "properties": {
    "label": "기존건물",
    "height_m": 35.6
   }
  },
  {
   "type": "Feature",
   "geometry": {
    "type": "Polygon",
    "coordinates": [
     [
      [
       194488.323,
       546933.075
      ],
      [
       194490.223,
       546930.625
      ],
      [
       194491.723,
       546931.795
      ],
      [
       194504.473,
       546915.366
      ],
      [
       194509.273,
       546918.756
      ],
      [
       194511.723,
       546915.736
      ],
      [
       194512.513,
       546914.756
      ],
      [
       194511.723,
       546914.116
      ],
      [
       194507.843,
       546911.166
      ],
      [
       194511.713,
       546906.096
      ],
      [
       194520.273,
       546894.875
      ],
      [
       194518.773,
       546893.715
      ],
      [
       194520.703,
       546891.215
      ],
      [
       194513.693,
       546885.815
      ],
      [
       194511.713,
       546888.386
      ],
      [
       194481.263,
       546927.595
      ],
      [
       194488.323,
       546933.075
      ]
     ]
    ]
   },
   "properties": {
    "label": "기존건물",
    "height_m": 35.6
   }
  },
  {
   "type": "Feature",
   "geometry": {
    "type": "Polygon",
    "coordinates": [
     [
      [
       194540.193,
       546952.636
      ],
      [
       194542.103,
       546950.156
      ],
      [
       194543.013,
       546950.855
      ],
      [
       194543.483,
       546950.235
      ],
      [
       194544.203,
       546950.785
      ],
      [
       194557.953,
       546932.855
      ],
      [
       194562.653,
       546936.465
      ],
      [
       194565.943,
       546932.186
      ],
      [
       194561.462,
       546928.766
      ],
      [
       194573.593,
       546912.896
      ],
      [
       194572.853,
       546912.336
      ],
      [
       194573.333,
       546911.726
      ],
      [
       194572.583,
       546911.156
      ],
      [
       194574.503,
       546908.646
      ],
      [
       194568.033,
       546903.696
      ],
      [
       194533.992,
       546947.866
      ],
      [
       194540.193,
       546952.636
      ]
     ]
    ]
   },
   "properties": {
    "label": "기존건물",
    "height_m": 35.6
   }
  },
  {
   "type": "Feature",
   "geometry": {
    "type": "Polygon",
    "coordinates": [
     [
      [
       194445.463,
       546899.606
      ],
      [
       194447.483,
       546897.026
      ],
      [
       194448.353,
       546897.716
      ],
      [
       194448.813,
       546897.136
      ],
      [
       194449.433,
       546897.626
      ],
      [
       194463.433,
       546879.765
      ],
      [
       194468.073,
       546883.395
      ],
      [
       194471.173,
       546879.445
      ],
      [
       194466.653,
       546875.465
      ],
      [
       194478.843,
       546859.936
      ],
      [
       194478.153,
       546859.396
      ],
      [
       194478.653,
       546858.756
      ],
      [
       194477.813,
       546858.096
      ],
      [
       194479.733,
       546855.646
      ],
      [
       194473.803,
       546851.006
      ],
      [
       194439.383,
       546894.826
      ],
      [
       194445.463,
       546899.606
      ]
     ]
    ]
   },
   "properties": {
    "label": "기존건물",
    "height_m": 7.6
   }
  },
  {
   "type": "Feature",
   "geometry": {
    "type": "Polygon",
    "coordinates": [
     [
      [
       194598.463,
       546840.146
      ],
      [
       194600.363,
       546837.706
      ],
      [
       194601.253,
       546838.406
      ],
      [
       194601.683,
       546837.846
      ],
      [
       194602.423,
       546838.416
      ],
      [
       194616.413,
       546820.425
      ],
      [
       194620.963,
       546824.255
      ],
      [
       194624.243,
       546819.995
      ],
      [
       194619.613,
       546816.445
      ],
      [
       194630.59,
       546802.144
      ],
      [
       194631.763,
       546800.616
      ],
      [
       194631.143,
       546800.126
      ],
      [
       194631.623,
       546799.506
      ],
      [
       194630.643,
       546798.746
      ],
      [
       194632.673,
       546796.146
      ],
      [
       194626.573,
       546791.376
      ],
      [
       194592.243,
       546835.306
      ],
      [
       194598.463,
       546840.146
      ]
     ]
    ]
   },
   "properties": {
    "label": "기존건물",
    "height_m": 35.6
   }
  },
  {
   "type": "Feature",
   "geometry": {
    "type": "Polygon",
    "coordinates": [
     [
      [
       194278.003,
       546765.435
      ],
      [
       194280.163,
       546762.775
      ],
      [
       194281.663,
       546763.995
      ],
      [
       194294.963,
       546746.896
      ],
      [
       194299.633,
       546750.526
      ],
      [
       194302.973,
       546746.226
      ],
      [
       194298.513,
       546742.826
      ],
      [
       194310.693,
       546726.835
      ],
      [
       194309.133,
       546725.645
      ],
      [
       194311.213,
       546722.915
      ],
      [
       194303.623,
       546717.125
      ],
      [
       194270.583,
       546759.405
      ],
      [
       194278.003,
       546765.435
      ]
     ]
    ]
   },
   "properties": {
    "label": "기존건물",
    "height_m": 35.6
   }
  },
  {
   "type": "Feature",
   "geometry": {
    "type": "Polygon",
    "coordinates": [
     [
      [
       194324.633,
       546705.496
      ],
      [
       194326.793,
       546702.776
      ],
      [
       194328.333,
       546703.996
      ],
      [
       194341.483,
       546687.066
      ],
      [
       194346.153,
       546690.686
      ],
      [
       194349.543,
       546686.325
      ],
      [
       194345.053,
       546682.835
      ],
      [
       194357.373,
       546666.975
      ],
      [
       194355.823,
       546665.775
      ],
      [
       194357.803,
       546663.215
      ],
      [
       194350.483,
       546657.545
      ],
      [
       194317.133,
       546699.545
      ],
      [
       194324.633,
       546705.496
      ]
     ]
    ]
   },
   "properties": {
    "label": "기존건물",
    "height_m": 7.6
   }
  },
  {
   "type": "Feature",
   "geometry": {
    "type": "Polygon",
    "coordinates": [
     [
      [
       194366.473,
       546737.856
      ],
      [
       194368.343,
       546735.445
      ],
      [
       194369.133,
       546736.066
      ],
      [
       194369.653,
       546735.395
      ],
      [
       194370.343,
       546735.935
      ],
      [
       194384.203,
       546718.065
      ],
      [
       194388.953,
       546721.585
      ],
      [
       194392.083,
       546717.516
      ],
      [
       194387.433,
       546713.936
      ],
      [
       194399.533,
       546698.186
      ],
      [
       194398.973,
       546697.746
      ],
      [
       194399.433,
       546697.176
      ],
      [
       194398.603,
       546696.526
      ],
      [
       194400.613,
       546693.976
      ],
      [
       194394.343,
       546689.046
      ],
      [
       194359.913,
       546732.766
      ],
      [
       194366.473,
       546737.856
      ]
     ]
    ]
   },
   "properties": {
    "label": "기존건물",
    "height_m": 7.6
   }
  },
  {
   "type": "Feature",
   "geometry": {
    "type": "Polygon",
    "coordinates": [
     [
      [
       194454.743,
       546806.686
      ],
      [
       194456.623,
       546804.256
      ],
      [
       194457.423,
       546804.886
      ],
      [
       194457.923,
       546804.246
      ],
      [
       194458.703,
       546804.846
      ],
      [
       194472.563,
       546786.945
      ],
      [
       194477.063,
       546790.425
      ],
      [
       194480.352,
       546786.155
      ],
      [
       194475.884,
       546782.715
      ],
      [
       194487.983,
       546767.006
      ],
      [
       194487.363,
       546766.526
      ],
      [
       194487.863,
       546765.886
      ],
      [
       194486.983,
       546765.216
      ],
      [
       194488.923,
       546762.686
      ],
      [
       194482.613,
       546757.866
      ],
      [
       194448.453,
       546801.816
      ],
      [
       194454.743,
       546806.686
      ]
     ]
    ]
   },
   "properties": {
    "label": "기존건물",
    "height_m": 35.6
   }
  },
  {
   "type": "Feature",
   "geometry": {
    "type": "Polygon",
    "coordinates": [
     [
      [
       194051.563,
       546525.686
      ],
      [
       194048.093,
       546522.926
      ],
      [
       194046.843,
       546524.546
      ],
      [
       194041.893,
       546520.736
      ],
      [
       193997.593,
       546578.265
      ],
      [
       194002.313,
       546581.905
      ],
      [
       194001.183,
       546583.495
      ],
      [
       194004.664,
       546586.085
      ],
      [
       194051.563,
       546525.686
      ]
     ]
    ]
   },
   "properties": {
    "label": "기존건물",
    "height_m": 32.8
   }
  },
  {
   "type": "Feature",
   "geometry": {
    "type": "Polygon",
    "coordinates": [
     [
      [
       194006.232,
       546841.295
      ],
      [
       194007.493,
       546839.685
      ],
      [
       194008.522,
       546840.485
      ],
      [
       194018.413,
       546827.896
      ],
      [
       194022.613,
       546831.196
      ],
      [
       194025.522,
       546827.486
      ],
      [
       194021.033,
       546823.956
      ],
      [
       194055.333,
       546780.306
      ],
      [
       194059.643,
       546783.696
      ],
      [
       194062.473,
       546780.096
      ],
      [
       194058.173,
       546776.706
      ],
      [
       194069.653,
       546762.046
      ],
      [
       194073.723,
       546756.846
      ],
      [
       194072.533,
       546755.915
      ],
      [
       194074.173,
       546753.816
      ],
      [
       194069.643,
       546750.266
      ],
      [
       194067.363,
       546748.516
      ],
      [
       193999.243,
       546835.855
      ],
      [
       194006.232,
       546841.295
      ]
     ]
    ]
   },
   "properties": {
    "label": "기존건물",
    "height_m": 35.6
   }
  },
  {
   "type": "Feature",
   "geometry": {
    "type": "Polygon",
    "coordinates": [
     [
      [
       194097.593,
       546816.306
      ],
      [
       194069.673,
       546794.346
      ],
      [
       194066.113,
       546791.546
      ],
      [
       194060.813,
       546798.276
      ],
      [
       194063.243,
       546800.186
      ],
      [
       194062.073,
       546801.656
      ],
      [
       194069.682,
       546807.486
      ],
      [
       194073.653,
       546810.536
      ],
      [
       194070.313,
       546814.886
      ],
      [
       194074.123,
       546817.806
      ],
      [
       194077.513,
       546813.386
      ],
      [
       194092.913,
       546825.486
      ],
      [
       194096.343,
       546821.056
      ],
      [
       194095.063,
       546819.806
      ],
      [
       194097.593,
       546816.306
      ]
     ]
    ]
   },
   "properties": {
    "label": "기존건물",
    "height_m": 35.6
   }
  },
  {
   "type": "Feature",
   "geometry": {
    "type": "Polygon",
    "coordinates": [
     [
      [
       193700.943,
       546908.676
      ],
      [
       193701.513,
       546908.066
      ],
      [
       193702.313,
       546908.816
      ],
      [
       193712.783,
       546895.375
      ],
      [
       193711.913,
       546894.695
      ],
      [
       193712.343,
       546894.145
      ],
      [
       193712.573,
       546894.325
      ],
      [
       193713.273,
       546893.415
      ],
      [
       193676.653,
       546864.886
      ],
      [
       193675.523,
       546866.356
      ],
      [
       193674.953,
       546865.916
      ],
      [
       193664.603,
       546879.206
      ],
      [
       193665.223,
       546879.696
      ],
      [
       193664.033,
       546881.225
      ],
      [
       193700.523,
       546909.766
      ],
      [
       193701.243,
       546908.966
      ],
      [
       193700.943,
       546908.676
      ]
     ]
    ]
   },
   "properties": {
    "label": "기존건물",
    "height_m": 54.88
   }
  },
  {
   "type": "Feature",
   "geometry": {
    "type": "Polygon",
    "coordinates": [
     [
      [
       193767.013,
       547007.435
      ],
      [
       193766.733,
       547007.355
      ],
      [
       193766.483,
       547007.376
      ],
      [
       193766.443,
       547007.376
      ],
      [
       193747.582,
       547031.556
      ],
      [
       193747.582,
       547031.726
      ],
      [
       193747.593,
       547031.866
      ],
      [
       193754.613,
       547037.316
      ],
      [
       193771.743,
       547050.636
      ],
      [
       193771.973,
       547050.626
      ],
      [
       193772.203,
       547050.616
      ],
      [
       193772.423,
       547050.406
      ],
      [
       193782.703,
       547037.305
      ],
      [
       193791.003,
       547026.705
      ],
      [
       193790.973,
       547026.485
      ],
      [
       193790.963,
       547026.215
      ],
      [
       193790.963,
       547026.185
      ],
      [
       193767.013,
       547007.435
      ]
     ]
    ]
   },
   "properties": {
    "label": "기존건물",
    "height_m": 64.4
   }
  },
  {
   "type": "Feature",
   "geometry": {
    "type": "Polygon",
    "coordinates": [
     [
      [
       193680.143,
       546937.565
      ],
      [
       193679.793,
       546937.555
      ],
      [
       193679.673,
       546937.575
      ],
      [
       193679.503,
       546937.655
      ],
      [
       193665.403,
       546955.896
      ],
      [
       193665.373,
       546956.126
      ],
      [
       193665.373,
       546956.226
      ],
      [
       193682.353,
       546969.465
      ],
      [
       193682.543,
       546969.495
      ],
      [
       193682.683,
       546969.475
      ],
      [
       193682.793,
       546969.436
      ],
      [
       193696.963,
       546951.115
      ],
      [
       193697.053,
       546950.945
      ],
      [
       193696.903,
       546950.615
      ],
      [
       193680.143,
       546937.565
      ]
     ]
    ]
   },
   "properties": {
    "label": "기존건물",
    "height_m": 60.0
   }
  },
  {
   "type": "Feature",
   "geometry": {
    "type": "Polygon",
    "coordinates": [
     [
      [
       193803.873,
       546870.086
      ],
      [
       193804.273,
       546869.576
      ],
      [
       193804.513,
       546869.766
      ],
      [
       193804.943,
       546869.846
      ],
      [
       193817.483,
       546853.895
      ],
      [
       193817.003,
       546853.505
      ],
      [
       193817.133,
       546853.335
      ],
      [
       193817.203,
       546852.975
      ],
      [
       193783.533,
       546826.526
      ],
      [
       193783.183,
       546826.726
      ],
      [
       193782.772,
       546826.796
      ],
      [
       193782.193,
       546826.656
      ],
      [
       193769.753,
       546842.546
      ],
      [
       193770.073,
       546842.796
      ],
      [
       193770.133,
       546843.196
      ],
      [
       193770.053,
       546843.716
      ],
      [
       193803.873,
       546870.086
      ]
     ]
    ]
   },
   "properties": {
    "label": "기존건물",
    "height_m": 60.5
   }
  },
  {
   "type": "Feature",
   "geometry": {
    "type": "Polygon",
    "coordinates": [
     [
      [
       193729.583,
       546897.525
      ],
      [
       193732.223,
       546894.165
      ],
      [
       193735.413,
       546896.666
      ],
      [
       193744.813,
       546884.626
      ],
      [
       193741.503,
       546882.036
      ],
      [
       193744.133,
       546878.836
      ],
      [
       193744.143,
       546878.646
      ],
      [
       193744.143,
       546878.466
      ],
      [
       193744.123,
       546878.386
      ],
      [
       193699.473,
       546843.615
      ],
      [
       193699.213,
       546843.635
      ],
      [
       193696.253,
       546846.995
      ],
      [
       193693.643,
       546844.695
      ],
      [
       193684.043,
       546856.276
      ],
      [
       193687.143,
       546859.026
      ],
      [
       193684.433,
       546862.396
      ],
      [
       193729.273,
       546897.495
      ],
      [
       193729.583,
       546897.525
      ]
     ]
    ]
   },
   "properties": {
    "label": "기존건물",
    "height_m": 50.5
   }
  },
  {
   "type": "Feature",
   "geometry": {
    "type": "Polygon",
    "coordinates": [
     [
      [
       193867.873,
       546623.336
      ],
      [
       193861.973,
       546618.546
      ],
      [
       193843.073,
       546641.865
      ],
      [
       193849.753,
       546647.275
      ],
      [
       193857.033,
       546654.095
      ],
      [
       193876.383,
       546630.256
      ],
      [
       193867.873,
       546623.336
      ]
     ]
    ]
   },
   "properties": {
    "label": "기존건물",
    "height_m": 54.9
   }
  },
  {
   "type": "Feature",
   "geometry": {
    "type": "Polygon",
    "coordinates": [
     [
      [
       193733.783,
       547010.256
      ],
      [
       193737.413,
       547006.216
      ],
      [
       193737.933,
       547006.686
      ],
      [
       193748.683,
       546992.556
      ],
      [
       193731.633,
       546979.626
      ],
      [
       193717.573,
       546997.435
      ],
      [
       193733.783,
       547010.256
      ]
     ]
    ]
   },
   "properties": {
    "label": "기존건물",
    "height_m": 57.5
   }
  },
  {
   "type": "Feature",
   "geometry": {
    "type": "Polygon",
    "coordinates": [
     [
      [
       193733.983,
       546962.176
      ],
      [
       193712.273,
       546945.236
      ],
      [
       193689.843,
       546974.355
      ],
      [
       193711.473,
       546990.995
      ],
      [
       193733.983,
       546962.176
      ]
     ]
    ]
   },
   "properties": {
    "label": "기존건물",
    "height_m": 44.6
   }
  },
  {
   "type": "Feature",
   "geometry": {
    "type": "Polygon",
    "coordinates": [
     [
      [
       193780.923,
       546781.195
      ],
      [
       193769.102,
       546772.096
      ],
      [
       193752.603,
       546793.526
      ],
      [
       193752.623,
       546794.346
      ],
      [
       193763.943,
       546803.226
      ],
      [
       193780.923,
       546781.195
      ]
     ]
    ]
   },
   "properties": {
    "label": "기존건물",
    "height_m": 42.0
   }
  },
  {
   "type": "Feature",
   "geometry": {
    "type": "Polygon",
    "coordinates": [
     [
      [
       193834.853,
       546825.506
      ],
      [
       193822.353,
       546815.786
      ],
      [
       193807.073,
       546835.475
      ],
      [
       193819.573,
       546845.165
      ],
      [
       193834.853,
       546825.506
      ]
     ]
    ]
   },
   "properties": {
    "label": "기존건물",
    "height_m": 41.0
   }
  },
  {
   "type": "Feature",
   "geometry": {
    "type": "Polygon",
    "coordinates": [
     [
      [
       193887.813,
       546750.655
      ],
      [
       193888.523,
       546749.745
      ],
      [
       193889.373,
       546750.395
      ],
      [
       193901.443,
       546734.736
      ],
      [
       193875.174,
       546714.485
      ],
      [
       193863.083,
       546730.056
      ],
      [
       193864.033,
       546730.856
      ],
      [
       193863.283,
       546731.756
      ],
      [
       193887.813,
       546750.655
      ]
     ]
    ]
   },
   "properties": {
    "label": "기존건물",
    "height_m": 41.0
   }
  },
  {
   "type": "Feature",
   "geometry": {
    "type": "Polygon",
    "coordinates": [
     [
      [
       193926.903,
       546671.635
      ],
      [
       193914.223,
       546661.615
      ],
      [
       193897.493,
       546682.816
      ],
      [
       193910.313,
       546692.855
      ],
      [
       193911.173,
       546692.856
      ],
      [
       193927.073,
       546672.105
      ],
      [
       193926.903,
       546671.635
      ]
     ]
    ]
   },
   "properties": {
    "label": "기존건물",
    "height_m": 38.0
   }
  },
  {
   "type": "Feature",
   "geometry": {
    "type": "Polygon",
    "coordinates": [
     [
      [
       193907.174,
       546696.836
      ],
      [
       193899.853,
       546691.306
      ],
      [
       193899.383,
       546691.316
      ],
      [
       193894.313,
       546687.586
      ],
      [
       193893.603,
       546687.746
      ],
      [
       193878.113,
       546707.735
      ],
      [
       193878.053,
       546707.985
      ],
      [
       193878.043,
       546708.175
      ],
      [
       193878.063,
       546708.285
      ],
      [
       193882.563,
       546711.715
      ],
      [
       193883.132,
       546711.915
      ],
      [
       193883.093,
       546712.045
      ],
      [
       193883.272,
       546712.905
      ],
      [
       193890.213,
       546718.365
      ],
      [
       193891.053,
       546718.495
      ],
      [
       193907.133,
       546697.616
      ],
      [
       193907.174,
       546696.836
      ]
     ]
    ]
   },
   "properties": {
    "label": "기존건물",
    "height_m": 41.0
   }
  },
  {
   "type": "Feature",
   "geometry": {
    "type": "Polygon",
    "coordinates": [
     [
      [
       193870.963,
       546670.826
      ],
      [
       193857.533,
       546660.415
      ],
      [
       193841.073,
       546681.706
      ],
      [
       193854.533,
       546692.116
      ],
      [
       193870.963,
       546670.826
      ]
     ]
    ]
   },
   "properties": {
    "label": "기존건물",
    "height_m": 29.3
   }
  },
  {
   "type": "Feature",
   "geometry": {
    "type": "Polygon",
    "coordinates": [
     [
      [
       193990.353,
       546543.926
      ],
      [
       193997.603,
       546534.776
      ],
      [
       193998.452,
       546535.336
      ],
      [
       194002.313,
       546530.166
      ],
      [
       193994.793,
       546524.506
      ],
      [
       193991.263,
       546529.176
      ],
      [
       193987.333,
       546526.196
      ],
      [
       193989.243,
       546523.506
      ],
      [
       193981.283,
       546517.856
      ],
      [
       193977.683,
       546522.935
      ],
      [
       193978.343,
       546523.405
      ],
      [
       193971.023,
       546532.835
      ],
      [
       193970.303,
       546532.275
      ],
      [
       193966.413,
       546537.295
      ],
      [
       193973.963,
       546543.145
      ],
      [
       193977.533,
       546538.415
      ],
      [
       193981.342,
       546541.325
      ],
      [
       193979.443,
       546543.805
      ],
      [
       193987.263,
       546549.775
      ],
      [
       193991.223,
       546544.596
      ],
      [
       193990.353,
       546543.926
      ]
     ]
    ]
   },
   "properties": {
    "label": "기존건물",
    "height_m": 30.5
   }
  },
  {
   "type": "Feature",
   "geometry": {
    "type": "Polygon",
    "coordinates": [
     [
      [
       194040.693,
       547451.286
      ],
      [
       194058.333,
       547428.115
      ],
      [
       194063.163,
       547431.795
      ],
      [
       194066.944,
       547426.825
      ],
      [
       194062.173,
       547423.195
      ],
      [
       194070.113,
       547412.806
      ],
      [
       194081.263,
       547398.236
      ],
      [
       194086.053,
       547401.896
      ],
      [
       194089.823,
       547396.955
      ],
      [
       194084.943,
       547393.215
      ],
      [
       194098.283,
       547375.575
      ],
      [
       194089.943,
       547369.275
      ],
      [
       194081.603,
       547380.306
      ],
      [
       194080.573,
       547379.525
      ],
      [
       194070.093,
       547393.396
      ],
      [
       194044.013,
       547427.486
      ],
      [
       194044.883,
       547428.145
      ],
      [
       194032.172,
       547444.766
      ],
      [
       194040.693,
       547451.286
      ]
     ]
    ]
   },
   "properties": {
    "label": "기존건물",
    "height_m": 35.6
   }
  },
  {
   "type": "Feature",
   "geometry": {
    "type": "Polygon",
    "coordinates": [
     [
      [
       194012.703,
       547318.606
      ],
      [
       194003.413,
       547311.495
      ],
      [
       193955.823,
       547372.555
      ],
      [
       193964.823,
       547379.825
      ],
      [
       194012.703,
       547318.606
      ]
     ]
    ]
   },
   "properties": {
    "label": "기존건물",
    "height_m": 44.0
   }
  },
  {
   "type": "Feature",
   "geometry": {
    "type": "Polygon",
    "coordinates": [
     [
      [
       193938.843,
       547359.186
      ],
      [
       193864.463,
       547301.235
      ],
      [
       193858.553,
       547308.635
      ],
      [
       193932.893,
       547366.706
      ],
      [
       193938.843,
       547359.186
      ]
     ]
    ]
   },
   "properties": {
    "label": "기존건물",
    "height_m": 44.0
   }
  },
  {
   "type": "Feature",
   "geometry": {
    "type": "Polygon",
    "coordinates": [
     [
      [
       194117.153,
       547349.786
      ],
      [
       194086.633,
       547326.366
      ],
      [
       194079.753,
       547335.305
      ],
      [
       194087.653,
       547341.476
      ],
      [
       194085.918,
       547343.749
      ],
      [
       194089.778,
       547346.77
      ],
      [
       194091.623,
       547344.526
      ],
      [
       194110.123,
       547358.846
      ],
      [
       194117.153,
       547349.786
      ]
     ]
    ]
   },
   "properties": {
    "label": "기존건물",
    "height_m": 16.0
   }
  },
  {
   "type": "Feature",
   "geometry": {
    "type": "Polygon",
    "coordinates": [
     [
      [
       194146.993,
       547418.116
      ],
      [
       194137.844,
       547415.721
      ],
      [
       194136.511,
       547417.018
      ],
      [
       194119.323,
       547433.736
      ],
      [
       194128.823,
       547443.904
      ],
      [
       194150.369,
       547420.73
      ],
      [
       194146.934,
       547419.847
      ],
      [
       194146.993,
       547418.116
      ]
     ]
    ]
   },
   "properties": {
    "label": "기존건물",
    "height_m": 11.0
   }
  },
  {
   "type": "Feature",
   "geometry": {
    "type": "Polygon",
    "coordinates": [
     [
      [
       193990.813,
       547427.165
      ],
      [
       194006.003,
       547407.716
      ],
      [
       194010.383,
       547411.136
      ],
      [
       194014.113,
       547406.246
      ],
      [
       194009.463,
       547402.696
      ],
      [
       194033.623,
       547371.075
      ],
      [
       194038.373,
       547374.465
      ],
      [
       194041.923,
       547369.736
      ],
      [
       194037.473,
       547366.396
      ],
      [
       194052.293,
       547346.686
      ],
      [
       194042.903,
       547339.376
      ],
      [
       193981.513,
       547419.895
      ],
      [
       193990.813,
       547427.165
      ]
     ]
    ]
   },
   "properties": {
    "label": "기존건물",
    "height_m": 35.6
   }
  },
  {
   "type": "Feature",
   "geometry": {
    "type": "Polygon",
    "coordinates": [
     [
      [
       194001.743,
       546598.945
      ],
      [
       193997.793,
       546596.015
      ],
      [
       193996.593,
       546597.635
      ],
      [
       193993.513,
       546595.715
      ],
      [
       193993.633,
       546595.465
      ],
      [
       193980.663,
       546585.356
      ],
      [
       193965.313,
       546604.946
      ],
      [
       193988.043,
       546622.696
      ],
      [
       194003.453,
       546602.975
      ],
      [
       194000.453,
       546600.545
      ],
      [
       194001.743,
       546598.945
      ]
     ]
    ]
   },
   "properties": {
    "label": "기존건물",
    "height_m": 22.0
   }
  },
  {
   "type": "Feature",
   "geometry": {
    "type": "Polygon",
    "coordinates": [
     [
      [
       194089.473,
       547221.366
      ],
      [
       194097.723,
       547210.716
      ],
      [
       194091.423,
       547205.846
      ],
      [
       194094.223,
       547202.236
      ],
      [
       194100.583,
       547207.166
      ],
      [
       194108.843,
       547196.496
      ],
      [
       194104.693,
       547193.286
      ],
      [
       194103.863,
       547194.356
      ],
      [
       194095.943,
       547188.226
      ],
      [
       194097.853,
       547185.766
      ],
      [
       194085.533,
       547176.226
      ],
      [
       194082.363,
       547180.326
      ],
      [
       194083.333,
       547181.066
      ],
      [
       194077.263,
       547188.906
      ],
      [
       194082.483,
       547192.946
      ],
      [
       194079.543,
       547196.746
      ],
      [
       194074.363,
       547192.736
      ],
      [
       194069.963,
       547198.415
      ],
      [
       194068.313,
       547200.515
      ],
      [
       194067.243,
       547199.675
      ],
      [
       194066.975,
       547200.016
      ],
      [
       194064.033,
       547203.765
      ],
      [
       194069.963,
       547208.335
      ],
      [
       194076.463,
       547213.345
      ],
      [
       194078.293,
       547211.065
      ],
      [
       194085.973,
       547217.016
      ],
      [
       194085.183,
       547218.045
      ],
      [
       194089.473,
       547221.366
      ]
     ]
    ]
   },
   "properties": {
    "label": "기존건물",
    "height_m": 44.0
   }
  },
  {
   "type": "Feature",
   "geometry": {
    "type": "Polygon",
    "coordinates": [
     [
      [
       194190.163,
       547222.275
      ],
      [
       194162.963,
       547200.486
      ],
      [
       194153.093,
       547213.306
      ],
      [
       194163.473,
       547224.346
      ],
      [
       194179.063,
       547236.126
      ],
      [
       194190.163,
       547222.275
      ]
     ]
    ]
   },
   "properties": {
    "label": "기존건물",
    "height_m": 12.0
   }
  },
  {
   "type": "Feature",
   "geometry": {
    "type": "Polygon",
    "coordinates": [
     [
      [
       193888.773,
       547237.045
      ],
      [
       193881.003,
       547231.165
      ],
      [
       193880.693,
       547231.745
      ],
      [
       193879.483,
       547231.106
      ],
      [
       193840.498,
       547281.132
      ],
      [
       193835.773,
       547287.196
      ],
      [
       193836.603,
       547287.836
      ],
      [
       193836.083,
       547288.656
      ],
      [
       193843.803,
       547294.695
      ],
      [
       193854.39,
       547281.123
      ],
      [
       193888.773,
       547237.045
      ]
     ]
    ]
   },
   "properties": {
    "label": "기존건물",
    "height_m": 44.0
   }
  },
  {
   "type": "Feature",
   "geometry": {
    "type": "Polygon",
    "coordinates": [
     [
      [
       194042.916,
       547280.998
      ],
      [
       194048.173,
       547274.305
      ],
      [
       194041.893,
       547269.375
      ],
      [
       194044.693,
       547265.815
      ],
      [
       194050.933,
       547270.706
      ],
      [
       194059.243,
       547260.126
      ],
      [
       194055.173,
       547256.936
      ],
      [
       194054.403,
       547257.926
      ],
      [
       194046.512,
       547251.756
      ],
      [
       194048.283,
       547249.586
      ],
      [
       194036.053,
       547239.856
      ],
      [
       194032.843,
       547243.935
      ],
      [
       194033.823,
       547244.715
      ],
      [
       194027.763,
       547252.415
      ],
      [
       194033.083,
       547256.595
      ],
      [
       194030.063,
       547260.425
      ],
      [
       194024.893,
       547256.365
      ],
      [
       194018.883,
       547264.006
      ],
      [
       194017.804,
       547263.155
      ],
      [
       194014.472,
       547267.386
      ],
      [
       194026.653,
       547276.976
      ],
      [
       194028.713,
       547274.635
      ],
      [
       194036.573,
       547280.685
      ],
      [
       194036.323,
       547281.002
      ],
      [
       194035.783,
       547281.685
      ],
      [
       194039.863,
       547284.885
      ],
      [
       194042.916,
       547280.998
      ]
     ]
    ]
   },
   "properties": {
    "label": "기존건물",
    "height_m": 44.0
   }
  },
  {
   "type": "Feature",
   "geometry": {
    "type": "Polygon",
    "coordinates": [
     [
      [
       193975.506,
       547281.042
      ],
      [
       193982.283,
       547272.515
      ],
      [
       193976.963,
       547268.285
      ],
      [
       193979.733,
       547264.795
      ],
      [
       193984.903,
       547268.905
      ],
      [
       193992.803,
       547258.966
      ],
      [
       193988.953,
       547256.016
      ],
      [
       193988.183,
       547257.036
      ],
      [
       193980.993,
       547251.526
      ],
      [
       193982.693,
       547249.086
      ],
      [
       193971.013,
       547240.385
      ],
      [
       193968.143,
       547244.105
      ],
      [
       193969.143,
       547244.885
      ],
      [
       193963.723,
       547251.915
      ],
      [
       193967.993,
       547255.675
      ],
      [
       193964.893,
       547259.185
      ],
      [
       193960.893,
       547255.655
      ],
      [
       193954.883,
       547262.465
      ],
      [
       193954.233,
       547261.886
      ],
      [
       193950.873,
       547265.705
      ],
      [
       193962.203,
       547275.686
      ],
      [
       193964.383,
       547272.916
      ],
      [
       193971.333,
       547278.325
      ],
      [
       193970.503,
       547279.365
      ],
      [
       193972.612,
       547281.044
      ],
      [
       193974.383,
       547282.455
      ],
      [
       193975.506,
       547281.042
      ]
     ]
    ]
   },
   "properties": {
    "label": "기존건물",
    "height_m": 44.0
   }
  },
  {
   "type": "Feature",
   "geometry": {
    "type": "Polygon",
    "coordinates": [
     [
      [
       194167.533,
       547155.065
      ],
      [
       194144.444,
       547137.135
      ],
      [
       194140.172,
       547142.466
      ],
      [
       194163.313,
       547160.475
      ],
      [
       194167.533,
       547155.065
      ]
     ]
    ]
   },
   "properties": {
    "label": "기존건물",
    "height_m": 14.0
   }
  },
  {
   "type": "Feature",
   "geometry": {
    "type": "Polygon",
    "coordinates": [
     [
      [
       194232.263,
       547272.385
      ],
      [
       194214.133,
       547258.775
      ],
      [
       194209.583,
       547264.825
      ],
      [
       194224.213,
       547276.805
      ],
      [
       194230.033,
       547275.345
      ],
      [
       194232.263,
       547272.385
      ]
     ]
    ]
   },
   "properties": {
    "label": "기존건물",
    "height_m": 4.0
   }
  },
  {
   "type": "Feature",
   "geometry": {
    "type": "Polygon",
    "coordinates": [
     [
      [
       194327.003,
       547249.268
      ],
      [
       194323.196,
       547245.172
      ],
      [
       194310.701,
       547257.562
      ],
      [
       194314.725,
       547261.681
      ],
      [
       194318.533,
       547257.831
      ],
      [
       194327.003,
       547249.268
      ]
     ]
    ]
   },
   "properties": {
    "label": "기존건물",
    "height_m": 6.4
   }
  },
  {
   "type": "Feature",
   "geometry": {
    "type": "Polygon",
    "coordinates": [
     [
      [
       194581.273,
       546843.796
      ],
      [
       194575.823,
       546839.685
      ],
      [
       194569.283,
       546840.485
      ],
      [
       194565.363,
       546845.825
      ],
      [
       194565.943,
       546852.435
      ],
      [
       194571.323,
       546856.475
      ],
      [
       194578.463,
       546855.525
      ],
      [
       194582.093,
       546850.156
      ],
      [
       194581.273,
       546843.796
      ]
     ]
    ]
   },
   "properties": {
    "label": "기존건물",
    "height_m": 5.3
   }
  },
  {
   "type": "Feature",
   "geometry": {
    "type": "Polygon",
    "coordinates": [
     [
      [
       193726.25,
       547074.268
      ],
      [
       193722.226,
       547078.951
      ],
      [
       193747.511,
       547100.68
      ],
      [
       193755.506,
       547091.376
      ],
      [
       193755.572,
       547091.297
      ],
      [
       193755.557,
       547091.286
      ],
      [
       193755.6,
       547091.224
      ],
      [
       193755.662,
       547091.133
      ],
      [
       193755.76,
       547090.984
      ],
      [
       193755.868,
       547090.806
      ],
      [
       193755.936,
       547090.686
      ],
      [
       193756.031,
       547090.509
      ],
      [
       193756.148,
       547090.271
      ],
      [
       193756.192,
       547090.174
      ],
      [
       193756.244,
       547090.197
      ],
      [
       193756.265,
       547090.15
      ],
      [
       193756.248,
       547090.142
      ],
      [
       193756.345,
       547089.913
      ],
      [
       193756.424,
       547089.697
      ],
      [
       193756.457,
       547089.6
      ],
      [
       193756.475,
       547089.606
      ],
      [
       193756.491,
       547089.557
      ],
      [
       193756.528,
       547089.569
      ],
      [
       193756.544,
       547089.52
      ],
      [
       193756.653,
       547089.136
      ],
      [
       193756.779,
       547088.507
      ],
      [
       193756.851,
       547087.596
      ],
      [
       193756.818,
       547086.866
      ],
      [
       193756.742,
       547086.335
      ],
      [
       193756.628,
       547085.832
      ],
      [
       193756.46,
       547085.299
      ],
      [
       193756.197,
       547084.653
      ],
      [
       193755.806,
       547083.978
      ],
      [
       193755.414,
       547083.433
      ],
      [
       193755.185,
       547083.162
      ],
      [
       193754.972,
       547082.934
      ],
      [
       193754.56,
       547082.58
      ],
      [
       193753.151,
       547081.369
      ],
      [
       193753.521,
       547080.938
      ],
      [
       193734.341,
       547064.457
      ],
      [
       193734.072,
       547064.77
      ],
      [
       193734.267,
       547064.938
      ],
      [
       193726.25,
       547074.268
      ]
     ]
    ]
   },
   "properties": {
    "label": "기존건물",
    "height_m": 14.95
   }
  },
  {
   "type": "Feature",
   "geometry": {
    "type": "Polygon",
    "coordinates": [
     [
      [
       193763.509,
       546662.176
      ],
      [
       193774.097,
       546669.189
      ],
      [
       193775.754,
       546666.688
      ],
      [
       193779.839,
       546669.393
      ],
      [
       193782.71,
       546665.058
      ],
      [
       193785.087,
       546666.631
      ],
      [
       193786.688,
       546664.214
      ],
      [
       193782.269,
       546661.287
      ],
      [
       193782.766,
       546660.537
      ],
      [
       193782.099,
       546660.095
      ],
      [
       193782.596,
       546659.345
      ],
      [
       193781.929,
       546658.903
      ],
      [
       193785.422,
       546653.629
      ],
      [
       193784.699,
       546653.181
      ],
      [
       193789.116,
       546646.511
      ],
      [
       193789.227,
       546646.344
      ],
      [
       193778.639,
       546639.332
      ],
      [
       193763.509,
       546662.176
      ]
     ]
    ]
   },
   "properties": {
    "label": "기존건물",
    "height_m": 33.2
   }
  },
  {
   "type": "Feature",
   "geometry": {
    "type": "Polygon",
    "coordinates": [
     [
      [
       193824.603,
       546971.495
      ],
      [
       193826.703,
       546968.705
      ],
      [
       193827.213,
       546969.095
      ],
      [
       193837.833,
       546955.026
      ],
      [
       193837.253,
       546954.456
      ],
      [
       193839.653,
       546952.016
      ],
      [
       193834.243,
       546947.866
      ],
      [
       193834.643,
       546947.336
      ],
      [
       193816.072,
       546932.636
      ],
      [
       193815.742,
       546933.046
      ],
      [
       193810.413,
       546928.835
      ],
      [
       193808.263,
       546931.555
      ],
      [
       193807.873,
       546931.265
      ],
      [
       193796.803,
       546945.335
      ],
      [
       193796.983,
       546945.465
      ],
      [
       193794.902,
       546948.505
      ],
      [
       193800.393,
       546952.635
      ],
      [
       193800.123,
       546953.005
      ],
      [
       193819.163,
       546967.905
      ],
      [
       193819.533,
       546967.625
      ],
      [
       193824.603,
       546971.495
      ]
     ]
    ]
   },
   "properties": {
    "label": "기존건물",
    "height_m": 78.0
   }
  },
  {
   "type": "Feature",
   "geometry": {
    "type": "Polygon",
    "coordinates": [
     [
      [
       193833.643,
       546794.426
      ],
      [
       193817.253,
       546781.516
      ],
      [
       193791.783,
       546813.915
      ],
      [
       193808.203,
       546826.795
      ],
      [
       193833.643,
       546794.426
      ]
     ]
    ]
   },
   "properties": {
    "label": "기존건물",
    "height_m": 41.0
   }
  },
  {
   "type": "Feature",
   "geometry": {
    "type": "Polygon",
    "coordinates": [
     [
      [
       193922.302,
       546558.014
      ],
      [
       193924.108,
       546555.492
      ],
      [
       193925.81,
       546557.02
      ],
      [
       193933.529,
       546548.455
      ],
      [
       193930.816,
       546546.648
      ],
      [
       193951.789,
       546520.902
      ],
      [
       193953.812,
       546522.535
      ],
      [
       193959.686,
       546515.029
      ],
      [
       193927.167,
       546490.138
      ],
      [
       193921.566,
       546497.296
      ],
      [
       193922.536,
       546498.49
      ],
      [
       193922.942,
       546502.029
      ],
      [
       193923.197,
       546503.316
      ],
      [
       193922.561,
       546506.722
      ],
      [
       193914.908,
       546515.538
      ],
      [
       193908.885,
       546512.85
      ],
      [
       193889.688,
       546537.381
      ],
      [
       193901.449,
       546538.931
      ],
      [
       193903.752,
       546539.898
      ],
      [
       193913.431,
       546547.137
      ],
      [
       193922.302,
       546558.014
      ]
     ]
    ]
   },
   "properties": {
    "label": "기존건물",
    "height_m": 81.8
   }
  },
  {
   "type": "Feature",
   "geometry": {
    "type": "Polygon",
    "coordinates": [
     [
      [
       194578.773,
       546812.356
      ],
      [
       194583.673,
       546806.496
      ],
      [
       194511.613,
       546750.255
      ],
      [
       194497.463,
       546739.215
      ],
      [
       194492.773,
       546745.216
      ],
      [
       194494.543,
       546746.596
      ],
      [
       194493.903,
       546747.416
      ],
      [
       194494.533,
       546747.906
      ],
      [
       194493.963,
       546748.636
      ],
      [
       194506.673,
       546758.535
      ],
      [
       194503.123,
       546763.106
      ],
      [
       194507.193,
       546766.275
      ],
      [
       194510.943,
       546761.885
      ],
      [
       194511.623,
       546762.455
      ],
      [
       194535.183,
       546780.945
      ],
      [
       194531.613,
       546785.465
      ],
      [
       194535.953,
       546788.895
      ],
      [
       194539.833,
       546784.195
      ],
      [
       194564.032,
       546803.266
      ],
      [
       194560.393,
       546807.996
      ],
      [
       194564.613,
       546811.246
      ],
      [
       194568.643,
       546806.436
      ],
      [
       194575.513,
       546812.186
      ],
      [
       194576.153,
       546811.426
      ],
      [
       194576.713,
       546811.896
      ],
      [
       194577.333,
       546811.156
      ],
      [
       194578.773,
       546812.356
      ]
     ]
    ]
   },
   "properties": {
    "label": "기존건물",
    "height_m": 7.6
   }
  },
  {
   "type": "Feature",
   "geometry": {
    "type": "Polygon",
    "coordinates": [
     [
      [
       193751.563,
       546831.975
      ],
      [
       193760.583,
       546820.436
      ],
      [
       193757.203,
       546817.756
      ],
      [
       193757.543,
       546817.316
      ],
      [
       193725.532,
       546791.985
      ],
      [
       193724.972,
       546792.675
      ],
      [
       193721.753,
       546789.955
      ],
      [
       193712.622,
       546801.446
      ],
      [
       193715.953,
       546804.076
      ],
      [
       193715.673,
       546804.426
      ],
      [
       193747.803,
       546829.855
      ],
      [
       193748.073,
       546829.505
      ],
      [
       193751.563,
       546831.975
      ]
     ]
    ]
   },
   "properties": {
    "label": "기존건물",
    "height_m": 37.3
   }
  },
  {
   "type": "Feature",
   "geometry": {
    "type": "Polygon",
    "coordinates": [
     [
      [
       194222.333,
       546854.736
      ],
      [
       194176.253,
       546818.755
      ],
      [
       194165.503,
       546832.476
      ],
      [
       194211.613,
       546868.475
      ],
      [
       194222.333,
       546854.736
      ]
     ]
    ]
   },
   "properties": {
    "label": "기존건물",
    "height_m": 11.0
   }
  },
  {
   "type": "Feature",
   "geometry": {
    "type": "Polygon",
    "coordinates": [
     [
      [
       193871.723,
       546921.986
      ],
      [
       193894.842,
       546892.536
      ],
      [
       193889.893,
       546888.755
      ],
      [
       193895.773,
       546881.045
      ],
      [
       193895.223,
       546876.325
      ],
      [
       193878.313,
       546862.975
      ],
      [
       193873.463,
       546863.646
      ],
      [
       193849.083,
       546894.745
      ],
      [
       193849.643,
       546899.515
      ],
      [
       193857.263,
       546905.555
      ],
      [
       193853.563,
       546910.225
      ],
      [
       193853.573,
       546910.665
      ],
      [
       193856.902,
       546913.415
      ],
      [
       193857.183,
       546913.075
      ],
      [
       193858.933,
       546914.525
      ],
      [
       193858.903,
       546914.565
      ],
      [
       193868.353,
       546922.375
      ],
      [
       193871.723,
       546921.986
      ]
     ]
    ]
   },
   "properties": {
    "label": "기존건물",
    "height_m": 83.9
   }
  },
  {
   "type": "Feature",
   "geometry": {
    "type": "Polygon",
    "coordinates": [
     [
      [
       193885.903,
       546653.606
      ],
      [
       193889.002,
       546649.246
      ],
      [
       193892.633,
       546652.085
      ],
      [
       193914.653,
       546623.926
      ],
      [
       193914.133,
       546617.466
      ],
      [
       193899.263,
       546608.166
      ],
      [
       193874.353,
       546638.216
      ],
      [
       193877.683,
       546640.936
      ],
      [
       193874.583,
       546645.016
      ],
      [
       193885.903,
       546653.606
      ]
     ]
    ]
   },
   "properties": {
    "label": "기존건물",
    "height_m": 42.0
   }
  },
  {
   "type": "Feature",
   "geometry": {
    "type": "Polygon",
    "coordinates": [
     [
      [
       193956.063,
       546819.446
      ],
      [
       193923.923,
       546794.745
      ],
      [
       193899.313,
       546826.836
      ],
      [
       193931.453,
       546851.496
      ],
      [
       193956.063,
       546819.446
      ]
     ]
    ]
   },
   "properties": {
    "label": "기존건물",
    "height_m": 48.8
   }
  },
  {
   "type": "Feature",
   "geometry": {
    "type": "Polygon",
    "coordinates": [
     [
      [
       194020.013,
       547224.065
      ],
      [
       194028.023,
       547214.126
      ],
      [
       194022.743,
       547209.876
      ],
      [
       194025.503,
       547206.436
      ],
      [
       194030.503,
       547210.466
      ],
      [
       194038.333,
       547200.746
      ],
      [
       194034.503,
       547197.706
      ],
      [
       194033.583,
       547198.866
      ],
      [
       194026.393,
       547193.186
      ],
      [
       194028.063,
       547190.776
      ],
      [
       194016.643,
       547182.106
      ],
      [
       194013.743,
       547185.876
      ],
      [
       194014.713,
       547186.626
      ],
      [
       194009.263,
       547193.715
      ],
      [
       194013.993,
       547197.006
      ],
      [
       194011.073,
       547201.215
      ],
      [
       194006.443,
       547197.285
      ],
      [
       194000.443,
       547204.345
      ],
      [
       193999.703,
       547203.725
      ],
      [
       193996.463,
       547207.535
      ],
      [
       194007.673,
       547217.065
      ],
      [
       194009.883,
       547214.415
      ],
      [
       194016.943,
       547220.095
      ],
      [
       194016.213,
       547221.005
      ],
      [
       194020.013,
       547224.065
      ]
     ]
    ]
   },
   "properties": {
    "label": "기존건물",
    "height_m": 44.0
   }
  },
  {
   "type": "Feature",
   "geometry": {
    "type": "Polygon",
    "coordinates": [
     [
      [
       194475.69,
       546722.346
      ],
      [
       194446.991,
       546700.048
      ],
      [
       194437.455,
       546692.654
      ],
      [
       194433.909,
       546689.921
      ],
      [
       194428.369,
       546696.861
      ],
      [
       194430.789,
       546698.801
      ],
      [
       194429.619,
       546700.271
      ],
      [
       194446.279,
       546713.521
      ],
      [
       194442.819,
       546717.871
      ],
      [
       194446.92,
       546721.141
      ],
      [
       194450.34,
       546716.501
      ],
      [
       194466.459,
       546729.142
      ],
      [
       194467.729,
       546727.522
      ],
      [
       194470.139,
       546729.422
      ],
      [
       194475.69,
       546722.346
      ]
     ]
    ]
   },
   "properties": {
    "label": "기존건물",
    "height_m": 38.4
   }
  }
 ],
 "crs": {
  "type": "name",
  "properties": {
   "name": "urn:ogc:def:crs:EPSG::5186"
  }
 }
}