family,stage,floors,top_floors,height_m,new_fail,new_ok,gfa_m2,far_pct,service_m2,real_m2,coverage_m2,bcr_pct,daylight_ratio,dong_gap_m,dong_gap_ratio,n_dong,mean_total_h,min_short_m,label
단일,5 미세조정,48,48,162.4,62,38,37580,400.0,9546,47126,847,9.02,0.027,,,1,3.563,16.86,48층 783㎡(46.4×16.9m)
단일,5 미세조정,50,50,169.0,63,38,37580,400.0,10009,47589,816,8.69,0.021,,,1,3.55,15.63,50층 752㎡(48.1×15.6m)
단일,5 미세조정,46,46,155.8,63,38,37580,400.0,9409,46989,883,9.4,0.028,,,1,3.566,16.93,46층 817㎡(48.3×16.9m)
단일,5 미세조정,51,51,172.3,64,38,37580,400.0,10242,47822,802,8.53,0.022,,,1,3.542,15.08,51층 737㎡(48.9×15.1m)
단일,5 미세조정,50,50,169.0,64,38,37580,400.0,10137,47717,817,8.7,0.022,,,1,3.546,15.23,50층 752㎡(49.3×15.2m)
단일,5 미세조정,49,49,165.7,64,38,37580,400.0,9842,47422,832,8.85,0.029,,,1,3.552,15.99,49층 767㎡(48.0×16.0m)
단일,5 미세조정,47,47,159.1,64,38,37580,400.0,9815,47395,867,9.23,0.022,,,1,3.556,15.71,47층 800㎡(50.9×15.7m)
단일,5 미세조정,46,46,155.8,64,38,37580,400.0,9145,46725,881,9.38,0.027,,,1,3.576,18.08,46층 817㎡(45.2×18.1m)
단일,5 미세조정,53,53,178.9,65,38,37580,400.0,10318,47898,772,8.22,0.022,,,1,3.572,15.18,53층 709㎡(46.7×15.2m)
단일,5 미세조정,53,53,178.9,65,38,37580,400.0,10318,47898,772,8.22,0.021,,,1,3.547,15.18,53층 709㎡(46.7×15.2m)
단일,5 미세조정,52,52,175.6,65,38,37580,400.0,10153,47733,786,8.36,0.019,,,1,3.567,15.52,52층 723㎡(46.6×15.5m)
단일,5 미세조정,51,51,172.3,65,38,37580,400.0,9854,47434,799,8.51,0.02,,,1,3.579,16.36,51층 737㎡(45.0×16.4m)
단일,5 미세조정,51,51,172.3,65,38,37580,400.0,9931,47511,800,8.51,0.018,,,1,3.571,16.08,51층 737㎡(45.8×16.1m)
단일,5 미세조정,51,51,172.3,65,38,37580,400.0,10050,47630,801,8.52,0.019,,,1,3.567,15.67,51층 737㎡(47.0×15.7m)
단일,5 미세조정,50,50,169.0,65,38,37580,400.0,9828,47408,815,8.68,0.02,,,1,3.577,16.24,50층 752㎡(46.3×16.2m)
단일,5 미세조정,50,50,169.0,65,38,37580,400.0,9880,47460,815,8.68,0.021,,,1,3.575,16.05,50층 752㎡(46.8×16.1m)
단일,5 미세조정,50,50,169.0,65,38,37580,400.0,10137,47717,817,8.7,0.022,,,1,3.57,15.23,50층 752㎡(49.3×15.2m)
단일,5 미세조정,49,49,165.7,65,38,37580,400.0,10030,47610,833,8.87,0.022,,,1,3.571,15.39,49층 767㎡(49.8×15.4m)
단일,5 미세조정,54,54,182.2,66,38,37580,400.0,10420,48000,758,8.07,0.031,,,1,3.571,15.04,54층 696㎡(46.3×15.0m)
단일,5 미세조정,50,50,169.0,66,38,37580,400.0,9828,47408,815,8.68,0.028,,,1,3.552,16.24,50층 752㎡(46.3×16.2m)
단일,5 미세조정,49,49,165.7,66,38,37580,400.0,9650,47230,831,8.84,0.019,,,1,3.581,16.69,49층 767㎡(46.0×16.7m)
단일,5 미세조정,49,49,165.7,66,38,37580,400.0,9725,47305,831,8.85,0.02,,,1,3.576,16.4,49층 767㎡(46.8×16.4m)
단일,5 미세조정,49,49,165.7,66,38,37580,400.0,9356,46936,829,8.82,0.023,,,1,3.574,17.97,49층 767㎡(42.7×18.0m)
단일,5 미세조정,48,48,162.4,66,38,37580,400.0,9505,47085,847,9.01,0.02,,,1,3.557,17.03,48층 783㎡(46.0×17.0m)
단일,5 미세조정,46,46,155.8,66,37,37580,400.0,9977,47557,887,9.44,0.029,,,1,3.545,15.06,46층 817㎡(54.2×15.1m)
단일,5 미세조정,52,52,175.6,67,38,37580,400.0,9955,47535,785,8.35,0.029,,,1,3.577,16.2,52층 723㎡(44.6×16.2m)
단일,5 미세조정,49,49,165.7,67,38,37580,400.0,9452,47032,829,8.83,0.027,,,1,3.583,17.52,49층 767㎡(43.8×17.5m)
단일,5 미세조정,47,47,159.1,67,37,37580,400.0,9631,47211,866,9.22,0.022,,,1,3.551,16.33,47층 800㎡(49.0×16.3m)
단일,5 미세조정,45,45,152.5,67,38,37580,400.0,9190,46770,901,9.59,0.03,,,1,3.592,17.59,45층 835㎡(47.5×17.6m)
단일,5 미세조정,53,53,178.9,69,37,37580,400.0,10973,48553,776,8.26,0.017,,,1,3.532,13.5,53층 709㎡(52.5×13.5m)
단일,5 미세조정,47,47,159.1,69,38,37580,400.0,9298,46878,864,9.19,0.027,,,1,3.574,17.66,47층 800㎡(45.3×17.7m)
단일,5 미세조정,53,53,178.9,70,35,37580,400.0,12918,50498,788,8.39,0.04,,,1,3.472,10.46,53층 709㎡(67.8×10.5m)
단일,5 미세조정,47,47,159.1,70,38,37580,400.0,9631,47211,866,9.22,0.032,,,1,3.548,16.33,47층 800㎡(49.0×16.3m)
단일,5 미세조정,46,46,155.8,70,38,37580,400.0,9052,46632,881,9.37,0.035,,,1,3.568,18.55,46층 817㎡(44.0×18.5m)
단일,5 미세조정,52,52,175.6,71,38,37580,400.0,9652,47232,783,8.33,0.023,,,1,3.599,17.44,52층 723㎡(41.4×17.4m)
단일,5 미세조정,49,49,165.7,71,37,37580,400.0,10311,47891,835,8.89,0.027,,,1,3.526,14.6,49층 767㎡(52.5×14.6m)
단일,5 미세조정,48,48,162.4,71,38,37580,400.0,9737,47317,849,9.03,0.023,,,1,3.577,16.15,48층 783㎡(48.5×16.2m)
단일,5 미세조정,47,47,159.1,71,38,37580,400.0,9249,46829,863,9.19,0.02,,,1,3.576,17.88,47층 800㎡(44.7×17.9m)
단일,5 미세조정,46,46,155.8,71,37,37580,400.0,9977,47557,887,9.44,0.027,,,1,3.533,15.06,46층 817㎡(54.2×15.1m)
단일,5 미세조정,44,44,149.2,71,37,37580,400.0,9083,46663,921,9.8,0.031,,,1,3.566,17.79,44층 854㎡(48.0×17.8m)
단일,5 미세조정,44,44,149.2,71,38,37580,400.0,9305,46885,923,9.82,0.043,,,1,3.554,16.87,44층 854㎡(50.6×16.9m)
단일,5 미세조정,43,43,145.9,71,38,37580,400.0,8974,46554,942,10.02,0.041,,,1,3.578,17.99,43층 874㎡(48.6×18.0m)
단일,5 미세조정,43,43,145.9,71,37,37580,400.0,9194,46774,943,10.04,0.034,,,1,3.577,17.07,43층 874㎡(51.2×17.1m)
단일,5 미세조정,55,55,185.5,72,34,37580,400.0,11479,49059,751,7.99,0.075,,,1,3.5,12.68,55층 683㎡(53.9×12.7m)
단일,5 미세조정,53,53,178.9,72,38,37580,400.0,9749,47329,768,8.18,0.032,,,1,3.6,17.28,53층 709㎡(41.0×17.3m)
단일,5 미세조정,50,50,169.0,72,38,37580,400.0,9752,47332,815,8.67,0.029,,,1,3.563,16.52,50층 752㎡(45.5×16.5m)
단일,5 미세조정,49,49,165.7,72,38,37580,400.0,9725,47305,831,8.85,0.02,,,1,3.559,16.4,49층 767㎡(46.8×16.4m)
단일,5 미세조정,49,49,165.7,72,37,37580,400.0,10171,47751,834,8.88,0.028,,,1,3.538,14.98,49층 767㎡(51.2×15.0m)
단일,5 미세조정,48,48,162.4,72,37,37580,400.0,10200,47780,852,9.07,0.02,,,1,3.546,14.75,48층 783㎡(53.1×14.7m)
단일,1b 층수·세장비,47,47,159.1,72,38,37580,400.0,9631,47211,866,9.22,0.026,,,1,3.572,16.33,47층 800㎡(49.0×16.3m)
단일,5 미세조정,45,45,152.5,72,37,37580,400.0,9190,46770,901,9.59,0.031,,,1,3.564,17.59,45층 835㎡(47.5×17.6m)
단일,5 미세조정,55,55,185.5,73,36,37580,400.0,11479,49059,751,7.99,0.061,,,1,3.501,12.68,55층 683㎡(53.9×12.7m)
단일,5 미세조정,54,54,182.2,73,38,37580,400.0,10553,48133,759,8.08,0.021,,,1,3.525,14.66,54층 696㎡(47.5×14.7m)
단일,5 미세조정,53,53,178.9,73,38,37580,400.0,9849,47429,769,8.19,0.031,,,1,3.589,16.84,53층 709㎡(42.1×16.8m)
단일,5 미세조정,53,53,178.9,73,37,37580,400.0,10318,47898,772,8.22,0.024,,,1,3.558,15.18,53층 709㎡(46.7×15.2m)
단일,5 미세조정,53,53,178.9,73,36,37580,400.0,12138,49718,783,8.34,0.045,,,1,3.481,11.46,53층 709㎡(61.9×11.5m)
단일,5 미세조정,52,52,175.6,73,38,37580,400.0,10032,47612,785,8.36,0.03,,,1,3.559,15.92,52층 723㎡(45.4×15.9m)
단일,5 미세조정,52,52,175.6,73,38,37580,400.0,10555,48135,788,8.39,0.024,,,1,3.54,14.37,52층 723㎡(50.3×14.4m)
단일,5 미세조정,52,52,175.6,73,38,37580,400.0,10216,47796,786,8.37,0.02,,,1,3.53,15.32,52층 723㎡(47.2×15.3m)
단일,5 미세조정,51,51,172.3,73,37,37580,400.0,10755,48335,805,8.57,0.026,,,1,3.532,13.77,51층 737㎡(53.5×13.8m)
단일,5 미세조정,50,50,169.0,73,38,37580,400.0,9947,47527,816,8.68,0.035,,,1,3.548,15.83,50층 752㎡(47.5×15.8m)
단일,5 미세조정,50,50,169.0,73,38,37580,400.0,10137,47717,817,8.7,0.032,,,1,3.547,15.23,50층 752㎡(49.3×15.2m)
단일,5 미세조정,50,50,169.0,73,38,37580,400.0,10137,47717,817,8.7,0.027,,,1,3.54,15.23,50층 752㎡(49.3×15.2m)
단일,5 미세조정,49,49,165.7,73,37,37580,400.0,10311,47891,835,8.89,0.02,,,1,3.568,14.6,49층 767㎡(52.5×14.6m)
단일,5 미세조정,49,49,165.7,73,38,37580,400.0,9842,47422,832,8.85,0.031,,,1,3.555,15.99,49층 767㎡(48.0×16.0m)
단일,5 미세조정,49,49,165.7,73,37,37580,400.0,10171,47751,834,8.88,0.021,,,1,3.526,14.98,49층 767㎡(51.2×15.0m)
단일,5 미세조정,48,48,162.4,73,38,37580,400.0,9351,46931,846,9.0,0.027,,,1,3.56,17.7,48층 783㎡(44.2×17.7m)
단일,5 미세조정,45,45,152.5,73,37,37580,400.0,9352,46932,902,9.6,0.033,,,1,3.561,16.92,45층 835㎡(49.3×16.9m)
단일,5 미세조정,53,53,178.9,74,37,37580,400.0,10450,48030,773,8.23,0.024,,,1,3.529,14.79,53층 709㎡(47.9×14.8m)
단일,5 미세조정,52,52,175.6,74,38,37580,400.0,10153,47733,786,8.36,0.033,,,1,3.56,15.52,52층 723㎡(46.6×15.5m)
단일,5 미세조정,52,52,175.6,74,38,37580,400.0,9955,47535,785,8.35,0.029,,,1,3.544,16.2,52층 723㎡(44.6×16.2m)
단일,5 미세조정,52,52,175.6,74,38,37580,400.0,10347,47927,787,8.38,0.033,,,1,3.531,14.93,52층 723㎡(48.4×14.9m)
단일,5 미세조정,52,52,175.6,74,33,37580,400.0,12018,49598,798,8.49,0.045,,,1,3.485,11.57,52층 723㎡(62.5×11.6m)
단일,5 미세조정,51,51,172.3,74,37,37580,400.0,10528,48108,804,8.55,0.026,,,1,3.549,14.31,51층 737㎡(51.5×14.3m)
단일,5 미세조정,50,50,169.0,74,38,37580,400.0,9828,47408,815,8.68,0.03,,,1,3.544,16.24,50층 752㎡(46.3×16.2m)
단일,5 미세조정,50,50,169.0,74,34,37580,400.0,11337,48917,825,8.78,0.056,,,1,3.484,12.51,50층 752㎡(60.1×12.5m)
단일,5 미세조정,49,49,165.7,74,38,37580,400.0,9608,47188,830,8.84,0.022,,,1,3.567,16.85,49층 767㎡(45.5×16.9m)
단일,5 미세조정,48,48,162.4,74,37,37580,400.0,10200,47780,852,9.07,0.025,,,1,3.551,14.75,48층 783㎡(53.1×14.7m)
단일,5 미세조정,47,47,159.1,74,37,37580,400.0,9815,47395,867,9.23,0.025,,,1,3.545,15.71,47층 800㎡(50.9×15.7m)
단일,5 미세조정,47,47,159.1,74,38,37580,400.0,9815,47395,867,9.23,0.034,,,1,3.542,15.71,47층 800㎡(50.9×15.7m)
단일,5 미세조정,47,47,159.1,74,37,37580,400.0,9815,47395,867,9.23,0.027,,,1,3.534,15.71,47층 800㎡(50.9×15.7m)
단일,5 미세조정,46,46,155.8,74,37,37580,400.0,9183,46763,881,9.38,0.024,,,1,3.559,17.9,46층 817㎡(45.6×17.9m)
단일,5 미세조정,44,44,149.2,74,37,37580,400.0,9349,46929,923,9.82,0.028,,,1,3.572,16.71,44층 854㎡(51.1×16.7m)
단일,1b 층수·세장비,55,55,185.5,75,33,37580,400.0,12820,50400,759,8.08,0.037,,,1,3.482,10.67,55층 683㎡(64.0×10.7m)
단일,5 미세조정,53,53,178.9,75,37,37580,400.0,11685,49265,781,8.31,0.022,,,1,3.478,12.15,53층 709㎡(58.3×12.2m)
단일,5 미세조정,52,52,175.6,75,37,37580,400.0,10635,48215,789,8.4,0.035,,,1,3.548,14.17,52층 723㎡(51.0×14.2m)
단일,5 미세조정,52,52,175.6,75,37,37580,400.0,10864,48444,790,8.41,0.035,,,1,3.542,13.63,52층 723㎡(53.0×13.6m)
단일,5 미세조정,52,52,175.6,75,36,37580,400.0,11570,49150,795,8.46,0.039,,,1,3.498,12.27,52층 723㎡(58.9×12.3m)
단일,5 미세조정,52,52,175.6,75,34,37580,400.0,11532,49112,795,8.46,0.061,,,1,3.492,12.33,52층 723㎡(58.6×12.3m)
단일,5 미세조정,52,52,175.6,75,37,37580,400.0,11202,48782,793,8.44,0.032,,,1,3.48,12.93,52층 723㎡(55.9×12.9m)
단일,5 미세조정,48,48,162.4,75,38,37580,400.0,9256,46836,845,9.0,0.019,,,1,3.575,18.16,48층 783㎡(43.1×18.2m)
단일,5 미세조정,48,48,162.4,75,37,37580,400.0,9923,47503,850,9.05,0.025,,,1,3.543,15.54,48층 783㎡(50.4×15.5m)
단일,5 미세조정,48,48,162.4,75,33,37580,400.0,11099,48679,858,9.13,0.051,,,1,3.491,12.77,48층 783㎡(61.3×12.8m)
단일,5 미세조정,47,47,159.1,75,38,37580,400.0,9249,46829,863,9.19,0.021,,,1,3.599,17.88,47층 800㎡(44.7×17.9m)
단일,5 미세조정,46,46,155.8,75,38,37580,400.0,9052,46632,881,9.37,0.028,,,1,3.568,18.55,46층 817㎡(44.0×18.5m)
단일,5 미세조정,46,46,155.8,75,38,37580,400.0,9183,46763,881,9.38,0.038,,,1,3.563,17.9,46층 817㎡(45.6×17.9m)
단일,5 미세조정,45,45,152.5,75,38,37580,400.0,9089,46669,900,9.58,0.027,,,1,3.555,18.04,45층 835㎡(46.3×18.0m)
단일,5 미세조정,44,44,149.2,75,37,37580,400.0,9959,47539,928,9.87,0.023,,,1,3.542,14.82,44층 854㎡(57.6×14.8m)
단일,5 미세조정,55,55,185.5,76,37,37580,400.0,11874,49454,753,8.02,0.047,,,1,3.487,11.99,55층 683㎡(57.0×12.0m)
단일,5 미세조정,55,55,185.5,76,32,37580,400.0,12599,50179,758,8.06,0.037,,,1,3.483,10.95,55층 683㎡(62.4×10.9m)
단일,5 미세조정,55,55,185.5,76,37,37580,400.0,11479,49059,751,7.99,0.057,,,1,3.482,12.68,55층 683㎡(53.9×12.7m)
단일,5 미세조정,55,55,185.5,76,36,37580,400.0,12599,50179,758,8.06,0.047,,,1,3.479,10.95,55층 683㎡(62.4×10.9m)
단일,5 미세조정,54,54,182.2,76,37,37580,400.0,10765,48345,760,8.09,0.018,,,1,3.531,14.1,54층 696㎡(49.3×14.1m)
단일,5 미세조정,54,54,182.2,76,37,37580,400.0,11080,48660,762,8.11,0.028,,,1,3.511,13.38,54층 696㎡(52.0×13.4m)
단일,5 미세조정,54,54,182.2,76,37,37580,400.0,11953,49533,768,8.17,0.041,,,1,3.481,11.8,54층 696㎡(59.0×11.8m)
단일,5 미세조정,53,53,178.9,76,36,37580,400.0,10902,48482,776,8.26,0.048,,,1,3.499,13.66,53층 709㎡(51.9×13.7m)
단일,5 미세조정,53,53,178.9,76,33,37580,400.0,12576,50156,786,8.37,0.033,,,1,3.478,10.87,53층 709㎡(65.2×10.9m)
단일,5 미세조정,52,52,175.6,76,34,37580,400.0,11796,49376,796,8.48,0.054,,,1,3.476,11.9,52층 723㎡(60.7×11.9m)
단일,5 미세조정,51,51,172.3,76,38,37580,400.0,10050,47630,801,8.52,0.033,,,1,3.561,15.67,51층 737㎡(47.0×15.7m)
단일,5 미세조정,51,51,172.3,76,37,37580,400.0,10842,48422,806,8.58,0.033,,,1,3.504,13.57,51층 737㎡(54.3×13.6m)
단일,5 미세조정,51,51,172.3,76,36,37580,400.0,10686,48266,805,8.57,0.047,,,1,3.499,13.93,51층 737㎡(52.9×13.9m)
단일,5 미세조정,50,50,169.0,76,38,37580,400.0,9456,47036,813,8.65,0.032,,,1,3.599,17.79,50층 752㎡(42.2×17.8m)
단일,5 미세조정,49,49,165.7,76,38,37580,400.0,9725,47305,831,8.85,0.032,,,1,3.564,16.4,49층 767㎡(46.8×16.4m)
단일,5 미세조정,49,49,165.7,76,38,37580,400.0,9777,47357,831,8.85,0.032,,,1,3.563,16.22,49층 767㎡(47.3×16.2m)
단일,5 미세조정,48,48,162.4,76,37,37580,400.0,9798,47378,849,9.04,0.024,,,1,3.547,15.95,48층 783㎡(49.1×15.9m)
단일,5 미세조정,47,47,159.1,76,36,37580,400.0,10391,47971,871,9.27,0.044,,,1,3.495,14.14,47층 800㎡(56.6×14.1m)
단일,5 미세조정,46,46,155.8,76,38,37580,400.0,8870,46450,879,9.36,0.032,,,1,3.584,19.61,46층 817㎡(41.7×19.6m)
단일,5 미세조정,46,46,155.8,76,38,37580,400.0,8993,46573,880,9.37,0.037,,,1,3.561,18.87,46층 817㎡(43.3×18.9m)
단일,5 미세조정,46,46,155.8,76,38,37580,400.0,9183,46763,881,9.38,0.047,,,1,3.559,17.9,46층 817㎡(45.6×17.9m)
단일,5 미세조정,46,46,155.8,76,38,37580,400.0,9052,46632,881,9.37,0.038,,,1,3.557,18.55,46층 817㎡(44.0×18.5m)
단일,5 미세조정,46,46,155.8,76,37,37580,400.0,9459,47039,884,9.4,0.024,,,1,3.541,16.74,46층 817㎡(48.8×16.7m)
단일,5 미세조정,44,44,149.2,76,38,37580,400.0,8844,46424,919,9.78,0.042,,,1,3.585,18.96,44층 854㎡(45.0×19.0m)
단일,5 미세조정,44,44,149.2,76,37,37580,400.0,9194,46774,922,9.81,0.038,,,1,3.575,17.31,44층 854㎡(49.3×17.3m)
단일,5 미세조정,44,44,149.2,76,38,37580,400.0,8666,46246,918,9.77,0.022,,,1,3.572,20.05,44층 854㎡(42.6×20.0m)
단일,5 미세조정,43,43,145.9,76,37,37580,400.0,8974,46554,942,10.02,0.022,,,1,3.574,17.99,43층 874㎡(48.6×18.0m)
단일,5 미세조정,43,43,145.9,76,37,37580,400.0,9194,46774,943,10.04,0.035,,,1,3.569,17.07,43층 874㎡(51.2×17.1m)
단일,5 미세조정,43,43,145.9,76,37,37580,400.0,8974,46554,942,10.02,0.032,,,1,3.558,17.99,43층 874㎡(48.6×18.0m)
단일,5 미세조정,55,55,185.5,77,37,37580,400.0,12820,50400,759,8.08,0.043,,,1,3.462,10.67,55층 683㎡(64.0×10.7m)
단일,5 미세조정,54,54,182.2,77,33,37580,400.0,11953,49533,768,8.17,0.058,,,1,3.495,11.8,54층 696㎡(59.0×11.8m)
단일,5 미세조정,54,54,182.2,77,32,37580,400.0,11761,49341,767,8.16,0.058,,,1,3.49,12.1,54층 696㎡(57.5×12.1m)
단일,5 미세조정,53,53,178.9,77,38,37580,400.0,9749,47329,768,8.18,0.026,,,1,3.593,17.28,53층 709㎡(41.0×17.3m)
단일,5 미세조정,53,53,178.9,77,36,37580,400.0,11913,49493,782,8.32,0.055,,,1,3.483,11.79,53층 709㎡(60.1×11.8m)
단일,5 미세조정,52,52,175.6,77,37,37580,400.0,11796,49376,796,8.48,0.051,,,1,3.475,11.9,52층 723㎡(60.7×11.9m)
단일,5 미세조정,50,50,169.0,77,34,37580,400.0,10731,48311,821,8.74,0.062,,,1,3.489,13.71,50층 752㎡(54.8×13.7m)
단일,5 미세조정,50,50,169.0,77,37,37580,400.0,10576,48156,820,8.73,0.065,,,1,3.488,14.06,50층 752㎡(53.4×14.1m)
단일,5 미세조정,49,49,165.7,77,37,37580,400.0,9890,47470,832,8.86,0.019,,,1,3.539,15.83,49층 767㎡(48.4×15.8m)
단일,5 미세조정,49,49,165.7,77,37,37580,400.0,10465,48045,836,8.9,0.065,,,1,3.485,14.21,49층 767㎡(54.0×14.2m)
단일,5 미세조정,48,48,162.4,77,37,37580,400.0,10420,48000,853,9.08,0.019,,,1,3.528,14.19,48층 783㎡(55.2×14.2m)
단일,1b 층수·세장비,47,47,159.1,77,38,37580,400.0,9249,46829,863,9.19,0.029,,,1,3.577,17.88,47층 800㎡(44.7×17.9m)
단일,5 미세조정,47,47,159.1,77,37,37580,400.0,9952,47532,868,9.24,0.02,,,1,3.559,15.29,47층 800㎡(52.3×15.3m)
단일,5 미세조정,46,46,155.8,77,38,37580,400.0,9523,47103,884,9.41,0.042,,,1,3.551,16.5,46층 817㎡(49.5×16.5m)
단일,5 미세조정,45,45,152.5,77,38,37580,400.0,8949,46529,899,9.57,0.028,,,1,3.582,18.75,45층 835㎡(44.5×18.8m)
단일,1b 층수·세장비,55,55,185.5,78,37,37580,400.0,12068,49648,754,8.03,0.061,,,1,3.481,11.69,55층 683㎡(58.4×11.7m)
단일,5 미세조정,53,53,178.9,78,37,37580,400.0,10902,48482,776,8.26,0.048,,,1,3.481,13.66,53층 709㎡(51.9×13.7m)
단일,5 미세조정,52,52,175.6,78,33,37580,400.0,10952,48532,791,8.42,0.089,,,1,3.503,13.44,52층 723㎡(53.8×13.4m)
단일,5 미세조정,52,52,175.6,78,37,37580,400.0,10794,48374,790,8.41,0.025,,,1,3.503,13.79,52층 723㎡(52.4×13.8m)
단일,5 미세조정,52,52,175.6,78,37,37580,400.0,10475,48055,788,8.39,0.074,,,1,3.501,14.58,52층 723㎡(49.6×14.6m)
단일,5 미세조정,50,50,169.0,78,38,37580,400.0,9266,46846,811,8.64,0.028,,,1,3.592,18.81,50층 752㎡(40.0×18.8m)
단일,5 미세조정,50,50,169.0,78,31,37580,400.0,10976,48556,823,8.76,0.08,,,1,3.497,13.19,50층 752㎡(57.0×13.2m)
단일,1b 층수·세장비,50,50,169.0,78,31,37580,400.0,10731,48311,821,8.74,0.069,,,1,3.494,13.71,50층 752㎡(54.8×13.7m)
단일,5 미세조정,49,49,165.7,78,30,37580,400.0,11218,48798,841,8.95,0.062,,,1,3.487,12.64,49층 767㎡(60.7×12.6m)
단일,5 미세조정,49,49,165.7,78,34,37580,400.0,11218,48798,841,8.95,0.055,,,1,3.481,12.64,49층 767㎡(60.7×12.6m)
단일,5 미세조정,47,47,159.1,78,37,37580,400.0,10089,47669,869,9.25,0.021,,,1,3.557,14.9,47층 800㎡(53.7×14.9m)
단일,5 미세조정,45,45,152.5,78,37,37580,400.0,9460,47040,903,9.61,0.028,,,1,3.567,16.52,45층 835㎡(50.6×16.5m)
단일,5 미세조정,55,55,185.5,79,36,37580,400.0,11479,49059,751,7.99,0.043,,,1,3.488,12.68,55층 683㎡(53.9×12.7m)
단일,5 미세조정,55,55,185.5,79,37,37580,400.0,11874,49454,753,8.02,0.022,,,1,3.458,11.99,55층 683㎡(57.0×12.0m)
단일,5 미세조정,54,54,182.2,79,38,37580,400.0,10153,47733,757,8.05,0.04,,,1,3.568,15.9,54층 696㎡(43.8×15.9m)
단일,5 미세조정,53,53,178.9,79,38,37580,400.0,10450,48030,773,8.23,0.042,,,1,3.558,14.79,53층 709㎡(47.9×14.8m)
단일,5 미세조정,53,53,178.9,79,37,37580,400.0,11838,49418,782,8.32,0.039,,,1,3.478,11.91,53층 709㎡(59.5×11.9m)
단일,5 미세조정,52,52,175.6,79,36,37580,400.0,11148,48728,792,8.43,0.038,,,1,3.482,13.04,52층 723㎡(55.4×13.0m)
단일,5 미세조정,51,51,172.3,79,38,37580,400.0,9692,47272,798,8.5,0.037,,,1,3.565,17.0,51층 737㎡(43.3×17.0m)
단일,5 미세조정,51,51,172.3,79,38,37580,400.0,9931,47511,800,8.51,0.039,,,1,3.56,16.08,51층 737㎡(45.8×16.1m)
단일,5 미세조정,51,51,172.3,79,38,37580,400.0,10050,47630,801,8.52,0.04,,,1,3.555,15.67,51층 737㎡(47.0×15.7m)
단일,1b 층수·세장비,50,50,169.0,79,38,37580,400.0,9553,47133,813,8.66,0.03,,,1,3.57,17.34,50층 752㎡(43.3×17.3m)
단일,5 미세조정,50,50,169.0,79,34,37580,400.0,10576,48156,820,8.73,0.037,,,1,3.501,14.06,50층 752㎡(53.4×14.1m)
단일,5 미세조정,50,50,169.0,79,37,37580,400.0,10263,47843,818,8.71,0.058,,,1,3.483,14.87,50층 752㎡(50.6×14.9m)
단일,5 미세조정,50,50,169.0,79,37,37580,400.0,10576,48156,820,8.73,0.035,,,1,3.482,14.06,50층 752㎡(53.4×14.1m)
단일,5 미세조정,50,50,169.0,79,37,37580,400.0,10576,48156,820,8.73,0.054,,,1,3.481,14.06,50층 752㎡(53.4×14.1m)
단일,5 미세조정,49,49,165.7,79,38,37580,400.0,9491,47071,830,8.83,0.037,,,1,3.566,17.34,49층 767㎡(44.2×17.3m)
단일,5 미세조정,48,48,162.4,79,38,37580,400.0,9737,47317,849,9.03,0.035,,,1,3.582,16.15,48층 783㎡(48.5×16.2m)
단일,1b 층수·세장비,47,47,159.1,79,38,37580,400.0,8881,46461,861,9.16,0.029,,,1,3.606,19.99,47층 800㎡(40.0×20.0m)
단일,5 미세조정,47,47,159.1,79,38,37580,400.0,8970,46550,861,9.17,0.037,,,1,3.588,19.4,47층 800㎡(41.2×19.4m)
단일,5 미세조정,47,47,159.1,79,38,37580,400.0,9155,46735,863,9.18,0.039,,,1,3.587,18.35,47층 800㎡(43.6×18.3m)
단일,5 미세조정,43,43,145.9,79,36,37580,400.0,8829,46409,940,10.01,0.042,,,1,3.575,18.7,43층 874㎡(46.7×18.7m)
단일,5 미세조정,43,43,145.9,79,36,37580,400.0,9194,46774,943,10.04,0.046,,,1,3.544,17.07,43층 874㎡(51.2×17.1m)
단일,1b 층수·세장비,55,55,185.5,80,37,37580,400.0,10042,47622,742,7.9,0.041,,,1,3.509,16.53,55층 683㎡(41.3×16.5m)
단일,5 미세조정,54,54,182.2,80,32,37580,400.0,12699,50279,772,8.22,0.051,,,1,3.483,10.77,54층 696㎡(64.6×10.8m)
단일,5 미세조정,54,54,182.2,80,32,37580,400.0,12479,50059,771,8.21,0.057,,,1,3.481,11.05,54층 696㎡(63.0×11.0m)
단일,5 미세조정,53,53,178.9,80,38,37580,400.0,9553,47133,767,8.17,0.032,,,1,3.564,18.27,53층 709㎡(38.8×18.3m)
단일,5 미세조정,53,53,178.9,80,34,37580,400.0,11647,49227,780,8.31,0.08,,,1,3.494,12.22,53층 709㎡(58.0×12.2m)
단일,1b 층수·세장비,53,53,178.9,80,37,37580,400.0,9849,47429,769,8.19,0.061,,,1,3.49,16.84,53층 709㎡(42.1×16.8m)
단일,5 미세조정,52,52,175.6,80,31,37580,400.0,10475,48055,788,8.39,0.072,,,1,3.505,14.58,52층 723㎡(49.6×14.6m)
단일,5 미세조정,52,52,175.6,80,37,37580,400.0,10475,48055,788,8.39,0.064,,,1,3.496,14.58,52층 723㎡(49.6×14.6m)
단일,5 미세조정,52,52,175.6,80,32,37580,400.0,11796,49376,796,8.48,0.067,,,1,3.485,11.9,52층 723㎡(60.7×11.9m)
단일,5 미세조정,51,51,172.3,80,38,37580,400.0,9362,46942,796,8.47,0.032,,,1,3.566,18.62,51층 737㎡(39.6×18.6m)
단일,5 미세조정,50,50,169.0,80,38,37580,400.0,9592,47172,814,8.66,0.039,,,1,3.569,17.17,50층 752㎡(43.8×17.2m)
단일,5 미세조정,50,50,169.0,80,36,37580,400.0,10263,47843,818,8.71,0.05,,,1,3.5,14.87,50층 752㎡(50.6×14.9m)
단일,5 미세조정,50,50,169.0,80,37,37580,400.0,10263,47843,818,8.71,0.028,,,1,3.493,14.87,50층 752㎡(50.6×14.9m)
단일,5 미세조정,49,49,165.7,80,38,37580,400.0,9452,47032,829,8.83,0.039,,,1,3.569,17.52,49층 767㎡(43.8×17.5m)
단일,5 미세조정,48,48,162.4,80,38,37580,400.0,9505,47085,847,9.01,0.031,,,1,3.567,17.03,48층 783㎡(46.0×17.0m)
단일,5 미세조정,48,48,162.4,80,37,37580,400.0,9256,46836,845,9.0,0.019,,,1,3.565,18.16,48층 783㎡(43.1×18.2m)
단일,5 미세조정,48,48,162.4,80,37,37580,400.0,9737,47317,849,9.03,0.027,,,1,3.561,16.15,48층 783㎡(48.5×16.2m)
단일,5 미세조정,47,47,159.1,80,34,37580,400.0,10391,47971,871,9.27,0.073,,,1,3.492,14.14,47층 800㎡(56.6×14.1m)
단일,5 미세조정,44,44,149.2,80,37,37580,400.0,9349,46929,923,9.82,0.029,,,1,3.558,16.71,44층 854㎡(51.1×16.7m)
단일,5 미세조정,43,43,145.9,80,36,37580,400.0,8829,46409,940,10.01,0.032,,,1,3.564,18.7,43층 874㎡(46.7×18.7m)
단일,5 미세조정,55,55,185.5,81,37,37580,400.0,12599,50179,758,8.06,0.038,,,1,3.458,10.95,55층 683㎡(62.4×10.9m)
단일,5 미세조정,53,53,178.9,81,38,37580,400.0,10054,47634,770,8.2,0.038,,,1,3.547,16.05,53층 709㎡(44.2×16.0m)
단일,5 미세조정,53,53,178.9,81,32,37580,400.0,11314,48894,778,8.28,0.084,,,1,3.503,12.81,53층 709㎡(55.3×12.8m)
단일,5 미세조정,52,52,175.6,81,33,37580,400.0,11570,49150,795,8.46,0.058,,,1,3.502,12.27,52층 723㎡(58.9×12.3m)
단일,5 미세조정,51,51,172.3,81,38,37580,400.0,10113,47693,801,8.53,0.042,,,1,3.558,15.47,51층 737㎡(47.6×15.5m)
단일,5 미세조정,51,51,172.3,81,38,37580,400.0,9692,47272,798,8.5,0.046,,,1,3.549,17.0,51층 737㎡(43.3×17.0m)
단일,5 미세조정,51,51,172.3,81,38,37580,400.0,10242,47822,802,8.53,0.042,,,1,3.531,15.08,51층 737㎡(48.9×15.1m)
단일,5 미세조정,51,51,172.3,81,33,37580,400.0,10370,47950,803,8.54,0.08,,,1,3.493,14.72,51층 737㎡(50.1×14.7m)
단일,5 미세조정,51,51,172.3,81,38,37580,400.0,10686,48266,805,8.57,0.058,,,1,3.485,13.93,51층 737㎡(52.9×13.9m)
단일,5 미세조정,50,50,169.0,81,34,37580,400.0,10731,48311,821,8.74,0.046,,,1,3.497,13.71,50층 752㎡(54.8×13.7m)
단일,5 미세조정,50,50,169.0,81,36,37580,400.0,10576,48156,820,8.73,0.046,,,1,3.48,14.06,50층 752㎡(53.4×14.1m)
단일,1b 층수·세장비,50,50,169.0,81,35,37580,400.0,12202,49782,831,8.84,0.032,,,1,3.458,11.19,50층 752㎡(67.2×11.2m)
단일,5 미세조정,49,49,165.7,81,31,37580,400.0,10465,48045,836,8.9,0.071,,,1,3.496,14.21,49층 767㎡(54.0×14.2m)
단일,5 미세조정,47,47,159.1,81,38,37580,400.0,9516,47096,865,9.21,0.04,,,1,3.548,16.75,47층 800㎡(47.7×16.7m)
단일,5 미세조정,47,47,159.1,81,37,37580,400.0,9815,47395,867,9.23,0.037,,,1,3.53,15.71,47층 800㎡(50.9×15.7m)
단일,5 미세조정,47,47,159.1,81,37,37580,400.0,10013,47593,869,9.25,0.039,,,1,3.522,15.12,47층 800㎡(52.9×15.1m)
단일,5 미세조정,47,47,159.1,81,38,37580,400.0,9815,47395,867,9.23,0.022,,,1,3.521,15.71,47층 800㎡(50.9×15.7m)
단일,5 미세조정,47,47,159.1,81,37,37580,400.0,10013,47593,869,9.25,0.024,,,1,3.513,15.12,47층 800㎡(52.9×15.1m)
단일,5 미세조정,47,47,159.1,81,35,37580,400.0,10391,47971,871,9.27,0.063,,,1,3.494,14.14,47층 800㎡(56.6×14.1m)
단일,1b 층수·세장비,47,47,159.1,81,36,37580,400.0,11121,48701,876,9.33,0.029,,,1,3.49,12.65,47층 800㎡(63.2×12.6m)
단일,1b 층수·세장비,47,47,159.1,81,36,37580,400.0,9631,47211,866,9.22,0.053,,,1,3.488,16.33,47층 800㎡(49.0×16.3m)
단일,5 미세조정,46,46,155.8,81,37,37580,400.0,9705,47285,885,9.42,0.039,,,1,3.576,15.88,46층 817㎡(51.4×15.9m)
단일,5 미세조정,46,46,155.8,81,37,37580,400.0,9296,46876,882,9.39,0.033,,,1,3.565,17.39,46층 817㎡(47.0×17.4m)
단일,5 미세조정,46,46,155.8,81,37,37580,400.0,9705,47285,885,9.42,0.045,,,1,3.547,15.88,46층 817㎡(51.4×15.9m)
단일,5 미세조정,45,45,152.5,81,37,37580,400.0,10076,47656,908,9.66,0.044,,,1,3.526,14.66,45층 835㎡(57.0×14.7m)
단일,5 미세조정,55,55,185.5,82,37,37580,400.0,12599,50179,758,8.06,0.039,,,1,3.454,10.95,55층 683㎡(62.4×10.9m)
단일,5 미세조정,54,54,182.2,82,38,37580,400.0,10153,47733,757,8.05,0.029,,,1,3.527,15.9,54층 696㎡(43.8×15.9m)
단일,5 미세조정,54,54,182.2,82,37,37580,400.0,12030,49610,768,8.18,0.046,,,1,3.464,11.68,54층 696㎡(59.6×11.7m)
단일,5 미세조정,53,53,178.9,82,38,37580,400.0,9553,47133,767,8.17,0.049,,,1,3.56,18.27,53층 709㎡(38.8×18.3m)
단일,5 미세조정,53,53,178.9,82,38,37580,400.0,10054,47634,770,8.2,0.031,,,1,3.552,16.05,53층 709㎡(44.2×16.0m)
단일,5 미세조정,53,53,178.9,82,32,37580,400.0,11314,48894,778,8.28,0.072,,,1,3.507,12.81,53층 709㎡(55.3×12.8m)
단일,5 미세조정,52,52,175.6,82,37,37580,400.0,10347,47927,787,8.38,0.034,,,1,3.54,14.93,52층 723㎡(48.4×14.9m)
단일,5 미세조정,52,52,175.6,82,37,37580,400.0,10555,48135,788,8.39,0.028,,,1,3.508,14.37,52층 723㎡(50.3×14.4m)
단일,5 미세조정,51,51,172.3,82,38,37580,400.0,9811,47391,799,8.5,0.047,,,1,3.543,16.52,51층 737㎡(44.6×16.5m)
단일,5 미세조정,50,50,169.0,82,37,37580,400.0,10341,47921,819,8.71,0.036,,,1,3.531,14.66,50층 752㎡(51.3×14.7m)
단일,5 미세조정,50,50,169.0,82,37,37580,400.0,10644,48224,821,8.73,0.038,,,1,3.52,13.9,50층 752㎡(54.1×13.9m)
단일,5 미세조정,49,49,165.7,82,37,37580,400.0,9608,47188,830,8.84,0.025,,,1,3.569,16.85,49층 767㎡(45.5×16.9m)
단일,5 미세조정,48,48,162.4,82,38,37580,400.0,9546,47126,847,9.02,0.019,,,1,3.537,16.86,48층 783㎡(46.4×16.9m)
단일,5 미세조정,48,48,162.4,82,37,37580,400.0,9621,47201,848,9.02,0.033,,,1,3.534,16.57,48층 783㎡(47.2×16.6m)
단일,5 미세조정,47,47,159.1,82,37,37580,400.0,8970,46550,861,9.17,0.019,,,1,3.571,19.4,47층 800㎡(41.2×19.4m)
단일,5 미세조정,47,47,159.1,82,37,37580,400.0,9155,46735,863,9.18,0.021,,,1,3.566,18.35,47층 800㎡(43.6×18.3m)
단일,5 미세조정,47,47,159.1,82,38,37580,400.0,9095,46675,862,9.18,0.037,,,1,3.554,18.67,47층 800㎡(42.8×18.7m)
단일,5 미세조정,47,47,159.1,82,38,37580,400.0,9631,47211,866,9.22,0.031,,,1,3.529,16.33,47층 800㎡(49.0×16.3m)
단일,1b 층수·세장비,47,47,159.1,82,36,37580,400.0,10391,47971,871,9.27,0.035,,,1,3.479,14.14,47층 800㎡(56.6×14.1m)
단일,5 미세조정,46,46,155.8,82,37,37580,400.0,9569,47149,884,9.41,0.03,,,1,3.555,16.34,46층 817㎡(50.0×16.3m)
단일,5 미세조정,45,45,152.5,82,36,37580,400.0,9595,47175,904,9.62,0.047,,,1,3.534,16.05,45층 835㎡(52.0×16.1m)
단일,5 미세조정,44,44,149.2,82,38,37580,400.0,9194,46774,922,9.81,0.048,,,1,3.57,17.31,44층 854㎡(49.3×17.3m)
단일,5 미세조정,44,44,149.2,82,36,37580,400.0,9749,47329,926,9.86,0.042,,,1,3.544,15.4,44층 854㎡(55.5×15.4m)
단일,5 미세조정,44,44,149.2,82,36,37580,400.0,9305,46885,923,9.82,0.023,,,1,3.532,16.87,44층 854㎡(50.6×16.9m)
단일,5 미세조정,53,53,178.9,83,37,37580,400.0,10318,47898,772,8.22,0.026,,,1,3.521,15.18,53층 709㎡(46.7×15.2m)
단일,5 미세조정,53,53,178.9,83,37,37580,400.0,10450,48030,773,8.23,0.027,,,1,3.516,14.79,53층 709㎡(47.9×14.8m)
단일,1b 층수·세장비,53,53,178.9,83,41,37580,400.0,11062,48642,777,8.27,0.073,,,1,3.505,13.31,53층 709㎡(53.3×13.3m)
단일,5 미세조정,53,53,178.9,83,33,37580,400.0,11314,48894,778,8.28,0.072,,,1,3.504,12.81,53층 709㎡(55.3×12.8m)
단일,5 미세조정,52,52,175.6,83,37,37580,400.0,10555,48135,788,8.39,0.036,,,1,3.532,14.37,52층 723㎡(50.3×14.4m)
단일,5 미세조정,51,51,172.3,83,32,37580,400.0,10842,48422,806,8.58,0.079,,,1,3.503,13.57,51층 737㎡(54.3×13.6m)
단일,5 미세조정,49,49,165.7,83,31,37580,400.0,10155,47735,834,8.88,0.102,,,1,3.497,15.02,49층 767㎡(51.1×15.0m)
단일,5 미세조정,49,49,165.7,83,36,37580,400.0,10465,48045,836,8.9,0.08,,,1,3.487,14.21,49층 767㎡(54.0×14.2m)
단일,5 미세조정,48,48,162.4,83,37,37580,400.0,10200,47780,852,9.07,0.039,,,1,3.516,14.75,48층 783㎡(53.1×14.7m)
단일,5 미세조정,48,48,162.4,83,32,37580,400.0,10047,47627,851,9.05,0.092,,,1,3.493,15.17,48층 783㎡(51.6×15.2m)
단일,5 미세조정,47,47,159.1,83,37,37580,400.0,9631,47211,866,9.22,0.035,,,1,3.555,16.33,47층 800㎡(49.0×16.3m)
단일,1b 층수·세장비,47,47,159.1,83,36,37580,400.0,10391,47971,871,9.27,0.036,,,1,3.498,14.14,47층 800㎡(56.6×14.1m)
단일,1a 방위·위치,47,47,159.1,83,34,37580,400.0,9631,47211,866,9.22,0.049,,,1,3.497,16.33,47층 800㎡(49.0×16.3m)
단일,1b 층수·세장비,47,47,159.1,83,35,37580,400.0,11121,48701,876,9.33,0.037,,,1,3.49,12.65,47층 800㎡(63.2×12.6m)
단일,5 미세조정,46,46,155.8,83,36,37580,400.0,9296,46876,882,9.39,0.021,,,1,3.536,17.39,46층 817㎡(47.0×17.4m)
단일,5 미세조정,44,44,149.2,83,37,37580,400.0,8972,46552,920,9.79,0.046,,,1,3.577,18.3,44층 854㎡(46.7×18.3m)
단일,5 미세조정,55,55,185.5,84,32,37580,400.0,11479,49059,751,7.99,0.073,,,1,3.5,12.68,55층 683㎡(53.9×12.7m)
단일,1b 층수·세장비,55,55,185.5,84,36,37580,400.0,9644,47224,740,7.87,0.047,,,1,3.488,18.48,55층 683㎡(37.0×18.5m)
단일,5 미세조정,55,55,185.5,84,37,37580,400.0,12820,50400,759,8.08,0.034,,,1,3.447,10.67,55층 683㎡(64.0×10.7m)
단일,5 미세조정,54,54,182.2,84,35,37580,400.0,12699,50279,772,8.22,0.033,,,1,3.477,10.77,54층 696㎡(64.6×10.8m)
단일,5 미세조정,53,53,178.9,84,41,37580,400.0,11838,49418,782,8.32,0.046,,,1,3.498,11.91,53층 709㎡(59.5×11.9m)
단일,5 미세조정,53,53,178.9,84,40,37580,400.0,11913,49493,782,8.32,0.067,,,1,3.492,11.79,53층 709㎡(60.1×11.8m)
단일,5 미세조정,53,53,178.9,84,36,37580,400.0,11685,49265,781,8.31,0.051,,,1,3.484,12.15,53층 709㎡(58.3×12.2m)
단일,5 미세조정,53,53,178.9,84,37,37580,400.0,12138,49718,783,8.34,0.041,,,1,3.458,11.46,53층 709㎡(61.9×11.5m)
단일,5 미세조정,52,52,175.6,84,32,37580,400.0,12018,49598,798,8.49,0.04,,,1,3.485,11.57,52층 723㎡(62.5×11.6m)
단일,5 미세조정,52,52,175.6,84,36,37580,400.0,11570,49150,795,8.46,0.049,,,1,3.484,12.27,52층 723㎡(58.9×12.3m)
단일,5 미세조정,52,52,175.6,84,35,37580,400.0,11532,49112,795,8.46,0.038,,,1,3.481,12.33,52층 723㎡(58.6×12.3m)
단일,5 미세조정,51,51,172.3,84,32,37580,400.0,11090,48670,807,8.59,0.067,,,1,3.499,13.06,51층 737㎡(56.4×13.1m)
단일,5 미세조정,50,50,169.0,84,32,37580,400.0,10976,48556,823,8.76,0.064,,,1,3.497,13.19,50층 752㎡(57.0×13.2m)
단일,1b 층수·세장비,50,50,169.0,84,33,37580,400.0,9174,46754,811,8.63,0.1,,,1,3.492,19.39,50층 752㎡(38.8×19.4m)
단일,5 미세조정,48,48,162.4,84,37,37580,400.0,10123,47703,851,9.06,0.024,,,1,3.509,14.96,48층 783㎡(52.3×15.0m)
단일,5 미세조정,47,47,159.1,84,36,37580,400.0,9937,47517,868,9.24,0.034,,,1,3.502,15.34,47층 800㎡(52.1×15.3m)
단일,1b 층수·세장비,47,47,159.1,84,31,37580,400.0,9631,47211,866,9.22,0.075,,,1,3.497,16.33,47층 800㎡(49.0×16.3m)
단일,5 미세조정,46,46,155.8,84,36,37580,400.0,9705,47285,885,9.42,0.047,,,1,3.529,15.88,46층 817㎡(51.4×15.9m)
단일,5 미세조정,44,44,149.2,84,36,37580,400.0,8972,46552,920,9.79,0.028,,,1,3.572,18.3,44층 854㎡(46.7×18.3m)
단일,5 미세조정,44,44,149.2,84,36,37580,400.0,9749,47329,926,9.86,0.045,,,1,3.531,15.4,44층 854㎡(55.5×15.4m)
단일,5 미세조정,44,44,149.2,84,36,37580,400.0,9959,47539,928,9.87,0.037,,,1,3.509,14.82,44층 854㎡(57.6×14.8m)
단일,1b 층수·세장비,41,41,139.3,84,37,37580,400.0,8268,45848,982,10.45,0.042,,,1,3.579,21.41,41층 917㎡(42.8×21.4m)
단일,1b 층수·세장비,55,55,185.5,85,39,37580,400.0,10455,48035,745,7.93,0.078,,,1,3.507,15.09,55층 683㎡(45.3×15.1m)
단일,1b 층수·세장비,55,55,185.5,85,37,37580,400.0,10042,47622,742,7.9,0.032,,,1,3.472,16.53,55층 683㎡(41.3×16.5m)
단일,1b 층수·세장비,53,53,178.9,85,37,37580,400.0,10255,47835,772,8.21,0.025,,,1,3.514,15.37,53층 709㎡(46.1×15.4m)
단일,1b 층수·세장비,53,53,178.9,85,41,37580,400.0,11062,48642,777,8.27,0.1,,,1,3.502,13.31,53층 709㎡(53.3×13.3m)
단일,5 미세조정,53,53,178.9,85,32,37580,400.0,11685,49265,781,8.31,0.067,,,1,3.498,12.15,53층 709㎡(58.3×12.2m)
단일,1b 층수·세장비,53,53,178.9,85,36,37580,400.0,9458,47038,767,8.16,0.042,,,1,3.486,18.83,53층 709㎡(37.7×18.8m)
단일,5 미세조정,53,53,178.9,85,35,37580,400.0,12359,49939,785,8.35,0.038,,,1,3.478,11.15,53층 709㎡(63.6×11.2m)
단일,5 미세조정,52,52,175.6,85,37,37580,400.0,9751,47331,783,8.34,0.019,,,1,3.581,17.0,52층 723㎡(42.5×17.0m)
단일,5 미세조정,52,52,175.6,85,37,37580,400.0,12018,49598,798,8.49,0.037,,,1,3.45,11.57,52층 723㎡(62.5×11.6m)
단일,5 미세조정,49,49,165.7,85,37,37580,400.0,10311,47891,835,8.89,0.023,,,1,3.536,14.6,49층 767㎡(52.5×14.6m)
단일,5 미세조정,49,49,165.7,85,37,37580,400.0,10311,47891,835,8.89,0.032,,,1,3.536,14.6,49층 767㎡(52.5×14.6m)
단일,5 미세조정,49,49,165.7,85,31,37580,400.0,10861,48441,839,8.93,0.086,,,1,3.494,13.32,49층 767㎡(57.6×13.3m)
단일,5 미세조정,48,48,162.4,85,37,37580,400.0,9256,46836,845,9.0,0.022,,,1,3.563,18.16,48층 783㎡(43.1×18.2m)
단일,5 미세조정,46,46,155.8,85,37,37580,400.0,9145,46725,881,9.38,0.037,,,1,3.579,18.08,46층 817㎡(45.2×18.1m)
단일,5 미세조정,44,44,149.2,85,37,37580,400.0,9083,46663,921,9.8,0.036,,,1,3.583,17.79,44층 854㎡(48.0×17.8m)
단일,1b 층수·세장비,38,38,129.4,85,31,37580,400.0,8621,46201,1063,11.31,0.1,,,1,3.483,18.16,38층 989㎡(54.5×18.2m)
단일,1b 층수·세장비,55,55,185.5,86,37,37580,400.0,10455,48035,745,7.93,0.031,,,1,3.6,15.09,55층 683㎡(45.3×15.1m)
단일,1b 층수·세장비,55,55,185.5,86,44,37580,400.0,11278,48858,750,7.98,0.121,,,1,3.498,13.07,55층 683㎡(52.3×13.1m)
2개동,5 미세조정,55+55,55,185.5,86,36,37580,400.0,14300,51880,766,8.15,0.018,8.3,2.08,2,3.409,12.1,55층 342㎡(28.2×12.1m) + 55층 342㎡(28.2×12.1m)
단일,5 미세조정,54,54,182.2,86,38,37580,400.0,11369,48949,764,8.13,0.034,,,1,3.446,12.8,54층 696㎡(54.4×12.8m)
2개동,5 미세조정,54+54,54,182.2,86,36,37580,400.0,13967,51547,778,8.28,0.028,9.1,2.28,2,3.411,12.69,54층 348㎡(27.4×12.7m) + 54층 348㎡(27.4×12.7m)
단일,1b 층수·세장비,53,53,178.9,86,33,37580,400.0,11838,49418,782,8.32,0.059,,,1,3.497,11.91,53층 709㎡(59.5×11.9m)
단일,5 미세조정,53,53,178.9,86,36,37580,400.0,11062,48642,777,8.27,0.081,,,1,3.481,13.31,53층 709㎡(53.3×13.3m)
단일,5 미세조정,52,52,175.6,86,35,37580,400.0,10952,48532,791,8.42,0.092,,,1,3.484,13.44,52층 723㎡(53.8×13.4m)
단일,5 미세조정,52,52,175.6,86,34,37580,400.0,12453,50033,801,8.52,0.05,,,1,3.462,10.97,52층 723㎡(65.8×11.0m)
단일,5 미세조정,51,51,172.3,86,32,37580,400.0,11090,48670,807,8.59,0.076,,,1,3.501,13.06,51층 737㎡(56.4×13.1m)
단일,5 미세조정,50,50,169.0,86,38,37580,400.0,9710,47290,814,8.67,0.05,,,1,3.564,16.68,50층 752㎡(45.0×16.7m)
단일,5 미세조정,50,50,169.0,86,38,37580,400.0,9553,47133,813,8.66,0.054,,,1,3.552,17.34,50층 752㎡(43.3×17.3m)
단일,5 미세조정,50,50,169.0,86,38,37580,400.0,9592,47172,814,8.66,0.027,,,1,3.535,17.17,50층 752㎡(43.8×17.2m)
단일,5 미세조정,49,49,165.7,86,38,37580,400.0,9890,47470,832,8.86,0.037,,,1,3.553,15.83,49층 767㎡(48.4×15.8m)
단일,5 미세조정,48,48,162.4,86,38,37580,400.0,9070,46650,844,8.98,0.046,,,1,3.574,19.19,48층 783㎡(40.8×19.2m)
단일,5 미세조정,48,48,162.4,86,38,37580,400.0,9351,46931,846,9.0,0.043,,,1,3.571,17.7,48층 783㎡(44.2×17.7m)
단일,5 미세조정,47,47,159.1,86,37,37580,400.0,9155,46735,863,9.18,0.026,,,1,3.58,18.35,47층 800㎡(43.6×18.3m)
단일,5 미세조정,47,47,159.1,86,38,37580,400.0,9401,46981,864,9.2,0.041,,,1,3.568,17.21,47층 800㎡(46.5×17.2m)
단일,5 미세조정,47,47,159.1,86,36,37580,400.0,9401,46981,864,9.2,0.021,,,1,3.531,17.21,47층 800㎡(46.5×17.2m)
단일,5 미세조정,46,46,155.8,86,36,37580,400.0,9523,47103,884,9.41,0.036,,,1,3.547,16.5,46층 817㎡(49.5×16.5m)
단일,5 미세조정,45,45,152.5,86,37,37580,400.0,9190,46770,901,9.59,0.026,,,1,3.574,17.59,45층 835㎡(47.5×17.6m)
단일,5 미세조정,45,45,152.5,86,36,37580,400.0,10391,47971,910,9.69,0.029,,,1,3.501,13.9,45층 835㎡(60.1×13.9m)
단일,5 미세조정,44,44,149.2,86,37,37580,400.0,9349,46929,923,9.82,0.052,,,1,3.531,16.71,44층 854㎡(51.1×16.7m)
단일,5 미세조정,53,53,178.9,87,34,37580,400.0,10580,48160,774,8.23,0.045,,,1,3.511,14.44,53층 709㎡(49.1×14.4m)
단일,5 미세조정,53,53,178.9,87,33,37580,400.0,12576,50156,786,8.37,0.053,,,1,3.483,10.87,53층 709㎡(65.2×10.9m)
단일,5 미세조정,51,51,172.3,87,33,37580,400.0,10842,48422,806,8.58,0.042,,,1,3.506,13.57,51층 737㎡(54.3×13.6m)
단일,5 미세조정,51,51,172.3,87,33,37580,400.0,11090,48670,807,8.59,0.06,,,1,3.504,13.06,51층 737㎡(56.4×13.1m)
단일,5 미세조정,50,50,169.0,87,38,37580,400.0,9710,47290,814,8.67,0.034,,,1,3.569,16.68,50층 752㎡(45.0×16.7m)
단일,5 미세조정,50,50,169.0,87,38,37580,400.0,9828,47408,815,8.68,0.041,,,1,3.547,16.24,50층 752㎡(46.3×16.2m)
단일,5 미세조정,50,50,169.0,87,38,37580,400.0,9828,47408,815,8.68,0.032,,,1,3.547,16.24,50층 752㎡(46.3×16.2m)
단일,5 미세조정,50,50,169.0,87,38,37580,400.0,9947,47527,816,8.68,0.042,,,1,3.542,15.83,50층 752㎡(47.5×15.8m)
단일,5 미세조정,50,50,169.0,87,35,37580,400.0,10576,48156,820,8.73,0.067,,,1,3.481,14.06,50층 752㎡(53.4×14.1m)
단일,5 미세조정,49,49,165.7,87,38,37580,400.0,9452,47032,829,8.83,0.033,,,1,3.572,17.52,49층 767㎡(43.8×17.5m)
단일,5 미세조정,49,49,165.7,87,38,37580,400.0,9608,47188,830,8.84,0.053,,,1,3.569,16.85,49층 767㎡(45.5×16.9m)
단일,5 미세조정,49,49,165.7,87,38,37580,400.0,9725,47305,831,8.85,0.057,,,1,3.562,16.4,49층 767㎡(46.8×16.4m)
단일,5 미세조정,49,49,165.7,87,38,37580,400.0,9725,47305,831,8.85,0.048,,,1,3.561,16.4,49층 767㎡(46.8×16.4m)
단일,5 미세조정,49,49,165.7,87,37,37580,400.0,9842,47422,832,8.85,0.035,,,1,3.551,15.99,49층 767㎡(48.0×16.0m)
단일,5 미세조정,48,48,162.4,87,38,37580,400.0,9070,46650,844,8.98,0.035,,,1,3.567,19.19,48층 783㎡(40.8×19.2m)
단일,5 미세조정,48,48,162.4,87,38,37580,400.0,9351,46931,846,9.0,0.03,,,1,3.557,17.7,48층 783㎡(44.2×17.7m)
단일,5 미세조정,48,48,162.4,87,38,37580,400.0,9351,46931,846,9.0,0.056,,,1,3.552,17.7,48층 783㎡(44.2×17.7m)
단일,5 미세조정,48,48,162.4,87,37,37580,400.0,9737,47317,849,9.03,0.045,,,1,3.551,16.15,48층 783㎡(48.5×16.2m)
단일,5 미세조정,48,48,162.4,87,37,37580,400.0,9923,47503,850,9.05,0.046,,,1,3.523,15.54,48층 783㎡(50.4×15.5m)
단일,5 미세조정,47,47,159.1,87,38,37580,400.0,9155,46735,863,9.18,0.048,,,1,3.572,18.35,47층 800㎡(43.6×18.3m)
단일,5 미세조정,47,47,159.1,87,37,37580,400.0,9815,47395,867,9.23,0.046,,,1,3.527,15.71,47층 800㎡(50.9×15.7m)
단일,1b 층수·세장비,47,47,159.1,87,32,37580,400.0,9249,46829,863,9.19,0.065,,,1,3.506,17.88,47층 800㎡(44.7×17.9m)
단일,5 미세조정,46,46,155.8,87,38,37580,400.0,9183,46763,881,9.38,0.047,,,1,3.582,17.9,46층 817㎡(45.6×17.9m)
단일,5 미세조정,45,45,152.5,87,37,37580,400.0,9041,46621,900,9.58,0.036,,,1,3.58,18.28,45층 835㎡(45.7×18.3m)
단일,5 미세조정,45,45,152.5,87,36,37580,400.0,9729,47309,905,9.63,0.054,,,1,3.529,15.63,45층 835㎡(53.4×15.6m)
단일,5 미세조정,44,44,149.2,87,36,37580,400.0,9305,46885,923,9.82,0.041,,,1,3.562,16.87,44층 854㎡(50.6×16.9m)
단일,1b 층수·세장비,55,55,185.5,88,41,37580,400.0,10455,48035,745,7.93,0.048,,,1,3.504,15.09,55층 683㎡(45.3×15.1m)
단일,1b 층수·세장비,55,55,185.5,88,32,37580,400.0,9644,47224,740,7.87,0.106,,,1,3.503,18.48,55층 683㎡(37.0×18.5m)
단일,5 미세조정,55,55,185.5,88,37,37580,400.0,11479,49059,751,7.99,0.046,,,1,3.447,12.68,55층 683㎡(53.9×12.7m)
단일,5 미세조정,54,54,182.2,88,38,37580,400.0,10765,48345,760,8.09,0.044,,,1,3.531,14.1,54층 696㎡(49.3×14.1m)
단일,5 미세조정,54,54,182.2,88,34,37580,400.0,11761,49341,767,8.16,0.06,,,1,3.483,12.1,54층 696㎡(57.5×12.1m)
단일,1b 층수·세장비,53,53,178.9,88,41,37580,400.0,10255,47835,772,8.21,0.046,,,1,3.507,15.37,53층 709㎡(46.1×15.4m)
단일,5 미세조정,52,52,175.6,88,38,37580,400.0,9791,47371,783,8.34,0.03,,,1,3.54,16.83,52층 723㎡(42.9×16.8m)
단일,5 미세조정,52,52,175.6,88,33,37580,400.0,10952,48532,791,8.42,0.07,,,1,3.507,13.44,52층 723㎡(53.8×13.4m)
단일,5 미세조정,51,51,172.3,88,37,37580,400.0,10050,47630,801,8.52,0.034,,,1,3.526,15.67,51층 737㎡(47.0×15.7m)
단일,5 미세조정,51,51,172.3,88,38,37580,400.0,10242,47822,802,8.53,0.023,,,1,3.511,15.08,51층 737㎡(48.9×15.1m)
단일,5 미세조정,51,51,172.3,88,33,37580,400.0,10686,48266,805,8.57,0.065,,,1,3.505,13.93,51층 737㎡(52.9×13.9m)
단일,5 미세조정,51,51,172.3,88,32,37580,400.0,10686,48266,805,8.57,0.044,,,1,3.499,13.93,51층 737㎡(52.9×13.9m)
단일,5 미세조정,50,50,169.0,88,37,37580,400.0,9266,46846,811,8.64,0.029,,,1,3.552,18.81,50층 752㎡(40.0×18.8m)
단일,5 미세조정,50,50,169.0,88,38,37580,400.0,9592,47172,814,8.66,0.052,,,1,3.552,17.17,50층 752㎡(43.8×17.2m)
단일,5 미세조정,50,50,169.0,88,38,37580,400.0,9266,46846,811,8.64,0.025,,,1,3.55,18.81,50층 752㎡(40.0×18.8m)
단일,5 미세조정,49,49,165.7,88,38,37580,400.0,9295,46875,828,8.82,0.031,,,1,3.562,18.28,49층 767㎡(42.0×18.3m)
단일,5 미세조정,49,49,165.7,88,38,37580,400.0,9452,47032,829,8.83,0.042,,,1,3.558,17.52,49층 767㎡(43.8×17.5m)
단일,5 미세조정,49,49,165.7,88,37,37580,400.0,10030,47610,833,8.87,0.046,,,1,3.545,15.39,49층 767㎡(49.8×15.4m)
단일,5 미세조정,49,49,165.7,88,37,37580,400.0,9890,47470,832,8.86,0.038,,,1,3.536,15.83,49층 767㎡(48.4×15.8m)
단일,5 미세조정,49,49,165.7,88,31,37580,400.0,10618,48198,837,8.91,0.044,,,1,3.496,13.85,49층 767㎡(55.4×13.8m)
단일,5 미세조정,48,48,162.4,88,38,37580,400.0,9256,46836,845,9.0,0.047,,,1,3.561,18.16,48층 783㎡(43.1×18.2m)
단일,5 미세조정,48,48,162.4,88,38,37580,400.0,9505,47085,847,9.01,0.05,,,1,3.551,17.03,48층 783㎡(46.0×17.0m)
단일,5 미세조정,48,48,162.4,88,38,37580,400.0,9621,47201,848,9.02,0.042,,,1,3.546,16.57,48층 783㎡(47.2×16.6m)
단일,5 미세조정,48,48,162.4,88,33,37580,400.0,10505,48085,854,9.09,0.062,,,1,3.504,13.99,48층 783㎡(56.0×14.0m)
단일,5 미세조정,47,47,159.1,88,38,37580,400.0,9155,46735,863,9.18,0.034,,,1,3.587,18.35,47층 800㎡(43.6×18.3m)
단일,5 미세조정,47,47,159.1,88,32,37580,400.0,9937,47517,868,9.24,0.049,,,1,3.495,15.34,47층 800㎡(52.1×15.3m)
단일,5 미세조정,46,46,155.8,88,37,37580,400.0,9705,47285,885,9.42,0.042,,,1,3.583,15.88,46층 817㎡(51.4×15.9m)
단일,5 미세조정,46,46,155.8,88,37,37580,400.0,9523,47103,884,9.41,0.048,,,1,3.574,16.5,46층 817㎡(49.5×16.5m)
단일,5 미세조정,44,44,149.2,88,36,37580,400.0,8844,46424,919,9.78,0.041,,,1,3.55,18.96,44층 854㎡(45.0×19.0m)
단일,1b 층수·세장비,44,44,149.2,88,36,37580,400.0,9305,46885,923,9.82,0.047,,,1,3.481,16.87,44층 854㎡(50.6×16.9m)
단일,1b 층수·세장비,41,41,139.3,88,31,37580,400.0,9679,47259,993,10.57,0.072,,,1,3.482,15.14,41층 917㎡(60.6×15.1m)
단일,1b 층수·세장비,38,38,129.4,88,37,37580,400.0,7947,45527,1057,11.25,0.049,,,1,3.608,22.24,38층 989㎡(44.5×22.2m)
단일,1b 층수·세장비,55,55,185.5,89,37,37580,400.0,12068,49648,754,8.03,0.072,,,1,3.489,11.69,55층 683㎡(58.4×11.7m)
단일,1b 층수·세장비,53,53,178.9,89,39,37580,400.0,11062,48642,777,8.27,0.044,,,1,3.559,13.31,53층 709㎡(53.3×13.3m)
단일,5 미세조정,53,53,178.9,89,37,37580,400.0,10450,48030,773,8.23,0.035,,,1,3.517,14.79,53층 709㎡(47.9×14.8m)
단일,5 미세조정,53,53,178.9,89,38,37580,400.0,10450,48030,773,8.23,0.023,,,1,3.514,14.79,53층 709㎡(47.9×14.8m)
단일,1b 층수·세장비,53,53,178.9,89,36,37580,400.0,9849,47429,769,8.19,0.082,,,1,3.492,16.84,53층 709㎡(42.1×16.8m)
단일,5 미세조정,53,53,178.9,89,34,37580,400.0,10580,48160,774,8.23,0.101,,,1,3.489,14.44,53층 709㎡(49.1×14.4m)
단일,1b 층수·세장비,53,53,178.9,89,42,37580,400.0,10255,47835,772,8.21,0.032,,,1,3.461,15.37,53층 709㎡(46.1×15.4m)
단일,5 미세조정,52,52,175.6,89,38,37580,400.0,9955,47535,785,8.35,0.049,,,1,3.55,16.2,52층 723㎡(44.6×16.2m)
단일,5 미세조정,52,52,175.6,89,36,37580,400.0,11721,49301,796,8.47,0.066,,,1,3.49,12.02,52층 723㎡(60.1×12.0m)
단일,5 미세조정,51,51,172.3,89,38,37580,400.0,9362,46942,796,8.47,0.043,,,1,3.553,18.62,51층 737㎡(39.6×18.6m)
단일,5 미세조정,50,50,169.0,89,38,37580,400.0,9592,47172,814,8.66,0.048,,,1,3.539,17.17,50층 752㎡(43.8×17.2m)
단일,5 미세조정,50,50,169.0,89,38,37580,400.0,9947,47527,816,8.68,0.046,,,1,3.536,15.83,50층 752㎡(47.5×15.8m)
단일,1b 층수·세장비,50,50,169.0,89,38,37580,400.0,9947,47527,816,8.68,0.051,,,1,3.53,15.83,50층 752㎡(47.5×15.8m)
단일,5 미세조정,50,50,169.0,89,37,37580,400.0,10420,48000,819,8.72,0.05,,,1,3.52,14.45,50층 752㎡(52.0×14.4m)
단일,5 미세조정,50,50,169.0,89,38,37580,400.0,10137,47717,817,8.7,0.032,,,1,3.51,15.23,50층 752㎡(49.3×15.2m)
단일,5 미세조정,50,50,169.0,89,37,37580,400.0,10420,48000,819,8.72,0.047,,,1,3.507,14.45,50층 752㎡(52.0×14.4m)
단일,1b 층수·세장비,50,50,169.0,89,35,37580,400.0,9947,47527,816,8.68,0.064,,,1,3.489,15.83,50층 752㎡(47.5×15.8m)
단일,1b 층수·세장비,50,50,169.0,89,38,37580,400.0,11484,49064,826,8.79,0.064,,,1,3.485,12.26,50층 752㎡(61.3×12.3m)
단일,5 미세조정,49,49,165.7,89,38,37580,400.0,9356,46936,829,8.82,0.044,,,1,3.587,17.97,49층 767㎡(42.7×18.0m)
단일,5 미세조정,49,49,165.7,89,38,37580,400.0,9168,46748,827,8.81,0.035,,,1,3.551,19.0,49층 767㎡(40.4×19.0m)
단일,5 미세조정,49,49,165.7,89,38,37580,400.0,9650,47230,831,8.84,0.038,,,1,3.531,16.69,49층 767㎡(46.0×16.7m)
단일,5 미세조정,49,49,165.7,89,38,37580,400.0,9725,47305,831,8.85,0.042,,,1,3.53,16.4,49층 767㎡(46.8×16.4m)
단일,5 미세조정,47,47,159.1,89,36,37580,400.0,9677,47257,866,9.22,0.041,,,1,3.528,16.16,47층 800㎡(49.5×16.2m)
단일,5 미세조정,46,46,155.8,89,36,37580,400.0,9705,47285,885,9.42,0.057,,,1,3.529,15.88,46층 817㎡(51.4×15.9m)
단일,5 미세조정,45,45,152.5,89,36,37580,400.0,9415,46995,903,9.61,0.049,,,1,3.553,16.68,45층 835㎡(50.1×16.7m)
단일,5 미세조정,45,45,152.5,89,37,37580,400.0,9041,46621,900,9.58,0.039,,,1,3.541,18.28,45층 835㎡(45.7×18.3m)
단일,1b 층수·세장비,44,44,149.2,89,36,37580,400.0,8579,46159,917,9.76,0.035,,,1,3.59,20.67,44층 854㎡(41.3×20.7m)
단일,1b 층수·세장비,44,44,149.2,89,31,37580,400.0,8935,46515,920,9.79,0.106,,,1,3.497,18.48,44층 854㎡(46.2×18.5m)
단일,1b 층수·세장비,55,55,185.5,90,37,37580,400.0,9644,47224,740,7.87,0.045,,,1,3.472,18.48,55층 683㎡(37.0×18.5m)
단일,5 미세조정,55,55,185.5,90,37,37580,400.0,11874,49454,753,8.02,0.04,,,1,3.436,11.99,55층 683㎡(57.0×12.0m)
단일,5 미세조정,54,54,182.2,90,38,37580,400.0,10420,48000,758,8.07,0.022,,,1,3.503,15.04,54층 696㎡(46.3×15.0m)
단일,5 미세조정,53,53,178.9,90,38,37580,400.0,10318,47898,772,8.22,0.022,,,1,3.504,15.18,53층 709㎡(46.7×15.2m)
단일,1b 층수·세장비,53,53,178.9,90,38,37580,400.0,10255,47835,772,8.21,0.124,,,1,3.502,15.37,53층 709㎡(46.1×15.4m)
단일,5 미세조정,52,52,175.6,90,37,37580,400.0,9652,47232,783,8.33,0.026,,,1,3.567,17.44,52층 723㎡(41.4×17.4m)
단일,5 미세조정,52,52,175.6,90,38,37580,400.0,10216,47796,786,8.37,0.052,,,1,3.525,15.32,52층 723㎡(47.2×15.3m)
단일,5 미세조정,52,52,175.6,90,38,37580,400.0,9955,47535,785,8.35,0.02,,,1,3.518,16.2,52층 723㎡(44.6×16.2m)
단일,5 미세조정,52,52,175.6,90,38,37580,400.0,10347,47927,787,8.38,0.022,,,1,3.495,14.93,52층 723㎡(48.4×14.9m)
단일,5 미세조정,52,52,175.6,90,34,37580,400.0,10794,48374,790,8.41,0.054,,,1,3.489,13.79,52층 723㎡(52.4×13.8m)
단일,5 미세조정,51,51,172.3,90,38,37580,400.0,10242,47822,802,8.53,0.054,,,1,3.521,15.08,51층 737㎡(48.9×15.1m)
단일,5 미세조정,51,51,172.3,90,38,37580,400.0,9811,47391,799,8.5,0.022,,,1,3.517,16.52,51층 737㎡(44.6×16.5m)
단일,5 미세조정,50,50,169.0,90,35,37580,400.0,11337,48917,825,8.78,0.064,,,1,3.474,12.51,50층 752㎡(60.1×12.5m)
단일,5 미세조정,49,49,165.7,90,38,37580,400.0,9904,47484,832,8.86,0.054,,,1,3.526,15.79,49층 767㎡(48.6×15.8m)
단일,5 미세조정,48,48,162.4,90,38,37580,400.0,9505,47085,847,9.01,0.051,,,1,3.54,17.03,48층 783㎡(46.0×17.0m)
단일,5 미세조정,48,48,162.4,90,34,37580,400.0,10047,47627,851,9.05,0.058,,,1,3.491,15.17,48층 783㎡(51.6×15.2m)
단일,5 미세조정,47,47,159.1,90,36,37580,400.0,9155,46735,863,9.18,0.031,,,1,3.552,18.35,47층 800㎡(43.6×18.3m)
단일,5 미세조정,47,47,159.1,90,36,37580,400.0,9690,47270,866,9.22,0.024,,,1,3.52,16.12,47층 800㎡(49.6×16.1m)
단일,5 미세조정,44,44,149.2,90,37,37580,400.0,8666,46246,918,9.77,0.055,,,1,3.584,20.05,44층 854㎡(42.6×20.0m)
단일,1b 층수·세장비,44,44,149.2,90,35,37580,400.0,10040,47620,928,9.88,0.04,,,1,3.494,14.61,44층 854㎡(58.4×14.6m)
단일,1b 층수·세장비,41,41,139.3,90,31,37580,400.0,8969,46549,988,10.51,0.075,,,1,3.49,17.48,41층 917㎡(52.4×17.5m)
단일,1b 층수·세장비,55,55,185.5,91,44,37580,400.0,12068,49648,754,8.03,0.082,,,1,3.48,11.69,55층 683㎡(58.4×11.7m)
단일,5 미세조정,54,54,182.2,91,38,37580,400.0,11761,49341,767,8.16,0.061,,,1,3.463,12.1,54층 696㎡(57.5×12.1m)
단일,1b 층수·세장비,53,53,178.9,91,41,37580,400.0,9849,47429,769,8.19,0.07,,,1,3.508,16.84,53층 709㎡(42.1×16.8m)
단일,1b 층수·세장비,53,53,178.9,91,37,37580,400.0,9849,47429,769,8.19,0.107,,,1,3.497,16.84,53층 709㎡(42.1×16.8m)
단일,5 미세조정,53,53,178.9,91,38,37580,400.0,10902,48482,776,8.26,0.061,,,1,3.496,13.66,53층 709㎡(51.9×13.7m)
단일,5 미세조정,53,53,178.9,91,34,37580,400.0,11259,48839,778,8.28,0.065,,,1,3.484,12.92,53층 709㎡(54.9×12.9m)
단일,1b 층수·세장비,50,50,169.0,91,36,37580,400.0,9553,47133,813,8.66,0.107,,,1,3.496,17.34,50층 752㎡(43.3×17.3m)
단일,5 미세조정,49,49,165.7,91,34,37580,400.0,10155,47735,834,8.88,0.034,,,1,3.505,15.02,49층 767㎡(51.1×15.0m)
단일,5 미세조정,48,48,162.4,91,37,37580,400.0,9196,46776,845,8.99,0.03,,,1,3.551,18.47,48층 783㎡(42.4×18.5m)
단일,5 미세조정,48,48,162.4,91,37,37580,400.0,9621,47201,848,9.02,0.052,,,1,3.535,16.57,48층 783㎡(47.2×16.6m)
단일,5 미세조정,47,47,159.1,91,37,37580,400.0,9516,47096,865,9.21,0.042,,,1,3.585,16.75,47층 800㎡(47.7×16.7m)
단일,5 미세조정,47,47,159.1,91,33,37580,400.0,9937,47517,868,9.24,0.043,,,1,3.504,15.34,47층 800㎡(52.1×15.3m)
단일,5 미세조정,47,47,159.1,91,34,37580,400.0,9937,47517,868,9.24,0.032,,,1,3.501,15.34,47층 800㎡(52.1×15.3m)
단일,5 미세조정,45,45,152.5,91,36,37580,400.0,9460,47040,903,9.61,0.034,,,1,3.524,16.52,45층 835㎡(50.6×16.5m)
단일,1b 층수·세장비,44,44,149.2,91,30,37580,400.0,9305,46885,923,9.82,0.108,,,1,3.495,16.87,44층 854㎡(50.6×16.9m)
단일,1b 층수·세장비,41,41,139.3,91,37,37580,400.0,8268,45848,982,10.45,0.051,,,1,3.601,21.41,41층 917㎡(42.8×21.4m)
단일,1b 층수·세장비,41,41,139.3,91,32,37580,400.0,8268,45848,982,10.45,0.069,,,1,3.489,21.41,41층 917㎡(42.8×21.4m)
단일,5 미세조정,55,55,185.5,92,35,37580,400.0,12599,50179,758,8.06,0.063,,,1,3.486,10.95,55층 683㎡(62.4×10.9m)
2개동,5 미세조정,54+54,54,182.2,92,34,37580,400.0,14456,52036,781,8.31,0.03,6.5,1.63,2,3.416,11.59,54층 348㎡(30.0×11.6m) + 54층 348㎡(30.0×11.6m)
단일,1b 층수·세장비,53,53,178.9,92,37,37580,400.0,9849,47429,769,8.19,0.039,,,1,3.585,16.84,53층 709㎡(42.1×16.8m)
단일,1b 층수·세장비,53,53,178.9,92,32,37580,400.0,10255,47835,772,8.21,0.084,,,1,3.508,15.37,53층 709㎡(46.1×15.4m)
단일,1b 층수·세장비,53,53,178.9,92,39,37580,400.0,9458,47038,767,8.16,0.13,,,1,3.494,18.83,53층 709㎡(37.7×18.8m)
단일,1b 층수·세장비,53,53,178.9,92,34,37580,400.0,9119,46699,764,8.14,0.077,,,1,3.478,21.74,53층 709㎡(32.6×21.7m)
단일,5 미세조정,52,52,175.6,92,33,37580,400.0,11202,48782,793,8.44,0.107,,,1,3.496,12.93,52층 723㎡(55.9×12.9m)
단일,5 미세조정,52,52,175.6,92,37,37580,400.0,10794,48374,790,8.41,0.059,,,1,3.495,13.79,52층 723㎡(52.4×13.8m)
단일,1b 층수·세장비,50,50,169.0,92,34,37580,400.0,10731,48311,821,8.74,0.088,,,1,3.481,13.71,50층 752㎡(54.8×13.7m)
단일,5 미세조정,49,49,165.7,92,36,37580,400.0,9842,47422,832,8.85,0.024,,,1,3.514,15.99,49층 767㎡(48.0×16.0m)
단일,5 미세조정,49,49,165.7,92,37,37580,400.0,10533,48113,837,8.9,0.026,,,1,3.499,14.04,49층 767㎡(54.6×14.0m)
단일,1b 층수·세장비,47,47,159.1,92,40,37580,400.0,9631,47211,866,9.22,0.098,,,1,3.501,16.33,47층 800㎡(49.0×16.3m)
단일,1b 층수·세장비,47,47,159.1,92,37,37580,400.0,11121,48701,876,9.33,0.05,,,1,3.465,12.65,47층 800㎡(63.2×12.6m)
단일,5 미세조정,45,45,152.5,92,37,37580,400.0,9415,46995,903,9.61,0.058,,,1,3.547,16.68,45층 835㎡(50.1×16.7m)
단일,1b 층수·세장비,44,44,149.2,92,31,37580,400.0,8935,46515,920,9.79,0.109,,,1,3.497,18.48,44층 854㎡(46.2×18.5m)
단일,1b 층수·세장비,38,38,129.4,92,34,37580,400.0,9962,47542,1074,11.44,0.05,,,1,3.45,14.06,38층 989㎡(70.3×14.1m)
2개동,5 미세조정,55+55,55,185.5,93,34,37580,400.0,13756,51336,763,8.12,0.021,11.5,2.88,2,3.403,13.64,55층 342㎡(25.0×13.6m) + 55층 342㎡(25.0×13.6m)
단일,1b 층수·세장비,53,53,178.9,93,37,37580,400.0,11062,48642,777,8.27,0.038,,,1,3.478,13.31,53층 709㎡(53.3×13.3m)
단일,1b 층수·세장비,53,53,178.9,93,34,37580,400.0,9119,46699,764,8.14,0.075,,,1,3.469,21.74,53층 709㎡(32.6×21.7m)
단일,5 미세조정,52,52,175.6,93,35,37580,400.0,11796,49376,796,8.48,0.067,,,1,3.466,11.9,52층 723㎡(60.7×11.9m)
단일,5 미세조정,52,52,175.6,93,37,37580,400.0,11721,49301,796,8.47,0.034,,,1,3.433,12.02,52층 723㎡(60.1×12.0m)
단일,5 미세조정,52,52,175.6,93,36,37580,400.0,13284,50864,806,8.58,0.034,,,1,3.43,10.02,52층 723㎡(72.1×10.0m)
단일,1b 층수·세장비,50,50,169.0,93,35,37580,400.0,9947,47527,816,8.68,0.109,,,1,3.484,15.83,50층 752㎡(47.5×15.8m)
단일,1a 방위·위치,47,47,159.1,93,37,37580,400.0,9631,47211,866,9.22,0.048,,,1,3.493,16.33,47층 800㎡(49.0×16.3m)
단일,5 미세조정,47,47,159.1,93,31,37580,400.0,10391,47971,871,9.27,0.084,,,1,3.486,14.14,47층 800㎡(56.6×14.1m)
단일,1b 층수·세장비,47,47,159.1,93,33,37580,400.0,10391,47971,871,9.27,0.085,,,1,3.483,14.14,47층 800㎡(56.6×14.1m)
단일,5 미세조정,46,46,155.8,93,37,37580,400.0,9296,46876,882,9.39,0.052,,,1,3.544,17.39,46층 817㎡(47.0×17.4m)
단일,1b 층수·세장비,44,44,149.2,93,33,37580,400.0,8935,46515,920,9.79,0.13,,,1,3.488,18.48,44층 854㎡(46.2×18.5m)
단일,1b 층수·세장비,41,41,139.3,93,38,37580,400.0,8268,45848,982,10.45,0.058,,,1,3.494,21.41,41층 917㎡(42.8×21.4m)
단일,1b 층수·세장비,38,38,129.4,93,30,37580,400.0,8621,46201,1063,11.31,0.096,,,1,3.49,18.16,38층 989㎡(54.5×18.2m)
단일,1b 층수·세장비,55,55,185.5,94,33,37580,400.0,12068,49648,754,8.03,0.072,,,1,3.498,11.69,55층 683㎡(58.4×11.7m)
단일,5 미세조정,55,55,185.5,94,36,37580,400.0,13675,51255,764,8.13,0.041,,,1,3.433,9.74,55층 683㎡(70.1×9.7m)
2개동,5 미세조정,55+55,55,185.5,94,34,37580,400.0,13985,51565,764,8.13,0.034,9.3,2.32,2,3.407,12.9,55층 342㎡(26.5×12.9m) + 55층 342㎡(26.5×12.9m)
단일,5 미세조정,54,54,182.2,94,38,37580,400.0,10420,48000,758,8.07,0.033,,,1,3.503,15.04,54층 696㎡(46.3×15.0m)
단일,5 미세조정,54,54,182.2,94,37,37580,400.0,11080,48660,762,8.11,0.02,,,1,3.479,13.38,54층 696㎡(52.0×13.4m)
단일,5 미세조정,53,53,178.9,94,38,37580,400.0,9553,47133,767,8.17,0.052,,,1,3.561,18.27,53층 709㎡(38.8×18.3m)
단일,5 미세조정,52,52,175.6,94,38,37580,400.0,9791,47371,783,8.34,0.056,,,1,3.553,16.83,52층 723㎡(42.9×16.8m)
2개동,5 미세조정,52+52,52,175.6,94,36,37580,400.0,13572,51152,806,8.58,0.031,8.5,2.13,2,3.406,13.27,52층 361㎡(27.2×13.3m) + 52층 361㎡(27.2×13.3m)
단일,5 미세조정,51,51,172.3,94,31,37580,400.0,10686,48266,805,8.57,0.064,,,1,3.5,13.93,51층 737㎡(52.9×13.9m)
단일,5 미세조정,51,51,172.3,94,31,37580,400.0,10842,48422,806,8.58,0.054,,,1,3.499,13.57,51층 737㎡(54.3×13.6m)
단일,5 미세조정,50,50,169.0,94,36,37580,400.0,9266,46846,811,8.64,0.034,,,1,3.569,18.81,50층 752㎡(40.0×18.8m)
단일,1b 층수·세장비,50,50,169.0,94,34,37580,400.0,9174,46754,811,8.63,0.134,,,1,3.481,19.39,50층 752㎡(38.8×19.4m)
단일,5 미세조정,49,49,165.7,94,36,37580,400.0,9452,47032,829,8.83,0.045,,,1,3.565,17.52,49층 767㎡(43.8×17.5m)
단일,5 미세조정,48,48,162.4,94,36,37580,400.0,9351,46931,846,9.0,0.042,,,1,3.547,17.7,48층 783㎡(44.2×17.7m)
단일,5 미세조정,47,47,159.1,94,36,37580,400.0,9677,47257,866,9.22,0.034,,,1,3.519,16.16,47층 800㎡(49.5×16.2m)
단일,1b 층수·세장비,47,47,159.1,94,36,37580,400.0,9249,46829,863,9.19,0.022,,,1,3.505,17.88,47층 800㎡(44.7×17.9m)
단일,5 미세조정,44,44,149.2,94,37,37580,400.0,8844,46424,919,9.78,0.062,,,1,3.551,18.96,44층 854㎡(45.0×19.0m)
단일,1b 층수·세장비,41,41,139.3,94,37,37580,400.0,8612,46192,985,10.48,0.05,,,1,3.489,19.15,41층 917㎡(47.9×19.1m)
단일,1b 층수·세장비,55,55,185.5,95,32,37580,400.0,12068,49648,754,8.03,0.036,,,1,3.505,11.69,55층 683㎡(58.4×11.7m)
단일,1b 층수·세장비,55,55,185.5,95,35,37580,400.0,10042,47622,742,7.9,0.057,,,1,3.49,16.53,55층 683㎡(41.3×16.5m)
2개동,5 미세조정,55+55,55,185.5,95,35,37580,400.0,14300,51880,766,8.15,0.044,8.3,2.08,2,3.416,12.1,55층 342㎡(28.2×12.1m) + 55층 342㎡(28.2×12.1m)
단일,5 미세조정,54,54,182.2,95,35,37580,400.0,11761,49341,767,8.16,0.059,,,1,3.472,12.1,54층 696㎡(57.5×12.1m)
단일,5 미세조정,53,53,178.9,95,38,37580,400.0,10318,47898,772,8.22,0.033,,,1,3.504,15.18,53층 709㎡(46.7×15.2m)
단일,5 미세조정,53,53,178.9,95,31,37580,400.0,11314,48894,778,8.28,0.064,,,1,3.497,12.81,53층 709㎡(55.3×12.8m)
단일,1b 층수·세장비,53,53,178.9,95,33,37580,400.0,9119,46699,764,8.14,0.048,,,1,3.486,21.74,53층 709㎡(32.6×21.7m)
단일,1b 층수·세장비,53,53,178.9,95,36,37580,400.0,10255,47835,772,8.21,0.086,,,1,3.474,15.37,53층 709㎡(46.1×15.4m)
단일,1b 층수·세장비,53,53,178.9,95,40,37580,400.0,9849,47429,769,8.19,0.066,,,1,3.468,16.84,53층 709㎡(42.1×16.8m)
2개동,5 미세조정,53+53,53,178.9,95,32,37580,400.0,14313,51893,795,8.46,0.054,6.2,1.56,2,3.412,11.7,53층 355㎡(30.3×11.7m) + 53층 355㎡(30.3×11.7m)
단일,5 미세조정,52,52,175.6,95,38,37580,400.0,9791,47371,783,8.34,0.045,,,1,3.533,16.83,52층 723㎡(42.9×16.8m)
2개동,5 미세조정,52+52,52,175.6,95,34,37580,400.0,13572,51152,806,8.58,0.04,9.3,2.33,2,3.408,13.27,52층 361㎡(27.2×13.3m) + 52층 361㎡(27.2×13.3m)
단일,5 미세조정,51,51,172.3,95,36,37580,400.0,9653,47233,798,8.49,0.045,,,1,3.565,17.17,51층 737㎡(42.9×17.2m)
단일,5 미세조정,51,51,172.3,95,36,37580,400.0,10050,47630,801,8.52,0.047,,,1,3.557,15.67,51층 737㎡(47.0×15.7m)
단일,5 미세조정,51,51,172.3,95,37,37580,400.0,10242,47822,802,8.53,0.025,,,1,3.499,15.08,51층 737㎡(48.9×15.1m)
단일,5 미세조정,51,51,172.3,95,38,37580,400.0,11090,48670,807,8.59,0.092,,,1,3.493,13.06,51층 737㎡(56.4×13.1m)
단일,5 미세조정,50,50,169.0,95,37,37580,400.0,10137,47717,817,8.7,0.037,,,1,3.53,15.23,50층 752㎡(49.3×15.2m)
단일,1b 층수·세장비,50,50,169.0,95,34,37580,400.0,9553,47133,813,8.66,0.095,,,1,3.473,17.34,50층 752㎡(43.3×17.3m)
단일,5 미세조정,49,49,165.7,95,38,37580,400.0,9725,47305,831,8.85,0.02,,,1,3.516,16.4,49층 767㎡(46.8×16.4m)
단일,5 미세조정,47,47,159.1,95,33,37580,400.0,9937,47517,868,9.24,0.083,,,1,3.504,15.34,47층 800㎡(52.1×15.3m)
단일,1b 층수·세장비,47,47,159.1,95,37,37580,400.0,8881,46461,861,9.16,0.045,,,1,3.496,19.99,47층 800㎡(40.0×20.0m)
단일,1b 층수·세장비,47,47,159.1,95,33,37580,400.0,9249,46829,863,9.19,0.131,,,1,3.49,17.88,47층 800㎡(44.7×17.9m)
단일,5 미세조정,46,46,155.8,95,37,37580,400.0,9145,46725,881,9.38,0.039,,,1,3.536,18.08,46층 817㎡(45.2×18.1m)
단일,1b 층수·세장비,55,55,185.5,96,39,37580,400.0,10042,47622,742,7.9,0.052,,,1,3.502,16.53,55층 683㎡(41.3×16.5m)
단일,1b 층수·세장비,55,55,185.5,96,40,37580,400.0,10042,47622,742,7.9,0.11,,,1,3.501,16.53,55층 683㎡(41.3×16.5m)
단일,1b 층수·세장비,55,55,185.5,96,37,37580,400.0,12068,49648,754,8.03,0.064,,,1,3.454,11.69,55층 683㎡(58.4×11.7m)
2개동,5 미세조정,54+54,54,182.2,96,34,37580,400.0,13622,51202,776,8.26,0.057,11.3,2.82,2,3.404,13.77,54층 348㎡(25.3×13.8m) + 54층 348㎡(25.3×13.8m)
단일,5 미세조정,52,52,175.6,96,36,37580,400.0,10475,48055,788,8.39,0.075,,,1,3.498,14.58,52층 723㎡(49.6×14.6m)
단일,5 미세조정,50,50,169.0,96,38,37580,400.0,9828,47408,815,8.68,0.02,,,1,3.513,16.24,50층 752㎡(46.3×16.2m)
단일,1b 층수·세장비,50,50,169.0,96,44,37580,400.0,9553,47133,813,8.66,0.039,,,1,3.486,17.34,50층 752㎡(43.3×17.3m)
단일,1b 층수·세장비,50,50,169.0,96,36,37580,400.0,8844,46424,809,8.61,0.048,,,1,3.47,22.38,50층 752㎡(33.6×22.4m)
단일,1b 층수·세장비,50,50,169.0,96,36,37580,400.0,9553,47133,813,8.66,0.073,,,1,3.469,17.34,50층 752㎡(43.3×17.3m)
단일,1b 층수·세장비,50,50,169.0,96,40,37580,400.0,9553,47133,813,8.66,0.065,,,1,3.468,17.34,50층 752㎡(43.3×17.3m)
단일,5 미세조정,48,48,162.4,96,38,37580,400.0,9256,46836,845,9.0,0.057,,,1,3.56,18.16,48층 783㎡(43.1×18.2m)
단일,5 미세조정,48,48,162.4,96,36,37580,400.0,9672,47252,848,9.03,0.045,,,1,3.537,16.39,48층 783㎡(47.8×16.4m)
단일,5 미세조정,48,48,162.4,96,36,37580,400.0,9784,47364,849,9.04,0.034,,,1,3.517,16.0,48층 783㎡(48.9×16.0m)
단일,1a 방위·위치,47,47,159.1,96,38,37580,400.0,9631,47211,866,9.22,0.065,,,1,3.487,16.33,47층 800㎡(49.0×16.3m)
단일,5 미세조정,47,47,159.1,96,38,37580,400.0,10391,47971,871,9.27,0.096,,,1,3.487,14.14,47층 800㎡(56.6×14.1m)
단일,5 미세조정,46,46,155.8,96,39,37580,400.0,9523,47103,884,9.41,0.058,,,1,3.572,16.5,46층 817㎡(49.5×16.5m)
단일,5 미세조정,46,46,155.8,96,36,37580,400.0,9296,46876,882,9.39,0.045,,,1,3.537,17.39,46층 817㎡(47.0×17.4m)
단일,5 미세조정,46,46,155.8,96,36,37580,400.0,9523,47103,884,9.41,0.048,,,1,3.53,16.5,46층 817㎡(49.5×16.5m)
단일,5 미세조정,45,45,152.5,96,37,37580,400.0,8768,46348,898,9.56,0.059,,,1,3.573,19.82,45층 835㎡(42.1×19.8m)
단일,5 미세조정,45,45,152.5,96,36,37580,400.0,9415,46995,903,9.61,0.057,,,1,3.541,16.68,45층 835㎡(50.1×16.7m)
단일,5 미세조정,44,44,149.2,96,36,37580,400.0,9083,46663,921,9.8,0.056,,,1,3.541,17.79,44층 854㎡(48.0×17.8m)
단일,5 미세조정,43,43,145.9,96,36,37580,400.0,8739,46319,940,10.0,0.052,,,1,3.552,19.18,43층 874㎡(45.6×19.2m)
단일,1b 층수·세장비,41,41,139.3,96,33,37580,400.0,8268,45848,982,10.45,0.146,,,1,3.476,21.41,41층 917㎡(42.8×21.4m)
단일,1b 층수·세장비,38,38,129.4,96,37,37580,400.0,8278,45858,1060,11.28,0.091,,,1,3.476,19.89,38층 989㎡(49.7×19.9m)
단일,5 미세조정,55,55,185.5,97,37,37580,400.0,11874,49454,753,8.02,0.027,,,1,3.447,11.99,55층 683㎡(57.0×12.0m)
2개동,5 미세조정,55+55,55,185.5,97,31,37580,400.0,14300,51880,766,8.15,0.066,6.6,1.64,2,3.423,12.1,55층 342㎡(28.2×12.1m) + 55층 342㎡(28.2×12.1m)
2개동,5 미세조정,55+55,55,185.5,97,31,37580,400.0,14105,51685,765,8.14,0.049,7.6,1.91,2,3.419,12.58,55층 342㎡(27.2×12.6m) + 55층 342㎡(27.2×12.6m)
2개동,5 미세조정,55+55,55,185.5,97,31,37580,400.0,13756,51336,763,8.12,0.045,10.7,2.68,2,3.404,13.64,55층 342㎡(25.0×13.6m) + 55층 342㎡(25.0×13.6m)
2개동,5 미세조정,54+54,54,182.2,97,33,37580,400.0,13967,51547,778,8.28,0.052,7.4,1.84,2,3.416,12.69,54층 348㎡(27.4×12.7m) + 54층 348㎡(27.4×12.7m)
단일,1b 층수·세장비,53,53,178.9,97,40,37580,400.0,10255,47835,772,8.21,0.134,,,1,3.497,15.37,53층 709㎡(46.1×15.4m)
단일,1b 층수·세장비,53,53,178.9,97,46,37580,400.0,10255,47835,772,8.21,0.077,,,1,3.487,15.37,53층 709㎡(46.1×15.4m)
단일,5 미세조정,53,53,178.9,97,37,37580,400.0,11647,49227,780,8.31,0.04,,,1,3.442,12.22,53층 709㎡(58.0×12.2m)
단일,5 미세조정,52,52,175.6,97,35,37580,400.0,11148,48728,792,8.43,0.068,,,1,3.457,13.04,52층 723㎡(55.4×13.0m)
단일,5 미세조정,50,50,169.0,97,37,37580,400.0,9947,47527,816,8.68,0.032,,,1,3.553,15.83,50층 752㎡(47.5×15.8m)
단일,5 미세조정,50,50,169.0,97,37,37580,400.0,9456,47036,813,8.65,0.056,,,1,3.546,17.79,50층 752㎡(42.2×17.8m)
단일,5 미세조정,50,50,169.0,97,32,37580,400.0,10731,48311,821,8.74,0.051,,,1,3.5,13.71,50층 752㎡(54.8×13.7m)
단일,5 미세조정,49,49,165.7,97,36,37580,400.0,10030,47610,833,8.87,0.019,,,1,3.5,15.39,49층 767㎡(49.8×15.4m)
단일,5 미세조정,48,48,162.4,97,38,37580,400.0,10200,47780,852,9.07,0.052,,,1,3.555,14.75,48층 783㎡(53.1×14.7m)
단일,5 미세조정,45,45,152.5,97,36,37580,400.0,9302,46882,902,9.6,0.051,,,1,3.558,17.12,45층 835㎡(48.8×17.1m)
단일,1b 층수·세장비,44,44,149.2,97,36,37580,400.0,9305,46885,923,9.82,0.058,,,1,3.463,16.87,44층 854㎡(50.6×16.9m)
단일,1b 층수·세장비,41,41,139.3,97,37,37580,400.0,9679,47259,993,10.57,0.066,,,1,3.461,15.14,41층 917㎡(60.6×15.1m)
단일,1b 층수·세장비,38,38,129.4,97,34,37580,400.0,7947,45527,1057,11.25,0.126,,,1,3.468,22.24,38층 989㎡(44.5×22.2m)
단일,1b 층수·세장비,55,55,185.5,98,39,37580,400.0,9644,47224,740,7.87,0.129,,,1,3.496,18.48,55층 683㎡(37.0×18.5m)
단일,1b 층수·세장비,55,55,185.5,98,39,37580,400.0,9644,47224,740,7.87,0.151,,,1,3.494,18.48,55층 683㎡(37.0×18.5m)
단일,1b 층수·세장비,55,55,185.5,98,45,37580,400.0,11278,48858,750,7.98,0.101,,,1,3.485,13.07,55층 683㎡(52.3×13.1m)
2개동,5 미세조정,55+55,55,185.5,98,31,37580,400.0,14105,51685,765,8.14,0.063,8.6,2.15,2,3.416,12.58,55층 342㎡(27.2×12.6m) + 55층 342㎡(27.2×12.6m)
2개동,5 미세조정,55+55,55,185.5,98,34,37580,400.0,13756,51336,763,8.12,0.045,9.7,2.44,2,3.414,13.64,55층 342㎡(25.0×13.6m) + 55층 342㎡(25.0×13.6m)
2개동,5 미세조정,55+55,55,185.5,98,32,37580,400.0,13985,51565,764,8.13,0.074,9.3,2.32,2,3.409,12.9,55층 342㎡(26.5×12.9m) + 55층 342㎡(26.5×12.9m)
2개동,5 미세조정,54+54,54,182.2,98,31,37580,400.0,14456,52036,781,8.31,0.058,4.8,1.2,2,3.423,11.59,54층 348㎡(30.0×11.6m) + 54층 348㎡(30.0×11.6m)
2개동,5 미세조정,54+54,54,182.2,98,33,37580,400.0,13967,51547,778,8.28,0.046,7.4,1.84,2,3.419,12.69,54층 348㎡(27.4×12.7m) + 54층 348㎡(27.4×12.7m)
2개동,5 미세조정,54+54,54,182.2,98,31,37580,400.0,13849,51429,777,8.27,0.07,7.2,1.79,2,3.418,13.02,54층 348㎡(26.7×13.0m) + 54층 348㎡(26.7×13.0m)
단일,5 미세조정,53,53,178.9,98,37,37580,400.0,11259,48839,778,8.28,0.031,,,1,3.455,12.92,53층 709㎡(54.9×12.9m)
2개동,5 미세조정,53+53,53,178.9,98,31,37580,400.0,14019,51599,793,8.44,0.068,6.0,1.51,2,3.418,12.33,53층 355㎡(28.8×12.3m) + 53층 355㎡(28.8×12.3m)
2개동,5 미세조정,53+53,53,178.9,98,34,37580,400.0,13450,51030,790,8.4,0.045,9.5,2.38,2,3.41,14.03,53층 355㎡(25.3×14.0m) + 53층 355㎡(25.3×14.0m)
2개동,5 미세조정,53+53,53,178.9,98,31,37580,400.0,13711,51291,791,8.42,0.055,8.8,2.2,2,3.409,13.14,53층 355㎡(27.0×13.1m) + 53층 355㎡(27.0×13.1m)
2개동,5 미세조정,53+53,53,178.9,98,31,37580,400.0,13486,51066,790,8.41,0.074,11.0,2.76,2,3.403,13.9,53층 355㎡(25.5×13.9m) + 53층 355㎡(25.5×13.9m)
2개동,5 미세조정,53+53,53,178.9,98,34,37580,400.0,13363,50943,789,8.4,0.023,11.1,2.78,2,3.397,14.4,53층 355㎡(24.6×14.4m) + 53층 355㎡(24.6×14.4m)
단일,5 미세조정,52,52,175.6,98,38,37580,400.0,10153,47733,786,8.36,0.06,,,1,3.525,15.52,52층 723㎡(46.6×15.5m)
단일,5 미세조정,52,52,175.6,98,38,37580,400.0,10032,47612,785,8.36,0.029,,,1,3.51,15.92,52층 723㎡(45.4×15.9m)
단일,5 미세조정,52,52,175.6,98,38,37580,400.0,11148,48728,792,8.43,0.058,,,1,3.449,13.04,52층 723㎡(55.4×13.0m)
단일,5 미세조정,52,52,175.6,98,36,37580,400.0,12018,49598,798,8.49,0.051,,,1,3.433,11.57,52층 723㎡(62.5×11.6m)
2개동,5 미세조정,52+52,52,175.6,98,31,37580,400.0,13878,51458,808,8.6,0.059,5.8,1.44,2,3.42,12.45,52층 361㎡(29.0×12.4m) + 52층 361㎡(29.0×12.4m)
2개동,5 미세조정,52+52,52,175.6,98,31,37580,400.0,13459,51039,805,8.57,0.064,9.3,2.31,2,3.417,13.63,52층 361㎡(26.5×13.6m) + 52층 361㎡(26.5×13.6m)
2개동,5 미세조정,52+52,52,175.6,98,33,37580,400.0,14168,51748,810,8.62,0.038,4.2,1.05,2,3.417,11.81,52층 361㎡(30.6×11.8m) + 52층 361㎡(30.6×11.8m)
2개동,5 미세조정,52+52,52,175.6,98,31,37580,400.0,13572,51152,806,8.58,0.065,8.5,2.13,2,3.416,13.27,52층 361㎡(27.2×13.3m) + 52층 361㎡(27.2×13.3m)
2개동,5 미세조정,52+52,52,175.6,98,33,37580,400.0,13688,51268,806,8.58,0.054,7.8,1.96,2,3.41,12.93,52층 361㎡(27.9×12.9m) + 52층 361㎡(27.9×12.9m)
2개동,5 미세조정,52+52,52,175.6,98,31,37580,400.0,13349,50929,804,8.56,0.075,10.8,2.7,2,3.404,14.03,52층 361㎡(25.8×14.0m) + 52층 361㎡(25.8×14.0m)
단일,5 미세조정,50,50,169.0,98,36,37580,400.0,10137,47717,817,8.7,0.05,,,1,3.52,15.23,50층 752㎡(49.3×15.2m)
단일,5 미세조정,49,49,165.7,98,36,37580,400.0,9842,47422,832,8.85,0.049,,,1,3.526,15.99,49층 767㎡(48.0×16.0m)
단일,5 미세조정,48,48,162.4,98,36,37580,400.0,9923,47503,850,9.05,0.042,,,1,3.525,15.54,48층 783㎡(50.4×15.5m)
단일,5 미세조정,47,47,159.1,98,36,37580,400.0,9401,46981,864,9.2,0.044,,,1,3.534,17.21,47층 800㎡(46.5×17.2m)
단일,5 미세조정,47,47,159.1,98,37,37580,400.0,9516,47096,865,9.21,0.042,,,1,3.52,16.75,47층 800㎡(47.7×16.7m)
단일,5 미세조정,44,44,149.2,98,36,37580,400.0,9959,47539,928,9.87,0.067,,,1,3.516,14.82,44층 854㎡(57.6×14.8m)
단일,1b 층수·세장비,55,55,185.5,99,42,37580,400.0,12068,49648,754,8.03,0.104,,,1,3.476,11.69,55층 683㎡(58.4×11.7m)
2개동,5 미세조정,54+54,54,182.2,99,31,37580,400.0,13849,51429,777,8.27,0.066,8.1,2.02,2,3.415,13.02,54층 348㎡(26.7×13.0m) + 54층 348㎡(26.7×13.0m)
2개동,5 미세조정,54+54,54,182.2,99,33,37580,400.0,13622,51202,776,8.26,0.061,11.3,2.82,2,3.413,13.77,54층 348㎡(25.3×13.8m) + 54층 348㎡(25.3×13.8m)
2개동,5 미세조정,54+54,54,182.2,99,31,37580,400.0,13497,51077,775,8.25,0.068,9.3,2.31,2,3.409,14.26,54층 348㎡(24.4×14.3m) + 54층 348㎡(24.4×14.3m)
단일,1b 층수·세장비,53,53,178.9,99,31,37580,400.0,9119,46699,764,8.14,0.104,,,1,3.483,21.74,53층 709㎡(32.6×21.7m)
단일,1b 층수·세장비,53,53,178.9,99,38,37580,400.0,11838,49418,782,8.32,0.082,,,1,3.475,11.91,53층 709㎡(59.5×11.9m)
2개동,5 미세조정,53+53,53,178.9,99,32,37580,400.0,13450,51030,790,8.4,0.069,10.5,2.62,2,3.408,14.03,53층 355㎡(25.3×14.0m) + 53층 355㎡(25.3×14.0m)
단일,5 미세조정,52,52,175.6,99,37,37580,400.0,10216,47796,786,8.37,0.033,,,1,3.504,15.32,52층 723㎡(47.2×15.3m)
단일,5 미세조정,52,52,175.6,99,37,37580,400.0,10347,47927,787,8.38,0.034,,,1,3.501,14.93,52층 723㎡(48.4×14.9m)
2개동,5 미세조정,52+52,52,175.6,99,35,37580,400.0,13878,51458,808,8.6,0.026,5.8,1.44,2,3.415,12.45,52층 361㎡(29.0×12.4m) + 52층 361㎡(29.0×12.4m)
2개동,5 미세조정,52+52,52,175.6,99,32,37580,400.0,13688,51268,806,8.58,0.077,7.8,1.96,2,3.409,12.93,52층 361㎡(27.9×12.9m) + 52층 361㎡(27.9×12.9m)
2개동,5 미세조정,52+52,52,175.6,99,33,37580,400.0,13349,50929,804,8.56,0.037,9.0,2.26,2,3.403,14.03,52층 361㎡(25.8×14.0m) + 52층 361㎡(25.8×14.0m)
2개동,5 미세조정,52+52,52,175.6,99,34,37580,400.0,13067,50647,802,8.54,0.022,12.2,3.06,2,3.392,15.37,52층 361㎡(23.5×15.4m) + 52층 361㎡(23.5×15.4m)
단일,5 미세조정,51,51,172.3,99,37,37580,400.0,10050,47630,801,8.52,0.061,,,1,3.527,15.67,51층 737㎡(47.0×15.7m)
단일,5 미세조정,51,51,172.3,99,37,37580,400.0,10755,48335,805,8.57,0.019,,,1,3.482,13.77,51층 737㎡(53.5×13.8m)
단일,5 미세조정,50,50,169.0,99,36,37580,400.0,10137,47717,817,8.7,0.034,,,1,3.501,15.23,50층 752㎡(49.3×15.2m)
단일,1b 층수·세장비,50,50,169.0,99,36,37580,400.0,8844,46424,809,8.61,0.03,,,1,3.48,22.38,50층 752㎡(33.6×22.4m)
단일,1b 층수·세장비,50,50,169.0,99,35,37580,400.0,8844,46424,809,8.61,0.136,,,1,3.473,22.38,50층 752㎡(33.6×22.4m)
단일,1b 층수·세장비,50,50,169.0,99,35,37580,400.0,9174,46754,811,8.63,0.123,,,1,3.469,19.39,50층 752㎡(38.8×19.4m)
단일,5 미세조정,49,49,165.7,99,36,37580,400.0,10311,47891,835,8.89,0.036,,,1,3.488,14.6,49층 767㎡(52.5×14.6m)
단일,5 미세조정,47,47,159.1,99,37,37580,400.0,8970,46550,861,9.17,0.049,,,1,3.566,19.4,47층 800㎡(41.2×19.4m)
단일,5 미세조정,46,46,155.8,99,37,37580,400.0,9052,46632,881,9.37,0.061,,,1,3.551,18.55,46층 817㎡(44.0×18.5m)
단일,5 미세조정,46,46,155.8,99,36,37580,400.0,9841,47421,886,9.43,0.031,,,1,3.502,15.46,46층 817㎡(52.9×15.5m)
단일,1b 층수·세장비,44,44,149.2,99,38,37580,400.0,9305,46885,923,9.82,0.146,,,1,3.49,16.87,44층 854㎡(50.6×16.9m)
단일,1b 층수·세장비,38,38,129.4,99,31,37580,400.0,7947,45527,1057,11.25,0.072,,,1,3.476,22.24,38층 989㎡(44.5×22.2m)
단일,1b 층수·세장비,55,55,185.5,100,36,37580,400.0,9299,46879,738,7.85,0.09,,,1,3.498,21.34,55층 683㎡(32.0×21.3m)
단일,1b 층수·세장비,55,55,185.5,100,35,37580,400.0,9299,46879,738,7.85,0.077,,,1,3.462,21.34,55층 683㎡(32.0×21.3m)
2개동,5 미세조정,55+55,55,185.5,100,30,37580,400.0,13720,51300,762,8.12,0.08,8.3,2.08,2,3.417,13.78,55층 342㎡(24.8×13.8m) + 55층 342㎡(24.8×13.8m)
2개동,5 미세조정,55+55,55,185.5,100,34,37580,400.0,13631,51211,762,8.11,0.087,10.6,2.65,2,3.403,14.13,55층 342㎡(24.2×14.1m) + 55층 342㎡(24.2×14.1m)
단일,5 미세조정,54,54,182.2,100,40,37580,400.0,11953,49533,768,8.17,0.054,,,1,3.436,11.8,54층 696㎡(59.0×11.8m)
단일,1b 층수·세장비,53,53,178.9,100,43,37580,400.0,11838,49418,782,8.32,0.08,,,1,3.476,11.91,53층 709㎡(59.5×11.9m)
단일,1b 층수·세장비,53,53,178.9,100,37,37580,400.0,9119,46699,764,8.14,0.04,,,1,3.468,21.74,53층 709㎡(32.6×21.7m)
2개동,5 미세조정,53+53,53,178.9,100,32,37580,400.0,14313,51893,795,8.46,0.043,4.6,1.15,2,3.429,11.7,53층 355㎡(30.3×11.7m) + 53층 355㎡(30.3×11.7m)
2개동,5 미세조정,53+53,53,178.9,100,31,37580,400.0,14313,51893,795,8.46,0.068,6.0,1.5,2,3.427,11.7,53층 355㎡(30.3×11.7m) + 53층 355㎡(30.3×11.7m)
2개동,5 미세조정,53+53,53,178.9,100,32,37580,400.0,13450,51030,790,8.4,0.075,10.5,2.62,2,3.402,14.03,53층 355㎡(25.3×14.0m) + 53층 355㎡(25.3×14.0m)
2개동,5 미세조정,53+53,53,178.9,100,32,37580,400.0,13201,50781,788,8.39,0.079,12.5,3.12,2,3.397,15.22,53층 355㎡(23.3×15.2m) + 53층 355㎡(23.3×15.2m)
2개동,5 미세조정,53+53,53,178.9,100,31,37580,400.0,13201,50781,788,8.39,0.053,12.5,3.12,2,3.395,15.22,53층 355㎡(23.3×15.2m) + 53층 355㎡(23.3×15.2m)
단일,5 미세조정,52,52,175.6,100,35,37580,400.0,10794,48374,790,8.41,0.06,,,1,3.494,13.79,52층 723㎡(52.4×13.8m)
단일,5 미세조정,52,52,175.6,100,39,37580,400.0,12018,49598,798,8.49,0.032,,,1,3.429,11.57,52층 723㎡(62.5×11.6m)
2개동,5 미세조정,52+52,52,175.6,100,31,37580,400.0,13349,50929,804,8.56,0.067,9.0,2.26,2,3.409,14.03,52층 361㎡(25.8×14.0m) + 52층 361㎡(25.8×14.0m)
단일,5 미세조정,51,51,172.3,100,38,37580,400.0,10370,47950,803,8.54,0.118,,,1,3.494,14.72,51층 737㎡(50.1×14.7m)
2개동,5 미세조정,51+51,51,172.3,100,32,37580,400.0,13547,51127,821,8.74,0.077,7.6,1.89,2,3.411,13.06,51층 368㎡(28.2×13.1m) + 51층 368㎡(28.2×13.1m)
2개동,5 미세조정,51+51,51,172.3,100,33,37580,400.0,13547,51127,821,8.74,0.053,7.6,1.89,2,3.41,13.06,51층 368㎡(28.2×13.1m) + 51층 368㎡(28.2×13.1m)
2개동,5 미세조정,51+51,51,172.3,100,31,37580,400.0,13090,50670,818,8.71,0.055,10.7,2.67,2,3.402,14.68,51층 368㎡(25.1×14.7m) + 51층 368㎡(25.1×14.7m)
단일,1b 층수·세장비,50,50,169.0,100,38,37580,400.0,9553,47133,813,8.66,0.144,,,1,3.497,17.34,50층 752㎡(43.3×17.3m)
단일,1b 층수·세장비,50,50,169.0,100,46,37580,400.0,9553,47133,813,8.66,0.102,,,1,3.489,17.34,50층 752㎡(43.3×17.3m)
단일,5 미세조정,48,48,162.4,100,37,37580,400.0,9546,47126,847,9.02,0.032,,,1,3.523,16.86,48층 783㎡(46.4×16.9m)
단일,5 미세조정,47,47,159.1,100,38,37580,400.0,9631,47211,866,9.22,0.067,,,1,3.555,16.33,47층 800㎡(49.0×16.3m)
단일,1b 층수·세장비,47,47,159.1,100,37,37580,400.0,9249,46829,863,9.19,0.032,,,1,3.525,17.88,47층 800㎡(44.7×17.9m)
단일,5 미세조정,47,47,159.1,100,36,37580,400.0,9631,47211,866,9.22,0.023,,,1,3.507,16.33,47층 800㎡(49.0×16.3m)
단일,1a 방위·위치,47,47,159.1,100,46,37580,400.0,9631,47211,866,9.22,0.079,,,1,3.488,16.33,47층 800㎡(49.0×16.3m)
단일,1b 층수·세장비,47,47,159.1,100,37,37580,400.0,8881,46461,861,9.16,0.062,,,1,3.461,19.99,47층 800㎡(40.0×20.0m)
단일,1b 층수·세장비,47,47,159.1,100,35,37580,400.0,8561,46141,858,9.14,0.102,,,1,3.458,23.09,47층 800㎡(34.6×23.1m)
단일,5 미세조정,46,46,155.8,100,36,37580,400.0,9052,46632,881,9.37,0.031,,,1,3.533,18.55,46층 817㎡(44.0×18.5m)
단일,1b 층수·세장비,44,44,149.2,100,31,37580,400.0,8935,46515,920,9.79,0.073,,,1,3.499,18.48,44층 854㎡(46.2×18.5m)
단일,1b 층수·세장비,44,44,149.2,100,34,37580,400.0,8935,46515,920,9.79,0.079,,,1,3.484,18.48,44층 854㎡(46.2×18.5m)
단일,1b 층수·세장비,44,44,149.2,100,35,37580,400.0,8270,45850,915,9.74,0.045,,,1,3.457,23.86,44층 854㎡(35.8×23.9m)
2개동,5 미세조정,55+55,55,185.5,101,30,37580,400.0,13756,51336,763,8.12,0.07,8.7,2.17,2,3.405,13.64,55층 342㎡(25.0×13.6m) + 55층 342㎡(25.0×13.6m)
2개동,5 미세조정,54+54,54,182.2,101,30,37580,400.0,13849,51429,777,8.27,0.072,7.2,1.79,2,3.411,13.02,54층 348㎡(26.7×13.0m) + 54층 348㎡(26.7×13.0m)
단일,1b 층수·세장비,53,53,178.9,101,36,37580,400.0,9458,47038,767,8.16,0.039,,,1,3.506,18.83,53층 709㎡(37.7×18.8m)
단일,1b 층수·세장비,53,53,178.9,101,36,37580,400.0,9119,46699,764,8.14,0.106,,,1,3.472,21.74,53층 709㎡(32.6×21.7m)
단일,5 미세조정,53,53,178.9,101,37,37580,400.0,11259,48839,778,8.28,0.06,,,1,3.453,12.92,53층 709㎡(54.9×12.9m)
2개동,5 미세조정,53+53,53,178.9,101,33,37580,400.0,14019,51599,793,8.44,0.031,5.5,1.37,2,3.431,12.33,53층 355㎡(28.8×12.3m) + 53층 355㎡(28.8×12.3m)
2개동,5 미세조정,53+53,53,178.9,101,31,37580,400.0,13828,51408,792,8.43,0.079,7.1,1.78,2,3.415,12.81,53층 355㎡(27.7×12.8m) + 53층 355㎡(27.7×12.8m)
2개동,5 미세조정,53+53,53,178.9,101,32,37580,400.0,13363,50943,789,8.4,0.057,9.0,2.26,2,3.41,14.4,53층 355㎡(24.6×14.4m) + 53층 355㎡(24.6×14.4m)
단일,5 미세조정,52,52,175.6,101,37,37580,400.0,10864,48444,790,8.41,0.019,,,1,3.481,13.63,52층 723㎡(53.0×13.6m)
2개동,5 미세조정,52+52,52,175.6,101,31,37580,400.0,13878,51458,808,8.6,0.08,5.8,1.44,2,3.416,12.45,52층 361㎡(29.0×12.4m) + 52층 361㎡(29.0×12.4m)
2개동,5 미세조정,52+52,52,175.6,101,31,37580,400.0,13227,50807,803,8.55,0.057,9.9,2.48,2,3.404,14.54,52층 361㎡(24.9×14.5m) + 52층 361㎡(24.9×14.5m)
2개동,5 미세조정,51+51,51,172.3,101,31,37580,400.0,13547,51127,821,8.74,0.068,6.6,1.64,2,3.416,13.06,51층 368㎡(28.2×13.1m) + 51층 368㎡(28.2×13.1m)
2개동,5 미세조정,51+51,51,172.3,101,31,37580,400.0,13320,50900,820,8.73,0.078,8.0,2.01,2,3.415,13.77,51층 368㎡(26.8×13.8m) + 51층 368㎡(26.8×13.8m)
단일,5 미세조정,50,50,169.0,101,36,37580,400.0,10420,48000,819,8.72,0.036,,,1,3.488,14.45,50층 752㎡(52.0×14.4m)
단일,5 미세조정,49,49,165.7,101,36,37580,400.0,9842,47422,832,8.85,0.046,,,1,3.517,15.99,49층 767㎡(48.0×16.0m)
단일,1a 방위·위치,47,47,159.1,101,39,37580,400.0,9631,47211,866,9.22,0.063,,,1,3.577,16.33,47층 800㎡(49.0×16.3m)
단일,5 미세조정,47,47,159.1,101,37,37580,400.0,9249,46829,863,9.19,0.065,,,1,3.563,17.88,47층 800㎡(44.7×17.9m)
단일,1a 방위·위치,47,47,159.1,101,36,37580,400.0,9631,47211,866,9.22,0.039,,,1,3.542,16.33,47층 800㎡(49.0×16.3m)
단일,1b 층수·세장비,47,47,159.1,101,32,37580,400.0,10391,47971,871,9.27,0.088,,,1,3.493,14.14,47층 800㎡(56.6×14.1m)
단일,1a 방위·위치,47,47,159.1,101,31,37580,400.0,9631,47211,866,9.22,0.069,,,1,3.489,16.33,47층 800㎡(49.0×16.3m)
단일,5 미세조정,46,46,155.8,101,36,37580,400.0,9523,47103,884,9.41,0.061,,,1,3.552,16.5,46층 817㎡(49.5×16.5m)
단일,5 미세조정,45,45,152.5,101,36,37580,400.0,9190,46770,901,9.59,0.046,,,1,3.555,17.59,45층 835㎡(47.5×17.6m)
단일,5 미세조정,44,44,149.2,101,36,37580,400.0,9305,46885,923,9.82,0.059,,,1,3.55,16.87,44층 854㎡(50.6×16.9m)
단일,1b 층수·세장비,44,44,149.2,101,33,37580,400.0,8579,46159,917,9.76,0.142,,,1,3.478,20.67,44층 854㎡(41.3×20.7m)
2개동,5 미세조정,55+55,55,185.5,102,34,37580,400.0,14105,51685,765,8.14,0.1,6.9,1.71,2,3.423,12.58,55층 342㎡(27.2×12.6m) + 55층 342㎡(27.2×12.6m)
2개동,5 미세조정,55+55,55,185.5,102,31,37580,400.0,14105,51685,765,8.14,0.073,7.0,1.76,2,3.423,12.58,55층 342㎡(27.2×12.6m) + 55층 342㎡(27.2×12.6m)
2개동,5 미세조정,55+55,55,185.5,102,31,37580,400.0,13466,51046,761,8.1,0.057,10.8,2.69,2,3.397,14.94,55층 342㎡(22.9×14.9m) + 55층 342㎡(22.9×14.9m)
2개동,5 미세조정,54+54,54,182.2,102,30,37580,400.0,13585,51165,776,8.26,0.071,8.7,2.16,2,3.404,13.9,54층 348㎡(25.0×13.9m) + 54층 348㎡(25.0×13.9m)
단일,1b 층수·세장비,53,53,178.9,102,37,37580,400.0,10255,47835,772,8.21,0.057,,,1,3.462,15.37,53층 709㎡(46.1×15.4m)
단일,5 미세조정,53,53,178.9,102,37,37580,400.0,11838,49418,782,8.32,0.033,,,1,3.442,11.91,53층 709㎡(59.5×11.9m)
2개동,5 미세조정,52+52,52,175.6,102,30,37580,400.0,13572,51152,806,8.58,0.078,6.5,1.63,2,3.416,13.27,52층 361㎡(27.2×13.3m) + 52층 361㎡(27.2×13.3m)
2개동,5 미세조정,52+52,52,175.6,102,31,37580,400.0,13349,50929,804,8.56,0.048,9.0,2.26,2,3.403,14.03,52층 361㎡(25.8×14.0m) + 52층 361㎡(25.8×14.0m)
단일,5 미세조정,50,50,169.0,102,36,37580,400.0,10263,47843,818,8.71,0.131,,,1,3.488,14.87,50층 752㎡(50.6×14.9m)
단일,5 미세조정,49,49,165.7,102,37,37580,400.0,9452,47032,829,8.83,0.051,,,1,3.558,17.52,49층 767㎡(43.8×17.5m)
단일,5 미세조정,49,49,165.7,102,32,37580,400.0,11218,48798,841,8.95,0.094,,,1,3.483,12.64,49층 767㎡(60.7×12.6m)
단일,5 미세조정,48,48,162.4,102,36,37580,400.0,9351,46931,846,9.0,0.042,,,1,3.533,17.7,48층 783㎡(44.2×17.7m)
단일,5 미세조정,48,48,162.4,102,36,37580,400.0,9923,47503,850,9.05,0.024,,,1,3.492,15.54,48층 783㎡(50.4×15.5m)
단일,5 미세조정,48,48,162.4,102,30,37580,400.0,10745,48325,856,9.11,0.08,,,1,3.487,13.46,48층 783㎡(58.2×13.5m)
단일,5 미세조정,48,48,162.4,102,32,37580,400.0,11099,48679,858,9.13,0.091,,,1,3.481,12.77,48층 783㎡(61.3×12.8m)
단일,5 미세조정,47,47,159.1,102,37,37580,400.0,9155,46735,863,9.18,0.064,,,1,3.566,18.35,47층 800㎡(43.6×18.3m)
단일,5 미세조정,47,47,159.1,102,37,37580,400.0,9249,46829,863,9.19,0.059,,,1,3.546,17.88,47층 800㎡(44.7×17.9m)
단일,1b 층수·세장비,47,47,159.1,102,33,37580,400.0,9631,47211,866,9.22,0.085,,,1,3.469,16.33,47층 800㎡(49.0×16.3m)
단일,5 미세조정,45,45,152.5,102,36,37580,400.0,9352,46932,902,9.6,0.067,,,1,3.531,16.92,45층 835㎡(49.3×16.9m)
단일,1b 층수·세장비,44,44,149.2,102,35,37580,400.0,9305,46885,923,9.82,0.037,,,1,3.526,16.87,44층 854㎡(50.6×16.9m)
단일,1b 층수·세장비,38,38,129.4,102,37,37580,400.0,7947,45527,1057,11.25,0.057,,,1,3.492,22.24,38층 989㎡(44.5×22.2m)
2개동,5 미세조정,55+55,55,185.5,103,33,37580,400.0,13985,51565,764,8.13,0.041,7.4,1.85,2,3.423,12.9,55층 342㎡(26.5×12.9m) + 55층 342㎡(26.5×12.9m)
2개동,5 미세조정,55+55,55,185.5,103,33,37580,400.0,14300,51880,766,8.15,0.086,6.1,1.52,2,3.421,12.1,55층 342㎡(28.2×12.1m) + 55층 342㎡(28.2×12.1m)
2개동,5 미세조정,54+54,54,182.2,103,31,37580,400.0,13334,50914,774,8.24,0.044,9.5,2.38,2,3.398,15.08,54층 348㎡(23.1×15.1m) + 54층 348㎡(23.1×15.1m)
단일,1b 층수·세장비,53,53,178.9,103,40,37580,400.0,9849,47429,769,8.19,0.115,,,1,3.494,16.84,53층 709㎡(42.1×16.8m)
단일,1b 층수·세장비,53,53,178.9,103,36,37580,400.0,9458,47038,767,8.16,0.156,,,1,3.491,18.83,53층 709㎡(37.7×18.8m)
단일,1b 층수·세장비,53,53,178.9,103,38,37580,400.0,11062,48642,777,8.27,0.055,,,1,3.481,13.31,53층 709㎡(53.3×13.3m)
2개동,5 미세조정,53+53,53,178.9,103,30,37580,400.0,13450,51030,790,8.4,0.075,7.8,1.95,2,3.404,14.03,53층 355㎡(25.3×14.0m) + 53층 355㎡(25.3×14.0m)
2개동,5 미세조정,53+53,53,178.9,103,30,37580,400.0,13201,50781,788,8.39,0.07,10.3,2.59,2,3.394,15.22,53층 355㎡(23.3×15.2m) + 53층 355㎡(23.3×15.2m)
2개동,5 미세조정,52+52,52,175.6,103,30,37580,400.0,13314,50894,804,8.56,0.085,7.5,1.88,2,3.411,14.17,52층 361㎡(25.5×14.2m) + 52층 361㎡(25.5×14.2m)
2개동,5 미세조정,52+52,52,175.6,103,30,37580,400.0,13314,50894,804,8.56,0.073,8.2,2.04,2,3.404,14.17,52층 361㎡(25.5×14.2m) + 52층 361㎡(25.5×14.2m)
2개동,5 미세조정,52+52,52,175.6,103,33,37580,400.0,13314,50894,804,8.56,0.027,9.3,2.32,2,3.399,14.17,52층 361㎡(25.5×14.2m) + 52층 361㎡(25.5×14.2m)
단일,5 미세조정,51,51,172.3,103,38,37580,400.0,9811,47391,799,8.5,0.064,,,1,3.559,16.52,51층 737㎡(44.6×16.5m)
단일,5 미세조정,50,50,169.0,103,37,37580,400.0,9456,47036,813,8.65,0.063,,,1,3.563,17.79,50층 752㎡(42.2×17.8m)
단일,1b 층수·세장비,50,50,169.0,103,36,37580,400.0,9553,47133,813,8.66,0.036,,,1,3.547,17.34,50층 752㎡(43.3×17.3m)
단일,5 미세조정,50,50,169.0,103,37,37580,400.0,9266,46846,811,8.64,0.037,,,1,3.542,18.81,50층 752㎡(40.0×18.8m)
단일,5 미세조정,49,49,165.7,103,37,37580,400.0,9452,47032,829,8.83,0.061,,,1,3.557,17.52,49층 767㎡(43.8×17.5m)
단일,5 미세조정,49,49,165.7,103,37,37580,400.0,9168,46748,827,8.81,0.047,,,1,3.553,19.0,49층 767㎡(40.4×19.0m)
단일,5 미세조정,48,48,162.4,103,37,37580,400.0,9401,46981,846,9.01,0.052,,,1,3.545,17.47,48층 783㎡(44.8×17.5m)
단일,5 미세조정,48,48,162.4,103,36,37580,400.0,9672,47252,848,9.03,0.055,,,1,3.536,16.39,48층 783㎡(47.8×16.4m)
단일,5 미세조정,47,47,159.1,103,37,37580,400.0,9287,46867,863,9.19,0.049,,,1,3.53,17.71,47층 800㎡(45.2×17.7m)
단일,5 미세조정,47,47,159.1,103,37,37580,400.0,9690,47270,866,9.22,0.064,,,1,3.53,16.12,47층 800㎡(49.6×16.1m)
단일,5 미세조정,47,47,159.1,103,37,37580,400.0,9442,47022,865,9.2,0.051,,,1,3.521,17.04,47층 800㎡(46.9×17.0m)
단일,1b 층수·세장비,44,44,149.2,103,38,37580,400.0,8579,46159,917,9.76,0.151,,,1,3.489,20.67,44층 854㎡(41.3×20.7m)
단일,1b 층수·세장비,44,44,149.2,103,31,37580,400.0,8270,45850,915,9.74,0.107,,,1,3.469,23.86,44층 854㎡(35.8×23.9m)
단일,1b 층수·세장비,44,44,149.2,103,36,37580,400.0,8270,45850,915,9.74,0.059,,,1,3.458,23.86,44층 854㎡(35.8×23.9m)
단일,1b 층수·세장비,41,41,139.3,103,37,37580,400.0,10361,47941,999,10.63,0.041,,,1,3.431,13.54,41층 917㎡(67.7×13.5m)
단일,1b 층수·세장비,38,38,129.4,103,39,37580,400.0,8621,46201,1063,11.31,0.057,,,1,3.583,18.16,38층 989㎡(54.5×18.2m)
단일,1b 층수·세장비,38,38,129.4,103,34,37580,400.0,7947,45527,1057,11.25,0.072,,,1,3.462,22.24,38층 989㎡(44.5×22.2m)
2개동,5 미세조정,55+55,55,185.5,104,33,37580,400.0,13546,51126,761,8.1,0.097,10.1,2.53,2,3.405,14.52,55층 342㎡(23.5×14.5m) + 55층 342㎡(23.5×14.5m)
2개동,5 미세조정,54+54,54,182.2,104,30,37580,400.0,13413,50993,775,8.25,0.077,8.7,2.18,2,3.396,14.66,54층 348㎡(23.7×14.7m) + 54층 348㎡(23.7×14.7m)
단일,5 미세조정,53,53,178.9,104,36,37580,400.0,10011,47591,770,8.2,0.054,,,1,3.546,16.21,53층 709㎡(43.8×16.2m)
단일,1b 층수·세장비,53,53,178.9,104,43,37580,400.0,10255,47835,772,8.21,0.084,,,1,3.504,15.37,53층 709㎡(46.1×15.4m)
2개동,5 미세조정,53+53,53,178.9,104,31,37580,400.0,13486,51066,790,8.41,0.092,8.2,2.04,2,3.404,13.9,53층 355㎡(25.5×13.9m) + 53층 355㎡(25.5×13.9m)
단일,5 미세조정,52,52,175.6,104,37,37580,400.0,12018,49598,798,8.49,0.056,,,1,3.429,11.57,52층 723㎡(62.5×11.6m)
2개동,5 미세조정,52+52,52,175.6,104,31,37580,400.0,13688,51268,806,8.58,0.067,6.2,1.56,2,3.417,12.93,52층 361㎡(27.9×12.9m) + 52층 361㎡(27.9×12.9m)
2개동,5 미세조정,52+52,52,175.6,104,31,37580,400.0,13314,50894,804,8.56,0.079,9.3,2.32,2,3.407,14.17,52층 361㎡(25.5×14.2m) + 52층 361㎡(25.5×14.2m)
2개동,5 미세조정,52+52,52,175.6,104,30,37580,400.0,13067,50647,802,8.54,0.083,9.0,2.25,2,3.402,15.37,52층 361㎡(23.5×15.4m) + 52층 361㎡(23.5×15.4m)
2개동,5 미세조정,52+52,52,175.6,104,39,37580,400.0,13314,50894,804,8.56,0.058,9.3,2.32,2,3.401,14.17,52층 361㎡(25.5×14.2m) + 52층 361㎡(25.5×14.2m)
2개동,5 미세조정,52+52,52,175.6,104,31,37580,400.0,13067,50647,802,8.54,0.062,10.1,2.53,2,3.391,15.37,52층 361㎡(23.5×15.4m) + 52층 361㎡(23.5×15.4m)
단일,5 미세조정,51,51,172.3,104,37,37580,400.0,9811,47391,799,8.5,0.061,,,1,3.551,16.52,51층 737㎡(44.6×16.5m)
2개동,5 미세조정,51+51,51,172.3,104,30,37580,400.0,13008,50588,818,8.71,0.085,8.2,2.05,2,3.405,15.08,51층 368㎡(24.4×15.1m) + 51층 368㎡(24.4×15.1m)
2개동,5 미세조정,51+51,51,172.3,104,33,37580,400.0,12907,50487,817,8.7,0.099,11.3,2.82,2,3.4,15.67,51층 368㎡(23.5×15.7m) + 51층 368㎡(23.5×15.7m)
단일,5 미세조정,50,50,169.0,104,37,37580,400.0,9266,46846,811,8.64,0.047,,,1,3.552,18.81,50층 752㎡(40.0×18.8m)
단일,1b 층수·세장비,50,50,169.0,104,37,37580,400.0,8844,46424,809,8.61,0.077,,,1,3.454,22.38,50층 752㎡(33.6×22.4m)
단일,1b 층수·세장비,50,50,169.0,104,34,37580,400.0,12202,49782,831,8.84,0.037,,,1,3.432,11.19,50층 752㎡(67.2×11.2m)
단일,5 미세조정,49,49,165.7,104,37,37580,400.0,9777,47357,831,8.85,0.033,,,1,3.513,16.22,49층 767㎡(47.3×16.2m)
단일,5 미세조정,49,49,165.7,104,37,37580,400.0,9842,47422,832,8.85,0.023,,,1,3.496,15.99,49층 767㎡(48.0×16.0m)
단일,5 미세조정,49,49,165.7,104,36,37580,400.0,10533,48113,837,8.9,0.038,,,1,3.487,14.04,49층 767㎡(54.6×14.0m)
단일,5 미세조정,48,48,162.4,104,37,37580,400.0,9070,46650,844,8.98,0.063,,,1,3.552,19.19,48층 783㎡(40.8×19.2m)
단일,5 미세조정,48,48,162.4,104,36,37580,400.0,9256,46836,845,9.0,0.053,,,1,3.551,18.16,48층 783㎡(43.1×18.2m)
단일,5 미세조정,48,48,162.4,104,37,37580,400.0,9737,47317,849,9.03,0.063,,,1,3.528,16.15,48층 783㎡(48.5×16.2m)
단일,1b 층수·세장비,47,47,159.1,104,33,37580,400.0,9249,46829,863,9.19,0.061,,,1,3.505,17.88,47층 800㎡(44.7×17.9m)
단일,1b 층수·세장비,47,47,159.1,104,35,37580,400.0,8881,46461,861,9.16,0.124,,,1,3.465,19.99,47층 800㎡(40.0×20.0m)
단일,1b 층수·세장비,41,41,139.3,104,33,37580,400.0,7970,45550,979,10.42,0.074,,,1,3.459,24.72,41층 917㎡(37.1×24.7m)
단일,1b 층수·세장비,41,41,139.3,104,32,37580,400.0,7970,45550,979,10.42,0.148,,,1,3.455,24.72,41층 917㎡(37.1×24.7m)
단일,1b 층수·세장비,38,38,129.4,104,38,37580,400.0,8278,45858,1060,11.28,0.052,,,1,3.463,19.89,38층 989㎡(49.7×19.9m)
2개동,5 미세조정,54+54,54,182.2,105,31,37580,400.0,13585,51165,776,8.26,0.051,8.7,2.16,2,3.412,13.9,54층 348㎡(25.0×13.9m) + 54층 348㎡(25.0×13.9m)
단일,1b 층수·세장비,50,50,169.0,105,37,37580,400.0,9174,46754,811,8.63,0.028,,,1,3.536,19.39,50층 752㎡(38.8×19.4m)
단일,5 미세조정,49,49,165.7,105,37,37580,400.0,9295,46875,828,8.82,0.028,,,1,3.522,18.28,49층 767㎡(42.0×18.3m)
단일,5 미세조정,49,49,165.7,105,37,37580,400.0,9608,47188,830,8.84,0.05,,,1,3.52,16.85,49층 767㎡(45.5×16.9m)
단일,5 미세조정,47,47,159.1,105,36,37580,400.0,9631,47211,866,9.22,0.057,,,1,3.522,16.33,47층 800㎡(49.0×16.3m)
단일,5 미세조정,47,47,159.1,105,37,37580,400.0,9516,47096,865,9.21,0.052,,,1,3.518,16.75,47층 800㎡(47.7×16.7m)
단일,5 미세조정,47,47,159.1,105,32,37580,400.0,10391,47971,871,9.27,0.061,,,1,3.501,14.14,47층 800㎡(56.6×14.1m)
단일,1b 층수·세장비,47,47,159.1,105,31,37580,400.0,9631,47211,866,9.22,0.093,,,1,3.489,16.33,47층 800㎡(49.0×16.3m)
단일,1b 층수·세장비,47,47,159.1,105,47,37580,400.0,8881,46461,861,9.16,0.057,,,1,3.475,19.99,47층 800㎡(40.0×20.0m)
단일,1b 층수·세장비,47,47,159.1,105,35,37580,400.0,9631,47211,866,9.22,0.105,,,1,3.449,16.33,47층 800㎡(49.0×16.3m)
단일,1b 층수·세장비,47,47,159.1,105,36,37580,400.0,8561,46141,858,9.14,0.045,,,1,3.449,23.09,47층 800㎡(34.6×23.1m)
단일,5 미세조정,44,44,149.2,105,36,37580,400.0,9749,47329,926,9.86,0.066,,,1,3.531,15.4,44층 854㎡(55.5×15.4m)
단일,1b 층수·세장비,44,44,149.2,105,36,37580,400.0,8579,46159,917,9.76,0.032,,,1,3.457,20.67,44층 854㎡(41.3×20.7m)
단일,1b 층수·세장비,41,41,139.3,105,37,37580,400.0,7970,45550,979,10.42,0.072,,,1,3.581,24.72,41층 917㎡(37.1×24.7m)
단일,1b 층수·세장비,38,38,129.4,105,34,37580,400.0,7947,45527,1057,11.25,0.142,,,1,3.485,22.24,38층 989㎡(44.5×22.2m)
단일,1b 층수·세장비,55,55,185.5,106,37,37580,400.0,12068,49648,754,8.03,0.033,,,1,3.433,11.69,55층 683㎡(58.4×11.7m)
2개동,5 미세조정,55+55,55,185.5,106,30,37580,400.0,13869,51449,763,8.12,0.085,8.2,2.06,2,3.412,13.26,55층 342㎡(25.8×13.3m) + 55층 342㎡(25.8×13.3m)
2개동,5 미세조정,54+54,54,182.2,106,30,37580,400.0,13497,51077,775,8.25,0.084,8.5,2.11,2,3.405,14.26,54층 348㎡(24.4×14.3m) + 54층 348㎡(24.4×14.3m)
2개동,5 미세조정,54+54,54,182.2,106,30,37580,400.0,13334,50914,774,8.24,0.076,9.0,2.26,2,3.395,15.08,54층 348㎡(23.1×15.1m) + 54층 348㎡(23.1×15.1m)
단일,1b 층수·세장비,53,53,178.9,106,37,37580,400.0,11838,49418,782,8.32,0.09,,,1,3.466,11.91,53층 709㎡(59.5×11.9m)
2개동,5 미세조정,53+53,53,178.9,106,33,37580,400.0,13363,50943,789,8.4,0.031,9.0,2.26,2,3.402,14.4,53층 355㎡(24.6×14.4m) + 53층 355㎡(24.6×14.4m)
2개동,5 미세조정,52+52,52,175.6,106,34,37580,400.0,13349,50929,804,8.56,0.02,7.9,1.98,2,3.419,14.03,52층 361㎡(25.8×14.0m) + 52층 361㎡(25.8×14.0m)
단일,5 미세조정,51,51,172.3,106,37,37580,400.0,10050,47630,801,8.52,0.063,,,1,3.533,15.67,51층 737㎡(47.0×15.7m)
단일,5 미세조정,51,51,172.3,106,37,37580,400.0,10242,47822,802,8.53,0.043,,,1,3.5,15.08,51층 737㎡(48.9×15.1m)
2개동,5 미세조정,51+51,51,172.3,106,31,37580,400.0,13008,50588,818,8.71,0.091,9.2,2.3,2,3.404,15.08,51층 368㎡(24.4×15.1m) + 51층 368㎡(24.4×15.1m)
단일,1b 층수·세장비,50,50,169.0,106,35,37580,400.0,8844,46424,809,8.61,0.023,,,1,3.482,22.38,50층 752㎡(33.6×22.4m)
2개동,5 미세조정,50+50,50,169.0,106,30,37580,400.0,12771,50351,833,8.86,0.081,9.9,2.47,2,3.398,15.83,50층 376㎡(23.7×15.8m) + 50층 376㎡(23.7×15.8m)
단일,5 미세조정,48,48,162.4,106,37,37580,400.0,9256,46836,845,9.0,0.06,,,1,3.535,18.16,48층 783㎡(43.1×18.2m)
단일,5 미세조정,43,43,145.9,106,35,37580,400.0,9633,47213,947,10.08,0.056,,,1,3.491,15.58,43층 874㎡(56.1×15.6m)
단일,1b 층수·세장비,55,55,185.5,107,36,37580,400.0,11278,48858,750,7.98,0.037,,,1,3.461,13.07,55층 683㎡(52.3×13.1m)
2개동,5 미세조정,54+54,54,182.2,107,30,37580,400.0,13149,50729,773,8.23,0.078,11.3,2.82,2,3.388,16.52,54층 348㎡(21.1×16.5m) + 54층 348㎡(21.1×16.5m)
단일,5 미세조정,53,53,178.9,107,37,37580,400.0,9553,47133,767,8.17,0.045,,,1,3.538,18.27,53층 709㎡(38.8×18.3m)
단일,1b 층수·세장비,53,53,178.9,107,45,37580,400.0,9458,47038,767,8.16,0.101,,,1,3.479,18.83,53층 709㎡(37.7×18.8m)
2개동,5 미세조정,53+53,53,178.9,107,30,37580,400.0,13597,51177,791,8.41,0.072,7.8,1.94,2,3.401,13.5,53층 355㎡(26.3×13.5m) + 53층 355㎡(26.3×13.5m)
단일,5 미세조정,52,52,175.6,107,37,37580,400.0,9955,47535,785,8.35,0.04,,,1,3.515,16.2,52층 723㎡(44.6×16.2m)
단일,5 미세조정,52,52,175.6,107,37,37580,400.0,10153,47733,786,8.36,0.042,,,1,3.51,15.52,52층 723㎡(46.6×15.5m)
단일,5 미세조정,52,52,175.6,107,37,37580,400.0,9955,47535,785,8.35,0.023,,,1,3.503,16.2,52층 723㎡(44.6×16.2m)
2개동,5 미세조정,52+52,52,175.6,107,30,37580,400.0,13067,50647,802,8.54,0.092,9.0,2.25,2,3.401,15.37,52층 361㎡(23.5×15.4m) + 52층 361㎡(23.5×15.4m)
단일,5 미세조정,51,51,172.3,107,37,37580,400.0,9854,47434,799,8.51,0.049,,,1,3.516,16.36,51층 737㎡(45.0×16.4m)
단일,5 미세조정,50,50,169.0,107,36,37580,400.0,10137,47717,817,8.7,0.024,,,1,3.486,15.23,50층 752㎡(49.3×15.2m)
단일,1b 층수·세장비,50,50,169.0,107,38,37580,400.0,9553,47133,813,8.66,0.143,,,1,3.484,17.34,50층 752㎡(43.3×17.3m)
단일,5 미세조정,49,49,165.7,107,37,37580,400.0,9168,46748,827,8.81,0.056,,,1,3.54,19.0,49층 767㎡(40.4×19.0m)
단일,5 미세조정,48,48,162.4,107,37,37580,400.0,9505,47085,847,9.01,0.072,,,1,3.537,17.03,48층 783㎡(46.0×17.0m)
단일,5 미세조정,47,47,159.1,107,37,37580,400.0,9631,47211,866,9.22,0.075,,,1,3.531,16.33,47층 800㎡(49.0×16.3m)
단일,1b 층수·세장비,47,47,159.1,107,38,37580,400.0,8881,46461,861,9.16,0.144,,,1,3.481,19.99,47층 800㎡(40.0×20.0m)
단일,1a 방위·위치,47,47,159.1,107,37,37580,400.0,9631,47211,866,9.22,0.055,,,1,3.46,16.33,47층 800㎡(49.0×16.3m)
단일,1b 층수·세장비,38,38,129.4,107,36,37580,400.0,8278,45858,1060,11.28,0.12,,,1,3.488,19.89,38층 989㎡(49.7×19.9m)
단일,1b 층수·세장비,38,38,129.4,107,33,37580,400.0,7947,45527,1057,11.25,0.158,,,1,3.477,22.24,38층 989㎡(44.5×22.2m)
단일,1b 층수·세장비,55,55,185.5,108,36,37580,400.0,11278,48858,750,7.98,0.142,,,1,3.468,13.07,55층 683㎡(52.3×13.1m)
단일,1b 층수·세장비,55,55,185.5,108,45,37580,400.0,9299,46879,738,7.85,0.119,,,1,3.467,21.34,55층 683㎡(32.0×21.3m)
2개동,5 미세조정,54+54,54,182.2,108,30,37580,400.0,13967,51547,778,8.28,0.055,6.8,1.69,2,3.428,12.69,54층 348㎡(27.4×12.7m) + 54층 348㎡(27.4×12.7m)
2개동,5 미세조정,54+54,54,182.2,108,30,37580,400.0,13149,50729,773,8.23,0.098,10.3,2.57,2,3.396,16.52,54층 348㎡(21.1×16.5m) + 54층 348㎡(21.1×16.5m)
단일,5 미세조정,53,53,178.9,108,37,37580,400.0,9749,47329,768,8.18,0.057,,,1,3.545,17.28,53층 709㎡(41.0×17.3m)
단일,5 미세조정,53,53,178.9,108,37,37580,400.0,10054,47634,770,8.2,0.023,,,1,3.503,16.05,53층 709㎡(44.2×16.0m)
단일,1b 층수·세장비,53,53,178.9,108,30,37580,400.0,9458,47038,767,8.16,0.117,,,1,3.479,18.83,53층 709㎡(37.7×18.8m)
2개동,5 미세조정,53+53,53,178.9,108,31,37580,400.0,13711,51291,791,8.42,0.037,6.8,1.7,2,3.419,13.14,53층 355㎡(27.0×13.1m) + 53층 355㎡(27.0×13.1m)
단일,5 미세조정,52,52,175.6,108,37,37580,400.0,10032,47612,785,8.36,0.023,,,1,3.498,15.92,52층 723㎡(45.4×15.9m)
2개동,5 미세조정,52+52,52,175.6,108,30,37580,400.0,13314,50894,804,8.56,0.098,7.7,1.93,2,3.409,14.17,52층 361㎡(25.5×14.2m) + 52층 361㎡(25.5×14.2m)
단일,5 미세조정,51,51,172.3,108,36,37580,400.0,9983,47563,800,8.52,0.026,,,1,3.503,15.9,51층 737㎡(46.4×15.9m)
2개동,5 미세조정,51+51,51,172.3,108,30,37580,400.0,12752,50332,816,8.69,0.09,10.6,2.66,2,3.392,17.0,51층 368㎡(21.7×17.0m) + 51층 368㎡(21.7×17.0m)
단일,1b 층수·세장비,50,50,169.0,108,37,37580,400.0,9174,46754,811,8.63,0.038,,,1,3.613,19.39,50층 752㎡(38.8×19.4m)
단일,5 미세조정,49,49,165.7,108,37,37580,400.0,9491,47071,830,8.83,0.058,,,1,3.528,17.34,49층 767㎡(44.2×17.3m)
단일,1b 층수·세장비,47,47,159.1,108,37,37580,400.0,8561,46141,858,9.14,0.043,,,1,3.595,23.09,47층 800㎡(34.6×23.1m)
단일,5 미세조정,47,47,159.1,108,36,37580,400.0,9677,47257,866,9.22,0.023,,,1,3.504,16.16,47층 800㎡(49.5×16.2m)
단일,1b 층수·세장비,47,47,159.1,108,43,37580,400.0,10391,47971,871,9.27,0.096,,,1,3.483,14.14,47층 800㎡(56.6×14.1m)
단일,1b 층수·세장비,44,44,149.2,108,31,37580,400.0,8270,45850,915,9.74,0.056,,,1,3.48,23.86,44층 854㎡(35.8×23.9m)
단일,1b 층수·세장비,44,44,149.2,108,34,37580,400.0,10040,47620,928,9.88,0.09,,,1,3.442,14.61,44층 854㎡(58.4×14.6m)
단일,1b 층수·세장비,38,38,129.4,108,32,37580,400.0,7947,45527,1057,11.25,0.059,,,1,3.536,22.24,38층 989㎡(44.5×22.2m)
단일,1b 층수·세장비,55,55,185.5,109,47,37580,400.0,10455,48035,745,7.93,0.101,,,1,3.51,15.09,55층 683㎡(45.3×15.1m)
단일,1b 층수·세장비,55,55,185.5,109,30,37580,400.0,10455,48035,745,7.93,0.139,,,1,3.479,15.09,55층 683㎡(45.3×15.1m)
단일,1b 층수·세장비,55,55,185.5,109,36,37580,400.0,11278,48858,750,7.98,0.145,,,1,3.473,13.07,55층 683㎡(52.3×13.1m)
단일,1b 층수·세장비,55,55,185.5,109,46,37580,400.0,9299,46879,738,7.85,0.155,,,1,3.471,21.34,55층 683㎡(32.0×21.3m)
2개동,5 미세조정,54+54,54,182.2,109,32,37580,400.0,13585,51165,776,8.26,0.061,8.1,2.01,2,3.419,13.9,54층 348㎡(25.0×13.9m) + 54층 348㎡(25.0×13.9m)
단일,1b 층수·세장비,53,53,178.9,109,47,37580,400.0,10255,47835,772,8.21,0.1,,,1,3.503,15.37,53층 709㎡(46.1×15.4m)
단일,5 미세조정,53,53,178.9,109,37,37580,400.0,10450,48030,773,8.23,0.051,,,1,3.498,14.79,53층 709㎡(47.9×14.8m)
단일,5 미세조정,53,53,178.9,109,37,37580,400.0,10450,48030,773,8.23,0.025,,,1,3.484,14.79,53층 709㎡(47.9×14.8m)
2개동,5 미세조정,53+53,53,178.9,109,34,37580,400.0,13486,51066,790,8.41,0.025,7.6,1.91,2,3.416,13.9,53층 355㎡(25.5×13.9m) + 53층 355㎡(25.5×13.9m)
2개동,5 미세조정,53+53,53,178.9,109,32,37580,400.0,13363,50943,789,8.4,0.061,8.2,2.06,2,3.41,14.4,53층 355㎡(24.6×14.4m) + 53층 355㎡(24.6×14.4m)
2개동,5 미세조정,52+52,52,175.6,109,30,37580,400.0,13227,50807,803,8.55,0.089,7.9,1.98,2,3.4,14.54,52층 361㎡(24.9×14.5m) + 52층 361㎡(24.9×14.5m)
단일,5 미세조정,51,51,172.3,109,37,37580,400.0,9692,47272,798,8.5,0.039,,,1,3.512,17.0,51층 737㎡(43.3×17.0m)
2개동,5 미세조정,51+51,51,172.3,109,31,37580,400.0,12932,50512,817,8.7,0.06,9.9,2.47,2,3.395,15.52,51층 368㎡(23.7×15.5m) + 51층 368㎡(23.7×15.5m)
단일,1b 층수·세장비,50,50,169.0,109,37,37580,400.0,10731,48311,821,8.74,0.044,,,1,3.435,13.71,50층 752㎡(54.8×13.7m)
단일,5 미세조정,49,49,165.7,109,36,37580,400.0,9842,47422,832,8.85,0.051,,,1,3.53,15.99,49층 767㎡(48.0×16.0m)
단일,5 미세조정,49,49,165.7,109,37,37580,400.0,9491,47071,830,8.83,0.039,,,1,3.511,17.34,49층 767㎡(44.2×17.3m)
단일,5 미세조정,47,47,159.1,109,37,37580,400.0,9815,47395,867,9.23,0.033,,,1,3.492,15.71,47층 800㎡(50.9×15.7m)
단일,1b 층수·세장비,47,47,159.1,109,36,37580,400.0,9249,46829,863,9.19,0.148,,,1,3.479,17.88,47층 800㎡(44.7×17.9m)
단일,5 미세조정,46,46,155.8,109,36,37580,400.0,9977,47557,887,9.44,0.067,,,1,3.498,15.06,46층 817㎡(54.2×15.1m)
단일,1b 층수·세장비,41,41,139.3,109,31,37580,400.0,7970,45550,979,10.42,0.081,,,1,3.464,24.72,41층 917㎡(37.1×24.7m)
단일,1b 층수·세장비,38,38,129.4,109,34,37580,400.0,8278,45858,1060,11.28,0.108,,,1,3.546,19.89,38층 989㎡(49.7×19.9m)
단일,1b 층수·세장비,38,38,129.4,109,30,37580,400.0,7660,45240,1054,11.22,0.078,,,1,3.463,25.68,38층 989㎡(38.5×25.7m)
단일,1b 층수·세장비,55,55,185.5,110,40,37580,400.0,12068,49648,754,8.03,0.047,,,1,3.578,11.69,55층 683㎡(58.4×11.7m)
단일,1b 층수·세장비,55,55,185.5,110,36,37580,400.0,9299,46879,738,7.85,0.112,,,1,3.474,21.34,55층 683㎡(32.0×21.3m)
2개동,5 미세조정,55+55,55,185.5,110,33,37580,400.0,13546,51126,761,8.1,0.083,9.2,2.31,2,3.4,14.52,55층 342㎡(23.5×14.5m) + 55층 342㎡(23.5×14.5m)
2개동,5 미세조정,54+54,54,182.2,110,31,37580,400.0,14456,52036,781,8.31,0.098,6.2,1.55,2,3.422,11.59,54층 348㎡(30.0×11.6m) + 54층 348㎡(30.0×11.6m)
2개동,5 미세조정,54+54,54,182.2,110,38,37580,400.0,13585,51165,776,8.26,0.119,8.7,2.16,2,3.41,13.9,54층 348㎡(25.0×13.9m) + 54층 348㎡(25.0×13.9m)
2개동,5 미세조정,54+54,54,182.2,110,32,37580,400.0,13622,51202,776,8.26,0.086,7.9,1.97,2,3.405,13.77,54층 348㎡(25.3×13.8m) + 54층 348㎡(25.3×13.8m)
단일,1b 층수·세장비,53,53,178.9,110,35,37580,400.0,9119,46699,764,8.14,0.03,,,1,3.491,21.74,53층 709㎡(32.6×21.7m)
단일,1b 층수·세장비,53,53,178.9,110,38,37580,400.0,9849,47429,769,8.19,0.122,,,1,3.482,16.84,53층 709㎡(42.1×16.8m)
2개동,5 미세조정,52+52,52,175.6,110,31,37580,400.0,13688,51268,806,8.58,0.047,6.2,1.56,2,3.419,12.93,52층 361㎡(27.9×12.9m) + 52층 361㎡(27.9×12.9m)
2개동,5 미세조정,52+52,52,175.6,110,30,37580,400.0,13042,50622,802,8.54,0.108,8.8,2.2,2,3.395,15.52,52층 361㎡(23.3×15.5m) + 52층 361㎡(23.3×15.5m)
2개동,5 미세조정,51+51,51,172.3,110,30,37580,400.0,13176,50756,819,8.72,0.082,7.4,1.86,2,3.399,14.31,51층 368㎡(25.8×14.3m) + 51층 368㎡(25.8×14.3m)
2개동,5 미세조정,50+50,50,169.0,110,30,37580,400.0,13037,50617,835,8.88,0.083,7.2,1.79,2,3.4,14.45,50층 376㎡(26.0×14.4m) + 50층 376㎡(26.0×14.4m)
단일,5 미세조정,47,47,159.1,110,37,37580,400.0,9249,46829,863,9.19,0.058,,,1,3.531,17.88,47층 800㎡(44.7×17.9m)
단일,5 미세조정,47,47,159.1,110,37,37580,400.0,9287,46867,863,9.19,0.059,,,1,3.53,17.71,47층 800㎡(45.2×17.7m)
단일,1a 방위·위치,47,47,159.1,110,37,37580,400.0,9631,47211,866,9.22,0.144,,,1,3.477,16.33,47층 800㎡(49.0×16.3m)
단일,5 미세조정,46,46,155.8,110,37,37580,400.0,9296,46876,882,9.39,0.043,,,1,3.506,17.39,46층 817㎡(47.0×17.4m)
단일,5 미세조정,45,45,152.5,110,37,37580,400.0,8768,46348,898,9.56,0.061,,,1,3.551,19.82,45층 835㎡(42.1×19.8m)
단일,1b 층수·세장비,44,44,149.2,110,38,37580,400.0,8935,46515,920,9.79,0.055,,,1,3.586,18.48,44층 854㎡(46.2×18.5m)
단일,1b 층수·세장비,44,44,149.2,110,41,37580,400.0,8579,46159,917,9.76,0.043,,,1,3.473,20.67,44층 854㎡(41.3×20.7m)
단일,1b 층수·세장비,44,44,149.2,110,36,37580,400.0,10040,47620,928,9.88,0.099,,,1,3.472,14.61,44층 854㎡(58.4×14.6m)
단일,1b 층수·세장비,41,41,139.3,110,36,37580,400.0,7970,45550,979,10.42,0.052,,,1,3.454,24.72,41층 917㎡(37.1×24.7m)
단일,1b 층수·세장비,38,38,129.4,110,30,37580,400.0,8278,45858,1060,11.28,0.066,,,1,3.517,19.89,38층 989㎡(49.7×19.9m)
단일,1b 층수·세장비,55,55,185.5,111,38,37580,400.0,10455,48035,745,7.93,0.092,,,1,3.424,15.09,55층 683㎡(45.3×15.1m)
단일,5 미세조정,53,53,178.9,111,36,37580,400.0,10255,47835,772,8.21,0.046,,,1,3.521,15.37,53층 709㎡(46.1×15.4m)
단일,1b 층수·세장비,53,53,178.9,111,38,37580,400.0,10255,47835,772,8.21,0.092,,,1,3.423,15.37,53층 709㎡(46.1×15.4m)
2개동,5 미세조정,53+53,53,178.9,111,30,37580,400.0,13450,51030,790,8.4,0.084,8.9,2.23,2,3.388,14.03,53층 355㎡(25.3×14.0m) + 53층 355㎡(25.3×14.0m)
단일,5 미세조정,52,52,175.6,111,37,37580,400.0,9652,47232,783,8.33,0.07,,,1,3.551,17.44,52층 723㎡(41.4×17.4m)
단일,5 미세조정,52,52,175.6,111,37,37580,400.0,9791,47371,783,8.34,0.039,,,1,3.51,16.83,52층 723㎡(42.9×16.8m)
2개동,5 미세조정,52+52,52,175.6,111,34,37580,400.0,12885,50465,801,8.53,0.07,13.3,3.33,2,3.395,16.83,52층 361㎡(21.5×16.8m) + 52층 361㎡(21.5×16.8m)
2개동,5 미세조정,51+51,51,172.3,111,30,37580,400.0,13090,50670,818,8.71,0.058,7.6,1.91,2,3.407,14.68,51층 368㎡(25.1×14.7m) + 51층 368㎡(25.1×14.7m)
2개동,5 미세조정,51+51,51,172.3,111,38,37580,400.0,12907,50487,817,8.7,0.121,11.3,2.82,2,3.403,15.67,51층 368㎡(23.5×15.7m) + 51층 368㎡(23.5×15.7m)
단일,5 미세조정,49,49,165.7,111,37,37580,400.0,9650,47230,831,8.84,0.041,,,1,3.503,16.69,49층 767㎡(46.0×16.7m)
단일,5 미세조정,48,48,162.4,111,37,37580,400.0,9737,47317,849,9.03,0.076,,,1,3.538,16.15,48층 783㎡(48.5×16.2m)
단일,5 미세조정,47,47,159.1,111,36,37580,400.0,9401,46981,864,9.2,0.043,,,1,3.517,17.21,47층 800㎡(46.5×17.2m)
단일,5 미세조정,46,46,155.8,111,37,37580,400.0,9296,46876,882,9.39,0.084,,,1,3.526,17.39,46층 817㎡(47.0×17.4m)
단일,1b 층수·세장비,44,44,149.2,111,45,37580,400.0,8579,46159,917,9.76,0.102,,,1,3.481,20.67,44층 854㎡(41.3×20.7m)
단일,1b 층수·세장비,41,41,139.3,111,33,37580,400.0,7970,45550,979,10.42,0.148,,,1,3.458,24.72,41층 917㎡(37.1×24.7m)
2개동,5 미세조정,55+55,55,185.5,112,39,37580,400.0,13279,50859,760,8.09,0.113,13.9,3.48,2,3.392,16.37,55층 342㎡(20.9×16.4m) + 55층 342㎡(20.9×16.4m)
단일,1b 층수·세장비,53,53,178.9,112,34,37580,400.0,9119,46699,764,8.14,0.103,,,1,3.448,21.74,53층 709㎡(32.6×21.7m)
2개동,5 미세조정,52+52,52,175.6,112,33,37580,400.0,13349,50929,804,8.56,0.033,7.3,1.84,2,3.415,14.03,52층 361㎡(25.8×14.0m) + 52층 361㎡(25.8×14.0m)
단일,5 미세조정,51,51,172.3,112,37,37580,400.0,9555,47135,797,8.49,0.067,,,1,3.531,17.61,51층 737㎡(41.8×17.6m)
단일,5 미세조정,51,51,172.3,112,37,37580,400.0,10242,47822,802,8.53,0.033,,,1,3.48,15.08,51층 737㎡(48.9×15.1m)
2개동,5 미세조정,51+51,51,172.3,112,30,37580,400.0,13090,50670,818,8.71,0.053,7.7,1.92,2,3.408,14.68,51층 368㎡(25.1×14.7m) + 51층 368㎡(25.1×14.7m)
2개동,5 미세조정,51+51,51,172.3,112,31,37580,400.0,12907,50487,817,8.7,0.092,10.1,2.53,2,3.388,15.67,51층 368㎡(23.5×15.7m) + 51층 368㎡(23.5×15.7m)
2개동,5 미세조정,51+51,51,172.3,112,30,37580,400.0,12752,50332,816,8.69,0.084,9.5,2.38,2,3.385,17.0,51층 368㎡(21.7×17.0m) + 51층 368㎡(21.7×17.0m)
단일,1b 층수·세장비,50,50,169.0,112,37,37580,400.0,8844,46424,809,8.61,0.056,,,1,3.571,22.38,50층 752㎡(33.6×22.4m)
단일,5 미세조정,49,49,165.7,112,37,37580,400.0,9452,47032,829,8.83,0.073,,,1,3.547,17.52,49층 767㎡(43.8×17.5m)
단일,5 미세조정,48,48,162.4,112,36,37580,400.0,9737,47317,849,9.03,0.066,,,1,3.515,16.15,48층 783㎡(48.5×16.2m)
단일,5 미세조정,48,48,162.4,112,37,37580,400.0,9923,47503,850,9.05,0.033,,,1,3.486,15.54,48층 783㎡(50.4×15.5m)
단일,1a 방위·위치,47,47,159.1,112,37,37580,400.0,9631,47211,866,9.22,0.025,,,1,3.623,16.33,47층 800㎡(49.0×16.3m)
단일,5 미세조정,47,47,159.1,112,37,37580,400.0,8970,46550,861,9.17,0.057,,,1,3.535,19.4,47층 800㎡(41.2×19.4m)
단일,5 미세조정,47,47,159.1,112,36,37580,400.0,9516,47096,865,9.21,0.052,,,1,3.527,16.75,47층 800㎡(47.7×16.7m)
단일,5 미세조정,46,46,155.8,112,36,37580,400.0,9977,47557,887,9.44,0.065,,,1,3.523,15.06,46층 817㎡(54.2×15.1m)
단일,1b 층수·세장비,44,44,149.2,112,38,37580,400.0,9305,46885,923,9.82,0.054,,,1,3.585,16.87,44층 854㎡(50.6×16.9m)
단일,1b 층수·세장비,38,38,129.4,112,35,37580,400.0,8278,45858,1060,11.28,0.041,,,1,3.603,19.89,38층 989㎡(49.7×19.9m)
단일,1b 층수·세장비,38,38,129.4,112,36,37580,400.0,7947,45527,1057,11.25,0.09,,,1,3.481,22.24,38층 989㎡(44.5×22.2m)
단일,1b 층수·세장비,38,38,129.4,112,30,37580,400.0,8278,45858,1060,11.28,0.094,,,1,3.477,19.89,38층 989㎡(49.7×19.9m)
2개동,5 미세조정,55+55,55,185.5,113,31,37580,400.0,13546,51126,761,8.1,0.1,9.2,2.31,2,3.407,14.52,55층 342㎡(23.5×14.5m) + 55층 342㎡(23.5×14.5m)
2개동,5 미세조정,55+55,55,185.5,113,30,37580,400.0,13279,50859,760,8.09,0.092,10.0,2.51,2,3.388,16.37,55층 342㎡(20.9×16.4m) + 55층 342㎡(20.9×16.4m)
단일,5 미세조정,53,53,178.9,113,36,37580,400.0,9749,47329,768,8.18,0.051,,,1,3.534,17.28,53층 709㎡(41.0×17.3m)
단일,1b 층수·세장비,53,53,178.9,113,44,37580,400.0,9458,47038,767,8.16,0.11,,,1,3.499,18.83,53층 709㎡(37.7×18.8m)
단일,5 미세조정,53,53,178.9,113,37,37580,400.0,10318,47898,772,8.22,0.041,,,1,3.487,15.18,53층 709㎡(46.7×15.2m)
단일,1b 층수·세장비,53,53,178.9,113,37,37580,400.0,9458,47038,767,8.16,0.102,,,1,3.478,18.83,53층 709㎡(37.7×18.8m)
2개동,5 미세조정,53+53,53,178.9,113,31,37580,400.0,13597,51177,791,8.41,0.105,7.2,1.79,2,3.415,13.5,53층 355㎡(26.3×13.5m) + 53층 355㎡(26.3×13.5m)
2개동,5 미세조정,53+53,53,178.9,113,33,37580,400.0,13279,50859,789,8.39,0.085,8.7,2.18,2,3.399,14.79,53층 355㎡(24.0×14.8m) + 53층 355㎡(24.0×14.8m)
2개동,5 미세조정,51+51,51,172.3,113,30,37580,400.0,13090,50670,818,8.71,0.067,7.6,1.91,2,3.406,14.68,51층 368㎡(25.1×14.7m) + 51층 368㎡(25.1×14.7m)
2개동,5 미세조정,51+51,51,172.3,113,30,37580,400.0,12752,50332,816,8.69,0.075,9.5,2.38,2,3.379,17.0,51층 368㎡(21.7×17.0m) + 51층 368㎡(21.7×17.0m)
단일,1b 층수·세장비,47,47,159.1,113,36,37580,400.0,8881,46461,861,9.16,0.035,,,1,3.582,19.99,47층 800㎡(40.0×20.0m)
단일,1b 층수·세장비,47,47,159.1,113,34,37580,400.0,10391,47971,871,9.27,0.027,,,1,3.46,14.14,47층 800㎡(56.6×14.1m)
단일,1b 층수·세장비,44,44,149.2,113,32,37580,400.0,8270,45850,915,9.74,0.03,,,1,3.563,23.86,44층 854㎡(35.8×23.9m)
단일,1b 층수·세장비,41,41,139.3,113,30,37580,400.0,9679,47259,993,10.57,0.062,,,1,3.481,15.14,41층 917㎡(60.6×15.1m)
단일,1b 층수·세장비,55,55,185.5,114,44,37580,400.0,10455,48035,745,7.93,0.074,,,1,3.466,15.09,55층 683㎡(45.3×15.1m)
단일,1b 층수·세장비,55,55,185.5,114,43,37580,400.0,11278,48858,750,7.98,0.06,,,1,3.464,13.07,55층 683㎡(52.3×13.1m)
단일,1b 층수·세장비,53,53,178.9,114,43,37580,400.0,10255,47835,772,8.21,0.193,,,1,3.47,15.37,53층 709㎡(46.1×15.4m)
2개동,5 미세조정,53+53,53,178.9,114,33,37580,400.0,13176,50756,788,8.39,0.084,9.5,2.36,2,3.393,15.37,53층 355㎡(23.1×15.4m) + 53층 355㎡(23.1×15.4m)
단일,1b 층수·세장비,50,50,169.0,114,29,37580,400.0,10731,48311,821,8.74,0.101,,,1,3.475,13.71,50층 752㎡(54.8×13.7m)
단일,5 미세조정,49,49,165.7,114,36,37580,400.0,10311,47891,835,8.89,0.026,,,1,3.473,14.6,49층 767㎡(52.5×14.6m)
단일,5 미세조정,48,48,162.4,114,36,37580,400.0,9256,46836,845,9.0,0.053,,,1,3.538,18.16,48층 783㎡(43.1×18.2m)
단일,1b 층수·세장비,47,47,159.1,114,38,37580,400.0,9249,46829,863,9.19,0.077,,,1,3.554,17.88,47층 800㎡(44.7×17.9m)
단일,1b 층수·세장비,47,47,159.1,114,38,37580,400.0,9631,47211,866,9.22,0.08,,,1,3.542,16.33,47층 800㎡(49.0×16.3m)
단일,5 미세조정,47,47,159.1,114,37,37580,400.0,8970,46550,861,9.17,0.076,,,1,3.539,19.4,47층 800㎡(41.2×19.4m)
단일,1b 층수·세장비,47,47,159.1,114,34,37580,400.0,8561,46141,858,9.14,0.062,,,1,3.472,23.09,47층 800㎡(34.6×23.1m)
단일,1b 층수·세장비,47,47,159.1,114,36,37580,400.0,9631,47211,866,9.22,0.061,,,1,3.427,16.33,47층 800㎡(49.0×16.3m)
단일,1b 층수·세장비,47,47,159.1,114,38,37580,400.0,11121,48701,876,9.33,0.049,,,1,3.408,12.65,47층 800㎡(63.2×12.6m)
단일,1b 층수·세장비,44,44,149.2,114,35,37580,400.0,9305,46885,923,9.82,0.039,,,1,3.607,16.87,44층 854㎡(50.6×16.9m)
단일,1b 층수·세장비,44,44,149.2,114,35,37580,400.0,10040,47620,928,9.88,0.029,,,1,3.604,14.61,44층 854㎡(58.4×14.6m)
단일,1b 층수·세장비,44,44,149.2,114,29,37580,400.0,8935,46515,920,9.79,0.131,,,1,3.474,18.48,44층 854㎡(46.2×18.5m)
2개동,5 미세조정,54+54,54,182.2,115,31,37580,400.0,13497,51077,775,8.25,0.106,8.5,2.11,2,3.403,14.26,54층 348㎡(24.4×14.3m) + 54층 348㎡(24.4×14.3m)
단일,5 미세조정,53,53,178.9,115,36,37580,400.0,10973,48553,776,8.26,0.018,,,1,3.457,13.5,53층 709㎡(52.5×13.5m)
단일,1b 층수·세장비,53,53,178.9,115,33,37580,400.0,9119,46699,764,8.14,0.073,,,1,3.437,21.74,53층 709㎡(32.6×21.7m)
2개동,5 미세조정,53+53,53,178.9,115,32,37580,400.0,13363,50943,789,8.4,0.09,8.2,2.05,2,3.395,14.4,53층 355㎡(24.6×14.4m) + 53층 355㎡(24.6×14.4m)
2개동,5 미세조정,53+53,53,178.9,115,32,37580,400.0,13018,50598,787,8.38,0.09,11.1,2.76,2,3.384,16.68,53층 355㎡(21.3×16.7m) + 53층 355㎡(21.3×16.7m)
단일,1b 층수·세장비,50,50,169.0,115,44,37580,400.0,9947,47527,816,8.68,0.175,,,1,3.46,15.83,50층 752㎡(47.5×15.8m)
단일,1b 층수·세장비,50,50,169.0,115,36,37580,400.0,12202,49782,831,8.84,0.042,,,1,3.419,11.19,50층 752㎡(67.2×11.2m)
2개동,5 미세조정,50+50,50,169.0,115,30,37580,400.0,12771,50351,833,8.86,0.103,8.3,2.06,2,3.393,15.83,50층 376㎡(23.7×15.8m) + 50층 376㎡(23.7×15.8m)
단일,5 미세조정,49,49,165.7,115,37,37580,400.0,9842,47422,832,8.85,0.074,,,1,3.513,15.99,49층 767㎡(48.0×16.0m)
단일,5 미세조정,48,48,162.4,115,37,37580,400.0,9070,46650,844,8.98,0.07,,,1,3.551,19.19,48층 783㎡(40.8×19.2m)
단일,5 미세조정,48,48,162.4,115,36,37580,400.0,9621,47201,848,9.02,0.06,,,1,3.534,16.57,48층 783㎡(47.2×16.6m)
단일,5 미세조정,48,48,162.4,115,36,37580,400.0,9621,47201,848,9.02,0.07,,,1,3.531,16.57,48층 783㎡(47.2×16.6m)
단일,1b 층수·세장비,47,47,159.1,115,37,37580,400.0,8561,46141,858,9.14,0.166,,,1,3.472,23.09,47층 800㎡(34.6×23.1m)
단일,1b 층수·세장비,47,47,159.1,115,30,37580,400.0,10391,47971,871,9.27,0.129,,,1,3.472,14.14,47층 800㎡(56.6×14.1m)
단일,5 미세조정,46,46,155.8,115,37,37580,400.0,9409,46989,883,9.4,0.081,,,1,3.537,16.93,46층 817㎡(48.3×16.9m)
단일,5 미세조정,46,46,155.8,115,37,37580,400.0,9569,47149,884,9.41,0.073,,,1,3.512,16.34,46층 817㎡(50.0×16.3m)
단일,1b 층수·세장비,55,55,185.5,116,38,37580,400.0,9299,46879,738,7.85,0.135,,,1,3.462,21.34,55층 683㎡(32.0×21.3m)
단일,5 미세조정,52,52,175.6,116,36,37580,400.0,10864,48444,790,8.41,0.026,,,1,3.456,13.63,52층 723㎡(53.0×13.6m)
2개동,5 미세조정,52+52,52,175.6,116,30,37580,400.0,12885,50465,801,8.53,0.114,9.3,2.32,2,3.393,16.83,52층 361㎡(21.5×16.8m) + 52층 361㎡(21.5×16.8m)
단일,1b 층수·세장비,50,50,169.0,116,34,37580,400.0,12202,49782,831,8.84,0.066,,,1,3.393,11.19,50층 752㎡(67.2×11.2m)
단일,5 미세조정,46,46,155.8,116,36,37580,400.0,9523,47103,884,9.41,0.079,,,1,3.523,16.5,46층 817㎡(49.5×16.5m)
단일,1b 층수·세장비,44,44,149.2,116,33,37580,400.0,8270,45850,915,9.74,0.073,,,1,3.445,23.86,44층 854㎡(35.8×23.9m)
단일,1b 층수·세장비,53,53,178.9,117,37,37580,400.0,9458,47038,767,8.16,0.053,,,1,3.551,18.83,53층 709㎡(37.7×18.8m)
단일,1b 층수·세장비,53,53,178.9,117,36,37580,400.0,9119,46699,764,8.14,0.18,,,1,3.468,21.74,53층 709㎡(32.6×21.7m)
2개동,5 미세조정,53+53,53,178.9,117,32,37580,400.0,13176,50756,788,8.39,0.088,8.9,2.23,2,3.389,15.37,53층 355㎡(23.1×15.4m) + 53층 355㎡(23.1×15.4m)
단일,1b 층수·세장비,50,50,169.0,117,44,37580,400.0,8844,46424,809,8.61,0.119,,,1,3.461,22.38,50층 752㎡(33.6×22.4m)
단일,5 미세조정,48,48,162.4,117,36,37580,400.0,10200,47780,852,9.07,0.056,,,1,3.493,14.75,48층 783㎡(53.1×14.7m)
단일,5 미세조정,47,47,159.1,117,36,37580,400.0,9815,47395,867,9.23,0.082,,,1,3.527,15.71,47층 800㎡(50.9×15.7m)
단일,5 미세조정,47,47,159.1,117,36,37580,400.0,9516,47096,865,9.21,0.071,,,1,3.519,16.75,47층 800㎡(47.7×16.7m)
단일,1b 층수·세장비,47,47,159.1,117,45,37580,400.0,8881,46461,861,9.16,0.178,,,1,3.462,19.99,47층 800㎡(40.0×20.0m)
단일,1b 층수·세장비,44,44,149.2,117,37,37580,400.0,9305,46885,923,9.82,0.077,,,1,3.554,16.87,44층 854㎡(50.6×16.9m)
단일,1b 층수·세장비,38,38,129.4,117,28,37580,400.0,7947,45527,1057,11.25,0.087,,,1,3.537,22.24,38층 989㎡(44.5×22.2m)
2개동,5 미세조정,55+55,55,185.5,118,33,37580,400.0,13720,51300,762,8.12,0.122,8.5,2.12,2,3.408,13.78,55층 342㎡(24.8×13.8m) + 55층 342㎡(24.8×13.8m)
단일,5 미세조정,51,51,172.3,118,36,37580,400.0,10242,47822,802,8.53,0.037,,,1,3.491,15.08,51층 737㎡(48.9×15.1m)
2개동,5 미세조정,51+51,51,172.3,118,33,37580,400.0,12907,50487,817,8.7,0.122,9.0,2.24,2,3.402,15.67,51층 368㎡(23.5×15.7m) + 51층 368㎡(23.5×15.7m)
2개동,5 미세조정,51+51,51,172.3,118,32,37580,400.0,13008,50588,818,8.71,0.096,8.4,2.11,2,3.378,15.08,51층 368㎡(24.4×15.1m) + 51층 368㎡(24.4×15.1m)
단일,1b 층수·세장비,50,50,169.0,118,31,37580,400.0,9947,47527,816,8.68,0.049,,,1,3.496,15.83,50층 752㎡(47.5×15.8m)
단일,1b 층수·세장비,50,50,169.0,118,34,37580,400.0,8844,46424,809,8.61,0.055,,,1,3.48,22.38,50층 752㎡(33.6×22.4m)
단일,5 미세조정,49,49,165.7,118,36,37580,400.0,9608,47188,830,8.84,0.024,,,1,3.497,16.85,49층 767㎡(45.5×16.9m)
단일,1b 층수·세장비,47,47,159.1,118,37,37580,400.0,8561,46141,858,9.14,0.041,,,1,3.588,23.09,47층 800㎡(34.6×23.1m)
단일,5 미세조정,46,46,155.8,118,35,37580,400.0,10510,48090,891,9.49,0.048,,,1,3.454,13.75,46층 817㎡(59.4×13.8m)
단일,1b 층수·세장비,44,44,149.2,118,37,37580,400.0,8270,45850,915,9.74,0.067,,,1,3.45,23.86,44층 854㎡(35.8×23.9m)
단일,1b 층수·세장비,53,53,178.9,119,44,37580,400.0,9458,47038,767,8.16,0.168,,,1,3.47,18.83,53층 709㎡(37.7×18.8m)
단일,5 미세조정,50,50,169.0,119,36,37580,400.0,10137,47717,817,8.7,0.046,,,1,3.488,15.23,50층 752㎡(49.3×15.2m)
단일,1b 층수·세장비,47,47,159.1,119,36,37580,400.0,9631,47211,866,9.22,0.134,,,1,3.463,16.33,47층 800㎡(49.0×16.3m)
단일,5 미세조정,47,47,159.1,119,36,37580,400.0,10628,48208,873,9.29,0.038,,,1,3.452,13.6,47층 800㎡(58.8×13.6m)
단일,1b 층수·세장비,53,53,178.9,120,42,37580,400.0,11062,48642,777,8.27,0.079,,,1,3.568,13.31,53층 709㎡(53.3×13.3m)
단일,5 미세조정,51,51,172.3,120,36,37580,400.0,10242,47822,802,8.53,0.018,,,1,3.473,15.08,51층 737㎡(48.9×15.1m)
2개동,5 미세조정,51+51,51,172.3,120,31,37580,400.0,12850,50430,817,8.69,0.113,9.5,2.37,2,3.398,16.08,51층 368㎡(22.9×16.1m) + 51층 368㎡(22.9×16.1m)
단일,1b 층수·세장비,47,47,159.1,120,36,37580,400.0,9249,46829,863,9.19,0.071,,,1,3.525,17.88,47층 800㎡(44.7×17.9m)
2개동,5 미세조정,52+52,52,175.6,121,31,37580,400.0,12984,50564,802,8.54,0.114,9.0,2.24,2,3.394,15.92,52층 361㎡(22.7×15.9m) + 52층 361㎡(22.7×15.9m)
2개동,5 미세조정,51+51,51,172.3,121,31,37580,400.0,12907,50487,817,8.7,0.117,8.4,2.09,2,3.398,15.67,51층 368㎡(23.5×15.7m) + 51층 368㎡(23.5×15.7m)
2개동,5 미세조정,51+51,51,172.3,121,31,37580,400.0,12907,50487,817,8.7,0.108,8.4,2.09,2,3.395,15.67,51층 368㎡(23.5×15.7m) + 51층 368㎡(23.5×15.7m)
단일,5 미세조정,50,50,169.0,121,36,37580,400.0,9710,47290,814,8.67,0.064,,,1,3.524,16.68,50층 752㎡(45.0×16.7m)
2개동,5 미세조정,50+50,50,169.0,121,31,37580,400.0,12871,50451,833,8.87,0.111,7.6,1.91,2,3.399,15.23,50층 376㎡(24.7×15.2m) + 50층 376㎡(24.7×15.2m)
단일,5 미세조정,49,49,165.7,121,36,37580,400.0,10030,47610,833,8.87,0.072,,,1,3.505,15.39,49층 767㎡(49.8×15.4m)
단일,5 미세조정,46,46,155.8,121,35,37580,400.0,9523,47103,884,9.41,0.08,,,1,3.511,16.5,46층 817㎡(49.5×16.5m)
단일,1b 층수·세장비,55,55,185.5,122,41,37580,400.0,10455,48035,745,7.93,0.08,,,1,3.581,15.09,55층 683㎡(45.3×15.1m)
단일,1b 층수·세장비,55,55,185.5,122,46,37580,400.0,9644,47224,740,7.87,0.111,,,1,3.487,18.48,55층 683㎡(37.0×18.5m)
2개동,5 미세조정,53+53,53,178.9,122,39,37580,400.0,13018,50598,787,8.38,0.115,13.5,3.38,2,3.388,16.68,53층 355㎡(21.3×16.7m) + 53층 355㎡(21.3×16.7m)
단일,1b 층수·세장비,53,53,178.9,122,37,37580,400.0,12576,50156,786,8.37,0.033,,,1,3.347,10.87,53층 709㎡(65.2×10.9m)
단일,5 미세조정,52,52,175.6,122,37,37580,400.0,9911,47491,784,8.35,0.08,,,1,3.522,16.36,52층 723㎡(44.2×16.4m)
단일,1b 층수·세장비,50,50,169.0,122,36,37580,400.0,10731,48311,821,8.74,0.035,,,1,3.603,13.71,50층 752㎡(54.8×13.7m)
단일,1a 방위·위치,47,47,159.1,122,38,37580,400.0,9631,47211,866,9.22,0.07,,,1,3.554,16.33,47층 800㎡(49.0×16.3m)
단일,1a 방위·위치,47,47,159.1,122,44,37580,400.0,9631,47211,866,9.22,0.119,,,1,3.482,16.33,47층 800㎡(49.0×16.3m)
단일,1b 층수·세장비,55,55,185.5,123,30,37580,400.0,10042,47622,742,7.9,0.13,,,1,3.454,16.53,55층 683㎡(41.3×16.5m)
단일,1b 층수·세장비,53,53,178.9,123,38,37580,400.0,9458,47038,767,8.16,0.057,,,1,3.58,18.83,53층 709㎡(37.7×18.8m)
단일,5 미세조정,53,53,178.9,123,37,37580,400.0,9749,47329,768,8.18,0.059,,,1,3.533,17.28,53층 709㎡(41.0×17.3m)
단일,5 미세조정,52,52,175.6,123,36,37580,400.0,9751,47331,783,8.34,0.052,,,1,3.522,17.0,52층 723㎡(42.5×17.0m)
2개동,5 미세조정,52+52,52,175.6,123,38,37580,400.0,13314,50894,804,8.56,0.096,8.2,2.04,2,3.411,14.17,52층 361㎡(25.5×14.2m) + 52층 361㎡(25.5×14.2m)
2개동,5 미세조정,51+51,51,172.3,123,34,37580,400.0,12752,50332,816,8.69,0.095,10.6,2.66,2,3.379,17.0,51층 368㎡(21.7×17.0m) + 51층 368㎡(21.7×17.0m)
단일,1b 층수·세장비,50,50,169.0,123,35,37580,400.0,10731,48311,821,8.74,0.022,,,1,3.407,13.71,50층 752㎡(54.8×13.7m)
단일,1a 방위·위치,47,47,159.1,123,35,37580,400.0,9631,47211,866,9.22,0.055,,,1,3.5,16.33,47층 800㎡(49.0×16.3m)
단일,1b 층수·세장비,38,38,129.4,123,36,37580,400.0,7947,45527,1057,11.25,0.166,,,1,3.468,22.24,38층 989㎡(44.5×22.2m)
단일,1b 층수·세장비,55,55,185.5,125,47,37580,400.0,11278,48858,750,7.98,0.067,,,1,3.491,13.07,55층 683㎡(52.3×13.1m)
단일,1b 층수·세장비,53,53,178.9,125,36,37580,400.0,9458,47038,767,8.16,0.114,,,1,3.443,18.83,53층 709㎡(37.7×18.8m)
단일,1b 층수·세장비,50,50,169.0,125,36,37580,400.0,8844,46424,809,8.61,0.02,,,1,3.566,22.38,50층 752㎡(33.6×22.4m)
단일,5 미세조정,50,50,169.0,125,37,37580,400.0,9456,47036,813,8.65,0.07,,,1,3.52,17.79,50층 752㎡(42.2×17.8m)
2개동,5 미세조정,50+50,50,169.0,125,31,37580,400.0,12617,50197,832,8.85,0.101,8.7,2.19,2,3.377,17.17,50층 376㎡(21.9×17.2m) + 50층 376㎡(21.9×17.2m)
단일,5 미세조정,49,49,165.7,125,37,37580,400.0,10171,47751,834,8.88,0.062,,,1,3.477,14.98,49층 767㎡(51.2×15.0m)
단일,5 미세조정,47,47,159.1,125,35,37580,400.0,9631,47211,866,9.22,0.089,,,1,3.504,16.33,47층 800㎡(49.0×16.3m)
단일,1b 층수·세장비,44,44,149.2,125,44,37580,400.0,8270,45850,915,9.74,0.206,,,1,3.464,23.86,44층 854㎡(35.8×23.9m)
단일,1b 층수·세장비,55,55,185.5,126,31,37580,400.0,10042,47622,742,7.9,0.11,,,1,3.461,16.53,55층 683㎡(41.3×16.5m)
단일,1b 층수·세장비,50,50,169.0,126,37,37580,400.0,8844,46424,809,8.61,0.056,,,1,3.538,22.38,50층 752㎡(33.6×22.4m)
단일,1b 층수·세장비,44,44,149.2,126,35,37580,400.0,8579,46159,917,9.76,0.139,,,1,3.447,20.67,44층 854㎡(41.3×20.7m)
단일,1b 층수·세장비,38,38,129.4,126,36,37580,400.0,7660,45240,1054,11.22,0.19,,,1,3.46,25.68,38층 989㎡(38.5×25.7m)
2개동,5 미세조정,50+50,50,169.0,127,38,37580,400.0,12617,50197,832,8.85,0.12,12.9,3.22,2,3.392,17.17,50층 376㎡(21.9×17.2m) + 50층 376㎡(21.9×17.2m)
단일,1b 층수·세장비,47,47,159.1,127,32,37580,400.0,10391,47971,871,9.27,0.032,,,1,3.451,14.14,47층 800㎡(56.6×14.1m)
단일,1a 방위·위치,47,47,159.1,127,33,37580,400.0,9631,47211,866,9.22,0.032,,,1,3.419,16.33,47층 800㎡(49.0×16.3m)
단일,1b 층수·세장비,44,44,149.2,127,35,37580,400.0,8579,46159,917,9.76,0.099,,,1,3.455,20.67,44층 854㎡(41.3×20.7m)
단일,1b 층수·세장비,44,44,149.2,127,36,37580,400.0,8270,45850,915,9.74,0.103,,,1,3.445,23.86,44층 854㎡(35.8×23.9m)
단일,1b 층수·세장비,41,41,139.3,127,30,37580,400.0,7970,45550,979,10.42,0.129,,,1,3.445,24.72,41층 917㎡(37.1×24.7m)
2개동,5 미세조정,54+54,54,182.2,128,35,37580,400.0,13334,50914,774,8.24,0.111,9.5,2.38,2,3.4,15.08,54층 348㎡(23.1×15.1m) + 54층 348㎡(23.1×15.1m)
2개동,5 미세조정,54+54,54,182.2,128,35,37580,400.0,13309,50889,774,8.24,0.111,9.7,2.42,2,3.396,15.23,54층 348㎡(22.8×15.2m) + 54층 348㎡(22.8×15.2m)
단일,1b 층수·세장비,53,53,178.9,128,37,37580,400.0,9119,46699,764,8.14,0.048,,,1,3.44,21.74,53층 709㎡(32.6×21.7m)
2개동,2개동,53+53,53,178.9,128,35,37580,400.0,13176,50756,788,8.39,0.113,9.5,2.36,2,3.395,15.37,53층 355㎡(23.1×15.4m) + 53층 355㎡(23.1×15.4m)
2개동,5 미세조정,52+52,52,175.6,128,35,37580,400.0,12984,50564,802,8.54,0.105,9.7,2.43,2,3.39,15.92,52층 361㎡(22.7×15.9m) + 52층 361㎡(22.7×15.9m)
단일,1a 방위·위치,47,47,159.1,128,35,37580,400.0,9631,47211,866,9.22,0.033,,,1,3.608,16.33,47층 800㎡(49.0×16.3m)
단일,1b 층수·세장비,47,47,159.1,128,33,37580,400.0,10391,47971,871,9.27,0.045,,,1,3.444,14.14,47층 800㎡(56.6×14.1m)
단일,1b 층수·세장비,41,41,139.3,128,33,37580,400.0,8612,46192,985,10.48,0.144,,,1,3.447,19.15,41층 917㎡(47.9×19.1m)
단일,1b 층수·세장비,38,38,129.4,128,33,37580,400.0,7947,45527,1057,11.25,0.145,,,1,3.546,22.24,38층 989㎡(44.5×22.2m)
단일,1b 층수·세장비,38,38,129.4,128,35,37580,400.0,7947,45527,1057,11.25,0.188,,,1,3.469,22.24,38층 989㎡(44.5×22.2m)
단일,1b 층수·세장비,38,38,129.4,128,35,37580,400.0,8621,46201,1063,11.31,0.152,,,1,3.452,18.16,38층 989㎡(54.5×18.2m)
단일,1b 층수·세장비,55,55,185.5,129,36,37580,400.0,11278,48858,750,7.98,0.055,,,1,3.602,13.07,55층 683㎡(52.3×13.1m)
단일,1b 층수·세장비,55,55,185.5,129,36,37580,400.0,9299,46879,738,7.85,0.041,,,1,3.593,21.34,55층 683㎡(32.0×21.3m)
단일,1b 층수·세장비,55,55,185.5,129,38,37580,400.0,9644,47224,740,7.87,0.047,,,1,3.56,18.48,55층 683㎡(37.0×18.5m)
단일,1b 층수·세장비,55,55,185.5,129,44,37580,400.0,12068,49648,754,8.03,0.059,,,1,3.534,11.69,55층 683㎡(58.4×11.7m)
단일,5 미세조정,48,48,162.4,129,36,37580,400.0,9070,46650,844,8.98,0.087,,,1,3.523,19.19,48층 783㎡(40.8×19.2m)
단일,1b 층수·세장비,47,47,159.1,129,36,37580,400.0,9249,46829,863,9.19,0.095,,,1,3.523,17.88,47층 800㎡(44.7×17.9m)
단일,1b 층수·세장비,47,47,159.1,129,41,37580,400.0,9631,47211,866,9.22,0.071,,,1,3.473,16.33,47층 800㎡(49.0×16.3m)
단일,1b 층수·세장비,47,47,159.1,129,44,37580,400.0,8561,46141,858,9.14,0.173,,,1,3.447,23.09,47층 800㎡(34.6×23.1m)
단일,1b 층수·세장비,44,44,149.2,129,43,37580,400.0,8579,46159,917,9.76,0.107,,,1,3.493,20.67,44층 854㎡(41.3×20.7m)
단일,1b 층수·세장비,44,44,149.2,129,36,37580,400.0,9305,46885,923,9.82,0.165,,,1,3.453,16.87,44층 854㎡(50.6×16.9m)
단일,1b 층수·세장비,41,41,139.3,129,28,37580,400.0,8268,45848,982,10.45,0.066,,,1,3.513,21.41,41층 917㎡(42.8×21.4m)
단일,1b 층수·세장비,41,41,139.3,129,45,37580,400.0,8969,46549,988,10.51,0.078,,,1,3.478,17.48,41층 917㎡(52.4×17.5m)
단일,1b 층수·세장비,41,41,139.3,129,39,37580,400.0,9679,47259,993,10.57,0.041,,,1,3.466,15.14,41층 917㎡(60.6×15.1m)
단일,1b 층수·세장비,41,41,139.3,129,35,37580,400.0,7970,45550,979,10.42,0.133,,,1,3.441,24.72,41층 917㎡(37.1×24.7m)
단일,1b 층수·세장비,38,38,129.4,129,28,37580,400.0,8278,45858,1060,11.28,0.124,,,1,3.515,19.89,38층 989㎡(49.7×19.9m)
2개동,5 미세조정,55+55,55,185.5,130,31,37580,400.0,13441,51021,761,8.1,0.123,9.5,2.38,2,3.39,15.09,55층 342㎡(22.6×15.1m) + 55층 342㎡(22.6×15.1m)
단일,1b 층수·세장비,53,53,178.9,130,35,37580,400.0,10255,47835,772,8.21,0.038,,,1,3.607,15.37,53층 709㎡(46.1×15.4m)
단일,1b 층수·세장비,53,53,178.9,130,37,37580,400.0,9458,47038,767,8.16,0.065,,,1,3.566,18.83,53층 709㎡(37.7×18.8m)
단일,1b 층수·세장비,50,50,169.0,130,38,37580,400.0,9553,47133,813,8.66,0.068,,,1,3.56,17.34,50층 752㎡(43.3×17.3m)
단일,1b 층수·세장비,50,50,169.0,130,36,37580,400.0,8844,46424,809,8.61,0.046,,,1,3.443,22.38,50층 752㎡(33.6×22.4m)
단일,1b 층수·세장비,50,50,169.0,130,41,37580,400.0,11484,49064,826,8.79,0.133,,,1,3.429,12.26,50층 752㎡(61.3×12.3m)
단일,1a 방위·위치,47,47,159.1,130,30,37580,400.0,9631,47211,866,9.22,0.115,,,1,3.454,16.33,47층 800㎡(49.0×16.3m)
단일,1a 방위·위치,47,47,159.1,130,36,37580,400.0,9631,47211,866,9.22,0.049,,,1,3.389,16.33,47층 800㎡(49.0×16.3m)
단일,1b 층수·세장비,44,44,149.2,130,32,37580,400.0,9305,46885,923,9.82,0.043,,,1,3.465,16.87,44층 854㎡(50.6×16.9m)
2개동,5 미세조정,53+53,53,178.9,131,42,37580,400.0,13176,50756,788,8.39,0.082,11.7,2.93,2,3.393,15.37,53층 355㎡(23.1×15.4m) + 53층 355㎡(23.1×15.4m)
단일,1b 층수·세장비,50,50,169.0,131,32,37580,400.0,9174,46754,811,8.63,0.063,,,1,3.448,19.39,50층 752㎡(38.8×19.4m)
단일,1b 층수·세장비,47,47,159.1,131,40,37580,400.0,9249,46829,863,9.19,0.094,,,1,3.551,17.88,47층 800㎡(44.7×17.9m)
단일,1b 층수·세장비,41,41,139.3,131,32,37580,400.0,7970,45550,979,10.42,0.038,,,1,3.591,24.72,41층 917㎡(37.1×24.7m)
단일,1b 층수·세장비,41,41,139.3,131,34,37580,400.0,7970,45550,979,10.42,0.103,,,1,3.543,24.72,41층 917㎡(37.1×24.7m)
단일,1b 층수·세장비,38,38,129.4,131,30,37580,400.0,7660,45240,1054,11.22,0.101,,,1,3.45,25.68,38층 989㎡(38.5×25.7m)
단일,1b 층수·세장비,55,55,185.5,132,35,37580,400.0,9299,46879,738,7.85,0.051,,,1,3.582,21.34,55층 683㎡(32.0×21.3m)
단일,1b 층수·세장비,55,55,185.5,132,36,37580,400.0,11278,48858,750,7.98,0.06,,,1,3.477,13.07,55층 683㎡(52.3×13.1m)
2개동,5 미세조정,55+55,55,185.5,132,40,37580,400.0,13546,51126,761,8.1,0.105,10.1,2.53,2,3.398,14.52,55층 342㎡(23.5×14.5m) + 55층 342㎡(23.5×14.5m)
단일,1b 층수·세장비,50,50,169.0,132,40,37580,400.0,11484,49064,826,8.79,0.04,,,1,3.443,12.26,50층 752㎡(61.3×12.3m)
단일,1b 층수·세장비,44,44,149.2,132,31,37580,400.0,8579,46159,917,9.76,0.049,,,1,3.472,20.67,44층 854㎡(41.3×20.7m)
단일,1b 층수·세장비,44,44,149.2,132,36,37580,400.0,9305,46885,923,9.82,0.028,,,1,3.433,16.87,44층 854㎡(50.6×16.9m)
단일,1b 층수·세장비,44,44,149.2,132,29,37580,400.0,8579,46159,917,9.76,0.173,,,1,3.43,20.67,44층 854㎡(41.3×20.7m)
단일,1b 층수·세장비,38,38,129.4,132,34,37580,400.0,7660,45240,1054,11.22,0.143,,,1,3.434,25.68,38층 989㎡(38.5×25.7m)
2개동,2개동,55+55,55,185.5,133,42,37580,400.0,13441,51021,761,8.1,0.139,9.4,2.36,2,3.375,15.09,55층 342㎡(22.6×15.1m) + 55층 342㎡(22.6×15.1m)
단일,1b 층수·세장비,53,53,178.9,133,33,37580,400.0,9119,46699,764,8.14,0.054,,,1,3.465,21.74,53층 709㎡(32.6×21.7m)
2개동,5 미세조정,53+53,53,178.9,133,31,37580,400.0,13450,51030,790,8.4,0.13,8.9,2.23,2,3.393,14.03,53층 355㎡(25.3×14.0m) + 53층 355㎡(25.3×14.0m)
단일,1b 층수·세장비,47,47,159.1,133,35,37580,400.0,8881,46461,861,9.16,0.08,,,1,3.541,19.99,47층 800㎡(40.0×20.0m)
단일,1b 층수·세장비,44,44,149.2,133,42,37580,400.0,8579,46159,917,9.76,0.196,,,1,3.474,20.67,44층 854㎡(41.3×20.7m)
단일,1b 층수·세장비,41,41,139.3,133,38,37580,400.0,9679,47259,993,10.57,0.091,,,1,3.471,15.14,41층 917㎡(60.6×15.1m)
단일,1b 층수·세장비,53,53,178.9,134,40,37580,400.0,9849,47429,769,8.19,0.088,,,1,3.558,16.84,53층 709㎡(42.1×16.8m)
단일,1b 층수·세장비,50,50,169.0,134,45,37580,400.0,9947,47527,816,8.68,0.062,,,1,3.552,15.83,50층 752㎡(47.5×15.8m)
단일,1b 층수·세장비,50,50,169.0,134,32,37580,400.0,9174,46754,811,8.63,0.063,,,1,3.462,19.39,50층 752㎡(38.8×19.4m)
단일,1b 층수·세장비,41,41,139.3,134,31,37580,400.0,8612,46192,985,10.48,0.088,,,1,3.455,19.15,41층 917㎡(47.9×19.1m)
단일,1b 층수·세장비,50,50,169.0,135,37,37580,400.0,8844,46424,809,8.61,0.057,,,1,3.562,22.38,50층 752㎡(33.6×22.4m)
단일,1b 층수·세장비,44,44,149.2,135,30,37580,400.0,10040,47620,928,9.88,0.084,,,1,3.462,14.61,44층 854㎡(58.4×14.6m)
단일,1b 층수·세장비,38,38,129.4,135,30,37580,400.0,8278,45858,1060,11.28,0.113,,,1,3.454,19.89,38층 989㎡(49.7×19.9m)
단일,1b 층수·세장비,55,55,185.5,136,41,37580,400.0,12068,49648,754,8.03,0.098,,,1,3.489,11.69,55층 683㎡(58.4×11.7m)
단일,1b 층수·세장비,53,53,178.9,136,37,37580,400.0,10255,47835,772,8.21,0.102,,,1,3.527,15.37,53층 709㎡(46.1×15.4m)
단일,1a 방위·위치,47,47,159.1,136,30,37580,400.0,9631,47211,866,9.22,0.179,,,1,3.507,16.33,47층 800㎡(49.0×16.3m)
단일,1a 방위·위치,47,47,159.1,136,45,37580,400.0,9631,47211,866,9.22,0.112,,,1,3.503,16.33,47층 800㎡(49.0×16.3m)
단일,1b 층수·세장비,44,44,149.2,136,29,37580,400.0,10040,47620,928,9.88,0.116,,,1,3.44,14.61,44층 854㎡(58.4×14.6m)
2개동,5 미세조정,54+54,54,182.2,137,34,37580,400.0,13309,50889,774,8.24,0.123,9.2,2.29,2,3.389,15.23,54층 348㎡(22.8×15.2m) + 54층 348㎡(22.8×15.2m)
단일,1b 층수·세장비,53,53,178.9,137,44,37580,400.0,9458,47038,767,8.16,0.192,,,1,3.47,18.83,53층 709㎡(37.7×18.8m)
단일,1b 층수·세장비,50,50,169.0,137,40,37580,400.0,9174,46754,811,8.63,0.089,,,1,3.554,19.39,50층 752㎡(38.8×19.4m)
단일,1a 방위·위치,47,47,159.1,137,34,37580,400.0,9631,47211,866,9.22,0.055,,,1,3.487,16.33,47층 800㎡(49.0×16.3m)
단일,1b 층수·세장비,44,44,149.2,137,37,37580,400.0,8270,45850,915,9.74,0.075,,,1,3.432,23.86,44층 854㎡(35.8×23.9m)
단일,1b 층수·세장비,53,53,178.9,138,39,37580,400.0,9849,47429,769,8.19,0.06,,,1,3.594,16.84,53층 709㎡(42.1×16.8m)
2개동,5 미세조정,51+51,51,172.3,138,34,37580,400.0,12850,50430,817,8.69,0.119,8.7,2.18,2,3.39,16.08,51층 368㎡(22.9×16.1m) + 51층 368㎡(22.9×16.1m)
단일,1b 층수·세장비,50,50,169.0,138,38,37580,400.0,8844,46424,809,8.61,0.077,,,1,3.57,22.38,50층 752㎡(33.6×22.4m)
단일,1b 층수·세장비,50,50,169.0,138,47,37580,400.0,9174,46754,811,8.63,0.111,,,1,3.487,19.39,50층 752㎡(38.8×19.4m)
단일,1b 층수·세장비,47,47,159.1,138,32,37580,400.0,10391,47971,871,9.27,0.069,,,1,3.436,14.14,47층 800㎡(56.6×14.1m)
단일,1b 층수·세장비,47,47,159.1,138,33,37580,400.0,8881,46461,861,9.16,0.1,,,1,3.434,19.99,47층 800㎡(40.0×20.0m)
단일,1b 층수·세장비,41,41,139.3,138,34,37580,400.0,8268,45848,982,10.45,0.122,,,1,3.429,21.41,41층 917㎡(42.8×21.4m)
2개동,5 미세조정,55+55,55,185.5,139,36,37580,400.0,13279,50859,760,8.09,0.124,11.5,2.87,2,3.39,16.37,55층 342㎡(20.9×16.4m) + 55층 342㎡(20.9×16.4m)
단일,1b 층수·세장비,53,53,178.9,139,39,37580,400.0,9119,46699,764,8.14,0.082,,,1,3.42,21.74,53층 709㎡(32.6×21.7m)
2개동,5 미세조정,52+52,52,175.6,139,40,37580,400.0,13144,50724,803,8.55,0.102,9.4,2.36,2,3.397,14.93,52층 361㎡(24.2×14.9m) + 52층 361㎡(24.2×14.9m)
단일,1a 방위·위치,47,47,159.1,139,37,37580,400.0,9631,47211,866,9.22,0.034,,,1,3.45,16.33,47층 800㎡(49.0×16.3m)
단일,1b 층수·세장비,44,44,149.2,139,37,37580,400.0,8270,45850,915,9.74,0.052,,,1,3.444,23.86,44층 854㎡(35.8×23.9m)
단일,1b 층수·세장비,44,44,149.2,139,37,37580,400.0,8935,46515,920,9.79,0.037,,,1,3.436,18.48,44층 854㎡(46.2×18.5m)
단일,1b 층수·세장비,55,55,185.5,140,35,37580,400.0,10455,48035,745,7.93,0.04,,,1,3.468,15.09,55층 683㎡(45.3×15.1m)
단일,1b 층수·세장비,55,55,185.5,140,37,37580,400.0,9299,46879,738,7.85,0.052,,,1,3.425,21.34,55층 683㎡(32.0×21.3m)
단일,1b 층수·세장비,50,50,169.0,140,35,37580,400.0,10731,48311,821,8.74,0.099,,,1,3.39,13.71,50층 752㎡(54.8×13.7m)
단일,1a 방위·위치,47,47,159.1,140,32,37580,400.0,9631,47211,866,9.22,0.056,,,1,3.535,16.33,47층 800㎡(49.0×16.3m)
단일,1a 방위·위치,47,47,159.1,140,47,37580,400.0,9631,47211,866,9.22,0.081,,,1,3.489,16.33,47층 800㎡(49.0×16.3m)
단일,1b 층수·세장비,44,44,149.2,140,34,37580,400.0,10040,47620,928,9.88,0.097,,,1,3.408,14.61,44층 854㎡(58.4×14.6m)
단일,1b 층수·세장비,41,41,139.3,140,30,37580,400.0,8268,45848,982,10.45,0.076,,,1,3.466,21.41,41층 917㎡(42.8×21.4m)
단일,1b 층수·세장비,41,41,139.3,140,41,37580,400.0,7970,45550,979,10.42,0.111,,,1,3.455,24.72,41층 917㎡(37.1×24.7m)
단일,1b 층수·세장비,38,38,129.4,140,46,37580,400.0,8278,45858,1060,11.28,0.084,,,1,3.488,19.89,38층 989㎡(49.7×19.9m)
단일,1b 층수·세장비,38,38,129.4,140,33,37580,400.0,8278,45858,1060,11.28,0.107,,,1,3.406,19.89,38층 989㎡(49.7×19.9m)
2개동,2개동,55+55,55,185.5,141,45,37580,400.0,13929,51509,764,8.13,0.075,4.3,1.08,2,3.473,13.07,55층 342㎡(26.1×13.1m) + 55층 342㎡(26.1×13.1m)
단일,1a 방위·위치,47,47,159.1,141,38,37580,400.0,9631,47211,866,9.22,0.078,,,1,3.575,16.33,47층 800㎡(49.0×16.3m)
단일,1b 층수·세장비,41,41,139.3,141,36,37580,400.0,7970,45550,979,10.42,0.038,,,1,3.447,24.72,41층 917㎡(37.1×24.7m)
단일,1b 층수·세장비,41,41,139.3,141,43,37580,400.0,7970,45550,979,10.42,0.189,,,1,3.439,24.72,41층 917㎡(37.1×24.7m)
단일,1b 층수·세장비,55,55,185.5,142,35,37580,400.0,12068,49648,754,8.03,0.083,,,1,3.444,11.69,55층 683㎡(58.4×11.7m)
단일,1b 층수·세장비,50,50,169.0,142,48,37580,400.0,9174,46754,811,8.63,0.063,,,1,3.476,19.39,50층 752㎡(38.8×19.4m)
단일,1b 층수·세장비,47,47,159.1,142,34,37580,400.0,9631,47211,866,9.22,0.062,,,1,3.601,16.33,47층 800㎡(49.0×16.3m)
단일,1b 층수·세장비,47,47,159.1,142,32,37580,400.0,9249,46829,863,9.19,0.06,,,1,3.438,17.88,47층 800㎡(44.7×17.9m)
단일,1b 층수·세장비,47,47,159.1,142,37,37580,400.0,10391,47971,871,9.27,0.026,,,1,3.396,14.14,47층 800㎡(56.6×14.1m)
단일,1b 층수·세장비,38,38,129.4,142,30,37580,400.0,7947,45527,1057,11.25,0.048,,,1,3.461,22.24,38층 989㎡(44.5×22.2m)
2개동,5 미세조정,50+50,50,169.0,143,34,37580,400.0,12871,50451,833,8.87,0.132,7.6,1.91,2,3.39,15.23,50층 376㎡(24.7×15.2m) + 50층 376㎡(24.7×15.2m)
단일,1a 방위·위치,47,47,159.1,143,39,37580,400.0,9631,47211,866,9.22,0.044,,,1,3.495,16.33,47층 800㎡(49.0×16.3m)
단일,1b 층수·세장비,47,47,159.1,143,31,37580,400.0,9631,47211,866,9.22,0.181,,,1,3.404,16.33,47층 800㎡(49.0×16.3m)
단일,1b 층수·세장비,55,55,185.5,145,37,37580,400.0,10455,48035,745,7.93,0.051,,,1,3.391,15.09,55층 683㎡(45.3×15.1m)
단일,1b 층수·세장비,55,55,185.5,146,34,37580,400.0,9644,47224,740,7.87,0.086,,,1,3.518,18.48,55층 683㎡(37.0×18.5m)
단일,1b 층수·세장비,47,47,159.1,146,37,37580,400.0,8881,46461,861,9.16,0.067,,,1,3.582,19.99,47층 800㎡(40.0×20.0m)
단일,1b 층수·세장비,44,44,149.2,146,33,37580,400.0,8935,46515,920,9.79,0.097,,,1,3.432,18.48,44층 854㎡(46.2×18.5m)
단일,1b 층수·세장비,44,44,149.2,147,36,37580,400.0,8579,46159,917,9.76,0.074,,,1,3.432,20.67,44층 854㎡(41.3×20.7m)
단일,1b 층수·세장비,55,55,185.5,148,41,37580,400.0,9299,46879,738,7.85,0.205,,,1,3.467,21.34,55층 683㎡(32.0×21.3m)
2개동,5 미세조정,51+51,51,172.3,148,43,37580,400.0,13176,50756,819,8.72,0.108,9.0,2.26,2,3.4,14.31,51층 368㎡(25.8×14.3m) + 51층 368㎡(25.8×14.3m)
단일,1b 층수·세장비,50,50,169.0,148,39,37580,400.0,9553,47133,813,8.66,0.065,,,1,3.392,17.34,50층 752㎡(43.3×17.3m)
단일,1a 방위·위치,47,47,159.1,148,34,37580,400.0,9631,47211,866,9.22,0.095,,,1,3.409,16.33,47층 800㎡(49.0×16.3m)
2개동,2개동,47+47,47,159.1,148,38,37580,400.0,15976,53556,909,9.67,0.114,6.0,0.08,2,3.381,8.94,47층 400㎡(44.7×8.9m) + 47층 400㎡(44.7×8.9m)
2개동,5 미세조정,55+55,55,185.5,149,45,37580,400.0,13441,51021,761,8.1,0.079,11.0,2.75,2,3.387,15.09,55층 342㎡(22.6×15.1m) + 55층 342㎡(22.6×15.1m)
2개동,5 미세조정,54+54,54,182.2,149,44,37580,400.0,13250,50830,774,8.24,0.093,12.5,3.13,2,3.384,15.63,54층 348㎡(22.3×15.6m) + 54층 348㎡(22.3×15.6m)
단일,1a 방위·위치,47,47,159.1,149,32,37580,400.0,9631,47211,866,9.22,0.053,,,1,3.534,16.33,47층 800㎡(49.0×16.3m)
단일,1b 층수·세장비,38,38,129.4,149,33,37580,400.0,10587,48167,1080,11.49,0.039,,,1,3.375,12.84,38층 989㎡(77.0×12.8m)
2개동,5 미세조정,54+54,54,182.2,150,41,37580,400.0,13309,50889,774,8.24,0.137,10.8,2.7,2,3.392,15.23,54층 348㎡(22.8×15.2m) + 54층 348㎡(22.8×15.2m)
2개동,5 미세조정,50+50,50,169.0,150,44,37580,400.0,12871,50451,833,8.87,0.081,10.1,2.53,2,3.391,15.23,50층 376㎡(24.7×15.2m) + 50층 376㎡(24.7×15.2m)
단일,1a 방위·위치,47,47,159.1,150,33,37580,400.0,9631,47211,866,9.22,0.054,,,1,3.519,16.33,47층 800㎡(49.0×16.3m)
2개동,5 미세조정,54+54,54,182.2,151,44,37580,400.0,13309,50889,774,8.24,0.122,10.8,2.7,2,3.386,15.23,54층 348㎡(22.8×15.2m) + 54층 348㎡(22.8×15.2m)
2개동,5 미세조정,53+53,53,178.9,151,43,37580,400.0,13279,50859,789,8.39,0.152,9.7,2.42,2,3.394,14.79,53층 355㎡(24.0×14.8m) + 53층 355㎡(24.0×14.8m)
단일,1b 층수·세장비,50,50,169.0,151,37,37580,400.0,8844,46424,809,8.61,0.093,,,1,3.567,22.38,50층 752㎡(33.6×22.4m)
단일,1b 층수·세장비,47,47,159.1,151,29,37580,400.0,10391,47971,871,9.27,0.104,,,1,3.418,14.14,47층 800㎡(56.6×14.1m)
2개동,5 미세조정,55+55,55,185.5,152,44,37580,400.0,13381,50961,760,8.09,0.127,11.6,2.89,2,3.384,15.48,55층 342㎡(22.1×15.5m) + 55층 342㎡(22.1×15.5m)
단일,1b 층수·세장비,41,41,139.3,152,30,37580,400.0,8969,46549,988,10.51,0.175,,,1,3.381,17.48,41층 917㎡(52.4×17.5m)
단일,1b 층수·세장비,44,44,149.2,153,35,37580,400.0,8579,46159,917,9.76,0.229,,,1,3.435,20.67,44층 854㎡(41.3×20.7m)
단일,1b 층수·세장비,41,41,139.3,153,43,37580,400.0,8268,45848,982,10.45,0.081,,,1,3.453,21.41,41층 917㎡(42.8×21.4m)
2개동,5 미세조정,54+54,54,182.2,154,44,37580,400.0,13309,50889,774,8.24,0.153,9.2,2.29,2,3.39,15.23,54층 348㎡(22.8×15.2m) + 54층 348㎡(22.8×15.2m)
2개동,5 미세조정,54+54,54,182.2,154,39,37580,400.0,13149,50729,773,8.23,0.137,11.3,2.82,2,3.383,16.52,54층 348㎡(21.1×16.5m) + 54층 348㎡(21.1×16.5m)
2개동,2개동,53+53,53,178.9,154,31,37580,400.0,14208,51788,794,8.46,0.055,9.6,2.41,2,3.392,11.91,53층 355㎡(29.8×11.9m) + 53층 355㎡(29.8×11.9m)
2개동,2개동,50+50,50,169.0,154,32,37580,400.0,12771,50351,833,8.86,0.232,5.2,1.3,2,3.423,15.83,50층 376㎡(23.7×15.8m) + 50층 376㎡(23.7×15.8m)
단일,1a 방위·위치,47,47,159.1,154,29,37580,400.0,9631,47211,866,9.22,0.124,,,1,3.404,16.33,47층 800㎡(49.0×16.3m)
2개동,2개동,44+44,44,149.2,154,38,37580,400.0,11928,49508,940,10.01,0.048,13.0,3.25,2,3.428,16.87,44층 427㎡(25.3×16.9m) + 44층 427㎡(25.3×16.9m)
단일,1b 층수·세장비,53,53,178.9,155,30,37580,400.0,10255,47835,772,8.21,0.082,,,1,3.48,15.37,53층 709㎡(46.1×15.4m)
단일,1a 방위·위치,47,47,159.1,155,28,37580,400.0,9631,47211,866,9.22,0.208,,,1,3.464,16.33,47층 800㎡(49.0×16.3m)
단일,1b 층수·세장비,38,38,129.4,155,43,37580,400.0,7947,45527,1057,11.25,0.066,,,1,3.453,22.24,38층 989㎡(44.5×22.2m)
단일,1b 층수·세장비,55,55,185.5,156,32,37580,400.0,12068,49648,754,8.03,0.045,,,1,3.396,11.69,55층 683㎡(58.4×11.7m)
단일,1a 방위·위치,47,47,159.1,156,30,37580,400.0,9631,47211,866,9.22,0.105,,,1,3.538,16.33,47층 800㎡(49.0×16.3m)
단일,1a 방위·위치,47,47,159.1,156,33,37580,400.0,9631,47211,866,9.22,0.084,,,1,3.36,16.33,47층 800㎡(49.0×16.3m)
2개동,2개동,44+44,44,149.2,156,30,37580,400.0,11928,49508,940,10.01,0.157,6.7,1.68,2,3.422,16.87,44층 427㎡(25.3×16.9m) + 44층 427㎡(25.3×16.9m)
단일,1b 층수·세장비,41,41,139.3,156,28,37580,400.0,8612,46192,985,10.48,0.053,,,1,3.593,19.15,41층 917㎡(47.9×19.1m)
2개동,5 미세조정,54+54,54,182.2,157,40,37580,400.0,13149,50729,773,8.23,0.131,10.3,2.57,2,3.381,16.52,54층 348㎡(21.1×16.5m) + 54층 348㎡(21.1×16.5m)
단일,1b 층수·세장비,53,53,178.9,157,36,37580,400.0,9849,47429,769,8.19,0.135,,,1,3.501,16.84,53층 709㎡(42.1×16.8m)
단일,1b 층수·세장비,53,53,178.9,157,33,37580,400.0,11062,48642,777,8.27,0.065,,,1,3.425,13.31,53층 709㎡(53.3×13.3m)
2개동,2개동,53+53,53,178.9,157,42,37580,400.0,13176,50756,788,8.39,0.053,11.9,0.13,2,3.368,15.37,53층 355㎡(23.1×15.4m) + 53층 355㎡(23.1×15.4m)
2개동,5 미세조정,51+51,51,172.3,157,40,37580,400.0,12850,50430,817,8.69,0.139,8.7,2.18,2,3.386,16.08,51층 368㎡(22.9×16.1m) + 51층 368㎡(22.9×16.1m)
2개동,5 미세조정,51+51,51,172.3,157,43,37580,400.0,13008,50588,818,8.71,0.144,7.9,1.98,2,3.381,15.08,51층 368㎡(24.4×15.1m) + 51층 368㎡(24.4×15.1m)
2개동,2개동,50+50,50,169.0,157,31,37580,400.0,14331,51911,843,8.97,0.044,7.4,1.84,2,3.377,11.19,50층 376㎡(33.6×11.2m) + 50층 376㎡(33.6×11.2m)
단일,1a 방위·위치,47,47,159.1,157,28,37580,400.0,9631,47211,866,9.22,0.229,,,1,3.461,16.33,47층 800㎡(49.0×16.3m)
단일,1b 층수·세장비,53,53,178.9,158,28,37580,400.0,11062,48642,777,8.27,0.088,,,1,3.451,13.31,53층 709㎡(53.3×13.3m)
단일,1b 층수·세장비,50,50,169.0,158,29,37580,400.0,10731,48311,821,8.74,0.113,,,1,3.447,13.71,50층 752㎡(54.8×13.7m)
2개동,2개동,55+55,55,185.5,159,32,37580,400.0,13929,51509,764,8.13,0.225,13.0,3.25,2,3.371,13.07,55층 342㎡(26.1×13.1m) + 55층 342㎡(26.1×13.1m)
2개동,2개동,53+53,53,178.9,160,29,37580,400.0,13176,50756,788,8.39,0.18,6.0,1.5,2,3.435,15.37,53층 355㎡(23.1×15.4m) + 53층 355㎡(23.1×15.4m)
2개동,5 미세조정,51+51,51,172.3,160,39,37580,400.0,12907,50487,817,8.7,0.153,8.5,2.13,2,3.385,15.67,51층 368㎡(23.5×15.7m) + 51층 368㎡(23.5×15.7m)
단일,1a 방위·위치,47,47,159.1,160,30,37580,400.0,9631,47211,866,9.22,0.207,,,1,3.381,16.33,47층 800㎡(49.0×16.3m)
단일,1b 층수·세장비,41,41,139.3,160,31,37580,400.0,8969,46549,988,10.51,0.228,,,1,3.402,17.48,41층 917㎡(52.4×17.5m)
2개동,5 미세조정,55+55,55,185.5,161,43,37580,400.0,13546,51126,761,8.1,0.148,9.4,2.35,2,3.379,14.52,55층 342㎡(23.5×14.5m) + 55층 342㎡(23.5×14.5m)
단일,1a 방위·위치,47,47,159.1,161,30,37580,400.0,9631,47211,866,9.22,0.253,,,1,3.455,16.33,47층 800㎡(49.0×16.3m)
단일,1b 층수·세장비,50,50,169.0,162,34,37580,400.0,9947,47527,816,8.68,0.145,,,1,3.483,15.83,50층 752㎡(47.5×15.8m)
2개동,2개동,44+44,44,149.2,162,32,37580,400.0,15431,53011,967,10.29,0.066,9.0,0.12,2,3.341,9.24,44층 427㎡(46.2×9.2m) + 44층 427㎡(46.2×9.2m)
2개동,2개동,50+50,50,169.0,163,34,37580,400.0,14331,51911,843,8.97,0.116,6.0,0.07,2,3.357,11.19,50층 376㎡(33.6×11.2m) + 50층 376㎡(33.6×11.2m)
단일,1b 층수·세장비,41,41,139.3,163,37,37580,400.0,8612,46192,985,10.48,0.238,,,1,3.443,19.15,41층 917㎡(47.9×19.1m)
2개동,2개동,38+38,38,129.4,163,36,37580,400.0,11033,48613,1082,11.51,0.041,11.5,0.18,2,3.389,18.16,38층 494㎡(27.2×18.2m) + 38층 494㎡(27.2×18.2m)
2개동,2개동,38+38,38,129.4,163,27,37580,400.0,15173,52753,1118,11.9,0.227,9.0,0.14,2,3.362,9.08,38층 494㎡(54.5×9.1m) + 38층 494㎡(54.5×9.1m)
단일,1b 층수·세장비,41,41,139.3,164,27,37580,400.0,8268,45848,982,10.45,0.059,,,1,3.58,21.41,41층 917㎡(42.8×21.4m)
단일,1a 방위·위치,47,47,159.1,165,34,37580,400.0,9631,47211,866,9.22,0.07,,,1,3.594,16.33,47층 800㎡(49.0×16.3m)
단일,1a 방위·위치,47,47,159.1,165,32,37580,400.0,9631,47211,866,9.22,0.181,,,1,3.514,16.33,47층 800㎡(49.0×16.3m)
단일,1b 층수·세장비,44,44,149.2,165,34,37580,400.0,10747,48327,934,9.94,0.111,,,1,3.396,13.07,44층 854㎡(65.3×13.1m)
단일,1b 층수·세장비,41,41,139.3,166,35,37580,400.0,7970,45550,979,10.42,0.126,,,1,3.411,24.72,41층 917㎡(37.1×24.7m)
단일,1a 방위·위치,47,47,159.1,167,35,37580,400.0,9631,47211,866,9.22,0.146,,,1,3.494,16.33,47층 800㎡(49.0×16.3m)
단일,1a 방위·위치,47,47,159.1,167,30,37580,400.0,9631,47211,866,9.22,0.199,,,1,3.474,16.33,47층 800㎡(49.0×16.3m)
2개동,2개동,38+38,38,129.4,167,28,37580,400.0,12393,49973,1094,11.64,0.206,6.0,0.09,2,3.409,12.84,38층 494㎡(38.5×12.8m) + 38층 494㎡(38.5×12.8m)
2개동,2개동,55+55,55,185.5,168,28,37580,400.0,13929,51509,764,8.13,0.24,4.3,1.07,2,3.4,13.07,55층 342㎡(26.1×13.1m) + 55층 342㎡(26.1×13.1m)
2개동,2개동,55+55,55,185.5,168,31,37580,400.0,13441,51021,761,8.1,0.175,9.0,2.25,2,3.395,15.09,55층 342㎡(22.6×15.1m) + 55층 342㎡(22.6×15.1m)
2개동,2개동,55+55,55,185.5,168,40,37580,400.0,13929,51509,764,8.13,0.059,13.8,0.15,2,3.347,13.07,55층 342㎡(26.1×13.1m) + 55층 342㎡(26.1×13.1m)
단일,1b 층수·세장비,50,50,169.0,168,35,37580,400.0,9947,47527,816,8.68,0.099,,,1,3.387,15.83,50층 752㎡(47.5×15.8m)
2개동,2개동,55+55,55,185.5,169,30,37580,400.0,15076,52656,771,8.2,0.055,4.3,0.05,2,3.419,10.67,55층 342㎡(32.0×10.7m) + 55층 342㎡(32.0×10.7m)
2개동,2개동,50+50,50,169.0,169,34,37580,400.0,14331,51911,843,8.97,0.049,4.3,0.05,2,3.374,11.19,50층 376㎡(33.6×11.2m) + 50층 376㎡(33.6×11.2m)
단일,1a 방위·위치,47,47,159.1,170,36,37580,400.0,9631,47211,866,9.22,0.091,,,1,3.555,16.33,47층 800㎡(49.0×16.3m)
단일,1b 층수·세장비,47,47,159.1,170,32,37580,400.0,8561,46141,858,9.14,0.07,,,1,3.422,23.09,47층 800㎡(34.6×23.1m)
단일,1a 방위·위치,47,47,159.1,171,33,37580,400.0,9631,47211,866,9.22,0.047,,,1,3.464,16.33,47층 800㎡(49.0×16.3m)
단일,1a 방위·위치,47,47,159.1,172,29,37580,400.0,9631,47211,866,9.22,0.11,,,1,3.323,16.33,47층 800㎡(49.0×16.3m)
단일,1b 층수·세장비,44,44,149.2,172,30,37580,400.0,8270,45850,915,9.74,0.065,,,1,3.573,23.86,44층 854㎡(35.8×23.9m)
단일,1a 방위·위치,47,47,159.1,173,36,37580,400.0,9631,47211,866,9.22,0.117,,,1,3.303,16.33,47층 800㎡(49.0×16.3m)
단일,1b 층수·세장비,41,41,139.3,173,34,37580,400.0,7970,45550,979,10.42,0.232,,,1,3.44,24.72,41층 917㎡(37.1×24.7m)
단일,1a 방위·위치,47,47,159.1,174,31,37580,400.0,9631,47211,866,9.22,0.154,,,1,3.457,16.33,47층 800㎡(49.0×16.3m)
단일,1a 방위·위치,47,47,159.1,174,31,37580,400.0,9631,47211,866,9.22,0.048,,,1,3.419,16.33,47층 800㎡(49.0×16.3m)
단일,1b 층수·세장비,50,50,169.0,175,31,37580,400.0,12202,49782,831,8.84,0.031,,,1,3.353,11.19,50층 752㎡(67.2×11.2m)
단일,1a 방위·위치,47,47,159.1,175,33,37580,400.0,9631,47211,866,9.22,0.092,,,1,3.482,16.33,47층 800㎡(49.0×16.3m)
단일,1a 방위·위치,47,47,159.1,175,29,37580,400.0,9631,47211,866,9.22,0.176,,,1,3.475,16.33,47층 800㎡(49.0×16.3m)
단일,1a 방위·위치,47,47,159.1,175,36,37580,400.0,9631,47211,866,9.22,0.06,,,1,3.34,16.33,47층 800㎡(49.0×16.3m)
2개동,2개동,41+41,41,139.3,175,34,37580,400.0,12900,50480,1017,10.83,0.079,6.0,0.09,2,3.376,12.36,41층 458㎡(37.1×12.4m) + 41층 458㎡(37.1×12.4m)
2개동,2개동,38+38,38,129.4,175,31,37580,400.0,12393,49973,1094,11.64,0.225,6.0,0.09,2,3.4,12.84,38층 494㎡(38.5×12.8m) + 38층 494㎡(38.5×12.8m)
3개동,3개동,38+38+38,38,129.4,175,26,37580,400.0,13701,51281,1103,11.74,0.043,6.0,0.09,3,3.348,14.82,38층 330㎡(22.2×14.8m) + 38층 330㎡(22.2×14.8m) + 38층 330㎡(22.2×14.8m)
단일,1b 층수·세장비,50,50,169.0,177,40,37580,400.0,9174,46754,811,8.63,0.213,,,1,3.432,19.39,50층 752㎡(38.8×19.4m)
단일,1a 방위·위치,47,47,159.1,177,31,37580,400.0,9631,47211,866,9.22,0.082,,,1,3.311,16.33,47층 800㎡(49.0×16.3m)
2개동,2개동,41+41,41,139.3,177,37,37580,400.0,13904,51484,1026,10.92,0.08,6.0,0.09,2,3.36,10.7,41층 458㎡(42.8×10.7m) + 41층 458㎡(42.8×10.7m)
2개동,2개동,53+53,53,178.9,178,35,37580,400.0,13656,51236,791,8.42,0.109,4.4,1.09,2,3.369,13.31,53층 355㎡(26.6×13.3m) + 53층 355㎡(26.6×13.3m)
2개동,2개동,53+53,53,178.9,178,32,37580,400.0,15923,53503,805,8.57,0.036,13.0,0.15,2,3.321,9.41,53층 355㎡(37.7×9.4m) + 53층 355㎡(37.7×9.4m)
2개동,2개동,50+50,50,169.0,178,34,37580,400.0,13774,51354,839,8.93,0.081,9.7,2.42,2,3.391,12.26,50층 376㎡(30.7×12.3m) + 50층 376㎡(30.7×12.3m)
단일,1a 방위·위치,47,47,159.1,178,27,37580,400.0,9631,47211,866,9.22,0.028,,,1,3.603,16.33,47층 800㎡(49.0×16.3m)
2개동,2개동,53+53,53,178.9,179,36,37580,400.0,14208,51788,794,8.46,0.057,14.2,0.16,2,3.336,11.91,53층 355㎡(29.8×11.9m) + 53층 355㎡(29.8×11.9m)
단일,1a 방위·위치,47,47,159.1,179,34,37580,400.0,9631,47211,866,9.22,0.075,,,1,3.576,16.33,47층 800㎡(49.0×16.3m)
단일,1a 방위·위치,47,47,159.1,179,38,37580,400.0,9631,47211,866,9.22,0.052,,,1,3.433,16.33,47층 800㎡(49.0×16.3m)
2개동,2개동,47+47,47,159.1,179,37,37580,400.0,12807,50387,886,9.43,0.064,13.0,0.16,2,3.343,14.14,47층 400㎡(28.3×14.1m) + 47층 400㎡(28.3×14.1m)
단일,1a 방위·위치,47,47,159.1,179,33,37580,400.0,9631,47211,866,9.22,0.136,,,1,3.302,16.33,47층 800㎡(49.0×16.3m)
단일,1b 층수·세장비,44,44,149.2,179,32,37580,400.0,10747,48327,934,9.94,0.028,,,1,3.345,13.07,44층 854㎡(65.3×13.1m)
2개동,2개동,38+38,38,129.4,179,32,37580,400.0,12393,49973,1094,11.64,0.058,8.3,2.06,2,3.395,12.84,38층 494㎡(38.5×12.8m) + 38층 494㎡(38.5×12.8m)
단일,1b 층수·세장비,38,38,129.4,179,35,37580,400.0,8621,46201,1063,11.31,0.126,,,1,3.393,18.16,38층 989㎡(54.5×18.2m)
2개동,2개동,50+50,50,169.0,182,34,37580,400.0,13774,51354,839,8.93,0.058,14.5,0.17,2,3.338,12.26,50층 376㎡(30.7×12.3m) + 50층 376㎡(30.7×12.3m)
2개동,2개동,50+50,50,169.0,182,31,37580,400.0,15439,53019,851,9.05,0.073,13.0,0.15,2,3.308,9.69,50층 376㎡(38.8×9.7m) + 50층 376㎡(38.8×9.7m)
2개동,2개동,53+53,53,178.9,184,30,37580,400.0,14782,52362,798,8.49,0.088,6.0,0.07,2,3.388,10.87,53층 355㎡(32.6×10.9m) + 53층 355㎡(32.6×10.9m)
단일,1b 층수·세장비,44,44,149.2,184,26,37580,400.0,10040,47620,928,9.88,0.039,,,1,3.567,14.61,44층 854㎡(58.4×14.6m)
3개동,3개동,41+41+41,41,139.3,184,28,37580,400.0,14789,52369,1031,10.97,0.024,11.9,0.17,3,3.32,12.36,41층 306㎡(24.7×12.4m) + 41층 306㎡(24.7×12.4m) + 41층 306㎡(24.7×12.4m)
단일,1a 방위·위치,47,47,159.1,185,25,37580,400.0,9631,47211,866,9.22,0.138,,,1,3.454,16.33,47층 800㎡(49.0×16.3m)
2개동,2개동,47+47,47,159.1,186,27,37580,400.0,12807,50387,886,9.43,0.181,4.3,1.07,2,3.375,14.14,47층 400㎡(28.3×14.1m) + 47층 400㎡(28.3×14.1m)
단일,1a 방위·위치,47,47,159.1,186,30,37580,400.0,9631,47211,866,9.22,0.106,,,1,3.282,16.33,47층 800㎡(49.0×16.3m)
2개동,2개동,55+55,55,185.5,187,31,37580,400.0,16239,53819,778,8.28,0.18,4.3,0.05,2,3.413,9.24,55층 342㎡(37.0×9.2m) + 55층 342㎡(37.0×9.2m)
단일,1a 방위·위치,47,47,159.1,187,29,37580,400.0,9631,47211,866,9.22,0.053,,,1,3.272,16.33,47층 800㎡(49.0×16.3m)
2개동,2개동,44+44,44,149.2,187,31,37580,400.0,12365,49945,944,10.05,0.053,9.0,2.26,2,3.356,14.61,44층 427㎡(29.2×14.6m) + 44층 427㎡(29.2×14.6m)
2개동,2개동,41+41,41,139.3,187,30,37580,400.0,14869,52449,1033,11.0,0.095,9.0,0.13,2,3.372,9.57,41층 458㎡(47.9×9.6m) + 41층 458㎡(47.9×9.6m)
2개동,2개동,41+41,41,139.3,187,29,37580,400.0,11488,49068,1006,10.71,0.06,18.8,0.27,2,3.35,17.48,41층 458㎡(26.2×17.5m) + 41층 458㎡(26.2×17.5m)
단일,1b 층수·세장비,55,55,185.5,188,33,37580,400.0,12068,49648,754,8.03,0.058,,,1,3.333,11.69,55층 683㎡(58.4×11.7m)
2개동,2개동,53+53,53,178.9,188,32,37580,400.0,15923,53503,805,8.57,0.066,13.0,0.15,2,3.324,9.41,53층 355㎡(37.7×9.4m) + 53층 355㎡(37.7×9.4m)
단일,1a 방위·위치,47,47,159.1,188,27,37580,400.0,9631,47211,866,9.22,0.06,,,1,3.266,16.33,47층 800㎡(49.0×16.3m)
2개동,2개동,44+44,44,149.2,188,30,37580,400.0,15431,53011,967,10.29,0.117,4.3,0.06,2,3.448,9.24,44층 427㎡(46.2×9.2m) + 44층 427㎡(46.2×9.2m)
2개동,2개동,41+41,41,139.3,188,27,37580,400.0,13904,51484,1026,10.92,0.21,6.0,0.09,2,3.398,10.7,41층 458㎡(42.8×10.7m) + 41층 458㎡(42.8×10.7m)
2개동,2개동,38+38,38,129.4,188,20,37580,400.0,11033,48613,1082,11.51,0.067,6.8,1.7,2,3.423,18.16,38층 494㎡(27.2×18.2m) + 38층 494㎡(27.2×18.2m)
단일,1a 방위·위치,47,47,159.1,189,27,37580,400.0,9631,47211,866,9.22,0.051,,,1,3.558,16.33,47층 800㎡(49.0×16.3m)
단일,1a 방위·위치,47,47,159.1,189,26,37580,400.0,9631,47211,866,9.22,0.22,,,1,3.427,16.33,47층 800㎡(49.0×16.3m)
2개동,2개동,41+41,41,139.3,189,28,37580,400.0,12900,50480,1017,10.83,0.142,4.3,0.06,2,3.407,12.36,41층 458㎡(37.1×12.4m) + 41층 458㎡(37.1×12.4m)
2개동,2개동,55+55,55,185.5,190,31,37580,400.0,14492,52072,767,8.17,0.069,15.5,0.17,2,3.344,11.69,55층 342㎡(29.2×11.7m) + 55층 342㎡(29.2×11.7m)
2개동,2개동,55+55,55,185.5,190,40,37580,400.0,14492,52072,767,8.17,0.062,18.1,0.19,2,3.323,11.69,55층 342㎡(29.2×11.7m) + 55층 342㎡(29.2×11.7m)
2개동,2개동,53+53,53,178.9,190,29,37580,400.0,15923,53503,805,8.57,0.24,4.3,0.05,2,3.397,9.41,53층 355㎡(37.7×9.4m) + 53층 355㎡(37.7×9.4m)
2개동,2개동,44+44,44,149.2,190,34,37580,400.0,11928,49508,940,10.01,0.129,6.0,1.5,2,3.385,16.87,44층 427㎡(25.3×16.9m) + 44층 427㎡(25.3×16.9m)
2개동,2개동,44+44,44,149.2,190,33,37580,400.0,12868,50448,948,10.09,0.123,6.0,0.08,2,3.332,13.07,44층 427㎡(32.7×13.1m) + 44층 427㎡(32.7×13.1m)
2개동,2개동,44+44,44,149.2,190,30,37580,400.0,14431,52011,959,10.21,0.04,13.0,0.17,2,3.328,10.33,44층 427㎡(41.3×10.3m) + 44층 427㎡(41.3×10.3m)
2개동,2개동,50+50,50,169.0,192,34,37580,400.0,13237,50817,836,8.9,0.088,13.0,3.26,2,3.375,13.71,50층 376㎡(27.4×13.7m) + 50층 376㎡(27.4×13.7m)
2개동,2개동,38+38,38,129.4,192,30,37580,400.0,11439,49019,1085,11.55,0.051,9.0,0.14,2,3.365,15.72,38층 494㎡(31.4×15.7m) + 38층 494㎡(31.4×15.7m)
2개동,2개동,38+38,38,129.4,192,31,37580,400.0,11907,49487,1089,11.6,0.073,17.5,0.27,2,3.346,14.06,38층 494㎡(35.2×14.1m) + 38층 494㎡(35.2×14.1m)
단일,1a 방위·위치,47,47,159.1,193,33,37580,400.0,9631,47211,866,9.22,0.057,,,1,3.413,16.33,47층 800㎡(49.0×16.3m)
2개동,2개동,47+47,47,159.1,193,33,37580,400.0,13327,50907,890,9.47,0.034,22.3,0.28,2,3.31,12.65,47층 400㎡(31.6×12.6m) + 47층 400㎡(31.6×12.6m)
단일,1a 방위·위치,47,47,159.1,193,29,37580,400.0,9631,47211,866,9.22,0.09,,,1,3.25,16.33,47층 800㎡(49.0×16.3m)
단일,1a 방위·위치,47,47,159.1,193,31,37580,400.0,9631,47211,866,9.22,0.042,,,1,3.216,16.33,47층 800㎡(49.0×16.3m)
2개동,2개동,41+41,41,139.3,193,25,37580,400.0,11488,49068,1006,10.71,0.141,4.3,0.06,2,3.386,17.48,41층 458㎡(26.2×17.5m) + 41층 458㎡(26.2×17.5m)
단일,1a 방위·위치,47,47,159.1,194,26,37580,400.0,9631,47211,866,9.22,0.078,,,1,3.563,16.33,47층 800㎡(49.0×16.3m)
단일,1a 방위·위치,47,47,159.1,194,29,37580,400.0,9631,47211,866,9.22,0.109,,,1,3.543,16.33,47층 800㎡(49.0×16.3m)
단일,1a 방위·위치,47,47,159.1,194,31,37580,400.0,9631,47211,866,9.22,0.069,,,1,3.527,16.33,47층 800㎡(49.0×16.3m)
2개동,2개동,47+47,47,159.1,194,30,37580,400.0,15976,53556,909,9.67,0.195,6.0,0.08,2,3.378,8.94,47층 400㎡(44.7×8.9m) + 47층 400㎡(44.7×8.9m)
2개동,2개동,47+47,47,159.1,194,29,37580,400.0,12807,50387,886,9.43,0.102,4.3,0.05,2,3.369,14.14,47층 400㎡(28.3×14.1m) + 47층 400㎡(28.3×14.1m)
단일,1a 방위·위치,47,47,159.1,194,30,37580,400.0,9631,47211,866,9.22,0.028,,,1,3.269,16.33,47층 800㎡(49.0×16.3m)
2개동,2개동,41+41,41,139.3,194,31,37580,400.0,11488,49068,1006,10.71,0.103,9.5,2.38,2,3.359,17.48,41층 458㎡(26.2×17.5m) + 41층 458㎡(26.2×17.5m)
2개동,2개동,55+55,55,185.5,195,31,37580,400.0,15076,52656,771,8.2,0.047,6.0,0.06,2,3.4,10.67,55층 342㎡(32.0×10.7m) + 55층 342㎡(32.0×10.7m)
2개동,2개동,55+55,55,185.5,195,30,37580,400.0,16239,53819,778,8.28,0.103,13.0,0.14,2,3.328,9.24,55층 342㎡(37.0×9.2m) + 55층 342㎡(37.0×9.2m)
2개동,2개동,55+55,55,185.5,195,32,37580,400.0,13441,51021,761,8.1,0.069,13.3,3.33,2,3.326,15.09,55층 342㎡(22.6×15.1m) + 55층 342㎡(22.6×15.1m)
2개동,2개동,53+53,53,178.9,195,30,37580,400.0,15923,53503,805,8.57,0.175,6.0,0.07,2,3.386,9.41,53층 355㎡(37.7×9.4m) + 53층 355㎡(37.7×9.4m)
2개동,2개동,50+50,50,169.0,195,33,37580,400.0,14331,51911,843,8.97,0.069,16.0,0.19,2,3.287,11.19,50층 376㎡(33.6×11.2m) + 50층 376㎡(33.6×11.2m)
단일,1a 방위·위치,47,47,159.1,195,23,37580,400.0,9631,47211,866,9.22,0.042,,,1,3.571,16.33,47층 800㎡(49.0×16.3m)
2개동,2개동,44+44,44,149.2,195,31,37580,400.0,12365,49945,944,10.05,0.074,13.3,0.18,2,3.365,14.61,44층 427㎡(29.2×14.6m) + 44층 427㎡(29.2×14.6m)
2개동,2개동,50+50,50,169.0,196,32,37580,400.0,13237,50817,836,8.9,0.176,4.3,0.05,2,3.345,13.71,50층 376㎡(27.4×13.7m) + 50층 376㎡(27.4×13.7m)
단일,1b 층수·세장비,47,47,159.1,196,33,37580,400.0,11121,48701,876,9.33,0.057,,,1,3.336,12.65,47층 800㎡(63.2×12.6m)
단일,1a 방위·위치,47,47,159.1,196,31,37580,400.0,9631,47211,866,9.22,0.051,,,1,3.183,16.33,47층 800㎡(49.0×16.3m)
2개동,2개동,50+50,50,169.0,197,35,37580,400.0,16505,54085,858,9.13,0.155,6.0,0.07,2,3.368,8.67,50층 376㎡(43.3×8.7m) + 50층 376㎡(43.3×8.7m)
단일,1a 방위·위치,47,47,159.1,198,31,37580,400.0,9631,47211,866,9.22,0.044,,,1,3.455,16.33,47층 800㎡(49.0×16.3m)
단일,1a 방위·위치,47,47,159.1,198,32,37580,400.0,9631,47211,866,9.22,0.067,,,1,3.349,16.33,47층 800㎡(49.0×16.3m)
3개동,3개동,41+41+41,41,139.3,198,25,37580,400.0,17232,54812,1051,11.18,0.096,4.3,0.06,3,3.365,8.74,41층 306㎡(35.0×8.7m) + 41층 306㎡(35.0×8.7m) + 41층 306㎡(35.0×8.7m)
2개동,2개동,38+38,38,129.4,198,29,37580,400.0,11907,49487,1089,11.6,0.222,4.3,0.07,2,3.377,14.06,38층 494㎡(35.2×14.1m) + 38층 494㎡(35.2×14.1m)
2개동,2개동,55+55,55,185.5,199,29,37580,400.0,14492,52072,767,8.17,0.043,5.5,1.37,2,3.437,11.69,55층 342㎡(29.2×11.7m) + 55층 342㎡(29.2×11.7m)
2개동,2개동,53+53,53,178.9,199,35,37580,400.0,13176,50756,788,8.39,0.038,5.2,1.29,2,3.345,15.37,53층 355㎡(23.1×15.4m) + 53층 355㎡(23.1×15.4m)
단일,1b 층수·세장비,53,53,178.9,199,30,37580,400.0,12576,50156,786,8.37,0.221,,,1,3.333,10.87,53층 709㎡(65.2×10.9m)
단일,1a 방위·위치,47,47,159.1,199,27,37580,400.0,9631,47211,866,9.22,0.044,,,1,3.469,16.33,47층 800㎡(49.0×16.3m)
2개동,2개동,47+47,47,159.1,199,29,37580,400.0,12807,50387,886,9.43,0.041,6.1,1.51,2,3.434,14.14,47층 400㎡(28.3×14.1m) + 47층 400㎡(28.3×14.1m)
2개동,2개동,41+41,41,139.3,199,24,37580,400.0,14869,52449,1033,11.0,0.06,9.0,0.13,2,3.435,9.57,41층 458㎡(47.9×9.6m) + 41층 458㎡(47.9×9.6m)
단일,1b 층수·세장비,41,41,139.3,199,32,37580,400.0,8969,46549,988,10.51,0.289,,,1,3.412,17.48,41층 917㎡(52.4×17.5m)
2개동,2개동,41+41,41,139.3,199,28,37580,400.0,14869,52449,1033,11.0,0.302,6.0,0.09,2,3.359,9.57,41층 458㎡(47.9×9.6m) + 41층 458㎡(47.9×9.6m)
2개동,2개동,38+38,38,129.4,199,22,37580,400.0,12393,49973,1094,11.64,0.101,19.0,0.29,2,3.357,12.84,38층 494㎡(38.5×12.8m) + 38층 494㎡(38.5×12.8m)
2개동,2개동,53+53,53,178.9,200,30,37580,400.0,14782,52362,798,8.49,0.253,4.3,0.05,2,3.369,10.87,53층 355㎡(32.6×10.9m) + 53층 355㎡(32.6×10.9m)
2개동,2개동,53+53,53,178.9,200,30,37580,400.0,13656,51236,791,8.42,0.116,6.0,0.07,2,3.348,13.31,53층 355㎡(26.6×13.3m) + 53층 355㎡(26.6×13.3m)
2개동,2개동,50+50,50,169.0,200,30,37580,400.0,15439,53019,851,9.05,0.077,9.0,0.11,2,3.392,9.69,50층 376㎡(38.8×9.7m) + 50층 376㎡(38.8×9.7m)
단일,1a 방위·위치,47,47,159.1,200,29,37580,400.0,9631,47211,866,9.22,0.088,,,1,3.195,16.33,47층 800㎡(49.0×16.3m)
3개동,3개동,38+38+38,38,129.4,200,24,37580,400.0,15366,52946,1118,11.9,0.106,4.3,0.07,3,3.332,10.48,38층 330㎡(31.4×10.5m) + 38층 330㎡(31.4×10.5m) + 38층 330㎡(31.4×10.5m)
단일,1a 방위·위치,47,47,159.1,201,20,37580,400.0,9631,47211,866,9.22,0.063,,,1,3.557,16.33,47층 800㎡(49.0×16.3m)
단일,1a 방위·위치,47,47,159.1,201,31,37580,400.0,9631,47211,866,9.22,0.107,,,1,3.449,16.33,47층 800㎡(49.0×16.3m)
2개동,2개동,47+47,47,159.1,201,28,37580,400.0,14942,52522,902,9.6,0.27,4.3,0.05,2,3.376,10.0,47층 400㎡(40.0×10.0m) + 47층 400㎡(40.0×10.0m)
단일,1a 방위·위치,47,47,159.1,201,22,37580,400.0,9631,47211,866,9.22,0.043,,,1,3.375,16.33,47층 800㎡(49.0×16.3m)
2개동,2개동,38+38,38,129.4,201,25,37580,400.0,11439,49019,1085,11.55,0.213,4.3,0.07,2,3.36,15.72,38층 494㎡(31.4×15.7m) + 38층 494㎡(31.4×15.7m)
2개동,2개동,55+55,55,185.5,202,29,37580,400.0,13441,51021,761,8.1,0.104,4.3,0.05,2,3.329,15.09,55층 342㎡(22.6×15.1m) + 55층 342㎡(22.6×15.1m)
2개동,2개동,44+44,44,149.2,202,29,37580,400.0,11928,49508,940,10.01,0.057,6.7,1.68,2,3.42,16.87,44층 427㎡(25.3×16.9m) + 44층 427㎡(25.3×16.9m)
2개동,2개동,38+38,38,129.4,202,25,37580,400.0,12393,49973,1094,11.64,0.304,6.0,0.09,2,3.376,12.84,38층 494㎡(38.5×12.8m) + 38층 494㎡(38.5×12.8m)
2개동,2개동,50+50,50,169.0,203,34,37580,400.0,12771,50351,833,8.86,0.091,13.3,3.33,2,3.347,15.83,50층 376㎡(23.7×15.8m) + 50층 376㎡(23.7×15.8m)
2개동,2개동,47+47,47,159.1,203,34,37580,400.0,13327,50907,890,9.47,0.044,16.3,0.2,2,3.301,12.65,47층 400㎡(31.6×12.6m) + 47층 400㎡(31.6×12.6m)
단일,1a 방위·위치,47,47,159.1,203,30,37580,400.0,9631,47211,866,9.22,0.069,,,1,3.221,16.33,47층 800㎡(49.0×16.3m)
2개동,2개동,44+44,44,149.2,203,30,37580,400.0,12868,50448,948,10.09,0.194,4.3,0.06,2,3.392,13.07,44층 427㎡(32.7×13.1m) + 44층 427㎡(32.7×13.1m)
단일,1a 방위·위치,47,47,159.1,204,29,37580,400.0,9631,47211,866,9.22,0.131,,,1,3.366,16.33,47층 800㎡(49.0×16.3m)
3개동,3개동,44+44+44,44,149.2,204,28,37580,400.0,16619,54199,974,10.37,0.031,14.5,0.19,3,3.272,9.74,44층 285㎡(29.2×9.7m) + 44층 285㎡(29.2×9.7m) + 44층 285㎡(29.2×9.7m)
2개동,2개동,38+38,38,129.4,204,18,37580,400.0,11907,49487,1089,11.6,0.078,13.0,0.2,2,3.324,14.06,38층 494㎡(35.2×14.1m) + 38층 494㎡(35.2×14.1m)
단일,1a 방위·위치,47,47,159.1,205,20,37580,400.0,9631,47211,866,9.22,0.042,,,1,3.51,16.33,47층 800㎡(49.0×16.3m)
2개동,2개동,47+47,47,159.1,205,28,37580,400.0,13868,51448,894,9.51,0.076,9.0,0.11,2,3.361,11.54,47층 400㎡(34.6×11.5m) + 47층 400㎡(34.6×11.5m)
단일,1a 방위·위치,47,47,159.1,205,30,37580,400.0,9631,47211,866,9.22,0.123,,,1,3.206,16.33,47층 800㎡(49.0×16.3m)
2개동,2개동,38+38,38,129.4,205,31,37580,400.0,12393,49973,1094,11.64,0.299,6.0,0.09,2,3.358,12.84,38층 494㎡(38.5×12.8m) + 38층 494㎡(38.5×12.8m)
2개동,2개동,50+50,50,169.0,206,30,37580,400.0,14331,51911,843,8.97,0.182,4.3,0.05,2,3.397,11.19,50층 376㎡(33.6×11.2m) + 50층 376㎡(33.6×11.2m)
2개동,2개동,47+47,47,159.1,206,29,37580,400.0,14942,52522,902,9.6,0.189,6.0,0.08,2,3.328,10.0,47층 400㎡(40.0×10.0m) + 47층 400㎡(40.0×10.0m)
3개동,3개동,38+38+38,38,129.4,206,26,37580,400.0,14771,52351,1113,11.84,0.18,4.3,0.07,3,3.33,11.48,38층 330㎡(28.7×11.5m) + 38층 330㎡(28.7×11.5m) + 38층 330㎡(28.7×11.5m)
3개동,3개동,38+38+38,38,129.4,206,22,37580,400.0,15366,52946,1118,11.9,0.141,6.0,0.09,3,3.305,10.48,38층 330㎡(31.4×10.5m) + 38층 330㎡(31.4×10.5m) + 38층 330㎡(31.4×10.5m)
3개동,3개동,38+38+38,38,129.4,206,18,37580,400.0,14198,51778,1107,11.79,0.119,4.3,0.07,3,3.302,12.84,38층 330㎡(25.7×12.8m) + 38층 330㎡(25.7×12.8m) + 38층 330㎡(25.7×12.8m)
단일,1a 방위·위치,47,47,159.1,207,32,37580,400.0,9631,47211,866,9.22,0.053,,,1,3.314,16.33,47층 800㎡(49.0×16.3m)
2개동,2개동,44+44,44,149.2,207,30,37580,400.0,12868,50448,948,10.09,0.169,4.3,0.06,2,3.416,13.07,44층 427㎡(32.7×13.1m) + 44층 427㎡(32.7×13.1m)
2개동,2개동,41+41,41,139.3,207,32,37580,400.0,11488,49068,1006,10.71,0.151,5.3,1.32,2,3.377,17.48,41층 458㎡(26.2×17.5m) + 41층 458㎡(26.2×17.5m)
2개동,2개동,53+53,53,178.9,208,30,37580,400.0,15923,53503,805,8.57,0.061,6.0,0.07,2,3.285,9.41,53층 355㎡(37.7×9.4m) + 53층 355㎡(37.7×9.4m)
2개동,2개동,50+50,50,169.0,208,30,37580,400.0,13774,51354,839,8.93,0.123,4.3,0.05,2,3.369,12.26,50층 376㎡(30.7×12.3m) + 50층 376㎡(30.7×12.3m)
2개동,2개동,50+50,50,169.0,208,27,37580,400.0,13774,51354,839,8.93,0.045,9.0,0.11,2,3.365,12.26,50층 376㎡(30.7×12.3m) + 50층 376㎡(30.7×12.3m)
단일,1a 방위·위치,47,47,159.1,208,31,37580,400.0,9631,47211,866,9.22,0.072,,,1,3.467,16.33,47층 800㎡(49.0×16.3m)
단일,1a 방위·위치,47,47,159.1,208,30,37580,400.0,9631,47211,866,9.22,0.214,,,1,3.423,16.33,47층 800㎡(49.0×16.3m)
2개동,2개동,41+41,41,139.3,208,26,37580,400.0,12395,49975,1013,10.79,0.139,13.0,0.19,2,3.304,13.54,41층 458㎡(33.8×13.5m) + 41층 458㎡(33.8×13.5m)
2개동,2개동,55+55,55,185.5,209,22,37580,400.0,16239,53819,778,8.28,0.09,22.0,0.24,2,3.332,9.24,55층 342㎡(37.0×9.2m) + 55층 342㎡(37.0×9.2m)
2개동,2개동,53+53,53,178.9,209,26,37580,400.0,13176,50756,788,8.39,0.094,19.2,4.8,2,3.434,15.37,53층 355㎡(23.1×15.4m) + 53층 355㎡(23.1×15.4m)
2개동,2개동,53+53,53,178.9,209,29,37580,400.0,13656,51236,791,8.42,0.066,12.5,0.14,2,3.309,13.31,53층 355㎡(26.6×13.3m) + 53층 355㎡(26.6×13.3m)
2개동,2개동,41+41,41,139.3,209,27,37580,400.0,12395,49975,1013,10.79,0.105,9.0,0.13,2,3.363,13.54,41층 458㎡(33.8×13.5m) + 41층 458㎡(33.8×13.5m)
2개동,2개동,53+53,53,178.9,210,28,37580,400.0,14782,52362,798,8.49,0.107,9.0,0.1,2,3.395,10.87,53층 355㎡(32.6×10.9m) + 53층 355㎡(32.6×10.9m)
단일,1a 방위·위치,47,47,159.1,210,25,37580,400.0,9631,47211,866,9.22,0.049,,,1,3.482,16.33,47층 800㎡(49.0×16.3m)
단일,1a 방위·위치,47,47,159.1,210,30,37580,400.0,9631,47211,866,9.22,0.07,,,1,3.382,16.33,47층 800㎡(49.0×16.3m)
2개동,2개동,47+47,47,159.1,210,29,37580,400.0,12356,49936,883,9.4,0.056,13.3,3.33,2,3.374,16.33,47층 400㎡(24.5×16.3m) + 47층 400㎡(24.5×16.3m)
3개동,3개동,41+41+41,41,139.3,210,27,37580,400.0,16002,53582,1041,11.08,0.155,4.3,0.06,3,3.326,10.09,41층 306㎡(30.3×10.1m) + 41층 306㎡(30.3×10.1m) + 41층 306㎡(30.3×10.1m)
2개동,2개동,38+38,38,129.4,210,26,37580,400.0,13359,50939,1102,11.73,0.181,20.8,0.32,2,3.384,11.12,38층 494㎡(44.5×11.1m) + 38층 494㎡(44.5×11.1m)
2개동,2개동,50+50,50,169.0,211,29,37580,400.0,15439,53019,851,9.05,0.112,13.0,0.15,2,3.374,9.69,50층 376㎡(38.8×9.7m) + 50층 376㎡(38.8×9.7m)
단일,1b 층수·세장비,44,44,149.2,211,33,37580,400.0,11420,49000,939,9.99,0.048,,,1,3.308,11.93,44층 854㎡(71.6×11.9m)
3개동,3개동,41+41+41,41,139.3,211,25,37580,400.0,16002,53582,1041,11.08,0.108,4.3,0.06,3,3.319,10.09,41층 306㎡(30.3×10.1m) + 41층 306㎡(30.3×10.1m) + 41층 306㎡(30.3×10.1m)
2개동,2개동,55+55,55,185.5,212,26,37580,400.0,16239,53819,778,8.28,0.061,11.1,2.78,2,3.419,9.24,55층 342㎡(37.0×9.2m) + 55층 342㎡(37.0×9.2m)
2개동,2개동,53+53,53,178.9,212,32,37580,400.0,13176,50756,788,8.39,0.087,6.7,1.66,2,3.338,15.37,53층 355㎡(23.1×15.4m) + 53층 355㎡(23.1×15.4m)
단일,1a 방위·위치,47,47,159.1,212,29,37580,400.0,9631,47211,866,9.22,0.074,,,1,3.21,16.33,47층 800㎡(49.0×16.3m)
3개동,3개동,38+38+38,38,129.4,212,25,37580,400.0,14771,52351,1113,11.84,0.081,6.0,0.09,3,3.315,11.48,38층 330㎡(28.7×11.5m) + 38층 330㎡(28.7×11.5m) + 38층 330㎡(28.7×11.5m)
단일,1a 방위·위치,47,47,159.1,213,27,37580,400.0,9631,47211,866,9.22,0.115,,,1,3.505,16.33,47층 800㎡(49.0×16.3m)
단일,1a 방위·위치,47,47,159.1,213,23,37580,400.0,9631,47211,866,9.22,0.04,,,1,3.459,16.33,47층 800㎡(49.0×16.3m)
단일,1a 방위·위치,47,47,159.1,213,18,37580,400.0,9631,47211,866,9.22,0.037,,,1,3.441,16.33,47층 800㎡(49.0×16.3m)
단일,1a 방위·위치,47,47,159.1,213,22,37580,400.0,9631,47211,866,9.22,0.113,,,1,3.407,16.33,47층 800㎡(49.0×16.3m)
2개동,2개동,47+47,47,159.1,213,29,37580,400.0,13327,50907,890,9.47,0.129,4.3,0.05,2,3.332,12.65,47층 400㎡(31.6×12.6m) + 47층 400㎡(31.6×12.6m)
2개동,2개동,41+41,41,139.3,213,31,37580,400.0,14869,52449,1033,11.0,0.172,6.0,0.09,2,3.346,9.57,41층 458㎡(47.9×9.6m) + 41층 458㎡(47.9×9.6m)
3개동,3개동,38+38+38,38,129.4,213,26,37580,400.0,16550,54130,1128,12.01,0.195,6.0,0.09,3,3.315,9.08,38층 330㎡(36.3×9.1m) + 38층 330㎡(36.3×9.1m) + 38층 330㎡(36.3×9.1m)
2개동,2개동,55+55,55,185.5,214,29,37580,400.0,16239,53819,778,8.28,0.179,18.0,0.19,2,3.376,9.24,55층 342㎡(37.0×9.2m) + 55층 342㎡(37.0×9.2m)
2개동,2개동,55+55,55,185.5,214,33,37580,400.0,15076,52656,771,8.2,0.017,28.2,0.3,2,3.236,10.67,55층 342㎡(32.0×10.7m) + 55층 342㎡(32.0×10.7m)
2개동,2개동,53+53,53,178.9,214,26,37580,400.0,14782,52362,798,8.49,0.079,10.7,2.68,2,3.428,10.87,53층 355㎡(32.6×10.9m) + 53층 355㎡(32.6×10.9m)
2개동,2개동,53+53,53,178.9,214,25,37580,400.0,13176,50756,788,8.39,0.168,11.9,0.13,2,3.361,15.37,53층 355㎡(23.1×15.4m) + 53층 355㎡(23.1×15.4m)
2개동,2개동,53+53,53,178.9,214,26,37580,400.0,13656,51236,791,8.42,0.15,9.0,0.1,2,3.3,13.31,53층 355㎡(26.6×13.3m) + 53층 355㎡(26.6×13.3m)
단일,1a 방위·위치,47,47,159.1,214,29,37580,400.0,9631,47211,866,9.22,0.04,,,1,3.326,16.33,47층 800㎡(49.0×16.3m)
2개동,2개동,41+41,41,139.3,214,24,37580,400.0,15788,53368,1041,11.08,0.054,19.0,0.27,2,3.349,8.74,41층 458㎡(52.4×8.7m) + 41층 458㎡(52.4×8.7m)
3개동,3개동,38+38+38,38,129.4,214,26,37580,400.0,14198,51778,1107,11.79,0.167,4.3,0.07,3,3.295,12.84,38층 330㎡(25.7×12.8m) + 38층 330㎡(25.7×12.8m) + 38층 330㎡(25.7×12.8m)
3개동,3개동,38+38+38,38,129.4,214,22,37580,400.0,15366,52946,1118,11.9,0.096,4.3,0.07,3,3.249,10.48,38층 330㎡(31.4×10.5m) + 38층 330㎡(31.4×10.5m) + 38층 330㎡(31.4×10.5m)
2개동,2개동,55+55,55,185.5,215,31,37580,400.0,13929,51509,764,8.13,0.088,25.1,0.27,2,3.337,13.07,55층 342㎡(26.1×13.1m) + 55층 342㎡(26.1×13.1m)
단일,1a 방위·위치,47,47,159.1,215,29,37580,400.0,9631,47211,866,9.22,0.038,,,1,3.405,16.33,47층 800㎡(49.0×16.3m)
단일,1a 방위·위치,47,47,159.1,215,25,37580,400.0,9631,47211,866,9.22,0.03,,,1,3.379,16.33,47층 800㎡(49.0×16.3m)
단일,1a 방위·위치,47,47,159.1,215,23,37580,400.0,9631,47211,866,9.22,0.178,,,1,3.303,16.33,47층 800㎡(49.0×16.3m)
단일,1a 방위·위치,47,47,159.1,215,36,37580,400.0,9631,47211,866,9.22,0.082,,,1,3.294,16.33,47층 800㎡(49.0×16.3m)
2개동,2개동,41+41,41,139.3,215,25,37580,400.0,11910,49490,1009,10.74,0.192,9.0,0.13,2,3.332,15.14,41층 458㎡(30.3×15.1m) + 41층 458㎡(30.3×15.1m)
2개동,2개동,41+41,41,139.3,215,29,37580,400.0,12395,49975,1013,10.79,0.181,6.0,0.09,2,3.31,13.54,41층 458㎡(33.8×13.5m) + 41층 458㎡(33.8×13.5m)
2개동,2개동,38+38,38,129.4,215,22,37580,400.0,11439,49019,1085,11.55,0.056,26.7,0.41,2,3.366,15.72,38층 494㎡(31.4×15.7m) + 38층 494㎡(31.4×15.7m)
2개동,2개동,55+55,55,185.5,216,24,37580,400.0,15076,52656,771,8.2,0.05,8.3,2.06,2,3.457,10.67,55층 342㎡(32.0×10.7m) + 55층 342㎡(32.0×10.7m)
2개동,2개동,55+55,55,185.5,216,31,37580,400.0,13929,51509,764,8.13,0.143,9.0,0.1,2,3.292,13.07,55층 342㎡(26.1×13.1m) + 55층 342㎡(26.1×13.1m)
2개동,2개동,53+53,53,178.9,216,31,37580,400.0,13656,51236,791,8.42,0.23,4.3,0.05,2,3.351,13.31,53층 355㎡(26.6×13.3m) + 53층 355㎡(26.6×13.3m)
2개동,2개동,50+50,50,169.0,216,24,37580,400.0,14331,51911,843,8.97,0.039,8.5,2.12,2,3.445,11.19,50층 376㎡(33.6×11.2m) + 50층 376㎡(33.6×11.2m)
2개동,2개동,50+50,50,169.0,216,30,37580,400.0,13237,50817,836,8.9,0.16,6.0,0.07,2,3.379,13.71,50층 376㎡(27.4×13.7m) + 50층 376㎡(27.4×13.7m)
단일,1a 방위·위치,47,47,159.1,216,24,37580,400.0,9631,47211,866,9.22,0.054,,,1,3.399,16.33,47층 800㎡(49.0×16.3m)
2개동,2개동,38+38,38,129.4,216,23,37580,400.0,11033,48613,1082,11.51,0.075,13.4,3.35,2,3.341,18.16,38층 494㎡(27.2×18.2m) + 38층 494㎡(27.2×18.2m)
2개동,2개동,55+55,55,185.5,217,31,37580,400.0,15076,52656,771,8.2,0.056,7.1,1.78,2,3.375,10.67,55층 342㎡(32.0×10.7m) + 55층 342㎡(32.0×10.7m)
단일,1a 방위·위치,47,47,159.1,217,28,37580,400.0,9631,47211,866,9.22,0.081,,,1,3.454,16.33,47층 800㎡(49.0×16.3m)
2개동,2개동,44+44,44,149.2,217,22,37580,400.0,13391,50971,952,10.13,0.115,16.8,0.23,2,3.323,11.93,44층 427㎡(35.8×11.9m) + 44층 427㎡(35.8×11.9m)
3개동,3개동,38+38+38,38,129.4,217,22,37580,400.0,14771,52351,1113,11.84,0.095,4.3,0.07,3,3.323,11.48,38층 330㎡(28.7×11.5m) + 38층 330㎡(28.7×11.5m) + 38층 330㎡(28.7×11.5m)
2개동,2개동,38+38,38,129.4,217,25,37580,400.0,13359,50939,1102,11.73,0.06,20.8,0.32,2,3.289,11.12,38층 494㎡(44.5×11.1m) + 38층 494㎡(44.5×11.1m)
단일,1a 방위·위치,47,47,159.1,218,21,37580,400.0,9631,47211,866,9.22,0.153,,,1,3.421,16.33,47층 800㎡(49.0×16.3m)
단일,1a 방위·위치,47,47,159.1,218,30,37580,400.0,9631,47211,866,9.22,0.245,,,1,3.347,16.33,47층 800㎡(49.0×16.3m)
2개동,2개동,47+47,47,159.1,218,30,37580,400.0,12807,50387,886,9.43,0.168,6.0,0.08,2,3.301,14.14,47층 400㎡(28.3×14.1m) + 47층 400㎡(28.3×14.1m)
2개동,2개동,41+41,41,139.3,218,23,37580,400.0,12395,49975,1013,10.79,0.084,17.0,0.24,2,3.374,13.54,41층 458㎡(33.8×13.5m) + 41층 458㎡(33.8×13.5m)
3개동,3개동,38+38+38,38,129.4,218,21,37580,400.0,13701,51281,1103,11.74,0.04,10.2,0.16,3,3.341,14.82,38층 330㎡(22.2×14.8m) + 38층 330㎡(22.2×14.8m) + 38층 330㎡(22.2×14.8m)
단일,1a 방위·위치,47,47,159.1,219,21,37580,400.0,9631,47211,866,9.22,0.131,,,1,3.495,16.33,47층 800㎡(49.0×16.3m)
2개동,2개동,47+47,47,159.1,219,29,37580,400.0,12807,50387,886,9.43,0.158,6.0,0.08,2,3.3,14.14,47층 400㎡(28.3×14.1m) + 47층 400㎡(28.3×14.1m)
2개동,2개동,44+44,44,149.2,219,24,37580,400.0,11928,49508,940,10.01,0.304,9.0,2.25,2,3.308,16.87,44층 427㎡(25.3×16.9m) + 44층 427㎡(25.3×16.9m)
2개동,2개동,44+44,44,149.2,219,23,37580,400.0,12365,49945,944,10.05,0.312,4.3,1.07,2,3.304,14.61,44층 427㎡(29.2×14.6m) + 44층 427㎡(29.2×14.6m)
2개동,2개동,41+41,41,139.3,219,23,37580,400.0,12395,49975,1013,10.79,0.09,15.5,0.22,2,3.381,13.54,41층 458㎡(33.8×13.5m) + 41층 458㎡(33.8×13.5m)
2개동,2개동,38+38,38,129.4,219,19,37580,400.0,11439,49019,1085,11.55,0.098,15.4,0.24,2,3.366,15.72,38층 494㎡(31.4×15.7m) + 38층 494㎡(31.4×15.7m)
3개동,3개동,38+38+38,38,129.4,219,28,37580,400.0,16550,54130,1128,12.01,0.109,6.0,0.09,3,3.306,9.08,38층 330㎡(36.3×9.1m) + 38층 330㎡(36.3×9.1m) + 38층 330㎡(36.3×9.1m)
2개동,2개동,55+55,55,185.5,220,32,37580,400.0,13441,51021,761,8.1,0.179,10.3,0.11,2,3.364,15.09,55층 342㎡(22.6×15.1m) + 55층 342㎡(22.6×15.1m)
2개동,2개동,55+55,55,185.5,220,29,37580,400.0,13441,51021,761,8.1,0.073,11.8,0.13,2,3.286,15.09,55층 342㎡(22.6×15.1m) + 55층 342㎡(22.6×15.1m)
2개동,2개동,53+53,53,178.9,220,25,37580,400.0,13656,51236,791,8.42,0.082,4.4,1.09,2,3.444,13.31,53층 355㎡(26.6×13.3m) + 53층 355㎡(26.6×13.3m)
단일,1a 방위·위치,47,47,159.1,220,32,37580,400.0,9631,47211,866,9.22,0.113,,,1,3.392,16.33,47층 800㎡(49.0×16.3m)
2개동,2개동,47+47,47,159.1,220,31,37580,400.0,14942,52522,902,9.6,0.057,11.0,0.14,2,3.389,10.0,47층 400㎡(40.0×10.0m) + 47층 400㎡(40.0×10.0m)
2개동,2개동,47+47,47,159.1,220,26,37580,400.0,13868,51448,894,9.51,0.107,17.9,0.22,2,3.308,11.54,47층 400㎡(34.6×11.5m) + 47층 400㎡(34.6×11.5m)
단일,1a 방위·위치,47,47,159.1,220,31,37580,400.0,9631,47211,866,9.22,0.077,,,1,3.246,16.33,47층 800㎡(49.0×16.3m)
2개동,2개동,44+44,44,149.2,220,25,37580,400.0,11928,49508,940,10.01,0.18,4.3,0.06,2,3.312,16.87,44층 427㎡(25.3×16.9m) + 44층 427㎡(25.3×16.9m)
2개동,2개동,38+38,38,129.4,220,21,37580,400.0,11439,49019,1085,11.55,0.18,18.0,0.28,2,3.345,15.72,38층 494㎡(31.4×15.7m) + 38층 494㎡(31.4×15.7m)
3개동,3개동,38+38+38,38,129.4,220,20,37580,400.0,16550,54130,1128,12.01,0.213,4.3,0.07,3,3.329,9.08,38층 330㎡(36.3×9.1m) + 38층 330㎡(36.3×9.1m) + 38층 330㎡(36.3×9.1m)
단일,1a 방위·위치,47,47,159.1,221,21,37580,400.0,9631,47211,866,9.22,0.118,,,1,3.464,16.33,47층 800㎡(49.0×16.3m)
2개동,2개동,44+44,44,149.2,221,26,37580,400.0,12868,50448,948,10.09,0.209,4.3,0.06,2,3.409,13.07,44층 427㎡(32.7×13.1m) + 44층 427㎡(32.7×13.1m)
2개동,2개동,41+41,41,139.3,221,30,37580,400.0,12900,50480,1017,10.83,0.132,9.0,0.13,2,3.35,12.36,41층 458㎡(37.1×12.4m) + 41층 458㎡(37.1×12.4m)
3개동,3개동,41+41+41,41,139.3,221,25,37580,400.0,14789,52369,1031,10.97,0.078,4.3,0.06,3,3.303,12.36,41층 306㎡(24.7×12.4m) + 41층 306㎡(24.7×12.4m) + 41층 306㎡(24.7×12.4m)
2개동,2개동,38+38,38,129.4,221,30,37580,400.0,11439,49019,1085,11.55,0.224,15.4,0.24,2,3.371,15.72,38층 494㎡(31.4×15.7m) + 38층 494㎡(31.4×15.7m)
3개동,3개동,38+38+38,38,129.4,221,18,37580,400.0,16550,54130,1128,12.01,0.197,4.3,0.07,3,3.299,9.08,38층 330㎡(36.3×9.1m) + 38층 330㎡(36.3×9.1m) + 38층 330㎡(36.3×9.1m)
3개동,3개동,38+38+38,38,129.4,221,16,37580,400.0,15366,52946,1118,11.9,0.062,6.0,0.09,3,3.255,10.48,38층 330㎡(31.4×10.5m) + 38층 330㎡(31.4×10.5m) + 38층 330㎡(31.4×10.5m)
2개동,2개동,55+55,55,185.5,222,25,37580,400.0,15076,52656,771,8.2,0.121,19.5,0.21,2,3.368,10.67,55층 342㎡(32.0×10.7m) + 55층 342㎡(32.0×10.7m)
2개동,2개동,53+53,53,178.9,222,29,37580,400.0,13656,51236,791,8.42,0.086,13.0,0.15,2,3.329,13.31,53층 355㎡(26.6×13.3m) + 53층 355㎡(26.6×13.3m)
단일,1a 방위·위치,47,47,159.1,222,31,37580,400.0,9631,47211,866,9.22,0.12,,,1,3.417,16.33,47층 800㎡(49.0×16.3m)
단일,1a 방위·위치,47,47,159.1,222,30,37580,400.0,9631,47211,866,9.22,0.106,,,1,3.366,16.33,47층 800㎡(49.0×16.3m)
3개동,3개동,38+38+38,38,129.4,222,21,37580,400.0,14198,51778,1107,11.79,0.028,13.7,0.21,3,3.329,12.84,38층 330㎡(25.7×12.8m) + 38층 330㎡(25.7×12.8m) + 38층 330㎡(25.7×12.8m)
단일,1a 방위·위치,47,47,159.1,223,31,37580,400.0,9631,47211,866,9.22,0.088,,,1,3.403,16.33,47층 800㎡(49.0×16.3m)
2개동,2개동,44+44,44,149.2,223,28,37580,400.0,13391,50971,952,10.13,0.297,4.3,0.06,2,3.362,11.93,44층 427㎡(35.8×11.9m) + 44층 427㎡(35.8×11.9m)
2개동,2개동,44+44,44,149.2,223,21,37580,400.0,12868,50448,948,10.09,0.038,13.6,3.39,2,3.358,13.07,44층 427㎡(32.7×13.1m) + 44층 427㎡(32.7×13.1m)
3개동,3개동,41+41+41,41,139.3,223,19,37580,400.0,15384,52964,1036,11.02,0.09,6.0,0.09,3,3.3,11.05,41층 306㎡(27.6×11.1m) + 41층 306㎡(27.6×11.1m) + 41층 306㎡(27.6×11.1m)
3개동,3개동,38+38+38,38,129.4,223,25,37580,400.0,15366,52946,1118,11.9,0.145,6.0,0.09,3,3.321,10.48,38층 330㎡(31.4×10.5m) + 38층 330㎡(31.4×10.5m) + 38층 330㎡(31.4×10.5m)
3개동,3개동,38+38+38,38,129.4,223,16,37580,400.0,16550,54130,1128,12.01,0.184,6.0,0.09,3,3.278,9.08,38층 330㎡(36.3×9.1m) + 38층 330㎡(36.3×9.1m) + 38층 330㎡(36.3×9.1m)
2개동,2개동,53+53,53,178.9,224,22,37580,400.0,13176,50756,788,8.39,0.146,9.0,0.1,2,3.285,15.37,53층 355㎡(23.1×15.4m) + 53층 355㎡(23.1×15.4m)
2개동,2개동,50+50,50,169.0,224,22,37580,400.0,16505,54085,858,9.13,0.089,22.3,0.26,2,3.298,8.67,50층 376㎡(43.3×8.7m) + 50층 376㎡(43.3×8.7m)
단일,1a 방위·위치,47,47,159.1,224,25,37580,400.0,9631,47211,866,9.22,0.161,,,1,3.385,16.33,47층 800㎡(49.0×16.3m)
단일,1a 방위·위치,47,47,159.1,224,21,37580,400.0,9631,47211,866,9.22,0.138,,,1,3.384,16.33,47층 800㎡(49.0×16.3m)
단일,1a 방위·위치,47,47,159.1,224,32,37580,400.0,9631,47211,866,9.22,0.028,,,1,3.278,16.33,47층 800㎡(49.0×16.3m)
2개동,2개동,44+44,44,149.2,224,30,37580,400.0,14431,52011,959,10.21,0.14,19.6,0.26,2,3.383,10.33,44층 427㎡(41.3×10.3m) + 44층 427㎡(41.3×10.3m)
3개동,3개동,44+44+44,44,149.2,224,22,37580,400.0,16619,54199,974,10.37,0.109,4.3,0.06,3,3.328,9.74,44층 285㎡(29.2×9.7m) + 44층 285㎡(29.2×9.7m) + 44층 285㎡(29.2×9.7m)
3개동,3개동,41+41+41,41,139.3,224,21,37580,400.0,15384,52964,1036,11.02,0.052,13.5,0.19,3,3.33,11.05,41층 306㎡(27.6×11.1m) + 41층 306㎡(27.6×11.1m) + 41층 306㎡(27.6×11.1m)
2개동,2개동,38+38,38,129.4,224,16,37580,400.0,11033,48613,1082,11.51,0.071,19.0,0.29,2,3.329,18.16,38층 494㎡(27.2×18.2m) + 38층 494㎡(27.2×18.2m)
3개동,3개동,38+38+38,38,129.4,224,18,37580,400.0,15366,52946,1118,11.9,0.098,4.3,0.07,3,3.279,10.48,38층 330㎡(31.4×10.5m) + 38층 330㎡(31.4×10.5m) + 38층 330㎡(31.4×10.5m)
2개동,2개동,55+55,55,185.5,225,30,37580,400.0,16239,53819,778,8.28,0.186,18.0,0.19,2,3.347,9.24,55층 342㎡(37.0×9.2m) + 55층 342㎡(37.0×9.2m)
2개동,2개동,53+53,53,178.9,225,28,37580,400.0,13656,51236,791,8.42,0.086,13.0,0.15,2,3.305,13.31,53층 355㎡(26.6×13.3m) + 53층 355㎡(26.6×13.3m)
2개동,2개동,50+50,50,169.0,225,32,37580,400.0,12771,50351,833,8.86,0.088,18.1,0.21,2,3.343,15.83,50층 376㎡(23.7×15.8m) + 50층 376㎡(23.7×15.8m)
단일,1a 방위·위치,47,47,159.1,225,31,37580,400.0,9631,47211,866,9.22,0.088,,,1,3.42,16.33,47층 800㎡(49.0×16.3m)
2개동,2개동,44+44,44,149.2,225,23,37580,400.0,14431,52011,959,10.21,0.047,21.1,0.28,2,3.363,10.33,44층 427㎡(41.3×10.3m) + 44층 427㎡(41.3×10.3m)
2개동,2개동,44+44,44,149.2,225,23,37580,400.0,11928,49508,940,10.01,0.173,4.3,0.06,2,3.297,16.87,44층 427㎡(25.3×16.9m) + 44층 427㎡(25.3×16.9m)
2개동,2개동,41+41,41,139.3,225,29,37580,400.0,11910,49490,1009,10.74,0.108,15.1,0.22,2,3.344,15.14,41층 458㎡(30.3×15.1m) + 41층 458㎡(30.3×15.1m)
3개동,3개동,41+41+41,41,139.3,225,20,37580,400.0,14273,51853,1027,10.93,0.027,6.6,1.65,3,3.329,14.27,41층 306㎡(21.4×14.3m) + 41층 306㎡(21.4×14.3m) + 41층 306㎡(21.4×14.3m)
2개동,2개동,38+38,38,129.4,225,20,37580,400.0,13359,50939,1102,11.73,0.068,28.3,0.44,2,3.367,11.12,38층 494㎡(44.5×11.1m) + 38층 494㎡(44.5×11.1m)
3개동,3개동,38+38+38,38,129.4,225,20,37580,400.0,14198,51778,1107,11.79,0.066,6.0,0.09,3,3.285,12.84,38층 330㎡(25.7×12.8m) + 38층 330㎡(25.7×12.8m) + 38층 330㎡(25.7×12.8m)
2개동,2개동,55+55,55,185.5,226,26,37580,400.0,15076,52656,771,8.2,0.097,13.0,0.14,2,3.259,10.67,55층 342㎡(32.0×10.7m) + 55층 342㎡(32.0×10.7m)
2개동,2개동,53+53,53,178.9,226,32,37580,400.0,14782,52362,798,8.49,0.13,15.7,0.18,2,3.36,10.87,53층 355㎡(32.6×10.9m) + 53층 355㎡(32.6×10.9m)
2개동,2개동,53+53,53,178.9,226,26,37580,400.0,15923,53503,805,8.57,0.216,13.0,0.15,2,3.319,9.41,53층 355㎡(37.7×9.4m) + 53층 355㎡(37.7×9.4m)
2개동,2개동,50+50,50,169.0,226,28,37580,400.0,12771,50351,833,8.86,0.131,6.0,0.07,2,3.352,15.83,50층 376㎡(23.7×15.8m) + 50층 376㎡(23.7×15.8m)
2개동,2개동,50+50,50,169.0,226,29,37580,400.0,14331,51911,843,8.97,0.236,9.0,0.11,2,3.334,11.19,50층 376㎡(33.6×11.2m) + 50층 376㎡(33.6×11.2m)
단일,1a 방위·위치,47,47,159.1,226,25,37580,400.0,9631,47211,866,9.22,0.127,,,1,3.459,16.33,47층 800㎡(49.0×16.3m)
단일,1a 방위·위치,47,47,159.1,226,21,37580,400.0,9631,47211,866,9.22,0.123,,,1,3.406,16.33,47층 800㎡(49.0×16.3m)
단일,1a 방위·위치,47,47,159.1,226,28,37580,400.0,9631,47211,866,9.22,0.221,,,1,3.356,16.33,47층 800㎡(49.0×16.3m)
2개동,2개동,41+41,41,139.3,226,30,37580,400.0,12395,49975,1013,10.79,0.17,13.0,0.19,2,3.343,13.54,41층 458㎡(33.8×13.5m) + 41층 458㎡(33.8×13.5m)
2개동,2개동,38+38,38,129.4,226,21,37580,400.0,11439,49019,1085,11.55,0.182,9.0,0.14,2,3.296,15.72,38층 494㎡(31.4×15.7m) + 38층 494㎡(31.4×15.7m)
3개동,3개동,38+38+38,38,129.4,226,31,37580,400.0,16550,54130,1128,12.01,0.301,4.3,0.07,3,3.293,9.08,38층 330㎡(36.3×9.1m) + 38층 330㎡(36.3×9.1m) + 38층 330㎡(36.3×9.1m)
2개동,2개동,38+38,38,129.4,226,20,37580,400.0,11033,48613,1082,11.51,0.12,9.0,0.14,2,3.282,18.16,38층 494㎡(27.2×18.2m) + 38층 494㎡(27.2×18.2m)
2개동,2개동,38+38,38,129.4,226,21,37580,400.0,11907,49487,1089,11.6,0.17,13.0,0.2,2,3.281,14.06,38층 494㎡(35.2×14.1m) + 38층 494㎡(35.2×14.1m)
3개동,3개동,38+38+38,38,129.4,226,18,37580,400.0,14771,52351,1113,11.84,0.106,4.3,0.07,3,3.26,11.48,38층 330㎡(28.7×11.5m) + 38층 330㎡(28.7×11.5m) + 38층 330㎡(28.7×11.5m)
2개동,2개동,53+53,53,178.9,227,30,37580,400.0,13176,50756,788,8.39,0.149,11.9,0.13,2,3.398,15.37,53층 355㎡(23.1×15.4m) + 53층 355㎡(23.1×15.4m)
2개동,2개동,53+53,53,178.9,227,26,37580,400.0,14782,52362,798,8.49,0.085,15.7,0.18,2,3.384,10.87,53층 355㎡(32.6×10.9m) + 53층 355㎡(32.6×10.9m)
단일,1a 방위·위치,47,47,159.1,227,20,37580,400.0,9631,47211,866,9.22,0.058,,,1,3.353,16.33,47층 800㎡(49.0×16.3m)
2개동,2개동,44+44,44,149.2,227,20,37580,400.0,14431,52011,959,10.21,0.135,21.1,0.28,2,3.35,10.33,44층 427㎡(41.3×10.3m) + 44층 427㎡(41.3×10.3m)
3개동,3개동,41+41+41,41,139.3,227,23,37580,400.0,17232,54812,1051,11.18,0.258,4.3,0.06,3,3.308,8.74,41층 306㎡(35.0×8.7m) + 41층 306㎡(35.0×8.7m) + 41층 306㎡(35.0×8.7m)
3개동,3개동,38+38+38,38,129.4,227,20,37580,400.0,16550,54130,1128,12.01,0.2,6.0,0.09,3,3.297,9.08,38층 330㎡(36.3×9.1m) + 38층 330㎡(36.3×9.1m) + 38층 330㎡(36.3×9.1m)
2개동,2개동,55+55,55,185.5,228,24,37580,400.0,14492,52072,767,8.17,0.111,21.5,0.23,2,3.361,11.69,55층 342㎡(29.2×11.7m) + 55층 342㎡(29.2×11.7m)
2개동,2개동,53+53,53,178.9,228,23,37580,400.0,13656,51236,791,8.42,0.064,9.0,2.26,2,3.415,13.31,53층 355㎡(26.6×13.3m) + 53층 355㎡(26.6×13.3m)
2개동,2개동,50+50,50,169.0,228,28,37580,400.0,13774,51354,839,8.93,0.168,14.5,0.17,2,3.404,12.26,50층 376㎡(30.7×12.3m) + 50층 376㎡(30.7×12.3m)
단일,1a 방위·위치,47,47,159.1,228,24,37580,400.0,9631,47211,866,9.22,0.038,,,1,3.447,16.33,47층 800㎡(49.0×16.3m)
2개동,2개동,47+47,47,159.1,228,30,37580,400.0,12807,50387,886,9.43,0.13,14.5,0.18,2,3.402,14.14,47층 400㎡(28.3×14.1m) + 47층 400㎡(28.3×14.1m)
3개동,3개동,44+44+44,44,149.2,228,20,37580,400.0,14827,52407,960,10.22,0.034,6.6,1.64,3,3.325,13.78,44층 285㎡(20.7×13.8m) + 44층 285㎡(20.7×13.8m) + 44층 285㎡(20.7×13.8m)
3개동,3개동,41+41+41,41,139.3,228,18,37580,400.0,17232,54812,1051,11.18,0.074,6.0,0.09,3,3.263,8.74,41층 306㎡(35.0×8.7m) + 41층 306㎡(35.0×8.7m) + 41층 306㎡(35.0×8.7m)
2개동,2개동,38+38,38,129.4,228,19,37580,400.0,12393,49973,1094,11.64,0.209,13.0,0.2,2,3.319,12.84,38층 494㎡(38.5×12.8m) + 38층 494㎡(38.5×12.8m)
3개동,3개동,38+38+38,38,129.4,228,26,37580,400.0,16550,54130,1128,12.01,0.071,6.0,0.09,3,3.294,9.08,38층 330㎡(36.3×9.1m) + 38층 330㎡(36.3×9.1m) + 38층 330㎡(36.3×9.1m)
2개동,2개동,38+38,38,129.4,228,18,37580,400.0,15173,52753,1118,11.9,0.045,27.1,0.42,2,3.26,9.08,38층 494㎡(54.5×9.1m) + 38층 494㎡(54.5×9.1m)
2개동,2개동,50+50,50,169.0,229,26,37580,400.0,15439,53019,851,9.05,0.095,19.0,0.22,2,3.346,9.69,50층 376㎡(38.8×9.7m) + 50층 376㎡(38.8×9.7m)
단일,1a 방위·위치,47,47,159.1,229,21,37580,400.0,9631,47211,866,9.22,0.037,,,1,3.422,16.33,47층 800㎡(49.0×16.3m)
단일,1a 방위·위치,47,47,159.1,229,17,37580,400.0,9631,47211,866,9.22,0.05,,,1,3.357,16.33,47층 800㎡(49.0×16.3m)
2개동,2개동,41+41,41,139.3,229,22,37580,400.0,12395,49975,1013,10.79,0.117,19.0,0.27,2,3.344,13.54,41층 458㎡(33.8×13.5m) + 41층 458㎡(33.8×13.5m)
3개동,3개동,41+41+41,41,139.3,229,31,37580,400.0,17232,54812,1051,11.18,0.187,4.3,0.06,3,3.329,8.74,41층 306㎡(35.0×8.7m) + 41층 306㎡(35.0×8.7m) + 41층 306㎡(35.0×8.7m)
2개동,2개동,50+50,50,169.0,230,21,37580,400.0,13237,50817,836,8.9,0.053,13.0,3.26,2,3.406,13.71,50층 376㎡(27.4×13.7m) + 50층 376㎡(27.4×13.7m)
2개동,2개동,50+50,50,169.0,230,32,37580,400.0,14331,51911,843,8.97,0.232,9.0,0.11,2,3.319,11.19,50층 376㎡(33.6×11.2m) + 50층 376㎡(33.6×11.2m)
2개동,2개동,50+50,50,169.0,230,30,37580,400.0,13237,50817,836,8.9,0.077,13.0,0.15,2,3.277,13.71,50층 376㎡(27.4×13.7m) + 50층 376㎡(27.4×13.7m)
단일,1a 방위·위치,47,47,159.1,230,26,37580,400.0,9631,47211,866,9.22,0.09,,,1,3.235,16.33,47층 800㎡(49.0×16.3m)
3개동,3개동,41+41+41,41,139.3,230,19,37580,400.0,14273,51853,1027,10.93,0.035,6.6,1.65,3,3.268,14.27,41층 306㎡(21.4×14.3m) + 41층 306㎡(21.4×14.3m) + 41층 306㎡(21.4×14.3m)
2개동,2개동,38+38,38,129.4,230,19,37580,400.0,11439,49019,1085,11.55,0.116,21.5,0.33,2,3.36,15.72,38층 494㎡(31.4×15.7m) + 38층 494㎡(31.4×15.7m)
3개동,3개동,38+38+38,38,129.4,230,26,37580,400.0,16550,54130,1128,12.01,0.162,9.0,0.14,3,3.272,9.08,38층 330㎡(36.3×9.1m) + 38층 330㎡(36.3×9.1m) + 38층 330㎡(36.3×9.1m)
3개동,3개동,38+38+38,38,129.4,230,25,37580,400.0,14198,51778,1107,11.79,0.147,6.0,0.09,3,3.261,12.84,38층 330㎡(25.7×12.8m) + 38층 330㎡(25.7×12.8m) + 38층 330㎡(25.7×12.8m)
3개동,3개동,38+38+38,38,129.4,230,21,37580,400.0,15366,52946,1118,11.9,0.165,4.3,0.07,3,3.242,10.48,38층 330㎡(31.4×10.5m) + 38층 330㎡(31.4×10.5m) + 38층 330㎡(31.4×10.5m)
2개동,2개동,55+55,55,185.5,231,29,37580,400.0,14492,52072,767,8.17,0.163,9.0,0.1,2,3.287,11.69,55층 342㎡(29.2×11.7m) + 55층 342㎡(29.2×11.7m)
2개동,2개동,50+50,50,169.0,231,20,37580,400.0,14331,51911,843,8.97,0.07,19.0,0.22,2,3.36,11.19,50층 376㎡(33.6×11.2m) + 50층 376㎡(33.6×11.2m)
2개동,2개동,47+47,47,159.1,231,27,37580,400.0,12807,50387,886,9.43,0.106,13.0,0.16,2,3.338,14.14,47층 400㎡(28.3×14.1m) + 47층 400㎡(28.3×14.1m)
단일,1a 방위·위치,47,47,159.1,231,30,37580,400.0,9631,47211,866,9.22,0.089,,,1,3.201,16.33,47층 800㎡(49.0×16.3m)
3개동,3개동,41+41+41,41,139.3,231,17,37580,400.0,16002,53582,1041,11.08,0.17,4.3,0.06,3,3.257,10.09,41층 306㎡(30.3×10.1m) + 41층 306㎡(30.3×10.1m) + 41층 306㎡(30.3×10.1m)
3개동,3개동,41+41+41,41,139.3,231,25,37580,400.0,17232,54812,1051,11.18,0.17,4.3,0.06,3,3.245,8.74,41층 306㎡(35.0×8.7m) + 41층 306㎡(35.0×8.7m) + 41층 306㎡(35.0×8.7m)
2개동,2개동,38+38,38,129.4,231,20,37580,400.0,11033,48613,1082,11.51,0.116,13.0,0.2,2,3.306,18.16,38층 494㎡(27.2×18.2m) + 38층 494㎡(27.2×18.2m)
2개동,2개동,55+55,55,185.5,232,21,37580,400.0,13929,51509,764,8.13,0.044,19.0,4.75,2,3.397,13.07,55층 342㎡(26.1×13.1m) + 55층 342㎡(26.1×13.1m)
2개동,2개동,55+55,55,185.5,232,24,37580,400.0,14492,52072,767,8.17,0.199,13.0,0.14,2,3.327,11.69,55층 342㎡(29.2×11.7m) + 55층 342㎡(29.2×11.7m)
2개동,2개동,53+53,53,178.9,232,28,37580,400.0,13176,50756,788,8.39,0.145,4.3,0.05,2,3.37,15.37,53층 355㎡(23.1×15.4m) + 53층 355㎡(23.1×15.4m)
2개동,2개동,53+53,53,178.9,232,31,37580,400.0,15923,53503,805,8.57,0.181,9.0,0.1,2,3.341,9.41,53층 355㎡(37.7×9.4m) + 53층 355㎡(37.7×9.4m)
2개동,2개동,50+50,50,169.0,232,23,37580,400.0,15439,53019,851,9.05,0.056,22.7,0.27,2,3.356,9.69,50층 376㎡(38.8×9.7m) + 50층 376㎡(38.8×9.7m)
2개동,2개동,50+50,50,169.0,232,24,37580,400.0,12771,50351,833,8.86,0.133,9.0,0.11,2,3.26,15.83,50층 376㎡(23.7×15.8m) + 50층 376㎡(23.7×15.8m)
단일,1a 방위·위치,47,47,159.1,232,31,37580,400.0,9631,47211,866,9.22,0.031,,,1,3.409,16.33,47층 800㎡(49.0×16.3m)
단일,1a 방위·위치,47,47,159.1,232,21,37580,400.0,9631,47211,866,9.22,0.172,,,1,3.394,16.33,47층 800㎡(49.0×16.3m)
2개동,2개동,47+47,47,159.1,232,28,37580,400.0,15976,53556,909,9.67,0.07,21.4,0.27,2,3.177,8.94,47층 400㎡(44.7×8.9m) + 47층 400㎡(44.7×8.9m)
2개동,2개동,44+44,44,149.2,232,30,37580,400.0,12868,50448,948,10.09,0.271,6.0,0.08,2,3.343,13.07,44층 427㎡(32.7×13.1m) + 44층 427㎡(32.7×13.1m)
3개동,3개동,38+38+38,38,129.4,232,27,37580,400.0,16550,54130,1128,12.01,0.139,6.0,0.09,3,3.273,9.08,38층 330㎡(36.3×9.1m) + 38층 330㎡(36.3×9.1m) + 38층 330㎡(36.3×9.1m)
3개동,3개동,38+38+38,38,129.4,232,20,37580,400.0,15366,52946,1118,11.9,0.246,6.0,0.09,3,3.272,10.48,38층 330㎡(31.4×10.5m) + 38층 330㎡(31.4×10.5m) + 38층 330㎡(31.4×10.5m)
2개동,2개동,53+53,53,178.9,233,31,37580,400.0,13656,51236,791,8.42,0.15,9.0,0.1,2,3.34,13.31,53층 355㎡(26.6×13.3m) + 53층 355㎡(26.6×13.3m)
2개동,2개동,50+50,50,169.0,233,26,37580,400.0,12771,50351,833,8.86,0.109,6.7,1.67,2,3.391,15.83,50층 376㎡(23.7×15.8m) + 50층 376㎡(23.7×15.8m)
단일,1a 방위·위치,47,47,159.1,233,21,37580,400.0,9631,47211,866,9.22,0.063,,,1,3.379,16.33,47층 800㎡(49.0×16.3m)
3개동,3개동,44+44+44,44,149.2,233,26,37580,400.0,15979,53559,969,10.32,0.148,4.3,0.06,3,3.296,10.67,44층 285㎡(26.7×10.7m) + 44층 285㎡(26.7×10.7m) + 44층 285㎡(26.7×10.7m)
2개동,2개동,41+41,41,139.3,233,30,37580,400.0,11488,49068,1006,10.71,0.262,6.0,0.09,2,3.314,17.48,41층 458㎡(26.2×17.5m) + 41층 458㎡(26.2×17.5m)
3개동,3개동,38+38+38,38,129.4,233,27,37580,400.0,15366,52946,1118,11.9,0.251,6.0,0.09,3,3.254,10.48,38층 330㎡(31.4×10.5m) + 38층 330㎡(31.4×10.5m) + 38층 330㎡(31.4×10.5m)
2개동,2개동,55+55,55,185.5,234,25,37580,400.0,13929,51509,764,8.13,0.109,13.8,0.15,2,3.371,13.07,55층 342㎡(26.1×13.1m) + 55층 342㎡(26.1×13.1m)
2개동,2개동,55+55,55,185.5,234,31,37580,400.0,13441,51021,761,8.1,0.062,9.0,0.1,2,3.303,15.09,55층 342㎡(22.6×15.1m) + 55층 342㎡(22.6×15.1m)
2개동,2개동,53+53,53,178.9,234,31,37580,400.0,13176,50756,788,8.39,0.092,9.0,0.1,2,3.256,15.37,53층 355㎡(23.1×15.4m) + 53층 355㎡(23.1×15.4m)
2개동,2개동,50+50,50,169.0,234,26,37580,400.0,14331,51911,843,8.97,0.119,16.0,0.19,2,3.326,11.19,50층 376㎡(33.6×11.2m) + 50층 376㎡(33.6×11.2m)
단일,1a 방위·위치,47,47,159.1,234,27,37580,400.0,9631,47211,866,9.22,0.101,,,1,3.41,16.33,47층 800㎡(49.0×16.3m)
2개동,2개동,47+47,47,159.1,234,24,37580,400.0,14942,52522,902,9.6,0.053,20.6,0.26,2,3.352,10.0,47층 400㎡(40.0×10.0m) + 47층 400㎡(40.0×10.0m)
2개동,2개동,47+47,47,159.1,234,27,37580,400.0,13868,51448,894,9.51,0.151,17.9,0.22,2,3.338,11.54,47층 400㎡(34.6×11.5m) + 47층 400㎡(34.6×11.5m)
단일,1a 방위·위치,47,47,159.1,234,26,37580,400.0,9631,47211,866,9.22,0.085,,,1,3.229,16.33,47층 800㎡(49.0×16.3m)
2개동,2개동,41+41,41,139.3,234,24,37580,400.0,14869,52449,1033,11.0,0.232,9.0,0.13,2,3.258,9.57,41층 458㎡(47.9×9.6m) + 41층 458㎡(47.9×9.6m)
2개동,2개동,38+38,38,129.4,234,31,37580,400.0,11439,49019,1085,11.55,0.198,14.0,0.22,2,3.328,15.72,38층 494㎡(31.4×15.7m) + 38층 494㎡(31.4×15.7m)
3개동,3개동,38+38+38,38,129.4,234,26,37580,400.0,16550,54130,1128,12.01,0.288,6.0,0.09,3,3.272,9.08,38층 330㎡(36.3×9.1m) + 38층 330㎡(36.3×9.1m) + 38층 330㎡(36.3×9.1m)
3개동,3개동,38+38+38,38,129.4,234,19,37580,400.0,15366,52946,1118,11.9,0.141,6.0,0.09,3,3.235,10.48,38층 330㎡(31.4×10.5m) + 38층 330㎡(31.4×10.5m) + 38층 330㎡(31.4×10.5m)
3개동,3개동,38+38+38,38,129.4,234,20,37580,400.0,13701,51281,1103,11.74,0.105,4.3,0.07,3,3.234,14.82,38층 330㎡(22.2×14.8m) + 38층 330㎡(22.2×14.8m) + 38층 330㎡(22.2×14.8m)
2개동,2개동,53+53,53,178.9,235,29,37580,400.0,13656,51236,791,8.42,0.116,12.5,0.14,2,3.363,13.31,53층 355㎡(26.6×13.3m) + 53층 355㎡(26.6×13.3m)
2개동,2개동,53+53,53,178.9,235,30,37580,400.0,13176,50756,788,8.39,0.119,9.0,0.1,2,3.317,15.37,53층 355㎡(23.1×15.4m) + 53층 355㎡(23.1×15.4m)
단일,1a 방위·위치,47,47,159.1,235,28,37580,400.0,9631,47211,866,9.22,0.115,,,1,3.35,16.33,47층 800㎡(49.0×16.3m)
단일,1a 방위·위치,47,47,159.1,235,34,37580,400.0,9631,47211,866,9.22,0.121,,,1,3.22,16.33,47층 800㎡(49.0×16.3m)
2개동,2개동,41+41,41,139.3,235,30,37580,400.0,11488,49068,1006,10.71,0.052,6.8,1.69,2,3.327,17.48,41층 458㎡(26.2×17.5m) + 41층 458㎡(26.2×17.5m)
3개동,3개동,38+38+38,38,129.4,235,24,37580,400.0,14198,51778,1107,11.79,0.141,6.0,0.09,3,3.271,12.84,38층 330㎡(25.7×12.8m) + 38층 330㎡(25.7×12.8m) + 38층 330㎡(25.7×12.8m)
2개동,2개동,50+50,50,169.0,236,25,37580,400.0,15439,53019,851,9.05,0.089,22.7,0.27,2,3.362,9.69,50층 376㎡(38.8×9.7m) + 50층 376㎡(38.8×9.7m)
단일,1a 방위·위치,47,47,159.1,236,18,37580,400.0,9631,47211,866,9.22,0.072,,,1,3.351,16.33,47층 800㎡(49.0×16.3m)
단일,1a 방위·위치,47,47,159.1,236,21,37580,400.0,9631,47211,866,9.22,0.054,,,1,3.339,16.33,47층 800㎡(49.0×16.3m)
2개동,2개동,47+47,47,159.1,236,28,37580,400.0,12356,49936,883,9.4,0.149,9.0,0.11,2,3.314,16.33,47층 400㎡(24.5×16.3m) + 47층 400㎡(24.5×16.3m)
단일,1a 방위·위치,47,47,159.1,236,23,37580,400.0,9631,47211,866,9.22,0.065,,,1,3.303,16.33,47층 800㎡(49.0×16.3m)
2개동,2개동,47+47,47,159.1,236,21,37580,400.0,13327,50907,890,9.47,0.075,18.9,0.24,2,3.293,12.65,47층 400㎡(31.6×12.6m) + 47층 400㎡(31.6×12.6m)
단일,1a 방위·위치,47,47,159.1,236,25,37580,400.0,9631,47211,866,9.22,0.033,,,1,3.228,16.33,47층 800㎡(49.0×16.3m)
2개동,2개동,44+44,44,149.2,236,22,37580,400.0,12868,50448,948,10.09,0.178,13.0,0.17,2,3.327,13.07,44층 427㎡(32.7×13.1m) + 44층 427㎡(32.7×13.1m)
2개동,2개동,41+41,41,139.3,236,27,37580,400.0,15788,53368,1041,11.08,0.051,19.0,0.27,2,3.305,8.74,41층 458㎡(52.4×8.7m) + 41층 458㎡(52.4×8.7m)
2개동,2개동,41+41,41,139.3,236,20,37580,400.0,11910,49490,1009,10.74,0.136,13.6,0.2,2,3.293,15.14,41층 458㎡(30.3×15.1m) + 41층 458㎡(30.3×15.1m)
3개동,3개동,38+38+38,38,129.4,236,20,37580,400.0,14771,52351,1113,11.84,0.065,13.8,0.21,3,3.349,11.48,38층 330㎡(28.7×11.5m) + 38층 330㎡(28.7×11.5m) + 38층 330㎡(28.7×11.5m)
3개동,3개동,38+38+38,38,129.4,236,31,37580,400.0,15366,52946,1118,11.9,0.285,4.3,0.07,3,3.29,10.48,38층 330㎡(31.4×10.5m) + 38층 330㎡(31.4×10.5m) + 38층 330㎡(31.4×10.5m)
3개동,3개동,38+38+38,38,129.4,236,23,37580,400.0,15366,52946,1118,11.9,0.156,9.0,0.14,3,3.274,10.48,38층 330㎡(31.4×10.5m) + 38층 330㎡(31.4×10.5m) + 38층 330㎡(31.4×10.5m)
2개동,2개동,38+38,38,129.4,236,15,37580,400.0,11439,49019,1085,11.55,0.125,19.0,0.29,2,3.273,15.72,38층 494㎡(31.4×15.7m) + 38층 494㎡(31.4×15.7m)
2개동,2개동,55+55,55,185.5,237,32,37580,400.0,14492,52072,767,8.17,0.123,15.5,0.17,2,3.301,11.69,55층 342㎡(29.2×11.7m) + 55층 342㎡(29.2×11.7m)
2개동,2개동,53+53,53,178.9,237,26,37580,400.0,14208,51788,794,8.46,0.1,18.3,0.2,2,3.364,11.91,53층 355㎡(29.8×11.9m) + 53층 355㎡(29.8×11.9m)
2개동,2개동,53+53,53,178.9,237,25,37580,400.0,13656,51236,791,8.42,0.131,13.0,0.15,2,3.269,13.31,53층 355㎡(26.6×13.3m) + 53층 355㎡(26.6×13.3m)
2개동,2개동,50+50,50,169.0,237,32,37580,400.0,13237,50817,836,8.9,0.246,6.0,0.07,2,3.325,13.71,50층 376㎡(27.4×13.7m) + 50층 376㎡(27.4×13.7m)
2개동,2개동,44+44,44,149.2,237,31,37580,400.0,14431,52011,959,10.21,0.211,9.0,0.12,2,3.334,10.33,44층 427㎡(41.3×10.3m) + 44층 427㎡(41.3×10.3m)
2개동,2개동,41+41,41,139.3,237,26,37580,400.0,11910,49490,1009,10.74,0.251,13.0,0.19,2,3.292,15.14,41층 458㎡(30.3×15.1m) + 41층 458㎡(30.3×15.1m)
2개동,2개동,53+53,53,178.9,238,29,37580,400.0,15923,53503,805,8.57,0.107,19.7,0.22,2,3.389,9.41,53층 355㎡(37.7×9.4m) + 53층 355㎡(37.7×9.4m)
단일,1a 방위·위치,47,47,159.1,238,25,37580,400.0,9631,47211,866,9.22,0.096,,,1,3.386,16.33,47층 800㎡(49.0×16.3m)
단일,1a 방위·위치,47,47,159.1,238,16,37580,400.0,9631,47211,866,9.22,0.036,,,1,3.325,16.33,47층 800㎡(49.0×16.3m)
단일,1a 방위·위치,47,47,159.1,238,25,37580,400.0,9631,47211,866,9.22,0.054,,,1,3.241,16.33,47층 800㎡(49.0×16.3m)
단일,1a 방위·위치,47,47,159.1,238,25,37580,400.0,9631,47211,866,9.22,0.04,,,1,3.221,16.33,47층 800㎡(49.0×16.3m)
단일,1a 방위·위치,47,47,159.1,238,34,37580,400.0,9631,47211,866,9.22,0.091,,,1,3.214,16.33,47층 800㎡(49.0×16.3m)
2개동,2개동,44+44,44,149.2,238,23,37580,400.0,12365,49945,944,10.05,0.104,14.7,0.2,2,3.377,14.61,44층 427㎡(29.2×14.6m) + 44층 427㎡(29.2×14.6m)
2개동,2개동,44+44,44,149.2,238,19,37580,400.0,14431,52011,959,10.21,0.042,21.1,0.28,2,3.368,10.33,44층 427㎡(41.3×10.3m) + 44층 427㎡(41.3×10.3m)
3개동,3개동,41+41+41,41,139.3,238,31,37580,400.0,17232,54812,1051,11.18,0.031,4.3,0.06,3,3.319,8.74,41층 306㎡(35.0×8.7m) + 41층 306㎡(35.0×8.7m) + 41층 306㎡(35.0×8.7m)
3개동,3개동,38+38+38,38,129.4,238,16,37580,400.0,13701,51281,1103,11.74,0.101,6.0,0.09,3,3.255,14.82,38층 330㎡(22.2×14.8m) + 38층 330㎡(22.2×14.8m) + 38층 330㎡(22.2×14.8m)
3개동,3개동,38+38+38,38,129.4,238,18,37580,400.0,15366,52946,1118,11.9,0.154,6.0,0.09,3,3.225,10.48,38층 330㎡(31.4×10.5m) + 38층 330㎡(31.4×10.5m) + 38층 330㎡(31.4×10.5m)
2개동,2개동,53+53,53,178.9,239,31,37580,400.0,13176,50756,788,8.39,0.156,6.0,0.07,2,3.35,15.37,53층 355㎡(23.1×15.4m) + 53층 355㎡(23.1×15.4m)
2개동,2개동,53+53,53,178.9,239,27,37580,400.0,15923,53503,805,8.57,0.17,13.0,0.15,2,3.251,9.41,53층 355㎡(37.7×9.4m) + 53층 355㎡(37.7×9.4m)
2개동,2개동,47+47,47,159.1,239,27,37580,400.0,12807,50387,886,9.43,0.184,6.0,0.08,2,3.383,14.14,47층 400㎡(28.3×14.1m) + 47층 400㎡(28.3×14.1m)
단일,1a 방위·위치,47,47,159.1,239,18,37580,400.0,9631,47211,866,9.22,0.026,,,1,3.351,16.33,47층 800㎡(49.0×16.3m)
3개동,3개동,44+44+44,44,149.2,239,21,37580,400.0,16619,54199,974,10.37,0.098,6.0,0.08,3,3.3,9.74,44층 285㎡(29.2×9.7m) + 44층 285㎡(29.2×9.7m) + 44층 285㎡(29.2×9.7m)
2개동,2개동,44+44,44,149.2,239,17,37580,400.0,12365,49945,944,10.05,0.125,19.0,0.25,2,3.263,14.61,44층 427㎡(29.2×14.6m) + 44층 427㎡(29.2×14.6m)
2개동,2개동,44+44,44,149.2,239,25,37580,400.0,14431,52011,959,10.21,0.027,27.1,0.36,2,3.186,10.33,44층 427㎡(41.3×10.3m) + 44층 427㎡(41.3×10.3m)
3개동,3개동,41+41+41,41,139.3,239,22,37580,400.0,15384,52964,1036,11.02,0.096,13.5,0.19,3,3.344,11.05,41층 306㎡(27.6×11.1m) + 41층 306㎡(27.6×11.1m) + 41층 306㎡(27.6×11.1m)
3개동,3개동,41+41+41,41,139.3,239,26,37580,400.0,16002,53582,1041,11.08,0.152,4.3,0.06,3,3.338,10.09,41층 306㎡(30.3×10.1m) + 41층 306㎡(30.3×10.1m) + 41층 306㎡(30.3×10.1m)
2개동,2개동,41+41,41,139.3,239,14,37580,400.0,14869,52449,1033,11.0,0.072,26.7,0.38,2,3.321,9.57,41층 458㎡(47.9×9.6m) + 41층 458㎡(47.9×9.6m)
3개동,3개동,41+41+41,41,139.3,239,23,37580,400.0,14273,51853,1027,10.93,0.055,11.4,0.16,3,3.28,14.27,41층 306㎡(21.4×14.3m) + 41층 306㎡(21.4×14.3m) + 41층 306㎡(21.4×14.3m)
2개동,2개동,55+55,55,185.5,240,25,37580,400.0,14492,52072,767,8.17,0.061,26.7,0.29,2,3.294,11.69,55층 342㎡(29.2×11.7m) + 55층 342㎡(29.2×11.7m)
2개동,2개동,50+50,50,169.0,240,27,37580,400.0,13774,51354,839,8.93,0.111,16.0,0.19,2,3.402,12.26,50층 376㎡(30.7×12.3m) + 50층 376㎡(30.7×12.3m)
2개동,2개동,50+50,50,169.0,240,27,37580,400.0,15439,53019,851,9.05,0.062,6.0,0.07,2,3.319,9.69,50층 376㎡(38.8×9.7m) + 50층 376㎡(38.8×9.7m)
단일,1a 방위·위치,47,47,159.1,240,23,37580,400.0,9631,47211,866,9.22,0.091,,,1,3.407,16.33,47층 800㎡(49.0×16.3m)
단일,1a 방위·위치,47,47,159.1,240,26,37580,400.0,9631,47211,866,9.22,0.031,,,1,3.376,16.33,47층 800㎡(49.0×16.3m)
단일,1a 방위·위치,47,47,159.1,240,23,37580,400.0,9631,47211,866,9.22,0.09,,,1,3.188,16.33,47층 800㎡(49.0×16.3m)
3개동,3개동,44+44+44,44,149.2,240,26,37580,400.0,15979,53559,969,10.32,0.145,4.3,0.06,3,3.289,10.67,44층 285㎡(26.7×10.7m) + 44층 285㎡(26.7×10.7m) + 44층 285㎡(26.7×10.7m)
2개동,2개동,41+41,41,139.3,240,25,37580,400.0,12395,49975,1013,10.79,0.04,19.0,0.27,2,3.316,13.54,41층 458㎡(33.8×13.5m) + 41층 458㎡(33.8×13.5m)
3개동,3개동,41+41+41,41,139.3,240,21,37580,400.0,16002,53582,1041,11.08,0.244,4.3,0.06,3,3.305,10.09,41층 306㎡(30.3×10.1m) + 41층 306㎡(30.3×10.1m) + 41층 306㎡(30.3×10.1m)
2개동,2개동,41+41,41,139.3,240,22,37580,400.0,12395,49975,1013,10.79,0.101,19.0,0.27,2,3.3,13.54,41층 458㎡(33.8×13.5m) + 41층 458㎡(33.8×13.5m)
3개동,3개동,41+41+41,41,139.3,240,18,37580,400.0,15384,52964,1036,11.02,0.161,4.3,0.06,3,3.243,11.05,41층 306㎡(27.6×11.1m) + 41층 306㎡(27.6×11.1m) + 41층 306㎡(27.6×11.1m)
3개동,3개동,38+38+38,38,129.4,240,15,37580,400.0,14198,51778,1107,11.79,0.083,9.0,0.14,3,3.246,12.84,38층 330㎡(25.7×12.8m) + 38층 330㎡(25.7×12.8m) + 38층 330㎡(25.7×12.8m)
3개동,3개동,38+38+38,38,129.4,240,22,37580,400.0,14771,52351,1113,11.84,0.161,6.0,0.09,3,3.24,11.48,38층 330㎡(28.7×11.5m) + 38층 330㎡(28.7×11.5m) + 38층 330㎡(28.7×11.5m)
2개동,2개동,55+55,55,185.5,241,27,37580,400.0,14492,52072,767,8.17,0.163,9.0,0.1,2,3.354,11.69,55층 342㎡(29.2×11.7m) + 55층 342㎡(29.2×11.7m)
2개동,2개동,50+50,50,169.0,241,25,37580,400.0,13774,51354,839,8.93,0.122,19.0,0.22,2,3.332,12.26,50층 376㎡(30.7×12.3m) + 50층 376㎡(30.7×12.3m)
2개동,2개동,50+50,50,169.0,241,32,37580,400.0,12771,50351,833,8.86,0.239,4.3,0.05,2,3.329,15.83,50층 376㎡(23.7×15.8m) + 50층 376㎡(23.7×15.8m)
3개동,3개동,41+41+41,41,139.3,241,20,37580,400.0,14789,52369,1031,10.97,0.061,11.9,0.17,3,3.328,12.36,41층 306㎡(24.7×12.4m) + 41층 306㎡(24.7×12.4m) + 41층 306㎡(24.7×12.4m)
3개동,3개동,38+38+38,38,129.4,241,27,37580,400.0,15366,52946,1118,11.9,0.076,6.0,0.09,3,3.236,10.48,38층 330㎡(31.4×10.5m) + 38층 330㎡(31.4×10.5m) + 38층 330㎡(31.4×10.5m)
2개동,2개동,55+55,55,185.5,242,30,37580,400.0,13441,51021,761,8.1,0.144,9.0,0.1,2,3.327,15.09,55층 342㎡(22.6×15.1m) + 55층 342㎡(22.6×15.1m)
2개동,2개동,50+50,50,169.0,242,26,37580,400.0,12771,50351,833,8.86,0.097,10.6,0.13,2,3.265,15.83,50층 376㎡(23.7×15.8m) + 50층 376㎡(23.7×15.8m)
2개동,2개동,47+47,47,159.1,242,30,37580,400.0,12807,50387,886,9.43,0.113,13.0,3.26,2,3.361,14.14,47층 400㎡(28.3×14.1m) + 47층 400㎡(28.3×14.1m)
2개동,2개동,47+47,47,159.1,242,26,37580,400.0,14942,52522,902,9.6,0.128,20.6,0.26,2,3.333,10.0,47층 400㎡(40.0×10.0m) + 47층 400㎡(40.0×10.0m)
단일,1a 방위·위치,47,47,159.1,242,30,37580,400.0,9631,47211,866,9.22,0.085,,,1,3.315,16.33,47층 800㎡(49.0×16.3m)
2개동,2개동,44+44,44,149.2,242,28,37580,400.0,12365,49945,944,10.05,0.129,13.0,0.17,2,3.293,14.61,44층 427㎡(29.2×14.6m) + 44층 427㎡(29.2×14.6m)
3개동,3개동,41+41+41,41,139.3,242,23,37580,400.0,14273,51853,1027,10.93,0.108,10.0,0.14,3,3.348,14.27,41층 306㎡(21.4×14.3m) + 41층 306㎡(21.4×14.3m) + 41층 306㎡(21.4×14.3m)
3개동,3개동,41+41+41,41,139.3,242,26,37580,400.0,16002,53582,1041,11.08,0.17,6.0,0.09,3,3.301,10.09,41층 306㎡(30.3×10.1m) + 41층 306㎡(30.3×10.1m) + 41층 306㎡(30.3×10.1m)
3개동,3개동,41+41+41,41,139.3,242,20,37580,400.0,17232,54812,1051,11.18,0.224,6.0,0.09,3,3.288,8.74,41층 306㎡(35.0×8.7m) + 41층 306㎡(35.0×8.7m) + 41층 306㎡(35.0×8.7m)
3개동,3개동,41+41+41,41,139.3,242,20,37580,400.0,14273,51853,1027,10.93,0.027,6.6,1.65,3,3.248,14.27,41층 306㎡(21.4×14.3m) + 41층 306㎡(21.4×14.3m) + 41층 306㎡(21.4×14.3m)
3개동,3개동,38+38+38,38,129.4,242,19,37580,400.0,14771,52351,1113,11.84,0.241,6.0,0.09,3,3.262,11.48,38층 330㎡(28.7×11.5m) + 38층 330㎡(28.7×11.5m) + 38층 330㎡(28.7×11.5m)
2개동,2개동,55+55,55,185.5,243,22,37580,400.0,14492,52072,767,8.17,0.066,18.1,0.19,2,3.329,11.69,55층 342㎡(29.2×11.7m) + 55층 342㎡(29.2×11.7m)
단일,1a 방위·위치,47,47,159.1,243,20,37580,400.0,9631,47211,866,9.22,0.105,,,1,3.336,16.33,47층 800㎡(49.0×16.3m)
2개동,2개동,44+44,44,149.2,243,26,37580,400.0,12365,49945,944,10.05,0.098,14.7,0.2,2,3.302,14.61,44층 427㎡(29.2×14.6m) + 44층 427㎡(29.2×14.6m)
3개동,3개동,44+44+44,44,149.2,243,19,37580,400.0,15979,53559,969,10.32,0.155,4.3,0.06,3,3.236,10.67,44층 285㎡(26.7×10.7m) + 44층 285㎡(26.7×10.7m) + 44층 285㎡(26.7×10.7m)
3개동,3개동,41+41+41,41,139.3,243,28,37580,400.0,14789,52369,1031,10.97,0.139,4.3,0.06,3,3.29,12.36,41층 306㎡(24.7×12.4m) + 41층 306㎡(24.7×12.4m) + 41층 306㎡(24.7×12.4m)
3개동,3개동,41+41+41,41,139.3,243,27,37580,400.0,17232,54812,1051,11.18,0.16,6.0,0.09,3,3.265,8.74,41층 306㎡(35.0×8.7m) + 41층 306㎡(35.0×8.7m) + 41층 306㎡(35.0×8.7m)
3개동,3개동,41+41+41,41,139.3,243,15,37580,400.0,17232,54812,1051,11.18,0.084,9.0,0.13,3,3.204,8.74,41층 306㎡(35.0×8.7m) + 41층 306㎡(35.0×8.7m) + 41층 306㎡(35.0×8.7m)
3개동,3개동,38+38+38,38,129.4,243,20,37580,400.0,13701,51281,1103,11.74,0.142,4.3,0.07,3,3.303,14.82,38층 330㎡(22.2×14.8m) + 38층 330㎡(22.2×14.8m) + 38층 330㎡(22.2×14.8m)
2개동,2개동,55+55,55,185.5,244,31,37580,400.0,15076,52656,771,8.2,0.173,23.0,0.25,2,3.359,10.67,55층 342㎡(32.0×10.7m) + 55층 342㎡(32.0×10.7m)
2개동,2개동,53+53,53,178.9,244,23,37580,400.0,13656,51236,791,8.42,0.1,16.5,0.18,2,3.357,13.31,53층 355㎡(26.6×13.3m) + 53층 355㎡(26.6×13.3m)
2개동,2개동,53+53,53,178.9,244,21,37580,400.0,14208,51788,794,8.46,0.066,18.3,0.2,2,3.33,11.91,53층 355㎡(29.8×11.9m) + 53층 355㎡(29.8×11.9m)
2개동,2개동,50+50,50,169.0,244,31,37580,400.0,13237,50817,836,8.9,0.198,12.7,0.15,2,3.307,13.71,50층 376㎡(27.4×13.7m) + 50층 376㎡(27.4×13.7m)
2개동,2개동,50+50,50,169.0,244,28,37580,400.0,15439,53019,851,9.05,0.052,18.6,0.22,2,3.307,9.69,50층 376㎡(38.8×9.7m) + 50층 376㎡(38.8×9.7m)
2개동,2개동,47+47,47,159.1,244,31,37580,400.0,12356,49936,883,9.4,0.17,6.0,0.08,2,3.349,16.33,47층 400㎡(24.5×16.3m) + 47층 400㎡(24.5×16.3m)
단일,1a 방위·위치,47,47,159.1,244,21,37580,400.0,9631,47211,866,9.22,0.023,,,1,3.328,16.33,47층 800㎡(49.0×16.3m)
2개동,2개동,44+44,44,149.2,244,21,37580,400.0,12868,50448,948,10.09,0.089,19.2,0.26,2,3.379,13.07,44층 427㎡(32.7×13.1m) + 44층 427㎡(32.7×13.1m)
2개동,2개동,41+41,41,139.3,244,22,37580,400.0,12395,49975,1013,10.79,0.076,19.4,4.86,2,3.382,13.54,41층 458㎡(33.8×13.5m) + 41층 458㎡(33.8×13.5m)
2개동,2개동,41+41,41,139.3,244,19,37580,400.0,11910,49490,1009,10.74,0.086,21.1,0.3,2,3.371,15.14,41층 458㎡(30.3×15.1m) + 41층 458㎡(30.3×15.1m)
3개동,3개동,41+41+41,41,139.3,244,26,37580,400.0,17232,54812,1051,11.18,0.052,6.0,0.09,3,3.289,8.74,41층 306㎡(35.0×8.7m) + 41층 306㎡(35.0×8.7m) + 41층 306㎡(35.0×8.7m)
2개동,2개동,41+41,41,139.3,244,26,37580,400.0,12395,49975,1013,10.79,0.023,13.0,0.19,2,3.249,13.54,41층 458㎡(33.8×13.5m) + 41층 458㎡(33.8×13.5m)
3개동,3개동,38+38+38,38,129.4,244,29,37580,400.0,13701,51281,1103,11.74,0.166,10.2,0.16,3,3.312,14.82,38층 330㎡(22.2×14.8m) + 38층 330㎡(22.2×14.8m) + 38층 330㎡(22.2×14.8m)
3개동,3개동,38+38+38,38,129.4,244,21,37580,400.0,15366,52946,1118,11.9,0.135,9.0,0.14,3,3.263,10.48,38층 330㎡(31.4×10.5m) + 38층 330㎡(31.4×10.5m) + 38층 330㎡(31.4×10.5m)
3개동,3개동,38+38+38,38,129.4,244,16,37580,400.0,14198,51778,1107,11.79,0.154,4.3,0.07,3,3.237,12.84,38층 330㎡(25.7×12.8m) + 38층 330㎡(25.7×12.8m) + 38층 330㎡(25.7×12.8m)
3개동,3개동,38+38+38,38,129.4,244,16,37580,400.0,14198,51778,1107,11.79,0.152,4.3,0.07,3,3.232,12.84,38층 330㎡(25.7×12.8m) + 38층 330㎡(25.7×12.8m) + 38층 330㎡(25.7×12.8m)
3개동,3개동,38+38+38,38,129.4,244,15,37580,400.0,14198,51778,1107,11.79,0.113,4.3,0.07,3,3.231,12.84,38층 330㎡(25.7×12.8m) + 38층 330㎡(25.7×12.8m) + 38층 330㎡(25.7×12.8m)
2개동,2개동,55+55,55,185.5,245,24,37580,400.0,13929,51509,764,8.13,0.144,13.0,0.14,2,3.254,13.07,55층 342㎡(26.1×13.1m) + 55층 342㎡(26.1×13.1m)
2개동,2개동,47+47,47,159.1,245,30,37580,400.0,12356,49936,883,9.4,0.146,12.3,0.15,2,3.386,16.33,47층 400㎡(24.5×16.3m) + 47층 400㎡(24.5×16.3m)
단일,1a 방위·위치,47,47,159.1,245,24,37580,400.0,9631,47211,866,9.22,0.087,,,1,3.35,16.33,47층 800㎡(49.0×16.3m)
단일,1a 방위·위치,47,47,159.1,245,21,37580,400.0,9631,47211,866,9.22,0.131,,,1,3.338,16.33,47층 800㎡(49.0×16.3m)
3개동,3개동,44+44+44,44,149.2,245,21,37580,400.0,15979,53559,969,10.32,0.165,4.3,0.06,3,3.238,10.67,44층 285㎡(26.7×10.7m) + 44층 285㎡(26.7×10.7m) + 44층 285㎡(26.7×10.7m)
2개동,2개동,41+41,41,139.3,245,31,37580,400.0,12395,49975,1013,10.79,0.037,9.0,0.13,2,3.296,13.54,41층 458㎡(33.8×13.5m) + 41층 458㎡(33.8×13.5m)
3개동,3개동,38+38+38,38,129.4,245,16,37580,400.0,16550,54130,1128,12.01,0.195,6.0,0.09,3,3.261,9.08,38층 330㎡(36.3×9.1m) + 38층 330㎡(36.3×9.1m) + 38층 330㎡(36.3×9.1m)
3개동,3개동,38+38+38,38,129.4,245,19,37580,400.0,14198,51778,1107,11.79,0.029,12.2,0.19,3,3.248,12.84,38층 330㎡(25.7×12.8m) + 38층 330㎡(25.7×12.8m) + 38층 330㎡(25.7×12.8m)
3개동,3개동,38+38+38,38,129.4,245,20,37580,400.0,14771,52351,1113,11.84,0.142,6.0,0.09,3,3.204,11.48,38층 330㎡(28.7×11.5m) + 38층 330㎡(28.7×11.5m) + 38층 330㎡(28.7×11.5m)
2개동,2개동,55+55,55,185.5,246,30,37580,400.0,16239,53819,778,8.28,0.041,13.0,0.14,2,3.271,9.24,55층 342㎡(37.0×9.2m) + 55층 342㎡(37.0×9.2m)
2개동,2개동,50+50,50,169.0,246,26,37580,400.0,13237,50817,836,8.9,0.099,14.2,0.17,2,3.373,13.71,50층 376㎡(27.4×13.7m) + 50층 376㎡(27.4×13.7m)
단일,1a 방위·위치,47,47,159.1,246,21,37580,400.0,9631,47211,866,9.22,0.11,,,1,3.322,16.33,47층 800㎡(49.0×16.3m)
단일,1a 방위·위치,47,47,159.1,246,22,37580,400.0,9631,47211,866,9.22,0.146,,,1,3.28,16.33,47층 800㎡(49.0×16.3m)
2개동,2개동,44+44,44,149.2,246,32,37580,400.0,12868,50448,948,10.09,0.038,9.0,0.12,2,3.292,13.07,44층 427㎡(32.7×13.1m) + 44층 427㎡(32.7×13.1m)
2개동,2개동,38+38,38,129.4,246,20,37580,400.0,13359,50939,1102,11.73,0.04,33.5,0.52,2,3.325,11.12,38층 494㎡(44.5×11.1m) + 38층 494㎡(44.5×11.1m)
3개동,3개동,38+38+38,38,129.4,246,18,37580,400.0,14771,52351,1113,11.84,0.119,9.0,0.14,3,3.273,11.48,38층 330㎡(28.7×11.5m) + 38층 330㎡(28.7×11.5m) + 38층 330㎡(28.7×11.5m)
3개동,3개동,38+38+38,38,129.4,246,18,37580,400.0,14198,51778,1107,11.79,0.215,6.0,0.09,3,3.259,12.84,38층 330㎡(25.7×12.8m) + 38층 330㎡(25.7×12.8m) + 38층 330㎡(25.7×12.8m)
3개동,3개동,38+38+38,38,129.4,246,20,37580,400.0,14771,52351,1113,11.84,0.167,6.0,0.09,3,3.223,11.48,38층 330㎡(28.7×11.5m) + 38층 330㎡(28.7×11.5m) + 38층 330㎡(28.7×11.5m)
2개동,2개동,55+55,55,185.5,247,23,37580,400.0,13441,51021,761,8.1,0.07,17.8,0.19,2,3.286,15.09,55층 342㎡(22.6×15.1m) + 55층 342㎡(22.6×15.1m)
2개동,2개동,53+53,53,178.9,247,20,37580,400.0,15923,53503,805,8.57,0.055,25.8,0.29,2,3.352,9.41,53층 355㎡(37.7×9.4m) + 53층 355㎡(37.7×9.4m)
단일,1a 방위·위치,47,47,159.1,247,25,37580,400.0,9631,47211,866,9.22,0.154,,,1,3.317,16.33,47층 800㎡(49.0×16.3m)
2개동,2개동,41+41,41,139.3,247,23,37580,400.0,13904,51484,1026,10.92,0.166,27.7,0.4,2,3.332,10.7,41층 458㎡(42.8×10.7m) + 41층 458㎡(42.8×10.7m)
3개동,3개동,38+38+38,38,129.4,247,19,37580,400.0,14198,51778,1107,11.79,0.064,12.2,0.19,3,3.286,12.84,38층 330㎡(25.7×12.8m) + 38층 330㎡(25.7×12.8m) + 38층 330㎡(25.7×12.8m)
2개동,2개동,38+38,38,129.4,247,31,37580,400.0,14288,51868,1110,11.82,0.086,4.3,0.07,2,3.277,9.94,38층 494㎡(49.7×9.9m) + 38층 494㎡(49.7×9.9m)
3개동,3개동,38+38+38,38,129.4,247,19,37580,400.0,13701,51281,1103,11.74,0.076,10.2,0.16,3,3.271,14.82,38층 330㎡(22.2×14.8m) + 38층 330㎡(22.2×14.8m) + 38층 330㎡(22.2×14.8m)
3개동,3개동,38+38+38,38,129.4,247,21,37580,400.0,14198,51778,1107,11.79,0.027,12.2,0.19,3,3.25,12.84,38층 330㎡(25.7×12.8m) + 38층 330㎡(25.7×12.8m) + 38층 330㎡(25.7×12.8m)
3개동,3개동,38+38+38,38,129.4,247,20,37580,400.0,14771,52351,1113,11.84,0.121,9.0,0.14,3,3.25,11.48,38층 330㎡(28.7×11.5m) + 38층 330㎡(28.7×11.5m) + 38층 330㎡(28.7×11.5m)
3개동,3개동,38+38+38,38,129.4,247,16,37580,400.0,14771,52351,1113,11.84,0.068,6.0,0.09,3,3.238,11.48,38층 330㎡(28.7×11.5m) + 38층 330㎡(28.7×11.5m) + 38층 330㎡(28.7×11.5m)
2개동,2개동,50+50,50,169.0,248,27,37580,400.0,13774,51354,839,8.93,0.219,13.0,0.15,2,3.307,12.26,50층 376㎡(30.7×12.3m) + 50층 376㎡(30.7×12.3m)
2개동,2개동,50+50,50,169.0,248,26,37580,400.0,16505,54085,858,9.13,0.185,13.0,0.15,2,3.227,8.67,50층 376㎡(43.3×8.7m) + 50층 376㎡(43.3×8.7m)
2개동,2개동,47+47,47,159.1,248,24,37580,400.0,13868,51448,894,9.51,0.097,20.5,0.26,2,3.364,11.54,47층 400㎡(34.6×11.5m) + 47층 400㎡(34.6×11.5m)
단일,1a 방위·위치,47,47,159.1,248,25,37580,400.0,9631,47211,866,9.22,0.071,,,1,3.316,16.33,47층 800㎡(49.0×16.3m)
2개동,2개동,47+47,47,159.1,248,32,37580,400.0,13327,50907,890,9.47,0.242,9.0,0.11,2,3.304,12.65,47층 400㎡(31.6×12.6m) + 47층 400㎡(31.6×12.6m)
단일,1a 방위·위치,47,47,159.1,248,22,37580,400.0,9631,47211,866,9.22,0.075,,,1,3.221,16.33,47층 800㎡(49.0×16.3m)
3개동,3개동,44+44+44,44,149.2,248,16,37580,400.0,15362,52942,964,10.27,0.094,4.3,0.06,3,3.2,11.93,44층 285㎡(23.9×11.9m) + 44층 285㎡(23.9×11.9m) + 44층 285㎡(23.9×11.9m)
2개동,2개동,41+41,41,139.3,248,17,37580,400.0,11910,49490,1009,10.74,0.087,21.1,0.3,2,3.319,15.14,41층 458㎡(30.3×15.1m) + 41층 458㎡(30.3×15.1m)
3개동,3개동,41+41+41,41,139.3,248,26,37580,400.0,14789,52369,1031,10.97,0.116,4.3,0.06,3,3.257,12.36,41층 306㎡(24.7×12.4m) + 41층 306㎡(24.7×12.4m) + 41층 306㎡(24.7×12.4m)
2개동,2개동,38+38,38,129.4,248,29,37580,400.0,11907,49487,1089,11.6,0.172,23.5,0.36,2,3.328,14.06,38층 494㎡(35.2×14.1m) + 38층 494㎡(35.2×14.1m)
3개동,3개동,38+38+38,38,129.4,248,18,37580,400.0,15366,52946,1118,11.9,0.179,6.0,0.09,3,3.278,10.48,38층 330㎡(31.4×10.5m) + 38층 330㎡(31.4×10.5m) + 38층 330㎡(31.4×10.5m)
3개동,3개동,38+38+38,38,129.4,248,16,37580,400.0,14771,52351,1113,11.84,0.168,6.0,0.09,3,3.267,11.48,38층 330㎡(28.7×11.5m) + 38층 330㎡(28.7×11.5m) + 38층 330㎡(28.7×11.5m)
3개동,3개동,38+38+38,38,129.4,248,15,37580,400.0,14198,51778,1107,11.79,0.156,6.0,0.09,3,3.244,12.84,38층 330㎡(25.7×12.8m) + 38층 330㎡(25.7×12.8m) + 38층 330㎡(25.7×12.8m)
2개동,2개동,55+55,55,185.5,249,30,37580,400.0,13441,51021,761,8.1,0.077,5.1,1.29,2,3.346,15.09,55층 342㎡(22.6×15.1m) + 55층 342㎡(22.6×15.1m)
단일,1a 방위·위치,47,47,159.1,249,32,37580,400.0,9631,47211,866,9.22,0.132,,,1,3.342,16.33,47층 800㎡(49.0×16.3m)
2개동,2개동,47+47,47,159.1,249,22,37580,400.0,15976,53556,909,9.67,0.045,34.1,0.43,2,3.312,8.94,47층 400㎡(44.7×8.9m) + 47층 400㎡(44.7×8.9m)
2개동,2개동,47+47,47,159.1,249,25,37580,400.0,12807,50387,886,9.43,0.034,19.0,0.24,2,3.309,14.14,47층 400㎡(28.3×14.1m) + 47층 400㎡(28.3×14.1m)
단일,1a 방위·위치,47,47,159.1,249,20,37580,400.0,9631,47211,866,9.22,0.08,,,1,3.301,16.33,47층 800㎡(49.0×16.3m)
단일,1a 방위·위치,47,47,159.1,249,23,37580,400.0,9631,47211,866,9.22,0.031,,,1,3.297,16.33,47층 800㎡(49.0×16.3m)
단일,1a 방위·위치,47,47,159.1,249,29,37580,400.0,9631,47211,866,9.22,0.067,,,1,3.292,16.33,47층 800㎡(49.0×16.3m)
단일,1a 방위·위치,47,47,159.1,249,21,37580,400.0,9631,47211,866,9.22,0.048,,,1,3.183,16.33,47층 800㎡(49.0×16.3m)
2개동,2개동,41+41,41,139.3,249,31,37580,400.0,11910,49490,1009,10.74,0.278,9.0,0.13,2,3.31,15.14,41층 458㎡(30.3×15.1m) + 41층 458㎡(30.3×15.1m)
3개동,3개동,41+41+41,41,139.3,249,31,37580,400.0,17232,54812,1051,11.18,0.283,4.3,0.06,3,3.282,8.74,41층 306㎡(35.0×8.7m) + 41층 306㎡(35.0×8.7m) + 41층 306㎡(35.0×8.7m)
3개동,3개동,41+41+41,41,139.3,249,19,37580,400.0,16002,53582,1041,11.08,0.232,6.0,0.09,3,3.278,10.09,41층 306㎡(30.3×10.1m) + 41층 306㎡(30.3×10.1m) + 41층 306㎡(30.3×10.1m)
2개동,2개동,41+41,41,139.3,249,20,37580,400.0,11488,49068,1006,10.71,0.118,13.0,0.19,2,3.228,17.48,41층 458㎡(26.2×17.5m) + 41층 458㎡(26.2×17.5m)
3개동,3개동,41+41+41,41,139.3,249,18,37580,400.0,14789,52369,1031,10.97,0.127,6.0,0.09,3,3.172,12.36,41층 306㎡(24.7×12.4m) + 41층 306㎡(24.7×12.4m) + 41층 306㎡(24.7×12.4m)
3개동,3개동,38+38+38,38,129.4,249,11,37580,400.0,15366,52946,1118,11.9,0.045,7.0,1.75,3,3.299,10.48,38층 330㎡(31.4×10.5m) + 38층 330㎡(31.4×10.5m) + 38층 330㎡(31.4×10.5m)
3개동,3개동,38+38+38,38,129.4,249,15,37580,400.0,14198,51778,1107,11.79,0.085,4.3,0.07,3,3.23,12.84,38층 330㎡(25.7×12.8m) + 38층 330㎡(25.7×12.8m) + 38층 330㎡(25.7×12.8m)
3개동,3개동,38+38+38,38,129.4,249,22,37580,400.0,13701,51281,1103,11.74,0.119,6.0,0.09,3,3.227,14.82,38층 330㎡(22.2×14.8m) + 38층 330㎡(22.2×14.8m) + 38층 330㎡(22.2×14.8m)
2개동,2개동,53+53,53,178.9,250,22,37580,400.0,14208,51788,794,8.46,0.067,26.9,0.3,2,3.358,11.91,53층 355㎡(29.8×11.9m) + 53층 355㎡(29.8×11.9m)
단일,1a 방위·위치,47,47,159.1,250,32,37580,400.0,9631,47211,866,9.22,0.138,,,1,3.357,16.33,47층 800㎡(49.0×16.3m)
2개동,2개동,47+47,47,159.1,250,22,37580,400.0,12356,49936,883,9.4,0.12,12.3,0.15,2,3.321,16.33,47층 400㎡(24.5×16.3m) + 47층 400㎡(24.5×16.3m)
단일,1a 방위·위치,47,47,159.1,250,22,37580,400.0,9631,47211,866,9.22,0.044,,,1,3.295,16.33,47층 800㎡(49.0×16.3m)
단일,1a 방위·위치,47,47,159.1,250,18,37580,400.0,9631,47211,866,9.22,0.093,,,1,3.208,16.33,47층 800㎡(49.0×16.3m)
2개동,2개동,44+44,44,149.2,250,23,37580,400.0,13391,50971,952,10.13,0.096,29.5,0.4,2,3.362,11.93,44층 427㎡(35.8×11.9m) + 44층 427㎡(35.8×11.9m)
3개동,3개동,44+44+44,44,149.2,250,20,37580,400.0,16619,54199,974,10.37,0.215,6.0,0.08,3,3.265,9.74,44층 285㎡(29.2×9.7m) + 44층 285㎡(29.2×9.7m) + 44층 285㎡(29.2×9.7m)
2개동,2개동,44+44,44,149.2,250,20,37580,400.0,12365,49945,944,10.05,0.088,4.4,1.1,2,3.249,14.61,44층 427㎡(29.2×14.6m) + 44층 427㎡(29.2×14.6m)
3개동,3개동,41+41+41,41,139.3,250,18,37580,400.0,17232,54812,1051,11.18,0.056,9.0,0.13,3,3.18,8.74,41층 306㎡(35.0×8.7m) + 41층 306㎡(35.0×8.7m) + 41층 306㎡(35.0×8.7m)
2개동,2개동,38+38,38,129.4,250,17,37580,400.0,13359,50939,1102,11.73,0.034,33.5,0.52,2,3.334,11.12,38층 494㎡(44.5×11.1m) + 38층 494㎡(44.5×11.1m)
2개동,2개동,53+53,53,178.9,251,27,37580,400.0,14208,51788,794,8.46,0.072,26.9,0.3,2,3.317,11.91,53층 355㎡(29.8×11.9m) + 53층 355㎡(29.8×11.9m)
2개동,2개동,44+44,44,149.2,251,30,37580,400.0,12365,49945,944,10.05,0.164,13.0,0.17,2,3.32,14.61,44층 427㎡(29.2×14.6m) + 44층 427㎡(29.2×14.6m)
3개동,3개동,41+41+41,41,139.3,251,28,37580,400.0,17232,54812,1051,11.18,0.185,6.0,0.09,3,3.31,8.74,41층 306㎡(35.0×8.7m) + 41층 306㎡(35.0×8.7m) + 41층 306㎡(35.0×8.7m)
3개동,3개동,41+41+41,41,139.3,251,18,37580,400.0,14789,52369,1031,10.97,0.244,4.3,0.06,3,3.286,12.36,41층 306㎡(24.7×12.4m) + 41층 306㎡(24.7×12.4m) + 41층 306㎡(24.7×12.4m)
2개동,2개동,38+38,38,129.4,251,19,37580,400.0,11033,48613,1082,11.51,0.215,19.0,0.29,2,3.283,18.16,38층 494㎡(27.2×18.2m) + 38층 494㎡(27.2×18.2m)
3개동,3개동,38+38+38,38,129.4,251,21,37580,400.0,16550,54130,1128,12.01,0.248,9.0,0.14,3,3.227,9.08,38층 330㎡(36.3×9.1m) + 38층 330㎡(36.3×9.1m) + 38층 330㎡(36.3×9.1m)
3개동,3개동,38+38+38,38,129.4,251,20,37580,400.0,14198,51778,1107,11.79,0.122,6.0,0.09,3,3.178,12.84,38층 330㎡(25.7×12.8m) + 38층 330㎡(25.7×12.8m) + 38층 330㎡(25.7×12.8m)
2개동,2개동,50+50,50,169.0,252,29,37580,400.0,15439,53019,851,9.05,0.108,26.2,0.31,2,3.362,9.69,50층 376㎡(38.8×9.7m) + 50층 376㎡(38.8×9.7m)
2개동,2개동,50+50,50,169.0,252,17,37580,400.0,13774,51354,839,8.93,0.067,27.2,0.32,2,3.324,12.26,50층 376㎡(30.7×12.3m) + 50층 376㎡(30.7×12.3m)
2개동,2개동,50+50,50,169.0,252,21,37580,400.0,16505,54085,858,9.13,0.029,28.4,0.34,2,3.142,8.67,50층 376㎡(43.3×8.7m) + 50층 376㎡(43.3×8.7m)
2개동,2개동,47+47,47,159.1,252,20,37580,400.0,13868,51448,894,9.51,0.061,36.9,0.46,2,3.342,11.54,47층 400㎡(34.6×11.5m) + 47층 400㎡(34.6×11.5m)
단일,1a 방위·위치,47,47,159.1,252,21,37580,400.0,9631,47211,866,9.22,0.085,,,1,3.296,16.33,47층 800㎡(49.0×16.3m)
단일,1a 방위·위치,47,47,159.1,252,24,37580,400.0,9631,47211,866,9.22,0.047,,,1,3.295,16.33,47층 800㎡(49.0×16.3m)
단일,1a 방위·위치,47,47,159.1,252,23,37580,400.0,9631,47211,866,9.22,0.06,,,1,3.291,16.33,47층 800㎡(49.0×16.3m)
2개동,2개동,47+47,47,159.1,252,19,37580,400.0,15976,53556,909,9.67,0.066,25.5,0.32,2,3.185,8.94,47층 400㎡(44.7×8.9m) + 47층 400㎡(44.7×8.9m)
2개동,2개동,41+41,41,139.3,252,27,37580,400.0,14869,52449,1033,11.0,0.083,4.3,0.06,2,3.341,9.57,41층 458㎡(47.9×9.6m) + 41층 458㎡(47.9×9.6m)
3개동,3개동,41+41+41,41,139.3,252,20,37580,400.0,17232,54812,1051,11.18,0.051,18.7,0.27,3,3.31,8.74,41층 306㎡(35.0×8.7m) + 41층 306㎡(35.0×8.7m) + 41층 306㎡(35.0×8.7m)
2개동,2개동,41+41,41,139.3,252,19,37580,400.0,11910,49490,1009,10.74,0.22,19.0,0.27,2,3.284,15.14,41층 458㎡(30.3×15.1m) + 41층 458㎡(30.3×15.1m)
3개동,3개동,38+38+38,38,129.4,252,18,37580,400.0,15366,52946,1118,11.9,0.189,16.7,0.26,3,3.305,10.48,38층 330㎡(31.4×10.5m) + 38층 330㎡(31.4×10.5m) + 38층 330㎡(31.4×10.5m)
2개동,2개동,38+38,38,129.4,252,21,37580,400.0,11033,48613,1082,11.51,0.214,9.0,2.25,2,3.26,18.16,38층 494㎡(27.2×18.2m) + 38층 494㎡(27.2×18.2m)
3개동,3개동,38+38+38,38,129.4,252,16,37580,400.0,16550,54130,1128,12.01,0.104,13.0,0.2,3,3.247,9.08,38층 330㎡(36.3×9.1m) + 38층 330㎡(36.3×9.1m) + 38층 330㎡(36.3×9.1m)
2개동,2개동,55+55,55,185.5,253,18,37580,400.0,13929,51509,764,8.13,0.148,4.3,1.09,2,3.158,13.07,55층 342㎡(26.1×13.1m) + 55층 342㎡(26.1×13.1m)
2개동,2개동,53+53,53,178.9,253,24,37580,400.0,13656,51236,791,8.42,0.09,20.0,0.22,2,3.349,13.31,53층 355㎡(26.6×13.3m) + 53층 355㎡(26.6×13.3m)
단일,1a 방위·위치,47,47,159.1,253,21,37580,400.0,9631,47211,866,9.22,0.027,,,1,3.362,16.33,47층 800㎡(49.0×16.3m)
2개동,2개동,47+47,47,159.1,253,28,37580,400.0,12356,49936,883,9.4,0.201,10.8,0.14,2,3.312,16.33,47층 400㎡(24.5×16.3m) + 47층 400㎡(24.5×16.3m)
3개동,3개동,44+44+44,44,149.2,253,21,37580,400.0,15979,53559,969,10.32,0.056,13.2,0.18,3,3.333,10.67,44층 285㎡(26.7×10.7m) + 44층 285㎡(26.7×10.7m) + 44층 285㎡(26.7×10.7m)
2개동,2개동,44+44,44,149.2,253,15,37580,400.0,13391,50971,952,10.13,0.058,29.5,0.4,2,3.332,11.93,44층 427㎡(35.8×11.9m) + 44층 427㎡(35.8×11.9m)
3개동,3개동,41+41+41,41,139.3,253,18,37580,400.0,15384,52964,1036,11.02,0.096,13.5,0.19,3,3.293,11.05,41층 306㎡(27.6×11.1m) + 41층 306㎡(27.6×11.1m) + 41층 306㎡(27.6×11.1m)
3개동,3개동,38+38+38,38,129.4,253,22,37580,400.0,14198,51778,1107,11.79,0.099,4.3,0.07,3,3.245,12.84,38층 330㎡(25.7×12.8m) + 38층 330㎡(25.7×12.8m) + 38층 330㎡(25.7×12.8m)
2개동,2개동,47+47,47,159.1,254,30,37580,400.0,13868,51448,894,9.51,0.231,13.0,0.16,2,3.291,11.54,47층 400㎡(34.6×11.5m) + 47층 400㎡(34.6×11.5m)
단일,1a 방위·위치,47,47,159.1,254,21,37580,400.0,9631,47211,866,9.22,0.081,,,1,3.2,16.33,47층 800㎡(49.0×16.3m)
3개동,3개동,44+44+44,44,149.2,254,30,37580,400.0,16619,54199,974,10.37,0.144,6.0,0.08,3,3.27,9.74,44층 285㎡(29.2×9.7m) + 44층 285㎡(29.2×9.7m) + 44층 285㎡(29.2×9.7m)
3개동,3개동,41+41+41,41,139.3,254,26,37580,400.0,14789,52369,1031,10.97,0.155,4.3,0.06,3,3.274,12.36,41층 306㎡(24.7×12.4m) + 41층 306㎡(24.7×12.4m) + 41층 306㎡(24.7×12.4m)
2개동,2개동,38+38,38,129.4,254,23,37580,400.0,11907,49487,1089,11.6,0.053,28.7,0.44,2,3.311,14.06,38층 494㎡(35.2×14.1m) + 38층 494㎡(35.2×14.1m)
3개동,3개동,38+38+38,38,129.4,254,14,37580,400.0,14771,52351,1113,11.84,0.237,9.0,0.14,3,3.25,11.48,38층 330㎡(28.7×11.5m) + 38층 330㎡(28.7×11.5m) + 38층 330㎡(28.7×11.5m)
3개동,3개동,38+38+38,38,129.4,254,14,37580,400.0,14771,52351,1113,11.84,0.211,9.0,0.14,3,3.247,11.48,38층 330㎡(28.7×11.5m) + 38층 330㎡(28.7×11.5m) + 38층 330㎡(28.7×11.5m)
2개동,2개동,55+55,55,185.5,255,18,37580,400.0,13441,51021,761,8.1,0.143,6.6,1.66,2,3.172,15.09,55층 342㎡(22.6×15.1m) + 55층 342㎡(22.6×15.1m)
2개동,2개동,53+53,53,178.9,255,15,37580,400.0,13176,50756,788,8.39,0.133,11.9,0.13,2,3.202,15.37,53층 355㎡(23.1×15.4m) + 53층 355㎡(23.1×15.4m)
단일,1a 방위·위치,47,47,159.1,255,28,37580,400.0,9631,47211,866,9.22,0.027,,,1,3.321,16.33,47층 800㎡(49.0×16.3m)
단일,1a 방위·위치,47,47,159.1,255,24,37580,400.0,9631,47211,866,9.22,0.082,,,1,3.201,16.33,47층 800㎡(49.0×16.3m)
3개동,3개동,44+44+44,44,149.2,255,21,37580,400.0,15979,53559,969,10.32,0.045,14.6,0.2,3,3.319,10.67,44층 285㎡(26.7×10.7m) + 44층 285㎡(26.7×10.7m) + 44층 285㎡(26.7×10.7m)
2개동,2개동,41+41,41,139.3,255,20,37580,400.0,11910,49490,1009,10.74,0.17,26.3,0.38,2,3.359,15.14,41층 458㎡(30.3×15.1m) + 41층 458㎡(30.3×15.1m)
3개동,3개동,41+41+41,41,139.3,255,26,37580,400.0,14273,51853,1027,10.93,0.183,10.0,0.14,3,3.307,14.27,41층 306㎡(21.4×14.3m) + 41층 306㎡(21.4×14.3m) + 41층 306㎡(21.4×14.3m)
3개동,3개동,41+41+41,41,139.3,255,15,37580,400.0,16002,53582,1041,11.08,0.069,9.0,0.13,3,3.193,10.09,41층 306㎡(30.3×10.1m) + 41층 306㎡(30.3×10.1m) + 41층 306㎡(30.3×10.1m)
2개동,2개동,38+38,38,129.4,255,20,37580,400.0,11033,48613,1082,11.51,0.214,4.3,1.07,2,3.222,18.16,38층 494㎡(27.2×18.2m) + 38층 494㎡(27.2×18.2m)
2개동,2개동,47+47,47,159.1,256,28,37580,400.0,12356,49936,883,9.4,0.05,5.2,1.31,2,3.285,16.33,47층 400㎡(24.5×16.3m) + 47층 400㎡(24.5×16.3m)
단일,1a 방위·위치,47,47,159.1,256,16,37580,400.0,9631,47211,866,9.22,0.043,,,1,3.218,16.33,47층 800㎡(49.0×16.3m)
3개동,3개동,38+38+38,38,129.4,256,19,37580,400.0,15366,52946,1118,11.9,0.228,9.0,0.14,3,3.234,10.48,38층 330㎡(31.4×10.5m) + 38층 330㎡(31.4×10.5m) + 38층 330㎡(31.4×10.5m)
2개동,2개동,50+50,50,169.0,257,31,37580,400.0,13237,50817,836,8.9,0.172,16.8,0.2,2,3.303,13.71,50층 376㎡(27.4×13.7m) + 50층 376㎡(27.4×13.7m)
단일,1a 방위·위치,47,47,159.1,257,23,37580,400.0,9631,47211,866,9.22,0.119,,,1,3.281,16.33,47층 800㎡(49.0×16.3m)
단일,1a 방위·위치,47,47,159.1,257,21,37580,400.0,9631,47211,866,9.22,0.066,,,1,3.258,16.33,47층 800㎡(49.0×16.3m)
2개동,2개동,41+41,41,139.3,257,25,37580,400.0,12900,50480,1017,10.83,0.113,30.0,0.43,2,3.367,12.36,41층 458㎡(37.1×12.4m) + 41층 458㎡(37.1×12.4m)
3개동,3개동,41+41+41,41,139.3,257,21,37580,400.0,16002,53582,1041,11.08,0.084,14.9,0.21,3,3.334,10.09,41층 306㎡(30.3×10.1m) + 41층 306㎡(30.3×10.1m) + 41층 306㎡(30.3×10.1m)
2개동,2개동,41+41,41,139.3,257,29,37580,400.0,14869,52449,1033,11.0,0.099,26.7,0.38,2,3.313,9.57,41층 458㎡(47.9×9.6m) + 41층 458㎡(47.9×9.6m)
3개동,3개동,41+41+41,41,139.3,257,27,37580,400.0,15384,52964,1036,11.02,0.137,4.3,0.06,3,3.254,11.05,41층 306㎡(27.6×11.1m) + 41층 306㎡(27.6×11.1m) + 41층 306㎡(27.6×11.1m)
3개동,3개동,41+41+41,41,139.3,257,25,37580,400.0,16002,53582,1041,11.08,0.04,13.0,0.19,3,3.25,10.09,41층 306㎡(30.3×10.1m) + 41층 306㎡(30.3×10.1m) + 41층 306㎡(30.3×10.1m)
2개동,2개동,41+41,41,139.3,257,20,37580,400.0,11910,49490,1009,10.74,0.045,9.0,2.26,2,3.236,15.14,41층 458㎡(30.3×15.1m) + 41층 458㎡(30.3×15.1m)
2개동,2개동,53+53,53,178.9,258,21,37580,400.0,14208,51788,794,8.46,0.092,5.5,1.38,2,3.293,11.91,53층 355㎡(29.8×11.9m) + 53층 355㎡(29.8×11.9m)
2개동,2개동,53+53,53,178.9,258,28,37580,400.0,13176,50756,788,8.39,0.043,9.5,2.36,2,3.262,15.37,53층 355㎡(23.1×15.4m) + 53층 355㎡(23.1×15.4m)
2개동,2개동,50+50,50,169.0,258,28,37580,400.0,16505,54085,858,9.13,0.141,24.9,0.3,2,3.324,8.67,50층 376㎡(43.3×8.7m) + 50층 376㎡(43.3×8.7m)
단일,1a 방위·위치,47,47,159.1,258,23,37580,400.0,9631,47211,866,9.22,0.056,,,1,3.284,16.33,47층 800㎡(49.0×16.3m)
단일,1a 방위·위치,47,47,159.1,258,24,37580,400.0,9631,47211,866,9.22,0.097,,,1,3.192,16.33,47층 800㎡(49.0×16.3m)
2개동,2개동,44+44,44,149.2,258,30,37580,400.0,13391,50971,952,10.13,0.19,24.3,0.33,2,3.342,11.93,44층 427㎡(35.8×11.9m) + 44층 427㎡(35.8×11.9m)
2개동,2개동,44+44,44,149.2,258,20,37580,400.0,11928,49508,940,10.01,0.066,31.6,7.89,2,3.322,16.87,44층 427㎡(25.3×16.9m) + 44층 427㎡(25.3×16.9m)
3개동,3개동,44+44+44,44,149.2,258,17,37580,400.0,14827,52407,960,10.22,0.157,9.8,0.13,3,3.303,13.78,44층 285㎡(20.7×13.8m) + 44층 285㎡(20.7×13.8m) + 44층 285㎡(20.7×13.8m)
3개동,3개동,44+44+44,44,149.2,258,23,37580,400.0,15979,53559,969,10.32,0.137,6.0,0.08,3,3.265,10.67,44층 285㎡(26.7×10.7m) + 44층 285㎡(26.7×10.7m) + 44층 285㎡(26.7×10.7m)
3개동,3개동,44+44+44,44,149.2,258,29,37580,400.0,16619,54199,974,10.37,0.042,6.0,0.08,3,3.264,9.74,44층 285㎡(29.2×9.7m) + 44층 285㎡(29.2×9.7m) + 44층 285㎡(29.2×9.7m)
3개동,3개동,41+41+41,41,139.3,258,27,37580,400.0,16002,53582,1041,11.08,0.256,6.0,0.09,3,3.254,10.09,41층 306㎡(30.3×10.1m) + 41층 306㎡(30.3×10.1m) + 41층 306㎡(30.3×10.1m)
3개동,3개동,41+41+41,41,139.3,258,20,37580,400.0,14273,51853,1027,10.93,0.059,5.1,1.28,3,3.206,14.27,41층 306㎡(21.4×14.3m) + 41층 306㎡(21.4×14.3m) + 41층 306㎡(21.4×14.3m)
2개동,2개동,38+38,38,129.4,258,23,37580,400.0,11033,48613,1082,11.51,0.214,4.3,1.07,2,3.239,18.16,38층 494㎡(27.2×18.2m) + 38층 494㎡(27.2×18.2m)
3개동,3개동,38+38+38,38,129.4,258,21,37580,400.0,14198,51778,1107,11.79,0.059,6.0,0.09,3,3.222,12.84,38층 330㎡(25.7×12.8m) + 38층 330㎡(25.7×12.8m) + 38층 330㎡(25.7×12.8m)
2개동,2개동,38+38,38,129.4,258,21,37580,400.0,11439,49019,1085,11.55,0.177,9.0,2.25,2,3.203,15.72,38층 494㎡(31.4×15.7m) + 38층 494㎡(31.4×15.7m)
3개동,3개동,38+38+38,38,129.4,258,19,37580,400.0,13701,51281,1103,11.74,0.096,9.0,0.14,3,3.203,14.82,38층 330㎡(22.2×14.8m) + 38층 330㎡(22.2×14.8m) + 38층 330㎡(22.2×14.8m)
3개동,3개동,38+38+38,38,129.4,258,15,37580,400.0,14771,52351,1113,11.84,0.121,9.0,0.14,3,3.176,11.48,38층 330㎡(28.7×11.5m) + 38층 330㎡(28.7×11.5m) + 38층 330㎡(28.7×11.5m)
2개동,2개동,55+55,55,185.5,259,30,37580,400.0,13441,51021,761,8.1,0.171,23.0,0.25,2,3.326,15.09,55층 342㎡(22.6×15.1m) + 55층 342㎡(22.6×15.1m)
2개동,2개동,47+47,47,159.1,259,23,37580,400.0,15976,53556,909,9.67,0.071,6.0,0.08,2,3.214,8.94,47층 400㎡(44.7×8.9m) + 47층 400㎡(44.7×8.9m)
3개동,3개동,44+44+44,44,149.2,259,20,37580,400.0,15979,53559,969,10.32,0.06,14.6,0.2,3,3.322,10.67,44층 285㎡(26.7×10.7m) + 44층 285㎡(26.7×10.7m) + 44층 285㎡(26.7×10.7m)
3개동,3개동,41+41+41,41,139.3,259,18,37580,400.0,15384,52964,1036,11.02,0.149,13.5,0.19,3,3.319,11.05,41층 306㎡(27.6×11.1m) + 41층 306㎡(27.6×11.1m) + 41층 306㎡(27.6×11.1m)
3개동,3개동,38+38+38,38,129.4,259,17,37580,400.0,13701,51281,1103,11.74,0.221,6.0,0.09,3,3.228,14.82,38층 330㎡(22.2×14.8m) + 38층 330㎡(22.2×14.8m) + 38층 330㎡(22.2×14.8m)
3개동,3개동,38+38+38,38,129.4,259,20,37580,400.0,13701,51281,1103,11.74,0.105,9.0,0.14,3,3.222,14.82,38층 330㎡(22.2×14.8m) + 38층 330㎡(22.2×14.8m) + 38층 330㎡(22.2×14.8m)
3개동,3개동,38+38+38,38,129.4,259,22,37580,400.0,14771,52351,1113,11.84,0.224,9.0,0.14,3,3.21,11.48,38층 330㎡(28.7×11.5m) + 38층 330㎡(28.7×11.5m) + 38층 330㎡(28.7×11.5m)
3개동,3개동,38+38+38,38,129.4,259,14,37580,400.0,14771,52351,1113,11.84,0.07,9.0,0.14,3,3.191,11.48,38층 330㎡(28.7×11.5m) + 38층 330㎡(28.7×11.5m) + 38층 330㎡(28.7×11.5m)
2개동,2개동,55+55,55,185.5,260,26,37580,400.0,14492,52072,767,8.17,0.143,26.7,0.29,2,3.328,11.69,55층 342㎡(29.2×11.7m) + 55층 342㎡(29.2×11.7m)
2개동,2개동,53+53,53,178.9,260,15,37580,400.0,13656,51236,791,8.42,0.063,28.0,0.31,2,3.25,13.31,53층 355㎡(26.6×13.3m) + 53층 355㎡(26.6×13.3m)
2개동,2개동,50+50,50,169.0,260,26,37580,400.0,12771,50351,833,8.86,0.201,13.0,0.15,2,3.267,15.83,50층 376㎡(23.7×15.8m) + 50층 376㎡(23.7×15.8m)
2개동,2개동,50+50,50,169.0,260,24,37580,400.0,13237,50817,836,8.9,0.112,4.4,1.09,2,3.248,13.71,50층 376㎡(27.4×13.7m) + 50층 376㎡(27.4×13.7m)
단일,1a 방위·위치,47,47,159.1,260,23,37580,400.0,9631,47211,866,9.22,0.027,,,1,3.369,16.33,47층 800㎡(49.0×16.3m)
단일,1a 방위·위치,47,47,159.1,260,23,37580,400.0,9631,47211,866,9.22,0.071,,,1,3.255,16.33,47층 800㎡(49.0×16.3m)
2개동,2개동,44+44,44,149.2,260,21,37580,400.0,11928,49508,940,10.01,0.159,23.7,0.32,2,3.339,16.87,44층 427㎡(25.3×16.9m) + 44층 427㎡(25.3×16.9m)
3개동,3개동,44+44+44,44,149.2,260,22,37580,400.0,15979,53559,969,10.32,0.071,13.2,0.18,3,3.324,10.67,44층 285㎡(26.7×10.7m) + 44층 285㎡(26.7×10.7m) + 44층 285㎡(26.7×10.7m)
3개동,3개동,44+44+44,44,149.2,260,22,37580,400.0,15362,52942,964,10.27,0.064,11.6,0.16,3,3.313,11.93,44층 285㎡(23.9×11.9m) + 44층 285㎡(23.9×11.9m) + 44층 285㎡(23.9×11.9m)
2개동,2개동,44+44,44,149.2,260,21,37580,400.0,14431,52011,959,10.21,0.05,28.0,0.38,2,3.284,10.33,44층 427㎡(41.3×10.3m) + 44층 427㎡(41.3×10.3m)
3개동,3개동,44+44+44,44,149.2,260,20,37580,400.0,16619,54199,974,10.37,0.243,6.0,0.08,3,3.269,9.74,44층 285㎡(29.2×9.7m) + 44층 285㎡(29.2×9.7m) + 44층 285㎡(29.2×9.7m)
3개동,3개동,41+41+41,41,139.3,260,20,37580,400.0,14273,51853,1027,10.93,0.047,5.1,1.28,3,3.281,14.27,41층 306㎡(21.4×14.3m) + 41층 306㎡(21.4×14.3m) + 41층 306㎡(21.4×14.3m)
2개동,2개동,41+41,41,139.3,260,20,37580,400.0,11910,49490,1009,10.74,0.112,13.0,3.26,2,3.219,15.14,41층 458㎡(30.3×15.1m) + 41층 458㎡(30.3×15.1m)
3개동,3개동,38+38+38,38,129.4,260,21,37580,400.0,14771,52351,1113,11.84,0.114,13.0,0.2,3,3.213,11.48,38층 330㎡(28.7×11.5m) + 38층 330㎡(28.7×11.5m) + 38층 330㎡(28.7×11.5m)
3개동,3개동,38+38+38,38,129.4,260,15,37580,400.0,13701,51281,1103,11.74,0.139,4.3,0.07,3,3.211,14.82,38층 330㎡(22.2×14.8m) + 38층 330㎡(22.2×14.8m) + 38층 330㎡(22.2×14.8m)
3개동,3개동,38+38+38,38,129.4,260,25,37580,400.0,14771,52351,1113,11.84,0.218,9.0,0.14,3,3.203,11.48,38층 330㎡(28.7×11.5m) + 38층 330㎡(28.7×11.5m) + 38층 330㎡(28.7×11.5m)
2개동,2개동,55+55,55,185.5,261,28,37580,400.0,14492,52072,767,8.17,0.124,26.7,0.29,2,3.354,11.69,55층 342㎡(29.2×11.7m) + 55층 342㎡(29.2×11.7m)
2개동,2개동,53+53,53,178.9,261,31,37580,400.0,15923,53503,805,8.57,0.032,38.8,0.43,2,3.316,9.41,53층 355㎡(37.7×9.4m) + 53층 355㎡(37.7×9.4m)
2개동,2개동,53+53,53,178.9,261,18,37580,400.0,13176,50756,788,8.39,0.113,17.9,0.2,2,3.307,15.37,53층 355㎡(23.1×15.4m) + 53층 355㎡(23.1×15.4m)
2개동,2개동,50+50,50,169.0,261,31,37580,400.0,12771,50351,833,8.86,0.155,18.1,0.21,2,3.337,15.83,50층 376㎡(23.7×15.8m) + 50층 376㎡(23.7×15.8m)
3개동,3개동,44+44+44,44,149.2,261,25,37580,400.0,15362,52942,964,10.27,0.046,9.0,0.12,3,3.276,11.93,44층 285㎡(23.9×11.9m) + 44층 285㎡(23.9×11.9m) + 44층 285㎡(23.9×11.9m)
2개동,2개동,44+44,44,149.2,261,25,37580,400.0,12365,49945,944,10.05,0.052,19.0,0.25,2,3.262,14.61,44층 427㎡(29.2×14.6m) + 44층 427㎡(29.2×14.6m)
3개동,3개동,44+44+44,44,149.2,261,15,37580,400.0,15362,52942,964,10.27,0.101,6.0,0.08,3,3.153,11.93,44층 285㎡(23.9×11.9m) + 44층 285㎡(23.9×11.9m) + 44층 285㎡(23.9×11.9m)
2개동,2개동,41+41,41,139.3,261,31,37580,400.0,14869,52449,1033,11.0,0.083,4.3,0.06,2,3.287,9.57,41층 458㎡(47.9×9.6m) + 41층 458㎡(47.9×9.6m)
3개동,3개동,41+41+41,41,139.3,261,24,37580,400.0,14789,52369,1031,10.97,0.039,6.0,0.09,3,3.229,12.36,41층 306㎡(24.7×12.4m) + 41층 306㎡(24.7×12.4m) + 41층 306㎡(24.7×12.4m)
3개동,3개동,41+41+41,41,139.3,261,15,37580,400.0,14789,52369,1031,10.97,0.078,6.0,0.09,3,3.189,12.36,41층 306㎡(24.7×12.4m) + 41층 306㎡(24.7×12.4m) + 41층 306㎡(24.7×12.4m)
3개동,3개동,41+41+41,41,139.3,261,20,37580,400.0,14273,51853,1027,10.93,0.138,4.3,0.06,3,3.189,14.27,41층 306㎡(21.4×14.3m) + 41층 306㎡(21.4×14.3m) + 41층 306㎡(21.4×14.3m)
3개동,3개동,38+38+38,38,129.4,261,16,37580,400.0,13701,51281,1103,11.74,0.032,14.3,0.22,3,3.298,14.82,38층 330㎡(22.2×14.8m) + 38층 330㎡(22.2×14.8m) + 38층 330㎡(22.2×14.8m)
3개동,3개동,38+38+38,38,129.4,261,19,37580,400.0,14198,51778,1107,11.79,0.087,13.0,0.2,3,3.197,12.84,38층 330㎡(25.7×12.8m) + 38층 330㎡(25.7×12.8m) + 38층 330㎡(25.7×12.8m)
단일,1a 방위·위치,47,47,159.1,262,28,37580,400.0,9631,47211,866,9.22,0.073,,,1,3.376,16.33,47층 800㎡(49.0×16.3m)
2개동,2개동,47+47,47,159.1,262,23,37580,400.0,13868,51448,894,9.51,0.088,29.1,0.37,2,3.363,11.54,47층 400㎡(34.6×11.5m) + 47층 400㎡(34.6×11.5m)
3개동,3개동,41+41+41,41,139.3,262,19,37580,400.0,14789,52369,1031,10.97,0.076,11.9,0.17,3,3.264,12.36,41층 306㎡(24.7×12.4m) + 41층 306㎡(24.7×12.4m) + 41층 306㎡(24.7×12.4m)
3개동,3개동,41+41+41,41,139.3,262,31,37580,400.0,17232,54812,1051,11.18,0.224,6.0,0.09,3,3.252,8.74,41층 306㎡(35.0×8.7m) + 41층 306㎡(35.0×8.7m) + 41층 306㎡(35.0×8.7m)
3개동,3개동,41+41+41,41,139.3,262,16,37580,400.0,16002,53582,1041,11.08,0.079,9.0,0.13,3,3.166,10.09,41층 306㎡(30.3×10.1m) + 41층 306㎡(30.3×10.1m) + 41층 306㎡(30.3×10.1m)
3개동,3개동,38+38+38,38,129.4,262,25,37580,400.0,15366,52946,1118,11.9,0.248,9.0,0.14,3,3.217,10.48,38층 330㎡(31.4×10.5m) + 38층 330㎡(31.4×10.5m) + 38층 330㎡(31.4×10.5m)
3개동,3개동,38+38+38,38,129.4,262,18,37580,400.0,14771,52351,1113,11.84,0.075,9.0,0.14,3,3.213,11.48,38층 330㎡(28.7×11.5m) + 38층 330㎡(28.7×11.5m) + 38층 330㎡(28.7×11.5m)
2개동,2개동,53+53,53,178.9,263,24,37580,400.0,14782,52362,798,8.49,0.05,28.0,0.31,2,3.282,10.87,53층 355㎡(32.6×10.9m) + 53층 355㎡(32.6×10.9m)
2개동,2개동,50+50,50,169.0,263,30,37580,400.0,12771,50351,833,8.86,0.218,9.0,0.11,2,3.287,15.83,50층 376㎡(23.7×15.8m) + 50층 376㎡(23.7×15.8m)
2개동,2개동,47+47,47,159.1,263,27,37580,400.0,12807,50387,886,9.43,0.174,9.0,0.11,2,3.352,14.14,47층 400㎡(28.3×14.1m) + 47층 400㎡(28.3×14.1m)
단일,1a 방위·위치,47,47,159.1,263,31,37580,400.0,9631,47211,866,9.22,0.133,,,1,3.306,16.33,47층 800㎡(49.0×16.3m)
단일,1a 방위·위치,47,47,159.1,263,31,37580,400.0,9631,47211,866,9.22,0.103,,,1,3.29,16.33,47층 800㎡(49.0×16.3m)
2개동,2개동,47+47,47,159.1,263,27,37580,400.0,14942,52522,902,9.6,0.037,31.8,0.4,2,3.285,10.0,47층 400㎡(40.0×10.0m) + 47층 400㎡(40.0×10.0m)
3개동,3개동,44+44+44,44,149.2,263,31,37580,400.0,15979,53559,969,10.32,0.165,4.3,0.06,3,3.302,10.67,44층 285㎡(26.7×10.7m) + 44층 285㎡(26.7×10.7m) + 44층 285㎡(26.7×10.7m)
3개동,3개동,44+44+44,44,149.2,263,26,37580,400.0,16619,54199,974,10.37,0.1,6.0,0.08,3,3.25,9.74,44층 285㎡(29.2×9.7m) + 44층 285㎡(29.2×9.7m) + 44층 285㎡(29.2×9.7m)
3개동,3개동,44+44+44,44,149.2,263,19,37580,400.0,14827,52407,960,10.22,0.08,9.8,0.13,3,3.247,13.78,44층 285㎡(20.7×13.8m) + 44층 285㎡(20.7×13.8m) + 44층 285㎡(20.7×13.8m)
3개동,3개동,44+44+44,44,149.2,263,31,37580,400.0,15979,53559,969,10.32,0.23,4.3,0.06,3,3.239,10.67,44층 285㎡(26.7×10.7m) + 44층 285㎡(26.7×10.7m) + 44층 285㎡(26.7×10.7m)
3개동,3개동,44+44+44,44,149.2,263,16,37580,400.0,15362,52942,964,10.27,0.131,6.0,0.08,3,3.183,11.93,44층 285㎡(23.9×11.9m) + 44층 285㎡(23.9×11.9m) + 44층 285㎡(23.9×11.9m)
2개동,2개동,41+41,41,139.3,263,26,37580,400.0,11910,49490,1009,10.74,0.081,19.0,0.27,2,3.269,15.14,41층 458㎡(30.3×15.1m) + 41층 458㎡(30.3×15.1m)
3개동,3개동,38+38+38,38,129.4,263,15,37580,400.0,15366,52946,1118,11.9,0.156,9.0,0.14,3,3.219,10.48,38층 330㎡(31.4×10.5m) + 38층 330㎡(31.4×10.5m) + 38층 330㎡(31.4×10.5m)
3개동,3개동,38+38+38,38,129.4,263,18,37580,400.0,14771,52351,1113,11.84,0.125,9.0,0.14,3,3.175,11.48,38층 330㎡(28.7×11.5m) + 38층 330㎡(28.7×11.5m) + 38층 330㎡(28.7×11.5m)
단일,1a 방위·위치,47,47,159.1,264,22,37580,400.0,9631,47211,866,9.22,0.122,,,1,3.242,16.33,47층 800㎡(49.0×16.3m)
2개동,2개동,47+47,47,159.1,264,20,37580,400.0,12807,50387,886,9.43,0.072,13.0,3.26,2,3.204,14.14,47층 400㎡(28.3×14.1m) + 47층 400㎡(28.3×14.1m)
3개동,3개동,44+44+44,44,149.2,264,15,37580,400.0,16619,54199,974,10.37,0.137,9.0,0.12,3,3.198,9.74,44층 285㎡(29.2×9.7m) + 44층 285㎡(29.2×9.7m) + 44층 285㎡(29.2×9.7m)
3개동,3개동,44+44+44,44,149.2,264,15,37580,400.0,15979,53559,969,10.32,0.129,9.0,0.12,3,3.186,10.67,44층 285㎡(26.7×10.7m) + 44층 285㎡(26.7×10.7m) + 44층 285㎡(26.7×10.7m)
2개동,2개동,55+55,55,185.5,265,17,37580,400.0,15076,52656,771,8.2,0.099,28.0,0.3,2,3.269,10.67,55층 342㎡(32.0×10.7m) + 55층 342㎡(32.0×10.7m)
2개동,2개동,55+55,55,185.5,265,24,37580,400.0,13929,51509,764,8.13,0.207,4.3,1.09,2,3.237,13.07,55층 342㎡(26.1×13.1m) + 55층 342㎡(26.1×13.1m)
단일,1a 방위·위치,47,47,159.1,265,26,37580,400.0,9631,47211,866,9.22,0.057,,,1,3.338,16.33,47층 800㎡(49.0×16.3m)
2개동,2개동,44+44,44,149.2,265,31,37580,400.0,11928,49508,940,10.01,0.233,9.0,0.12,2,3.272,16.87,44층 427㎡(25.3×16.9m) + 44층 427㎡(25.3×16.9m)
2개동,2개동,41+41,41,139.3,265,21,37580,400.0,12900,50480,1017,10.83,0.087,28.0,0.4,2,3.298,12.36,41층 458㎡(37.1×12.4m) + 41층 458㎡(37.1×12.4m)
3개동,3개동,41+41+41,41,139.3,265,15,37580,400.0,15384,52964,1036,11.02,0.04,13.0,0.19,3,3.236,11.05,41층 306㎡(27.6×11.1m) + 41층 306㎡(27.6×11.1m) + 41층 306㎡(27.6×11.1m)
3개동,3개동,41+41+41,41,139.3,265,17,37580,400.0,14273,51853,1027,10.93,0.137,4.3,0.06,3,3.215,14.27,41층 306㎡(21.4×14.3m) + 41층 306㎡(21.4×14.3m) + 41층 306㎡(21.4×14.3m)
3개동,3개동,41+41+41,41,139.3,265,19,37580,400.0,14273,51853,1027,10.93,0.138,4.3,0.06,3,3.182,14.27,41층 306㎡(21.4×14.3m) + 41층 306㎡(21.4×14.3m) + 41층 306㎡(21.4×14.3m)
2개동,2개동,55+55,55,185.5,266,26,37580,400.0,13441,51021,761,8.1,0.12,19.0,0.2,2,3.279,15.09,55층 342㎡(22.6×15.1m) + 55층 342㎡(22.6×15.1m)
2개동,2개동,55+55,55,185.5,266,20,37580,400.0,13441,51021,761,8.1,0.136,17.8,0.19,2,3.273,15.09,55층 342㎡(22.6×15.1m) + 55층 342㎡(22.6×15.1m)
2개동,2개동,53+53,53,178.9,266,17,37580,400.0,15923,53503,805,8.57,0.045,31.0,0.35,2,3.349,9.41,53층 355㎡(37.7×9.4m) + 53층 355㎡(37.7×9.4m)
단일,1a 방위·위치,47,47,159.1,266,31,37580,400.0,9631,47211,866,9.22,0.08,,,1,3.307,16.33,47층 800㎡(49.0×16.3m)
3개동,3개동,44+44+44,44,149.2,266,30,37580,400.0,14827,52407,960,10.22,0.147,11.2,0.15,3,3.286,13.78,44층 285㎡(20.7×13.8m) + 44층 285㎡(20.7×13.8m) + 44층 285㎡(20.7×13.8m)
2개동,2개동,44+44,44,149.2,266,23,37580,400.0,11928,49508,940,10.01,0.109,4.3,1.07,2,3.267,16.87,44층 427㎡(25.3×16.9m) + 44층 427㎡(25.3×16.9m)
3개동,3개동,41+41+41,41,139.3,266,17,37580,400.0,14789,52369,1031,10.97,0.04,11.9,0.17,3,3.253,12.36,41층 306㎡(24.7×12.4m) + 41층 306㎡(24.7×12.4m) + 41층 306㎡(24.7×12.4m)
3개동,3개동,41+41+41,41,139.3,266,19,37580,400.0,14273,51853,1027,10.93,0.125,6.0,0.09,3,3.161,14.27,41층 306㎡(21.4×14.3m) + 41층 306㎡(21.4×14.3m) + 41층 306㎡(21.4×14.3m)
3개동,3개동,41+41+41,41,139.3,266,16,37580,400.0,14273,51853,1027,10.93,0.131,4.3,0.06,3,3.136,14.27,41층 306㎡(21.4×14.3m) + 41층 306㎡(21.4×14.3m) + 41층 306㎡(21.4×14.3m)
2개동,2개동,38+38,38,129.4,266,13,37580,400.0,11439,49019,1085,11.55,0.221,28.0,0.43,2,3.262,15.72,38층 494㎡(31.4×15.7m) + 38층 494㎡(31.4×15.7m)
3개동,3개동,38+38+38,38,129.4,266,19,37580,400.0,13701,51281,1103,11.74,0.042,14.3,0.22,3,3.247,14.82,38층 330㎡(22.2×14.8m) + 38층 330㎡(22.2×14.8m) + 38층 330㎡(22.2×14.8m)
3개동,3개동,38+38+38,38,129.4,266,27,37580,400.0,13701,51281,1103,11.74,0.221,6.0,0.09,3,3.21,14.82,38층 330㎡(22.2×14.8m) + 38층 330㎡(22.2×14.8m) + 38층 330㎡(22.2×14.8m)
2개동,2개동,55+55,55,185.5,267,33,37580,400.0,15076,52656,771,8.2,0.042,36.0,0.39,2,3.325,10.67,55층 342㎡(32.0×10.7m) + 55층 342㎡(32.0×10.7m)
단일,1a 방위·위치,47,47,159.1,267,31,37580,400.0,9631,47211,866,9.22,0.156,,,1,3.295,16.33,47층 800㎡(49.0×16.3m)
3개동,3개동,44+44+44,44,149.2,267,21,37580,400.0,14827,52407,960,10.22,0.054,11.2,0.15,3,3.248,13.78,44층 285㎡(20.7×13.8m) + 44층 285㎡(20.7×13.8m) + 44층 285㎡(20.7×13.8m)
3개동,3개동,41+41+41,41,139.3,267,16,37580,400.0,16002,53582,1041,11.08,0.164,18.9,0.27,3,3.292,10.09,41층 306㎡(30.3×10.1m) + 41층 306㎡(30.3×10.1m) + 41층 306㎡(30.3×10.1m)
3개동,3개동,41+41+41,41,139.3,267,30,37580,400.0,14789,52369,1031,10.97,0.244,4.3,0.06,3,3.245,12.36,41층 306㎡(24.7×12.4m) + 41층 306㎡(24.7×12.4m) + 41층 306㎡(24.7×12.4m)
2개동,2개동,41+41,41,139.3,267,18,37580,400.0,11488,49068,1006,10.71,0.123,19.0,0.27,2,3.237,17.48,41층 458㎡(26.2×17.5m) + 41층 458㎡(26.2×17.5m)
3개동,3개동,38+38+38,38,129.4,267,18,37580,400.0,13701,51281,1103,11.74,0.032,14.3,0.22,3,3.239,14.82,38층 330㎡(22.2×14.8m) + 38층 330㎡(22.2×14.8m) + 38층 330㎡(22.2×14.8m)
2개동,2개동,50+50,50,169.0,268,19,37580,400.0,15439,53019,851,9.05,0.044,31.4,0.37,2,3.37,9.69,50층 376㎡(38.8×9.7m) + 50층 376㎡(38.8×9.7m)
2개동,2개동,50+50,50,169.0,268,20,37580,400.0,13237,50817,836,8.9,0.172,20.3,0.24,2,3.321,13.71,50층 376㎡(27.4×13.7m) + 50층 376㎡(27.4×13.7m)
2개동,2개동,50+50,50,169.0,268,24,37580,400.0,15439,53019,851,9.05,0.024,19.0,0.22,2,3.154,9.69,50층 376㎡(38.8×9.7m) + 50층 376㎡(38.8×9.7m)
3개동,3개동,44+44+44,44,149.2,268,23,37580,400.0,14827,52407,960,10.22,0.133,4.3,0.06,3,3.254,13.78,44층 285㎡(20.7×13.8m) + 44층 285㎡(20.7×13.8m) + 44층 285㎡(20.7×13.8m)
3개동,3개동,44+44+44,44,149.2,268,27,37580,400.0,15979,53559,969,10.32,0.102,6.0,0.08,3,3.246,10.67,44층 285㎡(26.7×10.7m) + 44층 285㎡(26.7×10.7m) + 44층 285㎡(26.7×10.7m)
3개동,3개동,44+44+44,44,149.2,268,18,37580,400.0,15362,52942,964,10.27,0.221,6.0,0.08,3,3.24,11.93,44층 285㎡(23.9×11.9m) + 44층 285㎡(23.9×11.9m) + 44층 285㎡(23.9×11.9m)
3개동,3개동,41+41+41,41,139.3,268,18,37580,400.0,14789,52369,1031,10.97,0.143,11.9,0.17,3,3.307,12.36,41층 306㎡(24.7×12.4m) + 41층 306㎡(24.7×12.4m) + 41층 306㎡(24.7×12.4m)
3개동,3개동,41+41+41,41,139.3,268,19,37580,400.0,14789,52369,1031,10.97,0.064,13.4,0.19,3,3.258,12.36,41층 306㎡(24.7×12.4m) + 41층 306㎡(24.7×12.4m) + 41층 306㎡(24.7×12.4m)
3개동,3개동,41+41+41,41,139.3,268,14,37580,400.0,14789,52369,1031,10.97,0.035,11.9,0.17,3,3.239,12.36,41층 306㎡(24.7×12.4m) + 41층 306㎡(24.7×12.4m) + 41층 306㎡(24.7×12.4m)
3개동,3개동,41+41+41,41,139.3,268,27,37580,400.0,17232,54812,1051,11.18,0.224,9.0,0.13,3,3.202,8.74,41층 306㎡(35.0×8.7m) + 41층 306㎡(35.0×8.7m) + 41층 306㎡(35.0×8.7m)
3개동,3개동,41+41+41,41,139.3,268,16,37580,400.0,15384,52964,1036,11.02,0.079,9.0,0.13,3,3.14,11.05,41층 306㎡(27.6×11.1m) + 41층 306㎡(27.6×11.1m) + 41층 306㎡(27.6×11.1m)
2개동,2개동,38+38,38,129.4,268,27,37580,400.0,11033,48613,1082,11.51,0.237,19.0,0.29,2,3.256,18.16,38층 494㎡(27.2×18.2m) + 38층 494㎡(27.2×18.2m)
3개동,3개동,38+38+38,38,129.4,268,12,37580,400.0,14771,52351,1113,11.84,0.174,13.0,0.2,3,3.203,11.48,38층 330㎡(28.7×11.5m) + 38층 330㎡(28.7×11.5m) + 38층 330㎡(28.7×11.5m)
2개동,2개동,44+44,44,149.2,269,21,37580,400.0,12365,49945,944,10.05,0.08,33.8,0.45,2,3.361,14.61,44층 427㎡(29.2×14.6m) + 44층 427㎡(29.2×14.6m)
3개동,3개동,41+41+41,41,139.3,269,18,37580,400.0,16002,53582,1041,11.08,0.056,16.3,0.23,3,3.269,10.09,41층 306㎡(30.3×10.1m) + 41층 306㎡(30.3×10.1m) + 41층 306㎡(30.3×10.1m)
3개동,3개동,41+41+41,41,139.3,269,19,37580,400.0,15384,52964,1036,11.02,0.064,14.9,0.21,3,3.263,11.05,41층 306㎡(27.6×11.1m) + 41층 306㎡(27.6×11.1m) + 41층 306㎡(27.6×11.1m)
3개동,3개동,41+41+41,41,139.3,269,21,37580,400.0,14273,51853,1027,10.93,0.037,10.0,0.14,3,3.213,14.27,41층 306㎡(21.4×14.3m) + 41층 306㎡(21.4×14.3m) + 41층 306㎡(21.4×14.3m)
3개동,3개동,41+41+41,41,139.3,269,19,37580,400.0,16002,53582,1041,11.08,0.149,9.0,0.13,3,3.168,10.09,41층 306㎡(30.3×10.1m) + 41층 306㎡(30.3×10.1m) + 41층 306㎡(30.3×10.1m)
2개동,2개동,50+50,50,169.0,270,31,37580,400.0,13774,51354,839,8.93,0.165,22.0,0.26,2,3.32,12.26,50층 376㎡(30.7×12.3m) + 50층 376㎡(30.7×12.3m)
2개동,2개동,50+50,50,169.0,270,24,37580,400.0,12771,50351,833,8.86,0.259,5.2,1.3,2,3.223,15.83,50층 376㎡(23.7×15.8m) + 50층 376㎡(23.7×15.8m)
2개동,2개동,47+47,47,159.1,270,14,37580,400.0,12807,50387,886,9.43,0.101,25.7,0.32,2,3.345,14.14,47층 400㎡(28.3×14.1m) + 47층 400㎡(28.3×14.1m)
단일,1a 방위·위치,47,47,159.1,270,30,37580,400.0,9631,47211,866,9.22,0.141,,,1,3.302,16.33,47층 800㎡(49.0×16.3m)
단일,1a 방위·위치,47,47,159.1,270,29,37580,400.0,9631,47211,866,9.22,0.11,,,1,3.271,16.33,47층 800㎡(49.0×16.3m)
3개동,3개동,44+44+44,44,149.2,270,17,37580,400.0,16619,54199,974,10.37,0.145,14.5,0.19,3,3.306,9.74,44층 285㎡(29.2×9.7m) + 44층 285㎡(29.2×9.7m) + 44층 285㎡(29.2×9.7m)
3개동,3개동,41+41+41,41,139.3,270,17,37580,400.0,14273,51853,1027,10.93,0.038,14.0,0.2,3,3.284,14.27,41층 306㎡(21.4×14.3m) + 41층 306㎡(21.4×14.3m) + 41층 306㎡(21.4×14.3m)
3개동,3개동,41+41+41,41,139.3,270,21,37580,400.0,15384,52964,1036,11.02,0.032,13.5,0.19,3,3.236,11.05,41층 306㎡(27.6×11.1m) + 41층 306㎡(27.6×11.1m) + 41층 306㎡(27.6×11.1m)
3개동,3개동,41+41+41,41,139.3,270,19,37580,400.0,14789,52369,1031,10.97,0.107,9.0,0.13,3,3.21,12.36,41층 306㎡(24.7×12.4m) + 41층 306㎡(24.7×12.4m) + 41층 306㎡(24.7×12.4m)
3개동,3개동,41+41+41,41,139.3,270,21,37580,400.0,14273,51853,1027,10.93,0.036,10.0,0.14,3,3.209,14.27,41층 306㎡(21.4×14.3m) + 41층 306㎡(21.4×14.3m) + 41층 306㎡(21.4×14.3m)
3개동,3개동,38+38+38,38,129.4,270,14,37580,400.0,13701,51281,1103,11.74,0.111,14.3,0.22,3,3.286,14.82,38층 330㎡(22.2×14.8m) + 38층 330㎡(22.2×14.8m) + 38층 330㎡(22.2×14.8m)
3개동,3개동,38+38+38,38,129.4,270,16,37580,400.0,14198,51778,1107,11.79,0.101,9.0,0.14,3,3.173,12.84,38층 330㎡(25.7×12.8m) + 38층 330㎡(25.7×12.8m) + 38층 330㎡(25.7×12.8m)
2개동,2개동,55+55,55,185.5,271,25,37580,400.0,13441,51021,761,8.1,0.161,19.0,0.2,2,3.25,15.09,55층 342㎡(22.6×15.1m) + 55층 342㎡(22.6×15.1m)
단일,1a 방위·위치,47,47,159.1,271,31,37580,400.0,9631,47211,866,9.22,0.088,,,1,3.254,16.33,47층 800㎡(49.0×16.3m)
3개동,3개동,44+44+44,44,149.2,271,25,37580,400.0,15979,53559,969,10.32,0.086,13.2,0.18,3,3.331,10.67,44층 285㎡(26.7×10.7m) + 44층 285㎡(26.7×10.7m) + 44층 285㎡(26.7×10.7m)
3개동,3개동,44+44+44,44,149.2,271,22,37580,400.0,15362,52942,964,10.27,0.074,13.1,0.18,3,3.32,11.93,44층 285㎡(23.9×11.9m) + 44층 285㎡(23.9×11.9m) + 44층 285㎡(23.9×11.9m)
3개동,3개동,44+44+44,44,149.2,271,20,37580,400.0,15362,52942,964,10.27,0.053,13.1,0.18,3,3.256,11.93,44층 285㎡(23.9×11.9m) + 44층 285㎡(23.9×11.9m) + 44층 285㎡(23.9×11.9m)
3개동,3개동,44+44+44,44,149.2,271,19,37580,400.0,16619,54199,974,10.37,0.055,18.6,0.25,3,3.254,9.74,44층 285㎡(29.2×9.7m) + 44층 285㎡(29.2×9.7m) + 44층 285㎡(29.2×9.7m)
3개동,3개동,44+44+44,44,149.2,271,15,37580,400.0,15979,53559,969,10.32,0.134,9.0,0.12,3,3.204,10.67,44층 285㎡(26.7×10.7m) + 44층 285㎡(26.7×10.7m) + 44층 285㎡(26.7×10.7m)
3개동,3개동,41+41+41,41,139.3,271,16,37580,400.0,14789,52369,1031,10.97,0.025,19.4,0.28,3,3.297,12.36,41층 306㎡(24.7×12.4m) + 41층 306㎡(24.7×12.4m) + 41층 306㎡(24.7×12.4m)
3개동,3개동,41+41+41,41,139.3,271,17,37580,400.0,14273,51853,1027,10.93,0.084,6.6,1.65,3,3.232,14.27,41층 306㎡(21.4×14.3m) + 41층 306㎡(21.4×14.3m) + 41층 306㎡(21.4×14.3m)
2개동,2개동,38+38,38,129.4,271,18,37580,400.0,11033,48613,1082,11.51,0.123,32.1,8.01,2,3.303,18.16,38층 494㎡(27.2×18.2m) + 38층 494㎡(27.2×18.2m)
3개동,3개동,38+38+38,38,129.4,271,16,37580,400.0,14198,51778,1107,11.79,0.117,16.3,0.25,3,3.301,12.84,38층 330㎡(25.7×12.8m) + 38층 330㎡(25.7×12.8m) + 38층 330㎡(25.7×12.8m)
3개동,3개동,38+38+38,38,129.4,271,10,37580,400.0,14198,51778,1107,11.79,0.097,13.0,0.2,3,3.234,12.84,38층 330㎡(25.7×12.8m) + 38층 330㎡(25.7×12.8m) + 38층 330㎡(25.7×12.8m)
2개동,2개동,38+38,38,129.4,271,14,37580,400.0,13359,50939,1102,11.73,0.164,28.0,0.43,2,3.213,11.12,38층 494㎡(44.5×11.1m) + 38층 494㎡(44.5×11.1m)
3개동,3개동,38+38+38,38,129.4,271,9,37580,400.0,15366,52946,1118,11.9,0.053,19.0,0.29,3,3.191,10.48,38층 330㎡(31.4×10.5m) + 38층 330㎡(31.4×10.5m) + 38층 330㎡(31.4×10.5m)
3개동,3개동,38+38+38,38,129.4,271,13,37580,400.0,16550,54130,1128,12.01,0.13,13.0,0.2,3,3.191,9.08,38층 330㎡(36.3×9.1m) + 38층 330㎡(36.3×9.1m) + 38층 330㎡(36.3×9.1m)
3개동,3개동,38+38+38,38,129.4,271,18,37580,400.0,13701,51281,1103,11.74,0.027,9.4,2.36,3,3.179,14.82,38층 330㎡(22.2×14.8m) + 38층 330㎡(22.2×14.8m) + 38층 330㎡(22.2×14.8m)
2개동,2개동,50+50,50,169.0,272,24,37580,400.0,13237,50817,836,8.9,0.045,28.0,0.33,2,3.244,13.71,50층 376㎡(27.4×13.7m) + 50층 376㎡(27.4×13.7m)
2개동,2개동,47+47,47,159.1,272,27,37580,400.0,12356,49936,883,9.4,0.101,23.5,0.3,2,3.356,16.33,47층 400㎡(24.5×16.3m) + 47층 400㎡(24.5×16.3m)
단일,1a 방위·위치,47,47,159.1,272,30,37580,400.0,9631,47211,866,9.22,0.112,,,1,3.246,16.33,47층 800㎡(49.0×16.3m)
단일,1a 방위·위치,47,47,159.1,272,28,37580,400.0,9631,47211,866,9.22,0.051,,,1,3.229,16.33,47층 800㎡(49.0×16.3m)
3개동,3개동,41+41+41,41,139.3,272,16,37580,400.0,16002,53582,1041,11.08,0.09,13.0,0.19,3,3.23,10.09,41층 306㎡(30.3×10.1m) + 41층 306㎡(30.3×10.1m) + 41층 306㎡(30.3×10.1m)
3개동,3개동,41+41+41,41,139.3,272,20,37580,400.0,14273,51853,1027,10.93,0.119,6.0,0.09,3,3.201,14.27,41층 306㎡(21.4×14.3m) + 41층 306㎡(21.4×14.3m) + 41층 306㎡(21.4×14.3m)
2개동,2개동,55+55,55,185.5,273,20,37580,400.0,15076,52656,771,8.2,0.143,28.2,0.3,2,3.31,10.67,55층 342㎡(32.0×10.7m) + 55층 342㎡(32.0×10.7m)
2개동,2개동,53+53,53,178.9,273,30,37580,400.0,14208,51788,794,8.46,0.192,19.0,0.21,2,3.264,11.91,53층 355㎡(29.8×11.9m) + 53층 355㎡(29.8×11.9m)
2개동,2개동,50+50,50,169.0,273,22,37580,400.0,12771,50351,833,8.86,0.093,18.1,0.21,2,3.307,15.83,50층 376㎡(23.7×15.8m) + 50층 376㎡(23.7×15.8m)
2개동,2개동,50+50,50,169.0,273,25,37580,400.0,12771,50351,833,8.86,0.069,23.3,0.28,2,3.272,15.83,50층 376㎡(23.7×15.8m) + 50층 376㎡(23.7×15.8m)
2개동,2개동,47+47,47,159.1,273,19,37580,400.0,12807,50387,886,9.43,0.067,25.7,0.32,2,3.357,14.14,47층 400㎡(28.3×14.1m) + 47층 400㎡(28.3×14.1m)
2개동,2개동,47+47,47,159.1,273,21,37580,400.0,13868,51448,894,9.51,0.148,29.1,0.37,2,3.327,11.54,47층 400㎡(34.6×11.5m) + 47층 400㎡(34.6×11.5m)
단일,1a 방위·위치,47,47,159.1,273,30,37580,400.0,9631,47211,866,9.22,0.057,,,1,3.202,16.33,47층 800㎡(49.0×16.3m)
3개동,3개동,44+44+44,44,149.2,273,17,37580,400.0,15979,53559,969,10.32,0.135,14.6,0.2,3,3.303,10.67,44층 285㎡(26.7×10.7m) + 44층 285㎡(26.7×10.7m) + 44층 285㎡(26.7×10.7m)
2개동,2개동,44+44,44,149.2,273,21,37580,400.0,11928,49508,940,10.01,0.19,6.0,1.5,2,3.183,16.87,44층 427㎡(25.3×16.9m) + 44층 427㎡(25.3×16.9m)
3개동,3개동,44+44+44,44,149.2,273,16,37580,400.0,14827,52407,960,10.22,0.101,4.3,0.06,3,3.113,13.78,44층 285㎡(20.7×13.8m) + 44층 285㎡(20.7×13.8m) + 44층 285㎡(20.7×13.8m)
3개동,3개동,41+41+41,41,139.3,273,21,37580,400.0,14273,51853,1027,10.93,0.103,4.3,0.06,3,3.19,14.27,41층 306㎡(21.4×14.3m) + 41층 306㎡(21.4×14.3m) + 41층 306㎡(21.4×14.3m)
3개동,3개동,38+38+38,38,129.4,273,14,37580,400.0,14198,51778,1107,11.79,0.138,19.7,0.3,3,3.296,12.84,38층 330㎡(25.7×12.8m) + 38층 330㎡(25.7×12.8m) + 38층 330㎡(25.7×12.8m)
2개동,2개동,38+38,38,129.4,273,13,37580,400.0,11033,48613,1082,11.51,0.18,28.0,0.43,2,3.266,18.16,38층 494㎡(27.2×18.2m) + 38층 494㎡(27.2×18.2m)
3개동,3개동,38+38+38,38,129.4,273,17,37580,400.0,16550,54130,1128,12.01,0.085,19.0,0.29,3,3.181,9.08,38층 330㎡(36.3×9.1m) + 38층 330㎡(36.3×9.1m) + 38층 330㎡(36.3×9.1m)
3개동,3개동,38+38+38,38,129.4,273,25,37580,400.0,13701,51281,1103,11.74,0.194,6.0,0.09,3,3.167,14.82,38층 330㎡(22.2×14.8m) + 38층 330㎡(22.2×14.8m) + 38층 330㎡(22.2×14.8m)
3개동,3개동,38+38+38,38,129.4,273,18,37580,400.0,16550,54130,1128,12.01,0.111,13.0,0.2,3,3.14,9.08,38층 330㎡(36.3×9.1m) + 38층 330㎡(36.3×9.1m) + 38층 330㎡(36.3×9.1m)
2개동,2개동,53+53,53,178.9,274,22,37580,400.0,14782,52362,798,8.49,0.068,28.4,0.32,2,3.361,10.87,53층 355㎡(32.6×10.9m) + 53층 355㎡(32.6×10.9m)
단일,1a 방위·위치,47,47,159.1,274,27,37580,400.0,9631,47211,866,9.22,0.109,,,1,3.257,16.33,47층 800㎡(49.0×16.3m)
3개동,3개동,44+44+44,44,149.2,274,25,37580,400.0,14827,52407,960,10.22,0.133,4.3,0.06,3,3.279,13.78,44층 285㎡(20.7×13.8m) + 44층 285㎡(20.7×13.8m) + 44층 285㎡(20.7×13.8m)
3개동,3개동,44+44+44,44,149.2,274,15,37580,400.0,16619,54199,974,10.37,0.043,13.0,0.17,3,3.235,9.74,44층 285㎡(29.2×9.7m) + 44층 285㎡(29.2×9.7m) + 44층 285㎡(29.2×9.7m)
3개동,3개동,41+41+41,41,139.3,274,22,37580,400.0,16002,53582,1041,11.08,0.164,14.9,0.21,3,3.305,10.09,41층 306㎡(30.3×10.1m) + 41층 306㎡(30.3×10.1m) + 41층 306㎡(30.3×10.1m)
3개동,3개동,38+38+38,38,129.4,274,13,37580,400.0,13701,51281,1103,11.74,0.198,9.0,0.14,3,3.209,14.82,38층 330㎡(22.2×14.8m) + 38층 330㎡(22.2×14.8m) + 38층 330㎡(22.2×14.8m)
3개동,3개동,38+38+38,38,129.4,274,11,37580,400.0,14771,52351,1113,11.84,0.04,19.0,0.29,3,3.204,11.48,38층 330㎡(28.7×11.5m) + 38층 330㎡(28.7×11.5m) + 38층 330㎡(28.7×11.5m)
3개동,3개동,38+38+38,38,129.4,274,25,37580,400.0,13701,51281,1103,11.74,0.199,6.0,0.09,3,3.177,14.82,38층 330㎡(22.2×14.8m) + 38층 330㎡(22.2×14.8m) + 38층 330㎡(22.2×14.8m)
3개동,3개동,38+38+38,38,129.4,274,14,37580,400.0,14198,51778,1107,11.79,0.073,9.0,0.14,3,3.154,12.84,38층 330㎡(25.7×12.8m) + 38층 330㎡(25.7×12.8m) + 38층 330㎡(25.7×12.8m)
2개동,2개동,55+55,55,185.5,275,30,37580,400.0,13441,51021,761,8.1,0.041,10.3,0.11,2,3.204,15.09,55층 342㎡(22.6×15.1m) + 55층 342㎡(22.6×15.1m)
2개동,2개동,47+47,47,159.1,275,21,37580,400.0,13868,51448,894,9.51,0.178,36.9,0.46,2,3.302,11.54,47층 400㎡(34.6×11.5m) + 47층 400㎡(34.6×11.5m)
단일,1a 방위·위치,47,47,159.1,275,31,37580,400.0,9631,47211,866,9.22,0.058,,,1,3.248,16.33,47층 800㎡(49.0×16.3m)
단일,1a 방위·위치,47,47,159.1,275,30,37580,400.0,9631,47211,866,9.22,0.089,,,1,3.212,16.33,47층 800㎡(49.0×16.3m)
3개동,3개동,44+44+44,44,149.2,275,25,37580,400.0,15979,53559,969,10.32,0.091,6.0,0.08,3,3.229,10.67,44층 285㎡(26.7×10.7m) + 44층 285㎡(26.7×10.7m) + 44층 285㎡(26.7×10.7m)
2개동,2개동,41+41,41,139.3,275,9,37580,400.0,11910,49490,1009,10.74,0.121,34.1,0.49,2,3.324,15.14,41층 458㎡(30.3×15.1m) + 41층 458㎡(30.3×15.1m)
3개동,3개동,41+41+41,41,139.3,275,11,37580,400.0,16002,53582,1041,11.08,0.046,8.0,2.0,3,3.287,10.09,41층 306㎡(30.3×10.1m) + 41층 306㎡(30.3×10.1m) + 41층 306㎡(30.3×10.1m)
3개동,3개동,41+41+41,41,139.3,275,24,37580,400.0,14273,51853,1027,10.93,0.204,6.0,0.09,3,3.171,14.27,41층 306㎡(21.4×14.3m) + 41층 306㎡(21.4×14.3m) + 41층 306㎡(21.4×14.3m)
3개동,3개동,38+38+38,38,129.4,275,18,37580,400.0,13701,51281,1103,11.74,0.049,9.0,0.14,3,3.168,14.82,38층 330㎡(22.2×14.8m) + 38층 330㎡(22.2×14.8m) + 38층 330㎡(22.2×14.8m)
3개동,3개동,38+38+38,38,129.4,275,16,37580,400.0,14198,51778,1107,11.79,0.142,9.0,0.14,3,3.165,12.84,38층 330㎡(25.7×12.8m) + 38층 330㎡(25.7×12.8m) + 38층 330㎡(25.7×12.8m)
2개동,2개동,55+55,55,185.5,276,27,37580,400.0,13929,51509,764,8.13,0.144,13.0,0.14,2,3.321,13.07,55층 342㎡(26.1×13.1m) + 55층 342㎡(26.1×13.1m)
2개동,2개동,50+50,50,169.0,276,20,37580,400.0,13774,51354,839,8.93,0.055,28.0,0.33,2,3.292,12.26,50층 376㎡(30.7×12.3m) + 50층 376㎡(30.7×12.3m)
2개동,2개동,47+47,47,159.1,276,22,37580,400.0,13868,51448,894,9.51,0.068,36.9,0.46,2,3.345,11.54,47층 400㎡(34.6×11.5m) + 47층 400㎡(34.6×11.5m)
단일,1a 방위·위치,47,47,159.1,276,26,37580,400.0,9631,47211,866,9.22,0.064,,,1,3.29,16.33,47층 800㎡(49.0×16.3m)
2개동,2개동,47+47,47,159.1,276,21,37580,400.0,15976,53556,909,9.67,0.049,13.0,0.16,2,3.151,8.94,47층 400㎡(44.7×8.9m) + 47층 400㎡(44.7×8.9m)
2개동,2개동,44+44,44,149.2,276,13,37580,400.0,13391,50971,952,10.13,0.12,28.0,0.38,2,3.257,11.93,44층 427㎡(35.8×11.9m) + 44층 427㎡(35.8×11.9m)
3개동,3개동,44+44+44,44,149.2,276,24,37580,400.0,14827,52407,960,10.22,0.054,5.1,1.27,3,3.236,13.78,44층 285㎡(20.7×13.8m) + 44층 285㎡(20.7×13.8m) + 44층 285㎡(20.7×13.8m)
3개동,3개동,44+44+44,44,149.2,276,21,37580,400.0,15362,52942,964,10.27,0.152,4.3,0.06,3,3.204,11.93,44층 285㎡(23.9×11.9m) + 44층 285㎡(23.9×11.9m) + 44층 285㎡(23.9×11.9m)
3개동,3개동,41+41+41,41,139.3,276,16,37580,400.0,14273,51853,1027,10.93,0.105,6.6,1.65,3,3.258,14.27,41층 306㎡(21.4×14.3m) + 41층 306㎡(21.4×14.3m) + 41층 306㎡(21.4×14.3m)
3개동,3개동,41+41+41,41,139.3,276,15,37580,400.0,14273,51853,1027,10.93,0.117,6.0,0.09,3,3.147,14.27,41층 306㎡(21.4×14.3m) + 41층 306㎡(21.4×14.3m) + 41층 306㎡(21.4×14.3m)
단일,1a 방위·위치,47,47,159.1,277,29,37580,400.0,9631,47211,866,9.22,0.046,,,1,3.208,16.33,47층 800㎡(49.0×16.3m)
3개동,3개동,44+44+44,44,149.2,277,24,37580,400.0,15362,52942,964,10.27,0.126,6.0,0.08,3,3.251,11.93,44층 285㎡(23.9×11.9m) + 44층 285㎡(23.9×11.9m) + 44층 285㎡(23.9×11.9m)
3개동,3개동,44+44+44,44,149.2,277,25,37580,400.0,15362,52942,964,10.27,0.047,4.3,0.06,3,3.246,11.93,44층 285㎡(23.9×11.9m) + 44층 285㎡(23.9×11.9m) + 44층 285㎡(23.9×11.9m)
3개동,3개동,44+44+44,44,149.2,277,25,37580,400.0,15979,53559,969,10.32,0.068,6.0,0.08,3,3.229,10.67,44층 285㎡(26.7×10.7m) + 44층 285㎡(26.7×10.7m) + 44층 285㎡(26.7×10.7m)
3개동,3개동,41+41+41,41,139.3,277,19,37580,400.0,14273,51853,1027,10.93,0.03,11.4,0.16,3,3.251,14.27,41층 306㎡(21.4×14.3m) + 41층 306㎡(21.4×14.3m) + 41층 306㎡(21.4×14.3m)
2개동,2개동,41+41,41,139.3,277,22,37580,400.0,11488,49068,1006,10.71,0.066,11.3,0.16,2,3.215,17.48,41층 458㎡(26.2×17.5m) + 41층 458㎡(26.2×17.5m)
3개동,3개동,41+41+41,41,139.3,277,23,37580,400.0,15384,52964,1036,11.02,0.214,9.0,0.13,3,3.188,11.05,41층 306㎡(27.6×11.1m) + 41층 306㎡(27.6×11.1m) + 41층 306㎡(27.6×11.1m)
3개동,3개동,38+38+38,38,129.4,277,12,37580,400.0,14198,51778,1107,11.79,0.132,12.2,0.19,3,3.227,12.84,38층 330㎡(25.7×12.8m) + 38층 330㎡(25.7×12.8m) + 38층 330㎡(25.7×12.8m)
단일,1a 방위·위치,47,47,159.1,278,29,37580,400.0,9631,47211,866,9.22,0.1,,,1,3.25,16.33,47층 800㎡(49.0×16.3m)
3개동,3개동,44+44+44,44,149.2,278,26,37580,400.0,15362,52942,964,10.27,0.141,6.0,0.08,3,3.27,11.93,44층 285㎡(23.9×11.9m) + 44층 285㎡(23.9×11.9m) + 44층 285㎡(23.9×11.9m)
2개동,2개동,44+44,44,149.2,278,20,37580,400.0,11928,49508,940,10.01,0.214,19.0,0.25,2,3.254,16.87,44층 427㎡(25.3×16.9m) + 44층 427㎡(25.3×16.9m)
3개동,3개동,44+44+44,44,149.2,278,19,37580,400.0,15979,53559,969,10.32,0.048,17.2,0.23,3,3.243,10.67,44층 285㎡(26.7×10.7m) + 44층 285㎡(26.7×10.7m) + 44층 285㎡(26.7×10.7m)
2개동,2개동,41+41,41,139.3,278,17,37580,400.0,11910,49490,1009,10.74,0.137,26.3,0.38,2,3.307,15.14,41층 458㎡(30.3×15.1m) + 41층 458㎡(30.3×15.1m)
3개동,3개동,41+41+41,41,139.3,278,20,37580,400.0,14789,52369,1031,10.97,0.039,11.9,0.17,3,3.198,12.36,41층 306㎡(24.7×12.4m) + 41층 306㎡(24.7×12.4m) + 41층 306㎡(24.7×12.4m)
3개동,3개동,41+41+41,41,139.3,278,23,37580,400.0,16002,53582,1041,11.08,0.06,9.0,0.13,3,3.186,10.09,41층 306㎡(30.3×10.1m) + 41층 306㎡(30.3×10.1m) + 41층 306㎡(30.3×10.1m)
2개동,2개동,38+38,38,129.4,278,14,37580,400.0,11033,48613,1082,11.51,0.113,28.0,0.43,2,3.268,18.16,38층 494㎡(27.2×18.2m) + 38층 494㎡(27.2×18.2m)
3개동,3개동,38+38+38,38,129.4,278,13,37580,400.0,13701,51281,1103,11.74,0.027,19.0,0.29,3,3.151,14.82,38층 330㎡(22.2×14.8m) + 38층 330㎡(22.2×14.8m) + 38층 330㎡(22.2×14.8m)
2개동,2개동,47+47,47,159.1,279,21,37580,400.0,12356,49936,883,9.4,0.088,18.3,0.23,2,3.316,16.33,47층 400㎡(24.5×16.3m) + 47층 400㎡(24.5×16.3m)
단일,1a 방위·위치,47,47,159.1,279,31,37580,400.0,9631,47211,866,9.22,0.078,,,1,3.226,16.33,47층 800㎡(49.0×16.3m)
2개동,2개동,44+44,44,149.2,279,31,37580,400.0,12365,49945,944,10.05,0.25,13.0,0.17,2,3.27,14.61,44층 427㎡(29.2×14.6m) + 44층 427㎡(29.2×14.6m)
3개동,3개동,44+44+44,44,149.2,279,22,37580,400.0,14827,52407,960,10.22,0.122,6.0,0.08,3,3.253,13.78,44층 285㎡(20.7×13.8m) + 44층 285㎡(20.7×13.8m) + 44층 285㎡(20.7×13.8m)
3개동,3개동,44+44+44,44,149.2,279,9,37580,400.0,15979,53559,969,10.32,0.027,13.2,0.18,3,3.23,10.67,44층 285㎡(26.7×10.7m) + 44층 285㎡(26.7×10.7m) + 44층 285㎡(26.7×10.7m)
2개동,2개동,41+41,41,139.3,279,25,37580,400.0,11488,49068,1006,10.71,0.078,18.8,0.27,2,3.277,17.48,41층 458㎡(26.2×17.5m) + 41층 458㎡(26.2×17.5m)
3개동,3개동,38+38+38,38,129.4,279,10,37580,400.0,13701,51281,1103,11.74,0.028,19.0,0.29,3,3.153,14.82,38층 330㎡(22.2×14.8m) + 38층 330㎡(22.2×14.8m) + 38층 330㎡(22.2×14.8m)
3개동,3개동,44+44+44,44,149.2,280,20,37580,400.0,14827,52407,960,10.22,0.196,4.3,0.06,3,3.218,13.78,44층 285㎡(20.7×13.8m) + 44층 285㎡(20.7×13.8m) + 44층 285㎡(20.7×13.8m)
3개동,3개동,38+38+38,38,129.4,280,7,37580,400.0,14771,52351,1113,11.84,0.113,15.3,0.24,3,3.226,11.48,38층 330㎡(28.7×11.5m) + 38층 330㎡(28.7×11.5m) + 38층 330㎡(28.7×11.5m)
2개동,2개동,55+55,55,185.5,281,13,37580,400.0,15076,52656,771,8.2,0.027,36.0,0.39,2,3.35,10.67,55층 342㎡(32.0×10.7m) + 55층 342㎡(32.0×10.7m)
단일,1a 방위·위치,47,47,159.1,281,26,37580,400.0,9631,47211,866,9.22,0.055,,,1,3.257,16.33,47층 800㎡(49.0×16.3m)
3개동,3개동,44+44+44,44,149.2,281,20,37580,400.0,14827,52407,960,10.22,0.099,6.0,0.08,3,3.226,13.78,44층 285㎡(20.7×13.8m) + 44층 285㎡(20.7×13.8m) + 44층 285㎡(20.7×13.8m)
3개동,3개동,41+41+41,41,139.3,281,17,37580,400.0,16002,53582,1041,11.08,0.12,13.0,0.19,3,3.215,10.09,41층 306㎡(30.3×10.1m) + 41층 306㎡(30.3×10.1m) + 41층 306㎡(30.3×10.1m)
3개동,3개동,41+41+41,41,139.3,281,23,37580,400.0,14789,52369,1031,10.97,0.21,9.0,0.13,3,3.191,12.36,41층 306㎡(24.7×12.4m) + 41층 306㎡(24.7×12.4m) + 41층 306㎡(24.7×12.4m)
2개동,2개동,53+53,53,178.9,282,14,37580,400.0,13176,50756,788,8.39,0.084,28.0,0.31,2,3.239,15.37,53층 355㎡(23.1×15.4m) + 53층 355㎡(23.1×15.4m)
2개동,2개동,50+50,50,169.0,282,14,37580,400.0,13774,51354,839,8.93,0.105,22.0,0.26,2,3.211,12.26,50층 376㎡(30.7×12.3m) + 50층 376㎡(30.7×12.3m)
단일,1a 방위·위치,47,47,159.1,282,31,37580,400.0,9631,47211,866,9.22,0.065,,,1,3.231,16.33,47층 800㎡(49.0×16.3m)
3개동,3개동,44+44+44,44,149.2,282,23,37580,400.0,16619,54199,974,10.37,0.115,9.0,0.12,3,3.257,9.74,44층 285㎡(29.2×9.7m) + 44층 285㎡(29.2×9.7m) + 44층 285㎡(29.2×9.7m)
2개동,2개동,41+41,41,139.3,282,18,37580,400.0,12900,50480,1017,10.83,0.09,11.2,2.81,2,3.19,12.36,41층 458㎡(37.1×12.4m) + 41층 458㎡(37.1×12.4m)
3개동,3개동,38+38+38,38,129.4,282,11,37580,400.0,14198,51778,1107,11.79,0.118,13.7,0.21,3,3.193,12.84,38층 330㎡(25.7×12.8m) + 38층 330㎡(25.7×12.8m) + 38층 330㎡(25.7×12.8m)
3개동,3개동,38+38+38,38,129.4,282,18,37580,400.0,14771,52351,1113,11.84,0.183,13.0,0.2,3,3.16,11.48,38층 330㎡(28.7×11.5m) + 38층 330㎡(28.7×11.5m) + 38층 330㎡(28.7×11.5m)
2개동,2개동,47+47,47,159.1,283,22,37580,400.0,13868,51448,894,9.51,0.055,7.6,1.89,2,3.236,11.54,47층 400㎡(34.6×11.5m) + 47층 400㎡(34.6×11.5m)
3개동,3개동,44+44+44,44,149.2,283,21,37580,400.0,15362,52942,964,10.27,0.12,9.0,0.12,3,3.218,11.93,44층 285㎡(23.9×11.9m) + 44층 285㎡(23.9×11.9m) + 44층 285㎡(23.9×11.9m)
2개동,2개동,41+41,41,139.3,283,17,37580,400.0,11910,49490,1009,10.74,0.13,28.0,0.4,2,3.278,15.14,41층 458㎡(30.3×15.1m) + 41층 458㎡(30.3×15.1m)
2개동,2개동,41+41,41,139.3,283,14,37580,400.0,11488,49068,1006,10.71,0.158,19.0,4.75,2,3.217,17.48,41층 458㎡(26.2×17.5m) + 41층 458㎡(26.2×17.5m)
3개동,3개동,41+41+41,41,139.3,283,15,37580,400.0,14273,51853,1027,10.93,0.133,6.0,0.09,3,3.186,14.27,41층 306㎡(21.4×14.3m) + 41층 306㎡(21.4×14.3m) + 41층 306㎡(21.4×14.3m)
3개동,3개동,41+41+41,41,139.3,283,14,37580,400.0,14273,51853,1027,10.93,0.043,13.0,0.19,3,3.181,14.27,41층 306㎡(21.4×14.3m) + 41층 306㎡(21.4×14.3m) + 41층 306㎡(21.4×14.3m)
3개동,3개동,38+38+38,38,129.4,283,7,37580,400.0,15366,52946,1118,11.9,0.107,16.7,0.26,3,3.225,10.48,38층 330㎡(31.4×10.5m) + 38층 330㎡(31.4×10.5m) + 38층 330㎡(31.4×10.5m)
3개동,3개동,38+38+38,38,129.4,283,14,37580,400.0,14771,52351,1113,11.84,0.107,13.0,0.2,3,3.169,11.48,38층 330㎡(28.7×11.5m) + 38층 330㎡(28.7×11.5m) + 38층 330㎡(28.7×11.5m)
2개동,2개동,53+53,53,178.9,284,19,37580,400.0,13656,51236,791,8.42,0.083,28.0,0.31,2,3.268,13.31,53층 355㎡(26.6×13.3m) + 53층 355㎡(26.6×13.3m)
2개동,2개동,44+44,44,149.2,284,18,37580,400.0,13391,50971,952,10.13,0.095,7.8,1.94,2,3.196,11.93,44층 427㎡(35.8×11.9m) + 44층 427㎡(35.8×11.9m)
2개동,2개동,41+41,41,139.3,284,26,37580,400.0,11910,49490,1009,10.74,0.101,26.3,0.38,2,3.312,15.14,41층 458㎡(30.3×15.1m) + 41층 458㎡(30.3×15.1m)
3개동,3개동,41+41+41,41,139.3,284,16,37580,400.0,17232,54812,1051,11.18,0.063,13.0,0.19,3,3.188,8.74,41층 306㎡(35.0×8.7m) + 41층 306㎡(35.0×8.7m) + 41층 306㎡(35.0×8.7m)
3개동,3개동,38+38+38,38,129.4,284,12,37580,400.0,14771,52351,1113,11.84,0.049,5.4,1.36,3,3.161,11.48,38층 330㎡(28.7×11.5m) + 38층 330㎡(28.7×11.5m) + 38층 330㎡(28.7×11.5m)
2개동,2개동,55+55,55,185.5,285,28,37580,400.0,13441,51021,761,8.1,0.157,4.3,1.08,2,3.249,15.09,55층 342㎡(22.6×15.1m) + 55층 342㎡(22.6×15.1m)
2개동,2개동,50+50,50,169.0,285,21,37580,400.0,13774,51354,839,8.93,0.122,16.0,0.19,2,3.26,12.26,50층 376㎡(30.7×12.3m) + 50층 376㎡(30.7×12.3m)
3개동,3개동,44+44+44,44,149.2,285,15,37580,400.0,15979,53559,969,10.32,0.045,13.0,0.17,3,3.226,10.67,44층 285㎡(26.7×10.7m) + 44층 285㎡(26.7×10.7m) + 44층 285㎡(26.7×10.7m)
2개동,2개동,44+44,44,149.2,285,15,37580,400.0,13391,50971,952,10.13,0.137,28.0,0.38,2,3.218,11.93,44층 427㎡(35.8×11.9m) + 44층 427㎡(35.8×11.9m)
3개동,3개동,38+38+38,38,129.4,285,6,37580,400.0,14771,52351,1113,11.84,0.085,17.9,0.28,3,3.247,11.48,38층 330㎡(28.7×11.5m) + 38층 330㎡(28.7×11.5m) + 38층 330㎡(28.7×11.5m)
3개동,3개동,38+38+38,38,129.4,285,8,37580,400.0,14198,51778,1107,11.79,0.091,16.3,0.25,3,3.215,12.84,38층 330㎡(25.7×12.8m) + 38층 330㎡(25.7×12.8m) + 38층 330㎡(25.7×12.8m)
3개동,3개동,38+38+38,38,129.4,285,10,37580,400.0,13701,51281,1103,11.74,0.117,11.7,0.18,3,3.204,14.82,38층 330㎡(22.2×14.8m) + 38층 330㎡(22.2×14.8m) + 38층 330㎡(22.2×14.8m)
2개동,2개동,55+55,55,185.5,286,14,37580,400.0,16239,53819,778,8.28,0.156,19.4,0.21,2,3.144,9.24,55층 342㎡(37.0×9.2m) + 55층 342㎡(37.0×9.2m)
2개동,2개동,44+44,44,149.2,286,28,37580,400.0,15431,53011,967,10.29,0.093,42.5,0.57,2,3.312,9.24,44층 427㎡(46.2×9.2m) + 44층 427㎡(46.2×9.2m)
2개동,2개동,44+44,44,149.2,286,24,37580,400.0,11928,49508,940,10.01,0.123,19.0,0.25,2,3.275,16.87,44층 427㎡(25.3×16.9m) + 44층 427㎡(25.3×16.9m)
3개동,3개동,41+41+41,41,139.3,286,19,37580,400.0,14273,51853,1027,10.93,0.104,9.0,0.13,3,3.126,14.27,41층 306㎡(21.4×14.3m) + 41층 306㎡(21.4×14.3m) + 41층 306㎡(21.4×14.3m)
3개동,3개동,38+38+38,38,129.4,286,7,37580,400.0,16550,54130,1128,12.01,0.097,17.7,0.27,3,3.193,9.08,38층 330㎡(36.3×9.1m) + 38층 330㎡(36.3×9.1m) + 38층 330㎡(36.3×9.1m)
2개동,2개동,55+55,55,185.5,287,27,37580,400.0,14492,52072,767,8.17,0.111,6.9,1.72,2,3.204,11.69,55층 342㎡(29.2×11.7m) + 55층 342㎡(29.2×11.7m)
3개동,3개동,41+41+41,41,139.3,287,16,37580,400.0,17232,54812,1051,11.18,0.092,19.0,0.27,3,3.145,8.74,41층 306㎡(35.0×8.7m) + 41층 306㎡(35.0×8.7m) + 41층 306㎡(35.0×8.7m)
3개동,3개동,41+41+41,41,139.3,287,9,37580,400.0,15384,52964,1036,11.02,0.045,6.8,1.69,3,3.139,11.05,41층 306㎡(27.6×11.1m) + 41층 306㎡(27.6×11.1m) + 41층 306㎡(27.6×11.1m)
3개동,3개동,41+41+41,41,139.3,287,8,37580,400.0,16002,53582,1041,11.08,0.042,8.0,2.0,3,3.103,10.09,41층 306㎡(30.3×10.1m) + 41층 306㎡(30.3×10.1m) + 41층 306㎡(30.3×10.1m)
2개동,2개동,55+55,55,185.5,288,31,37580,400.0,13929,51509,764,8.13,0.193,19.0,0.2,2,3.244,13.07,55층 342㎡(26.1×13.1m) + 55층 342㎡(26.1×13.1m)
2개동,2개동,50+50,50,169.0,288,21,37580,400.0,14331,51911,843,8.97,0.113,8.5,2.12,2,3.144,11.19,50층 376㎡(33.6×11.2m) + 50층 376㎡(33.6×11.2m)
2개동,2개동,47+47,47,159.1,288,18,37580,400.0,13868,51448,894,9.51,0.09,8.6,2.16,2,3.187,11.54,47층 400㎡(34.6×11.5m) + 47층 400㎡(34.6×11.5m)
3개동,3개동,44+44+44,44,149.2,288,21,37580,400.0,14827,52407,960,10.22,0.102,9.0,0.12,3,3.199,13.78,44층 285㎡(20.7×13.8m) + 44층 285㎡(20.7×13.8m) + 44층 285㎡(20.7×13.8m)
2개동,2개동,41+41,41,139.3,288,20,37580,400.0,11488,49068,1006,10.71,0.132,18.8,0.27,2,3.27,17.48,41층 458㎡(26.2×17.5m) + 41층 458㎡(26.2×17.5m)
3개동,3개동,41+41+41,41,139.3,288,16,37580,400.0,14789,52369,1031,10.97,0.047,6.0,1.51,3,3.183,12.36,41층 306㎡(24.7×12.4m) + 41층 306㎡(24.7×12.4m) + 41층 306㎡(24.7×12.4m)
2개동,2개동,41+41,41,139.3,288,12,37580,400.0,11910,49490,1009,10.74,0.166,19.0,4.75,2,3.17,15.14,41층 458㎡(30.3×15.1m) + 41층 458㎡(30.3×15.1m)
3개동,3개동,41+41+41,41,139.3,288,19,37580,400.0,17232,54812,1051,11.18,0.108,13.0,0.19,3,3.128,8.74,41층 306㎡(35.0×8.7m) + 41층 306㎡(35.0×8.7m) + 41층 306㎡(35.0×8.7m)
3개동,3개동,38+38+38,38,129.4,288,14,37580,400.0,14198,51778,1107,11.79,0.027,12.2,0.19,3,3.196,12.84,38층 330㎡(25.7×12.8m) + 38층 330㎡(25.7×12.8m) + 38층 330㎡(25.7×12.8m)
2개동,2개동,53+53,53,178.9,289,34,37580,400.0,14782,52362,798,8.49,0.079,36.2,0.4,2,3.331,10.87,53층 355㎡(32.6×10.9m) + 53층 355㎡(32.6×10.9m)
3개동,3개동,41+41+41,41,139.3,289,18,37580,400.0,14789,52369,1031,10.97,0.126,16.0,0.23,3,3.281,12.36,41층 306㎡(24.7×12.4m) + 41층 306㎡(24.7×12.4m) + 41층 306㎡(24.7×12.4m)
3개동,3개동,41+41+41,41,139.3,289,19,37580,400.0,14273,51853,1027,10.93,0.084,9.0,0.13,3,3.098,14.27,41층 306㎡(21.4×14.3m) + 41층 306㎡(21.4×14.3m) + 41층 306㎡(21.4×14.3m)
3개동,3개동,38+38+38,38,129.4,289,22,37580,400.0,14771,52351,1113,11.84,0.174,13.0,0.2,3,3.166,11.48,38층 330㎡(28.7×11.5m) + 38층 330㎡(28.7×11.5m) + 38층 330㎡(28.7×11.5m)
3개동,3개동,38+38+38,38,129.4,289,7,37580,400.0,13701,51281,1103,11.74,0.133,10.2,0.16,3,3.163,14.82,38층 330㎡(22.2×14.8m) + 38층 330㎡(22.2×14.8m) + 38층 330㎡(22.2×14.8m)
3개동,3개동,38+38+38,38,129.4,289,13,37580,400.0,13701,51281,1103,11.74,0.104,9.0,0.14,3,3.149,14.82,38층 330㎡(22.2×14.8m) + 38층 330㎡(22.2×14.8m) + 38층 330㎡(22.2×14.8m)
2개동,2개동,55+55,55,185.5,290,20,37580,400.0,13441,51021,761,8.1,0.042,30.9,7.73,2,3.321,15.09,55층 342㎡(22.6×15.1m) + 55층 342㎡(22.6×15.1m)
2개동,2개동,55+55,55,185.5,290,27,37580,400.0,13929,51509,764,8.13,0.101,13.0,3.25,2,3.217,13.07,55층 342㎡(26.1×13.1m) + 55층 342㎡(26.1×13.1m)
2개동,2개동,50+50,50,169.0,290,10,37580,400.0,13774,51354,839,8.93,0.055,35.0,0.41,2,3.331,12.26,50층 376㎡(30.7×12.3m) + 50층 376㎡(30.7×12.3m)
2개동,2개동,44+44,44,149.2,290,19,37580,400.0,14431,52011,959,10.21,0.148,28.0,0.38,2,3.254,10.33,44층 427㎡(41.3×10.3m) + 44층 427㎡(41.3×10.3m)
3개동,3개동,44+44+44,44,149.2,290,16,37580,400.0,15979,53559,969,10.32,0.038,13.2,0.18,3,3.239,10.67,44층 285㎡(26.7×10.7m) + 44층 285㎡(26.7×10.7m) + 44층 285㎡(26.7×10.7m)
2개동,2개동,44+44,44,149.2,290,16,37580,400.0,14431,52011,959,10.21,0.086,12.2,0.16,2,3.169,10.33,44층 427㎡(41.3×10.3m) + 44층 427㎡(41.3×10.3m)
3개동,3개동,44+44+44,44,149.2,290,16,37580,400.0,15362,52942,964,10.27,0.073,9.0,0.12,3,3.1,11.93,44층 285㎡(23.9×11.9m) + 44층 285㎡(23.9×11.9m) + 44층 285㎡(23.9×11.9m)
3개동,3개동,41+41+41,41,139.3,290,16,37580,400.0,14273,51853,1027,10.93,0.121,14.0,0.2,3,3.264,14.27,41층 306㎡(21.4×14.3m) + 41층 306㎡(21.4×14.3m) + 41층 306㎡(21.4×14.3m)
3개동,3개동,38+38+38,38,129.4,290,19,37580,400.0,14198,51778,1107,11.79,0.031,12.2,0.19,3,3.167,12.84,38층 330㎡(25.7×12.8m) + 38층 330㎡(25.7×12.8m) + 38층 330㎡(25.7×12.8m)
2개동,2개동,55+55,55,185.5,291,30,37580,400.0,14492,52072,767,8.17,0.123,34.5,0.37,2,3.337,11.69,55층 342㎡(29.2×11.7m) + 55층 342㎡(29.2×11.7m)
2개동,2개동,44+44,44,149.2,291,27,37580,400.0,15431,53011,967,10.29,0.096,34.7,0.47,2,3.313,9.24,44층 427㎡(46.2×9.2m) + 44층 427㎡(46.2×9.2m)
3개동,3개동,44+44+44,44,149.2,291,21,37580,400.0,15979,53559,969,10.32,0.071,9.0,0.12,3,3.189,10.67,44층 285㎡(26.7×10.7m) + 44층 285㎡(26.7×10.7m) + 44층 285㎡(26.7×10.7m)
3개동,3개동,41+41+41,41,139.3,291,8,37580,400.0,15384,52964,1036,11.02,0.038,19.0,0.27,3,3.181,11.05,41층 306㎡(27.6×11.1m) + 41층 306㎡(27.6×11.1m) + 41층 306㎡(27.6×11.1m)
3개동,3개동,41+41+41,41,139.3,291,13,37580,400.0,15384,52964,1036,11.02,0.048,13.0,0.19,3,3.135,11.05,41층 306㎡(27.6×11.1m) + 41층 306㎡(27.6×11.1m) + 41층 306㎡(27.6×11.1m)
3개동,3개동,38+38+38,38,129.4,291,15,37580,400.0,16550,54130,1128,12.01,0.187,19.0,0.29,3,3.126,9.08,38층 330㎡(36.3×9.1m) + 38층 330㎡(36.3×9.1m) + 38층 330㎡(36.3×9.1m)
2개동,2개동,50+50,50,169.0,292,34,37580,400.0,15439,53019,851,9.05,0.056,39.2,0.46,2,3.325,9.69,50층 376㎡(38.8×9.7m) + 50층 376㎡(38.8×9.7m)
3개동,3개동,44+44+44,44,149.2,292,21,37580,400.0,15979,53559,969,10.32,0.04,13.2,0.18,3,3.242,10.67,44층 285㎡(26.7×10.7m) + 44층 285㎡(26.7×10.7m) + 44층 285㎡(26.7×10.7m)
3개동,3개동,38+38+38,38,129.4,292,19,37580,400.0,14198,51778,1107,11.79,0.068,13.0,0.2,3,3.106,12.84,38층 330㎡(25.7×12.8m) + 38층 330㎡(25.7×12.8m) + 38층 330㎡(25.7×12.8m)
2개동,2개동,55+55,55,185.5,293,13,37580,400.0,13441,51021,761,8.1,0.046,30.9,7.73,2,3.33,15.09,55층 342㎡(22.6×15.1m) + 55층 342㎡(22.6×15.1m)
3개동,3개동,44+44+44,44,149.2,293,22,37580,400.0,15979,53559,969,10.32,0.202,9.0,0.12,3,3.173,10.67,44층 285㎡(26.7×10.7m) + 44층 285㎡(26.7×10.7m) + 44층 285㎡(26.7×10.7m)
3개동,3개동,44+44+44,44,149.2,293,13,37580,400.0,16619,54199,974,10.37,0.11,13.0,0.17,3,3.154,9.74,44층 285㎡(29.2×9.7m) + 44층 285㎡(29.2×9.7m) + 44층 285㎡(29.2×9.7m)
3개동,3개동,41+41+41,41,139.3,293,23,37580,400.0,17232,54812,1051,11.18,0.125,13.0,0.19,3,3.201,8.74,41층 306㎡(35.0×8.7m) + 41층 306㎡(35.0×8.7m) + 41층 306㎡(35.0×8.7m)
3개동,3개동,41+41+41,41,139.3,293,16,37580,400.0,15384,52964,1036,11.02,0.093,13.0,0.19,3,3.121,11.05,41층 306㎡(27.6×11.1m) + 41층 306㎡(27.6×11.1m) + 41층 306㎡(27.6×11.1m)
3개동,3개동,38+38+38,38,129.4,293,14,37580,400.0,13701,51281,1103,11.74,0.082,17.7,0.27,3,3.278,14.82,38층 330㎡(22.2×14.8m) + 38층 330㎡(22.2×14.8m) + 38층 330㎡(22.2×14.8m)
3개동,3개동,38+38+38,38,129.4,293,8,37580,400.0,16550,54130,1128,12.01,0.027,25.3,0.39,3,3.206,9.08,38층 330㎡(36.3×9.1m) + 38층 330㎡(36.3×9.1m) + 38층 330㎡(36.3×9.1m)
3개동,3개동,41+41+41,41,139.3,294,13,37580,400.0,16002,53582,1041,11.08,0.12,13.0,0.19,3,3.188,10.09,41층 306㎡(30.3×10.1m) + 41층 306㎡(30.3×10.1m) + 41층 306㎡(30.3×10.1m)
3개동,3개동,38+38+38,38,129.4,294,13,37580,400.0,13701,51281,1103,11.74,0.059,9.0,0.14,3,3.085,14.82,38층 330㎡(22.2×14.8m) + 38층 330㎡(22.2×14.8m) + 38층 330㎡(22.2×14.8m)
2개동,2개동,47+47,47,159.1,295,23,37580,400.0,12807,50387,886,9.43,0.035,33.5,0.42,2,3.301,14.14,47층 400㎡(28.3×14.1m) + 47층 400㎡(28.3×14.1m)
2개동,2개동,47+47,47,159.1,295,15,37580,400.0,13868,51448,894,9.51,0.131,28.0,0.35,2,3.243,11.54,47층 400㎡(34.6×11.5m) + 47층 400㎡(34.6×11.5m)
3개동,3개동,44+44+44,44,149.2,295,15,37580,400.0,14827,52407,960,10.22,0.042,9.8,0.13,3,3.206,13.78,44층 285㎡(20.7×13.8m) + 44층 285㎡(20.7×13.8m) + 44층 285㎡(20.7×13.8m)
3개동,3개동,44+44+44,44,149.2,295,20,37580,400.0,14827,52407,960,10.22,0.102,9.0,0.12,3,3.124,13.78,44층 285㎡(20.7×13.8m) + 44층 285㎡(20.7×13.8m) + 44층 285㎡(20.7×13.8m)
3개동,3개동,41+41+41,41,139.3,295,9,37580,400.0,17232,54812,1051,11.18,0.094,17.2,0.25,3,3.231,8.74,41층 306㎡(35.0×8.7m) + 41층 306㎡(35.0×8.7m) + 41층 306㎡(35.0×8.7m)
2개동,2개동,41+41,41,139.3,295,26,37580,400.0,11488,49068,1006,10.71,0.2,11.3,0.16,2,3.215,17.48,41층 458㎡(26.2×17.5m) + 41층 458㎡(26.2×17.5m)
3개동,3개동,41+41+41,41,139.3,295,22,37580,400.0,16002,53582,1041,11.08,0.114,13.0,0.19,3,3.2,10.09,41층 306㎡(30.3×10.1m) + 41층 306㎡(30.3×10.1m) + 41층 306㎡(30.3×10.1m)
3개동,3개동,41+41+41,41,139.3,295,19,37580,400.0,16002,53582,1041,11.08,0.12,13.0,0.19,3,3.129,10.09,41층 306㎡(30.3×10.1m) + 41층 306㎡(30.3×10.1m) + 41층 306㎡(30.3×10.1m)
3개동,3개동,41+41+41,41,139.3,295,19,37580,400.0,14789,52369,1031,10.97,0.096,13.0,0.19,3,3.115,12.36,41층 306㎡(24.7×12.4m) + 41층 306㎡(24.7×12.4m) + 41층 306㎡(24.7×12.4m)
3개동,3개동,41+41+41,41,139.3,295,19,37580,400.0,14273,51853,1027,10.93,0.079,9.0,0.13,3,3.09,14.27,41층 306㎡(21.4×14.3m) + 41층 306㎡(21.4×14.3m) + 41층 306㎡(21.4×14.3m)
3개동,3개동,38+38+38,38,129.4,295,13,37580,400.0,14198,51778,1107,11.79,0.043,13.0,0.2,3,3.113,12.84,38층 330㎡(25.7×12.8m) + 38층 330㎡(25.7×12.8m) + 38층 330㎡(25.7×12.8m)
2개동,2개동,50+50,50,169.0,296,24,37580,400.0,12771,50351,833,8.86,0.116,19.0,0.22,2,3.264,15.83,50층 376㎡(23.7×15.8m) + 50층 376㎡(23.7×15.8m)
3개동,3개동,44+44+44,44,149.2,296,27,37580,400.0,14827,52407,960,10.22,0.201,4.3,0.06,3,3.178,13.78,44층 285㎡(20.7×13.8m) + 44층 285㎡(20.7×13.8m) + 44층 285㎡(20.7×13.8m)
3개동,3개동,44+44+44,44,149.2,296,19,37580,400.0,14827,52407,960,10.22,0.102,9.0,0.12,3,3.117,13.78,44층 285㎡(20.7×13.8m) + 44층 285㎡(20.7×13.8m) + 44층 285㎡(20.7×13.8m)
3개동,3개동,38+38+38,38,129.4,296,9,37580,400.0,14198,51778,1107,11.79,0.056,19.7,0.3,3,3.203,12.84,38층 330㎡(25.7×12.8m) + 38층 330㎡(25.7×12.8m) + 38층 330㎡(25.7×12.8m)
2개동,2개동,50+50,50,169.0,297,22,37580,400.0,12771,50351,833,8.86,0.14,31.2,7.8,2,3.315,15.83,50층 376㎡(23.7×15.8m) + 50층 376㎡(23.7×15.8m)
2개동,2개동,47+47,47,159.1,297,14,37580,400.0,12356,49936,883,9.4,0.127,18.3,0.23,2,3.198,16.33,47층 400㎡(24.5×16.3m) + 47층 400㎡(24.5×16.3m)
3개동,3개동,44+44+44,44,149.2,297,17,37580,400.0,15362,52942,964,10.27,0.111,15.7,0.21,3,3.277,11.93,44층 285㎡(23.9×11.9m) + 44층 285㎡(23.9×11.9m) + 44층 285㎡(23.9×11.9m)
3개동,3개동,44+44+44,44,149.2,297,17,37580,400.0,14827,52407,960,10.22,0.107,13.8,0.19,3,3.26,13.78,44층 285㎡(20.7×13.8m) + 44층 285㎡(20.7×13.8m) + 44층 285㎡(20.7×13.8m)
3개동,3개동,44+44+44,44,149.2,297,20,37580,400.0,16619,54199,974,10.37,0.036,14.5,0.19,3,3.245,9.74,44층 285㎡(29.2×9.7m) + 44층 285㎡(29.2×9.7m) + 44층 285㎡(29.2×9.7m)
3개동,3개동,44+44+44,44,149.2,297,22,37580,400.0,15979,53559,969,10.32,0.118,9.0,0.12,3,3.227,10.67,44층 285㎡(26.7×10.7m) + 44층 285㎡(26.7×10.7m) + 44층 285㎡(26.7×10.7m)
3개동,3개동,44+44+44,44,149.2,297,23,37580,400.0,14827,52407,960,10.22,0.2,4.3,0.06,3,3.153,13.78,44층 285㎡(20.7×13.8m) + 44층 285㎡(20.7×13.8m) + 44층 285㎡(20.7×13.8m)
3개동,3개동,41+41+41,41,139.3,297,14,37580,400.0,15384,52964,1036,11.02,0.132,13.5,0.19,3,3.217,11.05,41층 306㎡(27.6×11.1m) + 41층 306㎡(27.6×11.1m) + 41층 306㎡(27.6×11.1m)
3개동,3개동,41+41+41,41,139.3,297,12,37580,400.0,15384,52964,1036,11.02,0.082,6.8,1.69,3,3.142,11.05,41층 306㎡(27.6×11.1m) + 41층 306㎡(27.6×11.1m) + 41층 306㎡(27.6×11.1m)
2개동,2개동,44+44,44,149.2,298,19,37580,400.0,14431,52011,959,10.21,0.051,13.9,3.48,2,3.123,10.33,44층 427㎡(41.3×10.3m) + 44층 427㎡(41.3×10.3m)
3개동,3개동,41+41+41,41,139.3,298,6,37580,400.0,17232,54812,1051,11.18,0.053,17.2,0.25,3,3.204,8.74,41층 306㎡(35.0×8.7m) + 41층 306㎡(35.0×8.7m) + 41층 306㎡(35.0×8.7m)
3개동,3개동,41+41+41,41,139.3,298,19,37580,400.0,15384,52964,1036,11.02,0.081,13.0,0.19,3,3.112,11.05,41층 306㎡(27.6×11.1m) + 41층 306㎡(27.6×11.1m) + 41층 306㎡(27.6×11.1m)
3개동,3개동,38+38+38,38,129.4,298,7,37580,400.0,14198,51778,1107,11.79,0.058,19.7,0.3,3,3.201,12.84,38층 330㎡(25.7×12.8m) + 38층 330㎡(25.7×12.8m) + 38층 330㎡(25.7×12.8m)
2개동,2개동,38+38,38,129.4,298,4,37580,400.0,13359,50939,1102,11.73,0.054,28.3,0.44,2,3.063,11.12,38층 494㎡(44.5×11.1m) + 38층 494㎡(44.5×11.1m)
2개동,2개동,53+53,53,178.9,299,16,37580,400.0,13176,50756,788,8.39,0.095,28.0,0.31,2,3.236,15.37,53층 355㎡(23.1×15.4m) + 53층 355㎡(23.1×15.4m)
2개동,2개동,47+47,47,159.1,299,15,37580,400.0,13327,50907,890,9.47,0.037,19.4,4.84,2,3.185,12.65,47층 400㎡(31.6×12.6m) + 47층 400㎡(31.6×12.6m)
3개동,3개동,44+44+44,44,149.2,299,22,37580,400.0,14827,52407,960,10.22,0.082,6.0,0.08,3,3.168,13.78,44층 285㎡(20.7×13.8m) + 44층 285㎡(20.7×13.8m) + 44층 285㎡(20.7×13.8m)
3개동,3개동,44+44+44,44,149.2,299,14,37580,400.0,16619,54199,974,10.37,0.179,13.0,0.17,3,3.162,9.74,44층 285㎡(29.2×9.7m) + 44층 285㎡(29.2×9.7m) + 44층 285㎡(29.2×9.7m)
2개동,2개동,44+44,44,149.2,299,23,37580,400.0,11928,49508,940,10.01,0.201,11.0,0.15,2,3.16,16.87,44층 427㎡(25.3×16.9m) + 44층 427㎡(25.3×16.9m)
3개동,3개동,44+44+44,44,149.2,299,19,37580,400.0,15362,52942,964,10.27,0.101,9.0,0.12,3,3.125,11.93,44층 285㎡(23.9×11.9m) + 44층 285㎡(23.9×11.9m) + 44층 285㎡(23.9×11.9m)
3개동,3개동,41+41+41,41,139.3,299,17,37580,400.0,15384,52964,1036,11.02,0.031,13.5,0.19,3,3.171,11.05,41층 306㎡(27.6×11.1m) + 41층 306㎡(27.6×11.1m) + 41층 306㎡(27.6×11.1m)
3개동,3개동,41+41+41,41,139.3,299,16,37580,400.0,16002,53582,1041,11.08,0.065,19.0,0.27,3,3.166,10.09,41층 306㎡(30.3×10.1m) + 41층 306㎡(30.3×10.1m) + 41층 306㎡(30.3×10.1m)
3개동,3개동,38+38+38,38,129.4,299,9,37580,400.0,14771,52351,1113,11.84,0.031,9.6,2.4,3,3.126,11.48,38층 330㎡(28.7×11.5m) + 38층 330㎡(28.7×11.5m) + 38층 330㎡(28.7×11.5m)
3개동,3개동,44+44+44,44,149.2,300,14,37580,400.0,14827,52407,960,10.22,0.101,17.3,0.23,3,3.252,13.78,44층 285㎡(20.7×13.8m) + 44층 285㎡(20.7×13.8m) + 44층 285㎡(20.7×13.8m)
3개동,3개동,44+44+44,44,149.2,300,24,37580,400.0,15362,52942,964,10.27,0.123,9.0,0.12,3,3.194,11.93,44층 285㎡(23.9×11.9m) + 44층 285㎡(23.9×11.9m) + 44층 285㎡(23.9×11.9m)
3개동,3개동,41+41+41,41,139.3,300,12,37580,400.0,14789,52369,1031,10.97,0.155,13.0,0.19,3,3.178,12.36,41층 306㎡(24.7×12.4m) + 41층 306㎡(24.7×12.4m) + 41층 306㎡(24.7×12.4m)
3개동,3개동,41+41+41,41,139.3,300,13,37580,400.0,15384,52964,1036,11.02,0.056,19.0,0.27,3,3.156,11.05,41층 306㎡(27.6×11.1m) + 41층 306㎡(27.6×11.1m) + 41층 306㎡(27.6×11.1m)
3개동,3개동,38+38+38,38,129.4,300,8,37580,400.0,14198,51778,1107,11.79,0.087,16.3,0.25,3,3.171,12.84,38층 330㎡(25.7×12.8m) + 38층 330㎡(25.7×12.8m) + 38층 330㎡(25.7×12.8m)
2개동,2개동,38+38,38,129.4,300,16,37580,400.0,15173,52753,1118,11.9,0.024,46.1,0.71,2,3.088,9.08,38층 494㎡(54.5×9.1m) + 38층 494㎡(54.5×9.1m)
2개동,2개동,53+53,53,178.9,301,21,37580,400.0,14208,51788,794,8.46,0.062,15.7,0.18,2,3.165,11.91,53층 355㎡(29.8×11.9m) + 53층 355㎡(29.8×11.9m)
3개동,3개동,38+38+38,38,129.4,301,7,37580,400.0,13701,51281,1103,11.74,0.14,13.0,0.2,3,3.107,14.82,38층 330㎡(22.2×14.8m) + 38층 330㎡(22.2×14.8m) + 38층 330㎡(22.2×14.8m)
2개동,2개동,55+55,55,185.5,302,21,37580,400.0,13929,51509,764,8.13,0.119,13.8,0.15,2,3.227,13.07,55층 342㎡(26.1×13.1m) + 55층 342㎡(26.1×13.1m)
2개동,2개동,55+55,55,185.5,302,25,37580,400.0,13441,51021,761,8.1,0.162,14.4,0.15,2,3.173,15.09,55층 342㎡(22.6×15.1m) + 55층 342㎡(22.6×15.1m)
2개동,2개동,50+50,50,169.0,302,21,37580,400.0,13237,50817,836,8.9,0.192,16.8,0.2,2,3.201,13.71,50층 376㎡(27.4×13.7m) + 50층 376㎡(27.4×13.7m)
2개동,2개동,47+47,47,159.1,302,22,37580,400.0,13327,50907,890,9.47,0.124,28.0,0.35,2,3.255,12.65,47층 400㎡(31.6×12.6m) + 47층 400㎡(31.6×12.6m)
2개동,2개동,47+47,47,159.1,302,30,37580,400.0,12807,50387,886,9.43,0.218,19.0,0.24,2,3.238,14.14,47층 400㎡(28.3×14.1m) + 47층 400㎡(28.3×14.1m)
2개동,2개동,47+47,47,159.1,302,15,37580,400.0,13327,50907,890,9.47,0.068,14.8,0.19,2,3.098,12.65,47층 400㎡(31.6×12.6m) + 47층 400㎡(31.6×12.6m)
3개동,3개동,44+44+44,44,149.2,302,21,37580,400.0,14827,52407,960,10.22,0.043,9.8,0.13,3,3.193,13.78,44층 285㎡(20.7×13.8m) + 44층 285㎡(20.7×13.8m) + 44층 285㎡(20.7×13.8m)
2개동,2개동,44+44,44,149.2,302,14,37580,400.0,11928,49508,940,10.01,0.118,15.1,0.2,2,3.144,16.87,44층 427㎡(25.3×16.9m) + 44층 427㎡(25.3×16.9m)
3개동,3개동,44+44+44,44,149.2,302,19,37580,400.0,15979,53559,969,10.32,0.106,13.0,0.17,3,3.122,10.67,44층 285㎡(26.7×10.7m) + 44층 285㎡(26.7×10.7m) + 44층 285㎡(26.7×10.7m)
3개동,3개동,41+41+41,41,139.3,302,11,37580,400.0,17232,54812,1051,11.18,0.096,18.7,0.27,3,3.199,8.74,41층 306㎡(35.0×8.7m) + 41층 306㎡(35.0×8.7m) + 41층 306㎡(35.0×8.7m)
3개동,3개동,41+41+41,41,139.3,302,8,37580,400.0,14789,52369,1031,10.97,0.134,11.9,0.17,3,3.178,12.36,41층 306㎡(24.7×12.4m) + 41층 306㎡(24.7×12.4m) + 41층 306㎡(24.7×12.4m)
3개동,3개동,41+41+41,41,139.3,302,24,37580,400.0,14273,51853,1027,10.93,0.19,9.0,0.13,3,3.149,14.27,41층 306㎡(21.4×14.3m) + 41층 306㎡(21.4×14.3m) + 41층 306㎡(21.4×14.3m)
3개동,3개동,41+41+41,41,139.3,302,9,37580,400.0,14789,52369,1031,10.97,0.022,13.0,3.25,3,3.147,12.36,41층 306㎡(24.7×12.4m) + 41층 306㎡(24.7×12.4m) + 41층 306㎡(24.7×12.4m)
3개동,3개동,38+38+38,38,129.4,302,9,37580,400.0,13701,51281,1103,11.74,0.055,17.7,0.27,3,3.169,14.82,38층 330㎡(22.2×14.8m) + 38층 330㎡(22.2×14.8m) + 38층 330㎡(22.2×14.8m)
2개동,2개동,38+38,38,129.4,302,10,37580,400.0,15173,52753,1118,11.9,0.031,29.7,0.46,2,2.998,9.08,38층 494㎡(54.5×9.1m) + 38층 494㎡(54.5×9.1m)
2개동,2개동,53+53,53,178.9,303,14,37580,400.0,14208,51788,794,8.46,0.09,26.9,0.3,2,3.225,11.91,53층 355㎡(29.8×11.9m) + 53층 355㎡(29.8×11.9m)
2개동,2개동,53+53,53,178.9,303,27,37580,400.0,15923,53503,805,8.57,0.066,28.0,0.31,2,3.17,9.41,53층 355㎡(37.7×9.4m) + 53층 355㎡(37.7×9.4m)
2개동,2개동,50+50,50,169.0,303,25,37580,400.0,14331,51911,843,8.97,0.119,28.0,0.33,2,3.263,11.19,50층 376㎡(33.6×11.2m) + 50층 376㎡(33.6×11.2m)
2개동,2개동,47+47,47,159.1,303,13,37580,400.0,13868,51448,894,9.51,0.146,20.5,0.26,2,3.134,11.54,47층 400㎡(34.6×11.5m) + 47층 400㎡(34.6×11.5m)
2개동,2개동,44+44,44,149.2,303,13,37580,400.0,12365,49945,944,10.05,0.165,17.3,0.23,2,3.168,14.61,44층 427㎡(29.2×14.6m) + 44층 427㎡(29.2×14.6m)
3개동,3개동,44+44+44,44,149.2,303,14,37580,400.0,14827,52407,960,10.22,0.109,9.0,0.12,3,3.143,13.78,44층 285㎡(20.7×13.8m) + 44층 285㎡(20.7×13.8m) + 44층 285㎡(20.7×13.8m)
3개동,3개동,41+41+41,41,139.3,303,19,37580,400.0,14789,52369,1031,10.97,0.041,11.9,0.17,3,3.162,12.36,41층 306㎡(24.7×12.4m) + 41층 306㎡(24.7×12.4m) + 41층 306㎡(24.7×12.4m)
3개동,3개동,41+41+41,41,139.3,303,9,37580,400.0,15384,52964,1036,11.02,0.034,9.5,2.38,3,3.12,11.05,41층 306㎡(27.6×11.1m) + 41층 306㎡(27.6×11.1m) + 41층 306㎡(27.6×11.1m)
3개동,3개동,38+38+38,38,129.4,303,7,37580,400.0,14771,52351,1113,11.84,0.136,19.0,0.29,3,3.156,11.48,38층 330㎡(28.7×11.5m) + 38층 330㎡(28.7×11.5m) + 38층 330㎡(28.7×11.5m)
2개동,2개동,50+50,50,169.0,304,20,37580,400.0,15439,53019,851,9.05,0.091,11.6,2.89,2,3.069,9.69,50층 376㎡(38.8×9.7m) + 50층 376㎡(38.8×9.7m)
3개동,3개동,41+41+41,41,139.3,304,10,37580,400.0,15384,52964,1036,11.02,0.133,13.5,0.19,3,3.176,11.05,41층 306㎡(27.6×11.1m) + 41층 306㎡(27.6×11.1m) + 41층 306㎡(27.6×11.1m)
3개동,3개동,38+38+38,38,129.4,304,9,37580,400.0,14198,51778,1107,11.79,0.081,16.3,0.25,3,3.169,12.84,38층 330㎡(25.7×12.8m) + 38층 330㎡(25.7×12.8m) + 38층 330㎡(25.7×12.8m)
2개동,2개동,50+50,50,169.0,305,15,37580,400.0,13774,51354,839,8.93,0.055,18.6,0.22,2,3.062,12.26,50층 376㎡(30.7×12.3m) + 50층 376㎡(30.7×12.3m)
3개동,3개동,44+44+44,44,149.2,305,15,37580,400.0,15979,53559,969,10.32,0.025,14.6,0.2,3,3.208,10.67,44층 285㎡(26.7×10.7m) + 44층 285㎡(26.7×10.7m) + 44층 285㎡(26.7×10.7m)
3개동,3개동,44+44+44,44,149.2,305,19,37580,400.0,15362,52942,964,10.27,0.074,9.0,0.12,3,3.162,11.93,44층 285㎡(23.9×11.9m) + 44층 285㎡(23.9×11.9m) + 44층 285㎡(23.9×11.9m)
3개동,3개동,44+44+44,44,149.2,305,6,37580,400.0,14827,52407,960,10.22,0.12,9.0,2.25,3,3.085,13.78,44층 285㎡(20.7×13.8m) + 44층 285㎡(20.7×13.8m) + 44층 285㎡(20.7×13.8m)
3개동,3개동,44+44+44,44,149.2,305,7,37580,400.0,15362,52942,964,10.27,0.126,4.3,1.08,3,3.057,11.93,44층 285㎡(23.9×11.9m) + 44층 285㎡(23.9×11.9m) + 44층 285㎡(23.9×11.9m)
3개동,3개동,41+41+41,41,139.3,305,21,37580,400.0,14273,51853,1027,10.93,0.079,13.0,0.19,3,3.159,14.27,41층 306㎡(21.4×14.3m) + 41층 306㎡(21.4×14.3m) + 41층 306㎡(21.4×14.3m)
3개동,3개동,38+38+38,38,129.4,305,4,37580,400.0,14771,52351,1113,11.84,0.048,21.4,0.33,3,3.187,11.48,38층 330㎡(28.7×11.5m) + 38층 330㎡(28.7×11.5m) + 38층 330㎡(28.7×11.5m)
2개동,2개동,47+47,47,159.1,306,19,37580,400.0,12807,50387,886,9.43,0.195,14.5,0.18,2,3.201,14.14,47층 400㎡(28.3×14.1m) + 47층 400㎡(28.3×14.1m)
3개동,3개동,44+44+44,44,149.2,306,10,37580,400.0,15362,52942,964,10.27,0.166,6.0,1.5,3,3.029,11.93,44층 285㎡(23.9×11.9m) + 44층 285㎡(23.9×11.9m) + 44층 285㎡(23.9×11.9m)
2개동,2개동,41+41,41,139.3,306,19,37580,400.0,12395,49975,1013,10.79,0.251,19.6,0.28,2,3.173,13.54,41층 458㎡(33.8×13.5m) + 41층 458㎡(33.8×13.5m)
3개동,3개동,41+41+41,41,139.3,306,14,37580,400.0,15384,52964,1036,11.02,0.134,13.0,0.19,3,3.152,11.05,41층 306㎡(27.6×11.1m) + 41층 306㎡(27.6×11.1m) + 41층 306㎡(27.6×11.1m)
2개동,2개동,55+55,55,185.5,307,13,37580,400.0,13441,51021,761,8.1,0.082,23.0,0.25,2,3.208,15.09,55층 342㎡(22.6×15.1m) + 55층 342㎡(22.6×15.1m)
2개동,2개동,53+53,53,178.9,307,20,37580,400.0,13656,51236,791,8.42,0.189,16.5,0.18,2,3.178,13.31,53층 355㎡(26.6×13.3m) + 53층 355㎡(26.6×13.3m)
2개동,2개동,50+50,50,169.0,307,22,37580,400.0,12771,50351,833,8.86,0.139,23.3,0.28,2,3.269,15.83,50층 376㎡(23.7×15.8m) + 50층 376㎡(23.7×15.8m)
3개동,3개동,41+41+41,41,139.3,307,6,37580,400.0,16002,53582,1041,11.08,0.085,18.9,0.27,3,3.228,10.09,41층 306㎡(30.3×10.1m) + 41층 306㎡(30.3×10.1m) + 41층 306㎡(30.3×10.1m)
3개동,3개동,41+41+41,41,139.3,307,12,37580,400.0,15384,52964,1036,11.02,0.116,14.9,0.21,3,3.212,11.05,41층 306㎡(27.6×11.1m) + 41층 306㎡(27.6×11.1m) + 41층 306㎡(27.6×11.1m)
3개동,3개동,41+41+41,41,139.3,307,13,37580,400.0,14273,51853,1027,10.93,0.161,13.0,0.19,3,3.163,14.27,41층 306㎡(21.4×14.3m) + 41층 306㎡(21.4×14.3m) + 41층 306㎡(21.4×14.3m)
3개동,3개동,41+41+41,41,139.3,307,19,37580,400.0,17232,54812,1051,11.18,0.083,19.0,0.27,3,3.163,8.74,41층 306㎡(35.0×8.7m) + 41층 306㎡(35.0×8.7m) + 41층 306㎡(35.0×8.7m)
3개동,3개동,44+44+44,44,149.2,308,16,37580,400.0,15362,52942,964,10.27,0.091,19.2,0.26,3,3.275,11.93,44층 285㎡(23.9×11.9m) + 44층 285㎡(23.9×11.9m) + 44층 285㎡(23.9×11.9m)
3개동,3개동,44+44+44,44,149.2,308,13,37580,400.0,15979,53559,969,10.32,0.127,13.2,0.18,3,3.234,10.67,44층 285㎡(26.7×10.7m) + 44층 285㎡(26.7×10.7m) + 44층 285㎡(26.7×10.7m)
3개동,3개동,41+41+41,41,139.3,308,18,37580,400.0,15384,52964,1036,11.02,0.062,19.0,0.27,3,3.159,11.05,41층 306㎡(27.6×11.1m) + 41층 306㎡(27.6×11.1m) + 41층 306㎡(27.6×11.1m)
3개동,3개동,38+38+38,38,129.4,308,9,37580,400.0,13701,51281,1103,11.74,0.051,28.0,0.43,3,3.107,14.82,38층 330㎡(22.2×14.8m) + 38층 330㎡(22.2×14.8m) + 38층 330㎡(22.2×14.8m)
3개동,3개동,44+44+44,44,149.2,309,11,37580,400.0,16619,54199,974,10.37,0.113,16.0,0.21,3,3.223,9.74,44층 285㎡(29.2×9.7m) + 44층 285㎡(29.2×9.7m) + 44층 285㎡(29.2×9.7m)
3개동,3개동,44+44+44,44,149.2,309,16,37580,400.0,15979,53559,969,10.32,0.09,13.0,0.17,3,3.198,10.67,44층 285㎡(26.7×10.7m) + 44층 285㎡(26.7×10.7m) + 44층 285㎡(26.7×10.7m)
3개동,3개동,44+44+44,44,149.2,309,18,37580,400.0,15362,52942,964,10.27,0.041,11.6,0.16,3,3.191,11.93,44층 285㎡(23.9×11.9m) + 44층 285㎡(23.9×11.9m) + 44층 285㎡(23.9×11.9m)
3개동,3개동,44+44+44,44,149.2,309,30,37580,400.0,16619,54199,974,10.37,0.201,9.0,0.12,3,3.179,9.74,44층 285㎡(29.2×9.7m) + 44층 285㎡(29.2×9.7m) + 44층 285㎡(29.2×9.7m)
3개동,3개동,41+41+41,41,139.3,309,19,37580,400.0,14273,51853,1027,10.93,0.035,10.0,0.14,3,3.112,14.27,41층 306㎡(21.4×14.3m) + 41층 306㎡(21.4×14.3m) + 41층 306㎡(21.4×14.3m)
3개동,3개동,44+44+44,44,149.2,310,10,37580,400.0,15362,52942,964,10.27,0.053,19.0,0.25,3,3.14,11.93,44층 285㎡(23.9×11.9m) + 44층 285㎡(23.9×11.9m) + 44층 285㎡(23.9×11.9m)
3개동,3개동,41+41+41,41,139.3,310,24,37580,400.0,15384,52964,1036,11.02,0.196,13.0,0.19,3,3.151,11.05,41층 306㎡(27.6×11.1m) + 41층 306㎡(27.6×11.1m) + 41층 306㎡(27.6×11.1m)
3개동,3개동,41+41+41,41,139.3,310,15,37580,400.0,14273,51853,1027,10.93,0.04,9.0,0.13,3,3.13,14.27,41층 306㎡(21.4×14.3m) + 41층 306㎡(21.4×14.3m) + 41층 306㎡(21.4×14.3m)
2개동,2개동,53+53,53,178.9,311,26,37580,400.0,13656,51236,791,8.42,0.054,12.5,0.14,2,3.185,13.31,53층 355㎡(26.6×13.3m) + 53층 355㎡(26.6×13.3m)
3개동,3개동,44+44+44,44,149.2,311,21,37580,400.0,15362,52942,964,10.27,0.094,13.0,0.17,3,3.179,11.93,44층 285㎡(23.9×11.9m) + 44층 285㎡(23.9×11.9m) + 44층 285㎡(23.9×11.9m)
3개동,3개동,41+41+41,41,139.3,311,8,37580,400.0,14273,51853,1027,10.93,0.104,10.0,0.14,3,3.171,14.27,41층 306㎡(21.4×14.3m) + 41층 306㎡(21.4×14.3m) + 41층 306㎡(21.4×14.3m)
3개동,3개동,38+38+38,38,129.4,311,13,37580,400.0,14198,51778,1107,11.79,0.034,12.2,0.19,3,3.181,12.84,38층 330㎡(25.7×12.8m) + 38층 330㎡(25.7×12.8m) + 38층 330㎡(25.7×12.8m)
2개동,2개동,55+55,55,185.5,312,24,37580,400.0,14492,52072,767,8.17,0.069,13.4,3.36,2,3.224,11.69,55층 342㎡(29.2×11.7m) + 55층 342㎡(29.2×11.7m)
3개동,3개동,44+44+44,44,149.2,312,21,37580,400.0,14827,52407,960,10.22,0.03,11.2,0.15,3,3.188,13.78,44층 285㎡(20.7×13.8m) + 44층 285㎡(20.7×13.8m) + 44층 285㎡(20.7×13.8m)
3개동,3개동,41+41+41,41,139.3,312,9,37580,400.0,16002,53582,1041,11.08,0.052,22.4,0.32,3,3.221,10.09,41층 306㎡(30.3×10.1m) + 41층 306㎡(30.3×10.1m) + 41층 306㎡(30.3×10.1m)
3개동,3개동,41+41+41,41,139.3,312,2,37580,400.0,17232,54812,1051,11.18,0.027,28.0,0.4,3,3.114,8.74,41층 306㎡(35.0×8.7m) + 41층 306㎡(35.0×8.7m) + 41층 306㎡(35.0×8.7m)
3개동,3개동,41+41+41,41,139.3,312,10,37580,400.0,15384,52964,1036,11.02,0.096,13.5,0.19,3,3.07,11.05,41층 306㎡(27.6×11.1m) + 41층 306㎡(27.6×11.1m) + 41층 306㎡(27.6×11.1m)
2개동,2개동,41+41,41,139.3,312,10,37580,400.0,14869,52449,1033,11.0,0.086,17.1,4.28,2,3.059,9.57,41층 458㎡(47.9×9.6m) + 41층 458㎡(47.9×9.6m)
2개동,2개동,50+50,50,169.0,313,28,37580,400.0,12771,50351,833,8.86,0.127,31.2,7.8,2,3.305,15.83,50층 376㎡(23.7×15.8m) + 50층 376㎡(23.7×15.8m)
2개동,2개동,47+47,47,159.1,313,25,37580,400.0,12807,50387,886,9.43,0.054,13.0,0.16,2,3.184,14.14,47층 400㎡(28.3×14.1m) + 47층 400㎡(28.3×14.1m)
2개동,2개동,47+47,47,159.1,313,13,37580,400.0,13868,51448,894,9.51,0.032,16.4,0.21,2,3.09,11.54,47층 400㎡(34.6×11.5m) + 47층 400㎡(34.6×11.5m)
2개동,2개동,41+41,41,139.3,313,16,37580,400.0,11488,49068,1006,10.71,0.06,28.0,0.4,2,3.251,17.48,41층 458㎡(26.2×17.5m) + 41층 458㎡(26.2×17.5m)
3개동,3개동,41+41+41,41,139.3,313,6,37580,400.0,15384,52964,1036,11.02,0.091,17.5,0.25,3,3.222,11.05,41층 306㎡(27.6×11.1m) + 41층 306㎡(27.6×11.1m) + 41층 306㎡(27.6×11.1m)
3개동,3개동,41+41+41,41,139.3,313,14,37580,400.0,14789,52369,1031,10.97,0.096,13.0,0.19,3,3.162,12.36,41층 306㎡(24.7×12.4m) + 41층 306㎡(24.7×12.4m) + 41층 306㎡(24.7×12.4m)
2개동,2개동,41+41,41,139.3,313,11,37580,400.0,12395,49975,1013,10.79,0.129,13.0,3.25,2,3.07,13.54,41층 458㎡(33.8×13.5m) + 41층 458㎡(33.8×13.5m)
2개동,2개동,53+53,53,178.9,314,18,37580,400.0,14208,51788,794,8.46,0.066,19.3,4.83,2,3.166,11.91,53층 355㎡(29.8×11.9m) + 53층 355㎡(29.8×11.9m)
3개동,3개동,44+44+44,44,149.2,314,13,37580,400.0,15362,52942,964,10.27,0.206,6.0,1.5,3,3.017,11.93,44층 285㎡(23.9×11.9m) + 44층 285㎡(23.9×11.9m) + 44층 285㎡(23.9×11.9m)
3개동,3개동,41+41+41,41,139.3,314,12,37580,400.0,14273,51853,1027,10.93,0.117,11.4,0.16,3,3.173,14.27,41층 306㎡(21.4×14.3m) + 41층 306㎡(21.4×14.3m) + 41층 306㎡(21.4×14.3m)
3개동,3개동,38+38+38,38,129.4,314,7,37580,400.0,14198,51778,1107,11.79,0.12,19.0,0.29,3,3.17,12.84,38층 330㎡(25.7×12.8m) + 38층 330㎡(25.7×12.8m) + 38층 330㎡(25.7×12.8m)
3개동,3개동,38+38+38,38,129.4,314,14,37580,400.0,14771,52351,1113,11.84,0.067,19.0,0.29,3,3.106,11.48,38층 330㎡(28.7×11.5m) + 38층 330㎡(28.7×11.5m) + 38층 330㎡(28.7×11.5m)
2개동,2개동,44+44,44,149.2,315,30,37580,400.0,11928,49508,940,10.01,0.214,19.0,0.25,2,3.231,16.87,44층 427㎡(25.3×16.9m) + 44층 427㎡(25.3×16.9m)
3개동,3개동,41+41+41,41,139.3,315,7,37580,400.0,15384,52964,1036,11.02,0.09,17.5,0.25,3,3.235,11.05,41층 306㎡(27.6×11.1m) + 41층 306㎡(27.6×11.1m) + 41층 306㎡(27.6×11.1m)
3개동,3개동,41+41+41,41,139.3,315,9,37580,400.0,17232,54812,1051,11.18,0.04,24.8,0.36,3,3.215,8.74,41층 306㎡(35.0×8.7m) + 41층 306㎡(35.0×8.7m) + 41층 306㎡(35.0×8.7m)
3개동,3개동,41+41+41,41,139.3,315,6,37580,400.0,14273,51853,1027,10.93,0.102,11.4,0.16,3,3.169,14.27,41층 306㎡(21.4×14.3m) + 41층 306㎡(21.4×14.3m) + 41층 306㎡(21.4×14.3m)
3개동,3개동,41+41+41,41,139.3,315,8,37580,400.0,14273,51853,1027,10.93,0.126,11.4,0.16,3,3.138,14.27,41층 306㎡(21.4×14.3m) + 41층 306㎡(21.4×14.3m) + 41층 306㎡(21.4×14.3m)
2개동,2개동,50+50,50,169.0,316,28,37580,400.0,13237,50817,836,8.9,0.158,28.0,0.33,2,3.244,13.71,50층 376㎡(27.4×13.7m) + 50층 376㎡(27.4×13.7m)
3개동,3개동,41+41+41,41,139.3,316,11,37580,400.0,14273,51853,1027,10.93,0.121,11.4,0.16,3,3.154,14.27,41층 306㎡(21.4×14.3m) + 41층 306㎡(21.4×14.3m) + 41층 306㎡(21.4×14.3m)
3개동,3개동,44+44+44,44,149.2,317,9,37580,400.0,15979,53559,969,10.32,0.023,13.3,3.34,3,3.082,10.67,44층 285㎡(26.7×10.7m) + 44층 285㎡(26.7×10.7m) + 44층 285㎡(26.7×10.7m)
3개동,3개동,41+41+41,41,139.3,317,4,37580,400.0,15384,52964,1036,11.02,0.058,21.0,0.3,3,3.224,11.05,41층 306㎡(27.6×11.1m) + 41층 306㎡(27.6×11.1m) + 41층 306㎡(27.6×11.1m)
3개동,3개동,41+41+41,41,139.3,317,19,37580,400.0,14789,52369,1031,10.97,0.155,13.0,0.19,3,3.131,12.36,41층 306㎡(24.7×12.4m) + 41층 306㎡(24.7×12.4m) + 41층 306㎡(24.7×12.4m)
3개동,3개동,41+41+41,41,139.3,317,18,37580,400.0,14273,51853,1027,10.93,0.03,10.0,0.14,3,3.095,14.27,41층 306㎡(21.4×14.3m) + 41층 306㎡(21.4×14.3m) + 41층 306㎡(21.4×14.3m)
3개동,3개동,41+41+41,41,139.3,317,13,37580,400.0,14789,52369,1031,10.97,0.04,13.0,0.19,3,3.078,12.36,41층 306㎡(24.7×12.4m) + 41층 306㎡(24.7×12.4m) + 41층 306㎡(24.7×12.4m)
2개동,2개동,55+55,55,185.5,318,19,37580,400.0,13929,51509,764,8.13,0.104,28.0,0.3,2,3.264,13.07,55층 342㎡(26.1×13.1m) + 55층 342㎡(26.1×13.1m)
3개동,3개동,44+44+44,44,149.2,318,10,37580,400.0,15979,53559,969,10.32,0.118,14.6,0.2,3,3.205,10.67,44층 285㎡(26.7×10.7m) + 44층 285㎡(26.7×10.7m) + 44층 285㎡(26.7×10.7m)
3개동,3개동,44+44+44,44,149.2,318,15,37580,400.0,14827,52407,960,10.22,0.043,9.8,0.13,3,3.151,13.78,44층 285㎡(20.7×13.8m) + 44층 285㎡(20.7×13.8m) + 44층 285㎡(20.7×13.8m)
3개동,3개동,44+44+44,44,149.2,319,16,37580,400.0,14827,52407,960,10.22,0.045,9.0,0.12,3,3.117,13.78,44층 285㎡(20.7×13.8m) + 44층 285㎡(20.7×13.8m) + 44층 285㎡(20.7×13.8m)
3개동,3개동,44+44+44,44,149.2,319,20,37580,400.0,14827,52407,960,10.22,0.042,9.8,0.13,3,3.115,13.78,44층 285㎡(20.7×13.8m) + 44층 285㎡(20.7×13.8m) + 44층 285㎡(20.7×13.8m)
3개동,3개동,38+38+38,38,129.4,319,9,37580,400.0,14771,52351,1113,11.84,0.193,4.3,1.07,3,2.949,11.48,38층 330㎡(28.7×11.5m) + 38층 330㎡(28.7×11.5m) + 38층 330㎡(28.7×11.5m)
2개동,2개동,50+50,50,169.0,320,23,37580,400.0,15439,53019,851,9.05,0.134,28.0,0.33,2,3.219,9.69,50층 376㎡(38.8×9.7m) + 50층 376㎡(38.8×9.7m)
3개동,3개동,44+44+44,44,149.2,320,8,37580,400.0,16619,54199,974,10.37,0.09,18.6,0.25,3,3.22,9.74,44층 285㎡(29.2×9.7m) + 44층 285㎡(29.2×9.7m) + 44층 285㎡(29.2×9.7m)
3개동,3개동,41+41+41,41,139.3,320,6,37580,400.0,14789,52369,1031,10.97,0.063,19.4,0.28,3,3.208,12.36,41층 306㎡(24.7×12.4m) + 41층 306㎡(24.7×12.4m) + 41층 306㎡(24.7×12.4m)
3개동,3개동,41+41+41,41,139.3,320,9,37580,400.0,14273,51853,1027,10.93,0.076,11.4,0.16,3,3.069,14.27,41층 306㎡(21.4×14.3m) + 41층 306㎡(21.4×14.3m) + 41층 306㎡(21.4×14.3m)
3개동,3개동,38+38+38,38,129.4,320,2,37580,400.0,13701,51281,1103,11.74,0.045,17.7,0.27,3,3.177,14.82,38층 330㎡(22.2×14.8m) + 38층 330㎡(22.2×14.8m) + 38층 330㎡(22.2×14.8m)
2개동,2개동,55+55,55,185.5,321,15,37580,400.0,14492,52072,767,8.17,0.037,21.5,0.23,2,3.033,11.69,55층 342㎡(29.2×11.7m) + 55층 342㎡(29.2×11.7m)
3개동,3개동,44+44+44,44,149.2,321,13,37580,400.0,14827,52407,960,10.22,0.155,13.0,0.17,3,3.144,13.78,44층 285㎡(20.7×13.8m) + 44층 285㎡(20.7×13.8m) + 44층 285㎡(20.7×13.8m)
3개동,3개동,44+44+44,44,149.2,321,17,37580,400.0,14827,52407,960,10.22,0.16,4.3,1.07,3,3.074,13.78,44층 285㎡(20.7×13.8m) + 44층 285㎡(20.7×13.8m) + 44층 285㎡(20.7×13.8m)
3개동,3개동,41+41+41,41,139.3,321,5,37580,400.0,14789,52369,1031,10.97,0.088,16.0,0.23,3,3.188,12.36,41층 306㎡(24.7×12.4m) + 41층 306㎡(24.7×12.4m) + 41층 306㎡(24.7×12.4m)
3개동,3개동,41+41+41,41,139.3,321,9,37580,400.0,14789,52369,1031,10.97,0.139,19.0,0.27,3,3.129,12.36,41층 306㎡(24.7×12.4m) + 41층 306㎡(24.7×12.4m) + 41층 306㎡(24.7×12.4m)
3개동,3개동,41+41+41,41,139.3,321,19,37580,400.0,14273,51853,1027,10.93,0.212,4.3,1.07,3,3.043,14.27,41층 306㎡(21.4×14.3m) + 41층 306㎡(21.4×14.3m) + 41층 306㎡(21.4×14.3m)
3개동,3개동,38+38+38,38,129.4,321,4,37580,400.0,13701,51281,1103,11.74,0.121,19.0,0.29,3,3.155,14.82,38층 330㎡(22.2×14.8m) + 38층 330㎡(22.2×14.8m) + 38층 330㎡(22.2×14.8m)
3개동,3개동,38+38+38,38,129.4,321,7,37580,400.0,13701,51281,1103,11.74,0.187,11.7,0.18,3,3.047,14.82,38층 330㎡(22.2×14.8m) + 38층 330㎡(22.2×14.8m) + 38층 330㎡(22.2×14.8m)
2개동,2개동,38+38,38,129.4,321,9,37580,400.0,13359,50939,1102,11.73,0.241,9.0,2.25,2,2.973,11.12,38층 494㎡(44.5×11.1m) + 38층 494㎡(44.5×11.1m)
2개동,2개동,53+53,53,178.9,322,19,37580,400.0,15923,53503,805,8.57,0.053,10.4,0.12,2,3.075,9.41,53층 355㎡(37.7×9.4m) + 53층 355㎡(37.7×9.4m)
3개동,3개동,44+44+44,44,149.2,322,12,37580,400.0,15979,53559,969,10.32,0.116,14.6,0.2,3,3.229,10.67,44층 285㎡(26.7×10.7m) + 44층 285㎡(26.7×10.7m) + 44층 285㎡(26.7×10.7m)
3개동,3개동,44+44+44,44,149.2,322,15,37580,400.0,15362,52942,964,10.27,0.135,11.6,0.16,3,3.177,11.93,44층 285㎡(23.9×11.9m) + 44층 285㎡(23.9×11.9m) + 44층 285㎡(23.9×11.9m)
3개동,3개동,44+44+44,44,149.2,322,13,37580,400.0,14827,52407,960,10.22,0.067,13.0,0.17,3,3.072,13.78,44층 285㎡(20.7×13.8m) + 44층 285㎡(20.7×13.8m) + 44층 285㎡(20.7×13.8m)
3개동,3개동,41+41+41,41,139.3,322,11,37580,400.0,14789,52369,1031,10.97,0.094,11.9,0.17,3,3.156,12.36,41층 306㎡(24.7×12.4m) + 41층 306㎡(24.7×12.4m) + 41층 306㎡(24.7×12.4m)
3개동,3개동,41+41+41,41,139.3,322,17,37580,400.0,14273,51853,1027,10.93,0.061,13.0,0.19,3,3.073,14.27,41층 306㎡(21.4×14.3m) + 41층 306㎡(21.4×14.3m) + 41층 306㎡(21.4×14.3m)
3개동,3개동,38+38+38,38,129.4,322,11,37580,400.0,15366,52946,1118,11.9,0.078,19.0,0.29,3,3.145,10.48,38층 330㎡(31.4×10.5m) + 38층 330㎡(31.4×10.5m) + 38층 330㎡(31.4×10.5m)
3개동,3개동,38+38+38,38,129.4,322,19,37580,400.0,14198,51778,1107,11.79,0.051,19.0,0.29,3,3.081,12.84,38층 330㎡(25.7×12.8m) + 38층 330㎡(25.7×12.8m) + 38층 330㎡(25.7×12.8m)
3개동,3개동,44+44+44,44,149.2,323,9,37580,400.0,16619,54199,974,10.37,0.114,16.0,0.21,3,3.165,9.74,44층 285㎡(29.2×9.7m) + 44층 285㎡(29.2×9.7m) + 44층 285㎡(29.2×9.7m)
3개동,3개동,44+44+44,44,149.2,323,27,37580,400.0,15362,52942,964,10.27,0.181,9.0,0.12,3,3.146,11.93,44층 285㎡(23.9×11.9m) + 44층 285㎡(23.9×11.9m) + 44층 285㎡(23.9×11.9m)
2개동,2개동,44+44,44,149.2,323,15,37580,400.0,13391,50971,952,10.13,0.166,6.0,1.5,2,3.052,11.93,44층 427㎡(35.8×11.9m) + 44층 427㎡(35.8×11.9m)
3개동,3개동,41+41+41,41,139.3,323,17,37580,400.0,14789,52369,1031,10.97,0.058,19.0,0.27,3,3.148,12.36,41층 306㎡(24.7×12.4m) + 41층 306㎡(24.7×12.4m) + 41층 306㎡(24.7×12.4m)
3개동,3개동,41+41+41,41,139.3,323,13,37580,400.0,14789,52369,1031,10.97,0.059,13.0,0.19,3,3.118,12.36,41층 306㎡(24.7×12.4m) + 41층 306㎡(24.7×12.4m) + 41층 306㎡(24.7×12.4m)
2개동,2개동,53+53,53,178.9,324,30,37580,400.0,14782,52362,798,8.49,0.187,28.0,0.31,2,3.21,10.87,53층 355㎡(32.6×10.9m) + 53층 355㎡(32.6×10.9m)
3개동,3개동,44+44+44,44,149.2,324,17,37580,400.0,14827,52407,960,10.22,0.068,13.0,0.17,3,3.137,13.78,44층 285㎡(20.7×13.8m) + 44층 285㎡(20.7×13.8m) + 44층 285㎡(20.7×13.8m)
3개동,3개동,41+41+41,41,139.3,324,8,37580,400.0,14789,52369,1031,10.97,0.064,16.0,0.23,3,3.067,12.36,41층 306㎡(24.7×12.4m) + 41층 306㎡(24.7×12.4m) + 41층 306㎡(24.7×12.4m)
2개동,2개동,55+55,55,185.5,325,17,37580,400.0,16239,53819,778,8.28,0.059,18.0,0.19,2,2.983,9.24,55층 342㎡(37.0×9.2m) + 55층 342㎡(37.0×9.2m)
3개동,3개동,44+44+44,44,149.2,325,13,37580,400.0,15979,53559,969,10.32,0.13,13.2,0.18,3,3.16,10.67,44층 285㎡(26.7×10.7m) + 44층 285㎡(26.7×10.7m) + 44층 285㎡(26.7×10.7m)
3개동,3개동,44+44+44,44,149.2,325,16,37580,400.0,15979,53559,969,10.32,0.059,13.0,0.17,3,3.129,10.67,44층 285㎡(26.7×10.7m) + 44층 285㎡(26.7×10.7m) + 44층 285㎡(26.7×10.7m)
3개동,3개동,41+41+41,41,139.3,325,10,37580,400.0,17232,54812,1051,11.18,0.047,19.0,0.27,3,3.144,8.74,41층 306㎡(35.0×8.7m) + 41층 306㎡(35.0×8.7m) + 41층 306㎡(35.0×8.7m)
3개동,3개동,41+41+41,41,139.3,325,9,37580,400.0,14789,52369,1031,10.97,0.219,6.0,1.5,3,2.989,12.36,41층 306㎡(24.7×12.4m) + 41층 306㎡(24.7×12.4m) + 41층 306㎡(24.7×12.4m)
2개동,2개동,44+44,44,149.2,326,16,37580,400.0,13391,50971,952,10.13,0.055,18.3,0.24,2,3.136,11.93,44층 427㎡(35.8×11.9m) + 44층 427㎡(35.8×11.9m)
3개동,3개동,41+41+41,41,139.3,326,3,37580,400.0,14273,51853,1027,10.93,0.063,17.5,0.25,3,3.163,14.27,41층 306㎡(21.4×14.3m) + 41층 306㎡(21.4×14.3m) + 41층 306㎡(21.4×14.3m)
3개동,3개동,38+38+38,38,129.4,326,18,37580,400.0,13701,51281,1103,11.74,0.028,19.0,0.29,3,3.06,14.82,38층 330㎡(22.2×14.8m) + 38층 330㎡(22.2×14.8m) + 38층 330㎡(22.2×14.8m)
2개동,2개동,53+53,53,178.9,327,19,37580,400.0,15923,53503,805,8.57,0.113,11.3,2.83,2,3.101,9.41,53층 355㎡(37.7×9.4m) + 53층 355㎡(37.7×9.4m)
3개동,3개동,44+44+44,44,149.2,327,24,37580,400.0,16619,54199,974,10.37,0.176,13.0,0.17,3,3.133,9.74,44층 285㎡(29.2×9.7m) + 44층 285㎡(29.2×9.7m) + 44층 285㎡(29.2×9.7m)
3개동,3개동,41+41+41,41,139.3,327,19,37580,400.0,16002,53582,1041,11.08,0.077,19.0,0.27,3,3.084,10.09,41층 306㎡(30.3×10.1m) + 41층 306㎡(30.3×10.1m) + 41층 306㎡(30.3×10.1m)
3개동,3개동,44+44+44,44,149.2,328,13,37580,400.0,15362,52942,964,10.27,0.065,13.0,0.17,3,3.133,11.93,44층 285㎡(23.9×11.9m) + 44층 285㎡(23.9×11.9m) + 44층 285㎡(23.9×11.9m)
3개동,3개동,44+44+44,44,149.2,328,13,37580,400.0,14827,52407,960,10.22,0.048,9.8,0.13,3,3.11,13.78,44층 285㎡(20.7×13.8m) + 44층 285㎡(20.7×13.8m) + 44층 285㎡(20.7×13.8m)
2개동,2개동,41+41,41,139.3,328,13,37580,400.0,11488,49068,1006,10.71,0.213,24.0,0.34,2,3.236,17.48,41층 458㎡(26.2×17.5m) + 41층 458㎡(26.2×17.5m)
3개동,3개동,41+41+41,41,139.3,328,11,37580,400.0,14273,51853,1027,10.93,0.098,11.4,0.16,3,3.049,14.27,41층 306㎡(21.4×14.3m) + 41층 306㎡(21.4×14.3m) + 41층 306㎡(21.4×14.3m)
2개동,2개동,55+55,55,185.5,329,20,37580,400.0,14492,52072,767,8.17,0.167,6.0,1.5,2,3.069,11.69,55층 342㎡(29.2×11.7m) + 55층 342㎡(29.2×11.7m)
3개동,3개동,44+44+44,44,149.2,329,9,37580,400.0,14827,52407,960,10.22,0.103,9.8,0.13,3,3.154,13.78,44층 285㎡(20.7×13.8m) + 44층 285㎡(20.7×13.8m) + 44층 285㎡(20.7×13.8m)
2개동,2개동,50+50,50,169.0,330,12,37580,400.0,14331,51911,843,8.97,0.097,28.7,0.34,2,3.145,11.19,50층 376㎡(33.6×11.2m) + 50층 376㎡(33.6×11.2m)
3개동,3개동,44+44+44,44,149.2,330,11,37580,400.0,15362,52942,964,10.27,0.039,19.0,0.25,3,3.163,11.93,44층 285㎡(23.9×11.9m) + 44층 285㎡(23.9×11.9m) + 44층 285㎡(23.9×11.9m)
3개동,3개동,44+44+44,44,149.2,330,10,37580,400.0,14827,52407,960,10.22,0.067,9.8,0.13,3,3.069,13.78,44층 285㎡(20.7×13.8m) + 44층 285㎡(20.7×13.8m) + 44층 285㎡(20.7×13.8m)
2개동,2개동,41+41,41,139.3,330,8,37580,400.0,11910,49490,1009,10.74,0.118,13.0,3.26,2,3.103,15.14,41층 458㎡(30.3×15.1m) + 41층 458㎡(30.3×15.1m)
2개동,2개동,38+38,38,129.4,330,12,37580,400.0,11907,49487,1089,11.6,0.135,6.1,1.52,2,3.022,14.06,38층 494㎡(35.2×14.1m) + 38층 494㎡(35.2×14.1m)
3개동,3개동,44+44+44,44,149.2,331,19,37580,400.0,15979,53559,969,10.32,0.031,14.6,0.2,3,3.161,10.67,44층 285㎡(26.7×10.7m) + 44층 285㎡(26.7×10.7m) + 44층 285㎡(26.7×10.7m)
3개동,3개동,44+44+44,44,149.2,332,11,37580,400.0,14827,52407,960,10.22,0.123,11.2,0.15,3,3.12,13.78,44층 285㎡(20.7×13.8m) + 44층 285㎡(20.7×13.8m) + 44층 285㎡(20.7×13.8m)
2개동,2개동,55+55,55,185.5,333,16,37580,400.0,16239,53819,778,8.28,0.045,16.0,4.01,2,3.064,9.24,55층 342㎡(37.0×9.2m) + 55층 342㎡(37.0×9.2m)
3개동,3개동,44+44+44,44,149.2,333,11,37580,400.0,16619,54199,974,10.37,0.09,18.6,0.25,3,3.188,9.74,44층 285㎡(29.2×9.7m) + 44층 285㎡(29.2×9.7m) + 44층 285㎡(29.2×9.7m)
3개동,3개동,44+44+44,44,149.2,333,19,37580,400.0,14827,52407,960,10.22,0.029,11.2,0.15,3,3.108,13.78,44층 285㎡(20.7×13.8m) + 44층 285㎡(20.7×13.8m) + 44층 285㎡(20.7×13.8m)
3개동,3개동,41+41+41,41,139.3,333,7,37580,400.0,16002,53582,1041,11.08,0.044,22.4,0.32,3,3.175,10.09,41층 306㎡(30.3×10.1m) + 41층 306㎡(30.3×10.1m) + 41층 306㎡(30.3×10.1m)
2개동,2개동,47+47,47,159.1,334,15,37580,400.0,15976,53556,909,9.67,0.054,14.7,0.18,2,3.071,8.94,47층 400㎡(44.7×8.9m) + 47층 400㎡(44.7×8.9m)
2개동,2개동,41+41,41,139.3,334,13,37580,400.0,11488,49068,1006,10.71,0.088,24.0,0.34,2,3.196,17.48,41층 458㎡(26.2×17.5m) + 41층 458㎡(26.2×17.5m)
3개동,3개동,41+41+41,41,139.3,334,15,37580,400.0,15384,52964,1036,11.02,0.067,19.0,0.27,3,3.091,11.05,41층 306㎡(27.6×11.1m) + 41층 306㎡(27.6×11.1m) + 41층 306㎡(27.6×11.1m)
2개동,2개동,55+55,55,185.5,335,15,37580,400.0,13441,51021,761,8.1,0.083,23.0,0.25,2,3.228,15.09,55층 342㎡(22.6×15.1m) + 55층 342㎡(22.6×15.1m)
2개동,2개동,53+53,53,178.9,335,18,37580,400.0,13656,51236,791,8.42,0.028,25.2,0.28,2,3.17,13.31,53층 355㎡(26.6×13.3m) + 53층 355㎡(26.6×13.3m)
3개동,3개동,44+44+44,44,149.2,335,26,37580,400.0,16619,54199,974,10.37,0.196,13.0,0.17,3,3.141,9.74,44층 285㎡(29.2×9.7m) + 44층 285㎡(29.2×9.7m) + 44층 285㎡(29.2×9.7m)
2개동,2개동,53+53,53,178.9,336,21,37580,400.0,14782,52362,798,8.49,0.072,17.1,0.19,2,3.091,10.87,53층 355㎡(32.6×10.9m) + 53층 355㎡(32.6×10.9m)
2개동,2개동,47+47,47,159.1,336,13,37580,400.0,14942,52522,902,9.6,0.034,19.1,0.24,2,3.031,10.0,47층 400㎡(40.0×10.0m) + 47층 400㎡(40.0×10.0m)
2개동,2개동,47+47,47,159.1,337,19,37580,400.0,13868,51448,894,9.51,0.046,23.9,0.3,2,3.118,11.54,47층 400㎡(34.6×11.5m) + 47층 400㎡(34.6×11.5m)
3개동,3개동,44+44+44,44,149.2,337,11,37580,400.0,15979,53559,969,10.32,0.083,14.6,0.2,3,3.162,10.67,44층 285㎡(26.7×10.7m) + 44층 285㎡(26.7×10.7m) + 44층 285㎡(26.7×10.7m)
3개동,3개동,44+44+44,44,149.2,337,11,37580,400.0,15362,52942,964,10.27,0.166,4.3,1.08,3,3.005,11.93,44층 285㎡(23.9×11.9m) + 44층 285㎡(23.9×11.9m) + 44층 285㎡(23.9×11.9m)
2개동,2개동,41+41,41,139.3,337,12,37580,400.0,11910,49490,1009,10.74,0.098,26.3,0.38,2,3.16,15.14,41층 458㎡(30.3×15.1m) + 41층 458㎡(30.3×15.1m)
3개동,3개동,41+41+41,41,139.3,337,9,37580,400.0,14789,52369,1031,10.97,0.074,28.0,0.4,3,3.097,12.36,41층 306㎡(24.7×12.4m) + 41층 306㎡(24.7×12.4m) + 41층 306㎡(24.7×12.4m)
2개동,2개동,50+50,50,169.0,338,19,37580,400.0,13774,51354,839,8.93,0.208,22.0,0.26,2,3.163,12.26,50층 376㎡(30.7×12.3m) + 50층 376㎡(30.7×12.3m)
3개동,3개동,44+44+44,44,149.2,338,10,37580,400.0,15979,53559,969,10.32,0.062,19.0,0.25,3,3.115,10.67,44층 285㎡(26.7×10.7m) + 44층 285㎡(26.7×10.7m) + 44층 285㎡(26.7×10.7m)
2개동,2개동,38+38,38,129.4,338,12,37580,400.0,12393,49973,1094,11.64,0.142,9.0,2.25,2,3.059,12.84,38층 494㎡(38.5×12.8m) + 38층 494㎡(38.5×12.8m)
2개동,2개동,38+38,38,129.4,338,2,37580,400.0,13359,50939,1102,11.73,0.05,14.6,3.65,2,3.004,11.12,38층 494㎡(44.5×11.1m) + 38층 494㎡(44.5×11.1m)
3개동,3개동,44+44+44,44,149.2,339,18,37580,400.0,15979,53559,969,10.32,0.062,19.0,0.25,3,3.141,10.67,44층 285㎡(26.7×10.7m) + 44층 285㎡(26.7×10.7m) + 44층 285㎡(26.7×10.7m)
3개동,3개동,41+41+41,41,139.3,339,13,37580,400.0,16002,53582,1041,11.08,0.049,19.0,0.27,3,3.099,10.09,41층 306㎡(30.3×10.1m) + 41층 306㎡(30.3×10.1m) + 41층 306㎡(30.3×10.1m)
3개동,3개동,38+38+38,38,129.4,339,2,37580,400.0,14771,52351,1113,11.84,0.075,28.0,0.43,3,3.125,11.48,38층 330㎡(28.7×11.5m) + 38층 330㎡(28.7×11.5m) + 38층 330㎡(28.7×11.5m)
2개동,2개동,55+55,55,185.5,340,22,37580,400.0,16239,53819,778,8.28,0.092,18.0,0.19,2,3.021,9.24,55층 342㎡(37.0×9.2m) + 55층 342㎡(37.0×9.2m)
2개동,2개동,50+50,50,169.0,340,18,37580,400.0,13774,51354,839,8.93,0.192,27.2,0.32,2,3.218,12.26,50층 376㎡(30.7×12.3m) + 50층 376㎡(30.7×12.3m)
3개동,3개동,44+44+44,44,149.2,340,18,37580,400.0,14827,52407,960,10.22,0.143,13.0,0.17,3,3.097,13.78,44층 285㎡(20.7×13.8m) + 44층 285㎡(20.7×13.8m) + 44층 285㎡(20.7×13.8m)
3개동,3개동,41+41+41,41,139.3,340,11,37580,400.0,14273,51853,1027,10.93,0.169,10.0,0.14,3,3.039,14.27,41층 306㎡(21.4×14.3m) + 41층 306㎡(21.4×14.3m) + 41층 306㎡(21.4×14.3m)
3개동,3개동,38+38+38,38,129.4,340,2,37580,400.0,15366,52946,1118,11.9,0.081,28.0,0.43,3,3.131,10.48,38층 330㎡(31.4×10.5m) + 38층 330㎡(31.4×10.5m) + 38층 330㎡(31.4×10.5m)
3개동,3개동,38+38+38,38,129.4,340,5,37580,400.0,14198,51778,1107,11.79,0.188,13.0,3.25,3,2.983,12.84,38층 330㎡(25.7×12.8m) + 38층 330㎡(25.7×12.8m) + 38층 330㎡(25.7×12.8m)
2개동,2개동,55+55,55,185.5,341,15,37580,400.0,15076,52656,771,8.2,0.053,28.6,7.14,2,3.105,10.67,55층 342㎡(32.0×10.7m) + 55층 342㎡(32.0×10.7m)
3개동,3개동,44+44+44,44,149.2,341,2,37580,400.0,16619,54199,974,10.37,0.047,22.0,0.3,3,3.198,9.74,44층 285㎡(29.2×9.7m) + 44층 285㎡(29.2×9.7m) + 44층 285㎡(29.2×9.7m)
3개동,3개동,41+41+41,41,139.3,341,6,37580,400.0,14273,51853,1027,10.93,0.169,13.0,3.25,3,3.019,14.27,41층 306㎡(21.4×14.3m) + 41층 306㎡(21.4×14.3m) + 41층 306㎡(21.4×14.3m)
3개동,3개동,41+41+41,41,139.3,341,19,37580,400.0,14789,52369,1031,10.97,0.133,4.3,1.08,3,2.938,12.36,41층 306㎡(24.7×12.4m) + 41층 306㎡(24.7×12.4m) + 41층 306㎡(24.7×12.4m)
3개동,3개동,44+44+44,44,149.2,342,10,37580,400.0,15979,53559,969,10.32,0.091,17.2,0.23,3,3.16,10.67,44층 285㎡(26.7×10.7m) + 44층 285㎡(26.7×10.7m) + 44층 285㎡(26.7×10.7m)
3개동,3개동,41+41+41,41,139.3,343,8,37580,400.0,14789,52369,1031,10.97,0.057,19.4,0.28,3,3.158,12.36,41층 306㎡(24.7×12.4m) + 41층 306㎡(24.7×12.4m) + 41층 306㎡(24.7×12.4m)
3개동,3개동,44+44+44,44,149.2,344,11,37580,400.0,15362,52942,964,10.27,0.096,15.7,0.21,3,3.148,11.93,44층 285㎡(23.9×11.9m) + 44층 285㎡(23.9×11.9m) + 44층 285㎡(23.9×11.9m)
3개동,3개동,44+44+44,44,149.2,344,9,37580,400.0,14827,52407,960,10.22,0.03,19.0,0.25,3,3.142,13.78,44층 285㎡(20.7×13.8m) + 44층 285㎡(20.7×13.8m) + 44층 285㎡(20.7×13.8m)
2개동,2개동,53+53,53,178.9,345,20,37580,400.0,14782,52362,798,8.49,0.081,19.7,0.22,2,3.047,10.87,53층 355㎡(32.6×10.9m) + 53층 355㎡(32.6×10.9m)
2개동,2개동,47+47,47,159.1,345,12,37580,400.0,13327,50907,890,9.47,0.117,27.5,0.35,2,3.154,12.65,47층 400㎡(31.6×12.6m) + 47층 400㎡(31.6×12.6m)
3개동,3개동,44+44+44,44,149.2,345,2,37580,400.0,15362,52942,964,10.27,0.059,19.2,0.26,3,3.176,11.93,44층 285㎡(23.9×11.9m) + 44층 285㎡(23.9×11.9m) + 44층 285㎡(23.9×11.9m)
2개동,2개동,44+44,44,149.2,345,13,37580,400.0,13391,50971,952,10.13,0.125,7.8,1.94,2,3.049,11.93,44층 427㎡(35.8×11.9m) + 44층 427㎡(35.8×11.9m)
3개동,3개동,41+41+41,41,139.3,345,7,37580,400.0,17232,54812,1051,11.18,0.113,28.0,0.4,3,3.06,8.74,41층 306㎡(35.0×8.7m) + 41층 306㎡(35.0×8.7m) + 41층 306㎡(35.0×8.7m)
3개동,3개동,38+38+38,38,129.4,346,2,37580,400.0,16550,54130,1128,12.01,0.118,28.0,0.43,3,3.122,9.08,38층 330㎡(36.3×9.1m) + 38층 330㎡(36.3×9.1m) + 38층 330㎡(36.3×9.1m)
2개동,2개동,55+55,55,185.5,347,19,37580,400.0,13441,51021,761,8.1,0.125,28.0,7.0,2,3.143,15.09,55층 342㎡(22.6×15.1m) + 55층 342㎡(22.6×15.1m)
3개동,3개동,44+44+44,44,149.2,348,14,37580,400.0,16619,54199,974,10.37,0.156,19.0,0.25,3,3.094,9.74,44층 285㎡(29.2×9.7m) + 44층 285㎡(29.2×9.7m) + 44층 285㎡(29.2×9.7m)
2개동,2개동,41+41,41,139.3,348,3,37580,400.0,12395,49975,1013,10.79,0.129,28.0,7.0,2,3.108,13.54,41층 458㎡(33.8×13.5m) + 41층 458㎡(33.8×13.5m)
3개동,3개동,41+41+41,41,139.3,348,7,37580,400.0,14789,52369,1031,10.97,0.19,11.9,0.17,3,3.015,12.36,41층 306㎡(24.7×12.4m) + 41층 306㎡(24.7×12.4m) + 41층 306㎡(24.7×12.4m)
3개동,3개동,38+38+38,38,129.4,348,2,37580,400.0,14198,51778,1107,11.79,0.142,13.0,3.25,3,3.003,12.84,38층 330㎡(25.7×12.8m) + 38층 330㎡(25.7×12.8m) + 38층 330㎡(25.7×12.8m)
3개동,3개동,44+44+44,44,149.2,349,14,37580,400.0,16619,54199,974,10.37,0.156,19.0,0.25,3,3.099,9.74,44층 285㎡(29.2×9.7m) + 44층 285㎡(29.2×9.7m) + 44층 285㎡(29.2×9.7m)
3개동,3개동,41+41+41,41,139.3,349,14,37580,400.0,14789,52369,1031,10.97,0.034,19.0,0.27,3,3.07,12.36,41층 306㎡(24.7×12.4m) + 41층 306㎡(24.7×12.4m) + 41층 306㎡(24.7×12.4m)
3개동,3개동,38+38+38,38,129.4,349,0,37580,400.0,14198,51778,1107,11.79,0.045,6.0,1.51,3,2.941,12.84,38층 330㎡(25.7×12.8m) + 38층 330㎡(25.7×12.8m) + 38층 330㎡(25.7×12.8m)
2개동,2개동,53+53,53,178.9,350,16,37580,400.0,13176,50756,788,8.39,0.129,28.0,7.0,2,3.149,15.37,53층 355㎡(23.1×15.4m) + 53층 355㎡(23.1×15.4m)
3개동,3개동,44+44+44,44,149.2,350,16,37580,400.0,16619,54199,974,10.37,0.135,19.0,0.25,3,3.11,9.74,44층 285㎡(29.2×9.7m) + 44층 285㎡(29.2×9.7m) + 44층 285㎡(29.2×9.7m)
3개동,3개동,44+44+44,44,149.2,350,9,37580,400.0,15362,52942,964,10.27,0.084,13.1,0.18,3,3.046,11.93,44층 285㎡(23.9×11.9m) + 44층 285㎡(23.9×11.9m) + 44층 285㎡(23.9×11.9m)
2개동,2개동,53+53,53,178.9,351,19,37580,400.0,13176,50756,788,8.39,0.047,23.1,0.26,2,3.144,15.37,53층 355㎡(23.1×15.4m) + 53층 355㎡(23.1×15.4m)
3개동,3개동,44+44+44,44,149.2,351,14,37580,400.0,16619,54199,974,10.37,0.134,19.0,0.25,3,3.112,9.74,44층 285㎡(29.2×9.7m) + 44층 285㎡(29.2×9.7m) + 44층 285㎡(29.2×9.7m)
2개동,2개동,53+53,53,178.9,352,20,37580,400.0,13176,50756,788,8.39,0.129,28.0,7.0,2,3.174,15.37,53층 355㎡(23.1×15.4m) + 53층 355㎡(23.1×15.4m)
3개동,3개동,41+41+41,41,139.3,355,7,37580,400.0,16002,53582,1041,11.08,0.193,14.9,0.21,3,3.004,10.09,41층 306㎡(30.3×10.1m) + 41층 306㎡(30.3×10.1m) + 41층 306㎡(30.3×10.1m)
3개동,3개동,38+38+38,38,129.4,355,0,37580,400.0,13701,51281,1103,11.74,0.033,9.4,2.36,3,2.998,14.82,38층 330㎡(22.2×14.8m) + 38층 330㎡(22.2×14.8m) + 38층 330㎡(22.2×14.8m)
2개동,2개동,44+44,44,149.2,356,15,37580,400.0,11928,49508,940,10.01,0.025,19.2,4.81,2,3.166,16.87,44층 427㎡(25.3×16.9m) + 44층 427㎡(25.3×16.9m)
3개동,3개동,38+38+38,38,129.4,356,0,37580,400.0,14198,51778,1107,11.79,0.05,28.0,0.43,3,3.147,12.84,38층 330㎡(25.7×12.8m) + 38층 330㎡(25.7×12.8m) + 38층 330㎡(25.7×12.8m)
3개동,3개동,44+44+44,44,149.2,357,8,37580,400.0,15362,52942,964,10.27,0.124,19.0,0.25,3,3.113,11.93,44층 285㎡(23.9×11.9m) + 44층 285㎡(23.9×11.9m) + 44층 285㎡(23.9×11.9m)
3개동,3개동,44+44+44,44,149.2,357,15,37580,400.0,14827,52407,960,10.22,0.16,9.0,2.25,3,2.994,13.78,44층 285㎡(20.7×13.8m) + 44층 285㎡(20.7×13.8m) + 44층 285㎡(20.7×13.8m)
3개동,3개동,38+38+38,38,129.4,357,10,37580,400.0,14198,51778,1107,11.79,0.07,12.2,0.19,3,2.97,12.84,38층 330㎡(25.7×12.8m) + 38층 330㎡(25.7×12.8m) + 38층 330㎡(25.7×12.8m)
2개동,2개동,47+47,47,159.1,358,16,37580,400.0,13327,50907,890,9.47,0.116,9.0,2.25,2,3.054,12.65,47층 400㎡(31.6×12.6m) + 47층 400㎡(31.6×12.6m)
3개동,3개동,44+44+44,44,149.2,358,3,37580,400.0,14827,52407,960,10.22,0.068,9.4,2.35,3,3.007,13.78,44층 285㎡(20.7×13.8m) + 44층 285㎡(20.7×13.8m) + 44층 285㎡(20.7×13.8m)
3개동,3개동,44+44+44,44,149.2,358,19,37580,400.0,14827,52407,960,10.22,0.16,9.0,2.25,3,2.974,13.78,44층 285㎡(20.7×13.8m) + 44층 285㎡(20.7×13.8m) + 44층 285㎡(20.7×13.8m)
3개동,3개동,41+41+41,41,139.3,358,12,37580,400.0,14789,52369,1031,10.97,0.133,4.3,1.08,3,2.998,12.36,41층 306㎡(24.7×12.4m) + 41층 306㎡(24.7×12.4m) + 41층 306㎡(24.7×12.4m)
3개동,3개동,38+38+38,38,129.4,358,10,37580,400.0,13701,51281,1103,11.74,0.108,10.2,0.16,3,3.003,14.82,38층 330㎡(22.2×14.8m) + 38층 330㎡(22.2×14.8m) + 38층 330㎡(22.2×14.8m)
2개동,2개동,41+41,41,139.3,359,14,37580,400.0,12900,50480,1017,10.83,0.104,8.0,2.0,2,2.931,12.36,41층 458㎡(37.1×12.4m) + 41층 458㎡(37.1×12.4m)
2개동,2개동,53+53,53,178.9,360,19,37580,400.0,13176,50756,788,8.39,0.162,28.0,7.0,2,3.137,15.37,53층 355㎡(23.1×15.4m) + 53층 355㎡(23.1×15.4m)
3개동,3개동,41+41+41,41,139.3,361,9,37580,400.0,16002,53582,1041,11.08,0.027,14.9,0.21,3,2.938,10.09,41층 306㎡(30.3×10.1m) + 41층 306㎡(30.3×10.1m) + 41층 306㎡(30.3×10.1m)
3개동,3개동,41+41+41,41,139.3,362,4,37580,400.0,17232,54812,1051,11.18,0.087,28.0,0.4,3,3.1,8.74,41층 306㎡(35.0×8.7m) + 41층 306㎡(35.0×8.7m) + 41층 306㎡(35.0×8.7m)
2개동,2개동,53+53,53,178.9,363,19,37580,400.0,14208,51788,794,8.46,0.058,5.5,1.38,2,2.986,11.91,53층 355㎡(29.8×11.9m) + 53층 355㎡(29.8×11.9m)
2개동,2개동,50+50,50,169.0,363,20,37580,400.0,13237,50817,836,8.9,0.077,9.0,2.26,2,3.103,13.71,50층 376㎡(27.4×13.7m) + 50층 376㎡(27.4×13.7m)
2개동,2개동,44+44,44,149.2,364,19,37580,400.0,12365,49945,944,10.05,0.157,28.0,7.0,2,3.088,14.61,44층 427㎡(29.2×14.6m) + 44층 427㎡(29.2×14.6m)
3개동,3개동,41+41+41,41,139.3,364,3,37580,400.0,17232,54812,1051,11.18,0.095,28.0,0.4,3,3.102,8.74,41층 306㎡(35.0×8.7m) + 41층 306㎡(35.0×8.7m) + 41층 306㎡(35.0×8.7m)
3개동,3개동,41+41+41,41,139.3,364,6,37580,400.0,14789,52369,1031,10.97,0.059,28.0,0.4,3,3.098,12.36,41층 306㎡(24.7×12.4m) + 41층 306㎡(24.7×12.4m) + 41층 306㎡(24.7×12.4m)
2개동,2개동,55+55,55,185.5,365,16,37580,400.0,14492,52072,767,8.17,0.107,9.6,2.4,2,3.016,11.69,55층 342㎡(29.2×11.7m) + 55층 342㎡(29.2×11.7m)
3개동,3개동,44+44+44,44,149.2,365,7,37580,400.0,15362,52942,964,10.27,0.163,11.6,0.16,3,3.013,11.93,44층 285㎡(23.9×11.9m) + 44층 285㎡(23.9×11.9m) + 44층 285㎡(23.9×11.9m)
2개동,2개동,50+50,50,169.0,366,13,37580,400.0,15439,53019,851,9.05,0.153,4.3,1.07,2,2.992,9.69,50층 376㎡(38.8×9.7m) + 50층 376㎡(38.8×9.7m)
3개동,3개동,41+41+41,41,139.3,367,10,37580,400.0,14789,52369,1031,10.97,0.094,11.9,0.17,3,2.981,12.36,41층 306㎡(24.7×12.4m) + 41층 306㎡(24.7×12.4m) + 41층 306㎡(24.7×12.4m)
2개동,2개동,50+50,50,169.0,368,12,37580,400.0,16505,54085,858,9.13,0.034,20.9,0.25,2,2.966,8.67,50층 376㎡(43.3×8.7m) + 50층 376㎡(43.3×8.7m)
2개동,2개동,47+47,47,159.1,368,15,37580,400.0,13327,50907,890,9.47,0.095,7.1,1.77,2,2.966,12.65,47층 400㎡(31.6×12.6m) + 47층 400㎡(31.6×12.6m)
3개동,3개동,44+44+44,44,149.2,368,9,37580,400.0,14827,52407,960,10.22,0.055,28.0,0.38,3,3.074,13.78,44층 285㎡(20.7×13.8m) + 44층 285㎡(20.7×13.8m) + 44층 285㎡(20.7×13.8m)
3개동,3개동,44+44+44,44,149.2,368,9,37580,400.0,16619,54199,974,10.37,0.214,4.3,1.08,3,2.855,9.74,44층 285㎡(29.2×9.7m) + 44층 285㎡(29.2×9.7m) + 44층 285㎡(29.2×9.7m)
3개동,3개동,41+41+41,41,139.3,369,0,37580,400.0,14789,52369,1031,10.97,0.047,28.0,0.4,3,3.128,12.36,41층 306㎡(24.7×12.4m) + 41층 306㎡(24.7×12.4m) + 41층 306㎡(24.7×12.4m)
3개동,3개동,44+44+44,44,149.2,370,6,37580,400.0,15979,53559,969,10.32,0.047,5.2,1.31,3,2.873,10.67,44층 285㎡(26.7×10.7m) + 44층 285㎡(26.7×10.7m) + 44층 285㎡(26.7×10.7m)
3개동,3개동,44+44+44,44,149.2,371,9,37580,400.0,14827,52407,960,10.22,0.055,28.0,0.38,3,3.074,13.78,44층 285㎡(20.7×13.8m) + 44층 285㎡(20.7×13.8m) + 44층 285㎡(20.7×13.8m)
3개동,3개동,44+44+44,44,149.2,372,11,37580,400.0,15979,53559,969,10.32,0.031,13.2,0.18,3,2.944,10.67,44층 285㎡(26.7×10.7m) + 44층 285㎡(26.7×10.7m) + 44층 285㎡(26.7×10.7m)
3개동,3개동,44+44+44,44,149.2,372,9,37580,400.0,15362,52942,964,10.27,0.206,13.0,3.25,3,2.937,11.93,44층 285㎡(23.9×11.9m) + 44층 285㎡(23.9×11.9m) + 44층 285㎡(23.9×11.9m)
3개동,3개동,44+44+44,44,149.2,372,3,37580,400.0,15979,53559,969,10.32,0.13,9.0,2.25,3,2.915,10.67,44층 285㎡(26.7×10.7m) + 44층 285㎡(26.7×10.7m) + 44층 285㎡(26.7×10.7m)
2개동,2개동,50+50,50,169.0,374,7,37580,400.0,12771,50351,833,8.86,0.064,19.2,4.81,2,3.139,15.83,50층 376㎡(23.7×15.8m) + 50층 376㎡(23.7×15.8m)
3개동,3개동,44+44+44,44,149.2,374,7,37580,400.0,15362,52942,964,10.27,0.073,28.0,0.38,3,3.086,11.93,44층 285㎡(23.9×11.9m) + 44층 285㎡(23.9×11.9m) + 44층 285㎡(23.9×11.9m)
2개동,2개동,53+53,53,178.9,375,21,37580,400.0,15923,53503,805,8.57,0.165,38.8,0.43,2,3.126,9.41,53층 355㎡(37.7×9.4m) + 53층 355㎡(37.7×9.4m)
2개동,2개동,47+47,47,159.1,375,10,37580,400.0,13327,50907,890,9.47,0.116,19.0,4.75,2,3.042,12.65,47층 400㎡(31.6×12.6m) + 47층 400㎡(31.6×12.6m)
3개동,3개동,44+44+44,44,149.2,375,10,37580,400.0,15362,52942,964,10.27,0.093,11.6,0.16,3,2.961,11.93,44층 285㎡(23.9×11.9m) + 44층 285㎡(23.9×11.9m) + 44층 285㎡(23.9×11.9m)
2개동,2개동,53+53,53,178.9,376,14,37580,400.0,14208,51788,794,8.46,0.079,13.5,3.36,2,2.988,11.91,53층 355㎡(29.8×11.9m) + 53층 355㎡(29.8×11.9m)
2개동,2개동,47+47,47,159.1,376,9,37580,400.0,14942,52522,902,9.6,0.162,9.0,2.25,2,2.936,10.0,47층 400㎡(40.0×10.0m) + 47층 400㎡(40.0×10.0m)
2개동,2개동,44+44,44,149.2,378,11,37580,400.0,12868,50448,948,10.09,0.094,35.7,0.48,2,3.162,13.07,44층 427㎡(32.7×13.1m) + 44층 427㎡(32.7×13.1m)
3개동,3개동,44+44+44,44,149.2,379,10,37580,400.0,14827,52407,960,10.22,0.037,28.0,0.38,3,3.079,13.78,44층 285㎡(20.7×13.8m) + 44층 285㎡(20.7×13.8m) + 44층 285㎡(20.7×13.8m)
3개동,3개동,44+44+44,44,149.2,379,10,37580,400.0,15979,53559,969,10.32,0.096,13.2,0.18,3,2.962,10.67,44층 285㎡(26.7×10.7m) + 44층 285㎡(26.7×10.7m) + 44층 285㎡(26.7×10.7m)
3개동,3개동,41+41+41,41,139.3,379,10,37580,400.0,14273,51853,1027,10.93,0.098,11.4,0.16,3,2.98,14.27,41층 306㎡(21.4×14.3m) + 41층 306㎡(21.4×14.3m) + 41층 306㎡(21.4×14.3m)
3개동,3개동,41+41+41,41,139.3,381,0,37580,400.0,14273,51853,1027,10.93,0.036,9.4,2.35,3,2.975,14.27,41층 306㎡(21.4×14.3m) + 41층 306㎡(21.4×14.3m) + 41층 306㎡(21.4×14.3m)
2개동,2개동,50+50,50,169.0,382,11,37580,400.0,15439,53019,851,9.05,0.118,4.3,1.07,2,2.959,9.69,50층 376㎡(38.8×9.7m) + 50층 376㎡(38.8×9.7m)
2개동,2개동,53+53,53,178.9,383,7,37580,400.0,14208,51788,794,8.46,0.075,13.5,3.36,2,3.039,11.91,53층 355㎡(29.8×11.9m) + 53층 355㎡(29.8×11.9m)
3개동,3개동,44+44+44,44,149.2,383,4,37580,400.0,15362,52942,964,10.27,0.033,9.0,2.25,3,2.946,11.93,44층 285㎡(23.9×11.9m) + 44층 285㎡(23.9×11.9m) + 44층 285㎡(23.9×11.9m)
2개동,2개동,50+50,50,169.0,385,11,37580,400.0,14331,51911,843,8.97,0.024,7.4,1.84,2,2.991,11.19,50층 376㎡(33.6×11.2m) + 50층 376㎡(33.6×11.2m)
3개동,3개동,44+44+44,44,149.2,386,7,37580,400.0,14827,52407,960,10.22,0.042,28.0,0.38,3,3.083,13.78,44층 285㎡(20.7×13.8m) + 44층 285㎡(20.7×13.8m) + 44층 285㎡(20.7×13.8m)
3개동,3개동,44+44+44,44,149.2,386,3,37580,400.0,14827,52407,960,10.22,0.054,5.1,1.27,3,2.925,13.78,44층 285㎡(20.7×13.8m) + 44층 285㎡(20.7×13.8m) + 44층 285㎡(20.7×13.8m)
2개동,2개동,53+53,53,178.9,390,12,37580,400.0,15923,53503,805,8.57,0.021,11.3,2.83,2,2.903,9.41,53층 355㎡(37.7×9.4m) + 53층 355㎡(37.7×9.4m)
2개동,2개동,41+41,41,139.3,392,11,37580,400.0,11910,49490,1009,10.74,0.076,19.0,4.76,2,3.059,15.14,41층 458㎡(30.3×15.1m) + 41층 458㎡(30.3×15.1m)
3개동,3개동,41+41+41,41,139.3,393,0,37580,400.0,15384,52964,1036,11.02,0.045,6.8,1.69,3,2.879,11.05,41층 306㎡(27.6×11.1m) + 41층 306㎡(27.6×11.1m) + 41층 306㎡(27.6×11.1m)
3개동,3개동,44+44+44,44,149.2,395,6,37580,400.0,15979,53559,969,10.32,0.158,17.2,0.23,3,2.981,10.67,44층 285㎡(26.7×10.7m) + 44층 285㎡(26.7×10.7m) + 44층 285㎡(26.7×10.7m)
3개동,3개동,44+44+44,44,149.2,396,3,37580,400.0,14827,52407,960,10.22,0.083,6.6,1.64,3,2.918,13.78,44층 285㎡(20.7×13.8m) + 44층 285㎡(20.7×13.8m) + 44층 285㎡(20.7×13.8m)
2개동,2개동,55+55,55,185.5,400,6,37580,400.0,16239,53819,778,8.28,0.085,10.3,0.11,2,2.897,9.24,55층 342㎡(37.0×9.2m) + 55층 342㎡(37.0×9.2m)
3개동,3개동,44+44+44,44,149.2,401,10,37580,400.0,14827,52407,960,10.22,0.026,19.0,0.25,3,3.043,13.78,44층 285㎡(20.7×13.8m) + 44층 285㎡(20.7×13.8m) + 44층 285㎡(20.7×13.8m)
2개동,2개동,50+50,50,169.0,402,8,37580,400.0,16505,54085,858,9.13,0.075,15.9,3.97,2,2.867,8.67,50층 376㎡(43.3×8.7m) + 50층 376㎡(43.3×8.7m)
2개동,2개동,47+47,47,159.1,402,9,37580,400.0,13868,51448,894,9.51,0.157,28.0,7.0,2,3.008,11.54,47층 400㎡(34.6×11.5m) + 47층 400㎡(34.6×11.5m)
3개동,3개동,44+44+44,44,149.2,406,6,37580,400.0,16619,54199,974,10.37,0.159,18.6,0.25,3,2.97,9.74,44층 285㎡(29.2×9.7m) + 44층 285㎡(29.2×9.7m) + 44층 285㎡(29.2×9.7m)
2개동,2개동,44+44,44,149.2,406,14,37580,400.0,13391,50971,952,10.13,0.093,11.1,2.77,2,2.923,11.93,44층 427㎡(35.8×11.9m) + 44층 427㎡(35.8×11.9m)
3개동,3개동,41+41+41,41,139.3,413,2,37580,400.0,15384,52964,1036,11.02,0.045,6.8,1.69,3,2.831,11.05,41층 306㎡(27.6×11.1m) + 41층 306㎡(27.6×11.1m) + 41층 306㎡(27.6×11.1m)
3개동,3개동,41+41+41,41,139.3,419,10,37580,400.0,14273,51853,1027,10.93,0.059,5.1,1.28,3,2.852,14.27,41층 306㎡(21.4×14.3m) + 41층 306㎡(21.4×14.3m) + 41층 306㎡(21.4×14.3m)
2개동,2개동,47+47,47,159.1,425,9,37580,400.0,14942,52522,902,9.6,0.084,13.6,3.41,2,2.877,10.0,47층 400㎡(40.0×10.0m) + 47층 400㎡(40.0×10.0m)
3개동,3개동,44+44+44,44,149.2,426,0,37580,400.0,14827,52407,960,10.22,0.025,13.3,3.32,3,2.976,13.78,44층 285㎡(20.7×13.8m) + 44층 285㎡(20.7×13.8m) + 44층 285㎡(20.7×13.8m)
3개동,3개동,44+44+44,44,149.2,428,11,37580,400.0,14827,52407,960,10.22,0.06,5.1,1.27,3,2.842,13.78,44층 285㎡(20.7×13.8m) + 44층 285㎡(20.7×13.8m) + 44층 285㎡(20.7×13.8m)
3개동,3개동,41+41+41,41,139.3,433,0,37580,400.0,15384,52964,1036,11.02,0.034,9.5,2.38,3,2.847,11.05,41층 306㎡(27.6×11.1m) + 41층 306㎡(27.6×11.1m) + 41층 306㎡(27.6×11.1m)
3개동,3개동,44+44+44,44,149.2,436,0,37580,400.0,14827,52407,960,10.22,0.06,13.3,3.32,3,2.96,13.78,44층 285㎡(20.7×13.8m) + 44층 285㎡(20.7×13.8m) + 44층 285㎡(20.7×13.8m)
3개동,3개동,44+44+44,44,149.2,437,2,37580,400.0,16619,54199,974,10.37,0.085,6.7,1.66,3,2.767,9.74,44층 285㎡(29.2×9.7m) + 44층 285㎡(29.2×9.7m) + 44층 285㎡(29.2×9.7m)
2개동,2개동,55+55,55,185.5,441,4,37580,400.0,15076,52656,771,8.2,0.082,28.6,7.14,2,3.02,10.67,55층 342㎡(32.0×10.7m) + 55층 342㎡(32.0×10.7m)
2개동,2개동,53+53,53,178.9,453,10,37580,400.0,15923,53503,805,8.57,0.07,16.1,4.04,2,2.876,9.41,53층 355㎡(37.7×9.4m) + 53층 355㎡(37.7×9.4m)
3개동,3개동,44+44+44,44,149.2,454,10,37580,400.0,14827,52407,960,10.22,0.068,9.4,2.35,3,2.881,13.78,44층 285㎡(20.7×13.8m) + 44층 285㎡(20.7×13.8m) + 44층 285㎡(20.7×13.8m)
3개동,3개동,44+44+44,44,149.2,455,0,37580,400.0,16619,54199,974,10.37,0.034,10.3,2.58,3,2.806,9.74,44층 285㎡(29.2×9.7m) + 44층 285㎡(29.2×9.7m) + 44층 285㎡(29.2×9.7m)
