family,stage,floors,top_floors,height_m,new_fail,new_ok,new_fail_bld,new_ok_bld,new_fail_pg,gfa_m2,far_pct,service_m2,real_m2,coverage_m2,bcr_pct,daylight_ratio,dong_gap_m,dong_gap_ratio,n_dong,mean_total_h,min_short_m,label,design
단일+저층부,5 미세조정,53,53,178.9,60,39,26,17,34,37580,400.0,8674,46254,4133,43.99,0.121,inf,inf,2,3.631,11.6,53층 366㎡(31.6×11.6m) + 저층부 5층 4000㎡(84.9×47.1m),"{""towers"": [[366.25, 2.7216, 170.0, 194327.6, 546973.9, 53]], ""podium"": [4000.0, 1.8025, 52.04, 194307.2, 546952.7, 5], ""detached"": false}"
단일+저층부,5 미세조정,55,55,185.5,60,39,26,17,34,37580,400.0,8660,46240,4133,43.99,0.124,inf,inf,2,3.63,12.05,55층 352㎡(29.2×12.0m) + 저층부 5층 4000㎡(84.9×47.1m),"{""towers"": [[351.6, 2.4225, 172.0, 194327.6, 546972.4, 55]], ""podium"": [4000.0, 1.8025, 52.04, 194307.2, 546952.7, 5], ""detached"": false}"
단일+저층부,5 미세조정,52,52,175.6,60,37,26,17,34,37580,400.0,8667,46247,4133,43.99,0.127,inf,inf,2,3.629,11.46,52층 374㎡(32.6×11.5m) + 저층부 5층 4000㎡(84.9×47.1m),"{""towers"": [[374.04, 2.85, 172.0, 194327.6, 546972.4, 52]], ""podium"": [4000.0, 1.8025, 52.04, 194307.2, 546952.7, 5], ""detached"": false}"
단일+저층부,5 미세조정,55,55,185.5,60,37,26,17,34,37580,400.0,8712,46292,4133,43.99,0.136,inf,inf,2,3.629,11.81,55층 352㎡(29.8×11.8m) + 저층부 5층 4000㎡(84.9×47.1m),"{""towers"": [[351.6, 2.52, 170.0, 194327.6, 546968.9, 55]], ""podium"": [4000.0, 1.8025, 52.04, 194307.2, 546952.7, 5], ""detached"": false}"
단일+저층부,5 미세조정,53,53,178.9,61,39,26,17,35,37580,400.0,8517,46097,4133,43.99,0.117,inf,inf,2,3.629,12.3,53층 366㎡(29.8×12.3m) + 저층부 5층 4000㎡(84.9×47.1m),"{""towers"": [[366.25, 2.4225, 172.0, 194327.6, 546974.9, 53]], ""podium"": [4000.0, 1.8025, 52.04, 194307.2, 546952.7, 5], ""detached"": false}"
단일+저층부,5 미세조정,55,55,185.5,60,37,27,17,33,37580,400.0,8712,46292,4133,43.99,0.116,inf,inf,2,3.635,11.81,55층 352㎡(29.8×11.8m) + 저층부 5층 4000㎡(84.9×47.1m),"{""towers"": [[351.6, 2.52, 170.0, 194330.1, 546971.4, 55]], ""podium"": [4000.0, 1.8025, 52.04, 194307.2, 546952.7, 5], ""detached"": false}"
단일+저층부,5 미세조정,50,50,169.0,61,37,27,17,34,37580,400.0,8516,46096,4133,43.99,0.132,inf,inf,2,3.628,11.71,50층 391㎡(33.4×11.7m) + 저층부 5층 4000㎡(84.9×47.1m),"{""towers"": [[390.67, 2.85, 172.0, 194327.6, 546969.9, 50]], ""podium"": [4000.0, 1.8025, 52.04, 194307.2, 546952.7, 5], ""detached"": false}"
단일+저층부,5 미세조정,51,51,172.3,61,37,27,17,34,37580,400.0,8592,46172,4133,43.99,0.132,inf,inf,2,3.628,11.58,51층 382㎡(33.0×11.6m) + 저층부 5층 4000㎡(84.9×47.1m),"{""towers"": [[382.17, 2.85, 172.0, 194327.6, 546969.9, 51]], ""podium"": [4000.0, 1.8025, 52.04, 194307.2, 546952.7, 5], ""detached"": false}"
단일+저층부,5 미세조정,52,52,175.6,62,37,27,17,35,37580,400.0,8600,46180,4133,43.99,0.114,inf,inf,2,3.631,11.72,52층 374㎡(31.9×11.7m) + 저층부 5층 4000㎡(84.9×47.1m),"{""towers"": [[374.04, 2.7216, 170.0, 194330.1, 546968.9, 52]], ""podium"": [4000.0, 1.8025, 52.04, 194307.2, 546952.7, 5], ""detached"": false}"
단일+저층부,5 미세조정,52,52,175.6,62,37,27,17,35,37580,400.0,8600,46180,4133,43.99,0.119,inf,inf,2,3.631,11.72,52층 374㎡(31.9×11.7m) + 저층부 5층 4000㎡(84.9×47.1m),"{""towers"": [[374.04, 2.7216, 170.0, 194330.1, 546971.4, 52]], ""podium"": [4000.0, 1.8025, 52.04, 194307.2, 546952.7, 5], ""detached"": false}"
단일+저층부,5 미세조정,53,53,178.9,62,37,27,17,35,37580,400.0,8742,46322,4133,43.99,0.109,inf,inf,2,3.623,11.34,53층 366㎡(32.3×11.3m) + 저층부 5층 4000㎡(84.9×47.1m),"{""towers"": [[366.25, 2.85, 172.0, 194327.6, 546967.4, 53]], ""podium"": [4000.0, 1.8025, 52.04, 194307.2, 546952.7, 5], ""detached"": false}"
단일+저층부,5 미세조정,51,51,172.3,62,37,27,17,35,37580,400.0,8710,46290,4133,43.99,0.103,inf,inf,2,3.622,11.14,51층 382㎡(34.3×11.1m) + 저층부 5층 4000㎡(84.9×47.1m),"{""towers"": [[382.17, 3.078, 172.0, 194327.6, 546967.4, 51]], ""podium"": [4000.0, 1.8025, 52.04, 194307.2, 546952.7, 5], ""detached"": false}"
단일+저층부,5 미세조정,53,53,178.9,62,37,27,17,35,37580,400.0,8834,46414,4133,43.99,0.113,inf,inf,2,3.621,11.01,53층 366㎡(33.3×11.0m) + 저층부 5층 4000㎡(84.9×47.1m),"{""towers"": [[366.25, 3.024, 174.0, 194327.6, 546968.9, 53]], ""podium"": [4000.0, 1.8025, 52.04, 194307.2, 546952.7, 5], ""detached"": false}"
단일+저층부,5 미세조정,49,49,165.7,62,37,27,17,35,37580,400.0,8554,46134,4133,43.99,0.103,inf,inf,2,3.62,11.39,49층 400㎡(35.1×11.4m) + 저층부 5층 4000㎡(84.9×47.1m),"{""towers"": [[399.55, 3.078, 172.0, 194327.6, 546967.4, 49]], ""podium"": [4000.0, 1.8025, 52.04, 194307.2, 546952.7, 5], ""detached"": false}"
단일+저층부,5 미세조정,52,52,175.6,62,37,27,17,35,37580,400.0,8593,46173,4133,43.99,0.112,inf,inf,2,3.619,11.75,52층 374㎡(31.8×11.8m) + 저층부 5층 4000㎡(84.9×47.1m),"{""towers"": [[374.04, 2.7075, 172.0, 194327.6, 546967.4, 52]], ""podium"": [4000.0, 1.8025, 52.04, 194307.2, 546952.7, 5], ""detached"": false}"
단일+저층부,5 미세조정,55,55,185.5,62,41,27,17,35,37580,400.0,8813,46393,4133,43.99,0.129,inf,inf,2,3.613,11.4,55층 352㎡(30.9×11.4m) + 저층부 5층 4000㎡(84.9×47.1m),"{""towers"": [[351.6, 2.7075, 0.0, 194325.1, 546974.9, 55]], ""podium"": [4000.0, 1.8025, 52.04, 194307.2, 546952.7, 5], ""detached"": false}"
단일+저층부,5 미세조정,49,49,165.7,63,36,27,17,36,37580,400.0,8636,46216,4133,43.99,0.054,inf,inf,2,3.626,11.1,49층 400㎡(36.0×11.1m) + 저층부 5층 4000㎡(84.9×47.1m),"{""towers"": [[399.55, 3.24, 176.0, 194330.1, 546964.9, 49]], ""podium"": [4000.0, 1.8025, 52.04, 194307.2, 546952.7, 5], ""detached"": false}"
단일+저층부,5 미세조정,54,54,182.2,62,39,28,17,34,37580,400.0,8816,46396,4133,43.99,0.116,inf,inf,2,3.632,11.22,54층 359㎡(32.0×11.2m) + 저층부 5층 4000㎡(84.9×47.1m),"{""towers"": [[358.78, 2.85, 168.0, 194327.6, 546974.9, 54]], ""podium"": [4000.0, 1.8025, 52.04, 194307.2, 546952.7, 5], ""detached"": false}"
단일+저층부,5 미세조정,53,53,178.9,62,37,28,17,34,37580,400.0,8437,46017,4133,43.99,0.131,inf,inf,2,3.628,12.71,53층 366㎡(28.8×12.7m) + 저층부 5층 4000㎡(84.9×47.1m),"{""towers"": [[366.25, 2.268, 170.0, 194327.6, 546971.4, 53]], ""podium"": [4000.0, 1.8025, 52.04, 194307.2, 546952.7, 5], ""detached"": false}"
단일+저층부,5 미세조정,54,54,182.2,62,37,28,17,34,37580,400.0,8816,46396,4133,43.99,0.119,inf,inf,2,3.623,11.22,54층 359㎡(32.0×11.2m) + 저층부 5층 4000㎡(84.9×47.1m),"{""towers"": [[358.78, 2.85, 176.0, 194327.6, 546969.9, 54]], ""podium"": [4000.0, 1.8025, 52.04, 194307.2, 546952.7, 5], ""detached"": false}"
단일+저층부,5 미세조정,52,52,175.6,62,39,28,17,34,37580,400.0,8282,45862,4133,43.99,0.123,inf,inf,2,3.621,13.35,52층 374㎡(28.0×13.3m) + 저층부 5층 4000㎡(84.9×47.1m),"{""towers"": [[374.04, 2.1, 170.0, 194327.6, 546973.9, 52]], ""podium"": [4000.0, 1.8025, 52.04, 194307.2, 546952.7, 5], ""detached"": false}"
단일+저층부,5 미세조정,55,55,185.5,63,37,28,17,35,37580,400.0,8712,46292,4133,43.99,0.106,inf,inf,2,3.631,11.81,55층 352㎡(29.8×11.8m) + 저층부 5층 4000㎡(84.9×47.1m),"{""towers"": [[351.6, 2.52, 174.0, 194330.1, 546968.9, 55]], ""podium"": [4000.0, 1.8025, 52.04, 194307.2, 546952.7, 5], ""detached"": false}"
단일+저층부,5 미세조정,51,51,172.3,63,37,28,17,35,37580,400.0,8372,45952,4133,43.99,0.101,inf,inf,2,3.631,12.56,51층 382㎡(30.4×12.6m) + 저층부 5층 4000㎡(84.9×47.1m),"{""towers"": [[382.17, 2.4225, 172.0, 194330.1, 546967.4, 51]], ""podium"": [4000.0, 1.8025, 52.04, 194307.2, 546952.7, 5], ""detached"": false}"
단일+저층부,5 미세조정,50,50,169.0,63,36,28,17,35,37580,400.0,8362,45942,4133,43.99,0.074,inf,inf,2,3.628,12.38,50층 391㎡(31.6×12.4m) + 저층부 5층 4000㎡(84.9×47.1m),"{""towers"": [[390.67, 2.55, 172.0, 194330.1, 546964.9, 50]], ""podium"": [4000.0, 1.8025, 52.04, 194307.2, 546952.7, 5], ""detached"": false}"
단일+저층부,5 미세조정,51,51,172.3,63,37,28,17,35,37580,400.0,8437,46017,4133,43.99,0.121,inf,inf,2,3.628,12.24,51층 382㎡(31.2×12.2m) + 저층부 5층 4000㎡(84.9×47.1m),"{""towers"": [[382.17, 2.55, 172.0, 194330.1, 546969.9, 51]], ""podium"": [4000.0, 1.8025, 52.04, 194307.2, 546952.7, 5], ""detached"": false}"
단일+저층부,5 미세조정,54,54,182.2,63,37,28,17,35,37580,400.0,8589,46169,4133,43.99,0.134,inf,inf,2,3.628,12.17,54층 359㎡(29.5×12.2m) + 저층부 5층 4000㎡(84.9×47.1m),"{""towers"": [[358.78, 2.4225, 168.0, 194327.6, 546967.4, 54]], ""podium"": [4000.0, 1.8025, 52.04, 194307.2, 546952.7, 5], ""detached"": false}"
단일+저층부,5 미세조정,49,49,165.7,63,37,28,17,35,37580,400.0,8636,46216,4133,43.99,0.104,inf,inf,2,3.627,11.1,49층 400㎡(36.0×11.1m) + 저층부 5층 4000㎡(84.9×47.1m),"{""towers"": [[399.55, 3.24, 172.0, 194330.1, 546969.9, 49]], ""podium"": [4000.0, 1.8025, 52.04, 194307.2, 546952.7, 5], ""detached"": false}"
단일+저층부,5 미세조정,54,54,182.2,63,37,28,17,35,37580,400.0,8574,46154,4133,43.99,0.109,inf,inf,2,3.627,12.24,54층 359㎡(29.3×12.2m) + 저층부 5층 4000㎡(84.9×47.1m),"{""towers"": [[358.78, 2.394, 174.0, 194330.1, 546968.9, 54]], ""podium"": [4000.0, 1.8025, 52.04, 194307.2, 546952.7, 5], ""detached"": false}"
단일+저층부,5 미세조정,50,50,169.0,63,37,28,17,35,37580,400.0,8516,46096,4133,43.99,0.09,inf,inf,2,3.626,11.71,50층 391㎡(33.4×11.7m) + 저층부 5층 4000㎡(84.9×47.1m),"{""towers"": [[390.67, 2.85, 172.0, 194330.1, 546967.4, 50]], ""podium"": [4000.0, 1.8025, 52.04, 194307.2, 546952.7, 5], ""detached"": false}"
단일+저층부,5 미세조정,49,49,165.7,63,37,28,17,35,37580,400.0,8439,46019,4133,43.99,0.09,inf,inf,2,3.626,11.84,49층 400㎡(33.7×11.8m) + 저층부 5층 4000㎡(84.9×47.1m),"{""towers"": [[399.55, 2.85, 172.0, 194330.1, 546967.4, 49]], ""podium"": [4000.0, 1.8025, 52.04, 194307.2, 546952.7, 5], ""detached"": false}"
단일+저층부,5 미세조정,47,47,159.1,63,36,28,17,35,37580,400.0,8476,46056,4133,43.99,0.058,inf,inf,2,3.625,11.37,47층 419㎡(36.8×11.4m) + 저층부 5층 4000㎡(84.9×47.1m),"{""towers"": [[418.57, 3.24, 168.0, 194330.1, 546964.9, 47]], ""podium"": [4000.0, 1.8025, 52.04, 194307.2, 546952.7, 5], ""detached"": false}"
단일+저층부,5 미세조정,52,52,175.6,63,36,28,17,35,37580,400.0,8495,46075,4133,43.99,0.064,inf,inf,2,3.624,12.18,52층 374㎡(30.7×12.2m) + 저층부 5층 4000㎡(84.9×47.1m),"{""towers"": [[374.04, 2.52, 174.0, 194330.1, 546963.9, 52]], ""podium"": [4000.0, 1.8025, 52.04, 194307.2, 546952.7, 5], ""detached"": false}"
단일+저층부,5 미세조정,49,49,165.7,63,37,28,17,35,37580,400.0,8212,45792,4133,43.99,0.094,inf,inf,2,3.619,12.9,49층 400㎡(31.0×12.9m) + 저층부 5층 4000㎡(84.9×47.1m),"{""towers"": [[399.55, 2.4, 176.0, 194329.1, 546966.9, 49]], ""podium"": [4000.0, 1.8025, 52.04, 194307.2, 546952.7, 5], ""detached"": false}"
단일+저층부,5 미세조정,54,54,182.2,63,40,28,17,35,37580,400.0,8640,46220,4133,43.99,0.134,inf,inf,2,3.617,11.93,54층 359㎡(30.1×11.9m) + 저층부 5층 4000㎡(84.9×47.1m),"{""towers"": [[358.78, 2.52, 178.0, 194325.1, 546973.9, 54]], ""podium"": [4000.0, 1.8025, 52.04, 194307.2, 546952.7, 5], ""detached"": false}"
단일+저층부,5 미세조정,54,54,182.2,63,40,28,17,35,37580,400.0,8740,46320,4133,43.99,0.139,inf,inf,2,3.617,11.51,54층 359㎡(31.2×11.5m) + 저층부 5층 4000㎡(84.9×47.1m),"{""towers"": [[358.78, 2.7075, 176.0, 194325.1, 546972.4, 54]], ""podium"": [4000.0, 1.8025, 52.04, 194307.2, 546952.7, 5], ""detached"": false}"
단일+저층부,5 미세조정,54,54,182.2,63,40,28,17,35,37580,400.0,8589,46169,4133,43.99,0.14,inf,inf,2,3.617,12.17,54층 359㎡(29.5×12.2m) + 저층부 5층 4000㎡(84.9×47.1m),"{""towers"": [[358.78, 2.4225, 176.0, 194325.1, 546972.4, 54]], ""podium"": [4000.0, 1.8025, 52.04, 194307.2, 546952.7, 5], ""detached"": false}"
단일+저층부,5 미세조정,52,52,175.6,63,40,28,17,35,37580,400.0,8746,46326,4133,43.99,0.14,inf,inf,2,3.616,11.17,52층 374㎡(33.5×11.2m) + 저층부 5층 4000㎡(84.9×47.1m),"{""towers"": [[374.04, 3.0, 176.0, 194325.1, 546972.4, 52]], ""podium"": [4000.0, 1.8025, 52.04, 194307.2, 546952.7, 5], ""detached"": false}"
단일+저층부,5 미세조정,52,52,175.6,63,40,28,17,35,37580,400.0,8593,46173,4133,43.99,0.131,inf,inf,2,3.616,11.75,52층 374㎡(31.8×11.8m) + 저층부 5층 4000㎡(84.9×47.1m),"{""towers"": [[374.04, 2.7075, 176.0, 194325.1, 546974.9, 52]], ""podium"": [4000.0, 1.8025, 52.04, 194307.2, 546952.7, 5], ""detached"": false}"
단일+저층부,5 미세조정,51,51,172.3,63,40,28,17,35,37580,400.0,8592,46172,4133,43.99,0.143,inf,inf,2,3.615,11.58,51층 382㎡(33.0×11.6m) + 저층부 5층 4000㎡(84.9×47.1m),"{""towers"": [[382.17, 2.85, 176.0, 194325.1, 546972.4, 51]], ""podium"": [4000.0, 1.8025, 52.04, 194307.2, 546952.7, 5], ""detached"": false}"
단일+저층부,5 미세조정,55,55,185.5,63,41,28,17,35,37580,400.0,8712,46292,4133,43.99,0.123,inf,inf,2,3.615,11.81,55층 352㎡(29.8×11.8m) + 저층부 5층 4000㎡(84.9×47.1m),"{""towers"": [[351.6, 2.52, 178.0, 194325.1, 546976.4, 55]], ""podium"": [4000.0, 1.8025, 52.04, 194307.2, 546952.7, 5], ""detached"": false}"
단일+저층부,5 미세조정,53,53,178.9,64,37,28,17,36,37580,400.0,8674,46254,4133,43.99,0.085,inf,inf,2,3.628,11.6,53층 366㎡(31.6×11.6m) + 저층부 5층 4000㎡(84.9×47.1m),"{""towers"": [[366.25, 2.7216, 170.0, 194327.6, 546963.9, 53]], ""podium"": [4000.0, 1.8025, 52.04, 194307.2, 546952.7, 5], ""detached"": false}"
단일+저층부,5 미세조정,54,54,182.2,64,37,28,17,36,37580,400.0,8508,46088,4133,43.99,0.111,inf,inf,2,3.626,12.58,54층 359㎡(28.5×12.6m) + 저층부 5층 4000㎡(84.9×47.1m),"{""towers"": [[358.78, 2.268, 174.0, 194330.1, 546968.9, 54]], ""podium"": [4000.0, 1.8025, 52.04, 194307.2, 546952.7, 5], ""detached"": false}"
단일+저층부,5 미세조정,53,53,178.9,64,37,28,17,36,37581,400.0,8674,46255,4133,44.0,0.117,inf,inf,2,3.626,11.6,53층 366㎡(31.6×11.6m) + 저층부 5층 4000㎡(84.9×47.1m),"{""towers"": [[366.25, 2.7216, 174.0, 194330.1, 546971.4, 53]], ""podium"": [4000.0, 1.8025, 52.04, 194307.2, 546952.7, 5], ""detached"": false}"
단일+저층부,5 미세조정,48,48,162.4,64,37,28,17,36,37580,400.0,8475,46055,4133,43.99,0.078,inf,inf,2,3.624,11.52,48층 409㎡(35.5×11.5m) + 저층부 5층 4000㎡(84.9×47.1m),"{""towers"": [[408.84, 3.078, 176.0, 194330.1, 546967.4, 48]], ""podium"": [4000.0, 1.8025, 52.04, 194307.2, 546952.7, 5], ""detached"": false}"
단일+저층부,5 미세조정,50,50,169.0,65,37,28,17,37,37580,400.0,8633,46213,4133,43.99,0.08,inf,inf,2,3.628,11.27,50층 391㎡(34.7×11.3m) + 저층부 5층 4000㎡(84.9×47.1m),"{""towers"": [[390.67, 3.078, 172.0, 194327.6, 546964.9, 50]], ""podium"": [4000.0, 1.8025, 52.04, 194307.2, 546952.7, 5], ""detached"": false}"
단일+저층부,5 미세조정,54,54,182.2,65,37,28,17,37,37580,400.0,8748,46328,4133,43.99,0.095,inf,inf,2,3.623,11.48,54층 359㎡(31.2×11.5m) + 저층부 5층 4000㎡(84.9×47.1m),"{""towers"": [[358.78, 2.7216, 178.0, 194330.1, 546968.9, 54]], ""podium"": [4000.0, 1.8025, 52.04, 194307.2, 546952.7, 5], ""detached"": false}"
단일+저층부,5 미세조정,52,52,175.6,73,42,28,22,45,37580,400.0,8667,46247,4133,43.99,0.064,inf,inf,2,3.636,11.46,52층 374㎡(32.6×11.5m) + 저층부 5층 4000㎡(84.9×47.1m),"{""towers"": [[374.04, 2.85, 170.0, 194317.1, 546953.9, 52]], ""podium"": [4000.0, 1.8025, 52.04, 194307.2, 546952.7, 5], ""detached"": false}"
단일+저층부,5 미세조정,48,48,162.4,74,42,28,21,46,37580,400.0,8556,46136,4133,43.99,0.094,inf,inf,2,3.624,11.23,48층 409㎡(36.4×11.2m) + 저층부 5층 4000㎡(84.9×47.1m),"{""towers"": [[408.84, 3.24, 170.0, 194314.6, 546956.4, 48]], ""podium"": [4000.0, 1.8025, 52.04, 194307.2, 546952.7, 5], ""detached"": false}"
단일+저층부,5 미세조정,53,53,178.9,74,44,28,21,46,37580,400.0,8822,46402,4133,43.99,0.145,inf,inf,2,3.623,11.05,53층 366㎡(33.1×11.0m) + 저층부 5층 4000㎡(84.9×47.1m),"{""towers"": [[366.25, 3.0, 170.0, 194312.1, 546958.9, 53]], ""podium"": [4000.0, 1.8025, 52.04, 194307.2, 546952.7, 5], ""detached"": false}"
단일+저층부,5 미세조정,49,49,165.7,76,41,28,20,48,37580,400.0,8439,46019,4133,43.99,0.136,inf,inf,2,3.626,11.84,49층 400㎡(33.7×11.8m) + 저층부 5층 4000㎡(84.9×47.1m),"{""towers"": [[399.55, 2.85, 162.0, 194312.1, 546953.9, 49]], ""podium"": [4000.0, 1.8025, 52.04, 194307.2, 546952.7, 5], ""detached"": false}"
단일+저층부,5 미세조정,53,53,178.9,63,39,29,17,34,37580,400.0,8517,46097,4133,43.99,0.118,inf,inf,2,3.627,12.3,53층 366㎡(29.8×12.3m) + 저층부 5층 4000㎡(84.9×47.1m),"{""towers"": [[366.25, 2.4225, 168.0, 194327.6, 546974.9, 53]], ""podium"": [4000.0, 1.8025, 52.04, 194307.2, 546952.7, 5], ""detached"": false}"
단일+저층부,5 미세조정,49,49,165.7,63,37,29,17,34,37580,400.0,8554,46134,4133,43.99,0.132,inf,inf,2,3.622,11.39,49층 400㎡(35.1×11.4m) + 저층부 5층 4000㎡(84.9×47.1m),"{""towers"": [[399.55, 3.078, 168.0, 194327.6, 546972.4, 49]], ""podium"": [4000.0, 1.8025, 52.04, 194307.2, 546952.7, 5], ""detached"": false}"
단일+저층부,5 미세조정,51,51,172.3,64,36,29,17,35,37580,400.0,8518,46098,4133,43.99,0.106,inf,inf,2,3.632,11.88,51층 382㎡(32.2×11.9m) + 저층부 5층 4000㎡(84.9×47.1m),"{""towers"": [[382.17, 2.7075, 168.0, 194330.1, 546967.4, 51]], ""podium"": [4000.0, 1.8025, 52.04, 194307.2, 546952.7, 5], ""detached"": false}"
단일+저층부,5 미세조정,52,52,175.6,64,39,29,17,35,37580,400.0,8445,46025,4133,43.99,0.13,inf,inf,2,3.621,12.43,52층 374㎡(30.1×12.4m) + 저층부 5층 4000㎡(84.9×47.1m),"{""towers"": [[374.04, 2.4225, 176.0, 194327.6, 546972.4, 52]], ""podium"": [4000.0, 1.8025, 52.04, 194307.2, 546952.7, 5], ""detached"": false}"
단일+저층부,5 미세조정,52,52,175.6,65,36,29,17,36,37580,400.0,8600,46180,4133,43.99,0.075,inf,inf,2,3.634,11.72,52층 374㎡(31.9×11.7m) + 저층부 5층 4000㎡(84.9×47.1m),"{""towers"": [[374.04, 2.7216, 166.0, 194330.1, 546963.9, 52]], ""podium"": [4000.0, 1.8025, 52.04, 194307.2, 546952.7, 5], ""detached"": false}"
단일+저층부,5 미세조정,50,50,169.0,65,36,29,17,36,37580,400.0,8226,45806,4133,43.99,0.065,inf,inf,2,3.629,13.09,50층 391㎡(29.8×13.1m) + 저층부 5층 4000㎡(84.9×47.1m),"{""towers"": [[390.67, 2.28, 172.0, 194331.6, 546964.4, 50]], ""podium"": [4000.0, 1.8025, 52.04, 194307.2, 546952.7, 5], ""detached"": false}"
단일+저층부,5 미세조정,51,51,172.3,65,37,29,17,36,37580,400.0,8372,45952,4133,43.99,0.092,inf,inf,2,3.626,12.56,51층 382㎡(30.4×12.6m) + 저층부 5층 4000㎡(84.9×47.1m),"{""towers"": [[382.17, 2.4225, 176.0, 194330.1, 546967.4, 51]], ""podium"": [4000.0, 1.8025, 52.04, 194307.2, 546952.7, 5], ""detached"": false}"
단일+저층부,5 미세조정,49,49,165.7,65,36,29,17,36,37580,400.0,8636,46216,4133,43.99,0.083,inf,inf,2,3.625,11.1,49층 400㎡(36.0×11.1m) + 저층부 5층 4000㎡(84.9×47.1m),"{""towers"": [[399.55, 3.24, 168.0, 194327.6, 546964.9, 49]], ""podium"": [4000.0, 1.8025, 52.04, 194307.2, 546952.7, 5], ""detached"": false}"
단일+저층부,5 미세조정,44,44,149.2,65,37,29,17,36,37580,400.0,7828,45408,4133,43.99,0.101,inf,inf,2,3.62,13.7,44층 451㎡(32.9×13.7m) + 저층부 5층 4000㎡(84.9×47.1m),"{""towers"": [[450.77, 2.4, 172.0, 194329.1, 546966.9, 44]], ""podium"": [4000.0, 1.8025, 52.04, 194307.2, 546952.7, 5], ""detached"": false}"
단일+저층부,5 미세조정,50,50,169.0,65,37,29,17,36,37580,400.0,8110,45690,4133,43.99,0.09,inf,inf,2,3.62,13.84,50층 391㎡(28.2×13.8m) + 저층부 5층 4000㎡(84.9×47.1m),"{""towers"": [[390.67, 2.04, 172.0, 194329.1, 546964.4, 50]], ""podium"": [4000.0, 1.8025, 52.04, 194307.2, 546952.7, 5], ""detached"": false}"
단일+저층부,5 미세조정,52,52,175.6,65,39,29,17,36,37580,400.0,8231,45811,4133,43.99,0.137,inf,inf,2,3.614,13.69,52층 374㎡(27.3×13.7m) + 저층부 5층 4000㎡(84.9×47.1m),"{""towers"": [[374.04, 1.995, 178.0, 194327.6, 546971.4, 52]], ""podium"": [4000.0, 1.8025, 52.04, 194307.2, 546952.7, 5], ""detached"": false}"
단일+저층부,5 미세조정,50,50,169.0,65,37,29,17,36,37580,400.0,8443,46023,4133,43.99,0.115,inf,inf,2,3.614,12.01,50층 391㎡(32.5×12.0m) + 저층부 5층 4000㎡(84.9×47.1m),"{""towers"": [[390.67, 2.7075, 0.0, 194327.6, 546969.9, 50]], ""podium"": [4000.0, 1.8025, 52.04, 194307.2, 546952.7, 5], ""detached"": false}"
단일+저층부,5 미세조정,52,52,175.6,65,38,29,17,36,37580,400.0,8445,46025,4133,43.99,0.118,inf,inf,2,3.612,12.43,52층 374㎡(30.1×12.4m) + 저층부 5층 4000㎡(84.9×47.1m),"{""towers"": [[374.04, 2.4225, 0.0, 194327.6, 546969.9, 52]], ""podium"": [4000.0, 1.8025, 52.04, 194307.2, 546952.7, 5], ""detached"": false}"
단일+저층부,5 미세조정,55,55,185.5,65,37,29,17,36,37580,400.0,8514,46094,4133,43.99,0.118,inf,inf,2,3.611,12.81,55층 352㎡(27.4×12.8m) + 저층부 5층 4000㎡(84.9×47.1m),"{""towers"": [[351.6, 2.142, 178.0, 194327.6, 546968.9, 55]], ""podium"": [4000.0, 1.8025, 52.04, 194307.2, 546952.7, 5], ""detached"": false}"
단일+저층부,5 미세조정,52,52,175.6,66,37,29,17,37,37580,400.0,8600,46180,4133,43.99,0.084,inf,inf,2,3.63,11.72,52층 374㎡(31.9×11.7m) + 저층부 5층 4000㎡(84.9×47.1m),"{""towers"": [[374.04, 2.7216, 170.0, 194327.6, 546963.9, 52]], ""podium"": [4000.0, 1.8025, 52.04, 194307.2, 546952.7, 5], ""detached"": false}"
단일+저층부,5 미세조정,54,54,182.2,66,36,29,17,37,37580,400.0,8444,46024,4133,43.99,0.053,inf,inf,2,3.629,12.94,54층 359㎡(27.7×12.9m) + 저층부 5층 4000㎡(84.9×47.1m),"{""towers"": [[358.78, 2.142, 178.0, 194332.6, 546963.9, 54]], ""podium"": [4000.0, 1.8025, 52.04, 194307.2, 546952.7, 5], ""detached"": false}"
단일+저층부,5 미세조정,46,46,155.8,66,36,29,17,37,37580,400.0,8077,45657,4133,43.99,0.072,inf,inf,2,3.625,12.86,46층 429㎡(33.3×12.9m) + 저층부 5층 4000㎡(84.9×47.1m),"{""towers"": [[428.78, 2.592, 176.0, 194331.6, 546966.9, 46]], ""podium"": [4000.0, 1.8025, 52.04, 194307.2, 546952.7, 5], ""detached"": false}"
단일+저층부,5 미세조정,51,51,172.3,66,37,29,17,37,37580,400.0,8542,46122,4133,43.99,0.106,inf,inf,2,3.625,11.78,51층 382㎡(32.4×11.8m) + 저층부 5층 4000㎡(84.9×47.1m),"{""towers"": [[382.17, 2.754, 176.0, 194330.1, 546969.9, 51]], ""podium"": [4000.0, 1.8025, 52.04, 194307.2, 546952.7, 5], ""detached"": false}"
단일+저층부,5 미세조정,47,47,159.1,66,36,29,17,37,37580,400.0,8155,45735,4133,43.99,0.073,inf,inf,2,3.622,12.71,47층 419㎡(32.9×12.7m) + 저층부 5층 4000㎡(84.9×47.1m),"{""towers"": [[418.57, 2.592, 172.0, 194329.1, 546964.4, 47]], ""podium"": [4000.0, 1.8025, 52.04, 194307.2, 546952.7, 5], ""detached"": false}"
단일+저층부,5 미세조정,53,53,178.9,66,37,29,17,37,37580,400.0,8822,46402,4133,43.99,0.059,inf,inf,2,3.617,11.05,53층 366㎡(33.1×11.0m) + 저층부 5층 4000㎡(84.9×47.1m),"{""towers"": [[366.25, 3.0, 0.0, 194330.1, 546964.9, 53]], ""podium"": [4000.0, 1.8025, 52.04, 194307.2, 546952.7, 5], ""detached"": false}"
단일+저층부,5 미세조정,50,50,169.0,66,39,29,17,37,37580,400.0,8466,46046,4133,43.99,0.139,inf,inf,2,3.617,11.91,50층 391㎡(32.8×11.9m) + 저층부 5층 4000㎡(84.9×47.1m),"{""towers"": [[390.67, 2.754, 176.0, 194325.1, 546969.9, 50]], ""podium"": [4000.0, 1.8025, 52.04, 194307.2, 546952.7, 5], ""detached"": false}"
단일+저층부,5 미세조정,52,52,175.6,66,37,29,17,37,37580,400.0,8667,46247,4133,43.99,0.061,inf,inf,2,3.616,11.46,52층 374㎡(32.6×11.5m) + 저층부 5층 4000㎡(84.9×47.1m),"{""towers"": [[374.04, 2.85, 0.0, 194330.1, 546964.9, 52]], ""podium"": [4000.0, 1.8025, 52.04, 194307.2, 546952.7, 5], ""detached"": false}"
단일+저층부,5 미세조정,51,51,172.3,66,37,29,17,37,37580,400.0,8542,46122,4133,43.99,0.062,inf,inf,2,3.615,11.78,51층 382㎡(32.4×11.8m) + 저층부 5층 4000㎡(84.9×47.1m),"{""towers"": [[382.17, 2.754, 0.0, 194330.1, 546964.9, 51]], ""podium"": [4000.0, 1.8025, 52.04, 194307.2, 546952.7, 5], ""detached"": false}"
단일+저층부,5 미세조정,55,55,185.5,66,40,29,17,37,37580,400.0,8439,46019,4133,43.99,0.122,inf,inf,2,3.613,13.28,55층 352㎡(26.5×13.3m) + 저층부 5층 4000㎡(84.9×47.1m),"{""towers"": [[351.6, 1.995, 178.0, 194327.6, 546973.9, 55]], ""podium"": [4000.0, 1.8025, 52.04, 194307.2, 546952.7, 5], ""detached"": false}"
단일+저층부,5 미세조정,51,51,172.3,66,39,29,17,37,37581,400.0,8518,46098,4133,43.99,0.131,inf,inf,2,3.613,11.88,51층 382㎡(32.2×11.9m) + 저층부 5층 4000㎡(84.9×47.1m),"{""towers"": [[382.17, 2.7075, 0.0, 194327.6, 546972.4, 51]], ""podium"": [4000.0, 1.8025, 52.04, 194307.2, 546952.7, 5], ""detached"": false}"
단일+저층부,5 미세조정,48,48,162.4,67,36,29,17,38,37580,400.0,8232,45812,4133,43.99,0.05,inf,inf,2,3.629,12.56,48층 409㎡(32.6×12.6m) + 저층부 5층 4000㎡(84.9×47.1m),"{""towers"": [[408.84, 2.592, 172.0, 194329.1, 546961.9, 48]], ""podium"": [4000.0, 1.8025, 52.04, 194307.2, 546952.7, 5], ""detached"": false}"
단일+저층부,5 미세조정,52,52,175.6,67,37,29,17,38,37580,400.0,8303,45883,4133,43.99,0.1,inf,inf,2,3.626,13.21,52층 374㎡(28.3×13.2m) + 저층부 5층 4000㎡(84.9×47.1m),"{""towers"": [[374.04, 2.142, 170.0, 194327.6, 546963.9, 52]], ""podium"": [4000.0, 1.8025, 52.04, 194307.2, 546952.7, 5], ""detached"": false}"
단일+저층부,5 미세조정,50,50,169.0,67,37,29,17,38,37580,400.0,8362,45942,4133,43.99,0.092,inf,inf,2,3.624,12.38,50층 391㎡(31.6×12.4m) + 저층부 5층 4000㎡(84.9×47.1m),"{""towers"": [[390.67, 2.55, 172.0, 194327.6, 546964.9, 50]], ""podium"": [4000.0, 1.8025, 52.04, 194307.2, 546952.7, 5], ""detached"": false}"
단일+저층부,5 미세조정,50,50,169.0,68,36,29,17,39,37580,400.0,8466,46046,4133,43.99,0.064,inf,inf,2,3.626,11.91,50층 391㎡(32.8×11.9m) + 저층부 5층 4000㎡(84.9×47.1m),"{""towers"": [[390.67, 2.754, 172.0, 194327.6, 546962.4, 50]], ""podium"": [4000.0, 1.8025, 52.04, 194307.2, 546952.7, 5], ""detached"": false}"
단일+저층부,5 미세조정,51,51,172.3,68,37,29,17,39,37580,400.0,8670,46250,4133,43.99,0.076,inf,inf,2,3.621,11.29,51층 382㎡(33.9×11.3m) + 저층부 5층 4000㎡(84.9×47.1m),"{""towers"": [[382.17, 3.0, 176.0, 194327.6, 546964.9, 51]], ""podium"": [4000.0, 1.8025, 52.04, 194307.2, 546952.7, 5], ""detached"": false}"
단일+저층부,5 미세조정,44,44,149.2,68,37,29,17,39,37580,400.0,8056,45636,4133,43.99,0.099,inf,inf,2,3.617,12.51,44층 451㎡(36.0×12.5m) + 저층부 5층 4000㎡(84.9×47.1m),"{""towers"": [[450.77, 2.88, 176.0, 194326.6, 546966.9, 44]], ""podium"": [4000.0, 1.8025, 52.04, 194307.2, 546952.7, 5], ""detached"": false}"
단일+저층부,5 미세조정,46,46,155.8,68,37,29,17,39,37580,400.0,8314,45894,4133,43.99,0.071,inf,inf,2,3.617,11.8,46층 429㎡(36.3×11.8m) + 저층부 5층 4000㎡(84.9×47.1m),"{""towers"": [[428.78, 3.078, 176.0, 194327.6, 546964.9, 46]], ""podium"": [4000.0, 1.8025, 52.04, 194307.2, 546952.7, 5], ""detached"": false}"
단일+저층부,5 미세조정,53,53,178.9,68,37,29,17,39,37580,400.0,8374,45954,4133,43.99,0.089,inf,inf,2,3.617,13.08,53층 366㎡(28.0×13.1m) + 저층부 5층 4000㎡(84.9×47.1m),"{""towers"": [[366.25, 2.142, 174.0, 194327.6, 546963.9, 53]], ""podium"": [4000.0, 1.8025, 52.04, 194307.2, 546952.7, 5], ""detached"": false}"
단일+저층부,5 미세조정,47,47,159.1,68,37,29,17,39,37580,400.0,7890,45470,4133,43.99,0.119,inf,inf,2,3.614,14.32,47층 419㎡(29.2×14.3m) + 저층부 5층 4000㎡(84.9×47.1m),"{""towers"": [[418.57, 2.04, 176.0, 194326.6, 546966.9, 47]], ""podium"": [4000.0, 1.8025, 52.04, 194307.2, 546952.7, 5], ""detached"": false}"
단일+저층부,5 미세조정,48,48,162.4,69,36,29,17,40,37580,400.0,8475,46055,4133,43.99,0.051,inf,inf,2,3.618,11.52,48층 409㎡(35.5×11.5m) + 저층부 5층 4000㎡(84.9×47.1m),"{""towers"": [[408.84, 3.078, 176.0, 194327.6, 546962.4, 48]], ""podium"": [4000.0, 1.8025, 52.04, 194307.2, 546952.7, 5], ""detached"": false}"
단일+저층부,저층부고정 11m,50,50,169.0,74,42,29,22,45,37580,400.0,8593,46173,4133,43.99,0.058,inf,inf,2,3.632,11.41,50층 391㎡(34.2×11.4m) + 저층부 5층 4000㎡(84.9×47.1m),"{""towers"": [[390.67, 3.0, 170, 194317.1, 546953.9, 50]], ""podium"": [4000.0, 1.8025, 52.04, 194307.2, 546952.7, 5], ""detached"": false}"
단일+저층부,5 미세조정,53,53,178.9,75,42,29,21,46,37580,400.0,8742,46322,4133,43.99,0.095,inf,inf,2,3.631,11.34,53층 366㎡(32.3×11.3m) + 저층부 5층 4000㎡(84.9×47.1m),"{""towers"": [[366.25, 2.85, 166.0, 194314.6, 546953.9, 53]], ""podium"": [4000.0, 1.8025, 52.04, 194307.2, 546952.7, 5], ""detached"": false}"
단일+저층부,5 미세조정,48,48,162.4,75,42,29,21,46,37580,400.0,8436,46016,4133,43.99,0.101,inf,inf,2,3.625,11.67,48층 409㎡(35.0×11.7m) + 저층부 5층 4000㎡(84.9×47.1m),"{""towers"": [[408.84, 3.0, 170.0, 194314.6, 546956.4, 48]], ""podium"": [4000.0, 1.8025, 52.04, 194307.2, 546952.7, 5], ""detached"": false}"
단일+저층부,5 미세조정,48,48,162.4,75,42,29,21,46,37580,400.0,8361,45941,4133,43.99,0.12,inf,inf,2,3.624,11.98,48층 409㎡(34.1×12.0m) + 저층부 5층 4000㎡(84.9×47.1m),"{""towers"": [[408.84, 2.85, 166.0, 194314.6, 546956.4, 48]], ""podium"": [4000.0, 1.8025, 52.04, 194307.2, 546952.7, 5], ""detached"": false}"
단일+저층부,5 미세조정,48,48,162.4,75,43,29,21,46,37580,400.0,8556,46136,4133,43.99,0.114,inf,inf,2,3.623,11.23,48층 409㎡(36.4×11.2m) + 저층부 5층 4000㎡(84.9×47.1m),"{""towers"": [[408.84, 3.24, 170.0, 194312.1, 546956.4, 48]], ""podium"": [4000.0, 1.8025, 52.04, 194307.2, 546952.7, 5], ""detached"": false}"
단일+저층부,5 미세조정,52,52,175.6,76,41,29,21,47,37580,400.0,8511,46091,4133,43.99,0.066,inf,inf,2,3.638,12.11,52층 374㎡(30.9×12.1m) + 저층부 5층 4000㎡(84.9×47.1m),"{""towers"": [[374.04, 2.55, 170.0, 194314.6, 546951.4, 52]], ""podium"": [4000.0, 1.8025, 52.04, 194307.2, 546952.7, 5], ""detached"": false}"
단일+저층부,5 미세조정,49,49,165.7,76,41,29,21,47,37580,400.0,8287,45867,4133,43.99,0.063,inf,inf,2,3.635,12.52,49층 400㎡(31.9×12.5m) + 저층부 5층 4000㎡(84.9×47.1m),"{""towers"": [[399.55, 2.55, 170.0, 194314.6, 546951.4, 49]], ""podium"": [4000.0, 1.8025, 52.04, 194307.2, 546952.7, 5], ""detached"": false}"
단일+저층부,5 미세조정,53,53,178.9,61,36,30,17,31,37580,400.0,8834,46414,4133,43.99,0.1,inf,inf,2,3.637,11.01,53층 366㎡(33.3×11.0m) + 저층부 5층 4000㎡(84.9×47.1m),"{""towers"": [[366.25, 3.024, 166.0, 194332.6, 546968.9, 53]], ""podium"": [4000.0, 1.8025, 52.04, 194307.2, 546952.7, 5], ""detached"": false}"
단일+저층부,5 미세조정,50,50,169.0,63,36,30,17,33,37580,400.0,8633,46213,4133,43.99,0.074,inf,inf,2,3.632,11.27,50층 391㎡(34.7×11.3m) + 저층부 5층 4000㎡(84.9×47.1m),"{""towers"": [[390.67, 3.078, 168.0, 194332.6, 546967.4, 50]], ""podium"": [4000.0, 1.8025, 52.04, 194307.2, 546952.7, 5], ""detached"": false}"
단일+저층부,5 미세조정,53,53,178.9,63,37,30,17,33,37580,400.0,8517,46097,4133,43.99,0.115,inf,inf,2,3.63,12.3,53층 366㎡(29.8×12.3m) + 저층부 5층 4000㎡(84.9×47.1m),"{""towers"": [[366.25, 2.4225, 168.0, 194330.1, 546972.4, 53]], ""podium"": [4000.0, 1.8025, 52.04, 194307.2, 546952.7, 5], ""detached"": false}"
단일+저층부,5 미세조정,51,51,172.3,64,36,30,17,34,37581,400.0,8710,46291,4133,43.99,0.049,inf,inf,2,3.637,11.14,51층 382㎡(34.3×11.1m) + 저층부 5층 4000㎡(84.9×47.1m),"{""towers"": [[382.17, 3.078, 168.0, 194332.6, 546964.9, 51]], ""podium"": [4000.0, 1.8025, 52.04, 194307.2, 546952.7, 5], ""detached"": false}"
단일+저층부,5 미세조정,55,55,185.5,64,37,30,17,34,37580,400.0,8514,46094,4133,43.99,0.11,inf,inf,2,3.636,12.81,55층 352㎡(27.4×12.8m) + 저층부 5층 4000㎡(84.9×47.1m),"{""towers"": [[351.6, 2.142, 170.0, 194332.6, 546968.9, 55]], ""podium"": [4000.0, 1.8025, 52.04, 194307.2, 546952.7, 5], ""detached"": false}"
단일+저층부,5 미세조정,53,53,178.9,64,36,30,17,34,37580,400.0,8674,46254,4133,43.99,0.095,inf,inf,2,3.632,11.6,53층 366㎡(31.6×11.6m) + 저층부 5층 4000㎡(84.9×47.1m),"{""towers"": [[366.25, 2.7216, 170.0, 194332.6, 546968.9, 53]], ""podium"": [4000.0, 1.8025, 52.04, 194307.2, 546952.7, 5], ""detached"": false}"
단일+저층부,5 미세조정,55,55,185.5,64,39,30,17,34,37580,400.0,8712,46292,4133,43.99,0.119,inf,inf,2,3.629,11.81,55층 352㎡(29.8×11.8m) + 저층부 5층 4000㎡(84.9×47.1m),"{""towers"": [[351.6, 2.52, 166.0, 194327.6, 546973.9, 55]], ""podium"": [4000.0, 1.8025, 52.04, 194307.2, 546952.7, 5], ""detached"": false}"
단일+저층부,5 미세조정,53,53,178.9,64,37,30,17,34,37580,400.0,8437,46017,4133,43.99,0.119,inf,inf,2,3.628,12.71,53층 366㎡(28.8×12.7m) + 저층부 5층 4000㎡(84.9×47.1m),"{""towers"": [[366.25, 2.268, 170.0, 194330.1, 546971.4, 53]], ""podium"": [4000.0, 1.8025, 52.04, 194307.2, 546952.7, 5], ""detached"": false}"
단일+저층부,5 미세조정,52,52,175.6,65,36,30,17,35,37580,400.0,8593,46173,4133,43.99,0.077,inf,inf,2,3.634,11.75,52층 374㎡(31.8×11.8m) + 저층부 5층 4000㎡(84.9×47.1m),"{""towers"": [[374.04, 2.7075, 172.0, 194332.6, 546967.4, 52]], ""podium"": [4000.0, 1.8025, 52.04, 194307.2, 546952.7, 5], ""detached"": false}"
단일+저층부,5 미세조정,54,54,182.2,65,36,30,17,35,37580,400.0,8589,46169,4133,43.99,0.084,inf,inf,2,3.632,12.17,54층 359㎡(29.5×12.2m) + 저층부 5층 4000㎡(84.9×47.1m),"{""towers"": [[358.78, 2.4225, 172.0, 194332.6, 546967.4, 54]], ""podium"": [4000.0, 1.8025, 52.04, 194307.2, 546952.7, 5], ""detached"": false}"
단일+저층부,5 미세조정,51,51,172.3,65,37,30,17,35,37580,400.0,8518,46098,4133,43.99,0.127,inf,inf,2,3.629,11.88,51층 382㎡(32.2×11.9m) + 저층부 5층 4000㎡(84.9×47.1m),"{""towers"": [[382.17, 2.7075, 168.0, 194330.1, 546969.9, 51]], ""podium"": [4000.0, 1.8025, 52.04, 194307.2, 546952.7, 5], ""detached"": false}"
단일+저층부,5 미세조정,54,54,182.2,65,39,30,19,35,37580,400.0,8816,46396,4133,43.99,0.141,inf,inf,2,3.624,11.22,54층 359㎡(32.0×11.2m) + 저층부 5층 4000㎡(84.9×47.1m),"{""towers"": [[358.78, 2.85, 168.0, 194325.1, 546967.4, 54]], ""podium"": [4000.0, 1.8025, 52.04, 194307.2, 546952.7, 5], ""detached"": false}"
단일+저층부,5 미세조정,53,53,178.9,66,37,30,17,36,37580,400.0,8374,45954,4133,43.99,0.086,inf,inf,2,3.617,13.08,53층 366㎡(28.0×13.1m) + 저층부 5층 4000㎡(84.9×47.1m),"{""towers"": [[366.25, 2.142, 178.0, 194330.1, 546966.4, 53]], ""podium"": [4000.0, 1.8025, 52.04, 194307.2, 546952.7, 5], ""detached"": false}"
단일+저층부,5 미세조정,51,51,172.3,67,36,30,17,37,37580,400.0,8372,45952,4133,43.99,0.083,inf,inf,2,3.631,12.56,51층 382㎡(30.4×12.6m) + 저층부 5층 4000㎡(84.9×47.1m),"{""towers"": [[382.17, 2.4225, 172.0, 194332.6, 546967.4, 51]], ""podium"": [4000.0, 1.8025, 52.04, 194307.2, 546952.7, 5], ""detached"": false}"
단일+저층부,5 미세조정,52,52,175.6,67,36,30,17,37,37580,400.0,8303,45883,4133,43.99,0.077,inf,inf,2,3.629,13.21,52층 374㎡(28.3×13.2m) + 저층부 5층 4000㎡(84.9×47.1m),"{""towers"": [[374.04, 2.142, 174.0, 194332.6, 546966.4, 52]], ""podium"": [4000.0, 1.8025, 52.04, 194307.2, 546952.7, 5], ""detached"": false}"
단일+저층부,5 미세조정,54,54,182.2,67,37,30,17,37,37580,400.0,8656,46236,4133,43.99,0.097,inf,inf,2,3.61,11.86,54층 359㎡(30.2×11.9m) + 저층부 5층 4000㎡(84.9×47.1m),"{""towers"": [[358.78, 2.55, 0.0, 194327.6, 546967.4, 54]], ""podium"": [4000.0, 1.8025, 52.04, 194307.2, 546952.7, 5], ""detached"": false}"
단일+저층부,5 미세조정,54,54,182.2,67,39,30,17,37,37580,400.0,8816,46396,4133,43.99,0.105,inf,inf,2,3.603,11.22,54층 359㎡(32.0×11.2m) + 저층부 5층 4000㎡(84.9×47.1m),"{""towers"": [[358.78, 2.85, 4.0, 194327.6, 546969.9, 54]], ""podium"": [4000.0, 1.8025, 52.04, 194307.2, 546952.7, 5], ""detached"": false}"
단일+저층부,5 미세조정,50,50,169.0,68,36,30,17,38,37580,400.0,8226,45806,4133,43.99,0.06,inf,inf,2,3.625,13.09,50층 391㎡(29.8×13.1m) + 저층부 5층 4000㎡(84.9×47.1m),"{""towers"": [[390.67, 2.28, 172.0, 194329.1, 546961.9, 50]], ""podium"": [4000.0, 1.8025, 52.04, 194307.2, 546952.7, 5], ""detached"": false}"
단일+저층부,5 미세조정,49,49,165.7,68,36,30,17,38,37580,400.0,8037,45617,4133,43.99,0.04,inf,inf,2,3.622,13.99,49층 400㎡(28.5×14.0m) + 저층부 5층 4000㎡(84.9×47.1m),"{""towers"": [[399.55, 2.04, 0.0, 194331.6, 546961.9, 49]], ""podium"": [4000.0, 1.8025, 52.04, 194307.2, 546952.7, 5], ""detached"": false}"
단일+저층부,5 미세조정,47,47,159.1,68,37,30,17,38,37580,400.0,8476,46056,4133,43.99,0.108,inf,inf,2,3.615,11.37,47층 419㎡(36.8×11.4m) + 저층부 5층 4000㎡(84.9×47.1m),"{""towers"": [[418.57, 3.24, 176.0, 194325.1, 546967.4, 47]], ""podium"": [4000.0, 1.8025, 52.04, 194307.2, 546952.7, 5], ""detached"": false}"
단일+저층부,5 미세조정,50,50,169.0,68,37,30,17,38,37580,400.0,8362,45942,4133,43.99,0.065,inf,inf,2,3.613,12.38,50층 391㎡(31.6×12.4m) + 저층부 5층 4000㎡(84.9×47.1m),"{""towers"": [[390.67, 2.55, 0.0, 194330.1, 546964.9, 50]], ""podium"": [4000.0, 1.8025, 52.04, 194307.2, 546952.7, 5], ""detached"": false}"
단일+저층부,5 미세조정,53,53,178.9,68,37,30,17,38,37580,400.0,8822,46402,4133,43.99,0.091,inf,inf,2,3.612,11.05,53층 366㎡(33.1×11.0m) + 저층부 5층 4000㎡(84.9×47.1m),"{""towers"": [[366.25, 3.0, 0.0, 194327.6, 546967.4, 53]], ""podium"": [4000.0, 1.8025, 52.04, 194307.2, 546952.7, 5], ""detached"": false}"
단일+저층부,5 미세조정,49,49,165.7,69,37,30,17,39,37580,400.0,8153,45733,4133,43.99,0.076,inf,inf,2,3.623,13.24,49층 400㎡(30.2×13.2m) + 저층부 5층 4000㎡(84.9×47.1m),"{""towers"": [[399.55, 2.28, 176.0, 194329.1, 546964.4, 49]], ""podium"": [4000.0, 1.8025, 52.04, 194307.2, 546952.7, 5], ""detached"": false}"
단일+저층부,5 미세조정,47,47,159.1,69,37,30,17,39,37580,400.0,8235,45815,4133,43.99,0.101,inf,inf,2,3.614,12.33,47층 419㎡(34.0×12.3m) + 저층부 5층 4000㎡(84.9×47.1m),"{""towers"": [[418.57, 2.754, 176.0, 194327.6, 546967.4, 47]], ""podium"": [4000.0, 1.8025, 52.04, 194307.2, 546952.7, 5], ""detached"": false}"
단일+저층부,5 미세조정,50,50,169.0,69,37,30,17,39,37580,400.0,8466,46046,4133,43.99,0.091,inf,inf,2,3.608,11.91,50층 391㎡(32.8×11.9m) + 저층부 5층 4000㎡(84.9×47.1m),"{""towers"": [[390.67, 2.754, 4.0, 194327.6, 546967.4, 50]], ""podium"": [4000.0, 1.8025, 52.04, 194307.2, 546952.7, 5], ""detached"": false}"
단일+저층부,저층부고정 11m,47,47,159.1,70,36,30,17,40,37580,400.0,8061,45641,4133,43.99,0.048,inf,inf,2,3.617,13.21,47층 419㎡(31.7×13.2m) + 저층부 5층 4000㎡(84.9×47.1m),"{""towers"": [[418.57, 2.4, 0, 194329.1, 546961.9, 47]], ""podium"": [4000.0, 1.8025, 52.04, 194307.2, 546952.7, 5], ""detached"": false}"
단일+저층부,5 미세조정,53,53,178.9,70,37,30,17,40,37580,400.0,8742,46322,4133,43.99,0.095,inf,inf,2,3.616,11.34,53층 366㎡(32.3×11.3m) + 저층부 5층 4000㎡(84.9×47.1m),"{""towers"": [[366.25, 2.85, 176.0, 194325.1, 546964.9, 53]], ""podium"": [4000.0, 1.8025, 52.04, 194307.2, 546952.7, 5], ""detached"": false}"
단일+저층부,5 미세조정,47,47,159.1,70,37,30,17,40,37580,400.0,8235,45815,4133,43.99,0.095,inf,inf,2,3.616,12.33,47층 419㎡(34.0×12.3m) + 저층부 5층 4000㎡(84.9×47.1m),"{""towers"": [[418.57, 2.754, 0.0, 194327.6, 546967.4, 47]], ""podium"": [4000.0, 1.8025, 52.04, 194307.2, 546952.7, 5], ""detached"": false}"
단일+저층부,5 미세조정,47,47,159.1,70,36,30,17,40,37580,400.0,8003,45583,4133,43.99,0.05,inf,inf,2,3.615,13.55,47층 419㎡(30.9×13.5m) + 저층부 5층 4000㎡(84.9×47.1m),"{""towers"": [[418.57, 2.28, 0.0, 194329.1, 546961.9, 47]], ""podium"": [4000.0, 1.8025, 52.04, 194307.2, 546952.7, 5], ""detached"": false}"
단일+저층부,5 미세조정,45,45,152.5,70,37,30,17,40,37580,400.0,7907,45487,4133,43.99,0.088,inf,inf,2,3.615,13.53,45층 440㎡(32.5×13.5m) + 저층부 5층 4000㎡(84.9×47.1m),"{""towers"": [[439.5, 2.4, 176.0, 194326.6, 546964.4, 45]], ""podium"": [4000.0, 1.8025, 52.04, 194307.2, 546952.7, 5], ""detached"": false}"
단일+저층부,5 미세조정,53,53,178.9,70,37,30,17,40,37580,400.0,8822,46402,4133,43.99,0.073,inf,inf,2,3.614,11.05,53층 366㎡(33.1×11.0m) + 저층부 5층 4000㎡(84.9×47.1m),"{""towers"": [[366.25, 3.0, 0.0, 194327.6, 546964.9, 53]], ""podium"": [4000.0, 1.8025, 52.04, 194307.2, 546952.7, 5], ""detached"": false}"
단일+저층부,5 미세조정,45,45,152.5,71,37,30,17,41,37580,400.0,7907,45487,4133,43.99,0.065,inf,inf,2,3.624,13.53,45층 440㎡(32.5×13.5m) + 저층부 5층 4000㎡(84.9×47.1m),"{""towers"": [[439.5, 2.4, 176.0, 194326.6, 546961.9, 45]], ""podium"": [4000.0, 1.8025, 52.04, 194307.2, 546952.7, 5], ""detached"": false}"
단일+저층부,5 미세조정,49,49,165.7,71,36,30,17,41,37580,400.0,8153,45733,4133,43.99,0.05,inf,inf,2,3.623,13.24,49층 400㎡(30.2×13.2m) + 저층부 5층 4000㎡(84.9×47.1m),"{""towers"": [[399.55, 2.28, 176.0, 194326.6, 546959.4, 49]], ""podium"": [4000.0, 1.8025, 52.04, 194307.2, 546952.7, 5], ""detached"": false}"
단일+저층부,5 미세조정,50,50,169.0,71,37,30,17,41,37580,400.0,8466,46046,4133,43.99,0.057,inf,inf,2,3.619,11.91,50층 391㎡(32.8×11.9m) + 저층부 5층 4000㎡(84.9×47.1m),"{""towers"": [[390.67, 2.754, 0.0, 194327.6, 546962.4, 50]], ""podium"": [4000.0, 1.8025, 52.04, 194307.2, 546952.7, 5], ""detached"": false}"
단일+저층부,5 미세조정,47,47,159.1,71,37,30,17,41,37580,400.0,8395,45975,4133,43.99,0.069,inf,inf,2,3.61,11.66,47층 419㎡(35.9×11.7m) + 저층부 5층 4000㎡(84.9×47.1m),"{""towers"": [[418.57, 3.078, 0.0, 194327.6, 546964.9, 47]], ""podium"": [4000.0, 1.8025, 52.04, 194307.2, 546952.7, 5], ""detached"": false}"
단일+저층부,5 미세조정,46,46,155.8,72,37,30,17,42,37580,400.0,8217,45797,4133,43.99,0.054,inf,inf,2,3.62,12.2,46층 429㎡(35.1×12.2m) + 저층부 5층 4000㎡(84.9×47.1m),"{""towers"": [[428.78, 2.88, 0.0, 194326.6, 546961.9, 46]], ""podium"": [4000.0, 1.8025, 52.04, 194307.2, 546952.7, 5], ""detached"": false}"
단일+저층부,5 미세조정,48,48,162.4,72,37,30,17,42,37580,400.0,8475,46055,4133,43.99,0.05,inf,inf,2,3.62,11.52,48층 409㎡(35.5×11.5m) + 저층부 5층 4000㎡(84.9×47.1m),"{""towers"": [[408.84, 3.078, 0.0, 194327.6, 546962.4, 48]], ""podium"": [4000.0, 1.8025, 52.04, 194307.2, 546952.7, 5], ""detached"": false}"
단일+저층부,5 미세조정,53,53,178.9,75,41,30,21,45,37580,400.0,8822,46402,4133,43.99,0.096,inf,inf,2,3.625,11.05,53층 366㎡(33.1×11.0m) + 저층부 5층 4000㎡(84.9×47.1m),"{""towers"": [[366.25, 3.0, 166.0, 194317.1, 546956.4, 53]], ""podium"": [4000.0, 1.8025, 52.04, 194307.2, 546952.7, 5], ""detached"": false}"
단일+저층부,5 미세조정,51,51,172.3,76,41,30,21,46,37580,400.0,8592,46172,4133,43.99,0.071,inf,inf,2,3.63,11.58,51층 382㎡(33.0×11.6m) + 저층부 5층 4000㎡(84.9×47.1m),"{""towers"": [[382.17, 2.85, 166.0, 194317.1, 546953.9, 51]], ""podium"": [4000.0, 1.8025, 52.04, 194307.2, 546952.7, 5], ""detached"": false}"
단일+저층부,5 미세조정,51,51,172.3,76,41,30,21,46,37580,400.0,8437,46017,4133,43.99,0.081,inf,inf,2,3.63,12.24,51층 382㎡(31.2×12.2m) + 저층부 5층 4000㎡(84.9×47.1m),"{""towers"": [[382.17, 2.55, 166.0, 194317.1, 546953.9, 51]], ""podium"": [4000.0, 1.8025, 52.04, 194307.2, 546952.7, 5], ""detached"": false}"
단일+저층부,5 미세조정,53,53,178.9,76,42,30,20,46,37580,400.0,8822,46402,4133,43.99,0.172,inf,inf,2,3.621,11.05,53층 366㎡(33.1×11.0m) + 저층부 5층 4000㎡(84.9×47.1m),"{""towers"": [[366.25, 3.0, 162.0, 194314.6, 546958.9, 53]], ""podium"": [4000.0, 1.8025, 52.04, 194307.2, 546952.7, 5], ""detached"": false}"
단일+저층부,5 미세조정,53,53,178.9,77,43,30,20,47,37580,400.0,8822,46402,4133,43.99,0.166,inf,inf,2,3.626,11.05,53층 366㎡(33.1×11.0m) + 저층부 5층 4000㎡(84.9×47.1m),"{""towers"": [[366.25, 3.0, 166.0, 194312.1, 546958.9, 53]], ""podium"": [4000.0, 1.8025, 52.04, 194307.2, 546952.7, 5], ""detached"": false}"
단일+저층부,5 미세조정,52,52,175.6,78,43,30,20,48,37580,400.0,8511,46091,4133,43.99,0.18,inf,inf,2,3.621,12.11,52층 374㎡(30.9×12.1m) + 저층부 5층 4000㎡(84.9×47.1m),"{""towers"": [[374.04, 2.55, 166.0, 194312.1, 546958.9, 52]], ""podium"": [4000.0, 1.8025, 52.04, 194307.2, 546952.7, 5], ""detached"": false}"
단일+저층부,5 미세조정,50,50,169.0,78,43,30,20,48,37580,400.0,8593,46173,4133,43.99,0.167,inf,inf,2,3.618,11.41,50층 391㎡(34.2×11.4m) + 저층부 5층 4000㎡(84.9×47.1m),"{""towers"": [[390.67, 3.0, 166.0, 194312.1, 546958.9, 50]], ""podium"": [4000.0, 1.8025, 52.04, 194307.2, 546952.7, 5], ""detached"": false}"
단일+저층부,5 미세조정,47,47,159.1,65,36,31,17,34,37580,400.0,8235,45815,4133,43.99,0.08,inf,inf,2,3.631,12.33,47층 419㎡(34.0×12.3m) + 저층부 5층 4000㎡(84.9×47.1m),"{""towers"": [[418.57, 2.754, 168.0, 194332.6, 546967.4, 47]], ""podium"": [4000.0, 1.8025, 52.04, 194307.2, 546952.7, 5], ""detached"": false}"
단일+저층부,5 미세조정,52,52,175.6,65,37,31,17,34,37580,400.0,8600,46180,4133,43.99,0.13,inf,inf,2,3.63,11.72,52층 374㎡(31.9×11.7m) + 저층부 5층 4000㎡(84.9×47.1m),"{""towers"": [[374.04, 2.7216, 166.0, 194330.1, 546968.9, 52]], ""podium"": [4000.0, 1.8025, 52.04, 194307.2, 546952.7, 5], ""detached"": false}"
단일+저층부,5 미세조정,52,52,175.6,65,37,31,17,34,37580,400.0,8445,46025,4133,43.99,0.139,inf,inf,2,3.627,12.43,52층 374㎡(30.1×12.4m) + 저층부 5층 4000㎡(84.9×47.1m),"{""towers"": [[374.04, 2.4225, 168.0, 194327.6, 546969.9, 52]], ""podium"": [4000.0, 1.8025, 52.04, 194307.2, 546952.7, 5], ""detached"": false}"
단일+저층부,5 미세조정,54,54,182.2,65,37,31,17,34,37580,400.0,8444,46024,4133,43.99,0.118,inf,inf,2,3.627,12.94,54층 359㎡(27.7×12.9m) + 저층부 5층 4000㎡(84.9×47.1m),"{""towers"": [[358.78, 2.142, 170.0, 194330.1, 546971.4, 54]], ""podium"": [4000.0, 1.8025, 52.04, 194307.2, 546952.7, 5], ""detached"": false}"
단일+저층부,5 미세조정,51,51,172.3,65,37,31,17,34,37580,400.0,8710,46290,4133,43.99,0.152,inf,inf,2,3.622,11.14,51층 382㎡(34.3×11.1m) + 저층부 5층 4000㎡(84.9×47.1m),"{""towers"": [[382.17, 3.078, 168.0, 194325.1, 546969.9, 51]], ""podium"": [4000.0, 1.8025, 52.04, 194307.2, 546952.7, 5], ""detached"": false}"
단일+저층부,5 미세조정,55,55,185.5,66,39,31,17,35,37580,400.0,8813,46393,4133,43.99,0.136,inf,inf,2,3.63,11.4,55층 352㎡(30.9×11.4m) + 저층부 5층 4000㎡(84.9×47.1m),"{""towers"": [[351.6, 2.7075, 168.0, 194325.1, 546972.4, 55]], ""podium"": [4000.0, 1.8025, 52.04, 194307.2, 546952.7, 5], ""detached"": false}"
단일+저층부,5 미세조정,53,53,178.9,66,39,31,17,35,37580,400.0,8742,46322,4133,43.99,0.139,inf,inf,2,3.629,11.34,53층 366㎡(32.3×11.3m) + 저층부 5층 4000㎡(84.9×47.1m),"{""towers"": [[366.25, 2.85, 168.0, 194325.1, 546972.4, 53]], ""podium"": [4000.0, 1.8025, 52.04, 194307.2, 546952.7, 5], ""detached"": false}"
단일+저층부,5 미세조정,54,54,182.2,66,40,31,17,35,37580,400.0,8640,46220,4133,43.99,0.132,inf,inf,2,3.626,11.93,54층 359㎡(30.1×11.9m) + 저층부 5층 4000㎡(84.9×47.1m),"{""towers"": [[358.78, 2.52, 170.0, 194325.1, 546973.9, 54]], ""podium"": [4000.0, 1.8025, 52.04, 194307.2, 546952.7, 5], ""detached"": false}"
단일+저층부,5 미세조정,50,50,169.0,66,37,31,17,35,37580,400.0,8298,45878,4133,43.99,0.129,inf,inf,2,3.626,12.7,50층 391㎡(30.8×12.7m) + 저층부 5층 4000㎡(84.9×47.1m),"{""towers"": [[390.67, 2.4225, 168.0, 194330.1, 546969.9, 50]], ""podium"": [4000.0, 1.8025, 52.04, 194307.2, 546952.7, 5], ""detached"": false}"
단일+저층부,5 미세조정,52,52,175.6,66,40,31,17,35,37580,400.0,8511,46091,4133,43.99,0.131,inf,inf,2,3.625,12.11,52층 374㎡(30.9×12.1m) + 저층부 5층 4000㎡(84.9×47.1m),"{""towers"": [[374.04, 2.55, 172.0, 194325.1, 546974.9, 52]], ""podium"": [4000.0, 1.8025, 52.04, 194307.2, 546952.7, 5], ""detached"": false}"
단일+저층부,5 미세조정,49,49,165.7,66,37,31,17,35,37580,400.0,8366,45946,4133,43.99,0.126,inf,inf,2,3.625,12.15,49층 400㎡(32.9×12.1m) + 저층부 5층 4000㎡(84.9×47.1m),"{""towers"": [[399.55, 2.7075, 168.0, 194327.6, 546967.4, 49]], ""podium"": [4000.0, 1.8025, 52.04, 194307.2, 546952.7, 5], ""detached"": false}"
단일+저층부,저층부고정 11m,55,55,185.5,66,40,31,17,35,37580,400.0,8492,46072,4133,43.99,0.131,inf,inf,2,3.624,12.94,55층 352㎡(27.2×12.9m) + 저층부 5층 4000㎡(84.9×47.1m),"{""towers"": [[351.6, 2.1, 170, 194325.1, 546973.9, 55]], ""podium"": [4000.0, 1.8025, 52.04, 194307.2, 546952.7, 5], ""detached"": false}"
단일+저층부,5 미세조정,55,55,185.5,66,39,31,17,35,37580,400.0,8820,46400,4133,43.99,0.139,inf,inf,2,3.624,11.37,55층 352㎡(30.9×11.4m) + 저층부 5층 4000㎡(84.9×47.1m),"{""towers"": [[351.6, 2.7216, 170.0, 194325.1, 546971.4, 55]], ""podium"": [4000.0, 1.8025, 52.04, 194307.2, 546952.7, 5], ""detached"": false}"
단일+저층부,5 미세조정,51,51,172.3,66,40,31,17,35,37580,400.0,8372,45952,4133,43.99,0.133,inf,inf,2,3.622,12.56,51층 382㎡(30.4×12.6m) + 저층부 5층 4000㎡(84.9×47.1m),"{""towers"": [[382.17, 2.4225, 172.0, 194325.1, 546974.9, 51]], ""podium"": [4000.0, 1.8025, 52.04, 194307.2, 546952.7, 5], ""detached"": false}"
단일+저층부,5 미세조정,52,52,175.6,66,40,31,17,35,37580,400.0,8231,45811,4133,43.99,0.136,inf,inf,2,3.62,13.69,52층 374㎡(27.3×13.7m) + 저층부 5층 4000㎡(84.9×47.1m),"{""towers"": [[374.04, 1.995, 170.0, 194325.1, 546973.9, 52]], ""podium"": [4000.0, 1.8025, 52.04, 194307.2, 546952.7, 5], ""detached"": false}"
단일+저층부,5 미세조정,52,52,175.6,66,39,31,17,35,37580,400.0,8617,46197,4133,43.99,0.151,inf,inf,2,3.619,11.65,52층 374㎡(32.1×11.7m) + 저층부 5층 4000㎡(84.9×47.1m),"{""towers"": [[374.04, 2.754, 172.0, 194325.1, 546969.9, 52]], ""podium"": [4000.0, 1.8025, 52.04, 194307.2, 546952.7, 5], ""detached"": false}"
단일+저층부,5 미세조정,50,50,169.0,66,39,31,17,35,37580,400.0,8516,46096,4133,43.99,0.144,inf,inf,2,3.619,11.71,50층 391㎡(33.4×11.7m) + 저층부 5층 4000㎡(84.9×47.1m),"{""towers"": [[390.67, 2.85, 172.0, 194325.1, 546972.4, 50]], ""podium"": [4000.0, 1.8025, 52.04, 194307.2, 546952.7, 5], ""detached"": false}"
단일+저층부,5 미세조정,54,54,182.2,66,40,31,17,35,37580,400.0,8444,46024,4133,43.99,0.142,inf,inf,2,3.618,12.94,54층 359㎡(27.7×12.9m) + 저층부 5층 4000㎡(84.9×47.1m),"{""towers"": [[358.78, 2.142, 170.0, 194325.1, 546971.4, 54]], ""podium"": [4000.0, 1.8025, 52.04, 194307.2, 546952.7, 5], ""detached"": false}"
단일+저층부,5 미세조정,53,53,178.9,66,40,31,17,35,37580,400.0,8437,46017,4133,43.99,0.135,inf,inf,2,3.615,12.71,53층 366㎡(28.8×12.7m) + 저층부 5층 4000㎡(84.9×47.1m),"{""towers"": [[366.25, 2.268, 174.0, 194325.1, 546973.9, 53]], ""podium"": [4000.0, 1.8025, 52.04, 194307.2, 546952.7, 5], ""detached"": false}"
단일+저층부,5 미세조정,55,55,185.5,66,40,31,17,35,37580,400.0,8712,46292,4133,43.99,0.141,inf,inf,2,3.615,11.81,55층 352㎡(29.8×11.8m) + 저층부 5층 4000㎡(84.9×47.1m),"{""towers"": [[351.6, 2.52, 174.0, 194325.1, 546971.4, 55]], ""podium"": [4000.0, 1.8025, 52.04, 194307.2, 546952.7, 5], ""detached"": false}"
단일+저층부,5 미세조정,55,55,185.5,67,37,31,17,36,37580,400.0,8514,46094,4133,43.99,0.121,inf,inf,2,3.632,12.81,55층 352㎡(27.4×12.8m) + 저층부 5층 4000㎡(84.9×47.1m),"{""towers"": [[351.6, 2.142, 166.0, 194330.1, 546966.4, 55]], ""podium"": [4000.0, 1.8025, 52.04, 194307.2, 546952.7, 5], ""detached"": false}"
단일+저층부,5 미세조정,53,53,178.9,67,37,31,17,36,37580,400.0,8374,45954,4133,43.99,0.121,inf,inf,2,3.63,13.08,53층 366㎡(28.0×13.1m) + 저층부 5층 4000㎡(84.9×47.1m),"{""towers"": [[366.25, 2.142, 166.0, 194330.1, 546966.4, 53]], ""podium"": [4000.0, 1.8025, 52.04, 194307.2, 546952.7, 5], ""detached"": false}"
단일+저층부,5 미세조정,55,55,185.5,67,37,31,17,36,37580,400.0,8492,46072,4133,43.99,0.126,inf,inf,2,3.627,12.94,55층 352㎡(27.2×12.9m) + 저층부 5층 4000㎡(84.9×47.1m),"{""towers"": [[351.6, 2.1, 166.0, 194330.1, 546968.9, 55]], ""podium"": [4000.0, 1.8025, 52.04, 194307.2, 546952.7, 5], ""detached"": false}"
단일+저층부,5 미세조정,54,54,182.2,67,36,31,17,36,37580,400.0,8444,46024,4133,43.99,0.095,inf,inf,2,3.627,12.94,54층 359㎡(27.7×12.9m) + 저층부 5층 4000㎡(84.9×47.1m),"{""towers"": [[358.78, 2.142, 166.0, 194330.1, 546963.9, 54]], ""podium"": [4000.0, 1.8025, 52.04, 194307.2, 546952.7, 5], ""detached"": false}"
단일+저층부,5 미세조정,53,53,178.9,68,36,31,17,37,37580,400.0,8374,45954,4133,43.99,0.056,inf,inf,2,3.632,13.08,53층 366㎡(28.0×13.1m) + 저층부 5층 4000㎡(84.9×47.1m),"{""towers"": [[366.25, 2.142, 174.0, 194332.6, 546963.9, 53]], ""podium"": [4000.0, 1.8025, 52.04, 194307.2, 546952.7, 5], ""detached"": false}"
단일+저층부,5 미세조정,52,52,175.6,68,39,31,19,37,37580,400.0,8600,46180,4133,43.99,0.127,inf,inf,2,3.624,11.72,52층 374㎡(31.9×11.7m) + 저층부 5층 4000㎡(84.9×47.1m),"{""towers"": [[374.04, 2.7216, 170.0, 194325.1, 546966.4, 52]], ""podium"": [4000.0, 1.8025, 52.04, 194307.2, 546952.7, 5], ""detached"": false}"
단일+저층부,5 미세조정,46,46,155.8,68,36,31,17,37,37580,400.0,7815,45395,4133,43.99,0.084,inf,inf,2,3.622,14.5,46층 429㎡(29.6×14.5m) + 저층부 5층 4000㎡(84.9×47.1m),"{""towers"": [[428.78, 2.04, 176.0, 194331.6, 546966.9, 46]], ""podium"": [4000.0, 1.8025, 52.04, 194307.2, 546952.7, 5], ""detached"": false}"
단일+저층부,5 미세조정,55,55,185.5,69,39,31,19,38,37580,400.0,8712,46292,4133,43.99,0.108,inf,inf,2,3.623,11.81,55층 352㎡(29.8×11.8m) + 저층부 5층 4000㎡(84.9×47.1m),"{""towers"": [[351.6, 2.52, 170.0, 194325.1, 546963.9, 55]], ""podium"": [4000.0, 1.8025, 52.04, 194307.2, 546952.7, 5], ""detached"": false}"
단일+저층부,저층부고정 11m,51,51,172.3,69,39,31,17,38,37580,400.0,8670,46250,4133,43.99,0.124,inf,inf,2,3.614,11.29,51층 382㎡(33.9×11.3m) + 저층부 5층 4000㎡(84.9×47.1m),"{""towers"": [[382.17, 3.0, 0, 194325.1, 546969.9, 51]], ""podium"": [4000.0, 1.8025, 52.04, 194307.2, 546952.7, 5], ""detached"": false}"
단일+저층부,5 미세조정,49,49,165.7,70,36,31,17,39,37581,400.0,8212,45793,4133,44.0,0.034,inf,inf,2,3.624,12.9,49층 400㎡(31.0×12.9m) + 저층부 5층 4000㎡(84.9×47.1m),"{""towers"": [[399.55, 2.4, 0.0, 194331.6, 546961.9, 49]], ""podium"": [4000.0, 1.8025, 52.04, 194307.2, 546952.7, 5], ""detached"": false}"
단일+저층부,5 미세조정,52,52,175.6,70,38,31,17,39,37580,400.0,8787,46367,4133,43.99,0.104,inf,inf,2,3.612,11.02,52층 374㎡(33.9×11.0m) + 저층부 5층 4000㎡(84.9×47.1m),"{""towers"": [[374.04, 3.078, 0.0, 194325.1, 546967.4, 52]], ""podium"": [4000.0, 1.8025, 52.04, 194307.2, 546952.7, 5], ""detached"": false}"
단일+저층부,5 미세조정,51,51,172.3,71,39,31,19,40,37580,400.0,8710,46290,4133,43.99,0.053,inf,inf,2,3.631,11.14,51층 382㎡(34.3×11.1m) + 저층부 5층 4000㎡(84.9×47.1m),"{""towers"": [[382.17, 3.078, 172.0, 194325.1, 546959.9, 51]], ""podium"": [4000.0, 1.8025, 52.04, 194307.2, 546952.7, 5], ""detached"": false}"
단일+저층부,5 미세조정,51,51,172.3,71,38,31,17,40,37580,400.0,8710,46290,4133,43.99,0.104,inf,inf,2,3.611,11.14,51층 382㎡(34.3×11.1m) + 저층부 5층 4000㎡(84.9×47.1m),"{""towers"": [[382.17, 3.078, 0.0, 194325.1, 546967.4, 51]], ""podium"": [4000.0, 1.8025, 52.04, 194307.2, 546952.7, 5], ""detached"": false}"
단일+저층부,5 미세조정,48,48,162.4,71,37,31,17,40,37580,400.0,8137,45717,4133,43.99,0.084,inf,inf,2,3.61,13.05,48층 409㎡(31.3×13.1m) + 저층부 5층 4000㎡(84.9×47.1m),"{""towers"": [[408.84, 2.4, 0.0, 194326.6, 546964.4, 48]], ""podium"": [4000.0, 1.8025, 52.04, 194307.2, 546952.7, 5], ""detached"": false}"
단일+저층부,5 미세조정,47,47,159.1,72,37,31,17,41,37580,400.0,8395,45975,4133,43.99,0.087,inf,inf,2,3.604,11.66,47층 419㎡(35.9×11.7m) + 저층부 5층 4000㎡(84.9×47.1m),"{""towers"": [[418.57, 3.078, 4.0, 194327.6, 546967.4, 47]], ""podium"": [4000.0, 1.8025, 52.04, 194307.2, 546952.7, 5], ""detached"": false}"
단일+저층부,5 미세조정,47,47,159.1,72,37,31,17,41,37580,400.0,8476,46056,4133,43.99,0.084,inf,inf,2,3.604,11.37,47층 419㎡(36.8×11.4m) + 저층부 5층 4000㎡(84.9×47.1m),"{""towers"": [[418.57, 3.24, 4.0, 194327.6, 546967.4, 47]], ""podium"": [4000.0, 1.8025, 52.04, 194307.2, 546952.7, 5], ""detached"": false}"
단일+저층부,5 미세조정,47,47,159.1,73,37,31,17,42,37580,400.0,8395,45975,4133,43.99,0.049,inf,inf,2,3.618,11.66,47층 419㎡(35.9×11.7m) + 저층부 5층 4000㎡(84.9×47.1m),"{""towers"": [[418.57, 3.078, 0.0, 194327.6, 546962.4, 47]], ""podium"": [4000.0, 1.8025, 52.04, 194307.2, 546952.7, 5], ""detached"": false}"
단일+저층부,5 미세조정,47,47,159.1,73,37,31,17,42,37580,400.0,8476,46056,4133,43.99,0.066,inf,inf,2,3.605,11.37,47층 419㎡(36.8×11.4m) + 저층부 5층 4000㎡(84.9×47.1m),"{""towers"": [[418.57, 3.24, 4.0, 194327.6, 546964.9, 47]], ""podium"": [4000.0, 1.8025, 52.04, 194307.2, 546952.7, 5], ""detached"": false}"
단일+저층부,5 미세조정,49,49,165.7,76,43,31,22,45,37580,400.0,8439,46019,4133,43.99,0.111,inf,inf,2,3.624,11.84,49층 400㎡(33.7×11.8m) + 저층부 5층 4000㎡(84.9×47.1m),"{""towers"": [[399.55, 2.85, 170.0, 194317.1, 546958.9, 49]], ""podium"": [4000.0, 1.8025, 52.04, 194307.2, 546952.7, 5], ""detached"": false}"
단일+저층부,5 미세조정,46,46,155.8,68,36,32,17,36,37580,400.0,8077,45657,4133,43.99,0.052,inf,inf,2,3.629,12.86,46층 429㎡(33.3×12.9m) + 저층부 5층 4000㎡(84.9×47.1m),"{""towers"": [[428.78, 2.592, 172.0, 194331.6, 546964.4, 46]], ""podium"": [4000.0, 1.8025, 52.04, 194307.2, 546952.7, 5], ""detached"": false}"
단일+저층부,5 미세조정,49,49,165.7,68,36,32,17,36,37580,400.0,8037,45617,4133,43.99,0.071,inf,inf,2,3.624,13.99,49층 400㎡(28.5×14.0m) + 저층부 5층 4000㎡(84.9×47.1m),"{""towers"": [[399.55, 2.04, 172.0, 194331.6, 546964.4, 49]], ""podium"": [4000.0, 1.8025, 52.04, 194307.2, 546952.7, 5], ""detached"": false}"
단일+저층부,저층부고정 11m,45,45,152.5,68,37,32,17,36,37580,400.0,8195,45775,4133,43.99,0.157,inf,inf,2,3.618,12.1,45층 440㎡(36.3×12.1m) + 저층부 5층 4000㎡(84.9×47.1m),"{""towers"": [[439.5, 3.0, 170, 194325.1, 546969.9, 45]], ""podium"": [4000.0, 1.8025, 52.04, 194307.2, 546952.7, 5], ""detached"": false}"
단일+저층부,5 미세조정,51,51,172.3,68,38,32,17,36,37580,400.0,8710,46290,4133,43.99,0.144,inf,inf,2,3.618,11.14,51층 382㎡(34.3×11.1m) + 저층부 5층 4000㎡(84.9×47.1m),"{""towers"": [[382.17, 3.078, 172.0, 194325.1, 546969.9, 51]], ""podium"": [4000.0, 1.8025, 52.04, 194307.2, 546952.7, 5], ""detached"": false}"
단일+저층부,5 미세조정,55,55,185.5,68,39,32,17,36,37580,400.0,8712,46292,4133,43.99,0.137,inf,inf,2,3.617,11.81,55층 352㎡(29.8×11.8m) + 저층부 5층 4000㎡(84.9×47.1m),"{""towers"": [[351.6, 2.52, 174.0, 194325.1, 546968.9, 55]], ""podium"": [4000.0, 1.8025, 52.04, 194307.2, 546952.7, 5], ""detached"": false}"
단일+저층부,5 미세조정,50,50,169.0,68,38,32,17,36,37580,400.0,8593,46173,4133,43.99,0.146,inf,inf,2,3.617,11.41,50층 391㎡(34.2×11.4m) + 저층부 5층 4000㎡(84.9×47.1m),"{""towers"": [[390.67, 3.0, 172.0, 194325.1, 546969.9, 50]], ""podium"": [4000.0, 1.8025, 52.04, 194307.2, 546952.7, 5], ""detached"": false}"
단일+저층부,5 미세조정,47,47,159.1,69,36,32,17,37,37580,400.0,8003,45583,4133,43.99,0.087,inf,inf,2,3.629,13.55,47층 419㎡(30.9×13.5m) + 저층부 5층 4000㎡(84.9×47.1m),"{""towers"": [[418.57, 2.28, 172.0, 194331.6, 546966.9, 47]], ""podium"": [4000.0, 1.8025, 52.04, 194307.2, 546952.7, 5], ""detached"": false}"
단일+저층부,5 미세조정,52,52,175.6,69,37,32,17,37,37580,400.0,8495,46075,4133,43.99,0.132,inf,inf,2,3.624,12.18,52층 374㎡(30.7×12.2m) + 저층부 5층 4000㎡(84.9×47.1m),"{""towers"": [[374.04, 2.52, 170.0, 194325.1, 546966.4, 52]], ""podium"": [4000.0, 1.8025, 52.04, 194307.2, 546952.7, 5], ""detached"": false}"
단일+저층부,5 미세조정,50,50,169.0,69,36,32,17,37,37580,400.0,8466,46046,4133,43.99,0.047,inf,inf,2,3.623,11.91,50층 391㎡(32.8×11.9m) + 저층부 5층 4000㎡(84.9×47.1m),"{""towers"": [[390.67, 2.754, 0.0, 194332.6, 546964.9, 50]], ""podium"": [4000.0, 1.8025, 52.04, 194307.2, 546952.7, 5], ""detached"": false}"
단일+저층부,저층부고정 11m,49,49,165.7,69,36,32,17,37,37580,400.0,8066,45646,4133,43.99,0.068,inf,inf,2,3.622,13.79,49층 400㎡(29.0×13.8m) + 저층부 5층 4000㎡(84.9×47.1m),"{""towers"": [[399.55, 2.1, 170, 194329.1, 546961.9, 49]], ""podium"": [4000.0, 1.8025, 52.04, 194307.2, 546952.7, 5], ""detached"": false}"
단일+저층부,5 미세조정,52,52,175.6,69,39,32,17,37,37580,400.0,8430,46010,4133,43.99,0.142,inf,inf,2,3.615,12.5,52층 374㎡(29.9×12.5m) + 저층부 5층 4000㎡(84.9×47.1m),"{""towers"": [[374.04, 2.394, 174.0, 194325.1, 546968.9, 52]], ""podium"": [4000.0, 1.8025, 52.04, 194307.2, 546952.7, 5], ""detached"": false}"
단일+저층부,5 미세조정,54,54,182.2,69,39,32,17,37,37580,400.0,8423,46003,4133,43.99,0.133,inf,inf,2,3.611,13.07,54층 359㎡(27.4×13.1m) + 저층부 5층 4000㎡(84.9×47.1m),"{""towers"": [[358.78, 2.1, 178.0, 194325.1, 546968.9, 54]], ""podium"": [4000.0, 1.8025, 52.04, 194307.2, 546952.7, 5], ""detached"": false}"
단일+저층부,5 미세조정,53,53,178.9,70,37,32,17,38,37580,400.0,8834,46414,4133,43.99,0.108,inf,inf,2,3.622,11.01,53층 366㎡(33.3×11.0m) + 저층부 5층 4000㎡(84.9×47.1m),"{""towers"": [[366.25, 3.024, 174.0, 194325.1, 546966.4, 53]], ""podium"": [4000.0, 1.8025, 52.04, 194307.2, 546952.7, 5], ""detached"": false}"
단일+저층부,5 미세조정,50,50,169.0,70,37,32,17,38,37580,400.0,8633,46213,4133,43.99,0.121,inf,inf,2,3.62,11.27,50층 391㎡(34.7×11.3m) + 저층부 5층 4000㎡(84.9×47.1m),"{""towers"": [[390.67, 3.078, 172.0, 194325.1, 546967.4, 50]], ""podium"": [4000.0, 1.8025, 52.04, 194307.2, 546952.7, 5], ""detached"": false}"
단일+저층부,5 미세조정,50,50,169.0,70,37,32,17,38,37580,400.0,8516,46096,4133,43.99,0.127,inf,inf,2,3.619,11.71,50층 391㎡(33.4×11.7m) + 저층부 5층 4000㎡(84.9×47.1m),"{""towers"": [[390.67, 2.85, 172.0, 194325.1, 546967.4, 50]], ""podium"": [4000.0, 1.8025, 52.04, 194307.2, 546952.7, 5], ""detached"": false}"
단일+저층부,5 미세조정,53,53,178.9,70,39,32,17,38,37580,400.0,8568,46148,4133,43.99,0.127,inf,inf,2,3.618,12.06,53층 366㎡(30.4×12.1m) + 저층부 5층 4000㎡(84.9×47.1m),"{""towers"": [[366.25, 2.52, 178.0, 194325.1, 546968.9, 53]], ""podium"": [4000.0, 1.8025, 52.04, 194307.2, 546952.7, 5], ""detached"": false}"
단일+저층부,5 미세조정,52,52,175.6,70,39,32,17,38,37580,400.0,8495,46075,4133,43.99,0.128,inf,inf,2,3.618,12.18,52층 374㎡(30.7×12.2m) + 저층부 5층 4000㎡(84.9×47.1m),"{""towers"": [[374.04, 2.52, 178.0, 194325.1, 546968.9, 52]], ""podium"": [4000.0, 1.8025, 52.04, 194307.2, 546952.7, 5], ""detached"": false}"
단일+저층부,5 미세조정,51,51,172.3,70,39,32,17,38,37580,400.0,8437,46017,4133,43.99,0.131,inf,inf,2,3.611,12.24,51층 382㎡(31.2×12.2m) + 저층부 5층 4000㎡(84.9×47.1m),"{""towers"": [[382.17, 2.55, 0.0, 194325.1, 546969.9, 51]], ""podium"": [4000.0, 1.8025, 52.04, 194307.2, 546952.7, 5], ""detached"": false}"
단일+저층부,5 미세조정,45,45,152.5,70,37,32,17,38,37580,400.0,7740,45320,4133,43.99,0.133,inf,inf,2,3.611,14.68,45층 440㎡(29.9×14.7m) + 저층부 5층 4000㎡(84.9×47.1m),"{""towers"": [[439.5, 2.04, 172.0, 194326.6, 546966.9, 45]], ""podium"": [4000.0, 1.8025, 52.04, 194307.2, 546952.7, 5], ""detached"": false}"
단일+저층부,5 미세조정,49,49,165.7,70,38,32,17,38,37580,400.0,8390,45970,4133,43.99,0.109,inf,inf,2,3.604,12.04,49층 400㎡(33.2×12.0m) + 저층부 5층 4000㎡(84.9×47.1m),"{""towers"": [[399.55, 2.754, 4.0, 194327.6, 546969.9, 49]], ""podium"": [4000.0, 1.8025, 52.04, 194307.2, 546952.7, 5], ""detached"": false}"
단일+저층부,5 미세조정,50,50,169.0,70,38,32,17,38,37580,400.0,8516,46096,4133,43.99,0.107,inf,inf,2,3.603,11.71,50층 391㎡(33.4×11.7m) + 저층부 5층 4000㎡(84.9×47.1m),"{""towers"": [[390.67, 2.85, 4.0, 194327.6, 546969.9, 50]], ""podium"": [4000.0, 1.8025, 52.04, 194307.2, 546952.7, 5], ""detached"": false}"
단일+저층부,5 미세조정,49,49,165.7,71,36,32,17,39,37580,400.0,8390,45970,4133,43.99,0.07,inf,inf,2,3.622,12.04,49층 400㎡(33.2×12.0m) + 저층부 5층 4000㎡(84.9×47.1m),"{""towers"": [[399.55, 2.754, 168.0, 194327.6, 546962.4, 49]], ""podium"": [4000.0, 1.8025, 52.04, 194307.2, 546952.7, 5], ""detached"": false}"
단일+저층부,5 미세조정,44,44,149.2,71,36,32,17,39,37580,400.0,8056,45636,4133,43.99,0.039,inf,inf,2,3.621,12.51,44층 451㎡(36.0×12.5m) + 저층부 5층 4000㎡(84.9×47.1m),"{""towers"": [[450.77, 2.88, 0.0, 194331.6, 546964.4, 44]], ""podium"": [4000.0, 1.8025, 52.04, 194307.2, 546952.7, 5], ""detached"": false}"
단일+저층부,5 미세조정,49,49,165.7,71,39,32,17,39,37580,400.0,8366,45946,4133,43.99,0.13,inf,inf,2,3.612,12.15,49층 400㎡(32.9×12.1m) + 저층부 5층 4000㎡(84.9×47.1m),"{""towers"": [[399.55, 2.7075, 0.0, 194325.1, 546969.9, 49]], ""podium"": [4000.0, 1.8025, 52.04, 194307.2, 546952.7, 5], ""detached"": false}"
단일+저층부,5 미세조정,44,44,149.2,72,36,32,17,40,37580,400.0,7918,45498,4133,43.99,0.063,inf,inf,2,3.621,13.19,44층 451㎡(34.2×13.2m) + 저층부 5층 4000㎡(84.9×47.1m),"{""towers"": [[450.77, 2.592, 172.0, 194326.6, 546961.9, 44]], ""podium"": [4000.0, 1.8025, 52.04, 194307.2, 546952.7, 5], ""detached"": false}"
단일+저층부,5 미세조정,46,46,155.8,72,36,32,17,40,37580,400.0,7815,45395,4133,43.99,0.053,inf,inf,2,3.611,14.5,46층 429㎡(29.6×14.5m) + 저층부 5층 4000㎡(84.9×47.1m),"{""towers"": [[428.78, 2.04, 0.0, 194329.1, 546961.9, 46]], ""podium"": [4000.0, 1.8025, 52.04, 194307.2, 546952.7, 5], ""detached"": false}"
단일+저층부,5 미세조정,48,48,162.4,73,38,32,19,41,37580,400.0,8475,46055,4133,43.99,0.048,inf,inf,2,3.623,11.52,48층 409㎡(35.5×11.5m) + 저층부 5층 4000㎡(84.9×47.1m),"{""towers"": [[408.84, 3.078, 172.0, 194325.1, 546959.9, 48]], ""podium"": [4000.0, 1.8025, 52.04, 194307.2, 546952.7, 5], ""detached"": false}"
단일+저층부,5 미세조정,49,49,165.7,73,37,32,17,41,37580,400.0,8636,46216,4133,43.99,0.044,inf,inf,2,3.622,11.1,49층 400㎡(36.0×11.1m) + 저층부 5층 4000㎡(84.9×47.1m),"{""towers"": [[399.55, 3.24, 176.0, 194325.1, 546959.9, 49]], ""podium"": [4000.0, 1.8025, 52.04, 194307.2, 546952.7, 5], ""detached"": false}"
단일+저층부,5 미세조정,45,45,152.5,73,37,32,17,41,37580,400.0,7907,45487,4133,43.99,0.066,inf,inf,2,3.615,13.53,45층 440㎡(32.5×13.5m) + 저층부 5층 4000㎡(84.9×47.1m),"{""towers"": [[439.5, 2.4, 0.0, 194329.1, 546964.4, 45]], ""podium"": [4000.0, 1.8025, 52.04, 194307.2, 546952.7, 5], ""detached"": false}"
단일+저층부,5 미세조정,49,49,165.7,74,37,32,17,42,37580,400.0,8308,45888,4133,43.99,0.046,inf,inf,2,3.609,12.42,49층 400㎡(32.2×12.4m) + 저층부 5층 4000㎡(84.9×47.1m),"{""towers"": [[399.55, 2.592, 4.0, 194329.1, 546961.9, 49]], ""podium"": [4000.0, 1.8025, 52.04, 194307.2, 546952.7, 5], ""detached"": false}"
단일+저층부,5 미세조정,52,52,175.6,79,42,32,22,47,37580,400.0,8511,46091,4133,43.99,0.044,inf,inf,2,3.637,12.11,52층 374㎡(30.9×12.1m) + 저층부 5층 4000㎡(84.9×47.1m),"{""towers"": [[374.04, 2.55, 174.0, 194317.1, 546951.4, 52]], ""podium"": [4000.0, 1.8025, 52.04, 194307.2, 546952.7, 5], ""detached"": false}"
단일+저층부,저층부고정 11m,55,55,185.5,79,45,32,20,47,37580,400.0,8345,45925,4133,43.99,0.219,inf,inf,2,3.614,13.98,55층 352㎡(25.2×14.0m) + 저층부 5층 4000㎡(84.9×47.1m),"{""towers"": [[351.6, 1.8, 170, 194313.1, 546965.9, 55]], ""podium"": [4000.0, 1.8025, 52.04, 194307.2, 546952.7, 5], ""detached"": false}"
단일+저층부,5 미세조정,52,52,175.6,80,40,32,20,48,37580,400.0,8667,46247,4133,43.99,0.079,inf,inf,2,3.63,11.46,52층 374㎡(32.6×11.5m) + 저층부 5층 4000㎡(84.9×47.1m),"{""towers"": [[374.04, 2.85, 162.0, 194314.6, 546951.4, 52]], ""podium"": [4000.0, 1.8025, 52.04, 194307.2, 546952.7, 5], ""detached"": false}"
단일+저층부,5 미세조정,53,53,178.9,81,41,32,20,49,37580,400.0,8742,46322,4133,43.99,0.113,inf,inf,2,3.628,11.34,53층 366㎡(32.3×11.3m) + 저층부 5층 4000㎡(84.9×47.1m),"{""towers"": [[366.25, 2.85, 162.0, 194314.6, 546953.9, 53]], ""podium"": [4000.0, 1.8025, 52.04, 194307.2, 546952.7, 5], ""detached"": false}"
단일+저층부,5 미세조정,50,50,169.0,81,40,32,20,49,37580,400.0,8362,45942,4133,43.99,0.123,inf,inf,2,3.626,12.38,50층 391㎡(31.6×12.4m) + 저층부 5층 4000㎡(84.9×47.1m),"{""towers"": [[390.67, 2.55, 162.0, 194314.6, 546953.9, 50]], ""podium"": [4000.0, 1.8025, 52.04, 194307.2, 546952.7, 5], ""detached"": false}"
단일+저층부,5 미세조정,55,55,185.5,68,37,33,17,35,37580,400.0,8712,46292,4133,43.99,0.151,inf,inf,2,3.621,11.81,55층 352㎡(29.8×11.8m) + 저층부 5층 4000㎡(84.9×47.1m),"{""towers"": [[351.6, 2.52, 166.0, 194325.1, 546966.4, 55]], ""podium"": [4000.0, 1.8025, 52.04, 194307.2, 546952.7, 5], ""detached"": false}"
단일+저층부,5 미세조정,53,53,178.9,69,41,33,17,36,37580,400.0,8202,45782,4133,43.99,0.129,inf,inf,2,3.606,14.32,53층 366㎡(25.6×14.3m) + 저층부 5층 4000㎡(84.9×47.1m),"{""towers"": [[366.25, 1.785, 178.0, 194325.1, 546976.4, 53]], ""podium"": [4000.0, 1.8025, 52.04, 194307.2, 546952.7, 5], ""detached"": false}"
단일+저층부,5 미세조정,49,49,165.7,70,36,33,17,37,37580,400.0,8037,45617,4133,43.99,0.047,inf,inf,2,3.631,13.99,49층 400㎡(28.5×14.0m) + 저층부 5층 4000㎡(84.9×47.1m),"{""towers"": [[399.55, 2.04, 176.0, 194334.1, 546964.4, 49]], ""podium"": [4000.0, 1.8025, 52.04, 194307.2, 546952.7, 5], ""detached"": false}"
단일+저층부,5 미세조정,50,50,169.0,70,39,33,19,37,37580,400.0,8633,46213,4133,43.99,0.136,inf,inf,2,3.623,11.27,50층 391㎡(34.7×11.3m) + 저층부 5층 4000㎡(84.9×47.1m),"{""towers"": [[390.67, 3.078, 168.0, 194325.1, 546967.4, 50]], ""podium"": [4000.0, 1.8025, 52.04, 194307.2, 546952.7, 5], ""detached"": false}"
단일+저층부,5 미세조정,47,47,159.1,70,36,33,17,37,37581,400.0,8235,45815,4133,44.0,0.043,inf,inf,2,3.62,12.33,47층 419㎡(34.0×12.3m) + 저층부 5층 4000㎡(84.9×47.1m),"{""towers"": [[418.57, 2.754, 0.0, 194332.6, 546964.9, 47]], ""podium"": [4000.0, 1.8025, 52.04, 194307.2, 546952.7, 5], ""detached"": false}"
단일+저층부,5 미세조정,48,48,162.4,70,37,33,17,37,37580,400.0,8137,45717,4133,43.99,0.073,inf,inf,2,3.619,13.05,48층 409㎡(31.3×13.1m) + 저층부 5층 4000㎡(84.9×47.1m),"{""towers"": [[408.84, 2.4, 0.0, 194331.6, 546966.9, 48]], ""podium"": [4000.0, 1.8025, 52.04, 194307.2, 546952.7, 5], ""detached"": false}"
단일+저층부,저층부고정 11m,50,50,169.0,70,37,33,17,37,37580,400.0,7877,45457,4133,43.99,0.125,inf,inf,2,3.598,16.14,50층 391㎡(24.2×16.1m) + 저층부 5층 4000㎡(84.9×47.1m),"{""towers"": [[390.67, 1.5, 0, 194329.1, 546969.9, 50]], ""podium"": [4000.0, 1.8025, 52.04, 194307.2, 546952.7, 5], ""detached"": false}"
단일+저층부,5 미세조정,55,55,185.5,71,39,33,19,38,37580,400.0,8514,46094,4133,43.99,0.117,inf,inf,2,3.623,12.81,55층 352㎡(27.4×12.8m) + 저층부 5층 4000㎡(84.9×47.1m),"{""towers"": [[351.6, 2.142, 170.0, 194325.1, 546963.9, 55]], ""podium"": [4000.0, 1.8025, 52.04, 194307.2, 546952.7, 5], ""detached"": false}"
단일+저층부,5 미세조정,47,47,159.1,71,36,33,17,38,37580,400.0,8395,45975,4133,43.99,0.057,inf,inf,2,3.622,11.66,47층 419㎡(35.9×11.7m) + 저층부 5층 4000㎡(84.9×47.1m),"{""towers"": [[418.57, 3.078, 168.0, 194327.6, 546962.4, 47]], ""podium"": [4000.0, 1.8025, 52.04, 194307.2, 546952.7, 5], ""detached"": false}"
단일+저층부,5 미세조정,53,53,178.9,72,44,33,21,39,37580,400.0,8568,46148,4133,43.99,0.178,inf,inf,2,3.615,12.06,53층 366㎡(30.4×12.1m) + 저층부 5층 4000㎡(84.9×47.1m),"{""towers"": [[366.25, 2.52, 170.0, 194320.1, 546968.9, 53]], ""podium"": [4000.0, 1.8025, 52.04, 194307.2, 546952.7, 5], ""detached"": false}"
단일+저층부,5 미세조정,52,52,175.6,72,39,33,17,39,37580,400.0,8445,46025,4133,43.99,0.114,inf,inf,2,3.612,12.43,52층 374㎡(30.1×12.4m) + 저층부 5층 4000㎡(84.9×47.1m),"{""towers"": [[374.04, 2.4225, 0.0, 194325.1, 546967.4, 52]], ""podium"": [4000.0, 1.8025, 52.04, 194307.2, 546952.7, 5], ""detached"": false}"
단일+저층부,5 미세조정,49,49,165.7,73,38,33,17,40,37580,400.0,8390,45970,4133,43.99,0.11,inf,inf,2,3.607,12.04,49층 400㎡(33.2×12.0m) + 저층부 5층 4000㎡(84.9×47.1m),"{""towers"": [[399.55, 2.754, 0.0, 194325.1, 546967.4, 49]], ""podium"": [4000.0, 1.8025, 52.04, 194307.2, 546952.7, 5], ""detached"": false}"
단일+저층부,저층부고정 11m,44,44,149.2,74,37,33,17,41,37580,400.0,7690,45270,4133,43.99,0.084,inf,inf,2,3.613,14.65,44층 451㎡(30.8×14.7m) + 저층부 5층 4000㎡(84.9×47.1m),"{""towers"": [[450.77, 2.1, 0, 194329.1, 546965.9, 44]], ""podium"": [4000.0, 1.8025, 52.04, 194307.2, 546952.7, 5], ""detached"": false}"
단일+저층부,5 미세조정,50,50,169.0,74,37,33,17,41,37580,400.0,8466,46046,4133,43.99,0.091,inf,inf,2,3.613,11.91,50층 391㎡(32.8×11.9m) + 저층부 5층 4000㎡(84.9×47.1m),"{""towers"": [[390.67, 2.754, 0.0, 194325.1, 546964.9, 50]], ""podium"": [4000.0, 1.8025, 52.04, 194307.2, 546952.7, 5], ""detached"": false}"
단일+저층부,5 미세조정,53,53,178.9,74,37,33,17,41,37580,400.0,8742,46322,4133,43.99,0.089,inf,inf,2,3.609,11.34,53층 366㎡(32.3×11.3m) + 저층부 5층 4000㎡(84.9×47.1m),"{""towers"": [[366.25, 2.85, 0.0, 194325.1, 546964.9, 53]], ""podium"": [4000.0, 1.8025, 52.04, 194307.2, 546952.7, 5], ""detached"": false}"
단일+저층부,5 미세조정,46,46,155.8,74,37,33,17,41,37580,400.0,8156,45736,4133,43.99,0.091,inf,inf,2,3.604,12.48,46층 429㎡(34.4×12.5m) + 저층부 5층 4000㎡(84.9×47.1m),"{""towers"": [[428.78, 2.754, 4.0, 194327.6, 546967.4, 46]], ""podium"": [4000.0, 1.8025, 52.04, 194307.2, 546952.7, 5], ""detached"": false}"
단일+저층부,5 미세조정,49,49,165.7,75,37,33,17,42,37580,400.0,8554,46134,4133,43.99,0.086,inf,inf,2,3.614,11.39,49층 400㎡(35.1×11.4m) + 저층부 5층 4000㎡(84.9×47.1m),"{""towers"": [[399.55, 3.078, 0.0, 194325.1, 546964.9, 49]], ""podium"": [4000.0, 1.8025, 52.04, 194307.2, 546952.7, 5], ""detached"": false}"
단일+저층부,5 미세조정,48,48,162.4,75,37,33,17,42,37580,400.0,8556,46136,4133,43.99,0.083,inf,inf,2,3.612,11.23,48층 409㎡(36.4×11.2m) + 저층부 5층 4000㎡(84.9×47.1m),"{""towers"": [[408.84, 3.24, 0.0, 194325.1, 546964.9, 48]], ""podium"": [4000.0, 1.8025, 52.04, 194307.2, 546952.7, 5], ""detached"": false}"
단일+저층부,5 미세조정,47,47,159.1,75,36,33,17,42,37581,400.0,8476,46056,4133,44.0,0.033,inf,inf,2,3.605,11.37,47층 419㎡(36.8×11.4m) + 저층부 5층 4000㎡(84.9×47.1m),"{""towers"": [[418.57, 3.24, 4.0, 194330.1, 546962.4, 47]], ""podium"": [4000.0, 1.8025, 52.04, 194307.2, 546952.7, 5], ""detached"": false}"
단일+저층부,5 미세조정,50,50,169.0,76,37,33,17,43,37580,400.0,8633,46213,4133,43.99,0.067,inf,inf,2,3.614,11.27,50층 391㎡(34.7×11.3m) + 저층부 5층 4000㎡(84.9×47.1m),"{""towers"": [[390.67, 3.078, 0.0, 194325.1, 546962.4, 50]], ""podium"": [4000.0, 1.8025, 52.04, 194307.2, 546952.7, 5], ""detached"": false}"
단일+저층부,5 미세조정,46,46,155.8,76,37,33,17,43,37580,400.0,8314,45894,4133,43.99,0.084,inf,inf,2,3.612,11.8,46층 429㎡(36.3×11.8m) + 저층부 5층 4000㎡(84.9×47.1m),"{""towers"": [[428.78, 3.078, 0.0, 194325.1, 546964.9, 46]], ""podium"": [4000.0, 1.8025, 52.04, 194307.2, 546952.7, 5], ""detached"": false}"
단일+저층부,5 미세조정,46,46,155.8,77,37,33,17,44,37580,400.0,8314,45894,4133,43.99,0.064,inf,inf,2,3.615,11.8,46층 429㎡(36.3×11.8m) + 저층부 5층 4000㎡(84.9×47.1m),"{""towers"": [[428.78, 3.078, 0.0, 194325.1, 546962.4, 46]], ""podium"": [4000.0, 1.8025, 52.04, 194307.2, 546952.7, 5], ""detached"": false}"
단일+저층부,5 미세조정,46,46,155.8,77,37,33,17,44,37580,400.0,8394,45974,4133,43.99,0.061,inf,inf,2,3.613,11.5,46층 429㎡(37.3×11.5m) + 저층부 5층 4000㎡(84.9×47.1m),"{""towers"": [[428.78, 3.24, 0.0, 194325.1, 546962.4, 46]], ""podium"": [4000.0, 1.8025, 52.04, 194307.2, 546952.7, 5], ""detached"": false}"
단일+저층부,5 미세조정,53,53,178.9,78,42,33,22,45,37580,400.0,8584,46164,4133,43.99,0.089,inf,inf,2,3.632,11.98,53층 366㎡(30.6×12.0m) + 저층부 5층 4000㎡(84.9×47.1m),"{""towers"": [[366.25, 2.55, 166.0, 194319.6, 546956.4, 53]], ""podium"": [4000.0, 1.8025, 52.04, 194307.2, 546952.7, 5], ""detached"": false}"
단일+저층부,5 미세조정,47,47,159.1,78,42,33,22,45,37580,400.0,8357,45937,4133,43.99,0.096,inf,inf,2,3.624,11.81,47층 419㎡(35.4×11.8m) + 저층부 5층 4000㎡(84.9×47.1m),"{""towers"": [[418.57, 3.0, 166.0, 194319.6, 546958.9, 47]], ""podium"": [4000.0, 1.8025, 52.04, 194307.2, 546952.7, 5], ""detached"": false}"
단일+저층부,5 미세조정,47,47,159.1,78,42,33,22,45,37580,400.0,8282,45862,4133,43.99,0.102,inf,inf,2,3.623,12.12,47층 419㎡(34.5×12.1m) + 저층부 5층 4000㎡(84.9×47.1m),"{""towers"": [[418.57, 2.85, 166.0, 194319.6, 546958.9, 47]], ""podium"": [4000.0, 1.8025, 52.04, 194307.2, 546952.7, 5], ""detached"": false}"
단일+저층부,5 미세조정,49,49,165.7,78,41,33,21,45,37580,400.0,8515,46095,4133,43.99,0.117,inf,inf,2,3.617,11.54,49층 400㎡(34.6×11.5m) + 저층부 5층 4000㎡(84.9×47.1m),"{""towers"": [[399.55, 3.0, 162.0, 194319.6, 546958.9, 49]], ""podium"": [4000.0, 1.8025, 52.04, 194307.2, 546952.7, 5], ""detached"": false}"
단일+저층부,저층부고정 11m,49,49,165.7,78,43,33,20,45,37580,400.0,8066,45646,4133,43.99,0.215,inf,inf,2,3.608,13.79,49층 400㎡(29.0×13.8m) + 저층부 5층 4000㎡(84.9×47.1m),"{""towers"": [[399.55, 2.1, 160, 194317.1, 546965.9, 49]], ""podium"": [4000.0, 1.8025, 52.04, 194307.2, 546952.7, 5], ""detached"": false}"
단일+저층부,5 미세조정,49,49,165.7,79,42,33,21,46,37580,400.0,8287,45867,4133,43.99,0.08,inf,inf,2,3.629,12.52,49층 400㎡(31.9×12.5m) + 저층부 5층 4000㎡(84.9×47.1m),"{""towers"": [[399.55, 2.55, 174.0, 194314.6, 546953.9, 49]], ""podium"": [4000.0, 1.8025, 52.04, 194307.2, 546952.7, 5], ""detached"": false}"
단일+저층부,5 미세조정,48,48,162.4,79,42,33,21,46,37580,400.0,8436,46016,4133,43.99,0.069,inf,inf,2,3.627,11.67,48층 409㎡(35.0×11.7m) + 저층부 5층 4000㎡(84.9×47.1m),"{""towers"": [[408.84, 3.0, 174.0, 194314.6, 546953.9, 48]], ""podium"": [4000.0, 1.8025, 52.04, 194307.2, 546952.7, 5], ""detached"": false}"
단일+저층부,5 미세조정,47,47,159.1,79,42,33,22,46,37580,400.0,8134,45714,4133,43.99,0.093,inf,inf,2,3.623,12.81,47층 419㎡(32.7×12.8m) + 저층부 5층 4000㎡(84.9×47.1m),"{""towers"": [[418.57, 2.55, 170.0, 194317.1, 546956.4, 47]], ""podium"": [4000.0, 1.8025, 52.04, 194307.2, 546952.7, 5], ""detached"": false}"
단일+저층부,저층부고정 11m,54,54,182.2,79,42,33,20,46,37580,400.0,8736,46316,4133,43.99,0.214,inf,inf,2,3.615,11.53,54층 359㎡(31.1×11.5m) + 저층부 5층 4000㎡(84.9×47.1m),"{""towers"": [[358.78, 2.7, 160, 194317.1, 546961.9, 54]], ""podium"": [4000.0, 1.8025, 52.04, 194307.2, 546952.7, 5], ""detached"": false}"
단일+저층부,저층부고정 11m,48,48,162.4,79,45,33,20,46,37580,400.0,7856,45436,4133,43.99,0.204,inf,inf,2,3.6,15.07,48층 409㎡(27.1×15.1m) + 저층부 5층 4000㎡(84.9×47.1m),"{""towers"": [[408.84, 1.8, 170, 194317.1, 546969.9, 48]], ""podium"": [4000.0, 1.8025, 52.04, 194307.2, 546952.7, 5], ""detached"": false}"
단일+저층부,5 미세조정,53,53,178.9,80,41,33,20,47,37580,400.0,8742,46322,4133,43.99,0.106,inf,inf,2,3.636,11.34,53층 366㎡(32.3×11.3m) + 저층부 5층 4000㎡(84.9×47.1m),"{""towers"": [[366.25, 2.85, 162.0, 194312.1, 546951.4, 53]], ""podium"": [4000.0, 1.8025, 52.04, 194307.2, 546952.7, 5], ""detached"": false}"
단일+저층부,5 미세조정,47,47,159.1,80,41,33,21,47,37580,400.0,8282,45862,4133,43.99,0.077,inf,inf,2,3.623,12.12,47층 419㎡(34.5×12.1m) + 저층부 5층 4000㎡(84.9×47.1m),"{""towers"": [[418.57, 2.85, 162.0, 194317.1, 546953.9, 47]], ""podium"": [4000.0, 1.8025, 52.04, 194307.2, 546952.7, 5], ""detached"": false}"
단일+저층부,5 미세조정,47,47,159.1,81,40,33,20,48,37580,400.0,8357,45937,4133,43.99,0.135,inf,inf,2,3.616,11.81,47층 419㎡(35.4×11.8m) + 저층부 5층 4000㎡(84.9×47.1m),"{""towers"": [[418.57, 3.0, 162.0, 194314.6, 546956.4, 47]], ""podium"": [4000.0, 1.8025, 52.04, 194307.2, 546952.7, 5], ""detached"": false}"
단일+저층부,5 미세조정,52,52,175.6,67,36,34,17,33,37580,400.0,8303,45883,4133,43.99,0.118,inf,inf,2,3.632,13.21,52층 374㎡(28.3×13.2m) + 저층부 5층 4000㎡(84.9×47.1m),"{""towers"": [[374.04, 2.142, 166.0, 194332.6, 546968.9, 52]], ""podium"": [4000.0, 1.8025, 52.04, 194307.2, 546952.7, 5], ""detached"": false}"
단일+저층부,5 미세조정,53,53,178.9,67,37,34,17,33,37581,400.0,8301,45882,4133,43.99,0.11,inf,inf,2,3.626,13.55,53층 366㎡(27.0×13.5m) + 저층부 5층 4000㎡(84.9×47.1m),"{""towers"": [[366.25, 1.995, 166.0, 194330.1, 546973.9, 53]], ""podium"": [4000.0, 1.8025, 52.04, 194307.2, 546952.7, 5], ""detached"": false}"
단일+저층부,5 미세조정,55,55,185.5,68,39,34,17,34,37580,400.0,8712,46292,4133,43.99,0.121,inf,inf,2,3.628,11.81,55층 352㎡(29.8×11.8m) + 저층부 5층 4000㎡(84.9×47.1m),"{""towers"": [[351.6, 2.52, 162.0, 194327.6, 546973.9, 55]], ""podium"": [4000.0, 1.8025, 52.04, 194307.2, 546952.7, 5], ""detached"": false}"
단일+저층부,5 미세조정,53,53,178.9,68,37,34,17,34,37580,400.0,8502,46082,4133,43.99,0.131,inf,inf,2,3.627,12.37,53층 366㎡(29.6×12.4m) + 저층부 5층 4000㎡(84.9×47.1m),"{""towers"": [[366.25, 2.394, 166.0, 194327.6, 546971.4, 53]], ""podium"": [4000.0, 1.8025, 52.04, 194307.2, 546952.7, 5], ""detached"": false}"
단일+저층부,5 미세조정,54,54,182.2,68,37,34,17,34,37580,400.0,8640,46220,4133,43.99,0.13,inf,inf,2,3.627,11.93,54층 359㎡(30.1×11.9m) + 저층부 5층 4000㎡(84.9×47.1m),"{""towers"": [[358.78, 2.52, 166.0, 194327.6, 546971.4, 54]], ""podium"": [4000.0, 1.8025, 52.04, 194307.2, 546952.7, 5], ""detached"": false}"
단일+저층부,5 미세조정,55,55,185.5,68,39,34,17,34,37580,400.0,8820,46400,4133,43.99,0.14,inf,inf,2,3.626,11.37,55층 352㎡(30.9×11.4m) + 저층부 5층 4000㎡(84.9×47.1m),"{""towers"": [[351.6, 2.7216, 166.0, 194325.1, 546971.4, 55]], ""podium"": [4000.0, 1.8025, 52.04, 194307.2, 546952.7, 5], ""detached"": false}"
단일+저층부,5 미세조정,55,55,185.5,68,39,34,17,34,37580,400.0,8813,46393,4133,43.99,0.137,inf,inf,2,3.625,11.4,55층 352㎡(30.9×11.4m) + 저층부 5층 4000㎡(84.9×47.1m),"{""towers"": [[351.6, 2.7075, 164.0, 194325.1, 546972.4, 55]], ""podium"": [4000.0, 1.8025, 52.04, 194307.2, 546952.7, 5], ""detached"": false}"
단일+저층부,5 미세조정,53,53,178.9,68,37,34,17,34,37580,400.0,8437,46017,4133,43.99,0.132,inf,inf,2,3.622,12.71,53층 366㎡(28.8×12.7m) + 저층부 5층 4000㎡(84.9×47.1m),"{""towers"": [[366.25, 2.268, 166.0, 194327.6, 546971.4, 53]], ""podium"": [4000.0, 1.8025, 52.04, 194307.2, 546952.7, 5], ""detached"": false}"
단일+저층부,5 미세조정,52,52,175.6,68,37,34,17,34,37580,400.0,8759,46339,4133,43.99,0.135,inf,inf,2,3.621,11.12,52층 374㎡(33.6×11.1m) + 저층부 5층 4000㎡(84.9×47.1m),"{""towers"": [[374.04, 3.024, 162.0, 194327.6, 546971.4, 52]], ""podium"": [4000.0, 1.8025, 52.04, 194307.2, 546952.7, 5], ""detached"": false}"
단일+저층부,5 미세조정,52,52,175.6,69,37,34,17,35,37580,400.0,8445,46025,4133,43.99,0.127,inf,inf,2,3.63,12.43,52층 374㎡(30.1×12.4m) + 저층부 5층 4000㎡(84.9×47.1m),"{""towers"": [[374.04, 2.4225, 164.0, 194330.1, 546969.9, 52]], ""podium"": [4000.0, 1.8025, 52.04, 194307.2, 546952.7, 5], ""detached"": false}"
단일+저층부,5 미세조정,52,52,175.6,69,36,34,17,35,37580,400.0,8759,46339,4133,43.99,0.111,inf,inf,2,3.627,11.12,52층 374㎡(33.6×11.1m) + 저층부 5층 4000㎡(84.9×47.1m),"{""towers"": [[374.04, 3.024, 162.0, 194330.1, 546966.4, 52]], ""podium"": [4000.0, 1.8025, 52.04, 194307.2, 546952.7, 5], ""detached"": false}"
단일+저층부,5 미세조정,51,51,172.3,69,37,34,17,35,37580,400.0,8518,46098,4133,43.99,0.129,inf,inf,2,3.627,11.88,51층 382㎡(32.2×11.9m) + 저층부 5층 4000㎡(84.9×47.1m),"{""towers"": [[382.17, 2.7075, 164.0, 194330.1, 546969.9, 51]], ""podium"": [4000.0, 1.8025, 52.04, 194307.2, 546952.7, 5], ""detached"": false}"
단일+저층부,5 미세조정,53,53,178.9,69,37,34,17,35,37580,400.0,8674,46254,4133,43.99,0.124,inf,inf,2,3.626,11.6,53층 366㎡(31.6×11.6m) + 저층부 5층 4000㎡(84.9×47.1m),"{""towers"": [[366.25, 2.7216, 166.0, 194327.6, 546966.4, 53]], ""podium"": [4000.0, 1.8025, 52.04, 194307.2, 546952.7, 5], ""detached"": false}"
단일+저층부,5 미세조정,52,52,175.6,69,37,34,17,35,37580,400.0,8787,46367,4133,43.99,0.139,inf,inf,2,3.624,11.02,52층 374㎡(33.9×11.0m) + 저층부 5층 4000㎡(84.9×47.1m),"{""towers"": [[374.04, 3.078, 164.0, 194327.6, 546969.9, 52]], ""podium"": [4000.0, 1.8025, 52.04, 194307.2, 546952.7, 5], ""detached"": false}"
단일+저층부,5 미세조정,55,55,185.5,69,37,34,17,35,37580,400.0,8712,46292,4133,43.99,0.13,inf,inf,2,3.623,11.81,55층 352㎡(29.8×11.8m) + 저층부 5층 4000㎡(84.9×47.1m),"{""towers"": [[351.6, 2.52, 162.0, 194327.6, 546971.4, 55]], ""podium"": [4000.0, 1.8025, 52.04, 194307.2, 546952.7, 5], ""detached"": false}"
단일+저층부,5 미세조정,51,51,172.3,69,37,34,17,35,37580,400.0,8710,46290,4133,43.99,0.131,inf,inf,2,3.622,11.14,51층 382㎡(34.3×11.1m) + 저층부 5층 4000㎡(84.9×47.1m),"{""towers"": [[382.17, 3.078, 164.0, 194327.6, 546972.4, 51]], ""podium"": [4000.0, 1.8025, 52.04, 194307.2, 546952.7, 5], ""detached"": false}"
단일+저층부,5 미세조정,54,54,182.2,69,39,34,15,35,37580,400.0,8270,45850,4133,43.99,0.123,inf,inf,2,3.618,14.18,54층 359㎡(25.3×14.2m) + 저층부 5층 4000㎡(84.9×47.1m),"{""towers"": [[358.78, 1.785, 166.0, 194325.1, 546976.4, 54]], ""podium"": [4000.0, 1.8025, 52.04, 194307.2, 546952.7, 5], ""detached"": false}"
단일+저층부,5 미세조정,49,49,165.7,69,39,34,17,35,37580,400.0,8223,45803,4133,43.99,0.147,inf,inf,2,3.618,12.84,49층 400㎡(31.1×12.8m) + 저층부 5층 4000㎡(84.9×47.1m),"{""towers"": [[399.55, 2.4225, 168.0, 194325.1, 546972.4, 49]], ""podium"": [4000.0, 1.8025, 52.04, 194307.2, 546952.7, 5], ""detached"": false}"
단일+저층부,5 미세조정,53,53,178.9,69,43,34,19,35,37580,400.0,8437,46017,4133,43.99,0.146,inf,inf,2,3.613,12.71,53층 366㎡(28.8×12.7m) + 저층부 5층 4000㎡(84.9×47.1m),"{""towers"": [[366.25, 2.268, 170.0, 194322.6, 546973.9, 53]], ""podium"": [4000.0, 1.8025, 52.04, 194307.2, 546952.7, 5], ""detached"": false}"
단일+저층부,5 미세조정,55,55,185.5,69,39,34,17,35,37580,400.0,8338,45918,4133,43.99,0.148,inf,inf,2,3.612,14.03,55층 352㎡(25.1×14.0m) + 저층부 5층 4000㎡(84.9×47.1m),"{""towers"": [[351.6, 1.785, 166.0, 194325.1, 546968.9, 55]], ""podium"": [4000.0, 1.8025, 52.04, 194307.2, 546952.7, 5], ""detached"": false}"
단일+저층부,5 미세조정,54,54,182.2,70,37,34,17,36,37580,400.0,8589,46169,4133,43.99,0.145,inf,inf,2,3.625,12.17,54층 359㎡(29.5×12.2m) + 저층부 5층 4000㎡(84.9×47.1m),"{""towers"": [[358.78, 2.4225, 164.0, 194327.6, 546967.4, 54]], ""podium"": [4000.0, 1.8025, 52.04, 194307.2, 546952.7, 5], ""detached"": false}"
단일+저층부,5 미세조정,55,55,185.5,70,37,34,17,36,37580,400.0,8514,46094,4133,43.99,0.142,inf,inf,2,3.623,12.81,55층 352㎡(27.4×12.8m) + 저층부 5층 4000㎡(84.9×47.1m),"{""towers"": [[351.6, 2.142, 166.0, 194327.6, 546966.4, 55]], ""podium"": [4000.0, 1.8025, 52.04, 194307.2, 546952.7, 5], ""detached"": false}"
단일+저층부,5 미세조정,53,53,178.9,70,36,34,17,36,37580,400.0,8674,46254,4133,43.99,0.116,inf,inf,2,3.621,11.6,53층 366㎡(31.6×11.6m) + 저층부 5층 4000㎡(84.9×47.1m),"{""towers"": [[366.25, 2.7216, 162.0, 194327.6, 546963.9, 53]], ""podium"": [4000.0, 1.8025, 52.04, 194307.2, 546952.7, 5], ""detached"": false}"
단일+저층부,5 미세조정,55,55,185.5,70,37,34,17,36,37580,400.0,8338,45918,4133,43.99,0.137,inf,inf,2,3.617,14.03,55층 352㎡(25.1×14.0m) + 저층부 5층 4000㎡(84.9×47.1m),"{""towers"": [[351.6, 1.785, 162.0, 194327.6, 546968.9, 55]], ""podium"": [4000.0, 1.8025, 52.04, 194307.2, 546952.7, 5], ""detached"": false}"
단일+저층부,5 미세조정,54,54,182.2,71,41,34,19,37,37580,400.0,8816,46396,4133,43.99,0.142,inf,inf,2,3.616,11.22,54층 359㎡(32.0×11.2m) + 저층부 5층 4000㎡(84.9×47.1m),"{""towers"": [[358.78, 2.85, 172.0, 194322.6, 546967.4, 54]], ""podium"": [4000.0, 1.8025, 52.04, 194307.2, 546952.7, 5], ""detached"": false}"
단일+저층부,5 미세조정,52,52,175.6,72,37,34,17,38,37580,400.0,8303,45883,4133,43.99,0.118,inf,inf,2,3.62,13.21,52층 374㎡(28.3×13.2m) + 저층부 5층 4000㎡(84.9×47.1m),"{""towers"": [[374.04, 2.142, 170.0, 194325.1, 546963.9, 52]], ""podium"": [4000.0, 1.8025, 52.04, 194307.2, 546952.7, 5], ""detached"": false}"
단일+저층부,5 미세조정,53,53,178.9,72,41,34,17,38,37580,400.0,8667,46247,4133,43.99,0.153,inf,inf,2,3.616,11.63,53층 366㎡(31.5×11.6m) + 저층부 5층 4000㎡(84.9×47.1m),"{""towers"": [[366.25, 2.7075, 176.0, 194322.6, 546972.4, 53]], ""podium"": [4000.0, 1.8025, 52.04, 194307.2, 546952.7, 5], ""detached"": false}"
단일+저층부,5 미세조정,52,52,175.6,73,41,34,21,39,37580,400.0,8600,46180,4133,43.99,0.122,inf,inf,2,3.62,11.72,52층 374㎡(31.9×11.7m) + 저층부 5층 4000㎡(84.9×47.1m),"{""towers"": [[374.04, 2.7216, 170.0, 194322.6, 546963.9, 52]], ""podium"": [4000.0, 1.8025, 52.04, 194307.2, 546952.7, 5], ""detached"": false}"
단일+저층부,5 미세조정,50,50,169.0,73,40,34,17,39,37580,400.0,8633,46213,4133,43.99,0.157,inf,inf,2,3.615,11.27,50층 391㎡(34.7×11.3m) + 저층부 5층 4000㎡(84.9×47.1m),"{""towers"": [[390.67, 3.078, 176.0, 194322.6, 546972.4, 50]], ""podium"": [4000.0, 1.8025, 52.04, 194307.2, 546952.7, 5], ""detached"": false}"
단일+저층부,5 미세조정,51,51,172.3,73,39,34,17,39,37580,400.0,8710,46290,4133,43.99,0.117,inf,inf,2,3.603,11.14,51층 382㎡(34.3×11.1m) + 저층부 5층 4000㎡(84.9×47.1m),"{""towers"": [[382.17, 3.078, 4.0, 194325.1, 546969.9, 51]], ""podium"": [4000.0, 1.8025, 52.04, 194307.2, 546952.7, 5], ""detached"": false}"
단일+저층부,5 미세조정,48,48,162.4,74,39,34,19,40,37580,400.0,8376,45956,4133,43.99,0.105,inf,inf,2,3.62,11.91,48층 409㎡(34.3×11.9m) + 저층부 5층 4000㎡(84.9×47.1m),"{""towers"": [[408.84, 2.88, 172.0, 194324.1, 546964.4, 48]], ""podium"": [4000.0, 1.8025, 52.04, 194307.2, 546952.7, 5], ""detached"": false}"
단일+저층부,5 미세조정,47,47,159.1,74,39,34,19,40,37580,400.0,8297,45877,4133,43.99,0.104,inf,inf,2,3.619,12.06,47층 419㎡(34.7×12.1m) + 저층부 5층 4000㎡(84.9×47.1m),"{""towers"": [[418.57, 2.88, 172.0, 194324.1, 546964.4, 47]], ""podium"": [4000.0, 1.8025, 52.04, 194307.2, 546952.7, 5], ""detached"": false}"
단일+저층부,5 미세조정,46,46,155.8,75,37,34,17,41,37580,400.0,8077,45657,4133,43.99,0.081,inf,inf,2,3.607,12.86,46층 429㎡(33.3×12.9m) + 저층부 5층 4000㎡(84.9×47.1m),"{""towers"": [[428.78, 2.592, 4.0, 194329.1, 546966.9, 46]], ""podium"": [4000.0, 1.8025, 52.04, 194307.2, 546952.7, 5], ""detached"": false}"
단일+저층부,5 미세조정,49,49,165.7,76,36,34,17,42,37580,400.0,8153,45733,4133,43.99,0.032,inf,inf,2,3.616,13.24,49층 400㎡(30.2×13.2m) + 저층부 5층 4000㎡(84.9×47.1m),"{""towers"": [[399.55, 2.28, 4.0, 194329.1, 546959.4, 49]], ""podium"": [4000.0, 1.8025, 52.04, 194307.2, 546952.7, 5], ""detached"": false}"
단일+저층부,5 미세조정,47,47,159.1,76,37,34,17,42,37580,400.0,8235,45815,4133,43.99,0.091,inf,inf,2,3.613,12.33,47층 419㎡(34.0×12.3m) + 저층부 5층 4000㎡(84.9×47.1m),"{""towers"": [[418.57, 2.754, 0.0, 194325.1, 546964.9, 47]], ""podium"": [4000.0, 1.8025, 52.04, 194307.2, 546952.7, 5], ""detached"": false}"
단일+저층부,5 미세조정,48,48,162.4,76,37,34,17,42,37580,400.0,7964,45544,4133,43.99,0.09,inf,inf,2,3.611,14.16,48층 409㎡(28.9×14.2m) + 저층부 5층 4000㎡(84.9×47.1m),"{""towers"": [[408.84, 2.04, 0.0, 194326.6, 546964.4, 48]], ""podium"": [4000.0, 1.8025, 52.04, 194307.2, 546952.7, 5], ""detached"": false}"
단일+저층부,5 미세조정,49,49,165.7,76,37,34,17,42,37580,400.0,8153,45733,4133,43.99,0.05,inf,inf,2,3.609,13.24,49층 400㎡(30.2×13.2m) + 저층부 5층 4000㎡(84.9×47.1m),"{""towers"": [[399.55, 2.28, 4.0, 194329.1, 546961.9, 49]], ""podium"": [4000.0, 1.8025, 52.04, 194307.2, 546952.7, 5], ""detached"": false}"
단일+저층부,5 미세조정,47,47,159.1,77,37,34,17,43,37580,400.0,8003,45583,4133,43.99,0.045,inf,inf,2,3.611,13.55,47층 419㎡(30.9×13.5m) + 저층부 5층 4000㎡(84.9×47.1m),"{""towers"": [[418.57, 2.28, 0.0, 194326.6, 546959.4, 47]], ""podium"": [4000.0, 1.8025, 52.04, 194307.2, 546952.7, 5], ""detached"": false}"
단일+저층부,5 미세조정,51,51,172.3,79,42,34,22,45,37580,400.0,8592,46172,4133,43.99,0.049,inf,inf,2,3.634,11.58,51층 382㎡(33.0×11.6m) + 저층부 5층 4000㎡(84.9×47.1m),"{""towers"": [[382.17, 2.85, 170.0, 194322.1, 546956.4, 51]], ""podium"": [4000.0, 1.8025, 52.04, 194307.2, 546952.7, 5], ""detached"": false}"
단일+저층부,저층부고정 11m,45,45,152.5,79,43,34,21,45,37580,400.0,8050,45630,4133,43.99,0.146,inf,inf,2,3.617,12.76,45층 440㎡(34.4×12.8m) + 저층부 5층 4000㎡(84.9×47.1m),"{""towers"": [[439.5, 2.7, 170, 194317.1, 546961.9, 45]], ""podium"": [4000.0, 1.8025, 52.04, 194307.2, 546952.7, 5], ""detached"": false}"
단일+저층부,저층부고정 11m,52,52,175.6,79,44,34,20,45,37580,400.0,8139,45719,4133,43.99,0.206,inf,inf,2,3.607,14.42,52층 374㎡(25.9×14.4m) + 저층부 5층 4000㎡(84.9×47.1m),"{""towers"": [[374.04, 1.8, 170, 194317.1, 546965.9, 52]], ""podium"": [4000.0, 1.8025, 52.04, 194307.2, 546952.7, 5], ""detached"": false}"
단일+저층부,5 미세조정,51,51,172.3,80,42,34,21,46,37580,400.0,8670,46250,4133,43.99,0.097,inf,inf,2,3.636,11.29,51층 382㎡(33.9×11.3m) + 저층부 5층 4000㎡(84.9×47.1m),"{""towers"": [[382.17, 3.0, 170.0, 194312.1, 546953.9, 51]], ""podium"": [4000.0, 1.8025, 52.04, 194307.2, 546952.7, 5], ""detached"": false}"
단일+저층부,5 미세조정,48,48,162.4,80,41,34,20,46,37580,400.0,8211,45791,4133,43.99,0.094,inf,inf,2,3.631,12.66,48층 409㎡(32.3×12.7m) + 저층부 5층 4000㎡(84.9×47.1m),"{""towers"": [[408.84, 2.55, 166.0, 194312.1, 546951.4, 48]], ""podium"": [4000.0, 1.8025, 52.04, 194307.2, 546952.7, 5], ""detached"": false}"
단일+저층부,5 미세조정,48,48,162.4,80,42,34,22,46,37580,400.0,8556,46136,4133,43.99,0.046,inf,inf,2,3.631,11.23,48층 409㎡(36.4×11.2m) + 저층부 5층 4000㎡(84.9×47.1m),"{""towers"": [[408.84, 3.24, 174.0, 194317.1, 546953.9, 48]], ""podium"": [4000.0, 1.8025, 52.04, 194307.2, 546952.7, 5], ""detached"": false}"
단일+저층부,5 미세조정,53,53,178.9,80,44,34,22,46,37580,400.0,8822,46402,4133,43.99,0.087,inf,inf,2,3.626,11.05,53층 366㎡(33.1×11.0m) + 저층부 5층 4000㎡(84.9×47.1m),"{""towers"": [[366.25, 3.0, 178.0, 194314.6, 546956.4, 53]], ""podium"": [4000.0, 1.8025, 52.04, 194307.2, 546952.7, 5], ""detached"": false}"
단일+저층부,5 미세조정,47,47,159.1,80,42,34,21,46,37580,400.0,8134,45714,4133,43.99,0.137,inf,inf,2,3.617,12.81,47층 419㎡(32.7×12.8m) + 저층부 5층 4000㎡(84.9×47.1m),"{""towers"": [[418.57, 2.55, 166.0, 194317.1, 546958.9, 47]], ""podium"": [4000.0, 1.8025, 52.04, 194307.2, 546952.7, 5], ""detached"": false}"
단일+저층부,저층부고정 11m,45,45,152.5,80,42,34,20,46,37580,400.0,7767,45347,4133,43.99,0.166,inf,inf,2,3.614,14.47,45층 440㎡(30.4×14.5m) + 저층부 5층 4000㎡(84.9×47.1m),"{""towers"": [[439.5, 2.1, 170, 194317.1, 546961.9, 45]], ""podium"": [4000.0, 1.8025, 52.04, 194307.2, 546952.7, 5], ""detached"": false}"
단일+저층부,5 미세조정,49,49,165.7,81,41,34,20,47,37580,400.0,8439,46019,4133,43.99,0.085,inf,inf,2,3.631,11.84,49층 400㎡(33.7×11.8m) + 저층부 5층 4000㎡(84.9×47.1m),"{""towers"": [[399.55, 2.85, 166.0, 194312.1, 546951.4, 49]], ""podium"": [4000.0, 1.8025, 52.04, 194307.2, 546952.7, 5], ""detached"": false}"
단일+저층부,5 미세조정,49,49,165.7,81,42,34,22,47,37580,400.0,8287,45867,4133,43.99,0.067,inf,inf,2,3.624,12.52,49층 400㎡(31.9×12.5m) + 저층부 5층 4000㎡(84.9×47.1m),"{""towers"": [[399.55, 2.55, 174.0, 194319.6, 546956.4, 49]], ""podium"": [4000.0, 1.8025, 52.04, 194307.2, 546952.7, 5], ""detached"": false}"
단일+저층부,저층부고정 11m,47,47,159.1,81,41,34,20,47,37580,400.0,7783,45363,4133,43.99,0.209,inf,inf,2,3.605,15.25,47층 419㎡(27.4×15.2m) + 저층부 5층 4000㎡(84.9×47.1m),"{""towers"": [[418.57, 1.8, 160, 194317.1, 546957.9, 47]], ""podium"": [4000.0, 1.8025, 52.04, 194307.2, 546952.7, 5], ""detached"": false}"
단일+저층부,저층부고정 11m,46,46,155.8,82,42,34,20,48,37580,400.0,8129,45709,4133,43.99,0.208,inf,inf,2,3.608,12.6,46층 429㎡(34.0×12.6m) + 저층부 5층 4000㎡(84.9×47.1m),"{""towers"": [[428.78, 2.7, 160, 194313.1, 546957.9, 46]], ""podium"": [4000.0, 1.8025, 52.04, 194307.2, 546952.7, 5], ""detached"": false}"
단일+저층부,5 미세조정,55,55,185.5,65,36,35,17,30,37580,400.0,8820,46400,4133,43.99,0.116,inf,inf,2,3.64,11.37,55층 352㎡(30.9×11.4m) + 저층부 5층 4000㎡(84.9×47.1m),"{""towers"": [[351.6, 2.7216, 162.0, 194332.6, 546968.9, 55]], ""podium"": [4000.0, 1.8025, 52.04, 194307.2, 546952.7, 5], ""detached"": false}"
단일+저층부,5 미세조정,52,52,175.6,66,36,35,17,31,37580,400.0,8759,46339,4133,43.99,0.085,inf,inf,2,3.635,11.12,52층 374㎡(33.6×11.1m) + 저층부 5층 4000㎡(84.9×47.1m),"{""towers"": [[374.04, 3.024, 162.0, 194332.6, 546966.4, 52]], ""podium"": [4000.0, 1.8025, 52.04, 194307.2, 546952.7, 5], ""detached"": false}"
단일+저층부,5 미세조정,52,52,175.6,67,37,35,17,32,37580,400.0,8759,46339,4133,43.99,0.123,inf,inf,2,3.633,11.12,52층 374㎡(33.6×11.1m) + 저층부 5층 4000㎡(84.9×47.1m),"{""towers"": [[374.04, 3.024, 162.0, 194330.1, 546971.4, 52]], ""podium"": [4000.0, 1.8025, 52.04, 194307.2, 546952.7, 5], ""detached"": false}"
단일+저층부,5 미세조정,49,49,165.7,67,36,35,17,32,37580,400.0,8366,45946,4133,43.99,0.097,inf,inf,2,3.632,12.15,49층 400㎡(32.9×12.1m) + 저층부 5층 4000㎡(84.9×47.1m),"{""towers"": [[399.55, 2.7075, 164.0, 194332.6, 546967.4, 49]], ""podium"": [4000.0, 1.8025, 52.04, 194307.2, 546952.7, 5], ""detached"": false}"
단일+저층부,5 미세조정,55,55,185.5,68,37,35,17,33,37580,400.0,8492,46072,4133,43.99,0.118,inf,inf,2,3.629,12.94,55층 352㎡(27.2×12.9m) + 저층부 5층 4000㎡(84.9×47.1m),"{""towers"": [[351.6, 2.1, 162.0, 194330.1, 546971.4, 55]], ""podium"": [4000.0, 1.8025, 52.04, 194307.2, 546952.7, 5], ""detached"": false}"
단일+저층부,5 미세조정,52,52,175.6,69,39,35,17,34,37580,400.0,8667,46247,4133,43.99,0.142,inf,inf,2,3.622,11.46,52층 374㎡(32.6×11.5m) + 저층부 5층 4000㎡(84.9×47.1m),"{""towers"": [[374.04, 2.85, 164.0, 194325.1, 546972.4, 52]], ""podium"": [4000.0, 1.8025, 52.04, 194307.2, 546952.7, 5], ""detached"": false}"
단일+저층부,5 미세조정,55,55,185.5,69,43,35,19,34,37580,400.0,8820,46400,4133,43.99,0.142,inf,inf,2,3.621,11.37,55층 352㎡(30.9×11.4m) + 저층부 5층 4000㎡(84.9×47.1m),"{""towers"": [[351.6, 2.7216, 166.0, 194322.6, 546973.9, 55]], ""podium"": [4000.0, 1.8025, 52.04, 194307.2, 546952.7, 5], ""detached"": false}"
단일+저층부,5 미세조정,53,53,178.9,69,39,35,17,34,37580,400.0,8517,46097,4133,43.99,0.15,inf,inf,2,3.621,12.3,53층 366㎡(29.8×12.3m) + 저층부 5층 4000㎡(84.9×47.1m),"{""towers"": [[366.25, 2.4225, 164.0, 194325.1, 546969.9, 53]], ""podium"": [4000.0, 1.8025, 52.04, 194307.2, 546952.7, 5], ""detached"": false}"
단일+저층부,5 미세조정,52,52,175.6,69,39,35,17,34,37580,400.0,8231,45811,4133,43.99,0.155,inf,inf,2,3.615,13.69,52층 374㎡(27.3×13.7m) + 저층부 5층 4000㎡(84.9×47.1m),"{""towers"": [[374.04, 1.995, 166.0, 194325.1, 546968.9, 52]], ""podium"": [4000.0, 1.8025, 52.04, 194307.2, 546952.7, 5], ""detached"": false}"
단일+저층부,5 미세조정,53,53,178.9,70,36,35,17,35,37580,400.0,8568,46148,4133,43.99,0.131,inf,inf,2,3.629,12.06,53층 366㎡(30.4×12.1m) + 저층부 5층 4000㎡(84.9×47.1m),"{""towers"": [[366.25, 2.52, 162.0, 194330.1, 546966.4, 53]], ""podium"": [4000.0, 1.8025, 52.04, 194307.2, 546952.7, 5], ""detached"": false}"
단일+저층부,5 미세조정,53,53,178.9,70,40,35,17,35,37580,400.0,8517,46097,4133,43.99,0.131,inf,inf,2,3.62,12.3,53층 366㎡(29.8×12.3m) + 저층부 5층 4000㎡(84.9×47.1m),"{""towers"": [[366.25, 2.4225, 164.0, 194325.1, 546974.9, 53]], ""podium"": [4000.0, 1.8025, 52.04, 194307.2, 546952.7, 5], ""detached"": false}"
단일+저층부,5 미세조정,53,53,178.9,70,39,35,17,35,37580,400.0,8301,45881,4133,43.99,0.143,inf,inf,2,3.618,13.55,53층 366㎡(27.0×13.5m) + 저층부 5층 4000㎡(84.9×47.1m),"{""towers"": [[366.25, 1.995, 166.0, 194325.1, 546971.4, 53]], ""podium"": [4000.0, 1.8025, 52.04, 194307.2, 546952.7, 5], ""detached"": false}"
단일+저층부,5 미세조정,51,51,172.3,70,42,35,19,35,37580,400.0,8437,46017,4133,43.99,0.156,inf,inf,2,3.617,12.24,51층 382㎡(31.2×12.2m) + 저층부 5층 4000㎡(84.9×47.1m),"{""towers"": [[382.17, 2.55, 172.0, 194322.6, 546972.4, 51]], ""podium"": [4000.0, 1.8025, 52.04, 194307.2, 546952.7, 5], ""detached"": false}"
단일+저층부,5 미세조정,54,54,182.2,70,37,35,17,35,37580,400.0,8589,46169,4133,43.99,0.157,inf,inf,2,3.614,12.17,54층 359㎡(29.5×12.2m) + 저층부 5층 4000㎡(84.9×47.1m),"{""towers"": [[358.78, 2.4225, 164.0, 194325.1, 546967.4, 54]], ""podium"": [4000.0, 1.8025, 52.04, 194307.2, 546952.7, 5], ""detached"": false}"
단일+저층부,5 미세조정,52,52,175.6,71,36,35,17,36,37580,400.0,8430,46010,4133,43.99,0.136,inf,inf,2,3.631,12.5,52층 374㎡(29.9×12.5m) + 저층부 5층 4000㎡(84.9×47.1m),"{""towers"": [[374.04, 2.394, 162.0, 194330.1, 546966.4, 52]], ""podium"": [4000.0, 1.8025, 52.04, 194307.2, 546952.7, 5], ""detached"": false}"
단일+저층부,5 미세조정,53,53,178.9,71,41,35,17,36,37580,400.0,8502,46082,4133,43.99,0.148,inf,inf,2,3.613,12.37,53층 366㎡(29.6×12.4m) + 저층부 5층 4000㎡(84.9×47.1m),"{""towers"": [[366.25, 2.394, 174.0, 194322.6, 546973.9, 53]], ""podium"": [4000.0, 1.8025, 52.04, 194307.2, 546952.7, 5], ""detached"": false}"
단일+저층부,5 미세조정,47,47,159.1,72,37,35,17,37,37580,400.0,8061,45641,4133,43.99,0.142,inf,inf,2,3.618,13.21,47층 419㎡(31.7×13.2m) + 저층부 5층 4000㎡(84.9×47.1m),"{""towers"": [[418.57, 2.4, 172.0, 194324.1, 546966.9, 47]], ""podium"": [4000.0, 1.8025, 52.04, 194307.2, 546952.7, 5], ""detached"": false}"
단일+저층부,5 미세조정,55,55,185.5,72,43,35,19,37,37580,400.0,8579,46159,4133,43.99,0.154,inf,inf,2,3.617,12.45,55층 352㎡(28.2×12.5m) + 저층부 5층 4000㎡(84.9×47.1m),"{""towers"": [[351.6, 2.268, 174.0, 194322.6, 546971.4, 55]], ""podium"": [4000.0, 1.8025, 52.04, 194307.2, 546952.7, 5], ""detached"": false}"
단일+저층부,5 미세조정,54,54,182.2,72,41,35,19,37,37580,400.0,8740,46320,4133,43.99,0.145,inf,inf,2,3.615,11.51,54층 359㎡(31.2×11.5m) + 저층부 5층 4000㎡(84.9×47.1m),"{""towers"": [[358.78, 2.7075, 172.0, 194322.6, 546967.4, 54]], ""podium"": [4000.0, 1.8025, 52.04, 194307.2, 546952.7, 5], ""detached"": false}"
단일+저층부,5 미세조정,50,50,169.0,73,41,35,19,38,37580,400.0,8593,46173,4133,43.99,0.141,inf,inf,2,3.616,11.41,50층 391㎡(34.2×11.4m) + 저층부 5층 4000㎡(84.9×47.1m),"{""towers"": [[390.67, 3.0, 172.0, 194322.6, 546967.4, 50]], ""podium"": [4000.0, 1.8025, 52.04, 194307.2, 546952.7, 5], ""detached"": false}"
단일+저층부,5 미세조정,51,51,172.3,73,41,35,19,38,37580,400.0,8592,46172,4133,43.99,0.144,inf,inf,2,3.614,11.58,51층 382㎡(33.0×11.6m) + 저층부 5층 4000㎡(84.9×47.1m),"{""towers"": [[382.17, 2.85, 172.0, 194322.6, 546967.4, 51]], ""podium"": [4000.0, 1.8025, 52.04, 194307.2, 546952.7, 5], ""detached"": false}"
단일+저층부,5 미세조정,55,55,185.5,74,40,35,19,39,37580,400.0,8820,46400,4133,43.99,0.109,inf,inf,2,3.62,11.37,55층 352㎡(30.9×11.4m) + 저층부 5층 4000㎡(84.9×47.1m),"{""towers"": [[351.6, 2.7216, 174.0, 194322.6, 546963.9, 55]], ""podium"": [4000.0, 1.8025, 52.04, 194307.2, 546952.7, 5], ""detached"": false}"
단일+저층부,5 미세조정,48,48,162.4,74,40,35,19,39,37580,400.0,8556,46136,4133,43.99,0.136,inf,inf,2,3.615,11.23,48층 409㎡(36.4×11.2m) + 저층부 5층 4000㎡(84.9×47.1m),"{""towers"": [[408.84, 3.24, 172.0, 194322.6, 546967.4, 48]], ""podium"": [4000.0, 1.8025, 52.04, 194307.2, 546952.7, 5], ""detached"": false}"
단일+저층부,5 미세조정,54,54,182.2,74,40,35,17,39,37580,400.0,8656,46236,4133,43.99,0.121,inf,inf,2,3.603,11.86,54층 359㎡(30.2×11.9m) + 저층부 5층 4000㎡(84.9×47.1m),"{""towers"": [[358.78, 2.55, 4.0, 194325.1, 546969.9, 54]], ""podium"": [4000.0, 1.8025, 52.04, 194307.2, 546952.7, 5], ""detached"": false}"
단일+저층부,5 미세조정,52,52,175.6,74,40,35,17,39,37580,400.0,8746,46326,4133,43.99,0.134,inf,inf,2,3.602,11.17,52층 374㎡(33.5×11.2m) + 저층부 5층 4000㎡(84.9×47.1m),"{""towers"": [[374.04, 3.0, 4.0, 194325.1, 546972.4, 52]], ""podium"": [4000.0, 1.8025, 52.04, 194307.2, 546952.7, 5], ""detached"": false}"
단일+저층부,5 미세조정,45,45,152.5,75,36,35,17,40,37580,400.0,7998,45578,4133,43.99,0.046,inf,inf,2,3.611,13.02,45층 440㎡(33.8×13.0m) + 저층부 5층 4000㎡(84.9×47.1m),"{""towers"": [[439.5, 2.592, 4.0, 194331.6, 546964.4, 45]], ""podium"": [4000.0, 1.8025, 52.04, 194307.2, 546952.7, 5], ""detached"": false}"
단일+저층부,5 미세조정,50,50,169.0,75,38,35,17,40,37580,400.0,8110,45690,4133,43.99,0.102,inf,inf,2,3.602,13.84,50층 391㎡(28.2×13.8m) + 저층부 5층 4000㎡(84.9×47.1m),"{""towers"": [[390.67, 2.04, 4.0, 194326.6, 546966.9, 50]], ""podium"": [4000.0, 1.8025, 52.04, 194307.2, 546952.7, 5], ""detached"": false}"
단일+저층부,5 미세조정,50,50,169.0,76,39,35,17,41,37580,400.0,8384,45964,4133,43.99,0.115,inf,inf,2,3.612,12.28,50층 391㎡(31.8×12.3m) + 저층부 5층 4000㎡(84.9×47.1m),"{""towers"": [[390.67, 2.592, 0.0, 194324.1, 546966.9, 50]], ""podium"": [4000.0, 1.8025, 52.04, 194307.2, 546952.7, 5], ""detached"": false}"
단일+저층부,5 미세조정,46,46,155.8,76,37,35,17,41,37580,400.0,8077,45657,4133,43.99,0.125,inf,inf,2,3.611,12.86,46층 429㎡(33.3×12.9m) + 저층부 5층 4000㎡(84.9×47.1m),"{""towers"": [[428.78, 2.592, 176.0, 194324.1, 546966.9, 46]], ""podium"": [4000.0, 1.8025, 52.04, 194307.2, 546952.7, 5], ""detached"": false}"
단일+저층부,5 미세조정,49,49,165.7,76,37,35,17,41,37580,400.0,8153,45733,4133,43.99,0.067,inf,inf,2,3.6,13.24,49층 400㎡(30.2×13.2m) + 저층부 5층 4000㎡(84.9×47.1m),"{""towers"": [[399.55, 2.28, 8.0, 194329.1, 546964.4, 49]], ""podium"": [4000.0, 1.8025, 52.04, 194307.2, 546952.7, 5], ""detached"": false}"
단일+저층부,5 미세조정,45,45,152.5,78,37,35,17,43,37580,400.0,8137,45717,4133,43.99,0.095,inf,inf,2,3.615,12.35,45층 440㎡(35.6×12.4m) + 저층부 5층 4000㎡(84.9×47.1m),"{""towers"": [[439.5, 2.88, 176.0, 194324.1, 546964.4, 45]], ""podium"": [4000.0, 1.8025, 52.04, 194307.2, 546952.7, 5], ""detached"": false}"
단일+저층부,5 미세조정,49,49,165.7,80,43,35,22,45,37580,400.0,8636,46216,4133,43.99,0.092,inf,inf,2,3.626,11.1,49층 400㎡(36.0×11.1m) + 저층부 5층 4000㎡(84.9×47.1m),"{""towers"": [[399.55, 3.24, 174.0, 194317.1, 546958.9, 49]], ""podium"": [4000.0, 1.8025, 52.04, 194307.2, 546952.7, 5], ""detached"": false}"
단일+저층부,5 미세조정,46,46,155.8,80,37,35,17,45,37580,400.0,8314,45894,4133,43.99,0.043,inf,inf,2,3.616,11.8,46층 429㎡(36.3×11.8m) + 저층부 5층 4000㎡(84.9×47.1m),"{""towers"": [[428.78, 3.078, 0.0, 194325.1, 546959.9, 46]], ""podium"": [4000.0, 1.8025, 52.04, 194307.2, 546952.7, 5], ""detached"": false}"
단일+저층부,저층부고정 11m,53,53,178.9,81,42,35,22,46,37580,400.0,8209,45789,4133,43.99,0.062,inf,inf,2,3.63,14.26,53층 366㎡(25.7×14.3m) + 저층부 5층 4000㎡(84.9×47.1m),"{""towers"": [[366.25, 1.8, 170, 194321.1, 546953.9, 53]], ""podium"": [4000.0, 1.8025, 52.04, 194307.2, 546952.7, 5], ""detached"": false}"
단일+저층부,저층부고정 11m,55,55,185.5,81,44,35,20,46,37580,400.0,8648,46228,4133,43.99,0.17,inf,inf,2,3.629,12.1,55층 352㎡(29.0×12.1m) + 저층부 5층 4000㎡(84.9×47.1m),"{""towers"": [[351.6, 2.4, 170, 194309.1, 546957.9, 55]], ""podium"": [4000.0, 1.8025, 52.04, 194307.2, 546952.7, 5], ""detached"": false}"
단일+저층부,5 미세조정,47,47,159.1,81,39,35,19,46,37580,400.0,8155,45735,4133,43.99,0.058,inf,inf,2,3.62,12.71,47층 419㎡(32.9×12.7m) + 저층부 5층 4000㎡(84.9×47.1m),"{""towers"": [[418.57, 2.592, 176.0, 194324.1, 546959.4, 47]], ""podium"": [4000.0, 1.8025, 52.04, 194307.2, 546952.7, 5], ""detached"": false}"
단일+저층부,5 미세조정,53,53,178.9,81,43,35,22,46,37580,400.0,8742,46322,4133,43.99,0.079,inf,inf,2,3.617,11.34,53층 366㎡(32.3×11.3m) + 저층부 5층 4000㎡(84.9×47.1m),"{""towers"": [[366.25, 2.85, 178.0, 194319.6, 546958.9, 53]], ""podium"": [4000.0, 1.8025, 52.04, 194307.2, 546952.7, 5], ""detached"": false}"
단일+저층부,5 미세조정,48,48,162.4,82,42,35,21,47,37580,400.0,8556,46136,4133,43.99,0.058,inf,inf,2,3.635,11.23,48층 409㎡(36.4×11.2m) + 저층부 5층 4000㎡(84.9×47.1m),"{""towers"": [[408.84, 3.24, 174.0, 194312.1, 546951.4, 48]], ""podium"": [4000.0, 1.8025, 52.04, 194307.2, 546952.7, 5], ""detached"": false}"
단일+저층부,저층부고정 11m,53,53,178.9,82,37,35,17,47,37580,400.0,8353,45933,4133,43.99,0.05,inf,inf,2,3.619,13.21,53층 366㎡(27.7×13.2m) + 저층부 5층 4000㎡(84.9×47.1m),"{""towers"": [[366.25, 2.1, 0, 194325.1, 546957.9, 53]], ""podium"": [4000.0, 1.8025, 52.04, 194307.2, 546952.7, 5], ""detached"": false}"
단일+저층부,5 미세조정,48,48,162.4,82,42,35,20,47,37580,400.0,8436,46016,4133,43.99,0.138,inf,inf,2,3.619,11.67,48층 409㎡(35.0×11.7m) + 저층부 5층 4000㎡(84.9×47.1m),"{""towers"": [[408.84, 3.0, 166.0, 194312.1, 546956.4, 48]], ""podium"": [4000.0, 1.8025, 52.04, 194307.2, 546952.7, 5], ""detached"": false}"
단일+저층부,5 미세조정,49,49,165.7,82,41,35,20,47,37580,400.0,8636,46216,4133,43.99,0.162,inf,inf,2,3.61,11.1,49층 400㎡(36.0×11.1m) + 저층부 5층 4000㎡(84.9×47.1m),"{""towers"": [[399.55, 3.24, 162.0, 194314.6, 546958.9, 49]], ""podium"": [4000.0, 1.8025, 52.04, 194307.2, 546952.7, 5], ""detached"": false}"
단일+저층부,5 미세조정,53,53,178.9,68,36,36,17,32,37580,400.0,8674,46254,4133,43.99,0.066,inf,inf,2,3.632,11.6,53층 366㎡(31.6×11.6m) + 저층부 5층 4000㎡(84.9×47.1m),"{""towers"": [[366.25, 2.7216, 162.0, 194332.6, 546963.9, 53]], ""podium"": [4000.0, 1.8025, 52.04, 194307.2, 546952.7, 5], ""detached"": false}"
단일+저층부,5 미세조정,53,53,178.9,70,42,36,19,34,37580,400.0,8674,46254,4133,43.99,0.155,inf,inf,2,3.62,11.6,53층 366㎡(31.6×11.6m) + 저층부 5층 4000㎡(84.9×47.1m),"{""towers"": [[366.25, 2.7216, 166.0, 194322.6, 546971.4, 53]], ""podium"": [4000.0, 1.8025, 52.04, 194307.2, 546952.7, 5], ""detached"": false}"
단일+저층부,5 미세조정,54,54,182.2,71,40,36,17,35,37580,400.0,8574,46154,4133,43.99,0.134,inf,inf,2,3.62,12.24,54층 359㎡(29.3×12.2m) + 저층부 5층 4000㎡(84.9×47.1m),"{""towers"": [[358.78, 2.394, 162.0, 194325.1, 546973.9, 54]], ""podium"": [4000.0, 1.8025, 52.04, 194307.2, 546952.7, 5], ""detached"": false}"
단일+저층부,5 미세조정,55,55,185.5,71,37,36,17,35,37580,400.0,8645,46225,4133,43.99,0.15,inf,inf,2,3.618,12.12,55층 352㎡(29.0×12.1m) + 저층부 5층 4000㎡(84.9×47.1m),"{""towers"": [[351.6, 2.394, 162.0, 194325.1, 546968.9, 55]], ""podium"": [4000.0, 1.8025, 52.04, 194307.2, 546952.7, 5], ""detached"": false}"
단일+저층부,5 미세조정,53,53,178.9,71,40,36,17,35,37580,400.0,8568,46148,4133,43.99,0.136,inf,inf,2,3.618,12.06,53층 366㎡(30.4×12.1m) + 저층부 5층 4000㎡(84.9×47.1m),"{""towers"": [[366.25, 2.52, 162.0, 194325.1, 546973.9, 53]], ""podium"": [4000.0, 1.8025, 52.04, 194307.2, 546952.7, 5], ""detached"": false}"
단일+저층부,5 미세조정,55,55,185.5,71,43,36,19,35,37580,400.0,8338,45918,4133,43.99,0.143,inf,inf,2,3.61,14.03,55층 352㎡(25.1×14.0m) + 저층부 5층 4000㎡(84.9×47.1m),"{""towers"": [[351.6, 1.785, 170.0, 194322.6, 546973.9, 55]], ""podium"": [4000.0, 1.8025, 52.04, 194307.2, 546952.7, 5], ""detached"": false}"
단일+저층부,5 미세조정,52,52,175.6,72,36,36,17,36,37580,400.0,8303,45883,4133,43.99,0.141,inf,inf,2,3.628,13.21,52층 374㎡(28.3×13.2m) + 저층부 5층 4000㎡(84.9×47.1m),"{""towers"": [[374.04, 2.142, 162.0, 194330.1, 546966.4, 52]], ""podium"": [4000.0, 1.8025, 52.04, 194307.2, 546952.7, 5], ""detached"": false}"
단일+저층부,5 미세조정,54,54,182.2,73,41,36,19,37,37580,400.0,8748,46328,4133,43.99,0.163,inf,inf,2,3.619,11.48,54층 359㎡(31.2×11.5m) + 저층부 5층 4000㎡(84.9×47.1m),"{""towers"": [[358.78, 2.7216, 170.0, 194322.6, 546968.9, 54]], ""podium"": [4000.0, 1.8025, 52.04, 194307.2, 546952.7, 5], ""detached"": false}"
단일+저층부,5 미세조정,55,55,185.5,73,41,36,19,37,37580,400.0,8660,46240,4133,43.99,0.151,inf,inf,2,3.615,12.05,55층 352㎡(29.2×12.0m) + 저층부 5층 4000㎡(84.9×47.1m),"{""towers"": [[351.6, 2.4225, 172.0, 194322.6, 546967.4, 55]], ""podium"": [4000.0, 1.8025, 52.04, 194307.2, 546952.7, 5], ""detached"": false}"
단일+저층부,5 미세조정,52,52,175.6,73,44,36,20,37,37580,400.0,8495,46075,4133,43.99,0.171,inf,inf,2,3.612,12.18,52층 374㎡(30.7×12.2m) + 저층부 5층 4000㎡(84.9×47.1m),"{""towers"": [[374.04, 2.52, 170.0, 194320.1, 546971.4, 52]], ""podium"": [4000.0, 1.8025, 52.04, 194307.2, 546952.7, 5], ""detached"": false}"
단일+저층부,5 미세조정,53,53,178.9,73,44,36,20,37,37580,400.0,8568,46148,4133,43.99,0.168,inf,inf,2,3.611,12.06,53층 366㎡(30.4×12.1m) + 저층부 5층 4000㎡(84.9×47.1m),"{""towers"": [[366.25, 2.52, 170.0, 194320.1, 546971.4, 53]], ""podium"": [4000.0, 1.8025, 52.04, 194307.2, 546952.7, 5], ""detached"": false}"
단일+저층부,5 미세조정,46,46,155.8,74,37,36,17,38,37580,400.0,7927,45507,4133,43.99,0.146,inf,inf,2,3.616,13.71,46층 429㎡(31.3×13.7m) + 저층부 5층 4000㎡(84.9×47.1m),"{""towers"": [[428.78, 2.28, 172.0, 194324.1, 546966.9, 46]], ""podium"": [4000.0, 1.8025, 52.04, 194307.2, 546952.7, 5], ""detached"": false}"
단일+저층부,5 미세조정,47,47,159.1,75,37,36,17,39,37580,400.0,7890,45470,4133,43.99,0.152,inf,inf,2,3.613,14.32,47층 419㎡(29.2×14.3m) + 저층부 5층 4000㎡(84.9×47.1m),"{""towers"": [[418.57, 2.04, 172.0, 194324.1, 546966.9, 47]], ""podium"": [4000.0, 1.8025, 52.04, 194307.2, 546952.7, 5], ""detached"": false}"
단일+저층부,5 미세조정,54,54,182.2,75,41,36,19,39,37580,400.0,8574,46154,4133,43.99,0.136,inf,inf,2,3.611,12.24,54층 359㎡(29.3×12.2m) + 저층부 5층 4000㎡(84.9×47.1m),"{""towers"": [[358.78, 2.394, 174.0, 194322.6, 546966.4, 54]], ""podium"": [4000.0, 1.8025, 52.04, 194307.2, 546952.7, 5], ""detached"": false}"
단일+저층부,5 미세조정,53,53,178.9,76,41,36,19,40,37580,400.0,8742,46322,4133,43.99,0.13,inf,inf,2,3.614,11.34,53층 366㎡(32.3×11.3m) + 저층부 5층 4000㎡(84.9×47.1m),"{""towers"": [[366.25, 2.85, 176.0, 194322.6, 546967.4, 53]], ""podium"": [4000.0, 1.8025, 52.04, 194307.2, 546952.7, 5], ""detached"": false}"
단일+저층부,5 미세조정,54,54,182.2,76,41,36,19,40,37580,400.0,8656,46236,4133,43.99,0.135,inf,inf,2,3.613,11.86,54층 359㎡(30.2×11.9m) + 저층부 5층 4000㎡(84.9×47.1m),"{""towers"": [[358.78, 2.55, 176.0, 194322.6, 546967.4, 54]], ""podium"": [4000.0, 1.8025, 52.04, 194307.2, 546952.7, 5], ""detached"": false}"
단일+저층부,5 미세조정,53,53,178.9,76,41,36,19,40,37580,400.0,8517,46097,4133,43.99,0.138,inf,inf,2,3.611,12.3,53층 366㎡(29.8×12.3m) + 저층부 5층 4000㎡(84.9×47.1m),"{""towers"": [[366.25, 2.4225, 176.0, 194322.6, 546967.4, 53]], ""podium"": [4000.0, 1.8025, 52.04, 194307.2, 546952.7, 5], ""detached"": false}"
단일+저층부,5 미세조정,49,49,165.7,76,37,36,17,40,37580,400.0,8153,45733,4133,43.99,0.083,inf,inf,2,3.601,13.24,49층 400㎡(30.2×13.2m) + 저층부 5층 4000㎡(84.9×47.1m),"{""towers"": [[399.55, 2.28, 8.0, 194329.1, 546966.9, 49]], ""podium"": [4000.0, 1.8025, 52.04, 194307.2, 546952.7, 5], ""detached"": false}"
단일+저층부,저층부고정 11m,46,46,155.8,77,37,36,17,41,37580,400.0,7843,45423,4133,43.99,0.111,inf,inf,2,3.605,14.29,46층 429㎡(30.0×14.3m) + 저층부 5층 4000㎡(84.9×47.1m),"{""towers"": [[428.78, 2.1, 0, 194325.1, 546965.9, 46]], ""podium"": [4000.0, 1.8025, 52.04, 194307.2, 546952.7, 5], ""detached"": false}"
단일+저층부,5 미세조정,44,44,149.2,77,37,36,17,41,37580,400.0,7828,45408,4133,43.99,0.099,inf,inf,2,3.603,13.7,44층 451㎡(32.9×13.7m) + 저층부 5층 4000㎡(84.9×47.1m),"{""towers"": [[450.77, 2.4, 4.0, 194326.6, 546966.9, 44]], ""podium"": [4000.0, 1.8025, 52.04, 194307.2, 546952.7, 5], ""detached"": false}"
단일+저층부,5 미세조정,49,49,165.7,77,39,36,17,41,37580,400.0,8439,46019,4133,43.99,0.104,inf,inf,2,3.601,11.84,49층 400㎡(33.7×11.8m) + 저층부 5층 4000㎡(84.9×47.1m),"{""towers"": [[399.55, 2.85, 4.0, 194325.1, 546967.4, 49]], ""podium"": [4000.0, 1.8025, 52.04, 194307.2, 546952.7, 5], ""detached"": false}"
단일+저층부,5 미세조정,51,51,172.3,77,38,36,17,41,37580,400.0,8592,46172,4133,43.99,0.086,inf,inf,2,3.6,11.58,51층 382㎡(33.0×11.6m) + 저층부 5층 4000㎡(84.9×47.1m),"{""towers"": [[382.17, 2.85, 4.0, 194325.1, 546964.9, 51]], ""podium"": [4000.0, 1.8025, 52.04, 194307.2, 546952.7, 5], ""detached"": false}"
단일+저층부,5 미세조정,51,51,172.3,77,37,36,17,41,37580,400.0,8437,46017,4133,43.99,0.062,inf,inf,2,3.598,12.24,51층 382㎡(31.2×12.2m) + 저층부 5층 4000㎡(84.9×47.1m),"{""towers"": [[382.17, 2.55, 8.0, 194330.1, 546964.9, 51]], ""podium"": [4000.0, 1.8025, 52.04, 194307.2, 546952.7, 5], ""detached"": false}"
단일+저층부,5 미세조정,53,53,178.9,77,37,36,17,41,37580,400.0,8822,46402,4133,43.99,0.07,inf,inf,2,3.591,11.05,53층 366㎡(33.1×11.0m) + 저층부 5층 4000㎡(84.9×47.1m),"{""towers"": [[366.25, 3.0, 8.0, 194327.6, 546964.9, 53]], ""podium"": [4000.0, 1.8025, 52.04, 194307.2, 546952.7, 5], ""detached"": false}"
단일+저층부,5 미세조정,49,49,165.7,78,39,36,19,42,37580,400.0,8037,45617,4133,43.99,0.079,inf,inf,2,3.625,13.99,49층 400㎡(28.5×14.0m) + 저층부 5층 4000㎡(84.9×47.1m),"{""towers"": [[399.55, 2.04, 172.0, 194324.1, 546959.4, 49]], ""podium"": [4000.0, 1.8025, 52.04, 194307.2, 546952.7, 5], ""detached"": false}"
단일+저층부,5 미세조정,53,53,178.9,78,44,36,21,42,37580,400.0,8584,46164,4133,43.99,0.167,inf,inf,2,3.615,11.98,53층 366㎡(30.6×12.0m) + 저층부 5층 4000㎡(84.9×47.1m),"{""towers"": [[366.25, 2.55, 172.0, 194320.1, 546967.4, 53]], ""podium"": [4000.0, 1.8025, 52.04, 194307.2, 546952.7, 5], ""detached"": false}"
단일+저층부,5 미세조정,45,45,152.5,78,37,36,17,42,37580,400.0,7740,45320,4133,43.99,0.09,inf,inf,2,3.605,14.68,45층 440㎡(29.9×14.7m) + 저층부 5층 4000㎡(84.9×47.1m),"{""towers"": [[439.5, 2.04, 0.0, 194326.6, 546964.4, 45]], ""podium"": [4000.0, 1.8025, 52.04, 194307.2, 546952.7, 5], ""detached"": false}"
단일+저층부,5 미세조정,49,49,165.7,78,37,36,17,42,37580,400.0,8037,45617,4133,43.99,0.085,inf,inf,2,3.603,13.99,49층 400㎡(28.5×14.0m) + 저층부 5층 4000㎡(84.9×47.1m),"{""towers"": [[399.55, 2.04, 4.0, 194326.6, 546964.4, 49]], ""podium"": [4000.0, 1.8025, 52.04, 194307.2, 546952.7, 5], ""detached"": false}"
단일+저층부,5 미세조정,50,50,169.0,79,37,36,17,43,37580,400.0,8384,45964,4133,43.99,0.096,inf,inf,2,3.609,12.28,50층 391㎡(31.8×12.3m) + 저층부 5층 4000㎡(84.9×47.1m),"{""towers"": [[390.67, 2.592, 0.0, 194324.1, 546964.4, 50]], ""podium"": [4000.0, 1.8025, 52.04, 194307.2, 546952.7, 5], ""detached"": false}"
단일+저층부,5 미세조정,52,52,175.6,80,43,36,21,44,37580,400.0,8511,46091,4133,43.99,0.132,inf,inf,2,3.618,12.11,52층 374㎡(30.9×12.1m) + 저층부 5층 4000㎡(84.9×47.1m),"{""towers"": [[374.04, 2.55, 176.0, 194320.1, 546964.9, 52]], ""podium"": [4000.0, 1.8025, 52.04, 194307.2, 546952.7, 5], ""detached"": false}"
단일+저층부,5 미세조정,49,49,165.7,80,43,36,21,44,37580,400.0,8636,46216,4133,43.99,0.12,inf,inf,2,3.615,11.1,49층 400㎡(36.0×11.1m) + 저층부 5층 4000㎡(84.9×47.1m),"{""towers"": [[399.55, 3.24, 176.0, 194320.1, 546964.9, 49]], ""podium"": [4000.0, 1.8025, 52.04, 194307.2, 546952.7, 5], ""detached"": false}"
단일+저층부,5 미세조정,47,47,159.1,80,37,36,17,44,37580,400.0,8155,45735,4133,43.99,0.059,inf,inf,2,3.61,12.71,47층 419㎡(32.9×12.7m) + 저층부 5층 4000㎡(84.9×47.1m),"{""towers"": [[418.57, 2.592, 4.0, 194326.6, 546961.9, 47]], ""podium"": [4000.0, 1.8025, 52.04, 194307.2, 546952.7, 5], ""detached"": false}"
단일+저층부,5 미세조정,47,47,159.1,81,43,36,22,45,37580,400.0,8282,45862,4133,43.99,0.1,inf,inf,2,3.623,12.12,47층 419㎡(34.5×12.1m) + 저층부 5층 4000㎡(84.9×47.1m),"{""towers"": [[418.57, 2.85, 174.0, 194317.1, 546958.9, 47]], ""podium"": [4000.0, 1.8025, 52.04, 194307.2, 546952.7, 5], ""detached"": false}"
단일+저층부,5 미세조정,50,50,169.0,81,37,36,17,45,37580,400.0,8384,45964,4133,43.99,0.043,inf,inf,2,3.608,12.28,50층 391㎡(31.8×12.3m) + 저층부 5층 4000㎡(84.9×47.1m),"{""towers"": [[390.67, 2.592, 4.0, 194326.6, 546959.4, 50]], ""podium"": [4000.0, 1.8025, 52.04, 194307.2, 546952.7, 5], ""detached"": false}"
단일+저층부,5 미세조정,51,51,172.3,82,43,36,22,46,37580,400.0,8670,46250,4133,43.99,0.072,inf,inf,2,3.625,11.29,51층 382㎡(33.9×11.3m) + 저층부 5층 4000㎡(84.9×47.1m),"{""towers"": [[382.17, 3.0, 178.0, 194317.1, 546956.4, 51]], ""podium"": [4000.0, 1.8025, 52.04, 194307.2, 546952.7, 5], ""detached"": false}"
단일+저층부,5 미세조정,52,52,175.6,82,43,36,22,46,37580,400.0,8511,46091,4133,43.99,0.08,inf,inf,2,3.624,12.11,52층 374㎡(30.9×12.1m) + 저층부 5층 4000㎡(84.9×47.1m),"{""towers"": [[374.04, 2.55, 178.0, 194317.1, 546956.4, 52]], ""podium"": [4000.0, 1.8025, 52.04, 194307.2, 546952.7, 5], ""detached"": false}"
단일+저층부,저층부고정 11m,48,48,162.4,82,42,36,20,46,37580,400.0,7737,45317,4133,43.99,0.141,inf,inf,2,3.609,16.51,48층 409㎡(24.8×16.5m) + 저층부 5층 4000㎡(84.9×47.1m),"{""towers"": [[408.84, 1.5, 170, 194317.1, 546957.9, 48]], ""podium"": [4000.0, 1.8025, 52.04, 194307.2, 546952.7, 5], ""detached"": false}"
단일+저층부,5 미세조정,51,51,172.3,83,42,36,22,47,37580,400.0,8437,46017,4133,43.99,0.045,inf,inf,2,3.631,12.24,51층 382㎡(31.2×12.2m) + 저층부 5층 4000㎡(84.9×47.1m),"{""towers"": [[382.17, 2.55, 178.0, 194319.6, 546953.9, 51]], ""podium"": [4000.0, 1.8025, 52.04, 194307.2, 546952.7, 5], ""detached"": false}"
단일+저층부,5 미세조정,53,53,178.9,83,42,36,22,47,37580,400.0,8742,46322,4133,43.99,0.042,inf,inf,2,3.628,11.34,53층 366㎡(32.3×11.3m) + 저층부 5층 4000㎡(84.9×47.1m),"{""towers"": [[366.25, 2.85, 178.0, 194319.6, 546953.9, 53]], ""podium"": [4000.0, 1.8025, 52.04, 194307.2, 546952.7, 5], ""detached"": false}"
단일+저층부,5 미세조정,50,50,169.0,83,42,36,22,47,37580,400.0,8593,46173,4133,43.99,0.051,inf,inf,2,3.624,11.41,50층 391㎡(34.2×11.4m) + 저층부 5층 4000㎡(84.9×47.1m),"{""towers"": [[390.67, 3.0, 178.0, 194317.1, 546953.9, 50]], ""podium"": [4000.0, 1.8025, 52.04, 194307.2, 546952.7, 5], ""detached"": false}"
단일+저층부,5 미세조정,47,47,159.1,84,42,36,20,48,37580,400.0,8282,45862,4133,43.99,0.206,inf,inf,2,3.611,12.12,47층 419㎡(34.5×12.1m) + 저층부 5층 4000㎡(84.9×47.1m),"{""towers"": [[418.57, 2.85, 162.0, 194312.1, 546958.9, 47]], ""podium"": [4000.0, 1.8025, 52.04, 194307.2, 546952.7, 5], ""detached"": false}"
단일+저층부,5 미세조정,55,55,185.5,71,39,37,17,34,37580,400.0,8439,46019,4133,43.99,0.12,inf,inf,2,3.621,13.28,55층 352㎡(26.5×13.3m) + 저층부 5층 4000㎡(84.9×47.1m),"{""towers"": [[351.6, 1.995, 162.0, 194327.6, 546973.9, 55]], ""podium"": [4000.0, 1.8025, 52.04, 194307.2, 546952.7, 5], ""detached"": false}"
단일+저층부,5 미세조정,54,54,182.2,72,42,37,19,35,37580,400.0,8589,46169,4133,43.99,0.15,inf,inf,2,3.618,12.17,54층 359㎡(29.5×12.2m) + 저층부 5층 4000㎡(84.9×47.1m),"{""towers"": [[358.78, 2.4225, 164.0, 194322.6, 546972.4, 54]], ""podium"": [4000.0, 1.8025, 52.04, 194307.2, 546952.7, 5], ""detached"": false}"
단일+저층부,5 미세조정,52,52,175.6,72,42,37,19,35,37580,400.0,8667,46247,4133,43.99,0.154,inf,inf,2,3.617,11.46,52층 374㎡(32.6×11.5m) + 저층부 5층 4000㎡(84.9×47.1m),"{""towers"": [[374.04, 2.85, 164.0, 194322.6, 546972.4, 52]], ""podium"": [4000.0, 1.8025, 52.04, 194307.2, 546952.7, 5], ""detached"": false}"
단일+저층부,5 미세조정,53,53,178.9,72,37,37,17,35,37580,400.0,8568,46148,4133,43.99,0.154,inf,inf,2,3.615,12.06,53층 366㎡(30.4×12.1m) + 저층부 5층 4000㎡(84.9×47.1m),"{""towers"": [[366.25, 2.52, 162.0, 194325.1, 546968.9, 53]], ""podium"": [4000.0, 1.8025, 52.04, 194307.2, 546952.7, 5], ""detached"": false}"
단일+저층부,5 미세조정,53,53,178.9,73,36,37,17,36,37580,400.0,8674,46254,4133,43.99,0.091,inf,inf,2,3.633,11.6,53층 366㎡(31.6×11.6m) + 저층부 5층 4000㎡(84.9×47.1m),"{""towers"": [[366.25, 2.7216, 162.0, 194330.1, 546963.9, 53]], ""podium"": [4000.0, 1.8025, 52.04, 194307.2, 546952.7, 5], ""detached"": false}"
단일+저층부,5 미세조정,52,52,175.6,73,36,37,17,36,37580,400.0,8430,46010,4133,43.99,0.103,inf,inf,2,3.631,12.5,52층 374㎡(29.9×12.5m) + 저층부 5층 4000㎡(84.9×47.1m),"{""towers"": [[374.04, 2.394, 162.0, 194330.1, 546963.9, 52]], ""podium"": [4000.0, 1.8025, 52.04, 194307.2, 546952.7, 5], ""detached"": false}"
단일+저층부,저층부고정 11m,48,48,162.4,74,36,37,17,37,37580,400.0,7737,45317,4133,43.99,0.094,inf,inf,2,3.62,16.51,48층 409㎡(24.8×16.5m) + 저층부 5층 4000㎡(84.9×47.1m),"{""towers"": [[408.84, 1.5, 170, 194333.1, 546965.9, 48]], ""podium"": [4000.0, 1.8025, 52.04, 194307.2, 546952.7, 5], ""detached"": false}"
단일+저층부,5 미세조정,53,53,178.9,74,42,37,19,37,37580,400.0,8437,46017,4133,43.99,0.166,inf,inf,2,3.617,12.71,53층 366㎡(28.8×12.7m) + 저층부 5층 4000㎡(84.9×47.1m),"{""towers"": [[366.25, 2.268, 170.0, 194322.6, 546968.9, 53]], ""podium"": [4000.0, 1.8025, 52.04, 194307.2, 546952.7, 5], ""detached"": false}"
단일+저층부,5 미세조정,52,52,175.6,74,41,37,17,37,37580,400.0,8430,46010,4133,43.99,0.152,inf,inf,2,3.61,12.5,52층 374㎡(29.9×12.5m) + 저층부 5층 4000㎡(84.9×47.1m),"{""towers"": [[374.04, 2.394, 178.0, 194322.6, 546973.9, 52]], ""podium"": [4000.0, 1.8025, 52.04, 194307.2, 546952.7, 5], ""detached"": false}"
단일+저층부,5 미세조정,53,53,178.9,74,45,37,20,37,37581,400.0,8301,45882,4133,44.0,0.159,inf,inf,2,3.607,13.55,53층 366㎡(27.0×13.5m) + 저층부 5층 4000㎡(84.9×47.1m),"{""towers"": [[366.25, 1.995, 170.0, 194320.1, 546973.9, 53]], ""podium"": [4000.0, 1.8025, 52.04, 194307.2, 546952.7, 5], ""detached"": false}"
단일+저층부,5 미세조정,54,54,182.2,75,41,37,17,38,37580,400.0,8589,46169,4133,43.99,0.153,inf,inf,2,3.614,12.17,54층 359㎡(29.5×12.2m) + 저층부 5층 4000㎡(84.9×47.1m),"{""towers"": [[358.78, 2.4225, 176.0, 194322.6, 546972.4, 54]], ""podium"": [4000.0, 1.8025, 52.04, 194307.2, 546952.7, 5], ""detached"": false}"
단일+저층부,5 미세조정,55,55,185.5,75,41,37,17,38,37580,400.0,8660,46240,4133,43.99,0.151,inf,inf,2,3.614,12.05,55층 352㎡(29.2×12.0m) + 저층부 5층 4000㎡(84.9×47.1m),"{""towers"": [[351.6, 2.4225, 176.0, 194322.6, 546972.4, 55]], ""podium"": [4000.0, 1.8025, 52.04, 194307.2, 546952.7, 5], ""detached"": false}"
단일+저층부,5 미세조정,50,50,169.0,76,39,37,19,39,37580,400.0,8516,46096,4133,43.99,0.122,inf,inf,2,3.615,11.71,50층 391㎡(33.4×11.7m) + 저층부 5층 4000㎡(84.9×47.1m),"{""towers"": [[390.67, 2.85, 172.0, 194322.6, 546964.9, 50]], ""podium"": [4000.0, 1.8025, 52.04, 194307.2, 546952.7, 5], ""detached"": false}"
단일+저층부,5 미세조정,55,55,185.5,76,44,37,20,39,37580,400.0,8439,46019,4133,43.99,0.172,inf,inf,2,3.612,13.28,55층 352㎡(26.5×13.3m) + 저층부 5층 4000㎡(84.9×47.1m),"{""towers"": [[351.6, 1.995, 166.0, 194320.1, 546968.9, 55]], ""podium"": [4000.0, 1.8025, 52.04, 194307.2, 546952.7, 5], ""detached"": false}"
단일+저층부,5 미세조정,55,55,185.5,76,41,37,17,39,37580,400.0,8579,46159,4133,43.99,0.158,inf,inf,2,3.612,12.45,55층 352㎡(28.2×12.5m) + 저층부 5층 4000㎡(84.9×47.1m),"{""towers"": [[351.6, 2.268, 178.0, 194322.6, 546971.4, 55]], ""podium"": [4000.0, 1.8025, 52.04, 194307.2, 546952.7, 5], ""detached"": false}"
단일+저층부,5 미세조정,53,53,178.9,76,40,37,17,39,37580,400.0,8568,46148,4133,43.99,0.142,inf,inf,2,3.61,12.06,53층 366㎡(30.4×12.1m) + 저층부 5층 4000㎡(84.9×47.1m),"{""towers"": [[366.25, 2.52, 178.0, 194322.6, 546968.9, 53]], ""podium"": [4000.0, 1.8025, 52.04, 194307.2, 546952.7, 5], ""detached"": false}"
단일+저층부,5 미세조정,49,49,165.7,76,39,37,19,39,37580,400.0,8515,46095,4133,43.99,0.118,inf,inf,2,3.61,11.54,49층 400㎡(34.6×11.5m) + 저층부 5층 4000㎡(84.9×47.1m),"{""towers"": [[399.55, 3.0, 172.0, 194322.6, 546964.9, 49]], ""podium"": [4000.0, 1.8025, 52.04, 194307.2, 546952.7, 5], ""detached"": false}"
단일+저층부,저층부고정 11m,47,47,159.1,76,43,37,20,39,37580,400.0,8061,45641,4133,43.99,0.184,inf,inf,2,3.609,13.21,47층 419㎡(31.7×13.2m) + 저층부 5층 4000㎡(84.9×47.1m),"{""towers"": [[418.57, 2.4, 170, 194321.1, 546969.9, 47]], ""podium"": [4000.0, 1.8025, 52.04, 194307.2, 546952.7, 5], ""detached"": false}"
단일+저층부,저층부고정 11m,49,49,165.7,76,43,37,20,39,37580,400.0,8212,45792,4133,43.99,0.179,inf,inf,2,3.608,12.9,49층 400㎡(31.0×12.9m) + 저층부 5층 4000㎡(84.9×47.1m),"{""towers"": [[399.55, 2.4, 170, 194321.1, 546969.9, 49]], ""podium"": [4000.0, 1.8025, 52.04, 194307.2, 546952.7, 5], ""detached"": false}"
단일+저층부,5 미세조정,53,53,178.9,76,37,37,17,39,37581,400.0,8822,46402,4133,44.0,0.073,inf,inf,2,3.594,11.05,53층 366㎡(33.1×11.0m) + 저층부 5층 4000㎡(84.9×47.1m),"{""towers"": [[366.25, 3.0, 8.0, 194330.1, 546967.4, 53]], ""podium"": [4000.0, 1.8025, 52.04, 194307.2, 546952.7, 5], ""detached"": false}"
단일+저층부,5 미세조정,50,50,169.0,77,41,37,19,40,37580,400.0,8298,45878,4133,43.99,0.141,inf,inf,2,3.612,12.7,50층 391㎡(30.8×12.7m) + 저층부 5층 4000㎡(84.9×47.1m),"{""towers"": [[390.67, 2.4225, 176.0, 194322.6, 546967.4, 50]], ""podium"": [4000.0, 1.8025, 52.04, 194307.2, 546952.7, 5], ""detached"": false}"
단일+저층부,5 미세조정,53,53,178.9,77,44,37,20,40,37580,400.0,8584,46164,4133,43.99,0.175,inf,inf,2,3.608,11.98,53층 366㎡(30.6×12.0m) + 저층부 5층 4000㎡(84.9×47.1m),"{""towers"": [[366.25, 2.55, 172.0, 194320.1, 546969.9, 53]], ""podium"": [4000.0, 1.8025, 52.04, 194307.2, 546952.7, 5], ""detached"": false}"
단일+저층부,저층부고정 11m,55,55,185.5,78,37,37,17,41,37580,400.0,8345,45925,4133,43.99,0.055,inf,inf,2,3.597,13.98,55층 352㎡(25.2×14.0m) + 저층부 5층 4000㎡(84.9×47.1m),"{""towers"": [[351.6, 1.8, 10, 194329.1, 546961.9, 55]], ""podium"": [4000.0, 1.8025, 52.04, 194307.2, 546952.7, 5], ""detached"": false}"
단일+저층부,5 미세조정,52,52,175.6,79,45,37,21,42,37580,400.0,8366,45946,4133,43.99,0.178,inf,inf,2,3.61,12.84,52층 374㎡(29.1×12.8m) + 저층부 5층 4000㎡(84.9×47.1m),"{""towers"": [[374.04, 2.268, 174.0, 194320.1, 546968.9, 52]], ""podium"": [4000.0, 1.8025, 52.04, 194307.2, 546952.7, 5], ""detached"": false}"
단일+저층부,5 미세조정,54,54,182.2,79,45,37,21,42,37580,400.0,8423,46003,4133,43.99,0.178,inf,inf,2,3.607,13.07,54층 359㎡(27.4×13.1m) + 저층부 5층 4000㎡(84.9×47.1m),"{""towers"": [[358.78, 2.1, 174.0, 194320.1, 546968.9, 54]], ""podium"": [4000.0, 1.8025, 52.04, 194307.2, 546952.7, 5], ""detached"": false}"
단일+저층부,5 미세조정,50,50,169.0,80,37,37,17,43,37580,400.0,8633,46213,4133,43.99,0.083,inf,inf,2,3.598,11.27,50층 391㎡(34.7×11.3m) + 저층부 5층 4000㎡(84.9×47.1m),"{""towers"": [[390.67, 3.078, 4.0, 194325.1, 546964.9, 50]], ""podium"": [4000.0, 1.8025, 52.04, 194307.2, 546952.7, 5], ""detached"": false}"
단일+저층부,5 미세조정,45,45,152.5,81,37,37,17,44,37580,400.0,7998,45578,4133,43.99,0.055,inf,inf,2,3.618,13.02,45층 440㎡(33.8×13.0m) + 저층부 5층 4000㎡(84.9×47.1m),"{""towers"": [[439.5, 2.592, 176.0, 194324.1, 546959.4, 45]], ""podium"": [4000.0, 1.8025, 52.04, 194307.2, 546952.7, 5], ""detached"": false}"
단일+저층부,5 미세조정,52,52,175.6,82,42,37,21,45,37580,400.0,8746,46326,4133,43.99,0.074,inf,inf,2,3.638,11.17,52층 374㎡(33.5×11.2m) + 저층부 5층 4000㎡(84.9×47.1m),"{""towers"": [[374.04, 3.0, 170.0, 194312.1, 546951.4, 52]], ""podium"": [4000.0, 1.8025, 52.04, 194307.2, 546952.7, 5], ""detached"": false}"
단일+저층부,5 미세조정,47,47,159.1,82,39,37,19,45,37580,400.0,7890,45470,4133,43.99,0.053,inf,inf,2,3.623,14.32,47층 419㎡(29.2×14.3m) + 저층부 5층 4000㎡(84.9×47.1m),"{""towers"": [[418.57, 2.04, 172.0, 194324.1, 546956.9, 47]], ""podium"": [4000.0, 1.8025, 52.04, 194307.2, 546952.7, 5], ""detached"": false}"
단일+저층부,5 미세조정,46,46,155.8,82,37,37,17,45,37580,400.0,8077,45657,4133,43.99,0.058,inf,inf,2,3.609,12.86,46층 429㎡(33.3×12.9m) + 저층부 5층 4000㎡(84.9×47.1m),"{""towers"": [[428.78, 2.592, 4.0, 194326.6, 546961.9, 46]], ""podium"": [4000.0, 1.8025, 52.04, 194307.2, 546952.7, 5], ""detached"": false}"
단일+저층부,5 미세조정,49,49,165.7,82,37,37,17,45,37580,400.0,8212,45792,4133,43.99,0.045,inf,inf,2,3.609,12.9,49층 400㎡(31.0×12.9m) + 저층부 5층 4000㎡(84.9×47.1m),"{""towers"": [[399.55, 2.4, 4.0, 194326.6, 546959.4, 49]], ""podium"": [4000.0, 1.8025, 52.04, 194307.2, 546952.7, 5], ""detached"": false}"
단일+저층부,5 미세조정,48,48,162.4,84,42,37,22,47,37580,400.0,8211,45791,4133,43.99,0.062,inf,inf,2,3.621,12.66,48층 409㎡(32.3×12.7m) + 저층부 5층 4000㎡(84.9×47.1m),"{""towers"": [[408.84, 2.55, 178.0, 194319.6, 546956.4, 48]], ""podium"": [4000.0, 1.8025, 52.04, 194307.2, 546952.7, 5], ""detached"": false}"
단일+저층부,저층부고정 11m,50,50,169.0,85,44,37,21,48,37580,400.0,8138,45718,4133,43.99,0.153,inf,inf,2,3.619,13.64,50층 391㎡(28.6×13.6m) + 저층부 5층 4000㎡(84.9×47.1m),"{""towers"": [[390.67, 2.1, 170, 194313.1, 546957.9, 50]], ""podium"": [4000.0, 1.8025, 52.04, 194307.2, 546952.7, 5], ""detached"": false}"
단일+저층부,저층부고정 11m,50,50,169.0,85,43,37,19,48,37580,400.0,7877,45457,4133,43.99,0.208,inf,inf,2,3.595,16.14,50층 391㎡(24.2×16.1m) + 저층부 5층 4000㎡(84.9×47.1m),"{""towers"": [[390.67, 1.5, 160, 194317.1, 546965.9, 50]], ""podium"": [4000.0, 1.8025, 52.04, 194307.2, 546952.7, 5], ""detached"": false}"
단일+저층부,5 미세조정,55,55,185.5,73,41,38,17,35,37580,400.0,8492,46072,4133,43.99,0.123,inf,inf,2,3.625,12.94,55층 352㎡(27.2×12.9m) + 저층부 5층 4000㎡(84.9×47.1m),"{""towers"": [[351.6, 2.1, 162.0, 194325.1, 546976.4, 55]], ""podium"": [4000.0, 1.8025, 52.04, 194307.2, 546952.7, 5], ""detached"": false}"
단일+저층부,5 미세조정,54,54,182.2,73,41,38,17,35,37580,400.0,8508,46088,4133,43.99,0.125,inf,inf,2,3.624,12.58,54층 359㎡(28.5×12.6m) + 저층부 5층 4000㎡(84.9×47.1m),"{""towers"": [[358.78, 2.268, 162.0, 194325.1, 546976.4, 54]], ""podium"": [4000.0, 1.8025, 52.04, 194307.2, 546952.7, 5], ""detached"": false}"
단일+저층부,5 미세조정,53,53,178.9,73,41,38,17,35,37580,400.0,8437,46017,4133,43.99,0.126,inf,inf,2,3.624,12.71,53층 366㎡(28.8×12.7m) + 저층부 5층 4000㎡(84.9×47.1m),"{""towers"": [[366.25, 2.268, 162.0, 194325.1, 546976.4, 53]], ""podium"": [4000.0, 1.8025, 52.04, 194307.2, 546952.7, 5], ""detached"": false}"
단일+저층부,5 미세조정,53,53,178.9,73,41,38,17,35,37580,400.0,8301,45881,4133,43.99,0.126,inf,inf,2,3.621,13.55,53층 366㎡(27.0×13.5m) + 저층부 5층 4000㎡(84.9×47.1m),"{""towers"": [[366.25, 1.995, 162.0, 194325.1, 546976.4, 53]], ""podium"": [4000.0, 1.8025, 52.04, 194307.2, 546952.7, 5], ""detached"": false}"
단일+저층부,5 미세조정,52,52,175.6,73,41,38,17,35,37580,400.0,8303,45883,4133,43.99,0.148,inf,inf,2,3.618,13.21,52층 374㎡(28.3×13.2m) + 저층부 5층 4000㎡(84.9×47.1m),"{""towers"": [[374.04, 2.142, 166.0, 194322.6, 546973.9, 52]], ""podium"": [4000.0, 1.8025, 52.04, 194307.2, 546952.7, 5], ""detached"": false}"
단일+저층부,5 미세조정,52,52,175.6,73,41,38,17,35,37580,400.0,8282,45862,4133,43.99,0.148,inf,inf,2,3.617,13.35,52층 374㎡(28.0×13.3m) + 저층부 5층 4000㎡(84.9×47.1m),"{""towers"": [[374.04, 2.1, 166.0, 194322.6, 546973.9, 52]], ""podium"": [4000.0, 1.8025, 52.04, 194307.2, 546952.7, 5], ""detached"": false}"
단일+저층부,5 미세조정,52,52,175.6,73,37,38,17,35,37580,400.0,8366,45946,4133,43.99,0.156,inf,inf,2,3.616,12.84,52층 374㎡(29.1×12.8m) + 저층부 5층 4000㎡(84.9×47.1m),"{""towers"": [[374.04, 2.268, 162.0, 194325.1, 546968.9, 52]], ""podium"": [4000.0, 1.8025, 52.04, 194307.2, 546952.7, 5], ""detached"": false}"
단일+저층부,5 미세조정,54,54,182.2,73,39,38,17,35,37580,400.0,8508,46088,4133,43.99,0.152,inf,inf,2,3.616,12.58,54층 359㎡(28.5×12.6m) + 저층부 5층 4000㎡(84.9×47.1m),"{""towers"": [[358.78, 2.268, 162.0, 194325.1, 546968.9, 54]], ""podium"": [4000.0, 1.8025, 52.04, 194307.2, 546952.7, 5], ""detached"": false}"
단일+저층부,5 미세조정,55,55,185.5,73,42,38,17,35,37580,400.0,8338,45918,4133,43.99,0.133,inf,inf,2,3.615,14.03,55층 352㎡(25.1×14.0m) + 저층부 5층 4000㎡(84.9×47.1m),"{""towers"": [[351.6, 1.785, 166.0, 194322.6, 546976.4, 55]], ""podium"": [4000.0, 1.8025, 52.04, 194307.2, 546952.7, 5], ""detached"": false}"
단일+저층부,5 미세조정,53,53,178.9,73,39,38,17,35,37580,400.0,8374,45954,4133,43.99,0.153,inf,inf,2,3.615,13.08,53층 366㎡(28.0×13.1m) + 저층부 5층 4000㎡(84.9×47.1m),"{""towers"": [[366.25, 2.142, 162.0, 194325.1, 546968.9, 53]], ""podium"": [4000.0, 1.8025, 52.04, 194307.2, 546952.7, 5], ""detached"": false}"
단일+저층부,5 미세조정,55,55,185.5,73,37,38,17,35,37580,400.0,8514,46094,4133,43.99,0.158,inf,inf,2,3.613,12.81,55층 352㎡(27.4×12.8m) + 저층부 5층 4000㎡(84.9×47.1m),"{""towers"": [[351.6, 2.142, 162.0, 194325.1, 546966.4, 55]], ""podium"": [4000.0, 1.8025, 52.04, 194307.2, 546952.7, 5], ""detached"": false}"
단일+저층부,5 미세조정,55,55,185.5,74,40,38,16,36,37580,400.0,8712,46292,4133,43.99,0.143,inf,inf,2,3.62,11.81,55층 352㎡(29.8×11.8m) + 저층부 5층 4000㎡(84.9×47.1m),"{""towers"": [[351.6, 2.52, 162.0, 194322.6, 546973.9, 55]], ""podium"": [4000.0, 1.8025, 52.04, 194307.2, 546952.7, 5], ""detached"": false}"
단일+저층부,5 미세조정,52,52,175.6,74,37,38,17,36,37580,400.0,8495,46075,4133,43.99,0.165,inf,inf,2,3.613,12.18,52층 374㎡(30.7×12.2m) + 저층부 5층 4000㎡(84.9×47.1m),"{""towers"": [[374.04, 2.52, 162.0, 194325.1, 546966.4, 52]], ""podium"": [4000.0, 1.8025, 52.04, 194307.2, 546952.7, 5], ""detached"": false}"
단일+저층부,5 미세조정,52,52,175.6,74,41,38,17,36,37580,400.0,8231,45811,4133,43.99,0.151,inf,inf,2,3.608,13.69,52층 374㎡(27.3×13.7m) + 저층부 5층 4000㎡(84.9×47.1m),"{""towers"": [[374.04, 1.995, 174.0, 194322.6, 546973.9, 52]], ""podium"": [4000.0, 1.8025, 52.04, 194307.2, 546952.7, 5], ""detached"": false}"
단일+저층부,5 미세조정,55,55,185.5,75,41,38,19,37,37580,400.0,8890,46470,4133,43.99,0.166,inf,inf,2,3.622,11.11,55층 352㎡(31.7×11.1m) + 저층부 5층 4000㎡(84.9×47.1m),"{""towers"": [[351.6, 2.85, 164.0, 194322.6, 546967.4, 55]], ""podium"": [4000.0, 1.8025, 52.04, 194307.2, 546952.7, 5], ""detached"": false}"
단일+저층부,5 미세조정,53,53,178.9,75,41,38,19,37,37580,400.0,8568,46148,4133,43.99,0.173,inf,inf,2,3.618,12.06,53층 366㎡(30.4×12.1m) + 저층부 5층 4000㎡(84.9×47.1m),"{""towers"": [[366.25, 2.52, 166.0, 194322.6, 546966.4, 53]], ""podium"": [4000.0, 1.8025, 52.04, 194307.2, 546952.7, 5], ""detached"": false}"
단일+저층부,5 미세조정,54,54,182.2,76,37,38,17,38,37580,400.0,8444,46024,4133,43.99,0.164,inf,inf,2,3.618,12.94,54층 359㎡(27.7×12.9m) + 저층부 5층 4000㎡(84.9×47.1m),"{""towers"": [[358.78, 2.142, 162.0, 194325.1, 546963.9, 54]], ""podium"": [4000.0, 1.8025, 52.04, 194307.2, 546952.7, 5], ""detached"": false}"
단일+저층부,5 미세조정,54,54,182.2,76,41,38,19,38,37580,400.0,8444,46024,4133,43.99,0.159,inf,inf,2,3.614,12.94,54층 359㎡(27.7×12.9m) + 저층부 5층 4000㎡(84.9×47.1m),"{""towers"": [[358.78, 2.142, 170.0, 194322.6, 546966.4, 54]], ""podium"": [4000.0, 1.8025, 52.04, 194307.2, 546952.7, 5], ""detached"": false}"
단일+저층부,5 미세조정,48,48,162.4,78,37,38,17,40,37580,400.0,7964,45544,4133,43.99,0.127,inf,inf,2,3.611,14.16,48층 409㎡(28.9×14.2m) + 저층부 5층 4000㎡(84.9×47.1m),"{""towers"": [[408.84, 2.04, 172.0, 194324.1, 546964.4, 48]], ""podium"": [4000.0, 1.8025, 52.04, 194307.2, 546952.7, 5], ""detached"": false}"
단일+저층부,5 미세조정,54,54,182.2,78,45,38,20,40,37580,400.0,8270,45850,4133,43.99,0.167,inf,inf,2,3.604,14.18,54층 359㎡(25.3×14.2m) + 저층부 5층 4000㎡(84.9×47.1m),"{""towers"": [[358.78, 1.785, 170.0, 194320.1, 546971.4, 54]], ""podium"": [4000.0, 1.8025, 52.04, 194307.2, 546952.7, 5], ""detached"": false}"
단일+저층부,5 미세조정,48,48,162.4,80,38,38,17,42,37580,400.0,8376,45956,4133,43.99,0.09,inf,inf,2,3.592,11.91,48층 409㎡(34.3×11.9m) + 저층부 5층 4000㎡(84.9×47.1m),"{""towers"": [[408.84, 2.88, 8.0, 194326.6, 546966.9, 48]], ""podium"": [4000.0, 1.8025, 52.04, 194307.2, 546952.7, 5], ""detached"": false}"
단일+저층부,5 미세조정,50,50,169.0,81,41,38,21,43,37580,400.0,8362,45942,4133,43.99,0.093,inf,inf,2,3.626,12.38,50층 391㎡(31.6×12.4m) + 저층부 5층 4000㎡(84.9×47.1m),"{""towers"": [[390.67, 2.55, 166.0, 194322.1, 546958.9, 50]], ""podium"": [4000.0, 1.8025, 52.04, 194307.2, 546952.7, 5], ""detached"": false}"
단일+저층부,5 미세조정,53,53,178.9,81,40,38,19,43,37580,400.0,8674,46254,4133,43.99,0.101,inf,inf,2,3.617,11.6,53층 366㎡(31.6×11.6m) + 저층부 5층 4000㎡(84.9×47.1m),"{""towers"": [[366.25, 2.7216, 178.0, 194322.6, 546963.9, 53]], ""podium"": [4000.0, 1.8025, 52.04, 194307.2, 546952.7, 5], ""detached"": false}"
단일+저층부,5 미세조정,52,52,175.6,81,40,38,19,43,37580,400.0,8495,46075,4133,43.99,0.105,inf,inf,2,3.615,12.18,52층 374㎡(30.7×12.2m) + 저층부 5층 4000㎡(84.9×47.1m),"{""towers"": [[374.04, 2.52, 178.0, 194322.6, 546963.9, 52]], ""podium"": [4000.0, 1.8025, 52.04, 194307.2, 546952.7, 5], ""detached"": false}"
단일+저층부,5 미세조정,52,52,175.6,81,41,38,19,43,37580,400.0,8746,46326,4133,43.99,0.101,inf,inf,2,3.61,11.17,52층 374㎡(33.5×11.2m) + 저층부 5층 4000㎡(84.9×47.1m),"{""towers"": [[374.04, 3.0, 0.0, 194322.6, 546964.9, 52]], ""podium"": [4000.0, 1.8025, 52.04, 194307.2, 546952.7, 5], ""detached"": false}"
단일+저층부,5 미세조정,52,52,175.6,83,39,38,19,45,37580,400.0,8746,46326,4133,43.99,0.061,inf,inf,2,3.619,11.17,52층 374㎡(33.5×11.2m) + 저층부 5층 4000㎡(84.9×47.1m),"{""towers"": [[374.04, 3.0, 178.0, 194322.1, 546958.9, 52]], ""podium"": [4000.0, 1.8025, 52.04, 194307.2, 546952.7, 5], ""detached"": false}"
단일+저층부,5 미세조정,52,52,175.6,84,43,38,22,46,37580,400.0,8746,46326,4133,43.99,0.068,inf,inf,2,3.63,11.17,52층 374㎡(33.5×11.2m) + 저층부 5층 4000㎡(84.9×47.1m),"{""towers"": [[374.04, 3.0, 178.0, 194314.6, 546953.9, 52]], ""podium"": [4000.0, 1.8025, 52.04, 194307.2, 546952.7, 5], ""detached"": false}"
단일+저층부,5 미세조정,49,49,165.7,84,37,38,17,46,37580,400.0,8153,45733,4133,43.99,0.043,inf,inf,2,3.623,13.24,49층 400㎡(30.2×13.2m) + 저층부 5층 4000㎡(84.9×47.1m),"{""towers"": [[399.55, 2.28, 0.0, 194324.1, 546956.9, 49]], ""podium"": [4000.0, 1.8025, 52.04, 194307.2, 546952.7, 5], ""detached"": false}"
단일+저층부,5 미세조정,50,50,169.0,84,44,38,21,46,37580,400.0,8362,45942,4133,43.99,0.115,inf,inf,2,3.621,12.38,50층 391㎡(31.6×12.4m) + 저층부 5층 4000㎡(84.9×47.1m),"{""towers"": [[390.67, 2.55, 178.0, 194314.6, 546958.9, 50]], ""podium"": [4000.0, 1.8025, 52.04, 194307.2, 546952.7, 5], ""detached"": false}"
단일+저층부,5 미세조정,51,51,172.3,84,45,38,22,46,37580,400.0,8437,46017,4133,43.99,0.114,inf,inf,2,3.62,12.24,51층 382㎡(31.2×12.2m) + 저층부 5층 4000㎡(84.9×47.1m),"{""towers"": [[382.17, 2.55, 178.0, 194314.6, 546958.9, 51]], ""podium"": [4000.0, 1.8025, 52.04, 194307.2, 546952.7, 5], ""detached"": false}"
단일+저층부,5 미세조정,49,49,165.7,84,37,38,17,46,37580,400.0,8037,45617,4133,43.99,0.066,inf,inf,2,3.612,13.99,49층 400㎡(28.5×14.0m) + 저층부 5층 4000㎡(84.9×47.1m),"{""towers"": [[399.55, 2.04, 0.0, 194324.1, 546959.4, 49]], ""podium"": [4000.0, 1.8025, 52.04, 194307.2, 546952.7, 5], ""detached"": false}"
단일+저층부,5 미세조정,47,47,159.1,84,37,38,17,46,37580,400.0,8061,45641,4133,43.99,0.043,inf,inf,2,3.607,13.21,47층 419㎡(31.7×13.2m) + 저층부 5층 4000㎡(84.9×47.1m),"{""towers"": [[418.57, 2.4, 4.0, 194326.6, 546959.4, 47]], ""podium"": [4000.0, 1.8025, 52.04, 194307.2, 546952.7, 5], ""detached"": false}"
단일+저층부,5 미세조정,51,51,172.3,85,42,38,21,47,37580,400.0,8592,46172,4133,43.99,0.053,inf,inf,2,3.637,11.58,51층 382㎡(33.0×11.6m) + 저층부 5층 4000㎡(84.9×47.1m),"{""towers"": [[382.17, 2.85, 174.0, 194314.6, 546951.4, 51]], ""podium"": [4000.0, 1.8025, 52.04, 194307.2, 546952.7, 5], ""detached"": false}"
단일+저층부,5 미세조정,55,55,185.5,74,42,39,19,35,37580,400.0,8579,46159,4133,43.99,0.161,inf,inf,2,3.615,12.45,55층 352㎡(28.2×12.5m) + 저층부 5층 4000㎡(84.9×47.1m),"{""towers"": [[351.6, 2.268, 162.0, 194322.6, 546968.9, 55]], ""podium"": [4000.0, 1.8025, 52.04, 194307.2, 546952.7, 5], ""detached"": false}"
단일+저층부,5 미세조정,52,52,175.6,77,41,39,19,38,37580,400.0,8303,45883,4133,43.99,0.177,inf,inf,2,3.618,13.21,52층 374㎡(28.3×13.2m) + 저층부 5층 4000㎡(84.9×47.1m),"{""towers"": [[374.04, 2.142, 166.0, 194322.6, 546966.4, 52]], ""podium"": [4000.0, 1.8025, 52.04, 194307.2, 546952.7, 5], ""detached"": false}"
단일+저층부,5 미세조정,55,55,185.5,77,42,39,18,38,37580,400.0,8492,46072,4133,43.99,0.163,inf,inf,2,3.611,12.94,55층 352㎡(27.2×12.9m) + 저층부 5층 4000㎡(84.9×47.1m),"{""towers"": [[351.6, 2.1, 162.0, 194320.1, 546971.4, 55]], ""podium"": [4000.0, 1.8025, 52.04, 194307.2, 546952.7, 5], ""detached"": false}"
단일+저층부,저층부고정 11m,49,49,165.7,78,41,39,18,39,37580,400.0,8066,45646,4133,43.99,0.18,inf,inf,2,3.607,13.79,49층 400㎡(29.0×13.8m) + 저층부 5층 4000㎡(84.9×47.1m),"{""towers"": [[399.55, 2.1, 170, 194321.1, 546969.9, 49]], ""podium"": [4000.0, 1.8025, 52.04, 194307.2, 546952.7, 5], ""detached"": false}"
단일+저층부,5 미세조정,50,50,169.0,78,37,39,17,39,37580,400.0,8226,45806,4133,43.99,0.054,inf,inf,2,3.602,13.09,50층 391㎡(29.8×13.1m) + 저층부 5층 4000㎡(84.9×47.1m),"{""towers"": [[390.67, 2.28, 8.0, 194331.6, 546964.4, 50]], ""podium"": [4000.0, 1.8025, 52.04, 194307.2, 546952.7, 5], ""detached"": false}"
단일+저층부,5 미세조정,55,55,185.5,79,42,39,18,40,37580,400.0,8338,45918,4133,43.99,0.171,inf,inf,2,3.606,14.03,55층 352㎡(25.1×14.0m) + 저층부 5층 4000㎡(84.9×47.1m),"{""towers"": [[351.6, 1.785, 162.0, 194320.1, 546968.9, 55]], ""podium"": [4000.0, 1.8025, 52.04, 194307.2, 546952.7, 5], ""detached"": false}"
단일+저층부,5 미세조정,54,54,182.2,79,40,39,17,40,37580,400.0,8656,46236,4133,43.99,0.142,inf,inf,2,3.602,11.86,54층 359㎡(30.2×11.9m) + 저층부 5층 4000㎡(84.9×47.1m),"{""towers"": [[358.78, 2.55, 0.0, 194322.6, 546969.9, 54]], ""podium"": [4000.0, 1.8025, 52.04, 194307.2, 546952.7, 5], ""detached"": false}"
단일+저층부,5 미세조정,49,49,165.7,81,43,39,19,42,37580,400.0,8287,45867,4133,43.99,0.177,inf,inf,2,3.61,12.52,49층 400㎡(31.9×12.5m) + 저층부 5층 4000㎡(84.9×47.1m),"{""towers"": [[399.55, 2.55, 176.0, 194320.1, 546969.9, 49]], ""podium"": [4000.0, 1.8025, 52.04, 194307.2, 546952.7, 5], ""detached"": false}"
단일+저층부,저층부고정 11m,51,51,172.3,81,43,39,19,42,37580,400.0,8360,45940,4133,43.99,0.157,inf,inf,2,3.608,12.62,51층 382㎡(30.3×12.6m) + 저층부 5층 4000㎡(84.9×47.1m),"{""towers"": [[382.17, 2.4, 0, 194321.1, 546969.9, 51]], ""podium"": [4000.0, 1.8025, 52.04, 194307.2, 546952.7, 5], ""detached"": false}"
단일+저층부,5 미세조정,55,55,185.5,81,43,39,19,42,37580,400.0,8712,46292,4133,43.99,0.154,inf,inf,2,3.607,11.81,55층 352㎡(29.8×11.8m) + 저층부 5층 4000㎡(84.9×47.1m),"{""towers"": [[351.6, 2.52, 178.0, 194320.1, 546968.9, 55]], ""podium"": [4000.0, 1.8025, 52.04, 194307.2, 546952.7, 5], ""detached"": false}"
단일+저층부,5 미세조정,52,52,175.6,81,39,39,17,42,37580,400.0,8303,45883,4133,43.99,0.13,inf,inf,2,3.606,13.21,52층 374㎡(28.3×13.2m) + 저층부 5층 4000㎡(84.9×47.1m),"{""towers"": [[374.04, 2.142, 178.0, 194322.6, 546966.4, 52]], ""podium"": [4000.0, 1.8025, 52.04, 194307.2, 546952.7, 5], ""detached"": false}"
단일+저층부,5 미세조정,50,50,169.0,81,40,39,17,42,37580,400.0,8593,46173,4133,43.99,0.14,inf,inf,2,3.605,11.41,50층 391㎡(34.2×11.4m) + 저층부 5층 4000㎡(84.9×47.1m),"{""towers"": [[390.67, 3.0, 0.0, 194322.6, 546969.9, 50]], ""podium"": [4000.0, 1.8025, 52.04, 194307.2, 546952.7, 5], ""detached"": false}"
단일+저층부,5 미세조정,53,53,178.9,81,44,39,19,42,37580,400.0,8584,46164,4133,43.99,0.172,inf,inf,2,3.602,11.98,53층 366㎡(30.6×12.0m) + 저층부 5층 4000㎡(84.9×47.1m),"{""towers"": [[366.25, 2.55, 0.0, 194320.1, 546972.4, 53]], ""podium"": [4000.0, 1.8025, 52.04, 194307.2, 546952.7, 5], ""detached"": false}"
단일+저층부,5 미세조정,44,44,149.2,82,37,39,17,43,37580,400.0,7772,45352,4133,43.99,0.047,inf,inf,2,3.601,14.06,44층 451㎡(32.1×14.1m) + 저층부 5층 4000㎡(84.9×47.1m),"{""towers"": [[450.77, 2.28, 8.0, 194329.1, 546961.9, 44]], ""podium"": [4000.0, 1.8025, 52.04, 194307.2, 546952.7, 5], ""detached"": false}"
단일+저층부,5 미세조정,44,44,149.2,83,37,39,17,44,37580,400.0,8056,45636,4133,43.99,0.089,inf,inf,2,3.614,12.51,44층 451㎡(36.0×12.5m) + 저층부 5층 4000㎡(84.9×47.1m),"{""towers"": [[450.77, 2.88, 0.0, 194324.1, 546964.4, 44]], ""podium"": [4000.0, 1.8025, 52.04, 194307.2, 546952.7, 5], ""detached"": false}"
단일+저층부,5 미세조정,51,51,172.3,83,44,39,19,44,37580,400.0,8437,46017,4133,43.99,0.176,inf,inf,2,3.604,12.24,51층 382㎡(31.2×12.2m) + 저층부 5층 4000㎡(84.9×47.1m),"{""towers"": [[382.17, 2.55, 0.0, 194320.1, 546972.4, 51]], ""podium"": [4000.0, 1.8025, 52.04, 194307.2, 546952.7, 5], ""detached"": false}"
단일+저층부,5 미세조정,46,46,155.8,84,37,39,17,45,37580,400.0,8314,45894,4133,43.99,0.082,inf,inf,2,3.601,11.8,46층 429㎡(36.3×11.8m) + 저층부 5층 4000㎡(84.9×47.1m),"{""towers"": [[428.78, 3.078, 4.0, 194325.1, 546964.9, 46]], ""podium"": [4000.0, 1.8025, 52.04, 194307.2, 546952.7, 5], ""detached"": false}"
단일+저층부,5 미세조정,53,53,178.9,85,42,39,19,46,37580,400.0,8584,46164,4133,43.99,0.14,inf,inf,2,3.603,11.98,53층 366㎡(30.6×12.0m) + 저층부 5층 4000㎡(84.9×47.1m),"{""towers"": [[366.25, 2.55, 0.0, 194320.1, 546967.4, 53]], ""podium"": [4000.0, 1.8025, 52.04, 194307.2, 546952.7, 5], ""detached"": false}"
단일+저층부,5 미세조정,48,48,162.4,86,43,39,19,47,37580,400.0,8436,46016,4133,43.99,0.149,inf,inf,2,3.598,11.67,48층 409㎡(35.0×11.7m) + 저층부 5층 4000㎡(84.9×47.1m),"{""towers"": [[408.84, 3.0, 4.0, 194320.1, 546969.9, 48]], ""podium"": [4000.0, 1.8025, 52.04, 194307.2, 546952.7, 5], ""detached"": false}"
단일+저층부,5 미세조정,49,49,165.7,87,43,39,21,48,37580,400.0,8515,46095,4133,43.99,0.087,inf,inf,2,3.629,11.54,49층 400㎡(34.6×11.5m) + 저층부 5층 4000㎡(84.9×47.1m),"{""towers"": [[399.55, 3.0, 174.0, 194312.1, 546953.9, 49]], ""podium"": [4000.0, 1.8025, 52.04, 194307.2, 546952.7, 5], ""detached"": false}"
단일+저층부,5 미세조정,52,52,175.6,76,39,40,17,36,37580,400.0,8231,45811,4133,43.99,0.146,inf,inf,2,3.614,13.69,52층 374㎡(27.3×13.7m) + 저층부 5층 4000㎡(84.9×47.1m),"{""towers"": [[374.04, 1.995, 162.0, 194325.1, 546971.4, 52]], ""podium"": [4000.0, 1.8025, 52.04, 194307.2, 546952.7, 5], ""detached"": false}"
단일+저층부,5 미세조정,54,54,182.2,76,40,40,16,36,37580,400.0,8423,46003,4133,43.99,0.145,inf,inf,2,3.613,13.07,54층 359㎡(27.4×13.1m) + 저층부 5층 4000㎡(84.9×47.1m),"{""towers"": [[358.78, 2.1, 162.0, 194322.6, 546973.9, 54]], ""podium"": [4000.0, 1.8025, 52.04, 194307.2, 546952.7, 5], ""detached"": false}"
단일+저층부,5 미세조정,50,50,169.0,76,41,40,19,36,37580,400.0,8516,46096,4133,43.99,0.168,inf,inf,2,3.611,11.71,50층 391㎡(33.4×11.7m) + 저층부 5층 4000㎡(84.9×47.1m),"{""towers"": [[390.67, 2.85, 164.0, 194322.6, 546969.9, 50]], ""podium"": [4000.0, 1.8025, 52.04, 194307.2, 546952.7, 5], ""detached"": false}"
단일+저층부,5 미세조정,55,55,185.5,76,43,40,18,36,37580,400.0,8439,46019,4133,43.99,0.154,inf,inf,2,3.608,13.28,55층 352㎡(26.5×13.3m) + 저층부 5층 4000㎡(84.9×47.1m),"{""towers"": [[351.6, 1.995, 162.0, 194320.1, 546973.9, 55]], ""podium"": [4000.0, 1.8025, 52.04, 194307.2, 546952.7, 5], ""detached"": false}"
단일+저층부,5 미세조정,55,55,185.5,77,42,40,19,37,37580,400.0,8439,46019,4133,43.99,0.16,inf,inf,2,3.612,13.28,55층 352㎡(26.5×13.3m) + 저층부 5층 4000㎡(84.9×47.1m),"{""towers"": [[351.6, 1.995, 166.0, 194322.6, 546968.9, 55]], ""podium"": [4000.0, 1.8025, 52.04, 194307.2, 546952.7, 5], ""detached"": false}"
단일+저층부,5 미세조정,52,52,175.6,79,39,40,19,39,37580,400.0,8600,46180,4133,43.99,0.167,inf,inf,2,3.621,11.72,52층 374㎡(31.9×11.7m) + 저층부 5층 4000㎡(84.9×47.1m),"{""towers"": [[374.04, 2.7216, 162.0, 194322.6, 546963.9, 52]], ""podium"": [4000.0, 1.8025, 52.04, 194307.2, 546952.7, 5], ""detached"": false}"
단일+저층부,5 미세조정,48,48,162.4,79,37,40,17,39,37580,400.0,7964,45544,4133,43.99,0.056,inf,inf,2,3.6,14.16,48층 409㎡(28.9×14.2m) + 저층부 5층 4000㎡(84.9×47.1m),"{""towers"": [[408.84, 2.04, 8.0, 194331.6, 546964.4, 48]], ""podium"": [4000.0, 1.8025, 52.04, 194307.2, 546952.7, 5], ""detached"": false}"
단일+저층부,저층부고정 11m,47,47,159.1,80,41,40,18,40,37580,400.0,7783,45363,4133,43.99,0.185,inf,inf,2,3.603,15.25,47층 419㎡(27.4×15.2m) + 저층부 5층 4000㎡(84.9×47.1m),"{""towers"": [[418.57, 1.8, 170, 194321.1, 546969.9, 47]], ""podium"": [4000.0, 1.8025, 52.04, 194307.2, 546952.7, 5], ""detached"": false}"
단일+저층부,5 미세조정,46,46,155.8,81,36,40,17,41,37580,400.0,7984,45564,4133,43.99,0.033,inf,inf,2,3.603,13.37,46층 429㎡(32.1×13.4m) + 저층부 5층 4000㎡(84.9×47.1m),"{""towers"": [[428.78, 2.4, 8.0, 194331.6, 546961.9, 46]], ""podium"": [4000.0, 1.8025, 52.04, 194307.2, 546952.7, 5], ""detached"": false}"
단일+저층부,5 미세조정,48,48,162.4,81,38,40,17,41,37580,400.0,8232,45812,4133,43.99,0.093,inf,inf,2,3.593,12.56,48층 409㎡(32.6×12.6m) + 저층부 5층 4000㎡(84.9×47.1m),"{""towers"": [[408.84, 2.592, 8.0, 194326.6, 546966.9, 48]], ""podium"": [4000.0, 1.8025, 52.04, 194307.2, 546952.7, 5], ""detached"": false}"
단일+저층부,저층부고정 11m,46,46,155.8,83,40,40,18,43,37580,400.0,7710,45290,4133,43.99,0.185,inf,inf,2,3.606,15.43,46층 429㎡(27.8×15.4m) + 저층부 5층 4000㎡(84.9×47.1m),"{""towers"": [[428.78, 1.8, 170, 194321.1, 546965.9, 46]], ""podium"": [4000.0, 1.8025, 52.04, 194307.2, 546952.7, 5], ""detached"": false}"
단일+저층부,5 미세조정,49,49,165.7,83,39,40,17,43,37580,400.0,8212,45792,4133,43.99,0.112,inf,inf,2,3.598,12.9,49층 400㎡(31.0×12.9m) + 저층부 5층 4000㎡(84.9×47.1m),"{""towers"": [[399.55, 2.4, 4.0, 194324.1, 546966.9, 49]], ""podium"": [4000.0, 1.8025, 52.04, 194307.2, 546952.7, 5], ""detached"": false}"
단일+저층부,5 미세조정,48,48,162.4,84,38,40,18,44,37580,400.0,8211,45791,4133,43.99,0.108,inf,inf,2,3.619,12.66,48층 409㎡(32.3×12.7m) + 저층부 5층 4000㎡(84.9×47.1m),"{""towers"": [[408.84, 2.55, 162.0, 194322.1, 546958.9, 48]], ""podium"": [4000.0, 1.8025, 52.04, 194307.2, 546952.7, 5], ""detached"": false}"
단일+저층부,5 미세조정,45,45,152.5,84,37,40,17,44,37580,400.0,7850,45430,4133,43.99,0.063,inf,inf,2,3.616,13.88,45층 440㎡(31.7×13.9m) + 저층부 5층 4000㎡(84.9×47.1m),"{""towers"": [[439.5, 2.28, 176.0, 194324.1, 546959.4, 45]], ""podium"": [4000.0, 1.8025, 52.04, 194307.2, 546952.7, 5], ""detached"": false}"
단일+저층부,5 미세조정,48,48,162.4,84,38,40,17,44,37580,400.0,8211,45791,4133,43.99,0.11,inf,inf,2,3.611,12.66,48층 409㎡(32.3×12.7m) + 저층부 5층 4000㎡(84.9×47.1m),"{""towers"": [[408.84, 2.55, 0.0, 194322.6, 546964.9, 48]], ""podium"": [4000.0, 1.8025, 52.04, 194307.2, 546952.7, 5], ""detached"": false}"
단일+저층부,5 미세조정,48,48,162.4,84,38,40,17,44,37580,400.0,8361,45941,4133,43.99,0.105,inf,inf,2,3.61,11.98,48층 409㎡(34.1×12.0m) + 저층부 5층 4000㎡(84.9×47.1m),"{""towers"": [[408.84, 2.85, 0.0, 194322.6, 546964.9, 48]], ""podium"": [4000.0, 1.8025, 52.04, 194307.2, 546952.7, 5], ""detached"": false}"
단일+저층부,5 미세조정,48,48,162.4,84,37,40,17,44,37580,400.0,7964,45544,4133,43.99,0.105,inf,inf,2,3.605,14.16,48층 409㎡(28.9×14.2m) + 저층부 5층 4000㎡(84.9×47.1m),"{""towers"": [[408.84, 2.04, 0.0, 194324.1, 546964.4, 48]], ""podium"": [4000.0, 1.8025, 52.04, 194307.2, 546952.7, 5], ""detached"": false}"
단일+저층부,5 미세조정,54,54,182.2,85,39,40,17,45,37580,400.0,8816,46396,4133,43.99,0.098,inf,inf,2,3.601,11.22,54층 359㎡(32.0×11.2m) + 저층부 5층 4000㎡(84.9×47.1m),"{""towers"": [[358.78, 2.85, 4.0, 194322.6, 546964.9, 54]], ""podium"": [4000.0, 1.8025, 52.04, 194307.2, 546952.7, 5], ""detached"": false}"
단일+저층부,5 미세조정,51,51,172.3,87,42,40,19,47,37580,400.0,8670,46250,4133,43.99,0.111,inf,inf,2,3.596,11.29,51층 382㎡(33.9×11.3m) + 저층부 5층 4000㎡(84.9×47.1m),"{""towers"": [[382.17, 3.0, 4.0, 194320.1, 546964.9, 51]], ""podium"": [4000.0, 1.8025, 52.04, 194307.2, 546952.7, 5], ""detached"": false}"
단일+저층부,5 미세조정,51,51,172.3,87,39,40,17,47,37580,400.0,8437,46017,4133,43.99,0.099,inf,inf,2,3.593,12.24,51층 382㎡(31.2×12.2m) + 저층부 5층 4000㎡(84.9×47.1m),"{""towers"": [[382.17, 2.55, 8.0, 194322.6, 546964.9, 51]], ""podium"": [4000.0, 1.8025, 52.04, 194307.2, 546952.7, 5], ""detached"": false}"
단일+저층부,5 미세조정,52,52,175.6,77,40,41,16,36,37580,400.0,8366,45946,4133,43.99,0.149,inf,inf,2,3.616,12.84,52층 374㎡(29.1×12.8m) + 저층부 5층 4000㎡(84.9×47.1m),"{""towers"": [[374.04, 2.268, 162.0, 194322.6, 546973.9, 52]], ""podium"": [4000.0, 1.8025, 52.04, 194307.2, 546952.7, 5], ""detached"": false}"
단일+저층부,저층부고정 11m,46,46,155.8,77,37,41,17,36,37580,400.0,7843,45423,4133,43.99,0.146,inf,inf,2,3.611,14.29,46층 429㎡(30.0×14.3m) + 저층부 5층 4000㎡(84.9×47.1m),"{""towers"": [[428.78, 2.1, 160, 194329.1, 546969.9, 46]], ""podium"": [4000.0, 1.8025, 52.04, 194307.2, 546952.7, 5], ""detached"": false}"
단일+저층부,저층부고정 11m,49,49,165.7,78,36,41,17,37,37580,400.0,8212,45792,4133,43.99,0.154,inf,inf,2,3.622,12.9,49층 400㎡(31.0×12.9m) + 저층부 5층 4000㎡(84.9×47.1m),"{""towers"": [[399.55, 2.4, 160, 194329.1, 546965.9, 49]], ""podium"": [4000.0, 1.8025, 52.04, 194307.2, 546952.7, 5], ""detached"": false}"
단일+저층부,저층부고정 11m,47,47,159.1,78,36,41,17,37,37580,400.0,7783,45363,4133,43.99,0.123,inf,inf,2,3.612,15.25,47층 419㎡(27.4×15.2m) + 저층부 5층 4000㎡(84.9×47.1m),"{""towers"": [[418.57, 1.8, 160, 194329.1, 546961.9, 47]], ""podium"": [4000.0, 1.8025, 52.04, 194307.2, 546952.7, 5], ""detached"": false}"
단일+저층부,저층부고정 11m,51,51,172.3,78,36,41,17,37,37580,400.0,7946,45526,4133,43.99,0.143,inf,inf,2,3.611,15.96,51층 382㎡(23.9×16.0m) + 저층부 5층 4000㎡(84.9×47.1m),"{""towers"": [[382.17, 1.5, 160, 194329.1, 546961.9, 51]], ""podium"": [4000.0, 1.8025, 52.04, 194307.2, 546952.7, 5], ""detached"": false}"
단일+저층부,저층부고정 11m,46,46,155.8,78,37,41,17,37,37580,400.0,7710,45290,4133,43.99,0.144,inf,inf,2,3.606,15.43,46층 429㎡(27.8×15.4m) + 저층부 5층 4000㎡(84.9×47.1m),"{""towers"": [[428.78, 1.8, 160, 194329.1, 546969.9, 46]], ""podium"": [4000.0, 1.8025, 52.04, 194307.2, 546952.7, 5], ""detached"": false}"
단일+저층부,저층부고정 11m,55,55,185.5,80,40,41,18,39,37580,400.0,8809,46389,4133,43.99,0.179,inf,inf,2,3.618,11.41,55층 352㎡(30.8×11.4m) + 저층부 5층 4000㎡(84.9×47.1m),"{""towers"": [[351.6, 2.7, 160, 194321.1, 546965.9, 55]], ""podium"": [4000.0, 1.8025, 52.04, 194307.2, 546952.7, 5], ""detached"": false}"
단일+저층부,저층부고정 11m,52,52,175.6,81,40,41,18,40,37580,400.0,8589,46169,4133,43.99,0.187,inf,inf,2,3.612,11.77,52층 374㎡(31.8×11.8m) + 저층부 5층 4000㎡(84.9×47.1m),"{""towers"": [[374.04, 2.7, 160, 194321.1, 546965.9, 52]], ""podium"": [4000.0, 1.8025, 52.04, 194307.2, 546952.7, 5], ""detached"": false}"
단일+저층부,5 미세조정,51,51,172.3,82,40,41,17,41,37580,400.0,8670,46250,4133,43.99,0.114,inf,inf,2,3.588,11.29,51층 382㎡(33.9×11.3m) + 저층부 5층 4000㎡(84.9×47.1m),"{""towers"": [[382.17, 3.0, 8.0, 194325.1, 546969.9, 51]], ""podium"": [4000.0, 1.8025, 52.04, 194307.2, 546952.7, 5], ""detached"": false}"
단일+저층부,5 미세조정,46,46,155.8,83,38,41,17,42,37580,400.0,8156,45736,4133,43.99,0.106,inf,inf,2,3.6,12.48,46층 429㎡(34.4×12.5m) + 저층부 5층 4000㎡(84.9×47.1m),"{""towers"": [[428.78, 2.754, 4.0, 194325.1, 546967.4, 46]], ""podium"": [4000.0, 1.8025, 52.04, 194307.2, 546952.7, 5], ""detached"": false}"
단일+저층부,5 미세조정,49,49,165.7,84,39,41,17,43,37580,400.0,8037,45617,4133,43.99,0.117,inf,inf,2,3.596,13.99,49층 400㎡(28.5×14.0m) + 저층부 5층 4000㎡(84.9×47.1m),"{""towers"": [[399.55, 2.04, 4.0, 194324.1, 546966.9, 49]], ""podium"": [4000.0, 1.8025, 52.04, 194307.2, 546952.7, 5], ""detached"": false}"
단일+저층부,5 미세조정,45,45,152.5,85,37,41,17,44,37580,400.0,7907,45487,4133,43.99,0.074,inf,inf,2,3.59,13.53,45층 440㎡(32.5×13.5m) + 저층부 5층 4000㎡(84.9×47.1m),"{""towers"": [[439.5, 2.4, 8.0, 194324.1, 546961.9, 45]], ""podium"": [4000.0, 1.8025, 52.04, 194307.2, 546952.7, 5], ""detached"": false}"
단일+저층부,저층부고정 11m,48,48,162.4,86,41,41,17,45,37580,400.0,7856,45436,4133,43.99,0.171,inf,inf,2,3.596,15.07,48층 409㎡(27.1×15.1m) + 저층부 5층 4000㎡(84.9×47.1m),"{""towers"": [[408.84, 1.8, 0, 194321.1, 546969.9, 48]], ""podium"": [4000.0, 1.8025, 52.04, 194307.2, 546952.7, 5], ""detached"": false}"
단일+저층부,5 미세조정,48,48,162.4,86,39,41,17,45,37580,400.0,7964,45544,4133,43.99,0.095,inf,inf,2,3.593,14.16,48층 409㎡(28.9×14.2m) + 저층부 5층 4000㎡(84.9×47.1m),"{""towers"": [[408.84, 2.04, 8.0, 194324.1, 546964.4, 48]], ""podium"": [4000.0, 1.8025, 52.04, 194307.2, 546952.7, 5], ""detached"": false}"
단일+저층부,5 미세조정,51,51,172.3,86,42,41,17,45,37580,400.0,8437,46017,4133,43.99,0.16,inf,inf,2,3.587,12.24,51층 382㎡(31.2×12.2m) + 저층부 5층 4000㎡(84.9×47.1m),"{""towers"": [[382.17, 2.55, 8.0, 194320.1, 546972.4, 51]], ""podium"": [4000.0, 1.8025, 52.04, 194307.2, 546952.7, 5], ""detached"": false}"
단일+저층부,저층부고정 11m,53,53,178.9,87,38,41,18,46,37580,400.0,8209,45789,4133,43.99,0.215,inf,inf,2,3.605,14.26,53층 366㎡(25.7×14.3m) + 저층부 5층 4000㎡(84.9×47.1m),"{""towers"": [[366.25, 1.8, 150, 194321.1, 546957.9, 53]], ""podium"": [4000.0, 1.8025, 52.04, 194307.2, 546952.7, 5], ""detached"": false}"
단일+저층부,5 미세조정,50,50,169.0,87,37,41,17,46,37580,400.0,8286,45866,4133,43.99,0.076,inf,inf,2,3.603,12.76,50층 391㎡(30.6×12.8m) + 저층부 5층 4000㎡(84.9×47.1m),"{""towers"": [[390.67, 2.4, 4.0, 194324.1, 546961.9, 50]], ""podium"": [4000.0, 1.8025, 52.04, 194307.2, 546952.7, 5], ""detached"": false}"
단일+저층부,5 미세조정,49,49,165.7,87,37,41,17,46,37580,400.0,8153,45733,4133,43.99,0.078,inf,inf,2,3.602,13.24,49층 400㎡(30.2×13.2m) + 저층부 5층 4000㎡(84.9×47.1m),"{""towers"": [[399.55, 2.28, 4.0, 194324.1, 546961.9, 49]], ""podium"": [4000.0, 1.8025, 52.04, 194307.2, 546952.7, 5], ""detached"": false}"
단일+저층부,5 미세조정,49,49,165.7,87,37,41,17,46,37580,400.0,8153,45733,4133,43.99,0.063,inf,inf,2,3.597,13.24,49층 400㎡(30.2×13.2m) + 저층부 5층 4000㎡(84.9×47.1m),"{""towers"": [[399.55, 2.28, 8.0, 194326.6, 546961.9, 49]], ""podium"": [4000.0, 1.8025, 52.04, 194307.2, 546952.7, 5], ""detached"": false}"
단일+저층부,5 미세조정,47,47,159.1,87,38,41,17,46,37580,400.0,8155,45735,4133,43.99,0.089,inf,inf,2,3.594,12.71,47층 419㎡(32.9×12.7m) + 저층부 5층 4000㎡(84.9×47.1m),"{""towers"": [[418.57, 2.592, 8.0, 194324.1, 546964.4, 47]], ""podium"": [4000.0, 1.8025, 52.04, 194307.2, 546952.7, 5], ""detached"": false}"
단일+저층부,5 미세조정,47,47,159.1,87,37,41,17,46,37580,400.0,8003,45583,4133,43.99,0.076,inf,inf,2,3.592,13.55,47층 419㎡(30.9×13.5m) + 저층부 5층 4000㎡(84.9×47.1m),"{""towers"": [[418.57, 2.28, 8.0, 194324.1, 546961.9, 47]], ""podium"": [4000.0, 1.8025, 52.04, 194307.2, 546952.7, 5], ""detached"": false}"
단일+저층부,5 미세조정,49,49,165.7,88,43,41,21,47,37580,400.0,8439,46019,4133,43.99,0.113,inf,inf,2,3.63,11.84,49층 400㎡(33.7×11.8m) + 저층부 5층 4000㎡(84.9×47.1m),"{""towers"": [[399.55, 2.85, 174.0, 194312.1, 546956.4, 49]], ""podium"": [4000.0, 1.8025, 52.04, 194307.2, 546952.7, 5], ""detached"": false}"
단일+저층부,5 미세조정,48,48,162.4,88,43,41,21,47,37580,400.0,8436,46016,4133,43.99,0.11,inf,inf,2,3.627,11.67,48층 409㎡(35.0×11.7m) + 저층부 5층 4000㎡(84.9×47.1m),"{""towers"": [[408.84, 3.0, 174.0, 194312.1, 546956.4, 48]], ""podium"": [4000.0, 1.8025, 52.04, 194307.2, 546952.7, 5], ""detached"": false}"
단일+저층부,5 미세조정,49,49,165.7,88,37,41,17,47,37580,400.0,8454,46034,4133,43.99,0.034,inf,inf,2,3.611,11.78,49층 400㎡(33.9×11.8m) + 저층부 5층 4000㎡(84.9×47.1m),"{""towers"": [[399.55, 2.88, 4.0, 194324.1, 546956.9, 49]], ""podium"": [4000.0, 1.8025, 52.04, 194307.2, 546952.7, 5], ""detached"": false}"
단일+저층부,5 미세조정,49,49,165.7,88,37,41,17,47,37580,400.0,8454,46034,4133,43.99,0.052,inf,inf,2,3.607,11.78,49층 400㎡(33.9×11.8m) + 저층부 5층 4000㎡(84.9×47.1m),"{""towers"": [[399.55, 2.88, 4.0, 194324.1, 546959.4, 49]], ""podium"": [4000.0, 1.8025, 52.04, 194307.2, 546952.7, 5], ""detached"": false}"
단일+저층부,5 미세조정,50,50,169.0,88,37,41,17,47,37580,400.0,8226,45806,4133,43.99,0.043,inf,inf,2,3.606,13.09,50층 391㎡(29.8×13.1m) + 저층부 5층 4000㎡(84.9×47.1m),"{""towers"": [[390.67, 2.28, 8.0, 194324.1, 546956.9, 50]], ""podium"": [4000.0, 1.8025, 52.04, 194307.2, 546952.7, 5], ""detached"": false}"
단일+저층부,5 미세조정,48,48,162.4,88,37,41,17,47,37580,400.0,8078,45658,4133,43.99,0.078,inf,inf,2,3.602,13.39,48층 409㎡(30.5×13.4m) + 저층부 5층 4000㎡(84.9×47.1m),"{""towers"": [[408.84, 2.28, 4.0, 194324.1, 546961.9, 48]], ""podium"": [4000.0, 1.8025, 52.04, 194307.2, 546952.7, 5], ""detached"": false}"
단일+저층부,5 미세조정,53,53,178.9,89,42,41,19,48,37580,400.0,8584,46164,4133,43.99,0.11,inf,inf,2,3.588,11.98,53층 366㎡(30.6×12.0m) + 저층부 5층 4000㎡(84.9×47.1m),"{""towers"": [[366.25, 2.55, 8.0, 194320.1, 546964.9, 53]], ""podium"": [4000.0, 1.8025, 52.04, 194307.2, 546952.7, 5], ""detached"": false}"
단일+저층부,저층부고정 11m,45,45,152.5,82,36,42,17,40,37580,400.0,7907,45487,4133,43.99,0.135,inf,inf,2,3.608,13.53,45층 440㎡(32.5×13.5m) + 저층부 5층 4000㎡(84.9×47.1m),"{""towers"": [[439.5, 2.4, 160, 194325.1, 546961.9, 45]], ""podium"": [4000.0, 1.8025, 52.04, 194307.2, 546952.7, 5], ""detached"": false}"
단일+저층부,5 미세조정,46,46,155.8,83,38,42,17,41,37580,400.0,7927,45507,4133,43.99,0.097,inf,inf,2,3.591,13.71,46층 429㎡(31.3×13.7m) + 저층부 5층 4000㎡(84.9×47.1m),"{""towers"": [[428.78, 2.28, 8.0, 194326.6, 546966.9, 46]], ""podium"": [4000.0, 1.8025, 52.04, 194307.2, 546952.7, 5], ""detached"": false}"
단일+저층부,5 미세조정,45,45,152.5,84,38,42,17,42,37580,400.0,7998,45578,4133,43.99,0.094,inf,inf,2,3.593,13.02,45층 440㎡(33.8×13.0m) + 저층부 5층 4000㎡(84.9×47.1m),"{""towers"": [[439.5, 2.592, 8.0, 194326.6, 546966.9, 45]], ""podium"": [4000.0, 1.8025, 52.04, 194307.2, 546952.7, 5], ""detached"": false}"
단일+저층부,5 미세조정,48,48,162.4,85,40,42,17,43,37580,400.0,8436,46016,4133,43.99,0.117,inf,inf,2,3.589,11.67,48층 409㎡(35.0×11.7m) + 저층부 5층 4000㎡(84.9×47.1m),"{""towers"": [[408.84, 3.0, 8.0, 194325.1, 546969.9, 48]], ""podium"": [4000.0, 1.8025, 52.04, 194307.2, 546952.7, 5], ""detached"": false}"
단일+저층부,5 미세조정,53,53,178.9,86,39,42,17,44,37580,400.0,8584,46164,4133,43.99,0.086,inf,inf,2,3.593,11.98,53층 366㎡(30.6×12.0m) + 저층부 5층 4000㎡(84.9×47.1m),"{""towers"": [[366.25, 2.55, 8.0, 194325.1, 546964.9, 53]], ""podium"": [4000.0, 1.8025, 52.04, 194307.2, 546952.7, 5], ""detached"": false}"
단일+저층부,5 미세조정,47,47,159.1,88,37,42,17,46,37580,400.0,7890,45470,4133,43.99,0.065,inf,inf,2,3.598,14.32,47층 419㎡(29.2×14.3m) + 저층부 5층 4000㎡(84.9×47.1m),"{""towers"": [[418.57, 2.04, 8.0, 194326.6, 546961.9, 47]], ""podium"": [4000.0, 1.8025, 52.04, 194307.2, 546952.7, 5], ""detached"": false}"
단일+저층부,5 미세조정,47,47,159.1,90,37,42,17,48,37580,400.0,8003,45583,4133,43.99,0.041,inf,inf,2,3.602,13.55,47층 419㎡(30.9×13.5m) + 저층부 5층 4000㎡(84.9×47.1m),"{""towers"": [[418.57, 2.28, 8.0, 194324.1, 546956.9, 47]], ""podium"": [4000.0, 1.8025, 52.04, 194307.2, 546952.7, 5], ""detached"": false}"
단일+저층부,5 미세조정,46,46,155.8,90,37,42,17,48,37580,400.0,8077,45657,4133,43.99,0.041,inf,inf,2,3.598,12.86,46층 429㎡(33.3×12.9m) + 저층부 5층 4000㎡(84.9×47.1m),"{""towers"": [[428.78, 2.592, 8.0, 194326.6, 546959.4, 46]], ""podium"": [4000.0, 1.8025, 52.04, 194307.2, 546952.7, 5], ""detached"": false}"
단일+저층부,5 미세조정,49,49,165.7,90,41,42,17,48,37580,400.0,8287,45867,4133,43.99,0.13,inf,inf,2,3.587,12.52,49층 400㎡(31.9×12.5m) + 저층부 5층 4000㎡(84.9×47.1m),"{""towers"": [[399.55, 2.55, 8.0, 194320.1, 546967.4, 49]], ""podium"": [4000.0, 1.8025, 52.04, 194307.2, 546952.7, 5], ""detached"": false}"
단일+저층부,저층부고정 11m,49,49,165.7,90,40,42,17,48,37580,400.0,8363,45943,4133,43.99,0.112,inf,inf,2,3.584,12.16,49층 400㎡(32.8×12.2m) + 저층부 5층 4000㎡(84.9×47.1m),"{""towers"": [[399.55, 2.7, 10, 194321.1, 546965.9, 49]], ""podium"": [4000.0, 1.8025, 52.04, 194307.2, 546952.7, 5], ""detached"": false}"
단일+저층부,저층부고정 11m,49,49,165.7,82,41,43,18,39,37580,400.0,8066,45646,4133,43.99,0.179,inf,inf,2,3.602,13.79,49층 400㎡(29.0×13.8m) + 저층부 5층 4000㎡(84.9×47.1m),"{""towers"": [[399.55, 2.1, 160, 194321.1, 546969.9, 49]], ""podium"": [4000.0, 1.8025, 52.04, 194307.2, 546952.7, 5], ""detached"": false}"
단일+저층부,5 미세조정,44,44,149.2,85,37,43,17,42,37580,400.0,7828,45408,4133,43.99,0.096,inf,inf,2,3.589,13.7,44층 451㎡(32.9×13.7m) + 저층부 5층 4000㎡(84.9×47.1m),"{""towers"": [[450.77, 2.4, 8.0, 194326.6, 546966.9, 44]], ""podium"": [4000.0, 1.8025, 52.04, 194307.2, 546952.7, 5], ""detached"": false}"
단일+저층부,5 미세조정,44,44,149.2,88,38,43,17,45,37580,400.0,7663,45243,4133,43.99,0.097,inf,inf,2,3.592,14.86,44층 451㎡(30.3×14.9m) + 저층부 5층 4000㎡(84.9×47.1m),"{""towers"": [[450.77, 2.04, 8.0, 194324.1, 546964.4, 44]], ""podium"": [4000.0, 1.8025, 52.04, 194307.2, 546952.7, 5], ""detached"": false}"
단일+저층부,5 미세조정,48,48,162.4,88,38,43,17,45,37580,400.0,8361,45941,4133,43.99,0.084,inf,inf,2,3.591,11.98,48층 409㎡(34.1×12.0m) + 저층부 5층 4000㎡(84.9×47.1m),"{""towers"": [[408.84, 2.85, 8.0, 194325.1, 546964.9, 48]], ""podium"": [4000.0, 1.8025, 52.04, 194307.2, 546952.7, 5], ""detached"": false}"
단일+저층부,5 미세조정,46,46,155.8,88,39,43,17,45,37580,400.0,7927,45507,4133,43.99,0.111,inf,inf,2,3.589,13.71,46층 429㎡(31.3×13.7m) + 저층부 5층 4000㎡(84.9×47.1m),"{""towers"": [[428.78, 2.28, 8.0, 194324.1, 546966.9, 46]], ""podium"": [4000.0, 1.8025, 52.04, 194307.2, 546952.7, 5], ""detached"": false}"
단일+저층부,5 미세조정,49,49,165.7,91,40,43,20,48,37580,400.0,8287,45867,4133,43.99,0.079,inf,inf,2,3.632,12.52,49층 400㎡(31.9×12.5m) + 저층부 5층 4000㎡(84.9×47.1m),"{""towers"": [[399.55, 2.55, 162.0, 194312.1, 546948.9, 49]], ""podium"": [4000.0, 1.8025, 52.04, 194307.2, 546952.7, 5], ""detached"": false}"
단일+저층부,5 미세조정,48,48,162.4,91,43,43,22,48,37580,400.0,8361,45941,4133,43.99,0.048,inf,inf,2,3.629,11.98,48층 409㎡(34.1×12.0m) + 저층부 5층 4000㎡(84.9×47.1m),"{""towers"": [[408.84, 2.85, 178.0, 194314.6, 546951.4, 48]], ""podium"": [4000.0, 1.8025, 52.04, 194307.2, 546952.7, 5], ""detached"": false}"
단일+저층부,저층부고정 11m,48,48,162.4,91,39,43,17,48,37580,400.0,8137,45717,4133,43.99,0.089,inf,inf,2,3.588,13.05,48층 409㎡(31.3×13.1m) + 저층부 5층 4000㎡(84.9×47.1m),"{""towers"": [[408.84, 2.4, 10, 194321.1, 546961.9, 48]], ""podium"": [4000.0, 1.8025, 52.04, 194307.2, 546952.7, 5], ""detached"": false}"
단일+저층부,5 미세조정,48,48,162.4,91,41,43,17,48,37580,400.0,8556,46136,4133,43.99,0.123,inf,inf,2,3.585,11.23,48층 409㎡(36.4×11.2m) + 저층부 5층 4000㎡(84.9×47.1m),"{""towers"": [[408.84, 3.24, 8.0, 194320.1, 546967.4, 48]], ""podium"": [4000.0, 1.8025, 52.04, 194307.2, 546952.7, 5], ""detached"": false}"
단일+저층부,저층부고정 11m,54,54,182.2,91,41,43,17,48,37580,400.0,8277,45857,4133,43.99,0.108,inf,inf,2,3.558,14.12,54층 359㎡(25.4×14.1m) + 저층부 5층 4000㎡(84.9×47.1m),"{""towers"": [[358.78, 1.8, 20, 194321.1, 546965.9, 54]], ""podium"": [4000.0, 1.8025, 52.04, 194307.2, 546952.7, 5], ""detached"": false}"
단일+저층부,5 미세조정,51,51,172.3,92,45,43,21,49,37580,400.0,8592,46172,4133,43.99,0.124,inf,inf,2,3.622,11.58,51층 382㎡(33.0×11.6m) + 저층부 5층 4000㎡(84.9×47.1m),"{""towers"": [[382.17, 2.85, 178.0, 194312.1, 546958.9, 51]], ""podium"": [4000.0, 1.8025, 52.04, 194307.2, 546952.7, 5], ""detached"": false}"
단일+저층부,5 미세조정,44,44,149.2,89,37,44,17,45,37580,400.0,7663,45243,4133,43.99,0.064,inf,inf,2,3.598,14.86,44층 451㎡(30.3×14.9m) + 저층부 5층 4000㎡(84.9×47.1m),"{""towers"": [[450.77, 2.04, 8.0, 194326.6, 546961.9, 44]], ""podium"": [4000.0, 1.8025, 52.04, 194307.2, 546952.7, 5], ""detached"": false}"
단일+저층부,저층부고정 11m,50,50,169.0,90,43,44,20,46,37580,400.0,8593,46173,4133,43.99,0.12,inf,inf,2,3.632,11.41,50층 391㎡(34.2×11.4m) + 저층부 5층 4000㎡(84.9×47.1m),"{""towers"": [[390.67, 3.0, 170, 194309.1, 546953.9, 50]], ""podium"": [4000.0, 1.8025, 52.04, 194307.2, 546952.7, 5], ""detached"": false}"
단일+저층부,5 미세조정,50,50,169.0,92,44,44,21,48,37580,400.0,8516,46096,4133,43.99,0.105,inf,inf,2,3.623,11.71,50층 391㎡(33.4×11.7m) + 저층부 5층 4000㎡(84.9×47.1m),"{""towers"": [[390.67, 2.85, 178.0, 194312.1, 546956.4, 50]], ""podium"": [4000.0, 1.8025, 52.04, 194307.2, 546952.7, 5], ""detached"": false}"
단일+저층부,저층부고정 11m,50,50,169.0,92,38,44,14,48,37580,400.0,8138,45718,4133,43.99,0.111,inf,inf,2,3.558,13.64,50층 391㎡(28.6×13.6m) + 저층부 5층 4000㎡(84.9×47.1m),"{""towers"": [[390.67, 2.1, 20, 194321.1, 546965.9, 50]], ""podium"": [4000.0, 1.8025, 52.04, 194307.2, 546952.7, 5], ""detached"": false}"
단일+저층부,5 미세조정,49,49,165.7,93,42,44,21,49,37580,400.0,8515,46095,4133,43.99,0.042,inf,inf,2,3.639,11.54,49층 400㎡(34.6×11.5m) + 저층부 5층 4000㎡(84.9×47.1m),"{""towers"": [[399.55, 3.0, 174.0, 194312.1, 546948.9, 49]], ""podium"": [4000.0, 1.8025, 52.04, 194307.2, 546952.7, 5], ""detached"": false}"
단일+저층부,5 미세조정,52,52,175.6,93,45,44,21,49,37580,400.0,8511,46091,4133,43.99,0.129,inf,inf,2,3.62,12.11,52층 374㎡(30.9×12.1m) + 저층부 5층 4000㎡(84.9×47.1m),"{""towers"": [[374.04, 2.55, 178.0, 194312.1, 546958.9, 52]], ""podium"": [4000.0, 1.8025, 52.04, 194307.2, 546952.7, 5], ""detached"": false}"
단일+저층부,5 미세조정,50,50,169.0,93,44,44,21,49,37580,400.0,8593,46173,4133,43.99,0.122,inf,inf,2,3.618,11.41,50층 391㎡(34.2×11.4m) + 저층부 5층 4000㎡(84.9×47.1m),"{""towers"": [[390.67, 3.0, 178.0, 194312.1, 546958.9, 50]], ""podium"": [4000.0, 1.8025, 52.04, 194307.2, 546952.7, 5], ""detached"": false}"
단일+저층부,저층부고정 11m,46,46,155.8,95,39,44,19,51,37580,400.0,7710,45290,4133,43.99,0.278,inf,inf,2,3.593,15.43,46층 429㎡(27.8×15.4m) + 저층부 5층 4000㎡(84.9×47.1m),"{""towers"": [[428.78, 1.8, 150, 194317.1, 546953.9, 46]], ""podium"": [4000.0, 1.8025, 52.04, 194307.2, 546952.7, 5], ""detached"": false}"
단일+저층부,저층부고정 11m,44,44,149.2,91,34,45,15,46,37580,400.0,7970,45550,4133,43.99,0.253,inf,inf,2,3.585,12.92,44층 451㎡(34.9×12.9m) + 저층부 5층 4000㎡(84.9×47.1m),"{""towers"": [[450.77, 2.7, 150, 194321.1, 546957.9, 44]], ""podium"": [4000.0, 1.8025, 52.04, 194307.2, 546952.7, 5], ""detached"": false}"
단일+저층부,저층부고정 11m,46,46,155.8,93,36,45,12,48,37580,400.0,7710,45290,4133,43.99,0.117,inf,inf,2,3.558,15.43,46층 429㎡(27.8×15.4m) + 저층부 5층 4000㎡(84.9×47.1m),"{""towers"": [[428.78, 1.8, 20, 194321.1, 546965.9, 46]], ""podium"": [4000.0, 1.8025, 52.04, 194307.2, 546952.7, 5], ""detached"": false}"
단일+저층부,저층부고정 11m,53,53,178.9,95,36,45,16,50,37580,400.0,8083,45663,4133,43.99,0.075,inf,inf,2,3.531,15.63,53층 366㎡(23.4×15.6m) + 저층부 5층 4000㎡(84.9×47.1m),"{""towers"": [[366.25, 1.5, 100, 194321.1, 546957.9, 53]], ""podium"": [4000.0, 1.8025, 52.04, 194307.2, 546952.7, 5], ""detached"": false}"
단일+저층부,저층부고정 11m,44,44,149.2,87,35,46,16,41,37580,400.0,7690,45270,4133,43.99,0.216,inf,inf,2,3.587,14.65,44층 451㎡(30.8×14.7m) + 저층부 5층 4000㎡(84.9×47.1m),"{""towers"": [[450.77, 2.1, 150, 194325.1, 546961.9, 44]], ""podium"": [4000.0, 1.8025, 52.04, 194307.2, 546952.7, 5], ""detached"": false}"
단일+저층부,저층부고정 11m,47,47,159.1,90,35,46,15,44,37580,400.0,7783,45363,4133,43.99,0.222,inf,inf,2,3.583,15.25,47층 419㎡(27.4×15.2m) + 저층부 5층 4000㎡(84.9×47.1m),"{""towers"": [[418.57, 1.8, 150, 194321.1, 546961.9, 47]], ""podium"": [4000.0, 1.8025, 52.04, 194307.2, 546952.7, 5], ""detached"": false}"
단일+저층부,저층부고정 11m,55,55,185.5,92,35,46,15,46,37580,400.0,8217,45797,4133,43.99,0.071,inf,inf,2,3.537,15.31,55층 352㎡(23.0×15.3m) + 저층부 5층 4000㎡(84.9×47.1m),"{""towers"": [[351.6, 1.5, 80, 194325.1, 546961.9, 55]], ""podium"": [4000.0, 1.8025, 52.04, 194307.2, 546952.7, 5], ""detached"": false}"
단일+저층부,저층부고정 11m,49,49,165.7,95,39,46,17,49,37580,400.0,8212,45792,4133,43.99,0.067,inf,inf,2,3.567,12.9,49층 400㎡(31.0×12.9m) + 저층부 5층 4000㎡(84.9×47.1m),"{""towers"": [[399.55, 2.4, 20, 194321.1, 546957.9, 49]], ""podium"": [4000.0, 1.8025, 52.04, 194307.2, 546952.7, 5], ""detached"": false}"
단일+저층부,저층부고정 11m,50,50,169.0,95,39,46,14,49,37580,400.0,8439,46019,4133,43.99,0.148,inf,inf,2,3.55,12.03,50층 391㎡(32.5×12.0m) + 저층부 5층 4000㎡(84.9×47.1m),"{""towers"": [[390.67, 2.7, 20, 194317.1, 546969.9, 50]], ""podium"": [4000.0, 1.8025, 52.04, 194307.2, 546952.7, 5], ""detached"": false}"
단일+저층부,저층부고정 11m,53,53,178.9,86,40,47,15,39,37580,400.0,8083,45663,4133,43.99,0.156,inf,inf,2,3.582,15.63,53층 366㎡(23.4×15.6m) + 저층부 5층 4000㎡(84.9×47.1m),"{""towers"": [[366.25, 1.5, 150, 194321.1, 546973.9, 53]], ""podium"": [4000.0, 1.8025, 52.04, 194307.2, 546952.7, 5], ""detached"": false}"
단일+저층부,5 미세조정,47,47,159.1,93,43,47,22,46,37580,400.0,8282,45862,4133,43.99,0.067,inf,inf,2,3.628,12.12,47층 419㎡(34.5×12.1m) + 저층부 5층 4000㎡(84.9×47.1m),"{""towers"": [[418.57, 2.85, 178.0, 194314.6, 546953.9, 47]], ""podium"": [4000.0, 1.8025, 52.04, 194307.2, 546952.7, 5], ""detached"": false}"
단일+저층부,저층부고정 11m,45,45,152.5,94,35,47,15,47,37580,400.0,7636,45216,4133,43.99,0.246,inf,inf,2,3.589,15.63,45층 440㎡(28.1×15.6m) + 저층부 5층 4000㎡(84.9×47.1m),"{""towers"": [[439.5, 1.8, 150, 194321.1, 546957.9, 45]], ""podium"": [4000.0, 1.8025, 52.04, 194307.2, 546952.7, 5], ""detached"": false}"
단일+저층부,저층부고정 11m,54,54,182.2,95,44,47,22,48,37580,400.0,8736,46316,4133,43.99,0.056,inf,inf,2,3.603,11.53,54층 359㎡(31.1×11.5m) + 저층부 5층 4000㎡(84.9×47.1m),"{""towers"": [[358.78, 2.7, 10, 194317.1, 546953.9, 54]], ""podium"": [4000.0, 1.8025, 52.04, 194307.2, 546952.7, 5], ""detached"": false}"
단일+저층부,저층부고정 11m,51,51,172.3,95,35,47,15,48,37580,400.0,8360,45940,4133,43.99,0.233,inf,inf,2,3.56,12.62,51층 382㎡(30.3×12.6m) + 저층부 5층 4000㎡(84.9×47.1m),"{""towers"": [[382.17, 2.4, 140, 194321.1, 546957.9, 51]], ""podium"": [4000.0, 1.8025, 52.04, 194307.2, 546952.7, 5], ""detached"": false}"
단일+저층부,저층부고정 11m,55,55,185.5,95,35,47,15,48,37580,400.0,8217,45797,4133,43.99,0.07,inf,inf,2,3.555,15.31,55층 352㎡(23.0×15.3m) + 저층부 5층 4000㎡(84.9×47.1m),"{""towers"": [[351.6, 1.5, 50, 194325.1, 546957.9, 55]], ""podium"": [4000.0, 1.8025, 52.04, 194307.2, 546952.7, 5], ""detached"": false}"
단일+저층부,저층부고정 11m,53,53,178.9,96,36,47,17,49,37580,400.0,8083,45663,4133,43.99,0.037,inf,inf,2,3.57,15.63,53층 366㎡(23.4×15.6m) + 저층부 5층 4000㎡(84.9×47.1m),"{""towers"": [[366.25, 1.5, 50, 194325.1, 546949.9, 53]], ""podium"": [4000.0, 1.8025, 52.04, 194307.2, 546952.7, 5], ""detached"": false}"
단일+저층부,저층부고정 11m,54,54,182.2,96,42,47,17,49,37580,400.0,8150,45730,4133,43.99,0.121,inf,inf,2,3.532,15.47,54층 359㎡(23.2×15.5m) + 저층부 5층 4000㎡(84.9×47.1m),"{""towers"": [[358.78, 1.5, 70, 194317.1, 546965.9, 54]], ""podium"": [4000.0, 1.8025, 52.04, 194307.2, 546952.7, 5], ""detached"": false}"
단일+저층부,저층부고정 11m,46,46,155.8,98,39,47,19,51,37580,400.0,8129,45709,4133,43.99,0.269,inf,inf,2,3.578,12.6,46층 429㎡(34.0×12.6m) + 저층부 5층 4000㎡(84.9×47.1m),"{""towers"": [[428.78, 2.7, 150, 194317.1, 546957.9, 46]], ""podium"": [4000.0, 1.8025, 52.04, 194307.2, 546952.7, 5], ""detached"": false}"
단일+저층부,저층부고정 11m,51,51,172.3,90,39,48,15,42,37580,400.0,7946,45526,4133,43.99,0.116,inf,inf,2,3.561,15.96,51층 382㎡(23.9×16.0m) + 저층부 5층 4000㎡(84.9×47.1m),"{""towers"": [[382.17, 1.5, 20, 194325.1, 546969.9, 51]], ""podium"": [4000.0, 1.8025, 52.04, 194307.2, 546952.7, 5], ""detached"": false}"
단일+저층부,저층부고정 11m,54,54,182.2,93,39,48,15,45,37580,400.0,8423,46003,4133,43.99,0.093,inf,inf,2,3.545,13.07,54층 359㎡(27.4×13.1m) + 저층부 5층 4000㎡(84.9×47.1m),"{""towers"": [[358.78, 2.1, 30, 194325.1, 546965.9, 54]], ""podium"": [4000.0, 1.8025, 52.04, 194307.2, 546952.7, 5], ""detached"": false}"
단일+저층부,저층부고정 11m,51,51,172.3,87,36,49,17,38,37580,400.0,8210,45790,4133,43.99,0.158,inf,inf,2,3.598,13.49,51층 382㎡(28.3×13.5m) + 저층부 5층 4000㎡(84.9×47.1m),"{""towers"": [[382.17, 2.1, 150, 194329.1, 546965.9, 51]], ""podium"": [4000.0, 1.8025, 52.04, 194307.2, 546952.7, 5], ""detached"": false}"
단일+저층부,저층부고정 11m,53,53,178.9,90,36,49,17,41,37580,400.0,8083,45663,4133,43.99,0.056,inf,inf,2,3.547,15.63,53층 366㎡(23.4×15.6m) + 저층부 5층 4000㎡(84.9×47.1m),"{""towers"": [[366.25, 1.5, 80, 194329.1, 546961.9, 53]], ""podium"": [4000.0, 1.8025, 52.04, 194307.2, 546952.7, 5], ""detached"": false}"
단일+저층부,저층부고정 11m,51,51,172.3,91,36,49,14,42,37580,400.0,7946,45526,4133,43.99,0.12,inf,inf,2,3.523,15.96,51층 382㎡(23.9×16.0m) + 저층부 5층 4000㎡(84.9×47.1m),"{""towers"": [[382.17, 1.5, 90, 194325.1, 546969.9, 51]], ""podium"": [4000.0, 1.8025, 52.04, 194307.2, 546952.7, 5], ""detached"": false}"
단일+저층부,저층부고정 11m,52,52,175.6,93,37,49,17,44,37580,400.0,8589,46169,4133,43.99,0.053,inf,inf,2,3.563,11.77,52층 374㎡(31.8×11.8m) + 저층부 5층 4000㎡(84.9×47.1m),"{""towers"": [[374.04, 2.7, 20, 194329.1, 546961.9, 52]], ""podium"": [4000.0, 1.8025, 52.04, 194307.2, 546952.7, 5], ""detached"": false}"
단일+저층부,저층부고정 11m,46,46,155.8,94,31,49,11,45,37580,400.0,7593,45173,4133,43.99,0.098,inf,inf,2,3.526,16.91,46층 429㎡(25.4×16.9m) + 저층부 5층 4000㎡(84.9×47.1m),"{""towers"": [[428.78, 1.5, 80, 194325.1, 546965.9, 46]], ""podium"": [4000.0, 1.8025, 52.04, 194307.2, 546952.7, 5], ""detached"": false}"
단일+저층부,5 미세조정,53,53,178.9,98,42,49,21,49,37580,400.0,8742,46322,4133,43.99,0.048,inf,inf,2,3.644,11.34,53층 366㎡(32.3×11.3m) + 저층부 5층 4000㎡(84.9×47.1m),"{""towers"": [[366.25, 2.85, 178.0, 194312.1, 546948.9, 53]], ""podium"": [4000.0, 1.8025, 52.04, 194307.2, 546952.7, 5], ""detached"": false}"
단일+저층부,저층부고정 11m,46,46,155.8,98,37,49,17,49,37580,400.0,7843,45423,4133,43.99,0.05,inf,inf,2,3.575,14.29,46층 429㎡(30.0×14.3m) + 저층부 5층 4000㎡(84.9×47.1m),"{""towers"": [[428.78, 2.1, 20, 194325.1, 546957.9, 46]], ""podium"": [4000.0, 1.8025, 52.04, 194307.2, 546952.7, 5], ""detached"": false}"
단일+저층부,5 미세조정,53,53,178.9,99,43,49,21,50,37580,400.0,8742,46322,4133,43.99,0.067,inf,inf,2,3.635,11.34,53층 366㎡(32.3×11.3m) + 저층부 5층 4000㎡(84.9×47.1m),"{""towers"": [[366.25, 2.85, 178.0, 194312.1, 546951.4, 53]], ""podium"": [4000.0, 1.8025, 52.04, 194307.2, 546952.7, 5], ""detached"": false}"
단일+저층부,저층부고정 11m,49,49,165.7,85,36,50,17,35,37580,400.0,7928,45508,4133,43.99,0.127,inf,inf,2,3.604,14.9,49층 400㎡(26.8×14.9m) + 저층부 5층 4000㎡(84.9×47.1m),"{""towers"": [[399.55, 1.8, 150, 194333.1, 546969.9, 49]], ""podium"": [4000.0, 1.8025, 52.04, 194307.2, 546952.7, 5], ""detached"": false}"
단일+저층부,저층부고정 11m,47,47,159.1,92,37,50,13,42,37580,400.0,7665,45245,4133,43.99,0.12,inf,inf,2,3.55,16.7,47층 419㎡(25.1×16.7m) + 저층부 5층 4000㎡(84.9×47.1m),"{""towers"": [[418.57, 1.5, 30, 194325.1, 546969.9, 47]], ""podium"": [4000.0, 1.8025, 52.04, 194307.2, 546952.7, 5], ""detached"": false}"
단일+저층부,저층부고정 11m,53,53,178.9,94,33,50,12,44,37580,400.0,8209,45789,4133,43.99,0.096,inf,inf,2,3.51,14.26,53층 366㎡(25.7×14.3m) + 저층부 5층 4000㎡(84.9×47.1m),"{""towers"": [[366.25, 1.8, 70, 194325.1, 546965.9, 53]], ""podium"": [4000.0, 1.8025, 52.04, 194307.2, 546952.7, 5], ""detached"": false}"
단일+저층부,저층부고정 11m,45,45,152.5,97,42,50,20,47,37580,400.0,7907,45487,4133,43.99,0.137,inf,inf,2,3.624,13.53,45층 440㎡(32.5×13.5m) + 저층부 5층 4000㎡(84.9×47.1m),"{""towers"": [[439.5, 2.4, 170, 194309.1, 546953.9, 45]], ""podium"": [4000.0, 1.8025, 52.04, 194307.2, 546952.7, 5], ""detached"": false}"
단일+저층부,저층부고정 11m,50,50,169.0,98,36,50,15,48,37580,400.0,8286,45866,4133,43.99,0.037,inf,inf,2,3.55,12.76,50층 391㎡(30.6×12.8m) + 저층부 5층 4000㎡(84.9×47.1m),"{""towers"": [[390.67, 2.4, 30, 194325.1, 546953.9, 50]], ""podium"": [4000.0, 1.8025, 52.04, 194307.2, 546952.7, 5], ""detached"": false}"
단일+저층부,저층부고정 11m,55,55,185.5,98,38,50,15,48,37580,400.0,8217,45797,4133,43.99,0.095,inf,inf,2,3.542,15.31,55층 352㎡(23.0×15.3m) + 저층부 5층 4000㎡(84.9×47.1m),"{""towers"": [[351.6, 1.5, 60, 194321.1, 546961.9, 55]], ""podium"": [4000.0, 1.8025, 52.04, 194307.2, 546952.7, 5], ""detached"": false}"
단일+저층부,저층부고정 11m,49,49,165.7,99,36,50,17,49,37580,400.0,7807,45387,4133,43.99,0.03,inf,inf,2,3.563,16.32,49층 400㎡(24.5×16.3m) + 저층부 5층 4000㎡(84.9×47.1m),"{""towers"": [[399.55, 1.5, 60, 194325.1, 546949.9, 49]], ""podium"": [4000.0, 1.8025, 52.04, 194307.2, 546952.7, 5], ""detached"": false}"
단일+저층부,저층부고정 11m,55,55,185.5,92,40,51,15,41,37580,400.0,8217,45797,4133,43.99,0.174,inf,inf,2,3.563,15.31,55층 352㎡(23.0×15.3m) + 저층부 5층 4000㎡(84.9×47.1m),"{""towers"": [[351.6, 1.5, 140, 194317.1, 546973.9, 55]], ""podium"": [4000.0, 1.8025, 52.04, 194307.2, 546952.7, 5], ""detached"": false}"
단일+저층부,저층부고정 11m,53,53,178.9,99,37,51,13,48,37580,400.0,8505,46085,4133,43.99,0.085,inf,inf,2,3.522,12.35,53층 366㎡(29.6×12.4m) + 저층부 5층 4000㎡(84.9×47.1m),"{""towers"": [[366.25, 2.4, 40, 194325.1, 546961.9, 53]], ""podium"": [4000.0, 1.8025, 52.04, 194307.2, 546952.7, 5], ""detached"": false}"
단일+저층부,저층부고정 11m,46,46,155.8,100,42,51,20,49,37580,400.0,7984,45564,4133,43.99,0.084,inf,inf,2,3.594,13.37,46층 429㎡(32.1×13.4m) + 저층부 5층 4000㎡(84.9×47.1m),"{""towers"": [[428.78, 2.4, 10, 194317.1, 546957.9, 46]], ""podium"": [4000.0, 1.8025, 52.04, 194307.2, 546952.7, 5], ""detached"": false}"
단일+저층부,저층부고정 11m,52,52,175.6,100,37,51,12,49,37580,400.0,8589,46169,4133,43.99,0.091,inf,inf,2,3.529,11.77,52층 374㎡(31.8×11.8m) + 저층부 5층 4000㎡(84.9×47.1m),"{""towers"": [[374.04, 2.7, 30, 194321.1, 546961.9, 52]], ""podium"": [4000.0, 1.8025, 52.04, 194307.2, 546952.7, 5], ""detached"": false}"
단일+저층부,저층부고정 11m,52,52,175.6,100,36,51,16,49,37580,400.0,8015,45595,4133,43.99,0.094,inf,inf,2,3.527,15.79,52층 374㎡(23.7×15.8m) + 저층부 5층 4000㎡(84.9×47.1m),"{""towers"": [[374.04, 1.5, 110, 194321.1, 546957.9, 52]], ""podium"": [4000.0, 1.8025, 52.04, 194307.2, 546952.7, 5], ""detached"": false}"
단일+저층부,저층부고정 11m,51,51,172.3,102,43,51,22,51,37580,400.0,8210,45790,4133,43.99,0.036,inf,inf,2,3.613,13.49,51층 382㎡(28.3×13.5m) + 저층부 5층 4000㎡(84.9×47.1m),"{""towers"": [[382.17, 2.1, 10, 194317.1, 546949.9, 51]], ""podium"": [4000.0, 1.8025, 52.04, 194307.2, 546952.7, 5], ""detached"": false}"
단일+저층부,저층부고정 11m,48,48,162.4,89,33,52,14,37,37580,400.0,8436,46016,4133,43.99,0.155,inf,inf,2,3.588,11.67,48층 409㎡(35.0×11.7m) + 저층부 5층 4000㎡(84.9×47.1m),"{""towers"": [[408.84, 3.0, 150, 194329.1, 546969.9, 48]], ""podium"": [4000.0, 1.8025, 52.04, 194307.2, 546952.7, 5], ""detached"": false}"
단일+저층부,저층부고정 11m,55,55,185.5,90,33,52,12,38,37580,400.0,8809,46389,4133,43.99,0.163,inf,inf,2,3.552,11.41,55층 352㎡(30.8×11.4m) + 저층부 5층 4000㎡(84.9×47.1m),"{""towers"": [[351.6, 2.7, 140, 194325.1, 546969.9, 55]], ""podium"": [4000.0, 1.8025, 52.04, 194307.2, 546952.7, 5], ""detached"": false}"
단일+저층부,저층부고정 11m,44,44,149.2,94,35,52,15,42,37580,400.0,8113,45693,4133,43.99,0.226,inf,inf,2,3.572,12.26,44층 451㎡(36.8×12.3m) + 저층부 5층 4000㎡(84.9×47.1m),"{""towers"": [[450.77, 3.0, 150, 194321.1, 546965.9, 44]], ""podium"": [4000.0, 1.8025, 52.04, 194307.2, 546952.7, 5], ""detached"": false}"
단일+저층부,저층부고정 11m,52,52,175.6,97,39,52,14,45,37580,400.0,8589,46169,4133,43.99,0.115,inf,inf,2,3.53,11.77,52층 374㎡(31.8×11.8m) + 저층부 5층 4000㎡(84.9×47.1m),"{""towers"": [[374.04, 2.7, 30, 194325.1, 546969.9, 52]], ""podium"": [4000.0, 1.8025, 52.04, 194307.2, 546952.7, 5], ""detached"": false}"
단일+저층부,5 미세조정,47,47,159.1,100,42,52,21,48,37580,400.0,8282,45862,4133,43.99,0.063,inf,inf,2,3.636,12.12,47층 419㎡(34.5×12.1m) + 저층부 5층 4000㎡(84.9×47.1m),"{""towers"": [[418.57, 2.85, 178.0, 194312.1, 546951.4, 47]], ""podium"": [4000.0, 1.8025, 52.04, 194307.2, 546952.7, 5], ""detached"": false}"
단일+저층부,5 미세조정,51,51,172.3,101,42,52,21,49,37580,400.0,8592,46172,4133,43.99,0.046,inf,inf,2,3.643,11.58,51층 382㎡(33.0×11.6m) + 저층부 5층 4000㎡(84.9×47.1m),"{""towers"": [[382.17, 2.85, 178.0, 194312.1, 546948.9, 51]], ""podium"": [4000.0, 1.8025, 52.04, 194307.2, 546952.7, 5], ""detached"": false}"
단일+저층부,5 미세조정,50,50,169.0,102,42,52,21,50,37580,400.0,8362,45942,4133,43.99,0.051,inf,inf,2,3.642,12.38,50층 391㎡(31.6×12.4m) + 저층부 5층 4000㎡(84.9×47.1m),"{""towers"": [[390.67, 2.55, 178.0, 194312.1, 546948.9, 50]], ""podium"": [4000.0, 1.8025, 52.04, 194307.2, 546952.7, 5], ""detached"": false}"
단일+저층부,저층부고정 11m,51,51,172.3,102,42,52,21,50,37580,400.0,7946,45526,4133,43.99,0.065,inf,inf,2,3.596,15.96,51층 382㎡(23.9×16.0m) + 저층부 5층 4000㎡(84.9×47.1m),"{""towers"": [[382.17, 1.5, 10, 194317.1, 546953.9, 51]], ""podium"": [4000.0, 1.8025, 52.04, 194307.2, 546952.7, 5], ""detached"": false}"
단일+저층부,저층부고정 11m,52,52,175.6,102,36,52,16,50,37580,400.0,8139,45719,4133,43.99,0.072,inf,inf,2,3.508,14.42,52층 374㎡(25.9×14.4m) + 저층부 5층 4000㎡(84.9×47.1m),"{""towers"": [[374.04, 1.8, 100, 194321.1, 546957.9, 52]], ""podium"": [4000.0, 1.8025, 52.04, 194307.2, 546952.7, 5], ""detached"": false}"
단일+저층부,저층부고정 11m,54,54,182.2,103,42,52,17,51,37580,400.0,8150,45730,4133,43.99,0.102,inf,inf,2,3.555,15.47,54층 359㎡(23.2×15.5m) + 저층부 5층 4000㎡(84.9×47.1m),"{""towers"": [[358.78, 1.5, 30, 194317.1, 546961.9, 54]], ""podium"": [4000.0, 1.8025, 52.04, 194307.2, 546952.7, 5], ""detached"": false}"
단일+저층부,저층부고정 11m,46,46,155.8,91,37,53,17,38,37580,400.0,7593,45173,4133,43.99,0.165,inf,inf,2,3.588,16.91,46층 429㎡(25.4×16.9m) + 저층부 5층 4000㎡(84.9×47.1m),"{""towers"": [[428.78, 1.5, 150, 194329.1, 546965.9, 46]], ""podium"": [4000.0, 1.8025, 52.04, 194307.2, 546952.7, 5], ""detached"": false}"
단일+저층부,저층부고정 11m,54,54,182.2,98,37,53,17,45,37580,400.0,8150,45730,4133,43.99,0.04,inf,inf,2,3.571,15.47,54층 359㎡(23.2×15.5m) + 저층부 5층 4000㎡(84.9×47.1m),"{""towers"": [[358.78, 1.5, 30, 194329.1, 546957.9, 54]], ""podium"": [4000.0, 1.8025, 52.04, 194307.2, 546952.7, 5], ""detached"": false}"
단일+저층부,저층부고정 11m,54,54,182.2,98,35,53,11,45,37580,400.0,8277,45857,4133,43.99,0.165,inf,inf,2,3.516,14.12,54층 359㎡(25.4×14.1m) + 저층부 5층 4000㎡(84.9×47.1m),"{""towers"": [[358.78, 1.8, 120, 194321.1, 546969.9, 54]], ""podium"": [4000.0, 1.8025, 52.04, 194307.2, 546952.7, 5], ""detached"": false}"
단일+저층부,저층부고정 11m,46,46,155.8,102,43,53,21,49,37580,400.0,7984,45564,4133,43.99,0.083,inf,inf,2,3.625,13.37,46층 429㎡(32.1×13.4m) + 저층부 5층 4000㎡(84.9×47.1m),"{""towers"": [[428.78, 2.4, 0, 194313.1, 546953.9, 46]], ""podium"": [4000.0, 1.8025, 52.04, 194307.2, 546952.7, 5], ""detached"": false}"
단일+저층부,저층부고정 11m,50,50,169.0,103,36,53,16,50,37580,400.0,7877,45457,4133,43.99,0.048,inf,inf,2,3.535,16.14,50층 391㎡(24.2×16.1m) + 저층부 5층 4000㎡(84.9×47.1m),"{""towers"": [[390.67, 1.5, 100, 194321.1, 546953.9, 50]], ""podium"": [4000.0, 1.8025, 52.04, 194307.2, 546952.7, 5], ""detached"": false}"
단일+저층부,저층부고정 11m,50,50,169.0,104,37,53,17,51,37580,400.0,8439,46019,4133,43.99,0.258,inf,inf,2,3.552,12.03,50층 391㎡(32.5×12.0m) + 저층부 5층 4000㎡(84.9×47.1m),"{""towers"": [[390.67, 2.7, 140, 194317.1, 546957.9, 50]], ""podium"": [4000.0, 1.8025, 52.04, 194307.2, 546952.7, 5], ""detached"": false}"
단일+저층부,저층부고정 11m,46,46,155.8,96,36,54,17,42,37580,400.0,7593,45173,4133,43.99,0.057,inf,inf,2,3.535,16.91,46층 429㎡(25.4×16.9m) + 저층부 5층 4000㎡(84.9×47.1m),"{""towers"": [[428.78, 1.5, 80, 194329.1, 546961.9, 46]], ""podium"": [4000.0, 1.8025, 52.04, 194307.2, 546952.7, 5], ""detached"": false}"
단일+저층부,저층부고정 11m,50,50,169.0,97,35,54,16,43,37580,400.0,8286,45866,4133,43.99,0.219,inf,inf,2,3.565,12.76,50층 391㎡(30.6×12.8m) + 저층부 5층 4000㎡(84.9×47.1m),"{""towers"": [[390.67, 2.4, 140, 194325.1, 546957.9, 50]], ""podium"": [4000.0, 1.8025, 52.04, 194307.2, 546952.7, 5], ""detached"": false}"
단일+저층부,저층부고정 11m,51,51,172.3,98,32,54,12,44,37580,400.0,8210,45790,4133,43.99,0.188,inf,inf,2,3.535,13.49,51층 382㎡(28.3×13.5m) + 저층부 5층 4000㎡(84.9×47.1m),"{""towers"": [[382.17, 2.1, 130, 194325.1, 546961.9, 51]], ""podium"": [4000.0, 1.8025, 52.04, 194307.2, 546952.7, 5], ""detached"": false}"
단일+저층부,저층부고정 11m,46,46,155.8,100,32,54,12,46,37580,400.0,7593,45173,4133,43.99,0.081,inf,inf,2,3.531,16.91,46층 429㎡(25.4×16.9m) + 저층부 5층 4000㎡(84.9×47.1m),"{""towers"": [[428.78, 1.5, 70, 194325.1, 546961.9, 46]], ""podium"": [4000.0, 1.8025, 52.04, 194307.2, 546952.7, 5], ""detached"": false}"
단일+저층부,저층부고정 11m,55,55,185.5,101,37,54,14,47,37580,400.0,8492,46072,4133,43.99,0.178,inf,inf,2,3.509,12.94,55층 352㎡(27.2×12.9m) + 저층부 5층 4000㎡(84.9×47.1m),"{""towers"": [[351.6, 2.1, 120, 194321.1, 546965.9, 55]], ""podium"": [4000.0, 1.8025, 52.04, 194307.2, 546952.7, 5], ""detached"": false}"
단일+저층부,저층부고정 11m,49,49,165.7,103,36,54,11,49,37580,400.0,7928,45508,4133,43.99,0.121,inf,inf,2,3.53,14.9,49층 400㎡(26.8×14.9m) + 저층부 5층 4000㎡(84.9×47.1m),"{""towers"": [[399.55, 1.8, 40, 194321.1, 546965.9, 49]], ""podium"": [4000.0, 1.8025, 52.04, 194307.2, 546952.7, 5], ""detached"": false}"
단일+저층부,저층부고정 11m,52,52,175.6,104,40,54,15,50,37580,400.0,8139,45719,4133,43.99,0.153,inf,inf,2,3.491,14.42,52층 374㎡(25.9×14.4m) + 저층부 5층 4000㎡(84.9×47.1m),"{""towers"": [[374.04, 1.8, 90, 194317.1, 546969.9, 52]], ""podium"": [4000.0, 1.8025, 52.04, 194307.2, 546952.7, 5], ""detached"": false}"
단일+저층부,저층부고정 11m,47,47,159.1,102,43,55,21,47,37580,400.0,7918,45498,4133,43.99,0.104,inf,inf,2,3.631,14.12,47층 419㎡(29.6×14.1m) + 저층부 5층 4000㎡(84.9×47.1m),"{""towers"": [[418.57, 2.1, 170, 194309.1, 546949.9, 47]], ""podium"": [4000.0, 1.8025, 52.04, 194307.2, 546952.7, 5], ""detached"": false}"
단일+저층부,저층부고정 11m,52,52,175.6,102,45,55,20,47,37580,400.0,8139,45719,4133,43.99,0.19,inf,inf,2,3.62,14.42,52층 374㎡(25.9×14.4m) + 저층부 5층 4000㎡(84.9×47.1m),"{""towers"": [[374.04, 1.8, 170, 194309.1, 546957.9, 52]], ""podium"": [4000.0, 1.8025, 52.04, 194307.2, 546952.7, 5], ""detached"": false}"
단일+저층부,저층부고정 11m,45,45,152.5,103,38,55,15,48,37580,400.0,7520,45100,4133,43.99,0.12,inf,inf,2,3.522,17.12,45층 440㎡(25.7×17.1m) + 저층부 5층 4000㎡(84.9×47.1m),"{""towers"": [[439.5, 1.5, 70, 194321.1, 546965.9, 45]], ""podium"": [4000.0, 1.8025, 52.04, 194307.2, 546952.7, 5], ""detached"": false}"
단일+저층부,저층부고정 11m,54,54,182.2,104,46,55,21,49,37580,400.0,8736,46316,4133,43.99,0.13,inf,inf,2,3.623,11.53,54층 359㎡(31.1×11.5m) + 저층부 5층 4000㎡(84.9×47.1m),"{""towers"": [[358.78, 2.7, 0, 194309.1, 546957.9, 54]], ""podium"": [4000.0, 1.8025, 52.04, 194307.2, 546952.7, 5], ""detached"": false}"
단일+저층부,저층부고정 11m,47,47,159.1,104,32,55,12,49,37580,400.0,7783,45363,4133,43.99,0.085,inf,inf,2,3.53,15.25,47층 419㎡(27.4×15.2m) + 저층부 5층 4000㎡(84.9×47.1m),"{""towers"": [[418.57, 1.8, 120, 194325.1, 546957.9, 47]], ""podium"": [4000.0, 1.8025, 52.04, 194307.2, 546952.7, 5], ""detached"": false}"
단일+저층부,저층부고정 11m,47,47,159.1,104,35,55,14,49,37580,400.0,7665,45245,4133,43.99,0.132,inf,inf,2,3.526,16.7,47층 419㎡(25.1×16.7m) + 저층부 5층 4000㎡(84.9×47.1m),"{""towers"": [[418.57, 1.5, 110, 194321.1, 546961.9, 47]], ""podium"": [4000.0, 1.8025, 52.04, 194307.2, 546952.7, 5], ""detached"": false}"
단일+저층부,저층부고정 11m,52,52,175.6,104,38,55,14,49,37580,400.0,8282,45862,4133,43.99,0.111,inf,inf,2,3.513,13.35,52층 374㎡(28.0×13.3m) + 저층부 5층 4000㎡(84.9×47.1m),"{""towers"": [[374.04, 2.1, 50, 194321.1, 546961.9, 52]], ""podium"": [4000.0, 1.8025, 52.04, 194307.2, 546952.7, 5], ""detached"": false}"
단일+저층부,저층부고정 11m,50,50,169.0,104,32,55,13,49,37580,400.0,8138,45718,4133,43.99,0.047,inf,inf,2,3.484,13.64,50층 391㎡(28.6×13.6m) + 저층부 5층 4000㎡(84.9×47.1m),"{""towers"": [[390.67, 2.1, 100, 194325.1, 546957.9, 50]], ""podium"": [4000.0, 1.8025, 52.04, 194307.2, 546952.7, 5], ""detached"": false}"
단일+저층부,저층부고정 11m,53,53,178.9,92,36,56,17,36,37580,400.0,8505,46085,4133,43.99,0.131,inf,inf,2,3.578,12.35,53층 366㎡(29.6×12.4m) + 저층부 5층 4000㎡(84.9×47.1m),"{""towers"": [[366.25, 2.4, 140, 194333.1, 546969.9, 53]], ""podium"": [4000.0, 1.8025, 52.04, 194307.2, 546952.7, 5], ""detached"": false}"
단일+저층부,저층부고정 11m,48,48,162.4,95,32,56,12,39,37580,400.0,7992,45572,4133,43.99,0.194,inf,inf,2,3.558,13.95,48층 409㎡(29.3×14.0m) + 저층부 5층 4000㎡(84.9×47.1m),"{""towers"": [[408.84, 2.1, 140, 194325.1, 546965.9, 48]], ""podium"": [4000.0, 1.8025, 52.04, 194307.2, 546952.7, 5], ""detached"": false}"
단일+저층부,저층부고정 11m,46,46,155.8,104,35,56,10,48,37580,400.0,7984,45564,4133,43.99,0.163,inf,inf,2,3.528,13.37,46층 429㎡(32.1×13.4m) + 저층부 5층 4000㎡(84.9×47.1m),"{""towers"": [[428.78, 2.4, 30, 194321.1, 546973.9, 46]], ""podium"": [4000.0, 1.8025, 52.04, 194307.2, 546952.7, 5], ""detached"": false}"
단일+저층부,저층부고정 11m,46,46,155.8,104,34,56,11,48,37580,400.0,7710,45290,4133,43.99,0.145,inf,inf,2,3.491,15.43,46층 429㎡(27.8×15.4m) + 저층부 5층 4000㎡(84.9×47.1m),"{""towers"": [[428.78, 1.8, 90, 194321.1, 546969.9, 46]], ""podium"": [4000.0, 1.8025, 52.04, 194307.2, 546952.7, 5], ""detached"": false}"
단일+저층부,저층부고정 11m,49,49,165.7,106,36,56,16,50,37580,400.0,7928,45508,4133,43.99,0.044,inf,inf,2,3.518,14.9,49층 400㎡(26.8×14.9m) + 저층부 5층 4000㎡(84.9×47.1m),"{""towers"": [[399.55, 1.8, 90, 194321.1, 546953.9, 49]], ""podium"": [4000.0, 1.8025, 52.04, 194307.2, 546952.7, 5], ""detached"": false}"
단일+저층부,저층부고정 11m,52,52,175.6,107,42,56,21,51,37580,400.0,8139,45719,4133,43.99,0.064,inf,inf,2,3.627,14.42,52층 374㎡(25.9×14.4m) + 저층부 5층 4000㎡(84.9×47.1m),"{""towers"": [[374.04, 1.8, 0, 194313.1, 546949.9, 52]], ""podium"": [4000.0, 1.8025, 52.04, 194307.2, 546952.7, 5], ""detached"": false}"
단일+저층부,저층부고정 11m,44,44,149.2,95,33,57,14,38,37580,400.0,8113,45693,4133,43.99,0.166,inf,inf,2,3.582,12.26,44층 451㎡(36.8×12.3m) + 저층부 5층 4000㎡(84.9×47.1m),"{""towers"": [[450.77, 3.0, 150, 194329.1, 546969.9, 44]], ""podium"": [4000.0, 1.8025, 52.04, 194307.2, 546952.7, 5], ""detached"": false}"
단일+저층부,저층부고정 11m,54,54,182.2,95,36,57,17,38,37580,400.0,8736,46316,4133,43.99,0.175,inf,inf,2,3.569,11.53,54층 359㎡(31.1×11.5m) + 저층부 5층 4000㎡(84.9×47.1m),"{""towers"": [[358.78, 2.7, 140, 194329.1, 546961.9, 54]], ""podium"": [4000.0, 1.8025, 52.04, 194307.2, 546952.7, 5], ""detached"": false}"
단일+저층부,저층부고정 11m,47,47,159.1,97,37,57,14,40,37580,400.0,7918,45498,4133,43.99,0.202,inf,inf,2,3.548,14.12,47층 419㎡(29.6×14.1m) + 저층부 5층 4000㎡(84.9×47.1m),"{""towers"": [[418.57, 2.1, 140, 194321.1, 546969.9, 47]], ""podium"": [4000.0, 1.8025, 52.04, 194307.2, 546952.7, 5], ""detached"": false}"
단일+저층부,저층부고정 11m,51,51,172.3,103,35,57,11,46,37580,400.0,8210,45790,4133,43.99,0.117,inf,inf,2,3.507,13.49,51층 382㎡(28.3×13.5m) + 저층부 5층 4000㎡(84.9×47.1m),"{""towers"": [[382.17, 2.1, 50, 194325.1, 546965.9, 51]], ""podium"": [4000.0, 1.8025, 52.04, 194307.2, 546952.7, 5], ""detached"": false}"
단일+저층부,저층부고정 11m,53,53,178.9,106,35,57,10,49,37580,400.0,8822,46402,4133,43.99,0.119,inf,inf,2,3.49,11.05,53층 366㎡(33.1×11.0m) + 저층부 5층 4000㎡(84.9×47.1m),"{""towers"": [[366.25, 3.0, 40, 194321.1, 546965.9, 53]], ""podium"": [4000.0, 1.8025, 52.04, 194307.2, 546952.7, 5], ""detached"": false}"
단일+저층부,저층부고정 11m,46,46,155.8,107,38,57,13,50,37580,400.0,7710,45290,4133,43.99,0.153,inf,inf,2,3.533,15.43,46층 429㎡(27.8×15.4m) + 저층부 5층 4000㎡(84.9×47.1m),"{""towers"": [[428.78, 1.8, 30, 194317.1, 546973.9, 46]], ""podium"": [4000.0, 1.8025, 52.04, 194307.2, 546952.7, 5], ""detached"": false}"
단일+저층부,저층부고정 11m,53,53,178.9,107,40,57,15,50,37580,400.0,8083,45663,4133,43.99,0.2,inf,inf,2,3.527,15.63,53층 366㎡(23.4×15.6m) + 저층부 5층 4000㎡(84.9×47.1m),"{""towers"": [[366.25, 1.5, 120, 194317.1, 546965.9, 53]], ""podium"": [4000.0, 1.8025, 52.04, 194307.2, 546952.7, 5], ""detached"": false}"
단일+저층부,저층부고정 11m,53,53,178.9,92,37,58,17,34,37580,400.0,8353,45933,4133,43.99,0.115,inf,inf,2,3.581,13.21,53층 366㎡(27.7×13.2m) + 저층부 5층 4000㎡(84.9×47.1m),"{""towers"": [[366.25, 2.1, 140, 194333.1, 546973.9, 53]], ""podium"": [4000.0, 1.8025, 52.04, 194307.2, 546952.7, 5], ""detached"": false}"
단일+저층부,저층부고정 11m,54,54,182.2,102,37,58,17,44,37580,400.0,8150,45730,4133,43.99,0.058,inf,inf,2,3.554,15.47,54층 359㎡(23.2×15.5m) + 저층부 5층 4000㎡(84.9×47.1m),"{""towers"": [[358.78, 1.5, 50, 194329.1, 546957.9, 54]], ""podium"": [4000.0, 1.8025, 52.04, 194307.2, 546952.7, 5], ""detached"": false}"
단일+저층부,저층부고정 11m,44,44,149.2,104,37,58,13,46,37580,400.0,7447,45027,4133,43.99,0.144,inf,inf,2,3.519,17.34,44층 451㎡(26.0×17.3m) + 저층부 5층 4000㎡(84.9×47.1m),"{""towers"": [[450.77, 1.5, 70, 194321.1, 546969.9, 44]], ""podium"": [4000.0, 1.8025, 52.04, 194307.2, 546952.7, 5], ""detached"": false}"
단일+저층부,저층부고정 11m,47,47,159.1,107,40,58,17,49,37580,400.0,8061,45641,4133,43.99,0.24,inf,inf,2,3.542,13.21,47층 419㎡(31.7×13.2m) + 저층부 5층 4000㎡(84.9×47.1m),"{""towers"": [[418.57, 2.4, 140, 194317.1, 546965.9, 47]], ""podium"": [4000.0, 1.8025, 52.04, 194307.2, 546952.7, 5], ""detached"": false}"
단일+저층부,저층부고정 11m,54,54,182.2,107,31,58,11,49,37580,400.0,8736,46316,4133,43.99,0.084,inf,inf,2,3.435,11.53,54층 359㎡(31.1×11.5m) + 저층부 5층 4000㎡(84.9×47.1m),"{""towers"": [[358.78, 2.7, 90, 194321.1, 546961.9, 54]], ""podium"": [4000.0, 1.8025, 52.04, 194307.2, 546952.7, 5], ""detached"": false}"
단일+저층부,저층부고정 11m,47,47,159.1,109,45,58,20,51,37580,400.0,8061,45641,4133,43.99,0.158,inf,inf,2,3.587,13.21,47층 419㎡(31.7×13.2m) + 저층부 5층 4000㎡(84.9×47.1m),"{""towers"": [[418.57, 2.4, 10, 194313.1, 546965.9, 47]], ""podium"": [4000.0, 1.8025, 52.04, 194307.2, 546952.7, 5], ""detached"": false}"
단일+저층부,저층부고정 11m,55,55,185.5,99,40,59,17,40,37580,400.0,8492,46072,4133,43.99,0.078,inf,inf,2,3.555,12.94,55층 352㎡(27.2×12.9m) + 저층부 5층 4000㎡(84.9×47.1m),"{""towers"": [[351.6, 2.1, 30, 194329.1, 546965.9, 55]], ""podium"": [4000.0, 1.8025, 52.04, 194307.2, 546952.7, 5], ""detached"": false}"
단일+저층부,저층부고정 11m,53,53,178.9,103,37,59,17,44,37580,400.0,8083,45663,4133,43.99,0.058,inf,inf,2,3.551,15.63,53층 366㎡(23.4×15.6m) + 저층부 5층 4000㎡(84.9×47.1m),"{""towers"": [[366.25, 1.5, 50, 194329.1, 546957.9, 53]], ""podium"": [4000.0, 1.8025, 52.04, 194307.2, 546952.7, 5], ""detached"": false}"
단일+저층부,저층부고정 11m,53,53,178.9,103,36,59,17,44,37580,400.0,8209,45789,4133,43.99,0.054,inf,inf,2,3.533,14.26,53층 366㎡(25.7×14.3m) + 저층부 5층 4000㎡(84.9×47.1m),"{""towers"": [[366.25, 1.8, 60, 194329.1, 546957.9, 53]], ""podium"": [4000.0, 1.8025, 52.04, 194307.2, 546952.7, 5], ""detached"": false}"
단일+저층부,저층부고정 11m,54,54,182.2,107,32,59,11,48,37580,400.0,8736,46316,4133,43.99,0.081,inf,inf,2,3.489,11.53,54층 359㎡(31.1×11.5m) + 저층부 5층 4000㎡(84.9×47.1m),"{""towers"": [[358.78, 2.7, 50, 194325.1, 546957.9, 54]], ""podium"": [4000.0, 1.8025, 52.04, 194307.2, 546952.7, 5], ""detached"": false}"
단일+저층부,저층부고정 11m,54,54,182.2,108,45,59,20,49,37580,400.0,8736,46316,4133,43.99,0.193,inf,inf,2,3.632,11.53,54층 359㎡(31.1×11.5m) + 저층부 5층 4000㎡(84.9×47.1m),"{""towers"": [[358.78, 2.7, 170, 194305.1, 546957.9, 54]], ""podium"": [4000.0, 1.8025, 52.04, 194307.2, 546952.7, 5], ""detached"": false}"
단일+저층부,저층부고정 11m,51,51,172.3,109,40,59,15,50,37580,400.0,8070,45650,4133,43.99,0.194,inf,inf,2,3.528,14.57,51층 382㎡(26.2×14.6m) + 저층부 5층 4000㎡(84.9×47.1m),"{""towers"": [[382.17, 1.8, 130, 194317.1, 546969.9, 51]], ""podium"": [4000.0, 1.8025, 52.04, 194307.2, 546952.7, 5], ""detached"": false}"
단일+저층부,저층부고정 11m,55,55,185.5,97,36,60,15,37,37580,400.0,8492,46072,4133,43.99,0.129,inf,inf,2,3.573,12.94,55층 352㎡(27.2×12.9m) + 저층부 5층 4000㎡(84.9×47.1m),"{""towers"": [[351.6, 2.1, 140, 194329.1, 546973.9, 55]], ""podium"": [4000.0, 1.8025, 52.04, 194307.2, 546952.7, 5], ""detached"": false}"
단일+저층부,저층부고정 11m,52,52,175.6,98,36,60,17,38,37580,400.0,8139,45719,4133,43.99,0.049,inf,inf,2,3.534,14.42,52층 374㎡(25.9×14.4m) + 저층부 5층 4000㎡(84.9×47.1m),"{""towers"": [[374.04, 1.8, 70, 194333.1, 546961.9, 52]], ""podium"": [4000.0, 1.8025, 52.04, 194307.2, 546952.7, 5], ""detached"": false}"
단일+저층부,저층부고정 11m,44,44,149.2,102,35,60,15,42,37580,400.0,7828,45408,4133,43.99,0.232,inf,inf,2,3.541,13.7,44층 451㎡(32.9×13.7m) + 저층부 5층 4000㎡(84.9×47.1m),"{""towers"": [[450.77, 2.4, 140, 194321.1, 546965.9, 44]], ""podium"": [4000.0, 1.8025, 52.04, 194307.2, 546952.7, 5], ""detached"": false}"
단일+저층부,저층부고정 11m,55,55,185.5,103,32,60,11,43,37580,400.0,8648,46228,4133,43.99,0.122,inf,inf,2,3.457,12.1,55층 352㎡(29.0×12.1m) + 저층부 5층 4000㎡(84.9×47.1m),"{""towers"": [[351.6, 2.4, 100, 194325.1, 546969.9, 55]], ""podium"": [4000.0, 1.8025, 52.04, 194307.2, 546952.7, 5], ""detached"": false}"
단일+저층부,저층부고정 11m,54,54,182.2,109,36,60,17,49,37580,400.0,8577,46157,4133,43.99,0.031,inf,inf,2,3.53,12.23,54층 359㎡(29.3×12.2m) + 저층부 5층 4000㎡(84.9×47.1m),"{""towers"": [[358.78, 2.4, 50, 194329.1, 546949.9, 54]], ""podium"": [4000.0, 1.8025, 52.04, 194307.2, 546952.7, 5], ""detached"": false}"
단일+저층부,저층부고정 11m,50,50,169.0,110,39,60,15,50,37580,400.0,7999,45579,4133,43.99,0.134,inf,inf,2,3.495,14.73,50층 391㎡(26.5×14.7m) + 저층부 5층 4000㎡(84.9×47.1m),"{""towers"": [[390.67, 1.8, 90, 194317.1, 546965.9, 50]], ""podium"": [4000.0, 1.8025, 52.04, 194307.2, 546952.7, 5], ""detached"": false}"
단일+저층부,저층부고정 11m,46,46,155.8,111,36,60,16,51,37580,400.0,7593,45173,4133,43.99,0.056,inf,inf,2,3.537,16.91,46층 429㎡(25.4×16.9m) + 저층부 5층 4000㎡(84.9×47.1m),"{""towers"": [[428.78, 1.5, 110, 194321.1, 546953.9, 46]], ""podium"": [4000.0, 1.8025, 52.04, 194307.2, 546952.7, 5], ""detached"": false}"
단일+저층부,저층부고정 11m,55,55,185.5,98,37,61,17,37,37580,400.0,8217,45797,4133,43.99,0.129,inf,inf,2,3.528,15.31,55층 352㎡(23.0×15.3m) + 저층부 5층 4000㎡(84.9×47.1m),"{""towers"": [[351.6, 1.5, 110, 194329.1, 546969.9, 55]], ""podium"": [4000.0, 1.8025, 52.04, 194307.2, 546952.7, 5], ""detached"": false}"
단일+저층부,저층부고정 11m,53,53,178.9,99,34,61,15,38,37580,400.0,8822,46402,4133,43.99,0.18,inf,inf,2,3.559,11.05,53층 366㎡(33.1×11.0m) + 저층부 5층 4000㎡(84.9×47.1m),"{""towers"": [[366.25, 3.0, 140, 194329.1, 546961.9, 53]], ""podium"": [4000.0, 1.8025, 52.04, 194307.2, 546952.7, 5], ""detached"": false}"
단일+저층부,저층부고정 11m,53,53,178.9,103,36,61,17,42,37580,400.0,8505,46085,4133,43.99,0.039,inf,inf,2,3.535,12.35,53층 366㎡(29.6×12.4m) + 저층부 5층 4000㎡(84.9×47.1m),"{""towers"": [[366.25, 2.4, 40, 194333.1, 546957.9, 53]], ""podium"": [4000.0, 1.8025, 52.04, 194307.2, 546952.7, 5], ""detached"": false}"
단일+저층부,저층부고정 11m,55,55,185.5,111,34,61,14,50,37580,400.0,8648,46228,4133,43.99,0.063,inf,inf,2,3.468,12.1,55층 352㎡(29.0×12.1m) + 저층부 5층 4000㎡(84.9×47.1m),"{""towers"": [[351.6, 2.4, 90, 194321.1, 546957.9, 55]], ""podium"": [4000.0, 1.8025, 52.04, 194307.2, 546952.7, 5], ""detached"": false}"
단일+저층부,저층부고정 11m,51,51,172.3,113,42,61,18,52,37580,400.0,8670,46250,4133,43.99,0.227,inf,inf,2,3.619,11.29,51층 382㎡(33.9×11.3m) + 저층부 5층 4000㎡(84.9×47.1m),"{""towers"": [[382.17, 3.0, 160, 194305.1, 546953.9, 51]], ""podium"": [4000.0, 1.8025, 52.04, 194307.2, 546952.7, 5], ""detached"": false}"
단일+저층부,저층부고정 11m,54,54,182.2,111,43,62,18,49,37580,400.0,8423,46003,4133,43.99,0.282,inf,inf,2,3.622,13.07,54층 359㎡(27.4×13.1m) + 저층부 5층 4000㎡(84.9×47.1m),"{""towers"": [[358.78, 2.1, 160, 194305.1, 546957.9, 54]], ""podium"": [4000.0, 1.8025, 52.04, 194307.2, 546952.7, 5], ""detached"": false}"
단일+저층부,저층부고정 11m,52,52,175.6,111,31,62,11,49,37580,400.0,8589,46169,4133,43.99,0.067,inf,inf,2,3.438,11.77,52층 374㎡(31.8×11.8m) + 저층부 5층 4000㎡(84.9×47.1m),"{""towers"": [[374.04, 2.7, 90, 194325.1, 546961.9, 52]], ""podium"": [4000.0, 1.8025, 52.04, 194307.2, 546952.7, 5], ""detached"": false}"
단일+저층부,저층부고정 11m,48,48,162.4,112,40,62,15,50,37580,400.0,7856,45436,4133,43.99,0.204,inf,inf,2,3.526,15.07,48층 409㎡(27.1×15.1m) + 저층부 5층 4000㎡(84.9×47.1m),"{""towers"": [[408.84, 1.8, 130, 194317.1, 546969.9, 48]], ""podium"": [4000.0, 1.8025, 52.04, 194307.2, 546952.7, 5], ""detached"": false}"
단일+저층부,저층부고정 11m,45,45,152.5,112,40,62,17,50,37580,400.0,7520,45100,4133,43.99,0.112,inf,inf,2,3.52,17.12,45층 440㎡(25.7×17.1m) + 저층부 5층 4000㎡(84.9×47.1m),"{""towers"": [[439.5, 1.5, 80, 194317.1, 546961.9, 45]], ""podium"": [4000.0, 1.8025, 52.04, 194307.2, 546952.7, 5], ""detached"": false}"
단일+저층부,저층부고정 11m,50,50,169.0,100,37,63,17,37,37580,400.0,7877,45457,4133,43.99,0.136,inf,inf,2,3.525,16.14,50층 391㎡(24.2×16.1m) + 저층부 5층 4000㎡(84.9×47.1m),"{""towers"": [[390.67, 1.5, 110, 194329.1, 546969.9, 50]], ""podium"": [4000.0, 1.8025, 52.04, 194307.2, 546952.7, 5], ""detached"": false}"
단일+저층부,저층부고정 11m,44,44,149.2,107,28,63,10,44,37580,400.0,8113,45693,4133,43.99,0.13,inf,inf,2,3.629,12.26,44층 451㎡(36.8×12.3m) + 저층부 5층 4000㎡(84.9×47.1m),"{""towers"": [[450.77, 3.0, 160, 194297.1, 546941.9, 44]], ""podium"": [4000.0, 1.8025, 52.04, 194307.2, 546952.7, 5], ""detached"": false}"
단일+저층부,저층부고정 11m,52,52,175.6,108,35,63,14,45,37580,400.0,8746,46326,4133,43.99,0.192,inf,inf,2,3.495,11.17,52층 374㎡(33.5×11.2m) + 저층부 5층 4000㎡(84.9×47.1m),"{""towers"": [[374.04, 3.0, 130, 194321.1, 546965.9, 52]], ""podium"": [4000.0, 1.8025, 52.04, 194307.2, 546952.7, 5], ""detached"": false}"
단일+저층부,저층부고정 11m,53,53,178.9,113,35,63,15,50,37580,400.0,8353,45933,4133,43.99,0.069,inf,inf,2,3.52,13.21,53층 366㎡(27.7×13.2m) + 저층부 5층 4000㎡(84.9×47.1m),"{""towers"": [[366.25, 2.1, 120, 194321.1, 546953.9, 53]], ""podium"": [4000.0, 1.8025, 52.04, 194307.2, 546952.7, 5], ""detached"": false}"
단일+저층부,저층부고정 11m,46,46,155.8,113,40,63,15,50,37580,400.0,7593,45173,4133,43.99,0.156,inf,inf,2,3.512,16.91,46층 429㎡(25.4×16.9m) + 저층부 5층 4000㎡(84.9×47.1m),"{""towers"": [[428.78, 1.5, 70, 194317.1, 546969.9, 46]], ""podium"": [4000.0, 1.8025, 52.04, 194307.2, 546952.7, 5], ""detached"": false}"
단일+저층부,저층부고정 11m,54,54,182.2,114,45,63,21,51,37580,400.0,8277,45857,4133,43.99,0.105,inf,inf,2,3.601,14.12,54층 359㎡(25.4×14.1m) + 저층부 5층 4000㎡(84.9×47.1m),"{""towers"": [[358.78, 1.8, 10, 194313.1, 546957.9, 54]], ""podium"": [4000.0, 1.8025, 52.04, 194307.2, 546952.7, 5], ""detached"": false}"
단일+저층부,저층부고정 11m,49,49,165.7,115,39,63,16,52,37580,400.0,7928,45508,4133,43.99,0.229,inf,inf,2,3.621,14.9,49층 400㎡(26.8×14.9m) + 저층부 5층 4000㎡(84.9×47.1m),"{""towers"": [[399.55, 1.8, 160, 194305.1, 546949.9, 49]], ""podium"": [4000.0, 1.8025, 52.04, 194307.2, 546952.7, 5], ""detached"": false}"
단일+저층부,저층부고정 11m,52,52,175.6,117,41,63,16,54,37580,400.0,8015,45595,4133,43.99,0.288,inf,inf,2,3.605,15.79,52층 374㎡(23.7×15.8m) + 저층부 5층 4000㎡(84.9×47.1m),"{""towers"": [[374.04, 1.5, 160, 194305.1, 546957.9, 52]], ""podium"": [4000.0, 1.8025, 52.04, 194307.2, 546952.7, 5], ""detached"": false}"
단일+저층부,저층부고정 11m,55,55,185.5,99,37,64,14,35,37580,400.0,8648,46228,4133,43.99,0.118,inf,inf,2,3.575,12.1,55층 352㎡(29.0×12.1m) + 저층부 5층 4000㎡(84.9×47.1m),"{""towers"": [[351.6, 2.4, 140, 194329.1, 546977.9, 55]], ""podium"": [4000.0, 1.8025, 52.04, 194307.2, 546952.7, 5], ""detached"": false}"
단일+저층부,저층부고정 11m,47,47,159.1,102,33,64,14,38,37580,400.0,7918,45498,4133,43.99,0.177,inf,inf,2,3.56,14.12,47층 419㎡(29.6×14.1m) + 저층부 5층 4000㎡(84.9×47.1m),"{""towers"": [[418.57, 2.1, 140, 194329.1, 546965.9, 47]], ""podium"": [4000.0, 1.8025, 52.04, 194307.2, 546952.7, 5], ""detached"": false}"
단일+저층부,저층부고정 11m,47,47,159.1,106,35,64,10,42,37580,400.0,7918,45498,4133,43.99,0.158,inf,inf,2,3.482,14.12,47층 419㎡(29.6×14.1m) + 저층부 5층 4000㎡(84.9×47.1m),"{""towers"": [[418.57, 2.1, 60, 194321.1, 546977.9, 47]], ""podium"": [4000.0, 1.8025, 52.04, 194307.2, 546952.7, 5], ""detached"": false}"
단일+저층부,저층부고정 11m,48,48,162.4,109,36,64,17,45,37580,400.0,7737,45317,4133,43.99,0.06,inf,inf,2,3.524,16.51,48층 409㎡(24.8×16.5m) + 저층부 5층 4000㎡(84.9×47.1m),"{""towers"": [[408.84, 1.5, 100, 194329.1, 546961.9, 48]], ""podium"": [4000.0, 1.8025, 52.04, 194307.2, 546952.7, 5], ""detached"": false}"
단일+저층부,저층부고정 11m,48,48,162.4,113,45,64,21,49,37580,400.0,8286,45866,4133,43.99,0.135,inf,inf,2,3.619,12.31,48층 409㎡(33.2×12.3m) + 저층부 5층 4000㎡(84.9×47.1m),"{""towers"": [[408.84, 2.7, 0, 194309.1, 546957.9, 48]], ""podium"": [4000.0, 1.8025, 52.04, 194307.2, 546952.7, 5], ""detached"": false}"
단일+저층부,저층부고정 11m,45,45,152.5,113,31,64,11,49,37580,400.0,8050,45630,4133,43.99,0.053,inf,inf,2,3.526,12.76,45층 440㎡(34.4×12.8m) + 저층부 5층 4000㎡(84.9×47.1m),"{""towers"": [[439.5, 2.7, 40, 194325.1, 546953.9, 45]], ""podium"": [4000.0, 1.8025, 52.04, 194307.2, 546952.7, 5], ""detached"": false}"
단일+저층부,저층부고정 11m,51,51,172.3,113,34,64,11,49,37580,400.0,8670,46250,4133,43.99,0.104,inf,inf,2,3.466,11.29,51층 382㎡(33.9×11.3m) + 저층부 5층 4000㎡(84.9×47.1m),"{""towers"": [[382.17, 3.0, 50, 194325.1, 546961.9, 51]], ""podium"": [4000.0, 1.8025, 52.04, 194307.2, 546952.7, 5], ""detached"": false}"
단일+저층부,저층부고정 11m,51,51,172.3,114,35,64,15,50,37580,400.0,8360,45940,4133,43.99,0.048,inf,inf,2,3.477,12.62,51층 382㎡(30.3×12.6m) + 저층부 5층 4000㎡(84.9×47.1m),"{""towers"": [[382.17, 2.4, 80, 194321.1, 546953.9, 51]], ""podium"": [4000.0, 1.8025, 52.04, 194307.2, 546952.7, 5], ""detached"": false}"
단일+저층부,저층부고정 11m,45,45,152.5,114,30,64,11,50,37580,400.0,8050,45630,4133,43.99,0.041,inf,inf,2,3.441,12.76,45층 440㎡(34.4×12.8m) + 저층부 5층 4000㎡(84.9×47.1m),"{""towers"": [[439.5, 2.7, 90, 194325.1, 546957.9, 45]], ""podium"": [4000.0, 1.8025, 52.04, 194307.2, 546952.7, 5], ""detached"": false}"
단일+저층부,저층부고정 11m,51,51,172.3,115,41,64,17,51,37580,400.0,8070,45650,4133,43.99,0.223,inf,inf,2,3.534,14.57,51층 382㎡(26.2×14.6m) + 저층부 5층 4000㎡(84.9×47.1m),"{""towers"": [[382.17, 1.8, 130, 194317.1, 546961.9, 51]], ""podium"": [4000.0, 1.8025, 52.04, 194307.2, 546952.7, 5], ""detached"": false}"
단일+저층부,저층부고정 11m,52,52,175.6,116,39,64,19,52,37580,400.0,8015,45595,4133,43.99,0.041,inf,inf,2,3.555,15.79,52층 374㎡(23.7×15.8m) + 저층부 5층 4000㎡(84.9×47.1m),"{""towers"": [[374.04, 1.5, 90, 194317.1, 546949.9, 52]], ""podium"": [4000.0, 1.8025, 52.04, 194307.2, 546952.7, 5], ""detached"": false}"
단일+저층부,저층부고정 11m,50,50,169.0,110,39,65,17,45,37580,400.0,8439,46019,4133,43.99,0.062,inf,inf,2,3.543,12.03,50층 391㎡(32.5×12.0m) + 저층부 5층 4000㎡(84.9×47.1m),"{""towers"": [[390.67, 2.7, 30, 194329.1, 546961.9, 50]], ""podium"": [4000.0, 1.8025, 52.04, 194307.2, 546952.7, 5], ""detached"": false}"
단일+저층부,저층부고정 11m,51,51,172.3,113,35,65,10,48,37580,400.0,8514,46094,4133,43.99,0.172,inf,inf,2,3.467,11.9,51층 382㎡(32.1×11.9m) + 저층부 5층 4000㎡(84.9×47.1m),"{""towers"": [[382.17, 2.7, 50, 194321.1, 546973.9, 51]], ""podium"": [4000.0, 1.8025, 52.04, 194307.2, 546952.7, 5], ""detached"": false}"
단일+저층부,저층부고정 11m,55,55,185.5,114,32,65,11,49,37580,400.0,8809,46389,4133,43.99,0.113,inf,inf,2,3.647,11.41,55층 352㎡(30.8×11.4m) + 저층부 5층 4000㎡(84.9×47.1m),"{""towers"": [[351.6, 2.7, 160, 194301.1, 546941.9, 55]], ""podium"": [4000.0, 1.8025, 52.04, 194307.2, 546952.7, 5], ""detached"": false}"
단일+저층부,저층부고정 11m,50,50,169.0,115,32,65,10,50,37580,400.0,8286,45866,4133,43.99,0.183,inf,inf,2,3.633,12.76,50층 391㎡(30.6×12.8m) + 저층부 5층 4000㎡(84.9×47.1m),"{""towers"": [[390.67, 2.4, 160, 194301.1, 546945.9, 50]], ""podium"": [4000.0, 1.8025, 52.04, 194307.2, 546952.7, 5], ""detached"": false}"
단일+저층부,저층부고정 11m,53,53,178.9,115,40,65,15,50,37580,400.0,8353,45933,4133,43.99,0.193,inf,inf,2,3.473,13.21,53층 366㎡(27.7×13.2m) + 저층부 5층 4000㎡(84.9×47.1m),"{""towers"": [[366.25, 2.1, 110, 194317.1, 546969.9, 53]], ""podium"": [4000.0, 1.8025, 52.04, 194307.2, 546952.7, 5], ""detached"": false}"
단일+저층부,저층부고정 11m,52,52,175.6,115,40,65,15,50,37580,400.0,8282,45862,4133,43.99,0.143,inf,inf,2,3.471,13.35,52층 374㎡(28.0×13.3m) + 저층부 5층 4000㎡(84.9×47.1m),"{""towers"": [[374.04, 2.1, 70, 194317.1, 546973.9, 52]], ""podium"": [4000.0, 1.8025, 52.04, 194307.2, 546952.7, 5], ""detached"": false}"
단일+저층부,저층부고정 11m,48,48,162.4,116,37,65,16,51,37580,400.0,8286,45866,4133,43.99,0.033,inf,inf,2,3.558,12.31,48층 409㎡(33.2×12.3m) + 저층부 5층 4000㎡(84.9×47.1m),"{""towers"": [[408.84, 2.7, 30, 194321.1, 546949.9, 48]], ""podium"": [4000.0, 1.8025, 52.04, 194307.2, 546952.7, 5], ""detached"": false}"
단일+저층부,저층부고정 11m,47,47,159.1,103,37,66,17,37,37580,400.0,7665,45245,4133,43.99,0.142,inf,inf,2,3.52,16.7,47층 419㎡(25.1×16.7m) + 저층부 5층 4000㎡(84.9×47.1m),"{""towers"": [[418.57, 1.5, 110, 194329.1, 546969.9, 47]], ""podium"": [4000.0, 1.8025, 52.04, 194307.2, 546952.7, 5], ""detached"": false}"
단일+저층부,저층부고정 11m,55,55,185.5,105,36,66,11,39,37580,400.0,8648,46228,4133,43.99,0.146,inf,inf,2,3.49,12.1,55층 352㎡(29.0×12.1m) + 저층부 5층 4000㎡(84.9×47.1m),"{""towers"": [[351.6, 2.4, 50, 194325.1, 546973.9, 55]], ""podium"": [4000.0, 1.8025, 52.04, 194307.2, 546952.7, 5], ""detached"": false}"
단일+저층부,저층부고정 11m,55,55,185.5,111,36,66,17,45,37580,400.0,8648,46228,4133,43.99,0.051,inf,inf,2,3.471,12.1,55층 352㎡(29.0×12.1m) + 저층부 5층 4000㎡(84.9×47.1m),"{""towers"": [[351.6, 2.4, 90, 194329.1, 546961.9, 55]], ""podium"": [4000.0, 1.8025, 52.04, 194307.2, 546952.7, 5], ""detached"": false}"
단일+저층부,저층부고정 11m,46,46,155.8,113,37,66,17,47,37580,400.0,7843,45423,4133,43.99,0.054,inf,inf,2,3.541,14.29,46층 429㎡(30.0×14.3m) + 저층부 5층 4000㎡(84.9×47.1m),"{""towers"": [[428.78, 2.1, 40, 194329.1, 546957.9, 46]], ""podium"": [4000.0, 1.8025, 52.04, 194307.2, 546952.7, 5], ""detached"": false}"
단일+저층부,저층부고정 11m,45,45,152.5,114,41,66,20,48,37580,400.0,8195,45775,4133,43.99,0.109,inf,inf,2,3.621,12.1,45층 440㎡(36.3×12.1m) + 저층부 5층 4000㎡(84.9×47.1m),"{""towers"": [[439.5, 3.0, 160, 194309.1, 546949.9, 45]], ""podium"": [4000.0, 1.8025, 52.04, 194307.2, 546952.7, 5], ""detached"": false}"
단일+저층부,저층부고정 11m,52,52,175.6,116,40,66,15,50,37580,400.0,8282,45862,4133,43.99,0.154,inf,inf,2,3.481,13.35,52층 374㎡(28.0×13.3m) + 저층부 5층 4000㎡(84.9×47.1m),"{""towers"": [[374.04, 2.1, 60, 194317.1, 546969.9, 52]], ""podium"": [4000.0, 1.8025, 52.04, 194307.2, 546952.7, 5], ""detached"": false}"
단일+저층부,저층부고정 11m,48,48,162.4,116,39,66,14,50,37580,400.0,7992,45572,4133,43.99,0.151,inf,inf,2,3.468,13.95,48층 409㎡(29.3×14.0m) + 저층부 5층 4000㎡(84.9×47.1m),"{""towers"": [[408.84, 2.1, 70, 194317.1, 546973.9, 48]], ""podium"": [4000.0, 1.8025, 52.04, 194307.2, 546952.7, 5], ""detached"": false}"
단일+저층부,저층부고정 11m,54,54,182.2,116,39,66,14,50,37580,400.0,8577,46157,4133,43.99,0.139,inf,inf,2,3.451,12.23,54층 359㎡(29.3×12.2m) + 저층부 5층 4000㎡(84.9×47.1m),"{""towers"": [[358.78, 2.4, 70, 194317.1, 546973.9, 54]], ""podium"": [4000.0, 1.8025, 52.04, 194307.2, 546952.7, 5], ""detached"": false}"
단일+저층부,저층부고정 11m,49,49,165.7,114,30,67,10,47,37580,400.0,8363,45943,4133,43.99,0.154,inf,inf,2,3.634,12.16,49층 400㎡(32.8×12.2m) + 저층부 5층 4000㎡(84.9×47.1m),"{""towers"": [[399.55, 2.7, 160, 194297.1, 546941.9, 49]], ""podium"": [4000.0, 1.8025, 52.04, 194307.2, 546952.7, 5], ""detached"": false}"
단일+저층부,저층부고정 11m,47,47,159.1,115,44,67,21,48,37580,400.0,7918,45498,4133,43.99,0.114,inf,inf,2,3.624,14.12,47층 419㎡(29.6×14.1m) + 저층부 5층 4000㎡(84.9×47.1m),"{""towers"": [[418.57, 2.1, 0, 194309.1, 546953.9, 47]], ""podium"": [4000.0, 1.8025, 52.04, 194307.2, 546952.7, 5], ""detached"": false}"
단일+저층부,저층부고정 11m,47,47,159.1,116,35,67,10,49,37580,400.0,8061,45641,4133,43.99,0.163,inf,inf,2,3.476,13.21,47층 419㎡(31.7×13.2m) + 저층부 5층 4000㎡(84.9×47.1m),"{""towers"": [[418.57, 2.4, 50, 194321.1, 546969.9, 47]], ""podium"": [4000.0, 1.8025, 52.04, 194307.2, 546952.7, 5], ""detached"": false}"
단일+저층부,저층부고정 11m,53,53,178.9,118,35,67,15,51,37580,400.0,8505,46085,4133,43.99,0.076,inf,inf,2,3.476,12.35,53층 366㎡(29.6×12.4m) + 저층부 5층 4000㎡(84.9×47.1m),"{""towers"": [[366.25, 2.4, 110, 194321.1, 546957.9, 53]], ""podium"": [4000.0, 1.8025, 52.04, 194307.2, 546952.7, 5], ""detached"": false}"
단일+저층부,저층부고정 11m,55,55,185.5,119,41,67,16,52,37580,400.0,8492,46072,4133,43.99,0.267,inf,inf,2,3.607,12.94,55층 352㎡(27.2×12.9m) + 저층부 5층 4000㎡(84.9×47.1m),"{""towers"": [[351.6, 2.1, 150, 194305.1, 546953.9, 55]], ""podium"": [4000.0, 1.8025, 52.04, 194307.2, 546952.7, 5], ""detached"": false}"
단일+저층부,저층부고정 11m,50,50,169.0,120,34,67,10,53,37580,400.0,7999,45579,4133,43.99,0.267,inf,inf,2,3.618,14.73,50층 391㎡(26.5×14.7m) + 저층부 5층 4000㎡(84.9×47.1m),"{""towers"": [[390.67, 1.8, 160, 194301.1, 546953.9, 50]], ""podium"": [4000.0, 1.8025, 52.04, 194307.2, 546952.7, 5], ""detached"": false}"
단일+저층부,저층부고정 11m,48,48,162.4,105,38,68,15,37,37580,400.0,7856,45436,4133,43.99,0.124,inf,inf,2,3.523,15.07,48층 409㎡(27.1×15.1m) + 저층부 5층 4000㎡(84.9×47.1m),"{""towers"": [[408.84, 1.8, 50, 194329.1, 546969.9, 48]], ""podium"": [4000.0, 1.8025, 52.04, 194307.2, 546952.7, 5], ""detached"": false}"
단일+저층부,저층부고정 11m,48,48,162.4,106,36,68,17,38,37580,400.0,7737,45317,4133,43.99,0.058,inf,inf,2,3.556,16.51,48층 409㎡(24.8×16.5m) + 저층부 5층 4000㎡(84.9×47.1m),"{""towers"": [[408.84, 1.5, 60, 194333.1, 546961.9, 48]], ""podium"": [4000.0, 1.8025, 52.04, 194307.2, 546952.7, 5], ""detached"": false}"
단일+저층부,저층부고정 11m,48,48,162.4,111,35,68,15,43,37580,400.0,7856,45436,4133,43.99,0.076,inf,inf,2,3.524,15.07,48층 409㎡(27.1×15.1m) + 저층부 5층 4000㎡(84.9×47.1m),"{""towers"": [[408.84, 1.8, 60, 194329.1, 546961.9, 48]], ""podium"": [4000.0, 1.8025, 52.04, 194307.2, 546952.7, 5], ""detached"": false}"
단일+저층부,저층부고정 11m,52,52,175.6,115,31,68,11,47,37580,400.0,8746,46326,4133,43.99,0.094,inf,inf,2,3.466,11.17,52층 374㎡(33.5×11.2m) + 저층부 5층 4000㎡(84.9×47.1m),"{""towers"": [[374.04, 3.0, 120, 194325.1, 546961.9, 52]], ""podium"": [4000.0, 1.8025, 52.04, 194307.2, 546952.7, 5], ""detached"": false}"
단일+저층부,저층부고정 11m,47,47,159.1,117,37,68,17,49,37580,400.0,8208,45788,4133,43.99,0.036,inf,inf,2,3.526,12.45,47층 419㎡(33.6×12.5m) + 저층부 5층 4000㎡(84.9×47.1m),"{""towers"": [[418.57, 2.7, 40, 194329.1, 546953.9, 47]], ""podium"": [4000.0, 1.8025, 52.04, 194307.2, 546952.7, 5], ""detached"": false}"
단일+저층부,저층부고정 11m,53,53,178.9,117,31,68,11,49,37580,400.0,8822,46402,4133,43.99,0.07,inf,inf,2,3.423,11.05,53층 366㎡(33.1×11.0m) + 저층부 5층 4000㎡(84.9×47.1m),"{""towers"": [[366.25, 3.0, 80, 194325.1, 546961.9, 53]], ""podium"": [4000.0, 1.8025, 52.04, 194307.2, 546952.7, 5], ""detached"": false}"
단일+저층부,저층부고정 11m,54,54,182.2,119,41,68,19,51,37580,400.0,8150,45730,4133,43.99,0.046,inf,inf,2,3.577,15.47,54층 359㎡(23.2×15.5m) + 저층부 5층 4000㎡(84.9×47.1m),"{""towers"": [[358.78, 1.5, 30, 194317.1, 546949.9, 54]], ""podium"": [4000.0, 1.8025, 52.04, 194307.2, 546952.7, 5], ""detached"": false}"
단일+저층부,저층부고정 11m,53,53,178.9,119,37,68,15,51,37580,400.0,8505,46085,4133,43.99,0.077,inf,inf,2,3.508,12.35,53층 366㎡(29.6×12.4m) + 저층부 5층 4000㎡(84.9×47.1m),"{""towers"": [[366.25, 2.4, 50, 194321.1, 546953.9, 53]], ""podium"": [4000.0, 1.8025, 52.04, 194307.2, 546952.7, 5], ""detached"": false}"
단일+저층부,저층부고정 11m,44,44,149.2,120,44,68,20,52,37580,400.0,7828,45408,4133,43.99,0.106,inf,inf,2,3.601,13.7,44층 451㎡(32.9×13.7m) + 저층부 5층 4000㎡(84.9×47.1m),"{""towers"": [[450.77, 2.4, 10, 194313.1, 546957.9, 44]], ""podium"": [4000.0, 1.8025, 52.04, 194307.2, 546952.7, 5], ""detached"": false}"
단일+저층부,저층부고정 11m,52,52,175.6,122,34,68,10,54,37580,400.0,8282,45862,4133,43.99,0.277,inf,inf,2,3.592,13.35,52층 374㎡(28.0×13.3m) + 저층부 5층 4000㎡(84.9×47.1m),"{""towers"": [[374.04, 2.1, 150, 194301.1, 546957.9, 52]], ""podium"": [4000.0, 1.8025, 52.04, 194307.2, 546952.7, 5], ""detached"": false}"
단일+저층부,저층부고정 11m,45,45,152.5,107,30,69,12,38,37580,400.0,8195,45775,4133,43.99,0.138,inf,inf,2,3.618,12.1,45층 440㎡(36.3×12.1m) + 저층부 5층 4000㎡(84.9×47.1m),"{""towers"": [[439.5, 3.0, 150, 194285.1, 546933.9, 45]], ""podium"": [4000.0, 1.8025, 52.04, 194307.2, 546952.7, 5], ""detached"": false}"
단일+저층부,저층부고정 11m,47,47,159.1,108,30,69,10,39,37580,400.0,8208,45788,4133,43.99,0.171,inf,inf,2,3.5,12.45,47층 419㎡(33.6×12.5m) + 저층부 5층 4000㎡(84.9×47.1m),"{""towers"": [[418.57, 2.7, 130, 194325.1, 546969.9, 47]], ""podium"": [4000.0, 1.8025, 52.04, 194307.2, 546952.7, 5], ""detached"": false}"
단일+저층부,저층부고정 11m,47,47,159.1,110,30,69,10,41,37580,400.0,8357,45937,4133,43.99,0.188,inf,inf,2,3.49,11.81,47층 419㎡(35.4×11.8m) + 저층부 5층 4000㎡(84.9×47.1m),"{""towers"": [[418.57, 3.0, 130, 194325.1, 546965.9, 47]], ""podium"": [4000.0, 1.8025, 52.04, 194307.2, 546952.7, 5], ""detached"": false}"
단일+저층부,저층부고정 11m,46,46,155.8,117,37,69,17,48,37580,400.0,7984,45564,4133,43.99,0.056,inf,inf,2,3.529,13.37,46층 429㎡(32.1×13.4m) + 저층부 5층 4000㎡(84.9×47.1m),"{""towers"": [[428.78, 2.4, 40, 194329.1, 546957.9, 46]], ""podium"": [4000.0, 1.8025, 52.04, 194307.2, 546952.7, 5], ""detached"": false}"
단일+저층부,저층부고정 11m,52,52,175.6,118,42,69,21,49,37580,400.0,8282,45862,4133,43.99,0.053,inf,inf,2,3.643,13.35,52층 374㎡(28.0×13.3m) + 저층부 5층 4000㎡(84.9×47.1m),"{""towers"": [[374.04, 2.1, 0, 194309.1, 546945.9, 52]], ""podium"": [4000.0, 1.8025, 52.04, 194307.2, 546952.7, 5], ""detached"": false}"
단일+저층부,저층부고정 11m,44,44,149.2,118,37,69,15,49,37580,400.0,8113,45693,4133,43.99,0.054,inf,inf,2,3.547,12.26,44층 451㎡(36.8×12.3m) + 저층부 5층 4000㎡(84.9×47.1m),"{""towers"": [[450.77, 3.0, 30, 194321.1, 546953.9, 44]], ""podium"": [4000.0, 1.8025, 52.04, 194307.2, 546952.7, 5], ""detached"": false}"
단일+저층부,저층부고정 11m,49,49,165.7,123,43,69,21,54,37580,400.0,7807,45387,4133,43.99,0.06,inf,inf,2,3.609,16.32,49층 400㎡(24.5×16.3m) + 저층부 5층 4000㎡(84.9×47.1m),"{""towers"": [[399.55, 1.5, 10, 194313.1, 546949.9, 49]], ""podium"": [4000.0, 1.8025, 52.04, 194307.2, 546952.7, 5], ""detached"": false}"
단일+저층부,저층부고정 11m,51,51,172.3,107,35,70,14,37,37580,400.0,8210,45790,4133,43.99,0.125,inf,inf,2,3.533,13.49,51층 382㎡(28.3×13.5m) + 저층부 5층 4000㎡(84.9×47.1m),"{""towers"": [[382.17, 2.1, 130, 194329.1, 546973.9, 51]], ""podium"": [4000.0, 1.8025, 52.04, 194307.2, 546952.7, 5], ""detached"": false}"
단일+저층부,저층부고정 11m,46,46,155.8,115,45,70,21,45,37580,400.0,8276,45856,4133,43.99,0.124,inf,inf,2,3.636,11.96,46층 429㎡(35.9×12.0m) + 저층부 5층 4000㎡(84.9×47.1m),"{""towers"": [[428.78, 3.0, 0, 194305.1, 546953.9, 46]], ""podium"": [4000.0, 1.8025, 52.04, 194307.2, 546952.7, 5], ""detached"": false}"
단일+저층부,저층부고정 11m,44,44,149.2,116,29,70,10,46,37580,400.0,8113,45693,4133,43.99,0.152,inf,inf,2,3.498,12.26,44층 451㎡(36.8×12.3m) + 저층부 5층 4000㎡(84.9×47.1m),"{""towers"": [[450.77, 3.0, 130, 194325.1, 546961.9, 44]], ""podium"": [4000.0, 1.8025, 52.04, 194307.2, 546952.7, 5], ""detached"": false}"
단일+저층부,저층부고정 11m,54,54,182.2,120,34,70,14,50,37580,400.0,8736,46316,4133,43.99,0.066,inf,inf,2,3.448,11.53,54층 359㎡(31.1×11.5m) + 저층부 5층 4000㎡(84.9×47.1m),"{""towers"": [[358.78, 2.7, 80, 194321.1, 546957.9, 54]], ""podium"": [4000.0, 1.8025, 52.04, 194307.2, 546952.7, 5], ""detached"": false}"
단일+저층부,저층부고정 11m,49,49,165.7,121,40,70,15,51,37580,400.0,7928,45508,4133,43.99,0.147,inf,inf,2,3.513,14.9,49층 400㎡(26.8×14.9m) + 저층부 5층 4000㎡(84.9×47.1m),"{""towers"": [[399.55, 1.8, 50, 194317.1, 546965.9, 49]], ""podium"": [4000.0, 1.8025, 52.04, 194307.2, 546952.7, 5], ""detached"": false}"
단일+저층부,저층부고정 11m,51,51,172.3,123,31,70,10,53,37580,400.0,8514,46094,4133,43.99,0.26,inf,inf,2,3.605,11.9,51층 382㎡(32.1×11.9m) + 저층부 5층 4000㎡(84.9×47.1m),"{""towers"": [[382.17, 2.7, 150, 194305.1, 546945.9, 51]], ""podium"": [4000.0, 1.8025, 52.04, 194307.2, 546952.7, 5], ""detached"": false}"
단일+저층부,저층부고정 11m,44,44,149.2,123,34,70,10,53,37580,400.0,7447,45027,4133,43.99,0.312,inf,inf,2,3.599,17.34,44층 451㎡(26.0×17.3m) + 저층부 5층 4000㎡(84.9×47.1m),"{""towers"": [[450.77, 1.5, 160, 194301.1, 546957.9, 44]], ""podium"": [4000.0, 1.8025, 52.04, 194307.2, 546952.7, 5], ""detached"": false}"
단일+저층부,저층부고정 11m,52,52,175.6,124,30,70,10,54,37580,400.0,8015,45595,4133,43.99,0.254,inf,inf,2,3.594,15.79,52층 374㎡(23.7×15.8m) + 저층부 5층 4000㎡(84.9×47.1m),"{""towers"": [[374.04, 1.5, 150, 194297.1, 546957.9, 52]], ""podium"": [4000.0, 1.8025, 52.04, 194307.2, 546952.7, 5], ""detached"": false}"
단일+저층부,저층부고정 11m,51,51,172.3,109,33,71,14,38,37580,400.0,8360,45940,4133,43.99,0.156,inf,inf,2,3.527,12.62,51층 382㎡(30.3×12.6m) + 저층부 5층 4000㎡(84.9×47.1m),"{""towers"": [[382.17, 2.4, 130, 194329.1, 546965.9, 51]], ""podium"": [4000.0, 1.8025, 52.04, 194307.2, 546952.7, 5], ""detached"": false}"
단일+저층부,저층부고정 11m,54,54,182.2,117,31,71,11,46,37580,400.0,8423,46003,4133,43.99,0.173,inf,inf,2,3.641,13.07,54층 359㎡(27.4×13.1m) + 저층부 5층 4000㎡(84.9×47.1m),"{""towers"": [[358.78, 2.1, 160, 194293.1, 546941.9, 54]], ""podium"": [4000.0, 1.8025, 52.04, 194307.2, 546952.7, 5], ""detached"": false}"
단일+저층부,저층부고정 11m,50,50,169.0,117,30,71,10,46,37580,400.0,8286,45866,4133,43.99,0.184,inf,inf,2,3.638,12.76,50층 391㎡(30.6×12.8m) + 저층부 5층 4000㎡(84.9×47.1m),"{""towers"": [[390.67, 2.4, 160, 194293.1, 546941.9, 50]], ""podium"": [4000.0, 1.8025, 52.04, 194307.2, 546952.7, 5], ""detached"": false}"
단일+저층부,저층부고정 11m,46,46,155.8,117,31,71,11,46,37580,400.0,7984,45564,4133,43.99,0.121,inf,inf,2,3.445,13.37,46층 429㎡(32.1×13.4m) + 저층부 5층 4000㎡(84.9×47.1m),"{""towers"": [[428.78, 2.4, 90, 194325.1, 546969.9, 46]], ""podium"": [4000.0, 1.8025, 52.04, 194307.2, 546952.7, 5], ""detached"": false}"
단일+저층부,저층부고정 11m,44,44,149.2,121,39,71,15,50,37580,400.0,7561,45141,4133,43.99,0.138,inf,inf,2,3.487,15.82,44층 451㎡(28.5×15.8m) + 저층부 5층 4000㎡(84.9×47.1m),"{""towers"": [[450.77, 1.8, 80, 194317.1, 546965.9, 44]], ""podium"": [4000.0, 1.8025, 52.04, 194307.2, 546952.7, 5], ""detached"": false}"
단일+저층부,저층부고정 11m,52,52,175.6,122,31,71,10,51,37580,400.0,8433,46013,4133,43.99,0.202,inf,inf,2,3.613,12.48,52층 374㎡(30.0×12.5m) + 저층부 5층 4000㎡(84.9×47.1m),"{""towers"": [[374.04, 2.4, 150, 194305.1, 546941.9, 52]], ""podium"": [4000.0, 1.8025, 52.04, 194307.2, 546952.7, 5], ""detached"": false}"
단일+저층부,저층부고정 11m,53,53,178.9,123,34,71,12,52,37580,400.0,8209,45789,4133,43.99,0.232,inf,inf,2,3.617,14.26,53층 366㎡(25.7×14.3m) + 저층부 5층 4000㎡(84.9×47.1m),"{""towers"": [[366.25, 1.8, 150, 194305.1, 546941.9, 53]], ""podium"": [4000.0, 1.8025, 52.04, 194307.2, 546952.7, 5], ""detached"": false}"
단일+저층부,저층부고정 11m,48,48,162.4,123,39,71,19,52,37580,400.0,7856,45436,4133,43.99,0.065,inf,inf,2,3.517,15.07,48층 409㎡(27.1×15.1m) + 저층부 5층 4000㎡(84.9×47.1m),"{""towers"": [[408.84, 1.8, 80, 194317.1, 546953.9, 48]], ""podium"": [4000.0, 1.8025, 52.04, 194307.2, 546952.7, 5], ""detached"": false}"
단일+저층부,저층부고정 11m,45,45,152.5,107,33,72,21,35,37580,400.0,7767,45347,4133,43.99,0.117,inf,inf,2,3.61,14.47,45층 440㎡(30.4×14.5m) + 저층부 5층 4000㎡(84.9×47.1m),"{""towers"": [[439.5, 2.1, 140, 194277.1, 546937.9, 45]], ""podium"": [4000.0, 1.8025, 52.04, 194307.2, 546952.7, 5], ""detached"": false}"
단일+저층부,저층부고정 11m,45,45,152.5,109,35,72,14,37,37580,400.0,7636,45216,4133,43.99,0.135,inf,inf,2,3.534,15.63,45층 440㎡(28.1×15.6m) + 저층부 5층 4000㎡(84.9×47.1m),"{""towers"": [[439.5, 1.8, 130, 194329.1, 546973.9, 45]], ""podium"": [4000.0, 1.8025, 52.04, 194307.2, 546952.7, 5], ""detached"": false}"
단일+저층부,저층부고정 11m,46,46,155.8,112,36,72,17,40,37580,400.0,7710,45290,4133,43.99,0.035,inf,inf,2,3.549,15.43,46층 429㎡(27.8×15.4m) + 저층부 5층 4000㎡(84.9×47.1m),"{""towers"": [[428.78, 1.8, 50, 194337.1, 546957.9, 46]], ""podium"": [4000.0, 1.8025, 52.04, 194307.2, 546952.7, 5], ""detached"": false}"
단일+저층부,저층부고정 11m,46,46,155.8,121,36,72,11,49,37580,400.0,7843,45423,4133,43.99,0.145,inf,inf,2,3.469,14.29,46층 429㎡(30.0×14.3m) + 저층부 5층 4000㎡(84.9×47.1m),"{""towers"": [[428.78, 2.1, 60, 194317.1, 546977.9, 46]], ""podium"": [4000.0, 1.8025, 52.04, 194307.2, 546952.7, 5], ""detached"": false}"
단일+저층부,저층부고정 11m,52,52,175.6,123,41,72,16,51,37580,400.0,8433,46013,4133,43.99,0.295,inf,inf,2,3.592,12.48,52층 374㎡(30.0×12.5m) + 저층부 5층 4000㎡(84.9×47.1m),"{""towers"": [[374.04, 2.4, 150, 194305.1, 546957.9, 52]], ""podium"": [4000.0, 1.8025, 52.04, 194307.2, 546952.7, 5], ""detached"": false}"
단일+저층부,저층부고정 11m,54,54,182.2,123,40,72,15,51,37580,400.0,8577,46157,4133,43.99,0.129,inf,inf,2,3.51,12.23,54층 359㎡(29.3×12.2m) + 저층부 5층 4000㎡(84.9×47.1m),"{""towers"": [[358.78, 2.4, 40, 194317.1, 546965.9, 54]], ""podium"": [4000.0, 1.8025, 52.04, 194307.2, 546952.7, 5], ""detached"": false}"
단일+저층부,저층부고정 11m,49,49,165.7,124,34,72,15,52,37580,400.0,8212,45792,4133,43.99,0.04,inf,inf,2,3.469,12.9,49층 400㎡(31.0×12.9m) + 저층부 5층 4000㎡(84.9×47.1m),"{""towers"": [[399.55, 2.4, 90, 194321.1, 546953.9, 49]], ""podium"": [4000.0, 1.8025, 52.04, 194307.2, 546952.7, 5], ""detached"": false}"
단일+저층부,저층부고정 11m,45,45,152.5,121,36,73,12,48,37580,400.0,7767,45347,4133,43.99,0.171,inf,inf,2,3.635,14.47,45층 440㎡(30.4×14.5m) + 저층부 5층 4000㎡(84.9×47.1m),"{""towers"": [[439.5, 2.1, 170, 194301.1, 546949.9, 45]], ""podium"": [4000.0, 1.8025, 52.04, 194307.2, 546952.7, 5], ""detached"": false}"
단일+저층부,저층부고정 11m,47,47,159.1,123,29,73,10,50,37580,400.0,7665,45245,4133,43.99,0.157,inf,inf,2,3.637,16.7,47층 419㎡(25.1×16.7m) + 저층부 5층 4000㎡(84.9×47.1m),"{""towers"": [[418.57, 1.5, 160, 194297.1, 546937.9, 47]], ""podium"": [4000.0, 1.8025, 52.04, 194307.2, 546952.7, 5], ""detached"": false}"
단일+저층부,저층부고정 11m,51,51,172.3,123,34,73,10,50,37580,400.0,8670,46250,4133,43.99,0.135,inf,inf,2,3.413,11.29,51층 382㎡(33.9×11.3m) + 저층부 5층 4000㎡(84.9×47.1m),"{""towers"": [[382.17, 3.0, 70, 194321.1, 546969.9, 51]], ""podium"": [4000.0, 1.8025, 52.04, 194307.2, 546952.7, 5], ""detached"": false}"
단일+저층부,저층부고정 11m,55,55,185.5,124,38,73,17,51,37580,400.0,8345,45925,4133,43.99,0.117,inf,inf,2,3.534,13.98,55층 352㎡(25.2×14.0m) + 저층부 5층 4000㎡(84.9×47.1m),"{""towers"": [[351.6, 1.8, 120, 194317.1, 546953.9, 55]], ""podium"": [4000.0, 1.8025, 52.04, 194307.2, 546952.7, 5], ""detached"": false}"
단일+저층부,저층부고정 11m,54,54,182.2,125,30,73,10,52,37580,400.0,8150,45730,4133,43.99,0.156,inf,inf,2,3.64,15.47,54층 359㎡(23.2×15.5m) + 저층부 5층 4000㎡(84.9×47.1m),"{""towers"": [[358.78, 1.5, 160, 194297.1, 546937.9, 54]], ""podium"": [4000.0, 1.8025, 52.04, 194307.2, 546952.7, 5], ""detached"": false}"
단일+저층부,저층부고정 11m,50,50,169.0,125,27,73,10,52,37580,400.0,8439,46019,4133,43.99,0.197,inf,inf,2,3.61,12.03,50층 391㎡(32.5×12.0m) + 저층부 5층 4000㎡(84.9×47.1m),"{""towers"": [[390.67, 2.7, 150, 194297.1, 546937.9, 50]], ""podium"": [4000.0, 1.8025, 52.04, 194307.2, 546952.7, 5], ""detached"": false}"
단일+저층부,저층부고정 11m,49,49,165.7,127,46,73,21,54,37580,400.0,8212,45792,4133,43.99,0.149,inf,inf,2,3.595,12.9,49층 400㎡(31.0×12.9m) + 저층부 5층 4000㎡(84.9×47.1m),"{""towers"": [[399.55, 2.4, 10, 194309.1, 546961.9, 49]], ""podium"": [4000.0, 1.8025, 52.04, 194307.2, 546952.7, 5], ""detached"": false}"
단일+저층부,저층부고정 11m,50,50,169.0,127,46,73,21,54,37580,400.0,8593,46173,4133,43.99,0.142,inf,inf,2,3.593,11.41,50층 391㎡(34.2×11.4m) + 저층부 5층 4000㎡(84.9×47.1m),"{""towers"": [[390.67, 3.0, 10, 194309.1, 546961.9, 50]], ""podium"": [4000.0, 1.8025, 52.04, 194307.2, 546952.7, 5], ""detached"": false}"
단일+저층부,저층부고정 11m,44,44,149.2,117,34,74,15,43,37580,400.0,7561,45141,4133,43.99,0.093,inf,inf,2,3.522,15.82,44층 451㎡(28.5×15.8m) + 저층부 5층 4000㎡(84.9×47.1m),"{""towers"": [[450.77, 1.8, 120, 194329.1, 546961.9, 44]], ""podium"": [4000.0, 1.8025, 52.04, 194307.2, 546952.7, 5], ""detached"": false}"
단일+저층부,저층부고정 11m,53,53,178.9,120,41,74,21,46,37580,400.0,8822,46402,4133,43.99,0.104,inf,inf,2,3.621,11.05,53층 366㎡(33.1×11.0m) + 저층부 5층 4000㎡(84.9×47.1m),"{""towers"": [[366.25, 3.0, 150, 194281.1, 546933.9, 53]], ""podium"": [4000.0, 1.8025, 52.04, 194307.2, 546952.7, 5], ""detached"": false}"
단일+저층부,저층부고정 11m,52,52,175.6,126,32,74,10,52,37580,400.0,8015,45595,4133,43.99,0.233,inf,inf,2,3.614,15.79,52층 374㎡(23.7×15.8m) + 저층부 5층 4000㎡(84.9×47.1m),"{""towers"": [[374.04, 1.5, 150, 194305.1, 546941.9, 52]], ""podium"": [4000.0, 1.8025, 52.04, 194307.2, 546952.7, 5], ""detached"": false}"
단일+저층부,저층부고정 11m,46,46,155.8,126,33,74,10,52,37580,400.0,8129,45709,4133,43.99,0.316,inf,inf,2,3.583,12.6,46층 429㎡(34.0×12.6m) + 저층부 5층 4000㎡(84.9×47.1m),"{""towers"": [[428.78, 2.7, 150, 194305.1, 546953.9, 46]], ""podium"": [4000.0, 1.8025, 52.04, 194307.2, 546952.7, 5], ""detached"": false}"
단일+저층부,저층부고정 11m,51,51,172.3,126,31,74,11,52,37580,400.0,8670,46250,4133,43.99,0.083,inf,inf,2,3.41,11.29,51층 382㎡(33.9×11.3m) + 저층부 5층 4000㎡(84.9×47.1m),"{""towers"": [[382.17, 3.0, 90, 194321.1, 546961.9, 51]], ""podium"": [4000.0, 1.8025, 52.04, 194307.2, 546952.7, 5], ""detached"": false}"
단일+저층부,저층부고정 11m,48,48,162.4,129,29,74,10,55,37580,400.0,8137,45717,4133,43.99,0.199,inf,inf,2,3.607,13.05,48층 409㎡(31.3×13.1m) + 저층부 5층 4000㎡(84.9×47.1m),"{""towers"": [[408.84, 2.4, 150, 194293.1, 546941.9, 48]], ""podium"": [4000.0, 1.8025, 52.04, 194307.2, 546952.7, 5], ""detached"": false}"
단일+저층부,저층부고정 11m,48,48,162.4,130,31,74,10,56,37580,400.0,7856,45436,4133,43.99,0.264,inf,inf,2,3.593,15.07,48층 409㎡(27.1×15.1m) + 저층부 5층 4000㎡(84.9×47.1m),"{""towers"": [[408.84, 1.8, 150, 194301.1, 546949.9, 48]], ""podium"": [4000.0, 1.8025, 52.04, 194307.2, 546952.7, 5], ""detached"": false}"
단일+저층부,저층부고정 11m,50,50,169.0,126,38,75,17,51,37580,400.0,7877,45457,4133,43.99,0.087,inf,inf,2,3.537,16.14,50층 391㎡(24.2×16.1m) + 저층부 5층 4000㎡(84.9×47.1m),"{""towers"": [[390.67, 1.5, 110, 194317.1, 546953.9, 50]], ""podium"": [4000.0, 1.8025, 52.04, 194307.2, 546952.7, 5], ""detached"": false}"
단일+저층부,저층부고정 11m,55,55,185.5,126,40,75,15,51,37580,400.0,8492,46072,4133,43.99,0.113,inf,inf,2,3.498,12.94,55층 352㎡(27.2×12.9m) + 저층부 5층 4000㎡(84.9×47.1m),"{""towers"": [[351.6, 2.1, 60, 194317.1, 546961.9, 55]], ""podium"": [4000.0, 1.8025, 52.04, 194307.2, 546952.7, 5], ""detached"": false}"
단일+저층부,저층부고정 11m,45,45,152.5,127,39,75,18,52,37580,400.0,7907,45487,4133,43.99,0.037,inf,inf,2,3.587,13.53,45층 440㎡(32.5×13.5m) + 저층부 5층 4000㎡(84.9×47.1m),"{""towers"": [[439.5, 2.4, 20, 194317.1, 546949.9, 45]], ""podium"": [4000.0, 1.8025, 52.04, 194307.2, 546952.7, 5], ""detached"": false}"
단일+저층부,저층부고정 11m,51,51,172.3,127,38,76,13,51,37580,400.0,8514,46094,4133,43.99,0.155,inf,inf,2,3.489,11.9,51층 382㎡(32.1×11.9m) + 저층부 5층 4000㎡(84.9×47.1m),"{""towers"": [[382.17, 2.7, 40, 194317.1, 546969.9, 51]], ""podium"": [4000.0, 1.8025, 52.04, 194307.2, 546952.7, 5], ""detached"": false}"
단일+저층부,저층부고정 11m,53,53,178.9,128,43,76,20,52,37580,400.0,8083,45663,4133,43.99,0.103,inf,inf,2,3.535,15.63,53층 366㎡(23.4×15.6m) + 저층부 5층 4000㎡(84.9×47.1m),"{""towers"": [[366.25, 1.5, 90, 194313.1, 546957.9, 53]], ""podium"": [4000.0, 1.8025, 52.04, 194307.2, 546952.7, 5], ""detached"": false}"
단일+저층부,저층부고정 11m,48,48,162.4,116,34,77,14,39,37580,400.0,7992,45572,4133,43.99,0.133,inf,inf,2,3.486,13.95,48층 409㎡(29.3×14.0m) + 저층부 5층 4000㎡(84.9×47.1m),"{""towers"": [[408.84, 2.1, 110, 194329.1, 546969.9, 48]], ""podium"": [4000.0, 1.8025, 52.04, 194307.2, 546952.7, 5], ""detached"": false}"
단일+저층부,저층부고정 11m,49,49,165.7,128,44,77,19,51,37580,400.0,8363,45943,4133,43.99,0.145,inf,inf,2,3.557,12.16,49층 400㎡(32.8×12.2m) + 저층부 5층 4000㎡(84.9×47.1m),"{""towers"": [[399.55, 2.7, 20, 194313.1, 546965.9, 49]], ""podium"": [4000.0, 1.8025, 52.04, 194307.2, 546952.7, 5], ""detached"": false}"
단일+저층부,저층부고정 11m,52,52,175.6,128,35,77,15,51,37580,400.0,8589,46169,4133,43.99,0.07,inf,inf,2,3.478,11.77,52층 374㎡(31.8×11.8m) + 저층부 5층 4000㎡(84.9×47.1m),"{""towers"": [[374.04, 2.7, 60, 194321.1, 546953.9, 52]], ""podium"": [4000.0, 1.8025, 52.04, 194307.2, 546952.7, 5], ""detached"": false}"
단일+저층부,저층부고정 11m,52,52,175.6,129,31,77,11,52,37580,400.0,8746,46326,4133,43.99,0.066,inf,inf,2,3.423,11.17,52층 374㎡(33.5×11.2m) + 저층부 5층 4000㎡(84.9×47.1m),"{""towers"": [[374.04, 3.0, 80, 194321.1, 546957.9, 52]], ""podium"": [4000.0, 1.8025, 52.04, 194307.2, 546952.7, 5], ""detached"": false}"
단일+저층부,저층부고정 11m,51,51,172.3,131,30,77,10,54,37580,400.0,7946,45526,4133,43.99,0.219,inf,inf,2,3.608,15.96,51층 382㎡(23.9×16.0m) + 저층부 5층 4000㎡(84.9×47.1m),"{""towers"": [[382.17, 1.5, 150, 194301.1, 546941.9, 51]], ""podium"": [4000.0, 1.8025, 52.04, 194307.2, 546952.7, 5], ""detached"": false}"
단일+저층부,저층부고정 11m,50,50,169.0,122,40,78,21,44,37580,400.0,8286,45866,4133,43.99,0.11,inf,inf,2,3.65,12.76,50층 391㎡(30.6×12.8m) + 저층부 5층 4000㎡(84.9×47.1m),"{""towers"": [[390.67, 2.4, 160, 194281.1, 546937.9, 50]], ""podium"": [4000.0, 1.8025, 52.04, 194307.2, 546952.7, 5], ""detached"": false}"
단일+저층부,저층부고정 11m,51,51,172.3,125,33,78,14,47,37580,400.0,8670,46250,4133,43.99,0.047,inf,inf,2,3.427,11.29,51층 382㎡(33.9×11.3m) + 저층부 5층 4000㎡(84.9×47.1m),"{""towers"": [[382.17, 3.0, 90, 194329.1, 546961.9, 51]], ""podium"": [4000.0, 1.8025, 52.04, 194307.2, 546952.7, 5], ""detached"": false}"
단일+저층부,저층부고정 11m,45,45,152.5,126,31,78,10,48,37580,400.0,7907,45487,4133,43.99,0.152,inf,inf,2,3.65,13.53,45층 440㎡(32.5×13.5m) + 저층부 5층 4000㎡(84.9×47.1m),"{""towers"": [[439.5, 2.4, 170, 194297.1, 546945.9, 45]], ""podium"": [4000.0, 1.8025, 52.04, 194307.2, 546952.7, 5], ""detached"": false}"
단일+저층부,저층부고정 11m,52,52,175.6,127,45,78,21,49,37580,400.0,8015,45595,4133,43.99,0.114,inf,inf,2,3.627,15.79,52층 374㎡(23.7×15.8m) + 저층부 5층 4000㎡(84.9×47.1m),"{""towers"": [[374.04, 1.5, 0, 194305.1, 546949.9, 52]], ""podium"": [4000.0, 1.8025, 52.04, 194307.2, 546952.7, 5], ""detached"": false}"
단일+저층부,저층부고정 11m,45,45,152.5,128,40,78,20,50,37580,400.0,7907,45487,4133,43.99,0.309,inf,inf,2,3.587,13.53,45층 440㎡(32.5×13.5m) + 저층부 5층 4000㎡(84.9×47.1m),"{""towers"": [[439.5, 2.4, 150, 194313.1, 546953.9, 45]], ""podium"": [4000.0, 1.8025, 52.04, 194307.2, 546952.7, 5], ""detached"": false}"
단일+저층부,저층부고정 11m,53,53,178.9,129,34,78,11,51,37580,400.0,8822,46402,4133,43.99,0.097,inf,inf,2,3.472,11.05,53층 366㎡(33.1×11.0m) + 저층부 5층 4000㎡(84.9×47.1m),"{""towers"": [[366.25, 3.0, 50, 194321.1, 546957.9, 53]], ""podium"": [4000.0, 1.8025, 52.04, 194307.2, 546952.7, 5], ""detached"": false}"
단일+저층부,저층부고정 11m,45,45,152.5,116,34,79,21,37,37580,400.0,7520,45100,4133,43.99,0.125,inf,inf,2,3.618,17.12,45층 440㎡(25.7×17.1m) + 저층부 5층 4000㎡(84.9×47.1m),"{""towers"": [[439.5, 1.5, 140, 194277.1, 546941.9, 45]], ""podium"": [4000.0, 1.8025, 52.04, 194307.2, 546952.7, 5], ""detached"": false}"
단일+저층부,저층부고정 11m,54,54,182.2,120,36,79,17,41,37580,400.0,8577,46157,4133,43.99,0.032,inf,inf,2,3.496,12.23,54층 359㎡(29.3×12.2m) + 저층부 5층 4000㎡(84.9×47.1m),"{""towers"": [[358.78, 2.4, 70, 194333.1, 546957.9, 54]], ""podium"": [4000.0, 1.8025, 52.04, 194307.2, 546952.7, 5], ""detached"": false}"
단일+저층부,저층부고정 11m,55,55,185.5,129,40,79,17,50,37580,400.0,8809,46389,4133,43.99,0.089,inf,inf,2,3.652,11.41,55층 352㎡(30.8×11.4m) + 저층부 5층 4000㎡(84.9×47.1m),"{""towers"": [[351.6, 2.7, 0, 194301.1, 546945.9, 55]], ""podium"": [4000.0, 1.8025, 52.04, 194307.2, 546952.7, 5], ""detached"": false}"
단일+저층부,저층부고정 11m,51,51,172.3,129,44,79,20,50,37580,400.0,8210,45790,4133,43.99,0.279,inf,inf,2,3.591,13.49,51층 382㎡(28.3×13.5m) + 저층부 5층 4000㎡(84.9×47.1m),"{""towers"": [[382.17, 2.1, 150, 194309.1, 546957.9, 51]], ""podium"": [4000.0, 1.8025, 52.04, 194307.2, 546952.7, 5], ""detached"": false}"
단일+저층부,저층부고정 11m,46,46,155.8,129,31,79,11,50,37580,400.0,8129,45709,4133,43.99,0.102,inf,inf,2,3.432,12.6,46층 429㎡(34.0×12.6m) + 저층부 5층 4000㎡(84.9×47.1m),"{""towers"": [[428.78, 2.7, 70, 194321.1, 546961.9, 46]], ""podium"": [4000.0, 1.8025, 52.04, 194307.2, 546952.7, 5], ""detached"": false}"
단일+저층부,저층부고정 11m,55,55,185.5,130,38,79,15,51,37580,400.0,8492,46072,4133,43.99,0.139,inf,inf,2,3.489,12.94,55층 352㎡(27.2×12.9m) + 저층부 5층 4000㎡(84.9×47.1m),"{""towers"": [[351.6, 2.1, 110, 194317.1, 546961.9, 55]], ""podium"": [4000.0, 1.8025, 52.04, 194307.2, 546952.7, 5], ""detached"": false}"
단일+저층부,저층부고정 11m,50,50,169.0,131,45,79,21,52,37580,400.0,8138,45718,4133,43.99,0.1,inf,inf,2,3.608,13.64,50층 391㎡(28.6×13.6m) + 저층부 5층 4000㎡(84.9×47.1m),"{""towers"": [[390.67, 2.1, 10, 194309.1, 546953.9, 50]], ""podium"": [4000.0, 1.8025, 52.04, 194307.2, 546952.7, 5], ""detached"": false}"
단일+저층부,저층부고정 11m,49,49,165.7,133,27,79,10,54,37580,400.0,8066,45646,4133,43.99,0.163,inf,inf,2,3.623,13.79,49층 400㎡(29.0×13.8m) + 저층부 5층 4000㎡(84.9×47.1m),"{""towers"": [[399.55, 2.1, 150, 194293.1, 546933.9, 49]], ""podium"": [4000.0, 1.8025, 52.04, 194307.2, 546952.7, 5], ""detached"": false}"
단일+저층부,저층부고정 11m,50,50,169.0,133,43,79,19,54,37580,400.0,8593,46173,4133,43.99,0.086,inf,inf,2,3.621,11.41,50층 391㎡(34.2×11.4m) + 저층부 5층 4000㎡(84.9×47.1m),"{""towers"": [[390.67, 3.0, 10, 194305.1, 546949.9, 50]], ""podium"": [4000.0, 1.8025, 52.04, 194307.2, 546952.7, 5], ""detached"": false}"
단일+저층부,저층부고정 11m,47,47,159.1,117,33,80,13,37,37580,400.0,8061,45641,4133,43.99,0.134,inf,inf,2,3.519,13.21,47층 419㎡(31.7×13.2m) + 저층부 5층 4000㎡(84.9×47.1m),"{""towers"": [[418.57, 2.4, 130, 194329.1, 546973.9, 47]], ""podium"": [4000.0, 1.8025, 52.04, 194307.2, 546952.7, 5], ""detached"": false}"
단일+저층부,저층부고정 11m,47,47,159.1,119,33,80,10,39,37580,400.0,8061,45641,4133,43.99,0.146,inf,inf,2,3.476,13.21,47층 419㎡(31.7×13.2m) + 저층부 5층 4000㎡(84.9×47.1m),"{""towers"": [[418.57, 2.4, 120, 194325.1, 546973.9, 47]], ""podium"": [4000.0, 1.8025, 52.04, 194307.2, 546952.7, 5], ""detached"": false}"
단일+저층부,저층부고정 11m,55,55,185.5,125,39,80,19,45,37580,400.0,8809,46389,4133,43.99,0.114,inf,inf,2,3.619,11.41,55층 352㎡(30.8×11.4m) + 저층부 5층 4000㎡(84.9×47.1m),"{""towers"": [[351.6, 2.7, 150, 194281.1, 546937.9, 55]], ""podium"": [4000.0, 1.8025, 52.04, 194307.2, 546952.7, 5], ""detached"": false}"
단일+저층부,저층부고정 11m,45,45,152.5,126,30,80,10,46,37580,400.0,8050,45630,4133,43.99,0.149,inf,inf,2,3.442,12.76,45층 440㎡(34.4×12.8m) + 저층부 5층 4000㎡(84.9×47.1m),"{""towers"": [[439.5, 2.7, 110, 194325.1, 546969.9, 45]], ""podium"": [4000.0, 1.8025, 52.04, 194307.2, 546952.7, 5], ""detached"": false}"
단일+저층부,저층부고정 11m,46,46,155.8,131,40,80,15,51,37580,400.0,7593,45173,4133,43.99,0.13,inf,inf,2,3.532,16.91,46층 429㎡(25.4×16.9m) + 저층부 5층 4000㎡(84.9×47.1m),"{""towers"": [[428.78, 1.5, 50, 194317.1, 546961.9, 46]], ""podium"": [4000.0, 1.8025, 52.04, 194307.2, 546952.7, 5], ""detached"": false}"
단일+저층부,저층부고정 11m,55,55,185.5,131,40,80,17,51,37580,400.0,8492,46072,4133,43.99,0.096,inf,inf,2,3.507,12.94,55층 352㎡(27.2×12.9m) + 저층부 5층 4000㎡(84.9×47.1m),"{""towers"": [[351.6, 2.1, 60, 194317.1, 546957.9, 55]], ""podium"": [4000.0, 1.8025, 52.04, 194307.2, 546952.7, 5], ""detached"": false}"
단일+저층부,저층부고정 11m,52,52,175.6,133,45,80,20,53,37580,400.0,8282,45862,4133,43.99,0.1,inf,inf,2,3.576,13.35,52층 374㎡(28.0×13.3m) + 저층부 5층 4000㎡(84.9×47.1m),"{""towers"": [[374.04, 2.1, 20, 194313.1, 546957.9, 52]], ""podium"": [4000.0, 1.8025, 52.04, 194307.2, 546952.7, 5], ""detached"": false}"
단일+저층부,저층부고정 11m,45,45,152.5,137,26,80,10,57,37580,400.0,8050,45630,4133,43.99,0.263,inf,inf,2,3.574,12.76,45층 440㎡(34.4×12.8m) + 저층부 5층 4000㎡(84.9×47.1m),"{""towers"": [[439.5, 2.7, 140, 194301.1, 546941.9, 45]], ""podium"": [4000.0, 1.8025, 52.04, 194307.2, 546952.7, 5], ""detached"": false}"
단일+저층부,저층부고정 11m,47,47,159.1,120,30,81,18,39,37580,400.0,7918,45498,4133,43.99,0.102,inf,inf,2,3.618,14.12,47층 419㎡(29.6×14.1m) + 저층부 5층 4000㎡(84.9×47.1m),"{""towers"": [[418.57, 2.1, 140, 194281.1, 546929.9, 47]], ""podium"": [4000.0, 1.8025, 52.04, 194307.2, 546952.7, 5], ""detached"": false}"
단일+저층부,저층부고정 11m,47,47,159.1,123,34,81,14,42,37580,400.0,8061,45641,4133,43.99,0.102,inf,inf,2,3.483,13.21,47층 419㎡(31.7×13.2m) + 저층부 5층 4000㎡(84.9×47.1m),"{""towers"": [[418.57, 2.4, 60, 194329.1, 546965.9, 47]], ""podium"": [4000.0, 1.8025, 52.04, 194307.2, 546952.7, 5], ""detached"": false}"
단일+저층부,저층부고정 11m,55,55,185.5,129,34,81,15,48,37580,400.0,8648,46228,4133,43.99,0.129,inf,inf,2,3.622,12.1,55층 352㎡(29.0×12.1m) + 저층부 5층 4000㎡(84.9×47.1m),"{""towers"": [[351.6, 2.4, 150, 194285.1, 546937.9, 55]], ""podium"": [4000.0, 1.8025, 52.04, 194307.2, 546952.7, 5], ""detached"": false}"
단일+저층부,저층부고정 11m,51,51,172.3,132,41,81,17,51,37580,400.0,8070,45650,4133,43.99,0.106,inf,inf,2,3.528,14.57,51층 382㎡(26.2×14.6m) + 저층부 5층 4000㎡(84.9×47.1m),"{""towers"": [[382.17, 1.8, 50, 194317.1, 546957.9, 51]], ""podium"": [4000.0, 1.8025, 52.04, 194307.2, 546952.7, 5], ""detached"": false}"
단일+저층부,저층부고정 11m,50,50,169.0,133,35,81,15,52,37580,400.0,8439,46019,4133,43.99,0.072,inf,inf,2,3.478,12.03,50층 391㎡(32.5×12.0m) + 저층부 5층 4000㎡(84.9×47.1m),"{""towers"": [[390.67, 2.7, 60, 194321.1, 546953.9, 50]], ""podium"": [4000.0, 1.8025, 52.04, 194307.2, 546952.7, 5], ""detached"": false}"
단일+저층부,저층부고정 11m,51,51,172.3,134,45,81,20,53,37580,400.0,7946,45526,4133,43.99,0.146,inf,inf,2,3.531,15.96,51층 382㎡(23.9×16.0m) + 저층부 5층 4000㎡(84.9×47.1m),"{""towers"": [[382.17, 1.5, 90, 194309.1, 546961.9, 51]], ""podium"": [4000.0, 1.8025, 52.04, 194307.2, 546952.7, 5], ""detached"": false}"
단일+저층부,저층부고정 11m,46,46,155.8,139,27,81,10,58,37580,400.0,7710,45290,4133,43.99,0.233,inf,inf,2,3.606,15.43,46층 429㎡(27.8×15.4m) + 저층부 5층 4000㎡(84.9×47.1m),"{""towers"": [[428.78, 1.8, 140, 194301.1, 546937.9, 46]], ""podium"": [4000.0, 1.8025, 52.04, 194307.2, 546952.7, 5], ""detached"": false}"
단일+저층부,저층부고정 11m,49,49,165.7,132,31,82,10,50,37580,400.0,7807,45387,4133,43.99,0.177,inf,inf,2,3.633,16.32,49층 400㎡(24.5×16.3m) + 저층부 5층 4000㎡(84.9×47.1m),"{""towers"": [[399.55, 1.5, 170, 194297.1, 546945.9, 49]], ""podium"": [4000.0, 1.8025, 52.04, 194307.2, 546952.7, 5], ""detached"": false}"
단일+저층부,저층부고정 11m,48,48,162.4,133,35,82,13,51,37580,400.0,7992,45572,4133,43.99,0.1,inf,inf,2,3.644,13.95,48층 409㎡(29.3×14.0m) + 저층부 5층 4000㎡(84.9×47.1m),"{""towers"": [[408.84, 2.1, 0, 194301.1, 546945.9, 48]], ""podium"": [4000.0, 1.8025, 52.04, 194307.2, 546952.7, 5], ""detached"": false}"
단일+저층부,저층부고정 11m,48,48,162.4,133,34,82,10,51,37580,400.0,8436,46016,4133,43.99,0.125,inf,inf,2,3.459,11.67,48층 409㎡(35.0×11.7m) + 저층부 5층 4000㎡(84.9×47.1m),"{""towers"": [[408.84, 3.0, 50, 194321.1, 546961.9, 48]], ""podium"": [4000.0, 1.8025, 52.04, 194307.2, 546952.7, 5], ""detached"": false}"
단일+저층부,저층부고정 11m,50,50,169.0,134,36,82,16,52,37580,400.0,8439,46019,4133,43.99,0.028,inf,inf,2,3.537,12.03,50층 391㎡(32.5×12.0m) + 저층부 5층 4000㎡(84.9×47.1m),"{""towers"": [[390.67, 2.7, 40, 194321.1, 546945.9, 50]], ""podium"": [4000.0, 1.8025, 52.04, 194307.2, 546952.7, 5], ""detached"": false}"
단일+저층부,저층부고정 11m,54,54,182.2,140,29,82,10,58,37580,400.0,8150,45730,4133,43.99,0.2,inf,inf,2,3.604,15.47,54층 359㎡(23.2×15.5m) + 저층부 5층 4000㎡(84.9×47.1m),"{""towers"": [[358.78, 1.5, 140, 194301.1, 546937.9, 54]], ""podium"": [4000.0, 1.8025, 52.04, 194307.2, 546952.7, 5], ""detached"": false}"
단일+저층부,저층부고정 11m,47,47,159.1,140,28,82,10,58,37580,400.0,7918,45498,4133,43.99,0.228,inf,inf,2,3.584,14.12,47층 419㎡(29.6×14.1m) + 저층부 5층 4000㎡(84.9×47.1m),"{""towers"": [[418.57, 2.1, 140, 194297.1, 546941.9, 47]], ""podium"": [4000.0, 1.8025, 52.04, 194307.2, 546952.7, 5], ""detached"": false}"
단일+저층부,저층부고정 11m,55,55,185.5,140,31,82,10,58,37580,400.0,8492,46072,4133,43.99,0.248,inf,inf,2,3.551,12.94,55층 352㎡(27.2×12.9m) + 저층부 5층 4000㎡(84.9×47.1m),"{""towers"": [[351.6, 2.1, 130, 194301.1, 546953.9, 55]], ""podium"": [4000.0, 1.8025, 52.04, 194307.2, 546952.7, 5], ""detached"": false}"
단일+저층부,저층부고정 11m,55,55,185.5,122,32,83,12,39,37580,400.0,8809,46389,4133,43.99,0.139,inf,inf,2,3.645,11.41,55층 352㎡(30.8×11.4m) + 저층부 5층 4000㎡(84.9×47.1m),"{""towers"": [[351.6, 2.7, 160, 194289.1, 546937.9, 55]], ""podium"": [4000.0, 1.8025, 52.04, 194307.2, 546952.7, 5], ""detached"": false}"
단일+저층부,저층부고정 11m,47,47,159.1,136,45,83,20,53,37580,400.0,7918,45498,4133,43.99,0.099,inf,inf,2,3.585,14.12,47층 419㎡(29.6×14.1m) + 저층부 5층 4000㎡(84.9×47.1m),"{""towers"": [[418.57, 2.1, 20, 194309.1, 546953.9, 47]], ""podium"": [4000.0, 1.8025, 52.04, 194307.2, 546952.7, 5], ""detached"": false}"
단일+저층부,저층부고정 11m,48,48,162.4,137,38,83,17,54,37580,400.0,7737,45317,4133,43.99,0.036,inf,inf,2,3.58,16.51,48층 409㎡(24.8×16.5m) + 저층부 5층 4000㎡(84.9×47.1m),"{""towers"": [[408.84, 1.5, 40, 194317.1, 546945.9, 48]], ""podium"": [4000.0, 1.8025, 52.04, 194307.2, 546952.7, 5], ""detached"": false}"
단일+저층부,저층부고정 11m,51,51,172.3,139,31,83,10,56,37580,400.0,7946,45526,4133,43.99,0.239,inf,inf,2,3.585,15.96,51층 382㎡(23.9×16.0m) + 저층부 5층 4000㎡(84.9×47.1m),"{""towers"": [[382.17, 1.5, 140, 194301.1, 546945.9, 51]], ""podium"": [4000.0, 1.8025, 52.04, 194307.2, 546952.7, 5], ""detached"": false}"
단일+저층부,저층부고정 11m,50,50,169.0,139,29,83,10,56,37580,400.0,8439,46019,4133,43.99,0.254,inf,inf,2,3.561,12.03,50층 391㎡(32.5×12.0m) + 저층부 5층 4000㎡(84.9×47.1m),"{""towers"": [[390.67, 2.7, 140, 194301.1, 546945.9, 50]], ""podium"": [4000.0, 1.8025, 52.04, 194307.2, 546952.7, 5], ""detached"": false}"
단일+저층부,저층부고정 11m,51,51,172.3,139,29,83,10,56,37580,400.0,8514,46094,4133,43.99,0.245,inf,inf,2,3.557,11.9,51층 382㎡(32.1×11.9m) + 저층부 5층 4000㎡(84.9×47.1m),"{""towers"": [[382.17, 2.7, 140, 194297.1, 546949.9, 51]], ""podium"": [4000.0, 1.8025, 52.04, 194307.2, 546952.7, 5], ""detached"": false}"
단일+저층부,저층부고정 11m,53,53,178.9,140,29,83,10,57,37580,400.0,8209,45789,4133,43.99,0.203,inf,inf,2,3.592,14.26,53층 366㎡(25.7×14.3m) + 저층부 5층 4000㎡(84.9×47.1m),"{""towers"": [[366.25, 1.8, 140, 194297.1, 546941.9, 53]], ""podium"": [4000.0, 1.8025, 52.04, 194307.2, 546952.7, 5], ""detached"": false}"
단일+저층부,저층부고정 11m,51,51,172.3,125,35,84,16,41,37580,400.0,8210,45790,4133,43.99,0.142,inf,inf,2,3.644,13.49,51층 382㎡(28.3×13.5m) + 저층부 5층 4000㎡(84.9×47.1m),"{""towers"": [[382.17, 2.1, 160, 194285.1, 546941.9, 51]], ""podium"": [4000.0, 1.8025, 52.04, 194307.2, 546952.7, 5], ""detached"": false}"
단일+저층부,저층부고정 11m,51,51,172.3,126,31,84,11,42,37580,400.0,8360,45940,4133,43.99,0.162,inf,inf,2,3.64,12.62,51층 382㎡(30.3×12.6m) + 저층부 5층 4000㎡(84.9×47.1m),"{""towers"": [[382.17, 2.4, 160, 194289.1, 546941.9, 51]], ""podium"": [4000.0, 1.8025, 52.04, 194307.2, 546952.7, 5], ""detached"": false}"
단일+저층부,저층부고정 11m,44,44,149.2,131,35,84,10,47,37580,400.0,7561,45141,4133,43.99,0.183,inf,inf,2,3.631,15.82,44층 451㎡(28.5×15.8m) + 저층부 5층 4000㎡(84.9×47.1m),"{""towers"": [[450.77, 1.8, 170, 194301.1, 546949.9, 44]], ""podium"": [4000.0, 1.8025, 52.04, 194307.2, 546952.7, 5], ""detached"": false}"
단일+저층부,저층부고정 11m,46,46,155.8,131,32,84,13,47,37580,400.0,7984,45564,4133,43.99,0.165,inf,inf,2,3.612,13.37,46층 429㎡(32.1×13.4m) + 저층부 5층 4000㎡(84.9×47.1m),"{""towers"": [[428.78, 2.4, 150, 194285.1, 546941.9, 46]], ""podium"": [4000.0, 1.8025, 52.04, 194307.2, 546952.7, 5], ""detached"": false}"
단일+저층부,저층부고정 11m,48,48,162.4,134,41,84,17,50,37580,400.0,8137,45717,4133,43.99,0.126,inf,inf,2,3.644,13.05,48층 409㎡(31.3×13.1m) + 저층부 5층 4000㎡(84.9×47.1m),"{""towers"": [[408.84, 2.4, 0, 194301.1, 546949.9, 48]], ""podium"": [4000.0, 1.8025, 52.04, 194307.2, 546952.7, 5], ""detached"": false}"
단일+저층부,저층부고정 11m,54,54,182.2,138,46,84,21,54,37580,400.0,8577,46157,4133,43.99,0.113,inf,inf,2,3.575,12.23,54층 359㎡(29.3×12.2m) + 저층부 5층 4000㎡(84.9×47.1m),"{""towers"": [[358.78, 2.4, 20, 194309.1, 546957.9, 54]], ""podium"": [4000.0, 1.8025, 52.04, 194307.2, 546952.7, 5], ""detached"": false}"
단일+저층부,저층부고정 11m,54,54,182.2,139,29,84,10,55,37580,400.0,8577,46157,4133,43.99,0.214,inf,inf,2,3.579,12.23,54층 359㎡(29.3×12.2m) + 저층부 5층 4000㎡(84.9×47.1m),"{""towers"": [[358.78, 2.4, 140, 194293.1, 546949.9, 54]], ""podium"": [4000.0, 1.8025, 52.04, 194307.2, 546952.7, 5], ""detached"": false}"
단일+저층부,저층부고정 11m,55,55,185.5,140,29,84,10,56,37580,400.0,8345,45925,4133,43.99,0.193,inf,inf,2,3.593,13.98,55층 352㎡(25.2×14.0m) + 저층부 5층 4000㎡(84.9×47.1m),"{""towers"": [[351.6, 1.8, 140, 194293.1, 546945.9, 55]], ""podium"": [4000.0, 1.8025, 52.04, 194307.2, 546952.7, 5], ""detached"": false}"
단일+저층부,저층부고정 11m,54,54,182.2,143,27,84,10,59,37580,400.0,8577,46157,4133,43.99,0.16,inf,inf,2,3.592,12.23,54층 359㎡(29.3×12.2m) + 저층부 5층 4000㎡(84.9×47.1m),"{""towers"": [[358.78, 2.4, 140, 194293.1, 546933.9, 54]], ""podium"": [4000.0, 1.8025, 52.04, 194307.2, 546952.7, 5], ""detached"": false}"
단일+저층부,저층부고정 11m,48,48,162.4,130,32,85,14,45,37580,400.0,7856,45436,4133,43.99,0.109,inf,inf,2,3.637,15.07,48층 409㎡(27.1×15.1m) + 저층부 5층 4000㎡(84.9×47.1m),"{""towers"": [[408.84, 1.8, 150, 194285.1, 546929.9, 48]], ""podium"": [4000.0, 1.8025, 52.04, 194307.2, 546952.7, 5], ""detached"": false}"
단일+저층부,저층부고정 11m,52,52,175.6,138,37,85,16,53,37580,400.0,8746,46326,4133,43.99,0.297,inf,inf,2,3.554,11.17,52층 374㎡(33.5×11.2m) + 저층부 5층 4000㎡(84.9×47.1m),"{""towers"": [[374.04, 3.0, 140, 194309.1, 546949.9, 52]], ""podium"": [4000.0, 1.8025, 52.04, 194307.2, 546952.7, 5], ""detached"": false}"
단일+저층부,저층부고정 11m,53,53,178.9,139,46,85,21,54,37580,400.0,8209,45789,4133,43.99,0.095,inf,inf,2,3.588,14.26,53층 366㎡(25.7×14.3m) + 저층부 5층 4000㎡(84.9×47.1m),"{""towers"": [[366.25, 1.8, 20, 194309.1, 546953.9, 53]], ""podium"": [4000.0, 1.8025, 52.04, 194307.2, 546952.7, 5], ""detached"": false}"
단일+저층부,저층부고정 11m,49,49,165.7,135,37,86,19,49,37580,400.0,7807,45387,4133,43.99,0.115,inf,inf,2,3.631,16.32,49층 400㎡(24.5×16.3m) + 저층부 5층 4000㎡(84.9×47.1m),"{""towers"": [[399.55, 1.5, 150, 194281.1, 546937.9, 49]], ""podium"": [4000.0, 1.8025, 52.04, 194307.2, 546952.7, 5], ""detached"": false}"
단일+저층부,저층부고정 11m,44,44,149.2,138,45,86,20,52,37580,400.0,7447,45027,4133,43.99,0.278,inf,inf,2,3.568,17.34,44층 451㎡(26.0×17.3m) + 저층부 5층 4000㎡(84.9×47.1m),"{""towers"": [[450.77, 1.5, 150, 194309.1, 546965.9, 44]], ""podium"": [4000.0, 1.8025, 52.04, 194307.2, 546952.7, 5], ""detached"": false}"
단일+저층부,저층부고정 11m,51,51,172.3,138,34,86,15,52,37580,400.0,8360,45940,4133,43.99,0.033,inf,inf,2,3.505,12.62,51층 382㎡(30.3×12.6m) + 저층부 5층 4000㎡(84.9×47.1m),"{""towers"": [[382.17, 2.4, 60, 194321.1, 546945.9, 51]], ""podium"": [4000.0, 1.8025, 52.04, 194307.2, 546952.7, 5], ""detached"": false}"
단일+저층부,저층부고정 11m,44,44,149.2,138,38,87,15,51,37580,400.0,7970,45550,4133,43.99,0.24,inf,inf,2,3.488,12.92,44층 451㎡(34.9×12.9m) + 저층부 5층 4000㎡(84.9×47.1m),"{""towers"": [[450.77, 2.7, 130, 194317.1, 546965.9, 44]], ""podium"": [4000.0, 1.8025, 52.04, 194307.2, 546952.7, 5], ""detached"": false}"
단일+저층부,저층부고정 11m,55,55,185.5,138,37,87,15,51,37580,400.0,8809,46389,4133,43.99,0.1,inf,inf,2,3.436,11.41,55층 352㎡(30.8×11.4m) + 저층부 5층 4000㎡(84.9×47.1m),"{""towers"": [[351.6, 2.7, 90, 194317.1, 546961.9, 55]], ""podium"": [4000.0, 1.8025, 52.04, 194307.2, 546952.7, 5], ""detached"": false}"
단일+저층부,저층부고정 11m,45,45,152.5,139,42,87,20,52,37580,400.0,7520,45100,4133,43.99,0.307,inf,inf,2,3.571,17.12,45층 440㎡(25.7×17.1m) + 저층부 5층 4000㎡(84.9×47.1m),"{""towers"": [[439.5, 1.5, 140, 194313.1, 546953.9, 45]], ""podium"": [4000.0, 1.8025, 52.04, 194307.2, 546952.7, 5], ""detached"": false}"
단일+저층부,저층부고정 11m,45,45,152.5,140,42,87,20,53,37580,400.0,7636,45216,4133,43.99,0.043,inf,inf,2,3.588,15.63,45층 440㎡(28.1×15.6m) + 저층부 5층 4000㎡(84.9×47.1m),"{""towers"": [[439.5, 1.8, 30, 194313.1, 546945.9, 45]], ""podium"": [4000.0, 1.8025, 52.04, 194307.2, 546952.7, 5], ""detached"": false}"
단일+저층부,저층부고정 11m,46,46,155.8,142,34,87,10,55,37580,400.0,7593,45173,4133,43.99,0.326,inf,inf,2,3.561,16.91,46층 429㎡(25.4×16.9m) + 저층부 5층 4000㎡(84.9×47.1m),"{""towers"": [[428.78, 1.5, 140, 194305.1, 546957.9, 46]], ""podium"": [4000.0, 1.8025, 52.04, 194307.2, 546952.7, 5], ""detached"": false}"
단일+저층부,저층부고정 11m,49,49,165.7,143,34,87,10,56,37580,400.0,8515,46095,4133,43.99,0.322,inf,inf,2,3.538,11.54,49층 400㎡(34.6×11.5m) + 저층부 5층 4000㎡(84.9×47.1m),"{""towers"": [[399.55, 3.0, 140, 194305.1, 546957.9, 49]], ""podium"": [4000.0, 1.8025, 52.04, 194307.2, 546952.7, 5], ""detached"": false}"
단일+저층부,저층부고정 11m,50,50,169.0,146,28,87,10,59,37580,400.0,7877,45457,4133,43.99,0.195,inf,inf,2,3.605,16.14,50층 391㎡(24.2×16.1m) + 저층부 5층 4000㎡(84.9×47.1m),"{""towers"": [[390.67, 1.5, 140, 194297.1, 546937.9, 50]], ""podium"": [4000.0, 1.8025, 52.04, 194307.2, 546952.7, 5], ""detached"": false}"
단일+저층부,저층부고정 11m,48,48,162.4,139,34,88,11,51,37580,400.0,8436,46016,4133,43.99,0.105,inf,inf,2,3.469,11.67,48층 409㎡(35.0×11.7m) + 저층부 5층 4000㎡(84.9×47.1m),"{""towers"": [[408.84, 3.0, 50, 194321.1, 546957.9, 48]], ""podium"": [4000.0, 1.8025, 52.04, 194307.2, 546952.7, 5], ""detached"": false}"
단일+저층부,저층부고정 11m,47,47,159.1,140,42,88,20,52,37580,400.0,7665,45245,4133,43.99,0.042,inf,inf,2,3.588,16.7,47층 419㎡(25.1×16.7m) + 저층부 5층 4000㎡(84.9×47.1m),"{""towers"": [[418.57, 1.5, 30, 194313.1, 546945.9, 47]], ""podium"": [4000.0, 1.8025, 52.04, 194307.2, 546952.7, 5], ""detached"": false}"
단일+저층부,저층부고정 11m,53,53,178.9,140,44,88,20,52,37580,400.0,8209,45789,4133,43.99,0.248,inf,inf,2,3.548,14.26,53층 366㎡(25.7×14.3m) + 저층부 5층 4000㎡(84.9×47.1m),"{""towers"": [[366.25, 1.8, 130, 194313.1, 546957.9, 53]], ""podium"": [4000.0, 1.8025, 52.04, 194307.2, 546952.7, 5], ""detached"": false}"
단일+저층부,저층부고정 11m,55,55,185.5,145,33,88,11,57,37580,400.0,8492,46072,4133,43.99,0.144,inf,inf,2,3.594,12.94,55층 352㎡(27.2×12.9m) + 저층부 5층 4000㎡(84.9×47.1m),"{""towers"": [[351.6, 2.1, 20, 194301.1, 546957.9, 55]], ""podium"": [4000.0, 1.8025, 52.04, 194307.2, 546952.7, 5], ""detached"": false}"
단일+저층부,저층부고정 11m,46,46,155.8,148,29,88,10,60,37580,400.0,7710,45290,4133,43.99,0.24,inf,inf,2,3.581,15.43,46층 429㎡(27.8×15.4m) + 저층부 5층 4000㎡(84.9×47.1m),"{""towers"": [[428.78, 1.8, 140, 194293.1, 546949.9, 46]], ""podium"": [4000.0, 1.8025, 52.04, 194307.2, 546952.7, 5], ""detached"": false}"
단일+저층부,저층부고정 11m,51,51,172.3,137,34,89,15,48,37580,400.0,7946,45526,4133,43.99,0.109,inf,inf,2,3.648,15.96,51층 382㎡(23.9×16.0m) + 저층부 5층 4000㎡(84.9×47.1m),"{""towers"": [[382.17, 1.5, 160, 194285.1, 546933.9, 51]], ""podium"": [4000.0, 1.8025, 52.04, 194307.2, 546952.7, 5], ""detached"": false}"
단일+저층부,저층부고정 11m,52,52,175.6,137,29,89,11,48,37580,400.0,8589,46169,4133,43.99,0.141,inf,inf,2,3.618,11.77,52층 374㎡(31.8×11.8m) + 저층부 5층 4000㎡(84.9×47.1m),"{""towers"": [[374.04, 2.7, 150, 194289.1, 546933.9, 52]], ""podium"": [4000.0, 1.8025, 52.04, 194307.2, 546952.7, 5], ""detached"": false}"
단일+저층부,저층부고정 11m,54,54,182.2,137,33,89,21,48,37580,400.0,8423,46003,4133,43.99,0.091,inf,inf,2,3.584,13.07,54층 359㎡(27.4×13.1m) + 저층부 5층 4000㎡(84.9×47.1m),"{""towers"": [[358.78, 2.1, 130, 194277.1, 546937.9, 54]], ""podium"": [4000.0, 1.8025, 52.04, 194307.2, 546952.7, 5], ""detached"": false}"
단일+저층부,저층부고정 11m,47,47,159.1,142,40,89,17,53,37580,400.0,7783,45363,4133,43.99,0.059,inf,inf,2,3.558,15.25,47층 419㎡(27.4×15.2m) + 저층부 5층 4000㎡(84.9×47.1m),"{""towers"": [[418.57, 1.8, 40, 194317.1, 546949.9, 47]], ""podium"": [4000.0, 1.8025, 52.04, 194307.2, 546952.7, 5], ""detached"": false}"
단일+저층부,저층부고정 11m,54,54,182.2,142,44,89,20,53,37580,400.0,8277,45857,4133,43.99,0.094,inf,inf,2,3.524,14.12,54층 359㎡(25.4×14.1m) + 저층부 5층 4000㎡(84.9×47.1m),"{""towers"": [[358.78, 1.8, 80, 194309.1, 546953.9, 54]], ""podium"": [4000.0, 1.8025, 52.04, 194307.2, 546952.7, 5], ""detached"": false}"
단일+저층부,저층부고정 11m,54,54,182.2,145,33,89,10,56,37580,400.0,8150,45730,4133,43.99,0.252,inf,inf,2,3.571,15.47,54층 359㎡(23.2×15.5m) + 저층부 5층 4000㎡(84.9×47.1m),"{""towers"": [[358.78, 1.5, 130, 194305.1, 546949.9, 54]], ""podium"": [4000.0, 1.8025, 52.04, 194307.2, 546952.7, 5], ""detached"": false}"
단일+저층부,저층부고정 11m,48,48,162.4,147,34,89,10,58,37580,400.0,7737,45317,4133,43.99,0.307,inf,inf,2,3.553,16.51,48층 409㎡(24.8×16.5m) + 저층부 5층 4000㎡(84.9×47.1m),"{""towers"": [[408.84, 1.5, 130, 194305.1, 546957.9, 48]], ""podium"": [4000.0, 1.8025, 52.04, 194307.2, 546952.7, 5], ""detached"": false}"
단일+저층부,저층부고정 11m,53,53,178.9,148,29,89,10,59,37580,400.0,8209,45789,4133,43.99,0.174,inf,inf,2,3.571,14.26,53층 366㎡(25.7×14.3m) + 저층부 5층 4000㎡(84.9×47.1m),"{""towers"": [[366.25, 1.8, 130, 194305.1, 546941.9, 53]], ""podium"": [4000.0, 1.8025, 52.04, 194307.2, 546952.7, 5], ""detached"": false}"
단일+저층부,저층부고정 11m,44,44,149.2,133,31,90,10,43,37580,400.0,7828,45408,4133,43.99,0.187,inf,inf,2,3.65,13.7,44층 451㎡(32.9×13.7m) + 저층부 5층 4000㎡(84.9×47.1m),"{""towers"": [[450.77, 2.4, 170, 194293.1, 546945.9, 44]], ""podium"": [4000.0, 1.8025, 52.04, 194307.2, 546952.7, 5], ""detached"": false}"
단일+저층부,저층부고정 11m,53,53,178.9,138,33,90,21,48,37580,400.0,8505,46085,4133,43.99,0.093,inf,inf,2,3.569,12.35,53층 366㎡(29.6×12.4m) + 저층부 5층 4000㎡(84.9×47.1m),"{""towers"": [[366.25, 2.4, 130, 194277.1, 546937.9, 53]], ""podium"": [4000.0, 1.8025, 52.04, 194307.2, 546952.7, 5], ""detached"": false}"
단일+저층부,저층부고정 11m,52,52,175.6,140,34,90,19,50,37580,400.0,8282,45862,4133,43.99,0.109,inf,inf,2,3.602,13.35,52층 374㎡(28.0×13.3m) + 저층부 5층 4000㎡(84.9×47.1m),"{""towers"": [[374.04, 2.1, 140, 194281.1, 546933.9, 52]], ""podium"": [4000.0, 1.8025, 52.04, 194307.2, 546952.7, 5], ""detached"": false}"
단일+저층부,저층부고정 11m,45,45,152.5,141,37,90,15,51,37580,400.0,7520,45100,4133,43.99,0.183,inf,inf,2,3.531,17.12,45층 440㎡(25.7×17.1m) + 저층부 5층 4000㎡(84.9×47.1m),"{""towers"": [[439.5, 1.5, 120, 194317.1, 546957.9, 45]], ""podium"": [4000.0, 1.8025, 52.04, 194307.2, 546952.7, 5], ""detached"": false}"
단일+저층부,저층부고정 11m,45,45,152.5,141,37,90,15,51,37580,400.0,7520,45100,4133,43.99,0.124,inf,inf,2,3.527,17.12,45층 440㎡(25.7×17.1m) + 저층부 5층 4000㎡(84.9×47.1m),"{""towers"": [[439.5, 1.5, 110, 194317.1, 546957.9, 45]], ""podium"": [4000.0, 1.8025, 52.04, 194307.2, 546952.7, 5], ""detached"": false}"
단일+저층부,저층부고정 11m,46,46,155.8,143,43,90,18,53,37580,400.0,7710,45290,4133,43.99,0.294,inf,inf,2,3.55,15.43,46층 429㎡(27.8×15.4m) + 저층부 5층 4000㎡(84.9×47.1m),"{""towers"": [[428.78, 1.8, 140, 194309.1, 546961.9, 46]], ""podium"": [4000.0, 1.8025, 52.04, 194307.2, 546952.7, 5], ""detached"": false}"
단일+저층부,저층부고정 11m,53,53,178.9,143,44,90,19,53,37580,400.0,8083,45663,4133,43.99,0.179,inf,inf,2,3.523,15.63,53층 366㎡(23.4×15.6m) + 저층부 5층 4000㎡(84.9×47.1m),"{""towers"": [[366.25, 1.5, 110, 194313.1, 546961.9, 53]], ""podium"": [4000.0, 1.8025, 52.04, 194307.2, 546952.7, 5], ""detached"": false}"
단일+저층부,저층부고정 11m,50,50,169.0,144,32,90,11,54,37580,400.0,8286,45866,4133,43.99,0.061,inf,inf,2,3.642,12.76,50층 391㎡(30.6×12.8m) + 저층부 5층 4000㎡(84.9×47.1m),"{""towers"": [[390.67, 2.4, 10, 194301.1, 546941.9, 50]], ""podium"": [4000.0, 1.8025, 52.04, 194307.2, 546952.7, 5], ""detached"": false}"
단일+저층부,저층부고정 11m,53,53,178.9,145,34,90,10,55,37580,400.0,8083,45663,4133,43.99,0.27,inf,inf,2,3.562,15.63,53층 366㎡(23.4×15.6m) + 저층부 5층 4000㎡(84.9×47.1m),"{""towers"": [[366.25, 1.5, 130, 194305.1, 546953.9, 53]], ""podium"": [4000.0, 1.8025, 52.04, 194307.2, 546952.7, 5], ""detached"": false}"
단일+저층부,저층부고정 11m,52,52,175.6,146,45,90,20,56,37580,400.0,8282,45862,4133,43.99,0.103,inf,inf,2,3.524,13.35,52층 374㎡(28.0×13.3m) + 저층부 5층 4000㎡(84.9×47.1m),"{""towers"": [[374.04, 2.1, 50, 194313.1, 546953.9, 52]], ""podium"": [4000.0, 1.8025, 52.04, 194307.2, 546952.7, 5], ""detached"": false}"
단일+저층부,저층부고정 11m,51,51,172.3,147,29,90,10,57,37580,400.0,8514,46094,4133,43.99,0.213,inf,inf,2,3.568,11.9,51층 382㎡(32.1×11.9m) + 저층부 5층 4000㎡(84.9×47.1m),"{""towers"": [[382.17, 2.7, 140, 194293.1, 546945.9, 51]], ""podium"": [4000.0, 1.8025, 52.04, 194307.2, 546952.7, 5], ""detached"": false}"
단일+저층부,저층부고정 11m,54,54,182.2,150,26,90,10,60,37580,400.0,8423,46003,4133,43.99,0.175,inf,inf,2,3.601,13.07,54층 359㎡(27.4×13.1m) + 저층부 5층 4000㎡(84.9×47.1m),"{""towers"": [[358.78, 2.1, 140, 194297.1, 546933.9, 54]], ""podium"": [4000.0, 1.8025, 52.04, 194307.2, 546952.7, 5], ""detached"": false}"
단일+저층부,저층부고정 11m,48,48,162.4,133,30,91,12,42,37580,400.0,7992,45572,4133,43.99,0.137,inf,inf,2,3.647,13.95,48층 409㎡(29.3×14.0m) + 저층부 5층 4000㎡(84.9×47.1m),"{""towers"": [[408.84, 2.1, 160, 194289.1, 546933.9, 48]], ""podium"": [4000.0, 1.8025, 52.04, 194307.2, 546952.7, 5], ""detached"": false}"
단일+저층부,저층부고정 11m,53,53,178.9,135,39,91,19,44,37580,400.0,8209,45789,4133,43.99,0.137,inf,inf,2,3.662,14.26,53층 366㎡(25.7×14.3m) + 저층부 5층 4000㎡(84.9×47.1m),"{""towers"": [[366.25, 1.8, 170, 194285.1, 546941.9, 53]], ""podium"": [4000.0, 1.8025, 52.04, 194307.2, 546952.7, 5], ""detached"": false}"
단일+저층부,저층부고정 11m,55,55,185.5,142,36,91,15,51,37580,400.0,8648,46228,4133,43.99,0.101,inf,inf,2,3.481,12.1,55층 352㎡(29.0×12.1m) + 저층부 5층 4000㎡(84.9×47.1m),"{""towers"": [[351.6, 2.4, 110, 194317.1, 546957.9, 55]], ""podium"": [4000.0, 1.8025, 52.04, 194307.2, 546952.7, 5], ""detached"": false}"
단일+저층부,저층부고정 11m,46,46,155.8,142,39,91,14,51,37580,400.0,7984,45564,4133,43.99,0.161,inf,inf,2,3.478,13.37,46층 429㎡(32.1×13.4m) + 저층부 5층 4000㎡(84.9×47.1m),"{""towers"": [[428.78, 2.4, 50, 194317.1, 546965.9, 46]], ""podium"": [4000.0, 1.8025, 52.04, 194307.2, 546952.7, 5], ""detached"": false}"
단일+저층부,저층부고정 11m,48,48,162.4,143,41,91,16,52,37580,400.0,8286,45866,4133,43.99,0.291,inf,inf,2,3.54,12.31,48층 409㎡(33.2×12.3m) + 저층부 5층 4000㎡(84.9×47.1m),"{""towers"": [[408.84, 2.7, 140, 194309.1, 546961.9, 48]], ""podium"": [4000.0, 1.8025, 52.04, 194307.2, 546952.7, 5], ""detached"": false}"
단일+저층부,저층부고정 11m,49,49,165.7,143,39,91,16,52,37580,400.0,8515,46095,4133,43.99,0.303,inf,inf,2,3.535,11.54,49층 400㎡(34.6×11.5m) + 저층부 5층 4000㎡(84.9×47.1m),"{""towers"": [[399.55, 3.0, 140, 194309.1, 546957.9, 49]], ""podium"": [4000.0, 1.8025, 52.04, 194307.2, 546952.7, 5], ""detached"": false}"
단일+저층부,저층부고정 11m,45,45,152.5,146,34,91,10,55,37580,400.0,7636,45216,4133,43.99,0.321,inf,inf,2,3.553,15.63,45층 440㎡(28.1×15.6m) + 저층부 5층 4000㎡(84.9×47.1m),"{""towers"": [[439.5, 1.8, 140, 194305.1, 546961.9, 45]], ""podium"": [4000.0, 1.8025, 52.04, 194307.2, 546952.7, 5], ""detached"": false}"
단일+저층부,저층부고정 11m,51,51,172.3,149,31,91,10,58,37580,400.0,7946,45526,4133,43.99,0.113,inf,inf,2,3.558,15.96,51층 382㎡(23.9×16.0m) + 저층부 5층 4000㎡(84.9×47.1m),"{""towers"": [[382.17, 1.5, 90, 194301.1, 546949.9, 51]], ""podium"": [4000.0, 1.8025, 52.04, 194307.2, 546952.7, 5], ""detached"": false}"
단일+저층부,저층부고정 11m,51,51,172.3,150,31,91,10,59,37580,400.0,7946,45526,4133,43.99,0.145,inf,inf,2,3.54,15.96,51층 382㎡(23.9×16.0m) + 저층부 5층 4000㎡(84.9×47.1m),"{""towers"": [[382.17, 1.5, 60, 194301.1, 546961.9, 51]], ""podium"": [4000.0, 1.8025, 52.04, 194307.2, 546952.7, 5], ""detached"": false}"
단일+저층부,저층부고정 11m,51,51,172.3,137,33,92,13,45,37580,400.0,8070,45650,4133,43.99,0.161,inf,inf,2,3.653,14.57,51층 382㎡(26.2×14.6m) + 저층부 5층 4000㎡(84.9×47.1m),"{""towers"": [[382.17, 1.8, 170, 194289.1, 546941.9, 51]], ""podium"": [4000.0, 1.8025, 52.04, 194307.2, 546952.7, 5], ""detached"": false}"
단일+저층부,저층부고정 11m,47,47,159.1,141,32,92,13,49,37580,400.0,7783,45363,4133,43.99,0.173,inf,inf,2,3.616,15.25,47층 419㎡(27.4×15.2m) + 저층부 5층 4000㎡(84.9×47.1m),"{""towers"": [[418.57, 1.8, 150, 194285.1, 546945.9, 47]], ""podium"": [4000.0, 1.8025, 52.04, 194307.2, 546952.7, 5], ""detached"": false}"
단일+저층부,저층부고정 11m,53,53,178.9,142,29,92,11,50,37580,400.0,8083,45663,4133,43.99,0.144,inf,inf,2,3.625,15.63,53층 366㎡(23.4×15.6m) + 저층부 5층 4000㎡(84.9×47.1m),"{""towers"": [[366.25, 1.5, 150, 194289.1, 546937.9, 53]], ""podium"": [4000.0, 1.8025, 52.04, 194307.2, 546952.7, 5], ""detached"": false}"
단일+저층부,저층부고정 11m,52,52,175.6,145,32,92,11,53,37580,400.0,8433,46013,4133,43.99,0.088,inf,inf,2,3.663,12.48,52층 374㎡(30.0×12.5m) + 저층부 5층 4000㎡(84.9×47.1m),"{""towers"": [[374.04, 2.4, 0, 194297.1, 546941.9, 52]], ""podium"": [4000.0, 1.8025, 52.04, 194307.2, 546952.7, 5], ""detached"": false}"
단일+저층부,저층부고정 11m,46,46,155.8,146,43,92,20,54,37580,400.0,7593,45173,4133,43.99,0.116,inf,inf,2,3.539,16.91,46층 429㎡(25.4×16.9m) + 저층부 5층 4000㎡(84.9×47.1m),"{""towers"": [[428.78, 1.5, 100, 194309.1, 546953.9, 46]], ""podium"": [4000.0, 1.8025, 52.04, 194307.2, 546952.7, 5], ""detached"": false}"
단일+저층부,저층부고정 11m,47,47,159.1,147,27,92,10,55,37580,400.0,8061,45641,4133,43.99,0.195,inf,inf,2,3.589,13.21,47층 419㎡(31.7×13.2m) + 저층부 5층 4000㎡(84.9×47.1m),"{""towers"": [[418.57, 2.4, 140, 194293.1, 546937.9, 47]], ""podium"": [4000.0, 1.8025, 52.04, 194307.2, 546952.7, 5], ""detached"": false}"
단일+저층부,저층부고정 11m,51,51,172.3,147,37,92,12,55,37580,400.0,7946,45526,4133,43.99,0.118,inf,inf,2,3.547,15.96,51층 382㎡(23.9×16.0m) + 저층부 5층 4000㎡(84.9×47.1m),"{""towers"": [[382.17, 1.5, 90, 194305.1, 546953.9, 51]], ""podium"": [4000.0, 1.8025, 52.04, 194307.2, 546952.7, 5], ""detached"": false}"
단일+저층부,저층부고정 11m,47,47,159.1,151,31,92,10,59,37580,400.0,7665,45245,4133,43.99,0.154,inf,inf,2,3.531,16.7,47층 419㎡(25.1×16.7m) + 저층부 5층 4000㎡(84.9×47.1m),"{""towers"": [[418.57, 1.5, 60, 194301.1, 546961.9, 47]], ""podium"": [4000.0, 1.8025, 52.04, 194307.2, 546952.7, 5], ""detached"": false}"
단일+저층부,저층부고정 11m,49,49,165.7,152,30,92,10,60,37580,400.0,8363,45943,4133,43.99,0.276,inf,inf,2,3.513,12.16,49층 400㎡(32.8×12.2m) + 저층부 5층 4000㎡(84.9×47.1m),"{""towers"": [[399.55, 2.7, 130, 194301.1, 546953.9, 49]], ""podium"": [4000.0, 1.8025, 52.04, 194307.2, 546952.7, 5], ""detached"": false}"
단일+저층부,저층부고정 11m,50,50,169.0,154,25,92,10,62,37580,400.0,8593,46173,4133,43.99,0.174,inf,inf,2,3.573,11.41,50층 391㎡(34.2×11.4m) + 저층부 5층 4000㎡(84.9×47.1m),"{""towers"": [[390.67, 3.0, 140, 194293.1, 546933.9, 50]], ""podium"": [4000.0, 1.8025, 52.04, 194307.2, 546952.7, 5], ""detached"": false}"
단일+저층부,저층부고정 11m,54,54,182.2,140,32,93,15,47,37580,400.0,8423,46003,4133,43.99,0.089,inf,inf,2,3.64,13.07,54층 359㎡(27.4×13.1m) + 저층부 5층 4000㎡(84.9×47.1m),"{""towers"": [[358.78, 2.1, 150, 194285.1, 546925.9, 54]], ""podium"": [4000.0, 1.8025, 52.04, 194307.2, 546952.7, 5], ""detached"": false}"
단일+저층부,저층부고정 11m,47,47,159.1,144,35,93,10,51,37580,400.0,8357,45937,4133,43.99,0.158,inf,inf,2,3.439,11.81,47층 419㎡(35.4×11.8m) + 저층부 5층 4000㎡(84.9×47.1m),"{""towers"": [[418.57, 3.0, 50, 194317.1, 546977.9, 47]], ""podium"": [4000.0, 1.8025, 52.04, 194307.2, 546952.7, 5], ""detached"": false}"
단일+저층부,저층부고정 11m,51,51,172.3,145,35,93,15,52,37580,400.0,8670,46250,4133,43.99,0.054,inf,inf,2,3.472,11.29,51층 382㎡(33.9×11.3m) + 저층부 5층 4000㎡(84.9×47.1m),"{""towers"": [[382.17, 3.0, 60, 194321.1, 546949.9, 51]], ""podium"": [4000.0, 1.8025, 52.04, 194307.2, 546952.7, 5], ""detached"": false}"
단일+저층부,저층부고정 11m,46,46,155.8,147,37,93,16,54,37580,400.0,8129,45709,4133,43.99,0.33,inf,inf,2,3.554,12.6,46층 429㎡(34.0×12.6m) + 저층부 5층 4000㎡(84.9×47.1m),"{""towers"": [[428.78, 2.7, 140, 194309.1, 546949.9, 46]], ""podium"": [4000.0, 1.8025, 52.04, 194307.2, 546952.7, 5], ""detached"": false}"
단일+저층부,저층부고정 11m,53,53,178.9,149,40,93,20,56,37580,400.0,8663,46243,4133,43.99,0.074,inf,inf,2,3.496,11.65,53층 366㎡(31.4×11.6m) + 저층부 5층 4000㎡(84.9×47.1m),"{""towers"": [[366.25, 2.7, 120, 194313.1, 546949.9, 53]], ""podium"": [4000.0, 1.8025, 52.04, 194307.2, 546952.7, 5], ""detached"": false}"
단일+저층부,저층부고정 11m,53,53,178.9,150,45,93,20,57,37580,400.0,8822,46402,4133,43.99,0.148,inf,inf,2,3.522,11.05,53층 366㎡(33.1×11.0m) + 저층부 5층 4000㎡(84.9×47.1m),"{""towers"": [[366.25, 3.0, 30, 194309.1, 546965.9, 53]], ""podium"": [4000.0, 1.8025, 52.04, 194307.2, 546952.7, 5], ""detached"": false}"
단일+저층부,저층부고정 11m,50,50,169.0,155,28,93,10,62,37580,400.0,8593,46173,4133,43.99,0.233,inf,inf,2,3.519,11.41,50층 391㎡(34.2×11.4m) + 저층부 5층 4000㎡(84.9×47.1m),"{""towers"": [[390.67, 3.0, 130, 194301.1, 546945.9, 50]], ""podium"": [4000.0, 1.8025, 52.04, 194307.2, 546952.7, 5], ""detached"": false}"
단일+저층부,저층부고정 11m,51,51,172.3,147,29,94,12,53,37580,400.0,7946,45526,4133,43.99,0.106,inf,inf,2,3.644,15.96,51층 382㎡(23.9×16.0m) + 저층부 5층 4000㎡(84.9×47.1m),"{""towers"": [[382.17, 1.5, 150, 194289.1, 546925.9, 51]], ""podium"": [4000.0, 1.8025, 52.04, 194307.2, 546952.7, 5], ""detached"": false}"
단일+저층부,저층부고정 11m,53,53,178.9,147,34,94,11,53,37580,400.0,8663,46243,4133,43.99,0.082,inf,inf,2,3.633,11.65,53층 366㎡(31.4×11.6m) + 저층부 5층 4000㎡(84.9×47.1m),"{""towers"": [[366.25, 2.7, 10, 194301.1, 546945.9, 53]], ""podium"": [4000.0, 1.8025, 52.04, 194307.2, 546952.7, 5], ""detached"": false}"
단일+저층부,저층부고정 11m,55,55,185.5,149,32,94,11,55,37580,400.0,8492,46072,4133,43.99,0.104,inf,inf,2,3.641,12.94,55층 352㎡(27.2×12.9m) + 저층부 5층 4000㎡(84.9×47.1m),"{""towers"": [[351.6, 2.1, 10, 194297.1, 546945.9, 55]], ""podium"": [4000.0, 1.8025, 52.04, 194307.2, 546952.7, 5], ""detached"": false}"
단일+저층부,저층부고정 11m,50,50,169.0,150,40,94,20,56,37580,400.0,8138,45718,4133,43.99,0.048,inf,inf,2,3.515,13.64,50층 391㎡(28.6×13.6m) + 저층부 5층 4000㎡(84.9×47.1m),"{""towers"": [[390.67, 2.1, 70, 194313.1, 546945.9, 50]], ""podium"": [4000.0, 1.8025, 52.04, 194307.2, 546952.7, 5], ""detached"": false}"
단일+저층부,저층부고정 11m,52,52,175.6,153,31,94,10,59,37580,400.0,8015,45595,4133,43.99,0.13,inf,inf,2,3.567,15.79,52층 374㎡(23.7×15.8m) + 저층부 5층 4000㎡(84.9×47.1m),"{""towers"": [[374.04, 1.5, 40, 194301.1, 546953.9, 52]], ""podium"": [4000.0, 1.8025, 52.04, 194307.2, 546952.7, 5], ""detached"": false}"
단일+저층부,저층부고정 11m,55,55,185.5,153,31,94,10,59,37580,400.0,8345,45925,4133,43.99,0.146,inf,inf,2,3.526,13.98,55층 352㎡(25.2×14.0m) + 저층부 5층 4000㎡(84.9×47.1m),"{""towers"": [[351.6, 1.8, 100, 194301.1, 546953.9, 55]], ""podium"": [4000.0, 1.8025, 52.04, 194307.2, 546952.7, 5], ""detached"": false}"
단일+저층부,저층부고정 11m,47,47,159.1,154,31,94,10,60,37580,400.0,7665,45245,4133,43.99,0.135,inf,inf,2,3.577,16.7,47층 419㎡(25.1×16.7m) + 저층부 5층 4000㎡(84.9×47.1m),"{""towers"": [[418.57, 1.5, 30, 194301.1, 546953.9, 47]], ""podium"": [4000.0, 1.8025, 52.04, 194307.2, 546952.7, 5], ""detached"": false}"
단일+저층부,저층부고정 11m,54,54,182.2,143,36,95,19,48,37580,400.0,8277,45857,4133,43.99,0.125,inf,inf,2,3.669,14.12,54층 359㎡(25.4×14.1m) + 저층부 5층 4000㎡(84.9×47.1m),"{""towers"": [[358.78, 1.8, 0, 194285.1, 546937.9, 54]], ""podium"": [4000.0, 1.8025, 52.04, 194307.2, 546952.7, 5], ""detached"": false}"
단일+저층부,저층부고정 11m,55,55,185.5,146,29,95,12,51,37580,400.0,8648,46228,4133,43.99,0.11,inf,inf,2,3.603,12.1,55층 352㎡(29.0×12.1m) + 저층부 5층 4000㎡(84.9×47.1m),"{""towers"": [[351.6, 2.4, 140, 194285.1, 546929.9, 55]], ""podium"": [4000.0, 1.8025, 52.04, 194307.2, 546952.7, 5], ""detached"": false}"
단일+저층부,저층부고정 11m,53,53,178.9,148,44,95,21,53,37580,400.0,8353,45933,4133,43.99,0.053,inf,inf,2,3.602,13.21,53층 366㎡(27.7×13.2m) + 저층부 5층 4000㎡(84.9×47.1m),"{""towers"": [[366.25, 2.1, 20, 194309.1, 546945.9, 53]], ""podium"": [4000.0, 1.8025, 52.04, 194307.2, 546952.7, 5], ""detached"": false}"
단일+저층부,저층부고정 11m,46,46,155.8,148,40,95,16,53,37580,400.0,7710,45290,4133,43.99,0.06,inf,inf,2,3.589,15.43,46층 429㎡(27.8×15.4m) + 저층부 5층 4000㎡(84.9×47.1m),"{""towers"": [[428.78, 1.8, 30, 194309.1, 546945.9, 46]], ""podium"": [4000.0, 1.8025, 52.04, 194307.2, 546952.7, 5], ""detached"": false}"
단일+저층부,저층부고정 11m,47,47,159.1,149,41,95,16,54,37580,400.0,7665,45245,4133,43.99,0.152,inf,inf,2,3.527,16.7,47층 419㎡(25.1×16.7m) + 저층부 5층 4000㎡(84.9×47.1m),"{""towers"": [[418.57, 1.5, 60, 194309.1, 546961.9, 47]], ""podium"": [4000.0, 1.8025, 52.04, 194307.2, 546952.7, 5], ""detached"": false}"
단일+저층부,저층부고정 11m,50,50,169.0,151,32,95,11,56,37580,400.0,8286,45866,4133,43.99,0.156,inf,inf,2,3.628,12.76,50층 391㎡(30.6×12.8m) + 저층부 5층 4000㎡(84.9×47.1m),"{""towers"": [[390.67, 2.4, 10, 194297.1, 546953.9, 50]], ""podium"": [4000.0, 1.8025, 52.04, 194307.2, 546952.7, 5], ""detached"": false}"
단일+저층부,저층부고정 11m,54,54,182.2,152,33,95,10,57,37580,400.0,8277,45857,4133,43.99,0.091,inf,inf,2,3.581,14.12,54층 359㎡(25.4×14.1m) + 저층부 5층 4000㎡(84.9×47.1m),"{""towers"": [[358.78, 1.8, 30, 194305.1, 546949.9, 54]], ""podium"": [4000.0, 1.8025, 52.04, 194307.2, 546952.7, 5], ""detached"": false}"
단일+저층부,저층부고정 11m,53,53,178.9,152,34,95,10,57,37580,400.0,8209,45789,4133,43.99,0.146,inf,inf,2,3.52,14.26,53층 366㎡(25.7×14.3m) + 저층부 5층 4000㎡(84.9×47.1m),"{""towers"": [[366.25, 1.8, 50, 194305.1, 546965.9, 53]], ""podium"": [4000.0, 1.8025, 52.04, 194307.2, 546952.7, 5], ""detached"": false}"
단일+저층부,저층부고정 11m,49,49,165.7,154,31,95,10,59,37580,400.0,7807,45387,4133,43.99,0.165,inf,inf,2,3.548,16.32,49층 400㎡(24.5×16.3m) + 저층부 5층 4000㎡(84.9×47.1m),"{""towers"": [[399.55, 1.5, 50, 194301.1, 546957.9, 49]], ""podium"": [4000.0, 1.8025, 52.04, 194307.2, 546952.7, 5], ""detached"": false}"
단일+저층부,저층부고정 11m,47,47,159.1,155,31,95,10,60,37580,400.0,7665,45245,4133,43.99,0.113,inf,inf,2,3.586,16.7,47층 419㎡(25.1×16.7m) + 저층부 5층 4000㎡(84.9×47.1m),"{""towers"": [[418.57, 1.5, 30, 194301.1, 546949.9, 47]], ""podium"": [4000.0, 1.8025, 52.04, 194307.2, 546952.7, 5], ""detached"": false}"
단일+저층부,저층부고정 11m,49,49,165.7,155,31,95,10,60,37580,400.0,7807,45387,4133,43.99,0.199,inf,inf,2,3.544,16.32,49층 400㎡(24.5×16.3m) + 저층부 5층 4000㎡(84.9×47.1m),"{""towers"": [[399.55, 1.5, 110, 194301.1, 546953.9, 49]], ""podium"": [4000.0, 1.8025, 52.04, 194307.2, 546952.7, 5], ""detached"": false}"
단일+저층부,저층부고정 11m,47,47,159.1,142,33,96,13,46,37580,400.0,7783,45363,4133,43.99,0.188,inf,inf,2,3.644,15.25,47층 419㎡(27.4×15.2m) + 저층부 5층 4000㎡(84.9×47.1m),"{""towers"": [[418.57, 1.8, 170, 194289.1, 546945.9, 47]], ""podium"": [4000.0, 1.8025, 52.04, 194307.2, 546952.7, 5], ""detached"": false}"
단일+저층부,저층부고정 11m,44,44,149.2,143,32,96,13,47,37580,400.0,8113,45693,4133,43.99,0.067,inf,inf,2,3.454,12.26,44층 451㎡(36.8×12.3m) + 저층부 5층 4000㎡(84.9×47.1m),"{""towers"": [[450.77, 3.0, 60, 194329.1, 546957.9, 44]], ""podium"": [4000.0, 1.8025, 52.04, 194307.2, 546952.7, 5], ""detached"": false}"
단일+저층부,저층부고정 11m,45,45,152.5,148,45,96,20,52,37580,400.0,8050,45630,4133,43.99,0.098,inf,inf,2,3.58,12.76,45층 440㎡(34.4×12.8m) + 저층부 5층 4000㎡(84.9×47.1m),"{""towers"": [[439.5, 2.7, 20, 194309.1, 546953.9, 45]], ""podium"": [4000.0, 1.8025, 52.04, 194307.2, 546952.7, 5], ""detached"": false}"
단일+저층부,저층부고정 11m,55,55,185.5,148,45,96,20,52,37580,400.0,8217,45797,4133,43.99,0.135,inf,inf,2,3.528,15.31,55층 352㎡(23.0×15.3m) + 저층부 5층 4000㎡(84.9×47.1m),"{""towers"": [[351.6, 1.5, 50, 194309.1, 546969.9, 55]], ""podium"": [4000.0, 1.8025, 52.04, 194307.2, 546952.7, 5], ""detached"": false}"
단일+저층부,저층부고정 11m,48,48,162.4,149,44,96,19,53,37580,400.0,7856,45436,4133,43.99,0.156,inf,inf,2,3.49,15.07,48층 409㎡(27.1×15.1m) + 저층부 5층 4000㎡(84.9×47.1m),"{""towers"": [[408.84, 1.8, 90, 194313.1, 546965.9, 48]], ""podium"": [4000.0, 1.8025, 52.04, 194307.2, 546952.7, 5], ""detached"": false}"
단일+저층부,저층부고정 11m,54,54,182.2,149,44,96,19,53,37580,400.0,8423,46003,4133,43.99,0.144,inf,inf,2,3.476,13.07,54층 359㎡(27.4×13.1m) + 저층부 5층 4000㎡(84.9×47.1m),"{""towers"": [[358.78, 2.1, 90, 194313.1, 546965.9, 54]], ""podium"": [4000.0, 1.8025, 52.04, 194307.2, 546952.7, 5], ""detached"": false}"
단일+저층부,저층부고정 11m,53,53,178.9,150,45,96,20,54,37580,400.0,8209,45789,4133,43.99,0.142,inf,inf,2,3.513,14.26,53층 366㎡(25.7×14.3m) + 저층부 5층 4000㎡(84.9×47.1m),"{""towers"": [[366.25, 1.8, 50, 194309.1, 546969.9, 53]], ""podium"": [4000.0, 1.8025, 52.04, 194307.2, 546952.7, 5], ""detached"": false}"
단일+저층부,저층부고정 11m,44,44,149.2,151,29,96,10,55,37580,400.0,7447,45027,4133,43.99,0.078,inf,inf,2,3.585,17.34,44층 451㎡(26.0×17.3m) + 저층부 5층 4000㎡(84.9×47.1m),"{""towers"": [[450.77, 1.5, 50, 194305.1, 546941.9, 44]], ""podium"": [4000.0, 1.8025, 52.04, 194307.2, 546952.7, 5], ""detached"": false}"
단일+저층부,저층부고정 11m,54,54,182.2,151,40,96,20,55,37580,400.0,8577,46157,4133,43.99,0.054,inf,inf,2,3.486,12.23,54층 359㎡(29.3×12.2m) + 저층부 5층 4000㎡(84.9×47.1m),"{""towers"": [[358.78, 2.4, 90, 194313.1, 546949.9, 54]], ""podium"": [4000.0, 1.8025, 52.04, 194307.2, 546952.7, 5], ""detached"": false}"
단일+저층부,저층부고정 11m,52,52,175.6,152,43,96,19,56,37580,400.0,8282,45862,4133,43.99,0.059,inf,inf,2,3.581,13.35,52층 374㎡(28.0×13.3m) + 저층부 5층 4000㎡(84.9×47.1m),"{""towers"": [[374.04, 2.1, 30, 194309.1, 546945.9, 52]], ""podium"": [4000.0, 1.8025, 52.04, 194307.2, 546952.7, 5], ""detached"": false}"
단일+저층부,저층부고정 11m,48,48,162.4,152,41,96,20,56,37580,400.0,7992,45572,4133,43.99,0.08,inf,inf,2,3.489,13.95,48층 409㎡(29.3×14.0m) + 저층부 5층 4000㎡(84.9×47.1m),"{""towers"": [[408.84, 2.1, 90, 194313.1, 546953.9, 48]], ""podium"": [4000.0, 1.8025, 52.04, 194307.2, 546952.7, 5], ""detached"": false}"
단일+저층부,저층부고정 11m,45,45,152.5,153,31,96,10,57,37580,400.0,7636,45216,4133,43.99,0.103,inf,inf,2,3.533,15.63,45층 440㎡(28.1×15.6m) + 저층부 5층 4000㎡(84.9×47.1m),"{""towers"": [[439.5, 1.8, 70, 194305.1, 546949.9, 45]], ""podium"": [4000.0, 1.8025, 52.04, 194307.2, 546952.7, 5], ""detached"": false}"
단일+저층부,저층부고정 11m,46,46,155.8,154,29,96,10,58,37580,400.0,7593,45173,4133,43.99,0.138,inf,inf,2,3.558,16.91,46층 429㎡(25.4×16.9m) + 저층부 5층 4000㎡(84.9×47.1m),"{""towers"": [[428.78, 1.5, 90, 194297.1, 546949.9, 46]], ""podium"": [4000.0, 1.8025, 52.04, 194307.2, 546952.7, 5], ""detached"": false}"
단일+저층부,저층부고정 11m,49,49,165.7,155,31,96,10,59,37580,400.0,7807,45387,4133,43.99,0.288,inf,inf,2,3.543,16.32,49층 400㎡(24.5×16.3m) + 저층부 5층 4000㎡(84.9×47.1m),"{""towers"": [[399.55, 1.5, 120, 194301.1, 546957.9, 49]], ""podium"": [4000.0, 1.8025, 52.04, 194307.2, 546952.7, 5], ""detached"": false}"
단일+저층부,저층부고정 11m,52,52,175.6,155,31,96,10,59,37580,400.0,8139,45719,4133,43.99,0.156,inf,inf,2,3.516,14.42,52층 374㎡(25.9×14.4m) + 저층부 5층 4000㎡(84.9×47.1m),"{""towers"": [[374.04, 1.8, 90, 194301.1, 546957.9, 52]], ""podium"": [4000.0, 1.8025, 52.04, 194307.2, 546952.7, 5], ""detached"": false}"
단일+저층부,저층부고정 11m,54,54,182.2,156,31,96,10,60,37580,400.0,8277,45857,4133,43.99,0.147,inf,inf,2,3.527,14.12,54층 359㎡(25.4×14.1m) + 저층부 5층 4000㎡(84.9×47.1m),"{""towers"": [[358.78, 1.8, 100, 194301.1, 546953.9, 54]], ""podium"": [4000.0, 1.8025, 52.04, 194307.2, 546952.7, 5], ""detached"": false}"
단일+저층부,저층부고정 11m,54,54,182.2,156,29,96,10,60,37580,400.0,8423,46003,4133,43.99,0.148,inf,inf,2,3.521,13.07,54층 359㎡(27.4×13.1m) + 저층부 5층 4000㎡(84.9×47.1m),"{""towers"": [[358.78, 2.1, 60, 194297.1, 546957.9, 54]], ""podium"": [4000.0, 1.8025, 52.04, 194307.2, 546952.7, 5], ""detached"": false}"
단일+저층부,저층부고정 11m,54,54,182.2,152,44,97,20,55,37580,400.0,8150,45730,4133,43.99,0.056,inf,inf,2,3.59,15.47,54층 359㎡(23.2×15.5m) + 저층부 5층 4000㎡(84.9×47.1m),"{""towers"": [[358.78, 1.5, 30, 194309.1, 546945.9, 54]], ""podium"": [4000.0, 1.8025, 52.04, 194307.2, 546952.7, 5], ""detached"": false}"
단일+저층부,저층부고정 11m,48,48,162.4,152,37,97,17,55,37580,400.0,8137,45717,4133,43.99,0.048,inf,inf,2,3.511,13.05,48층 409㎡(31.3×13.1m) + 저층부 5층 4000㎡(84.9×47.1m),"{""towers"": [[408.84, 2.4, 60, 194317.1, 546945.9, 48]], ""podium"": [4000.0, 1.8025, 52.04, 194307.2, 546952.7, 5], ""detached"": false}"
단일+저층부,저층부고정 11m,48,48,162.4,153,28,97,10,56,37580,400.0,8286,45866,4133,43.99,0.19,inf,inf,2,3.571,12.31,48층 409㎡(33.2×12.3m) + 저층부 5층 4000㎡(84.9×47.1m),"{""towers"": [[408.84, 2.7, 140, 194289.1, 546941.9, 48]], ""podium"": [4000.0, 1.8025, 52.04, 194307.2, 546952.7, 5], ""detached"": false}"
단일+저층부,저층부고정 11m,44,44,149.2,155,31,97,10,58,37580,400.0,7447,45027,4133,43.99,0.167,inf,inf,2,3.56,17.34,44층 451㎡(26.0×17.3m) + 저층부 5층 4000㎡(84.9×47.1m),"{""towers"": [[450.77, 1.5, 40, 194301.1, 546957.9, 44]], ""podium"": [4000.0, 1.8025, 52.04, 194307.2, 546952.7, 5], ""detached"": false}"
단일+저층부,저층부고정 11m,44,44,149.2,155,29,97,10,58,37580,400.0,7447,45027,4133,43.99,0.167,inf,inf,2,3.558,17.34,44층 451㎡(26.0×17.3m) + 저층부 5층 4000㎡(84.9×47.1m),"{""towers"": [[450.77, 1.5, 60, 194297.1, 546953.9, 44]], ""podium"": [4000.0, 1.8025, 52.04, 194307.2, 546952.7, 5], ""detached"": false}"
단일+저층부,저층부고정 11m,50,50,169.0,155,33,97,10,58,37580,400.0,8138,45718,4133,43.99,0.288,inf,inf,2,3.539,13.64,50층 391㎡(28.6×13.6m) + 저층부 5층 4000㎡(84.9×47.1m),"{""towers"": [[390.67, 2.1, 130, 194305.1, 546953.9, 50]], ""podium"": [4000.0, 1.8025, 52.04, 194307.2, 546952.7, 5], ""detached"": false}"
단일+저층부,저층부고정 11m,51,51,172.3,155,30,97,10,58,37580,400.0,8070,45650,4133,43.99,0.145,inf,inf,2,3.527,14.57,51층 382㎡(26.2×14.6m) + 저층부 5층 4000㎡(84.9×47.1m),"{""towers"": [[382.17, 1.8, 80, 194297.1, 546957.9, 51]], ""podium"": [4000.0, 1.8025, 52.04, 194307.2, 546952.7, 5], ""detached"": false}"
단일+저층부,저층부고정 11m,53,53,178.9,156,32,97,10,59,37580,400.0,8083,45663,4133,43.99,0.088,inf,inf,2,3.57,15.63,53층 366㎡(23.4×15.6m) + 저층부 5층 4000㎡(84.9×47.1m),"{""towers"": [[366.25, 1.5, 50, 194305.1, 546945.9, 53]], ""podium"": [4000.0, 1.8025, 52.04, 194307.2, 546952.7, 5], ""detached"": false}"
단일+저층부,저층부고정 11m,45,45,152.5,156,29,97,10,59,37580,400.0,7520,45100,4133,43.99,0.164,inf,inf,2,3.545,17.12,45층 440㎡(25.7×17.1m) + 저층부 5층 4000㎡(84.9×47.1m),"{""towers"": [[439.5, 1.5, 60, 194297.1, 546957.9, 45]], ""podium"": [4000.0, 1.8025, 52.04, 194307.2, 546952.7, 5], ""detached"": false}"
단일+저층부,저층부고정 11m,53,53,178.9,156,30,97,10,59,37580,400.0,8209,45789,4133,43.99,0.075,inf,inf,2,3.544,14.26,53층 366㎡(25.7×14.3m) + 저층부 5층 4000㎡(84.9×47.1m),"{""towers"": [[366.25, 1.8, 70, 194305.1, 546945.9, 53]], ""podium"": [4000.0, 1.8025, 52.04, 194307.2, 546952.7, 5], ""detached"": false}"
단일+저층부,저층부고정 11m,49,49,165.7,157,29,97,10,60,37580,400.0,7928,45508,4133,43.99,0.15,inf,inf,2,3.525,14.9,49층 400㎡(26.8×14.9m) + 저층부 5층 4000㎡(84.9×47.1m),"{""towers"": [[399.55, 1.8, 70, 194297.1, 546957.9, 49]], ""podium"": [4000.0, 1.8025, 52.04, 194307.2, 546952.7, 5], ""detached"": false}"
단일+저층부,저층부고정 11m,53,53,178.9,158,29,97,10,61,37580,400.0,8209,45789,4133,43.99,0.204,inf,inf,2,3.562,14.26,53층 366㎡(25.7×14.3m) + 저층부 5층 4000㎡(84.9×47.1m),"{""towers"": [[366.25, 1.8, 130, 194293.1, 546949.9, 53]], ""podium"": [4000.0, 1.8025, 52.04, 194307.2, 546952.7, 5], ""detached"": false}"
단일+저층부,저층부고정 11m,45,45,152.5,159,29,97,10,62,37580,400.0,8050,45630,4133,43.99,0.281,inf,inf,2,3.523,12.76,45층 440㎡(34.4×12.8m) + 저층부 5층 4000㎡(84.9×47.1m),"{""towers"": [[439.5, 2.7, 130, 194301.1, 546949.9, 45]], ""podium"": [4000.0, 1.8025, 52.04, 194307.2, 546952.7, 5], ""detached"": false}"
단일+저층부,저층부고정 11m,44,44,149.2,144,29,98,11,46,37580,400.0,7970,45550,4133,43.99,0.073,inf,inf,2,3.677,12.92,44층 451㎡(34.9×12.9m) + 저층부 5층 4000㎡(84.9×47.1m),"{""towers"": [[450.77, 2.7, 0, 194293.1, 546937.9, 44]], ""podium"": [4000.0, 1.8025, 52.04, 194307.2, 546952.7, 5], ""detached"": false}"
단일+저층부,저층부고정 11m,46,46,155.8,149,31,98,11,51,37580,400.0,7984,45564,4133,43.99,0.087,inf,inf,2,3.662,13.37,46층 429㎡(32.1×13.4m) + 저층부 5층 4000㎡(84.9×47.1m),"{""towers"": [[428.78, 2.4, 0, 194297.1, 546941.9, 46]], ""podium"": [4000.0, 1.8025, 52.04, 194307.2, 546952.7, 5], ""detached"": false}"
단일+저층부,저층부고정 11m,44,44,149.2,151,42,98,17,53,37580,400.0,7828,45408,4133,43.99,0.135,inf,inf,2,3.54,13.7,44층 451㎡(32.9×13.7m) + 저층부 5층 4000㎡(84.9×47.1m),"{""towers"": [[450.77, 2.4, 30, 194313.1, 546961.9, 44]], ""podium"": [4000.0, 1.8025, 52.04, 194307.2, 546952.7, 5], ""detached"": false}"
단일+저층부,저층부고정 11m,54,54,182.2,155,34,98,10,57,37580,400.0,8423,46003,4133,43.99,0.152,inf,inf,2,3.529,13.07,54층 359㎡(27.4×13.1m) + 저층부 5층 4000㎡(84.9×47.1m),"{""towers"": [[358.78, 2.1, 40, 194305.1, 546961.9, 54]], ""podium"": [4000.0, 1.8025, 52.04, 194307.2, 546952.7, 5], ""detached"": false}"
단일+저층부,저층부고정 11m,50,50,169.0,156,29,98,10,58,37580,400.0,7877,45457,4133,43.99,0.15,inf,inf,2,3.558,16.14,50층 391㎡(24.2×16.1m) + 저층부 5층 4000㎡(84.9×47.1m),"{""towers"": [[390.67, 1.5, 70, 194293.1, 546953.9, 50]], ""podium"": [4000.0, 1.8025, 52.04, 194307.2, 546952.7, 5], ""detached"": false}"
단일+저층부,저층부고정 11m,52,52,175.6,158,32,98,11,60,37580,400.0,8589,46169,4133,43.99,0.084,inf,inf,2,3.608,11.77,52층 374㎡(31.8×11.8m) + 저층부 5층 4000㎡(84.9×47.1m),"{""towers"": [[374.04, 2.7, 20, 194301.1, 546945.9, 52]], ""podium"": [4000.0, 1.8025, 52.04, 194307.2, 546952.7, 5], ""detached"": false}"
단일+저층부,저층부고정 11m,52,52,175.6,158,28,98,10,60,37580,400.0,8139,45719,4133,43.99,0.053,inf,inf,2,3.558,14.42,52층 374㎡(25.9×14.4m) + 저층부 5층 4000㎡(84.9×47.1m),"{""towers"": [[374.04, 1.8, 70, 194301.1, 546937.9, 52]], ""podium"": [4000.0, 1.8025, 52.04, 194307.2, 546952.7, 5], ""detached"": false}"
단일+저층부,저층부고정 11m,49,49,165.7,150,36,99,11,51,37580,400.0,8515,46095,4133,43.99,0.176,inf,inf,2,3.447,11.54,49층 400㎡(34.6×11.5m) + 저층부 5층 4000㎡(84.9×47.1m),"{""towers"": [[399.55, 3.0, 50, 194317.1, 546969.9, 49]], ""podium"": [4000.0, 1.8025, 52.04, 194307.2, 546952.7, 5], ""detached"": false}"
단일+저층부,저층부고정 11m,44,44,149.2,152,38,99,18,53,37580,400.0,7690,45270,4133,43.99,0.032,inf,inf,2,3.573,14.65,44층 451㎡(30.8×14.7m) + 저층부 5층 4000㎡(84.9×47.1m),"{""towers"": [[450.77, 2.1, 50, 194313.1, 546937.9, 44]], ""podium"": [4000.0, 1.8025, 52.04, 194307.2, 546952.7, 5], ""detached"": false}"
단일+저층부,저층부고정 11m,45,45,152.5,152,38,99,14,53,37580,400.0,7520,45100,4133,43.99,0.214,inf,inf,2,3.545,17.12,45층 440㎡(25.7×17.1m) + 저층부 5층 4000㎡(84.9×47.1m),"{""towers"": [[439.5, 1.5, 120, 194309.1, 546953.9, 45]], ""podium"": [4000.0, 1.8025, 52.04, 194307.2, 546952.7, 5], ""detached"": false}"
단일+저층부,저층부고정 11m,44,44,149.2,152,41,99,19,53,37580,400.0,7828,45408,4133,43.99,0.294,inf,inf,2,3.517,13.7,44층 451㎡(32.9×13.7m) + 저층부 5층 4000㎡(84.9×47.1m),"{""towers"": [[450.77, 2.4, 130, 194313.1, 546957.9, 44]], ""podium"": [4000.0, 1.8025, 52.04, 194307.2, 546952.7, 5], ""detached"": false}"
단일+저층부,저층부고정 11m,55,55,185.5,153,45,99,20,54,37580,400.0,8345,45925,4133,43.99,0.121,inf,inf,2,3.512,13.98,55층 352㎡(25.2×14.0m) + 저층부 5층 4000㎡(84.9×47.1m),"{""towers"": [[351.6, 1.8, 50, 194309.1, 546973.9, 55]], ""podium"": [4000.0, 1.8025, 52.04, 194307.2, 546952.7, 5], ""detached"": false}"
단일+저층부,저층부고정 11m,48,48,162.4,154,44,99,19,55,37580,400.0,7992,45572,4133,43.99,0.129,inf,inf,2,3.514,13.95,48층 409㎡(29.3×14.0m) + 저층부 5층 4000㎡(84.9×47.1m),"{""towers"": [[408.84, 2.1, 50, 194313.1, 546957.9, 48]], ""podium"": [4000.0, 1.8025, 52.04, 194307.2, 546952.7, 5], ""detached"": false}"
단일+저층부,저층부고정 11m,55,55,185.5,154,41,99,16,55,37580,400.0,8648,46228,4133,43.99,0.16,inf,inf,2,3.488,12.1,55층 352㎡(29.0×12.1m) + 저층부 5층 4000㎡(84.9×47.1m),"{""towers"": [[351.6, 2.4, 50, 194309.1, 546965.9, 55]], ""podium"": [4000.0, 1.8025, 52.04, 194307.2, 546952.7, 5], ""detached"": false}"
단일+저층부,저층부고정 11m,45,45,152.5,155,41,99,16,56,37580,400.0,7520,45100,4133,43.99,0.158,inf,inf,2,3.522,17.12,45층 440㎡(25.7×17.1m) + 저층부 5층 4000㎡(84.9×47.1m),"{""towers"": [[439.5, 1.5, 50, 194309.1, 546969.9, 45]], ""podium"": [4000.0, 1.8025, 52.04, 194307.2, 546952.7, 5], ""detached"": false}"
단일+저층부,저층부고정 11m,52,52,175.6,156,45,99,20,57,37580,400.0,8433,46013,4133,43.99,0.156,inf,inf,2,3.509,12.48,52층 374㎡(30.0×12.5m) + 저층부 5층 4000㎡(84.9×47.1m),"{""towers"": [[374.04, 2.4, 40, 194309.1, 546965.9, 52]], ""podium"": [4000.0, 1.8025, 52.04, 194307.2, 546952.7, 5], ""detached"": false}"
단일+저층부,저층부고정 11m,52,52,175.6,157,30,99,10,58,37580,400.0,8015,45595,4133,43.99,0.152,inf,inf,2,3.554,15.79,52층 374㎡(23.7×15.8m) + 저층부 5층 4000㎡(84.9×47.1m),"{""towers"": [[374.04, 1.5, 90, 194297.1, 546953.9, 52]], ""podium"": [4000.0, 1.8025, 52.04, 194307.2, 546952.7, 5], ""detached"": false}"
단일+저층부,저층부고정 11m,49,49,165.7,159,29,99,10,60,37580,400.0,7807,45387,4133,43.99,0.073,inf,inf,2,3.568,16.32,49층 400㎡(24.5×16.3m) + 저층부 5층 4000㎡(84.9×47.1m),"{""towers"": [[399.55, 1.5, 100, 194301.1, 546941.9, 49]], ""podium"": [4000.0, 1.8025, 52.04, 194307.2, 546952.7, 5], ""detached"": false}"
단일+저층부,저층부고정 11m,55,55,185.5,159,30,99,10,60,37580,400.0,8492,46072,4133,43.99,0.125,inf,inf,2,3.544,12.94,55층 352㎡(27.2×12.9m) + 저층부 5층 4000㎡(84.9×47.1m),"{""towers"": [[351.6, 2.1, 40, 194297.1, 546961.9, 55]], ""podium"": [4000.0, 1.8025, 52.04, 194307.2, 546952.7, 5], ""detached"": false}"
단일+저층부,저층부고정 11m,54,54,182.2,159,32,99,10,60,37580,400.0,8277,45857,4133,43.99,0.101,inf,inf,2,3.541,14.12,54층 359㎡(25.4×14.1m) + 저층부 5층 4000㎡(84.9×47.1m),"{""towers"": [[358.78, 1.8, 60, 194305.1, 546949.9, 54]], ""podium"": [4000.0, 1.8025, 52.04, 194307.2, 546952.7, 5], ""detached"": false}"
단일+저층부,저층부고정 11m,54,54,182.2,159,29,99,10,60,37580,400.0,8423,46003,4133,43.99,0.05,inf,inf,2,3.529,13.07,54층 359㎡(27.4×13.1m) + 저층부 5층 4000㎡(84.9×47.1m),"{""towers"": [[358.78, 2.1, 80, 194305.1, 546941.9, 54]], ""podium"": [4000.0, 1.8025, 52.04, 194307.2, 546952.7, 5], ""detached"": false}"
단일+저층부,저층부고정 11m,50,50,169.0,160,29,99,10,61,37580,400.0,8286,45866,4133,43.99,0.237,inf,inf,2,3.535,12.76,50층 391㎡(30.6×12.8m) + 저층부 5층 4000㎡(84.9×47.1m),"{""towers"": [[390.67, 2.4, 130, 194297.1, 546949.9, 50]], ""podium"": [4000.0, 1.8025, 52.04, 194307.2, 546952.7, 5], ""detached"": false}"
단일+저층부,저층부고정 11m,53,53,178.9,160,31,99,10,61,37580,400.0,8663,46243,4133,43.99,0.126,inf,inf,2,3.512,11.65,53층 366㎡(31.4×11.6m) + 저층부 5층 4000㎡(84.9×47.1m),"{""towers"": [[366.25, 2.7, 40, 194301.1, 546965.9, 53]], ""podium"": [4000.0, 1.8025, 52.04, 194307.2, 546952.7, 5], ""detached"": false}"
단일+저층부,저층부고정 11m,48,48,162.4,162,29,99,10,63,37580,400.0,8286,45866,4133,43.99,0.23,inf,inf,2,3.526,12.31,48층 409㎡(33.2×12.3m) + 저층부 5층 4000㎡(84.9×47.1m),"{""towers"": [[408.84, 2.7, 130, 194297.1, 546945.9, 48]], ""podium"": [4000.0, 1.8025, 52.04, 194307.2, 546952.7, 5], ""detached"": false}"
단일+저층부,저층부고정 11m,48,48,162.4,150,28,100,16,50,37580,400.0,7737,45317,4133,43.99,0.113,inf,inf,2,3.607,16.51,48층 409㎡(24.8×16.5m) + 저층부 5층 4000㎡(84.9×47.1m),"{""towers"": [[408.84, 1.5, 130, 194281.1, 546937.9, 48]], ""podium"": [4000.0, 1.8025, 52.04, 194307.2, 546952.7, 5], ""detached"": false}"
단일+저층부,저층부고정 11m,51,51,172.3,153,31,100,11,53,37580,400.0,8070,45650,4133,43.99,0.068,inf,inf,2,3.662,14.57,51층 382㎡(26.2×14.6m) + 저층부 5층 4000㎡(84.9×47.1m),"{""towers"": [[382.17, 1.8, 0, 194297.1, 546937.9, 51]], ""podium"": [4000.0, 1.8025, 52.04, 194307.2, 546952.7, 5], ""detached"": false}"
단일+저층부,저층부고정 11m,54,54,182.2,159,31,100,10,59,37580,400.0,8423,46003,4133,43.99,0.107,inf,inf,2,3.511,13.07,54층 359㎡(27.4×13.1m) + 저층부 5층 4000㎡(84.9×47.1m),"{""towers"": [[358.78, 2.1, 90, 194301.1, 546949.9, 54]], ""podium"": [4000.0, 1.8025, 52.04, 194307.2, 546952.7, 5], ""detached"": false}"
단일+저층부,저층부고정 11m,55,55,185.5,160,29,100,10,60,37580,400.0,8492,46072,4133,43.99,0.063,inf,inf,2,3.527,12.94,55층 352㎡(27.2×12.9m) + 저층부 5층 4000㎡(84.9×47.1m),"{""towers"": [[351.6, 2.1, 90, 194301.1, 546941.9, 55]], ""podium"": [4000.0, 1.8025, 52.04, 194307.2, 546952.7, 5], ""detached"": false}"
단일+저층부,저층부고정 11m,55,55,185.5,161,29,100,11,61,37580,400.0,8217,45797,4133,43.99,0.059,inf,inf,2,3.579,15.31,55층 352㎡(23.0×15.3m) + 저층부 5층 4000㎡(84.9×47.1m),"{""towers"": [[351.6, 1.5, 110, 194301.1, 546937.9, 55]], ""podium"": [4000.0, 1.8025, 52.04, 194307.2, 546952.7, 5], ""detached"": false}"
단일+저층부,저층부고정 11m,55,55,185.5,161,29,100,10,61,37580,400.0,8345,45925,4133,43.99,0.127,inf,inf,2,3.566,13.98,55층 352㎡(25.2×14.0m) + 저층부 5층 4000㎡(84.9×47.1m),"{""towers"": [[351.6, 1.8, 40, 194293.1, 546957.9, 55]], ""podium"": [4000.0, 1.8025, 52.04, 194307.2, 546952.7, 5], ""detached"": false}"
단일+저층부,저층부고정 11m,55,55,185.5,161,28,100,11,61,37580,400.0,8345,45925,4133,43.99,0.053,inf,inf,2,3.558,13.98,55층 352㎡(25.2×14.0m) + 저층부 5층 4000㎡(84.9×47.1m),"{""towers"": [[351.6, 1.8, 110, 194301.1, 546937.9, 55]], ""podium"": [4000.0, 1.8025, 52.04, 194307.2, 546952.7, 5], ""detached"": false}"
단일+저층부,저층부고정 11m,48,48,162.4,163,30,100,10,63,37580,400.0,7992,45572,4133,43.99,0.127,inf,inf,2,3.519,13.95,48층 409㎡(29.3×14.0m) + 저층부 5층 4000㎡(84.9×47.1m),"{""towers"": [[408.84, 2.1, 60, 194301.1, 546949.9, 48]], ""podium"": [4000.0, 1.8025, 52.04, 194307.2, 546952.7, 5], ""detached"": false}"
단일+저층부,저층부고정 11m,45,45,152.5,149,32,101,13,48,37580,400.0,7636,45216,4133,43.99,0.117,inf,inf,2,3.671,15.63,45층 440㎡(28.1×15.6m) + 저층부 5층 4000㎡(84.9×47.1m),"{""towers"": [[439.5, 1.8, 0, 194289.1, 546937.9, 45]], ""podium"": [4000.0, 1.8025, 52.04, 194307.2, 546952.7, 5], ""detached"": false}"
단일+저층부,저층부고정 11m,48,48,162.4,154,39,101,14,53,37580,400.0,8436,46016,4133,43.99,0.123,inf,inf,2,3.486,11.67,48층 409㎡(35.0×11.7m) + 저층부 5층 4000㎡(84.9×47.1m),"{""towers"": [[408.84, 3.0, 40, 194317.1, 546961.9, 48]], ""podium"": [4000.0, 1.8025, 52.04, 194307.2, 546952.7, 5], ""detached"": false}"
단일+저층부,저층부고정 11m,46,46,155.8,156,42,101,19,55,37580,400.0,7843,45423,4133,43.99,0.093,inf,inf,2,3.534,14.29,46층 429㎡(30.0×14.3m) + 저층부 5층 4000㎡(84.9×47.1m),"{""towers"": [[428.78, 2.1, 50, 194313.1, 546949.9, 46]], ""podium"": [4000.0, 1.8025, 52.04, 194307.2, 546952.7, 5], ""detached"": false}"
단일+저층부,저층부고정 11m,55,55,185.5,156,41,101,19,55,37580,400.0,8809,46389,4133,43.99,0.102,inf,inf,2,3.447,11.41,55층 352㎡(30.8×11.4m) + 저층부 5층 4000㎡(84.9×47.1m),"{""towers"": [[351.6, 2.7, 100, 194313.1, 546957.9, 55]], ""podium"": [4000.0, 1.8025, 52.04, 194307.2, 546952.7, 5], ""detached"": false}"
단일+저층부,저층부고정 11m,50,50,169.0,157,37,101,17,56,37580,400.0,8439,46019,4133,43.99,0.034,inf,inf,2,3.48,12.03,50층 391㎡(32.5×12.0m) + 저층부 5층 4000㎡(84.9×47.1m),"{""towers"": [[390.67, 2.7, 70, 194317.1, 546945.9, 50]], ""podium"": [4000.0, 1.8025, 52.04, 194307.2, 546952.7, 5], ""detached"": false}"
단일+저층부,저층부고정 11m,54,54,182.2,159,29,101,10,58,37580,400.0,8150,45730,4133,43.99,0.122,inf,inf,2,3.577,15.47,54층 359㎡(23.2×15.5m) + 저층부 5층 4000㎡(84.9×47.1m),"{""towers"": [[358.78, 1.5, 40, 194297.1, 546949.9, 54]], ""podium"": [4000.0, 1.8025, 52.04, 194307.2, 546952.7, 5], ""detached"": false}"
단일+저층부,저층부고정 11m,55,55,185.5,161,29,101,10,60,37580,400.0,8648,46228,4133,43.99,0.138,inf,inf,2,3.571,12.1,55층 352㎡(29.0×12.1m) + 저층부 5층 4000㎡(84.9×47.1m),"{""towers"": [[351.6, 2.4, 30, 194297.1, 546953.9, 55]], ""podium"": [4000.0, 1.8025, 52.04, 194307.2, 546952.7, 5], ""detached"": false}"
단일+저층부,저층부고정 11m,55,55,185.5,161,29,101,10,60,37580,400.0,8809,46389,4133,43.99,0.138,inf,inf,2,3.563,11.41,55층 352㎡(30.8×11.4m) + 저층부 5층 4000㎡(84.9×47.1m),"{""towers"": [[351.6, 2.7, 30, 194297.1, 546957.9, 55]], ""podium"": [4000.0, 1.8025, 52.04, 194307.2, 546952.7, 5], ""detached"": false}"
단일+저층부,저층부고정 11m,53,53,178.9,162,29,101,10,61,37580,400.0,8209,45789,4133,43.99,0.137,inf,inf,2,3.554,14.26,53층 366㎡(25.7×14.3m) + 저층부 5층 4000㎡(84.9×47.1m),"{""towers"": [[366.25, 1.8, 50, 194297.1, 546949.9, 53]], ""podium"": [4000.0, 1.8025, 52.04, 194307.2, 546952.7, 5], ""detached"": false}"
단일+저층부,저층부고정 11m,52,52,175.6,154,33,102,13,52,37580,400.0,8282,45862,4133,43.99,0.109,inf,inf,2,3.669,13.35,52층 374㎡(28.0×13.3m) + 저층부 5층 4000㎡(84.9×47.1m),"{""towers"": [[374.04, 2.1, 0, 194289.1, 546937.9, 52]], ""podium"": [4000.0, 1.8025, 52.04, 194307.2, 546952.7, 5], ""detached"": false}"
단일+저층부,저층부고정 11m,44,44,149.2,155,28,102,10,53,37580,400.0,7447,45027,4133,43.99,0.145,inf,inf,2,3.611,17.34,44층 451㎡(26.0×17.3m) + 저층부 5층 4000㎡(84.9×47.1m),"{""towers"": [[450.77, 1.5, 130, 194289.1, 546933.9, 44]], ""podium"": [4000.0, 1.8025, 52.04, 194307.2, 546952.7, 5], ""detached"": false}"
단일+저층부,저층부고정 11m,46,46,155.8,155,37,102,15,53,37580,400.0,7843,45423,4133,43.99,0.088,inf,inf,2,3.505,14.29,46층 429㎡(30.0×14.3m) + 저층부 5층 4000㎡(84.9×47.1m),"{""towers"": [[428.78, 2.1, 60, 194317.1, 546953.9, 46]], ""podium"": [4000.0, 1.8025, 52.04, 194307.2, 546952.7, 5], ""detached"": false}"
단일+저층부,저층부고정 11m,55,55,185.5,157,43,102,20,55,37580,400.0,8809,46389,4133,43.99,0.038,inf,inf,2,3.55,11.41,55층 352㎡(30.8×11.4m) + 저층부 5층 4000㎡(84.9×47.1m),"{""towers"": [[351.6, 2.7, 40, 194313.1, 546941.9, 55]], ""podium"": [4000.0, 1.8025, 52.04, 194307.2, 546952.7, 5], ""detached"": false}"
단일+저층부,저층부고정 11m,47,47,159.1,157,42,102,20,55,37580,400.0,7783,45363,4133,43.99,0.077,inf,inf,2,3.523,15.25,47층 419㎡(27.4×15.2m) + 저층부 5층 4000㎡(84.9×47.1m),"{""towers"": [[418.57, 1.8, 90, 194309.1, 546949.9, 47]], ""podium"": [4000.0, 1.8025, 52.04, 194307.2, 546952.7, 5], ""detached"": false}"
단일+저층부,저층부고정 11m,51,51,172.3,159,41,102,16,57,37580,400.0,8360,45940,4133,43.99,0.171,inf,inf,2,3.486,12.62,51층 382㎡(30.3×12.6m) + 저층부 5층 4000㎡(84.9×47.1m),"{""towers"": [[382.17, 2.4, 50, 194309.1, 546965.9, 51]], ""podium"": [4000.0, 1.8025, 52.04, 194307.2, 546952.7, 5], ""detached"": false}"
단일+저층부,저층부고정 11m,53,53,178.9,161,31,102,10,59,37580,400.0,8353,45933,4133,43.99,0.161,inf,inf,2,3.524,13.21,53층 366㎡(27.7×13.2m) + 저층부 5층 4000㎡(84.9×47.1m),"{""towers"": [[366.25, 2.1, 50, 194301.1, 546957.9, 53]], ""podium"": [4000.0, 1.8025, 52.04, 194307.2, 546952.7, 5], ""detached"": false}"
단일+저층부,저층부고정 11m,50,50,169.0,164,29,102,10,62,37580,400.0,7999,45579,4133,43.99,0.214,inf,inf,2,3.556,14.73,50층 391㎡(26.5×14.7m) + 저층부 5층 4000㎡(84.9×47.1m),"{""towers"": [[390.67, 1.8, 130, 194293.1, 546949.9, 50]], ""podium"": [4000.0, 1.8025, 52.04, 194307.2, 546952.7, 5], ""detached"": false}"
단일+저층부,저층부고정 11m,49,49,165.7,164,30,102,10,62,37580,400.0,8066,45646,4133,43.99,0.144,inf,inf,2,3.513,13.79,49층 400㎡(29.0×13.8m) + 저층부 5층 4000㎡(84.9×47.1m),"{""towers"": [[399.55, 2.1, 60, 194301.1, 546953.9, 49]], ""podium"": [4000.0, 1.8025, 52.04, 194307.2, 546952.7, 5], ""detached"": false}"
단일+저층부,저층부고정 11m,47,47,159.1,156,42,103,17,53,37580,400.0,7918,45498,4133,43.99,0.162,inf,inf,2,3.483,14.12,47층 419㎡(29.6×14.1m) + 저층부 5층 4000㎡(84.9×47.1m),"{""towers"": [[418.57, 2.1, 60, 194313.1, 546965.9, 47]], ""podium"": [4000.0, 1.8025, 52.04, 194307.2, 546952.7, 5], ""detached"": false}"
단일+저층부,저층부고정 11m,46,46,155.8,159,33,103,10,56,37580,400.0,7593,45173,4133,43.99,0.17,inf,inf,2,3.526,16.91,46층 429㎡(25.4×16.9m) + 저층부 5층 4000㎡(84.9×47.1m),"{""towers"": [[428.78, 1.5, 100, 194305.1, 546957.9, 46]], ""podium"": [4000.0, 1.8025, 52.04, 194307.2, 546952.7, 5], ""detached"": false}"
단일+저층부,저층부고정 11m,44,44,149.2,160,32,103,10,57,37580,400.0,7561,45141,4133,43.99,0.101,inf,inf,2,3.586,15.82,44층 451㎡(28.5×15.8m) + 저층부 5층 4000㎡(84.9×47.1m),"{""towers"": [[450.77, 1.8, 30, 194305.1, 546949.9, 44]], ""podium"": [4000.0, 1.8025, 52.04, 194307.2, 546952.7, 5], ""detached"": false}"
단일+저층부,저층부고정 11m,54,54,182.2,161,39,103,19,58,37580,400.0,8736,46316,4133,43.99,0.051,inf,inf,2,3.466,11.53,54층 359㎡(31.1×11.5m) + 저층부 5층 4000㎡(84.9×47.1m),"{""towers"": [[358.78, 2.7, 100, 194313.1, 546949.9, 54]], ""podium"": [4000.0, 1.8025, 52.04, 194307.2, 546952.7, 5], ""detached"": false}"
단일+저층부,저층부고정 11m,48,48,162.4,164,27,103,10,61,37580,400.0,7856,45436,4133,43.99,0.04,inf,inf,2,3.587,15.07,48층 409㎡(27.1×15.1m) + 저층부 5층 4000㎡(84.9×47.1m),"{""towers"": [[408.84, 1.8, 50, 194305.1, 546933.9, 48]], ""podium"": [4000.0, 1.8025, 52.04, 194307.2, 546952.7, 5], ""detached"": false}"
단일+저층부,저층부고정 11m,45,45,152.5,165,30,103,10,62,37580,400.0,7636,45216,4133,43.99,0.16,inf,inf,2,3.538,15.63,45층 440㎡(28.1×15.6m) + 저층부 5층 4000㎡(84.9×47.1m),"{""towers"": [[439.5, 1.8, 110, 194301.1, 546949.9, 45]], ""podium"": [4000.0, 1.8025, 52.04, 194307.2, 546952.7, 5], ""detached"": false}"
단일+저층부,저층부고정 11m,44,44,149.2,165,29,103,10,62,37580,400.0,7828,45408,4133,43.99,0.148,inf,inf,2,3.527,13.7,44층 451㎡(32.9×13.7m) + 저층부 5층 4000㎡(84.9×47.1m),"{""towers"": [[450.77, 2.4, 50, 194301.1, 546949.9, 44]], ""podium"": [4000.0, 1.8025, 52.04, 194307.2, 546952.7, 5], ""detached"": false}"
단일+저층부,저층부고정 11m,44,44,149.2,154,29,104,10,50,37580,400.0,7561,45141,4133,43.99,0.194,inf,inf,2,3.646,15.82,44층 451㎡(28.5×15.8m) + 저층부 5층 4000㎡(84.9×47.1m),"{""towers"": [[450.77, 1.8, 0, 194293.1, 546949.9, 44]], ""podium"": [4000.0, 1.8025, 52.04, 194307.2, 546952.7, 5], ""detached"": false}"
단일+저층부,저층부고정 11m,51,51,172.3,157,28,104,16,53,37580,400.0,8210,45790,4133,43.99,0.113,inf,inf,2,3.576,13.49,51층 382㎡(28.3×13.5m) + 저층부 5층 4000㎡(84.9×47.1m),"{""towers"": [[382.17, 2.1, 130, 194281.1, 546937.9, 51]], ""podium"": [4000.0, 1.8025, 52.04, 194307.2, 546952.7, 5], ""detached"": false}"
단일+저층부,저층부고정 11m,51,51,172.3,157,42,104,17,53,37580,400.0,8514,46094,4133,43.99,0.155,inf,inf,2,3.49,11.9,51층 382㎡(32.1×11.9m) + 저층부 5층 4000㎡(84.9×47.1m),"{""towers"": [[382.17, 2.7, 40, 194313.1, 546969.9, 51]], ""podium"": [4000.0, 1.8025, 52.04, 194307.2, 546952.7, 5], ""detached"": false}"
단일+저층부,저층부고정 11m,46,46,155.8,158,25,104,10,54,37580,400.0,7710,45290,4133,43.99,0.033,inf,inf,2,3.579,15.43,46층 429㎡(27.8×15.4m) + 저층부 5층 4000㎡(84.9×47.1m),"{""towers"": [[428.78, 1.8, 70, 194301.1, 546933.9, 46]], ""podium"": [4000.0, 1.8025, 52.04, 194307.2, 546952.7, 5], ""detached"": false}"
단일+저층부,저층부고정 11m,47,47,159.1,164,27,104,10,60,37580,400.0,7783,45363,4133,43.99,0.069,inf,inf,2,3.552,15.25,47층 419㎡(27.4×15.2m) + 저층부 5층 4000㎡(84.9×47.1m),"{""towers"": [[418.57, 1.8, 100, 194301.1, 546941.9, 47]], ""podium"": [4000.0, 1.8025, 52.04, 194307.2, 546952.7, 5], ""detached"": false}"
단일+저층부,저층부고정 11m,50,50,169.0,165,28,104,10,61,37580,400.0,8138,45718,4133,43.99,0.045,inf,inf,2,3.524,13.64,50층 391㎡(28.6×13.6m) + 저층부 5층 4000㎡(84.9×47.1m),"{""towers"": [[390.67, 2.1, 90, 194305.1, 546941.9, 50]], ""podium"": [4000.0, 1.8025, 52.04, 194307.2, 546952.7, 5], ""detached"": false}"
단일+저층부,저층부고정 11m,51,51,172.3,165,29,104,10,61,37580,400.0,8210,45790,4133,43.99,0.246,inf,inf,2,3.523,13.49,51층 382㎡(28.3×13.5m) + 저층부 5층 4000㎡(84.9×47.1m),"{""towers"": [[382.17, 2.1, 120, 194297.1, 546953.9, 51]], ""podium"": [4000.0, 1.8025, 52.04, 194307.2, 546952.7, 5], ""detached"": false}"
단일+저층부,저층부고정 11m,44,44,149.2,166,30,104,10,62,37580,400.0,7690,45270,4133,43.99,0.188,inf,inf,2,3.522,14.65,44층 451㎡(30.8×14.7m) + 저층부 5층 4000㎡(84.9×47.1m),"{""towers"": [[450.77, 2.1, 50, 194301.1, 546957.9, 44]], ""podium"": [4000.0, 1.8025, 52.04, 194307.2, 546952.7, 5], ""detached"": false}"
단일+저층부,저층부고정 11m,55,55,185.5,166,29,104,10,62,37580,400.0,8648,46228,4133,43.99,0.217,inf,inf,2,3.515,12.1,55층 352㎡(29.0×12.1m) + 저층부 5층 4000㎡(84.9×47.1m),"{""towers"": [[351.6, 2.4, 120, 194297.1, 546949.9, 55]], ""podium"": [4000.0, 1.8025, 52.04, 194307.2, 546952.7, 5], ""detached"": false}"
단일+저층부,저층부고정 11m,55,55,185.5,158,42,105,17,53,37580,400.0,8809,46389,4133,43.99,0.152,inf,inf,2,3.434,11.41,55층 352㎡(30.8×11.4m) + 저층부 5층 4000㎡(84.9×47.1m),"{""towers"": [[351.6, 2.7, 100, 194313.1, 546965.9, 55]], ""podium"": [4000.0, 1.8025, 52.04, 194307.2, 546952.7, 5], ""detached"": false}"
단일+저층부,저층부고정 11m,44,44,149.2,160,26,105,10,55,37580,400.0,7690,45270,4133,43.99,0.033,inf,inf,2,3.568,14.65,44층 451㎡(30.8×14.7m) + 저층부 5층 4000㎡(84.9×47.1m),"{""towers"": [[450.77, 2.1, 60, 194305.1, 546933.9, 44]], ""podium"": [4000.0, 1.8025, 52.04, 194307.2, 546952.7, 5], ""detached"": false}"
단일+저층부,저층부고정 11m,45,45,152.5,161,28,105,10,56,37580,400.0,7520,45100,4133,43.99,0.068,inf,inf,2,3.61,17.12,45층 440㎡(25.7×17.1m) + 저층부 5층 4000㎡(84.9×47.1m),"{""towers"": [[439.5, 1.5, 50, 194297.1, 546933.9, 45]], ""podium"": [4000.0, 1.8025, 52.04, 194307.2, 546952.7, 5], ""detached"": false}"
단일+저층부,저층부고정 11m,46,46,155.8,164,33,105,10,59,37580,400.0,7710,45290,4133,43.99,0.17,inf,inf,2,3.536,15.43,46층 429㎡(27.8×15.4m) + 저층부 5층 4000㎡(84.9×47.1m),"{""towers"": [[428.78, 1.8, 40, 194305.1, 546961.9, 46]], ""podium"": [4000.0, 1.8025, 52.04, 194307.2, 546952.7, 5], ""detached"": false}"
단일+저층부,저층부고정 11m,47,47,159.1,165,32,105,10,60,37580,400.0,8061,45641,4133,43.99,0.158,inf,inf,2,3.466,13.21,47층 419㎡(31.7×13.2m) + 저층부 5층 4000㎡(84.9×47.1m),"{""towers"": [[418.57, 2.4, 60, 194305.1, 546965.9, 47]], ""podium"": [4000.0, 1.8025, 52.04, 194307.2, 546952.7, 5], ""detached"": false}"
단일+저층부,저층부고정 11m,46,46,155.8,166,29,105,10,61,37580,400.0,7710,45290,4133,43.99,0.133,inf,inf,2,3.591,15.43,46층 429㎡(27.8×15.4m) + 저층부 5층 4000㎡(84.9×47.1m),"{""towers"": [[428.78, 1.8, 30, 194297.1, 546949.9, 46]], ""podium"": [4000.0, 1.8025, 52.04, 194307.2, 546952.7, 5], ""detached"": false}"
단일+저층부,저층부고정 11m,47,47,159.1,166,32,105,10,61,37580,400.0,7783,45363,4133,43.99,0.147,inf,inf,2,3.546,15.25,47층 419㎡(27.4×15.2m) + 저층부 5층 4000㎡(84.9×47.1m),"{""towers"": [[418.57, 1.8, 40, 194305.1, 546957.9, 47]], ""podium"": [4000.0, 1.8025, 52.04, 194307.2, 546952.7, 5], ""detached"": false}"
단일+저층부,저층부고정 11m,47,47,159.1,166,32,105,10,61,37580,400.0,7783,45363,4133,43.99,0.159,inf,inf,2,3.531,15.25,47층 419㎡(27.4×15.2m) + 저층부 5층 4000㎡(84.9×47.1m),"{""towers"": [[418.57, 1.8, 50, 194305.1, 546957.9, 47]], ""podium"": [4000.0, 1.8025, 52.04, 194307.2, 546952.7, 5], ""detached"": false}"
단일+저층부,저층부고정 11m,44,44,149.2,158,35,106,15,52,37580,400.0,7970,45550,4133,43.99,0.042,inf,inf,2,3.533,12.92,44층 451㎡(34.9×12.9m) + 저층부 5층 4000㎡(84.9×47.1m),"{""towers"": [[450.77, 2.7, 50, 194317.1, 546941.9, 44]], ""podium"": [4000.0, 1.8025, 52.04, 194307.2, 546952.7, 5], ""detached"": false}"
단일+저층부,저층부고정 11m,45,45,152.5,161,27,106,10,55,37580,400.0,7520,45100,4133,43.99,0.063,inf,inf,2,3.621,17.12,45층 440㎡(25.7×17.1m) + 저층부 5층 4000㎡(84.9×47.1m),"{""towers"": [[439.5, 1.5, 50, 194293.1, 546929.9, 45]], ""podium"": [4000.0, 1.8025, 52.04, 194307.2, 546952.7, 5], ""detached"": false}"
단일+저층부,저층부고정 11m,54,54,182.2,164,30,106,11,58,37580,400.0,8277,45857,4133,43.99,0.126,inf,inf,2,3.64,14.12,54층 359㎡(25.4×14.1m) + 저층부 5층 4000㎡(84.9×47.1m),"{""towers"": [[358.78, 1.8, 10, 194293.1, 546945.9, 54]], ""podium"": [4000.0, 1.8025, 52.04, 194307.2, 546952.7, 5], ""detached"": false}"
단일+저층부,저층부고정 11m,46,46,155.8,165,34,106,10,59,37580,400.0,7843,45423,4133,43.99,0.165,inf,inf,2,3.472,14.29,46층 429㎡(30.0×14.3m) + 저층부 5층 4000㎡(84.9×47.1m),"{""towers"": [[428.78, 2.1, 80, 194305.1, 546961.9, 46]], ""podium"": [4000.0, 1.8025, 52.04, 194307.2, 546952.7, 5], ""detached"": false}"
단일+저층부,저층부고정 11m,55,55,185.5,166,31,106,11,60,37580,400.0,8648,46228,4133,43.99,0.043,inf,inf,2,3.625,12.1,55층 352㎡(29.0×12.1m) + 저층부 5층 4000㎡(84.9×47.1m),"{""towers"": [[351.6, 2.4, 20, 194301.1, 546937.9, 55]], ""podium"": [4000.0, 1.8025, 52.04, 194307.2, 546952.7, 5], ""detached"": false}"
단일+저층부,저층부고정 11m,48,48,162.4,167,28,106,10,61,37580,400.0,7737,45317,4133,43.99,0.124,inf,inf,2,3.585,16.51,48층 409㎡(24.8×16.5m) + 저층부 5층 4000㎡(84.9×47.1m),"{""towers"": [[408.84, 1.5, 120, 194297.1, 546937.9, 48]], ""podium"": [4000.0, 1.8025, 52.04, 194307.2, 546952.7, 5], ""detached"": false}"
단일+저층부,저층부고정 11m,50,50,169.0,167,32,106,10,61,37580,400.0,8138,45718,4133,43.99,0.146,inf,inf,2,3.5,13.64,50층 391㎡(28.6×13.6m) + 저층부 5층 4000㎡(84.9×47.1m),"{""towers"": [[390.67, 2.1, 60, 194305.1, 546957.9, 50]], ""podium"": [4000.0, 1.8025, 52.04, 194307.2, 546952.7, 5], ""detached"": false}"
단일+저층부,저층부고정 11m,54,54,182.2,167,32,106,10,61,37580,400.0,8736,46316,4133,43.99,0.127,inf,inf,2,3.447,11.53,54층 359㎡(31.1×11.5m) + 저층부 5층 4000㎡(84.9×47.1m),"{""towers"": [[358.78, 2.7, 80, 194305.1, 546957.9, 54]], ""podium"": [4000.0, 1.8025, 52.04, 194307.2, 546952.7, 5], ""detached"": false}"
단일+저층부,저층부고정 11m,55,55,185.5,168,29,106,10,62,37580,400.0,8648,46228,4133,43.99,0.121,inf,inf,2,3.495,12.1,55층 352㎡(29.0×12.1m) + 저층부 5층 4000㎡(84.9×47.1m),"{""towers"": [[351.6, 2.4, 90, 194297.1, 546949.9, 55]], ""podium"": [4000.0, 1.8025, 52.04, 194307.2, 546952.7, 5], ""detached"": false}"
단일+저층부,저층부고정 11m,53,53,178.9,169,29,106,10,63,37580,400.0,8663,46243,4133,43.99,0.092,inf,inf,2,3.484,11.65,53층 366㎡(31.4×11.6m) + 저층부 5층 4000㎡(84.9×47.1m),"{""towers"": [[366.25, 2.7, 70, 194301.1, 546945.9, 53]], ""podium"": [4000.0, 1.8025, 52.04, 194307.2, 546952.7, 5], ""detached"": false}"
단일+저층부,저층부고정 11m,47,47,159.1,170,30,106,10,64,37580,400.0,8208,45788,4133,43.99,0.241,inf,inf,2,3.487,12.45,47층 419㎡(33.6×12.5m) + 저층부 5층 4000㎡(84.9×47.1m),"{""towers"": [[418.57, 2.7, 120, 194301.1, 546953.9, 47]], ""podium"": [4000.0, 1.8025, 52.04, 194307.2, 546952.7, 5], ""detached"": false}"
단일+저층부,저층부고정 11m,45,45,152.5,161,35,107,12,54,37580,400.0,7520,45100,4133,43.99,0.082,inf,inf,2,3.574,17.12,45층 440㎡(25.7×17.1m) + 저층부 5층 4000㎡(84.9×47.1m),"{""towers"": [[439.5, 1.5, 50, 194309.1, 546945.9, 45]], ""podium"": [4000.0, 1.8025, 52.04, 194307.2, 546952.7, 5], ""detached"": false}"
단일+저층부,저층부고정 11m,46,46,155.8,166,30,107,11,59,37580,400.0,7710,45290,4133,43.99,0.043,inf,inf,2,3.636,15.43,46층 429㎡(27.8×15.4m) + 저층부 5층 4000㎡(84.9×47.1m),"{""towers"": [[428.78, 1.8, 20, 194301.1, 546937.9, 46]], ""podium"": [4000.0, 1.8025, 52.04, 194307.2, 546952.7, 5], ""detached"": false}"
단일+저층부,저층부고정 11m,47,47,159.1,167,34,107,10,60,37580,400.0,8061,45641,4133,43.99,0.162,inf,inf,2,3.45,13.21,47층 419㎡(31.7×13.2m) + 저층부 5층 4000㎡(84.9×47.1m),"{""towers"": [[418.57, 2.4, 80, 194305.1, 546961.9, 47]], ""podium"": [4000.0, 1.8025, 52.04, 194307.2, 546952.7, 5], ""detached"": false}"
단일+저층부,저층부고정 11m,45,45,152.5,168,29,107,10,61,37580,400.0,7767,45347,4133,43.99,0.118,inf,inf,2,3.567,14.47,45층 440㎡(30.4×14.5m) + 저층부 5층 4000㎡(84.9×47.1m),"{""towers"": [[439.5, 2.1, 50, 194297.1, 546941.9, 45]], ""podium"": [4000.0, 1.8025, 52.04, 194307.2, 546952.7, 5], ""detached"": false}"
단일+저층부,저층부고정 11m,50,50,169.0,168,32,107,10,61,37580,400.0,8138,45718,4133,43.99,0.191,inf,inf,2,3.494,13.64,50층 391㎡(28.6×13.6m) + 저층부 5층 4000㎡(84.9×47.1m),"{""towers"": [[390.67, 2.1, 110, 194305.1, 546957.9, 50]], ""podium"": [4000.0, 1.8025, 52.04, 194307.2, 546952.7, 5], ""detached"": false}"
단일+저층부,저층부고정 11m,55,55,185.5,169,27,107,10,62,37580,400.0,8648,46228,4133,43.99,0.03,inf,inf,2,3.515,12.1,55층 352㎡(29.0×12.1m) + 저층부 5층 4000㎡(84.9×47.1m),"{""towers"": [[351.6, 2.4, 80, 194305.1, 546937.9, 55]], ""podium"": [4000.0, 1.8025, 52.04, 194307.2, 546952.7, 5], ""detached"": false}"
단일+저층부,저층부고정 11m,51,51,172.3,170,30,107,10,63,37580,400.0,8210,45790,4133,43.99,0.129,inf,inf,2,3.537,13.49,51층 382㎡(28.3×13.5m) + 저층부 5층 4000㎡(84.9×47.1m),"{""towers"": [[382.17, 2.1, 50, 194301.1, 546949.9, 51]], ""podium"": [4000.0, 1.8025, 52.04, 194307.2, 546952.7, 5], ""detached"": false}"
단일+저층부,저층부고정 11m,46,46,155.8,170,30,107,10,63,37580,400.0,7843,45423,4133,43.99,0.181,inf,inf,2,3.517,14.29,46층 429㎡(30.0×14.3m) + 저층부 5층 4000㎡(84.9×47.1m),"{""towers"": [[428.78, 2.1, 50, 194301.1, 546957.9, 46]], ""podium"": [4000.0, 1.8025, 52.04, 194307.2, 546952.7, 5], ""detached"": false}"
단일+저층부,저층부고정 11m,45,45,152.5,170,29,107,10,63,37580,400.0,8195,45775,4133,43.99,0.218,inf,inf,2,3.484,12.1,45층 440㎡(36.3×12.1m) + 저층부 5층 4000㎡(84.9×47.1m),"{""towers"": [[439.5, 3.0, 120, 194297.1, 546949.9, 45]], ""podium"": [4000.0, 1.8025, 52.04, 194307.2, 546952.7, 5], ""detached"": false}"
단일+저층부,저층부고정 11m,46,46,155.8,172,30,107,10,65,37580,400.0,7984,45564,4133,43.99,0.163,inf,inf,2,3.514,13.37,46층 429㎡(32.1×13.4m) + 저층부 5층 4000㎡(84.9×47.1m),"{""towers"": [[428.78, 2.4, 50, 194301.1, 546953.9, 46]], ""podium"": [4000.0, 1.8025, 52.04, 194307.2, 546952.7, 5], ""detached"": false}"
단일+저층부,저층부고정 11m,47,47,159.1,160,37,108,15,52,37580,400.0,8357,45937,4133,43.99,0.222,inf,inf,2,3.444,11.81,47층 419㎡(35.4×11.8m) + 저층부 5층 4000㎡(84.9×47.1m),"{""towers"": [[418.57, 3.0, 120, 194317.1, 546965.9, 47]], ""podium"": [4000.0, 1.8025, 52.04, 194307.2, 546952.7, 5], ""detached"": false}"
단일+저층부,저층부고정 11m,52,52,175.6,165,39,108,17,57,37580,400.0,8746,46326,4133,43.99,0.116,inf,inf,2,3.444,11.17,52층 374㎡(33.5×11.2m) + 저층부 5층 4000㎡(84.9×47.1m),"{""towers"": [[374.04, 3.0, 110, 194313.1, 546957.9, 52]], ""podium"": [4000.0, 1.8025, 52.04, 194307.2, 546952.7, 5], ""detached"": false}"
단일+저층부,저층부고정 11m,44,44,149.2,161,35,109,15,52,37580,400.0,7970,45550,4133,43.99,0.055,inf,inf,2,3.47,12.92,44층 451㎡(34.9×12.9m) + 저층부 5층 4000㎡(84.9×47.1m),"{""towers"": [[450.77, 2.7, 70, 194317.1, 546949.9, 44]], ""podium"": [4000.0, 1.8025, 52.04, 194307.2, 546952.7, 5], ""detached"": false}"
단일+저층부,저층부고정 11m,45,45,152.5,163,36,109,14,54,37580,400.0,7767,45347,4133,43.99,0.079,inf,inf,2,3.506,14.47,45층 440㎡(30.4×14.5m) + 저층부 5층 4000㎡(84.9×47.1m),"{""towers"": [[439.5, 2.1, 80, 194309.1, 546949.9, 45]], ""podium"": [4000.0, 1.8025, 52.04, 194307.2, 546952.7, 5], ""detached"": false}"
단일+저층부,저층부고정 11m,49,49,165.7,164,32,109,14,55,37580,400.0,7928,45508,4133,43.99,0.172,inf,inf,2,3.651,14.9,49층 400㎡(26.8×14.9m) + 저층부 5층 4000㎡(84.9×47.1m),"{""towers"": [[399.55, 1.8, 10, 194285.1, 546945.9, 49]], ""podium"": [4000.0, 1.8025, 52.04, 194307.2, 546952.7, 5], ""detached"": false}"
단일+저층부,저층부고정 11m,54,54,182.2,165,38,109,14,56,37580,400.0,8736,46316,4133,43.99,0.146,inf,inf,2,3.46,11.53,54층 359㎡(31.1×11.5m) + 저층부 5층 4000㎡(84.9×47.1m),"{""towers"": [[358.78, 2.7, 110, 194309.1, 546957.9, 54]], ""podium"": [4000.0, 1.8025, 52.04, 194307.2, 546952.7, 5], ""detached"": false}"
단일+저층부,저층부고정 11m,44,44,149.2,166,26,109,10,57,37580,400.0,7828,45408,4133,43.99,0.057,inf,inf,2,3.533,13.7,44층 451㎡(32.9×13.7m) + 저층부 5층 4000㎡(84.9×47.1m),"{""towers"": [[450.77, 2.4, 70, 194301.1, 546937.9, 44]], ""podium"": [4000.0, 1.8025, 52.04, 194307.2, 546952.7, 5], ""detached"": false}"
단일+저층부,저층부고정 11m,46,46,155.8,168,28,109,10,59,37580,400.0,7984,45564,4133,43.99,0.062,inf,inf,2,3.513,13.37,46층 429㎡(32.1×13.4m) + 저층부 5층 4000㎡(84.9×47.1m),"{""towers"": [[428.78, 2.4, 70, 194305.1, 546941.9, 46]], ""podium"": [4000.0, 1.8025, 52.04, 194307.2, 546952.7, 5], ""detached"": false}"
단일+저층부,저층부고정 11m,53,53,178.9,169,29,109,11,60,37580,400.0,8083,45663,4133,43.99,0.049,inf,inf,2,3.594,15.63,53층 366㎡(23.4×15.6m) + 저층부 5층 4000㎡(84.9×47.1m),"{""towers"": [[366.25, 1.5, 50, 194301.1, 546933.9, 53]], ""podium"": [4000.0, 1.8025, 52.04, 194307.2, 546952.7, 5], ""detached"": false}"
단일+저층부,저층부고정 11m,52,52,175.6,169,26,109,10,60,37580,400.0,8139,45719,4133,43.99,0.034,inf,inf,2,3.572,14.42,52층 374㎡(25.9×14.4m) + 저층부 5층 4000㎡(84.9×47.1m),"{""towers"": [[374.04, 1.8, 70, 194301.1, 546933.9, 52]], ""podium"": [4000.0, 1.8025, 52.04, 194307.2, 546952.7, 5], ""detached"": false}"
단일+저층부,저층부고정 11m,51,51,172.3,170,28,109,10,61,37580,400.0,8360,45940,4133,43.99,0.067,inf,inf,2,3.49,12.62,51층 382㎡(30.3×12.6m) + 저층부 5층 4000㎡(84.9×47.1m),"{""towers"": [[382.17, 2.4, 90, 194305.1, 546945.9, 51]], ""podium"": [4000.0, 1.8025, 52.04, 194307.2, 546952.7, 5], ""detached"": false}"
단일+저층부,저층부고정 11m,49,49,165.7,172,30,109,10,63,37580,400.0,8212,45792,4133,43.99,0.048,inf,inf,2,3.578,12.9,49층 400㎡(31.0×12.9m) + 저층부 5층 4000㎡(84.9×47.1m),"{""towers"": [[399.55, 2.4, 40, 194305.1, 546937.9, 49]], ""podium"": [4000.0, 1.8025, 52.04, 194307.2, 546952.7, 5], ""detached"": false}"
단일+저층부,저층부고정 11m,49,49,165.7,163,29,110,11,53,37580,400.0,8066,45646,4133,43.99,0.055,inf,inf,2,3.674,13.79,49층 400㎡(29.0×13.8m) + 저층부 5층 4000㎡(84.9×47.1m),"{""towers"": [[399.55, 2.1, 0, 194293.1, 546933.9, 49]], ""podium"": [4000.0, 1.8025, 52.04, 194307.2, 546952.7, 5], ""detached"": false}"
단일+저층부,저층부고정 11m,53,53,178.9,168,30,110,11,58,37580,400.0,8209,45789,4133,43.99,0.118,inf,inf,2,3.629,14.26,53층 366㎡(25.7×14.3m) + 저층부 5층 4000㎡(84.9×47.1m),"{""towers"": [[366.25, 1.8, 20, 194293.1, 546945.9, 53]], ""podium"": [4000.0, 1.8025, 52.04, 194307.2, 546952.7, 5], ""detached"": false}"
단일+저층부,저층부고정 11m,52,52,175.6,168,41,110,16,58,37580,400.0,8746,46326,4133,43.99,0.157,inf,inf,2,3.488,11.17,52층 374㎡(33.5×11.2m) + 저층부 5층 4000㎡(84.9×47.1m),"{""towers"": [[374.04, 3.0, 40, 194309.1, 546965.9, 52]], ""podium"": [4000.0, 1.8025, 52.04, 194307.2, 546952.7, 5], ""detached"": false}"
단일+저층부,저층부고정 11m,44,44,149.2,169,31,110,10,59,37580,400.0,7828,45408,4133,43.99,0.173,inf,inf,2,3.455,13.7,44층 451㎡(32.9×13.7m) + 저층부 5층 4000㎡(84.9×47.1m),"{""towers"": [[450.77, 2.4, 70, 194305.1, 546961.9, 44]], ""podium"": [4000.0, 1.8025, 52.04, 194307.2, 546952.7, 5], ""detached"": false}"
단일+저층부,저층부고정 11m,46,46,155.8,171,29,110,11,61,37580,400.0,7593,45173,4133,43.99,0.091,inf,inf,2,3.615,16.91,46층 429㎡(25.4×16.9m) + 저층부 5층 4000㎡(84.9×47.1m),"{""towers"": [[428.78, 1.5, 40, 194293.1, 546937.9, 46]], ""podium"": [4000.0, 1.8025, 52.04, 194307.2, 546952.7, 5], ""detached"": false}"
단일+저층부,저층부고정 11m,44,44,149.2,172,28,110,10,62,37580,400.0,7561,45141,4133,43.99,0.153,inf,inf,2,3.573,15.82,44층 451㎡(28.5×15.8m) + 저층부 5층 4000㎡(84.9×47.1m),"{""towers"": [[450.77, 1.8, 50, 194293.1, 546945.9, 44]], ""podium"": [4000.0, 1.8025, 52.04, 194307.2, 546952.7, 5], ""detached"": false}"
단일+저층부,저층부고정 11m,55,55,185.5,173,27,110,10,63,37580,400.0,8809,46389,4133,43.99,0.03,inf,inf,2,3.494,11.41,55층 352㎡(30.8×11.4m) + 저층부 5층 4000㎡(84.9×47.1m),"{""towers"": [[351.6, 2.7, 80, 194305.1, 546937.9, 55]], ""podium"": [4000.0, 1.8025, 52.04, 194307.2, 546952.7, 5], ""detached"": false}"
단일+저층부,저층부고정 11m,52,52,175.6,176,29,110,10,66,37580,400.0,8746,46326,4133,43.99,0.165,inf,inf,2,3.493,11.17,52층 374㎡(33.5×11.2m) + 저층부 5층 4000㎡(84.9×47.1m),"{""towers"": [[374.04, 3.0, 50, 194297.1, 546953.9, 52]], ""podium"": [4000.0, 1.8025, 52.04, 194307.2, 546952.7, 5], ""detached"": false}"
단일+저층부,저층부고정 11m,46,46,155.8,168,30,111,10,57,37580,400.0,7984,45564,4133,43.99,0.066,inf,inf,2,3.497,13.37,46층 429㎡(32.1×13.4m) + 저층부 5층 4000㎡(84.9×47.1m),"{""towers"": [[428.78, 2.4, 70, 194309.1, 546945.9, 46]], ""podium"": [4000.0, 1.8025, 52.04, 194307.2, 546952.7, 5], ""detached"": false}"
단일+저층부,저층부고정 11m,49,49,165.7,171,30,111,11,60,37580,400.0,8363,45943,4133,43.99,0.103,inf,inf,2,3.615,12.16,49층 400㎡(32.8×12.2m) + 저층부 5층 4000㎡(84.9×47.1m),"{""towers"": [[399.55, 2.7, 20, 194297.1, 546945.9, 49]], ""podium"": [4000.0, 1.8025, 52.04, 194307.2, 546952.7, 5], ""detached"": false}"
단일+저층부,저층부고정 11m,53,53,178.9,171,30,111,10,60,37580,400.0,8353,45933,4133,43.99,0.098,inf,inf,2,3.505,13.21,53층 366㎡(27.7×13.2m) + 저층부 5층 4000㎡(84.9×47.1m),"{""towers"": [[366.25, 2.1, 100, 194305.1, 546949.9, 53]], ""podium"": [4000.0, 1.8025, 52.04, 194307.2, 546952.7, 5], ""detached"": false}"
단일+저층부,저층부고정 11m,55,55,185.5,171,29,111,10,60,37580,400.0,8648,46228,4133,43.99,0.094,inf,inf,2,3.488,12.1,55층 352㎡(29.0×12.1m) + 저층부 5층 4000㎡(84.9×47.1m),"{""towers"": [[351.6, 2.4, 100, 194305.1, 546949.9, 55]], ""podium"": [4000.0, 1.8025, 52.04, 194307.2, 546952.7, 5], ""detached"": false}"
단일+저층부,저층부고정 11m,49,49,165.7,174,29,111,10,63,37580,400.0,7807,45387,4133,43.99,0.13,inf,inf,2,3.565,16.32,49층 400㎡(24.5×16.3m) + 저층부 5층 4000㎡(84.9×47.1m),"{""towers"": [[399.55, 1.5, 60, 194293.1, 546945.9, 49]], ""podium"": [4000.0, 1.8025, 52.04, 194307.2, 546952.7, 5], ""detached"": false}"
단일+저층부,저층부고정 11m,53,53,178.9,175,27,111,11,64,37580,400.0,8083,45663,4133,43.99,0.027,inf,inf,2,3.614,15.63,53층 366㎡(23.4×15.6m) + 저층부 5층 4000㎡(84.9×47.1m),"{""towers"": [[366.25, 1.5, 50, 194297.1, 546925.9, 53]], ""podium"": [4000.0, 1.8025, 52.04, 194307.2, 546952.7, 5], ""detached"": false}"
단일+저층부,저층부고정 11m,46,46,155.8,175,27,111,10,64,37580,400.0,7984,45564,4133,43.99,0.041,inf,inf,2,3.504,13.37,46층 429㎡(32.1×13.4m) + 저층부 5층 4000㎡(84.9×47.1m),"{""towers"": [[428.78, 2.4, 90, 194305.1, 546941.9, 46]], ""podium"": [4000.0, 1.8025, 52.04, 194307.2, 546952.7, 5], ""detached"": false}"
단일+저층부,저층부고정 11m,45,45,152.5,165,39,112,14,53,37580,400.0,8050,45630,4133,43.99,0.145,inf,inf,2,3.474,12.76,45층 440㎡(34.4×12.8m) + 저층부 5층 4000㎡(84.9×47.1m),"{""towers"": [[439.5, 2.7, 50, 194317.1, 546961.9, 45]], ""podium"": [4000.0, 1.8025, 52.04, 194307.2, 546952.7, 5], ""detached"": false}"
단일+저층부,저층부고정 11m,45,45,152.5,169,28,112,10,57,37580,400.0,7636,45216,4133,43.99,0.08,inf,inf,2,3.584,15.63,45층 440㎡(28.1×15.6m) + 저층부 5층 4000㎡(84.9×47.1m),"{""towers"": [[439.5, 1.8, 60, 194293.1, 546933.9, 45]], ""podium"": [4000.0, 1.8025, 52.04, 194307.2, 546952.7, 5], ""detached"": false}"
단일+저층부,저층부고정 11m,50,50,169.0,169,33,112,10,57,37580,400.0,8439,46019,4133,43.99,0.15,inf,inf,2,3.455,12.03,50층 391㎡(32.5×12.0m) + 저층부 5층 4000㎡(84.9×47.1m),"{""towers"": [[390.67, 2.7, 110, 194309.1, 546957.9, 50]], ""podium"": [4000.0, 1.8025, 52.04, 194307.2, 546952.7, 5], ""detached"": false}"
단일+저층부,저층부고정 11m,52,52,175.6,173,30,112,10,61,37580,400.0,8589,46169,4133,43.99,0.141,inf,inf,2,3.469,11.77,52층 374㎡(31.8×11.8m) + 저층부 5층 4000㎡(84.9×47.1m),"{""towers"": [[374.04, 2.7, 110, 194305.1, 546953.9, 52]], ""podium"": [4000.0, 1.8025, 52.04, 194307.2, 546952.7, 5], ""detached"": false}"
단일+저층부,저층부고정 11m,50,50,169.0,175,27,112,10,63,37580,400.0,8286,45866,4133,43.99,0.075,inf,inf,2,3.506,12.76,50층 391㎡(30.6×12.8m) + 저층부 5층 4000㎡(84.9×47.1m),"{""towers"": [[390.67, 2.4, 70, 194301.1, 546941.9, 50]], ""podium"": [4000.0, 1.8025, 52.04, 194307.2, 546952.7, 5], ""detached"": false}"
단일+저층부,저층부고정 11m,48,48,162.4,178,27,112,10,66,37580,400.0,8286,45866,4133,43.99,0.086,inf,inf,2,3.475,12.31,48층 409㎡(33.2×12.3m) + 저층부 5층 4000㎡(84.9×47.1m),"{""towers"": [[408.84, 2.7, 100, 194301.1, 546945.9, 48]], ""podium"": [4000.0, 1.8025, 52.04, 194307.2, 546952.7, 5], ""detached"": false}"
단일+저층부,저층부고정 11m,45,45,152.5,165,36,113,14,52,37580,400.0,8050,45630,4133,43.99,0.171,inf,inf,2,3.437,12.76,45층 440㎡(34.4×12.8m) + 저층부 5층 4000㎡(84.9×47.1m),"{""towers"": [[439.5, 2.7, 110, 194317.1, 546965.9, 45]], ""podium"": [4000.0, 1.8025, 52.04, 194307.2, 546952.7, 5], ""detached"": false}"
단일+저층부,저층부고정 11m,46,46,155.8,168,38,113,18,55,37580,400.0,7984,45564,4133,43.99,0.035,inf,inf,2,3.556,13.37,46층 429㎡(32.1×13.4m) + 저층부 5층 4000㎡(84.9×47.1m),"{""towers"": [[428.78, 2.4, 50, 194313.1, 546937.9, 46]], ""podium"": [4000.0, 1.8025, 52.04, 194307.2, 546952.7, 5], ""detached"": false}"
단일+저층부,저층부고정 11m,45,45,152.5,169,27,113,10,56,37580,400.0,7767,45347,4133,43.99,0.038,inf,inf,2,3.554,14.47,45층 440㎡(30.4×14.5m) + 저층부 5층 4000㎡(84.9×47.1m),"{""towers"": [[439.5, 2.1, 60, 194309.1, 546937.9, 45]], ""podium"": [4000.0, 1.8025, 52.04, 194307.2, 546952.7, 5], ""detached"": false}"
단일+저층부,저층부고정 11m,48,48,162.4,171,28,113,10,58,37580,400.0,7992,45572,4133,43.99,0.038,inf,inf,2,3.546,13.95,48층 409㎡(29.3×14.0m) + 저층부 5층 4000㎡(84.9×47.1m),"{""towers"": [[408.84, 2.1, 60, 194309.1, 546937.9, 48]], ""podium"": [4000.0, 1.8025, 52.04, 194307.2, 546952.7, 5], ""detached"": false}"
단일+저층부,저층부고정 11m,48,48,162.4,176,29,113,10,63,37580,400.0,7737,45317,4133,43.99,0.129,inf,inf,2,3.59,16.51,48층 409㎡(24.8×16.5m) + 저층부 5층 4000㎡(84.9×47.1m),"{""towers"": [[408.84, 1.5, 40, 194293.1, 546945.9, 48]], ""podium"": [4000.0, 1.8025, 52.04, 194307.2, 546952.7, 5], ""detached"": false}"
단일+저층부,저층부고정 11m,48,48,162.4,170,40,114,17,56,37580,400.0,8436,46016,4133,43.99,0.123,inf,inf,2,3.407,11.67,48층 409㎡(35.0×11.7m) + 저층부 5층 4000㎡(84.9×47.1m),"{""towers"": [[408.84, 3.0, 90, 194313.1, 546961.9, 48]], ""podium"": [4000.0, 1.8025, 52.04, 194307.2, 546952.7, 5], ""detached"": false}"
단일+저층부,저층부고정 11m,52,52,175.6,175,29,114,10,61,37580,400.0,8282,45862,4133,43.99,0.082,inf,inf,2,3.528,13.35,52층 374㎡(28.0×13.3m) + 저층부 5층 4000㎡(84.9×47.1m),"{""towers"": [[374.04, 2.1, 80, 194297.1, 546941.9, 52]], ""podium"": [4000.0, 1.8025, 52.04, 194307.2, 546952.7, 5], ""detached"": false}"
단일+저층부,저층부고정 11m,48,48,162.4,176,29,114,10,62,37580,400.0,7856,45436,4133,43.99,0.096,inf,inf,2,3.59,15.07,48층 409㎡(27.1×15.1m) + 저층부 5층 4000㎡(84.9×47.1m),"{""towers"": [[408.84, 1.8, 40, 194297.1, 546941.9, 48]], ""podium"": [4000.0, 1.8025, 52.04, 194307.2, 546952.7, 5], ""detached"": false}"
단일+저층부,저층부고정 11m,44,44,149.2,178,29,114,11,64,37580,400.0,7970,45550,4133,43.99,0.133,inf,inf,2,3.601,12.92,44층 451㎡(34.9×12.9m) + 저층부 5층 4000㎡(84.9×47.1m),"{""towers"": [[450.77, 2.7, 30, 194293.1, 546945.9, 44]], ""podium"": [4000.0, 1.8025, 52.04, 194307.2, 546952.7, 5], ""detached"": false}"
단일+저층부,저층부고정 11m,52,52,175.6,171,40,115,15,56,37580,400.0,8746,46326,4133,43.99,0.133,inf,inf,2,3.407,11.17,52층 374㎡(33.5×11.2m) + 저층부 5층 4000㎡(84.9×47.1m),"{""towers"": [[374.04, 3.0, 70, 194309.1, 546969.9, 52]], ""podium"": [4000.0, 1.8025, 52.04, 194307.2, 546952.7, 5], ""detached"": false}"
단일+저층부,저층부고정 11m,54,54,182.2,174,30,115,11,59,37580,400.0,8577,46157,4133,43.99,0.127,inf,inf,2,3.56,12.23,54층 359㎡(29.3×12.2m) + 저층부 5층 4000㎡(84.9×47.1m),"{""towers"": [[358.78, 2.4, 130, 194285.1, 546937.9, 54]], ""podium"": [4000.0, 1.8025, 52.04, 194307.2, 546952.7, 5], ""detached"": false}"
단일+저층부,저층부고정 11m,55,55,185.5,177,28,115,10,62,37580,400.0,8492,46072,4133,43.99,0.104,inf,inf,2,3.534,12.94,55층 352㎡(27.2×12.9m) + 저층부 5층 4000㎡(84.9×47.1m),"{""towers"": [[351.6, 2.1, 110, 194297.1, 546941.9, 55]], ""podium"": [4000.0, 1.8025, 52.04, 194307.2, 546952.7, 5], ""detached"": false}"
단일+저층부,저층부고정 11m,48,48,162.4,177,31,115,10,62,37580,400.0,8286,45866,4133,43.99,0.166,inf,inf,2,3.466,12.31,48층 409㎡(33.2×12.3m) + 저층부 5층 4000㎡(84.9×47.1m),"{""towers"": [[408.84, 2.7, 50, 194305.1, 546965.9, 48]], ""podium"": [4000.0, 1.8025, 52.04, 194307.2, 546952.7, 5], ""detached"": false}"
단일+저층부,저층부고정 11m,53,53,178.9,178,29,115,10,63,37580,400.0,8209,45789,4133,43.99,0.126,inf,inf,2,3.549,14.26,53층 366㎡(25.7×14.3m) + 저층부 5층 4000㎡(84.9×47.1m),"{""towers"": [[366.25, 1.8, 60, 194293.1, 546945.9, 53]], ""podium"": [4000.0, 1.8025, 52.04, 194307.2, 546952.7, 5], ""detached"": false}"
단일+저층부,저층부고정 11m,52,52,175.6,180,26,115,11,65,37580,400.0,8139,45719,4133,43.99,0.045,inf,inf,2,3.585,14.42,52층 374㎡(25.9×14.4m) + 저층부 5층 4000㎡(84.9×47.1m),"{""towers"": [[374.04, 1.8, 70, 194293.1, 546929.9, 52]], ""podium"": [4000.0, 1.8025, 52.04, 194307.2, 546952.7, 5], ""detached"": false}"
단일+저층부,저층부고정 11m,49,49,165.7,182,29,115,10,67,37580,400.0,8363,45943,4133,43.99,0.065,inf,inf,2,3.569,12.16,49층 400㎡(32.8×12.2m) + 저층부 5층 4000㎡(84.9×47.1m),"{""towers"": [[399.55, 2.7, 40, 194301.1, 546937.9, 49]], ""podium"": [4000.0, 1.8025, 52.04, 194307.2, 546952.7, 5], ""detached"": false}"
단일+저층부,저층부고정 11m,49,49,165.7,169,38,116,13,53,37580,400.0,8515,46095,4133,43.99,0.138,inf,inf,2,3.442,11.54,49층 400㎡(34.6×11.5m) + 저층부 5층 4000㎡(84.9×47.1m),"{""towers"": [[399.55, 3.0, 50, 194313.1, 546977.9, 49]], ""podium"": [4000.0, 1.8025, 52.04, 194307.2, 546952.7, 5], ""detached"": false}"
단일+저층부,저층부고정 11m,50,50,169.0,169,40,116,15,53,37580,400.0,8439,46019,4133,43.99,0.162,inf,inf,2,3.442,12.03,50층 391㎡(32.5×12.0m) + 저층부 5층 4000㎡(84.9×47.1m),"{""towers"": [[390.67, 2.7, 60, 194313.1, 546969.9, 50]], ""podium"": [4000.0, 1.8025, 52.04, 194307.2, 546952.7, 5], ""detached"": false}"
단일+저층부,저층부고정 11m,49,49,165.7,172,29,116,11,56,37580,400.0,8212,45792,4133,43.99,0.05,inf,inf,2,3.67,12.9,49층 400㎡(31.0×12.9m) + 저층부 5층 4000㎡(84.9×47.1m),"{""towers"": [[399.55, 2.4, 10, 194293.1, 546933.9, 49]], ""podium"": [4000.0, 1.8025, 52.04, 194307.2, 546952.7, 5], ""detached"": false}"
단일+저층부,저층부고정 11m,54,54,182.2,173,26,116,14,57,37580,400.0,8423,46003,4133,43.99,0.15,inf,inf,2,3.562,13.07,54층 359㎡(27.4×13.1m) + 저층부 5층 4000㎡(84.9×47.1m),"{""towers"": [[358.78, 2.1, 60, 194281.1, 546941.9, 54]], ""podium"": [4000.0, 1.8025, 52.04, 194307.2, 546952.7, 5], ""detached"": false}"
단일+저층부,저층부고정 11m,54,54,182.2,174,28,116,12,58,37580,400.0,8277,45857,4133,43.99,0.117,inf,inf,2,3.578,14.12,54층 359㎡(25.4×14.1m) + 저층부 5층 4000㎡(84.9×47.1m),"{""towers"": [[358.78, 1.8, 60, 194285.1, 546937.9, 54]], ""podium"": [4000.0, 1.8025, 52.04, 194307.2, 546952.7, 5], ""detached"": false}"
단일+저층부,저층부고정 11m,50,50,169.0,175,31,116,14,59,37580,400.0,7877,45457,4133,43.99,0.137,inf,inf,2,3.586,16.14,50층 391㎡(24.2×16.1m) + 저층부 5층 4000㎡(84.9×47.1m),"{""towers"": [[390.67, 1.5, 50, 194281.1, 546949.9, 50]], ""podium"": [4000.0, 1.8025, 52.04, 194307.2, 546952.7, 5], ""detached"": false}"
단일+저층부,저층부고정 11m,54,54,182.2,175,29,116,11,59,37580,400.0,8736,46316,4133,43.99,0.142,inf,inf,2,3.542,11.53,54층 359㎡(31.1×11.5m) + 저층부 5층 4000㎡(84.9×47.1m),"{""towers"": [[358.78, 2.7, 130, 194285.1, 546941.9, 54]], ""podium"": [4000.0, 1.8025, 52.04, 194307.2, 546952.7, 5], ""detached"": false}"
단일+저층부,저층부고정 11m,48,48,162.4,177,28,116,10,61,37580,400.0,7737,45317,4133,43.99,0.172,inf,inf,2,3.594,16.51,48층 409㎡(24.8×16.5m) + 저층부 5층 4000㎡(84.9×47.1m),"{""towers"": [[408.84, 1.5, 130, 194293.1, 546937.9, 48]], ""podium"": [4000.0, 1.8025, 52.04, 194307.2, 546952.7, 5], ""detached"": false}"
단일+저층부,저층부고정 11m,55,55,185.5,177,29,116,10,61,37580,400.0,8492,46072,4133,43.99,0.107,inf,inf,2,3.57,12.94,55층 352㎡(27.2×12.9m) + 저층부 5층 4000㎡(84.9×47.1m),"{""towers"": [[351.6, 2.1, 40, 194297.1, 546945.9, 55]], ""podium"": [4000.0, 1.8025, 52.04, 194307.2, 546952.7, 5], ""detached"": false}"
단일+저층부,저층부고정 11m,47,47,159.1,178,30,116,11,62,37580,400.0,8208,45788,4133,43.99,0.068,inf,inf,2,3.605,12.45,47층 419㎡(33.6×12.5m) + 저층부 5층 4000㎡(84.9×47.1m),"{""towers"": [[418.57, 2.7, 30, 194297.1, 546937.9, 47]], ""podium"": [4000.0, 1.8025, 52.04, 194307.2, 546952.7, 5], ""detached"": false}"
단일+저층부,저층부고정 11m,51,51,172.3,179,30,116,11,63,37580,400.0,8360,45940,4133,43.99,0.029,inf,inf,2,3.584,12.62,51층 382㎡(30.3×12.6m) + 저층부 5층 4000㎡(84.9×47.1m),"{""towers"": [[382.17, 2.4, 40, 194305.1, 546933.9, 51]], ""podium"": [4000.0, 1.8025, 52.04, 194307.2, 546952.7, 5], ""detached"": false}"
단일+저층부,저층부고정 11m,47,47,159.1,180,29,116,10,64,37580,400.0,8357,45937,4133,43.99,0.132,inf,inf,2,3.571,11.81,47층 419㎡(35.4×11.8m) + 저층부 5층 4000㎡(84.9×47.1m),"{""towers"": [[418.57, 3.0, 30, 194297.1, 546949.9, 47]], ""podium"": [4000.0, 1.8025, 52.04, 194307.2, 546952.7, 5], ""detached"": false}"
단일+저층부,저층부고정 11m,45,45,152.5,170,35,117,15,53,37580,400.0,8050,45630,4133,43.99,0.088,inf,inf,2,3.435,12.76,45층 440㎡(34.4×12.8m) + 저층부 5층 4000㎡(84.9×47.1m),"{""towers"": [[439.5, 2.7, 80, 194317.1, 546957.9, 45]], ""podium"": [4000.0, 1.8025, 52.04, 194307.2, 546952.7, 5], ""detached"": false}"
단일+저층부,저층부고정 11m,45,45,152.5,174,25,117,10,57,37580,400.0,7907,45487,4133,43.99,0.153,inf,inf,2,3.548,13.53,45층 440㎡(32.5×13.5m) + 저층부 5층 4000㎡(84.9×47.1m),"{""towers"": [[439.5, 2.4, 120, 194285.1, 546941.9, 45]], ""podium"": [4000.0, 1.8025, 52.04, 194307.2, 546952.7, 5], ""detached"": false}"
단일+저층부,저층부고정 11m,46,46,155.8,178,31,117,10,61,37580,400.0,8129,45709,4133,43.99,0.142,inf,inf,2,3.436,12.6,46층 429㎡(34.0×12.6m) + 저층부 5층 4000㎡(84.9×47.1m),"{""towers"": [[428.78, 2.7, 90, 194305.1, 546957.9, 46]], ""podium"": [4000.0, 1.8025, 52.04, 194307.2, 546952.7, 5], ""detached"": false}"
단일+저층부,저층부고정 11m,55,55,185.5,179,30,117,11,62,37580,400.0,8648,46228,4133,43.99,0.046,inf,inf,2,3.615,12.1,55층 352㎡(29.0×12.1m) + 저층부 5층 4000㎡(84.9×47.1m),"{""towers"": [[351.6, 2.4, 30, 194297.1, 546933.9, 55]], ""podium"": [4000.0, 1.8025, 52.04, 194307.2, 546952.7, 5], ""detached"": false}"
단일+저층부,저층부고정 11m,52,52,175.6,179,29,117,10,62,37580,400.0,8139,45719,4133,43.99,0.153,inf,inf,2,3.555,14.42,52층 374㎡(25.9×14.4m) + 저층부 5층 4000㎡(84.9×47.1m),"{""towers"": [[374.04, 1.8, 50, 194293.1, 546949.9, 52]], ""podium"": [4000.0, 1.8025, 52.04, 194307.2, 546952.7, 5], ""detached"": false}"
단일+저층부,저층부고정 11m,51,51,172.3,182,29,117,11,65,37580,400.0,7946,45526,4133,43.99,0.067,inf,inf,2,3.617,15.96,51층 382㎡(23.9×16.0m) + 저층부 5층 4000㎡(84.9×47.1m),"{""towers"": [[382.17, 1.5, 40, 194293.1, 546933.9, 51]], ""podium"": [4000.0, 1.8025, 52.04, 194307.2, 546952.7, 5], ""detached"": false}"
단일+저층부,저층부고정 11m,53,53,178.9,182,27,117,10,65,37580,400.0,8663,46243,4133,43.99,0.068,inf,inf,2,3.515,11.65,53층 366㎡(31.4×11.6m) + 저층부 5층 4000㎡(84.9×47.1m),"{""towers"": [[366.25, 2.7, 60, 194301.1, 546937.9, 53]], ""podium"": [4000.0, 1.8025, 52.04, 194307.2, 546952.7, 5], ""detached"": false}"
단일+저층부,저층부고정 11m,45,45,152.5,171,25,118,12,53,37580,400.0,7520,45100,4133,43.99,0.134,inf,inf,2,3.599,17.12,45층 440㎡(25.7×17.1m) + 저층부 5층 4000㎡(84.9×47.1m),"{""towers"": [[439.5, 1.5, 110, 194285.1, 546937.9, 45]], ""podium"": [4000.0, 1.8025, 52.04, 194307.2, 546952.7, 5], ""detached"": false}"
단일+저층부,저층부고정 11m,48,48,162.4,176,28,118,13,58,37580,400.0,7992,45572,4133,43.99,0.137,inf,inf,2,3.645,13.95,48층 409㎡(29.3×14.0m) + 저층부 5층 4000㎡(84.9×47.1m),"{""towers"": [[408.84, 2.1, 20, 194285.1, 546941.9, 48]], ""podium"": [4000.0, 1.8025, 52.04, 194307.2, 546952.7, 5], ""detached"": false}"
단일+저층부,저층부고정 11m,51,51,172.3,177,30,118,11,59,37580,400.0,8360,45940,4133,43.99,0.119,inf,inf,2,3.626,12.62,51층 382㎡(30.3×12.6m) + 저층부 5층 4000㎡(84.9×47.1m),"{""towers"": [[382.17, 2.4, 20, 194293.1, 546945.9, 51]], ""podium"": [4000.0, 1.8025, 52.04, 194307.2, 546952.7, 5], ""detached"": false}"
단일+저층부,저층부고정 11m,50,50,169.0,178,28,118,10,60,37580,400.0,7877,45457,4133,43.99,0.098,inf,inf,2,3.584,16.14,50층 391㎡(24.2×16.1m) + 저층부 5층 4000㎡(84.9×47.1m),"{""towers"": [[390.67, 1.5, 70, 194289.1, 546937.9, 50]], ""podium"": [4000.0, 1.8025, 52.04, 194307.2, 546952.7, 5], ""detached"": false}"
단일+저층부,저층부고정 11m,47,47,159.1,178,27,118,10,60,37580,400.0,7783,45363,4133,43.99,0.075,inf,inf,2,3.564,15.25,47층 419㎡(27.4×15.2m) + 저층부 5층 4000㎡(84.9×47.1m),"{""towers"": [[418.57, 1.8, 110, 194297.1, 546937.9, 47]], ""podium"": [4000.0, 1.8025, 52.04, 194307.2, 546952.7, 5], ""detached"": false}"
단일+저층부,저층부고정 11m,53,53,178.9,182,30,118,11,64,37580,400.0,8822,46402,4133,43.99,0.103,inf,inf,2,3.575,11.05,53층 366㎡(33.1×11.0m) + 저층부 5층 4000㎡(84.9×47.1m),"{""towers"": [[366.25, 3.0, 30, 194297.1, 546945.9, 53]], ""podium"": [4000.0, 1.8025, 52.04, 194307.2, 546952.7, 5], ""detached"": false}"
단일+저층부,저층부고정 11m,50,50,169.0,183,30,118,10,65,37580,400.0,8439,46019,4133,43.99,0.049,inf,inf,2,3.565,12.03,50층 391㎡(32.5×12.0m) + 저층부 5층 4000㎡(84.9×47.1m),"{""towers"": [[390.67, 2.7, 40, 194305.1, 546937.9, 50]], ""podium"": [4000.0, 1.8025, 52.04, 194307.2, 546952.7, 5], ""detached"": false}"
단일+저층부,저층부고정 11m,48,48,162.4,184,28,118,10,66,37580,400.0,8137,45717,4133,43.99,0.137,inf,inf,2,3.525,13.05,48층 409㎡(31.3×13.1m) + 저층부 5층 4000㎡(84.9×47.1m),"{""towers"": [[408.84, 2.4, 120, 194297.1, 546941.9, 48]], ""podium"": [4000.0, 1.8025, 52.04, 194307.2, 546952.7, 5], ""detached"": false}"
단일+저층부,저층부고정 11m,47,47,159.1,175,40,119,17,56,37580,400.0,8208,45788,4133,43.99,0.161,inf,inf,2,3.444,12.45,47층 419㎡(33.6×12.5m) + 저층부 5층 4000㎡(84.9×47.1m),"{""towers"": [[418.57, 2.7, 110, 194313.1, 546961.9, 47]], ""podium"": [4000.0, 1.8025, 52.04, 194307.2, 546952.7, 5], ""detached"": false}"
단일+저층부,저층부고정 11m,49,49,165.7,176,26,119,14,57,37580,400.0,7928,45508,4133,43.99,0.159,inf,inf,2,3.572,14.9,49층 400㎡(26.8×14.9m) + 저층부 5층 4000㎡(84.9×47.1m),"{""towers"": [[399.55, 1.8, 60, 194281.1, 546941.9, 49]], ""podium"": [4000.0, 1.8025, 52.04, 194307.2, 546952.7, 5], ""detached"": false}"
단일+저층부,저층부고정 11m,51,51,172.3,178,28,119,10,59,37580,400.0,7946,45526,4133,43.99,0.057,inf,inf,2,3.591,15.96,51층 382㎡(23.9×16.0m) + 저층부 5층 4000㎡(84.9×47.1m),"{""towers"": [[382.17, 1.5, 80, 194293.1, 546933.9, 51]], ""podium"": [4000.0, 1.8025, 52.04, 194307.2, 546952.7, 5], ""detached"": false}"
단일+저층부,저층부고정 11m,53,53,178.9,178,33,119,12,59,37580,400.0,8822,46402,4133,43.99,0.067,inf,inf,2,3.438,11.05,53층 366㎡(33.1×11.0m) + 저층부 5층 4000㎡(84.9×47.1m),"{""towers"": [[366.25, 3.0, 90, 194309.1, 546949.9, 53]], ""podium"": [4000.0, 1.8025, 52.04, 194307.2, 546952.7, 5], ""detached"": false}"
단일+저층부,저층부고정 11m,49,49,165.7,179,30,119,11,60,37580,400.0,8212,45792,4133,43.99,0.122,inf,inf,2,3.625,12.9,49층 400㎡(31.0×12.9m) + 저층부 5층 4000㎡(84.9×47.1m),"{""towers"": [[399.55, 2.4, 20, 194293.1, 546945.9, 49]], ""podium"": [4000.0, 1.8025, 52.04, 194307.2, 546952.7, 5], ""detached"": false}"
단일+저층부,저층부고정 11m,52,52,175.6,180,27,119,11,61,37580,400.0,8015,45595,4133,43.99,0.073,inf,inf,2,3.646,15.79,52층 374㎡(23.7×15.8m) + 저층부 5층 4000㎡(84.9×47.1m),"{""towers"": [[374.04, 1.5, 20, 194289.1, 546933.9, 52]], ""podium"": [4000.0, 1.8025, 52.04, 194307.2, 546952.7, 5], ""detached"": false}"
단일+저층부,저층부고정 11m,48,48,162.4,182,30,119,11,63,37580,400.0,8137,45717,4133,43.99,0.089,inf,inf,2,3.595,13.05,48층 409㎡(31.3×13.1m) + 저층부 5층 4000㎡(84.9×47.1m),"{""towers"": [[408.84, 2.4, 30, 194297.1, 546941.9, 48]], ""podium"": [4000.0, 1.8025, 52.04, 194307.2, 546952.7, 5], ""detached"": false}"
단일+저층부,저층부고정 11m,47,47,159.1,181,27,120,10,61,37580,400.0,7665,45245,4133,43.99,0.056,inf,inf,2,3.597,16.7,47층 419㎡(25.1×16.7m) + 저층부 5층 4000㎡(84.9×47.1m),"{""towers"": [[418.57, 1.5, 90, 194293.1, 546933.9, 47]], ""podium"": [4000.0, 1.8025, 52.04, 194307.2, 546952.7, 5], ""detached"": false}"
단일+저층부,저층부고정 11m,45,45,152.5,181,28,120,10,61,37580,400.0,7636,45216,4133,43.99,0.197,inf,inf,2,3.56,15.63,45층 440㎡(28.1×15.6m) + 저층부 5층 4000㎡(84.9×47.1m),"{""towers"": [[439.5, 1.8, 110, 194289.1, 546945.9, 45]], ""podium"": [4000.0, 1.8025, 52.04, 194307.2, 546952.7, 5], ""detached"": false}"
단일+저층부,저층부고정 11m,48,48,162.4,183,28,120,11,63,37580,400.0,7737,45317,4133,43.99,0.04,inf,inf,2,3.642,16.51,48층 409㎡(24.8×16.5m) + 저층부 5층 4000㎡(84.9×47.1m),"{""towers"": [[408.84, 1.5, 30, 194293.1, 546929.9, 48]], ""podium"": [4000.0, 1.8025, 52.04, 194307.2, 546952.7, 5], ""detached"": false}"
단일+저층부,저층부고정 11m,44,44,149.2,183,28,120,10,63,37580,400.0,7447,45027,4133,43.99,0.172,inf,inf,2,3.593,17.34,44층 451㎡(26.0×17.3m) + 저층부 5층 4000㎡(84.9×47.1m),"{""towers"": [[450.77, 1.5, 40, 194289.1, 546949.9, 44]], ""podium"": [4000.0, 1.8025, 52.04, 194307.2, 546952.7, 5], ""detached"": false}"
단일+저층부,저층부고정 11m,51,51,172.3,185,28,120,10,65,37580,400.0,8070,45650,4133,43.99,0.138,inf,inf,2,3.553,14.57,51층 382㎡(26.2×14.6m) + 저층부 5층 4000㎡(84.9×47.1m),"{""towers"": [[382.17, 1.8, 110, 194293.1, 546941.9, 51]], ""podium"": [4000.0, 1.8025, 52.04, 194307.2, 546952.7, 5], ""detached"": false}"
단일+저층부,저층부고정 11m,47,47,159.1,188,28,120,11,68,37580,400.0,8061,45641,4133,43.99,0.076,inf,inf,2,3.606,13.21,47층 419㎡(31.7×13.2m) + 저층부 5층 4000㎡(84.9×47.1m),"{""towers"": [[418.57, 2.4, 40, 194293.1, 546933.9, 47]], ""podium"": [4000.0, 1.8025, 52.04, 194307.2, 546952.7, 5], ""detached"": false}"
단일+저층부,저층부고정 11m,49,49,165.7,176,28,121,13,55,37580,400.0,7807,45387,4133,43.99,0.113,inf,inf,2,3.587,16.32,49층 400㎡(24.5×16.3m) + 저층부 5층 4000㎡(84.9×47.1m),"{""towers"": [[399.55, 1.5, 80, 194285.1, 546937.9, 49]], ""podium"": [4000.0, 1.8025, 52.04, 194307.2, 546952.7, 5], ""detached"": false}"
단일+저층부,저층부고정 11m,53,53,178.9,179,29,121,13,58,37580,400.0,8083,45663,4133,43.99,0.127,inf,inf,2,3.621,15.63,53층 366㎡(23.4×15.6m) + 저층부 5층 4000㎡(84.9×47.1m),"{""towers"": [[366.25, 1.5, 30, 194285.1, 546941.9, 53]], ""podium"": [4000.0, 1.8025, 52.04, 194307.2, 546952.7, 5], ""detached"": false}"
단일+저층부,저층부고정 11m,47,47,159.1,180,25,121,10,59,37580,400.0,8061,45641,4133,43.99,0.036,inf,inf,2,3.535,13.21,47층 419㎡(31.7×13.2m) + 저층부 5층 4000㎡(84.9×47.1m),"{""towers"": [[418.57, 2.4, 70, 194301.1, 546933.9, 47]], ""podium"": [4000.0, 1.8025, 52.04, 194307.2, 546952.7, 5], ""detached"": false}"
단일+저층부,저층부고정 11m,45,45,152.5,183,30,121,10,62,37580,400.0,8050,45630,4133,43.99,0.117,inf,inf,2,3.448,12.76,45층 440㎡(34.4×12.8m) + 저층부 5층 4000㎡(84.9×47.1m),"{""towers"": [[439.5, 2.7, 90, 194305.1, 546953.9, 45]], ""podium"": [4000.0, 1.8025, 52.04, 194307.2, 546952.7, 5], ""detached"": false}"
단일+저층부,저층부고정 11m,53,53,178.9,184,30,121,11,63,37580,400.0,8353,45933,4133,43.99,0.099,inf,inf,2,3.608,13.21,53층 366㎡(27.7×13.2m) + 저층부 5층 4000㎡(84.9×47.1m),"{""towers"": [[366.25, 2.1, 30, 194293.1, 546941.9, 53]], ""podium"": [4000.0, 1.8025, 52.04, 194307.2, 546952.7, 5], ""detached"": false}"
단일+저층부,저층부고정 11m,54,54,182.2,184,30,121,11,63,37580,400.0,8423,46003,4133,43.99,0.098,inf,inf,2,3.606,13.07,54층 359㎡(27.4×13.1m) + 저층부 5층 4000㎡(84.9×47.1m),"{""towers"": [[358.78, 2.1, 30, 194293.1, 546941.9, 54]], ""podium"": [4000.0, 1.8025, 52.04, 194307.2, 546952.7, 5], ""detached"": false}"
단일+저층부,저층부고정 11m,46,46,155.8,184,29,121,10,63,37580,400.0,7843,45423,4133,43.99,0.16,inf,inf,2,3.504,14.29,46층 429㎡(30.0×14.3m) + 저층부 5층 4000㎡(84.9×47.1m),"{""towers"": [[428.78, 2.1, 80, 194293.1, 546953.9, 46]], ""podium"": [4000.0, 1.8025, 52.04, 194307.2, 546952.7, 5], ""detached"": false}"
단일+저층부,저층부고정 11m,44,44,149.2,186,28,121,10,65,37580,400.0,7970,45550,4133,43.99,0.181,inf,inf,2,3.567,12.92,44층 451㎡(34.9×12.9m) + 저층부 5층 4000㎡(84.9×47.1m),"{""towers"": [[450.77, 2.7, 40, 194289.1, 546949.9, 44]], ""podium"": [4000.0, 1.8025, 52.04, 194307.2, 546952.7, 5], ""detached"": false}"
단일+저층부,저층부고정 11m,54,54,182.2,186,29,121,10,65,37580,400.0,8736,46316,4133,43.99,0.124,inf,inf,2,3.522,11.53,54층 359㎡(31.1×11.5m) + 저층부 5층 4000㎡(84.9×47.1m),"{""towers"": [[358.78, 2.7, 50, 194297.1, 546945.9, 54]], ""podium"": [4000.0, 1.8025, 52.04, 194307.2, 546952.7, 5], ""detached"": false}"
단일+저층부,저층부고정 11m,51,51,172.3,186,29,121,10,65,37580,400.0,8670,46250,4133,43.99,0.074,inf,inf,2,3.485,11.29,51층 382㎡(33.9×11.3m) + 저층부 5층 4000㎡(84.9×47.1m),"{""towers"": [[382.17, 3.0, 60, 194305.1, 546941.9, 51]], ""podium"": [4000.0, 1.8025, 52.04, 194307.2, 546952.7, 5], ""detached"": false}"
단일+저층부,저층부고정 11m,50,50,169.0,187,29,121,10,66,37580,400.0,8593,46173,4133,43.99,0.075,inf,inf,2,3.484,11.41,50층 391㎡(34.2×11.4m) + 저층부 5층 4000㎡(84.9×47.1m),"{""towers"": [[390.67, 3.0, 60, 194305.1, 546941.9, 50]], ""podium"": [4000.0, 1.8025, 52.04, 194307.2, 546952.7, 5], ""detached"": false}"
단일+저층부,저층부고정 11m,46,46,155.8,179,39,122,15,57,37580,400.0,8276,45856,4133,43.99,0.135,inf,inf,2,3.409,11.96,46층 429㎡(35.9×12.0m) + 저층부 5층 4000㎡(84.9×47.1m),"{""towers"": [[428.78, 3.0, 70, 194313.1, 546961.9, 46]], ""podium"": [4000.0, 1.8025, 52.04, 194307.2, 546952.7, 5], ""detached"": false}"
단일+저층부,저층부고정 11m,45,45,152.5,180,26,122,10,58,37580,400.0,7767,45347,4133,43.99,0.126,inf,inf,2,3.56,14.47,45층 440㎡(30.4×14.5m) + 저층부 5층 4000㎡(84.9×47.1m),"{""towers"": [[439.5, 2.1, 110, 194289.1, 546937.9, 45]], ""podium"": [4000.0, 1.8025, 52.04, 194307.2, 546952.7, 5], ""detached"": false}"
단일+저층부,저층부고정 11m,52,52,175.6,181,30,122,12,59,37580,400.0,8589,46169,4133,43.99,0.047,inf,inf,2,3.466,11.77,52층 374㎡(31.8×11.8m) + 저층부 5층 4000㎡(84.9×47.1m),"{""towers"": [[374.04, 2.7, 90, 194309.1, 546945.9, 52]], ""podium"": [4000.0, 1.8025, 52.04, 194307.2, 546952.7, 5], ""detached"": false}"
단일+저층부,저층부고정 11m,46,46,155.8,182,31,122,10,60,37580,400.0,8129,45709,4133,43.99,0.15,inf,inf,2,3.429,12.6,46층 429㎡(34.0×12.6m) + 저층부 5층 4000㎡(84.9×47.1m),"{""towers"": [[428.78, 2.7, 70, 194305.1, 546965.9, 46]], ""podium"": [4000.0, 1.8025, 52.04, 194307.2, 546952.7, 5], ""detached"": false}"
단일+저층부,저층부고정 11m,49,49,165.7,184,30,122,12,62,37580,400.0,8363,45943,4133,43.99,0.158,inf,inf,2,3.626,12.16,49층 400㎡(32.8×12.2m) + 저층부 5층 4000㎡(84.9×47.1m),"{""towers"": [[399.55, 2.7, 20, 194289.1, 546949.9, 49]], ""podium"": [4000.0, 1.8025, 52.04, 194307.2, 546952.7, 5], ""detached"": false}"
단일+저층부,저층부고정 11m,55,55,185.5,185,29,122,10,63,37580,400.0,8809,46389,4133,43.99,0.141,inf,inf,2,3.468,11.41,55층 352㎡(30.8×11.4m) + 저층부 5층 4000㎡(84.9×47.1m),"{""towers"": [[351.6, 2.7, 80, 194293.1, 546953.9, 55]], ""podium"": [4000.0, 1.8025, 52.04, 194307.2, 546952.7, 5], ""detached"": false}"
단일+저층부,저층부고정 11m,52,52,175.6,187,29,122,10,65,37580,400.0,8589,46169,4133,43.99,0.101,inf,inf,2,3.478,11.77,52층 374㎡(31.8×11.8m) + 저층부 5층 4000㎡(84.9×47.1m),"{""towers"": [[374.04, 2.7, 80, 194297.1, 546945.9, 52]], ""podium"": [4000.0, 1.8025, 52.04, 194307.2, 546952.7, 5], ""detached"": false}"
단일+저층부,저층부고정 11m,46,46,155.8,179,25,123,14,56,37580,400.0,7710,45290,4133,43.99,0.158,inf,inf,2,3.605,15.43,46층 429㎡(27.8×15.4m) + 저층부 5층 4000㎡(84.9×47.1m),"{""towers"": [[428.78, 1.8, 40, 194281.1, 546945.9, 46]], ""podium"": [4000.0, 1.8025, 52.04, 194307.2, 546952.7, 5], ""detached"": false}"
단일+저층부,저층부고정 11m,50,50,169.0,187,28,123,10,64,37580,400.0,8593,46173,4133,43.99,0.086,inf,inf,2,3.452,11.41,50층 391㎡(34.2×11.4m) + 저층부 5층 4000㎡(84.9×47.1m),"{""towers"": [[390.67, 3.0, 80, 194301.1, 546945.9, 50]], ""podium"": [4000.0, 1.8025, 52.04, 194307.2, 546952.7, 5], ""detached"": false}"
단일+저층부,저층부고정 11m,54,54,182.2,188,26,123,10,65,37580,400.0,8736,46316,4133,43.99,0.041,inf,inf,2,3.558,11.53,54층 359㎡(31.1×11.5m) + 저층부 5층 4000㎡(84.9×47.1m),"{""towers"": [[358.78, 2.7, 50, 194301.1, 546929.9, 54]], ""podium"": [4000.0, 1.8025, 52.04, 194307.2, 546952.7, 5], ""detached"": false}"
단일+저층부,저층부고정 11m,46,46,155.8,188,28,123,10,65,37580,400.0,7984,45564,4133,43.99,0.169,inf,inf,2,3.55,13.37,46층 429㎡(32.1×13.4m) + 저층부 5층 4000㎡(84.9×47.1m),"{""towers"": [[428.78, 2.4, 40, 194293.1, 546953.9, 46]], ""podium"": [4000.0, 1.8025, 52.04, 194307.2, 546952.7, 5], ""detached"": false}"
단일+저층부,저층부고정 11m,44,44,149.2,178,39,124,14,54,37580,400.0,7970,45550,4133,43.99,0.158,inf,inf,2,3.426,12.92,44층 451㎡(34.9×12.9m) + 저층부 5층 4000㎡(84.9×47.1m),"{""towers"": [[450.77, 2.7, 60, 194313.1, 546973.9, 44]], ""podium"": [4000.0, 1.8025, 52.04, 194307.2, 546952.7, 5], ""detached"": false}"
단일+저층부,저층부고정 11m,44,44,149.2,179,36,124,13,55,37580,400.0,8113,45693,4133,43.99,0.103,inf,inf,2,3.493,12.26,44층 451㎡(36.8×12.3m) + 저층부 5층 4000㎡(84.9×47.1m),"{""towers"": [[450.77, 3.0, 50, 194313.1, 546949.9, 44]], ""podium"": [4000.0, 1.8025, 52.04, 194307.2, 546952.7, 5], ""detached"": false}"
단일+저층부,저층부고정 11m,45,45,152.5,180,33,124,11,56,37580,400.0,8195,45775,4133,43.99,0.132,inf,inf,2,3.406,12.1,45층 440㎡(36.3×12.1m) + 저층부 5층 4000㎡(84.9×47.1m),"{""towers"": [[439.5, 3.0, 100, 194313.1, 546961.9, 45]], ""podium"": [4000.0, 1.8025, 52.04, 194307.2, 546952.7, 5], ""detached"": false}"
단일+저층부,저층부고정 11m,45,45,152.5,183,30,124,10,59,37580,400.0,8050,45630,4133,43.99,0.115,inf,inf,2,3.462,12.76,45층 440㎡(34.4×12.8m) + 저층부 5층 4000㎡(84.9×47.1m),"{""towers"": [[439.5, 2.7, 110, 194309.1, 546953.9, 45]], ""podium"": [4000.0, 1.8025, 52.04, 194307.2, 546952.7, 5], ""detached"": false}"
단일+저층부,저층부고정 11m,52,52,175.6,183,30,124,10,59,37580,400.0,8746,46326,4133,43.99,0.053,inf,inf,2,3.45,11.17,52층 374㎡(33.5×11.2m) + 저층부 5층 4000㎡(84.9×47.1m),"{""towers"": [[374.04, 3.0, 80, 194309.1, 546945.9, 52]], ""podium"": [4000.0, 1.8025, 52.04, 194307.2, 546952.7, 5], ""detached"": false}"
단일+저층부,저층부고정 11m,46,46,155.8,184,27,124,10,60,37580,400.0,7843,45423,4133,43.99,0.081,inf,inf,2,3.543,14.29,46층 429㎡(30.0×14.3m) + 저층부 5층 4000㎡(84.9×47.1m),"{""towers"": [[428.78, 2.1, 80, 194293.1, 546937.9, 46]], ""podium"": [4000.0, 1.8025, 52.04, 194307.2, 546952.7, 5], ""detached"": false}"
단일+저층부,저층부고정 11m,49,49,165.7,184,33,124,10,60,37580,400.0,8515,46095,4133,43.99,0.11,inf,inf,2,3.488,11.54,49층 400㎡(34.6×11.5m) + 저층부 5층 4000㎡(84.9×47.1m),"{""towers"": [[399.55, 3.0, 50, 194309.1, 546949.9, 49]], ""podium"": [4000.0, 1.8025, 52.04, 194307.2, 546952.7, 5], ""detached"": false}"
단일+저층부,저층부고정 11m,55,55,185.5,185,29,124,12,61,37580,400.0,8345,45925,4133,43.99,0.138,inf,inf,2,3.58,13.98,55층 352㎡(25.2×14.0m) + 저층부 5층 4000㎡(84.9×47.1m),"{""towers"": [[351.6, 1.8, 50, 194285.1, 546941.9, 55]], ""podium"": [4000.0, 1.8025, 52.04, 194307.2, 546952.7, 5], ""detached"": false}"
단일+저층부,저층부고정 11m,45,45,152.5,185,28,124,10,61,37580,400.0,8195,45775,4133,43.99,0.107,inf,inf,2,3.446,12.1,45층 440㎡(36.3×12.1m) + 저층부 5층 4000㎡(84.9×47.1m),"{""towers"": [[439.5, 3.0, 110, 194309.1, 546953.9, 45]], ""podium"": [4000.0, 1.8025, 52.04, 194307.2, 546952.7, 5], ""detached"": false}"
단일+저층부,저층부고정 11m,46,46,155.8,187,29,124,11,63,37580,400.0,8276,45856,4133,43.99,0.141,inf,inf,2,3.634,11.96,46층 429㎡(35.9×12.0m) + 저층부 5층 4000㎡(84.9×47.1m),"{""towers"": [[428.78, 3.0, 20, 194289.1, 546945.9, 46]], ""podium"": [4000.0, 1.8025, 52.04, 194307.2, 546952.7, 5], ""detached"": false}"
단일+저층부,저층부고정 11m,54,54,182.2,187,28,124,10,63,37580,400.0,8423,46003,4133,43.99,0.145,inf,inf,2,3.551,13.07,54층 359㎡(27.4×13.1m) + 저층부 5층 4000㎡(84.9×47.1m),"{""towers"": [[358.78, 2.1, 50, 194289.1, 546953.9, 54]], ""podium"": [4000.0, 1.8025, 52.04, 194307.2, 546952.7, 5], ""detached"": false}"
단일+저층부,저층부고정 11m,51,51,172.3,188,29,124,11,64,37580,400.0,8210,45790,4133,43.99,0.136,inf,inf,2,3.601,13.49,51층 382㎡(28.3×13.5m) + 저층부 5층 4000㎡(84.9×47.1m),"{""towers"": [[382.17, 2.1, 30, 194289.1, 546945.9, 51]], ""podium"": [4000.0, 1.8025, 52.04, 194307.2, 546952.7, 5], ""detached"": false}"
단일+저층부,저층부고정 11m,46,46,155.8,190,29,124,11,66,37580,400.0,7843,45423,4133,43.99,0.124,inf,inf,2,3.619,14.29,46층 429㎡(30.0×14.3m) + 저층부 5층 4000㎡(84.9×47.1m),"{""towers"": [[428.78, 2.1, 30, 194289.1, 546941.9, 46]], ""podium"": [4000.0, 1.8025, 52.04, 194307.2, 546952.7, 5], ""detached"": false}"
단일+저층부,저층부고정 11m,52,52,175.6,190,28,124,10,66,37580,400.0,8746,46326,4133,43.99,0.154,inf,inf,2,3.499,11.17,52층 374㎡(33.5×11.2m) + 저층부 5층 4000㎡(84.9×47.1m),"{""towers"": [[374.04, 3.0, 120, 194293.1, 546941.9, 52]], ""podium"": [4000.0, 1.8025, 52.04, 194307.2, 546952.7, 5], ""detached"": false}"
단일+저층부,저층부고정 11m,50,50,169.0,192,27,124,10,68,37580,400.0,8138,45718,4133,43.99,0.097,inf,inf,2,3.54,13.64,50층 391㎡(28.6×13.6m) + 저층부 5층 4000㎡(84.9×47.1m),"{""towers"": [[390.67, 2.1, 110, 194293.1, 546937.9, 50]], ""podium"": [4000.0, 1.8025, 52.04, 194307.2, 546952.7, 5], ""detached"": false}"
단일+저층부,저층부고정 11m,55,55,185.5,182,28,125,13,57,37580,400.0,8345,45925,4133,43.99,0.106,inf,inf,2,3.569,13.98,55층 352㎡(25.2×14.0m) + 저층부 5층 4000㎡(84.9×47.1m),"{""towers"": [[351.6, 1.8, 80, 194285.1, 546937.9, 55]], ""podium"": [4000.0, 1.8025, 52.04, 194307.2, 546952.7, 5], ""detached"": false}"
단일+저층부,저층부고정 11m,50,50,169.0,184,24,125,11,59,37580,400.0,7999,45579,4133,43.99,0.11,inf,inf,2,3.581,14.73,50층 391㎡(26.5×14.7m) + 저층부 5층 4000㎡(84.9×47.1m),"{""towers"": [[390.67, 1.8, 120, 194285.1, 546933.9, 50]], ""podium"": [4000.0, 1.8025, 52.04, 194307.2, 546952.7, 5], ""detached"": false}"
단일+저층부,저층부고정 11m,52,52,175.6,188,31,125,13,63,37580,400.0,8015,45595,4133,43.99,0.157,inf,inf,2,3.578,15.79,52층 374㎡(23.7×15.8m) + 저층부 5층 4000㎡(84.9×47.1m),"{""towers"": [[374.04, 1.5, 110, 194285.1, 546945.9, 52]], ""podium"": [4000.0, 1.8025, 52.04, 194307.2, 546952.7, 5], ""detached"": false}"
단일+저층부,저층부고정 11m,49,49,165.7,188,27,125,10,63,37580,400.0,7928,45508,4133,43.99,0.065,inf,inf,2,3.573,14.9,49층 400㎡(26.8×14.9m) + 저층부 5층 4000㎡(84.9×47.1m),"{""towers"": [[399.55, 1.8, 70, 194293.1, 546933.9, 49]], ""podium"": [4000.0, 1.8025, 52.04, 194307.2, 546952.7, 5], ""detached"": false}"
단일+저층부,저층부고정 11m,47,47,159.1,192,29,125,11,67,37580,400.0,7665,45245,4133,43.99,0.12,inf,inf,2,3.617,16.7,47층 419㎡(25.1×16.7m) + 저층부 5층 4000㎡(84.9×47.1m),"{""towers"": [[418.57, 1.5, 30, 194289.1, 546941.9, 47]], ""podium"": [4000.0, 1.8025, 52.04, 194307.2, 546952.7, 5], ""detached"": false}"
단일+저층부,저층부고정 11m,55,55,185.5,192,30,125,11,67,37580,400.0,8648,46228,4133,43.99,0.06,inf,inf,2,3.617,12.1,55층 352㎡(29.0×12.1m) + 저층부 5층 4000㎡(84.9×47.1m),"{""towers"": [[351.6, 2.4, 30, 194293.1, 546933.9, 55]], ""podium"": [4000.0, 1.8025, 52.04, 194307.2, 546952.7, 5], ""detached"": false}"
단일+저층부,저층부고정 11m,48,48,162.4,192,29,125,10,67,37580,400.0,8436,46016,4133,43.99,0.147,inf,inf,2,3.467,11.67,48층 409㎡(35.0×11.7m) + 저층부 5층 4000㎡(84.9×47.1m),"{""towers"": [[408.84, 3.0, 60, 194297.1, 546949.9, 48]], ""podium"": [4000.0, 1.8025, 52.04, 194307.2, 546952.7, 5], ""detached"": false}"
단일+저층부,저층부고정 11m,54,54,182.2,191,26,126,10,65,37580,400.0,8423,46003,4133,43.99,0.087,inf,inf,2,3.566,13.07,54층 359㎡(27.4×13.1m) + 저층부 5층 4000㎡(84.9×47.1m),"{""towers"": [[358.78, 2.1, 60, 194289.1, 546933.9, 54]], ""podium"": [4000.0, 1.8025, 52.04, 194307.2, 546952.7, 5], ""detached"": false}"
단일+저층부,저층부고정 11m,49,49,165.7,194,29,126,10,68,37580,400.0,8363,45943,4133,43.99,0.115,inf,inf,2,3.53,12.16,49층 400㎡(32.8×12.2m) + 저층부 5층 4000㎡(84.9×47.1m),"{""towers"": [[399.55, 2.7, 50, 194297.1, 546941.9, 49]], ""podium"": [4000.0, 1.8025, 52.04, 194307.2, 546952.7, 5], ""detached"": false}"
단일+저층부,저층부고정 11m,46,46,155.8,188,26,127,10,61,37580,400.0,7984,45564,4133,43.99,0.119,inf,inf,2,3.536,13.37,46층 429㎡(32.1×13.4m) + 저층부 5층 4000㎡(84.9×47.1m),"{""towers"": [[428.78, 2.4, 110, 194289.1, 546937.9, 46]], ""podium"": [4000.0, 1.8025, 52.04, 194307.2, 546952.7, 5], ""detached"": false}"
단일+저층부,저층부고정 11m,46,46,155.8,190,29,127,11,63,37580,400.0,7593,45173,4133,43.99,0.163,inf,inf,2,3.602,16.91,46층 429㎡(25.4×16.9m) + 저층부 5층 4000㎡(84.9×47.1m),"{""towers"": [[428.78, 1.5, 30, 194289.1, 546949.9, 46]], ""podium"": [4000.0, 1.8025, 52.04, 194307.2, 546952.7, 5], ""detached"": false}"
단일+저층부,저층부고정 11m,47,47,159.1,191,29,127,10,64,37580,400.0,7918,45498,4133,43.99,0.126,inf,inf,2,3.52,14.12,47층 419㎡(29.6×14.1m) + 저층부 5층 4000㎡(84.9×47.1m),"{""towers"": [[418.57, 2.1, 80, 194293.1, 546945.9, 47]], ""podium"": [4000.0, 1.8025, 52.04, 194307.2, 546952.7, 5], ""detached"": false}"
단일+저층부,저층부고정 11m,51,51,172.3,192,29,127,11,65,37580,400.0,7946,45526,4133,43.99,0.119,inf,inf,2,3.592,15.96,51층 382㎡(23.9×16.0m) + 저층부 5층 4000㎡(84.9×47.1m),"{""towers"": [[382.17, 1.5, 40, 194289.1, 546941.9, 51]], ""podium"": [4000.0, 1.8025, 52.04, 194307.2, 546952.7, 5], ""detached"": false}"
단일+저층부,저층부고정 11m,46,46,155.8,192,24,127,10,65,37580,400.0,8276,45856,4133,43.99,0.038,inf,inf,2,3.519,11.96,46층 429㎡(35.9×12.0m) + 저층부 5층 4000㎡(84.9×47.1m),"{""towers"": [[428.78, 3.0, 60, 194305.1, 546933.9, 46]], ""podium"": [4000.0, 1.8025, 52.04, 194307.2, 546952.7, 5], ""detached"": false}"
단일+저층부,저층부고정 11m,52,52,175.6,192,28,127,10,65,37580,400.0,8433,46013,4133,43.99,0.103,inf,inf,2,3.515,12.48,52층 374㎡(30.0×12.5m) + 저층부 5층 4000㎡(84.9×47.1m),"{""towers"": [[374.04, 2.4, 70, 194293.1, 546941.9, 52]], ""podium"": [4000.0, 1.8025, 52.04, 194307.2, 546952.7, 5], ""detached"": false}"
단일+저층부,저층부고정 11m,50,50,169.0,193,28,127,10,66,37580,400.0,8138,45718,4133,43.99,0.143,inf,inf,2,3.524,13.64,50층 391㎡(28.6×13.6m) + 저층부 5층 4000㎡(84.9×47.1m),"{""towers"": [[390.67, 2.1, 90, 194289.1, 546945.9, 50]], ""podium"": [4000.0, 1.8025, 52.04, 194307.2, 546952.7, 5], ""detached"": false}"
단일+저층부,저층부고정 11m,54,54,182.2,194,28,127,10,67,37580,400.0,8736,46316,4133,43.99,0.119,inf,inf,2,3.495,11.53,54층 359㎡(31.1×11.5m) + 저층부 5층 4000㎡(84.9×47.1m),"{""towers"": [[358.78, 2.7, 70, 194293.1, 546945.9, 54]], ""podium"": [4000.0, 1.8025, 52.04, 194307.2, 546952.7, 5], ""detached"": false}"
단일+저층부,저층부고정 11m,55,55,185.5,196,28,127,10,69,37580,400.0,8809,46389,4133,43.99,0.093,inf,inf,2,3.524,11.41,55층 352㎡(30.8×11.4m) + 저층부 5층 4000㎡(84.9×47.1m),"{""towers"": [[351.6, 2.7, 60, 194293.1, 546937.9, 55]], ""podium"": [4000.0, 1.8025, 52.04, 194307.2, 546952.7, 5], ""detached"": false}"
단일+저층부,저층부고정 11m,49,49,165.7,187,25,128,11,59,37580,400.0,7928,45508,4133,43.99,0.116,inf,inf,2,3.567,14.9,49층 400㎡(26.8×14.9m) + 저층부 5층 4000㎡(84.9×47.1m),"{""towers"": [[399.55, 1.8, 70, 194285.1, 546937.9, 49]], ""podium"": [4000.0, 1.8025, 52.04, 194307.2, 546952.7, 5], ""detached"": false}"
단일+저층부,저층부고정 11m,45,45,152.5,192,24,128,10,64,37580,400.0,8195,45775,4133,43.99,0.038,inf,inf,2,3.52,12.1,45층 440㎡(36.3×12.1m) + 저층부 5층 4000㎡(84.9×47.1m),"{""towers"": [[439.5, 3.0, 60, 194305.1, 546933.9, 45]], ""podium"": [4000.0, 1.8025, 52.04, 194307.2, 546952.7, 5], ""detached"": false}"
단일+저층부,저층부고정 11m,49,49,165.7,195,28,128,10,67,37580,400.0,8212,45792,4133,43.99,0.165,inf,inf,2,3.534,12.9,49층 400㎡(31.0×12.9m) + 저층부 5층 4000㎡(84.9×47.1m),"{""towers"": [[399.55, 2.4, 120, 194289.1, 546941.9, 49]], ""podium"": [4000.0, 1.8025, 52.04, 194307.2, 546952.7, 5], ""detached"": false}"
단일+저층부,저층부고정 11m,53,53,178.9,195,28,128,10,67,37580,400.0,8663,46243,4133,43.99,0.118,inf,inf,2,3.498,11.65,53층 366㎡(31.4×11.6m) + 저층부 5층 4000㎡(84.9×47.1m),"{""towers"": [[366.25, 2.7, 110, 194293.1, 546941.9, 53]], ""podium"": [4000.0, 1.8025, 52.04, 194307.2, 546952.7, 5], ""detached"": false}"
단일+저층부,저층부고정 11m,48,48,162.4,189,31,129,13,60,37580,400.0,7856,45436,4133,43.99,0.161,inf,inf,2,3.635,15.07,48층 409㎡(27.1×15.1m) + 저층부 5층 4000㎡(84.9×47.1m),"{""towers"": [[408.84, 1.8, 20, 194285.1, 546945.9, 48]], ""podium"": [4000.0, 1.8025, 52.04, 194307.2, 546952.7, 5], ""detached"": false}"
단일+저층부,저층부고정 11m,54,54,182.2,194,28,129,10,65,37580,400.0,8577,46157,4133,43.99,0.157,inf,inf,2,3.516,12.23,54층 359㎡(29.3×12.2m) + 저층부 5층 4000㎡(84.9×47.1m),"{""towers"": [[358.78, 2.4, 60, 194289.1, 546949.9, 54]], ""podium"": [4000.0, 1.8025, 52.04, 194307.2, 546952.7, 5], ""detached"": false}"
단일+저층부,저층부고정 11m,48,48,162.4,195,29,129,10,66,37580,400.0,8436,46016,4133,43.99,0.105,inf,inf,2,3.454,11.67,48층 409㎡(35.0×11.7m) + 저층부 5층 4000㎡(84.9×47.1m),"{""towers"": [[408.84, 3.0, 80, 194297.1, 546945.9, 48]], ""podium"": [4000.0, 1.8025, 52.04, 194307.2, 546952.7, 5], ""detached"": false}"
단일+저층부,저층부고정 11m,48,48,162.4,196,28,129,10,67,37580,400.0,7992,45572,4133,43.99,0.162,inf,inf,2,3.557,13.95,48층 409㎡(29.3×14.0m) + 저층부 5층 4000㎡(84.9×47.1m),"{""towers"": [[408.84, 2.1, 50, 194289.1, 546945.9, 48]], ""podium"": [4000.0, 1.8025, 52.04, 194307.2, 546952.7, 5], ""detached"": false}"
단일+저층부,저층부고정 11m,54,54,182.2,196,28,129,10,67,37580,400.0,8736,46316,4133,43.99,0.112,inf,inf,2,3.514,11.53,54층 359㎡(31.1×11.5m) + 저층부 5층 4000㎡(84.9×47.1m),"{""towers"": [[358.78, 2.7, 60, 194293.1, 546941.9, 54]], ""podium"": [4000.0, 1.8025, 52.04, 194307.2, 546952.7, 5], ""detached"": false}"
단일+저층부,저층부고정 11m,55,55,185.5,200,26,129,10,71,37580,400.0,8809,46389,4133,43.99,0.028,inf,inf,2,3.551,11.41,55층 352㎡(30.8×11.4m) + 저층부 5층 4000㎡(84.9×47.1m),"{""towers"": [[351.6, 2.7, 60, 194297.1, 546925.9, 55]], ""podium"": [4000.0, 1.8025, 52.04, 194307.2, 546952.7, 5], ""detached"": false}"
단일+저층부,저층부고정 11m,47,47,159.1,195,27,130,10,65,37580,400.0,8357,45937,4133,43.99,0.078,inf,inf,2,3.473,11.81,47층 419㎡(35.4×11.8m) + 저층부 5층 4000㎡(84.9×47.1m),"{""towers"": [[418.57, 3.0, 70, 194301.1, 546941.9, 47]], ""podium"": [4000.0, 1.8025, 52.04, 194307.2, 546952.7, 5], ""detached"": false}"
단일+저층부,저층부고정 11m,47,47,159.1,196,28,130,10,66,37580,400.0,7783,45363,4133,43.99,0.167,inf,inf,2,3.582,15.25,47층 419㎡(27.4×15.2m) + 저층부 5층 4000㎡(84.9×47.1m),"{""towers"": [[418.57, 1.8, 40, 194289.1, 546949.9, 47]], ""podium"": [4000.0, 1.8025, 52.04, 194307.2, 546952.7, 5], ""detached"": false}"
단일+저층부,저층부고정 11m,46,46,155.8,197,28,130,10,67,37580,400.0,7984,45564,4133,43.99,0.155,inf,inf,2,3.578,13.37,46층 429㎡(32.1×13.4m) + 저층부 5층 4000㎡(84.9×47.1m),"{""towers"": [[428.78, 2.4, 40, 194289.1, 546945.9, 46]], ""podium"": [4000.0, 1.8025, 52.04, 194307.2, 546952.7, 5], ""detached"": false}"
단일+저층부,저층부고정 11m,47,47,159.1,198,23,130,10,68,37580,400.0,8208,45788,4133,43.99,0.048,inf,inf,2,3.514,12.45,47층 419㎡(33.6×12.5m) + 저층부 5층 4000㎡(84.9×47.1m),"{""towers"": [[418.57, 2.7, 90, 194293.1, 546933.9, 47]], ""podium"": [4000.0, 1.8025, 52.04, 194307.2, 546952.7, 5], ""detached"": false}"
단일+저층부,저층부고정 11m,50,50,169.0,200,28,130,10,70,37580,400.0,8439,46019,4133,43.99,0.106,inf,inf,2,3.497,12.03,50층 391㎡(32.5×12.0m) + 저층부 5층 4000㎡(84.9×47.1m),"{""towers"": [[390.67, 2.7, 70, 194293.1, 546941.9, 50]], ""podium"": [4000.0, 1.8025, 52.04, 194307.2, 546952.7, 5], ""detached"": false}"
단일+저층부,저층부고정 11m,52,52,175.6,198,21,131,10,67,37580,400.0,8433,46013,4133,43.99,0.05,inf,inf,2,3.541,12.48,52층 374㎡(30.0×12.5m) + 저층부 5층 4000㎡(84.9×47.1m),"{""towers"": [[374.04, 2.4, 110, 194289.1, 546929.9, 52]], ""podium"": [4000.0, 1.8025, 52.04, 194307.2, 546952.7, 5], ""detached"": false}"
단일+저층부,저층부고정 11m,50,50,169.0,202,29,131,11,71,37580,400.0,8593,46173,4133,43.99,0.094,inf,inf,2,3.566,11.41,50층 391㎡(34.2×11.4m) + 저층부 5층 4000㎡(84.9×47.1m),"{""towers"": [[390.67, 3.0, 40, 194293.1, 546937.9, 50]], ""podium"": [4000.0, 1.8025, 52.04, 194307.2, 546952.7, 5], ""detached"": false}"
단일+저층부,저층부고정 11m,49,49,165.7,195,26,132,12,63,37580,400.0,8066,45646,4133,43.99,0.139,inf,inf,2,3.54,13.79,49층 400㎡(29.0×13.8m) + 저층부 5층 4000㎡(84.9×47.1m),"{""towers"": [[399.55, 2.1, 90, 194285.1, 546941.9, 49]], ""podium"": [4000.0, 1.8025, 52.04, 194307.2, 546952.7, 5], ""detached"": false}"
단일+저층부,저층부고정 11m,50,50,169.0,200,27,132,10,68,37580,400.0,8593,46173,4133,43.99,0.076,inf,inf,2,3.46,11.41,50층 391㎡(34.2×11.4m) + 저층부 5층 4000㎡(84.9×47.1m),"{""towers"": [[390.67, 3.0, 90, 194297.1, 546941.9, 50]], ""podium"": [4000.0, 1.8025, 52.04, 194307.2, 546952.7, 5], ""detached"": false}"
단일+저층부,저층부고정 11m,51,51,172.3,202,29,132,11,70,37580,400.0,8514,46094,4133,43.99,0.093,inf,inf,2,3.574,11.9,51층 382㎡(32.1×11.9m) + 저층부 5층 4000㎡(84.9×47.1m),"{""towers"": [[382.17, 2.7, 40, 194293.1, 546937.9, 51]], ""podium"": [4000.0, 1.8025, 52.04, 194307.2, 546952.7, 5], ""detached"": false}"
단일+저층부,저층부고정 11m,49,49,165.7,204,28,132,10,72,37580,400.0,8363,45943,4133,43.99,0.111,inf,inf,2,3.54,12.16,49층 400㎡(32.8×12.2m) + 저층부 5층 4000㎡(84.9×47.1m),"{""towers"": [[399.55, 2.7, 50, 194293.1, 546937.9, 49]], ""podium"": [4000.0, 1.8025, 52.04, 194307.2, 546952.7, 5], ""detached"": false}"
단일+저층부,저층부고정 11m,45,45,152.5,194,23,133,10,61,37580,400.0,8050,45630,4133,43.99,0.099,inf,inf,2,3.511,12.76,45층 440㎡(34.4×12.8m) + 저층부 5층 4000㎡(84.9×47.1m),"{""towers"": [[439.5, 2.7, 80, 194289.1, 546937.9, 45]], ""podium"": [4000.0, 1.8025, 52.04, 194307.2, 546952.7, 5], ""detached"": false}"
단일+저층부,저층부고정 11m,49,49,165.7,199,24,134,10,65,37580,400.0,8066,45646,4133,43.99,0.075,inf,inf,2,3.555,13.79,49층 400㎡(29.0×13.8m) + 저층부 5층 4000㎡(84.9×47.1m),"{""towers"": [[399.55, 2.1, 100, 194289.1, 546933.9, 49]], ""podium"": [4000.0, 1.8025, 52.04, 194307.2, 546952.7, 5], ""detached"": false}"
단일+저층부,저층부고정 11m,46,46,155.8,202,29,134,11,68,37580,400.0,7984,45564,4133,43.99,0.152,inf,inf,2,3.541,13.37,46층 429㎡(32.1×13.4m) + 저층부 5층 4000㎡(84.9×47.1m),"{""towers"": [[428.78, 2.4, 50, 194285.1, 546953.9, 46]], ""podium"": [4000.0, 1.8025, 52.04, 194307.2, 546952.7, 5], ""detached"": false}"
단일+저층부,저층부고정 11m,54,54,182.2,199,29,135,13,64,37580,400.0,8736,46316,4133,43.99,0.146,inf,inf,2,3.608,11.53,54층 359㎡(31.1×11.5m) + 저층부 5층 4000㎡(84.9×47.1m),"{""towers"": [[358.78, 2.7, 30, 194285.1, 546945.9, 54]], ""podium"": [4000.0, 1.8025, 52.04, 194307.2, 546952.7, 5], ""detached"": false}"
단일+저층부,저층부고정 11m,49,49,165.7,200,25,135,11,65,37580,400.0,8066,45646,4133,43.99,0.145,inf,inf,2,3.544,13.79,49층 400㎡(29.0×13.8m) + 저층부 5층 4000㎡(84.9×47.1m),"{""towers"": [[399.55, 2.1, 110, 194285.1, 546941.9, 49]], ""podium"": [4000.0, 1.8025, 52.04, 194307.2, 546952.7, 5], ""detached"": false}"
단일+저층부,저층부고정 11m,46,46,155.8,200,28,136,11,64,37580,400.0,7843,45423,4133,43.99,0.183,inf,inf,2,3.568,14.29,46층 429㎡(30.0×14.3m) + 저층부 5층 4000㎡(84.9×47.1m),"{""towers"": [[428.78, 2.1, 50, 194285.1, 546945.9, 46]], ""podium"": [4000.0, 1.8025, 52.04, 194307.2, 546952.7, 5], ""detached"": false}"
단일+저층부,저층부고정 11m,53,53,178.9,205,29,136,11,69,37580,400.0,8663,46243,4133,43.99,0.122,inf,inf,2,3.571,11.65,53층 366㎡(31.4×11.6m) + 저층부 5층 4000㎡(84.9×47.1m),"{""towers"": [[366.25, 2.7, 40, 194289.1, 546941.9, 53]], ""podium"": [4000.0, 1.8025, 52.04, 194307.2, 546952.7, 5], ""detached"": false}"
단일+저층부,저층부고정 11m,51,51,172.3,203,25,137,11,66,37580,400.0,8514,46094,4133,43.99,0.159,inf,inf,2,3.569,11.9,51층 382㎡(32.1×11.9m) + 저층부 5층 4000㎡(84.9×47.1m),"{""towers"": [[382.17, 2.7, 40, 194285.1, 546945.9, 51]], ""podium"": [4000.0, 1.8025, 52.04, 194307.2, 546952.7, 5], ""detached"": false}"
단일+저층부,저층부고정 11m,49,49,165.7,208,26,137,10,71,37580,400.0,8363,45943,4133,43.99,0.073,inf,inf,2,3.569,12.16,49층 400㎡(32.8×12.2m) + 저층부 5층 4000㎡(84.9×47.1m),"{""towers"": [[399.55, 2.7, 50, 194293.1, 546929.9, 49]], ""podium"": [4000.0, 1.8025, 52.04, 194307.2, 546952.7, 5], ""detached"": false}"
단일+저층부,저층부고정 11m,52,52,175.6,208,24,137,10,71,37580,400.0,8746,46326,4133,43.99,0.055,inf,inf,2,3.492,11.17,52층 374㎡(33.5×11.2m) + 저층부 5층 4000㎡(84.9×47.1m),"{""towers"": [[374.04, 3.0, 80, 194293.1, 546933.9, 52]], ""podium"": [4000.0, 1.8025, 52.04, 194307.2, 546952.7, 5], ""detached"": false}"
단일+저층부,저층부고정 11m,49,49,165.7,209,25,140,10,69,37580,400.0,8363,45943,4133,43.99,0.126,inf,inf,2,3.55,12.16,49층 400㎡(32.8×12.2m) + 저층부 5층 4000㎡(84.9×47.1m),"{""towers"": [[399.55, 2.7, 50, 194289.1, 546937.9, 49]], ""podium"": [4000.0, 1.8025, 52.04, 194307.2, 546952.7, 5], ""detached"": false}"
단일+저층부,저층부고정 11m,48,48,162.4,207,26,141,10,66,37580,400.0,8137,45717,4133,43.99,0.161,inf,inf,2,3.521,13.05,48층 409㎡(31.3×13.1m) + 저층부 5층 4000㎡(84.9×47.1m),"{""towers"": [[408.84, 2.4, 70, 194285.1, 546945.9, 48]], ""podium"": [4000.0, 1.8025, 52.04, 194307.2, 546952.7, 5], ""detached"": false}"
단일+저층부,저층부고정 11m,49,49,165.7,208,23,141,13,67,37580,400.0,8515,46095,4133,43.99,0.171,inf,inf,2,3.535,11.54,49층 400㎡(34.6×11.5m) + 저층부 5층 4000㎡(84.9×47.1m),"{""towers"": [[399.55, 3.0, 50, 194281.1, 546945.9, 49]], ""podium"": [4000.0, 1.8025, 52.04, 194307.2, 546952.7, 5], ""detached"": false}"
단일+저층부,저층부고정 11m,50,50,169.0,213,28,142,10,71,37580,400.0,8593,46173,4133,43.99,0.136,inf,inf,2,3.466,11.41,50층 391㎡(34.2×11.4m) + 저층부 5층 4000㎡(84.9×47.1m),"{""towers"": [[390.67, 3.0, 90, 194289.1, 546945.9, 50]], ""podium"": [4000.0, 1.8025, 52.04, 194307.2, 546952.7, 5], ""detached"": false}"
단일+저층부,저층부고정 11m,53,53,178.9,214,23,149,10,65,37580,400.0,8822,46402,4133,43.99,0.126,inf,inf,2,3.48,11.05,53층 366㎡(33.1×11.0m) + 저층부 5층 4000㎡(84.9×47.1m),"{""towers"": [[366.25, 3.0, 80, 194285.1, 546941.9, 53]], ""podium"": [4000.0, 1.8025, 52.04, 194307.2, 546952.7, 5], ""detached"": false}"
