family,stage,floors,top_floors,height_m,new_fail,new_ok,gfa_m2,far_pct,service_m2,real_m2,coverage_m2,bcr_pct,daylight_ratio,mean_total_h,min_short_m,label
단일,5 미세조정,46,46,139.7,28,34,37580,400.0,9087,46667,881,9.38,0.022,4.1,18.36,46층 817㎡(44.5×18.4m)
단일,5 미세조정,60,60,181.0,29,35,37580,400.0,11707,49287,689,7.34,0.018,4.067,12.69,60층 626㎡(49.3×12.7m)
단일,5 미세조정,60,60,181.0,30,34,37580,400.0,11151,48731,686,7.3,0.017,4.061,13.9,60층 626㎡(45.0×13.9m)
단일,5 미세조정,60,60,181.0,30,34,37580,400.0,11307,48887,687,7.31,0.018,4.057,13.53,60층 626㎡(46.3×13.5m)
단일,5 미세조정,56,56,169.2,30,33,37580,400.0,11293,48873,736,7.84,0.018,4.052,13.14,56층 671㎡(51.1×13.1m)
단일,5 미세조정,60,60,181.0,31,35,37580,400.0,11707,49287,689,7.34,0.021,4.06,12.69,60층 626㎡(49.3×12.7m)
단일,5 미세조정,58,58,175.1,31,37,37580,400.0,11501,49081,712,7.58,0.029,4.06,12.91,58층 648㎡(50.2×12.9m)
단일,5 미세조정,57,57,172.15,31,34,37580,400.0,11158,48738,723,7.69,0.02,4.065,13.53,57층 659㎡(48.7×13.5m)
단일,5 미세조정,57,57,172.15,31,34,37580,400.0,11397,48977,724,7.71,0.02,4.058,13.02,57층 659㎡(50.6×13.0m)
단일,5 미세조정,55,55,166.25,31,35,37580,400.0,11535,49115,751,8.0,0.02,4.047,12.58,55층 683㎡(54.3×12.6m)
단일,5 미세조정,49,49,148.55,31,34,37580,400.0,9393,46973,829,8.82,0.027,4.083,17.79,49층 767㎡(43.1×17.8m)
단일,5 미세조정,60,60,181.0,32,36,37580,400.0,11151,48731,686,7.3,0.028,4.071,13.9,60층 626㎡(45.0×13.9m)
단일,5 미세조정,60,60,181.0,32,34,37580,400.0,11151,48731,686,7.3,0.017,4.045,13.9,60층 626㎡(45.0×13.9m)
단일,5 미세조정,60,60,181.0,32,33,37580,400.0,11707,49287,689,7.34,0.02,4.029,12.69,60층 626㎡(49.3×12.7m)
단일,5 미세조정,60,60,181.0,32,33,37580,400.0,12070,49650,691,7.36,0.021,4.017,12.04,60층 626㎡(52.0×12.0m)
단일,5 미세조정,59,59,178.05,32,34,37580,400.0,11054,48634,697,7.42,0.02,4.071,14.02,59층 637㎡(45.4×14.0m)
단일,5 미세조정,58,58,175.1,32,36,37580,400.0,10955,48535,709,7.55,0.028,4.072,14.14,58층 648㎡(45.8×14.1m)
단일,5 미세조정,57,57,172.15,32,33,37580,400.0,11074,48654,722,7.69,0.018,4.041,13.73,57층 659㎡(48.0×13.7m)
단일,5 미세조정,57,57,172.15,32,33,37580,400.0,11397,48977,724,7.71,0.02,4.028,13.02,57층 659㎡(50.6×13.0m)
단일,5 미세조정,48,48,145.6,32,34,37580,400.0,9546,47126,847,9.02,0.025,4.078,16.86,48층 783㎡(46.4×16.9m)
단일,5 미세조정,47,47,142.65,32,34,37580,400.0,9190,46770,863,9.18,0.022,4.088,18.17,47층 800㎡(44.0×18.2m)
단일,5 미세조정,47,47,142.65,32,34,37580,400.0,9287,46867,863,9.19,0.023,4.085,17.71,47층 800㎡(45.2×17.7m)
단일,5 미세조정,47,47,142.65,32,34,37580,400.0,9559,47139,865,9.21,0.024,4.077,16.58,47층 800㎡(48.2×16.6m)
단일,5 미세조정,46,46,139.7,32,34,37580,400.0,9183,46763,881,9.38,0.023,4.088,17.9,46층 817㎡(45.6×17.9m)
단일,5 미세조정,45,45,136.75,32,34,37580,400.0,9302,46882,902,9.6,0.025,4.082,17.12,45층 835㎡(48.8×17.1m)
단일,5 미세조정,45,45,136.75,32,34,37580,400.0,9345,46925,902,9.6,0.026,4.081,16.95,45층 835㎡(49.3×16.9m)
단일,5 미세조정,44,44,133.8,32,34,37580,400.0,8791,46371,919,9.78,0.024,4.1,19.26,44층 854㎡(44.3×19.3m)
단일,5 미세조정,60,60,181.0,33,34,37580,400.0,10943,48523,685,7.29,0.028,4.076,14.45,60층 626㎡(43.3×14.4m)
단일,5 미세조정,59,59,178.05,33,34,37580,400.0,10914,48494,697,7.41,0.026,4.082,14.39,59층 637㎡(44.3×14.4m)
단일,5 미세조정,59,59,178.05,33,34,37580,400.0,11054,48634,697,7.42,0.026,4.08,14.02,59층 637㎡(45.4×14.0m)
단일,5 미세조정,59,59,178.05,33,34,37580,400.0,11361,48941,699,7.44,0.027,4.052,13.3,59층 637㎡(47.9×13.3m)
단일,5 미세조정,58,58,175.1,33,34,37580,400.0,11175,48755,710,7.56,0.025,4.047,13.61,58층 648㎡(47.6×13.6m)
단일,5 미세조정,57,57,172.15,33,34,37580,400.0,10274,47854,717,7.64,0.024,4.089,16.08,57층 659㎡(41.0×16.1m)
단일,5 미세조정,57,57,172.15,33,34,37580,400.0,10400,47980,718,7.64,0.018,4.078,15.63,57층 659㎡(42.2×15.6m)
단일,5 미세조정,57,57,172.15,33,36,37580,400.0,10719,48299,720,7.66,0.028,4.074,14.64,57층 659㎡(45.0×14.6m)
단일,5 미세조정,57,57,172.15,33,34,37580,400.0,11397,48977,724,7.71,0.029,4.027,13.02,57층 659㎡(50.6×13.0m)
단일,5 미세조정,56,56,169.2,33,34,37580,400.0,11055,48635,735,7.82,0.028,4.036,13.65,56층 671㎡(49.2×13.7m)
단일,5 미세조정,48,48,145.6,33,35,37580,400.0,9200,46780,845,8.99,0.027,4.097,18.44,48층 783㎡(42.4×18.4m)
단일,5 미세조정,48,48,145.6,33,34,37580,400.0,9200,46780,845,8.99,0.029,4.09,18.44,48층 783㎡(42.4×18.4m)
단일,5 미세조정,48,48,145.6,33,34,37580,400.0,9389,46969,846,9.01,0.034,4.083,17.52,48층 783㎡(44.7×17.5m)
단일,5 미세조정,46,46,139.7,33,35,37580,400.0,9087,46667,881,9.38,0.026,4.099,18.36,46층 817㎡(44.5×18.4m)
단일,5 미세조정,46,46,139.7,33,35,37580,400.0,9183,46763,881,9.38,0.027,4.097,17.9,46층 817㎡(45.6×17.9m)
단일,5 미세조정,46,46,139.7,33,34,37580,400.0,9087,46667,881,9.38,0.022,4.092,18.36,46층 817㎡(44.5×18.4m)
단일,5 미세조정,46,46,139.7,33,34,37580,400.0,9337,46917,883,9.39,0.027,4.082,17.22,46층 817㎡(47.4×17.2m)
단일,5 미세조정,46,46,139.7,33,33,37580,400.0,9569,47149,884,9.41,0.029,4.079,16.34,46층 817㎡(50.0×16.3m)
단일,5 미세조정,45,45,136.75,33,35,37580,400.0,8895,46475,899,9.57,0.025,4.099,19.05,45층 835㎡(43.8×19.0m)
단일,5 미세조정,45,45,136.75,33,34,37580,400.0,8895,46475,899,9.57,0.028,4.095,19.05,45층 835㎡(43.8×19.0m)
단일,1b 층수·세장비,45,45,136.75,33,33,37580,400.0,9415,46995,903,9.61,0.028,4.082,16.68,45층 835㎡(50.1×16.7m)
단일,5 미세조정,43,43,130.85,33,33,37580,400.0,9084,46664,942,10.03,0.026,4.089,17.51,43층 874㎡(49.9×17.5m)
단일,5 미세조정,60,60,181.0,34,34,37580,400.0,10730,48310,684,7.28,0.025,4.088,15.08,60층 626㎡(41.5×15.1m)
단일,5 미세조정,60,60,181.0,34,34,37580,400.0,10813,48393,684,7.28,0.025,4.087,14.82,60층 626㎡(42.2×14.8m)
단일,5 미세조정,60,60,181.0,34,34,37580,400.0,10730,48310,684,7.28,0.019,4.075,15.08,60층 626㎡(41.5×15.1m)
단일,5 미세조정,60,60,181.0,34,35,37580,400.0,11461,49041,688,7.32,0.023,4.071,13.19,60층 626㎡(47.5×13.2m)
단일,5 미세조정,60,60,181.0,34,34,37580,400.0,10730,48310,684,7.28,0.024,4.07,15.08,60층 626㎡(41.5×15.1m)
단일,5 미세조정,60,60,181.0,34,35,37580,400.0,11707,49287,689,7.34,0.023,4.069,12.69,60층 626㎡(49.3×12.7m)
단일,5 미세조정,60,60,181.0,34,34,37580,400.0,10684,48264,684,7.28,0.027,4.066,15.23,60층 626㎡(41.1×15.2m)
단일,5 미세조정,60,60,181.0,34,34,37580,400.0,10730,48310,684,7.28,0.018,4.058,15.08,60층 626㎡(41.5×15.1m)
단일,5 미세조정,60,60,181.0,34,34,37580,400.0,11151,48731,686,7.3,0.026,4.044,13.9,60층 626㎡(45.0×13.9m)
단일,5 미세조정,60,60,181.0,34,34,37580,400.0,11375,48955,688,7.32,0.027,4.04,13.38,60층 626㎡(46.8×13.4m)
단일,5 미세조정,59,59,178.05,34,34,37580,400.0,10462,48042,694,7.39,0.024,4.09,15.8,59층 637㎡(40.3×15.8m)
단일,5 미세조정,59,59,178.05,34,34,37580,400.0,10718,48298,696,7.4,0.025,4.086,14.95,59층 637㎡(42.6×14.9m)
단일,5 미세조정,59,59,178.05,34,34,37580,400.0,10636,48216,695,7.4,0.018,4.076,15.21,59층 637㎡(41.9×15.2m)
단일,5 미세조정,59,59,178.05,34,36,37580,400.0,11605,49185,701,7.46,0.02,4.075,12.8,59층 637㎡(49.8×12.8m)
단일,5 미세조정,59,59,178.05,34,35,37580,400.0,11361,48941,699,7.44,0.023,4.07,13.3,59층 637㎡(47.9×13.3m)
단일,5 미세조정,59,59,178.05,34,37,37580,400.0,11361,48941,699,7.44,0.038,4.061,13.3,59층 637㎡(47.9×13.3m)
단일,5 미세조정,59,59,178.05,34,34,37580,400.0,11605,49185,701,7.46,0.029,4.026,12.8,59층 637㎡(49.8×12.8m)
단일,5 미세조정,58,58,175.1,34,34,37580,400.0,10751,48331,708,7.53,0.025,4.082,14.7,58층 648㎡(44.1×14.7m)
단일,5 미세조정,58,58,175.1,34,34,37580,400.0,10495,48075,706,7.52,0.018,4.079,15.49,58층 648㎡(41.8×15.5m)
단일,5 미세조정,57,57,172.15,34,34,37580,400.0,11074,48654,722,7.69,0.027,4.039,13.73,57층 659㎡(48.0×13.7m)
단일,5 미세조정,55,55,166.25,34,34,37580,400.0,10803,48383,747,7.95,0.026,4.057,14.13,55층 683㎡(48.3×14.1m)
단일,5 미세조정,54,54,163.3,34,36,37580,400.0,10405,47985,758,8.07,0.027,4.075,15.08,54층 696㎡(46.1×15.1m)
단일,5 미세조정,49,49,148.55,34,34,37580,400.0,9120,46700,827,8.8,0.023,4.103,19.3,49층 767㎡(39.7×19.3m)
단일,5 미세조정,49,49,148.55,34,34,37580,400.0,9543,47123,830,8.83,0.021,4.085,17.12,49층 767㎡(44.8×17.1m)
단일,5 미세조정,48,48,145.6,34,34,37580,400.0,9621,47201,848,9.02,0.022,4.093,16.57,48층 783㎡(47.2×16.6m)
단일,5 미세조정,47,47,142.65,34,34,37580,400.0,9190,46770,863,9.18,0.037,4.086,18.17,47층 800㎡(44.0×18.2m)
단일,5 미세조정,46,46,139.7,34,34,37580,400.0,8823,46403,879,9.35,0.025,4.099,19.92,46층 817㎡(41.0×19.9m)
단일,5 미세조정,46,46,139.7,34,34,37580,400.0,8998,46578,880,9.37,0.036,4.091,18.84,46층 817㎡(43.4×18.8m)
단일,5 미세조정,46,46,139.7,34,34,37580,400.0,9183,46763,881,9.38,0.037,4.086,17.9,46층 817㎡(45.6×17.9m)
단일,5 미세조정,44,44,133.8,34,34,37580,400.0,9021,46601,920,9.8,0.026,4.087,18.07,44층 854㎡(47.3×18.1m)
단일,5 미세조정,60,60,181.0,35,34,37580,400.0,10512,48092,683,7.27,0.02,4.101,15.83,60층 626㎡(39.6×15.8m)
단일,5 미세조정,60,60,181.0,35,36,37580,400.0,10730,48310,684,7.28,0.029,4.089,15.08,60층 626㎡(41.5×15.1m)
단일,5 미세조정,60,60,181.0,35,34,37580,400.0,10405,47985,682,7.26,0.026,4.086,16.24,60층 626㎡(38.6×16.2m)
단일,5 미세조정,60,60,181.0,35,34,37580,400.0,10512,48092,683,7.27,0.027,4.085,15.83,60층 626㎡(39.6×15.8m)
단일,5 미세조정,60,60,181.0,35,36,37580,400.0,11011,48591,686,7.3,0.029,4.084,14.26,60층 626㎡(43.9×14.3m)
단일,5 미세조정,60,60,181.0,35,34,37580,400.0,10684,48264,684,7.28,0.036,4.083,15.23,60층 626㎡(41.1×15.2m)
단일,1b 층수·세장비,60,60,181.0,35,34,37580,400.0,10512,48092,683,7.27,0.029,4.074,15.83,60층 626㎡(39.6×15.8m)
단일,5 미세조정,60,60,181.0,35,37,37580,400.0,10813,48393,684,7.28,0.036,4.07,14.82,60층 626㎡(42.2×14.8m)
단일,5 미세조정,60,60,181.0,35,33,37580,400.0,11375,48955,688,7.32,0.02,4.046,13.38,60층 626㎡(46.8×13.4m)
쌍둥이,5 미세조정,60+60,60,181.0,35,33,37580,400.0,14297,51877,702,7.47,0.02,4.011,13.14,60층 298㎡(22.7×13.1m) + 60층 328㎡(23.8×13.8m)
단일,5 미세조정,59,59,178.05,35,36,37580,400.0,10718,48298,696,7.4,0.029,4.086,14.95,59층 637㎡(42.6×14.9m)
단일,5 미세조정,59,59,178.05,35,36,37580,400.0,11054,48634,697,7.42,0.029,4.081,14.02,59층 637㎡(45.4×14.0m)
단일,5 미세조정,59,59,178.05,35,34,37580,400.0,10914,48494,697,7.41,0.034,4.064,14.39,59층 637㎡(44.3×14.4m)
단일,5 미세조정,59,59,178.05,35,33,37580,400.0,11361,48941,699,7.44,0.021,4.045,13.3,59층 637㎡(47.9×13.3m)
단일,5 미세조정,59,59,178.05,35,34,37580,400.0,11275,48855,699,7.44,0.036,4.039,13.49,59층 637㎡(47.2×13.5m)
단일,5 미세조정,59,59,178.05,35,34,37580,400.0,11361,48941,699,7.44,0.036,4.036,13.3,59층 637㎡(47.9×13.3m)
단일,5 미세조정,58,58,175.1,35,34,37580,400.0,10495,48075,706,7.52,0.021,4.082,15.49,58층 648㎡(41.8×15.5m)
단일,5 미세조정,58,58,175.1,35,34,37580,400.0,10623,48203,707,7.53,0.022,4.08,15.08,58층 648㎡(43.0×15.1m)
단일,5 미세조정,58,58,175.1,35,37,37580,400.0,10541,48121,707,7.52,0.036,4.073,15.34,58층 648㎡(42.2×15.3m)
단일,5 미세조정,58,58,175.1,35,34,37580,400.0,10955,48535,709,7.55,0.026,4.045,14.14,58층 648㎡(45.8×14.1m)
쌍둥이,5 미세조정,58+58,58,175.1,35,33,37580,400.0,14039,51619,725,7.71,0.019,4.013,13.36,58층 309㎡(23.1×13.4m) + 58층 339㎡(24.2×14.0m)
단일,5 미세조정,57,57,172.15,35,36,37580,400.0,10400,47980,718,7.64,0.031,4.082,15.63,57층 659㎡(42.2×15.6m)
단일,5 미세조정,57,57,172.15,35,34,37580,400.0,9926,47506,715,7.61,0.019,4.082,17.61,57층 659㎡(37.4×17.6m)
단일,5 미세조정,57,57,172.15,35,36,37580,400.0,10856,48436,721,7.67,0.029,4.081,14.26,57층 659㎡(46.2×14.3m)
단일,5 미세조정,57,57,172.15,35,36,37580,400.0,11007,48587,722,7.68,0.029,4.078,13.88,57층 659㎡(47.5×13.9m)
단일,5 미세조정,57,57,172.15,35,37,37580,400.0,10856,48436,721,7.67,0.037,4.066,14.26,57층 659㎡(46.2×14.3m)
단일,5 미세조정,57,57,172.15,35,34,37580,400.0,10856,48436,721,7.67,0.023,4.052,14.26,57층 659㎡(46.2×14.3m)
단일,5 미세조정,57,57,172.15,35,34,37580,400.0,10704,48284,720,7.66,0.025,4.047,14.68,57층 659㎡(44.9×14.7m)
단일,5 미세조정,57,57,172.15,35,33,37580,400.0,11397,48977,724,7.71,0.03,4.036,13.02,57층 659㎡(50.6×13.0m)
단일,5 미세조정,56,56,169.2,35,35,37580,400.0,10555,48135,732,7.79,0.019,4.084,14.96,56층 671㎡(44.9×15.0m)
단일,5 미세조정,56,56,169.2,35,34,37580,400.0,10349,47929,731,7.78,0.033,4.07,15.61,56층 671㎡(43.0×15.6m)
단일,5 미세조정,56,56,169.2,35,34,37580,400.0,10755,48335,733,7.8,0.023,4.053,14.39,56층 671㎡(46.6×14.4m)
단일,5 미세조정,55,55,166.25,35,36,37580,400.0,10655,48235,746,7.94,0.032,4.083,14.52,55층 683㎡(47.1×14.5m)
단일,5 미세조정,55,55,166.25,35,34,37580,400.0,9940,47520,742,7.89,0.04,4.074,16.96,55층 683㎡(40.3×17.0m)
단일,5 미세조정,55,55,166.25,35,34,37580,400.0,10505,48085,745,7.93,0.025,4.052,14.94,55층 683㎡(45.7×14.9m)
단일,5 미세조정,53,53,160.35,35,34,37580,400.0,9749,47329,768,8.18,0.02,4.081,17.28,53층 709㎡(41.0×17.3m)
단일,5 미세조정,52,52,157.4,35,34,37580,400.0,9652,47232,783,8.33,0.021,4.094,17.44,52층 723㎡(41.4×17.4m)
단일,5 미세조정,50,50,151.5,35,34,37580,400.0,9298,46878,812,8.64,0.025,4.085,18.62,50층 752㎡(40.4×18.6m)
단일,5 미세조정,50,50,151.5,35,34,37580,400.0,9592,47172,814,8.66,0.032,4.079,17.17,50층 752㎡(43.8×17.2m)
단일,5 미세조정,49,49,148.55,35,35,37580,400.0,9393,46973,829,8.82,0.028,4.092,17.79,49층 767㎡(43.1×17.8m)
단일,5 미세조정,49,49,148.55,35,35,37580,400.0,9543,47123,830,8.83,0.029,4.091,17.12,49층 767㎡(44.8×17.1m)
단일,5 미세조정,49,49,148.55,35,35,37580,400.0,9650,47230,831,8.84,0.029,4.089,16.69,49층 767㎡(46.0×16.7m)
단일,5 미세조정,48,48,145.6,35,36,37580,400.0,9292,46872,845,9.0,0.038,4.095,17.98,48층 783㎡(43.6×18.0m)
단일,5 미세조정,48,48,145.6,35,34,37580,400.0,9022,46602,844,8.98,0.034,4.087,19.5,48층 783㎡(40.2×19.5m)
단일,5 미세조정,48,48,145.6,35,36,37580,400.0,9292,46872,845,9.0,0.048,4.081,17.98,48층 783㎡(43.6×18.0m)
단일,5 미세조정,48,48,145.6,35,34,37580,400.0,9440,47020,846,9.01,0.027,4.073,17.3,48층 783㎡(45.3×17.3m)
단일,5 미세조정,47,47,142.65,35,34,37580,400.0,9001,46581,861,9.17,0.024,4.088,19.21,47층 800㎡(41.6×19.2m)
단일,5 미세조정,46,46,139.7,35,34,37580,400.0,8998,46578,880,9.37,0.024,4.09,18.84,46층 817㎡(43.4×18.8m)
단일,5 미세조정,45,45,136.75,35,34,37580,400.0,8798,46378,898,9.56,0.026,4.098,19.63,45층 835㎡(42.5×19.6m)
단일,5 미세조정,44,44,133.8,35,35,37580,400.0,8696,46276,918,9.77,0.035,4.103,19.85,44층 854㎡(43.0×19.9m)
단일,5 미세조정,44,44,133.8,35,34,37580,400.0,8696,46276,918,9.77,0.029,4.096,19.85,44층 854㎡(43.0×19.9m)
단일,5 미세조정,60,60,181.0,36,35,37580,400.0,10197,47777,681,7.25,0.029,4.088,17.17,60층 626㎡(36.5×17.2m)
단일,5 미세조정,60,60,181.0,36,34,37580,400.0,10405,47985,682,7.26,0.035,4.087,16.24,60층 626㎡(38.6×16.2m)
단일,5 미세조정,60,60,181.0,36,35,37580,400.0,10995,48575,685,7.3,0.02,4.083,14.31,60층 626㎡(43.8×14.3m)
단일,5 미세조정,60,60,181.0,36,34,37580,400.0,10943,48523,685,7.29,0.022,4.062,14.45,60층 626㎡(43.3×14.4m)
단일,5 미세조정,60,60,181.0,36,34,37580,400.0,10943,48523,685,7.29,0.025,4.051,14.45,60층 626㎡(43.3×14.4m)
단일,5 미세조정,59,59,178.05,36,34,37580,400.0,10419,47999,694,7.38,0.019,4.098,15.96,59층 637㎡(39.9×16.0m)
단일,5 미세조정,59,59,178.05,36,35,37580,400.0,10636,48216,695,7.4,0.02,4.086,15.21,59층 637㎡(41.9×15.2m)
단일,5 미세조정,59,59,178.05,36,34,37580,400.0,10314,47894,693,7.38,0.035,4.085,16.38,59층 637㎡(38.9×16.4m)
단일,5 미세조정,59,59,178.05,36,35,37580,400.0,10419,47999,694,7.38,0.022,4.084,15.96,59층 637㎡(39.9×16.0m)
단일,5 미세조정,59,59,178.05,36,35,37580,400.0,10847,48427,696,7.41,0.023,4.08,14.57,59층 637㎡(43.7×14.6m)
단일,5 미세조정,59,59,178.05,36,34,37580,400.0,10590,48170,695,7.4,0.027,4.066,15.36,59층 637㎡(41.5×15.4m)
단일,5 미세조정,59,59,178.05,36,34,37580,400.0,10914,48494,697,7.41,0.034,4.048,14.39,59층 637㎡(44.3×14.4m)
단일,5 미세조정,58,58,175.1,36,34,37580,400.0,10326,47906,705,7.51,0.019,4.097,16.1,58층 648㎡(40.2×16.1m)
단일,5 미세조정,58,58,175.1,36,35,37580,400.0,10326,47906,705,7.51,0.019,4.087,16.1,58층 648㎡(40.2×16.1m)
단일,5 미세조정,58,58,175.1,36,36,37580,400.0,10222,47802,705,7.5,0.03,4.085,16.52,58층 648㎡(39.2×16.5m)
단일,5 미세조정,58,58,175.1,36,35,37580,400.0,10751,48331,708,7.53,0.02,4.083,14.7,58층 648㎡(44.1×14.7m)
단일,5 미세조정,58,58,175.1,36,34,37580,400.0,10495,48075,706,7.52,0.024,4.078,15.49,58층 648㎡(41.8×15.5m)
단일,5 미세조정,58,58,175.1,36,34,37580,400.0,10802,48382,708,7.54,0.023,4.06,14.55,58층 648㎡(44.5×14.6m)
단일,5 미세조정,58,58,175.1,36,34,37580,400.0,10623,48203,707,7.53,0.024,4.055,15.08,58층 648㎡(43.0×15.1m)
단일,5 미세조정,57,57,172.15,36,34,37580,400.0,9926,47506,715,7.61,0.024,4.09,17.61,57층 659㎡(37.4×17.6m)
단일,5 미세조정,57,57,172.15,36,35,37580,400.0,10445,48025,718,7.65,0.019,4.085,15.47,57층 659㎡(42.6×15.5m)
단일,5 미세조정,57,57,172.15,36,35,37580,400.0,10653,48233,720,7.66,0.019,4.083,14.82,57층 659㎡(44.5×14.8m)
단일,5 미세조정,57,57,172.15,36,36,37580,400.0,10704,48284,720,7.66,0.029,4.083,14.68,57층 659㎡(44.9×14.7m)
단일,5 미세조정,57,57,172.15,36,36,37580,400.0,10719,48299,720,7.66,0.029,4.083,14.64,57층 659㎡(45.0×14.6m)
단일,5 미세조정,57,57,172.15,36,36,37580,400.0,11397,48977,724,7.71,0.032,4.082,13.02,57층 659㎡(50.6×13.0m)
단일,5 미세조정,57,57,172.15,36,35,37580,400.0,10719,48299,720,7.66,0.019,4.081,14.64,57층 659㎡(45.0×14.6m)
단일,5 미세조정,57,57,172.15,36,34,37580,400.0,10526,48106,719,7.65,0.021,4.065,15.21,57층 659㎡(43.3×15.2m)
단일,5 미세조정,57,57,172.15,36,34,37580,400.0,10653,48233,720,7.66,0.022,4.06,14.82,57층 659㎡(44.5×14.8m)
단일,5 미세조정,57,57,172.15,36,34,37580,400.0,10719,48299,720,7.66,0.023,4.058,14.64,57층 659㎡(45.0×14.6m)
단일,5 미세조정,57,57,172.15,36,33,37580,400.0,11074,48654,722,7.69,0.02,4.046,13.73,57층 659㎡(48.0×13.7m)
단일,5 미세조정,57,57,172.15,36,33,37580,400.0,11158,48738,723,7.69,0.02,4.041,13.53,57층 659㎡(48.7×13.5m)
단일,5 미세조정,57,57,172.15,36,33,37580,400.0,11397,48977,724,7.71,0.021,4.033,13.02,57층 659㎡(50.6×13.0m)
단일,5 미세조정,57,57,172.15,36,33,37580,400.0,11751,49331,726,7.73,0.031,4.025,12.35,57층 659㎡(53.4×12.4m)
단일,5 미세조정,56,56,169.2,36,35,37580,400.0,10972,48552,734,7.82,0.019,4.08,13.85,56층 671㎡(48.5×13.8m)
단일,5 미세조정,56,56,169.2,36,36,37580,400.0,11293,48873,736,7.84,0.031,4.079,13.14,56층 671㎡(51.1×13.1m)
단일,5 미세조정,55,55,166.25,36,34,37580,400.0,10251,47831,743,7.91,0.023,4.058,15.75,55층 683㎡(43.4×15.8m)
단일,5 미세조정,55,55,166.25,36,34,37580,400.0,10455,48035,745,7.93,0.025,4.053,15.09,55층 683㎡(45.3×15.1m)
단일,5 미세조정,55,55,166.25,36,33,37580,400.0,10869,48449,747,7.95,0.029,4.042,13.97,55층 683㎡(48.9×14.0m)
단일,5 미세조정,54,54,163.3,36,36,37580,400.0,10700,48280,760,8.09,0.032,4.081,14.26,54층 696㎡(48.8×14.3m)
단일,5 미세조정,52,52,157.4,36,35,37580,400.0,9652,47232,783,8.33,0.026,4.089,17.44,52층 723㎡(41.4×17.4m)
단일,5 미세조정,50,50,151.5,36,34,37580,400.0,9752,47332,815,8.67,0.036,4.075,16.52,50층 752㎡(45.5×16.5m)
단일,5 미세조정,50,50,151.5,36,34,37580,400.0,9592,47172,814,8.66,0.027,4.069,17.17,50층 752㎡(43.8×17.2m)
단일,5 미세조정,48,48,145.6,36,35,37580,400.0,9022,46602,844,8.98,0.036,4.098,19.5,48층 783㎡(40.2×19.5m)
단일,5 미세조정,48,48,145.6,36,34,37580,400.0,9292,46872,845,9.0,0.044,4.072,17.98,48층 783㎡(43.6×18.0m)
단일,5 미세조정,48,48,145.6,36,34,37580,400.0,9389,46969,846,9.01,0.035,4.071,17.52,48층 783㎡(44.7×17.5m)
단일,5 미세조정,48,48,145.6,36,34,37580,400.0,9440,47020,846,9.01,0.035,4.068,17.3,48층 783㎡(45.3×17.3m)
단일,5 미세조정,48,48,145.6,36,34,37580,400.0,9665,47245,848,9.03,0.027,4.063,16.41,48층 783㎡(47.7×16.4m)
단일,5 미세조정,47,47,142.65,36,36,37580,400.0,9100,46680,862,9.18,0.047,4.085,18.64,47층 800㎡(42.9×18.6m)
단일,5 미세조정,47,47,142.65,36,34,37580,400.0,9337,46917,864,9.19,0.035,4.07,17.48,47층 800㎡(45.7×17.5m)
단일,5 미세조정,47,47,142.65,36,34,37580,400.0,9442,47022,865,9.2,0.037,4.067,17.04,47층 800㎡(46.9×17.0m)
단일,5 미세조정,47,47,142.65,36,34,37580,400.0,9631,47211,866,9.22,0.028,4.065,16.33,47층 800㎡(49.0×16.3m)
단일,5 미세조정,47,47,142.65,36,33,37580,400.0,10089,47669,869,9.25,0.032,4.052,14.9,47층 800㎡(53.7×14.9m)
단일,5 미세조정,46,46,139.7,36,34,37580,400.0,8823,46403,879,9.35,0.03,4.101,19.92,46층 817㎡(41.0×19.9m)
단일,5 미세조정,46,46,139.7,36,34,37580,400.0,8823,46403,879,9.35,0.029,4.094,19.92,46층 817㎡(41.0×19.9m)
단일,5 미세조정,45,45,136.75,36,34,37580,400.0,8798,46378,898,9.56,0.03,4.093,19.63,45층 835㎡(42.5×19.6m)
단일,5 미세조정,45,45,136.75,36,34,37580,400.0,8798,46378,898,9.56,0.041,4.08,19.63,45층 835㎡(42.5×19.6m)
단일,5 미세조정,44,44,133.8,36,34,37580,400.0,8791,46371,919,9.78,0.023,4.091,19.26,44층 854㎡(44.3×19.3m)
단일,5 미세조정,60,60,181.0,37,35,37580,400.0,10555,48135,683,7.27,0.026,4.104,15.67,60층 626㎡(40.0×15.7m)
단일,5 미세조정,60,60,181.0,37,35,37580,400.0,10405,47985,682,7.26,0.028,4.102,16.24,60층 626㎡(38.6×16.2m)
단일,5 미세조정,60,60,181.0,37,36,37580,400.0,10684,48264,684,7.28,0.033,4.101,15.23,60층 626㎡(41.1×15.2m)
단일,5 미세조정,60,60,181.0,37,34,37580,400.0,10197,47777,681,7.25,0.029,4.092,17.17,60층 626㎡(36.5×17.2m)
단일,5 미세조정,60,60,181.0,37,34,37580,400.0,10197,47777,681,7.25,0.02,4.088,17.17,60층 626㎡(36.5×17.2m)
단일,5 미세조정,60,60,181.0,37,37,37580,400.0,10684,48264,684,7.28,0.036,4.088,15.23,60층 626㎡(41.1×15.2m)
단일,5 미세조정,60,60,181.0,37,34,37580,400.0,10512,48092,683,7.27,0.034,4.069,15.83,60층 626㎡(39.6×15.8m)
단일,5 미세조정,60,60,181.0,37,33,37580,400.0,10943,48523,685,7.29,0.03,4.047,14.45,60층 626㎡(43.3×14.4m)
단일,5 미세조정,60,60,181.0,37,34,37580,400.0,11307,48887,687,7.31,0.044,4.039,13.53,60층 626㎡(46.3×13.5m)
단일,5 미세조정,59,59,178.05,37,36,37580,400.0,10636,48216,695,7.4,0.033,4.091,15.21,59층 637㎡(41.9×15.2m)
단일,5 미세조정,59,59,178.05,37,34,37580,400.0,10107,47687,692,7.37,0.02,4.089,17.31,59층 637㎡(36.8×17.3m)
단일,5 미세조정,59,59,178.05,37,37,37580,400.0,10847,48427,696,7.41,0.038,4.083,14.57,59층 637㎡(43.7×14.6m)
단일,5 미세조정,59,59,178.05,37,34,37580,400.0,10636,48216,695,7.4,0.021,4.068,15.21,59층 637㎡(41.9×15.2m)
단일,5 미세조정,59,59,178.05,37,33,37580,400.0,11054,48634,697,7.42,0.019,4.05,14.02,59층 637㎡(45.4×14.0m)
단일,5 미세조정,59,59,178.05,37,33,37580,400.0,11208,48788,698,7.43,0.02,4.047,13.65,59층 637㎡(46.7×13.6m)
단일,5 미세조정,58,58,175.1,37,36,37580,400.0,11108,48688,710,7.55,0.033,4.089,13.76,58층 648㎡(47.1×13.8m)
단일,5 미세조정,58,58,175.1,37,36,37580,400.0,10802,48382,708,7.54,0.033,4.087,14.55,58층 648㎡(44.5×14.6m)
단일,5 미세조정,58,58,175.1,37,34,37580,400.0,10623,48203,707,7.53,0.021,4.066,15.08,58층 648㎡(43.0×15.1m)
단일,5 미세조정,58,58,175.1,37,34,37580,400.0,10802,48382,708,7.54,0.027,4.053,14.55,58층 648㎡(44.5×14.6m)
단일,5 미세조정,58,58,175.1,37,33,37580,400.0,10817,48397,708,7.54,0.019,4.052,14.51,58층 648㎡(44.7×14.5m)
단일,5 미세조정,57,57,172.15,37,34,37580,400.0,10232,47812,717,7.63,0.031,4.075,16.24,57층 659㎡(40.6×16.2m)
단일,5 미세조정,57,57,172.15,37,34,37580,400.0,10445,48025,718,7.65,0.023,4.056,15.47,57층 659㎡(42.6×15.5m)
단일,5 미세조정,57,57,172.15,37,34,37580,400.0,10445,48025,718,7.65,0.032,4.055,15.47,57층 659㎡(42.6×15.5m)
단일,5 미세조정,57,57,172.15,37,34,37580,400.0,10653,48233,720,7.66,0.027,4.052,14.82,57층 659㎡(44.5×14.8m)
단일,5 미세조정,57,57,172.15,37,34,37580,400.0,10653,48233,720,7.66,0.034,4.051,14.82,57층 659㎡(44.5×14.8m)
단일,5 미세조정,57,57,172.15,37,33,37580,400.0,10856,48436,721,7.67,0.019,4.051,14.26,57층 659㎡(46.2×14.3m)
단일,5 미세조정,57,57,172.15,37,34,37580,400.0,10856,48436,721,7.67,0.028,4.049,14.26,57층 659㎡(46.2×14.3m)
단일,5 미세조정,57,57,172.15,37,33,37580,400.0,11074,48654,722,7.69,0.029,4.043,13.73,57층 659㎡(48.0×13.7m)
쌍둥이,5 미세조정,57+57,57,172.15,37,33,37580,400.0,13909,51489,737,7.84,0.019,4.012,13.48,57층 314㎡(23.3×13.5m) + 57층 345㎡(24.4×14.1m)
단일,5 미세조정,56,56,169.2,37,35,37580,400.0,9834,47414,728,7.74,0.026,4.089,17.77,56층 671㎡(37.8×17.8m)
단일,5 미세조정,56,56,169.2,37,35,37580,400.0,10304,47884,730,7.77,0.028,4.088,15.77,56층 671㎡(42.6×15.8m)
단일,5 미세조정,56,56,169.2,37,34,37580,400.0,10138,47718,729,7.76,0.03,4.059,16.38,56층 671㎡(41.0×16.4m)
단일,5 미세조정,56,56,169.2,37,34,37580,400.0,10304,47884,730,7.77,0.032,4.056,15.77,56층 671㎡(42.6×15.8m)
단일,5 미세조정,56,56,169.2,37,34,37580,400.0,10605,48185,732,7.79,0.034,4.05,14.81,56층 671㎡(45.3×14.8m)
단일,5 미세조정,56,56,169.2,37,34,37580,400.0,10605,48185,732,7.79,0.027,4.049,14.81,56층 671㎡(45.3×14.8m)
쌍둥이,5 미세조정,56+56,56,169.2,37,33,37580,400.0,13777,51357,749,7.97,0.019,4.015,13.6,56층 320㎡(23.5×13.6m) + 56층 352㎡(24.6×14.3m)
단일,5 미세조정,55,55,166.25,37,35,37580,400.0,9940,47520,742,7.89,0.024,4.103,16.96,55층 683㎡(40.3×17.0m)
단일,5 미세조정,55,55,166.25,37,35,37580,400.0,10505,48085,745,7.93,0.022,4.089,14.94,55층 683㎡(45.7×14.9m)
단일,5 미세조정,55,55,166.25,37,35,37580,400.0,10869,48449,747,7.95,0.022,4.085,13.97,55층 683㎡(48.9×14.0m)
단일,5 미세조정,55,55,166.25,37,34,37580,400.0,9940,47520,742,7.89,0.029,4.063,16.96,55층 683㎡(40.3×17.0m)
단일,5 미세조정,54,54,163.3,37,36,37580,400.0,10109,47689,756,8.05,0.037,4.083,16.05,54층 696㎡(43.3×16.1m)
단일,5 미세조정,54,54,163.3,37,33,37580,400.0,11425,49005,764,8.14,0.03,4.02,12.69,54층 696㎡(54.8×12.7m)
단일,5 미세조정,52,52,157.4,37,34,37580,400.0,9458,47038,781,8.32,0.034,4.085,18.44,52층 723㎡(39.2×18.4m)
단일,5 미세조정,52,52,157.4,37,34,37580,400.0,9911,47491,784,8.35,0.019,4.077,16.36,52층 723㎡(44.2×16.4m)
단일,5 미세조정,52,52,157.4,37,33,37580,400.0,9911,47491,784,8.35,0.025,4.058,16.36,52층 723㎡(44.2×16.4m)
단일,5 미세조정,50,50,151.5,37,34,37580,400.0,9298,46878,812,8.64,0.03,4.076,18.62,50층 752㎡(40.4×18.6m)
단일,5 미세조정,49,49,148.55,37,34,37580,400.0,9770,47350,831,8.85,0.023,4.09,16.24,49층 767㎡(47.2×16.2m)
단일,5 미세조정,49,49,148.55,37,34,37580,400.0,9491,47071,830,8.83,0.038,4.08,17.34,49층 767㎡(44.2×17.3m)
단일,5 미세조정,49,49,148.55,37,34,37580,400.0,9120,46700,827,8.8,0.022,4.079,19.3,49층 767㎡(39.7×19.3m)
단일,5 미세조정,49,49,148.55,37,34,37580,400.0,9393,46973,829,8.82,0.044,4.07,17.79,49층 767㎡(43.1×17.8m)
단일,5 미세조정,48,48,145.6,37,35,37580,400.0,9546,47126,847,9.02,0.032,4.08,16.86,48층 783㎡(46.4×16.9m)
단일,5 미세조정,48,48,145.6,37,34,37580,400.0,9389,46969,846,9.01,0.024,4.074,17.52,48층 783㎡(44.7×17.5m)
단일,5 미세조정,48,48,145.6,37,34,37580,400.0,9200,46780,845,8.99,0.053,4.074,18.44,48층 783㎡(42.4×18.4m)
단일,5 미세조정,48,48,145.6,37,33,37580,400.0,9923,47503,850,9.05,0.031,4.06,15.54,48층 783㎡(50.4×15.5m)
단일,5 미세조정,47,47,142.65,37,35,37580,400.0,9001,46581,861,9.17,0.046,4.085,19.21,47층 800㎡(41.6×19.2m)
단일,5 미세조정,47,47,142.65,37,34,37580,400.0,9287,46867,863,9.19,0.024,4.077,17.71,47층 800㎡(45.2×17.7m)
단일,5 미세조정,47,47,142.65,37,34,37580,400.0,9442,47022,865,9.2,0.026,4.069,17.04,47층 800㎡(46.9×17.0m)
단일,5 미세조정,47,47,142.65,37,33,37580,400.0,9815,47395,867,9.23,0.031,4.061,15.71,47층 800㎡(50.9×15.7m)
단일,5 미세조정,46,46,139.7,37,34,37580,400.0,8998,46578,880,9.37,0.032,4.081,18.84,46층 817㎡(43.4×18.8m)
단일,5 미세조정,46,46,139.7,37,34,37580,400.0,9183,46763,881,9.38,0.024,4.077,17.9,46층 817㎡(45.6×17.9m)
단일,5 미세조정,45,45,136.75,37,33,37580,400.0,9863,47443,906,9.65,0.033,4.057,15.23,45층 835㎡(54.8×15.2m)
단일,5 미세조정,44,44,133.8,37,36,37580,400.0,9305,46885,923,9.82,0.043,4.072,16.87,44층 854㎡(50.6×16.9m)
단일,5 미세조정,60,60,181.0,38,37,37580,400.0,10730,48310,684,7.28,0.038,4.088,15.08,60층 626㎡(41.5×15.1m)
단일,5 미세조정,60,60,181.0,38,36,37580,400.0,10684,48264,684,7.28,0.027,4.087,15.23,60층 626㎡(41.1×15.2m)
단일,5 미세조정,60,60,181.0,38,34,37580,400.0,10995,48575,685,7.3,0.028,4.056,14.31,60층 626㎡(43.8×14.3m)
단일,5 미세조정,60,60,181.0,38,34,37580,400.0,10512,48092,683,7.27,0.025,4.054,15.83,60층 626㎡(39.6×15.8m)
단일,5 미세조정,60,60,181.0,38,38,37580,400.0,11461,49041,688,7.32,0.049,4.052,13.19,60층 626㎡(47.5×13.2m)
단일,5 미세조정,60,60,181.0,38,38,37580,400.0,11375,48955,688,7.32,0.046,4.047,13.38,60층 626㎡(46.8×13.4m)
단일,5 미세조정,60,60,181.0,38,34,37580,400.0,10943,48523,685,7.29,0.037,4.042,14.45,60층 626㎡(43.3×14.4m)
단일,5 미세조정,60,60,181.0,38,37,37580,400.0,12070,49650,691,7.36,0.023,4.038,12.04,60층 626㎡(52.0×12.0m)
단일,5 미세조정,59,59,178.05,38,35,37580,400.0,10314,47894,693,7.38,0.033,4.1,16.38,59층 637㎡(38.9×16.4m)
단일,5 미세조정,59,59,178.05,38,35,37580,400.0,10899,48479,697,7.41,0.021,4.098,14.43,59층 637㎡(44.1×14.4m)
단일,5 미세조정,59,59,178.05,38,36,37580,400.0,10419,47999,694,7.38,0.026,4.087,15.96,59층 637㎡(39.9×16.0m)
단일,5 미세조정,59,59,178.05,38,34,37580,400.0,10314,47894,693,7.38,0.032,4.058,16.38,59층 637㎡(38.9×16.4m)
단일,5 미세조정,59,59,178.05,38,34,37580,400.0,11054,48634,697,7.42,0.028,4.05,14.02,59층 637㎡(45.4×14.0m)
단일,5 미세조정,59,59,178.05,38,34,37580,400.0,10847,48427,696,7.41,0.039,4.048,14.57,59층 637㎡(43.7×14.6m)
단일,5 미세조정,59,59,178.05,38,34,37580,400.0,10847,48427,696,7.41,0.037,4.043,14.57,59층 637㎡(43.7×14.6m)
단일,5 미세조정,59,59,178.05,38,33,37580,400.0,10636,48216,695,7.4,0.017,4.043,15.21,59층 637㎡(41.9×15.2m)
단일,5 미세조정,59,59,178.05,38,37,37580,400.0,11965,49545,703,7.48,0.05,4.04,12.14,59층 637㎡(52.5×12.1m)
단일,5 미세조정,58,58,175.1,38,35,37580,400.0,10222,47802,705,7.5,0.021,4.11,16.52,58층 648㎡(39.2×16.5m)
단일,5 미세조정,58,58,175.1,38,36,37580,400.0,10495,48075,706,7.52,0.033,4.097,15.49,58층 648㎡(41.8×15.5m)
단일,5 미세조정,58,58,175.1,38,38,37580,400.0,11175,48755,710,7.56,0.042,4.085,13.61,58층 648㎡(47.6×13.6m)
단일,5 미세조정,58,58,175.1,38,34,37580,400.0,10368,47948,706,7.51,0.019,4.07,15.94,58층 648㎡(40.6×15.9m)
단일,5 미세조정,58,58,175.1,38,34,37580,400.0,10623,48203,707,7.53,0.03,4.064,15.08,58층 648㎡(43.0×15.1m)
단일,5 미세조정,58,58,175.1,38,34,37580,400.0,10541,48121,707,7.52,0.032,4.054,15.34,58층 648㎡(42.2×15.3m)
단일,5 미세조정,58,58,175.1,38,34,37580,400.0,10817,48397,708,7.54,0.034,4.049,14.51,58층 648㎡(44.7×14.5m)
단일,5 미세조정,58,58,175.1,38,34,37580,400.0,10751,48331,708,7.53,0.031,4.047,14.7,58층 648㎡(44.1×14.7m)
단일,5 미세조정,58,58,175.1,38,33,37580,400.0,11260,48840,711,7.56,0.029,4.042,13.42,58층 648㎡(48.3×13.4m)
단일,5 미세조정,58,58,175.1,38,33,37580,400.0,11260,48840,711,7.56,0.021,4.026,13.42,58층 648㎡(48.3×13.4m)
단일,5 미세조정,57,57,172.15,38,34,37580,400.0,10129,47709,717,7.63,0.027,4.098,16.66,57층 659㎡(39.6×16.7m)
단일,5 미세조정,57,57,172.15,38,34,37580,400.0,9926,47506,715,7.61,0.03,4.089,17.61,57층 659㎡(37.4×17.6m)
단일,5 미세조정,57,57,172.15,38,37,37580,400.0,10526,48106,719,7.65,0.038,4.082,15.21,57층 659㎡(43.3×15.2m)
단일,5 미세조정,57,57,172.15,38,35,37580,400.0,11397,48977,724,7.71,0.022,4.08,13.02,57층 659㎡(50.6×13.0m)
단일,5 미세조정,57,57,172.15,38,34,37580,400.0,10400,47980,718,7.64,0.029,4.056,15.63,57층 659㎡(42.2×15.6m)
단일,5 미세조정,57,57,172.15,38,34,37580,400.0,10653,48233,720,7.66,0.028,4.044,14.82,57층 659㎡(44.5×14.8m)
단일,5 미세조정,57,57,172.15,38,33,37580,400.0,11074,48654,722,7.69,0.021,4.028,13.73,57층 659㎡(48.0×13.7m)
단일,5 미세조정,56,56,169.2,38,36,37580,400.0,10349,47929,731,7.78,0.037,4.082,15.61,56층 671㎡(43.0×15.6m)
단일,5 미세조정,56,56,169.2,38,33,37580,400.0,10605,48185,732,7.79,0.018,4.053,14.81,56층 671㎡(45.3×14.8m)
단일,5 미세조정,56,56,169.2,38,36,37580,400.0,11293,48873,736,7.84,0.022,4.044,13.14,56층 671㎡(51.1×13.1m)
단일,5 미세조정,56,56,169.2,38,33,37580,400.0,11293,48873,736,7.84,0.029,4.025,13.14,56층 671㎡(51.1×13.1m)
단일,5 미세조정,55,55,166.25,38,34,37580,400.0,10455,48035,745,7.93,0.027,4.05,15.09,55층 683㎡(45.3×15.1m)
단일,5 미세조정,54,54,163.3,38,34,37580,400.0,9648,47228,753,8.02,0.019,4.082,18.1,54층 696㎡(38.5×18.1m)
단일,5 미세조정,54,54,163.3,38,34,37580,400.0,9946,47526,755,8.04,0.028,4.074,16.68,54층 696㎡(41.7×16.7m)
단일,5 미세조정,53,53,160.35,38,34,37580,400.0,9553,47133,767,8.17,0.024,4.086,18.27,53층 709㎡(38.8×18.3m)
단일,5 미세조정,52,52,157.4,38,34,37580,400.0,9458,47038,781,8.32,0.022,4.104,18.44,52층 723㎡(39.2×18.4m)
단일,5 미세조정,52,52,157.4,38,34,37580,400.0,9751,47331,783,8.34,0.03,4.07,17.0,52층 723㎡(42.5×17.0m)
단일,5 미세조정,50,50,151.5,38,34,37580,400.0,9592,47172,814,8.66,0.035,4.066,17.17,50층 752㎡(43.8×17.2m)
단일,5 미세조정,49,49,148.55,38,36,37580,400.0,9300,46880,828,8.82,0.047,4.078,18.26,49층 767㎡(42.0×18.3m)
단일,5 미세조정,49,49,148.55,38,33,37580,400.0,9393,46973,829,8.82,0.029,4.061,17.79,49층 767㎡(43.1×17.8m)
단일,5 미세조정,48,48,145.6,38,34,37580,400.0,9022,46602,844,8.98,0.022,4.081,19.5,48층 783㎡(40.2×19.5m)
단일,5 미세조정,46,46,139.7,38,34,37580,400.0,9087,46667,881,9.38,0.022,4.081,18.36,46층 817㎡(44.5×18.4m)
단일,5 미세조정,46,46,139.7,38,36,37580,400.0,9705,47285,885,9.42,0.033,4.067,15.88,46층 817㎡(51.4×15.9m)
단일,5 미세조정,46,46,139.7,38,34,37580,400.0,9523,47103,884,9.41,0.028,4.066,16.5,46층 817㎡(49.5×16.5m)
단일,5 미세조정,45,45,136.75,38,35,37580,400.0,9127,46707,901,9.59,0.031,4.094,17.87,45층 835㎡(46.7×17.9m)
단일,5 미세조정,45,45,136.75,38,36,37580,400.0,9345,46925,902,9.6,0.042,4.071,16.95,45층 835㎡(49.3×16.9m)
단일,5 미세조정,44,44,133.8,38,35,37580,400.0,9021,46601,920,9.8,0.03,4.095,18.07,44층 854㎡(47.3×18.1m)
단일,5 미세조정,44,44,133.8,38,34,37580,400.0,9122,46702,921,9.81,0.025,4.076,17.61,44층 854㎡(48.5×17.6m)
단일,5 미세조정,44,44,133.8,38,33,37580,400.0,9483,47063,924,9.83,0.03,4.066,16.24,44층 854㎡(52.6×16.2m)
단일,5 미세조정,43,43,130.85,38,36,37580,400.0,9370,46950,945,10.05,0.044,4.071,16.42,43층 874㎡(53.2×16.4m)
단일,5 미세조정,60,60,181.0,39,35,37580,400.0,10197,47777,681,7.25,0.021,4.113,17.17,60층 626㎡(36.5×17.2m)
단일,5 미세조정,60,60,181.0,39,34,37580,400.0,10197,47777,681,7.25,0.04,4.076,17.17,60층 626㎡(36.5×17.2m)
단일,5 미세조정,60,60,181.0,39,37,37580,400.0,10813,48393,684,7.28,0.045,4.071,14.82,60층 626㎡(42.2×14.8m)
단일,5 미세조정,60,60,181.0,39,35,37580,400.0,10555,48135,683,7.27,0.02,4.067,15.67,60층 626㎡(40.0×15.7m)
단일,5 미세조정,60,60,181.0,39,33,37580,400.0,11707,49287,689,7.34,0.024,4.025,12.69,60층 626㎡(49.3×12.7m)
단일,5 미세조정,59,59,178.05,39,38,37580,400.0,11605,49185,701,7.46,0.049,4.047,12.8,59층 637㎡(49.8×12.8m)
단일,5 미세조정,59,59,178.05,39,33,37580,400.0,11208,48788,698,7.43,0.021,4.026,13.65,59층 637㎡(46.7×13.6m)
단일,5 미세조정,58,58,175.1,39,36,37580,400.0,10017,47597,703,7.49,0.036,4.09,17.46,58층 648㎡(37.1×17.5m)
단일,5 미세조정,58,58,175.1,39,34,37580,400.0,10017,47597,703,7.49,0.029,4.077,17.46,58층 648㎡(37.1×17.5m)
단일,5 미세조정,58,58,175.1,39,34,37580,400.0,10017,47597,703,7.49,0.018,4.065,17.46,58층 648㎡(37.1×17.5m)
단일,5 미세조정,58,58,175.1,39,34,37580,400.0,10326,47906,705,7.51,0.025,4.053,16.1,58층 648㎡(40.2×16.1m)
단일,5 미세조정,58,58,175.1,39,35,37580,400.0,11260,48840,711,7.56,0.022,4.051,13.42,58층 648㎡(48.3×13.4m)
단일,5 미세조정,58,58,175.1,39,38,37580,400.0,11501,49081,712,7.58,0.05,4.046,12.91,58층 648㎡(50.2×12.9m)
단일,5 미세조정,58,58,175.1,39,34,37580,400.0,10623,48203,707,7.53,0.035,4.041,15.08,58층 648㎡(43.0×15.1m)
단일,5 미세조정,58,58,175.1,39,33,37580,400.0,11501,49081,712,7.58,0.031,4.017,12.91,58층 648㎡(50.2×12.9m)
단일,5 미세조정,58,58,175.1,39,33,37580,400.0,11859,49439,714,7.6,0.032,4.006,12.25,58층 648㎡(52.9×12.2m)
단일,5 미세조정,57,57,172.15,39,35,37580,400.0,9926,47506,715,7.61,0.032,4.096,17.61,57층 659㎡(37.4×17.6m)
단일,5 미세조정,57,57,172.15,39,38,37580,400.0,10400,47980,718,7.64,0.049,4.079,15.63,57층 659㎡(42.2×15.6m)
단일,5 미세조정,57,57,172.15,39,38,37580,400.0,10445,48025,718,7.65,0.049,4.078,15.47,57층 659㎡(42.6×15.5m)
단일,5 미세조정,57,57,172.15,39,34,37580,400.0,9926,47506,715,7.61,0.036,4.076,17.61,57층 659㎡(37.4×17.6m)
단일,5 미세조정,57,57,172.15,39,38,37580,400.0,10232,47812,717,7.63,0.051,4.074,16.24,57층 659㎡(40.6×16.2m)
단일,5 미세조정,57,57,172.15,39,35,37580,400.0,10719,48299,720,7.66,0.021,4.058,14.64,57층 659㎡(45.0×14.6m)
단일,5 미세조정,57,57,172.15,39,34,37580,400.0,10856,48436,721,7.67,0.037,4.05,14.26,57층 659㎡(46.2×14.3m)
단일,5 미세조정,56,56,169.2,39,35,37580,400.0,10972,48552,734,7.82,0.022,4.072,13.85,56층 671㎡(48.5×13.8m)
단일,5 미세조정,56,56,169.2,39,34,37580,400.0,10138,47718,729,7.76,0.028,4.07,16.38,56층 671㎡(41.0×16.4m)
단일,5 미세조정,56,56,169.2,39,37,37580,400.0,10906,48486,734,7.81,0.038,4.064,14.01,56층 671㎡(47.9×14.0m)
단일,5 미세조정,56,56,169.2,39,35,37580,400.0,10605,48185,732,7.79,0.021,4.059,14.81,56층 671㎡(45.3×14.8m)
단일,5 미세조정,56,56,169.2,39,34,37580,400.0,10304,47884,730,7.77,0.026,4.058,15.77,56층 671㎡(42.6×15.8m)
단일,5 미세조정,56,56,169.2,39,34,37580,400.0,10349,47929,731,7.78,0.026,4.057,15.61,56층 671㎡(43.0×15.6m)
단일,5 미세조정,56,56,169.2,39,34,37580,400.0,10555,48135,732,7.79,0.036,4.053,14.96,56층 671㎡(44.9×15.0m)
단일,5 미세조정,56,56,169.2,39,36,37580,400.0,11293,48873,736,7.84,0.032,4.043,13.14,56층 671㎡(51.1×13.1m)
단일,5 미세조정,56,56,169.2,39,33,37580,400.0,10972,48552,734,7.82,0.03,4.028,13.85,56층 671㎡(48.5×13.8m)
단일,5 미세조정,55,55,166.25,39,35,37580,400.0,10803,48383,747,7.95,0.021,4.073,14.13,55층 683㎡(48.3×14.1m)
단일,5 미세조정,55,55,166.25,39,37,37580,400.0,10207,47787,743,7.91,0.05,4.072,15.91,55층 683㎡(43.0×15.9m)
단일,5 미세조정,55,55,166.25,39,35,37580,400.0,10803,48383,747,7.95,0.021,4.053,14.13,55층 683㎡(48.3×14.1m)
단일,5 미세조정,55,55,166.25,39,33,37580,400.0,10869,48449,747,7.95,0.02,4.042,13.97,55층 683㎡(48.9×14.0m)
단일,5 미세조정,55,55,166.25,39,33,37580,400.0,10869,48449,747,7.95,0.03,4.03,13.97,55층 683㎡(48.9×14.0m)
단일,5 미세조정,54,54,163.3,39,37,37580,400.0,10700,48280,760,8.09,0.038,4.063,14.26,54층 696㎡(48.8×14.3m)
단일,5 미세조정,53,53,160.35,39,34,37580,400.0,9849,47429,769,8.19,0.023,4.057,16.84,53층 709㎡(42.1×16.8m)
단일,5 미세조정,53,53,160.35,39,34,37580,400.0,10255,47835,772,8.21,0.022,4.052,15.37,53층 709㎡(46.1×15.4m)
단일,5 미세조정,50,50,151.5,39,34,37580,400.0,9298,46878,812,8.64,0.03,4.076,18.62,50층 752㎡(40.4×18.6m)
단일,5 미세조정,50,50,151.5,39,34,37580,400.0,9592,47172,814,8.66,0.045,4.066,17.17,50층 752㎡(43.8×17.2m)
단일,5 미세조정,49,49,148.55,39,34,37580,400.0,9120,46700,827,8.8,0.033,4.076,19.3,49층 767㎡(39.7×19.3m)
단일,5 미세조정,48,48,145.6,39,37,37580,400.0,9440,47020,846,9.01,0.044,4.09,17.3,48층 783㎡(45.3×17.3m)
단일,5 미세조정,48,48,145.6,39,36,37580,400.0,9621,47201,848,9.02,0.032,4.067,16.57,48층 783㎡(47.2×16.6m)
단일,5 미세조정,48,48,145.6,39,34,37580,400.0,9292,46872,845,9.0,0.025,4.067,17.98,48층 783㎡(43.6×18.0m)
단일,5 미세조정,48,48,145.6,39,36,37580,400.0,9923,47503,850,9.05,0.047,4.063,15.54,48층 783㎡(50.4×15.5m)
단일,5 미세조정,48,48,145.6,39,34,37580,400.0,9389,46969,846,9.01,0.027,4.062,17.52,48층 783㎡(44.7×17.5m)
단일,5 미세조정,47,47,142.65,39,34,37580,400.0,9190,46770,863,9.18,0.025,4.071,18.17,47층 800㎡(44.0×18.2m)
단일,5 미세조정,45,45,136.75,39,36,37580,400.0,9078,46658,900,9.58,0.043,4.094,18.1,45층 835㎡(46.1×18.1m)
단일,5 미세조정,45,45,136.75,39,36,37580,400.0,8984,46564,900,9.58,0.042,4.094,18.57,45층 835㎡(45.0×18.6m)
단일,5 미세조정,45,45,136.75,39,34,37580,400.0,8798,46378,898,9.56,0.029,4.088,19.63,45층 835㎡(42.5×19.6m)
단일,5 미세조정,44,44,133.8,39,35,37580,400.0,8620,46200,917,9.76,0.025,4.107,20.37,44층 854㎡(41.9×20.4m)
단일,5 미세조정,44,44,133.8,39,33,37580,400.0,9749,47329,926,9.86,0.032,4.059,15.4,44층 854㎡(55.5×15.4m)
단일,5 미세조정,43,43,130.85,39,34,37580,400.0,8517,46097,938,9.98,0.024,4.104,20.6,43층 874㎡(42.4×20.6m)
단일,5 미세조정,43,43,130.85,39,34,37580,400.0,8686,46266,939,10.0,0.031,4.088,19.49,43층 874㎡(44.8×19.5m)
단일,5 미세조정,43,43,130.85,39,36,37580,400.0,9084,46664,942,10.03,0.042,4.076,17.51,43층 874㎡(49.9×17.5m)
단일,5 미세조정,43,43,130.85,39,33,37580,400.0,9370,46950,945,10.05,0.03,4.069,16.42,43층 874㎡(53.2×16.4m)
단일,5 미세조정,60,60,181.0,40,37,37580,400.0,11011,48591,686,7.3,0.032,4.077,14.26,60층 626㎡(43.9×14.3m)
단일,5 미세조정,60,60,181.0,40,37,37580,400.0,11151,48731,686,7.3,0.032,4.073,13.9,60층 626㎡(45.0×13.9m)
단일,5 미세조정,60,60,181.0,40,37,37580,400.0,11375,48955,688,7.32,0.041,4.07,13.38,60층 626㎡(46.8×13.4m)
단일,5 미세조정,60,60,181.0,40,37,37580,400.0,11375,48955,688,7.32,0.032,4.069,13.38,60층 626㎡(46.8×13.4m)
단일,5 미세조정,60,60,181.0,40,35,37580,400.0,10813,48393,684,7.28,0.021,4.064,14.82,60층 626㎡(42.2×14.8m)
단일,5 미세조정,60,60,181.0,40,35,37580,400.0,11011,48591,686,7.3,0.022,4.061,14.26,60층 626㎡(43.9×14.3m)
단일,5 미세조정,60,60,181.0,40,37,37580,400.0,11707,49287,689,7.34,0.041,4.06,12.69,60층 626㎡(49.3×12.7m)
단일,1b 층수·세장비,60,60,181.0,40,34,37580,400.0,10943,48523,685,7.29,0.036,4.057,14.45,60층 626㎡(43.3×14.4m)
단일,5 미세조정,60,60,181.0,40,35,37580,400.0,11151,48731,686,7.3,0.022,4.057,13.9,60층 626㎡(45.0×13.9m)
단일,5 미세조정,60,60,181.0,40,34,37580,400.0,10813,48393,684,7.28,0.035,4.046,14.82,60층 626㎡(42.2×14.8m)
단일,5 미세조정,60,60,181.0,40,34,37580,400.0,11011,48591,686,7.3,0.036,4.034,14.26,60층 626㎡(43.9×14.3m)
단일,5 미세조정,60,60,181.0,40,34,37580,400.0,11461,49041,688,7.32,0.017,4.025,13.19,60층 626㎡(47.5×13.2m)
단일,5 미세조정,59,59,178.05,40,36,37580,400.0,10636,48216,695,7.4,0.031,4.079,15.21,59층 637㎡(41.9×15.2m)
단일,5 미세조정,59,59,178.05,40,37,37580,400.0,10914,48494,697,7.41,0.032,4.075,14.39,59층 637㎡(44.3×14.4m)
단일,5 미세조정,59,59,178.05,40,36,37580,400.0,11361,48941,699,7.44,0.032,4.068,13.3,59층 637㎡(47.9×13.3m)
단일,5 미세조정,59,59,178.05,40,38,37580,400.0,10636,48216,695,7.4,0.047,4.067,15.21,59층 637㎡(41.9×15.2m)
단일,5 미세조정,59,59,178.05,40,34,37580,400.0,10462,48042,694,7.39,0.034,4.066,15.8,59층 637㎡(40.3×15.8m)
단일,5 미세조정,59,59,178.05,40,35,37580,400.0,10914,48494,697,7.41,0.022,4.059,14.39,59층 637㎡(44.3×14.4m)
단일,5 미세조정,59,59,178.05,40,35,37580,400.0,11054,48634,697,7.42,0.022,4.057,14.02,59층 637㎡(45.4×14.0m)
단일,5 미세조정,59,59,178.05,40,35,37580,400.0,11208,48788,698,7.43,0.022,4.053,13.65,59층 637㎡(46.7×13.6m)
단일,5 미세조정,59,59,178.05,40,34,37580,400.0,11054,48634,697,7.42,0.037,4.052,14.02,59층 637㎡(45.4×14.0m)
단일,5 미세조정,59,59,178.05,40,38,37580,400.0,11275,48855,699,7.44,0.049,4.052,13.49,59층 637㎡(47.2×13.5m)
단일,5 미세조정,59,59,178.05,40,34,37580,400.0,10590,48170,695,7.4,0.02,4.051,15.36,59층 637㎡(41.5×15.4m)
단일,5 미세조정,59,59,178.05,40,34,37580,400.0,10636,48216,695,7.4,0.034,4.048,15.21,59층 637㎡(41.9×15.2m)
단일,5 미세조정,59,59,178.05,40,36,37580,400.0,11605,49185,701,7.46,0.032,4.045,12.8,59층 637㎡(49.8×12.8m)
단일,5 미세조정,59,59,178.05,40,34,37580,400.0,10718,48298,696,7.4,0.035,4.044,14.95,59층 637㎡(42.6×14.9m)
단일,5 미세조정,59,59,178.05,40,37,37580,400.0,11605,49185,701,7.46,0.041,4.044,12.8,59층 637㎡(49.8×12.8m)
단일,5 미세조정,59,59,178.05,40,35,37580,400.0,11275,48855,699,7.44,0.038,4.043,13.49,59층 637㎡(47.2×13.5m)
단일,5 미세조정,59,59,178.05,40,35,37580,400.0,11605,49185,701,7.46,0.039,4.034,12.8,59층 637㎡(49.8×12.8m)
단일,5 미세조정,59,59,178.05,40,34,37580,400.0,11054,48634,697,7.42,0.037,4.031,14.02,59층 637㎡(45.4×14.0m)
단일,5 미세조정,58,58,175.1,40,34,37580,400.0,10017,47597,703,7.49,0.029,4.089,17.46,58층 648㎡(37.1×17.5m)
단일,5 미세조정,58,58,175.1,40,34,37580,400.0,10222,47802,705,7.5,0.039,4.073,16.52,58층 648㎡(39.2×16.5m)
단일,5 미세조정,58,58,175.1,40,35,37580,400.0,10751,48331,708,7.53,0.025,4.072,14.7,58층 648㎡(44.1×14.7m)
단일,5 미세조정,58,58,175.1,40,35,37580,400.0,11108,48688,710,7.55,0.022,4.072,13.76,58층 648㎡(47.1×13.8m)
단일,5 미세조정,58,58,175.1,40,37,37580,400.0,10955,48535,709,7.55,0.041,4.071,14.14,58층 648㎡(45.8×14.1m)
단일,5 미세조정,58,58,175.1,40,37,37580,400.0,10751,48331,708,7.53,0.04,4.064,14.7,58층 648㎡(44.1×14.7m)
단일,5 미세조정,58,58,175.1,40,34,37580,400.0,10222,47802,705,7.5,0.027,4.062,16.52,58층 648㎡(39.2×16.5m)
단일,5 미세조정,58,58,175.1,40,34,37580,400.0,10623,48203,707,7.53,0.035,4.062,15.08,58층 648㎡(43.0×15.1m)
단일,5 미세조정,58,58,175.1,40,34,37580,400.0,10751,48331,708,7.53,0.036,4.056,14.7,58층 648㎡(44.1×14.7m)
단일,5 미세조정,58,58,175.1,40,34,37580,400.0,10817,48397,708,7.54,0.021,4.055,14.51,58층 648㎡(44.7×14.5m)
단일,5 미세조정,58,58,175.1,40,34,37580,400.0,10955,48535,709,7.55,0.037,4.051,14.14,58층 648㎡(45.8×14.1m)
단일,5 미세조정,58,58,175.1,40,36,37580,400.0,11260,48840,711,7.56,0.031,4.051,13.42,58층 648㎡(48.3×13.4m)
단일,5 미세조정,58,58,175.1,40,33,37580,400.0,11108,48688,710,7.55,0.022,4.039,13.76,58층 648㎡(47.1×13.8m)
단일,5 미세조정,57,57,172.15,40,35,37580,400.0,10719,48299,720,7.66,0.022,4.075,14.64,57층 659㎡(45.0×14.6m)
단일,5 미세조정,57,57,172.15,40,37,37580,400.0,10856,48436,721,7.67,0.046,4.049,14.26,57층 659㎡(46.2×14.3m)
단일,5 미세조정,57,57,172.15,40,34,37580,400.0,10232,47812,717,7.63,0.024,4.048,16.24,57층 659㎡(40.6×16.2m)
단일,5 미세조정,57,57,172.15,40,33,37580,400.0,11074,48654,722,7.69,0.039,4.027,13.73,57층 659㎡(48.0×13.7m)
단일,5 미세조정,57,57,172.15,40,33,37580,400.0,11074,48654,722,7.69,0.03,4.026,13.73,57층 659㎡(48.0×13.7m)
단일,5 미세조정,56,56,169.2,40,36,37580,400.0,10605,48185,732,7.79,0.031,4.072,14.81,56층 671㎡(45.3×14.8m)
단일,5 미세조정,56,56,169.2,40,37,37580,400.0,10755,48335,733,7.8,0.037,4.064,14.39,56층 671㎡(46.6×14.4m)
단일,5 미세조정,56,56,169.2,40,37,37580,400.0,10972,48552,734,7.82,0.041,4.062,13.85,56층 671㎡(48.5×13.8m)
단일,5 미세조정,56,56,169.2,40,36,37580,400.0,11293,48873,736,7.84,0.041,4.058,13.14,56층 671㎡(51.1×13.1m)
단일,5 미세조정,56,56,169.2,40,34,37580,400.0,10555,48135,732,7.79,0.041,4.044,14.96,56층 671㎡(44.9×15.0m)
단일,1b 층수·세장비,55,55,166.25,40,34,37580,400.0,10042,47622,742,7.9,0.034,4.064,16.53,55층 683㎡(41.3×16.5m)
단일,5 미세조정,55,55,166.25,40,34,37580,400.0,9741,47321,740,7.88,0.02,4.059,17.93,55층 683㎡(38.1×17.9m)
단일,5 미세조정,54,54,163.3,40,34,37580,400.0,9648,47228,753,8.02,0.025,4.092,18.1,54층 696㎡(38.5×18.1m)
단일,5 미세조정,54,54,163.3,40,34,37580,400.0,9946,47526,755,8.04,0.024,4.065,16.68,54층 696㎡(41.7×16.7m)
단일,5 미세조정,54,54,163.3,40,34,37580,400.0,10847,48427,761,8.1,0.037,4.038,13.9,54층 696㎡(50.1×13.9m)
단일,5 미세조정,53,53,160.35,40,36,37580,400.0,9849,47429,769,8.19,0.035,4.079,16.84,53층 709㎡(42.1×16.8m)
단일,5 미세조정,53,53,160.35,40,35,37580,400.0,10255,47835,772,8.21,0.03,4.073,15.37,53층 709㎡(46.1×15.4m)
단일,5 미세조정,52,52,157.4,40,34,37580,400.0,9751,47331,783,8.34,0.028,4.07,17.0,52층 723㎡(42.5×17.0m)
단일,5 미세조정,52,52,157.4,40,34,37580,400.0,9751,47331,783,8.34,0.033,4.057,17.0,52층 723㎡(42.5×17.0m)
단일,5 미세조정,49,49,148.55,40,36,37580,400.0,9543,47123,830,8.83,0.033,4.09,17.12,49층 767㎡(44.8×17.1m)
단일,5 미세조정,49,49,148.55,40,37,37580,400.0,9393,46973,829,8.82,0.04,4.07,17.79,49층 767㎡(43.1×17.8m)
단일,5 미세조정,49,49,148.55,40,34,37580,400.0,9120,46700,827,8.8,0.035,4.068,19.3,49층 767㎡(39.7×19.3m)
단일,5 미세조정,49,49,148.55,40,33,37580,400.0,9393,46973,829,8.82,0.039,4.062,17.79,49층 767㎡(43.1×17.8m)
단일,5 미세조정,48,48,145.6,40,34,37580,400.0,9101,46681,844,8.98,0.029,4.079,19.01,48층 783㎡(41.2×19.0m)
단일,5 미세조정,48,48,145.6,40,34,37580,400.0,9389,46969,846,9.01,0.034,4.07,17.52,48층 783㎡(44.7×17.5m)
단일,5 미세조정,48,48,145.6,40,34,37580,400.0,9665,47245,848,9.03,0.04,4.064,16.41,48층 783㎡(47.7×16.4m)
단일,5 미세조정,48,48,145.6,40,33,37580,400.0,9292,46872,845,9.0,0.039,4.064,17.98,48층 783㎡(43.6×18.0m)
단일,5 미세조정,48,48,145.6,40,34,37580,400.0,9665,47245,848,9.03,0.051,4.061,16.41,48층 783㎡(47.7×16.4m)
단일,5 미세조정,48,48,145.6,40,33,37580,400.0,9784,47364,849,9.04,0.033,4.053,16.0,48층 783㎡(48.9×16.0m)
단일,5 미세조정,48,48,145.6,40,33,37580,400.0,10200,47780,852,9.07,0.035,4.036,14.75,48층 783㎡(53.1×14.7m)
단일,5 미세조정,48,48,145.6,40,33,37580,400.0,10200,47780,852,9.07,0.046,4.034,14.75,48층 783㎡(53.1×14.7m)
단일,5 미세조정,47,47,142.65,40,37,37580,400.0,9631,47211,866,9.22,0.043,4.079,16.33,47층 800㎡(49.0×16.3m)
단일,5 미세조정,47,47,142.65,40,35,37580,400.0,9815,47395,867,9.23,0.024,4.073,15.71,47층 800㎡(50.9×15.7m)
단일,5 미세조정,47,47,142.65,40,33,37580,400.0,9677,47257,866,9.22,0.042,4.05,16.16,47층 800㎡(49.5×16.2m)
단일,5 미세조정,46,46,139.7,40,34,37580,400.0,9087,46667,881,9.38,0.033,4.075,18.36,46층 817㎡(44.5×18.4m)
단일,5 미세조정,45,45,136.75,40,37,37580,400.0,9078,46658,900,9.58,0.041,4.086,18.1,45층 835㎡(46.1×18.1m)
단일,5 미세조정,45,45,136.75,40,37,37580,400.0,9302,46882,902,9.6,0.042,4.083,17.12,45층 835㎡(48.8×17.1m)
단일,5 미세조정,45,45,136.75,40,36,37580,400.0,9415,46995,903,9.61,0.043,4.08,16.68,45층 835㎡(50.1×16.7m)
단일,5 미세조정,45,45,136.75,40,33,37580,400.0,8984,46564,900,9.58,0.028,4.078,18.57,45층 835㎡(45.0×18.6m)
단일,5 미세조정,44,44,133.8,40,35,37580,400.0,9021,46601,920,9.8,0.029,4.088,18.07,44층 854㎡(47.3×18.1m)
단일,5 미세조정,44,44,133.8,40,36,37580,400.0,9349,46929,923,9.82,0.042,4.081,16.71,44층 854㎡(51.1×16.7m)
단일,5 미세조정,43,43,130.85,40,35,37580,400.0,8913,46493,941,10.02,0.029,4.089,18.28,43층 874㎡(47.8×18.3m)
단일,5 미세조정,43,43,130.85,40,36,37580,400.0,9194,46774,943,10.04,0.042,4.083,17.07,43층 874㎡(51.2×17.1m)
단일,1b 층수·세장비,60,60,181.0,41,38,37580,400.0,10943,48523,685,7.29,0.052,4.065,14.45,60층 626㎡(43.3×14.4m)
단일,5 미세조정,60,60,181.0,41,38,37580,400.0,10943,48523,685,7.29,0.048,4.065,14.45,60층 626㎡(43.3×14.4m)
단일,5 미세조정,60,60,181.0,41,38,37580,400.0,10813,48393,684,7.28,0.052,4.06,14.82,60층 626㎡(42.2×14.8m)
단일,5 미세조정,60,60,181.0,41,37,37580,400.0,11151,48731,686,7.3,0.04,4.058,13.9,60층 626㎡(45.0×13.9m)
단일,5 미세조정,60,60,181.0,41,36,37580,400.0,11151,48731,686,7.3,0.031,4.058,13.9,60층 626㎡(45.0×13.9m)
단일,5 미세조정,60,60,181.0,41,34,37580,400.0,10684,48264,684,7.28,0.046,4.057,15.23,60층 626㎡(41.1×15.2m)
쌍둥이,5 미세조정,60+60,60,181.0,41,33,37580,400.0,14443,52023,703,7.48,0.025,4.002,12.64,60층 298㎡(23.6×12.6m) + 60층 328㎡(24.7×13.3m)
쌍둥이,5 미세조정,60+60,60,181.0,41,33,37580,400.0,14443,52023,703,7.48,0.027,3.993,12.64,60층 298㎡(23.6×12.6m) + 60층 328㎡(24.7×13.3m)
단일,5 미세조정,59,59,178.05,41,36,37580,400.0,10462,48042,694,7.39,0.031,4.08,15.8,59층 637㎡(40.3×15.8m)
단일,5 미세조정,59,59,178.05,41,37,37580,400.0,10718,48298,696,7.4,0.04,4.078,14.95,59층 637㎡(42.6×14.9m)
단일,5 미세조정,59,59,178.05,41,37,37580,400.0,10314,47894,693,7.38,0.042,4.077,16.38,59층 637㎡(38.9×16.4m)
단일,5 미세조정,59,59,178.05,41,37,37580,400.0,10847,48427,696,7.41,0.04,4.075,14.57,59층 637㎡(43.7×14.6m)
단일,5 미세조정,59,59,178.05,41,37,37580,400.0,10462,48042,694,7.39,0.038,4.069,15.8,59층 637㎡(40.3×15.8m)
단일,5 미세조정,59,59,178.05,41,34,37580,400.0,10314,47894,693,7.38,0.041,4.062,16.38,59층 637㎡(38.9×16.4m)
단일,5 미세조정,59,59,178.05,41,36,37580,400.0,11054,48634,697,7.42,0.031,4.057,14.02,59층 637㎡(45.4×14.0m)
단일,5 미세조정,59,59,178.05,41,38,37580,400.0,11054,48634,697,7.42,0.049,4.055,14.02,59층 637㎡(45.4×14.0m)
단일,5 미세조정,59,59,178.05,41,34,37580,400.0,10107,47687,692,7.37,0.024,4.054,17.31,59층 637㎡(36.8×17.3m)
단일,5 미세조정,59,59,178.05,41,37,37580,400.0,11275,48855,699,7.44,0.04,4.049,13.49,59층 637㎡(47.2×13.5m)
단일,5 미세조정,59,59,178.05,41,37,37580,400.0,11965,49545,703,7.48,0.034,4.048,12.14,59층 637㎡(52.5×12.1m)
단일,5 미세조정,59,59,178.05,41,34,37580,400.0,10914,48494,697,7.41,0.04,4.04,14.39,59층 637㎡(44.3×14.4m)
단일,5 미세조정,59,59,178.05,41,34,37580,400.0,11054,48634,697,7.42,0.046,4.033,14.02,59층 637㎡(45.4×14.0m)
단일,5 미세조정,59,59,178.05,41,33,37580,400.0,11361,48941,699,7.44,0.039,4.024,13.3,59층 637㎡(47.9×13.3m)
단일,5 미세조정,59,59,178.05,41,33,37580,400.0,11605,49185,701,7.46,0.04,4.018,12.8,59층 637㎡(49.8×12.8m)
단일,5 미세조정,59,59,178.05,41,34,37580,400.0,11605,49185,701,7.46,0.019,4.016,12.8,59층 637㎡(49.8×12.8m)
쌍둥이,5 미세조정,59+59,59,178.05,41,33,37580,400.0,14313,51893,714,7.6,0.025,4.003,12.75,59층 303㎡(23.8×12.7m) + 59층 334㎡(25.0×13.4m)
단일,5 미세조정,58,58,175.1,41,36,37580,400.0,10495,48075,706,7.52,0.031,4.078,15.49,58층 648㎡(41.8×15.5m)
단일,5 미세조정,58,58,175.1,41,36,37580,400.0,10017,47597,703,7.49,0.032,4.078,17.46,58층 648㎡(37.1×17.5m)
단일,5 미세조정,58,58,175.1,41,34,37580,400.0,10017,47597,703,7.49,0.027,4.076,17.46,58층 648㎡(37.1×17.5m)
단일,5 미세조정,58,58,175.1,41,37,37580,400.0,10017,47597,703,7.49,0.036,4.072,17.46,58층 648㎡(37.1×17.5m)
단일,5 미세조정,58,58,175.1,41,36,37580,400.0,10017,47597,703,7.49,0.027,4.071,17.46,58층 648㎡(37.1×17.5m)
단일,5 미세조정,58,58,175.1,41,36,37580,400.0,11260,48840,711,7.56,0.032,4.068,13.42,58층 648㎡(48.3×13.4m)
단일,5 미세조정,58,58,175.1,41,34,37580,400.0,10017,47597,703,7.49,0.021,4.062,17.46,58층 648㎡(37.1×17.5m)
단일,5 미세조정,58,58,175.1,41,38,37580,400.0,10751,48331,708,7.53,0.048,4.059,14.7,58층 648㎡(44.1×14.7m)
단일,5 미세조정,58,58,175.1,41,38,37580,400.0,10802,48382,708,7.54,0.048,4.058,14.55,58층 648㎡(44.5×14.6m)
단일,5 미세조정,58,58,175.1,41,34,37580,400.0,10802,48382,708,7.54,0.045,4.038,14.55,58층 648㎡(44.5×14.6m)
단일,5 미세조정,58,58,175.1,41,33,37580,400.0,10955,48535,709,7.55,0.02,4.032,14.14,58층 648㎡(45.8×14.1m)
단일,5 미세조정,58,58,175.1,41,33,37580,400.0,11260,48840,711,7.56,0.039,4.024,13.42,58층 648㎡(48.3×13.4m)
단일,5 미세조정,57,57,172.15,41,37,37580,400.0,10232,47812,717,7.63,0.033,4.078,16.24,57층 659㎡(40.6×16.2m)
단일,5 미세조정,57,57,172.15,41,34,37580,400.0,9926,47506,715,7.61,0.027,4.078,17.61,57층 659㎡(37.4×17.6m)
단일,5 미세조정,57,57,172.15,41,37,37580,400.0,10445,48025,718,7.65,0.04,4.076,15.47,57층 659㎡(42.6×15.5m)
단일,5 미세조정,57,57,172.15,41,37,37580,400.0,10704,48284,720,7.66,0.031,4.072,14.68,57층 659㎡(44.9×14.7m)
단일,5 미세조정,57,57,172.15,41,37,37580,400.0,10719,48299,720,7.66,0.031,4.072,14.64,57층 659㎡(45.0×14.6m)
단일,5 미세조정,57,57,172.15,41,34,37580,400.0,10129,47709,717,7.63,0.021,4.07,16.66,57층 659㎡(39.6×16.7m)
단일,5 미세조정,57,57,172.15,41,34,37580,400.0,9926,47506,715,7.61,0.036,4.068,17.61,57층 659㎡(37.4×17.6m)
단일,5 미세조정,57,57,172.15,41,33,37580,400.0,10232,47812,717,7.63,0.022,4.063,16.24,57층 659㎡(40.6×16.2m)
단일,5 미세조정,57,57,172.15,41,36,37580,400.0,10856,48436,721,7.67,0.031,4.058,14.26,57층 659㎡(46.2×14.3m)
단일,5 미세조정,57,57,172.15,41,34,37580,400.0,10274,47854,717,7.64,0.046,4.057,16.08,57층 659㎡(41.0×16.1m)
단일,5 미세조정,57,57,172.15,41,36,37580,400.0,11397,48977,724,7.71,0.025,4.055,13.02,57층 659㎡(50.6×13.0m)
단일,5 미세조정,57,57,172.15,41,34,37580,400.0,10526,48106,719,7.65,0.021,4.049,15.21,57층 659㎡(43.3×15.2m)
단일,5 미세조정,57,57,172.15,41,33,37580,400.0,10445,48025,718,7.65,0.02,4.049,15.47,57층 659㎡(42.6×15.5m)
단일,5 미세조정,57,57,172.15,41,34,37580,400.0,10445,48025,718,7.65,0.044,4.042,15.47,57층 659㎡(42.6×15.5m)
단일,5 미세조정,57,57,172.15,41,34,37580,400.0,10719,48299,720,7.66,0.037,4.034,14.64,57층 659㎡(45.0×14.6m)
단일,5 미세조정,57,57,172.15,41,34,37580,400.0,11074,48654,722,7.69,0.026,4.03,13.73,57층 659㎡(48.0×13.7m)
쌍둥이,5 미세조정,57+57,57,172.15,41,33,37580,400.0,13909,51489,737,7.84,0.024,4.006,13.48,57층 314㎡(23.3×13.5m) + 57층 345㎡(24.4×14.1m)
단일,5 미세조정,56,56,169.2,41,35,37580,400.0,9834,47414,728,7.74,0.019,4.08,17.77,56층 671㎡(37.8×17.8m)
단일,5 미세조정,56,56,169.2,41,37,37580,400.0,10035,47615,729,7.76,0.049,4.079,16.81,56층 671㎡(39.9×16.8m)
단일,5 미세조정,56,56,169.2,41,36,37580,400.0,11055,48635,735,7.82,0.031,4.067,13.65,56층 671㎡(49.2×13.7m)
단일,5 미세조정,56,56,169.2,41,36,37580,400.0,10755,48335,733,7.8,0.031,4.056,14.39,56층 671㎡(46.6×14.4m)
단일,5 미세조정,56,56,169.2,41,37,37580,400.0,10605,48185,732,7.79,0.046,4.051,14.81,56층 671㎡(45.3×14.8m)
단일,5 미세조정,56,56,169.2,41,34,37580,400.0,10304,47884,730,7.77,0.034,4.045,15.77,56층 671㎡(42.6×15.8m)
단일,5 미세조정,56,56,169.2,41,33,37580,400.0,10906,48486,734,7.81,0.02,4.031,14.01,56층 671㎡(47.9×14.0m)
단일,5 미세조정,55,55,166.25,41,35,37580,400.0,9741,47321,740,7.88,0.019,4.081,17.93,55층 683㎡(38.1×17.9m)
단일,5 미세조정,55,55,166.25,41,34,37580,400.0,10207,47787,743,7.91,0.021,4.078,15.91,55층 683㎡(43.0×15.9m)
단일,5 미세조정,55,55,166.25,41,36,37580,400.0,10803,48383,747,7.95,0.031,4.05,14.13,55층 683㎡(48.3×14.1m)
단일,5 미세조정,54,54,163.3,41,34,37580,400.0,9845,47425,755,8.03,0.025,4.078,17.12,54층 696㎡(40.7×17.1m)
단일,5 미세조정,54,54,163.3,41,36,37580,400.0,11425,49005,764,8.14,0.03,4.055,12.69,54층 696㎡(54.8×12.7m)
단일,5 미세조정,54,54,163.3,41,36,37580,400.0,10847,48427,761,8.1,0.031,4.047,13.9,54층 696㎡(50.1×13.9m)
쌍둥이,5 미세조정,54+54,54,163.3,41,33,37580,400.0,13511,51091,775,8.25,0.023,4.018,13.85,54층 331㎡(23.9×13.8m) + 54층 365㎡(25.1×14.5m)
단일,5 미세조정,53,53,160.35,41,34,37580,400.0,9849,47429,769,8.19,0.025,4.08,16.84,53층 709㎡(42.1×16.8m)
단일,5 미세조정,53,53,160.35,41,34,37580,400.0,9749,47329,768,8.18,0.029,4.07,17.28,53층 709㎡(41.0×17.3m)
단일,5 미세조정,52,52,157.4,41,34,37580,400.0,9458,47038,781,8.32,0.022,4.085,18.44,52층 723㎡(39.2×18.4m)
단일,5 미세조정,52,52,157.4,41,34,37580,400.0,9911,47491,784,8.35,0.039,4.062,16.36,52층 723㎡(44.2×16.4m)
단일,1b 층수·세장비,50,50,151.5,41,36,37580,400.0,9174,46754,811,8.63,0.043,4.089,19.39,50층 752㎡(38.8×19.4m)
단일,5 미세조정,49,49,148.55,41,34,37580,400.0,9393,46973,829,8.82,0.036,4.07,17.79,49층 767㎡(43.1×17.8m)
단일,5 미세조정,49,49,148.55,41,34,37580,400.0,9543,47123,830,8.83,0.038,4.067,17.12,49층 767㎡(44.8×17.1m)
단일,5 미세조정,49,49,148.55,41,34,37580,400.0,9770,47350,831,8.85,0.05,4.06,16.24,49층 767㎡(47.2×16.2m)
단일,5 미세조정,48,48,145.6,41,37,37580,400.0,9389,46969,846,9.01,0.042,4.081,17.52,48층 783㎡(44.7×17.5m)
단일,5 미세조정,48,48,145.6,41,37,37580,400.0,9665,47245,848,9.03,0.043,4.076,16.41,48층 783㎡(47.7×16.4m)
단일,5 미세조정,48,48,145.6,41,37,37580,400.0,9200,46780,845,8.99,0.039,4.074,18.44,48층 783㎡(42.4×18.4m)
단일,5 미세조정,48,48,145.6,41,34,37580,400.0,9389,46969,846,9.01,0.048,4.069,17.52,48층 783㎡(44.7×17.5m)
단일,5 미세조정,48,48,145.6,41,34,37580,400.0,9440,47020,846,9.01,0.049,4.068,17.3,48층 783㎡(45.3×17.3m)
단일,5 미세조정,48,48,145.6,41,33,37580,400.0,9621,47201,848,9.02,0.041,4.052,16.57,48층 783㎡(47.2×16.6m)
단일,5 미세조정,47,47,142.65,41,35,37580,400.0,9287,46867,863,9.19,0.035,4.08,17.71,47층 800㎡(45.2×17.7m)
단일,5 미세조정,47,47,142.65,41,37,37580,400.0,9516,47096,865,9.21,0.043,4.079,16.75,47층 800㎡(47.7×16.7m)
단일,5 미세조정,47,47,142.65,41,37,37580,400.0,9442,47022,865,9.2,0.042,4.079,17.04,47층 800㎡(46.9×17.0m)
단일,5 미세조정,47,47,142.65,41,34,37580,400.0,9337,46917,864,9.19,0.027,4.075,17.48,47층 800㎡(45.7×17.5m)
단일,5 미세조정,47,47,142.65,41,33,37580,400.0,9287,46867,863,9.19,0.03,4.072,17.71,47층 800㎡(45.2×17.7m)
단일,5 미세조정,47,47,142.65,41,33,37580,400.0,9337,46917,864,9.19,0.03,4.071,17.48,47층 800㎡(45.7×17.5m)
단일,5 미세조정,47,47,142.65,41,38,37580,400.0,9287,46867,863,9.19,0.063,4.068,17.71,47층 800㎡(45.2×17.7m)
단일,5 미세조정,47,47,142.65,41,38,37580,400.0,9516,47096,865,9.21,0.064,4.066,16.75,47층 800㎡(47.7×16.7m)
단일,5 미세조정,47,47,142.65,41,33,37580,400.0,9516,47096,865,9.21,0.03,4.054,16.75,47층 800㎡(47.7×16.7m)
단일,5 미세조정,47,47,142.65,41,33,37580,400.0,9516,47096,865,9.21,0.041,4.053,16.75,47층 800㎡(47.7×16.7m)
단일,5 미세조정,46,46,139.7,41,35,37580,400.0,9183,46763,881,9.38,0.03,4.085,17.9,46층 817㎡(45.6×17.9m)
단일,5 미세조정,46,46,139.7,41,35,37580,400.0,9337,46917,883,9.39,0.031,4.085,17.22,46층 817㎡(47.4×17.2m)
단일,5 미세조정,46,46,139.7,41,36,37580,400.0,8998,46578,880,9.37,0.029,4.084,18.84,46층 817㎡(43.4×18.8m)
단일,5 미세조정,46,46,139.7,41,36,37580,400.0,9523,47103,884,9.41,0.035,4.08,16.5,46층 817㎡(49.5×16.5m)
단일,5 미세조정,46,46,139.7,41,33,37580,400.0,9087,46667,881,9.38,0.028,4.078,18.36,46층 817㎡(44.5×18.4m)
단일,5 미세조정,46,46,139.7,41,33,37580,400.0,9087,46667,881,9.38,0.028,4.066,18.36,46층 817㎡(44.5×18.4m)
단일,5 미세조정,45,45,136.75,41,34,37580,400.0,8722,46302,898,9.56,0.044,4.089,20.14,45층 835㎡(41.5×20.1m)
단일,5 미세조정,45,45,136.75,41,36,37580,400.0,9595,47175,904,9.62,0.035,4.081,16.05,45층 835㎡(52.0×16.1m)
단일,5 미세조정,45,45,136.75,41,35,37580,400.0,9415,46995,903,9.61,0.035,4.08,16.68,45층 835㎡(50.1×16.7m)
단일,5 미세조정,45,45,136.75,41,37,37580,400.0,8798,46378,898,9.56,0.049,4.078,19.63,45층 835㎡(42.5×19.6m)
단일,5 미세조정,45,45,136.75,41,37,37580,400.0,8984,46564,900,9.58,0.051,4.078,18.57,45층 835㎡(45.0×18.6m)
단일,5 미세조정,44,44,133.8,41,34,37580,400.0,8791,46371,919,9.78,0.035,4.09,19.26,44층 854㎡(44.3×19.3m)
단일,5 미세조정,44,44,133.8,41,34,37580,400.0,8879,46459,919,9.79,0.036,4.079,18.78,44층 854㎡(45.5×18.8m)
단일,5 미세조정,44,44,133.8,41,34,37580,400.0,9021,46601,920,9.8,0.038,4.078,18.07,44층 854㎡(47.3×18.1m)
단일,5 미세조정,44,44,133.8,41,34,37580,400.0,8972,46552,920,9.79,0.046,4.075,18.3,44층 854㎡(46.7×18.3m)
단일,5 미세조정,44,44,133.8,41,35,37580,400.0,9349,46929,923,9.82,0.031,4.073,16.71,44층 854㎡(51.1×16.7m)
단일,5 미세조정,43,43,130.85,41,34,37580,400.0,8686,46266,939,10.0,0.027,4.092,19.49,43층 874㎡(44.8×19.5m)
단일,5 미세조정,43,43,130.85,41,36,37580,400.0,8686,46266,939,10.0,0.039,4.09,19.49,43층 874㎡(44.8×19.5m)
단일,5 미세조정,43,43,130.85,41,33,37580,400.0,9084,46664,942,10.03,0.03,4.078,17.51,43층 874㎡(49.9×17.5m)
단일,5 미세조정,43,43,130.85,41,33,37580,400.0,9194,46774,943,10.04,0.043,4.058,17.07,43층 874㎡(51.2×17.1m)
단일,5 미세조정,60,60,181.0,42,36,37580,400.0,10405,47985,682,7.26,0.035,4.087,16.24,60층 626㎡(38.6×16.2m)
단일,5 미세조정,60,60,181.0,42,36,37580,400.0,10995,48575,685,7.3,0.025,4.067,14.31,60층 626㎡(43.8×14.3m)
단일,5 미세조정,60,60,181.0,42,37,37580,400.0,10730,48310,684,7.28,0.043,4.062,15.08,60층 626㎡(41.5×15.1m)
단일,5 미세조정,60,60,181.0,42,34,37580,400.0,10730,48310,684,7.28,0.029,4.053,15.08,60층 626㎡(41.5×15.1m)
단일,5 미세조정,60,60,181.0,42,34,37580,400.0,11011,48591,686,7.3,0.053,4.033,14.26,60층 626㎡(43.9×14.3m)
쌍둥이,5 미세조정,60+60,60,181.0,42,33,37580,400.0,14297,51877,702,7.47,0.024,4.002,13.14,60층 298㎡(22.7×13.1m) + 60층 328㎡(23.8×13.8m)
단일,1b 층수·세장비,60,60,181.0,42,44,37580,400.0,11802,49382,690,7.34,0.139,3.949,12.51,60층 626㎡(50.1×12.5m)
단일,5 미세조정,59,59,178.05,42,37,37580,400.0,10590,48170,695,7.4,0.036,4.088,15.36,59층 637㎡(41.5×15.4m)
단일,5 미세조정,59,59,178.05,42,41,37580,400.0,10914,48494,697,7.41,0.054,4.081,14.39,59층 637㎡(44.3×14.4m)
단일,5 미세조정,59,59,178.05,42,36,37580,400.0,10899,48479,697,7.41,0.025,4.065,14.43,59층 637㎡(44.1×14.4m)
단일,5 미세조정,59,59,178.05,42,34,37580,400.0,10590,48170,695,7.4,0.024,4.06,15.36,59층 637㎡(41.5×15.4m)
단일,5 미세조정,59,59,178.05,42,34,37580,400.0,10636,48216,695,7.4,0.021,4.051,15.21,59층 637㎡(41.9×15.2m)
단일,5 미세조정,59,59,178.05,42,34,37580,400.0,10462,48042,694,7.39,0.042,4.049,15.8,59층 637㎡(40.3×15.8m)
단일,5 미세조정,59,59,178.05,42,34,37580,400.0,10718,48298,696,7.4,0.021,4.048,14.95,59층 637㎡(42.6×14.9m)
단일,5 미세조정,59,59,178.05,42,34,37580,400.0,10914,48494,697,7.41,0.032,4.041,14.39,59층 637㎡(44.3×14.4m)
단일,5 미세조정,59,59,178.05,42,34,37580,400.0,11208,48788,698,7.43,0.044,4.038,13.65,59층 637㎡(46.7×13.6m)
단일,5 미세조정,59,59,178.05,42,34,37580,400.0,11275,48855,699,7.44,0.044,4.035,13.49,59층 637㎡(47.2×13.5m)
단일,5 미세조정,59,59,178.05,42,34,37580,400.0,10899,48479,697,7.41,0.054,4.033,14.43,59층 637㎡(44.1×14.4m)
쌍둥이,5 미세조정,59+59,59,178.05,42,33,37580,400.0,14313,51893,714,7.6,0.021,3.996,12.75,59층 303㎡(23.8×12.7m) + 59층 334㎡(25.0×13.4m)
단일,5 미세조정,58,58,175.1,42,36,37580,400.0,10222,47802,705,7.5,0.035,4.084,16.52,58층 648㎡(39.2×16.5m)
단일,5 미세조정,58,58,175.1,42,35,37580,400.0,10222,47802,705,7.5,0.021,4.081,16.52,58층 648㎡(39.2×16.5m)
단일,5 미세조정,58,58,175.1,42,36,37580,400.0,10495,48075,706,7.52,0.022,4.078,15.49,58층 648㎡(41.8×15.5m)
단일,5 미세조정,58,58,175.1,42,35,37580,400.0,10623,48203,707,7.53,0.022,4.077,15.08,58층 648㎡(43.0×15.1m)
단일,5 미세조정,58,58,175.1,42,37,37580,400.0,10541,48121,707,7.52,0.03,4.063,15.34,58층 648㎡(42.2×15.3m)
단일,5 미세조정,58,58,175.1,42,37,37580,400.0,10541,48121,707,7.52,0.039,4.063,15.34,58층 648㎡(42.2×15.3m)
단일,5 미세조정,58,58,175.1,42,37,37580,400.0,10751,48331,708,7.53,0.039,4.061,14.7,58층 648㎡(44.1×14.7m)
단일,5 미세조정,58,58,175.1,42,34,37580,400.0,10495,48075,706,7.52,0.023,4.041,15.49,58층 648㎡(41.8×15.5m)
단일,5 미세조정,58,58,175.1,42,34,37580,400.0,10817,48397,708,7.54,0.023,4.041,14.51,58층 648㎡(44.7×14.5m)
단일,5 미세조정,58,58,175.1,42,33,37580,400.0,11175,48755,710,7.56,0.031,4.034,13.61,58층 648㎡(47.6×13.6m)
단일,5 미세조정,58,58,175.1,42,33,37580,400.0,11260,48840,711,7.56,0.032,4.03,13.42,58층 648㎡(48.3×13.4m)
단일,5 미세조정,58,58,175.1,42,34,37580,400.0,11501,49081,712,7.58,0.032,4.026,12.91,58층 648㎡(50.2×12.9m)
단일,5 미세조정,57,57,172.15,42,36,37580,400.0,10232,47812,717,7.63,0.035,4.084,16.24,57층 659㎡(40.6×16.2m)
단일,5 미세조정,57,57,172.15,42,36,37580,400.0,9926,47506,715,7.61,0.029,4.082,17.61,57층 659㎡(37.4×17.6m)
단일,5 미세조정,57,57,172.15,42,37,37580,400.0,10232,47812,717,7.63,0.04,4.081,16.24,57층 659㎡(40.6×16.2m)
단일,5 미세조정,57,57,172.15,42,34,37580,400.0,10129,47709,717,7.63,0.019,4.08,16.66,57층 659㎡(39.6×16.7m)
단일,5 미세조정,57,57,172.15,42,36,37580,400.0,10856,48436,721,7.67,0.025,4.064,14.26,57층 659㎡(46.2×14.3m)
단일,5 미세조정,57,57,172.15,42,34,37580,400.0,10129,47709,717,7.63,0.026,4.062,16.66,57층 659㎡(39.6×16.7m)
단일,5 미세조정,57,57,172.15,42,36,37580,400.0,10445,48025,718,7.65,0.029,4.062,15.47,57층 659㎡(42.6×15.5m)
단일,5 미세조정,57,57,172.15,42,35,37580,400.0,10445,48025,718,7.65,0.044,4.059,15.47,57층 659㎡(42.6×15.5m)
단일,5 미세조정,57,57,172.15,42,38,37580,400.0,10653,48233,720,7.66,0.048,4.058,14.82,57층 659㎡(44.5×14.8m)
단일,5 미세조정,57,57,172.15,42,38,37580,400.0,10719,48299,720,7.66,0.049,4.058,14.64,57층 659㎡(45.0×14.6m)
단일,5 미세조정,57,57,172.15,42,37,37580,400.0,10719,48299,720,7.66,0.04,4.057,14.64,57층 659㎡(45.0×14.6m)
단일,5 미세조정,57,57,172.15,42,37,37580,400.0,10653,48233,720,7.66,0.045,4.054,14.82,57층 659㎡(44.5×14.8m)
단일,5 미세조정,57,57,172.15,42,34,37580,400.0,10129,47709,717,7.63,0.032,4.052,16.66,57층 659㎡(39.6×16.7m)
단일,5 미세조정,57,57,172.15,42,37,37580,400.0,10719,48299,720,7.66,0.046,4.052,14.64,57층 659㎡(45.0×14.6m)
단일,5 미세조정,57,57,172.15,42,34,37580,400.0,10232,47812,717,7.63,0.036,4.045,16.24,57층 659㎡(40.6×16.2m)
단일,5 미세조정,57,57,172.15,42,33,37580,400.0,11074,48654,722,7.69,0.031,4.033,13.73,57층 659㎡(48.0×13.7m)
단일,5 미세조정,57,57,172.15,42,34,37580,400.0,11397,48977,724,7.71,0.032,4.025,13.02,57층 659㎡(50.6×13.0m)
단일,5 미세조정,56,56,169.2,42,34,37580,400.0,9834,47414,728,7.74,0.031,4.068,17.77,56층 671㎡(37.8×17.8m)
단일,5 미세조정,56,56,169.2,42,36,37580,400.0,10972,48552,734,7.82,0.024,4.057,13.85,56층 671㎡(48.5×13.8m)
단일,5 미세조정,55,55,166.25,42,34,37580,400.0,10655,48235,746,7.94,0.035,4.042,14.52,55층 683㎡(47.1×14.5m)
단일,5 미세조정,55,55,166.25,42,33,37580,400.0,10952,48532,748,7.96,0.032,4.032,13.78,55층 683㎡(49.6×13.8m)
단일,5 미세조정,54,54,163.3,42,36,37580,400.0,9946,47526,755,8.04,0.03,4.078,16.68,54층 696㎡(41.7×16.7m)
단일,5 미세조정,54,54,163.3,42,34,37580,400.0,9648,47228,753,8.02,0.031,4.07,18.1,54층 696㎡(38.5×18.1m)
단일,5 미세조정,54,54,163.3,42,34,37580,400.0,9845,47425,755,8.03,0.026,4.066,17.12,54층 696㎡(40.7×17.1m)
단일,5 미세조정,54,54,163.3,42,36,37580,400.0,9946,47526,755,8.04,0.028,4.066,16.68,54층 696㎡(41.7×16.7m)
단일,5 미세조정,54,54,163.3,42,35,37580,400.0,10356,47936,758,8.07,0.046,4.052,15.23,54층 696㎡(45.7×15.2m)
단일,5 미세조정,54,54,163.3,42,36,37580,400.0,10405,47985,758,8.07,0.046,4.051,15.08,54층 696㎡(46.1×15.1m)
단일,5 미세조정,53,53,160.35,42,35,37580,400.0,9553,47133,767,8.17,0.028,4.084,18.27,53층 709㎡(38.8×18.3m)
단일,5 미세조정,53,53,160.35,42,37,37580,400.0,9849,47429,769,8.19,0.045,4.078,16.84,53층 709㎡(42.1×16.8m)
단일,5 미세조정,53,53,160.35,42,37,37580,400.0,9749,47329,768,8.18,0.049,4.072,17.28,53층 709㎡(41.0×17.3m)
단일,5 미세조정,52,52,157.4,42,37,37580,400.0,9911,47491,784,8.35,0.045,4.076,16.36,52층 723㎡(44.2×16.4m)
단일,5 미세조정,50,50,151.5,42,37,37580,400.0,9493,47073,813,8.65,0.04,4.067,17.61,50층 752㎡(42.7×17.6m)
단일,5 미세조정,49,49,148.55,42,34,37580,400.0,9650,47230,831,8.84,0.029,4.052,16.69,49층 767㎡(46.0×16.7m)
단일,5 미세조정,48,48,145.6,42,34,37580,400.0,9022,46602,844,8.98,0.032,4.078,19.5,48층 783㎡(40.2×19.5m)
단일,5 미세조정,48,48,145.6,42,34,37580,400.0,9101,46681,844,8.98,0.034,4.077,19.01,48층 783㎡(41.2×19.0m)
단일,5 미세조정,48,48,145.6,42,37,37580,400.0,9440,47020,846,9.01,0.053,4.076,17.3,48층 783㎡(45.3×17.3m)
단일,5 미세조정,48,48,145.6,42,34,37580,400.0,9389,46969,846,9.01,0.037,4.07,17.52,48층 783㎡(44.7×17.5m)
단일,5 미세조정,48,48,145.6,42,34,37580,400.0,9200,46780,845,8.99,0.056,4.065,18.44,48층 783㎡(42.4×18.4m)
단일,5 미세조정,48,48,145.6,42,33,37580,400.0,9389,46969,846,9.01,0.027,4.062,17.52,48층 783㎡(44.7×17.5m)
단일,5 미세조정,48,48,145.6,42,34,37580,400.0,9546,47126,847,9.02,0.061,4.054,16.86,48층 783㎡(46.4×16.9m)
단일,5 미세조정,48,48,145.6,42,34,37580,400.0,9737,47317,849,9.03,0.063,4.048,16.15,48층 783㎡(48.5×16.2m)
단일,5 미세조정,47,47,142.65,42,37,37580,400.0,9287,46867,863,9.19,0.053,4.079,17.71,47층 800㎡(45.2×17.7m)
단일,5 미세조정,47,47,142.65,42,38,37580,400.0,9559,47139,865,9.21,0.054,4.064,16.58,47층 800㎡(48.2×16.6m)
단일,5 미세조정,47,47,142.65,42,34,37580,400.0,9337,46917,864,9.19,0.038,4.057,17.48,47층 800㎡(45.7×17.5m)
단일,5 미세조정,46,46,139.7,42,34,37580,400.0,9087,46667,881,9.38,0.036,4.076,18.36,46층 817㎡(44.5×18.4m)
단일,5 미세조정,46,46,139.7,42,34,37580,400.0,9453,47033,883,9.4,0.04,4.066,16.76,46층 817㎡(48.7×16.8m)
단일,5 미세조정,45,45,136.75,42,35,37580,400.0,8722,46302,898,9.56,0.026,4.088,20.14,45층 835㎡(41.5×20.1m)
단일,5 미세조정,45,45,136.75,42,34,37580,400.0,8722,46302,898,9.56,0.05,4.085,20.14,45층 835㎡(41.5×20.1m)
단일,5 미세조정,45,45,136.75,42,37,37580,400.0,8984,46564,900,9.58,0.052,4.084,18.57,45층 835㎡(45.0×18.6m)
단일,5 미세조정,45,45,136.75,42,34,37580,400.0,8895,46475,899,9.57,0.035,4.081,19.05,45층 835㎡(43.8×19.0m)
단일,5 미세조정,45,45,136.75,42,33,37580,400.0,9230,46810,901,9.6,0.028,4.075,17.41,45층 835㎡(48.0×17.4m)
단일,5 미세조정,45,45,136.75,42,34,37580,400.0,8895,46475,899,9.57,0.057,4.07,19.05,45층 835㎡(43.8×19.0m)
단일,5 미세조정,45,45,136.75,42,34,37580,400.0,8984,46564,900,9.58,0.059,4.067,18.57,45층 835㎡(45.0×18.6m)
단일,5 미세조정,44,44,133.8,42,34,37580,400.0,8620,46200,917,9.76,0.051,4.086,20.37,44층 854㎡(41.9×20.4m)
단일,5 미세조정,44,44,133.8,42,33,37580,400.0,8620,46200,917,9.76,0.024,4.085,20.37,44층 854㎡(41.9×20.4m)
단일,5 미세조정,44,44,133.8,42,33,37580,400.0,8972,46552,920,9.79,0.025,4.08,18.3,44층 854㎡(46.7×18.3m)
단일,5 미세조정,44,44,133.8,42,34,37580,400.0,8791,46371,919,9.78,0.046,4.08,19.26,44층 854㎡(44.3×19.3m)
단일,5 미세조정,44,44,133.8,42,34,37580,400.0,8879,46459,919,9.79,0.047,4.077,18.78,44층 854㎡(45.5×18.8m)
단일,5 미세조정,44,44,133.8,42,34,37580,400.0,8972,46552,920,9.79,0.049,4.075,18.3,44층 854㎡(46.7×18.3m)
단일,5 미세조정,44,44,133.8,42,34,37580,400.0,9021,46601,920,9.8,0.049,4.074,18.07,44층 854㎡(47.3×18.1m)
단일,5 미세조정,44,44,133.8,42,34,37580,400.0,9122,46702,921,9.81,0.05,4.071,17.61,44층 854㎡(48.5×17.6m)
단일,5 미세조정,43,43,130.85,42,34,37580,400.0,8686,46266,939,10.0,0.058,4.082,19.49,43층 874㎡(44.8×19.5m)
단일,5 미세조정,43,43,130.85,42,34,37580,400.0,8865,46445,941,10.01,0.049,4.077,18.51,43층 874㎡(47.2×18.5m)
단일,5 미세조정,42,42,127.9,42,34,37580,400.0,8757,46337,962,10.24,0.049,4.08,18.73,42층 895㎡(47.8×18.7m)
단일,1b 층수·세장비,40,40,122.0,42,34,37580,400.0,8502,46082,1008,10.73,0.03,4.091,19.39,40층 940㎡(48.5×19.4m)
단일,5 미세조정,60,60,181.0,43,37,37580,400.0,10684,48264,684,7.28,0.045,4.086,15.23,60층 626㎡(41.1×15.2m)
단일,5 미세조정,60,60,181.0,43,37,37580,400.0,10943,48523,685,7.29,0.039,4.079,14.45,60층 626㎡(43.3×14.4m)
단일,5 미세조정,60,60,181.0,43,34,37580,400.0,10555,48135,683,7.27,0.03,4.041,15.67,60층 626㎡(40.0×15.7m)
단일,5 미세조정,60,60,181.0,43,38,37580,400.0,11707,49287,689,7.34,0.034,4.037,12.69,60층 626㎡(49.3×12.7m)
단일,5 미세조정,60,60,181.0,43,34,37580,400.0,11011,48591,686,7.3,0.042,4.033,14.26,60층 626㎡(43.9×14.3m)
단일,5 미세조정,60,60,181.0,43,34,37580,400.0,11707,49287,689,7.34,0.048,4.018,12.69,60층 626㎡(49.3×12.7m)
쌍둥이,5 미세조정,60+60,60,181.0,43,33,37580,400.0,14211,51791,701,7.46,0.025,3.993,13.48,60층 298㎡(22.1×13.5m) + 60층 328㎡(23.2×14.1m)
단일,5 미세조정,59,59,178.05,43,35,37580,400.0,10718,48298,696,7.4,0.025,4.069,14.95,59층 637㎡(42.6×14.9m)
단일,5 미세조정,59,59,178.05,43,38,37580,400.0,10636,48216,695,7.4,0.056,4.061,15.21,59층 637㎡(41.9×15.2m)
단일,5 미세조정,59,59,178.05,43,38,37580,400.0,10718,48298,696,7.4,0.056,4.06,14.95,59층 637㎡(42.6×14.9m)
단일,5 미세조정,59,59,178.05,43,33,37580,400.0,10899,48479,697,7.41,0.03,4.043,14.43,59층 637㎡(44.1×14.4m)
단일,5 미세조정,59,59,178.05,43,34,37580,400.0,10718,48298,696,7.4,0.024,4.038,14.95,59층 637㎡(42.6×14.9m)
단일,5 미세조정,59,59,178.05,43,34,37580,400.0,10590,48170,695,7.4,0.046,4.038,15.36,59층 637㎡(41.5×15.4m)
단일,5 미세조정,59,59,178.05,43,33,37580,400.0,10847,48427,696,7.41,0.031,4.032,14.57,59층 637㎡(43.7×14.6m)
단일,5 미세조정,59,59,178.05,43,34,37580,400.0,11054,48634,697,7.42,0.044,4.028,14.02,59층 637㎡(45.4×14.0m)
쌍둥이,5 미세조정,59+59,59,178.05,43,33,37580,400.0,14169,51749,713,7.59,0.018,4.01,13.25,59층 303㎡(22.9×13.2m) + 59층 334㎡(24.0×13.9m)
단일,5 미세조정,58,58,175.1,43,35,37580,400.0,10326,47906,705,7.51,0.02,4.081,16.1,58층 648㎡(40.2×16.1m)
단일,5 미세조정,58,58,175.1,43,34,37580,400.0,10017,47597,703,7.49,0.04,4.069,17.46,58층 648㎡(37.1×17.5m)
단일,5 미세조정,58,58,175.1,43,35,37580,400.0,10623,48203,707,7.53,0.025,4.068,15.08,58층 648㎡(43.0×15.1m)
단일,5 미세조정,58,58,175.1,43,35,37580,400.0,10751,48331,708,7.53,0.025,4.066,14.7,58층 648㎡(44.1×14.7m)
단일,5 미세조정,58,58,175.1,43,35,37580,400.0,10368,47948,706,7.51,0.02,4.066,15.94,58층 648㎡(40.6×15.9m)
단일,5 미세조정,58,58,175.1,43,36,37580,400.0,10802,48382,708,7.54,0.025,4.065,14.55,58층 648㎡(44.5×14.6m)
단일,5 미세조정,58,58,175.1,43,34,37580,400.0,10222,47802,705,7.5,0.041,4.053,16.52,58층 648㎡(39.2×16.5m)
단일,5 미세조정,58,58,175.1,43,34,37580,400.0,10541,48121,707,7.52,0.029,4.053,15.34,58층 648㎡(42.2×15.3m)
단일,5 미세조정,58,58,175.1,43,34,37580,400.0,10817,48397,708,7.54,0.043,4.048,14.51,58층 648㎡(44.7×14.5m)
단일,5 미세조정,58,58,175.1,43,33,37580,400.0,10817,48397,708,7.54,0.03,4.043,14.51,58층 648㎡(44.7×14.5m)
단일,5 미세조정,58,58,175.1,43,36,37580,400.0,11501,49081,712,7.58,0.034,4.039,12.91,58층 648㎡(50.2×12.9m)
단일,5 미세조정,58,58,175.1,43,34,37580,400.0,10955,48535,709,7.55,0.033,4.034,14.14,58층 648㎡(45.8×14.1m)
쌍둥이,5 미세조정,58+58,58,175.1,43,34,37580,400.0,14039,51619,725,7.71,0.022,4.004,13.36,58층 309㎡(23.1×13.4m) + 58층 339㎡(24.2×14.0m)
단일,5 미세조정,57,57,172.15,43,35,37580,400.0,10129,47709,717,7.63,0.026,4.088,16.66,57층 659㎡(39.6×16.7m)
단일,5 미세조정,57,57,172.15,43,37,37580,400.0,10400,47980,718,7.64,0.038,4.079,15.63,57층 659㎡(42.2×15.6m)
단일,5 미세조정,57,57,172.15,43,37,37580,400.0,9926,47506,715,7.61,0.045,4.078,17.61,57층 659㎡(37.4×17.6m)
단일,5 미세조정,57,57,172.15,43,37,37580,400.0,10653,48233,720,7.66,0.038,4.078,14.82,57층 659㎡(44.5×14.8m)
단일,5 미세조정,57,57,172.15,43,37,37580,400.0,9926,47506,715,7.61,0.041,4.077,17.61,57층 659㎡(37.4×17.6m)
단일,5 미세조정,57,57,172.15,43,37,37580,400.0,10232,47812,717,7.63,0.038,4.065,16.24,57층 659㎡(40.6×16.2m)
단일,5 미세조정,57,57,172.15,43,37,37580,400.0,10653,48233,720,7.66,0.039,4.058,14.82,57층 659㎡(44.5×14.8m)
단일,5 미세조정,57,57,172.15,43,33,37580,400.0,10526,48106,719,7.65,0.029,4.046,15.21,57층 659㎡(43.3×15.2m)
쌍둥이,5 미세조정,57+57,57,172.15,43,34,37580,400.0,13909,51489,737,7.84,0.022,4.007,13.48,57층 314㎡(23.3×13.5m) + 57층 345㎡(24.4×14.1m)
쌍둥이,5 미세조정,57+57,57,172.15,43,33,37580,400.0,13909,51489,737,7.84,0.022,4.004,13.48,57층 314㎡(23.3×13.5m) + 57층 345㎡(24.4×14.1m)
쌍둥이,5 미세조정,57+57,57,172.15,43,34,37580,400.0,13588,51168,735,7.82,0.029,4.003,15.19,57층 314㎡(20.7×15.2m) + 57층 345㎡(21.7×15.9m)
단일,5 미세조정,56,56,169.2,43,36,37580,400.0,9834,47414,728,7.74,0.029,4.08,17.77,56층 671㎡(37.8×17.8m)
단일,5 미세조정,56,56,169.2,43,36,37580,400.0,10972,48552,734,7.82,0.025,4.077,13.85,56층 671㎡(48.5×13.8m)
단일,5 미세조정,56,56,169.2,43,36,37580,400.0,11293,48873,736,7.84,0.024,4.073,13.14,56층 671㎡(51.1×13.1m)
단일,5 미세조정,56,56,169.2,43,33,37580,400.0,10555,48135,732,7.79,0.03,4.044,14.96,56층 671㎡(44.9×15.0m)
단일,5 미세조정,56,56,169.2,43,34,37580,400.0,10555,48135,732,7.79,0.032,4.043,14.96,56층 671㎡(44.9×15.0m)
단일,5 미세조정,55,55,166.25,43,37,37580,400.0,10520,48100,745,7.93,0.035,4.078,14.9,55층 683㎡(45.9×14.9m)
단일,5 미세조정,55,55,166.25,43,37,37580,400.0,10042,47622,742,7.9,0.052,4.061,16.53,55층 683㎡(41.3×16.5m)
단일,5 미세조정,55,55,166.25,43,34,37580,400.0,10207,47787,743,7.91,0.039,4.053,15.91,55층 683㎡(43.0×15.9m)
단일,5 미세조정,55,55,166.25,43,34,37580,400.0,10251,47831,743,7.91,0.035,4.044,15.75,55층 683㎡(43.4×15.8m)
단일,5 미세조정,55,55,166.25,43,34,37580,400.0,10505,48085,745,7.93,0.037,4.038,14.94,55층 683㎡(45.7×14.9m)
쌍둥이,5 미세조정,55+55,55,166.25,43,33,37580,400.0,13562,51142,761,8.11,0.021,4.009,14.08,55층 325㎡(23.1×14.1m) + 55층 358㎡(24.2×14.8m)
단일,5 미세조정,54,54,163.3,43,34,37580,400.0,9845,47425,755,8.03,0.036,4.066,17.12,54층 696㎡(40.7×17.1m)
단일,5 미세조정,54,54,163.3,43,34,37580,400.0,10356,47936,758,8.07,0.037,4.041,15.23,54층 696㎡(45.7×15.2m)
단일,5 미세조정,54,54,163.3,43,34,37580,400.0,10405,47985,758,8.07,0.037,4.04,15.08,54층 696㎡(46.1×15.1m)
쌍둥이,5 미세조정,54+54,54,163.3,43,33,37580,400.0,13322,50902,774,8.24,0.021,4.015,14.77,54층 331㎡(22.4×14.8m) + 54층 365㎡(23.5×15.5m)
단일,5 미세조정,52,52,157.4,43,34,37580,400.0,9751,47331,783,8.34,0.04,4.065,17.0,52층 723㎡(42.5×17.0m)
단일,5 미세조정,52,52,157.4,43,34,37580,400.0,10153,47733,786,8.36,0.035,4.046,15.52,52층 723㎡(46.6×15.5m)
단일,5 미세조정,52,52,157.4,43,34,37580,400.0,10153,47733,786,8.36,0.025,4.042,15.52,52층 723㎡(46.6×15.5m)
단일,5 미세조정,49,49,148.55,43,34,37580,400.0,9120,46700,827,8.8,0.052,4.068,19.3,49층 767㎡(39.7×19.3m)
단일,5 미세조정,48,48,145.6,43,34,37580,400.0,9101,46681,844,8.98,0.044,4.069,19.01,48층 783㎡(41.2×19.0m)
단일,5 미세조정,48,48,145.6,43,38,37580,400.0,9546,47126,847,9.02,0.063,4.066,16.86,48층 783㎡(46.4×16.9m)
단일,5 미세조정,48,48,145.6,43,34,37580,400.0,9200,46780,845,8.99,0.045,4.066,18.44,48층 783㎡(42.4×18.4m)
단일,5 미세조정,48,48,145.6,43,34,37580,400.0,9101,46681,844,8.98,0.065,4.063,19.01,48층 783㎡(41.2×19.0m)
단일,5 미세조정,48,48,145.6,43,34,37580,400.0,9292,46872,845,9.0,0.068,4.057,17.98,48층 783㎡(43.6×18.0m)
단일,5 미세조정,48,48,145.6,43,34,37580,400.0,9440,47020,846,9.01,0.049,4.056,17.3,48층 783㎡(45.3×17.3m)
단일,5 미세조정,47,47,142.65,43,37,37580,400.0,9287,46867,863,9.19,0.047,4.082,17.71,47층 800㎡(45.2×17.7m)
단일,5 미세조정,47,47,142.65,43,34,37580,400.0,9100,46680,862,9.18,0.035,4.064,18.64,47층 800㎡(42.9×18.6m)
단일,5 미세조정,47,47,142.65,43,34,37580,400.0,9190,46770,863,9.18,0.047,4.062,18.17,47층 800㎡(44.0×18.2m)
단일,5 미세조정,47,47,142.65,43,34,37580,400.0,9287,46867,863,9.19,0.048,4.062,17.71,47층 800㎡(45.2×17.7m)
단일,5 미세조정,47,47,142.65,43,34,37580,400.0,9190,46770,863,9.18,0.069,4.059,18.17,47층 800㎡(44.0×18.2m)
단일,5 미세조정,47,47,142.65,43,34,37580,400.0,9559,47139,865,9.21,0.052,4.052,16.58,47층 800㎡(48.2×16.6m)
단일,5 미세조정,46,46,139.7,43,34,37580,400.0,8900,46480,879,9.36,0.044,4.079,19.41,46층 817㎡(42.1×19.4m)
단일,5 미세조정,46,46,139.7,43,34,37580,400.0,9087,46667,881,9.38,0.025,4.078,18.36,46층 817㎡(44.5×18.4m)
단일,5 미세조정,46,46,139.7,43,34,37580,400.0,8823,46403,879,9.35,0.053,4.072,19.92,46층 817㎡(41.0×19.9m)
단일,5 미세조정,46,46,139.7,43,34,37580,400.0,8900,46480,879,9.36,0.055,4.07,19.41,46층 817㎡(42.1×19.4m)
단일,5 미세조정,46,46,139.7,43,34,37580,400.0,9183,46763,881,9.38,0.049,4.064,17.9,46층 817㎡(45.6×17.9m)
단일,5 미세조정,45,45,136.75,43,37,37580,400.0,8722,46302,898,9.56,0.05,4.089,20.14,45층 835㎡(41.5×20.1m)
단일,5 미세조정,45,45,136.75,43,35,37580,400.0,9078,46658,900,9.58,0.034,4.085,18.1,45층 835㎡(46.1×18.1m)
단일,5 미세조정,45,45,136.75,43,34,37580,400.0,8722,46302,898,9.56,0.043,4.084,20.14,45층 835㎡(41.5×20.1m)
단일,5 미세조정,45,45,136.75,43,34,37580,400.0,8798,46378,898,9.56,0.056,4.08,19.63,45층 835㎡(42.5×19.6m)
단일,5 미세조정,44,44,133.8,43,37,37580,400.0,8879,46459,919,9.79,0.052,4.083,18.78,44층 854㎡(45.5×18.8m)
단일,5 미세조정,44,44,133.8,43,34,37580,400.0,8879,46459,919,9.79,0.048,4.07,18.78,44층 854㎡(45.5×18.8m)
단일,5 미세조정,44,44,133.8,43,34,37580,400.0,8972,46552,920,9.79,0.049,4.069,18.3,44층 854㎡(46.7×18.3m)
단일,5 미세조정,44,44,133.8,43,34,37580,400.0,9021,46601,920,9.8,0.05,4.067,18.07,44층 854㎡(47.3×18.1m)
단일,5 미세조정,44,44,133.8,43,33,37580,400.0,9349,46929,923,9.82,0.031,4.056,16.71,44층 854㎡(51.1×16.7m)
단일,5 미세조정,43,43,130.85,43,35,37580,400.0,9084,46664,942,10.03,0.033,4.084,17.51,43층 874㎡(49.9×17.5m)
단일,5 미세조정,43,43,130.85,43,34,37580,400.0,8686,46266,939,10.0,0.046,4.076,19.49,43층 874㎡(44.8×19.5m)
단일,1b 층수·세장비,60,60,181.0,44,35,37580,400.0,9735,47315,678,7.22,0.03,4.091,20.43,60층 626㎡(30.7×20.4m)
단일,1b 층수·세장비,60,60,181.0,44,37,37580,400.0,10943,48523,685,7.29,0.036,4.086,14.45,60층 626㎡(43.3×14.4m)
단일,1b 층수·세장비,60,60,181.0,44,37,37580,400.0,10096,47676,680,7.24,0.043,4.082,17.7,60층 626㎡(35.4×17.7m)
단일,1b 층수·세장비,60,60,181.0,44,37,37580,400.0,11802,49382,690,7.34,0.033,4.079,12.51,60층 626㎡(50.1×12.5m)
단일,5 미세조정,60,60,181.0,44,36,37580,400.0,11151,48731,686,7.3,0.033,4.047,13.9,60층 626㎡(45.0×13.9m)
단일,5 미세조정,60,60,181.0,44,37,37580,400.0,11707,49287,689,7.34,0.041,4.025,12.69,60층 626㎡(49.3×12.7m)
단일,5 미세조정,60,60,181.0,44,33,37580,400.0,11151,48731,686,7.3,0.031,4.024,13.9,60층 626㎡(45.0×13.9m)
쌍둥이,5 미세조정,60+60,60,181.0,44,33,37580,400.0,14211,51791,701,7.46,0.018,4.006,13.48,60층 298㎡(22.1×13.5m) + 60층 328㎡(23.2×14.1m)
쌍둥이,5 미세조정,60+60,60,181.0,44,33,37580,400.0,14297,51877,702,7.47,0.027,4.004,13.14,60층 298㎡(22.7×13.1m) + 60층 328㎡(23.8×13.8m)
쌍둥이,5 미세조정,60+60,60,181.0,44,33,37580,400.0,14211,51791,701,7.46,0.021,3.999,13.48,60층 298㎡(22.1×13.5m) + 60층 328㎡(23.2×14.1m)
쌍둥이,5 미세조정,60+60,60,181.0,44,33,37580,400.0,14443,52023,703,7.48,0.019,3.994,12.64,60층 298㎡(23.6×12.6m) + 60층 328㎡(24.7×13.3m)
단일,1b 층수·세장비,60,60,181.0,44,35,37580,400.0,10512,48092,683,7.27,0.045,3.98,15.83,60층 626㎡(39.6×15.8m)
단일,5 미세조정,59,59,178.05,44,40,37580,400.0,10899,48479,697,7.41,0.045,4.078,14.43,59층 637㎡(44.1×14.4m)
단일,5 미세조정,59,59,178.05,44,39,37580,400.0,11361,48941,699,7.44,0.044,4.074,13.3,59층 637㎡(47.9×13.3m)
단일,5 미세조정,59,59,178.05,44,38,37580,400.0,11965,49545,703,7.48,0.034,4.067,12.14,59층 637㎡(52.5×12.1m)
단일,5 미세조정,59,59,178.05,44,37,37580,400.0,11361,48941,699,7.44,0.052,4.04,13.3,59층 637㎡(47.9×13.3m)
단일,5 미세조정,59,59,178.05,44,33,37580,400.0,10914,48494,697,7.41,0.03,4.026,14.39,59층 637㎡(44.3×14.4m)
단일,5 미세조정,59,59,178.05,44,37,37580,400.0,11605,49185,701,7.46,0.05,4.023,12.8,59층 637㎡(49.8×12.8m)
쌍둥이,5 미세조정,59+59,59,178.05,44,33,37580,400.0,14313,51893,714,7.6,0.018,3.994,12.75,59층 303㎡(23.8×12.7m) + 59층 334㎡(25.0×13.4m)
단일,5 미세조정,58,58,175.1,44,36,37580,400.0,11260,48840,711,7.56,0.026,4.077,13.42,58층 648㎡(48.3×13.4m)
단일,5 미세조정,58,58,175.1,44,39,37580,400.0,11175,48755,710,7.56,0.045,4.076,13.61,58층 648㎡(47.6×13.6m)
단일,5 미세조정,58,58,175.1,44,38,37580,400.0,10495,48075,706,7.52,0.056,4.061,15.49,58층 648㎡(41.8×15.5m)
단일,5 미세조정,58,58,175.1,44,37,37580,400.0,10326,47906,705,7.51,0.054,4.058,16.1,58층 648㎡(40.2×16.1m)
단일,5 미세조정,58,58,175.1,44,33,37580,400.0,10541,48121,707,7.52,0.029,4.05,15.34,58층 648㎡(42.2×15.3m)
단일,5 미세조정,58,58,175.1,44,33,37580,400.0,10751,48331,708,7.53,0.03,4.043,14.7,58층 648㎡(44.1×14.7m)
단일,5 미세조정,58,58,175.1,44,34,37580,400.0,10817,48397,708,7.54,0.043,4.031,14.51,58층 648㎡(44.7×14.5m)
단일,5 미세조정,58,58,175.1,44,33,37580,400.0,10802,48382,708,7.54,0.03,4.027,14.55,58층 648㎡(44.5×14.6m)
단일,5 미세조정,58,58,175.1,44,33,37580,400.0,11501,49081,712,7.58,0.024,4.024,12.91,58층 648㎡(50.2×12.9m)
단일,5 미세조정,58,58,175.1,44,37,37580,400.0,11501,49081,712,7.58,0.05,4.023,12.91,58층 648㎡(50.2×12.9m)
단일,5 미세조정,58,58,175.1,44,33,37580,400.0,11175,48755,710,7.56,0.032,4.015,13.61,58층 648㎡(47.6×13.6m)
쌍둥이,5 미세조정,58+58,58,175.1,44,33,37580,400.0,14039,51619,725,7.71,0.031,4.001,13.36,58층 309㎡(23.1×13.4m) + 58층 339㎡(24.2×14.0m)
단일,5 미세조정,57,57,172.15,44,38,37580,400.0,10445,48025,718,7.65,0.045,4.079,15.47,57층 659㎡(42.6×15.5m)
단일,5 미세조정,57,57,172.15,44,36,37580,400.0,11158,48738,723,7.69,0.025,4.077,13.53,57층 659㎡(48.7×13.5m)
단일,5 미세조정,57,57,172.15,44,36,37580,400.0,11397,48977,724,7.71,0.025,4.073,13.02,57층 659㎡(50.6×13.0m)
단일,5 미세조정,57,57,172.15,44,33,37580,400.0,10856,48436,721,7.67,0.018,4.029,14.26,57층 659㎡(46.2×14.3m)
단일,5 미세조정,57,57,172.15,44,33,37580,400.0,11007,48587,722,7.68,0.05,4.017,13.88,57층 659㎡(47.5×13.9m)
쌍둥이,5 미세조정,57+57,57,172.15,44,33,37580,400.0,13786,51366,736,7.83,0.03,4.001,14.01,57층 314㎡(22.4×14.0m) + 57층 345㎡(23.5×14.7m)
단일,5 미세조정,56,56,169.2,44,35,37580,400.0,10349,47929,731,7.78,0.026,4.085,15.61,56층 671㎡(43.0×15.6m)
단일,5 미세조정,56,56,169.2,44,37,37580,400.0,11055,48635,735,7.82,0.05,4.029,13.65,56층 671㎡(49.2×13.7m)
단일,5 미세조정,56,56,169.2,44,33,37580,400.0,10755,48335,733,7.8,0.049,4.019,14.39,56층 671㎡(46.6×14.4m)
단일,5 미세조정,56,56,169.2,44,33,37580,400.0,11055,48635,735,7.82,0.051,4.014,13.65,56층 671㎡(49.2×13.7m)
단일,5 미세조정,55,55,166.25,44,34,37580,400.0,10042,47622,742,7.9,0.04,4.062,16.53,55층 683㎡(41.3×16.5m)
단일,5 미세조정,55,55,166.25,44,38,37580,400.0,11535,49115,751,8.0,0.043,4.062,12.58,55층 683㎡(54.3×12.6m)
단일,5 미세조정,55,55,166.25,44,37,37580,400.0,10869,48449,747,7.95,0.053,4.04,13.97,55층 683㎡(48.9×14.0m)
단일,5 미세조정,55,55,166.25,44,37,37580,400.0,10803,48383,747,7.95,0.052,4.039,14.13,55층 683㎡(48.3×14.1m)
단일,5 미세조정,55,55,166.25,44,37,37580,400.0,11187,48767,749,7.97,0.042,4.024,13.26,55층 683㎡(51.5×13.3m)
쌍둥이,5 미세조정,55+55,55,166.25,44,33,37580,400.0,13454,51034,761,8.1,0.02,4.008,14.63,55층 325㎡(22.2×14.6m) + 55층 358㎡(23.3×15.3m)
단일,5 미세조정,54,54,163.3,44,37,37580,400.0,9648,47228,753,8.02,0.048,4.075,18.1,54층 696㎡(38.5×18.1m)
단일,5 미세조정,53,53,160.35,44,37,37580,400.0,9749,47329,768,8.18,0.052,4.063,17.28,53층 709㎡(41.0×17.3m)
단일,5 미세조정,52,52,157.4,44,34,37580,400.0,9751,47331,783,8.34,0.04,4.057,17.0,52층 723㎡(42.5×17.0m)
단일,5 미세조정,50,50,151.5,44,34,37580,400.0,9752,47332,815,8.67,0.049,4.061,16.52,50층 752㎡(45.5×16.5m)
단일,5 미세조정,49,49,148.55,44,34,37580,400.0,9393,46973,829,8.82,0.046,4.056,17.79,49층 767㎡(43.1×17.8m)
단일,5 미세조정,49,49,148.55,44,34,37580,400.0,9393,46973,829,8.82,0.067,4.056,17.79,49층 767㎡(43.1×17.8m)
단일,5 미세조정,49,49,148.55,44,34,37580,400.0,9650,47230,831,8.84,0.05,4.051,16.69,49층 767㎡(46.0×16.7m)
단일,5 미세조정,49,49,148.55,44,34,37580,400.0,9491,47071,830,8.83,0.05,4.042,17.34,49층 767㎡(44.2×17.3m)
단일,5 미세조정,48,48,145.6,44,38,37580,400.0,10200,47780,852,9.07,0.047,4.068,14.75,48층 783㎡(53.1×14.7m)
단일,5 미세조정,46,46,139.7,44,34,37580,400.0,8823,46403,879,9.35,0.064,4.07,19.92,46층 817㎡(41.0×19.9m)
단일,5 미세조정,45,45,136.75,44,33,37580,400.0,8984,46564,900,9.58,0.025,4.068,18.57,45층 835㎡(45.0×18.6m)
단일,5 미세조정,45,45,136.75,44,33,37580,400.0,9302,46882,902,9.6,0.031,4.064,17.12,45층 835㎡(48.8×17.1m)
단일,1b 층수·세장비,45,45,136.75,44,42,37580,400.0,9415,46995,903,9.61,0.103,3.949,16.68,45층 835㎡(50.1×16.7m)
단일,5 미세조정,43,43,130.85,44,34,37580,400.0,8686,46266,939,10.0,0.034,4.073,19.49,43층 874㎡(44.8×19.5m)
단일,5 미세조정,42,42,127.9,44,33,37580,400.0,9082,46662,965,10.27,0.027,4.076,17.27,42층 895㎡(51.8×17.3m)
단일,5 미세조정,42,42,127.9,44,33,37580,400.0,8757,46337,962,10.24,0.026,4.073,18.73,42층 895㎡(47.8×18.7m)
단일,1b 층수·세장비,60,60,181.0,45,34,37580,400.0,9735,47315,678,7.22,0.024,4.07,20.43,60층 626㎡(30.7×20.4m)
단일,5 미세조정,60,60,181.0,45,36,37580,400.0,10684,48264,684,7.28,0.035,4.051,15.23,60층 626㎡(41.1×15.2m)
단일,5 미세조정,60,60,181.0,45,36,37580,400.0,11011,48591,686,7.3,0.033,4.05,14.26,60층 626㎡(43.9×14.3m)
단일,5 미세조정,60,60,181.0,45,37,37580,400.0,11151,48731,686,7.3,0.042,4.046,13.9,60층 626㎡(45.0×13.9m)
단일,5 미세조정,60,60,181.0,45,38,37580,400.0,11375,48955,688,7.32,0.049,4.032,13.38,60층 626㎡(46.8×13.4m)
단일,5 미세조정,60,60,181.0,45,40,37580,400.0,12070,49650,691,7.36,0.06,4.025,12.04,60층 626㎡(52.0×12.0m)
단일,5 미세조정,60,60,181.0,45,33,37580,400.0,11461,49041,688,7.32,0.049,4.013,13.19,60층 626㎡(47.5×13.2m)
단일,1b 층수·세장비,60,60,181.0,45,43,37580,400.0,10943,48523,685,7.29,0.116,3.973,14.45,60층 626㎡(43.3×14.4m)
단일,5 미세조정,59,59,178.05,45,37,37580,400.0,10107,47687,692,7.37,0.044,4.087,17.31,59층 637㎡(36.8×17.3m)
단일,5 미세조정,59,59,178.05,45,38,37580,400.0,11275,48855,699,7.44,0.058,4.051,13.49,59층 637㎡(47.2×13.5m)
단일,5 미세조정,59,59,178.05,45,36,37580,400.0,11054,48634,697,7.42,0.033,4.046,14.02,59층 637㎡(45.4×14.0m)
단일,5 미세조정,59,59,178.05,45,37,37580,400.0,10914,48494,697,7.41,0.051,4.045,14.39,59층 637㎡(44.3×14.4m)
단일,5 미세조정,59,59,178.05,45,37,37580,400.0,10847,48427,696,7.41,0.053,4.044,14.57,59층 637㎡(43.7×14.6m)
단일,5 미세조정,59,59,178.05,45,37,37580,400.0,11275,48855,699,7.44,0.051,4.04,13.49,59층 637㎡(47.2×13.5m)
단일,5 미세조정,59,59,178.05,45,38,37580,400.0,11054,48634,697,7.42,0.048,4.036,14.02,59층 637㎡(45.4×14.0m)
단일,5 미세조정,59,59,178.05,45,33,37580,400.0,11054,48634,697,7.42,0.048,4.02,14.02,59층 637㎡(45.4×14.0m)
단일,5 미세조정,59,59,178.05,45,33,37580,400.0,11605,49185,701,7.46,0.051,4.008,12.8,59층 637㎡(49.8×12.8m)
쌍둥이,5 미세조정,59+59,59,178.05,45,33,37580,400.0,13927,51507,712,7.57,0.035,4.004,14.37,59층 303㎡(21.1×14.4m) + 59층 334㎡(22.1×15.1m)
단일,5 미세조정,58,58,175.1,45,38,37580,400.0,10541,48121,707,7.52,0.036,4.082,15.34,58층 648㎡(42.2×15.3m)
단일,5 미세조정,58,58,175.1,45,36,37580,400.0,10017,47597,703,7.49,0.028,4.08,17.46,58층 648㎡(37.1×17.5m)
단일,5 미세조정,58,58,175.1,45,38,37580,400.0,10368,47948,706,7.51,0.056,4.064,15.94,58층 648㎡(40.6×15.9m)
단일,5 미세조정,58,58,175.1,45,38,37580,400.0,10751,48331,708,7.53,0.057,4.057,14.7,58층 648㎡(44.1×14.7m)
단일,5 미세조정,58,58,175.1,45,38,37580,400.0,11260,48840,711,7.56,0.058,4.048,13.42,58층 648㎡(48.3×13.4m)
단일,5 미세조정,58,58,175.1,45,36,37580,400.0,11501,49081,712,7.58,0.025,4.042,12.91,58층 648㎡(50.2×12.9m)
단일,5 미세조정,58,58,175.1,45,37,37580,400.0,10955,48535,709,7.55,0.051,4.041,14.14,58층 648㎡(45.8×14.1m)
단일,5 미세조정,58,58,175.1,45,34,37580,400.0,10623,48203,707,7.53,0.041,4.038,15.08,58층 648㎡(43.0×15.1m)
단일,5 미세조정,58,58,175.1,45,37,37580,400.0,11260,48840,711,7.56,0.052,4.035,13.42,58층 648㎡(48.3×13.4m)
단일,5 미세조정,58,58,175.1,45,34,37580,400.0,10751,48331,708,7.53,0.051,4.033,14.7,58층 648㎡(44.1×14.7m)
단일,5 미세조정,58,58,175.1,45,37,37580,400.0,11260,48840,711,7.56,0.049,4.031,13.42,58층 648㎡(48.3×13.4m)
쌍둥이,5 미세조정,58+58,58,175.1,45,33,37580,400.0,13915,51495,724,7.71,0.026,4.006,13.89,58층 309㎡(22.2×13.9m) + 58층 339㎡(23.3×14.6m)
쌍둥이,5 미세조정,58+58,58,175.1,45,33,37580,400.0,13800,51380,723,7.7,0.035,4.006,14.49,58층 309㎡(21.3×14.5m) + 58층 339㎡(22.3×15.2m)
쌍둥이,5 미세조정,58+58,58,175.1,45,33,37580,400.0,13915,51495,724,7.71,0.03,4.0,13.89,58층 309㎡(22.2×13.9m) + 58층 339㎡(23.3×14.6m)
쌍둥이,5 미세조정,58+58,58,175.1,45,33,37580,400.0,14039,51619,725,7.71,0.02,3.998,13.36,58층 309㎡(23.1×13.4m) + 58층 339㎡(24.2×14.0m)
쌍둥이,5 미세조정,58+58,58,175.1,45,33,37580,400.0,14039,51619,725,7.71,0.028,3.997,13.36,58층 309㎡(23.1×13.4m) + 58층 339㎡(24.2×14.0m)
단일,5 미세조정,57,57,172.15,45,36,37580,400.0,11007,48587,722,7.68,0.025,4.049,13.88,57층 659㎡(47.5×13.9m)
단일,5 미세조정,57,57,172.15,45,36,37580,400.0,10856,48436,721,7.67,0.033,4.046,14.26,57층 659㎡(46.2×14.3m)
단일,5 미세조정,57,57,172.15,45,38,37580,400.0,11397,48977,724,7.71,0.05,4.045,13.02,57층 659㎡(50.6×13.0m)
단일,5 미세조정,57,57,172.15,45,36,37580,400.0,11074,48654,722,7.69,0.034,4.043,13.73,57층 659㎡(48.0×13.7m)
단일,5 미세조정,57,57,172.15,45,37,37580,400.0,11007,48587,722,7.68,0.049,4.034,13.88,57층 659㎡(47.5×13.9m)
단일,5 미세조정,57,57,172.15,45,37,37580,400.0,11074,48654,722,7.69,0.041,4.033,13.73,57층 659㎡(48.0×13.7m)
단일,5 미세조정,57,57,172.15,45,34,37580,400.0,10856,48436,721,7.67,0.053,4.026,14.26,57층 659㎡(46.2×14.3m)
단일,5 미세조정,57,57,172.15,45,34,37580,400.0,11158,48738,723,7.69,0.047,4.013,13.53,57층 659㎡(48.7×13.5m)
쌍둥이,5 미세조정,57+57,57,172.15,45,33,37580,400.0,13825,51405,736,7.84,0.026,4.008,13.83,57층 314㎡(22.7×13.8m) + 57층 345㎡(23.8×14.5m)
쌍둥이,5 미세조정,57+57,57,172.15,45,34,37580,400.0,13588,51168,735,7.82,0.024,3.998,15.19,57층 314㎡(20.7×15.2m) + 57층 345㎡(21.7×15.9m)
단일,5 미세조정,56,56,169.2,45,38,37580,400.0,11293,48873,736,7.84,0.044,4.066,13.14,56층 671㎡(51.1×13.1m)
단일,5 미세조정,56,56,169.2,45,36,37580,400.0,11293,48873,736,7.84,0.034,4.05,13.14,56층 671㎡(51.1×13.1m)
단일,5 미세조정,56,56,169.2,45,37,37580,400.0,10972,48552,734,7.82,0.041,4.031,13.85,56층 671㎡(48.5×13.8m)
단일,5 미세조정,56,56,169.2,45,38,37580,400.0,11643,49223,738,7.86,0.053,4.031,12.46,56층 671㎡(53.8×12.5m)
단일,5 미세조정,56,56,169.2,45,33,37580,400.0,10605,48185,732,7.79,0.048,4.023,14.81,56층 671㎡(45.3×14.8m)
쌍둥이,5 미세조정,56+56,56,169.2,45,33,37580,400.0,13694,51274,749,7.97,0.026,4.009,13.95,56층 320㎡(22.9×14.0m) + 56층 352㎡(24.0×14.6m)
단일,1b 층수·세장비,55,55,166.25,45,34,37580,400.0,9299,46879,738,7.85,0.042,4.075,21.34,55층 683㎡(32.0×21.3m)
단일,5 미세조정,55,55,166.25,45,38,37580,400.0,10655,48235,746,7.94,0.059,4.052,14.52,55층 683㎡(47.1×14.5m)
단일,5 미세조정,55,55,166.25,45,37,37580,400.0,10207,47787,743,7.91,0.051,4.051,15.91,55층 683㎡(43.0×15.9m)
단일,5 미세조정,55,55,166.25,45,33,37580,400.0,10207,47787,743,7.91,0.028,4.049,15.91,55층 683㎡(43.0×15.9m)
단일,5 미세조정,55,55,166.25,45,37,37580,400.0,10505,48085,745,7.93,0.052,4.046,14.94,55층 683㎡(45.7×14.9m)
단일,5 미세조정,55,55,166.25,45,34,37580,400.0,10455,48035,745,7.93,0.025,4.036,15.09,55층 683㎡(45.3×15.1m)
단일,1b 층수·세장비,55,55,166.25,45,35,37580,400.0,9644,47224,740,7.87,0.031,3.97,18.48,55층 683㎡(37.0×18.5m)
단일,1b 층수·세장비,55,55,166.25,45,35,37580,400.0,10455,48035,745,7.93,0.047,3.968,15.09,55층 683㎡(45.3×15.1m)
쌍둥이,5 미세조정,54+54,54,163.3,45,33,37580,400.0,13322,50902,774,8.24,0.035,4.015,14.77,54층 331㎡(22.4×14.8m) + 54층 365㎡(23.5×15.5m)
쌍둥이,5 미세조정,54+54,54,163.3,45,33,37580,400.0,13391,50971,775,8.24,0.027,4.01,14.39,54층 331㎡(23.0×14.4m) + 54층 365㎡(24.2×15.1m)
단일,5 미세조정,53,53,160.35,45,34,37580,400.0,9749,47329,768,8.18,0.029,4.06,17.28,53층 709㎡(41.0×17.3m)
쌍둥이,5 미세조정,53+53,53,160.35,45,33,37580,400.0,13376,50956,789,8.4,0.019,4.015,13.98,53층 338㎡(24.2×14.0m) + 53층 371㎡(25.3×14.7m)
단일,5 미세조정,52,52,157.4,45,36,37580,400.0,9911,47491,784,8.35,0.041,4.058,16.36,52층 723㎡(44.2×16.4m)
단일,1b 층수·세장비,50,50,151.5,45,35,37580,400.0,8844,46424,809,8.61,0.03,4.095,22.38,50층 752㎡(33.6×22.4m)
단일,5 미세조정,50,50,151.5,45,34,37580,400.0,9298,46878,812,8.64,0.028,4.075,18.62,50층 752㎡(40.4×18.6m)
단일,1b 층수·세장비,50,50,151.5,45,35,37580,400.0,9947,47527,816,8.68,0.041,3.963,15.83,50층 752㎡(47.5×15.8m)
단일,5 미세조정,49,49,148.55,45,37,37580,400.0,9300,46880,828,8.82,0.054,4.083,18.26,49층 767㎡(42.0×18.3m)
단일,5 미세조정,49,49,148.55,45,38,37580,400.0,9770,47350,831,8.85,0.064,4.059,16.24,49층 767㎡(47.2×16.2m)
단일,5 미세조정,48,48,145.6,45,36,37580,400.0,9621,47201,848,9.02,0.047,4.077,16.57,48층 783㎡(47.2×16.6m)
단일,5 미세조정,48,48,145.6,45,34,37580,400.0,9621,47201,848,9.02,0.053,4.056,16.57,48층 783㎡(47.2×16.6m)
단일,5 미세조정,48,48,145.6,45,38,37580,400.0,9737,47317,849,9.03,0.065,4.049,16.15,48층 783㎡(48.5×16.2m)
단일,5 미세조정,47,47,142.65,45,34,37580,400.0,8923,46503,861,9.16,0.031,4.071,19.71,47층 800㎡(40.6×19.7m)
단일,5 미세조정,47,47,142.65,45,33,37580,400.0,9190,46770,863,9.18,0.039,4.064,18.17,47층 800㎡(44.0×18.2m)
단일,5 미세조정,47,47,142.65,45,33,37580,400.0,9287,46867,863,9.19,0.04,4.062,17.71,47층 800㎡(45.2×17.7m)
단일,5 미세조정,47,47,142.65,45,33,37580,400.0,9337,46917,864,9.19,0.041,4.061,17.48,47층 800㎡(45.7×17.5m)
단일,5 미세조정,47,47,142.65,45,33,37580,400.0,9815,47395,867,9.23,0.045,4.051,15.71,47층 800㎡(50.9×15.7m)
단일,5 미세조정,47,47,142.65,45,36,37580,400.0,10089,47669,869,9.25,0.058,4.039,14.9,47층 800㎡(53.7×14.9m)
단일,5 미세조정,46,46,139.7,45,36,37580,400.0,9183,46763,881,9.38,0.045,4.074,17.9,46층 817㎡(45.6×17.9m)
단일,1b 층수·세장비,45,45,136.75,45,42,37580,400.0,10158,47738,908,9.67,0.117,3.924,14.45,45층 835㎡(57.8×14.4m)
단일,5 미세조정,60,60,181.0,46,38,37580,400.0,11011,48591,686,7.3,0.043,4.068,14.26,60층 626㎡(43.9×14.3m)
단일,5 미세조정,60,60,181.0,46,41,37580,400.0,11307,48887,687,7.31,0.052,4.062,13.53,60층 626㎡(46.3×13.5m)
단일,5 미세조정,60,60,181.0,46,39,37580,400.0,11461,49041,688,7.32,0.043,4.06,13.19,60층 626㎡(47.5×13.2m)
단일,5 미세조정,60,60,181.0,46,38,37580,400.0,10730,48310,684,7.28,0.05,4.052,15.08,60층 626㎡(41.5×15.1m)
단일,5 미세조정,60,60,181.0,46,37,37580,400.0,11151,48731,686,7.3,0.039,4.04,13.9,60층 626㎡(45.0×13.9m)
단일,1b 층수·세장비,60,60,181.0,46,35,37580,400.0,10943,48523,685,7.29,0.063,3.98,14.45,60층 626㎡(43.3×14.4m)
단일,1b 층수·세장비,60,60,181.0,46,35,37580,400.0,10943,48523,685,7.29,0.055,3.979,14.45,60층 626㎡(43.3×14.4m)
단일,1b 층수·세장비,60,60,181.0,46,35,37580,400.0,10943,48523,685,7.29,0.021,3.974,14.45,60층 626㎡(43.3×14.4m)
단일,1b 층수·세장비,60,60,181.0,46,42,37580,400.0,11802,49382,690,7.34,0.083,3.965,12.51,60층 626㎡(50.1×12.5m)
단일,1b 층수·세장비,60,60,181.0,46,35,37580,400.0,11802,49382,690,7.34,0.09,3.961,12.51,60층 626㎡(50.1×12.5m)
단일,5 미세조정,59,59,178.05,46,39,37580,400.0,11054,48634,697,7.42,0.043,4.065,14.02,59층 637㎡(45.4×14.0m)
단일,5 미세조정,59,59,178.05,46,36,37580,400.0,10899,48479,697,7.41,0.034,4.065,14.43,59층 637㎡(44.1×14.4m)
단일,5 미세조정,59,59,178.05,46,39,37580,400.0,11361,48941,699,7.44,0.06,4.037,13.3,59층 637㎡(47.9×13.3m)
단일,5 미세조정,59,59,178.05,46,34,37580,400.0,11605,49185,701,7.46,0.039,4.003,12.8,59층 637㎡(49.8×12.8m)
쌍둥이,5 미세조정,59+59,59,178.05,46,34,37580,400.0,13927,51507,712,7.57,0.026,3.997,14.37,59층 303㎡(21.1×14.4m) + 59층 334㎡(22.1×15.1m)
단일,5 미세조정,58,58,175.1,46,35,37580,400.0,10541,48121,707,7.52,0.026,4.085,15.34,58층 648㎡(42.2×15.3m)
단일,5 미세조정,58,58,175.1,46,38,37580,400.0,10222,47802,705,7.5,0.046,4.067,16.52,58층 648㎡(39.2×16.5m)
단일,5 미세조정,58,58,175.1,46,37,37580,400.0,10751,48331,708,7.53,0.043,4.066,14.7,58층 648㎡(44.1×14.7m)
단일,5 미세조정,58,58,175.1,46,39,37580,400.0,10955,48535,709,7.55,0.043,4.064,14.14,58층 648㎡(45.8×14.1m)
단일,5 미세조정,58,58,175.1,46,36,37580,400.0,10495,48075,706,7.52,0.036,4.062,15.49,58층 648㎡(41.8×15.5m)
단일,5 미세조정,58,58,175.1,46,40,37580,400.0,11108,48688,710,7.55,0.052,4.059,13.76,58층 648㎡(47.1×13.8m)
단일,5 미세조정,58,58,175.1,46,36,37580,400.0,10751,48331,708,7.53,0.037,4.058,14.7,58층 648㎡(44.1×14.7m)
단일,5 미세조정,58,58,175.1,46,40,37580,400.0,11175,48755,710,7.56,0.052,4.058,13.61,58층 648㎡(47.6×13.6m)
단일,5 미세조정,58,58,175.1,46,33,37580,400.0,10326,47906,705,7.51,0.027,4.056,16.1,58층 648㎡(40.2×16.1m)
단일,5 미세조정,58,58,175.1,46,36,37580,400.0,11175,48755,710,7.56,0.034,4.056,13.61,58층 648㎡(47.6×13.6m)
단일,5 미세조정,58,58,175.1,46,37,37580,400.0,10955,48535,709,7.55,0.04,4.038,14.14,58층 648㎡(45.8×14.1m)
단일,5 미세조정,58,58,175.1,46,37,37580,400.0,11260,48840,711,7.56,0.041,4.03,13.42,58층 648㎡(48.3×13.4m)
단일,5 미세조정,57,57,172.15,46,36,37580,400.0,10400,47980,718,7.64,0.033,4.067,15.63,57층 659㎡(42.2×15.6m)
단일,5 미세조정,57,57,172.15,46,36,37580,400.0,10653,48233,720,7.66,0.034,4.064,14.82,57층 659㎡(44.5×14.8m)
단일,5 미세조정,57,57,172.15,46,38,37580,400.0,10653,48233,720,7.66,0.046,4.058,14.82,57층 659㎡(44.5×14.8m)
단일,5 미세조정,57,57,172.15,46,36,37580,400.0,10129,47709,717,7.63,0.04,4.056,16.66,57층 659㎡(39.6×16.7m)
단일,5 미세조정,57,57,172.15,46,39,37580,400.0,11158,48738,723,7.69,0.043,4.056,13.53,57층 659㎡(48.7×13.5m)
단일,5 미세조정,57,57,172.15,46,36,37580,400.0,11007,48587,722,7.68,0.034,4.056,13.88,57층 659㎡(47.5×13.9m)
단일,5 미세조정,57,57,172.15,46,36,37580,400.0,11158,48738,723,7.69,0.034,4.054,13.53,57층 659㎡(48.7×13.5m)
단일,5 미세조정,57,57,172.15,46,37,37580,400.0,10653,48233,720,7.66,0.042,4.048,14.82,57층 659㎡(44.5×14.8m)
단일,5 미세조정,57,57,172.15,46,34,37580,400.0,10400,47980,718,7.64,0.041,4.04,15.63,57층 659㎡(42.2×15.6m)
단일,5 미세조정,57,57,172.15,46,34,37580,400.0,10526,48106,719,7.65,0.051,4.036,15.21,57층 659㎡(43.3×15.2m)
단일,5 미세조정,57,57,172.15,46,33,37580,400.0,11074,48654,722,7.69,0.022,4.031,13.73,57층 659㎡(48.0×13.7m)
단일,5 미세조정,57,57,172.15,46,33,37580,400.0,11074,48654,722,7.69,0.028,4.019,13.73,57층 659㎡(48.0×13.7m)
쌍둥이,5 미세조정,57+57,57,172.15,46,33,37580,400.0,13671,51251,735,7.83,0.025,4.006,14.62,57층 314㎡(21.5×14.6m) + 57층 345㎡(22.5×15.3m)
쌍둥이,5 미세조정,57+57,57,172.15,46,33,37580,400.0,13588,51168,735,7.82,0.018,4.001,15.19,57층 314㎡(20.7×15.2m) + 57층 345㎡(21.7×15.9m)
단일,5 미세조정,56,56,169.2,46,36,37580,400.0,10555,48135,732,7.79,0.043,4.064,14.96,56층 671㎡(44.9×15.0m)
단일,5 미세조정,56,56,169.2,46,38,37580,400.0,10035,47615,729,7.76,0.056,4.062,16.81,56층 671㎡(39.9×16.8m)
단일,5 미세조정,56,56,169.2,46,36,37580,400.0,10555,48135,732,7.79,0.034,4.061,14.96,56층 671㎡(44.9×15.0m)
단일,5 미세조정,56,56,169.2,46,37,37580,400.0,11293,48873,736,7.84,0.053,4.033,13.14,56층 671㎡(51.1×13.1m)
단일,5 미세조정,56,56,169.2,46,37,37580,400.0,11643,49223,738,7.86,0.044,4.032,12.46,56층 671㎡(53.8×12.5m)
단일,5 미세조정,55,55,166.25,46,38,37580,400.0,10207,47787,743,7.91,0.057,4.063,15.91,55층 683㎡(43.0×15.9m)
단일,5 미세조정,55,55,166.25,46,35,37580,400.0,10655,48235,746,7.94,0.024,4.062,14.52,55층 683㎡(47.1×14.5m)
단일,5 미세조정,55,55,166.25,46,36,37580,400.0,10207,47787,743,7.91,0.041,4.053,15.91,55층 683㎡(43.0×15.9m)
단일,5 미세조정,55,55,166.25,46,36,37580,400.0,10455,48035,745,7.93,0.033,4.05,15.09,55층 683㎡(45.3×15.1m)
단일,5 미세조정,55,55,166.25,46,37,37580,400.0,10655,48235,746,7.94,0.043,4.047,14.52,55층 683㎡(47.1×14.5m)
쌍둥이,5 미세조정,55+55,55,166.25,46,33,37580,400.0,13645,51225,762,8.11,0.026,4.005,13.72,55층 325㎡(23.7×13.7m) + 55층 358㎡(24.9×14.4m)
쌍둥이,5 미세조정,55+55,55,166.25,46,33,37580,400.0,13645,51225,762,8.11,0.029,4.004,13.72,55층 325㎡(23.7×13.7m) + 55층 358㎡(24.9×14.4m)
단일,1b 층수·세장비,55,55,166.25,46,35,37580,400.0,9644,47224,740,7.87,0.043,3.97,18.48,55층 683㎡(37.0×18.5m)
단일,5 미세조정,54,54,163.3,46,36,37580,400.0,10356,47936,758,8.07,0.033,4.062,15.23,54층 696㎡(45.7×15.2m)
단일,5 미세조정,54,54,163.3,46,36,37580,400.0,11080,48660,762,8.11,0.041,4.041,13.38,54층 696㎡(52.0×13.4m)
단일,5 미세조정,53,53,160.35,46,33,37580,400.0,9849,47429,769,8.19,0.036,4.043,16.84,53층 709㎡(42.1×16.8m)
단일,5 미세조정,52,52,157.4,46,36,37580,400.0,9652,47232,783,8.33,0.027,4.074,17.44,52층 723㎡(41.4×17.4m)
단일,5 미세조정,52,52,157.4,46,36,37580,400.0,9751,47331,783,8.34,0.032,4.069,17.0,52층 723㎡(42.5×17.0m)
단일,5 미세조정,52,52,157.4,46,34,37580,400.0,9458,47038,781,8.32,0.045,4.064,18.44,52층 723㎡(39.2×18.4m)
단일,5 미세조정,52,52,157.4,46,33,37580,400.0,9911,47491,784,8.35,0.038,4.053,16.36,52층 723㎡(44.2×16.4m)
단일,5 미세조정,50,50,151.5,46,34,37580,400.0,9493,47073,813,8.65,0.056,4.059,17.61,50층 752㎡(42.7×17.6m)
단일,1b 층수·세장비,50,50,151.5,46,33,37580,400.0,9553,47133,813,8.66,0.028,4.051,17.34,50층 752㎡(43.3×17.3m)
단일,5 미세조정,50,50,151.5,46,34,37580,400.0,9592,47172,814,8.66,0.057,4.051,17.17,50층 752㎡(43.8×17.2m)
단일,1b 층수·세장비,50,50,151.5,46,35,37580,400.0,9174,46754,811,8.63,0.038,3.958,19.39,50층 752㎡(38.8×19.4m)
단일,5 미세조정,49,49,148.55,46,34,37580,400.0,9393,46973,829,8.82,0.06,4.048,17.79,49층 767㎡(43.1×17.8m)
단일,5 미세조정,48,48,145.6,46,40,37580,400.0,9923,47503,850,9.05,0.058,4.072,15.54,48층 783㎡(50.4×15.5m)
단일,5 미세조정,48,48,145.6,46,38,37580,400.0,9621,47201,848,9.02,0.057,4.066,16.57,48층 783㎡(47.2×16.6m)
단일,5 미세조정,48,48,145.6,46,34,37580,400.0,9440,47020,846,9.01,0.062,4.046,17.3,48층 783㎡(45.3×17.3m)
단일,5 미세조정,47,47,142.65,46,40,37580,400.0,9631,47211,866,9.22,0.068,4.062,16.33,47층 800㎡(49.0×16.3m)
단일,5 미세조정,47,47,142.65,46,34,37580,400.0,9337,46917,864,9.19,0.063,4.047,17.48,47층 800㎡(45.7×17.5m)
단일,5 미세조정,46,46,139.7,46,37,37580,400.0,9523,47103,884,9.41,0.046,4.063,16.5,46층 817㎡(49.5×16.5m)
단일,5 미세조정,46,46,139.7,46,37,37580,400.0,9409,46989,883,9.4,0.068,4.056,16.93,46층 817㎡(48.3×16.9m)
단일,5 미세조정,46,46,139.7,46,34,37580,400.0,9087,46667,881,9.38,0.061,4.053,18.36,46층 817㎡(44.5×18.4m)
단일,5 미세조정,45,45,136.75,46,37,37580,400.0,8722,46302,898,9.56,0.061,4.085,20.14,45층 835㎡(41.5×20.1m)
단일,5 미세조정,45,45,136.75,46,34,37580,400.0,8798,46378,898,9.56,0.043,4.075,19.63,45층 835㎡(42.5×19.6m)
단일,5 미세조정,45,45,136.75,46,37,37580,400.0,9078,46658,900,9.58,0.056,4.074,18.1,45층 835㎡(46.1×18.1m)
단일,5 미세조정,45,45,136.75,46,33,37580,400.0,8895,46475,899,9.57,0.038,4.071,19.05,45층 835㎡(43.8×19.0m)
단일,5 미세조정,45,45,136.75,46,39,37580,400.0,9302,46882,902,9.6,0.069,4.069,17.12,45층 835㎡(48.8×17.1m)
단일,5 미세조정,45,45,136.75,46,33,37580,400.0,8984,46564,900,9.58,0.039,4.069,18.57,45층 835㎡(45.0×18.6m)
단일,5 미세조정,44,44,133.8,46,38,37580,400.0,9194,46774,922,9.81,0.069,4.067,17.31,44층 854㎡(49.3×17.3m)
단일,5 미세조정,44,44,133.8,46,33,37580,400.0,9122,46702,921,9.81,0.042,4.064,17.61,44층 854㎡(48.5×17.6m)
단일,5 미세조정,44,44,133.8,46,33,37580,400.0,9349,46929,923,9.82,0.044,4.058,16.71,44층 854㎡(51.1×16.7m)
단일,5 미세조정,43,43,130.85,46,37,37580,400.0,8865,46445,941,10.01,0.052,4.077,18.51,43층 874㎡(47.2×18.5m)
단일,5 미세조정,43,43,130.85,46,36,37580,400.0,9370,46950,945,10.05,0.034,4.075,16.42,43층 874㎡(53.2×16.4m)
단일,5 미세조정,43,43,130.85,46,34,37580,400.0,8913,46493,941,10.02,0.062,4.066,18.28,43층 874㎡(47.8×18.3m)
단일,5 미세조정,43,43,130.85,46,33,37580,400.0,9370,46950,945,10.05,0.045,4.054,16.42,43층 874㎡(53.2×16.4m)
단일,5 미세조정,42,42,127.9,46,35,37580,400.0,8757,46337,962,10.24,0.039,4.084,18.73,42층 895㎡(47.8×18.7m)
단일,5 미세조정,42,42,127.9,46,37,37580,400.0,8757,46337,962,10.24,0.052,4.082,18.73,42층 895㎡(47.8×18.7m)
단일,1b 층수·세장비,40,40,122.0,46,43,37580,400.0,8502,46082,1008,10.73,0.211,3.935,19.39,40층 940㎡(48.5×19.4m)
단일,5 미세조정,60,60,181.0,47,37,37580,400.0,10555,48135,683,7.27,0.042,4.072,15.67,60층 626㎡(40.0×15.7m)
단일,5 미세조정,60,60,181.0,47,40,37580,400.0,10730,48310,684,7.28,0.051,4.069,15.08,60층 626㎡(41.5×15.1m)
단일,5 미세조정,60,60,181.0,47,39,37580,400.0,10512,48092,683,7.27,0.053,4.065,15.83,60층 626㎡(39.6×15.8m)
단일,1b 층수·세장비,60,60,181.0,47,34,37580,400.0,9735,47315,678,7.22,0.032,4.062,20.43,60층 626㎡(30.7×20.4m)
단일,5 미세조정,60,60,181.0,47,38,37580,400.0,10512,48092,683,7.27,0.051,4.05,15.83,60층 626㎡(39.6×15.8m)
단일,5 미세조정,60,60,181.0,47,38,37580,400.0,10995,48575,685,7.3,0.047,4.039,14.31,60층 626㎡(43.8×14.3m)
단일,5 미세조정,60,60,181.0,47,34,37580,400.0,11151,48731,686,7.3,0.035,4.025,13.9,60층 626㎡(45.0×13.9m)
단일,1b 층수·세장비,60,60,181.0,47,37,37580,400.0,10943,48523,685,7.29,0.027,3.976,14.45,60층 626㎡(43.3×14.4m)
단일,1b 층수·세장비,60,60,181.0,47,36,37580,400.0,11802,49382,690,7.34,0.023,3.962,12.51,60층 626㎡(50.1×12.5m)
단일,1b 층수·세장비,60,60,181.0,47,35,37580,400.0,9735,47315,678,7.22,0.044,3.959,20.43,60층 626㎡(30.7×20.4m)
단일,5 미세조정,59,59,178.05,47,38,37580,400.0,10419,47999,694,7.38,0.049,4.063,15.96,59층 637㎡(39.9×16.0m)
단일,5 미세조정,59,59,178.05,47,36,37580,400.0,10419,47999,694,7.38,0.034,4.054,15.96,59층 637㎡(39.9×16.0m)
단일,5 미세조정,59,59,178.05,47,34,37580,400.0,10636,48216,695,7.4,0.049,4.042,15.21,59층 637㎡(41.9×15.2m)
단일,5 미세조정,59,59,178.05,47,34,37580,400.0,10462,48042,694,7.39,0.033,4.035,15.8,59층 637㎡(40.3×15.8m)
단일,5 미세조정,59,59,178.05,47,33,37580,400.0,10914,48494,697,7.41,0.028,4.021,14.39,59층 637㎡(44.3×14.4m)
단일,5 미세조정,59,59,178.05,47,33,37580,400.0,11361,48941,699,7.44,0.028,4.013,13.3,59층 637㎡(47.9×13.3m)
단일,5 미세조정,59,59,178.05,47,33,37580,400.0,11275,48855,699,7.44,0.03,4.007,13.49,59층 637㎡(47.2×13.5m)
단일,5 미세조정,58,58,175.1,47,34,37580,400.0,10017,47597,703,7.49,0.039,4.064,17.46,58층 648㎡(37.1×17.5m)
단일,5 미세조정,58,58,175.1,47,38,37580,400.0,10222,47802,705,7.5,0.044,4.063,16.52,58층 648㎡(39.2×16.5m)
단일,5 미세조정,58,58,175.1,47,41,37580,400.0,10955,48535,709,7.55,0.052,4.061,14.14,58층 648㎡(45.8×14.1m)
단일,5 미세조정,58,58,175.1,47,34,37580,400.0,10751,48331,708,7.53,0.025,4.034,14.7,58층 648㎡(44.1×14.7m)
단일,5 미세조정,58,58,175.1,47,33,37580,400.0,10541,48121,707,7.52,0.037,4.032,15.34,58층 648㎡(42.2×15.3m)
단일,5 미세조정,58,58,175.1,47,34,37580,400.0,10955,48535,709,7.55,0.027,4.026,14.14,58층 648㎡(45.8×14.1m)
단일,5 미세조정,58,58,175.1,47,33,37580,400.0,10817,48397,708,7.54,0.039,4.023,14.51,58층 648㎡(44.7×14.5m)
단일,5 미세조정,58,58,175.1,47,33,37580,400.0,10751,48331,708,7.53,0.042,4.02,14.7,58층 648㎡(44.1×14.7m)
단일,5 미세조정,58,58,175.1,47,33,37580,400.0,10955,48535,709,7.55,0.04,4.018,14.14,58층 648㎡(45.8×14.1m)
단일,5 미세조정,58,58,175.1,47,33,37580,400.0,11260,48840,711,7.56,0.029,4.015,13.42,58층 648㎡(48.3×13.4m)
단일,5 미세조정,58,58,175.1,47,33,37580,400.0,11175,48755,710,7.56,0.041,4.012,13.61,58층 648㎡(47.6×13.6m)
단일,5 미세조정,58,58,175.1,47,33,37580,400.0,11501,49081,712,7.58,0.03,4.007,12.91,58층 648㎡(50.2×12.9m)
단일,5 미세조정,58,58,175.1,47,33,37580,400.0,11859,49439,714,7.6,0.044,3.999,12.25,58층 648㎡(52.9×12.2m)
쌍둥이,5 미세조정,58+58,58,175.1,47,33,37580,400.0,13843,51423,723,7.7,0.024,3.994,14.25,58층 309㎡(21.7×14.2m) + 58층 339㎡(22.7×14.9m)
단일,5 미세조정,57,57,172.15,47,36,37580,400.0,10232,47812,717,7.63,0.033,4.069,16.24,57층 659㎡(40.6×16.2m)
단일,5 미세조정,57,57,172.15,47,37,37580,400.0,9926,47506,715,7.61,0.041,4.068,17.61,57층 659㎡(37.4×17.6m)
단일,5 미세조정,57,57,172.15,47,36,37580,400.0,10445,48025,718,7.65,0.043,4.066,15.47,57층 659㎡(42.6×15.5m)
단일,5 미세조정,57,57,172.15,47,37,37580,400.0,10129,47709,717,7.63,0.046,4.065,16.66,57층 659㎡(39.6×16.7m)
단일,5 미세조정,57,57,172.15,47,37,37580,400.0,10400,47980,718,7.64,0.043,4.064,15.63,57층 659㎡(42.2×15.6m)
단일,5 미세조정,57,57,172.15,47,39,37580,400.0,10232,47812,717,7.63,0.054,4.061,16.24,57층 659㎡(40.6×16.2m)
단일,5 미세조정,57,57,172.15,47,36,37580,400.0,10653,48233,720,7.66,0.037,4.055,14.82,57층 659㎡(44.5×14.8m)
단일,5 미세조정,57,57,172.15,47,34,37580,400.0,10129,47709,717,7.63,0.047,4.051,16.66,57층 659㎡(39.6×16.7m)
단일,5 미세조정,57,57,172.15,47,34,37580,400.0,10129,47709,717,7.63,0.038,4.047,16.66,57층 659㎡(39.6×16.7m)
단일,5 미세조정,57,57,172.15,47,33,37580,400.0,10400,47980,718,7.64,0.031,4.044,15.63,57층 659㎡(42.2×15.6m)
단일,5 미세조정,57,57,172.15,47,40,37580,400.0,11751,49331,726,7.73,0.052,4.044,12.35,57층 659㎡(53.4×12.4m)
단일,5 미세조정,57,57,172.15,47,34,37580,400.0,10445,48025,718,7.65,0.05,4.039,15.47,57층 659㎡(42.6×15.5m)
단일,5 미세조정,57,57,172.15,47,34,37580,400.0,10400,47980,718,7.64,0.052,4.038,15.63,57층 659㎡(42.2×15.6m)
단일,5 미세조정,57,57,172.15,47,33,37580,400.0,10274,47854,717,7.64,0.036,4.037,16.08,57층 659㎡(41.0×16.1m)
단일,5 미세조정,57,57,172.15,47,33,37580,400.0,10445,48025,718,7.65,0.037,4.033,15.47,57층 659㎡(42.6×15.5m)
단일,5 미세조정,57,57,172.15,47,34,37580,400.0,10653,48233,720,7.66,0.034,4.032,14.82,57층 659㎡(44.5×14.8m)
단일,5 미세조정,57,57,172.15,47,34,37580,400.0,10856,48436,721,7.67,0.027,4.025,14.26,57층 659㎡(46.2×14.3m)
단일,5 미세조정,57,57,172.15,47,33,37580,400.0,10704,48284,720,7.66,0.039,4.023,14.68,57층 659㎡(44.9×14.7m)
단일,5 미세조정,57,57,172.15,47,33,37580,400.0,10856,48436,721,7.67,0.04,4.018,14.26,57층 659㎡(46.2×14.3m)
쌍둥이,5 미세조정,57+57,57,172.15,47,33,37580,400.0,13588,51168,735,7.82,0.024,4.005,15.19,57층 314㎡(20.7×15.2m) + 57층 345㎡(21.7×15.9m)
쌍둥이,5 미세조정,57+57,57,172.15,47,33,37580,400.0,13786,51366,736,7.83,0.025,3.997,14.01,57층 314㎡(22.4×14.0m) + 57층 345㎡(23.5×14.7m)
쌍둥이,5 미세조정,57+57,57,172.15,47,33,37580,400.0,13909,51489,737,7.84,0.034,3.992,13.48,57층 314㎡(23.3×13.5m) + 57층 345㎡(24.4×14.1m)
단일,5 미세조정,56,56,169.2,47,36,37580,400.0,10138,47718,729,7.76,0.033,4.069,16.38,56층 671㎡(41.0×16.4m)
단일,5 미세조정,56,56,169.2,47,38,37580,400.0,10138,47718,729,7.76,0.052,4.063,16.38,56층 671㎡(41.0×16.4m)
단일,5 미세조정,56,56,169.2,47,40,37580,400.0,10304,47884,730,7.77,0.052,4.063,15.77,56층 671㎡(42.6×15.8m)
단일,5 미세조정,56,56,169.2,47,38,37580,400.0,10972,48552,734,7.82,0.05,4.048,13.85,56층 671㎡(48.5×13.8m)
단일,5 미세조정,56,56,169.2,47,38,37580,400.0,10304,47884,730,7.77,0.047,4.044,15.77,56층 671㎡(42.6×15.8m)
단일,5 미세조정,56,56,169.2,47,34,37580,400.0,10304,47884,730,7.77,0.05,4.04,15.77,56층 671㎡(42.6×15.8m)
단일,5 미세조정,56,56,169.2,47,34,37580,400.0,10349,47929,731,7.78,0.053,4.039,15.61,56층 671㎡(43.0×15.6m)
단일,5 미세조정,56,56,169.2,47,33,37580,400.0,11055,48635,735,7.82,0.033,4.014,13.65,56층 671㎡(49.2×13.7m)
쌍둥이,5 미세조정,56+56,56,169.2,47,33,37580,400.0,13542,51122,748,7.96,0.026,4.001,14.75,56층 320㎡(21.7×14.8m) + 56층 352㎡(22.7×15.5m)
단일,5 미세조정,55,55,166.25,47,35,37580,400.0,10251,47831,743,7.91,0.024,4.068,15.75,55층 683㎡(43.4×15.8m)
단일,5 미세조정,55,55,166.25,47,35,37580,400.0,10455,48035,745,7.93,0.024,4.067,15.09,55층 683㎡(45.3×15.1m)
단일,5 미세조정,55,55,166.25,47,38,37580,400.0,9741,47321,740,7.88,0.05,4.064,17.93,55층 683㎡(38.1×17.9m)
단일,1b 층수·세장비,55,55,166.25,47,37,37580,400.0,10042,47622,742,7.9,0.048,4.062,16.53,55층 683㎡(41.3×16.5m)
단일,5 미세조정,55,55,166.25,47,40,37580,400.0,10455,48035,745,7.93,0.053,4.059,15.09,55층 683㎡(45.3×15.1m)
단일,5 미세조정,55,55,166.25,47,39,37580,400.0,10803,48383,747,7.95,0.053,4.056,14.13,55층 683㎡(48.3×14.1m)
단일,5 미세조정,55,55,166.25,47,36,37580,400.0,10251,47831,743,7.91,0.032,4.052,15.75,55층 683㎡(43.4×15.8m)
단일,5 미세조정,55,55,166.25,47,35,37580,400.0,10520,48100,745,7.93,0.039,4.038,14.9,55층 683㎡(45.9×14.9m)
단일,5 미세조정,55,55,166.25,47,34,37580,400.0,10455,48035,745,7.93,0.044,4.034,15.09,55층 683㎡(45.3×15.1m)
단일,5 미세조정,55,55,166.25,47,38,37580,400.0,11187,48767,749,7.97,0.061,4.021,13.26,55층 683㎡(51.5×13.3m)
단일,1b 층수·세장비,55,55,166.25,47,42,37580,400.0,10455,48035,745,7.93,0.061,3.961,15.09,55층 683㎡(45.3×15.1m)
단일,5 미세조정,54,54,163.3,47,35,37580,400.0,10109,47689,756,8.05,0.023,4.071,16.05,54층 696㎡(43.3×16.1m)
단일,5 미세조정,54,54,163.3,47,36,37580,400.0,10109,47689,756,8.05,0.043,4.063,16.05,54층 696㎡(43.3×16.1m)
단일,5 미세조정,54,54,163.3,47,40,37580,400.0,10356,47936,758,8.07,0.053,4.06,15.23,54층 696㎡(45.7×15.2m)
단일,5 미세조정,54,54,163.3,47,36,37580,400.0,10356,47936,758,8.07,0.033,4.053,15.23,54층 696㎡(45.7×15.2m)
단일,5 미세조정,54,54,163.3,47,36,37580,400.0,10847,48427,761,8.1,0.024,4.049,13.9,54층 696㎡(50.1×13.9m)
단일,5 미세조정,54,54,163.3,47,34,37580,400.0,10109,47689,756,8.05,0.041,4.043,16.05,54층 696㎡(43.3×16.1m)
단일,5 미세조정,53,53,160.35,47,38,37580,400.0,10011,47591,770,8.2,0.053,4.063,16.21,53층 709㎡(43.8×16.2m)
단일,5 미세조정,53,53,160.35,47,34,37580,400.0,9749,47329,768,8.18,0.035,4.058,17.28,53층 709㎡(41.0×17.3m)
단일,5 미세조정,53,53,160.35,47,34,37580,400.0,9849,47429,769,8.19,0.049,4.05,16.84,53층 709㎡(42.1×16.8m)
단일,5 미세조정,53,53,160.35,47,34,37580,400.0,10011,47591,770,8.2,0.051,4.042,16.21,53층 709㎡(43.8×16.2m)
쌍둥이,5 미세조정,53+53,53,160.35,47,33,37580,400.0,13376,50956,789,8.4,0.025,4.011,13.98,53층 338㎡(24.2×14.0m) + 53층 371㎡(25.3×14.7m)
단일,5 미세조정,52,52,157.4,47,38,37580,400.0,9751,47331,783,8.34,0.056,4.055,17.0,52층 723㎡(42.5×17.0m)
단일,5 미세조정,52,52,157.4,47,36,37580,400.0,10153,47733,786,8.36,0.042,4.053,15.52,52층 723㎡(46.6×15.5m)
단일,5 미세조정,52,52,157.4,47,34,37580,400.0,10153,47733,786,8.36,0.039,4.047,15.52,52층 723㎡(46.6×15.5m)
단일,5 미세조정,50,50,151.5,47,38,37580,400.0,9493,47073,813,8.65,0.061,4.068,17.61,50층 752㎡(42.7×17.6m)
단일,5 미세조정,50,50,151.5,47,38,37580,400.0,9592,47172,814,8.66,0.051,4.065,17.17,50층 752㎡(43.8×17.2m)
단일,1b 층수·세장비,50,50,151.5,47,37,37580,400.0,9553,47133,813,8.66,0.054,4.059,17.34,50층 752㎡(43.3×17.3m)
단일,1b 층수·세장비,50,50,151.5,47,33,37580,400.0,8844,46424,809,8.61,0.025,3.953,22.38,50층 752㎡(33.6×22.4m)
단일,5 미세조정,49,49,148.55,47,37,37580,400.0,9200,46780,828,8.81,0.051,4.08,18.81,49층 767㎡(40.8×18.8m)
단일,5 미세조정,48,48,145.6,47,34,37580,400.0,9022,46602,844,8.98,0.074,4.063,19.5,48층 783㎡(40.2×19.5m)
단일,5 미세조정,48,48,145.6,47,37,37580,400.0,9737,47317,849,9.03,0.046,4.059,16.15,48층 783㎡(48.5×16.2m)
단일,5 미세조정,47,47,142.65,47,34,37580,400.0,9442,47022,865,9.2,0.029,4.058,17.04,47층 800㎡(46.9×17.0m)
단일,5 미세조정,47,47,142.65,47,33,37580,400.0,9559,47139,865,9.21,0.043,4.057,16.58,47층 800㎡(48.2×16.6m)
단일,5 미세조정,47,47,142.65,47,34,37580,400.0,9287,46867,863,9.19,0.04,4.047,17.71,47층 800㎡(45.2×17.7m)
단일,5 미세조정,47,47,142.65,47,34,37580,400.0,9677,47257,866,9.22,0.032,4.047,16.16,47층 800㎡(49.5×16.2m)
단일,5 미세조정,46,46,139.7,47,34,37580,400.0,8823,46403,879,9.35,0.035,4.072,19.92,46층 817㎡(41.0×19.9m)
단일,5 미세조정,46,46,139.7,47,34,37580,400.0,9183,46763,881,9.38,0.051,4.064,17.9,46층 817㎡(45.6×17.9m)
단일,5 미세조정,46,46,139.7,47,37,37580,400.0,9183,46763,881,9.38,0.055,4.063,17.9,46층 817㎡(45.6×17.9m)
단일,5 미세조정,46,46,139.7,47,36,37580,400.0,9523,47103,884,9.41,0.035,4.06,16.5,46층 817㎡(49.5×16.5m)
단일,5 미세조정,46,46,139.7,47,37,37580,400.0,9337,46917,883,9.39,0.064,4.059,17.22,46층 817㎡(47.4×17.2m)
단일,5 미세조정,46,46,139.7,47,33,37580,400.0,9569,47149,884,9.41,0.068,4.036,16.34,46층 817㎡(50.0×16.3m)
단일,5 미세조정,46,46,139.7,47,33,37580,400.0,9977,47557,887,9.44,0.058,4.034,15.06,46층 817㎡(54.2×15.1m)
단일,1b 층수·세장비,45,45,136.75,47,34,37580,400.0,8368,45948,895,9.53,0.035,4.078,23.6,45층 835㎡(35.4×23.6m)
단일,5 미세조정,45,45,136.75,47,38,37580,400.0,8798,46378,898,9.56,0.06,4.076,19.63,45층 835㎡(42.5×19.6m)
단일,5 미세조정,45,45,136.75,47,34,37580,400.0,8895,46475,899,9.57,0.049,4.071,19.05,45층 835㎡(43.8×19.0m)
단일,5 미세조정,45,45,136.75,47,34,37580,400.0,8984,46564,900,9.58,0.036,4.069,18.57,45층 835㎡(45.0×18.6m)
단일,1b 층수·세장비,45,45,136.75,47,38,37580,400.0,9041,46621,900,9.58,0.065,3.947,18.28,45층 835㎡(45.7×18.3m)
단일,5 미세조정,44,44,133.8,47,35,37580,400.0,8879,46459,919,9.79,0.062,4.068,18.78,44층 854㎡(45.5×18.8m)
단일,5 미세조정,44,44,133.8,47,34,37580,400.0,8696,46276,918,9.77,0.024,4.068,19.85,44층 854㎡(43.0×19.9m)
단일,5 미세조정,44,44,133.8,47,33,37580,400.0,9021,46601,920,9.8,0.052,4.066,18.07,44층 854㎡(47.3×18.1m)
단일,5 미세조정,44,44,133.8,47,33,37580,400.0,9349,46929,923,9.82,0.056,4.057,16.71,44층 854㎡(51.1×16.7m)
단일,5 미세조정,44,44,133.8,47,34,37580,400.0,8972,46552,920,9.79,0.064,4.052,18.3,44층 854㎡(46.7×18.3m)
단일,5 미세조정,42,42,127.9,47,35,37580,400.0,8757,46337,962,10.24,0.031,4.085,18.73,42층 895㎡(47.8×18.7m)
단일,5 미세조정,42,42,127.9,47,36,37580,400.0,8757,46337,962,10.24,0.056,4.076,18.73,42층 895㎡(47.8×18.7m)
단일,5 미세조정,42,42,127.9,47,36,37580,400.0,9256,46836,966,10.28,0.046,4.072,16.62,42층 895㎡(53.8×16.6m)
단일,5 미세조정,60,60,181.0,48,41,37580,400.0,10512,48092,683,7.27,0.062,4.067,15.83,60층 626㎡(39.6×15.8m)
단일,5 미세조정,60,60,181.0,48,42,37580,400.0,10943,48523,685,7.29,0.061,4.065,14.45,60층 626㎡(43.3×14.4m)
단일,5 미세조정,60,60,181.0,48,37,37580,400.0,10730,48310,684,7.28,0.037,4.047,15.08,60층 626㎡(41.5×15.1m)
단일,5 미세조정,60,60,181.0,48,37,37580,400.0,10813,48393,684,7.28,0.038,4.046,14.82,60층 626㎡(42.2×14.8m)
단일,5 미세조정,60,60,181.0,48,39,37580,400.0,11151,48731,686,7.3,0.056,4.038,13.9,60층 626㎡(45.0×13.9m)
단일,5 미세조정,60,60,181.0,48,34,37580,400.0,10405,47985,682,7.26,0.037,4.035,16.24,60층 626㎡(38.6×16.2m)
단일,5 미세조정,60,60,181.0,48,37,37580,400.0,11011,48591,686,7.3,0.041,4.034,14.26,60층 626㎡(43.9×14.3m)
단일,5 미세조정,60,60,181.0,48,39,37580,400.0,11307,48887,687,7.31,0.057,4.032,13.53,60층 626㎡(46.3×13.5m)
단일,5 미세조정,60,60,181.0,48,33,37580,400.0,10684,48264,684,7.28,0.039,4.027,15.23,60층 626㎡(41.1×15.2m)
단일,5 미세조정,60,60,181.0,48,33,37580,400.0,11151,48731,686,7.3,0.039,4.019,13.9,60층 626㎡(45.0×13.9m)
단일,5 미세조정,60,60,181.0,48,33,37580,400.0,11461,49041,688,7.32,0.041,4.01,13.19,60층 626㎡(47.5×13.2m)
단일,5 미세조정,60,60,181.0,48,33,37580,400.0,11011,48591,686,7.3,0.039,4.007,14.26,60층 626㎡(43.9×14.3m)
쌍둥이,5 미세조정,60+60,60,181.0,48,33,37580,400.0,14054,51634,700,7.46,0.023,4.006,14.25,60층 298㎡(20.9×14.2m) + 60층 328㎡(22.0×14.9m)
쌍둥이,5 미세조정,60+60,60,181.0,48,33,37580,400.0,14211,51791,701,7.46,0.034,3.994,13.48,60층 298㎡(22.1×13.5m) + 60층 328㎡(23.2×14.1m)
단일,1b 층수·세장비,60,60,181.0,48,36,37580,400.0,10512,48092,683,7.27,0.112,3.967,15.83,60층 626㎡(39.6×15.8m)
단일,1b 층수·세장비,60,60,181.0,48,35,37580,400.0,9735,47315,678,7.22,0.056,3.963,20.43,60층 626㎡(30.7×20.4m)
단일,1b 층수·세장비,60,60,181.0,48,37,37580,400.0,10943,48523,685,7.29,0.105,3.962,14.45,60층 626㎡(43.3×14.4m)
단일,1b 층수·세장비,60,60,181.0,48,35,37580,400.0,9735,47315,678,7.22,0.049,3.962,20.43,60층 626㎡(30.7×20.4m)
단일,5 미세조정,59,59,178.05,48,37,37580,400.0,10718,48298,696,7.4,0.038,4.046,14.95,59층 637㎡(42.6×14.9m)
단일,5 미세조정,59,59,178.05,48,38,37580,400.0,10718,48298,696,7.4,0.047,4.042,14.95,59층 637㎡(42.6×14.9m)
단일,5 미세조정,59,59,178.05,48,40,37580,400.0,11054,48634,697,7.42,0.066,4.02,14.02,59층 637㎡(45.4×14.0m)
쌍둥이,5 미세조정,59+59,59,178.05,48,33,37580,400.0,14083,51663,713,7.58,0.023,4.01,13.59,59층 303㎡(22.3×13.6m) + 59층 334㎡(23.4×14.3m)
단일,5 미세조정,59,59,178.05,48,33,37580,400.0,11054,48634,697,7.42,0.04,4.003,14.02,59층 637㎡(45.4×14.0m)
쌍둥이,5 미세조정,59+59,59,178.05,48,33,37580,400.0,14313,51893,714,7.6,0.03,3.99,12.75,59층 303㎡(23.8×12.7m) + 59층 334㎡(25.0×13.4m)
단일,5 미세조정,58,58,175.1,48,35,37580,400.0,10368,47948,706,7.51,0.024,4.071,15.94,58층 648㎡(40.6×15.9m)
단일,5 미세조정,58,58,175.1,48,38,37580,400.0,10751,48331,708,7.53,0.051,4.05,14.7,58층 648㎡(44.1×14.7m)
단일,5 미세조정,58,58,175.1,48,38,37580,400.0,10368,47948,706,7.51,0.045,4.049,15.94,58층 648㎡(40.6×15.9m)
단일,5 미세조정,58,58,175.1,48,34,37580,400.0,10326,47906,705,7.51,0.047,4.047,16.1,58층 648㎡(40.2×16.1m)
단일,5 미세조정,58,58,175.1,48,38,37580,400.0,10541,48121,707,7.52,0.046,4.044,15.34,58층 648㎡(42.2×15.3m)
단일,5 미세조정,58,58,175.1,48,34,37580,400.0,10222,47802,705,7.5,0.034,4.04,16.52,58층 648㎡(39.2×16.5m)
단일,5 미세조정,58,58,175.1,48,34,37580,400.0,10751,48331,708,7.53,0.034,4.032,14.7,58층 648㎡(44.1×14.7m)
단일,5 미세조정,58,58,175.1,48,40,37580,400.0,11260,48840,711,7.56,0.067,4.029,13.42,58층 648㎡(48.3×13.4m)
단일,5 미세조정,58,58,175.1,48,39,37580,400.0,11501,49081,712,7.58,0.059,4.021,12.91,58층 648㎡(50.2×12.9m)
쌍둥이,5 미세조정,58+58,58,175.1,48,33,37580,400.0,13800,51380,723,7.7,0.032,4.009,14.49,58층 309㎡(21.3×14.5m) + 58층 339㎡(22.3×15.2m)
쌍둥이,5 미세조정,58+58,58,175.1,48,33,37580,400.0,13915,51495,724,7.71,0.025,3.994,13.89,58층 309㎡(22.2×13.9m) + 58층 339㎡(23.3×14.6m)
쌍둥이,5 미세조정,58+58,58,175.1,48,33,37580,400.0,14039,51619,725,7.71,0.033,3.991,13.36,58층 309㎡(23.1×13.4m) + 58층 339㎡(24.2×14.0m)
단일,5 미세조정,57,57,172.15,48,37,37580,400.0,10274,47854,717,7.64,0.042,4.066,16.08,57층 659㎡(41.0×16.1m)
단일,5 미세조정,57,57,172.15,48,37,37580,400.0,9926,47506,715,7.61,0.045,4.066,17.61,57층 659㎡(37.4×17.6m)
단일,5 미세조정,57,57,172.15,48,41,37580,400.0,10653,48233,720,7.66,0.062,4.062,14.82,57층 659㎡(44.5×14.8m)
단일,5 미세조정,57,57,172.15,48,41,37580,400.0,10232,47812,717,7.63,0.063,4.06,16.24,57층 659㎡(40.6×16.2m)
단일,5 미세조정,57,57,172.15,48,38,37580,400.0,10445,48025,718,7.65,0.048,4.058,15.47,57층 659㎡(42.6×15.5m)
단일,5 미세조정,57,57,172.15,48,36,37580,400.0,10719,48299,720,7.66,0.039,4.04,14.64,57층 659㎡(45.0×14.6m)
단일,5 미세조정,57,57,172.15,48,33,37580,400.0,10653,48233,720,7.66,0.042,4.035,14.82,57층 659㎡(44.5×14.8m)
단일,5 미세조정,57,57,172.15,48,34,37580,400.0,11007,48587,722,7.68,0.047,4.027,13.88,57층 659㎡(47.5×13.9m)
단일,5 미세조정,57,57,172.15,48,34,37580,400.0,11074,48654,722,7.69,0.048,4.025,13.73,57층 659㎡(48.0×13.7m)
단일,5 미세조정,56,56,169.2,48,37,37580,400.0,9834,47414,728,7.74,0.035,4.07,17.77,56층 671㎡(37.8×17.8m)
단일,5 미세조정,56,56,169.2,48,36,37580,400.0,10035,47615,729,7.76,0.032,4.069,16.81,56층 671㎡(39.9×16.8m)
단일,5 미세조정,56,56,169.2,48,37,37580,400.0,9834,47414,728,7.74,0.038,4.061,17.77,56층 671㎡(37.8×17.8m)
단일,5 미세조정,56,56,169.2,48,34,37580,400.0,10138,47718,729,7.76,0.021,4.044,16.38,56층 671㎡(41.0×16.4m)
단일,5 미세조정,56,56,169.2,48,34,37580,400.0,10304,47884,730,7.77,0.062,4.041,15.77,56층 671㎡(42.6×15.8m)
단일,5 미세조정,56,56,169.2,48,34,37580,400.0,10620,48200,732,7.79,0.055,4.032,14.77,56층 671㎡(45.4×14.8m)
쌍둥이,5 미세조정,56+56,56,169.2,48,34,37580,400.0,13460,51040,747,7.95,0.033,3.999,15.33,56층 320㎡(20.8×15.3m) + 56층 352㎡(21.9×16.1m)
단일,5 미세조정,55,55,166.25,48,36,37580,400.0,11187,48767,749,7.97,0.024,4.054,13.26,55층 683㎡(51.5×13.3m)
단일,5 미세조정,55,55,166.25,48,34,37580,400.0,10042,47622,742,7.9,0.052,4.045,16.53,55층 683㎡(41.3×16.5m)
단일,5 미세조정,55,55,166.25,48,34,37580,400.0,10655,48235,746,7.94,0.047,4.03,14.52,55층 683㎡(47.1×14.5m)
단일,5 미세조정,55,55,166.25,48,34,37580,400.0,10803,48383,747,7.95,0.048,4.028,14.13,55층 683㎡(48.3×14.1m)
쌍둥이,5 미세조정,55+55,55,166.25,48,34,37580,400.0,13524,51104,761,8.1,0.042,3.997,14.26,55층 325㎡(22.8×14.3m) + 55층 358㎡(23.9×15.0m)
단일,1b 층수·세장비,55,55,166.25,48,35,37580,400.0,9299,46879,738,7.85,0.025,3.953,21.34,55층 683㎡(32.0×21.3m)
단일,5 미세조정,54,54,163.3,48,35,37580,400.0,10700,48280,760,8.09,0.024,4.058,14.26,54층 696㎡(48.8×14.3m)
단일,5 미세조정,54,54,163.3,48,34,37580,400.0,9845,47425,755,8.03,0.038,4.052,17.12,54층 696㎡(40.7×17.1m)
단일,5 미세조정,54,54,163.3,48,34,37580,400.0,10405,47985,758,8.07,0.039,4.037,15.08,54층 696㎡(46.1×15.1m)
단일,5 미세조정,54,54,163.3,48,38,37580,400.0,10700,48280,760,8.09,0.06,4.03,14.26,54층 696㎡(48.8×14.3m)
단일,5 미세조정,53,53,160.35,48,40,37580,400.0,10011,47591,770,8.2,0.063,4.063,16.21,53층 709㎡(43.8×16.2m)
단일,5 미세조정,53,53,160.35,48,41,37580,400.0,10255,47835,772,8.21,0.063,4.06,15.37,53층 709㎡(46.1×15.4m)
단일,5 미세조정,53,53,160.35,48,38,37580,400.0,9849,47429,769,8.19,0.056,4.053,16.84,53층 709㎡(42.1×16.8m)
단일,5 미세조정,53,53,160.35,48,38,37580,400.0,10255,47835,772,8.21,0.059,4.042,15.37,53층 709㎡(46.1×15.4m)
쌍둥이,5 미세조정,53+53,53,160.35,48,33,37580,400.0,13189,50769,788,8.39,0.031,4.011,14.9,53층 338㎡(22.7×14.9m) + 53층 371㎡(23.8×15.6m)
쌍둥이,5 미세조정,52+52,52,157.4,48,33,37580,400.0,13055,50635,802,8.54,0.039,4.015,15.05,52층 344㎡(22.9×15.0m) + 52층 379㎡(24.0×15.8m)
단일,5 미세조정,49,49,148.55,48,34,37580,400.0,9120,46700,827,8.8,0.055,4.055,19.3,49층 767㎡(39.7×19.3m)
단일,5 미세조정,49,49,148.55,48,33,37580,400.0,9393,46973,829,8.82,0.039,4.049,17.79,49층 767㎡(43.1×17.8m)
단일,5 미세조정,48,48,145.6,48,34,37580,400.0,9292,46872,845,9.0,0.028,4.051,17.98,48층 783㎡(43.6×18.0m)
단일,5 미세조정,48,48,145.6,48,34,37580,400.0,9737,47317,849,9.03,0.076,4.033,16.15,48층 783㎡(48.5×16.2m)
단일,5 미세조정,48,48,145.6,48,34,37580,400.0,9923,47503,850,9.05,0.078,4.026,15.54,48층 783㎡(50.4×15.5m)
단일,5 미세조정,47,47,142.65,48,37,37580,400.0,9287,46867,863,9.19,0.062,4.061,17.71,47층 800㎡(45.2×17.7m)
단일,5 미세조정,47,47,142.65,48,33,37580,400.0,9559,47139,865,9.21,0.055,4.039,16.58,47층 800㎡(48.2×16.6m)
단일,5 미세조정,46,46,139.7,48,37,37580,400.0,9183,46763,881,9.38,0.063,4.063,17.9,46층 817㎡(45.6×17.9m)
단일,5 미세조정,46,46,139.7,48,38,37580,400.0,9087,46667,881,9.38,0.072,4.063,18.36,46층 817㎡(44.5×18.4m)
단일,5 미세조정,46,46,139.7,48,33,37580,400.0,8998,46578,880,9.37,0.049,4.058,18.84,46층 817㎡(43.4×18.8m)
단일,5 미세조정,46,46,139.7,48,34,37580,400.0,9233,46813,882,9.39,0.072,4.053,17.67,46층 817㎡(46.2×17.7m)
단일,5 미세조정,45,45,136.75,48,36,37580,400.0,9078,46658,900,9.58,0.063,4.065,18.1,45층 835㎡(46.1×18.1m)
단일,5 미세조정,45,45,136.75,48,37,37580,400.0,9302,46882,902,9.6,0.057,4.058,17.12,45층 835㎡(48.8×17.1m)
단일,5 미세조정,45,45,136.75,48,34,37580,400.0,9127,46707,901,9.59,0.064,4.047,17.87,45층 835㎡(46.7×17.9m)
단일,1b 층수·세장비,45,45,136.75,48,39,37580,400.0,8681,46261,897,9.55,0.089,3.946,20.43,45층 835㎡(40.9×20.4m)
단일,5 미세조정,43,43,130.85,48,36,37580,400.0,8686,46266,939,10.0,0.041,4.097,19.49,43층 874㎡(44.8×19.5m)
단일,5 미세조정,43,43,130.85,48,34,37580,400.0,8517,46097,938,9.98,0.054,4.076,20.6,43층 874㎡(42.4×20.6m)
단일,5 미세조정,43,43,130.85,48,34,37580,400.0,8686,46266,939,10.0,0.061,4.071,19.49,43층 874㎡(44.8×19.5m)
단일,5 미세조정,43,43,130.85,48,38,37580,400.0,8913,46493,941,10.02,0.076,4.062,18.28,43층 874㎡(47.8×18.3m)
단일,5 미세조정,43,43,130.85,48,35,37580,400.0,9633,47213,947,10.08,0.059,4.05,15.58,43층 874㎡(56.1×15.6m)
단일,5 미세조정,42,42,127.9,48,35,37580,400.0,8973,46553,964,10.26,0.032,4.083,17.72,42층 895㎡(50.5×17.7m)
단일,5 미세조정,42,42,127.9,48,36,37580,400.0,9082,46662,965,10.27,0.033,4.081,17.27,42층 895㎡(51.8×17.3m)
단일,5 미세조정,42,42,127.9,48,39,37580,400.0,8757,46337,962,10.24,0.068,4.075,18.73,42층 895㎡(47.8×18.7m)
단일,5 미세조정,42,42,127.9,48,33,37580,400.0,8757,46337,962,10.24,0.052,4.068,18.73,42층 895㎡(47.8×18.7m)
단일,5 미세조정,42,42,127.9,48,35,37580,400.0,8973,46553,964,10.26,0.067,4.062,17.72,42층 895㎡(50.5×17.7m)
단일,5 미세조정,42,42,127.9,48,36,37580,400.0,9082,46662,965,10.27,0.068,4.059,17.27,42층 895㎡(51.8×17.3m)
단일,1b 층수·세장비,40,40,122.0,48,33,37580,400.0,8163,45743,1006,10.7,0.032,3.946,21.67,40층 940㎡(43.3×21.7m)
단일,1b 층수·세장비,60,60,181.0,49,40,37580,400.0,10943,48523,685,7.29,0.054,4.094,14.45,60층 626㎡(43.3×14.4m)
단일,5 미세조정,60,60,181.0,49,38,37580,400.0,10197,47777,681,7.25,0.04,4.057,17.17,60층 626㎡(36.5×17.2m)
단일,5 미세조정,60,60,181.0,49,37,37580,400.0,10943,48523,685,7.29,0.049,4.035,14.45,60층 626㎡(43.3×14.4m)
단일,5 미세조정,60,60,181.0,49,35,37580,400.0,10555,48135,683,7.27,0.066,4.032,15.67,60층 626㎡(40.0×15.7m)
단일,5 미세조정,60,60,181.0,49,36,37580,400.0,11151,48731,686,7.3,0.062,4.03,13.9,60층 626㎡(45.0×13.9m)
쌍둥이,5 미세조정,60+60,60,181.0,49,33,37580,400.0,14211,51791,701,7.46,0.024,3.992,13.48,60층 298㎡(22.1×13.5m) + 60층 328㎡(23.2×14.1m)
단일,1b 층수·세장비,60,60,181.0,49,35,37580,400.0,12628,50208,694,7.39,0.079,3.943,11.19,60층 626㎡(56.0×11.2m)
단일,1b 층수·세장비,60,60,181.0,49,36,37580,400.0,10512,48092,683,7.27,0.176,3.931,15.83,60층 626㎡(39.6×15.8m)
단일,5 미세조정,59,59,178.05,49,39,37580,400.0,10590,48170,695,7.4,0.058,4.04,15.36,59층 637㎡(41.5×15.4m)
단일,5 미세조정,59,59,178.05,49,34,37580,400.0,10636,48216,695,7.4,0.054,4.029,15.21,59층 637㎡(41.9×15.2m)
단일,5 미세조정,59,59,178.05,49,34,37580,400.0,11208,48788,698,7.43,0.055,4.023,13.65,59층 637㎡(46.7×13.6m)
단일,5 미세조정,59,59,178.05,49,33,37580,400.0,11275,48855,699,7.44,0.041,3.999,13.49,59층 637㎡(47.2×13.5m)
쌍둥이,5 미세조정,59+59,59,178.05,49,33,37580,400.0,14169,51749,713,7.59,0.024,3.994,13.25,59층 303㎡(22.9×13.2m) + 59층 334㎡(24.0×13.9m)
단일,5 미세조정,58,58,175.1,49,38,37580,400.0,10222,47802,705,7.5,0.049,4.063,16.52,58층 648㎡(39.2×16.5m)
단일,5 미세조정,58,58,175.1,49,34,37580,400.0,10222,47802,705,7.5,0.061,4.043,16.52,58층 648㎡(39.2×16.5m)
단일,5 미세조정,58,58,175.1,49,38,37580,400.0,10751,48331,708,7.53,0.056,4.039,14.7,58층 648㎡(44.1×14.7m)
단일,5 미세조정,58,58,175.1,49,38,37580,400.0,10955,48535,709,7.55,0.057,4.036,14.14,58층 648㎡(45.8×14.1m)
단일,5 미세조정,58,58,175.1,49,35,37580,400.0,10623,48203,707,7.53,0.062,4.036,15.08,58층 648㎡(43.0×15.1m)
단일,5 미세조정,58,58,175.1,49,34,37580,400.0,10326,47906,705,7.51,0.053,4.036,16.1,58층 648㎡(40.2×16.1m)
단일,5 미세조정,58,58,175.1,49,34,37580,400.0,11175,48755,710,7.56,0.056,4.023,13.61,58층 648㎡(47.6×13.6m)
쌍둥이,5 미세조정,58+58,58,175.1,49,33,37580,400.0,13800,51380,723,7.7,0.024,3.994,14.49,58층 309㎡(21.3×14.5m) + 58층 339㎡(22.3×15.2m)
쌍둥이,5 미세조정,58+58,58,175.1,49,33,37580,400.0,13800,51380,723,7.7,0.022,3.993,14.49,58층 309㎡(21.3×14.5m) + 58층 339㎡(22.3×15.2m)
단일,5 미세조정,57,57,172.15,49,37,37580,400.0,9926,47506,715,7.61,0.037,4.076,17.61,57층 659㎡(37.4×17.6m)
단일,5 미세조정,57,57,172.15,49,38,37580,400.0,10653,48233,720,7.66,0.042,4.048,14.82,57층 659㎡(44.5×14.8m)
단일,5 미세조정,57,57,172.15,49,38,37580,400.0,10653,48233,720,7.66,0.057,4.041,14.82,57층 659㎡(44.5×14.8m)
단일,5 미세조정,57,57,172.15,49,34,37580,400.0,10232,47812,717,7.63,0.063,4.04,16.24,57층 659㎡(40.6×16.2m)
단일,5 미세조정,57,57,172.15,49,38,37580,400.0,10400,47980,718,7.64,0.049,4.038,15.63,57층 659㎡(42.2×15.6m)
단일,5 미세조정,57,57,172.15,49,40,37580,400.0,10653,48233,720,7.66,0.069,4.034,14.82,57층 659㎡(44.5×14.8m)
단일,5 미세조정,57,57,172.15,49,39,37580,400.0,11074,48654,722,7.69,0.068,4.03,13.73,57층 659㎡(48.0×13.7m)
단일,5 미세조정,57,57,172.15,49,33,37580,400.0,10719,48299,720,7.66,0.04,4.008,14.64,57층 659㎡(45.0×14.6m)
단일,5 미세조정,57,57,172.15,49,33,37580,400.0,11397,48977,724,7.71,0.043,4.006,13.02,57층 659㎡(50.6×13.0m)
단일,5 미세조정,56,56,169.2,49,34,37580,400.0,10349,47929,731,7.78,0.047,4.029,15.61,56층 671㎡(43.0×15.6m)
단일,5 미세조정,56,56,169.2,49,34,37580,400.0,10620,48200,732,7.79,0.058,4.026,14.77,56층 671㎡(45.4×14.8m)
쌍둥이,5 미세조정,56+56,56,169.2,49,34,37580,400.0,13585,51165,748,7.96,0.031,3.997,14.5,56층 320㎡(22.0×14.5m) + 56층 352㎡(23.1×15.2m)
단일,5 미세조정,55,55,166.25,49,34,37580,400.0,9741,47321,740,7.88,0.035,4.055,17.93,55층 683㎡(38.1×17.9m)
단일,5 미세조정,55,55,166.25,49,39,37580,400.0,10251,47831,743,7.91,0.066,4.047,15.75,55층 683㎡(43.4×15.8m)
단일,1b 층수·세장비,55,55,166.25,49,35,37580,400.0,10042,47622,742,7.9,0.044,3.966,16.53,55층 683㎡(41.3×16.5m)
단일,5 미세조정,54,54,163.3,49,38,37580,400.0,9845,47425,755,8.03,0.056,4.064,17.12,54층 696㎡(40.7×17.1m)
단일,5 미세조정,54,54,163.3,49,34,37580,400.0,10847,48427,761,8.1,0.059,4.02,13.9,54층 696㎡(50.1×13.9m)
쌍둥이,5 미세조정,54+54,54,163.3,49,33,37580,400.0,13322,50902,774,8.24,0.029,4.009,14.77,54층 331㎡(22.4×14.8m) + 54층 365㎡(23.5×15.5m)
쌍둥이,5 미세조정,54+54,54,163.3,49,33,37580,400.0,13322,50902,774,8.24,0.024,4.007,14.77,54층 331㎡(22.4×14.8m) + 54층 365㎡(23.5×15.5m)
단일,5 미세조정,53,53,160.35,49,34,37580,400.0,9553,47133,767,8.17,0.039,4.057,18.27,53층 709㎡(38.8×18.3m)
단일,5 미세조정,53,53,160.35,49,34,37580,400.0,9553,47133,767,8.17,0.042,4.052,18.27,53층 709㎡(38.8×18.3m)
쌍둥이,5 미세조정,53+53,53,160.35,49,33,37580,400.0,13068,50648,787,8.38,0.026,4.003,15.76,53층 338㎡(21.4×15.8m) + 53층 371㎡(22.5×16.5m)
단일,5 미세조정,52,52,157.4,49,37,37580,400.0,9911,47491,784,8.35,0.048,4.06,16.36,52층 723㎡(44.2×16.4m)
단일,5 미세조정,52,52,157.4,49,34,37580,400.0,9458,47038,781,8.32,0.043,4.06,18.44,52층 723㎡(39.2×18.4m)
단일,5 미세조정,52,52,157.4,49,34,37580,400.0,10153,47733,786,8.36,0.057,4.042,15.52,52층 723㎡(46.6×15.5m)
단일,5 미세조정,52,52,157.4,49,34,37580,400.0,10153,47733,786,8.36,0.057,4.031,15.52,52층 723㎡(46.6×15.5m)
단일,5 미세조정,50,50,151.5,49,37,37580,400.0,9298,46878,812,8.64,0.051,4.077,18.62,50층 752㎡(40.4×18.6m)
단일,1b 층수·세장비,50,50,151.5,49,37,37580,400.0,9553,47133,813,8.66,0.059,4.053,17.34,50층 752㎡(43.3×17.3m)
단일,5 미세조정,49,49,148.55,49,34,37580,400.0,9543,47123,830,8.83,0.072,4.04,17.12,49층 767㎡(44.8×17.1m)
단일,5 미세조정,48,48,145.6,49,37,37580,400.0,9200,46780,845,8.99,0.059,4.064,18.44,48층 783㎡(42.4×18.4m)
단일,5 미세조정,48,48,145.6,49,37,37580,400.0,9292,46872,845,9.0,0.061,4.064,17.98,48층 783㎡(43.6×18.0m)
단일,5 미세조정,48,48,145.6,49,36,37580,400.0,9923,47503,850,9.05,0.048,4.039,15.54,48층 783㎡(50.4×15.5m)
단일,5 미세조정,47,47,142.65,49,35,37580,400.0,9001,46581,861,9.17,0.058,4.068,19.21,47층 800㎡(41.6×19.2m)
단일,5 미세조정,47,47,142.65,49,37,37580,400.0,9190,46770,863,9.18,0.061,4.066,18.17,47층 800㎡(44.0×18.2m)
단일,5 미세조정,47,47,142.65,49,38,37580,400.0,9001,46581,861,9.17,0.069,4.065,19.21,47층 800㎡(41.6×19.2m)
단일,5 미세조정,47,47,142.65,49,38,37580,400.0,9190,46770,863,9.18,0.072,4.06,18.17,47층 800㎡(44.0×18.2m)
단일,5 미세조정,47,47,142.65,49,40,37580,400.0,9190,46770,863,9.18,0.083,4.06,18.17,47층 800㎡(44.0×18.2m)
단일,5 미세조정,46,46,139.7,49,33,37580,400.0,9087,46667,881,9.38,0.05,4.054,18.36,46층 817㎡(44.5×18.4m)
단일,5 미세조정,46,46,139.7,49,33,37580,400.0,9233,46813,882,9.39,0.053,4.05,17.67,46층 817㎡(46.2×17.7m)
단일,5 미세조정,46,46,139.7,49,34,37580,400.0,9337,46917,883,9.39,0.076,4.042,17.22,46층 817㎡(47.4×17.2m)
단일,5 미세조정,46,46,139.7,49,34,37580,400.0,9453,47033,883,9.4,0.077,4.039,16.76,46층 817㎡(48.7×16.8m)
단일,1b 층수·세장비,45,45,136.75,49,36,37580,400.0,8681,46261,897,9.55,0.05,4.069,20.43,45층 835㎡(40.9×20.4m)
단일,1b 층수·세장비,45,45,136.75,49,34,37580,400.0,9041,46621,900,9.58,0.055,4.061,18.28,45층 835㎡(45.7×18.3m)
단일,5 미세조정,45,45,136.75,49,39,37580,400.0,9127,46707,901,9.59,0.075,4.059,17.87,45층 835㎡(46.7×17.9m)
단일,1b 층수·세장비,45,45,136.75,49,33,37580,400.0,8681,46261,897,9.55,0.069,3.947,20.43,45층 835㎡(40.9×20.4m)
단일,5 미세조정,44,44,133.8,49,33,37580,400.0,9194,46774,922,9.81,0.067,4.046,17.31,44층 854㎡(49.3×17.3m)
단일,5 미세조정,43,43,130.85,49,34,37580,400.0,8517,46097,938,9.98,0.046,4.068,20.6,43층 874㎡(42.4×20.6m)
단일,5 미세조정,43,43,130.85,49,34,37580,400.0,8773,46353,940,10.0,0.063,4.058,18.99,43층 874㎡(46.0×19.0m)
단일,5 미세조정,60,60,181.0,50,37,37580,400.0,10813,48393,684,7.28,0.049,4.039,14.82,60층 626㎡(42.2×14.8m)
단일,5 미세조정,60,60,181.0,50,34,37580,400.0,10684,48264,684,7.28,0.056,4.027,15.23,60층 626㎡(41.1×15.2m)
단일,5 미세조정,60,60,181.0,50,37,37580,400.0,11461,49041,688,7.32,0.043,4.027,13.19,60층 626㎡(47.5×13.2m)
단일,5 미세조정,60,60,181.0,50,37,37580,400.0,11151,48731,686,7.3,0.056,4.018,13.9,60층 626㎡(45.0×13.9m)
쌍둥이,5 미세조정,60+60,60,181.0,50,34,37580,400.0,14211,51791,701,7.46,0.047,3.991,13.48,60층 298㎡(22.1×13.5m) + 60층 328㎡(23.2×14.1m)
쌍둥이,5 미세조정,60+60,60,181.0,50,35,37580,400.0,14054,51634,700,7.46,0.055,3.988,14.25,60층 298㎡(20.9×14.2m) + 60층 328㎡(22.0×14.9m)
쌍둥이,5 미세조정,60+60,60,181.0,50,33,37580,400.0,14443,52023,703,7.48,0.049,3.985,12.64,60층 298㎡(23.6×12.6m) + 60층 328㎡(24.7×13.3m)
쌍둥이,5 미세조정,60+60,60,181.0,50,33,37580,400.0,14297,51877,702,7.47,0.022,3.984,13.14,60층 298㎡(22.7×13.1m) + 60층 328㎡(23.8×13.8m)
단일,1b 층수·세장비,60,60,181.0,50,36,37580,400.0,10943,48523,685,7.29,0.039,3.98,14.45,60층 626㎡(43.3×14.4m)
단일,1b 층수·세장비,60,60,181.0,50,36,37580,400.0,11802,49382,690,7.34,0.051,3.96,12.51,60층 626㎡(50.1×12.5m)
단일,1b 층수·세장비,60,60,181.0,50,37,37580,400.0,11802,49382,690,7.34,0.109,3.958,12.51,60층 626㎡(50.1×12.5m)
단일,1b 층수·세장비,60,60,181.0,50,36,37580,400.0,12628,50208,694,7.39,0.09,3.944,11.19,60층 626㎡(56.0×11.2m)
단일,1b 층수·세장비,60,60,181.0,50,36,37580,400.0,11802,49382,690,7.34,0.106,3.943,12.51,60층 626㎡(50.1×12.5m)
단일,1b 층수·세장비,60,60,181.0,50,36,37580,400.0,10943,48523,685,7.29,0.146,3.94,14.45,60층 626㎡(43.3×14.4m)
단일,5 미세조정,59,59,178.05,50,34,37580,400.0,10107,47687,692,7.37,0.045,4.052,17.31,59층 637㎡(36.8×17.3m)
단일,5 미세조정,59,59,178.05,50,37,37580,400.0,11275,48855,699,7.44,0.051,4.025,13.49,59층 637㎡(47.2×13.5m)
단일,5 미세조정,59,59,178.05,50,35,37580,400.0,10914,48494,697,7.41,0.056,4.023,14.39,59층 637㎡(44.3×14.4m)
쌍둥이,5 미세조정,59+59,59,178.05,50,33,37580,400.0,13927,51507,712,7.57,0.024,3.994,14.37,59층 303㎡(21.1×14.4m) + 59층 334㎡(22.1×15.1m)
쌍둥이,5 미세조정,59+59,59,178.05,50,34,37580,400.0,14169,51749,713,7.59,0.048,3.993,13.25,59층 303㎡(22.9×13.2m) + 59층 334㎡(24.0×13.9m)
쌍둥이,5 미세조정,59+59,59,178.05,50,33,37580,400.0,14083,51663,713,7.58,0.021,3.987,13.59,59층 303㎡(22.3×13.6m) + 59층 334㎡(23.4×14.3m)
단일,5 미세조정,58,58,175.1,50,38,37580,400.0,10222,47802,705,7.5,0.058,4.058,16.52,58층 648㎡(39.2×16.5m)
단일,5 미세조정,58,58,175.1,50,39,37580,400.0,10326,47906,705,7.51,0.063,4.048,16.1,58층 648㎡(40.2×16.1m)
단일,5 미세조정,58,58,175.1,50,34,37580,400.0,10541,48121,707,7.52,0.055,4.031,15.34,58층 648㎡(42.2×15.3m)
단일,5 미세조정,58,58,175.1,50,35,37580,400.0,10955,48535,709,7.55,0.057,4.021,14.14,58층 648㎡(45.8×14.1m)
단일,5 미세조정,58,58,175.1,50,36,37580,400.0,11175,48755,710,7.56,0.059,4.016,13.61,58층 648㎡(47.6×13.6m)
단일,5 미세조정,58,58,175.1,50,33,37580,400.0,11175,48755,710,7.56,0.039,4.005,13.61,58층 648㎡(47.6×13.6m)
쌍둥이,5 미세조정,58+58,58,175.1,50,33,37580,400.0,14039,51619,725,7.71,0.04,4.002,13.36,58층 309㎡(23.1×13.4m) + 58층 339㎡(24.2×14.0m)
쌍둥이,5 미세조정,58+58,58,175.1,50,33,37580,400.0,14039,51619,725,7.71,0.033,3.996,13.36,58층 309㎡(23.1×13.4m) + 58층 339㎡(24.2×14.0m)
단일,5 미세조정,57,57,172.15,50,35,37580,400.0,9926,47506,715,7.61,0.028,4.078,17.61,57층 659㎡(37.4×17.6m)
단일,5 미세조정,57,57,172.15,50,39,37580,400.0,9926,47506,715,7.61,0.062,4.064,17.61,57층 659㎡(37.4×17.6m)
단일,5 미세조정,57,57,172.15,50,38,37580,400.0,10274,47854,717,7.64,0.063,4.034,16.08,57층 659㎡(41.0×16.1m)
단일,5 미세조정,57,57,172.15,50,34,37580,400.0,10526,48106,719,7.65,0.056,4.031,15.21,57층 659㎡(43.3×15.2m)
단일,5 미세조정,57,57,172.15,50,37,37580,400.0,11158,48738,723,7.69,0.052,4.026,13.53,57층 659㎡(48.7×13.5m)
단일,5 미세조정,57,57,172.15,50,33,37580,400.0,10445,48025,718,7.65,0.037,4.015,15.47,57층 659㎡(42.6×15.5m)
쌍둥이,5 미세조정,57+57,57,172.15,50,33,37580,400.0,13909,51489,737,7.84,0.033,3.998,13.48,57층 314㎡(23.3×13.5m) + 57층 345㎡(24.4×14.1m)
쌍둥이,5 미세조정,57+57,57,172.15,50,33,37580,400.0,13714,51294,735,7.83,0.022,3.997,14.37,57층 314㎡(21.8×14.4m) + 57층 345㎡(22.9×15.1m)
쌍둥이,5 미세조정,56+56,56,169.2,50,33,37580,400.0,13777,51357,749,7.97,0.031,3.992,13.6,56층 320㎡(23.5×13.6m) + 56층 352㎡(24.6×14.3m)
단일,1b 층수·세장비,55,55,166.25,50,35,37580,400.0,9299,46879,738,7.85,0.032,4.085,21.34,55층 683㎡(32.0×21.3m)
단일,5 미세조정,55,55,166.25,50,37,37580,400.0,10042,47622,742,7.9,0.047,4.061,16.53,55층 683㎡(41.3×16.5m)
단일,1b 층수·세장비,55,55,166.25,50,37,37580,400.0,10042,47622,742,7.9,0.053,4.055,16.53,55층 683㎡(41.3×16.5m)
단일,1b 층수·세장비,55,55,166.25,50,34,37580,400.0,9644,47224,740,7.87,0.039,4.054,18.48,55층 683㎡(37.0×18.5m)
단일,1b 층수·세장비,55,55,166.25,50,37,37580,400.0,10042,47622,742,7.9,0.057,4.045,16.53,55층 683㎡(41.3×16.5m)
단일,1b 층수·세장비,55,55,166.25,50,34,37580,400.0,10455,48035,745,7.93,0.048,4.032,15.09,55층 683㎡(45.3×15.1m)
단일,5 미세조정,55,55,166.25,50,39,37580,400.0,11187,48767,749,7.97,0.063,4.032,13.26,55층 683㎡(51.5×13.3m)
쌍둥이,5 미세조정,55+55,55,166.25,50,33,37580,400.0,13524,51104,761,8.1,0.039,4.004,14.26,55층 325㎡(22.8×14.3m) + 55층 358㎡(23.9×15.0m)
쌍둥이,5 미세조정,55+55,55,166.25,50,33,37580,400.0,13562,51142,761,8.11,0.04,4.004,14.08,55층 325㎡(23.1×14.1m) + 55층 358㎡(24.2×14.8m)
쌍둥이,5 미세조정,55+55,55,166.25,50,33,37580,400.0,13562,51142,761,8.11,0.023,4.002,14.08,55층 325㎡(23.1×14.1m) + 55층 358㎡(24.2×14.8m)
쌍둥이,5 미세조정,55+55,55,166.25,50,33,37580,400.0,13524,51104,761,8.1,0.03,3.998,14.26,55층 325㎡(22.8×14.3m) + 55층 358㎡(23.9×15.0m)
단일,1b 층수·세장비,55,55,166.25,50,33,37580,400.0,9299,46879,738,7.85,0.038,3.964,21.34,55층 683㎡(32.0×21.3m)
단일,1b 층수·세장비,55,55,166.25,50,45,37580,400.0,10042,47622,742,7.9,0.205,3.947,16.53,55층 683㎡(41.3×16.5m)
단일,1b 층수·세장비,55,55,166.25,50,35,37580,400.0,11278,48858,750,7.98,0.091,3.941,13.07,55층 683㎡(52.3×13.1m)
단일,1b 층수·세장비,55,55,166.25,50,47,37580,400.0,10042,47622,742,7.9,0.179,3.933,16.53,55층 683㎡(41.3×16.5m)
단일,1b 층수·세장비,55,55,166.25,50,46,37580,400.0,10455,48035,745,7.93,0.148,3.93,15.09,55층 683㎡(45.3×15.1m)
쌍둥이,5 미세조정,54+54,54,163.3,50,33,37580,400.0,13511,51091,775,8.25,0.041,3.998,13.85,54층 331㎡(23.9×13.8m) + 54층 365㎡(25.1×14.5m)
쌍둥이,5 미세조정,54+54,54,163.3,50,33,37580,400.0,13511,51091,775,8.25,0.046,3.993,13.85,54층 331㎡(23.9×13.8m) + 54층 365㎡(25.1×14.5m)
단일,5 미세조정,53,53,160.35,50,34,37580,400.0,9553,47133,767,8.17,0.043,4.056,18.27,53층 709㎡(38.8×18.3m)
쌍둥이,5 미세조정,52+52,52,157.4,50,33,37580,400.0,12935,50515,802,8.53,0.033,4.02,15.91,52층 344㎡(21.6×15.9m) + 52층 379㎡(22.7×16.7m)
쌍둥이,5 미세조정,52+52,52,157.4,50,33,37580,400.0,13055,50635,802,8.54,0.043,4.011,15.05,52층 344㎡(22.9×15.0m) + 52층 379㎡(24.0×15.8m)
쌍둥이,5 미세조정,52+52,52,157.4,50,33,37580,400.0,13055,50635,802,8.54,0.034,4.01,15.05,52층 344㎡(22.9×15.0m) + 52층 379㎡(24.0×15.8m)
단일,1b 층수·세장비,50,50,151.5,50,37,37580,400.0,9947,47527,816,8.68,0.062,4.043,15.83,50층 752㎡(47.5×15.8m)
단일,5 미세조정,50,50,151.5,50,34,37580,400.0,9592,47172,814,8.66,0.053,4.033,17.17,50층 752㎡(43.8×17.2m)
단일,1b 층수·세장비,50,50,151.5,50,33,37580,400.0,9174,46754,811,8.63,0.077,3.951,19.39,50층 752㎡(38.8×19.4m)
단일,5 미세조정,49,49,148.55,50,37,37580,400.0,9393,46973,829,8.82,0.06,4.058,17.79,49층 767㎡(43.1×17.8m)
단일,5 미세조정,49,49,148.55,50,34,37580,400.0,9650,47230,831,8.84,0.074,4.036,16.69,49층 767㎡(46.0×16.7m)
단일,5 미세조정,48,48,145.6,50,38,37580,400.0,9101,46681,844,8.98,0.069,4.062,19.01,48층 783㎡(41.2×19.0m)
단일,5 미세조정,48,48,145.6,50,33,37580,400.0,9923,47503,850,9.05,0.047,4.035,15.54,48층 783㎡(50.4×15.5m)
단일,5 미세조정,46,46,139.7,50,39,37580,400.0,8823,46403,879,9.35,0.079,4.067,19.92,46층 817㎡(41.0×19.9m)
단일,5 미세조정,46,46,139.7,50,40,37580,400.0,9087,46667,881,9.38,0.083,4.061,18.36,46층 817㎡(44.5×18.4m)
단일,5 미세조정,46,46,139.7,50,34,37580,400.0,9087,46667,881,9.38,0.072,4.049,18.36,46층 817㎡(44.5×18.4m)
단일,5 미세조정,46,46,139.7,50,33,37580,400.0,9409,46989,883,9.4,0.044,4.048,16.93,46층 817㎡(48.3×16.9m)
단일,5 미세조정,46,46,139.7,50,33,37580,400.0,9453,47033,883,9.4,0.055,4.043,16.76,46층 817㎡(48.7×16.8m)
단일,5 미세조정,46,46,139.7,50,33,37580,400.0,9569,47149,884,9.41,0.057,4.039,16.34,46층 817㎡(50.0×16.3m)
단일,1a 방위·위치,45,45,136.75,50,36,37580,400.0,9041,46621,900,9.58,0.049,4.096,18.28,45층 835㎡(45.7×18.3m)
단일,5 미세조정,45,45,136.75,50,39,37580,400.0,8895,46475,899,9.57,0.083,4.064,19.05,45층 835㎡(43.8×19.0m)
단일,5 미세조정,44,44,133.8,50,34,37580,400.0,8620,46200,917,9.76,0.065,4.072,20.37,44층 854㎡(41.9×20.4m)
단일,5 미세조정,44,44,133.8,50,33,37580,400.0,9194,46774,922,9.81,0.044,4.054,17.31,44층 854㎡(49.3×17.3m)
단일,1b 층수·세장비,60,60,181.0,51,38,37580,400.0,10943,48523,685,7.29,0.051,4.094,14.45,60층 626㎡(43.3×14.4m)
단일,1b 층수·세장비,60,60,181.0,51,42,37580,400.0,11802,49382,690,7.34,0.057,4.065,12.51,60층 626㎡(50.1×12.5m)
단일,5 미세조정,60,60,181.0,51,38,37580,400.0,11707,49287,689,7.34,0.06,4.02,12.69,60층 626㎡(49.3×12.7m)
단일,5 미세조정,60,60,181.0,51,35,37580,400.0,10943,48523,685,7.29,0.07,4.019,14.45,60층 626㎡(43.3×14.4m)
단일,5 미세조정,60,60,181.0,51,37,37580,400.0,12070,49650,691,7.36,0.035,4.012,12.04,60층 626㎡(52.0×12.0m)
단일,5 미세조정,60,60,181.0,51,38,37580,400.0,12070,49650,691,7.36,0.053,4.011,12.04,60층 626㎡(52.0×12.0m)
단일,5 미세조정,60,60,181.0,51,33,37580,400.0,11375,48955,688,7.32,0.039,4.01,13.38,60층 626㎡(46.8×13.4m)
쌍둥이,5 미세조정,60+60,60,181.0,51,33,37580,400.0,14297,51877,702,7.47,0.033,3.992,13.14,60층 298㎡(22.7×13.1m) + 60층 328㎡(23.8×13.8m)
쌍둥이,5 미세조정,60+60,60,181.0,51,34,37580,400.0,14054,51634,700,7.46,0.054,3.984,14.25,60층 298㎡(20.9×14.2m) + 60층 328㎡(22.0×14.9m)
단일,1b 층수·세장비,60,60,181.0,51,37,37580,400.0,10096,47676,680,7.24,0.038,3.971,17.7,60층 626㎡(35.4×17.7m)
단일,1b 층수·세장비,60,60,181.0,51,36,37580,400.0,10096,47676,680,7.24,0.057,3.968,17.7,60층 626㎡(35.4×17.7m)
단일,1b 층수·세장비,60,60,181.0,51,36,37580,400.0,11802,49382,690,7.34,0.062,3.956,12.51,60층 626㎡(50.1×12.5m)
단일,1b 층수·세장비,60,60,181.0,51,39,37580,400.0,10943,48523,685,7.29,0.162,3.955,14.45,60층 626㎡(43.3×14.4m)
단일,1b 층수·세장비,60,60,181.0,51,35,37580,400.0,9735,47315,678,7.22,0.055,3.942,20.43,60층 626㎡(30.7×20.4m)
단일,1b 층수·세장비,60,60,181.0,51,41,37580,400.0,12628,50208,694,7.39,0.095,3.938,11.19,60층 626㎡(56.0×11.2m)
단일,1b 층수·세장비,60,60,181.0,51,40,37580,400.0,10512,48092,683,7.27,0.149,3.925,15.83,60층 626㎡(39.6×15.8m)
단일,1b 층수·세장비,60,60,181.0,51,36,37580,400.0,12628,50208,694,7.39,0.18,3.892,11.19,60층 626㎡(56.0×11.2m)
쌍둥이,5 미세조정,59+59,59,178.05,51,33,37580,400.0,13927,51507,712,7.57,0.038,3.998,14.37,59층 303㎡(21.1×14.4m) + 59층 334㎡(22.1×15.1m)
쌍둥이,5 미세조정,59+59,59,178.05,51,33,37580,400.0,14083,51663,713,7.58,0.038,3.997,13.59,59층 303㎡(22.3×13.6m) + 59층 334㎡(23.4×14.3m)
쌍둥이,5 미세조정,59+59,59,178.05,51,33,37580,400.0,13927,51507,712,7.57,0.04,3.991,14.37,59층 303㎡(21.1×14.4m) + 59층 334㎡(22.1×15.1m)
단일,5 미세조정,58,58,175.1,51,34,37580,400.0,10017,47597,703,7.49,0.055,4.042,17.46,58층 648㎡(37.1×17.5m)
단일,5 미세조정,58,58,175.1,51,37,37580,400.0,11859,49439,714,7.6,0.036,4.011,12.25,58층 648㎡(52.9×12.2m)
쌍둥이,5 미세조정,58+58,58,175.1,51,34,37580,400.0,13915,51495,724,7.71,0.047,3.993,13.89,58층 309㎡(22.2×13.9m) + 58층 339㎡(23.3×14.6m)
쌍둥이,5 미세조정,58+58,58,175.1,51,33,37580,400.0,13800,51380,723,7.7,0.028,3.988,14.49,58층 309㎡(21.3×14.5m) + 58층 339㎡(22.3×15.2m)
쌍둥이,5 미세조정,58+58,58,175.1,51,33,37580,400.0,14039,51619,725,7.71,0.031,3.987,13.36,58층 309㎡(23.1×13.4m) + 58층 339㎡(24.2×14.0m)
쌍둥이,5 미세조정,58+58,58,175.1,51,33,37580,400.0,14240,51820,726,7.73,0.038,3.981,12.68,58층 309㎡(24.3×12.7m) + 58층 339㎡(25.5×13.3m)
단일,5 미세조정,57,57,172.15,51,39,37580,400.0,10653,48233,720,7.66,0.063,4.038,14.82,57층 659㎡(44.5×14.8m)
단일,5 미세조정,57,57,172.15,51,34,37580,400.0,10232,47812,717,7.63,0.041,4.033,16.24,57층 659㎡(40.6×16.2m)
단일,5 미세조정,57,57,172.15,51,34,37580,400.0,10445,48025,718,7.65,0.044,4.028,15.47,57층 659㎡(42.6×15.5m)
단일,5 미세조정,57,57,172.15,51,35,37580,400.0,10526,48106,719,7.65,0.071,4.027,15.21,57층 659㎡(43.3×15.2m)
단일,5 미세조정,57,57,172.15,51,38,37580,400.0,11397,48977,724,7.71,0.062,4.017,13.02,57층 659㎡(50.6×13.0m)
단일,5 미세조정,57,57,172.15,51,33,37580,400.0,10856,48436,721,7.67,0.038,4.014,14.26,57층 659㎡(46.2×14.3m)
쌍둥이,5 미세조정,57+57,57,172.15,51,33,37580,400.0,13786,51366,736,7.83,0.029,4.001,14.01,57층 314㎡(22.4×14.0m) + 57층 345㎡(23.5×14.7m)
쌍둥이,5 미세조정,57+57,57,172.15,51,33,37580,400.0,13825,51405,736,7.84,0.029,4.001,13.83,57층 314㎡(22.7×13.8m) + 57층 345㎡(23.8×14.5m)
쌍둥이,5 미세조정,57+57,57,172.15,51,34,37580,400.0,13786,51366,736,7.83,0.048,3.996,14.01,57층 314㎡(22.4×14.0m) + 57층 345㎡(23.5×14.7m)
쌍둥이,5 미세조정,57+57,57,172.15,51,33,37580,400.0,13714,51294,735,7.83,0.033,3.996,14.37,57층 314㎡(21.8×14.4m) + 57층 345㎡(22.9×15.1m)
쌍둥이,5 미세조정,57+57,57,172.15,51,33,37580,400.0,13825,51405,736,7.84,0.044,3.994,13.83,57층 314㎡(22.7×13.8m) + 57층 345㎡(23.8×14.5m)
단일,5 미세조정,57,57,172.15,51,34,37580,400.0,11397,48977,724,7.71,0.06,3.992,13.02,57층 659㎡(50.6×13.0m)
쌍둥이,5 미세조정,57+57,57,172.15,51,33,37580,400.0,13671,51251,735,7.83,0.019,3.991,14.62,57층 314㎡(21.5×14.6m) + 57층 345㎡(22.5×15.3m)
쌍둥이,5 미세조정,57+57,57,172.15,51,33,37580,400.0,13714,51294,735,7.83,0.029,3.989,14.37,57층 314㎡(21.8×14.4m) + 57층 345㎡(22.9×15.1m)
쌍둥이,5 미세조정,57+57,57,172.15,51,33,37580,400.0,13671,51251,735,7.83,0.028,3.989,14.62,57층 314㎡(21.5×14.6m) + 57층 345㎡(22.5×15.3m)
쌍둥이,5 미세조정,56+56,56,169.2,51,33,37580,400.0,13655,51235,748,7.97,0.029,4.003,14.13,56층 320㎡(22.6×14.1m) + 56층 352㎡(23.7×14.8m)
쌍둥이,5 미세조정,56+56,56,169.2,51,33,37580,400.0,13694,51274,749,7.97,0.039,3.991,13.95,56층 320㎡(22.9×14.0m) + 56층 352㎡(24.0×14.6m)
단일,5 미세조정,55,55,166.25,51,34,37580,400.0,9741,47321,740,7.88,0.065,4.04,17.93,55층 683㎡(38.1×17.9m)
단일,5 미세조정,55,55,166.25,51,37,37580,400.0,10952,48532,748,7.96,0.034,4.024,13.78,55층 683㎡(49.6×13.8m)
단일,5 미세조정,55,55,166.25,51,33,37580,400.0,11187,48767,749,7.97,0.053,4.007,13.26,55층 683㎡(51.5×13.3m)
쌍둥이,3 쌍둥이,55+50,55,166.25,51,33,37580,400.0,13191,50771,797,8.49,0.045,4.003,14.61,55층 342㎡(23.4×14.6m) + 50층 376㎡(24.5×15.3m)
쌍둥이,5 미세조정,55+55,55,166.25,51,33,37580,400.0,13412,50992,761,8.1,0.037,3.994,14.88,55층 325㎡(21.9×14.9m) + 55층 358㎡(22.9×15.6m)
단일,1b 층수·세장비,55,55,166.25,51,37,37580,400.0,10042,47622,742,7.9,0.026,3.962,16.53,55층 683㎡(41.3×16.5m)
단일,1b 층수·세장비,55,55,166.25,51,35,37580,400.0,9299,46879,738,7.85,0.045,3.954,21.34,55층 683㎡(32.0×21.3m)
단일,1b 층수·세장비,55,55,166.25,51,33,37580,400.0,10042,47622,742,7.9,0.021,3.948,16.53,55층 683㎡(41.3×16.5m)
단일,1b 층수·세장비,55,55,166.25,51,36,37580,400.0,11278,48858,750,7.98,0.187,3.906,13.07,55층 683㎡(52.3×13.1m)
단일,5 미세조정,54,54,163.3,51,38,37580,400.0,9845,47425,755,8.03,0.049,4.058,17.12,54층 696㎡(40.7×17.1m)
단일,5 미세조정,54,54,163.3,51,37,37580,400.0,9845,47425,755,8.03,0.045,4.05,17.12,54층 696㎡(40.7×17.1m)
쌍둥이,5 미세조정,53+53,53,160.35,51,33,37580,400.0,13376,50956,789,8.4,0.051,3.999,13.98,53층 338㎡(24.2×14.0m) + 53층 371㎡(25.3×14.7m)
쌍둥이,5 미세조정,53+53,53,160.35,51,33,37580,400.0,13376,50956,789,8.4,0.037,3.998,13.98,53층 338㎡(24.2×14.0m) + 53층 371㎡(25.3×14.7m)
단일,5 미세조정,52,52,157.4,51,34,37580,400.0,9652,47232,783,8.33,0.061,4.046,17.44,52층 723㎡(41.4×17.4m)
쌍둥이,5 미세조정,52+52,52,157.4,51,33,37580,400.0,13055,50635,802,8.54,0.038,4.014,15.05,52층 344㎡(22.9×15.0m) + 52층 379㎡(24.0×15.8m)
쌍둥이,5 미세조정,52+52,52,157.4,51,34,37580,400.0,13055,50635,802,8.54,0.041,4.013,15.05,52층 344㎡(22.9×15.0m) + 52층 379㎡(24.0×15.8m)
단일,1b 층수·세장비,50,50,151.5,51,35,37580,400.0,9174,46754,811,8.63,0.025,4.093,19.39,50층 752㎡(38.8×19.4m)
단일,5 미세조정,50,50,151.5,51,34,37580,400.0,9994,47574,816,8.69,0.042,4.036,15.67,50층 752㎡(48.0×15.7m)
단일,1b 층수·세장비,50,50,151.5,51,36,37580,400.0,9553,47133,813,8.66,0.023,3.954,17.34,50층 752㎡(43.3×17.3m)
단일,1b 층수·세장비,50,50,151.5,51,35,37580,400.0,10731,48311,821,8.74,0.042,3.944,13.71,50층 752㎡(54.8×13.7m)
단일,1b 층수·세장비,50,50,151.5,51,45,37580,400.0,9947,47527,816,8.68,0.138,3.921,15.83,50층 752㎡(47.5×15.8m)
단일,5 미세조정,49,49,148.55,51,34,37580,400.0,9200,46780,828,8.81,0.066,4.054,18.81,49층 767㎡(40.8×18.8m)
단일,5 미세조정,47,47,142.65,51,33,37580,400.0,9190,46770,863,9.18,0.042,4.041,18.17,47층 800㎡(44.0×18.2m)
단일,5 미세조정,46,46,139.7,51,34,37580,400.0,8900,46480,879,9.36,0.08,4.056,19.41,46층 817㎡(42.1×19.4m)
단일,5 미세조정,46,46,139.7,51,34,37580,400.0,9087,46667,881,9.38,0.061,4.051,18.36,46층 817㎡(44.5×18.4m)
단일,5 미세조정,46,46,139.7,51,33,37580,400.0,9977,47557,887,9.44,0.061,4.028,15.06,46층 817㎡(54.2×15.1m)
단일,5 미세조정,45,45,136.75,51,34,37580,400.0,9078,46658,900,9.58,0.063,4.049,18.1,45층 835㎡(46.1×18.1m)
단일,1b 층수·세장비,45,45,136.75,51,39,37580,400.0,9041,46621,900,9.58,0.14,3.939,18.28,45층 835㎡(45.7×18.3m)
단일,1b 층수·세장비,45,45,136.75,51,36,37580,400.0,8681,46261,897,9.55,0.159,3.919,20.43,45층 835㎡(40.9×20.4m)
단일,5 미세조정,44,44,133.8,51,33,37580,400.0,9021,46601,920,9.8,0.053,4.051,18.07,44층 854㎡(47.3×18.1m)
단일,5 미세조정,43,43,130.85,51,38,37580,400.0,8517,46097,938,9.98,0.071,4.08,20.6,43층 874㎡(42.4×20.6m)
단일,1b 층수·세장비,40,40,122.0,51,36,37580,400.0,8502,46082,1008,10.73,0.046,4.084,19.39,40층 940㎡(48.5×19.4m)
단일,1b 층수·세장비,40,40,122.0,51,36,37580,400.0,8163,45743,1006,10.7,0.136,3.941,21.67,40층 940㎡(43.3×21.7m)
단일,5 미세조정,60,60,181.0,52,37,37580,400.0,10943,48523,685,7.29,0.044,4.03,14.45,60층 626㎡(43.3×14.4m)
단일,5 미세조정,60,60,181.0,52,40,37580,400.0,11151,48731,686,7.3,0.067,4.029,13.9,60층 626㎡(45.0×13.9m)
단일,5 미세조정,60,60,181.0,52,34,37580,400.0,10730,48310,684,7.28,0.051,4.025,15.08,60층 626㎡(41.5×15.1m)
쌍둥이,5 미세조정,60+60,60,181.0,52,33,37580,400.0,14211,51791,701,7.46,0.026,4.002,13.48,60층 298㎡(22.1×13.5m) + 60층 328㎡(23.2×14.1m)
쌍둥이,3 쌍둥이,60+50,60,181.0,52,33,37580,400.0,13514,51094,767,8.17,0.045,3.995,13.99,60층 313㎡(22.4×14.0m) + 50층 376㎡(24.5×15.3m)
쌍둥이,3 쌍둥이,60+55,60,181.0,52,33,37580,400.0,13851,51431,731,7.78,0.043,3.991,13.99,60층 313㎡(22.4×14.0m) + 55층 342㎡(23.4×14.6m)
쌍둥이,5 미세조정,60+60,60,181.0,52,33,37580,400.0,14297,51877,702,7.47,0.029,3.987,13.14,60층 298㎡(22.7×13.1m) + 60층 328㎡(23.8×13.8m)
쌍둥이,5 미세조정,60+60,60,181.0,52,33,37580,400.0,14054,51634,700,7.46,0.036,3.986,14.25,60층 298㎡(20.9×14.2m) + 60층 328㎡(22.0×14.9m)
쌍둥이,5 미세조정,60+60,60,181.0,52,33,37580,400.0,14211,51791,701,7.46,0.047,3.984,13.48,60층 298㎡(22.1×13.5m) + 60층 328㎡(23.2×14.1m)
단일,1b 층수·세장비,60,60,181.0,52,36,37580,400.0,10512,48092,683,7.27,0.137,3.956,15.83,60층 626㎡(39.6×15.8m)
단일,1b 층수·세장비,60,60,181.0,52,39,37580,400.0,10096,47676,680,7.24,0.162,3.948,17.7,60층 626㎡(35.4×17.7m)
단일,1b 층수·세장비,60,60,181.0,52,36,37580,400.0,12628,50208,694,7.39,0.1,3.945,11.19,60층 626㎡(56.0×11.2m)
단일,1b 층수·세장비,60,60,181.0,52,47,37580,400.0,10512,48092,683,7.27,0.105,3.941,15.83,60층 626㎡(39.6×15.8m)
단일,1b 층수·세장비,60,60,181.0,52,36,37580,400.0,11802,49382,690,7.34,0.19,3.88,12.51,60층 626㎡(50.1×12.5m)
단일,5 미세조정,59,59,178.05,52,42,37580,400.0,10847,48427,696,7.41,0.068,4.046,14.57,59층 637㎡(43.7×14.6m)
단일,5 미세조정,59,59,178.05,52,39,37580,400.0,11965,49545,703,7.48,0.07,4.003,12.14,59층 637㎡(52.5×12.1m)
쌍둥이,5 미세조정,59+59,59,178.05,52,33,37580,400.0,13927,51507,712,7.57,0.034,3.996,14.37,59층 303㎡(21.1×14.4m) + 59층 334㎡(22.1×15.1m)
단일,5 미세조정,58,58,175.1,52,38,37580,400.0,10326,47906,705,7.51,0.052,4.049,16.1,58층 648㎡(40.2×16.1m)
단일,5 미세조정,58,58,175.1,52,39,37580,400.0,10495,48075,706,7.52,0.062,4.044,15.49,58층 648㎡(41.8×15.5m)
단일,5 미세조정,58,58,175.1,52,38,37580,400.0,10817,48397,708,7.54,0.059,4.032,14.51,58층 648㎡(44.7×14.5m)
단일,5 미세조정,58,58,175.1,52,38,37580,400.0,11175,48755,710,7.56,0.061,4.027,13.61,58층 648㎡(47.6×13.6m)
단일,5 미세조정,58,58,175.1,52,34,37580,400.0,10751,48331,708,7.53,0.054,4.019,14.7,58층 648㎡(44.1×14.7m)
단일,5 미세조정,58,58,175.1,52,34,37580,400.0,10955,48535,709,7.55,0.055,4.014,14.14,58층 648㎡(45.8×14.1m)
단일,5 미세조정,58,58,175.1,52,37,37580,400.0,11859,49439,714,7.6,0.045,4.01,12.25,58층 648㎡(52.9×12.2m)
쌍둥이,5 미세조정,58+58,58,175.1,52,33,37580,400.0,13843,51423,723,7.7,0.042,3.991,14.25,58층 309㎡(21.7×14.2m) + 58층 339㎡(22.7×14.9m)
쌍둥이,5 미세조정,58+58,58,175.1,52,33,37580,400.0,13800,51380,723,7.7,0.037,3.988,14.49,58층 309㎡(21.3×14.5m) + 58층 339㎡(22.3×15.2m)
쌍둥이,5 미세조정,58+58,58,175.1,52,33,37580,400.0,13954,51534,724,7.71,0.039,3.987,13.71,58층 309㎡(22.5×13.7m) + 58층 339㎡(23.6×14.4m)
쌍둥이,5 미세조정,58+58,58,175.1,52,33,37580,400.0,13915,51495,724,7.71,0.034,3.98,13.89,58층 309㎡(22.2×13.9m) + 58층 339㎡(23.3×14.6m)
단일,5 미세조정,57,57,172.15,52,39,37580,400.0,10232,47812,717,7.63,0.066,4.043,16.24,57층 659㎡(40.6×16.2m)
단일,5 미세조정,57,57,172.15,52,42,37580,400.0,11158,48738,723,7.69,0.07,4.035,13.53,57층 659㎡(48.7×13.5m)
단일,5 미세조정,57,57,172.15,52,38,37580,400.0,11158,48738,723,7.69,0.061,4.025,13.53,57층 659㎡(48.7×13.5m)
단일,5 미세조정,57,57,172.15,52,34,37580,400.0,10526,48106,719,7.65,0.053,4.024,15.21,57층 659㎡(43.3×15.2m)
단일,5 미세조정,57,57,172.15,52,34,37580,400.0,10719,48299,720,7.66,0.055,4.018,14.64,57층 659㎡(45.0×14.6m)
쌍둥이,5 미세조정,57+57,57,172.15,52,33,37580,400.0,13671,51251,735,7.83,0.018,3.999,14.62,57층 314㎡(21.5×14.6m) + 57층 345㎡(22.5×15.3m)
쌍둥이,5 미세조정,57+57,57,172.15,52,33,37580,400.0,13588,51168,735,7.82,0.027,3.998,15.19,57층 314㎡(20.7×15.2m) + 57층 345㎡(21.7×15.9m)
쌍둥이,5 미세조정,57+57,57,172.15,52,33,37580,400.0,13588,51168,735,7.82,0.036,3.997,15.19,57층 314㎡(20.7×15.2m) + 57층 345㎡(21.7×15.9m)
쌍둥이,5 미세조정,57+57,57,172.15,52,33,37580,400.0,13909,51489,737,7.84,0.049,3.988,13.48,57층 314㎡(23.3×13.5m) + 57층 345㎡(24.4×14.1m)
쌍둥이,5 미세조정,57+57,57,172.15,52,33,37580,400.0,13786,51366,736,7.83,0.035,3.982,14.01,57층 314㎡(22.4×14.0m) + 57층 345㎡(23.5×14.7m)
단일,5 미세조정,56,56,169.2,52,35,37580,400.0,10138,47718,729,7.76,0.069,4.032,16.38,56층 671㎡(41.0×16.4m)
단일,5 미세조정,56,56,169.2,52,37,37580,400.0,10755,48335,733,7.8,0.042,4.032,14.39,56층 671㎡(46.6×14.4m)
쌍둥이,5 미세조정,56+56,56,169.2,52,33,37580,400.0,13585,51165,748,7.96,0.032,3.997,14.5,56층 320㎡(22.0×14.5m) + 56층 352㎡(23.1×15.2m)
쌍둥이,5 미세조정,56+56,56,169.2,52,33,37580,400.0,13777,51357,749,7.97,0.047,3.989,13.6,56층 320㎡(23.5×13.6m) + 56층 352㎡(24.6×14.3m)
단일,1b 층수·세장비,55,55,166.25,52,43,37580,400.0,10455,48035,745,7.93,0.077,4.045,15.09,55층 683㎡(45.3×15.1m)
단일,5 미세조정,55,55,166.25,52,40,37580,400.0,10455,48035,745,7.93,0.07,4.044,15.09,55층 683㎡(45.3×15.1m)
단일,5 미세조정,55,55,166.25,52,37,37580,400.0,10042,47622,742,7.9,0.048,4.043,16.53,55층 683㎡(41.3×16.5m)
단일,5 미세조정,55,55,166.25,52,40,37580,400.0,10520,48100,745,7.93,0.071,4.04,14.9,55층 683㎡(45.9×14.9m)
쌍둥이,5 미세조정,55+55,55,166.25,52,33,37580,400.0,13562,51142,761,8.11,0.049,3.992,14.08,55층 325㎡(23.1×14.1m) + 55층 358㎡(24.2×14.8m)
쌍둥이,5 미세조정,55+55,55,166.25,52,33,37580,400.0,13524,51104,761,8.1,0.044,3.988,14.26,55층 325㎡(22.8×14.3m) + 55층 358㎡(23.9×15.0m)
단일,1b 층수·세장비,55,55,166.25,52,33,37580,400.0,12068,49648,754,8.03,0.02,3.982,11.69,55층 683㎡(58.4×11.7m)
단일,1b 층수·세장비,55,55,166.25,52,35,37580,400.0,10042,47622,742,7.9,0.083,3.961,16.53,55층 683㎡(41.3×16.5m)
단일,1b 층수·세장비,55,55,166.25,52,36,37580,400.0,10042,47622,742,7.9,0.051,3.958,16.53,55층 683㎡(41.3×16.5m)
단일,1b 층수·세장비,55,55,166.25,52,38,37580,400.0,10455,48035,745,7.93,0.099,3.95,15.09,55층 683㎡(45.3×15.1m)
단일,1b 층수·세장비,55,55,166.25,52,37,37580,400.0,10042,47622,742,7.9,0.175,3.936,16.53,55층 683㎡(41.3×16.5m)
단일,1b 층수·세장비,55,55,166.25,52,37,37580,400.0,9644,47224,740,7.87,0.179,3.925,18.48,55층 683㎡(37.0×18.5m)
단일,1b 층수·세장비,55,55,166.25,52,36,37580,400.0,10042,47622,742,7.9,0.167,3.905,16.53,55층 683㎡(41.3×16.5m)
단일,5 미세조정,54,54,163.3,52,34,37580,400.0,9845,47425,755,8.03,0.031,4.046,17.12,54층 696㎡(40.7×17.1m)
쌍둥이,5 미세조정,54+54,54,163.3,52,33,37580,400.0,13199,50779,773,8.23,0.031,3.994,15.61,54층 331㎡(21.2×15.6m) + 54층 365㎡(22.3×16.4m)
단일,5 미세조정,53,53,160.35,52,38,37580,400.0,9749,47329,768,8.18,0.059,4.055,17.28,53층 709㎡(41.0×17.3m)
쌍둥이,5 미세조정,53+53,53,160.35,52,33,37580,400.0,13068,50648,787,8.38,0.027,4.009,15.76,53층 338㎡(21.4×15.8m) + 53층 371㎡(22.5×16.5m)
쌍둥이,5 미세조정,53+53,53,160.35,52,33,37580,400.0,13068,50648,787,8.38,0.046,4.002,15.76,53층 338㎡(21.4×15.8m) + 53층 371㎡(22.5×16.5m)
단일,1b 층수·세장비,50,50,151.5,52,35,37580,400.0,10731,48311,821,8.74,0.055,3.952,13.71,50층 752㎡(54.8×13.7m)
단일,1b 층수·세장비,50,50,151.5,52,38,37580,400.0,9553,47133,813,8.66,0.104,3.948,17.34,50층 752㎡(43.3×17.3m)
단일,1b 층수·세장비,50,50,151.5,52,42,37580,400.0,9947,47527,816,8.68,0.146,3.945,15.83,50층 752㎡(47.5×15.8m)
단일,5 미세조정,49,49,148.55,52,37,37580,400.0,9300,46880,828,8.82,0.059,4.061,18.26,49층 767㎡(42.0×18.3m)
단일,5 미세조정,49,49,148.55,52,34,37580,400.0,9120,46700,827,8.8,0.066,4.055,19.3,49층 767㎡(39.7×19.3m)
단일,5 미세조정,49,49,148.55,52,39,37580,400.0,9491,47071,830,8.83,0.072,4.053,17.34,49층 767㎡(44.2×17.3m)
단일,5 미세조정,49,49,148.55,52,33,37580,400.0,9890,47470,832,8.86,0.048,4.023,15.83,49층 767㎡(48.4×15.8m)
단일,5 미세조정,48,48,145.6,52,40,37580,400.0,9200,46780,845,8.99,0.081,4.061,18.44,48층 783㎡(42.4×18.4m)
단일,5 미세조정,46,46,139.7,52,34,37580,400.0,9087,46667,881,9.38,0.039,4.054,18.36,46층 817㎡(44.5×18.4m)
단일,1b 층수·세장비,45,45,136.75,52,39,37580,400.0,8681,46261,897,9.55,0.071,3.947,20.43,45층 835㎡(40.9×20.4m)
단일,1b 층수·세장비,45,45,136.75,52,36,37580,400.0,9041,46621,900,9.58,0.085,3.941,18.28,45층 835㎡(45.7×18.3m)
단일,1a 방위·위치,45,45,136.75,52,33,37580,400.0,9041,46621,900,9.58,0.059,3.937,18.28,45층 835㎡(45.7×18.3m)
단일,1b 층수·세장비,45,45,136.75,52,39,37580,400.0,8368,45948,895,9.53,0.119,3.936,23.6,45층 835㎡(35.4×23.6m)
단일,1b 층수·세장비,45,45,136.75,52,36,37580,400.0,9415,46995,903,9.61,0.099,3.924,16.68,45층 835㎡(50.1×16.7m)
단일,1b 층수·세장비,45,45,136.75,52,43,37580,400.0,9415,46995,903,9.61,0.233,3.919,16.68,45층 835㎡(50.1×16.7m)
단일,5 미세조정,44,44,133.8,52,34,37580,400.0,8696,46276,918,9.77,0.035,4.065,19.85,44층 854㎡(43.0×19.9m)
단일,5 미세조정,44,44,133.8,52,33,37580,400.0,8972,46552,920,9.79,0.029,4.056,18.3,44층 854㎡(46.7×18.3m)
단일,1b 층수·세장비,40,40,122.0,52,36,37580,400.0,7868,45448,1003,10.68,0.213,3.93,25.03,40층 940㎡(37.5×25.0m)
단일,1b 층수·세장비,60,60,181.0,53,41,37580,400.0,10512,48092,683,7.27,0.062,4.079,15.83,60층 626㎡(39.6×15.8m)
단일,1b 층수·세장비,60,60,181.0,53,42,37580,400.0,10096,47676,680,7.24,0.064,4.075,17.7,60층 626㎡(35.4×17.7m)
단일,1b 층수·세장비,60,60,181.0,53,39,37580,400.0,10512,48092,683,7.27,0.06,4.039,15.83,60층 626㎡(39.6×15.8m)
단일,5 미세조정,60,60,181.0,53,40,37580,400.0,11011,48591,686,7.3,0.067,4.031,14.26,60층 626㎡(43.9×14.3m)
단일,5 미세조정,60,60,181.0,53,37,37580,400.0,10555,48135,683,7.27,0.055,4.025,15.67,60층 626㎡(40.0×15.7m)
단일,5 미세조정,60,60,181.0,53,35,37580,400.0,11151,48731,686,7.3,0.065,4.003,13.9,60층 626㎡(45.0×13.9m)
쌍둥이,5 미세조정,60+60,60,181.0,53,33,37580,400.0,14054,51634,700,7.46,0.019,3.996,14.25,60층 298㎡(20.9×14.2m) + 60층 328㎡(22.0×14.9m)
쌍둥이,5 미세조정,60+60,60,181.0,53,34,37580,400.0,14211,51791,701,7.46,0.044,3.993,13.48,60층 298㎡(22.1×13.5m) + 60층 328㎡(23.2×14.1m)
쌍둥이,5 미세조정,60+60,60,181.0,53,33,37580,400.0,14054,51634,700,7.46,0.044,3.989,14.25,60층 298㎡(20.9×14.2m) + 60층 328㎡(22.0×14.9m)
단일,1b 층수·세장비,60,60,181.0,53,39,37580,400.0,10096,47676,680,7.24,0.154,3.963,17.7,60층 626㎡(35.4×17.7m)
단일,1b 층수·세장비,60,60,181.0,53,41,37580,400.0,10512,48092,683,7.27,0.072,3.958,15.83,60층 626㎡(39.6×15.8m)
단일,1b 층수·세장비,60,60,181.0,53,39,37580,400.0,10096,47676,680,7.24,0.161,3.95,17.7,60층 626㎡(35.4×17.7m)
단일,1b 층수·세장비,60,60,181.0,53,40,37580,400.0,10512,48092,683,7.27,0.141,3.947,15.83,60층 626㎡(39.6×15.8m)
단일,1b 층수·세장비,60,60,181.0,53,37,37580,400.0,9735,47315,678,7.22,0.138,3.924,20.43,60층 626㎡(30.7×20.4m)
단일,5 미세조정,59,59,178.05,53,37,37580,400.0,10590,48170,695,7.4,0.051,4.036,15.36,59층 637㎡(41.5×15.4m)
쌍둥이,5 미세조정,59+59,59,178.05,53,34,37580,400.0,14083,51663,713,7.58,0.045,3.994,13.59,59층 303㎡(22.3×13.6m) + 59층 334㎡(23.4×14.3m)
쌍둥이,5 미세조정,59+59,59,178.05,53,33,37580,400.0,13927,51507,712,7.57,0.026,3.987,14.37,59층 303㎡(21.1×14.4m) + 59층 334㎡(22.1×15.1m)
쌍둥이,5 미세조정,59+59,59,178.05,53,34,37580,400.0,13927,51507,712,7.57,0.045,3.984,14.37,59층 303㎡(21.1×14.4m) + 59층 334㎡(22.1×15.1m)
쌍둥이,5 미세조정,59+59,59,178.05,53,33,37580,400.0,14083,51663,713,7.58,0.045,3.984,13.59,59층 303㎡(22.3×13.6m) + 59층 334㎡(23.4×14.3m)
단일,5 미세조정,58,58,175.1,53,37,37580,400.0,10326,47906,705,7.51,0.048,4.044,16.1,58층 648㎡(40.2×16.1m)
단일,5 미세조정,58,58,175.1,53,37,37580,400.0,10222,47802,705,7.5,0.047,4.043,16.52,58층 648㎡(39.2×16.5m)
단일,5 미세조정,58,58,175.1,53,37,37580,400.0,10326,47906,705,7.51,0.05,4.038,16.1,58층 648㎡(40.2×16.1m)
단일,5 미세조정,58,58,175.1,53,37,37580,400.0,10751,48331,708,7.53,0.041,4.036,14.7,58층 648㎡(44.1×14.7m)
단일,5 미세조정,58,58,175.1,53,37,37580,400.0,10955,48535,709,7.55,0.042,4.033,14.14,58층 648㎡(45.8×14.1m)
단일,5 미세조정,58,58,175.1,53,34,37580,400.0,10623,48203,707,7.53,0.053,4.027,15.08,58층 648㎡(43.0×15.1m)
단일,5 미세조정,58,58,175.1,53,34,37580,400.0,10751,48331,708,7.53,0.063,4.022,14.7,58층 648㎡(44.1×14.7m)
단일,5 미세조정,58,58,175.1,53,34,37580,400.0,10817,48397,708,7.54,0.063,4.02,14.51,58층 648㎡(44.7×14.5m)
쌍둥이,5 미세조정,58+58,58,175.1,53,33,37580,400.0,13800,51380,723,7.7,0.044,3.992,14.49,58층 309㎡(21.3×14.5m) + 58층 339㎡(22.3×15.2m)
쌍둥이,5 미세조정,58+58,58,175.1,53,34,37580,400.0,13800,51380,723,7.7,0.046,3.992,14.49,58층 309㎡(21.3×14.5m) + 58층 339㎡(22.3×15.2m)
쌍둥이,5 미세조정,58+58,58,175.1,53,33,37580,400.0,13800,51380,723,7.7,0.042,3.991,14.49,58층 309㎡(21.3×14.5m) + 58층 339㎡(22.3×15.2m)
쌍둥이,5 미세조정,58+58,58,175.1,53,33,37580,400.0,13954,51534,724,7.71,0.046,3.987,13.71,58층 309㎡(22.5×13.7m) + 58층 339㎡(23.6×14.4m)
단일,5 미세조정,57,57,172.15,53,38,37580,400.0,9926,47506,715,7.61,0.045,4.046,17.61,57층 659㎡(37.4×17.6m)
단일,5 미세조정,57,57,172.15,53,41,37580,400.0,10445,48025,718,7.65,0.069,4.046,15.47,57층 659㎡(42.6×15.5m)
단일,5 미세조정,57,57,172.15,53,33,37580,400.0,10274,47854,717,7.64,0.047,4.028,16.08,57층 659㎡(41.0×16.1m)
쌍둥이,5 미세조정,57+57,57,172.15,53,34,37580,400.0,13671,51251,735,7.83,0.047,3.994,14.62,57층 314㎡(21.5×14.6m) + 57층 345㎡(22.5×15.3m)
쌍둥이,5 미세조정,57+57,57,172.15,53,33,37580,400.0,13671,51251,735,7.83,0.046,3.986,14.62,57층 314㎡(21.5×14.6m) + 57층 345㎡(22.5×15.3m)
단일,5 미세조정,56,56,169.2,53,39,37580,400.0,10304,47884,730,7.77,0.068,4.036,15.77,56층 671㎡(42.6×15.8m)
단일,5 미세조정,56,56,169.2,53,37,37580,400.0,11293,48873,736,7.84,0.053,4.018,13.14,56층 671㎡(51.1×13.1m)
단일,5 미세조정,56,56,169.2,53,40,37580,400.0,11055,48635,735,7.82,0.069,4.013,13.65,56층 671㎡(49.2×13.7m)
쌍둥이,5 미세조정,56+56,56,169.2,53,33,37580,400.0,13655,51235,748,7.97,0.053,3.987,14.13,56층 320㎡(22.6×14.1m) + 56층 352㎡(23.7×14.8m)
쌍둥이,5 미세조정,56+56,56,169.2,53,33,37580,400.0,13460,51040,747,7.95,0.04,3.985,15.33,56층 320㎡(20.8×15.3m) + 56층 352㎡(21.9×16.1m)
단일,1b 층수·세장비,55,55,166.25,53,41,37580,400.0,10042,47622,742,7.9,0.063,4.073,16.53,55층 683㎡(41.3×16.5m)
단일,5 미세조정,55,55,166.25,53,40,37580,400.0,9940,47520,742,7.89,0.068,4.051,16.96,55층 683㎡(40.3×17.0m)
단일,5 미세조정,55,55,166.25,53,34,37580,400.0,9741,47321,740,7.88,0.038,4.044,17.93,55층 683㎡(38.1×17.9m)
단일,5 미세조정,55,55,166.25,53,38,37580,400.0,10505,48085,745,7.93,0.061,4.033,14.94,55층 683㎡(45.7×14.9m)
단일,5 미세조정,55,55,166.25,53,37,37580,400.0,10655,48235,746,7.94,0.052,4.032,14.52,55층 683㎡(47.1×14.5m)
쌍둥이,3 쌍둥이,55+55,55,166.25,53,33,37580,400.0,13527,51107,761,8.1,0.045,3.998,14.61,55층 342㎡(23.4×14.6m) + 55층 342㎡(23.4×14.6m)
쌍둥이,5 미세조정,55+55,55,166.25,53,33,37580,400.0,13645,51225,762,8.11,0.055,3.984,13.72,55층 325㎡(23.7×13.7m) + 55층 358㎡(24.9×14.4m)
단일,1b 층수·세장비,55,55,166.25,53,34,37580,400.0,10042,47622,742,7.9,0.038,3.967,16.53,55층 683㎡(41.3×16.5m)
단일,1b 층수·세장비,55,55,166.25,53,44,37580,400.0,9644,47224,740,7.87,0.155,3.962,18.48,55층 683㎡(37.0×18.5m)
단일,1b 층수·세장비,55,55,166.25,53,36,37580,400.0,10455,48035,745,7.93,0.076,3.961,15.09,55층 683㎡(45.3×15.1m)
단일,1b 층수·세장비,55,55,166.25,53,39,37580,400.0,9644,47224,740,7.87,0.115,3.96,18.48,55층 683㎡(37.0×18.5m)
단일,1b 층수·세장비,55,55,166.25,53,35,37580,400.0,10042,47622,742,7.9,0.093,3.96,16.53,55층 683㎡(41.3×16.5m)
단일,1b 층수·세장비,55,55,166.25,53,36,37580,400.0,11278,48858,750,7.98,0.114,3.944,13.07,55층 683㎡(52.3×13.1m)
단일,1b 층수·세장비,55,55,166.25,53,37,37580,400.0,9644,47224,740,7.87,0.171,3.944,18.48,55층 683㎡(37.0×18.5m)
단일,1b 층수·세장비,55,55,166.25,53,36,37580,400.0,9299,46879,738,7.85,0.177,3.925,21.34,55층 683㎡(32.0×21.3m)
단일,1b 층수·세장비,55,55,166.25,53,37,37580,400.0,9299,46879,738,7.85,0.147,3.919,21.34,55층 683㎡(32.0×21.3m)
단일,1b 층수·세장비,55,55,166.25,53,39,37580,400.0,10042,47622,742,7.9,0.16,3.916,16.53,55층 683㎡(41.3×16.5m)
단일,1b 층수·세장비,55,55,166.25,53,36,37580,400.0,12068,49648,754,8.03,0.113,3.912,11.69,55층 683㎡(58.4×11.7m)
단일,1b 층수·세장비,55,55,166.25,53,40,37580,400.0,9644,47224,740,7.87,0.168,3.897,18.48,55층 683㎡(37.0×18.5m)
단일,1b 층수·세장비,55,55,166.25,53,37,37580,400.0,10455,48035,745,7.93,0.2,3.892,15.09,55층 683㎡(45.3×15.1m)
단일,5 미세조정,54,54,163.3,53,34,37580,400.0,9845,47425,755,8.03,0.05,4.042,17.12,54층 696㎡(40.7×17.1m)
단일,5 미세조정,54,54,163.3,53,37,37580,400.0,10109,47689,756,8.05,0.059,4.04,16.05,54층 696㎡(43.3×16.1m)
단일,5 미세조정,54,54,163.3,53,37,37580,400.0,10405,47985,758,8.07,0.052,4.034,15.08,54층 696㎡(46.1×15.1m)
쌍둥이,5 미세조정,54+54,54,163.3,53,33,37580,400.0,13391,50971,775,8.24,0.033,4.004,14.39,54층 331㎡(23.0×14.4m) + 54층 365㎡(24.2×15.1m)
단일,5 미세조정,53,53,160.35,53,34,37580,400.0,9749,47329,768,8.18,0.07,4.038,17.28,53층 709㎡(41.0×17.3m)
단일,5 미세조정,52,52,157.4,53,34,37580,400.0,9458,47038,781,8.32,0.052,4.048,18.44,52층 723㎡(39.2×18.4m)
단일,5 미세조정,52,52,157.4,53,38,37580,400.0,10153,47733,786,8.36,0.062,4.035,15.52,52층 723㎡(46.6×15.5m)
단일,5 미세조정,50,50,151.5,53,34,37580,400.0,9493,47073,813,8.65,0.069,4.045,17.61,50층 752㎡(42.7×17.6m)
단일,1b 층수·세장비,50,50,151.5,53,35,37580,400.0,9947,47527,816,8.68,0.08,3.958,15.83,50층 752㎡(47.5×15.8m)
단일,1b 층수·세장비,50,50,151.5,53,36,37580,400.0,9553,47133,813,8.66,0.05,3.952,17.34,50층 752㎡(43.3×17.3m)
단일,1b 층수·세장비,50,50,151.5,53,36,37580,400.0,9947,47527,816,8.68,0.142,3.916,15.83,50층 752㎡(47.5×15.8m)
단일,5 미세조정,49,49,148.55,53,39,37580,400.0,9120,46700,827,8.8,0.077,4.063,19.3,49층 767㎡(39.7×19.3m)
단일,5 미세조정,49,49,148.55,53,36,37580,400.0,9300,46880,828,8.82,0.079,4.047,18.26,49층 767㎡(42.0×18.3m)
단일,5 미세조정,49,49,148.55,53,38,37580,400.0,9543,47123,830,8.83,0.083,4.037,17.12,49층 767㎡(44.8×17.1m)
단일,5 미세조정,48,48,145.6,53,33,37580,400.0,9546,47126,847,9.02,0.056,4.028,16.86,48층 783㎡(46.4×16.9m)
단일,5 미세조정,47,47,142.65,53,37,37580,400.0,10089,47669,869,9.25,0.061,4.029,14.9,47층 800㎡(53.7×14.9m)
단일,5 미세조정,46,46,139.7,53,33,37580,400.0,9183,46763,881,9.38,0.044,4.042,17.9,46층 817㎡(45.6×17.9m)
단일,1a 방위·위치,45,45,136.75,53,41,37580,400.0,9041,46621,900,9.58,0.07,4.079,18.28,45층 835㎡(45.7×18.3m)
단일,1b 층수·세장비,45,45,136.75,53,37,37580,400.0,9415,46995,903,9.61,0.044,4.051,16.68,45층 835㎡(50.1×16.7m)
단일,5 미세조정,45,45,136.75,53,33,37580,400.0,9302,46882,902,9.6,0.046,4.051,17.12,45층 835㎡(48.8×17.1m)
단일,1b 층수·세장비,45,45,136.75,53,39,37580,400.0,8681,46261,897,9.55,0.169,3.939,20.43,45층 835㎡(40.9×20.4m)
단일,1a 방위·위치,45,45,136.75,53,37,37580,400.0,9041,46621,900,9.58,0.198,3.925,18.28,45층 835㎡(45.7×18.3m)
단일,1a 방위·위치,45,45,136.75,53,44,37580,400.0,9041,46621,900,9.58,0.235,3.922,18.28,45층 835㎡(45.7×18.3m)
단일,1b 층수·세장비,45,45,136.75,53,36,37580,400.0,10158,47738,908,9.67,0.075,3.906,14.45,45층 835㎡(57.8×14.4m)
단일,5 미세조정,44,44,133.8,53,33,37580,400.0,9349,46929,923,9.82,0.035,4.041,16.71,44층 854㎡(51.1×16.7m)
단일,5 미세조정,43,43,130.85,53,37,37580,400.0,9084,46664,942,10.03,0.069,4.061,17.51,43층 874㎡(49.9×17.5m)
단일,1b 층수·세장비,40,40,122.0,53,35,37580,400.0,8502,46082,1008,10.73,0.038,4.087,19.39,40층 940㎡(48.5×19.4m)
단일,1b 층수·세장비,40,40,122.0,53,39,37580,400.0,8854,46434,1011,10.76,0.095,3.943,17.7,40층 940㎡(53.1×17.7m)
단일,1b 층수·세장비,40,40,122.0,53,36,37580,400.0,7868,45448,1003,10.68,0.124,3.937,25.03,40층 940㎡(37.5×25.0m)
단일,1b 층수·세장비,40,40,122.0,53,37,37580,400.0,8502,46082,1008,10.73,0.215,3.923,19.39,40층 940㎡(48.5×19.4m)
단일,5 미세조정,60,60,181.0,54,34,37580,400.0,10197,47777,681,7.25,0.038,4.044,17.17,60층 626㎡(36.5×17.2m)
단일,5 미세조정,60,60,181.0,54,33,37580,400.0,10197,47777,681,7.25,0.046,4.033,17.17,60층 626㎡(36.5×17.2m)
단일,1b 층수·세장비,60,60,181.0,54,40,37580,400.0,12628,50208,694,7.39,0.054,4.023,11.19,60층 626㎡(56.0×11.2m)
단일,5 미세조정,60,60,181.0,54,40,37580,400.0,11461,49041,688,7.32,0.066,4.013,13.19,60층 626㎡(47.5×13.2m)
단일,5 미세조정,60,60,181.0,54,34,37580,400.0,11707,49287,689,7.34,0.068,3.982,12.69,60층 626㎡(49.3×12.7m)
단일,1b 층수·세장비,60,60,181.0,54,37,37580,400.0,10096,47676,680,7.24,0.133,3.961,17.7,60층 626㎡(35.4×17.7m)
단일,1b 층수·세장비,60,60,181.0,54,37,37580,400.0,10943,48523,685,7.29,0.121,3.953,14.45,60층 626㎡(43.3×14.4m)
단일,1b 층수·세장비,60,60,181.0,54,41,37580,400.0,10096,47676,680,7.24,0.158,3.951,17.7,60층 626㎡(35.4×17.7m)
단일,1b 층수·세장비,60,60,181.0,54,37,37580,400.0,11802,49382,690,7.34,0.047,3.951,12.51,60층 626㎡(50.1×12.5m)
단일,1b 층수·세장비,60,60,181.0,54,45,37580,400.0,10943,48523,685,7.29,0.178,3.923,14.45,60층 626㎡(43.3×14.4m)
단일,1b 층수·세장비,60,60,181.0,54,41,37580,400.0,9735,47315,678,7.22,0.15,3.902,20.43,60층 626㎡(30.7×20.4m)
단일,5 미세조정,59,59,178.05,54,34,37580,400.0,10462,48042,694,7.39,0.044,4.022,15.8,59층 637㎡(40.3×15.8m)
단일,5 미세조정,59,59,178.05,54,33,37580,400.0,11208,48788,698,7.43,0.043,4.007,13.65,59층 637㎡(46.7×13.6m)
단일,5 미세조정,59,59,178.05,54,36,37580,400.0,11275,48855,699,7.44,0.052,4.005,13.49,59층 637㎡(47.2×13.5m)
단일,5 미세조정,58,58,175.1,54,41,37580,400.0,10368,47948,706,7.51,0.067,4.05,15.94,58층 648㎡(40.6×15.9m)
단일,5 미세조정,58,58,175.1,54,38,37580,400.0,10326,47906,705,7.51,0.056,4.043,16.1,58층 648㎡(40.2×16.1m)
단일,5 미세조정,58,58,175.1,54,36,37580,400.0,10326,47906,705,7.51,0.042,4.037,16.1,58층 648㎡(40.2×16.1m)
단일,5 미세조정,58,58,175.1,54,41,37580,400.0,10495,48075,706,7.52,0.078,4.032,15.49,58층 648㎡(41.8×15.5m)
단일,5 미세조정,58,58,175.1,54,33,37580,400.0,10017,47597,703,7.49,0.046,4.031,17.46,58층 648㎡(37.1×17.5m)
단일,5 미세조정,58,58,175.1,54,33,37580,400.0,10326,47906,705,7.51,0.047,4.029,16.1,58층 648㎡(40.2×16.1m)
단일,5 미세조정,58,58,175.1,54,34,37580,400.0,10495,48075,706,7.52,0.048,4.026,15.49,58층 648㎡(41.8×15.5m)
단일,5 미세조정,58,58,175.1,54,41,37580,400.0,10955,48535,709,7.55,0.077,4.026,14.14,58층 648㎡(45.8×14.1m)
단일,5 미세조정,58,58,175.1,54,41,37580,400.0,10751,48331,708,7.53,0.08,4.024,14.7,58층 648㎡(44.1×14.7m)
단일,5 미세조정,58,58,175.1,54,37,37580,400.0,10751,48331,708,7.53,0.059,4.014,14.7,58층 648㎡(44.1×14.7m)
단일,5 미세조정,58,58,175.1,54,40,37580,400.0,11175,48755,710,7.56,0.067,4.014,13.61,58층 648㎡(47.6×13.6m)
단일,5 미세조정,58,58,175.1,54,33,37580,400.0,11108,48688,710,7.55,0.043,4.007,13.76,58층 648㎡(47.1×13.8m)
단일,5 미세조정,57,57,172.15,54,38,37580,400.0,9926,47506,715,7.61,0.059,4.05,17.61,57층 659㎡(37.4×17.6m)
단일,5 미세조정,57,57,172.15,54,41,37580,400.0,10653,48233,720,7.66,0.072,4.041,14.82,57층 659㎡(44.5×14.8m)
단일,5 미세조정,57,57,172.15,54,40,37580,400.0,10704,48284,720,7.66,0.069,4.032,14.68,57층 659㎡(44.9×14.7m)
단일,5 미세조정,57,57,172.15,54,34,37580,400.0,10653,48233,720,7.66,0.05,4.016,14.82,57층 659㎡(44.5×14.8m)
단일,5 미세조정,57,57,172.15,54,34,37580,400.0,10719,48299,720,7.66,0.051,4.015,14.64,57층 659㎡(45.0×14.6m)
단일,5 미세조정,57,57,172.15,54,40,37580,400.0,11158,48738,723,7.69,0.069,4.011,13.53,57층 659㎡(48.7×13.5m)
단일,5 미세조정,57,57,172.15,54,36,37580,400.0,11397,48977,724,7.71,0.061,4.004,13.02,57층 659㎡(50.6×13.0m)
단일,5 미세조정,57,57,172.15,54,33,37580,400.0,11751,49331,726,7.73,0.047,3.991,12.35,57층 659㎡(53.4×12.4m)
쌍둥이,5 미세조정,57+57,57,172.15,54,33,37580,400.0,13825,51405,736,7.84,0.046,3.987,13.83,57층 314㎡(22.7×13.8m) + 57층 345㎡(23.8×14.5m)
단일,5 미세조정,56,56,169.2,54,38,37580,400.0,10035,47615,729,7.76,0.056,4.044,16.81,56층 671㎡(39.9×16.8m)
단일,5 미세조정,56,56,169.2,54,33,37580,400.0,10605,48185,732,7.79,0.051,4.017,14.81,56층 671㎡(45.3×14.8m)
단일,5 미세조정,55,55,166.25,54,38,37580,400.0,11535,49115,751,8.0,0.064,4.007,12.58,55층 683㎡(54.3×12.6m)
단일,1b 층수·세장비,55,55,166.25,54,33,37580,400.0,12068,49648,754,8.03,0.042,3.976,11.69,55층 683㎡(58.4×11.7m)
단일,1b 층수·세장비,55,55,166.25,54,36,37580,400.0,10042,47622,742,7.9,0.096,3.961,16.53,55층 683㎡(41.3×16.5m)
단일,1b 층수·세장비,55,55,166.25,54,37,37580,400.0,10455,48035,745,7.93,0.12,3.955,15.09,55층 683㎡(45.3×15.1m)
단일,1b 층수·세장비,55,55,166.25,54,35,37580,400.0,9299,46879,738,7.85,0.107,3.953,21.34,55층 683㎡(32.0×21.3m)
단일,1b 층수·세장비,55,55,166.25,54,35,37580,400.0,10455,48035,745,7.93,0.031,3.953,15.09,55층 683㎡(45.3×15.1m)
단일,1b 층수·세장비,55,55,166.25,54,35,37580,400.0,10042,47622,742,7.9,0.084,3.949,16.53,55층 683㎡(41.3×16.5m)
단일,1b 층수·세장비,55,55,166.25,54,35,37580,400.0,11278,48858,750,7.98,0.05,3.938,13.07,55층 683㎡(52.3×13.1m)
단일,1b 층수·세장비,55,55,166.25,54,41,37580,400.0,12068,49648,754,8.03,0.086,3.93,11.69,55층 683㎡(58.4×11.7m)
단일,1b 층수·세장비,55,55,166.25,54,36,37580,400.0,12068,49648,754,8.03,0.136,3.901,11.69,55층 683㎡(58.4×11.7m)
단일,5 미세조정,54,54,163.3,54,34,37580,400.0,9845,47425,755,8.03,0.041,4.042,17.12,54층 696㎡(40.7×17.1m)
단일,5 미세조정,54,54,163.3,54,34,37580,400.0,10109,47689,756,8.05,0.056,4.037,16.05,54층 696㎡(43.3×16.1m)
단일,5 미세조정,53,53,160.35,54,38,37580,400.0,9749,47329,768,8.18,0.058,4.046,17.28,53층 709㎡(41.0×17.3m)
단일,5 미세조정,52,52,157.4,54,40,37580,400.0,9911,47491,784,8.35,0.071,4.052,16.36,52층 723㎡(44.2×16.4m)
단일,1b 층수·세장비,50,50,151.5,54,35,37580,400.0,9553,47133,813,8.66,0.078,3.956,17.34,50층 752㎡(43.3×17.3m)
단일,1b 층수·세장비,50,50,151.5,54,35,37580,400.0,9553,47133,813,8.66,0.103,3.947,17.34,50층 752㎡(43.3×17.3m)
단일,1b 층수·세장비,50,50,151.5,54,39,37580,400.0,9947,47527,816,8.68,0.133,3.939,15.83,50층 752㎡(47.5×15.8m)
단일,1b 층수·세장비,50,50,151.5,54,36,37580,400.0,10731,48311,821,8.74,0.11,3.937,13.71,50층 752㎡(54.8×13.7m)
단일,1b 층수·세장비,50,50,151.5,54,36,37580,400.0,10731,48311,821,8.74,0.138,3.918,13.71,50층 752㎡(54.8×13.7m)
단일,1b 층수·세장비,50,50,151.5,54,37,37580,400.0,9553,47133,813,8.66,0.196,3.912,17.34,50층 752㎡(43.3×17.3m)
단일,1b 층수·세장비,50,50,151.5,54,37,37580,400.0,9947,47527,816,8.68,0.204,3.899,15.83,50층 752㎡(47.5×15.8m)
단일,1b 층수·세장비,50,50,151.5,54,36,37580,400.0,10731,48311,821,8.74,0.208,3.885,13.71,50층 752㎡(54.8×13.7m)
단일,1b 층수·세장비,50,50,151.5,54,38,37580,400.0,9553,47133,813,8.66,0.188,3.882,17.34,50층 752㎡(43.3×17.3m)
단일,1b 층수·세장비,50,50,151.5,54,37,37580,400.0,9947,47527,816,8.68,0.216,3.88,15.83,50층 752㎡(47.5×15.8m)
단일,5 미세조정,46,46,139.7,54,33,37580,400.0,9409,46989,883,9.4,0.046,4.047,16.93,46층 817㎡(48.3×16.9m)
단일,5 미세조정,46,46,139.7,54,36,37580,400.0,9977,47557,887,9.44,0.05,4.035,15.06,46층 817㎡(54.2×15.1m)
단일,1b 층수·세장비,45,45,136.75,54,35,37580,400.0,8368,45948,895,9.53,0.034,4.076,23.6,45층 835㎡(35.4×23.6m)
단일,1a 방위·위치,45,45,136.75,54,36,37580,400.0,9041,46621,900,9.58,0.04,4.057,18.28,45층 835㎡(45.7×18.3m)
단일,5 미세조정,45,45,136.75,54,33,37580,400.0,8984,46564,900,9.58,0.042,4.047,18.57,45층 835㎡(45.0×18.6m)
단일,1a 방위·위치,45,45,136.75,54,35,37580,400.0,9041,46621,900,9.58,0.078,3.949,18.28,45층 835㎡(45.7×18.3m)
단일,1a 방위·위치,45,45,136.75,54,35,37580,400.0,9041,46621,900,9.58,0.048,3.944,18.28,45층 835㎡(45.7×18.3m)
단일,1b 층수·세장비,45,45,136.75,54,36,37580,400.0,8681,46261,897,9.55,0.132,3.942,20.43,45층 835㎡(40.9×20.4m)
단일,1b 층수·세장비,45,45,136.75,54,33,37580,400.0,10158,47738,908,9.67,0.079,3.933,14.45,45층 835㎡(57.8×14.4m)
단일,1b 층수·세장비,45,45,136.75,54,36,37580,400.0,8681,46261,897,9.55,0.172,3.92,20.43,45층 835㎡(40.9×20.4m)
단일,5 미세조정,44,44,133.8,54,33,37580,400.0,8696,46276,918,9.77,0.038,4.056,19.85,44층 854㎡(43.0×19.9m)
단일,5 미세조정,44,44,133.8,54,37,37580,400.0,9483,47063,924,9.83,0.07,4.052,16.24,44층 854㎡(52.6×16.2m)
단일,5 미세조정,44,44,133.8,54,34,37580,400.0,8879,46459,919,9.79,0.074,4.052,18.78,44층 854㎡(45.5×18.8m)
단일,5 미세조정,43,43,130.85,54,33,37580,400.0,8865,46445,941,10.01,0.043,4.062,18.51,43층 874㎡(47.2×18.5m)
단일,5 미세조정,43,43,130.85,54,34,37580,400.0,9633,47213,947,10.08,0.051,4.041,15.58,43층 874㎡(56.1×15.6m)
단일,1b 층수·세장비,40,40,122.0,54,37,37580,400.0,8502,46082,1008,10.73,0.182,3.93,19.39,40층 940㎡(48.5×19.4m)
단일,1b 층수·세장비,60,60,181.0,55,35,37580,400.0,10512,48092,683,7.27,0.023,4.103,15.83,60층 626㎡(39.6×15.8m)
단일,1b 층수·세장비,60,60,181.0,55,36,37580,400.0,10096,47676,680,7.24,0.036,4.049,17.7,60층 626㎡(35.4×17.7m)
단일,5 미세조정,60,60,181.0,55,38,37580,400.0,10197,47777,681,7.25,0.056,4.044,17.17,60층 626㎡(36.5×17.2m)
단일,5 미세조정,60,60,181.0,55,39,37580,400.0,10943,48523,685,7.29,0.067,4.018,14.45,60층 626㎡(43.3×14.4m)
단일,5 미세조정,60,60,181.0,55,37,37580,400.0,10943,48523,685,7.29,0.061,4.008,14.45,60층 626㎡(43.3×14.4m)
단일,5 미세조정,60,60,181.0,55,33,37580,400.0,10943,48523,685,7.29,0.052,4.007,14.45,60층 626㎡(43.3×14.4m)
단일,1b 층수·세장비,60,60,181.0,55,40,37580,400.0,10096,47676,680,7.24,0.139,3.945,17.7,60층 626㎡(35.4×17.7m)
단일,1b 층수·세장비,60,60,181.0,55,37,37580,400.0,10512,48092,683,7.27,0.194,3.945,15.83,60층 626㎡(39.6×15.8m)
단일,1b 층수·세장비,60,60,181.0,55,33,37580,400.0,9735,47315,678,7.22,0.019,3.939,20.43,60층 626㎡(30.7×20.4m)
단일,1b 층수·세장비,60,60,181.0,55,41,37580,400.0,9735,47315,678,7.22,0.156,3.938,20.43,60층 626㎡(30.7×20.4m)
단일,1b 층수·세장비,60,60,181.0,55,38,37580,400.0,9735,47315,678,7.22,0.115,3.935,20.43,60층 626㎡(30.7×20.4m)
단일,1b 층수·세장비,60,60,181.0,55,38,37580,400.0,11802,49382,690,7.34,0.065,3.931,12.51,60층 626㎡(50.1×12.5m)
단일,1b 층수·세장비,60,60,181.0,55,36,37580,400.0,11802,49382,690,7.34,0.21,3.885,12.51,60층 626㎡(50.1×12.5m)
단일,5 미세조정,59,59,178.05,55,39,37580,400.0,10847,48427,696,7.41,0.068,4.018,14.57,59층 637㎡(43.7×14.6m)
단일,5 미세조정,59,59,178.05,55,36,37580,400.0,11605,49185,701,7.46,0.059,4.005,12.8,59층 637㎡(49.8×12.8m)
단일,5 미세조정,59,59,178.05,55,33,37580,400.0,11054,48634,697,7.42,0.049,4.002,14.02,59층 637㎡(45.4×14.0m)
쌍둥이,5 미세조정,59+59,59,178.05,55,37,37580,400.0,14083,51663,713,7.58,0.063,3.981,13.59,59층 303㎡(22.3×13.6m) + 59층 334㎡(23.4×14.3m)
쌍둥이,5 미세조정,59+59,59,178.05,55,34,37580,400.0,14313,51893,714,7.6,0.06,3.977,12.75,59층 303㎡(23.8×12.7m) + 59층 334㎡(25.0×13.4m)
단일,5 미세조정,58,58,175.1,55,34,37580,400.0,10541,48121,707,7.52,0.054,4.016,15.34,58층 648㎡(42.2×15.3m)
단일,5 미세조정,58,58,175.1,55,36,37580,400.0,11501,49081,712,7.58,0.06,4.005,12.91,58층 648㎡(50.2×12.9m)
쌍둥이,5 미세조정,58+58,58,175.1,55,35,37580,400.0,14039,51619,725,7.71,0.052,3.993,13.36,58층 309㎡(23.1×13.4m) + 58층 339㎡(24.2×14.0m)
단일,5 미세조정,57,57,172.15,55,33,37580,400.0,9926,47506,715,7.61,0.046,4.03,17.61,57층 659㎡(37.4×17.6m)
단일,5 미세조정,57,57,172.15,55,34,37580,400.0,10445,48025,718,7.65,0.055,4.015,15.47,57층 659㎡(42.6×15.5m)
쌍둥이,5 미세조정,57+57,57,172.15,55,33,37580,400.0,13588,51168,735,7.82,0.039,3.992,15.19,57층 314㎡(20.7×15.2m) + 57층 345㎡(21.7×15.9m)
쌍둥이,5 미세조정,57+57,57,172.15,55,34,37580,400.0,13825,51405,736,7.84,0.055,3.987,13.83,57층 314㎡(22.7×13.8m) + 57층 345㎡(23.8×14.5m)
단일,5 미세조정,55,55,166.25,55,34,37580,400.0,9741,47321,740,7.88,0.028,4.046,17.93,55층 683㎡(38.1×17.9m)
단일,5 미세조정,55,55,166.25,55,36,37580,400.0,10505,48085,745,7.93,0.033,4.034,14.94,55층 683㎡(45.7×14.9m)
단일,5 미세조정,55,55,166.25,55,38,37580,400.0,10251,47831,743,7.91,0.065,4.03,15.75,55층 683㎡(43.4×15.8m)
단일,5 미세조정,55,55,166.25,55,33,37580,400.0,10655,48235,746,7.94,0.052,4.012,14.52,55층 683㎡(47.1×14.5m)
단일,1b 층수·세장비,55,55,166.25,55,38,37580,400.0,9644,47224,740,7.87,0.072,3.966,18.48,55층 683㎡(37.0×18.5m)
단일,1b 층수·세장비,55,55,166.25,55,44,37580,400.0,9644,47224,740,7.87,0.223,3.956,18.48,55층 683㎡(37.0×18.5m)
단일,1b 층수·세장비,55,55,166.25,55,46,37580,400.0,10042,47622,742,7.9,0.157,3.952,16.53,55층 683㎡(41.3×16.5m)
단일,1b 층수·세장비,55,55,166.25,55,42,37580,400.0,10042,47622,742,7.9,0.142,3.949,16.53,55층 683㎡(41.3×16.5m)
단일,1b 층수·세장비,55,55,166.25,55,39,37580,400.0,9299,46879,738,7.85,0.126,3.943,21.34,55층 683㎡(32.0×21.3m)
단일,1b 층수·세장비,55,55,166.25,55,39,37580,400.0,10042,47622,742,7.9,0.149,3.94,16.53,55층 683㎡(41.3×16.5m)
단일,1b 층수·세장비,55,55,166.25,55,35,37580,400.0,12068,49648,754,8.03,0.067,3.934,11.69,55층 683㎡(58.4×11.7m)
단일,5 미세조정,54,54,163.3,55,40,37580,400.0,9946,47526,755,8.04,0.073,4.035,16.68,54층 696㎡(41.7×16.7m)
단일,5 미세조정,54,54,163.3,55,33,37580,400.0,10109,47689,756,8.05,0.049,4.026,16.05,54층 696㎡(43.3×16.1m)
단일,5 미세조정,53,53,160.35,55,39,37580,400.0,9553,47133,767,8.17,0.067,4.055,18.27,53층 709㎡(38.8×18.3m)
단일,5 미세조정,53,53,160.35,55,37,37580,400.0,10255,47835,772,8.21,0.068,4.027,15.37,53층 709㎡(46.1×15.4m)
단일,1b 층수·세장비,50,50,151.5,55,35,37580,400.0,9553,47133,813,8.66,0.044,4.101,17.34,50층 752㎡(43.3×17.3m)
단일,1b 층수·세장비,50,50,151.5,55,39,37580,400.0,9947,47527,816,8.68,0.04,4.072,15.83,50층 752㎡(47.5×15.8m)
단일,1b 층수·세장비,50,50,151.5,55,33,37580,400.0,9553,47133,813,8.66,0.053,3.951,17.34,50층 752㎡(43.3×17.3m)
단일,1b 층수·세장비,50,50,151.5,55,35,37580,400.0,9947,47527,816,8.68,0.094,3.951,15.83,50층 752㎡(47.5×15.8m)
단일,1b 층수·세장비,50,50,151.5,55,36,37580,400.0,9947,47527,816,8.68,0.114,3.948,15.83,50층 752㎡(47.5×15.8m)
단일,1b 층수·세장비,50,50,151.5,55,35,37580,400.0,9553,47133,813,8.66,0.031,3.944,17.34,50층 752㎡(43.3×17.3m)
단일,1b 층수·세장비,50,50,151.5,55,36,37580,400.0,9553,47133,813,8.66,0.124,3.941,17.34,50층 752㎡(43.3×17.3m)
단일,1b 층수·세장비,50,50,151.5,55,38,37580,400.0,10731,48311,821,8.74,0.1,3.921,13.71,50층 752㎡(54.8×13.7m)
단일,5 미세조정,48,48,145.6,55,38,37580,400.0,9022,46602,844,8.98,0.087,4.052,19.5,48층 783㎡(40.2×19.5m)
단일,5 미세조정,48,48,145.6,55,38,37580,400.0,9621,47201,848,9.02,0.067,4.04,16.57,48층 783㎡(47.2×16.6m)
단일,5 미세조정,48,48,145.6,55,34,37580,400.0,9292,46872,845,9.0,0.063,4.036,17.98,48층 783㎡(43.6×18.0m)
단일,5 미세조정,46,46,139.7,55,35,37580,400.0,9087,46667,881,9.38,0.083,4.048,18.36,46층 817㎡(44.5×18.4m)
단일,5 미세조정,46,46,139.7,55,34,37580,400.0,9087,46667,881,9.38,0.064,4.04,18.36,46층 817㎡(44.5×18.4m)
단일,5 미세조정,45,45,136.75,55,34,37580,400.0,9127,46707,901,9.59,0.075,4.046,17.87,45층 835㎡(46.7×17.9m)
단일,5 미세조정,45,45,136.75,55,33,37580,400.0,9863,47443,906,9.65,0.073,4.027,15.23,45층 835㎡(54.8×15.2m)
단일,1b 층수·세장비,45,45,136.75,55,39,37580,400.0,9415,46995,903,9.61,0.096,3.942,16.68,45층 835㎡(50.1×16.7m)
단일,1b 층수·세장비,45,45,136.75,55,39,37580,400.0,10158,47738,908,9.67,0.061,3.937,14.45,45층 835㎡(57.8×14.4m)
단일,1a 방위·위치,45,45,136.75,55,36,37580,400.0,9041,46621,900,9.58,0.11,3.936,18.28,45층 835㎡(45.7×18.3m)
단일,1b 층수·세장비,45,45,136.75,55,39,37580,400.0,10158,47738,908,9.67,0.099,3.927,14.45,45층 835㎡(57.8×14.4m)
단일,1b 층수·세장비,45,45,136.75,55,32,37580,400.0,10158,47738,908,9.67,0.076,3.924,14.45,45층 835㎡(57.8×14.4m)
단일,1a 방위·위치,45,45,136.75,55,36,37580,400.0,9041,46621,900,9.58,0.235,3.92,18.28,45층 835㎡(45.7×18.3m)
단일,5 미세조정,43,43,130.85,55,37,37580,400.0,9370,46950,945,10.05,0.061,4.045,16.42,43층 874㎡(53.2×16.4m)
단일,5 미세조정,43,43,130.85,55,37,37580,400.0,9633,47213,947,10.08,0.063,4.039,15.58,43층 874㎡(56.1×15.6m)
단일,5 미세조정,43,43,130.85,55,33,37580,400.0,9633,47213,947,10.08,0.074,4.032,15.58,43층 874㎡(56.1×15.6m)
단일,1b 층수·세장비,40,40,122.0,55,35,37580,400.0,8163,45743,1006,10.7,0.139,3.941,21.67,40층 940㎡(43.3×21.7m)
단일,1b 층수·세장비,40,40,122.0,55,39,37580,400.0,8163,45743,1006,10.7,0.163,3.939,21.67,40층 940㎡(43.3×21.7m)
단일,1b 층수·세장비,40,40,122.0,55,36,37580,400.0,7868,45448,1003,10.68,0.247,3.926,25.03,40층 940㎡(37.5×25.0m)
단일,1b 층수·세장비,40,40,122.0,55,36,37580,400.0,8502,46082,1008,10.73,0.238,3.91,19.39,40층 940㎡(48.5×19.4m)
단일,1b 층수·세장비,40,40,122.0,55,43,37580,400.0,8854,46434,1011,10.76,0.092,3.902,17.7,40층 940㎡(53.1×17.7m)
단일,1b 층수·세장비,35,35,107.25,55,36,37580,400.0,7338,44918,1142,12.15,0.091,3.938,26.75,35층 1074㎡(40.1×26.8m)
단일,5 미세조정,60,60,181.0,56,40,37580,400.0,10197,47777,681,7.25,0.073,4.043,17.17,60층 626㎡(36.5×17.2m)
단일,5 미세조정,60,60,181.0,56,37,37580,400.0,10405,47985,682,7.26,0.056,4.026,16.24,60층 626㎡(38.6×16.2m)
단일,5 미세조정,60,60,181.0,56,40,37580,400.0,11011,48591,686,7.3,0.073,4.02,14.26,60층 626㎡(43.9×14.3m)
단일,5 미세조정,60,60,181.0,56,41,37580,400.0,11011,48591,686,7.3,0.075,4.014,14.26,60층 626㎡(43.9×14.3m)
쌍둥이,5 미세조정,60+60,60,181.0,56,36,37580,400.0,14054,51634,700,7.46,0.058,3.985,14.25,60층 298㎡(20.9×14.2m) + 60층 328㎡(22.0×14.9m)
쌍둥이,5 미세조정,60+60,60,181.0,56,33,37580,400.0,14443,52023,703,7.48,0.034,3.979,12.64,60층 298㎡(23.6×12.6m) + 60층 328㎡(24.7×13.3m)
단일,1b 층수·세장비,60,60,181.0,56,37,37580,400.0,10096,47676,680,7.24,0.188,3.947,17.7,60층 626㎡(35.4×17.7m)
단일,1b 층수·세장비,60,60,181.0,56,37,37580,400.0,9735,47315,678,7.22,0.18,3.947,20.43,60층 626㎡(30.7×20.4m)
단일,1b 층수·세장비,60,60,181.0,56,38,37580,400.0,9735,47315,678,7.22,0.108,3.941,20.43,60층 626㎡(30.7×20.4m)
단일,5 미세조정,59,59,178.05,56,40,37580,400.0,10914,48494,697,7.41,0.073,4.021,14.39,59층 637㎡(44.3×14.4m)
단일,5 미세조정,59,59,178.05,56,41,37580,400.0,10914,48494,697,7.41,0.076,4.013,14.39,59층 637㎡(44.3×14.4m)
단일,5 미세조정,59,59,178.05,56,41,37580,400.0,11275,48855,699,7.44,0.075,4.012,13.49,59층 637㎡(47.2×13.5m)
쌍둥이,5 미세조정,59+59,59,178.05,56,36,37580,400.0,14083,51663,713,7.58,0.059,3.987,13.59,59층 303㎡(22.3×13.6m) + 59층 334㎡(23.4×14.3m)
단일,5 미세조정,58,58,175.1,56,40,37580,400.0,10017,47597,703,7.49,0.067,4.04,17.46,58층 648㎡(37.1×17.5m)
단일,5 미세조정,58,58,175.1,56,40,37580,400.0,10495,48075,706,7.52,0.072,4.026,15.49,58층 648㎡(41.8×15.5m)
단일,5 미세조정,58,58,175.1,56,34,37580,400.0,10541,48121,707,7.52,0.063,4.018,15.34,58층 648㎡(42.2×15.3m)
단일,5 미세조정,58,58,175.1,56,36,37580,400.0,11175,48755,710,7.56,0.052,4.006,13.61,58층 648㎡(47.6×13.6m)
단일,5 미세조정,58,58,175.1,56,36,37580,400.0,11859,49439,714,7.6,0.061,3.994,12.25,58층 648㎡(52.9×12.2m)
쌍둥이,5 미세조정,58+58,58,175.1,56,35,37580,400.0,14039,51619,725,7.71,0.055,3.985,13.36,58층 309㎡(23.1×13.4m) + 58층 339㎡(24.2×14.0m)
쌍둥이,5 미세조정,58+58,58,175.1,56,36,37580,400.0,13716,51296,723,7.69,0.057,3.983,15.06,58층 309㎡(20.5×15.1m) + 58층 339㎡(21.5×15.8m)
쌍둥이,5 미세조정,58+58,58,175.1,56,33,37580,400.0,13800,51380,723,7.7,0.031,3.98,14.49,58층 309㎡(21.3×14.5m) + 58층 339㎡(22.3×15.2m)
단일,5 미세조정,57,57,172.15,56,40,37580,400.0,10445,48025,718,7.65,0.073,4.026,15.47,57층 659㎡(42.6×15.5m)
단일,5 미세조정,57,57,172.15,56,34,37580,400.0,10445,48025,718,7.65,0.064,4.017,15.47,57층 659㎡(42.6×15.5m)
단일,5 미세조정,57,57,172.15,56,35,37580,400.0,10856,48436,721,7.67,0.067,4.005,14.26,57층 659㎡(46.2×14.3m)
쌍둥이,5 미세조정,57+57,57,172.15,56,36,37580,400.0,13671,51251,735,7.83,0.059,3.987,14.62,57층 314㎡(21.5×14.6m) + 57층 345㎡(22.5×15.3m)
쌍둥이,5 미세조정,57+57,57,172.15,56,37,37580,400.0,13909,51489,737,7.84,0.065,3.983,13.48,57층 314㎡(23.3×13.5m) + 57층 345㎡(24.4×14.1m)
쌍둥이,5 미세조정,57+57,57,172.15,56,33,37580,400.0,13909,51489,737,7.84,0.06,3.979,13.48,57층 314㎡(23.3×13.5m) + 57층 345㎡(24.4×14.1m)
단일,5 미세조정,56,56,169.2,56,40,37580,400.0,10035,47615,729,7.76,0.071,4.038,16.81,56층 671㎡(39.9×16.8m)
단일,5 미세조정,56,56,169.2,56,35,37580,400.0,10972,48552,734,7.82,0.053,4.004,13.85,56층 671㎡(48.5×13.8m)
단일,5 미세조정,56,56,169.2,56,37,37580,400.0,11055,48635,735,7.82,0.063,3.999,13.65,56층 671㎡(49.2×13.7m)
쌍둥이,5 미세조정,56+56,56,169.2,56,34,37580,400.0,13585,51165,748,7.96,0.054,3.989,14.5,56층 320㎡(22.0×14.5m) + 56층 352㎡(23.1×15.2m)
단일,5 미세조정,55,55,166.25,56,40,37580,400.0,9741,47321,740,7.88,0.073,4.044,17.93,55층 683㎡(38.1×17.9m)
단일,5 미세조정,55,55,166.25,56,34,37580,400.0,10042,47622,742,7.9,0.054,4.023,16.53,55층 683㎡(41.3×16.5m)
쌍둥이,5 미세조정,55+55,55,166.25,56,34,37580,400.0,13562,51142,761,8.11,0.056,3.99,14.08,55층 325㎡(23.1×14.1m) + 55층 358㎡(24.2×14.8m)
쌍둥이,5 미세조정,55+55,55,166.25,56,34,37580,400.0,13645,51225,762,8.11,0.057,3.99,13.72,55층 325㎡(23.7×13.7m) + 55층 358㎡(24.9×14.4m)
단일,1b 층수·세장비,55,55,166.25,56,35,37580,400.0,9644,47224,740,7.87,0.095,3.955,18.48,55층 683㎡(37.0×18.5m)
단일,1b 층수·세장비,55,55,166.25,56,35,37580,400.0,9644,47224,740,7.87,0.074,3.95,18.48,55층 683㎡(37.0×18.5m)
단일,1b 층수·세장비,55,55,166.25,56,36,37580,400.0,9644,47224,740,7.87,0.11,3.946,18.48,55층 683㎡(37.0×18.5m)
단일,1b 층수·세장비,55,55,166.25,56,37,37580,400.0,9644,47224,740,7.87,0.201,3.942,18.48,55층 683㎡(37.0×18.5m)
단일,1b 층수·세장비,55,55,166.25,56,36,37580,400.0,9299,46879,738,7.85,0.121,3.925,21.34,55층 683㎡(32.0×21.3m)
단일,1b 층수·세장비,55,55,166.25,56,32,37580,400.0,12068,49648,754,8.03,0.069,3.913,11.69,55층 683㎡(58.4×11.7m)
단일,1b 층수·세장비,55,55,166.25,56,36,37580,400.0,12068,49648,754,8.03,0.186,3.827,11.69,55층 683㎡(58.4×11.7m)
쌍둥이,5 미세조정,54+54,54,163.3,56,33,37580,400.0,13322,50902,774,8.24,0.042,4.0,14.77,54층 331㎡(22.4×14.8m) + 54층 365㎡(23.5×15.5m)
단일,5 미세조정,54,54,163.3,56,35,37580,400.0,11425,49005,764,8.14,0.064,3.995,12.69,54층 696㎡(54.8×12.7m)
쌍둥이,5 미세조정,54+54,54,163.3,56,33,37580,400.0,13511,51091,775,8.25,0.048,3.994,13.85,54층 331㎡(23.9×13.8m) + 54층 365㎡(25.1×14.5m)
단일,5 미세조정,53,53,160.35,56,34,37580,400.0,9749,47329,768,8.18,0.063,4.03,17.28,53층 709㎡(41.0×17.3m)
쌍둥이,5 미세조정,53+53,53,160.35,56,33,37580,400.0,13068,50648,787,8.38,0.04,4.0,15.76,53층 338㎡(21.4×15.8m) + 53층 371㎡(22.5×16.5m)
단일,5 미세조정,52,52,157.4,56,36,37580,400.0,9911,47491,784,8.35,0.067,4.039,16.36,52층 723㎡(44.2×16.4m)
단일,5 미세조정,52,52,157.4,56,34,37580,400.0,9652,47232,783,8.33,0.054,4.034,17.44,52층 723㎡(41.4×17.4m)
쌍둥이,5 미세조정,52+52,52,157.4,56,33,37580,400.0,13241,50821,804,8.55,0.057,4.0,14.11,52층 344㎡(24.4×14.1m) + 52층 379㎡(25.6×14.8m)
단일,5 미세조정,50,50,151.5,56,36,37580,400.0,9298,46878,812,8.64,0.077,4.047,18.62,50층 752㎡(40.4×18.6m)
단일,1b 층수·세장비,50,50,151.5,56,35,37580,400.0,9174,46754,811,8.63,0.099,3.941,19.39,50층 752㎡(38.8×19.4m)
단일,1b 층수·세장비,50,50,151.5,56,32,37580,400.0,10731,48311,821,8.74,0.081,3.937,13.71,50층 752㎡(54.8×13.7m)
단일,5 미세조정,47,47,142.65,56,34,37580,400.0,10089,47669,869,9.25,0.082,4.017,14.9,47층 800㎡(53.7×14.9m)
단일,5 미세조정,45,45,136.75,56,36,37580,400.0,9078,46658,900,9.58,0.086,4.047,18.1,45층 835㎡(46.1×18.1m)
단일,5 미세조정,45,45,136.75,56,33,37580,400.0,9415,46995,903,9.61,0.06,4.033,16.68,45층 835㎡(50.1×16.7m)
단일,1b 층수·세장비,45,45,136.75,56,33,37580,400.0,9415,46995,903,9.61,0.063,3.947,16.68,45층 835㎡(50.1×16.7m)
단일,1b 층수·세장비,45,45,136.75,56,37,37580,400.0,8368,45948,895,9.53,0.219,3.93,23.6,45층 835㎡(35.4×23.6m)
단일,1b 층수·세장비,45,45,136.75,56,37,37580,400.0,9041,46621,900,9.58,0.218,3.903,18.28,45층 835㎡(45.7×18.3m)
단일,1b 층수·세장비,45,45,136.75,56,36,37580,400.0,10158,47738,908,9.67,0.155,3.892,14.45,45층 835㎡(57.8×14.4m)
단일,5 미세조정,42,42,127.9,56,39,37580,400.0,8757,46337,962,10.24,0.08,4.066,18.73,42층 895㎡(47.8×18.7m)
단일,1b 층수·세장비,40,40,122.0,56,38,37580,400.0,8854,46434,1011,10.76,0.139,3.934,17.7,40층 940㎡(53.1×17.7m)
단일,1b 층수·세장비,40,40,122.0,56,35,37580,400.0,8502,46082,1008,10.73,0.154,3.924,19.39,40층 940㎡(48.5×19.4m)
단일,1b 층수·세장비,40,40,122.0,56,36,37580,400.0,9555,47135,1017,10.83,0.17,3.872,15.33,40층 940㎡(61.3×15.3m)
쌍둥이,5 미세조정,60+60,60,181.0,57,33,37580,400.0,14211,51791,701,7.46,0.037,3.986,13.48,60층 298㎡(22.1×13.5m) + 60층 328㎡(23.2×14.1m)
쌍둥이,5 미세조정,60+60,60,181.0,57,33,37580,400.0,14297,51877,702,7.47,0.05,3.975,13.14,60층 298㎡(22.7×13.1m) + 60층 328㎡(23.8×13.8m)
쌍둥이,5 미세조정,60+60,60,181.0,57,38,37580,400.0,14297,51877,702,7.47,0.067,3.972,13.14,60층 298㎡(22.7×13.1m) + 60층 328㎡(23.8×13.8m)
단일,1b 층수·세장비,60,60,181.0,57,36,37580,400.0,10096,47676,680,7.24,0.059,3.967,17.7,60층 626㎡(35.4×17.7m)
단일,1b 층수·세장비,60,60,181.0,57,36,37580,400.0,9735,47315,678,7.22,0.121,3.95,20.43,60층 626㎡(30.7×20.4m)
단일,1b 층수·세장비,60,60,181.0,57,41,37580,400.0,10096,47676,680,7.24,0.132,3.945,17.7,60층 626㎡(35.4×17.7m)
단일,1b 층수·세장비,60,60,181.0,57,36,37580,400.0,11802,49382,690,7.34,0.047,3.944,12.51,60층 626㎡(50.1×12.5m)
단일,1b 층수·세장비,60,60,181.0,57,36,37580,400.0,10096,47676,680,7.24,0.105,3.944,17.7,60층 626㎡(35.4×17.7m)
단일,1b 층수·세장비,60,60,181.0,57,39,37580,400.0,10943,48523,685,7.29,0.073,3.942,14.45,60층 626㎡(43.3×14.4m)
단일,1b 층수·세장비,60,60,181.0,57,38,37580,400.0,9735,47315,678,7.22,0.105,3.939,20.43,60층 626㎡(30.7×20.4m)
단일,1b 층수·세장비,60,60,181.0,57,36,37580,400.0,11802,49382,690,7.34,0.117,3.907,12.51,60층 626㎡(50.1×12.5m)
단일,5 미세조정,59,59,178.05,57,35,37580,400.0,11054,48634,697,7.42,0.075,4.004,14.02,59층 637㎡(45.4×14.0m)
단일,5 미세조정,59,59,178.05,57,36,37580,400.0,11275,48855,699,7.44,0.076,3.996,13.49,59층 637㎡(47.2×13.5m)
단일,5 미세조정,59,59,178.05,57,38,37580,400.0,11605,49185,701,7.46,0.062,3.994,12.8,59층 637㎡(49.8×12.8m)
쌍둥이,5 미세조정,59+59,59,178.05,57,33,37580,400.0,14169,51749,713,7.59,0.037,3.988,13.25,59층 303㎡(22.9×13.2m) + 59층 334㎡(24.0×13.9m)
단일,5 미세조정,58,58,175.1,57,40,37580,400.0,10222,47802,705,7.5,0.067,4.036,16.52,58층 648㎡(39.2×16.5m)
단일,5 미세조정,58,58,175.1,57,34,37580,400.0,10326,47906,705,7.51,0.061,4.021,16.1,58층 648㎡(40.2×16.1m)
단일,5 미세조정,58,58,175.1,57,40,37580,400.0,10495,48075,706,7.52,0.074,4.02,15.49,58층 648㎡(41.8×15.5m)
단일,5 미세조정,58,58,175.1,57,39,37580,400.0,10326,47906,705,7.51,0.067,4.017,16.1,58층 648㎡(40.2×16.1m)
단일,5 미세조정,58,58,175.1,57,33,37580,400.0,10817,48397,708,7.54,0.048,4.006,14.51,58층 648㎡(44.7×14.5m)
단일,5 미세조정,58,58,175.1,57,38,37580,400.0,11175,48755,710,7.56,0.061,4.001,13.61,58층 648㎡(47.6×13.6m)
쌍둥이,5 미세조정,58+58,58,175.1,57,33,37580,400.0,13954,51534,724,7.71,0.041,3.979,13.71,58층 309㎡(22.5×13.7m) + 58층 339㎡(23.6×14.4m)
단일,5 미세조정,57,57,172.15,57,40,37580,400.0,10129,47709,717,7.63,0.073,4.028,16.66,57층 659㎡(39.6×16.7m)
단일,5 미세조정,57,57,172.15,57,37,37580,400.0,11074,48654,722,7.69,0.062,4.002,13.73,57층 659㎡(48.0×13.7m)
쌍둥이,5 미세조정,57+57,57,172.15,57,34,37580,400.0,13714,51294,735,7.83,0.05,3.993,14.37,57층 314㎡(21.8×14.4m) + 57층 345㎡(22.9×15.1m)
단일,5 미세조정,57,57,172.15,57,33,37580,400.0,11397,48977,724,7.71,0.053,3.986,13.02,57층 659㎡(50.6×13.0m)
쌍둥이,5 미세조정,57+57,57,172.15,57,37,37580,400.0,13825,51405,736,7.84,0.064,3.983,13.83,57층 314㎡(22.7×13.8m) + 57층 345㎡(23.8×14.5m)
단일,5 미세조정,56,56,169.2,57,35,37580,400.0,9834,47414,728,7.74,0.053,4.034,17.77,56층 671㎡(37.8×17.8m)
단일,5 미세조정,56,56,169.2,57,34,37580,400.0,9834,47414,728,7.74,0.058,4.032,17.77,56층 671㎡(37.8×17.8m)
단일,1b 층수·세장비,55,55,166.25,57,33,37580,400.0,9299,46879,738,7.85,0.029,4.051,21.34,55층 683㎡(32.0×21.3m)
쌍둥이,5 미세조정,55+55,55,166.25,57,33,37580,400.0,13454,51034,761,8.1,0.051,3.994,14.63,55층 325㎡(22.2×14.6m) + 55층 358㎡(23.3×15.3m)
쌍둥이,5 미세조정,55+55,55,166.25,57,33,37580,400.0,13330,50910,760,8.09,0.049,3.992,15.47,55층 325㎡(21.0×15.5m) + 55층 358㎡(22.1×16.2m)
쌍둥이,5 미세조정,55+55,55,166.25,57,34,37580,400.0,13454,51034,761,8.1,0.055,3.99,14.63,55층 325㎡(22.2×14.6m) + 55층 358㎡(23.3×15.3m)
단일,1b 층수·세장비,55,55,166.25,57,36,37580,400.0,9644,47224,740,7.87,0.072,3.95,18.48,55층 683㎡(37.0×18.5m)
단일,1b 층수·세장비,55,55,166.25,57,45,37580,400.0,10455,48035,745,7.93,0.143,3.947,15.09,55층 683㎡(45.3×15.1m)
단일,1b 층수·세장비,55,55,166.25,57,36,37580,400.0,9299,46879,738,7.85,0.116,3.947,21.34,55층 683㎡(32.0×21.3m)
단일,1b 층수·세장비,55,55,166.25,57,36,37580,400.0,9299,46879,738,7.85,0.141,3.944,21.34,55층 683㎡(32.0×21.3m)
단일,1b 층수·세장비,55,55,166.25,57,35,37580,400.0,9299,46879,738,7.85,0.093,3.938,21.34,55층 683㎡(32.0×21.3m)
단일,1b 층수·세장비,55,55,166.25,57,44,37580,400.0,11278,48858,750,7.98,0.116,3.935,13.07,55층 683㎡(52.3×13.1m)
단일,1b 층수·세장비,55,55,166.25,57,33,37580,400.0,10042,47622,742,7.9,0.094,3.929,16.53,55층 683㎡(41.3×16.5m)
단일,1b 층수·세장비,55,55,166.25,57,36,37580,400.0,11278,48858,750,7.98,0.03,3.929,13.07,55층 683㎡(52.3×13.1m)
단일,1b 층수·세장비,55,55,166.25,57,37,37580,400.0,12068,49648,754,8.03,0.108,3.913,11.69,55층 683㎡(58.4×11.7m)
단일,1b 층수·세장비,55,55,166.25,57,37,37580,400.0,9299,46879,738,7.85,0.154,3.907,21.34,55층 683㎡(32.0×21.3m)
단일,1b 층수·세장비,55,55,166.25,57,33,37580,400.0,12068,49648,754,8.03,0.035,3.881,11.69,55층 683㎡(58.4×11.7m)
쌍둥이,5 미세조정,54+54,54,163.3,57,33,37580,400.0,13322,50902,774,8.24,0.051,3.997,14.77,54층 331㎡(22.4×14.8m) + 54층 365㎡(23.5×15.5m)
단일,1b 층수·세장비,50,50,151.5,57,33,37580,400.0,9174,46754,811,8.63,0.045,3.95,19.39,50층 752㎡(38.8×19.4m)
단일,1b 층수·세장비,50,50,151.5,57,36,37580,400.0,9174,46754,811,8.63,0.065,3.949,19.39,50층 752㎡(38.8×19.4m)
단일,1b 층수·세장비,50,50,151.5,57,39,37580,400.0,9174,46754,811,8.63,0.171,3.941,19.39,50층 752㎡(38.8×19.4m)
단일,1b 층수·세장비,50,50,151.5,57,35,37580,400.0,9174,46754,811,8.63,0.104,3.935,19.39,50층 752㎡(38.8×19.4m)
단일,1b 층수·세장비,50,50,151.5,57,33,37580,400.0,10731,48311,821,8.74,0.078,3.934,13.71,50층 752㎡(54.8×13.7m)
단일,1b 층수·세장비,50,50,151.5,57,36,37580,400.0,9947,47527,816,8.68,0.112,3.929,15.83,50층 752㎡(47.5×15.8m)
단일,1b 층수·세장비,50,50,151.5,57,36,37580,400.0,10731,48311,821,8.74,0.024,3.927,13.71,50층 752㎡(54.8×13.7m)
단일,1b 층수·세장비,50,50,151.5,57,33,37580,400.0,11484,49064,826,8.79,0.054,3.926,12.26,50층 752㎡(61.3×12.3m)
단일,1b 층수·세장비,50,50,151.5,57,31,37580,400.0,11484,49064,826,8.79,0.057,3.925,12.26,50층 752㎡(61.3×12.3m)
단일,1b 층수·세장비,50,50,151.5,57,38,37580,400.0,8844,46424,809,8.61,0.189,3.904,22.38,50층 752㎡(33.6×22.4m)
단일,1b 층수·세장비,50,50,151.5,57,36,37580,400.0,9174,46754,811,8.63,0.175,3.896,19.39,50층 752㎡(38.8×19.4m)
단일,5 미세조정,47,47,142.65,57,33,37580,400.0,10089,47669,869,9.25,0.074,4.017,14.9,47층 800㎡(53.7×14.9m)
단일,1b 층수·세장비,45,45,136.75,57,39,37580,400.0,8681,46261,897,9.55,0.078,4.065,20.43,45층 835㎡(40.9×20.4m)
단일,5 미세조정,45,45,136.75,57,33,37580,400.0,9595,47175,904,9.62,0.081,4.032,16.05,45층 835㎡(52.0×16.1m)
단일,1b 층수·세장비,45,45,136.75,57,34,37580,400.0,9041,46621,900,9.58,0.103,3.942,18.28,45층 835㎡(45.7×18.3m)
단일,1b 층수·세장비,45,45,136.75,57,42,37580,400.0,9415,46995,903,9.61,0.13,3.939,16.68,45층 835㎡(50.1×16.7m)
단일,1b 층수·세장비,45,45,136.75,57,30,37580,400.0,9415,46995,903,9.61,0.055,3.936,16.68,45층 835㎡(50.1×16.7m)
단일,1b 층수·세장비,45,45,136.75,57,37,37580,400.0,9415,46995,903,9.61,0.171,3.919,16.68,45층 835㎡(50.1×16.7m)
단일,1b 층수·세장비,45,45,136.75,57,36,37580,400.0,9041,46621,900,9.58,0.196,3.889,18.28,45층 835㎡(45.7×18.3m)
단일,1a 방위·위치,45,45,136.75,57,37,37580,400.0,9041,46621,900,9.58,0.191,3.884,18.28,45층 835㎡(45.7×18.3m)
단일,5 미세조정,44,44,133.8,57,35,37580,400.0,8972,46552,920,9.79,0.087,4.047,18.3,44층 854㎡(46.7×18.3m)
단일,5 미세조정,44,44,133.8,57,37,37580,400.0,9194,46774,922,9.81,0.09,4.042,17.31,44층 854㎡(49.3×17.3m)
단일,5 미세조정,43,43,130.85,57,34,37580,400.0,8773,46353,940,10.0,0.086,4.051,18.99,43층 874㎡(46.0×19.0m)
단일,5 미세조정,43,43,130.85,57,34,37580,400.0,8865,46445,941,10.01,0.088,4.049,18.51,43층 874㎡(47.2×18.5m)
단일,1b 층수·세장비,40,40,122.0,57,37,37580,400.0,8163,45743,1006,10.7,0.059,3.95,21.67,40층 940㎡(43.3×21.7m)
단일,1b 층수·세장비,40,40,122.0,57,35,37580,400.0,8854,46434,1011,10.76,0.04,3.937,17.7,40층 940㎡(53.1×17.7m)
단일,1b 층수·세장비,40,40,122.0,57,31,37580,400.0,8502,46082,1008,10.73,0.06,3.935,19.39,40층 940㎡(48.5×19.4m)
단일,1b 층수·세장비,40,40,122.0,57,37,37580,400.0,7868,45448,1003,10.68,0.153,3.925,25.03,40층 940㎡(37.5×25.0m)
단일,1b 층수·세장비,40,40,122.0,57,37,37580,400.0,7868,45448,1003,10.68,0.205,3.918,25.03,40층 940㎡(37.5×25.0m)
단일,5 미세조정,60,60,181.0,58,40,37580,400.0,10405,47985,682,7.26,0.073,4.024,16.24,60층 626㎡(38.6×16.2m)
단일,5 미세조정,60,60,181.0,58,35,37580,400.0,10555,48135,683,7.27,0.069,4.02,15.67,60층 626㎡(40.0×15.7m)
쌍둥이,3 쌍둥이,60+45,60,181.0,58,33,37580,400.0,13163,50743,811,8.63,0.045,4.0,13.99,60층 313㎡(22.4×14.0m) + 45층 418㎡(25.8×16.2m)
쌍둥이,5 미세조정,60+60,60,181.0,58,33,37580,400.0,14054,51634,700,7.46,0.039,3.979,14.25,60층 298㎡(20.9×14.2m) + 60층 328㎡(22.0×14.9m)
쌍둥이,5 미세조정,60+60,60,181.0,58,33,37580,400.0,14297,51877,702,7.47,0.042,3.977,13.14,60층 298㎡(22.7×13.1m) + 60층 328㎡(23.8×13.8m)
단일,1b 층수·세장비,60,60,181.0,58,39,37580,400.0,10096,47676,680,7.24,0.096,3.955,17.7,60층 626㎡(35.4×17.7m)
단일,1b 층수·세장비,60,60,181.0,58,37,37580,400.0,9735,47315,678,7.22,0.206,3.951,20.43,60층 626㎡(30.7×20.4m)
단일,1b 층수·세장비,60,60,181.0,58,36,37580,400.0,10943,48523,685,7.29,0.206,3.909,14.45,60층 626㎡(43.3×14.4m)
쌍둥이,3 쌍둥이,60+55,60,181.0,58,43,37580,400.0,15434,53014,740,7.88,0.055,3.866,10.22,60층 313㎡(30.7×10.2m) + 55층 342㎡(32.0×10.7m)
단일,5 미세조정,58,58,175.1,58,36,37580,400.0,10495,48075,706,7.52,0.06,4.016,15.49,58층 648㎡(41.8×15.5m)
단일,5 미세조정,57,57,172.15,58,39,37580,400.0,9926,47506,715,7.61,0.066,4.041,17.61,57층 659㎡(37.4×17.6m)
단일,5 미세조정,57,57,172.15,58,34,37580,400.0,9926,47506,715,7.61,0.062,4.036,17.61,57층 659㎡(37.4×17.6m)
쌍둥이,5 미세조정,57+57,57,172.15,58,33,37580,400.0,13909,51489,737,7.84,0.051,3.978,13.48,57층 314㎡(23.3×13.5m) + 57층 345㎡(24.4×14.1m)
쌍둥이,5 미세조정,56+56,56,169.2,58,33,37580,400.0,13655,51235,748,7.97,0.037,3.988,14.13,56층 320㎡(22.6×14.1m) + 56층 352㎡(23.7×14.8m)
쌍둥이,5 미세조정,56+56,56,169.2,58,33,37580,400.0,13460,51040,747,7.95,0.034,3.987,15.33,56층 320㎡(20.8×15.3m) + 56층 352㎡(21.9×16.1m)
쌍둥이,5 미세조정,56+56,56,169.2,58,33,37580,400.0,13694,51274,749,7.97,0.037,3.987,13.95,56층 320㎡(22.9×14.0m) + 56층 352㎡(24.0×14.6m)
쌍둥이,5 미세조정,56+56,56,169.2,58,35,37580,400.0,13777,51357,749,7.97,0.046,3.986,13.6,56층 320㎡(23.5×13.6m) + 56층 352㎡(24.6×14.3m)
쌍둥이,5 미세조정,56+56,56,169.2,58,34,37580,400.0,13585,51165,748,7.96,0.044,3.986,14.5,56층 320㎡(22.0×14.5m) + 56층 352㎡(23.1×15.2m)
단일,5 미세조정,55,55,166.25,58,35,37580,400.0,9940,47520,742,7.89,0.062,4.036,16.96,55층 683㎡(40.3×17.0m)
쌍둥이,5 미세조정,55+55,55,166.25,58,33,37580,400.0,13330,50910,760,8.09,0.034,3.989,15.47,55층 325㎡(21.0×15.5m) + 55층 358㎡(22.1×16.2m)
쌍둥이,5 미세조정,55+55,55,166.25,58,33,37580,400.0,13645,51225,762,8.11,0.062,3.978,13.72,55층 325㎡(23.7×13.7m) + 55층 358㎡(24.9×14.4m)
단일,1b 층수·세장비,55,55,166.25,58,36,37580,400.0,9644,47224,740,7.87,0.073,3.944,18.48,55층 683㎡(37.0×18.5m)
단일,1b 층수·세장비,55,55,166.25,58,39,37580,400.0,9299,46879,738,7.85,0.097,3.936,21.34,55층 683㎡(32.0×21.3m)
단일,1b 층수·세장비,55,55,166.25,58,37,37580,400.0,9299,46879,738,7.85,0.112,3.934,21.34,55층 683㎡(32.0×21.3m)
단일,1b 층수·세장비,55,55,166.25,58,33,37580,400.0,9299,46879,738,7.85,0.04,3.928,21.34,55층 683㎡(32.0×21.3m)
단일,1b 층수·세장비,55,55,166.25,58,43,37580,400.0,10455,48035,745,7.93,0.191,3.913,15.09,55층 683㎡(45.3×15.1m)
단일,5 미세조정,54,54,163.3,58,38,37580,400.0,9648,47228,753,8.02,0.07,4.044,18.1,54층 696㎡(38.5×18.1m)
단일,5 미세조정,54,54,163.3,58,34,37580,400.0,9648,47228,753,8.02,0.041,4.038,18.1,54층 696㎡(38.5×18.1m)
단일,5 미세조정,53,53,160.35,58,34,37580,400.0,9553,47133,767,8.17,0.05,4.038,18.27,53층 709㎡(38.8×18.3m)
쌍둥이,5 미세조정,52+52,52,157.4,58,33,37580,400.0,13123,50703,803,8.55,0.042,3.999,14.67,52층 344㎡(23.5×14.7m) + 52층 379㎡(24.6×15.4m)
쌍둥이,5 미세조정,52+52,52,157.4,58,33,37580,400.0,13055,50635,802,8.54,0.061,3.993,15.05,52층 344㎡(22.9×15.0m) + 52층 379㎡(24.0×15.8m)
단일,1b 층수·세장비,50,50,151.5,58,39,37580,400.0,9174,46754,811,8.63,0.078,3.951,19.39,50층 752㎡(38.8×19.4m)
단일,1b 층수·세장비,50,50,151.5,58,36,37580,400.0,9174,46754,811,8.63,0.15,3.942,19.39,50층 752㎡(38.8×19.4m)
단일,1b 층수·세장비,50,50,151.5,58,35,37580,400.0,8844,46424,809,8.61,0.032,3.934,22.38,50층 752㎡(33.6×22.4m)
단일,5 미세조정,45,45,136.75,58,38,37580,400.0,8895,46475,899,9.57,0.094,4.052,19.05,45층 835㎡(43.8×19.0m)
단일,1b 층수·세장비,45,45,136.75,58,35,37580,400.0,9041,46621,900,9.58,0.083,3.95,18.28,45층 835㎡(45.7×18.3m)
단일,1a 방위·위치,45,45,136.75,58,37,37580,400.0,9041,46621,900,9.58,0.051,3.945,18.28,45층 835㎡(45.7×18.3m)
단일,1b 층수·세장비,45,45,136.75,58,35,37580,400.0,8681,46261,897,9.55,0.08,3.944,20.43,45층 835㎡(40.9×20.4m)
단일,1b 층수·세장비,45,45,136.75,58,36,37580,400.0,8681,46261,897,9.55,0.106,3.944,20.43,45층 835㎡(40.9×20.4m)
단일,1b 층수·세장비,45,45,136.75,58,35,37580,400.0,9041,46621,900,9.58,0.134,3.933,18.28,45층 835㎡(45.7×18.3m)
단일,1b 층수·세장비,45,45,136.75,58,36,37580,400.0,8681,46261,897,9.55,0.137,3.932,20.43,45층 835㎡(40.9×20.4m)
단일,1b 층수·세장비,45,45,136.75,58,46,37580,400.0,9415,46995,903,9.61,0.077,3.93,16.68,45층 835㎡(50.1×16.7m)
단일,1b 층수·세장비,45,45,136.75,58,37,37580,400.0,8368,45948,895,9.53,0.154,3.924,23.6,45층 835㎡(35.4×23.6m)
단일,1a 방위·위치,45,45,136.75,58,37,37580,400.0,9041,46621,900,9.58,0.17,3.92,18.28,45층 835㎡(45.7×18.3m)
단일,1b 층수·세장비,40,40,122.0,58,36,37580,400.0,8163,45743,1006,10.7,0.093,3.949,21.67,40층 940㎡(43.3×21.7m)
단일,1b 층수·세장비,40,40,122.0,58,32,37580,400.0,8854,46434,1011,10.76,0.086,3.924,17.7,40층 940㎡(53.1×17.7m)
단일,1b 층수·세장비,40,40,122.0,58,37,37580,400.0,8854,46434,1011,10.76,0.183,3.919,17.7,40층 940㎡(53.1×17.7m)
단일,1b 층수·세장비,40,40,122.0,58,36,37580,400.0,9555,47135,1017,10.83,0.096,3.905,15.33,40층 940㎡(61.3×15.3m)
단일,1b 층수·세장비,40,40,122.0,58,37,37580,400.0,8163,45743,1006,10.7,0.195,3.903,21.67,40층 940㎡(43.3×21.7m)
단일,1b 층수·세장비,40,40,122.0,58,37,37580,400.0,8502,46082,1008,10.73,0.2,3.899,19.39,40층 940㎡(48.5×19.4m)
단일,1b 층수·세장비,35,35,107.25,58,36,37580,400.0,7338,44918,1142,12.15,0.149,3.933,26.75,35층 1074㎡(40.1×26.8m)
단일,1b 층수·세장비,35,35,107.25,58,42,37580,400.0,7931,45511,1147,12.21,0.196,3.93,20.72,35층 1074㎡(51.8×20.7m)
단일,5 미세조정,60,60,181.0,59,39,37580,400.0,10943,48523,685,7.29,0.081,4.009,14.45,60층 626㎡(43.3×14.4m)
단일,1b 층수·세장비,60,60,181.0,59,37,37580,400.0,10096,47676,680,7.24,0.095,3.95,17.7,60층 626㎡(35.4×17.7m)
단일,1b 층수·세장비,60,60,181.0,59,37,37580,400.0,9735,47315,678,7.22,0.128,3.943,20.43,60층 626㎡(30.7×20.4m)
단일,1b 층수·세장비,60,60,181.0,59,37,37580,400.0,9735,47315,678,7.22,0.126,3.939,20.43,60층 626㎡(30.7×20.4m)
단일,1b 층수·세장비,60,60,181.0,59,33,37580,400.0,10096,47676,680,7.24,0.072,3.916,17.7,60층 626㎡(35.4×17.7m)
단일,5 미세조정,58,58,175.1,59,35,37580,400.0,11260,48840,711,7.56,0.078,3.989,13.42,58층 648㎡(48.3×13.4m)
쌍둥이,5 미세조정,58+58,58,175.1,59,35,37580,400.0,13915,51495,724,7.71,0.05,3.982,13.89,58층 309㎡(22.2×13.9m) + 58층 339㎡(23.3×14.6m)
쌍둥이,5 미세조정,57+57,57,172.15,59,34,37580,400.0,13588,51168,735,7.82,0.046,3.99,15.19,57층 314㎡(20.7×15.2m) + 57층 345㎡(21.7×15.9m)
쌍둥이,5 미세조정,57+57,57,172.15,59,33,37580,400.0,13671,51251,735,7.83,0.026,3.987,14.62,57층 314㎡(21.5×14.6m) + 57층 345㎡(22.5×15.3m)
쌍둥이,5 미세조정,57+57,57,172.15,59,36,37580,400.0,13909,51489,737,7.84,0.055,3.98,13.48,57층 314㎡(23.3×13.5m) + 57층 345㎡(24.4×14.1m)
쌍둥이,5 미세조정,56+56,56,169.2,59,33,37580,400.0,13694,51274,749,7.97,0.042,3.98,13.95,56층 320㎡(22.9×14.0m) + 56층 352㎡(24.0×14.6m)
단일,5 미세조정,55,55,166.25,59,34,37580,400.0,9741,47321,740,7.88,0.068,4.033,17.93,55층 683㎡(38.1×17.9m)
단일,1b 층수·세장비,55,55,166.25,59,34,37580,400.0,9644,47224,740,7.87,0.031,4.031,18.48,55층 683㎡(37.0×18.5m)
단일,5 미세조정,55,55,166.25,59,35,37580,400.0,9940,47520,742,7.89,0.071,4.028,16.96,55층 683㎡(40.3×17.0m)
단일,1b 층수·세장비,55,55,166.25,59,35,37580,400.0,9299,46879,738,7.85,0.084,3.945,21.34,55층 683㎡(32.0×21.3m)
단일,1b 층수·세장비,55,55,166.25,59,36,37580,400.0,9299,46879,738,7.85,0.148,3.929,21.34,55층 683㎡(32.0×21.3m)
단일,1b 층수·세장비,55,55,166.25,59,36,37580,400.0,10042,47622,742,7.9,0.117,3.927,16.53,55층 683㎡(41.3×16.5m)
단일,1b 층수·세장비,55,55,166.25,59,36,37580,400.0,12068,49648,754,8.03,0.067,3.926,11.69,55층 683㎡(58.4×11.7m)
단일,1b 층수·세장비,55,55,166.25,59,37,37580,400.0,9299,46879,738,7.85,0.205,3.916,21.34,55층 683㎡(32.0×21.3m)
단일,1b 층수·세장비,55,55,166.25,59,36,37580,400.0,10455,48035,745,7.93,0.222,3.899,15.09,55층 683㎡(45.3×15.1m)
단일,1b 층수·세장비,55,55,166.25,59,41,37580,400.0,9299,46879,738,7.85,0.161,3.892,21.34,55층 683㎡(32.0×21.3m)
쌍둥이,5 미세조정,54+54,54,163.3,59,35,37580,400.0,13391,50971,775,8.24,0.051,3.989,14.39,54층 331㎡(23.0×14.4m) + 54층 365㎡(24.2×15.1m)
쌍둥이,5 미세조정,54+54,54,163.3,59,33,37580,400.0,13322,50902,774,8.24,0.06,3.982,14.77,54층 331㎡(22.4×14.8m) + 54층 365㎡(23.5×15.5m)
쌍둥이,5 미세조정,53+53,53,160.35,59,33,37580,400.0,13189,50769,788,8.39,0.047,3.99,14.9,53층 338㎡(22.7×14.9m) + 53층 371㎡(23.8×15.6m)
단일,1b 층수·세장비,50,50,151.5,59,34,37580,400.0,9174,46754,811,8.63,0.07,3.943,19.39,50층 752㎡(38.8×19.4m)
단일,1b 층수·세장비,50,50,151.5,59,36,37580,400.0,9174,46754,811,8.63,0.124,3.938,19.39,50층 752㎡(38.8×19.4m)
단일,1b 층수·세장비,50,50,151.5,59,39,37580,400.0,11484,49064,826,8.79,0.044,3.928,12.26,50층 752㎡(61.3×12.3m)
단일,1b 층수·세장비,50,50,151.5,59,38,37580,400.0,8844,46424,809,8.61,0.176,3.928,22.38,50층 752㎡(33.6×22.4m)
단일,1b 층수·세장비,50,50,151.5,59,33,37580,400.0,9174,46754,811,8.63,0.069,3.923,19.39,50층 752㎡(38.8×19.4m)
단일,1b 층수·세장비,50,50,151.5,59,36,37580,400.0,8844,46424,809,8.61,0.126,3.916,22.38,50층 752㎡(33.6×22.4m)
단일,1b 층수·세장비,50,50,151.5,59,37,37580,400.0,9553,47133,813,8.66,0.212,3.887,17.34,50층 752㎡(43.3×17.3m)
단일,5 미세조정,46,46,139.7,59,40,37580,400.0,9409,46989,883,9.4,0.09,4.041,16.93,46층 817㎡(48.3×16.9m)
단일,1a 방위·위치,45,45,136.75,59,34,37580,400.0,9041,46621,900,9.58,0.031,4.108,18.28,45층 835㎡(45.7×18.3m)
단일,1a 방위·위치,45,45,136.75,59,40,37580,400.0,9041,46621,900,9.58,0.095,4.05,18.28,45층 835㎡(45.7×18.3m)
단일,1a 방위·위치,45,45,136.75,59,42,37580,400.0,9041,46621,900,9.58,0.173,3.943,18.28,45층 835㎡(45.7×18.3m)
단일,1b 층수·세장비,45,45,136.75,59,30,37580,400.0,8681,46261,897,9.55,0.077,3.933,20.43,45층 835㎡(40.9×20.4m)
단일,1a 방위·위치,45,45,136.75,59,32,37580,400.0,9041,46621,900,9.58,0.039,3.932,18.28,45층 835㎡(45.7×18.3m)
단일,1b 층수·세장비,45,45,136.75,59,39,37580,400.0,8681,46261,897,9.55,0.16,3.929,20.43,45층 835㎡(40.9×20.4m)
단일,1b 층수·세장비,45,45,136.75,59,37,37580,400.0,10158,47738,908,9.67,0.129,3.906,14.45,45층 835㎡(57.8×14.4m)
단일,5 미세조정,42,42,127.9,59,38,37580,400.0,8757,46337,962,10.24,0.08,4.055,18.73,42층 895㎡(47.8×18.7m)
단일,1b 층수·세장비,40,40,122.0,59,32,37580,400.0,8854,46434,1011,10.76,0.062,3.94,17.7,40층 940㎡(53.1×17.7m)
단일,1b 층수·세장비,40,40,122.0,59,35,37580,400.0,8854,46434,1011,10.76,0.142,3.931,17.7,40층 940㎡(53.1×17.7m)
단일,1b 층수·세장비,40,40,122.0,59,32,37580,400.0,9555,47135,1017,10.83,0.059,3.924,15.33,40층 940㎡(61.3×15.3m)
단일,1b 층수·세장비,35,35,107.25,59,36,37580,400.0,7931,45511,1147,12.21,0.091,3.945,20.72,35층 1074㎡(51.8×20.7m)
단일,1b 층수·세장비,35,35,107.25,59,33,37580,400.0,7931,45511,1147,12.21,0.034,3.944,20.72,35층 1074㎡(51.8×20.7m)
단일,1b 층수·세장비,35,35,107.25,59,37,37580,400.0,7614,45194,1144,12.18,0.149,3.94,23.17,35층 1074㎡(46.3×23.2m)
단일,1b 층수·세장비,35,35,107.25,59,36,37580,400.0,7614,45194,1144,12.18,0.119,3.939,23.17,35층 1074㎡(46.3×23.2m)
단일,1b 층수·세장비,60,60,181.0,60,41,37580,400.0,11802,49382,690,7.34,0.107,3.941,12.51,60층 626㎡(50.1×12.5m)
단일,1b 층수·세장비,60,60,181.0,60,38,37580,400.0,9735,47315,678,7.22,0.105,3.932,20.43,60층 626㎡(30.7×20.4m)
단일,1b 층수·세장비,60,60,181.0,60,36,37580,400.0,10943,48523,685,7.29,0.061,3.913,14.45,60층 626㎡(43.3×14.4m)
쌍둥이,3 쌍둥이,60+60,60,181.0,60,45,37580,400.0,14175,51755,701,7.46,0.146,3.906,13.99,60층 313㎡(22.4×14.0m) + 60층 313㎡(22.4×14.0m)
단일,5 미세조정,59,59,178.05,60,39,37580,400.0,10847,48427,696,7.41,0.082,4.009,14.57,59층 637㎡(43.7×14.6m)
단일,5 미세조정,58,58,175.1,60,38,37580,400.0,10495,48075,706,7.52,0.08,4.016,15.49,58층 648㎡(41.8×15.5m)
쌍둥이,5 미세조정,58+58,58,175.1,60,33,37580,400.0,13800,51380,723,7.7,0.039,3.978,14.49,58층 309㎡(21.3×14.5m) + 58층 339㎡(22.3×15.2m)
단일,5 미세조정,55,55,166.25,60,35,37580,400.0,9741,47321,740,7.88,0.077,4.033,17.93,55층 683㎡(38.1×17.9m)
단일,5 미세조정,55,55,166.25,60,36,37580,400.0,9940,47520,742,7.89,0.08,4.029,16.96,55층 683㎡(40.3×17.0m)
단일,5 미세조정,55,55,166.25,60,37,37580,400.0,10207,47787,743,7.91,0.083,4.017,15.91,55층 683㎡(43.0×15.9m)
단일,1b 층수·세장비,55,55,166.25,60,35,37580,400.0,9299,46879,738,7.85,0.08,3.945,21.34,55층 683㎡(32.0×21.3m)
단일,1b 층수·세장비,55,55,166.25,60,41,37580,400.0,11278,48858,750,7.98,0.216,3.901,13.07,55층 683㎡(52.3×13.1m)
쌍둥이,3 쌍둥이,55+55,55,166.25,60,43,37580,400.0,15076,52656,771,8.2,0.055,3.868,10.67,55층 342㎡(32.0×10.7m) + 55층 342㎡(32.0×10.7m)
단일,5 미세조정,54,54,163.3,60,34,37580,400.0,11080,48660,762,8.11,0.056,3.997,13.38,54층 696㎡(52.0×13.4m)
단일,5 미세조정,53,53,160.35,60,38,37580,400.0,9553,47133,767,8.17,0.064,4.036,18.27,53층 709㎡(38.8×18.3m)
단일,5 미세조정,53,53,160.35,60,37,37580,400.0,10255,47835,772,8.21,0.088,4.008,15.37,53층 709㎡(46.1×15.4m)
쌍둥이,5 미세조정,52+52,52,157.4,60,34,37580,400.0,12935,50515,802,8.53,0.039,3.998,15.91,52층 344㎡(21.6×15.9m) + 52층 379㎡(22.7×16.7m)
단일,1b 층수·세장비,50,50,151.5,60,39,37580,400.0,9174,46754,811,8.63,0.063,4.072,19.39,50층 752㎡(38.8×19.4m)
단일,1b 층수·세장비,50,50,151.5,60,37,37580,400.0,9174,46754,811,8.63,0.104,3.949,19.39,50층 752㎡(38.8×19.4m)
단일,1b 층수·세장비,50,50,151.5,60,35,37580,400.0,9553,47133,813,8.66,0.086,3.945,17.34,50층 752㎡(43.3×17.3m)
단일,1b 층수·세장비,50,50,151.5,60,39,37580,400.0,9947,47527,816,8.68,0.103,3.944,15.83,50층 752㎡(47.5×15.8m)
단일,1b 층수·세장비,50,50,151.5,60,39,37580,400.0,9553,47133,813,8.66,0.119,3.943,17.34,50층 752㎡(43.3×17.3m)
단일,1b 층수·세장비,50,50,151.5,60,36,37580,400.0,9553,47133,813,8.66,0.11,3.933,17.34,50층 752㎡(43.3×17.3m)
단일,1b 층수·세장비,50,50,151.5,60,36,37580,400.0,9947,47527,816,8.68,0.161,3.882,15.83,50층 752㎡(47.5×15.8m)
단일,5 미세조정,48,48,145.6,60,38,37580,400.0,9923,47503,850,9.05,0.081,4.016,15.54,48층 783㎡(50.4×15.5m)
단일,1b 층수·세장비,45,45,136.75,60,33,37580,400.0,8681,46261,897,9.55,0.027,4.056,20.43,45층 835㎡(40.9×20.4m)
단일,5 미세조정,45,45,136.75,60,40,37580,400.0,9078,46658,900,9.58,0.089,4.049,18.1,45층 835㎡(46.1×18.1m)
단일,1a 방위·위치,45,45,136.75,60,33,37580,400.0,9041,46621,900,9.58,0.087,3.938,18.28,45층 835㎡(45.7×18.3m)
단일,1b 층수·세장비,45,45,136.75,60,35,37580,400.0,8368,45948,895,9.53,0.074,3.934,23.6,45층 835㎡(35.4×23.6m)
단일,1b 층수·세장비,45,45,136.75,60,36,37580,400.0,8681,46261,897,9.55,0.131,3.927,20.43,45층 835㎡(40.9×20.4m)
단일,1b 층수·세장비,45,45,136.75,60,44,37580,400.0,9041,46621,900,9.58,0.164,3.907,18.28,45층 835㎡(45.7×18.3m)
단일,1b 층수·세장비,45,45,136.75,60,37,37580,400.0,8368,45948,895,9.53,0.2,3.902,23.6,45층 835㎡(35.4×23.6m)
단일,1b 층수·세장비,40,40,122.0,60,33,37580,400.0,8502,46082,1008,10.73,0.056,3.941,19.39,40층 940㎡(48.5×19.4m)
단일,1b 층수·세장비,40,40,122.0,60,33,37580,400.0,8854,46434,1011,10.76,0.115,3.939,17.7,40층 940㎡(53.1×17.7m)
단일,1b 층수·세장비,35,35,107.25,60,34,37580,400.0,7338,44918,1142,12.15,0.056,4.098,26.75,35층 1074㎡(40.1×26.8m)
단일,1b 층수·세장비,35,35,107.25,60,30,37580,400.0,7931,45511,1147,12.21,0.059,3.939,20.72,35층 1074㎡(51.8×20.7m)
단일,1b 층수·세장비,35,35,107.25,60,33,37580,400.0,7338,44918,1142,12.15,0.053,3.939,26.75,35층 1074㎡(40.1×26.8m)
단일,1b 층수·세장비,35,35,107.25,60,41,37580,400.0,7931,45511,1147,12.21,0.252,3.928,20.72,35층 1074㎡(51.8×20.7m)
단일,1b 층수·세장비,35,35,107.25,60,36,37580,400.0,7931,45511,1147,12.21,0.262,3.914,20.72,35층 1074㎡(51.8×20.7m)
단일,1b 층수·세장비,35,35,107.25,60,37,37580,400.0,7931,45511,1147,12.21,0.219,3.901,20.72,35층 1074㎡(51.8×20.7m)
단일,1b 층수·세장비,35,35,107.25,60,36,37580,400.0,8261,45841,1150,12.24,0.223,3.894,18.92,35층 1074㎡(56.8×18.9m)
단일,1b 층수·세장비,60,60,181.0,61,40,37580,400.0,9735,47315,678,7.22,0.06,4.064,20.43,60층 626㎡(30.7×20.4m)
단일,1b 층수·세장비,60,60,181.0,61,45,37580,400.0,10512,48092,683,7.27,0.088,4.053,15.83,60층 626㎡(39.6×15.8m)
단일,5 미세조정,60,60,181.0,61,41,37580,400.0,11011,48591,686,7.3,0.083,4.013,14.26,60층 626㎡(43.9×14.3m)
단일,1b 층수·세장비,60,60,181.0,61,45,37580,400.0,9735,47315,678,7.22,0.206,3.952,20.43,60층 626㎡(30.7×20.4m)
단일,1b 층수·세장비,60,60,181.0,61,36,37580,400.0,9735,47315,678,7.22,0.071,3.949,20.43,60층 626㎡(30.7×20.4m)
단일,1b 층수·세장비,60,60,181.0,61,40,37580,400.0,10096,47676,680,7.24,0.08,3.94,17.7,60층 626㎡(35.4×17.7m)
단일,1b 층수·세장비,60,60,181.0,61,41,37580,400.0,9735,47315,678,7.22,0.134,3.931,20.43,60층 626㎡(30.7×20.4m)
단일,1b 층수·세장비,60,60,181.0,61,41,37580,400.0,12628,50208,694,7.39,0.086,3.93,11.19,60층 626㎡(56.0×11.2m)
단일,1b 층수·세장비,60,60,181.0,61,38,37580,400.0,10096,47676,680,7.24,0.045,3.923,17.7,60층 626㎡(35.4×17.7m)
단일,1b 층수·세장비,60,60,181.0,61,47,37580,400.0,9735,47315,678,7.22,0.131,3.918,20.43,60층 626㎡(30.7×20.4m)
단일,5 미세조정,58,58,175.1,61,41,37580,400.0,10817,48397,708,7.54,0.077,4.013,14.51,58층 648㎡(44.7×14.5m)
단일,5 미세조정,57,57,172.15,61,38,37580,400.0,10856,48436,721,7.67,0.085,4.0,14.26,57층 659㎡(46.2×14.3m)
쌍둥이,5 미세조정,57+57,57,172.15,61,34,37580,400.0,13786,51366,736,7.83,0.041,3.99,14.01,57층 314㎡(22.4×14.0m) + 57층 345㎡(23.5×14.7m)
쌍둥이,5 미세조정,57+57,57,172.15,61,34,37580,400.0,13588,51168,735,7.82,0.039,3.981,15.19,57층 314㎡(20.7×15.2m) + 57층 345㎡(21.7×15.9m)
단일,5 미세조정,56,56,169.2,61,36,37580,400.0,10035,47615,729,7.76,0.079,4.026,16.81,56층 671㎡(39.9×16.8m)
단일,1b 층수·세장비,55,55,166.25,61,40,37580,400.0,10042,47622,742,7.9,0.042,4.072,16.53,55층 683㎡(41.3×16.5m)
단일,5 미세조정,55,55,166.25,61,40,37580,400.0,10207,47787,743,7.91,0.077,4.023,15.91,55층 683㎡(43.0×15.9m)
쌍둥이,5 미세조정,55+55,55,166.25,61,34,37580,400.0,13454,51034,761,8.1,0.041,3.989,14.63,55층 325㎡(22.2×14.6m) + 55층 358㎡(23.3×15.3m)
쌍둥이,5 미세조정,55+55,55,166.25,61,33,37580,400.0,13524,51104,761,8.1,0.056,3.976,14.26,55층 325㎡(22.8×14.3m) + 55층 358㎡(23.9×15.0m)
단일,1b 층수·세장비,55,55,166.25,61,35,37580,400.0,9299,46879,738,7.85,0.078,3.94,21.34,55층 683㎡(32.0×21.3m)
단일,1b 층수·세장비,55,55,166.25,61,38,37580,400.0,11278,48858,750,7.98,0.064,3.926,13.07,55층 683㎡(52.3×13.1m)
단일,1b 층수·세장비,55,55,166.25,61,35,37580,400.0,9299,46879,738,7.85,0.039,3.919,21.34,55층 683㎡(32.0×21.3m)
단일,1b 층수·세장비,55,55,166.25,61,36,37580,400.0,12068,49648,754,8.03,0.157,3.843,11.69,55층 683㎡(58.4×11.7m)
단일,5 미세조정,54,54,163.3,61,37,37580,400.0,10356,47936,758,8.07,0.087,4.007,15.23,54층 696㎡(45.7×15.2m)
단일,1b 층수·세장비,50,50,151.5,61,36,37580,400.0,8844,46424,809,8.61,0.077,3.94,22.38,50층 752㎡(33.6×22.4m)
단일,1b 층수·세장비,50,50,151.5,61,35,37580,400.0,8844,46424,809,8.61,0.078,3.931,22.38,50층 752㎡(33.6×22.4m)
단일,1b 층수·세장비,50,50,151.5,61,36,37580,400.0,8844,46424,809,8.61,0.046,3.917,22.38,50층 752㎡(33.6×22.4m)
단일,5 미세조정,46,46,139.7,61,36,37580,400.0,9523,47103,884,9.41,0.081,4.023,16.5,46층 817㎡(49.5×16.5m)
단일,1a 방위·위치,45,45,136.75,61,34,37580,400.0,9041,46621,900,9.58,0.117,3.939,18.28,45층 835㎡(45.7×18.3m)
단일,1b 층수·세장비,45,45,136.75,61,37,37580,400.0,8368,45948,895,9.53,0.09,3.935,23.6,45층 835㎡(35.4×23.6m)
단일,1b 층수·세장비,45,45,136.75,61,36,37580,400.0,10158,47738,908,9.67,0.075,3.934,14.45,45층 835㎡(57.8×14.4m)
단일,1a 방위·위치,45,45,136.75,61,31,37580,400.0,9041,46621,900,9.58,0.066,3.92,18.28,45층 835㎡(45.7×18.3m)
단일,1b 층수·세장비,45,45,136.75,61,35,37580,400.0,9041,46621,900,9.58,0.116,3.915,18.28,45층 835㎡(45.7×18.3m)
단일,1b 층수·세장비,45,45,136.75,61,36,37580,400.0,8368,45948,895,9.53,0.212,3.903,23.6,45층 835㎡(35.4×23.6m)
단일,1b 층수·세장비,40,40,122.0,61,35,37580,400.0,8502,46082,1008,10.73,0.094,3.946,19.39,40층 940㎡(48.5×19.4m)
단일,1b 층수·세장비,40,40,122.0,61,33,37580,400.0,8502,46082,1008,10.73,0.126,3.937,19.39,40층 940㎡(48.5×19.4m)
단일,1b 층수·세장비,40,40,122.0,61,34,37580,400.0,8502,46082,1008,10.73,0.136,3.937,19.39,40층 940㎡(48.5×19.4m)
단일,1b 층수·세장비,40,40,122.0,61,32,37580,400.0,8163,45743,1006,10.7,0.11,3.935,21.67,40층 940㎡(43.3×21.7m)
단일,1b 층수·세장비,40,40,122.0,61,39,37580,400.0,7868,45448,1003,10.68,0.174,3.914,25.03,40층 940㎡(37.5×25.0m)
단일,1b 층수·세장비,35,35,107.25,61,32,37580,400.0,7614,45194,1144,12.18,0.093,3.945,23.17,35층 1074㎡(46.3×23.2m)
단일,1b 층수·세장비,35,35,107.25,61,35,37580,400.0,7614,45194,1144,12.18,0.065,3.943,23.17,35층 1074㎡(46.3×23.2m)
단일,1b 층수·세장비,35,35,107.25,61,33,37580,400.0,7338,44918,1142,12.15,0.059,3.943,26.75,35층 1074㎡(40.1×26.8m)
단일,1b 층수·세장비,35,35,107.25,61,33,37580,400.0,7614,45194,1144,12.18,0.075,3.941,23.17,35층 1074㎡(46.3×23.2m)
단일,1b 층수·세장비,60,60,181.0,62,41,37580,400.0,10512,48092,683,7.27,0.053,4.055,15.83,60층 626㎡(39.6×15.8m)
단일,5 미세조정,60,60,181.0,62,40,37580,400.0,11461,49041,688,7.32,0.077,3.996,13.19,60층 626㎡(47.5×13.2m)
단일,1b 층수·세장비,60,60,181.0,62,35,37580,400.0,10096,47676,680,7.24,0.089,3.934,17.7,60층 626㎡(35.4×17.7m)
단일,5 미세조정,59,59,178.05,62,41,37580,400.0,10847,48427,696,7.41,0.079,4.008,14.57,59층 637㎡(43.7×14.6m)
단일,5 미세조정,57,57,172.15,62,41,37580,400.0,10653,48233,720,7.66,0.077,4.015,14.82,57층 659㎡(44.5×14.8m)
쌍둥이,5 미세조정,57+57,57,172.15,62,36,37580,400.0,13671,51251,735,7.83,0.067,3.974,14.62,57층 314㎡(21.5×14.6m) + 57층 345㎡(22.5×15.3m)
단일,5 미세조정,55,55,166.25,62,40,37580,400.0,10505,48085,745,7.93,0.079,4.011,14.94,55층 683㎡(45.7×14.9m)
단일,1b 층수·세장비,55,55,166.25,62,39,37580,400.0,9644,47224,740,7.87,0.142,3.94,18.48,55층 683㎡(37.0×18.5m)
단일,1b 층수·세장비,55,55,166.25,62,36,37580,400.0,9644,47224,740,7.87,0.108,3.937,18.48,55층 683㎡(37.0×18.5m)
단일,5 미세조정,54,54,163.3,62,37,37580,400.0,10700,48280,760,8.09,0.063,4.005,14.26,54층 696㎡(48.8×14.3m)
쌍둥이,5 미세조정,54+54,54,163.3,62,34,37580,400.0,13511,51091,775,8.25,0.051,3.983,13.85,54층 331㎡(23.9×13.8m) + 54층 365㎡(25.1×14.5m)
쌍둥이,5 미세조정,54+54,54,163.3,62,33,37580,400.0,13199,50779,773,8.23,0.044,3.982,15.61,54층 331㎡(21.2×15.6m) + 54층 365㎡(22.3×16.4m)
단일,5 미세조정,53,53,160.35,62,40,37580,400.0,9749,47329,768,8.18,0.076,4.029,17.28,53층 709㎡(41.0×17.3m)
쌍둥이,5 미세조정,52+52,52,157.4,62,33,37580,400.0,13123,50703,803,8.55,0.061,3.983,14.67,52층 344㎡(23.5×14.7m) + 52층 379㎡(24.6×15.4m)
단일,1b 층수·세장비,50,50,151.5,62,38,37580,400.0,9947,47527,816,8.68,0.043,3.936,15.83,50층 752㎡(47.5×15.8m)
단일,1b 층수·세장비,50,50,151.5,62,34,37580,400.0,8844,46424,809,8.61,0.056,3.934,22.38,50층 752㎡(33.6×22.4m)
단일,1b 층수·세장비,50,50,151.5,62,36,37580,400.0,11484,49064,826,8.79,0.17,3.828,12.26,50층 752㎡(61.3×12.3m)
단일,5 미세조정,47,47,142.65,62,40,37580,400.0,9287,46867,863,9.19,0.098,4.035,17.71,47층 800㎡(45.2×17.7m)
단일,1b 층수·세장비,45,45,136.75,62,33,37580,400.0,9415,46995,903,9.61,0.068,4.025,16.68,45층 835㎡(50.1×16.7m)
단일,1b 층수·세장비,45,45,136.75,62,35,37580,400.0,9041,46621,900,9.58,0.065,3.943,18.28,45층 835㎡(45.7×18.3m)
단일,1b 층수·세장비,45,45,136.75,62,35,37580,400.0,8681,46261,897,9.55,0.091,3.94,20.43,45층 835㎡(40.9×20.4m)
단일,1b 층수·세장비,45,45,136.75,62,34,37580,400.0,10158,47738,908,9.67,0.076,3.931,14.45,45층 835㎡(57.8×14.4m)
단일,1b 층수·세장비,45,45,136.75,62,37,37580,400.0,10158,47738,908,9.67,0.091,3.926,14.45,45층 835㎡(57.8×14.4m)
단일,1b 층수·세장비,45,45,136.75,62,36,37580,400.0,9415,46995,903,9.61,0.118,3.912,16.68,45층 835㎡(50.1×16.7m)
단일,1b 층수·세장비,45,45,136.75,62,39,37580,400.0,8368,45948,895,9.53,0.158,3.911,23.6,45층 835㎡(35.4×23.6m)
단일,1a 방위·위치,45,45,136.75,62,33,37580,400.0,9041,46621,900,9.58,0.041,3.909,18.28,45층 835㎡(45.7×18.3m)
쌍둥이,3 쌍둥이,45+45,45,136.75,62,42,37580,400.0,12653,50233,925,9.84,0.06,3.885,12.32,45층 501㎡(33.2×15.1m) + 45층 334㎡(27.1×12.3m)
단일,1b 층수·세장비,40,40,122.0,62,39,37580,400.0,8502,46082,1008,10.73,0.092,4.062,19.39,40층 940㎡(48.5×19.4m)
단일,1b 층수·세장비,40,40,122.0,62,34,37580,400.0,8163,45743,1006,10.7,0.098,3.943,21.67,40층 940㎡(43.3×21.7m)
단일,1b 층수·세장비,40,40,122.0,62,42,37580,400.0,10230,47810,1023,10.89,0.053,3.911,13.71,40층 940㎡(68.5×13.7m)
단일,1b 층수·세장비,35,35,107.25,62,33,37580,400.0,7614,45194,1144,12.18,0.063,3.944,23.17,35층 1074㎡(46.3×23.2m)
단일,1b 층수·세장비,35,35,107.25,62,35,37580,400.0,7338,44918,1142,12.15,0.175,3.937,26.75,35층 1074㎡(40.1×26.8m)
단일,1b 층수·세장비,35,35,107.25,62,43,37580,400.0,7614,45194,1144,12.18,0.221,3.93,23.17,35층 1074㎡(46.3×23.2m)
단일,1b 층수·세장비,35,35,107.25,62,36,37580,400.0,7614,45194,1144,12.18,0.255,3.912,23.17,35층 1074㎡(46.3×23.2m)
단일,1b 층수·세장비,60,60,181.0,63,46,37580,400.0,11802,49382,690,7.34,0.102,4.013,12.51,60층 626㎡(50.1×12.5m)
단일,1b 층수·세장비,60,60,181.0,63,36,37580,400.0,11802,49382,690,7.34,0.154,3.819,12.51,60층 626㎡(50.1×12.5m)
단일,5 미세조정,58,58,175.1,63,33,37580,400.0,10368,47948,706,7.51,0.064,4.009,15.94,58층 648㎡(40.6×15.9m)
단일,5 미세조정,57,57,172.15,63,34,37580,400.0,10653,48233,720,7.66,0.068,4.0,14.82,57층 659㎡(44.5×14.8m)
단일,1b 층수·세장비,55,55,166.25,63,35,37580,400.0,9644,47224,740,7.87,0.047,4.094,18.48,55층 683㎡(37.0×18.5m)
쌍둥이,5 미세조정,55+55,55,166.25,63,37,37580,400.0,13645,51225,762,8.11,0.06,3.981,13.72,55층 325㎡(23.7×13.7m) + 55층 358㎡(24.9×14.4m)
단일,1b 층수·세장비,55,55,166.25,63,34,37580,400.0,11278,48858,750,7.98,0.042,3.958,13.07,55층 683㎡(52.3×13.1m)
단일,1b 층수·세장비,55,55,166.25,63,43,37580,400.0,11278,48858,750,7.98,0.068,3.95,13.07,55층 683㎡(52.3×13.1m)
단일,1b 층수·세장비,55,55,166.25,63,35,37580,400.0,9644,47224,740,7.87,0.06,3.948,18.48,55층 683㎡(37.0×18.5m)
단일,1b 층수·세장비,55,55,166.25,63,37,37580,400.0,9644,47224,740,7.87,0.094,3.945,18.48,55층 683㎡(37.0×18.5m)
단일,1b 층수·세장비,55,55,166.25,63,39,37580,400.0,9644,47224,740,7.87,0.054,3.938,18.48,55층 683㎡(37.0×18.5m)
단일,1b 층수·세장비,55,55,166.25,63,40,37580,400.0,12068,49648,754,8.03,0.08,3.928,11.69,55층 683㎡(58.4×11.7m)
단일,1b 층수·세장비,55,55,166.25,63,35,37580,400.0,9644,47224,740,7.87,0.117,3.916,18.48,55층 683㎡(37.0×18.5m)
단일,5 미세조정,53,53,160.35,63,33,37580,400.0,10255,47835,772,8.21,0.072,4.006,15.37,53층 709㎡(46.1×15.4m)
쌍둥이,5 미세조정,52+52,52,157.4,63,37,37580,400.0,13055,50635,802,8.54,0.069,3.985,15.05,52층 344㎡(22.9×15.0m) + 52층 379㎡(24.0×15.8m)
단일,1b 층수·세장비,50,50,151.5,63,40,37580,400.0,9174,46754,811,8.63,0.08,4.049,19.39,50층 752㎡(38.8×19.4m)
단일,1b 층수·세장비,50,50,151.5,63,39,37580,400.0,9947,47527,816,8.68,0.081,4.015,15.83,50층 752㎡(47.5×15.8m)
단일,1b 층수·세장비,50,50,151.5,63,36,37580,400.0,9553,47133,813,8.66,0.078,3.933,17.34,50층 752㎡(43.3×17.3m)
단일,1b 층수·세장비,50,50,151.5,63,36,37580,400.0,8844,46424,809,8.61,0.134,3.912,22.38,50층 752㎡(33.6×22.4m)
단일,1b 층수·세장비,50,50,151.5,63,36,37580,400.0,10731,48311,821,8.74,0.23,3.834,13.71,50층 752㎡(54.8×13.7m)
단일,1a 방위·위치,45,45,136.75,63,36,37580,400.0,9041,46621,900,9.58,0.027,4.091,18.28,45층 835㎡(45.7×18.3m)
단일,1a 방위·위치,45,45,136.75,63,40,37580,400.0,9041,46621,900,9.58,0.049,4.067,18.28,45층 835㎡(45.7×18.3m)
단일,1b 층수·세장비,45,45,136.75,63,39,37580,400.0,10873,48453,914,9.72,0.049,4.051,12.92,45층 835㎡(64.6×12.9m)
단일,1a 방위·위치,45,45,136.75,63,36,37580,400.0,9041,46621,900,9.58,0.03,3.927,18.28,45층 835㎡(45.7×18.3m)
단일,1b 층수·세장비,45,45,136.75,63,36,37580,400.0,8681,46261,897,9.55,0.039,3.927,20.43,45층 835㎡(40.9×20.4m)
단일,1b 층수·세장비,45,45,136.75,63,36,37580,400.0,10158,47738,908,9.67,0.216,3.83,14.45,45층 835㎡(57.8×14.4m)
단일,1b 층수·세장비,40,40,122.0,63,35,37580,400.0,8854,46434,1011,10.76,0.1,3.939,17.7,40층 940㎡(53.1×17.7m)
단일,1b 층수·세장비,40,40,122.0,63,33,37580,400.0,7868,45448,1003,10.68,0.133,3.933,25.03,40층 940㎡(37.5×25.0m)
단일,1b 층수·세장비,40,40,122.0,63,35,37580,400.0,9555,47135,1017,10.83,0.076,3.922,15.33,40층 940㎡(61.3×15.3m)
단일,1b 층수·세장비,35,35,107.25,63,32,37580,400.0,7931,45511,1147,12.21,0.12,3.94,20.72,35층 1074㎡(51.8×20.7m)
단일,1b 층수·세장비,35,35,107.25,63,30,37580,400.0,7931,45511,1147,12.21,0.085,3.936,20.72,35층 1074㎡(51.8×20.7m)
단일,1b 층수·세장비,35,35,107.25,63,30,37580,400.0,7614,45194,1144,12.18,0.044,3.935,23.17,35층 1074㎡(46.3×23.2m)
단일,1b 층수·세장비,35,35,107.25,63,36,37580,400.0,7931,45511,1147,12.21,0.156,3.93,20.72,35층 1074㎡(51.8×20.7m)
단일,1b 층수·세장비,35,35,107.25,63,37,37580,400.0,7338,44918,1142,12.15,0.193,3.929,26.75,35층 1074㎡(40.1×26.8m)
단일,1b 층수·세장비,35,35,107.25,63,29,37580,400.0,8261,45841,1150,12.24,0.053,3.926,18.92,35층 1074㎡(56.8×18.9m)
단일,1b 층수·세장비,35,35,107.25,63,37,37580,400.0,8261,45841,1150,12.24,0.158,3.921,18.92,35층 1074㎡(56.8×18.9m)
단일,1b 층수·세장비,35,35,107.25,63,37,37580,400.0,7614,45194,1144,12.18,0.212,3.903,23.17,35층 1074㎡(46.3×23.2m)
단일,1b 층수·세장비,60,60,181.0,64,37,37580,400.0,9735,47315,678,7.22,0.026,4.061,20.43,60층 626㎡(30.7×20.4m)
단일,5 미세조정,60,60,181.0,64,41,37580,400.0,10943,48523,685,7.29,0.086,4.007,14.45,60층 626㎡(43.3×14.4m)
쌍둥이,3 쌍둥이,60+35,60,181.0,64,43,37580,400.0,13078,50658,894,9.51,0.076,3.878,13.07,60층 376㎡(28.8×13.1m) + 35층 429㎡(30.7×14.0m)
쌍둥이,3 쌍둥이,60+50,60,181.0,64,43,37580,400.0,15062,52642,777,8.27,0.048,3.869,10.22,60층 313㎡(30.7×10.2m) + 50층 376㎡(33.6×11.2m)
단일,5 미세조정,57,57,172.15,64,41,37580,400.0,10526,48106,719,7.65,0.085,4.017,15.21,57층 659㎡(43.3×15.2m)
단일,5 미세조정,57,57,172.15,64,40,37580,400.0,10653,48233,720,7.66,0.081,4.008,14.82,57층 659㎡(44.5×14.8m)
단일,5 미세조정,57,57,172.15,64,33,37580,400.0,10526,48106,719,7.65,0.058,4.001,15.21,57층 659㎡(43.3×15.2m)
단일,5 미세조정,56,56,169.2,64,39,37580,400.0,10755,48335,733,7.8,0.07,4.008,14.39,56층 671㎡(46.6×14.4m)
쌍둥이,5 미세조정,56+56,56,169.2,64,36,37580,400.0,13655,51235,748,7.97,0.054,3.978,14.13,56층 320㎡(22.6×14.1m) + 56층 352㎡(23.7×14.8m)
단일,1b 층수·세장비,55,55,166.25,64,40,37580,400.0,10042,47622,742,7.9,0.055,4.049,16.53,55층 683㎡(41.3×16.5m)
단일,5 미세조정,55,55,166.25,64,34,37580,400.0,9741,47321,740,7.88,0.061,4.024,17.93,55층 683㎡(38.1×17.9m)
단일,1b 층수·세장비,55,55,166.25,64,33,37580,400.0,10042,47622,742,7.9,0.056,4.017,16.53,55층 683㎡(41.3×16.5m)
쌍둥이,5 미세조정,55+55,55,166.25,64,33,37580,400.0,13330,50910,760,8.09,0.046,3.976,15.47,55층 325㎡(21.0×15.5m) + 55층 358㎡(22.1×16.2m)
쌍둥이,5 미세조정,52+52,52,157.4,64,36,37580,400.0,13055,50635,802,8.54,0.065,3.989,15.05,52층 344㎡(22.9×15.0m) + 52층 379㎡(24.0×15.8m)
단일,1b 층수·세장비,50,50,151.5,64,37,37580,400.0,8844,46424,809,8.61,0.059,4.067,22.38,50층 752㎡(33.6×22.4m)
단일,1b 층수·세장비,50,50,151.5,64,35,37580,400.0,9553,47133,813,8.66,0.131,3.903,17.34,50층 752㎡(43.3×17.3m)
단일,1b 층수·세장비,50,50,151.5,64,34,37580,400.0,10731,48311,821,8.74,0.143,3.859,13.71,50층 752㎡(54.8×13.7m)
단일,5 미세조정,45,45,136.75,64,39,37580,400.0,9595,47175,904,9.62,0.096,4.022,16.05,45층 835㎡(52.0×16.1m)
단일,1b 층수·세장비,45,45,136.75,64,31,37580,400.0,8368,45948,895,9.53,0.07,3.924,23.6,45층 835㎡(35.4×23.6m)
단일,1b 층수·세장비,45,45,136.75,64,45,37580,400.0,8368,45948,895,9.53,0.226,3.922,23.6,45층 835㎡(35.4×23.6m)
쌍둥이,3 쌍둥이,45+35,45,136.75,64,42,37580,400.0,11934,49514,1026,10.92,0.06,3.898,13.97,45층 501㎡(33.2×15.1m) + 35층 429㎡(30.7×14.0m)
쌍둥이,3 쌍둥이,45+40,45,136.75,64,42,37580,400.0,12303,49883,969,10.31,0.06,3.893,13.07,45층 501㎡(33.2×15.1m) + 40층 376㎡(28.8×13.1m)
단일,1b 층수·세장비,40,40,122.0,64,33,37580,400.0,8163,45743,1006,10.7,0.032,4.106,21.67,40층 940㎡(43.3×21.7m)
단일,1b 층수·세장비,40,40,122.0,64,33,37580,400.0,8854,46434,1011,10.76,0.072,4.038,17.7,40층 940㎡(53.1×17.7m)
단일,1b 층수·세장비,40,40,122.0,64,36,37580,400.0,7868,45448,1003,10.68,0.252,3.926,25.03,40층 940㎡(37.5×25.0m)
단일,1b 층수·세장비,40,40,122.0,64,37,37580,400.0,7868,45448,1003,10.68,0.166,3.918,25.03,40층 940㎡(37.5×25.0m)
단일,1b 층수·세장비,40,40,122.0,64,45,37580,400.0,7868,45448,1003,10.68,0.172,3.913,25.03,40층 940㎡(37.5×25.0m)
단일,1b 층수·세장비,40,40,122.0,64,37,37580,400.0,8163,45743,1006,10.7,0.215,3.882,21.67,40층 940㎡(43.3×21.7m)
단일,1b 층수·세장비,35,35,107.25,64,32,37580,400.0,7614,45194,1144,12.18,0.107,3.938,23.17,35층 1074㎡(46.3×23.2m)
단일,1b 층수·세장비,35,35,107.25,64,35,37580,400.0,7931,45511,1147,12.21,0.174,3.918,20.72,35층 1074㎡(51.8×20.7m)
단일,1b 층수·세장비,35,35,107.25,64,36,37580,400.0,8261,45841,1150,12.24,0.178,3.909,18.92,35층 1074㎡(56.8×18.9m)
단일,1b 층수·세장비,60,60,181.0,65,40,37580,400.0,10943,48523,685,7.29,0.057,4.08,14.45,60층 626㎡(43.3×14.4m)
단일,1b 층수·세장비,60,60,181.0,65,41,37580,400.0,10943,48523,685,7.29,0.068,4.059,14.45,60층 626㎡(43.3×14.4m)
단일,1b 층수·세장비,60,60,181.0,65,41,37580,400.0,10512,48092,683,7.27,0.09,4.019,15.83,60층 626㎡(39.6×15.8m)
쌍둥이,3 쌍둥이,60+45,60,181.0,65,44,37580,400.0,13189,50769,789,8.4,0.144,3.911,14.45,60층 376㎡(24.5×15.3m) + 45층 334㎡(23.1×14.4m)
쌍둥이,3 쌍둥이,60+50,60,181.0,65,43,37580,400.0,14129,51709,758,8.06,0.076,3.873,11.69,60층 376㎡(28.8×13.1m) + 50층 301㎡(25.7×11.7m)
쌍둥이,3 쌍둥이,60+60,60,181.0,65,43,37580,400.0,14824,52404,705,7.5,0.08,3.865,11.93,60층 313㎡(26.2×11.9m) + 60층 313㎡(26.2×11.9m)
단일,5 미세조정,58,58,175.1,65,38,37580,400.0,10326,47906,705,7.51,0.072,4.009,16.1,58층 648㎡(40.2×16.1m)
쌍둥이,5 미세조정,57+57,57,172.15,65,35,37580,400.0,13909,51489,737,7.84,0.074,3.97,13.48,57층 314㎡(23.3×13.5m) + 57층 345㎡(24.4×14.1m)
단일,5 미세조정,56,56,169.2,65,33,37580,400.0,10304,47884,730,7.77,0.058,4.008,15.77,56층 671㎡(42.6×15.8m)
쌍둥이,5 미세조정,56+56,56,169.2,65,33,37580,400.0,13585,51165,748,7.96,0.052,3.97,14.5,56층 320㎡(22.0×14.5m) + 56층 352㎡(23.1×15.2m)
단일,5 미세조정,55,55,166.25,65,41,37580,400.0,10455,48035,745,7.93,0.088,4.012,15.09,55층 683㎡(45.3×15.1m)
단일,5 미세조정,55,55,166.25,65,39,37580,400.0,10803,48383,747,7.95,0.072,4.002,14.13,55층 683㎡(48.3×14.1m)
쌍둥이,5 미세조정,55+55,55,166.25,65,33,37580,400.0,13454,51034,761,8.1,0.064,3.975,14.63,55층 325㎡(22.2×14.6m) + 55층 358㎡(23.3×15.3m)
쌍둥이,3 쌍둥이,55+50,55,166.25,65,44,37580,400.0,13158,50738,790,8.41,0.148,3.919,13.71,55층 410㎡(25.6×16.0m) + 50층 301㎡(21.9×13.7m)
단일,1b 층수·세장비,55,55,166.25,65,39,37580,400.0,9644,47224,740,7.87,0.184,3.867,18.48,55층 683㎡(37.0×18.5m)
쌍둥이,5 미세조정,54+54,54,163.3,65,35,37580,400.0,13199,50779,773,8.23,0.052,3.98,15.61,54층 331㎡(21.2×15.6m) + 54층 365㎡(22.3×16.4m)
단일,5 미세조정,53,53,160.35,65,33,37580,400.0,9749,47329,768,8.18,0.066,4.023,17.28,53층 709㎡(41.0×17.3m)
쌍둥이,5 미세조정,53+53,53,160.35,65,35,37580,400.0,13189,50769,788,8.39,0.07,3.983,14.9,53층 338㎡(22.7×14.9m) + 53층 371㎡(23.8×15.6m)
단일,1b 층수·세장비,50,50,151.5,65,36,37580,400.0,9553,47133,813,8.66,0.072,3.946,17.34,50층 752㎡(43.3×17.3m)
단일,1b 층수·세장비,50,50,151.5,65,36,37580,400.0,9553,47133,813,8.66,0.063,3.92,17.34,50층 752㎡(43.3×17.3m)
단일,1a 방위·위치,45,45,136.75,65,33,37580,400.0,9041,46621,900,9.58,0.211,4.0,18.28,45층 835㎡(45.7×18.3m)
쌍둥이,3 쌍둥이,45+45,45,136.75,65,42,37580,400.0,12713,50293,925,9.85,0.068,3.877,13.78,45층 418㎡(30.3×13.8m) + 45층 418㎡(30.3×13.8m)
단일,5 미세조정,43,43,130.85,65,40,37580,400.0,8865,46445,941,10.01,0.103,4.041,18.51,43층 874㎡(47.2×18.5m)
단일,5 미세조정,43,43,130.85,65,39,37580,400.0,9084,46664,942,10.03,0.095,4.035,17.51,43층 874㎡(49.9×17.5m)
단일,5 미세조정,42,42,127.9,65,33,37580,400.0,8973,46553,964,10.26,0.084,4.04,17.72,42층 895㎡(50.5×17.7m)
단일,1b 층수·세장비,40,40,122.0,65,43,37580,400.0,7868,45448,1003,10.68,0.214,3.903,25.03,40층 940㎡(37.5×25.0m)
단일,1b 층수·세장비,40,40,122.0,65,31,37580,400.0,9555,47135,1017,10.83,0.108,3.894,15.33,40층 940㎡(61.3×15.3m)
단일,1b 층수·세장비,35,35,107.25,65,30,37580,400.0,7931,45511,1147,12.21,0.109,3.936,20.72,35층 1074㎡(51.8×20.7m)
단일,1b 층수·세장비,35,35,107.25,65,33,37580,400.0,7931,45511,1147,12.21,0.13,3.933,20.72,35층 1074㎡(51.8×20.7m)
단일,1b 층수·세장비,35,35,107.25,65,36,37580,400.0,7338,44918,1142,12.15,0.186,3.915,26.75,35층 1074㎡(40.1×26.8m)
단일,1b 층수·세장비,60,60,181.0,66,46,37580,400.0,10943,48523,685,7.29,0.164,3.974,14.45,60층 626㎡(43.3×14.4m)
단일,5 미세조정,59,59,178.05,66,38,37580,400.0,11361,48941,699,7.44,0.079,3.978,13.3,59층 637㎡(47.9×13.3m)
단일,5 미세조정,58,58,175.1,66,41,37580,400.0,10751,48331,708,7.53,0.088,4.002,14.7,58층 648㎡(44.1×14.7m)
단일,5 미세조정,58,58,175.1,66,41,37580,400.0,10623,48203,707,7.53,0.093,3.995,15.08,58층 648㎡(43.0×15.1m)
단일,5 미세조정,57,57,172.15,66,41,37580,400.0,10232,47812,717,7.63,0.083,4.023,16.24,57층 659㎡(40.6×16.2m)
쌍둥이,5 미세조정,57+57,57,172.15,66,37,37580,400.0,13786,51366,736,7.83,0.066,3.973,14.01,57층 314㎡(22.4×14.0m) + 57층 345㎡(23.5×14.7m)
쌍둥이,5 미세조정,57+57,57,172.15,66,35,37580,400.0,13588,51168,735,7.82,0.069,3.969,15.19,57층 314㎡(20.7×15.2m) + 57층 345㎡(21.7×15.9m)
쌍둥이,5 미세조정,57+57,57,172.15,66,36,37580,400.0,13714,51294,735,7.83,0.061,3.968,14.37,57층 314㎡(21.8×14.4m) + 57층 345㎡(22.9×15.1m)
쌍둥이,5 미세조정,55+55,55,166.25,66,37,37580,400.0,13524,51104,761,8.1,0.07,3.986,14.26,55층 325㎡(22.8×14.3m) + 55층 358㎡(23.9×15.0m)
단일,1b 층수·세장비,55,55,166.25,66,37,37580,400.0,9299,46879,738,7.85,0.108,3.933,21.34,55층 683㎡(32.0×21.3m)
단일,1b 층수·세장비,50,50,151.5,66,37,37580,400.0,8844,46424,809,8.61,0.038,4.069,22.38,50층 752㎡(33.6×22.4m)
단일,1b 층수·세장비,50,50,151.5,66,38,37580,400.0,9553,47133,813,8.66,0.072,4.033,17.34,50층 752㎡(43.3×17.3m)
단일,1b 층수·세장비,50,50,151.5,66,36,37580,400.0,9947,47527,816,8.68,0.056,3.916,15.83,50층 752㎡(47.5×15.8m)
단일,1b 층수·세장비,50,50,151.5,66,37,37580,400.0,8844,46424,809,8.61,0.221,3.903,22.38,50층 752㎡(33.6×22.4m)
단일,5 미세조정,47,47,142.65,66,41,37580,400.0,9631,47211,866,9.22,0.102,4.021,16.33,47층 800㎡(49.0×16.3m)
단일,1b 층수·세장비,40,40,122.0,66,33,37580,400.0,8163,45743,1006,10.7,0.026,4.064,21.67,40층 940㎡(43.3×21.7m)
단일,1b 층수·세장비,40,40,122.0,66,33,37580,400.0,8163,45743,1006,10.7,0.056,4.058,21.67,40층 940㎡(43.3×21.7m)
단일,1b 층수·세장비,40,40,122.0,66,35,37580,400.0,8502,46082,1008,10.73,0.051,3.944,19.39,40층 940㎡(48.5×19.4m)
단일,1b 층수·세장비,40,40,122.0,66,32,37580,400.0,8502,46082,1008,10.73,0.103,3.93,19.39,40층 940㎡(48.5×19.4m)
단일,1b 층수·세장비,40,40,122.0,66,32,37580,400.0,8502,46082,1008,10.73,0.099,3.921,19.39,40층 940㎡(48.5×19.4m)
단일,1b 층수·세장비,40,40,122.0,66,40,37580,400.0,7868,45448,1003,10.68,0.203,3.889,25.03,40층 940㎡(37.5×25.0m)
단일,1b 층수·세장비,35,35,107.25,66,31,37580,400.0,7338,44918,1142,12.15,0.039,3.934,26.75,35층 1074㎡(40.1×26.8m)
단일,1b 층수·세장비,35,35,107.25,66,36,37580,400.0,7614,45194,1144,12.18,0.227,3.912,23.17,35층 1074㎡(46.3×23.2m)
쌍둥이,3 쌍둥이,60+45,60,181.0,67,43,37580,400.0,13796,51376,793,8.44,0.076,3.876,12.32,60층 376㎡(28.8×13.1m) + 45층 334㎡(27.1×12.3m)
단일,5 미세조정,57,57,172.15,67,41,37580,400.0,10274,47854,717,7.64,0.083,4.022,16.08,57층 659㎡(41.0×16.1m)
단일,5 미세조정,57,57,172.15,67,38,37580,400.0,10232,47812,717,7.63,0.073,4.01,16.24,57층 659㎡(40.6×16.2m)
단일,5 미세조정,55,55,166.25,67,35,37580,400.0,9741,47321,740,7.88,0.071,4.022,17.93,55층 683㎡(38.1×17.9m)
단일,1b 층수·세장비,55,55,166.25,67,45,37580,400.0,11278,48858,750,7.98,0.107,4.007,13.07,55층 683㎡(52.3×13.1m)
쌍둥이,5 미세조정,55+55,55,166.25,67,34,37580,400.0,13524,51104,761,8.1,0.075,3.971,14.26,55층 325㎡(22.8×14.3m) + 55층 358㎡(23.9×15.0m)
단일,1b 층수·세장비,55,55,166.25,67,45,37580,400.0,9299,46879,738,7.85,0.198,3.925,21.34,55층 683㎡(32.0×21.3m)
단일,1b 층수·세장비,55,55,166.25,67,38,37580,400.0,9299,46879,738,7.85,0.083,3.922,21.34,55층 683㎡(32.0×21.3m)
단일,1b 층수·세장비,55,55,166.25,67,32,37580,400.0,12068,49648,754,8.03,0.114,3.855,11.69,55층 683㎡(58.4×11.7m)
쌍둥이,5 미세조정,54+54,54,163.3,67,38,37580,400.0,13391,50971,775,8.24,0.074,3.982,14.39,54층 331㎡(23.0×14.4m) + 54층 365㎡(24.2×15.1m)
쌍둥이,5 미세조정,54+54,54,163.3,67,38,37580,400.0,13322,50902,774,8.24,0.073,3.982,14.77,54층 331㎡(22.4×14.8m) + 54층 365㎡(23.5×15.5m)
쌍둥이,5 미세조정,54+54,54,163.3,67,34,37580,400.0,13322,50902,774,8.24,0.074,3.974,14.77,54층 331㎡(22.4×14.8m) + 54층 365㎡(23.5×15.5m)
쌍둥이,5 미세조정,54+54,54,163.3,67,34,37580,400.0,13391,50971,775,8.24,0.076,3.973,14.39,54층 331㎡(23.0×14.4m) + 54층 365㎡(24.2×15.1m)
단일,5 미세조정,53,53,160.35,67,41,37580,400.0,9749,47329,768,8.18,0.085,4.03,17.28,53층 709㎡(41.0×17.3m)
단일,5 미세조정,52,52,157.4,67,40,37580,400.0,9458,47038,781,8.32,0.093,4.023,18.44,52층 723㎡(39.2×18.4m)
단일,1b 층수·세장비,50,50,151.5,67,40,37580,400.0,9947,47527,816,8.68,0.066,4.063,15.83,50층 752㎡(47.5×15.8m)
단일,1b 층수·세장비,50,50,151.5,67,43,37580,400.0,9174,46754,811,8.63,0.067,4.062,19.39,50층 752㎡(38.8×19.4m)
단일,1b 층수·세장비,50,50,151.5,67,36,37580,400.0,11484,49064,826,8.79,0.052,3.913,12.26,50층 752㎡(61.3×12.3m)
단일,1b 층수·세장비,50,50,151.5,67,42,37580,400.0,9947,47527,816,8.68,0.23,3.909,15.83,50층 752㎡(47.5×15.8m)
단일,1b 층수·세장비,50,50,151.5,67,44,37580,400.0,8844,46424,809,8.61,0.186,3.906,22.38,50층 752㎡(33.6×22.4m)
단일,1b 층수·세장비,45,45,136.75,67,33,37580,400.0,8368,45948,895,9.53,0.043,4.056,23.6,45층 835㎡(35.4×23.6m)
단일,1a 방위·위치,45,45,136.75,67,33,37580,400.0,9041,46621,900,9.58,0.084,4.024,18.28,45층 835㎡(45.7×18.3m)
단일,1b 층수·세장비,45,45,136.75,67,45,37580,400.0,8681,46261,897,9.55,0.179,3.928,20.43,45층 835㎡(40.9×20.4m)
단일,1b 층수·세장비,45,45,136.75,67,36,37580,400.0,8368,45948,895,9.53,0.038,3.91,23.6,45층 835㎡(35.4×23.6m)
쌍둥이,3 쌍둥이,45+40,45,136.75,67,43,37580,400.0,11781,49361,976,10.39,0.087,3.881,16.15,45층 418㎡(25.8×16.2m) + 40층 470㎡(27.4×17.1m)
단일,1b 층수·세장비,40,40,122.0,67,35,37580,400.0,7868,45448,1003,10.68,0.141,3.912,25.03,40층 940㎡(37.5×25.0m)
단일,1b 층수·세장비,40,40,122.0,67,36,37580,400.0,7868,45448,1003,10.68,0.146,3.907,25.03,40층 940㎡(37.5×25.0m)
단일,1b 층수·세장비,40,40,122.0,67,34,37580,400.0,8502,46082,1008,10.73,0.146,3.903,19.39,40층 940㎡(48.5×19.4m)
단일,1b 층수·세장비,35,35,107.25,67,36,37580,400.0,7614,45194,1144,12.18,0.063,4.081,23.17,35층 1074㎡(46.3×23.2m)
단일,1b 층수·세장비,35,35,107.25,67,30,37580,400.0,8261,45841,1150,12.24,0.098,4.052,18.92,35층 1074㎡(56.8×18.9m)
단일,1b 층수·세장비,35,35,107.25,67,33,37580,400.0,7931,45511,1147,12.21,0.106,3.938,20.72,35층 1074㎡(51.8×20.7m)
단일,1b 층수·세장비,35,35,107.25,67,31,37580,400.0,7338,44918,1142,12.15,0.135,3.923,26.75,35층 1074㎡(40.1×26.8m)
단일,1b 층수·세장비,35,35,107.25,67,36,37580,400.0,7931,45511,1147,12.21,0.248,3.887,20.72,35층 1074㎡(51.8×20.7m)
단일,1b 층수·세장비,60,60,181.0,68,37,37580,400.0,9735,47315,678,7.22,0.051,3.919,20.43,60층 626㎡(30.7×20.4m)
단일,1b 층수·세장비,60,60,181.0,68,40,37580,400.0,10512,48092,683,7.27,0.075,3.918,15.83,60층 626㎡(39.6×15.8m)
쌍둥이,5 미세조정,57+57,57,172.15,68,39,37580,400.0,13714,51294,735,7.83,0.07,3.965,14.37,57층 314㎡(21.8×14.4m) + 57층 345㎡(22.9×15.1m)
단일,1b 층수·세장비,55,55,166.25,68,39,37580,400.0,9299,46879,738,7.85,0.067,4.049,21.34,55층 683㎡(32.0×21.3m)
단일,1b 층수·세장비,55,55,166.25,68,46,37580,400.0,9299,46879,738,7.85,0.185,3.932,21.34,55층 683㎡(32.0×21.3m)
쌍둥이,5 미세조정,53+53,53,160.35,68,39,37580,400.0,13376,50956,789,8.4,0.075,3.977,13.98,53층 338㎡(24.2×14.0m) + 53층 371㎡(25.3×14.7m)
쌍둥이,5 미세조정,53+53,53,160.35,68,39,37580,400.0,13189,50769,788,8.39,0.078,3.976,14.9,53층 338㎡(22.7×14.9m) + 53층 371㎡(23.8×15.6m)
쌍둥이,5 미세조정,53+53,53,160.35,68,33,37580,400.0,13189,50769,788,8.39,0.068,3.975,14.9,53층 338㎡(22.7×14.9m) + 53층 371㎡(23.8×15.6m)
단일,5 미세조정,52,52,157.4,68,39,37580,400.0,9652,47232,783,8.33,0.086,4.02,17.44,52층 723㎡(41.4×17.4m)
단일,1b 층수·세장비,50,50,151.5,68,35,37580,400.0,9947,47527,816,8.68,0.036,4.1,15.83,50층 752㎡(47.5×15.8m)
단일,1b 층수·세장비,50,50,151.5,68,40,37580,400.0,9553,47133,813,8.66,0.067,4.065,17.34,50층 752㎡(43.3×17.3m)
단일,1b 층수·세장비,50,50,151.5,68,36,37580,400.0,9174,46754,811,8.63,0.112,3.933,19.39,50층 752㎡(38.8×19.4m)
단일,1b 층수·세장비,50,50,151.5,68,46,37580,400.0,8844,46424,809,8.61,0.135,3.919,22.38,50층 752㎡(33.6×22.4m)
쌍둥이,3 쌍둥이,50+35,50,151.5,68,42,37580,400.0,12254,49834,938,9.99,0.048,3.889,12.1,50층 526㎡(34.0×15.5m) + 35층 322㎡(26.6×12.1m)
단일,5 미세조정,48,48,145.6,68,41,37580,400.0,9737,47317,849,9.03,0.101,4.019,16.15,48층 783㎡(48.5×16.2m)
단일,1a 방위·위치,45,45,136.75,68,37,37580,400.0,9041,46621,900,9.58,0.057,4.078,18.28,45층 835㎡(45.7×18.3m)
단일,1a 방위·위치,45,45,136.75,68,32,37580,400.0,9041,46621,900,9.58,0.188,3.97,18.28,45층 835㎡(45.7×18.3m)
단일,1b 층수·세장비,45,45,136.75,68,36,37580,400.0,8681,46261,897,9.55,0.251,3.909,20.43,45층 835㎡(40.9×20.4m)
단일,1a 방위·위치,45,45,136.75,68,31,37580,400.0,9041,46621,900,9.58,0.049,3.894,18.28,45층 835㎡(45.7×18.3m)
단일,1b 층수·세장비,40,40,122.0,68,34,37580,400.0,8502,46082,1008,10.73,0.11,3.937,19.39,40층 940㎡(48.5×19.4m)
단일,1b 층수·세장비,40,40,122.0,68,34,37580,400.0,9555,47135,1017,10.83,0.052,3.913,15.33,40층 940㎡(61.3×15.3m)
단일,1b 층수·세장비,40,40,122.0,68,33,37580,400.0,8163,45743,1006,10.7,0.138,3.911,21.67,40층 940㎡(43.3×21.7m)
단일,1b 층수·세장비,35,35,107.25,68,32,37580,400.0,7338,44918,1142,12.15,0.101,3.931,26.75,35층 1074㎡(40.1×26.8m)
단일,1b 층수·세장비,35,35,107.25,68,32,37580,400.0,7931,45511,1147,12.21,0.13,3.92,20.72,35층 1074㎡(51.8×20.7m)
단일,1b 층수·세장비,60,60,181.0,69,46,37580,400.0,12628,50208,694,7.39,0.083,4.02,11.19,60층 626㎡(56.0×11.2m)
단일,1b 층수·세장비,60,60,181.0,69,38,37580,400.0,9735,47315,678,7.22,0.085,3.908,20.43,60층 626㎡(30.7×20.4m)
쌍둥이,5 미세조정,57+57,57,172.15,69,33,37580,400.0,13588,51168,735,7.82,0.063,3.962,15.19,57층 314㎡(20.7×15.2m) + 57층 345㎡(21.7×15.9m)
쌍둥이,5 미세조정,55+55,55,166.25,69,39,37580,400.0,13524,51104,761,8.1,0.082,3.967,14.26,55층 325㎡(22.8×14.3m) + 55층 358㎡(23.9×15.0m)
단일,1b 층수·세장비,55,55,166.25,69,35,37580,400.0,9299,46879,738,7.85,0.053,3.904,21.34,55층 683㎡(32.0×21.3m)
쌍둥이,5 미세조정,54+54,54,163.3,69,39,37580,400.0,13391,50971,775,8.24,0.078,3.975,14.39,54층 331㎡(23.0×14.4m) + 54층 365㎡(24.2×15.1m)
단일,5 미세조정,53,53,160.35,69,35,37580,400.0,9749,47329,768,8.18,0.075,4.019,17.28,53층 709㎡(41.0×17.3m)
단일,5 미세조정,53,53,160.35,69,35,37580,400.0,9849,47429,769,8.19,0.077,4.015,16.84,53층 709㎡(42.1×16.8m)
단일,5 미세조정,53,53,160.35,69,39,37580,400.0,9849,47429,769,8.19,0.086,4.012,16.84,53층 709㎡(42.1×16.8m)
단일,5 미세조정,53,53,160.35,69,40,37580,400.0,10255,47835,772,8.21,0.091,3.998,15.37,53층 709㎡(46.1×15.4m)
단일,5 미세조정,52,52,157.4,69,35,37580,400.0,10153,47733,786,8.36,0.082,4.002,15.52,52층 723㎡(46.6×15.5m)
단일,1b 층수·세장비,50,50,151.5,69,38,37580,400.0,8844,46424,809,8.61,0.062,4.06,22.38,50층 752㎡(33.6×22.4m)
단일,1b 층수·세장비,50,50,151.5,69,34,37580,400.0,8844,46424,809,8.61,0.066,3.929,22.38,50층 752㎡(33.6×22.4m)
단일,1b 층수·세장비,50,50,151.5,69,33,37580,400.0,9174,46754,811,8.63,0.1,3.904,19.39,50층 752㎡(38.8×19.4m)
쌍둥이,3 쌍둥이,50+35,50,151.5,69,42,37580,400.0,12332,49912,973,10.36,0.069,3.884,13.97,50층 451㎡(31.5×14.3m) + 35층 429㎡(30.7×14.0m)
단일,1b 층수·세장비,50,50,151.5,69,32,37580,400.0,9174,46754,811,8.63,0.11,3.875,19.39,50층 752㎡(38.8×19.4m)
단일,1b 층수·세장비,50,50,151.5,69,31,37580,400.0,11484,49064,826,8.79,0.123,3.838,12.26,50층 752㎡(61.3×12.3m)
단일,1b 층수·세장비,45,45,136.75,69,35,37580,400.0,8368,45948,895,9.53,0.046,4.063,23.6,45층 835㎡(35.4×23.6m)
단일,1b 층수·세장비,45,45,136.75,69,33,37580,400.0,8681,46261,897,9.55,0.037,4.031,20.43,45층 835㎡(40.9×20.4m)
단일,1a 방위·위치,45,45,136.75,69,34,37580,400.0,9041,46621,900,9.58,0.101,3.906,18.28,45층 835㎡(45.7×18.3m)
단일,1b 층수·세장비,40,40,122.0,69,35,37580,400.0,8163,45743,1006,10.7,0.116,3.935,21.67,40층 940㎡(43.3×21.7m)
단일,1b 층수·세장비,40,40,122.0,69,28,37580,400.0,9555,47135,1017,10.83,0.072,3.865,15.33,40층 940㎡(61.3×15.3m)
단일,1b 층수·세장비,35,35,107.25,69,30,37580,400.0,7338,44918,1142,12.15,0.105,3.932,26.75,35층 1074㎡(40.1×26.8m)
단일,1b 층수·세장비,60,60,181.0,70,42,37580,400.0,10096,47676,680,7.24,0.07,4.049,17.7,60층 626㎡(35.4×17.7m)
단일,1b 층수·세장비,60,60,181.0,70,38,37580,400.0,9735,47315,678,7.22,0.056,4.034,20.43,60층 626㎡(30.7×20.4m)
단일,1b 층수·세장비,60,60,181.0,70,34,37580,400.0,10096,47676,680,7.24,0.058,3.999,17.7,60층 626㎡(35.4×17.7m)
단일,1b 층수·세장비,60,60,181.0,70,47,37580,400.0,10512,48092,683,7.27,0.143,3.964,15.83,60층 626㎡(39.6×15.8m)
단일,1b 층수·세장비,60,60,181.0,70,43,37580,400.0,10512,48092,683,7.27,0.218,3.948,15.83,60층 626㎡(39.6×15.8m)
단일,1b 층수·세장비,60,60,181.0,70,42,37580,400.0,10943,48523,685,7.29,0.219,3.94,14.45,60층 626㎡(43.3×14.4m)
쌍둥이,3 쌍둥이,60+45,60,181.0,70,43,37580,400.0,13769,51349,815,8.67,0.068,3.869,11.93,60층 313㎡(26.2×11.9m) + 45층 418㎡(30.3×13.8m)
쌍둥이,3 쌍둥이,60+50,60,181.0,70,43,37580,400.0,14136,51716,771,8.21,0.075,3.866,11.93,60층 313㎡(26.2×11.9m) + 50층 376㎡(28.8×13.1m)
쌍둥이,5 미세조정,56+56,56,169.2,70,39,37580,400.0,13585,51165,748,7.96,0.075,3.973,14.5,56층 320㎡(22.0×14.5m) + 56층 352㎡(23.1×15.2m)
단일,1b 층수·세장비,55,55,166.25,70,40,37580,400.0,9299,46879,738,7.85,0.071,4.043,21.34,55층 683㎡(32.0×21.3m)
쌍둥이,5 미세조정,55+55,55,166.25,70,33,37580,400.0,13524,51104,761,8.1,0.068,3.966,14.26,55층 325㎡(22.8×14.3m) + 55층 358㎡(23.9×15.0m)
단일,1b 층수·세장비,50,50,151.5,70,42,37580,400.0,9947,47527,816,8.68,0.1,4.014,15.83,50층 752㎡(47.5×15.8m)
단일,1b 층수·세장비,50,50,151.5,70,40,37580,400.0,10731,48311,821,8.74,0.087,3.992,13.71,50층 752㎡(54.8×13.7m)
단일,1b 층수·세장비,50,50,151.5,70,35,37580,400.0,8844,46424,809,8.61,0.114,3.919,22.38,50층 752㎡(33.6×22.4m)
단일,1a 방위·위치,45,45,136.75,70,43,37580,400.0,9041,46621,900,9.58,0.106,4.05,18.28,45층 835㎡(45.7×18.3m)
단일,1a 방위·위치,45,45,136.75,70,40,37580,400.0,9041,46621,900,9.58,0.129,4.02,18.28,45층 835㎡(45.7×18.3m)
단일,1a 방위·위치,45,45,136.75,70,36,37580,400.0,9041,46621,900,9.58,0.137,4.014,18.28,45층 835㎡(45.7×18.3m)
단일,1a 방위·위치,45,45,136.75,70,35,37580,400.0,9041,46621,900,9.58,0.185,3.989,18.28,45층 835㎡(45.7×18.3m)
단일,1b 층수·세장비,45,45,136.75,70,33,37580,400.0,10158,47738,908,9.67,0.128,3.979,14.45,45층 835㎡(57.8×14.4m)
단일,1a 방위·위치,45,45,136.75,70,35,37580,400.0,9041,46621,900,9.58,0.236,3.971,18.28,45층 835㎡(45.7×18.3m)
단일,1b 층수·세장비,45,45,136.75,70,36,37580,400.0,9041,46621,900,9.58,0.065,3.926,18.28,45층 835㎡(45.7×18.3m)
단일,1b 층수·세장비,45,45,136.75,70,32,37580,400.0,8681,46261,897,9.55,0.107,3.9,20.43,45층 835㎡(40.9×20.4m)
단일,1a 방위·위치,45,45,136.75,70,37,37580,400.0,9041,46621,900,9.58,0.234,3.869,18.28,45층 835㎡(45.7×18.3m)
단일,1b 층수·세장비,40,40,122.0,70,31,37580,400.0,8854,46434,1011,10.76,0.102,4.029,17.7,40층 940㎡(53.1×17.7m)
단일,1b 층수·세장비,40,40,122.0,70,36,37580,400.0,7868,45448,1003,10.68,0.081,3.926,25.03,40층 940㎡(37.5×25.0m)
단일,1b 층수·세장비,40,40,122.0,70,36,37580,400.0,8163,45743,1006,10.7,0.176,3.896,21.67,40층 940㎡(43.3×21.7m)
단일,1b 층수·세장비,35,35,107.25,70,36,37580,400.0,7931,45511,1147,12.21,0.054,4.084,20.72,35층 1074㎡(51.8×20.7m)
단일,1b 층수·세장비,35,35,107.25,70,32,37580,400.0,7614,45194,1144,12.18,0.047,4.079,23.17,35층 1074㎡(46.3×23.2m)
단일,1b 층수·세장비,35,35,107.25,70,32,37580,400.0,7338,44918,1142,12.15,0.111,3.928,26.75,35층 1074㎡(40.1×26.8m)
단일,1b 층수·세장비,35,35,107.25,70,34,37580,400.0,7338,44918,1142,12.15,0.168,3.922,26.75,35층 1074㎡(40.1×26.8m)
단일,1b 층수·세장비,35,35,107.25,70,29,37580,400.0,7931,45511,1147,12.21,0.069,3.921,20.72,35층 1074㎡(51.8×20.7m)
단일,1b 층수·세장비,60,60,181.0,71,44,37580,400.0,10512,48092,683,7.27,0.082,4.032,15.83,60층 626㎡(39.6×15.8m)
단일,1b 층수·세장비,60,60,181.0,71,43,37580,400.0,10512,48092,683,7.27,0.103,4.024,15.83,60층 626㎡(39.6×15.8m)
단일,1b 층수·세장비,60,60,181.0,71,41,37580,400.0,12628,50208,694,7.39,0.126,3.932,11.19,60층 626㎡(56.0×11.2m)
쌍둥이,5 미세조정,58+58,58,175.1,71,40,37580,400.0,14039,51619,725,7.71,0.089,3.961,13.36,58층 309㎡(23.1×13.4m) + 58층 339㎡(24.2×14.0m)
쌍둥이,5 미세조정,58+58,58,175.1,71,38,37580,400.0,13915,51495,724,7.71,0.075,3.955,13.89,58층 309㎡(22.2×13.9m) + 58층 339㎡(23.3×14.6m)
쌍둥이,5 미세조정,57+57,57,172.15,71,40,37580,400.0,13909,51489,737,7.84,0.09,3.96,13.48,57층 314㎡(23.3×13.5m) + 57층 345㎡(24.4×14.1m)
단일,5 미세조정,56,56,169.2,71,38,37580,400.0,10304,47884,730,7.77,0.076,4.004,15.77,56층 671㎡(42.6×15.8m)
단일,1b 층수·세장비,50,50,151.5,71,33,37580,400.0,8844,46424,809,8.61,0.054,4.031,22.38,50층 752㎡(33.6×22.4m)
단일,1b 층수·세장비,50,50,151.5,71,39,37580,400.0,11484,49064,826,8.79,0.1,3.953,12.26,50층 752㎡(61.3×12.3m)
단일,1b 층수·세장비,50,50,151.5,71,36,37580,400.0,9174,46754,811,8.63,0.079,3.926,19.39,50층 752㎡(38.8×19.4m)
쌍둥이,3 쌍둥이,50+40,50,151.5,71,43,37580,400.0,12695,50275,936,9.96,0.058,3.881,13.07,50층 376㎡(28.8×13.1m) + 40층 470㎡(32.1×14.6m)
쌍둥이,3 쌍둥이,50+50,50,151.5,71,42,37580,400.0,14331,51911,843,8.97,0.048,3.873,11.19,50층 376㎡(33.6×11.2m) + 50층 376㎡(33.6×11.2m)
단일,1a 방위·위치,45,45,136.75,71,34,37580,400.0,9041,46621,900,9.58,0.192,3.997,18.28,45층 835㎡(45.7×18.3m)
단일,1b 층수·세장비,40,40,122.0,71,42,37580,400.0,8502,46082,1008,10.73,0.091,3.951,19.39,40층 940㎡(48.5×19.4m)
단일,1b 층수·세장비,35,35,107.25,71,37,37580,400.0,7614,45194,1144,12.18,0.237,3.886,23.17,35층 1074㎡(46.3×23.2m)
단일,1b 층수·세장비,60,60,181.0,72,42,37580,400.0,10512,48092,683,7.27,0.116,3.996,15.83,60층 626㎡(39.6×15.8m)
단일,1b 층수·세장비,60,60,181.0,72,38,37580,400.0,10943,48523,685,7.29,0.097,3.916,14.45,60층 626㎡(43.3×14.4m)
단일,1b 층수·세장비,60,60,181.0,72,44,37580,400.0,10512,48092,683,7.27,0.188,3.898,15.83,60층 626㎡(39.6×15.8m)
쌍둥이,3 쌍둥이,60+40,60,181.0,72,42,37580,400.0,13378,50958,804,8.55,0.06,3.88,11.32,60층 438㎡(31.1×14.1m) + 40층 282㎡(24.9×11.3m)
쌍둥이,3 쌍둥이,60+35,60,181.0,72,43,37580,400.0,12500,50080,890,9.47,0.094,3.866,15.33,60층 376㎡(24.5×15.3m) + 35층 429㎡(26.2×16.4m)
단일,1b 층수·세장비,60,60,181.0,72,38,37580,400.0,11802,49382,690,7.34,0.196,3.861,12.51,60층 626㎡(50.1×12.5m)
단일,1b 층수·세장비,55,55,166.25,72,34,37580,400.0,9299,46879,738,7.85,0.048,4.085,21.34,55층 683㎡(32.0×21.3m)
단일,1b 층수·세장비,55,55,166.25,72,44,37580,400.0,10042,47622,742,7.9,0.082,4.033,16.53,55층 683㎡(41.3×16.5m)
쌍둥이,5 미세조정,55+55,55,166.25,72,39,37580,400.0,13330,50910,760,8.09,0.084,3.969,15.47,55층 325㎡(21.0×15.5m) + 55층 358㎡(22.1×16.2m)
단일,1b 층수·세장비,55,55,166.25,72,44,37580,400.0,9299,46879,738,7.85,0.22,3.944,21.34,55층 683㎡(32.0×21.3m)
단일,1b 층수·세장비,55,55,166.25,72,40,37580,400.0,10042,47622,742,7.9,0.074,3.914,16.53,55층 683㎡(41.3×16.5m)
단일,1b 층수·세장비,55,55,166.25,72,38,37580,400.0,9299,46879,738,7.85,0.086,3.909,21.34,55층 683㎡(32.0×21.3m)
쌍둥이,3 쌍둥이,55+40,55,166.25,72,42,37580,400.0,12987,50567,846,9.0,0.055,3.884,11.32,55층 478㎡(32.4×14.7m) + 40층 282㎡(24.9×11.3m)
단일,1b 층수·세장비,50,50,151.5,72,39,37580,400.0,9174,46754,811,8.63,0.082,4.041,19.39,50층 752㎡(38.8×19.4m)
단일,1b 층수·세장비,50,50,151.5,72,46,37580,400.0,9553,47133,813,8.66,0.106,4.04,17.34,50층 752㎡(43.3×17.3m)
쌍둥이,3 쌍둥이,50+35,50,151.5,72,43,37580,400.0,11743,49323,1002,10.67,0.076,3.872,15.33,50층 376㎡(24.5×15.3m) + 35층 537㎡(29.3×18.3m)
단일,1b 층수·세장비,50,50,151.5,72,31,37580,400.0,9947,47527,816,8.68,0.063,3.863,15.83,50층 752㎡(47.5×15.8m)
단일,1b 층수·세장비,45,45,136.75,72,40,37580,400.0,9041,46621,900,9.58,0.123,4.03,18.28,45층 835㎡(45.7×18.3m)
단일,1a 방위·위치,45,45,136.75,72,37,37580,400.0,9041,46621,900,9.58,0.111,4.018,18.28,45층 835㎡(45.7×18.3m)
단일,1a 방위·위치,45,45,136.75,72,40,37580,400.0,9041,46621,900,9.58,0.157,4.018,18.28,45층 835㎡(45.7×18.3m)
단일,1b 층수·세장비,45,45,136.75,72,34,37580,400.0,9041,46621,900,9.58,0.097,4.016,18.28,45층 835㎡(45.7×18.3m)
단일,1a 방위·위치,45,45,136.75,72,33,37580,400.0,9041,46621,900,9.58,0.124,3.993,18.28,45층 835㎡(45.7×18.3m)
단일,1a 방위·위치,45,45,136.75,72,36,37580,400.0,9041,46621,900,9.58,0.074,3.925,18.28,45층 835㎡(45.7×18.3m)
단일,1a 방위·위치,45,45,136.75,72,38,37580,400.0,9041,46621,900,9.58,0.039,3.924,18.28,45층 835㎡(45.7×18.3m)
단일,1a 방위·위치,45,45,136.75,72,31,37580,400.0,9041,46621,900,9.58,0.056,3.879,18.28,45층 835㎡(45.7×18.3m)
단일,1b 층수·세장비,40,40,122.0,72,36,37580,400.0,8163,45743,1006,10.7,0.056,4.081,21.67,40층 940㎡(43.3×21.7m)
단일,1b 층수·세장비,40,40,122.0,72,37,37580,400.0,8502,46082,1008,10.73,0.06,4.079,19.39,40층 940㎡(48.5×19.4m)
단일,1b 층수·세장비,40,40,122.0,72,37,37580,400.0,8163,45743,1006,10.7,0.06,4.076,21.67,40층 940㎡(43.3×21.7m)
쌍둥이,3 쌍둥이,40+40,40,122.0,72,42,37580,400.0,11412,48992,1031,10.97,0.087,3.876,17.13,40층 470㎡(27.4×17.1m) + 40층 470㎡(27.4×17.1m)
단일,1b 층수·세장비,35,35,107.25,72,39,37580,400.0,8261,45841,1150,12.24,0.07,4.073,18.92,35층 1074㎡(56.8×18.9m)
단일,1b 층수·세장비,35,35,107.25,72,31,37580,400.0,7614,45194,1144,12.18,0.072,4.063,23.17,35층 1074㎡(46.3×23.2m)
단일,1b 층수·세장비,35,35,107.25,72,33,37580,400.0,7931,45511,1147,12.21,0.115,4.05,20.72,35층 1074㎡(51.8×20.7m)
단일,1b 층수·세장비,35,35,107.25,72,43,37580,400.0,7931,45511,1147,12.21,0.148,3.939,20.72,35층 1074㎡(51.8×20.7m)
단일,1b 층수·세장비,35,35,107.25,72,31,37580,400.0,7931,45511,1147,12.21,0.066,3.928,20.72,35층 1074㎡(51.8×20.7m)
단일,1b 층수·세장비,35,35,107.25,72,36,37580,400.0,8261,45841,1150,12.24,0.084,3.925,18.92,35층 1074㎡(56.8×18.9m)
단일,1b 층수·세장비,35,35,107.25,72,33,37580,400.0,7614,45194,1144,12.18,0.125,3.92,23.17,35층 1074㎡(46.3×23.2m)
단일,1b 층수·세장비,35,35,107.25,72,31,37580,400.0,7614,45194,1144,12.18,0.114,3.92,23.17,35층 1074㎡(46.3×23.2m)
단일,1b 층수·세장비,35,35,107.25,72,30,37580,400.0,7338,44918,1142,12.15,0.085,3.92,26.75,35층 1074㎡(40.1×26.8m)
단일,1b 층수·세장비,60,60,181.0,73,46,37580,400.0,10943,48523,685,7.29,0.07,4.066,14.45,60층 626㎡(43.3×14.4m)
단일,1b 층수·세장비,60,60,181.0,73,44,37580,400.0,10096,47676,680,7.24,0.076,4.042,17.7,60층 626㎡(35.4×17.7m)
단일,1b 층수·세장비,60,60,181.0,73,37,37580,400.0,11802,49382,690,7.34,0.085,3.903,12.51,60층 626㎡(50.1×12.5m)
쌍둥이,3 쌍둥이,60+45,60,181.0,73,43,37580,400.0,13189,50769,789,8.4,0.094,3.862,14.45,60층 376㎡(24.5×15.3m) + 45층 334㎡(23.1×14.4m)
단일,1b 층수·세장비,60,60,181.0,73,28,37580,400.0,12628,50208,694,7.39,0.042,3.83,11.19,60층 626㎡(56.0×11.2m)
쌍둥이,5 미세조정,57+57,57,172.15,73,37,37580,400.0,13588,51168,735,7.82,0.072,3.958,15.19,57층 314㎡(20.7×15.2m) + 57층 345㎡(21.7×15.9m)
단일,1b 층수·세장비,55,55,166.25,73,36,37580,400.0,10042,47622,742,7.9,0.246,3.914,16.53,55층 683㎡(41.3×16.5m)
쌍둥이,3 쌍둥이,55+35,55,166.25,73,43,37580,400.0,12079,49659,966,10.28,0.076,3.865,14.61,55층 342㎡(23.4×14.6m) + 35층 537㎡(29.3×18.3m)
쌍둥이,3 쌍둥이,55+50,55,166.25,73,43,37580,400.0,13158,50738,790,8.41,0.094,3.864,13.71,55층 410㎡(25.6×16.0m) + 50층 301㎡(21.9×13.7m)
단일,1b 층수·세장비,50,50,151.5,73,38,37580,400.0,8844,46424,809,8.61,0.076,4.044,22.38,50층 752㎡(33.6×22.4m)
단일,1b 층수·세장비,50,50,151.5,73,45,37580,400.0,9947,47527,816,8.68,0.1,4.018,15.83,50층 752㎡(47.5×15.8m)
단일,1b 층수·세장비,50,50,151.5,73,36,37580,400.0,9553,47133,813,8.66,0.07,3.922,17.34,50층 752㎡(43.3×17.3m)
단일,1b 층수·세장비,50,50,151.5,73,31,37580,400.0,9174,46754,811,8.63,0.086,3.878,19.39,50층 752㎡(38.8×19.4m)
쌍둥이,3 쌍둥이,50+50,50,151.5,73,42,37580,400.0,13383,50963,837,8.91,0.069,3.876,11.69,50층 451㎡(31.5×14.3m) + 50층 301㎡(25.7×11.7m)
단일,1b 층수·세장비,45,45,136.75,73,36,37580,400.0,8368,45948,895,9.53,0.058,4.068,23.6,45층 835㎡(35.4×23.6m)
단일,1b 층수·세장비,45,45,136.75,73,40,37580,400.0,10158,47738,908,9.67,0.062,4.054,14.45,45층 835㎡(57.8×14.4m)
단일,1b 층수·세장비,45,45,136.75,73,37,37580,400.0,8368,45948,895,9.53,0.071,4.052,23.6,45층 835㎡(35.4×23.6m)
단일,1a 방위·위치,45,45,136.75,73,33,37580,400.0,9041,46621,900,9.58,0.092,4.005,18.28,45층 835㎡(45.7×18.3m)
단일,1a 방위·위치,45,45,136.75,73,35,37580,400.0,9041,46621,900,9.58,0.207,4.004,18.28,45층 835㎡(45.7×18.3m)
단일,1a 방위·위치,45,45,136.75,73,34,37580,400.0,9041,46621,900,9.58,0.242,3.954,18.28,45층 835㎡(45.7×18.3m)
단일,1a 방위·위치,45,45,136.75,73,37,37580,400.0,9041,46621,900,9.58,0.101,3.929,18.28,45층 835㎡(45.7×18.3m)
단일,1b 층수·세장비,45,45,136.75,73,33,37580,400.0,8368,45948,895,9.53,0.084,3.909,23.6,45층 835㎡(35.4×23.6m)
쌍둥이,3 쌍둥이,40+35,40,122.0,73,42,37580,400.0,11022,48602,1101,11.72,0.076,3.889,17.13,40층 470㎡(27.4×17.1m) + 35층 537㎡(29.3×18.3m)
단일,1b 층수·세장비,40,40,122.0,73,35,37580,400.0,8163,45743,1006,10.7,0.195,3.873,21.67,40층 940㎡(43.3×21.7m)
단일,1b 층수·세장비,35,35,107.25,73,36,37580,400.0,7338,44918,1142,12.15,0.066,3.94,26.75,35층 1074㎡(40.1×26.8m)
단일,1b 층수·세장비,35,35,107.25,73,30,37580,400.0,7338,44918,1142,12.15,0.098,3.914,26.75,35층 1074㎡(40.1×26.8m)
단일,1b 층수·세장비,60,60,181.0,74,42,37580,400.0,10512,48092,683,7.27,0.086,4.02,15.83,60층 626㎡(39.6×15.8m)
쌍둥이,3 쌍둥이,60+40,60,181.0,74,43,37580,400.0,12788,50368,800,8.51,0.08,3.871,13.27,60층 438㎡(26.5×16.6m) + 40층 282㎡(21.2×13.3m)
단일,1b 층수·세장비,55,55,166.25,74,35,37580,400.0,9299,46879,738,7.85,0.058,4.033,21.34,55층 683㎡(32.0×21.3m)
쌍둥이,5 미세조정,53+53,53,160.35,74,39,37580,400.0,13258,50838,788,8.39,0.089,3.969,14.53,53층 338㎡(23.2×14.5m) + 53층 371㎡(24.4×15.2m)
쌍둥이,5 미세조정,52+52,52,157.4,74,39,37580,400.0,12935,50515,802,8.53,0.086,3.973,15.91,52층 344㎡(21.6×15.9m) + 52층 379㎡(22.7×16.7m)
단일,1b 층수·세장비,45,45,136.75,74,37,37580,400.0,8368,45948,895,9.53,0.074,4.047,23.6,45층 835㎡(35.4×23.6m)
단일,1a 방위·위치,45,45,136.75,74,32,37580,400.0,9041,46621,900,9.58,0.296,3.966,18.28,45층 835㎡(45.7×18.3m)
단일,1a 방위·위치,45,45,136.75,74,46,37580,400.0,9041,46621,900,9.58,0.09,3.928,18.28,45층 835㎡(45.7×18.3m)
단일,1a 방위·위치,45,45,136.75,74,31,37580,400.0,9041,46621,900,9.58,0.11,3.88,18.28,45층 835㎡(45.7×18.3m)
단일,1a 방위·위치,45,45,136.75,74,30,37580,400.0,9041,46621,900,9.58,0.083,3.879,18.28,45층 835㎡(45.7×18.3m)
쌍둥이,3 쌍둥이,45+45,45,136.75,74,42,37580,400.0,12093,49673,921,9.8,0.088,3.872,14.45,45층 501㎡(28.3×17.7m) + 45층 334㎡(23.1×14.4m)
단일,1a 방위·위치,45,45,136.75,74,40,37580,400.0,9041,46621,900,9.58,0.18,3.841,18.28,45층 835㎡(45.7×18.3m)
단일,1b 층수·세장비,35,35,107.25,74,35,37580,400.0,7338,44918,1142,12.15,0.06,3.922,26.75,35층 1074㎡(40.1×26.8m)
단일,1b 층수·세장비,35,35,107.25,74,36,37580,400.0,8916,46496,1157,12.31,0.057,3.909,16.38,35층 1074㎡(65.5×16.4m)
단일,1b 층수·세장비,60,60,181.0,75,34,37580,400.0,10512,48092,683,7.27,0.04,4.104,15.83,60층 626㎡(39.6×15.8m)
단일,1b 층수·세장비,60,60,181.0,75,41,37580,400.0,9735,47315,678,7.22,0.069,4.041,20.43,60층 626㎡(30.7×20.4m)
단일,1b 층수·세장비,60,60,181.0,75,41,37580,400.0,10096,47676,680,7.24,0.083,4.024,17.7,60층 626㎡(35.4×17.7m)
단일,1b 층수·세장비,60,60,181.0,75,44,37580,400.0,10096,47676,680,7.24,0.215,3.945,17.7,60층 626㎡(35.4×17.7m)
단일,1b 층수·세장비,60,60,181.0,75,46,37580,400.0,9735,47315,678,7.22,0.189,3.927,20.43,60층 626㎡(30.7×20.4m)
단일,1b 층수·세장비,60,60,181.0,75,30,37580,400.0,12628,50208,694,7.39,0.089,3.807,11.19,60층 626㎡(56.0×11.2m)
단일,1b 층수·세장비,55,55,166.25,75,38,37580,400.0,9299,46879,738,7.85,0.06,4.057,21.34,55층 683㎡(32.0×21.3m)
단일,1b 층수·세장비,55,55,166.25,75,46,37580,400.0,10042,47622,742,7.9,0.102,4.05,16.53,55층 683㎡(41.3×16.5m)
쌍둥이,5 미세조정,55+55,55,166.25,75,39,37580,400.0,13524,51104,761,8.1,0.086,3.963,14.26,55층 325㎡(22.8×14.3m) + 55층 358㎡(23.9×15.0m)
쌍둥이,5 미세조정,55+55,55,166.25,75,39,37580,400.0,13454,51034,761,8.1,0.085,3.963,14.63,55층 325㎡(22.2×14.6m) + 55층 358㎡(23.3×15.3m)
쌍둥이,5 미세조정,55+55,55,166.25,75,40,37580,400.0,13524,51104,761,8.1,0.096,3.962,14.26,55층 325㎡(22.8×14.3m) + 55층 358㎡(23.9×15.0m)
쌍둥이,5 미세조정,55+55,55,166.25,75,39,37580,400.0,13645,51225,762,8.11,0.088,3.961,13.72,55층 325㎡(23.7×13.7m) + 55층 358㎡(24.9×14.4m)
쌍둥이,3 쌍둥이,55+50,55,166.25,75,43,37580,400.0,13191,50771,797,8.49,0.096,3.86,14.61,55층 342㎡(23.4×14.6m) + 50층 376㎡(24.5×15.3m)
쌍둥이,5 미세조정,52+52,52,157.4,75,39,37580,400.0,12935,50515,802,8.53,0.091,3.973,15.91,52층 344㎡(21.6×15.9m) + 52층 379㎡(22.7×16.7m)
쌍둥이,5 미세조정,52+52,52,157.4,75,40,37580,400.0,13055,50635,802,8.54,0.099,3.969,15.05,52층 344㎡(22.9×15.0m) + 52층 379㎡(24.0×15.8m)
단일,1b 층수·세장비,50,50,151.5,75,42,37580,400.0,9553,47133,813,8.66,0.098,3.955,17.34,50층 752㎡(43.3×17.3m)
쌍둥이,3 쌍둥이,50+40,50,151.5,75,42,37580,400.0,12701,50281,916,9.75,0.069,3.883,13.07,50층 451㎡(31.5×14.3m) + 40층 376㎡(28.8×13.1m)
쌍둥이,3 쌍둥이,50+45,50,151.5,75,42,37580,400.0,12474,50054,868,9.24,0.092,3.871,14.45,50층 451㎡(26.9×16.8m) + 45층 334㎡(23.1×14.4m)
단일,1b 층수·세장비,45,45,136.75,75,41,37580,400.0,9041,46621,900,9.58,0.117,4.037,18.28,45층 835㎡(45.7×18.3m)
단일,1a 방위·위치,45,45,136.75,75,30,37580,400.0,9041,46621,900,9.58,0.056,3.991,18.28,45층 835㎡(45.7×18.3m)
단일,1a 방위·위치,45,45,136.75,75,37,37580,400.0,9041,46621,900,9.58,0.148,3.964,18.28,45층 835㎡(45.7×18.3m)
단일,1b 층수·세장비,45,45,136.75,75,45,37580,400.0,9041,46621,900,9.58,0.053,3.923,18.28,45층 835㎡(45.7×18.3m)
단일,1b 층수·세장비,40,40,122.0,75,30,37580,400.0,8502,46082,1008,10.73,0.042,4.028,19.39,40층 940㎡(48.5×19.4m)
단일,1b 층수·세장비,40,40,122.0,75,28,37580,400.0,8854,46434,1011,10.76,0.077,4.001,17.7,40층 940㎡(53.1×17.7m)
단일,1b 층수·세장비,40,40,122.0,75,38,37580,400.0,8502,46082,1008,10.73,0.24,3.894,19.39,40층 940㎡(48.5×19.4m)
단일,1b 층수·세장비,35,35,107.25,75,31,37580,400.0,7338,44918,1142,12.15,0.098,3.927,26.75,35층 1074㎡(40.1×26.8m)
단일,1b 층수·세장비,60,60,181.0,76,36,37580,400.0,12628,50208,694,7.39,0.038,3.893,11.19,60층 626㎡(56.0×11.2m)
쌍둥이,5 미세조정,56+56,56,169.2,76,39,37580,400.0,13585,51165,748,7.96,0.084,3.96,14.5,56층 320㎡(22.0×14.5m) + 56층 352㎡(23.1×15.2m)
단일,1b 층수·세장비,55,55,166.25,76,34,37580,400.0,10455,48035,745,7.93,0.089,3.98,15.09,55층 683㎡(45.3×15.1m)
단일,1b 층수·세장비,55,55,166.25,76,42,37580,400.0,10042,47622,742,7.9,0.234,3.932,16.53,55층 683㎡(41.3×16.5m)
쌍둥이,5 미세조정,53+53,53,160.35,76,40,37580,400.0,13189,50769,788,8.39,0.097,3.965,14.9,53층 338㎡(22.7×14.9m) + 53층 371㎡(23.8×15.6m)
단일,1b 층수·세장비,50,50,151.5,76,36,37580,400.0,9553,47133,813,8.66,0.049,4.086,17.34,50층 752㎡(43.3×17.3m)
단일,1b 층수·세장비,50,50,151.5,76,31,37580,400.0,10731,48311,821,8.74,0.074,3.943,13.71,50층 752㎡(54.8×13.7m)
단일,1b 층수·세장비,50,50,151.5,76,46,37580,400.0,8844,46424,809,8.61,0.192,3.922,22.38,50층 752㎡(33.6×22.4m)
단일,1b 층수·세장비,45,45,136.75,76,42,37580,400.0,8681,46261,897,9.55,0.141,4.036,20.43,45층 835㎡(40.9×20.4m)
단일,1b 층수·세장비,45,45,136.75,76,33,37580,400.0,8368,45948,895,9.53,0.105,4.027,23.6,45층 835㎡(35.4×23.6m)
단일,1a 방위·위치,45,45,136.75,76,35,37580,400.0,9041,46621,900,9.58,0.316,3.94,18.28,45층 835㎡(45.7×18.3m)
단일,1a 방위·위치,45,45,136.75,76,32,37580,400.0,9041,46621,900,9.58,0.277,3.937,18.28,45층 835㎡(45.7×18.3m)
단일,1a 방위·위치,45,45,136.75,76,37,37580,400.0,9041,46621,900,9.58,0.058,3.925,18.28,45층 835㎡(45.7×18.3m)
단일,1a 방위·위치,45,45,136.75,76,47,37580,400.0,9041,46621,900,9.58,0.049,3.919,18.28,45층 835㎡(45.7×18.3m)
단일,1b 층수·세장비,45,45,136.75,76,36,37580,400.0,8681,46261,897,9.55,0.115,3.915,20.43,45층 835㎡(40.9×20.4m)
단일,1b 층수·세장비,45,45,136.75,76,36,37580,400.0,8368,45948,895,9.53,0.122,3.908,23.6,45층 835㎡(35.4×23.6m)
쌍둥이,3 쌍둥이,45+40,45,136.75,76,42,37580,400.0,11615,49195,953,10.14,0.065,3.895,13.27,45층 585㎡(30.6×19.1m) + 40층 282㎡(21.2×13.3m)
단일,1b 층수·세장비,45,45,136.75,76,31,37580,400.0,8368,45948,895,9.53,0.081,3.876,23.6,45층 835㎡(35.4×23.6m)
단일,1a 방위·위치,45,45,136.75,76,34,37580,400.0,9041,46621,900,9.58,0.118,3.864,18.28,45층 835㎡(45.7×18.3m)
단일,1b 층수·세장비,40,40,122.0,76,27,37580,400.0,7868,45448,1003,10.68,0.081,4.047,25.03,40층 940㎡(37.5×25.0m)
단일,1b 층수·세장비,40,40,122.0,76,33,37580,400.0,8163,45743,1006,10.7,0.117,4.032,21.67,40층 940㎡(43.3×21.7m)
단일,1b 층수·세장비,60,60,181.0,77,33,37580,400.0,9735,47315,678,7.22,0.047,4.031,20.43,60층 626㎡(30.7×20.4m)
단일,1b 층수·세장비,60,60,181.0,77,44,37580,400.0,9735,47315,678,7.22,0.113,4.028,20.43,60층 626㎡(30.7×20.4m)
단일,1b 층수·세장비,60,60,181.0,77,45,37580,400.0,10943,48523,685,7.29,0.173,3.953,14.45,60층 626㎡(43.3×14.4m)
단일,1b 층수·세장비,55,55,166.25,77,41,37580,400.0,12068,49648,754,8.03,0.055,4.046,11.69,55층 683㎡(58.4×11.7m)
쌍둥이,5 미세조정,55+55,55,166.25,77,40,37580,400.0,13454,51034,761,8.1,0.09,3.966,14.63,55층 325㎡(22.2×14.6m) + 55층 358㎡(23.3×15.3m)
쌍둥이,3 쌍둥이,55+45,55,166.25,77,43,37580,400.0,12839,50419,841,8.95,0.093,3.862,14.61,55층 342㎡(23.4×14.6m) + 45층 418㎡(25.8×16.2m)
쌍둥이,5 미세조정,54+54,54,163.3,77,35,37580,400.0,13199,50779,773,8.23,0.074,3.967,15.61,54층 331㎡(21.2×15.6m) + 54층 365㎡(22.3×16.4m)
쌍둥이,5 미세조정,53+53,53,160.35,77,40,37580,400.0,13258,50838,788,8.39,0.093,3.97,14.53,53층 338㎡(23.2×14.5m) + 53층 371㎡(24.4×15.2m)
단일,1b 층수·세장비,50,50,151.5,77,36,37580,400.0,8844,46424,809,8.61,0.048,4.082,22.38,50층 752㎡(33.6×22.4m)
단일,1b 층수·세장비,50,50,151.5,77,36,37580,400.0,8844,46424,809,8.61,0.051,4.078,22.38,50층 752㎡(33.6×22.4m)
단일,1b 층수·세장비,50,50,151.5,77,41,37580,400.0,9947,47527,816,8.68,0.088,4.063,15.83,50층 752㎡(47.5×15.8m)
단일,1a 방위·위치,45,45,136.75,77,35,37580,400.0,9041,46621,900,9.58,0.041,4.093,18.28,45층 835㎡(45.7×18.3m)
단일,1a 방위·위치,45,45,136.75,77,34,37580,400.0,9041,46621,900,9.58,0.179,4.017,18.28,45층 835㎡(45.7×18.3m)
단일,1a 방위·위치,45,45,136.75,77,35,37580,400.0,9041,46621,900,9.58,0.173,3.987,18.28,45층 835㎡(45.7×18.3m)
단일,1a 방위·위치,45,45,136.75,77,43,37580,400.0,9041,46621,900,9.58,0.095,3.947,18.28,45층 835㎡(45.7×18.3m)
단일,1b 층수·세장비,45,45,136.75,77,44,37580,400.0,9041,46621,900,9.58,0.133,3.94,18.28,45층 835㎡(45.7×18.3m)
쌍둥이,3 쌍둥이,45+35,45,136.75,77,42,37580,400.0,11404,48984,1021,10.87,0.088,3.888,16.38,45층 501㎡(28.3×17.7m) + 35층 429㎡(26.2×16.4m)
단일,1b 층수·세장비,40,40,122.0,77,35,37580,400.0,7868,45448,1003,10.68,0.08,4.052,25.03,40층 940㎡(37.5×25.0m)
단일,1b 층수·세장비,40,40,122.0,77,34,37580,400.0,7868,45448,1003,10.68,0.086,4.049,25.03,40층 940㎡(37.5×25.0m)
단일,1b 층수·세장비,35,35,107.25,77,36,37580,400.0,7338,44918,1142,12.15,0.271,3.929,26.75,35층 1074㎡(40.1×26.8m)
단일,1b 층수·세장비,35,35,107.25,77,36,37580,400.0,7338,44918,1142,12.15,0.235,3.916,26.75,35층 1074㎡(40.1×26.8m)
단일,1b 층수·세장비,60,60,181.0,78,42,37580,400.0,10943,48523,685,7.29,0.223,3.935,14.45,60층 626㎡(43.3×14.4m)
쌍둥이,3 쌍둥이,60+40,60,181.0,78,44,37580,400.0,12793,50373,866,9.22,0.087,3.86,13.99,60층 313㎡(22.4×14.0m) + 40층 470㎡(27.4×17.1m)
단일,1b 층수·세장비,55,55,166.25,78,37,37580,400.0,10455,48035,745,7.93,0.111,3.973,15.09,55층 683㎡(45.3×15.1m)
쌍둥이,3 쌍둥이,55+40,55,166.25,78,43,37580,400.0,12470,50050,896,9.54,0.087,3.865,14.61,55층 342㎡(23.4×14.6m) + 40층 470㎡(27.4×17.1m)
쌍둥이,5 미세조정,53+53,53,160.35,78,41,37580,400.0,13068,50648,787,8.38,0.095,3.963,15.76,53층 338㎡(21.4×15.8m) + 53층 371㎡(22.5×16.5m)
단일,1b 층수·세장비,50,50,151.5,78,36,37580,400.0,10731,48311,821,8.74,0.039,4.084,13.71,50층 752㎡(54.8×13.7m)
단일,1b 층수·세장비,50,50,151.5,78,36,37580,400.0,8844,46424,809,8.61,0.056,4.069,22.38,50층 752㎡(33.6×22.4m)
단일,1b 층수·세장비,50,50,151.5,78,44,37580,400.0,9553,47133,813,8.66,0.097,4.051,17.34,50층 752㎡(43.3×17.3m)
단일,1b 층수·세장비,45,45,136.75,78,44,37580,400.0,8681,46261,897,9.55,0.132,4.043,20.43,45층 835㎡(40.9×20.4m)
단일,1a 방위·위치,45,45,136.75,78,38,37580,400.0,9041,46621,900,9.58,0.143,4.033,18.28,45층 835㎡(45.7×18.3m)
단일,1a 방위·위치,45,45,136.75,78,37,37580,400.0,9041,46621,900,9.58,0.139,3.963,18.28,45층 835㎡(45.7×18.3m)
단일,1a 방위·위치,45,45,136.75,78,44,37580,400.0,9041,46621,900,9.58,0.147,3.931,18.28,45층 835㎡(45.7×18.3m)
단일,1b 층수·세장비,40,40,122.0,78,30,37580,400.0,7868,45448,1003,10.68,0.084,3.884,25.03,40층 940㎡(37.5×25.0m)
단일,1b 층수·세장비,40,40,122.0,78,30,37580,400.0,8502,46082,1008,10.73,0.063,3.881,19.39,40층 940㎡(48.5×19.4m)
쌍둥이,3 쌍둥이,40+40,40,122.0,78,42,37580,400.0,11358,48938,1030,10.96,0.079,3.881,15.33,40층 564㎡(30.0×18.8m) + 40층 376㎡(24.5×15.3m)
단일,1b 층수·세장비,35,35,107.25,78,37,37580,400.0,7931,45511,1147,12.21,0.14,4.048,20.72,35층 1074㎡(51.8×20.7m)
단일,1b 층수·세장비,60,60,181.0,79,39,37580,400.0,12628,50208,694,7.39,0.062,4.07,11.19,60층 626㎡(56.0×11.2m)
단일,1b 층수·세장비,60,60,181.0,79,33,37580,400.0,11802,49382,690,7.34,0.067,3.929,12.51,60층 626㎡(50.1×12.5m)
단일,1b 층수·세장비,55,55,166.25,79,33,37580,400.0,10455,48035,745,7.93,0.045,3.97,15.09,55층 683㎡(45.3×15.1m)
단일,1b 층수·세장비,50,50,151.5,79,42,37580,400.0,8844,46424,809,8.61,0.122,3.949,22.38,50층 752㎡(33.6×22.4m)
단일,1b 층수·세장비,50,50,151.5,79,32,37580,400.0,11484,49064,826,8.79,0.131,3.927,12.26,50층 752㎡(61.3×12.3m)
단일,1b 층수·세장비,50,50,151.5,79,41,37580,400.0,9553,47133,813,8.66,0.04,3.908,17.34,50층 752㎡(43.3×17.3m)
단일,1b 층수·세장비,50,50,151.5,79,36,37580,400.0,10731,48311,821,8.74,0.083,3.9,13.71,50층 752㎡(54.8×13.7m)
단일,1b 층수·세장비,45,45,136.75,79,40,37580,400.0,8681,46261,897,9.55,0.093,4.064,20.43,45층 835㎡(40.9×20.4m)
단일,1a 방위·위치,45,45,136.75,79,31,37580,400.0,9041,46621,900,9.58,0.154,3.981,18.28,45층 835㎡(45.7×18.3m)
단일,1b 층수·세장비,45,45,136.75,79,38,37580,400.0,9415,46995,903,9.61,0.06,3.907,16.68,45층 835㎡(50.1×16.7m)
단일,1b 층수·세장비,40,40,122.0,79,38,37580,400.0,8502,46082,1008,10.73,0.079,4.08,19.39,40층 940㎡(48.5×19.4m)
쌍둥이,3 쌍둥이,40+35,40,122.0,79,42,37580,400.0,11004,48584,1087,11.57,0.079,3.895,16.38,40층 564㎡(30.0×18.8m) + 35층 429㎡(26.2×16.4m)
단일,1b 층수·세장비,35,35,107.25,79,29,37580,400.0,7931,45511,1147,12.21,0.146,4.029,20.72,35층 1074㎡(51.8×20.7m)
단일,1b 층수·세장비,35,35,107.25,79,33,37580,400.0,7614,45194,1144,12.18,0.3,3.946,23.17,35층 1074㎡(46.3×23.2m)
쌍둥이,3 쌍둥이,55+35,55,166.25,80,42,37580,400.0,12101,49681,884,9.41,0.077,3.872,14.19,55층 478㎡(27.7×17.3m) + 35층 322㎡(22.7×14.2m)
단일,1b 층수·세장비,50,50,151.5,80,37,37580,400.0,8844,46424,809,8.61,0.118,4.014,22.38,50층 752㎡(33.6×22.4m)
쌍둥이,3 쌍둥이,50+35,50,151.5,80,42,37580,400.0,11711,49291,934,9.94,0.073,3.882,14.19,50층 526㎡(29.0×18.1m) + 35층 322㎡(22.7×14.2m)
단일,1a 방위·위치,45,45,136.75,80,30,37580,400.0,9041,46621,900,9.58,0.084,3.986,18.28,45층 835㎡(45.7×18.3m)
단일,1a 방위·위치,45,45,136.75,80,37,37580,400.0,9041,46621,900,9.58,0.08,3.899,18.28,45층 835㎡(45.7×18.3m)
단일,1a 방위·위치,45,45,136.75,80,29,37580,400.0,9041,46621,900,9.58,0.083,3.829,18.28,45층 835㎡(45.7×18.3m)
단일,1b 층수·세장비,40,40,122.0,80,35,37580,400.0,8502,46082,1008,10.73,0.043,4.088,19.39,40층 940㎡(48.5×19.4m)
단일,1b 층수·세장비,40,40,122.0,80,37,37580,400.0,8854,46434,1011,10.76,0.274,3.904,17.7,40층 940㎡(53.1×17.7m)
단일,1b 층수·세장비,35,35,107.25,80,30,37580,400.0,7338,44918,1142,12.15,0.11,4.051,26.75,35층 1074㎡(40.1×26.8m)
단일,1b 층수·세장비,35,35,107.25,80,42,37580,400.0,7614,45194,1144,12.18,0.101,3.942,23.17,35층 1074㎡(46.3×23.2m)
단일,1b 층수·세장비,35,35,107.25,80,43,37580,400.0,7338,44918,1142,12.15,0.263,3.919,26.75,35층 1074㎡(40.1×26.8m)
쌍둥이,3 쌍둥이,35+35,35,107.25,80,42,37580,400.0,10631,48211,1171,12.46,0.076,3.885,18.32,35층 537㎡(29.3×18.3m) + 35층 537㎡(29.3×18.3m)
단일,1b 층수·세장비,60,60,181.0,81,40,37580,400.0,9735,47315,678,7.22,0.088,4.01,20.43,60층 626㎡(30.7×20.4m)
단일,1b 층수·세장비,60,60,181.0,81,47,37580,400.0,10096,47676,680,7.24,0.159,3.967,17.7,60층 626㎡(35.4×17.7m)
단일,1b 층수·세장비,55,55,166.25,81,43,37580,400.0,9299,46879,738,7.85,0.089,4.038,21.34,55층 683㎡(32.0×21.3m)
단일,1b 층수·세장비,55,55,166.25,81,39,37580,400.0,9299,46879,738,7.85,0.081,4.022,21.34,55층 683㎡(32.0×21.3m)
단일,1b 층수·세장비,55,55,166.25,81,36,37580,400.0,12068,49648,754,8.03,0.071,3.881,11.69,55층 683㎡(58.4×11.7m)
단일,1b 층수·세장비,50,50,151.5,81,41,37580,400.0,9553,47133,813,8.66,0.087,4.066,17.34,50층 752㎡(43.3×17.3m)
단일,1b 층수·세장비,50,50,151.5,81,42,37580,400.0,8844,46424,809,8.61,0.101,4.032,22.38,50층 752㎡(33.6×22.4m)
단일,1b 층수·세장비,50,50,151.5,81,40,37580,400.0,8844,46424,809,8.61,0.19,3.87,22.38,50층 752㎡(33.6×22.4m)
단일,1b 층수·세장비,45,45,136.75,81,37,37580,400.0,8681,46261,897,9.55,0.082,4.077,20.43,45층 835㎡(40.9×20.4m)
단일,1a 방위·위치,45,45,136.75,81,34,37580,400.0,9041,46621,900,9.58,0.324,3.945,18.28,45층 835㎡(45.7×18.3m)
단일,1a 방위·위치,45,45,136.75,81,31,37580,400.0,9041,46621,900,9.58,0.311,3.935,18.28,45층 835㎡(45.7×18.3m)
단일,1a 방위·위치,45,45,136.75,81,34,37580,400.0,9041,46621,900,9.58,0.038,3.897,18.28,45층 835㎡(45.7×18.3m)
단일,1a 방위·위치,45,45,136.75,81,34,37580,400.0,9041,46621,900,9.58,0.12,3.864,18.28,45층 835㎡(45.7×18.3m)
단일,1b 층수·세장비,35,35,107.25,81,34,37580,400.0,7338,44918,1142,12.15,0.062,4.068,26.75,35층 1074㎡(40.1×26.8m)
단일,1b 층수·세장비,35,35,107.25,81,33,37580,400.0,7338,44918,1142,12.15,0.068,4.066,26.75,35층 1074㎡(40.1×26.8m)
단일,1b 층수·세장비,35,35,107.25,81,28,37580,400.0,8261,45841,1150,12.24,0.154,4.02,18.92,35층 1074㎡(56.8×18.9m)
쌍둥이,3 쌍둥이,35+35,35,107.25,81,42,37580,400.0,10581,48161,1170,12.46,0.064,3.893,16.38,35층 644㎡(32.1×20.1m) + 35층 429㎡(26.2×16.4m)
단일,1b 층수·세장비,55,55,166.25,82,42,37580,400.0,9299,46879,738,7.85,0.097,4.027,21.34,55층 683㎡(32.0×21.3m)
단일,1b 층수·세장비,50,50,151.5,82,37,37580,400.0,10731,48311,821,8.74,0.239,3.874,13.71,50층 752㎡(54.8×13.7m)
단일,1a 방위·위치,45,45,136.75,82,43,37580,400.0,9041,46621,900,9.58,0.057,4.066,18.28,45층 835㎡(45.7×18.3m)
단일,1b 층수·세장비,45,45,136.75,82,39,37580,400.0,8368,45948,895,9.53,0.138,4.03,23.6,45층 835㎡(35.4×23.6m)
단일,1a 방위·위치,45,45,136.75,82,37,37580,400.0,9041,46621,900,9.58,0.067,3.891,18.28,45층 835㎡(45.7×18.3m)
단일,1a 방위·위치,45,45,136.75,82,32,37580,400.0,9041,46621,900,9.58,0.118,3.812,18.28,45층 835㎡(45.7×18.3m)
단일,1a 방위·위치,45,45,136.75,82,30,37580,400.0,9041,46621,900,9.58,0.082,3.798,18.28,45층 835㎡(45.7×18.3m)
단일,1b 층수·세장비,40,40,122.0,82,39,37580,400.0,7868,45448,1003,10.68,0.102,4.05,25.03,40층 940㎡(37.5×25.0m)
단일,1b 층수·세장비,40,40,122.0,82,20,37580,400.0,8854,46434,1011,10.76,0.085,3.987,17.7,40층 940㎡(53.1×17.7m)
단일,1b 층수·세장비,40,40,122.0,82,44,37580,400.0,8502,46082,1008,10.73,0.147,3.955,19.39,40층 940㎡(48.5×19.4m)
단일,1b 층수·세장비,55,55,166.25,83,43,37580,400.0,9299,46879,738,7.85,0.25,3.942,21.34,55층 683㎡(32.0×21.3m)
단일,1a 방위·위치,45,45,136.75,83,39,37580,400.0,9041,46621,900,9.58,0.097,4.068,18.28,45층 835㎡(45.7×18.3m)
단일,1b 층수·세장비,45,45,136.75,83,37,37580,400.0,10158,47738,908,9.67,0.253,3.877,14.45,45층 835㎡(57.8×14.4m)
단일,1a 방위·위치,45,45,136.75,83,36,37580,400.0,9041,46621,900,9.58,0.055,3.869,18.28,45층 835㎡(45.7×18.3m)
단일,1a 방위·위치,45,45,136.75,83,32,37580,400.0,9041,46621,900,9.58,0.089,3.816,18.28,45층 835㎡(45.7×18.3m)
단일,1b 층수·세장비,35,35,107.25,83,36,37580,400.0,7338,44918,1142,12.15,0.277,3.93,26.75,35층 1074㎡(40.1×26.8m)
단일,1b 층수·세장비,60,60,181.0,84,41,37580,400.0,10943,48523,685,7.29,0.074,4.082,14.45,60층 626㎡(43.3×14.4m)
단일,1b 층수·세장비,50,50,151.5,84,39,37580,400.0,9553,47133,813,8.66,0.079,4.086,17.34,50층 752㎡(43.3×17.3m)
단일,1b 층수·세장비,45,45,136.75,84,41,37580,400.0,9041,46621,900,9.58,0.053,4.069,18.28,45층 835㎡(45.7×18.3m)
단일,1a 방위·위치,45,45,136.75,84,35,37580,400.0,9041,46621,900,9.58,0.154,3.983,18.28,45층 835㎡(45.7×18.3m)
단일,1a 방위·위치,45,45,136.75,84,29,37580,400.0,9041,46621,900,9.58,0.06,3.779,18.28,45층 835㎡(45.7×18.3m)
단일,1a 방위·위치,45,45,136.75,84,27,37580,400.0,9041,46621,900,9.58,0.065,3.776,18.28,45층 835㎡(45.7×18.3m)
단일,1b 층수·세장비,35,35,107.25,84,22,37580,400.0,7614,45194,1144,12.18,0.076,4.033,23.17,35층 1074㎡(46.3×23.2m)
단일,1b 층수·세장비,60,60,181.0,85,44,37580,400.0,9735,47315,678,7.22,0.215,3.928,20.43,60층 626㎡(30.7×20.4m)
단일,1b 층수·세장비,55,55,166.25,85,40,37580,400.0,10042,47622,742,7.9,0.078,4.078,16.53,55층 683㎡(41.3×16.5m)
단일,1b 층수·세장비,55,55,166.25,85,41,37580,400.0,10042,47622,742,7.9,0.202,3.886,16.53,55층 683㎡(41.3×16.5m)
단일,1a 방위·위치,45,45,136.75,85,36,37580,400.0,9041,46621,900,9.58,0.075,4.083,18.28,45층 835㎡(45.7×18.3m)
단일,1b 층수·세장비,45,45,136.75,85,45,37580,400.0,9041,46621,900,9.58,0.151,3.956,18.28,45층 835㎡(45.7×18.3m)
단일,1a 방위·위치,45,45,136.75,85,35,37580,400.0,9041,46621,900,9.58,0.296,3.928,18.28,45층 835㎡(45.7×18.3m)
단일,1a 방위·위치,45,45,136.75,85,35,37580,400.0,9041,46621,900,9.58,0.35,3.924,18.28,45층 835㎡(45.7×18.3m)
단일,1a 방위·위치,45,45,136.75,85,38,37580,400.0,9041,46621,900,9.58,0.226,3.881,18.28,45층 835㎡(45.7×18.3m)
단일,1a 방위·위치,45,45,136.75,85,36,37580,400.0,9041,46621,900,9.58,0.069,3.857,18.28,45층 835㎡(45.7×18.3m)
단일,1a 방위·위치,45,45,136.75,85,35,37580,400.0,9041,46621,900,9.58,0.133,3.833,18.28,45층 835㎡(45.7×18.3m)
단일,1a 방위·위치,45,45,136.75,85,33,37580,400.0,9041,46621,900,9.58,0.091,3.809,18.28,45층 835㎡(45.7×18.3m)
단일,1a 방위·위치,45,45,136.75,85,29,37580,400.0,9041,46621,900,9.58,0.1,3.758,18.28,45층 835㎡(45.7×18.3m)
단일,1a 방위·위치,45,45,136.75,85,29,37580,400.0,9041,46621,900,9.58,0.072,3.754,18.28,45층 835㎡(45.7×18.3m)
단일,1a 방위·위치,45,45,136.75,85,29,37580,400.0,9041,46621,900,9.58,0.037,3.727,18.28,45층 835㎡(45.7×18.3m)
단일,1b 층수·세장비,35,35,107.25,85,45,37580,400.0,7931,45511,1147,12.21,0.085,3.934,20.72,35층 1074㎡(51.8×20.7m)
단일,1b 층수·세장비,55,55,166.25,86,39,37580,400.0,10455,48035,745,7.93,0.074,4.082,15.09,55층 683㎡(45.3×15.1m)
단일,1a 방위·위치,45,45,136.75,86,35,37580,400.0,9041,46621,900,9.58,0.138,4.017,18.28,45층 835㎡(45.7×18.3m)
단일,1a 방위·위치,45,45,136.75,86,27,37580,400.0,9041,46621,900,9.58,0.092,3.971,18.28,45층 835㎡(45.7×18.3m)
단일,1b 층수·세장비,45,45,136.75,86,34,37580,400.0,9041,46621,900,9.58,0.31,3.926,18.28,45층 835㎡(45.7×18.3m)
단일,1b 층수·세장비,35,35,107.25,86,37,37580,400.0,7338,44918,1142,12.15,0.256,3.907,26.75,35층 1074㎡(40.1×26.8m)
단일,1b 층수·세장비,55,55,166.25,87,47,37580,400.0,9644,47224,740,7.87,0.13,3.953,18.48,55층 683㎡(37.0×18.5m)
단일,1a 방위·위치,45,45,136.75,87,44,37580,400.0,9041,46621,900,9.58,0.083,3.975,18.28,45층 835㎡(45.7×18.3m)
단일,1b 층수·세장비,45,45,136.75,87,43,37580,400.0,8368,45948,895,9.53,0.193,3.925,23.6,45층 835㎡(35.4×23.6m)
단일,1a 방위·위치,45,45,136.75,87,36,37580,400.0,9041,46621,900,9.58,0.261,3.887,18.28,45층 835㎡(45.7×18.3m)
단일,1a 방위·위치,45,45,136.75,87,33,37580,400.0,9041,46621,900,9.58,0.028,3.821,18.28,45층 835㎡(45.7×18.3m)
단일,1a 방위·위치,45,45,136.75,87,33,37580,400.0,9041,46621,900,9.58,0.055,3.814,18.28,45층 835㎡(45.7×18.3m)
단일,1a 방위·위치,45,45,136.75,87,30,37580,400.0,9041,46621,900,9.58,0.031,3.776,18.28,45층 835㎡(45.7×18.3m)
단일,1b 층수·세장비,55,55,166.25,88,48,37580,400.0,10042,47622,742,7.9,0.064,3.941,16.53,55층 683㎡(41.3×16.5m)
단일,1b 층수·세장비,55,55,166.25,88,39,37580,400.0,10455,48035,745,7.93,0.206,3.873,15.09,55층 683㎡(45.3×15.1m)
단일,1b 층수·세장비,50,50,151.5,88,46,37580,400.0,9553,47133,813,8.66,0.151,3.965,17.34,50층 752㎡(43.3×17.3m)
단일,1b 층수·세장비,50,50,151.5,88,38,37580,400.0,9947,47527,816,8.68,0.262,3.904,15.83,50층 752㎡(47.5×15.8m)
단일,1b 층수·세장비,55,55,166.25,89,44,37580,400.0,9299,46879,738,7.85,0.18,3.922,21.34,55층 683㎡(32.0×21.3m)
단일,1b 층수·세장비,55,55,166.25,89,34,37580,400.0,10455,48035,745,7.93,0.279,3.905,15.09,55층 683㎡(45.3×15.1m)
단일,1a 방위·위치,45,45,136.75,89,34,37580,400.0,9041,46621,900,9.58,0.07,4.007,18.28,45층 835㎡(45.7×18.3m)
단일,1b 층수·세장비,45,45,136.75,89,45,37580,400.0,8681,46261,897,9.55,0.17,3.957,20.43,45층 835㎡(40.9×20.4m)
단일,1a 방위·위치,45,45,136.75,89,38,37580,400.0,9041,46621,900,9.58,0.181,3.939,18.28,45층 835㎡(45.7×18.3m)
단일,1a 방위·위치,45,45,136.75,89,30,37580,400.0,9041,46621,900,9.58,0.124,3.939,18.28,45층 835㎡(45.7×18.3m)
단일,1a 방위·위치,45,45,136.75,89,34,37580,400.0,9041,46621,900,9.58,0.315,3.921,18.28,45층 835㎡(45.7×18.3m)
단일,1a 방위·위치,45,45,136.75,89,35,37580,400.0,9041,46621,900,9.58,0.093,3.824,18.28,45층 835㎡(45.7×18.3m)
단일,1b 층수·세장비,40,40,122.0,89,37,37580,400.0,8502,46082,1008,10.73,0.271,3.911,19.39,40층 940㎡(48.5×19.4m)
단일,1b 층수·세장비,60,60,181.0,90,42,37580,400.0,11802,49382,690,7.34,0.038,4.072,12.51,60층 626㎡(50.1×12.5m)
단일,1b 층수·세장비,55,55,166.25,90,45,37580,400.0,9299,46879,738,7.85,0.113,4.036,21.34,55층 683㎡(32.0×21.3m)
단일,1a 방위·위치,45,45,136.75,90,41,37580,400.0,9041,46621,900,9.58,0.127,4.054,18.28,45층 835㎡(45.7×18.3m)
단일,1a 방위·위치,45,45,136.75,90,33,37580,400.0,9041,46621,900,9.58,0.064,4.033,18.28,45층 835㎡(45.7×18.3m)
단일,1a 방위·위치,45,45,136.75,90,22,37580,400.0,9041,46621,900,9.58,0.04,3.954,18.28,45층 835㎡(45.7×18.3m)
단일,1b 층수·세장비,40,40,122.0,90,36,37580,400.0,7868,45448,1003,10.68,0.085,4.066,25.03,40층 940㎡(37.5×25.0m)
단일,1b 층수·세장비,40,40,122.0,90,45,37580,400.0,7868,45448,1003,10.68,0.147,3.928,25.03,40층 940㎡(37.5×25.0m)
단일,1b 층수·세장비,40,40,122.0,90,40,37580,400.0,7868,45448,1003,10.68,0.161,3.9,25.03,40층 940㎡(37.5×25.0m)
단일,1b 층수·세장비,35,35,107.25,90,41,37580,400.0,7338,44918,1142,12.15,0.129,3.932,26.75,35층 1074㎡(40.1×26.8m)
단일,1b 층수·세장비,60,60,181.0,91,37,37580,400.0,10943,48523,685,7.29,0.238,3.897,14.45,60층 626㎡(43.3×14.4m)
단일,1b 층수·세장비,55,55,166.25,91,42,37580,400.0,10455,48035,745,7.93,0.054,4.076,15.09,55층 683㎡(45.3×15.1m)
단일,1b 층수·세장비,55,55,166.25,91,37,37580,400.0,9644,47224,740,7.87,0.248,3.908,18.48,55층 683㎡(37.0×18.5m)
단일,1a 방위·위치,45,45,136.75,91,47,37580,400.0,9041,46621,900,9.58,0.103,3.936,18.28,45층 835㎡(45.7×18.3m)
단일,1a 방위·위치,45,45,136.75,91,33,37580,400.0,9041,46621,900,9.58,0.338,3.909,18.28,45층 835㎡(45.7×18.3m)
단일,1a 방위·위치,45,45,136.75,91,34,37580,400.0,9041,46621,900,9.58,0.061,3.824,18.28,45층 835㎡(45.7×18.3m)
단일,1a 방위·위치,45,45,136.75,91,31,37580,400.0,9041,46621,900,9.58,0.037,3.786,18.28,45층 835㎡(45.7×18.3m)
단일,1a 방위·위치,45,45,136.75,91,29,37580,400.0,9041,46621,900,9.58,0.135,3.739,18.28,45층 835㎡(45.7×18.3m)
단일,1a 방위·위치,45,45,136.75,91,29,37580,400.0,9041,46621,900,9.58,0.059,3.714,18.28,45층 835㎡(45.7×18.3m)
단일,1b 층수·세장비,40,40,122.0,91,30,37580,400.0,7868,45448,1003,10.68,0.041,4.074,25.03,40층 940㎡(37.5×25.0m)
단일,1b 층수·세장비,40,40,122.0,91,37,37580,400.0,8502,46082,1008,10.73,0.289,3.926,19.39,40층 940㎡(48.5×19.4m)
단일,1b 층수·세장비,40,40,122.0,91,35,37580,400.0,8163,45743,1006,10.7,0.323,3.9,21.67,40층 940㎡(43.3×21.7m)
단일,1b 층수·세장비,35,35,107.25,91,35,37580,400.0,8261,45841,1150,12.24,0.059,4.079,18.92,35층 1074㎡(56.8×18.9m)
단일,1b 층수·세장비,45,45,136.75,92,38,37580,400.0,8368,45948,895,9.53,0.085,4.057,23.6,45층 835㎡(35.4×23.6m)
단일,1b 층수·세장비,45,45,136.75,92,37,37580,400.0,8368,45948,895,9.53,0.27,3.908,23.6,45층 835㎡(35.4×23.6m)
단일,1b 층수·세장비,45,45,136.75,92,42,37580,400.0,8368,45948,895,9.53,0.207,3.882,23.6,45층 835㎡(35.4×23.6m)
단일,1a 방위·위치,45,45,136.75,92,29,37580,400.0,9041,46621,900,9.58,0.054,3.713,18.28,45층 835㎡(45.7×18.3m)
단일,1b 층수·세장비,35,35,107.25,92,34,37580,400.0,7931,45511,1147,12.21,0.238,3.932,20.72,35층 1074㎡(51.8×20.7m)
단일,1b 층수·세장비,50,50,151.5,93,37,37580,400.0,9947,47527,816,8.68,0.206,3.826,15.83,50층 752㎡(47.5×15.8m)
단일,1b 층수·세장비,45,45,136.75,93,33,37580,400.0,9041,46621,900,9.58,0.071,4.08,18.28,45층 835㎡(45.7×18.3m)
단일,1b 층수·세장비,45,45,136.75,93,35,37580,400.0,8681,46261,897,9.55,0.32,3.918,20.43,45층 835㎡(40.9×20.4m)
단일,1a 방위·위치,45,45,136.75,93,36,37580,400.0,9041,46621,900,9.58,0.288,3.897,18.28,45층 835㎡(45.7×18.3m)
단일,1a 방위·위치,45,45,136.75,93,33,37580,400.0,9041,46621,900,9.58,0.058,3.862,18.28,45층 835㎡(45.7×18.3m)
단일,1b 층수·세장비,45,45,136.75,93,33,37580,400.0,10158,47738,908,9.67,0.312,3.844,14.45,45층 835㎡(57.8×14.4m)
단일,1a 방위·위치,45,45,136.75,93,31,37580,400.0,9041,46621,900,9.58,0.072,3.773,18.28,45층 835㎡(45.7×18.3m)
단일,1b 층수·세장비,35,35,107.25,93,35,37580,400.0,7614,45194,1144,12.18,0.327,3.938,23.17,35층 1074㎡(46.3×23.2m)
단일,1b 층수·세장비,50,50,151.5,94,41,37580,400.0,9947,47527,816,8.68,0.26,3.91,15.83,50층 752㎡(47.5×15.8m)
단일,1b 층수·세장비,50,50,151.5,94,38,37580,400.0,8844,46424,809,8.61,0.26,3.898,22.38,50층 752㎡(33.6×22.4m)
단일,1a 방위·위치,45,45,136.75,94,42,37580,400.0,9041,46621,900,9.58,0.047,3.948,18.28,45층 835㎡(45.7×18.3m)
단일,1a 방위·위치,45,45,136.75,94,20,37580,400.0,9041,46621,900,9.58,0.069,3.942,18.28,45층 835㎡(45.7×18.3m)
단일,1a 방위·위치,45,45,136.75,94,37,37580,400.0,9041,46621,900,9.58,0.28,3.915,18.28,45층 835㎡(45.7×18.3m)
단일,1a 방위·위치,45,45,136.75,94,35,37580,400.0,9041,46621,900,9.58,0.364,3.892,18.28,45층 835㎡(45.7×18.3m)
단일,1b 층수·세장비,40,40,122.0,94,32,37580,400.0,7868,45448,1003,10.68,0.083,4.066,25.03,40층 940㎡(37.5×25.0m)
단일,1b 층수·세장비,35,35,107.25,94,34,37580,400.0,7614,45194,1144,12.18,0.36,3.9,23.17,35층 1074㎡(46.3×23.2m)
단일,1b 층수·세장비,60,60,181.0,95,43,37580,400.0,9735,47315,678,7.22,0.092,4.056,20.43,60층 626㎡(30.7×20.4m)
단일,1b 층수·세장비,45,45,136.75,95,34,37580,400.0,9041,46621,900,9.58,0.327,3.917,18.28,45층 835㎡(45.7×18.3m)
단일,1a 방위·위치,45,45,136.75,95,34,37580,400.0,9041,46621,900,9.58,0.281,3.888,18.28,45층 835㎡(45.7×18.3m)
단일,1a 방위·위치,45,45,136.75,95,36,37580,400.0,9041,46621,900,9.58,0.049,3.853,18.28,45층 835㎡(45.7×18.3m)
단일,1b 층수·세장비,40,40,122.0,95,27,37580,400.0,8163,45743,1006,10.7,0.353,3.933,21.67,40층 940㎡(43.3×21.7m)
단일,1b 층수·세장비,40,40,122.0,95,33,37580,400.0,8854,46434,1011,10.76,0.299,3.875,17.7,40층 940㎡(53.1×17.7m)
단일,1b 층수·세장비,35,35,107.25,95,30,37580,400.0,7338,44918,1142,12.15,0.078,4.069,26.75,35층 1074㎡(40.1×26.8m)
단일,1b 층수·세장비,55,55,166.25,96,42,37580,400.0,10042,47622,742,7.9,0.224,3.899,16.53,55층 683㎡(41.3×16.5m)
단일,1b 층수·세장비,50,50,151.5,96,48,37580,400.0,8844,46424,809,8.61,0.09,3.914,22.38,50층 752㎡(33.6×22.4m)
단일,1a 방위·위치,45,45,136.75,96,40,37580,400.0,9041,46621,900,9.58,0.114,4.043,18.28,45층 835㎡(45.7×18.3m)
단일,1b 층수·세장비,45,45,136.75,96,41,37580,400.0,8368,45948,895,9.53,0.262,3.927,23.6,45층 835㎡(35.4×23.6m)
단일,1a 방위·위치,45,45,136.75,96,32,37580,400.0,9041,46621,900,9.58,0.357,3.91,18.28,45층 835㎡(45.7×18.3m)
단일,1a 방위·위치,45,45,136.75,96,39,37580,400.0,9041,46621,900,9.58,0.253,3.897,18.28,45층 835㎡(45.7×18.3m)
단일,1a 방위·위치,45,45,136.75,96,31,37580,400.0,9041,46621,900,9.58,0.162,3.729,18.28,45층 835㎡(45.7×18.3m)
단일,1b 층수·세장비,35,35,107.25,96,36,37580,400.0,7338,44918,1142,12.15,0.333,3.938,26.75,35층 1074㎡(40.1×26.8m)
단일,1b 층수·세장비,35,35,107.25,96,33,37580,400.0,8261,45841,1150,12.24,0.312,3.896,18.92,35층 1074㎡(56.8×18.9m)
단일,1b 층수·세장비,35,35,107.25,96,26,37580,400.0,8916,46496,1157,12.31,0.343,3.845,16.38,35층 1074㎡(65.5×16.4m)
단일,1b 층수·세장비,55,55,166.25,97,38,37580,400.0,10455,48035,745,7.93,0.069,4.082,15.09,55층 683㎡(45.3×15.1m)
단일,1b 층수·세장비,45,45,136.75,97,33,37580,400.0,10158,47738,908,9.67,0.043,4.081,14.45,45층 835㎡(57.8×14.4m)
단일,1a 방위·위치,45,45,136.75,97,35,37580,400.0,9041,46621,900,9.58,0.085,4.077,18.28,45층 835㎡(45.7×18.3m)
단일,1a 방위·위치,45,45,136.75,97,29,37580,400.0,9041,46621,900,9.58,0.039,4.077,18.28,45층 835㎡(45.7×18.3m)
단일,1a 방위·위치,45,45,136.75,97,36,37580,400.0,9041,46621,900,9.58,0.071,3.982,18.28,45층 835㎡(45.7×18.3m)
단일,1a 방위·위치,45,45,136.75,97,37,37580,400.0,9041,46621,900,9.58,0.059,3.945,18.28,45층 835㎡(45.7×18.3m)
단일,1b 층수·세장비,45,45,136.75,97,36,37580,400.0,8368,45948,895,9.53,0.26,3.916,23.6,45층 835㎡(35.4×23.6m)
단일,1a 방위·위치,45,45,136.75,97,32,37580,400.0,9041,46621,900,9.58,0.322,3.907,18.28,45층 835㎡(45.7×18.3m)
단일,1a 방위·위치,45,45,136.75,97,31,37580,400.0,9041,46621,900,9.58,0.066,3.759,18.28,45층 835㎡(45.7×18.3m)
단일,1a 방위·위치,45,45,136.75,97,32,37580,400.0,9041,46621,900,9.58,0.049,3.72,18.28,45층 835㎡(45.7×18.3m)
단일,1b 층수·세장비,40,40,122.0,97,39,37580,400.0,7868,45448,1003,10.68,0.225,3.889,25.03,40층 940㎡(37.5×25.0m)
단일,1b 층수·세장비,35,35,107.25,97,33,37580,400.0,7931,45511,1147,12.21,0.307,3.906,20.72,35층 1074㎡(51.8×20.7m)
쌍둥이,3 쌍둥이,60+60,60,181.0,98,35,37580,400.0,14175,51755,701,7.46,0.045,3.804,13.99,60층 313㎡(22.4×14.0m) + 60층 313㎡(22.4×14.0m)
단일,1a 방위·위치,45,45,136.75,98,33,37580,400.0,9041,46621,900,9.58,0.182,3.934,18.28,45층 835㎡(45.7×18.3m)
단일,1a 방위·위치,45,45,136.75,98,34,37580,400.0,9041,46621,900,9.58,0.178,3.762,18.28,45층 835㎡(45.7×18.3m)
단일,1a 방위·위치,45,45,136.75,98,29,37580,400.0,9041,46621,900,9.58,0.103,3.73,18.28,45층 835㎡(45.7×18.3m)
단일,1a 방위·위치,45,45,136.75,98,29,37580,400.0,9041,46621,900,9.58,0.11,3.706,18.28,45층 835㎡(45.7×18.3m)
단일,1b 층수·세장비,60,60,181.0,99,42,37580,400.0,10096,47676,680,7.24,0.073,4.065,17.7,60층 626㎡(35.4×17.7m)
단일,1b 층수·세장비,55,55,166.25,99,35,37580,400.0,11278,48858,750,7.98,0.233,3.862,13.07,55층 683㎡(52.3×13.1m)
단일,1a 방위·위치,45,45,136.75,99,35,37580,400.0,9041,46621,900,9.58,0.046,3.855,18.28,45층 835㎡(45.7×18.3m)
단일,1b 층수·세장비,35,35,107.25,99,27,37580,400.0,7614,45194,1144,12.18,0.325,3.897,23.17,35층 1074㎡(46.3×23.2m)
단일,1b 층수·세장비,35,35,107.25,99,34,37580,400.0,7614,45194,1144,12.18,0.281,3.884,23.17,35층 1074㎡(46.3×23.2m)
쌍둥이,3 쌍둥이,60+60,60,181.0,100,46,37580,400.0,15793,53373,710,7.56,0.134,3.841,10.22,60층 313㎡(30.7×10.2m) + 60층 313㎡(30.7×10.2m)
단일,1b 층수·세장비,45,45,136.75,100,36,37580,400.0,9415,46995,903,9.61,0.224,3.827,16.68,45층 835㎡(50.1×16.7m)
단일,1a 방위·위치,45,45,136.75,100,36,37580,400.0,9041,46621,900,9.58,0.179,3.748,18.28,45층 835㎡(45.7×18.3m)
쌍둥이,3 쌍둥이,40+35,40,122.0,100,41,37580,400.0,12134,49714,1082,11.52,0.157,3.871,10.36,40층 658㎡(44.4×14.8m) + 35층 322㎡(31.1×10.4m)
쌍둥이,3 쌍둥이,40+40,40,122.0,100,41,37580,400.0,12479,50059,1039,11.06,0.157,3.861,9.69,40층 658㎡(44.4×14.8m) + 40층 282㎡(29.1×9.7m)
쌍둥이,3 쌍둥이,60+55,60,181.0,101,46,37580,400.0,15434,53014,740,7.88,0.143,3.842,10.22,60층 313㎡(30.7×10.2m) + 55층 342㎡(32.0×10.7m)
단일,1b 층수·세장비,50,50,151.5,101,37,37580,400.0,8844,46424,809,8.61,0.239,3.91,22.38,50층 752㎡(33.6×22.4m)
단일,1a 방위·위치,45,45,136.75,101,33,37580,400.0,9041,46621,900,9.58,0.295,3.882,18.28,45층 835㎡(45.7×18.3m)
단일,1a 방위·위치,45,45,136.75,101,29,37580,400.0,9041,46621,900,9.58,0.085,3.719,18.28,45층 835㎡(45.7×18.3m)
단일,1b 층수·세장비,40,40,122.0,101,30,37580,400.0,8163,45743,1006,10.7,0.273,3.87,21.67,40층 940㎡(43.3×21.7m)
단일,1b 층수·세장비,55,55,166.25,102,41,37580,400.0,10042,47622,742,7.9,0.064,4.07,16.53,55층 683㎡(41.3×16.5m)
단일,1b 층수·세장비,55,55,166.25,102,40,37580,400.0,10042,47622,742,7.9,0.23,3.883,16.53,55층 683㎡(41.3×16.5m)
단일,1b 층수·세장비,55,55,166.25,102,33,37580,400.0,10455,48035,745,7.93,0.242,3.847,15.09,55층 683㎡(45.3×15.1m)
쌍둥이,3 쌍둥이,55+55,55,166.25,102,46,37580,400.0,15076,52656,771,8.2,0.143,3.841,10.67,55층 342㎡(32.0×10.7m) + 55층 342㎡(32.0×10.7m)
단일,1a 방위·위치,45,45,136.75,102,27,37580,400.0,9041,46621,900,9.58,0.059,4.037,18.28,45층 835㎡(45.7×18.3m)
단일,1a 방위·위치,45,45,136.75,102,35,37580,400.0,9041,46621,900,9.58,0.163,3.718,18.28,45층 835㎡(45.7×18.3m)
단일,1b 층수·세장비,60,60,181.0,103,42,37580,400.0,9735,47315,678,7.22,0.192,3.892,20.43,60층 626㎡(30.7×20.4m)
단일,1b 층수·세장비,45,45,136.75,103,37,37580,400.0,8368,45948,895,9.53,0.248,3.898,23.6,45층 835㎡(35.4×23.6m)
쌍둥이,3 쌍둥이,45+35,45,136.75,103,44,37580,400.0,12610,50190,1006,10.71,0.162,3.871,10.36,45층 585㎡(41.9×14.0m) + 35층 322㎡(31.1×10.4m)
단일,1a 방위·위치,45,45,136.75,103,33,37580,400.0,9041,46621,900,9.58,0.143,3.776,18.28,45층 835㎡(45.7×18.3m)
쌍둥이,3 쌍둥이,40+35,40,122.0,103,42,37580,400.0,12280,49860,1098,11.69,0.189,3.879,11.97,40층 564㎡(41.1×13.7m) + 35층 429㎡(35.9×12.0m)
쌍둥이,3 쌍둥이,60+35,60,181.0,104,44,37580,400.0,13939,51519,900,9.58,0.177,3.865,11.19,60층 376㎡(33.6×11.2m) + 35층 429㎡(35.9×12.0m)
쌍둥이,3 쌍둥이,60+45,60,181.0,104,44,37580,400.0,14672,52252,821,8.74,0.163,3.847,10.22,60층 313㎡(30.7×10.2m) + 45층 418㎡(35.4×11.8m)
쌍둥이,3 쌍둥이,60+50,60,181.0,104,44,37580,400.0,15062,52642,777,8.27,0.152,3.845,10.22,60층 313㎡(30.7×10.2m) + 50층 376㎡(33.6×11.2m)
단일,1a 방위·위치,45,45,136.75,104,33,37580,400.0,9041,46621,900,9.58,0.058,4.039,18.28,45층 835㎡(45.7×18.3m)
단일,1a 방위·위치,45,45,136.75,104,38,37580,400.0,9041,46621,900,9.58,0.214,3.829,18.28,45층 835㎡(45.7×18.3m)
쌍둥이,3 쌍둥이,55+45,55,166.25,105,44,37580,400.0,14314,51894,851,9.06,0.163,3.846,10.67,55층 342㎡(32.0×10.7m) + 45층 418㎡(35.4×11.8m)
쌍둥이,3 쌍둥이,50+35,50,151.5,105,44,37580,400.0,13063,50643,945,10.05,0.163,3.867,10.36,50층 526㎡(39.7×13.2m) + 35층 322㎡(31.1×10.4m)
단일,1a 방위·위치,45,45,136.75,105,25,37580,400.0,9041,46621,900,9.58,0.082,4.0,18.28,45층 835㎡(45.7×18.3m)
쌍둥이,3 쌍둥이,40+40,40,122.0,105,43,37580,400.0,11886,49466,1035,11.01,0.191,3.865,13.07,40층 564㎡(35.2×16.0m) + 40층 376㎡(28.8×13.1m)
쌍둥이,3 쌍둥이,60+50,60,181.0,106,46,37580,400.0,15055,52635,763,8.12,0.162,3.847,10.01,60층 376㎡(33.6×11.2m) + 50층 301㎡(30.0×10.0m)
단일,1b 층수·세장비,60,60,181.0,106,26,37580,400.0,12628,50208,694,7.39,0.163,3.786,11.19,60층 626㎡(56.0×11.2m)
쌍둥이,3 쌍둥이,50+35,50,151.5,106,43,37580,400.0,13099,50679,1013,10.78,0.19,3.863,11.19,50층 376㎡(33.6×11.2m) + 35층 537㎡(40.1×13.4m)
쌍둥이,3 쌍둥이,45+35,45,136.75,106,42,37580,400.0,12709,50289,1057,11.25,0.19,3.873,11.8,45층 418㎡(35.4×11.8m) + 35층 537㎡(40.1×13.4m)
단일,1a 방위·위치,45,45,136.75,106,27,37580,400.0,9041,46621,900,9.58,0.27,3.847,18.28,45층 835㎡(45.7×18.3m)
단일,1a 방위·위치,45,45,136.75,106,36,37580,400.0,9041,46621,900,9.58,0.141,3.846,18.28,45층 835㎡(45.7×18.3m)
단일,1a 방위·위치,45,45,136.75,106,32,37580,400.0,9041,46621,900,9.58,0.092,3.769,18.28,45층 835㎡(45.7×18.3m)
쌍둥이,3 쌍둥이,40+40,40,122.0,106,43,37580,400.0,12733,50313,1042,11.09,0.176,3.87,12.51,40층 470㎡(37.5×12.5m) + 40층 470㎡(37.5×12.5m)
단일,1a 방위·위치,45,45,136.75,107,25,37580,400.0,9041,46621,900,9.58,0.109,3.969,18.28,45층 835㎡(45.7×18.3m)
단일,1a 방위·위치,45,45,136.75,107,27,37580,400.0,9041,46621,900,9.58,0.047,3.925,18.28,45층 835㎡(45.7×18.3m)
단일,1a 방위·위치,45,45,136.75,107,37,37580,400.0,9041,46621,900,9.58,0.13,3.867,18.28,45층 835㎡(45.7×18.3m)
단일,1a 방위·위치,45,45,136.75,107,35,37580,400.0,9041,46621,900,9.58,0.031,3.773,18.28,45층 835㎡(45.7×18.3m)
쌍둥이,3 쌍둥이,40+35,40,122.0,107,42,37580,400.0,11535,49115,1105,11.77,0.193,3.88,14.61,40층 470㎡(32.1×14.6m) + 35층 537㎡(34.4×15.6m)
쌍둥이,3 쌍둥이,40+35,40,122.0,107,43,37580,400.0,11516,49096,1091,11.61,0.209,3.878,13.97,40층 564㎡(35.2×16.0m) + 35층 429㎡(30.7×14.0m)
쌍둥이,3 쌍둥이,40+40,40,122.0,107,43,37580,400.0,11942,49522,1035,11.02,0.178,3.868,14.61,40층 470㎡(32.1×14.6m) + 40층 470㎡(32.1×14.6m)
쌍둥이,3 쌍둥이,35+35,35,107.25,107,41,37580,400.0,11867,49447,1183,12.59,0.19,3.882,13.38,35층 537㎡(40.1×13.4m) + 35층 537㎡(40.1×13.4m)
쌍둥이,3 쌍둥이,55+35,55,166.25,108,45,37580,400.0,13496,51076,894,9.52,0.162,3.867,10.36,55층 478㎡(37.9×12.6m) + 35층 322㎡(31.1×10.4m)
쌍둥이,3 쌍둥이,45+35,45,136.75,108,43,37580,400.0,11934,49514,1026,10.92,0.209,3.873,13.97,45층 501㎡(33.2×15.1m) + 35층 429㎡(30.7×14.0m)
쌍둥이,3 쌍둥이,45+40,45,136.75,108,42,37580,400.0,13116,50696,975,10.38,0.189,3.864,11.19,45층 501㎡(38.8×12.9m) + 40층 376㎡(33.6×11.2m)
쌍둥이,3 쌍둥이,45+40,45,136.75,108,43,37580,400.0,12303,49883,969,10.31,0.191,3.864,13.07,45층 501㎡(33.2×15.1m) + 40층 376㎡(28.8×13.1m)
단일,1a 방위·위치,45,45,136.75,108,37,37580,400.0,9041,46621,900,9.58,0.241,3.849,18.28,45층 835㎡(45.7×18.3m)
쌍둥이,3 쌍둥이,50+35,50,151.5,109,43,37580,400.0,13147,50727,979,10.42,0.186,3.865,11.97,50층 451㎡(36.8×12.3m) + 35층 429㎡(35.9×12.0m)
쌍둥이,3 쌍둥이,50+45,50,151.5,109,44,37580,400.0,13941,51521,887,9.44,0.163,3.845,11.19,50층 376㎡(33.6×11.2m) + 45층 418㎡(35.4×11.8m)
쌍둥이,3 쌍둥이,50+50,50,151.5,109,44,37580,400.0,14331,51911,843,8.97,0.152,3.842,11.19,50층 376㎡(33.6×11.2m) + 50층 376㎡(33.6×11.2m)
단일,1a 방위·위치,45,45,136.75,109,25,37580,400.0,9041,46621,900,9.58,0.068,3.929,18.28,45층 835㎡(45.7×18.3m)
단일,1a 방위·위치,45,45,136.75,109,41,37580,400.0,9041,46621,900,9.58,0.102,3.895,18.28,45층 835㎡(45.7×18.3m)
쌍둥이,3 쌍둥이,45+45,45,136.75,109,44,37580,400.0,13487,51067,931,9.91,0.175,3.854,10.55,45층 501㎡(38.8×12.9m) + 45층 334㎡(31.7×10.6m)
단일,1a 방위·위치,45,45,136.75,109,36,37580,400.0,9041,46621,900,9.58,0.068,3.813,18.28,45층 835㎡(45.7×18.3m)
단일,1a 방위·위치,45,45,136.75,109,32,37580,400.0,9041,46621,900,9.58,0.127,3.747,18.28,45층 835㎡(45.7×18.3m)
쌍둥이,3 쌍둥이,40+40,40,122.0,109,40,37580,400.0,11706,49286,1033,11.0,0.2,3.859,11.32,40층 658㎡(38.0×17.3m) + 40층 282㎡(24.9×11.3m)
쌍둥이,3 쌍둥이,55+40,55,166.25,110,45,37580,400.0,13841,51421,851,9.06,0.162,3.861,9.69,55층 478㎡(37.9×12.6m) + 40층 282㎡(29.1×9.7m)
쌍둥이,3 쌍둥이,50+40,50,151.5,110,44,37580,400.0,13532,51112,942,10.03,0.176,3.856,11.19,50층 376㎡(33.6×11.2m) + 40층 470㎡(37.5×12.5m)
단일,1a 방위·위치,45,45,136.75,110,35,37580,400.0,9041,46621,900,9.58,0.114,4.021,18.28,45층 835㎡(45.7×18.3m)
단일,1a 방위·위치,45,45,136.75,110,41,37580,400.0,9041,46621,900,9.58,0.09,3.906,18.28,45층 835㎡(45.7×18.3m)
쌍둥이,3 쌍둥이,45+45,45,136.75,110,43,37580,400.0,12653,50233,925,9.84,0.176,3.854,12.32,45층 501㎡(33.2×15.1m) + 45층 334㎡(27.1×12.3m)
쌍둥이,3 쌍둥이,60+35,60,181.0,111,44,37580,400.0,13052,50632,846,9.01,0.183,3.863,12.1,60층 438㎡(31.1×14.1m) + 35층 322㎡(26.6×12.1m)
쌍둥이,3 쌍둥이,55+35,55,166.25,111,43,37580,400.0,12661,50241,888,9.46,0.189,3.862,12.1,55층 478㎡(32.4×14.7m) + 35층 322㎡(26.6×12.1m)
단일,1b 층수·세장비,50,50,151.5,111,37,37580,400.0,9947,47527,816,8.68,0.051,4.074,15.83,50층 752㎡(47.5×15.8m)
쌍둥이,3 쌍둥이,45+35,45,136.75,111,42,37580,400.0,11828,49408,1000,10.64,0.198,3.871,12.1,45층 585㎡(35.9×16.3m) + 35층 322㎡(26.6×12.1m)
단일,1a 방위·위치,45,45,136.75,111,34,37580,400.0,9041,46621,900,9.58,0.032,3.868,18.28,45층 835㎡(45.7×18.3m)
쌍둥이,3 쌍둥이,45+40,45,136.75,111,44,37580,400.0,12328,49908,980,10.43,0.178,3.864,13.78,45층 418㎡(30.3×13.8m) + 40층 470㎡(32.1×14.6m)
단일,1a 방위·위치,45,45,136.75,111,40,37580,400.0,9041,46621,900,9.58,0.087,3.861,18.28,45층 835㎡(45.7×18.3m)
쌍둥이,3 쌍둥이,35+35,35,107.25,111,37,37580,400.0,10906,48486,1174,12.49,0.197,3.876,12.1,35층 752㎡(40.7×18.5m) + 35층 322㎡(26.6×12.1m)
쌍둥이,3 쌍둥이,60+35,60,181.0,112,44,37580,400.0,13078,50658,894,9.51,0.199,3.856,13.07,60층 376㎡(28.8×13.1m) + 35층 429㎡(30.7×14.0m)
쌍둥이,3 쌍둥이,60+35,60,181.0,112,43,37580,400.0,12976,50556,940,10.01,0.193,3.856,11.93,60층 313㎡(26.2×11.9m) + 35층 537㎡(34.4×15.6m)
쌍둥이,3 쌍둥이,60+60,60,181.0,112,44,37580,400.0,14824,52404,705,7.5,0.135,3.832,11.93,60층 313㎡(26.2×11.9m) + 60층 313㎡(26.2×11.9m)
쌍둥이,3 쌍둥이,55+40,55,166.25,112,43,37580,400.0,13943,51523,879,9.36,0.182,3.859,11.19,55층 410㎡(35.1×11.7m) + 40층 376㎡(33.6×11.2m)
쌍둥이,3 쌍둥이,55+35,55,166.25,112,43,37580,400.0,12638,50218,970,10.33,0.193,3.859,12.46,55층 342㎡(27.4×12.5m) + 35층 537㎡(34.4×15.6m)
쌍둥이,3 쌍둥이,50+50,50,151.5,112,45,37580,400.0,14263,51843,843,8.97,0.162,3.844,10.01,50층 451㎡(36.8×12.3m) + 50층 301㎡(30.0×10.0m)
단일,1a 방위·위치,45,45,136.75,112,28,37580,400.0,9041,46621,900,9.58,0.07,3.924,18.28,45층 835㎡(45.7×18.3m)
단일,1a 방위·위치,45,45,136.75,112,41,37580,400.0,9041,46621,900,9.58,0.1,3.916,18.28,45층 835㎡(45.7×18.3m)
쌍둥이,3 쌍둥이,45+40,45,136.75,112,42,37580,400.0,12153,49733,957,10.18,0.198,3.859,11.32,45층 585㎡(35.9×16.3m) + 40층 282㎡(24.9×11.3m)
단일,1a 방위·위치,45,45,136.75,112,34,37580,400.0,9041,46621,900,9.58,0.049,3.811,18.28,45층 835㎡(45.7×18.3m)
쌍둥이,3 쌍둥이,40+40,40,122.0,112,38,37580,400.0,12479,50059,1039,11.06,0.195,3.82,9.69,40층 658㎡(44.4×14.8m) + 40층 282㎡(29.1×9.7m)
쌍둥이,3 쌍둥이,60+40,60,181.0,113,44,37580,400.0,13447,51027,837,8.91,0.191,3.85,13.07,60층 376㎡(28.8×13.1m) + 40층 376㎡(28.8×13.1m)
단일,1a 방위·위치,45,45,136.75,113,36,37580,400.0,9041,46621,900,9.58,0.119,4.062,18.28,45층 835㎡(45.7×18.3m)
단일,1a 방위·위치,45,45,136.75,113,37,37580,400.0,9041,46621,900,9.58,0.209,3.823,18.28,45층 835㎡(45.7×18.3m)
단일,1a 방위·위치,45,45,136.75,113,36,37580,400.0,9041,46621,900,9.58,0.059,3.767,18.28,45층 835㎡(45.7×18.3m)
쌍둥이,3 쌍둥이,40+40,40,122.0,113,27,37580,400.0,12479,50059,1039,11.06,0.073,3.775,9.69,40층 658㎡(44.4×14.8m) + 40층 282㎡(29.1×9.7m)
쌍둥이,3 쌍둥이,60+40,60,181.0,114,44,37580,400.0,13378,50958,804,8.55,0.183,3.853,11.32,60층 438㎡(31.1×14.1m) + 40층 282㎡(24.9×11.3m)
쌍둥이,3 쌍둥이,60+35,60,181.0,114,44,37580,400.0,12476,50056,842,8.97,0.202,3.848,14.19,60층 438㎡(26.5×16.6m) + 35층 322㎡(22.7×14.2m)
쌍둥이,3 쌍둥이,60+50,60,181.0,114,44,37580,400.0,14129,51709,758,8.06,0.163,3.837,11.69,60층 376㎡(28.8×13.1m) + 50층 301㎡(25.7×11.7m)
쌍둥이,3 쌍둥이,60+55,60,181.0,114,44,37580,400.0,14487,52067,735,7.82,0.144,3.836,11.93,60층 313㎡(26.2×11.9m) + 55층 342㎡(27.4×12.5m)
쌍둥이,3 쌍둥이,60+50,60,181.0,114,44,37580,400.0,14136,51716,771,8.21,0.154,3.835,11.93,60층 313㎡(26.2×11.9m) + 50층 376㎡(28.8×13.1m)
쌍둥이,3 쌍둥이,60+55,60,181.0,114,44,37580,400.0,13851,51431,731,7.78,0.144,3.817,13.99,60층 313㎡(22.4×14.0m) + 55층 342㎡(23.4×14.6m)
쌍둥이,3 쌍둥이,60+60,60,181.0,114,44,37580,400.0,14175,51755,701,7.46,0.135,3.815,13.99,60층 313㎡(22.4×14.0m) + 60층 313㎡(22.4×14.0m)
쌍둥이,3 쌍둥이,50+40,50,151.5,114,43,37580,400.0,13539,51119,923,9.82,0.186,3.856,11.19,50층 451㎡(36.8×12.3m) + 40층 376㎡(33.6×11.2m)
단일,1a 방위·위치,45,45,136.75,114,26,37580,400.0,9041,46621,900,9.58,0.053,3.906,18.28,45층 835㎡(45.7×18.3m)
단일,1a 방위·위치,45,45,136.75,114,36,37580,400.0,9041,46621,900,9.58,0.068,3.799,18.28,45층 835㎡(45.7×18.3m)
쌍둥이,3 쌍둥이,60+45,60,181.0,115,44,37580,400.0,13796,51376,793,8.44,0.176,3.843,12.32,60층 376㎡(28.8×13.1m) + 45층 334㎡(27.1×12.3m)
쌍둥이,3 쌍둥이,60+45,60,181.0,115,44,37580,400.0,13769,51349,815,8.67,0.165,3.837,11.93,60층 313㎡(26.2×11.9m) + 45층 418㎡(30.3×13.8m)
쌍둥이,3 쌍둥이,55+40,55,166.25,115,44,37580,400.0,13046,50626,900,9.58,0.178,3.852,12.46,55층 342㎡(27.4×12.5m) + 40층 470㎡(32.1×14.6m)
쌍둥이,3 쌍둥이,55+45,55,166.25,115,44,37580,400.0,13431,51011,845,9.0,0.165,3.837,12.46,55층 342㎡(27.4×12.5m) + 45층 418㎡(30.3×13.8m)
쌍둥이,3 쌍둥이,50+45,50,151.5,115,44,37580,400.0,13080,50660,881,9.38,0.165,3.84,13.07,50층 376㎡(28.8×13.1m) + 45층 418㎡(30.3×13.8m)
단일,1a 방위·위치,45,45,136.75,115,35,37580,400.0,9041,46621,900,9.58,0.073,3.992,18.28,45층 835㎡(45.7×18.3m)
단일,1a 방위·위치,45,45,136.75,115,20,37580,400.0,9041,46621,900,9.58,0.071,3.907,18.28,45층 835㎡(45.7×18.3m)
단일,1a 방위·위치,45,45,136.75,115,22,37580,400.0,9041,46621,900,9.58,0.091,3.905,18.28,45층 835㎡(45.7×18.3m)
단일,1a 방위·위치,45,45,136.75,115,34,37580,400.0,9041,46621,900,9.58,0.28,3.831,18.28,45층 835㎡(45.7×18.3m)
단일,1a 방위·위치,45,45,136.75,115,37,37580,400.0,9041,46621,900,9.58,0.101,3.81,18.28,45층 835㎡(45.7×18.3m)
단일,1a 방위·위치,45,45,136.75,115,35,37580,400.0,9041,46621,900,9.58,0.057,3.79,18.28,45층 835㎡(45.7×18.3m)
쌍둥이,3 쌍둥이,50+45,50,151.5,116,43,37580,400.0,13050,50630,872,9.28,0.176,3.845,12.32,50층 451㎡(31.5×14.3m) + 45층 334㎡(27.1×12.3m)
단일,1a 방위·위치,45,45,136.75,116,27,37580,400.0,9041,46621,900,9.58,0.14,3.809,18.28,45층 835㎡(45.7×18.3m)
단일,1a 방위·위치,45,45,136.75,116,33,37580,400.0,9041,46621,900,9.58,0.217,3.807,18.28,45층 835㎡(45.7×18.3m)
쌍둥이,3 쌍둥이,40+40,40,122.0,116,36,37580,400.0,12672,50252,1041,11.08,0.18,3.812,11.19,40층 564㎡(41.1×13.7m) + 40층 376㎡(33.6×11.2m)
쌍둥이,3 쌍둥이,55+40,55,166.25,117,44,37580,400.0,12413,49993,842,8.96,0.205,3.843,13.27,55층 478㎡(27.7×17.3m) + 40층 282㎡(21.2×13.3m)
쌍둥이,3 쌍둥이,55+40,55,166.25,117,44,37580,400.0,12504,50084,869,9.25,0.19,3.838,15.33,55층 410㎡(25.6×16.0m) + 40층 376㎡(24.5×15.3m)
쌍둥이,3 쌍둥이,55+55,55,166.25,117,44,37580,400.0,13527,51107,761,8.1,0.144,3.817,14.61,55층 342㎡(23.4×14.6m) + 55층 342㎡(23.4×14.6m)
쌍둥이,3 쌍둥이,50+50,50,151.5,117,44,37580,400.0,12793,50373,833,8.87,0.163,3.826,13.71,50층 451㎡(26.9×16.8m) + 50층 301㎡(21.9×13.7m)
단일,1a 방위·위치,45,45,136.75,117,20,37580,400.0,9041,46621,900,9.58,0.125,3.96,18.28,45층 835㎡(45.7×18.3m)
단일,1a 방위·위치,45,45,136.75,117,31,37580,400.0,9041,46621,900,9.58,0.079,3.889,18.28,45층 835㎡(45.7×18.3m)
단일,1a 방위·위치,45,45,136.75,117,42,37580,400.0,9041,46621,900,9.58,0.139,3.879,18.28,45층 835㎡(45.7×18.3m)
쌍둥이,3 쌍둥이,40+35,40,122.0,117,35,37580,400.0,12134,49714,1082,11.52,0.214,3.825,10.36,40층 658㎡(44.4×14.8m) + 35층 322㎡(31.1×10.4m)
쌍둥이,3 쌍둥이,40+35,40,122.0,117,35,37580,400.0,12280,49860,1098,11.69,0.196,3.82,11.97,40층 564㎡(41.1×13.7m) + 35층 429㎡(35.9×12.0m)
쌍둥이,3 쌍둥이,60+50,60,181.0,118,44,37580,400.0,13508,51088,754,8.02,0.163,3.817,13.71,60층 376㎡(24.5×15.3m) + 50층 301㎡(21.9×13.7m)
쌍둥이,3 쌍둥이,55+45,55,166.25,118,44,37580,400.0,13431,51011,829,8.83,0.176,3.842,12.32,55층 410㎡(30.0×13.7m) + 45층 334㎡(27.1×12.3m)
쌍둥이,3 쌍둥이,55+50,55,166.25,118,44,37580,400.0,13191,50771,797,8.49,0.153,3.82,14.61,55층 342㎡(23.4×14.6m) + 50층 376㎡(24.5×15.3m)
단일,1a 방위·위치,45,45,136.75,118,28,37580,400.0,9041,46621,900,9.58,0.071,4.047,18.28,45층 835㎡(45.7×18.3m)
단일,1a 방위·위치,45,45,136.75,118,38,37580,400.0,9041,46621,900,9.58,0.04,4.044,18.28,45층 835㎡(45.7×18.3m)
단일,1a 방위·위치,45,45,136.75,118,35,37580,400.0,9041,46621,900,9.58,0.14,4.037,18.28,45층 835㎡(45.7×18.3m)
단일,1a 방위·위치,45,45,136.75,118,21,37580,400.0,9041,46621,900,9.58,0.145,3.985,18.28,45층 835㎡(45.7×18.3m)
단일,1a 방위·위치,45,45,136.75,118,21,37580,400.0,9041,46621,900,9.58,0.077,3.899,18.28,45층 835㎡(45.7×18.3m)
단일,1a 방위·위치,45,45,136.75,118,31,37580,400.0,9041,46621,900,9.58,0.141,3.896,18.28,45층 835㎡(45.7×18.3m)
단일,1a 방위·위치,45,45,136.75,118,37,37580,400.0,9041,46621,900,9.58,0.119,3.762,18.28,45층 835㎡(45.7×18.3m)
쌍둥이,3 쌍둥이,60+45,60,181.0,119,44,37580,400.0,13189,50769,789,8.4,0.176,3.821,14.45,60층 376㎡(24.5×15.3m) + 45층 334㎡(23.1×14.4m)
쌍둥이,3 쌍둥이,60+55,60,181.0,119,33,37580,400.0,15434,53014,740,7.88,0.14,3.75,10.22,60층 313㎡(30.7×10.2m) + 55층 342㎡(32.0×10.7m)
쌍둥이,3 쌍둥이,55+45,55,166.25,119,44,37580,400.0,12839,50419,825,8.78,0.176,3.826,14.45,55층 410㎡(25.6×16.0m) + 45층 334㎡(23.1×14.4m)
단일,1a 방위·위치,45,45,136.75,119,35,37580,400.0,9041,46621,900,9.58,0.084,4.017,18.28,45층 835㎡(45.7×18.3m)
쌍둥이,3 쌍둥이,60+50,60,181.0,120,31,37580,400.0,15055,52635,763,8.12,0.121,3.752,10.01,60층 376㎡(33.6×11.2m) + 50층 301㎡(30.0×10.0m)
쌍둥이,3 쌍둥이,55+45,55,166.25,120,31,37580,400.0,14314,51894,835,8.89,0.121,3.756,10.55,55층 410㎡(35.1×11.7m) + 45층 334㎡(31.7×10.6m)
쌍둥이,3 쌍둥이,55+55,55,166.25,120,33,37580,400.0,15076,52656,771,8.2,0.143,3.752,10.67,55층 342㎡(32.0×10.7m) + 55층 342㎡(32.0×10.7m)
단일,1a 방위·위치,45,45,136.75,120,22,37580,400.0,9041,46621,900,9.58,0.133,3.983,18.28,45층 835㎡(45.7×18.3m)
단일,1a 방위·위치,45,45,136.75,120,31,37580,400.0,9041,46621,900,9.58,0.151,3.894,18.28,45층 835㎡(45.7×18.3m)
쌍둥이,3 쌍둥이,45+35,45,136.75,120,35,37580,400.0,12724,50304,1032,10.99,0.196,3.816,11.97,45층 501㎡(38.8×12.9m) + 35층 429㎡(35.9×12.0m)
쌍둥이,3 쌍둥이,45+40,45,136.75,120,27,37580,400.0,12956,50536,963,10.25,0.087,3.766,9.69,45층 585㎡(41.9×14.0m) + 40층 282㎡(29.1×9.7m)
쌍둥이,3 쌍둥이,40+40,40,122.0,120,29,37580,400.0,12733,50313,1042,11.09,0.14,3.763,12.51,40층 470㎡(37.5×12.5m) + 40층 470㎡(37.5×12.5m)
쌍둥이,3 쌍둥이,40+40,40,122.0,120,27,37580,400.0,11886,49466,1035,11.01,0.145,3.761,13.07,40층 564㎡(35.2×16.0m) + 40층 376㎡(28.8×13.1m)
쌍둥이,3 쌍둥이,55+35,55,166.25,121,31,37580,400.0,13551,51131,936,9.96,0.121,3.767,11.69,55층 410㎡(35.1×11.7m) + 35층 429㎡(35.9×12.0m)
쌍둥이,3 쌍둥이,50+35,50,151.5,121,37,37580,400.0,13063,50643,945,10.05,0.214,3.815,10.36,50층 526㎡(39.7×13.2m) + 35층 322㎡(31.1×10.4m)
쌍둥이,3 쌍둥이,50+40,50,151.5,121,40,37580,400.0,13408,50988,902,9.6,0.195,3.811,9.69,50층 526㎡(39.7×13.2m) + 40층 282㎡(29.1×9.7m)
쌍둥이,3 쌍둥이,50+40,50,151.5,121,31,37580,400.0,13532,51112,942,10.03,0.144,3.756,11.19,50층 376㎡(33.6×11.2m) + 40층 470㎡(37.5×12.5m)
단일,1a 방위·위치,45,45,136.75,121,36,37580,400.0,9041,46621,900,9.58,0.096,4.049,18.28,45층 835㎡(45.7×18.3m)
단일,1a 방위·위치,45,45,136.75,121,26,37580,400.0,9041,46621,900,9.58,0.123,3.891,18.28,45층 835㎡(45.7×18.3m)
단일,1a 방위·위치,45,45,136.75,121,20,37580,400.0,9041,46621,900,9.58,0.08,3.885,18.28,45층 835㎡(45.7×18.3m)
단일,1a 방위·위치,45,45,136.75,121,29,37580,400.0,9041,46621,900,9.58,0.12,3.835,18.28,45층 835㎡(45.7×18.3m)
쌍둥이,3 쌍둥이,45+35,45,136.75,121,37,37580,400.0,12610,50190,1006,10.71,0.214,3.818,10.36,45층 585㎡(41.9×14.0m) + 35층 322㎡(31.1×10.4m)
쌍둥이,3 쌍둥이,45+35,45,136.75,121,30,37580,400.0,12709,50289,1057,11.25,0.144,3.767,11.8,45층 418㎡(35.4×11.8m) + 35층 537㎡(40.1×13.4m)
단일,1a 방위·위치,45,45,136.75,121,35,37580,400.0,9041,46621,900,9.58,0.076,3.74,18.28,45층 835㎡(45.7×18.3m)
쌍둥이,3 쌍둥이,40+35,40,122.0,121,34,37580,400.0,12300,49880,1112,11.84,0.18,3.818,12.51,40층 470㎡(37.5×12.5m) + 35층 537㎡(40.1×13.4m)
쌍둥이,3 쌍둥이,40+40,40,122.0,121,31,37580,400.0,11358,48938,1030,10.96,0.181,3.793,15.33,40층 564㎡(30.0×18.8m) + 40층 376㎡(24.5×15.3m)
쌍둥이,3 쌍둥이,40+35,40,122.0,121,27,37580,400.0,12280,49860,1098,11.69,0.105,3.774,11.97,40층 564㎡(41.1×13.7m) + 35층 429㎡(35.9×12.0m)
쌍둥이,3 쌍둥이,40+40,40,122.0,121,27,37580,400.0,11942,49522,1035,11.02,0.177,3.755,14.61,40층 470㎡(32.1×14.6m) + 40층 470㎡(32.1×14.6m)
쌍둥이,3 쌍둥이,40+35,40,122.0,121,27,37580,400.0,11004,48584,1087,11.57,0.178,3.752,16.38,40층 564㎡(30.0×18.8m) + 35층 429㎡(26.2×16.4m)
쌍둥이,3 쌍둥이,35+35,35,107.25,121,34,37580,400.0,11867,49447,1183,12.59,0.18,3.82,13.38,35층 537㎡(40.1×13.4m) + 35층 537㎡(40.1×13.4m)
쌍둥이,3 쌍둥이,35+35,35,107.25,121,27,37580,400.0,11074,48654,1175,12.51,0.137,3.776,13.97,35층 644㎡(37.6×17.1m) + 35층 429㎡(30.7×14.0m)
쌍둥이,3 쌍둥이,60+45,60,181.0,122,37,37580,400.0,14702,52282,799,8.5,0.166,3.796,10.55,60층 376㎡(33.6×11.2m) + 45층 334㎡(31.7×10.6m)
쌍둥이,3 쌍둥이,60+40,60,181.0,122,31,37580,400.0,14257,51837,809,8.62,0.103,3.766,9.69,60층 438㎡(36.3×12.1m) + 40층 282㎡(29.1×9.7m)
쌍둥이,3 쌍둥이,60+45,60,181.0,122,33,37580,400.0,14672,52252,821,8.74,0.14,3.75,10.22,60층 313㎡(30.7×10.2m) + 45층 418㎡(35.4×11.8m)
쌍둥이,3 쌍둥이,55+35,55,166.25,122,32,37580,400.0,13472,51052,977,10.4,0.143,3.768,10.67,55층 342㎡(32.0×10.7m) + 35층 537㎡(40.1×13.4m)
쌍둥이,3 쌍둥이,55+40,55,166.25,122,31,37580,400.0,13943,51523,879,9.36,0.121,3.761,11.19,55층 410㎡(35.1×11.7m) + 40층 376㎡(33.6×11.2m)
단일,1a 방위·위치,45,45,136.75,122,24,37580,400.0,9041,46621,900,9.58,0.098,3.95,18.28,45층 835㎡(45.7×18.3m)
단일,1a 방위·위치,45,45,136.75,122,34,37580,400.0,9041,46621,900,9.58,0.202,3.88,18.28,45층 835㎡(45.7×18.3m)
단일,1a 방위·위치,45,45,136.75,122,30,37580,400.0,9041,46621,900,9.58,0.099,3.863,18.28,45층 835㎡(45.7×18.3m)
쌍둥이,3 쌍둥이,45+40,45,136.75,122,36,37580,400.0,13116,50696,975,10.38,0.18,3.809,11.19,45층 501㎡(38.8×12.9m) + 40층 376㎡(33.6×11.2m)
단일,1a 방위·위치,45,45,136.75,122,36,37580,400.0,9041,46621,900,9.58,0.083,3.735,18.28,45층 835㎡(45.7×18.3m)
쌍둥이,3 쌍둥이,40+35,40,122.0,122,28,37580,400.0,12300,49880,1112,11.84,0.14,3.773,12.51,40층 470㎡(37.5×12.5m) + 35층 537㎡(40.1×13.4m)
쌍둥이,3 쌍둥이,40+35,40,122.0,122,27,37580,400.0,11516,49096,1091,11.61,0.145,3.768,13.97,40층 564㎡(35.2×16.0m) + 35층 429㎡(30.7×14.0m)
쌍둥이,3 쌍둥이,40+40,40,122.0,122,27,37580,400.0,11412,48992,1031,10.97,0.195,3.742,17.13,40층 470㎡(27.4×17.1m) + 40층 470㎡(27.4×17.1m)
쌍둥이,3 쌍둥이,35+35,35,107.25,122,26,37580,400.0,11867,49447,1183,12.59,0.131,3.78,13.38,35층 537㎡(40.1×13.4m) + 35층 537㎡(40.1×13.4m)
쌍둥이,3 쌍둥이,60+40,60,181.0,123,36,37580,400.0,14331,51911,843,8.97,0.18,3.805,11.19,60층 376㎡(33.6×11.2m) + 40층 376㎡(33.6×11.2m)
쌍둥이,3 쌍둥이,55+35,55,166.25,123,37,37580,400.0,13496,51076,894,9.52,0.214,3.816,10.36,55층 478㎡(37.9×12.6m) + 35층 322㎡(31.1×10.4m)
쌍둥이,3 쌍둥이,55+35,55,166.25,123,29,37580,400.0,13496,51076,894,9.52,0.1,3.773,10.36,55층 478㎡(37.9×12.6m) + 35층 322㎡(31.1×10.4m)
쌍둥이,3 쌍둥이,50+35,50,151.5,123,27,37580,400.0,13063,50643,945,10.05,0.096,3.769,10.36,50층 526㎡(39.7×13.2m) + 35층 322㎡(31.1×10.4m)
쌍둥이,3 쌍둥이,50+40,50,151.5,123,27,37580,400.0,13408,50988,902,9.6,0.096,3.764,9.69,50층 526㎡(39.7×13.2m) + 40층 282㎡(29.1×9.7m)
단일,1a 방위·위치,45,45,136.75,123,36,37580,400.0,9041,46621,900,9.58,0.093,3.928,18.28,45층 835㎡(45.7×18.3m)
단일,1a 방위·위치,45,45,136.75,123,32,37580,400.0,9041,46621,900,9.58,0.171,3.871,18.28,45층 835㎡(45.7×18.3m)
단일,1a 방위·위치,45,45,136.75,123,35,37580,400.0,9041,46621,900,9.58,0.173,3.821,18.28,45층 835㎡(45.7×18.3m)
쌍둥이,3 쌍둥이,45+45,45,136.75,123,31,37580,400.0,13551,51131,931,9.91,0.144,3.751,11.8,45층 418㎡(35.4×11.8m) + 45층 418㎡(35.4×11.8m)
단일,1a 방위·위치,45,45,136.75,123,36,37580,400.0,9041,46621,900,9.58,0.095,3.742,18.28,45층 835㎡(45.7×18.3m)
쌍둥이,3 쌍둥이,40+35,40,122.0,123,26,37580,400.0,11535,49115,1105,11.77,0.177,3.765,14.61,40층 470㎡(32.1×14.6m) + 35층 537㎡(34.4×15.6m)
쌍둥이,3 쌍둥이,40+35,40,122.0,123,26,37580,400.0,11022,48602,1101,11.72,0.206,3.753,17.13,40층 470㎡(27.4×17.1m) + 35층 537㎡(29.3×18.3m)
쌍둥이,3 쌍둥이,35+35,35,107.25,123,26,37580,400.0,11128,48708,1176,12.51,0.175,3.773,15.62,35층 537㎡(34.4×15.6m) + 35층 537㎡(34.4×15.6m)
쌍둥이,3 쌍둥이,60+35,60,181.0,124,37,37580,400.0,13911,51491,852,9.07,0.212,3.819,10.36,60층 438㎡(36.3×12.1m) + 35층 322㎡(31.1×10.4m)
쌍둥이,3 쌍둥이,60+40,60,181.0,124,40,37580,400.0,14257,51837,809,8.62,0.195,3.815,9.69,60층 438㎡(36.3×12.1m) + 40층 282㎡(29.1×9.7m)
쌍둥이,3 쌍둥이,60+55,60,181.0,124,39,37580,400.0,15434,53014,740,7.88,0.136,3.786,10.22,60층 313㎡(30.7×10.2m) + 55층 342㎡(32.0×10.7m)
쌍둥이,3 쌍둥이,50+35,50,151.5,124,35,37580,400.0,13147,50727,979,10.42,0.196,3.81,11.97,50층 451㎡(36.8×12.3m) + 35층 429㎡(35.9×12.0m)
쌍둥이,3 쌍둥이,50+50,50,151.5,124,31,37580,400.0,14331,51911,843,8.97,0.144,3.748,11.19,50층 376㎡(33.6×11.2m) + 50층 376㎡(33.6×11.2m)
단일,1a 방위·위치,45,45,136.75,124,24,37580,400.0,9041,46621,900,9.58,0.088,4.008,18.28,45층 835㎡(45.7×18.3m)
단일,1a 방위·위치,45,45,136.75,124,23,37580,400.0,9041,46621,900,9.58,0.096,3.899,18.28,45층 835㎡(45.7×18.3m)
단일,1a 방위·위치,45,45,136.75,124,30,37580,400.0,9041,46621,900,9.58,0.128,3.817,18.28,45층 835㎡(45.7×18.3m)
쌍둥이,3 쌍둥이,45+40,45,136.75,124,36,37580,400.0,12303,49883,969,10.31,0.182,3.803,13.07,45층 501㎡(33.2×15.1m) + 40층 376㎡(28.8×13.1m)
단일,1a 방위·위치,45,45,136.75,124,36,37580,400.0,9041,46621,900,9.58,0.112,3.758,18.28,45층 835㎡(45.7×18.3m)
쌍둥이,3 쌍둥이,45+40,45,136.75,124,29,37580,400.0,11615,49195,953,10.14,0.153,3.742,13.27,45층 585㎡(30.6×19.1m) + 40층 282㎡(21.2×13.3m)
쌍둥이,3 쌍둥이,60+35,60,181.0,125,36,37580,400.0,13830,51410,946,10.07,0.18,3.803,10.22,60층 313㎡(30.7×10.2m) + 35층 537㎡(40.1×13.4m)
쌍둥이,3 쌍둥이,55+35,55,166.25,125,36,37580,400.0,13472,51052,977,10.4,0.18,3.804,10.67,55층 342㎡(32.0×10.7m) + 35층 537㎡(40.1×13.4m)
쌍둥이,3 쌍둥이,55+35,55,166.25,125,27,37580,400.0,12661,50241,888,9.46,0.128,3.765,12.1,55층 478㎡(32.4×14.7m) + 35층 322㎡(26.6×12.1m)
쌍둥이,3 쌍둥이,55+40,55,166.25,125,29,37580,400.0,12987,50567,846,9.0,0.128,3.759,11.32,55층 478㎡(32.4×14.7m) + 40층 282㎡(24.9×11.3m)
단일,1a 방위·위치,45,45,136.75,125,25,37580,400.0,9041,46621,900,9.58,0.136,4.039,18.28,45층 835㎡(45.7×18.3m)
단일,1a 방위·위치,45,45,136.75,125,34,37580,400.0,9041,46621,900,9.58,0.063,4.027,18.28,45층 835㎡(45.7×18.3m)
단일,1a 방위·위치,45,45,136.75,125,21,37580,400.0,9041,46621,900,9.58,0.113,4.02,18.28,45층 835㎡(45.7×18.3m)
단일,1a 방위·위치,45,45,136.75,125,35,37580,400.0,9041,46621,900,9.58,0.084,4.006,18.28,45층 835㎡(45.7×18.3m)
단일,1a 방위·위치,45,45,136.75,125,35,37580,400.0,9041,46621,900,9.58,0.038,3.99,18.28,45층 835㎡(45.7×18.3m)
단일,1a 방위·위치,45,45,136.75,125,22,37580,400.0,9041,46621,900,9.58,0.109,3.972,18.28,45층 835㎡(45.7×18.3m)
단일,1a 방위·위치,45,45,136.75,125,22,37580,400.0,9041,46621,900,9.58,0.077,3.89,18.28,45층 835㎡(45.7×18.3m)
단일,1a 방위·위치,45,45,136.75,125,34,37580,400.0,9041,46621,900,9.58,0.09,3.847,18.28,45층 835㎡(45.7×18.3m)
쌍둥이,3 쌍둥이,45+40,45,136.75,125,35,37580,400.0,13142,50722,987,10.5,0.167,3.806,11.8,45층 418㎡(35.4×11.8m) + 40층 470㎡(37.5×12.5m)
단일,1a 방위·위치,45,45,136.75,125,28,37580,400.0,9041,46621,900,9.58,0.111,3.785,18.28,45층 835㎡(45.7×18.3m)
쌍둥이,3 쌍둥이,45+40,45,136.75,125,29,37580,400.0,13116,50696,975,10.38,0.114,3.76,11.19,45층 501㎡(38.8×12.9m) + 40층 376㎡(33.6×11.2m)
쌍둥이,3 쌍둥이,40+40,40,122.0,125,36,37580,400.0,12479,50059,1039,11.06,0.121,3.836,9.69,40층 658㎡(44.4×14.8m) + 40층 282㎡(29.1×9.7m)
쌍둥이,3 쌍둥이,40+40,40,122.0,125,34,37580,400.0,11412,48992,1031,10.97,0.168,3.79,17.13,40층 470㎡(27.4×17.1m) + 40층 470㎡(27.4×17.1m)
쌍둥이,3 쌍둥이,35+35,35,107.25,125,35,37580,400.0,11128,48708,1176,12.51,0.182,3.817,15.62,35층 537㎡(34.4×15.6m) + 35층 537㎡(34.4×15.6m)
쌍둥이,3 쌍둥이,60+35,60,181.0,126,38,37580,400.0,13052,50632,846,9.01,0.216,3.811,12.1,60층 438㎡(31.1×14.1m) + 35층 322㎡(26.6×12.1m)
쌍둥이,3 쌍둥이,60+40,60,181.0,126,37,37580,400.0,14263,51843,876,9.32,0.167,3.797,10.22,60층 313㎡(30.7×10.2m) + 40층 470㎡(37.5×12.5m)
쌍둥이,3 쌍둥이,60+55,60,181.0,126,38,37580,400.0,14487,52067,735,7.82,0.137,3.778,11.93,60층 313㎡(26.2×11.9m) + 55층 342㎡(27.4×12.5m)
쌍둥이,3 쌍둥이,60+60,60,181.0,126,38,37580,400.0,14824,52404,705,7.5,0.129,3.777,11.93,60층 313㎡(26.2×11.9m) + 60층 313㎡(26.2×11.9m)
쌍둥이,3 쌍둥이,60+50,60,181.0,126,36,37580,400.0,14136,51716,771,8.21,0.146,3.777,11.93,60층 313㎡(26.2×11.9m) + 50층 376㎡(28.8×13.1m)
쌍둥이,3 쌍둥이,60+40,60,181.0,126,33,37580,400.0,13383,50963,870,9.26,0.16,3.747,11.93,60층 313㎡(26.2×11.9m) + 40층 470㎡(32.1×14.6m)
쌍둥이,3 쌍둥이,55+40,55,166.25,126,37,37580,400.0,13905,51485,906,9.64,0.167,3.798,10.67,55층 342㎡(32.0×10.7m) + 40층 470㎡(37.5×12.5m)
쌍둥이,3 쌍둥이,55+35,55,166.25,126,30,37580,400.0,12638,50218,970,10.33,0.166,3.756,12.46,55층 342㎡(27.4×12.5m) + 35층 537㎡(34.4×15.6m)
쌍둥이,3 쌍둥이,50+45,50,151.5,126,29,37580,400.0,13909,51489,878,9.35,0.119,3.749,10.55,50층 451㎡(36.8×12.3m) + 45층 334㎡(31.7×10.6m)
단일,1a 방위·위치,45,45,136.75,126,35,37580,400.0,9041,46621,900,9.58,0.052,3.946,18.28,45층 835㎡(45.7×18.3m)
단일,1a 방위·위치,45,45,136.75,126,22,37580,400.0,9041,46621,900,9.58,0.12,3.895,18.28,45층 835㎡(45.7×18.3m)
단일,1a 방위·위치,45,45,136.75,126,21,37580,400.0,9041,46621,900,9.58,0.093,3.888,18.28,45층 835㎡(45.7×18.3m)
쌍둥이,3 쌍둥이,45+35,45,136.75,126,35,37580,400.0,11920,49500,1050,11.18,0.182,3.809,13.78,45층 418㎡(30.3×13.8m) + 35층 537㎡(34.4×15.6m)
쌍둥이,3 쌍둥이,45+40,45,136.75,126,36,37580,400.0,12328,49908,980,10.43,0.169,3.8,13.78,45층 418㎡(30.3×13.8m) + 40층 470㎡(32.1×14.6m)
단일,1a 방위·위치,45,45,136.75,126,37,37580,400.0,9041,46621,900,9.58,0.16,3.784,18.28,45층 835㎡(45.7×18.3m)
쌍둥이,3 쌍둥이,40+35,40,122.0,126,32,37580,400.0,12300,49880,1112,11.84,0.142,3.844,12.51,40층 470㎡(37.5×12.5m) + 35층 537㎡(40.1×13.4m)
쌍둥이,3 쌍둥이,35+35,35,107.25,126,32,37580,400.0,11867,49447,1183,12.59,0.142,3.841,13.38,35층 537㎡(40.1×13.4m) + 35층 537㎡(40.1×13.4m)
쌍둥이,3 쌍둥이,60+35,60,181.0,127,38,37580,400.0,13911,51491,852,9.07,0.136,3.854,10.36,60층 438㎡(36.3×12.1m) + 35층 322㎡(31.1×10.4m)
쌍둥이,3 쌍둥이,60+40,60,181.0,127,38,37580,400.0,13378,50958,804,8.55,0.197,3.804,11.32,60층 438㎡(31.1×14.1m) + 40층 282㎡(24.9×11.3m)
단일,1a 방위·위치,45,45,136.75,127,24,37580,400.0,9041,46621,900,9.58,0.046,4.021,18.28,45층 835㎡(45.7×18.3m)
단일,1a 방위·위치,45,45,136.75,127,24,37580,400.0,9041,46621,900,9.58,0.081,3.921,18.28,45층 835㎡(45.7×18.3m)
단일,1a 방위·위치,45,45,136.75,127,31,37580,400.0,9041,46621,900,9.58,0.042,3.908,18.28,45층 835㎡(45.7×18.3m)
쌍둥이,3 쌍둥이,45+45,45,136.75,127,36,37580,400.0,12653,50233,925,9.84,0.139,3.828,12.32,45층 501㎡(33.2×15.1m) + 45층 334㎡(27.1×12.3m)
쌍둥이,3 쌍둥이,45+45,45,136.75,127,37,37580,400.0,13551,51131,931,9.91,0.126,3.827,11.8,45층 418㎡(35.4×11.8m) + 45층 418㎡(35.4×11.8m)
단일,1a 방위·위치,45,45,136.75,127,26,37580,400.0,9041,46621,900,9.58,0.041,3.781,18.28,45층 835㎡(45.7×18.3m)
단일,1a 방위·위치,45,45,136.75,127,27,37580,400.0,9041,46621,900,9.58,0.103,3.777,18.28,45층 835㎡(45.7×18.3m)
단일,1a 방위·위치,45,45,136.75,127,27,37580,400.0,9041,46621,900,9.58,0.068,3.763,18.28,45층 835㎡(45.7×18.3m)
쌍둥이,3 쌍둥이,45+40,45,136.75,127,27,37580,400.0,12328,49908,980,10.43,0.175,3.75,13.78,45층 418㎡(30.3×13.8m) + 40층 470㎡(32.1×14.6m)
쌍둥이,3 쌍둥이,40+40,40,122.0,127,33,37580,400.0,12672,50252,1041,11.08,0.147,3.831,11.19,40층 564㎡(41.1×13.7m) + 40층 376㎡(33.6×11.2m)
쌍둥이,3 쌍둥이,60+50,60,181.0,128,31,37580,400.0,14129,51709,758,8.06,0.143,3.744,11.69,60층 376㎡(28.8×13.1m) + 50층 301㎡(25.7×11.7m)
쌍둥이,3 쌍둥이,55+40,55,166.25,128,38,37580,400.0,12987,50567,846,9.0,0.197,3.805,11.32,55층 478㎡(32.4×14.7m) + 40층 282㎡(24.9×11.3m)
쌍둥이,3 쌍둥이,55+40,55,166.25,128,36,37580,400.0,13943,51523,879,9.36,0.18,3.804,11.19,55층 410㎡(35.1×11.7m) + 40층 376㎡(33.6×11.2m)
쌍둥이,3 쌍둥이,55+50,55,166.25,128,38,37580,400.0,14667,52247,799,8.51,0.155,3.793,10.01,55층 410㎡(35.1×11.7m) + 50층 301㎡(30.0×10.0m)
쌍둥이,3 쌍둥이,55+50,55,166.25,128,29,37580,400.0,13764,51344,794,8.45,0.146,3.745,11.69,55층 410㎡(30.0×13.7m) + 50층 301㎡(25.7×11.7m)
쌍둥이,3 쌍둥이,50+40,50,151.5,128,36,37580,400.0,13539,51119,923,9.82,0.18,3.803,11.19,50층 451㎡(36.8×12.3m) + 40층 376㎡(33.6×11.2m)
쌍둥이,3 쌍둥이,50+50,50,151.5,128,29,37580,400.0,13383,50963,837,8.91,0.148,3.737,11.69,50층 451㎡(31.5×14.3m) + 50층 301㎡(25.7×11.7m)
단일,1a 방위·위치,45,45,136.75,128,34,37580,400.0,9041,46621,900,9.58,0.116,3.984,18.28,45층 835㎡(45.7×18.3m)
단일,1a 방위·위치,45,45,136.75,128,20,37580,400.0,9041,46621,900,9.58,0.033,3.893,18.28,45층 835㎡(45.7×18.3m)
단일,1a 방위·위치,45,45,136.75,128,25,37580,400.0,9041,46621,900,9.58,0.157,3.883,18.28,45층 835㎡(45.7×18.3m)
쌍둥이,3 쌍둥이,45+45,45,136.75,128,36,37580,400.0,12151,49731,921,9.8,0.127,3.806,16.15,45층 418㎡(25.8×16.2m) + 45층 418㎡(25.8×16.2m)
단일,1a 방위·위치,45,45,136.75,128,27,37580,400.0,9041,46621,900,9.58,0.088,3.804,18.28,45층 835㎡(45.7×18.3m)
쌍둥이,3 쌍둥이,45+40,45,136.75,128,36,37580,400.0,11781,49361,976,10.39,0.168,3.785,16.15,45층 418㎡(25.8×16.2m) + 40층 470㎡(27.4×17.1m)
단일,1a 방위·위치,45,45,136.75,128,36,37580,400.0,9041,46621,900,9.58,0.09,3.774,18.28,45층 835㎡(45.7×18.3m)
쌍둥이,3 쌍둥이,45+35,45,136.75,128,26,37580,400.0,11920,49500,1050,11.18,0.175,3.76,13.78,45층 418㎡(30.3×13.8m) + 35층 537㎡(34.4×15.6m)
단일,1a 방위·위치,45,45,136.75,128,38,37580,400.0,9041,46621,900,9.58,0.154,3.745,18.28,45층 835㎡(45.7×18.3m)
쌍둥이,3 쌍둥이,40+40,40,122.0,128,29,37580,400.0,11186,48766,1029,10.95,0.151,3.752,13.27,40층 658㎡(32.4×20.3m) + 40층 282㎡(21.2×13.3m)
쌍둥이,3 쌍둥이,60+45,60,181.0,129,38,37580,400.0,13796,51376,793,8.44,0.168,3.788,12.32,60층 376㎡(28.8×13.1m) + 45층 334㎡(27.1×12.3m)
쌍둥이,3 쌍둥이,60+35,60,181.0,129,36,37580,400.0,12500,50080,890,9.47,0.197,3.781,15.33,60층 376㎡(24.5×15.3m) + 35층 429㎡(26.2×16.4m)
쌍둥이,3 쌍둥이,60+40,60,181.0,129,29,37580,400.0,13447,51027,837,8.91,0.143,3.753,13.07,60층 376㎡(28.8×13.1m) + 40층 376㎡(28.8×13.1m)
쌍둥이,3 쌍둥이,60+45,60,181.0,129,29,37580,400.0,13796,51376,793,8.44,0.143,3.748,12.32,60층 376㎡(28.8×13.1m) + 45층 334㎡(27.1×12.3m)
쌍둥이,3 쌍둥이,55+40,55,166.25,129,37,37580,400.0,13841,51421,851,9.06,0.136,3.845,9.69,55층 478㎡(37.9×12.6m) + 40층 282㎡(29.1×9.7m)
쌍둥이,3 쌍둥이,55+40,55,166.25,129,27,37580,400.0,13081,50661,873,9.3,0.146,3.754,13.07,55층 410㎡(30.0×13.7m) + 40층 376㎡(28.8×13.1m)
쌍둥이,3 쌍둥이,55+45,55,166.25,129,27,37580,400.0,13431,51011,829,8.83,0.146,3.75,12.32,55층 410㎡(30.0×13.7m) + 45층 334㎡(27.1×12.3m)
쌍둥이,3 쌍둥이,50+45,50,151.5,129,36,37580,400.0,13080,50660,881,9.38,0.157,3.783,13.07,50층 376㎡(28.8×13.1m) + 45층 418㎡(30.3×13.8m)
쌍둥이,3 쌍둥이,50+40,50,151.5,129,29,37580,400.0,12023,49603,892,9.49,0.152,3.738,13.27,50층 526㎡(29.0×18.1m) + 40층 282㎡(21.2×13.3m)
단일,1a 방위·위치,45,45,136.75,129,33,37580,400.0,9041,46621,900,9.58,0.075,4.004,18.28,45층 835㎡(45.7×18.3m)
단일,1a 방위·위치,45,45,136.75,129,27,37580,400.0,9041,46621,900,9.58,0.085,3.899,18.28,45층 835㎡(45.7×18.3m)
단일,1a 방위·위치,45,45,136.75,129,24,37580,400.0,9041,46621,900,9.58,0.142,3.874,18.28,45층 835㎡(45.7×18.3m)
단일,1a 방위·위치,45,45,136.75,129,32,37580,400.0,9041,46621,900,9.58,0.101,3.854,18.28,45층 835㎡(45.7×18.3m)
쌍둥이,3 쌍둥이,45+45,45,136.75,129,35,37580,400.0,12713,50293,925,9.85,0.128,3.819,13.78,45층 418㎡(30.3×13.8m) + 45층 418㎡(30.3×13.8m)
쌍둥이,3 쌍둥이,45+45,45,136.75,129,27,37580,400.0,12653,50233,925,9.84,0.148,3.747,12.32,45층 501㎡(33.2×15.1m) + 45층 334㎡(27.1×12.3m)
쌍둥이,3 쌍둥이,60+60,60,181.0,130,38,37580,400.0,14175,51755,701,7.46,0.129,3.761,13.99,60층 313㎡(22.4×14.0m) + 60층 313㎡(22.4×14.0m)
쌍둥이,3 쌍둥이,60+55,60,181.0,130,38,37580,400.0,13851,51431,731,7.78,0.137,3.759,13.99,60층 313㎡(22.4×14.0m) + 55층 342㎡(23.4×14.6m)
쌍둥이,3 쌍둥이,60+35,60,181.0,130,27,37580,400.0,12500,50080,890,9.47,0.161,3.737,15.33,60층 376㎡(24.5×15.3m) + 35층 429㎡(26.2×16.4m)
쌍둥이,3 쌍둥이,55+45,55,166.25,130,38,37580,400.0,13431,51011,829,8.83,0.168,3.785,12.32,55층 410㎡(30.0×13.7m) + 45층 334㎡(27.1×12.3m)
쌍둥이,3 쌍둥이,55+35,55,166.25,130,27,37580,400.0,12712,50292,930,9.9,0.146,3.761,13.65,55층 410㎡(30.0×13.7m) + 35층 429㎡(30.7×14.0m)
쌍둥이,3 쌍둥이,50+35,50,151.5,130,36,37580,400.0,13147,50727,979,10.42,0.158,3.842,11.97,50층 451㎡(36.8×12.3m) + 35층 429㎡(35.9×12.0m)
쌍둥이,3 쌍둥이,50+45,50,151.5,130,38,37580,400.0,13050,50630,872,9.28,0.168,3.785,12.32,50층 451㎡(31.5×14.3m) + 45층 334㎡(27.1×12.3m)
쌍둥이,3 쌍둥이,50+40,50,151.5,130,27,37580,400.0,12701,50281,916,9.75,0.148,3.747,13.07,50층 451㎡(31.5×14.3m) + 40층 376㎡(28.8×13.1m)
단일,1a 방위·위치,45,45,136.75,130,31,37580,400.0,9041,46621,900,9.58,0.099,4.041,18.28,45층 835㎡(45.7×18.3m)
단일,1a 방위·위치,45,45,136.75,130,23,37580,400.0,9041,46621,900,9.58,0.036,3.968,18.28,45층 835㎡(45.7×18.3m)
단일,1a 방위·위치,45,45,136.75,130,26,37580,400.0,9041,46621,900,9.58,0.024,3.896,18.28,45층 835㎡(45.7×18.3m)
단일,1a 방위·위치,45,45,136.75,130,39,37580,400.0,9041,46621,900,9.58,0.058,3.864,18.28,45층 835㎡(45.7×18.3m)
쌍둥이,3 쌍둥이,45+35,45,136.75,130,32,37580,400.0,11303,48883,995,10.59,0.215,3.804,14.19,45층 585㎡(30.6×19.1m) + 35층 322㎡(22.7×14.2m)
단일,1a 방위·위치,45,45,136.75,130,38,37580,400.0,9041,46621,900,9.58,0.164,3.772,18.28,45층 835㎡(45.7×18.3m)
쌍둥이,3 쌍둥이,35+35,35,107.25,130,32,37580,400.0,10906,48486,1174,12.49,0.216,3.827,12.1,35층 752㎡(40.7×18.5m) + 35층 322㎡(26.6×12.1m)
쌍둥이,3 쌍둥이,60+40,60,181.0,131,27,37580,400.0,12854,50434,833,8.87,0.161,3.728,15.33,60층 376㎡(24.5×15.3m) + 40층 376㎡(24.5×15.3m)
쌍둥이,3 쌍둥이,55+55,55,166.25,131,41,37580,400.0,15076,52656,771,8.2,0.112,3.828,10.67,55층 342㎡(32.0×10.7m) + 55층 342㎡(32.0×10.7m)
쌍둥이,3 쌍둥이,55+35,55,166.25,131,36,37580,400.0,12150,49730,926,9.85,0.197,3.783,16.01,55층 410㎡(25.6×16.0m) + 35층 429㎡(26.2×16.4m)
쌍둥이,3 쌍둥이,55+55,55,166.25,131,38,37580,400.0,13527,51107,761,8.1,0.137,3.757,14.61,55층 342㎡(23.4×14.6m) + 55층 342㎡(23.4×14.6m)
쌍둥이,3 쌍둥이,50+35,50,151.5,131,36,37580,400.0,11785,49365,969,10.31,0.197,3.785,16.38,50층 451㎡(26.9×16.8m) + 35층 429㎡(26.2×16.4m)
쌍둥이,3 쌍둥이,50+35,50,151.5,131,28,37580,400.0,12287,49867,1006,10.71,0.171,3.755,13.07,50층 376㎡(28.8×13.1m) + 35층 537㎡(34.4×15.6m)
쌍둥이,3 쌍둥이,50+35,50,151.5,131,26,37580,400.0,11743,49323,1002,10.67,0.192,3.74,15.33,50층 376㎡(24.5×15.3m) + 35층 537㎡(29.3×18.3m)
쌍둥이,3 쌍둥이,50+40,50,151.5,131,27,37580,400.0,12133,49713,932,9.92,0.192,3.73,15.33,50층 376㎡(24.5×15.3m) + 40층 470㎡(27.4×17.1m)
단일,1a 방위·위치,45,45,136.75,131,26,37580,400.0,9041,46621,900,9.58,0.048,3.877,18.28,45층 835㎡(45.7×18.3m)
단일,1a 방위·위치,45,45,136.75,131,30,37580,400.0,9041,46621,900,9.58,0.111,3.873,18.28,45층 835㎡(45.7×18.3m)
쌍둥이,3 쌍둥이,45+35,45,136.75,131,33,37580,400.0,11920,49500,1050,11.18,0.145,3.834,13.78,45층 418㎡(30.3×13.8m) + 35층 537㎡(34.4×15.6m)
단일,1a 방위·위치,45,45,136.75,131,32,37580,400.0,9041,46621,900,9.58,0.151,3.744,18.28,45층 835㎡(45.7×18.3m)
쌍둥이,3 쌍둥이,40+35,40,122.0,131,29,37580,400.0,10874,48454,1071,11.4,0.151,3.756,14.19,40층 658㎡(32.4×20.3m) + 35층 322㎡(22.7×14.2m)
쌍둥이,3 쌍둥이,35+35,35,107.25,131,32,37580,400.0,10420,48000,1169,12.44,0.215,3.82,14.19,35층 752㎡(34.7×21.7m) + 35층 322㎡(22.7×14.2m)
쌍둥이,3 쌍둥이,35+35,35,107.25,131,29,37580,400.0,10420,48000,1169,12.44,0.144,3.764,14.19,35층 752㎡(34.7×21.7m) + 35층 322㎡(22.7×14.2m)
쌍둥이,3 쌍둥이,60+55,60,181.0,132,41,37580,400.0,15434,53014,740,7.88,0.112,3.828,10.22,60층 313㎡(30.7×10.2m) + 55층 342㎡(32.0×10.7m)
쌍둥이,3 쌍둥이,60+40,60,181.0,132,39,37580,400.0,12788,50368,800,8.51,0.196,3.785,13.27,60층 438㎡(26.5×16.6m) + 40층 282㎡(21.2×13.3m)
쌍둥이,3 쌍둥이,60+40,60,181.0,132,37,37580,400.0,12854,50434,833,8.87,0.181,3.776,15.33,60층 376㎡(24.5×15.3m) + 40층 376㎡(24.5×15.3m)
쌍둥이,3 쌍둥이,60+40,60,181.0,132,29,37580,400.0,12793,50373,866,9.22,0.176,3.734,13.99,60층 313㎡(22.4×14.0m) + 40층 470㎡(27.4×17.1m)
쌍둥이,3 쌍둥이,60+50,60,181.0,132,29,37580,400.0,13508,51088,754,8.02,0.161,3.721,13.71,60층 376㎡(24.5×15.3m) + 50층 301㎡(21.9×13.7m)
쌍둥이,3 쌍둥이,55+45,55,166.25,132,38,37580,400.0,12839,50419,825,8.78,0.167,3.768,14.45,55층 410㎡(25.6×16.0m) + 45층 334㎡(23.1×14.4m)
쌍둥이,3 쌍둥이,55+35,55,166.25,132,26,37580,400.0,12079,49659,966,10.28,0.184,3.74,14.61,55층 342㎡(23.4×14.6m) + 35층 537㎡(29.3×18.3m)
쌍둥이,3 쌍둥이,55+40,55,166.25,132,27,37580,400.0,12504,50084,869,9.25,0.166,3.729,15.33,55층 410㎡(25.6×16.0m) + 40층 376㎡(24.5×15.3m)
쌍둥이,3 쌍둥이,50+50,50,151.5,132,29,37580,400.0,13447,51027,837,8.91,0.168,3.737,13.07,50층 376㎡(28.8×13.1m) + 50층 376㎡(28.8×13.1m)
단일,1a 방위·위치,45,45,136.75,132,27,37580,400.0,9041,46621,900,9.58,0.059,3.869,18.28,45층 835㎡(45.7×18.3m)
단일,1a 방위·위치,45,45,136.75,132,38,37580,400.0,9041,46621,900,9.58,0.113,3.837,18.28,45층 835㎡(45.7×18.3m)
단일,1a 방위·위치,45,45,136.75,132,27,37580,400.0,9041,46621,900,9.58,0.077,3.809,18.28,45층 835㎡(45.7×18.3m)
단일,1a 방위·위치,45,45,136.75,132,36,37580,400.0,9041,46621,900,9.58,0.137,3.758,18.28,45층 835㎡(45.7×18.3m)
쌍둥이,3 쌍둥이,60+35,60,181.0,133,38,37580,400.0,13078,50658,894,9.51,0.161,3.839,13.07,60층 376㎡(28.8×13.1m) + 35층 429㎡(30.7×14.0m)
쌍둥이,3 쌍둥이,60+45,60,181.0,133,40,37580,400.0,14702,52282,799,8.5,0.137,3.832,10.55,60층 376㎡(33.6×11.2m) + 45층 334㎡(31.7×10.6m)
쌍둥이,3 쌍둥이,60+35,60,181.0,133,36,37580,400.0,12403,49983,936,9.96,0.181,3.783,13.99,60층 313㎡(22.4×14.0m) + 35층 537㎡(29.3×18.3m)
쌍둥이,3 쌍둥이,60+45,60,181.0,133,29,37580,400.0,13189,50769,789,8.4,0.161,3.72,14.45,60층 376㎡(24.5×15.3m) + 45층 334㎡(23.1×14.4m)
쌍둥이,3 쌍둥이,60+45,60,181.0,133,29,37580,400.0,13163,50743,811,8.63,0.176,3.72,13.99,60층 313㎡(22.4×14.0m) + 45층 418㎡(25.8×16.2m)
쌍둥이,3 쌍둥이,55+40,55,166.25,133,36,37580,400.0,12987,50567,846,9.0,0.163,3.844,11.32,55층 478㎡(32.4×14.7m) + 40층 282㎡(24.9×11.3m)
쌍둥이,3 쌍둥이,55+35,55,166.25,133,38,37580,400.0,13472,51052,977,10.4,0.142,3.837,10.67,55층 342㎡(32.0×10.7m) + 35층 537㎡(40.1×13.4m)
쌍둥이,3 쌍둥이,55+40,55,166.25,133,34,37580,400.0,12413,49993,842,8.96,0.196,3.782,13.27,55층 478㎡(27.7×17.3m) + 40층 282㎡(21.2×13.3m)
쌍둥이,3 쌍둥이,55+35,55,166.25,133,36,37580,400.0,12079,49659,966,10.28,0.181,3.78,14.61,55층 342㎡(23.4×14.6m) + 35층 537㎡(29.3×18.3m)
쌍둥이,3 쌍둥이,55+50,55,166.25,133,29,37580,400.0,13158,50738,790,8.41,0.166,3.722,13.71,55층 410㎡(25.6×16.0m) + 50층 301㎡(21.9×13.7m)
쌍둥이,3 쌍둥이,50+35,50,151.5,133,36,37580,400.0,11743,49323,1002,10.67,0.181,3.784,15.33,50층 376㎡(24.5×15.3m) + 35층 537㎡(29.3×18.3m)
쌍둥이,3 쌍둥이,50+45,50,151.5,133,38,37580,400.0,12474,50054,868,9.24,0.167,3.769,14.45,50층 451㎡(26.9×16.8m) + 45층 334㎡(23.1×14.4m)
쌍둥이,3 쌍둥이,50+50,50,151.5,133,37,37580,400.0,12854,50434,833,8.87,0.146,3.76,15.33,50층 376㎡(24.5×15.3m) + 50층 376㎡(24.5×15.3m)
쌍둥이,3 쌍둥이,50+45,50,151.5,133,37,37580,400.0,12502,50082,877,9.34,0.156,3.758,15.33,50층 376㎡(24.5×15.3m) + 45층 418㎡(25.8×16.2m)
쌍둥이,3 쌍둥이,50+50,50,151.5,133,29,37580,400.0,12793,50373,833,8.87,0.171,3.717,13.71,50층 451㎡(26.9×16.8m) + 50층 301㎡(21.9×13.7m)
쌍둥이,3 쌍둥이,50+50,50,151.5,133,27,37580,400.0,12854,50434,833,8.87,0.168,3.712,15.33,50층 376㎡(24.5×15.3m) + 50층 376㎡(24.5×15.3m)
단일,1a 방위·위치,45,45,136.75,133,30,37580,400.0,9041,46621,900,9.58,0.103,4.019,18.28,45층 835㎡(45.7×18.3m)
단일,1a 방위·위치,45,45,136.75,133,32,37580,400.0,9041,46621,900,9.58,0.134,4.0,18.28,45층 835㎡(45.7×18.3m)
단일,1a 방위·위치,45,45,136.75,133,26,37580,400.0,9041,46621,900,9.58,0.05,3.996,18.28,45층 835㎡(45.7×18.3m)
단일,1a 방위·위치,45,45,136.75,133,28,37580,400.0,9041,46621,900,9.58,0.137,3.948,18.28,45층 835㎡(45.7×18.3m)
단일,1a 방위·위치,45,45,136.75,133,36,37580,400.0,9041,46621,900,9.58,0.085,3.938,18.28,45층 835㎡(45.7×18.3m)
단일,1a 방위·위치,45,45,136.75,133,28,37580,400.0,9041,46621,900,9.58,0.067,3.909,18.28,45층 835㎡(45.7×18.3m)
단일,1a 방위·위치,45,45,136.75,133,28,37580,400.0,9041,46621,900,9.58,0.163,3.907,18.28,45층 835㎡(45.7×18.3m)
단일,1a 방위·위치,45,45,136.75,133,36,37580,400.0,9041,46621,900,9.58,0.13,3.887,18.28,45층 835㎡(45.7×18.3m)
단일,1a 방위·위치,45,45,136.75,133,34,37580,400.0,9041,46621,900,9.58,0.093,3.885,18.28,45층 835㎡(45.7×18.3m)
단일,1a 방위·위치,45,45,136.75,133,30,37580,400.0,9041,46621,900,9.58,0.124,3.863,18.28,45층 835㎡(45.7×18.3m)
단일,1a 방위·위치,45,45,136.75,133,30,37580,400.0,9041,46621,900,9.58,0.06,3.86,18.28,45층 835㎡(45.7×18.3m)
단일,1a 방위·위치,45,45,136.75,133,28,37580,400.0,9041,46621,900,9.58,0.108,3.859,18.28,45층 835㎡(45.7×18.3m)
단일,1a 방위·위치,45,45,136.75,133,31,37580,400.0,9041,46621,900,9.58,0.042,3.853,18.28,45층 835㎡(45.7×18.3m)
단일,1a 방위·위치,45,45,136.75,133,29,37580,400.0,9041,46621,900,9.58,0.069,3.845,18.28,45층 835㎡(45.7×18.3m)
쌍둥이,3 쌍둥이,45+35,45,136.75,133,35,37580,400.0,11828,49408,1000,10.64,0.167,3.843,12.1,45층 585㎡(35.9×16.3m) + 35층 322㎡(26.6×12.1m)
단일,1a 방위·위치,45,45,136.75,133,31,37580,400.0,9041,46621,900,9.58,0.139,3.791,18.28,45층 835㎡(45.7×18.3m)
단일,1a 방위·위치,45,45,136.75,133,26,37580,400.0,9041,46621,900,9.58,0.029,3.785,18.28,45층 835㎡(45.7×18.3m)
단일,1a 방위·위치,45,45,136.75,133,36,37580,400.0,9041,46621,900,9.58,0.159,3.782,18.28,45층 835㎡(45.7×18.3m)
단일,1a 방위·위치,45,45,136.75,133,35,37580,400.0,9041,46621,900,9.58,0.105,3.732,18.28,45층 835㎡(45.7×18.3m)
쌍둥이,3 쌍둥이,45+45,45,136.75,133,27,37580,400.0,12151,49731,921,9.8,0.18,3.722,16.15,45층 418㎡(25.8×16.2m) + 45층 418㎡(25.8×16.2m)
단일,1a 방위·위치,45,45,136.75,133,34,37580,400.0,9041,46621,900,9.58,0.095,3.687,18.28,45층 835㎡(45.7×18.3m)
쌍둥이,3 쌍둥이,40+35,40,122.0,133,33,37580,400.0,11380,48960,1076,11.45,0.165,3.845,12.1,40층 658㎡(38.0×17.3m) + 35층 322㎡(26.6×12.1m)
쌍둥이,3 쌍둥이,40+40,40,122.0,133,34,37580,400.0,11886,49466,1035,11.01,0.149,3.831,13.07,40층 564㎡(35.2×16.0m) + 40층 376㎡(28.8×13.1m)
쌍둥이,3 쌍둥이,35+35,35,107.25,133,33,37580,400.0,11630,49210,1180,12.56,0.104,3.841,10.36,35층 752㎡(47.5×15.8m) + 35층 322㎡(31.1×10.4m)
쌍둥이,3 쌍둥이,35+35,35,107.25,133,30,37580,400.0,10581,48161,1170,12.46,0.197,3.808,16.38,35층 644㎡(32.1×20.1m) + 35층 429㎡(26.2×16.4m)
쌍둥이,3 쌍둥이,60+35,60,181.0,134,38,37580,400.0,13830,51410,946,10.07,0.142,3.837,10.22,60층 313㎡(30.7×10.2m) + 35층 537㎡(40.1×13.4m)
쌍둥이,3 쌍둥이,60+60,60,181.0,134,41,37580,400.0,14824,52404,705,7.5,0.107,3.823,11.93,60층 313㎡(26.2×11.9m) + 60층 313㎡(26.2×11.9m)
쌍둥이,3 쌍둥이,60+40,60,181.0,134,36,37580,400.0,12793,50373,866,9.22,0.168,3.772,13.99,60층 313㎡(22.4×14.0m) + 40층 470㎡(27.4×17.1m)
쌍둥이,3 쌍둥이,55+40,55,166.25,134,37,37580,400.0,12504,50084,869,9.25,0.181,3.778,15.33,55층 410㎡(25.6×16.0m) + 40층 376㎡(24.5×15.3m)
쌍둥이,3 쌍둥이,55+50,55,166.25,134,38,37580,400.0,13158,50738,790,8.41,0.155,3.765,13.71,55층 410㎡(25.6×16.0m) + 50층 301㎡(21.9×13.7m)
쌍둥이,3 쌍둥이,50+35,50,151.5,134,36,37580,400.0,12254,49834,938,9.99,0.166,3.843,12.1,50층 526㎡(34.0×15.5m) + 35층 322㎡(26.6×12.1m)
쌍둥이,3 쌍둥이,50+40,50,151.5,134,37,37580,400.0,12139,49719,912,9.71,0.181,3.78,15.33,50층 451㎡(26.9×16.8m) + 40층 376㎡(24.5×15.3m)
단일,1a 방위·위치,45,45,136.75,134,28,37580,400.0,9041,46621,900,9.58,0.117,3.986,18.28,45층 835㎡(45.7×18.3m)
단일,1a 방위·위치,45,45,136.75,134,33,37580,400.0,9041,46621,900,9.58,0.092,3.968,18.28,45층 835㎡(45.7×18.3m)
단일,1a 방위·위치,45,45,136.75,134,35,37580,400.0,9041,46621,900,9.58,0.125,3.937,18.28,45층 835㎡(45.7×18.3m)
단일,1a 방위·위치,45,45,136.75,134,25,37580,400.0,9041,46621,900,9.58,0.073,3.869,18.28,45층 835㎡(45.7×18.3m)
단일,1a 방위·위치,45,45,136.75,134,35,37580,400.0,9041,46621,900,9.58,0.026,3.863,18.28,45층 835㎡(45.7×18.3m)
단일,1a 방위·위치,45,45,136.75,134,36,37580,400.0,9041,46621,900,9.58,0.175,3.811,18.28,45층 835㎡(45.7×18.3m)
쌍둥이,3 쌍둥이,45+45,45,136.75,134,29,37580,400.0,12093,49673,921,9.8,0.175,3.723,14.45,45층 501㎡(28.3×17.7m) + 45층 334㎡(23.1×14.4m)
쌍둥이,3 쌍둥이,40+35,40,122.0,134,34,37580,400.0,11516,49096,1091,11.61,0.161,3.839,13.97,40층 564㎡(35.2×16.0m) + 35층 429㎡(30.7×14.0m)
쌍둥이,3 쌍둥이,60+50,60,181.0,135,29,37580,400.0,13514,51094,767,8.17,0.168,3.716,13.99,60층 313㎡(22.4×14.0m) + 50층 376㎡(24.5×15.3m)
쌍둥이,3 쌍둥이,55+40,55,166.25,135,36,37580,400.0,12470,50050,896,9.54,0.168,3.77,14.61,55층 342㎡(23.4×14.6m) + 40층 470㎡(27.4×17.1m)
쌍둥이,3 쌍둥이,50+45,50,151.5,135,36,37580,400.0,13050,50630,872,9.28,0.139,3.819,12.32,50층 451㎡(31.5×14.3m) + 45층 334㎡(27.1×12.3m)
단일,1a 방위·위치,45,45,136.75,135,34,37580,400.0,9041,46621,900,9.58,0.125,3.961,18.28,45층 835㎡(45.7×18.3m)
단일,1a 방위·위치,45,45,136.75,135,26,37580,400.0,9041,46621,900,9.58,0.058,3.867,18.28,45층 835㎡(45.7×18.3m)
단일,1a 방위·위치,45,45,136.75,135,31,37580,400.0,9041,46621,900,9.58,0.053,3.843,18.28,45층 835㎡(45.7×18.3m)
단일,1a 방위·위치,45,45,136.75,135,32,37580,400.0,9041,46621,900,9.58,0.134,3.841,18.28,45층 835㎡(45.7×18.3m)
단일,1a 방위·위치,45,45,136.75,135,31,37580,400.0,9041,46621,900,9.58,0.138,3.834,18.28,45층 835㎡(45.7×18.3m)
단일,1a 방위·위치,45,45,136.75,135,38,37580,400.0,9041,46621,900,9.58,0.161,3.802,18.28,45층 835㎡(45.7×18.3m)
단일,1a 방위·위치,45,45,136.75,135,30,37580,400.0,9041,46621,900,9.58,0.059,3.791,18.28,45층 835㎡(45.7×18.3m)
단일,1a 방위·위치,45,45,136.75,135,28,37580,400.0,9041,46621,900,9.58,0.154,3.779,18.28,45층 835㎡(45.7×18.3m)
단일,1a 방위·위치,45,45,136.75,135,32,37580,400.0,9041,46621,900,9.58,0.152,3.747,18.28,45층 835㎡(45.7×18.3m)
단일,1a 방위·위치,45,45,136.75,135,27,37580,400.0,9041,46621,900,9.58,0.107,3.733,18.28,45층 835㎡(45.7×18.3m)
단일,1a 방위·위치,45,45,136.75,135,29,37580,400.0,9041,46621,900,9.58,0.141,3.73,18.28,45층 835㎡(45.7×18.3m)
단일,1a 방위·위치,45,45,136.75,135,36,37580,400.0,9041,46621,900,9.58,0.101,3.708,18.28,45층 835㎡(45.7×18.3m)
쌍둥이,3 쌍둥이,35+35,35,107.25,135,28,37580,400.0,10906,48486,1174,12.49,0.157,3.839,12.1,35층 752㎡(40.7×18.5m) + 35층 322㎡(26.6×12.1m)
쌍둥이,3 쌍둥이,35+35,35,107.25,135,34,37580,400.0,11074,48654,1175,12.51,0.161,3.839,13.97,35층 644㎡(37.6×17.1m) + 35층 429㎡(30.7×14.0m)
쌍둥이,3 쌍둥이,60+55,60,181.0,136,41,37580,400.0,14487,52067,735,7.82,0.113,3.822,11.93,60층 313㎡(26.2×11.9m) + 55층 342㎡(27.4×12.5m)
쌍둥이,3 쌍둥이,50+45,50,151.5,136,39,37580,400.0,13941,51521,887,9.44,0.126,3.823,11.19,50층 376㎡(33.6×11.2m) + 45층 418㎡(35.4×11.8m)
단일,1a 방위·위치,45,45,136.75,136,36,37580,400.0,9041,46621,900,9.58,0.108,3.89,18.28,45층 835㎡(45.7×18.3m)
단일,1a 방위·위치,45,45,136.75,136,35,37580,400.0,9041,46621,900,9.58,0.06,3.797,18.28,45층 835㎡(45.7×18.3m)
단일,1a 방위·위치,45,45,136.75,136,30,37580,400.0,9041,46621,900,9.58,0.116,3.77,18.28,45층 835㎡(45.7×18.3m)
단일,1a 방위·위치,45,45,136.75,136,32,37580,400.0,9041,46621,900,9.58,0.144,3.731,18.28,45층 835㎡(45.7×18.3m)
쌍둥이,3 쌍둥이,40+40,40,122.0,136,29,37580,400.0,11358,48938,1030,10.96,0.148,3.816,15.33,40층 564㎡(30.0×18.8m) + 40층 376㎡(24.5×15.3m)
쌍둥이,3 쌍둥이,60+45,60,181.0,137,39,37580,400.0,13796,51376,793,8.44,0.139,3.825,12.32,60층 376㎡(28.8×13.1m) + 45층 334㎡(27.1×12.3m)
쌍둥이,3 쌍둥이,60+50,60,181.0,137,40,37580,400.0,14136,51716,771,8.21,0.12,3.82,11.93,60층 313㎡(26.2×11.9m) + 50층 376㎡(28.8×13.1m)
쌍둥이,3 쌍둥이,55+40,55,166.25,137,37,37580,400.0,13943,51523,879,9.36,0.147,3.83,11.19,55층 410㎡(35.1×11.7m) + 40층 376㎡(33.6×11.2m)
쌍둥이,3 쌍둥이,55+40,55,166.25,137,40,37580,400.0,13905,51485,906,9.64,0.134,3.828,10.67,55층 342㎡(32.0×10.7m) + 40층 470㎡(37.5×12.5m)
쌍둥이,3 쌍둥이,55+35,55,166.25,137,36,37580,400.0,12150,49730,926,9.85,0.16,3.82,16.01,55층 410㎡(25.6×16.0m) + 35층 429㎡(26.2×16.4m)
쌍둥이,3 쌍둥이,55+50,55,166.25,137,40,37580,400.0,13798,51378,801,8.53,0.12,3.818,12.46,55층 342㎡(27.4×12.5m) + 50층 376㎡(28.8×13.1m)
쌍둥이,3 쌍둥이,55+50,55,166.25,137,37,37580,400.0,13158,50738,790,8.41,0.129,3.807,13.71,55층 410㎡(25.6×16.0m) + 50층 301㎡(21.9×13.7m)
단일,1a 방위·위치,45,45,136.75,137,31,37580,400.0,9041,46621,900,9.58,0.034,4.019,18.28,45층 835㎡(45.7×18.3m)
단일,1a 방위·위치,45,45,136.75,137,31,37580,400.0,9041,46621,900,9.58,0.129,3.895,18.28,45층 835㎡(45.7×18.3m)
단일,1a 방위·위치,45,45,136.75,137,33,37580,400.0,9041,46621,900,9.58,0.19,3.892,18.28,45층 835㎡(45.7×18.3m)
단일,1a 방위·위치,45,45,136.75,137,28,37580,400.0,9041,46621,900,9.58,0.05,3.884,18.28,45층 835㎡(45.7×18.3m)
쌍둥이,3 쌍둥이,45+35,45,136.75,137,30,37580,400.0,11303,48883,995,10.59,0.178,3.835,14.19,45층 585㎡(30.6×19.1m) + 35층 322㎡(22.7×14.2m)
단일,1a 방위·위치,45,45,136.75,137,32,37580,400.0,9041,46621,900,9.58,0.111,3.825,18.28,45층 835㎡(45.7×18.3m)
단일,1a 방위·위치,45,45,136.75,137,35,37580,400.0,9041,46621,900,9.58,0.099,3.816,18.28,45층 835㎡(45.7×18.3m)
단일,1a 방위·위치,45,45,136.75,137,28,37580,400.0,9041,46621,900,9.58,0.087,3.772,18.28,45층 835㎡(45.7×18.3m)
단일,1a 방위·위치,45,45,136.75,137,30,37580,400.0,9041,46621,900,9.58,0.112,3.759,18.28,45층 835㎡(45.7×18.3m)
쌍둥이,3 쌍둥이,60+40,60,181.0,138,38,37580,400.0,13447,51027,837,8.91,0.149,3.832,13.07,60층 376㎡(28.8×13.1m) + 40층 376㎡(28.8×13.1m)
단일,1a 방위·위치,45,45,136.75,138,34,37580,400.0,9041,46621,900,9.58,0.033,3.945,18.28,45층 835㎡(45.7×18.3m)
단일,1a 방위·위치,45,45,136.75,138,33,37580,400.0,9041,46621,900,9.58,0.113,3.936,18.28,45층 835㎡(45.7×18.3m)
단일,1a 방위·위치,45,45,136.75,138,35,37580,400.0,9041,46621,900,9.58,0.156,3.869,18.28,45층 835㎡(45.7×18.3m)
단일,1a 방위·위치,45,45,136.75,138,35,37580,400.0,9041,46621,900,9.58,0.121,3.852,18.28,45층 835㎡(45.7×18.3m)
단일,1a 방위·위치,45,45,136.75,138,30,37580,400.0,9041,46621,900,9.58,0.112,3.849,18.28,45층 835㎡(45.7×18.3m)
단일,1a 방위·위치,45,45,136.75,138,33,37580,400.0,9041,46621,900,9.58,0.153,3.841,18.28,45층 835㎡(45.7×18.3m)
단일,1a 방위·위치,45,45,136.75,138,35,37580,400.0,9041,46621,900,9.58,0.042,3.836,18.28,45층 835㎡(45.7×18.3m)
단일,1a 방위·위치,45,45,136.75,138,32,37580,400.0,9041,46621,900,9.58,0.19,3.8,18.28,45층 835㎡(45.7×18.3m)
단일,1a 방위·위치,45,45,136.75,138,35,37580,400.0,9041,46621,900,9.58,0.108,3.773,18.28,45층 835㎡(45.7×18.3m)
단일,1a 방위·위치,45,45,136.75,138,35,37580,400.0,9041,46621,900,9.58,0.036,3.74,18.28,45층 835㎡(45.7×18.3m)
단일,1a 방위·위치,45,45,136.75,138,36,37580,400.0,9041,46621,900,9.58,0.118,3.736,18.28,45층 835㎡(45.7×18.3m)
쌍둥이,3 쌍둥이,40+35,40,122.0,138,29,37580,400.0,10874,48454,1071,11.4,0.178,3.834,14.19,40층 658㎡(32.4×20.3m) + 35층 322㎡(22.7×14.2m)
쌍둥이,3 쌍둥이,35+35,35,107.25,138,32,37580,400.0,11128,48708,1176,12.51,0.145,3.837,15.62,35층 537㎡(34.4×15.6m) + 35층 537㎡(34.4×15.6m)
쌍둥이,3 쌍둥이,60+35,60,181.0,139,37,37580,400.0,12476,50056,842,8.97,0.178,3.831,14.19,60층 438㎡(26.5×16.6m) + 35층 322㎡(22.7×14.2m)
쌍둥이,3 쌍둥이,60+45,60,181.0,139,40,37580,400.0,13769,51349,815,8.67,0.128,3.817,11.93,60층 313㎡(26.2×11.9m) + 45층 418㎡(30.3×13.8m)
단일,1a 방위·위치,45,45,136.75,139,31,37580,400.0,9041,46621,900,9.58,0.054,3.992,18.28,45층 835㎡(45.7×18.3m)
단일,1a 방위·위치,45,45,136.75,139,31,37580,400.0,9041,46621,900,9.58,0.102,3.927,18.28,45층 835㎡(45.7×18.3m)
단일,1a 방위·위치,45,45,136.75,139,29,37580,400.0,9041,46621,900,9.58,0.034,3.879,18.28,45층 835㎡(45.7×18.3m)
단일,1a 방위·위치,45,45,136.75,139,33,37580,400.0,9041,46621,900,9.58,0.129,3.864,18.28,45층 835㎡(45.7×18.3m)
단일,1a 방위·위치,45,45,136.75,139,30,37580,400.0,9041,46621,900,9.58,0.067,3.84,18.28,45층 835㎡(45.7×18.3m)
단일,1a 방위·위치,45,45,136.75,139,34,37580,400.0,9041,46621,900,9.58,0.076,3.824,18.28,45층 835㎡(45.7×18.3m)
단일,1a 방위·위치,45,45,136.75,139,32,37580,400.0,9041,46621,900,9.58,0.155,3.822,18.28,45층 835㎡(45.7×18.3m)
쌍둥이,3 쌍둥이,45+40,45,136.75,139,35,37580,400.0,11758,49338,965,10.27,0.148,3.82,15.33,45층 501㎡(28.3×17.7m) + 40층 376㎡(24.5×15.3m)
단일,1a 방위·위치,45,45,136.75,139,32,37580,400.0,9041,46621,900,9.58,0.108,3.81,18.28,45층 835㎡(45.7×18.3m)
단일,1a 방위·위치,45,45,136.75,139,34,37580,400.0,9041,46621,900,9.58,0.071,3.784,18.28,45층 835㎡(45.7×18.3m)
쌍둥이,3 쌍둥이,40+40,40,122.0,139,33,37580,400.0,11412,48992,1031,10.97,0.135,3.815,17.13,40층 470㎡(27.4×17.1m) + 40층 470㎡(27.4×17.1m)
단일,1a 방위·위치,45,45,136.75,140,35,37580,400.0,9041,46621,900,9.58,0.071,3.924,18.28,45층 835㎡(45.7×18.3m)
단일,1a 방위·위치,45,45,136.75,140,35,37580,400.0,9041,46621,900,9.58,0.034,3.9,18.28,45층 835㎡(45.7×18.3m)
단일,1a 방위·위치,45,45,136.75,140,33,37580,400.0,9041,46621,900,9.58,0.113,3.885,18.28,45층 835㎡(45.7×18.3m)
쌍둥이,3 쌍둥이,45+35,45,136.75,140,35,37580,400.0,11404,48984,1021,10.87,0.16,3.829,16.38,45층 501㎡(28.3×17.7m) + 35층 429㎡(26.2×16.4m)
쌍둥이,3 쌍둥이,45+45,45,136.75,140,36,37580,400.0,12093,49673,921,9.8,0.138,3.811,14.45,45층 501㎡(28.3×17.7m) + 45층 334㎡(23.1×14.4m)
단일,1a 방위·위치,45,45,136.75,140,32,37580,400.0,9041,46621,900,9.58,0.122,3.788,18.28,45층 835㎡(45.7×18.3m)
단일,1a 방위·위치,45,45,136.75,140,33,37580,400.0,9041,46621,900,9.58,0.148,3.736,18.28,45층 835㎡(45.7×18.3m)
단일,1a 방위·위치,45,45,136.75,140,29,37580,400.0,9041,46621,900,9.58,0.089,3.712,18.28,45층 835㎡(45.7×18.3m)
쌍둥이,3 쌍둥이,35+35,35,107.25,140,28,37580,400.0,10581,48161,1170,12.46,0.16,3.826,16.38,35층 644㎡(32.1×20.1m) + 35층 429㎡(26.2×16.4m)
쌍둥이,3 쌍둥이,60+35,60,181.0,141,38,37580,400.0,12403,49983,936,9.96,0.144,3.815,13.99,60층 313㎡(22.4×14.0m) + 35층 537㎡(29.3×18.3m)
쌍둥이,3 쌍둥이,60+50,60,181.0,141,40,37580,400.0,13514,51094,767,8.17,0.119,3.8,13.99,60층 313㎡(22.4×14.0m) + 50층 376㎡(24.5×15.3m)
쌍둥이,3 쌍둥이,50+35,50,151.5,141,34,37580,400.0,11743,49323,1002,10.67,0.144,3.817,15.33,50층 376㎡(24.5×15.3m) + 35층 537㎡(29.3×18.3m)
쌍둥이,3 쌍둥이,50+45,50,151.5,141,36,37580,400.0,12502,50082,877,9.34,0.127,3.799,15.33,50층 376㎡(24.5×15.3m) + 45층 418㎡(25.8×16.2m)
단일,1a 방위·위치,45,45,136.75,141,35,37580,400.0,9041,46621,900,9.58,0.109,3.947,18.28,45층 835㎡(45.7×18.3m)
단일,1a 방위·위치,45,45,136.75,141,28,37580,400.0,9041,46621,900,9.58,0.039,3.942,18.28,45층 835㎡(45.7×18.3m)
단일,1a 방위·위치,45,45,136.75,141,27,37580,400.0,9041,46621,900,9.58,0.042,3.86,18.28,45층 835㎡(45.7×18.3m)
단일,1a 방위·위치,45,45,136.75,141,32,37580,400.0,9041,46621,900,9.58,0.047,3.831,18.28,45층 835㎡(45.7×18.3m)
단일,1a 방위·위치,45,45,136.75,141,35,37580,400.0,9041,46621,900,9.58,0.078,3.81,18.28,45층 835㎡(45.7×18.3m)
단일,1a 방위·위치,45,45,136.75,141,34,37580,400.0,9041,46621,900,9.58,0.078,3.769,18.28,45층 835㎡(45.7×18.3m)
단일,1a 방위·위치,45,45,136.75,141,32,37580,400.0,9041,46621,900,9.58,0.116,3.732,18.28,45층 835㎡(45.7×18.3m)
쌍둥이,3 쌍둥이,40+35,40,122.0,141,33,37580,400.0,11022,48602,1101,11.72,0.144,3.828,17.13,40층 470㎡(27.4×17.1m) + 35층 537㎡(29.3×18.3m)
쌍둥이,3 쌍둥이,60+40,60,181.0,142,37,37580,400.0,12788,50368,800,8.51,0.163,3.826,13.27,60층 438㎡(26.5×16.6m) + 40층 282㎡(21.2×13.3m)
단일,1a 방위·위치,45,45,136.75,142,34,37580,400.0,9041,46621,900,9.58,0.031,3.889,18.28,45층 835㎡(45.7×18.3m)
단일,1a 방위·위치,45,45,136.75,142,34,37580,400.0,9041,46621,900,9.58,0.077,3.848,18.28,45층 835㎡(45.7×18.3m)
단일,1a 방위·위치,45,45,136.75,142,29,37580,400.0,9041,46621,900,9.58,0.051,3.826,18.28,45층 835㎡(45.7×18.3m)
단일,1a 방위·위치,45,45,136.75,142,34,37580,400.0,9041,46621,900,9.58,0.13,3.792,18.28,45층 835㎡(45.7×18.3m)
단일,1a 방위·위치,45,45,136.75,142,30,37580,400.0,9041,46621,900,9.58,0.1,3.733,18.28,45층 835㎡(45.7×18.3m)
단일,1a 방위·위치,45,45,136.75,142,33,37580,400.0,9041,46621,900,9.58,0.112,3.717,18.28,45층 835㎡(45.7×18.3m)
단일,1a 방위·위치,45,45,136.75,142,30,37580,400.0,9041,46621,900,9.58,0.102,3.713,18.28,45층 835㎡(45.7×18.3m)
쌍둥이,3 쌍둥이,40+40,40,122.0,142,26,37580,400.0,12672,50252,1041,11.08,0.134,3.781,11.19,40층 564㎡(41.1×13.7m) + 40층 376㎡(33.6×11.2m)
쌍둥이,3 쌍둥이,60+45,60,181.0,143,40,37580,400.0,13163,50743,811,8.63,0.127,3.798,13.99,60층 313㎡(22.4×14.0m) + 45층 418㎡(25.8×16.2m)
쌍둥이,3 쌍둥이,55+45,55,166.25,143,36,37580,400.0,12839,50419,841,8.95,0.127,3.795,14.61,55층 342㎡(23.4×14.6m) + 45층 418㎡(25.8×16.2m)
쌍둥이,3 쌍둥이,50+40,50,151.5,143,34,37580,400.0,12133,49713,932,9.92,0.135,3.807,15.33,50층 376㎡(24.5×15.3m) + 40층 470㎡(27.4×17.1m)
단일,1a 방위·위치,45,45,136.75,143,35,37580,400.0,9041,46621,900,9.58,0.1,3.932,18.28,45층 835㎡(45.7×18.3m)
단일,1a 방위·위치,45,45,136.75,143,33,37580,400.0,9041,46621,900,9.58,0.066,3.912,18.28,45층 835㎡(45.7×18.3m)
단일,1a 방위·위치,45,45,136.75,143,35,37580,400.0,9041,46621,900,9.58,0.137,3.907,18.28,45층 835㎡(45.7×18.3m)
단일,1a 방위·위치,45,45,136.75,143,30,37580,400.0,9041,46621,900,9.58,0.088,3.887,18.28,45층 835㎡(45.7×18.3m)
단일,1a 방위·위치,45,45,136.75,143,35,37580,400.0,9041,46621,900,9.58,0.122,3.862,18.28,45층 835㎡(45.7×18.3m)
단일,1a 방위·위치,45,45,136.75,143,35,37580,400.0,9041,46621,900,9.58,0.023,3.843,18.28,45층 835㎡(45.7×18.3m)
단일,1a 방위·위치,45,45,136.75,143,29,37580,400.0,9041,46621,900,9.58,0.043,3.825,18.28,45층 835㎡(45.7×18.3m)
단일,1a 방위·위치,45,45,136.75,143,33,37580,400.0,9041,46621,900,9.58,0.121,3.777,18.28,45층 835㎡(45.7×18.3m)
단일,1a 방위·위치,45,45,136.75,143,35,37580,400.0,9041,46621,900,9.58,0.027,3.736,18.28,45층 835㎡(45.7×18.3m)
단일,1a 방위·위치,45,45,136.75,143,32,37580,400.0,9041,46621,900,9.58,0.129,3.713,18.28,45층 835㎡(45.7×18.3m)
단일,1a 방위·위치,45,45,136.75,143,30,37580,400.0,9041,46621,900,9.58,0.104,3.703,18.28,45층 835㎡(45.7×18.3m)
쌍둥이,3 쌍둥이,40+35,40,122.0,143,24,37580,400.0,12300,49880,1112,11.84,0.128,3.782,12.51,40층 470㎡(37.5×12.5m) + 35층 537㎡(40.1×13.4m)
쌍둥이,3 쌍둥이,50+35,50,151.5,144,34,37580,400.0,11711,49291,934,9.94,0.178,3.831,14.19,50층 526㎡(29.0×18.1m) + 35층 322㎡(22.7×14.2m)
단일,1a 방위·위치,45,45,136.75,144,29,37580,400.0,9041,46621,900,9.58,0.051,3.906,18.28,45층 835㎡(45.7×18.3m)
단일,1a 방위·위치,45,45,136.75,144,30,37580,400.0,9041,46621,900,9.58,0.061,3.879,18.28,45층 835㎡(45.7×18.3m)
단일,1a 방위·위치,45,45,136.75,144,33,37580,400.0,9041,46621,900,9.58,0.131,3.831,18.28,45층 835㎡(45.7×18.3m)
단일,1a 방위·위치,45,45,136.75,144,35,37580,400.0,9041,46621,900,9.58,0.148,3.823,18.28,45층 835㎡(45.7×18.3m)
단일,1a 방위·위치,45,45,136.75,144,34,37580,400.0,9041,46621,900,9.58,0.123,3.805,18.28,45층 835㎡(45.7×18.3m)
단일,1a 방위·위치,45,45,136.75,144,35,37580,400.0,9041,46621,900,9.58,0.044,3.784,18.28,45층 835㎡(45.7×18.3m)
단일,1a 방위·위치,45,45,136.75,144,35,37580,400.0,9041,46621,900,9.58,0.044,3.764,18.28,45층 835㎡(45.7×18.3m)
단일,1a 방위·위치,45,45,136.75,144,36,37580,400.0,9041,46621,900,9.58,0.152,3.747,18.28,45층 835㎡(45.7×18.3m)
단일,1a 방위·위치,45,45,136.75,144,36,37580,400.0,9041,46621,900,9.58,0.136,3.716,18.28,45층 835㎡(45.7×18.3m)
단일,1a 방위·위치,45,45,136.75,144,33,37580,400.0,9041,46621,900,9.58,0.134,3.703,18.28,45층 835㎡(45.7×18.3m)
쌍둥이,3 쌍둥이,40+35,40,122.0,144,26,37580,400.0,12280,49860,1098,11.69,0.144,3.785,11.97,40층 564㎡(41.1×13.7m) + 35층 429㎡(35.9×12.0m)
쌍둥이,3 쌍둥이,40+40,40,122.0,144,24,37580,400.0,12733,50313,1042,11.09,0.121,3.778,12.51,40층 470㎡(37.5×12.5m) + 40층 470㎡(37.5×12.5m)
쌍둥이,3 쌍둥이,40+40,40,122.0,144,25,37580,400.0,11942,49522,1035,11.02,0.123,3.774,14.61,40층 470㎡(32.1×14.6m) + 40층 470㎡(32.1×14.6m)
쌍둥이,3 쌍둥이,40+40,40,122.0,144,25,37580,400.0,11886,49466,1035,11.01,0.088,3.728,13.07,40층 564㎡(35.2×16.0m) + 40층 376㎡(28.8×13.1m)
쌍둥이,3 쌍둥이,35+35,35,107.25,144,24,37580,400.0,11867,49447,1183,12.59,0.128,3.781,13.38,35층 537㎡(40.1×13.4m) + 35층 537㎡(40.1×13.4m)
쌍둥이,3 쌍둥이,55+40,55,166.25,145,34,37580,400.0,12470,50050,896,9.54,0.135,3.803,14.61,55층 342㎡(23.4×14.6m) + 40층 470㎡(27.4×17.1m)
단일,1a 방위·위치,45,45,136.75,145,34,37580,400.0,9041,46621,900,9.58,0.122,3.797,18.28,45층 835㎡(45.7×18.3m)
단일,1a 방위·위치,45,45,136.75,145,34,37580,400.0,9041,46621,900,9.58,0.06,3.744,18.28,45층 835㎡(45.7×18.3m)
쌍둥이,3 쌍둥이,40+35,40,122.0,145,24,37580,400.0,11516,49096,1091,11.61,0.088,3.733,13.97,40층 564㎡(35.2×16.0m) + 35층 429㎡(30.7×14.0m)
쌍둥이,3 쌍둥이,50+35,50,151.5,146,36,37580,400.0,11785,49365,969,10.31,0.16,3.818,16.38,50층 451㎡(26.9×16.8m) + 35층 429㎡(26.2×16.4m)
쌍둥이,3 쌍둥이,50+50,50,151.5,146,37,37580,400.0,12793,50373,833,8.87,0.129,3.806,13.71,50층 451㎡(26.9×16.8m) + 50층 301㎡(21.9×13.7m)
단일,1a 방위·위치,45,45,136.75,146,28,37580,400.0,9041,46621,900,9.58,0.026,3.906,18.28,45층 835㎡(45.7×18.3m)
단일,1a 방위·위치,45,45,136.75,146,32,37580,400.0,9041,46621,900,9.58,0.09,3.801,18.28,45층 835㎡(45.7×18.3m)
단일,1a 방위·위치,45,45,136.75,146,33,37580,400.0,9041,46621,900,9.58,0.083,3.687,18.28,45층 835㎡(45.7×18.3m)
쌍둥이,3 쌍둥이,40+40,40,122.0,146,24,37580,400.0,11942,49522,1035,11.02,0.119,3.723,14.61,40층 470㎡(32.1×14.6m) + 40층 470㎡(32.1×14.6m)
쌍둥이,3 쌍둥이,60+40,60,181.0,147,26,37580,400.0,14257,51837,809,8.62,0.064,3.741,9.69,60층 438㎡(36.3×12.1m) + 40층 282㎡(29.1×9.7m)
쌍둥이,3 쌍둥이,60+60,60,181.0,147,26,37580,400.0,14824,52404,705,7.5,0.121,3.716,11.93,60층 313㎡(26.2×11.9m) + 60층 313㎡(26.2×11.9m)
쌍둥이,3 쌍둥이,55+55,55,166.25,147,25,37580,400.0,15076,52656,771,8.2,0.1,3.722,10.67,55층 342㎡(32.0×10.7m) + 55층 342㎡(32.0×10.7m)
쌍둥이,3 쌍둥이,50+45,50,151.5,147,37,37580,400.0,12474,50054,868,9.24,0.138,3.802,14.45,50층 451㎡(26.9×16.8m) + 45층 334㎡(23.1×14.4m)
단일,1a 방위·위치,45,45,136.75,147,35,37580,400.0,9041,46621,900,9.58,0.121,3.901,18.28,45층 835㎡(45.7×18.3m)
단일,1a 방위·위치,45,45,136.75,147,35,37580,400.0,9041,46621,900,9.58,0.182,3.833,18.28,45층 835㎡(45.7×18.3m)
단일,1a 방위·위치,45,45,136.75,147,33,37580,400.0,9041,46621,900,9.58,0.078,3.693,18.28,45층 835㎡(45.7×18.3m)
단일,1a 방위·위치,45,45,136.75,147,28,37580,400.0,9041,46621,900,9.58,0.037,3.692,18.28,45층 835㎡(45.7×18.3m)
쌍둥이,3 쌍둥이,40+35,40,122.0,147,25,37580,400.0,11535,49115,1105,11.77,0.13,3.78,14.61,40층 470㎡(32.1×14.6m) + 35층 537㎡(34.4×15.6m)
쌍둥이,3 쌍둥이,35+35,35,107.25,147,24,37580,400.0,11867,49447,1183,12.59,0.065,3.741,13.38,35층 537㎡(40.1×13.4m) + 35층 537㎡(40.1×13.4m)
쌍둥이,3 쌍둥이,60+50,60,181.0,148,25,37580,400.0,15062,52642,777,8.27,0.101,3.717,10.22,60층 313㎡(30.7×10.2m) + 50층 376㎡(33.6×11.2m)
쌍둥이,3 쌍둥이,60+55,60,181.0,148,26,37580,400.0,14487,52067,735,7.82,0.121,3.716,11.93,60층 313㎡(26.2×11.9m) + 55층 342㎡(27.4×12.5m)
쌍둥이,3 쌍둥이,55+40,55,166.25,148,26,37580,400.0,13841,51421,851,9.06,0.058,3.739,9.69,55층 478㎡(37.9×12.6m) + 40층 282㎡(29.1×9.7m)
쌍둥이,3 쌍둥이,50+40,50,151.5,148,36,37580,400.0,12139,49719,912,9.71,0.148,3.81,15.33,50층 451㎡(26.9×16.8m) + 40층 376㎡(24.5×15.3m)
단일,1a 방위·위치,45,45,136.75,148,32,37580,400.0,9041,46621,900,9.58,0.078,3.913,18.28,45층 835㎡(45.7×18.3m)
단일,1a 방위·위치,45,45,136.75,148,31,37580,400.0,9041,46621,900,9.58,0.077,3.806,18.28,45층 835㎡(45.7×18.3m)
쌍둥이,3 쌍둥이,45+35,45,136.75,148,24,37580,400.0,12709,50289,1057,11.25,0.128,3.778,11.8,45층 418㎡(35.4×11.8m) + 35층 537㎡(40.1×13.4m)
단일,1a 방위·위치,45,45,136.75,148,35,37580,400.0,9041,46621,900,9.58,0.034,3.756,18.28,45층 835㎡(45.7×18.3m)
단일,1a 방위·위치,45,45,136.75,148,35,37580,400.0,9041,46621,900,9.58,0.051,3.749,18.28,45층 835㎡(45.7×18.3m)
쌍둥이,3 쌍둥이,40+35,40,122.0,148,24,37580,400.0,11535,49115,1105,11.77,0.119,3.729,14.61,40층 470㎡(32.1×14.6m) + 35층 537㎡(34.4×15.6m)
쌍둥이,3 쌍둥이,55+35,55,166.25,149,26,37580,400.0,13496,51076,894,9.52,0.058,3.744,10.36,55층 478㎡(37.9×12.6m) + 35층 322㎡(31.1×10.4m)
쌍둥이,3 쌍둥이,45+40,45,136.75,149,26,37580,400.0,13116,50696,975,10.38,0.134,3.778,11.19,45층 501㎡(38.8×12.9m) + 40층 376㎡(33.6×11.2m)
쌍둥이,3 쌍둥이,45+35,45,136.75,149,24,37580,400.0,12724,50304,1032,10.99,0.063,3.735,11.97,45층 501㎡(38.8×12.9m) + 35층 429㎡(35.9×12.0m)
쌍둥이,3 쌍둥이,40+35,40,122.0,149,22,37580,400.0,11022,48602,1101,11.72,0.149,3.714,17.13,40층 470㎡(27.4×17.1m) + 35층 537㎡(29.3×18.3m)
쌍둥이,3 쌍둥이,55+50,55,166.25,150,25,37580,400.0,14703,52283,807,8.59,0.1,3.717,10.67,55층 342㎡(32.0×10.7m) + 50층 376㎡(33.6×11.2m)
쌍둥이,3 쌍둥이,50+40,50,151.5,150,26,37580,400.0,12579,50159,896,9.53,0.081,3.729,11.32,50층 526㎡(34.0×15.5m) + 40층 282㎡(24.9×11.3m)
단일,1a 방위·위치,45,45,136.75,150,32,37580,400.0,9041,46621,900,9.58,0.027,3.768,18.28,45층 835㎡(45.7×18.3m)
단일,1a 방위·위치,45,45,136.75,150,33,37580,400.0,9041,46621,900,9.58,0.071,3.749,18.28,45층 835㎡(45.7×18.3m)
쌍둥이,3 쌍둥이,45+35,45,136.75,150,24,37580,400.0,12709,50289,1057,11.25,0.089,3.728,11.8,45층 418㎡(35.4×11.8m) + 35층 537㎡(40.1×13.4m)
단일,1a 방위·위치,45,45,136.75,150,33,37580,400.0,9041,46621,900,9.58,0.073,3.703,18.28,45층 835㎡(45.7×18.3m)
쌍둥이,3 쌍둥이,60+60,60,181.0,151,29,37580,400.0,15793,53373,710,7.56,0.097,3.78,10.22,60층 313㎡(30.7×10.2m) + 60층 313㎡(30.7×10.2m)
쌍둥이,3 쌍둥이,60+35,60,181.0,151,24,37580,400.0,13939,51519,900,9.58,0.082,3.731,11.19,60층 376㎡(33.6×11.2m) + 35층 429㎡(35.9×12.0m)
쌍둥이,3 쌍둥이,60+40,60,181.0,151,24,37580,400.0,13383,50963,870,9.26,0.121,3.719,11.93,60층 313㎡(26.2×11.9m) + 40층 470㎡(32.1×14.6m)
쌍둥이,3 쌍둥이,55+35,55,166.25,151,29,37580,400.0,12661,50241,888,9.46,0.164,3.79,12.1,55층 478㎡(32.4×14.7m) + 35층 322㎡(26.6×12.1m)
쌍둥이,3 쌍둥이,50+35,50,151.5,151,29,37580,400.0,12254,49834,938,9.99,0.164,3.787,12.1,50층 526㎡(34.0×15.5m) + 35층 322㎡(26.6×12.1m)
쌍둥이,3 쌍둥이,50+35,50,151.5,151,24,37580,400.0,13099,50679,1013,10.78,0.128,3.77,11.19,50층 376㎡(33.6×11.2m) + 35층 537㎡(40.1×13.4m)
쌍둥이,3 쌍둥이,45+45,45,136.75,151,27,37580,400.0,12713,50293,925,9.85,0.116,3.763,13.78,45층 418㎡(30.3×13.8m) + 45층 418㎡(30.3×13.8m)
단일,1a 방위·위치,45,45,136.75,151,30,37580,400.0,9041,46621,900,9.58,0.056,3.732,18.28,45층 835㎡(45.7×18.3m)
단일,1a 방위·위치,45,45,136.75,151,33,37580,400.0,9041,46621,900,9.58,0.054,3.721,18.28,45층 835㎡(45.7×18.3m)
쌍둥이,3 쌍둥이,40+35,40,122.0,151,29,37580,400.0,12134,49714,1082,11.52,0.162,3.798,10.36,40층 658㎡(44.4×14.8m) + 35층 322㎡(31.1×10.4m)
쌍둥이,3 쌍둥이,60+40,60,181.0,152,26,37580,400.0,14331,51911,843,8.97,0.134,3.777,11.19,60층 376㎡(33.6×11.2m) + 40층 376㎡(33.6×11.2m)
쌍둥이,3 쌍둥이,60+45,60,181.0,152,29,37580,400.0,14702,52282,799,8.5,0.126,3.775,10.55,60층 376㎡(33.6×11.2m) + 45층 334㎡(31.7×10.6m)
쌍둥이,3 쌍둥이,60+45,60,181.0,152,25,37580,400.0,14702,52282,799,8.5,0.082,3.722,10.55,60층 376㎡(33.6×11.2m) + 45층 334㎡(31.7×10.6m)
쌍둥이,3 쌍둥이,55+40,55,166.25,152,24,37580,400.0,13905,51485,906,9.64,0.1,3.721,10.67,55층 342㎡(32.0×10.7m) + 40층 470㎡(37.5×12.5m)
쌍둥이,3 쌍둥이,50+35,50,151.5,152,24,37580,400.0,13147,50727,979,10.42,0.072,3.729,11.97,50층 451㎡(36.8×12.3m) + 35층 429㎡(35.9×12.0m)
쌍둥이,3 쌍둥이,40+40,40,122.0,152,25,37580,400.0,11358,48938,1030,10.96,0.12,3.709,15.33,40층 564㎡(30.0×18.8m) + 40층 376㎡(24.5×15.3m)
쌍둥이,3 쌍둥이,60+60,60,181.0,153,33,37580,400.0,15793,53373,710,7.56,0.072,3.838,10.22,60층 313㎡(30.7×10.2m) + 60층 313㎡(30.7×10.2m)
쌍둥이,3 쌍둥이,60+55,60,181.0,153,33,37580,400.0,15434,53014,740,7.88,0.075,3.834,10.22,60층 313㎡(30.7×10.2m) + 55층 342㎡(32.0×10.7m)
쌍둥이,3 쌍둥이,60+35,60,181.0,153,24,37580,400.0,13078,50658,894,9.51,0.104,3.725,13.07,60층 376㎡(28.8×13.1m) + 35층 429㎡(30.7×14.0m)
쌍둥이,3 쌍둥이,55+35,55,166.25,153,26,37580,400.0,13551,51131,936,9.96,0.144,3.781,11.69,55층 410㎡(35.1×11.7m) + 35층 429㎡(35.9×12.0m)
쌍둥이,3 쌍둥이,55+35,55,166.25,153,24,37580,400.0,13472,51052,977,10.4,0.128,3.772,10.67,55층 342㎡(32.0×10.7m) + 35층 537㎡(40.1×13.4m)
쌍둥이,3 쌍둥이,55+35,55,166.25,153,26,37580,400.0,12661,50241,888,9.46,0.085,3.735,12.1,55층 478㎡(32.4×14.7m) + 35층 322㎡(26.6×12.1m)
쌍둥이,3 쌍둥이,55+40,55,166.25,153,25,37580,400.0,13081,50661,873,9.3,0.104,3.723,13.07,55층 410㎡(30.0×13.7m) + 40층 376㎡(28.8×13.1m)
쌍둥이,3 쌍둥이,50+35,50,151.5,153,26,37580,400.0,13147,50727,979,10.42,0.144,3.777,11.97,50층 451㎡(36.8×12.3m) + 35층 429㎡(35.9×12.0m)
쌍둥이,3 쌍둥이,50+35,50,151.5,153,24,37580,400.0,13099,50679,1013,10.78,0.089,3.722,11.19,50층 376㎡(33.6×11.2m) + 35층 537㎡(40.1×13.4m)
쌍둥이,3 쌍둥이,50+45,50,151.5,153,25,37580,400.0,13909,51489,878,9.35,0.072,3.719,10.55,50층 451㎡(36.8×12.3m) + 45층 334㎡(31.7×10.6m)
쌍둥이,3 쌍둥이,45+40,45,136.75,153,24,37580,400.0,13142,50722,987,10.5,0.121,3.773,11.8,45층 418㎡(35.4×11.8m) + 40층 470㎡(37.5×12.5m)
쌍둥이,3 쌍둥이,45+35,45,136.75,153,25,37580,400.0,11391,48971,1046,11.13,0.129,3.758,16.15,45층 418㎡(25.8×16.2m) + 35층 537㎡(29.3×18.3m)
쌍둥이,3 쌍둥이,45+40,45,136.75,153,24,37580,400.0,12328,49908,980,10.43,0.123,3.722,13.78,45층 418㎡(30.3×13.8m) + 40층 470㎡(32.1×14.6m)
단일,1a 방위·위치,45,45,136.75,153,32,37580,400.0,9041,46621,900,9.58,0.046,3.706,18.28,45층 835㎡(45.7×18.3m)
쌍둥이,3 쌍둥이,45+35,45,136.75,153,23,37580,400.0,11404,48984,1021,10.87,0.124,3.706,16.38,45층 501㎡(28.3×17.7m) + 35층 429㎡(26.2×16.4m)
쌍둥이,3 쌍둥이,45+40,45,136.75,153,25,37580,400.0,11758,49338,965,10.27,0.124,3.703,15.33,45층 501㎡(28.3×17.7m) + 40층 376㎡(24.5×15.3m)
단일,1a 방위·위치,45,45,136.75,153,28,37580,400.0,9041,46621,900,9.58,0.039,3.701,18.28,45층 835㎡(45.7×18.3m)
쌍둥이,3 쌍둥이,60+50,60,181.0,154,33,37580,400.0,15062,52642,777,8.27,0.078,3.833,10.22,60층 313㎡(30.7×10.2m) + 50층 376㎡(33.6×11.2m)
쌍둥이,3 쌍둥이,60+40,60,181.0,154,29,37580,400.0,14257,51837,809,8.62,0.15,3.798,9.69,60층 438㎡(36.3×12.1m) + 40층 282㎡(29.1×9.7m)
쌍둥이,3 쌍둥이,50+45,50,151.5,154,29,37580,400.0,13909,51489,878,9.35,0.126,3.77,10.55,50층 451㎡(36.8×12.3m) + 45층 334㎡(31.7×10.6m)
쌍둥이,3 쌍둥이,50+50,50,151.5,154,26,37580,400.0,14331,51911,843,8.97,0.108,3.764,11.19,50층 376㎡(33.6×11.2m) + 50층 376㎡(33.6×11.2m)
쌍둥이,3 쌍둥이,45+45,45,136.75,154,23,37580,400.0,12653,50233,925,9.84,0.048,3.845,12.32,45층 501㎡(33.2×15.1m) + 45층 334㎡(27.1×12.3m)
쌍둥이,3 쌍둥이,45+40,45,136.75,154,23,37580,400.0,13142,50722,987,10.5,0.083,3.838,11.8,45층 418㎡(35.4×11.8m) + 40층 470㎡(37.5×12.5m)
쌍둥이,3 쌍둥이,45+45,45,136.75,154,25,37580,400.0,13551,51131,931,9.91,0.092,3.72,11.8,45층 418㎡(35.4×11.8m) + 45층 418㎡(35.4×11.8m)
쌍둥이,3 쌍둥이,40+40,40,122.0,154,25,37580,400.0,11186,48766,1029,10.95,0.094,3.71,13.27,40층 658㎡(32.4×20.3m) + 40층 282㎡(21.2×13.3m)
쌍둥이,3 쌍둥이,35+35,35,107.25,154,29,37580,400.0,11630,49210,1180,12.56,0.162,3.8,10.36,35층 752㎡(47.5×15.8m) + 35층 322㎡(31.1×10.4m)
쌍둥이,3 쌍둥이,60+50,60,181.0,155,28,37580,400.0,15055,52635,763,8.12,0.087,3.838,10.01,60층 376㎡(33.6×11.2m) + 50층 301㎡(30.0×10.0m)
쌍둥이,3 쌍둥이,60+60,60,181.0,155,28,37580,400.0,14824,52404,705,7.5,0.025,3.787,11.93,60층 313㎡(26.2×11.9m) + 60층 313㎡(26.2×11.9m)
쌍둥이,3 쌍둥이,60+55,60,181.0,155,28,37580,400.0,14487,52067,735,7.82,0.024,3.782,11.93,60층 313㎡(26.2×11.9m) + 55층 342㎡(27.4×12.5m)
쌍둥이,3 쌍둥이,60+35,60,181.0,155,26,37580,400.0,13078,50658,894,9.51,0.146,3.78,13.07,60층 376㎡(28.8×13.1m) + 35층 429㎡(30.7×14.0m)
쌍둥이,3 쌍둥이,60+50,60,181.0,155,30,37580,400.0,14129,51709,758,8.06,0.119,3.777,11.69,60층 376㎡(28.8×13.1m) + 50층 301㎡(25.7×11.7m)
쌍둥이,3 쌍둥이,60+55,60,181.0,155,27,37580,400.0,14487,52067,735,7.82,0.104,3.766,11.93,60층 313㎡(26.2×11.9m) + 55층 342㎡(27.4×12.5m)
쌍둥이,3 쌍둥이,60+50,60,181.0,155,26,37580,400.0,14129,51709,758,8.06,0.104,3.713,11.69,60층 376㎡(28.8×13.1m) + 50층 301㎡(25.7×11.7m)
쌍둥이,3 쌍둥이,55+50,55,166.25,155,30,37580,400.0,14703,52283,807,8.59,0.078,3.831,10.67,55층 342㎡(32.0×10.7m) + 50층 376㎡(33.6×11.2m)
쌍둥이,3 쌍둥이,55+50,55,166.25,155,30,37580,400.0,13764,51344,794,8.45,0.119,3.771,11.69,55층 410㎡(30.0×13.7m) + 50층 301㎡(25.7×11.7m)
쌍둥이,3 쌍둥이,50+50,50,151.5,155,23,37580,400.0,14263,51843,843,8.97,0.046,3.845,10.01,50층 451㎡(36.8×12.3m) + 50층 301㎡(30.0×10.0m)
쌍둥이,3 쌍둥이,50+40,50,151.5,155,30,37580,400.0,12579,50159,896,9.53,0.151,3.788,11.32,50층 526㎡(34.0×15.5m) + 40층 282㎡(24.9×11.3m)
쌍둥이,3 쌍둥이,50+45,50,151.5,155,26,37580,400.0,13941,51521,887,9.44,0.114,3.763,11.19,50층 376㎡(33.6×11.2m) + 45층 418㎡(35.4×11.8m)
쌍둥이,3 쌍둥이,45+45,45,136.75,155,25,37580,400.0,13487,51067,931,9.91,0.092,3.837,10.55,45층 501㎡(38.8×12.9m) + 45층 334㎡(31.7×10.6m)
쌍둥이,3 쌍둥이,40+35,40,122.0,155,23,37580,400.0,12134,49714,1082,11.52,0.079,3.854,10.36,40층 658㎡(44.4×14.8m) + 35층 322㎡(31.1×10.4m)
쌍둥이,3 쌍둥이,40+40,40,122.0,155,27,37580,400.0,11886,49466,1035,11.01,0.136,3.777,13.07,40층 564㎡(35.2×16.0m) + 40층 376㎡(28.8×13.1m)
쌍둥이,3 쌍둥이,60+35,60,181.0,156,24,37580,400.0,13078,50658,894,9.51,0.103,3.84,13.07,60층 376㎡(28.8×13.1m) + 35층 429㎡(30.7×14.0m)
쌍둥이,3 쌍둥이,60+40,60,181.0,156,28,37580,400.0,14331,51911,843,8.97,0.096,3.836,11.19,60층 376㎡(33.6×11.2m) + 40층 376㎡(33.6×11.2m)
쌍둥이,3 쌍둥이,60+55,60,181.0,156,29,37580,400.0,14487,52067,735,7.82,0.076,3.823,11.93,60층 313㎡(26.2×11.9m) + 55층 342㎡(27.4×12.5m)
쌍둥이,3 쌍둥이,60+40,60,181.0,156,27,37580,400.0,13447,51027,837,8.91,0.136,3.776,13.07,60층 376㎡(28.8×13.1m) + 40층 376㎡(28.8×13.1m)
쌍둥이,3 쌍둥이,55+50,55,166.25,156,24,37580,400.0,13764,51344,794,8.45,0.048,3.835,11.69,55층 410㎡(30.0×13.7m) + 50층 301㎡(25.7×11.7m)
쌍둥이,3 쌍둥이,55+35,55,166.25,156,25,37580,400.0,12638,50218,970,10.33,0.13,3.768,12.46,55층 342㎡(27.4×12.5m) + 35층 537㎡(34.4×15.6m)
쌍둥이,3 쌍둥이,55+50,55,166.25,156,26,37580,400.0,14703,52283,807,8.59,0.108,3.767,10.67,55층 342㎡(32.0×10.7m) + 50층 376㎡(33.6×11.2m)
쌍둥이,3 쌍둥이,50+35,50,151.5,156,22,37580,400.0,13063,50643,945,10.05,0.061,3.865,10.36,50층 526㎡(39.7×13.2m) + 35층 322㎡(31.1×10.4m)
쌍둥이,3 쌍둥이,50+35,50,151.5,156,26,37580,400.0,12332,49912,973,10.36,0.146,3.772,13.97,50층 451㎡(31.5×14.3m) + 35층 429㎡(30.7×14.0m)
쌍둥이,3 쌍둥이,50+50,50,151.5,156,30,37580,400.0,13383,50963,837,8.91,0.119,3.769,11.69,50층 451㎡(31.5×14.3m) + 50층 301㎡(25.7×11.7m)
쌍둥이,3 쌍둥이,50+40,50,151.5,156,27,37580,400.0,12701,50281,916,9.75,0.136,3.768,13.07,50층 451㎡(31.5×14.3m) + 40층 376㎡(28.8×13.1m)
쌍둥이,3 쌍둥이,45+45,45,136.75,156,26,37580,400.0,12151,49731,921,9.8,0.116,3.743,16.15,45층 418㎡(25.8×16.2m) + 45층 418㎡(25.8×16.2m)
쌍둥이,3 쌍둥이,45+35,45,136.75,156,22,37580,400.0,11391,48971,1046,11.13,0.148,3.708,16.15,45층 418㎡(25.8×16.2m) + 35층 537㎡(29.3×18.3m)
쌍둥이,3 쌍둥이,40+35,40,122.0,156,22,37580,400.0,12280,49860,1098,11.69,0.101,3.845,11.97,40층 564㎡(41.1×13.7m) + 35층 429㎡(35.9×12.0m)
쌍둥이,3 쌍둥이,35+35,35,107.25,156,29,37580,400.0,10906,48486,1174,12.49,0.164,3.798,12.1,35층 752㎡(40.7×18.5m) + 35층 322㎡(26.6×12.1m)
쌍둥이,3 쌍둥이,60+50,60,181.0,157,26,37580,400.0,14129,51709,758,8.06,0.089,3.828,11.69,60층 376㎡(28.8×13.1m) + 50층 301㎡(25.7×11.7m)
쌍둥이,3 쌍둥이,60+35,60,181.0,157,28,37580,400.0,12476,50056,842,8.97,0.164,3.771,14.19,60층 438㎡(26.5×16.6m) + 35층 322㎡(22.7×14.2m)
쌍둥이,3 쌍둥이,60+40,60,181.0,157,24,37580,400.0,14263,51843,876,9.32,0.121,3.771,10.22,60층 313㎡(30.7×10.2m) + 40층 470㎡(37.5×12.5m)
쌍둥이,3 쌍둥이,60+50,60,181.0,157,27,37580,400.0,14136,51716,771,8.21,0.11,3.765,11.93,60층 313㎡(26.2×11.9m) + 50층 376㎡(28.8×13.1m)
쌍둥이,3 쌍둥이,55+50,55,166.25,157,23,37580,400.0,14667,52247,799,8.51,0.046,3.842,10.01,55층 410㎡(35.1×11.7m) + 50층 301㎡(30.0×10.0m)
쌍둥이,3 쌍둥이,55+55,55,166.25,157,27,37580,400.0,14149,51729,765,8.14,0.076,3.818,12.46,55층 342㎡(27.4×12.5m) + 55층 342㎡(27.4×12.5m)
쌍둥이,3 쌍둥이,55+40,55,166.25,157,24,37580,400.0,13905,51485,906,9.64,0.121,3.768,10.67,55층 342㎡(32.0×10.7m) + 40층 470㎡(37.5×12.5m)
쌍둥이,3 쌍둥이,55+45,55,166.25,157,26,37580,400.0,14314,51894,851,9.06,0.114,3.765,10.67,55층 342㎡(32.0×10.7m) + 45층 418㎡(35.4×11.8m)
쌍둥이,3 쌍둥이,50+35,50,151.5,157,24,37580,400.0,12287,49867,1006,10.71,0.124,3.719,13.07,50층 376㎡(28.8×13.1m) + 35층 537㎡(34.4×15.6m)
쌍둥이,3 쌍둥이,50+45,50,151.5,157,25,37580,400.0,13080,50660,881,9.38,0.124,3.705,13.07,50층 376㎡(28.8×13.1m) + 45층 418㎡(30.3×13.8m)
쌍둥이,3 쌍둥이,50+35,50,151.5,157,24,37580,400.0,11785,49365,969,10.31,0.125,3.703,16.38,50층 451㎡(26.9×16.8m) + 35층 429㎡(26.2×16.4m)
쌍둥이,3 쌍둥이,50+40,50,151.5,157,26,37580,400.0,12139,49719,912,9.71,0.125,3.699,15.33,50층 451㎡(26.9×16.8m) + 40층 376㎡(24.5×15.3m)
쌍둥이,3 쌍둥이,45+45,45,136.75,157,22,37580,400.0,13487,51067,931,9.91,0.046,3.849,10.55,45층 501㎡(38.8×12.9m) + 45층 334㎡(31.7×10.6m)
쌍둥이,3 쌍둥이,45+45,45,136.75,157,26,37580,400.0,13487,51067,931,9.91,0.028,3.787,10.55,45층 501㎡(38.8×12.9m) + 45층 334㎡(31.7×10.6m)
쌍둥이,3 쌍둥이,45+40,45,136.75,157,26,37580,400.0,11781,49361,976,10.39,0.122,3.753,16.15,45층 418㎡(25.8×16.2m) + 40층 470㎡(27.4×17.1m)
쌍둥이,3 쌍둥이,45+45,45,136.75,157,26,37580,400.0,12653,50233,925,9.84,0.097,3.713,12.32,45층 501㎡(33.2×15.1m) + 45층 334㎡(27.1×12.3m)
쌍둥이,3 쌍둥이,60+50,60,181.0,158,23,37580,400.0,15055,52635,763,8.12,0.046,3.845,10.01,60층 376㎡(33.6×11.2m) + 50층 301㎡(30.0×10.0m)
쌍둥이,3 쌍둥이,60+50,60,181.0,158,24,37580,400.0,14129,51709,758,8.06,0.048,3.838,11.69,60층 376㎡(28.8×13.1m) + 50층 301㎡(25.7×11.7m)
쌍둥이,3 쌍둥이,60+40,60,181.0,158,30,37580,400.0,12788,50368,800,8.51,0.15,3.772,13.27,60층 438㎡(26.5×16.6m) + 40층 282㎡(21.2×13.3m)
쌍둥이,3 쌍둥이,60+40,60,181.0,158,26,37580,400.0,12854,50434,833,8.87,0.122,3.706,15.33,60층 376㎡(24.5×15.3m) + 40층 376㎡(24.5×15.3m)
쌍둥이,3 쌍둥이,55+35,55,166.25,158,25,37580,400.0,12638,50218,970,10.33,0.087,3.832,12.46,55층 342㎡(27.4×12.5m) + 35층 537㎡(34.4×15.6m)
쌍둥이,3 쌍둥이,55+35,55,166.25,158,24,37580,400.0,12638,50218,970,10.33,0.123,3.716,12.46,55층 342㎡(27.4×12.5m) + 35층 537㎡(34.4×15.6m)
쌍둥이,3 쌍둥이,55+40,55,166.25,158,24,37580,400.0,13046,50626,900,9.58,0.123,3.71,12.46,55층 342㎡(27.4×12.5m) + 40층 470㎡(32.1×14.6m)
쌍둥이,3 쌍둥이,55+35,55,166.25,158,24,37580,400.0,12150,49730,926,9.85,0.124,3.705,16.01,55층 410㎡(25.6×16.0m) + 35층 429㎡(26.2×16.4m)
쌍둥이,3 쌍둥이,55+45,55,166.25,158,25,37580,400.0,13431,51011,845,9.0,0.123,3.702,12.46,55층 342㎡(27.4×12.5m) + 45층 418㎡(30.3×13.8m)
쌍둥이,3 쌍둥이,55+50,55,166.25,158,25,37580,400.0,13798,51378,801,8.53,0.123,3.701,12.46,55층 342㎡(27.4×12.5m) + 50층 376㎡(28.8×13.1m)
쌍둥이,3 쌍둥이,45+40,45,136.75,158,24,37580,400.0,12328,49908,980,10.43,0.034,3.834,13.78,45층 418㎡(30.3×13.8m) + 40층 470㎡(32.1×14.6m)
쌍둥이,3 쌍둥이,45+45,45,136.75,158,25,37580,400.0,12653,50233,925,9.84,0.093,3.832,12.32,45층 501㎡(33.2×15.1m) + 45층 334㎡(27.1×12.3m)
쌍둥이,3 쌍둥이,45+40,45,136.75,158,24,37580,400.0,11781,49361,976,10.39,0.148,3.7,16.15,45층 418㎡(25.8×16.2m) + 40층 470㎡(27.4×17.1m)
쌍둥이,3 쌍둥이,40+35,40,122.0,158,23,37580,400.0,12300,49880,1112,11.84,0.085,3.845,12.51,40층 470㎡(37.5×12.5m) + 35층 537㎡(40.1×13.4m)
쌍둥이,3 쌍둥이,40+40,40,122.0,158,23,37580,400.0,12733,50313,1042,11.09,0.083,3.837,12.51,40층 470㎡(37.5×12.5m) + 40층 470㎡(37.5×12.5m)
쌍둥이,3 쌍둥이,40+35,40,122.0,158,26,37580,400.0,11516,49096,1091,11.61,0.146,3.783,13.97,40층 564㎡(35.2×16.0m) + 35층 429㎡(30.7×14.0m)
쌍둥이,3 쌍둥이,35+35,35,107.25,158,22,37580,400.0,11867,49447,1183,12.59,0.085,3.84,13.38,35층 537㎡(40.1×13.4m) + 35층 537㎡(40.1×13.4m)
쌍둥이,3 쌍둥이,60+35,60,181.0,159,23,37580,400.0,13911,51491,852,9.07,0.061,3.866,10.36,60층 438㎡(36.3×12.1m) + 35층 322㎡(31.1×10.4m)
쌍둥이,3 쌍둥이,60+55,60,181.0,159,25,37580,400.0,14487,52067,735,7.82,0.039,3.833,11.93,60층 313㎡(26.2×11.9m) + 55층 342㎡(27.4×12.5m)
쌍둥이,3 쌍둥이,60+45,60,181.0,159,26,37580,400.0,13796,51376,793,8.44,0.093,3.826,12.32,60층 376㎡(28.8×13.1m) + 45층 334㎡(27.1×12.3m)
쌍둥이,3 쌍둥이,60+50,60,181.0,159,29,37580,400.0,14136,51716,771,8.21,0.079,3.824,11.93,60층 313㎡(26.2×11.9m) + 50층 376㎡(28.8×13.1m)
쌍둥이,3 쌍둥이,60+60,60,181.0,159,27,37580,400.0,14175,51755,701,7.46,0.072,3.803,13.99,60층 313㎡(22.4×14.0m) + 60층 313㎡(22.4×14.0m)
쌍둥이,3 쌍둥이,60+45,60,181.0,159,28,37580,400.0,13189,50769,789,8.4,0.127,3.744,14.45,60층 376㎡(24.5×15.3m) + 45층 334㎡(23.1×14.4m)
쌍둥이,3 쌍둥이,60+55,60,181.0,159,28,37580,400.0,13851,51431,731,7.78,0.103,3.743,13.99,60층 313㎡(22.4×14.0m) + 55층 342㎡(23.4×14.6m)
쌍둥이,3 쌍둥이,60+45,60,181.0,159,26,37580,400.0,13189,50769,789,8.4,0.122,3.696,14.45,60층 376㎡(24.5×15.3m) + 45층 334㎡(23.1×14.4m)
쌍둥이,3 쌍둥이,55+45,55,166.25,159,30,37580,400.0,14314,51894,851,9.06,0.08,3.831,10.67,55층 342㎡(32.0×10.7m) + 45층 418㎡(35.4×11.8m)
쌍둥이,3 쌍둥이,55+35,55,166.25,159,25,37580,400.0,12079,49659,966,10.28,0.129,3.75,14.61,55층 342㎡(23.4×14.6m) + 35층 537㎡(29.3×18.3m)
쌍둥이,3 쌍둥이,50+40,50,151.5,159,24,37580,400.0,12695,50275,936,9.96,0.085,3.827,13.07,50층 376㎡(28.8×13.1m) + 40층 470㎡(32.1×14.6m)
쌍둥이,3 쌍둥이,50+40,50,151.5,159,25,37580,400.0,12695,50275,936,9.96,0.123,3.763,13.07,50층 376㎡(28.8×13.1m) + 40층 470㎡(32.1×14.6m)
쌍둥이,3 쌍둥이,45+35,45,136.75,159,25,37580,400.0,11828,49408,1000,10.64,0.121,3.854,12.1,45층 585㎡(35.9×16.3m) + 35층 322㎡(26.6×12.1m)
쌍둥이,3 쌍둥이,45+40,45,136.75,159,23,37580,400.0,12303,49883,969,10.31,0.048,3.846,13.07,45층 501㎡(33.2×15.1m) + 40층 376㎡(28.8×13.1m)
쌍둥이,3 쌍둥이,45+40,45,136.75,159,23,37580,400.0,11615,49195,953,10.14,0.062,3.842,13.27,45층 585㎡(30.6×19.1m) + 40층 282㎡(21.2×13.3m)
쌍둥이,3 쌍둥이,45+40,45,136.75,159,30,37580,400.0,12153,49733,957,10.18,0.151,3.787,11.32,45층 585㎡(35.9×16.3m) + 40층 282㎡(24.9×11.3m)
쌍둥이,3 쌍둥이,40+40,40,122.0,159,25,37580,400.0,11886,49466,1035,11.01,0.098,3.837,13.07,40층 564㎡(35.2×16.0m) + 40층 376㎡(28.8×13.1m)
쌍둥이,3 쌍둥이,40+40,40,122.0,159,27,37580,400.0,11358,48938,1030,10.96,0.136,3.764,15.33,40층 564㎡(30.0×18.8m) + 40층 376㎡(24.5×15.3m)
쌍둥이,3 쌍둥이,35+35,35,107.25,159,23,37580,400.0,11128,48708,1176,12.51,0.087,3.844,15.62,35층 537㎡(34.4×15.6m) + 35층 537㎡(34.4×15.6m)
쌍둥이,3 쌍둥이,35+35,35,107.25,159,28,37580,400.0,10420,48000,1169,12.44,0.164,3.785,14.19,35층 752㎡(34.7×21.7m) + 35층 322㎡(22.7×14.2m)
쌍둥이,3 쌍둥이,60+55,60,181.0,160,24,37580,400.0,15434,53014,740,7.88,0.037,3.839,10.22,60층 313㎡(30.7×10.2m) + 55층 342㎡(32.0×10.7m)
쌍둥이,3 쌍둥이,60+50,60,181.0,160,24,37580,400.0,15062,52642,777,8.27,0.037,3.839,10.22,60층 313㎡(30.7×10.2m) + 50층 376㎡(33.6×11.2m)
쌍둥이,3 쌍둥이,60+40,60,181.0,160,31,37580,400.0,14263,51843,876,9.32,0.083,3.833,10.22,60층 313㎡(30.7×10.2m) + 40층 470㎡(37.5×12.5m)
쌍둥이,3 쌍둥이,60+35,60,181.0,160,25,37580,400.0,12403,49983,936,9.96,0.086,3.814,13.99,60층 313㎡(22.4×14.0m) + 35층 537㎡(29.3×18.3m)
쌍둥이,3 쌍둥이,60+60,60,181.0,160,25,37580,400.0,15793,53373,710,7.56,0.055,3.733,10.22,60층 313㎡(30.7×10.2m) + 60층 313㎡(30.7×10.2m)
쌍둥이,3 쌍둥이,60+40,60,181.0,160,24,37580,400.0,12793,50373,866,9.22,0.138,3.694,13.99,60층 313㎡(22.4×14.0m) + 40층 470㎡(27.4×17.1m)
쌍둥이,3 쌍둥이,55+35,55,166.25,160,23,37580,400.0,13551,51131,936,9.96,0.101,3.843,11.69,55층 410㎡(35.1×11.7m) + 35층 429㎡(35.9×12.0m)
쌍둥이,3 쌍둥이,55+55,55,166.25,160,28,37580,400.0,14149,51729,765,8.14,0.024,3.774,12.46,55층 342㎡(27.4×12.5m) + 55층 342㎡(27.4×12.5m)
쌍둥이,3 쌍둥이,55+50,55,166.25,160,26,37580,400.0,13158,50738,790,8.41,0.124,3.692,13.71,55층 410㎡(25.6×16.0m) + 50층 301㎡(21.9×13.7m)
쌍둥이,3 쌍둥이,50+35,50,151.5,160,23,37580,400.0,12254,49834,938,9.99,0.063,3.864,12.1,50층 526㎡(34.0×15.5m) + 35층 322㎡(26.6×12.1m)
쌍둥이,3 쌍둥이,50+40,50,151.5,160,26,37580,400.0,13532,51112,942,10.03,0.083,3.83,11.19,50층 376㎡(33.6×11.2m) + 40층 470㎡(37.5×12.5m)
쌍둥이,3 쌍둥이,50+45,50,151.5,160,27,37580,400.0,13080,50660,881,9.38,0.116,3.759,13.07,50층 376㎡(28.8×13.1m) + 45층 418㎡(30.3×13.8m)
쌍둥이,3 쌍둥이,50+50,50,151.5,160,30,37580,400.0,12793,50373,833,8.87,0.119,3.747,13.71,50층 451㎡(26.9×16.8m) + 50층 301㎡(21.9×13.7m)
쌍둥이,3 쌍둥이,50+50,50,151.5,160,27,37580,400.0,12854,50434,833,8.87,0.109,3.738,15.33,50층 376㎡(24.5×15.3m) + 50층 376㎡(24.5×15.3m)
쌍둥이,3 쌍둥이,50+50,50,151.5,160,26,37580,400.0,12793,50373,833,8.87,0.125,3.687,13.71,50층 451㎡(26.9×16.8m) + 50층 301㎡(21.9×13.7m)
쌍둥이,3 쌍둥이,45+35,45,136.75,160,22,37580,400.0,12724,50304,1032,10.99,0.043,3.854,11.97,45층 501㎡(38.8×12.9m) + 35층 429㎡(35.9×12.0m)
쌍둥이,3 쌍둥이,45+35,45,136.75,160,23,37580,400.0,11934,49514,1026,10.92,0.103,3.846,13.97,45층 501㎡(33.2×15.1m) + 35층 429㎡(30.7×14.0m)
쌍둥이,3 쌍둥이,45+35,45,136.75,160,24,37580,400.0,11920,49500,1050,11.18,0.087,3.843,13.78,45층 418㎡(30.3×13.8m) + 35층 537㎡(34.4×15.6m)
쌍둥이,3 쌍둥이,45+40,45,136.75,160,25,37580,400.0,12303,49883,969,10.31,0.098,3.836,13.07,45층 501㎡(33.2×15.1m) + 40층 376㎡(28.8×13.1m)
쌍둥이,3 쌍둥이,45+45,45,136.75,160,26,37580,400.0,12713,50293,925,9.85,0.082,3.83,13.78,45층 418㎡(30.3×13.8m) + 45층 418㎡(30.3×13.8m)
쌍둥이,3 쌍둥이,45+45,45,136.75,160,25,37580,400.0,12093,49673,921,9.8,0.124,3.692,14.45,45층 501㎡(28.3×17.7m) + 45층 334㎡(23.1×14.4m)
쌍둥이,3 쌍둥이,40+40,40,122.0,160,23,37580,400.0,12733,50313,1042,11.09,0.032,3.843,12.51,40층 470㎡(37.5×12.5m) + 40층 470㎡(37.5×12.5m)
쌍둥이,3 쌍둥이,40+40,40,122.0,160,24,37580,400.0,11942,49522,1035,11.02,0.085,3.837,14.61,40층 470㎡(32.1×14.6m) + 40층 470㎡(32.1×14.6m)
쌍둥이,3 쌍둥이,60+40,60,181.0,161,27,37580,400.0,13383,50963,870,9.26,0.085,3.827,11.93,60층 313㎡(26.2×11.9m) + 40층 470㎡(32.1×14.6m)
쌍둥이,3 쌍둥이,60+45,60,181.0,161,29,37580,400.0,13769,51349,815,8.67,0.082,3.824,11.93,60층 313㎡(26.2×11.9m) + 45층 418㎡(30.3×13.8m)
쌍둥이,3 쌍둥이,60+40,60,181.0,161,28,37580,400.0,14257,51837,809,8.62,0.04,3.804,9.69,60층 438㎡(36.3×12.1m) + 40층 282㎡(29.1×9.7m)
쌍둥이,3 쌍둥이,60+45,60,181.0,161,28,37580,400.0,13796,51376,793,8.44,0.03,3.783,12.32,60층 376㎡(28.8×13.1m) + 45층 334㎡(27.1×12.3m)
쌍둥이,3 쌍둥이,60+40,60,181.0,161,26,37580,400.0,12793,50373,866,9.22,0.122,3.748,13.99,60층 313㎡(22.4×14.0m) + 40층 470㎡(27.4×17.1m)
쌍둥이,3 쌍둥이,60+50,60,181.0,161,27,37580,400.0,13514,51094,767,8.17,0.109,3.742,13.99,60층 313㎡(22.4×14.0m) + 50층 376㎡(24.5×15.3m)
쌍둥이,3 쌍둥이,55+40,55,166.25,161,25,37580,400.0,13046,50626,900,9.58,0.085,3.824,12.46,55층 342㎡(27.4×12.5m) + 40층 470㎡(32.1×14.6m)
쌍둥이,3 쌍둥이,55+50,55,166.25,161,28,37580,400.0,14667,52247,799,8.51,0.03,3.786,10.01,55층 410㎡(35.1×11.7m) + 50층 301㎡(30.0×10.0m)
쌍둥이,3 쌍둥이,55+55,55,166.25,161,28,37580,400.0,15076,52656,771,8.2,0.022,3.78,10.67,55층 342㎡(32.0×10.7m) + 55층 342㎡(32.0×10.7m)
쌍둥이,3 쌍둥이,50+45,50,151.5,161,26,37580,400.0,13080,50660,881,9.38,0.082,3.824,13.07,50층 376㎡(28.8×13.1m) + 45층 418㎡(30.3×13.8m)
쌍둥이,3 쌍둥이,45+40,45,136.75,161,23,37580,400.0,11758,49338,965,10.27,0.047,3.826,15.33,45층 501㎡(28.3×17.7m) + 40층 376㎡(24.5×15.3m)
쌍둥이,3 쌍둥이,45+45,45,136.75,161,24,37580,400.0,12151,49731,921,9.8,0.036,3.815,16.15,45층 418㎡(25.8×16.2m) + 45층 418㎡(25.8×16.2m)
단일,1a 방위·위치,45,45,136.75,161,28,37580,400.0,9041,46621,900,9.58,0.029,3.726,18.28,45층 835㎡(45.7×18.3m)
쌍둥이,3 쌍둥이,40+40,40,122.0,161,22,37580,400.0,11706,49286,1033,11.0,0.062,3.853,11.32,40층 658㎡(38.0×17.3m) + 40층 282㎡(24.9×11.3m)
쌍둥이,3 쌍둥이,40+35,40,122.0,161,24,37580,400.0,11535,49115,1105,11.77,0.087,3.846,14.61,40층 470㎡(32.1×14.6m) + 35층 537㎡(34.4×15.6m)
쌍둥이,3 쌍둥이,40+40,40,122.0,161,23,37580,400.0,11942,49522,1035,11.02,0.034,3.837,14.61,40층 470㎡(32.1×14.6m) + 40층 470㎡(32.1×14.6m)
쌍둥이,3 쌍둥이,35+35,35,107.25,161,26,37580,400.0,11074,48654,1175,12.51,0.146,3.785,13.97,35층 644㎡(37.6×17.1m) + 35층 429㎡(30.7×14.0m)
쌍둥이,3 쌍둥이,60+35,60,181.0,162,25,37580,400.0,13911,51491,852,9.07,0.107,3.856,10.36,60층 438㎡(36.3×12.1m) + 35층 322㎡(31.1×10.4m)
쌍둥이,3 쌍둥이,60+40,60,181.0,162,29,37580,400.0,13378,50958,804,8.55,0.042,3.801,11.32,60층 438㎡(31.1×14.1m) + 40층 282㎡(24.9×11.3m)
쌍둥이,3 쌍둥이,60+55,60,181.0,162,27,37580,400.0,13851,51431,731,7.78,0.023,3.76,13.99,60층 313㎡(22.4×14.0m) + 55층 342㎡(23.4×14.6m)
쌍둥이,3 쌍둥이,55+35,55,166.25,162,26,37580,400.0,12150,49730,926,9.85,0.145,3.757,16.01,55층 410㎡(25.6×16.0m) + 35층 429㎡(26.2×16.4m)
쌍둥이,3 쌍둥이,50+35,50,151.5,162,23,37580,400.0,13147,50727,979,10.42,0.101,3.842,11.97,50층 451㎡(36.8×12.3m) + 35층 429㎡(35.9×12.0m)
쌍둥이,3 쌍둥이,50+50,50,151.5,162,26,37580,400.0,12854,50434,833,8.87,0.139,3.688,15.33,50층 376㎡(24.5×15.3m) + 50층 376㎡(24.5×15.3m)
쌍둥이,3 쌍둥이,45+35,45,136.75,162,22,37580,400.0,12610,50190,1006,10.71,0.055,3.864,10.36,45층 585㎡(41.9×14.0m) + 35층 322㎡(31.1×10.4m)
쌍둥이,3 쌍둥이,35+35,35,107.25,162,26,37580,400.0,10581,48161,1170,12.46,0.145,3.766,16.38,35층 644㎡(32.1×20.1m) + 35층 429㎡(26.2×16.4m)
쌍둥이,3 쌍둥이,35+35,35,107.25,162,25,37580,400.0,10631,48211,1171,12.46,0.129,3.766,18.32,35층 537㎡(29.3×18.3m) + 35층 537㎡(29.3×18.3m)
쌍둥이,3 쌍둥이,60+50,60,181.0,163,27,37580,400.0,13514,51094,767,8.17,0.078,3.801,13.99,60층 313㎡(22.4×14.0m) + 50층 376㎡(24.5×15.3m)
쌍둥이,3 쌍둥이,60+45,60,181.0,163,26,37580,400.0,13163,50743,811,8.63,0.116,3.739,13.99,60층 313㎡(22.4×14.0m) + 45층 418㎡(25.8×16.2m)
쌍둥이,3 쌍둥이,55+35,55,166.25,163,23,37580,400.0,12661,50241,888,9.46,0.063,3.857,12.1,55층 478㎡(32.4×14.7m) + 35층 322㎡(26.6×12.1m)
쌍둥이,3 쌍둥이,55+55,55,166.25,163,24,37580,400.0,15076,52656,771,8.2,0.037,3.837,10.67,55층 342㎡(32.0×10.7m) + 55층 342㎡(32.0×10.7m)
쌍둥이,3 쌍둥이,55+45,55,166.25,163,28,37580,400.0,13431,51011,829,8.83,0.03,3.778,12.32,55층 410㎡(30.0×13.7m) + 45층 334㎡(27.1×12.3m)
쌍둥이,3 쌍둥이,55+50,55,166.25,163,26,37580,400.0,13191,50771,797,8.49,0.139,3.684,14.61,55층 342㎡(23.4×14.6m) + 50층 376㎡(24.5×15.3m)
쌍둥이,3 쌍둥이,50+50,50,151.5,163,23,37580,400.0,14331,51911,843,8.97,0.037,3.838,11.19,50층 376㎡(33.6×11.2m) + 50층 376㎡(33.6×11.2m)
쌍둥이,3 쌍둥이,50+50,50,151.5,163,24,37580,400.0,12793,50373,833,8.87,0.047,3.824,13.71,50층 451㎡(26.9×16.8m) + 50층 301㎡(21.9×13.7m)
쌍둥이,3 쌍둥이,50+45,50,151.5,163,28,37580,400.0,12474,50054,868,9.24,0.127,3.738,14.45,50층 451㎡(26.9×16.8m) + 45층 334㎡(23.1×14.4m)
쌍둥이,3 쌍둥이,50+45,50,151.5,163,26,37580,400.0,12502,50082,877,9.34,0.116,3.735,15.33,50층 376㎡(24.5×15.3m) + 45층 418㎡(25.8×16.2m)
쌍둥이,3 쌍둥이,50+45,50,151.5,163,26,37580,400.0,12474,50054,868,9.24,0.125,3.689,14.45,50층 451㎡(26.9×16.8m) + 45층 334㎡(23.1×14.4m)
쌍둥이,3 쌍둥이,45+35,45,136.75,163,23,37580,400.0,11404,48984,1021,10.87,0.044,3.838,16.38,45층 501㎡(28.3×17.7m) + 35층 429㎡(26.2×16.4m)
쌍둥이,3 쌍둥이,40+35,40,122.0,163,23,37580,400.0,11004,48584,1087,11.57,0.102,3.833,16.38,40층 564㎡(30.0×18.8m) + 35층 429㎡(26.2×16.4m)
쌍둥이,3 쌍둥이,60+50,60,181.0,164,24,37580,400.0,13508,51088,754,8.02,0.047,3.819,13.71,60층 376㎡(24.5×15.3m) + 50층 301㎡(21.9×13.7m)
쌍둥이,3 쌍둥이,60+40,60,181.0,164,25,37580,400.0,12793,50373,866,9.22,0.084,3.801,13.99,60층 313㎡(22.4×14.0m) + 40층 470㎡(27.4×17.1m)
쌍둥이,3 쌍둥이,60+45,60,181.0,164,25,37580,400.0,13163,50743,811,8.63,0.082,3.8,13.99,60층 313㎡(22.4×14.0m) + 45층 418㎡(25.8×16.2m)
쌍둥이,3 쌍둥이,55+35,55,166.25,164,24,37580,400.0,12101,49681,884,9.41,0.063,3.844,14.19,55층 478㎡(27.7×17.3m) + 35층 322㎡(22.7×14.2m)
쌍둥이,3 쌍둥이,55+45,55,166.25,164,24,37580,400.0,13431,51011,829,8.83,0.048,3.835,12.32,55층 410㎡(30.0×13.7m) + 45층 334㎡(27.1×12.3m)
쌍둥이,3 쌍둥이,55+40,55,166.25,164,30,37580,400.0,12413,49993,842,8.96,0.15,3.77,13.27,55층 478㎡(27.7×17.3m) + 40층 282㎡(21.2×13.3m)
쌍둥이,3 쌍둥이,50+35,50,151.5,164,23,37580,400.0,11711,49291,934,9.94,0.063,3.846,14.19,50층 526㎡(29.0×18.1m) + 35층 322㎡(22.7×14.2m)
쌍둥이,3 쌍둥이,50+45,50,151.5,164,25,37580,400.0,13909,51489,878,9.35,0.092,3.832,10.55,50층 451㎡(36.8×12.3m) + 45층 334㎡(31.7×10.6m)
쌍둥이,3 쌍둥이,50+50,50,151.5,164,24,37580,400.0,12854,50434,833,8.87,0.038,3.81,15.33,50층 376㎡(24.5×15.3m) + 50층 376㎡(24.5×15.3m)
쌍둥이,3 쌍둥이,45+45,45,136.75,164,26,37580,400.0,12093,49673,921,9.8,0.093,3.814,14.45,45층 501㎡(28.3×17.7m) + 45층 334㎡(23.1×14.4m)
쌍둥이,3 쌍둥이,45+40,45,136.75,164,26,37580,400.0,12153,49733,957,10.18,0.042,3.802,11.32,45층 585㎡(35.9×16.3m) + 40층 282㎡(24.9×11.3m)
쌍둥이,3 쌍둥이,45+45,45,136.75,164,22,37580,400.0,13487,51067,931,9.91,0.077,3.779,10.55,45층 501㎡(38.8×12.9m) + 45층 334㎡(31.7×10.6m)
쌍둥이,3 쌍둥이,45+40,45,136.75,164,27,37580,400.0,11758,49338,965,10.27,0.136,3.76,15.33,45층 501㎡(28.3×17.7m) + 40층 376㎡(24.5×15.3m)
쌍둥이,3 쌍둥이,40+35,40,122.0,164,22,37580,400.0,12280,49860,1098,11.69,0.043,3.853,11.97,40층 564㎡(41.1×13.7m) + 35층 429㎡(35.9×12.0m)
쌍둥이,3 쌍둥이,60+40,60,181.0,165,25,37580,400.0,13383,50963,870,9.26,0.034,3.828,11.93,60층 313㎡(26.2×11.9m) + 40층 470㎡(32.1×14.6m)
쌍둥이,3 쌍둥이,60+45,60,181.0,165,26,37580,400.0,14702,52282,799,8.5,0.028,3.784,10.55,60층 376㎡(33.6×11.2m) + 45층 334㎡(31.7×10.6m)
쌍둥이,3 쌍둥이,50+40,50,151.5,165,24,37580,400.0,13408,50988,902,9.6,0.101,3.842,9.69,50층 526㎡(39.7×13.2m) + 40층 282㎡(29.1×9.7m)
쌍둥이,3 쌍둥이,50+40,50,151.5,165,23,37580,400.0,12023,49603,892,9.49,0.062,3.837,13.27,50층 526㎡(29.0×18.1m) + 40층 282㎡(21.2×13.3m)
쌍둥이,3 쌍둥이,50+45,50,151.5,165,26,37580,400.0,13909,51489,878,9.35,0.028,3.782,10.55,50층 451㎡(36.8×12.3m) + 45층 334㎡(31.7×10.6m)
쌍둥이,3 쌍둥이,45+40,45,136.75,165,26,37580,400.0,11758,49338,965,10.27,0.097,3.822,15.33,45층 501㎡(28.3×17.7m) + 40층 376㎡(24.5×15.3m)
쌍둥이,3 쌍둥이,45+40,45,136.75,165,23,37580,400.0,12956,50536,963,10.25,0.095,3.794,9.69,45층 585㎡(41.9×14.0m) + 40층 282㎡(29.1×9.7m)
쌍둥이,3 쌍둥이,45+40,45,136.75,165,22,37580,400.0,13116,50696,975,10.38,0.08,3.781,11.19,45층 501㎡(38.8×12.9m) + 40층 376㎡(33.6×11.2m)
쌍둥이,3 쌍둥이,40+40,40,122.0,165,23,37580,400.0,11358,48938,1030,10.96,0.047,3.826,15.33,40층 564㎡(30.0×18.8m) + 40층 376㎡(24.5×15.3m)
쌍둥이,3 쌍둥이,60+45,60,181.0,166,23,37580,400.0,14702,52282,799,8.5,0.046,3.843,10.55,60층 376㎡(33.6×11.2m) + 45층 334㎡(31.7×10.6m)
쌍둥이,3 쌍둥이,60+45,60,181.0,166,24,37580,400.0,13796,51376,793,8.44,0.048,3.837,12.32,60층 376㎡(28.8×13.1m) + 45층 334㎡(27.1×12.3m)
쌍둥이,3 쌍둥이,60+60,60,181.0,166,24,37580,400.0,14824,52404,705,7.5,0.062,3.781,11.93,60층 313㎡(26.2×11.9m) + 60층 313㎡(26.2×11.9m)
쌍둥이,3 쌍둥이,60+50,60,181.0,166,29,37580,400.0,13508,51088,754,8.02,0.031,3.768,13.71,60층 376㎡(24.5×15.3m) + 50층 301㎡(21.9×13.7m)
쌍둥이,3 쌍둥이,55+35,55,166.25,166,23,37580,400.0,13551,51131,936,9.96,0.043,3.845,11.69,55층 410㎡(35.1×11.7m) + 35층 429㎡(35.9×12.0m)
쌍둥이,3 쌍둥이,55+40,55,166.25,166,24,37580,400.0,12413,49993,842,8.96,0.062,3.834,13.27,55층 478㎡(27.7×17.3m) + 40층 282㎡(21.2×13.3m)
쌍둥이,3 쌍둥이,50+45,50,151.5,166,23,37580,400.0,13909,51489,878,9.35,0.046,3.844,10.55,50층 451㎡(36.8×12.3m) + 45층 334㎡(31.7×10.6m)
쌍둥이,3 쌍둥이,45+45,45,136.75,166,22,37580,400.0,13551,51131,931,9.91,0.066,3.773,11.8,45층 418㎡(35.4×11.8m) + 45층 418㎡(35.4×11.8m)
쌍둥이,3 쌍둥이,45+35,45,136.75,166,26,37580,400.0,11404,48984,1021,10.87,0.145,3.763,16.38,45층 501㎡(28.3×17.7m) + 35층 429㎡(26.2×16.4m)
쌍둥이,3 쌍둥이,60+35,60,181.0,167,23,37580,400.0,13939,51519,900,9.58,0.043,3.847,11.19,60층 376㎡(33.6×11.2m) + 35층 429㎡(35.9×12.0m)
쌍둥이,3 쌍둥이,60+40,60,181.0,167,24,37580,400.0,12788,50368,800,8.51,0.062,3.837,13.27,60층 438㎡(26.5×16.6m) + 40층 282㎡(21.2×13.3m)
쌍둥이,3 쌍둥이,60+40,60,181.0,167,22,37580,400.0,13378,50958,804,8.55,0.041,3.744,11.32,60층 438㎡(31.1×14.1m) + 40층 282㎡(24.9×11.3m)
쌍둥이,3 쌍둥이,55+40,55,166.25,167,25,37580,400.0,13841,51421,851,9.06,0.105,3.847,9.69,55층 478㎡(37.9×12.6m) + 40층 282㎡(29.1×9.7m)
쌍둥이,3 쌍둥이,50+35,50,151.5,167,23,37580,400.0,12332,49912,973,10.36,0.045,3.847,13.97,50층 451㎡(31.5×14.3m) + 35층 429㎡(30.7×14.0m)
쌍둥이,3 쌍둥이,50+35,50,151.5,167,28,37580,400.0,11711,49291,934,9.94,0.164,3.769,14.19,50층 526㎡(29.0×18.1m) + 35층 322㎡(22.7×14.2m)
쌍둥이,3 쌍둥이,40+35,40,122.0,167,25,37580,400.0,10874,48454,1071,11.4,0.12,3.838,14.19,40층 658㎡(32.4×20.3m) + 35층 322㎡(22.7×14.2m)
쌍둥이,3 쌍둥이,40+35,40,122.0,167,23,37580,400.0,11004,48584,1087,11.57,0.044,3.838,16.38,40층 564㎡(30.0×18.8m) + 35층 429㎡(26.2×16.4m)
쌍둥이,3 쌍둥이,60+45,60,181.0,168,24,37580,400.0,13189,50769,789,8.4,0.047,3.814,14.45,60층 376㎡(24.5×15.3m) + 45층 334㎡(23.1×14.4m)
쌍둥이,3 쌍둥이,60+55,60,181.0,168,20,37580,400.0,14487,52067,735,7.82,0.075,3.725,11.93,60층 313㎡(26.2×11.9m) + 55층 342㎡(27.4×12.5m)
쌍둥이,3 쌍둥이,60+50,60,181.0,168,22,37580,400.0,15062,52642,777,8.27,0.055,3.72,10.22,60층 313㎡(30.7×10.2m) + 50층 376㎡(33.6×11.2m)
쌍둥이,3 쌍둥이,55+35,55,166.25,168,26,37580,400.0,12661,50241,888,9.46,0.121,3.853,12.1,55층 478㎡(32.4×14.7m) + 35층 322㎡(26.6×12.1m)
쌍둥이,3 쌍둥이,55+35,55,166.25,168,24,37580,400.0,12712,50292,930,9.9,0.103,3.838,13.65,55층 410㎡(30.0×13.7m) + 35층 429㎡(30.7×14.0m)
쌍둥이,3 쌍둥이,55+50,55,166.25,168,25,37580,400.0,13191,50771,797,8.49,0.038,3.807,14.61,55층 342㎡(23.4×14.6m) + 50층 376㎡(24.5×15.3m)
쌍둥이,3 쌍둥이,50+35,50,151.5,168,28,37580,400.0,13063,50643,945,10.05,0.038,3.799,10.36,50층 526㎡(39.7×13.2m) + 35층 322㎡(31.1×10.4m)
쌍둥이,3 쌍둥이,50+40,50,151.5,168,30,37580,400.0,12023,49603,892,9.49,0.15,3.768,13.27,50층 526㎡(29.0×18.1m) + 40층 282㎡(21.2×13.3m)
쌍둥이,3 쌍둥이,45+35,45,136.75,168,23,37580,400.0,11828,49408,1000,10.64,0.102,3.799,12.1,45층 585㎡(35.9×16.3m) + 35층 322㎡(26.6×12.1m)
쌍둥이,3 쌍둥이,45+40,45,136.75,168,23,37580,400.0,12153,49733,957,10.18,0.096,3.791,11.32,45층 585㎡(35.9×16.3m) + 40층 282㎡(24.9×11.3m)
쌍둥이,3 쌍둥이,45+45,45,136.75,168,22,37580,400.0,12713,50293,925,9.85,0.067,3.766,13.78,45층 418㎡(30.3×13.8m) + 45층 418㎡(30.3×13.8m)
쌍둥이,3 쌍둥이,35+35,35,107.25,168,22,37580,400.0,10581,48161,1170,12.46,0.044,3.84,16.38,35층 644㎡(32.1×20.1m) + 35층 429㎡(26.2×16.4m)
쌍둥이,3 쌍둥이,60+50,60,181.0,169,25,37580,400.0,13514,51094,767,8.17,0.038,3.806,13.99,60층 313㎡(22.4×14.0m) + 50층 376㎡(24.5×15.3m)
쌍둥이,3 쌍둥이,60+55,60,181.0,169,23,37580,400.0,15434,53014,740,7.88,0.062,3.786,10.22,60층 313㎡(30.7×10.2m) + 55층 342㎡(32.0×10.7m)
쌍둥이,3 쌍둥이,55+35,55,166.25,169,24,37580,400.0,12712,50292,930,9.9,0.045,3.844,13.65,55층 410㎡(30.0×13.7m) + 35층 429㎡(30.7×14.0m)
쌍둥이,3 쌍둥이,55+50,55,166.25,169,27,37580,400.0,13158,50738,790,8.41,0.031,3.763,13.71,55층 410㎡(25.6×16.0m) + 50층 301㎡(21.9×13.7m)
쌍둥이,3 쌍둥이,55+55,55,166.25,169,20,37580,400.0,15076,52656,771,8.2,0.05,3.724,10.67,55층 342㎡(32.0×10.7m) + 55층 342㎡(32.0×10.7m)
쌍둥이,3 쌍둥이,50+40,50,151.5,169,25,37580,400.0,12579,50159,896,9.53,0.113,3.842,11.32,50층 526㎡(34.0×15.5m) + 40층 282㎡(24.9×11.3m)
쌍둥이,3 쌍둥이,50+35,50,151.5,169,26,37580,400.0,11711,49291,934,9.94,0.12,3.831,14.19,50층 526㎡(29.0×18.1m) + 35층 322㎡(22.7×14.2m)
쌍둥이,3 쌍둥이,50+45,50,151.5,169,26,37580,400.0,13050,50630,872,9.28,0.093,3.825,12.32,50층 451㎡(31.5×14.3m) + 45층 334㎡(27.1×12.3m)
쌍둥이,3 쌍둥이,50+40,50,151.5,169,27,37580,400.0,12579,50159,896,9.53,0.042,3.795,11.32,50층 526㎡(34.0×15.5m) + 40층 282㎡(24.9×11.3m)
쌍둥이,3 쌍둥이,40+35,40,122.0,169,22,37580,400.0,11516,49096,1091,11.61,0.045,3.857,13.97,40층 564㎡(35.2×16.0m) + 35층 429㎡(30.7×14.0m)
쌍둥이,3 쌍둥이,40+35,40,122.0,169,23,37580,400.0,11380,48960,1076,11.45,0.102,3.801,12.1,40층 658㎡(38.0×17.3m) + 35층 322㎡(26.6×12.1m)
쌍둥이,3 쌍둥이,40+35,40,122.0,169,20,37580,400.0,12280,49860,1098,11.69,0.082,3.789,11.97,40층 564㎡(41.1×13.7m) + 35층 429㎡(35.9×12.0m)
쌍둥이,3 쌍둥이,60+45,60,181.0,170,23,37580,400.0,14702,52282,799,8.5,0.077,3.786,10.55,60층 376㎡(33.6×11.2m) + 45층 334㎡(31.7×10.6m)
쌍둥이,3 쌍둥이,60+50,60,181.0,170,23,37580,400.0,15062,52642,777,8.27,0.064,3.786,10.22,60층 313㎡(30.7×10.2m) + 50층 376㎡(33.6×11.2m)
쌍둥이,3 쌍둥이,55+40,55,166.25,170,26,37580,400.0,12987,50567,846,9.0,0.113,3.847,11.32,55층 478㎡(32.4×14.7m) + 40층 282㎡(24.9×11.3m)
쌍둥이,3 쌍둥이,55+40,55,166.25,170,24,37580,400.0,13081,50661,873,9.3,0.048,3.836,13.07,55층 410㎡(30.0×13.7m) + 40층 376㎡(28.8×13.1m)
쌍둥이,3 쌍둥이,55+45,55,166.25,170,24,37580,400.0,12839,50419,825,8.78,0.047,3.813,14.45,55층 410㎡(25.6×16.0m) + 45층 334㎡(23.1×14.4m)
쌍둥이,3 쌍둥이,55+35,55,166.25,170,25,37580,400.0,12079,49659,966,10.28,0.086,3.813,14.61,55층 342㎡(23.4×14.6m) + 35층 537㎡(29.3×18.3m)
쌍둥이,3 쌍둥이,55+50,55,166.25,170,23,37580,400.0,14703,52283,807,8.59,0.064,3.779,10.67,55층 342㎡(32.0×10.7m) + 50층 376㎡(33.6×11.2m)
쌍둥이,3 쌍둥이,50+35,50,151.5,170,25,37580,400.0,11743,49323,1002,10.67,0.086,3.819,15.33,50층 376㎡(24.5×15.3m) + 35층 537㎡(29.3×18.3m)
쌍둥이,3 쌍둥이,50+35,50,151.5,170,22,37580,400.0,13063,50643,945,10.05,0.1,3.793,10.36,50층 526㎡(39.7×13.2m) + 35층 322㎡(31.1×10.4m)
쌍둥이,3 쌍둥이,40+40,40,122.0,170,25,37580,400.0,12479,50059,1039,11.06,0.04,3.804,9.69,40층 658㎡(44.4×14.8m) + 40층 282㎡(29.1×9.7m)
쌍둥이,3 쌍둥이,40+35,40,122.0,170,19,37580,400.0,12300,49880,1112,11.84,0.066,3.78,12.51,40층 470㎡(37.5×12.5m) + 35층 537㎡(40.1×13.4m)
쌍둥이,3 쌍둥이,35+35,35,107.25,170,22,37580,400.0,11630,49210,1180,12.56,0.1,3.8,10.36,35층 752㎡(47.5×15.8m) + 35층 322㎡(31.1×10.4m)
쌍둥이,3 쌍둥이,60+35,60,181.0,171,25,37580,400.0,12500,50080,890,9.47,0.102,3.826,15.33,60층 376㎡(24.5×15.3m) + 35층 429㎡(26.2×16.4m)
쌍둥이,3 쌍둥이,60+35,60,181.0,171,22,37580,400.0,13911,51491,852,9.07,0.1,3.803,10.36,60층 438㎡(36.3×12.1m) + 35층 322㎡(31.1×10.4m)
쌍둥이,3 쌍둥이,60+50,60,181.0,171,23,37580,400.0,14136,51716,771,8.21,0.066,3.777,11.93,60층 313㎡(26.2×11.9m) + 50층 376㎡(28.8×13.1m)
쌍둥이,3 쌍둥이,55+35,55,166.25,171,22,37580,400.0,13496,51076,894,9.52,0.1,3.798,10.36,55층 478㎡(37.9×12.6m) + 35층 322㎡(31.1×10.4m)
쌍둥이,3 쌍둥이,55+40,55,166.25,171,27,37580,400.0,12413,49993,842,8.96,0.041,3.781,13.27,55층 478㎡(27.7×17.3m) + 40층 282㎡(21.2×13.3m)
쌍둥이,3 쌍둥이,55+55,55,166.25,171,24,37580,400.0,14149,51729,765,8.14,0.064,3.774,12.46,55층 342㎡(27.4×12.5m) + 55층 342㎡(27.4×12.5m)
쌍둥이,3 쌍둥이,55+45,55,166.25,171,25,37580,400.0,12839,50419,825,8.78,0.029,3.757,14.45,55층 410㎡(25.6×16.0m) + 45층 334㎡(23.1×14.4m)
쌍둥이,3 쌍둥이,55+55,55,166.25,171,19,37580,400.0,14149,51729,765,8.14,0.073,3.721,12.46,55층 342㎡(27.4×12.5m) + 55층 342㎡(27.4×12.5m)
쌍둥이,3 쌍둥이,55+50,55,166.25,171,20,37580,400.0,14703,52283,807,8.59,0.05,3.717,10.67,55층 342㎡(32.0×10.7m) + 50층 376㎡(33.6×11.2m)
쌍둥이,3 쌍둥이,50+40,50,151.5,171,24,37580,400.0,12133,49713,932,9.92,0.034,3.811,15.33,50층 376㎡(24.5×15.3m) + 40층 470㎡(27.4×17.1m)
쌍둥이,3 쌍둥이,50+35,50,151.5,171,20,37580,400.0,13099,50679,1013,10.78,0.066,3.774,11.19,50층 376㎡(33.6×11.2m) + 35층 537㎡(40.1×13.4m)
쌍둥이,3 쌍둥이,45+40,45,136.75,171,26,37580,400.0,11615,49195,953,10.14,0.041,3.789,13.27,45층 585㎡(30.6×19.1m) + 40층 282㎡(21.2×13.3m)
쌍둥이,3 쌍둥이,45+35,45,136.75,171,22,37580,400.0,11934,49514,1026,10.92,0.084,3.784,13.97,45층 501㎡(33.2×15.1m) + 35층 429㎡(30.7×14.0m)
쌍둥이,3 쌍둥이,45+45,45,136.75,171,23,37580,400.0,12093,49673,921,9.8,0.078,3.76,14.45,45층 501㎡(28.3×17.7m) + 45층 334㎡(23.1×14.4m)
쌍둥이,3 쌍둥이,60+40,60,181.0,172,23,37580,400.0,14257,51837,809,8.62,0.095,3.799,9.69,60층 438㎡(36.3×12.1m) + 40층 282㎡(29.1×9.7m)
쌍둥이,3 쌍둥이,60+35,60,181.0,172,21,37580,400.0,13939,51519,900,9.58,0.082,3.789,11.19,60층 376㎡(33.6×11.2m) + 35층 429㎡(35.9×12.0m)
쌍둥이,3 쌍둥이,60+40,60,181.0,172,23,37580,400.0,14331,51911,843,8.97,0.08,3.789,11.19,60층 376㎡(33.6×11.2m) + 40층 376㎡(33.6×11.2m)
쌍둥이,3 쌍둥이,60+45,60,181.0,172,22,37580,400.0,14672,52252,821,8.74,0.066,3.78,10.22,60층 313㎡(30.7×10.2m) + 45층 418㎡(35.4×11.8m)
쌍둥이,3 쌍둥이,60+45,60,181.0,172,19,37580,400.0,13796,51376,793,8.44,0.057,3.723,12.32,60층 376㎡(28.8×13.1m) + 45층 334㎡(27.1×12.3m)
쌍둥이,3 쌍둥이,55+55,55,166.25,172,27,37580,400.0,13527,51107,761,8.1,0.075,3.799,14.61,55층 342㎡(23.4×14.6m) + 55층 342㎡(23.4×14.6m)
쌍둥이,3 쌍둥이,55+50,55,166.25,172,23,37580,400.0,14667,52247,799,8.51,0.074,3.781,10.01,55층 410㎡(35.1×11.7m) + 50층 301㎡(30.0×10.0m)
쌍둥이,3 쌍둥이,50+40,50,151.5,172,26,37580,400.0,12023,49603,892,9.49,0.041,3.785,13.27,50층 526㎡(29.0×18.1m) + 40층 282㎡(21.2×13.3m)
쌍둥이,3 쌍둥이,40+35,40,122.0,172,22,37580,400.0,11516,49096,1091,11.61,0.084,3.786,13.97,40층 564㎡(35.2×16.0m) + 35층 429㎡(30.7×14.0m)
쌍둥이,3 쌍둥이,40+35,40,122.0,172,20,37580,400.0,11535,49115,1105,11.77,0.068,3.778,14.61,40층 470㎡(32.1×14.6m) + 35층 537㎡(34.4×15.6m)
쌍둥이,3 쌍둥이,35+35,35,107.25,172,22,37580,400.0,11074,48654,1175,12.51,0.084,3.79,13.97,35층 644㎡(37.6×17.1m) + 35층 429㎡(30.7×14.0m)
쌍둥이,3 쌍둥이,60+35,60,181.0,173,20,37580,400.0,13830,51410,946,10.07,0.066,3.782,10.22,60층 313㎡(30.7×10.2m) + 35층 537㎡(40.1×13.4m)
쌍둥이,3 쌍둥이,60+40,60,181.0,173,20,37580,400.0,13383,50963,870,9.26,0.071,3.717,11.93,60층 313㎡(26.2×11.9m) + 40층 470㎡(32.1×14.6m)
쌍둥이,3 쌍둥이,55+50,55,166.25,173,27,37580,400.0,13158,50738,790,8.41,0.088,3.806,13.71,55층 410㎡(25.6×16.0m) + 50층 301㎡(21.9×13.7m)
쌍둥이,3 쌍둥이,55+50,55,166.25,173,23,37580,400.0,13798,51378,801,8.53,0.066,3.774,12.46,55층 342㎡(27.4×12.5m) + 50층 376㎡(28.8×13.1m)
쌍둥이,3 쌍둥이,55+50,55,166.25,173,19,37580,400.0,13798,51378,801,8.53,0.073,3.712,12.46,55층 342㎡(27.4×12.5m) + 50층 376㎡(28.8×13.1m)
쌍둥이,3 쌍둥이,50+40,50,151.5,173,19,37580,400.0,12695,50275,936,9.96,0.069,3.705,13.07,50층 376㎡(28.8×13.1m) + 40층 470㎡(32.1×14.6m)
쌍둥이,3 쌍둥이,45+40,45,136.75,173,19,37580,400.0,12328,49908,980,10.43,0.062,3.711,13.78,45층 418㎡(30.3×13.8m) + 40층 470㎡(32.1×14.6m)
쌍둥이,3 쌍둥이,40+40,40,122.0,173,22,37580,400.0,11358,48938,1030,10.96,0.081,3.769,15.33,40층 564㎡(30.0×18.8m) + 40층 376㎡(24.5×15.3m)
쌍둥이,3 쌍둥이,60+55,60,181.0,174,23,37580,400.0,13851,51431,731,7.78,0.063,3.753,13.99,60층 313㎡(22.4×14.0m) + 55층 342㎡(23.4×14.6m)
쌍둥이,3 쌍둥이,60+55,60,181.0,174,19,37580,400.0,13851,51431,731,7.78,0.091,3.707,13.99,60층 313㎡(22.4×14.0m) + 55층 342㎡(23.4×14.6m)
쌍둥이,3 쌍둥이,55+50,55,166.25,174,21,37580,400.0,13764,51344,794,8.45,0.053,3.721,11.69,55층 410㎡(30.0×13.7m) + 50층 301㎡(25.7×11.7m)
쌍둥이,3 쌍둥이,50+45,50,151.5,174,26,37580,400.0,12474,50054,868,9.24,0.093,3.814,14.45,50층 451㎡(26.9×16.8m) + 45층 334㎡(23.1×14.4m)
쌍둥이,3 쌍둥이,50+45,50,151.5,174,25,37580,400.0,12502,50082,877,9.34,0.082,3.805,15.33,50층 376㎡(24.5×15.3m) + 45층 418㎡(25.8×16.2m)
쌍둥이,3 쌍둥이,50+35,50,151.5,174,20,37580,400.0,13147,50727,979,10.42,0.082,3.78,11.97,50층 451㎡(36.8×12.3m) + 35층 429㎡(35.9×12.0m)
쌍둥이,3 쌍둥이,50+45,50,151.5,174,22,37580,400.0,13909,51489,878,9.35,0.077,3.777,10.55,50층 451㎡(36.8×12.3m) + 45층 334㎡(31.7×10.6m)
쌍둥이,3 쌍둥이,45+40,45,136.75,174,21,37580,400.0,12328,49908,980,10.43,0.069,3.768,13.78,45층 418㎡(30.3×13.8m) + 40층 470㎡(32.1×14.6m)
쌍둥이,3 쌍둥이,45+45,45,136.75,174,22,37580,400.0,12151,49731,921,9.8,0.067,3.747,16.15,45층 418㎡(25.8×16.2m) + 45층 418㎡(25.8×16.2m)
쌍둥이,3 쌍둥이,45+35,45,136.75,174,17,37580,400.0,11391,48971,1046,11.13,0.087,3.702,16.15,45층 418㎡(25.8×16.2m) + 35층 537㎡(29.3×18.3m)
쌍둥이,3 쌍둥이,40+35,40,122.0,174,21,37580,400.0,11004,48584,1087,11.57,0.083,3.775,16.38,40층 564㎡(30.0×18.8m) + 35층 429㎡(26.2×16.4m)
쌍둥이,3 쌍둥이,40+35,40,122.0,174,20,37580,400.0,11022,48602,1101,11.72,0.067,3.759,17.13,40층 470㎡(27.4×17.1m) + 35층 537㎡(29.3×18.3m)
쌍둥이,3 쌍둥이,40+35,40,122.0,174,17,37580,400.0,11022,48602,1101,11.72,0.08,3.707,17.13,40층 470㎡(27.4×17.1m) + 35층 537㎡(29.3×18.3m)
쌍둥이,3 쌍둥이,35+35,35,107.25,174,20,37580,400.0,10631,48211,1171,12.46,0.067,3.766,18.32,35층 537㎡(29.3×18.3m) + 35층 537㎡(29.3×18.3m)
쌍둥이,3 쌍둥이,50+40,50,151.5,175,26,37580,400.0,12139,49719,912,9.71,0.097,3.82,15.33,50층 451㎡(26.9×16.8m) + 40층 376㎡(24.5×15.3m)
쌍둥이,3 쌍둥이,50+40,50,151.5,175,19,37580,400.0,12701,50281,916,9.75,0.046,3.714,13.07,50층 451㎡(31.5×14.3m) + 40층 376㎡(28.8×13.1m)
쌍둥이,3 쌍둥이,40+40,40,122.0,175,22,37580,400.0,11412,48992,1031,10.97,0.068,3.756,17.13,40층 470㎡(27.4×17.1m) + 40층 470㎡(27.4×17.1m)
쌍둥이,3 쌍둥이,35+35,35,107.25,175,21,37580,400.0,10420,48000,1169,12.44,0.063,3.852,14.19,35층 752㎡(34.7×21.7m) + 35층 322㎡(22.7×14.2m)
쌍둥이,3 쌍둥이,60+40,60,181.0,176,27,37580,400.0,12854,50434,833,8.87,0.097,3.815,15.33,60층 376㎡(24.5×15.3m) + 40층 376㎡(24.5×15.3m)
쌍둥이,3 쌍둥이,50+35,50,151.5,176,23,37580,400.0,12254,49834,938,9.99,0.102,3.795,12.1,50층 526㎡(34.0×15.5m) + 35층 322㎡(26.6×12.1m)
쌍둥이,3 쌍둥이,35+35,35,107.25,176,22,37580,400.0,10906,48486,1174,12.49,0.102,3.803,12.1,35층 752㎡(40.7×18.5m) + 35층 322㎡(26.6×12.1m)
쌍둥이,3 쌍둥이,60+45,60,181.0,177,23,37580,400.0,13796,51376,793,8.44,0.078,3.774,12.32,60층 376㎡(28.8×13.1m) + 45층 334㎡(27.1×12.3m)
쌍둥이,3 쌍둥이,60+35,60,181.0,177,17,37580,400.0,12403,49983,936,9.96,0.091,3.705,13.99,60층 313㎡(22.4×14.0m) + 35층 537㎡(29.3×18.3m)
쌍둥이,3 쌍둥이,60+40,60,181.0,177,19,37580,400.0,12793,50373,866,9.22,0.091,3.705,13.99,60층 313㎡(22.4×14.0m) + 40층 470㎡(27.4×17.1m)
쌍둥이,3 쌍둥이,55+45,55,166.25,177,27,37580,400.0,12839,50419,825,8.78,0.093,3.805,14.45,55층 410㎡(25.6×16.0m) + 45층 334㎡(23.1×14.4m)
쌍둥이,3 쌍둥이,55+35,55,166.25,177,21,37580,400.0,13551,51131,936,9.96,0.082,3.784,11.69,55층 410㎡(35.1×11.7m) + 35층 429㎡(35.9×12.0m)
쌍둥이,3 쌍둥이,55+50,55,166.25,177,23,37580,400.0,13764,51344,794,8.45,0.075,3.772,11.69,55층 410㎡(30.0×13.7m) + 50층 301㎡(25.7×11.7m)
쌍둥이,3 쌍둥이,55+40,55,166.25,177,21,37580,400.0,13905,51485,906,9.64,0.066,3.767,10.67,55층 342㎡(32.0×10.7m) + 40층 470㎡(37.5×12.5m)
쌍둥이,3 쌍둥이,60+40,60,181.0,178,22,37580,400.0,13447,51027,837,8.91,0.082,3.778,13.07,60층 376㎡(28.8×13.1m) + 40층 376㎡(28.8×13.1m)
쌍둥이,3 쌍둥이,60+35,60,181.0,178,19,37580,400.0,12476,50056,842,8.97,0.061,3.73,14.19,60층 438㎡(26.5×16.6m) + 35층 322㎡(22.7×14.2m)
쌍둥이,3 쌍둥이,55+40,55,166.25,178,23,37580,400.0,12987,50567,846,9.0,0.096,3.788,11.32,55층 478㎡(32.4×14.7m) + 40층 282㎡(24.9×11.3m)
쌍둥이,3 쌍둥이,55+45,55,166.25,178,23,37580,400.0,13431,51011,829,8.83,0.078,3.771,12.32,55층 410㎡(30.0×13.7m) + 45층 334㎡(27.1×12.3m)
쌍둥이,3 쌍둥이,50+45,50,151.5,178,23,37580,400.0,13050,50630,872,9.28,0.078,3.768,12.32,50층 451㎡(31.5×14.3m) + 45층 334㎡(27.1×12.3m)
쌍둥이,3 쌍둥이,50+50,50,151.5,178,21,37580,400.0,13383,50963,837,8.91,0.046,3.716,11.69,50층 451㎡(31.5×14.3m) + 50층 301㎡(25.7×11.7m)
쌍둥이,3 쌍둥이,40+35,40,122.0,178,24,37580,400.0,11380,48960,1076,11.45,0.04,3.811,12.1,40층 658㎡(38.0×17.3m) + 35층 322㎡(26.6×12.1m)
쌍둥이,3 쌍둥이,40+40,40,122.0,178,25,37580,400.0,11706,49286,1033,11.0,0.042,3.806,11.32,40층 658㎡(38.0×17.3m) + 40층 282㎡(24.9×11.3m)
쌍둥이,3 쌍둥이,35+35,35,107.25,178,24,37580,400.0,11630,49210,1180,12.56,0.038,3.81,10.36,35층 752㎡(47.5×15.8m) + 35층 322㎡(31.1×10.4m)
쌍둥이,3 쌍둥이,60+35,60,181.0,179,22,37580,400.0,13078,50658,894,9.51,0.084,3.78,13.07,60층 376㎡(28.8×13.1m) + 35층 429㎡(30.7×14.0m)
쌍둥이,3 쌍둥이,55+40,55,166.25,179,22,37580,400.0,13081,50661,873,9.3,0.082,3.775,13.07,55층 410㎡(30.0×13.7m) + 40층 376㎡(28.8×13.1m)
쌍둥이,3 쌍둥이,55+35,55,166.25,179,19,37580,400.0,12150,49730,926,9.85,0.073,3.711,16.01,55층 410㎡(25.6×16.0m) + 35층 429㎡(26.2×16.4m)
쌍둥이,3 쌍둥이,55+35,55,166.25,179,17,37580,400.0,12079,49659,966,10.28,0.091,3.699,14.61,55층 342㎡(23.4×14.6m) + 35층 537㎡(29.3×18.3m)
쌍둥이,3 쌍둥이,50+35,50,151.5,179,19,37580,400.0,11785,49365,969,10.31,0.069,3.706,16.38,50층 451㎡(26.9×16.8m) + 35층 429㎡(26.2×16.4m)
쌍둥이,3 쌍둥이,35+35,35,107.25,179,21,37580,400.0,10581,48161,1170,12.46,0.083,3.777,16.38,35층 644㎡(32.1×20.1m) + 35층 429㎡(26.2×16.4m)
쌍둥이,3 쌍둥이,60+35,60,181.0,180,23,37580,400.0,12476,50056,842,8.97,0.101,3.777,14.19,60층 438㎡(26.5×16.6m) + 35층 322㎡(22.7×14.2m)
쌍둥이,3 쌍둥이,60+50,60,181.0,180,23,37580,400.0,13508,51088,754,8.02,0.075,3.758,13.71,60층 376㎡(24.5×15.3m) + 50층 301㎡(21.9×13.7m)
쌍둥이,3 쌍둥이,50+40,50,151.5,180,23,37580,400.0,12579,50159,896,9.53,0.096,3.788,11.32,50층 526㎡(34.0×15.5m) + 40층 282㎡(24.9×11.3m)
쌍둥이,3 쌍둥이,45+35,45,136.75,180,19,37580,400.0,11404,48984,1021,10.87,0.062,3.712,16.38,45층 501㎡(28.3×17.7m) + 35층 429㎡(26.2×16.4m)
쌍둥이,3 쌍둥이,60+40,60,181.0,181,22,37580,400.0,13383,50963,870,9.26,0.069,3.774,11.93,60층 313㎡(26.2×11.9m) + 40층 470㎡(32.1×14.6m)
쌍둥이,3 쌍둥이,55+35,55,166.25,181,23,37580,400.0,12101,49681,884,9.41,0.101,3.774,14.19,55층 478㎡(27.7×17.3m) + 35층 322㎡(22.7×14.2m)
쌍둥이,3 쌍둥이,55+55,55,166.25,181,23,37580,400.0,13527,51107,761,8.1,0.063,3.751,14.61,55층 342㎡(23.4×14.6m) + 55층 342㎡(23.4×14.6m)
쌍둥이,3 쌍둥이,55+40,55,166.25,181,19,37580,400.0,12470,50050,896,9.54,0.091,3.698,14.61,55층 342㎡(23.4×14.6m) + 40층 470㎡(27.4×17.1m)
쌍둥이,3 쌍둥이,35+35,35,107.25,181,20,37580,400.0,10420,48000,1169,12.44,0.039,3.798,14.19,35층 752㎡(34.7×21.7m) + 35층 322㎡(22.7×14.2m)
쌍둥이,3 쌍둥이,60+40,60,181.0,182,24,37580,400.0,12788,50368,800,8.51,0.096,3.768,13.27,60층 438㎡(26.5×16.6m) + 40층 282㎡(21.2×13.3m)
쌍둥이,3 쌍둥이,60+45,60,181.0,182,23,37580,400.0,13189,50769,789,8.4,0.078,3.757,14.45,60층 376㎡(24.5×15.3m) + 45층 334㎡(23.1×14.4m)
쌍둥이,3 쌍둥이,50+35,50,151.5,182,22,37580,400.0,11785,49365,969,10.31,0.083,3.762,16.38,50층 451㎡(26.9×16.8m) + 35층 429㎡(26.2×16.4m)
쌍둥이,3 쌍둥이,60+45,60,181.0,183,22,37580,400.0,13163,50743,811,8.63,0.067,3.749,13.99,60층 313㎡(22.4×14.0m) + 45층 418㎡(25.8×16.2m)
쌍둥이,3 쌍둥이,60+45,60,181.0,183,19,37580,400.0,13189,50769,789,8.4,0.075,3.706,14.45,60층 376㎡(24.5×15.3m) + 45층 334㎡(23.1×14.4m)
쌍둥이,3 쌍둥이,55+40,55,166.25,183,19,37580,400.0,12413,49993,842,8.96,0.057,3.723,13.27,55층 478㎡(27.7×17.3m) + 40층 282㎡(21.2×13.3m)
쌍둥이,3 쌍둥이,50+40,50,151.5,183,24,37580,400.0,12023,49603,892,9.49,0.096,3.767,13.27,50층 526㎡(29.0×18.1m) + 40층 282㎡(21.2×13.3m)
쌍둥이,3 쌍둥이,50+35,50,151.5,183,20,37580,400.0,11743,49323,1002,10.67,0.067,3.754,15.33,50층 376㎡(24.5×15.3m) + 35층 537㎡(29.3×18.3m)
쌍둥이,3 쌍둥이,50+50,50,151.5,183,23,37580,400.0,12793,50373,833,8.87,0.075,3.751,13.71,50층 451㎡(26.9×16.8m) + 50층 301㎡(21.9×13.7m)
쌍둥이,3 쌍둥이,50+50,50,151.5,183,23,37580,400.0,12854,50434,833,8.87,0.065,3.751,15.33,50층 376㎡(24.5×15.3m) + 50층 376㎡(24.5×15.3m)
쌍둥이,3 쌍둥이,60+40,60,181.0,184,23,37580,400.0,12854,50434,833,8.87,0.081,3.762,15.33,60층 376㎡(24.5×15.3m) + 40층 376㎡(24.5×15.3m)
쌍둥이,3 쌍둥이,50+45,50,151.5,184,23,37580,400.0,12474,50054,868,9.24,0.078,3.75,14.45,50층 451㎡(26.9×16.8m) + 45층 334㎡(23.1×14.4m)
쌍둥이,3 쌍둥이,50+40,50,151.5,184,19,37580,400.0,12023,49603,892,9.49,0.05,3.715,13.27,50층 526㎡(29.0×18.1m) + 40층 282㎡(21.2×13.3m)
쌍둥이,3 쌍둥이,55+35,55,166.25,185,22,37580,400.0,12150,49730,926,9.85,0.083,3.76,16.01,55층 410㎡(25.6×16.0m) + 35층 429㎡(26.2×16.4m)
쌍둥이,3 쌍둥이,55+50,55,166.25,185,21,37580,400.0,13158,50738,790,8.41,0.073,3.706,13.71,55층 410㎡(25.6×16.0m) + 50층 301㎡(21.9×13.7m)
쌍둥이,3 쌍둥이,50+50,50,151.5,185,19,37580,400.0,12793,50373,833,8.87,0.069,3.7,13.71,50층 451㎡(26.9×16.8m) + 50층 301㎡(21.9×13.7m)
쌍둥이,3 쌍둥이,55+35,55,166.25,186,20,37580,400.0,12079,49659,966,10.28,0.067,3.753,14.61,55층 342㎡(23.4×14.6m) + 35층 537㎡(29.3×18.3m)
쌍둥이,3 쌍둥이,55+35,55,166.25,186,19,37580,400.0,12101,49681,884,9.41,0.057,3.725,14.19,55층 478㎡(27.7×17.3m) + 35층 322㎡(22.7×14.2m)
쌍둥이,3 쌍둥이,55+50,55,166.25,186,19,37580,400.0,13191,50771,797,8.49,0.091,3.693,14.61,55층 342㎡(23.4×14.6m) + 50층 376㎡(24.5×15.3m)
쌍둥이,3 쌍둥이,55+40,55,166.25,187,23,37580,400.0,12504,50084,869,9.25,0.081,3.754,15.33,55층 410㎡(25.6×16.0m) + 40층 376㎡(24.5×15.3m)
쌍둥이,3 쌍둥이,50+40,50,151.5,187,23,37580,400.0,12139,49719,912,9.71,0.081,3.755,15.33,50층 451㎡(26.9×16.8m) + 40층 376㎡(24.5×15.3m)
쌍둥이,3 쌍둥이,50+45,50,151.5,187,19,37580,400.0,12474,50054,868,9.24,0.069,3.701,14.45,50층 451㎡(26.9×16.8m) + 45층 334㎡(23.1×14.4m)
쌍둥이,3 쌍둥이,50+45,50,151.5,190,19,37580,400.0,12502,50082,877,9.34,0.09,3.684,15.33,50층 376㎡(24.5×15.3m) + 45층 418㎡(25.8×16.2m)
쌍둥이,3 쌍둥이,45+45,45,136.75,190,19,37580,400.0,12093,49673,921,9.8,0.062,3.705,14.45,45층 501㎡(28.3×17.7m) + 45층 334㎡(23.1×14.4m)
