수광점ID,학교,종류,교사동/운동장,수광면,층,번호,수광점정의,X,Y,Z,S1_총일조h,S1_연속h,S1_기준A,S2_총일조h,S2_연속h,S2_기준A,Δ총일조h,Δ연속h,변화
여의도고등학교 ①(4층) 1층-1,여의도고등학교,교사동 창면,여의도고등학교 ①(4층),남향외벽,1,1,일반식,194115.41,547347.94,1.2,5.67,5.67,충족,5.67,5.67,충족,0.0,0.0,유지 충족
여의도고등학교 ①(4층) 2층-1,여의도고등학교,교사동 창면,여의도고등학교 ①(4층),남향외벽,2,1,일반식,194115.41,547347.94,4.7,6.0,6.0,충족,6.0,6.0,충족,0.0,0.0,유지 충족
여의도고등학교 ①(4층) 3층-1,여의도고등학교,교사동 창면,여의도고등학교 ①(4층),남향외벽,3,1,일반식,194115.41,547347.94,8.2,6.33,6.33,충족,6.33,6.33,충족,0.0,0.0,유지 충족
여의도고등학교 ①(4층) 4층-1,여의도고등학교,교사동 창면,여의도고등학교 ①(4층),남향외벽,4,1,일반식,194115.41,547347.94,11.7,6.83,6.83,충족,6.83,6.83,충족,0.0,0.0,유지 충족
여의도고등학교 ①(4층) 1층-2,여의도고등학교,교사동 창면,여의도고등학교 ①(4층),남향외벽,1,2,일반식,194111.43,547344.89,1.2,5.67,5.67,충족,5.67,5.67,충족,0.0,0.0,유지 충족
여의도고등학교 ①(4층) 2층-2,여의도고등학교,교사동 창면,여의도고등학교 ①(4층),남향외벽,2,2,일반식,194111.43,547344.89,4.7,6.0,6.0,충족,6.0,6.0,충족,0.0,0.0,유지 충족
여의도고등학교 ①(4층) 3층-2,여의도고등학교,교사동 창면,여의도고등학교 ①(4층),남향외벽,3,2,일반식,194111.43,547344.89,8.2,6.33,6.33,충족,6.33,6.33,충족,0.0,0.0,유지 충족
여의도고등학교 ①(4층) 4층-2,여의도고등학교,교사동 창면,여의도고등학교 ①(4층),남향외벽,4,2,일반식,194111.43,547344.89,11.7,7.0,7.0,충족,7.0,7.0,충족,0.0,0.0,유지 충족
여의도고등학교 ①(4층) 1층-3,여의도고등학교,교사동 창면,여의도고등학교 ①(4층),남향외벽,1,3,일반식,194107.45,547341.84,1.2,5.83,5.83,충족,5.83,5.83,충족,0.0,0.0,유지 충족
여의도고등학교 ①(4층) 2층-3,여의도고등학교,교사동 창면,여의도고등학교 ①(4층),남향외벽,2,3,일반식,194107.45,547341.84,4.7,6.0,6.0,충족,6.0,6.0,충족,0.0,0.0,유지 충족
여의도고등학교 ①(4층) 3층-3,여의도고등학교,교사동 창면,여의도고등학교 ①(4층),남향외벽,3,3,일반식,194107.45,547341.84,8.2,6.33,6.33,충족,6.33,6.33,충족,0.0,0.0,유지 충족
여의도고등학교 ①(4층) 4층-3,여의도고등학교,교사동 창면,여의도고등학교 ①(4층),남향외벽,4,3,일반식,194107.45,547341.84,11.7,6.83,6.83,충족,6.83,6.83,충족,0.0,0.0,유지 충족
여의도고등학교 ①(4층) 1층-4,여의도고등학교,교사동 창면,여의도고등학교 ①(4층),남향외벽,1,4,일반식,194103.47,547338.78,1.2,5.83,5.83,충족,5.83,5.83,충족,0.0,0.0,유지 충족
여의도고등학교 ①(4층) 2층-4,여의도고등학교,교사동 창면,여의도고등학교 ①(4층),남향외벽,2,4,일반식,194103.47,547338.78,4.7,5.83,5.83,충족,5.83,5.83,충족,0.0,0.0,유지 충족
여의도고등학교 ①(4층) 3층-4,여의도고등학교,교사동 창면,여의도고등학교 ①(4층),남향외벽,3,4,일반식,194103.47,547338.78,8.2,6.33,6.33,충족,6.33,6.33,충족,0.0,0.0,유지 충족
여의도고등학교 ①(4층) 4층-4,여의도고등학교,교사동 창면,여의도고등학교 ①(4층),남향외벽,4,4,일반식,194103.47,547338.78,11.7,6.83,6.83,충족,6.83,6.83,충족,0.0,0.0,유지 충족
여의도고등학교 ①(4층) 1층-5,여의도고등학교,교사동 창면,여의도고등학교 ①(4층),남향외벽,1,5,일반식,194099.49,547335.73,1.2,5.83,5.83,충족,5.83,5.83,충족,0.0,0.0,유지 충족
여의도고등학교 ①(4층) 2층-5,여의도고등학교,교사동 창면,여의도고등학교 ①(4층),남향외벽,2,5,일반식,194099.49,547335.73,4.7,6.0,6.0,충족,6.0,6.0,충족,0.0,0.0,유지 충족
여의도고등학교 ①(4층) 3층-5,여의도고등학교,교사동 창면,여의도고등학교 ①(4층),남향외벽,3,5,일반식,194099.49,547335.73,8.2,6.33,6.33,충족,6.33,6.33,충족,0.0,0.0,유지 충족
여의도고등학교 ①(4층) 4층-5,여의도고등학교,교사동 창면,여의도고등학교 ①(4층),남향외벽,4,5,일반식,194099.49,547335.73,11.7,6.67,6.67,충족,6.67,6.67,충족,0.0,0.0,유지 충족
여의도고등학교 ①(4층) 1층-6,여의도고등학교,교사동 창면,여의도고등학교 ①(4층),남향외벽,1,6,일반식,194095.52,547332.68,1.2,5.83,5.83,충족,5.83,5.83,충족,0.0,0.0,유지 충족
여의도고등학교 ①(4층) 2층-6,여의도고등학교,교사동 창면,여의도고등학교 ①(4층),남향외벽,2,6,일반식,194095.52,547332.68,4.7,5.83,5.83,충족,5.83,5.83,충족,0.0,0.0,유지 충족
여의도고등학교 ①(4층) 3층-6,여의도고등학교,교사동 창면,여의도고등학교 ①(4층),남향외벽,3,6,일반식,194095.52,547332.68,8.2,6.17,6.17,충족,6.17,6.17,충족,0.0,0.0,유지 충족
여의도고등학교 ①(4층) 4층-6,여의도고등학교,교사동 창면,여의도고등학교 ①(4층),남향외벽,4,6,일반식,194095.52,547332.68,11.7,6.5,6.5,충족,6.5,6.5,충족,0.0,0.0,유지 충족
여의도고등학교 ①(4층) 1층-7,여의도고등학교,교사동 창면,여의도고등학교 ①(4층),남향외벽,1,7,일반식,194091.54,547329.63,1.2,5.83,5.83,충족,5.83,5.83,충족,0.0,0.0,유지 충족
여의도고등학교 ①(4층) 2층-7,여의도고등학교,교사동 창면,여의도고등학교 ①(4층),남향외벽,2,7,일반식,194091.54,547329.63,4.7,6.0,6.0,충족,6.0,6.0,충족,0.0,0.0,유지 충족
여의도고등학교 ①(4층) 3층-7,여의도고등학교,교사동 창면,여의도고등학교 ①(4층),남향외벽,3,7,일반식,194091.54,547329.63,8.2,6.0,6.0,충족,6.0,6.0,충족,0.0,0.0,유지 충족
여의도고등학교 ①(4층) 4층-7,여의도고등학교,교사동 창면,여의도고등학교 ①(4층),남향외벽,4,7,일반식,194091.54,547329.63,11.7,6.33,6.33,충족,6.33,6.33,충족,0.0,0.0,유지 충족
여의도고등학교 ①(4층) 1층-8,여의도고등학교,교사동 창면,여의도고등학교 ①(4층),남향외벽,1,8,일반식,194087.56,547326.57,1.2,5.67,5.67,충족,5.67,5.67,충족,0.0,0.0,유지 충족
여의도고등학교 ①(4층) 2층-8,여의도고등학교,교사동 창면,여의도고등학교 ①(4층),남향외벽,2,8,일반식,194087.56,547326.57,4.7,5.83,5.83,충족,5.83,5.83,충족,0.0,0.0,유지 충족
여의도고등학교 ①(4층) 3층-8,여의도고등학교,교사동 창면,여의도고등학교 ①(4층),남향외벽,3,8,일반식,194087.56,547326.57,8.2,6.0,6.0,충족,6.0,6.0,충족,0.0,0.0,유지 충족
여의도고등학교 ①(4층) 4층-8,여의도고등학교,교사동 창면,여의도고등학교 ①(4층),남향외벽,4,8,일반식,194087.56,547326.57,11.7,6.17,6.17,충족,6.17,6.17,충족,0.0,0.0,유지 충족
여의도고등학교 ①(4층) 1층-9,여의도고등학교,교사동 창면,여의도고등학교 ①(4층),남향외벽,1,9,일반식,194083.78,547329.41,1.2,3.67,3.67,충족,3.67,3.67,충족,0.0,0.0,유지 충족
여의도고등학교 ①(4층) 2층-9,여의도고등학교,교사동 창면,여의도고등학교 ①(4층),남향외벽,2,9,일반식,194083.78,547329.41,4.7,3.67,3.67,충족,3.67,3.67,충족,0.0,0.0,유지 충족
여의도고등학교 ①(4층) 3층-9,여의도고등학교,교사동 창면,여의도고등학교 ①(4층),남향외벽,3,9,일반식,194083.78,547329.41,8.2,3.83,3.83,충족,3.83,3.83,충족,0.0,0.0,유지 충족
여의도고등학교 ①(4층) 4층-9,여의도고등학교,교사동 창면,여의도고등학교 ①(4층),남향외벽,4,9,일반식,194083.78,547329.41,11.7,4.0,4.0,충족,4.0,4.0,충족,0.0,0.0,유지 충족
여의도고등학교 ①(4층) 1층-10,여의도고등학교,교사동 창면,여의도고등학교 ①(4층),남향외벽,1,10,일반식,194080.73,547333.39,1.2,3.67,3.5,충족,3.67,3.5,충족,0.0,0.0,유지 충족
여의도고등학교 ①(4층) 2층-10,여의도고등학교,교사동 창면,여의도고등학교 ①(4층),남향외벽,2,10,일반식,194080.73,547333.39,4.7,3.83,3.5,충족,3.83,3.5,충족,0.0,0.0,유지 충족
여의도고등학교 ①(4층) 3층-10,여의도고등학교,교사동 창면,여의도고등학교 ①(4층),남향외벽,3,10,일반식,194080.73,547333.39,8.2,4.17,3.83,충족,4.17,3.83,충족,0.0,0.0,유지 충족
여의도고등학교 ①(4층) 4층-10,여의도고등학교,교사동 창면,여의도고등학교 ①(4층),남향외벽,4,10,일반식,194080.73,547333.39,11.7,4.5,4.0,충족,4.5,4.0,충족,0.0,0.0,유지 충족
여의도고등학교 ②(4층) 1층-1,여의도고등학교,교사동 창면,여의도고등학교 ②(4층),남향외벽,1,1,일반식,194150.19,547344.58,1.2,1.33,1.33,불충족,1.33,1.33,불충족,0.0,0.0,유지 불충족
여의도고등학교 ②(4층) 2층-1,여의도고등학교,교사동 창면,여의도고등학교 ②(4층),남향외벽,2,1,일반식,194150.19,547344.58,4.7,1.83,1.33,불충족,1.83,1.33,불충족,0.0,0.0,유지 불충족
여의도고등학교 ②(4층) 3층-1,여의도고등학교,교사동 창면,여의도고등학교 ②(4층),남향외벽,3,1,일반식,194150.19,547344.58,8.2,2.83,2.83,충족,2.83,2.83,충족,0.0,0.0,유지 충족
여의도고등학교 ②(4층) 4층-1,여의도고등학교,교사동 창면,여의도고등학교 ②(4층),남향외벽,4,1,일반식,194150.19,547344.58,11.7,3.67,3.67,충족,3.67,3.67,충족,0.0,0.0,유지 충족
여의도고등학교 ②(4층) 1층-2,여의도고등학교,교사동 창면,여의도고등학교 ②(4층),남향외벽,1,2,일반식,194184.8,547304.01,1.2,1.33,0.67,불충족,1.33,0.67,불충족,0.0,0.0,유지 불충족
여의도고등학교 ②(4층) 2층-2,여의도고등학교,교사동 창면,여의도고등학교 ②(4층),남향외벽,2,2,일반식,194184.8,547304.01,4.7,1.83,1.0,불충족,1.83,1.0,불충족,0.0,0.0,유지 불충족
여의도고등학교 ②(4층) 3층-2,여의도고등학교,교사동 창면,여의도고등학교 ②(4층),남향외벽,3,2,일반식,194184.8,547304.01,8.2,3.5,3.5,충족,3.5,3.5,충족,0.0,0.0,유지 충족
여의도고등학교 ②(4층) 4층-2,여의도고등학교,교사동 창면,여의도고등학교 ②(4층),남향외벽,4,2,일반식,194184.8,547304.01,11.7,5.0,5.0,충족,5.0,5.0,충족,0.0,0.0,유지 충족
여의도고등학교 ②(4층) 1층-3,여의도고등학교,교사동 창면,여의도고등학교 ②(4층),남향외벽,1,3,일반식,194180.83,547300.92,1.2,0.0,0.0,불충족,0.0,0.0,불충족,0.0,0.0,유지 불충족
여의도고등학교 ②(4층) 2층-3,여의도고등학교,교사동 창면,여의도고등학교 ②(4층),남향외벽,2,3,일반식,194180.83,547300.92,4.7,0.33,0.17,불충족,0.33,0.17,불충족,0.0,0.0,유지 불충족
여의도고등학교 ②(4층) 3층-3,여의도고등학교,교사동 창면,여의도고등학교 ②(4층),남향외벽,3,3,일반식,194180.83,547300.92,8.2,1.17,0.67,불충족,1.17,0.67,불충족,0.0,0.0,유지 불충족
여의도고등학교 ②(4층) 4층-3,여의도고등학교,교사동 창면,여의도고등학교 ②(4층),남향외벽,4,3,일반식,194180.83,547300.92,11.7,2.0,1.83,불충족,2.0,1.83,불충족,0.0,0.0,유지 불충족
여의도고등학교 ②(4층) 1층-4,여의도고등학교,교사동 창면,여의도고등학교 ②(4층),남향외벽,1,4,일반식,194243.15,547251.85,1.2,5.33,4.17,충족,5.33,4.17,충족,0.0,0.0,유지 충족
여의도고등학교 ②(4층) 2층-4,여의도고등학교,교사동 창면,여의도고등학교 ②(4층),남향외벽,2,4,일반식,194243.15,547251.85,4.7,5.83,4.5,충족,5.83,4.5,충족,0.0,0.0,유지 충족
여의도고등학교 ②(4층) 3층-4,여의도고등학교,교사동 창면,여의도고등학교 ②(4층),남향외벽,3,4,일반식,194243.15,547251.85,8.2,6.0,4.67,충족,6.0,4.67,충족,0.0,0.0,유지 충족
여의도고등학교 ②(4층) 4층-4,여의도고등학교,교사동 창면,여의도고등학교 ②(4층),남향외벽,4,4,일반식,194243.15,547251.85,11.7,6.5,5.17,충족,6.5,5.17,충족,0.0,0.0,유지 충족
여의도고등학교 ②(4층) 1층-5,여의도고등학교,교사동 창면,여의도고등학교 ②(4층),남향외벽,1,5,일반식,194239.18,547248.73,1.2,5.67,4.5,충족,5.67,4.5,충족,0.0,0.0,유지 충족
여의도고등학교 ②(4층) 2층-5,여의도고등학교,교사동 창면,여의도고등학교 ②(4층),남향외벽,2,5,일반식,194239.18,547248.73,4.7,6.0,4.67,충족,6.0,4.67,충족,0.0,0.0,유지 충족
여의도고등학교 ②(4층) 3층-5,여의도고등학교,교사동 창면,여의도고등학교 ②(4층),남향외벽,3,5,일반식,194239.18,547248.73,8.2,6.33,5.0,충족,6.33,5.0,충족,0.0,0.0,유지 충족
여의도고등학교 ②(4층) 4층-5,여의도고등학교,교사동 창면,여의도고등학교 ②(4층),남향외벽,4,5,일반식,194239.18,547248.73,11.7,6.5,5.17,충족,6.5,5.17,충족,0.0,0.0,유지 충족
여의도고등학교 ②(4층) 1층-6,여의도고등학교,교사동 창면,여의도고등학교 ②(4층),남향외벽,1,6,일반식,194235.21,547245.61,1.2,5.83,4.83,충족,5.83,4.83,충족,0.0,0.0,유지 충족
여의도고등학교 ②(4층) 2층-6,여의도고등학교,교사동 창면,여의도고등학교 ②(4층),남향외벽,2,6,일반식,194235.21,547245.61,4.7,6.0,4.83,충족,6.0,4.83,충족,0.0,0.0,유지 충족
여의도고등학교 ②(4층) 3층-6,여의도고등학교,교사동 창면,여의도고등학교 ②(4층),남향외벽,3,6,일반식,194235.21,547245.61,8.2,6.33,5.0,충족,6.33,5.0,충족,0.0,0.0,유지 충족
여의도고등학교 ②(4층) 4층-6,여의도고등학교,교사동 창면,여의도고등학교 ②(4층),남향외벽,4,6,일반식,194235.21,547245.61,11.7,6.67,5.33,충족,6.67,5.33,충족,0.0,0.0,유지 충족
여의도고등학교 ②(4층) 1층-7,여의도고등학교,교사동 창면,여의도고등학교 ②(4층),남향외벽,1,7,일반식,194231.24,547242.5,1.2,5.83,4.83,충족,5.83,4.83,충족,0.0,0.0,유지 충족
여의도고등학교 ②(4층) 2층-7,여의도고등학교,교사동 창면,여의도고등학교 ②(4층),남향외벽,2,7,일반식,194231.24,547242.5,4.7,6.17,5.0,충족,6.17,5.0,충족,0.0,0.0,유지 충족
여의도고등학교 ②(4층) 3층-7,여의도고등학교,교사동 창면,여의도고등학교 ②(4층),남향외벽,3,7,일반식,194231.24,547242.5,8.2,6.67,5.17,충족,6.67,5.17,충족,0.0,0.0,유지 충족
여의도고등학교 ②(4층) 4층-7,여의도고등학교,교사동 창면,여의도고등학교 ②(4층),남향외벽,4,7,일반식,194231.24,547242.5,11.7,6.83,5.33,충족,6.83,5.33,충족,0.0,0.0,유지 충족
여의도고등학교 ②(4층) 1층-8,여의도고등학교,교사동 창면,여의도고등학교 ②(4층),남향외벽,1,8,일반식,194227.27,547239.38,1.2,5.67,4.83,충족,5.67,4.83,충족,0.0,0.0,유지 충족
여의도고등학교 ②(4층) 2층-8,여의도고등학교,교사동 창면,여의도고등학교 ②(4층),남향외벽,2,8,일반식,194227.27,547239.38,4.7,6.0,5.0,충족,6.0,5.0,충족,0.0,0.0,유지 충족
여의도고등학교 ②(4층) 3층-8,여의도고등학교,교사동 창면,여의도고등학교 ②(4층),남향외벽,3,8,일반식,194227.27,547239.38,8.2,6.83,5.33,충족,6.83,5.33,충족,0.0,0.0,유지 충족
여의도고등학교 ②(4층) 4층-8,여의도고등학교,교사동 창면,여의도고등학교 ②(4층),남향외벽,4,8,일반식,194227.27,547239.38,11.7,7.0,5.5,충족,7.0,5.5,충족,0.0,0.0,유지 충족
여의도고등학교 ②(4층) 1층-9,여의도고등학교,교사동 창면,여의도고등학교 ②(4층),남향외벽,1,9,일반식,194223.3,547236.27,1.2,5.67,5.0,충족,5.67,5.0,충족,0.0,0.0,유지 충족
여의도고등학교 ②(4층) 2층-9,여의도고등학교,교사동 창면,여의도고등학교 ②(4층),남향외벽,2,9,일반식,194223.3,547236.27,4.7,6.17,5.17,충족,6.17,5.17,충족,0.0,0.0,유지 충족
여의도고등학교 ②(4층) 3층-9,여의도고등학교,교사동 창면,여의도고등학교 ②(4층),남향외벽,3,9,일반식,194223.3,547236.27,8.2,6.67,5.17,충족,6.67,5.17,충족,0.0,0.0,유지 충족
여의도고등학교 ②(4층) 4층-9,여의도고등학교,교사동 창면,여의도고등학교 ②(4층),남향외벽,4,9,일반식,194223.3,547236.27,11.7,7.0,5.5,충족,7.0,5.5,충족,0.0,0.0,유지 충족
여의도고등학교 ②(4층) 1층-10,여의도고등학교,교사동 창면,여의도고등학교 ②(4층),남향외벽,1,10,일반식,194219.34,547233.15,1.2,5.5,4.83,충족,5.5,4.83,충족,0.0,0.0,유지 충족
여의도고등학교 ②(4층) 2층-10,여의도고등학교,교사동 창면,여의도고등학교 ②(4층),남향외벽,2,10,일반식,194219.34,547233.15,4.7,5.67,5.0,충족,5.67,5.0,충족,0.0,0.0,유지 충족
여의도고등학교 ②(4층) 3층-10,여의도고등학교,교사동 창면,여의도고등학교 ②(4층),남향외벽,3,10,일반식,194219.34,547233.15,8.2,6.5,5.33,충족,6.5,5.33,충족,0.0,0.0,유지 충족
여의도고등학교 ②(4층) 4층-10,여의도고등학교,교사동 창면,여의도고등학교 ②(4층),남향외벽,4,10,일반식,194219.34,547233.15,11.7,6.83,5.5,충족,6.83,5.5,충족,0.0,0.0,유지 충족
여의도고등학교 ②(4층) 1층-11,여의도고등학교,교사동 창면,여의도고등학교 ②(4층),남향외벽,1,11,일반식,194215.37,547230.04,1.2,5.83,5.0,충족,5.83,5.0,충족,0.0,0.0,유지 충족
여의도고등학교 ②(4층) 2층-11,여의도고등학교,교사동 창면,여의도고등학교 ②(4층),남향외벽,2,11,일반식,194215.37,547230.04,4.7,5.83,5.0,충족,5.83,5.0,충족,0.0,0.0,유지 충족
여의도고등학교 ②(4층) 3층-11,여의도고등학교,교사동 창면,여의도고등학교 ②(4층),남향외벽,3,11,일반식,194215.37,547230.04,8.2,6.33,5.17,충족,6.33,5.17,충족,0.0,0.0,유지 충족
여의도고등학교 ②(4층) 4층-11,여의도고등학교,교사동 창면,여의도고등학교 ②(4층),남향외벽,4,11,일반식,194215.37,547230.04,11.7,7.0,5.5,충족,7.0,5.5,충족,0.0,0.0,유지 충족
여의도고등학교 ②(4층) 1층-12,여의도고등학교,교사동 창면,여의도고등학교 ②(4층),남향외벽,1,12,일반식,194211.4,547226.92,1.2,5.83,5.0,충족,5.83,5.0,충족,0.0,0.0,유지 충족
여의도고등학교 ②(4층) 2층-12,여의도고등학교,교사동 창면,여의도고등학교 ②(4층),남향외벽,2,12,일반식,194211.4,547226.92,4.7,6.0,5.17,충족,6.0,5.17,충족,0.0,0.0,유지 충족
여의도고등학교 ②(4층) 3층-12,여의도고등학교,교사동 창면,여의도고등학교 ②(4층),남향외벽,3,12,일반식,194211.4,547226.92,8.2,6.0,5.17,충족,6.0,5.17,충족,0.0,0.0,유지 충족
여의도고등학교 ②(4층) 4층-12,여의도고등학교,교사동 창면,여의도고등학교 ②(4층),남향외벽,4,12,일반식,194211.4,547226.92,11.7,6.83,5.33,충족,6.83,5.33,충족,0.0,0.0,유지 충족
여의도고등학교 ②(4층) 1층-13,여의도고등학교,교사동 창면,여의도고등학교 ②(4층),남향외벽,1,13,일반식,194207.06,547225.5,1.2,4.0,3.0,충족,4.0,3.0,충족,0.0,0.0,유지 충족
여의도고등학교 ②(4층) 2층-13,여의도고등학교,교사동 창면,여의도고등학교 ②(4층),남향외벽,2,13,일반식,194207.06,547225.5,4.7,4.5,3.33,충족,4.5,3.33,충족,0.0,0.0,유지 충족
여의도고등학교 ②(4층) 3층-13,여의도고등학교,교사동 창면,여의도고등학교 ②(4층),남향외벽,3,13,일반식,194207.06,547225.5,8.2,4.5,3.33,충족,4.5,3.33,충족,0.0,0.0,유지 충족
여의도고등학교 ②(4층) 4층-13,여의도고등학교,교사동 창면,여의도고등학교 ②(4층),남향외벽,4,13,일반식,194207.06,547225.5,11.7,5.0,3.33,충족,5.0,3.33,충족,0.0,0.0,유지 충족
여의도고등학교 ②(4층) 1층-14,여의도고등학교,교사동 창면,여의도고등학교 ②(4층),남향외벽,1,14,일반식,194203.95,547229.47,1.2,4.33,3.0,충족,4.33,3.0,충족,0.0,0.0,유지 충족
여의도고등학교 ②(4층) 2층-14,여의도고등학교,교사동 창면,여의도고등학교 ②(4층),남향외벽,2,14,일반식,194203.95,547229.47,4.7,4.5,3.17,충족,4.5,3.17,충족,0.0,0.0,유지 충족
여의도고등학교 ②(4층) 3층-14,여의도고등학교,교사동 창면,여의도고등학교 ②(4층),남향외벽,3,14,일반식,194203.95,547229.47,8.2,4.83,3.17,충족,4.83,3.17,충족,0.0,0.0,유지 충족
여의도고등학교 ②(4층) 4층-14,여의도고등학교,교사동 창면,여의도고등학교 ②(4층),남향외벽,4,14,일반식,194203.95,547229.47,11.7,5.0,3.33,충족,5.0,3.33,충족,0.0,0.0,유지 충족
여의도고등학교 ②(4층) 1층-15,여의도고등학교,교사동 창면,여의도고등학교 ②(4층),남향외벽,1,15,일반식,194200.83,547233.44,1.2,4.17,3.0,충족,4.17,3.0,충족,0.0,0.0,유지 충족
여의도고등학교 ②(4층) 2층-15,여의도고등학교,교사동 창면,여의도고등학교 ②(4층),남향외벽,2,15,일반식,194200.83,547233.44,4.7,4.5,3.17,충족,4.5,3.17,충족,0.0,0.0,유지 충족
여의도고등학교 ②(4층) 3층-15,여의도고등학교,교사동 창면,여의도고등학교 ②(4층),남향외벽,3,15,일반식,194200.83,547233.44,8.2,4.67,3.17,충족,4.67,3.17,충족,0.0,0.0,유지 충족
여의도고등학교 ②(4층) 4층-15,여의도고등학교,교사동 창면,여의도고등학교 ②(4층),남향외벽,4,15,일반식,194200.83,547233.44,11.7,5.17,3.33,충족,5.17,3.33,충족,0.0,0.0,유지 충족
여의도고등학교 ②(4층) 1층-16,여의도고등학교,교사동 창면,여의도고등학교 ②(4층),남향외벽,1,16,일반식,194197.72,547237.41,1.2,3.5,3.0,충족,3.5,3.0,충족,0.0,0.0,유지 충족
여의도고등학교 ②(4층) 2층-16,여의도고등학교,교사동 창면,여의도고등학교 ②(4층),남향외벽,2,16,일반식,194197.72,547237.41,4.7,3.83,3.17,충족,3.83,3.17,충족,0.0,0.0,유지 충족
여의도고등학교 ②(4층) 3층-16,여의도고등학교,교사동 창면,여의도고등학교 ②(4층),남향외벽,3,16,일반식,194197.72,547237.41,8.2,4.5,3.17,충족,4.5,3.17,충족,0.0,0.0,유지 충족
여의도고등학교 ②(4층) 4층-16,여의도고등학교,교사동 창면,여의도고등학교 ②(4층),남향외벽,4,16,일반식,194197.72,547237.41,11.7,4.83,3.17,충족,4.83,3.17,충족,0.0,0.0,유지 충족
여의도고등학교 ②(4층) 1층-17,여의도고등학교,교사동 창면,여의도고등학교 ②(4층),남향외벽,1,17,일반식,194194.61,547241.38,1.2,3.17,3.17,충족,3.17,3.17,충족,0.0,0.0,유지 충족
여의도고등학교 ②(4층) 2층-17,여의도고등학교,교사동 창면,여의도고등학교 ②(4층),남향외벽,2,17,일반식,194194.61,547241.38,4.7,4.0,3.17,충족,4.0,3.17,충족,0.0,0.0,유지 충족
여의도고등학교 ②(4층) 3층-17,여의도고등학교,교사동 창면,여의도고등학교 ②(4층),남향외벽,3,17,일반식,194194.61,547241.38,8.2,4.83,3.17,충족,4.83,3.17,충족,0.0,0.0,유지 충족
여의도고등학교 ②(4층) 4층-17,여의도고등학교,교사동 창면,여의도고등학교 ②(4층),남향외벽,4,17,일반식,194194.61,547241.38,11.7,5.17,3.17,충족,5.17,3.17,충족,0.0,0.0,유지 충족
여의도고등학교 ②(4층) 1층-18,여의도고등학교,교사동 창면,여의도고등학교 ②(4층),남향외벽,1,18,일반식,194203.84,547251.18,1.2,0.0,0.0,불충족,0.0,0.0,불충족,0.0,0.0,유지 불충족
여의도고등학교 ②(4층) 2층-18,여의도고등학교,교사동 창면,여의도고등학교 ②(4층),남향외벽,2,18,일반식,194203.84,547251.18,4.7,0.0,0.0,불충족,0.0,0.0,불충족,0.0,0.0,유지 불충족
여의도고등학교 ②(4층) 3층-18,여의도고등학교,교사동 창면,여의도고등학교 ②(4층),남향외벽,3,18,일반식,194203.84,547251.18,8.2,0.33,0.33,불충족,0.33,0.33,불충족,0.0,0.0,유지 불충족
여의도고등학교 ②(4층) 4층-18,여의도고등학교,교사동 창면,여의도고등학교 ②(4층),남향외벽,4,18,일반식,194203.84,547251.18,11.7,0.33,0.33,불충족,0.33,0.33,불충족,0.0,0.0,유지 불충족
여의도고등학교 ②(4층) 1층-19,여의도고등학교,교사동 창면,여의도고등학교 ②(4층),남향외벽,1,19,일반식,194200.73,547255.16,1.2,0.17,0.17,불충족,0.17,0.17,불충족,0.0,0.0,유지 불충족
여의도고등학교 ②(4층) 2층-19,여의도고등학교,교사동 창면,여의도고등학교 ②(4층),남향외벽,2,19,일반식,194200.73,547255.16,4.7,1.0,0.83,불충족,1.0,0.83,불충족,0.0,0.0,유지 불충족
여의도고등학교 ②(4층) 3층-19,여의도고등학교,교사동 창면,여의도고등학교 ②(4층),남향외벽,3,19,일반식,194200.73,547255.16,8.2,1.33,1.17,불충족,1.33,1.17,불충족,0.0,0.0,유지 불충족
여의도고등학교 ②(4층) 4층-19,여의도고등학교,교사동 창면,여의도고등학교 ②(4층),남향외벽,4,19,일반식,194200.73,547255.16,11.7,2.67,1.17,불충족,2.67,1.17,불충족,0.0,0.0,유지 불충족
여의도고등학교 ②(4층) 1층-20,여의도고등학교,교사동 창면,여의도고등학교 ②(4층),남향외벽,1,20,일반식,194197.62,547259.13,1.2,1.33,0.67,불충족,1.33,0.67,불충족,0.0,0.0,유지 불충족
여의도고등학교 ②(4층) 2층-20,여의도고등학교,교사동 창면,여의도고등학교 ②(4층),남향외벽,2,20,일반식,194197.62,547259.13,4.7,2.0,1.17,불충족,2.0,1.17,불충족,0.0,0.0,유지 불충족
여의도고등학교 ②(4층) 3층-20,여의도고등학교,교사동 창면,여의도고등학교 ②(4층),남향외벽,3,20,일반식,194197.62,547259.13,8.2,3.0,1.17,불충족,3.0,1.17,불충족,0.0,0.0,유지 불충족
여의도고등학교 ②(4층) 4층-20,여의도고등학교,교사동 창면,여의도고등학교 ②(4층),남향외벽,4,20,일반식,194197.62,547259.13,11.7,5.33,4.17,충족,5.33,4.17,충족,0.0,0.0,유지 충족
여의도고등학교 ②(4층) 1층-21,여의도고등학교,교사동 창면,여의도고등학교 ②(4층),남향외벽,1,21,일반식,194194.51,547263.1,1.2,2.5,1.17,불충족,2.5,1.17,불충족,0.0,0.0,유지 불충족
여의도고등학교 ②(4층) 2층-21,여의도고등학교,교사동 창면,여의도고등학교 ②(4층),남향외벽,2,21,일반식,194194.51,547263.1,4.7,3.0,1.17,불충족,3.0,1.17,불충족,0.0,0.0,유지 불충족
여의도고등학교 ②(4층) 3층-21,여의도고등학교,교사동 창면,여의도고등학교 ②(4층),남향외벽,3,21,일반식,194194.51,547263.1,8.2,4.67,3.5,충족,4.67,3.5,충족,0.0,0.0,유지 충족
여의도고등학교 ②(4층) 4층-21,여의도고등학교,교사동 창면,여의도고등학교 ②(4층),남향외벽,4,21,일반식,194194.51,547263.1,11.7,5.67,4.33,충족,5.67,4.33,충족,0.0,0.0,유지 충족
여의도고등학교 ②(4층) 1층-22,여의도고등학교,교사동 창면,여의도고등학교 ②(4층),남향외벽,1,22,일반식,194191.4,547267.08,1.2,3.0,1.17,불충족,3.0,1.17,불충족,0.0,0.0,유지 불충족
여의도고등학교 ②(4층) 2층-22,여의도고등학교,교사동 창면,여의도고등학교 ②(4층),남향외벽,2,22,일반식,194191.4,547267.08,4.7,3.83,2.0,충족,3.83,2.0,충족,0.0,0.0,유지 충족
여의도고등학교 ②(4층) 3층-22,여의도고등학교,교사동 창면,여의도고등학교 ②(4층),남향외벽,3,22,일반식,194191.4,547267.08,8.2,5.33,4.17,충족,5.33,4.17,충족,0.0,0.0,유지 충족
여의도고등학교 ②(4층) 4층-22,여의도고등학교,교사동 창면,여의도고등학교 ②(4층),남향외벽,4,22,일반식,194191.4,547267.08,11.7,5.5,4.17,충족,5.5,4.17,충족,0.0,0.0,유지 충족
여의도고등학교 ②(4층) 1층-23,여의도고등학교,교사동 창면,여의도고등학교 ②(4층),남향외벽,1,23,일반식,194188.29,547271.05,1.2,3.83,2.83,충족,3.83,2.83,충족,0.0,0.0,유지 충족
여의도고등학교 ②(4층) 2층-23,여의도고등학교,교사동 창면,여의도고등학교 ②(4층),남향외벽,2,23,일반식,194188.29,547271.05,4.7,4.83,3.67,충족,4.83,3.67,충족,0.0,0.0,유지 충족
여의도고등학교 ②(4층) 3층-23,여의도고등학교,교사동 창면,여의도고등학교 ②(4층),남향외벽,3,23,일반식,194188.29,547271.05,8.2,5.5,4.17,충족,5.5,4.17,충족,0.0,0.0,유지 충족
여의도고등학교 ②(4층) 4층-23,여의도고등학교,교사동 창면,여의도고등학교 ②(4층),남향외벽,4,23,일반식,194188.29,547271.05,11.7,5.5,4.17,충족,5.5,4.17,충족,0.0,0.0,유지 충족
여의도고등학교 ②(4층) 1층-24,여의도고등학교,교사동 창면,여의도고등학교 ②(4층),남향외벽,1,24,일반식,194185.18,547275.03,1.2,4.33,3.33,충족,4.33,3.33,충족,0.0,0.0,유지 충족
여의도고등학교 ②(4층) 2층-24,여의도고등학교,교사동 창면,여의도고등학교 ②(4층),남향외벽,2,24,일반식,194185.18,547275.03,4.7,5.33,4.17,충족,5.33,4.17,충족,0.0,0.0,유지 충족
여의도고등학교 ②(4층) 3층-24,여의도고등학교,교사동 창면,여의도고등학교 ②(4층),남향외벽,3,24,일반식,194185.18,547275.03,8.2,5.33,4.17,충족,5.33,4.17,충족,0.0,0.0,유지 충족
여의도고등학교 ②(4층) 4층-24,여의도고등학교,교사동 창면,여의도고등학교 ②(4층),남향외벽,4,24,일반식,194185.18,547275.03,11.7,5.33,4.17,충족,5.33,4.17,충족,0.0,0.0,유지 충족
여의도고등학교 ②(4층) 1층-25,여의도고등학교,교사동 창면,여의도고등학교 ②(4층),남향외벽,1,25,일반식,194182.08,547279.0,1.2,4.67,3.67,충족,4.67,3.67,충족,0.0,0.0,유지 충족
여의도고등학교 ②(4층) 2층-25,여의도고등학교,교사동 창면,여의도고등학교 ②(4층),남향외벽,2,25,일반식,194182.08,547279.0,4.7,5.0,4.0,충족,5.0,4.0,충족,0.0,0.0,유지 충족
여의도고등학교 ②(4층) 3층-25,여의도고등학교,교사동 창면,여의도고등학교 ②(4층),남향외벽,3,25,일반식,194182.08,547279.0,8.2,5.0,4.0,충족,5.0,4.0,충족,0.0,0.0,유지 충족
여의도고등학교 ②(4층) 4층-25,여의도고등학교,교사동 창면,여의도고등학교 ②(4층),남향외벽,4,25,일반식,194182.08,547279.0,11.7,5.0,4.0,충족,5.0,4.0,충족,0.0,0.0,유지 충족
여의도고등학교 ②(4층) 1층-26,여의도고등학교,교사동 창면,여의도고등학교 ②(4층),남향외벽,1,26,일반식,194178.97,547282.98,1.2,4.83,4.0,충족,4.83,4.0,충족,0.0,0.0,유지 충족
여의도고등학교 ②(4층) 2층-26,여의도고등학교,교사동 창면,여의도고등학교 ②(4층),남향외벽,2,26,일반식,194178.97,547282.98,4.7,4.83,4.0,충족,4.83,4.0,충족,0.0,0.0,유지 충족
여의도고등학교 ②(4층) 3층-26,여의도고등학교,교사동 창면,여의도고등학교 ②(4층),남향외벽,3,26,일반식,194178.97,547282.98,8.2,4.83,4.0,충족,4.83,4.0,충족,0.0,0.0,유지 충족
여의도고등학교 ②(4층) 4층-26,여의도고등학교,교사동 창면,여의도고등학교 ②(4층),남향외벽,4,26,일반식,194178.97,547282.98,11.7,5.0,4.0,충족,5.0,4.0,충족,0.0,0.0,유지 충족
여의도고등학교 ②(4층) 1층-27,여의도고등학교,교사동 창면,여의도고등학교 ②(4층),남향외벽,1,27,일반식,194175.86,547286.95,1.2,4.67,4.0,충족,4.67,4.0,충족,0.0,0.0,유지 충족
여의도고등학교 ②(4층) 2층-27,여의도고등학교,교사동 창면,여의도고등학교 ②(4층),남향외벽,2,27,일반식,194175.86,547286.95,4.7,4.67,4.0,충족,4.67,4.0,충족,0.0,0.0,유지 충족
여의도고등학교 ②(4층) 3층-27,여의도고등학교,교사동 창면,여의도고등학교 ②(4층),남향외벽,3,27,일반식,194175.86,547286.95,8.2,4.83,4.0,충족,4.83,4.0,충족,0.0,0.0,유지 충족
여의도고등학교 ②(4층) 4층-27,여의도고등학교,교사동 창면,여의도고등학교 ②(4층),남향외벽,4,27,일반식,194175.86,547286.95,11.7,5.0,4.0,충족,5.0,4.0,충족,0.0,0.0,유지 충족
여의도고등학교 ②(4층) 1층-28,여의도고등학교,교사동 창면,여의도고등학교 ②(4층),남향외벽,1,28,일반식,194172.75,547290.93,1.2,4.5,3.83,충족,4.5,3.83,충족,0.0,0.0,유지 충족
여의도고등학교 ②(4층) 2층-28,여의도고등학교,교사동 창면,여의도고등학교 ②(4층),남향외벽,2,28,일반식,194172.75,547290.93,4.7,4.67,3.83,충족,4.67,3.83,충족,0.0,0.0,유지 충족
여의도고등학교 ②(4층) 3층-28,여의도고등학교,교사동 창면,여의도고등학교 ②(4층),남향외벽,3,28,일반식,194172.75,547290.93,8.2,5.0,4.0,충족,5.0,4.0,충족,0.0,0.0,유지 충족
여의도고등학교 ②(4층) 4층-28,여의도고등학교,교사동 창면,여의도고등학교 ②(4층),남향외벽,4,28,일반식,194172.75,547290.93,11.7,5.33,4.0,충족,5.33,4.0,충족,0.0,0.0,유지 충족
여의도고등학교 ②(4층) 1층-29,여의도고등학교,교사동 창면,여의도고등학교 ②(4층),남향외벽,1,29,일반식,194169.64,547294.9,1.2,4.5,3.83,충족,4.5,3.83,충족,0.0,0.0,유지 충족
여의도고등학교 ②(4층) 2층-29,여의도고등학교,교사동 창면,여의도고등학교 ②(4층),남향외벽,2,29,일반식,194169.64,547294.9,4.7,4.67,3.83,충족,4.67,3.83,충족,0.0,0.0,유지 충족
여의도고등학교 ②(4층) 3층-29,여의도고등학교,교사동 창면,여의도고등학교 ②(4층),남향외벽,3,29,일반식,194169.64,547294.9,8.2,5.17,4.0,충족,5.17,4.0,충족,0.0,0.0,유지 충족
여의도고등학교 ②(4층) 4층-29,여의도고등학교,교사동 창면,여의도고등학교 ②(4층),남향외벽,4,29,일반식,194169.64,547294.9,11.7,5.33,5.33,충족,5.33,5.33,충족,0.0,0.0,유지 충족
여의도고등학교 ②(4층) 1층-30,여의도고등학교,교사동 창면,여의도고등학교 ②(4층),남향외벽,1,30,일반식,194166.53,547298.87,1.2,4.67,3.83,충족,4.67,3.83,충족,0.0,0.0,유지 충족
여의도고등학교 ②(4층) 2층-30,여의도고등학교,교사동 창면,여의도고등학교 ②(4층),남향외벽,2,30,일반식,194166.53,547298.87,4.7,4.83,3.83,충족,4.83,3.83,충족,0.0,0.0,유지 충족
여의도고등학교 ②(4층) 3층-30,여의도고등학교,교사동 창면,여의도고등학교 ②(4층),남향외벽,3,30,일반식,194166.53,547298.87,8.2,5.33,5.17,충족,5.33,5.17,충족,0.0,0.0,유지 충족
여의도고등학교 ②(4층) 4층-30,여의도고등학교,교사동 창면,여의도고등학교 ②(4층),남향외벽,4,30,일반식,194166.53,547298.87,11.7,5.5,5.33,충족,5.5,5.33,충족,0.0,0.0,유지 충족
여의도고등학교 ②(4층) 1층-31,여의도고등학교,교사동 창면,여의도고등학교 ②(4층),남향외벽,1,31,일반식,194163.42,547302.85,1.2,5.0,3.83,충족,5.0,3.83,충족,0.0,0.0,유지 충족
여의도고등학교 ②(4층) 2층-31,여의도고등학교,교사동 창면,여의도고등학교 ②(4층),남향외벽,2,31,일반식,194163.42,547302.85,4.7,5.17,3.83,충족,5.17,3.83,충족,0.0,0.0,유지 충족
여의도고등학교 ②(4층) 3층-31,여의도고등학교,교사동 창면,여의도고등학교 ②(4층),남향외벽,3,31,일반식,194163.42,547302.85,8.2,5.5,5.17,충족,5.5,5.17,충족,0.0,0.0,유지 충족
여의도고등학교 ②(4층) 4층-31,여의도고등학교,교사동 창면,여의도고등학교 ②(4층),남향외벽,4,31,일반식,194163.42,547302.85,11.7,5.83,5.33,충족,5.83,5.33,충족,0.0,0.0,유지 충족
여의도고등학교 ②(4층) 1층-32,여의도고등학교,교사동 창면,여의도고등학교 ②(4층),남향외벽,1,32,일반식,194160.31,547306.82,1.2,5.17,3.83,충족,5.17,3.83,충족,0.0,0.0,유지 충족
여의도고등학교 ②(4층) 2층-32,여의도고등학교,교사동 창면,여의도고등학교 ②(4층),남향외벽,2,32,일반식,194160.31,547306.82,4.7,5.5,5.0,충족,5.5,5.0,충족,0.0,0.0,유지 충족
여의도고등학교 ②(4층) 3층-32,여의도고등학교,교사동 창면,여의도고등학교 ②(4층),남향외벽,3,32,일반식,194160.31,547306.82,8.2,6.0,6.0,충족,6.0,6.0,충족,0.0,0.0,유지 충족
여의도고등학교 ②(4층) 4층-32,여의도고등학교,교사동 창면,여의도고등학교 ②(4층),남향외벽,4,32,일반식,194160.31,547306.82,11.7,6.0,6.0,충족,6.0,6.0,충족,0.0,0.0,유지 충족
여의도고등학교 ②(4층) 1층-33,여의도고등학교,교사동 창면,여의도고등학교 ②(4층),남향외벽,1,33,일반식,194157.2,547310.8,1.2,5.33,4.83,충족,5.33,4.83,충족,0.0,0.0,유지 충족
여의도고등학교 ②(4층) 2층-33,여의도고등학교,교사동 창면,여의도고등학교 ②(4층),남향외벽,2,33,일반식,194157.2,547310.8,4.7,5.83,5.83,충족,5.83,5.83,충족,0.0,0.0,유지 충족
여의도고등학교 ②(4층) 3층-33,여의도고등학교,교사동 창면,여의도고등학교 ②(4층),남향외벽,3,33,일반식,194157.2,547310.8,8.2,5.83,5.83,충족,5.83,5.83,충족,0.0,0.0,유지 충족
여의도고등학교 ②(4층) 4층-33,여의도고등학교,교사동 창면,여의도고등학교 ②(4층),남향외벽,4,33,일반식,194157.2,547310.8,11.7,6.0,6.0,충족,6.0,6.0,충족,0.0,0.0,유지 충족
여의도고등학교 ②(4층) 1층-34,여의도고등학교,교사동 창면,여의도고등학교 ②(4층),남향외벽,1,34,일반식,194154.09,547314.77,1.2,5.67,5.67,충족,5.67,5.67,충족,0.0,0.0,유지 충족
여의도고등학교 ②(4층) 2층-34,여의도고등학교,교사동 창면,여의도고등학교 ②(4층),남향외벽,2,34,일반식,194154.09,547314.77,4.7,5.67,5.67,충족,5.67,5.67,충족,0.0,0.0,유지 충족
여의도고등학교 ②(4층) 3층-34,여의도고등학교,교사동 창면,여의도고등학교 ②(4층),남향외벽,3,34,일반식,194154.09,547314.77,8.2,5.83,5.83,충족,5.83,5.83,충족,0.0,0.0,유지 충족
여의도고등학교 ②(4층) 4층-34,여의도고등학교,교사동 창면,여의도고등학교 ②(4층),남향외벽,4,34,일반식,194154.09,547314.77,11.7,6.0,6.0,충족,6.0,6.0,충족,0.0,0.0,유지 충족
여의도고등학교 ②(4층) 1층-35,여의도고등학교,교사동 창면,여의도고등학교 ②(4층),남향외벽,1,35,일반식,194150.98,547318.75,1.2,5.5,5.5,충족,5.5,5.5,충족,0.0,0.0,유지 충족
여의도고등학교 ②(4층) 2층-35,여의도고등학교,교사동 창면,여의도고등학교 ②(4층),남향외벽,2,35,일반식,194150.98,547318.75,4.7,5.67,5.67,충족,5.67,5.67,충족,0.0,0.0,유지 충족
여의도고등학교 ②(4층) 3층-35,여의도고등학교,교사동 창면,여의도고등학교 ②(4층),남향외벽,3,35,일반식,194150.98,547318.75,8.2,5.83,5.83,충족,5.83,5.83,충족,0.0,0.0,유지 충족
여의도고등학교 ②(4층) 4층-35,여의도고등학교,교사동 창면,여의도고등학교 ②(4층),남향외벽,4,35,일반식,194150.98,547318.75,11.7,6.0,6.0,충족,6.0,6.0,충족,0.0,0.0,유지 충족
여의도고등학교 ②(4층) 1층-36,여의도고등학교,교사동 창면,여의도고등학교 ②(4층),남향외벽,1,36,일반식,194147.87,547322.72,1.2,5.5,5.5,충족,5.5,5.5,충족,0.0,0.0,유지 충족
여의도고등학교 ②(4층) 2층-36,여의도고등학교,교사동 창면,여의도고등학교 ②(4층),남향외벽,2,36,일반식,194147.87,547322.72,4.7,5.67,5.67,충족,5.67,5.67,충족,0.0,0.0,유지 충족
여의도고등학교 ②(4층) 3층-36,여의도고등학교,교사동 창면,여의도고등학교 ②(4층),남향외벽,3,36,일반식,194147.87,547322.72,8.2,5.83,5.83,충족,5.83,5.83,충족,0.0,0.0,유지 충족
여의도고등학교 ②(4층) 4층-36,여의도고등학교,교사동 창면,여의도고등학교 ②(4층),남향외벽,4,36,일반식,194147.87,547322.72,11.7,6.0,6.0,충족,6.0,6.0,충족,0.0,0.0,유지 충족
여의도고등학교 ②(4층) 1층-37,여의도고등학교,교사동 창면,여의도고등학교 ②(4층),남향외벽,1,37,일반식,194144.76,547326.7,1.2,5.5,5.5,충족,5.5,5.5,충족,0.0,0.0,유지 충족
여의도고등학교 ②(4층) 2층-37,여의도고등학교,교사동 창면,여의도고등학교 ②(4층),남향외벽,2,37,일반식,194144.76,547326.7,4.7,5.83,5.83,충족,5.83,5.83,충족,0.0,0.0,유지 충족
여의도고등학교 ②(4층) 3층-37,여의도고등학교,교사동 창면,여의도고등학교 ②(4층),남향외벽,3,37,일반식,194144.76,547326.7,8.2,5.83,5.83,충족,5.83,5.83,충족,0.0,0.0,유지 충족
여의도고등학교 ②(4층) 4층-37,여의도고등학교,교사동 창면,여의도고등학교 ②(4층),남향외벽,4,37,일반식,194144.76,547326.7,11.7,6.0,6.0,충족,6.0,6.0,충족,0.0,0.0,유지 충족
여의도고등학교 ②(4층) 1층-38,여의도고등학교,교사동 창면,여의도고등학교 ②(4층),남향외벽,1,38,일반식,194141.66,547330.67,1.2,5.67,5.67,충족,5.67,5.67,충족,0.0,0.0,유지 충족
여의도고등학교 ②(4층) 2층-38,여의도고등학교,교사동 창면,여의도고등학교 ②(4층),남향외벽,2,38,일반식,194141.66,547330.67,4.7,5.67,5.67,충족,5.67,5.67,충족,0.0,0.0,유지 충족
여의도고등학교 ②(4층) 3층-38,여의도고등학교,교사동 창면,여의도고등학교 ②(4층),남향외벽,3,38,일반식,194141.66,547330.67,8.2,5.83,5.83,충족,5.83,5.83,충족,0.0,0.0,유지 충족
여의도고등학교 ②(4층) 4층-38,여의도고등학교,교사동 창면,여의도고등학교 ②(4층),남향외벽,4,38,일반식,194141.66,547330.67,11.7,6.0,6.0,충족,6.0,6.0,충족,0.0,0.0,유지 충족
여의도고등학교 ②(4층) 1층-39,여의도고등학교,교사동 창면,여의도고등학교 ②(4층),남향외벽,1,39,일반식,194138.55,547334.64,1.2,5.5,5.5,충족,5.5,5.5,충족,0.0,0.0,유지 충족
여의도고등학교 ②(4층) 2층-39,여의도고등학교,교사동 창면,여의도고등학교 ②(4층),남향외벽,2,39,일반식,194138.55,547334.64,4.7,5.67,5.67,충족,5.67,5.67,충족,0.0,0.0,유지 충족
여의도고등학교 ②(4층) 3층-39,여의도고등학교,교사동 창면,여의도고등학교 ②(4층),남향외벽,3,39,일반식,194138.55,547334.64,8.2,5.83,5.83,충족,5.83,5.83,충족,0.0,0.0,유지 충족
여의도고등학교 ②(4층) 4층-39,여의도고등학교,교사동 창면,여의도고등학교 ②(4층),남향외벽,4,39,일반식,194138.55,547334.64,11.7,5.83,5.83,충족,5.83,5.83,충족,0.0,0.0,유지 충족
여의도고등학교 ②(4층) 1층-40,여의도고등학교,교사동 창면,여의도고등학교 ②(4층),남향외벽,1,40,일반식,194135.44,547338.62,1.2,5.5,5.5,충족,5.5,5.5,충족,0.0,0.0,유지 충족
여의도고등학교 ②(4층) 2층-40,여의도고등학교,교사동 창면,여의도고등학교 ②(4층),남향외벽,2,40,일반식,194135.44,547338.62,4.7,5.67,5.67,충족,5.67,5.67,충족,0.0,0.0,유지 충족
여의도고등학교 ②(4층) 3층-40,여의도고등학교,교사동 창면,여의도고등학교 ②(4층),남향외벽,3,40,일반식,194135.44,547338.62,8.2,5.67,5.67,충족,5.67,5.67,충족,0.0,0.0,유지 충족
여의도고등학교 ②(4층) 4층-40,여의도고등학교,교사동 창면,여의도고등학교 ②(4층),남향외벽,4,40,일반식,194135.44,547338.62,11.7,5.67,5.67,충족,5.67,5.67,충족,0.0,0.0,유지 충족
여의도고등학교 ②(4층) 1층-41,여의도고등학교,교사동 창면,여의도고등학교 ②(4층),남향외벽,1,41,일반식,194132.33,547342.59,1.2,5.33,5.33,충족,5.33,5.33,충족,0.0,0.0,유지 충족
여의도고등학교 ②(4층) 2층-41,여의도고등학교,교사동 창면,여의도고등학교 ②(4층),남향외벽,2,41,일반식,194132.33,547342.59,4.7,5.33,5.33,충족,5.33,5.33,충족,0.0,0.0,유지 충족
여의도고등학교 ②(4층) 3층-41,여의도고등학교,교사동 창면,여의도고등학교 ②(4층),남향외벽,3,41,일반식,194132.33,547342.59,8.2,5.33,5.33,충족,5.33,5.33,충족,0.0,0.0,유지 충족
여의도고등학교 ②(4층) 4층-41,여의도고등학교,교사동 창면,여의도고등학교 ②(4층),남향외벽,4,41,일반식,194132.33,547342.59,11.7,5.33,5.33,충족,5.33,5.33,충족,0.0,0.0,유지 충족
여의도고등학교 ②(4층) 1층-42,여의도고등학교,교사동 창면,여의도고등학교 ②(4층),남향외벽,1,42,일반식,194129.22,547346.57,1.2,5.17,5.17,충족,5.17,5.17,충족,0.0,0.0,유지 충족
여의도고등학교 ②(4층) 2층-42,여의도고등학교,교사동 창면,여의도고등학교 ②(4층),남향외벽,2,42,일반식,194129.22,547346.57,4.7,5.17,5.17,충족,5.17,5.17,충족,0.0,0.0,유지 충족
여의도고등학교 ②(4층) 3층-42,여의도고등학교,교사동 창면,여의도고등학교 ②(4층),남향외벽,3,42,일반식,194129.22,547346.57,8.2,5.17,5.17,충족,5.17,5.17,충족,0.0,0.0,유지 충족
여의도고등학교 ②(4층) 4층-42,여의도고등학교,교사동 창면,여의도고등학교 ②(4층),남향외벽,4,42,일반식,194129.22,547346.57,11.7,5.33,5.33,충족,5.33,5.33,충족,0.0,0.0,유지 충족
여의도고등학교 ②(4층) 1층-43,여의도고등학교,교사동 창면,여의도고등학교 ②(4층),남향외벽,1,43,일반식,194126.11,547350.54,1.2,5.0,5.0,충족,5.0,5.0,충족,0.0,0.0,유지 충족
여의도고등학교 ②(4층) 2층-43,여의도고등학교,교사동 창면,여의도고등학교 ②(4층),남향외벽,2,43,일반식,194126.11,547350.54,4.7,5.0,5.0,충족,5.0,5.0,충족,0.0,0.0,유지 충족
여의도고등학교 ②(4층) 3층-43,여의도고등학교,교사동 창면,여의도고등학교 ②(4층),남향외벽,3,43,일반식,194126.11,547350.54,8.2,5.17,5.17,충족,5.17,5.17,충족,0.0,0.0,유지 충족
여의도고등학교 ②(4층) 4층-43,여의도고등학교,교사동 창면,여의도고등학교 ②(4층),남향외벽,4,43,일반식,194126.11,547350.54,11.7,5.33,5.33,충족,5.33,5.33,충족,0.0,0.0,유지 충족
여의도고등학교 ②(4층) 1층-44,여의도고등학교,교사동 창면,여의도고등학교 ②(4층),남향외벽,1,44,일반식,194123.0,547354.52,1.2,4.83,4.83,충족,4.83,4.83,충족,0.0,0.0,유지 충족
여의도고등학교 ②(4층) 2층-44,여의도고등학교,교사동 창면,여의도고등학교 ②(4층),남향외벽,2,44,일반식,194123.0,547354.52,4.7,5.0,5.0,충족,5.0,5.0,충족,0.0,0.0,유지 충족
여의도고등학교 ②(4층) 3층-44,여의도고등학교,교사동 창면,여의도고등학교 ②(4층),남향외벽,3,44,일반식,194123.0,547354.52,8.2,5.17,5.17,충족,5.17,5.17,충족,0.0,0.0,유지 충족
여의도고등학교 ②(4층) 4층-44,여의도고등학교,교사동 창면,여의도고등학교 ②(4층),남향외벽,4,44,일반식,194123.0,547354.52,11.7,5.5,5.5,충족,5.5,5.5,충족,0.0,0.0,유지 충족
여의도고등학교 ③(3층) 1층-1,여의도고등학교,교사동 창면,여의도고등학교 ③(3층),남향외벽,1,1,일반식,194188.39,547220.35,1.2,5.83,4.0,충족,5.83,4.0,충족,0.0,0.0,유지 충족
여의도고등학교 ③(3층) 2층-1,여의도고등학교,교사동 창면,여의도고등학교 ③(3층),남향외벽,2,1,일반식,194188.39,547220.35,4.7,6.0,4.17,충족,6.0,4.17,충족,0.0,0.0,유지 충족
여의도고등학교 ③(3층) 3층-1,여의도고등학교,교사동 창면,여의도고등학교 ③(3층),남향외벽,3,1,일반식,194188.39,547220.35,8.2,6.33,4.5,충족,6.33,4.5,충족,0.0,0.0,유지 충족
여의도고등학교 ③(3층) 1층-2,여의도고등학교,교사동 창면,여의도고등학교 ③(3층),남향외벽,1,2,일반식,194184.36,547217.11,1.2,5.17,3.33,충족,5.17,3.33,충족,0.0,0.0,유지 충족
여의도고등학교 ③(3층) 2층-2,여의도고등학교,교사동 창면,여의도고등학교 ③(3층),남향외벽,2,2,일반식,194184.36,547217.11,4.7,5.5,3.67,충족,5.5,3.67,충족,0.0,0.0,유지 충족
여의도고등학교 ③(3층) 3층-2,여의도고등학교,교사동 창면,여의도고등학교 ③(3층),남향외벽,3,2,일반식,194184.36,547217.11,8.2,5.83,4.0,충족,5.83,4.0,충족,0.0,0.0,유지 충족
여의도고등학교 ③(3층) 1층-3,여의도고등학교,교사동 창면,여의도고등학교 ③(3층),남향외벽,1,3,일반식,194180.32,547213.88,1.2,4.5,2.83,충족,4.33,1.83,충족,-0.17,-1.0,유지 충족
여의도고등학교 ③(3층) 2층-3,여의도고등학교,교사동 창면,여의도고등학교 ③(3층),남향외벽,2,3,일반식,194180.32,547213.88,4.7,5.0,3.17,충족,5.0,3.17,충족,0.0,0.0,유지 충족
여의도고등학교 ③(3층) 3층-3,여의도고등학교,교사동 창면,여의도고등학교 ③(3층),남향외벽,3,3,일반식,194180.32,547213.88,8.2,5.5,3.67,충족,5.5,3.67,충족,0.0,0.0,유지 충족
여의도고등학교 ③(3층) 1층-4,여의도고등학교,교사동 창면,여의도고등학교 ③(3층),남향외벽,1,4,일반식,194176.28,547210.64,1.2,4.67,2.67,충족,4.5,2.0,충족,-0.17,-0.67,유지 충족
여의도고등학교 ③(3층) 2층-4,여의도고등학교,교사동 창면,여의도고등학교 ③(3층),남향외벽,2,4,일반식,194176.28,547210.64,4.7,4.83,2.83,충족,4.67,2.0,충족,-0.16,-0.83,유지 충족
여의도고등학교 ③(3층) 3층-4,여의도고등학교,교사동 창면,여의도고등학교 ③(3층),남향외벽,3,4,일반식,194176.28,547210.64,8.2,5.17,3.0,충족,5.17,3.0,충족,0.0,0.0,유지 충족
여의도고등학교 ③(3층) 1층-5,여의도고등학교,교사동 창면,여의도고등학교 ③(3층),남향외벽,1,5,일반식,194172.24,547207.41,1.2,4.83,2.5,충족,4.33,1.83,충족,-0.5,-0.67,유지 충족
여의도고등학교 ③(3층) 2층-5,여의도고등학교,교사동 창면,여의도고등학교 ③(3층),남향외벽,2,5,일반식,194172.24,547207.41,4.7,4.83,2.5,충족,4.5,1.83,충족,-0.33,-0.67,유지 충족
여의도고등학교 ③(3층) 3층-5,여의도고등학교,교사동 창면,여의도고등학교 ③(3층),남향외벽,3,5,일반식,194172.24,547207.41,8.2,5.0,2.67,충족,4.83,1.83,충족,-0.17,-0.84,유지 충족
여의도고등학교 ③(3층) 1층-6,여의도고등학교,교사동 창면,여의도고등학교 ③(3층),남향외벽,1,6,일반식,194168.21,547204.17,1.2,4.5,2.17,충족,4.17,1.83,충족,-0.33,-0.34,유지 충족
여의도고등학교 ③(3층) 2층-6,여의도고등학교,교사동 창면,여의도고등학교 ③(3층),남향외벽,2,6,일반식,194168.21,547204.17,4.7,4.83,2.17,충족,4.5,1.83,충족,-0.33,-0.34,유지 충족
여의도고등학교 ③(3층) 3층-6,여의도고등학교,교사동 창면,여의도고등학교 ③(3층),남향외벽,3,6,일반식,194168.21,547204.17,8.2,5.0,2.33,충족,4.83,1.83,충족,-0.17,-0.5,유지 충족
여의도고등학교 ③(3층) 1층-7,여의도고등학교,교사동 창면,여의도고등학교 ③(3층),남향외벽,1,7,일반식,194164.17,547200.94,1.2,4.5,1.83,충족,4.33,1.67,충족,-0.17,-0.16,유지 충족
여의도고등학교 ③(3층) 2층-7,여의도고등학교,교사동 창면,여의도고등학교 ③(3층),남향외벽,2,7,일반식,194164.17,547200.94,4.7,5.0,2.0,충족,4.67,1.67,충족,-0.33,-0.33,유지 충족
여의도고등학교 ③(3층) 3층-7,여의도고등학교,교사동 창면,여의도고등학교 ③(3층),남향외벽,3,7,일반식,194164.17,547200.94,8.2,5.0,2.0,충족,4.67,1.67,충족,-0.33,-0.33,유지 충족
여의도고등학교 ③(3층) 1층-8,여의도고등학교,교사동 창면,여의도고등학교 ③(3층),남향외벽,1,8,일반식,194160.24,547203.37,1.2,3.0,1.17,불충족,3.0,1.17,불충족,0.0,0.0,유지 불충족
여의도고등학교 ③(3층) 2층-8,여의도고등학교,교사동 창면,여의도고등학교 ③(3층),남향외벽,2,8,일반식,194160.24,547203.37,4.7,3.17,1.17,불충족,3.17,1.17,불충족,0.0,0.0,유지 불충족
여의도고등학교 ③(3층) 3층-8,여의도고등학교,교사동 창면,여의도고등학교 ③(3층),남향외벽,3,8,일반식,194160.24,547203.37,8.2,3.17,1.17,불충족,3.17,1.17,불충족,0.0,0.0,유지 불충족
여의도고등학교 ③(3층) 1층-9,여의도고등학교,교사동 창면,여의도고등학교 ③(3층),남향외벽,1,9,일반식,194157.08,547207.47,1.2,3.17,1.33,불충족,3.17,1.33,불충족,0.0,0.0,유지 불충족
여의도고등학교 ③(3층) 2층-9,여의도고등학교,교사동 창면,여의도고등학교 ③(3층),남향외벽,2,9,일반식,194157.08,547207.47,4.7,3.33,1.33,불충족,3.33,1.33,불충족,0.0,0.0,유지 불충족
여의도고등학교 ③(3층) 3층-9,여의도고등학교,교사동 창면,여의도고등학교 ③(3층),남향외벽,3,9,일반식,194157.08,547207.47,8.2,3.33,1.33,불충족,3.33,1.33,불충족,0.0,0.0,유지 불충족
여의도고등학교 ③(3층) 1층-10,여의도고등학교,교사동 창면,여의도고등학교 ③(3층),남향외벽,1,10,일반식,194153.92,547211.57,1.2,3.5,1.33,불충족,3.5,1.33,불충족,0.0,0.0,유지 불충족
여의도고등학교 ③(3층) 2층-10,여의도고등학교,교사동 창면,여의도고등학교 ③(3층),남향외벽,2,10,일반식,194153.92,547211.57,4.7,3.83,1.5,불충족,3.83,1.5,불충족,0.0,0.0,유지 불충족
여의도고등학교 ③(3층) 3층-10,여의도고등학교,교사동 창면,여의도고등학교 ③(3층),남향외벽,3,10,일반식,194153.92,547211.57,8.2,3.83,1.5,불충족,3.83,1.5,불충족,0.0,0.0,유지 불충족
여의도고등학교 운동장-1,여의도고등학교,운동장 지반,여의도고등학교 운동장,지반,0,1,옥외지반 근사,194143.78,547186.13,0.0,3.33,1.5,불충족,3.17,1.5,불충족,-0.16,0.0,유지 불충족
여의도고등학교 운동장-2,여의도고등학교,운동장 지반,여의도고등학교 운동장,지반,0,2,옥외지반 근사,194151.78,547186.13,0.0,3.5,1.17,불충족,3.17,1.17,불충족,-0.33,0.0,유지 불충족
여의도고등학교 운동장-3,여의도고등학교,운동장 지반,여의도고등학교 운동장,지반,0,3,옥외지반 근사,194159.78,547186.13,0.0,3.0,1.83,불충족,3.0,1.83,불충족,0.0,0.0,유지 불충족
여의도고등학교 운동장-4,여의도고등학교,운동장 지반,여의도고등학교 운동장,지반,0,4,옥외지반 근사,194167.78,547186.13,0.0,2.83,1.33,불충족,2.83,1.33,불충족,0.0,0.0,유지 불충족
여의도고등학교 운동장-5,여의도고등학교,운동장 지반,여의도고등학교 운동장,지반,0,5,옥외지반 근사,194175.78,547186.13,0.0,2.33,1.67,불충족,2.17,1.5,불충족,-0.16,-0.17,유지 불충족
여의도고등학교 운동장-6,여의도고등학교,운동장 지반,여의도고등학교 운동장,지반,0,6,옥외지반 근사,194223.78,547186.13,0.0,3.83,3.83,충족,3.33,2.17,충족,-0.5,-1.66,유지 충족
여의도고등학교 운동장-7,여의도고등학교,운동장 지반,여의도고등학교 운동장,지반,0,7,옥외지반 근사,194231.78,547186.13,0.0,4.0,4.0,충족,3.5,2.17,충족,-0.5,-1.83,유지 충족
여의도고등학교 운동장-8,여의도고등학교,운동장 지반,여의도고등학교 운동장,지반,0,8,옥외지반 근사,194135.78,547194.13,0.0,4.5,2.5,충족,4.0,2.0,충족,-0.5,-0.5,유지 충족
여의도고등학교 운동장-9,여의도고등학교,운동장 지반,여의도고등학교 운동장,지반,0,9,옥외지반 근사,194143.78,547194.13,0.0,4.17,2.5,충족,3.83,2.17,충족,-0.34,-0.33,유지 충족
여의도고등학교 운동장-10,여의도고등학교,운동장 지반,여의도고등학교 운동장,지반,0,10,옥외지반 근사,194151.78,547194.13,0.0,4.0,2.17,충족,4.0,2.17,충족,0.0,0.0,유지 충족
여의도고등학교 운동장-11,여의도고등학교,운동장 지반,여의도고등학교 운동장,지반,0,11,옥외지반 근사,194159.78,547194.13,0.0,3.67,1.33,불충족,3.67,1.33,불충족,0.0,0.0,유지 불충족
여의도고등학교 운동장-12,여의도고등학교,운동장 지반,여의도고등학교 운동장,지반,0,12,옥외지반 근사,194167.78,547194.13,0.0,3.5,1.67,불충족,3.33,1.5,불충족,-0.17,-0.17,유지 불충족
여의도고등학교 운동장-13,여의도고등학교,운동장 지반,여의도고등학교 운동장,지반,0,13,옥외지반 근사,194175.78,547194.13,0.0,3.17,2.17,충족,2.83,1.83,불충족,-0.34,-0.34,신규 불충족
여의도고등학교 운동장-14,여의도고등학교,운동장 지반,여의도고등학교 운동장,지반,0,14,옥외지반 근사,194183.78,547194.13,0.0,3.17,2.33,충족,2.5,1.67,불충족,-0.67,-0.66,신규 불충족
여의도고등학교 운동장-15,여의도고등학교,운동장 지반,여의도고등학교 운동장,지반,0,15,옥외지반 근사,194191.78,547194.13,0.0,3.17,2.67,충족,2.67,1.83,불충족,-0.5,-0.84,신규 불충족
여의도고등학교 운동장-16,여의도고등학교,운동장 지반,여의도고등학교 운동장,지반,0,16,옥외지반 근사,194199.78,547194.13,0.0,3.0,3.0,충족,2.5,2.0,충족,-0.5,-1.0,유지 충족
여의도고등학교 운동장-17,여의도고등학교,운동장 지반,여의도고등학교 운동장,지반,0,17,옥외지반 근사,194207.78,547194.13,0.0,3.33,3.33,충족,2.83,2.0,충족,-0.5,-1.33,유지 충족
여의도고등학교 운동장-18,여의도고등학교,운동장 지반,여의도고등학교 운동장,지반,0,18,옥외지반 근사,194215.78,547194.13,0.0,3.67,3.67,충족,3.17,2.0,충족,-0.5,-1.67,유지 충족
여의도고등학교 운동장-19,여의도고등학교,운동장 지반,여의도고등학교 운동장,지반,0,19,옥외지반 근사,194223.78,547194.13,0.0,4.17,4.17,충족,3.83,2.17,충족,-0.34,-2.0,유지 충족
여의도고등학교 운동장-20,여의도고등학교,운동장 지반,여의도고등학교 운동장,지반,0,20,옥외지반 근사,194231.78,547194.13,0.0,4.5,4.5,충족,4.17,2.33,충족,-0.33,-2.17,유지 충족
여의도고등학교 운동장-21,여의도고등학교,운동장 지반,여의도고등학교 운동장,지반,0,21,옥외지반 근사,194135.78,547202.13,0.0,4.83,2.5,충족,4.5,2.17,충족,-0.33,-0.33,유지 충족
여의도고등학교 운동장-22,여의도고등학교,운동장 지반,여의도고등학교 운동장,지반,0,22,옥외지반 근사,194143.78,547202.13,0.0,4.83,2.17,충족,4.83,2.17,충족,0.0,0.0,유지 충족
여의도고등학교 운동장-23,여의도고등학교,운동장 지반,여의도고등학교 운동장,지반,0,23,옥외지반 근사,194151.78,547202.13,0.0,5.0,1.83,충족,5.0,1.83,충족,0.0,0.0,유지 충족
여의도고등학교 운동장-24,여의도고등학교,운동장 지반,여의도고등학교 운동장,지반,0,24,옥외지반 근사,194159.78,547202.13,0.0,4.5,1.83,충족,4.33,1.67,충족,-0.17,-0.16,유지 충족
여의도고등학교 운동장-25,여의도고등학교,운동장 지반,여의도고등학교 운동장,지반,0,25,옥외지반 근사,194167.78,547202.13,0.0,4.17,2.0,충족,3.83,1.67,불충족,-0.34,-0.33,신규 불충족
여의도고등학교 운동장-26,여의도고등학교,운동장 지반,여의도고등학교 운동장,지반,0,26,옥외지반 근사,194175.78,547202.13,0.0,3.83,2.17,충족,3.33,1.67,불충족,-0.5,-0.5,신규 불충족
여의도고등학교 운동장-27,여의도고등학교,운동장 지반,여의도고등학교 운동장,지반,0,27,옥외지반 근사,194183.78,547202.13,0.0,4.0,2.5,충족,3.5,1.83,불충족,-0.5,-0.67,신규 불충족
여의도고등학교 운동장-28,여의도고등학교,운동장 지반,여의도고등학교 운동장,지반,0,28,옥외지반 근사,194191.78,547202.13,0.0,4.0,3.0,충족,3.67,2.0,충족,-0.33,-1.0,유지 충족
여의도고등학교 운동장-29,여의도고등학교,운동장 지반,여의도고등학교 운동장,지반,0,29,옥외지반 근사,194199.78,547202.13,0.0,3.83,3.33,충족,3.5,2.0,충족,-0.33,-1.33,유지 충족
여의도고등학교 운동장-30,여의도고등학교,운동장 지반,여의도고등학교 운동장,지반,0,30,옥외지반 근사,194207.78,547202.13,0.0,4.0,3.83,충족,3.67,2.17,충족,-0.33,-1.66,유지 충족
여의도고등학교 운동장-31,여의도고등학교,운동장 지반,여의도고등학교 운동장,지반,0,31,옥외지반 근사,194215.78,547202.13,0.0,4.0,4.0,충족,3.83,2.17,충족,-0.17,-1.83,유지 충족
여의도고등학교 운동장-32,여의도고등학교,운동장 지반,여의도고등학교 운동장,지반,0,32,옥외지반 근사,194223.78,547202.13,0.0,4.5,4.33,충족,4.5,4.33,충족,0.0,0.0,유지 충족
여의도고등학교 운동장-33,여의도고등학교,운동장 지반,여의도고등학교 운동장,지반,0,33,옥외지반 근사,194231.78,547202.13,0.0,4.83,4.83,충족,4.67,2.5,충족,-0.16,-2.33,유지 충족
여의도고등학교 운동장-34,여의도고등학교,운동장 지반,여의도고등학교 운동장,지반,0,34,옥외지반 근사,194239.78,547202.13,0.0,5.0,5.0,충족,5.0,5.0,충족,0.0,0.0,유지 충족
여의도고등학교 운동장-35,여의도고등학교,운동장 지반,여의도고등학교 운동장,지반,0,35,옥외지반 근사,194135.78,547210.13,0.0,5.17,2.17,충족,5.17,2.17,충족,0.0,0.0,유지 충족
여의도고등학교 운동장-36,여의도고등학교,운동장 지반,여의도고등학교 운동장,지반,0,36,옥외지반 근사,194143.78,547210.13,0.0,5.17,1.83,충족,5.17,1.83,충족,0.0,0.0,유지 충족
여의도고등학교 운동장-37,여의도고등학교,운동장 지반,여의도고등학교 운동장,지반,0,37,옥외지반 근사,194151.78,547210.13,0.0,4.67,1.5,충족,4.67,1.5,충족,0.0,0.0,유지 충족
여의도고등학교 운동장-38,여의도고등학교,운동장 지반,여의도고등학교 운동장,지반,0,38,옥외지반 근사,194183.78,547210.13,0.0,4.67,2.83,충족,4.33,1.83,충족,-0.34,-1.0,유지 충족
여의도고등학교 운동장-39,여의도고등학교,운동장 지반,여의도고등학교 운동장,지반,0,39,옥외지반 근사,194191.78,547210.13,0.0,4.83,3.33,충족,4.67,2.0,충족,-0.16,-1.33,유지 충족
여의도고등학교 운동장-40,여의도고등학교,운동장 지반,여의도고등학교 운동장,지반,0,40,옥외지반 근사,194199.78,547210.13,0.0,4.67,3.67,충족,4.67,3.67,충족,0.0,0.0,유지 충족
여의도고등학교 운동장-41,여의도고등학교,운동장 지반,여의도고등학교 운동장,지반,0,41,옥외지반 근사,194207.78,547210.13,0.0,4.67,4.17,충족,4.5,2.17,충족,-0.17,-2.0,유지 충족
여의도고등학교 운동장-42,여의도고등학교,운동장 지반,여의도고등학교 운동장,지반,0,42,옥외지반 근사,194215.78,547210.13,0.0,5.0,4.67,충족,5.0,4.67,충족,0.0,0.0,유지 충족
여의도고등학교 운동장-43,여의도고등학교,운동장 지반,여의도고등학교 운동장,지반,0,43,옥외지반 근사,194223.78,547210.13,0.0,4.83,4.83,충족,4.83,4.83,충족,0.0,0.0,유지 충족
여의도고등학교 운동장-44,여의도고등학교,운동장 지반,여의도고등학교 운동장,지반,0,44,옥외지반 근사,194231.78,547210.13,0.0,5.17,5.17,충족,5.17,5.17,충족,0.0,0.0,유지 충족
여의도고등학교 운동장-45,여의도고등학교,운동장 지반,여의도고등학교 운동장,지반,0,45,옥외지반 근사,194239.78,547210.13,0.0,5.33,5.33,충족,5.33,5.33,충족,0.0,0.0,유지 충족
여의도고등학교 운동장-46,여의도고등학교,운동장 지반,여의도고등학교 운동장,지반,0,46,옥외지반 근사,194127.78,547218.13,0.0,5.0,2.17,충족,4.83,2.0,충족,-0.17,-0.17,유지 충족
여의도고등학교 운동장-47,여의도고등학교,운동장 지반,여의도고등학교 운동장,지반,0,47,옥외지반 근사,194135.78,547218.13,0.0,5.17,1.83,충족,5.17,1.83,충족,0.0,0.0,유지 충족
여의도고등학교 운동장-48,여의도고등학교,운동장 지반,여의도고등학교 운동장,지반,0,48,옥외지반 근사,194143.78,547218.13,0.0,4.67,1.67,충족,4.67,1.67,충족,0.0,0.0,유지 충족
여의도고등학교 운동장-49,여의도고등학교,운동장 지반,여의도고등학교 운동장,지반,0,49,옥외지반 근사,194151.78,547218.13,0.0,3.17,1.33,불충족,3.17,1.33,불충족,0.0,0.0,유지 불충족
여의도고등학교 운동장-50,여의도고등학교,운동장 지반,여의도고등학교 운동장,지반,0,50,옥외지반 근사,194191.78,547218.13,0.0,5.17,3.67,충족,5.17,3.67,충족,0.0,0.0,유지 충족
여의도고등학교 운동장-51,여의도고등학교,운동장 지반,여의도고등학교 운동장,지반,0,51,옥외지반 근사,194199.78,547218.13,0.0,5.5,4.17,충족,5.5,4.17,충족,0.0,0.0,유지 충족
여의도고등학교 운동장-52,여의도고등학교,운동장 지반,여의도고등학교 운동장,지반,0,52,옥외지반 근사,194207.78,547218.13,0.0,5.17,4.33,충족,5.17,4.33,충족,0.0,0.0,유지 충족
여의도고등학교 운동장-53,여의도고등학교,운동장 지반,여의도고등학교 운동장,지반,0,53,옥외지반 근사,194215.78,547218.13,0.0,5.33,4.83,충족,5.33,4.83,충족,0.0,0.0,유지 충족
여의도고등학교 운동장-54,여의도고등학교,운동장 지반,여의도고등학교 운동장,지반,0,54,옥외지반 근사,194223.78,547218.13,0.0,5.5,5.17,충족,5.5,5.17,충족,0.0,0.0,유지 충족
여의도고등학교 운동장-55,여의도고등학교,운동장 지반,여의도고등학교 운동장,지반,0,55,옥외지반 근사,194231.78,547218.13,0.0,5.17,5.17,충족,5.17,5.17,충족,0.0,0.0,유지 충족
여의도고등학교 운동장-56,여의도고등학교,운동장 지반,여의도고등학교 운동장,지반,0,56,옥외지반 근사,194239.78,547218.13,0.0,5.33,5.33,충족,5.33,5.33,충족,0.0,0.0,유지 충족
여의도고등학교 운동장-57,여의도고등학교,운동장 지반,여의도고등학교 운동장,지반,0,57,옥외지반 근사,194127.78,547226.13,0.0,4.5,1.83,충족,4.5,1.83,충족,0.0,0.0,유지 충족
여의도고등학교 운동장-58,여의도고등학교,운동장 지반,여의도고등학교 운동장,지반,0,58,옥외지반 근사,194135.78,547226.13,0.0,4.17,1.67,충족,4.17,1.67,충족,0.0,0.0,유지 충족
여의도고등학교 운동장-59,여의도고등학교,운동장 지반,여의도고등학교 운동장,지반,0,59,옥외지반 근사,194143.78,547226.13,0.0,3.33,1.5,불충족,3.33,1.5,불충족,0.0,0.0,유지 불충족
여의도고등학교 운동장-60,여의도고등학교,운동장 지반,여의도고등학교 운동장,지반,0,60,옥외지반 근사,194151.78,547226.13,0.0,2.67,1.33,불충족,2.67,1.33,불충족,0.0,0.0,유지 불충족
여의도고등학교 운동장-61,여의도고등학교,운동장 지반,여의도고등학교 운동장,지반,0,61,옥외지반 근사,194159.78,547226.13,0.0,1.33,1.33,불충족,1.33,1.33,불충족,0.0,0.0,유지 불충족
여의도고등학교 운동장-62,여의도고등학교,운동장 지반,여의도고등학교 운동장,지반,0,62,옥외지반 근사,194191.78,547226.13,0.0,4.67,4.17,충족,4.67,4.17,충족,0.0,0.0,유지 충족
여의도고등학교 운동장-63,여의도고등학교,운동장 지반,여의도고등학교 운동장,지반,0,63,옥외지반 근사,194199.78,547226.13,0.0,5.83,4.33,충족,5.83,4.33,충족,0.0,0.0,유지 충족
여의도고등학교 운동장-64,여의도고등학교,운동장 지반,여의도고등학교 운동장,지반,0,64,옥외지반 근사,194215.78,547226.13,0.0,5.67,5.0,충족,5.67,5.0,충족,0.0,0.0,유지 충족
여의도고등학교 운동장-65,여의도고등학교,운동장 지반,여의도고등학교 운동장,지반,0,65,옥외지반 근사,194223.78,547226.13,0.0,5.5,5.0,충족,5.5,5.0,충족,0.0,0.0,유지 충족
여의도고등학교 운동장-66,여의도고등학교,운동장 지반,여의도고등학교 운동장,지반,0,66,옥외지반 근사,194231.78,547226.13,0.0,5.5,5.17,충족,5.5,5.17,충족,0.0,0.0,유지 충족
여의도고등학교 운동장-67,여의도고등학교,운동장 지반,여의도고등학교 운동장,지반,0,67,옥외지반 근사,194239.78,547226.13,0.0,5.0,5.0,충족,5.0,5.0,충족,0.0,0.0,유지 충족
여의도고등학교 운동장-68,여의도고등학교,운동장 지반,여의도고등학교 운동장,지반,0,68,옥외지반 근사,194127.78,547234.13,0.0,3.17,1.67,불충족,3.17,1.67,불충족,0.0,0.0,유지 불충족
여의도고등학교 운동장-69,여의도고등학교,운동장 지반,여의도고등학교 운동장,지반,0,69,옥외지반 근사,194135.78,547234.13,0.0,3.5,1.5,불충족,3.33,1.5,불충족,-0.17,0.0,유지 불충족
여의도고등학교 운동장-70,여의도고등학교,운동장 지반,여의도고등학교 운동장,지반,0,70,옥외지반 근사,194143.78,547234.13,0.0,3.17,1.33,불충족,3.17,1.33,불충족,0.0,0.0,유지 불충족
여의도고등학교 운동장-71,여의도고등학교,운동장 지반,여의도고등학교 운동장,지반,0,71,옥외지반 근사,194151.78,547234.13,0.0,2.33,1.17,불충족,2.33,1.17,불충족,0.0,0.0,유지 불충족
여의도고등학교 운동장-72,여의도고등학교,운동장 지반,여의도고등학교 운동장,지반,0,72,옥외지반 근사,194159.78,547234.13,0.0,1.33,1.17,불충족,1.33,1.17,불충족,0.0,0.0,유지 불충족
여의도고등학교 운동장-73,여의도고등학교,운동장 지반,여의도고등학교 운동장,지반,0,73,옥외지반 근사,194167.78,547234.13,0.0,1.17,1.17,불충족,1.17,1.17,불충족,0.0,0.0,유지 불충족
여의도고등학교 운동장-74,여의도고등학교,운동장 지반,여의도고등학교 운동장,지반,0,74,옥외지반 근사,194183.78,547234.13,0.0,2.33,2.33,충족,2.33,2.33,충족,0.0,0.0,유지 충족
여의도고등학교 운동장-75,여의도고등학교,운동장 지반,여의도고등학교 운동장,지반,0,75,옥외지반 근사,194191.78,547234.13,0.0,4.17,4.17,충족,4.17,4.17,충족,0.0,0.0,유지 충족
여의도고등학교 운동장-76,여의도고등학교,운동장 지반,여의도고등학교 운동장,지반,0,76,옥외지반 근사,194223.78,547234.13,0.0,5.67,5.0,충족,5.67,5.0,충족,0.0,0.0,유지 충족
여의도고등학교 운동장-77,여의도고등학교,운동장 지반,여의도고등학교 운동장,지반,0,77,옥외지반 근사,194231.78,547234.13,0.0,5.5,5.0,충족,5.5,5.0,충족,0.0,0.0,유지 충족
여의도고등학교 운동장-78,여의도고등학교,운동장 지반,여의도고등학교 운동장,지반,0,78,옥외지반 근사,194239.78,547234.13,0.0,5.33,4.83,충족,5.33,4.83,충족,0.0,0.0,유지 충족
여의도고등학교 운동장-79,여의도고등학교,운동장 지반,여의도고등학교 운동장,지반,0,79,옥외지반 근사,194247.78,547234.13,0.0,5.17,4.83,충족,5.17,4.83,충족,0.0,0.0,유지 충족
여의도고등학교 운동장-80,여의도고등학교,운동장 지반,여의도고등학교 운동장,지반,0,80,옥외지반 근사,194127.78,547242.13,0.0,3.0,1.67,불충족,3.0,1.67,불충족,0.0,0.0,유지 불충족
여의도고등학교 운동장-81,여의도고등학교,운동장 지반,여의도고등학교 운동장,지반,0,81,옥외지반 근사,194135.78,547242.13,0.0,3.0,1.5,불충족,3.0,1.5,불충족,0.0,0.0,유지 불충족
여의도고등학교 운동장-82,여의도고등학교,운동장 지반,여의도고등학교 운동장,지반,0,82,옥외지반 근사,194143.78,547242.13,0.0,3.0,1.33,불충족,3.0,1.33,불충족,0.0,0.0,유지 불충족
여의도고등학교 운동장-83,여의도고등학교,운동장 지반,여의도고등학교 운동장,지반,0,83,옥외지반 근사,194151.78,547242.13,0.0,2.83,1.17,불충족,2.83,1.17,불충족,0.0,0.0,유지 불충족
여의도고등학교 운동장-84,여의도고등학교,운동장 지반,여의도고등학교 운동장,지반,0,84,옥외지반 근사,194159.78,547242.13,0.0,2.17,1.17,불충족,2.17,1.17,불충족,0.0,0.0,유지 불충족
여의도고등학교 운동장-85,여의도고등학교,운동장 지반,여의도고등학교 운동장,지반,0,85,옥외지반 근사,194167.78,547242.13,0.0,1.33,1.17,불충족,1.33,1.17,불충족,0.0,0.0,유지 불충족
여의도고등학교 운동장-86,여의도고등학교,운동장 지반,여의도고등학교 운동장,지반,0,86,옥외지반 근사,194175.78,547242.13,0.0,2.67,1.83,불충족,2.67,1.83,불충족,0.0,0.0,유지 불충족
여의도고등학교 운동장-87,여의도고등학교,운동장 지반,여의도고등학교 운동장,지반,0,87,옥외지반 근사,194183.78,547242.13,0.0,3.0,3.0,충족,3.0,3.0,충족,0.0,0.0,유지 충족
여의도고등학교 운동장-88,여의도고등학교,운동장 지반,여의도고등학교 운동장,지반,0,88,옥외지반 근사,194191.78,547242.13,0.0,3.33,3.33,충족,3.33,3.33,충족,0.0,0.0,유지 충족
여의도고등학교 운동장-89,여의도고등학교,운동장 지반,여의도고등학교 운동장,지반,0,89,옥외지반 근사,194231.78,547242.13,0.0,5.5,4.67,충족,5.5,4.67,충족,0.0,0.0,유지 충족
여의도고등학교 운동장-90,여의도고등학교,운동장 지반,여의도고등학교 운동장,지반,0,90,옥외지반 근사,194239.78,547242.13,0.0,5.5,4.67,충족,5.5,4.67,충족,0.0,0.0,유지 충족
여의도고등학교 운동장-91,여의도고등학교,운동장 지반,여의도고등학교 운동장,지반,0,91,옥외지반 근사,194247.78,547242.13,0.0,5.33,4.5,충족,5.33,4.5,충족,0.0,0.0,유지 충족
여의도고등학교 운동장-92,여의도고등학교,운동장 지반,여의도고등학교 운동장,지반,0,92,옥외지반 근사,194255.78,547242.13,0.0,4.83,4.17,충족,4.83,4.17,충족,0.0,0.0,유지 충족
여의도고등학교 운동장-93,여의도고등학교,운동장 지반,여의도고등학교 운동장,지반,0,93,옥외지반 근사,194127.78,547250.13,0.0,3.5,1.83,불충족,3.5,1.83,불충족,0.0,0.0,유지 불충족
여의도고등학교 운동장-94,여의도고등학교,운동장 지반,여의도고등학교 운동장,지반,0,94,옥외지반 근사,194135.78,547250.13,0.0,3.67,2.67,충족,3.67,2.67,충족,0.0,0.0,유지 충족
여의도고등학교 운동장-95,여의도고등학교,운동장 지반,여의도고등학교 운동장,지반,0,95,옥외지반 근사,194143.78,547250.13,0.0,3.67,2.5,충족,3.67,2.5,충족,0.0,0.0,유지 충족
여의도고등학교 운동장-96,여의도고등학교,운동장 지반,여의도고등학교 운동장,지반,0,96,옥외지반 근사,194151.78,547250.13,0.0,3.67,2.0,충족,3.67,2.0,충족,0.0,0.0,유지 충족
여의도고등학교 운동장-97,여의도고등학교,운동장 지반,여의도고등학교 운동장,지반,0,97,옥외지반 근사,194159.78,547250.13,0.0,3.33,1.5,불충족,3.33,1.5,불충족,0.0,0.0,유지 불충족
여의도고등학교 운동장-98,여의도고등학교,운동장 지반,여의도고등학교 운동장,지반,0,98,옥외지반 근사,194167.78,547250.13,0.0,3.83,1.5,불충족,3.83,1.5,불충족,0.0,0.0,유지 불충족
여의도고등학교 운동장-99,여의도고등학교,운동장 지반,여의도고등학교 운동장,지반,0,99,옥외지반 근사,194175.78,547250.13,0.0,3.67,2.33,충족,3.67,2.33,충족,0.0,0.0,유지 충족
여의도고등학교 운동장-100,여의도고등학교,운동장 지반,여의도고등학교 운동장,지반,0,100,옥외지반 근사,194183.78,547250.13,0.0,3.5,2.83,충족,3.5,2.83,충족,0.0,0.0,유지 충족
여의도고등학교 운동장-101,여의도고등학교,운동장 지반,여의도고등학교 운동장,지반,0,101,옥외지반 근사,194191.78,547250.13,0.0,2.17,2.0,충족,2.17,2.0,충족,0.0,0.0,유지 충족
여의도고등학교 운동장-102,여의도고등학교,운동장 지반,여의도고등학교 운동장,지반,0,102,옥외지반 근사,194199.78,547250.13,0.0,0.0,0.0,불충족,0.0,0.0,불충족,0.0,0.0,유지 불충족
여의도고등학교 운동장-103,여의도고등학교,운동장 지반,여의도고등학교 운동장,지반,0,103,옥외지반 근사,194247.78,547250.13,0.0,5.0,4.0,충족,5.0,4.0,충족,0.0,0.0,유지 충족
여의도고등학교 운동장-104,여의도고등학교,운동장 지반,여의도고등학교 운동장,지반,0,104,옥외지반 근사,194255.78,547250.13,0.0,5.17,3.33,충족,5.17,3.33,충족,0.0,0.0,유지 충족
여의도고등학교 운동장-105,여의도고등학교,운동장 지반,여의도고등학교 운동장,지반,0,105,옥외지반 근사,194263.78,547250.13,0.0,5.0,2.5,충족,5.0,2.5,충족,0.0,0.0,유지 충족
여의도고등학교 운동장-106,여의도고등학교,운동장 지반,여의도고등학교 운동장,지반,0,106,옥외지반 근사,194127.78,547258.13,0.0,3.83,3.0,충족,3.83,3.0,충족,0.0,0.0,유지 충족
여의도고등학교 운동장-107,여의도고등학교,운동장 지반,여의도고등학교 운동장,지반,0,107,옥외지반 근사,194135.78,547258.13,0.0,3.83,3.0,충족,3.83,3.0,충족,0.0,0.0,유지 충족
여의도고등학교 운동장-108,여의도고등학교,운동장 지반,여의도고등학교 운동장,지반,0,108,옥외지반 근사,194143.78,547258.13,0.0,4.17,2.83,충족,4.17,2.83,충족,0.0,0.0,유지 충족
여의도고등학교 운동장-109,여의도고등학교,운동장 지반,여의도고등학교 운동장,지반,0,109,옥외지반 근사,194151.78,547258.13,0.0,4.5,2.5,충족,4.5,2.5,충족,0.0,0.0,유지 충족
여의도고등학교 운동장-110,여의도고등학교,운동장 지반,여의도고등학교 운동장,지반,0,110,옥외지반 근사,194159.78,547258.13,0.0,5.33,2.33,충족,5.33,2.33,충족,0.0,0.0,유지 충족
여의도고등학교 운동장-111,여의도고등학교,운동장 지반,여의도고등학교 운동장,지반,0,111,옥외지반 근사,194167.78,547258.13,0.0,5.33,1.83,충족,5.33,1.83,충족,0.0,0.0,유지 충족
여의도고등학교 운동장-112,여의도고등학교,운동장 지반,여의도고등학교 운동장,지반,0,112,옥외지반 근사,194175.78,547258.13,0.0,5.33,3.5,충족,5.33,3.5,충족,0.0,0.0,유지 충족
여의도고등학교 운동장-113,여의도고등학교,운동장 지반,여의도고등학교 운동장,지반,0,113,옥외지반 근사,194183.78,547258.13,0.0,4.5,2.83,충족,4.5,2.83,충족,0.0,0.0,유지 충족
여의도고등학교 운동장-114,여의도고등학교,운동장 지반,여의도고등학교 운동장,지반,0,114,옥외지반 근사,194191.78,547258.13,0.0,2.83,1.17,불충족,2.83,1.17,불충족,0.0,0.0,유지 불충족
여의도고등학교 운동장-115,여의도고등학교,운동장 지반,여의도고등학교 운동장,지반,0,115,옥외지반 근사,194247.78,547258.13,0.0,5.33,3.67,충족,5.33,3.67,충족,0.0,0.0,유지 충족
여의도고등학교 운동장-116,여의도고등학교,운동장 지반,여의도고등학교 운동장,지반,0,116,옥외지반 근사,194255.78,547258.13,0.0,5.83,3.0,충족,5.83,3.0,충족,0.0,0.0,유지 충족
여의도고등학교 운동장-117,여의도고등학교,운동장 지반,여의도고등학교 운동장,지반,0,117,옥외지반 근사,194263.78,547258.13,0.0,6.0,2.5,충족,6.0,2.5,충족,0.0,0.0,유지 충족
여의도고등학교 운동장-118,여의도고등학교,운동장 지반,여의도고등학교 운동장,지반,0,118,옥외지반 근사,194127.78,547266.13,0.0,4.5,3.33,충족,4.5,3.33,충족,0.0,0.0,유지 충족
여의도고등학교 운동장-119,여의도고등학교,운동장 지반,여의도고등학교 운동장,지반,0,119,옥외지반 근사,194135.78,547266.13,0.0,4.17,3.17,충족,4.17,3.17,충족,0.0,0.0,유지 충족
여의도고등학교 운동장-120,여의도고등학교,운동장 지반,여의도고등학교 운동장,지반,0,120,옥외지반 근사,194143.78,547266.13,0.0,5.0,3.17,충족,5.0,3.17,충족,0.0,0.0,유지 충족
여의도고등학교 운동장-121,여의도고등학교,운동장 지반,여의도고등학교 운동장,지반,0,121,옥외지반 근사,194151.78,547266.13,0.0,5.5,4.33,충족,5.5,4.33,충족,0.0,0.0,유지 충족
여의도고등학교 운동장-122,여의도고등학교,운동장 지반,여의도고등학교 운동장,지반,0,122,옥외지반 근사,194159.78,547266.13,0.0,5.5,3.83,충족,5.5,3.83,충족,0.0,0.0,유지 충족
여의도고등학교 운동장-123,여의도고등학교,운동장 지반,여의도고등학교 운동장,지반,0,123,옥외지반 근사,194167.78,547266.13,0.0,5.5,3.5,충족,5.5,3.5,충족,0.0,0.0,유지 충족
여의도고등학교 운동장-124,여의도고등학교,운동장 지반,여의도고등학교 운동장,지반,0,124,옥외지반 근사,194175.78,547266.13,0.0,4.83,3.17,충족,4.83,3.17,충족,0.0,0.0,유지 충족
여의도고등학교 운동장-125,여의도고등학교,운동장 지반,여의도고등학교 운동장,지반,0,125,옥외지반 근사,194183.78,547266.13,0.0,3.83,2.17,충족,3.83,2.17,충족,0.0,0.0,유지 충족
여의도고등학교 운동장-126,여의도고등학교,운동장 지반,여의도고등학교 운동장,지반,0,126,옥외지반 근사,194239.78,547266.13,0.0,2.67,1.67,불충족,2.67,1.67,불충족,0.0,0.0,유지 불충족
여의도고등학교 운동장-127,여의도고등학교,운동장 지반,여의도고등학교 운동장,지반,0,127,옥외지반 근사,194247.78,547266.13,0.0,5.17,3.5,충족,5.17,3.5,충족,0.0,0.0,유지 충족
여의도고등학교 운동장-128,여의도고등학교,운동장 지반,여의도고등학교 운동장,지반,0,128,옥외지반 근사,194255.78,547266.13,0.0,6.33,3.33,충족,6.33,3.33,충족,0.0,0.0,유지 충족
여의도고등학교 운동장-129,여의도고등학교,운동장 지반,여의도고등학교 운동장,지반,0,129,옥외지반 근사,194263.78,547266.13,0.0,7.33,6.17,충족,7.33,6.17,충족,0.0,0.0,유지 충족
여의도고등학교 운동장-130,여의도고등학교,운동장 지반,여의도고등학교 운동장,지반,0,130,옥외지반 근사,194271.78,547266.13,0.0,7.17,6.17,충족,7.17,6.17,충족,0.0,0.0,유지 충족
여의도고등학교 운동장-131,여의도고등학교,운동장 지반,여의도고등학교 운동장,지반,0,131,옥외지반 근사,194119.78,547274.13,0.0,5.0,4.17,충족,5.0,4.17,충족,0.0,0.0,유지 충족
여의도고등학교 운동장-132,여의도고등학교,운동장 지반,여의도고등학교 운동장,지반,0,132,옥외지반 근사,194127.78,547274.13,0.0,5.17,4.5,충족,5.17,4.5,충족,0.0,0.0,유지 충족
여의도고등학교 운동장-133,여의도고등학교,운동장 지반,여의도고등학교 운동장,지반,0,133,옥외지반 근사,194135.78,547274.13,0.0,5.5,4.5,충족,5.5,4.5,충족,0.0,0.0,유지 충족
여의도고등학교 운동장-134,여의도고등학교,운동장 지반,여의도고등학교 운동장,지반,0,134,옥외지반 근사,194143.78,547274.13,0.0,5.0,5.0,충족,5.0,5.0,충족,0.0,0.0,유지 충족
여의도고등학교 운동장-135,여의도고등학교,운동장 지반,여의도고등학교 운동장,지반,0,135,옥외지반 근사,194151.78,547274.13,0.0,5.17,4.83,충족,5.17,4.83,충족,0.0,0.0,유지 충족
여의도고등학교 운동장-136,여의도고등학교,운동장 지반,여의도고등학교 운동장,지반,0,136,옥외지반 근사,194159.78,547274.13,0.0,5.17,4.67,충족,5.17,4.67,충족,0.0,0.0,유지 충족
여의도고등학교 운동장-137,여의도고등학교,운동장 지반,여의도고등학교 운동장,지반,0,137,옥외지반 근사,194167.78,547274.13,0.0,4.83,4.17,충족,4.83,4.17,충족,0.0,0.0,유지 충족
여의도고등학교 운동장-138,여의도고등학교,운동장 지반,여의도고등학교 운동장,지반,0,138,옥외지반 근사,194175.78,547274.13,0.0,4.67,3.67,충족,4.67,3.67,충족,0.0,0.0,유지 충족
여의도고등학교 운동장-139,여의도고등학교,운동장 지반,여의도고등학교 운동장,지반,0,139,옥외지반 근사,194183.78,547274.13,0.0,4.17,3.17,충족,4.17,3.17,충족,0.0,0.0,유지 충족
여의도고등학교 운동장-140,여의도고등학교,운동장 지반,여의도고등학교 운동장,지반,0,140,옥외지반 근사,194207.78,547274.13,0.0,0.0,0.0,불충족,0.0,0.0,불충족,0.0,0.0,유지 불충족
여의도고등학교 운동장-141,여의도고등학교,운동장 지반,여의도고등학교 운동장,지반,0,141,옥외지반 근사,194215.78,547274.13,0.0,0.0,0.0,불충족,0.0,0.0,불충족,0.0,0.0,유지 불충족
여의도고등학교 운동장-142,여의도고등학교,운동장 지반,여의도고등학교 운동장,지반,0,142,옥외지반 근사,194239.78,547274.13,0.0,3.67,2.17,충족,3.67,2.17,충족,0.0,0.0,유지 충족
여의도고등학교 운동장-143,여의도고등학교,운동장 지반,여의도고등학교 운동장,지반,0,143,옥외지반 근사,194247.78,547274.13,0.0,5.33,5.33,충족,5.33,5.33,충족,0.0,0.0,유지 충족
여의도고등학교 운동장-144,여의도고등학교,운동장 지반,여의도고등학교 운동장,지반,0,144,옥외지반 근사,194255.78,547274.13,0.0,6.33,6.0,충족,6.33,6.0,충족,0.0,0.0,유지 충족
여의도고등학교 운동장-145,여의도고등학교,운동장 지반,여의도고등학교 운동장,지반,0,145,옥외지반 근사,194263.78,547274.13,0.0,7.0,6.17,충족,7.0,6.17,충족,0.0,0.0,유지 충족
여의도고등학교 운동장-146,여의도고등학교,운동장 지반,여의도고등학교 운동장,지반,0,146,옥외지반 근사,194271.78,547274.13,0.0,7.33,6.17,충족,7.33,6.17,충족,0.0,0.0,유지 충족
여의도고등학교 운동장-147,여의도고등학교,운동장 지반,여의도고등학교 운동장,지반,0,147,옥외지반 근사,194103.78,547282.13,0.0,5.0,4.0,충족,5.0,4.0,충족,0.0,0.0,유지 충족
여의도고등학교 운동장-148,여의도고등학교,운동장 지반,여의도고등학교 운동장,지반,0,148,옥외지반 근사,194111.78,547282.13,0.0,5.17,4.17,충족,5.17,4.17,충족,0.0,0.0,유지 충족
여의도고등학교 운동장-149,여의도고등학교,운동장 지반,여의도고등학교 운동장,지반,0,149,옥외지반 근사,194119.78,547282.13,0.0,5.67,4.5,충족,5.67,4.5,충족,0.0,0.0,유지 충족
여의도고등학교 운동장-150,여의도고등학교,운동장 지반,여의도고등학교 운동장,지반,0,150,옥외지반 근사,194127.78,547282.13,0.0,5.67,5.0,충족,5.67,5.0,충족,0.0,0.0,유지 충족
여의도고등학교 운동장-151,여의도고등학교,운동장 지반,여의도고등학교 운동장,지반,0,151,옥외지반 근사,194135.78,547282.13,0.0,5.33,4.83,충족,5.33,4.83,충족,0.0,0.0,유지 충족
여의도고등학교 운동장-152,여의도고등학교,운동장 지반,여의도고등학교 운동장,지반,0,152,옥외지반 근사,194143.78,547282.13,0.0,5.17,4.67,충족,5.17,4.67,충족,0.0,0.0,유지 충족
여의도고등학교 운동장-153,여의도고등학교,운동장 지반,여의도고등학교 운동장,지반,0,153,옥외지반 근사,194151.78,547282.13,0.0,4.67,4.5,충족,4.67,4.5,충족,0.0,0.0,유지 충족
여의도고등학교 운동장-154,여의도고등학교,운동장 지반,여의도고등학교 운동장,지반,0,154,옥외지반 근사,194159.78,547282.13,0.0,4.5,4.17,충족,4.5,4.17,충족,0.0,0.0,유지 충족
여의도고등학교 운동장-155,여의도고등학교,운동장 지반,여의도고등학교 운동장,지반,0,155,옥외지반 근사,194167.78,547282.13,0.0,4.67,4.0,충족,4.67,4.0,충족,0.0,0.0,유지 충족
여의도고등학교 운동장-156,여의도고등학교,운동장 지반,여의도고등학교 운동장,지반,0,156,옥외지반 근사,194175.78,547282.13,0.0,4.5,3.83,충족,4.5,3.83,충족,0.0,0.0,유지 충족
여의도고등학교 운동장-157,여의도고등학교,운동장 지반,여의도고등학교 운동장,지반,0,157,옥외지반 근사,194207.78,547282.13,0.0,0.0,0.0,불충족,0.0,0.0,불충족,0.0,0.0,유지 불충족
여의도고등학교 운동장-158,여의도고등학교,운동장 지반,여의도고등학교 운동장,지반,0,158,옥외지반 근사,194215.78,547282.13,0.0,0.0,0.0,불충족,0.0,0.0,불충족,0.0,0.0,유지 불충족
여의도고등학교 운동장-159,여의도고등학교,운동장 지반,여의도고등학교 운동장,지반,0,159,옥외지반 근사,194223.78,547282.13,0.0,1.5,1.17,불충족,1.5,1.17,불충족,0.0,0.0,유지 불충족
여의도고등학교 운동장-160,여의도고등학교,운동장 지반,여의도고등학교 운동장,지반,0,160,옥외지반 근사,194231.78,547282.13,0.0,3.17,3.17,충족,3.17,3.17,충족,0.0,0.0,유지 충족
여의도고등학교 운동장-161,여의도고등학교,운동장 지반,여의도고등학교 운동장,지반,0,161,옥외지반 근사,194239.78,547282.13,0.0,4.17,4.17,충족,4.17,4.17,충족,0.0,0.0,유지 충족
여의도고등학교 운동장-162,여의도고등학교,운동장 지반,여의도고등학교 운동장,지반,0,162,옥외지반 근사,194247.78,547282.13,0.0,5.17,5.17,충족,5.17,5.17,충족,0.0,0.0,유지 충족
여의도고등학교 운동장-163,여의도고등학교,운동장 지반,여의도고등학교 운동장,지반,0,163,옥외지반 근사,194255.78,547282.13,0.0,6.0,6.0,충족,6.0,6.0,충족,0.0,0.0,유지 충족
여의도고등학교 운동장-164,여의도고등학교,운동장 지반,여의도고등학교 운동장,지반,0,164,옥외지반 근사,194263.78,547282.13,0.0,6.67,6.0,충족,6.67,6.0,충족,0.0,0.0,유지 충족
여의도고등학교 운동장-165,여의도고등학교,운동장 지반,여의도고등학교 운동장,지반,0,165,옥외지반 근사,194271.78,547282.13,0.0,6.33,5.67,충족,6.33,5.67,충족,0.0,0.0,유지 충족
여의도고등학교 운동장-166,여의도고등학교,운동장 지반,여의도고등학교 운동장,지반,0,166,옥외지반 근사,194087.78,547290.13,0.0,4.83,3.67,충족,4.83,3.67,충족,0.0,0.0,유지 충족
여의도고등학교 운동장-167,여의도고등학교,운동장 지반,여의도고등학교 운동장,지반,0,167,옥외지반 근사,194095.78,547290.13,0.0,4.83,3.83,충족,4.83,3.83,충족,0.0,0.0,유지 충족
여의도고등학교 운동장-168,여의도고등학교,운동장 지반,여의도고등학교 운동장,지반,0,168,옥외지반 근사,194103.78,547290.13,0.0,5.33,4.17,충족,5.33,4.17,충족,0.0,0.0,유지 충족
여의도고등학교 운동장-169,여의도고등학교,운동장 지반,여의도고등학교 운동장,지반,0,169,옥외지반 근사,194111.78,547290.13,0.0,5.83,5.0,충족,5.83,5.0,충족,0.0,0.0,유지 충족
여의도고등학교 운동장-170,여의도고등학교,운동장 지반,여의도고등학교 운동장,지반,0,170,옥외지반 근사,194119.78,547290.13,0.0,5.67,4.83,충족,5.67,4.83,충족,0.0,0.0,유지 충족
여의도고등학교 운동장-171,여의도고등학교,운동장 지반,여의도고등학교 운동장,지반,0,171,옥외지반 근사,194127.78,547290.13,0.0,5.5,4.67,충족,5.5,4.67,충족,0.0,0.0,유지 충족
여의도고등학교 운동장-172,여의도고등학교,운동장 지반,여의도고등학교 운동장,지반,0,172,옥외지반 근사,194135.78,547290.13,0.0,5.33,4.5,충족,5.33,4.5,충족,0.0,0.0,유지 충족
여의도고등학교 운동장-173,여의도고등학교,운동장 지반,여의도고등학교 운동장,지반,0,173,옥외지반 근사,194143.78,547290.13,0.0,5.33,4.5,충족,5.33,4.5,충족,0.0,0.0,유지 충족
여의도고등학교 운동장-174,여의도고등학교,운동장 지반,여의도고등학교 운동장,지반,0,174,옥외지반 근사,194151.78,547290.13,0.0,5.17,4.5,충족,5.17,4.5,충족,0.0,0.0,유지 충족
여의도고등학교 운동장-175,여의도고등학교,운동장 지반,여의도고등학교 운동장,지반,0,175,옥외지반 근사,194159.78,547290.13,0.0,4.83,4.33,충족,4.83,4.33,충족,0.0,0.0,유지 충족
여의도고등학교 운동장-176,여의도고등학교,운동장 지반,여의도고등학교 운동장,지반,0,176,옥외지반 근사,194167.78,547290.13,0.0,4.83,4.33,충족,4.83,4.33,충족,0.0,0.0,유지 충족
여의도고등학교 운동장-177,여의도고등학교,운동장 지반,여의도고등학교 운동장,지반,0,177,옥외지반 근사,194191.78,547290.13,0.0,0.0,0.0,불충족,0.0,0.0,불충족,0.0,0.0,유지 불충족
여의도고등학교 운동장-178,여의도고등학교,운동장 지반,여의도고등학교 운동장,지반,0,178,옥외지반 근사,194199.78,547290.13,0.0,0.0,0.0,불충족,0.0,0.0,불충족,0.0,0.0,유지 불충족
여의도고등학교 운동장-179,여의도고등학교,운동장 지반,여의도고등학교 운동장,지반,0,179,옥외지반 근사,194207.78,547290.13,0.0,1.17,0.67,불충족,1.17,0.67,불충족,0.0,0.0,유지 불충족
여의도고등학교 운동장-180,여의도고등학교,운동장 지반,여의도고등학교 운동장,지반,0,180,옥외지반 근사,194215.78,547290.13,0.0,3.0,2.17,충족,3.0,2.17,충족,0.0,0.0,유지 충족
여의도고등학교 운동장-181,여의도고등학교,운동장 지반,여의도고등학교 운동장,지반,0,181,옥외지반 근사,194223.78,547290.13,0.0,3.5,3.0,충족,3.5,3.0,충족,0.0,0.0,유지 충족
여의도고등학교 운동장-182,여의도고등학교,운동장 지반,여의도고등학교 운동장,지반,0,182,옥외지반 근사,194231.78,547290.13,0.0,4.0,4.0,충족,4.0,4.0,충족,0.0,0.0,유지 충족
여의도고등학교 운동장-183,여의도고등학교,운동장 지반,여의도고등학교 운동장,지반,0,183,옥외지반 근사,194239.78,547290.13,0.0,5.0,5.0,충족,5.0,5.0,충족,0.0,0.0,유지 충족
여의도고등학교 운동장-184,여의도고등학교,운동장 지반,여의도고등학교 운동장,지반,0,184,옥외지반 근사,194247.78,547290.13,0.0,5.83,5.83,충족,5.83,5.83,충족,0.0,0.0,유지 충족
여의도고등학교 운동장-185,여의도고등학교,운동장 지반,여의도고등학교 운동장,지반,0,185,옥외지반 근사,194255.78,547290.13,0.0,6.17,6.17,충족,6.17,6.17,충족,0.0,0.0,유지 충족
여의도고등학교 운동장-186,여의도고등학교,운동장 지반,여의도고등학교 운동장,지반,0,186,옥외지반 근사,194263.78,547290.13,0.0,6.17,5.67,충족,6.17,5.67,충족,0.0,0.0,유지 충족
여의도고등학교 운동장-187,여의도고등학교,운동장 지반,여의도고등학교 운동장,지반,0,187,옥외지반 근사,194271.78,547290.13,0.0,6.5,5.67,충족,6.5,5.67,충족,0.0,0.0,유지 충족
여의도고등학교 운동장-188,여의도고등학교,운동장 지반,여의도고등학교 운동장,지반,0,188,옥외지반 근사,194071.78,547298.13,0.0,5.0,3.17,충족,5.0,3.17,충족,0.0,0.0,유지 충족
여의도고등학교 운동장-189,여의도고등학교,운동장 지반,여의도고등학교 운동장,지반,0,189,옥외지반 근사,194079.78,547298.13,0.0,5.67,3.5,충족,5.67,3.5,충족,0.0,0.0,유지 충족
여의도고등학교 운동장-190,여의도고등학교,운동장 지반,여의도고등학교 운동장,지반,0,190,옥외지반 근사,194087.78,547298.13,0.0,6.17,4.0,충족,6.17,4.0,충족,0.0,0.0,유지 충족
여의도고등학교 운동장-191,여의도고등학교,운동장 지반,여의도고등학교 운동장,지반,0,191,옥외지반 근사,194095.78,547298.13,0.0,6.33,4.5,충족,6.33,4.5,충족,0.0,0.0,유지 충족
여의도고등학교 운동장-192,여의도고등학교,운동장 지반,여의도고등학교 운동장,지반,0,192,옥외지반 근사,194103.78,547298.13,0.0,6.17,4.67,충족,6.17,4.67,충족,0.0,0.0,유지 충족
여의도고등학교 운동장-193,여의도고등학교,운동장 지반,여의도고등학교 운동장,지반,0,193,옥외지반 근사,194111.78,547298.13,0.0,6.0,4.67,충족,6.0,4.67,충족,0.0,0.0,유지 충족
여의도고등학교 운동장-194,여의도고등학교,운동장 지반,여의도고등학교 운동장,지반,0,194,옥외지반 근사,194119.78,547298.13,0.0,5.5,4.67,충족,5.5,4.67,충족,0.0,0.0,유지 충족
여의도고등학교 운동장-195,여의도고등학교,운동장 지반,여의도고등학교 운동장,지반,0,195,옥외지반 근사,194127.78,547298.13,0.0,5.33,4.5,충족,5.33,4.5,충족,0.0,0.0,유지 충족
여의도고등학교 운동장-196,여의도고등학교,운동장 지반,여의도고등학교 운동장,지반,0,196,옥외지반 근사,194135.78,547298.13,0.0,5.67,4.67,충족,5.67,4.67,충족,0.0,0.0,유지 충족
여의도고등학교 운동장-197,여의도고등학교,운동장 지반,여의도고등학교 운동장,지반,0,197,옥외지반 근사,194143.78,547298.13,0.0,5.5,4.5,충족,5.5,4.5,충족,0.0,0.0,유지 충족
여의도고등학교 운동장-198,여의도고등학교,운동장 지반,여의도고등학교 운동장,지반,0,198,옥외지반 근사,194151.78,547298.13,0.0,6.0,4.67,충족,6.0,4.67,충족,0.0,0.0,유지 충족
여의도고등학교 운동장-199,여의도고등학교,운동장 지반,여의도고등학교 운동장,지반,0,199,옥외지반 근사,194191.78,547298.13,0.0,0.33,0.33,불충족,0.33,0.33,불충족,0.0,0.0,유지 불충족
여의도고등학교 운동장-200,여의도고등학교,운동장 지반,여의도고등학교 운동장,지반,0,200,옥외지반 근사,194199.78,547298.13,0.0,2.17,1.17,불충족,2.17,1.17,불충족,0.0,0.0,유지 불충족
여의도고등학교 운동장-201,여의도고등학교,운동장 지반,여의도고등학교 운동장,지반,0,201,옥외지반 근사,194207.78,547298.13,0.0,3.5,2.0,충족,3.5,2.0,충족,0.0,0.0,유지 충족
여의도고등학교 운동장-202,여의도고등학교,운동장 지반,여의도고등학교 운동장,지반,0,202,옥외지반 근사,194215.78,547298.13,0.0,4.67,2.67,충족,4.67,2.67,충족,0.0,0.0,유지 충족
여의도고등학교 운동장-203,여의도고등학교,운동장 지반,여의도고등학교 운동장,지반,0,203,옥외지반 근사,194223.78,547298.13,0.0,5.83,3.67,충족,5.83,3.67,충족,0.0,0.0,유지 충족
여의도고등학교 운동장-204,여의도고등학교,운동장 지반,여의도고등학교 운동장,지반,0,204,옥외지반 근사,194231.78,547298.13,0.0,6.5,4.83,충족,6.5,4.83,충족,0.0,0.0,유지 충족
여의도고등학교 운동장-205,여의도고등학교,운동장 지반,여의도고등학교 운동장,지반,0,205,옥외지반 근사,194239.78,547298.13,0.0,6.17,5.5,충족,6.17,5.5,충족,0.0,0.0,유지 충족
여의도고등학교 운동장-206,여의도고등학교,운동장 지반,여의도고등학교 운동장,지반,0,206,옥외지반 근사,194247.78,547298.13,0.0,6.0,6.0,충족,6.0,6.0,충족,0.0,0.0,유지 충족
여의도고등학교 운동장-207,여의도고등학교,운동장 지반,여의도고등학교 운동장,지반,0,207,옥외지반 근사,194255.78,547298.13,0.0,6.5,6.33,충족,6.5,6.33,충족,0.0,0.0,유지 충족
여의도고등학교 운동장-208,여의도고등학교,운동장 지반,여의도고등학교 운동장,지반,0,208,옥외지반 근사,194263.78,547298.13,0.0,7.0,7.0,충족,7.0,7.0,충족,0.0,0.0,유지 충족
여의도고등학교 운동장-209,여의도고등학교,운동장 지반,여의도고등학교 운동장,지반,0,209,옥외지반 근사,194271.78,547298.13,0.0,7.0,7.0,충족,7.0,7.0,충족,0.0,0.0,유지 충족
여의도고등학교 운동장-210,여의도고등학교,운동장 지반,여의도고등학교 운동장,지반,0,210,옥외지반 근사,194063.78,547306.13,0.0,4.5,4.5,충족,4.5,4.5,충족,0.0,0.0,유지 충족
여의도고등학교 운동장-211,여의도고등학교,운동장 지반,여의도고등학교 운동장,지반,0,211,옥외지반 근사,194071.78,547306.13,0.0,5.17,5.17,충족,5.17,5.17,충족,0.0,0.0,유지 충족
여의도고등학교 운동장-212,여의도고등학교,운동장 지반,여의도고등학교 운동장,지반,0,212,옥외지반 근사,194079.78,547306.13,0.0,6.0,6.0,충족,6.0,6.0,충족,0.0,0.0,유지 충족
여의도고등학교 운동장-213,여의도고등학교,운동장 지반,여의도고등학교 운동장,지반,0,213,옥외지반 근사,194087.78,547306.13,0.0,6.5,6.5,충족,6.5,6.5,충족,0.0,0.0,유지 충족
여의도고등학교 운동장-214,여의도고등학교,운동장 지반,여의도고등학교 운동장,지반,0,214,옥외지반 근사,194095.78,547306.13,0.0,6.5,6.5,충족,6.5,6.5,충족,0.0,0.0,유지 충족
여의도고등학교 운동장-215,여의도고등학교,운동장 지반,여의도고등학교 운동장,지반,0,215,옥외지반 근사,194103.78,547306.13,0.0,6.33,6.33,충족,6.33,6.33,충족,0.0,0.0,유지 충족
여의도고등학교 운동장-216,여의도고등학교,운동장 지반,여의도고등학교 운동장,지반,0,216,옥외지반 근사,194111.78,547306.13,0.0,6.33,6.33,충족,6.33,6.33,충족,0.0,0.0,유지 충족
여의도고등학교 운동장-217,여의도고등학교,운동장 지반,여의도고등학교 운동장,지반,0,217,옥외지반 근사,194119.78,547306.13,0.0,6.5,6.5,충족,6.5,6.5,충족,0.0,0.0,유지 충족
여의도고등학교 운동장-218,여의도고등학교,운동장 지반,여의도고등학교 운동장,지반,0,218,옥외지반 근사,194127.78,547306.13,0.0,6.5,5.33,충족,6.5,5.33,충족,0.0,0.0,유지 충족
여의도고등학교 운동장-219,여의도고등학교,운동장 지반,여의도고등학교 운동장,지반,0,219,옥외지반 근사,194135.78,547306.13,0.0,6.33,5.33,충족,6.33,5.33,충족,0.0,0.0,유지 충족
여의도고등학교 운동장-220,여의도고등학교,운동장 지반,여의도고등학교 운동장,지반,0,220,옥외지반 근사,194143.78,547306.13,0.0,6.0,5.33,충족,6.0,5.33,충족,0.0,0.0,유지 충족
여의도고등학교 운동장-221,여의도고등학교,운동장 지반,여의도고등학교 운동장,지반,0,221,옥외지반 근사,194151.78,547306.13,0.0,5.67,4.5,충족,5.67,4.5,충족,0.0,0.0,유지 충족
여의도고등학교 운동장-222,여의도고등학교,운동장 지반,여의도고등학교 운동장,지반,0,222,옥외지반 근사,194191.78,547306.13,0.0,2.33,1.17,불충족,2.33,1.17,불충족,0.0,0.0,유지 불충족
여의도고등학교 운동장-223,여의도고등학교,운동장 지반,여의도고등학교 운동장,지반,0,223,옥외지반 근사,194207.78,547306.13,0.0,5.17,5.17,충족,5.17,5.17,충족,0.0,0.0,유지 충족
여의도고등학교 운동장-224,여의도고등학교,운동장 지반,여의도고등학교 운동장,지반,0,224,옥외지반 근사,194215.78,547306.13,0.0,5.83,5.83,충족,5.83,5.83,충족,0.0,0.0,유지 충족
여의도고등학교 운동장-225,여의도고등학교,운동장 지반,여의도고등학교 운동장,지반,0,225,옥외지반 근사,194223.78,547306.13,0.0,6.5,6.5,충족,6.5,6.5,충족,0.0,0.0,유지 충족
여의도고등학교 운동장-226,여의도고등학교,운동장 지반,여의도고등학교 운동장,지반,0,226,옥외지반 근사,194231.78,547306.13,0.0,6.5,6.5,충족,6.5,6.5,충족,0.0,0.0,유지 충족
여의도고등학교 운동장-227,여의도고등학교,운동장 지반,여의도고등학교 운동장,지반,0,227,옥외지반 근사,194239.78,547306.13,0.0,6.67,6.33,충족,6.67,6.33,충족,0.0,0.0,유지 충족
여의도고등학교 운동장-228,여의도고등학교,운동장 지반,여의도고등학교 운동장,지반,0,228,옥외지반 근사,194247.78,547306.13,0.0,7.33,6.83,충족,7.33,6.83,충족,0.0,0.0,유지 충족
여의도고등학교 운동장-229,여의도고등학교,운동장 지반,여의도고등학교 운동장,지반,0,229,옥외지반 근사,194255.78,547306.13,0.0,7.5,6.83,충족,7.5,6.83,충족,0.0,0.0,유지 충족
여의도고등학교 운동장-230,여의도고등학교,운동장 지반,여의도고등학교 운동장,지반,0,230,옥외지반 근사,194263.78,547306.13,0.0,7.0,7.0,충족,7.0,7.0,충족,0.0,0.0,유지 충족
여의도고등학교 운동장-231,여의도고등학교,운동장 지반,여의도고등학교 운동장,지반,0,231,옥외지반 근사,194271.78,547306.13,0.0,7.33,7.0,충족,7.33,7.0,충족,0.0,0.0,유지 충족
여의도고등학교 운동장-232,여의도고등학교,운동장 지반,여의도고등학교 운동장,지반,0,232,옥외지반 근사,194063.78,547314.13,0.0,4.83,4.83,충족,4.83,4.83,충족,0.0,0.0,유지 충족
여의도고등학교 운동장-233,여의도고등학교,운동장 지반,여의도고등학교 운동장,지반,0,233,옥외지반 근사,194071.78,547314.13,0.0,5.33,5.33,충족,5.33,5.33,충족,0.0,0.0,유지 충족
여의도고등학교 운동장-234,여의도고등학교,운동장 지반,여의도고등학교 운동장,지반,0,234,옥외지반 근사,194079.78,547314.13,0.0,5.67,5.67,충족,5.67,5.67,충족,0.0,0.0,유지 충족
여의도고등학교 운동장-235,여의도고등학교,운동장 지반,여의도고등학교 운동장,지반,0,235,옥외지반 근사,194087.78,547314.13,0.0,6.0,6.0,충족,6.0,6.0,충족,0.0,0.0,유지 충족
여의도고등학교 운동장-236,여의도고등학교,운동장 지반,여의도고등학교 운동장,지반,0,236,옥외지반 근사,194095.78,547314.13,0.0,6.33,6.33,충족,6.33,6.33,충족,0.0,0.0,유지 충족
여의도고등학교 운동장-237,여의도고등학교,운동장 지반,여의도고등학교 운동장,지반,0,237,옥외지반 근사,194103.78,547314.13,0.0,6.5,6.5,충족,6.5,6.5,충족,0.0,0.0,유지 충족
여의도고등학교 운동장-238,여의도고등학교,운동장 지반,여의도고등학교 운동장,지반,0,238,옥외지반 근사,194111.78,547314.13,0.0,6.67,6.67,충족,6.67,6.67,충족,0.0,0.0,유지 충족
여의도고등학교 운동장-239,여의도고등학교,운동장 지반,여의도고등학교 운동장,지반,0,239,옥외지반 근사,194119.78,547314.13,0.0,6.5,6.5,충족,6.5,6.5,충족,0.0,0.0,유지 충족
여의도고등학교 운동장-240,여의도고등학교,운동장 지반,여의도고등학교 운동장,지반,0,240,옥외지반 근사,194127.78,547314.13,0.0,6.67,6.67,충족,6.67,6.67,충족,0.0,0.0,유지 충족
여의도고등학교 운동장-241,여의도고등학교,운동장 지반,여의도고등학교 운동장,지반,0,241,옥외지반 근사,194135.78,547314.13,0.0,6.5,6.5,충족,6.5,6.5,충족,0.0,0.0,유지 충족
여의도고등학교 운동장-242,여의도고등학교,운동장 지반,여의도고등학교 운동장,지반,0,242,옥외지반 근사,194143.78,547314.13,0.0,6.33,6.33,충족,6.33,6.33,충족,0.0,0.0,유지 충족
여의도고등학교 운동장-243,여의도고등학교,운동장 지반,여의도고등학교 운동장,지반,0,243,옥외지반 근사,194151.78,547314.13,0.0,6.0,5.17,충족,6.0,5.17,충족,0.0,0.0,유지 충족
여의도고등학교 운동장-244,여의도고등학교,운동장 지반,여의도고등학교 운동장,지반,0,244,옥외지반 근사,194183.78,547314.13,0.0,3.33,2.83,충족,3.33,2.83,충족,0.0,0.0,유지 충족
여의도고등학교 운동장-245,여의도고등학교,운동장 지반,여의도고등학교 운동장,지반,0,245,옥외지반 근사,194191.78,547314.13,0.0,4.5,4.5,충족,4.5,4.5,충족,0.0,0.0,유지 충족
여의도고등학교 운동장-246,여의도고등학교,운동장 지반,여의도고등학교 운동장,지반,0,246,옥외지반 근사,194199.78,547314.13,0.0,5.5,5.5,충족,5.5,5.5,충족,0.0,0.0,유지 충족
여의도고등학교 운동장-247,여의도고등학교,운동장 지반,여의도고등학교 운동장,지반,0,247,옥외지반 근사,194207.78,547314.13,0.0,6.17,6.17,충족,6.17,6.17,충족,0.0,0.0,유지 충족
여의도고등학교 운동장-248,여의도고등학교,운동장 지반,여의도고등학교 운동장,지반,0,248,옥외지반 근사,194215.78,547314.13,0.0,6.17,6.17,충족,6.17,6.17,충족,0.0,0.0,유지 충족
여의도고등학교 운동장-249,여의도고등학교,운동장 지반,여의도고등학교 운동장,지반,0,249,옥외지반 근사,194223.78,547314.13,0.0,6.17,6.17,충족,6.17,6.17,충족,0.0,0.0,유지 충족
여의도고등학교 운동장-250,여의도고등학교,운동장 지반,여의도고등학교 운동장,지반,0,250,옥외지반 근사,194231.78,547314.13,0.0,6.83,6.33,충족,6.83,6.33,충족,0.0,0.0,유지 충족
여의도고등학교 운동장-251,여의도고등학교,운동장 지반,여의도고등학교 운동장,지반,0,251,옥외지반 근사,194239.78,547314.13,0.0,7.17,6.67,충족,7.17,6.67,충족,0.0,0.0,유지 충족
여의도고등학교 운동장-252,여의도고등학교,운동장 지반,여의도고등학교 운동장,지반,0,252,옥외지반 근사,194247.78,547314.13,0.0,7.5,6.83,충족,7.5,6.83,충족,0.0,0.0,유지 충족
여의도고등학교 운동장-253,여의도고등학교,운동장 지반,여의도고등학교 운동장,지반,0,253,옥외지반 근사,194255.78,547314.13,0.0,7.5,6.83,충족,7.5,6.83,충족,0.0,0.0,유지 충족
여의도고등학교 운동장-254,여의도고등학교,운동장 지반,여의도고등학교 운동장,지반,0,254,옥외지반 근사,194263.78,547314.13,0.0,7.83,7.0,충족,7.83,7.0,충족,0.0,0.0,유지 충족
여의도고등학교 운동장-255,여의도고등학교,운동장 지반,여의도고등학교 운동장,지반,0,255,옥외지반 근사,194271.78,547314.13,0.0,7.83,7.0,충족,7.83,7.0,충족,0.0,0.0,유지 충족
여의도고등학교 운동장-256,여의도고등학교,운동장 지반,여의도고등학교 운동장,지반,0,256,옥외지반 근사,194063.78,547322.13,0.0,4.83,4.5,충족,4.83,4.5,충족,0.0,0.0,유지 충족
여의도고등학교 운동장-257,여의도고등학교,운동장 지반,여의도고등학교 운동장,지반,0,257,옥외지반 근사,194071.78,547322.13,0.0,4.83,4.83,충족,4.83,4.83,충족,0.0,0.0,유지 충족
여의도고등학교 운동장-258,여의도고등학교,운동장 지반,여의도고등학교 운동장,지반,0,258,옥외지반 근사,194079.78,547322.13,0.0,5.33,5.33,충족,5.33,5.33,충족,0.0,0.0,유지 충족
여의도고등학교 운동장-259,여의도고등학교,운동장 지반,여의도고등학교 운동장,지반,0,259,옥외지반 근사,194087.78,547322.13,0.0,5.5,5.5,충족,5.5,5.5,충족,0.0,0.0,유지 충족
여의도고등학교 운동장-260,여의도고등학교,운동장 지반,여의도고등학교 운동장,지반,0,260,옥외지반 근사,194095.78,547322.13,0.0,6.0,6.0,충족,6.0,6.0,충족,0.0,0.0,유지 충족
여의도고등학교 운동장-261,여의도고등학교,운동장 지반,여의도고등학교 운동장,지반,0,261,옥외지반 근사,194103.78,547322.13,0.0,6.33,6.33,충족,6.33,6.33,충족,0.0,0.0,유지 충족
여의도고등학교 운동장-262,여의도고등학교,운동장 지반,여의도고등학교 운동장,지반,0,262,옥외지반 근사,194111.78,547322.13,0.0,6.67,6.67,충족,6.67,6.67,충족,0.0,0.0,유지 충족
여의도고등학교 운동장-263,여의도고등학교,운동장 지반,여의도고등학교 운동장,지반,0,263,옥외지반 근사,194119.78,547322.13,0.0,6.67,6.67,충족,6.67,6.67,충족,0.0,0.0,유지 충족
여의도고등학교 운동장-264,여의도고등학교,운동장 지반,여의도고등학교 운동장,지반,0,264,옥외지반 근사,194127.78,547322.13,0.0,6.67,6.67,충족,6.67,6.67,충족,0.0,0.0,유지 충족
여의도고등학교 운동장-265,여의도고등학교,운동장 지반,여의도고등학교 운동장,지반,0,265,옥외지반 근사,194135.78,547322.13,0.0,6.33,6.33,충족,6.33,6.33,충족,0.0,0.0,유지 충족
여의도고등학교 운동장-266,여의도고등학교,운동장 지반,여의도고등학교 운동장,지반,0,266,옥외지반 근사,194143.78,547322.13,0.0,6.0,6.0,충족,6.0,6.0,충족,0.0,0.0,유지 충족
여의도고등학교 운동장-267,여의도고등학교,운동장 지반,여의도고등학교 운동장,지반,0,267,옥외지반 근사,194175.78,547322.13,0.0,2.5,2.5,충족,2.5,2.5,충족,0.0,0.0,유지 충족
여의도고등학교 운동장-268,여의도고등학교,운동장 지반,여의도고등학교 운동장,지반,0,268,옥외지반 근사,194183.78,547322.13,0.0,4.17,4.17,충족,4.17,4.17,충족,0.0,0.0,유지 충족
여의도고등학교 운동장-269,여의도고등학교,운동장 지반,여의도고등학교 운동장,지반,0,269,옥외지반 근사,194191.78,547322.13,0.0,5.33,5.33,충족,5.33,5.33,충족,0.0,0.0,유지 충족
여의도고등학교 운동장-270,여의도고등학교,운동장 지반,여의도고등학교 운동장,지반,0,270,옥외지반 근사,194199.78,547322.13,0.0,5.83,5.83,충족,5.83,5.83,충족,0.0,0.0,유지 충족
여의도고등학교 운동장-271,여의도고등학교,운동장 지반,여의도고등학교 운동장,지반,0,271,옥외지반 근사,194207.78,547322.13,0.0,6.33,6.33,충족,6.33,6.33,충족,0.0,0.0,유지 충족
여의도고등학교 운동장-272,여의도고등학교,운동장 지반,여의도고등학교 운동장,지반,0,272,옥외지반 근사,194215.78,547322.13,0.0,6.67,6.33,충족,6.67,6.33,충족,0.0,0.0,유지 충족
여의도고등학교 운동장-273,여의도고등학교,운동장 지반,여의도고등학교 운동장,지반,0,273,옥외지반 근사,194223.78,547322.13,0.0,7.0,6.5,충족,7.0,6.5,충족,0.0,0.0,유지 충족
여의도고등학교 운동장-274,여의도고등학교,운동장 지반,여의도고등학교 운동장,지반,0,274,옥외지반 근사,194231.78,547322.13,0.0,7.17,6.67,충족,7.17,6.67,충족,0.0,0.0,유지 충족
여의도고등학교 운동장-275,여의도고등학교,운동장 지반,여의도고등학교 운동장,지반,0,275,옥외지반 근사,194239.78,547322.13,0.0,7.33,6.67,충족,7.33,6.67,충족,0.0,0.0,유지 충족
여의도고등학교 운동장-276,여의도고등학교,운동장 지반,여의도고등학교 운동장,지반,0,276,옥외지반 근사,194247.78,547322.13,0.0,7.5,6.67,충족,7.5,6.67,충족,0.0,0.0,유지 충족
여의도고등학교 운동장-277,여의도고등학교,운동장 지반,여의도고등학교 운동장,지반,0,277,옥외지반 근사,194255.78,547322.13,0.0,7.67,6.83,충족,7.67,6.83,충족,0.0,0.0,유지 충족
여의도고등학교 운동장-278,여의도고등학교,운동장 지반,여의도고등학교 운동장,지반,0,278,옥외지반 근사,194263.78,547322.13,0.0,7.67,6.83,충족,7.67,6.83,충족,0.0,0.0,유지 충족
여의도고등학교 운동장-279,여의도고등학교,운동장 지반,여의도고등학교 운동장,지반,0,279,옥외지반 근사,194063.78,547330.13,0.0,4.83,4.33,충족,4.83,4.33,충족,0.0,0.0,유지 충족
여의도고등학교 운동장-280,여의도고등학교,운동장 지반,여의도고등학교 운동장,지반,0,280,옥외지반 근사,194071.78,547330.13,0.0,5.17,4.83,충족,5.17,4.83,충족,0.0,0.0,유지 충족
여의도고등학교 운동장-281,여의도고등학교,운동장 지반,여의도고등학교 운동장,지반,0,281,옥외지반 근사,194079.78,547330.13,0.0,5.17,5.17,충족,5.17,5.17,충족,0.0,0.0,유지 충족
여의도고등학교 운동장-282,여의도고등학교,운동장 지반,여의도고등학교 운동장,지반,0,282,옥외지반 근사,194095.78,547330.13,0.0,5.83,5.83,충족,5.83,5.83,충족,0.0,0.0,유지 충족
여의도고등학교 운동장-283,여의도고등학교,운동장 지반,여의도고등학교 운동장,지반,0,283,옥외지반 근사,194103.78,547330.13,0.0,6.17,6.17,충족,6.17,6.17,충족,0.0,0.0,유지 충족
여의도고등학교 운동장-284,여의도고등학교,운동장 지반,여의도고등학교 운동장,지반,0,284,옥외지반 근사,194111.78,547330.13,0.0,6.33,6.33,충족,6.33,6.33,충족,0.0,0.0,유지 충족
여의도고등학교 운동장-285,여의도고등학교,운동장 지반,여의도고등학교 운동장,지반,0,285,옥외지반 근사,194119.78,547330.13,0.0,6.5,6.5,충족,6.5,6.5,충족,0.0,0.0,유지 충족
여의도고등학교 운동장-286,여의도고등학교,운동장 지반,여의도고등학교 운동장,지반,0,286,옥외지반 근사,194127.78,547330.13,0.0,6.33,6.33,충족,6.33,6.33,충족,0.0,0.0,유지 충족
여의도고등학교 운동장-287,여의도고등학교,운동장 지반,여의도고등학교 운동장,지반,0,287,옥외지반 근사,194135.78,547330.13,0.0,6.17,6.17,충족,6.17,6.17,충족,0.0,0.0,유지 충족
여의도고등학교 운동장-288,여의도고등학교,운동장 지반,여의도고등학교 운동장,지반,0,288,옥외지반 근사,194167.78,547330.13,0.0,2.17,2.17,충족,2.17,2.17,충족,0.0,0.0,유지 충족
여의도고등학교 운동장-289,여의도고등학교,운동장 지반,여의도고등학교 운동장,지반,0,289,옥외지반 근사,194175.78,547330.13,0.0,3.17,3.17,충족,3.17,3.17,충족,0.0,0.0,유지 충족
여의도고등학교 운동장-290,여의도고등학교,운동장 지반,여의도고등학교 운동장,지반,0,290,옥외지반 근사,194183.78,547330.13,0.0,4.33,4.33,충족,4.33,4.33,충족,0.0,0.0,유지 충족
여의도고등학교 운동장-291,여의도고등학교,운동장 지반,여의도고등학교 운동장,지반,0,291,옥외지반 근사,194191.78,547330.13,0.0,5.33,5.33,충족,5.33,5.33,충족,0.0,0.0,유지 충족
여의도고등학교 운동장-292,여의도고등학교,운동장 지반,여의도고등학교 운동장,지반,0,292,옥외지반 근사,194199.78,547330.13,0.0,6.33,6.33,충족,6.33,6.33,충족,0.0,0.0,유지 충족
여의도고등학교 운동장-293,여의도고등학교,운동장 지반,여의도고등학교 운동장,지반,0,293,옥외지반 근사,194207.78,547330.13,0.0,6.83,6.83,충족,6.83,6.83,충족,0.0,0.0,유지 충족
여의도고등학교 운동장-294,여의도고등학교,운동장 지반,여의도고등학교 운동장,지반,0,294,옥외지반 근사,194215.78,547330.13,0.0,7.17,7.17,충족,7.17,7.17,충족,0.0,0.0,유지 충족
여의도고등학교 운동장-295,여의도고등학교,운동장 지반,여의도고등학교 운동장,지반,0,295,옥외지반 근사,194223.78,547330.13,0.0,7.5,7.5,충족,7.5,7.5,충족,0.0,0.0,유지 충족
여의도고등학교 운동장-296,여의도고등학교,운동장 지반,여의도고등학교 운동장,지반,0,296,옥외지반 근사,194231.78,547330.13,0.0,7.5,6.67,충족,7.5,6.67,충족,0.0,0.0,유지 충족
여의도고등학교 운동장-297,여의도고등학교,운동장 지반,여의도고등학교 운동장,지반,0,297,옥외지반 근사,194239.78,547330.13,0.0,7.67,6.67,충족,7.67,6.67,충족,0.0,0.0,유지 충족
여의도고등학교 운동장-298,여의도고등학교,운동장 지반,여의도고등학교 운동장,지반,0,298,옥외지반 근사,194247.78,547330.13,0.0,7.5,6.67,충족,7.5,6.67,충족,0.0,0.0,유지 충족
여의도고등학교 운동장-299,여의도고등학교,운동장 지반,여의도고등학교 운동장,지반,0,299,옥외지반 근사,194071.78,547338.13,0.0,4.83,4.33,충족,4.83,4.33,충족,0.0,0.0,유지 충족
여의도고등학교 운동장-300,여의도고등학교,운동장 지반,여의도고등학교 운동장,지반,0,300,옥외지반 근사,194079.78,547338.13,0.0,1.17,0.83,불충족,1.17,0.83,불충족,0.0,0.0,유지 불충족
여의도고등학교 운동장-301,여의도고등학교,운동장 지반,여의도고등학교 운동장,지반,0,301,옥외지반 근사,194103.78,547338.13,0.0,5.83,5.83,충족,5.83,5.83,충족,0.0,0.0,유지 충족
여의도고등학교 운동장-302,여의도고등학교,운동장 지반,여의도고등학교 운동장,지반,0,302,옥외지반 근사,194111.78,547338.13,0.0,6.17,6.17,충족,6.17,6.17,충족,0.0,0.0,유지 충족
여의도고등학교 운동장-303,여의도고등학교,운동장 지반,여의도고등학교 운동장,지반,0,303,옥외지반 근사,194119.78,547338.13,0.0,6.0,6.0,충족,6.0,6.0,충족,0.0,0.0,유지 충족
여의도고등학교 운동장-304,여의도고등학교,운동장 지반,여의도고등학교 운동장,지반,0,304,옥외지반 근사,194127.78,547338.13,0.0,6.0,6.0,충족,6.0,6.0,충족,0.0,0.0,유지 충족
여의도고등학교 운동장-305,여의도고등학교,운동장 지반,여의도고등학교 운동장,지반,0,305,옥외지반 근사,194159.78,547338.13,0.0,1.83,1.83,불충족,1.83,1.83,불충족,0.0,0.0,유지 불충족
여의도고등학교 운동장-306,여의도고등학교,운동장 지반,여의도고등학교 운동장,지반,0,306,옥외지반 근사,194167.78,547338.13,0.0,2.67,2.67,충족,2.67,2.67,충족,0.0,0.0,유지 충족
여의도고등학교 운동장-307,여의도고등학교,운동장 지반,여의도고등학교 운동장,지반,0,307,옥외지반 근사,194175.78,547338.13,0.0,3.5,3.5,충족,3.5,3.5,충족,0.0,0.0,유지 충족
여의도고등학교 운동장-308,여의도고등학교,운동장 지반,여의도고등학교 운동장,지반,0,308,옥외지반 근사,194183.78,547338.13,0.0,4.5,4.5,충족,4.5,4.5,충족,0.0,0.0,유지 충족
여의도고등학교 운동장-309,여의도고등학교,운동장 지반,여의도고등학교 운동장,지반,0,309,옥외지반 근사,194191.78,547338.13,0.0,5.67,5.67,충족,5.67,5.67,충족,0.0,0.0,유지 충족
여의도고등학교 운동장-310,여의도고등학교,운동장 지반,여의도고등학교 운동장,지반,0,310,옥외지반 근사,194199.78,547338.13,0.0,6.33,6.33,충족,6.33,6.33,충족,0.0,0.0,유지 충족
여의도고등학교 운동장-311,여의도고등학교,운동장 지반,여의도고등학교 운동장,지반,0,311,옥외지반 근사,194207.78,547338.13,0.0,6.83,6.83,충족,6.83,6.83,충족,0.0,0.0,유지 충족
여의도고등학교 운동장-312,여의도고등학교,운동장 지반,여의도고등학교 운동장,지반,0,312,옥외지반 근사,194215.78,547338.13,0.0,7.5,7.5,충족,7.5,7.5,충족,0.0,0.0,유지 충족
여의도고등학교 운동장-313,여의도고등학교,운동장 지반,여의도고등학교 운동장,지반,0,313,옥외지반 근사,194223.78,547338.13,0.0,7.67,7.67,충족,7.67,7.67,충족,0.0,0.0,유지 충족
여의도고등학교 운동장-314,여의도고등학교,운동장 지반,여의도고등학교 운동장,지반,0,314,옥외지반 근사,194231.78,547338.13,0.0,7.83,7.83,충족,7.83,7.83,충족,0.0,0.0,유지 충족
여의도고등학교 운동장-315,여의도고등학교,운동장 지반,여의도고등학교 운동장,지반,0,315,옥외지반 근사,194071.78,547346.13,0.0,3.67,3.17,충족,3.67,3.17,충족,0.0,0.0,유지 충족
여의도고등학교 운동장-316,여의도고등학교,운동장 지반,여의도고등학교 운동장,지반,0,316,옥외지반 근사,194079.78,547346.13,0.0,1.5,1.0,불충족,1.5,1.0,불충족,0.0,0.0,유지 불충족
여의도고등학교 운동장-317,여의도고등학교,운동장 지반,여의도고등학교 운동장,지반,0,317,옥외지반 근사,194119.78,547346.13,0.0,5.67,5.67,충족,5.67,5.67,충족,0.0,0.0,유지 충족
여의도고등학교 운동장-318,여의도고등학교,운동장 지반,여의도고등학교 운동장,지반,0,318,옥외지반 근사,194127.78,547346.13,0.0,5.5,5.5,충족,5.5,5.5,충족,0.0,0.0,유지 충족
여의도고등학교 운동장-319,여의도고등학교,운동장 지반,여의도고등학교 운동장,지반,0,319,옥외지반 근사,194151.78,547346.13,0.0,1.67,1.67,불충족,1.67,1.67,불충족,0.0,0.0,유지 불충족
여의도고등학교 운동장-320,여의도고등학교,운동장 지반,여의도고등학교 운동장,지반,0,320,옥외지반 근사,194159.78,547346.13,0.0,2.67,2.5,충족,2.67,2.5,충족,0.0,0.0,유지 충족
여의도고등학교 운동장-321,여의도고등학교,운동장 지반,여의도고등학교 운동장,지반,0,321,옥외지반 근사,194167.78,547346.13,0.0,3.67,3.33,충족,3.67,3.33,충족,0.0,0.0,유지 충족
여의도고등학교 운동장-322,여의도고등학교,운동장 지반,여의도고등학교 운동장,지반,0,322,옥외지반 근사,194175.78,547346.13,0.0,4.5,4.33,충족,4.5,4.33,충족,0.0,0.0,유지 충족
여의도고등학교 운동장-323,여의도고등학교,운동장 지반,여의도고등학교 운동장,지반,0,323,옥외지반 근사,194183.78,547346.13,0.0,5.5,5.5,충족,5.5,5.5,충족,0.0,0.0,유지 충족
여의도고등학교 운동장-324,여의도고등학교,운동장 지반,여의도고등학교 운동장,지반,0,324,옥외지반 근사,194191.78,547346.13,0.0,6.17,6.17,충족,6.17,6.17,충족,0.0,0.0,유지 충족
여의도고등학교 운동장-325,여의도고등학교,운동장 지반,여의도고등학교 운동장,지반,0,325,옥외지반 근사,194199.78,547346.13,0.0,6.67,6.67,충족,6.67,6.67,충족,0.0,0.0,유지 충족
여의도고등학교 운동장-326,여의도고등학교,운동장 지반,여의도고등학교 운동장,지반,0,326,옥외지반 근사,194207.78,547346.13,0.0,7.0,7.0,충족,7.0,7.0,충족,0.0,0.0,유지 충족
여의도고등학교 운동장-327,여의도고등학교,운동장 지반,여의도고등학교 운동장,지반,0,327,옥외지반 근사,194215.78,547346.13,0.0,7.33,7.33,충족,7.33,7.33,충족,0.0,0.0,유지 충족
여의도고등학교 운동장-328,여의도고등학교,운동장 지반,여의도고등학교 운동장,지반,0,328,옥외지반 근사,194223.78,547346.13,0.0,7.67,7.67,충족,7.67,7.67,충족,0.0,0.0,유지 충족
여의도고등학교 운동장-329,여의도고등학교,운동장 지반,여의도고등학교 운동장,지반,0,329,옥외지반 근사,194087.78,547354.13,0.0,0.33,0.33,불충족,0.33,0.33,불충족,0.0,0.0,유지 불충족
여의도고등학교 운동장-330,여의도고등학교,운동장 지반,여의도고등학교 운동장,지반,0,330,옥외지반 근사,194095.78,547354.13,0.0,0.33,0.33,불충족,0.33,0.33,불충족,0.0,0.0,유지 불충족
여의도고등학교 운동장-331,여의도고등학교,운동장 지반,여의도고등학교 운동장,지반,0,331,옥외지반 근사,194119.78,547354.13,0.0,5.0,5.0,충족,5.0,5.0,충족,0.0,0.0,유지 충족
여의도고등학교 운동장-332,여의도고등학교,운동장 지반,여의도고등학교 운동장,지반,0,332,옥외지반 근사,194143.78,547354.13,0.0,1.83,1.67,불충족,1.83,1.67,불충족,0.0,0.0,유지 불충족
여의도고등학교 운동장-333,여의도고등학교,운동장 지반,여의도고등학교 운동장,지반,0,333,옥외지반 근사,194151.78,547354.13,0.0,3.17,3.17,충족,3.17,3.17,충족,0.0,0.0,유지 충족
여의도고등학교 운동장-334,여의도고등학교,운동장 지반,여의도고등학교 운동장,지반,0,334,옥외지반 근사,194159.78,547354.13,0.0,4.33,4.33,충족,4.33,4.33,충족,0.0,0.0,유지 충족
여의도고등학교 운동장-335,여의도고등학교,운동장 지반,여의도고등학교 운동장,지반,0,335,옥외지반 근사,194167.78,547354.13,0.0,5.33,5.33,충족,5.33,5.33,충족,0.0,0.0,유지 충족
여의도고등학교 운동장-336,여의도고등학교,운동장 지반,여의도고등학교 운동장,지반,0,336,옥외지반 근사,194175.78,547354.13,0.0,6.17,6.17,충족,6.17,6.17,충족,0.0,0.0,유지 충족
여의도고등학교 운동장-337,여의도고등학교,운동장 지반,여의도고등학교 운동장,지반,0,337,옥외지반 근사,194183.78,547354.13,0.0,6.67,6.67,충족,6.67,6.67,충족,0.0,0.0,유지 충족
여의도고등학교 운동장-338,여의도고등학교,운동장 지반,여의도고등학교 운동장,지반,0,338,옥외지반 근사,194191.78,547354.13,0.0,7.0,7.0,충족,7.0,7.0,충족,0.0,0.0,유지 충족
여의도고등학교 운동장-339,여의도고등학교,운동장 지반,여의도고등학교 운동장,지반,0,339,옥외지반 근사,194199.78,547354.13,0.0,7.0,7.0,충족,7.0,7.0,충족,0.0,0.0,유지 충족
여의도고등학교 운동장-340,여의도고등학교,운동장 지반,여의도고등학교 운동장,지반,0,340,옥외지반 근사,194207.78,547354.13,0.0,7.33,7.33,충족,7.33,7.33,충족,0.0,0.0,유지 충족
여의도고등학교 운동장-341,여의도고등학교,운동장 지반,여의도고등학교 운동장,지반,0,341,옥외지반 근사,194215.78,547354.13,0.0,7.5,7.5,충족,7.5,7.5,충족,0.0,0.0,유지 충족
여의도고등학교 운동장-342,여의도고등학교,운동장 지반,여의도고등학교 운동장,지반,0,342,옥외지반 근사,194223.78,547354.13,0.0,7.67,7.67,충족,7.67,7.67,충족,0.0,0.0,유지 충족
여의도고등학교 운동장-343,여의도고등학교,운동장 지반,여의도고등학교 운동장,지반,0,343,옥외지반 근사,194103.78,547362.13,0.0,0.17,0.17,불충족,0.17,0.17,불충족,0.0,0.0,유지 불충족
여의도고등학교 운동장-344,여의도고등학교,운동장 지반,여의도고등학교 운동장,지반,0,344,옥외지반 근사,194111.78,547362.13,0.0,1.33,1.33,불충족,1.33,1.33,불충족,0.0,0.0,유지 불충족
여의도고등학교 운동장-345,여의도고등학교,운동장 지반,여의도고등학교 운동장,지반,0,345,옥외지반 근사,194119.78,547362.13,0.0,1.17,1.17,불충족,1.17,1.17,불충족,0.0,0.0,유지 불충족
여의도고등학교 운동장-346,여의도고등학교,운동장 지반,여의도고등학교 운동장,지반,0,346,옥외지반 근사,194135.78,547362.13,0.0,1.67,1.67,불충족,1.67,1.67,불충족,0.0,0.0,유지 불충족
여의도고등학교 운동장-347,여의도고등학교,운동장 지반,여의도고등학교 운동장,지반,0,347,옥외지반 근사,194143.78,547362.13,0.0,3.0,3.0,충족,3.0,3.0,충족,0.0,0.0,유지 충족
여의도고등학교 운동장-348,여의도고등학교,운동장 지반,여의도고등학교 운동장,지반,0,348,옥외지반 근사,194151.78,547362.13,0.0,4.0,4.0,충족,4.0,4.0,충족,0.0,0.0,유지 충족
여의도고등학교 운동장-349,여의도고등학교,운동장 지반,여의도고등학교 운동장,지반,0,349,옥외지반 근사,194159.78,547362.13,0.0,5.17,5.17,충족,5.17,5.17,충족,0.0,0.0,유지 충족
여의도고등학교 운동장-350,여의도고등학교,운동장 지반,여의도고등학교 운동장,지반,0,350,옥외지반 근사,194167.78,547362.13,0.0,6.0,6.0,충족,6.0,6.0,충족,0.0,0.0,유지 충족
여의도고등학교 운동장-351,여의도고등학교,운동장 지반,여의도고등학교 운동장,지반,0,351,옥외지반 근사,194175.78,547362.13,0.0,6.5,6.5,충족,6.5,6.5,충족,0.0,0.0,유지 충족
여의도고등학교 운동장-352,여의도고등학교,운동장 지반,여의도고등학교 운동장,지반,0,352,옥외지반 근사,194183.78,547362.13,0.0,7.0,7.0,충족,7.0,7.0,충족,0.0,0.0,유지 충족
여의도고등학교 운동장-353,여의도고등학교,운동장 지반,여의도고등학교 운동장,지반,0,353,옥외지반 근사,194191.78,547362.13,0.0,7.33,7.33,충족,7.33,7.33,충족,0.0,0.0,유지 충족
여의도고등학교 운동장-354,여의도고등학교,운동장 지반,여의도고등학교 운동장,지반,0,354,옥외지반 근사,194199.78,547362.13,0.0,7.5,7.5,충족,7.5,7.5,충족,0.0,0.0,유지 충족
여의도고등학교 운동장-355,여의도고등학교,운동장 지반,여의도고등학교 운동장,지반,0,355,옥외지반 근사,194207.78,547362.13,0.0,7.67,7.67,충족,7.67,7.67,충족,0.0,0.0,유지 충족
여의도고등학교 운동장-356,여의도고등학교,운동장 지반,여의도고등학교 운동장,지반,0,356,옥외지반 근사,194215.78,547362.13,0.0,7.67,7.67,충족,7.67,7.67,충족,0.0,0.0,유지 충족
여의도고등학교 운동장-357,여의도고등학교,운동장 지반,여의도고등학교 운동장,지반,0,357,옥외지반 근사,194111.78,547370.13,0.0,1.67,1.5,불충족,1.67,1.5,불충족,0.0,0.0,유지 불충족
여의도고등학교 운동장-358,여의도고등학교,운동장 지반,여의도고등학교 운동장,지반,0,358,옥외지반 근사,194119.78,547370.13,0.0,0.5,0.5,불충족,0.5,0.5,불충족,0.0,0.0,유지 불충족
여의도고등학교 운동장-359,여의도고등학교,운동장 지반,여의도고등학교 운동장,지반,0,359,옥외지반 근사,194127.78,547370.13,0.0,1.5,1.5,불충족,1.5,1.5,불충족,0.0,0.0,유지 불충족
여의도고등학교 운동장-360,여의도고등학교,운동장 지반,여의도고등학교 운동장,지반,0,360,옥외지반 근사,194135.78,547370.13,0.0,2.67,2.67,충족,2.67,2.67,충족,0.0,0.0,유지 충족
여의도고등학교 운동장-361,여의도고등학교,운동장 지반,여의도고등학교 운동장,지반,0,361,옥외지반 근사,194143.78,547370.13,0.0,3.67,3.67,충족,3.67,3.67,충족,0.0,0.0,유지 충족
여의도고등학교 운동장-362,여의도고등학교,운동장 지반,여의도고등학교 운동장,지반,0,362,옥외지반 근사,194151.78,547370.13,0.0,4.83,4.83,충족,4.83,4.83,충족,0.0,0.0,유지 충족
여의도고등학교 운동장-363,여의도고등학교,운동장 지반,여의도고등학교 운동장,지반,0,363,옥외지반 근사,194159.78,547370.13,0.0,5.83,5.83,충족,5.83,5.83,충족,0.0,0.0,유지 충족
여의도고등학교 운동장-364,여의도고등학교,운동장 지반,여의도고등학교 운동장,지반,0,364,옥외지반 근사,194167.78,547370.13,0.0,6.5,6.5,충족,6.5,6.5,충족,0.0,0.0,유지 충족
여의도고등학교 운동장-365,여의도고등학교,운동장 지반,여의도고등학교 운동장,지반,0,365,옥외지반 근사,194175.78,547370.13,0.0,6.83,6.83,충족,6.83,6.83,충족,0.0,0.0,유지 충족
여의도고등학교 운동장-366,여의도고등학교,운동장 지반,여의도고등학교 운동장,지반,0,366,옥외지반 근사,194183.78,547370.13,0.0,7.17,7.17,충족,7.17,7.17,충족,0.0,0.0,유지 충족
여의도고등학교 운동장-367,여의도고등학교,운동장 지반,여의도고등학교 운동장,지반,0,367,옥외지반 근사,194191.78,547370.13,0.0,7.5,7.5,충족,7.5,7.5,충족,0.0,0.0,유지 충족
여의도고등학교 운동장-368,여의도고등학교,운동장 지반,여의도고등학교 운동장,지반,0,368,옥외지반 근사,194199.78,547370.13,0.0,7.67,7.67,충족,7.67,7.67,충족,0.0,0.0,유지 충족
여의도고등학교 운동장-369,여의도고등학교,운동장 지반,여의도고등학교 운동장,지반,0,369,옥외지반 근사,194119.78,547378.13,0.0,2.17,1.5,불충족,2.17,1.5,불충족,0.0,0.0,유지 불충족
여의도고등학교 운동장-370,여의도고등학교,운동장 지반,여의도고등학교 운동장,지반,0,370,옥외지반 근사,194127.78,547378.13,0.0,2.33,2.33,충족,2.33,2.33,충족,0.0,0.0,유지 충족
여의도고등학교 운동장-371,여의도고등학교,운동장 지반,여의도고등학교 운동장,지반,0,371,옥외지반 근사,194135.78,547378.13,0.0,3.17,3.17,충족,3.17,3.17,충족,0.0,0.0,유지 충족
여의도고등학교 운동장-372,여의도고등학교,운동장 지반,여의도고등학교 운동장,지반,0,372,옥외지반 근사,194143.78,547378.13,0.0,4.17,4.17,충족,4.17,4.17,충족,0.0,0.0,유지 충족
여의도고등학교 운동장-373,여의도고등학교,운동장 지반,여의도고등학교 운동장,지반,0,373,옥외지반 근사,194151.78,547378.13,0.0,5.17,5.17,충족,5.17,5.17,충족,0.0,0.0,유지 충족
여의도고등학교 운동장-374,여의도고등학교,운동장 지반,여의도고등학교 운동장,지반,0,374,옥외지반 근사,194159.78,547378.13,0.0,6.0,6.0,충족,6.0,6.0,충족,0.0,0.0,유지 충족
여의도고등학교 운동장-375,여의도고등학교,운동장 지반,여의도고등학교 운동장,지반,0,375,옥외지반 근사,194167.78,547378.13,0.0,6.5,6.5,충족,6.5,6.5,충족,0.0,0.0,유지 충족
여의도고등학교 운동장-376,여의도고등학교,운동장 지반,여의도고등학교 운동장,지반,0,376,옥외지반 근사,194175.78,547378.13,0.0,7.17,7.17,충족,7.17,7.17,충족,0.0,0.0,유지 충족
여의도고등학교 운동장-377,여의도고등학교,운동장 지반,여의도고등학교 운동장,지반,0,377,옥외지반 근사,194183.78,547378.13,0.0,7.5,7.5,충족,7.5,7.5,충족,0.0,0.0,유지 충족
여의도고등학교 운동장-378,여의도고등학교,운동장 지반,여의도고등학교 운동장,지반,0,378,옥외지반 근사,194191.78,547378.13,0.0,7.67,7.67,충족,7.67,7.67,충족,0.0,0.0,유지 충족
여의도고등학교 운동장-379,여의도고등학교,운동장 지반,여의도고등학교 운동장,지반,0,379,옥외지반 근사,194199.78,547378.13,0.0,7.83,7.83,충족,7.83,7.83,충족,0.0,0.0,유지 충족
여의도고등학교 운동장-380,여의도고등학교,운동장 지반,여의도고등학교 운동장,지반,0,380,옥외지반 근사,194119.78,547386.13,0.0,4.67,2.17,충족,4.67,2.17,충족,0.0,0.0,유지 충족
여의도고등학교 운동장-381,여의도고등학교,운동장 지반,여의도고등학교 운동장,지반,0,381,옥외지반 근사,194127.78,547386.13,0.0,4.17,3.5,충족,4.17,3.5,충족,0.0,0.0,유지 충족
여의도고등학교 운동장-382,여의도고등학교,운동장 지반,여의도고등학교 운동장,지반,0,382,옥외지반 근사,194135.78,547386.13,0.0,4.5,4.5,충족,4.5,4.5,충족,0.0,0.0,유지 충족
여의도고등학교 운동장-383,여의도고등학교,운동장 지반,여의도고등학교 운동장,지반,0,383,옥외지반 근사,194143.78,547386.13,0.0,5.5,5.5,충족,5.5,5.5,충족,0.0,0.0,유지 충족
본관(5층) 2층-1,여의도중학교,교사동 창면,본관(5층),본관(5층),2,1,도면기준,194272.15,547221.36,6.3,4.67,4.33,충족,4.67,4.33,충족,0.0,0.0,유지 충족
본관(5층) 3층-1,여의도중학교,교사동 창면,본관(5층),본관(5층),3,1,도면기준,194272.15,547221.36,9.9,4.83,4.33,충족,4.83,4.33,충족,0.0,0.0,유지 충족
본관(5층) 4층-1,여의도중학교,교사동 창면,본관(5층),본관(5층),4,1,도면기준,194272.15,547221.36,13.5,5.0,4.33,충족,5.0,4.33,충족,0.0,0.0,유지 충족
본관(5층) 5층-1,여의도중학교,교사동 창면,본관(5층),본관(5층),5,1,도면기준,194272.15,547221.36,17.1,5.0,4.33,충족,5.0,4.33,충족,0.0,0.0,유지 충족
본관(5층) 1층-1,여의도중학교,교사동 창면,본관(5층),본관(5층),1,1,도면기준,194274.42,547218.57,2.4,4.5,4.5,충족,4.5,4.5,충족,0.0,0.0,유지 충족
본관(5층) 2층-2,여의도중학교,교사동 창면,본관(5층),본관(5층),2,2,도면기준,194274.42,547218.57,6.3,4.83,4.5,충족,4.83,4.5,충족,0.0,0.0,유지 충족
본관(5층) 3층-2,여의도중학교,교사동 창면,본관(5층),본관(5층),3,2,도면기준,194274.42,547218.57,9.9,5.0,4.5,충족,5.0,4.5,충족,0.0,0.0,유지 충족
본관(5층) 4층-2,여의도중학교,교사동 창면,본관(5층),본관(5층),4,2,도면기준,194274.42,547218.57,13.5,5.17,4.5,충족,5.17,4.5,충족,0.0,0.0,유지 충족
본관(5층) 5층-2,여의도중학교,교사동 창면,본관(5층),본관(5층),5,2,도면기준,194274.42,547218.57,17.1,5.17,4.5,충족,5.17,4.5,충족,0.0,0.0,유지 충족
본관(5층) 1층-2,여의도중학교,교사동 창면,본관(5층),본관(5층),1,2,도면기준,194277.83,547214.38,2.4,4.5,4.5,충족,4.5,4.5,충족,0.0,0.0,유지 충족
본관(5층) 2층-3,여의도중학교,교사동 창면,본관(5층),본관(5층),2,3,도면기준,194277.83,547214.38,6.3,4.67,4.5,충족,4.67,4.5,충족,0.0,0.0,유지 충족
본관(5층) 3층-3,여의도중학교,교사동 창면,본관(5층),본관(5층),3,3,도면기준,194277.83,547214.38,9.9,4.83,4.5,충족,4.83,4.5,충족,0.0,0.0,유지 충족
본관(5층) 4층-3,여의도중학교,교사동 창면,본관(5층),본관(5층),4,3,도면기준,194277.83,547214.38,13.5,5.0,4.5,충족,5.0,4.5,충족,0.0,0.0,유지 충족
본관(5층) 5층-3,여의도중학교,교사동 창면,본관(5층),본관(5층),5,3,도면기준,194277.83,547214.38,17.1,5.17,4.5,충족,5.17,4.5,충족,0.0,0.0,유지 충족
본관(5층) 1층-3,여의도중학교,교사동 창면,본관(5층),본관(5층),1,3,도면기준,194280.11,547211.59,2.4,4.5,4.5,충족,4.5,4.5,충족,0.0,0.0,유지 충족
본관(5층) 2층-4,여의도중학교,교사동 창면,본관(5층),본관(5층),2,4,도면기준,194280.11,547211.59,6.3,4.67,4.5,충족,4.67,4.5,충족,0.0,0.0,유지 충족
본관(5층) 3층-4,여의도중학교,교사동 창면,본관(5층),본관(5층),3,4,도면기준,194280.11,547211.59,9.9,4.83,4.5,충족,4.83,4.5,충족,0.0,0.0,유지 충족
본관(5층) 4층-4,여의도중학교,교사동 창면,본관(5층),본관(5층),4,4,도면기준,194280.11,547211.59,13.5,5.0,4.5,충족,5.0,4.5,충족,0.0,0.0,유지 충족
본관(5층) 5층-4,여의도중학교,교사동 창면,본관(5층),본관(5층),5,4,도면기준,194280.11,547211.59,17.1,5.17,4.5,충족,5.17,4.5,충족,0.0,0.0,유지 충족
본관(5층) 1층-4,여의도중학교,교사동 창면,본관(5층),본관(5층),1,4,도면기준,194283.52,547207.41,2.4,4.67,4.67,충족,4.67,4.67,충족,0.0,0.0,유지 충족
본관(5층) 2층-5,여의도중학교,교사동 창면,본관(5층),본관(5층),2,5,도면기준,194283.52,547207.41,6.3,4.67,4.67,충족,4.67,4.67,충족,0.0,0.0,유지 충족
본관(5층) 3층-5,여의도중학교,교사동 창면,본관(5층),본관(5층),3,5,도면기준,194283.52,547207.41,9.9,4.83,4.67,충족,4.83,4.67,충족,0.0,0.0,유지 충족
본관(5층) 4층-5,여의도중학교,교사동 창면,본관(5층),본관(5층),4,5,도면기준,194283.52,547207.41,13.5,5.17,4.67,충족,5.17,4.67,충족,0.0,0.0,유지 충족
본관(5층) 5층-5,여의도중학교,교사동 창면,본관(5층),본관(5층),5,5,도면기준,194283.52,547207.41,17.1,5.5,4.67,충족,5.5,4.67,충족,0.0,0.0,유지 충족
본관(5층) 1층-5,여의도중학교,교사동 창면,본관(5층),본관(5층),1,5,도면기준,194285.8,547204.62,2.4,4.67,4.67,충족,4.67,4.67,충족,0.0,0.0,유지 충족
본관(5층) 2층-6,여의도중학교,교사동 창면,본관(5층),본관(5층),2,6,도면기준,194285.8,547204.62,6.3,4.67,4.67,충족,4.67,4.67,충족,0.0,0.0,유지 충족
본관(5층) 3층-6,여의도중학교,교사동 창면,본관(5층),본관(5층),3,6,도면기준,194285.8,547204.62,9.9,4.83,4.67,충족,4.83,4.67,충족,0.0,0.0,유지 충족
본관(5층) 4층-6,여의도중학교,교사동 창면,본관(5층),본관(5층),4,6,도면기준,194285.8,547204.62,13.5,5.0,4.67,충족,5.0,4.67,충족,0.0,0.0,유지 충족
본관(5층) 5층-6,여의도중학교,교사동 창면,본관(5층),본관(5층),5,6,도면기준,194285.8,547204.62,17.1,5.33,4.67,충족,5.33,4.67,충족,0.0,0.0,유지 충족
본관(5층) 1층-6,여의도중학교,교사동 창면,본관(5층),본관(5층),1,6,도면기준,194289.21,547200.43,2.4,4.83,4.83,충족,4.83,4.83,충족,0.0,0.0,유지 충족
본관(5층) 2층-7,여의도중학교,교사동 창면,본관(5층),본관(5층),2,7,도면기준,194289.21,547200.43,6.3,4.83,4.83,충족,4.83,4.83,충족,0.0,0.0,유지 충족
본관(5층) 3층-7,여의도중학교,교사동 창면,본관(5층),본관(5층),3,7,도면기준,194289.21,547200.43,9.9,4.83,4.83,충족,4.83,4.83,충족,0.0,0.0,유지 충족
본관(5층) 4층-7,여의도중학교,교사동 창면,본관(5층),본관(5층),4,7,도면기준,194289.21,547200.43,13.5,5.0,4.83,충족,5.0,4.83,충족,0.0,0.0,유지 충족
본관(5층) 5층-7,여의도중학교,교사동 창면,본관(5층),본관(5층),5,7,도면기준,194289.21,547200.43,17.1,5.33,4.83,충족,5.33,4.83,충족,0.0,0.0,유지 충족
본관(5층) 1층-7,여의도중학교,교사동 창면,본관(5층),본관(5층),1,7,도면기준,194291.48,547197.64,2.4,4.83,4.83,충족,4.83,4.83,충족,0.0,0.0,유지 충족
본관(5층) 2층-8,여의도중학교,교사동 창면,본관(5층),본관(5층),2,8,도면기준,194291.48,547197.64,6.3,4.83,4.83,충족,4.83,4.83,충족,0.0,0.0,유지 충족
본관(5층) 3층-8,여의도중학교,교사동 창면,본관(5층),본관(5층),3,8,도면기준,194291.48,547197.64,9.9,4.83,4.83,충족,4.83,4.83,충족,0.0,0.0,유지 충족
본관(5층) 4층-8,여의도중학교,교사동 창면,본관(5층),본관(5층),4,8,도면기준,194291.48,547197.64,13.5,5.0,4.83,충족,5.0,4.83,충족,0.0,0.0,유지 충족
본관(5층) 5층-8,여의도중학교,교사동 창면,본관(5층),본관(5층),5,8,도면기준,194291.48,547197.64,17.1,5.33,4.83,충족,5.33,4.83,충족,0.0,0.0,유지 충족
본관(5층) 1층-8,여의도중학교,교사동 창면,본관(5층),본관(5층),1,8,도면기준,194294.89,547193.45,2.4,5.0,5.0,충족,5.0,5.0,충족,0.0,0.0,유지 충족
본관(5층) 2층-9,여의도중학교,교사동 창면,본관(5층),본관(5층),2,9,도면기준,194294.89,547193.45,6.3,5.0,5.0,충족,5.0,5.0,충족,0.0,0.0,유지 충족
본관(5층) 3층-9,여의도중학교,교사동 창면,본관(5층),본관(5층),3,9,도면기준,194294.89,547193.45,9.9,5.0,5.0,충족,5.0,5.0,충족,0.0,0.0,유지 충족
본관(5층) 4층-9,여의도중학교,교사동 창면,본관(5층),본관(5층),4,9,도면기준,194294.89,547193.45,13.5,5.17,5.0,충족,5.17,5.0,충족,0.0,0.0,유지 충족
본관(5층) 5층-9,여의도중학교,교사동 창면,본관(5층),본관(5층),5,9,도면기준,194294.89,547193.45,17.1,5.5,5.0,충족,5.5,5.0,충족,0.0,0.0,유지 충족
본관(5층) 1층-9,여의도중학교,교사동 창면,본관(5층),본관(5층),1,9,도면기준,194297.17,547190.66,2.4,5.0,5.0,충족,5.0,5.0,충족,0.0,0.0,유지 충족
본관(5층) 2층-10,여의도중학교,교사동 창면,본관(5층),본관(5층),2,10,도면기준,194297.17,547190.66,6.3,5.0,5.0,충족,5.0,5.0,충족,0.0,0.0,유지 충족
본관(5층) 3층-10,여의도중학교,교사동 창면,본관(5층),본관(5층),3,10,도면기준,194297.17,547190.66,9.9,5.0,5.0,충족,5.0,5.0,충족,0.0,0.0,유지 충족
본관(5층) 4층-10,여의도중학교,교사동 창면,본관(5층),본관(5층),4,10,도면기준,194297.17,547190.66,13.5,5.0,5.0,충족,5.0,5.0,충족,0.0,0.0,유지 충족
본관(5층) 5층-10,여의도중학교,교사동 창면,본관(5층),본관(5층),5,10,도면기준,194297.17,547190.66,17.1,5.33,5.0,충족,5.33,5.0,충족,0.0,0.0,유지 충족
본관(5층) 2층-11,여의도중학교,교사동 창면,본관(5층),본관(5층),2,11,도면기준,194300.58,547186.48,6.3,5.17,5.17,충족,5.17,5.17,충족,0.0,0.0,유지 충족
본관(5층) 3층-11,여의도중학교,교사동 창면,본관(5층),본관(5층),3,11,도면기준,194300.58,547186.48,9.9,5.17,5.17,충족,5.17,5.17,충족,0.0,0.0,유지 충족
본관(5층) 4층-11,여의도중학교,교사동 창면,본관(5층),본관(5층),4,11,도면기준,194300.58,547186.48,13.5,5.17,5.17,충족,5.17,5.17,충족,0.0,0.0,유지 충족
본관(5층) 5층-11,여의도중학교,교사동 창면,본관(5층),본관(5층),5,11,도면기준,194300.58,547186.48,17.1,5.5,5.17,충족,5.5,5.17,충족,0.0,0.0,유지 충족
본관(5층) 1층-10,여의도중학교,교사동 창면,본관(5층),본관(5층),1,10,도면기준,194302.85,547183.69,2.4,5.0,4.67,충족,4.83,2.33,충족,-0.17,-2.34,유지 충족
본관(5층) 2층-12,여의도중학교,교사동 창면,본관(5층),본관(5층),2,12,도면기준,194302.85,547183.69,6.3,5.17,5.17,충족,5.17,5.17,충족,0.0,0.0,유지 충족
본관(5층) 3층-12,여의도중학교,교사동 창면,본관(5층),본관(5층),3,12,도면기준,194302.85,547183.69,9.9,5.17,5.17,충족,5.17,5.17,충족,0.0,0.0,유지 충족
본관(5층) 4층-12,여의도중학교,교사동 창면,본관(5층),본관(5층),4,12,도면기준,194302.85,547183.69,13.5,5.17,5.17,충족,5.17,5.17,충족,0.0,0.0,유지 충족
본관(5층) 5층-12,여의도중학교,교사동 창면,본관(5층),본관(5층),5,12,도면기준,194302.85,547183.69,17.1,5.33,5.17,충족,5.33,5.17,충족,0.0,0.0,유지 충족
본관(5층) 1층-11,여의도중학교,교사동 창면,본관(5층),본관(5층),1,11,도면기준,194306.27,547179.5,2.4,4.83,4.67,충족,4.5,2.33,충족,-0.33,-2.34,유지 충족
본관(5층) 2층-13,여의도중학교,교사동 창면,본관(5층),본관(5층),2,13,도면기준,194306.27,547179.5,6.3,5.17,4.83,충족,5.17,4.83,충족,0.0,0.0,유지 충족
본관(5층) 3층-13,여의도중학교,교사동 창면,본관(5층),본관(5층),3,13,도면기준,194306.27,547179.5,9.9,5.17,4.83,충족,5.17,4.83,충족,0.0,0.0,유지 충족
본관(5층) 4층-13,여의도중학교,교사동 창면,본관(5층),본관(5층),4,13,도면기준,194306.27,547179.5,13.5,5.33,5.33,충족,5.33,5.33,충족,0.0,0.0,유지 충족
본관(5층) 5층-13,여의도중학교,교사동 창면,본관(5층),본관(5층),5,13,도면기준,194306.27,547179.5,17.1,5.5,5.33,충족,5.5,5.33,충족,0.0,0.0,유지 충족
본관(5층) 1층-12,여의도중학교,교사동 창면,본관(5층),본관(5층),1,12,도면기준,194308.54,547176.71,2.4,5.0,4.67,충족,4.5,2.33,충족,-0.5,-2.34,유지 충족
본관(5층) 2층-14,여의도중학교,교사동 창면,본관(5층),본관(5층),2,14,도면기준,194308.54,547176.71,6.3,5.17,4.83,충족,5.17,4.83,충족,0.0,0.0,유지 충족
본관(5층) 3층-14,여의도중학교,교사동 창면,본관(5층),본관(5층),3,14,도면기준,194308.54,547176.71,9.9,5.17,4.83,충족,5.17,4.83,충족,0.0,0.0,유지 충족
본관(5층) 4층-14,여의도중학교,교사동 창면,본관(5층),본관(5층),4,14,도면기준,194308.54,547176.71,13.5,5.17,4.83,충족,5.17,4.83,충족,0.0,0.0,유지 충족
본관(5층) 5층-14,여의도중학교,교사동 창면,본관(5층),본관(5층),5,14,도면기준,194308.54,547176.71,17.1,5.33,5.33,충족,5.33,5.33,충족,0.0,0.0,유지 충족
본관(5층) 1층-13,여의도중학교,교사동 창면,본관(5층),본관(5층),1,13,도면기준,194311.95,547172.53,2.4,5.0,4.67,충족,4.33,2.33,충족,-0.67,-2.34,유지 충족
본관(5층) 2층-15,여의도중학교,교사동 창면,본관(5층),본관(5층),2,15,도면기준,194311.95,547172.53,6.3,5.17,4.83,충족,4.83,2.33,충족,-0.34,-2.5,유지 충족
본관(5층) 3층-15,여의도중학교,교사동 창면,본관(5층),본관(5층),3,15,도면기준,194311.95,547172.53,9.9,5.17,4.83,충족,5.17,4.83,충족,0.0,0.0,유지 충족
본관(5층) 4층-15,여의도중학교,교사동 창면,본관(5층),본관(5층),4,15,도면기준,194311.95,547172.53,13.5,5.17,4.83,충족,5.17,4.83,충족,0.0,0.0,유지 충족
본관(5층) 5층-15,여의도중학교,교사동 창면,본관(5층),본관(5층),5,15,도면기준,194311.95,547172.53,17.1,5.5,5.5,충족,5.5,5.5,충족,0.0,0.0,유지 충족
본관(5층) 1층-14,여의도중학교,교사동 창면,본관(5층),본관(5층),1,14,도면기준,194314.23,547169.74,2.4,5.0,4.67,충족,4.33,2.33,충족,-0.67,-2.34,유지 충족
본관(5층) 2층-16,여의도중학교,교사동 창면,본관(5층),본관(5층),2,16,도면기준,194314.23,547169.74,6.3,5.17,4.83,충족,4.5,2.33,충족,-0.67,-2.5,유지 충족
본관(5층) 3층-16,여의도중학교,교사동 창면,본관(5층),본관(5층),3,16,도면기준,194314.23,547169.74,9.9,5.17,4.83,충족,5.17,4.83,충족,0.0,0.0,유지 충족
본관(5층) 4층-16,여의도중학교,교사동 창면,본관(5층),본관(5층),4,16,도면기준,194314.23,547169.74,13.5,5.17,4.83,충족,5.17,4.83,충족,0.0,0.0,유지 충족
본관(5층) 5층-16,여의도중학교,교사동 창면,본관(5층),본관(5층),5,16,도면기준,194314.23,547169.74,17.1,5.33,5.0,충족,5.33,5.0,충족,0.0,0.0,유지 충족
본관(5층) 1층-15,여의도중학교,교사동 창면,본관(5층),본관(5층),1,15,도면기준,194317.64,547165.55,2.4,5.33,4.83,충족,4.83,2.5,충족,-0.5,-2.33,유지 충족
본관(5층) 2층-17,여의도중학교,교사동 창면,본관(5층),본관(5층),2,17,도면기준,194317.64,547165.55,6.3,5.33,4.83,충족,4.83,2.5,충족,-0.5,-2.33,유지 충족
본관(5층) 3층-17,여의도중학교,교사동 창면,본관(5층),본관(5층),3,17,도면기준,194317.64,547165.55,9.9,5.33,4.83,충족,5.0,2.5,충족,-0.33,-2.33,유지 충족
본관(5층) 4층-17,여의도중학교,교사동 창면,본관(5층),본관(5층),4,17,도면기준,194317.64,547165.55,13.5,5.33,4.83,충족,5.33,4.83,충족,0.0,0.0,유지 충족
본관(5층) 5층-17,여의도중학교,교사동 창면,본관(5층),본관(5층),5,17,도면기준,194317.64,547165.55,17.1,5.5,5.0,충족,5.5,5.0,충족,0.0,0.0,유지 충족
본관(5층) 1층-16,여의도중학교,교사동 창면,본관(5층),본관(5층),1,16,도면기준,194319.91,547162.76,2.4,5.0,4.17,충족,4.33,2.5,충족,-0.67,-1.67,유지 충족
본관(5층) 2층-18,여의도중학교,교사동 창면,본관(5층),본관(5층),2,18,도면기준,194319.91,547162.76,6.3,5.17,4.83,충족,4.5,2.5,충족,-0.67,-2.33,유지 충족
본관(5층) 3층-18,여의도중학교,교사동 창면,본관(5층),본관(5층),3,18,도면기준,194319.91,547162.76,9.9,5.17,4.83,충족,4.5,2.5,충족,-0.67,-2.33,유지 충족
본관(5층) 4층-18,여의도중학교,교사동 창면,본관(5층),본관(5층),4,18,도면기준,194319.91,547162.76,13.5,5.33,5.0,충족,5.17,2.5,충족,-0.16,-2.5,유지 충족
본관(5층) 5층-18,여의도중학교,교사동 창면,본관(5층),본관(5층),5,18,도면기준,194319.91,547162.76,17.1,5.33,5.0,충족,5.33,5.0,충족,0.0,0.0,유지 충족
본관(5층) 1층-17,여의도중학교,교사동 창면,본관(5층),본관(5층),1,17,도면기준,194323.32,547158.57,2.4,5.17,4.17,충족,4.5,2.5,충족,-0.67,-1.67,유지 충족
본관(5층) 2층-19,여의도중학교,교사동 창면,본관(5층),본관(5층),2,19,도면기준,194323.32,547158.57,6.3,5.17,4.17,충족,4.5,2.5,충족,-0.67,-1.67,유지 충족
본관(5층) 3층-19,여의도중학교,교사동 창면,본관(5층),본관(5층),3,19,도면기준,194323.32,547158.57,9.9,5.33,4.83,충족,4.67,2.5,충족,-0.66,-2.33,유지 충족
본관(5층) 4층-19,여의도중학교,교사동 창면,본관(5층),본관(5층),4,19,도면기준,194323.32,547158.57,13.5,5.5,5.0,충족,5.0,2.67,충족,-0.5,-2.33,유지 충족
본관(5층) 5층-19,여의도중학교,교사동 창면,본관(5층),본관(5층),5,19,도면기준,194323.32,547158.57,17.1,5.5,5.0,충족,5.5,5.0,충족,0.0,0.0,유지 충족
본관(5층) 2층-20,여의도중학교,교사동 창면,본관(5층),본관(5층),2,20,도면기준,194325.6,547155.78,6.3,5.17,4.17,충족,4.33,2.5,충족,-0.84,-1.67,유지 충족
본관(5층) 3층-20,여의도중학교,교사동 창면,본관(5층),본관(5층),3,20,도면기준,194325.6,547155.78,9.9,5.5,5.0,충족,4.83,2.67,충족,-0.67,-2.33,유지 충족
본관(5층) 4층-20,여의도중학교,교사동 창면,본관(5층),본관(5층),4,20,도면기준,194325.6,547155.78,13.5,5.5,5.0,충족,4.83,2.67,충족,-0.67,-2.33,유지 충족
본관(5층) 5층-20,여의도중학교,교사동 창면,본관(5층),본관(5층),5,20,도면기준,194325.6,547155.78,17.1,5.5,5.0,충족,5.33,2.67,충족,-0.17,-2.33,유지 충족
본관(5층) 2층-21,여의도중학교,교사동 창면,본관(5층),본관(5층),2,21,도면기준,194329.01,547151.6,6.3,5.17,4.17,충족,4.5,2.67,충족,-0.67,-1.5,유지 충족
본관(5층) 3층-21,여의도중학교,교사동 창면,본관(5층),본관(5층),3,21,도면기준,194329.01,547151.6,9.9,5.33,4.33,충족,4.67,2.67,충족,-0.66,-1.66,유지 충족
본관(5층) 4층-21,여의도중학교,교사동 창면,본관(5층),본관(5층),4,21,도면기준,194329.01,547151.6,13.5,5.33,4.33,충족,4.67,2.67,충족,-0.66,-1.66,유지 충족
본관(5층) 5층-21,여의도중학교,교사동 창면,본관(5층),본관(5층),5,21,도면기준,194329.01,547151.6,17.1,5.5,5.0,충족,4.83,2.67,충족,-0.67,-2.33,유지 충족
본관(5층) 1층-18,여의도중학교,교사동 창면,본관(5층),본관(5층),1,18,도면기준,194331.28,547148.81,2.4,4.33,3.0,충족,4.0,2.67,충족,-0.33,-0.33,유지 충족
본관(5층) 2층-22,여의도중학교,교사동 창면,본관(5층),본관(5층),2,22,도면기준,194331.28,547148.81,6.3,5.17,4.17,충족,4.5,2.67,충족,-0.67,-1.5,유지 충족
본관(5층) 3층-22,여의도중학교,교사동 창면,본관(5층),본관(5층),3,22,도면기준,194331.28,547148.81,9.9,5.33,4.33,충족,4.67,2.67,충족,-0.66,-1.66,유지 충족
본관(5층) 4층-22,여의도중학교,교사동 창면,본관(5층),본관(5층),4,22,도면기준,194331.28,547148.81,13.5,5.33,4.33,충족,4.67,2.67,충족,-0.66,-1.66,유지 충족
본관(5층) 5층-22,여의도중학교,교사동 창면,본관(5층),본관(5층),5,22,도면기준,194331.28,547148.81,17.1,5.5,5.0,충족,5.0,2.83,충족,-0.5,-2.17,유지 충족
본관(5층) 1층-19,여의도중학교,교사동 창면,본관(5층),본관(5층),1,19,도면기준,194334.7,547144.62,2.4,2.5,2.0,충족,2.5,2.0,충족,0.0,0.0,유지 충족
본관(5층) 2층-23,여의도중학교,교사동 창면,본관(5층),본관(5층),2,23,도면기준,194334.7,547144.62,6.3,5.17,4.17,충족,4.33,2.67,충족,-0.84,-1.5,유지 충족
본관(5층) 3층-23,여의도중학교,교사동 창면,본관(5층),본관(5층),3,23,도면기준,194334.7,547144.62,9.9,5.33,4.33,충족,4.5,2.67,충족,-0.83,-1.66,유지 충족
본관(5층) 4층-23,여의도중학교,교사동 창면,본관(5층),본관(5층),4,23,도면기준,194334.7,547144.62,13.5,5.33,4.33,충족,4.67,2.83,충족,-0.66,-1.5,유지 충족
본관(5층) 5층-23,여의도중학교,교사동 창면,본관(5층),본관(5층),5,23,도면기준,194334.7,547144.62,17.1,5.5,4.5,충족,4.83,2.83,충족,-0.67,-1.67,유지 충족
본관(5층) 1층-20,여의도중학교,교사동 창면,본관(5층),본관(5층),1,20,도면기준,194336.97,547141.83,2.4,2.17,1.83,불충족,2.17,1.83,불충족,0.0,0.0,유지 불충족
본관(5층) 2층-24,여의도중학교,교사동 창면,본관(5층),본관(5층),2,24,도면기준,194336.97,547141.83,6.3,4.17,3.67,충족,3.33,2.67,충족,-0.84,-1.0,유지 충족
본관(5층) 3층-24,여의도중학교,교사동 창면,본관(5층),본관(5층),3,24,도면기준,194336.97,547141.83,9.9,5.33,4.33,충족,4.67,2.83,충족,-0.66,-1.5,유지 충족
본관(5층) 4층-24,여의도중학교,교사동 창면,본관(5층),본관(5층),4,24,도면기준,194336.97,547141.83,13.5,5.33,4.33,충족,4.67,2.83,충족,-0.66,-1.5,유지 충족
본관(5층) 5층-24,여의도중학교,교사동 창면,본관(5층),본관(5층),5,24,도면기준,194336.97,547141.83,17.1,5.5,4.5,충족,4.83,2.83,충족,-0.67,-1.67,유지 충족
본관(5층) 1층-21,여의도중학교,교사동 창면,본관(5층),본관(5층),1,21,도면기준,194340.38,547137.64,2.4,2.0,2.0,충족,2.0,2.0,충족,0.0,0.0,유지 충족
본관(5층) 2층-25,여의도중학교,교사동 창면,본관(5층),본관(5층),2,25,도면기준,194340.38,547137.64,6.3,2.83,2.83,충족,2.83,2.83,충족,0.0,0.0,유지 충족
본관(5층) 3층-25,여의도중학교,교사동 창면,본관(5층),본관(5층),3,25,도면기준,194340.38,547137.64,9.9,4.5,4.33,충족,3.67,2.83,충족,-0.83,-1.5,유지 충족
본관(5층) 4층-25,여의도중학교,교사동 창면,본관(5층),본관(5층),4,25,도면기준,194340.38,547137.64,13.5,5.17,4.33,충족,4.33,2.83,충족,-0.84,-1.5,유지 충족
본관(5층) 5층-25,여의도중학교,교사동 창면,본관(5층),본관(5층),5,25,도면기준,194340.38,547137.64,17.1,5.33,4.5,충족,4.5,2.83,충족,-0.83,-1.67,유지 충족
본관(5층) 1층-22,여의도중학교,교사동 창면,본관(5층),본관(5층),1,22,도면기준,194342.66,547134.85,2.4,2.17,2.17,충족,2.17,2.17,충족,0.0,0.0,유지 충족
본관(5층) 2층-26,여의도중학교,교사동 창면,본관(5층),본관(5층),2,26,도면기준,194342.66,547134.85,6.3,2.83,2.83,충족,2.83,2.83,충족,0.0,0.0,유지 충족
본관(5층) 3층-26,여의도중학교,교사동 창면,본관(5층),본관(5층),3,26,도면기준,194342.66,547134.85,9.9,4.33,4.33,충족,3.33,2.83,충족,-1.0,-1.5,유지 충족
본관(5층) 4층-26,여의도중학교,교사동 창면,본관(5층),본관(5층),4,26,도면기준,194342.66,547134.85,13.5,5.17,4.33,충족,4.17,2.83,충족,-1.0,-1.5,유지 충족
본관(5층) 5층-26,여의도중학교,교사동 창면,본관(5층),본관(5층),5,26,도면기준,194342.66,547134.85,17.1,5.33,4.5,충족,4.5,3.0,충족,-0.83,-1.5,유지 충족
본관(5층) 1층-23,여의도중학교,교사동 창면,본관(5층),본관(5층),1,23,도면기준,194346.07,547130.67,2.4,2.33,2.33,충족,2.33,2.33,충족,0.0,0.0,유지 충족
본관(5층) 2층-27,여의도중학교,교사동 창면,본관(5층),본관(5층),2,27,도면기준,194346.07,547130.67,6.3,3.0,3.0,충족,2.83,2.83,충족,-0.17,-0.17,유지 충족
본관(5층) 3층-27,여의도중학교,교사동 창면,본관(5층),본관(5층),3,27,도면기준,194346.07,547130.67,9.9,4.33,4.33,충족,3.33,2.83,충족,-1.0,-1.5,유지 충족
본관(5층) 4층-27,여의도중학교,교사동 창면,본관(5층),본관(5층),4,27,도면기준,194346.07,547130.67,13.5,5.0,4.5,충족,4.17,3.0,충족,-0.83,-1.5,유지 충족
본관(5층) 5층-27,여의도중학교,교사동 창면,본관(5층),본관(5층),5,27,도면기준,194346.07,547130.67,17.1,5.0,4.5,충족,4.17,3.0,충족,-0.83,-1.5,유지 충족
본관(5층) 1층-24,여의도중학교,교사동 창면,본관(5층),본관(5층),1,24,도면기준,194348.34,547127.88,2.4,2.67,2.67,충족,2.67,2.67,충족,0.0,0.0,유지 충족
본관(5층) 2층-28,여의도중학교,교사동 창면,본관(5층),본관(5층),2,28,도면기준,194348.34,547127.88,6.3,3.17,3.17,충족,2.83,2.83,충족,-0.34,-0.34,유지 충족
본관(5층) 3층-28,여의도중학교,교사동 창면,본관(5층),본관(5층),3,28,도면기준,194348.34,547127.88,9.9,4.33,4.33,충족,3.17,2.83,충족,-1.16,-1.5,유지 충족
본관(5층) 4층-28,여의도중학교,교사동 창면,본관(5층),본관(5층),4,28,도면기준,194348.34,547127.88,13.5,5.0,4.5,충족,4.0,3.0,충족,-1.0,-1.5,유지 충족
본관(5층) 5층-28,여의도중학교,교사동 창면,본관(5층),본관(5층),5,28,도면기준,194348.34,547127.88,17.1,5.17,4.5,충족,4.17,3.0,충족,-1.0,-1.5,유지 충족
본관(5층) 1층-25,여의도중학교,교사동 창면,본관(5층),본관(5층),1,25,도면기준,194351.75,547123.69,2.4,3.0,3.0,충족,3.0,3.0,충족,0.0,0.0,유지 충족
본관(5층) 2층-29,여의도중학교,교사동 창면,본관(5층),본관(5층),2,29,도면기준,194351.75,547123.69,6.3,3.5,3.5,충족,3.0,3.0,충족,-0.5,-0.5,유지 충족
본관(5층) 3층-29,여의도중학교,교사동 창면,본관(5층),본관(5층),3,29,도면기준,194351.75,547123.69,9.9,4.5,4.5,충족,3.5,3.0,충족,-1.0,-1.5,유지 충족
본관(5층) 4층-29,여의도중학교,교사동 창면,본관(5층),본관(5층),4,29,도면기준,194351.75,547123.69,13.5,5.0,4.5,충족,4.0,3.0,충족,-1.0,-1.5,유지 충족
본관(5층) 5층-29,여의도중학교,교사동 창면,본관(5층),본관(5층),5,29,도면기준,194351.75,547123.69,17.1,5.17,4.5,충족,4.17,3.0,충족,-1.0,-1.5,유지 충족
본관(5층) 4층-30,여의도중학교,교사동 창면,본관(5층),본관(5층),4,30,도면기준,194354.03,547120.9,13.5,4.83,4.5,충족,3.67,3.0,충족,-1.16,-1.5,유지 충족
본관(5층) 5층-30,여의도중학교,교사동 창면,본관(5층),본관(5층),5,30,도면기준,194354.03,547120.9,17.1,4.83,4.5,충족,3.83,3.17,충족,-1.0,-1.33,유지 충족
본관(5층) 1층-26,여의도중학교,교사동 창면,본관(5층),본관(5층),1,26,도면기준,194357.44,547116.72,2.4,3.5,3.5,충족,3.17,3.17,충족,-0.33,-0.33,유지 충족
본관(5층) 2층-30,여의도중학교,교사동 창면,본관(5층),본관(5층),2,30,도면기준,194357.44,547116.72,6.3,4.0,4.0,충족,3.17,3.17,충족,-0.83,-0.83,유지 충족
본관(5층) 3층-30,여의도중학교,교사동 창면,본관(5층),본관(5층),3,30,도면기준,194357.44,547116.72,9.9,4.67,4.67,충족,3.5,3.17,충족,-1.17,-1.5,유지 충족
본관(5층) 4층-31,여의도중학교,교사동 창면,본관(5층),본관(5층),4,31,도면기준,194357.44,547116.72,13.5,5.17,4.67,충족,4.0,3.17,충족,-1.17,-1.5,유지 충족
본관(5층) 5층-31,여의도중학교,교사동 창면,본관(5층),본관(5층),5,31,도면기준,194357.44,547116.72,17.1,5.17,4.67,충족,4.0,3.17,충족,-1.17,-1.5,유지 충족
본관(5층) 1층-27,여의도중학교,교사동 창면,본관(5층),본관(5층),1,27,도면기준,194359.71,547113.92,2.4,4.0,4.0,충족,3.17,3.17,충족,-0.83,-0.83,유지 충족
본관(5층) 2층-31,여의도중학교,교사동 창면,본관(5층),본관(5층),2,31,도면기준,194359.71,547113.92,6.3,4.0,4.0,충족,3.17,3.17,충족,-0.83,-0.83,유지 충족
본관(5층) 3층-31,여의도중학교,교사동 창면,본관(5층),본관(5층),3,31,도면기준,194359.71,547113.92,9.9,4.67,4.67,충족,3.5,3.17,충족,-1.17,-1.5,유지 충족
본관(5층) 4층-32,여의도중학교,교사동 창면,본관(5층),본관(5층),4,32,도면기준,194359.71,547113.92,13.5,5.0,4.67,충족,3.83,3.17,충족,-1.17,-1.5,유지 충족
본관(5층) 5층-32,여의도중학교,교사동 창면,본관(5층),본관(5층),5,32,도면기준,194359.71,547113.92,17.1,5.0,4.67,충족,3.83,3.17,충족,-1.17,-1.5,유지 충족
체육관동(정보화센타) 1층-1,여의도중학교,교사동 창면,체육관동(정보화센타),체육관동(정보화센타),1,1,도면기준,194314.24,547109.46,2.05,0.0,0.0,불충족,0.0,0.0,불충족,0.0,0.0,유지 불충족
체육관동(정보화센타) 2층-1,여의도중학교,교사동 창면,체육관동(정보화센타),체육관동(정보화센타),2,1,도면기준,194314.24,547109.46,5.95,0.17,0.17,불충족,0.0,0.0,불충족,-0.17,-0.17,유지 불충족
체육관동(정보화센타) 3층-1,여의도중학교,교사동 창면,체육관동(정보화센타),체육관동(정보화센타),3,1,도면기준,194314.24,547109.46,9.55,1.67,1.67,불충족,0.83,0.83,불충족,-0.84,-0.84,유지 불충족
체육관동(정보화센타) 4층-1,여의도중학교,교사동 창면,체육관동(정보화센타),체육관동(정보화센타),4,1,도면기준,194314.24,547109.46,13.15,2.5,1.67,불충족,1.67,0.83,불충족,-0.83,-0.84,유지 불충족
체육관동(정보화센타) 1층-2,여의도중학교,교사동 창면,체육관동(정보화센타),체육관동(정보화센타),1,2,도면기준,194314.75,547105.79,2.05,0.0,0.0,불충족,0.0,0.0,불충족,0.0,0.0,유지 불충족
체육관동(정보화센타) 2층-2,여의도중학교,교사동 창면,체육관동(정보화센타),체육관동(정보화센타),2,2,도면기준,194314.75,547105.79,5.95,0.83,0.83,불충족,0.83,0.83,불충족,0.0,0.0,유지 불충족
체육관동(정보화센타) 3층-2,여의도중학교,교사동 창면,체육관동(정보화센타),체육관동(정보화센타),3,2,도면기준,194314.75,547105.79,9.55,2.33,2.33,충족,1.33,1.0,불충족,-1.0,-1.33,신규 불충족
체육관동(정보화센타) 4층-2,여의도중학교,교사동 창면,체육관동(정보화센타),체육관동(정보화센타),4,2,도면기준,194314.75,547105.79,13.15,3.5,2.83,충족,2.5,1.0,불충족,-1.0,-1.83,신규 불충족
체육관동(정보화센타) 1층-3,여의도중학교,교사동 창면,체육관동(정보화센타),체육관동(정보화센타),1,3,도면기준,194317.1,547100.72,2.05,0.0,0.0,불충족,0.0,0.0,불충족,0.0,0.0,유지 불충족
체육관동(정보화센타) 2층-3,여의도중학교,교사동 창면,체육관동(정보화센타),체육관동(정보화센타),2,3,도면기준,194317.1,547100.72,5.95,0.83,0.83,불충족,0.83,0.83,불충족,0.0,0.0,유지 불충족
체육관동(정보화센타) 3층-3,여의도중학교,교사동 창면,체육관동(정보화센타),체육관동(정보화센타),3,3,도면기준,194317.1,547100.72,9.55,3.17,3.17,충족,2.5,2.5,충족,-0.67,-0.67,유지 충족
체육관동(정보화센타) 4층-3,여의도중학교,교사동 창면,체육관동(정보화센타),체육관동(정보화센타),4,3,도면기준,194317.1,547100.72,13.15,5.83,5.33,충족,4.67,3.33,충족,-1.16,-2.0,유지 충족
체육관동(정보화센타) 1층-4,여의도중학교,교사동 창면,체육관동(정보화센타),체육관동(정보화센타),1,4,도면기준,194319.96,547098.54,2.05,0.0,0.0,불충족,0.0,0.0,불충족,0.0,0.0,유지 불충족
체육관동(정보화센타) 2층-4,여의도중학교,교사동 창면,체육관동(정보화센타),체육관동(정보화센타),2,4,도면기준,194319.96,547098.54,5.95,0.5,0.5,불충족,0.5,0.5,불충족,0.0,0.0,유지 불충족
체육관동(정보화센타) 3층-4,여의도중학교,교사동 창면,체육관동(정보화센타),체육관동(정보화센타),3,4,도면기준,194319.96,547098.54,9.55,3.17,3.17,충족,2.33,2.33,충족,-0.84,-0.84,유지 충족
체육관동(정보화센타) 4층-4,여의도중학교,교사동 창면,체육관동(정보화센타),체육관동(정보화센타),4,4,도면기준,194319.96,547098.54,13.15,5.67,5.17,충족,4.67,3.33,충족,-1.0,-1.84,유지 충족
체육관동(정보화센타) 1층-5,여의도중학교,교사동 창면,체육관동(정보화센타),체육관동(정보화센타),1,5,도면기준,194324.93,547096.26,2.05,0.0,0.0,불충족,0.0,0.0,불충족,0.0,0.0,유지 불충족
체육관동(정보화센타) 2층-5,여의도중학교,교사동 창면,체육관동(정보화센타),체육관동(정보화센타),2,5,도면기준,194324.93,547096.26,5.95,0.5,0.5,불충족,0.17,0.17,불충족,-0.33,-0.33,유지 불충족
체육관동(정보화센타) 3층-5,여의도중학교,교사동 창면,체육관동(정보화센타),체육관동(정보화센타),3,5,도면기준,194324.93,547096.26,9.55,3.33,3.33,충족,2.17,1.67,불충족,-1.16,-1.66,신규 불충족
체육관동(정보화센타) 4층-5,여의도중학교,교사동 창면,체육관동(정보화센타),체육관동(정보화센타),4,5,도면기준,194324.93,547096.26,13.15,5.17,4.67,충족,4.0,2.67,충족,-1.17,-2.0,유지 충족
체육관동(정보화센타) 1층-6,여의도중학교,교사동 창면,체육관동(정보화센타),체육관동(정보화센타),1,6,도면기준,194328.61,547095.83,2.05,0.0,0.0,불충족,0.0,0.0,불충족,0.0,0.0,유지 불충족
체육관동(정보화센타) 2층-6,여의도중학교,교사동 창면,체육관동(정보화센타),체육관동(정보화센타),2,6,도면기준,194328.61,547095.83,5.95,0.17,0.17,불충족,0.0,0.0,불충족,-0.17,-0.17,유지 불충족
체육관동(정보화센타) 3층-6,여의도중학교,교사동 창면,체육관동(정보화센타),체육관동(정보화센타),3,6,도면기준,194328.61,547095.83,9.55,2.83,2.83,충족,1.67,1.0,불충족,-1.16,-1.83,신규 불충족
체육관동(정보화센타) 4층-6,여의도중학교,교사동 창면,체육관동(정보화센타),체육관동(정보화센타),4,6,도면기준,194328.61,547095.83,13.15,3.83,3.33,충족,2.67,1.5,불충족,-1.16,-1.83,신규 불충족
체육관동(정보화센타) 1층-7,여의도중학교,교사동 창면,체육관동(정보화센타),체육관동(정보화센타),1,7,도면기준,194330.93,547090.87,2.05,0.0,0.0,불충족,0.0,0.0,불충족,0.0,0.0,유지 불충족
체육관동(정보화센타) 2층-7,여의도중학교,교사동 창면,체육관동(정보화센타),체육관동(정보화센타),2,7,도면기준,194330.93,547090.87,5.95,0.0,0.0,불충족,0.0,0.0,불충족,0.0,0.0,유지 불충족
체육관동(정보화센타) 3층-7,여의도중학교,교사동 창면,체육관동(정보화센타),체육관동(정보화센타),3,7,도면기준,194330.93,547090.87,9.55,0.83,0.83,불충족,0.5,0.5,불충족,-0.33,-0.33,유지 불충족
체육관동(정보화센타) 4층-7,여의도중학교,교사동 창면,체육관동(정보화센타),체육관동(정보화센타),4,7,도면기준,194330.93,547090.87,13.15,2.33,1.83,불충족,1.17,0.67,불충족,-1.16,-1.16,유지 불충족
체육관동(정보화센타) 1층-8,여의도중학교,교사동 창면,체육관동(정보화센타),체육관동(정보화센타),1,8,도면기준,194331.39,547087.25,2.05,0.0,0.0,불충족,0.0,0.0,불충족,0.0,0.0,유지 불충족
체육관동(정보화센타) 2층-8,여의도중학교,교사동 창면,체육관동(정보화센타),체육관동(정보화센타),2,8,도면기준,194331.39,547087.25,5.95,0.0,0.0,불충족,0.0,0.0,불충족,0.0,0.0,유지 불충족
체육관동(정보화센타) 3층-8,여의도중학교,교사동 창면,체육관동(정보화센타),체육관동(정보화센타),3,8,도면기준,194331.39,547087.25,9.55,0.0,0.0,불충족,0.0,0.0,불충족,0.0,0.0,유지 불충족
체육관동(정보화센타) 4층-8,여의도중학교,교사동 창면,체육관동(정보화센타),체육관동(정보화센타),4,8,도면기준,194331.39,547087.25,13.15,2.0,1.5,불충족,1.17,0.67,불충족,-0.83,-0.83,유지 불충족
체육관동(정보화센타) 1층-9,여의도중학교,교사동 창면,체육관동(정보화센타),체육관동(정보화센타),1,9,도면기준,194310.09,547062.96,2.05,1.5,1.5,불충족,1.83,1.83,불충족,0.33,0.33,유지 불충족
체육관동(정보화센타) 2층-9,여의도중학교,교사동 창면,체육관동(정보화센타),체육관동(정보화센타),2,9,도면기준,194310.09,547062.96,5.95,3.83,3.17,충족,2.5,1.83,불충족,-1.33,-1.34,신규 불충족
체육관동(정보화센타) 3층-9,여의도중학교,교사동 창면,체육관동(정보화센타),체육관동(정보화센타),3,9,도면기준,194310.09,547062.96,9.55,4.33,4.33,충족,2.83,1.83,불충족,-1.5,-2.5,신규 불충족
체육관동(정보화센타) 4층-9,여의도중학교,교사동 창면,체육관동(정보화센타),체육관동(정보화센타),4,9,도면기준,194310.09,547062.96,13.15,4.5,4.33,충족,3.0,1.83,불충족,-1.5,-2.5,신규 불충족
체육관동(정보화센타) 1층-10,여의도중학교,교사동 창면,체육관동(정보화센타),체육관동(정보화센타),1,10,도면기준,194312.39,547060.19,2.05,1.5,1.5,불충족,1.83,1.83,불충족,0.33,0.33,유지 불충족
체육관동(정보화센타) 2층-10,여의도중학교,교사동 창면,체육관동(정보화센타),체육관동(정보화센타),2,10,도면기준,194312.39,547060.19,5.95,3.0,1.67,불충족,1.83,1.83,불충족,-1.17,0.16,유지 불충족
체육관동(정보화센타) 3층-10,여의도중학교,교사동 창면,체육관동(정보화센타),체육관동(정보화센타),3,10,도면기준,194312.39,547060.19,9.55,4.33,4.33,충족,2.67,1.83,불충족,-1.66,-2.5,신규 불충족
체육관동(정보화센타) 4층-10,여의도중학교,교사동 창면,체육관동(정보화센타),체육관동(정보화센타),4,10,도면기준,194312.39,547060.19,13.15,4.33,4.33,충족,2.67,1.83,불충족,-1.66,-2.5,신규 불충족
체육관동(정보화센타) 1층-11,여의도중학교,교사동 창면,체육관동(정보화센타),체육관동(정보화센타),1,11,도면기준,194315.84,547056.03,2.05,1.5,1.5,불충족,2.0,2.0,충족,0.5,0.5,신규 충족
체육관동(정보화센타) 2층-11,여의도중학교,교사동 창면,체육관동(정보화센타),체육관동(정보화센타),2,11,도면기준,194315.84,547056.03,5.95,2.83,1.83,불충족,2.0,2.0,충족,-0.83,0.17,신규 충족
체육관동(정보화센타) 3층-11,여의도중학교,교사동 창면,체육관동(정보화센타),체육관동(정보화센타),3,11,도면기준,194315.84,547056.03,9.55,4.5,4.5,충족,2.83,2.0,충족,-1.67,-2.5,유지 충족
체육관동(정보화센타) 4층-11,여의도중학교,교사동 창면,체육관동(정보화센타),체육관동(정보화센타),4,11,도면기준,194315.84,547056.03,13.15,5.17,4.5,충족,3.5,2.0,충족,-1.67,-2.5,유지 충족
체육관동(정보화센타) 1층-12,여의도중학교,교사동 창면,체육관동(정보화센타),체육관동(정보화센타),1,12,도면기준,194318.8,547054.24,2.05,2.83,2.83,충족,3.17,3.17,충족,0.34,0.34,유지 충족
체육관동(정보화센타) 2층-12,여의도중학교,교사동 창면,체육관동(정보화센타),체육관동(정보화센타),2,12,도면기준,194318.8,547054.24,5.95,4.33,3.33,충족,3.33,3.33,충족,-1.0,0.0,유지 충족
체육관동(정보화센타) 3층-12,여의도중학교,교사동 창면,체육관동(정보화센타),체육관동(정보화센타),3,12,도면기준,194318.8,547054.24,9.55,6.0,6.0,충족,4.17,3.33,충족,-1.83,-2.67,유지 충족
체육관동(정보화센타) 4층-12,여의도중학교,교사동 창면,체육관동(정보화센타),체육관동(정보화센타),4,12,도면기준,194318.8,547054.24,13.15,6.5,6.0,충족,4.67,3.33,충족,-1.83,-2.67,유지 충족
체육관동(정보화센타) 1층-13,여의도중학교,교사동 창면,체육관동(정보화센타),체육관동(정보화센타),1,13,도면기준,194323.08,547057.53,2.05,3.5,3.33,충족,3.33,3.33,충족,-0.17,0.0,유지 충족
체육관동(정보화센타) 2층-13,여의도중학교,교사동 창면,체육관동(정보화센타),체육관동(정보화센타),2,13,도면기준,194323.08,547057.53,5.95,5.5,3.67,충족,4.0,3.33,충족,-1.5,-0.34,유지 충족
체육관동(정보화센타) 3층-13,여의도중학교,교사동 창면,체육관동(정보화센타),체육관동(정보화센타),3,13,도면기준,194323.08,547057.53,9.55,6.5,6.0,충족,4.67,3.5,충족,-1.83,-2.5,유지 충족
체육관동(정보화센타) 4층-13,여의도중학교,교사동 창면,체육관동(정보화센타),체육관동(정보화센타),4,13,도면기준,194323.08,547057.53,13.15,6.5,6.0,충족,4.67,3.5,충족,-1.83,-2.5,유지 충족
체육관동(정보화센타) 1층-14,여의도중학교,교사동 창면,체육관동(정보화센타),체육관동(정보화센타),1,14,도면기준,194325.93,547059.73,2.05,4.5,3.67,충족,3.5,3.5,충족,-1.0,-0.17,유지 충족
체육관동(정보화센타) 2층-14,여의도중학교,교사동 창면,체육관동(정보화센타),체육관동(정보화센타),2,14,도면기준,194325.93,547059.73,5.95,5.83,5.83,충족,4.0,3.5,충족,-1.83,-2.33,유지 충족
체육관동(정보화센타) 3층-14,여의도중학교,교사동 창면,체육관동(정보화센타),체육관동(정보화센타),3,14,도면기준,194325.93,547059.73,9.55,6.33,5.83,충족,4.5,3.5,충족,-1.83,-2.33,유지 충족
체육관동(정보화센타) 4층-14,여의도중학교,교사동 창면,체육관동(정보화센타),체육관동(정보화센타),4,14,도면기준,194325.93,547059.73,13.15,6.5,6.0,충족,4.67,3.67,충족,-1.83,-2.33,유지 충족
체육관동(정보화센타) 1층-15,여의도중학교,교사동 창면,체육관동(정보화센타),체육관동(정보화센타),1,15,도면기준,194330.19,547063.08,2.05,5.33,4.0,충족,4.0,3.5,충족,-1.33,-0.5,유지 충족
체육관동(정보화센타) 2층-15,여의도중학교,교사동 창면,체육관동(정보화센타),체육관동(정보화센타),2,15,도면기준,194330.19,547063.08,5.95,6.0,5.83,충족,4.33,3.67,충족,-1.67,-2.16,유지 충족
체육관동(정보화센타) 3층-15,여의도중학교,교사동 창면,체육관동(정보화센타),체육관동(정보화센타),3,15,도면기준,194330.19,547063.08,9.55,6.33,5.83,충족,4.67,3.67,충족,-1.66,-2.16,유지 충족
체육관동(정보화센타) 4층-15,여의도중학교,교사동 창면,체육관동(정보화센타),체육관동(정보화센타),4,15,도면기준,194330.19,547063.08,13.15,6.33,5.83,충족,4.67,3.67,충족,-1.66,-2.16,유지 충족
체육관동(정보화센타) 1층-16,여의도중학교,교사동 창면,체육관동(정보화센타),체육관동(정보화센타),1,16,도면기준,194332.92,547065.43,2.05,5.33,4.17,충족,3.83,3.5,충족,-1.5,-0.67,유지 충족
체육관동(정보화센타) 2층-16,여의도중학교,교사동 창면,체육관동(정보화센타),체육관동(정보화센타),2,16,도면기준,194332.92,547065.43,5.95,6.0,5.67,충족,4.17,3.5,충족,-1.83,-2.17,유지 충족
체육관동(정보화센타) 3층-16,여의도중학교,교사동 창면,체육관동(정보화센타),체육관동(정보화센타),3,16,도면기준,194332.92,547065.43,9.55,6.5,5.83,충족,4.67,3.67,충족,-1.83,-2.16,유지 충족
체육관동(정보화센타) 4층-16,여의도중학교,교사동 창면,체육관동(정보화센타),체육관동(정보화센타),4,16,도면기준,194332.92,547065.43,13.15,6.5,5.83,충족,4.67,3.67,충족,-1.83,-2.16,유지 충족
체육관동(정보화센타) 1층-17,여의도중학교,교사동 창면,체육관동(정보화센타),체육관동(정보화센타),1,17,도면기준,194337.01,547068.95,2.05,5.67,5.67,충족,4.0,3.5,충족,-1.67,-2.17,유지 충족
체육관동(정보화센타) 2층-17,여의도중학교,교사동 창면,체육관동(정보화센타),체육관동(정보화센타),2,17,도면기준,194337.01,547068.95,5.95,6.33,5.83,충족,4.67,3.67,충족,-1.66,-2.16,유지 충족
체육관동(정보화센타) 3층-17,여의도중학교,교사동 창면,체육관동(정보화센타),체육관동(정보화센타),3,17,도면기준,194337.01,547068.95,9.55,6.5,5.83,충족,4.83,3.67,충족,-1.67,-2.16,유지 충족
체육관동(정보화센타) 4층-17,여의도중학교,교사동 창면,체육관동(정보화센타),체육관동(정보화센타),4,17,도면기준,194337.01,547068.95,13.15,6.83,6.0,충족,5.17,3.83,충족,-1.66,-2.17,유지 충족
체육관동(정보화센타) 1층-18,여의도중학교,교사동 창면,체육관동(정보화센타),체육관동(정보화센타),1,18,도면기준,194339.72,547071.36,2.05,5.83,5.67,충족,4.17,3.67,충족,-1.66,-2.0,유지 충족
체육관동(정보화센타) 2층-18,여의도중학교,교사동 창면,체육관동(정보화센타),체육관동(정보화센타),2,18,도면기준,194339.72,547071.36,5.95,6.0,5.67,충족,4.33,3.67,충족,-1.67,-2.0,유지 충족
체육관동(정보화센타) 3층-18,여의도중학교,교사동 창면,체육관동(정보화센타),체육관동(정보화센타),3,18,도면기준,194339.72,547071.36,9.55,6.33,5.83,충족,4.67,3.83,충족,-1.66,-2.0,유지 충족
체육관동(정보화센타) 4층-18,여의도중학교,교사동 창면,체육관동(정보화센타),체육관동(정보화센타),4,18,도면기준,194339.72,547071.36,13.15,6.67,6.5,충족,5.0,4.5,충족,-1.67,-2.0,유지 충족
체육관동(정보화센타) 1층-19,여의도중학교,교사동 창면,체육관동(정보화센타),체육관동(정보화센타),1,19,도면기준,194343.49,547075.26,2.05,5.67,5.5,충족,4.0,3.5,충족,-1.67,-2.0,유지 충족
체육관동(정보화센타) 2층-19,여의도중학교,교사동 창면,체육관동(정보화센타),체육관동(정보화센타),2,19,도면기준,194343.49,547075.26,5.95,6.17,5.67,충족,4.5,3.67,충족,-1.67,-2.0,유지 충족
체육관동(정보화센타) 3층-19,여의도중학교,교사동 창면,체육관동(정보화센타),체육관동(정보화센타),3,19,도면기준,194343.49,547075.26,9.55,6.33,6.33,충족,4.67,4.33,충족,-1.66,-2.0,유지 충족
체육관동(정보화센타) 4층-19,여의도중학교,교사동 창면,체육관동(정보화센타),체육관동(정보화센타),4,19,도면기준,194343.49,547075.26,13.15,6.33,6.33,충족,4.67,4.33,충족,-1.66,-2.0,유지 충족
체육관동(정보화센타) 1층-20,여의도중학교,교사동 창면,체육관동(정보화센타),체육관동(정보화센타),1,20,도면기준,194345.5,547078.33,2.05,5.5,5.17,충족,4.0,3.67,충족,-1.5,-1.5,유지 충족
체육관동(정보화센타) 2층-20,여의도중학교,교사동 창면,체육관동(정보화센타),체육관동(정보화센타),2,20,도면기준,194345.5,547078.33,5.95,6.0,6.0,충족,4.5,4.5,충족,-1.5,-1.5,유지 충족
체육관동(정보화센타) 3층-20,여의도중학교,교사동 창면,체육관동(정보화센타),체육관동(정보화센타),3,20,도면기준,194345.5,547078.33,9.55,6.0,6.0,충족,4.5,4.5,충족,-1.5,-1.5,유지 충족
체육관동(정보화센타) 4층-20,여의도중학교,교사동 창면,체육관동(정보화센타),체육관동(정보화센타),4,20,도면기준,194345.5,547078.33,13.15,6.0,6.0,충족,4.5,4.5,충족,-1.5,-1.5,유지 충족
체육관동(정보화센타) 1층-21,여의도중학교,교사동 창면,체육관동(정보화센타),체육관동(정보화센타),1,21,도면기준,194347.68,547083.33,2.05,5.0,5.0,충족,4.17,4.17,충족,-0.83,-0.83,유지 충족
체육관동(정보화센타) 2층-21,여의도중학교,교사동 창면,체육관동(정보화센타),체육관동(정보화센타),2,21,도면기준,194347.68,547083.33,5.95,5.17,5.17,충족,4.33,4.33,충족,-0.84,-0.84,유지 충족
체육관동(정보화센타) 3층-21,여의도중학교,교사동 창면,체육관동(정보화센타),체육관동(정보화센타),3,21,도면기준,194347.68,547083.33,9.55,5.33,5.33,충족,4.5,4.5,충족,-0.83,-0.83,유지 충족
체육관동(정보화센타) 4층-21,여의도중학교,교사동 창면,체육관동(정보화센타),체육관동(정보화센타),4,21,도면기준,194347.68,547083.33,13.15,5.33,5.33,충족,4.5,4.5,충족,-0.83,-0.83,유지 충족
체육관동(정보화센타) 1층-22,여의도중학교,교사동 창면,체육관동(정보화센타),체육관동(정보화센타),1,22,도면기준,194348.68,547086.82,2.05,4.67,4.67,충족,4.17,4.17,충족,-0.5,-0.5,유지 충족
체육관동(정보화센타) 2층-22,여의도중학교,교사동 창면,체육관동(정보화센타),체육관동(정보화센타),2,22,도면기준,194348.68,547086.82,5.95,4.83,4.83,충족,4.33,4.33,충족,-0.5,-0.5,유지 충족
체육관동(정보화센타) 3층-22,여의도중학교,교사동 창면,체육관동(정보화센타),체육관동(정보화센타),3,22,도면기준,194348.68,547086.82,9.55,5.0,5.0,충족,4.5,4.5,충족,-0.5,-0.5,유지 충족
체육관동(정보화센타) 4층-22,여의도중학교,교사동 창면,체육관동(정보화센타),체육관동(정보화센타),4,22,도면기준,194348.68,547086.82,13.15,5.0,5.0,충족,4.5,4.5,충족,-0.5,-0.5,유지 충족
체육관동 부속(원형부) 1층-1,여의도중학교,교사동 창면,체육관동 부속(원형부),체육관동 부속(원형부),1,1,도면기준,194288.6,547091.47,2.05,0.0,0.0,불충족,0.0,0.0,불충족,0.0,0.0,유지 불충족
체육관동 부속(원형부) 2층-1,여의도중학교,교사동 창면,체육관동 부속(원형부),체육관동 부속(원형부),2,1,도면기준,194288.6,547091.47,5.95,0.5,0.5,불충족,0.33,0.33,불충족,-0.17,-0.17,유지 불충족
체육관동 부속(원형부) 3층-1,여의도중학교,교사동 창면,체육관동 부속(원형부),체육관동 부속(원형부),3,1,도면기준,194288.6,547091.47,9.55,1.33,1.33,불충족,1.17,1.17,불충족,-0.16,-0.16,유지 불충족
체육관동 부속(원형부) 4층-1,여의도중학교,교사동 창면,체육관동 부속(원형부),체육관동 부속(원형부),4,1,도면기준,194288.6,547091.47,13.15,1.5,1.5,불충족,1.33,1.33,불충족,-0.17,-0.17,유지 불충족
체육관동 부속(원형부) 1층-2,여의도중학교,교사동 창면,체육관동 부속(원형부),체육관동 부속(원형부),1,2,도면기준,194289.55,547087.93,2.05,0.67,0.67,불충족,0.0,0.0,불충족,-0.67,-0.67,유지 불충족
체육관동 부속(원형부) 2층-2,여의도중학교,교사동 창면,체육관동 부속(원형부),체육관동 부속(원형부),2,2,도면기준,194289.55,547087.93,5.95,1.0,1.0,불충족,0.17,0.17,불충족,-0.83,-0.83,유지 불충족
체육관동 부속(원형부) 3층-2,여의도중학교,교사동 창면,체육관동 부속(원형부),체육관동 부속(원형부),3,2,도면기준,194289.55,547087.93,9.55,1.83,1.83,불충족,1.0,1.0,불충족,-0.83,-0.83,유지 불충족
체육관동 부속(원형부) 4층-2,여의도중학교,교사동 창면,체육관동 부속(원형부),체육관동 부속(원형부),4,2,도면기준,194289.55,547087.93,13.15,2.33,2.33,충족,1.5,1.5,불충족,-0.83,-0.83,신규 불충족
체육관동 부속(원형부) 1층-3,여의도중학교,교사동 창면,체육관동 부속(원형부),체육관동 부속(원형부),1,3,도면기준,194291.88,547083.01,2.05,1.5,1.5,불충족,0.5,0.5,불충족,-1.0,-1.0,유지 불충족
체육관동 부속(원형부) 2층-3,여의도중학교,교사동 창면,체육관동 부속(원형부),체육관동 부속(원형부),2,3,도면기준,194291.88,547083.01,5.95,1.5,1.5,불충족,0.5,0.5,불충족,-1.0,-1.0,유지 불충족
체육관동 부속(원형부) 3층-3,여의도중학교,교사동 창면,체육관동 부속(원형부),체육관동 부속(원형부),3,3,도면기준,194291.88,547083.01,9.55,2.17,2.17,충족,1.0,0.5,불충족,-1.17,-1.67,신규 불충족
체육관동 부속(원형부) 4층-3,여의도중학교,교사동 창면,체육관동 부속(원형부),체육관동 부속(원형부),4,3,도면기준,194291.88,547083.01,13.15,3.0,3.0,충족,1.83,1.33,불충족,-1.17,-1.67,신규 불충족
체육관동 부속(원형부) 1층-4,여의도중학교,교사동 창면,체육관동 부속(원형부),체육관동 부속(원형부),1,4,도면기준,194293.97,547080.01,2.05,2.33,2.33,충족,1.33,1.33,불충족,-1.0,-1.0,신규 불충족
체육관동 부속(원형부) 2층-4,여의도중학교,교사동 창면,체육관동 부속(원형부),체육관동 부속(원형부),2,4,도면기준,194293.97,547080.01,5.95,2.67,2.67,충족,1.5,1.33,불충족,-1.17,-1.34,신규 불충족
체육관동 부속(원형부) 3층-4,여의도중학교,교사동 창면,체육관동 부속(원형부),체육관동 부속(원형부),3,4,도면기준,194293.97,547080.01,9.55,3.0,3.0,충족,1.83,1.33,불충족,-1.17,-1.67,신규 불충족
체육관동 부속(원형부) 4층-4,여의도중학교,교사동 창면,체육관동 부속(원형부),체육관동 부속(원형부),4,4,도면기준,194293.97,547080.01,13.15,3.83,3.83,충족,2.67,1.33,불충족,-1.16,-2.5,신규 불충족
체육관동 부속(원형부) 1층-5,여의도중학교,교사동 창면,체육관동 부속(원형부),체육관동 부속(원형부),1,5,도면기준,194297.38,547075.82,2.05,2.33,2.33,충족,1.5,1.5,불충족,-0.83,-0.83,신규 불충족
체육관동 부속(원형부) 2층-5,여의도중학교,교사동 창면,체육관동 부속(원형부),체육관동 부속(원형부),2,5,도면기준,194297.38,547075.82,5.95,3.0,3.0,충족,1.83,1.5,불충족,-1.17,-1.5,신규 불충족
체육관동 부속(원형부) 3층-5,여의도중학교,교사동 창면,체육관동 부속(원형부),체육관동 부속(원형부),3,5,도면기준,194297.38,547075.82,9.55,3.5,3.5,충족,2.33,1.5,불충족,-1.17,-2.0,신규 불충족
체육관동 부속(원형부) 4층-5,여의도중학교,교사동 창면,체육관동 부속(원형부),체육관동 부속(원형부),4,5,도면기준,194297.38,547075.82,13.15,4.0,4.0,충족,2.83,1.5,불충족,-1.17,-2.5,신규 불충족
체육관동 부속(원형부) 1층-6,여의도중학교,교사동 창면,체육관동 부속(원형부),체육관동 부속(원형부),1,6,도면기준,194299.65,547073.03,2.05,2.67,2.67,충족,1.5,1.5,불충족,-1.17,-1.17,신규 불충족
체육관동 부속(원형부) 2층-6,여의도중학교,교사동 창면,체육관동 부속(원형부),체육관동 부속(원형부),2,6,도면기준,194299.65,547073.03,5.95,3.0,3.0,충족,1.67,1.5,불충족,-1.33,-1.5,신규 불충족
체육관동 부속(원형부) 3층-6,여의도중학교,교사동 창면,체육관동 부속(원형부),체육관동 부속(원형부),3,6,도면기준,194299.65,547073.03,9.55,3.83,3.83,충족,2.5,1.5,불충족,-1.33,-2.33,신규 불충족
체육관동 부속(원형부) 4층-6,여의도중학교,교사동 창면,체육관동 부속(원형부),체육관동 부속(원형부),4,6,도면기준,194299.65,547073.03,13.15,4.0,4.0,충족,2.67,1.5,불충족,-1.33,-2.5,신규 불충족
체육관동 부속(원형부) 1층-7,여의도중학교,교사동 창면,체육관동 부속(원형부),체육관동 부속(원형부),1,7,도면기준,194303.06,547068.84,2.05,2.33,1.17,불충족,1.67,1.5,불충족,-0.66,0.33,유지 불충족
체육관동 부속(원형부) 2층-7,여의도중학교,교사동 창면,체육관동 부속(원형부),체육관동 부속(원형부),2,7,도면기준,194303.06,547068.84,5.95,3.17,3.17,충족,1.83,1.67,불충족,-1.34,-1.5,신규 불충족
체육관동 부속(원형부) 3층-7,여의도중학교,교사동 창면,체육관동 부속(원형부),체육관동 부속(원형부),3,7,도면기준,194303.06,547068.84,9.55,3.83,3.83,충족,2.5,1.67,불충족,-1.33,-2.16,신규 불충족
체육관동 부속(원형부) 4층-7,여의도중학교,교사동 창면,체육관동 부속(원형부),체육관동 부속(원형부),4,7,도면기준,194303.06,547068.84,13.15,4.17,4.17,충족,2.83,1.67,불충족,-1.34,-2.5,신규 불충족
체육관동 부속(원형부) 1층-8,여의도중학교,교사동 창면,체육관동 부속(원형부),체육관동 부속(원형부),1,8,도면기준,194305.33,547066.05,2.05,1.5,1.17,불충족,1.83,1.5,불충족,0.33,0.33,유지 불충족
체육관동 부속(원형부) 2층-8,여의도중학교,교사동 창면,체육관동 부속(원형부),체육관동 부속(원형부),2,8,도면기준,194305.33,547066.05,5.95,3.67,3.67,충족,2.33,1.67,불충족,-1.34,-2.0,신규 불충족
체육관동 부속(원형부) 3층-8,여의도중학교,교사동 창면,체육관동 부속(원형부),체육관동 부속(원형부),3,8,도면기준,194305.33,547066.05,9.55,4.0,4.0,충족,2.67,1.67,불충족,-1.33,-2.33,신규 불충족
체육관동 부속(원형부) 4층-8,여의도중학교,교사동 창면,체육관동 부속(원형부),체육관동 부속(원형부),4,8,도면기준,194305.33,547066.05,13.15,4.17,4.17,충족,2.83,1.67,불충족,-1.34,-2.5,신규 불충족
체육관동 부속(원형부) 1층-9,여의도중학교,교사동 창면,체육관동 부속(원형부),체육관동 부속(원형부),1,9,도면기준,194310.02,547068.71,2.05,0.67,0.67,불충족,0.67,0.67,불충족,0.0,0.0,유지 불충족
체육관동 부속(원형부) 2층-9,여의도중학교,교사동 창면,체육관동 부속(원형부),체육관동 부속(원형부),2,9,도면기준,194310.02,547068.71,5.95,0.83,0.83,불충족,0.83,0.83,불충족,0.0,0.0,유지 불충족
체육관동 부속(원형부) 3층-9,여의도중학교,교사동 창면,체육관동 부속(원형부),체육관동 부속(원형부),3,9,도면기준,194310.02,547068.71,9.55,1.0,1.0,불충족,1.0,1.0,불충족,0.0,0.0,유지 불충족
체육관동 부속(원형부) 4층-9,여의도중학교,교사동 창면,체육관동 부속(원형부),체육관동 부속(원형부),4,9,도면기준,194310.02,547068.71,13.15,1.33,1.0,불충족,1.33,1.0,불충족,0.0,0.0,유지 불충족
체육관동 부속(원형부) 1층-10,여의도중학교,교사동 창면,체육관동 부속(원형부),체육관동 부속(원형부),1,10,도면기준,194312.81,547070.98,2.05,0.0,0.0,불충족,0.0,0.0,불충족,0.0,0.0,유지 불충족
체육관동 부속(원형부) 2층-10,여의도중학교,교사동 창면,체육관동 부속(원형부),체육관동 부속(원형부),2,10,도면기준,194312.81,547070.98,5.95,0.0,0.0,불충족,0.0,0.0,불충족,0.0,0.0,유지 불충족
체육관동 부속(원형부) 3층-10,여의도중학교,교사동 창면,체육관동 부속(원형부),체육관동 부속(원형부),3,10,도면기준,194312.81,547070.98,9.55,0.0,0.0,불충족,0.0,0.0,불충족,0.0,0.0,유지 불충족
체육관동 부속(원형부) 4층-10,여의도중학교,교사동 창면,체육관동 부속(원형부),체육관동 부속(원형부),4,10,도면기준,194312.81,547070.98,13.15,0.5,0.5,불충족,0.5,0.5,불충족,0.0,0.0,유지 불충족
체육관동 부속(원형부) 1층-11,여의도중학교,교사동 창면,체육관동 부속(원형부),체육관동 부속(원형부),1,11,도면기준,194317.0,547074.39,2.05,0.0,0.0,불충족,0.0,0.0,불충족,0.0,0.0,유지 불충족
체육관동 부속(원형부) 2층-11,여의도중학교,교사동 창면,체육관동 부속(원형부),체육관동 부속(원형부),2,11,도면기준,194317.0,547074.39,5.95,0.0,0.0,불충족,0.0,0.0,불충족,0.0,0.0,유지 불충족
체육관동 부속(원형부) 3층-11,여의도중학교,교사동 창면,체육관동 부속(원형부),체육관동 부속(원형부),3,11,도면기준,194317.0,547074.39,9.55,0.0,0.0,불충족,0.0,0.0,불충족,0.0,0.0,유지 불충족
체육관동 부속(원형부) 4층-11,여의도중학교,교사동 창면,체육관동 부속(원형부),체육관동 부속(원형부),4,11,도면기준,194317.0,547074.39,13.15,0.5,0.5,불충족,0.5,0.5,불충족,0.0,0.0,유지 불충족
체육관동 부속(원형부) 1층-12,여의도중학교,교사동 창면,체육관동 부속(원형부),체육관동 부속(원형부),1,12,도면기준,194319.8,547076.66,2.05,0.0,0.0,불충족,0.0,0.0,불충족,0.0,0.0,유지 불충족
체육관동 부속(원형부) 2층-12,여의도중학교,교사동 창면,체육관동 부속(원형부),체육관동 부속(원형부),2,12,도면기준,194319.8,547076.66,5.95,0.0,0.0,불충족,0.0,0.0,불충족,0.0,0.0,유지 불충족
체육관동 부속(원형부) 3층-12,여의도중학교,교사동 창면,체육관동 부속(원형부),체육관동 부속(원형부),3,12,도면기준,194319.8,547076.66,9.55,0.17,0.17,불충족,0.17,0.17,불충족,0.0,0.0,유지 불충족
체육관동 부속(원형부) 4층-12,여의도중학교,교사동 창면,체육관동 부속(원형부),체육관동 부속(원형부),4,12,도면기준,194319.8,547076.66,13.15,0.5,0.5,불충족,0.5,0.5,불충족,0.0,0.0,유지 불충족
여의도중학교 운동장-1,여의도중학교,운동장 지반,여의도중학교 운동장,지반,0,1,옥외지반 근사,194351.78,547042.13,0.0,3.17,3.17,충족,3.5,3.5,충족,0.33,0.33,유지 충족
여의도중학교 운동장-2,여의도중학교,운동장 지반,여의도중학교 운동장,지반,0,2,옥외지반 근사,194359.78,547042.13,0.0,3.5,3.5,충족,3.67,3.67,충족,0.17,0.17,유지 충족
여의도중학교 운동장-3,여의도중학교,운동장 지반,여의도중학교 운동장,지반,0,3,옥외지반 근사,194367.78,547042.13,0.0,3.67,3.67,충족,3.5,3.5,충족,-0.17,-0.17,유지 충족
여의도중학교 운동장-4,여의도중학교,운동장 지반,여의도중학교 운동장,지반,0,4,옥외지반 근사,194319.78,547050.13,0.0,2.17,2.17,충족,2.83,2.83,충족,0.66,0.66,유지 충족
여의도중학교 운동장-5,여의도중학교,운동장 지반,여의도중학교 운동장,지반,0,5,옥외지반 근사,194327.78,547050.13,0.0,2.67,2.67,충족,3.17,3.17,충족,0.5,0.5,유지 충족
여의도중학교 운동장-6,여의도중학교,운동장 지반,여의도중학교 운동장,지반,0,6,옥외지반 근사,194335.78,547050.13,0.0,3.67,3.17,충족,3.5,3.33,충족,-0.17,0.16,유지 충족
여의도중학교 운동장-7,여의도중학교,운동장 지반,여의도중학교 운동장,지반,0,7,옥외지반 근사,194343.78,547050.13,0.0,3.67,3.5,충족,3.5,3.5,충족,-0.17,0.0,유지 충족
여의도중학교 운동장-8,여의도중학교,운동장 지반,여의도중학교 운동장,지반,0,8,옥외지반 근사,194351.78,547050.13,0.0,4.0,4.0,충족,3.67,3.67,충족,-0.33,-0.33,유지 충족
여의도중학교 운동장-9,여의도중학교,운동장 지반,여의도중학교 운동장,지반,0,9,옥외지반 근사,194359.78,547050.13,0.0,4.17,4.17,충족,3.83,3.83,충족,-0.34,-0.34,유지 충족
여의도중학교 운동장-10,여의도중학교,운동장 지반,여의도중학교 운동장,지반,0,10,옥외지반 근사,194367.78,547050.13,0.0,4.17,4.17,충족,3.83,3.83,충족,-0.34,-0.34,유지 충족
여의도중학교 운동장-11,여의도중학교,운동장 지반,여의도중학교 운동장,지반,0,11,옥외지반 근사,194311.78,547058.13,0.0,2.17,2.17,충족,2.33,2.33,충족,0.16,0.16,유지 충족
여의도중학교 운동장-12,여의도중학교,운동장 지반,여의도중학교 운동장,지반,0,12,옥외지반 근사,194327.78,547058.13,0.0,3.33,3.33,충족,3.33,3.33,충족,0.0,0.0,유지 충족
여의도중학교 운동장-13,여의도중학교,운동장 지반,여의도중학교 운동장,지반,0,13,옥외지반 근사,194335.78,547058.13,0.0,4.0,3.67,충족,3.5,3.5,충족,-0.5,-0.17,유지 충족
여의도중학교 운동장-14,여의도중학교,운동장 지반,여의도중학교 운동장,지반,0,14,옥외지반 근사,194343.78,547058.13,0.0,4.33,4.0,충족,3.67,3.67,충족,-0.66,-0.33,유지 충족
여의도중학교 운동장-15,여의도중학교,운동장 지반,여의도중학교 운동장,지반,0,15,옥외지반 근사,194351.78,547058.13,0.0,4.5,4.5,충족,3.83,3.83,충족,-0.67,-0.67,유지 충족
여의도중학교 운동장-16,여의도중학교,운동장 지반,여의도중학교 운동장,지반,0,16,옥외지반 근사,194359.78,547058.13,0.0,4.67,4.67,충족,4.0,4.0,충족,-0.67,-0.67,유지 충족
여의도중학교 운동장-17,여의도중학교,운동장 지반,여의도중학교 운동장,지반,0,17,옥외지반 근사,194367.78,547058.13,0.0,4.83,4.83,충족,4.0,4.0,충족,-0.83,-0.83,유지 충족
여의도중학교 운동장-18,여의도중학교,운동장 지반,여의도중학교 운동장,지반,0,18,옥외지반 근사,194303.78,547066.13,0.0,2.0,2.0,충족,2.0,2.0,충족,0.0,0.0,유지 충족
여의도중학교 운동장-19,여의도중학교,운동장 지반,여의도중학교 운동장,지반,0,19,옥외지반 근사,194335.78,547066.13,0.0,5.0,4.0,충족,4.0,3.5,충족,-1.0,-0.5,유지 충족
여의도중학교 운동장-20,여의도중학교,운동장 지반,여의도중학교 운동장,지반,0,20,옥외지반 근사,194343.78,547066.13,0.0,5.0,4.5,충족,4.0,3.67,충족,-1.0,-0.83,유지 충족
여의도중학교 운동장-21,여의도중학교,운동장 지반,여의도중학교 운동장,지반,0,21,옥외지반 근사,194351.78,547066.13,0.0,4.83,4.67,충족,3.83,3.83,충족,-1.0,-0.84,유지 충족
여의도중학교 운동장-22,여의도중학교,운동장 지반,여의도중학교 운동장,지반,0,22,옥외지반 근사,194359.78,547066.13,0.0,4.83,4.83,충족,3.83,3.83,충족,-1.0,-1.0,유지 충족
여의도중학교 운동장-23,여의도중학교,운동장 지반,여의도중학교 운동장,지반,0,23,옥외지반 근사,194367.78,547066.13,0.0,5.0,5.0,충족,4.0,4.0,충족,-1.0,-1.0,유지 충족
여의도중학교 운동장-24,여의도중학교,운동장 지반,여의도중학교 운동장,지반,0,24,옥외지반 근사,194343.78,547074.13,0.0,5.5,5.5,충족,3.83,3.5,충족,-1.67,-2.0,유지 충족
여의도중학교 운동장-25,여의도중학교,운동장 지반,여의도중학교 운동장,지반,0,25,옥외지반 근사,194351.78,547074.13,0.0,5.33,4.67,충족,4.0,3.67,충족,-1.33,-1.0,유지 충족
여의도중학교 운동장-26,여의도중학교,운동장 지반,여의도중학교 운동장,지반,0,26,옥외지반 근사,194359.78,547074.13,0.0,5.5,5.0,충족,4.17,3.83,충족,-1.33,-1.17,유지 충족
여의도중학교 운동장-27,여의도중학교,운동장 지반,여의도중학교 운동장,지반,0,27,옥외지반 근사,194327.78,547082.13,0.0,0.0,0.0,불충족,0.0,0.0,불충족,0.0,0.0,유지 불충족
여의도중학교 운동장-28,여의도중학교,운동장 지반,여의도중학교 운동장,지반,0,28,옥외지반 근사,194351.78,547082.13,0.0,6.0,5.83,충족,4.33,4.0,충족,-1.67,-1.83,유지 충족
여의도중학교 운동장-29,여의도중학교,운동장 지반,여의도중학교 운동장,지반,0,29,옥외지반 근사,194359.78,547082.13,0.0,6.17,5.83,충족,4.5,4.17,충족,-1.67,-1.66,유지 충족
여의도중학교 운동장-30,여의도중학교,운동장 지반,여의도중학교 운동장,지반,0,30,옥외지반 근사,194319.78,547090.13,0.0,0.0,0.0,불충족,0.0,0.0,불충족,0.0,0.0,유지 불충족
여의도중학교 운동장-31,여의도중학교,운동장 지반,여의도중학교 운동장,지반,0,31,옥외지반 근사,194327.78,547090.13,0.0,0.0,0.0,불충족,0.0,0.0,불충족,0.0,0.0,유지 불충족
여의도중학교 운동장-32,여의도중학교,운동장 지반,여의도중학교 운동장,지반,0,32,옥외지반 근사,194351.78,547090.13,0.0,5.67,5.67,충족,4.17,4.0,충족,-1.5,-1.67,유지 충족
여의도중학교 운동장-33,여의도중학교,운동장 지반,여의도중학교 운동장,지반,0,33,옥외지반 근사,194359.78,547090.13,0.0,6.33,6.0,충족,4.83,4.33,충족,-1.5,-1.67,유지 충족
여의도중학교 운동장-34,여의도중학교,운동장 지반,여의도중학교 운동장,지반,0,34,옥외지반 근사,194311.78,547098.13,0.0,0.0,0.0,불충족,0.0,0.0,불충족,0.0,0.0,유지 불충족
여의도중학교 운동장-35,여의도중학교,운동장 지반,여의도중학교 운동장,지반,0,35,옥외지반 근사,194359.78,547098.13,0.0,5.83,5.83,충족,4.33,4.17,충족,-1.5,-1.66,유지 충족
여의도중학교 운동장-36,여의도중학교,운동장 지반,여의도중학교 운동장,지반,0,36,옥외지반 근사,194295.78,547106.13,0.0,0.0,0.0,불충족,0.0,0.0,불충족,0.0,0.0,유지 불충족
여의도중학교 운동장-37,여의도중학교,운동장 지반,여의도중학교 운동장,지반,0,37,옥외지반 근사,194303.78,547106.13,0.0,0.0,0.0,불충족,0.0,0.0,불충족,0.0,0.0,유지 불충족
여의도중학교 운동장-38,여의도중학교,운동장 지반,여의도중학교 운동장,지반,0,38,옥외지반 근사,194311.78,547106.13,0.0,0.0,0.0,불충족,0.0,0.0,불충족,0.0,0.0,유지 불충족
여의도중학교 운동장-39,여의도중학교,운동장 지반,여의도중학교 운동장,지반,0,39,옥외지반 근사,194351.78,547106.13,0.0,3.67,3.67,충족,3.67,3.67,충족,0.0,0.0,유지 충족
여의도중학교 운동장-40,여의도중학교,운동장 지반,여의도중학교 운동장,지반,0,40,옥외지반 근사,194359.78,547106.13,0.0,5.5,5.5,충족,4.17,4.17,충족,-1.33,-1.33,유지 충족
여의도중학교 운동장-41,여의도중학교,운동장 지반,여의도중학교 운동장,지반,0,41,옥외지반 근사,194367.78,547106.13,0.0,3.0,3.0,충족,1.67,1.5,불충족,-1.33,-1.5,신규 불충족
여의도중학교 운동장-42,여의도중학교,운동장 지반,여의도중학교 운동장,지반,0,42,옥외지반 근사,194295.78,547114.13,0.0,0.0,0.0,불충족,0.0,0.0,불충족,0.0,0.0,유지 불충족
여의도중학교 운동장-43,여의도중학교,운동장 지반,여의도중학교 운동장,지반,0,43,옥외지반 근사,194303.78,547114.13,0.0,0.17,0.17,불충족,0.17,0.17,불충족,0.0,0.0,유지 불충족
여의도중학교 운동장-44,여의도중학교,운동장 지반,여의도중학교 운동장,지반,0,44,옥외지반 근사,194311.78,547114.13,0.0,0.33,0.33,불충족,0.33,0.33,불충족,0.0,0.0,유지 불충족
여의도중학교 운동장-45,여의도중학교,운동장 지반,여의도중학교 운동장,지반,0,45,옥외지반 근사,194351.78,547114.13,0.0,3.5,3.5,충족,3.5,3.5,충족,0.0,0.0,유지 충족
여의도중학교 운동장-46,여의도중학교,운동장 지반,여의도중학교 운동장,지반,0,46,옥외지반 근사,194375.78,547114.13,0.0,5.33,5.33,충족,4.0,3.83,충족,-1.33,-1.5,유지 충족
여의도중학교 운동장-47,여의도중학교,운동장 지반,여의도중학교 운동장,지반,0,47,옥외지반 근사,194287.78,547122.13,0.0,1.17,0.83,불충족,1.17,0.83,불충족,0.0,0.0,유지 불충족
여의도중학교 운동장-48,여의도중학교,운동장 지반,여의도중학교 운동장,지반,0,48,옥외지반 근사,194295.78,547122.13,0.0,0.67,0.67,불충족,0.67,0.67,불충족,0.0,0.0,유지 불충족
여의도중학교 운동장-49,여의도중학교,운동장 지반,여의도중학교 운동장,지반,0,49,옥외지반 근사,194303.78,547122.13,0.0,1.0,1.0,불충족,1.0,1.0,불충족,0.0,0.0,유지 불충족
여의도중학교 운동장-50,여의도중학교,운동장 지반,여의도중학교 운동장,지반,0,50,옥외지반 근사,194311.78,547122.13,0.0,0.67,0.67,불충족,0.33,0.33,불충족,-0.34,-0.34,유지 불충족
여의도중학교 운동장-51,여의도중학교,운동장 지반,여의도중학교 운동장,지반,0,51,옥외지반 근사,194343.78,547122.13,0.0,2.67,2.67,충족,2.67,2.67,충족,0.0,0.0,유지 충족
여의도중학교 운동장-52,여의도중학교,운동장 지반,여의도중학교 운동장,지반,0,52,옥외지반 근사,194351.78,547122.13,0.0,3.17,3.17,충족,3.17,3.17,충족,0.0,0.0,유지 충족
여의도중학교 운동장-53,여의도중학교,운동장 지반,여의도중학교 운동장,지반,0,53,옥외지반 근사,194375.78,547122.13,0.0,3.5,3.5,충족,3.17,3.17,충족,-0.33,-0.33,유지 충족
여의도중학교 운동장-54,여의도중학교,운동장 지반,여의도중학교 운동장,지반,0,54,옥외지반 근사,194383.78,547122.13,0.0,3.67,3.0,충족,2.5,1.67,불충족,-1.17,-1.33,신규 불충족
여의도중학교 운동장-55,여의도중학교,운동장 지반,여의도중학교 운동장,지반,0,55,옥외지반 근사,194287.78,547130.13,0.0,2.83,1.5,불충족,2.5,1.17,불충족,-0.33,-0.33,유지 불충족
여의도중학교 운동장-56,여의도중학교,운동장 지반,여의도중학교 운동장,지반,0,56,옥외지반 근사,194295.78,547130.13,0.0,2.67,1.5,불충족,2.67,1.5,불충족,0.0,0.0,유지 불충족
여의도중학교 운동장-57,여의도중학교,운동장 지반,여의도중학교 운동장,지반,0,57,옥외지반 근사,194303.78,547130.13,0.0,2.33,2.0,충족,1.5,1.0,불충족,-0.83,-1.0,신규 불충족
여의도중학교 운동장-58,여의도중학교,운동장 지반,여의도중학교 운동장,지반,0,58,옥외지반 근사,194311.78,547130.13,0.0,1.5,1.5,불충족,0.67,0.67,불충족,-0.83,-0.83,유지 불충족
여의도중학교 운동장-59,여의도중학교,운동장 지반,여의도중학교 운동장,지반,0,59,옥외지반 근사,194319.78,547130.13,0.0,0.33,0.33,불충족,0.33,0.33,불충족,0.0,0.0,유지 불충족
여의도중학교 운동장-60,여의도중학교,운동장 지반,여의도중학교 운동장,지반,0,60,옥외지반 근사,194327.78,547130.13,0.0,0.17,0.17,불충족,0.17,0.17,불충족,0.0,0.0,유지 불충족
여의도중학교 운동장-61,여의도중학교,운동장 지반,여의도중학교 운동장,지반,0,61,옥외지반 근사,194335.78,547130.13,0.0,2.0,2.0,충족,2.0,2.0,충족,0.0,0.0,유지 충족
여의도중학교 운동장-62,여의도중학교,운동장 지반,여의도중학교 운동장,지반,0,62,옥외지반 근사,194343.78,547130.13,0.0,2.5,2.5,충족,2.5,2.5,충족,0.0,0.0,유지 충족
여의도중학교 운동장-63,여의도중학교,운동장 지반,여의도중학교 운동장,지반,0,63,옥외지반 근사,194367.78,547130.13,0.0,1.17,1.17,불충족,1.17,1.17,불충족,0.0,0.0,유지 불충족
여의도중학교 운동장-64,여의도중학교,운동장 지반,여의도중학교 운동장,지반,0,64,옥외지반 근사,194383.78,547130.13,0.0,4.5,2.67,충족,3.5,1.67,불충족,-1.0,-1.0,신규 불충족
여의도중학교 운동장-65,여의도중학교,운동장 지반,여의도중학교 운동장,지반,0,65,옥외지반 근사,194279.78,547138.13,0.0,5.0,4.17,충족,4.33,2.17,충족,-0.67,-2.0,유지 충족
여의도중학교 운동장-66,여의도중학교,운동장 지반,여의도중학교 운동장,지반,0,66,옥외지반 근사,194287.78,547138.13,0.0,4.33,3.5,충족,3.5,1.67,불충족,-0.83,-1.83,신규 불충족
여의도중학교 운동장-67,여의도중학교,운동장 지반,여의도중학교 운동장,지반,0,67,옥외지반 근사,194295.78,547138.13,0.0,4.17,3.17,충족,3.33,1.33,불충족,-0.84,-1.84,신규 불충족
여의도중학교 운동장-68,여의도중학교,운동장 지반,여의도중학교 운동장,지반,0,68,옥외지반 근사,194303.78,547138.13,0.0,3.17,2.33,충족,2.33,0.83,불충족,-0.84,-1.5,신규 불충족
여의도중학교 운동장-69,여의도중학교,운동장 지반,여의도중학교 운동장,지반,0,69,옥외지반 근사,194311.78,547138.13,0.0,2.33,1.67,불충족,1.5,0.83,불충족,-0.83,-0.84,유지 불충족
여의도중학교 운동장-70,여의도중학교,운동장 지반,여의도중학교 운동장,지반,0,70,옥외지반 근사,194319.78,547138.13,0.0,1.5,0.67,불충족,1.5,0.67,불충족,0.0,0.0,유지 불충족
여의도중학교 운동장-71,여의도중학교,운동장 지반,여의도중학교 운동장,지반,0,71,옥외지반 근사,194327.78,547138.13,0.0,1.83,1.5,불충족,1.83,1.5,불충족,0.0,0.0,유지 불충족
여의도중학교 운동장-72,여의도중학교,운동장 지반,여의도중학교 운동장,지반,0,72,옥외지반 근사,194335.78,547138.13,0.0,1.83,1.83,불충족,1.83,1.83,불충족,0.0,0.0,유지 불충족
여의도중학교 운동장-73,여의도중학교,운동장 지반,여의도중학교 운동장,지반,0,73,옥외지반 근사,194367.78,547138.13,0.0,2.17,1.17,불충족,2.17,1.17,불충족,0.0,0.0,유지 불충족
여의도중학교 운동장-74,여의도중학교,운동장 지반,여의도중학교 운동장,지반,0,74,옥외지반 근사,194375.78,547138.13,0.0,3.5,1.83,불충족,3.5,1.83,불충족,0.0,0.0,유지 불충족
여의도중학교 운동장-75,여의도중학교,운동장 지반,여의도중학교 운동장,지반,0,75,옥외지반 근사,194383.78,547138.13,0.0,4.67,2.67,충족,4.0,2.67,충족,-0.67,0.0,유지 충족
여의도중학교 운동장-76,여의도중학교,운동장 지반,여의도중학교 운동장,지반,0,76,옥외지반 근사,194271.78,547146.13,0.0,4.67,4.17,충족,4.0,2.0,충족,-0.67,-2.17,유지 충족
여의도중학교 운동장-77,여의도중학교,운동장 지반,여의도중학교 운동장,지반,0,77,옥외지반 근사,194279.78,547146.13,0.0,4.5,3.83,충족,4.0,2.0,충족,-0.5,-1.83,유지 충족
여의도중학교 운동장-78,여의도중학교,운동장 지반,여의도중학교 운동장,지반,0,78,옥외지반 근사,194287.78,547146.13,0.0,4.33,3.5,충족,3.5,1.5,불충족,-0.83,-2.0,신규 불충족
여의도중학교 운동장-79,여의도중학교,운동장 지반,여의도중학교 운동장,지반,0,79,옥외지반 근사,194295.78,547146.13,0.0,3.83,3.0,충족,3.0,1.17,불충족,-0.83,-1.83,신규 불충족
여의도중학교 운동장-80,여의도중학교,운동장 지반,여의도중학교 운동장,지반,0,80,옥외지반 근사,194303.78,547146.13,0.0,3.5,2.5,충족,2.67,1.0,불충족,-0.83,-1.5,신규 불충족
여의도중학교 운동장-81,여의도중학교,운동장 지반,여의도중학교 운동장,지반,0,81,옥외지반 근사,194311.78,547146.13,0.0,3.0,1.67,불충족,2.17,0.83,불충족,-0.83,-0.84,유지 불충족
여의도중학교 운동장-82,여의도중학교,운동장 지반,여의도중학교 운동장,지반,0,82,옥외지반 근사,194319.78,547146.13,0.0,2.67,1.0,불충족,2.67,1.0,불충족,0.0,0.0,유지 불충족
여의도중학교 운동장-83,여의도중학교,운동장 지반,여의도중학교 운동장,지반,0,83,옥외지반 근사,194351.78,547146.13,0.0,0.67,0.67,불충족,0.67,0.67,불충족,0.0,0.0,유지 불충족
여의도중학교 운동장-84,여의도중학교,운동장 지반,여의도중학교 운동장,지반,0,84,옥외지반 근사,194359.78,547146.13,0.0,2.0,1.17,불충족,2.0,1.17,불충족,0.0,0.0,유지 불충족
여의도중학교 운동장-85,여의도중학교,운동장 지반,여의도중학교 운동장,지반,0,85,옥외지반 근사,194367.78,547146.13,0.0,3.5,1.83,불충족,3.5,1.83,불충족,0.0,0.0,유지 불충족
여의도중학교 운동장-86,여의도중학교,운동장 지반,여의도중학교 운동장,지반,0,86,옥외지반 근사,194375.78,547146.13,0.0,4.5,2.5,충족,4.5,2.5,충족,0.0,0.0,유지 충족
여의도중학교 운동장-87,여의도중학교,운동장 지반,여의도중학교 운동장,지반,0,87,옥외지반 근사,194383.78,547146.13,0.0,5.83,5.83,충족,5.5,5.5,충족,-0.33,-0.33,유지 충족
여의도중학교 운동장-88,여의도중학교,운동장 지반,여의도중학교 운동장,지반,0,88,옥외지반 근사,194391.78,547146.13,0.0,6.67,6.67,충족,5.67,5.67,충족,-1.0,-1.0,유지 충족
여의도중학교 운동장-89,여의도중학교,운동장 지반,여의도중학교 운동장,지반,0,89,옥외지반 근사,194263.78,547154.13,0.0,4.67,4.17,충족,4.17,2.17,충족,-0.5,-2.0,유지 충족
여의도중학교 운동장-90,여의도중학교,운동장 지반,여의도중학교 운동장,지반,0,90,옥외지반 근사,194271.78,547154.13,0.0,4.67,4.0,충족,4.0,2.0,충족,-0.67,-2.0,유지 충족
여의도중학교 운동장-91,여의도중학교,운동장 지반,여의도중학교 운동장,지반,0,91,옥외지반 근사,194279.78,547154.13,0.0,4.5,4.0,충족,3.83,2.0,충족,-0.67,-2.0,유지 충족
여의도중학교 운동장-92,여의도중학교,운동장 지반,여의도중학교 운동장,지반,0,92,옥외지반 근사,194287.78,547154.13,0.0,4.33,3.67,충족,3.67,1.83,불충족,-0.66,-1.84,신규 불충족
여의도중학교 운동장-93,여의도중학교,운동장 지반,여의도중학교 운동장,지반,0,93,옥외지반 근사,194295.78,547154.13,0.0,4.5,3.5,충족,3.83,1.67,불충족,-0.67,-1.83,신규 불충족
여의도중학교 운동장-94,여의도중학교,운동장 지반,여의도중학교 운동장,지반,0,94,옥외지반 근사,194303.78,547154.13,0.0,4.5,3.0,충족,3.83,1.33,불충족,-0.67,-1.67,신규 불충족
여의도중학교 운동장-95,여의도중학교,운동장 지반,여의도중학교 운동장,지반,0,95,옥외지반 근사,194311.78,547154.13,0.0,4.33,2.67,충족,3.5,1.0,불충족,-0.83,-1.67,신규 불충족
여의도중학교 운동장-96,여의도중학교,운동장 지반,여의도중학교 운동장,지반,0,96,옥외지반 근사,194359.78,547154.13,0.0,3.5,1.83,불충족,3.5,1.83,불충족,0.0,0.0,유지 불충족
여의도중학교 운동장-97,여의도중학교,운동장 지반,여의도중학교 운동장,지반,0,97,옥외지반 근사,194367.78,547154.13,0.0,4.5,4.5,충족,4.5,4.5,충족,0.0,0.0,유지 충족
여의도중학교 운동장-98,여의도중학교,운동장 지반,여의도중학교 운동장,지반,0,98,옥외지반 근사,194375.78,547154.13,0.0,5.33,5.33,충족,5.33,5.33,충족,0.0,0.0,유지 충족
여의도중학교 운동장-99,여의도중학교,운동장 지반,여의도중학교 운동장,지반,0,99,옥외지반 근사,194255.78,547162.13,0.0,4.33,4.33,충족,3.67,2.0,충족,-0.66,-2.33,유지 충족
여의도중학교 운동장-100,여의도중학교,운동장 지반,여의도중학교 운동장,지반,0,100,옥외지반 근사,194263.78,547162.13,0.0,4.5,4.5,충족,3.83,2.0,충족,-0.67,-2.5,유지 충족
여의도중학교 운동장-101,여의도중학교,운동장 지반,여의도중학교 운동장,지반,0,101,옥외지반 근사,194271.78,547162.13,0.0,4.67,4.67,충족,4.0,2.0,충족,-0.67,-2.67,유지 충족
여의도중학교 운동장-102,여의도중학교,운동장 지반,여의도중학교 운동장,지반,0,102,옥외지반 근사,194279.78,547162.13,0.0,4.67,4.67,충족,4.0,2.0,충족,-0.67,-2.67,유지 충족
여의도중학교 운동장-103,여의도중학교,운동장 지반,여의도중학교 운동장,지반,0,103,옥외지반 근사,194287.78,547162.13,0.0,5.17,4.67,충족,4.5,2.0,충족,-0.67,-2.67,유지 충족
여의도중학교 운동장-104,여의도중학교,운동장 지반,여의도중학교 운동장,지반,0,104,옥외지반 근사,194295.78,547162.13,0.0,5.33,3.83,충족,4.67,2.0,충족,-0.66,-1.83,유지 충족
여의도중학교 운동장-105,여의도중학교,운동장 지반,여의도중학교 운동장,지반,0,105,옥외지반 근사,194303.78,547162.13,0.0,6.0,5.67,충족,5.33,3.17,충족,-0.67,-2.5,유지 충족
여의도중학교 운동장-106,여의도중학교,운동장 지반,여의도중학교 운동장,지반,0,106,옥외지반 근사,194311.78,547162.13,0.0,5.5,4.67,충족,4.83,3.0,충족,-0.67,-1.67,유지 충족
여의도중학교 운동장-107,여의도중학교,운동장 지반,여의도중학교 운동장,지반,0,107,옥외지반 근사,194351.78,547162.13,0.0,3.0,3.0,충족,3.0,3.0,충족,0.0,0.0,유지 충족
여의도중학교 운동장-108,여의도중학교,운동장 지반,여의도중학교 운동장,지반,0,108,옥외지반 근사,194359.78,547162.13,0.0,4.0,4.0,충족,4.0,4.0,충족,0.0,0.0,유지 충족
여의도중학교 운동장-109,여의도중학교,운동장 지반,여의도중학교 운동장,지반,0,109,옥외지반 근사,194367.78,547162.13,0.0,4.83,4.83,충족,4.83,4.83,충족,0.0,0.0,유지 충족
여의도중학교 운동장-110,여의도중학교,운동장 지반,여의도중학교 운동장,지반,0,110,옥외지반 근사,194247.78,547170.13,0.0,4.0,4.0,충족,3.5,2.17,충족,-0.5,-1.83,유지 충족
여의도중학교 운동장-111,여의도중학교,운동장 지반,여의도중학교 운동장,지반,0,111,옥외지반 근사,194255.78,547170.13,0.0,4.17,4.17,충족,3.67,2.17,충족,-0.5,-2.0,유지 충족
여의도중학교 운동장-112,여의도중학교,운동장 지반,여의도중학교 운동장,지반,0,112,옥외지반 근사,194263.78,547170.13,0.0,4.5,4.5,충족,3.83,2.17,충족,-0.67,-2.33,유지 충족
여의도중학교 운동장-113,여의도중학교,운동장 지반,여의도중학교 운동장,지반,0,113,옥외지반 근사,194271.78,547170.13,0.0,4.67,4.67,충족,4.0,2.17,충족,-0.67,-2.5,유지 충족
여의도중학교 운동장-114,여의도중학교,운동장 지반,여의도중학교 운동장,지반,0,114,옥외지반 근사,194279.78,547170.13,0.0,5.5,5.0,충족,4.83,2.33,충족,-0.67,-2.67,유지 충족
여의도중학교 운동장-115,여의도중학교,운동장 지반,여의도중학교 운동장,지반,0,115,옥외지반 근사,194287.78,547170.13,0.0,5.67,5.67,충족,5.0,3.0,충족,-0.67,-2.67,유지 충족
여의도중학교 운동장-116,여의도중학교,운동장 지반,여의도중학교 운동장,지반,0,116,옥외지반 근사,194295.78,547170.13,0.0,5.5,5.5,충족,4.83,3.0,충족,-0.67,-2.5,유지 충족
여의도중학교 운동장-117,여의도중학교,운동장 지반,여의도중학교 운동장,지반,0,117,옥외지반 근사,194303.78,547170.13,0.0,5.67,5.33,충족,5.0,2.83,충족,-0.67,-2.5,유지 충족
여의도중학교 운동장-118,여의도중학교,운동장 지반,여의도중학교 운동장,지반,0,118,옥외지반 근사,194311.78,547170.13,0.0,5.33,5.0,충족,4.67,2.67,충족,-0.66,-2.33,유지 충족
여의도중학교 운동장-119,여의도중학교,운동장 지반,여의도중학교 운동장,지반,0,119,옥외지반 근사,194335.78,547170.13,0.0,0.0,0.0,불충족,0.0,0.0,불충족,0.0,0.0,유지 불충족
여의도중학교 운동장-120,여의도중학교,운동장 지반,여의도중학교 운동장,지반,0,120,옥외지반 근사,194343.78,547170.13,0.0,2.67,2.67,충족,2.67,2.67,충족,0.0,0.0,유지 충족
여의도중학교 운동장-121,여의도중학교,운동장 지반,여의도중학교 운동장,지반,0,121,옥외지반 근사,194351.78,547170.13,0.0,3.5,3.5,충족,3.5,3.5,충족,0.0,0.0,유지 충족
여의도중학교 운동장-122,여의도중학교,운동장 지반,여의도중학교 운동장,지반,0,122,옥외지반 근사,194359.78,547170.13,0.0,4.5,4.5,충족,4.5,4.5,충족,0.0,0.0,유지 충족
여의도중학교 운동장-123,여의도중학교,운동장 지반,여의도중학교 운동장,지반,0,123,옥외지반 근사,194247.78,547178.13,0.0,4.33,4.33,충족,3.83,2.17,충족,-0.5,-2.16,유지 충족
여의도중학교 운동장-124,여의도중학교,운동장 지반,여의도중학교 운동장,지반,0,124,옥외지반 근사,194255.78,547178.13,0.0,4.67,4.67,충족,4.17,2.33,충족,-0.5,-2.34,유지 충족
여의도중학교 운동장-125,여의도중학교,운동장 지반,여의도중학교 운동장,지반,0,125,옥외지반 근사,194263.78,547178.13,0.0,4.83,4.83,충족,4.33,2.5,충족,-0.5,-2.33,유지 충족
여의도중학교 운동장-126,여의도중학교,운동장 지반,여의도중학교 운동장,지반,0,126,옥외지반 근사,194271.78,547178.13,0.0,5.5,5.5,충족,5.0,3.0,충족,-0.5,-2.5,유지 충족
여의도중학교 운동장-127,여의도중학교,운동장 지반,여의도중학교 운동장,지반,0,127,옥외지반 근사,194279.78,547178.13,0.0,5.5,5.5,충족,5.0,3.0,충족,-0.5,-2.5,유지 충족
여의도중학교 운동장-128,여의도중학교,운동장 지반,여의도중학교 운동장,지반,0,128,옥외지반 근사,194287.78,547178.13,0.0,5.5,5.5,충족,4.83,2.83,충족,-0.67,-2.67,유지 충족
여의도중학교 운동장-129,여의도중학교,운동장 지반,여의도중학교 운동장,지반,0,129,옥외지반 근사,194295.78,547178.13,0.0,5.17,5.17,충족,4.5,2.67,충족,-0.67,-2.5,유지 충족
여의도중학교 운동장-130,여의도중학교,운동장 지반,여의도중학교 운동장,지반,0,130,옥외지반 근사,194303.78,547178.13,0.0,5.17,5.0,충족,4.5,2.5,충족,-0.67,-2.5,유지 충족
여의도중학교 운동장-131,여의도중학교,운동장 지반,여의도중학교 운동장,지반,0,131,옥외지반 근사,194327.78,547178.13,0.0,0.5,0.5,불충족,0.5,0.5,불충족,0.0,0.0,유지 불충족
여의도중학교 운동장-132,여의도중학교,운동장 지반,여의도중학교 운동장,지반,0,132,옥외지반 근사,194335.78,547178.13,0.0,2.33,2.33,충족,2.33,2.33,충족,0.0,0.0,유지 충족
여의도중학교 운동장-133,여의도중학교,운동장 지반,여의도중학교 운동장,지반,0,133,옥외지반 근사,194343.78,547178.13,0.0,3.5,3.5,충족,3.5,3.5,충족,0.0,0.0,유지 충족
여의도중학교 운동장-134,여의도중학교,운동장 지반,여의도중학교 운동장,지반,0,134,옥외지반 근사,194351.78,547178.13,0.0,4.67,4.67,충족,4.67,4.67,충족,0.0,0.0,유지 충족
여의도중학교 운동장-135,여의도중학교,운동장 지반,여의도중학교 운동장,지반,0,135,옥외지반 근사,194239.78,547186.13,0.0,4.33,4.33,충족,3.67,2.17,충족,-0.66,-2.16,유지 충족
여의도중학교 운동장-136,여의도중학교,운동장 지반,여의도중학교 운동장,지반,0,136,옥외지반 근사,194247.78,547186.13,0.0,4.83,4.67,충족,4.33,2.33,충족,-0.5,-2.34,유지 충족
여의도중학교 운동장-137,여의도중학교,운동장 지반,여의도중학교 운동장,지반,0,137,옥외지반 근사,194255.78,547186.13,0.0,5.33,5.33,충족,4.83,2.83,충족,-0.5,-2.5,유지 충족
여의도중학교 운동장-138,여의도중학교,운동장 지반,여의도중학교 운동장,지반,0,138,옥외지반 근사,194263.78,547186.13,0.0,5.5,5.5,충족,5.17,2.83,충족,-0.33,-2.67,유지 충족
여의도중학교 운동장-139,여의도중학교,운동장 지반,여의도중학교 운동장,지반,0,139,옥외지반 근사,194271.78,547186.13,0.0,5.5,5.5,충족,5.17,2.83,충족,-0.33,-2.67,유지 충족
여의도중학교 운동장-140,여의도중학교,운동장 지반,여의도중학교 운동장,지반,0,140,옥외지반 근사,194279.78,547186.13,0.0,5.5,5.5,충족,5.33,2.83,충족,-0.17,-2.67,유지 충족
여의도중학교 운동장-141,여의도중학교,운동장 지반,여의도중학교 운동장,지반,0,141,옥외지반 근사,194287.78,547186.13,0.0,5.33,5.33,충족,5.17,2.83,충족,-0.16,-2.5,유지 충족
여의도중학교 운동장-142,여의도중학교,운동장 지반,여의도중학교 운동장,지반,0,142,옥외지반 근사,194295.78,547186.13,0.0,5.17,5.17,충족,5.0,2.67,충족,-0.17,-2.5,유지 충족
여의도중학교 운동장-143,여의도중학교,운동장 지반,여의도중학교 운동장,지반,0,143,옥외지반 근사,194327.78,547186.13,0.0,2.17,2.17,충족,2.17,2.17,충족,0.0,0.0,유지 충족
여의도중학교 운동장-144,여의도중학교,운동장 지반,여의도중학교 운동장,지반,0,144,옥외지반 근사,194335.78,547186.13,0.0,2.83,2.83,충족,2.83,2.83,충족,0.0,0.0,유지 충족
여의도중학교 운동장-145,여의도중학교,운동장 지반,여의도중학교 운동장,지반,0,145,옥외지반 근사,194343.78,547186.13,0.0,3.83,3.83,충족,3.83,3.83,충족,0.0,0.0,유지 충족
여의도중학교 운동장-146,여의도중학교,운동장 지반,여의도중학교 운동장,지반,0,146,옥외지반 근사,194239.78,547194.13,0.0,5.17,5.17,충족,5.0,2.83,충족,-0.17,-2.34,유지 충족
여의도중학교 운동장-147,여의도중학교,운동장 지반,여의도중학교 운동장,지반,0,147,옥외지반 근사,194247.78,547194.13,0.0,5.33,5.33,충족,5.17,2.83,충족,-0.16,-2.5,유지 충족
여의도중학교 운동장-148,여의도중학교,운동장 지반,여의도중학교 운동장,지반,0,148,옥외지반 근사,194255.78,547194.13,0.0,5.33,5.33,충족,5.17,2.67,충족,-0.16,-2.66,유지 충족
여의도중학교 운동장-149,여의도중학교,운동장 지반,여의도중학교 운동장,지반,0,149,옥외지반 근사,194263.78,547194.13,0.0,5.5,5.5,충족,5.5,5.5,충족,0.0,0.0,유지 충족
여의도중학교 운동장-150,여의도중학교,운동장 지반,여의도중학교 운동장,지반,0,150,옥외지반 근사,194271.78,547194.13,0.0,5.5,5.5,충족,5.5,5.5,충족,0.0,0.0,유지 충족
여의도중학교 운동장-151,여의도중학교,운동장 지반,여의도중학교 운동장,지반,0,151,옥외지반 근사,194279.78,547194.13,0.0,5.5,5.5,충족,5.5,5.5,충족,0.0,0.0,유지 충족
여의도중학교 운동장-152,여의도중학교,운동장 지반,여의도중학교 운동장,지반,0,152,옥외지반 근사,194287.78,547194.13,0.0,5.33,5.33,충족,5.33,5.33,충족,0.0,0.0,유지 충족
여의도중학교 운동장-153,여의도중학교,운동장 지반,여의도중학교 운동장,지반,0,153,옥외지반 근사,194319.78,547194.13,0.0,2.0,2.0,충족,2.0,2.0,충족,0.0,0.0,유지 충족
여의도중학교 운동장-154,여의도중학교,운동장 지반,여의도중학교 운동장,지반,0,154,옥외지반 근사,194327.78,547194.13,0.0,2.67,2.67,충족,2.67,2.67,충족,0.0,0.0,유지 충족
여의도중학교 운동장-155,여의도중학교,운동장 지반,여의도중학교 운동장,지반,0,155,옥외지반 근사,194335.78,547194.13,0.0,3.5,3.5,충족,3.5,3.5,충족,0.0,0.0,유지 충족
여의도중학교 운동장-156,여의도중학교,운동장 지반,여의도중학교 운동장,지반,0,156,옥외지반 근사,194247.78,547202.13,0.0,5.33,5.33,충족,5.33,5.33,충족,0.0,0.0,유지 충족
여의도중학교 운동장-157,여의도중학교,운동장 지반,여의도중학교 운동장,지반,0,157,옥외지반 근사,194255.78,547202.13,0.0,5.33,5.33,충족,5.33,5.33,충족,0.0,0.0,유지 충족
여의도중학교 운동장-158,여의도중학교,운동장 지반,여의도중학교 운동장,지반,0,158,옥외지반 근사,194263.78,547202.13,0.0,5.33,5.33,충족,5.33,5.33,충족,0.0,0.0,유지 충족
여의도중학교 운동장-159,여의도중학교,운동장 지반,여의도중학교 운동장,지반,0,159,옥외지반 근사,194271.78,547202.13,0.0,5.33,5.33,충족,5.33,5.33,충족,0.0,0.0,유지 충족
여의도중학교 운동장-160,여의도중학교,운동장 지반,여의도중학교 운동장,지반,0,160,옥외지반 근사,194279.78,547202.13,0.0,5.17,5.17,충족,5.17,5.17,충족,0.0,0.0,유지 충족
여의도중학교 운동장-161,여의도중학교,운동장 지반,여의도중학교 운동장,지반,0,161,옥외지반 근사,194311.78,547202.13,0.0,2.0,1.83,불충족,2.0,1.83,불충족,0.0,0.0,유지 불충족
여의도중학교 운동장-162,여의도중학교,운동장 지반,여의도중학교 운동장,지반,0,162,옥외지반 근사,194319.78,547202.13,0.0,3.0,2.5,충족,3.0,2.5,충족,0.0,0.0,유지 충족
여의도중학교 운동장-163,여의도중학교,운동장 지반,여의도중학교 운동장,지반,0,163,옥외지반 근사,194327.78,547202.13,0.0,4.33,3.33,충족,4.33,3.33,충족,0.0,0.0,유지 충족
여의도중학교 운동장-164,여의도중학교,운동장 지반,여의도중학교 운동장,지반,0,164,옥외지반 근사,194335.78,547202.13,0.0,5.17,4.17,충족,5.17,4.17,충족,0.0,0.0,유지 충족
여의도중학교 운동장-165,여의도중학교,운동장 지반,여의도중학교 운동장,지반,0,165,옥외지반 근사,194247.78,547210.13,0.0,5.33,5.33,충족,5.33,5.33,충족,0.0,0.0,유지 충족
여의도중학교 운동장-166,여의도중학교,운동장 지반,여의도중학교 운동장,지반,0,166,옥외지반 근사,194255.78,547210.13,0.0,5.33,5.33,충족,5.33,5.33,충족,0.0,0.0,유지 충족
여의도중학교 운동장-167,여의도중학교,운동장 지반,여의도중학교 운동장,지반,0,167,옥외지반 근사,194263.78,547210.13,0.0,5.17,5.17,충족,5.17,5.17,충족,0.0,0.0,유지 충족
여의도중학교 운동장-168,여의도중학교,운동장 지반,여의도중학교 운동장,지반,0,168,옥외지반 근사,194271.78,547210.13,0.0,5.17,5.17,충족,5.17,5.17,충족,0.0,0.0,유지 충족
여의도중학교 운동장-169,여의도중학교,운동장 지반,여의도중학교 운동장,지반,0,169,옥외지반 근사,194279.78,547210.13,0.0,4.83,4.83,충족,4.83,4.83,충족,0.0,0.0,유지 충족
여의도중학교 운동장-170,여의도중학교,운동장 지반,여의도중학교 운동장,지반,0,170,옥외지반 근사,194303.78,547210.13,0.0,1.83,1.67,불충족,1.83,1.67,불충족,0.0,0.0,유지 불충족
여의도중학교 운동장-171,여의도중학교,운동장 지반,여의도중학교 운동장,지반,0,171,옥외지반 근사,194311.78,547210.13,0.0,3.33,3.33,충족,3.33,3.33,충족,0.0,0.0,유지 충족
여의도중학교 운동장-172,여의도중학교,운동장 지반,여의도중학교 운동장,지반,0,172,옥외지반 근사,194319.78,547210.13,0.0,4.33,4.33,충족,4.33,4.33,충족,0.0,0.0,유지 충족
여의도중학교 운동장-173,여의도중학교,운동장 지반,여의도중학교 운동장,지반,0,173,옥외지반 근사,194327.78,547210.13,0.0,5.17,5.17,충족,5.17,5.17,충족,0.0,0.0,유지 충족
여의도중학교 운동장-174,여의도중학교,운동장 지반,여의도중학교 운동장,지반,0,174,옥외지반 근사,194335.78,547210.13,0.0,5.83,5.83,충족,5.83,5.83,충족,0.0,0.0,유지 충족
여의도중학교 운동장-175,여의도중학교,운동장 지반,여의도중학교 운동장,지반,0,175,옥외지반 근사,194247.78,547218.13,0.0,5.17,5.17,충족,5.17,5.17,충족,0.0,0.0,유지 충족
여의도중학교 운동장-176,여의도중학교,운동장 지반,여의도중학교 운동장,지반,0,176,옥외지반 근사,194255.78,547218.13,0.0,5.17,5.17,충족,5.17,5.17,충족,0.0,0.0,유지 충족
여의도중학교 운동장-177,여의도중학교,운동장 지반,여의도중학교 운동장,지반,0,177,옥외지반 근사,194263.78,547218.13,0.0,5.0,5.0,충족,5.0,5.0,충족,0.0,0.0,유지 충족
여의도중학교 운동장-178,여의도중학교,운동장 지반,여의도중학교 운동장,지반,0,178,옥외지반 근사,194271.78,547218.13,0.0,4.67,4.67,충족,4.67,4.67,충족,0.0,0.0,유지 충족
여의도중학교 운동장-179,여의도중학교,운동장 지반,여의도중학교 운동장,지반,0,179,옥외지반 근사,194295.78,547218.13,0.0,2.0,2.0,충족,2.0,2.0,충족,0.0,0.0,유지 충족
여의도중학교 운동장-180,여의도중학교,운동장 지반,여의도중학교 운동장,지반,0,180,옥외지반 근사,194303.78,547218.13,0.0,2.67,2.67,충족,2.67,2.67,충족,0.0,0.0,유지 충족
여의도중학교 운동장-181,여의도중학교,운동장 지반,여의도중학교 운동장,지반,0,181,옥외지반 근사,194311.78,547218.13,0.0,3.67,3.67,충족,3.67,3.67,충족,0.0,0.0,유지 충족
여의도중학교 운동장-182,여의도중학교,운동장 지반,여의도중학교 운동장,지반,0,182,옥외지반 근사,194319.78,547218.13,0.0,4.67,4.67,충족,4.67,4.67,충족,0.0,0.0,유지 충족
여의도중학교 운동장-183,여의도중학교,운동장 지반,여의도중학교 운동장,지반,0,183,옥외지반 근사,194327.78,547218.13,0.0,5.5,5.5,충족,5.5,5.5,충족,0.0,0.0,유지 충족
여의도중학교 운동장-184,여의도중학교,운동장 지반,여의도중학교 운동장,지반,0,184,옥외지반 근사,194247.78,547226.13,0.0,5.0,5.0,충족,5.0,5.0,충족,0.0,0.0,유지 충족
여의도중학교 운동장-185,여의도중학교,운동장 지반,여의도중학교 운동장,지반,0,185,옥외지반 근사,194255.78,547226.13,0.0,4.83,4.83,충족,4.83,4.83,충족,0.0,0.0,유지 충족
여의도중학교 운동장-186,여의도중학교,운동장 지반,여의도중학교 운동장,지반,0,186,옥외지반 근사,194263.78,547226.13,0.0,4.5,4.5,충족,4.5,4.5,충족,0.0,0.0,유지 충족
여의도중학교 운동장-187,여의도중학교,운동장 지반,여의도중학교 운동장,지반,0,187,옥외지반 근사,194271.78,547226.13,0.0,0.33,0.17,불충족,0.33,0.17,불충족,0.0,0.0,유지 불충족
여의도중학교 운동장-188,여의도중학교,운동장 지반,여의도중학교 운동장,지반,0,188,옥외지반 근사,194287.78,547226.13,0.0,1.83,1.83,불충족,1.83,1.83,불충족,0.0,0.0,유지 불충족
여의도중학교 운동장-189,여의도중학교,운동장 지반,여의도중학교 운동장,지반,0,189,옥외지반 근사,194295.78,547226.13,0.0,2.5,2.5,충족,2.5,2.5,충족,0.0,0.0,유지 충족
여의도중학교 운동장-190,여의도중학교,운동장 지반,여의도중학교 운동장,지반,0,190,옥외지반 근사,194303.78,547226.13,0.0,3.33,3.33,충족,3.33,3.33,충족,0.0,0.0,유지 충족
여의도중학교 운동장-191,여의도중학교,운동장 지반,여의도중학교 운동장,지반,0,191,옥외지반 근사,194311.78,547226.13,0.0,4.17,4.17,충족,4.17,4.17,충족,0.0,0.0,유지 충족
여의도중학교 운동장-192,여의도중학교,운동장 지반,여의도중학교 운동장,지반,0,192,옥외지반 근사,194255.78,547234.13,0.0,4.83,4.67,충족,4.83,4.67,충족,0.0,0.0,유지 충족
여의도중학교 운동장-193,여의도중학교,운동장 지반,여의도중학교 운동장,지반,0,193,옥외지반 근사,194263.78,547234.13,0.0,4.17,3.83,충족,4.17,3.83,충족,0.0,0.0,유지 충족
여의도중학교 운동장-194,여의도중학교,운동장 지반,여의도중학교 운동장,지반,0,194,옥외지반 근사,194271.78,547234.13,0.0,1.67,1.33,불충족,1.67,1.33,불충족,0.0,0.0,유지 불충족
여의도중학교 운동장-195,여의도중학교,운동장 지반,여의도중학교 운동장,지반,0,195,옥외지반 근사,194279.78,547234.13,0.0,1.67,1.67,불충족,1.67,1.67,불충족,0.0,0.0,유지 불충족
여의도중학교 운동장-196,여의도중학교,운동장 지반,여의도중학교 운동장,지반,0,196,옥외지반 근사,194287.78,547234.13,0.0,2.5,2.5,충족,2.5,2.5,충족,0.0,0.0,유지 충족
여의도중학교 운동장-197,여의도중학교,운동장 지반,여의도중학교 운동장,지반,0,197,옥외지반 근사,194295.78,547234.13,0.0,3.33,3.33,충족,3.33,3.33,충족,0.0,0.0,유지 충족
여의도중학교 운동장-198,여의도중학교,운동장 지반,여의도중학교 운동장,지반,0,198,옥외지반 근사,194303.78,547234.13,0.0,4.33,4.33,충족,4.33,4.33,충족,0.0,0.0,유지 충족
여의도중학교 운동장-199,여의도중학교,운동장 지반,여의도중학교 운동장,지반,0,199,옥외지반 근사,194263.78,547242.13,0.0,3.67,2.83,충족,3.67,2.83,충족,0.0,0.0,유지 충족
여의도중학교 운동장-200,여의도중학교,운동장 지반,여의도중학교 운동장,지반,0,200,옥외지반 근사,194271.78,547242.13,0.0,3.5,1.67,불충족,3.5,1.67,불충족,0.0,0.0,유지 불충족
여의도중학교 운동장-201,여의도중학교,운동장 지반,여의도중학교 운동장,지반,0,201,옥외지반 근사,194279.78,547242.13,0.0,2.83,2.33,충족,2.83,2.33,충족,0.0,0.0,유지 충족
여의도중학교 운동장-202,여의도중학교,운동장 지반,여의도중학교 운동장,지반,0,202,옥외지반 근사,194287.78,547242.13,0.0,3.17,3.17,충족,3.17,3.17,충족,0.0,0.0,유지 충족
여의도중학교 운동장-203,여의도중학교,운동장 지반,여의도중학교 운동장,지반,0,203,옥외지반 근사,194295.78,547242.13,0.0,4.17,4.17,충족,4.17,4.17,충족,0.0,0.0,유지 충족
여의도중학교 운동장-204,여의도중학교,운동장 지반,여의도중학교 운동장,지반,0,204,옥외지반 근사,194271.78,547250.13,0.0,4.33,2.17,충족,4.33,2.17,충족,0.0,0.0,유지 충족
여의도중학교 운동장-205,여의도중학교,운동장 지반,여의도중학교 운동장,지반,0,205,옥외지반 근사,194279.78,547250.13,0.0,4.33,3.33,충족,4.33,3.33,충족,0.0,0.0,유지 충족
여의도중학교 운동장-206,여의도중학교,운동장 지반,여의도중학교 운동장,지반,0,206,옥외지반 근사,194287.78,547250.13,0.0,5.0,4.33,충족,5.0,4.33,충족,0.0,0.0,유지 충족
여의도중학교 운동장-207,여의도중학교,운동장 지반,여의도중학교 운동장,지반,0,207,옥외지반 근사,194271.78,547258.13,0.0,5.83,3.17,충족,5.83,3.17,충족,0.0,0.0,유지 충족
여의도중학교 운동장-208,여의도중학교,운동장 지반,여의도중학교 운동장,지반,0,208,옥외지반 근사,194279.78,547258.13,0.0,5.67,4.17,충족,5.67,4.17,충족,0.0,0.0,유지 충족
본관동 저층부(4층) 3층-1,여의도여자고등학교,교사동 창면,본관동 저층부(4층),본관동 저층부(4층),3,1,도면기준,194201.91,547016.17,9.4,4.17,3.17,충족,4.17,3.17,충족,0.0,0.0,유지 충족
본관동 저층부(4층) 4층-1,여의도여자고등학교,교사동 창면,본관동 저층부(4층),본관동 저층부(4층),4,1,도면기준,194201.91,547016.17,13.1,4.33,3.33,충족,4.33,3.33,충족,0.0,0.0,유지 충족
본관동 저층부(4층) 3층-2,여의도여자고등학교,교사동 창면,본관동 저층부(4층),본관동 저층부(4층),3,2,도면기준,194204.75,547018.39,9.4,4.33,3.33,충족,4.33,3.33,충족,0.0,0.0,유지 충족
본관동 저층부(4층) 4층-2,여의도여자고등학교,교사동 창면,본관동 저층부(4층),본관동 저층부(4층),4,2,도면기준,194204.75,547018.39,13.1,4.33,3.33,충족,4.5,3.5,충족,0.17,0.17,유지 충족
본관동 저층부(4층) 2층-1,여의도여자고등학교,교사동 창면,본관동 저층부(4층),본관동 저층부(4층),2,1,도면기준,194209.0,547021.72,5.7,4.0,3.33,충족,4.0,3.33,충족,0.0,0.0,유지 충족
본관동 저층부(4층) 3층-3,여의도여자고등학교,교사동 창면,본관동 저층부(4층),본관동 저층부(4층),3,3,도면기준,194209.0,547021.72,9.4,4.17,3.33,충족,4.17,3.33,충족,0.0,0.0,유지 충족
본관동 저층부(4층) 4층-3,여의도여자고등학교,교사동 창면,본관동 저층부(4층),본관동 저층부(4층),4,3,도면기준,194209.0,547021.72,13.1,4.33,3.5,충족,4.17,3.33,충족,-0.16,-0.17,유지 충족
본관동 저층부(4층) 2층-2,여의도여자고등학교,교사동 창면,본관동 저층부(4층),본관동 저층부(4층),2,2,도면기준,194211.83,547023.94,5.7,4.17,3.17,충족,4.17,3.17,충족,0.0,0.0,유지 충족
본관동 저층부(4층) 3층-4,여의도여자고등학교,교사동 창면,본관동 저층부(4층),본관동 저층부(4층),3,4,도면기준,194211.83,547023.94,9.4,4.33,3.33,충족,4.17,3.17,충족,-0.16,-0.16,유지 충족
본관동 저층부(4층) 4층-4,여의도여자고등학교,교사동 창면,본관동 저층부(4층),본관동 저층부(4층),4,4,도면기준,194211.83,547023.94,13.1,4.33,3.33,충족,4.17,3.17,충족,-0.16,-0.16,유지 충족
본관동 저층부(4층) 2층-3,여의도여자고등학교,교사동 창면,본관동 저층부(4층),본관동 저층부(4층),2,3,도면기준,194216.08,547027.27,5.7,4.0,3.17,충족,4.0,3.17,충족,0.0,0.0,유지 충족
본관동 저층부(4층) 3층-5,여의도여자고등학교,교사동 창면,본관동 저층부(4층),본관동 저층부(4층),3,5,도면기준,194216.08,547027.27,9.4,4.17,3.33,충족,4.0,3.17,충족,-0.17,-0.16,유지 충족
본관동 저층부(4층) 4층-5,여의도여자고등학교,교사동 창면,본관동 저층부(4층),본관동 저층부(4층),4,5,도면기준,194216.08,547027.27,13.1,4.5,3.5,충족,4.17,3.17,충족,-0.33,-0.33,유지 충족
본관동 저층부(4층) 2층-4,여의도여자고등학교,교사동 창면,본관동 저층부(4층),본관동 저층부(4층),2,4,도면기준,194218.91,547029.5,5.7,4.0,3.17,충족,3.83,3.0,충족,-0.17,-0.17,유지 충족
본관동 저층부(4층) 3층-6,여의도여자고등학교,교사동 창면,본관동 저층부(4층),본관동 저층부(4층),3,6,도면기준,194218.91,547029.5,9.4,4.0,3.17,충족,3.83,3.0,충족,-0.17,-0.17,유지 충족
본관동 저층부(4층) 4층-6,여의도여자고등학교,교사동 창면,본관동 저층부(4층),본관동 저층부(4층),4,6,도면기준,194218.91,547029.5,13.1,4.33,3.33,충족,4.0,3.0,충족,-0.33,-0.33,유지 충족
본관동 고층부(5층) 1층-1,여의도여자고등학교,교사동 창면,본관동 고층부(5층),본관동 고층부(5층),1,1,도면기준,194222.96,547033.32,2.0,4.17,3.0,충족,3.83,3.0,충족,-0.34,0.0,유지 충족
본관동 고층부(5층) 2층-1,여의도여자고등학교,교사동 창면,본관동 고층부(5층),본관동 고층부(5층),2,1,도면기준,194222.96,547033.32,5.7,4.33,3.17,충족,3.83,3.0,충족,-0.5,-0.17,유지 충족
본관동 고층부(5층) 3층-1,여의도여자고등학교,교사동 창면,본관동 고층부(5층),본관동 고층부(5층),3,1,도면기준,194222.96,547033.32,9.4,4.33,3.17,충족,3.83,3.0,충족,-0.5,-0.17,유지 충족
본관동 고층부(5층) 4층-1,여의도여자고등학교,교사동 창면,본관동 고층부(5층),본관동 고층부(5층),4,1,도면기준,194222.96,547033.32,13.1,4.67,3.33,충족,4.0,3.0,충족,-0.67,-0.33,유지 충족
본관동 고층부(5층) 5층-1,여의도여자고등학교,교사동 창면,본관동 고층부(5층),본관동 고층부(5층),5,1,도면기준,194222.96,547033.32,16.8,5.0,3.67,충족,4.0,3.0,충족,-1.0,-0.67,유지 충족
본관동 고층부(5층) 1층-2,여의도여자고등학교,교사동 창면,본관동 고층부(5층),본관동 고층부(5층),1,2,도면기준,194225.8,547035.54,2.0,4.0,2.83,충족,3.5,2.83,충족,-0.5,0.0,유지 충족
본관동 고층부(5층) 2층-2,여의도여자고등학교,교사동 창면,본관동 고층부(5층),본관동 고층부(5층),2,2,도면기준,194225.8,547035.54,5.7,4.17,3.0,충족,3.5,2.83,충족,-0.67,-0.17,유지 충족
본관동 고층부(5층) 3층-2,여의도여자고등학교,교사동 창면,본관동 고층부(5층),본관동 고층부(5층),3,2,도면기준,194225.8,547035.54,9.4,4.33,3.0,충족,3.67,2.83,충족,-0.66,-0.17,유지 충족
본관동 고층부(5층) 4층-2,여의도여자고등학교,교사동 창면,본관동 고층부(5층),본관동 고층부(5층),4,2,도면기준,194225.8,547035.54,13.1,4.67,3.33,충족,3.67,2.83,충족,-1.0,-0.5,유지 충족
본관동 고층부(5층) 5층-2,여의도여자고등학교,교사동 창면,본관동 고층부(5층),본관동 고층부(5층),5,2,도면기준,194225.8,547035.54,16.8,5.0,3.67,충족,3.67,2.83,충족,-1.33,-0.84,유지 충족
본관동 고층부(5층) 1층-3,여의도여자고등학교,교사동 창면,본관동 고층부(5층),본관동 고층부(5층),1,3,도면기준,194230.04,547038.88,2.0,4.33,2.83,충족,3.5,2.83,충족,-0.83,0.0,유지 충족
본관동 고층부(5층) 2층-3,여의도여자고등학교,교사동 창면,본관동 고층부(5층),본관동 고층부(5층),2,3,도면기준,194230.04,547038.88,5.7,4.33,2.83,충족,3.5,2.83,충족,-0.83,0.0,유지 충족
본관동 고층부(5층) 3층-3,여의도여자고등학교,교사동 창면,본관동 고층부(5층),본관동 고층부(5층),3,3,도면기준,194230.04,547038.88,9.4,4.83,3.17,충족,3.67,2.83,충족,-1.16,-0.34,유지 충족
본관동 고층부(5층) 4층-3,여의도여자고등학교,교사동 창면,본관동 고층부(5층),본관동 고층부(5층),4,3,도면기준,194230.04,547038.88,13.1,5.17,3.5,충족,3.67,2.83,충족,-1.5,-0.67,유지 충족
본관동 고층부(5층) 5층-3,여의도여자고등학교,교사동 창면,본관동 고층부(5층),본관동 고층부(5층),5,3,도면기준,194230.04,547038.88,16.8,5.33,4.5,충족,3.67,2.83,충족,-1.66,-1.67,유지 충족
본관동 고층부(5층) 1층-4,여의도여자고등학교,교사동 창면,본관동 고층부(5층),본관동 고층부(5층),1,4,도면기준,194232.87,547041.1,2.0,4.33,2.83,충족,3.5,2.83,충족,-0.83,0.0,유지 충족
본관동 고층부(5층) 2층-4,여의도여자고등학교,교사동 창면,본관동 고층부(5층),본관동 고층부(5층),2,4,도면기준,194232.87,547041.1,5.7,4.5,3.0,충족,3.5,2.83,충족,-1.0,-0.17,유지 충족
본관동 고층부(5층) 3층-4,여의도여자고등학교,교사동 창면,본관동 고층부(5층),본관동 고층부(5층),3,4,도면기준,194232.87,547041.1,9.4,5.0,3.33,충족,3.67,2.83,충족,-1.33,-0.5,유지 충족
본관동 고층부(5층) 4층-4,여의도여자고등학교,교사동 창면,본관동 고층부(5층),본관동 고층부(5층),4,4,도면기준,194232.87,547041.1,13.1,5.33,4.5,충족,3.67,2.83,충족,-1.66,-1.67,유지 충족
본관동 고층부(5층) 5층-4,여의도여자고등학교,교사동 창면,본관동 고층부(5층),본관동 고층부(5층),5,4,도면기준,194232.87,547041.1,16.8,5.5,4.5,충족,3.83,2.83,충족,-1.67,-1.67,유지 충족
본관동 고층부(5층) 1층-5,여의도여자고등학교,교사동 창면,본관동 고층부(5층),본관동 고층부(5층),1,5,도면기준,194237.12,547044.44,2.0,4.33,2.67,충족,3.33,2.67,충족,-1.0,0.0,유지 충족
본관동 고층부(5층) 2층-5,여의도여자고등학교,교사동 창면,본관동 고층부(5층),본관동 고층부(5층),2,5,도면기준,194237.12,547044.44,5.7,4.83,3.0,충족,3.5,2.67,충족,-1.33,-0.33,유지 충족
본관동 고층부(5층) 3층-5,여의도여자고등학교,교사동 창면,본관동 고층부(5층),본관동 고층부(5층),3,5,도면기준,194237.12,547044.44,9.4,5.17,4.33,충족,3.5,2.67,충족,-1.67,-1.66,유지 충족
본관동 고층부(5층) 4층-5,여의도여자고등학교,교사동 창면,본관동 고층부(5층),본관동 고층부(5층),4,5,도면기준,194237.12,547044.44,13.1,5.17,4.33,충족,3.5,2.67,충족,-1.67,-1.66,유지 충족
본관동 고층부(5층) 5층-5,여의도여자고등학교,교사동 창면,본관동 고층부(5층),본관동 고층부(5층),5,5,도면기준,194237.12,547044.44,16.8,5.33,4.33,충족,3.67,2.67,충족,-1.66,-1.66,유지 충족
본관동 고층부(5층) 1층-6,여의도여자고등학교,교사동 창면,본관동 고층부(5층),본관동 고층부(5층),1,6,도면기준,194239.95,547046.66,2.0,4.33,2.67,충족,3.0,2.5,충족,-1.33,-0.17,유지 충족
본관동 고층부(5층) 2층-6,여의도여자고등학교,교사동 창면,본관동 고층부(5층),본관동 고층부(5층),2,6,도면기준,194239.95,547046.66,5.7,4.83,4.17,충족,3.17,2.5,충족,-1.66,-1.67,유지 충족
본관동 고층부(5층) 3층-6,여의도여자고등학교,교사동 창면,본관동 고층부(5층),본관동 고층부(5층),3,6,도면기준,194239.95,547046.66,9.4,4.83,4.17,충족,3.17,2.5,충족,-1.66,-1.67,유지 충족
본관동 고층부(5층) 4층-6,여의도여자고등학교,교사동 창면,본관동 고층부(5층),본관동 고층부(5층),4,6,도면기준,194239.95,547046.66,13.1,4.83,4.17,충족,3.17,2.5,충족,-1.66,-1.67,유지 충족
본관동 고층부(5층) 5층-6,여의도여자고등학교,교사동 창면,본관동 고층부(5층),본관동 고층부(5층),5,6,도면기준,194239.95,547046.66,16.8,5.17,4.33,충족,3.33,2.5,충족,-1.84,-1.83,유지 충족
본관동 고층부(5층) 1층-7,여의도여자고등학교,교사동 창면,본관동 고층부(5층),본관동 고층부(5층),1,7,도면기준,194244.19,547050.0,2.0,4.83,4.0,충족,3.33,2.5,충족,-1.5,-1.5,유지 충족
본관동 고층부(5층) 2층-7,여의도여자고등학교,교사동 창면,본관동 고층부(5층),본관동 고층부(5층),2,7,도면기준,194244.19,547050.0,5.7,4.83,4.0,충족,3.33,2.5,충족,-1.5,-1.5,유지 충족
본관동 고층부(5층) 3층-7,여의도여자고등학교,교사동 창면,본관동 고층부(5층),본관동 고층부(5층),3,7,도면기준,194244.19,547050.0,9.4,5.0,4.17,충족,3.5,2.5,충족,-1.5,-1.67,유지 충족
본관동 고층부(5층) 4층-7,여의도여자고등학교,교사동 창면,본관동 고층부(5층),본관동 고층부(5층),4,7,도면기준,194244.19,547050.0,13.1,5.33,4.33,충족,3.83,2.5,충족,-1.5,-1.83,유지 충족
본관동 고층부(5층) 5층-7,여의도여자고등학교,교사동 창면,본관동 고층부(5층),본관동 고층부(5층),5,7,도면기준,194244.19,547050.0,16.8,5.33,4.33,충족,3.83,2.5,충족,-1.5,-1.83,유지 충족
본관동 고층부(5층) 1층-8,여의도여자고등학교,교사동 창면,본관동 고층부(5층),본관동 고층부(5층),1,8,도면기준,194247.02,547052.23,2.0,4.83,4.0,충족,3.17,2.33,충족,-1.66,-1.67,유지 충족
본관동 고층부(5층) 2층-8,여의도여자고등학교,교사동 창면,본관동 고층부(5층),본관동 고층부(5층),2,8,도면기준,194247.02,547052.23,5.7,4.83,4.0,충족,3.17,2.33,충족,-1.66,-1.67,유지 충족
본관동 고층부(5층) 3층-8,여의도여자고등학교,교사동 창면,본관동 고층부(5층),본관동 고층부(5층),3,8,도면기준,194247.02,547052.23,9.4,4.83,4.0,충족,3.5,2.33,충족,-1.33,-1.67,유지 충족
본관동 고층부(5층) 4층-8,여의도여자고등학교,교사동 창면,본관동 고층부(5층),본관동 고층부(5층),4,8,도면기준,194247.02,547052.23,13.1,5.17,4.17,충족,3.83,2.33,충족,-1.34,-1.84,유지 충족
본관동 고층부(5층) 5층-8,여의도여자고등학교,교사동 창면,본관동 고층부(5층),본관동 고층부(5층),5,8,도면기준,194247.02,547052.23,16.8,5.33,4.33,충족,3.83,2.33,충족,-1.5,-2.0,유지 충족
본관동 고층부(5층) 1층-9,여의도여자고등학교,교사동 창면,본관동 고층부(5층),본관동 고층부(5층),1,9,도면기준,194251.27,547055.56,2.0,4.33,3.83,충족,2.83,2.33,충족,-1.5,-1.5,유지 충족
본관동 고층부(5층) 2층-9,여의도여자고등학교,교사동 창면,본관동 고층부(5층),본관동 고층부(5층),2,9,도면기준,194251.27,547055.56,5.7,4.5,4.0,충족,2.83,2.33,충족,-1.67,-1.67,유지 충족
본관동 고층부(5층) 3층-9,여의도여자고등학교,교사동 창면,본관동 고층부(5층),본관동 고층부(5층),3,9,도면기준,194251.27,547055.56,9.4,4.67,4.17,충족,3.0,2.33,충족,-1.67,-1.84,유지 충족
본관동 고층부(5층) 4층-9,여의도여자고등학교,교사동 창면,본관동 고층부(5층),본관동 고층부(5층),4,9,도면기준,194251.27,547055.56,13.1,4.83,4.17,충족,3.83,2.33,충족,-1.0,-1.84,유지 충족
본관동 고층부(5층) 5층-9,여의도여자고등학교,교사동 창면,본관동 고층부(5층),본관동 고층부(5층),5,9,도면기준,194251.27,547055.56,16.8,5.0,4.33,충족,3.83,2.33,충족,-1.17,-2.0,유지 충족
본관동 고층부(5층) 1층-10,여의도여자고등학교,교사동 창면,본관동 고층부(5층),본관동 고층부(5층),1,10,도면기준,194254.1,547057.79,2.0,4.0,3.5,충족,2.67,2.17,충족,-1.33,-1.33,유지 충족
본관동 고층부(5층) 2층-10,여의도여자고등학교,교사동 창면,본관동 고층부(5층),본관동 고층부(5층),2,10,도면기준,194254.1,547057.79,5.7,4.33,3.83,충족,2.67,2.17,충족,-1.66,-1.66,유지 충족
본관동 고층부(5층) 3층-10,여의도여자고등학교,교사동 창면,본관동 고층부(5층),본관동 고층부(5층),3,10,도면기준,194254.1,547057.79,9.4,4.67,4.0,충족,3.17,2.17,충족,-1.5,-1.83,유지 충족
본관동 고층부(5층) 4층-10,여의도여자고등학교,교사동 창면,본관동 고층부(5층),본관동 고층부(5층),4,10,도면기준,194254.1,547057.79,13.1,4.83,4.17,충족,3.67,2.17,충족,-1.16,-2.0,유지 충족
본관동 고층부(5층) 5층-10,여의도여자고등학교,교사동 창면,본관동 고층부(5층),본관동 고층부(5층),5,10,도면기준,194254.1,547057.79,16.8,5.0,4.33,충족,3.67,2.17,충족,-1.33,-2.16,유지 충족
A동(3층) A동 남서면 1층-1,여의도여자고등학교,교사동 창면,A동(3층),A동 남서면,1,1,도면기준,194281.05,547027.37,2.3,3.0,1.33,불충족,3.0,2.5,충족,0.0,1.17,신규 충족
A동(3층) A동 남서면 2층-1,여의도여자고등학교,교사동 창면,A동(3층),A동 남서면,2,1,도면기준,194281.05,547027.37,6.3,3.5,1.5,불충족,3.0,2.5,충족,-0.5,1.0,신규 충족
A동(3층) A동 남서면 1층-2,여의도여자고등학교,교사동 창면,A동(3층),A동 남서면,1,2,도면기준,194283.82,547023.82,2.3,3.0,1.33,불충족,3.17,2.67,충족,0.17,1.34,신규 충족
A동(3층) A동 남서면 2층-2,여의도여자고등학교,교사동 창면,A동(3층),A동 남서면,2,2,도면기준,194283.82,547023.82,6.3,3.17,1.5,불충족,3.17,2.67,충족,0.0,1.17,신규 충족
A동(3층) A동 남서면 1층-3,여의도여자고등학교,교사동 창면,A동(3층),A동 남서면,1,3,도면기준,194286.58,547020.27,2.3,2.67,1.33,불충족,3.0,2.67,충족,0.33,1.34,신규 충족
A동(3층) A동 남서면 2층-3,여의도여자고등학교,교사동 창면,A동(3층),A동 남서면,2,3,도면기준,194286.58,547020.27,6.3,2.83,1.5,불충족,3.0,2.67,충족,0.17,1.17,신규 충족
A동(3층) A동 남서면 1층-4,여의도여자고등학교,교사동 창면,A동(3층),A동 남서면,1,4,도면기준,194289.35,547016.72,2.3,2.17,1.33,불충족,2.67,2.5,충족,0.5,1.17,신규 충족
A동(3층) A동 남서면 2층-4,여의도여자고등학교,교사동 창면,A동(3층),A동 남서면,2,4,도면기준,194289.35,547016.72,6.3,2.33,1.5,불충족,2.67,2.5,충족,0.34,1.0,신규 충족
A동(3층) A동 남서면 1층-5,여의도여자고등학교,교사동 창면,A동(3층),A동 남서면,1,5,도면기준,194292.11,547013.17,2.3,1.67,1.33,불충족,2.33,2.33,충족,0.66,1.0,신규 충족
A동(3층) A동 남서면 2층-5,여의도여자고등학교,교사동 창면,A동(3층),A동 남서면,2,5,도면기준,194292.11,547013.17,6.3,1.83,1.5,불충족,2.33,2.33,충족,0.5,0.83,신규 충족
A동(3층) A동 남동면 1층-1,여의도여자고등학교,교사동 창면,A동(3층),A동 남동면,1,1,도면기준,194296.17,547012.27,2.3,2.5,2.33,충족,2.0,2.0,충족,-0.5,-0.33,유지 충족
A동(3층) A동 남동면 2층-1,여의도여자고등학교,교사동 창면,A동(3층),A동 남동면,2,1,도면기준,194296.17,547012.27,6.3,2.83,2.67,충족,2.0,2.0,충족,-0.83,-0.67,유지 충족
A동(3층) A동 남동면 1층-2,여의도여자고등학교,교사동 창면,A동(3층),A동 남동면,1,2,도면기준,194299.72,547015.04,2.3,2.67,2.67,충족,2.17,1.5,불충족,-0.5,-1.17,신규 불충족
A동(3층) A동 남동면 2층-2,여의도여자고등학교,교사동 창면,A동(3층),A동 남동면,2,2,도면기준,194299.72,547015.04,6.3,3.0,3.0,충족,2.17,1.5,불충족,-0.83,-1.5,신규 불충족
A동(3층) A동 남동면 1층-3,여의도여자고등학교,교사동 창면,A동(3층),A동 남동면,1,3,도면기준,194303.28,547017.8,2.3,2.67,2.67,충족,2.67,1.5,불충족,0.0,-1.17,신규 불충족
A동(3층) A동 남동면 2층-3,여의도여자고등학교,교사동 창면,A동(3층),A동 남동면,2,3,도면기준,194303.28,547017.8,6.3,3.17,3.17,충족,2.67,1.5,불충족,-0.5,-1.67,신규 불충족
A동(3층) A동 남동면 1층-4,여의도여자고등학교,교사동 창면,A동(3층),A동 남동면,1,4,도면기준,194306.83,547020.57,2.3,2.17,2.17,충족,3.17,2.17,충족,1.0,0.0,유지 충족
A동(3층) A동 남동면 2층-4,여의도여자고등학교,교사동 창면,A동(3층),A동 남동면,2,4,도면기준,194306.83,547020.57,6.3,2.67,2.67,충족,3.17,2.17,충족,0.5,-0.5,유지 충족
A동(3층) A동 남동면 1층-5,여의도여자고등학교,교사동 창면,A동(3층),A동 남동면,1,5,도면기준,194310.38,547023.33,2.3,1.5,1.5,불충족,3.5,2.67,충족,2.0,1.17,신규 충족
A동(3층) A동 남동면 2층-5,여의도여자고등학교,교사동 창면,A동(3층),A동 남동면,2,5,도면기준,194310.38,547023.33,6.3,2.0,2.0,충족,3.67,2.83,충족,1.67,0.83,유지 충족
A동(3층) A동 남동면 1층-6,여의도여자고등학교,교사동 창면,A동(3층),A동 남동면,1,6,도면기준,194313.93,547026.1,2.3,1.83,1.0,불충족,3.67,3.17,충족,1.84,2.17,신규 충족
A동(3층) A동 남동면 2층-6,여의도여자고등학교,교사동 창면,A동(3층),A동 남동면,2,6,도면기준,194313.93,547026.1,6.3,2.33,1.5,불충족,3.67,3.17,충족,1.34,1.67,신규 충족
A동(3층) A동 남동면 1층-7,여의도여자고등학교,교사동 창면,A동(3층),A동 남동면,1,7,도면기준,194317.48,547028.86,2.3,2.33,1.67,불충족,3.67,3.33,충족,1.34,1.66,신규 충족
A동(3층) A동 남동면 2층-7,여의도여자고등학교,교사동 창면,A동(3층),A동 남동면,2,7,도면기준,194317.48,547028.86,6.3,2.83,1.83,불충족,3.67,3.33,충족,0.84,1.5,신규 충족
A동(3층) A동 남서면 3층-1,여의도여자고등학교,교사동 창면,A동(3층),A동 남서면,3,1,도면기준,194282.03,547026.11,10.3,4.5,3.83,충족,3.17,2.5,충족,-1.33,-1.33,유지 충족
A동(3층) A동 남서면 3층-2,여의도여자고등학교,교사동 창면,A동(3층),A동 남서면,3,2,도면기준,194286.77,547020.04,10.3,3.67,2.0,충족,3.17,2.67,충족,-0.5,0.67,유지 충족
A동(3층) A동 남서면 3층-3,여의도여자고등학교,교사동 창면,A동(3층),A동 남서면,3,3,도면기준,194291.5,547013.96,10.3,2.67,2.0,충족,2.67,2.5,충족,0.0,0.5,유지 충족
A동(3층) A동 남동면 3층-1,여의도여자고등학교,교사동 창면,A동(3층),A동 남동면,3,1,도면기준,194296.69,547012.67,10.3,3.33,3.33,충족,2.0,2.0,충족,-1.33,-1.33,유지 충족
A동(3층) A동 남동면 3층-2,여의도여자고등학교,교사동 창면,A동(3층),A동 남동면,3,2,도면기준,194301.26,547016.24,10.3,3.67,3.67,충족,2.33,1.33,불충족,-1.34,-2.34,신규 불충족
A동(3층) A동 남동면 3층-3,여의도여자고등학교,교사동 창면,A동(3층),A동 남동면,3,3,도면기준,194305.84,547019.8,10.3,3.33,3.33,충족,3.17,2.0,충족,-0.16,-1.33,유지 충족
A동(3층) A동 남동면 3층-4,여의도여자고등학교,교사동 창면,A동(3층),A동 남동면,3,4,도면기준,194310.42,547023.36,10.3,2.33,2.33,충족,3.67,2.83,충족,1.34,0.5,유지 충족
A동(3층) A동 남동면 3층-5,여의도여자고등학교,교사동 창면,A동(3층),A동 남동면,3,5,도면기준,194314.99,547026.93,10.3,3.17,1.83,불충족,3.67,3.17,충족,0.5,1.34,신규 충족
A동(3층) A동 남동면 3층-6,여의도여자고등학교,교사동 창면,A동(3층),A동 남동면,3,6,도면기준,194319.57,547030.49,10.3,3.67,2.17,충족,4.0,3.5,충족,0.33,1.33,유지 충족
여의도여자고등학교 ①(5층) 1층-1,여의도여자고등학교,교사동 창면,여의도여자고등학교 ①(5층),남향외벽,1,1,일반식,194282.66,547079.07,1.2,1.83,1.0,불충족,1.83,1.0,불충족,0.0,0.0,유지 불충족
여의도여자고등학교 ①(5층) 2층-1,여의도여자고등학교,교사동 창면,여의도여자고등학교 ①(5층),남향외벽,2,1,일반식,194282.66,547079.07,4.7,2.0,2.0,충족,2.0,2.0,충족,0.0,0.0,유지 충족
여의도여자고등학교 ①(5층) 3층-1,여의도여자고등학교,교사동 창면,여의도여자고등학교 ①(5층),남향외벽,3,1,일반식,194282.66,547079.07,8.2,2.17,2.17,충족,2.17,2.17,충족,0.0,0.0,유지 충족
여의도여자고등학교 ①(5층) 4층-1,여의도여자고등학교,교사동 창면,여의도여자고등학교 ①(5층),남향외벽,4,1,일반식,194282.66,547079.07,11.7,2.33,2.33,충족,2.33,2.33,충족,0.0,0.0,유지 충족
여의도여자고등학교 ①(5층) 5층-1,여의도여자고등학교,교사동 창면,여의도여자고등학교 ①(5층),남향외벽,5,1,일반식,194282.66,547079.07,15.2,3.17,3.17,충족,2.5,2.5,충족,-0.67,-0.67,유지 충족
여의도여자고등학교 ①(5층) 1층-2,여의도여자고등학교,교사동 창면,여의도여자고등학교 ①(5층),남향외벽,1,2,일반식,194278.56,547081.94,1.2,0.17,0.17,불충족,0.17,0.17,불충족,0.0,0.0,유지 불충족
여의도여자고등학교 ①(5층) 2층-2,여의도여자고등학교,교사동 창면,여의도여자고등학교 ①(5층),남향외벽,2,2,일반식,194278.56,547081.94,4.7,0.17,0.17,불충족,0.17,0.17,불충족,0.0,0.0,유지 불충족
여의도여자고등학교 ①(5층) 3층-2,여의도여자고등학교,교사동 창면,여의도여자고등학교 ①(5층),남향외벽,3,2,일반식,194278.56,547081.94,8.2,0.17,0.17,불충족,0.17,0.17,불충족,0.0,0.0,유지 불충족
여의도여자고등학교 ①(5층) 4층-2,여의도여자고등학교,교사동 창면,여의도여자고등학교 ①(5층),남향외벽,4,2,일반식,194278.56,547081.94,11.7,0.33,0.33,불충족,0.33,0.33,불충족,0.0,0.0,유지 불충족
여의도여자고등학교 ①(5층) 5층-2,여의도여자고등학교,교사동 창면,여의도여자고등학교 ①(5층),남향외벽,5,2,일반식,194278.56,547081.94,15.2,0.67,0.67,불충족,0.67,0.67,불충족,0.0,0.0,유지 불충족
여의도여자고등학교 ①(5층) 1층-3,여의도여자고등학교,교사동 창면,여의도여자고등학교 ①(5층),남향외벽,1,3,일반식,194275.67,547082.88,1.2,1.17,0.67,불충족,1.17,0.67,불충족,0.0,0.0,유지 불충족
여의도여자고등학교 ①(5층) 2층-3,여의도여자고등학교,교사동 창면,여의도여자고등학교 ①(5층),남향외벽,2,3,일반식,194275.67,547082.88,4.7,1.33,1.33,불충족,1.33,1.33,불충족,0.0,0.0,유지 불충족
여의도여자고등학교 ①(5층) 3층-3,여의도여자고등학교,교사동 창면,여의도여자고등학교 ①(5층),남향외벽,3,3,일반식,194275.67,547082.88,8.2,1.5,1.5,불충족,1.5,1.5,불충족,0.0,0.0,유지 불충족
여의도여자고등학교 ①(5층) 4층-3,여의도여자고등학교,교사동 창면,여의도여자고등학교 ①(5층),남향외벽,4,3,일반식,194275.67,547082.88,11.7,1.5,1.5,불충족,1.5,1.5,불충족,0.0,0.0,유지 불충족
여의도여자고등학교 ①(5층) 5층-3,여의도여자고등학교,교사동 창면,여의도여자고등학교 ①(5층),남향외벽,5,3,일반식,194275.67,547082.88,15.2,1.67,1.67,불충족,1.67,1.67,불충족,0.0,0.0,유지 불충족
여의도여자고등학교 ①(5층) 1층-4,여의도여자고등학교,교사동 창면,여의도여자고등학교 ①(5층),남향외벽,1,4,일반식,194271.25,547080.86,1.2,0.0,0.0,불충족,0.0,0.0,불충족,0.0,0.0,유지 불충족
여의도여자고등학교 ①(5층) 2층-4,여의도여자고등학교,교사동 창면,여의도여자고등학교 ①(5층),남향외벽,2,4,일반식,194271.25,547080.86,4.7,0.0,0.0,불충족,0.0,0.0,불충족,0.0,0.0,유지 불충족
여의도여자고등학교 ①(5층) 3층-4,여의도여자고등학교,교사동 창면,여의도여자고등학교 ①(5층),남향외벽,3,4,일반식,194271.25,547080.86,8.2,0.0,0.0,불충족,0.0,0.0,불충족,0.0,0.0,유지 불충족
여의도여자고등학교 ①(5층) 4층-4,여의도여자고등학교,교사동 창면,여의도여자고등학교 ①(5층),남향외벽,4,4,일반식,194271.25,547080.86,11.7,0.0,0.0,불충족,0.0,0.0,불충족,0.0,0.0,유지 불충족
여의도여자고등학교 ①(5층) 5층-4,여의도여자고등학교,교사동 창면,여의도여자고등학교 ①(5층),남향외벽,5,4,일반식,194271.25,547080.86,15.2,0.0,0.0,불충족,0.0,0.0,불충족,0.0,0.0,유지 불충족
여의도여자고등학교 ①(5층) 1층-5,여의도여자고등학교,교사동 창면,여의도여자고등학교 ①(5층),남향외벽,1,5,일반식,194268.13,547084.79,1.2,0.0,0.0,불충족,0.0,0.0,불충족,0.0,0.0,유지 불충족
여의도여자고등학교 ①(5층) 2층-5,여의도여자고등학교,교사동 창면,여의도여자고등학교 ①(5층),남향외벽,2,5,일반식,194268.13,547084.79,4.7,0.0,0.0,불충족,0.0,0.0,불충족,0.0,0.0,유지 불충족
여의도여자고등학교 ①(5층) 3층-5,여의도여자고등학교,교사동 창면,여의도여자고등학교 ①(5층),남향외벽,3,5,일반식,194268.13,547084.79,8.2,0.0,0.0,불충족,0.0,0.0,불충족,0.0,0.0,유지 불충족
여의도여자고등학교 ①(5층) 4층-5,여의도여자고등학교,교사동 창면,여의도여자고등학교 ①(5층),남향외벽,4,5,일반식,194268.13,547084.79,11.7,0.0,0.0,불충족,0.0,0.0,불충족,0.0,0.0,유지 불충족
여의도여자고등학교 ①(5층) 5층-5,여의도여자고등학교,교사동 창면,여의도여자고등학교 ①(5층),남향외벽,5,5,일반식,194268.13,547084.79,15.2,0.0,0.0,불충족,0.0,0.0,불충족,0.0,0.0,유지 불충족
여의도여자고등학교 ①(5층) 1층-6,여의도여자고등학교,교사동 창면,여의도여자고등학교 ①(5층),남향외벽,1,6,일반식,194265.01,547088.72,1.2,0.0,0.0,불충족,0.0,0.0,불충족,0.0,0.0,유지 불충족
여의도여자고등학교 ①(5층) 2층-6,여의도여자고등학교,교사동 창면,여의도여자고등학교 ①(5층),남향외벽,2,6,일반식,194265.01,547088.72,4.7,0.0,0.0,불충족,0.0,0.0,불충족,0.0,0.0,유지 불충족
여의도여자고등학교 ①(5층) 3층-6,여의도여자고등학교,교사동 창면,여의도여자고등학교 ①(5층),남향외벽,3,6,일반식,194265.01,547088.72,8.2,0.0,0.0,불충족,0.0,0.0,불충족,0.0,0.0,유지 불충족
여의도여자고등학교 ①(5층) 4층-6,여의도여자고등학교,교사동 창면,여의도여자고등학교 ①(5층),남향외벽,4,6,일반식,194265.01,547088.72,11.7,0.0,0.0,불충족,0.0,0.0,불충족,0.0,0.0,유지 불충족
여의도여자고등학교 ①(5층) 5층-6,여의도여자고등학교,교사동 창면,여의도여자고등학교 ①(5층),남향외벽,5,6,일반식,194265.01,547088.72,15.2,0.67,0.67,불충족,0.67,0.67,불충족,0.0,0.0,유지 불충족
여의도여자고등학교 ②(5층) 1층-1,여의도여자고등학교,교사동 창면,여의도여자고등학교 ②(5층),남향외벽,1,1,일반식,194291.66,547057.47,1.2,0.0,0.0,불충족,0.0,0.0,불충족,0.0,0.0,유지 불충족
여의도여자고등학교 ②(5층) 2층-1,여의도여자고등학교,교사동 창면,여의도여자고등학교 ②(5층),남향외벽,2,1,일반식,194291.66,547057.47,4.7,0.0,0.0,불충족,0.0,0.0,불충족,0.0,0.0,유지 불충족
여의도여자고등학교 ②(5층) 3층-1,여의도여자고등학교,교사동 창면,여의도여자고등학교 ②(5층),남향외벽,3,1,일반식,194291.66,547057.47,8.2,0.17,0.17,불충족,0.67,0.67,불충족,0.5,0.5,유지 불충족
여의도여자고등학교 ②(5층) 4층-1,여의도여자고등학교,교사동 창면,여의도여자고등학교 ②(5층),남향외벽,4,1,일반식,194291.66,547057.47,11.7,1.83,1.5,불충족,2.0,2.0,충족,0.17,0.5,신규 충족
여의도여자고등학교 ②(5층) 5층-1,여의도여자고등학교,교사동 창면,여의도여자고등학교 ②(5층),남향외벽,5,1,일반식,194291.66,547057.47,15.2,2.33,2.33,충족,2.33,2.33,충족,0.0,0.0,유지 충족
여의도여자고등학교 ②(5층) 1층-2,여의도여자고등학교,교사동 창면,여의도여자고등학교 ②(5층),남향외벽,1,2,일반식,194297.4,547045.98,1.2,0.0,0.0,불충족,0.0,0.0,불충족,0.0,0.0,유지 불충족
여의도여자고등학교 ②(5층) 2층-2,여의도여자고등학교,교사동 창면,여의도여자고등학교 ②(5층),남향외벽,2,2,일반식,194297.4,547045.98,4.7,0.0,0.0,불충족,0.0,0.0,불충족,0.0,0.0,유지 불충족
여의도여자고등학교 ②(5층) 3층-2,여의도여자고등학교,교사동 창면,여의도여자고등학교 ②(5층),남향외벽,3,2,일반식,194297.4,547045.98,8.2,0.0,0.0,불충족,0.0,0.0,불충족,0.0,0.0,유지 불충족
여의도여자고등학교 ②(5층) 4층-2,여의도여자고등학교,교사동 창면,여의도여자고등학교 ②(5층),남향외벽,4,2,일반식,194297.4,547045.98,11.7,0.0,0.0,불충족,0.0,0.0,불충족,0.0,0.0,유지 불충족
여의도여자고등학교 ②(5층) 5층-2,여의도여자고등학교,교사동 창면,여의도여자고등학교 ②(5층),남향외벽,5,2,일반식,194297.4,547045.98,15.2,0.0,0.0,불충족,0.0,0.0,불충족,0.0,0.0,유지 불충족
여의도여자고등학교 ②(5층) 1층-3,여의도여자고등학교,교사동 창면,여의도여자고등학교 ②(5층),남향외벽,1,3,일반식,194293.43,547042.91,1.2,0.0,0.0,불충족,0.0,0.0,불충족,0.0,0.0,유지 불충족
여의도여자고등학교 ②(5층) 2층-3,여의도여자고등학교,교사동 창면,여의도여자고등학교 ②(5층),남향외벽,2,3,일반식,194293.43,547042.91,4.7,0.0,0.0,불충족,0.0,0.0,불충족,0.0,0.0,유지 불충족
여의도여자고등학교 ②(5층) 3층-3,여의도여자고등학교,교사동 창면,여의도여자고등학교 ②(5층),남향외벽,3,3,일반식,194293.43,547042.91,8.2,0.0,0.0,불충족,0.0,0.0,불충족,0.0,0.0,유지 불충족
여의도여자고등학교 ②(5층) 4층-3,여의도여자고등학교,교사동 창면,여의도여자고등학교 ②(5층),남향외벽,4,3,일반식,194293.43,547042.91,11.7,2.67,2.67,충족,1.67,1.67,불충족,-1.0,-1.0,신규 불충족
여의도여자고등학교 ②(5층) 5층-3,여의도여자고등학교,교사동 창면,여의도여자고등학교 ②(5층),남향외벽,5,3,일반식,194293.43,547042.91,15.2,5.33,4.0,충족,4.5,2.17,충족,-0.83,-1.83,유지 충족
여의도여자고등학교 ②(5층) 1층-4,여의도여자고등학교,교사동 창면,여의도여자고등학교 ②(5층),남향외벽,1,4,일반식,194289.5,547044.32,1.2,0.33,0.33,불충족,0.33,0.33,불충족,0.0,0.0,유지 불충족
여의도여자고등학교 ②(5층) 2층-4,여의도여자고등학교,교사동 창면,여의도여자고등학교 ②(5층),남향외벽,2,4,일반식,194289.5,547044.32,4.7,0.33,0.33,불충족,0.33,0.33,불충족,0.0,0.0,유지 불충족
여의도여자고등학교 ②(5층) 3층-4,여의도여자고등학교,교사동 창면,여의도여자고등학교 ②(5층),남향외벽,3,4,일반식,194289.5,547044.32,8.2,0.33,0.33,불충족,0.33,0.33,불충족,0.0,0.0,유지 불충족
여의도여자고등학교 ②(5층) 4층-4,여의도여자고등학교,교사동 창면,여의도여자고등학교 ②(5층),남향외벽,4,4,일반식,194289.5,547044.32,11.7,4.33,3.67,충족,3.67,1.83,불충족,-0.66,-1.84,신규 불충족
여의도여자고등학교 ②(5층) 5층-4,여의도여자고등학교,교사동 창면,여의도여자고등학교 ②(5층),남향외벽,5,4,일반식,194289.5,547044.32,15.2,4.67,4.0,충족,3.67,1.83,불충족,-1.0,-2.17,신규 불충족
여의도여자고등학교 ②(5층) 1층-5,여의도여자고등학교,교사동 창면,여의도여자고등학교 ②(5층),남향외벽,1,5,일반식,194285.94,547045.07,1.2,0.5,0.5,불충족,0.5,0.5,불충족,0.0,0.0,유지 불충족
여의도여자고등학교 ②(5층) 2층-5,여의도여자고등학교,교사동 창면,여의도여자고등학교 ②(5층),남향외벽,2,5,일반식,194285.94,547045.07,4.7,0.5,0.5,불충족,0.5,0.5,불충족,0.0,0.0,유지 불충족
여의도여자고등학교 ②(5층) 3층-5,여의도여자고등학교,교사동 창면,여의도여자고등학교 ②(5층),남향외벽,3,5,일반식,194285.94,547045.07,8.2,0.67,0.5,불충족,0.5,0.5,불충족,-0.17,0.0,유지 불충족
여의도여자고등학교 ②(5층) 4층-5,여의도여자고등학교,교사동 창면,여의도여자고등학교 ②(5층),남향외벽,4,5,일반식,194285.94,547045.07,11.7,4.33,3.83,충족,2.5,2.0,충족,-1.83,-1.83,유지 충족
여의도여자고등학교 ②(5층) 5층-5,여의도여자고등학교,교사동 창면,여의도여자고등학교 ②(5층),남향외벽,5,5,일반식,194285.94,547045.07,15.2,4.33,3.83,충족,2.5,2.0,충족,-1.83,-1.83,유지 충족
여의도여자고등학교 ②(5층) 1층-6,여의도여자고등학교,교사동 창면,여의도여자고등학교 ②(5층),남향외벽,1,6,일반식,194282.87,547049.05,1.2,1.33,0.67,불충족,1.33,0.67,불충족,0.0,0.0,유지 불충족
여의도여자고등학교 ②(5층) 2층-6,여의도여자고등학교,교사동 창면,여의도여자고등학교 ②(5층),남향외벽,2,6,일반식,194282.87,547049.05,4.7,1.33,0.67,불충족,1.33,0.67,불충족,0.0,0.0,유지 불충족
여의도여자고등학교 ②(5층) 3층-6,여의도여자고등학교,교사동 창면,여의도여자고등학교 ②(5층),남향외벽,3,6,일반식,194282.87,547049.05,8.2,4.33,3.67,충족,2.67,2.0,충족,-1.66,-1.67,유지 충족
여의도여자고등학교 ②(5층) 4층-6,여의도여자고등학교,교사동 창면,여의도여자고등학교 ②(5층),남향외벽,4,6,일반식,194282.87,547049.05,11.7,4.33,3.67,충족,2.67,2.0,충족,-1.66,-1.67,유지 충족
여의도여자고등학교 ②(5층) 5층-6,여의도여자고등학교,교사동 창면,여의도여자고등학교 ②(5층),남향외벽,5,6,일반식,194282.87,547049.05,15.2,4.33,3.67,충족,2.67,2.0,충족,-1.66,-1.67,유지 충족
여의도여자고등학교 ②(5층) 1층-7,여의도여자고등학교,교사동 창면,여의도여자고등학교 ②(5층),남향외벽,1,7,일반식,194279.81,547053.03,1.2,2.0,1.33,불충족,2.0,1.33,불충족,0.0,0.0,유지 불충족
여의도여자고등학교 ②(5층) 2층-7,여의도여자고등학교,교사동 창면,여의도여자고등학교 ②(5층),남향외벽,2,7,일반식,194279.81,547053.03,4.7,2.5,1.67,불충족,2.33,1.67,불충족,-0.17,0.0,유지 불충족
여의도여자고등학교 ②(5층) 3층-7,여의도여자고등학교,교사동 창면,여의도여자고등학교 ②(5층),남향외벽,3,7,일반식,194279.81,547053.03,8.2,4.33,3.67,충족,2.83,2.17,충족,-1.5,-1.5,유지 충족
여의도여자고등학교 ②(5층) 4층-7,여의도여자고등학교,교사동 창면,여의도여자고등학교 ②(5층),남향외벽,4,7,일반식,194279.81,547053.03,11.7,4.33,3.67,충족,2.83,2.17,충족,-1.5,-1.5,유지 충족
여의도여자고등학교 ②(5층) 5층-7,여의도여자고등학교,교사동 창면,여의도여자고등학교 ②(5층),남향외벽,5,7,일반식,194279.81,547053.03,15.2,4.33,3.67,충족,2.83,2.17,충족,-1.5,-1.5,유지 충족
여의도여자고등학교 ②(5층) 1층-8,여의도여자고등학교,교사동 창면,여의도여자고등학교 ②(5층),남향외벽,1,8,일반식,194276.74,547057.01,1.2,2.17,1.67,불충족,2.17,1.67,불충족,0.0,0.0,유지 불충족
여의도여자고등학교 ②(5층) 2층-8,여의도여자고등학교,교사동 창면,여의도여자고등학교 ②(5층),남향외벽,2,8,일반식,194276.74,547057.01,4.7,4.0,3.5,충족,2.5,2.0,충족,-1.5,-1.5,유지 충족
여의도여자고등학교 ②(5층) 3층-8,여의도여자고등학교,교사동 창면,여의도여자고등학교 ②(5층),남향외벽,3,8,일반식,194276.74,547057.01,8.2,4.0,3.5,충족,2.5,2.0,충족,-1.5,-1.5,유지 충족
여의도여자고등학교 ②(5층) 4층-8,여의도여자고등학교,교사동 창면,여의도여자고등학교 ②(5층),남향외벽,4,8,일반식,194276.74,547057.01,11.7,4.0,3.5,충족,2.5,2.0,충족,-1.5,-1.5,유지 충족
여의도여자고등학교 ②(5층) 5층-8,여의도여자고등학교,교사동 창면,여의도여자고등학교 ②(5층),남향외벽,5,8,일반식,194276.74,547057.01,15.2,4.0,3.5,충족,2.5,2.0,충족,-1.5,-1.5,유지 충족
여의도여자고등학교 ②(5층) 1층-9,여의도여자고등학교,교사동 창면,여의도여자고등학교 ②(5층),남향외벽,1,9,일반식,194273.68,547060.98,1.2,3.0,2.33,충족,2.67,2.17,충족,-0.33,-0.16,유지 충족
여의도여자고등학교 ②(5층) 2층-9,여의도여자고등학교,교사동 창면,여의도여자고등학교 ②(5층),남향외벽,2,9,일반식,194273.68,547060.98,4.7,4.0,3.5,충족,2.67,2.17,충족,-1.33,-1.33,유지 충족
여의도여자고등학교 ②(5층) 3층-9,여의도여자고등학교,교사동 창면,여의도여자고등학교 ②(5층),남향외벽,3,9,일반식,194273.68,547060.98,8.2,4.0,3.5,충족,2.67,2.17,충족,-1.33,-1.33,유지 충족
여의도여자고등학교 ②(5층) 4층-9,여의도여자고등학교,교사동 창면,여의도여자고등학교 ②(5층),남향외벽,4,9,일반식,194273.68,547060.98,11.7,4.0,3.5,충족,2.67,2.17,충족,-1.33,-1.33,유지 충족
여의도여자고등학교 ②(5층) 5층-9,여의도여자고등학교,교사동 창면,여의도여자고등학교 ②(5층),남향외벽,5,9,일반식,194273.68,547060.98,15.2,4.0,3.5,충족,2.67,2.17,충족,-1.33,-1.33,유지 충족
여의도여자고등학교 ②(5층) 1층-10,여의도여자고등학교,교사동 창면,여의도여자고등학교 ②(5층),남향외벽,1,10,일반식,194270.62,547064.96,1.2,4.0,3.33,충족,2.67,2.0,충족,-1.33,-1.33,유지 충족
여의도여자고등학교 ②(5층) 2층-10,여의도여자고등학교,교사동 창면,여의도여자고등학교 ②(5층),남향외벽,2,10,일반식,194270.62,547064.96,4.7,4.0,3.33,충족,2.67,2.0,충족,-1.33,-1.33,유지 충족
여의도여자고등학교 ②(5층) 3층-10,여의도여자고등학교,교사동 창면,여의도여자고등학교 ②(5층),남향외벽,3,10,일반식,194270.62,547064.96,8.2,4.0,3.33,충족,2.67,2.0,충족,-1.33,-1.33,유지 충족
여의도여자고등학교 ②(5층) 4층-10,여의도여자고등학교,교사동 창면,여의도여자고등학교 ②(5층),남향외벽,4,10,일반식,194270.62,547064.96,11.7,4.0,3.33,충족,2.67,2.0,충족,-1.33,-1.33,유지 충족
여의도여자고등학교 ②(5층) 5층-10,여의도여자고등학교,교사동 창면,여의도여자고등학교 ②(5층),남향외벽,5,10,일반식,194270.62,547064.96,15.2,4.0,3.33,충족,2.67,2.0,충족,-1.33,-1.33,유지 충족
여의도여자고등학교 ②(5층) 1층-11,여의도여자고등학교,교사동 창면,여의도여자고등학교 ②(5층),남향외벽,1,11,일반식,194267.55,547068.94,1.2,3.83,3.33,충족,2.5,2.0,충족,-1.33,-1.33,유지 충족
여의도여자고등학교 ②(5층) 2층-11,여의도여자고등학교,교사동 창면,여의도여자고등학교 ②(5층),남향외벽,2,11,일반식,194267.55,547068.94,4.7,4.0,3.33,충족,2.67,2.0,충족,-1.33,-1.33,유지 충족
여의도여자고등학교 ②(5층) 3층-11,여의도여자고등학교,교사동 창면,여의도여자고등학교 ②(5층),남향외벽,3,11,일반식,194267.55,547068.94,8.2,4.0,3.33,충족,2.67,2.0,충족,-1.33,-1.33,유지 충족
여의도여자고등학교 ②(5층) 4층-11,여의도여자고등학교,교사동 창면,여의도여자고등학교 ②(5층),남향외벽,4,11,일반식,194267.55,547068.94,11.7,4.0,3.33,충족,2.67,2.0,충족,-1.33,-1.33,유지 충족
여의도여자고등학교 ②(5층) 5층-11,여의도여자고등학교,교사동 창면,여의도여자고등학교 ②(5층),남향외벽,5,11,일반식,194267.55,547068.94,15.2,4.0,3.33,충족,2.67,2.0,충족,-1.33,-1.33,유지 충족
여의도여자고등학교 ②(5층) 1층-12,여의도여자고등학교,교사동 창면,여의도여자고등학교 ②(5층),남향외벽,1,12,일반식,194264.49,547072.92,1.2,3.67,3.17,충족,2.33,1.83,불충족,-1.34,-1.34,신규 불충족
여의도여자고등학교 ②(5층) 2층-12,여의도여자고등학교,교사동 창면,여의도여자고등학교 ②(5층),남향외벽,2,12,일반식,194264.49,547072.92,4.7,3.67,3.17,충족,2.33,1.83,불충족,-1.34,-1.34,신규 불충족
여의도여자고등학교 ②(5층) 3층-12,여의도여자고등학교,교사동 창면,여의도여자고등학교 ②(5층),남향외벽,3,12,일반식,194264.49,547072.92,8.2,3.67,3.17,충족,2.33,1.83,불충족,-1.34,-1.34,신규 불충족
여의도여자고등학교 ②(5층) 4층-12,여의도여자고등학교,교사동 창면,여의도여자고등학교 ②(5층),남향외벽,4,12,일반식,194264.49,547072.92,11.7,3.67,3.17,충족,2.33,1.83,불충족,-1.34,-1.34,신규 불충족
여의도여자고등학교 ②(5층) 5층-12,여의도여자고등학교,교사동 창면,여의도여자고등학교 ②(5층),남향외벽,5,12,일반식,194264.49,547072.92,15.2,3.67,3.17,충족,2.33,1.83,불충족,-1.34,-1.34,신규 불충족
여의도여자고등학교 ②(5층) 1층-13,여의도여자고등학교,교사동 창면,여의도여자고등학교 ②(5층),남향외벽,1,13,일반식,194261.42,547076.9,1.2,3.17,3.17,충족,2.0,2.0,충족,-1.17,-1.17,유지 충족
여의도여자고등학교 ②(5층) 2층-13,여의도여자고등학교,교사동 창면,여의도여자고등학교 ②(5층),남향외벽,2,13,일반식,194261.42,547076.9,4.7,3.17,3.17,충족,2.0,2.0,충족,-1.17,-1.17,유지 충족
여의도여자고등학교 ②(5층) 3층-13,여의도여자고등학교,교사동 창면,여의도여자고등학교 ②(5층),남향외벽,3,13,일반식,194261.42,547076.9,8.2,3.17,3.17,충족,2.0,2.0,충족,-1.17,-1.17,유지 충족
여의도여자고등학교 ②(5층) 4층-13,여의도여자고등학교,교사동 창면,여의도여자고등학교 ②(5층),남향외벽,4,13,일반식,194261.42,547076.9,11.7,3.17,3.17,충족,2.0,2.0,충족,-1.17,-1.17,유지 충족
여의도여자고등학교 ②(5층) 5층-13,여의도여자고등학교,교사동 창면,여의도여자고등학교 ②(5층),남향외벽,5,13,일반식,194261.42,547076.9,15.2,3.83,3.17,충족,2.67,2.0,충족,-1.16,-1.17,유지 충족
여의도여자고등학교 운동장-1,여의도여자고등학교,운동장 지반,여의도여자고등학교 운동장,지반,0,1,옥외지반 근사,194207.78,546994.13,0.0,3.17,2.17,충족,4.33,3.33,충족,1.16,1.16,유지 충족
여의도여자고등학교 운동장-2,여의도여자고등학교,운동장 지반,여의도여자고등학교 운동장,지반,0,2,옥외지반 근사,194215.78,546994.13,0.0,3.0,1.83,불충족,4.5,3.5,충족,1.5,1.67,신규 충족
여의도여자고등학교 운동장-3,여의도여자고등학교,운동장 지반,여의도여자고등학교 운동장,지반,0,3,옥외지반 근사,194223.78,546994.13,0.0,3.33,1.67,불충족,4.67,3.67,충족,1.34,2.0,신규 충족
여의도여자고등학교 운동장-4,여의도여자고등학교,운동장 지반,여의도여자고등학교 운동장,지반,0,4,옥외지반 근사,194231.78,546994.13,0.0,3.67,1.33,불충족,5.0,4.0,충족,1.33,2.67,신규 충족
여의도여자고등학교 운동장-5,여의도여자고등학교,운동장 지반,여의도여자고등학교 운동장,지반,0,5,옥외지반 근사,194191.78,547002.13,0.0,2.83,2.0,충족,3.67,2.83,충족,0.84,0.83,유지 충족
여의도여자고등학교 운동장-6,여의도여자고등학교,운동장 지반,여의도여자고등학교 운동장,지반,0,6,옥외지반 근사,194199.78,547002.13,0.0,2.67,1.83,불충족,3.83,3.0,충족,1.16,1.17,신규 충족
여의도여자고등학교 운동장-7,여의도여자고등학교,운동장 지반,여의도여자고등학교 운동장,지반,0,7,옥외지반 근사,194207.78,547002.13,0.0,3.17,1.83,불충족,4.33,3.33,충족,1.16,1.5,신규 충족
여의도여자고등학교 운동장-8,여의도여자고등학교,운동장 지반,여의도여자고등학교 운동장,지반,0,8,옥외지반 근사,194215.78,547002.13,0.0,3.0,1.5,불충족,4.17,3.33,충족,1.17,1.83,신규 충족
여의도여자고등학교 운동장-9,여의도여자고등학교,운동장 지반,여의도여자고등학교 운동장,지반,0,9,옥외지반 근사,194223.78,547002.13,0.0,3.33,1.33,불충족,4.5,3.67,충족,1.17,2.34,신규 충족
여의도여자고등학교 운동장-10,여의도여자고등학교,운동장 지반,여의도여자고등학교 운동장,지반,0,10,옥외지반 근사,194231.78,547002.13,0.0,3.67,1.5,불충족,4.83,3.83,충족,1.16,2.33,신규 충족
여의도여자고등학교 운동장-11,여의도여자고등학교,운동장 지반,여의도여자고등학교 운동장,지반,0,11,옥외지반 근사,194239.78,547002.13,0.0,3.33,1.83,불충족,4.83,4.0,충족,1.5,2.17,신규 충족
여의도여자고등학교 운동장-12,여의도여자고등학교,운동장 지반,여의도여자고등학교 운동장,지반,0,12,옥외지반 근사,194287.78,547002.13,0.0,2.0,1.33,불충족,3.17,3.17,충족,1.17,1.84,신규 충족
여의도여자고등학교 운동장-13,여의도여자고등학교,운동장 지반,여의도여자고등학교 운동장,지반,0,13,옥외지반 근사,194295.78,547002.13,0.0,2.33,2.33,충족,2.17,2.17,충족,-0.16,-0.16,유지 충족
여의도여자고등학교 운동장-14,여의도여자고등학교,운동장 지반,여의도여자고등학교 운동장,지반,0,14,옥외지반 근사,194183.78,547010.13,0.0,2.33,1.83,불충족,3.17,2.67,충족,0.84,0.84,신규 충족
여의도여자고등학교 운동장-15,여의도여자고등학교,운동장 지반,여의도여자고등학교 운동장,지반,0,15,옥외지반 근사,194191.78,547010.13,0.0,2.67,1.83,불충족,3.67,2.83,충족,1.0,1.0,신규 충족
여의도여자고등학교 운동장-16,여의도여자고등학교,운동장 지반,여의도여자고등학교 운동장,지반,0,16,옥외지반 근사,194199.78,547010.13,0.0,3.0,1.83,불충족,4.0,3.17,충족,1.0,1.34,신규 충족
여의도여자고등학교 운동장-17,여의도여자고등학교,운동장 지반,여의도여자고등학교 운동장,지반,0,17,옥외지반 근사,194207.78,547010.13,0.0,3.0,1.5,불충족,4.0,3.17,충족,1.0,1.67,신규 충족
여의도여자고등학교 운동장-18,여의도여자고등학교,운동장 지반,여의도여자고등학교 운동장,지반,0,18,옥외지반 근사,194215.78,547010.13,0.0,3.33,1.5,불충족,4.17,3.5,충족,0.84,2.0,신규 충족
여의도여자고등학교 운동장-19,여의도여자고등학교,운동장 지반,여의도여자고등학교 운동장,지반,0,19,옥외지반 근사,194223.78,547010.13,0.0,3.33,1.33,불충족,4.5,3.67,충족,1.17,2.34,신규 충족
여의도여자고등학교 운동장-20,여의도여자고등학교,운동장 지반,여의도여자고등학교 운동장,지반,0,20,옥외지반 근사,194231.78,547010.13,0.0,3.67,1.67,불충족,4.67,3.83,충족,1.0,2.16,신규 충족
여의도여자고등학교 운동장-21,여의도여자고등학교,운동장 지반,여의도여자고등학교 운동장,지반,0,21,옥외지반 근사,194239.78,547010.13,0.0,3.5,1.83,불충족,4.5,3.67,충족,1.0,1.84,신규 충족
여의도여자고등학교 운동장-22,여의도여자고등학교,운동장 지반,여의도여자고등학교 운동장,지반,0,22,옥외지반 근사,194247.78,547010.13,0.0,3.67,2.33,충족,4.33,3.5,충족,0.66,1.17,유지 충족
여의도여자고등학교 운동장-23,여의도여자고등학교,운동장 지반,여의도여자고등학교 운동장,지반,0,23,옥외지반 근사,194255.78,547010.13,0.0,3.33,2.5,충족,4.17,3.5,충족,0.84,1.0,유지 충족
여의도여자고등학교 운동장-24,여의도여자고등학교,운동장 지반,여의도여자고등학교 운동장,지반,0,24,옥외지반 근사,194263.78,547010.13,0.0,3.17,2.17,충족,3.83,3.33,충족,0.66,1.16,유지 충족
여의도여자고등학교 운동장-25,여의도여자고등학교,운동장 지반,여의도여자고등학교 운동장,지반,0,25,옥외지반 근사,194271.78,547010.13,0.0,3.5,1.67,불충족,3.67,3.33,충족,0.17,1.66,신규 충족
여의도여자고등학교 운동장-26,여의도여자고등학교,운동장 지반,여의도여자고등학교 운동장,지반,0,26,옥외지반 근사,194279.78,547010.13,0.0,3.17,2.0,충족,3.17,3.0,충족,0.0,1.0,유지 충족
여의도여자고등학교 운동장-27,여의도여자고등학교,운동장 지반,여의도여자고등학교 운동장,지반,0,27,옥외지반 근사,194287.78,547010.13,0.0,2.67,2.17,충족,3.0,3.0,충족,0.33,0.83,유지 충족
여의도여자고등학교 운동장-28,여의도여자고등학교,운동장 지반,여의도여자고등학교 운동장,지반,0,28,옥외지반 근사,194295.78,547010.13,0.0,2.17,2.17,충족,2.0,2.0,충족,-0.17,-0.17,유지 충족
여의도여자고등학교 운동장-29,여의도여자고등학교,운동장 지반,여의도여자고등학교 운동장,지반,0,29,옥외지반 근사,194303.78,547010.13,0.0,2.5,2.5,충족,1.5,1.0,불충족,-1.0,-1.5,신규 불충족
여의도여자고등학교 운동장-30,여의도여자고등학교,운동장 지반,여의도여자고등학교 운동장,지반,0,30,옥외지반 근사,194183.78,547018.13,0.0,2.83,1.67,불충족,3.67,2.67,충족,0.84,1.0,신규 충족
여의도여자고등학교 운동장-31,여의도여자고등학교,운동장 지반,여의도여자고등학교 운동장,지반,0,31,옥외지반 근사,194207.78,547018.13,0.0,3.17,1.5,불충족,3.83,3.17,충족,0.66,1.67,신규 충족
여의도여자고등학교 운동장-32,여의도여자고등학교,운동장 지반,여의도여자고등학교 운동장,지반,0,32,옥외지반 근사,194215.78,547018.13,0.0,3.67,1.5,불충족,4.33,3.5,충족,0.66,2.0,신규 충족
여의도여자고등학교 운동장-33,여의도여자고등학교,운동장 지반,여의도여자고등학교 운동장,지반,0,33,옥외지반 근사,194223.78,547018.13,0.0,3.67,1.5,불충족,4.0,3.33,충족,0.33,1.83,신규 충족
여의도여자고등학교 운동장-34,여의도여자고등학교,운동장 지반,여의도여자고등학교 운동장,지반,0,34,옥외지반 근사,194231.78,547018.13,0.0,4.0,1.83,충족,4.17,3.33,충족,0.17,1.5,유지 충족
여의도여자고등학교 운동장-35,여의도여자고등학교,운동장 지반,여의도여자고등학교 운동장,지반,0,35,옥외지반 근사,194239.78,547018.13,0.0,4.17,3.33,충족,4.17,3.33,충족,0.0,0.0,유지 충족
여의도여자고등학교 운동장-36,여의도여자고등학교,운동장 지반,여의도여자고등학교 운동장,지반,0,36,옥외지반 근사,194247.78,547018.13,0.0,4.33,3.33,충족,3.83,3.17,충족,-0.5,-0.16,유지 충족
여의도여자고등학교 운동장-37,여의도여자고등학교,운동장 지반,여의도여자고등학교 운동장,지반,0,37,옥외지반 근사,194255.78,547018.13,0.0,4.67,3.0,충족,4.0,3.17,충족,-0.67,0.17,유지 충족
여의도여자고등학교 운동장-38,여의도여자고등학교,운동장 지반,여의도여자고등학교 운동장,지반,0,38,옥외지반 근사,194263.78,547018.13,0.0,4.67,2.5,충족,3.83,3.17,충족,-0.84,0.67,유지 충족
여의도여자고등학교 운동장-39,여의도여자고등학교,운동장 지반,여의도여자고등학교 운동장,지반,0,39,옥외지반 근사,194271.78,547018.13,0.0,4.0,1.83,충족,3.33,2.83,충족,-0.67,1.0,유지 충족
여의도여자고등학교 운동장-40,여의도여자고등학교,운동장 지반,여의도여자고등학교 운동장,지반,0,40,옥외지반 근사,194279.78,547018.13,0.0,3.83,2.0,충족,3.17,2.83,충족,-0.66,0.83,유지 충족
여의도여자고등학교 운동장-41,여의도여자고등학교,운동장 지반,여의도여자고등학교 운동장,지반,0,41,옥외지반 근사,194311.78,547018.13,0.0,1.0,1.0,불충족,3.0,2.5,충족,2.0,1.5,신규 충족
여의도여자고등학교 운동장-42,여의도여자고등학교,운동장 지반,여의도여자고등학교 운동장,지반,0,42,옥외지반 근사,194175.78,547026.13,0.0,2.67,1.5,불충족,3.5,2.5,충족,0.83,1.0,신규 충족
여의도여자고등학교 운동장-43,여의도여자고등학교,운동장 지반,여의도여자고등학교 운동장,지반,0,43,옥외지반 근사,194183.78,547026.13,0.0,3.0,1.67,불충족,3.33,2.0,충족,0.33,0.33,신규 충족
여의도여자고등학교 운동장-44,여의도여자고등학교,운동장 지반,여의도여자고등학교 운동장,지반,0,44,옥외지반 근사,194215.78,547026.13,0.0,3.83,3.17,충족,3.83,3.17,충족,0.0,0.0,유지 충족
여의도여자고등학교 운동장-45,여의도여자고등학교,운동장 지반,여의도여자고등학교 운동장,지반,0,45,옥외지반 근사,194223.78,547026.13,0.0,3.83,3.17,충족,3.83,3.17,충족,0.0,0.0,유지 충족
여의도여자고등학교 운동장-46,여의도여자고등학교,운동장 지반,여의도여자고등학교 운동장,지반,0,46,옥외지반 근사,194231.78,547026.13,0.0,4.0,3.17,충족,3.83,3.0,충족,-0.17,-0.17,유지 충족
여의도여자고등학교 운동장-47,여의도여자고등학교,운동장 지반,여의도여자고등학교 운동장,지반,0,47,옥외지반 근사,194239.78,547026.13,0.0,4.33,3.17,충족,3.83,3.17,충족,-0.5,0.0,유지 충족
여의도여자고등학교 운동장-48,여의도여자고등학교,운동장 지반,여의도여자고등학교 운동장,지반,0,48,옥외지반 근사,194247.78,547026.13,0.0,4.5,2.83,충족,3.67,3.0,충족,-0.83,0.17,유지 충족
여의도여자고등학교 운동장-49,여의도여자고등학교,운동장 지반,여의도여자고등학교 운동장,지반,0,49,옥외지반 근사,194255.78,547026.13,0.0,4.67,2.5,충족,3.67,2.83,충족,-1.0,0.33,유지 충족
여의도여자고등학교 운동장-50,여의도여자고등학교,운동장 지반,여의도여자고등학교 운동장,지반,0,50,옥외지반 근사,194263.78,547026.13,0.0,4.5,2.17,충족,3.67,2.83,충족,-0.83,0.66,유지 충족
여의도여자고등학교 운동장-51,여의도여자고등학교,운동장 지반,여의도여자고등학교 운동장,지반,0,51,옥외지반 근사,194271.78,547026.13,0.0,4.33,1.83,충족,3.5,2.83,충족,-0.83,1.0,유지 충족
여의도여자고등학교 운동장-52,여의도여자고등학교,운동장 지반,여의도여자고등학교 운동장,지반,0,52,옥외지반 근사,194279.78,547026.13,0.0,3.5,1.67,불충족,3.17,2.67,충족,-0.33,1.0,신규 충족
여의도여자고등학교 운동장-53,여의도여자고등학교,운동장 지반,여의도여자고등학교 운동장,지반,0,53,옥외지반 근사,194319.78,547026.13,0.0,1.67,1.67,불충족,3.5,3.33,충족,1.83,1.66,신규 충족
여의도여자고등학교 운동장-54,여의도여자고등학교,운동장 지반,여의도여자고등학교 운동장,지반,0,54,옥외지반 근사,194327.78,547026.13,0.0,2.0,2.0,충족,3.67,3.67,충족,1.67,1.67,유지 충족
여의도여자고등학교 운동장-55,여의도여자고등학교,운동장 지반,여의도여자고등학교 운동장,지반,0,55,옥외지반 근사,194335.78,547026.13,0.0,2.17,2.17,충족,3.67,3.67,충족,1.5,1.5,유지 충족
여의도여자고등학교 운동장-56,여의도여자고등학교,운동장 지반,여의도여자고등학교 운동장,지반,0,56,옥외지반 근사,194175.78,547034.13,0.0,2.5,1.67,불충족,2.67,1.83,불충족,0.17,0.16,유지 불충족
여의도여자고등학교 운동장-57,여의도여자고등학교,운동장 지반,여의도여자고등학교 운동장,지반,0,57,옥외지반 근사,194183.78,547034.13,0.0,1.17,0.67,불충족,1.17,0.67,불충족,0.0,0.0,유지 불충족
여의도여자고등학교 운동장-58,여의도여자고등학교,운동장 지반,여의도여자고등학교 운동장,지반,0,58,옥외지반 근사,194191.78,547034.13,0.0,0.67,0.67,불충족,0.67,0.67,불충족,0.0,0.0,유지 불충족
여의도여자고등학교 운동장-59,여의도여자고등학교,운동장 지반,여의도여자고등학교 운동장,지반,0,59,옥외지반 근사,194231.78,547034.13,0.0,4.0,2.83,충족,3.5,2.83,충족,-0.5,0.0,유지 충족
여의도여자고등학교 운동장-60,여의도여자고등학교,운동장 지반,여의도여자고등학교 운동장,지반,0,60,옥외지반 근사,194239.78,547034.13,0.0,4.5,2.83,충족,3.5,2.83,충족,-1.0,0.0,유지 충족
여의도여자고등학교 운동장-61,여의도여자고등학교,운동장 지반,여의도여자고등학교 운동장,지반,0,61,옥외지반 근사,194247.78,547034.13,0.0,4.33,2.5,충족,3.5,2.83,충족,-0.83,0.33,유지 충족
여의도여자고등학교 운동장-62,여의도여자고등학교,운동장 지반,여의도여자고등학교 운동장,지반,0,62,옥외지반 근사,194255.78,547034.13,0.0,4.33,2.17,충족,3.33,2.67,충족,-1.0,0.5,유지 충족
여의도여자고등학교 운동장-63,여의도여자고등학교,운동장 지반,여의도여자고등학교 운동장,지반,0,63,옥외지반 근사,194263.78,547034.13,0.0,4.0,1.83,충족,3.33,2.67,충족,-0.67,0.84,유지 충족
여의도여자고등학교 운동장-64,여의도여자고등학교,운동장 지반,여의도여자고등학교 운동장,지반,0,64,옥외지반 근사,194271.78,547034.13,0.0,3.67,1.5,불충족,3.17,2.5,충족,-0.5,1.0,신규 충족
여의도여자고등학교 운동장-65,여의도여자고등학교,운동장 지반,여의도여자고등학교 운동장,지반,0,65,옥외지반 근사,194279.78,547034.13,0.0,2.0,1.33,불충족,2.17,1.5,불충족,0.17,0.17,유지 불충족
여의도여자고등학교 운동장-66,여의도여자고등학교,운동장 지반,여의도여자고등학교 운동장,지반,0,66,옥외지반 근사,194327.78,547034.13,0.0,2.0,2.0,충족,3.33,3.33,충족,1.33,1.33,유지 충족
여의도여자고등학교 운동장-67,여의도여자고등학교,운동장 지반,여의도여자고등학교 운동장,지반,0,67,옥외지반 근사,194335.78,547034.13,0.0,2.17,2.17,충족,3.33,3.33,충족,1.16,1.16,유지 충족
여의도여자고등학교 운동장-68,여의도여자고등학교,운동장 지반,여의도여자고등학교 운동장,지반,0,68,옥외지반 근사,194343.78,547034.13,0.0,2.33,2.33,충족,3.17,3.17,충족,0.84,0.84,유지 충족
여의도여자고등학교 운동장-69,여의도여자고등학교,운동장 지반,여의도여자고등학교 운동장,지반,0,69,옥외지반 근사,194351.78,547034.13,0.0,2.5,2.5,충족,3.17,3.17,충족,0.67,0.67,유지 충족
여의도여자고등학교 운동장-70,여의도여자고등학교,운동장 지반,여의도여자고등학교 운동장,지반,0,70,옥외지반 근사,194359.78,547034.13,0.0,2.67,2.67,충족,3.17,3.17,충족,0.5,0.5,유지 충족
여의도여자고등학교 운동장-71,여의도여자고등학교,운동장 지반,여의도여자고등학교 운동장,지반,0,71,옥외지반 근사,194191.78,547042.13,0.0,0.5,0.5,불충족,0.5,0.5,불충족,0.0,0.0,유지 불충족
여의도여자고등학교 운동장-72,여의도여자고등학교,운동장 지반,여의도여자고등학교 운동장,지반,0,72,옥외지반 근사,194199.78,547042.13,0.0,0.17,0.17,불충족,0.17,0.17,불충족,0.0,0.0,유지 불충족
여의도여자고등학교 운동장-73,여의도여자고등학교,운동장 지반,여의도여자고등학교 운동장,지반,0,73,옥외지반 근사,194239.78,547042.13,0.0,4.17,2.5,충족,3.33,2.67,충족,-0.84,0.17,유지 충족
여의도여자고등학교 운동장-74,여의도여자고등학교,운동장 지반,여의도여자고등학교 운동장,지반,0,74,옥외지반 근사,194247.78,547042.13,0.0,4.17,2.33,충족,3.33,2.67,충족,-0.84,0.34,유지 충족
여의도여자고등학교 운동장-75,여의도여자고등학교,운동장 지반,여의도여자고등학교 운동장,지반,0,75,옥외지반 근사,194255.78,547042.13,0.0,4.5,2.33,충족,3.17,2.5,충족,-1.33,0.17,유지 충족
여의도여자고등학교 운동장-76,여의도여자고등학교,운동장 지반,여의도여자고등학교 운동장,지반,0,76,옥외지반 근사,194263.78,547042.13,0.0,4.17,2.17,충족,3.17,2.5,충족,-1.0,0.33,유지 충족
여의도여자고등학교 운동장-77,여의도여자고등학교,운동장 지반,여의도여자고등학교 운동장,지반,0,77,옥외지반 근사,194271.78,547042.13,0.0,3.67,2.0,충족,3.0,2.33,충족,-0.67,0.33,유지 충족
여의도여자고등학교 운동장-78,여의도여자고등학교,운동장 지반,여의도여자고등학교 운동장,지반,0,78,옥외지반 근사,194279.78,547042.13,0.0,2.0,1.33,불충족,2.0,1.33,불충족,0.0,0.0,유지 불충족
여의도여자고등학교 운동장-79,여의도여자고등학교,운동장 지반,여의도여자고등학교 운동장,지반,0,79,옥외지반 근사,194287.78,547042.13,0.0,0.33,0.33,불충족,0.33,0.33,불충족,0.0,0.0,유지 불충족
여의도여자고등학교 운동장-80,여의도여자고등학교,운동장 지반,여의도여자고등학교 운동장,지반,0,80,옥외지반 근사,194319.78,547042.13,0.0,1.83,1.83,불충족,2.83,2.83,충족,1.0,1.0,신규 충족
여의도여자고등학교 운동장-81,여의도여자고등학교,운동장 지반,여의도여자고등학교 운동장,지반,0,81,옥외지반 근사,194327.78,547042.13,0.0,2.5,2.17,충족,3.17,3.0,충족,0.67,0.83,유지 충족
여의도여자고등학교 운동장-82,여의도여자고등학교,운동장 지반,여의도여자고등학교 운동장,지반,0,82,옥외지반 근사,194335.78,547042.13,0.0,2.5,2.5,충족,3.17,3.17,충족,0.67,0.67,유지 충족
여의도여자고등학교 운동장-83,여의도여자고등학교,운동장 지반,여의도여자고등학교 운동장,지반,0,83,옥외지반 근사,194343.78,547042.13,0.0,2.83,2.83,충족,3.33,3.33,충족,0.5,0.5,유지 충족
여의도여자고등학교 운동장-84,여의도여자고등학교,운동장 지반,여의도여자고등학교 운동장,지반,0,84,옥외지반 근사,194207.78,547050.13,0.0,0.0,0.0,불충족,0.0,0.0,불충족,0.0,0.0,유지 불충족
여의도여자고등학교 운동장-85,여의도여자고등학교,운동장 지반,여의도여자고등학교 운동장,지반,0,85,옥외지반 근사,194215.78,547050.13,0.0,0.0,0.0,불충족,0.0,0.0,불충족,0.0,0.0,유지 불충족
여의도여자고등학교 운동장-86,여의도여자고등학교,운동장 지반,여의도여자고등학교 운동장,지반,0,86,옥외지반 근사,194247.78,547050.13,0.0,4.67,2.67,충족,3.17,2.5,충족,-1.5,-0.17,유지 충족
여의도여자고등학교 운동장-87,여의도여자고등학교,운동장 지반,여의도여자고등학교 운동장,지반,0,87,옥외지반 근사,194255.78,547050.13,0.0,4.67,4.0,충족,3.17,2.5,충족,-1.5,-1.5,유지 충족
여의도여자고등학교 운동장-88,여의도여자고등학교,운동장 지반,여의도여자고등학교 운동장,지반,0,88,옥외지반 근사,194263.78,547050.13,0.0,4.0,3.5,충족,2.83,2.33,충족,-1.17,-1.17,유지 충족
여의도여자고등학교 운동장-89,여의도여자고등학교,운동장 지반,여의도여자고등학교 운동장,지반,0,89,옥외지반 근사,194271.78,547050.13,0.0,3.0,2.5,충족,2.83,2.33,충족,-0.17,-0.17,유지 충족
여의도여자고등학교 운동장-90,여의도여자고등학교,운동장 지반,여의도여자고등학교 운동장,지반,0,90,옥외지반 근사,194279.78,547050.13,0.0,1.83,1.33,불충족,1.83,1.33,불충족,0.0,0.0,유지 불충족
여의도여자고등학교 운동장-91,여의도여자고등학교,운동장 지반,여의도여자고등학교 운동장,지반,0,91,옥외지반 근사,194303.78,547050.13,0.0,0.0,0.0,불충족,0.0,0.0,불충족,0.0,0.0,유지 불충족
여의도여자고등학교 운동장-92,여의도여자고등학교,운동장 지반,여의도여자고등학교 운동장,지반,0,92,옥외지반 근사,194311.78,547050.13,0.0,1.67,1.67,불충족,1.67,1.67,불충족,0.0,0.0,유지 불충족
여의도여자고등학교 운동장-93,여의도여자고등학교,운동장 지반,여의도여자고등학교 운동장,지반,0,93,옥외지반 근사,194207.78,547058.13,0.0,0.5,0.5,불충족,0.5,0.5,불충족,0.0,0.0,유지 불충족
여의도여자고등학교 운동장-94,여의도여자고등학교,운동장 지반,여의도여자고등학교 운동장,지반,0,94,옥외지반 근사,194215.78,547058.13,0.0,0.0,0.0,불충족,0.0,0.0,불충족,0.0,0.0,유지 불충족
여의도여자고등학교 운동장-95,여의도여자고등학교,운동장 지반,여의도여자고등학교 운동장,지반,0,95,옥외지반 근사,194223.78,547058.13,0.0,0.0,0.0,불충족,0.0,0.0,불충족,0.0,0.0,유지 불충족
여의도여자고등학교 운동장-96,여의도여자고등학교,운동장 지반,여의도여자고등학교 운동장,지반,0,96,옥외지반 근사,194231.78,547058.13,0.0,0.0,0.0,불충족,0.0,0.0,불충족,0.0,0.0,유지 불충족
여의도여자고등학교 운동장-97,여의도여자고등학교,운동장 지반,여의도여자고등학교 운동장,지반,0,97,옥외지반 근사,194255.78,547058.13,0.0,3.83,3.33,충족,2.67,2.17,충족,-1.16,-1.16,유지 충족
여의도여자고등학교 운동장-98,여의도여자고등학교,운동장 지반,여의도여자고등학교 운동장,지반,0,98,옥외지반 근사,194263.78,547058.13,0.0,3.33,2.83,충족,2.5,2.0,충족,-0.83,-0.83,유지 충족
여의도여자고등학교 운동장-99,여의도여자고등학교,운동장 지반,여의도여자고등학교 운동장,지반,0,99,옥외지반 근사,194271.78,547058.13,0.0,2.83,2.33,충족,2.67,2.17,충족,-0.16,-0.16,유지 충족
여의도여자고등학교 운동장-100,여의도여자고등학교,운동장 지반,여의도여자고등학교 운동장,지반,0,100,옥외지반 근사,194295.78,547058.13,0.0,0.0,0.0,불충족,0.0,0.0,불충족,0.0,0.0,유지 불충족
여의도여자고등학교 운동장-101,여의도여자고등학교,운동장 지반,여의도여자고등학교 운동장,지반,0,101,옥외지반 근사,194303.78,547058.13,0.0,1.33,1.33,불충족,1.33,1.33,불충족,0.0,0.0,유지 불충족
여의도여자고등학교 운동장-102,여의도여자고등학교,운동장 지반,여의도여자고등학교 운동장,지반,0,102,옥외지반 근사,194215.78,547066.13,0.0,0.5,0.5,불충족,0.5,0.5,불충족,0.0,0.0,유지 불충족
여의도여자고등학교 운동장-103,여의도여자고등학교,운동장 지반,여의도여자고등학교 운동장,지반,0,103,옥외지반 근사,194223.78,547066.13,0.0,0.17,0.17,불충족,0.17,0.17,불충족,0.0,0.0,유지 불충족
여의도여자고등학교 운동장-104,여의도여자고등학교,운동장 지반,여의도여자고등학교 운동장,지반,0,104,옥외지반 근사,194231.78,547066.13,0.0,0.0,0.0,불충족,0.0,0.0,불충족,0.0,0.0,유지 불충족
여의도여자고등학교 운동장-105,여의도여자고등학교,운동장 지반,여의도여자고등학교 운동장,지반,0,105,옥외지반 근사,194255.78,547066.13,0.0,2.17,2.17,충족,1.17,1.17,불충족,-1.0,-1.0,신규 불충족
여의도여자고등학교 운동장-106,여의도여자고등학교,운동장 지반,여의도여자고등학교 운동장,지반,0,106,옥외지반 근사,194263.78,547066.13,0.0,3.33,2.83,충족,2.5,2.0,충족,-0.83,-0.83,유지 충족
여의도여자고등학교 운동장-107,여의도여자고등학교,운동장 지반,여의도여자고등학교 운동장,지반,0,107,옥외지반 근사,194295.78,547066.13,0.0,1.17,1.17,불충족,1.17,1.17,불충족,0.0,0.0,유지 불충족
여의도여자고등학교 운동장-108,여의도여자고등학교,운동장 지반,여의도여자고등학교 운동장,지반,0,108,옥외지반 근사,194239.78,547074.13,0.0,0.0,0.0,불충족,0.0,0.0,불충족,0.0,0.0,유지 불충족
여의도여자고등학교 운동장-109,여의도여자고등학교,운동장 지반,여의도여자고등학교 운동장,지반,0,109,옥외지반 근사,194247.78,547074.13,0.0,0.0,0.0,불충족,0.0,0.0,불충족,0.0,0.0,유지 불충족
여의도여자고등학교 운동장-110,여의도여자고등학교,운동장 지반,여의도여자고등학교 운동장,지반,0,110,옥외지반 근사,194287.78,547074.13,0.0,1.67,1.17,불충족,1.5,1.17,불충족,-0.17,0.0,유지 불충족
여의도여자고등학교 운동장-111,여의도여자고등학교,운동장 지반,여의도여자고등학교 운동장,지반,0,111,옥외지반 근사,194295.78,547074.13,0.0,2.5,1.5,불충족,1.67,1.5,불충족,-0.83,0.0,유지 불충족
여의도여자고등학교 운동장-112,여의도여자고등학교,운동장 지반,여의도여자고등학교 운동장,지반,0,112,옥외지반 근사,194247.78,547082.13,0.0,0.0,0.0,불충족,0.0,0.0,불충족,0.0,0.0,유지 불충족
여의도여자고등학교 운동장-113,여의도여자고등학교,운동장 지반,여의도여자고등학교 운동장,지반,0,113,옥외지반 근사,194287.78,547082.13,0.0,2.33,2.33,충족,2.0,2.0,충족,-0.33,-0.33,유지 충족
여의도여자고등학교 운동장-114,여의도여자고등학교,운동장 지반,여의도여자고등학교 운동장,지반,0,114,옥외지반 근사,194255.78,547090.13,0.0,0.0,0.0,불충족,0.0,0.0,불충족,0.0,0.0,유지 불충족
여의도여자고등학교 운동장-115,여의도여자고등학교,운동장 지반,여의도여자고등학교 운동장,지반,0,115,옥외지반 근사,194279.78,547090.13,0.0,1.83,1.83,불충족,1.83,1.83,불충족,0.0,0.0,유지 불충족
여의도여자고등학교 운동장-116,여의도여자고등학교,운동장 지반,여의도여자고등학교 운동장,지반,0,116,옥외지반 근사,194287.78,547090.13,0.0,1.5,1.5,불충족,0.83,0.83,불충족,-0.67,-0.67,유지 불충족
여의도여자고등학교 운동장-117,여의도여자고등학교,운동장 지반,여의도여자고등학교 운동장,지반,0,117,옥외지반 근사,194255.78,547098.13,0.0,0.67,0.67,불충족,0.67,0.67,불충족,0.0,0.0,유지 불충족
여의도여자고등학교 운동장-118,여의도여자고등학교,운동장 지반,여의도여자고등학교 운동장,지반,0,118,옥외지반 근사,194263.78,547098.13,0.0,0.17,0.17,불충족,0.17,0.17,불충족,0.0,0.0,유지 불충족
여의도여자고등학교 운동장-119,여의도여자고등학교,운동장 지반,여의도여자고등학교 운동장,지반,0,119,옥외지반 근사,194271.78,547098.13,0.0,0.83,0.83,불충족,0.83,0.83,불충족,0.0,0.0,유지 불충족
여의도여자고등학교 운동장-120,여의도여자고등학교,운동장 지반,여의도여자고등학교 운동장,지반,0,120,옥외지반 근사,194279.78,547098.13,0.0,1.5,1.5,불충족,1.33,1.33,불충족,-0.17,-0.17,유지 불충족
여의도여자고등학교 운동장-121,여의도여자고등학교,운동장 지반,여의도여자고등학교 운동장,지반,0,121,옥외지반 근사,194287.78,547098.13,0.0,0.33,0.33,불충족,0.0,0.0,불충족,-0.33,-0.33,유지 불충족
여의도여자고등학교 운동장-122,여의도여자고등학교,운동장 지반,여의도여자고등학교 운동장,지반,0,122,옥외지반 근사,194255.78,547106.13,0.0,1.17,0.67,불충족,1.17,0.67,불충족,0.0,0.0,유지 불충족
여의도여자고등학교 운동장-123,여의도여자고등학교,운동장 지반,여의도여자고등학교 운동장,지반,0,123,옥외지반 근사,194263.78,547106.13,0.0,1.0,0.5,불충족,1.0,0.5,불충족,0.0,0.0,유지 불충족
여의도여자고등학교 운동장-124,여의도여자고등학교,운동장 지반,여의도여자고등학교 운동장,지반,0,124,옥외지반 근사,194271.78,547106.13,0.0,1.67,1.17,불충족,1.67,1.17,불충족,0.0,0.0,유지 불충족
여의도여자고등학교 운동장-125,여의도여자고등학교,운동장 지반,여의도여자고등학교 운동장,지반,0,125,옥외지반 근사,194279.78,547106.13,0.0,1.33,1.33,불충족,0.5,0.5,불충족,-0.83,-0.83,유지 불충족
여의도여자고등학교 운동장-126,여의도여자고등학교,운동장 지반,여의도여자고등학교 운동장,지반,0,126,옥외지반 근사,194287.78,547106.13,0.0,0.5,0.5,불충족,0.5,0.5,불충족,0.0,0.0,유지 불충족
여의도여자고등학교 운동장-127,여의도여자고등학교,운동장 지반,여의도여자고등학교 운동장,지반,0,127,옥외지반 근사,194255.78,547114.13,0.0,2.0,0.67,불충족,2.0,0.67,불충족,0.0,0.0,유지 불충족
여의도여자고등학교 운동장-128,여의도여자고등학교,운동장 지반,여의도여자고등학교 운동장,지반,0,128,옥외지반 근사,194263.78,547114.13,0.0,1.83,0.83,불충족,1.83,0.83,불충족,0.0,0.0,유지 불충족
여의도여자고등학교 운동장-129,여의도여자고등학교,운동장 지반,여의도여자고등학교 운동장,지반,0,129,옥외지반 근사,194271.78,547114.13,0.0,1.5,1.0,불충족,1.33,0.83,불충족,-0.17,-0.17,유지 불충족
여의도여자고등학교 운동장-130,여의도여자고등학교,운동장 지반,여의도여자고등학교 운동장,지반,0,130,옥외지반 근사,194279.78,547114.13,0.0,1.33,1.0,불충족,0.5,0.33,불충족,-0.83,-0.67,유지 불충족
여의도여자고등학교 운동장-131,여의도여자고등학교,운동장 지반,여의도여자고등학교 운동장,지반,0,131,옥외지반 근사,194287.78,547114.13,0.0,0.5,0.5,불충족,0.5,0.5,불충족,0.0,0.0,유지 불충족
여의도여자고등학교 운동장-132,여의도여자고등학교,운동장 지반,여의도여자고등학교 운동장,지반,0,132,옥외지반 근사,194255.78,547122.13,0.0,2.67,1.33,불충족,2.67,1.33,불충족,0.0,0.0,유지 불충족
여의도여자고등학교 운동장-133,여의도여자고등학교,운동장 지반,여의도여자고등학교 운동장,지반,0,133,옥외지반 근사,194263.78,547122.13,0.0,2.33,1.0,불충족,2.33,1.0,불충족,0.0,0.0,유지 불충족
여의도여자고등학교 운동장-134,여의도여자고등학교,운동장 지반,여의도여자고등학교 운동장,지반,0,134,옥외지반 근사,194271.78,547122.13,0.0,2.33,1.17,불충족,1.67,0.67,불충족,-0.66,-0.5,유지 불충족
여의도여자고등학교 운동장-135,여의도여자고등학교,운동장 지반,여의도여자고등학교 운동장,지반,0,135,옥외지반 근사,194279.78,547122.13,0.0,1.67,1.17,불충족,1.0,0.5,불충족,-0.67,-0.67,유지 불충족
여의도여자고등학교 운동장-136,여의도여자고등학교,운동장 지반,여의도여자고등학교 운동장,지반,0,136,옥외지반 근사,194263.78,547130.13,0.0,2.83,1.33,불충족,2.33,0.83,불충족,-0.5,-0.5,유지 불충족
여의도여자고등학교 운동장-137,여의도여자고등학교,운동장 지반,여의도여자고등학교 운동장,지반,0,137,옥외지반 근사,194271.78,547130.13,0.0,3.0,1.83,불충족,2.33,0.67,불충족,-0.67,-1.16,유지 불충족
여의도여자고등학교 운동장-138,여의도여자고등학교,운동장 지반,여의도여자고등학교 운동장,지반,0,138,옥외지반 근사,194279.78,547130.13,0.0,3.0,1.83,불충족,2.33,1.0,불충족,-0.67,-0.83,유지 불충족
여의도여자고등학교 운동장-139,여의도여자고등학교,운동장 지반,여의도여자고등학교 운동장,지반,0,139,옥외지반 근사,194263.78,547138.13,0.0,3.67,3.17,충족,3.0,1.33,불충족,-0.67,-1.84,신규 불충족
여의도여자고등학교 운동장-140,여의도여자고등학교,운동장 지반,여의도여자고등학교 운동장,지반,0,140,옥외지반 근사,194271.78,547138.13,0.0,4.5,3.33,충족,3.83,1.33,불충족,-0.67,-2.0,신규 불충족
여의도여자고등학교 운동장-141,여의도여자고등학교,운동장 지반,여의도여자고등학교 운동장,지반,0,141,옥외지반 근사,194263.78,547146.13,0.0,4.83,4.33,충족,4.17,2.17,충족,-0.66,-2.16,유지 충족
본관(4층) 1층-1,여의도초등학교,교사동 창면,본관(4층),본관(4층),1,1,도면기준,194385.36,546987.46,2.1,7.33,7.33,충족,7.33,7.33,충족,0.0,0.0,유지 충족
본관(4층) 2층-1,여의도초등학교,교사동 창면,본관(4층),본관(4층),2,1,도면기준,194385.36,546987.46,5.7,7.33,7.33,충족,7.33,7.33,충족,0.0,0.0,유지 충족
본관(4층) 3층-1,여의도초등학교,교사동 창면,본관(4층),본관(4층),3,1,도면기준,194385.36,546987.46,9.3,7.33,7.33,충족,7.33,7.33,충족,0.0,0.0,유지 충족
본관(4층) 4층-1,여의도초등학교,교사동 창면,본관(4층),본관(4층),4,1,도면기준,194385.36,546987.46,12.9,7.5,7.5,충족,7.5,7.5,충족,0.0,0.0,유지 충족
본관(4층) 1층-2,여의도초등학교,교사동 창면,본관(4층),본관(4층),1,2,도면기준,194388.19,546989.68,2.1,7.33,7.33,충족,7.33,7.33,충족,0.0,0.0,유지 충족
본관(4층) 2층-2,여의도초등학교,교사동 창면,본관(4층),본관(4층),2,2,도면기준,194388.19,546989.68,5.7,7.33,7.33,충족,7.33,7.33,충족,0.0,0.0,유지 충족
본관(4층) 3층-2,여의도초등학교,교사동 창면,본관(4층),본관(4층),3,2,도면기준,194388.19,546989.68,9.3,7.33,7.33,충족,7.33,7.33,충족,0.0,0.0,유지 충족
본관(4층) 4층-2,여의도초등학교,교사동 창면,본관(4층),본관(4층),4,2,도면기준,194388.19,546989.68,12.9,7.33,7.33,충족,7.33,7.33,충족,0.0,0.0,유지 충족
본관(4층) 1층-3,여의도초등학교,교사동 창면,본관(4층),본관(4층),1,3,도면기준,194392.45,546993.0,2.1,7.17,7.17,충족,7.17,7.17,충족,0.0,0.0,유지 충족
본관(4층) 2층-3,여의도초등학교,교사동 창면,본관(4층),본관(4층),2,3,도면기준,194392.45,546993.0,5.7,7.17,7.17,충족,7.17,7.17,충족,0.0,0.0,유지 충족
본관(4층) 3층-3,여의도초등학교,교사동 창면,본관(4층),본관(4층),3,3,도면기준,194392.45,546993.0,9.3,7.17,7.17,충족,7.17,7.17,충족,0.0,0.0,유지 충족
본관(4층) 4층-3,여의도초등학교,교사동 창면,본관(4층),본관(4층),4,3,도면기준,194392.45,546993.0,12.9,7.33,7.33,충족,7.33,7.33,충족,0.0,0.0,유지 충족
본관(4층) 1층-4,여의도초등학교,교사동 창면,본관(4층),본관(4층),1,4,도면기준,194395.29,546995.22,2.1,7.0,7.0,충족,7.0,7.0,충족,0.0,0.0,유지 충족
본관(4층) 2층-4,여의도초등학교,교사동 창면,본관(4층),본관(4층),2,4,도면기준,194395.29,546995.22,5.7,7.0,7.0,충족,7.0,7.0,충족,0.0,0.0,유지 충족
본관(4층) 3층-4,여의도초등학교,교사동 창면,본관(4층),본관(4층),3,4,도면기준,194395.29,546995.22,9.3,7.17,7.17,충족,7.17,7.17,충족,0.0,0.0,유지 충족
본관(4층) 4층-4,여의도초등학교,교사동 창면,본관(4층),본관(4층),4,4,도면기준,194395.29,546995.22,12.9,7.17,7.17,충족,7.17,7.17,충족,0.0,0.0,유지 충족
본관(4층) 1층-5,여의도초등학교,교사동 창면,본관(4층),본관(4층),1,5,도면기준,194399.54,546998.54,2.1,6.83,6.83,충족,6.83,6.83,충족,0.0,0.0,유지 충족
본관(4층) 2층-5,여의도초등학교,교사동 창면,본관(4층),본관(4층),2,5,도면기준,194399.54,546998.54,5.7,7.0,7.0,충족,7.0,7.0,충족,0.0,0.0,유지 충족
본관(4층) 3층-5,여의도초등학교,교사동 창면,본관(4층),본관(4층),3,5,도면기준,194399.54,546998.54,9.3,7.0,7.0,충족,7.0,7.0,충족,0.0,0.0,유지 충족
본관(4층) 4층-5,여의도초등학교,교사동 창면,본관(4층),본관(4층),4,5,도면기준,194399.54,546998.54,12.9,7.17,7.17,충족,7.17,7.17,충족,0.0,0.0,유지 충족
본관(4층) 1층-6,여의도초등학교,교사동 창면,본관(4층),본관(4층),1,6,도면기준,194402.38,547000.76,2.1,6.83,6.83,충족,6.83,6.83,충족,0.0,0.0,유지 충족
본관(4층) 2층-6,여의도초등학교,교사동 창면,본관(4층),본관(4층),2,6,도면기준,194402.38,547000.76,5.7,6.83,6.83,충족,6.83,6.83,충족,0.0,0.0,유지 충족
본관(4층) 3층-6,여의도초등학교,교사동 창면,본관(4층),본관(4층),3,6,도면기준,194402.38,547000.76,9.3,6.83,6.83,충족,6.83,6.83,충족,0.0,0.0,유지 충족
본관(4층) 4층-6,여의도초등학교,교사동 창면,본관(4층),본관(4층),4,6,도면기준,194402.38,547000.76,12.9,7.0,7.0,충족,7.0,7.0,충족,0.0,0.0,유지 충족
본관(4층) 1층-7,여의도초등학교,교사동 창면,본관(4층),본관(4층),1,7,도면기준,194406.63,547004.09,2.1,6.67,6.67,충족,6.67,6.67,충족,0.0,0.0,유지 충족
본관(4층) 2층-7,여의도초등학교,교사동 창면,본관(4층),본관(4층),2,7,도면기준,194406.63,547004.09,5.7,6.67,6.67,충족,6.67,6.67,충족,0.0,0.0,유지 충족
본관(4층) 3층-7,여의도초등학교,교사동 창면,본관(4층),본관(4층),3,7,도면기준,194406.63,547004.09,9.3,6.83,6.83,충족,6.83,6.83,충족,0.0,0.0,유지 충족
본관(4층) 4층-7,여의도초등학교,교사동 창면,본관(4층),본관(4층),4,7,도면기준,194406.63,547004.09,12.9,6.83,6.83,충족,6.83,6.83,충족,0.0,0.0,유지 충족
본관(4층) 1층-8,여의도초등학교,교사동 창면,본관(4층),본관(4층),1,8,도면기준,194409.47,547006.3,2.1,6.5,6.5,충족,6.5,6.5,충족,0.0,0.0,유지 충족
본관(4층) 2층-8,여의도초등학교,교사동 창면,본관(4층),본관(4층),2,8,도면기준,194409.47,547006.3,5.7,6.5,6.5,충족,6.5,6.5,충족,0.0,0.0,유지 충족
본관(4층) 3층-8,여의도초등학교,교사동 창면,본관(4층),본관(4층),3,8,도면기준,194409.47,547006.3,9.3,6.67,6.67,충족,6.67,6.67,충족,0.0,0.0,유지 충족
본관(4층) 4층-8,여의도초등학교,교사동 창면,본관(4층),본관(4층),4,8,도면기준,194409.47,547006.3,12.9,6.67,6.67,충족,6.67,6.67,충족,0.0,0.0,유지 충족
본관(4층) 1층-9,여의도초등학교,교사동 창면,본관(4층),본관(4층),1,9,도면기준,194413.73,547009.63,2.1,6.5,6.33,충족,6.5,6.33,충족,0.0,0.0,유지 충족
본관(4층) 2층-9,여의도초등학교,교사동 창면,본관(4층),본관(4층),2,9,도면기준,194413.73,547009.63,5.7,6.5,6.33,충족,6.5,6.33,충족,0.0,0.0,유지 충족
본관(4층) 3층-9,여의도초등학교,교사동 창면,본관(4층),본관(4층),3,9,도면기준,194413.73,547009.63,9.3,6.5,6.33,충족,6.5,6.33,충족,0.0,0.0,유지 충족
본관(4층) 4층-9,여의도초등학교,교사동 창면,본관(4층),본관(4층),4,9,도면기준,194413.73,547009.63,12.9,6.5,6.33,충족,6.5,6.33,충족,0.0,0.0,유지 충족
본관(4층) 1층-10,여의도초등학교,교사동 창면,본관(4층),본관(4층),1,10,도면기준,194416.56,547011.84,2.1,6.5,6.17,충족,6.5,6.17,충족,0.0,0.0,유지 충족
본관(4층) 2층-10,여의도초등학교,교사동 창면,본관(4층),본관(4층),2,10,도면기준,194416.56,547011.84,5.7,6.5,6.17,충족,6.5,6.17,충족,0.0,0.0,유지 충족
본관(4층) 3층-10,여의도초등학교,교사동 창면,본관(4층),본관(4층),3,10,도면기준,194416.56,547011.84,9.3,6.5,6.17,충족,6.5,6.17,충족,0.0,0.0,유지 충족
본관(4층) 4층-10,여의도초등학교,교사동 창면,본관(4층),본관(4층),4,10,도면기준,194416.56,547011.84,12.9,6.5,6.17,충족,6.5,6.17,충족,0.0,0.0,유지 충족
본관(4층) 1층-11,여의도초등학교,교사동 창면,본관(4층),본관(4층),1,11,도면기준,194420.82,547015.17,2.1,6.17,5.67,충족,6.17,5.67,충족,0.0,0.0,유지 충족
본관(4층) 2층-11,여의도초등학교,교사동 창면,본관(4층),본관(4층),2,11,도면기준,194420.82,547015.17,5.7,6.17,5.67,충족,6.17,5.67,충족,0.0,0.0,유지 충족
본관(4층) 3층-11,여의도초등학교,교사동 창면,본관(4층),본관(4층),3,11,도면기준,194420.82,547015.17,9.3,6.17,5.67,충족,6.17,5.67,충족,0.0,0.0,유지 충족
본관(4층) 4층-11,여의도초등학교,교사동 창면,본관(4층),본관(4층),4,11,도면기준,194420.82,547015.17,12.9,6.17,5.67,충족,6.17,5.67,충족,0.0,0.0,유지 충족
본관(4층) 1층-12,여의도초등학교,교사동 창면,본관(4층),본관(4층),1,12,도면기준,194423.65,547017.38,2.1,6.17,5.33,충족,6.17,5.33,충족,0.0,0.0,유지 충족
본관(4층) 2층-12,여의도초등학교,교사동 창면,본관(4층),본관(4층),2,12,도면기준,194423.65,547017.38,5.7,6.17,5.33,충족,6.17,5.33,충족,0.0,0.0,유지 충족
본관(4층) 3층-12,여의도초등학교,교사동 창면,본관(4층),본관(4층),3,12,도면기준,194423.65,547017.38,9.3,6.17,5.33,충족,6.17,5.33,충족,0.0,0.0,유지 충족
본관(4층) 4층-12,여의도초등학교,교사동 창면,본관(4층),본관(4층),4,12,도면기준,194423.65,547017.38,12.9,6.17,5.33,충족,6.17,5.33,충족,0.0,0.0,유지 충족
본관(4층) 1층-13,여의도초등학교,교사동 창면,본관(4층),본관(4층),1,13,도면기준,194427.91,547020.71,2.1,5.83,4.83,충족,5.83,4.83,충족,0.0,0.0,유지 충족
본관(4층) 2층-13,여의도초등학교,교사동 창면,본관(4층),본관(4층),2,13,도면기준,194427.91,547020.71,5.7,5.83,4.83,충족,5.83,4.83,충족,0.0,0.0,유지 충족
본관(4층) 3층-13,여의도초등학교,교사동 창면,본관(4층),본관(4층),3,13,도면기준,194427.91,547020.71,9.3,5.83,4.83,충족,5.83,4.83,충족,0.0,0.0,유지 충족
본관(4층) 4층-13,여의도초등학교,교사동 창면,본관(4층),본관(4층),4,13,도면기준,194427.91,547020.71,12.9,6.67,5.0,충족,6.67,5.0,충족,0.0,0.0,유지 충족
본관(4층) 1층-14,여의도초등학교,교사동 창면,본관(4층),본관(4층),1,14,도면기준,194430.75,547022.92,2.1,5.83,4.67,충족,5.83,4.67,충족,0.0,0.0,유지 충족
본관(4층) 2층-14,여의도초등학교,교사동 창면,본관(4층),본관(4층),2,14,도면기준,194430.75,547022.92,5.7,5.83,4.67,충족,5.83,4.67,충족,0.0,0.0,유지 충족
본관(4층) 3층-14,여의도초등학교,교사동 창면,본관(4층),본관(4층),3,14,도면기준,194430.75,547022.92,9.3,6.17,4.67,충족,6.17,4.67,충족,0.0,0.0,유지 충족
본관(4층) 4층-14,여의도초등학교,교사동 창면,본관(4층),본관(4층),4,14,도면기준,194430.75,547022.92,12.9,6.83,5.0,충족,6.83,5.0,충족,0.0,0.0,유지 충족
본관(4층) 1층-15,여의도초등학교,교사동 창면,본관(4층),본관(4층),1,15,도면기준,194435.0,547026.25,2.1,5.5,4.17,충족,5.5,4.17,충족,0.0,0.0,유지 충족
본관(4층) 2층-15,여의도초등학교,교사동 창면,본관(4층),본관(4층),2,15,도면기준,194435.0,547026.25,5.7,5.83,4.17,충족,5.83,4.17,충족,0.0,0.0,유지 충족
본관(4층) 3층-15,여의도초등학교,교사동 창면,본관(4층),본관(4층),3,15,도면기준,194435.0,547026.25,9.3,6.5,4.5,충족,6.5,4.5,충족,0.0,0.0,유지 충족
본관(4층) 4층-15,여의도초등학교,교사동 창면,본관(4층),본관(4층),4,15,도면기준,194435.0,547026.25,12.9,7.33,7.33,충족,7.33,7.33,충족,0.0,0.0,유지 충족
본관(4층) 1층-16,여의도초등학교,교사동 창면,본관(4층),본관(4층),1,16,도면기준,194437.84,547028.47,2.1,5.5,4.0,충족,5.5,4.0,충족,0.0,0.0,유지 충족
본관(4층) 2층-16,여의도초등학교,교사동 창면,본관(4층),본관(4층),2,16,도면기준,194437.84,547028.47,5.7,6.0,4.0,충족,6.0,4.0,충족,0.0,0.0,유지 충족
본관(4층) 3층-16,여의도초등학교,교사동 창면,본관(4층),본관(4층),3,16,도면기준,194437.84,547028.47,9.3,6.83,4.5,충족,6.83,4.5,충족,0.0,0.0,유지 충족
본관(4층) 4층-16,여의도초등학교,교사동 창면,본관(4층),본관(4층),4,16,도면기준,194437.84,547028.47,12.9,7.17,7.17,충족,7.17,7.17,충족,0.0,0.0,유지 충족
별관(5층) 1층-1,여의도초등학교,교사동 창면,별관(5층),별관(5층),1,1,도면기준,194387.9,547104.04,1.95,5.17,5.0,충족,3.83,3.67,충족,-1.34,-1.33,유지 충족
별관(5층) 2층-1,여의도초등학교,교사동 창면,별관(5층),별관(5층),2,1,도면기준,194387.9,547104.04,5.15,5.33,5.0,충족,4.0,3.67,충족,-1.33,-1.33,유지 충족
별관(5층) 3층-1,여의도초등학교,교사동 창면,별관(5층),별관(5층),3,1,도면기준,194387.9,547104.04,8.35,5.33,5.0,충족,4.0,3.67,충족,-1.33,-1.33,유지 충족
별관(5층) 4층-1,여의도초등학교,교사동 창면,별관(5층),별관(5층),4,1,도면기준,194387.9,547104.04,11.55,5.33,5.0,충족,4.0,3.67,충족,-1.33,-1.33,유지 충족
별관(5층) 5층-1,여의도초등학교,교사동 창면,별관(5층),별관(5층),5,1,도면기준,194387.9,547104.04,14.75,5.33,5.0,충족,4.0,3.67,충족,-1.33,-1.33,유지 충족
별관(5층) 1층-2,여의도초등학교,교사동 창면,별관(5층),별관(5층),1,2,도면기준,194390.12,547101.21,1.95,5.17,5.0,충족,4.0,3.83,충족,-1.17,-1.17,유지 충족
별관(5층) 2층-2,여의도초등학교,교사동 창면,별관(5층),별관(5층),2,2,도면기준,194390.12,547101.21,5.15,5.33,5.0,충족,4.17,3.83,충족,-1.16,-1.17,유지 충족
별관(5층) 3층-2,여의도초등학교,교사동 창면,별관(5층),별관(5층),3,2,도면기준,194390.12,547101.21,8.35,5.33,5.0,충족,4.17,3.83,충족,-1.16,-1.17,유지 충족
별관(5층) 4층-2,여의도초등학교,교사동 창면,별관(5층),별관(5층),4,2,도면기준,194390.12,547101.21,11.55,5.33,5.0,충족,4.17,3.83,충족,-1.16,-1.17,유지 충족
별관(5층) 5층-2,여의도초등학교,교사동 창면,별관(5층),별관(5층),5,2,도면기준,194390.12,547101.21,14.75,5.33,5.0,충족,4.17,3.83,충족,-1.16,-1.17,유지 충족
별관(5층) 1층-3,여의도초등학교,교사동 창면,별관(5층),별관(5층),1,3,도면기준,194393.45,547096.96,1.95,5.33,5.17,충족,4.0,3.83,충족,-1.33,-1.34,유지 충족
별관(5층) 2층-3,여의도초등학교,교사동 창면,별관(5층),별관(5층),2,3,도면기준,194393.45,547096.96,5.15,5.33,5.17,충족,4.0,3.83,충족,-1.33,-1.34,유지 충족
별관(5층) 3층-3,여의도초등학교,교사동 창면,별관(5층),별관(5층),3,3,도면기준,194393.45,547096.96,8.35,5.33,5.17,충족,4.0,3.83,충족,-1.33,-1.34,유지 충족
별관(5층) 4층-3,여의도초등학교,교사동 창면,별관(5층),별관(5층),4,3,도면기준,194393.45,547096.96,11.55,5.33,5.17,충족,4.0,3.83,충족,-1.33,-1.34,유지 충족
별관(5층) 5층-3,여의도초등학교,교사동 창면,별관(5층),별관(5층),5,3,도면기준,194393.45,547096.96,14.75,5.33,5.17,충족,4.0,3.83,충족,-1.33,-1.34,유지 충족
별관(5층) 1층-4,여의도초등학교,교사동 창면,별관(5층),별관(5층),1,4,도면기준,194395.67,547094.13,1.95,5.33,5.17,충족,4.17,4.0,충족,-1.16,-1.17,유지 충족
별관(5층) 2층-4,여의도초등학교,교사동 창면,별관(5층),별관(5층),2,4,도면기준,194395.67,547094.13,5.15,5.33,5.17,충족,4.17,4.0,충족,-1.16,-1.17,유지 충족
별관(5층) 3층-4,여의도초등학교,교사동 창면,별관(5층),별관(5층),3,4,도면기준,194395.67,547094.13,8.35,5.33,5.17,충족,4.17,4.0,충족,-1.16,-1.17,유지 충족
별관(5층) 4층-4,여의도초등학교,교사동 창면,별관(5층),별관(5층),4,4,도면기준,194395.67,547094.13,11.55,5.33,5.17,충족,4.17,4.0,충족,-1.16,-1.17,유지 충족
별관(5층) 5층-4,여의도초등학교,교사동 창면,별관(5층),별관(5층),5,4,도면기준,194395.67,547094.13,14.75,5.33,5.17,충족,4.17,4.0,충족,-1.16,-1.17,유지 충족
별관(5층) 1층-5,여의도초등학교,교사동 창면,별관(5층),별관(5층),1,5,도면기준,194399.01,547089.88,1.95,5.17,5.17,충족,3.83,3.83,충족,-1.34,-1.34,유지 충족
별관(5층) 2층-5,여의도초등학교,교사동 창면,별관(5층),별관(5층),2,5,도면기준,194399.01,547089.88,5.15,5.33,5.33,충족,4.0,4.0,충족,-1.33,-1.33,유지 충족
별관(5층) 3층-5,여의도초등학교,교사동 창면,별관(5층),별관(5층),3,5,도면기준,194399.01,547089.88,8.35,5.33,5.33,충족,4.0,4.0,충족,-1.33,-1.33,유지 충족
별관(5층) 4층-5,여의도초등학교,교사동 창면,별관(5층),별관(5층),4,5,도면기준,194399.01,547089.88,11.55,5.33,5.33,충족,4.0,4.0,충족,-1.33,-1.33,유지 충족
별관(5층) 5층-5,여의도초등학교,교사동 창면,별관(5층),별관(5층),5,5,도면기준,194399.01,547089.88,14.75,5.33,5.33,충족,4.0,4.0,충족,-1.33,-1.33,유지 충족
별관(5층) 1층-6,여의도초등학교,교사동 창면,별관(5층),별관(5층),1,6,도면기준,194401.23,547087.05,1.95,5.0,5.0,충족,3.83,3.83,충족,-1.17,-1.17,유지 충족
별관(5층) 2층-6,여의도초등학교,교사동 창면,별관(5층),별관(5층),2,6,도면기준,194401.23,547087.05,5.15,5.33,5.33,충족,4.17,4.17,충족,-1.16,-1.16,유지 충족
별관(5층) 3층-6,여의도초등학교,교사동 창면,별관(5층),별관(5층),3,6,도면기준,194401.23,547087.05,8.35,5.33,5.33,충족,4.17,4.17,충족,-1.16,-1.16,유지 충족
별관(5층) 4층-6,여의도초등학교,교사동 창면,별관(5층),별관(5층),4,6,도면기준,194401.23,547087.05,11.55,5.33,5.33,충족,4.17,4.17,충족,-1.16,-1.16,유지 충족
별관(5층) 5층-6,여의도초등학교,교사동 창면,별관(5층),별관(5층),5,6,도면기준,194401.23,547087.05,14.75,5.33,5.33,충족,4.17,4.17,충족,-1.16,-1.16,유지 충족
별관(5층) 1층-7,여의도초등학교,교사동 창면,별관(5층),별관(5층),1,7,도면기준,194406.78,547079.97,1.95,5.0,5.0,충족,3.83,3.83,충족,-1.17,-1.17,유지 충족
별관(5층) 2층-7,여의도초등학교,교사동 창면,별관(5층),별관(5층),2,7,도면기준,194406.78,547079.97,5.15,5.0,5.0,충족,3.83,3.83,충족,-1.17,-1.17,유지 충족
별관(5층) 3층-7,여의도초등학교,교사동 창면,별관(5층),별관(5층),3,7,도면기준,194406.78,547079.97,8.35,5.5,5.5,충족,4.33,4.33,충족,-1.17,-1.17,유지 충족
별관(5층) 4층-7,여의도초등학교,교사동 창면,별관(5층),별관(5층),4,7,도면기준,194406.78,547079.97,11.55,5.5,5.5,충족,4.33,4.33,충족,-1.17,-1.17,유지 충족
별관(5층) 5층-7,여의도초등학교,교사동 창면,별관(5층),별관(5층),5,7,도면기준,194406.78,547079.97,14.75,5.5,5.5,충족,4.33,4.33,충족,-1.17,-1.17,유지 충족
별관(5층) 1층-8,여의도초등학교,교사동 창면,별관(5층),별관(5층),1,8,도면기준,194410.12,547075.72,1.95,5.0,5.0,충족,4.0,4.0,충족,-1.0,-1.0,유지 충족
별관(5층) 2층-8,여의도초등학교,교사동 창면,별관(5층),별관(5층),2,8,도면기준,194410.12,547075.72,5.15,5.17,5.17,충족,4.0,4.0,충족,-1.17,-1.17,유지 충족
별관(5층) 3층-8,여의도초등학교,교사동 창면,별관(5층),별관(5층),3,8,도면기준,194410.12,547075.72,8.35,5.5,5.5,충족,4.33,4.33,충족,-1.17,-1.17,유지 충족
별관(5층) 4층-8,여의도초등학교,교사동 창면,별관(5층),별관(5층),4,8,도면기준,194410.12,547075.72,11.55,5.67,5.67,충족,4.5,4.5,충족,-1.17,-1.17,유지 충족
별관(5층) 5층-8,여의도초등학교,교사동 창면,별관(5층),별관(5층),5,8,도면기준,194410.12,547075.72,14.75,5.67,5.67,충족,4.5,4.5,충족,-1.17,-1.17,유지 충족
별관(5층) 1층-9,여의도초등학교,교사동 창면,별관(5층),별관(5층),1,9,도면기준,194412.34,547072.89,1.95,4.83,4.83,충족,4.0,4.0,충족,-0.83,-0.83,유지 충족
별관(5층) 2층-9,여의도초등학교,교사동 창면,별관(5층),별관(5층),2,9,도면기준,194412.34,547072.89,5.15,5.0,5.0,충족,4.0,4.0,충족,-1.0,-1.0,유지 충족
별관(5층) 3층-9,여의도초등학교,교사동 창면,별관(5층),별관(5층),3,9,도면기준,194412.34,547072.89,8.35,5.0,5.0,충족,4.0,4.0,충족,-1.0,-1.0,유지 충족
별관(5층) 4층-9,여의도초등학교,교사동 창면,별관(5층),별관(5층),4,9,도면기준,194412.34,547072.89,11.55,5.67,5.67,충족,4.67,4.67,충족,-1.0,-1.0,유지 충족
별관(5층) 5층-9,여의도초등학교,교사동 창면,별관(5층),별관(5층),5,9,도면기준,194412.34,547072.89,14.75,5.67,5.67,충족,4.67,4.67,충족,-1.0,-1.0,유지 충족
별관(5층) 1층-10,여의도초등학교,교사동 창면,별관(5층),별관(5층),1,10,도면기준,194415.67,547068.64,1.95,4.33,4.33,충족,3.67,3.67,충족,-0.66,-0.66,유지 충족
별관(5층) 2층-10,여의도초등학교,교사동 창면,별관(5층),별관(5층),2,10,도면기준,194415.67,547068.64,5.15,4.67,4.67,충족,3.67,3.67,충족,-1.0,-1.0,유지 충족
별관(5층) 3층-10,여의도초등학교,교사동 창면,별관(5층),별관(5층),3,10,도면기준,194415.67,547068.64,8.35,4.67,4.67,충족,3.67,3.67,충족,-1.0,-1.0,유지 충족
별관(5층) 4층-10,여의도초등학교,교사동 창면,별관(5층),별관(5층),4,10,도면기준,194415.67,547068.64,11.55,5.33,5.33,충족,4.33,4.33,충족,-1.0,-1.0,유지 충족
별관(5층) 5층-10,여의도초등학교,교사동 창면,별관(5층),별관(5층),5,10,도면기준,194415.67,547068.64,14.75,5.83,5.83,충족,4.83,4.83,충족,-1.0,-1.0,유지 충족
별관(5층) 1층-11,여의도초등학교,교사동 창면,별관(5층),별관(5층),1,11,도면기준,194417.9,547065.81,1.95,3.83,3.83,충족,3.17,3.17,충족,-0.66,-0.66,유지 충족
별관(5층) 2층-11,여의도초등학교,교사동 창면,별관(5층),별관(5층),2,11,도면기준,194417.9,547065.81,5.15,4.17,4.17,충족,3.17,3.17,충족,-1.0,-1.0,유지 충족
별관(5층) 3층-11,여의도초등학교,교사동 창면,별관(5층),별관(5층),3,11,도면기준,194417.9,547065.81,8.35,4.33,4.33,충족,3.17,3.17,충족,-1.16,-1.16,유지 충족
별관(5층) 4층-11,여의도초등학교,교사동 창면,별관(5층),별관(5층),4,11,도면기준,194417.9,547065.81,11.55,4.33,4.33,충족,3.17,3.17,충족,-1.16,-1.16,유지 충족
별관(5층) 5층-11,여의도초등학교,교사동 창면,별관(5층),별관(5층),5,11,도면기준,194417.9,547065.81,14.75,6.0,6.0,충족,4.83,4.83,충족,-1.17,-1.17,유지 충족
별관(5층) 1층-12,여의도초등학교,교사동 창면,별관(5층),별관(5층),1,12,도면기준,194421.23,547061.56,1.95,1.0,1.0,불충족,0.5,0.5,불충족,-0.5,-0.5,유지 불충족
별관(5층) 2층-12,여의도초등학교,교사동 창면,별관(5층),별관(5층),2,12,도면기준,194421.23,547061.56,5.15,1.33,1.33,불충족,0.5,0.5,불충족,-0.83,-0.83,유지 불충족
별관(5층) 3층-12,여의도초등학교,교사동 창면,별관(5층),별관(5층),3,12,도면기준,194421.23,547061.56,8.35,1.5,1.5,불충족,0.5,0.5,불충족,-1.0,-1.0,유지 불충족
별관(5층) 4층-12,여의도초등학교,교사동 창면,별관(5층),별관(5층),4,12,도면기준,194421.23,547061.56,11.55,1.5,1.5,불충족,0.5,0.5,불충족,-1.0,-1.0,유지 불충족
별관(5층) 5층-12,여의도초등학교,교사동 창면,별관(5층),별관(5층),5,12,도면기준,194421.23,547061.56,14.75,2.5,2.5,충족,1.5,1.5,불충족,-1.0,-1.0,신규 불충족
별관(5층) 1층-13,여의도초등학교,교사동 창면,별관(5층),별관(5층),1,13,도면기준,194426.78,547054.48,1.95,0.0,0.0,불충족,0.0,0.0,불충족,0.0,0.0,유지 불충족
별관(5층) 2층-13,여의도초등학교,교사동 창면,별관(5층),별관(5층),2,13,도면기준,194426.78,547054.48,5.15,0.0,0.0,불충족,0.0,0.0,불충족,0.0,0.0,유지 불충족
별관(5층) 3층-13,여의도초등학교,교사동 창면,별관(5층),별관(5층),3,13,도면기준,194426.78,547054.48,8.35,0.33,0.33,불충족,0.33,0.33,불충족,0.0,0.0,유지 불충족
별관(5층) 4층-13,여의도초등학교,교사동 창면,별관(5층),별관(5층),4,13,도면기준,194426.78,547054.48,11.55,1.5,1.5,불충족,1.5,1.5,불충족,0.0,0.0,유지 불충족
별관(5층) 5층-13,여의도초등학교,교사동 창면,별관(5층),별관(5층),5,13,도면기준,194426.78,547054.48,14.75,3.33,3.33,충족,3.33,3.33,충족,0.0,0.0,유지 충족
별관(5층) 1층-14,여의도초등학교,교사동 창면,별관(5층),별관(5층),1,14,도면기준,194429.01,547051.65,1.95,0.0,0.0,불충족,0.0,0.0,불충족,0.0,0.0,유지 불충족
별관(5층) 2층-14,여의도초등학교,교사동 창면,별관(5층),별관(5층),2,14,도면기준,194429.01,547051.65,5.15,0.0,0.0,불충족,0.0,0.0,불충족,0.0,0.0,유지 불충족
별관(5층) 3층-14,여의도초등학교,교사동 창면,별관(5층),별관(5층),3,14,도면기준,194429.01,547051.65,8.35,0.0,0.0,불충족,0.0,0.0,불충족,0.0,0.0,유지 불충족
별관(5층) 4층-14,여의도초등학교,교사동 창면,별관(5층),별관(5층),4,14,도면기준,194429.01,547051.65,11.55,2.0,2.0,충족,2.0,2.0,충족,0.0,0.0,유지 충족
별관(5층) 5층-14,여의도초등학교,교사동 창면,별관(5층),별관(5층),5,14,도면기준,194429.01,547051.65,14.75,4.33,4.33,충족,4.33,4.33,충족,0.0,0.0,유지 충족
여의도초등학교 운동장-1,여의도초등학교,운동장 지반,여의도초등학교 운동장,지반,0,1,배치도 경계(래스터 계측) + 분석지점도 격자,194330.15,547053.46,0.0,3.17,3.0,충족,3.33,3.33,충족,0.16,0.33,유지 충족
여의도초등학교 운동장-2,여의도초등학교,운동장 지반,여의도초등학교 운동장,지반,0,2,배치도 경계(래스터 계측) + 분석지점도 격자,194337.13,547058.92,0.0,4.33,3.83,충족,3.5,3.5,충족,-0.83,-0.33,유지 충족
여의도초등학교 운동장-3,여의도초등학교,운동장 지반,여의도초등학교 운동장,지반,0,3,배치도 경계(래스터 계측) + 분석지점도 격자,194344.11,547064.38,0.0,5.0,4.5,충족,3.83,3.67,충족,-1.17,-0.83,유지 충족
여의도초등학교 운동장-4,여의도초등학교,운동장 지반,여의도초등학교 운동장,지반,0,4,배치도 경계(래스터 계측) + 분석지점도 격자,194351.1,547069.83,0.0,5.0,4.67,충족,3.67,3.67,충족,-1.33,-1.0,유지 충족
여의도초등학교 운동장-5,여의도초등학교,운동장 지반,여의도초등학교 운동장,지반,0,5,배치도 경계(래스터 계측) + 분석지점도 격자,194358.08,547075.29,0.0,5.67,5.0,충족,4.17,3.83,충족,-1.5,-1.17,유지 충족
여의도초등학교 운동장-6,여의도초등학교,운동장 지반,여의도초등학교 운동장,지반,0,6,배치도 경계(래스터 계측) + 분석지점도 격자,194365.06,547080.74,0.0,6.17,6.0,충족,4.5,4.33,충족,-1.67,-1.67,유지 충족
여의도초등학교 운동장-7,여의도초등학교,운동장 지반,여의도초등학교 운동장,지반,0,7,배치도 경계(래스터 계측) + 분석지점도 격자,194372.05,547086.2,0.0,6.17,6.0,충족,4.67,4.5,충족,-1.5,-1.5,유지 충족
여의도초등학교 운동장-8,여의도초등학교,운동장 지반,여의도초등학교 운동장,지반,0,8,배치도 경계(래스터 계측) + 분석지점도 격자,194379.03,547091.66,0.0,6.0,5.83,충족,4.5,4.33,충족,-1.5,-1.5,유지 충족
여의도초등학교 운동장-9,여의도초등학교,운동장 지반,여의도초등학교 운동장,지반,0,9,배치도 경계(래스터 계측) + 분석지점도 격자,194335.73,547046.31,0.0,3.0,2.83,충족,3.33,3.33,충족,0.33,0.5,유지 충족
여의도초등학교 운동장-10,여의도초등학교,운동장 지반,여의도초등학교 운동장,지반,0,10,배치도 경계(래스터 계측) + 분석지점도 격자,194342.72,547051.77,0.0,4.0,3.67,충족,3.5,3.5,충족,-0.5,-0.17,유지 충족
여의도초등학교 운동장-11,여의도초등학교,운동장 지반,여의도초등학교 운동장,지반,0,11,배치도 경계(래스터 계측) + 분석지점도 격자,194349.7,547057.23,0.0,4.33,4.33,충족,3.83,3.83,충족,-0.5,-0.5,유지 충족
여의도초등학교 운동장-12,여의도초등학교,운동장 지반,여의도초등학교 운동장,지반,0,12,배치도 경계(래스터 계측) + 분석지점도 격자,194356.68,547062.68,0.0,4.67,4.67,충족,3.83,3.83,충족,-0.84,-0.84,유지 충족
여의도초등학교 운동장-13,여의도초등학교,운동장 지반,여의도초등학교 운동장,지반,0,13,배치도 경계(래스터 계측) + 분석지점도 격자,194363.67,547068.14,0.0,4.83,4.83,충족,3.83,3.83,충족,-1.0,-1.0,유지 충족
여의도초등학교 운동장-14,여의도초등학교,운동장 지반,여의도초등학교 운동장,지반,0,14,배치도 경계(래스터 계측) + 분석지점도 격자,194370.65,547073.59,0.0,5.5,5.5,충족,4.33,4.33,충족,-1.17,-1.17,유지 충족
여의도초등학교 운동장-15,여의도초등학교,운동장 지반,여의도초등학교 운동장,지반,0,15,배치도 경계(래스터 계측) + 분석지점도 격자,194377.63,547079.05,0.0,5.67,5.67,충족,4.33,4.33,충족,-1.34,-1.34,유지 충족
여의도초등학교 운동장-16,여의도초등학교,운동장 지반,여의도초등학교 운동장,지반,0,16,배치도 경계(래스터 계측) + 분석지점도 격자,194384.62,547084.51,0.0,5.83,5.83,충족,4.5,4.5,충족,-1.33,-1.33,유지 충족
여의도초등학교 운동장-17,여의도초등학교,운동장 지반,여의도초등학교 운동장,지반,0,17,배치도 경계(래스터 계측) + 분석지점도 격자,194341.32,547039.16,0.0,2.5,2.5,충족,3.17,3.17,충족,0.67,0.67,유지 충족
여의도초등학교 운동장-18,여의도초등학교,운동장 지반,여의도초등학교 운동장,지반,0,18,배치도 경계(래스터 계측) + 분석지점도 격자,194348.3,547044.62,0.0,3.33,3.33,충족,3.5,3.5,충족,0.17,0.17,유지 충족
여의도초등학교 운동장-19,여의도초등학교,운동장 지반,여의도초등학교 운동장,지반,0,19,배치도 경계(래스터 계측) + 분석지점도 격자,194355.29,547050.08,0.0,4.0,4.0,충족,3.67,3.67,충족,-0.33,-0.33,유지 충족
여의도초등학교 운동장-20,여의도초등학교,운동장 지반,여의도초등학교 운동장,지반,0,20,배치도 경계(래스터 계측) + 분석지점도 격자,194362.27,547055.53,0.0,4.5,4.5,충족,3.83,3.83,충족,-0.67,-0.67,유지 충족
여의도초등학교 운동장-21,여의도초등학교,운동장 지반,여의도초등학교 운동장,지반,0,21,배치도 경계(래스터 계측) + 분석지점도 격자,194369.25,547060.99,0.0,4.83,4.83,충족,4.0,4.0,충족,-0.83,-0.83,유지 충족
여의도초등학교 운동장-22,여의도초등학교,운동장 지반,여의도초등학교 운동장,지반,0,22,배치도 경계(래스터 계측) + 분석지점도 격자,194376.24,547066.44,0.0,5.0,5.0,충족,4.0,4.0,충족,-1.0,-1.0,유지 충족
여의도초등학교 운동장-23,여의도초등학교,운동장 지반,여의도초등학교 운동장,지반,0,23,배치도 경계(래스터 계측) + 분석지점도 격자,194383.22,547071.9,0.0,5.5,5.5,충족,4.33,4.33,충족,-1.17,-1.17,유지 충족
여의도초등학교 운동장-24,여의도초등학교,운동장 지반,여의도초등학교 운동장,지반,0,24,배치도 경계(래스터 계측) + 분석지점도 격자,194390.2,547077.36,0.0,5.67,5.67,충족,4.5,4.5,충족,-1.17,-1.17,유지 충족
여의도초등학교 운동장-25,여의도초등학교,운동장 지반,여의도초등학교 운동장,지반,0,25,배치도 경계(래스터 계측) + 분석지점도 격자,194346.9,547032.01,0.0,2.17,2.17,충족,3.17,3.17,충족,1.0,1.0,유지 충족
여의도초등학교 운동장-26,여의도초등학교,운동장 지반,여의도초등학교 운동장,지반,0,26,배치도 경계(래스터 계측) + 분석지점도 격자,194353.89,547037.47,0.0,3.0,3.0,충족,3.33,3.33,충족,0.33,0.33,유지 충족
여의도초등학교 운동장-27,여의도초등학교,운동장 지반,여의도초등학교 운동장,지반,0,27,배치도 경계(래스터 계측) + 분석지점도 격자,194360.87,547042.93,0.0,3.67,3.67,충족,3.67,3.67,충족,0.0,0.0,유지 충족
여의도초등학교 운동장-28,여의도초등학교,운동장 지반,여의도초등학교 운동장,지반,0,28,배치도 경계(래스터 계측) + 분석지점도 격자,194367.86,547048.38,0.0,4.17,4.17,충족,3.83,3.83,충족,-0.34,-0.34,유지 충족
여의도초등학교 운동장-29,여의도초등학교,운동장 지반,여의도초등학교 운동장,지반,0,29,배치도 경계(래스터 계측) + 분석지점도 격자,194374.84,547053.84,0.0,4.5,4.5,충족,4.0,4.0,충족,-0.5,-0.5,유지 충족
여의도초등학교 운동장-30,여의도초등학교,운동장 지반,여의도초등학교 운동장,지반,0,30,배치도 경계(래스터 계측) + 분석지점도 격자,194381.82,547059.29,0.0,4.83,4.83,충족,4.17,4.17,충족,-0.66,-0.66,유지 충족
여의도초등학교 운동장-31,여의도초등학교,운동장 지반,여의도초등학교 운동장,지반,0,31,배치도 경계(래스터 계측) + 분석지점도 격자,194388.81,547064.75,0.0,5.17,5.17,충족,4.33,4.33,충족,-0.84,-0.84,유지 충족
여의도초등학교 운동장-32,여의도초등학교,운동장 지반,여의도초등학교 운동장,지반,0,32,배치도 경계(래스터 계측) + 분석지점도 격자,194395.79,547070.21,0.0,5.17,5.17,충족,4.17,4.17,충족,-1.0,-1.0,유지 충족
여의도초등학교 운동장-33,여의도초등학교,운동장 지반,여의도초등학교 운동장,지반,0,33,배치도 경계(래스터 계측) + 분석지점도 격자,194352.49,547024.86,0.0,2.17,2.17,충족,3.5,3.5,충족,1.33,1.33,유지 충족
여의도초등학교 운동장-34,여의도초등학교,운동장 지반,여의도초등학교 운동장,지반,0,34,배치도 경계(래스터 계측) + 분석지점도 격자,194359.47,547030.32,0.0,2.33,2.33,충족,3.0,3.0,충족,0.67,0.67,유지 충족
여의도초등학교 운동장-35,여의도초등학교,운동장 지반,여의도초등학교 운동장,지반,0,35,배치도 경계(래스터 계측) + 분석지점도 격자,194366.46,547035.78,0.0,3.0,3.0,충족,3.33,3.33,충족,0.33,0.33,유지 충족
여의도초등학교 운동장-36,여의도초등학교,운동장 지반,여의도초등학교 운동장,지반,0,36,배치도 경계(래스터 계측) + 분석지점도 격자,194373.44,547041.23,0.0,3.5,3.5,충족,3.5,3.5,충족,0.0,0.0,유지 충족
여의도초등학교 운동장-37,여의도초등학교,운동장 지반,여의도초등학교 운동장,지반,0,37,배치도 경계(래스터 계측) + 분석지점도 격자,194380.43,547046.69,0.0,3.83,3.83,충족,3.67,3.67,충족,-0.16,-0.16,유지 충족
여의도초등학교 운동장-38,여의도초등학교,운동장 지반,여의도초등학교 운동장,지반,0,38,배치도 경계(래스터 계측) + 분석지점도 격자,194387.41,547052.14,0.0,4.17,4.17,충족,3.83,3.83,충족,-0.34,-0.34,유지 충족
여의도초등학교 운동장-39,여의도초등학교,운동장 지반,여의도초등학교 운동장,지반,0,39,배치도 경계(래스터 계측) + 분석지점도 격자,194394.39,547057.6,0.0,4.5,4.5,충족,3.83,3.83,충족,-0.67,-0.67,유지 충족
여의도초등학교 운동장-40,여의도초등학교,운동장 지반,여의도초등학교 운동장,지반,0,40,배치도 경계(래스터 계측) + 분석지점도 격자,194401.38,547063.06,0.0,4.67,4.67,충족,4.0,4.0,충족,-0.67,-0.67,유지 충족
여의도초등학교 운동장-41,여의도초등학교,운동장 지반,여의도초등학교 운동장,지반,0,41,배치도 경계(래스터 계측) + 분석지점도 격자,194358.08,547017.71,0.0,2.5,2.5,충족,3.83,3.83,충족,1.33,1.33,유지 충족
여의도초등학교 운동장-42,여의도초등학교,운동장 지반,여의도초등학교 운동장,지반,0,42,배치도 경계(래스터 계측) + 분석지점도 격자,194365.06,547023.17,0.0,1.83,1.83,불충족,3.0,3.0,충족,1.17,1.17,신규 충족
여의도초등학교 운동장-43,여의도초등학교,운동장 지반,여의도초등학교 운동장,지반,0,43,배치도 경계(래스터 계측) + 분석지점도 격자,194372.04,547028.63,0.0,2.0,2.0,충족,2.67,2.67,충족,0.67,0.67,유지 충족
여의도초등학교 운동장-44,여의도초등학교,운동장 지반,여의도초등학교 운동장,지반,0,44,배치도 경계(래스터 계측) + 분석지점도 격자,194379.03,547034.08,0.0,2.5,2.5,충족,2.83,2.83,충족,0.33,0.33,유지 충족
여의도초등학교 운동장-45,여의도초등학교,운동장 지반,여의도초등학교 운동장,지반,0,45,배치도 경계(래스터 계측) + 분석지점도 격자,194386.01,547039.54,0.0,2.83,2.83,충족,3.0,3.0,충족,0.17,0.17,유지 충족
여의도초등학교 운동장-46,여의도초등학교,운동장 지반,여의도초등학교 운동장,지반,0,46,배치도 경계(래스터 계측) + 분석지점도 격자,194393.0,547044.99,0.0,3.17,3.17,충족,3.0,3.0,충족,-0.17,-0.17,유지 충족
여의도초등학교 운동장-47,여의도초등학교,운동장 지반,여의도초등학교 운동장,지반,0,47,배치도 경계(래스터 계측) + 분석지점도 격자,194399.98,547050.45,0.0,3.5,3.5,충족,3.17,3.17,충족,-0.33,-0.33,유지 충족
여의도초등학교 운동장-48,여의도초등학교,운동장 지반,여의도초등학교 운동장,지반,0,48,배치도 경계(래스터 계측) + 분석지점도 격자,194406.96,547055.91,0.0,3.67,3.67,충족,3.33,3.33,충족,-0.34,-0.34,유지 충족
여의도초등학교 운동장-49,여의도초등학교,운동장 지반,여의도초등학교 운동장,지반,0,49,배치도 경계(래스터 계측) + 분석지점도 격자,194363.66,547010.56,0.0,3.0,3.0,충족,4.33,4.33,충족,1.33,1.33,유지 충족
여의도초등학교 운동장-50,여의도초등학교,운동장 지반,여의도초등학교 운동장,지반,0,50,배치도 경계(래스터 계측) + 분석지점도 격자,194370.65,547016.02,0.0,1.83,1.83,불충족,2.83,2.83,충족,1.0,1.0,신규 충족
여의도초등학교 운동장-51,여의도초등학교,운동장 지반,여의도초등학교 운동장,지반,0,51,배치도 경계(래스터 계측) + 분석지점도 격자,194377.63,547021.48,0.0,1.17,1.17,불충족,1.83,1.83,불충족,0.66,0.66,유지 불충족
여의도초등학교 운동장-52,여의도초등학교,운동장 지반,여의도초등학교 운동장,지반,0,52,배치도 경계(래스터 계측) + 분석지점도 격자,194384.61,547026.93,0.0,0.83,0.83,불충족,1.5,1.5,불충족,0.67,0.67,유지 불충족
여의도초등학교 운동장-53,여의도초등학교,운동장 지반,여의도초등학교 운동장,지반,0,53,배치도 경계(래스터 계측) + 분석지점도 격자,194391.6,547032.39,0.0,1.17,1.17,불충족,1.67,1.67,불충족,0.5,0.5,유지 불충족
여의도초등학교 운동장-54,여의도초등학교,운동장 지반,여의도초등학교 운동장,지반,0,54,배치도 경계(래스터 계측) + 분석지점도 격자,194398.58,547037.84,0.0,1.5,1.5,불충족,1.83,1.83,불충족,0.33,0.33,유지 불충족
여의도초등학교 운동장-55,여의도초등학교,운동장 지반,여의도초등학교 운동장,지반,0,55,배치도 경계(래스터 계측) + 분석지점도 격자,194405.57,547043.3,0.0,1.83,1.83,불충족,1.83,1.83,불충족,0.0,0.0,유지 불충족
여의도초등학교 운동장-56,여의도초등학교,운동장 지반,여의도초등학교 운동장,지반,0,56,배치도 경계(래스터 계측) + 분석지점도 격자,194412.55,547048.76,0.0,2.0,2.0,충족,2.0,2.0,충족,0.0,0.0,유지 충족
여의도초등학교 운동장-57,여의도초등학교,운동장 지반,여의도초등학교 운동장,지반,0,57,배치도 경계(래스터 계측) + 분석지점도 격자,194369.25,547003.41,0.0,3.83,3.83,충족,4.83,4.83,충족,1.0,1.0,유지 충족
여의도초등학교 운동장-58,여의도초등학교,운동장 지반,여의도초등학교 운동장,지반,0,58,배치도 경계(래스터 계측) + 분석지점도 격자,194376.23,547008.87,0.0,1.33,1.33,불충족,2.17,2.17,충족,0.84,0.84,신규 충족
여의도초등학교 운동장-59,여의도초등학교,운동장 지반,여의도초등학교 운동장,지반,0,59,배치도 경계(래스터 계측) + 분석지점도 격자,194383.22,547014.33,0.0,0.67,0.67,불충족,1.17,1.17,불충족,0.5,0.5,유지 불충족
여의도초등학교 운동장-60,여의도초등학교,운동장 지반,여의도초등학교 운동장,지반,0,60,배치도 경계(래스터 계측) + 분석지점도 격자,194390.2,547019.78,0.0,0.17,0.17,불충족,0.67,0.67,불충족,0.5,0.5,유지 불충족
여의도초등학교 운동장-61,여의도초등학교,운동장 지반,여의도초등학교 운동장,지반,0,61,배치도 경계(래스터 계측) + 분석지점도 격자,194397.18,547025.24,0.0,0.0,0.0,불충족,0.17,0.17,불충족,0.17,0.17,유지 불충족
여의도초등학교 운동장-62,여의도초등학교,운동장 지반,여의도초등학교 운동장,지반,0,62,배치도 경계(래스터 계측) + 분석지점도 격자,194404.17,547030.69,0.0,0.0,0.0,불충족,0.17,0.17,불충족,0.17,0.17,유지 불충족
여의도초등학교 운동장-63,여의도초등학교,운동장 지반,여의도초등학교 운동장,지반,0,63,배치도 경계(래스터 계측) + 분석지점도 격자,194411.15,547036.15,0.0,0.0,0.0,불충족,0.0,0.0,불충족,0.0,0.0,유지 불충족
여의도초등학교 운동장-64,여의도초등학교,운동장 지반,여의도초등학교 운동장,지반,0,64,배치도 경계(래스터 계측) + 분석지점도 격자,194418.14,547041.61,0.0,0.0,0.0,불충족,0.17,0.17,불충족,0.17,0.17,유지 불충족
