수광점ID,학교,지번,종류,교사동/운동장,수광면,층,번호,수광점정의,X,Y,Z,창면방위,총일조h,연속h_08_16,연속h_09_15,기준A,기준B
여의도고등학교 ①(4층) 1층-1,여의도고등학교,30-1,교사동 창면,여의도고등학교 ①(4층),남향외벽,1,1,일반식,194115.41,547347.94,1.2,142.5,5.67,5.67,5.67,충족,충족
여의도고등학교 ①(4층) 2층-1,여의도고등학교,30-1,교사동 창면,여의도고등학교 ①(4층),남향외벽,2,1,일반식,194115.41,547347.94,4.7,142.5,6.0,6.0,6.0,충족,충족
여의도고등학교 ①(4층) 3층-1,여의도고등학교,30-1,교사동 창면,여의도고등학교 ①(4층),남향외벽,3,1,일반식,194115.41,547347.94,8.2,142.5,6.33,6.33,6.17,충족,충족
여의도고등학교 ①(4층) 4층-1,여의도고등학교,30-1,교사동 창면,여의도고등학교 ①(4층),남향외벽,4,1,일반식,194115.41,547347.94,11.7,142.5,6.83,6.83,6.17,충족,충족
여의도고등학교 ①(4층) 1층-2,여의도고등학교,30-1,교사동 창면,여의도고등학교 ①(4층),남향외벽,1,2,일반식,194111.43,547344.89,1.2,142.5,5.67,5.67,5.67,충족,충족
여의도고등학교 ①(4층) 2층-2,여의도고등학교,30-1,교사동 창면,여의도고등학교 ①(4층),남향외벽,2,2,일반식,194111.43,547344.89,4.7,142.5,6.0,6.0,5.83,충족,충족
여의도고등학교 ①(4층) 3층-2,여의도고등학교,30-1,교사동 창면,여의도고등학교 ①(4층),남향외벽,3,2,일반식,194111.43,547344.89,8.2,142.5,6.33,6.33,6.0,충족,충족
여의도고등학교 ①(4층) 4층-2,여의도고등학교,30-1,교사동 창면,여의도고등학교 ①(4층),남향외벽,4,2,일반식,194111.43,547344.89,11.7,142.5,7.0,7.0,6.17,충족,충족
여의도고등학교 ①(4층) 1층-3,여의도고등학교,30-1,교사동 창면,여의도고등학교 ①(4층),남향외벽,1,3,일반식,194107.45,547341.84,1.2,142.5,5.83,5.83,5.67,충족,충족
여의도고등학교 ①(4층) 2층-3,여의도고등학교,30-1,교사동 창면,여의도고등학교 ①(4층),남향외벽,2,3,일반식,194107.45,547341.84,4.7,142.5,6.0,6.0,5.67,충족,충족
여의도고등학교 ①(4층) 3층-3,여의도고등학교,30-1,교사동 창면,여의도고등학교 ①(4층),남향외벽,3,3,일반식,194107.45,547341.84,8.2,142.5,6.33,6.33,5.83,충족,충족
여의도고등학교 ①(4층) 4층-3,여의도고등학교,30-1,교사동 창면,여의도고등학교 ①(4층),남향외벽,4,3,일반식,194107.45,547341.84,11.7,142.5,6.83,6.83,6.17,충족,충족
여의도고등학교 ①(4층) 1층-4,여의도고등학교,30-1,교사동 창면,여의도고등학교 ①(4층),남향외벽,1,4,일반식,194103.47,547338.78,1.2,142.5,5.83,5.83,5.5,충족,충족
여의도고등학교 ①(4층) 2층-4,여의도고등학교,30-1,교사동 창면,여의도고등학교 ①(4층),남향외벽,2,4,일반식,194103.47,547338.78,4.7,142.5,5.83,5.83,5.5,충족,충족
여의도고등학교 ①(4층) 3층-4,여의도고등학교,30-1,교사동 창면,여의도고등학교 ①(4층),남향외벽,3,4,일반식,194103.47,547338.78,8.2,142.5,6.33,6.33,5.83,충족,충족
여의도고등학교 ①(4층) 4층-4,여의도고등학교,30-1,교사동 창면,여의도고등학교 ①(4층),남향외벽,4,4,일반식,194103.47,547338.78,11.7,142.5,6.83,6.83,6.0,충족,충족
여의도고등학교 ①(4층) 1층-5,여의도고등학교,30-1,교사동 창면,여의도고등학교 ①(4층),남향외벽,1,5,일반식,194099.49,547335.73,1.2,142.5,5.83,5.83,5.5,충족,충족
여의도고등학교 ①(4층) 2층-5,여의도고등학교,30-1,교사동 창면,여의도고등학교 ①(4층),남향외벽,2,5,일반식,194099.49,547335.73,4.7,142.5,6.0,6.0,5.5,충족,충족
여의도고등학교 ①(4층) 3층-5,여의도고등학교,30-1,교사동 창면,여의도고등학교 ①(4층),남향외벽,3,5,일반식,194099.49,547335.73,8.2,142.5,6.33,6.33,5.67,충족,충족
여의도고등학교 ①(4층) 4층-5,여의도고등학교,30-1,교사동 창면,여의도고등학교 ①(4층),남향외벽,4,5,일반식,194099.49,547335.73,11.7,142.5,6.67,6.67,5.83,충족,충족
여의도고등학교 ①(4층) 1층-6,여의도고등학교,30-1,교사동 창면,여의도고등학교 ①(4층),남향외벽,1,6,일반식,194095.52,547332.68,1.2,142.5,5.83,5.83,5.33,충족,충족
여의도고등학교 ①(4층) 2층-6,여의도고등학교,30-1,교사동 창면,여의도고등학교 ①(4층),남향외벽,2,6,일반식,194095.52,547332.68,4.7,142.5,5.83,5.83,5.33,충족,충족
여의도고등학교 ①(4층) 3층-6,여의도고등학교,30-1,교사동 창면,여의도고등학교 ①(4층),남향외벽,3,6,일반식,194095.52,547332.68,8.2,142.5,6.17,6.17,5.5,충족,충족
여의도고등학교 ①(4층) 4층-6,여의도고등학교,30-1,교사동 창면,여의도고등학교 ①(4층),남향외벽,4,6,일반식,194095.52,547332.68,11.7,142.5,6.5,6.5,5.67,충족,충족
여의도고등학교 ①(4층) 1층-7,여의도고등학교,30-1,교사동 창면,여의도고등학교 ①(4층),남향외벽,1,7,일반식,194091.54,547329.63,1.2,142.5,5.83,5.83,5.33,충족,충족
여의도고등학교 ①(4층) 2층-7,여의도고등학교,30-1,교사동 창면,여의도고등학교 ①(4층),남향외벽,2,7,일반식,194091.54,547329.63,4.7,142.5,6.0,6.0,5.33,충족,충족
여의도고등학교 ①(4층) 3층-7,여의도고등학교,30-1,교사동 창면,여의도고등학교 ①(4층),남향외벽,3,7,일반식,194091.54,547329.63,8.2,142.5,6.0,6.0,5.33,충족,충족
여의도고등학교 ①(4층) 4층-7,여의도고등학교,30-1,교사동 창면,여의도고등학교 ①(4층),남향외벽,4,7,일반식,194091.54,547329.63,11.7,142.5,6.33,6.33,5.5,충족,충족
여의도고등학교 ①(4층) 1층-8,여의도고등학교,30-1,교사동 창면,여의도고등학교 ①(4층),남향외벽,1,8,일반식,194087.56,547326.57,1.2,142.5,5.67,5.67,5.17,충족,충족
여의도고등학교 ①(4층) 2층-8,여의도고등학교,30-1,교사동 창면,여의도고등학교 ①(4층),남향외벽,2,8,일반식,194087.56,547326.57,4.7,142.5,5.83,5.83,5.17,충족,충족
여의도고등학교 ①(4층) 3층-8,여의도고등학교,30-1,교사동 창면,여의도고등학교 ①(4층),남향외벽,3,8,일반식,194087.56,547326.57,8.2,142.5,6.0,6.0,5.17,충족,충족
여의도고등학교 ①(4층) 4층-8,여의도고등학교,30-1,교사동 창면,여의도고등학교 ①(4층),남향외벽,4,8,일반식,194087.56,547326.57,11.7,142.5,6.17,6.17,5.33,충족,충족
여의도고등학교 ①(4층) 1층-9,여의도고등학교,30-1,교사동 창면,여의도고등학교 ①(4층),남향외벽,1,9,일반식,194083.78,547329.41,1.2,232.4,3.67,3.67,3.67,충족,충족
여의도고등학교 ①(4층) 2층-9,여의도고등학교,30-1,교사동 창면,여의도고등학교 ①(4층),남향외벽,2,9,일반식,194083.78,547329.41,4.7,232.4,3.67,3.67,3.67,충족,충족
여의도고등학교 ①(4층) 3층-9,여의도고등학교,30-1,교사동 창면,여의도고등학교 ①(4층),남향외벽,3,9,일반식,194083.78,547329.41,8.2,232.4,3.83,3.83,3.83,충족,충족
여의도고등학교 ①(4층) 4층-9,여의도고등학교,30-1,교사동 창면,여의도고등학교 ①(4층),남향외벽,4,9,일반식,194083.78,547329.41,11.7,232.4,4.0,4.0,4.0,충족,충족
여의도고등학교 ①(4층) 1층-10,여의도고등학교,30-1,교사동 창면,여의도고등학교 ①(4층),남향외벽,1,10,일반식,194080.73,547333.39,1.2,232.4,3.67,3.5,3.5,충족,충족
여의도고등학교 ①(4층) 2층-10,여의도고등학교,30-1,교사동 창면,여의도고등학교 ①(4층),남향외벽,2,10,일반식,194080.73,547333.39,4.7,232.4,3.83,3.5,3.5,충족,충족
여의도고등학교 ①(4층) 3층-10,여의도고등학교,30-1,교사동 창면,여의도고등학교 ①(4층),남향외벽,3,10,일반식,194080.73,547333.39,8.2,232.4,4.17,3.83,3.83,충족,충족
여의도고등학교 ①(4층) 4층-10,여의도고등학교,30-1,교사동 창면,여의도고등학교 ①(4층),남향외벽,4,10,일반식,194080.73,547333.39,11.7,232.4,4.5,4.0,4.0,충족,충족
여의도고등학교 ②(4층) 1층-1,여의도고등학교,30-1,교사동 창면,여의도고등학교 ②(4층),남향외벽,1,1,일반식,194150.19,547344.58,1.2,137.0,1.33,1.33,0.33,불충족,불충족
여의도고등학교 ②(4층) 2층-1,여의도고등학교,30-1,교사동 창면,여의도고등학교 ②(4층),남향외벽,2,1,일반식,194150.19,547344.58,4.7,137.0,1.83,1.33,0.5,불충족,불충족
여의도고등학교 ②(4층) 3층-1,여의도고등학교,30-1,교사동 창면,여의도고등학교 ②(4층),남향외벽,3,1,일반식,194150.19,547344.58,8.2,137.0,2.83,2.83,1.83,충족,불충족
여의도고등학교 ②(4층) 4층-1,여의도고등학교,30-1,교사동 창면,여의도고등학교 ②(4층),남향외벽,4,1,일반식,194150.19,547344.58,11.7,137.0,3.67,3.67,2.67,충족,충족
여의도고등학교 ②(4층) 1층-2,여의도고등학교,30-1,교사동 창면,여의도고등학교 ②(4층),남향외벽,1,2,일반식,194184.8,547304.01,1.2,142.1,1.33,0.67,0.67,불충족,불충족
여의도고등학교 ②(4층) 2층-2,여의도고등학교,30-1,교사동 창면,여의도고등학교 ②(4층),남향외벽,2,2,일반식,194184.8,547304.01,4.7,142.1,1.83,1.0,1.0,불충족,불충족
여의도고등학교 ②(4층) 3층-2,여의도고등학교,30-1,교사동 창면,여의도고등학교 ②(4층),남향외벽,3,2,일반식,194184.8,547304.01,8.2,142.1,3.5,3.5,2.5,충족,충족
여의도고등학교 ②(4층) 4층-2,여의도고등학교,30-1,교사동 창면,여의도고등학교 ②(4층),남향외벽,4,2,일반식,194184.8,547304.01,11.7,142.1,5.0,5.0,4.0,충족,충족
여의도고등학교 ②(4층) 1층-3,여의도고등학교,30-1,교사동 창면,여의도고등학교 ②(4층),남향외벽,1,3,일반식,194180.83,547300.92,1.2,140.0,0.0,0.0,0.0,불충족,불충족
여의도고등학교 ②(4층) 2층-3,여의도고등학교,30-1,교사동 창면,여의도고등학교 ②(4층),남향외벽,2,3,일반식,194180.83,547300.92,4.7,140.0,0.33,0.17,0.17,불충족,불충족
여의도고등학교 ②(4층) 3층-3,여의도고등학교,30-1,교사동 창면,여의도고등학교 ②(4층),남향외벽,3,3,일반식,194180.83,547300.92,8.2,140.0,1.17,0.67,0.33,불충족,불충족
여의도고등학교 ②(4층) 4층-3,여의도고등학교,30-1,교사동 창면,여의도고등학교 ②(4층),남향외벽,4,3,일반식,194180.83,547300.92,11.7,140.0,2.0,1.83,1.17,불충족,불충족
여의도고등학교 ②(4층) 1층-4,여의도고등학교,30-1,교사동 창면,여의도고등학교 ②(4층),남향외벽,1,4,일반식,194243.15,547251.85,1.2,141.9,5.33,4.17,4.17,충족,충족
여의도고등학교 ②(4층) 2층-4,여의도고등학교,30-1,교사동 창면,여의도고등학교 ②(4층),남향외벽,2,4,일반식,194243.15,547251.85,4.7,141.9,5.83,4.5,4.5,충족,충족
여의도고등학교 ②(4층) 3층-4,여의도고등학교,30-1,교사동 창면,여의도고등학교 ②(4층),남향외벽,3,4,일반식,194243.15,547251.85,8.2,141.9,6.0,4.67,4.67,충족,충족
여의도고등학교 ②(4층) 4층-4,여의도고등학교,30-1,교사동 창면,여의도고등학교 ②(4층),남향외벽,4,4,일반식,194243.15,547251.85,11.7,141.9,6.5,5.17,5.0,충족,충족
여의도고등학교 ②(4층) 1층-5,여의도고등학교,30-1,교사동 창면,여의도고등학교 ②(4층),남향외벽,1,5,일반식,194239.18,547248.73,1.2,141.9,5.67,4.5,4.5,충족,충족
여의도고등학교 ②(4층) 2층-5,여의도고등학교,30-1,교사동 창면,여의도고등학교 ②(4층),남향외벽,2,5,일반식,194239.18,547248.73,4.7,141.9,6.0,4.67,4.67,충족,충족
여의도고등학교 ②(4층) 3층-5,여의도고등학교,30-1,교사동 창면,여의도고등학교 ②(4층),남향외벽,3,5,일반식,194239.18,547248.73,8.2,141.9,6.33,5.0,5.0,충족,충족
여의도고등학교 ②(4층) 4층-5,여의도고등학교,30-1,교사동 창면,여의도고등학교 ②(4층),남향외벽,4,5,일반식,194239.18,547248.73,11.7,141.9,6.5,5.17,5.0,충족,충족
여의도고등학교 ②(4층) 1층-6,여의도고등학교,30-1,교사동 창면,여의도고등학교 ②(4층),남향외벽,1,6,일반식,194235.21,547245.61,1.2,141.9,5.83,4.83,4.83,충족,충족
여의도고등학교 ②(4층) 2층-6,여의도고등학교,30-1,교사동 창면,여의도고등학교 ②(4층),남향외벽,2,6,일반식,194235.21,547245.61,4.7,141.9,6.0,4.83,4.83,충족,충족
여의도고등학교 ②(4층) 3층-6,여의도고등학교,30-1,교사동 창면,여의도고등학교 ②(4층),남향외벽,3,6,일반식,194235.21,547245.61,8.2,141.9,6.33,5.0,4.83,충족,충족
여의도고등학교 ②(4층) 4층-6,여의도고등학교,30-1,교사동 창면,여의도고등학교 ②(4층),남향외벽,4,6,일반식,194235.21,547245.61,11.7,141.9,6.67,5.33,4.83,충족,충족
여의도고등학교 ②(4층) 1층-7,여의도고등학교,30-1,교사동 창면,여의도고등학교 ②(4층),남향외벽,1,7,일반식,194231.24,547242.5,1.2,141.9,5.83,4.83,4.67,충족,충족
여의도고등학교 ②(4층) 2층-7,여의도고등학교,30-1,교사동 창면,여의도고등학교 ②(4층),남향외벽,2,7,일반식,194231.24,547242.5,4.7,141.9,6.17,5.0,4.83,충족,충족
여의도고등학교 ②(4층) 3층-7,여의도고등학교,30-1,교사동 창면,여의도고등학교 ②(4층),남향외벽,3,7,일반식,194231.24,547242.5,8.2,141.9,6.67,5.17,4.83,충족,충족
여의도고등학교 ②(4층) 4층-7,여의도고등학교,30-1,교사동 창면,여의도고등학교 ②(4층),남향외벽,4,7,일반식,194231.24,547242.5,11.7,141.9,6.83,5.33,4.83,충족,충족
여의도고등학교 ②(4층) 1층-8,여의도고등학교,30-1,교사동 창면,여의도고등학교 ②(4층),남향외벽,1,8,일반식,194227.27,547239.38,1.2,141.9,5.67,4.83,4.67,충족,충족
여의도고등학교 ②(4층) 2층-8,여의도고등학교,30-1,교사동 창면,여의도고등학교 ②(4층),남향외벽,2,8,일반식,194227.27,547239.38,4.7,141.9,6.0,5.0,4.67,충족,충족
여의도고등학교 ②(4층) 3층-8,여의도고등학교,30-1,교사동 창면,여의도고등학교 ②(4층),남향외벽,3,8,일반식,194227.27,547239.38,8.2,141.9,6.83,5.33,4.83,충족,충족
여의도고등학교 ②(4층) 4층-8,여의도고등학교,30-1,교사동 창면,여의도고등학교 ②(4층),남향외벽,4,8,일반식,194227.27,547239.38,11.7,141.9,7.0,5.5,4.83,충족,충족
여의도고등학교 ②(4층) 1층-9,여의도고등학교,30-1,교사동 창면,여의도고등학교 ②(4층),남향외벽,1,9,일반식,194223.3,547236.27,1.2,141.9,5.67,5.0,4.67,충족,충족
여의도고등학교 ②(4층) 2층-9,여의도고등학교,30-1,교사동 창면,여의도고등학교 ②(4층),남향외벽,2,9,일반식,194223.3,547236.27,4.7,141.9,6.17,5.17,4.67,충족,충족
여의도고등학교 ②(4층) 3층-9,여의도고등학교,30-1,교사동 창면,여의도고등학교 ②(4층),남향외벽,3,9,일반식,194223.3,547236.27,8.2,141.9,6.67,5.17,4.67,충족,충족
여의도고등학교 ②(4층) 4층-9,여의도고등학교,30-1,교사동 창면,여의도고등학교 ②(4층),남향외벽,4,9,일반식,194223.3,547236.27,11.7,141.9,7.0,5.5,4.83,충족,충족
여의도고등학교 ②(4층) 1층-10,여의도고등학교,30-1,교사동 창면,여의도고등학교 ②(4층),남향외벽,1,10,일반식,194219.34,547233.15,1.2,141.9,5.5,4.83,4.5,충족,충족
여의도고등학교 ②(4층) 2층-10,여의도고등학교,30-1,교사동 창면,여의도고등학교 ②(4층),남향외벽,2,10,일반식,194219.34,547233.15,4.7,141.9,5.67,5.0,4.5,충족,충족
여의도고등학교 ②(4층) 3층-10,여의도고등학교,30-1,교사동 창면,여의도고등학교 ②(4층),남향외벽,3,10,일반식,194219.34,547233.15,8.2,141.9,6.5,5.33,4.67,충족,충족
여의도고등학교 ②(4층) 4층-10,여의도고등학교,30-1,교사동 창면,여의도고등학교 ②(4층),남향외벽,4,10,일반식,194219.34,547233.15,11.7,141.9,6.83,5.5,4.67,충족,충족
여의도고등학교 ②(4층) 1층-11,여의도고등학교,30-1,교사동 창면,여의도고등학교 ②(4층),남향외벽,1,11,일반식,194215.37,547230.04,1.2,141.9,5.83,5.0,4.5,충족,충족
여의도고등학교 ②(4층) 2층-11,여의도고등학교,30-1,교사동 창면,여의도고등학교 ②(4층),남향외벽,2,11,일반식,194215.37,547230.04,4.7,141.9,5.83,5.0,4.5,충족,충족
여의도고등학교 ②(4층) 3층-11,여의도고등학교,30-1,교사동 창면,여의도고등학교 ②(4층),남향외벽,3,11,일반식,194215.37,547230.04,8.2,141.9,6.33,5.17,4.5,충족,충족
여의도고등학교 ②(4층) 4층-11,여의도고등학교,30-1,교사동 창면,여의도고등학교 ②(4층),남향외벽,4,11,일반식,194215.37,547230.04,11.7,141.9,7.0,5.5,4.67,충족,충족
여의도고등학교 ②(4층) 1층-12,여의도고등학교,30-1,교사동 창면,여의도고등학교 ②(4층),남향외벽,1,12,일반식,194211.4,547226.92,1.2,141.9,5.83,5.0,4.5,충족,충족
여의도고등학교 ②(4층) 2층-12,여의도고등학교,30-1,교사동 창면,여의도고등학교 ②(4층),남향외벽,2,12,일반식,194211.4,547226.92,4.7,141.9,6.0,5.17,4.5,충족,충족
여의도고등학교 ②(4층) 3층-12,여의도고등학교,30-1,교사동 창면,여의도고등학교 ②(4층),남향외벽,3,12,일반식,194211.4,547226.92,8.2,141.9,6.0,5.17,4.5,충족,충족
여의도고등학교 ②(4층) 4층-12,여의도고등학교,30-1,교사동 창면,여의도고등학교 ②(4층),남향외벽,4,12,일반식,194211.4,547226.92,11.7,141.9,6.83,5.33,4.5,충족,충족
여의도고등학교 ②(4층) 1층-13,여의도고등학교,30-1,교사동 창면,여의도고등학교 ②(4층),남향외벽,1,13,일반식,194207.06,547225.5,1.2,231.9,4.0,3.0,3.0,충족,충족
여의도고등학교 ②(4층) 2층-13,여의도고등학교,30-1,교사동 창면,여의도고등학교 ②(4층),남향외벽,2,13,일반식,194207.06,547225.5,4.7,231.9,4.5,3.33,3.33,충족,충족
여의도고등학교 ②(4층) 3층-13,여의도고등학교,30-1,교사동 창면,여의도고등학교 ②(4층),남향외벽,3,13,일반식,194207.06,547225.5,8.2,231.9,4.5,3.33,3.33,충족,충족
여의도고등학교 ②(4층) 4층-13,여의도고등학교,30-1,교사동 창면,여의도고등학교 ②(4층),남향외벽,4,13,일반식,194207.06,547225.5,11.7,231.9,5.0,3.33,3.33,충족,충족
여의도고등학교 ②(4층) 1층-14,여의도고등학교,30-1,교사동 창면,여의도고등학교 ②(4층),남향외벽,1,14,일반식,194203.95,547229.47,1.2,231.9,4.33,3.0,3.0,충족,충족
여의도고등학교 ②(4층) 2층-14,여의도고등학교,30-1,교사동 창면,여의도고등학교 ②(4층),남향외벽,2,14,일반식,194203.95,547229.47,4.7,231.9,4.5,3.17,3.17,충족,충족
여의도고등학교 ②(4층) 3층-14,여의도고등학교,30-1,교사동 창면,여의도고등학교 ②(4층),남향외벽,3,14,일반식,194203.95,547229.47,8.2,231.9,4.83,3.17,3.17,충족,충족
여의도고등학교 ②(4층) 4층-14,여의도고등학교,30-1,교사동 창면,여의도고등학교 ②(4층),남향외벽,4,14,일반식,194203.95,547229.47,11.7,231.9,5.0,3.33,3.33,충족,충족
여의도고등학교 ②(4층) 1층-15,여의도고등학교,30-1,교사동 창면,여의도고등학교 ②(4층),남향외벽,1,15,일반식,194200.83,547233.44,1.2,231.9,4.17,3.0,3.0,충족,충족
여의도고등학교 ②(4층) 2층-15,여의도고등학교,30-1,교사동 창면,여의도고등학교 ②(4층),남향외벽,2,15,일반식,194200.83,547233.44,4.7,231.9,4.5,3.17,3.17,충족,충족
여의도고등학교 ②(4층) 3층-15,여의도고등학교,30-1,교사동 창면,여의도고등학교 ②(4층),남향외벽,3,15,일반식,194200.83,547233.44,8.2,231.9,4.67,3.17,3.17,충족,충족
여의도고등학교 ②(4층) 4층-15,여의도고등학교,30-1,교사동 창면,여의도고등학교 ②(4층),남향외벽,4,15,일반식,194200.83,547233.44,11.7,231.9,5.17,3.33,3.33,충족,충족
여의도고등학교 ②(4층) 1층-16,여의도고등학교,30-1,교사동 창면,여의도고등학교 ②(4층),남향외벽,1,16,일반식,194197.72,547237.41,1.2,231.9,3.5,3.0,3.0,충족,충족
여의도고등학교 ②(4층) 2층-16,여의도고등학교,30-1,교사동 창면,여의도고등학교 ②(4층),남향외벽,2,16,일반식,194197.72,547237.41,4.7,231.9,3.83,3.17,3.17,충족,충족
여의도고등학교 ②(4층) 3층-16,여의도고등학교,30-1,교사동 창면,여의도고등학교 ②(4층),남향외벽,3,16,일반식,194197.72,547237.41,8.2,231.9,4.5,3.17,3.17,충족,충족
여의도고등학교 ②(4층) 4층-16,여의도고등학교,30-1,교사동 창면,여의도고등학교 ②(4층),남향외벽,4,16,일반식,194197.72,547237.41,11.7,231.9,4.83,3.17,3.17,충족,충족
여의도고등학교 ②(4층) 1층-17,여의도고등학교,30-1,교사동 창면,여의도고등학교 ②(4층),남향외벽,1,17,일반식,194194.61,547241.38,1.2,231.9,3.17,3.17,3.17,충족,충족
여의도고등학교 ②(4층) 2층-17,여의도고등학교,30-1,교사동 창면,여의도고등학교 ②(4층),남향외벽,2,17,일반식,194194.61,547241.38,4.7,231.9,4.0,3.17,3.17,충족,충족
여의도고등학교 ②(4층) 3층-17,여의도고등학교,30-1,교사동 창면,여의도고등학교 ②(4층),남향외벽,3,17,일반식,194194.61,547241.38,8.2,231.9,4.83,3.17,3.17,충족,충족
여의도고등학교 ②(4층) 4층-17,여의도고등학교,30-1,교사동 창면,여의도고등학교 ②(4층),남향외벽,4,17,일반식,194194.61,547241.38,11.7,231.9,5.17,3.17,3.17,충족,충족
여의도고등학교 ②(4층) 1층-18,여의도고등학교,30-1,교사동 창면,여의도고등학교 ②(4층),남향외벽,1,18,일반식,194203.84,547251.18,1.2,232.0,0.0,0.0,0.0,불충족,불충족
여의도고등학교 ②(4층) 2층-18,여의도고등학교,30-1,교사동 창면,여의도고등학교 ②(4층),남향외벽,2,18,일반식,194203.84,547251.18,4.7,232.0,0.0,0.0,0.0,불충족,불충족
여의도고등학교 ②(4층) 3층-18,여의도고등학교,30-1,교사동 창면,여의도고등학교 ②(4층),남향외벽,3,18,일반식,194203.84,547251.18,8.2,232.0,0.33,0.33,0.0,불충족,불충족
여의도고등학교 ②(4층) 4층-18,여의도고등학교,30-1,교사동 창면,여의도고등학교 ②(4층),남향외벽,4,18,일반식,194203.84,547251.18,11.7,232.0,0.33,0.33,0.0,불충족,불충족
여의도고등학교 ②(4층) 1층-19,여의도고등학교,30-1,교사동 창면,여의도고등학교 ②(4층),남향외벽,1,19,일반식,194200.73,547255.16,1.2,232.0,0.17,0.17,0.17,불충족,불충족
여의도고등학교 ②(4층) 2층-19,여의도고등학교,30-1,교사동 창면,여의도고등학교 ②(4층),남향외벽,2,19,일반식,194200.73,547255.16,4.7,232.0,1.0,0.83,0.17,불충족,불충족
여의도고등학교 ②(4층) 3층-19,여의도고등학교,30-1,교사동 창면,여의도고등학교 ②(4층),남향외벽,3,19,일반식,194200.73,547255.16,8.2,232.0,1.33,1.17,0.17,불충족,불충족
여의도고등학교 ②(4층) 4층-19,여의도고등학교,30-1,교사동 창면,여의도고등학교 ②(4층),남향외벽,4,19,일반식,194200.73,547255.16,11.7,232.0,2.67,1.17,0.83,불충족,불충족
여의도고등학교 ②(4층) 1층-20,여의도고등학교,30-1,교사동 창면,여의도고등학교 ②(4층),남향외벽,1,20,일반식,194197.62,547259.13,1.2,232.0,1.33,0.67,0.67,불충족,불충족
여의도고등학교 ②(4층) 2층-20,여의도고등학교,30-1,교사동 창면,여의도고등학교 ②(4층),남향외벽,2,20,일반식,194197.62,547259.13,4.7,232.0,2.0,1.17,0.83,불충족,불충족
여의도고등학교 ②(4층) 3층-20,여의도고등학교,30-1,교사동 창면,여의도고등학교 ②(4층),남향외벽,3,20,일반식,194197.62,547259.13,8.2,232.0,3.0,1.17,1.0,불충족,불충족
여의도고등학교 ②(4층) 4층-20,여의도고등학교,30-1,교사동 창면,여의도고등학교 ②(4층),남향외벽,4,20,일반식,194197.62,547259.13,11.7,232.0,5.33,4.17,4.17,충족,충족
여의도고등학교 ②(4층) 1층-21,여의도고등학교,30-1,교사동 창면,여의도고등학교 ②(4층),남향외벽,1,21,일반식,194194.51,547263.1,1.2,232.0,2.5,1.17,0.67,불충족,불충족
여의도고등학교 ②(4층) 2층-21,여의도고등학교,30-1,교사동 창면,여의도고등학교 ②(4층),남향외벽,2,21,일반식,194194.51,547263.1,4.7,232.0,3.0,1.17,1.0,불충족,불충족
여의도고등학교 ②(4층) 3층-21,여의도고등학교,30-1,교사동 창면,여의도고등학교 ②(4층),남향외벽,3,21,일반식,194194.51,547263.1,8.2,232.0,4.67,3.5,3.5,충족,충족
여의도고등학교 ②(4층) 4층-21,여의도고등학교,30-1,교사동 창면,여의도고등학교 ②(4층),남향외벽,4,21,일반식,194194.51,547263.1,11.7,232.0,5.67,4.33,4.33,충족,충족
여의도고등학교 ②(4층) 1층-22,여의도고등학교,30-1,교사동 창면,여의도고등학교 ②(4층),남향외벽,1,22,일반식,194191.4,547267.08,1.2,232.0,3.0,1.17,1.17,불충족,불충족
여의도고등학교 ②(4층) 2층-22,여의도고등학교,30-1,교사동 창면,여의도고등학교 ②(4층),남향외벽,2,22,일반식,194191.4,547267.08,4.7,232.0,3.83,2.0,2.0,충족,충족
여의도고등학교 ②(4층) 3층-22,여의도고등학교,30-1,교사동 창면,여의도고등학교 ②(4층),남향외벽,3,22,일반식,194191.4,547267.08,8.2,232.0,5.33,4.17,4.17,충족,충족
여의도고등학교 ②(4층) 4층-22,여의도고등학교,30-1,교사동 창면,여의도고등학교 ②(4층),남향외벽,4,22,일반식,194191.4,547267.08,11.7,232.0,5.5,4.17,4.17,충족,충족
여의도고등학교 ②(4층) 1층-23,여의도고등학교,30-1,교사동 창면,여의도고등학교 ②(4층),남향외벽,1,23,일반식,194188.29,547271.05,1.2,232.0,3.83,2.83,2.83,충족,충족
여의도고등학교 ②(4층) 2층-23,여의도고등학교,30-1,교사동 창면,여의도고등학교 ②(4층),남향외벽,2,23,일반식,194188.29,547271.05,4.7,232.0,4.83,3.67,3.67,충족,충족
여의도고등학교 ②(4층) 3층-23,여의도고등학교,30-1,교사동 창면,여의도고등학교 ②(4층),남향외벽,3,23,일반식,194188.29,547271.05,8.2,232.0,5.5,4.17,4.17,충족,충족
여의도고등학교 ②(4층) 4층-23,여의도고등학교,30-1,교사동 창면,여의도고등학교 ②(4층),남향외벽,4,23,일반식,194188.29,547271.05,11.7,232.0,5.5,4.17,4.17,충족,충족
여의도고등학교 ②(4층) 1층-24,여의도고등학교,30-1,교사동 창면,여의도고등학교 ②(4층),남향외벽,1,24,일반식,194185.18,547275.03,1.2,232.0,4.33,3.33,3.33,충족,충족
여의도고등학교 ②(4층) 2층-24,여의도고등학교,30-1,교사동 창면,여의도고등학교 ②(4층),남향외벽,2,24,일반식,194185.18,547275.03,4.7,232.0,5.33,4.17,4.17,충족,충족
여의도고등학교 ②(4층) 3층-24,여의도고등학교,30-1,교사동 창면,여의도고등학교 ②(4층),남향외벽,3,24,일반식,194185.18,547275.03,8.2,232.0,5.33,4.17,4.17,충족,충족
여의도고등학교 ②(4층) 4층-24,여의도고등학교,30-1,교사동 창면,여의도고등학교 ②(4층),남향외벽,4,24,일반식,194185.18,547275.03,11.7,232.0,5.33,4.17,4.17,충족,충족
여의도고등학교 ②(4층) 1층-25,여의도고등학교,30-1,교사동 창면,여의도고등학교 ②(4층),남향외벽,1,25,일반식,194182.08,547279.0,1.2,232.0,4.67,3.67,3.67,충족,충족
여의도고등학교 ②(4층) 2층-25,여의도고등학교,30-1,교사동 창면,여의도고등학교 ②(4층),남향외벽,2,25,일반식,194182.08,547279.0,4.7,232.0,5.0,4.0,4.0,충족,충족
여의도고등학교 ②(4층) 3층-25,여의도고등학교,30-1,교사동 창면,여의도고등학교 ②(4층),남향외벽,3,25,일반식,194182.08,547279.0,8.2,232.0,5.0,4.0,4.0,충족,충족
여의도고등학교 ②(4층) 4층-25,여의도고등학교,30-1,교사동 창면,여의도고등학교 ②(4층),남향외벽,4,25,일반식,194182.08,547279.0,11.7,232.0,5.0,4.0,4.0,충족,충족
여의도고등학교 ②(4층) 1층-26,여의도고등학교,30-1,교사동 창면,여의도고등학교 ②(4층),남향외벽,1,26,일반식,194178.97,547282.98,1.2,232.0,4.83,4.0,4.0,충족,충족
여의도고등학교 ②(4층) 2층-26,여의도고등학교,30-1,교사동 창면,여의도고등학교 ②(4층),남향외벽,2,26,일반식,194178.97,547282.98,4.7,232.0,4.83,4.0,4.0,충족,충족
여의도고등학교 ②(4층) 3층-26,여의도고등학교,30-1,교사동 창면,여의도고등학교 ②(4층),남향외벽,3,26,일반식,194178.97,547282.98,8.2,232.0,4.83,4.0,4.0,충족,충족
여의도고등학교 ②(4층) 4층-26,여의도고등학교,30-1,교사동 창면,여의도고등학교 ②(4층),남향외벽,4,26,일반식,194178.97,547282.98,11.7,232.0,5.0,4.0,4.0,충족,충족
여의도고등학교 ②(4층) 1층-27,여의도고등학교,30-1,교사동 창면,여의도고등학교 ②(4층),남향외벽,1,27,일반식,194175.86,547286.95,1.2,232.0,4.67,4.0,4.0,충족,충족
여의도고등학교 ②(4층) 2층-27,여의도고등학교,30-1,교사동 창면,여의도고등학교 ②(4층),남향외벽,2,27,일반식,194175.86,547286.95,4.7,232.0,4.67,4.0,4.0,충족,충족
여의도고등학교 ②(4층) 3층-27,여의도고등학교,30-1,교사동 창면,여의도고등학교 ②(4층),남향외벽,3,27,일반식,194175.86,547286.95,8.2,232.0,4.83,4.0,4.0,충족,충족
여의도고등학교 ②(4층) 4층-27,여의도고등학교,30-1,교사동 창면,여의도고등학교 ②(4층),남향외벽,4,27,일반식,194175.86,547286.95,11.7,232.0,5.0,4.0,4.0,충족,충족
여의도고등학교 ②(4층) 1층-28,여의도고등학교,30-1,교사동 창면,여의도고등학교 ②(4층),남향외벽,1,28,일반식,194172.75,547290.93,1.2,232.0,4.5,3.83,3.83,충족,충족
여의도고등학교 ②(4층) 2층-28,여의도고등학교,30-1,교사동 창면,여의도고등학교 ②(4층),남향외벽,2,28,일반식,194172.75,547290.93,4.7,232.0,4.67,3.83,3.83,충족,충족
여의도고등학교 ②(4층) 3층-28,여의도고등학교,30-1,교사동 창면,여의도고등학교 ②(4층),남향외벽,3,28,일반식,194172.75,547290.93,8.2,232.0,5.0,4.0,4.0,충족,충족
여의도고등학교 ②(4층) 4층-28,여의도고등학교,30-1,교사동 창면,여의도고등학교 ②(4층),남향외벽,4,28,일반식,194172.75,547290.93,11.7,232.0,5.33,4.0,4.0,충족,충족
여의도고등학교 ②(4층) 1층-29,여의도고등학교,30-1,교사동 창면,여의도고등학교 ②(4층),남향외벽,1,29,일반식,194169.64,547294.9,1.2,232.0,4.5,3.83,3.83,충족,충족
여의도고등학교 ②(4층) 2층-29,여의도고등학교,30-1,교사동 창면,여의도고등학교 ②(4층),남향외벽,2,29,일반식,194169.64,547294.9,4.7,232.0,4.67,3.83,3.83,충족,충족
여의도고등학교 ②(4층) 3층-29,여의도고등학교,30-1,교사동 창면,여의도고등학교 ②(4층),남향외벽,3,29,일반식,194169.64,547294.9,8.2,232.0,5.17,4.0,4.0,충족,충족
여의도고등학교 ②(4층) 4층-29,여의도고등학교,30-1,교사동 창면,여의도고등학교 ②(4층),남향외벽,4,29,일반식,194169.64,547294.9,11.7,232.0,5.33,5.33,5.0,충족,충족
여의도고등학교 ②(4층) 1층-30,여의도고등학교,30-1,교사동 창면,여의도고등학교 ②(4층),남향외벽,1,30,일반식,194166.53,547298.87,1.2,232.0,4.67,3.83,3.83,충족,충족
여의도고등학교 ②(4층) 2층-30,여의도고등학교,30-1,교사동 창면,여의도고등학교 ②(4층),남향외벽,2,30,일반식,194166.53,547298.87,4.7,232.0,4.83,3.83,3.83,충족,충족
여의도고등학교 ②(4층) 3층-30,여의도고등학교,30-1,교사동 창면,여의도고등학교 ②(4층),남향외벽,3,30,일반식,194166.53,547298.87,8.2,232.0,5.33,5.17,5.0,충족,충족
여의도고등학교 ②(4층) 4층-30,여의도고등학교,30-1,교사동 창면,여의도고등학교 ②(4층),남향외벽,4,30,일반식,194166.53,547298.87,11.7,232.0,5.5,5.33,5.0,충족,충족
여의도고등학교 ②(4층) 1층-31,여의도고등학교,30-1,교사동 창면,여의도고등학교 ②(4층),남향외벽,1,31,일반식,194163.42,547302.85,1.2,232.0,5.0,3.83,3.83,충족,충족
여의도고등학교 ②(4층) 2층-31,여의도고등학교,30-1,교사동 창면,여의도고등학교 ②(4층),남향외벽,2,31,일반식,194163.42,547302.85,4.7,232.0,5.17,3.83,3.83,충족,충족
여의도고등학교 ②(4층) 3층-31,여의도고등학교,30-1,교사동 창면,여의도고등학교 ②(4층),남향외벽,3,31,일반식,194163.42,547302.85,8.2,232.0,5.5,5.17,5.0,충족,충족
여의도고등학교 ②(4층) 4층-31,여의도고등학교,30-1,교사동 창면,여의도고등학교 ②(4층),남향외벽,4,31,일반식,194163.42,547302.85,11.7,232.0,5.83,5.33,5.0,충족,충족
여의도고등학교 ②(4층) 1층-32,여의도고등학교,30-1,교사동 창면,여의도고등학교 ②(4층),남향외벽,1,32,일반식,194160.31,547306.82,1.2,232.0,5.17,3.83,3.83,충족,충족
여의도고등학교 ②(4층) 2층-32,여의도고등학교,30-1,교사동 창면,여의도고등학교 ②(4층),남향외벽,2,32,일반식,194160.31,547306.82,4.7,232.0,5.5,5.0,5.0,충족,충족
여의도고등학교 ②(4층) 3층-32,여의도고등학교,30-1,교사동 창면,여의도고등학교 ②(4층),남향외벽,3,32,일반식,194160.31,547306.82,8.2,232.0,6.0,6.0,5.0,충족,충족
여의도고등학교 ②(4층) 4층-32,여의도고등학교,30-1,교사동 창면,여의도고등학교 ②(4층),남향외벽,4,32,일반식,194160.31,547306.82,11.7,232.0,6.0,6.0,5.0,충족,충족
여의도고등학교 ②(4층) 1층-33,여의도고등학교,30-1,교사동 창면,여의도고등학교 ②(4층),남향외벽,1,33,일반식,194157.2,547310.8,1.2,232.0,5.33,4.83,4.83,충족,충족
여의도고등학교 ②(4층) 2층-33,여의도고등학교,30-1,교사동 창면,여의도고등학교 ②(4층),남향외벽,2,33,일반식,194157.2,547310.8,4.7,232.0,5.83,5.83,5.0,충족,충족
여의도고등학교 ②(4층) 3층-33,여의도고등학교,30-1,교사동 창면,여의도고등학교 ②(4층),남향외벽,3,33,일반식,194157.2,547310.8,8.2,232.0,5.83,5.83,5.0,충족,충족
여의도고등학교 ②(4층) 4층-33,여의도고등학교,30-1,교사동 창면,여의도고등학교 ②(4층),남향외벽,4,33,일반식,194157.2,547310.8,11.7,232.0,6.0,6.0,5.0,충족,충족
여의도고등학교 ②(4층) 1층-34,여의도고등학교,30-1,교사동 창면,여의도고등학교 ②(4층),남향외벽,1,34,일반식,194154.09,547314.77,1.2,232.0,5.67,5.67,5.0,충족,충족
여의도고등학교 ②(4층) 2층-34,여의도고등학교,30-1,교사동 창면,여의도고등학교 ②(4층),남향외벽,2,34,일반식,194154.09,547314.77,4.7,232.0,5.67,5.67,5.0,충족,충족
여의도고등학교 ②(4층) 3층-34,여의도고등학교,30-1,교사동 창면,여의도고등학교 ②(4층),남향외벽,3,34,일반식,194154.09,547314.77,8.2,232.0,5.83,5.83,5.0,충족,충족
여의도고등학교 ②(4층) 4층-34,여의도고등학교,30-1,교사동 창면,여의도고등학교 ②(4층),남향외벽,4,34,일반식,194154.09,547314.77,11.7,232.0,6.0,6.0,5.0,충족,충족
여의도고등학교 ②(4층) 1층-35,여의도고등학교,30-1,교사동 창면,여의도고등학교 ②(4층),남향외벽,1,35,일반식,194150.98,547318.75,1.2,232.0,5.5,5.5,5.0,충족,충족
여의도고등학교 ②(4층) 2층-35,여의도고등학교,30-1,교사동 창면,여의도고등학교 ②(4층),남향외벽,2,35,일반식,194150.98,547318.75,4.7,232.0,5.67,5.67,5.0,충족,충족
여의도고등학교 ②(4층) 3층-35,여의도고등학교,30-1,교사동 창면,여의도고등학교 ②(4층),남향외벽,3,35,일반식,194150.98,547318.75,8.2,232.0,5.83,5.83,5.0,충족,충족
여의도고등학교 ②(4층) 4층-35,여의도고등학교,30-1,교사동 창면,여의도고등학교 ②(4층),남향외벽,4,35,일반식,194150.98,547318.75,11.7,232.0,6.0,6.0,5.0,충족,충족
여의도고등학교 ②(4층) 1층-36,여의도고등학교,30-1,교사동 창면,여의도고등학교 ②(4층),남향외벽,1,36,일반식,194147.87,547322.72,1.2,232.0,5.5,5.5,5.0,충족,충족
여의도고등학교 ②(4층) 2층-36,여의도고등학교,30-1,교사동 창면,여의도고등학교 ②(4층),남향외벽,2,36,일반식,194147.87,547322.72,4.7,232.0,5.67,5.67,5.0,충족,충족
여의도고등학교 ②(4층) 3층-36,여의도고등학교,30-1,교사동 창면,여의도고등학교 ②(4층),남향외벽,3,36,일반식,194147.87,547322.72,8.2,232.0,5.83,5.83,5.0,충족,충족
여의도고등학교 ②(4층) 4층-36,여의도고등학교,30-1,교사동 창면,여의도고등학교 ②(4층),남향외벽,4,36,일반식,194147.87,547322.72,11.7,232.0,6.0,6.0,5.0,충족,충족
여의도고등학교 ②(4층) 1층-37,여의도고등학교,30-1,교사동 창면,여의도고등학교 ②(4층),남향외벽,1,37,일반식,194144.76,547326.7,1.2,232.0,5.5,5.5,5.0,충족,충족
여의도고등학교 ②(4층) 2층-37,여의도고등학교,30-1,교사동 창면,여의도고등학교 ②(4층),남향외벽,2,37,일반식,194144.76,547326.7,4.7,232.0,5.83,5.83,5.0,충족,충족
여의도고등학교 ②(4층) 3층-37,여의도고등학교,30-1,교사동 창면,여의도고등학교 ②(4층),남향외벽,3,37,일반식,194144.76,547326.7,8.2,232.0,5.83,5.83,5.0,충족,충족
여의도고등학교 ②(4층) 4층-37,여의도고등학교,30-1,교사동 창면,여의도고등학교 ②(4층),남향외벽,4,37,일반식,194144.76,547326.7,11.7,232.0,6.0,6.0,5.0,충족,충족
여의도고등학교 ②(4층) 1층-38,여의도고등학교,30-1,교사동 창면,여의도고등학교 ②(4층),남향외벽,1,38,일반식,194141.66,547330.67,1.2,232.0,5.67,5.67,5.0,충족,충족
여의도고등학교 ②(4층) 2층-38,여의도고등학교,30-1,교사동 창면,여의도고등학교 ②(4층),남향외벽,2,38,일반식,194141.66,547330.67,4.7,232.0,5.67,5.67,5.0,충족,충족
여의도고등학교 ②(4층) 3층-38,여의도고등학교,30-1,교사동 창면,여의도고등학교 ②(4층),남향외벽,3,38,일반식,194141.66,547330.67,8.2,232.0,5.83,5.83,5.0,충족,충족
여의도고등학교 ②(4층) 4층-38,여의도고등학교,30-1,교사동 창면,여의도고등학교 ②(4층),남향외벽,4,38,일반식,194141.66,547330.67,11.7,232.0,6.0,6.0,5.0,충족,충족
여의도고등학교 ②(4층) 1층-39,여의도고등학교,30-1,교사동 창면,여의도고등학교 ②(4층),남향외벽,1,39,일반식,194138.55,547334.64,1.2,232.0,5.5,5.5,5.0,충족,충족
여의도고등학교 ②(4층) 2층-39,여의도고등학교,30-1,교사동 창면,여의도고등학교 ②(4층),남향외벽,2,39,일반식,194138.55,547334.64,4.7,232.0,5.67,5.67,5.0,충족,충족
여의도고등학교 ②(4층) 3층-39,여의도고등학교,30-1,교사동 창면,여의도고등학교 ②(4층),남향외벽,3,39,일반식,194138.55,547334.64,8.2,232.0,5.83,5.83,5.0,충족,충족
여의도고등학교 ②(4층) 4층-39,여의도고등학교,30-1,교사동 창면,여의도고등학교 ②(4층),남향외벽,4,39,일반식,194138.55,547334.64,11.7,232.0,5.83,5.83,5.0,충족,충족
여의도고등학교 ②(4층) 1층-40,여의도고등학교,30-1,교사동 창면,여의도고등학교 ②(4층),남향외벽,1,40,일반식,194135.44,547338.62,1.2,232.0,5.5,5.5,5.0,충족,충족
여의도고등학교 ②(4층) 2층-40,여의도고등학교,30-1,교사동 창면,여의도고등학교 ②(4층),남향외벽,2,40,일반식,194135.44,547338.62,4.7,232.0,5.67,5.67,5.0,충족,충족
여의도고등학교 ②(4층) 3층-40,여의도고등학교,30-1,교사동 창면,여의도고등학교 ②(4층),남향외벽,3,40,일반식,194135.44,547338.62,8.2,232.0,5.67,5.67,5.0,충족,충족
여의도고등학교 ②(4층) 4층-40,여의도고등학교,30-1,교사동 창면,여의도고등학교 ②(4층),남향외벽,4,40,일반식,194135.44,547338.62,11.7,232.0,5.67,5.67,5.0,충족,충족
여의도고등학교 ②(4층) 1층-41,여의도고등학교,30-1,교사동 창면,여의도고등학교 ②(4층),남향외벽,1,41,일반식,194132.33,547342.59,1.2,232.0,5.33,5.33,5.0,충족,충족
여의도고등학교 ②(4층) 2층-41,여의도고등학교,30-1,교사동 창면,여의도고등학교 ②(4층),남향외벽,2,41,일반식,194132.33,547342.59,4.7,232.0,5.33,5.33,5.0,충족,충족
여의도고등학교 ②(4층) 3층-41,여의도고등학교,30-1,교사동 창면,여의도고등학교 ②(4층),남향외벽,3,41,일반식,194132.33,547342.59,8.2,232.0,5.33,5.33,5.0,충족,충족
여의도고등학교 ②(4층) 4층-41,여의도고등학교,30-1,교사동 창면,여의도고등학교 ②(4층),남향외벽,4,41,일반식,194132.33,547342.59,11.7,232.0,5.33,5.33,5.0,충족,충족
여의도고등학교 ②(4층) 1층-42,여의도고등학교,30-1,교사동 창면,여의도고등학교 ②(4층),남향외벽,1,42,일반식,194129.22,547346.57,1.2,232.0,5.17,5.17,5.0,충족,충족
여의도고등학교 ②(4층) 2층-42,여의도고등학교,30-1,교사동 창면,여의도고등학교 ②(4층),남향외벽,2,42,일반식,194129.22,547346.57,4.7,232.0,5.17,5.17,5.0,충족,충족
여의도고등학교 ②(4층) 3층-42,여의도고등학교,30-1,교사동 창면,여의도고등학교 ②(4층),남향외벽,3,42,일반식,194129.22,547346.57,8.2,232.0,5.17,5.17,5.0,충족,충족
여의도고등학교 ②(4층) 4층-42,여의도고등학교,30-1,교사동 창면,여의도고등학교 ②(4층),남향외벽,4,42,일반식,194129.22,547346.57,11.7,232.0,5.33,5.33,5.0,충족,충족
여의도고등학교 ②(4층) 1층-43,여의도고등학교,30-1,교사동 창면,여의도고등학교 ②(4층),남향외벽,1,43,일반식,194126.11,547350.54,1.2,232.0,5.0,5.0,5.0,충족,충족
여의도고등학교 ②(4층) 2층-43,여의도고등학교,30-1,교사동 창면,여의도고등학교 ②(4층),남향외벽,2,43,일반식,194126.11,547350.54,4.7,232.0,5.0,5.0,5.0,충족,충족
여의도고등학교 ②(4층) 3층-43,여의도고등학교,30-1,교사동 창면,여의도고등학교 ②(4층),남향외벽,3,43,일반식,194126.11,547350.54,8.2,232.0,5.17,5.17,5.0,충족,충족
여의도고등학교 ②(4층) 4층-43,여의도고등학교,30-1,교사동 창면,여의도고등학교 ②(4층),남향외벽,4,43,일반식,194126.11,547350.54,11.7,232.0,5.33,5.33,5.0,충족,충족
여의도고등학교 ②(4층) 1층-44,여의도고등학교,30-1,교사동 창면,여의도고등학교 ②(4층),남향외벽,1,44,일반식,194123.0,547354.52,1.2,232.0,4.83,4.83,4.83,충족,충족
여의도고등학교 ②(4층) 2층-44,여의도고등학교,30-1,교사동 창면,여의도고등학교 ②(4층),남향외벽,2,44,일반식,194123.0,547354.52,4.7,232.0,5.0,5.0,5.0,충족,충족
여의도고등학교 ②(4층) 3층-44,여의도고등학교,30-1,교사동 창면,여의도고등학교 ②(4층),남향외벽,3,44,일반식,194123.0,547354.52,8.2,232.0,5.17,5.17,5.0,충족,충족
여의도고등학교 ②(4층) 4층-44,여의도고등학교,30-1,교사동 창면,여의도고등학교 ②(4층),남향외벽,4,44,일반식,194123.0,547354.52,11.7,232.0,5.5,5.5,5.0,충족,충족
여의도고등학교 ③(3층) 1층-1,여의도고등학교,30-1,교사동 창면,여의도고등학교 ③(3층),남향외벽,1,1,일반식,194188.39,547220.35,1.2,141.3,5.83,4.0,3.17,충족,충족
여의도고등학교 ③(3층) 2층-1,여의도고등학교,30-1,교사동 창면,여의도고등학교 ③(3층),남향외벽,2,1,일반식,194188.39,547220.35,4.7,141.3,6.0,4.17,3.33,충족,충족
여의도고등학교 ③(3층) 3층-1,여의도고등학교,30-1,교사동 창면,여의도고등학교 ③(3층),남향외벽,3,1,일반식,194188.39,547220.35,8.2,141.3,6.33,4.5,3.67,충족,충족
여의도고등학교 ③(3층) 1층-2,여의도고등학교,30-1,교사동 창면,여의도고등학교 ③(3층),남향외벽,1,2,일반식,194184.36,547217.11,1.2,141.3,5.17,3.33,2.83,충족,충족
여의도고등학교 ③(3층) 2층-2,여의도고등학교,30-1,교사동 창면,여의도고등학교 ③(3층),남향외벽,2,2,일반식,194184.36,547217.11,4.7,141.3,5.5,3.67,3.0,충족,충족
여의도고등학교 ③(3층) 3층-2,여의도고등학교,30-1,교사동 창면,여의도고등학교 ③(3층),남향외벽,3,2,일반식,194184.36,547217.11,8.2,141.3,5.83,4.0,3.17,충족,충족
여의도고등학교 ③(3층) 1층-3,여의도고등학교,30-1,교사동 창면,여의도고등학교 ③(3층),남향외벽,1,3,일반식,194180.32,547213.88,1.2,141.3,4.33,1.83,1.33,충족,불충족
여의도고등학교 ③(3층) 2층-3,여의도고등학교,30-1,교사동 창면,여의도고등학교 ③(3층),남향외벽,2,3,일반식,194180.32,547213.88,4.7,141.3,5.0,3.17,2.5,충족,충족
여의도고등학교 ③(3층) 3층-3,여의도고등학교,30-1,교사동 창면,여의도고등학교 ③(3층),남향외벽,3,3,일반식,194180.32,547213.88,8.2,141.3,5.5,3.67,2.83,충족,충족
여의도고등학교 ③(3층) 1층-4,여의도고등학교,30-1,교사동 창면,여의도고등학교 ③(3층),남향외벽,1,4,일반식,194176.28,547210.64,1.2,141.3,4.5,2.0,1.33,충족,불충족
여의도고등학교 ③(3층) 2층-4,여의도고등학교,30-1,교사동 창면,여의도고등학교 ③(3층),남향외벽,2,4,일반식,194176.28,547210.64,4.7,141.3,4.67,2.0,1.33,충족,불충족
여의도고등학교 ③(3층) 3층-4,여의도고등학교,30-1,교사동 창면,여의도고등학교 ③(3층),남향외벽,3,4,일반식,194176.28,547210.64,8.2,141.3,5.17,3.0,2.33,충족,충족
여의도고등학교 ③(3층) 1층-5,여의도고등학교,30-1,교사동 창면,여의도고등학교 ③(3층),남향외벽,1,5,일반식,194172.24,547207.41,1.2,141.3,4.33,1.83,1.17,충족,불충족
여의도고등학교 ③(3층) 2층-5,여의도고등학교,30-1,교사동 창면,여의도고등학교 ③(3층),남향외벽,2,5,일반식,194172.24,547207.41,4.7,141.3,4.5,1.83,1.17,충족,불충족
여의도고등학교 ③(3층) 3층-5,여의도고등학교,30-1,교사동 창면,여의도고등학교 ③(3층),남향외벽,3,5,일반식,194172.24,547207.41,8.2,141.3,4.83,1.83,1.17,충족,불충족
여의도고등학교 ③(3층) 1층-6,여의도고등학교,30-1,교사동 창면,여의도고등학교 ③(3층),남향외벽,1,6,일반식,194168.21,547204.17,1.2,141.3,4.17,1.83,1.17,충족,불충족
여의도고등학교 ③(3층) 2층-6,여의도고등학교,30-1,교사동 창면,여의도고등학교 ③(3층),남향외벽,2,6,일반식,194168.21,547204.17,4.7,141.3,4.5,1.83,1.17,충족,불충족
여의도고등학교 ③(3층) 3층-6,여의도고등학교,30-1,교사동 창면,여의도고등학교 ③(3층),남향외벽,3,6,일반식,194168.21,547204.17,8.2,141.3,4.83,1.83,1.17,충족,불충족
여의도고등학교 ③(3층) 1층-7,여의도고등학교,30-1,교사동 창면,여의도고등학교 ③(3층),남향외벽,1,7,일반식,194164.17,547200.94,1.2,141.3,4.33,1.67,1.0,충족,불충족
여의도고등학교 ③(3층) 2층-7,여의도고등학교,30-1,교사동 창면,여의도고등학교 ③(3층),남향외벽,2,7,일반식,194164.17,547200.94,4.7,141.3,4.67,1.67,1.0,충족,불충족
여의도고등학교 ③(3층) 3층-7,여의도고등학교,30-1,교사동 창면,여의도고등학교 ③(3층),남향외벽,3,7,일반식,194164.17,547200.94,8.2,141.3,4.67,1.67,1.0,충족,불충족
여의도고등학교 ③(3층) 1층-8,여의도고등학교,30-1,교사동 창면,여의도고등학교 ③(3층),남향외벽,1,8,일반식,194160.24,547203.37,1.2,232.4,3.0,1.17,1.17,불충족,불충족
여의도고등학교 ③(3층) 2층-8,여의도고등학교,30-1,교사동 창면,여의도고등학교 ③(3층),남향외벽,2,8,일반식,194160.24,547203.37,4.7,232.4,3.17,1.17,1.17,불충족,불충족
여의도고등학교 ③(3층) 3층-8,여의도고등학교,30-1,교사동 창면,여의도고등학교 ③(3층),남향외벽,3,8,일반식,194160.24,547203.37,8.2,232.4,3.17,1.17,1.17,불충족,불충족
여의도고등학교 ③(3층) 1층-9,여의도고등학교,30-1,교사동 창면,여의도고등학교 ③(3층),남향외벽,1,9,일반식,194157.08,547207.47,1.2,232.4,3.17,1.33,1.17,불충족,불충족
여의도고등학교 ③(3층) 2층-9,여의도고등학교,30-1,교사동 창면,여의도고등학교 ③(3층),남향외벽,2,9,일반식,194157.08,547207.47,4.7,232.4,3.33,1.33,1.17,불충족,불충족
여의도고등학교 ③(3층) 3층-9,여의도고등학교,30-1,교사동 창면,여의도고등학교 ③(3층),남향외벽,3,9,일반식,194157.08,547207.47,8.2,232.4,3.33,1.33,1.17,불충족,불충족
여의도고등학교 ③(3층) 1층-10,여의도고등학교,30-1,교사동 창면,여의도고등학교 ③(3층),남향외벽,1,10,일반식,194153.92,547211.57,1.2,232.4,3.5,1.33,1.33,불충족,불충족
여의도고등학교 ③(3층) 2층-10,여의도고등학교,30-1,교사동 창면,여의도고등학교 ③(3층),남향외벽,2,10,일반식,194153.92,547211.57,4.7,232.4,3.83,1.5,1.33,불충족,불충족
여의도고등학교 ③(3층) 3층-10,여의도고등학교,30-1,교사동 창면,여의도고등학교 ③(3층),남향외벽,3,10,일반식,194153.92,547211.57,8.2,232.4,3.83,1.5,1.33,불충족,불충족
여의도고등학교 운동장-1,여의도고등학교,30-1,운동장 지반,여의도고등학교 운동장,지반,0,1,배치도 경계(래스터 계측) + 분석지점도 격자,194172.86,547263.35,0.0,180.0,5.17,3.33,3.33,충족,충족
여의도고등학교 운동장-2,여의도고등학교,30-1,운동장 지반,여의도고등학교 운동장,지반,0,2,배치도 경계(래스터 계측) + 분석지점도 격자,194166.75,547271.16,0.0,180.0,4.83,3.33,3.33,충족,충족
여의도고등학교 운동장-3,여의도고등학교,30-1,운동장 지반,여의도고등학교 운동장,지반,0,3,배치도 경계(래스터 계측) + 분석지점도 격자,194160.64,547278.98,0.0,180.0,4.83,4.33,4.33,충족,충족
여의도고등학교 운동장-4,여의도고등학교,30-1,운동장 지반,여의도고등학교 운동장,지반,0,4,배치도 경계(래스터 계측) + 분석지점도 격자,194154.54,547286.8,0.0,180.0,4.83,4.33,4.33,충족,충족
여의도고등학교 운동장-5,여의도고등학교,30-1,운동장 지반,여의도고등학교 운동장,지반,0,5,배치도 경계(래스터 계측) + 분석지점도 격자,194148.43,547294.62,0.0,180.0,5.33,4.33,4.33,충족,충족
여의도고등학교 운동장-6,여의도고등학교,30-1,운동장 지반,여의도고등학교 운동장,지반,0,6,배치도 경계(래스터 계측) + 분석지점도 격자,194142.32,547302.43,0.0,180.0,5.67,4.67,4.67,충족,충족
여의도고등학교 운동장-7,여의도고등학교,30-1,운동장 지반,여의도고등학교 운동장,지반,0,7,배치도 경계(래스터 계측) + 분석지점도 격자,194136.21,547310.25,0.0,180.0,6.5,6.5,6.17,충족,충족
여의도고등학교 운동장-8,여의도고등학교,30-1,운동장 지반,여의도고등학교 운동장,지반,0,8,배치도 경계(래스터 계측) + 분석지점도 격자,194130.11,547318.07,0.0,180.0,6.5,6.5,6.17,충족,충족
여의도고등학교 운동장-9,여의도고등학교,30-1,운동장 지반,여의도고등학교 운동장,지반,0,9,배치도 경계(래스터 계측) + 분석지점도 격자,194124.0,547325.89,0.0,180.0,6.5,6.5,6.17,충족,충족
여의도고등학교 운동장-10,여의도고등학교,30-1,운동장 지반,여의도고등학교 운동장,지반,0,10,배치도 경계(래스터 계측) + 분석지점도 격자,194117.89,547333.7,0.0,180.0,6.33,6.33,6.17,충족,충족
여의도고등학교 운동장-11,여의도고등학교,30-1,운동장 지반,여의도고등학교 운동장,지반,0,11,배치도 경계(래스터 계측) + 분석지점도 격자,194164.31,547256.67,0.0,180.0,5.17,1.83,1.83,충족,불충족
여의도고등학교 운동장-12,여의도고등학교,30-1,운동장 지반,여의도고등학교 운동장,지반,0,12,배치도 경계(래스터 계측) + 분석지점도 격자,194158.2,547264.48,0.0,180.0,5.5,4.0,3.83,충족,충족
여의도고등학교 운동장-13,여의도고등학교,30-1,운동장 지반,여의도고등학교 운동장,지반,0,13,배치도 경계(래스터 계측) + 분석지점도 격자,194152.09,547272.3,0.0,180.0,5.33,4.83,4.83,충족,충족
여의도고등학교 운동장-14,여의도고등학교,30-1,운동장 지반,여의도고등학교 운동장,지반,0,14,배치도 경계(래스터 계측) + 분석지점도 격자,194145.98,547280.12,0.0,180.0,4.83,4.67,4.67,충족,충족
여의도고등학교 운동장-15,여의도고등학교,30-1,운동장 지반,여의도고등학교 운동장,지반,0,15,배치도 경계(래스터 계측) + 분석지점도 격자,194139.88,547287.93,0.0,180.0,5.5,4.67,4.67,충족,충족
여의도고등학교 운동장-16,여의도고등학교,30-1,운동장 지반,여의도고등학교 운동장,지반,0,16,배치도 경계(래스터 계측) + 분석지점도 격자,194133.77,547295.75,0.0,180.0,5.67,4.67,4.67,충족,충족
여의도고등학교 운동장-17,여의도고등학교,30-1,운동장 지반,여의도고등학교 운동장,지반,0,17,배치도 경계(래스터 계측) + 분석지점도 격자,194127.66,547303.57,0.0,180.0,6.33,5.17,5.17,충족,충족
여의도고등학교 운동장-18,여의도고등학교,30-1,운동장 지반,여의도고등학교 운동장,지반,0,18,배치도 경계(래스터 계측) + 분석지점도 격자,194121.55,547311.39,0.0,180.0,6.5,6.5,6.17,충족,충족
여의도고등학교 운동장-19,여의도고등학교,30-1,운동장 지반,여의도고등학교 운동장,지반,0,19,배치도 경계(래스터 계측) + 분석지점도 격자,194115.45,547319.2,0.0,180.0,6.67,6.67,6.17,충족,충족
여의도고등학교 운동장-20,여의도고등학교,30-1,운동장 지반,여의도고등학교 운동장,지반,0,20,배치도 경계(래스터 계측) + 분석지점도 격자,194109.34,547327.02,0.0,180.0,6.5,6.5,6.17,충족,충족
여의도고등학교 운동장-21,여의도고등학교,30-1,운동장 지반,여의도고등학교 운동장,지반,0,21,배치도 경계(래스터 계측) + 분석지점도 격자,194155.75,547249.98,0.0,180.0,3.33,1.83,1.83,불충족,불충족
여의도고등학교 운동장-22,여의도고등학교,30-1,운동장 지반,여의도고등학교 운동장,지반,0,22,배치도 경계(래스터 계측) + 분석지점도 격자,194149.65,547257.8,0.0,180.0,4.17,2.67,2.67,충족,충족
여의도고등학교 운동장-23,여의도고등학교,30-1,운동장 지반,여의도고등학교 운동장,지반,0,23,배치도 경계(래스터 계측) + 분석지점도 격자,194143.54,547265.62,0.0,180.0,4.83,3.17,3.17,충족,충족
여의도고등학교 운동장-24,여의도고등학교,30-1,운동장 지반,여의도고등학교 운동장,지반,0,24,배치도 경계(래스터 계측) + 분석지점도 격자,194137.43,547273.44,0.0,180.0,5.5,5.33,4.67,충족,충족
여의도고등학교 운동장-25,여의도고등학교,30-1,운동장 지반,여의도고등학교 운동장,지반,0,25,배치도 경계(래스터 계측) + 분석지점도 격자,194131.32,547281.25,0.0,180.0,5.67,5.0,4.5,충족,충족
여의도고등학교 운동장-26,여의도고등학교,30-1,운동장 지반,여의도고등학교 운동장,지반,0,26,배치도 경계(래스터 계측) + 분석지점도 격자,194125.22,547289.07,0.0,180.0,5.67,4.83,4.5,충족,충족
여의도고등학교 운동장-27,여의도고등학교,30-1,운동장 지반,여의도고등학교 운동장,지반,0,27,배치도 경계(래스터 계측) + 분석지점도 격자,194119.11,547296.89,0.0,180.0,5.33,4.67,4.5,충족,충족
여의도고등학교 운동장-28,여의도고등학교,30-1,운동장 지반,여의도고등학교 운동장,지반,0,28,배치도 경계(래스터 계측) + 분석지점도 격자,194113.0,547304.7,0.0,180.0,6.33,6.33,6.17,충족,충족
여의도고등학교 운동장-29,여의도고등학교,30-1,운동장 지반,여의도고등학교 운동장,지반,0,29,배치도 경계(래스터 계측) + 분석지점도 격자,194106.89,547312.52,0.0,180.0,6.67,6.67,6.17,충족,충족
여의도고등학교 운동장-30,여의도고등학교,30-1,운동장 지반,여의도고등학교 운동장,지반,0,30,배치도 경계(래스터 계측) + 분석지점도 격자,194100.79,547320.34,0.0,180.0,6.33,6.33,6.0,충족,충족
여의도고등학교 운동장-31,여의도고등학교,30-1,운동장 지반,여의도고등학교 운동장,지반,0,31,배치도 경계(래스터 계측) + 분석지점도 격자,194147.2,547243.3,0.0,180.0,3.17,1.5,1.5,불충족,불충족
여의도고등학교 운동장-32,여의도고등학교,30-1,운동장 지반,여의도고등학교 운동장,지반,0,32,배치도 경계(래스터 계측) + 분석지점도 격자,194141.09,547251.12,0.0,180.0,3.83,2.5,2.5,충족,충족
여의도고등학교 운동장-33,여의도고등학교,30-1,운동장 지반,여의도고등학교 운동장,지반,0,33,배치도 경계(래스터 계측) + 분석지점도 격자,194134.99,547258.94,0.0,180.0,4.0,3.0,3.0,충족,충족
여의도고등학교 운동장-34,여의도고등학교,30-1,운동장 지반,여의도고등학교 운동장,지반,0,34,배치도 경계(래스터 계측) + 분석지점도 격자,194128.88,547266.75,0.0,180.0,4.5,3.33,3.33,충족,충족
여의도고등학교 운동장-35,여의도고등학교,30-1,운동장 지반,여의도고등학교 운동장,지반,0,35,배치도 경계(래스터 계측) + 분석지점도 격자,194122.77,547274.57,0.0,180.0,5.17,4.33,4.33,충족,충족
여의도고등학교 운동장-36,여의도고등학교,30-1,운동장 지반,여의도고등학교 운동장,지반,0,36,배치도 경계(래스터 계측) + 분석지점도 격자,194116.66,547282.39,0.0,180.0,5.5,4.33,4.17,충족,충족
여의도고등학교 운동장-37,여의도고등학교,30-1,운동장 지반,여의도고등학교 운동장,지반,0,37,배치도 경계(래스터 계측) + 분석지점도 격자,194110.56,547290.2,0.0,180.0,5.67,4.83,4.17,충족,충족
여의도고등학교 운동장-38,여의도고등학교,30-1,운동장 지반,여의도고등학교 운동장,지반,0,38,배치도 경계(래스터 계측) + 분석지점도 격자,194104.45,547298.02,0.0,180.0,6.17,4.67,4.17,충족,충족
여의도고등학교 운동장-39,여의도고등학교,30-1,운동장 지반,여의도고등학교 운동장,지반,0,39,배치도 경계(래스터 계측) + 분석지점도 격자,194098.34,547305.84,0.0,180.0,6.5,6.5,6.0,충족,충족
여의도고등학교 운동장-40,여의도고등학교,30-1,운동장 지반,여의도고등학교 운동장,지반,0,40,배치도 경계(래스터 계측) + 분석지점도 격자,194092.23,547313.66,0.0,180.0,6.17,6.17,5.67,충족,충족
여의도고등학교 운동장-41,여의도고등학교,30-1,운동장 지반,여의도고등학교 운동장,지반,0,41,배치도 경계(래스터 계측) + 분석지점도 격자,194138.65,547236.62,0.0,180.0,2.83,1.33,1.33,불충족,불충족
여의도고등학교 운동장-42,여의도고등학교,30-1,운동장 지반,여의도고등학교 운동장,지반,0,42,배치도 경계(래스터 계측) + 분석지점도 격자,194132.54,547244.44,0.0,180.0,3.0,1.5,1.5,불충족,불충족
여의도고등학교 운동장-43,여의도고등학교,30-1,운동장 지반,여의도고등학교 운동장,지반,0,43,배치도 경계(래스터 계측) + 분석지점도 격자,194126.43,547252.25,0.0,180.0,3.5,1.83,1.83,불충족,불충족
여의도고등학교 운동장-44,여의도고등학교,30-1,운동장 지반,여의도고등학교 운동장,지반,0,44,배치도 경계(래스터 계측) + 분석지점도 격자,194120.33,547260.07,0.0,180.0,4.17,3.17,3.17,충족,충족
여의도고등학교 운동장-45,여의도고등학교,30-1,운동장 지반,여의도고등학교 운동장,지반,0,45,배치도 경계(래스터 계측) + 분석지점도 격자,194114.22,547267.89,0.0,180.0,4.83,3.83,3.83,충족,충족
여의도고등학교 운동장-46,여의도고등학교,30-1,운동장 지반,여의도고등학교 운동장,지반,0,46,배치도 경계(래스터 계측) + 분석지점도 격자,194108.11,547275.71,0.0,180.0,4.67,3.67,3.5,충족,충족
여의도고등학교 운동장-47,여의도고등학교,30-1,운동장 지반,여의도고등학교 운동장,지반,0,47,배치도 경계(래스터 계측) + 분석지점도 격자,194102.0,547283.52,0.0,180.0,4.67,3.83,3.5,충족,충족
여의도고등학교 운동장-48,여의도고등학교,30-1,운동장 지반,여의도고등학교 운동장,지반,0,48,배치도 경계(래스터 계측) + 분석지점도 격자,194095.9,547291.34,0.0,180.0,5.17,3.83,3.5,충족,충족
여의도고등학교 운동장-49,여의도고등학교,30-1,운동장 지반,여의도고등학교 운동장,지반,0,49,배치도 경계(래스터 계측) + 분석지점도 격자,194089.79,547299.16,0.0,180.0,6.33,4.33,3.5,충족,충족
여의도고등학교 운동장-50,여의도고등학교,30-1,운동장 지반,여의도고등학교 운동장,지반,0,50,배치도 경계(래스터 계측) + 분석지점도 격자,194083.68,547306.97,0.0,180.0,6.17,6.17,5.5,충족,충족
여의도고등학교 운동장-51,여의도고등학교,30-1,운동장 지반,여의도고등학교 운동장,지반,0,51,배치도 경계(래스터 계측) + 분석지점도 격자,194130.1,547229.94,0.0,180.0,4.0,1.83,1.83,충족,불충족
여의도고등학교 운동장-52,여의도고등학교,30-1,운동장 지반,여의도고등학교 운동장,지반,0,52,배치도 경계(래스터 계측) + 분석지점도 격자,194123.99,547237.75,0.0,180.0,3.0,1.67,1.67,불충족,불충족
여의도고등학교 운동장-53,여의도고등학교,30-1,운동장 지반,여의도고등학교 운동장,지반,0,53,배치도 경계(래스터 계측) + 분석지점도 격자,194117.88,547245.57,0.0,180.0,3.33,1.83,1.83,불충족,불충족
여의도고등학교 운동장-54,여의도고등학교,30-1,운동장 지반,여의도고등학교 운동장,지반,0,54,배치도 경계(래스터 계측) + 분석지점도 격자,194111.77,547253.39,0.0,180.0,3.5,2.0,2.0,충족,충족
여의도고등학교 운동장-55,여의도고등학교,30-1,운동장 지반,여의도고등학교 운동장,지반,0,55,배치도 경계(래스터 계측) + 분석지점도 격자,194105.67,547261.21,0.0,180.0,4.33,2.17,2.17,충족,충족
여의도고등학교 운동장-56,여의도고등학교,30-1,운동장 지반,여의도고등학교 운동장,지반,0,56,배치도 경계(래스터 계측) + 분석지점도 격자,194099.56,547269.02,0.0,180.0,4.33,3.33,3.17,충족,충족
여의도고등학교 운동장-57,여의도고등학교,30-1,운동장 지반,여의도고등학교 운동장,지반,0,57,배치도 경계(래스터 계측) + 분석지점도 격자,194093.45,547276.84,0.0,180.0,4.33,3.33,3.0,충족,충족
여의도고등학교 운동장-58,여의도고등학교,30-1,운동장 지반,여의도고등학교 운동장,지반,0,58,배치도 경계(래스터 계측) + 분석지점도 격자,194087.34,547284.66,0.0,180.0,4.17,3.17,2.83,충족,충족
여의도고등학교 운동장-59,여의도고등학교,30-1,운동장 지반,여의도고등학교 운동장,지반,0,59,배치도 경계(래스터 계측) + 분석지점도 격자,194081.23,547292.48,0.0,180.0,5.0,3.33,2.83,충족,충족
여의도고등학교 운동장-60,여의도고등학교,30-1,운동장 지반,여의도고등학교 운동장,지반,0,60,배치도 경계(래스터 계측) + 분석지점도 격자,194075.13,547300.29,0.0,180.0,5.33,3.33,2.83,충족,충족
본관(5층) 2층-1,여의도중학교,40-1,교사동 창면,본관(5층),본관(5층),2,1,도면기준,194272.15,547221.36,6.3,230.8,4.67,4.33,4.33,충족,충족
본관(5층) 3층-1,여의도중학교,40-1,교사동 창면,본관(5층),본관(5층),3,1,도면기준,194272.15,547221.36,9.9,230.8,4.83,4.33,4.33,충족,충족
본관(5층) 4층-1,여의도중학교,40-1,교사동 창면,본관(5층),본관(5층),4,1,도면기준,194272.15,547221.36,13.5,230.8,5.0,4.33,4.33,충족,충족
본관(5층) 5층-1,여의도중학교,40-1,교사동 창면,본관(5층),본관(5층),5,1,도면기준,194272.15,547221.36,17.1,230.8,5.0,4.33,4.33,충족,충족
본관(5층) 1층-1,여의도중학교,40-1,교사동 창면,본관(5층),본관(5층),1,1,도면기준,194274.42,547218.57,2.4,230.8,4.5,4.5,4.5,충족,충족
본관(5층) 2층-2,여의도중학교,40-1,교사동 창면,본관(5층),본관(5층),2,2,도면기준,194274.42,547218.57,6.3,230.8,4.83,4.5,4.5,충족,충족
본관(5층) 3층-2,여의도중학교,40-1,교사동 창면,본관(5층),본관(5층),3,2,도면기준,194274.42,547218.57,9.9,230.8,5.0,4.5,4.5,충족,충족
본관(5층) 4층-2,여의도중학교,40-1,교사동 창면,본관(5층),본관(5층),4,2,도면기준,194274.42,547218.57,13.5,230.8,5.17,4.5,4.5,충족,충족
본관(5층) 5층-2,여의도중학교,40-1,교사동 창면,본관(5층),본관(5층),5,2,도면기준,194274.42,547218.57,17.1,230.8,5.17,4.5,4.5,충족,충족
본관(5층) 1층-2,여의도중학교,40-1,교사동 창면,본관(5층),본관(5층),1,2,도면기준,194277.83,547214.38,2.4,230.8,4.5,4.5,4.5,충족,충족
본관(5층) 2층-3,여의도중학교,40-1,교사동 창면,본관(5층),본관(5층),2,3,도면기준,194277.83,547214.38,6.3,230.8,4.67,4.5,4.5,충족,충족
본관(5층) 3층-3,여의도중학교,40-1,교사동 창면,본관(5층),본관(5층),3,3,도면기준,194277.83,547214.38,9.9,230.8,4.83,4.5,4.5,충족,충족
본관(5층) 4층-3,여의도중학교,40-1,교사동 창면,본관(5층),본관(5층),4,3,도면기준,194277.83,547214.38,13.5,230.8,5.0,4.5,4.5,충족,충족
본관(5층) 5층-3,여의도중학교,40-1,교사동 창면,본관(5층),본관(5층),5,3,도면기준,194277.83,547214.38,17.1,230.8,5.17,4.5,4.5,충족,충족
본관(5층) 1층-3,여의도중학교,40-1,교사동 창면,본관(5층),본관(5층),1,3,도면기준,194280.11,547211.59,2.4,230.8,4.5,4.5,4.5,충족,충족
본관(5층) 2층-4,여의도중학교,40-1,교사동 창면,본관(5층),본관(5층),2,4,도면기준,194280.11,547211.59,6.3,230.8,4.67,4.5,4.5,충족,충족
본관(5층) 3층-4,여의도중학교,40-1,교사동 창면,본관(5층),본관(5층),3,4,도면기준,194280.11,547211.59,9.9,230.8,4.83,4.5,4.5,충족,충족
본관(5층) 4층-4,여의도중학교,40-1,교사동 창면,본관(5층),본관(5층),4,4,도면기준,194280.11,547211.59,13.5,230.8,5.0,4.5,4.5,충족,충족
본관(5층) 5층-4,여의도중학교,40-1,교사동 창면,본관(5층),본관(5층),5,4,도면기준,194280.11,547211.59,17.1,230.8,5.17,4.5,4.5,충족,충족
본관(5층) 1층-4,여의도중학교,40-1,교사동 창면,본관(5층),본관(5층),1,4,도면기준,194283.52,547207.41,2.4,230.8,4.67,4.67,4.67,충족,충족
본관(5층) 2층-5,여의도중학교,40-1,교사동 창면,본관(5층),본관(5층),2,5,도면기준,194283.52,547207.41,6.3,230.8,4.67,4.67,4.67,충족,충족
본관(5층) 3층-5,여의도중학교,40-1,교사동 창면,본관(5층),본관(5층),3,5,도면기준,194283.52,547207.41,9.9,230.8,4.83,4.67,4.67,충족,충족
본관(5층) 4층-5,여의도중학교,40-1,교사동 창면,본관(5층),본관(5층),4,5,도면기준,194283.52,547207.41,13.5,230.8,5.17,4.67,4.67,충족,충족
본관(5층) 5층-5,여의도중학교,40-1,교사동 창면,본관(5층),본관(5층),5,5,도면기준,194283.52,547207.41,17.1,230.8,5.5,4.67,4.67,충족,충족
본관(5층) 1층-5,여의도중학교,40-1,교사동 창면,본관(5층),본관(5층),1,5,도면기준,194285.8,547204.62,2.4,230.8,4.67,4.67,4.67,충족,충족
본관(5층) 2층-6,여의도중학교,40-1,교사동 창면,본관(5층),본관(5층),2,6,도면기준,194285.8,547204.62,6.3,230.8,4.67,4.67,4.67,충족,충족
본관(5층) 3층-6,여의도중학교,40-1,교사동 창면,본관(5층),본관(5층),3,6,도면기준,194285.8,547204.62,9.9,230.8,4.83,4.67,4.67,충족,충족
본관(5층) 4층-6,여의도중학교,40-1,교사동 창면,본관(5층),본관(5층),4,6,도면기준,194285.8,547204.62,13.5,230.8,5.0,4.67,4.67,충족,충족
본관(5층) 5층-6,여의도중학교,40-1,교사동 창면,본관(5층),본관(5층),5,6,도면기준,194285.8,547204.62,17.1,230.8,5.33,4.67,4.67,충족,충족
본관(5층) 1층-6,여의도중학교,40-1,교사동 창면,본관(5층),본관(5층),1,6,도면기준,194289.21,547200.43,2.4,230.8,4.83,4.83,4.83,충족,충족
본관(5층) 2층-7,여의도중학교,40-1,교사동 창면,본관(5층),본관(5층),2,7,도면기준,194289.21,547200.43,6.3,230.8,4.83,4.83,4.83,충족,충족
본관(5층) 3층-7,여의도중학교,40-1,교사동 창면,본관(5층),본관(5층),3,7,도면기준,194289.21,547200.43,9.9,230.8,4.83,4.83,4.83,충족,충족
본관(5층) 4층-7,여의도중학교,40-1,교사동 창면,본관(5층),본관(5층),4,7,도면기준,194289.21,547200.43,13.5,230.8,5.0,4.83,4.83,충족,충족
본관(5층) 5층-7,여의도중학교,40-1,교사동 창면,본관(5층),본관(5층),5,7,도면기준,194289.21,547200.43,17.1,230.8,5.33,4.83,4.83,충족,충족
본관(5층) 1층-7,여의도중학교,40-1,교사동 창면,본관(5층),본관(5층),1,7,도면기준,194291.48,547197.64,2.4,230.8,4.83,4.83,4.83,충족,충족
본관(5층) 2층-8,여의도중학교,40-1,교사동 창면,본관(5층),본관(5층),2,8,도면기준,194291.48,547197.64,6.3,230.8,4.83,4.83,4.83,충족,충족
본관(5층) 3층-8,여의도중학교,40-1,교사동 창면,본관(5층),본관(5층),3,8,도면기준,194291.48,547197.64,9.9,230.8,4.83,4.83,4.83,충족,충족
본관(5층) 4층-8,여의도중학교,40-1,교사동 창면,본관(5층),본관(5층),4,8,도면기준,194291.48,547197.64,13.5,230.8,5.0,4.83,4.83,충족,충족
본관(5층) 5층-8,여의도중학교,40-1,교사동 창면,본관(5층),본관(5층),5,8,도면기준,194291.48,547197.64,17.1,230.8,5.33,4.83,4.83,충족,충족
본관(5층) 1층-8,여의도중학교,40-1,교사동 창면,본관(5층),본관(5층),1,8,도면기준,194294.89,547193.45,2.4,230.8,5.0,5.0,5.0,충족,충족
본관(5층) 2층-9,여의도중학교,40-1,교사동 창면,본관(5층),본관(5층),2,9,도면기준,194294.89,547193.45,6.3,230.8,5.0,5.0,5.0,충족,충족
본관(5층) 3층-9,여의도중학교,40-1,교사동 창면,본관(5층),본관(5층),3,9,도면기준,194294.89,547193.45,9.9,230.8,5.0,5.0,5.0,충족,충족
본관(5층) 4층-9,여의도중학교,40-1,교사동 창면,본관(5층),본관(5층),4,9,도면기준,194294.89,547193.45,13.5,230.8,5.17,5.0,5.0,충족,충족
본관(5층) 5층-9,여의도중학교,40-1,교사동 창면,본관(5층),본관(5층),5,9,도면기준,194294.89,547193.45,17.1,230.8,5.5,5.0,5.0,충족,충족
본관(5층) 1층-9,여의도중학교,40-1,교사동 창면,본관(5층),본관(5층),1,9,도면기준,194297.17,547190.66,2.4,230.8,5.0,5.0,5.0,충족,충족
본관(5층) 2층-10,여의도중학교,40-1,교사동 창면,본관(5층),본관(5층),2,10,도면기준,194297.17,547190.66,6.3,230.8,5.0,5.0,5.0,충족,충족
본관(5층) 3층-10,여의도중학교,40-1,교사동 창면,본관(5층),본관(5층),3,10,도면기준,194297.17,547190.66,9.9,230.8,5.0,5.0,5.0,충족,충족
본관(5층) 4층-10,여의도중학교,40-1,교사동 창면,본관(5층),본관(5층),4,10,도면기준,194297.17,547190.66,13.5,230.8,5.0,5.0,5.0,충족,충족
본관(5층) 5층-10,여의도중학교,40-1,교사동 창면,본관(5층),본관(5층),5,10,도면기준,194297.17,547190.66,17.1,230.8,5.33,5.0,5.0,충족,충족
본관(5층) 2층-11,여의도중학교,40-1,교사동 창면,본관(5층),본관(5층),2,11,도면기준,194300.58,547186.48,6.3,230.8,5.17,5.17,5.17,충족,충족
본관(5층) 3층-11,여의도중학교,40-1,교사동 창면,본관(5층),본관(5층),3,11,도면기준,194300.58,547186.48,9.9,230.8,5.17,5.17,5.17,충족,충족
본관(5층) 4층-11,여의도중학교,40-1,교사동 창면,본관(5층),본관(5층),4,11,도면기준,194300.58,547186.48,13.5,230.8,5.17,5.17,5.17,충족,충족
본관(5층) 5층-11,여의도중학교,40-1,교사동 창면,본관(5층),본관(5층),5,11,도면기준,194300.58,547186.48,17.1,230.8,5.5,5.17,5.17,충족,충족
본관(5층) 1층-10,여의도중학교,40-1,교사동 창면,본관(5층),본관(5층),1,10,도면기준,194302.85,547183.69,2.4,230.8,4.83,2.33,2.33,충족,충족
본관(5층) 2층-12,여의도중학교,40-1,교사동 창면,본관(5층),본관(5층),2,12,도면기준,194302.85,547183.69,6.3,230.8,5.17,5.17,5.17,충족,충족
본관(5층) 3층-12,여의도중학교,40-1,교사동 창면,본관(5층),본관(5층),3,12,도면기준,194302.85,547183.69,9.9,230.8,5.17,5.17,5.17,충족,충족
본관(5층) 4층-12,여의도중학교,40-1,교사동 창면,본관(5층),본관(5층),4,12,도면기준,194302.85,547183.69,13.5,230.8,5.17,5.17,5.17,충족,충족
본관(5층) 5층-12,여의도중학교,40-1,교사동 창면,본관(5층),본관(5층),5,12,도면기준,194302.85,547183.69,17.1,230.8,5.33,5.17,5.17,충족,충족
본관(5층) 1층-11,여의도중학교,40-1,교사동 창면,본관(5층),본관(5층),1,11,도면기준,194306.27,547179.5,2.4,230.8,4.5,2.33,2.33,충족,충족
본관(5층) 2층-13,여의도중학교,40-1,교사동 창면,본관(5층),본관(5층),2,13,도면기준,194306.27,547179.5,6.3,230.8,5.17,4.83,4.83,충족,충족
본관(5층) 3층-13,여의도중학교,40-1,교사동 창면,본관(5층),본관(5층),3,13,도면기준,194306.27,547179.5,9.9,230.8,5.17,4.83,4.83,충족,충족
본관(5층) 4층-13,여의도중학교,40-1,교사동 창면,본관(5층),본관(5층),4,13,도면기준,194306.27,547179.5,13.5,230.8,5.33,5.33,5.17,충족,충족
본관(5층) 5층-13,여의도중학교,40-1,교사동 창면,본관(5층),본관(5층),5,13,도면기준,194306.27,547179.5,17.1,230.8,5.5,5.33,5.17,충족,충족
본관(5층) 1층-12,여의도중학교,40-1,교사동 창면,본관(5층),본관(5층),1,12,도면기준,194308.54,547176.71,2.4,230.8,4.5,2.33,2.33,충족,충족
본관(5층) 2층-14,여의도중학교,40-1,교사동 창면,본관(5층),본관(5층),2,14,도면기준,194308.54,547176.71,6.3,230.8,5.17,4.83,4.83,충족,충족
본관(5층) 3층-14,여의도중학교,40-1,교사동 창면,본관(5층),본관(5층),3,14,도면기준,194308.54,547176.71,9.9,230.8,5.17,4.83,4.83,충족,충족
본관(5층) 4층-14,여의도중학교,40-1,교사동 창면,본관(5층),본관(5층),4,14,도면기준,194308.54,547176.71,13.5,230.8,5.17,4.83,4.83,충족,충족
본관(5층) 5층-14,여의도중학교,40-1,교사동 창면,본관(5층),본관(5층),5,14,도면기준,194308.54,547176.71,17.1,230.8,5.33,5.33,5.17,충족,충족
본관(5층) 1층-13,여의도중학교,40-1,교사동 창면,본관(5층),본관(5층),1,13,도면기준,194311.95,547172.53,2.4,230.8,4.33,2.33,2.33,충족,충족
본관(5층) 2층-15,여의도중학교,40-1,교사동 창면,본관(5층),본관(5층),2,15,도면기준,194311.95,547172.53,6.3,230.8,4.83,2.33,2.33,충족,충족
본관(5층) 3층-15,여의도중학교,40-1,교사동 창면,본관(5층),본관(5층),3,15,도면기준,194311.95,547172.53,9.9,230.8,5.17,4.83,4.83,충족,충족
본관(5층) 4층-15,여의도중학교,40-1,교사동 창면,본관(5층),본관(5층),4,15,도면기준,194311.95,547172.53,13.5,230.8,5.17,4.83,4.83,충족,충족
본관(5층) 5층-15,여의도중학교,40-1,교사동 창면,본관(5층),본관(5층),5,15,도면기준,194311.95,547172.53,17.1,230.8,5.5,5.5,5.17,충족,충족
본관(5층) 1층-14,여의도중학교,40-1,교사동 창면,본관(5층),본관(5층),1,14,도면기준,194314.23,547169.74,2.4,230.8,4.33,2.33,2.33,충족,충족
본관(5층) 2층-16,여의도중학교,40-1,교사동 창면,본관(5층),본관(5층),2,16,도면기준,194314.23,547169.74,6.3,230.8,4.5,2.33,2.33,충족,충족
본관(5층) 3층-16,여의도중학교,40-1,교사동 창면,본관(5층),본관(5층),3,16,도면기준,194314.23,547169.74,9.9,230.8,5.17,4.83,4.83,충족,충족
본관(5층) 4층-16,여의도중학교,40-1,교사동 창면,본관(5층),본관(5층),4,16,도면기준,194314.23,547169.74,13.5,230.8,5.17,4.83,4.83,충족,충족
본관(5층) 5층-16,여의도중학교,40-1,교사동 창면,본관(5층),본관(5층),5,16,도면기준,194314.23,547169.74,17.1,230.8,5.33,5.0,5.0,충족,충족
본관(5층) 1층-15,여의도중학교,40-1,교사동 창면,본관(5층),본관(5층),1,15,도면기준,194317.64,547165.55,2.4,230.8,4.83,2.5,2.5,충족,충족
본관(5층) 2층-17,여의도중학교,40-1,교사동 창면,본관(5층),본관(5층),2,17,도면기준,194317.64,547165.55,6.3,230.8,4.83,2.5,2.5,충족,충족
본관(5층) 3층-17,여의도중학교,40-1,교사동 창면,본관(5층),본관(5층),3,17,도면기준,194317.64,547165.55,9.9,230.8,5.0,2.5,2.5,충족,충족
본관(5층) 4층-17,여의도중학교,40-1,교사동 창면,본관(5층),본관(5층),4,17,도면기준,194317.64,547165.55,13.5,230.8,5.33,4.83,4.83,충족,충족
본관(5층) 5층-17,여의도중학교,40-1,교사동 창면,본관(5층),본관(5층),5,17,도면기준,194317.64,547165.55,17.1,230.8,5.5,5.0,5.0,충족,충족
본관(5층) 1층-16,여의도중학교,40-1,교사동 창면,본관(5층),본관(5층),1,16,도면기준,194319.91,547162.76,2.4,230.8,4.33,2.5,2.5,충족,충족
본관(5층) 2층-18,여의도중학교,40-1,교사동 창면,본관(5층),본관(5층),2,18,도면기준,194319.91,547162.76,6.3,230.8,4.5,2.5,2.5,충족,충족
본관(5층) 3층-18,여의도중학교,40-1,교사동 창면,본관(5층),본관(5층),3,18,도면기준,194319.91,547162.76,9.9,230.8,4.5,2.5,2.5,충족,충족
본관(5층) 4층-18,여의도중학교,40-1,교사동 창면,본관(5층),본관(5층),4,18,도면기준,194319.91,547162.76,13.5,230.8,5.17,2.5,2.5,충족,충족
본관(5층) 5층-18,여의도중학교,40-1,교사동 창면,본관(5층),본관(5층),5,18,도면기준,194319.91,547162.76,17.1,230.8,5.33,5.0,5.0,충족,충족
본관(5층) 1층-17,여의도중학교,40-1,교사동 창면,본관(5층),본관(5층),1,17,도면기준,194323.32,547158.57,2.4,230.8,4.5,2.5,2.5,충족,충족
본관(5층) 2층-19,여의도중학교,40-1,교사동 창면,본관(5층),본관(5층),2,19,도면기준,194323.32,547158.57,6.3,230.8,4.5,2.5,2.5,충족,충족
본관(5층) 3층-19,여의도중학교,40-1,교사동 창면,본관(5층),본관(5층),3,19,도면기준,194323.32,547158.57,9.9,230.8,4.67,2.5,2.5,충족,충족
본관(5층) 4층-19,여의도중학교,40-1,교사동 창면,본관(5층),본관(5층),4,19,도면기준,194323.32,547158.57,13.5,230.8,5.0,2.67,2.67,충족,충족
본관(5층) 5층-19,여의도중학교,40-1,교사동 창면,본관(5층),본관(5층),5,19,도면기준,194323.32,547158.57,17.1,230.8,5.5,5.0,5.0,충족,충족
본관(5층) 2층-20,여의도중학교,40-1,교사동 창면,본관(5층),본관(5층),2,20,도면기준,194325.6,547155.78,6.3,230.8,4.33,2.5,2.5,충족,충족
본관(5층) 3층-20,여의도중학교,40-1,교사동 창면,본관(5층),본관(5층),3,20,도면기준,194325.6,547155.78,9.9,230.8,4.83,2.67,2.67,충족,충족
본관(5층) 4층-20,여의도중학교,40-1,교사동 창면,본관(5층),본관(5층),4,20,도면기준,194325.6,547155.78,13.5,230.8,4.83,2.67,2.67,충족,충족
본관(5층) 5층-20,여의도중학교,40-1,교사동 창면,본관(5층),본관(5층),5,20,도면기준,194325.6,547155.78,17.1,230.8,5.33,2.67,2.67,충족,충족
본관(5층) 2층-21,여의도중학교,40-1,교사동 창면,본관(5층),본관(5층),2,21,도면기준,194329.01,547151.6,6.3,230.8,4.5,2.67,2.67,충족,충족
본관(5층) 3층-21,여의도중학교,40-1,교사동 창면,본관(5층),본관(5층),3,21,도면기준,194329.01,547151.6,9.9,230.8,4.67,2.67,2.67,충족,충족
본관(5층) 4층-21,여의도중학교,40-1,교사동 창면,본관(5층),본관(5층),4,21,도면기준,194329.01,547151.6,13.5,230.8,4.67,2.67,2.67,충족,충족
본관(5층) 5층-21,여의도중학교,40-1,교사동 창면,본관(5층),본관(5층),5,21,도면기준,194329.01,547151.6,17.1,230.8,4.83,2.67,2.67,충족,충족
본관(5층) 1층-18,여의도중학교,40-1,교사동 창면,본관(5층),본관(5층),1,18,도면기준,194331.28,547148.81,2.4,230.8,4.0,2.67,2.67,충족,충족
본관(5층) 2층-22,여의도중학교,40-1,교사동 창면,본관(5층),본관(5층),2,22,도면기준,194331.28,547148.81,6.3,230.8,4.5,2.67,2.67,충족,충족
본관(5층) 3층-22,여의도중학교,40-1,교사동 창면,본관(5층),본관(5층),3,22,도면기준,194331.28,547148.81,9.9,230.8,4.67,2.67,2.67,충족,충족
본관(5층) 4층-22,여의도중학교,40-1,교사동 창면,본관(5층),본관(5층),4,22,도면기준,194331.28,547148.81,13.5,230.8,4.67,2.67,2.67,충족,충족
본관(5층) 5층-22,여의도중학교,40-1,교사동 창면,본관(5층),본관(5층),5,22,도면기준,194331.28,547148.81,17.1,230.8,5.0,2.83,2.83,충족,충족
본관(5층) 1층-19,여의도중학교,40-1,교사동 창면,본관(5층),본관(5층),1,19,도면기준,194334.7,547144.62,2.4,230.8,2.5,2.0,2.0,충족,충족
본관(5층) 2층-23,여의도중학교,40-1,교사동 창면,본관(5층),본관(5층),2,23,도면기준,194334.7,547144.62,6.3,230.8,4.33,2.67,2.67,충족,충족
본관(5층) 3층-23,여의도중학교,40-1,교사동 창면,본관(5층),본관(5층),3,23,도면기준,194334.7,547144.62,9.9,230.8,4.5,2.67,2.67,충족,충족
본관(5층) 4층-23,여의도중학교,40-1,교사동 창면,본관(5층),본관(5층),4,23,도면기준,194334.7,547144.62,13.5,230.8,4.67,2.83,2.83,충족,충족
본관(5층) 5층-23,여의도중학교,40-1,교사동 창면,본관(5층),본관(5층),5,23,도면기준,194334.7,547144.62,17.1,230.8,4.83,2.83,2.83,충족,충족
본관(5층) 1층-20,여의도중학교,40-1,교사동 창면,본관(5층),본관(5층),1,20,도면기준,194336.97,547141.83,2.4,230.8,2.17,1.83,1.83,불충족,불충족
본관(5층) 2층-24,여의도중학교,40-1,교사동 창면,본관(5층),본관(5층),2,24,도면기준,194336.97,547141.83,6.3,230.8,3.33,2.67,2.67,충족,충족
본관(5층) 3층-24,여의도중학교,40-1,교사동 창면,본관(5층),본관(5층),3,24,도면기준,194336.97,547141.83,9.9,230.8,4.67,2.83,2.83,충족,충족
본관(5층) 4층-24,여의도중학교,40-1,교사동 창면,본관(5층),본관(5층),4,24,도면기준,194336.97,547141.83,13.5,230.8,4.67,2.83,2.83,충족,충족
본관(5층) 5층-24,여의도중학교,40-1,교사동 창면,본관(5층),본관(5층),5,24,도면기준,194336.97,547141.83,17.1,230.8,4.83,2.83,2.83,충족,충족
본관(5층) 1층-21,여의도중학교,40-1,교사동 창면,본관(5층),본관(5층),1,21,도면기준,194340.38,547137.64,2.4,230.8,2.0,2.0,2.0,충족,충족
본관(5층) 2층-25,여의도중학교,40-1,교사동 창면,본관(5층),본관(5층),2,25,도면기준,194340.38,547137.64,6.3,230.8,2.83,2.83,2.83,충족,충족
본관(5층) 3층-25,여의도중학교,40-1,교사동 창면,본관(5층),본관(5층),3,25,도면기준,194340.38,547137.64,9.9,230.8,3.67,2.83,2.83,충족,충족
본관(5층) 4층-25,여의도중학교,40-1,교사동 창면,본관(5층),본관(5층),4,25,도면기준,194340.38,547137.64,13.5,230.8,4.33,2.83,2.83,충족,충족
본관(5층) 5층-25,여의도중학교,40-1,교사동 창면,본관(5층),본관(5층),5,25,도면기준,194340.38,547137.64,17.1,230.8,4.5,2.83,2.83,충족,충족
본관(5층) 1층-22,여의도중학교,40-1,교사동 창면,본관(5층),본관(5층),1,22,도면기준,194342.66,547134.85,2.4,230.8,2.17,2.17,2.17,충족,충족
본관(5층) 2층-26,여의도중학교,40-1,교사동 창면,본관(5층),본관(5층),2,26,도면기준,194342.66,547134.85,6.3,230.8,2.83,2.83,2.83,충족,충족
본관(5층) 3층-26,여의도중학교,40-1,교사동 창면,본관(5층),본관(5층),3,26,도면기준,194342.66,547134.85,9.9,230.8,3.33,2.83,2.83,충족,충족
본관(5층) 4층-26,여의도중학교,40-1,교사동 창면,본관(5층),본관(5층),4,26,도면기준,194342.66,547134.85,13.5,230.8,4.17,2.83,2.83,충족,충족
본관(5층) 5층-26,여의도중학교,40-1,교사동 창면,본관(5층),본관(5층),5,26,도면기준,194342.66,547134.85,17.1,230.8,4.5,3.0,3.0,충족,충족
본관(5층) 1층-23,여의도중학교,40-1,교사동 창면,본관(5층),본관(5층),1,23,도면기준,194346.07,547130.67,2.4,230.8,2.33,2.33,2.33,충족,충족
본관(5층) 2층-27,여의도중학교,40-1,교사동 창면,본관(5층),본관(5층),2,27,도면기준,194346.07,547130.67,6.3,230.8,2.83,2.83,2.83,충족,충족
본관(5층) 3층-27,여의도중학교,40-1,교사동 창면,본관(5층),본관(5층),3,27,도면기준,194346.07,547130.67,9.9,230.8,3.33,2.83,2.83,충족,충족
본관(5층) 4층-27,여의도중학교,40-1,교사동 창면,본관(5층),본관(5층),4,27,도면기준,194346.07,547130.67,13.5,230.8,4.17,3.0,3.0,충족,충족
본관(5층) 5층-27,여의도중학교,40-1,교사동 창면,본관(5층),본관(5층),5,27,도면기준,194346.07,547130.67,17.1,230.8,4.17,3.0,3.0,충족,충족
본관(5층) 1층-24,여의도중학교,40-1,교사동 창면,본관(5층),본관(5층),1,24,도면기준,194348.34,547127.88,2.4,230.8,2.67,2.67,2.67,충족,충족
본관(5층) 2층-28,여의도중학교,40-1,교사동 창면,본관(5층),본관(5층),2,28,도면기준,194348.34,547127.88,6.3,230.8,2.83,2.83,2.83,충족,충족
본관(5층) 3층-28,여의도중학교,40-1,교사동 창면,본관(5층),본관(5층),3,28,도면기준,194348.34,547127.88,9.9,230.8,3.17,2.83,2.83,충족,충족
본관(5층) 4층-28,여의도중학교,40-1,교사동 창면,본관(5층),본관(5층),4,28,도면기준,194348.34,547127.88,13.5,230.8,4.0,3.0,3.0,충족,충족
본관(5층) 5층-28,여의도중학교,40-1,교사동 창면,본관(5층),본관(5층),5,28,도면기준,194348.34,547127.88,17.1,230.8,4.17,3.0,3.0,충족,충족
본관(5층) 1층-25,여의도중학교,40-1,교사동 창면,본관(5층),본관(5층),1,25,도면기준,194351.75,547123.69,2.4,230.8,3.0,3.0,3.0,충족,충족
본관(5층) 2층-29,여의도중학교,40-1,교사동 창면,본관(5층),본관(5층),2,29,도면기준,194351.75,547123.69,6.3,230.8,3.0,3.0,3.0,충족,충족
본관(5층) 3층-29,여의도중학교,40-1,교사동 창면,본관(5층),본관(5층),3,29,도면기준,194351.75,547123.69,9.9,230.8,3.5,3.0,3.0,충족,충족
본관(5층) 4층-29,여의도중학교,40-1,교사동 창면,본관(5층),본관(5층),4,29,도면기준,194351.75,547123.69,13.5,230.8,4.0,3.0,3.0,충족,충족
본관(5층) 5층-29,여의도중학교,40-1,교사동 창면,본관(5층),본관(5층),5,29,도면기준,194351.75,547123.69,17.1,230.8,4.17,3.0,3.0,충족,충족
본관(5층) 4층-30,여의도중학교,40-1,교사동 창면,본관(5층),본관(5층),4,30,도면기준,194354.03,547120.9,13.5,230.8,3.67,3.0,3.0,충족,충족
본관(5층) 5층-30,여의도중학교,40-1,교사동 창면,본관(5층),본관(5층),5,30,도면기준,194354.03,547120.9,17.1,230.8,3.83,3.17,3.17,충족,충족
본관(5층) 1층-26,여의도중학교,40-1,교사동 창면,본관(5층),본관(5층),1,26,도면기준,194357.44,547116.72,2.4,230.8,3.17,3.17,3.17,충족,충족
본관(5층) 2층-30,여의도중학교,40-1,교사동 창면,본관(5층),본관(5층),2,30,도면기준,194357.44,547116.72,6.3,230.8,3.17,3.17,3.17,충족,충족
본관(5층) 3층-30,여의도중학교,40-1,교사동 창면,본관(5층),본관(5층),3,30,도면기준,194357.44,547116.72,9.9,230.8,3.5,3.17,3.17,충족,충족
본관(5층) 4층-31,여의도중학교,40-1,교사동 창면,본관(5층),본관(5층),4,31,도면기준,194357.44,547116.72,13.5,230.8,4.0,3.17,3.17,충족,충족
본관(5층) 5층-31,여의도중학교,40-1,교사동 창면,본관(5층),본관(5층),5,31,도면기준,194357.44,547116.72,17.1,230.8,4.0,3.17,3.17,충족,충족
본관(5층) 1층-27,여의도중학교,40-1,교사동 창면,본관(5층),본관(5층),1,27,도면기준,194359.71,547113.92,2.4,230.8,3.17,3.17,3.17,충족,충족
본관(5층) 2층-31,여의도중학교,40-1,교사동 창면,본관(5층),본관(5층),2,31,도면기준,194359.71,547113.92,6.3,230.8,3.17,3.17,3.17,충족,충족
본관(5층) 3층-31,여의도중학교,40-1,교사동 창면,본관(5층),본관(5층),3,31,도면기준,194359.71,547113.92,9.9,230.8,3.5,3.17,3.17,충족,충족
본관(5층) 4층-32,여의도중학교,40-1,교사동 창면,본관(5층),본관(5층),4,32,도면기준,194359.71,547113.92,13.5,230.8,3.83,3.17,3.17,충족,충족
본관(5층) 5층-32,여의도중학교,40-1,교사동 창면,본관(5층),본관(5층),5,32,도면기준,194359.71,547113.92,17.1,230.8,3.83,3.17,3.17,충족,충족
체육관동(정보화센타) 1층-1,여의도중학교,40-1,교사동 창면,체육관동(정보화센타),체육관동(정보화센타),1,1,도면기준,194314.24,547109.46,2.05,264.3,0.0,0.0,0.0,불충족,불충족
체육관동(정보화센타) 2층-1,여의도중학교,40-1,교사동 창면,체육관동(정보화센타),체육관동(정보화센타),2,1,도면기준,194314.24,547109.46,5.95,264.3,0.0,0.0,0.0,불충족,불충족
체육관동(정보화센타) 3층-1,여의도중학교,40-1,교사동 창면,체육관동(정보화센타),체육관동(정보화센타),3,1,도면기준,194314.24,547109.46,9.55,264.3,0.83,0.83,0.83,불충족,불충족
체육관동(정보화센타) 4층-1,여의도중학교,40-1,교사동 창면,체육관동(정보화센타),체육관동(정보화센타),4,1,도면기준,194314.24,547109.46,13.15,264.3,1.67,0.83,0.83,불충족,불충족
체육관동(정보화센타) 1층-2,여의도중학교,40-1,교사동 창면,체육관동(정보화센타),체육관동(정보화센타),1,2,도면기준,194314.75,547105.79,2.05,246.2,0.0,0.0,0.0,불충족,불충족
체육관동(정보화센타) 2층-2,여의도중학교,40-1,교사동 창면,체육관동(정보화센타),체육관동(정보화센타),2,2,도면기준,194314.75,547105.79,5.95,246.2,0.83,0.83,0.83,불충족,불충족
체육관동(정보화센타) 3층-2,여의도중학교,40-1,교사동 창면,체육관동(정보화센타),체육관동(정보화센타),3,2,도면기준,194314.75,547105.79,9.55,246.2,1.33,1.0,1.0,불충족,불충족
체육관동(정보화센타) 4층-2,여의도중학교,40-1,교사동 창면,체육관동(정보화센타),체육관동(정보화센타),4,2,도면기준,194314.75,547105.79,13.15,246.2,2.5,1.0,1.0,불충족,불충족
체육관동(정보화센타) 1층-3,여의도중학교,40-1,교사동 창면,체육관동(정보화센타),체육관동(정보화센타),1,3,도면기준,194317.1,547100.72,2.05,217.2,0.0,0.0,0.0,불충족,불충족
체육관동(정보화센타) 2층-3,여의도중학교,40-1,교사동 창면,체육관동(정보화센타),체육관동(정보화센타),2,3,도면기준,194317.1,547100.72,5.95,217.2,0.83,0.83,0.83,불충족,불충족
체육관동(정보화센타) 3층-3,여의도중학교,40-1,교사동 창면,체육관동(정보화센타),체육관동(정보화센타),3,3,도면기준,194317.1,547100.72,9.55,217.2,2.5,2.5,2.5,충족,충족
체육관동(정보화센타) 4층-3,여의도중학교,40-1,교사동 창면,체육관동(정보화센타),체육관동(정보화센타),4,3,도면기준,194317.1,547100.72,13.15,217.2,4.67,3.33,3.17,충족,충족
체육관동(정보화센타) 1층-4,여의도중학교,40-1,교사동 창면,체육관동(정보화센타),체육관동(정보화센타),1,4,도면기준,194319.96,547098.54,2.05,217.2,0.0,0.0,0.0,불충족,불충족
체육관동(정보화센타) 2층-4,여의도중학교,40-1,교사동 창면,체육관동(정보화센타),체육관동(정보화센타),2,4,도면기준,194319.96,547098.54,5.95,217.2,0.5,0.5,0.5,불충족,불충족
체육관동(정보화센타) 3층-4,여의도중학교,40-1,교사동 창면,체육관동(정보화센타),체육관동(정보화센타),3,4,도면기준,194319.96,547098.54,9.55,217.2,2.33,2.33,2.33,충족,충족
체육관동(정보화센타) 4층-4,여의도중학교,40-1,교사동 창면,체육관동(정보화센타),체육관동(정보화센타),4,4,도면기준,194319.96,547098.54,13.15,217.2,4.67,3.33,3.33,충족,충족
체육관동(정보화센타) 1층-5,여의도중학교,40-1,교사동 창면,체육관동(정보화센타),체육관동(정보화센타),1,5,도면기준,194324.93,547096.26,2.05,200.4,0.0,0.0,0.0,불충족,불충족
체육관동(정보화센타) 2층-5,여의도중학교,40-1,교사동 창면,체육관동(정보화센타),체육관동(정보화센타),2,5,도면기준,194324.93,547096.26,5.95,200.4,0.17,0.17,0.17,불충족,불충족
체육관동(정보화센타) 3층-5,여의도중학교,40-1,교사동 창면,체육관동(정보화센타),체육관동(정보화센타),3,5,도면기준,194324.93,547096.26,9.55,200.4,2.17,1.67,1.67,불충족,불충족
체육관동(정보화센타) 4층-5,여의도중학교,40-1,교사동 창면,체육관동(정보화센타),체육관동(정보화센타),4,5,도면기준,194324.93,547096.26,13.15,200.4,4.0,2.67,2.67,충족,충족
체육관동(정보화센타) 1층-6,여의도중학교,40-1,교사동 창면,체육관동(정보화센타),체육관동(정보화센타),1,6,도면기준,194328.61,547095.83,2.05,185.7,0.0,0.0,0.0,불충족,불충족
체육관동(정보화센타) 2층-6,여의도중학교,40-1,교사동 창면,체육관동(정보화센타),체육관동(정보화센타),2,6,도면기준,194328.61,547095.83,5.95,185.7,0.0,0.0,0.0,불충족,불충족
체육관동(정보화센타) 3층-6,여의도중학교,40-1,교사동 창면,체육관동(정보화센타),체육관동(정보화센타),3,6,도면기준,194328.61,547095.83,9.55,185.7,1.67,1.0,1.0,불충족,불충족
체육관동(정보화센타) 4층-6,여의도중학교,40-1,교사동 창면,체육관동(정보화센타),체육관동(정보화센타),4,6,도면기준,194328.61,547095.83,13.15,185.7,2.67,1.5,1.5,불충족,불충족
체육관동(정보화센타) 1층-7,여의도중학교,40-1,교사동 창면,체육관동(정보화센타),체육관동(정보화센타),1,7,도면기준,194330.93,547090.87,2.05,268.8,0.0,0.0,0.0,불충족,불충족
체육관동(정보화센타) 2층-7,여의도중학교,40-1,교사동 창면,체육관동(정보화센타),체육관동(정보화센타),2,7,도면기준,194330.93,547090.87,5.95,268.8,0.0,0.0,0.0,불충족,불충족
체육관동(정보화센타) 3층-7,여의도중학교,40-1,교사동 창면,체육관동(정보화센타),체육관동(정보화센타),3,7,도면기준,194330.93,547090.87,9.55,268.8,0.5,0.5,0.5,불충족,불충족
체육관동(정보화센타) 4층-7,여의도중학교,40-1,교사동 창면,체육관동(정보화센타),체육관동(정보화센타),4,7,도면기준,194330.93,547090.87,13.15,268.8,1.17,0.67,0.67,불충족,불충족
체육관동(정보화센타) 1층-8,여의도중학교,40-1,교사동 창면,체육관동(정보화센타),체육관동(정보화센타),1,8,도면기준,194331.39,547087.25,2.05,262.0,0.0,0.0,0.0,불충족,불충족
체육관동(정보화센타) 2층-8,여의도중학교,40-1,교사동 창면,체육관동(정보화센타),체육관동(정보화센타),2,8,도면기준,194331.39,547087.25,5.95,262.0,0.0,0.0,0.0,불충족,불충족
체육관동(정보화센타) 3층-8,여의도중학교,40-1,교사동 창면,체육관동(정보화센타),체육관동(정보화센타),3,8,도면기준,194331.39,547087.25,9.55,262.0,0.0,0.0,0.0,불충족,불충족
체육관동(정보화센타) 4층-8,여의도중학교,40-1,교사동 창면,체육관동(정보화센타),체육관동(정보화센타),4,8,도면기준,194331.39,547087.25,13.15,262.0,1.17,0.67,0.67,불충족,불충족
체육관동(정보화센타) 1층-9,여의도중학교,40-1,교사동 창면,체육관동(정보화센타),체육관동(정보화센타),1,9,도면기준,194310.09,547062.96,2.05,230.3,1.83,1.83,1.83,불충족,불충족
체육관동(정보화센타) 2층-9,여의도중학교,40-1,교사동 창면,체육관동(정보화센타),체육관동(정보화센타),2,9,도면기준,194310.09,547062.96,5.95,230.3,2.5,1.83,1.83,불충족,불충족
체육관동(정보화센타) 3층-9,여의도중학교,40-1,교사동 창면,체육관동(정보화센타),체육관동(정보화센타),3,9,도면기준,194310.09,547062.96,9.55,230.3,2.83,1.83,1.83,불충족,불충족
체육관동(정보화센타) 4층-9,여의도중학교,40-1,교사동 창면,체육관동(정보화센타),체육관동(정보화센타),4,9,도면기준,194310.09,547062.96,13.15,230.3,3.0,1.83,1.83,불충족,불충족
체육관동(정보화센타) 1층-10,여의도중학교,40-1,교사동 창면,체육관동(정보화센타),체육관동(정보화센타),1,10,도면기준,194312.39,547060.19,2.05,230.3,1.83,1.83,1.83,불충족,불충족
체육관동(정보화센타) 2층-10,여의도중학교,40-1,교사동 창면,체육관동(정보화센타),체육관동(정보화센타),2,10,도면기준,194312.39,547060.19,5.95,230.3,1.83,1.83,1.83,불충족,불충족
체육관동(정보화센타) 3층-10,여의도중학교,40-1,교사동 창면,체육관동(정보화센타),체육관동(정보화센타),3,10,도면기준,194312.39,547060.19,9.55,230.3,2.67,1.83,1.83,불충족,불충족
체육관동(정보화센타) 4층-10,여의도중학교,40-1,교사동 창면,체육관동(정보화센타),체육관동(정보화센타),4,10,도면기준,194312.39,547060.19,13.15,230.3,2.67,1.83,1.83,불충족,불충족
체육관동(정보화센타) 1층-11,여의도중학교,40-1,교사동 창면,체육관동(정보화센타),체육관동(정보화센타),1,11,도면기준,194315.84,547056.03,2.05,230.3,2.0,2.0,2.0,충족,충족
체육관동(정보화센타) 2층-11,여의도중학교,40-1,교사동 창면,체육관동(정보화센타),체육관동(정보화센타),2,11,도면기준,194315.84,547056.03,5.95,230.3,2.0,2.0,2.0,충족,충족
체육관동(정보화센타) 3층-11,여의도중학교,40-1,교사동 창면,체육관동(정보화센타),체육관동(정보화센타),3,11,도면기준,194315.84,547056.03,9.55,230.3,2.83,2.0,2.0,충족,충족
체육관동(정보화센타) 4층-11,여의도중학교,40-1,교사동 창면,체육관동(정보화센타),체육관동(정보화센타),4,11,도면기준,194315.84,547056.03,13.15,230.3,3.5,2.0,2.0,충족,충족
체육관동(정보화센타) 1층-12,여의도중학교,40-1,교사동 창면,체육관동(정보화센타),체육관동(정보화센타),1,12,도면기준,194318.8,547054.24,2.05,142.4,3.17,3.17,3.0,충족,충족
체육관동(정보화센타) 2층-12,여의도중학교,40-1,교사동 창면,체육관동(정보화센타),체육관동(정보화센타),2,12,도면기준,194318.8,547054.24,5.95,142.4,3.33,3.33,3.0,충족,충족
체육관동(정보화센타) 3층-12,여의도중학교,40-1,교사동 창면,체육관동(정보화센타),체육관동(정보화센타),3,12,도면기준,194318.8,547054.24,9.55,142.4,4.17,3.33,3.0,충족,충족
체육관동(정보화센타) 4층-12,여의도중학교,40-1,교사동 창면,체육관동(정보화센타),체육관동(정보화센타),4,12,도면기준,194318.8,547054.24,13.15,142.4,4.67,3.33,3.0,충족,충족
체육관동(정보화센타) 1층-13,여의도중학교,40-1,교사동 창면,체육관동(정보화센타),체육관동(정보화센타),1,13,도면기준,194323.08,547057.53,2.05,142.4,3.33,3.33,3.17,충족,충족
체육관동(정보화센타) 2층-13,여의도중학교,40-1,교사동 창면,체육관동(정보화센타),체육관동(정보화센타),2,13,도면기준,194323.08,547057.53,5.95,142.4,4.0,3.33,3.17,충족,충족
체육관동(정보화센타) 3층-13,여의도중학교,40-1,교사동 창면,체육관동(정보화센타),체육관동(정보화센타),3,13,도면기준,194323.08,547057.53,9.55,142.4,4.67,3.5,3.17,충족,충족
체육관동(정보화센타) 4층-13,여의도중학교,40-1,교사동 창면,체육관동(정보화센타),체육관동(정보화센타),4,13,도면기준,194323.08,547057.53,13.15,142.4,4.67,3.5,3.17,충족,충족
체육관동(정보화센타) 1층-14,여의도중학교,40-1,교사동 창면,체육관동(정보화센타),체육관동(정보화센타),1,14,도면기준,194325.93,547059.73,2.05,142.4,3.5,3.5,3.33,충족,충족
체육관동(정보화센타) 2층-14,여의도중학교,40-1,교사동 창면,체육관동(정보화센타),체육관동(정보화센타),2,14,도면기준,194325.93,547059.73,5.95,142.4,4.0,3.5,3.33,충족,충족
체육관동(정보화센타) 3층-14,여의도중학교,40-1,교사동 창면,체육관동(정보화센타),체육관동(정보화센타),3,14,도면기준,194325.93,547059.73,9.55,142.4,4.5,3.5,3.33,충족,충족
체육관동(정보화센타) 4층-14,여의도중학교,40-1,교사동 창면,체육관동(정보화센타),체육관동(정보화센타),4,14,도면기준,194325.93,547059.73,13.15,142.4,4.67,3.67,3.33,충족,충족
체육관동(정보화센타) 1층-15,여의도중학교,40-1,교사동 창면,체육관동(정보화센타),체육관동(정보화센타),1,15,도면기준,194330.19,547063.08,2.05,139.3,4.0,3.5,3.5,충족,충족
체육관동(정보화센타) 2층-15,여의도중학교,40-1,교사동 창면,체육관동(정보화센타),체육관동(정보화센타),2,15,도면기준,194330.19,547063.08,5.95,139.3,4.33,3.67,3.5,충족,충족
체육관동(정보화센타) 3층-15,여의도중학교,40-1,교사동 창면,체육관동(정보화센타),체육관동(정보화센타),3,15,도면기준,194330.19,547063.08,9.55,139.3,4.67,3.67,3.5,충족,충족
체육관동(정보화센타) 4층-15,여의도중학교,40-1,교사동 창면,체육관동(정보화센타),체육관동(정보화센타),4,15,도면기준,194330.19,547063.08,13.15,139.3,4.67,3.67,3.5,충족,충족
체육관동(정보화센타) 1층-16,여의도중학교,40-1,교사동 창면,체육관동(정보화센타),체육관동(정보화센타),1,16,도면기준,194332.92,547065.43,2.05,139.3,3.83,3.5,3.5,충족,충족
체육관동(정보화센타) 2층-16,여의도중학교,40-1,교사동 창면,체육관동(정보화센타),체육관동(정보화센타),2,16,도면기준,194332.92,547065.43,5.95,139.3,4.17,3.5,3.5,충족,충족
체육관동(정보화센타) 3층-16,여의도중학교,40-1,교사동 창면,체육관동(정보화센타),체육관동(정보화센타),3,16,도면기준,194332.92,547065.43,9.55,139.3,4.67,3.67,3.5,충족,충족
체육관동(정보화센타) 4층-16,여의도중학교,40-1,교사동 창면,체육관동(정보화센타),체육관동(정보화센타),4,16,도면기준,194332.92,547065.43,13.15,139.3,4.67,3.67,3.5,충족,충족
체육관동(정보화센타) 1층-17,여의도중학교,40-1,교사동 창면,체육관동(정보화센타),체육관동(정보화센타),1,17,도면기준,194337.01,547068.95,2.05,139.3,4.0,3.5,3.5,충족,충족
체육관동(정보화센타) 2층-17,여의도중학교,40-1,교사동 창면,체육관동(정보화센타),체육관동(정보화센타),2,17,도면기준,194337.01,547068.95,5.95,139.3,4.67,3.67,3.67,충족,충족
체육관동(정보화센타) 3층-17,여의도중학교,40-1,교사동 창면,체육관동(정보화센타),체육관동(정보화센타),3,17,도면기준,194337.01,547068.95,9.55,139.3,4.83,3.67,3.67,충족,충족
체육관동(정보화센타) 4층-17,여의도중학교,40-1,교사동 창면,체육관동(정보화센타),체육관동(정보화센타),4,17,도면기준,194337.01,547068.95,13.15,139.3,5.17,3.83,3.67,충족,충족
체육관동(정보화센타) 1층-18,여의도중학교,40-1,교사동 창면,체육관동(정보화센타),체육관동(정보화센타),1,18,도면기준,194339.72,547071.36,2.05,135.8,4.17,3.67,3.67,충족,충족
체육관동(정보화센타) 2층-18,여의도중학교,40-1,교사동 창면,체육관동(정보화센타),체육관동(정보화센타),2,18,도면기준,194339.72,547071.36,5.95,135.8,4.33,3.67,3.67,충족,충족
체육관동(정보화센타) 3층-18,여의도중학교,40-1,교사동 창면,체육관동(정보화센타),체육관동(정보화센타),3,18,도면기준,194339.72,547071.36,9.55,135.8,4.67,3.83,3.83,충족,충족
체육관동(정보화센타) 4층-18,여의도중학교,40-1,교사동 창면,체육관동(정보화센타),체육관동(정보화센타),4,18,도면기준,194339.72,547071.36,13.15,135.8,5.0,4.5,3.83,충족,충족
체육관동(정보화센타) 1층-19,여의도중학교,40-1,교사동 창면,체육관동(정보화센타),체육관동(정보화센타),1,19,도면기준,194343.49,547075.26,2.05,131.1,4.0,3.5,3.5,충족,충족
체육관동(정보화센타) 2층-19,여의도중학교,40-1,교사동 창면,체육관동(정보화센타),체육관동(정보화센타),2,19,도면기준,194343.49,547075.26,5.95,131.1,4.5,3.67,3.67,충족,충족
체육관동(정보화센타) 3층-19,여의도중학교,40-1,교사동 창면,체육관동(정보화센타),체육관동(정보화센타),3,19,도면기준,194343.49,547075.26,9.55,131.1,4.67,4.33,3.83,충족,충족
체육관동(정보화센타) 4층-19,여의도중학교,40-1,교사동 창면,체육관동(정보화센타),체육관동(정보화센타),4,19,도면기준,194343.49,547075.26,13.15,131.1,4.67,4.33,3.83,충족,충족
체육관동(정보화센타) 1층-20,여의도중학교,40-1,교사동 창면,체육관동(정보화센타),체육관동(정보화센타),1,20,도면기준,194345.5,547078.33,2.05,120.1,4.0,3.67,3.67,충족,충족
체육관동(정보화센타) 2층-20,여의도중학교,40-1,교사동 창면,체육관동(정보화센타),체육관동(정보화센타),2,20,도면기준,194345.5,547078.33,5.95,120.1,4.5,4.5,4.0,충족,충족
체육관동(정보화센타) 3층-20,여의도중학교,40-1,교사동 창면,체육관동(정보화센타),체육관동(정보화센타),3,20,도면기준,194345.5,547078.33,9.55,120.1,4.5,4.5,4.0,충족,충족
체육관동(정보화센타) 4층-20,여의도중학교,40-1,교사동 창면,체육관동(정보화센타),체육관동(정보화센타),4,20,도면기준,194345.5,547078.33,13.15,120.1,4.5,4.5,4.0,충족,충족
체육관동(정보화센타) 1층-21,여의도중학교,40-1,교사동 창면,체육관동(정보화센타),체육관동(정보화센타),1,21,도면기준,194347.68,547083.33,2.05,110.7,4.17,4.17,4.0,충족,충족
체육관동(정보화센타) 2층-21,여의도중학교,40-1,교사동 창면,체육관동(정보화센타),체육관동(정보화센타),2,21,도면기준,194347.68,547083.33,5.95,110.7,4.33,4.33,4.0,충족,충족
체육관동(정보화센타) 3층-21,여의도중학교,40-1,교사동 창면,체육관동(정보화센타),체육관동(정보화센타),3,21,도면기준,194347.68,547083.33,9.55,110.7,4.5,4.5,4.0,충족,충족
체육관동(정보화센타) 4층-21,여의도중학교,40-1,교사동 창면,체육관동(정보화센타),체육관동(정보화센타),4,21,도면기준,194347.68,547083.33,13.15,110.7,4.5,4.5,4.0,충족,충족
체육관동(정보화센타) 1층-22,여의도중학교,40-1,교사동 창면,체육관동(정보화센타),체육관동(정보화센타),1,22,도면기준,194348.68,547086.82,2.05,105.5,4.17,4.17,4.0,충족,충족
체육관동(정보화센타) 2층-22,여의도중학교,40-1,교사동 창면,체육관동(정보화센타),체육관동(정보화센타),2,22,도면기준,194348.68,547086.82,5.95,105.5,4.33,4.33,4.0,충족,충족
체육관동(정보화센타) 3층-22,여의도중학교,40-1,교사동 창면,체육관동(정보화센타),체육관동(정보화센타),3,22,도면기준,194348.68,547086.82,9.55,105.5,4.5,4.5,4.0,충족,충족
체육관동(정보화센타) 4층-22,여의도중학교,40-1,교사동 창면,체육관동(정보화센타),체육관동(정보화센타),4,22,도면기준,194348.68,547086.82,13.15,105.5,4.5,4.5,4.0,충족,충족
체육관동 부속(원형부) 1층-1,여의도중학교,40-1,교사동 창면,체육관동 부속(원형부),체육관동 부속(원형부),1,1,도면기준,194288.6,547091.47,2.05,260.7,0.0,0.0,0.0,불충족,불충족
체육관동 부속(원형부) 2층-1,여의도중학교,40-1,교사동 창면,체육관동 부속(원형부),체육관동 부속(원형부),2,1,도면기준,194288.6,547091.47,5.95,260.7,0.33,0.33,0.33,불충족,불충족
체육관동 부속(원형부) 3층-1,여의도중학교,40-1,교사동 창면,체육관동 부속(원형부),체육관동 부속(원형부),3,1,도면기준,194288.6,547091.47,9.55,260.7,1.17,1.17,1.17,불충족,불충족
체육관동 부속(원형부) 4층-1,여의도중학교,40-1,교사동 창면,체육관동 부속(원형부),체육관동 부속(원형부),4,1,도면기준,194288.6,547091.47,13.15,260.7,1.33,1.33,1.33,불충족,불충족
체육관동 부속(원형부) 1층-2,여의도중학교,40-1,교사동 창면,체육관동 부속(원형부),체육관동 부속(원형부),1,2,도면기준,194289.55,547087.93,2.05,249.6,0.0,0.0,0.0,불충족,불충족
체육관동 부속(원형부) 2층-2,여의도중학교,40-1,교사동 창면,체육관동 부속(원형부),체육관동 부속(원형부),2,2,도면기준,194289.55,547087.93,5.95,249.6,0.17,0.17,0.17,불충족,불충족
체육관동 부속(원형부) 3층-2,여의도중학교,40-1,교사동 창면,체육관동 부속(원형부),체육관동 부속(원형부),3,2,도면기준,194289.55,547087.93,9.55,249.6,1.0,1.0,1.0,불충족,불충족
체육관동 부속(원형부) 4층-2,여의도중학교,40-1,교사동 창면,체육관동 부속(원형부),체육관동 부속(원형부),4,2,도면기준,194289.55,547087.93,13.15,249.6,1.5,1.5,1.5,불충족,불충족
체육관동 부속(원형부) 1층-3,여의도중학교,40-1,교사동 창면,체육관동 부속(원형부),체육관동 부속(원형부),1,3,도면기준,194291.88,547083.01,2.05,241.3,0.5,0.5,0.5,불충족,불충족
체육관동 부속(원형부) 2층-3,여의도중학교,40-1,교사동 창면,체육관동 부속(원형부),체육관동 부속(원형부),2,3,도면기준,194291.88,547083.01,5.95,241.3,0.5,0.5,0.5,불충족,불충족
체육관동 부속(원형부) 3층-3,여의도중학교,40-1,교사동 창면,체육관동 부속(원형부),체육관동 부속(원형부),3,3,도면기준,194291.88,547083.01,9.55,241.3,1.0,0.5,0.5,불충족,불충족
체육관동 부속(원형부) 4층-3,여의도중학교,40-1,교사동 창면,체육관동 부속(원형부),체육관동 부속(원형부),4,3,도면기준,194291.88,547083.01,13.15,241.3,1.83,1.33,1.33,불충족,불충족
체육관동 부속(원형부) 1층-4,여의도중학교,40-1,교사동 창면,체육관동 부속(원형부),체육관동 부속(원형부),1,4,도면기준,194293.97,547080.01,2.05,230.9,1.33,1.33,1.33,불충족,불충족
체육관동 부속(원형부) 2층-4,여의도중학교,40-1,교사동 창면,체육관동 부속(원형부),체육관동 부속(원형부),2,4,도면기준,194293.97,547080.01,5.95,230.9,1.5,1.33,1.33,불충족,불충족
체육관동 부속(원형부) 3층-4,여의도중학교,40-1,교사동 창면,체육관동 부속(원형부),체육관동 부속(원형부),3,4,도면기준,194293.97,547080.01,9.55,230.9,1.83,1.33,1.33,불충족,불충족
체육관동 부속(원형부) 4층-4,여의도중학교,40-1,교사동 창면,체육관동 부속(원형부),체육관동 부속(원형부),4,4,도면기준,194293.97,547080.01,13.15,230.9,2.67,1.33,1.33,불충족,불충족
체육관동 부속(원형부) 1층-5,여의도중학교,40-1,교사동 창면,체육관동 부속(원형부),체육관동 부속(원형부),1,5,도면기준,194297.38,547075.82,2.05,230.9,1.5,1.5,1.5,불충족,불충족
체육관동 부속(원형부) 2층-5,여의도중학교,40-1,교사동 창면,체육관동 부속(원형부),체육관동 부속(원형부),2,5,도면기준,194297.38,547075.82,5.95,230.9,1.83,1.5,1.5,불충족,불충족
체육관동 부속(원형부) 3층-5,여의도중학교,40-1,교사동 창면,체육관동 부속(원형부),체육관동 부속(원형부),3,5,도면기준,194297.38,547075.82,9.55,230.9,2.33,1.5,1.5,불충족,불충족
체육관동 부속(원형부) 4층-5,여의도중학교,40-1,교사동 창면,체육관동 부속(원형부),체육관동 부속(원형부),4,5,도면기준,194297.38,547075.82,13.15,230.9,2.83,1.5,1.5,불충족,불충족
체육관동 부속(원형부) 1층-6,여의도중학교,40-1,교사동 창면,체육관동 부속(원형부),체육관동 부속(원형부),1,6,도면기준,194299.65,547073.03,2.05,230.9,1.5,1.5,1.5,불충족,불충족
체육관동 부속(원형부) 2층-6,여의도중학교,40-1,교사동 창면,체육관동 부속(원형부),체육관동 부속(원형부),2,6,도면기준,194299.65,547073.03,5.95,230.9,1.67,1.5,1.5,불충족,불충족
체육관동 부속(원형부) 3층-6,여의도중학교,40-1,교사동 창면,체육관동 부속(원형부),체육관동 부속(원형부),3,6,도면기준,194299.65,547073.03,9.55,230.9,2.5,1.5,1.5,불충족,불충족
체육관동 부속(원형부) 4층-6,여의도중학교,40-1,교사동 창면,체육관동 부속(원형부),체육관동 부속(원형부),4,6,도면기준,194299.65,547073.03,13.15,230.9,2.67,1.5,1.5,불충족,불충족
체육관동 부속(원형부) 1층-7,여의도중학교,40-1,교사동 창면,체육관동 부속(원형부),체육관동 부속(원형부),1,7,도면기준,194303.06,547068.84,2.05,230.9,1.67,1.5,1.5,불충족,불충족
체육관동 부속(원형부) 2층-7,여의도중학교,40-1,교사동 창면,체육관동 부속(원형부),체육관동 부속(원형부),2,7,도면기준,194303.06,547068.84,5.95,230.9,1.83,1.67,1.67,불충족,불충족
체육관동 부속(원형부) 3층-7,여의도중학교,40-1,교사동 창면,체육관동 부속(원형부),체육관동 부속(원형부),3,7,도면기준,194303.06,547068.84,9.55,230.9,2.5,1.67,1.67,불충족,불충족
체육관동 부속(원형부) 4층-7,여의도중학교,40-1,교사동 창면,체육관동 부속(원형부),체육관동 부속(원형부),4,7,도면기준,194303.06,547068.84,13.15,230.9,2.83,1.67,1.67,불충족,불충족
체육관동 부속(원형부) 1층-8,여의도중학교,40-1,교사동 창면,체육관동 부속(원형부),체육관동 부속(원형부),1,8,도면기준,194305.33,547066.05,2.05,230.9,1.83,1.5,1.5,불충족,불충족
체육관동 부속(원형부) 2층-8,여의도중학교,40-1,교사동 창면,체육관동 부속(원형부),체육관동 부속(원형부),2,8,도면기준,194305.33,547066.05,5.95,230.9,2.33,1.67,1.67,불충족,불충족
체육관동 부속(원형부) 3층-8,여의도중학교,40-1,교사동 창면,체육관동 부속(원형부),체육관동 부속(원형부),3,8,도면기준,194305.33,547066.05,9.55,230.9,2.67,1.67,1.67,불충족,불충족
체육관동 부속(원형부) 4층-8,여의도중학교,40-1,교사동 창면,체육관동 부속(원형부),체육관동 부속(원형부),4,8,도면기준,194305.33,547066.05,13.15,230.9,2.83,1.67,1.67,불충족,불충족
체육관동 부속(원형부) 1층-9,여의도중학교,40-1,교사동 창면,체육관동 부속(원형부),체육관동 부속(원형부),1,9,도면기준,194310.02,547068.71,2.05,140.9,0.67,0.67,0.67,불충족,불충족
체육관동 부속(원형부) 2층-9,여의도중학교,40-1,교사동 창면,체육관동 부속(원형부),체육관동 부속(원형부),2,9,도면기준,194310.02,547068.71,5.95,140.9,0.83,0.83,0.83,불충족,불충족
체육관동 부속(원형부) 3층-9,여의도중학교,40-1,교사동 창면,체육관동 부속(원형부),체육관동 부속(원형부),3,9,도면기준,194310.02,547068.71,9.55,140.9,1.0,1.0,1.0,불충족,불충족
체육관동 부속(원형부) 4층-9,여의도중학교,40-1,교사동 창면,체육관동 부속(원형부),체육관동 부속(원형부),4,9,도면기준,194310.02,547068.71,13.15,140.9,1.33,1.0,1.0,불충족,불충족
체육관동 부속(원형부) 1층-10,여의도중학교,40-1,교사동 창면,체육관동 부속(원형부),체육관동 부속(원형부),1,10,도면기준,194312.81,547070.98,2.05,140.9,0.0,0.0,0.0,불충족,불충족
체육관동 부속(원형부) 2층-10,여의도중학교,40-1,교사동 창면,체육관동 부속(원형부),체육관동 부속(원형부),2,10,도면기준,194312.81,547070.98,5.95,140.9,0.0,0.0,0.0,불충족,불충족
체육관동 부속(원형부) 3층-10,여의도중학교,40-1,교사동 창면,체육관동 부속(원형부),체육관동 부속(원형부),3,10,도면기준,194312.81,547070.98,9.55,140.9,0.0,0.0,0.0,불충족,불충족
체육관동 부속(원형부) 4층-10,여의도중학교,40-1,교사동 창면,체육관동 부속(원형부),체육관동 부속(원형부),4,10,도면기준,194312.81,547070.98,13.15,140.9,0.5,0.5,0.0,불충족,불충족
체육관동 부속(원형부) 1층-11,여의도중학교,40-1,교사동 창면,체육관동 부속(원형부),체육관동 부속(원형부),1,11,도면기준,194317.0,547074.39,2.05,140.9,0.0,0.0,0.0,불충족,불충족
체육관동 부속(원형부) 2층-11,여의도중학교,40-1,교사동 창면,체육관동 부속(원형부),체육관동 부속(원형부),2,11,도면기준,194317.0,547074.39,5.95,140.9,0.0,0.0,0.0,불충족,불충족
체육관동 부속(원형부) 3층-11,여의도중학교,40-1,교사동 창면,체육관동 부속(원형부),체육관동 부속(원형부),3,11,도면기준,194317.0,547074.39,9.55,140.9,0.0,0.0,0.0,불충족,불충족
체육관동 부속(원형부) 4층-11,여의도중학교,40-1,교사동 창면,체육관동 부속(원형부),체육관동 부속(원형부),4,11,도면기준,194317.0,547074.39,13.15,140.9,0.5,0.5,0.0,불충족,불충족
체육관동 부속(원형부) 1층-12,여의도중학교,40-1,교사동 창면,체육관동 부속(원형부),체육관동 부속(원형부),1,12,도면기준,194319.8,547076.66,2.05,140.9,0.0,0.0,0.0,불충족,불충족
체육관동 부속(원형부) 2층-12,여의도중학교,40-1,교사동 창면,체육관동 부속(원형부),체육관동 부속(원형부),2,12,도면기준,194319.8,547076.66,5.95,140.9,0.0,0.0,0.0,불충족,불충족
체육관동 부속(원형부) 3층-12,여의도중학교,40-1,교사동 창면,체육관동 부속(원형부),체육관동 부속(원형부),3,12,도면기준,194319.8,547076.66,9.55,140.9,0.17,0.17,0.0,불충족,불충족
체육관동 부속(원형부) 4층-12,여의도중학교,40-1,교사동 창면,체육관동 부속(원형부),체육관동 부속(원형부),4,12,도면기준,194319.8,547076.66,13.15,140.9,0.5,0.5,0.0,불충족,불충족
여의도중학교 운동장-1,여의도중학교,40-1,운동장 지반,여의도중학교 운동장,지반,0,1,배치도 경계(래스터 계측) + 분석지점도 격자,194318.65,547130.38,0.0,180.0,0.5,0.5,0.5,불충족,불충족
여의도중학교 운동장-2,여의도중학교,40-1,운동장 지반,여의도중학교 운동장,지반,0,2,배치도 경계(래스터 계측) + 분석지점도 격자,194313.12,547137.45,0.0,180.0,1.33,0.83,0.83,불충족,불충족
여의도중학교 운동장-3,여의도중학교,40-1,운동장 지반,여의도중학교 운동장,지반,0,3,배치도 경계(래스터 계측) + 분석지점도 격자,194307.59,547144.53,0.0,180.0,2.5,1.0,1.0,불충족,불충족
여의도중학교 운동장-4,여의도중학교,40-1,운동장 지반,여의도중학교 운동장,지반,0,4,배치도 경계(래스터 계측) + 분석지점도 격자,194302.06,547151.61,0.0,180.0,3.5,1.17,1.17,불충족,불충족
여의도중학교 운동장-5,여의도중학교,40-1,운동장 지반,여의도중학교 운동장,지반,0,5,배치도 경계(래스터 계측) + 분석지점도 격자,194296.53,547158.68,0.0,180.0,4.5,1.83,1.83,충족,불충족
여의도중학교 운동장-6,여의도중학교,40-1,운동장 지반,여의도중학교 운동장,지반,0,6,배치도 경계(래스터 계측) + 분석지점도 격자,194291.0,547165.76,0.0,180.0,4.83,2.17,2.17,충족,충족
여의도중학교 운동장-7,여의도중학교,40-1,운동장 지반,여의도중학교 운동장,지반,0,7,배치도 경계(래스터 계측) + 분석지점도 격자,194285.47,547172.83,0.0,180.0,5.17,3.0,2.83,충족,충족
여의도중학교 운동장-8,여의도중학교,40-1,운동장 지반,여의도중학교 운동장,지반,0,8,배치도 경계(래스터 계측) + 분석지점도 격자,194279.95,547179.91,0.0,180.0,5.0,3.0,2.83,충족,충족
여의도중학교 운동장-9,여의도중학교,40-1,운동장 지반,여의도중학교 운동장,지반,0,9,배치도 경계(래스터 계측) + 분석지점도 격자,194274.42,547186.99,0.0,180.0,5.17,2.83,2.67,충족,충족
여의도중학교 운동장-10,여의도중학교,40-1,운동장 지반,여의도중학교 운동장,지반,0,10,배치도 경계(래스터 계측) + 분석지점도 격자,194268.89,547194.06,0.0,180.0,5.5,5.5,5.33,충족,충족
여의도중학교 운동장-11,여의도중학교,40-1,운동장 지반,여의도중학교 운동장,지반,0,11,배치도 경계(래스터 계측) + 분석지점도 격자,194263.36,547201.14,0.0,180.0,5.5,5.5,5.33,충족,충족
여의도중학교 운동장-12,여의도중학교,40-1,운동장 지반,여의도중학교 운동장,지반,0,12,배치도 경계(래스터 계측) + 분석지점도 격자,194257.83,547208.22,0.0,180.0,5.5,5.5,5.33,충족,충족
여의도중학교 운동장-13,여의도중학교,40-1,운동장 지반,여의도중학교 운동장,지반,0,13,배치도 경계(래스터 계측) + 분석지점도 격자,194310.53,547124.03,0.0,180.0,0.5,0.5,0.5,불충족,불충족
여의도중학교 운동장-14,여의도중학교,40-1,운동장 지반,여의도중학교 운동장,지반,0,14,배치도 경계(래스터 계측) + 분석지점도 격자,194305.0,547131.11,0.0,180.0,2.0,0.83,0.83,불충족,불충족
여의도중학교 운동장-15,여의도중학교,40-1,운동장 지반,여의도중학교 운동장,지반,0,15,배치도 경계(래스터 계측) + 분석지점도 격자,194299.47,547138.19,0.0,180.0,3.0,1.17,1.17,불충족,불충족
여의도중학교 운동장-16,여의도중학교,40-1,운동장 지반,여의도중학교 운동장,지반,0,16,배치도 경계(래스터 계측) + 분석지점도 격자,194293.94,547145.26,0.0,180.0,3.33,1.33,1.33,불충족,불충족
여의도중학교 운동장-17,여의도중학교,40-1,운동장 지반,여의도중학교 운동장,지반,0,17,배치도 경계(래스터 계측) + 분석지점도 격자,194288.41,547152.34,0.0,180.0,3.67,1.67,1.67,불충족,불충족
여의도중학교 운동장-18,여의도중학교,40-1,운동장 지반,여의도중학교 운동장,지반,0,18,배치도 경계(래스터 계측) + 분석지점도 격자,194282.88,547159.41,0.0,180.0,3.83,2.0,2.0,충족,충족
여의도중학교 운동장-19,여의도중학교,40-1,운동장 지반,여의도중학교 운동장,지반,0,19,배치도 경계(래스터 계측) + 분석지점도 격자,194277.35,547166.49,0.0,180.0,4.33,2.17,2.17,충족,충족
여의도중학교 운동장-20,여의도중학교,40-1,운동장 지반,여의도중학교 운동장,지반,0,20,배치도 경계(래스터 계측) + 분석지점도 격자,194271.83,547173.57,0.0,180.0,4.67,2.5,2.5,충족,충족
여의도중학교 운동장-21,여의도중학교,40-1,운동장 지반,여의도중학교 운동장,지반,0,21,배치도 경계(래스터 계측) + 분석지점도 격자,194266.3,547180.64,0.0,180.0,4.83,2.5,2.5,충족,충족
여의도중학교 운동장-22,여의도중학교,40-1,운동장 지반,여의도중학교 운동장,지반,0,22,배치도 경계(래스터 계측) + 분석지점도 격자,194260.77,547187.72,0.0,180.0,5.0,2.83,2.5,충족,충족
여의도중학교 운동장-23,여의도중학교,40-1,운동장 지반,여의도중학교 운동장,지반,0,23,배치도 경계(래스터 계측) + 분석지점도 격자,194255.24,547194.8,0.0,180.0,5.17,2.67,2.5,충족,충족
여의도중학교 운동장-24,여의도중학교,40-1,운동장 지반,여의도중학교 운동장,지반,0,24,배치도 경계(래스터 계측) + 분석지점도 격자,194249.71,547201.87,0.0,180.0,5.33,5.33,5.0,충족,충족
여의도중학교 운동장-25,여의도중학교,40-1,운동장 지반,여의도중학교 운동장,지반,0,25,배치도 경계(래스터 계측) + 분석지점도 격자,194302.41,547117.69,0.0,180.0,0.67,0.67,0.67,불충족,불충족
여의도중학교 운동장-26,여의도중학교,40-1,운동장 지반,여의도중학교 운동장,지반,0,26,배치도 경계(래스터 계측) + 분석지점도 격자,194296.88,547124.77,0.0,180.0,0.83,0.83,0.83,불충족,불충족
여의도중학교 운동장-27,여의도중학교,40-1,운동장 지반,여의도중학교 운동장,지반,0,27,배치도 경계(래스터 계측) + 분석지점도 격자,194291.35,547131.84,0.0,180.0,3.5,2.0,2.0,충족,충족
여의도중학교 운동장-28,여의도중학교,40-1,운동장 지반,여의도중학교 운동장,지반,0,28,배치도 경계(래스터 계측) + 분석지점도 격자,194285.82,547138.92,0.0,180.0,4.0,1.83,1.83,충족,불충족
여의도중학교 운동장-29,여의도중학교,40-1,운동장 지반,여의도중학교 운동장,지반,0,29,배치도 경계(래스터 계측) + 분석지점도 격자,194280.29,547145.99,0.0,180.0,4.0,2.0,2.0,충족,충족
여의도중학교 운동장-30,여의도중학교,40-1,운동장 지반,여의도중학교 운동장,지반,0,30,배치도 경계(래스터 계측) + 분석지점도 격자,194274.76,547153.07,0.0,180.0,4.0,2.0,2.0,충족,충족
여의도중학교 운동장-31,여의도중학교,40-1,운동장 지반,여의도중학교 운동장,지반,0,31,배치도 경계(래스터 계측) + 분석지점도 격자,194269.23,547160.15,0.0,180.0,4.33,2.17,2.17,충족,충족
여의도중학교 운동장-32,여의도중학교,40-1,운동장 지반,여의도중학교 운동장,지반,0,32,배치도 경계(래스터 계측) + 분석지점도 격자,194263.71,547167.22,0.0,180.0,3.83,2.17,2.17,충족,충족
여의도중학교 운동장-33,여의도중학교,40-1,운동장 지반,여의도중학교 운동장,지반,0,33,배치도 경계(래스터 계측) + 분석지점도 격자,194258.18,547174.3,0.0,180.0,4.17,2.33,2.33,충족,충족
여의도중학교 운동장-34,여의도중학교,40-1,운동장 지반,여의도중학교 운동장,지반,0,34,배치도 경계(래스터 계측) + 분석지점도 격자,194252.65,547181.38,0.0,180.0,4.33,2.33,2.33,충족,충족
여의도중학교 운동장-35,여의도중학교,40-1,운동장 지반,여의도중학교 운동장,지반,0,35,배치도 경계(래스터 계측) + 분석지점도 격자,194247.12,547188.45,0.0,180.0,4.5,2.33,2.17,충족,충족
여의도중학교 운동장-36,여의도중학교,40-1,운동장 지반,여의도중학교 운동장,지반,0,36,배치도 경계(래스터 계측) + 분석지점도 격자,194241.59,547195.53,0.0,180.0,5.0,2.67,2.33,충족,충족
여의도중학교 운동장-37,여의도중학교,40-1,운동장 지반,여의도중학교 운동장,지반,0,37,배치도 경계(래스터 계측) + 분석지점도 격자,194236.06,547202.6,0.0,180.0,5.17,5.17,4.67,충족,충족
여의도중학교 운동장-38,여의도중학교,40-1,운동장 지반,여의도중학교 운동장,지반,0,38,배치도 경계(래스터 계측) + 분석지점도 격자,194294.29,547111.35,0.0,180.0,0.0,0.0,0.0,불충족,불충족
여의도중학교 운동장-39,여의도중학교,40-1,운동장 지반,여의도중학교 운동장,지반,0,39,배치도 경계(래스터 계측) + 분석지점도 격자,194288.76,547118.42,0.0,180.0,0.5,0.5,0.5,불충족,불충족
여의도중학교 운동장-40,여의도중학교,40-1,운동장 지반,여의도중학교 운동장,지반,0,40,배치도 경계(래스터 계측) + 분석지점도 격자,194283.23,547125.5,0.0,180.0,1.5,0.83,0.83,불충족,불충족
여의도중학교 운동장-41,여의도중학교,40-1,운동장 지반,여의도중학교 운동장,지반,0,41,배치도 경계(래스터 계측) + 분석지점도 격자,194277.7,547132.57,0.0,180.0,3.0,1.0,1.0,불충족,불충족
여의도중학교 운동장-42,여의도중학교,40-1,운동장 지반,여의도중학교 운동장,지반,0,42,배치도 경계(래스터 계측) + 분석지점도 격자,194272.17,547139.65,0.0,180.0,4.17,2.17,2.17,충족,충족
여의도중학교 운동장-43,여의도중학교,40-1,운동장 지반,여의도중학교 운동장,지반,0,43,배치도 경계(래스터 계측) + 분석지점도 격자,194266.64,547146.73,0.0,180.0,4.0,2.17,2.17,충족,충족
여의도중학교 운동장-44,여의도중학교,40-1,운동장 지반,여의도중학교 운동장,지반,0,44,배치도 경계(래스터 계측) + 분석지점도 격자,194261.12,547153.8,0.0,180.0,3.83,2.0,2.0,충족,충족
여의도중학교 운동장-45,여의도중학교,40-1,운동장 지반,여의도중학교 운동장,지반,0,45,배치도 경계(래스터 계측) + 분석지점도 격자,194255.59,547160.88,0.0,180.0,3.67,2.0,2.0,충족,충족
여의도중학교 운동장-46,여의도중학교,40-1,운동장 지반,여의도중학교 운동장,지반,0,46,배치도 경계(래스터 계측) + 분석지점도 격자,194250.06,547167.96,0.0,180.0,3.5,2.17,2.17,충족,충족
여의도중학교 운동장-47,여의도중학교,40-1,운동장 지반,여의도중학교 운동장,지반,0,47,배치도 경계(래스터 계측) + 분석지점도 격자,194244.53,547175.03,0.0,180.0,3.33,2.0,2.0,충족,충족
여의도중학교 운동장-48,여의도중학교,40-1,운동장 지반,여의도중학교 운동장,지반,0,48,배치도 경계(래스터 계측) + 분석지점도 격자,194239.0,547182.11,0.0,180.0,3.67,2.17,2.0,충족,충족
여의도중학교 운동장-49,여의도중학교,40-1,운동장 지반,여의도중학교 운동장,지반,0,49,배치도 경계(래스터 계측) + 분석지점도 격자,194233.47,547189.18,0.0,180.0,3.67,2.17,2.0,충족,충족
여의도중학교 운동장-50,여의도중학교,40-1,운동장 지반,여의도중학교 운동장,지반,0,50,배치도 경계(래스터 계측) + 분석지점도 격자,194227.94,547196.26,0.0,180.0,4.17,2.33,2.0,충족,충족
여의도중학교 운동장-51,여의도중학교,40-1,운동장 지반,여의도중학교 운동장,지반,0,51,배치도 경계(래스터 계측) + 분석지점도 격자,194286.17,547105.0,0.0,180.0,0.33,0.33,0.33,불충족,불충족
여의도중학교 운동장-52,여의도중학교,40-1,운동장 지반,여의도중학교 운동장,지반,0,52,배치도 경계(래스터 계측) + 분석지점도 격자,194280.64,547112.08,0.0,180.0,0.33,0.17,0.17,불충족,불충족
여의도중학교 운동장-53,여의도중학교,40-1,운동장 지반,여의도중학교 운동장,지반,0,53,배치도 경계(래스터 계측) + 분석지점도 격자,194275.11,547119.15,0.0,180.0,1.0,0.5,0.33,불충족,불충족
여의도중학교 운동장-54,여의도중학교,40-1,운동장 지반,여의도중학교 운동장,지반,0,54,배치도 경계(래스터 계측) + 분석지점도 격자,194269.58,547126.23,0.0,180.0,1.67,0.67,0.67,불충족,불충족
여의도중학교 운동장-55,여의도중학교,40-1,운동장 지반,여의도중학교 운동장,지반,0,55,배치도 경계(래스터 계측) + 분석지점도 격자,194264.05,547133.31,0.0,180.0,2.83,1.17,1.17,불충족,불충족
여의도중학교 운동장-56,여의도중학교,40-1,운동장 지반,여의도중학교 운동장,지반,0,56,배치도 경계(래스터 계측) + 분석지점도 격자,194258.52,547140.38,0.0,180.0,3.17,1.5,1.5,불충족,불충족
여의도중학교 운동장-57,여의도중학교,40-1,운동장 지반,여의도중학교 운동장,지반,0,57,배치도 경계(래스터 계측) + 분석지점도 격자,194253.0,547147.46,0.0,180.0,3.33,1.67,1.67,불충족,불충족
여의도중학교 운동장-58,여의도중학교,40-1,운동장 지반,여의도중학교 운동장,지반,0,58,배치도 경계(래스터 계측) + 분석지점도 격자,194247.47,547154.54,0.0,180.0,3.67,2.17,2.0,충족,충족
여의도중학교 운동장-59,여의도중학교,40-1,운동장 지반,여의도중학교 운동장,지반,0,59,배치도 경계(래스터 계측) + 분석지점도 격자,194241.94,547161.61,0.0,180.0,3.17,2.0,1.83,충족,불충족
여의도중학교 운동장-60,여의도중학교,40-1,운동장 지반,여의도중학교 운동장,지반,0,60,배치도 경계(래스터 계측) + 분석지점도 격자,194236.41,547168.69,0.0,180.0,3.0,2.0,1.83,충족,불충족
여의도중학교 운동장-61,여의도중학교,40-1,운동장 지반,여의도중학교 운동장,지반,0,61,배치도 경계(래스터 계측) + 분석지점도 격자,194230.88,547175.76,0.0,180.0,3.17,2.0,1.83,충족,불충족
여의도중학교 운동장-62,여의도중학교,40-1,운동장 지반,여의도중학교 운동장,지반,0,62,배치도 경계(래스터 계측) + 분석지점도 격자,194225.35,547182.84,0.0,180.0,3.33,2.17,1.83,충족,불충족
여의도중학교 운동장-63,여의도중학교,40-1,운동장 지반,여의도중학교 운동장,지반,0,63,배치도 경계(래스터 계측) + 분석지점도 격자,194219.82,547189.92,0.0,180.0,3.33,2.17,1.83,충족,불충족
여의도중학교 운동장-64,여의도중학교,40-1,운동장 지반,여의도중학교 운동장,지반,0,64,배치도 경계(래스터 계측) + 분석지점도 격자,194278.05,547098.66,0.0,180.0,1.33,1.33,1.33,불충족,불충족
여의도중학교 운동장-65,여의도중학교,40-1,운동장 지반,여의도중학교 운동장,지반,0,65,배치도 경계(래스터 계측) + 분석지점도 격자,194272.52,547105.73,0.0,180.0,1.33,1.17,1.17,불충족,불충족
여의도중학교 운동장-66,여의도중학교,40-1,운동장 지반,여의도중학교 운동장,지반,0,66,배치도 경계(래스터 계측) + 분석지점도 격자,194266.99,547112.81,0.0,180.0,1.5,1.0,1.0,불충족,불충족
여의도중학교 운동장-67,여의도중학교,40-1,운동장 지반,여의도중학교 운동장,지반,0,67,배치도 경계(래스터 계측) + 분석지점도 격자,194261.46,547119.89,0.0,180.0,2.67,0.83,0.83,불충족,불충족
여의도중학교 운동장-68,여의도중학교,40-1,운동장 지반,여의도중학교 운동장,지반,0,68,배치도 경계(래스터 계측) + 분석지점도 격자,194255.93,547126.96,0.0,180.0,2.5,1.17,1.17,불충족,불충족
여의도중학교 운동장-69,여의도중학교,40-1,운동장 지반,여의도중학교 운동장,지반,0,69,배치도 경계(래스터 계측) + 분석지점도 격자,194250.4,547134.04,0.0,180.0,2.5,1.5,1.5,불충족,불충족
여의도중학교 운동장-70,여의도중학교,40-1,운동장 지반,여의도중학교 운동장,지반,0,70,배치도 경계(래스터 계측) + 분석지점도 격자,194244.88,547141.12,0.0,180.0,3.0,1.5,1.5,불충족,불충족
여의도중학교 운동장-71,여의도중학교,40-1,운동장 지반,여의도중학교 운동장,지반,0,71,배치도 경계(래스터 계측) + 분석지점도 격자,194239.35,547148.19,0.0,180.0,2.67,1.5,1.5,불충족,불충족
여의도중학교 운동장-72,여의도중학교,40-1,운동장 지반,여의도중학교 운동장,지반,0,72,배치도 경계(래스터 계측) + 분석지점도 격자,194233.82,547155.27,0.0,180.0,2.5,1.67,1.67,불충족,불충족
여의도중학교 운동장-73,여의도중학교,40-1,운동장 지반,여의도중학교 운동장,지반,0,73,배치도 경계(래스터 계측) + 분석지점도 격자,194228.29,547162.34,0.0,180.0,2.67,2.0,1.67,충족,불충족
여의도중학교 운동장-74,여의도중학교,40-1,운동장 지반,여의도중학교 운동장,지반,0,74,배치도 경계(래스터 계측) + 분석지점도 격자,194222.76,547169.42,0.0,180.0,2.67,2.0,1.67,충족,불충족
여의도중학교 운동장-75,여의도중학교,40-1,운동장 지반,여의도중학교 운동장,지반,0,75,배치도 경계(래스터 계측) + 분석지점도 격자,194217.23,547176.5,0.0,180.0,2.67,2.0,1.67,충족,불충족
여의도중학교 운동장-76,여의도중학교,40-1,운동장 지반,여의도중학교 운동장,지반,0,76,배치도 경계(래스터 계측) + 분석지점도 격자,194211.7,547183.57,0.0,180.0,2.5,1.83,1.5,불충족,불충족
본관동 저층부(4층) 3층-1,여의도여자고등학교,40-2,교사동 창면,본관동 저층부(4층),본관동 저층부(4층),3,1,도면기준,194201.91,547016.17,9.4,141.9,4.17,3.17,2.83,충족,충족
본관동 저층부(4층) 4층-1,여의도여자고등학교,40-2,교사동 창면,본관동 저층부(4층),본관동 저층부(4층),4,1,도면기준,194201.91,547016.17,13.1,141.9,4.33,3.33,2.83,충족,충족
본관동 저층부(4층) 3층-2,여의도여자고등학교,40-2,교사동 창면,본관동 저층부(4층),본관동 저층부(4층),3,2,도면기준,194204.75,547018.39,9.4,141.9,4.33,3.33,3.0,충족,충족
본관동 저층부(4층) 4층-2,여의도여자고등학교,40-2,교사동 창면,본관동 저층부(4층),본관동 저층부(4층),4,2,도면기준,194204.75,547018.39,13.1,141.9,4.5,3.5,3.0,충족,충족
본관동 저층부(4층) 2층-1,여의도여자고등학교,40-2,교사동 창면,본관동 저층부(4층),본관동 저층부(4층),2,1,도면기준,194209.0,547021.72,5.7,141.9,4.0,3.33,3.17,충족,충족
본관동 저층부(4층) 3층-3,여의도여자고등학교,40-2,교사동 창면,본관동 저층부(4층),본관동 저층부(4층),3,3,도면기준,194209.0,547021.72,9.4,141.9,4.17,3.33,3.17,충족,충족
본관동 저층부(4층) 4층-3,여의도여자고등학교,40-2,교사동 창면,본관동 저층부(4층),본관동 저층부(4층),4,3,도면기준,194209.0,547021.72,13.1,141.9,4.17,3.33,3.17,충족,충족
본관동 저층부(4층) 2층-2,여의도여자고등학교,40-2,교사동 창면,본관동 저층부(4층),본관동 저층부(4층),2,2,도면기준,194211.83,547023.94,5.7,141.9,4.17,3.17,3.17,충족,충족
본관동 저층부(4층) 3층-4,여의도여자고등학교,40-2,교사동 창면,본관동 저층부(4층),본관동 저층부(4층),3,4,도면기준,194211.83,547023.94,9.4,141.9,4.17,3.17,3.17,충족,충족
본관동 저층부(4층) 4층-4,여의도여자고등학교,40-2,교사동 창면,본관동 저층부(4층),본관동 저층부(4층),4,4,도면기준,194211.83,547023.94,13.1,141.9,4.17,3.17,3.17,충족,충족
본관동 저층부(4층) 2층-3,여의도여자고등학교,40-2,교사동 창면,본관동 저층부(4층),본관동 저층부(4층),2,3,도면기준,194216.08,547027.27,5.7,141.9,4.0,3.17,3.17,충족,충족
본관동 저층부(4층) 3층-5,여의도여자고등학교,40-2,교사동 창면,본관동 저층부(4층),본관동 저층부(4층),3,5,도면기준,194216.08,547027.27,9.4,141.9,4.0,3.17,3.17,충족,충족
본관동 저층부(4층) 4층-5,여의도여자고등학교,40-2,교사동 창면,본관동 저층부(4층),본관동 저층부(4층),4,5,도면기준,194216.08,547027.27,13.1,141.9,4.17,3.17,3.17,충족,충족
본관동 저층부(4층) 2층-4,여의도여자고등학교,40-2,교사동 창면,본관동 저층부(4층),본관동 저층부(4층),2,4,도면기준,194218.91,547029.5,5.7,141.9,3.83,3.0,3.0,충족,충족
본관동 저층부(4층) 3층-6,여의도여자고등학교,40-2,교사동 창면,본관동 저층부(4층),본관동 저층부(4층),3,6,도면기준,194218.91,547029.5,9.4,141.9,3.83,3.0,3.0,충족,충족
본관동 저층부(4층) 4층-6,여의도여자고등학교,40-2,교사동 창면,본관동 저층부(4층),본관동 저층부(4층),4,6,도면기준,194218.91,547029.5,13.1,141.9,4.0,3.0,3.0,충족,충족
본관동 고층부(5층) 1층-1,여의도여자고등학교,40-2,교사동 창면,본관동 고층부(5층),본관동 고층부(5층),1,1,도면기준,194222.96,547033.32,2.0,141.9,3.83,3.0,3.0,충족,충족
본관동 고층부(5층) 2층-1,여의도여자고등학교,40-2,교사동 창면,본관동 고층부(5층),본관동 고층부(5층),2,1,도면기준,194222.96,547033.32,5.7,141.9,3.83,3.0,3.0,충족,충족
본관동 고층부(5층) 3층-1,여의도여자고등학교,40-2,교사동 창면,본관동 고층부(5층),본관동 고층부(5층),3,1,도면기준,194222.96,547033.32,9.4,141.9,3.83,3.0,3.0,충족,충족
본관동 고층부(5층) 4층-1,여의도여자고등학교,40-2,교사동 창면,본관동 고층부(5층),본관동 고층부(5층),4,1,도면기준,194222.96,547033.32,13.1,141.9,4.0,3.0,3.0,충족,충족
본관동 고층부(5층) 5층-1,여의도여자고등학교,40-2,교사동 창면,본관동 고층부(5층),본관동 고층부(5층),5,1,도면기준,194222.96,547033.32,16.8,141.9,4.0,3.0,3.0,충족,충족
본관동 고층부(5층) 1층-2,여의도여자고등학교,40-2,교사동 창면,본관동 고층부(5층),본관동 고층부(5층),1,2,도면기준,194225.8,547035.54,2.0,141.9,3.5,2.83,2.83,충족,충족
본관동 고층부(5층) 2층-2,여의도여자고등학교,40-2,교사동 창면,본관동 고층부(5층),본관동 고층부(5층),2,2,도면기준,194225.8,547035.54,5.7,141.9,3.5,2.83,2.83,충족,충족
본관동 고층부(5층) 3층-2,여의도여자고등학교,40-2,교사동 창면,본관동 고층부(5층),본관동 고층부(5층),3,2,도면기준,194225.8,547035.54,9.4,141.9,3.67,2.83,2.83,충족,충족
본관동 고층부(5층) 4층-2,여의도여자고등학교,40-2,교사동 창면,본관동 고층부(5층),본관동 고층부(5층),4,2,도면기준,194225.8,547035.54,13.1,141.9,3.67,2.83,2.83,충족,충족
본관동 고층부(5층) 5층-2,여의도여자고등학교,40-2,교사동 창면,본관동 고층부(5층),본관동 고층부(5층),5,2,도면기준,194225.8,547035.54,16.8,141.9,3.67,2.83,2.83,충족,충족
본관동 고층부(5층) 1층-3,여의도여자고등학교,40-2,교사동 창면,본관동 고층부(5층),본관동 고층부(5층),1,3,도면기준,194230.04,547038.88,2.0,141.8,3.5,2.83,2.83,충족,충족
본관동 고층부(5층) 2층-3,여의도여자고등학교,40-2,교사동 창면,본관동 고층부(5층),본관동 고층부(5층),2,3,도면기준,194230.04,547038.88,5.7,141.8,3.5,2.83,2.83,충족,충족
본관동 고층부(5층) 3층-3,여의도여자고등학교,40-2,교사동 창면,본관동 고층부(5층),본관동 고층부(5층),3,3,도면기준,194230.04,547038.88,9.4,141.8,3.67,2.83,2.83,충족,충족
본관동 고층부(5층) 4층-3,여의도여자고등학교,40-2,교사동 창면,본관동 고층부(5층),본관동 고층부(5층),4,3,도면기준,194230.04,547038.88,13.1,141.8,3.67,2.83,2.83,충족,충족
본관동 고층부(5층) 5층-3,여의도여자고등학교,40-2,교사동 창면,본관동 고층부(5층),본관동 고층부(5층),5,3,도면기준,194230.04,547038.88,16.8,141.8,3.67,2.83,2.83,충족,충족
본관동 고층부(5층) 1층-4,여의도여자고등학교,40-2,교사동 창면,본관동 고층부(5층),본관동 고층부(5층),1,4,도면기준,194232.87,547041.1,2.0,141.8,3.5,2.83,2.83,충족,충족
본관동 고층부(5층) 2층-4,여의도여자고등학교,40-2,교사동 창면,본관동 고층부(5층),본관동 고층부(5층),2,4,도면기준,194232.87,547041.1,5.7,141.8,3.5,2.83,2.83,충족,충족
본관동 고층부(5층) 3층-4,여의도여자고등학교,40-2,교사동 창면,본관동 고층부(5층),본관동 고층부(5층),3,4,도면기준,194232.87,547041.1,9.4,141.8,3.67,2.83,2.83,충족,충족
본관동 고층부(5층) 4층-4,여의도여자고등학교,40-2,교사동 창면,본관동 고층부(5층),본관동 고층부(5층),4,4,도면기준,194232.87,547041.1,13.1,141.8,3.67,2.83,2.83,충족,충족
본관동 고층부(5층) 5층-4,여의도여자고등학교,40-2,교사동 창면,본관동 고층부(5층),본관동 고층부(5층),5,4,도면기준,194232.87,547041.1,16.8,141.8,3.83,2.83,2.83,충족,충족
본관동 고층부(5층) 1층-5,여의도여자고등학교,40-2,교사동 창면,본관동 고층부(5층),본관동 고층부(5층),1,5,도면기준,194237.12,547044.44,2.0,141.8,3.33,2.67,2.67,충족,충족
본관동 고층부(5층) 2층-5,여의도여자고등학교,40-2,교사동 창면,본관동 고층부(5층),본관동 고층부(5층),2,5,도면기준,194237.12,547044.44,5.7,141.8,3.5,2.67,2.67,충족,충족
본관동 고층부(5층) 3층-5,여의도여자고등학교,40-2,교사동 창면,본관동 고층부(5층),본관동 고층부(5층),3,5,도면기준,194237.12,547044.44,9.4,141.8,3.5,2.67,2.67,충족,충족
본관동 고층부(5층) 4층-5,여의도여자고등학교,40-2,교사동 창면,본관동 고층부(5층),본관동 고층부(5층),4,5,도면기준,194237.12,547044.44,13.1,141.8,3.5,2.67,2.67,충족,충족
본관동 고층부(5층) 5층-5,여의도여자고등학교,40-2,교사동 창면,본관동 고층부(5층),본관동 고층부(5층),5,5,도면기준,194237.12,547044.44,16.8,141.8,3.67,2.67,2.67,충족,충족
본관동 고층부(5층) 1층-6,여의도여자고등학교,40-2,교사동 창면,본관동 고층부(5층),본관동 고층부(5층),1,6,도면기준,194239.95,547046.66,2.0,141.8,3.0,2.5,2.5,충족,충족
본관동 고층부(5층) 2층-6,여의도여자고등학교,40-2,교사동 창면,본관동 고층부(5층),본관동 고층부(5층),2,6,도면기준,194239.95,547046.66,5.7,141.8,3.17,2.5,2.5,충족,충족
본관동 고층부(5층) 3층-6,여의도여자고등학교,40-2,교사동 창면,본관동 고층부(5층),본관동 고층부(5층),3,6,도면기준,194239.95,547046.66,9.4,141.8,3.17,2.5,2.5,충족,충족
본관동 고층부(5층) 4층-6,여의도여자고등학교,40-2,교사동 창면,본관동 고층부(5층),본관동 고층부(5층),4,6,도면기준,194239.95,547046.66,13.1,141.8,3.17,2.5,2.5,충족,충족
본관동 고층부(5층) 5층-6,여의도여자고등학교,40-2,교사동 창면,본관동 고층부(5층),본관동 고층부(5층),5,6,도면기준,194239.95,547046.66,16.8,141.8,3.33,2.5,2.5,충족,충족
본관동 고층부(5층) 1층-7,여의도여자고등학교,40-2,교사동 창면,본관동 고층부(5층),본관동 고층부(5층),1,7,도면기준,194244.19,547050.0,2.0,141.8,3.33,2.5,2.5,충족,충족
본관동 고층부(5층) 2층-7,여의도여자고등학교,40-2,교사동 창면,본관동 고층부(5층),본관동 고층부(5층),2,7,도면기준,194244.19,547050.0,5.7,141.8,3.33,2.5,2.5,충족,충족
본관동 고층부(5층) 3층-7,여의도여자고등학교,40-2,교사동 창면,본관동 고층부(5층),본관동 고층부(5층),3,7,도면기준,194244.19,547050.0,9.4,141.8,3.5,2.5,2.5,충족,충족
본관동 고층부(5층) 4층-7,여의도여자고등학교,40-2,교사동 창면,본관동 고층부(5층),본관동 고층부(5층),4,7,도면기준,194244.19,547050.0,13.1,141.8,3.83,2.5,2.5,충족,충족
본관동 고층부(5층) 5층-7,여의도여자고등학교,40-2,교사동 창면,본관동 고층부(5층),본관동 고층부(5층),5,7,도면기준,194244.19,547050.0,16.8,141.8,3.83,2.5,2.5,충족,충족
본관동 고층부(5층) 1층-8,여의도여자고등학교,40-2,교사동 창면,본관동 고층부(5층),본관동 고층부(5층),1,8,도면기준,194247.02,547052.23,2.0,141.8,3.17,2.33,2.33,충족,충족
본관동 고층부(5층) 2층-8,여의도여자고등학교,40-2,교사동 창면,본관동 고층부(5층),본관동 고층부(5층),2,8,도면기준,194247.02,547052.23,5.7,141.8,3.17,2.33,2.33,충족,충족
본관동 고층부(5층) 3층-8,여의도여자고등학교,40-2,교사동 창면,본관동 고층부(5층),본관동 고층부(5층),3,8,도면기준,194247.02,547052.23,9.4,141.8,3.5,2.33,2.33,충족,충족
본관동 고층부(5층) 4층-8,여의도여자고등학교,40-2,교사동 창면,본관동 고층부(5층),본관동 고층부(5층),4,8,도면기준,194247.02,547052.23,13.1,141.8,3.83,2.33,2.33,충족,충족
본관동 고층부(5층) 5층-8,여의도여자고등학교,40-2,교사동 창면,본관동 고층부(5층),본관동 고층부(5층),5,8,도면기준,194247.02,547052.23,16.8,141.8,3.83,2.33,2.33,충족,충족
본관동 고층부(5층) 1층-9,여의도여자고등학교,40-2,교사동 창면,본관동 고층부(5층),본관동 고층부(5층),1,9,도면기준,194251.27,547055.56,2.0,141.8,2.83,2.33,2.33,충족,충족
본관동 고층부(5층) 2층-9,여의도여자고등학교,40-2,교사동 창면,본관동 고층부(5층),본관동 고층부(5층),2,9,도면기준,194251.27,547055.56,5.7,141.8,2.83,2.33,2.33,충족,충족
본관동 고층부(5층) 3층-9,여의도여자고등학교,40-2,교사동 창면,본관동 고층부(5층),본관동 고층부(5층),3,9,도면기준,194251.27,547055.56,9.4,141.8,3.0,2.33,2.33,충족,충족
본관동 고층부(5층) 4층-9,여의도여자고등학교,40-2,교사동 창면,본관동 고층부(5층),본관동 고층부(5층),4,9,도면기준,194251.27,547055.56,13.1,141.8,3.83,2.33,2.33,충족,충족
본관동 고층부(5층) 5층-9,여의도여자고등학교,40-2,교사동 창면,본관동 고층부(5층),본관동 고층부(5층),5,9,도면기준,194251.27,547055.56,16.8,141.8,3.83,2.33,2.33,충족,충족
본관동 고층부(5층) 1층-10,여의도여자고등학교,40-2,교사동 창면,본관동 고층부(5층),본관동 고층부(5층),1,10,도면기준,194254.1,547057.79,2.0,141.8,2.67,2.17,2.17,충족,충족
본관동 고층부(5층) 2층-10,여의도여자고등학교,40-2,교사동 창면,본관동 고층부(5층),본관동 고층부(5층),2,10,도면기준,194254.1,547057.79,5.7,141.8,2.67,2.17,2.17,충족,충족
본관동 고층부(5층) 3층-10,여의도여자고등학교,40-2,교사동 창면,본관동 고층부(5층),본관동 고층부(5층),3,10,도면기준,194254.1,547057.79,9.4,141.8,3.17,2.17,2.17,충족,충족
본관동 고층부(5층) 4층-10,여의도여자고등학교,40-2,교사동 창면,본관동 고층부(5층),본관동 고층부(5층),4,10,도면기준,194254.1,547057.79,13.1,141.8,3.67,2.17,2.17,충족,충족
본관동 고층부(5층) 5층-10,여의도여자고등학교,40-2,교사동 창면,본관동 고층부(5층),본관동 고층부(5층),5,10,도면기준,194254.1,547057.79,16.8,141.8,3.67,2.17,2.17,충족,충족
A동(3층) A동 남서면 1층-1,여의도여자고등학교,40-2,교사동 창면,A동(3층),A동 남서면,1,1,도면기준,194281.05,547027.37,2.3,232.1,3.0,2.5,2.5,충족,충족
A동(3층) A동 남서면 2층-1,여의도여자고등학교,40-2,교사동 창면,A동(3층),A동 남서면,2,1,도면기준,194281.05,547027.37,6.3,232.1,3.0,2.5,2.5,충족,충족
A동(3층) A동 남서면 1층-2,여의도여자고등학교,40-2,교사동 창면,A동(3층),A동 남서면,1,2,도면기준,194283.82,547023.82,2.3,232.1,3.17,2.67,2.67,충족,충족
A동(3층) A동 남서면 2층-2,여의도여자고등학교,40-2,교사동 창면,A동(3층),A동 남서면,2,2,도면기준,194283.82,547023.82,6.3,232.1,3.17,2.67,2.67,충족,충족
A동(3층) A동 남서면 1층-3,여의도여자고등학교,40-2,교사동 창면,A동(3층),A동 남서면,1,3,도면기준,194286.58,547020.27,2.3,232.1,3.0,2.67,2.67,충족,충족
A동(3층) A동 남서면 2층-3,여의도여자고등학교,40-2,교사동 창면,A동(3층),A동 남서면,2,3,도면기준,194286.58,547020.27,6.3,232.1,3.0,2.67,2.67,충족,충족
A동(3층) A동 남서면 1층-4,여의도여자고등학교,40-2,교사동 창면,A동(3층),A동 남서면,1,4,도면기준,194289.35,547016.72,2.3,232.1,2.67,2.5,2.5,충족,충족
A동(3층) A동 남서면 2층-4,여의도여자고등학교,40-2,교사동 창면,A동(3층),A동 남서면,2,4,도면기준,194289.35,547016.72,6.3,232.1,2.67,2.5,2.5,충족,충족
A동(3층) A동 남서면 1층-5,여의도여자고등학교,40-2,교사동 창면,A동(3층),A동 남서면,1,5,도면기준,194292.11,547013.17,2.3,232.1,2.33,2.33,2.33,충족,충족
A동(3층) A동 남서면 2층-5,여의도여자고등학교,40-2,교사동 창면,A동(3층),A동 남서면,2,5,도면기준,194292.11,547013.17,6.3,232.1,2.33,2.33,2.33,충족,충족
A동(3층) A동 남동면 1층-1,여의도여자고등학교,40-2,교사동 창면,A동(3층),A동 남동면,1,1,도면기준,194296.17,547012.27,2.3,142.1,2.0,2.0,2.0,충족,충족
A동(3층) A동 남동면 2층-1,여의도여자고등학교,40-2,교사동 창면,A동(3층),A동 남동면,2,1,도면기준,194296.17,547012.27,6.3,142.1,2.0,2.0,2.0,충족,충족
A동(3층) A동 남동면 1층-2,여의도여자고등학교,40-2,교사동 창면,A동(3층),A동 남동면,1,2,도면기준,194299.72,547015.04,2.3,142.1,2.17,1.5,1.5,불충족,불충족
A동(3층) A동 남동면 2층-2,여의도여자고등학교,40-2,교사동 창면,A동(3층),A동 남동면,2,2,도면기준,194299.72,547015.04,6.3,142.1,2.17,1.5,1.5,불충족,불충족
A동(3층) A동 남동면 1층-3,여의도여자고등학교,40-2,교사동 창면,A동(3층),A동 남동면,1,3,도면기준,194303.28,547017.8,2.3,142.1,2.67,1.5,1.17,불충족,불충족
A동(3층) A동 남동면 2층-3,여의도여자고등학교,40-2,교사동 창면,A동(3층),A동 남동면,2,3,도면기준,194303.28,547017.8,6.3,142.1,2.67,1.5,1.17,불충족,불충족
A동(3층) A동 남동면 1층-4,여의도여자고등학교,40-2,교사동 창면,A동(3층),A동 남동면,1,4,도면기준,194306.83,547020.57,2.3,142.1,3.17,2.17,1.5,충족,불충족
A동(3층) A동 남동면 2층-4,여의도여자고등학교,40-2,교사동 창면,A동(3층),A동 남동면,2,4,도면기준,194306.83,547020.57,6.3,142.1,3.17,2.17,1.5,충족,불충족
A동(3층) A동 남동면 1층-5,여의도여자고등학교,40-2,교사동 창면,A동(3층),A동 남동면,1,5,도면기준,194310.38,547023.33,2.3,142.1,3.5,2.67,2.17,충족,충족
A동(3층) A동 남동면 2층-5,여의도여자고등학교,40-2,교사동 창면,A동(3층),A동 남동면,2,5,도면기준,194310.38,547023.33,6.3,142.1,3.67,2.83,2.17,충족,충족
A동(3층) A동 남동면 1층-6,여의도여자고등학교,40-2,교사동 창면,A동(3층),A동 남동면,1,6,도면기준,194313.93,547026.1,2.3,142.1,3.67,3.17,2.67,충족,충족
A동(3층) A동 남동면 2층-6,여의도여자고등학교,40-2,교사동 창면,A동(3층),A동 남동면,2,6,도면기준,194313.93,547026.1,6.3,142.1,3.67,3.17,2.67,충족,충족
A동(3층) A동 남동면 1층-7,여의도여자고등학교,40-2,교사동 창면,A동(3층),A동 남동면,1,7,도면기준,194317.48,547028.86,2.3,142.1,3.67,3.33,2.83,충족,충족
A동(3층) A동 남동면 2층-7,여의도여자고등학교,40-2,교사동 창면,A동(3층),A동 남동면,2,7,도면기준,194317.48,547028.86,6.3,142.1,3.67,3.33,2.83,충족,충족
A동(3층) A동 남서면 3층-1,여의도여자고등학교,40-2,교사동 창면,A동(3층),A동 남서면,3,1,도면기준,194282.03,547026.11,10.3,232.1,3.17,2.5,2.5,충족,충족
A동(3층) A동 남서면 3층-2,여의도여자고등학교,40-2,교사동 창면,A동(3층),A동 남서면,3,2,도면기준,194286.77,547020.04,10.3,232.1,3.17,2.67,2.67,충족,충족
A동(3층) A동 남서면 3층-3,여의도여자고등학교,40-2,교사동 창면,A동(3층),A동 남서면,3,3,도면기준,194291.5,547013.96,10.3,232.1,2.67,2.5,2.5,충족,충족
A동(3층) A동 남동면 3층-1,여의도여자고등학교,40-2,교사동 창면,A동(3층),A동 남동면,3,1,도면기준,194296.69,547012.67,10.3,142.1,2.0,2.0,2.0,충족,충족
A동(3층) A동 남동면 3층-2,여의도여자고등학교,40-2,교사동 창면,A동(3층),A동 남동면,3,2,도면기준,194301.26,547016.24,10.3,142.1,2.33,1.33,1.33,불충족,불충족
A동(3층) A동 남동면 3층-3,여의도여자고등학교,40-2,교사동 창면,A동(3층),A동 남동면,3,3,도면기준,194305.84,547019.8,10.3,142.1,3.17,2.0,1.33,충족,불충족
A동(3층) A동 남동면 3층-4,여의도여자고등학교,40-2,교사동 창면,A동(3층),A동 남동면,3,4,도면기준,194310.42,547023.36,10.3,142.1,3.67,2.83,2.17,충족,충족
A동(3층) A동 남동면 3층-5,여의도여자고등학교,40-2,교사동 창면,A동(3층),A동 남동면,3,5,도면기준,194314.99,547026.93,10.3,142.1,3.67,3.17,2.67,충족,충족
A동(3층) A동 남동면 3층-6,여의도여자고등학교,40-2,교사동 창면,A동(3층),A동 남동면,3,6,도면기준,194319.57,547030.49,10.3,142.1,4.0,3.5,3.0,충족,충족
여의도여자고등학교 ①(5층) 1층-1,여의도여자고등학교,40-2,교사동 창면,여의도여자고등학교 ①(5층),남향외벽,1,1,일반식,194282.66,547079.07,1.2,170.4,1.83,1.0,0.83,불충족,불충족
여의도여자고등학교 ①(5층) 2층-1,여의도여자고등학교,40-2,교사동 창면,여의도여자고등학교 ①(5층),남향외벽,2,1,일반식,194282.66,547079.07,4.7,170.4,2.0,2.0,1.67,충족,불충족
여의도여자고등학교 ①(5층) 3층-1,여의도여자고등학교,40-2,교사동 창면,여의도여자고등학교 ①(5층),남향외벽,3,1,일반식,194282.66,547079.07,8.2,170.4,2.17,2.17,1.67,충족,불충족
여의도여자고등학교 ①(5층) 4층-1,여의도여자고등학교,40-2,교사동 창면,여의도여자고등학교 ①(5층),남향외벽,4,1,일반식,194282.66,547079.07,11.7,170.4,2.33,2.33,1.83,충족,불충족
여의도여자고등학교 ①(5층) 5층-1,여의도여자고등학교,40-2,교사동 창면,여의도여자고등학교 ①(5층),남향외벽,5,1,일반식,194282.66,547079.07,15.2,170.4,2.5,2.5,2.0,충족,충족
여의도여자고등학교 ①(5층) 1층-2,여의도여자고등학교,40-2,교사동 창면,여의도여자고등학교 ①(5층),남향외벽,1,2,일반식,194278.56,547081.94,1.2,232.2,0.17,0.17,0.17,불충족,불충족
여의도여자고등학교 ①(5층) 2층-2,여의도여자고등학교,40-2,교사동 창면,여의도여자고등학교 ①(5층),남향외벽,2,2,일반식,194278.56,547081.94,4.7,232.2,0.17,0.17,0.17,불충족,불충족
여의도여자고등학교 ①(5층) 3층-2,여의도여자고등학교,40-2,교사동 창면,여의도여자고등학교 ①(5층),남향외벽,3,2,일반식,194278.56,547081.94,8.2,232.2,0.17,0.17,0.17,불충족,불충족
여의도여자고등학교 ①(5층) 4층-2,여의도여자고등학교,40-2,교사동 창면,여의도여자고등학교 ①(5층),남향외벽,4,2,일반식,194278.56,547081.94,11.7,232.2,0.33,0.33,0.33,불충족,불충족
여의도여자고등학교 ①(5층) 5층-2,여의도여자고등학교,40-2,교사동 창면,여의도여자고등학교 ①(5층),남향외벽,5,2,일반식,194278.56,547081.94,15.2,232.2,0.67,0.67,0.67,불충족,불충족
여의도여자고등학교 ①(5층) 1층-3,여의도여자고등학교,40-2,교사동 창면,여의도여자고등학교 ①(5층),남향외벽,1,3,일반식,194275.67,547082.88,1.2,142.3,1.17,0.67,0.5,불충족,불충족
여의도여자고등학교 ①(5층) 2층-3,여의도여자고등학교,40-2,교사동 창면,여의도여자고등학교 ①(5층),남향외벽,2,3,일반식,194275.67,547082.88,4.7,142.3,1.33,1.33,1.0,불충족,불충족
여의도여자고등학교 ①(5층) 3층-3,여의도여자고등학교,40-2,교사동 창면,여의도여자고등학교 ①(5층),남향외벽,3,3,일반식,194275.67,547082.88,8.2,142.3,1.5,1.5,1.0,불충족,불충족
여의도여자고등학교 ①(5층) 4층-3,여의도여자고등학교,40-2,교사동 창면,여의도여자고등학교 ①(5층),남향외벽,4,3,일반식,194275.67,547082.88,11.7,142.3,1.5,1.5,1.0,불충족,불충족
여의도여자고등학교 ①(5층) 5층-3,여의도여자고등학교,40-2,교사동 창면,여의도여자고등학교 ①(5층),남향외벽,5,3,일반식,194275.67,547082.88,15.2,142.3,1.67,1.67,1.17,불충족,불충족
여의도여자고등학교 ①(5층) 1층-4,여의도여자고등학교,40-2,교사동 창면,여의도여자고등학교 ①(5층),남향외벽,1,4,일반식,194271.25,547080.86,1.2,231.6,0.0,0.0,0.0,불충족,불충족
여의도여자고등학교 ①(5층) 2층-4,여의도여자고등학교,40-2,교사동 창면,여의도여자고등학교 ①(5층),남향외벽,2,4,일반식,194271.25,547080.86,4.7,231.6,0.0,0.0,0.0,불충족,불충족
여의도여자고등학교 ①(5층) 3층-4,여의도여자고등학교,40-2,교사동 창면,여의도여자고등학교 ①(5층),남향외벽,3,4,일반식,194271.25,547080.86,8.2,231.6,0.0,0.0,0.0,불충족,불충족
여의도여자고등학교 ①(5층) 4층-4,여의도여자고등학교,40-2,교사동 창면,여의도여자고등학교 ①(5층),남향외벽,4,4,일반식,194271.25,547080.86,11.7,231.6,0.0,0.0,0.0,불충족,불충족
여의도여자고등학교 ①(5층) 5층-4,여의도여자고등학교,40-2,교사동 창면,여의도여자고등학교 ①(5층),남향외벽,5,4,일반식,194271.25,547080.86,15.2,231.6,0.0,0.0,0.0,불충족,불충족
여의도여자고등학교 ①(5층) 1층-5,여의도여자고등학교,40-2,교사동 창면,여의도여자고등학교 ①(5층),남향외벽,1,5,일반식,194268.13,547084.79,1.2,231.6,0.0,0.0,0.0,불충족,불충족
여의도여자고등학교 ①(5층) 2층-5,여의도여자고등학교,40-2,교사동 창면,여의도여자고등학교 ①(5층),남향외벽,2,5,일반식,194268.13,547084.79,4.7,231.6,0.0,0.0,0.0,불충족,불충족
여의도여자고등학교 ①(5층) 3층-5,여의도여자고등학교,40-2,교사동 창면,여의도여자고등학교 ①(5층),남향외벽,3,5,일반식,194268.13,547084.79,8.2,231.6,0.0,0.0,0.0,불충족,불충족
여의도여자고등학교 ①(5층) 4층-5,여의도여자고등학교,40-2,교사동 창면,여의도여자고등학교 ①(5층),남향외벽,4,5,일반식,194268.13,547084.79,11.7,231.6,0.0,0.0,0.0,불충족,불충족
여의도여자고등학교 ①(5층) 5층-5,여의도여자고등학교,40-2,교사동 창면,여의도여자고등학교 ①(5층),남향외벽,5,5,일반식,194268.13,547084.79,15.2,231.6,0.0,0.0,0.0,불충족,불충족
여의도여자고등학교 ①(5층) 1층-6,여의도여자고등학교,40-2,교사동 창면,여의도여자고등학교 ①(5층),남향외벽,1,6,일반식,194265.01,547088.72,1.2,231.6,0.0,0.0,0.0,불충족,불충족
여의도여자고등학교 ①(5층) 2층-6,여의도여자고등학교,40-2,교사동 창면,여의도여자고등학교 ①(5층),남향외벽,2,6,일반식,194265.01,547088.72,4.7,231.6,0.0,0.0,0.0,불충족,불충족
여의도여자고등학교 ①(5층) 3층-6,여의도여자고등학교,40-2,교사동 창면,여의도여자고등학교 ①(5층),남향외벽,3,6,일반식,194265.01,547088.72,8.2,231.6,0.0,0.0,0.0,불충족,불충족
여의도여자고등학교 ①(5층) 4층-6,여의도여자고등학교,40-2,교사동 창면,여의도여자고등학교 ①(5층),남향외벽,4,6,일반식,194265.01,547088.72,11.7,231.6,0.0,0.0,0.0,불충족,불충족
여의도여자고등학교 ①(5층) 5층-6,여의도여자고등학교,40-2,교사동 창면,여의도여자고등학교 ①(5층),남향외벽,5,6,일반식,194265.01,547088.72,15.2,231.6,0.67,0.67,0.0,불충족,불충족
여의도여자고등학교 ②(5층) 1층-1,여의도여자고등학교,40-2,교사동 창면,여의도여자고등학교 ②(5층),남향외벽,1,1,일반식,194291.66,547057.47,1.2,141.8,0.0,0.0,0.0,불충족,불충족
여의도여자고등학교 ②(5층) 2층-1,여의도여자고등학교,40-2,교사동 창면,여의도여자고등학교 ②(5층),남향외벽,2,1,일반식,194291.66,547057.47,4.7,141.8,0.0,0.0,0.0,불충족,불충족
여의도여자고등학교 ②(5층) 3층-1,여의도여자고등학교,40-2,교사동 창면,여의도여자고등학교 ②(5층),남향외벽,3,1,일반식,194291.66,547057.47,8.2,141.8,0.67,0.67,0.67,불충족,불충족
여의도여자고등학교 ②(5층) 4층-1,여의도여자고등학교,40-2,교사동 창면,여의도여자고등학교 ②(5층),남향외벽,4,1,일반식,194291.66,547057.47,11.7,141.8,2.0,2.0,1.5,충족,불충족
여의도여자고등학교 ②(5층) 5층-1,여의도여자고등학교,40-2,교사동 창면,여의도여자고등학교 ②(5층),남향외벽,5,1,일반식,194291.66,547057.47,15.2,141.8,2.33,2.33,1.67,충족,불충족
여의도여자고등학교 ②(5층) 1층-2,여의도여자고등학교,40-2,교사동 창면,여의도여자고등학교 ②(5층),남향외벽,1,2,일반식,194297.4,547045.98,1.2,142.3,0.0,0.0,0.0,불충족,불충족
여의도여자고등학교 ②(5층) 2층-2,여의도여자고등학교,40-2,교사동 창면,여의도여자고등학교 ②(5층),남향외벽,2,2,일반식,194297.4,547045.98,4.7,142.3,0.0,0.0,0.0,불충족,불충족
여의도여자고등학교 ②(5층) 3층-2,여의도여자고등학교,40-2,교사동 창면,여의도여자고등학교 ②(5층),남향외벽,3,2,일반식,194297.4,547045.98,8.2,142.3,0.0,0.0,0.0,불충족,불충족
여의도여자고등학교 ②(5층) 4층-2,여의도여자고등학교,40-2,교사동 창면,여의도여자고등학교 ②(5층),남향외벽,4,2,일반식,194297.4,547045.98,11.7,142.3,0.0,0.0,0.0,불충족,불충족
여의도여자고등학교 ②(5층) 5층-2,여의도여자고등학교,40-2,교사동 창면,여의도여자고등학교 ②(5층),남향외벽,5,2,일반식,194297.4,547045.98,15.2,142.3,0.0,0.0,0.0,불충족,불충족
여의도여자고등학교 ②(5층) 1층-3,여의도여자고등학교,40-2,교사동 창면,여의도여자고등학교 ②(5층),남향외벽,1,3,일반식,194293.43,547042.91,1.2,142.3,0.0,0.0,0.0,불충족,불충족
여의도여자고등학교 ②(5층) 2층-3,여의도여자고등학교,40-2,교사동 창면,여의도여자고등학교 ②(5층),남향외벽,2,3,일반식,194293.43,547042.91,4.7,142.3,0.0,0.0,0.0,불충족,불충족
여의도여자고등학교 ②(5층) 3층-3,여의도여자고등학교,40-2,교사동 창면,여의도여자고등학교 ②(5층),남향외벽,3,3,일반식,194293.43,547042.91,8.2,142.3,0.0,0.0,0.0,불충족,불충족
여의도여자고등학교 ②(5층) 4층-3,여의도여자고등학교,40-2,교사동 창면,여의도여자고등학교 ②(5층),남향외벽,4,3,일반식,194293.43,547042.91,11.7,142.3,1.67,1.67,1.67,불충족,불충족
여의도여자고등학교 ②(5층) 5층-3,여의도여자고등학교,40-2,교사동 창면,여의도여자고등학교 ②(5층),남향외벽,5,3,일반식,194293.43,547042.91,15.2,142.3,4.5,2.17,1.67,충족,불충족
여의도여자고등학교 ②(5층) 1층-4,여의도여자고등학교,40-2,교사동 창면,여의도여자고등학교 ②(5층),남향외벽,1,4,일반식,194289.5,547044.32,1.2,203.0,0.33,0.33,0.0,불충족,불충족
여의도여자고등학교 ②(5층) 2층-4,여의도여자고등학교,40-2,교사동 창면,여의도여자고등학교 ②(5층),남향외벽,2,4,일반식,194289.5,547044.32,4.7,203.0,0.33,0.33,0.0,불충족,불충족
여의도여자고등학교 ②(5층) 3층-4,여의도여자고등학교,40-2,교사동 창면,여의도여자고등학교 ②(5층),남향외벽,3,4,일반식,194289.5,547044.32,8.2,203.0,0.33,0.33,0.0,불충족,불충족
여의도여자고등학교 ②(5층) 4층-4,여의도여자고등학교,40-2,교사동 창면,여의도여자고등학교 ②(5층),남향외벽,4,4,일반식,194289.5,547044.32,11.7,203.0,3.67,1.83,1.83,불충족,불충족
여의도여자고등학교 ②(5층) 5층-4,여의도여자고등학교,40-2,교사동 창면,여의도여자고등학교 ②(5층),남향외벽,5,4,일반식,194289.5,547044.32,15.2,203.0,3.67,1.83,1.83,불충족,불충족
여의도여자고등학교 ②(5층) 1층-5,여의도여자고등학교,40-2,교사동 창면,여의도여자고등학교 ②(5층),남향외벽,1,5,일반식,194285.94,547045.07,1.2,232.4,0.5,0.5,0.17,불충족,불충족
여의도여자고등학교 ②(5층) 2층-5,여의도여자고등학교,40-2,교사동 창면,여의도여자고등학교 ②(5층),남향외벽,2,5,일반식,194285.94,547045.07,4.7,232.4,0.5,0.5,0.17,불충족,불충족
여의도여자고등학교 ②(5층) 3층-5,여의도여자고등학교,40-2,교사동 창면,여의도여자고등학교 ②(5층),남향외벽,3,5,일반식,194285.94,547045.07,8.2,232.4,0.5,0.5,0.17,불충족,불충족
여의도여자고등학교 ②(5층) 4층-5,여의도여자고등학교,40-2,교사동 창면,여의도여자고등학교 ②(5층),남향외벽,4,5,일반식,194285.94,547045.07,11.7,232.4,2.5,2.0,2.0,충족,충족
여의도여자고등학교 ②(5층) 5층-5,여의도여자고등학교,40-2,교사동 창면,여의도여자고등학교 ②(5층),남향외벽,5,5,일반식,194285.94,547045.07,15.2,232.4,2.5,2.0,2.0,충족,충족
여의도여자고등학교 ②(5층) 1층-6,여의도여자고등학교,40-2,교사동 창면,여의도여자고등학교 ②(5층),남향외벽,1,6,일반식,194282.87,547049.05,1.2,232.4,1.33,0.67,0.67,불충족,불충족
여의도여자고등학교 ②(5층) 2층-6,여의도여자고등학교,40-2,교사동 창면,여의도여자고등학교 ②(5층),남향외벽,2,6,일반식,194282.87,547049.05,4.7,232.4,1.33,0.67,0.67,불충족,불충족
여의도여자고등학교 ②(5층) 3층-6,여의도여자고등학교,40-2,교사동 창면,여의도여자고등학교 ②(5층),남향외벽,3,6,일반식,194282.87,547049.05,8.2,232.4,2.67,2.0,2.0,충족,충족
여의도여자고등학교 ②(5층) 4층-6,여의도여자고등학교,40-2,교사동 창면,여의도여자고등학교 ②(5층),남향외벽,4,6,일반식,194282.87,547049.05,11.7,232.4,2.67,2.0,2.0,충족,충족
여의도여자고등학교 ②(5층) 5층-6,여의도여자고등학교,40-2,교사동 창면,여의도여자고등학교 ②(5층),남향외벽,5,6,일반식,194282.87,547049.05,15.2,232.4,2.67,2.0,2.0,충족,충족
여의도여자고등학교 ②(5층) 1층-7,여의도여자고등학교,40-2,교사동 창면,여의도여자고등학교 ②(5층),남향외벽,1,7,일반식,194279.81,547053.03,1.2,232.4,2.0,1.33,1.33,불충족,불충족
여의도여자고등학교 ②(5층) 2층-7,여의도여자고등학교,40-2,교사동 창면,여의도여자고등학교 ②(5층),남향외벽,2,7,일반식,194279.81,547053.03,4.7,232.4,2.33,1.67,1.67,불충족,불충족
여의도여자고등학교 ②(5층) 3층-7,여의도여자고등학교,40-2,교사동 창면,여의도여자고등학교 ②(5층),남향외벽,3,7,일반식,194279.81,547053.03,8.2,232.4,2.83,2.17,2.17,충족,충족
여의도여자고등학교 ②(5층) 4층-7,여의도여자고등학교,40-2,교사동 창면,여의도여자고등학교 ②(5층),남향외벽,4,7,일반식,194279.81,547053.03,11.7,232.4,2.83,2.17,2.17,충족,충족
여의도여자고등학교 ②(5층) 5층-7,여의도여자고등학교,40-2,교사동 창면,여의도여자고등학교 ②(5층),남향외벽,5,7,일반식,194279.81,547053.03,15.2,232.4,2.83,2.17,2.17,충족,충족
여의도여자고등학교 ②(5층) 1층-8,여의도여자고등학교,40-2,교사동 창면,여의도여자고등학교 ②(5층),남향외벽,1,8,일반식,194276.74,547057.01,1.2,232.4,2.17,1.67,1.67,불충족,불충족
여의도여자고등학교 ②(5층) 2층-8,여의도여자고등학교,40-2,교사동 창면,여의도여자고등학교 ②(5층),남향외벽,2,8,일반식,194276.74,547057.01,4.7,232.4,2.5,2.0,2.0,충족,충족
여의도여자고등학교 ②(5층) 3층-8,여의도여자고등학교,40-2,교사동 창면,여의도여자고등학교 ②(5층),남향외벽,3,8,일반식,194276.74,547057.01,8.2,232.4,2.5,2.0,2.0,충족,충족
여의도여자고등학교 ②(5층) 4층-8,여의도여자고등학교,40-2,교사동 창면,여의도여자고등학교 ②(5층),남향외벽,4,8,일반식,194276.74,547057.01,11.7,232.4,2.5,2.0,2.0,충족,충족
여의도여자고등학교 ②(5층) 5층-8,여의도여자고등학교,40-2,교사동 창면,여의도여자고등학교 ②(5층),남향외벽,5,8,일반식,194276.74,547057.01,15.2,232.4,2.5,2.0,2.0,충족,충족
여의도여자고등학교 ②(5층) 1층-9,여의도여자고등학교,40-2,교사동 창면,여의도여자고등학교 ②(5층),남향외벽,1,9,일반식,194273.68,547060.98,1.2,232.4,2.67,2.17,2.17,충족,충족
여의도여자고등학교 ②(5층) 2층-9,여의도여자고등학교,40-2,교사동 창면,여의도여자고등학교 ②(5층),남향외벽,2,9,일반식,194273.68,547060.98,4.7,232.4,2.67,2.17,2.17,충족,충족
여의도여자고등학교 ②(5층) 3층-9,여의도여자고등학교,40-2,교사동 창면,여의도여자고등학교 ②(5층),남향외벽,3,9,일반식,194273.68,547060.98,8.2,232.4,2.67,2.17,2.17,충족,충족
여의도여자고등학교 ②(5층) 4층-9,여의도여자고등학교,40-2,교사동 창면,여의도여자고등학교 ②(5층),남향외벽,4,9,일반식,194273.68,547060.98,11.7,232.4,2.67,2.17,2.17,충족,충족
여의도여자고등학교 ②(5층) 5층-9,여의도여자고등학교,40-2,교사동 창면,여의도여자고등학교 ②(5층),남향외벽,5,9,일반식,194273.68,547060.98,15.2,232.4,2.67,2.17,2.17,충족,충족
여의도여자고등학교 ②(5층) 1층-10,여의도여자고등학교,40-2,교사동 창면,여의도여자고등학교 ②(5층),남향외벽,1,10,일반식,194270.62,547064.96,1.2,232.4,2.67,2.0,2.0,충족,충족
여의도여자고등학교 ②(5층) 2층-10,여의도여자고등학교,40-2,교사동 창면,여의도여자고등학교 ②(5층),남향외벽,2,10,일반식,194270.62,547064.96,4.7,232.4,2.67,2.0,2.0,충족,충족
여의도여자고등학교 ②(5층) 3층-10,여의도여자고등학교,40-2,교사동 창면,여의도여자고등학교 ②(5층),남향외벽,3,10,일반식,194270.62,547064.96,8.2,232.4,2.67,2.0,2.0,충족,충족
여의도여자고등학교 ②(5층) 4층-10,여의도여자고등학교,40-2,교사동 창면,여의도여자고등학교 ②(5층),남향외벽,4,10,일반식,194270.62,547064.96,11.7,232.4,2.67,2.0,2.0,충족,충족
여의도여자고등학교 ②(5층) 5층-10,여의도여자고등학교,40-2,교사동 창면,여의도여자고등학교 ②(5층),남향외벽,5,10,일반식,194270.62,547064.96,15.2,232.4,2.67,2.0,2.0,충족,충족
여의도여자고등학교 ②(5층) 1층-11,여의도여자고등학교,40-2,교사동 창면,여의도여자고등학교 ②(5층),남향외벽,1,11,일반식,194267.55,547068.94,1.2,232.4,2.5,2.0,2.0,충족,충족
여의도여자고등학교 ②(5층) 2층-11,여의도여자고등학교,40-2,교사동 창면,여의도여자고등학교 ②(5층),남향외벽,2,11,일반식,194267.55,547068.94,4.7,232.4,2.67,2.0,2.0,충족,충족
여의도여자고등학교 ②(5층) 3층-11,여의도여자고등학교,40-2,교사동 창면,여의도여자고등학교 ②(5층),남향외벽,3,11,일반식,194267.55,547068.94,8.2,232.4,2.67,2.0,2.0,충족,충족
여의도여자고등학교 ②(5층) 4층-11,여의도여자고등학교,40-2,교사동 창면,여의도여자고등학교 ②(5층),남향외벽,4,11,일반식,194267.55,547068.94,11.7,232.4,2.67,2.0,2.0,충족,충족
여의도여자고등학교 ②(5층) 5층-11,여의도여자고등학교,40-2,교사동 창면,여의도여자고등학교 ②(5층),남향외벽,5,11,일반식,194267.55,547068.94,15.2,232.4,2.67,2.0,2.0,충족,충족
여의도여자고등학교 ②(5층) 1층-12,여의도여자고등학교,40-2,교사동 창면,여의도여자고등학교 ②(5층),남향외벽,1,12,일반식,194264.49,547072.92,1.2,232.4,2.33,1.83,1.83,불충족,불충족
여의도여자고등학교 ②(5층) 2층-12,여의도여자고등학교,40-2,교사동 창면,여의도여자고등학교 ②(5층),남향외벽,2,12,일반식,194264.49,547072.92,4.7,232.4,2.33,1.83,1.83,불충족,불충족
여의도여자고등학교 ②(5층) 3층-12,여의도여자고등학교,40-2,교사동 창면,여의도여자고등학교 ②(5층),남향외벽,3,12,일반식,194264.49,547072.92,8.2,232.4,2.33,1.83,1.83,불충족,불충족
여의도여자고등학교 ②(5층) 4층-12,여의도여자고등학교,40-2,교사동 창면,여의도여자고등학교 ②(5층),남향외벽,4,12,일반식,194264.49,547072.92,11.7,232.4,2.33,1.83,1.83,불충족,불충족
여의도여자고등학교 ②(5층) 5층-12,여의도여자고등학교,40-2,교사동 창면,여의도여자고등학교 ②(5층),남향외벽,5,12,일반식,194264.49,547072.92,15.2,232.4,2.33,1.83,1.83,불충족,불충족
여의도여자고등학교 ②(5층) 1층-13,여의도여자고등학교,40-2,교사동 창면,여의도여자고등학교 ②(5층),남향외벽,1,13,일반식,194261.42,547076.9,1.2,232.4,2.0,2.0,2.0,충족,충족
여의도여자고등학교 ②(5층) 2층-13,여의도여자고등학교,40-2,교사동 창면,여의도여자고등학교 ②(5층),남향외벽,2,13,일반식,194261.42,547076.9,4.7,232.4,2.0,2.0,2.0,충족,충족
여의도여자고등학교 ②(5층) 3층-13,여의도여자고등학교,40-2,교사동 창면,여의도여자고등학교 ②(5층),남향외벽,3,13,일반식,194261.42,547076.9,8.2,232.4,2.0,2.0,2.0,충족,충족
여의도여자고등학교 ②(5층) 4층-13,여의도여자고등학교,40-2,교사동 창면,여의도여자고등학교 ②(5층),남향외벽,4,13,일반식,194261.42,547076.9,11.7,232.4,2.0,2.0,2.0,충족,충족
여의도여자고등학교 ②(5층) 5층-13,여의도여자고등학교,40-2,교사동 창면,여의도여자고등학교 ②(5층),남향외벽,5,13,일반식,194261.42,547076.9,15.2,232.4,2.67,2.0,2.0,충족,충족
여의도여자고등학교 운동장-1,여의도여자고등학교,40-2,운동장 지반,여의도여자고등학교 운동장,지반,0,1,배치도 경계(래스터 계측) + 분석지점도 격자,194286.42,547010.45,0.0,180.0,3.0,2.83,2.83,충족,충족
여의도여자고등학교 운동장-2,여의도여자고등학교,40-2,운동장 지반,여의도여자고등학교 운동장,지반,0,2,배치도 경계(래스터 계측) + 분석지점도 격자,194280.81,547017.63,0.0,180.0,3.17,2.83,2.83,충족,충족
여의도여자고등학교 운동장-3,여의도여자고등학교,40-2,운동장 지반,여의도여자고등학교 운동장,지반,0,3,배치도 경계(래스터 계측) + 분석지점도 격자,194275.2,547024.8,0.0,180.0,3.33,2.67,2.67,충족,충족
여의도여자고등학교 운동장-4,여의도여자고등학교,40-2,운동장 지반,여의도여자고등학교 운동장,지반,0,4,배치도 경계(래스터 계측) + 분석지점도 격자,194269.6,547031.98,0.0,180.0,3.17,2.5,2.5,충족,충족
여의도여자고등학교 운동장-5,여의도여자고등학교,40-2,운동장 지반,여의도여자고등학교 운동장,지반,0,5,배치도 경계(래스터 계측) + 분석지점도 격자,194263.99,547039.16,0.0,180.0,3.17,2.5,2.5,충족,충족
여의도여자고등학교 운동장-6,여의도여자고등학교,40-2,운동장 지반,여의도여자고등학교 운동장,지반,0,6,배치도 경계(래스터 계측) + 분석지점도 격자,194258.38,547046.33,0.0,180.0,3.0,2.33,2.33,충족,충족
여의도여자고등학교 운동장-7,여의도여자고등학교,40-2,운동장 지반,여의도여자고등학교 운동장,지반,0,7,배치도 경계(래스터 계측) + 분석지점도 격자,194278.63,547004.37,0.0,180.0,3.33,3.17,3.17,충족,충족
여의도여자고등학교 운동장-8,여의도여자고등학교,40-2,운동장 지반,여의도여자고등학교 운동장,지반,0,8,배치도 경계(래스터 계측) + 분석지점도 격자,194273.03,547011.55,0.0,180.0,3.5,3.17,3.17,충족,충족
여의도여자고등학교 운동장-9,여의도여자고등학교,40-2,운동장 지반,여의도여자고등학교 운동장,지반,0,9,배치도 경계(래스터 계측) + 분석지점도 격자,194267.42,547018.72,0.0,180.0,3.67,3.17,3.17,충족,충족
여의도여자고등학교 운동장-10,여의도여자고등학교,40-2,운동장 지반,여의도여자고등학교 운동장,지반,0,10,배치도 경계(래스터 계측) + 분석지점도 격자,194261.81,547025.9,0.0,180.0,3.5,2.83,2.83,충족,충족
여의도여자고등학교 운동장-11,여의도여자고등학교,40-2,운동장 지반,여의도여자고등학교 운동장,지반,0,11,배치도 경계(래스터 계측) + 분석지점도 격자,194256.21,547033.08,0.0,180.0,3.33,2.67,2.67,충족,충족
여의도여자고등학교 운동장-12,여의도여자고등학교,40-2,운동장 지반,여의도여자고등학교 운동장,지반,0,12,배치도 경계(래스터 계측) + 분석지점도 격자,194250.6,547040.25,0.0,180.0,3.33,2.67,2.67,충족,충족
여의도여자고등학교 운동장-13,여의도여자고등학교,40-2,운동장 지반,여의도여자고등학교 운동장,지반,0,13,배치도 경계(래스터 계측) + 분석지점도 격자,194270.85,546998.29,0.0,180.0,4.0,3.83,3.83,충족,충족
여의도여자고등학교 운동장-14,여의도여자고등학교,40-2,운동장 지반,여의도여자고등학교 운동장,지반,0,14,배치도 경계(래스터 계측) + 분석지점도 격자,194265.24,547005.47,0.0,180.0,3.83,3.5,3.5,충족,충족
여의도여자고등학교 운동장-15,여의도여자고등학교,40-2,운동장 지반,여의도여자고등학교 운동장,지반,0,15,배치도 경계(래스터 계측) + 분석지점도 격자,194259.64,547012.64,0.0,180.0,4.0,3.33,3.33,충족,충족
여의도여자고등학교 운동장-16,여의도여자고등학교,40-2,운동장 지반,여의도여자고등학교 운동장,지반,0,16,배치도 경계(래스터 계측) + 분석지점도 격자,194254.03,547019.82,0.0,180.0,4.0,3.17,3.17,충족,충족
여의도여자고등학교 운동장-17,여의도여자고등학교,40-2,운동장 지반,여의도여자고등학교 운동장,지반,0,17,배치도 경계(래스터 계측) + 분석지점도 격자,194248.42,547027.0,0.0,180.0,3.67,3.0,3.0,충족,충족
여의도여자고등학교 운동장-18,여의도여자고등학교,40-2,운동장 지반,여의도여자고등학교 운동장,지반,0,18,배치도 경계(래스터 계측) + 분석지점도 격자,194242.82,547034.17,0.0,180.0,3.5,2.83,2.83,충족,충족
여의도여자고등학교 운동장-19,여의도여자고등학교,40-2,운동장 지반,여의도여자고등학교 운동장,지반,0,19,배치도 경계(래스터 계측) + 분석지점도 격자,194263.07,546992.21,0.0,180.0,4.5,4.17,4.17,충족,충족
여의도여자고등학교 운동장-20,여의도여자고등학교,40-2,운동장 지반,여의도여자고등학교 운동장,지반,0,20,배치도 경계(래스터 계측) + 분석지점도 격자,194257.46,546999.38,0.0,180.0,4.5,4.0,4.0,충족,충족
여의도여자고등학교 운동장-21,여의도여자고등학교,40-2,운동장 지반,여의도여자고등학교 운동장,지반,0,21,배치도 경계(래스터 계측) + 분석지점도 격자,194251.85,547006.56,0.0,180.0,4.5,3.67,3.67,충족,충족
여의도여자고등학교 운동장-22,여의도여자고등학교,40-2,운동장 지반,여의도여자고등학교 운동장,지반,0,22,배치도 경계(래스터 계측) + 분석지점도 격자,194246.25,547013.74,0.0,180.0,4.33,3.5,3.5,충족,충족
여의도여자고등학교 운동장-23,여의도여자고등학교,40-2,운동장 지반,여의도여자고등학교 운동장,지반,0,23,배치도 경계(래스터 계측) + 분석지점도 격자,194240.64,547020.92,0.0,180.0,4.0,3.17,3.17,충족,충족
여의도여자고등학교 운동장-24,여의도여자고등학교,40-2,운동장 지반,여의도여자고등학교 운동장,지반,0,24,배치도 경계(래스터 계측) + 분석지점도 격자,194235.03,547028.09,0.0,180.0,3.67,3.0,3.0,충족,충족
여의도여자고등학교 운동장-25,여의도여자고등학교,40-2,운동장 지반,여의도여자고등학교 운동장,지반,0,25,배치도 경계(래스터 계측) + 분석지점도 격자,194255.29,546986.13,0.0,180.0,4.83,4.67,4.67,충족,충족
여의도여자고등학교 운동장-26,여의도여자고등학교,40-2,운동장 지반,여의도여자고등학교 운동장,지반,0,26,배치도 경계(래스터 계측) + 분석지점도 격자,194249.68,546993.3,0.0,180.0,5.0,4.5,4.5,충족,충족
여의도여자고등학교 운동장-27,여의도여자고등학교,40-2,운동장 지반,여의도여자고등학교 운동장,지반,0,27,배치도 경계(래스터 계측) + 분석지점도 격자,194244.07,547000.48,0.0,180.0,4.67,4.0,4.0,충족,충족
여의도여자고등학교 운동장-28,여의도여자고등학교,40-2,운동장 지반,여의도여자고등학교 운동장,지반,0,28,배치도 경계(래스터 계측) + 분석지점도 격자,194238.47,547007.66,0.0,180.0,4.67,3.83,3.83,충족,충족
여의도여자고등학교 운동장-29,여의도여자고등학교,40-2,운동장 지반,여의도여자고등학교 운동장,지반,0,29,배치도 경계(래스터 계측) + 분석지점도 격자,194232.86,547014.84,0.0,180.0,4.33,3.5,3.5,충족,충족
여의도여자고등학교 운동장-30,여의도여자고등학교,40-2,운동장 지반,여의도여자고등학교 운동장,지반,0,30,배치도 경계(래스터 계측) + 분석지점도 격자,194227.25,547022.01,0.0,180.0,4.0,3.33,3.33,충족,충족
여의도여자고등학교 운동장-31,여의도여자고등학교,40-2,운동장 지반,여의도여자고등학교 운동장,지반,0,31,배치도 경계(래스터 계측) + 분석지점도 격자,194247.5,546980.05,0.0,180.0,5.0,4.67,4.5,충족,충족
여의도여자고등학교 운동장-32,여의도여자고등학교,40-2,운동장 지반,여의도여자고등학교 운동장,지반,0,32,배치도 경계(래스터 계측) + 분석지점도 격자,194241.9,546987.22,0.0,180.0,5.0,4.33,4.17,충족,충족
여의도여자고등학교 운동장-33,여의도여자고등학교,40-2,운동장 지반,여의도여자고등학교 운동장,지반,0,33,배치도 경계(래스터 계측) + 분석지점도 격자,194236.29,546994.4,0.0,180.0,5.0,4.17,4.0,충족,충족
여의도여자고등학교 운동장-34,여의도여자고등학교,40-2,운동장 지반,여의도여자고등학교 운동장,지반,0,34,배치도 경계(래스터 계측) + 분석지점도 격자,194230.68,547001.58,0.0,180.0,4.67,3.83,3.67,충족,충족
여의도여자고등학교 운동장-35,여의도여자고등학교,40-2,운동장 지반,여의도여자고등학교 운동장,지반,0,35,배치도 경계(래스터 계측) + 분석지점도 격자,194225.08,547008.75,0.0,180.0,4.5,3.67,3.5,충족,충족
여의도여자고등학교 운동장-36,여의도여자고등학교,40-2,운동장 지반,여의도여자고등학교 운동장,지반,0,36,배치도 경계(래스터 계측) + 분석지점도 격자,194219.47,547015.93,0.0,180.0,4.33,3.5,3.33,충족,충족
여의도여자고등학교 운동장-37,여의도여자고등학교,40-2,운동장 지반,여의도여자고등학교 운동장,지반,0,37,배치도 경계(래스터 계측) + 분석지점도 격자,194239.72,546973.97,0.0,180.0,4.83,4.33,4.17,충족,충족
여의도여자고등학교 운동장-38,여의도여자고등학교,40-2,운동장 지반,여의도여자고등학교 운동장,지반,0,38,배치도 경계(래스터 계측) + 분석지점도 격자,194234.11,546981.14,0.0,180.0,4.67,4.0,3.83,충족,충족
여의도여자고등학교 운동장-39,여의도여자고등학교,40-2,운동장 지반,여의도여자고등학교 운동장,지반,0,39,배치도 경계(래스터 계측) + 분석지점도 격자,194228.51,546988.32,0.0,180.0,4.83,3.83,3.67,충족,충족
여의도여자고등학교 운동장-40,여의도여자고등학교,40-2,운동장 지반,여의도여자고등학교 운동장,지반,0,40,배치도 경계(래스터 계측) + 분석지점도 격자,194222.9,546995.5,0.0,180.0,4.67,3.67,3.5,충족,충족
여의도여자고등학교 운동장-41,여의도여자고등학교,40-2,운동장 지반,여의도여자고등학교 운동장,지반,0,41,배치도 경계(래스터 계측) + 분석지점도 격자,194217.29,547002.67,0.0,180.0,4.5,3.5,3.33,충족,충족
여의도여자고등학교 운동장-42,여의도여자고등학교,40-2,운동장 지반,여의도여자고등학교 운동장,지반,0,42,배치도 경계(래스터 계측) + 분석지점도 격자,194211.69,547009.85,0.0,180.0,4.17,3.33,3.17,충족,충족
여의도여자고등학교 운동장-43,여의도여자고등학교,40-2,운동장 지반,여의도여자고등학교 운동장,지반,0,43,배치도 경계(래스터 계측) + 분석지점도 격자,194231.94,546967.89,0.0,180.0,4.83,4.17,3.83,충족,충족
여의도여자고등학교 운동장-44,여의도여자고등학교,40-2,운동장 지반,여의도여자고등학교 운동장,지반,0,44,배치도 경계(래스터 계측) + 분석지점도 격자,194226.33,546975.06,0.0,180.0,4.67,3.83,3.5,충족,충족
여의도여자고등학교 운동장-45,여의도여자고등학교,40-2,운동장 지반,여의도여자고등학교 운동장,지반,0,45,배치도 경계(래스터 계측) + 분석지점도 격자,194220.72,546982.24,0.0,180.0,4.67,3.67,3.33,충족,충족
여의도여자고등학교 운동장-46,여의도여자고등학교,40-2,운동장 지반,여의도여자고등학교 운동장,지반,0,46,배치도 경계(래스터 계측) + 분석지점도 격자,194215.12,546989.42,0.0,180.0,4.5,3.5,3.17,충족,충족
여의도여자고등학교 운동장-47,여의도여자고등학교,40-2,운동장 지반,여의도여자고등학교 운동장,지반,0,47,배치도 경계(래스터 계측) + 분석지점도 격자,194209.51,546996.59,0.0,180.0,4.33,3.33,3.0,충족,충족
여의도여자고등학교 운동장-48,여의도여자고등학교,40-2,운동장 지반,여의도여자고등학교 운동장,지반,0,48,배치도 경계(래스터 계측) + 분석지점도 격자,194203.9,547003.77,0.0,180.0,4.17,3.17,2.83,충족,충족
본관(4층) 1층-1,여의도초등학교,40-3,교사동 창면,본관(4층),본관(4층),1,1,도면기준,194385.36,546987.46,2.1,142.0,7.33,7.33,6.17,충족,충족
본관(4층) 2층-1,여의도초등학교,40-3,교사동 창면,본관(4층),본관(4층),2,1,도면기준,194385.36,546987.46,5.7,142.0,7.33,7.33,6.17,충족,충족
본관(4층) 3층-1,여의도초등학교,40-3,교사동 창면,본관(4층),본관(4층),3,1,도면기준,194385.36,546987.46,9.3,142.0,7.33,7.33,6.17,충족,충족
본관(4층) 4층-1,여의도초등학교,40-3,교사동 창면,본관(4층),본관(4층),4,1,도면기준,194385.36,546987.46,12.9,142.0,7.5,7.5,6.17,충족,충족
본관(4층) 1층-2,여의도초등학교,40-3,교사동 창면,본관(4층),본관(4층),1,2,도면기준,194388.19,546989.68,2.1,142.0,7.33,7.33,6.17,충족,충족
본관(4층) 2층-2,여의도초등학교,40-3,교사동 창면,본관(4층),본관(4층),2,2,도면기준,194388.19,546989.68,5.7,142.0,7.33,7.33,6.17,충족,충족
본관(4층) 3층-2,여의도초등학교,40-3,교사동 창면,본관(4층),본관(4층),3,2,도면기준,194388.19,546989.68,9.3,142.0,7.33,7.33,6.17,충족,충족
본관(4층) 4층-2,여의도초등학교,40-3,교사동 창면,본관(4층),본관(4층),4,2,도면기준,194388.19,546989.68,12.9,142.0,7.33,7.33,6.17,충족,충족
본관(4층) 1층-3,여의도초등학교,40-3,교사동 창면,본관(4층),본관(4층),1,3,도면기준,194392.45,546993.0,2.1,142.0,7.17,7.17,6.17,충족,충족
본관(4층) 2층-3,여의도초등학교,40-3,교사동 창면,본관(4층),본관(4층),2,3,도면기준,194392.45,546993.0,5.7,142.0,7.17,7.17,6.17,충족,충족
본관(4층) 3층-3,여의도초등학교,40-3,교사동 창면,본관(4층),본관(4층),3,3,도면기준,194392.45,546993.0,9.3,142.0,7.17,7.17,6.17,충족,충족
본관(4층) 4층-3,여의도초등학교,40-3,교사동 창면,본관(4층),본관(4층),4,3,도면기준,194392.45,546993.0,12.9,142.0,7.33,7.33,6.17,충족,충족
본관(4층) 1층-4,여의도초등학교,40-3,교사동 창면,본관(4층),본관(4층),1,4,도면기준,194395.29,546995.22,2.1,142.0,7.0,7.0,6.0,충족,충족
본관(4층) 2층-4,여의도초등학교,40-3,교사동 창면,본관(4층),본관(4층),2,4,도면기준,194395.29,546995.22,5.7,142.0,7.0,7.0,6.0,충족,충족
본관(4층) 3층-4,여의도초등학교,40-3,교사동 창면,본관(4층),본관(4층),3,4,도면기준,194395.29,546995.22,9.3,142.0,7.17,7.17,6.17,충족,충족
본관(4층) 4층-4,여의도초등학교,40-3,교사동 창면,본관(4층),본관(4층),4,4,도면기준,194395.29,546995.22,12.9,142.0,7.17,7.17,6.17,충족,충족
본관(4층) 1층-5,여의도초등학교,40-3,교사동 창면,본관(4층),본관(4층),1,5,도면기준,194399.54,546998.54,2.1,142.0,6.83,6.83,5.83,충족,충족
본관(4층) 2층-5,여의도초등학교,40-3,교사동 창면,본관(4층),본관(4층),2,5,도면기준,194399.54,546998.54,5.7,142.0,7.0,7.0,6.0,충족,충족
본관(4층) 3층-5,여의도초등학교,40-3,교사동 창면,본관(4층),본관(4층),3,5,도면기준,194399.54,546998.54,9.3,142.0,7.0,7.0,6.0,충족,충족
본관(4층) 4층-5,여의도초등학교,40-3,교사동 창면,본관(4층),본관(4층),4,5,도면기준,194399.54,546998.54,12.9,142.0,7.17,7.17,6.17,충족,충족
본관(4층) 1층-6,여의도초등학교,40-3,교사동 창면,본관(4층),본관(4층),1,6,도면기준,194402.38,547000.76,2.1,142.0,6.83,6.83,5.83,충족,충족
본관(4층) 2층-6,여의도초등학교,40-3,교사동 창면,본관(4층),본관(4층),2,6,도면기준,194402.38,547000.76,5.7,142.0,6.83,6.83,5.83,충족,충족
본관(4층) 3층-6,여의도초등학교,40-3,교사동 창면,본관(4층),본관(4층),3,6,도면기준,194402.38,547000.76,9.3,142.0,6.83,6.83,5.83,충족,충족
본관(4층) 4층-6,여의도초등학교,40-3,교사동 창면,본관(4층),본관(4층),4,6,도면기준,194402.38,547000.76,12.9,142.0,7.0,7.0,6.0,충족,충족
본관(4층) 1층-7,여의도초등학교,40-3,교사동 창면,본관(4층),본관(4층),1,7,도면기준,194406.63,547004.09,2.1,142.0,6.67,6.67,5.67,충족,충족
본관(4층) 2층-7,여의도초등학교,40-3,교사동 창면,본관(4층),본관(4층),2,7,도면기준,194406.63,547004.09,5.7,142.0,6.67,6.67,5.67,충족,충족
본관(4층) 3층-7,여의도초등학교,40-3,교사동 창면,본관(4층),본관(4층),3,7,도면기준,194406.63,547004.09,9.3,142.0,6.83,6.83,5.83,충족,충족
본관(4층) 4층-7,여의도초등학교,40-3,교사동 창면,본관(4층),본관(4층),4,7,도면기준,194406.63,547004.09,12.9,142.0,6.83,6.83,5.83,충족,충족
본관(4층) 1층-8,여의도초등학교,40-3,교사동 창면,본관(4층),본관(4층),1,8,도면기준,194409.47,547006.3,2.1,142.0,6.5,6.5,5.5,충족,충족
본관(4층) 2층-8,여의도초등학교,40-3,교사동 창면,본관(4층),본관(4층),2,8,도면기준,194409.47,547006.3,5.7,142.0,6.5,6.5,5.5,충족,충족
본관(4층) 3층-8,여의도초등학교,40-3,교사동 창면,본관(4층),본관(4층),3,8,도면기준,194409.47,547006.3,9.3,142.0,6.67,6.67,5.67,충족,충족
본관(4층) 4층-8,여의도초등학교,40-3,교사동 창면,본관(4층),본관(4층),4,8,도면기준,194409.47,547006.3,12.9,142.0,6.67,6.67,5.67,충족,충족
본관(4층) 1층-9,여의도초등학교,40-3,교사동 창면,본관(4층),본관(4층),1,9,도면기준,194413.73,547009.63,2.1,142.0,6.5,6.33,5.33,충족,충족
본관(4층) 2층-9,여의도초등학교,40-3,교사동 창면,본관(4층),본관(4층),2,9,도면기준,194413.73,547009.63,5.7,142.0,6.5,6.33,5.33,충족,충족
본관(4층) 3층-9,여의도초등학교,40-3,교사동 창면,본관(4층),본관(4층),3,9,도면기준,194413.73,547009.63,9.3,142.0,6.5,6.33,5.33,충족,충족
본관(4층) 4층-9,여의도초등학교,40-3,교사동 창면,본관(4층),본관(4층),4,9,도면기준,194413.73,547009.63,12.9,142.0,6.5,6.33,5.33,충족,충족
본관(4층) 1층-10,여의도초등학교,40-3,교사동 창면,본관(4층),본관(4층),1,10,도면기준,194416.56,547011.84,2.1,142.0,6.5,6.17,5.17,충족,충족
본관(4층) 2층-10,여의도초등학교,40-3,교사동 창면,본관(4층),본관(4층),2,10,도면기준,194416.56,547011.84,5.7,142.0,6.5,6.17,5.17,충족,충족
본관(4층) 3층-10,여의도초등학교,40-3,교사동 창면,본관(4층),본관(4층),3,10,도면기준,194416.56,547011.84,9.3,142.0,6.5,6.17,5.17,충족,충족
본관(4층) 4층-10,여의도초등학교,40-3,교사동 창면,본관(4층),본관(4층),4,10,도면기준,194416.56,547011.84,12.9,142.0,6.5,6.17,5.17,충족,충족
본관(4층) 1층-11,여의도초등학교,40-3,교사동 창면,본관(4층),본관(4층),1,11,도면기준,194420.82,547015.17,2.1,142.0,6.17,5.67,4.67,충족,충족
본관(4층) 2층-11,여의도초등학교,40-3,교사동 창면,본관(4층),본관(4층),2,11,도면기준,194420.82,547015.17,5.7,142.0,6.17,5.67,4.67,충족,충족
본관(4층) 3층-11,여의도초등학교,40-3,교사동 창면,본관(4층),본관(4층),3,11,도면기준,194420.82,547015.17,9.3,142.0,6.17,5.67,4.67,충족,충족
본관(4층) 4층-11,여의도초등학교,40-3,교사동 창면,본관(4층),본관(4층),4,11,도면기준,194420.82,547015.17,12.9,142.0,6.17,5.67,4.67,충족,충족
본관(4층) 1층-12,여의도초등학교,40-3,교사동 창면,본관(4층),본관(4층),1,12,도면기준,194423.65,547017.38,2.1,142.0,6.17,5.33,4.33,충족,충족
본관(4층) 2층-12,여의도초등학교,40-3,교사동 창면,본관(4층),본관(4층),2,12,도면기준,194423.65,547017.38,5.7,142.0,6.17,5.33,4.33,충족,충족
본관(4층) 3층-12,여의도초등학교,40-3,교사동 창면,본관(4층),본관(4층),3,12,도면기준,194423.65,547017.38,9.3,142.0,6.17,5.33,4.33,충족,충족
본관(4층) 4층-12,여의도초등학교,40-3,교사동 창면,본관(4층),본관(4층),4,12,도면기준,194423.65,547017.38,12.9,142.0,6.17,5.33,4.33,충족,충족
본관(4층) 1층-13,여의도초등학교,40-3,교사동 창면,본관(4층),본관(4층),1,13,도면기준,194427.91,547020.71,2.1,142.0,5.83,4.83,3.83,충족,충족
본관(4층) 2층-13,여의도초등학교,40-3,교사동 창면,본관(4층),본관(4층),2,13,도면기준,194427.91,547020.71,5.7,142.0,5.83,4.83,3.83,충족,충족
본관(4층) 3층-13,여의도초등학교,40-3,교사동 창면,본관(4층),본관(4층),3,13,도면기준,194427.91,547020.71,9.3,142.0,5.83,4.83,3.83,충족,충족
본관(4층) 4층-13,여의도초등학교,40-3,교사동 창면,본관(4층),본관(4층),4,13,도면기준,194427.91,547020.71,12.9,142.0,6.67,5.0,4.0,충족,충족
본관(4층) 1층-14,여의도초등학교,40-3,교사동 창면,본관(4층),본관(4층),1,14,도면기준,194430.75,547022.92,2.1,142.0,5.83,4.67,3.67,충족,충족
본관(4층) 2층-14,여의도초등학교,40-3,교사동 창면,본관(4층),본관(4층),2,14,도면기준,194430.75,547022.92,5.7,142.0,5.83,4.67,3.67,충족,충족
본관(4층) 3층-14,여의도초등학교,40-3,교사동 창면,본관(4층),본관(4층),3,14,도면기준,194430.75,547022.92,9.3,142.0,6.17,4.67,3.67,충족,충족
본관(4층) 4층-14,여의도초등학교,40-3,교사동 창면,본관(4층),본관(4층),4,14,도면기준,194430.75,547022.92,12.9,142.0,6.83,5.0,4.0,충족,충족
본관(4층) 1층-15,여의도초등학교,40-3,교사동 창면,본관(4층),본관(4층),1,15,도면기준,194435.0,547026.25,2.1,142.0,5.5,4.17,3.17,충족,충족
본관(4층) 2층-15,여의도초등학교,40-3,교사동 창면,본관(4층),본관(4층),2,15,도면기준,194435.0,547026.25,5.7,142.0,5.83,4.17,3.17,충족,충족
본관(4층) 3층-15,여의도초등학교,40-3,교사동 창면,본관(4층),본관(4층),3,15,도면기준,194435.0,547026.25,9.3,142.0,6.5,4.5,3.5,충족,충족
본관(4층) 4층-15,여의도초등학교,40-3,교사동 창면,본관(4층),본관(4층),4,15,도면기준,194435.0,547026.25,12.9,142.0,7.33,7.33,6.17,충족,충족
본관(4층) 1층-16,여의도초등학교,40-3,교사동 창면,본관(4층),본관(4층),1,16,도면기준,194437.84,547028.47,2.1,142.0,5.5,4.0,3.0,충족,충족
본관(4층) 2층-16,여의도초등학교,40-3,교사동 창면,본관(4층),본관(4층),2,16,도면기준,194437.84,547028.47,5.7,142.0,6.0,4.0,3.0,충족,충족
본관(4층) 3층-16,여의도초등학교,40-3,교사동 창면,본관(4층),본관(4층),3,16,도면기준,194437.84,547028.47,9.3,142.0,6.83,4.5,3.5,충족,충족
본관(4층) 4층-16,여의도초등학교,40-3,교사동 창면,본관(4층),본관(4층),4,16,도면기준,194437.84,547028.47,12.9,142.0,7.17,7.17,6.17,충족,충족
별관(5층) 1층-1,여의도초등학교,40-3,교사동 창면,별관(5층),별관(5층),1,1,도면기준,194387.9,547104.04,1.95,231.9,3.83,3.67,3.67,충족,충족
별관(5층) 2층-1,여의도초등학교,40-3,교사동 창면,별관(5층),별관(5층),2,1,도면기준,194387.9,547104.04,5.15,231.9,4.0,3.67,3.67,충족,충족
별관(5층) 3층-1,여의도초등학교,40-3,교사동 창면,별관(5층),별관(5층),3,1,도면기준,194387.9,547104.04,8.35,231.9,4.0,3.67,3.67,충족,충족
별관(5층) 4층-1,여의도초등학교,40-3,교사동 창면,별관(5층),별관(5층),4,1,도면기준,194387.9,547104.04,11.55,231.9,4.0,3.67,3.67,충족,충족
별관(5층) 5층-1,여의도초등학교,40-3,교사동 창면,별관(5층),별관(5층),5,1,도면기준,194387.9,547104.04,14.75,231.9,4.0,3.67,3.67,충족,충족
별관(5층) 1층-2,여의도초등학교,40-3,교사동 창면,별관(5층),별관(5층),1,2,도면기준,194390.12,547101.21,1.95,231.9,4.0,3.83,3.83,충족,충족
별관(5층) 2층-2,여의도초등학교,40-3,교사동 창면,별관(5층),별관(5층),2,2,도면기준,194390.12,547101.21,5.15,231.9,4.17,3.83,3.83,충족,충족
별관(5층) 3층-2,여의도초등학교,40-3,교사동 창면,별관(5층),별관(5층),3,2,도면기준,194390.12,547101.21,8.35,231.9,4.17,3.83,3.83,충족,충족
별관(5층) 4층-2,여의도초등학교,40-3,교사동 창면,별관(5층),별관(5층),4,2,도면기준,194390.12,547101.21,11.55,231.9,4.17,3.83,3.83,충족,충족
별관(5층) 5층-2,여의도초등학교,40-3,교사동 창면,별관(5층),별관(5층),5,2,도면기준,194390.12,547101.21,14.75,231.9,4.17,3.83,3.83,충족,충족
별관(5층) 1층-3,여의도초등학교,40-3,교사동 창면,별관(5층),별관(5층),1,3,도면기준,194393.45,547096.96,1.95,231.9,4.0,3.83,3.83,충족,충족
별관(5층) 2층-3,여의도초등학교,40-3,교사동 창면,별관(5층),별관(5층),2,3,도면기준,194393.45,547096.96,5.15,231.9,4.0,3.83,3.83,충족,충족
별관(5층) 3층-3,여의도초등학교,40-3,교사동 창면,별관(5층),별관(5층),3,3,도면기준,194393.45,547096.96,8.35,231.9,4.0,3.83,3.83,충족,충족
별관(5층) 4층-3,여의도초등학교,40-3,교사동 창면,별관(5층),별관(5층),4,3,도면기준,194393.45,547096.96,11.55,231.9,4.0,3.83,3.83,충족,충족
별관(5층) 5층-3,여의도초등학교,40-3,교사동 창면,별관(5층),별관(5층),5,3,도면기준,194393.45,547096.96,14.75,231.9,4.0,3.83,3.83,충족,충족
별관(5층) 1층-4,여의도초등학교,40-3,교사동 창면,별관(5층),별관(5층),1,4,도면기준,194395.67,547094.13,1.95,231.9,4.17,4.0,4.0,충족,충족
별관(5층) 2층-4,여의도초등학교,40-3,교사동 창면,별관(5층),별관(5층),2,4,도면기준,194395.67,547094.13,5.15,231.9,4.17,4.0,4.0,충족,충족
별관(5층) 3층-4,여의도초등학교,40-3,교사동 창면,별관(5층),별관(5층),3,4,도면기준,194395.67,547094.13,8.35,231.9,4.17,4.0,4.0,충족,충족
별관(5층) 4층-4,여의도초등학교,40-3,교사동 창면,별관(5층),별관(5층),4,4,도면기준,194395.67,547094.13,11.55,231.9,4.17,4.0,4.0,충족,충족
별관(5층) 5층-4,여의도초등학교,40-3,교사동 창면,별관(5층),별관(5층),5,4,도면기준,194395.67,547094.13,14.75,231.9,4.17,4.0,4.0,충족,충족
별관(5층) 1층-5,여의도초등학교,40-3,교사동 창면,별관(5층),별관(5층),1,5,도면기준,194399.01,547089.88,1.95,231.9,3.83,3.83,3.83,충족,충족
별관(5층) 2층-5,여의도초등학교,40-3,교사동 창면,별관(5층),별관(5층),2,5,도면기준,194399.01,547089.88,5.15,231.9,4.0,4.0,4.0,충족,충족
별관(5층) 3층-5,여의도초등학교,40-3,교사동 창면,별관(5층),별관(5층),3,5,도면기준,194399.01,547089.88,8.35,231.9,4.0,4.0,4.0,충족,충족
별관(5층) 4층-5,여의도초등학교,40-3,교사동 창면,별관(5층),별관(5층),4,5,도면기준,194399.01,547089.88,11.55,231.9,4.0,4.0,4.0,충족,충족
별관(5층) 5층-5,여의도초등학교,40-3,교사동 창면,별관(5층),별관(5층),5,5,도면기준,194399.01,547089.88,14.75,231.9,4.0,4.0,4.0,충족,충족
별관(5층) 1층-6,여의도초등학교,40-3,교사동 창면,별관(5층),별관(5층),1,6,도면기준,194401.23,547087.05,1.95,231.9,3.83,3.83,3.83,충족,충족
별관(5층) 2층-6,여의도초등학교,40-3,교사동 창면,별관(5층),별관(5층),2,6,도면기준,194401.23,547087.05,5.15,231.9,4.17,4.17,4.17,충족,충족
별관(5층) 3층-6,여의도초등학교,40-3,교사동 창면,별관(5층),별관(5층),3,6,도면기준,194401.23,547087.05,8.35,231.9,4.17,4.17,4.17,충족,충족
별관(5층) 4층-6,여의도초등학교,40-3,교사동 창면,별관(5층),별관(5층),4,6,도면기준,194401.23,547087.05,11.55,231.9,4.17,4.17,4.17,충족,충족
별관(5층) 5층-6,여의도초등학교,40-3,교사동 창면,별관(5층),별관(5층),5,6,도면기준,194401.23,547087.05,14.75,231.9,4.17,4.17,4.17,충족,충족
별관(5층) 1층-7,여의도초등학교,40-3,교사동 창면,별관(5층),별관(5층),1,7,도면기준,194406.78,547079.97,1.95,231.9,3.83,3.83,3.83,충족,충족
별관(5층) 2층-7,여의도초등학교,40-3,교사동 창면,별관(5층),별관(5층),2,7,도면기준,194406.78,547079.97,5.15,231.9,3.83,3.83,3.83,충족,충족
별관(5층) 3층-7,여의도초등학교,40-3,교사동 창면,별관(5층),별관(5층),3,7,도면기준,194406.78,547079.97,8.35,231.9,4.33,4.33,4.33,충족,충족
별관(5층) 4층-7,여의도초등학교,40-3,교사동 창면,별관(5층),별관(5층),4,7,도면기준,194406.78,547079.97,11.55,231.9,4.33,4.33,4.33,충족,충족
별관(5층) 5층-7,여의도초등학교,40-3,교사동 창면,별관(5층),별관(5층),5,7,도면기준,194406.78,547079.97,14.75,231.9,4.33,4.33,4.33,충족,충족
별관(5층) 1층-8,여의도초등학교,40-3,교사동 창면,별관(5층),별관(5층),1,8,도면기준,194410.12,547075.72,1.95,231.9,4.0,4.0,4.0,충족,충족
별관(5층) 2층-8,여의도초등학교,40-3,교사동 창면,별관(5층),별관(5층),2,8,도면기준,194410.12,547075.72,5.15,231.9,4.0,4.0,4.0,충족,충족
별관(5층) 3층-8,여의도초등학교,40-3,교사동 창면,별관(5층),별관(5층),3,8,도면기준,194410.12,547075.72,8.35,231.9,4.33,4.33,4.33,충족,충족
별관(5층) 4층-8,여의도초등학교,40-3,교사동 창면,별관(5층),별관(5층),4,8,도면기준,194410.12,547075.72,11.55,231.9,4.5,4.5,4.5,충족,충족
별관(5층) 5층-8,여의도초등학교,40-3,교사동 창면,별관(5층),별관(5층),5,8,도면기준,194410.12,547075.72,14.75,231.9,4.5,4.5,4.5,충족,충족
별관(5층) 1층-9,여의도초등학교,40-3,교사동 창면,별관(5층),별관(5층),1,9,도면기준,194412.34,547072.89,1.95,231.9,4.0,4.0,4.0,충족,충족
별관(5층) 2층-9,여의도초등학교,40-3,교사동 창면,별관(5층),별관(5층),2,9,도면기준,194412.34,547072.89,5.15,231.9,4.0,4.0,4.0,충족,충족
별관(5층) 3층-9,여의도초등학교,40-3,교사동 창면,별관(5층),별관(5층),3,9,도면기준,194412.34,547072.89,8.35,231.9,4.0,4.0,4.0,충족,충족
별관(5층) 4층-9,여의도초등학교,40-3,교사동 창면,별관(5층),별관(5층),4,9,도면기준,194412.34,547072.89,11.55,231.9,4.67,4.67,4.67,충족,충족
별관(5층) 5층-9,여의도초등학교,40-3,교사동 창면,별관(5층),별관(5층),5,9,도면기준,194412.34,547072.89,14.75,231.9,4.67,4.67,4.67,충족,충족
별관(5층) 1층-10,여의도초등학교,40-3,교사동 창면,별관(5층),별관(5층),1,10,도면기준,194415.67,547068.64,1.95,231.9,3.67,3.67,3.67,충족,충족
별관(5층) 2층-10,여의도초등학교,40-3,교사동 창면,별관(5층),별관(5층),2,10,도면기준,194415.67,547068.64,5.15,231.9,3.67,3.67,3.67,충족,충족
별관(5층) 3층-10,여의도초등학교,40-3,교사동 창면,별관(5층),별관(5층),3,10,도면기준,194415.67,547068.64,8.35,231.9,3.67,3.67,3.67,충족,충족
별관(5층) 4층-10,여의도초등학교,40-3,교사동 창면,별관(5층),별관(5층),4,10,도면기준,194415.67,547068.64,11.55,231.9,4.33,4.33,4.33,충족,충족
별관(5층) 5층-10,여의도초등학교,40-3,교사동 창면,별관(5층),별관(5층),5,10,도면기준,194415.67,547068.64,14.75,231.9,4.83,4.83,4.83,충족,충족
별관(5층) 1층-11,여의도초등학교,40-3,교사동 창면,별관(5층),별관(5층),1,11,도면기준,194417.9,547065.81,1.95,231.9,3.17,3.17,3.17,충족,충족
별관(5층) 2층-11,여의도초등학교,40-3,교사동 창면,별관(5층),별관(5층),2,11,도면기준,194417.9,547065.81,5.15,231.9,3.17,3.17,3.17,충족,충족
별관(5층) 3층-11,여의도초등학교,40-3,교사동 창면,별관(5층),별관(5층),3,11,도면기준,194417.9,547065.81,8.35,231.9,3.17,3.17,3.17,충족,충족
별관(5층) 4층-11,여의도초등학교,40-3,교사동 창면,별관(5층),별관(5층),4,11,도면기준,194417.9,547065.81,11.55,231.9,3.17,3.17,3.17,충족,충족
별관(5층) 5층-11,여의도초등학교,40-3,교사동 창면,별관(5층),별관(5층),5,11,도면기준,194417.9,547065.81,14.75,231.9,4.83,4.83,4.83,충족,충족
별관(5층) 1층-12,여의도초등학교,40-3,교사동 창면,별관(5층),별관(5층),1,12,도면기준,194421.23,547061.56,1.95,231.9,0.5,0.5,0.5,불충족,불충족
별관(5층) 2층-12,여의도초등학교,40-3,교사동 창면,별관(5층),별관(5층),2,12,도면기준,194421.23,547061.56,5.15,231.9,0.5,0.5,0.5,불충족,불충족
별관(5층) 3층-12,여의도초등학교,40-3,교사동 창면,별관(5층),별관(5층),3,12,도면기준,194421.23,547061.56,8.35,231.9,0.5,0.5,0.5,불충족,불충족
별관(5층) 4층-12,여의도초등학교,40-3,교사동 창면,별관(5층),별관(5층),4,12,도면기준,194421.23,547061.56,11.55,231.9,0.5,0.5,0.5,불충족,불충족
별관(5층) 5층-12,여의도초등학교,40-3,교사동 창면,별관(5층),별관(5층),5,12,도면기준,194421.23,547061.56,14.75,231.9,1.5,1.5,1.5,불충족,불충족
별관(5층) 1층-13,여의도초등학교,40-3,교사동 창면,별관(5층),별관(5층),1,13,도면기준,194426.78,547054.48,1.95,231.9,0.0,0.0,0.0,불충족,불충족
별관(5층) 2층-13,여의도초등학교,40-3,교사동 창면,별관(5층),별관(5층),2,13,도면기준,194426.78,547054.48,5.15,231.9,0.0,0.0,0.0,불충족,불충족
별관(5층) 3층-13,여의도초등학교,40-3,교사동 창면,별관(5층),별관(5층),3,13,도면기준,194426.78,547054.48,8.35,231.9,0.33,0.33,0.33,불충족,불충족
별관(5층) 4층-13,여의도초등학교,40-3,교사동 창면,별관(5층),별관(5층),4,13,도면기준,194426.78,547054.48,11.55,231.9,1.5,1.5,1.5,불충족,불충족
별관(5층) 5층-13,여의도초등학교,40-3,교사동 창면,별관(5층),별관(5층),5,13,도면기준,194426.78,547054.48,14.75,231.9,3.33,3.33,3.33,충족,충족
별관(5층) 1층-14,여의도초등학교,40-3,교사동 창면,별관(5층),별관(5층),1,14,도면기준,194429.01,547051.65,1.95,231.9,0.0,0.0,0.0,불충족,불충족
별관(5층) 2층-14,여의도초등학교,40-3,교사동 창면,별관(5층),별관(5층),2,14,도면기준,194429.01,547051.65,5.15,231.9,0.0,0.0,0.0,불충족,불충족
별관(5층) 3층-14,여의도초등학교,40-3,교사동 창면,별관(5층),별관(5층),3,14,도면기준,194429.01,547051.65,8.35,231.9,0.0,0.0,0.0,불충족,불충족
별관(5층) 4층-14,여의도초등학교,40-3,교사동 창면,별관(5층),별관(5층),4,14,도면기준,194429.01,547051.65,11.55,231.9,2.0,2.0,2.0,충족,충족
별관(5층) 5층-14,여의도초등학교,40-3,교사동 창면,별관(5층),별관(5층),5,14,도면기준,194429.01,547051.65,14.75,231.9,4.33,4.33,4.33,충족,충족
여의도초등학교 운동장-1,여의도초등학교,40-3,운동장 지반,여의도초등학교 운동장,지반,0,1,배치도 경계(래스터 계측) + 분석지점도 격자,194418.14,547041.61,0.0,180.0,0.17,0.17,0.0,불충족,불충족
여의도초등학교 운동장-2,여의도초등학교,40-3,운동장 지반,여의도초등학교 운동장,지반,0,2,배치도 경계(래스터 계측) + 분석지점도 격자,194412.55,547048.76,0.0,180.0,2.0,2.0,1.83,충족,불충족
여의도초등학교 운동장-3,여의도초등학교,40-3,운동장 지반,여의도초등학교 운동장,지반,0,3,배치도 경계(래스터 계측) + 분석지점도 격자,194406.96,547055.91,0.0,180.0,3.33,3.33,3.33,충족,충족
여의도초등학교 운동장-4,여의도초등학교,40-3,운동장 지반,여의도초등학교 운동장,지반,0,4,배치도 경계(래스터 계측) + 분석지점도 격자,194401.38,547063.06,0.0,180.0,4.0,4.0,4.0,충족,충족
여의도초등학교 운동장-5,여의도초등학교,40-3,운동장 지반,여의도초등학교 운동장,지반,0,5,배치도 경계(래스터 계측) + 분석지점도 격자,194395.79,547070.21,0.0,180.0,4.17,4.17,4.17,충족,충족
여의도초등학교 운동장-6,여의도초등학교,40-3,운동장 지반,여의도초등학교 운동장,지반,0,6,배치도 경계(래스터 계측) + 분석지점도 격자,194390.2,547077.36,0.0,180.0,4.5,4.5,4.5,충족,충족
여의도초등학교 운동장-7,여의도초등학교,40-3,운동장 지반,여의도초등학교 운동장,지반,0,7,배치도 경계(래스터 계측) + 분석지점도 격자,194384.62,547084.51,0.0,180.0,4.5,4.5,4.5,충족,충족
여의도초등학교 운동장-8,여의도초등학교,40-3,운동장 지반,여의도초등학교 운동장,지반,0,8,배치도 경계(래스터 계측) + 분석지점도 격자,194379.03,547091.66,0.0,180.0,4.5,4.33,4.33,충족,충족
여의도초등학교 운동장-9,여의도초등학교,40-3,운동장 지반,여의도초등학교 운동장,지반,0,9,배치도 경계(래스터 계측) + 분석지점도 격자,194411.15,547036.15,0.0,180.0,0.0,0.0,0.0,불충족,불충족
여의도초등학교 운동장-10,여의도초등학교,40-3,운동장 지반,여의도초등학교 운동장,지반,0,10,배치도 경계(래스터 계측) + 분석지점도 격자,194405.57,547043.3,0.0,180.0,1.83,1.83,1.83,불충족,불충족
여의도초등학교 운동장-11,여의도초등학교,40-3,운동장 지반,여의도초등학교 운동장,지반,0,11,배치도 경계(래스터 계측) + 분석지점도 격자,194399.98,547050.45,0.0,180.0,3.17,3.17,3.17,충족,충족
여의도초등학교 운동장-12,여의도초등학교,40-3,운동장 지반,여의도초등학교 운동장,지반,0,12,배치도 경계(래스터 계측) + 분석지점도 격자,194394.39,547057.6,0.0,180.0,3.83,3.83,3.83,충족,충족
여의도초등학교 운동장-13,여의도초등학교,40-3,운동장 지반,여의도초등학교 운동장,지반,0,13,배치도 경계(래스터 계측) + 분석지점도 격자,194388.81,547064.75,0.0,180.0,4.33,4.33,4.33,충족,충족
여의도초등학교 운동장-14,여의도초등학교,40-3,운동장 지반,여의도초등학교 운동장,지반,0,14,배치도 경계(래스터 계측) + 분석지점도 격자,194383.22,547071.9,0.0,180.0,4.33,4.33,4.33,충족,충족
여의도초등학교 운동장-15,여의도초등학교,40-3,운동장 지반,여의도초등학교 운동장,지반,0,15,배치도 경계(래스터 계측) + 분석지점도 격자,194377.63,547079.05,0.0,180.0,4.33,4.33,4.33,충족,충족
여의도초등학교 운동장-16,여의도초등학교,40-3,운동장 지반,여의도초등학교 운동장,지반,0,16,배치도 경계(래스터 계측) + 분석지점도 격자,194372.05,547086.2,0.0,180.0,4.67,4.5,4.5,충족,충족
여의도초등학교 운동장-17,여의도초등학교,40-3,운동장 지반,여의도초등학교 운동장,지반,0,17,배치도 경계(래스터 계측) + 분석지점도 격자,194404.17,547030.69,0.0,180.0,0.17,0.17,0.0,불충족,불충족
여의도초등학교 운동장-18,여의도초등학교,40-3,운동장 지반,여의도초등학교 운동장,지반,0,18,배치도 경계(래스터 계측) + 분석지점도 격자,194398.58,547037.84,0.0,180.0,1.83,1.83,1.83,불충족,불충족
여의도초등학교 운동장-19,여의도초등학교,40-3,운동장 지반,여의도초등학교 운동장,지반,0,19,배치도 경계(래스터 계측) + 분석지점도 격자,194393.0,547044.99,0.0,180.0,3.0,3.0,3.0,충족,충족
여의도초등학교 운동장-20,여의도초등학교,40-3,운동장 지반,여의도초등학교 운동장,지반,0,20,배치도 경계(래스터 계측) + 분석지점도 격자,194387.41,547052.14,0.0,180.0,3.83,3.83,3.83,충족,충족
여의도초등학교 운동장-21,여의도초등학교,40-3,운동장 지반,여의도초등학교 운동장,지반,0,21,배치도 경계(래스터 계측) + 분석지점도 격자,194381.82,547059.29,0.0,180.0,4.17,4.17,4.17,충족,충족
여의도초등학교 운동장-22,여의도초등학교,40-3,운동장 지반,여의도초등학교 운동장,지반,0,22,배치도 경계(래스터 계측) + 분석지점도 격자,194376.24,547066.44,0.0,180.0,4.0,4.0,4.0,충족,충족
여의도초등학교 운동장-23,여의도초등학교,40-3,운동장 지반,여의도초등학교 운동장,지반,0,23,배치도 경계(래스터 계측) + 분석지점도 격자,194370.65,547073.59,0.0,180.0,4.33,4.33,4.33,충족,충족
여의도초등학교 운동장-24,여의도초등학교,40-3,운동장 지반,여의도초등학교 운동장,지반,0,24,배치도 경계(래스터 계측) + 분석지점도 격자,194365.06,547080.74,0.0,180.0,4.5,4.33,4.33,충족,충족
여의도초등학교 운동장-25,여의도초등학교,40-3,운동장 지반,여의도초등학교 운동장,지반,0,25,배치도 경계(래스터 계측) + 분석지점도 격자,194397.18,547025.24,0.0,180.0,0.17,0.17,0.0,불충족,불충족
여의도초등학교 운동장-26,여의도초등학교,40-3,운동장 지반,여의도초등학교 운동장,지반,0,26,배치도 경계(래스터 계측) + 분석지점도 격자,194391.6,547032.39,0.0,180.0,1.67,1.67,1.67,불충족,불충족
여의도초등학교 운동장-27,여의도초등학교,40-3,운동장 지반,여의도초등학교 운동장,지반,0,27,배치도 경계(래스터 계측) + 분석지점도 격자,194386.01,547039.54,0.0,180.0,3.0,3.0,3.0,충족,충족
여의도초등학교 운동장-28,여의도초등학교,40-3,운동장 지반,여의도초등학교 운동장,지반,0,28,배치도 경계(래스터 계측) + 분석지점도 격자,194380.43,547046.69,0.0,180.0,3.67,3.67,3.67,충족,충족
여의도초등학교 운동장-29,여의도초등학교,40-3,운동장 지반,여의도초등학교 운동장,지반,0,29,배치도 경계(래스터 계측) + 분석지점도 격자,194374.84,547053.84,0.0,180.0,4.0,4.0,4.0,충족,충족
여의도초등학교 운동장-30,여의도초등학교,40-3,운동장 지반,여의도초등학교 운동장,지반,0,30,배치도 경계(래스터 계측) + 분석지점도 격자,194369.25,547060.99,0.0,180.0,4.0,4.0,4.0,충족,충족
여의도초등학교 운동장-31,여의도초등학교,40-3,운동장 지반,여의도초등학교 운동장,지반,0,31,배치도 경계(래스터 계측) + 분석지점도 격자,194363.67,547068.14,0.0,180.0,3.83,3.83,3.83,충족,충족
여의도초등학교 운동장-32,여의도초등학교,40-3,운동장 지반,여의도초등학교 운동장,지반,0,32,배치도 경계(래스터 계측) + 분석지점도 격자,194358.08,547075.29,0.0,180.0,4.17,3.83,3.83,충족,충족
여의도초등학교 운동장-33,여의도초등학교,40-3,운동장 지반,여의도초등학교 운동장,지반,0,33,배치도 경계(래스터 계측) + 분석지점도 격자,194390.2,547019.78,0.0,180.0,0.67,0.67,0.5,불충족,불충족
여의도초등학교 운동장-34,여의도초등학교,40-3,운동장 지반,여의도초등학교 운동장,지반,0,34,배치도 경계(래스터 계측) + 분석지점도 격자,194384.61,547026.93,0.0,180.0,1.5,1.5,1.5,불충족,불충족
여의도초등학교 운동장-35,여의도초등학교,40-3,운동장 지반,여의도초등학교 운동장,지반,0,35,배치도 경계(래스터 계측) + 분석지점도 격자,194379.03,547034.08,0.0,180.0,2.83,2.83,2.83,충족,충족
여의도초등학교 운동장-36,여의도초등학교,40-3,운동장 지반,여의도초등학교 운동장,지반,0,36,배치도 경계(래스터 계측) + 분석지점도 격자,194373.44,547041.23,0.0,180.0,3.5,3.5,3.5,충족,충족
여의도초등학교 운동장-37,여의도초등학교,40-3,운동장 지반,여의도초등학교 운동장,지반,0,37,배치도 경계(래스터 계측) + 분석지점도 격자,194367.86,547048.38,0.0,180.0,3.83,3.83,3.83,충족,충족
여의도초등학교 운동장-38,여의도초등학교,40-3,운동장 지반,여의도초등학교 운동장,지반,0,38,배치도 경계(래스터 계측) + 분석지점도 격자,194362.27,547055.53,0.0,180.0,3.83,3.83,3.83,충족,충족
여의도초등학교 운동장-39,여의도초등학교,40-3,운동장 지반,여의도초등학교 운동장,지반,0,39,배치도 경계(래스터 계측) + 분석지점도 격자,194356.68,547062.68,0.0,180.0,3.83,3.83,3.83,충족,충족
여의도초등학교 운동장-40,여의도초등학교,40-3,운동장 지반,여의도초등학교 운동장,지반,0,40,배치도 경계(래스터 계측) + 분석지점도 격자,194351.1,547069.83,0.0,180.0,3.67,3.67,3.67,충족,충족
여의도초등학교 운동장-41,여의도초등학교,40-3,운동장 지반,여의도초등학교 운동장,지반,0,41,배치도 경계(래스터 계측) + 분석지점도 격자,194383.22,547014.33,0.0,180.0,1.17,1.17,1.17,불충족,불충족
여의도초등학교 운동장-42,여의도초등학교,40-3,운동장 지반,여의도초등학교 운동장,지반,0,42,배치도 경계(래스터 계측) + 분석지점도 격자,194377.63,547021.48,0.0,180.0,1.83,1.83,1.83,불충족,불충족
여의도초등학교 운동장-43,여의도초등학교,40-3,운동장 지반,여의도초등학교 운동장,지반,0,43,배치도 경계(래스터 계측) + 분석지점도 격자,194372.04,547028.63,0.0,180.0,2.67,2.67,2.67,충족,충족
여의도초등학교 운동장-44,여의도초등학교,40-3,운동장 지반,여의도초등학교 운동장,지반,0,44,배치도 경계(래스터 계측) + 분석지점도 격자,194366.46,547035.78,0.0,180.0,3.33,3.33,3.33,충족,충족
여의도초등학교 운동장-45,여의도초등학교,40-3,운동장 지반,여의도초등학교 운동장,지반,0,45,배치도 경계(래스터 계측) + 분석지점도 격자,194360.87,547042.93,0.0,180.0,3.67,3.67,3.67,충족,충족
여의도초등학교 운동장-46,여의도초등학교,40-3,운동장 지반,여의도초등학교 운동장,지반,0,46,배치도 경계(래스터 계측) + 분석지점도 격자,194355.29,547050.08,0.0,180.0,3.67,3.67,3.67,충족,충족
여의도초등학교 운동장-47,여의도초등학교,40-3,운동장 지반,여의도초등학교 운동장,지반,0,47,배치도 경계(래스터 계측) + 분석지점도 격자,194349.7,547057.23,0.0,180.0,3.83,3.83,3.83,충족,충족
여의도초등학교 운동장-48,여의도초등학교,40-3,운동장 지반,여의도초등학교 운동장,지반,0,48,배치도 경계(래스터 계측) + 분석지점도 격자,194344.11,547064.38,0.0,180.0,3.83,3.67,3.67,충족,충족
여의도초등학교 운동장-49,여의도초등학교,40-3,운동장 지반,여의도초등학교 운동장,지반,0,49,배치도 경계(래스터 계측) + 분석지점도 격자,194376.23,547008.87,0.0,180.0,2.17,2.17,2.17,충족,충족
여의도초등학교 운동장-50,여의도초등학교,40-3,운동장 지반,여의도초등학교 운동장,지반,0,50,배치도 경계(래스터 계측) + 분석지점도 격자,194370.65,547016.02,0.0,180.0,2.83,2.83,2.83,충족,충족
여의도초등학교 운동장-51,여의도초등학교,40-3,운동장 지반,여의도초등학교 운동장,지반,0,51,배치도 경계(래스터 계측) + 분석지점도 격자,194365.06,547023.17,0.0,180.0,3.0,3.0,3.0,충족,충족
여의도초등학교 운동장-52,여의도초등학교,40-3,운동장 지반,여의도초등학교 운동장,지반,0,52,배치도 경계(래스터 계측) + 분석지점도 격자,194359.47,547030.32,0.0,180.0,3.0,3.0,3.0,충족,충족
여의도초등학교 운동장-53,여의도초등학교,40-3,운동장 지반,여의도초등학교 운동장,지반,0,53,배치도 경계(래스터 계측) + 분석지점도 격자,194353.89,547037.47,0.0,180.0,3.33,3.33,3.33,충족,충족
여의도초등학교 운동장-54,여의도초등학교,40-3,운동장 지반,여의도초등학교 운동장,지반,0,54,배치도 경계(래스터 계측) + 분석지점도 격자,194348.3,547044.62,0.0,180.0,3.5,3.5,3.5,충족,충족
여의도초등학교 운동장-55,여의도초등학교,40-3,운동장 지반,여의도초등학교 운동장,지반,0,55,배치도 경계(래스터 계측) + 분석지점도 격자,194342.72,547051.77,0.0,180.0,3.5,3.5,3.5,충족,충족
여의도초등학교 운동장-56,여의도초등학교,40-3,운동장 지반,여의도초등학교 운동장,지반,0,56,배치도 경계(래스터 계측) + 분석지점도 격자,194337.13,547058.92,0.0,180.0,3.5,3.5,3.5,충족,충족
여의도초등학교 운동장-57,여의도초등학교,40-3,운동장 지반,여의도초등학교 운동장,지반,0,57,배치도 경계(래스터 계측) + 분석지점도 격자,194369.25,547003.41,0.0,180.0,4.83,4.83,4.83,충족,충족
여의도초등학교 운동장-58,여의도초등학교,40-3,운동장 지반,여의도초등학교 운동장,지반,0,58,배치도 경계(래스터 계측) + 분석지점도 격자,194363.66,547010.56,0.0,180.0,4.33,4.33,4.33,충족,충족
여의도초등학교 운동장-59,여의도초등학교,40-3,운동장 지반,여의도초등학교 운동장,지반,0,59,배치도 경계(래스터 계측) + 분석지점도 격자,194358.08,547017.71,0.0,180.0,3.83,3.83,3.83,충족,충족
여의도초등학교 운동장-60,여의도초등학교,40-3,운동장 지반,여의도초등학교 운동장,지반,0,60,배치도 경계(래스터 계측) + 분석지점도 격자,194352.49,547024.86,0.0,180.0,3.5,3.5,3.5,충족,충족
여의도초등학교 운동장-61,여의도초등학교,40-3,운동장 지반,여의도초등학교 운동장,지반,0,61,배치도 경계(래스터 계측) + 분석지점도 격자,194346.9,547032.01,0.0,180.0,3.17,3.17,3.17,충족,충족
여의도초등학교 운동장-62,여의도초등학교,40-3,운동장 지반,여의도초등학교 운동장,지반,0,62,배치도 경계(래스터 계측) + 분석지점도 격자,194341.32,547039.16,0.0,180.0,3.17,3.17,3.17,충족,충족
여의도초등학교 운동장-63,여의도초등학교,40-3,운동장 지반,여의도초등학교 운동장,지반,0,63,배치도 경계(래스터 계측) + 분석지점도 격자,194335.73,547046.31,0.0,180.0,3.33,3.33,3.33,충족,충족
여의도초등학교 운동장-64,여의도초등학교,40-3,운동장 지반,여의도초등학교 운동장,지반,0,64,배치도 경계(래스터 계측) + 분석지점도 격자,194330.15,547053.46,0.0,180.0,3.33,3.33,3.33,충족,충족
