{
 "type": "FeatureCollection",
 "features": [
  {
   "type": "Feature",
   "geometry": {
    "type": "Point",
    "coordinates": [
     126.93310128,
     37.52555377
    ]
   },
   "properties": {
    "pid": "여의도고등학교 ①(4층) 1층-1",
    "school": "여의도고등학교",
    "jibun": "30-1",
    "kind": "교사동 창면",
    "dong": "여의도고등학교 ①(4층)",
    "floor": 1,
    "source": "일반식",
    "total_h": 0.5,
    "cont_h": 0.5,
    "충족": "불충족",
    "원인": "기타/자체형상",
    "회복_대교": 0.0,
    "회복_시범": 0.0,
    "회복_화랑": 0.0
   }
  },
  {
   "type": "Feature",
   "geometry": {
    "type": "Point",
    "coordinates": [
     126.93310128,
     37.52555377
    ]
   },
   "properties": {
    "pid": "여의도고등학교 ①(4층) 2층-1",
    "school": "여의도고등학교",
    "jibun": "30-1",
    "kind": "교사동 창면",
    "dong": "여의도고등학교 ①(4층)",
    "floor": 2,
    "source": "일반식",
    "total_h": 0.5,
    "cont_h": 0.5,
    "충족": "불충족",
    "원인": "기타/자체형상",
    "회복_대교": 0.0,
    "회복_시범": 0.0,
    "회복_화랑": 0.0
   }
  },
  {
   "type": "Feature",
   "geometry": {
    "type": "Point",
    "coordinates": [
     126.93310128,
     37.52555377
    ]
   },
   "properties": {
    "pid": "여의도고등학교 ①(4층) 3층-1",
    "school": "여의도고등학교",
    "jibun": "30-1",
    "kind": "교사동 창면",
    "dong": "여의도고등학교 ①(4층)",
    "floor": 3,
    "source": "일반식",
    "total_h": 0.5,
    "cont_h": 0.5,
    "충족": "불충족",
    "원인": "기타/자체형상",
    "회복_대교": 0.0,
    "회복_시범": 0.0,
    "회복_화랑": 0.0
   }
  },
  {
   "type": "Feature",
   "geometry": {
    "type": "Point",
    "coordinates": [
     126.93310128,
     37.52555377
    ]
   },
   "properties": {
    "pid": "여의도고등학교 ①(4층) 4층-1",
    "school": "여의도고등학교",
    "jibun": "30-1",
    "kind": "교사동 창면",
    "dong": "여의도고등학교 ①(4층)",
    "floor": 4,
    "source": "일반식",
    "total_h": 0.5,
    "cont_h": 0.5,
    "충족": "불충족",
    "원인": "기타/자체형상",
    "회복_대교": 0.0,
    "회복_시범": 0.0,
    "회복_화랑": 0.0
   }
  },
  {
   "type": "Feature",
   "geometry": {
    "type": "Point",
    "coordinates": [
     126.93428516,
     37.52487997
    ]
   },
   "properties": {
    "pid": "여의도고등학교 ②(4층) 1층-24",
    "school": "여의도고등학교",
    "jibun": "30-1",
    "kind": "교사동 창면",
    "dong": "여의도고등학교 ②(4층)",
    "floor": 1,
    "source": "일반식",
    "total_h": 3.0,
    "cont_h": 1.17,
    "충족": "불충족",
    "원인": "대교",
    "회복_대교": 0.67,
    "회복_시범": 0.0,
    "회복_화랑": 0.0
   }
  },
  {
   "type": "Feature",
   "geometry": {
    "type": "Point",
    "coordinates": [
     126.93431843,
     37.52484614
    ]
   },
   "properties": {
    "pid": "여의도고등학교 ②(4층) 1층-25",
    "school": "여의도고등학교",
    "jibun": "30-1",
    "kind": "교사동 창면",
    "dong": "여의도고등학교 ②(4층)",
    "floor": 1,
    "source": "일반식",
    "total_h": 2.67,
    "cont_h": 1.17,
    "충족": "불충족",
    "원인": "대교",
    "회복_대교": 0.83,
    "회복_시범": 0.0,
    "회복_화랑": 0.0
   }
  },
  {
   "type": "Feature",
   "geometry": {
    "type": "Point",
    "coordinates": [
     126.93431843,
     37.52484614
    ]
   },
   "properties": {
    "pid": "여의도고등학교 ②(4층) 2층-25",
    "school": "여의도고등학교",
    "jibun": "30-1",
    "kind": "교사동 창면",
    "dong": "여의도고등학교 ②(4층)",
    "floor": 2,
    "source": "일반식",
    "total_h": 3.33,
    "cont_h": 1.17,
    "충족": "불충족",
    "원인": "대교",
    "회복_대교": 0.5,
    "회복_시범": 0.0,
    "회복_화랑": 0.0
   }
  },
  {
   "type": "Feature",
   "geometry": {
    "type": "Point",
    "coordinates": [
     126.93435171,
     37.52481232
    ]
   },
   "properties": {
    "pid": "여의도고등학교 ②(4층) 1층-26",
    "school": "여의도고등학교",
    "jibun": "30-1",
    "kind": "교사동 창면",
    "dong": "여의도고등학교 ②(4층)",
    "floor": 1,
    "source": "일반식",
    "total_h": 2.0,
    "cont_h": 1.0,
    "충족": "불충족",
    "원인": "대교",
    "회복_대교": 0.83,
    "회복_시범": 0.0,
    "회복_화랑": 0.0
   }
  },
  {
   "type": "Feature",
   "geometry": {
    "type": "Point",
    "coordinates": [
     126.93435171,
     37.52481232
    ]
   },
   "properties": {
    "pid": "여의도고등학교 ②(4층) 2층-26",
    "school": "여의도고등학교",
    "jibun": "30-1",
    "kind": "교사동 창면",
    "dong": "여의도고등학교 ②(4층)",
    "floor": 2,
    "source": "일반식",
    "total_h": 2.33,
    "cont_h": 1.33,
    "충족": "불충족",
    "원인": "대교",
    "회복_대교": 0.67,
    "회복_시범": 0.0,
    "회복_화랑": 0.0
   }
  },
  {
   "type": "Feature",
   "geometry": {
    "type": "Point",
    "coordinates": [
     126.93438498,
     37.52477849
    ]
   },
   "properties": {
    "pid": "여의도고등학교 ②(4층) 1층-27",
    "school": "여의도고등학교",
    "jibun": "30-1",
    "kind": "교사동 창면",
    "dong": "여의도고등학교 ②(4층)",
    "floor": 1,
    "source": "일반식",
    "total_h": 0.5,
    "cont_h": 0.5,
    "충족": "불충족",
    "원인": "대교",
    "회복_대교": 0.5,
    "회복_시범": 0.0,
    "회복_화랑": 0.0
   }
  },
  {
   "type": "Feature",
   "geometry": {
    "type": "Point",
    "coordinates": [
     126.93438498,
     37.52477849
    ]
   },
   "properties": {
    "pid": "여의도고등학교 ②(4층) 2층-27",
    "school": "여의도고등학교",
    "jibun": "30-1",
    "kind": "교사동 창면",
    "dong": "여의도고등학교 ②(4층)",
    "floor": 2,
    "source": "일반식",
    "total_h": 1.5,
    "cont_h": 0.83,
    "충족": "불충족",
    "원인": "대교",
    "회복_대교": 0.5,
    "회복_시범": 0.0,
    "회복_화랑": 0.0
   }
  },
  {
   "type": "Feature",
   "geometry": {
    "type": "Point",
    "coordinates": [
     126.93438498,
     37.52477849
    ]
   },
   "properties": {
    "pid": "여의도고등학교 ②(4층) 3층-27",
    "school": "여의도고등학교",
    "jibun": "30-1",
    "kind": "교사동 창면",
    "dong": "여의도고등학교 ②(4층)",
    "floor": 3,
    "source": "일반식",
    "total_h": 1.67,
    "cont_h": 1.17,
    "충족": "불충족",
    "원인": "대교",
    "회복_대교": 0.5,
    "회복_시범": 0.0,
    "회복_화랑": 0.0
   }
  },
  {
   "type": "Feature",
   "geometry": {
    "type": "Point",
    "coordinates": [
     126.93438498,
     37.52477849
    ]
   },
   "properties": {
    "pid": "여의도고등학교 ②(4층) 4층-27",
    "school": "여의도고등학교",
    "jibun": "30-1",
    "kind": "교사동 창면",
    "dong": "여의도고등학교 ②(4층)",
    "floor": 4,
    "source": "일반식",
    "total_h": 3.67,
    "cont_h": 1.67,
    "충족": "불충족",
    "원인": "대교",
    "회복_대교": 0.66,
    "회복_시범": 0.0,
    "회복_화랑": 0.0
   }
  },
  {
   "type": "Feature",
   "geometry": {
    "type": "Point",
    "coordinates": [
     126.93441826,
     37.52474466
    ]
   },
   "properties": {
    "pid": "여의도고등학교 ②(4층) 1층-28",
    "school": "여의도고등학교",
    "jibun": "30-1",
    "kind": "교사동 창면",
    "dong": "여의도고등학교 ②(4층)",
    "floor": 1,
    "source": "일반식",
    "total_h": 0.0,
    "cont_h": 0.0,
    "충족": "불충족",
    "원인": "기타/자체형상",
    "회복_대교": 0.0,
    "회복_시범": 0.0,
    "회복_화랑": 0.0
   }
  },
  {
   "type": "Feature",
   "geometry": {
    "type": "Point",
    "coordinates": [
     126.93441826,
     37.52474466
    ]
   },
   "properties": {
    "pid": "여의도고등학교 ②(4층) 2층-28",
    "school": "여의도고등학교",
    "jibun": "30-1",
    "kind": "교사동 창면",
    "dong": "여의도고등학교 ②(4층)",
    "floor": 2,
    "source": "일반식",
    "total_h": 0.5,
    "cont_h": 0.5,
    "충족": "불충족",
    "원인": "기타/자체형상",
    "회복_대교": 0.0,
    "회복_시범": 0.0,
    "회복_화랑": 0.0
   }
  },
  {
   "type": "Feature",
   "geometry": {
    "type": "Point",
    "coordinates": [
     126.93441826,
     37.52474466
    ]
   },
   "properties": {
    "pid": "여의도고등학교 ②(4층) 3층-28",
    "school": "여의도고등학교",
    "jibun": "30-1",
    "kind": "교사동 창면",
    "dong": "여의도고등학교 ②(4층)",
    "floor": 3,
    "source": "일반식",
    "total_h": 0.83,
    "cont_h": 0.83,
    "충족": "불충족",
    "원인": "기타/자체형상",
    "회복_대교": 0.0,
    "회복_시범": 0.0,
    "회복_화랑": 0.0
   }
  },
  {
   "type": "Feature",
   "geometry": {
    "type": "Point",
    "coordinates": [
     126.93441826,
     37.52474466
    ]
   },
   "properties": {
    "pid": "여의도고등학교 ②(4층) 4층-28",
    "school": "여의도고등학교",
    "jibun": "30-1",
    "kind": "교사동 창면",
    "dong": "여의도고등학교 ②(4층)",
    "floor": 4,
    "source": "일반식",
    "total_h": 1.0,
    "cont_h": 1.0,
    "충족": "불충족",
    "원인": "기타/자체형상",
    "회복_대교": 0.0,
    "회복_시범": 0.0,
    "회복_화랑": 0.0
   }
  },
  {
   "type": "Feature",
   "geometry": {
    "type": "Point",
    "coordinates": [
     126.93448568,
     37.52486417
    ]
   },
   "properties": {
    "pid": "여의도고등학교 ②(4층) 1층-42",
    "school": "여의도고등학교",
    "jibun": "30-1",
    "kind": "교사동 창면",
    "dong": "여의도고등학교 ②(4층)",
    "floor": 1,
    "source": "일반식",
    "total_h": 0.0,
    "cont_h": 0.0,
    "충족": "불충족",
    "원인": "기타/자체형상",
    "회복_대교": 0.0,
    "회복_시범": 0.0,
    "회복_화랑": 0.0
   }
  },
  {
   "type": "Feature",
   "geometry": {
    "type": "Point",
    "coordinates": [
     126.93448568,
     37.52486417
    ]
   },
   "properties": {
    "pid": "여의도고등학교 ②(4층) 2층-42",
    "school": "여의도고등학교",
    "jibun": "30-1",
    "kind": "교사동 창면",
    "dong": "여의도고등학교 ②(4층)",
    "floor": 2,
    "source": "일반식",
    "total_h": 0.0,
    "cont_h": 0.0,
    "충족": "불충족",
    "원인": "기타/자체형상",
    "회복_대교": 0.0,
    "회복_시범": 0.0,
    "회복_화랑": 0.0
   }
  },
  {
   "type": "Feature",
   "geometry": {
    "type": "Point",
    "coordinates": [
     126.93448568,
     37.52486417
    ]
   },
   "properties": {
    "pid": "여의도고등학교 ②(4층) 3층-42",
    "school": "여의도고등학교",
    "jibun": "30-1",
    "kind": "교사동 창면",
    "dong": "여의도고등학교 ②(4층)",
    "floor": 3,
    "source": "일반식",
    "total_h": 0.0,
    "cont_h": 0.0,
    "충족": "불충족",
    "원인": "기타/자체형상",
    "회복_대교": 0.0,
    "회복_시범": 0.0,
    "회복_화랑": 0.0
   }
  },
  {
   "type": "Feature",
   "geometry": {
    "type": "Point",
    "coordinates": [
     126.93448568,
     37.52486417
    ]
   },
   "properties": {
    "pid": "여의도고등학교 ②(4층) 4층-42",
    "school": "여의도고등학교",
    "jibun": "30-1",
    "kind": "교사동 창면",
    "dong": "여의도고등학교 ②(4층)",
    "floor": 4,
    "source": "일반식",
    "total_h": 0.0,
    "cont_h": 0.0,
    "충족": "불충족",
    "원인": "기타/자체형상",
    "회복_대교": 0.0,
    "회복_시범": 0.0,
    "회복_화랑": 0.0
   }
  },
  {
   "type": "Feature",
   "geometry": {
    "type": "Point",
    "coordinates": [
     126.93449335,
     37.52488601
    ]
   },
   "properties": {
    "pid": "여의도고등학교 ②(4층) 1층-43",
    "school": "여의도고등학교",
    "jibun": "30-1",
    "kind": "교사동 창면",
    "dong": "여의도고등학교 ②(4층)",
    "floor": 1,
    "source": "일반식",
    "total_h": 0.0,
    "cont_h": 0.0,
    "충족": "불충족",
    "원인": "기타/자체형상",
    "회복_대교": 0.0,
    "회복_시범": 0.0,
    "회복_화랑": 0.0
   }
  },
  {
   "type": "Feature",
   "geometry": {
    "type": "Point",
    "coordinates": [
     126.93449335,
     37.52488601
    ]
   },
   "properties": {
    "pid": "여의도고등학교 ②(4층) 2층-43",
    "school": "여의도고등학교",
    "jibun": "30-1",
    "kind": "교사동 창면",
    "dong": "여의도고등학교 ②(4층)",
    "floor": 2,
    "source": "일반식",
    "total_h": 0.0,
    "cont_h": 0.0,
    "충족": "불충족",
    "원인": "기타/자체형상",
    "회복_대교": 0.0,
    "회복_시범": 0.0,
    "회복_화랑": 0.0
   }
  },
  {
   "type": "Feature",
   "geometry": {
    "type": "Point",
    "coordinates": [
     126.93449335,
     37.52488601
    ]
   },
   "properties": {
    "pid": "여의도고등학교 ②(4층) 3층-43",
    "school": "여의도고등학교",
    "jibun": "30-1",
    "kind": "교사동 창면",
    "dong": "여의도고등학교 ②(4층)",
    "floor": 3,
    "source": "일반식",
    "total_h": 0.0,
    "cont_h": 0.0,
    "충족": "불충족",
    "원인": "기타/자체형상",
    "회복_대교": 0.0,
    "회복_시범": 0.0,
    "회복_화랑": 0.0
   }
  },
  {
   "type": "Feature",
   "geometry": {
    "type": "Point",
    "coordinates": [
     126.93449335,
     37.52488601
    ]
   },
   "properties": {
    "pid": "여의도고등학교 ②(4층) 4층-43",
    "school": "여의도고등학교",
    "jibun": "30-1",
    "kind": "교사동 창면",
    "dong": "여의도고등학교 ②(4층)",
    "floor": 4,
    "source": "일반식",
    "total_h": 1.0,
    "cont_h": 1.0,
    "충족": "불충족",
    "원인": "기타/자체형상",
    "회복_대교": 0.0,
    "회복_시범": 0.0,
    "회복_화랑": 0.0
   }
  },
  {
   "type": "Feature",
   "geometry": {
    "type": "Point",
    "coordinates": [
     126.93387107,
     37.52436988
    ]
   },
   "properties": {
    "pid": "여의도고등학교 ③(3층) 1층-1",
    "school": "여의도고등학교",
    "jibun": "30-1",
    "kind": "교사동 창면",
    "dong": "여의도고등학교 ③(3층)",
    "floor": 1,
    "source": "일반식",
    "total_h": 3.33,
    "cont_h": 1.33,
    "충족": "불충족",
    "원인": "대교",
    "회복_대교": 1.34,
    "회복_시범": 0.0,
    "회복_화랑": 0.0
   }
  },
  {
   "type": "Feature",
   "geometry": {
    "type": "Point",
    "coordinates": [
     126.93387107,
     37.52436988
    ]
   },
   "properties": {
    "pid": "여의도고등학교 ③(3층) 2층-1",
    "school": "여의도고등학교",
    "jibun": "30-1",
    "kind": "교사동 창면",
    "dong": "여의도고등학교 ③(3층)",
    "floor": 2,
    "source": "일반식",
    "total_h": 3.67,
    "cont_h": 1.33,
    "충족": "불충족",
    "원인": "대교",
    "회복_대교": 1.16,
    "회복_시범": 0.0,
    "회복_화랑": 0.0
   }
  },
  {
   "type": "Feature",
   "geometry": {
    "type": "Point",
    "coordinates": [
     126.93387107,
     37.52436988
    ]
   },
   "properties": {
    "pid": "여의도고등학교 ③(3층) 3층-1",
    "school": "여의도고등학교",
    "jibun": "30-1",
    "kind": "교사동 창면",
    "dong": "여의도고등학교 ③(3층)",
    "floor": 3,
    "source": "일반식",
    "total_h": 3.67,
    "cont_h": 1.33,
    "충족": "불충족",
    "원인": "대교",
    "회복_대교": 1.16,
    "회복_시범": 0.0,
    "회복_화랑": 0.0
   }
  },
  {
   "type": "Feature",
   "geometry": {
    "type": "Point",
    "coordinates": [
     126.93390833,
     37.5243314
    ]
   },
   "properties": {
    "pid": "여의도고등학교 ③(3층) 1층-2",
    "school": "여의도고등학교",
    "jibun": "30-1",
    "kind": "교사동 창면",
    "dong": "여의도고등학교 ③(3층)",
    "floor": 1,
    "source": "일반식",
    "total_h": 3.17,
    "cont_h": 1.33,
    "충족": "불충족",
    "원인": "대교",
    "회복_대교": 1.5,
    "회복_시범": 0.0,
    "회복_화랑": 0.0
   }
  },
  {
   "type": "Feature",
   "geometry": {
    "type": "Point",
    "coordinates": [
     126.93390833,
     37.5243314
    ]
   },
   "properties": {
    "pid": "여의도고등학교 ③(3층) 2층-2",
    "school": "여의도고등학교",
    "jibun": "30-1",
    "kind": "교사동 창면",
    "dong": "여의도고등학교 ③(3층)",
    "floor": 2,
    "source": "일반식",
    "total_h": 3.33,
    "cont_h": 1.33,
    "충족": "불충족",
    "원인": "대교",
    "회복_대교": 1.34,
    "회복_시범": 0.0,
    "회복_화랑": 0.0
   }
  },
  {
   "type": "Feature",
   "geometry": {
    "type": "Point",
    "coordinates": [
     126.93390833,
     37.5243314
    ]
   },
   "properties": {
    "pid": "여의도고등학교 ③(3층) 3층-2",
    "school": "여의도고등학교",
    "jibun": "30-1",
    "kind": "교사동 창면",
    "dong": "여의도고등학교 ③(3층)",
    "floor": 3,
    "source": "일반식",
    "total_h": 3.33,
    "cont_h": 1.33,
    "충족": "불충족",
    "원인": "대교",
    "회복_대교": 1.34,
    "회복_시범": 0.0,
    "회복_화랑": 0.0
   }
  },
  {
   "type": "Feature",
   "geometry": {
    "type": "Point",
    "coordinates": [
     126.93394558,
     37.52429292
    ]
   },
   "properties": {
    "pid": "여의도고등학교 ③(3층) 1층-3",
    "school": "여의도고등학교",
    "jibun": "30-1",
    "kind": "교사동 창면",
    "dong": "여의도고등학교 ③(3층)",
    "floor": 1,
    "source": "일반식",
    "total_h": 2.67,
    "cont_h": 1.17,
    "충족": "불충족",
    "원인": "대교",
    "회복_대교": 1.33,
    "회복_시범": 0.0,
    "회복_화랑": 0.0
   }
  },
  {
   "type": "Feature",
   "geometry": {
    "type": "Point",
    "coordinates": [
     126.93394558,
     37.52429292
    ]
   },
   "properties": {
    "pid": "여의도고등학교 ③(3층) 2층-3",
    "school": "여의도고등학교",
    "jibun": "30-1",
    "kind": "교사동 창면",
    "dong": "여의도고등학교 ③(3층)",
    "floor": 2,
    "source": "일반식",
    "total_h": 3.17,
    "cont_h": 1.17,
    "충족": "불충족",
    "원인": "대교",
    "회복_대교": 1.33,
    "회복_시범": 0.0,
    "회복_화랑": 0.0
   }
  },
  {
   "type": "Feature",
   "geometry": {
    "type": "Point",
    "coordinates": [
     126.93394558,
     37.52429292
    ]
   },
   "properties": {
    "pid": "여의도고등학교 ③(3층) 3층-3",
    "school": "여의도고등학교",
    "jibun": "30-1",
    "kind": "교사동 창면",
    "dong": "여의도고등학교 ③(3층)",
    "floor": 3,
    "source": "일반식",
    "total_h": 3.17,
    "cont_h": 1.17,
    "충족": "불충족",
    "원인": "대교",
    "회복_대교": 1.33,
    "회복_시범": 0.0,
    "회복_화랑": 0.0
   }
  },
  {
   "type": "Feature",
   "geometry": {
    "type": "Point",
    "coordinates": [
     126.93399259,
     37.5242871
    ]
   },
   "properties": {
    "pid": "여의도고등학교 ③(3층) 1층-4",
    "school": "여의도고등학교",
    "jibun": "30-1",
    "kind": "교사동 창면",
    "dong": "여의도고등학교 ③(3층)",
    "floor": 1,
    "source": "일반식",
    "total_h": 3.5,
    "cont_h": 1.17,
    "충족": "불충족",
    "원인": "복합(2개 이상)",
    "회복_대교": 1.17,
    "회복_시범": 1.0,
    "회복_화랑": 0.0
   }
  },
  {
   "type": "Feature",
   "geometry": {
    "type": "Point",
    "coordinates": [
     126.93403653,
     37.52431518
    ]
   },
   "properties": {
    "pid": "여의도고등학교 ③(3층) 1층-5",
    "school": "여의도고등학교",
    "jibun": "30-1",
    "kind": "교사동 창면",
    "dong": "여의도고등학교 ③(3층)",
    "floor": 1,
    "source": "일반식",
    "total_h": 3.33,
    "cont_h": 1.17,
    "충족": "불충족",
    "원인": "복합(2개 이상)",
    "회복_대교": 1.34,
    "회복_시범": 1.17,
    "회복_화랑": 0.0
   }
  },
  {
   "type": "Feature",
   "geometry": {
    "type": "Point",
    "coordinates": [
     126.93403653,
     37.52431518
    ]
   },
   "properties": {
    "pid": "여의도고등학교 ③(3층) 2층-5",
    "school": "여의도고등학교",
    "jibun": "30-1",
    "kind": "교사동 창면",
    "dong": "여의도고등학교 ③(3층)",
    "floor": 2,
    "source": "일반식",
    "total_h": 3.67,
    "cont_h": 1.17,
    "충족": "불충족",
    "원인": "복합(2개 이상)",
    "회복_대교": 1.33,
    "회복_시범": 1.16,
    "회복_화랑": 0.0
   }
  },
  {
   "type": "Feature",
   "geometry": {
    "type": "Point",
    "coordinates": [
     126.93408046,
     37.52434325
    ]
   },
   "properties": {
    "pid": "여의도고등학교 ③(3층) 1층-6",
    "school": "여의도고등학교",
    "jibun": "30-1",
    "kind": "교사동 창면",
    "dong": "여의도고등학교 ③(3층)",
    "floor": 1,
    "source": "일반식",
    "total_h": 3.5,
    "cont_h": 1.17,
    "충족": "불충족",
    "원인": "복합(2개 이상)",
    "회복_대교": 1.33,
    "회복_시범": 1.17,
    "회복_화랑": 0.0
   }
  },
  {
   "type": "Feature",
   "geometry": {
    "type": "Point",
    "coordinates": [
     126.93408046,
     37.52434325
    ]
   },
   "properties": {
    "pid": "여의도고등학교 ③(3층) 2층-6",
    "school": "여의도고등학교",
    "jibun": "30-1",
    "kind": "교사동 창면",
    "dong": "여의도고등학교 ③(3층)",
    "floor": 2,
    "source": "일반식",
    "total_h": 3.5,
    "cont_h": 1.17,
    "충족": "불충족",
    "원인": "복합(2개 이상)",
    "회복_대교": 1.33,
    "회복_시범": 1.17,
    "회복_화랑": 0.0
   }
  },
  {
   "type": "Feature",
   "geometry": {
    "type": "Point",
    "coordinates": [
     126.93416832,
     37.52439939
    ]
   },
   "properties": {
    "pid": "여의도고등학교 ③(3층) 1층-8",
    "school": "여의도고등학교",
    "jibun": "30-1",
    "kind": "교사동 창면",
    "dong": "여의도고등학교 ③(3층)",
    "floor": 1,
    "source": "일반식",
    "total_h": 3.83,
    "cont_h": 1.83,
    "충족": "불충족",
    "원인": "복합(2개 이상)",
    "회복_대교": 1.34,
    "회복_시범": 0.84,
    "회복_화랑": 0.0
   }
  },
  {
   "type": "Feature",
   "geometry": {
    "type": "Point",
    "coordinates": [
     126.93388584,
     37.52472181
    ]
   },
   "properties": {
    "pid": "여의도고등학교 운동장-21",
    "school": "여의도고등학교",
    "jibun": "30-1",
    "kind": "운동장 지반",
    "dong": "여의도고등학교 운동장",
    "floor": 0,
    "source": "배치도 경계(래스터 계측) + 분석지점도 격자",
    "total_h": 3.33,
    "cont_h": 1.83,
    "충족": "불충족",
    "원인": "대교",
    "회복_대교": 1.0,
    "회복_시범": 0.0,
    "회복_화랑": 0.0
   }
  },
  {
   "type": "Feature",
   "geometry": {
    "type": "Point",
    "coordinates": [
     126.93378914,
     37.52466155
    ]
   },
   "properties": {
    "pid": "여의도고등학교 운동장-31",
    "school": "여의도고등학교",
    "jibun": "30-1",
    "kind": "운동장 지반",
    "dong": "여의도고등학교 운동장",
    "floor": 0,
    "source": "배치도 경계(래스터 계측) + 분석지점도 격자",
    "total_h": 3.17,
    "cont_h": 1.5,
    "충족": "불충족",
    "원인": "대교",
    "회복_대교": 0.83,
    "회복_시범": 0.0,
    "회복_화랑": 0.0
   }
  },
  {
   "type": "Feature",
   "geometry": {
    "type": "Point",
    "coordinates": [
     126.93369244,
     37.52460129
    ]
   },
   "properties": {
    "pid": "여의도고등학교 운동장-41",
    "school": "여의도고등학교",
    "jibun": "30-1",
    "kind": "운동장 지반",
    "dong": "여의도고등학교 운동장",
    "floor": 0,
    "source": "배치도 경계(래스터 계측) + 분석지점도 격자",
    "total_h": 2.83,
    "cont_h": 1.33,
    "충족": "불충족",
    "원인": "대교",
    "회복_대교": 1.17,
    "회복_시범": 0.0,
    "회복_화랑": 0.0
   }
  },
  {
   "type": "Feature",
   "geometry": {
    "type": "Point",
    "coordinates": [
     126.93362329,
     37.52467168
    ]
   },
   "properties": {
    "pid": "여의도고등학교 운동장-42",
    "school": "여의도고등학교",
    "jibun": "30-1",
    "kind": "운동장 지반",
    "dong": "여의도고등학교 운동장",
    "floor": 0,
    "source": "배치도 경계(래스터 계측) + 분석지점도 격자",
    "total_h": 3.0,
    "cont_h": 1.5,
    "충족": "불충족",
    "원인": "대교",
    "회복_대교": 1.0,
    "회복_시범": 0.0,
    "회복_화랑": 0.0
   }
  },
  {
   "type": "Feature",
   "geometry": {
    "type": "Point",
    "coordinates": [
     126.93355413,
     37.52474207
    ]
   },
   "properties": {
    "pid": "여의도고등학교 운동장-43",
    "school": "여의도고등학교",
    "jibun": "30-1",
    "kind": "운동장 지반",
    "dong": "여의도고등학교 운동장",
    "floor": 0,
    "source": "배치도 경계(래스터 계측) + 분석지점도 격자",
    "total_h": 3.33,
    "cont_h": 1.83,
    "충족": "불충족",
    "원인": "대교",
    "회복_대교": 0.5,
    "회복_시범": 0.17,
    "회복_화랑": 0.0
   }
  },
  {
   "type": "Feature",
   "geometry": {
    "type": "Point",
    "coordinates": [
     126.93359573,
     37.52454102
    ]
   },
   "properties": {
    "pid": "여의도고등학교 운동장-51",
    "school": "여의도고등학교",
    "jibun": "30-1",
    "kind": "운동장 지반",
    "dong": "여의도고등학교 운동장",
    "floor": 0,
    "source": "배치도 경계(래스터 계측) + 분석지점도 격자",
    "total_h": 3.67,
    "cont_h": 1.83,
    "충족": "불충족",
    "원인": "대교",
    "회복_대교": 1.0,
    "회복_시범": 0.33,
    "회복_화랑": 0.0
   }
  },
  {
   "type": "Feature",
   "geometry": {
    "type": "Point",
    "coordinates": [
     126.93352658,
     37.52461142
    ]
   },
   "properties": {
    "pid": "여의도고등학교 운동장-52",
    "school": "여의도고등학교",
    "jibun": "30-1",
    "kind": "운동장 지반",
    "dong": "여의도고등학교 운동장",
    "floor": 0,
    "source": "배치도 경계(래스터 계측) + 분석지점도 격자",
    "total_h": 2.83,
    "cont_h": 1.67,
    "충족": "불충족",
    "원인": "대교",
    "회복_대교": 1.0,
    "회복_시범": 0.17,
    "회복_화랑": 0.0
   }
  },
  {
   "type": "Feature",
   "geometry": {
    "type": "Point",
    "coordinates": [
     126.93345742,
     37.52468181
    ]
   },
   "properties": {
    "pid": "여의도고등학교 운동장-53",
    "school": "여의도고등학교",
    "jibun": "30-1",
    "kind": "운동장 지반",
    "dong": "여의도고등학교 운동장",
    "floor": 0,
    "source": "배치도 경계(래스터 계측) + 분석지점도 격자",
    "total_h": 3.0,
    "cont_h": 1.83,
    "충족": "불충족",
    "원인": "복합(2개 이상)",
    "회복_대교": 0.33,
    "회복_시범": 0.33,
    "회복_화랑": 0.0
   }
  },
  {
   "type": "Feature",
   "geometry": {
    "type": "Point",
    "coordinates": [
     126.93591096,
     37.52377361
    ]
   },
   "properties": {
    "pid": "본관(5층) 1층-19",
    "school": "여의도중학교",
    "jibun": "40-1",
    "kind": "교사동 창면",
    "dong": "본관(5층)",
    "floor": 1,
    "source": "도면기준",
    "total_h": 1.83,
    "cont_h": 1.33,
    "충족": "불충족",
    "원인": "복합(2개 이상)",
    "회복_대교": 0.5,
    "회복_시범": 0.67,
    "회복_화랑": 0.0
   }
  },
  {
   "type": "Feature",
   "geometry": {
    "type": "Point",
    "coordinates": [
     126.93593672,
     37.52374847
    ]
   },
   "properties": {
    "pid": "본관(5층) 1층-20",
    "school": "여의도중학교",
    "jibun": "40-1",
    "kind": "교사동 창면",
    "dong": "본관(5층)",
    "floor": 1,
    "source": "도면기준",
    "total_h": 1.5,
    "cont_h": 1.17,
    "충족": "불충족",
    "원인": "시범",
    "회복_대교": 0.17,
    "회복_시범": 0.67,
    "회복_화랑": 0.0
   }
  },
  {
   "type": "Feature",
   "geometry": {
    "type": "Point",
    "coordinates": [
     126.93597535,
     37.52371078
    ]
   },
   "properties": {
    "pid": "본관(5층) 1층-21",
    "school": "여의도중학교",
    "jibun": "40-1",
    "kind": "교사동 창면",
    "dong": "본관(5층)",
    "floor": 1,
    "source": "도면기준",
    "total_h": 1.33,
    "cont_h": 1.33,
    "충족": "불충족",
    "원인": "시범",
    "회복_대교": 0.0,
    "회복_시범": 0.67,
    "회복_화랑": 0.0
   }
  },
  {
   "type": "Feature",
   "geometry": {
    "type": "Point",
    "coordinates": [
     126.93600109,
     37.52368566
    ]
   },
   "properties": {
    "pid": "본관(5층) 1층-22",
    "school": "여의도중학교",
    "jibun": "40-1",
    "kind": "교사동 창면",
    "dong": "본관(5층)",
    "floor": 1,
    "source": "도면기준",
    "total_h": 1.5,
    "cont_h": 1.5,
    "충족": "불충족",
    "원인": "시범",
    "회복_대교": 0.0,
    "회복_시범": 0.67,
    "회복_화랑": 0.0
   }
  },
  {
   "type": "Feature",
   "geometry": {
    "type": "Point",
    "coordinates": [
     126.93603972,
     37.52364796
    ]
   },
   "properties": {
    "pid": "본관(5층) 1층-23",
    "school": "여의도중학교",
    "jibun": "40-1",
    "kind": "교사동 창면",
    "dong": "본관(5층)",
    "floor": 1,
    "source": "도면기준",
    "total_h": 1.67,
    "cont_h": 1.67,
    "충족": "불충족",
    "원인": "시범",
    "회복_대교": 0.0,
    "회복_시범": 0.66,
    "회복_화랑": 0.0
   }
  },
  {
   "type": "Feature",
   "geometry": {
    "type": "Point",
    "coordinates": [
     126.93567989,
     37.52345668
    ]
   },
   "properties": {
    "pid": "체육관동(정보화센타) 1층-1",
    "school": "여의도중학교",
    "jibun": "40-1",
    "kind": "교사동 창면",
    "dong": "체육관동(정보화센타)",
    "floor": 1,
    "source": "도면기준",
    "total_h": 0.0,
    "cont_h": 0.0,
    "충족": "불충족",
    "원인": "기타/자체형상",
    "회복_대교": 0.0,
    "회복_시범": 0.0,
    "회복_화랑": 0.0
   }
  },
  {
   "type": "Feature",
   "geometry": {
    "type": "Point",
    "coordinates": [
     126.93567989,
     37.52345668
    ]
   },
   "properties": {
    "pid": "체육관동(정보화센타) 2층-1",
    "school": "여의도중학교",
    "jibun": "40-1",
    "kind": "교사동 창면",
    "dong": "체육관동(정보화센타)",
    "floor": 2,
    "source": "도면기준",
    "total_h": 0.17,
    "cont_h": 0.17,
    "충족": "불충족",
    "원인": "기타/자체형상",
    "회복_대교": 0.0,
    "회복_시범": 0.0,
    "회복_화랑": 0.0
   }
  },
  {
   "type": "Feature",
   "geometry": {
    "type": "Point",
    "coordinates": [
     126.93567989,
     37.52345668
    ]
   },
   "properties": {
    "pid": "체육관동(정보화센타) 3층-1",
    "school": "여의도중학교",
    "jibun": "40-1",
    "kind": "교사동 창면",
    "dong": "체육관동(정보화센타)",
    "floor": 3,
    "source": "도면기준",
    "total_h": 1.67,
    "cont_h": 1.67,
    "충족": "불충족",
    "원인": "대교",
    "회복_대교": 0.33,
    "회복_시범": 0.0,
    "회복_화랑": 0.0
   }
  },
  {
   "type": "Feature",
   "geometry": {
    "type": "Point",
    "coordinates": [
     126.93567989,
     37.52345668
    ]
   },
   "properties": {
    "pid": "체육관동(정보화센타) 4층-1",
    "school": "여의도중학교",
    "jibun": "40-1",
    "kind": "교사동 창면",
    "dong": "체육관동(정보화센타)",
    "floor": 4,
    "source": "도면기준",
    "total_h": 2.5,
    "cont_h": 1.67,
    "충족": "불충족",
    "원인": "대교",
    "회복_대교": 1.33,
    "회복_시범": 0.0,
    "회복_화랑": 0.0
   }
  },
  {
   "type": "Feature",
   "geometry": {
    "type": "Point",
    "coordinates": [
     126.93568568,
     37.52342359
    ]
   },
   "properties": {
    "pid": "체육관동(정보화센타) 1층-2",
    "school": "여의도중학교",
    "jibun": "40-1",
    "kind": "교사동 창면",
    "dong": "체육관동(정보화센타)",
    "floor": 1,
    "source": "도면기준",
    "total_h": 0.0,
    "cont_h": 0.0,
    "충족": "불충족",
    "원인": "기타/자체형상",
    "회복_대교": 0.0,
    "회복_시범": 0.0,
    "회복_화랑": 0.0
   }
  },
  {
   "type": "Feature",
   "geometry": {
    "type": "Point",
    "coordinates": [
     126.93568568,
     37.52342359
    ]
   },
   "properties": {
    "pid": "체육관동(정보화센타) 2층-2",
    "school": "여의도중학교",
    "jibun": "40-1",
    "kind": "교사동 창면",
    "dong": "체육관동(정보화센타)",
    "floor": 2,
    "source": "도면기준",
    "total_h": 0.83,
    "cont_h": 0.83,
    "충족": "불충족",
    "원인": "기타/자체형상",
    "회복_대교": 0.0,
    "회복_시범": 0.0,
    "회복_화랑": 0.0
   }
  },
  {
   "type": "Feature",
   "geometry": {
    "type": "Point",
    "coordinates": [
     126.93571222,
     37.52337796
    ]
   },
   "properties": {
    "pid": "체육관동(정보화센타) 1층-3",
    "school": "여의도중학교",
    "jibun": "40-1",
    "kind": "교사동 창면",
    "dong": "체육관동(정보화센타)",
    "floor": 1,
    "source": "도면기준",
    "total_h": 0.0,
    "cont_h": 0.0,
    "충족": "불충족",
    "원인": "기타/자체형상",
    "회복_대교": 0.0,
    "회복_시범": 0.0,
    "회복_화랑": 0.0
   }
  },
  {
   "type": "Feature",
   "geometry": {
    "type": "Point",
    "coordinates": [
     126.93571222,
     37.52337796
    ]
   },
   "properties": {
    "pid": "체육관동(정보화센타) 2층-3",
    "school": "여의도중학교",
    "jibun": "40-1",
    "kind": "교사동 창면",
    "dong": "체육관동(정보화센타)",
    "floor": 2,
    "source": "도면기준",
    "total_h": 0.83,
    "cont_h": 0.83,
    "충족": "불충족",
    "원인": "기타/자체형상",
    "회복_대교": 0.0,
    "회복_시범": 0.0,
    "회복_화랑": 0.0
   }
  },
  {
   "type": "Feature",
   "geometry": {
    "type": "Point",
    "coordinates": [
     126.93574466,
     37.52335835
    ]
   },
   "properties": {
    "pid": "체육관동(정보화센타) 1층-4",
    "school": "여의도중학교",
    "jibun": "40-1",
    "kind": "교사동 창면",
    "dong": "체육관동(정보화센타)",
    "floor": 1,
    "source": "도면기준",
    "total_h": 0.0,
    "cont_h": 0.0,
    "충족": "불충족",
    "원인": "기타/자체형상",
    "회복_대교": 0.0,
    "회복_시범": 0.0,
    "회복_화랑": 0.0
   }
  },
  {
   "type": "Feature",
   "geometry": {
    "type": "Point",
    "coordinates": [
     126.93574466,
     37.52335835
    ]
   },
   "properties": {
    "pid": "체육관동(정보화센타) 2층-4",
    "school": "여의도중학교",
    "jibun": "40-1",
    "kind": "교사동 창면",
    "dong": "체육관동(정보화센타)",
    "floor": 2,
    "source": "도면기준",
    "total_h": 0.5,
    "cont_h": 0.5,
    "충족": "불충족",
    "원인": "기타/자체형상",
    "회복_대교": 0.0,
    "회복_시범": 0.0,
    "회복_화랑": 0.0
   }
  },
  {
   "type": "Feature",
   "geometry": {
    "type": "Point",
    "coordinates": [
     126.93580092,
     37.52333778
    ]
   },
   "properties": {
    "pid": "체육관동(정보화센타) 1층-5",
    "school": "여의도중학교",
    "jibun": "40-1",
    "kind": "교사동 창면",
    "dong": "체육관동(정보화센타)",
    "floor": 1,
    "source": "도면기준",
    "total_h": 0.0,
    "cont_h": 0.0,
    "충족": "불충족",
    "원인": "기타/자체형상",
    "회복_대교": 0.0,
    "회복_시범": 0.0,
    "회복_화랑": 0.0
   }
  },
  {
   "type": "Feature",
   "geometry": {
    "type": "Point",
    "coordinates": [
     126.93580092,
     37.52333778
    ]
   },
   "properties": {
    "pid": "체육관동(정보화센타) 2층-5",
    "school": "여의도중학교",
    "jibun": "40-1",
    "kind": "교사동 창면",
    "dong": "체육관동(정보화센타)",
    "floor": 2,
    "source": "도면기준",
    "total_h": 0.5,
    "cont_h": 0.5,
    "충족": "불충족",
    "원인": "기타/자체형상",
    "회복_대교": 0.0,
    "회복_시범": 0.0,
    "회복_화랑": 0.0
   }
  },
  {
   "type": "Feature",
   "geometry": {
    "type": "Point",
    "coordinates": [
     126.93584247,
     37.523334
    ]
   },
   "properties": {
    "pid": "체육관동(정보화센타) 1층-6",
    "school": "여의도중학교",
    "jibun": "40-1",
    "kind": "교사동 창면",
    "dong": "체육관동(정보화센타)",
    "floor": 1,
    "source": "도면기준",
    "total_h": 0.0,
    "cont_h": 0.0,
    "충족": "불충족",
    "원인": "기타/자체형상",
    "회복_대교": 0.0,
    "회복_시범": 0.0,
    "회복_화랑": 0.0
   }
  },
  {
   "type": "Feature",
   "geometry": {
    "type": "Point",
    "coordinates": [
     126.93584247,
     37.523334
    ]
   },
   "properties": {
    "pid": "체육관동(정보화센타) 2층-6",
    "school": "여의도중학교",
    "jibun": "40-1",
    "kind": "교사동 창면",
    "dong": "체육관동(정보화센타)",
    "floor": 2,
    "source": "도면기준",
    "total_h": 0.17,
    "cont_h": 0.17,
    "충족": "불충족",
    "원인": "기타/자체형상",
    "회복_대교": 0.0,
    "회복_시범": 0.0,
    "회복_화랑": 0.0
   }
  },
  {
   "type": "Feature",
   "geometry": {
    "type": "Point",
    "coordinates": [
     126.93586874,
     37.52328927
    ]
   },
   "properties": {
    "pid": "체육관동(정보화센타) 1층-7",
    "school": "여의도중학교",
    "jibun": "40-1",
    "kind": "교사동 창면",
    "dong": "체육관동(정보화센타)",
    "floor": 1,
    "source": "도면기준",
    "total_h": 0.0,
    "cont_h": 0.0,
    "충족": "불충족",
    "원인": "기타/자체형상",
    "회복_대교": 0.0,
    "회복_시범": 0.0,
    "회복_화랑": 0.0
   }
  },
  {
   "type": "Feature",
   "geometry": {
    "type": "Point",
    "coordinates": [
     126.93586874,
     37.52328927
    ]
   },
   "properties": {
    "pid": "체육관동(정보화센타) 2층-7",
    "school": "여의도중학교",
    "jibun": "40-1",
    "kind": "교사동 창면",
    "dong": "체육관동(정보화센타)",
    "floor": 2,
    "source": "도면기준",
    "total_h": 0.0,
    "cont_h": 0.0,
    "충족": "불충족",
    "원인": "기타/자체형상",
    "회복_대교": 0.0,
    "회복_시범": 0.0,
    "회복_화랑": 0.0
   }
  },
  {
   "type": "Feature",
   "geometry": {
    "type": "Point",
    "coordinates": [
     126.93586874,
     37.52328927
    ]
   },
   "properties": {
    "pid": "체육관동(정보화센타) 3층-7",
    "school": "여의도중학교",
    "jibun": "40-1",
    "kind": "교사동 창면",
    "dong": "체육관동(정보화센타)",
    "floor": 3,
    "source": "도면기준",
    "total_h": 0.83,
    "cont_h": 0.83,
    "충족": "불충족",
    "원인": "대교",
    "회복_대교": 0.34,
    "회복_시범": 0.0,
    "회복_화랑": 0.0
   }
  },
  {
   "type": "Feature",
   "geometry": {
    "type": "Point",
    "coordinates": [
     126.93586874,
     37.52328927
    ]
   },
   "properties": {
    "pid": "체육관동(정보화센타) 4층-7",
    "school": "여의도중학교",
    "jibun": "40-1",
    "kind": "교사동 창면",
    "dong": "체육관동(정보화센타)",
    "floor": 4,
    "source": "도면기준",
    "total_h": 2.33,
    "cont_h": 1.83,
    "충족": "불충족",
    "원인": "대교",
    "회복_대교": 1.17,
    "회복_시범": 0.0,
    "회복_화랑": 0.0
   }
  },
  {
   "type": "Feature",
   "geometry": {
    "type": "Point",
    "coordinates": [
     126.93587399,
     37.52325669
    ]
   },
   "properties": {
    "pid": "체육관동(정보화센타) 1층-8",
    "school": "여의도중학교",
    "jibun": "40-1",
    "kind": "교사동 창면",
    "dong": "체육관동(정보화센타)",
    "floor": 1,
    "source": "도면기준",
    "total_h": 0.0,
    "cont_h": 0.0,
    "충족": "불충족",
    "원인": "기타/자체형상",
    "회복_대교": 0.0,
    "회복_시범": 0.0,
    "회복_화랑": 0.0
   }
  },
  {
   "type": "Feature",
   "geometry": {
    "type": "Point",
    "coordinates": [
     126.93587399,
     37.52325669
    ]
   },
   "properties": {
    "pid": "체육관동(정보화센타) 2층-8",
    "school": "여의도중학교",
    "jibun": "40-1",
    "kind": "교사동 창면",
    "dong": "체육관동(정보화센타)",
    "floor": 2,
    "source": "도면기준",
    "total_h": 0.0,
    "cont_h": 0.0,
    "충족": "불충족",
    "원인": "기타/자체형상",
    "회복_대교": 0.0,
    "회복_시범": 0.0,
    "회복_화랑": 0.0
   }
  },
  {
   "type": "Feature",
   "geometry": {
    "type": "Point",
    "coordinates": [
     126.93587399,
     37.52325669
    ]
   },
   "properties": {
    "pid": "체육관동(정보화센타) 3층-8",
    "school": "여의도중학교",
    "jibun": "40-1",
    "kind": "교사동 창면",
    "dong": "체육관동(정보화센타)",
    "floor": 3,
    "source": "도면기준",
    "total_h": 0.0,
    "cont_h": 0.0,
    "충족": "불충족",
    "원인": "대교",
    "회복_대교": 0.33,
    "회복_시범": 0.0,
    "회복_화랑": 0.0
   }
  },
  {
   "type": "Feature",
   "geometry": {
    "type": "Point",
    "coordinates": [
     126.93587399,
     37.52325669
    ]
   },
   "properties": {
    "pid": "체육관동(정보화센타) 4층-8",
    "school": "여의도중학교",
    "jibun": "40-1",
    "kind": "교사동 창면",
    "dong": "체육관동(정보화센타)",
    "floor": 4,
    "source": "도면기준",
    "total_h": 2.0,
    "cont_h": 1.5,
    "충족": "불충족",
    "원인": "대교",
    "회복_대교": 1.0,
    "회복_시범": 0.0,
    "회복_화랑": 0.0
   }
  },
  {
   "type": "Feature",
   "geometry": {
    "type": "Point",
    "coordinates": [
     126.93563329,
     37.52303771
    ]
   },
   "properties": {
    "pid": "체육관동(정보화센타) 1층-9",
    "school": "여의도중학교",
    "jibun": "40-1",
    "kind": "교사동 창면",
    "dong": "체육관동(정보화센타)",
    "floor": 1,
    "source": "도면기준",
    "total_h": 1.5,
    "cont_h": 1.5,
    "충족": "불충족",
    "원인": "화랑(현상태)",
    "회복_대교": 0.0,
    "회복_시범": 0.0,
    "회복_화랑": 0.5
   }
  },
  {
   "type": "Feature",
   "geometry": {
    "type": "Point",
    "coordinates": [
     126.93565931,
     37.52301275
    ]
   },
   "properties": {
    "pid": "체육관동(정보화센타) 1층-10",
    "school": "여의도중학교",
    "jibun": "40-1",
    "kind": "교사동 창면",
    "dong": "체육관동(정보화센타)",
    "floor": 1,
    "source": "도면기준",
    "total_h": 1.5,
    "cont_h": 1.5,
    "충족": "불충족",
    "원인": "화랑(현상태)",
    "회복_대교": 0.0,
    "회복_시범": 0.0,
    "회복_화랑": 0.5
   }
  },
  {
   "type": "Feature",
   "geometry": {
    "type": "Point",
    "coordinates": [
     126.93565931,
     37.52301275
    ]
   },
   "properties": {
    "pid": "체육관동(정보화센타) 2층-10",
    "school": "여의도중학교",
    "jibun": "40-1",
    "kind": "교사동 창면",
    "dong": "체육관동(정보화센타)",
    "floor": 2,
    "source": "도면기준",
    "total_h": 3.0,
    "cont_h": 1.67,
    "충족": "불충족",
    "원인": "화랑(현상태)",
    "회복_대교": 0.0,
    "회복_시범": 0.0,
    "회복_화랑": 0.17
   }
  },
  {
   "type": "Feature",
   "geometry": {
    "type": "Point",
    "coordinates": [
     126.93569832,
     37.52297531
    ]
   },
   "properties": {
    "pid": "체육관동(정보화센타) 1층-11",
    "school": "여의도중학교",
    "jibun": "40-1",
    "kind": "교사동 창면",
    "dong": "체육관동(정보화센타)",
    "floor": 1,
    "source": "도면기준",
    "total_h": 1.5,
    "cont_h": 1.5,
    "충족": "불충족",
    "원인": "화랑(현상태)",
    "회복_대교": 0.0,
    "회복_시범": 0.0,
    "회복_화랑": 0.5
   }
  },
  {
   "type": "Feature",
   "geometry": {
    "type": "Point",
    "coordinates": [
     126.93569832,
     37.52297531
    ]
   },
   "properties": {
    "pid": "체육관동(정보화센타) 2층-11",
    "school": "여의도중학교",
    "jibun": "40-1",
    "kind": "교사동 창면",
    "dong": "체육관동(정보화센타)",
    "floor": 2,
    "source": "도면기준",
    "total_h": 2.83,
    "cont_h": 1.83,
    "충족": "불충족",
    "원인": "화랑(현상태)",
    "회복_대교": 0.0,
    "회복_시범": 0.0,
    "회복_화랑": 0.5
   }
  },
  {
   "type": "Feature",
   "geometry": {
    "type": "Point",
    "coordinates": [
     126.93538988,
     37.52329441
    ]
   },
   "properties": {
    "pid": "체육관동 부속(원형부) 1층-1",
    "school": "여의도중학교",
    "jibun": "40-1",
    "kind": "교사동 창면",
    "dong": "체육관동 부속(원형부)",
    "floor": 1,
    "source": "도면기준",
    "total_h": 0.0,
    "cont_h": 0.0,
    "충족": "불충족",
    "원인": "기타/자체형상",
    "회복_대교": 0.0,
    "회복_시범": 0.0,
    "회복_화랑": 0.0
   }
  },
  {
   "type": "Feature",
   "geometry": {
    "type": "Point",
    "coordinates": [
     126.93538988,
     37.52329441
    ]
   },
   "properties": {
    "pid": "체육관동 부속(원형부) 2층-1",
    "school": "여의도중학교",
    "jibun": "40-1",
    "kind": "교사동 창면",
    "dong": "체육관동 부속(원형부)",
    "floor": 2,
    "source": "도면기준",
    "total_h": 0.5,
    "cont_h": 0.5,
    "충족": "불충족",
    "원인": "기타/자체형상",
    "회복_대교": 0.0,
    "회복_시범": 0.0,
    "회복_화랑": 0.0
   }
  },
  {
   "type": "Feature",
   "geometry": {
    "type": "Point",
    "coordinates": [
     126.93538988,
     37.52329441
    ]
   },
   "properties": {
    "pid": "체육관동 부속(원형부) 3층-1",
    "school": "여의도중학교",
    "jibun": "40-1",
    "kind": "교사동 창면",
    "dong": "체육관동 부속(원형부)",
    "floor": 3,
    "source": "도면기준",
    "total_h": 1.33,
    "cont_h": 1.33,
    "충족": "불충족",
    "원인": "기타/자체형상",
    "회복_대교": 0.0,
    "회복_시범": 0.0,
    "회복_화랑": 0.0
   }
  },
  {
   "type": "Feature",
   "geometry": {
    "type": "Point",
    "coordinates": [
     126.93538988,
     37.52329441
    ]
   },
   "properties": {
    "pid": "체육관동 부속(원형부) 4층-1",
    "school": "여의도중학교",
    "jibun": "40-1",
    "kind": "교사동 창면",
    "dong": "체육관동 부속(원형부)",
    "floor": 4,
    "source": "도면기준",
    "total_h": 1.5,
    "cont_h": 1.5,
    "충족": "불충족",
    "원인": "대교",
    "회복_대교": 0.67,
    "회복_시범": 0.0,
    "회복_화랑": 0.0
   }
  },
  {
   "type": "Feature",
   "geometry": {
    "type": "Point",
    "coordinates": [
     126.93540066,
     37.52326256
    ]
   },
   "properties": {
    "pid": "체육관동 부속(원형부) 1층-2",
    "school": "여의도중학교",
    "jibun": "40-1",
    "kind": "교사동 창면",
    "dong": "체육관동 부속(원형부)",
    "floor": 1,
    "source": "도면기준",
    "total_h": 0.67,
    "cont_h": 0.67,
    "충족": "불충족",
    "원인": "기타/자체형상",
    "회복_대교": 0.0,
    "회복_시범": 0.0,
    "회복_화랑": 0.0
   }
  },
  {
   "type": "Feature",
   "geometry": {
    "type": "Point",
    "coordinates": [
     126.93540066,
     37.52326256
    ]
   },
   "properties": {
    "pid": "체육관동 부속(원형부) 2층-2",
    "school": "여의도중학교",
    "jibun": "40-1",
    "kind": "교사동 창면",
    "dong": "체육관동 부속(원형부)",
    "floor": 2,
    "source": "도면기준",
    "total_h": 1.0,
    "cont_h": 1.0,
    "충족": "불충족",
    "원인": "기타/자체형상",
    "회복_대교": 0.0,
    "회복_시범": 0.0,
    "회복_화랑": 0.0
   }
  },
  {
   "type": "Feature",
   "geometry": {
    "type": "Point",
    "coordinates": [
     126.93540066,
     37.52326256
    ]
   },
   "properties": {
    "pid": "체육관동 부속(원형부) 3층-2",
    "school": "여의도중학교",
    "jibun": "40-1",
    "kind": "교사동 창면",
    "dong": "체육관동 부속(원형부)",
    "floor": 3,
    "source": "도면기준",
    "total_h": 1.83,
    "cont_h": 1.83,
    "충족": "불충족",
    "원인": "기타/자체형상",
    "회복_대교": 0.0,
    "회복_시범": 0.0,
    "회복_화랑": 0.0
   }
  },
  {
   "type": "Feature",
   "geometry": {
    "type": "Point",
    "coordinates": [
     126.93542711,
     37.52321826
    ]
   },
   "properties": {
    "pid": "체육관동 부속(원형부) 1층-3",
    "school": "여의도중학교",
    "jibun": "40-1",
    "kind": "교사동 창면",
    "dong": "체육관동 부속(원형부)",
    "floor": 1,
    "source": "도면기준",
    "total_h": 1.5,
    "cont_h": 1.5,
    "충족": "불충족",
    "원인": "기타/자체형상",
    "회복_대교": 0.0,
    "회복_시범": 0.0,
    "회복_화랑": 0.0
   }
  },
  {
   "type": "Feature",
   "geometry": {
    "type": "Point",
    "coordinates": [
     126.93542711,
     37.52321826
    ]
   },
   "properties": {
    "pid": "체육관동 부속(원형부) 2층-3",
    "school": "여의도중학교",
    "jibun": "40-1",
    "kind": "교사동 창면",
    "dong": "체육관동 부속(원형부)",
    "floor": 2,
    "source": "도면기준",
    "total_h": 1.5,
    "cont_h": 1.5,
    "충족": "불충족",
    "원인": "기타/자체형상",
    "회복_대교": 0.0,
    "회복_시범": 0.0,
    "회복_화랑": 0.0
   }
  },
  {
   "type": "Feature",
   "geometry": {
    "type": "Point",
    "coordinates": [
     126.9355537,
     37.52309065
    ]
   },
   "properties": {
    "pid": "체육관동 부속(원형부) 1층-7",
    "school": "여의도중학교",
    "jibun": "40-1",
    "kind": "교사동 창면",
    "dong": "체육관동 부속(원형부)",
    "floor": 1,
    "source": "도면기준",
    "total_h": 2.33,
    "cont_h": 1.17,
    "충족": "불충족",
    "원인": "화랑(현상태)",
    "회복_대교": 0.0,
    "회복_시범": 0.0,
    "회복_화랑": 0.17
   }
  },
  {
   "type": "Feature",
   "geometry": {
    "type": "Point",
    "coordinates": [
     126.93557943,
     37.52306551
    ]
   },
   "properties": {
    "pid": "체육관동 부속(원형부) 1층-8",
    "school": "여의도중학교",
    "jibun": "40-1",
    "kind": "교사동 창면",
    "dong": "체육관동 부속(원형부)",
    "floor": 1,
    "source": "도면기준",
    "total_h": 1.5,
    "cont_h": 1.17,
    "충족": "불충족",
    "원인": "화랑(현상태)",
    "회복_대교": 0.0,
    "회복_시범": 0.0,
    "회복_화랑": 0.33
   }
  },
  {
   "type": "Feature",
   "geometry": {
    "type": "Point",
    "coordinates": [
     126.93563239,
     37.52308951
    ]
   },
   "properties": {
    "pid": "체육관동 부속(원형부) 1층-9",
    "school": "여의도중학교",
    "jibun": "40-1",
    "kind": "교사동 창면",
    "dong": "체육관동 부속(원형부)",
    "floor": 1,
    "source": "도면기준",
    "total_h": 0.67,
    "cont_h": 0.67,
    "충족": "불충족",
    "원인": "기타/자체형상",
    "회복_대교": 0.0,
    "회복_시범": 0.0,
    "회복_화랑": 0.0
   }
  },
  {
   "type": "Feature",
   "geometry": {
    "type": "Point",
    "coordinates": [
     126.93563239,
     37.52308951
    ]
   },
   "properties": {
    "pid": "체육관동 부속(원형부) 2층-9",
    "school": "여의도중학교",
    "jibun": "40-1",
    "kind": "교사동 창면",
    "dong": "체육관동 부속(원형부)",
    "floor": 2,
    "source": "도면기준",
    "total_h": 0.83,
    "cont_h": 0.83,
    "충족": "불충족",
    "원인": "기타/자체형상",
    "회복_대교": 0.0,
    "회복_시범": 0.0,
    "회복_화랑": 0.0
   }
  },
  {
   "type": "Feature",
   "geometry": {
    "type": "Point",
    "coordinates": [
     126.93563239,
     37.52308951
    ]
   },
   "properties": {
    "pid": "체육관동 부속(원형부) 3층-9",
    "school": "여의도중학교",
    "jibun": "40-1",
    "kind": "교사동 창면",
    "dong": "체육관동 부속(원형부)",
    "floor": 3,
    "source": "도면기준",
    "total_h": 1.0,
    "cont_h": 1.0,
    "충족": "불충족",
    "원인": "대교",
    "회복_대교": 0.33,
    "회복_시범": 0.0,
    "회복_화랑": 0.0
   }
  },
  {
   "type": "Feature",
   "geometry": {
    "type": "Point",
    "coordinates": [
     126.93563239,
     37.52308951
    ]
   },
   "properties": {
    "pid": "체육관동 부속(원형부) 4층-9",
    "school": "여의도중학교",
    "jibun": "40-1",
    "kind": "교사동 창면",
    "dong": "체육관동 부속(원형부)",
    "floor": 4,
    "source": "도면기준",
    "total_h": 1.33,
    "cont_h": 1.0,
    "충족": "불충족",
    "원인": "대교",
    "회복_대교": 0.84,
    "회복_시범": 0.0,
    "회복_화랑": 0.0
   }
  },
  {
   "type": "Feature",
   "geometry": {
    "type": "Point",
    "coordinates": [
     126.93566398,
     37.52310998
    ]
   },
   "properties": {
    "pid": "체육관동 부속(원형부) 1층-10",
    "school": "여의도중학교",
    "jibun": "40-1",
    "kind": "교사동 창면",
    "dong": "체육관동 부속(원형부)",
    "floor": 1,
    "source": "도면기준",
    "total_h": 0.0,
    "cont_h": 0.0,
    "충족": "불충족",
    "원인": "기타/자체형상",
    "회복_대교": 0.0,
    "회복_시범": 0.0,
    "회복_화랑": 0.0
   }
  },
  {
   "type": "Feature",
   "geometry": {
    "type": "Point",
    "coordinates": [
     126.93566398,
     37.52310998
    ]
   },
   "properties": {
    "pid": "체육관동 부속(원형부) 2층-10",
    "school": "여의도중학교",
    "jibun": "40-1",
    "kind": "교사동 창면",
    "dong": "체육관동 부속(원형부)",
    "floor": 2,
    "source": "도면기준",
    "total_h": 0.0,
    "cont_h": 0.0,
    "충족": "불충족",
    "원인": "기타/자체형상",
    "회복_대교": 0.0,
    "회복_시범": 0.0,
    "회복_화랑": 0.0
   }
  },
  {
   "type": "Feature",
   "geometry": {
    "type": "Point",
    "coordinates": [
     126.93566398,
     37.52310998
    ]
   },
   "properties": {
    "pid": "체육관동 부속(원형부) 3층-10",
    "school": "여의도중학교",
    "jibun": "40-1",
    "kind": "교사동 창면",
    "dong": "체육관동 부속(원형부)",
    "floor": 3,
    "source": "도면기준",
    "total_h": 0.0,
    "cont_h": 0.0,
    "충족": "불충족",
    "원인": "대교",
    "회복_대교": 0.33,
    "회복_시범": 0.0,
    "회복_화랑": 0.0
   }
  },
  {
   "type": "Feature",
   "geometry": {
    "type": "Point",
    "coordinates": [
     126.93566398,
     37.52310998
    ]
   },
   "properties": {
    "pid": "체육관동 부속(원형부) 4층-10",
    "school": "여의도중학교",
    "jibun": "40-1",
    "kind": "교사동 창면",
    "dong": "체육관동 부속(원형부)",
    "floor": 4,
    "source": "도면기준",
    "total_h": 0.5,
    "cont_h": 0.5,
    "충족": "불충족",
    "원인": "대교",
    "회복_대교": 0.83,
    "회복_시범": 0.0,
    "회복_화랑": 0.0
   }
  },
  {
   "type": "Feature",
   "geometry": {
    "type": "Point",
    "coordinates": [
     126.93571137,
     37.52314068
    ]
   },
   "properties": {
    "pid": "체육관동 부속(원형부) 1층-11",
    "school": "여의도중학교",
    "jibun": "40-1",
    "kind": "교사동 창면",
    "dong": "체육관동 부속(원형부)",
    "floor": 1,
    "source": "도면기준",
    "total_h": 0.0,
    "cont_h": 0.0,
    "충족": "불충족",
    "원인": "기타/자체형상",
    "회복_대교": 0.0,
    "회복_시범": 0.0,
    "회복_화랑": 0.0
   }
  },
  {
   "type": "Feature",
   "geometry": {
    "type": "Point",
    "coordinates": [
     126.93571137,
     37.52314068
    ]
   },
   "properties": {
    "pid": "체육관동 부속(원형부) 2층-11",
    "school": "여의도중학교",
    "jibun": "40-1",
    "kind": "교사동 창면",
    "dong": "체육관동 부속(원형부)",
    "floor": 2,
    "source": "도면기준",
    "total_h": 0.0,
    "cont_h": 0.0,
    "충족": "불충족",
    "원인": "기타/자체형상",
    "회복_대교": 0.0,
    "회복_시범": 0.0,
    "회복_화랑": 0.0
   }
  },
  {
   "type": "Feature",
   "geometry": {
    "type": "Point",
    "coordinates": [
     126.93571137,
     37.52314068
    ]
   },
   "properties": {
    "pid": "체육관동 부속(원형부) 3층-11",
    "school": "여의도중학교",
    "jibun": "40-1",
    "kind": "교사동 창면",
    "dong": "체육관동 부속(원형부)",
    "floor": 3,
    "source": "도면기준",
    "total_h": 0.0,
    "cont_h": 0.0,
    "충족": "불충족",
    "원인": "기타/자체형상",
    "회복_대교": 0.0,
    "회복_시범": 0.0,
    "회복_화랑": 0.0
   }
  },
  {
   "type": "Feature",
   "geometry": {
    "type": "Point",
    "coordinates": [
     126.93571137,
     37.52314068
    ]
   },
   "properties": {
    "pid": "체육관동 부속(원형부) 4층-11",
    "school": "여의도중학교",
    "jibun": "40-1",
    "kind": "교사동 창면",
    "dong": "체육관동 부속(원형부)",
    "floor": 4,
    "source": "도면기준",
    "total_h": 0.5,
    "cont_h": 0.5,
    "충족": "불충족",
    "원인": "대교",
    "회복_대교": 0.83,
    "회복_시범": 0.0,
    "회복_화랑": 0.0
   }
  },
  {
   "type": "Feature",
   "geometry": {
    "type": "Point",
    "coordinates": [
     126.93574296,
     37.52316115
    ]
   },
   "properties": {
    "pid": "체육관동 부속(원형부) 1층-12",
    "school": "여의도중학교",
    "jibun": "40-1",
    "kind": "교사동 창면",
    "dong": "체육관동 부속(원형부)",
    "floor": 1,
    "source": "도면기준",
    "total_h": 0.0,
    "cont_h": 0.0,
    "충족": "불충족",
    "원인": "기타/자체형상",
    "회복_대교": 0.0,
    "회복_시범": 0.0,
    "회복_화랑": 0.0
   }
  },
  {
   "type": "Feature",
   "geometry": {
    "type": "Point",
    "coordinates": [
     126.93574296,
     37.52316115
    ]
   },
   "properties": {
    "pid": "체육관동 부속(원형부) 2층-12",
    "school": "여의도중학교",
    "jibun": "40-1",
    "kind": "교사동 창면",
    "dong": "체육관동 부속(원형부)",
    "floor": 2,
    "source": "도면기준",
    "total_h": 0.0,
    "cont_h": 0.0,
    "충족": "불충족",
    "원인": "기타/자체형상",
    "회복_대교": 0.0,
    "회복_시범": 0.0,
    "회복_화랑": 0.0
   }
  },
  {
   "type": "Feature",
   "geometry": {
    "type": "Point",
    "coordinates": [
     126.93574296,
     37.52316115
    ]
   },
   "properties": {
    "pid": "체육관동 부속(원형부) 3층-12",
    "school": "여의도중학교",
    "jibun": "40-1",
    "kind": "교사동 창면",
    "dong": "체육관동 부속(원형부)",
    "floor": 3,
    "source": "도면기준",
    "total_h": 0.17,
    "cont_h": 0.17,
    "충족": "불충족",
    "원인": "기타/자체형상",
    "회복_대교": 0.0,
    "회복_시범": 0.0,
    "회복_화랑": 0.0
   }
  },
  {
   "type": "Feature",
   "geometry": {
    "type": "Point",
    "coordinates": [
     126.93574296,
     37.52316115
    ]
   },
   "properties": {
    "pid": "체육관동 부속(원형부) 4층-12",
    "school": "여의도중학교",
    "jibun": "40-1",
    "kind": "교사동 창면",
    "dong": "체육관동 부속(원형부)",
    "floor": 4,
    "source": "도면기준",
    "total_h": 0.5,
    "cont_h": 0.5,
    "충족": "불충족",
    "원인": "대교",
    "회복_대교": 0.67,
    "회복_시범": 0.0,
    "회복_화랑": 0.0
   }
  },
  {
   "type": "Feature",
   "geometry": {
    "type": "Point",
    "coordinates": [
     126.93572951,
     37.52364516
    ]
   },
   "properties": {
    "pid": "여의도중학교 운동장-1",
    "school": "여의도중학교",
    "jibun": "40-1",
    "kind": "운동장 지반",
    "dong": "여의도중학교 운동장",
    "floor": 0,
    "source": "배치도 경계(래스터 계측) + 분석지점도 격자",
    "total_h": 0.5,
    "cont_h": 0.5,
    "충족": "불충족",
    "원인": "대교",
    "회복_대교": 0.17,
    "회복_시범": 0.0,
    "회복_화랑": 0.0
   }
  },
  {
   "type": "Feature",
   "geometry": {
    "type": "Point",
    "coordinates": [
     126.93566691,
     37.52370889
    ]
   },
   "properties": {
    "pid": "여의도중학교 운동장-2",
    "school": "여의도중학교",
    "jibun": "40-1",
    "kind": "운동장 지반",
    "dong": "여의도중학교 운동장",
    "floor": 0,
    "source": "배치도 경계(래스터 계측) + 분석지점도 격자",
    "total_h": 1.83,
    "cont_h": 1.33,
    "충족": "불충족",
    "원인": "대교",
    "회복_대교": 1.17,
    "회복_시범": 0.0,
    "회복_화랑": 0.0
   }
  },
  {
   "type": "Feature",
   "geometry": {
    "type": "Point",
    "coordinates": [
     126.93563771,
     37.52358796
    ]
   },
   "properties": {
    "pid": "여의도중학교 운동장-13",
    "school": "여의도중학교",
    "jibun": "40-1",
    "kind": "운동장 지반",
    "dong": "여의도중학교 운동장",
    "floor": 0,
    "source": "배치도 경계(래스터 계측) + 분석지점도 격자",
    "total_h": 0.83,
    "cont_h": 0.83,
    "충족": "불충족",
    "원인": "기타/자체형상",
    "회복_대교": 0.0,
    "회복_시범": 0.0,
    "회복_화랑": 0.0
   }
  },
  {
   "type": "Feature",
   "geometry": {
    "type": "Point",
    "coordinates": [
     126.93554591,
     37.52353075
    ]
   },
   "properties": {
    "pid": "여의도중학교 운동장-25",
    "school": "여의도중학교",
    "jibun": "40-1",
    "kind": "운동장 지반",
    "dong": "여의도중학교 운동장",
    "floor": 0,
    "source": "배치도 경계(래스터 계측) + 분석지점도 격자",
    "total_h": 0.5,
    "cont_h": 0.5,
    "충족": "불충족",
    "원인": "시범",
    "회복_대교": 0.0,
    "회복_시범": 0.17,
    "회복_화랑": 0.0
   }
  },
  {
   "type": "Feature",
   "geometry": {
    "type": "Point",
    "coordinates": [
     126.93548331,
     37.52359447
    ]
   },
   "properties": {
    "pid": "여의도중학교 운동장-26",
    "school": "여의도중학교",
    "jibun": "40-1",
    "kind": "운동장 지반",
    "dong": "여의도중학교 운동장",
    "floor": 0,
    "source": "배치도 경계(래스터 계측) + 분석지점도 격자",
    "total_h": 0.5,
    "cont_h": 0.5,
    "충족": "불충족",
    "원인": "대교",
    "회복_대교": 0.67,
    "회복_시범": 0.33,
    "회복_화랑": 0.0
   }
  },
  {
   "type": "Feature",
   "geometry": {
    "type": "Point",
    "coordinates": [
     126.9354541,
     37.52347354
    ]
   },
   "properties": {
    "pid": "여의도중학교 운동장-38",
    "school": "여의도중학교",
    "jibun": "40-1",
    "kind": "운동장 지반",
    "dong": "여의도중학교 운동장",
    "floor": 0,
    "source": "배치도 경계(래스터 계측) + 분석지점도 격자",
    "total_h": 0.0,
    "cont_h": 0.0,
    "충족": "불충족",
    "원인": "기타/자체형상",
    "회복_대교": 0.0,
    "회복_시범": 0.0,
    "회복_화랑": 0.0
   }
  },
  {
   "type": "Feature",
   "geometry": {
    "type": "Point",
    "coordinates": [
     126.9353915,
     37.52353726
    ]
   },
   "properties": {
    "pid": "여의도중학교 운동장-39",
    "school": "여의도중학교",
    "jibun": "40-1",
    "kind": "운동장 지반",
    "dong": "여의도중학교 운동장",
    "floor": 0,
    "source": "배치도 경계(래스터 계측) + 분석지점도 격자",
    "total_h": 0.5,
    "cont_h": 0.5,
    "충족": "불충족",
    "원인": "대교",
    "회복_대교": 0.17,
    "회복_시범": 0.0,
    "회복_화랑": 0.0
   }
  },
  {
   "type": "Feature",
   "geometry": {
    "type": "Point",
    "coordinates": [
     126.93532891,
     37.52360099
    ]
   },
   "properties": {
    "pid": "여의도중학교 운동장-40",
    "school": "여의도중학교",
    "jibun": "40-1",
    "kind": "운동장 지반",
    "dong": "여의도중학교 운동장",
    "floor": 0,
    "source": "배치도 경계(래스터 계측) + 분석지점도 격자",
    "total_h": 1.83,
    "cont_h": 1.33,
    "충족": "불충족",
    "원인": "대교",
    "회복_대교": 0.84,
    "회복_시범": 0.17,
    "회복_화랑": 0.0
   }
  },
  {
   "type": "Feature",
   "geometry": {
    "type": "Point",
    "coordinates": [
     126.93536229,
     37.52341633
    ]
   },
   "properties": {
    "pid": "여의도중학교 운동장-51",
    "school": "여의도중학교",
    "jibun": "40-1",
    "kind": "운동장 지반",
    "dong": "여의도중학교 운동장",
    "floor": 0,
    "source": "배치도 경계(래스터 계측) + 분석지점도 격자",
    "total_h": 0.83,
    "cont_h": 0.83,
    "충족": "불충족",
    "원인": "기타/자체형상",
    "회복_대교": 0.0,
    "회복_시범": 0.0,
    "회복_화랑": 0.0
   }
  },
  {
   "type": "Feature",
   "geometry": {
    "type": "Point",
    "coordinates": [
     126.9352997,
     37.52348006
    ]
   },
   "properties": {
    "pid": "여의도중학교 운동장-52",
    "school": "여의도중학교",
    "jibun": "40-1",
    "kind": "운동장 지반",
    "dong": "여의도중학교 운동장",
    "floor": 0,
    "source": "배치도 경계(래스터 계측) + 분석지점도 격자",
    "total_h": 1.17,
    "cont_h": 1.17,
    "충족": "불충족",
    "원인": "대교",
    "회복_대교": 0.16,
    "회복_시범": 0.0,
    "회복_화랑": 0.0
   }
  },
  {
   "type": "Feature",
   "geometry": {
    "type": "Point",
    "coordinates": [
     126.9352371,
     37.52354378
    ]
   },
   "properties": {
    "pid": "여의도중학교 운동장-53",
    "school": "여의도중학교",
    "jibun": "40-1",
    "kind": "운동장 지반",
    "dong": "여의도중학교 운동장",
    "floor": 0,
    "source": "배치도 경계(래스터 계측) + 분석지점도 격자",
    "total_h": 1.67,
    "cont_h": 1.0,
    "충족": "불충족",
    "원인": "대교",
    "회복_대교": 1.0,
    "회복_시범": 0.0,
    "회복_화랑": 0.0
   }
  },
  {
   "type": "Feature",
   "geometry": {
    "type": "Point",
    "coordinates": [
     126.9351745,
     37.5236075
    ]
   },
   "properties": {
    "pid": "여의도중학교 운동장-54",
    "school": "여의도중학교",
    "jibun": "40-1",
    "kind": "운동장 지반",
    "dong": "여의도중학교 운동장",
    "floor": 0,
    "source": "배치도 경계(래스터 계측) + 분석지점도 격자",
    "total_h": 2.33,
    "cont_h": 1.33,
    "충족": "불충족",
    "원인": "대교",
    "회복_대교": 1.34,
    "회복_시범": 0.0,
    "회복_화랑": 0.0
   }
  },
  {
   "type": "Feature",
   "geometry": {
    "type": "Point",
    "coordinates": [
     126.93511191,
     37.52367123
    ]
   },
   "properties": {
    "pid": "여의도중학교 운동장-55",
    "school": "여의도중학교",
    "jibun": "40-1",
    "kind": "운동장 지반",
    "dong": "여의도중학교 운동장",
    "floor": 0,
    "source": "배치도 경계(래스터 계측) + 분석지점도 격자",
    "total_h": 3.5,
    "cont_h": 1.67,
    "충족": "불충족",
    "원인": "대교",
    "회복_대교": 0.83,
    "회복_시범": 0.0,
    "회복_화랑": 0.0
   }
  },
  {
   "type": "Feature",
   "geometry": {
    "type": "Point",
    "coordinates": [
     126.9352705,
     37.52335912
    ]
   },
   "properties": {
    "pid": "여의도중학교 운동장-64",
    "school": "여의도중학교",
    "jibun": "40-1",
    "kind": "운동장 지반",
    "dong": "여의도중학교 운동장",
    "floor": 0,
    "source": "배치도 경계(래스터 계측) + 분석지점도 격자",
    "total_h": 1.5,
    "cont_h": 1.5,
    "충족": "불충족",
    "원인": "기타/자체형상",
    "회복_대교": 0.0,
    "회복_시범": 0.0,
    "회복_화랑": 0.0
   }
  },
  {
   "type": "Feature",
   "geometry": {
    "type": "Point",
    "coordinates": [
     126.93520789,
     37.52342285
    ]
   },
   "properties": {
    "pid": "여의도중학교 운동장-65",
    "school": "여의도중학교",
    "jibun": "40-1",
    "kind": "운동장 지반",
    "dong": "여의도중학교 운동장",
    "floor": 0,
    "source": "배치도 경계(래스터 계측) + 분석지점도 격자",
    "total_h": 1.33,
    "cont_h": 1.17,
    "충족": "불충족",
    "원인": "대교",
    "회복_대교": 0.17,
    "회복_시범": 0.0,
    "회복_화랑": 0.0
   }
  },
  {
   "type": "Feature",
   "geometry": {
    "type": "Point",
    "coordinates": [
     126.93514529,
     37.52348657
    ]
   },
   "properties": {
    "pid": "여의도중학교 운동장-66",
    "school": "여의도중학교",
    "jibun": "40-1",
    "kind": "운동장 지반",
    "dong": "여의도중학교 운동장",
    "floor": 0,
    "source": "배치도 경계(래스터 계측) + 분석지점도 격자",
    "total_h": 1.5,
    "cont_h": 1.0,
    "충족": "불충족",
    "원인": "대교",
    "회복_대교": 1.17,
    "회복_시범": 0.0,
    "회복_화랑": 0.0
   }
  },
  {
   "type": "Feature",
   "geometry": {
    "type": "Point",
    "coordinates": [
     126.9350827,
     37.52355029
    ]
   },
   "properties": {
    "pid": "여의도중학교 운동장-67",
    "school": "여의도중학교",
    "jibun": "40-1",
    "kind": "운동장 지반",
    "dong": "여의도중학교 운동장",
    "floor": 0,
    "source": "배치도 경계(래스터 계측) + 분석지점도 격자",
    "total_h": 2.67,
    "cont_h": 0.83,
    "충족": "불충족",
    "원인": "대교",
    "회복_대교": 1.16,
    "회복_시범": 0.0,
    "회복_화랑": 0.0
   }
  },
  {
   "type": "Feature",
   "geometry": {
    "type": "Point",
    "coordinates": [
     126.9350201,
     37.52361402
    ]
   },
   "properties": {
    "pid": "여의도중학교 운동장-68",
    "school": "여의도중학교",
    "jibun": "40-1",
    "kind": "운동장 지반",
    "dong": "여의도중학교 운동장",
    "floor": 0,
    "source": "배치도 경계(래스터 계측) + 분석지점도 격자",
    "total_h": 2.5,
    "cont_h": 1.17,
    "충족": "불충족",
    "원인": "대교",
    "회복_대교": 0.83,
    "회복_시범": 0.0,
    "회복_화랑": 0.0
   }
  },
  {
   "type": "Feature",
   "geometry": {
    "type": "Point",
    "coordinates": [
     126.93530501,
     37.52271688
    ]
   },
   "properties": {
    "pid": "A동(3층) A동 남서면 1층-1",
    "school": "여의도여자고등학교",
    "jibun": "40-2",
    "kind": "교사동 창면",
    "dong": "A동(3층)",
    "floor": 1,
    "source": "도면기준",
    "total_h": 3.0,
    "cont_h": 1.33,
    "충족": "불충족",
    "원인": "복합(2개 이상)",
    "회복_대교": 1.17,
    "회복_시범": 0.0,
    "회복_화랑": 1.33
   }
  },
  {
   "type": "Feature",
   "geometry": {
    "type": "Point",
    "coordinates": [
     126.93530501,
     37.52271688
    ]
   },
   "properties": {
    "pid": "A동(3층) A동 남서면 2층-1",
    "school": "여의도여자고등학교",
    "jibun": "40-2",
    "kind": "교사동 창면",
    "dong": "A동(3층)",
    "floor": 2,
    "source": "도면기준",
    "total_h": 3.5,
    "cont_h": 1.5,
    "충족": "불충족",
    "원인": "복합(2개 이상)",
    "회복_대교": 1.17,
    "회복_시범": 0.0,
    "회복_화랑": 0.83
   }
  },
  {
   "type": "Feature",
   "geometry": {
    "type": "Point",
    "coordinates": [
     126.93533633,
     37.52268491
    ]
   },
   "properties": {
    "pid": "A동(3층) A동 남서면 1층-2",
    "school": "여의도여자고등학교",
    "jibun": "40-2",
    "kind": "교사동 창면",
    "dong": "A동(3층)",
    "floor": 1,
    "source": "도면기준",
    "total_h": 3.0,
    "cont_h": 1.33,
    "충족": "불충족",
    "원인": "복합(2개 이상)",
    "회복_대교": 1.0,
    "회복_시범": 0.0,
    "회복_화랑": 1.5
   }
  },
  {
   "type": "Feature",
   "geometry": {
    "type": "Point",
    "coordinates": [
     126.93533633,
     37.52268491
    ]
   },
   "properties": {
    "pid": "A동(3층) A동 남서면 2층-2",
    "school": "여의도여자고등학교",
    "jibun": "40-2",
    "kind": "교사동 창면",
    "dong": "A동(3층)",
    "floor": 2,
    "source": "도면기준",
    "total_h": 3.17,
    "cont_h": 1.5,
    "충족": "불충족",
    "원인": "복합(2개 이상)",
    "회복_대교": 1.0,
    "회복_시범": 0.0,
    "회복_화랑": 1.33
   }
  },
  {
   "type": "Feature",
   "geometry": {
    "type": "Point",
    "coordinates": [
     126.93536763,
     37.52265295
    ]
   },
   "properties": {
    "pid": "A동(3층) A동 남서면 1층-3",
    "school": "여의도여자고등학교",
    "jibun": "40-2",
    "kind": "교사동 창면",
    "dong": "A동(3층)",
    "floor": 1,
    "source": "도면기준",
    "total_h": 2.67,
    "cont_h": 1.33,
    "충족": "불충족",
    "원인": "복합(2개 이상)",
    "회복_대교": 1.0,
    "회복_시범": 0.0,
    "회복_화랑": 1.83
   }
  },
  {
   "type": "Feature",
   "geometry": {
    "type": "Point",
    "coordinates": [
     126.93536763,
     37.52265295
    ]
   },
   "properties": {
    "pid": "A동(3층) A동 남서면 2층-3",
    "school": "여의도여자고등학교",
    "jibun": "40-2",
    "kind": "교사동 창면",
    "dong": "A동(3층)",
    "floor": 2,
    "source": "도면기준",
    "total_h": 2.83,
    "cont_h": 1.5,
    "충족": "불충족",
    "원인": "복합(2개 이상)",
    "회복_대교": 1.0,
    "회복_시범": 0.0,
    "회복_화랑": 1.67
   }
  },
  {
   "type": "Feature",
   "geometry": {
    "type": "Point",
    "coordinates": [
     126.93539895,
     37.52262098
    ]
   },
   "properties": {
    "pid": "A동(3층) A동 남서면 1층-4",
    "school": "여의도여자고등학교",
    "jibun": "40-2",
    "kind": "교사동 창면",
    "dong": "A동(3층)",
    "floor": 1,
    "source": "도면기준",
    "total_h": 2.17,
    "cont_h": 1.33,
    "충족": "불충족",
    "원인": "화랑(현상태)",
    "회복_대교": 0.83,
    "회복_시범": 0.0,
    "회복_화랑": 2.16
   }
  },
  {
   "type": "Feature",
   "geometry": {
    "type": "Point",
    "coordinates": [
     126.93539895,
     37.52262098
    ]
   },
   "properties": {
    "pid": "A동(3층) A동 남서면 2층-4",
    "school": "여의도여자고등학교",
    "jibun": "40-2",
    "kind": "교사동 창면",
    "dong": "A동(3층)",
    "floor": 2,
    "source": "도면기준",
    "total_h": 2.33,
    "cont_h": 1.5,
    "충족": "불충족",
    "원인": "복합(2개 이상)",
    "회복_대교": 1.17,
    "회복_시범": 0.0,
    "회복_화랑": 2.0
   }
  },
  {
   "type": "Feature",
   "geometry": {
    "type": "Point",
    "coordinates": [
     126.93543026,
     37.52258901
    ]
   },
   "properties": {
    "pid": "A동(3층) A동 남서면 1층-5",
    "school": "여의도여자고등학교",
    "jibun": "40-2",
    "kind": "교사동 창면",
    "dong": "A동(3층)",
    "floor": 1,
    "source": "도면기준",
    "total_h": 1.67,
    "cont_h": 1.33,
    "충족": "불충족",
    "원인": "화랑(현상태)",
    "회복_대교": 0.5,
    "회복_시범": 0.0,
    "회복_화랑": 2.66
   }
  },
  {
   "type": "Feature",
   "geometry": {
    "type": "Point",
    "coordinates": [
     126.93543026,
     37.52258901
    ]
   },
   "properties": {
    "pid": "A동(3층) A동 남서면 2층-5",
    "school": "여의도여자고등학교",
    "jibun": "40-2",
    "kind": "교사동 창면",
    "dong": "A동(3층)",
    "floor": 2,
    "source": "도면기준",
    "total_h": 1.83,
    "cont_h": 1.5,
    "충족": "불충족",
    "원인": "화랑(현상태)",
    "회복_대교": 0.84,
    "회복_시범": 0.0,
    "회복_화랑": 2.5
   }
  },
  {
   "type": "Feature",
   "geometry": {
    "type": "Point",
    "coordinates": [
     126.93563679,
     37.52268063
    ]
   },
   "properties": {
    "pid": "A동(3층) A동 남동면 1층-5",
    "school": "여의도여자고등학교",
    "jibun": "40-2",
    "kind": "교사동 창면",
    "dong": "A동(3층)",
    "floor": 1,
    "source": "도면기준",
    "total_h": 1.5,
    "cont_h": 1.5,
    "충족": "불충족",
    "원인": "화랑(현상태)",
    "회복_대교": 0.33,
    "회복_시범": 0.0,
    "회복_화랑": 4.0
   }
  },
  {
   "type": "Feature",
   "geometry": {
    "type": "Point",
    "coordinates": [
     126.93567694,
     37.52270557
    ]
   },
   "properties": {
    "pid": "A동(3층) A동 남동면 1층-6",
    "school": "여의도여자고등학교",
    "jibun": "40-2",
    "kind": "교사동 창면",
    "dong": "A동(3층)",
    "floor": 1,
    "source": "도면기준",
    "total_h": 1.0,
    "cont_h": 1.0,
    "충족": "불충족",
    "원인": "화랑(현상태)",
    "회복_대교": 0.33,
    "회복_시범": 1.33,
    "회복_화랑": 4.5
   }
  },
  {
   "type": "Feature",
   "geometry": {
    "type": "Point",
    "coordinates": [
     126.93567694,
     37.52270557
    ]
   },
   "properties": {
    "pid": "A동(3층) A동 남동면 2층-6",
    "school": "여의도여자고등학교",
    "jibun": "40-2",
    "kind": "교사동 창면",
    "dong": "A동(3층)",
    "floor": 2,
    "source": "도면기준",
    "total_h": 1.5,
    "cont_h": 1.5,
    "충족": "불충족",
    "원인": "화랑(현상태)",
    "회복_대교": 0.67,
    "회복_시범": 1.33,
    "회복_화랑": 4.0
   }
  },
  {
   "type": "Feature",
   "geometry": {
    "type": "Point",
    "coordinates": [
     126.93571707,
     37.5227305
    ]
   },
   "properties": {
    "pid": "A동(3층) A동 남동면 1층-7",
    "school": "여의도여자고등학교",
    "jibun": "40-2",
    "kind": "교사동 창면",
    "dong": "A동(3층)",
    "floor": 1,
    "source": "도면기준",
    "total_h": 1.33,
    "cont_h": 0.67,
    "충족": "불충족",
    "원인": "화랑(현상태)",
    "회복_대교": 0.17,
    "회복_시범": 1.34,
    "회복_화랑": 4.0
   }
  },
  {
   "type": "Feature",
   "geometry": {
    "type": "Point",
    "coordinates": [
     126.93571707,
     37.5227305
    ]
   },
   "properties": {
    "pid": "A동(3층) A동 남동면 2층-7",
    "school": "여의도여자고등학교",
    "jibun": "40-2",
    "kind": "교사동 창면",
    "dong": "A동(3층)",
    "floor": 2,
    "source": "도면기준",
    "total_h": 1.83,
    "cont_h": 1.0,
    "충족": "불충족",
    "원인": "화랑(현상태)",
    "회복_대교": 0.5,
    "회복_시범": 1.34,
    "회복_화랑": 3.5
   }
  },
  {
   "type": "Feature",
   "geometry": {
    "type": "Point",
    "coordinates": [
     126.93568898,
     37.52271305
    ]
   },
   "properties": {
    "pid": "A동(3층) A동 남동면 3층-5",
    "school": "여의도여자고등학교",
    "jibun": "40-2",
    "kind": "교사동 창면",
    "dong": "A동(3층)",
    "floor": 3,
    "source": "도면기준",
    "total_h": 2.33,
    "cont_h": 1.83,
    "충족": "불충족",
    "원인": "화랑(현상태)",
    "회복_대교": 0.5,
    "회복_시범": 1.34,
    "회복_화랑": 3.17
   }
  },
  {
   "type": "Feature",
   "geometry": {
    "type": "Point",
    "coordinates": [
     126.93574072,
     37.52274518
    ]
   },
   "properties": {
    "pid": "A동(3층) A동 남동면 3층-6",
    "school": "여의도여자고등학교",
    "jibun": "40-2",
    "kind": "교사동 창면",
    "dong": "A동(3층)",
    "floor": 3,
    "source": "도면기준",
    "total_h": 2.67,
    "cont_h": 1.5,
    "충족": "불충족",
    "원인": "화랑(현상태)",
    "회복_대교": 0.5,
    "회복_시범": 1.16,
    "회복_화랑": 2.83
   }
  },
  {
   "type": "Feature",
   "geometry": {
    "type": "Point",
    "coordinates": [
     126.9352338,
     37.52321086
    ]
   },
   "properties": {
    "pid": "여의도여자고등학교 ①(5층) 1층-4",
    "school": "여의도여자고등학교",
    "jibun": "40-2",
    "kind": "교사동 창면",
    "dong": "여의도여자고등학교 ①(5층)",
    "floor": 1,
    "source": "일반식",
    "total_h": 0.0,
    "cont_h": 0.0,
    "충족": "불충족",
    "원인": "기타/자체형상",
    "회복_대교": 0.0,
    "회복_시범": 0.0,
    "회복_화랑": 0.0
   }
  },
  {
   "type": "Feature",
   "geometry": {
    "type": "Point",
    "coordinates": [
     126.9352338,
     37.52321086
    ]
   },
   "properties": {
    "pid": "여의도여자고등학교 ①(5층) 2층-4",
    "school": "여의도여자고등학교",
    "jibun": "40-2",
    "kind": "교사동 창면",
    "dong": "여의도여자고등학교 ①(5층)",
    "floor": 2,
    "source": "일반식",
    "total_h": 0.0,
    "cont_h": 0.0,
    "충족": "불충족",
    "원인": "기타/자체형상",
    "회복_대교": 0.0,
    "회복_시범": 0.0,
    "회복_화랑": 0.0
   }
  },
  {
   "type": "Feature",
   "geometry": {
    "type": "Point",
    "coordinates": [
     126.9352338,
     37.52321086
    ]
   },
   "properties": {
    "pid": "여의도여자고등학교 ①(5층) 3층-4",
    "school": "여의도여자고등학교",
    "jibun": "40-2",
    "kind": "교사동 창면",
    "dong": "여의도여자고등학교 ①(5층)",
    "floor": 3,
    "source": "일반식",
    "total_h": 0.0,
    "cont_h": 0.0,
    "충족": "불충족",
    "원인": "기타/자체형상",
    "회복_대교": 0.0,
    "회복_시범": 0.0,
    "회복_화랑": 0.0
   }
  },
  {
   "type": "Feature",
   "geometry": {
    "type": "Point",
    "coordinates": [
     126.9352338,
     37.52321086
    ]
   },
   "properties": {
    "pid": "여의도여자고등학교 ①(5층) 4층-4",
    "school": "여의도여자고등학교",
    "jibun": "40-2",
    "kind": "교사동 창면",
    "dong": "여의도여자고등학교 ①(5층)",
    "floor": 4,
    "source": "일반식",
    "total_h": 0.0,
    "cont_h": 0.0,
    "충족": "불충족",
    "원인": "기타/자체형상",
    "회복_대교": 0.0,
    "회복_시범": 0.0,
    "회복_화랑": 0.0
   }
  },
  {
   "type": "Feature",
   "geometry": {
    "type": "Point",
    "coordinates": [
     126.9352338,
     37.52321086
    ]
   },
   "properties": {
    "pid": "여의도여자고등학교 ①(5층) 5층-4",
    "school": "여의도여자고등학교",
    "jibun": "40-2",
    "kind": "교사동 창면",
    "dong": "여의도여자고등학교 ①(5층)",
    "floor": 5,
    "source": "일반식",
    "total_h": 0.0,
    "cont_h": 0.0,
    "충족": "불충족",
    "원인": "기타/자체형상",
    "회복_대교": 0.0,
    "회복_시범": 0.0,
    "회복_화랑": 0.0
   }
  },
  {
   "type": "Feature",
   "geometry": {
    "type": "Point",
    "coordinates": [
     126.93527525,
     37.52320972
    ]
   },
   "properties": {
    "pid": "여의도여자고등학교 ①(5층) 1층-5",
    "school": "여의도여자고등학교",
    "jibun": "40-2",
    "kind": "교사동 창면",
    "dong": "여의도여자고등학교 ①(5층)",
    "floor": 1,
    "source": "일반식",
    "total_h": 0.17,
    "cont_h": 0.17,
    "충족": "불충족",
    "원인": "기타/자체형상",
    "회복_대교": 0.0,
    "회복_시범": 0.0,
    "회복_화랑": 0.0
   }
  },
  {
   "type": "Feature",
   "geometry": {
    "type": "Point",
    "coordinates": [
     126.93527525,
     37.52320972
    ]
   },
   "properties": {
    "pid": "여의도여자고등학교 ①(5층) 2층-5",
    "school": "여의도여자고등학교",
    "jibun": "40-2",
    "kind": "교사동 창면",
    "dong": "여의도여자고등학교 ①(5층)",
    "floor": 2,
    "source": "일반식",
    "total_h": 0.17,
    "cont_h": 0.17,
    "충족": "불충족",
    "원인": "기타/자체형상",
    "회복_대교": 0.0,
    "회복_시범": 0.0,
    "회복_화랑": 0.0
   }
  },
  {
   "type": "Feature",
   "geometry": {
    "type": "Point",
    "coordinates": [
     126.93527525,
     37.52320972
    ]
   },
   "properties": {
    "pid": "여의도여자고등학교 ①(5층) 3층-5",
    "school": "여의도여자고등학교",
    "jibun": "40-2",
    "kind": "교사동 창면",
    "dong": "여의도여자고등학교 ①(5층)",
    "floor": 3,
    "source": "일반식",
    "total_h": 0.17,
    "cont_h": 0.17,
    "충족": "불충족",
    "원인": "기타/자체형상",
    "회복_대교": 0.0,
    "회복_시범": 0.0,
    "회복_화랑": 0.0
   }
  },
  {
   "type": "Feature",
   "geometry": {
    "type": "Point",
    "coordinates": [
     126.93527525,
     37.52320972
    ]
   },
   "properties": {
    "pid": "여의도여자고등학교 ①(5층) 4층-5",
    "school": "여의도여자고등학교",
    "jibun": "40-2",
    "kind": "교사동 창면",
    "dong": "여의도여자고등학교 ①(5층)",
    "floor": 4,
    "source": "일반식",
    "total_h": 0.33,
    "cont_h": 0.33,
    "충족": "불충족",
    "원인": "기타/자체형상",
    "회복_대교": 0.0,
    "회복_시범": 0.0,
    "회복_화랑": 0.0
   }
  },
  {
   "type": "Feature",
   "geometry": {
    "type": "Point",
    "coordinates": [
     126.93527525,
     37.52320972
    ]
   },
   "properties": {
    "pid": "여의도여자고등학교 ①(5층) 5층-5",
    "school": "여의도여자고등학교",
    "jibun": "40-2",
    "kind": "교사동 창면",
    "dong": "여의도여자고등학교 ①(5층)",
    "floor": 5,
    "source": "일반식",
    "total_h": 0.67,
    "cont_h": 0.67,
    "충족": "불충족",
    "원인": "기타/자체형상",
    "회복_대교": 0.0,
    "회복_시범": 0.0,
    "회복_화랑": 0.0
   }
  },
  {
   "type": "Feature",
   "geometry": {
    "type": "Point",
    "coordinates": [
     126.93525511,
     37.52298485
    ]
   },
   "properties": {
    "pid": "여의도여자고등학교 ②(5층) 1층-6",
    "school": "여의도여자고등학교",
    "jibun": "40-2",
    "kind": "교사동 창면",
    "dong": "여의도여자고등학교 ②(5층)",
    "floor": 1,
    "source": "일반식",
    "total_h": 2.17,
    "cont_h": 1.67,
    "충족": "불충족",
    "원인": "대교",
    "회복_대교": 1.5,
    "회복_시범": 0.0,
    "회복_화랑": 0.0
   }
  },
  {
   "type": "Feature",
   "geometry": {
    "type": "Point",
    "coordinates": [
     126.93528983,
     37.522949
    ]
   },
   "properties": {
    "pid": "여의도여자고등학교 ②(5층) 1층-7",
    "school": "여의도여자고등학교",
    "jibun": "40-2",
    "kind": "교사동 창면",
    "dong": "여의도여자고등학교 ②(5층)",
    "floor": 1,
    "source": "일반식",
    "total_h": 2.0,
    "cont_h": 1.33,
    "충족": "불충족",
    "원인": "대교",
    "회복_대교": 1.17,
    "회복_시범": 0.0,
    "회복_화랑": 0.0
   }
  },
  {
   "type": "Feature",
   "geometry": {
    "type": "Point",
    "coordinates": [
     126.93528983,
     37.522949
    ]
   },
   "properties": {
    "pid": "여의도여자고등학교 ②(5층) 2층-7",
    "school": "여의도여자고등학교",
    "jibun": "40-2",
    "kind": "교사동 창면",
    "dong": "여의도여자고등학교 ②(5층)",
    "floor": 2,
    "source": "일반식",
    "total_h": 2.5,
    "cont_h": 1.67,
    "충족": "불충족",
    "원인": "대교",
    "회복_대교": 1.33,
    "회복_시범": 0.0,
    "회복_화랑": 0.0
   }
  },
  {
   "type": "Feature",
   "geometry": {
    "type": "Point",
    "coordinates": [
     126.93532457,
     37.52291313
    ]
   },
   "properties": {
    "pid": "여의도여자고등학교 ②(5층) 1층-8",
    "school": "여의도여자고등학교",
    "jibun": "40-2",
    "kind": "교사동 창면",
    "dong": "여의도여자고등학교 ②(5층)",
    "floor": 1,
    "source": "일반식",
    "total_h": 1.33,
    "cont_h": 0.67,
    "충족": "불충족",
    "원인": "대교",
    "회복_대교": 1.17,
    "회복_시범": 0.0,
    "회복_화랑": 0.0
   }
  },
  {
   "type": "Feature",
   "geometry": {
    "type": "Point",
    "coordinates": [
     126.93532457,
     37.52291313
    ]
   },
   "properties": {
    "pid": "여의도여자고등학교 ②(5층) 2층-8",
    "school": "여의도여자고등학교",
    "jibun": "40-2",
    "kind": "교사동 창면",
    "dong": "여의도여자고등학교 ②(5층)",
    "floor": 2,
    "source": "일반식",
    "total_h": 1.33,
    "cont_h": 0.67,
    "충족": "불충족",
    "원인": "대교",
    "회복_대교": 1.34,
    "회복_시범": 0.0,
    "회복_화랑": 0.0
   }
  },
  {
   "type": "Feature",
   "geometry": {
    "type": "Point",
    "coordinates": [
     126.93535931,
     37.52287727
    ]
   },
   "properties": {
    "pid": "여의도여자고등학교 ②(5층) 1층-9",
    "school": "여의도여자고등학교",
    "jibun": "40-2",
    "kind": "교사동 창면",
    "dong": "여의도여자고등학교 ②(5층)",
    "floor": 1,
    "source": "일반식",
    "total_h": 0.5,
    "cont_h": 0.5,
    "충족": "불충족",
    "원인": "대교",
    "회복_대교": 1.0,
    "회복_시범": 0.0,
    "회복_화랑": 0.0
   }
  },
  {
   "type": "Feature",
   "geometry": {
    "type": "Point",
    "coordinates": [
     126.93535931,
     37.52287727
    ]
   },
   "properties": {
    "pid": "여의도여자고등학교 ②(5층) 2층-9",
    "school": "여의도여자고등학교",
    "jibun": "40-2",
    "kind": "교사동 창면",
    "dong": "여의도여자고등학교 ②(5층)",
    "floor": 2,
    "source": "일반식",
    "total_h": 0.5,
    "cont_h": 0.5,
    "충족": "불충족",
    "원인": "대교",
    "회복_대교": 1.17,
    "회복_시범": 0.0,
    "회복_화랑": 0.0
   }
  },
  {
   "type": "Feature",
   "geometry": {
    "type": "Point",
    "coordinates": [
     126.93535931,
     37.52287727
    ]
   },
   "properties": {
    "pid": "여의도여자고등학교 ②(5층) 3층-9",
    "school": "여의도여자고등학교",
    "jibun": "40-2",
    "kind": "교사동 창면",
    "dong": "여의도여자고등학교 ②(5층)",
    "floor": 3,
    "source": "일반식",
    "total_h": 0.67,
    "cont_h": 0.5,
    "충족": "불충족",
    "원인": "대교",
    "회복_대교": 1.16,
    "회복_시범": 0.0,
    "회복_화랑": 0.0
   }
  },
  {
   "type": "Feature",
   "geometry": {
    "type": "Point",
    "coordinates": [
     126.93539298,
     37.52286569
    ]
   },
   "properties": {
    "pid": "여의도여자고등학교 ②(5층) 1층-10",
    "school": "여의도여자고등학교",
    "jibun": "40-2",
    "kind": "교사동 창면",
    "dong": "여의도여자고등학교 ②(5층)",
    "floor": 1,
    "source": "일반식",
    "total_h": 0.33,
    "cont_h": 0.33,
    "충족": "불충족",
    "원인": "기타/자체형상",
    "회복_대교": 0.0,
    "회복_시범": 0.0,
    "회복_화랑": 0.0
   }
  },
  {
   "type": "Feature",
   "geometry": {
    "type": "Point",
    "coordinates": [
     126.93539298,
     37.52286569
    ]
   },
   "properties": {
    "pid": "여의도여자고등학교 ②(5층) 2층-10",
    "school": "여의도여자고등학교",
    "jibun": "40-2",
    "kind": "교사동 창면",
    "dong": "여의도여자고등학교 ②(5층)",
    "floor": 2,
    "source": "일반식",
    "total_h": 0.33,
    "cont_h": 0.33,
    "충족": "불충족",
    "원인": "대교",
    "회복_대교": 0.17,
    "회복_시범": 0.0,
    "회복_화랑": 0.0
   }
  },
  {
   "type": "Feature",
   "geometry": {
    "type": "Point",
    "coordinates": [
     126.93539298,
     37.52286569
    ]
   },
   "properties": {
    "pid": "여의도여자고등학교 ②(5층) 3층-10",
    "school": "여의도여자고등학교",
    "jibun": "40-2",
    "kind": "교사동 창면",
    "dong": "여의도여자고등학교 ②(5층)",
    "floor": 3,
    "source": "일반식",
    "total_h": 0.33,
    "cont_h": 0.33,
    "충족": "불충족",
    "원인": "대교",
    "회복_대교": 0.17,
    "회복_시범": 0.0,
    "회복_화랑": 0.0
   }
  },
  {
   "type": "Feature",
   "geometry": {
    "type": "Point",
    "coordinates": [
     126.93540994,
     37.52286045
    ]
   },
   "properties": {
    "pid": "여의도여자고등학교 ②(5층) 1층-11",
    "school": "여의도여자고등학교",
    "jibun": "40-2",
    "kind": "교사동 창면",
    "dong": "여의도여자고등학교 ②(5층)",
    "floor": 1,
    "source": "일반식",
    "total_h": 0.0,
    "cont_h": 0.0,
    "충족": "불충족",
    "원인": "기타/자체형상",
    "회복_대교": 0.0,
    "회복_시범": 0.0,
    "회복_화랑": 0.0
   }
  },
  {
   "type": "Feature",
   "geometry": {
    "type": "Point",
    "coordinates": [
     126.93540994,
     37.52286045
    ]
   },
   "properties": {
    "pid": "여의도여자고등학교 ②(5층) 2층-11",
    "school": "여의도여자고등학교",
    "jibun": "40-2",
    "kind": "교사동 창면",
    "dong": "여의도여자고등학교 ②(5층)",
    "floor": 2,
    "source": "일반식",
    "total_h": 0.0,
    "cont_h": 0.0,
    "충족": "불충족",
    "원인": "기타/자체형상",
    "회복_대교": 0.0,
    "회복_시범": 0.0,
    "회복_화랑": 0.0
   }
  },
  {
   "type": "Feature",
   "geometry": {
    "type": "Point",
    "coordinates": [
     126.93540994,
     37.52286045
    ]
   },
   "properties": {
    "pid": "여의도여자고등학교 ②(5층) 3층-11",
    "school": "여의도여자고등학교",
    "jibun": "40-2",
    "kind": "교사동 창면",
    "dong": "여의도여자고등학교 ②(5층)",
    "floor": 3,
    "source": "일반식",
    "total_h": 0.0,
    "cont_h": 0.0,
    "충족": "불충족",
    "원인": "기타/자체형상",
    "회복_대교": 0.0,
    "회복_시범": 0.0,
    "회복_화랑": 0.0
   }
  },
  {
   "type": "Feature",
   "geometry": {
    "type": "Point",
    "coordinates": [
     126.93546295,
     37.52286802
    ]
   },
   "properties": {
    "pid": "여의도여자고등학교 ②(5층) 1층-12",
    "school": "여의도여자고등학교",
    "jibun": "40-2",
    "kind": "교사동 창면",
    "dong": "여의도여자고등학교 ②(5층)",
    "floor": 1,
    "source": "일반식",
    "total_h": 0.0,
    "cont_h": 0.0,
    "충족": "불충족",
    "원인": "기타/자체형상",
    "회복_대교": 0.0,
    "회복_시범": 0.0,
    "회복_화랑": 0.0
   }
  },
  {
   "type": "Feature",
   "geometry": {
    "type": "Point",
    "coordinates": [
     126.93546295,
     37.52286802
    ]
   },
   "properties": {
    "pid": "여의도여자고등학교 ②(5층) 2층-12",
    "school": "여의도여자고등학교",
    "jibun": "40-2",
    "kind": "교사동 창면",
    "dong": "여의도여자고등학교 ②(5층)",
    "floor": 2,
    "source": "일반식",
    "total_h": 0.0,
    "cont_h": 0.0,
    "충족": "불충족",
    "원인": "기타/자체형상",
    "회복_대교": 0.0,
    "회복_시범": 0.0,
    "회복_화랑": 0.0
   }
  },
  {
   "type": "Feature",
   "geometry": {
    "type": "Point",
    "coordinates": [
     126.93546295,
     37.52286802
    ]
   },
   "properties": {
    "pid": "여의도여자고등학교 ②(5층) 3층-12",
    "school": "여의도여자고등학교",
    "jibun": "40-2",
    "kind": "교사동 창면",
    "dong": "여의도여자고등학교 ②(5층)",
    "floor": 3,
    "source": "일반식",
    "total_h": 0.0,
    "cont_h": 0.0,
    "충족": "불충족",
    "원인": "기타/자체형상",
    "회복_대교": 0.0,
    "회복_시범": 0.0,
    "회복_화랑": 0.0
   }
  },
  {
   "type": "Feature",
   "geometry": {
    "type": "Point",
    "coordinates": [
     126.93542819,
     37.52299028
    ]
   },
   "properties": {
    "pid": "여의도여자고등학교 ②(5층) 1층-13",
    "school": "여의도여자고등학교",
    "jibun": "40-2",
    "kind": "교사동 창면",
    "dong": "여의도여자고등학교 ②(5층)",
    "floor": 1,
    "source": "일반식",
    "total_h": 0.0,
    "cont_h": 0.0,
    "충족": "불충족",
    "원인": "기타/자체형상",
    "회복_대교": 0.0,
    "회복_시범": 0.0,
    "회복_화랑": 0.0
   }
  },
  {
   "type": "Feature",
   "geometry": {
    "type": "Point",
    "coordinates": [
     126.93542819,
     37.52299028
    ]
   },
   "properties": {
    "pid": "여의도여자고등학교 ②(5층) 2층-13",
    "school": "여의도여자고등학교",
    "jibun": "40-2",
    "kind": "교사동 창면",
    "dong": "여의도여자고등학교 ②(5층)",
    "floor": 2,
    "source": "일반식",
    "total_h": 0.0,
    "cont_h": 0.0,
    "충족": "불충족",
    "원인": "기타/자체형상",
    "회복_대교": 0.0,
    "회복_시범": 0.0,
    "회복_화랑": 0.0
   }
  },
  {
   "type": "Feature",
   "geometry": {
    "type": "Point",
    "coordinates": [
     126.93542819,
     37.52299028
    ]
   },
   "properties": {
    "pid": "여의도여자고등학교 ②(5층) 3층-13",
    "school": "여의도여자고등학교",
    "jibun": "40-2",
    "kind": "교사동 창면",
    "dong": "여의도여자고등학교 ②(5층)",
    "floor": 3,
    "source": "일반식",
    "total_h": 0.33,
    "cont_h": 0.17,
    "충족": "불충족",
    "원인": "화랑(현상태)",
    "회복_대교": 0.0,
    "회복_시범": 0.0,
    "회복_화랑": 0.5
   }
  },
  {
   "type": "Feature",
   "geometry": {
    "type": "Point",
    "coordinates": [
     126.93542819,
     37.52299028
    ]
   },
   "properties": {
    "pid": "여의도여자고등학교 ②(5층) 4층-13",
    "school": "여의도여자고등학교",
    "jibun": "40-2",
    "kind": "교사동 창면",
    "dong": "여의도여자고등학교 ②(5층)",
    "floor": 4,
    "source": "일반식",
    "total_h": 1.0,
    "cont_h": 0.5,
    "충족": "불충족",
    "원인": "시범",
    "회복_대교": 0.0,
    "회복_시범": 1.17,
    "회복_화랑": 0.17
   }
  },
  {
   "type": "Feature",
   "geometry": {
    "type": "Point",
    "coordinates": [
     126.93542819,
     37.52299028
    ]
   },
   "properties": {
    "pid": "여의도여자고등학교 ②(5층) 5층-13",
    "school": "여의도여자고등학교",
    "jibun": "40-2",
    "kind": "교사동 창면",
    "dong": "여의도여자고등학교 ②(5층)",
    "floor": 5,
    "source": "일반식",
    "total_h": 1.33,
    "cont_h": 1.33,
    "충족": "불충족",
    "원인": "시범",
    "회복_대교": 0.0,
    "회복_시범": 1.5,
    "회복_화랑": 0.0
   }
  },
  {
   "type": "Feature",
   "geometry": {
    "type": "Point",
    "coordinates": [
     126.93536586,
     37.52256442
    ]
   },
   "properties": {
    "pid": "여의도여자고등학교 운동장-1",
    "school": "여의도여자고등학교",
    "jibun": "40-2",
    "kind": "운동장 지반",
    "dong": "여의도여자고등학교 운동장",
    "floor": 0,
    "source": "배치도 경계(래스터 계측) + 분석지점도 격자",
    "total_h": 2.33,
    "cont_h": 1.0,
    "충족": "불충족",
    "원인": "화랑(현상태)",
    "회복_대교": 0.34,
    "회복_시범": 0.67,
    "회복_화랑": 2.84
   }
  },
  {
   "type": "Feature",
   "geometry": {
    "type": "Point",
    "coordinates": [
     126.93530236,
     37.52262905
    ]
   },
   "properties": {
    "pid": "여의도여자고등학교 운동장-2",
    "school": "여의도여자고등학교",
    "jibun": "40-2",
    "kind": "운동장 지반",
    "dong": "여의도여자고등학교 운동장",
    "floor": 0,
    "source": "배치도 경계(래스터 계측) + 분석지점도 격자",
    "total_h": 3.17,
    "cont_h": 1.33,
    "충족": "불충족",
    "원인": "화랑(현상태)",
    "회복_대교": 0.83,
    "회복_시범": 0.5,
    "회복_화랑": 2.0
   }
  },
  {
   "type": "Feature",
   "geometry": {
    "type": "Point",
    "coordinates": [
     126.93523888,
     37.52269368
    ]
   },
   "properties": {
    "pid": "여의도여자고등학교 운동장-3",
    "school": "여의도여자고등학교",
    "jibun": "40-2",
    "kind": "운동장 지반",
    "dong": "여의도여자고등학교 운동장",
    "floor": 0,
    "source": "배치도 경계(래스터 계측) + 분석지점도 격자",
    "total_h": 3.67,
    "cont_h": 1.5,
    "충족": "불충족",
    "원인": "복합(2개 이상)",
    "회복_대교": 1.16,
    "회복_시범": 0.33,
    "회복_화랑": 1.5
   }
  },
  {
   "type": "Feature",
   "geometry": {
    "type": "Point",
    "coordinates": [
     126.93517539,
     37.52275831
    ]
   },
   "properties": {
    "pid": "여의도여자고등학교 운동장-4",
    "school": "여의도여자고등학교",
    "jibun": "40-2",
    "kind": "운동장 지반",
    "dong": "여의도여자고등학교 운동장",
    "floor": 0,
    "source": "배치도 경계(래스터 계측) + 분석지점도 격자",
    "total_h": 3.83,
    "cont_h": 1.67,
    "충족": "불충족",
    "원인": "복합(2개 이상)",
    "회복_대교": 1.34,
    "회복_시범": 0.34,
    "회복_화랑": 1.17
   }
  },
  {
   "type": "Feature",
   "geometry": {
    "type": "Point",
    "coordinates": [
     126.93527786,
     37.52250959
    ]
   },
   "properties": {
    "pid": "여의도여자고등학교 운동장-7",
    "school": "여의도여자고등학교",
    "jibun": "40-2",
    "kind": "운동장 지반",
    "dong": "여의도여자고등학교 운동장",
    "floor": 0,
    "source": "배치도 경계(래스터 계측) + 분석지점도 격자",
    "total_h": 1.5,
    "cont_h": 1.0,
    "충족": "불충족",
    "원인": "복합(2개 이상)",
    "회복_대교": 0.5,
    "회복_시범": 1.67,
    "회복_화랑": 3.17
   }
  },
  {
   "type": "Feature",
   "geometry": {
    "type": "Point",
    "coordinates": [
     126.93521437,
     37.52257422
    ]
   },
   "properties": {
    "pid": "여의도여자고등학교 운동장-8",
    "school": "여의도여자고등학교",
    "jibun": "40-2",
    "kind": "운동장 지반",
    "dong": "여의도여자고등학교 운동장",
    "floor": 0,
    "source": "배치도 경계(래스터 계측) + 분석지점도 격자",
    "total_h": 2.5,
    "cont_h": 1.67,
    "충족": "불충족",
    "원인": "복합(2개 이상)",
    "회복_대교": 0.83,
    "회복_시범": 1.5,
    "회복_화랑": 2.17
   }
  },
  {
   "type": "Feature",
   "geometry": {
    "type": "Point",
    "coordinates": [
     126.93518987,
     37.52245476
    ]
   },
   "properties": {
    "pid": "여의도여자고등학교 운동장-13",
    "school": "여의도여자고등학교",
    "jibun": "40-2",
    "kind": "운동장 지반",
    "dong": "여의도여자고등학교 운동장",
    "floor": 0,
    "source": "배치도 경계(래스터 계측) + 분석지점도 격자",
    "total_h": 2.0,
    "cont_h": 1.83,
    "충족": "불충족",
    "원인": "화랑(현상태)",
    "회복_대교": 0.83,
    "회복_시범": 0.0,
    "회복_화랑": 2.67
   }
  },
  {
   "type": "Feature",
   "geometry": {
    "type": "Point",
    "coordinates": [
     126.93501389,
     37.52234509
    ]
   },
   "properties": {
    "pid": "여의도여자고등학교 운동장-25",
    "school": "여의도여자고등학교",
    "jibun": "40-2",
    "kind": "운동장 지반",
    "dong": "여의도여자고등학교 운동장",
    "floor": 0,
    "source": "배치도 경계(래스터 계측) + 분석지점도 격자",
    "total_h": 1.33,
    "cont_h": 0.83,
    "충족": "불충족",
    "원인": "복합(2개 이상)",
    "회복_대교": 1.5,
    "회복_시범": 1.0,
    "회복_화랑": 2.34
   }
  },
  {
   "type": "Feature",
   "geometry": {
    "type": "Point",
    "coordinates": [
     126.9349504,
     37.52240972
    ]
   },
   "properties": {
    "pid": "여의도여자고등학교 운동장-26",
    "school": "여의도여자고등학교",
    "jibun": "40-2",
    "kind": "운동장 지반",
    "dong": "여의도여자고등학교 운동장",
    "floor": 0,
    "source": "배치도 경계(래스터 계측) + 분석지점도 격자",
    "total_h": 2.17,
    "cont_h": 1.0,
    "충족": "불충족",
    "원인": "복합(2개 이상)",
    "회복_대교": 1.5,
    "회복_시범": 0.66,
    "회복_화랑": 2.0
   }
  },
  {
   "type": "Feature",
   "geometry": {
    "type": "Point",
    "coordinates": [
     126.93488691,
     37.52247434
    ]
   },
   "properties": {
    "pid": "여의도여자고등학교 운동장-27",
    "school": "여의도여자고등학교",
    "jibun": "40-2",
    "kind": "운동장 지반",
    "dong": "여의도여자고등학교 운동장",
    "floor": 0,
    "source": "배치도 경계(래스터 계측) + 분석지점도 격자",
    "total_h": 2.83,
    "cont_h": 1.67,
    "충족": "불충족",
    "원인": "복합(2개 이상)",
    "회복_대교": 1.5,
    "회복_시범": 0.34,
    "회복_화랑": 1.5
   }
  },
  {
   "type": "Feature",
   "geometry": {
    "type": "Point",
    "coordinates": [
     126.93482343,
     37.52253897
    ]
   },
   "properties": {
    "pid": "여의도여자고등학교 운동장-28",
    "school": "여의도여자고등학교",
    "jibun": "40-2",
    "kind": "운동장 지반",
    "dong": "여의도여자고등학교 운동장",
    "floor": 0,
    "source": "배치도 경계(래스터 계측) + 분석지점도 격자",
    "total_h": 3.17,
    "cont_h": 1.67,
    "충족": "불충족",
    "원인": "복합(2개 이상)",
    "회복_대교": 1.5,
    "회복_시범": 0.16,
    "회복_화랑": 1.16
   }
  },
  {
   "type": "Feature",
   "geometry": {
    "type": "Point",
    "coordinates": [
     126.93475994,
     37.5226036
    ]
   },
   "properties": {
    "pid": "여의도여자고등학교 운동장-29",
    "school": "여의도여자고등학교",
    "jibun": "40-2",
    "kind": "운동장 지반",
    "dong": "여의도여자고등학교 운동장",
    "floor": 0,
    "source": "배치도 경계(래스터 계측) + 분석지점도 격자",
    "total_h": 3.83,
    "cont_h": 1.67,
    "충족": "불충족",
    "원인": "대교",
    "회복_대교": 1.67,
    "회복_시범": 0.17,
    "회복_화랑": 0.34
   }
  },
  {
   "type": "Feature",
   "geometry": {
    "type": "Point",
    "coordinates": [
     126.9349259,
     37.52229026
    ]
   },
   "properties": {
    "pid": "여의도여자고등학교 운동장-31",
    "school": "여의도여자고등학교",
    "jibun": "40-2",
    "kind": "운동장 지반",
    "dong": "여의도여자고등학교 운동장",
    "floor": 0,
    "source": "배치도 경계(래스터 계측) + 분석지점도 격자",
    "total_h": 1.17,
    "cont_h": 0.33,
    "충족": "불충족",
    "원인": "복합(2개 이상)",
    "회복_대교": 1.66,
    "회복_시범": 1.5,
    "회복_화랑": 2.16
   }
  },
  {
   "type": "Feature",
   "geometry": {
    "type": "Point",
    "coordinates": [
     126.93486241,
     37.52235488
    ]
   },
   "properties": {
    "pid": "여의도여자고등학교 운동장-32",
    "school": "여의도여자고등학교",
    "jibun": "40-2",
    "kind": "운동장 지반",
    "dong": "여의도여자고등학교 운동장",
    "floor": 0,
    "source": "배치도 경계(래스터 계측) + 분석지점도 격자",
    "total_h": 2.17,
    "cont_h": 0.83,
    "충족": "불충족",
    "원인": "복합(2개 이상)",
    "회복_대교": 1.66,
    "회복_시범": 1.16,
    "회복_화랑": 1.66
   }
  },
  {
   "type": "Feature",
   "geometry": {
    "type": "Point",
    "coordinates": [
     126.93479893,
     37.52241951
    ]
   },
   "properties": {
    "pid": "여의도여자고등학교 운동장-33",
    "school": "여의도여자고등학교",
    "jibun": "40-2",
    "kind": "운동장 지반",
    "dong": "여의도여자고등학교 운동장",
    "floor": 0,
    "source": "배치도 경계(래스터 계측) + 분석지점도 격자",
    "total_h": 2.67,
    "cont_h": 1.0,
    "충족": "불충족",
    "원인": "복합(2개 이상)",
    "회복_대교": 1.5,
    "회복_시범": 0.83,
    "회복_화랑": 1.5
   }
  },
  {
   "type": "Feature",
   "geometry": {
    "type": "Point",
    "coordinates": [
     126.93473544,
     37.52248414
    ]
   },
   "properties": {
    "pid": "여의도여자고등학교 운동장-34",
    "school": "여의도여자고등학교",
    "jibun": "40-2",
    "kind": "운동장 지반",
    "dong": "여의도여자고등학교 운동장",
    "floor": 0,
    "source": "배치도 경계(래스터 계측) + 분석지점도 격자",
    "total_h": 2.67,
    "cont_h": 1.0,
    "충족": "불충족",
    "원인": "복합(2개 이상)",
    "회복_대교": 1.83,
    "회복_시범": 0.66,
    "회복_화랑": 1.33
   }
  },
  {
   "type": "Feature",
   "geometry": {
    "type": "Point",
    "coordinates": [
     126.93467196,
     37.52254877
    ]
   },
   "properties": {
    "pid": "여의도여자고등학교 운동장-35",
    "school": "여의도여자고등학교",
    "jibun": "40-2",
    "kind": "운동장 지반",
    "dong": "여의도여자고등학교 운동장",
    "floor": 0,
    "source": "배치도 경계(래스터 계측) + 분석지점도 격자",
    "total_h": 3.0,
    "cont_h": 1.17,
    "충족": "불충족",
    "원인": "복합(2개 이상)",
    "회복_대교": 2.0,
    "회복_시범": 0.33,
    "회복_화랑": 1.0
   }
  },
  {
   "type": "Feature",
   "geometry": {
    "type": "Point",
    "coordinates": [
     126.93460846,
     37.52261339
    ]
   },
   "properties": {
    "pid": "여의도여자고등학교 운동장-36",
    "school": "여의도여자고등학교",
    "jibun": "40-2",
    "kind": "운동장 지반",
    "dong": "여의도여자고등학교 운동장",
    "floor": 0,
    "source": "배치도 경계(래스터 계측) + 분석지점도 격자",
    "total_h": 3.17,
    "cont_h": 1.33,
    "충족": "불충족",
    "원인": "대교",
    "회복_대교": 2.16,
    "회복_시범": 0.33,
    "회복_화랑": 0.66
   }
  },
  {
   "type": "Feature",
   "geometry": {
    "type": "Point",
    "coordinates": [
     126.93483791,
     37.52223542
    ]
   },
   "properties": {
    "pid": "여의도여자고등학교 운동장-37",
    "school": "여의도여자고등학교",
    "jibun": "40-2",
    "kind": "운동장 지반",
    "dong": "여의도여자고등학교 운동장",
    "floor": 0,
    "source": "배치도 경계(래스터 계측) + 분석지점도 격자",
    "total_h": 1.83,
    "cont_h": 1.33,
    "충족": "불충족",
    "원인": "대교",
    "회복_대교": 1.84,
    "회복_시범": 0.84,
    "회복_화랑": 0.84
   }
  },
  {
   "type": "Feature",
   "geometry": {
    "type": "Point",
    "coordinates": [
     126.93477441,
     37.52230005
    ]
   },
   "properties": {
    "pid": "여의도여자고등학교 운동장-38",
    "school": "여의도여자고등학교",
    "jibun": "40-2",
    "kind": "운동장 지반",
    "dong": "여의도여자고등학교 운동장",
    "floor": 0,
    "source": "배치도 경계(래스터 계측) + 분석지점도 격자",
    "total_h": 2.17,
    "cont_h": 1.33,
    "충족": "불충족",
    "원인": "복합(2개 이상)",
    "회복_대교": 1.83,
    "회복_시범": 1.33,
    "회복_화랑": 0.66
   }
  },
  {
   "type": "Feature",
   "geometry": {
    "type": "Point",
    "coordinates": [
     126.93471093,
     37.52236468
    ]
   },
   "properties": {
    "pid": "여의도여자고등학교 운동장-39",
    "school": "여의도여자고등학교",
    "jibun": "40-2",
    "kind": "운동장 지반",
    "dong": "여의도여자고등학교 운동장",
    "floor": 0,
    "source": "배치도 경계(래스터 계측) + 분석지점도 격자",
    "total_h": 2.83,
    "cont_h": 1.67,
    "충족": "불충족",
    "원인": "복합(2개 이상)",
    "회복_대교": 1.67,
    "회복_시범": 1.17,
    "회복_화랑": 0.84
   }
  },
  {
   "type": "Feature",
   "geometry": {
    "type": "Point",
    "coordinates": [
     126.93464745,
     37.52242931
    ]
   },
   "properties": {
    "pid": "여의도여자고등학교 운동장-40",
    "school": "여의도여자고등학교",
    "jibun": "40-2",
    "kind": "운동장 지반",
    "dong": "여의도여자고등학교 운동장",
    "floor": 0,
    "source": "배치도 경계(래스터 계측) + 분석지점도 격자",
    "total_h": 3.0,
    "cont_h": 1.67,
    "충족": "불충족",
    "원인": "대교",
    "회복_대교": 1.83,
    "회복_시범": 0.83,
    "회복_화랑": 0.67
   }
  },
  {
   "type": "Feature",
   "geometry": {
    "type": "Point",
    "coordinates": [
     126.93458396,
     37.52249393
    ]
   },
   "properties": {
    "pid": "여의도여자고등학교 운동장-41",
    "school": "여의도여자고등학교",
    "jibun": "40-2",
    "kind": "운동장 지반",
    "dong": "여의도여자고등학교 운동장",
    "floor": 0,
    "source": "배치도 경계(래스터 계측) + 분석지점도 격자",
    "total_h": 2.83,
    "cont_h": 1.5,
    "충족": "불충족",
    "원인": "복합(2개 이상)",
    "회복_대교": 2.0,
    "회복_시범": 1.0,
    "회복_화랑": 0.84
   }
  },
  {
   "type": "Feature",
   "geometry": {
    "type": "Point",
    "coordinates": [
     126.93452048,
     37.52255856
    ]
   },
   "properties": {
    "pid": "여의도여자고등학교 운동장-42",
    "school": "여의도여자고등학교",
    "jibun": "40-2",
    "kind": "운동장 지반",
    "dong": "여의도여자고등학교 운동장",
    "floor": 0,
    "source": "배치도 경계(래스터 계측) + 분석지점도 격자",
    "total_h": 2.67,
    "cont_h": 1.5,
    "충족": "불충족",
    "원인": "대교",
    "회복_대교": 2.33,
    "회복_시범": 0.66,
    "회복_화랑": 0.83
   }
  },
  {
   "type": "Feature",
   "geometry": {
    "type": "Point",
    "coordinates": [
     126.93474991,
     37.52218059
    ]
   },
   "properties": {
    "pid": "여의도여자고등학교 운동장-43",
    "school": "여의도여자고등학교",
    "jibun": "40-2",
    "kind": "운동장 지반",
    "dong": "여의도여자고등학교 운동장",
    "floor": 0,
    "source": "배치도 경계(래스터 계측) + 분석지점도 격자",
    "total_h": 2.0,
    "cont_h": 1.0,
    "충족": "불충족",
    "원인": "복합(2개 이상)",
    "회복_대교": 2.0,
    "회복_시범": 1.5,
    "회복_화랑": 0.0
   }
  },
  {
   "type": "Feature",
   "geometry": {
    "type": "Point",
    "coordinates": [
     126.93468643,
     37.52224522
    ]
   },
   "properties": {
    "pid": "여의도여자고등학교 운동장-44",
    "school": "여의도여자고등학교",
    "jibun": "40-2",
    "kind": "운동장 지반",
    "dong": "여의도여자고등학교 운동장",
    "floor": 0,
    "source": "배치도 경계(래스터 계측) + 분석지점도 격자",
    "total_h": 2.17,
    "cont_h": 0.83,
    "충족": "불충족",
    "원인": "복합(2개 이상)",
    "회복_대교": 2.0,
    "회복_시범": 1.16,
    "회복_화랑": 0.0
   }
  },
  {
   "type": "Feature",
   "geometry": {
    "type": "Point",
    "coordinates": [
     126.93462295,
     37.52230985
    ]
   },
   "properties": {
    "pid": "여의도여자고등학교 운동장-45",
    "school": "여의도여자고등학교",
    "jibun": "40-2",
    "kind": "운동장 지반",
    "dong": "여의도여자고등학교 운동장",
    "floor": 0,
    "source": "배치도 경계(래스터 계측) + 분석지점도 격자",
    "total_h": 2.33,
    "cont_h": 1.0,
    "충족": "불충족",
    "원인": "복합(2개 이상)",
    "회복_대교": 2.0,
    "회복_시범": 1.0,
    "회복_화랑": 0.0
   }
  },
  {
   "type": "Feature",
   "geometry": {
    "type": "Point",
    "coordinates": [
     126.93455946,
     37.52237447
    ]
   },
   "properties": {
    "pid": "여의도여자고등학교 운동장-46",
    "school": "여의도여자고등학교",
    "jibun": "40-2",
    "kind": "운동장 지반",
    "dong": "여의도여자고등학교 운동장",
    "floor": 0,
    "source": "배치도 경계(래스터 계측) + 분석지점도 격자",
    "total_h": 2.5,
    "cont_h": 1.0,
    "충족": "불충족",
    "원인": "복합(2개 이상)",
    "회복_대교": 2.0,
    "회복_시범": 1.17,
    "회복_화랑": 0.17
   }
  },
  {
   "type": "Feature",
   "geometry": {
    "type": "Point",
    "coordinates": [
     126.93449598,
     37.5224391
    ]
   },
   "properties": {
    "pid": "여의도여자고등학교 운동장-47",
    "school": "여의도여자고등학교",
    "jibun": "40-2",
    "kind": "운동장 지반",
    "dong": "여의도여자고등학교 운동장",
    "floor": 0,
    "source": "배치도 경계(래스터 계측) + 분석지점도 격자",
    "total_h": 2.5,
    "cont_h": 1.17,
    "충족": "불충족",
    "원인": "복합(2개 이상)",
    "회복_대교": 2.17,
    "회복_시범": 1.17,
    "회복_화랑": 0.33
   }
  },
  {
   "type": "Feature",
   "geometry": {
    "type": "Point",
    "coordinates": [
     126.93443248,
     37.52250373
    ]
   },
   "properties": {
    "pid": "여의도여자고등학교 운동장-48",
    "school": "여의도여자고등학교",
    "jibun": "40-2",
    "kind": "운동장 지반",
    "dong": "여의도여자고등학교 운동장",
    "floor": 0,
    "source": "배치도 경계(래스터 계측) + 분석지점도 격자",
    "total_h": 2.5,
    "cont_h": 1.17,
    "충족": "불충족",
    "원인": "대교",
    "회복_대교": 2.33,
    "회복_시범": 1.0,
    "회복_화랑": 0.33
   }
  },
  {
   "type": "Feature",
   "geometry": {
    "type": "Point",
    "coordinates": [
     126.93689051,
     37.52302575
    ]
   },
   "properties": {
    "pid": "별관(5층) 1층-12",
    "school": "여의도초등학교",
    "jibun": "40-3",
    "kind": "교사동 창면",
    "dong": "별관(5층)",
    "floor": 1,
    "source": "도면기준",
    "total_h": 1.0,
    "cont_h": 1.0,
    "충족": "불충족",
    "원인": "화랑(현상태)",
    "회복_대교": 0.0,
    "회복_시범": 0.0,
    "회복_화랑": 0.5
   }
  },
  {
   "type": "Feature",
   "geometry": {
    "type": "Point",
    "coordinates": [
     126.93689051,
     37.52302575
    ]
   },
   "properties": {
    "pid": "별관(5층) 2층-12",
    "school": "여의도초등학교",
    "jibun": "40-3",
    "kind": "교사동 창면",
    "dong": "별관(5층)",
    "floor": 2,
    "source": "도면기준",
    "total_h": 1.33,
    "cont_h": 1.33,
    "충족": "불충족",
    "원인": "화랑(현상태)",
    "회복_대교": 0.0,
    "회복_시범": 0.0,
    "회복_화랑": 0.17
   }
  },
  {
   "type": "Feature",
   "geometry": {
    "type": "Point",
    "coordinates": [
     126.93689051,
     37.52302575
    ]
   },
   "properties": {
    "pid": "별관(5층) 3층-12",
    "school": "여의도초등학교",
    "jibun": "40-3",
    "kind": "교사동 창면",
    "dong": "별관(5층)",
    "floor": 3,
    "source": "도면기준",
    "total_h": 1.5,
    "cont_h": 1.5,
    "충족": "불충족",
    "원인": "기타/자체형상",
    "회복_대교": 0.0,
    "회복_시범": 0.0,
    "회복_화랑": 0.0
   }
  },
  {
   "type": "Feature",
   "geometry": {
    "type": "Point",
    "coordinates": [
     126.93689051,
     37.52302575
    ]
   },
   "properties": {
    "pid": "별관(5층) 4층-12",
    "school": "여의도초등학교",
    "jibun": "40-3",
    "kind": "교사동 창면",
    "dong": "별관(5층)",
    "floor": 4,
    "source": "도면기준",
    "total_h": 1.5,
    "cont_h": 1.5,
    "충족": "불충족",
    "원인": "기타/자체형상",
    "회복_대교": 0.0,
    "회복_시범": 0.0,
    "회복_화랑": 0.0
   }
  },
  {
   "type": "Feature",
   "geometry": {
    "type": "Point",
    "coordinates": [
     126.9369534,
     37.522962
    ]
   },
   "properties": {
    "pid": "별관(5층) 1층-13",
    "school": "여의도초등학교",
    "jibun": "40-3",
    "kind": "교사동 창면",
    "dong": "별관(5층)",
    "floor": 1,
    "source": "도면기준",
    "total_h": 0.0,
    "cont_h": 0.0,
    "충족": "불충족",
    "원인": "기타/자체형상",
    "회복_대교": 0.0,
    "회복_시범": 0.0,
    "회복_화랑": 0.0
   }
  },
  {
   "type": "Feature",
   "geometry": {
    "type": "Point",
    "coordinates": [
     126.9369534,
     37.522962
    ]
   },
   "properties": {
    "pid": "별관(5층) 2층-13",
    "school": "여의도초등학교",
    "jibun": "40-3",
    "kind": "교사동 창면",
    "dong": "별관(5층)",
    "floor": 2,
    "source": "도면기준",
    "total_h": 0.0,
    "cont_h": 0.0,
    "충족": "불충족",
    "원인": "기타/자체형상",
    "회복_대교": 0.0,
    "회복_시범": 0.0,
    "회복_화랑": 0.0
   }
  },
  {
   "type": "Feature",
   "geometry": {
    "type": "Point",
    "coordinates": [
     126.9369534,
     37.522962
    ]
   },
   "properties": {
    "pid": "별관(5층) 3층-13",
    "school": "여의도초등학교",
    "jibun": "40-3",
    "kind": "교사동 창면",
    "dong": "별관(5층)",
    "floor": 3,
    "source": "도면기준",
    "total_h": 0.33,
    "cont_h": 0.33,
    "충족": "불충족",
    "원인": "기타/자체형상",
    "회복_대교": 0.0,
    "회복_시범": 0.0,
    "회복_화랑": 0.0
   }
  },
  {
   "type": "Feature",
   "geometry": {
    "type": "Point",
    "coordinates": [
     126.9369534,
     37.522962
    ]
   },
   "properties": {
    "pid": "별관(5층) 4층-13",
    "school": "여의도초등학교",
    "jibun": "40-3",
    "kind": "교사동 창면",
    "dong": "별관(5층)",
    "floor": 4,
    "source": "도면기준",
    "total_h": 0.5,
    "cont_h": 0.33,
    "충족": "불충족",
    "원인": "시범",
    "회복_대교": 0.0,
    "회복_시범": 1.0,
    "회복_화랑": 0.0
   }
  },
  {
   "type": "Feature",
   "geometry": {
    "type": "Point",
    "coordinates": [
     126.93697856,
     37.52293648
    ]
   },
   "properties": {
    "pid": "별관(5층) 1층-14",
    "school": "여의도초등학교",
    "jibun": "40-3",
    "kind": "교사동 창면",
    "dong": "별관(5층)",
    "floor": 1,
    "source": "도면기준",
    "total_h": 0.0,
    "cont_h": 0.0,
    "충족": "불충족",
    "원인": "기타/자체형상",
    "회복_대교": 0.0,
    "회복_시범": 0.0,
    "회복_화랑": 0.0
   }
  },
  {
   "type": "Feature",
   "geometry": {
    "type": "Point",
    "coordinates": [
     126.93697856,
     37.52293648
    ]
   },
   "properties": {
    "pid": "별관(5층) 2층-14",
    "school": "여의도초등학교",
    "jibun": "40-3",
    "kind": "교사동 창면",
    "dong": "별관(5층)",
    "floor": 2,
    "source": "도면기준",
    "total_h": 0.0,
    "cont_h": 0.0,
    "충족": "불충족",
    "원인": "기타/자체형상",
    "회복_대교": 0.0,
    "회복_시범": 0.0,
    "회복_화랑": 0.0
   }
  },
  {
   "type": "Feature",
   "geometry": {
    "type": "Point",
    "coordinates": [
     126.93697856,
     37.52293648
    ]
   },
   "properties": {
    "pid": "별관(5층) 3층-14",
    "school": "여의도초등학교",
    "jibun": "40-3",
    "kind": "교사동 창면",
    "dong": "별관(5층)",
    "floor": 3,
    "source": "도면기준",
    "total_h": 0.0,
    "cont_h": 0.0,
    "충족": "불충족",
    "원인": "기타/자체형상",
    "회복_대교": 0.0,
    "회복_시범": 0.0,
    "회복_화랑": 0.0
   }
  },
  {
   "type": "Feature",
   "geometry": {
    "type": "Point",
    "coordinates": [
     126.93697856,
     37.52293648
    ]
   },
   "properties": {
    "pid": "별관(5층) 4층-14",
    "school": "여의도초등학교",
    "jibun": "40-3",
    "kind": "교사동 창면",
    "dong": "별관(5층)",
    "floor": 4,
    "source": "도면기준",
    "total_h": 1.17,
    "cont_h": 1.0,
    "충족": "불충족",
    "원인": "시범",
    "회복_대교": 0.0,
    "회복_시범": 0.83,
    "회복_화랑": 0.0
   }
  },
  {
   "type": "Feature",
   "geometry": {
    "type": "Point",
    "coordinates": [
     126.93685566,
     37.52284596
    ]
   },
   "properties": {
    "pid": "여의도초등학교 운동장-1",
    "school": "여의도초등학교",
    "jibun": "40-3",
    "kind": "운동장 지반",
    "dong": "여의도초등학교 운동장",
    "floor": 0,
    "source": "배치도 경계(래스터 계측) + 분석지점도 격자",
    "total_h": 0.0,
    "cont_h": 0.0,
    "충족": "불충족",
    "원인": "화랑(현상태)",
    "회복_대교": 0.0,
    "회복_시범": 0.0,
    "회복_화랑": 0.67
   }
  },
  {
   "type": "Feature",
   "geometry": {
    "type": "Point",
    "coordinates": [
     126.9367767,
     37.52279676
    ]
   },
   "properties": {
    "pid": "여의도초등학교 운동장-9",
    "school": "여의도초등학교",
    "jibun": "40-3",
    "kind": "운동장 지반",
    "dong": "여의도초등학교 운동장",
    "floor": 0,
    "source": "배치도 경계(래스터 계측) + 분석지점도 격자",
    "total_h": 0.0,
    "cont_h": 0.0,
    "충족": "불충족",
    "원인": "화랑(현상태)",
    "회복_대교": 0.0,
    "회복_시범": 0.0,
    "회복_화랑": 0.67
   }
  },
  {
   "type": "Feature",
   "geometry": {
    "type": "Point",
    "coordinates": [
     126.93671345,
     37.52286114
    ]
   },
   "properties": {
    "pid": "여의도초등학교 운동장-10",
    "school": "여의도초등학교",
    "jibun": "40-3",
    "kind": "운동장 지반",
    "dong": "여의도초등학교 운동장",
    "floor": 0,
    "source": "배치도 경계(래스터 계측) + 분석지점도 격자",
    "total_h": 1.83,
    "cont_h": 1.83,
    "충족": "불충족",
    "원인": "화랑(현상태)",
    "회복_대교": 0.0,
    "회복_시범": 0.0,
    "회복_화랑": 1.0
   }
  },
  {
   "type": "Feature",
   "geometry": {
    "type": "Point",
    "coordinates": [
     126.93669774,
     37.52274755
    ]
   },
   "properties": {
    "pid": "여의도초등학교 운동장-17",
    "school": "여의도초등학교",
    "jibun": "40-3",
    "kind": "운동장 지반",
    "dong": "여의도초등학교 운동장",
    "floor": 0,
    "source": "배치도 경계(래스터 계측) + 분석지점도 격자",
    "total_h": 0.0,
    "cont_h": 0.0,
    "충족": "불충족",
    "원인": "화랑(현상태)",
    "회복_대교": 0.0,
    "회복_시범": 0.0,
    "회복_화랑": 0.83
   }
  },
  {
   "type": "Feature",
   "geometry": {
    "type": "Point",
    "coordinates": [
     126.93663449,
     37.52281193
    ]
   },
   "properties": {
    "pid": "여의도초등학교 운동장-18",
    "school": "여의도초등학교",
    "jibun": "40-3",
    "kind": "운동장 지반",
    "dong": "여의도초등학교 운동장",
    "floor": 0,
    "source": "배치도 경계(래스터 계측) + 분석지점도 격자",
    "total_h": 1.5,
    "cont_h": 1.5,
    "충족": "불충족",
    "원인": "화랑(현상태)",
    "회복_대교": 0.0,
    "회복_시범": 0.0,
    "회복_화랑": 1.33
   }
  },
  {
   "type": "Feature",
   "geometry": {
    "type": "Point",
    "coordinates": [
     126.93661878,
     37.52269835
    ]
   },
   "properties": {
    "pid": "여의도초등학교 운동장-25",
    "school": "여의도초등학교",
    "jibun": "40-3",
    "kind": "운동장 지반",
    "dong": "여의도초등학교 운동장",
    "floor": 0,
    "source": "배치도 경계(래스터 계측) + 분석지점도 격자",
    "total_h": 0.0,
    "cont_h": 0.0,
    "충족": "불충족",
    "원인": "화랑(현상태)",
    "회복_대교": 0.0,
    "회복_시범": 0.0,
    "회복_화랑": 1.0
   }
  },
  {
   "type": "Feature",
   "geometry": {
    "type": "Point",
    "coordinates": [
     126.93655553,
     37.52276273
    ]
   },
   "properties": {
    "pid": "여의도초등학교 운동장-26",
    "school": "여의도초등학교",
    "jibun": "40-3",
    "kind": "운동장 지반",
    "dong": "여의도초등학교 운동장",
    "floor": 0,
    "source": "배치도 경계(래스터 계측) + 분석지점도 격자",
    "total_h": 1.17,
    "cont_h": 1.17,
    "충족": "불충족",
    "원인": "화랑(현상태)",
    "회복_대교": 0.0,
    "회복_시범": 0.0,
    "회복_화랑": 1.66
   }
  },
  {
   "type": "Feature",
   "geometry": {
    "type": "Point",
    "coordinates": [
     126.93653981,
     37.52264914
    ]
   },
   "properties": {
    "pid": "여의도초등학교 운동장-33",
    "school": "여의도초등학교",
    "jibun": "40-3",
    "kind": "운동장 지반",
    "dong": "여의도초등학교 운동장",
    "floor": 0,
    "source": "배치도 경계(래스터 계측) + 분석지점도 격자",
    "total_h": 0.17,
    "cont_h": 0.17,
    "충족": "불충족",
    "원인": "화랑(현상태)",
    "회복_대교": 0.0,
    "회복_시범": 0.0,
    "회복_화랑": 1.33
   }
  },
  {
   "type": "Feature",
   "geometry": {
    "type": "Point",
    "coordinates": [
     126.93647657,
     37.52271353
    ]
   },
   "properties": {
    "pid": "여의도초등학교 운동장-34",
    "school": "여의도초등학교",
    "jibun": "40-3",
    "kind": "운동장 지반",
    "dong": "여의도초등학교 운동장",
    "floor": 0,
    "source": "배치도 경계(래스터 계측) + 분석지점도 격자",
    "total_h": 0.83,
    "cont_h": 0.83,
    "충족": "불충족",
    "원인": "화랑(현상태)",
    "회복_대교": 0.0,
    "회복_시범": 0.0,
    "회복_화랑": 2.0
   }
  },
  {
   "type": "Feature",
   "geometry": {
    "type": "Point",
    "coordinates": [
     126.93646085,
     37.52259993
    ]
   },
   "properties": {
    "pid": "여의도초등학교 운동장-41",
    "school": "여의도초등학교",
    "jibun": "40-3",
    "kind": "운동장 지반",
    "dong": "여의도초등학교 운동장",
    "floor": 0,
    "source": "배치도 경계(래스터 계측) + 분석지점도 격자",
    "total_h": 0.67,
    "cont_h": 0.67,
    "충족": "불충족",
    "원인": "화랑(현상태)",
    "회복_대교": 0.0,
    "회복_시범": 0.0,
    "회복_화랑": 1.5
   }
  },
  {
   "type": "Feature",
   "geometry": {
    "type": "Point",
    "coordinates": [
     126.93639761,
     37.52266432
    ]
   },
   "properties": {
    "pid": "여의도초등학교 운동장-42",
    "school": "여의도초등학교",
    "jibun": "40-3",
    "kind": "운동장 지반",
    "dong": "여의도초등학교 운동장",
    "floor": 0,
    "source": "배치도 경계(래스터 계측) + 분석지점도 격자",
    "total_h": 1.17,
    "cont_h": 1.17,
    "충족": "불충족",
    "원인": "화랑(현상태)",
    "회복_대교": 0.0,
    "회복_시범": 0.0,
    "회복_화랑": 2.16
   }
  },
  {
   "type": "Feature",
   "geometry": {
    "type": "Point",
    "coordinates": [
     126.9363819,
     37.52255073
    ]
   },
   "properties": {
    "pid": "여의도초등학교 운동장-49",
    "school": "여의도초등학교",
    "jibun": "40-3",
    "kind": "운동장 지반",
    "dong": "여의도초등학교 운동장",
    "floor": 0,
    "source": "배치도 경계(래스터 계측) + 분석지점도 격자",
    "total_h": 1.33,
    "cont_h": 1.33,
    "충족": "불충족",
    "원인": "화랑(현상태)",
    "회복_대교": 0.0,
    "회복_시범": 0.0,
    "회복_화랑": 2.0
   }
  },
  {
   "type": "Feature",
   "geometry": {
    "type": "Point",
    "coordinates": [
     126.93631864,
     37.52261512
    ]
   },
   "properties": {
    "pid": "여의도초등학교 운동장-50",
    "school": "여의도초등학교",
    "jibun": "40-3",
    "kind": "운동장 지반",
    "dong": "여의도초등학교 운동장",
    "floor": 0,
    "source": "배치도 경계(래스터 계측) + 분석지점도 격자",
    "total_h": 1.83,
    "cont_h": 1.83,
    "충족": "불충족",
    "원인": "화랑(현상태)",
    "회복_대교": 0.0,
    "회복_시범": 0.0,
    "회복_화랑": 2.67
   }
  },
  {
   "type": "Feature",
   "geometry": {
    "type": "Point",
    "coordinates": [
     126.9362554,
     37.52267951
    ]
   },
   "properties": {
    "pid": "여의도초등학교 운동장-51",
    "school": "여의도초등학교",
    "jibun": "40-3",
    "kind": "운동장 지반",
    "dong": "여의도초등학교 운동장",
    "floor": 0,
    "source": "배치도 경계(래스터 계측) + 분석지점도 격자",
    "total_h": 1.83,
    "cont_h": 1.83,
    "충족": "불충족",
    "원인": "화랑(현상태)",
    "회복_대교": 0.0,
    "회복_시범": 0.0,
    "회복_화랑": 3.0
   }
  }
 ]
}