{
 "type": "FeatureCollection",
 "features": [
  {
   "type": "Feature",
   "geometry": {
    "type": "Point",
    "coordinates": [
     194086.467,
     547342.37
    ]
   },
   "properties": {
    "pid": "여의도고등학교 ①(4층) 1층-1",
    "school": "여의도고등학교",
    "jibun": "30-1",
    "kind": "교사동 창면",
    "dong": "여의도고등학교 ①(4층)",
    "floor": 1,
    "source": "일반식",
    "total_h": 0.5,
    "cont_h": 0.5,
    "충족": "불충족",
    "원인": "기타/자체형상",
    "회복_대교": 0.0,
    "회복_시범": 0.0,
    "회복_화랑": 0.0
   }
  },
  {
   "type": "Feature",
   "geometry": {
    "type": "Point",
    "coordinates": [
     194086.467,
     547342.37
    ]
   },
   "properties": {
    "pid": "여의도고등학교 ①(4층) 2층-1",
    "school": "여의도고등학교",
    "jibun": "30-1",
    "kind": "교사동 창면",
    "dong": "여의도고등학교 ①(4층)",
    "floor": 2,
    "source": "일반식",
    "total_h": 0.5,
    "cont_h": 0.5,
    "충족": "불충족",
    "원인": "기타/자체형상",
    "회복_대교": 0.0,
    "회복_시범": 0.0,
    "회복_화랑": 0.0
   }
  },
  {
   "type": "Feature",
   "geometry": {
    "type": "Point",
    "coordinates": [
     194086.467,
     547342.37
    ]
   },
   "properties": {
    "pid": "여의도고등학교 ①(4층) 3층-1",
    "school": "여의도고등학교",
    "jibun": "30-1",
    "kind": "교사동 창면",
    "dong": "여의도고등학교 ①(4층)",
    "floor": 3,
    "source": "일반식",
    "total_h": 0.5,
    "cont_h": 0.5,
    "충족": "불충족",
    "원인": "기타/자체형상",
    "회복_대교": 0.0,
    "회복_시범": 0.0,
    "회복_화랑": 0.0
   }
  },
  {
   "type": "Feature",
   "geometry": {
    "type": "Point",
    "coordinates": [
     194086.467,
     547342.37
    ]
   },
   "properties": {
    "pid": "여의도고등학교 ①(4층) 4층-1",
    "school": "여의도고등학교",
    "jibun": "30-1",
    "kind": "교사동 창면",
    "dong": "여의도고등학교 ①(4층)",
    "floor": 4,
    "source": "일반식",
    "total_h": 0.5,
    "cont_h": 0.5,
    "충족": "불충족",
    "원인": "기타/자체형상",
    "회복_대교": 0.0,
    "회복_시범": 0.0,
    "회복_화랑": 0.0
   }
  },
  {
   "type": "Feature",
   "geometry": {
    "type": "Point",
    "coordinates": [
     194191.064,
     547267.513
    ]
   },
   "properties": {
    "pid": "여의도고등학교 ②(4층) 1층-24",
    "school": "여의도고등학교",
    "jibun": "30-1",
    "kind": "교사동 창면",
    "dong": "여의도고등학교 ②(4층)",
    "floor": 1,
    "source": "일반식",
    "total_h": 3.0,
    "cont_h": 1.17,
    "충족": "불충족",
    "원인": "대교",
    "회복_대교": 0.67,
    "회복_시범": 0.0,
    "회복_화랑": 0.0
   }
  },
  {
   "type": "Feature",
   "geometry": {
    "type": "Point",
    "coordinates": [
     194194.003,
     547263.756
    ]
   },
   "properties": {
    "pid": "여의도고등학교 ②(4층) 1층-25",
    "school": "여의도고등학교",
    "jibun": "30-1",
    "kind": "교사동 창면",
    "dong": "여의도고등학교 ②(4층)",
    "floor": 1,
    "source": "일반식",
    "total_h": 2.67,
    "cont_h": 1.17,
    "충족": "불충족",
    "원인": "대교",
    "회복_대교": 0.83,
    "회복_시범": 0.0,
    "회복_화랑": 0.0
   }
  },
  {
   "type": "Feature",
   "geometry": {
    "type": "Point",
    "coordinates": [
     194194.003,
     547263.756
    ]
   },
   "properties": {
    "pid": "여의도고등학교 ②(4층) 2층-25",
    "school": "여의도고등학교",
    "jibun": "30-1",
    "kind": "교사동 창면",
    "dong": "여의도고등학교 ②(4층)",
    "floor": 2,
    "source": "일반식",
    "total_h": 3.33,
    "cont_h": 1.17,
    "충족": "불충족",
    "원인": "대교",
    "회복_대교": 0.5,
    "회복_시범": 0.0,
    "회복_화랑": 0.0
   }
  },
  {
   "type": "Feature",
   "geometry": {
    "type": "Point",
    "coordinates": [
     194196.942,
     547260.0
    ]
   },
   "properties": {
    "pid": "여의도고등학교 ②(4층) 1층-26",
    "school": "여의도고등학교",
    "jibun": "30-1",
    "kind": "교사동 창면",
    "dong": "여의도고등학교 ②(4층)",
    "floor": 1,
    "source": "일반식",
    "total_h": 2.0,
    "cont_h": 1.0,
    "충족": "불충족",
    "원인": "대교",
    "회복_대교": 0.83,
    "회복_시범": 0.0,
    "회복_화랑": 0.0
   }
  },
  {
   "type": "Feature",
   "geometry": {
    "type": "Point",
    "coordinates": [
     194196.942,
     547260.0
    ]
   },
   "properties": {
    "pid": "여의도고등학교 ②(4층) 2층-26",
    "school": "여의도고등학교",
    "jibun": "30-1",
    "kind": "교사동 창면",
    "dong": "여의도고등학교 ②(4층)",
    "floor": 2,
    "source": "일반식",
    "total_h": 2.33,
    "cont_h": 1.33,
    "충족": "불충족",
    "원인": "대교",
    "회복_대교": 0.67,
    "회복_시범": 0.0,
    "회복_화랑": 0.0
   }
  },
  {
   "type": "Feature",
   "geometry": {
    "type": "Point",
    "coordinates": [
     194199.88,
     547256.243
    ]
   },
   "properties": {
    "pid": "여의도고등학교 ②(4층) 1층-27",
    "school": "여의도고등학교",
    "jibun": "30-1",
    "kind": "교사동 창면",
    "dong": "여의도고등학교 ②(4층)",
    "floor": 1,
    "source": "일반식",
    "total_h": 0.5,
    "cont_h": 0.5,
    "충족": "불충족",
    "원인": "대교",
    "회복_대교": 0.5,
    "회복_시범": 0.0,
    "회복_화랑": 0.0
   }
  },
  {
   "type": "Feature",
   "geometry": {
    "type": "Point",
    "coordinates": [
     194199.88,
     547256.243
    ]
   },
   "properties": {
    "pid": "여의도고등학교 ②(4층) 2층-27",
    "school": "여의도고등학교",
    "jibun": "30-1",
    "kind": "교사동 창면",
    "dong": "여의도고등학교 ②(4층)",
    "floor": 2,
    "source": "일반식",
    "total_h": 1.5,
    "cont_h": 0.83,
    "충족": "불충족",
    "원인": "대교",
    "회복_대교": 0.5,
    "회복_시범": 0.0,
    "회복_화랑": 0.0
   }
  },
  {
   "type": "Feature",
   "geometry": {
    "type": "Point",
    "coordinates": [
     194199.88,
     547256.243
    ]
   },
   "properties": {
    "pid": "여의도고등학교 ②(4층) 3층-27",
    "school": "여의도고등학교",
    "jibun": "30-1",
    "kind": "교사동 창면",
    "dong": "여의도고등학교 ②(4층)",
    "floor": 3,
    "source": "일반식",
    "total_h": 1.67,
    "cont_h": 1.17,
    "충족": "불충족",
    "원인": "대교",
    "회복_대교": 0.5,
    "회복_시범": 0.0,
    "회복_화랑": 0.0
   }
  },
  {
   "type": "Feature",
   "geometry": {
    "type": "Point",
    "coordinates": [
     194199.88,
     547256.243
    ]
   },
   "properties": {
    "pid": "여의도고등학교 ②(4층) 4층-27",
    "school": "여의도고등학교",
    "jibun": "30-1",
    "kind": "교사동 창면",
    "dong": "여의도고등학교 ②(4층)",
    "floor": 4,
    "source": "일반식",
    "total_h": 3.67,
    "cont_h": 1.67,
    "충족": "불충족",
    "원인": "대교",
    "회복_대교": 0.66,
    "회복_시범": 0.0,
    "회복_화랑": 0.0
   }
  },
  {
   "type": "Feature",
   "geometry": {
    "type": "Point",
    "coordinates": [
     194202.819,
     547252.487
    ]
   },
   "properties": {
    "pid": "여의도고등학교 ②(4층) 1층-28",
    "school": "여의도고등학교",
    "jibun": "30-1",
    "kind": "교사동 창면",
    "dong": "여의도고등학교 ②(4층)",
    "floor": 1,
    "source": "일반식",
    "total_h": 0.0,
    "cont_h": 0.0,
    "충족": "불충족",
    "원인": "기타/자체형상",
    "회복_대교": 0.0,
    "회복_시범": 0.0,
    "회복_화랑": 0.0
   }
  },
  {
   "type": "Feature",
   "geometry": {
    "type": "Point",
    "coordinates": [
     194202.819,
     547252.487
    ]
   },
   "properties": {
    "pid": "여의도고등학교 ②(4층) 2층-28",
    "school": "여의도고등학교",
    "jibun": "30-1",
    "kind": "교사동 창면",
    "dong": "여의도고등학교 ②(4층)",
    "floor": 2,
    "source": "일반식",
    "total_h": 0.5,
    "cont_h": 0.5,
    "충족": "불충족",
    "원인": "기타/자체형상",
    "회복_대교": 0.0,
    "회복_시범": 0.0,
    "회복_화랑": 0.0
   }
  },
  {
   "type": "Feature",
   "geometry": {
    "type": "Point",
    "coordinates": [
     194202.819,
     547252.487
    ]
   },
   "properties": {
    "pid": "여의도고등학교 ②(4층) 3층-28",
    "school": "여의도고등학교",
    "jibun": "30-1",
    "kind": "교사동 창면",
    "dong": "여의도고등학교 ②(4층)",
    "floor": 3,
    "source": "일반식",
    "total_h": 0.83,
    "cont_h": 0.83,
    "충족": "불충족",
    "원인": "기타/자체형상",
    "회복_대교": 0.0,
    "회복_시범": 0.0,
    "회복_화랑": 0.0
   }
  },
  {
   "type": "Feature",
   "geometry": {
    "type": "Point",
    "coordinates": [
     194202.819,
     547252.487
    ]
   },
   "properties": {
    "pid": "여의도고등학교 ②(4층) 4층-28",
    "school": "여의도고등학교",
    "jibun": "30-1",
    "kind": "교사동 창면",
    "dong": "여의도고등학교 ②(4층)",
    "floor": 4,
    "source": "일반식",
    "total_h": 1.0,
    "cont_h": 1.0,
    "충족": "불충족",
    "원인": "기타/자체형상",
    "회복_대교": 0.0,
    "회복_시범": 0.0,
    "회복_화랑": 0.0
   }
  },
  {
   "type": "Feature",
   "geometry": {
    "type": "Point",
    "coordinates": [
     194208.788,
     547265.747
    ]
   },
   "properties": {
    "pid": "여의도고등학교 ②(4층) 1층-42",
    "school": "여의도고등학교",
    "jibun": "30-1",
    "kind": "교사동 창면",
    "dong": "여의도고등학교 ②(4층)",
    "floor": 1,
    "source": "일반식",
    "total_h": 0.0,
    "cont_h": 0.0,
    "충족": "불충족",
    "원인": "기타/자체형상",
    "회복_대교": 0.0,
    "회복_시범": 0.0,
    "회복_화랑": 0.0
   }
  },
  {
   "type": "Feature",
   "geometry": {
    "type": "Point",
    "coordinates": [
     194208.788,
     547265.747
    ]
   },
   "properties": {
    "pid": "여의도고등학교 ②(4층) 2층-42",
    "school": "여의도고등학교",
    "jibun": "30-1",
    "kind": "교사동 창면",
    "dong": "여의도고등학교 ②(4층)",
    "floor": 2,
    "source": "일반식",
    "total_h": 0.0,
    "cont_h": 0.0,
    "충족": "불충족",
    "원인": "기타/자체형상",
    "회복_대교": 0.0,
    "회복_시범": 0.0,
    "회복_화랑": 0.0
   }
  },
  {
   "type": "Feature",
   "geometry": {
    "type": "Point",
    "coordinates": [
     194208.788,
     547265.747
    ]
   },
   "properties": {
    "pid": "여의도고등학교 ②(4층) 3층-42",
    "school": "여의도고등학교",
    "jibun": "30-1",
    "kind": "교사동 창면",
    "dong": "여의도고등학교 ②(4층)",
    "floor": 3,
    "source": "일반식",
    "total_h": 0.0,
    "cont_h": 0.0,
    "충족": "불충족",
    "원인": "기타/자체형상",
    "회복_대교": 0.0,
    "회복_시범": 0.0,
    "회복_화랑": 0.0
   }
  },
  {
   "type": "Feature",
   "geometry": {
    "type": "Point",
    "coordinates": [
     194208.788,
     547265.747
    ]
   },
   "properties": {
    "pid": "여의도고등학교 ②(4층) 4층-42",
    "school": "여의도고등학교",
    "jibun": "30-1",
    "kind": "교사동 창면",
    "dong": "여의도고등학교 ②(4층)",
    "floor": 4,
    "source": "일반식",
    "total_h": 0.0,
    "cont_h": 0.0,
    "충족": "불충족",
    "원인": "기타/자체형상",
    "회복_대교": 0.0,
    "회복_시범": 0.0,
    "회복_화랑": 0.0
   }
  },
  {
   "type": "Feature",
   "geometry": {
    "type": "Point",
    "coordinates": [
     194209.468,
     547268.17
    ]
   },
   "properties": {
    "pid": "여의도고등학교 ②(4층) 1층-43",
    "school": "여의도고등학교",
    "jibun": "30-1",
    "kind": "교사동 창면",
    "dong": "여의도고등학교 ②(4층)",
    "floor": 1,
    "source": "일반식",
    "total_h": 0.0,
    "cont_h": 0.0,
    "충족": "불충족",
    "원인": "기타/자체형상",
    "회복_대교": 0.0,
    "회복_시범": 0.0,
    "회복_화랑": 0.0
   }
  },
  {
   "type": "Feature",
   "geometry": {
    "type": "Point",
    "coordinates": [
     194209.468,
     547268.17
    ]
   },
   "properties": {
    "pid": "여의도고등학교 ②(4층) 2층-43",
    "school": "여의도고등학교",
    "jibun": "30-1",
    "kind": "교사동 창면",
    "dong": "여의도고등학교 ②(4층)",
    "floor": 2,
    "source": "일반식",
    "total_h": 0.0,
    "cont_h": 0.0,
    "충족": "불충족",
    "원인": "기타/자체형상",
    "회복_대교": 0.0,
    "회복_시범": 0.0,
    "회복_화랑": 0.0
   }
  },
  {
   "type": "Feature",
   "geometry": {
    "type": "Point",
    "coordinates": [
     194209.468,
     547268.17
    ]
   },
   "properties": {
    "pid": "여의도고등학교 ②(4층) 3층-43",
    "school": "여의도고등학교",
    "jibun": "30-1",
    "kind": "교사동 창면",
    "dong": "여의도고등학교 ②(4층)",
    "floor": 3,
    "source": "일반식",
    "total_h": 0.0,
    "cont_h": 0.0,
    "충족": "불충족",
    "원인": "기타/자체형상",
    "회복_대교": 0.0,
    "회복_시범": 0.0,
    "회복_화랑": 0.0
   }
  },
  {
   "type": "Feature",
   "geometry": {
    "type": "Point",
    "coordinates": [
     194209.468,
     547268.17
    ]
   },
   "properties": {
    "pid": "여의도고등학교 ②(4층) 4층-43",
    "school": "여의도고등학교",
    "jibun": "30-1",
    "kind": "교사동 창면",
    "dong": "여의도고등학교 ②(4층)",
    "floor": 4,
    "source": "일반식",
    "total_h": 1.0,
    "cont_h": 1.0,
    "충족": "불충족",
    "원인": "기타/자체형상",
    "회복_대교": 0.0,
    "회복_시범": 0.0,
    "회복_화랑": 0.0
   }
  },
  {
   "type": "Feature",
   "geometry": {
    "type": "Point",
    "coordinates": [
     194154.421,
     547210.925
    ]
   },
   "properties": {
    "pid": "여의도고등학교 ③(3층) 1층-1",
    "school": "여의도고등학교",
    "jibun": "30-1",
    "kind": "교사동 창면",
    "dong": "여의도고등학교 ③(3층)",
    "floor": 1,
    "source": "일반식",
    "total_h": 3.33,
    "cont_h": 1.33,
    "충족": "불충족",
    "원인": "대교",
    "회복_대교": 1.34,
    "회복_시범": 0.0,
    "회복_화랑": 0.0
   }
  },
  {
   "type": "Feature",
   "geometry": {
    "type": "Point",
    "coordinates": [
     194154.421,
     547210.925
    ]
   },
   "properties": {
    "pid": "여의도고등학교 ③(3층) 2층-1",
    "school": "여의도고등학교",
    "jibun": "30-1",
    "kind": "교사동 창면",
    "dong": "여의도고등학교 ③(3층)",
    "floor": 2,
    "source": "일반식",
    "total_h": 3.67,
    "cont_h": 1.33,
    "충족": "불충족",
    "원인": "대교",
    "회복_대교": 1.16,
    "회복_시범": 0.0,
    "회복_화랑": 0.0
   }
  },
  {
   "type": "Feature",
   "geometry": {
    "type": "Point",
    "coordinates": [
     194154.421,
     547210.925
    ]
   },
   "properties": {
    "pid": "여의도고등학교 ③(3층) 3층-1",
    "school": "여의도고등학교",
    "jibun": "30-1",
    "kind": "교사동 창면",
    "dong": "여의도고등학교 ③(3층)",
    "floor": 3,
    "source": "일반식",
    "total_h": 3.67,
    "cont_h": 1.33,
    "충족": "불충족",
    "원인": "대교",
    "회복_대교": 1.16,
    "회복_시범": 0.0,
    "회복_화랑": 0.0
   }
  },
  {
   "type": "Feature",
   "geometry": {
    "type": "Point",
    "coordinates": [
     194157.711,
     547206.652
    ]
   },
   "properties": {
    "pid": "여의도고등학교 ③(3층) 1층-2",
    "school": "여의도고등학교",
    "jibun": "30-1",
    "kind": "교사동 창면",
    "dong": "여의도고등학교 ③(3층)",
    "floor": 1,
    "source": "일반식",
    "total_h": 3.17,
    "cont_h": 1.33,
    "충족": "불충족",
    "원인": "대교",
    "회복_대교": 1.5,
    "회복_시범": 0.0,
    "회복_화랑": 0.0
   }
  },
  {
   "type": "Feature",
   "geometry": {
    "type": "Point",
    "coordinates": [
     194157.711,
     547206.652
    ]
   },
   "properties": {
    "pid": "여의도고등학교 ③(3층) 2층-2",
    "school": "여의도고등학교",
    "jibun": "30-1",
    "kind": "교사동 창면",
    "dong": "여의도고등학교 ③(3층)",
    "floor": 2,
    "source": "일반식",
    "total_h": 3.33,
    "cont_h": 1.33,
    "충족": "불충족",
    "원인": "대교",
    "회복_대교": 1.34,
    "회복_시범": 0.0,
    "회복_화랑": 0.0
   }
  },
  {
   "type": "Feature",
   "geometry": {
    "type": "Point",
    "coordinates": [
     194157.711,
     547206.652
    ]
   },
   "properties": {
    "pid": "여의도고등학교 ③(3층) 3층-2",
    "school": "여의도고등학교",
    "jibun": "30-1",
    "kind": "교사동 창면",
    "dong": "여의도고등학교 ③(3층)",
    "floor": 3,
    "source": "일반식",
    "total_h": 3.33,
    "cont_h": 1.33,
    "충족": "불충족",
    "원인": "대교",
    "회복_대교": 1.34,
    "회복_시범": 0.0,
    "회복_화랑": 0.0
   }
  },
  {
   "type": "Feature",
   "geometry": {
    "type": "Point",
    "coordinates": [
     194161.001,
     547202.378
    ]
   },
   "properties": {
    "pid": "여의도고등학교 ③(3층) 1층-3",
    "school": "여의도고등학교",
    "jibun": "30-1",
    "kind": "교사동 창면",
    "dong": "여의도고등학교 ③(3층)",
    "floor": 1,
    "source": "일반식",
    "total_h": 2.67,
    "cont_h": 1.17,
    "충족": "불충족",
    "원인": "대교",
    "회복_대교": 1.33,
    "회복_시범": 0.0,
    "회복_화랑": 0.0
   }
  },
  {
   "type": "Feature",
   "geometry": {
    "type": "Point",
    "coordinates": [
     194161.001,
     547202.378
    ]
   },
   "properties": {
    "pid": "여의도고등학교 ③(3층) 2층-3",
    "school": "여의도고등학교",
    "jibun": "30-1",
    "kind": "교사동 창면",
    "dong": "여의도고등학교 ③(3층)",
    "floor": 2,
    "source": "일반식",
    "total_h": 3.17,
    "cont_h": 1.17,
    "충족": "불충족",
    "원인": "대교",
    "회복_대교": 1.33,
    "회복_시범": 0.0,
    "회복_화랑": 0.0
   }
  },
  {
   "type": "Feature",
   "geometry": {
    "type": "Point",
    "coordinates": [
     194161.001,
     547202.378
    ]
   },
   "properties": {
    "pid": "여의도고등학교 ③(3층) 3층-3",
    "school": "여의도고등학교",
    "jibun": "30-1",
    "kind": "교사동 창면",
    "dong": "여의도고등학교 ③(3층)",
    "floor": 3,
    "source": "일반식",
    "total_h": 3.17,
    "cont_h": 1.17,
    "충족": "불충족",
    "원인": "대교",
    "회복_대교": 1.33,
    "회복_시범": 0.0,
    "회복_화랑": 0.0
   }
  },
  {
   "type": "Feature",
   "geometry": {
    "type": "Point",
    "coordinates": [
     194165.156,
     547201.73
    ]
   },
   "properties": {
    "pid": "여의도고등학교 ③(3층) 1층-4",
    "school": "여의도고등학교",
    "jibun": "30-1",
    "kind": "교사동 창면",
    "dong": "여의도고등학교 ③(3층)",
    "floor": 1,
    "source": "일반식",
    "total_h": 3.5,
    "cont_h": 1.17,
    "충족": "불충족",
    "원인": "복합(2개 이상)",
    "회복_대교": 1.17,
    "회복_시범": 1.0,
    "회복_화랑": 0.0
   }
  },
  {
   "type": "Feature",
   "geometry": {
    "type": "Point",
    "coordinates": [
     194169.042,
     547204.843
    ]
   },
   "properties": {
    "pid": "여의도고등학교 ③(3층) 1층-5",
    "school": "여의도고등학교",
    "jibun": "30-1",
    "kind": "교사동 창면",
    "dong": "여의도고등학교 ③(3층)",
    "floor": 1,
    "source": "일반식",
    "total_h": 3.33,
    "cont_h": 1.17,
    "충족": "불충족",
    "원인": "복합(2개 이상)",
    "회복_대교": 1.34,
    "회복_시범": 1.17,
    "회복_화랑": 0.0
   }
  },
  {
   "type": "Feature",
   "geometry": {
    "type": "Point",
    "coordinates": [
     194169.042,
     547204.843
    ]
   },
   "properties": {
    "pid": "여의도고등학교 ③(3층) 2층-5",
    "school": "여의도고등학교",
    "jibun": "30-1",
    "kind": "교사동 창면",
    "dong": "여의도고등학교 ③(3층)",
    "floor": 2,
    "source": "일반식",
    "total_h": 3.67,
    "cont_h": 1.17,
    "충족": "불충족",
    "원인": "복합(2개 이상)",
    "회복_대교": 1.33,
    "회복_시범": 1.16,
    "회복_화랑": 0.0
   }
  },
  {
   "type": "Feature",
   "geometry": {
    "type": "Point",
    "coordinates": [
     194172.928,
     547207.956
    ]
   },
   "properties": {
    "pid": "여의도고등학교 ③(3층) 1층-6",
    "school": "여의도고등학교",
    "jibun": "30-1",
    "kind": "교사동 창면",
    "dong": "여의도고등학교 ③(3층)",
    "floor": 1,
    "source": "일반식",
    "total_h": 3.5,
    "cont_h": 1.17,
    "충족": "불충족",
    "원인": "복합(2개 이상)",
    "회복_대교": 1.33,
    "회복_시범": 1.17,
    "회복_화랑": 0.0
   }
  },
  {
   "type": "Feature",
   "geometry": {
    "type": "Point",
    "coordinates": [
     194172.928,
     547207.956
    ]
   },
   "properties": {
    "pid": "여의도고등학교 ③(3층) 2층-6",
    "school": "여의도고등학교",
    "jibun": "30-1",
    "kind": "교사동 창면",
    "dong": "여의도고등학교 ③(3층)",
    "floor": 2,
    "source": "일반식",
    "total_h": 3.5,
    "cont_h": 1.17,
    "충족": "불충족",
    "원인": "복합(2개 이상)",
    "회복_대교": 1.33,
    "회복_시범": 1.17,
    "회복_화랑": 0.0
   }
  },
  {
   "type": "Feature",
   "geometry": {
    "type": "Point",
    "coordinates": [
     194180.699,
     547214.181
    ]
   },
   "properties": {
    "pid": "여의도고등학교 ③(3층) 1층-8",
    "school": "여의도고등학교",
    "jibun": "30-1",
    "kind": "교사동 창면",
    "dong": "여의도고등학교 ③(3층)",
    "floor": 1,
    "source": "일반식",
    "total_h": 3.83,
    "cont_h": 1.83,
    "충족": "불충족",
    "원인": "복합(2개 이상)",
    "회복_대교": 1.34,
    "회복_시범": 0.84,
    "회복_화랑": 0.0
   }
  },
  {
   "type": "Feature",
   "geometry": {
    "type": "Point",
    "coordinates": [
     194155.754,
     547249.983
    ]
   },
   "properties": {
    "pid": "여의도고등학교 운동장-21",
    "school": "여의도고등학교",
    "jibun": "30-1",
    "kind": "운동장 지반",
    "dong": "여의도고등학교 운동장",
    "floor": 0,
    "source": "배치도 경계(래스터 계측) + 분석지점도 격자",
    "total_h": 3.33,
    "cont_h": 1.83,
    "충족": "불충족",
    "원인": "대교",
    "회복_대교": 1.0,
    "회복_시범": 0.0,
    "회복_화랑": 0.0
   }
  },
  {
   "type": "Feature",
   "geometry": {
    "type": "Point",
    "coordinates": [
     194147.201,
     547243.301
    ]
   },
   "properties": {
    "pid": "여의도고등학교 운동장-31",
    "school": "여의도고등학교",
    "jibun": "30-1",
    "kind": "운동장 지반",
    "dong": "여의도고등학교 운동장",
    "floor": 0,
    "source": "배치도 경계(래스터 계측) + 분석지점도 격자",
    "total_h": 3.17,
    "cont_h": 1.5,
    "충족": "불충족",
    "원인": "대교",
    "회복_대교": 0.83,
    "회복_시범": 0.0,
    "회복_화랑": 0.0
   }
  },
  {
   "type": "Feature",
   "geometry": {
    "type": "Point",
    "coordinates": [
     194138.648,
     547236.619
    ]
   },
   "properties": {
    "pid": "여의도고등학교 운동장-41",
    "school": "여의도고등학교",
    "jibun": "30-1",
    "kind": "운동장 지반",
    "dong": "여의도고등학교 운동장",
    "floor": 0,
    "source": "배치도 경계(래스터 계측) + 분석지점도 격자",
    "total_h": 2.83,
    "cont_h": 1.33,
    "충족": "불충족",
    "원인": "대교",
    "회복_대교": 1.17,
    "회복_시범": 0.0,
    "회복_화랑": 0.0
   }
  },
  {
   "type": "Feature",
   "geometry": {
    "type": "Point",
    "coordinates": [
     194132.541,
     547244.436
    ]
   },
   "properties": {
    "pid": "여의도고등학교 운동장-42",
    "school": "여의도고등학교",
    "jibun": "30-1",
    "kind": "운동장 지반",
    "dong": "여의도고등학교 운동장",
    "floor": 0,
    "source": "배치도 경계(래스터 계측) + 분석지점도 격자",
    "total_h": 3.0,
    "cont_h": 1.5,
    "충족": "불충족",
    "원인": "대교",
    "회복_대교": 1.0,
    "회복_시범": 0.0,
    "회복_화랑": 0.0
   }
  },
  {
   "type": "Feature",
   "geometry": {
    "type": "Point",
    "coordinates": [
     194126.433,
     547252.253
    ]
   },
   "properties": {
    "pid": "여의도고등학교 운동장-43",
    "school": "여의도고등학교",
    "jibun": "30-1",
    "kind": "운동장 지반",
    "dong": "여의도고등학교 운동장",
    "floor": 0,
    "source": "배치도 경계(래스터 계측) + 분석지점도 격자",
    "total_h": 3.33,
    "cont_h": 1.83,
    "충족": "불충족",
    "원인": "대교",
    "회복_대교": 0.5,
    "회복_시범": 0.17,
    "회복_화랑": 0.0
   }
  },
  {
   "type": "Feature",
   "geometry": {
    "type": "Point",
    "coordinates": [
     194130.095,
     547229.936
    ]
   },
   "properties": {
    "pid": "여의도고등학교 운동장-51",
    "school": "여의도고등학교",
    "jibun": "30-1",
    "kind": "운동장 지반",
    "dong": "여의도고등학교 운동장",
    "floor": 0,
    "source": "배치도 경계(래스터 계측) + 분석지점도 격자",
    "total_h": 3.67,
    "cont_h": 1.83,
    "충족": "불충족",
    "원인": "대교",
    "회복_대교": 1.0,
    "회복_시범": 0.33,
    "회복_화랑": 0.0
   }
  },
  {
   "type": "Feature",
   "geometry": {
    "type": "Point",
    "coordinates": [
     194123.988,
     547237.754
    ]
   },
   "properties": {
    "pid": "여의도고등학교 운동장-52",
    "school": "여의도고등학교",
    "jibun": "30-1",
    "kind": "운동장 지반",
    "dong": "여의도고등학교 운동장",
    "floor": 0,
    "source": "배치도 경계(래스터 계측) + 분석지점도 격자",
    "total_h": 2.83,
    "cont_h": 1.67,
    "충족": "불충족",
    "원인": "대교",
    "회복_대교": 1.0,
    "회복_시범": 0.17,
    "회복_화랑": 0.0
   }
  },
  {
   "type": "Feature",
   "geometry": {
    "type": "Point",
    "coordinates": [
     194117.88,
     547245.571
    ]
   },
   "properties": {
    "pid": "여의도고등학교 운동장-53",
    "school": "여의도고등학교",
    "jibun": "30-1",
    "kind": "운동장 지반",
    "dong": "여의도고등학교 운동장",
    "floor": 0,
    "source": "배치도 경계(래스터 계측) + 분석지점도 격자",
    "total_h": 3.0,
    "cont_h": 1.83,
    "충족": "불충족",
    "원인": "복합(2개 이상)",
    "회복_대교": 0.33,
    "회복_시범": 0.33,
    "회복_화랑": 0.0
   }
  },
  {
   "type": "Feature",
   "geometry": {
    "type": "Point",
    "coordinates": [
     194334.695,
     547144.621
    ]
   },
   "properties": {
    "pid": "본관(5층) 1층-19",
    "school": "여의도중학교",
    "jibun": "40-1",
    "kind": "교사동 창면",
    "dong": "본관(5층)",
    "floor": 1,
    "source": "도면기준",
    "total_h": 1.83,
    "cont_h": 1.33,
    "충족": "불충족",
    "원인": "복합(2개 이상)",
    "회복_대교": 0.5,
    "회복_시범": 0.67,
    "회복_화랑": 0.0
   }
  },
  {
   "type": "Feature",
   "geometry": {
    "type": "Point",
    "coordinates": [
     194336.97,
     547141.83
    ]
   },
   "properties": {
    "pid": "본관(5층) 1층-20",
    "school": "여의도중학교",
    "jibun": "40-1",
    "kind": "교사동 창면",
    "dong": "본관(5층)",
    "floor": 1,
    "source": "도면기준",
    "total_h": 1.5,
    "cont_h": 1.17,
    "충족": "불충족",
    "원인": "시범",
    "회복_대교": 0.17,
    "회복_시범": 0.67,
    "회복_화랑": 0.0
   }
  },
  {
   "type": "Feature",
   "geometry": {
    "type": "Point",
    "coordinates": [
     194340.382,
     547137.644
    ]
   },
   "properties": {
    "pid": "본관(5층) 1층-21",
    "school": "여의도중학교",
    "jibun": "40-1",
    "kind": "교사동 창면",
    "dong": "본관(5층)",
    "floor": 1,
    "source": "도면기준",
    "total_h": 1.33,
    "cont_h": 1.33,
    "충족": "불충족",
    "원인": "시범",
    "회복_대교": 0.0,
    "회복_시범": 0.67,
    "회복_화랑": 0.0
   }
  },
  {
   "type": "Feature",
   "geometry": {
    "type": "Point",
    "coordinates": [
     194342.656,
     547134.854
    ]
   },
   "properties": {
    "pid": "본관(5층) 1층-22",
    "school": "여의도중학교",
    "jibun": "40-1",
    "kind": "교사동 창면",
    "dong": "본관(5층)",
    "floor": 1,
    "source": "도면기준",
    "total_h": 1.5,
    "cont_h": 1.5,
    "충족": "불충족",
    "원인": "시범",
    "회복_대교": 0.0,
    "회복_시범": 0.67,
    "회복_화랑": 0.0
   }
  },
  {
   "type": "Feature",
   "geometry": {
    "type": "Point",
    "coordinates": [
     194346.068,
     547130.668
    ]
   },
   "properties": {
    "pid": "본관(5층) 1층-23",
    "school": "여의도중학교",
    "jibun": "40-1",
    "kind": "교사동 창면",
    "dong": "본관(5층)",
    "floor": 1,
    "source": "도면기준",
    "total_h": 1.67,
    "cont_h": 1.67,
    "충족": "불충족",
    "원인": "시범",
    "회복_대교": 0.0,
    "회복_시범": 0.66,
    "회복_화랑": 0.0
   }
  },
  {
   "type": "Feature",
   "geometry": {
    "type": "Point",
    "coordinates": [
     194314.245,
     547109.46
    ]
   },
   "properties": {
    "pid": "체육관동(정보화센타) 1층-1",
    "school": "여의도중학교",
    "jibun": "40-1",
    "kind": "교사동 창면",
    "dong": "체육관동(정보화센타)",
    "floor": 1,
    "source": "도면기준",
    "total_h": 0.0,
    "cont_h": 0.0,
    "충족": "불충족",
    "원인": "기타/자체형상",
    "회복_대교": 0.0,
    "회복_시범": 0.0,
    "회복_화랑": 0.0
   }
  },
  {
   "type": "Feature",
   "geometry": {
    "type": "Point",
    "coordinates": [
     194314.245,
     547109.46
    ]
   },
   "properties": {
    "pid": "체육관동(정보화센타) 2층-1",
    "school": "여의도중학교",
    "jibun": "40-1",
    "kind": "교사동 창면",
    "dong": "체육관동(정보화센타)",
    "floor": 2,
    "source": "도면기준",
    "total_h": 0.17,
    "cont_h": 0.17,
    "충족": "불충족",
    "원인": "기타/자체형상",
    "회복_대교": 0.0,
    "회복_시범": 0.0,
    "회복_화랑": 0.0
   }
  },
  {
   "type": "Feature",
   "geometry": {
    "type": "Point",
    "coordinates": [
     194314.245,
     547109.46
    ]
   },
   "properties": {
    "pid": "체육관동(정보화센타) 3층-1",
    "school": "여의도중학교",
    "jibun": "40-1",
    "kind": "교사동 창면",
    "dong": "체육관동(정보화센타)",
    "floor": 3,
    "source": "도면기준",
    "total_h": 1.67,
    "cont_h": 1.67,
    "충족": "불충족",
    "원인": "대교",
    "회복_대교": 0.33,
    "회복_시범": 0.0,
    "회복_화랑": 0.0
   }
  },
  {
   "type": "Feature",
   "geometry": {
    "type": "Point",
    "coordinates": [
     194314.245,
     547109.46
    ]
   },
   "properties": {
    "pid": "체육관동(정보화센타) 4층-1",
    "school": "여의도중학교",
    "jibun": "40-1",
    "kind": "교사동 창면",
    "dong": "체육관동(정보화센타)",
    "floor": 4,
    "source": "도면기준",
    "total_h": 2.5,
    "cont_h": 1.67,
    "충족": "불충족",
    "원인": "대교",
    "회복_대교": 1.33,
    "회복_시범": 0.0,
    "회복_화랑": 0.0
   }
  },
  {
   "type": "Feature",
   "geometry": {
    "type": "Point",
    "coordinates": [
     194314.754,
     547105.787
    ]
   },
   "properties": {
    "pid": "체육관동(정보화센타) 1층-2",
    "school": "여의도중학교",
    "jibun": "40-1",
    "kind": "교사동 창면",
    "dong": "체육관동(정보화센타)",
    "floor": 1,
    "source": "도면기준",
    "total_h": 0.0,
    "cont_h": 0.0,
    "충족": "불충족",
    "원인": "기타/자체형상",
    "회복_대교": 0.0,
    "회복_시범": 0.0,
    "회복_화랑": 0.0
   }
  },
  {
   "type": "Feature",
   "geometry": {
    "type": "Point",
    "coordinates": [
     194314.754,
     547105.787
    ]
   },
   "properties": {
    "pid": "체육관동(정보화센타) 2층-2",
    "school": "여의도중학교",
    "jibun": "40-1",
    "kind": "교사동 창면",
    "dong": "체육관동(정보화센타)",
    "floor": 2,
    "source": "도면기준",
    "total_h": 0.83,
    "cont_h": 0.83,
    "충족": "불충족",
    "원인": "기타/자체형상",
    "회복_대교": 0.0,
    "회복_시범": 0.0,
    "회복_화랑": 0.0
   }
  },
  {
   "type": "Feature",
   "geometry": {
    "type": "Point",
    "coordinates": [
     194317.097,
     547100.721
    ]
   },
   "properties": {
    "pid": "체육관동(정보화센타) 1층-3",
    "school": "여의도중학교",
    "jibun": "40-1",
    "kind": "교사동 창면",
    "dong": "체육관동(정보화센타)",
    "floor": 1,
    "source": "도면기준",
    "total_h": 0.0,
    "cont_h": 0.0,
    "충족": "불충족",
    "원인": "기타/자체형상",
    "회복_대교": 0.0,
    "회복_시범": 0.0,
    "회복_화랑": 0.0
   }
  },
  {
   "type": "Feature",
   "geometry": {
    "type": "Point",
    "coordinates": [
     194317.097,
     547100.721
    ]
   },
   "properties": {
    "pid": "체육관동(정보화센타) 2층-3",
    "school": "여의도중학교",
    "jibun": "40-1",
    "kind": "교사동 창면",
    "dong": "체육관동(정보화센타)",
    "floor": 2,
    "source": "도면기준",
    "total_h": 0.83,
    "cont_h": 0.83,
    "충족": "불충족",
    "원인": "기타/자체형상",
    "회복_대교": 0.0,
    "회복_시범": 0.0,
    "회복_화랑": 0.0
   }
  },
  {
   "type": "Feature",
   "geometry": {
    "type": "Point",
    "coordinates": [
     194319.963,
     547098.543
    ]
   },
   "properties": {
    "pid": "체육관동(정보화센타) 1층-4",
    "school": "여의도중학교",
    "jibun": "40-1",
    "kind": "교사동 창면",
    "dong": "체육관동(정보화센타)",
    "floor": 1,
    "source": "도면기준",
    "total_h": 0.0,
    "cont_h": 0.0,
    "충족": "불충족",
    "원인": "기타/자체형상",
    "회복_대교": 0.0,
    "회복_시범": 0.0,
    "회복_화랑": 0.0
   }
  },
  {
   "type": "Feature",
   "geometry": {
    "type": "Point",
    "coordinates": [
     194319.963,
     547098.543
    ]
   },
   "properties": {
    "pid": "체육관동(정보화센타) 2층-4",
    "school": "여의도중학교",
    "jibun": "40-1",
    "kind": "교사동 창면",
    "dong": "체육관동(정보화센타)",
    "floor": 2,
    "source": "도면기준",
    "total_h": 0.5,
    "cont_h": 0.5,
    "충족": "불충족",
    "원인": "기타/자체형상",
    "회복_대교": 0.0,
    "회복_시범": 0.0,
    "회복_화랑": 0.0
   }
  },
  {
   "type": "Feature",
   "geometry": {
    "type": "Point",
    "coordinates": [
     194324.935,
     547096.256
    ]
   },
   "properties": {
    "pid": "체육관동(정보화센타) 1층-5",
    "school": "여의도중학교",
    "jibun": "40-1",
    "kind": "교사동 창면",
    "dong": "체육관동(정보화센타)",
    "floor": 1,
    "source": "도면기준",
    "total_h": 0.0,
    "cont_h": 0.0,
    "충족": "불충족",
    "원인": "기타/자체형상",
    "회복_대교": 0.0,
    "회복_시범": 0.0,
    "회복_화랑": 0.0
   }
  },
  {
   "type": "Feature",
   "geometry": {
    "type": "Point",
    "coordinates": [
     194324.935,
     547096.256
    ]
   },
   "properties": {
    "pid": "체육관동(정보화센타) 2층-5",
    "school": "여의도중학교",
    "jibun": "40-1",
    "kind": "교사동 창면",
    "dong": "체육관동(정보화센타)",
    "floor": 2,
    "source": "도면기준",
    "total_h": 0.5,
    "cont_h": 0.5,
    "충족": "불충족",
    "원인": "기타/자체형상",
    "회복_대교": 0.0,
    "회복_시범": 0.0,
    "회복_화랑": 0.0
   }
  },
  {
   "type": "Feature",
   "geometry": {
    "type": "Point",
    "coordinates": [
     194328.607,
     547095.834
    ]
   },
   "properties": {
    "pid": "체육관동(정보화센타) 1층-6",
    "school": "여의도중학교",
    "jibun": "40-1",
    "kind": "교사동 창면",
    "dong": "체육관동(정보화센타)",
    "floor": 1,
    "source": "도면기준",
    "total_h": 0.0,
    "cont_h": 0.0,
    "충족": "불충족",
    "원인": "기타/자체형상",
    "회복_대교": 0.0,
    "회복_시범": 0.0,
    "회복_화랑": 0.0
   }
  },
  {
   "type": "Feature",
   "geometry": {
    "type": "Point",
    "coordinates": [
     194328.607,
     547095.834
    ]
   },
   "properties": {
    "pid": "체육관동(정보화센타) 2층-6",
    "school": "여의도중학교",
    "jibun": "40-1",
    "kind": "교사동 창면",
    "dong": "체육관동(정보화센타)",
    "floor": 2,
    "source": "도면기준",
    "total_h": 0.17,
    "cont_h": 0.17,
    "충족": "불충족",
    "원인": "기타/자체형상",
    "회복_대교": 0.0,
    "회복_시범": 0.0,
    "회복_화랑": 0.0
   }
  },
  {
   "type": "Feature",
   "geometry": {
    "type": "Point",
    "coordinates": [
     194330.926,
     547090.868
    ]
   },
   "properties": {
    "pid": "체육관동(정보화센타) 1층-7",
    "school": "여의도중학교",
    "jibun": "40-1",
    "kind": "교사동 창면",
    "dong": "체육관동(정보화센타)",
    "floor": 1,
    "source": "도면기준",
    "total_h": 0.0,
    "cont_h": 0.0,
    "충족": "불충족",
    "원인": "기타/자체형상",
    "회복_대교": 0.0,
    "회복_시범": 0.0,
    "회복_화랑": 0.0
   }
  },
  {
   "type": "Feature",
   "geometry": {
    "type": "Point",
    "coordinates": [
     194330.926,
     547090.868
    ]
   },
   "properties": {
    "pid": "체육관동(정보화센타) 2층-7",
    "school": "여의도중학교",
    "jibun": "40-1",
    "kind": "교사동 창면",
    "dong": "체육관동(정보화센타)",
    "floor": 2,
    "source": "도면기준",
    "total_h": 0.0,
    "cont_h": 0.0,
    "충족": "불충족",
    "원인": "기타/자체형상",
    "회복_대교": 0.0,
    "회복_시범": 0.0,
    "회복_화랑": 0.0
   }
  },
  {
   "type": "Feature",
   "geometry": {
    "type": "Point",
    "coordinates": [
     194330.926,
     547090.868
    ]
   },
   "properties": {
    "pid": "체육관동(정보화센타) 3층-7",
    "school": "여의도중학교",
    "jibun": "40-1",
    "kind": "교사동 창면",
    "dong": "체육관동(정보화센타)",
    "floor": 3,
    "source": "도면기준",
    "total_h": 0.83,
    "cont_h": 0.83,
    "충족": "불충족",
    "원인": "대교",
    "회복_대교": 0.34,
    "회복_시범": 0.0,
    "회복_화랑": 0.0
   }
  },
  {
   "type": "Feature",
   "geometry": {
    "type": "Point",
    "coordinates": [
     194330.926,
     547090.868
    ]
   },
   "properties": {
    "pid": "체육관동(정보화센타) 4층-7",
    "school": "여의도중학교",
    "jibun": "40-1",
    "kind": "교사동 창면",
    "dong": "체육관동(정보화센타)",
    "floor": 4,
    "source": "도면기준",
    "total_h": 2.33,
    "cont_h": 1.83,
    "충족": "불충족",
    "원인": "대교",
    "회복_대교": 1.17,
    "회복_시범": 0.0,
    "회복_화랑": 0.0
   }
  },
  {
   "type": "Feature",
   "geometry": {
    "type": "Point",
    "coordinates": [
     194331.388,
     547087.252
    ]
   },
   "properties": {
    "pid": "체육관동(정보화센타) 1층-8",
    "school": "여의도중학교",
    "jibun": "40-1",
    "kind": "교사동 창면",
    "dong": "체육관동(정보화센타)",
    "floor": 1,
    "source": "도면기준",
    "total_h": 0.0,
    "cont_h": 0.0,
    "충족": "불충족",
    "원인": "기타/자체형상",
    "회복_대교": 0.0,
    "회복_시범": 0.0,
    "회복_화랑": 0.0
   }
  },
  {
   "type": "Feature",
   "geometry": {
    "type": "Point",
    "coordinates": [
     194331.388,
     547087.252
    ]
   },
   "properties": {
    "pid": "체육관동(정보화센타) 2층-8",
    "school": "여의도중학교",
    "jibun": "40-1",
    "kind": "교사동 창면",
    "dong": "체육관동(정보화센타)",
    "floor": 2,
    "source": "도면기준",
    "total_h": 0.0,
    "cont_h": 0.0,
    "충족": "불충족",
    "원인": "기타/자체형상",
    "회복_대교": 0.0,
    "회복_시범": 0.0,
    "회복_화랑": 0.0
   }
  },
  {
   "type": "Feature",
   "geometry": {
    "type": "Point",
    "coordinates": [
     194331.388,
     547087.252
    ]
   },
   "properties": {
    "pid": "체육관동(정보화센타) 3층-8",
    "school": "여의도중학교",
    "jibun": "40-1",
    "kind": "교사동 창면",
    "dong": "체육관동(정보화센타)",
    "floor": 3,
    "source": "도면기준",
    "total_h": 0.0,
    "cont_h": 0.0,
    "충족": "불충족",
    "원인": "대교",
    "회복_대교": 0.33,
    "회복_시범": 0.0,
    "회복_화랑": 0.0
   }
  },
  {
   "type": "Feature",
   "geometry": {
    "type": "Point",
    "coordinates": [
     194331.388,
     547087.252
    ]
   },
   "properties": {
    "pid": "체육관동(정보화센타) 4층-8",
    "school": "여의도중학교",
    "jibun": "40-1",
    "kind": "교사동 창면",
    "dong": "체육관동(정보화센타)",
    "floor": 4,
    "source": "도면기준",
    "total_h": 2.0,
    "cont_h": 1.5,
    "충족": "불충족",
    "원인": "대교",
    "회복_대교": 1.0,
    "회복_시범": 0.0,
    "회복_화랑": 0.0
   }
  },
  {
   "type": "Feature",
   "geometry": {
    "type": "Point",
    "coordinates": [
     194310.094,
     547062.962
    ]
   },
   "properties": {
    "pid": "체육관동(정보화센타) 1층-9",
    "school": "여의도중학교",
    "jibun": "40-1",
    "kind": "교사동 창면",
    "dong": "체육관동(정보화센타)",
    "floor": 1,
    "source": "도면기준",
    "total_h": 1.5,
    "cont_h": 1.5,
    "충족": "불충족",
    "원인": "화랑(현상태)",
    "회복_대교": 0.0,
    "회복_시범": 0.0,
    "회복_화랑": 0.5
   }
  },
  {
   "type": "Feature",
   "geometry": {
    "type": "Point",
    "coordinates": [
     194312.392,
     547060.191
    ]
   },
   "properties": {
    "pid": "체육관동(정보화센타) 1층-10",
    "school": "여의도중학교",
    "jibun": "40-1",
    "kind": "교사동 창면",
    "dong": "체육관동(정보화센타)",
    "floor": 1,
    "source": "도면기준",
    "total_h": 1.5,
    "cont_h": 1.5,
    "충족": "불충족",
    "원인": "화랑(현상태)",
    "회복_대교": 0.0,
    "회복_시범": 0.0,
    "회복_화랑": 0.5
   }
  },
  {
   "type": "Feature",
   "geometry": {
    "type": "Point",
    "coordinates": [
     194312.392,
     547060.191
    ]
   },
   "properties": {
    "pid": "체육관동(정보화센타) 2층-10",
    "school": "여의도중학교",
    "jibun": "40-1",
    "kind": "교사동 창면",
    "dong": "체육관동(정보화센타)",
    "floor": 2,
    "source": "도면기준",
    "total_h": 3.0,
    "cont_h": 1.67,
    "충족": "불충족",
    "원인": "화랑(현상태)",
    "회복_대교": 0.0,
    "회복_시범": 0.0,
    "회복_화랑": 0.17
   }
  },
  {
   "type": "Feature",
   "geometry": {
    "type": "Point",
    "coordinates": [
     194315.838,
     547056.033
    ]
   },
   "properties": {
    "pid": "체육관동(정보화센타) 1층-11",
    "school": "여의도중학교",
    "jibun": "40-1",
    "kind": "교사동 창면",
    "dong": "체육관동(정보화센타)",
    "floor": 1,
    "source": "도면기준",
    "total_h": 1.5,
    "cont_h": 1.5,
    "충족": "불충족",
    "원인": "화랑(현상태)",
    "회복_대교": 0.0,
    "회복_시범": 0.0,
    "회복_화랑": 0.5
   }
  },
  {
   "type": "Feature",
   "geometry": {
    "type": "Point",
    "coordinates": [
     194315.838,
     547056.033
    ]
   },
   "properties": {
    "pid": "체육관동(정보화센타) 2층-11",
    "school": "여의도중학교",
    "jibun": "40-1",
    "kind": "교사동 창면",
    "dong": "체육관동(정보화센타)",
    "floor": 2,
    "source": "도면기준",
    "total_h": 2.83,
    "cont_h": 1.83,
    "충족": "불충족",
    "원인": "화랑(현상태)",
    "회복_대교": 0.0,
    "회복_시범": 0.0,
    "회복_화랑": 0.5
   }
  },
  {
   "type": "Feature",
   "geometry": {
    "type": "Point",
    "coordinates": [
     194288.596,
     547091.467
    ]
   },
   "properties": {
    "pid": "체육관동 부속(원형부) 1층-1",
    "school": "여의도중학교",
    "jibun": "40-1",
    "kind": "교사동 창면",
    "dong": "체육관동 부속(원형부)",
    "floor": 1,
    "source": "도면기준",
    "total_h": 0.0,
    "cont_h": 0.0,
    "충족": "불충족",
    "원인": "기타/자체형상",
    "회복_대교": 0.0,
    "회복_시범": 0.0,
    "회복_화랑": 0.0
   }
  },
  {
   "type": "Feature",
   "geometry": {
    "type": "Point",
    "coordinates": [
     194288.596,
     547091.467
    ]
   },
   "properties": {
    "pid": "체육관동 부속(원형부) 2층-1",
    "school": "여의도중학교",
    "jibun": "40-1",
    "kind": "교사동 창면",
    "dong": "체육관동 부속(원형부)",
    "floor": 2,
    "source": "도면기준",
    "total_h": 0.5,
    "cont_h": 0.5,
    "충족": "불충족",
    "원인": "기타/자체형상",
    "회복_대교": 0.0,
    "회복_시범": 0.0,
    "회복_화랑": 0.0
   }
  },
  {
   "type": "Feature",
   "geometry": {
    "type": "Point",
    "coordinates": [
     194288.596,
     547091.467
    ]
   },
   "properties": {
    "pid": "체육관동 부속(원형부) 3층-1",
    "school": "여의도중학교",
    "jibun": "40-1",
    "kind": "교사동 창면",
    "dong": "체육관동 부속(원형부)",
    "floor": 3,
    "source": "도면기준",
    "total_h": 1.33,
    "cont_h": 1.33,
    "충족": "불충족",
    "원인": "기타/자체형상",
    "회복_대교": 0.0,
    "회복_시범": 0.0,
    "회복_화랑": 0.0
   }
  },
  {
   "type": "Feature",
   "geometry": {
    "type": "Point",
    "coordinates": [
     194288.596,
     547091.467
    ]
   },
   "properties": {
    "pid": "체육관동 부속(원형부) 4층-1",
    "school": "여의도중학교",
    "jibun": "40-1",
    "kind": "교사동 창면",
    "dong": "체육관동 부속(원형부)",
    "floor": 4,
    "source": "도면기준",
    "total_h": 1.5,
    "cont_h": 1.5,
    "충족": "불충족",
    "원인": "대교",
    "회복_대교": 0.67,
    "회복_시범": 0.0,
    "회복_화랑": 0.0
   }
  },
  {
   "type": "Feature",
   "geometry": {
    "type": "Point",
    "coordinates": [
     194289.547,
     547087.932
    ]
   },
   "properties": {
    "pid": "체육관동 부속(원형부) 1층-2",
    "school": "여의도중학교",
    "jibun": "40-1",
    "kind": "교사동 창면",
    "dong": "체육관동 부속(원형부)",
    "floor": 1,
    "source": "도면기준",
    "total_h": 0.67,
    "cont_h": 0.67,
    "충족": "불충족",
    "원인": "기타/자체형상",
    "회복_대교": 0.0,
    "회복_시범": 0.0,
    "회복_화랑": 0.0
   }
  },
  {
   "type": "Feature",
   "geometry": {
    "type": "Point",
    "coordinates": [
     194289.547,
     547087.932
    ]
   },
   "properties": {
    "pid": "체육관동 부속(원형부) 2층-2",
    "school": "여의도중학교",
    "jibun": "40-1",
    "kind": "교사동 창면",
    "dong": "체육관동 부속(원형부)",
    "floor": 2,
    "source": "도면기준",
    "total_h": 1.0,
    "cont_h": 1.0,
    "충족": "불충족",
    "원인": "기타/자체형상",
    "회복_대교": 0.0,
    "회복_시범": 0.0,
    "회복_화랑": 0.0
   }
  },
  {
   "type": "Feature",
   "geometry": {
    "type": "Point",
    "coordinates": [
     194289.547,
     547087.932
    ]
   },
   "properties": {
    "pid": "체육관동 부속(원형부) 3층-2",
    "school": "여의도중학교",
    "jibun": "40-1",
    "kind": "교사동 창면",
    "dong": "체육관동 부속(원형부)",
    "floor": 3,
    "source": "도면기준",
    "total_h": 1.83,
    "cont_h": 1.83,
    "충족": "불충족",
    "원인": "기타/자체형상",
    "회복_대교": 0.0,
    "회복_시범": 0.0,
    "회복_화랑": 0.0
   }
  },
  {
   "type": "Feature",
   "geometry": {
    "type": "Point",
    "coordinates": [
     194291.882,
     547083.014
    ]
   },
   "properties": {
    "pid": "체육관동 부속(원형부) 1층-3",
    "school": "여의도중학교",
    "jibun": "40-1",
    "kind": "교사동 창면",
    "dong": "체육관동 부속(원형부)",
    "floor": 1,
    "source": "도면기준",
    "total_h": 1.5,
    "cont_h": 1.5,
    "충족": "불충족",
    "원인": "기타/자체형상",
    "회복_대교": 0.0,
    "회복_시범": 0.0,
    "회복_화랑": 0.0
   }
  },
  {
   "type": "Feature",
   "geometry": {
    "type": "Point",
    "coordinates": [
     194291.882,
     547083.014
    ]
   },
   "properties": {
    "pid": "체육관동 부속(원형부) 2층-3",
    "school": "여의도중학교",
    "jibun": "40-1",
    "kind": "교사동 창면",
    "dong": "체육관동 부속(원형부)",
    "floor": 2,
    "source": "도면기준",
    "total_h": 1.5,
    "cont_h": 1.5,
    "충족": "불충족",
    "원인": "기타/자체형상",
    "회복_대교": 0.0,
    "회복_시범": 0.0,
    "회복_화랑": 0.0
   }
  },
  {
   "type": "Feature",
   "geometry": {
    "type": "Point",
    "coordinates": [
     194303.062,
     547068.843
    ]
   },
   "properties": {
    "pid": "체육관동 부속(원형부) 1층-7",
    "school": "여의도중학교",
    "jibun": "40-1",
    "kind": "교사동 창면",
    "dong": "체육관동 부속(원형부)",
    "floor": 1,
    "source": "도면기준",
    "total_h": 2.33,
    "cont_h": 1.17,
    "충족": "불충족",
    "원인": "화랑(현상태)",
    "회복_대교": 0.0,
    "회복_시범": 0.0,
    "회복_화랑": 0.17
   }
  },
  {
   "type": "Feature",
   "geometry": {
    "type": "Point",
    "coordinates": [
     194305.335,
     547066.051
    ]
   },
   "properties": {
    "pid": "체육관동 부속(원형부) 1층-8",
    "school": "여의도중학교",
    "jibun": "40-1",
    "kind": "교사동 창면",
    "dong": "체육관동 부속(원형부)",
    "floor": 1,
    "source": "도면기준",
    "total_h": 1.5,
    "cont_h": 1.17,
    "충족": "불충족",
    "원인": "화랑(현상태)",
    "회복_대교": 0.0,
    "회복_시범": 0.0,
    "회복_화랑": 0.33
   }
  },
  {
   "type": "Feature",
   "geometry": {
    "type": "Point",
    "coordinates": [
     194310.018,
     547068.712
    ]
   },
   "properties": {
    "pid": "체육관동 부속(원형부) 1층-9",
    "school": "여의도중학교",
    "jibun": "40-1",
    "kind": "교사동 창면",
    "dong": "체육관동 부속(원형부)",
    "floor": 1,
    "source": "도면기준",
    "total_h": 0.67,
    "cont_h": 0.67,
    "충족": "불충족",
    "원인": "기타/자체형상",
    "회복_대교": 0.0,
    "회복_시범": 0.0,
    "회복_화랑": 0.0
   }
  },
  {
   "type": "Feature",
   "geometry": {
    "type": "Point",
    "coordinates": [
     194310.018,
     547068.712
    ]
   },
   "properties": {
    "pid": "체육관동 부속(원형부) 2층-9",
    "school": "여의도중학교",
    "jibun": "40-1",
    "kind": "교사동 창면",
    "dong": "체육관동 부속(원형부)",
    "floor": 2,
    "source": "도면기준",
    "total_h": 0.83,
    "cont_h": 0.83,
    "충족": "불충족",
    "원인": "기타/자체형상",
    "회복_대교": 0.0,
    "회복_시범": 0.0,
    "회복_화랑": 0.0
   }
  },
  {
   "type": "Feature",
   "geometry": {
    "type": "Point",
    "coordinates": [
     194310.018,
     547068.712
    ]
   },
   "properties": {
    "pid": "체육관동 부속(원형부) 3층-9",
    "school": "여의도중학교",
    "jibun": "40-1",
    "kind": "교사동 창면",
    "dong": "체육관동 부속(원형부)",
    "floor": 3,
    "source": "도면기준",
    "total_h": 1.0,
    "cont_h": 1.0,
    "충족": "불충족",
    "원인": "대교",
    "회복_대교": 0.33,
    "회복_시범": 0.0,
    "회복_화랑": 0.0
   }
  },
  {
   "type": "Feature",
   "geometry": {
    "type": "Point",
    "coordinates": [
     194310.018,
     547068.712
    ]
   },
   "properties": {
    "pid": "체육관동 부속(원형부) 4층-9",
    "school": "여의도중학교",
    "jibun": "40-1",
    "kind": "교사동 창면",
    "dong": "체육관동 부속(원형부)",
    "floor": 4,
    "source": "도면기준",
    "total_h": 1.33,
    "cont_h": 1.0,
    "충족": "불충족",
    "원인": "대교",
    "회복_대교": 0.84,
    "회복_시범": 0.0,
    "회복_화랑": 0.0
   }
  },
  {
   "type": "Feature",
   "geometry": {
    "type": "Point",
    "coordinates": [
     194312.812,
     547070.982
    ]
   },
   "properties": {
    "pid": "체육관동 부속(원형부) 1층-10",
    "school": "여의도중학교",
    "jibun": "40-1",
    "kind": "교사동 창면",
    "dong": "체육관동 부속(원형부)",
    "floor": 1,
    "source": "도면기준",
    "total_h": 0.0,
    "cont_h": 0.0,
    "충족": "불충족",
    "원인": "기타/자체형상",
    "회복_대교": 0.0,
    "회복_시범": 0.0,
    "회복_화랑": 0.0
   }
  },
  {
   "type": "Feature",
   "geometry": {
    "type": "Point",
    "coordinates": [
     194312.812,
     547070.982
    ]
   },
   "properties": {
    "pid": "체육관동 부속(원형부) 2층-10",
    "school": "여의도중학교",
    "jibun": "40-1",
    "kind": "교사동 창면",
    "dong": "체육관동 부속(원형부)",
    "floor": 2,
    "source": "도면기준",
    "total_h": 0.0,
    "cont_h": 0.0,
    "충족": "불충족",
    "원인": "기타/자체형상",
    "회복_대교": 0.0,
    "회복_시범": 0.0,
    "회복_화랑": 0.0
   }
  },
  {
   "type": "Feature",
   "geometry": {
    "type": "Point",
    "coordinates": [
     194312.812,
     547070.982
    ]
   },
   "properties": {
    "pid": "체육관동 부속(원형부) 3층-10",
    "school": "여의도중학교",
    "jibun": "40-1",
    "kind": "교사동 창면",
    "dong": "체육관동 부속(원형부)",
    "floor": 3,
    "source": "도면기준",
    "total_h": 0.0,
    "cont_h": 0.0,
    "충족": "불충족",
    "원인": "대교",
    "회복_대교": 0.33,
    "회복_시범": 0.0,
    "회복_화랑": 0.0
   }
  },
  {
   "type": "Feature",
   "geometry": {
    "type": "Point",
    "coordinates": [
     194312.812,
     547070.982
    ]
   },
   "properties": {
    "pid": "체육관동 부속(원형부) 4층-10",
    "school": "여의도중학교",
    "jibun": "40-1",
    "kind": "교사동 창면",
    "dong": "체육관동 부속(원형부)",
    "floor": 4,
    "source": "도면기준",
    "total_h": 0.5,
    "cont_h": 0.5,
    "충족": "불충족",
    "원인": "대교",
    "회복_대교": 0.83,
    "회복_시범": 0.0,
    "회복_화랑": 0.0
   }
  },
  {
   "type": "Feature",
   "geometry": {
    "type": "Point",
    "coordinates": [
     194317.004,
     547074.386
    ]
   },
   "properties": {
    "pid": "체육관동 부속(원형부) 1층-11",
    "school": "여의도중학교",
    "jibun": "40-1",
    "kind": "교사동 창면",
    "dong": "체육관동 부속(원형부)",
    "floor": 1,
    "source": "도면기준",
    "total_h": 0.0,
    "cont_h": 0.0,
    "충족": "불충족",
    "원인": "기타/자체형상",
    "회복_대교": 0.0,
    "회복_시범": 0.0,
    "회복_화랑": 0.0
   }
  },
  {
   "type": "Feature",
   "geometry": {
    "type": "Point",
    "coordinates": [
     194317.004,
     547074.386
    ]
   },
   "properties": {
    "pid": "체육관동 부속(원형부) 2층-11",
    "school": "여의도중학교",
    "jibun": "40-1",
    "kind": "교사동 창면",
    "dong": "체육관동 부속(원형부)",
    "floor": 2,
    "source": "도면기준",
    "total_h": 0.0,
    "cont_h": 0.0,
    "충족": "불충족",
    "원인": "기타/자체형상",
    "회복_대교": 0.0,
    "회복_시범": 0.0,
    "회복_화랑": 0.0
   }
  },
  {
   "type": "Feature",
   "geometry": {
    "type": "Point",
    "coordinates": [
     194317.004,
     547074.386
    ]
   },
   "properties": {
    "pid": "체육관동 부속(원형부) 3층-11",
    "school": "여의도중학교",
    "jibun": "40-1",
    "kind": "교사동 창면",
    "dong": "체육관동 부속(원형부)",
    "floor": 3,
    "source": "도면기준",
    "total_h": 0.0,
    "cont_h": 0.0,
    "충족": "불충족",
    "원인": "기타/자체형상",
    "회복_대교": 0.0,
    "회복_시범": 0.0,
    "회복_화랑": 0.0
   }
  },
  {
   "type": "Feature",
   "geometry": {
    "type": "Point",
    "coordinates": [
     194317.004,
     547074.386
    ]
   },
   "properties": {
    "pid": "체육관동 부속(원형부) 4층-11",
    "school": "여의도중학교",
    "jibun": "40-1",
    "kind": "교사동 창면",
    "dong": "체육관동 부속(원형부)",
    "floor": 4,
    "source": "도면기준",
    "total_h": 0.5,
    "cont_h": 0.5,
    "충족": "불충족",
    "원인": "대교",
    "회복_대교": 0.83,
    "회복_시범": 0.0,
    "회복_화랑": 0.0
   }
  },
  {
   "type": "Feature",
   "geometry": {
    "type": "Point",
    "coordinates": [
     194319.798,
     547076.656
    ]
   },
   "properties": {
    "pid": "체육관동 부속(원형부) 1층-12",
    "school": "여의도중학교",
    "jibun": "40-1",
    "kind": "교사동 창면",
    "dong": "체육관동 부속(원형부)",
    "floor": 1,
    "source": "도면기준",
    "total_h": 0.0,
    "cont_h": 0.0,
    "충족": "불충족",
    "원인": "기타/자체형상",
    "회복_대교": 0.0,
    "회복_시범": 0.0,
    "회복_화랑": 0.0
   }
  },
  {
   "type": "Feature",
   "geometry": {
    "type": "Point",
    "coordinates": [
     194319.798,
     547076.656
    ]
   },
   "properties": {
    "pid": "체육관동 부속(원형부) 2층-12",
    "school": "여의도중학교",
    "jibun": "40-1",
    "kind": "교사동 창면",
    "dong": "체육관동 부속(원형부)",
    "floor": 2,
    "source": "도면기준",
    "total_h": 0.0,
    "cont_h": 0.0,
    "충족": "불충족",
    "원인": "기타/자체형상",
    "회복_대교": 0.0,
    "회복_시범": 0.0,
    "회복_화랑": 0.0
   }
  },
  {
   "type": "Feature",
   "geometry": {
    "type": "Point",
    "coordinates": [
     194319.798,
     547076.656
    ]
   },
   "properties": {
    "pid": "체육관동 부속(원형부) 3층-12",
    "school": "여의도중학교",
    "jibun": "40-1",
    "kind": "교사동 창면",
    "dong": "체육관동 부속(원형부)",
    "floor": 3,
    "source": "도면기준",
    "total_h": 0.17,
    "cont_h": 0.17,
    "충족": "불충족",
    "원인": "기타/자체형상",
    "회복_대교": 0.0,
    "회복_시범": 0.0,
    "회복_화랑": 0.0
   }
  },
  {
   "type": "Feature",
   "geometry": {
    "type": "Point",
    "coordinates": [
     194319.798,
     547076.656
    ]
   },
   "properties": {
    "pid": "체육관동 부속(원형부) 4층-12",
    "school": "여의도중학교",
    "jibun": "40-1",
    "kind": "교사동 창면",
    "dong": "체육관동 부속(원형부)",
    "floor": 4,
    "source": "도면기준",
    "total_h": 0.5,
    "cont_h": 0.5,
    "충족": "불충족",
    "원인": "대교",
    "회복_대교": 0.67,
    "회복_시범": 0.0,
    "회복_화랑": 0.0
   }
  },
  {
   "type": "Feature",
   "geometry": {
    "type": "Point",
    "coordinates": [
     194318.646,
     547130.376
    ]
   },
   "properties": {
    "pid": "여의도중학교 운동장-1",
    "school": "여의도중학교",
    "jibun": "40-1",
    "kind": "운동장 지반",
    "dong": "여의도중학교 운동장",
    "floor": 0,
    "source": "배치도 경계(래스터 계측) + 분석지점도 격자",
    "total_h": 0.5,
    "cont_h": 0.5,
    "충족": "불충족",
    "원인": "대교",
    "회복_대교": 0.17,
    "회복_시범": 0.0,
    "회복_화랑": 0.0
   }
  },
  {
   "type": "Feature",
   "geometry": {
    "type": "Point",
    "coordinates": [
     194313.117,
     547137.453
    ]
   },
   "properties": {
    "pid": "여의도중학교 운동장-2",
    "school": "여의도중학교",
    "jibun": "40-1",
    "kind": "운동장 지반",
    "dong": "여의도중학교 운동장",
    "floor": 0,
    "source": "배치도 경계(래스터 계측) + 분석지점도 격자",
    "total_h": 1.83,
    "cont_h": 1.33,
    "충족": "불충족",
    "원인": "대교",
    "회복_대교": 1.17,
    "회복_시범": 0.0,
    "회복_화랑": 0.0
   }
  },
  {
   "type": "Feature",
   "geometry": {
    "type": "Point",
    "coordinates": [
     194310.526,
     547124.033
    ]
   },
   "properties": {
    "pid": "여의도중학교 운동장-13",
    "school": "여의도중학교",
    "jibun": "40-1",
    "kind": "운동장 지반",
    "dong": "여의도중학교 운동장",
    "floor": 0,
    "source": "배치도 경계(래스터 계측) + 분석지점도 격자",
    "total_h": 0.83,
    "cont_h": 0.83,
    "충족": "불충족",
    "원인": "기타/자체형상",
    "회복_대교": 0.0,
    "회복_시범": 0.0,
    "회복_화랑": 0.0
   }
  },
  {
   "type": "Feature",
   "geometry": {
    "type": "Point",
    "coordinates": [
     194302.407,
     547117.689
    ]
   },
   "properties": {
    "pid": "여의도중학교 운동장-25",
    "school": "여의도중학교",
    "jibun": "40-1",
    "kind": "운동장 지반",
    "dong": "여의도중학교 운동장",
    "floor": 0,
    "source": "배치도 경계(래스터 계측) + 분석지점도 격자",
    "total_h": 0.5,
    "cont_h": 0.5,
    "충족": "불충족",
    "원인": "시범",
    "회복_대교": 0.0,
    "회복_시범": 0.17,
    "회복_화랑": 0.0
   }
  },
  {
   "type": "Feature",
   "geometry": {
    "type": "Point",
    "coordinates": [
     194296.878,
     547124.765
    ]
   },
   "properties": {
    "pid": "여의도중학교 운동장-26",
    "school": "여의도중학교",
    "jibun": "40-1",
    "kind": "운동장 지반",
    "dong": "여의도중학교 운동장",
    "floor": 0,
    "source": "배치도 경계(래스터 계측) + 분석지점도 격자",
    "total_h": 0.5,
    "cont_h": 0.5,
    "충족": "불충족",
    "원인": "대교",
    "회복_대교": 0.67,
    "회복_시범": 0.33,
    "회복_화랑": 0.0
   }
  },
  {
   "type": "Feature",
   "geometry": {
    "type": "Point",
    "coordinates": [
     194294.287,
     547111.345
    ]
   },
   "properties": {
    "pid": "여의도중학교 운동장-38",
    "school": "여의도중학교",
    "jibun": "40-1",
    "kind": "운동장 지반",
    "dong": "여의도중학교 운동장",
    "floor": 0,
    "source": "배치도 경계(래스터 계측) + 분석지점도 격자",
    "total_h": 0.0,
    "cont_h": 0.0,
    "충족": "불충족",
    "원인": "기타/자체형상",
    "회복_대교": 0.0,
    "회복_시범": 0.0,
    "회복_화랑": 0.0
   }
  },
  {
   "type": "Feature",
   "geometry": {
    "type": "Point",
    "coordinates": [
     194288.758,
     547118.421
    ]
   },
   "properties": {
    "pid": "여의도중학교 운동장-39",
    "school": "여의도중학교",
    "jibun": "40-1",
    "kind": "운동장 지반",
    "dong": "여의도중학교 운동장",
    "floor": 0,
    "source": "배치도 경계(래스터 계측) + 분석지점도 격자",
    "total_h": 0.5,
    "cont_h": 0.5,
    "충족": "불충족",
    "원인": "대교",
    "회복_대교": 0.17,
    "회복_시범": 0.0,
    "회복_화랑": 0.0
   }
  },
  {
   "type": "Feature",
   "geometry": {
    "type": "Point",
    "coordinates": [
     194283.23,
     547125.498
    ]
   },
   "properties": {
    "pid": "여의도중학교 운동장-40",
    "school": "여의도중학교",
    "jibun": "40-1",
    "kind": "운동장 지반",
    "dong": "여의도중학교 운동장",
    "floor": 0,
    "source": "배치도 경계(래스터 계측) + 분석지점도 격자",
    "total_h": 1.83,
    "cont_h": 1.33,
    "충족": "불충족",
    "원인": "대교",
    "회복_대교": 0.84,
    "회복_시범": 0.17,
    "회복_화랑": 0.0
   }
  },
  {
   "type": "Feature",
   "geometry": {
    "type": "Point",
    "coordinates": [
     194286.167,
     547105.001
    ]
   },
   "properties": {
    "pid": "여의도중학교 운동장-51",
    "school": "여의도중학교",
    "jibun": "40-1",
    "kind": "운동장 지반",
    "dong": "여의도중학교 운동장",
    "floor": 0,
    "source": "배치도 경계(래스터 계측) + 분석지점도 격자",
    "total_h": 0.83,
    "cont_h": 0.83,
    "충족": "불충족",
    "원인": "기타/자체형상",
    "회복_대교": 0.0,
    "회복_시범": 0.0,
    "회복_화랑": 0.0
   }
  },
  {
   "type": "Feature",
   "geometry": {
    "type": "Point",
    "coordinates": [
     194280.639,
     547112.078
    ]
   },
   "properties": {
    "pid": "여의도중학교 운동장-52",
    "school": "여의도중학교",
    "jibun": "40-1",
    "kind": "운동장 지반",
    "dong": "여의도중학교 운동장",
    "floor": 0,
    "source": "배치도 경계(래스터 계측) + 분석지점도 격자",
    "total_h": 1.17,
    "cont_h": 1.17,
    "충족": "불충족",
    "원인": "대교",
    "회복_대교": 0.16,
    "회복_시범": 0.0,
    "회복_화랑": 0.0
   }
  },
  {
   "type": "Feature",
   "geometry": {
    "type": "Point",
    "coordinates": [
     194275.11,
     547119.154
    ]
   },
   "properties": {
    "pid": "여의도중학교 운동장-53",
    "school": "여의도중학교",
    "jibun": "40-1",
    "kind": "운동장 지반",
    "dong": "여의도중학교 운동장",
    "floor": 0,
    "source": "배치도 경계(래스터 계측) + 분석지점도 격자",
    "total_h": 1.67,
    "cont_h": 1.0,
    "충족": "불충족",
    "원인": "대교",
    "회복_대교": 1.0,
    "회복_시범": 0.0,
    "회복_화랑": 0.0
   }
  },
  {
   "type": "Feature",
   "geometry": {
    "type": "Point",
    "coordinates": [
     194269.581,
     547126.23
    ]
   },
   "properties": {
    "pid": "여의도중학교 운동장-54",
    "school": "여의도중학교",
    "jibun": "40-1",
    "kind": "운동장 지반",
    "dong": "여의도중학교 운동장",
    "floor": 0,
    "source": "배치도 경계(래스터 계측) + 분석지점도 격자",
    "total_h": 2.33,
    "cont_h": 1.33,
    "충족": "불충족",
    "원인": "대교",
    "회복_대교": 1.34,
    "회복_시범": 0.0,
    "회복_화랑": 0.0
   }
  },
  {
   "type": "Feature",
   "geometry": {
    "type": "Point",
    "coordinates": [
     194264.053,
     547133.307
    ]
   },
   "properties": {
    "pid": "여의도중학교 운동장-55",
    "school": "여의도중학교",
    "jibun": "40-1",
    "kind": "운동장 지반",
    "dong": "여의도중학교 운동장",
    "floor": 0,
    "source": "배치도 경계(래스터 계측) + 분석지점도 격자",
    "total_h": 3.5,
    "cont_h": 1.67,
    "충족": "불충족",
    "원인": "대교",
    "회복_대교": 0.83,
    "회복_시범": 0.0,
    "회복_화랑": 0.0
   }
  },
  {
   "type": "Feature",
   "geometry": {
    "type": "Point",
    "coordinates": [
     194278.048,
     547098.657
    ]
   },
   "properties": {
    "pid": "여의도중학교 운동장-64",
    "school": "여의도중학교",
    "jibun": "40-1",
    "kind": "운동장 지반",
    "dong": "여의도중학교 운동장",
    "floor": 0,
    "source": "배치도 경계(래스터 계측) + 분석지점도 격자",
    "total_h": 1.5,
    "cont_h": 1.5,
    "충족": "불충족",
    "원인": "기타/자체형상",
    "회복_대교": 0.0,
    "회복_시범": 0.0,
    "회복_화랑": 0.0
   }
  },
  {
   "type": "Feature",
   "geometry": {
    "type": "Point",
    "coordinates": [
     194272.519,
     547105.734
    ]
   },
   "properties": {
    "pid": "여의도중학교 운동장-65",
    "school": "여의도중학교",
    "jibun": "40-1",
    "kind": "운동장 지반",
    "dong": "여의도중학교 운동장",
    "floor": 0,
    "source": "배치도 경계(래스터 계측) + 분석지점도 격자",
    "total_h": 1.33,
    "cont_h": 1.17,
    "충족": "불충족",
    "원인": "대교",
    "회복_대교": 0.17,
    "회복_시범": 0.0,
    "회복_화랑": 0.0
   }
  },
  {
   "type": "Feature",
   "geometry": {
    "type": "Point",
    "coordinates": [
     194266.99,
     547112.81
    ]
   },
   "properties": {
    "pid": "여의도중학교 운동장-66",
    "school": "여의도중학교",
    "jibun": "40-1",
    "kind": "운동장 지반",
    "dong": "여의도중학교 운동장",
    "floor": 0,
    "source": "배치도 경계(래스터 계측) + 분석지점도 격자",
    "total_h": 1.5,
    "cont_h": 1.0,
    "충족": "불충족",
    "원인": "대교",
    "회복_대교": 1.17,
    "회복_시범": 0.0,
    "회복_화랑": 0.0
   }
  },
  {
   "type": "Feature",
   "geometry": {
    "type": "Point",
    "coordinates": [
     194261.462,
     547119.886
    ]
   },
   "properties": {
    "pid": "여의도중학교 운동장-67",
    "school": "여의도중학교",
    "jibun": "40-1",
    "kind": "운동장 지반",
    "dong": "여의도중학교 운동장",
    "floor": 0,
    "source": "배치도 경계(래스터 계측) + 분석지점도 격자",
    "total_h": 2.67,
    "cont_h": 0.83,
    "충족": "불충족",
    "원인": "대교",
    "회복_대교": 1.16,
    "회복_시범": 0.0,
    "회복_화랑": 0.0
   }
  },
  {
   "type": "Feature",
   "geometry": {
    "type": "Point",
    "coordinates": [
     194255.933,
     547126.963
    ]
   },
   "properties": {
    "pid": "여의도중학교 운동장-68",
    "school": "여의도중학교",
    "jibun": "40-1",
    "kind": "운동장 지반",
    "dong": "여의도중학교 운동장",
    "floor": 0,
    "source": "배치도 경계(래스터 계측) + 분석지점도 격자",
    "total_h": 2.5,
    "cont_h": 1.17,
    "충족": "불충족",
    "원인": "대교",
    "회복_대교": 0.83,
    "회복_시범": 0.0,
    "회복_화랑": 0.0
   }
  },
  {
   "type": "Feature",
   "geometry": {
    "type": "Point",
    "coordinates": [
     194281.05,
     547027.374
    ]
   },
   "properties": {
    "pid": "A동(3층) A동 남서면 1층-1",
    "school": "여의도여자고등학교",
    "jibun": "40-2",
    "kind": "교사동 창면",
    "dong": "A동(3층)",
    "floor": 1,
    "source": "도면기준",
    "total_h": 3.0,
    "cont_h": 1.33,
    "충족": "불충족",
    "원인": "복합(2개 이상)",
    "회복_대교": 1.17,
    "회복_시범": 0.0,
    "회복_화랑": 1.33
   }
  },
  {
   "type": "Feature",
   "geometry": {
    "type": "Point",
    "coordinates": [
     194281.05,
     547027.374
    ]
   },
   "properties": {
    "pid": "A동(3층) A동 남서면 2층-1",
    "school": "여의도여자고등학교",
    "jibun": "40-2",
    "kind": "교사동 창면",
    "dong": "A동(3층)",
    "floor": 2,
    "source": "도면기준",
    "total_h": 3.5,
    "cont_h": 1.5,
    "충족": "불충족",
    "원인": "복합(2개 이상)",
    "회복_대교": 1.17,
    "회복_시범": 0.0,
    "회복_화랑": 0.83
   }
  },
  {
   "type": "Feature",
   "geometry": {
    "type": "Point",
    "coordinates": [
     194283.816,
     547023.824
    ]
   },
   "properties": {
    "pid": "A동(3층) A동 남서면 1층-2",
    "school": "여의도여자고등학교",
    "jibun": "40-2",
    "kind": "교사동 창면",
    "dong": "A동(3층)",
    "floor": 1,
    "source": "도면기준",
    "total_h": 3.0,
    "cont_h": 1.33,
    "충족": "불충족",
    "원인": "복합(2개 이상)",
    "회복_대교": 1.0,
    "회복_시범": 0.0,
    "회복_화랑": 1.5
   }
  },
  {
   "type": "Feature",
   "geometry": {
    "type": "Point",
    "coordinates": [
     194283.816,
     547023.824
    ]
   },
   "properties": {
    "pid": "A동(3층) A동 남서면 2층-2",
    "school": "여의도여자고등학교",
    "jibun": "40-2",
    "kind": "교사동 창면",
    "dong": "A동(3층)",
    "floor": 2,
    "source": "도면기준",
    "total_h": 3.17,
    "cont_h": 1.5,
    "충족": "불충족",
    "원인": "복합(2개 이상)",
    "회복_대교": 1.0,
    "회복_시범": 0.0,
    "회복_화랑": 1.33
   }
  },
  {
   "type": "Feature",
   "geometry": {
    "type": "Point",
    "coordinates": [
     194286.581,
     547020.275
    ]
   },
   "properties": {
    "pid": "A동(3층) A동 남서면 1층-3",
    "school": "여의도여자고등학교",
    "jibun": "40-2",
    "kind": "교사동 창면",
    "dong": "A동(3층)",
    "floor": 1,
    "source": "도면기준",
    "total_h": 2.67,
    "cont_h": 1.33,
    "충족": "불충족",
    "원인": "복합(2개 이상)",
    "회복_대교": 1.0,
    "회복_시범": 0.0,
    "회복_화랑": 1.83
   }
  },
  {
   "type": "Feature",
   "geometry": {
    "type": "Point",
    "coordinates": [
     194286.581,
     547020.275
    ]
   },
   "properties": {
    "pid": "A동(3층) A동 남서면 2층-3",
    "school": "여의도여자고등학교",
    "jibun": "40-2",
    "kind": "교사동 창면",
    "dong": "A동(3층)",
    "floor": 2,
    "source": "도면기준",
    "total_h": 2.83,
    "cont_h": 1.5,
    "충족": "불충족",
    "원인": "복합(2개 이상)",
    "회복_대교": 1.0,
    "회복_시범": 0.0,
    "회복_화랑": 1.67
   }
  },
  {
   "type": "Feature",
   "geometry": {
    "type": "Point",
    "coordinates": [
     194289.347,
     547016.725
    ]
   },
   "properties": {
    "pid": "A동(3층) A동 남서면 1층-4",
    "school": "여의도여자고등학교",
    "jibun": "40-2",
    "kind": "교사동 창면",
    "dong": "A동(3층)",
    "floor": 1,
    "source": "도면기준",
    "total_h": 2.17,
    "cont_h": 1.33,
    "충족": "불충족",
    "원인": "화랑(현상태)",
    "회복_대교": 0.83,
    "회복_시범": 0.0,
    "회복_화랑": 2.16
   }
  },
  {
   "type": "Feature",
   "geometry": {
    "type": "Point",
    "coordinates": [
     194289.347,
     547016.725
    ]
   },
   "properties": {
    "pid": "A동(3층) A동 남서면 2층-4",
    "school": "여의도여자고등학교",
    "jibun": "40-2",
    "kind": "교사동 창면",
    "dong": "A동(3층)",
    "floor": 2,
    "source": "도면기준",
    "total_h": 2.33,
    "cont_h": 1.5,
    "충족": "불충족",
    "원인": "복합(2개 이상)",
    "회복_대교": 1.17,
    "회복_시범": 0.0,
    "회복_화랑": 2.0
   }
  },
  {
   "type": "Feature",
   "geometry": {
    "type": "Point",
    "coordinates": [
     194292.112,
     547013.175
    ]
   },
   "properties": {
    "pid": "A동(3층) A동 남서면 1층-5",
    "school": "여의도여자고등학교",
    "jibun": "40-2",
    "kind": "교사동 창면",
    "dong": "A동(3층)",
    "floor": 1,
    "source": "도면기준",
    "total_h": 1.67,
    "cont_h": 1.33,
    "충족": "불충족",
    "원인": "화랑(현상태)",
    "회복_대교": 0.5,
    "회복_시범": 0.0,
    "회복_화랑": 2.66
   }
  },
  {
   "type": "Feature",
   "geometry": {
    "type": "Point",
    "coordinates": [
     194292.112,
     547013.175
    ]
   },
   "properties": {
    "pid": "A동(3층) A동 남서면 2층-5",
    "school": "여의도여자고등학교",
    "jibun": "40-2",
    "kind": "교사동 창면",
    "dong": "A동(3층)",
    "floor": 2,
    "source": "도면기준",
    "total_h": 1.83,
    "cont_h": 1.5,
    "충족": "불충족",
    "원인": "화랑(현상태)",
    "회복_대교": 0.84,
    "회복_시범": 0.0,
    "회복_화랑": 2.5
   }
  },
  {
   "type": "Feature",
   "geometry": {
    "type": "Point",
    "coordinates": [
     194310.376,
     547023.331
    ]
   },
   "properties": {
    "pid": "A동(3층) A동 남동면 1층-5",
    "school": "여의도여자고등학교",
    "jibun": "40-2",
    "kind": "교사동 창면",
    "dong": "A동(3층)",
    "floor": 1,
    "source": "도면기준",
    "total_h": 1.5,
    "cont_h": 1.5,
    "충족": "불충족",
    "원인": "화랑(현상태)",
    "회복_대교": 0.33,
    "회복_시범": 0.0,
    "회복_화랑": 4.0
   }
  },
  {
   "type": "Feature",
   "geometry": {
    "type": "Point",
    "coordinates": [
     194313.927,
     547026.096
    ]
   },
   "properties": {
    "pid": "A동(3층) A동 남동면 1층-6",
    "school": "여의도여자고등학교",
    "jibun": "40-2",
    "kind": "교사동 창면",
    "dong": "A동(3층)",
    "floor": 1,
    "source": "도면기준",
    "total_h": 1.0,
    "cont_h": 1.0,
    "충족": "불충족",
    "원인": "화랑(현상태)",
    "회복_대교": 0.33,
    "회복_시범": 1.33,
    "회복_화랑": 4.5
   }
  },
  {
   "type": "Feature",
   "geometry": {
    "type": "Point",
    "coordinates": [
     194313.927,
     547026.096
    ]
   },
   "properties": {
    "pid": "A동(3층) A동 남동면 2층-6",
    "school": "여의도여자고등학교",
    "jibun": "40-2",
    "kind": "교사동 창면",
    "dong": "A동(3층)",
    "floor": 2,
    "source": "도면기준",
    "total_h": 1.5,
    "cont_h": 1.5,
    "충족": "불충족",
    "원인": "화랑(현상태)",
    "회복_대교": 0.67,
    "회복_시범": 1.33,
    "회복_화랑": 4.0
   }
  },
  {
   "type": "Feature",
   "geometry": {
    "type": "Point",
    "coordinates": [
     194317.477,
     547028.861
    ]
   },
   "properties": {
    "pid": "A동(3층) A동 남동면 1층-7",
    "school": "여의도여자고등학교",
    "jibun": "40-2",
    "kind": "교사동 창면",
    "dong": "A동(3층)",
    "floor": 1,
    "source": "도면기준",
    "total_h": 1.33,
    "cont_h": 0.67,
    "충족": "불충족",
    "원인": "화랑(현상태)",
    "회복_대교": 0.17,
    "회복_시범": 1.34,
    "회복_화랑": 4.0
   }
  },
  {
   "type": "Feature",
   "geometry": {
    "type": "Point",
    "coordinates": [
     194317.477,
     547028.861
    ]
   },
   "properties": {
    "pid": "A동(3층) A동 남동면 2층-7",
    "school": "여의도여자고등학교",
    "jibun": "40-2",
    "kind": "교사동 창면",
    "dong": "A동(3층)",
    "floor": 2,
    "source": "도면기준",
    "total_h": 1.83,
    "cont_h": 1.0,
    "충족": "불충족",
    "원인": "화랑(현상태)",
    "회복_대교": 0.5,
    "회복_시범": 1.34,
    "회복_화랑": 3.5
   }
  },
  {
   "type": "Feature",
   "geometry": {
    "type": "Point",
    "coordinates": [
     194314.992,
     547026.926
    ]
   },
   "properties": {
    "pid": "A동(3층) A동 남동면 3층-5",
    "school": "여의도여자고등학교",
    "jibun": "40-2",
    "kind": "교사동 창면",
    "dong": "A동(3층)",
    "floor": 3,
    "source": "도면기준",
    "total_h": 2.33,
    "cont_h": 1.83,
    "충족": "불충족",
    "원인": "화랑(현상태)",
    "회복_대교": 0.5,
    "회복_시범": 1.34,
    "회복_화랑": 3.17
   }
  },
  {
   "type": "Feature",
   "geometry": {
    "type": "Point",
    "coordinates": [
     194319.568,
     547030.489
    ]
   },
   "properties": {
    "pid": "A동(3층) A동 남동면 3층-6",
    "school": "여의도여자고등학교",
    "jibun": "40-2",
    "kind": "교사동 창면",
    "dong": "A동(3층)",
    "floor": 3,
    "source": "도면기준",
    "total_h": 2.67,
    "cont_h": 1.5,
    "충족": "불충족",
    "원인": "화랑(현상태)",
    "회복_대교": 0.5,
    "회복_시범": 1.16,
    "회복_화랑": 2.83
   }
  },
  {
   "type": "Feature",
   "geometry": {
    "type": "Point",
    "coordinates": [
     194274.793,
     547082.204
    ]
   },
   "properties": {
    "pid": "여의도여자고등학교 ①(5층) 1층-4",
    "school": "여의도여자고등학교",
    "jibun": "40-2",
    "kind": "교사동 창면",
    "dong": "여의도여자고등학교 ①(5층)",
    "floor": 1,
    "source": "일반식",
    "total_h": 0.0,
    "cont_h": 0.0,
    "충족": "불충족",
    "원인": "기타/자체형상",
    "회복_대교": 0.0,
    "회복_시범": 0.0,
    "회복_화랑": 0.0
   }
  },
  {
   "type": "Feature",
   "geometry": {
    "type": "Point",
    "coordinates": [
     194274.793,
     547082.204
    ]
   },
   "properties": {
    "pid": "여의도여자고등학교 ①(5층) 2층-4",
    "school": "여의도여자고등학교",
    "jibun": "40-2",
    "kind": "교사동 창면",
    "dong": "여의도여자고등학교 ①(5층)",
    "floor": 2,
    "source": "일반식",
    "total_h": 0.0,
    "cont_h": 0.0,
    "충족": "불충족",
    "원인": "기타/자체형상",
    "회복_대교": 0.0,
    "회복_시범": 0.0,
    "회복_화랑": 0.0
   }
  },
  {
   "type": "Feature",
   "geometry": {
    "type": "Point",
    "coordinates": [
     194274.793,
     547082.204
    ]
   },
   "properties": {
    "pid": "여의도여자고등학교 ①(5층) 3층-4",
    "school": "여의도여자고등학교",
    "jibun": "40-2",
    "kind": "교사동 창면",
    "dong": "여의도여자고등학교 ①(5층)",
    "floor": 3,
    "source": "일반식",
    "total_h": 0.0,
    "cont_h": 0.0,
    "충족": "불충족",
    "원인": "기타/자체형상",
    "회복_대교": 0.0,
    "회복_시범": 0.0,
    "회복_화랑": 0.0
   }
  },
  {
   "type": "Feature",
   "geometry": {
    "type": "Point",
    "coordinates": [
     194274.793,
     547082.204
    ]
   },
   "properties": {
    "pid": "여의도여자고등학교 ①(5층) 4층-4",
    "school": "여의도여자고등학교",
    "jibun": "40-2",
    "kind": "교사동 창면",
    "dong": "여의도여자고등학교 ①(5층)",
    "floor": 4,
    "source": "일반식",
    "total_h": 0.0,
    "cont_h": 0.0,
    "충족": "불충족",
    "원인": "기타/자체형상",
    "회복_대교": 0.0,
    "회복_시범": 0.0,
    "회복_화랑": 0.0
   }
  },
  {
   "type": "Feature",
   "geometry": {
    "type": "Point",
    "coordinates": [
     194274.793,
     547082.204
    ]
   },
   "properties": {
    "pid": "여의도여자고등학교 ①(5층) 5층-4",
    "school": "여의도여자고등학교",
    "jibun": "40-2",
    "kind": "교사동 창면",
    "dong": "여의도여자고등학교 ①(5층)",
    "floor": 5,
    "source": "일반식",
    "total_h": 0.0,
    "cont_h": 0.0,
    "충족": "불충족",
    "원인": "기타/자체형상",
    "회복_대교": 0.0,
    "회복_시범": 0.0,
    "회복_화랑": 0.0
   }
  },
  {
   "type": "Feature",
   "geometry": {
    "type": "Point",
    "coordinates": [
     194278.457,
     547082.075
    ]
   },
   "properties": {
    "pid": "여의도여자고등학교 ①(5층) 1층-5",
    "school": "여의도여자고등학교",
    "jibun": "40-2",
    "kind": "교사동 창면",
    "dong": "여의도여자고등학교 ①(5층)",
    "floor": 1,
    "source": "일반식",
    "total_h": 0.17,
    "cont_h": 0.17,
    "충족": "불충족",
    "원인": "기타/자체형상",
    "회복_대교": 0.0,
    "회복_시범": 0.0,
    "회복_화랑": 0.0
   }
  },
  {
   "type": "Feature",
   "geometry": {
    "type": "Point",
    "coordinates": [
     194278.457,
     547082.075
    ]
   },
   "properties": {
    "pid": "여의도여자고등학교 ①(5층) 2층-5",
    "school": "여의도여자고등학교",
    "jibun": "40-2",
    "kind": "교사동 창면",
    "dong": "여의도여자고등학교 ①(5층)",
    "floor": 2,
    "source": "일반식",
    "total_h": 0.17,
    "cont_h": 0.17,
    "충족": "불충족",
    "원인": "기타/자체형상",
    "회복_대교": 0.0,
    "회복_시범": 0.0,
    "회복_화랑": 0.0
   }
  },
  {
   "type": "Feature",
   "geometry": {
    "type": "Point",
    "coordinates": [
     194278.457,
     547082.075
    ]
   },
   "properties": {
    "pid": "여의도여자고등학교 ①(5층) 3층-5",
    "school": "여의도여자고등학교",
    "jibun": "40-2",
    "kind": "교사동 창면",
    "dong": "여의도여자고등학교 ①(5층)",
    "floor": 3,
    "source": "일반식",
    "total_h": 0.17,
    "cont_h": 0.17,
    "충족": "불충족",
    "원인": "기타/자체형상",
    "회복_대교": 0.0,
    "회복_시범": 0.0,
    "회복_화랑": 0.0
   }
  },
  {
   "type": "Feature",
   "geometry": {
    "type": "Point",
    "coordinates": [
     194278.457,
     547082.075
    ]
   },
   "properties": {
    "pid": "여의도여자고등학교 ①(5층) 4층-5",
    "school": "여의도여자고등학교",
    "jibun": "40-2",
    "kind": "교사동 창면",
    "dong": "여의도여자고등학교 ①(5층)",
    "floor": 4,
    "source": "일반식",
    "total_h": 0.33,
    "cont_h": 0.33,
    "충족": "불충족",
    "원인": "기타/자체형상",
    "회복_대교": 0.0,
    "회복_시범": 0.0,
    "회복_화랑": 0.0
   }
  },
  {
   "type": "Feature",
   "geometry": {
    "type": "Point",
    "coordinates": [
     194278.457,
     547082.075
    ]
   },
   "properties": {
    "pid": "여의도여자고등학교 ①(5층) 5층-5",
    "school": "여의도여자고등학교",
    "jibun": "40-2",
    "kind": "교사동 창면",
    "dong": "여의도여자고등학교 ①(5층)",
    "floor": 5,
    "source": "일반식",
    "total_h": 0.67,
    "cont_h": 0.67,
    "충족": "불충족",
    "원인": "기타/자체형상",
    "회복_대교": 0.0,
    "회복_시범": 0.0,
    "회복_화랑": 0.0
   }
  },
  {
   "type": "Feature",
   "geometry": {
    "type": "Point",
    "coordinates": [
     194276.659,
     547057.119
    ]
   },
   "properties": {
    "pid": "여의도여자고등학교 ②(5층) 1층-6",
    "school": "여의도여자고등학교",
    "jibun": "40-2",
    "kind": "교사동 창면",
    "dong": "여의도여자고등학교 ②(5층)",
    "floor": 1,
    "source": "일반식",
    "total_h": 2.17,
    "cont_h": 1.67,
    "충족": "불충족",
    "원인": "대교",
    "회복_대교": 1.5,
    "회복_시범": 0.0,
    "회복_화랑": 0.0
   }
  },
  {
   "type": "Feature",
   "geometry": {
    "type": "Point",
    "coordinates": [
     194279.726,
     547053.137
    ]
   },
   "properties": {
    "pid": "여의도여자고등학교 ②(5층) 1층-7",
    "school": "여의도여자고등학교",
    "jibun": "40-2",
    "kind": "교사동 창면",
    "dong": "여의도여자고등학교 ②(5층)",
    "floor": 1,
    "source": "일반식",
    "total_h": 2.0,
    "cont_h": 1.33,
    "충족": "불충족",
    "원인": "대교",
    "회복_대교": 1.17,
    "회복_시범": 0.0,
    "회복_화랑": 0.0
   }
  },
  {
   "type": "Feature",
   "geometry": {
    "type": "Point",
    "coordinates": [
     194279.726,
     547053.137
    ]
   },
   "properties": {
    "pid": "여의도여자고등학교 ②(5층) 2층-7",
    "school": "여의도여자고등학교",
    "jibun": "40-2",
    "kind": "교사동 창면",
    "dong": "여의도여자고등학교 ②(5층)",
    "floor": 2,
    "source": "일반식",
    "total_h": 2.5,
    "cont_h": 1.67,
    "충족": "불충족",
    "원인": "대교",
    "회복_대교": 1.33,
    "회복_시범": 0.0,
    "회복_화랑": 0.0
   }
  },
  {
   "type": "Feature",
   "geometry": {
    "type": "Point",
    "coordinates": [
     194282.794,
     547049.154
    ]
   },
   "properties": {
    "pid": "여의도여자고등학교 ②(5층) 1층-8",
    "school": "여의도여자고등학교",
    "jibun": "40-2",
    "kind": "교사동 창면",
    "dong": "여의도여자고등학교 ②(5층)",
    "floor": 1,
    "source": "일반식",
    "total_h": 1.33,
    "cont_h": 0.67,
    "충족": "불충족",
    "원인": "대교",
    "회복_대교": 1.17,
    "회복_시범": 0.0,
    "회복_화랑": 0.0
   }
  },
  {
   "type": "Feature",
   "geometry": {
    "type": "Point",
    "coordinates": [
     194282.794,
     547049.154
    ]
   },
   "properties": {
    "pid": "여의도여자고등학교 ②(5층) 2층-8",
    "school": "여의도여자고등학교",
    "jibun": "40-2",
    "kind": "교사동 창면",
    "dong": "여의도여자고등학교 ②(5층)",
    "floor": 2,
    "source": "일반식",
    "total_h": 1.33,
    "cont_h": 0.67,
    "충족": "불충족",
    "원인": "대교",
    "회복_대교": 1.34,
    "회복_시범": 0.0,
    "회복_화랑": 0.0
   }
  },
  {
   "type": "Feature",
   "geometry": {
    "type": "Point",
    "coordinates": [
     194285.862,
     547045.172
    ]
   },
   "properties": {
    "pid": "여의도여자고등학교 ②(5층) 1층-9",
    "school": "여의도여자고등학교",
    "jibun": "40-2",
    "kind": "교사동 창면",
    "dong": "여의도여자고등학교 ②(5층)",
    "floor": 1,
    "source": "일반식",
    "total_h": 0.5,
    "cont_h": 0.5,
    "충족": "불충족",
    "원인": "대교",
    "회복_대교": 1.0,
    "회복_시범": 0.0,
    "회복_화랑": 0.0
   }
  },
  {
   "type": "Feature",
   "geometry": {
    "type": "Point",
    "coordinates": [
     194285.862,
     547045.172
    ]
   },
   "properties": {
    "pid": "여의도여자고등학교 ②(5층) 2층-9",
    "school": "여의도여자고등학교",
    "jibun": "40-2",
    "kind": "교사동 창면",
    "dong": "여의도여자고등학교 ②(5층)",
    "floor": 2,
    "source": "일반식",
    "total_h": 0.5,
    "cont_h": 0.5,
    "충족": "불충족",
    "원인": "대교",
    "회복_대교": 1.17,
    "회복_시범": 0.0,
    "회복_화랑": 0.0
   }
  },
  {
   "type": "Feature",
   "geometry": {
    "type": "Point",
    "coordinates": [
     194285.862,
     547045.172
    ]
   },
   "properties": {
    "pid": "여의도여자고등학교 ②(5층) 3층-9",
    "school": "여의도여자고등학교",
    "jibun": "40-2",
    "kind": "교사동 창면",
    "dong": "여의도여자고등학교 ②(5층)",
    "floor": 3,
    "source": "일반식",
    "total_h": 0.67,
    "cont_h": 0.5,
    "충족": "불충족",
    "원인": "대교",
    "회복_대교": 1.16,
    "회복_시범": 0.0,
    "회복_화랑": 0.0
   }
  },
  {
   "type": "Feature",
   "geometry": {
    "type": "Point",
    "coordinates": [
     194288.838,
     547043.885
    ]
   },
   "properties": {
    "pid": "여의도여자고등학교 ②(5층) 1층-10",
    "school": "여의도여자고등학교",
    "jibun": "40-2",
    "kind": "교사동 창면",
    "dong": "여의도여자고등학교 ②(5층)",
    "floor": 1,
    "source": "일반식",
    "total_h": 0.33,
    "cont_h": 0.33,
    "충족": "불충족",
    "원인": "기타/자체형상",
    "회복_대교": 0.0,
    "회복_시범": 0.0,
    "회복_화랑": 0.0
   }
  },
  {
   "type": "Feature",
   "geometry": {
    "type": "Point",
    "coordinates": [
     194288.838,
     547043.885
    ]
   },
   "properties": {
    "pid": "여의도여자고등학교 ②(5층) 2층-10",
    "school": "여의도여자고등학교",
    "jibun": "40-2",
    "kind": "교사동 창면",
    "dong": "여의도여자고등학교 ②(5층)",
    "floor": 2,
    "source": "일반식",
    "total_h": 0.33,
    "cont_h": 0.33,
    "충족": "불충족",
    "원인": "대교",
    "회복_대교": 0.17,
    "회복_시범": 0.0,
    "회복_화랑": 0.0
   }
  },
  {
   "type": "Feature",
   "geometry": {
    "type": "Point",
    "coordinates": [
     194288.838,
     547043.885
    ]
   },
   "properties": {
    "pid": "여의도여자고등학교 ②(5층) 3층-10",
    "school": "여의도여자고등학교",
    "jibun": "40-2",
    "kind": "교사동 창면",
    "dong": "여의도여자고등학교 ②(5층)",
    "floor": 3,
    "source": "일반식",
    "total_h": 0.33,
    "cont_h": 0.33,
    "충족": "불충족",
    "원인": "대교",
    "회복_대교": 0.17,
    "회복_시범": 0.0,
    "회복_화랑": 0.0
   }
  },
  {
   "type": "Feature",
   "geometry": {
    "type": "Point",
    "coordinates": [
     194290.337,
     547043.302
    ]
   },
   "properties": {
    "pid": "여의도여자고등학교 ②(5층) 1층-11",
    "school": "여의도여자고등학교",
    "jibun": "40-2",
    "kind": "교사동 창면",
    "dong": "여의도여자고등학교 ②(5층)",
    "floor": 1,
    "source": "일반식",
    "total_h": 0.0,
    "cont_h": 0.0,
    "충족": "불충족",
    "원인": "기타/자체형상",
    "회복_대교": 0.0,
    "회복_시범": 0.0,
    "회복_화랑": 0.0
   }
  },
  {
   "type": "Feature",
   "geometry": {
    "type": "Point",
    "coordinates": [
     194290.337,
     547043.302
    ]
   },
   "properties": {
    "pid": "여의도여자고등학교 ②(5층) 2층-11",
    "school": "여의도여자고등학교",
    "jibun": "40-2",
    "kind": "교사동 창면",
    "dong": "여의도여자고등학교 ②(5층)",
    "floor": 2,
    "source": "일반식",
    "total_h": 0.0,
    "cont_h": 0.0,
    "충족": "불충족",
    "원인": "기타/자체형상",
    "회복_대교": 0.0,
    "회복_시범": 0.0,
    "회복_화랑": 0.0
   }
  },
  {
   "type": "Feature",
   "geometry": {
    "type": "Point",
    "coordinates": [
     194290.337,
     547043.302
    ]
   },
   "properties": {
    "pid": "여의도여자고등학교 ②(5층) 3층-11",
    "school": "여의도여자고등학교",
    "jibun": "40-2",
    "kind": "교사동 창면",
    "dong": "여의도여자고등학교 ②(5층)",
    "floor": 3,
    "source": "일반식",
    "total_h": 0.0,
    "cont_h": 0.0,
    "충족": "불충족",
    "원인": "기타/자체형상",
    "회복_대교": 0.0,
    "회복_시범": 0.0,
    "회복_화랑": 0.0
   }
  },
  {
   "type": "Feature",
   "geometry": {
    "type": "Point",
    "coordinates": [
     194295.023,
     547044.139
    ]
   },
   "properties": {
    "pid": "여의도여자고등학교 ②(5층) 1층-12",
    "school": "여의도여자고등학교",
    "jibun": "40-2",
    "kind": "교사동 창면",
    "dong": "여의도여자고등학교 ②(5층)",
    "floor": 1,
    "source": "일반식",
    "total_h": 0.0,
    "cont_h": 0.0,
    "충족": "불충족",
    "원인": "기타/자체형상",
    "회복_대교": 0.0,
    "회복_시범": 0.0,
    "회복_화랑": 0.0
   }
  },
  {
   "type": "Feature",
   "geometry": {
    "type": "Point",
    "coordinates": [
     194295.023,
     547044.139
    ]
   },
   "properties": {
    "pid": "여의도여자고등학교 ②(5층) 2층-12",
    "school": "여의도여자고등학교",
    "jibun": "40-2",
    "kind": "교사동 창면",
    "dong": "여의도여자고등학교 ②(5층)",
    "floor": 2,
    "source": "일반식",
    "total_h": 0.0,
    "cont_h": 0.0,
    "충족": "불충족",
    "원인": "기타/자체형상",
    "회복_대교": 0.0,
    "회복_시범": 0.0,
    "회복_화랑": 0.0
   }
  },
  {
   "type": "Feature",
   "geometry": {
    "type": "Point",
    "coordinates": [
     194295.023,
     547044.139
    ]
   },
   "properties": {
    "pid": "여의도여자고등학교 ②(5층) 3층-12",
    "school": "여의도여자고등학교",
    "jibun": "40-2",
    "kind": "교사동 창면",
    "dong": "여의도여자고등학교 ②(5층)",
    "floor": 3,
    "source": "일반식",
    "total_h": 0.0,
    "cont_h": 0.0,
    "충족": "불충족",
    "원인": "기타/자체형상",
    "회복_대교": 0.0,
    "회복_시범": 0.0,
    "회복_화랑": 0.0
   }
  },
  {
   "type": "Feature",
   "geometry": {
    "type": "Point",
    "coordinates": [
     194291.96,
     547057.711
    ]
   },
   "properties": {
    "pid": "여의도여자고등학교 ②(5층) 1층-13",
    "school": "여의도여자고등학교",
    "jibun": "40-2",
    "kind": "교사동 창면",
    "dong": "여의도여자고등학교 ②(5층)",
    "floor": 1,
    "source": "일반식",
    "total_h": 0.0,
    "cont_h": 0.0,
    "충족": "불충족",
    "원인": "기타/자체형상",
    "회복_대교": 0.0,
    "회복_시범": 0.0,
    "회복_화랑": 0.0
   }
  },
  {
   "type": "Feature",
   "geometry": {
    "type": "Point",
    "coordinates": [
     194291.96,
     547057.711
    ]
   },
   "properties": {
    "pid": "여의도여자고등학교 ②(5층) 2층-13",
    "school": "여의도여자고등학교",
    "jibun": "40-2",
    "kind": "교사동 창면",
    "dong": "여의도여자고등학교 ②(5층)",
    "floor": 2,
    "source": "일반식",
    "total_h": 0.0,
    "cont_h": 0.0,
    "충족": "불충족",
    "원인": "기타/자체형상",
    "회복_대교": 0.0,
    "회복_시범": 0.0,
    "회복_화랑": 0.0
   }
  },
  {
   "type": "Feature",
   "geometry": {
    "type": "Point",
    "coordinates": [
     194291.96,
     547057.711
    ]
   },
   "properties": {
    "pid": "여의도여자고등학교 ②(5층) 3층-13",
    "school": "여의도여자고등학교",
    "jibun": "40-2",
    "kind": "교사동 창면",
    "dong": "여의도여자고등학교 ②(5층)",
    "floor": 3,
    "source": "일반식",
    "total_h": 0.33,
    "cont_h": 0.17,
    "충족": "불충족",
    "원인": "화랑(현상태)",
    "회복_대교": 0.0,
    "회복_시범": 0.0,
    "회복_화랑": 0.5
   }
  },
  {
   "type": "Feature",
   "geometry": {
    "type": "Point",
    "coordinates": [
     194291.96,
     547057.711
    ]
   },
   "properties": {
    "pid": "여의도여자고등학교 ②(5층) 4층-13",
    "school": "여의도여자고등학교",
    "jibun": "40-2",
    "kind": "교사동 창면",
    "dong": "여의도여자고등학교 ②(5층)",
    "floor": 4,
    "source": "일반식",
    "total_h": 1.0,
    "cont_h": 0.5,
    "충족": "불충족",
    "원인": "시범",
    "회복_대교": 0.0,
    "회복_시범": 1.17,
    "회복_화랑": 0.17
   }
  },
  {
   "type": "Feature",
   "geometry": {
    "type": "Point",
    "coordinates": [
     194291.96,
     547057.711
    ]
   },
   "properties": {
    "pid": "여의도여자고등학교 ②(5층) 5층-13",
    "school": "여의도여자고등학교",
    "jibun": "40-2",
    "kind": "교사동 창면",
    "dong": "여의도여자고등학교 ②(5층)",
    "floor": 5,
    "source": "일반식",
    "total_h": 1.33,
    "cont_h": 1.33,
    "충족": "불충족",
    "원인": "시범",
    "회복_대교": 0.0,
    "회복_시범": 1.5,
    "회복_화랑": 0.0
   }
  },
  {
   "type": "Feature",
   "geometry": {
    "type": "Point",
    "coordinates": [
     194286.417,
     547010.449
    ]
   },
   "properties": {
    "pid": "여의도여자고등학교 운동장-1",
    "school": "여의도여자고등학교",
    "jibun": "40-2",
    "kind": "운동장 지반",
    "dong": "여의도여자고등학교 운동장",
    "floor": 0,
    "source": "배치도 경계(래스터 계측) + 분석지점도 격자",
    "total_h": 2.33,
    "cont_h": 1.0,
    "충족": "불충족",
    "원인": "화랑(현상태)",
    "회복_대교": 0.34,
    "회복_시범": 0.67,
    "회복_화랑": 2.84
   }
  },
  {
   "type": "Feature",
   "geometry": {
    "type": "Point",
    "coordinates": [
     194280.809,
     547017.626
    ]
   },
   "properties": {
    "pid": "여의도여자고등학교 운동장-2",
    "school": "여의도여자고등학교",
    "jibun": "40-2",
    "kind": "운동장 지반",
    "dong": "여의도여자고등학교 운동장",
    "floor": 0,
    "source": "배치도 경계(래스터 계측) + 분석지점도 격자",
    "total_h": 3.17,
    "cont_h": 1.33,
    "충족": "불충족",
    "원인": "화랑(현상태)",
    "회복_대교": 0.83,
    "회복_시범": 0.5,
    "회복_화랑": 2.0
   }
  },
  {
   "type": "Feature",
   "geometry": {
    "type": "Point",
    "coordinates": [
     194275.202,
     547024.803
    ]
   },
   "properties": {
    "pid": "여의도여자고등학교 운동장-3",
    "school": "여의도여자고등학교",
    "jibun": "40-2",
    "kind": "운동장 지반",
    "dong": "여의도여자고등학교 운동장",
    "floor": 0,
    "source": "배치도 경계(래스터 계측) + 분석지점도 격자",
    "total_h": 3.67,
    "cont_h": 1.5,
    "충족": "불충족",
    "원인": "복합(2개 이상)",
    "회복_대교": 1.16,
    "회복_시범": 0.33,
    "회복_화랑": 1.5
   }
  },
  {
   "type": "Feature",
   "geometry": {
    "type": "Point",
    "coordinates": [
     194269.595,
     547031.98
    ]
   },
   "properties": {
    "pid": "여의도여자고등학교 운동장-4",
    "school": "여의도여자고등학교",
    "jibun": "40-2",
    "kind": "운동장 지반",
    "dong": "여의도여자고등학교 운동장",
    "floor": 0,
    "source": "배치도 경계(래스터 계측) + 분석지점도 격자",
    "total_h": 3.83,
    "cont_h": 1.67,
    "충족": "불충족",
    "원인": "복합(2개 이상)",
    "회복_대교": 1.34,
    "회복_시범": 0.34,
    "회복_화랑": 1.17
   }
  },
  {
   "type": "Feature",
   "geometry": {
    "type": "Point",
    "coordinates": [
     194278.634,
     547004.369
    ]
   },
   "properties": {
    "pid": "여의도여자고등학교 운동장-7",
    "school": "여의도여자고등학교",
    "jibun": "40-2",
    "kind": "운동장 지반",
    "dong": "여의도여자고등학교 운동장",
    "floor": 0,
    "source": "배치도 경계(래스터 계측) + 분석지점도 격자",
    "total_h": 1.5,
    "cont_h": 1.0,
    "충족": "불충족",
    "원인": "복합(2개 이상)",
    "회복_대교": 0.5,
    "회복_시범": 1.67,
    "회복_화랑": 3.17
   }
  },
  {
   "type": "Feature",
   "geometry": {
    "type": "Point",
    "coordinates": [
     194273.027,
     547011.546
    ]
   },
   "properties": {
    "pid": "여의도여자고등학교 운동장-8",
    "school": "여의도여자고등학교",
    "jibun": "40-2",
    "kind": "운동장 지반",
    "dong": "여의도여자고등학교 운동장",
    "floor": 0,
    "source": "배치도 경계(래스터 계측) + 분석지점도 격자",
    "total_h": 2.5,
    "cont_h": 1.67,
    "충족": "불충족",
    "원인": "복합(2개 이상)",
    "회복_대교": 0.83,
    "회복_시범": 1.5,
    "회복_화랑": 2.17
   }
  },
  {
   "type": "Feature",
   "geometry": {
    "type": "Point",
    "coordinates": [
     194270.852,
     546998.289
    ]
   },
   "properties": {
    "pid": "여의도여자고등학교 운동장-13",
    "school": "여의도여자고등학교",
    "jibun": "40-2",
    "kind": "운동장 지반",
    "dong": "여의도여자고등학교 운동장",
    "floor": 0,
    "source": "배치도 경계(래스터 계측) + 분석지점도 격자",
    "total_h": 2.0,
    "cont_h": 1.83,
    "충족": "불충족",
    "원인": "화랑(현상태)",
    "회복_대교": 0.83,
    "회복_시범": 0.0,
    "회복_화랑": 2.67
   }
  },
  {
   "type": "Feature",
   "geometry": {
    "type": "Point",
    "coordinates": [
     194255.287,
     546986.128
    ]
   },
   "properties": {
    "pid": "여의도여자고등학교 운동장-25",
    "school": "여의도여자고등학교",
    "jibun": "40-2",
    "kind": "운동장 지반",
    "dong": "여의도여자고등학교 운동장",
    "floor": 0,
    "source": "배치도 경계(래스터 계측) + 분석지점도 격자",
    "total_h": 1.33,
    "cont_h": 0.83,
    "충족": "불충족",
    "원인": "복합(2개 이상)",
    "회복_대교": 1.5,
    "회복_시범": 1.0,
    "회복_화랑": 2.34
   }
  },
  {
   "type": "Feature",
   "geometry": {
    "type": "Point",
    "coordinates": [
     194249.679,
     546993.305
    ]
   },
   "properties": {
    "pid": "여의도여자고등학교 운동장-26",
    "school": "여의도여자고등학교",
    "jibun": "40-2",
    "kind": "운동장 지반",
    "dong": "여의도여자고등학교 운동장",
    "floor": 0,
    "source": "배치도 경계(래스터 계측) + 분석지점도 격자",
    "total_h": 2.17,
    "cont_h": 1.0,
    "충족": "불충족",
    "원인": "복합(2개 이상)",
    "회복_대교": 1.5,
    "회복_시범": 0.66,
    "회복_화랑": 2.0
   }
  },
  {
   "type": "Feature",
   "geometry": {
    "type": "Point",
    "coordinates": [
     194244.072,
     547000.481
    ]
   },
   "properties": {
    "pid": "여의도여자고등학교 운동장-27",
    "school": "여의도여자고등학교",
    "jibun": "40-2",
    "kind": "운동장 지반",
    "dong": "여의도여자고등학교 운동장",
    "floor": 0,
    "source": "배치도 경계(래스터 계측) + 분석지점도 격자",
    "total_h": 2.83,
    "cont_h": 1.67,
    "충족": "불충족",
    "원인": "복합(2개 이상)",
    "회복_대교": 1.5,
    "회복_시범": 0.34,
    "회복_화랑": 1.5
   }
  },
  {
   "type": "Feature",
   "geometry": {
    "type": "Point",
    "coordinates": [
     194238.465,
     547007.658
    ]
   },
   "properties": {
    "pid": "여의도여자고등학교 운동장-28",
    "school": "여의도여자고등학교",
    "jibun": "40-2",
    "kind": "운동장 지반",
    "dong": "여의도여자고등학교 운동장",
    "floor": 0,
    "source": "배치도 경계(래스터 계측) + 분석지점도 격자",
    "total_h": 3.17,
    "cont_h": 1.67,
    "충족": "불충족",
    "원인": "복합(2개 이상)",
    "회복_대교": 1.5,
    "회복_시범": 0.16,
    "회복_화랑": 1.16
   }
  },
  {
   "type": "Feature",
   "geometry": {
    "type": "Point",
    "coordinates": [
     194232.858,
     547014.835
    ]
   },
   "properties": {
    "pid": "여의도여자고등학교 운동장-29",
    "school": "여의도여자고등학교",
    "jibun": "40-2",
    "kind": "운동장 지반",
    "dong": "여의도여자고등학교 운동장",
    "floor": 0,
    "source": "배치도 경계(래스터 계측) + 분석지점도 격자",
    "total_h": 3.83,
    "cont_h": 1.67,
    "충족": "불충족",
    "원인": "대교",
    "회복_대교": 1.67,
    "회복_시범": 0.17,
    "회복_화랑": 0.34
   }
  },
  {
   "type": "Feature",
   "geometry": {
    "type": "Point",
    "coordinates": [
     194247.504,
     546980.048
    ]
   },
   "properties": {
    "pid": "여의도여자고등학교 운동장-31",
    "school": "여의도여자고등학교",
    "jibun": "40-2",
    "kind": "운동장 지반",
    "dong": "여의도여자고등학교 운동장",
    "floor": 0,
    "source": "배치도 경계(래스터 계측) + 분석지점도 격자",
    "total_h": 1.17,
    "cont_h": 0.33,
    "충족": "불충족",
    "원인": "복합(2개 이상)",
    "회복_대교": 1.66,
    "회복_시범": 1.5,
    "회복_화랑": 2.16
   }
  },
  {
   "type": "Feature",
   "geometry": {
    "type": "Point",
    "coordinates": [
     194241.897,
     546987.224
    ]
   },
   "properties": {
    "pid": "여의도여자고등학교 운동장-32",
    "school": "여의도여자고등학교",
    "jibun": "40-2",
    "kind": "운동장 지반",
    "dong": "여의도여자고등학교 운동장",
    "floor": 0,
    "source": "배치도 경계(래스터 계측) + 분석지점도 격자",
    "total_h": 2.17,
    "cont_h": 0.83,
    "충족": "불충족",
    "원인": "복합(2개 이상)",
    "회복_대교": 1.66,
    "회복_시범": 1.16,
    "회복_화랑": 1.66
   }
  },
  {
   "type": "Feature",
   "geometry": {
    "type": "Point",
    "coordinates": [
     194236.29,
     546994.401
    ]
   },
   "properties": {
    "pid": "여의도여자고등학교 운동장-33",
    "school": "여의도여자고등학교",
    "jibun": "40-2",
    "kind": "운동장 지반",
    "dong": "여의도여자고등학교 운동장",
    "floor": 0,
    "source": "배치도 경계(래스터 계측) + 분석지점도 격자",
    "total_h": 2.67,
    "cont_h": 1.0,
    "충족": "불충족",
    "원인": "복합(2개 이상)",
    "회복_대교": 1.5,
    "회복_시범": 0.83,
    "회복_화랑": 1.5
   }
  },
  {
   "type": "Feature",
   "geometry": {
    "type": "Point",
    "coordinates": [
     194230.683,
     547001.578
    ]
   },
   "properties": {
    "pid": "여의도여자고등학교 운동장-34",
    "school": "여의도여자고등학교",
    "jibun": "40-2",
    "kind": "운동장 지반",
    "dong": "여의도여자고등학교 운동장",
    "floor": 0,
    "source": "배치도 경계(래스터 계측) + 분석지점도 격자",
    "total_h": 2.67,
    "cont_h": 1.0,
    "충족": "불충족",
    "원인": "복합(2개 이상)",
    "회복_대교": 1.83,
    "회복_시범": 0.66,
    "회복_화랑": 1.33
   }
  },
  {
   "type": "Feature",
   "geometry": {
    "type": "Point",
    "coordinates": [
     194225.076,
     547008.755
    ]
   },
   "properties": {
    "pid": "여의도여자고등학교 운동장-35",
    "school": "여의도여자고등학교",
    "jibun": "40-2",
    "kind": "운동장 지반",
    "dong": "여의도여자고등학교 운동장",
    "floor": 0,
    "source": "배치도 경계(래스터 계측) + 분석지점도 격자",
    "total_h": 3.0,
    "cont_h": 1.17,
    "충족": "불충족",
    "원인": "복합(2개 이상)",
    "회복_대교": 2.0,
    "회복_시범": 0.33,
    "회복_화랑": 1.0
   }
  },
  {
   "type": "Feature",
   "geometry": {
    "type": "Point",
    "coordinates": [
     194219.468,
     547015.931
    ]
   },
   "properties": {
    "pid": "여의도여자고등학교 운동장-36",
    "school": "여의도여자고등학교",
    "jibun": "40-2",
    "kind": "운동장 지반",
    "dong": "여의도여자고등학교 운동장",
    "floor": 0,
    "source": "배치도 경계(래스터 계측) + 분석지점도 격자",
    "total_h": 3.17,
    "cont_h": 1.33,
    "충족": "불충족",
    "원인": "대교",
    "회복_대교": 2.16,
    "회복_시범": 0.33,
    "회복_화랑": 0.66
   }
  },
  {
   "type": "Feature",
   "geometry": {
    "type": "Point",
    "coordinates": [
     194239.722,
     546973.967
    ]
   },
   "properties": {
    "pid": "여의도여자고등학교 운동장-37",
    "school": "여의도여자고등학교",
    "jibun": "40-2",
    "kind": "운동장 지반",
    "dong": "여의도여자고등학교 운동장",
    "floor": 0,
    "source": "배치도 경계(래스터 계측) + 분석지점도 격자",
    "total_h": 1.83,
    "cont_h": 1.33,
    "충족": "불충족",
    "원인": "대교",
    "회복_대교": 1.84,
    "회복_시범": 0.84,
    "회복_화랑": 0.84
   }
  },
  {
   "type": "Feature",
   "geometry": {
    "type": "Point",
    "coordinates": [
     194234.114,
     546981.144
    ]
   },
   "properties": {
    "pid": "여의도여자고등학교 운동장-38",
    "school": "여의도여자고등학교",
    "jibun": "40-2",
    "kind": "운동장 지반",
    "dong": "여의도여자고등학교 운동장",
    "floor": 0,
    "source": "배치도 경계(래스터 계측) + 분석지점도 격자",
    "total_h": 2.17,
    "cont_h": 1.33,
    "충족": "불충족",
    "원인": "복합(2개 이상)",
    "회복_대교": 1.83,
    "회복_시범": 1.33,
    "회복_화랑": 0.66
   }
  },
  {
   "type": "Feature",
   "geometry": {
    "type": "Point",
    "coordinates": [
     194228.507,
     546988.321
    ]
   },
   "properties": {
    "pid": "여의도여자고등학교 운동장-39",
    "school": "여의도여자고등학교",
    "jibun": "40-2",
    "kind": "운동장 지반",
    "dong": "여의도여자고등학교 운동장",
    "floor": 0,
    "source": "배치도 경계(래스터 계측) + 분석지점도 격자",
    "total_h": 2.83,
    "cont_h": 1.67,
    "충족": "불충족",
    "원인": "복합(2개 이상)",
    "회복_대교": 1.67,
    "회복_시범": 1.17,
    "회복_화랑": 0.84
   }
  },
  {
   "type": "Feature",
   "geometry": {
    "type": "Point",
    "coordinates": [
     194222.9,
     546995.498
    ]
   },
   "properties": {
    "pid": "여의도여자고등학교 운동장-40",
    "school": "여의도여자고등학교",
    "jibun": "40-2",
    "kind": "운동장 지반",
    "dong": "여의도여자고등학교 운동장",
    "floor": 0,
    "source": "배치도 경계(래스터 계측) + 분석지점도 격자",
    "total_h": 3.0,
    "cont_h": 1.67,
    "충족": "불충족",
    "원인": "대교",
    "회복_대교": 1.83,
    "회복_시범": 0.83,
    "회복_화랑": 0.67
   }
  },
  {
   "type": "Feature",
   "geometry": {
    "type": "Point",
    "coordinates": [
     194217.293,
     547002.674
    ]
   },
   "properties": {
    "pid": "여의도여자고등학교 운동장-41",
    "school": "여의도여자고등학교",
    "jibun": "40-2",
    "kind": "운동장 지반",
    "dong": "여의도여자고등학교 운동장",
    "floor": 0,
    "source": "배치도 경계(래스터 계측) + 분석지점도 격자",
    "total_h": 2.83,
    "cont_h": 1.5,
    "충족": "불충족",
    "원인": "복합(2개 이상)",
    "회복_대교": 2.0,
    "회복_시범": 1.0,
    "회복_화랑": 0.84
   }
  },
  {
   "type": "Feature",
   "geometry": {
    "type": "Point",
    "coordinates": [
     194211.686,
     547009.851
    ]
   },
   "properties": {
    "pid": "여의도여자고등학교 운동장-42",
    "school": "여의도여자고등학교",
    "jibun": "40-2",
    "kind": "운동장 지반",
    "dong": "여의도여자고등학교 운동장",
    "floor": 0,
    "source": "배치도 경계(래스터 계측) + 분석지점도 격자",
    "total_h": 2.67,
    "cont_h": 1.5,
    "충족": "불충족",
    "원인": "대교",
    "회복_대교": 2.33,
    "회복_시범": 0.66,
    "회복_화랑": 0.83
   }
  },
  {
   "type": "Feature",
   "geometry": {
    "type": "Point",
    "coordinates": [
     194231.939,
     546967.887
    ]
   },
   "properties": {
    "pid": "여의도여자고등학교 운동장-43",
    "school": "여의도여자고등학교",
    "jibun": "40-2",
    "kind": "운동장 지반",
    "dong": "여의도여자고등학교 운동장",
    "floor": 0,
    "source": "배치도 경계(래스터 계측) + 분석지점도 격자",
    "total_h": 2.0,
    "cont_h": 1.0,
    "충족": "불충족",
    "원인": "복합(2개 이상)",
    "회복_대교": 2.0,
    "회복_시범": 1.5,
    "회복_화랑": 0.0
   }
  },
  {
   "type": "Feature",
   "geometry": {
    "type": "Point",
    "coordinates": [
     194226.332,
     546975.064
    ]
   },
   "properties": {
    "pid": "여의도여자고등학교 운동장-44",
    "school": "여의도여자고등학교",
    "jibun": "40-2",
    "kind": "운동장 지반",
    "dong": "여의도여자고등학교 운동장",
    "floor": 0,
    "source": "배치도 경계(래스터 계측) + 분석지점도 격자",
    "total_h": 2.17,
    "cont_h": 0.83,
    "충족": "불충족",
    "원인": "복합(2개 이상)",
    "회복_대교": 2.0,
    "회복_시범": 1.16,
    "회복_화랑": 0.0
   }
  },
  {
   "type": "Feature",
   "geometry": {
    "type": "Point",
    "coordinates": [
     194220.725,
     546982.24
    ]
   },
   "properties": {
    "pid": "여의도여자고등학교 운동장-45",
    "school": "여의도여자고등학교",
    "jibun": "40-2",
    "kind": "운동장 지반",
    "dong": "여의도여자고등학교 운동장",
    "floor": 0,
    "source": "배치도 경계(래스터 계측) + 분석지점도 격자",
    "total_h": 2.33,
    "cont_h": 1.0,
    "충족": "불충족",
    "원인": "복합(2개 이상)",
    "회복_대교": 2.0,
    "회복_시범": 1.0,
    "회복_화랑": 0.0
   }
  },
  {
   "type": "Feature",
   "geometry": {
    "type": "Point",
    "coordinates": [
     194215.118,
     546989.417
    ]
   },
   "properties": {
    "pid": "여의도여자고등학교 운동장-46",
    "school": "여의도여자고등학교",
    "jibun": "40-2",
    "kind": "운동장 지반",
    "dong": "여의도여자고등학교 운동장",
    "floor": 0,
    "source": "배치도 경계(래스터 계측) + 분석지점도 격자",
    "total_h": 2.5,
    "cont_h": 1.0,
    "충족": "불충족",
    "원인": "복합(2개 이상)",
    "회복_대교": 2.0,
    "회복_시범": 1.17,
    "회복_화랑": 0.17
   }
  },
  {
   "type": "Feature",
   "geometry": {
    "type": "Point",
    "coordinates": [
     194209.511,
     546996.594
    ]
   },
   "properties": {
    "pid": "여의도여자고등학교 운동장-47",
    "school": "여의도여자고등학교",
    "jibun": "40-2",
    "kind": "운동장 지반",
    "dong": "여의도여자고등학교 운동장",
    "floor": 0,
    "source": "배치도 경계(래스터 계측) + 분석지점도 격자",
    "total_h": 2.5,
    "cont_h": 1.17,
    "충족": "불충족",
    "원인": "복합(2개 이상)",
    "회복_대교": 2.17,
    "회복_시범": 1.17,
    "회복_화랑": 0.33
   }
  },
  {
   "type": "Feature",
   "geometry": {
    "type": "Point",
    "coordinates": [
     194203.903,
     547003.771
    ]
   },
   "properties": {
    "pid": "여의도여자고등학교 운동장-48",
    "school": "여의도여자고등학교",
    "jibun": "40-2",
    "kind": "운동장 지반",
    "dong": "여의도여자고등학교 운동장",
    "floor": 0,
    "source": "배치도 경계(래스터 계측) + 분석지점도 격자",
    "total_h": 2.5,
    "cont_h": 1.17,
    "충족": "불충족",
    "원인": "대교",
    "회복_대교": 2.33,
    "회복_시범": 1.0,
    "회복_화랑": 0.33
   }
  },
  {
   "type": "Feature",
   "geometry": {
    "type": "Point",
    "coordinates": [
     194421.229,
     547061.56
    ]
   },
   "properties": {
    "pid": "별관(5층) 1층-12",
    "school": "여의도초등학교",
    "jibun": "40-3",
    "kind": "교사동 창면",
    "dong": "별관(5층)",
    "floor": 1,
    "source": "도면기준",
    "total_h": 1.0,
    "cont_h": 1.0,
    "충족": "불충족",
    "원인": "화랑(현상태)",
    "회복_대교": 0.0,
    "회복_시범": 0.0,
    "회복_화랑": 0.5
   }
  },
  {
   "type": "Feature",
   "geometry": {
    "type": "Point",
    "coordinates": [
     194421.229,
     547061.56
    ]
   },
   "properties": {
    "pid": "별관(5층) 2층-12",
    "school": "여의도초등학교",
    "jibun": "40-3",
    "kind": "교사동 창면",
    "dong": "별관(5층)",
    "floor": 2,
    "source": "도면기준",
    "total_h": 1.33,
    "cont_h": 1.33,
    "충족": "불충족",
    "원인": "화랑(현상태)",
    "회복_대교": 0.0,
    "회복_시범": 0.0,
    "회복_화랑": 0.17
   }
  },
  {
   "type": "Feature",
   "geometry": {
    "type": "Point",
    "coordinates": [
     194421.229,
     547061.56
    ]
   },
   "properties": {
    "pid": "별관(5층) 3층-12",
    "school": "여의도초등학교",
    "jibun": "40-3",
    "kind": "교사동 창면",
    "dong": "별관(5층)",
    "floor": 3,
    "source": "도면기준",
    "total_h": 1.5,
    "cont_h": 1.5,
    "충족": "불충족",
    "원인": "기타/자체형상",
    "회복_대교": 0.0,
    "회복_시범": 0.0,
    "회복_화랑": 0.0
   }
  },
  {
   "type": "Feature",
   "geometry": {
    "type": "Point",
    "coordinates": [
     194421.229,
     547061.56
    ]
   },
   "properties": {
    "pid": "별관(5층) 4층-12",
    "school": "여의도초등학교",
    "jibun": "40-3",
    "kind": "교사동 창면",
    "dong": "별관(5층)",
    "floor": 4,
    "source": "도면기준",
    "total_h": 1.5,
    "cont_h": 1.5,
    "충족": "불충족",
    "원인": "기타/자체형상",
    "회복_대교": 0.0,
    "회복_시범": 0.0,
    "회복_화랑": 0.0
   }
  },
  {
   "type": "Feature",
   "geometry": {
    "type": "Point",
    "coordinates": [
     194426.784,
     547054.48
    ]
   },
   "properties": {
    "pid": "별관(5층) 1층-13",
    "school": "여의도초등학교",
    "jibun": "40-3",
    "kind": "교사동 창면",
    "dong": "별관(5층)",
    "floor": 1,
    "source": "도면기준",
    "total_h": 0.0,
    "cont_h": 0.0,
    "충족": "불충족",
    "원인": "기타/자체형상",
    "회복_대교": 0.0,
    "회복_시범": 0.0,
    "회복_화랑": 0.0
   }
  },
  {
   "type": "Feature",
   "geometry": {
    "type": "Point",
    "coordinates": [
     194426.784,
     547054.48
    ]
   },
   "properties": {
    "pid": "별관(5층) 2층-13",
    "school": "여의도초등학교",
    "jibun": "40-3",
    "kind": "교사동 창면",
    "dong": "별관(5층)",
    "floor": 2,
    "source": "도면기준",
    "total_h": 0.0,
    "cont_h": 0.0,
    "충족": "불충족",
    "원인": "기타/자체형상",
    "회복_대교": 0.0,
    "회복_시범": 0.0,
    "회복_화랑": 0.0
   }
  },
  {
   "type": "Feature",
   "geometry": {
    "type": "Point",
    "coordinates": [
     194426.784,
     547054.48
    ]
   },
   "properties": {
    "pid": "별관(5층) 3층-13",
    "school": "여의도초등학교",
    "jibun": "40-3",
    "kind": "교사동 창면",
    "dong": "별관(5층)",
    "floor": 3,
    "source": "도면기준",
    "total_h": 0.33,
    "cont_h": 0.33,
    "충족": "불충족",
    "원인": "기타/자체형상",
    "회복_대교": 0.0,
    "회복_시범": 0.0,
    "회복_화랑": 0.0
   }
  },
  {
   "type": "Feature",
   "geometry": {
    "type": "Point",
    "coordinates": [
     194426.784,
     547054.48
    ]
   },
   "properties": {
    "pid": "별관(5층) 4층-13",
    "school": "여의도초등학교",
    "jibun": "40-3",
    "kind": "교사동 창면",
    "dong": "별관(5층)",
    "floor": 4,
    "source": "도면기준",
    "total_h": 0.5,
    "cont_h": 0.33,
    "충족": "불충족",
    "원인": "시범",
    "회복_대교": 0.0,
    "회복_시범": 1.0,
    "회복_화랑": 0.0
   }
  },
  {
   "type": "Feature",
   "geometry": {
    "type": "Point",
    "coordinates": [
     194429.006,
     547051.647
    ]
   },
   "properties": {
    "pid": "별관(5층) 1층-14",
    "school": "여의도초등학교",
    "jibun": "40-3",
    "kind": "교사동 창면",
    "dong": "별관(5층)",
    "floor": 1,
    "source": "도면기준",
    "total_h": 0.0,
    "cont_h": 0.0,
    "충족": "불충족",
    "원인": "기타/자체형상",
    "회복_대교": 0.0,
    "회복_시범": 0.0,
    "회복_화랑": 0.0
   }
  },
  {
   "type": "Feature",
   "geometry": {
    "type": "Point",
    "coordinates": [
     194429.006,
     547051.647
    ]
   },
   "properties": {
    "pid": "별관(5층) 2층-14",
    "school": "여의도초등학교",
    "jibun": "40-3",
    "kind": "교사동 창면",
    "dong": "별관(5층)",
    "floor": 2,
    "source": "도면기준",
    "total_h": 0.0,
    "cont_h": 0.0,
    "충족": "불충족",
    "원인": "기타/자체형상",
    "회복_대교": 0.0,
    "회복_시범": 0.0,
    "회복_화랑": 0.0
   }
  },
  {
   "type": "Feature",
   "geometry": {
    "type": "Point",
    "coordinates": [
     194429.006,
     547051.647
    ]
   },
   "properties": {
    "pid": "별관(5층) 3층-14",
    "school": "여의도초등학교",
    "jibun": "40-3",
    "kind": "교사동 창면",
    "dong": "별관(5층)",
    "floor": 3,
    "source": "도면기준",
    "total_h": 0.0,
    "cont_h": 0.0,
    "충족": "불충족",
    "원인": "기타/자체형상",
    "회복_대교": 0.0,
    "회복_시범": 0.0,
    "회복_화랑": 0.0
   }
  },
  {
   "type": "Feature",
   "geometry": {
    "type": "Point",
    "coordinates": [
     194429.006,
     547051.647
    ]
   },
   "properties": {
    "pid": "별관(5층) 4층-14",
    "school": "여의도초등학교",
    "jibun": "40-3",
    "kind": "교사동 창면",
    "dong": "별관(5층)",
    "floor": 4,
    "source": "도면기준",
    "total_h": 1.17,
    "cont_h": 1.0,
    "충족": "불충족",
    "원인": "시범",
    "회복_대교": 0.0,
    "회복_시범": 0.83,
    "회복_화랑": 0.0
   }
  },
  {
   "type": "Feature",
   "geometry": {
    "type": "Point",
    "coordinates": [
     194418.135,
     547041.607
    ]
   },
   "properties": {
    "pid": "여의도초등학교 운동장-1",
    "school": "여의도초등학교",
    "jibun": "40-3",
    "kind": "운동장 지반",
    "dong": "여의도초등학교 운동장",
    "floor": 0,
    "source": "배치도 경계(래스터 계측) + 분석지점도 격자",
    "total_h": 0.0,
    "cont_h": 0.0,
    "충족": "불충족",
    "원인": "화랑(현상태)",
    "회복_대교": 0.0,
    "회복_시범": 0.0,
    "회복_화랑": 0.67
   }
  },
  {
   "type": "Feature",
   "geometry": {
    "type": "Point",
    "coordinates": [
     194411.151,
     547036.151
    ]
   },
   "properties": {
    "pid": "여의도초등학교 운동장-9",
    "school": "여의도초등학교",
    "jibun": "40-3",
    "kind": "운동장 지반",
    "dong": "여의도초등학교 운동장",
    "floor": 0,
    "source": "배치도 경계(래스터 계측) + 분석지점도 격자",
    "total_h": 0.0,
    "cont_h": 0.0,
    "충족": "불충족",
    "원인": "화랑(현상태)",
    "회복_대교": 0.0,
    "회복_시범": 0.0,
    "회복_화랑": 0.67
   }
  },
  {
   "type": "Feature",
   "geometry": {
    "type": "Point",
    "coordinates": [
     194405.565,
     547043.301
    ]
   },
   "properties": {
    "pid": "여의도초등학교 운동장-10",
    "school": "여의도초등학교",
    "jibun": "40-3",
    "kind": "운동장 지반",
    "dong": "여의도초등학교 운동장",
    "floor": 0,
    "source": "배치도 경계(래스터 계측) + 분석지점도 격자",
    "total_h": 1.83,
    "cont_h": 1.83,
    "충족": "불충족",
    "원인": "화랑(현상태)",
    "회복_대교": 0.0,
    "회복_시범": 0.0,
    "회복_화랑": 1.0
   }
  },
  {
   "type": "Feature",
   "geometry": {
    "type": "Point",
    "coordinates": [
     194404.168,
     547030.694
    ]
   },
   "properties": {
    "pid": "여의도초등학교 운동장-17",
    "school": "여의도초등학교",
    "jibun": "40-3",
    "kind": "운동장 지반",
    "dong": "여의도초등학교 운동장",
    "floor": 0,
    "source": "배치도 경계(래스터 계측) + 분석지점도 격자",
    "total_h": 0.0,
    "cont_h": 0.0,
    "충족": "불충족",
    "원인": "화랑(현상태)",
    "회복_대교": 0.0,
    "회복_시범": 0.0,
    "회복_화랑": 0.83
   }
  },
  {
   "type": "Feature",
   "geometry": {
    "type": "Point",
    "coordinates": [
     194398.581,
     547037.844
    ]
   },
   "properties": {
    "pid": "여의도초등학교 운동장-18",
    "school": "여의도초등학교",
    "jibun": "40-3",
    "kind": "운동장 지반",
    "dong": "여의도초등학교 운동장",
    "floor": 0,
    "source": "배치도 경계(래스터 계측) + 분석지점도 격자",
    "total_h": 1.5,
    "cont_h": 1.5,
    "충족": "불충족",
    "원인": "화랑(현상태)",
    "회복_대교": 0.0,
    "회복_시범": 0.0,
    "회복_화랑": 1.33
   }
  },
  {
   "type": "Feature",
   "geometry": {
    "type": "Point",
    "coordinates": [
     194397.184,
     547025.238
    ]
   },
   "properties": {
    "pid": "여의도초등학교 운동장-25",
    "school": "여의도초등학교",
    "jibun": "40-3",
    "kind": "운동장 지반",
    "dong": "여의도초등학교 운동장",
    "floor": 0,
    "source": "배치도 경계(래스터 계측) + 분석지점도 격자",
    "total_h": 0.0,
    "cont_h": 0.0,
    "충족": "불충족",
    "원인": "화랑(현상태)",
    "회복_대교": 0.0,
    "회복_시범": 0.0,
    "회복_화랑": 1.0
   }
  },
  {
   "type": "Feature",
   "geometry": {
    "type": "Point",
    "coordinates": [
     194391.598,
     547032.388
    ]
   },
   "properties": {
    "pid": "여의도초등학교 운동장-26",
    "school": "여의도초등학교",
    "jibun": "40-3",
    "kind": "운동장 지반",
    "dong": "여의도초등학교 운동장",
    "floor": 0,
    "source": "배치도 경계(래스터 계측) + 분석지점도 격자",
    "total_h": 1.17,
    "cont_h": 1.17,
    "충족": "불충족",
    "원인": "화랑(현상태)",
    "회복_대교": 0.0,
    "회복_시범": 0.0,
    "회복_화랑": 1.66
   }
  },
  {
   "type": "Feature",
   "geometry": {
    "type": "Point",
    "coordinates": [
     194390.2,
     547019.782
    ]
   },
   "properties": {
    "pid": "여의도초등학교 운동장-33",
    "school": "여의도초등학교",
    "jibun": "40-3",
    "kind": "운동장 지반",
    "dong": "여의도초등학교 운동장",
    "floor": 0,
    "source": "배치도 경계(래스터 계측) + 분석지점도 격자",
    "total_h": 0.17,
    "cont_h": 0.17,
    "충족": "불충족",
    "원인": "화랑(현상태)",
    "회복_대교": 0.0,
    "회복_시범": 0.0,
    "회복_화랑": 1.33
   }
  },
  {
   "type": "Feature",
   "geometry": {
    "type": "Point",
    "coordinates": [
     194384.614,
     547026.932
    ]
   },
   "properties": {
    "pid": "여의도초등학교 운동장-34",
    "school": "여의도초등학교",
    "jibun": "40-3",
    "kind": "운동장 지반",
    "dong": "여의도초등학교 운동장",
    "floor": 0,
    "source": "배치도 경계(래스터 계측) + 분석지점도 격자",
    "total_h": 0.83,
    "cont_h": 0.83,
    "충족": "불충족",
    "원인": "화랑(현상태)",
    "회복_대교": 0.0,
    "회복_시범": 0.0,
    "회복_화랑": 2.0
   }
  },
  {
   "type": "Feature",
   "geometry": {
    "type": "Point",
    "coordinates": [
     194383.216,
     547014.325
    ]
   },
   "properties": {
    "pid": "여의도초등학교 운동장-41",
    "school": "여의도초등학교",
    "jibun": "40-3",
    "kind": "운동장 지반",
    "dong": "여의도초등학교 운동장",
    "floor": 0,
    "source": "배치도 경계(래스터 계측) + 분석지점도 격자",
    "total_h": 0.67,
    "cont_h": 0.67,
    "충족": "불충족",
    "원인": "화랑(현상태)",
    "회복_대교": 0.0,
    "회복_시범": 0.0,
    "회복_화랑": 1.5
   }
  },
  {
   "type": "Feature",
   "geometry": {
    "type": "Point",
    "coordinates": [
     194377.63,
     547021.475
    ]
   },
   "properties": {
    "pid": "여의도초등학교 운동장-42",
    "school": "여의도초등학교",
    "jibun": "40-3",
    "kind": "운동장 지반",
    "dong": "여의도초등학교 운동장",
    "floor": 0,
    "source": "배치도 경계(래스터 계측) + 분석지점도 격자",
    "total_h": 1.17,
    "cont_h": 1.17,
    "충족": "불충족",
    "원인": "화랑(현상태)",
    "회복_대교": 0.0,
    "회복_시범": 0.0,
    "회복_화랑": 2.16
   }
  },
  {
   "type": "Feature",
   "geometry": {
    "type": "Point",
    "coordinates": [
     194376.233,
     547008.869
    ]
   },
   "properties": {
    "pid": "여의도초등학교 운동장-49",
    "school": "여의도초등학교",
    "jibun": "40-3",
    "kind": "운동장 지반",
    "dong": "여의도초등학교 운동장",
    "floor": 0,
    "source": "배치도 경계(래스터 계측) + 분석지점도 격자",
    "total_h": 1.33,
    "cont_h": 1.33,
    "충족": "불충족",
    "원인": "화랑(현상태)",
    "회복_대교": 0.0,
    "회복_시범": 0.0,
    "회복_화랑": 2.0
   }
  },
  {
   "type": "Feature",
   "geometry": {
    "type": "Point",
    "coordinates": [
     194370.646,
     547016.019
    ]
   },
   "properties": {
    "pid": "여의도초등학교 운동장-50",
    "school": "여의도초등학교",
    "jibun": "40-3",
    "kind": "운동장 지반",
    "dong": "여의도초등학교 운동장",
    "floor": 0,
    "source": "배치도 경계(래스터 계측) + 분석지점도 격자",
    "total_h": 1.83,
    "cont_h": 1.83,
    "충족": "불충족",
    "원인": "화랑(현상태)",
    "회복_대교": 0.0,
    "회복_시범": 0.0,
    "회복_화랑": 2.67
   }
  },
  {
   "type": "Feature",
   "geometry": {
    "type": "Point",
    "coordinates": [
     194365.06,
     547023.169
    ]
   },
   "properties": {
    "pid": "여의도초등학교 운동장-51",
    "school": "여의도초등학교",
    "jibun": "40-3",
    "kind": "운동장 지반",
    "dong": "여의도초등학교 운동장",
    "floor": 0,
    "source": "배치도 경계(래스터 계측) + 분석지점도 격자",
    "total_h": 1.83,
    "cont_h": 1.83,
    "충족": "불충족",
    "원인": "화랑(현상태)",
    "회복_대교": 0.0,
    "회복_시범": 0.0,
    "회복_화랑": 3.0
   }
  }
 ],
 "crs": {
  "type": "name",
  "properties": {
   "name": "urn:ogc:def:crs:EPSG::5186"
  }
 }
}