family,stage,floors,top_floors,height_m,new_fail,new_ok,gfa_m2,far_pct,service_m2,real_m2,coverage_m2,bcr_pct,daylight_ratio,mean_total_h,min_short_m,label
단일,5 미세조정,20,20,63.0,54,19,37580,400.0,5830,43410,1974,21.01,0.048,3.91,28.71,20층 1879㎡(65.5×28.7m)
단일,5 미세조정,20,20,63.0,54,27,37580,400.0,5775,43355,1973,21.0,0.049,3.908,29.45,20층 1879㎡(63.8×29.5m)
단일,5 미세조정,20,20,63.0,54,27,37580,400.0,5888,43468,1975,21.02,0.061,3.901,27.98,20층 1879㎡(67.2×28.0m)
단일,5 미세조정,20,20,63.0,55,17,37580,400.0,5888,43468,1975,21.02,0.054,3.907,27.98,20층 1879㎡(67.2×28.0m)
단일,5 미세조정,20,20,63.0,55,27,37580,400.0,5830,43410,1974,21.01,0.055,3.906,28.71,20층 1879㎡(65.5×28.7m)
단일,5 미세조정,20,20,63.0,55,19,37580,400.0,6126,43706,1979,21.07,0.049,3.891,25.54,20층 1879㎡(73.6×25.5m)
단일,5 미세조정,20,20,63.0,56,17,37580,400.0,5919,43499,1976,21.03,0.057,3.906,27.62,20층 1879㎡(68.0×27.6m)
단일,5 미세조정,20,20,63.0,56,27,37580,400.0,5855,43435,1975,21.02,0.057,3.902,28.38,20층 1879㎡(66.2×28.4m)
단일,5 미세조정,20,20,63.0,57,27,37580,400.0,5652,43232,1971,20.98,0.052,3.917,31.45,20층 1879㎡(59.8×31.4m)
단일,5 미세조정,20,20,63.0,57,27,37580,400.0,5888,43468,1975,21.02,0.054,3.902,27.98,20층 1879㎡(67.2×28.0m)
단일,5 미세조정,20,20,63.0,59,19,37580,400.0,5855,43435,1975,21.02,0.05,3.912,28.38,20층 1879㎡(66.2×28.4m)
단일,5 미세조정,20,20,63.0,59,27,37580,400.0,5721,43301,1972,20.99,0.057,3.904,30.26,20층 1879㎡(62.1×30.3m)
단일,5 미세조정,20,20,63.0,59,27,37580,400.0,5721,43301,1972,20.99,0.075,3.902,30.26,20층 1879㎡(62.1×30.3m)
단일,5 미세조정,20,20,63.0,59,27,37580,400.0,5830,43410,1974,21.01,0.062,3.894,28.71,20층 1879㎡(65.5×28.7m)
단일,5 미세조정,20,20,63.0,60,27,37580,400.0,5652,43232,1971,20.98,0.083,3.902,31.45,20층 1879㎡(59.8×31.4m)
단일,5 미세조정,20,20,63.0,60,27,37580,400.0,5772,43352,1973,21.0,0.08,3.897,29.49,20층 1879㎡(63.7×29.5m)
단일,5 미세조정,20,20,63.0,60,17,37580,400.0,6054,43634,1978,21.05,0.058,3.897,26.21,20층 1879㎡(71.7×26.2m)
단일,5 미세조정,20,20,63.0,60,27,37580,400.0,5624,43204,1971,20.98,0.063,3.896,31.99,20층 1879㎡(58.7×32.0m)
단일,5 미세조정,20,20,63.0,61,27,37580,400.0,5652,43232,1971,20.98,0.055,3.915,31.45,20층 1879㎡(59.8×31.4m)
단일,5 미세조정,20,20,63.0,61,21,37580,400.0,5721,43301,1972,20.99,0.068,3.908,30.26,20층 1879㎡(62.1×30.3m)
단일,5 미세조정,20,20,63.0,61,27,37580,400.0,5610,43190,1971,20.97,0.077,3.907,32.26,20층 1879㎡(58.2×32.3m)
단일,5 미세조정,20,20,63.0,61,17,37580,400.0,5983,43563,1977,21.04,0.054,3.904,26.92,20층 1879㎡(69.8×26.9m)
단일,5 미세조정,20,20,63.0,61,27,37580,400.0,5772,43352,1973,21.0,0.066,3.901,29.49,20층 1879㎡(63.7×29.5m)
단일,5 미세조정,20,20,63.0,61,27,37580,400.0,5532,43112,1969,20.96,0.062,3.892,34.11,20층 1879㎡(55.1×34.1m)
단일,5 미세조정,20,20,63.0,61,27,37580,400.0,5716,43296,1972,20.99,0.104,3.89,30.35,20층 1879㎡(61.9×30.3m)
단일,5 미세조정,20,20,63.0,61,27,37580,400.0,5772,43352,1973,21.0,0.098,3.887,29.49,20층 1879㎡(63.7×29.5m)
단일,5 미세조정,20,20,63.0,61,19,37580,400.0,6126,43706,1979,21.07,0.08,3.883,25.54,20층 1879㎡(73.6×25.5m)
단일,5 미세조정,20,20,63.0,62,25,37580,400.0,5669,43249,1971,20.98,0.057,3.913,31.14,20층 1879㎡(60.3×31.1m)
단일,5 미세조정,20,20,63.0,62,27,37580,400.0,5566,43146,1970,20.97,0.064,3.909,33.25,20층 1879㎡(56.5×33.2m)
단일,5 미세조정,20,20,63.0,62,27,37580,400.0,5721,43301,1972,20.99,0.049,3.908,30.26,20층 1879㎡(62.1×30.3m)
단일,5 미세조정,20,20,63.0,62,27,37580,400.0,5610,43190,1971,20.97,0.07,3.907,32.26,20층 1879㎡(58.2×32.3m)
단일,5 미세조정,20,20,63.0,62,30,37580,400.0,5697,43277,1972,20.99,0.059,3.906,30.65,20층 1879㎡(61.3×30.7m)
단일,5 미세조정,20,20,63.0,62,27,37580,400.0,5772,43352,1973,21.0,0.05,3.892,29.49,20층 1879㎡(63.7×29.5m)
단일,5 미세조정,20,20,63.0,63,27,37580,400.0,5532,43112,1969,20.96,0.056,3.923,34.11,20층 1879㎡(55.1×34.1m)
단일,5 미세조정,20,20,63.0,63,17,37580,400.0,5983,43563,1977,21.04,0.055,3.916,26.92,20층 1879㎡(69.8×26.9m)
단일,5 미세조정,20,20,63.0,63,27,37580,400.0,5624,43204,1971,20.98,0.054,3.912,31.99,20층 1879㎡(58.7×32.0m)
단일,5 미세조정,20,20,63.0,63,25,37580,400.0,5652,43232,1971,20.98,0.069,3.907,31.45,20층 1879㎡(59.8×31.4m)
단일,5 미세조정,20,20,63.0,63,27,37580,400.0,5566,43146,1970,20.97,0.069,3.906,33.25,20층 1879㎡(56.5×33.2m)
단일,5 미세조정,20,20,63.0,63,23,37580,400.0,5772,43352,1973,21.0,0.07,3.902,29.49,20층 1879㎡(63.7×29.5m)
단일,5 미세조정,20,20,63.0,63,27,37580,400.0,5610,43190,1971,20.97,0.076,3.901,32.26,20층 1879㎡(58.2×32.3m)
단일,5 미세조정,20,20,63.0,63,27,37580,400.0,5888,43468,1975,21.02,0.077,3.89,27.98,20층 1879㎡(67.2×28.0m)
단일,5 미세조정,20,20,63.0,63,27,37580,400.0,5772,43352,1973,21.0,0.081,3.879,29.49,20층 1879㎡(63.7×29.5m)
단일,5 미세조정,20,20,63.0,64,27,37580,400.0,5566,43146,1970,20.97,0.062,3.918,33.25,20층 1879㎡(56.5×33.2m)
단일,5 미세조정,20,20,63.0,64,21,37580,400.0,5566,43146,1970,20.97,0.067,3.917,33.25,20층 1879㎡(56.5×33.2m)
단일,5 미세조정,20,20,63.0,64,22,37580,400.0,5652,43232,1971,20.98,0.051,3.914,31.45,20층 1879㎡(59.8×31.4m)
단일,5 미세조정,20,20,63.0,64,19,37580,400.0,5624,43204,1971,20.98,0.049,3.913,31.99,20층 1879㎡(58.7×32.0m)
단일,5 미세조정,20,20,63.0,64,21,37580,400.0,5775,43355,1973,21.0,0.073,3.905,29.45,20층 1879㎡(63.8×29.5m)
단일,5 미세조정,20,20,63.0,64,27,37580,400.0,5652,43232,1971,20.98,0.086,3.898,31.45,20층 1879㎡(59.8×31.4m)
단일,5 미세조정,20,20,63.0,64,27,37580,400.0,5652,43232,1971,20.98,0.093,3.893,31.45,20층 1879㎡(59.8×31.4m)
단일,5 미세조정,20,20,63.0,64,23,37580,400.0,5830,43410,1974,21.01,0.069,3.893,28.71,20층 1879㎡(65.5×28.7m)
단일,5 미세조정,20,20,63.0,64,23,37580,400.0,5716,43296,1972,20.99,0.098,3.893,30.35,20층 1879㎡(61.9×30.3m)
단일,5 미세조정,20,20,63.0,64,23,37580,400.0,5697,43277,1972,20.99,0.066,3.892,30.65,20층 1879㎡(61.3×30.7m)
단일,5 미세조정,20,20,63.0,64,27,37580,400.0,5697,43277,1972,20.99,0.099,3.89,30.65,20층 1879㎡(61.3×30.7m)
단일,5 미세조정,20,20,63.0,64,21,37580,400.0,5772,43352,1973,21.0,0.074,3.887,29.49,20층 1879㎡(63.7×29.5m)
단일,5 미세조정,20,20,63.0,65,25,37580,400.0,5420,43000,1967,20.94,0.051,3.929,38.39,20층 1879㎡(48.9×38.4m)
단일,5 미세조정,20,20,63.0,65,19,37580,400.0,5610,43190,1971,20.97,0.063,3.923,32.26,20층 1879㎡(58.2×32.3m)
단일,1b 층수·세장비,20,20,63.0,65,23,37580,400.0,5697,43277,1972,20.99,0.052,3.911,30.65,20층 1879㎡(61.3×30.7m)
단일,5 미세조정,20,20,63.0,65,19,37580,400.0,5608,43188,1970,20.97,0.051,3.908,32.31,20층 1879㎡(58.2×32.3m)
단일,5 미세조정,20,20,63.0,65,17,37580,400.0,6054,43634,1978,21.05,0.052,3.906,26.21,20층 1879㎡(71.7×26.2m)
단일,5 미세조정,20,20,63.0,65,23,37580,400.0,5652,43232,1971,20.98,0.08,3.903,31.45,20층 1879㎡(59.8×31.4m)
단일,5 미세조정,20,20,63.0,65,27,37580,400.0,5697,43277,1972,20.99,0.079,3.902,30.65,20층 1879㎡(61.3×30.7m)
단일,1b 층수·세장비,20,20,63.0,65,20,37580,400.0,5697,43277,1972,20.99,0.071,3.901,30.65,20층 1879㎡(61.3×30.7m)
단일,5 미세조정,20,20,63.0,65,17,37580,400.0,6126,43706,1979,21.07,0.056,3.9,25.54,20층 1879㎡(73.6×25.5m)
단일,5 미세조정,20,20,63.0,65,27,37580,400.0,5652,43232,1971,20.98,0.086,3.898,31.45,20층 1879㎡(59.8×31.4m)
단일,5 미세조정,20,20,63.0,65,23,37580,400.0,5697,43277,1972,20.99,0.096,3.896,30.65,20층 1879㎡(61.3×30.7m)
단일,5 미세조정,20,20,63.0,65,27,37580,400.0,5721,43301,1972,20.99,0.096,3.892,30.26,20층 1879㎡(62.1×30.3m)
단일,5 미세조정,20,20,63.0,65,19,37580,400.0,5830,43410,1974,21.01,0.111,3.888,28.71,20층 1879㎡(65.5×28.7m)
단일,5 미세조정,20,20,63.0,65,27,37580,400.0,5652,43232,1971,20.98,0.075,3.887,31.45,20층 1879㎡(59.8×31.4m)
단일,5 미세조정,20,20,63.0,65,27,37580,400.0,5721,43301,1972,20.99,0.059,3.878,30.26,20층 1879㎡(62.1×30.3m)
단일,5 미세조정,20,20,63.0,65,27,37580,400.0,5830,43410,1974,21.01,0.05,3.869,28.71,20층 1879㎡(65.5×28.7m)
단일,5 미세조정,20,20,63.0,66,17,37580,400.0,5697,43277,1972,20.99,0.054,3.923,30.65,20층 1879㎡(61.3×30.7m)
단일,5 미세조정,20,20,63.0,66,17,37580,400.0,5669,43249,1971,20.98,0.053,3.919,31.14,20층 1879㎡(60.3×31.1m)
단일,5 미세조정,20,20,63.0,66,27,37580,400.0,5463,43043,1968,20.95,0.112,3.904,36.31,20층 1879㎡(51.7×36.3m)
단일,5 미세조정,20,20,63.0,66,21,37580,400.0,5830,43410,1974,21.01,0.06,3.904,28.71,20층 1879㎡(65.5×28.7m)
단일,5 미세조정,20,20,63.0,66,25,37580,400.0,5721,43301,1972,20.99,0.082,3.898,30.26,20층 1879㎡(62.1×30.3m)
단일,5 미세조정,20,20,63.0,66,19,37580,400.0,5830,43410,1974,21.01,0.079,3.898,28.71,20층 1879㎡(65.5×28.7m)
단일,5 미세조정,20,20,63.0,66,17,37580,400.0,6126,43706,1979,21.07,0.066,3.896,25.54,20층 1879㎡(73.6×25.5m)
단일,5 미세조정,20,20,63.0,66,21,37580,400.0,5772,43352,1973,21.0,0.105,3.89,29.49,20층 1879㎡(63.7×29.5m)
단일,5 미세조정,20,20,63.0,66,27,37580,400.0,5772,43352,1973,21.0,0.084,3.89,29.49,20층 1879㎡(63.7×29.5m)
단일,5 미세조정,20,20,63.0,66,27,37580,400.0,5608,43188,1970,20.97,0.065,3.887,32.31,20층 1879㎡(58.2×32.3m)
단일,5 미세조정,20,20,63.0,66,27,37580,400.0,5716,43296,1972,20.99,0.101,3.887,30.35,20층 1879㎡(61.9×30.3m)
단일,5 미세조정,20,20,63.0,66,19,37580,400.0,5855,43435,1975,21.02,0.082,3.884,28.38,20층 1879㎡(66.2×28.4m)
단일,5 미세조정,20,20,63.0,66,27,37580,400.0,5830,43410,1974,21.01,0.064,3.878,28.71,20층 1879㎡(65.5×28.7m)
단일,5 미세조정,20,20,63.0,66,27,37580,400.0,5830,43410,1974,21.01,0.117,3.878,28.71,20층 1879㎡(65.5×28.7m)
단일,5 미세조정,20,20,63.0,67,17,37580,400.0,5830,43410,1974,21.01,0.058,3.921,28.71,20층 1879㎡(65.5×28.7m)
단일,5 미세조정,20,20,63.0,67,17,37580,400.0,5716,43296,1972,20.99,0.056,3.921,30.35,20층 1879㎡(61.9×30.3m)
단일,5 미세조정,20,20,63.0,67,25,37580,400.0,5420,43000,1967,20.94,0.082,3.92,38.39,20층 1879㎡(48.9×38.4m)
단일,5 미세조정,20,20,63.0,67,19,37580,400.0,5669,43249,1971,20.98,0.049,3.916,31.14,20층 1879㎡(60.3×31.1m)
단일,5 미세조정,20,20,63.0,67,25,37580,400.0,5463,43043,1968,20.95,0.053,3.913,36.31,20층 1879㎡(51.7×36.3m)
단일,5 미세조정,20,20,63.0,67,23,37580,400.0,5716,43296,1972,20.99,0.053,3.91,30.35,20층 1879㎡(61.9×30.3m)
단일,5 미세조정,20,20,63.0,67,30,37580,400.0,5652,43232,1971,20.98,0.084,3.903,31.45,20층 1879㎡(59.8×31.4m)
단일,5 미세조정,20,20,63.0,67,27,37580,400.0,5566,43146,1970,20.97,0.078,3.902,33.25,20층 1879㎡(56.5×33.2m)
단일,5 미세조정,20,20,63.0,67,23,37580,400.0,5610,43190,1971,20.97,0.062,3.9,32.26,20층 1879㎡(58.2×32.3m)
단일,5 미세조정,20,20,63.0,67,20,37580,400.0,5721,43301,1972,20.99,0.073,3.9,30.26,20층 1879㎡(62.1×30.3m)
단일,5 미세조정,20,20,63.0,67,27,37580,400.0,5610,43190,1971,20.97,0.084,3.899,32.26,20층 1879㎡(58.2×32.3m)
단일,5 미세조정,20,20,63.0,67,21,37580,400.0,5888,43468,1975,21.02,0.064,3.898,27.98,20층 1879㎡(67.2×28.0m)
단일,5 미세조정,20,20,63.0,67,19,37580,400.0,5888,43468,1975,21.02,0.085,3.895,27.98,20층 1879㎡(67.2×28.0m)
단일,5 미세조정,20,20,63.0,67,21,37580,400.0,5830,43410,1974,21.01,0.097,3.894,28.71,20층 1879㎡(65.5×28.7m)
단일,5 미세조정,20,20,63.0,67,17,37580,400.0,5919,43499,1976,21.03,0.088,3.894,27.62,20층 1879㎡(68.0×27.6m)
단일,5 미세조정,20,20,63.0,67,27,37580,400.0,5716,43296,1972,20.99,0.092,3.89,30.35,20층 1879㎡(61.9×30.3m)
단일,5 미세조정,20,20,63.0,67,21,37580,400.0,5888,43468,1975,21.02,0.073,3.889,27.98,20층 1879㎡(67.2×28.0m)
단일,5 미세조정,20,20,63.0,67,21,37580,400.0,5830,43410,1974,21.01,0.105,3.884,28.71,20층 1879㎡(65.5×28.7m)
단일,5 미세조정,20,20,63.0,67,19,37580,400.0,5830,43410,1974,21.01,0.074,3.873,28.71,20층 1879㎡(65.5×28.7m)
단일,1b 층수·세장비,20,20,63.0,68,17,37580,400.0,5697,43277,1972,20.99,0.058,3.921,30.65,20층 1879㎡(61.3×30.7m)
단일,5 미세조정,20,20,63.0,68,27,37580,400.0,5489,43069,1968,20.95,0.051,3.921,35.39,20층 1879㎡(53.1×35.4m)
단일,5 미세조정,20,20,63.0,68,19,37580,400.0,5716,43296,1972,20.99,0.053,3.912,30.35,20층 1879㎡(61.9×30.3m)
단일,5 미세조정,20,20,63.0,68,17,37580,400.0,5775,43355,1973,21.0,0.058,3.906,29.45,20층 1879㎡(63.8×29.5m)
단일,5 미세조정,20,20,63.0,68,17,37580,400.0,5652,43232,1971,20.98,0.061,3.905,31.45,20층 1879㎡(59.8×31.4m)
단일,5 미세조정,20,20,63.0,68,20,37580,400.0,5830,43410,1974,21.01,0.06,3.9,28.71,20층 1879㎡(65.5×28.7m)
단일,5 미세조정,20,20,63.0,68,27,37580,400.0,5534,43114,1969,20.96,0.052,3.896,34.06,20층 1879㎡(55.2×34.1m)
단일,5 미세조정,20,20,63.0,68,22,37580,400.0,5721,43301,1972,20.99,0.088,3.894,30.26,20층 1879㎡(62.1×30.3m)
단일,5 미세조정,20,20,63.0,68,27,37580,400.0,5610,43190,1971,20.97,0.108,3.893,32.26,20층 1879㎡(58.2×32.3m)
단일,5 미세조정,20,20,63.0,68,25,37580,400.0,5772,43352,1973,21.0,0.109,3.886,29.49,20층 1879㎡(63.7×29.5m)
단일,5 미세조정,20,20,63.0,68,21,37580,400.0,5983,43563,1977,21.04,0.1,3.878,26.92,20층 1879㎡(69.8×26.9m)
단일,5 미세조정,20,20,63.0,68,19,37580,400.0,5888,43468,1975,21.02,0.116,3.877,27.98,20층 1879㎡(67.2×28.0m)
단일,5 미세조정,20,20,63.0,68,23,37580,400.0,5772,43352,1973,21.0,0.118,3.877,29.49,20층 1879㎡(63.7×29.5m)
단일,5 미세조정,20,20,63.0,68,21,37580,400.0,5772,43352,1973,21.0,0.106,3.876,29.49,20층 1879㎡(63.7×29.5m)
단일,5 미세조정,20,20,63.0,68,21,37580,400.0,5775,43355,1973,21.0,0.069,3.874,29.45,20층 1879㎡(63.8×29.5m)
단일,5 미세조정,20,20,63.0,68,19,37580,400.0,5888,43468,1975,21.02,0.148,3.865,27.98,20층 1879㎡(67.2×28.0m)
단일,5 미세조정,20,20,63.0,68,23,37580,400.0,5888,43468,1975,21.02,0.055,3.865,27.98,20층 1879㎡(67.2×28.0m)
단일,5 미세조정,20,20,63.0,69,27,37580,400.0,5463,43043,1968,20.95,0.052,3.92,36.31,20층 1879㎡(51.7×36.3m)
단일,5 미세조정,20,20,63.0,69,17,37580,400.0,5716,43296,1972,20.99,0.059,3.919,30.35,20층 1879㎡(61.9×30.3m)
단일,5 미세조정,20,20,63.0,69,17,37580,400.0,5697,43277,1972,20.99,0.056,3.915,30.65,20층 1879㎡(61.3×30.7m)
단일,5 미세조정,20,20,63.0,69,20,37580,400.0,5772,43352,1973,21.0,0.051,3.911,29.49,20층 1879㎡(63.7×29.5m)
단일,5 미세조정,20,20,63.0,69,30,37580,400.0,5566,43146,1970,20.97,0.067,3.91,33.25,20층 1879㎡(56.5×33.2m)
단일,5 미세조정,20,20,63.0,69,17,37580,400.0,5830,43410,1974,21.01,0.053,3.91,28.71,20층 1879㎡(65.5×28.7m)
단일,5 미세조정,20,20,63.0,69,17,37580,400.0,5669,43249,1971,20.98,0.084,3.91,31.14,20층 1879㎡(60.3×31.1m)
단일,5 미세조정,20,20,63.0,69,27,37580,400.0,5463,43043,1968,20.95,0.081,3.908,36.31,20층 1879㎡(51.7×36.3m)
단일,5 미세조정,20,20,63.0,69,17,37580,400.0,5772,43352,1973,21.0,0.063,3.908,29.49,20층 1879㎡(63.7×29.5m)
단일,5 미세조정,20,20,63.0,69,19,37580,400.0,5610,43190,1971,20.97,0.094,3.907,32.26,20층 1879㎡(58.2×32.3m)
단일,5 미세조정,20,20,63.0,69,23,37580,400.0,5463,43043,1968,20.95,0.101,3.905,36.31,20층 1879㎡(51.7×36.3m)
단일,5 미세조정,20,20,63.0,69,17,37580,400.0,5830,43410,1974,21.01,0.05,3.903,28.71,20층 1879㎡(65.5×28.7m)
단일,1b 층수·세장비,20,20,63.0,69,25,37580,400.0,5489,43069,1968,20.95,0.091,3.902,35.39,20층 1879㎡(53.1×35.4m)
단일,5 미세조정,20,20,63.0,69,23,37580,400.0,5716,43296,1972,20.99,0.085,3.9,30.35,20층 1879㎡(61.9×30.3m)
단일,5 미세조정,20,20,63.0,69,20,37580,400.0,5772,43352,1973,21.0,0.077,3.898,29.49,20층 1879㎡(63.7×29.5m)
단일,5 미세조정,20,20,63.0,69,27,37580,400.0,5532,43112,1969,20.96,0.087,3.896,34.11,20층 1879㎡(55.1×34.1m)
단일,5 미세조정,20,20,63.0,69,27,37580,400.0,5610,43190,1971,20.97,0.1,3.895,32.26,20층 1879㎡(58.2×32.3m)
단일,5 미세조정,20,20,63.0,69,27,37580,400.0,5489,43069,1968,20.95,0.074,3.893,35.39,20층 1879㎡(53.1×35.4m)
단일,5 미세조정,20,20,63.0,69,27,37580,400.0,5624,43204,1971,20.98,0.094,3.888,31.99,20층 1879㎡(58.7×32.0m)
단일,5 미세조정,20,20,63.0,69,27,37580,400.0,5721,43301,1972,20.99,0.095,3.887,30.26,20층 1879㎡(62.1×30.3m)
단일,5 미세조정,20,20,63.0,69,27,37580,400.0,5532,43112,1969,20.96,0.05,3.885,34.11,20층 1879㎡(55.1×34.1m)
단일,5 미세조정,20,20,63.0,69,27,37580,400.0,5830,43410,1974,21.01,0.103,3.881,28.71,20층 1879㎡(65.5×28.7m)
단일,5 미세조정,20,20,63.0,69,25,37580,400.0,5888,43468,1975,21.02,0.092,3.867,27.98,20층 1879㎡(67.2×28.0m)
단일,5 미세조정,20,20,63.0,70,19,37580,400.0,5652,43232,1971,20.98,0.077,3.92,31.45,20층 1879㎡(59.8×31.4m)
단일,5 미세조정,20,20,63.0,70,21,37580,400.0,5534,43114,1969,20.96,0.085,3.915,34.06,20층 1879㎡(55.2×34.1m)
단일,5 미세조정,20,20,63.0,70,17,37580,400.0,5830,43410,1974,21.01,0.072,3.914,28.71,20층 1879㎡(65.5×28.7m)
단일,5 미세조정,20,20,63.0,70,25,37580,400.0,5420,43000,1967,20.94,0.069,3.91,38.39,20층 1879㎡(48.9×38.4m)
단일,5 미세조정,20,20,63.0,70,19,37580,400.0,5608,43188,1970,20.97,0.098,3.906,32.31,20층 1879㎡(58.2×32.3m)
단일,5 미세조정,20,20,63.0,70,17,37580,400.0,5721,43301,1972,20.99,0.075,3.905,30.26,20층 1879㎡(62.1×30.3m)
단일,1b 층수·세장비,20,20,63.0,70,17,37580,400.0,5937,43517,1976,21.03,0.058,3.904,27.42,20층 1879㎡(68.5×27.4m)
단일,5 미세조정,20,20,63.0,70,27,37580,400.0,5532,43112,1969,20.96,0.08,3.899,34.11,20층 1879㎡(55.1×34.1m)
단일,1b 층수·세장비,20,20,63.0,70,17,37580,400.0,5697,43277,1972,20.99,0.05,3.898,30.65,20층 1879㎡(61.3×30.7m)
단일,5 미세조정,20,20,63.0,70,17,37580,400.0,5721,43301,1972,20.99,0.089,3.895,30.26,20층 1879㎡(62.1×30.3m)
단일,1b 층수·세장비,20,20,63.0,70,18,37580,400.0,5937,43517,1976,21.03,0.065,3.894,27.42,20층 1879㎡(68.5×27.4m)
단일,5 미세조정,20,20,63.0,70,17,37580,400.0,5983,43563,1977,21.04,0.087,3.894,26.92,20층 1879㎡(69.8×26.9m)
단일,5 미세조정,20,20,63.0,70,19,37580,400.0,5888,43468,1975,21.02,0.078,3.892,27.98,20층 1879㎡(67.2×28.0m)
단일,5 미세조정,20,20,63.0,70,17,37580,400.0,5721,43301,1972,20.99,0.106,3.888,30.26,20층 1879㎡(62.1×30.3m)
단일,5 미세조정,20,20,63.0,70,27,37580,400.0,5624,43204,1971,20.98,0.07,3.887,31.99,20층 1879㎡(58.7×32.0m)
단일,5 미세조정,20,20,63.0,70,17,37580,400.0,5983,43563,1977,21.04,0.092,3.884,26.92,20층 1879㎡(69.8×26.9m)
단일,5 미세조정,20,20,63.0,70,19,37580,400.0,5983,43563,1977,21.04,0.085,3.884,26.92,20층 1879㎡(69.8×26.9m)
단일,5 미세조정,20,20,63.0,70,23,37580,400.0,5669,43249,1971,20.98,0.058,3.883,31.14,20층 1879㎡(60.3×31.1m)
단일,5 미세조정,20,20,63.0,70,19,37580,400.0,5888,43468,1975,21.02,0.116,3.881,27.98,20층 1879㎡(67.2×28.0m)
단일,5 미세조정,20,20,63.0,70,25,37580,400.0,5610,43190,1971,20.97,0.062,3.877,32.26,20층 1879㎡(58.2×32.3m)
단일,5 미세조정,20,20,63.0,70,27,37580,400.0,5716,43296,1972,20.99,0.136,3.871,30.35,20층 1879㎡(61.9×30.3m)
단일,5 미세조정,20,20,63.0,70,23,37580,400.0,5830,43410,1974,21.01,0.123,3.87,28.71,20층 1879㎡(65.5×28.7m)
단일,5 미세조정,20,20,63.0,71,21,37580,400.0,5420,43000,1967,20.94,0.076,3.927,38.39,20층 1879㎡(48.9×38.4m)
단일,5 미세조정,20,20,63.0,71,19,37580,400.0,5830,43410,1974,21.01,0.066,3.923,28.71,20층 1879㎡(65.5×28.7m)
단일,5 미세조정,20,20,63.0,71,25,37580,400.0,5463,43043,1968,20.95,0.067,3.922,36.31,20층 1879㎡(51.7×36.3m)
단일,5 미세조정,20,20,63.0,71,17,37580,400.0,5772,43352,1973,21.0,0.048,3.918,29.49,20층 1879㎡(63.7×29.5m)
단일,5 미세조정,20,20,63.0,71,17,37580,400.0,5772,43352,1973,21.0,0.067,3.918,29.49,20층 1879㎡(63.7×29.5m)
단일,5 미세조정,20,20,63.0,71,17,37580,400.0,5772,43352,1973,21.0,0.061,3.913,29.49,20층 1879㎡(63.7×29.5m)
단일,5 미세조정,20,20,63.0,71,23,37580,400.0,5489,43069,1968,20.95,0.076,3.912,35.39,20층 1879㎡(53.1×35.4m)
단일,1b 층수·세장비,20,20,63.0,71,23,37580,400.0,5489,43069,1968,20.95,0.08,3.909,35.39,20층 1879㎡(53.1×35.4m)
단일,5 미세조정,20,20,63.0,71,17,37580,400.0,5830,43410,1974,21.01,0.067,3.908,28.71,20층 1879㎡(65.5×28.7m)
단일,5 미세조정,20,20,63.0,71,23,37580,400.0,5532,43112,1969,20.96,0.073,3.903,34.11,20층 1879㎡(55.1×34.1m)
단일,5 미세조정,20,20,63.0,71,17,37580,400.0,5652,43232,1971,20.98,0.1,3.902,31.45,20층 1879㎡(59.8×31.4m)
단일,5 미세조정,20,20,63.0,71,27,37580,400.0,5566,43146,1970,20.97,0.082,3.901,33.25,20층 1879㎡(56.5×33.2m)
단일,5 미세조정,20,20,63.0,71,23,37580,400.0,5534,43114,1969,20.96,0.07,3.901,34.06,20층 1879㎡(55.2×34.1m)
단일,5 미세조정,20,20,63.0,71,17,37580,400.0,5830,43410,1974,21.01,0.062,3.901,28.71,20층 1879㎡(65.5×28.7m)
단일,5 미세조정,20,20,63.0,71,17,37580,400.0,5624,43204,1971,20.98,0.08,3.9,31.99,20층 1879㎡(58.7×32.0m)
단일,5 미세조정,20,20,63.0,71,20,37580,400.0,5888,43468,1975,21.02,0.075,3.899,27.98,20층 1879㎡(67.2×28.0m)
단일,5 미세조정,20,20,63.0,71,23,37580,400.0,5534,43114,1969,20.96,0.101,3.898,34.06,20층 1879㎡(55.2×34.1m)
단일,5 미세조정,20,20,63.0,71,17,37580,400.0,5772,43352,1973,21.0,0.098,3.897,29.49,20층 1879㎡(63.7×29.5m)
단일,5 미세조정,20,20,63.0,71,23,37580,400.0,5532,43112,1969,20.96,0.104,3.897,34.11,20층 1879㎡(55.1×34.1m)
단일,5 미세조정,20,20,63.0,71,27,37580,400.0,5608,43188,1970,20.97,0.104,3.894,32.31,20층 1879㎡(58.2×32.3m)
단일,5 미세조정,20,20,63.0,71,17,37580,400.0,5772,43352,1973,21.0,0.093,3.893,29.49,20층 1879㎡(63.7×29.5m)
단일,5 미세조정,20,20,63.0,71,27,37580,400.0,5566,43146,1970,20.97,0.125,3.891,33.25,20층 1879㎡(56.5×33.2m)
단일,5 미세조정,20,20,63.0,71,17,37580,400.0,5983,43563,1977,21.04,0.093,3.891,26.92,20층 1879㎡(69.8×26.9m)
단일,5 미세조정,20,20,63.0,71,23,37580,400.0,5534,43114,1969,20.96,0.147,3.889,34.06,20층 1879㎡(55.2×34.1m)
단일,5 미세조정,20,20,63.0,71,27,37580,400.0,5566,43146,1970,20.97,0.125,3.889,33.25,20층 1879㎡(56.5×33.2m)
단일,5 미세조정,20,20,63.0,71,21,37580,400.0,5830,43410,1974,21.01,0.092,3.888,28.71,20층 1879㎡(65.5×28.7m)
단일,5 미세조정,20,20,63.0,71,23,37580,400.0,5652,43232,1971,20.98,0.091,3.887,31.45,20층 1879㎡(59.8×31.4m)
단일,5 미세조정,20,20,63.0,71,27,37580,400.0,5532,43112,1969,20.96,0.111,3.887,34.11,20층 1879㎡(55.1×34.1m)
단일,5 미세조정,20,20,63.0,71,27,37580,400.0,5608,43188,1970,20.97,0.136,3.884,32.31,20층 1879㎡(58.2×32.3m)
단일,5 미세조정,20,20,63.0,71,17,37580,400.0,5888,43468,1975,21.02,0.085,3.881,27.98,20층 1879㎡(67.2×28.0m)
단일,5 미세조정,20,20,63.0,71,27,37580,400.0,5652,43232,1971,20.98,0.106,3.876,31.45,20층 1879㎡(59.8×31.4m)
단일,5 미세조정,20,20,63.0,71,27,37580,400.0,5624,43204,1971,20.98,0.125,3.874,31.99,20층 1879㎡(58.7×32.0m)
단일,5 미세조정,20,20,63.0,71,27,37580,400.0,5608,43188,1970,20.97,0.12,3.873,32.31,20층 1879㎡(58.2×32.3m)
단일,5 미세조정,20,20,63.0,71,21,37580,400.0,5830,43410,1974,21.01,0.142,3.871,28.71,20층 1879㎡(65.5×28.7m)
단일,5 미세조정,20,20,63.0,72,18,37580,400.0,5669,43249,1971,20.98,0.075,3.912,31.14,20층 1879㎡(60.3×31.1m)
단일,5 미세조정,20,20,63.0,72,17,37580,400.0,5721,43301,1972,20.99,0.078,3.911,30.26,20층 1879㎡(62.1×30.3m)
단일,5 미세조정,20,20,63.0,72,26,37580,400.0,5566,43146,1970,20.97,0.093,3.901,33.25,20층 1879㎡(56.5×33.2m)
단일,5 미세조정,20,20,63.0,72,17,37580,400.0,5888,43468,1975,21.02,0.066,3.9,27.98,20층 1879㎡(67.2×28.0m)
단일,5 미세조정,20,20,63.0,72,17,37580,400.0,5772,43352,1973,21.0,0.067,3.899,29.49,20층 1879㎡(63.7×29.5m)
단일,5 미세조정,20,20,63.0,72,17,37580,400.0,5652,43232,1971,20.98,0.115,3.896,31.45,20층 1879㎡(59.8×31.4m)
단일,5 미세조정,20,20,63.0,72,17,37580,400.0,5830,43410,1974,21.01,0.094,3.886,28.71,20층 1879㎡(65.5×28.7m)
단일,5 미세조정,20,20,63.0,72,20,37580,400.0,5697,43277,1972,20.99,0.115,3.885,30.65,20층 1879㎡(61.3×30.7m)
단일,5 미세조정,20,20,63.0,72,27,37580,400.0,5721,43301,1972,20.99,0.107,3.873,30.26,20층 1879㎡(62.1×30.3m)
단일,5 미세조정,20,20,63.0,72,23,37580,400.0,5652,43232,1971,20.98,0.131,3.873,31.45,20층 1879㎡(59.8×31.4m)
단일,5 미세조정,20,20,63.0,73,17,37580,400.0,5919,43499,1976,21.03,0.074,3.914,27.62,20층 1879㎡(68.0×27.6m)
단일,5 미세조정,20,20,63.0,73,21,37580,400.0,5532,43112,1969,20.96,0.081,3.907,34.11,20층 1879㎡(55.1×34.1m)
단일,5 미세조정,20,20,63.0,73,17,37580,400.0,5772,43352,1973,21.0,0.084,3.906,29.49,20층 1879㎡(63.7×29.5m)
단일,5 미세조정,20,20,63.0,73,17,37580,400.0,5888,43468,1975,21.02,0.078,3.905,27.98,20층 1879㎡(67.2×28.0m)
단일,5 미세조정,20,20,63.0,73,25,37580,400.0,5532,43112,1969,20.96,0.084,3.903,34.11,20층 1879㎡(55.1×34.1m)
단일,5 미세조정,20,20,63.0,73,17,37580,400.0,5652,43232,1971,20.98,0.084,3.899,31.45,20층 1879㎡(59.8×31.4m)
단일,5 미세조정,20,20,63.0,73,20,37580,400.0,5772,43352,1973,21.0,0.082,3.899,29.49,20층 1879㎡(63.7×29.5m)
단일,5 미세조정,20,20,63.0,73,17,37580,400.0,5830,43410,1974,21.01,0.104,3.899,28.71,20층 1879㎡(65.5×28.7m)
단일,5 미세조정,20,20,63.0,73,25,37580,400.0,5566,43146,1970,20.97,0.103,3.898,33.25,20층 1879㎡(56.5×33.2m)
단일,5 미세조정,20,20,63.0,73,23,37580,400.0,5532,43112,1969,20.96,0.112,3.898,34.11,20층 1879㎡(55.1×34.1m)
단일,5 미세조정,20,20,63.0,73,23,37580,400.0,5610,43190,1971,20.97,0.094,3.896,32.26,20층 1879㎡(58.2×32.3m)
단일,5 미세조정,20,20,63.0,73,17,37580,400.0,5721,43301,1972,20.99,0.109,3.895,30.26,20층 1879㎡(62.1×30.3m)
단일,5 미세조정,20,20,63.0,73,17,37580,400.0,5888,43468,1975,21.02,0.109,3.892,27.98,20층 1879㎡(67.2×28.0m)
단일,5 미세조정,20,20,63.0,73,27,37580,400.0,5624,43204,1971,20.98,0.117,3.89,31.99,20층 1879㎡(58.7×32.0m)
단일,5 미세조정,20,20,63.0,73,17,37580,400.0,5716,43296,1972,20.99,0.056,3.889,30.35,20층 1879㎡(61.9×30.3m)
단일,5 미세조정,20,20,63.0,73,19,37580,400.0,5610,43190,1971,20.97,0.118,3.885,32.26,20층 1879㎡(58.2×32.3m)
단일,5 미세조정,20,20,63.0,73,17,37580,400.0,5888,43468,1975,21.02,0.103,3.884,27.98,20층 1879㎡(67.2×28.0m)
단일,5 미세조정,20,20,63.0,73,23,37580,400.0,5532,43112,1969,20.96,0.136,3.883,34.11,20층 1879㎡(55.1×34.1m)
단일,5 미세조정,20,20,63.0,73,27,37580,400.0,5697,43277,1972,20.99,0.122,3.882,30.65,20층 1879㎡(61.3×30.7m)
단일,5 미세조정,20,20,63.0,73,19,37580,400.0,5983,43563,1977,21.04,0.085,3.88,26.92,20층 1879㎡(69.8×26.9m)
단일,5 미세조정,20,20,63.0,73,17,37580,400.0,5919,43499,1976,21.03,0.119,3.877,27.62,20층 1879㎡(68.0×27.6m)
단일,5 미세조정,20,20,63.0,73,17,37580,400.0,5919,43499,1976,21.03,0.081,3.863,27.62,20층 1879㎡(68.0×27.6m)
단일,5 미세조정,20,20,63.0,73,23,37580,400.0,5716,43296,1972,20.99,0.061,3.856,30.35,20층 1879㎡(61.9×30.3m)
단일,5 미세조정,20,20,63.0,74,19,37580,400.0,5697,43277,1972,20.99,0.079,3.903,30.65,20층 1879㎡(61.3×30.7m)
단일,5 미세조정,20,20,63.0,74,19,37580,400.0,5697,43277,1972,20.99,0.097,3.902,30.65,20층 1879㎡(61.3×30.7m)
단일,5 미세조정,20,20,63.0,74,17,37580,400.0,5652,43232,1971,20.98,0.093,3.893,31.45,20층 1879㎡(59.8×31.4m)
단일,5 미세조정,20,20,63.0,74,17,37580,400.0,5983,43563,1977,21.04,0.085,3.892,26.92,20층 1879㎡(69.8×26.9m)
단일,5 미세조정,20,20,63.0,74,17,37580,400.0,5983,43563,1977,21.04,0.072,3.891,26.92,20층 1879㎡(69.8×26.9m)
단일,5 미세조정,20,20,63.0,74,22,37580,400.0,5652,43232,1971,20.98,0.11,3.889,31.45,20층 1879㎡(59.8×31.4m)
단일,1b 층수·세장비,20,20,63.0,74,17,37580,400.0,6186,43766,1980,21.08,0.073,3.887,25.03,20층 1879㎡(75.1×25.0m)
단일,5 미세조정,20,20,63.0,74,17,37580,400.0,5830,43410,1974,21.01,0.098,3.887,28.71,20층 1879㎡(65.5×28.7m)
단일,5 미세조정,20,20,63.0,74,17,37580,400.0,5669,43249,1971,20.98,0.082,3.887,31.14,20층 1879㎡(60.3×31.1m)
단일,5 미세조정,20,20,63.0,74,17,37580,400.0,5888,43468,1975,21.02,0.109,3.883,27.98,20층 1879㎡(67.2×28.0m)
단일,5 미세조정,20,20,63.0,74,19,37580,400.0,5721,43301,1972,20.99,0.121,3.883,30.26,20층 1879㎡(62.1×30.3m)
단일,5 미세조정,20,20,63.0,74,25,37580,400.0,5463,43043,1968,20.95,0.062,3.88,36.31,20층 1879㎡(51.7×36.3m)
단일,5 미세조정,20,20,63.0,74,20,37580,400.0,5772,43352,1973,21.0,0.124,3.879,29.49,20층 1879㎡(63.7×29.5m)
단일,5 미세조정,20,20,63.0,74,21,37580,400.0,5610,43190,1971,20.97,0.157,3.877,32.26,20층 1879㎡(58.2×32.3m)
단일,5 미세조정,20,20,63.0,74,17,37580,400.0,5721,43301,1972,20.99,0.059,3.877,30.26,20층 1879㎡(62.1×30.3m)
단일,5 미세조정,20,20,63.0,74,27,37580,400.0,5534,43114,1969,20.96,0.078,3.875,34.06,20층 1879㎡(55.2×34.1m)
단일,5 미세조정,20,20,63.0,74,17,37580,400.0,5624,43204,1971,20.98,0.079,3.874,31.99,20층 1879㎡(58.7×32.0m)
단일,5 미세조정,20,20,63.0,74,17,37580,400.0,5669,43249,1971,20.98,0.05,3.87,31.14,20층 1879㎡(60.3×31.1m)
단일,5 미세조정,20,20,63.0,74,17,37580,400.0,5983,43563,1977,21.04,0.055,3.869,26.92,20층 1879㎡(69.8×26.9m)
단일,5 미세조정,20,20,63.0,74,17,37580,400.0,5983,43563,1977,21.04,0.124,3.866,26.92,20층 1879㎡(69.8×26.9m)
단일,5 미세조정,20,20,63.0,74,17,37580,400.0,6126,43706,1979,21.07,0.057,3.866,25.54,20층 1879㎡(73.6×25.5m)
단일,5 미세조정,20,20,63.0,74,25,37580,400.0,5608,43188,1970,20.97,0.089,3.865,32.31,20층 1879㎡(58.2×32.3m)
단일,5 미세조정,20,20,63.0,74,27,37580,400.0,5716,43296,1972,20.99,0.101,3.862,30.35,20층 1879㎡(61.9×30.3m)
단일,5 미세조정,20,20,63.0,75,19,37580,400.0,5566,43146,1970,20.97,0.054,3.914,33.25,20층 1879㎡(56.5×33.2m)
단일,5 미세조정,20,20,63.0,75,19,37580,400.0,5775,43355,1973,21.0,0.051,3.914,29.45,20층 1879㎡(63.8×29.5m)
단일,5 미세조정,20,20,63.0,75,17,37580,400.0,5888,43468,1975,21.02,0.065,3.91,27.98,20층 1879㎡(67.2×28.0m)
단일,5 미세조정,20,20,63.0,75,17,37580,400.0,5855,43435,1975,21.02,0.075,3.909,28.38,20층 1879㎡(66.2×28.4m)
단일,5 미세조정,20,20,63.0,75,17,37580,400.0,5830,43410,1974,21.01,0.097,3.908,28.71,20층 1879㎡(65.5×28.7m)
단일,5 미세조정,20,20,63.0,75,19,37580,400.0,5652,43232,1971,20.98,0.094,3.907,31.45,20층 1879㎡(59.8×31.4m)
단일,1b 층수·세장비,20,20,63.0,75,30,37580,400.0,5489,43069,1968,20.95,0.09,3.905,35.39,20층 1879㎡(53.1×35.4m)
단일,5 미세조정,20,20,63.0,75,27,37580,400.0,5420,43000,1967,20.94,0.067,3.905,38.39,20층 1879㎡(48.9×38.4m)
단일,5 미세조정,20,20,63.0,75,20,37580,400.0,5566,43146,1970,20.97,0.096,3.903,33.25,20층 1879㎡(56.5×33.2m)
단일,5 미세조정,20,20,63.0,75,17,37580,400.0,5888,43468,1975,21.02,0.072,3.901,27.98,20층 1879㎡(67.2×28.0m)
단일,5 미세조정,20,20,63.0,75,20,37580,400.0,5566,43146,1970,20.97,0.128,3.894,33.25,20층 1879㎡(56.5×33.2m)
단일,5 미세조정,20,20,63.0,75,25,37580,400.0,5420,43000,1967,20.94,0.132,3.894,38.39,20층 1879㎡(48.9×38.4m)
단일,5 미세조정,20,20,63.0,75,27,37580,400.0,5463,43043,1968,20.95,0.137,3.89,36.31,20층 1879㎡(51.7×36.3m)
단일,5 미세조정,20,20,63.0,75,19,37580,400.0,5652,43232,1971,20.98,0.132,3.888,31.45,20층 1879㎡(59.8×31.4m)
단일,1b 층수·세장비,20,20,63.0,75,17,37580,400.0,5697,43277,1972,20.99,0.112,3.887,30.65,20층 1879㎡(61.3×30.7m)
단일,5 미세조정,20,20,63.0,75,17,37580,400.0,5697,43277,1972,20.99,0.121,3.887,30.65,20층 1879㎡(61.3×30.7m)
단일,5 미세조정,20,20,63.0,75,19,37580,400.0,5534,43114,1969,20.96,0.141,3.886,34.06,20층 1879㎡(55.2×34.1m)
단일,5 미세조정,20,20,63.0,75,19,37580,400.0,5566,43146,1970,20.97,0.154,3.884,33.25,20층 1879㎡(56.5×33.2m)
단일,5 미세조정,20,20,63.0,75,17,37580,400.0,5716,43296,1972,20.99,0.118,3.884,30.35,20층 1879㎡(61.9×30.3m)
단일,5 미세조정,20,20,63.0,75,17,37580,400.0,5888,43468,1975,21.02,0.098,3.882,27.98,20층 1879㎡(67.2×28.0m)
단일,5 미세조정,20,20,63.0,75,17,37580,400.0,6054,43634,1978,21.05,0.075,3.882,26.21,20층 1879㎡(71.7×26.2m)
단일,5 미세조정,20,20,63.0,75,23,37580,400.0,5489,43069,1968,20.95,0.094,3.881,35.39,20층 1879㎡(53.1×35.4m)
단일,5 미세조정,20,20,63.0,75,17,37580,400.0,5830,43410,1974,21.01,0.067,3.881,28.71,20층 1879㎡(65.5×28.7m)
단일,5 미세조정,20,20,63.0,75,17,37580,400.0,5830,43410,1974,21.01,0.121,3.878,28.71,20층 1879㎡(65.5×28.7m)
단일,5 미세조정,20,20,63.0,75,17,37580,400.0,5830,43410,1974,21.01,0.129,3.876,28.71,20층 1879㎡(65.5×28.7m)
단일,5 미세조정,20,20,63.0,75,17,37580,400.0,5888,43468,1975,21.02,0.11,3.874,27.98,20층 1879㎡(67.2×28.0m)
단일,5 미세조정,20,20,63.0,75,19,37580,400.0,5652,43232,1971,20.98,0.163,3.872,31.45,20층 1879㎡(59.8×31.4m)
단일,5 미세조정,20,20,63.0,75,17,37580,400.0,5721,43301,1972,20.99,0.067,3.871,30.26,20층 1879㎡(62.1×30.3m)
단일,5 미세조정,20,20,63.0,75,23,37580,400.0,5716,43296,1972,20.99,0.126,3.862,30.35,20층 1879㎡(61.9×30.3m)
단일,5 미세조정,20,20,63.0,75,25,37580,400.0,5624,43204,1971,20.98,0.118,3.862,31.99,20층 1879㎡(58.7×32.0m)
단일,5 미세조정,20,20,63.0,75,17,37580,400.0,5983,43563,1977,21.04,0.086,3.852,26.92,20층 1879㎡(69.8×26.9m)
단일,5 미세조정,20,20,63.0,76,18,37580,400.0,5697,43277,1972,20.99,0.049,3.923,30.65,20층 1879㎡(61.3×30.7m)
단일,5 미세조정,20,20,63.0,76,23,37580,400.0,5420,43000,1967,20.94,0.062,3.918,38.39,20층 1879㎡(48.9×38.4m)
단일,1b 층수·세장비,20,20,63.0,76,18,37580,400.0,5937,43517,1976,21.03,0.056,3.913,27.42,20층 1879㎡(68.5×27.4m)
단일,5 미세조정,20,20,63.0,76,19,37580,400.0,5830,43410,1974,21.01,0.056,3.912,28.71,20층 1879㎡(65.5×28.7m)
단일,5 미세조정,20,20,63.0,76,19,37580,400.0,5772,43352,1973,21.0,0.061,3.907,29.49,20층 1879㎡(63.7×29.5m)
단일,5 미세조정,20,20,63.0,76,20,37580,400.0,5534,43114,1969,20.96,0.109,3.906,34.06,20층 1879㎡(55.2×34.1m)
단일,5 미세조정,20,20,63.0,76,21,37580,400.0,5463,43043,1968,20.95,0.123,3.905,36.31,20층 1879㎡(51.7×36.3m)
단일,5 미세조정,20,20,63.0,76,19,37580,400.0,5772,43352,1973,21.0,0.083,3.902,29.49,20층 1879㎡(63.7×29.5m)
단일,1b 층수·세장비,20,20,63.0,76,17,37580,400.0,5937,43517,1976,21.03,0.082,3.898,27.42,20층 1879㎡(68.5×27.4m)
단일,5 미세조정,20,20,63.0,76,17,37580,400.0,5888,43468,1975,21.02,0.095,3.896,27.98,20층 1879㎡(67.2×28.0m)
단일,5 미세조정,20,20,63.0,76,19,37580,400.0,5566,43146,1970,20.97,0.123,3.895,33.25,20층 1879㎡(56.5×33.2m)
단일,5 미세조정,20,20,63.0,76,24,37580,400.0,5463,43043,1968,20.95,0.132,3.895,36.31,20층 1879㎡(51.7×36.3m)
단일,5 미세조정,20,20,63.0,76,28,37580,400.0,5420,43000,1967,20.94,0.099,3.893,38.39,20층 1879㎡(48.9×38.4m)
단일,5 미세조정,20,20,63.0,76,25,37580,400.0,5624,43204,1971,20.98,0.111,3.89,31.99,20층 1879㎡(58.7×32.0m)
단일,5 미세조정,20,20,63.0,76,17,37580,400.0,5775,43355,1973,21.0,0.129,3.884,29.45,20층 1879㎡(63.8×29.5m)
단일,5 미세조정,20,20,63.0,76,17,37580,400.0,5983,43563,1977,21.04,0.11,3.88,26.92,20층 1879㎡(69.8×26.9m)
단일,5 미세조정,20,20,63.0,76,17,37580,400.0,5772,43352,1973,21.0,0.126,3.879,29.49,20층 1879㎡(63.7×29.5m)
단일,5 미세조정,20,20,63.0,76,19,37580,400.0,5721,43301,1972,20.99,0.138,3.878,30.26,20층 1879㎡(62.1×30.3m)
단일,5 미세조정,20,20,63.0,76,17,37580,400.0,5830,43410,1974,21.01,0.135,3.877,28.71,20층 1879㎡(65.5×28.7m)
단일,5 미세조정,20,20,63.0,76,19,37580,400.0,5697,43277,1972,20.99,0.148,3.876,30.65,20층 1879㎡(61.3×30.7m)
단일,5 미세조정,20,20,63.0,76,17,37580,400.0,5855,43435,1975,21.02,0.107,3.875,28.38,20층 1879㎡(66.2×28.4m)
단일,5 미세조정,20,20,63.0,76,17,37580,400.0,5983,43563,1977,21.04,0.048,3.875,26.92,20층 1879㎡(69.8×26.9m)
단일,5 미세조정,20,20,63.0,76,17,37580,400.0,5697,43277,1972,20.99,0.088,3.87,30.65,20층 1879㎡(61.3×30.7m)
단일,5 미세조정,20,20,63.0,76,17,37580,400.0,5721,43301,1972,20.99,0.155,3.87,30.26,20층 1879㎡(62.1×30.3m)
단일,5 미세조정,20,20,63.0,76,23,37580,400.0,5772,43352,1973,21.0,0.133,3.87,29.49,20층 1879㎡(63.7×29.5m)
단일,1b 층수·세장비,20,20,63.0,76,17,37580,400.0,5937,43517,1976,21.03,0.049,3.869,27.42,20층 1879㎡(68.5×27.4m)
단일,1b 층수·세장비,20,20,63.0,76,17,37580,400.0,5697,43277,1972,20.99,0.125,3.869,30.65,20층 1879㎡(61.3×30.7m)
단일,5 미세조정,20,20,63.0,76,21,37580,400.0,5608,43188,1970,20.97,0.145,3.869,32.31,20층 1879㎡(58.2×32.3m)
단일,5 미세조정,20,20,63.0,76,23,37580,400.0,5716,43296,1972,20.99,0.095,3.869,30.35,20층 1879㎡(61.9×30.3m)
단일,5 미세조정,20,20,63.0,76,17,37580,400.0,5697,43277,1972,20.99,0.169,3.868,30.65,20층 1879㎡(61.3×30.7m)
단일,5 미세조정,20,20,63.0,76,23,37580,400.0,5721,43301,1972,20.99,0.066,3.862,30.26,20층 1879㎡(62.1×30.3m)
단일,5 미세조정,20,20,63.0,76,17,37580,400.0,5721,43301,1972,20.99,0.099,3.86,30.26,20층 1879㎡(62.1×30.3m)
단일,5 미세조정,20,20,63.0,76,21,37580,400.0,5888,43468,1975,21.02,0.165,3.852,27.98,20층 1879㎡(67.2×28.0m)
단일,5 미세조정,20,20,63.0,77,21,37580,400.0,5489,43069,1968,20.95,0.067,3.93,35.39,20층 1879㎡(53.1×35.4m)
단일,5 미세조정,20,20,63.0,77,21,37580,400.0,5772,43352,1973,21.0,0.054,3.924,29.49,20층 1879㎡(63.7×29.5m)
단일,1b 층수·세장비,20,20,63.0,77,24,37580,400.0,5697,43277,1972,20.99,0.065,3.913,30.65,20층 1879㎡(61.3×30.7m)
단일,5 미세조정,20,20,63.0,77,17,37580,400.0,5772,43352,1973,21.0,0.073,3.907,29.49,20층 1879㎡(63.7×29.5m)
단일,5 미세조정,20,20,63.0,77,17,37580,400.0,5775,43355,1973,21.0,0.086,3.905,29.45,20층 1879㎡(63.8×29.5m)
단일,5 미세조정,20,20,63.0,77,23,37580,400.0,5652,43232,1971,20.98,0.109,3.898,31.45,20층 1879㎡(59.8×31.4m)
단일,5 미세조정,20,20,63.0,77,25,37580,400.0,5420,43000,1967,20.94,0.125,3.893,38.39,20층 1879㎡(48.9×38.4m)
단일,5 미세조정,20,20,63.0,77,17,37580,400.0,5716,43296,1972,20.99,0.122,3.893,30.35,20층 1879㎡(61.9×30.3m)
단일,5 미세조정,20,20,63.0,77,27,37580,400.0,5463,43043,1968,20.95,0.063,3.89,36.31,20층 1879㎡(51.7×36.3m)
단일,5 미세조정,20,20,63.0,77,17,37580,400.0,5983,43563,1977,21.04,0.078,3.89,26.92,20층 1879㎡(69.8×26.9m)
단일,5 미세조정,20,20,63.0,77,17,37580,400.0,5721,43301,1972,20.99,0.101,3.887,30.26,20층 1879㎡(62.1×30.3m)
단일,5 미세조정,20,20,63.0,77,17,37580,400.0,5716,43296,1972,20.99,0.088,3.884,30.35,20층 1879㎡(61.9×30.3m)
단일,5 미세조정,20,20,63.0,77,26,37580,400.0,5463,43043,1968,20.95,0.087,3.88,36.31,20층 1879㎡(51.7×36.3m)
단일,5 미세조정,20,20,63.0,77,23,37580,400.0,5489,43069,1968,20.95,0.154,3.879,35.39,20층 1879㎡(53.1×35.4m)
단일,5 미세조정,20,20,63.0,77,20,37580,400.0,5489,43069,1968,20.95,0.118,3.878,35.39,20층 1879㎡(53.1×35.4m)
단일,5 미세조정,20,20,63.0,77,17,37580,400.0,5888,43468,1975,21.02,0.12,3.874,27.98,20층 1879㎡(67.2×28.0m)
단일,5 미세조정,20,20,63.0,77,22,37580,400.0,5697,43277,1972,20.99,0.147,3.874,30.65,20층 1879㎡(61.3×30.7m)
단일,5 미세조정,20,20,63.0,77,17,37580,400.0,5855,43435,1975,21.02,0.137,3.872,28.38,20층 1879㎡(66.2×28.4m)
단일,5 미세조정,20,20,63.0,77,20,37580,400.0,5855,43435,1975,21.02,0.129,3.872,28.38,20층 1879㎡(66.2×28.4m)
단일,5 미세조정,20,20,63.0,77,20,37580,400.0,5721,43301,1972,20.99,0.152,3.87,30.26,20층 1879㎡(62.1×30.3m)
단일,5 미세조정,20,20,63.0,77,17,37580,400.0,5855,43435,1975,21.02,0.132,3.869,28.38,20층 1879㎡(66.2×28.4m)
단일,5 미세조정,20,20,63.0,77,17,37580,400.0,5983,43563,1977,21.04,0.079,3.864,26.92,20층 1879㎡(69.8×26.9m)
단일,5 미세조정,20,20,63.0,77,21,37580,400.0,5830,43410,1974,21.01,0.159,3.856,28.71,20층 1879㎡(65.5×28.7m)
단일,5 미세조정,20,20,63.0,77,25,37580,400.0,5608,43188,1970,20.97,0.059,3.854,32.31,20층 1879㎡(58.2×32.3m)
단일,5 미세조정,20,20,63.0,77,21,37580,400.0,5772,43352,1973,21.0,0.102,3.853,29.49,20층 1879㎡(63.7×29.5m)
단일,5 미세조정,20,20,63.0,77,17,37580,400.0,5772,43352,1973,21.0,0.161,3.853,29.49,20층 1879㎡(63.7×29.5m)
단일,5 미세조정,20,20,63.0,77,23,37580,400.0,5721,43301,1972,20.99,0.128,3.848,30.26,20층 1879㎡(62.1×30.3m)
단일,5 미세조정,20,20,63.0,77,17,37580,400.0,5888,43468,1975,21.02,0.074,3.836,27.98,20층 1879㎡(67.2×28.0m)
단일,1b 층수·세장비,20,20,63.0,78,24,37580,400.0,5489,43069,1968,20.95,0.068,3.915,35.39,20층 1879㎡(53.1×35.4m)
단일,1b 층수·세장비,20,20,63.0,78,16,37580,400.0,6186,43766,1980,21.08,0.056,3.914,25.03,20층 1879㎡(75.1×25.0m)
단일,5 미세조정,20,20,63.0,78,19,37580,400.0,5566,43146,1970,20.97,0.064,3.911,33.25,20층 1879㎡(56.5×33.2m)
단일,5 미세조정,20,20,63.0,78,24,37580,400.0,5420,43000,1967,20.94,0.118,3.906,38.39,20층 1879㎡(48.9×38.4m)
단일,5 미세조정,20,20,63.0,78,17,37580,400.0,5888,43468,1975,21.02,0.082,3.902,27.98,20층 1879㎡(67.2×28.0m)
단일,5 미세조정,20,20,63.0,78,17,37580,400.0,5919,43499,1976,21.03,0.105,3.9,27.62,20층 1879㎡(68.0×27.6m)
단일,5 미세조정,20,20,63.0,78,17,37580,400.0,5888,43468,1975,21.02,0.096,3.899,27.98,20층 1879㎡(67.2×28.0m)
단일,5 미세조정,20,20,63.0,78,18,37580,400.0,6054,43634,1978,21.05,0.068,3.891,26.21,20층 1879㎡(71.7×26.2m)
단일,5 미세조정,20,20,63.0,78,19,37580,400.0,5697,43277,1972,20.99,0.049,3.89,30.65,20층 1879㎡(61.3×30.7m)
단일,5 미세조정,20,20,63.0,78,23,37580,400.0,5652,43232,1971,20.98,0.131,3.884,31.45,20층 1879㎡(59.8×31.4m)
단일,5 미세조정,20,20,63.0,78,19,37580,400.0,5566,43146,1970,20.97,0.174,3.879,33.25,20층 1879㎡(56.5×33.2m)
단일,5 미세조정,20,20,63.0,78,17,37580,400.0,5983,43563,1977,21.04,0.086,3.877,26.92,20층 1879㎡(69.8×26.9m)
단일,5 미세조정,20,20,63.0,78,20,37580,400.0,5652,43232,1971,20.98,0.167,3.873,31.45,20층 1879㎡(59.8×31.4m)
단일,5 미세조정,20,20,63.0,78,17,37580,400.0,5888,43468,1975,21.02,0.134,3.869,27.98,20층 1879㎡(67.2×28.0m)
단일,5 미세조정,20,20,63.0,78,27,37580,400.0,5534,43114,1969,20.96,0.081,3.865,34.06,20층 1879㎡(55.2×34.1m)
단일,5 미세조정,20,20,63.0,78,17,37580,400.0,5983,43563,1977,21.04,0.141,3.864,26.92,20층 1879㎡(69.8×26.9m)
단일,5 미세조정,20,20,63.0,78,17,37580,400.0,5716,43296,1972,20.99,0.15,3.849,30.35,20층 1879㎡(61.9×30.3m)
단일,5 미세조정,20,20,63.0,78,17,37580,400.0,5772,43352,1973,21.0,0.193,3.845,29.49,20층 1879㎡(63.7×29.5m)
단일,5 미세조정,20,20,63.0,78,21,37580,400.0,5830,43410,1974,21.01,0.137,3.843,28.71,20층 1879㎡(65.5×28.7m)
단일,5 미세조정,20,20,63.0,78,19,37580,400.0,5855,43435,1975,21.02,0.109,3.839,28.38,20층 1879㎡(66.2×28.4m)
단일,5 미세조정,20,20,63.0,78,21,37580,400.0,5830,43410,1974,21.01,0.115,3.837,28.71,20층 1879㎡(65.5×28.7m)
단일,5 미세조정,20,20,63.0,79,20,37580,400.0,5888,43468,1975,21.02,0.058,3.919,27.98,20층 1879㎡(67.2×28.0m)
단일,5 미세조정,20,20,63.0,79,25,37580,400.0,5420,43000,1967,20.94,0.087,3.914,38.39,20층 1879㎡(48.9×38.4m)
단일,5 미세조정,20,20,63.0,79,21,37580,400.0,5420,43000,1967,20.94,0.107,3.913,38.39,20층 1879㎡(48.9×38.4m)
단일,5 미세조정,20,20,63.0,79,19,37580,400.0,5566,43146,1970,20.97,0.093,3.902,33.25,20층 1879㎡(56.5×33.2m)
단일,5 미세조정,20,20,63.0,79,19,37580,400.0,5697,43277,1972,20.99,0.096,3.898,30.65,20층 1879㎡(61.3×30.7m)
단일,5 미세조정,20,20,63.0,79,20,37580,400.0,5652,43232,1971,20.98,0.094,3.897,31.45,20층 1879㎡(59.8×31.4m)
단일,5 미세조정,20,20,63.0,79,17,37580,400.0,5697,43277,1972,20.99,0.114,3.896,30.65,20층 1879㎡(61.3×30.7m)
단일,5 미세조정,20,20,63.0,79,19,37580,400.0,5775,43355,1973,21.0,0.055,3.894,29.45,20층 1879㎡(63.8×29.5m)
단일,5 미세조정,20,20,63.0,79,25,37580,400.0,5420,43000,1967,20.94,0.169,3.892,38.39,20층 1879㎡(48.9×38.4m)
단일,5 미세조정,20,20,63.0,79,19,37580,400.0,5888,43468,1975,21.02,0.092,3.89,27.98,20층 1879㎡(67.2×28.0m)
단일,5 미세조정,20,20,63.0,79,27,37580,400.0,5489,43069,1968,20.95,0.129,3.882,35.39,20층 1879㎡(53.1×35.4m)
단일,5 미세조정,20,20,63.0,79,17,37580,400.0,5721,43301,1972,20.99,0.124,3.875,30.26,20층 1879㎡(62.1×30.3m)
단일,5 미세조정,20,20,63.0,79,25,37580,400.0,5463,43043,1968,20.95,0.094,3.874,36.31,20층 1879㎡(51.7×36.3m)
단일,5 미세조정,20,20,63.0,79,17,37580,400.0,5983,43563,1977,21.04,0.149,3.867,26.92,20층 1879㎡(69.8×26.9m)
단일,5 미세조정,20,20,63.0,79,17,37580,400.0,5772,43352,1973,21.0,0.095,3.859,29.49,20층 1879㎡(63.7×29.5m)
단일,5 미세조정,20,20,63.0,79,21,37580,400.0,5624,43204,1971,20.98,0.142,3.855,31.99,20층 1879㎡(58.7×32.0m)
단일,5 미세조정,20,20,63.0,79,17,37580,400.0,6126,43706,1979,21.07,0.064,3.853,25.54,20층 1879㎡(73.6×25.5m)
단일,5 미세조정,20,20,63.0,79,17,37580,400.0,5772,43352,1973,21.0,0.209,3.845,29.49,20층 1879㎡(63.7×29.5m)
단일,5 미세조정,20,20,63.0,80,21,37580,400.0,5652,43232,1971,20.98,0.053,3.922,31.45,20층 1879㎡(59.8×31.4m)
단일,5 미세조정,20,20,63.0,80,21,37580,400.0,5420,43000,1967,20.94,0.094,3.911,38.39,20층 1879㎡(48.9×38.4m)
단일,5 미세조정,20,20,63.0,80,20,37580,400.0,5772,43352,1973,21.0,0.063,3.909,29.49,20층 1879㎡(63.7×29.5m)
단일,5 미세조정,20,20,63.0,80,20,37580,400.0,5772,43352,1973,21.0,0.075,3.905,29.49,20층 1879㎡(63.7×29.5m)
단일,1b 층수·세장비,20,20,63.0,80,17,37580,400.0,6186,43766,1980,21.08,0.099,3.902,25.03,20층 1879㎡(75.1×25.0m)
단일,5 미세조정,20,20,63.0,80,19,37580,400.0,5652,43232,1971,20.98,0.092,3.901,31.45,20층 1879㎡(59.8×31.4m)
단일,5 미세조정,20,20,63.0,80,21,37580,400.0,5697,43277,1972,20.99,0.098,3.898,30.65,20층 1879㎡(61.3×30.7m)
단일,5 미세조정,20,20,63.0,80,22,37580,400.0,5420,43000,1967,20.94,0.099,3.886,38.39,20층 1879㎡(48.9×38.4m)
단일,5 미세조정,20,20,63.0,80,17,37580,400.0,5888,43468,1975,21.02,0.119,3.886,27.98,20층 1879㎡(67.2×28.0m)
단일,5 미세조정,20,20,63.0,80,19,37580,400.0,5608,43188,1970,20.97,0.185,3.875,32.31,20층 1879㎡(58.2×32.3m)
단일,5 미세조정,20,20,63.0,80,17,37580,400.0,5772,43352,1973,21.0,0.161,3.866,29.49,20층 1879㎡(63.7×29.5m)
단일,5 미세조정,20,20,63.0,80,21,37580,400.0,5608,43188,1970,20.97,0.192,3.863,32.31,20층 1879㎡(58.2×32.3m)
단일,5 미세조정,20,20,63.0,80,23,37580,400.0,5772,43352,1973,21.0,0.168,3.853,29.49,20층 1879㎡(63.7×29.5m)
단일,1b 층수·세장비,20,20,63.0,80,17,37580,400.0,5697,43277,1972,20.99,0.064,3.849,30.65,20층 1879㎡(61.3×30.7m)
단일,1b 층수·세장비,20,20,63.0,81,21,37580,400.0,5697,43277,1972,20.99,0.075,3.919,30.65,20층 1879㎡(61.3×30.7m)
단일,1b 층수·세장비,20,20,63.0,81,26,37580,400.0,5489,43069,1968,20.95,0.056,3.913,35.39,20층 1879㎡(53.1×35.4m)
단일,5 미세조정,20,20,63.0,81,21,37580,400.0,5697,43277,1972,20.99,0.09,3.91,30.65,20층 1879㎡(61.3×30.7m)
단일,5 미세조정,20,20,63.0,81,25,37580,400.0,5463,43043,1968,20.95,0.074,3.904,36.31,20층 1879㎡(51.7×36.3m)
단일,5 미세조정,20,20,63.0,81,21,37580,400.0,5888,43468,1975,21.02,0.08,3.899,27.98,20층 1879㎡(67.2×28.0m)
단일,5 미세조정,20,20,63.0,81,19,37580,400.0,5697,43277,1972,20.99,0.108,3.894,30.65,20층 1879㎡(61.3×30.7m)
단일,5 미세조정,20,20,63.0,81,27,37580,400.0,5420,43000,1967,20.94,0.106,3.882,38.39,20층 1879㎡(48.9×38.4m)
단일,5 미세조정,20,20,63.0,81,22,37580,400.0,5463,43043,1968,20.95,0.08,3.88,36.31,20층 1879㎡(51.7×36.3m)
단일,5 미세조정,20,20,63.0,81,17,37580,400.0,5919,43499,1976,21.03,0.137,3.88,27.62,20층 1879㎡(68.0×27.6m)
단일,5 미세조정,20,20,63.0,81,22,37580,400.0,5888,43468,1975,21.02,0.12,3.879,27.98,20층 1879㎡(67.2×28.0m)
단일,5 미세조정,20,20,63.0,81,22,37580,400.0,5463,43043,1968,20.95,0.137,3.877,36.31,20층 1879㎡(51.7×36.3m)
단일,5 미세조정,20,20,63.0,81,22,37580,400.0,5489,43069,1968,20.95,0.085,3.877,35.39,20층 1879㎡(53.1×35.4m)
단일,5 미세조정,20,20,63.0,81,17,37580,400.0,6126,43706,1979,21.07,0.129,3.871,25.54,20층 1879㎡(73.6×25.5m)
단일,5 미세조정,20,20,63.0,81,22,37580,400.0,5489,43069,1968,20.95,0.143,3.87,35.39,20층 1879㎡(53.1×35.4m)
단일,5 미세조정,20,20,63.0,81,19,37580,400.0,5534,43114,1969,20.96,0.067,3.87,34.06,20층 1879㎡(55.2×34.1m)
단일,5 미세조정,20,20,63.0,81,17,37580,400.0,6054,43634,1978,21.05,0.114,3.87,26.21,20층 1879㎡(71.7×26.2m)
단일,5 미세조정,20,20,63.0,81,21,37580,400.0,5489,43069,1968,20.95,0.124,3.86,35.39,20층 1879㎡(53.1×35.4m)
단일,5 미세조정,20,20,63.0,81,17,37580,400.0,5888,43468,1975,21.02,0.104,3.86,27.98,20층 1879㎡(67.2×28.0m)
단일,5 미세조정,20,20,63.0,81,17,37580,400.0,6054,43634,1978,21.05,0.084,3.857,26.21,20층 1879㎡(71.7×26.2m)
단일,5 미세조정,20,20,63.0,81,17,37580,400.0,5830,43410,1974,21.01,0.198,3.849,28.71,20층 1879㎡(65.5×28.7m)
단일,1b 층수·세장비,20,20,63.0,81,17,37580,400.0,6186,43766,1980,21.08,0.063,3.848,25.03,20층 1879㎡(75.1×25.0m)
단일,5 미세조정,20,20,63.0,81,17,37580,400.0,5983,43563,1977,21.04,0.079,3.848,26.92,20층 1879㎡(69.8×26.9m)
단일,5 미세조정,20,20,63.0,81,17,37580,400.0,5830,43410,1974,21.01,0.095,3.843,28.71,20층 1879㎡(65.5×28.7m)
단일,5 미세조정,20,20,63.0,81,17,37580,400.0,5830,43410,1974,21.01,0.161,3.839,28.71,20층 1879㎡(65.5×28.7m)
단일,1b 층수·세장비,20,20,63.0,82,25,37580,400.0,5489,43069,1968,20.95,0.063,3.934,35.39,20층 1879㎡(53.1×35.4m)
단일,5 미세조정,20,20,63.0,82,20,37580,400.0,5652,43232,1971,20.98,0.059,3.916,31.45,20층 1879㎡(59.8×31.4m)
단일,5 미세조정,20,20,63.0,82,20,37580,400.0,5652,43232,1971,20.98,0.055,3.916,31.45,20층 1879㎡(59.8×31.4m)
단일,5 미세조정,20,20,63.0,82,21,37580,400.0,5772,43352,1973,21.0,0.11,3.897,29.49,20층 1879㎡(63.7×29.5m)
단일,5 미세조정,20,20,63.0,82,19,37580,400.0,5697,43277,1972,20.99,0.112,3.891,30.65,20층 1879㎡(61.3×30.7m)
단일,5 미세조정,20,20,63.0,82,21,37580,400.0,5888,43468,1975,21.02,0.101,3.89,27.98,20층 1879㎡(67.2×28.0m)
단일,5 미세조정,20,20,63.0,82,19,37580,400.0,5489,43069,1968,20.95,0.161,3.888,35.39,20층 1879㎡(53.1×35.4m)
단일,5 미세조정,20,20,63.0,82,19,37580,400.0,5652,43232,1971,20.98,0.135,3.887,31.45,20층 1879㎡(59.8×31.4m)
단일,5 미세조정,20,20,63.0,82,20,37580,400.0,5489,43069,1968,20.95,0.087,3.886,35.39,20층 1879㎡(53.1×35.4m)
단일,5 미세조정,20,20,63.0,82,19,37580,400.0,5608,43188,1970,20.97,0.154,3.883,32.31,20층 1879㎡(58.2×32.3m)
단일,5 미세조정,20,20,63.0,82,17,37580,400.0,5830,43410,1974,21.01,0.092,3.878,28.71,20층 1879㎡(65.5×28.7m)
단일,5 미세조정,20,20,63.0,82,19,37580,400.0,5534,43114,1969,20.96,0.157,3.875,34.06,20층 1879㎡(55.2×34.1m)
단일,5 미세조정,20,20,63.0,82,17,37580,400.0,5919,43499,1976,21.03,0.13,3.873,27.62,20층 1879㎡(68.0×27.6m)
단일,1b 층수·세장비,20,20,63.0,82,17,37580,400.0,6186,43766,1980,21.08,0.089,3.862,25.03,20층 1879㎡(75.1×25.0m)
단일,5 미세조정,20,20,63.0,82,17,37580,400.0,5830,43410,1974,21.01,0.166,3.86,28.71,20층 1879㎡(65.5×28.7m)
단일,1b 층수·세장비,20,20,63.0,82,17,37580,400.0,5937,43517,1976,21.03,0.157,3.858,27.42,20층 1879㎡(68.5×27.4m)
단일,5 미세조정,20,20,63.0,82,17,37580,400.0,6126,43706,1979,21.07,0.088,3.856,25.54,20층 1879㎡(73.6×25.5m)
단일,5 미세조정,20,20,63.0,82,17,37580,400.0,5855,43435,1975,21.02,0.2,3.845,28.38,20층 1879㎡(66.2×28.4m)
단일,5 미세조정,20,20,63.0,82,17,37580,400.0,5721,43301,1972,20.99,0.13,3.844,30.26,20층 1879㎡(62.1×30.3m)
단일,1b 층수·세장비,20,20,63.0,83,20,37580,400.0,5697,43277,1972,20.99,0.095,3.912,30.65,20층 1879㎡(61.3×30.7m)
단일,5 미세조정,20,20,63.0,83,24,37580,400.0,5489,43069,1968,20.95,0.123,3.909,35.39,20층 1879㎡(53.1×35.4m)
단일,5 미세조정,20,20,63.0,83,21,37580,400.0,5772,43352,1973,21.0,0.08,3.904,29.49,20층 1879㎡(63.7×29.5m)
단일,5 미세조정,20,20,63.0,83,19,37580,400.0,5888,43468,1975,21.02,0.071,3.904,27.98,20층 1879㎡(67.2×28.0m)
단일,5 미세조정,20,20,63.0,83,18,37580,400.0,5888,43468,1975,21.02,0.084,3.898,27.98,20층 1879㎡(67.2×28.0m)
단일,5 미세조정,20,20,63.0,83,19,37580,400.0,5652,43232,1971,20.98,0.107,3.896,31.45,20층 1879㎡(59.8×31.4m)
단일,5 미세조정,20,20,63.0,83,21,37580,400.0,5888,43468,1975,21.02,0.082,3.896,27.98,20층 1879㎡(67.2×28.0m)
단일,5 미세조정,20,20,63.0,83,21,37580,400.0,5608,43188,1970,20.97,0.147,3.892,32.31,20층 1879㎡(58.2×32.3m)
단일,5 미세조정,20,20,63.0,83,19,37580,400.0,5463,43043,1968,20.95,0.157,3.887,36.31,20층 1879㎡(51.7×36.3m)
단일,5 미세조정,20,20,63.0,83,19,37580,400.0,5669,43249,1971,20.98,0.107,3.88,31.14,20층 1879㎡(60.3×31.1m)
단일,5 미세조정,20,20,63.0,83,20,37580,400.0,5697,43277,1972,20.99,0.16,3.874,30.65,20층 1879㎡(61.3×30.7m)
단일,5 미세조정,20,20,63.0,83,19,37580,400.0,5669,43249,1971,20.98,0.074,3.869,31.14,20층 1879㎡(60.3×31.1m)
단일,5 미세조정,20,20,63.0,83,17,37580,400.0,6126,43706,1979,21.07,0.119,3.863,25.54,20층 1879㎡(73.6×25.5m)
단일,5 미세조정,20,20,63.0,83,17,37580,400.0,5855,43435,1975,21.02,0.164,3.857,28.38,20층 1879㎡(66.2×28.4m)
단일,5 미세조정,20,20,63.0,83,19,37580,400.0,5608,43188,1970,20.97,0.201,3.851,32.31,20층 1879㎡(58.2×32.3m)
단일,5 미세조정,20,20,63.0,83,17,37580,400.0,5830,43410,1974,21.01,0.063,3.849,28.71,20층 1879㎡(65.5×28.7m)
단일,5 미세조정,20,20,63.0,83,17,37580,400.0,5721,43301,1972,20.99,0.153,3.838,30.26,20층 1879㎡(62.1×30.3m)
단일,5 미세조정,20,20,63.0,83,17,37580,400.0,5772,43352,1973,21.0,0.158,3.83,29.49,20층 1879㎡(63.7×29.5m)
단일,1b 층수·세장비,20,20,63.0,84,25,37580,400.0,5489,43069,1968,20.95,0.082,3.928,35.39,20층 1879㎡(53.1×35.4m)
단일,5 미세조정,20,20,63.0,84,22,37580,400.0,5566,43146,1970,20.97,0.085,3.919,33.25,20층 1879㎡(56.5×33.2m)
단일,5 미세조정,20,20,63.0,84,20,37580,400.0,5697,43277,1972,20.99,0.062,3.913,30.65,20층 1879㎡(61.3×30.7m)
단일,5 미세조정,20,20,63.0,84,21,37580,400.0,5566,43146,1970,20.97,0.09,3.912,33.25,20층 1879㎡(56.5×33.2m)
단일,5 미세조정,20,20,63.0,84,21,37580,400.0,5566,43146,1970,20.97,0.071,3.911,33.25,20층 1879㎡(56.5×33.2m)
단일,5 미세조정,20,20,63.0,84,22,37580,400.0,5608,43188,1970,20.97,0.116,3.911,32.31,20층 1879㎡(58.2×32.3m)
단일,5 미세조정,20,20,63.0,84,21,37580,400.0,5697,43277,1972,20.99,0.107,3.909,30.65,20층 1879㎡(61.3×30.7m)
단일,1b 층수·세장비,20,20,63.0,84,14,37580,400.0,6682,44262,1988,21.16,0.05,3.903,21.67,20층 1879㎡(86.7×21.7m)
단일,5 미세조정,20,20,63.0,84,20,37580,400.0,5566,43146,1970,20.97,0.121,3.9,33.25,20층 1879㎡(56.5×33.2m)
단일,5 미세조정,20,20,63.0,84,22,37580,400.0,5566,43146,1970,20.97,0.12,3.897,33.25,20층 1879㎡(56.5×33.2m)
단일,5 미세조정,20,20,63.0,84,20,37580,400.0,5888,43468,1975,21.02,0.085,3.897,27.98,20층 1879㎡(67.2×28.0m)
단일,5 미세조정,20,20,63.0,84,21,37580,400.0,5420,43000,1967,20.94,0.167,3.893,38.39,20층 1879㎡(48.9×38.4m)
단일,5 미세조정,20,20,63.0,84,19,37580,400.0,5652,43232,1971,20.98,0.139,3.886,31.45,20층 1879㎡(59.8×31.4m)
단일,5 미세조정,20,20,63.0,84,19,37580,400.0,5697,43277,1972,20.99,0.128,3.885,30.65,20층 1879㎡(61.3×30.7m)
단일,1b 층수·세장비,20,20,63.0,84,23,37580,400.0,6186,43766,1980,21.08,0.086,3.882,25.03,20층 1879㎡(75.1×25.0m)
단일,5 미세조정,20,20,63.0,84,19,37580,400.0,5534,43114,1969,20.96,0.172,3.881,34.06,20층 1879㎡(55.2×34.1m)
단일,5 미세조정,20,20,63.0,84,17,37580,400.0,6054,43634,1978,21.05,0.107,3.879,26.21,20층 1879㎡(71.7×26.2m)
단일,5 미세조정,20,20,63.0,84,19,37580,400.0,5652,43232,1971,20.98,0.181,3.876,31.45,20층 1879㎡(59.8×31.4m)
단일,5 미세조정,20,20,63.0,84,19,37580,400.0,5697,43277,1972,20.99,0.16,3.874,30.65,20층 1879㎡(61.3×30.7m)
단일,5 미세조정,20,20,63.0,84,16,37580,400.0,6054,43634,1978,21.05,0.077,3.874,26.21,20층 1879㎡(71.7×26.2m)
단일,5 미세조정,20,20,63.0,84,21,37580,400.0,5463,43043,1968,20.95,0.196,3.869,36.31,20층 1879㎡(51.7×36.3m)
단일,5 미세조정,20,20,63.0,84,17,37580,400.0,6054,43634,1978,21.05,0.139,3.863,26.21,20층 1879㎡(71.7×26.2m)
단일,5 미세조정,20,20,63.0,84,19,37580,400.0,5697,43277,1972,20.99,0.203,3.86,30.65,20층 1879㎡(61.3×30.7m)
단일,5 미세조정,20,20,63.0,84,17,37580,400.0,6054,43634,1978,21.05,0.155,3.858,26.21,20층 1879㎡(71.7×26.2m)
단일,5 미세조정,20,20,63.0,84,17,37580,400.0,5772,43352,1973,21.0,0.119,3.851,29.49,20층 1879㎡(63.7×29.5m)
단일,5 미세조정,20,20,63.0,84,17,37580,400.0,5888,43468,1975,21.02,0.197,3.84,27.98,20층 1879㎡(67.2×28.0m)
단일,5 미세조정,20,20,63.0,85,24,37580,400.0,5420,43000,1967,20.94,0.073,3.926,38.39,20층 1879㎡(48.9×38.4m)
단일,1b 층수·세장비,20,20,63.0,85,22,37580,400.0,5489,43069,1968,20.95,0.058,3.923,35.39,20층 1879㎡(53.1×35.4m)
단일,1b 층수·세장비,20,20,63.0,85,21,37580,400.0,5697,43277,1972,20.99,0.055,3.922,30.65,20층 1879㎡(61.3×30.7m)
단일,1b 층수·세장비,20,20,63.0,85,22,37580,400.0,5489,43069,1968,20.95,0.088,3.911,35.39,20층 1879㎡(53.1×35.4m)
단일,5 미세조정,20,20,63.0,85,21,37580,400.0,5566,43146,1970,20.97,0.117,3.901,33.25,20층 1879㎡(56.5×33.2m)
단일,5 미세조정,20,20,63.0,85,22,37580,400.0,5652,43232,1971,20.98,0.109,3.9,31.45,20층 1879㎡(59.8×31.4m)
단일,5 미세조정,20,20,63.0,85,22,37580,400.0,5697,43277,1972,20.99,0.111,3.898,30.65,20층 1879㎡(61.3×30.7m)
단일,5 미세조정,20,20,63.0,85,24,37580,400.0,5489,43069,1968,20.95,0.08,3.897,35.39,20층 1879㎡(53.1×35.4m)
단일,5 미세조정,20,20,63.0,85,24,37580,400.0,5534,43114,1969,20.96,0.118,3.896,34.06,20층 1879㎡(55.2×34.1m)
단일,5 미세조정,20,20,63.0,85,24,37580,400.0,5463,43043,1968,20.95,0.133,3.896,36.31,20층 1879㎡(51.7×36.3m)
단일,5 미세조정,20,20,63.0,85,24,37580,400.0,5420,43000,1967,20.94,0.123,3.893,38.39,20층 1879㎡(48.9×38.4m)
단일,1b 층수·세장비,20,20,63.0,85,17,37580,400.0,6186,43766,1980,21.08,0.073,3.889,25.03,20층 1879㎡(75.1×25.0m)
단일,1b 층수·세장비,20,20,63.0,85,17,37580,400.0,5937,43517,1976,21.03,0.117,3.887,27.42,20층 1879㎡(68.5×27.4m)
단일,5 미세조정,20,20,63.0,85,19,37580,400.0,5608,43188,1970,20.97,0.146,3.886,32.31,20층 1879㎡(58.2×32.3m)
단일,5 미세조정,20,20,63.0,85,20,37580,400.0,5652,43232,1971,20.98,0.16,3.877,31.45,20층 1879㎡(59.8×31.4m)
단일,5 미세조정,20,20,63.0,85,17,37580,400.0,5772,43352,1973,21.0,0.154,3.875,29.49,20층 1879㎡(63.7×29.5m)
단일,5 미세조정,20,20,63.0,85,21,37580,400.0,5652,43232,1971,20.98,0.164,3.871,31.45,20층 1879㎡(59.8×31.4m)
단일,5 미세조정,20,20,63.0,85,20,37580,400.0,5697,43277,1972,20.99,0.171,3.868,30.65,20층 1879㎡(61.3×30.7m)
단일,5 미세조정,20,20,63.0,85,19,37580,400.0,5697,43277,1972,20.99,0.172,3.868,30.65,20층 1879㎡(61.3×30.7m)
단일,5 미세조정,20,20,63.0,85,19,37580,400.0,5772,43352,1973,21.0,0.167,3.863,29.49,20층 1879㎡(63.7×29.5m)
단일,5 미세조정,20,20,63.0,85,17,37580,400.0,5855,43435,1975,21.02,0.138,3.858,28.38,20층 1879㎡(66.2×28.4m)
단일,5 미세조정,20,20,63.0,85,17,37580,400.0,5855,43435,1975,21.02,0.169,3.857,28.38,20층 1879㎡(66.2×28.4m)
단일,5 미세조정,20,20,63.0,85,17,37580,400.0,5888,43468,1975,21.02,0.172,3.857,27.98,20층 1879㎡(67.2×28.0m)
단일,5 미세조정,20,20,63.0,85,17,37580,400.0,5888,43468,1975,21.02,0.166,3.854,27.98,20층 1879㎡(67.2×28.0m)
단일,5 미세조정,20,20,63.0,85,17,37580,400.0,6126,43706,1979,21.07,0.16,3.846,25.54,20층 1879㎡(73.6×25.5m)
단일,5 미세조정,20,20,63.0,85,17,37580,400.0,6126,43706,1979,21.07,0.15,3.846,25.54,20층 1879㎡(73.6×25.5m)
단일,1b 층수·세장비,20,20,63.0,86,23,37580,400.0,5937,43517,1976,21.03,0.049,3.968,27.42,20층 1879㎡(68.5×27.4m)
단일,5 미세조정,20,20,63.0,86,21,37580,400.0,5566,43146,1970,20.97,0.075,3.916,33.25,20층 1879㎡(56.5×33.2m)
단일,5 미세조정,20,20,63.0,86,21,37580,400.0,5652,43232,1971,20.98,0.097,3.91,31.45,20층 1879㎡(59.8×31.4m)
단일,5 미세조정,20,20,63.0,86,21,37580,400.0,5489,43069,1968,20.95,0.125,3.903,35.39,20층 1879㎡(53.1×35.4m)
단일,5 미세조정,20,20,63.0,86,22,37580,400.0,5566,43146,1970,20.97,0.119,3.899,33.25,20층 1879㎡(56.5×33.2m)
단일,1b 층수·세장비,20,20,63.0,86,22,37580,400.0,5937,43517,1976,21.03,0.083,3.897,27.42,20층 1879㎡(68.5×27.4m)
단일,5 미세조정,20,20,63.0,86,22,37580,400.0,5652,43232,1971,20.98,0.125,3.896,31.45,20층 1879㎡(59.8×31.4m)
단일,5 미세조정,20,20,63.0,86,19,37580,400.0,5772,43352,1973,21.0,0.112,3.893,29.49,20층 1879㎡(63.7×29.5m)
단일,5 미세조정,20,20,63.0,86,21,37580,400.0,5534,43114,1969,20.96,0.134,3.892,34.06,20층 1879㎡(55.2×34.1m)
단일,5 미세조정,20,20,63.0,86,18,37580,400.0,5888,43468,1975,21.02,0.127,3.89,27.98,20층 1879㎡(67.2×28.0m)
단일,5 미세조정,20,20,63.0,86,23,37580,400.0,5697,43277,1972,20.99,0.137,3.889,30.65,20층 1879㎡(61.3×30.7m)
단일,5 미세조정,20,20,63.0,86,20,37580,400.0,5652,43232,1971,20.98,0.148,3.884,31.45,20층 1879㎡(59.8×31.4m)
단일,5 미세조정,20,20,63.0,86,22,37580,400.0,5420,43000,1967,20.94,0.181,3.882,38.39,20층 1879㎡(48.9×38.4m)
단일,5 미세조정,20,20,63.0,86,21,37580,400.0,5463,43043,1968,20.95,0.112,3.87,36.31,20층 1879㎡(51.7×36.3m)
단일,1b 층수·세장비,20,20,63.0,86,21,37580,400.0,5489,43069,1968,20.95,0.052,3.86,35.39,20층 1879㎡(53.1×35.4m)
단일,5 미세조정,20,20,63.0,86,17,37580,400.0,5830,43410,1974,21.01,0.144,3.854,28.71,20층 1879㎡(65.5×28.7m)
단일,5 미세조정,20,20,63.0,86,17,37580,400.0,5830,43410,1974,21.01,0.076,3.854,28.71,20층 1879㎡(65.5×28.7m)
단일,5 미세조정,20,20,63.0,86,17,37580,400.0,5830,43410,1974,21.01,0.13,3.851,28.71,20층 1879㎡(65.5×28.7m)
단일,5 미세조정,20,20,63.0,86,19,37580,400.0,5697,43277,1972,20.99,0.225,3.848,30.65,20층 1879㎡(61.3×30.7m)
단일,5 미세조정,20,20,63.0,86,17,37580,400.0,5983,43563,1977,21.04,0.18,3.846,26.92,20층 1879㎡(69.8×26.9m)
단일,5 미세조정,20,20,63.0,86,19,37580,400.0,5534,43114,1969,20.96,0.156,3.845,34.06,20층 1879㎡(55.2×34.1m)
단일,5 미세조정,20,20,63.0,86,17,37580,400.0,5983,43563,1977,21.04,0.073,3.833,26.92,20층 1879㎡(69.8×26.9m)
단일,5 미세조정,20,20,63.0,87,21,37580,400.0,5608,43188,1970,20.97,0.083,3.916,32.31,20층 1879㎡(58.2×32.3m)
단일,1b 층수·세장비,20,20,63.0,87,21,37580,400.0,5489,43069,1968,20.95,0.099,3.905,35.39,20층 1879㎡(53.1×35.4m)
단일,5 미세조정,20,20,63.0,87,24,37580,400.0,5608,43188,1970,20.97,0.1,3.904,32.31,20층 1879㎡(58.2×32.3m)
단일,5 미세조정,20,20,63.0,87,22,37580,400.0,5489,43069,1968,20.95,0.14,3.891,35.39,20층 1879㎡(53.1×35.4m)
단일,5 미세조정,20,20,63.0,87,20,37580,400.0,5566,43146,1970,20.97,0.138,3.89,33.25,20층 1879㎡(56.5×33.2m)
단일,5 미세조정,20,20,63.0,87,23,37580,400.0,5772,43352,1973,21.0,0.141,3.888,29.49,20층 1879㎡(63.7×29.5m)
단일,5 미세조정,20,20,63.0,87,19,37580,400.0,5772,43352,1973,21.0,0.116,3.886,29.49,20층 1879㎡(63.7×29.5m)
단일,5 미세조정,20,20,63.0,87,20,37580,400.0,5566,43146,1970,20.97,0.149,3.886,33.25,20층 1879㎡(56.5×33.2m)
단일,5 미세조정,20,20,63.0,87,18,37580,400.0,5888,43468,1975,21.02,0.121,3.884,27.98,20층 1879㎡(67.2×28.0m)
단일,5 미세조정,20,20,63.0,87,22,37580,400.0,5534,43114,1969,20.96,0.06,3.878,34.06,20층 1879㎡(55.2×34.1m)
단일,5 미세조정,20,20,63.0,87,20,37580,400.0,5772,43352,1973,21.0,0.178,3.863,29.49,20층 1879㎡(63.7×29.5m)
단일,5 미세조정,20,20,63.0,87,16,37580,400.0,6054,43634,1978,21.05,0.148,3.863,26.21,20층 1879㎡(71.7×26.2m)
단일,5 미세조정,20,20,63.0,87,17,37580,400.0,5888,43468,1975,21.02,0.189,3.848,27.98,20층 1879㎡(67.2×28.0m)
단일,5 미세조정,20,20,63.0,87,17,37580,400.0,6126,43706,1979,21.07,0.119,3.833,25.54,20층 1879㎡(73.6×25.5m)
단일,5 미세조정,20,20,63.0,87,17,37580,400.0,6126,43706,1979,21.07,0.191,3.83,25.54,20층 1879㎡(73.6×25.5m)
단일,1b 층수·세장비,20,20,63.0,87,17,37580,400.0,5937,43517,1976,21.03,0.057,3.804,27.42,20층 1879㎡(68.5×27.4m)
단일,1b 층수·세장비,20,20,63.0,88,24,37580,400.0,5489,43069,1968,20.95,0.058,3.958,35.39,20층 1879㎡(53.1×35.4m)
단일,1b 층수·세장비,20,20,63.0,88,21,37580,400.0,5697,43277,1972,20.99,0.058,3.911,30.65,20층 1879㎡(61.3×30.7m)
단일,1b 층수·세장비,20,20,63.0,88,21,37580,400.0,5697,43277,1972,20.99,0.075,3.904,30.65,20층 1879㎡(61.3×30.7m)
단일,5 미세조정,20,20,63.0,88,21,37580,400.0,5463,43043,1968,20.95,0.119,3.903,36.31,20층 1879㎡(51.7×36.3m)
단일,5 미세조정,20,20,63.0,88,21,37580,400.0,5652,43232,1971,20.98,0.149,3.887,31.45,20층 1879㎡(59.8×31.4m)
단일,5 미세조정,20,20,63.0,88,21,37580,400.0,5489,43069,1968,20.95,0.186,3.883,35.39,20층 1879㎡(53.1×35.4m)
단일,5 미세조정,20,20,63.0,88,19,37580,400.0,5697,43277,1972,20.99,0.153,3.881,30.65,20층 1879㎡(61.3×30.7m)
단일,5 미세조정,20,20,63.0,88,22,37580,400.0,5772,43352,1973,21.0,0.171,3.874,29.49,20층 1879㎡(63.7×29.5m)
단일,5 미세조정,20,20,63.0,88,20,37580,400.0,5697,43277,1972,20.99,0.105,3.873,30.65,20층 1879㎡(61.3×30.7m)
단일,5 미세조정,20,20,63.0,88,19,37580,400.0,5534,43114,1969,20.96,0.227,3.868,34.06,20층 1879㎡(55.2×34.1m)
단일,5 미세조정,20,20,63.0,88,19,37580,400.0,5697,43277,1972,20.99,0.197,3.866,30.65,20층 1879㎡(61.3×30.7m)
단일,5 미세조정,20,20,63.0,88,21,37580,400.0,5888,43468,1975,21.02,0.173,3.856,27.98,20층 1879㎡(67.2×28.0m)
단일,5 미세조정,20,20,63.0,88,19,37580,400.0,5772,43352,1973,21.0,0.198,3.854,29.49,20층 1879㎡(63.7×29.5m)
단일,5 미세조정,20,20,63.0,88,17,37580,400.0,6054,43634,1978,21.05,0.179,3.846,26.21,20층 1879㎡(71.7×26.2m)
단일,5 미세조정,20,20,63.0,88,17,37580,400.0,5888,43468,1975,21.02,0.104,3.84,27.98,20층 1879㎡(67.2×28.0m)
단일,5 미세조정,20,20,63.0,88,16,37580,400.0,6054,43634,1978,21.05,0.069,3.839,26.21,20층 1879㎡(71.7×26.2m)
단일,1b 층수·세장비,20,20,63.0,89,24,37580,400.0,5489,43069,1968,20.95,0.077,3.963,35.39,20층 1879㎡(53.1×35.4m)
단일,1b 층수·세장비,20,20,63.0,89,21,37580,400.0,5697,43277,1972,20.99,0.117,3.907,30.65,20층 1879㎡(61.3×30.7m)
단일,5 미세조정,20,20,63.0,89,24,37580,400.0,5489,43069,1968,20.95,0.109,3.903,35.39,20층 1879㎡(53.1×35.4m)
단일,5 미세조정,20,20,63.0,89,20,37580,400.0,5697,43277,1972,20.99,0.104,3.897,30.65,20층 1879㎡(61.3×30.7m)
단일,1b 층수·세장비,20,20,63.0,89,23,37580,400.0,5697,43277,1972,20.99,0.154,3.888,30.65,20층 1879㎡(61.3×30.7m)
단일,5 미세조정,20,20,63.0,89,19,37580,400.0,5652,43232,1971,20.98,0.148,3.885,31.45,20층 1879㎡(59.8×31.4m)
단일,5 미세조정,20,20,63.0,89,21,37580,400.0,5697,43277,1972,20.99,0.137,3.859,30.65,20층 1879㎡(61.3×30.7m)
단일,5 미세조정,20,20,63.0,89,18,37580,400.0,5888,43468,1975,21.02,0.19,3.85,27.98,20층 1879㎡(67.2×28.0m)
단일,5 미세조정,20,20,63.0,89,19,37580,400.0,5772,43352,1973,21.0,0.211,3.849,29.49,20층 1879㎡(63.7×29.5m)
단일,5 미세조정,20,20,63.0,90,19,37580,400.0,5697,43277,1972,20.99,0.101,3.9,30.65,20층 1879㎡(61.3×30.7m)
단일,1b 층수·세장비,20,20,63.0,90,21,37580,400.0,5697,43277,1972,20.99,0.112,3.898,30.65,20층 1879㎡(61.3×30.7m)
단일,5 미세조정,20,20,63.0,90,20,37580,400.0,5697,43277,1972,20.99,0.102,3.898,30.65,20층 1879㎡(61.3×30.7m)
단일,5 미세조정,20,20,63.0,90,20,37580,400.0,5772,43352,1973,21.0,0.11,3.89,29.49,20층 1879㎡(63.7×29.5m)
단일,5 미세조정,20,20,63.0,90,21,37580,400.0,5697,43277,1972,20.99,0.134,3.887,30.65,20층 1879㎡(61.3×30.7m)
단일,5 미세조정,20,20,63.0,90,19,37580,400.0,5697,43277,1972,20.99,0.136,3.885,30.65,20층 1879㎡(61.3×30.7m)
단일,5 미세조정,20,20,63.0,90,19,37580,400.0,5772,43352,1973,21.0,0.129,3.885,29.49,20층 1879㎡(63.7×29.5m)
단일,5 미세조정,20,20,63.0,90,22,37580,400.0,5652,43232,1971,20.98,0.162,3.881,31.45,20층 1879㎡(59.8×31.4m)
단일,5 미세조정,20,20,63.0,90,20,37580,400.0,5772,43352,1973,21.0,0.139,3.881,29.49,20층 1879㎡(63.7×29.5m)
단일,5 미세조정,20,20,63.0,90,22,37580,400.0,5566,43146,1970,20.97,0.12,3.877,33.25,20층 1879㎡(56.5×33.2m)
단일,5 미세조정,20,20,63.0,90,21,37580,400.0,5608,43188,1970,20.97,0.162,3.871,32.31,20층 1879㎡(58.2×32.3m)
단일,5 미세조정,20,20,63.0,90,21,37580,400.0,5697,43277,1972,20.99,0.184,3.871,30.65,20층 1879㎡(61.3×30.7m)
단일,5 미세조정,20,20,63.0,90,17,37580,400.0,5919,43499,1976,21.03,0.062,3.852,27.62,20층 1879㎡(68.0×27.6m)
단일,1b 층수·세장비,20,20,63.0,90,17,37580,400.0,5937,43517,1976,21.03,0.148,3.843,27.42,20층 1879㎡(68.5×27.4m)
단일,1b 층수·세장비,20,20,63.0,90,17,37580,400.0,5937,43517,1976,21.03,0.125,3.835,27.42,20층 1879㎡(68.5×27.4m)
단일,1b 층수·세장비,20,20,63.0,90,17,37580,400.0,5937,43517,1976,21.03,0.079,3.815,27.42,20층 1879㎡(68.5×27.4m)
단일,1b 층수·세장비,20,20,63.0,91,23,37580,400.0,5697,43277,1972,20.99,0.134,3.883,30.65,20층 1879㎡(61.3×30.7m)
단일,5 미세조정,20,20,63.0,91,21,37580,400.0,5697,43277,1972,20.99,0.139,3.882,30.65,20층 1879㎡(61.3×30.7m)
단일,1b 층수·세장비,20,20,63.0,91,18,37580,400.0,5937,43517,1976,21.03,0.132,3.866,27.42,20층 1879㎡(68.5×27.4m)
단일,5 미세조정,20,20,63.0,91,19,37580,400.0,5566,43146,1970,20.97,0.23,3.864,33.25,20층 1879㎡(56.5×33.2m)
단일,5 미세조정,20,20,63.0,91,16,37580,400.0,6054,43634,1978,21.05,0.14,3.833,26.21,20층 1879㎡(71.7×26.2m)
단일,5 미세조정,20,20,63.0,91,17,37580,400.0,5983,43563,1977,21.04,0.18,3.828,26.92,20층 1879㎡(69.8×26.9m)
단일,5 미세조정,20,20,63.0,91,17,37580,400.0,5983,43563,1977,21.04,0.142,3.817,26.92,20층 1879㎡(69.8×26.9m)
단일,1b 층수·세장비,20,20,63.0,92,21,37580,400.0,5937,43517,1976,21.03,0.074,3.916,27.42,20층 1879㎡(68.5×27.4m)
단일,1b 층수·세장비,20,20,63.0,92,6,37580,400.0,7159,44739,1996,21.25,0.051,3.911,19.39,20층 1879㎡(96.9×19.4m)
단일,1b 층수·세장비,20,20,63.0,92,21,37580,400.0,5937,43517,1976,21.03,0.125,3.882,27.42,20층 1879㎡(68.5×27.4m)
단일,5 미세조정,20,20,63.0,92,22,37580,400.0,5534,43114,1969,20.96,0.15,3.882,34.06,20층 1879㎡(55.2×34.1m)
단일,5 미세조정,20,20,63.0,92,22,37580,400.0,5888,43468,1975,21.02,0.133,3.876,27.98,20층 1879㎡(67.2×28.0m)
단일,1b 층수·세장비,20,20,63.0,92,15,37580,400.0,6682,44262,1988,21.16,0.075,3.874,21.67,20층 1879㎡(86.7×21.7m)
단일,5 미세조정,20,20,63.0,92,21,37580,400.0,5697,43277,1972,20.99,0.196,3.866,30.65,20층 1879㎡(61.3×30.7m)
단일,5 미세조정,20,20,63.0,92,19,37580,400.0,5772,43352,1973,21.0,0.178,3.865,29.49,20층 1879㎡(63.7×29.5m)
단일,1a 방위·위치,20,20,63.0,92,19,37580,400.0,6682,44262,1988,21.16,0.063,3.86,21.67,20층 1879㎡(86.7×21.7m)
단일,5 미세조정,20,20,63.0,92,18,37580,400.0,5888,43468,1975,21.02,0.183,3.857,27.98,20층 1879㎡(67.2×28.0m)
단일,5 미세조정,20,20,63.0,92,20,37580,400.0,5772,43352,1973,21.0,0.223,3.847,29.49,20층 1879㎡(63.7×29.5m)
단일,5 미세조정,20,20,63.0,92,19,37580,400.0,5888,43468,1975,21.02,0.221,3.837,27.98,20층 1879㎡(67.2×28.0m)
단일,5 미세조정,20,20,63.0,92,17,37580,400.0,5983,43563,1977,21.04,0.211,3.811,26.92,20층 1879㎡(69.8×26.9m)
단일,1b 층수·세장비,20,20,63.0,93,22,37580,400.0,6186,43766,1980,21.08,0.083,3.936,25.03,20층 1879㎡(75.1×25.0m)
단일,1b 층수·세장비,20,20,63.0,93,21,37580,400.0,5697,43277,1972,20.99,0.109,3.893,30.65,20층 1879㎡(61.3×30.7m)
단일,5 미세조정,20,20,63.0,93,21,37580,400.0,5489,43069,1968,20.95,0.156,3.89,35.39,20층 1879㎡(53.1×35.4m)
단일,5 미세조정,20,20,63.0,93,22,37580,400.0,5772,43352,1973,21.0,0.127,3.886,29.49,20층 1879㎡(63.7×29.5m)
단일,1b 층수·세장비,20,20,63.0,93,19,37580,400.0,5697,43277,1972,20.99,0.171,3.875,30.65,20층 1879㎡(61.3×30.7m)
단일,5 미세조정,20,20,63.0,93,18,37580,400.0,5888,43468,1975,21.02,0.175,3.862,27.98,20층 1879㎡(67.2×28.0m)
단일,1b 층수·세장비,20,20,63.0,93,15,37580,400.0,6186,43766,1980,21.08,0.174,3.85,25.03,20층 1879㎡(75.1×25.0m)
단일,5 미세조정,20,20,63.0,93,19,37580,400.0,5772,43352,1973,21.0,0.233,3.838,29.49,20층 1879㎡(63.7×29.5m)
단일,1b 층수·세장비,20,20,63.0,94,20,37580,400.0,5937,43517,1976,21.03,0.048,4.015,27.42,20층 1879㎡(68.5×27.4m)
단일,1b 층수·세장비,20,20,63.0,94,22,37580,400.0,5489,43069,1968,20.95,0.136,3.896,35.39,20층 1879㎡(53.1×35.4m)
단일,5 미세조정,20,20,63.0,94,21,37580,400.0,5652,43232,1971,20.98,0.191,3.871,31.45,20층 1879㎡(59.8×31.4m)
단일,5 미세조정,20,20,63.0,94,24,37580,400.0,5888,43468,1975,21.02,0.165,3.871,27.98,20층 1879㎡(67.2×28.0m)
단일,1a 방위·위치,20,20,63.0,94,14,37580,400.0,6682,44262,1988,21.16,0.106,3.862,21.67,20층 1879㎡(86.7×21.7m)
단일,1b 층수·세장비,20,20,63.0,94,20,37580,400.0,5697,43277,1972,20.99,0.184,3.854,30.65,20층 1879㎡(61.3×30.7m)
단일,5 미세조정,20,20,63.0,94,18,37580,400.0,5888,43468,1975,21.02,0.245,3.827,27.98,20층 1879㎡(67.2×28.0m)
단일,5 미세조정,20,20,63.0,95,20,37580,400.0,5566,43146,1970,20.97,0.181,3.876,33.25,20층 1879㎡(56.5×33.2m)
단일,1b 층수·세장비,20,20,63.0,95,17,37580,400.0,6186,43766,1980,21.08,0.158,3.86,25.03,20층 1879㎡(75.1×25.0m)
단일,5 미세조정,20,20,63.0,95,17,37580,400.0,5919,43499,1976,21.03,0.13,3.851,27.62,20층 1879㎡(68.0×27.6m)
단일,1b 층수·세장비,20,20,63.0,95,14,37580,400.0,6682,44262,1988,21.16,0.095,3.848,21.67,20층 1879㎡(86.7×21.7m)
단일,1b 층수·세장비,20,20,63.0,95,15,37580,400.0,6186,43766,1980,21.08,0.148,3.844,25.03,20층 1879㎡(75.1×25.0m)
단일,1b 층수·세장비,20,20,63.0,95,21,37580,400.0,5697,43277,1972,20.99,0.124,3.841,30.65,20층 1879㎡(61.3×30.7m)
단일,1b 층수·세장비,20,20,63.0,96,17,37580,400.0,6186,43766,1980,21.08,0.106,3.877,25.03,20층 1879㎡(75.1×25.0m)
단일,5 미세조정,20,20,63.0,96,20,37580,400.0,5566,43146,1970,20.97,0.199,3.87,33.25,20층 1879㎡(56.5×33.2m)
단일,5 미세조정,20,20,63.0,96,20,37580,400.0,5652,43232,1971,20.98,0.222,3.859,31.45,20층 1879㎡(59.8×31.4m)
단일,1b 층수·세장비,20,20,63.0,96,15,37580,400.0,6186,43766,1980,21.08,0.097,3.831,25.03,20층 1879㎡(75.1×25.0m)
단일,1b 층수·세장비,20,20,63.0,97,24,37580,400.0,5489,43069,1968,20.95,0.142,3.862,35.39,20층 1879㎡(53.1×35.4m)
단일,1b 층수·세장비,20,20,63.0,97,18,37580,400.0,6682,44262,1988,21.16,0.092,3.849,21.67,20층 1879㎡(86.7×21.7m)
단일,1b 층수·세장비,20,20,63.0,98,24,37580,400.0,5697,43277,1972,20.99,0.058,3.95,30.65,20층 1879㎡(61.3×30.7m)
단일,1a 방위·위치,20,20,63.0,98,12,37580,400.0,6682,44262,1988,21.16,0.061,3.935,21.67,20층 1879㎡(86.7×21.7m)
단일,1b 층수·세장비,20,20,63.0,98,24,37580,400.0,5697,43277,1972,20.99,0.051,3.916,30.65,20층 1879㎡(61.3×30.7m)
단일,1b 층수·세장비,20,20,63.0,98,24,37580,400.0,5489,43069,1968,20.95,0.115,3.907,35.39,20층 1879㎡(53.1×35.4m)
단일,1b 층수·세장비,20,20,63.0,98,18,37580,400.0,5937,43517,1976,21.03,0.192,3.854,27.42,20층 1879㎡(68.5×27.4m)
단일,5 미세조정,20,20,63.0,98,19,37580,400.0,5772,43352,1973,21.0,0.258,3.833,29.49,20층 1879㎡(63.7×29.5m)
단일,1b 층수·세장비,20,20,63.0,99,25,37580,400.0,5489,43069,1968,20.95,0.071,3.934,35.39,20층 1879㎡(53.1×35.4m)
단일,1b 층수·세장비,20,20,63.0,99,24,37580,400.0,5697,43277,1972,20.99,0.114,3.933,30.65,20층 1879㎡(61.3×30.7m)
단일,1b 층수·세장비,20,20,63.0,99,25,37580,400.0,5489,43069,1968,20.95,0.087,3.931,35.39,20층 1879㎡(53.1×35.4m)
단일,1b 층수·세장비,20,20,63.0,99,24,37580,400.0,5697,43277,1972,20.99,0.168,3.88,30.65,20층 1879㎡(61.3×30.7m)
단일,1b 층수·세장비,20,20,63.0,99,25,37580,400.0,5697,43277,1972,20.99,0.191,3.867,30.65,20층 1879㎡(61.3×30.7m)
단일,1b 층수·세장비,20,20,63.0,99,15,37580,400.0,6186,43766,1980,21.08,0.072,3.818,25.03,20층 1879㎡(75.1×25.0m)
단일,1b 층수·세장비,20,20,63.0,99,17,37580,400.0,5937,43517,1976,21.03,0.183,3.818,27.42,20층 1879㎡(68.5×27.4m)
단일,1b 층수·세장비,20,20,63.0,100,22,37580,400.0,5697,43277,1972,20.99,0.081,4.042,30.65,20층 1879㎡(61.3×30.7m)
단일,1b 층수·세장비,20,20,63.0,100,24,37580,400.0,5697,43277,1972,20.99,0.092,3.928,30.65,20층 1879㎡(61.3×30.7m)
단일,1b 층수·세장비,20,20,63.0,100,23,37580,400.0,5697,43277,1972,20.99,0.095,3.915,30.65,20층 1879㎡(61.3×30.7m)
단일,1b 층수·세장비,20,20,63.0,100,23,37580,400.0,5697,43277,1972,20.99,0.189,3.885,30.65,20층 1879㎡(61.3×30.7m)
단일,1b 층수·세장비,20,20,63.0,101,15,37580,400.0,5937,43517,1976,21.03,0.106,4.016,27.42,20층 1879㎡(68.5×27.4m)
단일,1b 층수·세장비,20,20,63.0,101,23,37580,400.0,5489,43069,1968,20.95,0.061,4.012,35.39,20층 1879㎡(53.1×35.4m)
단일,1b 층수·세장비,20,20,63.0,101,24,37580,400.0,5489,43069,1968,20.95,0.14,3.915,35.39,20층 1879㎡(53.1×35.4m)
단일,1b 층수·세장비,20,20,63.0,101,24,37580,400.0,5489,43069,1968,20.95,0.152,3.914,35.39,20층 1879㎡(53.1×35.4m)
단일,1b 층수·세장비,20,20,63.0,101,14,37580,400.0,6682,44262,1988,21.16,0.059,3.91,21.67,20층 1879㎡(86.7×21.7m)
단일,1b 층수·세장비,20,20,63.0,101,24,37580,400.0,5489,43069,1968,20.95,0.081,3.901,35.39,20층 1879㎡(53.1×35.4m)
단일,1b 층수·세장비,20,20,63.0,101,6,37580,400.0,7159,44739,1996,21.25,0.105,3.865,19.39,20층 1879㎡(96.9×19.4m)
단일,1b 층수·세장비,20,20,63.0,101,17,37580,400.0,6186,43766,1980,21.08,0.233,3.817,25.03,20층 1879㎡(75.1×25.0m)
단일,1b 층수·세장비,20,20,63.0,102,2,37580,400.0,7613,45193,2004,21.33,0.115,3.834,17.7,20층 1879㎡(106.2×17.7m)
단일,1b 층수·세장비,20,20,63.0,103,15,37580,400.0,5937,43517,1976,21.03,0.067,4.02,27.42,20층 1879㎡(68.5×27.4m)
단일,1b 층수·세장비,20,20,63.0,103,23,37580,400.0,5697,43277,1972,20.99,0.098,3.987,30.65,20층 1879㎡(61.3×30.7m)
단일,1b 층수·세장비,20,20,63.0,103,22,37580,400.0,5937,43517,1976,21.03,0.088,3.902,27.42,20층 1879㎡(68.5×27.4m)
단일,1b 층수·세장비,20,20,63.0,103,24,37580,400.0,5697,43277,1972,20.99,0.175,3.892,30.65,20층 1879㎡(61.3×30.7m)
단일,1a 방위·위치,20,20,63.0,103,14,37580,400.0,6682,44262,1988,21.16,0.078,3.889,21.67,20층 1879㎡(86.7×21.7m)
단일,1b 층수·세장비,20,20,63.0,103,9,37580,400.0,7159,44739,1996,21.25,0.071,3.878,19.39,20층 1879㎡(96.9×19.4m)
단일,1b 층수·세장비,20,20,63.0,103,23,37580,400.0,5697,43277,1972,20.99,0.107,3.866,30.65,20층 1879㎡(61.3×30.7m)
쌍둥이,5 미세조정,20+20,20,63.0,103,14,37580,400.0,7852,45432,2006,21.35,0.069,3.853,17.88,20층 1315㎡(48.1×27.3m) + 20층 564㎡(31.5×17.9m)
쌍둥이,5 미세조정,20+20,20,63.0,103,15,37580,400.0,7735,45315,2004,21.33,0.05,3.834,19.07,20층 1315㎡(45.2×29.1m) + 20층 564㎡(29.6×19.1m)
단일,1b 층수·세장비,20,20,63.0,103,15,37580,400.0,6186,43766,1980,21.08,0.223,3.796,25.03,20층 1879㎡(75.1×25.0m)
단일,1b 층수·세장비,20,20,63.0,104,23,37580,400.0,5697,43277,1972,20.99,0.076,3.983,30.65,20층 1879㎡(61.3×30.7m)
단일,1b 층수·세장비,20,20,63.0,104,22,37580,400.0,5937,43517,1976,21.03,0.1,3.918,27.42,20층 1879㎡(68.5×27.4m)
단일,1b 층수·세장비,20,20,63.0,104,22,37580,400.0,5937,43517,1976,21.03,0.139,3.905,27.42,20층 1879㎡(68.5×27.4m)
쌍둥이,5 미세조정,20+20,20,63.0,104,14,37580,400.0,7778,45358,2005,21.34,0.048,3.856,18.59,20층 1315㎡(46.3×28.4m) + 20층 564㎡(30.3×18.6m)
쌍둥이,5 미세조정,20+20,20,63.0,104,14,37580,400.0,7948,45528,2007,21.37,0.058,3.852,17.13,20층 1315㎡(50.3×26.2m) + 20층 564㎡(32.9×17.1m)
쌍둥이,5 미세조정,20+20,20,63.0,104,14,37580,400.0,7948,45528,2007,21.37,0.078,3.84,17.13,20층 1315㎡(50.3×26.2m) + 20층 564㎡(32.9×17.1m)
단일,1b 층수·세장비,20,20,63.0,105,16,37580,400.0,5937,43517,1976,21.03,0.082,4.011,27.42,20층 1879㎡(68.5×27.4m)
단일,1b 층수·세장비,20,20,63.0,105,24,37580,400.0,5937,43517,1976,21.03,0.077,3.925,27.42,20층 1879㎡(68.5×27.4m)
단일,1b 층수·세장비,20,20,63.0,105,25,37580,400.0,5489,43069,1968,20.95,0.163,3.899,35.39,20층 1879㎡(53.1×35.4m)
단일,1b 층수·세장비,20,20,63.0,105,24,37580,400.0,5489,43069,1968,20.95,0.197,3.89,35.39,20층 1879㎡(53.1×35.4m)
단일,1b 층수·세장비,20,20,63.0,105,6,37580,400.0,7159,44739,1996,21.25,0.126,3.859,19.39,20층 1879㎡(96.9×19.4m)
쌍둥이,5 미세조정,20+20,20,63.0,105,13,37580,400.0,7948,45528,2007,21.37,0.071,3.854,17.13,20층 1315㎡(50.3×26.2m) + 20층 564㎡(32.9×17.1m)
단일,1b 층수·세장비,20,20,63.0,105,15,37580,400.0,5937,43517,1976,21.03,0.139,3.802,27.42,20층 1879㎡(68.5×27.4m)
단일,1b 층수·세장비,20,20,63.0,105,15,37580,400.0,6186,43766,1980,21.08,0.197,3.787,25.03,20층 1879㎡(75.1×25.0m)
단일,1b 층수·세장비,20,20,63.0,106,24,37580,400.0,5489,43069,1968,20.95,0.136,3.961,35.39,20층 1879㎡(53.1×35.4m)
단일,1b 층수·세장비,20,20,63.0,106,25,37580,400.0,5697,43277,1972,20.99,0.114,3.914,30.65,20층 1879㎡(61.3×30.7m)
단일,1b 층수·세장비,20,20,63.0,106,23,37580,400.0,5937,43517,1976,21.03,0.115,3.901,27.42,20층 1879㎡(68.5×27.4m)
쌍둥이,5 미세조정,20+20,20,63.0,106,14,37580,400.0,7832,45412,2006,21.35,0.06,3.863,18.06,20층 1315㎡(47.7×27.6m) + 20층 564㎡(31.2×18.1m)
쌍둥이,5 미세조정,20+20,20,63.0,106,14,37580,400.0,7889,45469,2006,21.36,0.053,3.853,17.58,20층 1315㎡(49.0×26.9m) + 20층 564㎡(32.1×17.6m)
단일,1b 층수·세장비,20,20,63.0,106,23,37580,400.0,5697,43277,1972,20.99,0.051,3.85,30.65,20층 1879㎡(61.3×30.7m)
단일,1b 층수·세장비,20,20,63.0,106,1,37580,400.0,7613,45193,2004,21.33,0.139,3.824,17.7,20층 1879㎡(106.2×17.7m)
단일,1b 층수·세장비,20,20,63.0,107,29,37580,400.0,5489,43069,1968,20.95,0.119,4.016,35.39,20층 1879㎡(53.1×35.4m)
단일,1b 층수·세장비,20,20,63.0,107,23,37580,400.0,5489,43069,1968,20.95,0.117,3.956,35.39,20층 1879㎡(53.1×35.4m)
단일,1b 층수·세장비,20,20,63.0,107,22,37580,400.0,5489,43069,1968,20.95,0.112,3.904,35.39,20층 1879㎡(53.1×35.4m)
단일,1b 층수·세장비,20,20,63.0,107,23,37580,400.0,5697,43277,1972,20.99,0.12,3.903,30.65,20층 1879㎡(61.3×30.7m)
단일,1b 층수·세장비,20,20,63.0,107,20,37580,400.0,6186,43766,1980,21.08,0.062,3.896,25.03,20층 1879㎡(75.1×25.0m)
단일,1b 층수·세장비,20,20,63.0,107,25,37580,400.0,5489,43069,1968,20.95,0.208,3.874,35.39,20층 1879㎡(53.1×35.4m)
쌍둥이,5 미세조정,20+20,20,63.0,107,14,37580,400.0,7761,45341,2004,21.33,0.059,3.863,18.77,20층 1315㎡(45.9×28.7m) + 20층 564㎡(30.0×18.8m)
쌍둥이,5 미세조정,20+20,20,63.0,107,14,37580,400.0,7778,45358,2005,21.34,0.061,3.86,18.59,20층 1315㎡(46.3×28.4m) + 20층 564㎡(30.3×18.6m)
단일,1b 층수·세장비,20,20,63.0,107,6,37580,400.0,7159,44739,1996,21.25,0.092,3.85,19.39,20층 1879㎡(96.9×19.4m)
단일,1b 층수·세장비,20,20,63.0,107,13,37580,400.0,7159,44739,1996,21.25,0.087,3.836,19.39,20층 1879㎡(96.9×19.4m)
단일,1b 층수·세장비,20,20,63.0,107,13,37580,400.0,7159,44739,1996,21.25,0.143,3.816,19.39,20층 1879㎡(96.9×19.4m)
단일,1b 층수·세장비,20,20,63.0,107,1,37580,400.0,7613,45193,2004,21.33,0.102,3.814,17.7,20층 1879㎡(106.2×17.7m)
단일,1b 층수·세장비,20,20,63.0,108,23,37580,400.0,5489,43069,1968,20.95,0.081,3.95,35.39,20층 1879㎡(53.1×35.4m)
단일,1b 층수·세장비,20,20,63.0,108,23,37580,400.0,5489,43069,1968,20.95,0.064,3.942,35.39,20층 1879㎡(53.1×35.4m)
단일,1b 층수·세장비,20,20,63.0,108,25,37580,400.0,5489,43069,1968,20.95,0.081,3.916,35.39,20층 1879㎡(53.1×35.4m)
단일,1b 층수·세장비,20,20,63.0,108,24,37580,400.0,5937,43517,1976,21.03,0.066,3.911,27.42,20층 1879㎡(68.5×27.4m)
단일,1b 층수·세장비,20,20,63.0,108,24,37580,400.0,5489,43069,1968,20.95,0.157,3.9,35.39,20층 1879㎡(53.1×35.4m)
단일,1b 층수·세장비,20,20,63.0,108,21,37580,400.0,6186,43766,1980,21.08,0.141,3.89,25.03,20층 1879㎡(75.1×25.0m)
쌍둥이,5 미세조정,20+20,20,63.0,108,12,37580,400.0,7948,45528,2007,21.37,0.058,3.888,17.13,20층 1315㎡(50.3×26.2m) + 20층 564㎡(32.9×17.1m)
단일,1a 방위·위치,20,20,63.0,108,22,37580,400.0,6682,44262,1988,21.16,0.072,3.872,21.67,20층 1879㎡(86.7×21.7m)
단일,1b 층수·세장비,20,20,63.0,108,6,37580,400.0,7159,44739,1996,21.25,0.058,3.836,19.39,20층 1879㎡(96.9×19.4m)
단일,1b 층수·세장비,20,20,63.0,108,13,37580,400.0,7159,44739,1996,21.25,0.108,3.806,19.39,20층 1879㎡(96.9×19.4m)
단일,1b 층수·세장비,20,20,63.0,109,22,37580,400.0,5937,43517,1976,21.03,0.099,3.954,27.42,20층 1879㎡(68.5×27.4m)
단일,1b 층수·세장비,20,20,63.0,109,26,37580,400.0,5489,43069,1968,20.95,0.119,3.913,35.39,20층 1879㎡(53.1×35.4m)
단일,1b 층수·세장비,20,20,63.0,109,20,37580,400.0,6186,43766,1980,21.08,0.089,3.906,25.03,20층 1879㎡(75.1×25.0m)
단일,1b 층수·세장비,20,20,63.0,109,23,37580,400.0,5489,43069,1968,20.95,0.13,3.904,35.39,20층 1879㎡(53.1×35.4m)
쌍둥이,5 미세조정,20+20,20,63.0,109,14,37580,400.0,7735,45315,2004,21.33,0.049,3.877,19.07,20층 1315㎡(45.2×29.1m) + 20층 564㎡(29.6×19.1m)
단일,1b 층수·세장비,20,20,63.0,109,22,37580,400.0,6186,43766,1980,21.08,0.159,3.872,25.03,20층 1879㎡(75.1×25.0m)
쌍둥이,5 미세조정,20+20,20,63.0,109,14,37580,400.0,7735,45315,2004,21.33,0.08,3.858,19.07,20층 1315㎡(45.2×29.1m) + 20층 564㎡(29.6×19.1m)
단일,1b 층수·세장비,20,20,63.0,109,22,37580,400.0,5697,43277,1972,20.99,0.165,3.825,30.65,20층 1879㎡(61.3×30.7m)
단일,1b 층수·세장비,20,20,63.0,109,2,37580,400.0,7613,45193,2004,21.33,0.065,3.8,17.7,20층 1879㎡(106.2×17.7m)
단일,1b 층수·세장비,20,20,63.0,110,24,37580,400.0,5489,43069,1968,20.95,0.088,3.971,35.39,20층 1879㎡(53.1×35.4m)
단일,1b 층수·세장비,20,20,63.0,110,26,37580,400.0,5697,43277,1972,20.99,0.058,3.93,30.65,20층 1879㎡(61.3×30.7m)
단일,1b 층수·세장비,20,20,63.0,110,25,37580,400.0,5697,43277,1972,20.99,0.095,3.916,30.65,20층 1879㎡(61.3×30.7m)
단일,1b 층수·세장비,20,20,63.0,110,21,37580,400.0,6186,43766,1980,21.08,0.115,3.9,25.03,20층 1879㎡(75.1×25.0m)
단일,1b 층수·세장비,20,20,63.0,110,23,37580,400.0,6186,43766,1980,21.08,0.069,3.895,25.03,20층 1879㎡(75.1×25.0m)
단일,1b 층수·세장비,20,20,63.0,110,23,37580,400.0,5697,43277,1972,20.99,0.164,3.893,30.65,20층 1879㎡(61.3×30.7m)
쌍둥이,5 미세조정,20+20,20,63.0,110,11,37580,400.0,7972,45552,2008,21.37,0.052,3.864,16.97,20층 1315㎡(50.8×25.9m) + 20층 564㎡(33.2×17.0m)
쌍둥이,5 미세조정,20+20,20,63.0,110,14,37580,400.0,7735,45315,2004,21.33,0.087,3.841,19.07,20층 1315㎡(45.2×29.1m) + 20층 564㎡(29.6×19.1m)
쌍둥이,5 미세조정,20+20,20,63.0,110,14,37580,400.0,7852,45432,2006,21.35,0.054,3.832,17.88,20층 1315㎡(48.1×27.3m) + 20층 564㎡(31.5×17.9m)
단일,1b 층수·세장비,20,20,63.0,111,24,37580,400.0,5489,43069,1968,20.95,0.105,3.967,35.39,20층 1879㎡(53.1×35.4m)
단일,1b 층수·세장비,20,20,63.0,111,21,37580,400.0,5937,43517,1976,21.03,0.123,3.956,27.42,20층 1879㎡(68.5×27.4m)
단일,1b 층수·세장비,20,20,63.0,111,22,37580,400.0,5937,43517,1976,21.03,0.052,3.942,27.42,20층 1879㎡(68.5×27.4m)
단일,1b 층수·세장비,20,20,63.0,111,27,37580,400.0,5697,43277,1972,20.99,0.076,3.921,30.65,20층 1879㎡(61.3×30.7m)
단일,1b 층수·세장비,20,20,63.0,111,27,37580,400.0,5489,43069,1968,20.95,0.148,3.904,35.39,20층 1879㎡(53.1×35.4m)
단일,1b 층수·세장비,20,20,63.0,111,24,37580,400.0,5937,43517,1976,21.03,0.108,3.899,27.42,20층 1879㎡(68.5×27.4m)
쌍둥이,5 미세조정,20+20,20,63.0,111,14,37580,400.0,7658,45238,2003,21.32,0.048,3.88,20.16,20층 1315㎡(42.7×30.8m) + 20층 564㎡(28.0×20.2m)
단일,1b 층수·세장비,20,20,63.0,111,21,37580,400.0,6186,43766,1980,21.08,0.131,3.879,25.03,20층 1879㎡(75.1×25.0m)
쌍둥이,5 미세조정,20+20,20,63.0,111,14,37580,400.0,7735,45315,2004,21.33,0.061,3.871,19.07,20층 1315㎡(45.2×29.1m) + 20층 564㎡(29.6×19.1m)
쌍둥이,5 미세조정,20+20,20,63.0,111,14,37580,400.0,7778,45358,2005,21.34,0.066,3.866,18.59,20층 1315㎡(46.3×28.4m) + 20층 564㎡(30.3×18.6m)
쌍둥이,5 미세조정,20+20,20,63.0,111,12,37580,400.0,7948,45528,2007,21.37,0.082,3.842,17.13,20층 1315㎡(50.3×26.2m) + 20층 564㎡(32.9×17.1m)
쌍둥이,5 미세조정,20+20,20,63.0,111,14,37580,400.0,7948,45528,2007,21.37,0.061,3.825,17.13,20층 1315㎡(50.3×26.2m) + 20층 564㎡(32.9×17.1m)
단일,1b 층수·세장비,20,20,63.0,112,26,37580,400.0,5489,43069,1968,20.95,0.194,3.954,35.39,20층 1879㎡(53.1×35.4m)
단일,1b 층수·세장비,20,20,63.0,112,27,37580,400.0,5489,43069,1968,20.95,0.175,3.951,35.39,20층 1879㎡(53.1×35.4m)
단일,1b 층수·세장비,20,20,63.0,112,22,37580,400.0,5937,43517,1976,21.03,0.13,3.894,27.42,20층 1879㎡(68.5×27.4m)
단일,1b 층수·세장비,20,20,63.0,112,21,37580,400.0,5937,43517,1976,21.03,0.152,3.885,27.42,20층 1879㎡(68.5×27.4m)
쌍둥이,5 미세조정,20+20,20,63.0,112,14,37580,400.0,7658,45238,2003,21.32,0.06,3.884,20.16,20층 1315㎡(42.7×30.8m) + 20층 564㎡(28.0×20.2m)
단일,1b 층수·세장비,20,20,63.0,112,22,37580,400.0,6186,43766,1980,21.08,0.105,3.873,25.03,20층 1879㎡(75.1×25.0m)
쌍둥이,5 미세조정,20+20,20,63.0,112,14,37580,400.0,7720,45300,2004,21.33,0.058,3.872,19.26,20층 1315㎡(44.7×29.4m) + 20층 564㎡(29.3×19.3m)
쌍둥이,5 미세조정,20+20,20,63.0,112,14,37580,400.0,7735,45315,2004,21.33,0.068,3.857,19.07,20층 1315㎡(45.2×29.1m) + 20층 564㎡(29.6×19.1m)
쌍둥이,5 미세조정,20+20,20,63.0,112,14,37580,400.0,7658,45238,2003,21.32,0.063,3.841,20.16,20층 1315㎡(42.7×30.8m) + 20층 564㎡(28.0×20.2m)
단일,1b 층수·세장비,20,20,63.0,112,6,37580,400.0,7159,44739,1996,21.25,0.151,3.837,19.39,20층 1879㎡(96.9×19.4m)
쌍둥이,3 쌍둥이,20+20,20,63.0,112,14,37580,400.0,7761,45341,2004,21.33,0.078,3.832,18.77,20층 1315㎡(45.9×28.7m) + 20층 564㎡(30.0×18.8m)
쌍둥이,5 미세조정,20+20,20,63.0,112,14,37580,400.0,7889,45469,2006,21.36,0.057,3.828,17.58,20층 1315㎡(49.0×26.9m) + 20층 564㎡(32.1×17.6m)
쌍둥이,5 미세조정,20+20,20,63.0,112,15,37580,400.0,7658,45238,2003,21.32,0.093,3.828,20.16,20층 1315㎡(42.7×30.8m) + 20층 564㎡(28.0×20.2m)
쌍둥이,5 미세조정,20+20,20,63.0,112,14,37580,400.0,7778,45358,2005,21.34,0.08,3.827,18.59,20층 1315㎡(46.3×28.4m) + 20층 564㎡(30.3×18.6m)
쌍둥이,5 미세조정,20+20,20,63.0,112,14,37580,400.0,7832,45412,2006,21.35,0.059,3.811,18.06,20층 1315㎡(47.7×27.6m) + 20층 564㎡(31.2×18.1m)
쌍둥이,5 미세조정,20+20,20,63.0,112,14,37580,400.0,7852,45432,2006,21.35,0.061,3.808,17.88,20층 1315㎡(48.1×27.3m) + 20층 564㎡(31.5×17.9m)
단일,1b 층수·세장비,20,20,63.0,112,15,37580,400.0,6186,43766,1980,21.08,0.124,3.765,25.03,20층 1879㎡(75.1×25.0m)
단일,1b 층수·세장비,20,20,63.0,113,22,37580,400.0,5937,43517,1976,21.03,0.083,3.963,27.42,20층 1879㎡(68.5×27.4m)
단일,1b 층수·세장비,20,20,63.0,113,24,37580,400.0,5489,43069,1968,20.95,0.156,3.899,35.39,20층 1879㎡(53.1×35.4m)
단일,1b 층수·세장비,20,20,63.0,113,24,37580,400.0,6186,43766,1980,21.08,0.092,3.893,25.03,20층 1879㎡(75.1×25.0m)
쌍둥이,5 미세조정,20+20,20,63.0,113,13,37580,400.0,7778,45358,2005,21.34,0.053,3.874,18.59,20층 1315㎡(46.3×28.4m) + 20층 564㎡(30.3×18.6m)
쌍둥이,5 미세조정,20+20,20,63.0,113,14,37580,400.0,7720,45300,2004,21.33,0.065,3.858,19.26,20층 1315㎡(44.7×29.4m) + 20층 564㎡(29.3×19.3m)
쌍둥이,5 미세조정,20+20,20,63.0,113,14,37580,400.0,7778,45358,2005,21.34,0.086,3.855,18.59,20층 1315㎡(46.3×28.4m) + 20층 564㎡(30.3×18.6m)
쌍둥이,5 미세조정,20+20,20,63.0,113,14,37580,400.0,7761,45341,2004,21.33,0.09,3.838,18.77,20층 1315㎡(45.9×28.7m) + 20층 564㎡(30.0×18.8m)
단일,1b 층수·세장비,20,20,63.0,113,24,37580,400.0,5697,43277,1972,20.99,0.222,3.834,30.65,20층 1879㎡(61.3×30.7m)
쌍둥이,5 미세조정,20+20,20,63.0,113,14,37580,400.0,7852,45432,2006,21.35,0.101,3.822,17.88,20층 1315㎡(48.1×27.3m) + 20층 564㎡(31.5×17.9m)
단일,1a 방위·위치,20,20,63.0,113,14,37580,400.0,6682,44262,1988,21.16,0.181,3.816,21.67,20층 1879㎡(86.7×21.7m)
단일,1b 층수·세장비,20,20,63.0,113,19,37580,400.0,5937,43517,1976,21.03,0.265,3.811,27.42,20층 1879㎡(68.5×27.4m)
쌍둥이,5 미세조정,20+20,20,63.0,114,14,37580,400.0,7720,45300,2004,21.33,0.071,3.877,19.26,20층 1315㎡(44.7×29.4m) + 20층 564㎡(29.3×19.3m)
쌍둥이,5 미세조정,20+20,20,63.0,114,13,37580,400.0,7735,45315,2004,21.33,0.073,3.875,19.07,20층 1315㎡(45.2×29.1m) + 20층 564㎡(29.6×19.1m)
쌍둥이,5 미세조정,20+20,20,63.0,114,13,37580,400.0,7778,45358,2005,21.34,0.079,3.869,18.59,20층 1315㎡(46.3×28.4m) + 20층 564㎡(30.3×18.6m)
단일,1b 층수·세장비,20,20,63.0,114,24,37580,400.0,5937,43517,1976,21.03,0.081,3.867,27.42,20층 1879㎡(68.5×27.4m)
쌍둥이,5 미세조정,20+20,20,63.0,114,14,37580,400.0,7761,45341,2004,21.33,0.058,3.859,18.77,20층 1315㎡(45.9×28.7m) + 20층 564㎡(30.0×18.8m)
단일,1b 층수·세장비,20,20,63.0,114,21,37580,400.0,6186,43766,1980,21.08,0.055,3.858,25.03,20층 1879㎡(75.1×25.0m)
단일,1b 층수·세장비,20,20,63.0,114,24,37580,400.0,5697,43277,1972,20.99,0.243,3.84,30.65,20층 1879㎡(61.3×30.7m)
쌍둥이,5 미세조정,20+20,20,63.0,114,13,37580,400.0,7948,45528,2007,21.37,0.054,3.84,17.13,20층 1315㎡(50.3×26.2m) + 20층 564㎡(32.9×17.1m)
쌍둥이,3 쌍둥이,20+20,20,63.0,114,14,37580,400.0,7761,45341,2004,21.33,0.084,3.838,18.77,20층 1315㎡(45.9×28.7m) + 20층 564㎡(30.0×18.8m)
쌍둥이,5 미세조정,20+20,20,63.0,114,14,37580,400.0,7720,45300,2004,21.33,0.072,3.833,19.26,20층 1315㎡(44.7×29.4m) + 20층 564㎡(29.3×19.3m)
단일,1b 층수·세장비,20,20,63.0,114,5,37580,400.0,7159,44739,1996,21.25,0.084,3.83,19.39,20층 1879㎡(96.9×19.4m)
쌍둥이,5 미세조정,20+20,20,63.0,114,14,37580,400.0,7720,45300,2004,21.33,0.049,3.828,19.26,20층 1315㎡(44.7×29.4m) + 20층 564㎡(29.3×19.3m)
쌍둥이,5 미세조정,20+20,20,63.0,114,14,37580,400.0,7735,45315,2004,21.33,0.051,3.824,19.07,20층 1315㎡(45.2×29.1m) + 20층 564㎡(29.6×19.1m)
단일,1b 층수·세장비,20,20,63.0,115,28,37580,400.0,5489,43069,1968,20.95,0.164,3.965,35.39,20층 1879㎡(53.1×35.4m)
단일,1b 층수·세장비,20,20,63.0,115,16,37580,400.0,6682,44262,1988,21.16,0.075,3.876,21.67,20층 1879㎡(86.7×21.7m)
단일,1b 층수·세장비,20,20,63.0,115,23,37580,400.0,5937,43517,1976,21.03,0.217,3.861,27.42,20층 1879㎡(68.5×27.4m)
쌍둥이,5 미세조정,20+20,20,63.0,115,14,37580,400.0,7735,45315,2004,21.33,0.061,3.845,19.07,20층 1315㎡(45.2×29.1m) + 20층 564㎡(29.6×19.1m)
쌍둥이,3 쌍둥이,20+20,20,63.0,115,14,37580,400.0,7761,45341,2004,21.33,0.071,3.842,18.77,20층 1315㎡(45.9×28.7m) + 20층 564㎡(30.0×18.8m)
쌍둥이,5 미세조정,20+20,20,63.0,115,14,37580,400.0,7852,45432,2006,21.35,0.094,3.842,17.88,20층 1315㎡(48.1×27.3m) + 20층 564㎡(31.5×17.9m)
쌍둥이,5 미세조정,20+20,20,63.0,115,14,37580,400.0,7778,45358,2005,21.34,0.066,3.839,18.59,20층 1315㎡(46.3×28.4m) + 20층 564㎡(30.3×18.6m)
단일,1b 층수·세장비,20,20,63.0,115,10,37580,400.0,7613,45193,2004,21.33,0.081,3.82,17.7,20층 1879㎡(106.2×17.7m)
쌍둥이,5 미세조정,20+20,20,63.0,115,14,37580,400.0,7889,45469,2006,21.36,0.104,3.816,17.58,20층 1315㎡(49.0×26.9m) + 20층 564㎡(32.1×17.6m)
단일,1b 층수·세장비,20,20,63.0,115,8,37580,400.0,7613,45193,2004,21.33,0.117,3.805,17.7,20층 1879㎡(106.2×17.7m)
단일,1b 층수·세장비,20,20,63.0,115,13,37580,400.0,7159,44739,1996,21.25,0.075,3.793,19.39,20층 1879㎡(96.9×19.4m)
단일,1b 층수·세장비,20,20,63.0,115,18,37580,400.0,5937,43517,1976,21.03,0.198,3.792,27.42,20층 1879㎡(68.5×27.4m)
단일,1b 층수·세장비,20,20,63.0,116,24,37580,400.0,5937,43517,1976,21.03,0.145,3.887,27.42,20층 1879㎡(68.5×27.4m)
단일,1b 층수·세장비,20,20,63.0,116,6,37580,400.0,7159,44739,1996,21.25,0.096,3.876,19.39,20층 1879㎡(96.9×19.4m)
단일,1b 층수·세장비,20,20,63.0,116,25,37580,400.0,5937,43517,1976,21.03,0.185,3.87,27.42,20층 1879㎡(68.5×27.4m)
단일,1a 방위·위치,20,20,63.0,116,13,37580,400.0,6682,44262,1988,21.16,0.077,3.868,21.67,20층 1879㎡(86.7×21.7m)
단일,1a 방위·위치,20,20,63.0,116,15,37580,400.0,6682,44262,1988,21.16,0.105,3.867,21.67,20층 1879㎡(86.7×21.7m)
단일,1b 층수·세장비,20,20,63.0,116,21,37580,400.0,6682,44262,1988,21.16,0.068,3.865,21.67,20층 1879㎡(86.7×21.7m)
단일,1b 층수·세장비,20,20,63.0,116,14,37580,400.0,6682,44262,1988,21.16,0.134,3.859,21.67,20층 1879㎡(86.7×21.7m)
쌍둥이,5 미세조정,20+20,20,63.0,116,14,37580,400.0,7778,45358,2005,21.34,0.059,3.858,18.59,20층 1315㎡(46.3×28.4m) + 20층 564㎡(30.3×18.6m)
단일,1b 층수·세장비,20,20,63.0,116,24,37580,400.0,6186,43766,1980,21.08,0.077,3.853,25.03,20층 1879㎡(75.1×25.0m)
쌍둥이,5 미세조정,20+20,20,63.0,116,12,37580,400.0,7948,45528,2007,21.37,0.096,3.847,17.13,20층 1315㎡(50.3×26.2m) + 20층 564㎡(32.9×17.1m)
쌍둥이,5 미세조정,20+20,20,63.0,116,14,37580,400.0,7778,45358,2005,21.34,0.117,3.833,18.59,20층 1315㎡(46.3×28.4m) + 20층 564㎡(30.3×18.6m)
쌍둥이,5 미세조정,20+20,20,63.0,116,14,37580,400.0,7658,45238,2003,21.32,0.066,3.832,20.16,20층 1315㎡(42.7×30.8m) + 20층 564㎡(28.0×20.2m)
쌍둥이,5 미세조정,20+20,20,63.0,116,14,37580,400.0,7948,45528,2007,21.37,0.089,3.825,17.13,20층 1315㎡(50.3×26.2m) + 20층 564㎡(32.9×17.1m)
쌍둥이,5 미세조정,20+20,20,63.0,116,14,37580,400.0,7832,45412,2006,21.35,0.11,3.821,18.06,20층 1315㎡(47.7×27.6m) + 20층 564㎡(31.2×18.1m)
단일,1b 층수·세장비,20,20,63.0,116,3,37580,400.0,7159,44739,1996,21.25,0.051,3.82,19.39,20층 1879㎡(96.9×19.4m)
단일,1b 층수·세장비,20,20,63.0,116,20,37580,400.0,5937,43517,1976,21.03,0.242,3.803,27.42,20층 1879㎡(68.5×27.4m)
단일,1a 방위·위치,20,20,63.0,116,14,37580,400.0,6682,44262,1988,21.16,0.17,3.797,21.67,20층 1879㎡(86.7×21.7m)
단일,1b 층수·세장비,20,20,63.0,116,19,37580,400.0,5937,43517,1976,21.03,0.137,3.778,27.42,20층 1879㎡(68.5×27.4m)
단일,1b 층수·세장비,20,20,63.0,116,15,37580,400.0,6186,43766,1980,21.08,0.078,3.748,25.03,20층 1879㎡(75.1×25.0m)
단일,1b 층수·세장비,20,20,63.0,117,20,37580,400.0,6186,43766,1980,21.08,0.073,3.944,25.03,20층 1879㎡(75.1×25.0m)
단일,1b 층수·세장비,20,20,63.0,117,20,37580,400.0,6186,43766,1980,21.08,0.141,3.927,25.03,20층 1879㎡(75.1×25.0m)
쌍둥이,5 미세조정,20+20,20,63.0,117,15,37580,400.0,7778,45358,2005,21.34,0.059,3.88,18.59,20층 1315㎡(46.3×28.4m) + 20층 564㎡(30.3×18.6m)
단일,1b 층수·세장비,20,20,63.0,117,24,37580,400.0,5697,43277,1972,20.99,0.082,3.877,30.65,20층 1879㎡(61.3×30.7m)
단일,1a 방위·위치,20,20,63.0,117,13,37580,400.0,6682,44262,1988,21.16,0.137,3.876,21.67,20층 1879㎡(86.7×21.7m)
단일,1a 방위·위치,20,20,63.0,117,21,37580,400.0,6682,44262,1988,21.16,0.068,3.869,21.67,20층 1879㎡(86.7×21.7m)
단일,1b 층수·세장비,20,20,63.0,117,22,37580,400.0,5937,43517,1976,21.03,0.199,3.868,27.42,20층 1879㎡(68.5×27.4m)
단일,1b 층수·세장비,20,20,63.0,117,21,37580,400.0,5937,43517,1976,21.03,0.19,3.854,27.42,20층 1879㎡(68.5×27.4m)
쌍둥이,5 미세조정,20+20,20,63.0,117,14,37580,400.0,7735,45315,2004,21.33,0.092,3.848,19.07,20층 1315㎡(45.2×29.1m) + 20층 564㎡(29.6×19.1m)
쌍둥이,5 미세조정,20+20,20,63.0,117,14,37580,400.0,7889,45469,2006,21.36,0.07,3.844,17.58,20층 1315㎡(49.0×26.9m) + 20층 564㎡(32.1×17.6m)
쌍둥이,5 미세조정,20+20,20,63.0,117,14,37580,400.0,7720,45300,2004,21.33,0.109,3.84,19.26,20층 1315㎡(44.7×29.4m) + 20층 564㎡(29.3×19.3m)
쌍둥이,5 미세조정,20+20,20,63.0,117,14,37580,400.0,7735,45315,2004,21.33,0.111,3.838,19.07,20층 1315㎡(45.2×29.1m) + 20층 564㎡(29.6×19.1m)
쌍둥이,5 미세조정,20+20,20,63.0,117,14,37580,400.0,7761,45341,2004,21.33,0.089,3.836,18.77,20층 1315㎡(45.9×28.7m) + 20층 564㎡(30.0×18.8m)
단일,1b 층수·세장비,20,20,63.0,117,21,37580,400.0,5937,43517,1976,21.03,0.1,3.829,27.42,20층 1879㎡(68.5×27.4m)
쌍둥이,5 미세조정,20+20,20,63.0,117,14,37580,400.0,7972,45552,2008,21.37,0.105,3.826,16.97,20층 1315㎡(50.8×25.9m) + 20층 564㎡(33.2×17.0m)
단일,1b 층수·세장비,20,20,63.0,117,11,37580,400.0,7159,44739,1996,21.25,0.146,3.825,19.39,20층 1879㎡(96.9×19.4m)
단일,1a 방위·위치,20,20,63.0,117,14,37580,400.0,6682,44262,1988,21.16,0.11,3.781,21.67,20층 1879㎡(86.7×21.7m)
단일,1b 층수·세장비,20,20,63.0,118,20,37580,400.0,6186,43766,1980,21.08,0.115,3.923,25.03,20층 1879㎡(75.1×25.0m)
단일,1b 층수·세장비,20,20,63.0,118,14,37580,400.0,6682,44262,1988,21.16,0.088,3.908,21.67,20층 1879㎡(86.7×21.7m)
단일,1a 방위·위치,20,20,63.0,118,13,37580,400.0,6682,44262,1988,21.16,0.148,3.889,21.67,20층 1879㎡(86.7×21.7m)
쌍둥이,5 미세조정,20+20,20,63.0,118,11,37580,400.0,7889,45469,2006,21.36,0.056,3.873,17.58,20층 1315㎡(49.0×26.9m) + 20층 564㎡(32.1×17.6m)
쌍둥이,5 미세조정,20+20,20,63.0,118,14,37580,400.0,7646,45226,2002,21.31,0.096,3.853,20.36,20층 1315㎡(42.3×31.1m) + 20층 564㎡(27.7×20.4m)
단일,1b 층수·세장비,20,20,63.0,118,14,37580,400.0,6682,44262,1988,21.16,0.184,3.842,21.67,20층 1879㎡(86.7×21.7m)
쌍둥이,5 미세조정,20+20,20,63.0,118,15,37580,400.0,7658,45238,2003,21.32,0.081,3.837,20.16,20층 1315㎡(42.7×30.8m) + 20층 564㎡(28.0×20.2m)
쌍둥이,5 미세조정,20+20,20,63.0,118,14,37580,400.0,7832,45412,2006,21.35,0.052,3.828,18.06,20층 1315㎡(47.7×27.6m) + 20층 564㎡(31.2×18.1m)
쌍둥이,5 미세조정,20+20,20,63.0,118,14,37580,400.0,7852,45432,2006,21.35,0.125,3.822,17.88,20층 1315㎡(48.1×27.3m) + 20층 564㎡(31.5×17.9m)
쌍둥이,5 미세조정,20+20,20,63.0,118,14,37580,400.0,7852,45432,2006,21.35,0.112,3.818,17.88,20층 1315㎡(48.1×27.3m) + 20층 564㎡(31.5×17.9m)
쌍둥이,5 미세조정,20+20,20,63.0,118,14,37580,400.0,7735,45315,2004,21.33,0.083,3.801,19.07,20층 1315㎡(45.2×29.1m) + 20층 564㎡(29.6×19.1m)
쌍둥이,5 미세조정,20+20,20,63.0,118,14,37580,400.0,7761,45341,2004,21.33,0.109,3.799,18.77,20층 1315㎡(45.9×28.7m) + 20층 564㎡(30.0×18.8m)
쌍둥이,5 미세조정,20+20,20,63.0,118,14,37580,400.0,7778,45358,2005,21.34,0.087,3.793,18.59,20층 1315㎡(46.3×28.4m) + 20층 564㎡(30.3×18.6m)
단일,1b 층수·세장비,20,20,63.0,119,21,37580,400.0,5697,43277,1972,20.99,0.121,3.991,30.65,20층 1879㎡(61.3×30.7m)
단일,1b 층수·세장비,20,20,63.0,119,23,37580,400.0,5697,43277,1972,20.99,0.134,3.979,30.65,20층 1879㎡(61.3×30.7m)
단일,1b 층수·세장비,20,20,63.0,119,27,37580,400.0,5489,43069,1968,20.95,0.124,3.944,35.39,20층 1879㎡(53.1×35.4m)
단일,1b 층수·세장비,20,20,63.0,119,20,37580,400.0,6186,43766,1980,21.08,0.098,3.938,25.03,20층 1879㎡(75.1×25.0m)
단일,1b 층수·세장비,20,20,63.0,119,14,37580,400.0,6682,44262,1988,21.16,0.118,3.894,21.67,20층 1879㎡(86.7×21.7m)
단일,1b 층수·세장비,20,20,63.0,119,24,37580,400.0,5697,43277,1972,20.99,0.13,3.86,30.65,20층 1879㎡(61.3×30.7m)
단일,1a 방위·위치,20,20,63.0,119,22,37580,400.0,6682,44262,1988,21.16,0.094,3.859,21.67,20층 1879㎡(86.7×21.7m)
단일,1b 층수·세장비,20,20,63.0,119,22,37580,400.0,5937,43517,1976,21.03,0.167,3.846,27.42,20층 1879㎡(68.5×27.4m)
쌍둥이,5 미세조정,20+20,20,63.0,119,13,37580,400.0,7852,45432,2006,21.35,0.091,3.836,17.88,20층 1315㎡(48.1×27.3m) + 20층 564㎡(31.5×17.9m)
단일,1a 방위·위치,20,20,63.0,119,16,37580,400.0,6682,44262,1988,21.16,0.153,3.834,21.67,20층 1879㎡(86.7×21.7m)
쌍둥이,5 미세조정,20+20,20,63.0,119,13,37580,400.0,7889,45469,2006,21.36,0.094,3.833,17.58,20층 1315㎡(49.0×26.9m) + 20층 564㎡(32.1×17.6m)
쌍둥이,5 미세조정,20+20,20,63.0,119,13,37580,400.0,7948,45528,2007,21.37,0.127,3.823,17.13,20층 1315㎡(50.3×26.2m) + 20층 564㎡(32.9×17.1m)
쌍둥이,5 미세조정,20+20,20,63.0,119,12,37580,400.0,7972,45552,2008,21.37,0.129,3.821,16.97,20층 1315㎡(50.8×25.9m) + 20층 564㎡(33.2×17.0m)
쌍둥이,5 미세조정,20+20,20,63.0,119,14,37580,400.0,7778,45358,2005,21.34,0.11,3.798,18.59,20층 1315㎡(46.3×28.4m) + 20층 564㎡(30.3×18.6m)
쌍둥이,5 미세조정,20+20,20,63.0,119,14,37580,400.0,7761,45341,2004,21.33,0.085,3.794,18.77,20층 1315㎡(45.9×28.7m) + 20층 564㎡(30.0×18.8m)
단일,1b 층수·세장비,20,20,63.0,120,26,37580,400.0,5697,43277,1972,20.99,0.082,3.922,30.65,20층 1879㎡(61.3×30.7m)
단일,1b 층수·세장비,20,20,63.0,120,23,37580,400.0,5697,43277,1972,20.99,0.09,3.908,30.65,20층 1879㎡(61.3×30.7m)
단일,1b 층수·세장비,20,20,63.0,120,27,37580,400.0,5697,43277,1972,20.99,0.057,3.9,30.65,20층 1879㎡(61.3×30.7m)
쌍둥이,5 미세조정,20+20,20,63.0,120,12,37580,400.0,7889,45469,2006,21.36,0.049,3.837,17.58,20층 1315㎡(49.0×26.9m) + 20층 564㎡(32.1×17.6m)
쌍둥이,5 미세조정,20+20,20,63.0,120,14,37580,400.0,7832,45412,2006,21.35,0.077,3.829,18.06,20층 1315㎡(47.7×27.6m) + 20층 564㎡(31.2×18.1m)
쌍둥이,5 미세조정,20+20,20,63.0,120,14,37580,400.0,7852,45432,2006,21.35,0.079,3.827,17.88,20층 1315㎡(48.1×27.3m) + 20층 564㎡(31.5×17.9m)
쌍둥이,5 미세조정,20+20,20,63.0,120,14,37580,400.0,7972,45552,2008,21.37,0.136,3.806,16.97,20층 1315㎡(50.8×25.9m) + 20층 564㎡(33.2×17.0m)
쌍둥이,5 미세조정,20+20,20,63.0,120,14,37580,400.0,7972,45552,2008,21.37,0.122,3.805,16.97,20층 1315㎡(50.8×25.9m) + 20층 564㎡(33.2×17.0m)
단일,1b 층수·세장비,20,20,63.0,120,5,37580,400.0,7613,45193,2004,21.33,0.153,3.792,17.7,20층 1879㎡(106.2×17.7m)
단일,1b 층수·세장비,20,20,63.0,121,23,37580,400.0,5697,43277,1972,20.99,0.061,4.004,30.65,20층 1879㎡(61.3×30.7m)
단일,1b 층수·세장비,20,20,63.0,121,24,37580,400.0,5697,43277,1972,20.99,0.093,3.973,30.65,20층 1879㎡(61.3×30.7m)
단일,1b 층수·세장비,20,20,63.0,121,24,37580,400.0,5697,43277,1972,20.99,0.138,3.937,30.65,20층 1879㎡(61.3×30.7m)
단일,1b 층수·세장비,20,20,63.0,121,24,37580,400.0,5697,43277,1972,20.99,0.151,3.924,30.65,20층 1879㎡(61.3×30.7m)
단일,1b 층수·세장비,20,20,63.0,121,21,37580,400.0,6186,43766,1980,21.08,0.14,3.873,25.03,20층 1879㎡(75.1×25.0m)
단일,1b 층수·세장비,20,20,63.0,121,10,37580,400.0,6682,44262,1988,21.16,0.107,3.86,21.67,20층 1879㎡(86.7×21.7m)
단일,1a 방위·위치,20,20,63.0,121,21,37580,400.0,6682,44262,1988,21.16,0.123,3.85,21.67,20층 1879㎡(86.7×21.7m)
쌍둥이,5 미세조정,20+20,20,63.0,121,13,37580,400.0,7852,45432,2006,21.35,0.118,3.833,17.88,20층 1315㎡(48.1×27.3m) + 20층 564㎡(31.5×17.9m)
쌍둥이,5 미세조정,20+20,20,63.0,121,14,37580,400.0,7889,45469,2006,21.36,0.108,3.825,17.58,20층 1315㎡(49.0×26.9m) + 20층 564㎡(32.1×17.6m)
쌍둥이,5 미세조정,20+20,20,63.0,121,14,37580,400.0,7761,45341,2004,21.33,0.127,3.824,18.77,20층 1315㎡(45.9×28.7m) + 20층 564㎡(30.0×18.8m)
단일,1b 층수·세장비,20,20,63.0,121,19,37580,400.0,6186,43766,1980,21.08,0.266,3.819,25.03,20층 1879㎡(75.1×25.0m)
단일,1b 층수·세장비,20,20,63.0,121,19,37580,400.0,5937,43517,1976,21.03,0.059,3.817,27.42,20층 1879㎡(68.5×27.4m)
단일,1b 층수·세장비,20,20,63.0,121,11,37580,400.0,7159,44739,1996,21.25,0.18,3.808,19.39,20층 1879㎡(96.9×19.4m)
단일,1b 층수·세장비,20,20,63.0,121,4,37580,400.0,7613,45193,2004,21.33,0.19,3.775,17.7,20층 1879㎡(106.2×17.7m)
단일,1b 층수·세장비,20,20,63.0,122,27,37580,400.0,5697,43277,1972,20.99,0.078,3.95,30.65,20층 1879㎡(61.3×30.7m)
단일,1b 층수·세장비,20,20,63.0,122,18,37580,400.0,5937,43517,1976,21.03,0.088,3.945,27.42,20층 1879㎡(68.5×27.4m)
단일,1b 층수·세장비,20,20,63.0,122,23,37580,400.0,5697,43277,1972,20.99,0.11,3.912,30.65,20층 1879㎡(61.3×30.7m)
단일,1b 층수·세장비,20,20,63.0,122,15,37580,400.0,6186,43766,1980,21.08,0.098,3.911,25.03,20층 1879㎡(75.1×25.0m)
쌍둥이,5 미세조정,20+20,20,63.0,122,13,37580,400.0,7778,45358,2005,21.34,0.103,3.856,18.59,20층 1315㎡(46.3×28.4m) + 20층 564㎡(30.3×18.6m)
단일,1b 층수·세장비,20,20,63.0,122,10,37580,400.0,6682,44262,1988,21.16,0.051,3.854,21.67,20층 1879㎡(86.7×21.7m)
쌍둥이,5 미세조정,20+20,20,63.0,122,13,37580,400.0,7778,45358,2005,21.34,0.084,3.845,18.59,20층 1315㎡(46.3×28.4m) + 20층 564㎡(30.3×18.6m)
단일,1b 층수·세장비,20,20,63.0,122,22,37580,400.0,5937,43517,1976,21.03,0.251,3.84,27.42,20층 1879㎡(68.5×27.4m)
쌍둥이,5 미세조정,20+20,20,63.0,122,14,37580,400.0,7658,45238,2003,21.32,0.088,3.84,20.16,20층 1315㎡(42.7×30.8m) + 20층 564㎡(28.0×20.2m)
쌍둥이,5 미세조정,20+20,20,63.0,122,13,37580,400.0,7948,45528,2007,21.37,0.106,3.839,17.13,20층 1315㎡(50.3×26.2m) + 20층 564㎡(32.9×17.1m)
단일,1b 층수·세장비,20,20,63.0,122,20,37580,400.0,6682,44262,1988,21.16,0.151,3.838,21.67,20층 1879㎡(86.7×21.7m)
쌍둥이,5 미세조정,20+20,20,63.0,122,14,37580,400.0,7948,45528,2007,21.37,0.152,3.783,17.13,20층 1315㎡(50.3×26.2m) + 20층 564㎡(32.9×17.1m)
단일,1a 방위·위치,20,20,63.0,123,10,37580,400.0,6682,44262,1988,21.16,0.136,3.864,21.67,20층 1879㎡(86.7×21.7m)
쌍둥이,5 미세조정,20+20,20,63.0,123,14,37580,400.0,7720,45300,2004,21.33,0.077,3.857,19.26,20층 1315㎡(44.7×29.4m) + 20층 564㎡(29.3×19.3m)
단일,1b 층수·세장비,20,20,63.0,123,18,37580,400.0,6186,43766,1980,21.08,0.207,3.824,25.03,20층 1879㎡(75.1×25.0m)
단일,1a 방위·위치,20,20,63.0,123,15,37580,400.0,6682,44262,1988,21.16,0.094,3.822,21.67,20층 1879㎡(86.7×21.7m)
쌍둥이,5 미세조정,20+20,20,63.0,123,14,37580,400.0,7778,45358,2005,21.34,0.129,3.819,18.59,20층 1315㎡(46.3×28.4m) + 20층 564㎡(30.3×18.6m)
쌍둥이,5 미세조정,20+20,20,63.0,123,14,37580,400.0,7832,45412,2006,21.35,0.134,3.812,18.06,20층 1315㎡(47.7×27.6m) + 20층 564㎡(31.2×18.1m)
쌍둥이,5 미세조정,20+20,20,63.0,123,14,37580,400.0,7948,45528,2007,21.37,0.106,3.808,17.13,20층 1315㎡(50.3×26.2m) + 20층 564㎡(32.9×17.1m)
쌍둥이,5 미세조정,20+20,20,63.0,123,14,37580,400.0,7832,45412,2006,21.35,0.141,3.795,18.06,20층 1315㎡(47.7×27.6m) + 20층 564㎡(31.2×18.1m)
쌍둥이,5 미세조정,20+20,20,63.0,123,14,37580,400.0,7948,45528,2007,21.37,0.067,3.795,17.13,20층 1315㎡(50.3×26.2m) + 20층 564㎡(32.9×17.1m)
쌍둥이,5 미세조정,20+20,20,63.0,123,14,37580,400.0,7852,45432,2006,21.35,0.143,3.794,17.88,20층 1315㎡(48.1×27.3m) + 20층 564㎡(31.5×17.9m)
쌍둥이,5 미세조정,20+20,20,63.0,123,14,37580,400.0,7972,45552,2008,21.37,0.068,3.793,16.97,20층 1315㎡(50.8×25.9m) + 20층 564㎡(33.2×17.0m)
쌍둥이,5 미세조정,20+20,20,63.0,123,14,37580,400.0,7972,45552,2008,21.37,0.167,3.782,16.97,20층 1315㎡(50.8×25.9m) + 20층 564㎡(33.2×17.0m)
쌍둥이,5 미세조정,20+20,20,63.0,124,14,37580,400.0,7658,45238,2003,21.32,0.067,3.87,20.16,20층 1315㎡(42.7×30.8m) + 20층 564㎡(28.0×20.2m)
쌍둥이,5 미세조정,20+20,20,63.0,124,15,37580,400.0,7778,45358,2005,21.34,0.097,3.834,18.59,20층 1315㎡(46.3×28.4m) + 20층 564㎡(30.3×18.6m)
단일,1b 층수·세장비,20,20,63.0,124,19,37580,400.0,6186,43766,1980,21.08,0.181,3.819,25.03,20층 1879㎡(75.1×25.0m)
쌍둥이,5 미세조정,20+20,20,63.0,124,14,37580,400.0,7778,45358,2005,21.34,0.08,3.813,18.59,20층 1315㎡(46.3×28.4m) + 20층 564㎡(30.3×18.6m)
단일,1b 층수·세장비,20,20,63.0,124,13,37580,400.0,6682,44262,1988,21.16,0.065,3.811,21.67,20층 1879㎡(86.7×21.7m)
쌍둥이,5 미세조정,20+20,20,63.0,124,14,37580,400.0,7778,45358,2005,21.34,0.136,3.805,18.59,20층 1315㎡(46.3×28.4m) + 20층 564㎡(30.3×18.6m)
쌍둥이,5 미세조정,20+20,20,63.0,124,15,37580,400.0,7646,45226,2002,21.31,0.128,3.795,20.36,20층 1315㎡(42.3×31.1m) + 20층 564㎡(27.7×20.4m)
쌍둥이,5 미세조정,20+20,20,63.0,124,14,37580,400.0,7972,45552,2008,21.37,0.093,3.791,16.97,20층 1315㎡(50.8×25.9m) + 20층 564㎡(33.2×17.0m)
단일,1a 방위·위치,20,20,63.0,125,11,37580,400.0,6682,44262,1988,21.16,0.195,3.87,21.67,20층 1879㎡(86.7×21.7m)
단일,1a 방위·위치,20,20,63.0,125,23,37580,400.0,6682,44262,1988,21.16,0.146,3.839,21.67,20층 1879㎡(86.7×21.7m)
쌍둥이,5 미세조정,20+20,20,63.0,125,14,37580,400.0,7646,45226,2002,21.31,0.127,3.835,20.36,20층 1315㎡(42.3×31.1m) + 20층 564㎡(27.7×20.4m)
단일,1a 방위·위치,20,20,63.0,125,18,37580,400.0,6682,44262,1988,21.16,0.18,3.827,21.67,20층 1879㎡(86.7×21.7m)
쌍둥이,5 미세조정,20+20,20,63.0,125,15,37580,400.0,7761,45341,2004,21.33,0.139,3.825,18.77,20층 1315㎡(45.9×28.7m) + 20층 564㎡(30.0×18.8m)
쌍둥이,5 미세조정,20+20,20,63.0,125,14,37580,400.0,7889,45469,2006,21.36,0.133,3.822,17.58,20층 1315㎡(49.0×26.9m) + 20층 564㎡(32.1×17.6m)
단일,1b 층수·세장비,20,20,63.0,125,18,37580,400.0,6186,43766,1980,21.08,0.291,3.808,25.03,20층 1879㎡(75.1×25.0m)
단일,1b 층수·세장비,20,20,63.0,125,18,37580,400.0,6186,43766,1980,21.08,0.131,3.807,25.03,20층 1879㎡(75.1×25.0m)
단일,1b 층수·세장비,20,20,63.0,125,9,37580,400.0,7159,44739,1996,21.25,0.201,3.796,19.39,20층 1879㎡(96.9×19.4m)
쌍둥이,5 미세조정,20+20,20,63.0,125,14,37580,400.0,7852,45432,2006,21.35,0.156,3.794,17.88,20층 1315㎡(48.1×27.3m) + 20층 564㎡(31.5×17.9m)
쌍둥이,5 미세조정,20+20,20,63.0,125,14,37580,400.0,7948,45528,2007,21.37,0.091,3.793,17.13,20층 1315㎡(50.3×26.2m) + 20층 564㎡(32.9×17.1m)
단일,1b 층수·세장비,20,20,63.0,125,9,37580,400.0,7159,44739,1996,21.25,0.167,3.788,19.39,20층 1879㎡(96.9×19.4m)
단일,1b 층수·세장비,20,20,63.0,126,29,37580,400.0,5489,43069,1968,20.95,0.079,3.931,35.39,20층 1879㎡(53.1×35.4m)
단일,1b 층수·세장비,20,20,63.0,126,15,37580,400.0,6186,43766,1980,21.08,0.2,3.923,25.03,20층 1879㎡(75.1×25.0m)
단일,1b 층수·세장비,20,20,63.0,126,16,37580,400.0,6186,43766,1980,21.08,0.173,3.922,25.03,20층 1879㎡(75.1×25.0m)
쌍둥이,5 미세조정,20+20,20,63.0,126,12,37580,400.0,7948,45528,2007,21.37,0.092,3.847,17.13,20층 1315㎡(50.3×26.2m) + 20층 564㎡(32.9×17.1m)
쌍둥이,5 미세조정,20+20,20,63.0,126,14,37580,400.0,7646,45226,2002,21.31,0.096,3.816,20.36,20층 1315㎡(42.3×31.1m) + 20층 564㎡(27.7×20.4m)
쌍둥이,5 미세조정,20+20,20,63.0,126,14,37580,400.0,7778,45358,2005,21.34,0.148,3.804,18.59,20층 1315㎡(46.3×28.4m) + 20층 564㎡(30.3×18.6m)
쌍둥이,5 미세조정,20+20,20,63.0,126,14,37580,400.0,7948,45528,2007,21.37,0.145,3.799,17.13,20층 1315㎡(50.3×26.2m) + 20층 564㎡(32.9×17.1m)
쌍둥이,5 미세조정,20+20,20,63.0,126,14,37580,400.0,7832,45412,2006,21.35,0.14,3.793,18.06,20층 1315㎡(47.7×27.6m) + 20층 564㎡(31.2×18.1m)
쌍둥이,5 미세조정,20+20,20,63.0,126,14,37580,400.0,7778,45358,2005,21.34,0.112,3.793,18.59,20층 1315㎡(46.3×28.4m) + 20층 564㎡(30.3×18.6m)
쌍둥이,5 미세조정,20+20,20,63.0,126,14,37580,400.0,7852,45432,2006,21.35,0.142,3.789,17.88,20층 1315㎡(48.1×27.3m) + 20층 564㎡(31.5×17.9m)
단일,1b 층수·세장비,20,20,63.0,126,9,37580,400.0,7159,44739,1996,21.25,0.134,3.782,19.39,20층 1879㎡(96.9×19.4m)
쌍둥이,5 미세조정,20+20,20,63.0,126,14,37580,400.0,7852,45432,2006,21.35,0.118,3.781,17.88,20층 1315㎡(48.1×27.3m) + 20층 564㎡(31.5×17.9m)
단일,1b 층수·세장비,20,20,63.0,126,5,37580,400.0,7613,45193,2004,21.33,0.177,3.754,17.7,20층 1879㎡(106.2×17.7m)
단일,1b 층수·세장비,20,20,63.0,126,4,37580,400.0,7613,45193,2004,21.33,0.14,3.745,17.7,20층 1879㎡(106.2×17.7m)
단일,1b 층수·세장비,20,20,63.0,127,24,37580,400.0,5697,43277,1972,20.99,0.113,3.899,30.65,20층 1879㎡(61.3×30.7m)
단일,1b 층수·세장비,20,20,63.0,127,24,37580,400.0,5937,43517,1976,21.03,0.174,3.89,27.42,20층 1879㎡(68.5×27.4m)
단일,1a 방위·위치,20,20,63.0,127,12,37580,400.0,6682,44262,1988,21.16,0.206,3.882,21.67,20층 1879㎡(86.7×21.7m)
단일,1b 층수·세장비,20,20,63.0,127,23,37580,400.0,5937,43517,1976,21.03,0.127,3.881,27.42,20층 1879㎡(68.5×27.4m)
단일,1b 층수·세장비,20,20,63.0,127,17,37580,400.0,6682,44262,1988,21.16,0.21,3.813,21.67,20층 1879㎡(86.7×21.7m)
단일,1b 층수·세장비,20,20,63.0,127,18,37580,400.0,6186,43766,1980,21.08,0.107,3.802,25.03,20층 1879㎡(75.1×25.0m)
쌍둥이,5 미세조정,20+20,20,63.0,127,14,37580,400.0,7972,45552,2008,21.37,0.119,3.794,16.97,20층 1315㎡(50.8×25.9m) + 20층 564㎡(33.2×17.0m)
단일,1a 방위·위치,20,20,63.0,127,14,37580,400.0,6682,44262,1988,21.16,0.053,3.751,21.67,20층 1879㎡(86.7×21.7m)
단일,1b 층수·세장비,20,20,63.0,128,20,37580,400.0,5937,43517,1976,21.03,0.181,3.953,27.42,20층 1879㎡(68.5×27.4m)
단일,1b 층수·세장비,20,20,63.0,128,24,37580,400.0,5937,43517,1976,21.03,0.198,3.897,27.42,20층 1879㎡(68.5×27.4m)
쌍둥이,5 미세조정,20+20,20,63.0,128,15,37580,400.0,7720,45300,2004,21.33,0.133,3.829,19.26,20층 1315㎡(44.7×29.4m) + 20층 564㎡(29.3×19.3m)
쌍둥이,5 미세조정,20+20,20,63.0,128,13,37580,400.0,7948,45528,2007,21.37,0.151,3.818,17.13,20층 1315㎡(50.3×26.2m) + 20층 564㎡(32.9×17.1m)
쌍둥이,5 미세조정,20+20,20,63.0,128,15,37580,400.0,7658,45238,2003,21.32,0.119,3.815,20.16,20층 1315㎡(42.7×30.8m) + 20층 564㎡(28.0×20.2m)
쌍둥이,5 미세조정,20+20,20,63.0,128,15,37580,400.0,7832,45412,2006,21.35,0.166,3.794,18.06,20층 1315㎡(47.7×27.6m) + 20층 564㎡(31.2×18.1m)
단일,1b 층수·세장비,20,20,63.0,128,17,37580,400.0,6186,43766,1980,21.08,0.282,3.787,25.03,20층 1879㎡(75.1×25.0m)
단일,1b 층수·세장비,20,20,63.0,129,27,37580,400.0,5937,43517,1976,21.03,0.091,3.93,27.42,20층 1879㎡(68.5×27.4m)
단일,1b 층수·세장비,20,20,63.0,129,26,37580,400.0,5697,43277,1972,20.99,0.114,3.914,30.65,20층 1879㎡(61.3×30.7m)
단일,1a 방위·위치,20,20,63.0,129,14,37580,400.0,6682,44262,1988,21.16,0.147,3.9,21.67,20층 1879㎡(86.7×21.7m)
단일,1b 층수·세장비,20,20,63.0,129,29,37580,400.0,5489,43069,1968,20.95,0.092,3.892,35.39,20층 1879㎡(53.1×35.4m)
단일,1b 층수·세장비,20,20,63.0,129,19,37580,400.0,7159,44739,1996,21.25,0.124,3.821,19.39,20층 1879㎡(96.9×19.4m)
쌍둥이,5 미세조정,20+20,20,63.0,129,14,37580,400.0,7720,45300,2004,21.33,0.115,3.82,19.26,20층 1315㎡(44.7×29.4m) + 20층 564㎡(29.3×19.3m)
쌍둥이,5 미세조정,20+20,20,63.0,129,14,37580,400.0,7889,45469,2006,21.36,0.106,3.82,17.58,20층 1315㎡(49.0×26.9m) + 20층 564㎡(32.1×17.6m)
쌍둥이,5 미세조정,20+20,20,63.0,129,15,37580,400.0,7646,45226,2002,21.31,0.117,3.816,20.36,20층 1315㎡(42.3×31.1m) + 20층 564㎡(27.7×20.4m)
쌍둥이,5 미세조정,20+20,20,63.0,129,16,37580,400.0,7646,45226,2002,21.31,0.171,3.802,20.36,20층 1315㎡(42.3×31.1m) + 20층 564㎡(27.7×20.4m)
단일,1b 층수·세장비,20,20,63.0,130,24,37580,400.0,5697,43277,1972,20.99,0.169,3.915,30.65,20층 1879㎡(61.3×30.7m)
단일,1b 층수·세장비,20,20,63.0,130,24,37580,400.0,5697,43277,1972,20.99,0.096,3.893,30.65,20층 1879㎡(61.3×30.7m)
단일,1b 층수·세장비,20,20,63.0,130,21,37580,400.0,6186,43766,1980,21.08,0.19,3.867,25.03,20층 1879㎡(75.1×25.0m)
단일,1a 방위·위치,20,20,63.0,130,22,37580,400.0,6682,44262,1988,21.16,0.2,3.822,21.67,20층 1879㎡(86.7×21.7m)
쌍둥이,5 미세조정,20+20,20,63.0,130,16,37580,400.0,7778,45358,2005,21.34,0.128,3.807,18.59,20층 1315㎡(46.3×28.4m) + 20층 564㎡(30.3×18.6m)
단일,1a 방위·위치,20,20,63.0,130,17,37580,400.0,6682,44262,1988,21.16,0.24,3.8,21.67,20층 1879㎡(86.7×21.7m)
쌍둥이,5 미세조정,20+20,20,63.0,130,15,37580,400.0,7889,45469,2006,21.36,0.138,3.795,17.58,20층 1315㎡(49.0×26.9m) + 20층 564㎡(32.1×17.6m)
단일,1b 층수·세장비,20,20,63.0,130,9,37580,400.0,7159,44739,1996,21.25,0.1,3.777,19.39,20층 1879㎡(96.9×19.4m)
쌍둥이,5 미세조정,20+20,20,63.0,130,15,37580,400.0,7720,45300,2004,21.33,0.138,3.777,19.26,20층 1315㎡(44.7×29.4m) + 20층 564㎡(29.3×19.3m)
단일,1b 층수·세장비,20,20,63.0,131,26,37580,400.0,5697,43277,1972,20.99,0.176,3.944,30.65,20층 1879㎡(61.3×30.7m)
단일,1b 층수·세장비,20,20,63.0,131,17,37580,400.0,6186,43766,1980,21.08,0.157,3.937,25.03,20층 1879㎡(75.1×25.0m)
단일,1a 방위·위치,20,20,63.0,131,19,37580,400.0,6682,44262,1988,21.16,0.05,3.893,21.67,20층 1879㎡(86.7×21.7m)
단일,1a 방위·위치,20,20,63.0,131,20,37580,400.0,6682,44262,1988,21.16,0.106,3.878,21.67,20층 1879㎡(86.7×21.7m)
단일,1b 층수·세장비,20,20,63.0,131,12,37580,400.0,7159,44739,1996,21.25,0.075,3.859,19.39,20층 1879㎡(96.9×19.4m)
단일,1b 층수·세장비,20,20,63.0,131,26,37580,400.0,5697,43277,1972,20.99,0.069,3.857,30.65,20층 1879㎡(61.3×30.7m)
쌍둥이,5 미세조정,20+20,20,63.0,131,15,37580,400.0,7735,45315,2004,21.33,0.11,3.83,19.07,20층 1315㎡(45.2×29.1m) + 20층 564㎡(29.6×19.1m)
쌍둥이,5 미세조정,20+20,20,63.0,131,15,37580,400.0,7646,45226,2002,21.31,0.14,3.821,20.36,20층 1315㎡(42.3×31.1m) + 20층 564㎡(27.7×20.4m)
쌍둥이,5 미세조정,20+20,20,63.0,131,13,37580,400.0,7948,45528,2007,21.37,0.123,3.821,17.13,20층 1315㎡(50.3×26.2m) + 20층 564㎡(32.9×17.1m)
쌍둥이,5 미세조정,20+20,20,63.0,131,14,37580,400.0,7720,45300,2004,21.33,0.172,3.795,19.26,20층 1315㎡(44.7×29.4m) + 20층 564㎡(29.3×19.3m)
쌍둥이,5 미세조정,20+20,20,63.0,131,15,37580,400.0,7948,45528,2007,21.37,0.142,3.789,17.13,20층 1315㎡(50.3×26.2m) + 20층 564㎡(32.9×17.1m)
쌍둥이,5 미세조정,20+20,20,63.0,131,15,37580,400.0,7761,45341,2004,21.33,0.142,3.768,18.77,20층 1315㎡(45.9×28.7m) + 20층 564㎡(30.0×18.8m)
단일,1b 층수·세장비,20,20,63.0,132,26,37580,400.0,6186,43766,1980,21.08,0.075,3.916,25.03,20층 1879㎡(75.1×25.0m)
단일,1b 층수·세장비,20,20,63.0,132,26,37580,400.0,6186,43766,1980,21.08,0.099,3.911,25.03,20층 1879㎡(75.1×25.0m)
단일,1b 층수·세장비,20,20,63.0,132,29,37580,400.0,5489,43069,1968,20.95,0.18,3.903,35.39,20층 1879㎡(53.1×35.4m)
단일,1b 층수·세장비,20,20,63.0,132,22,37580,400.0,6186,43766,1980,21.08,0.216,3.871,25.03,20층 1879㎡(75.1×25.0m)
단일,1b 층수·세장비,20,20,63.0,132,12,37580,400.0,7159,44739,1996,21.25,0.107,3.847,19.39,20층 1879㎡(96.9×19.4m)
단일,1b 층수·세장비,20,20,63.0,132,9,37580,400.0,7613,45193,2004,21.33,0.105,3.822,17.7,20층 1879㎡(106.2×17.7m)
쌍둥이,5 미세조정,20+20,20,63.0,132,16,37580,400.0,7720,45300,2004,21.33,0.14,3.816,19.26,20층 1315㎡(44.7×29.4m) + 20층 564㎡(29.3×19.3m)
단일,1b 층수·세장비,20,20,63.0,132,18,37580,400.0,7159,44739,1996,21.25,0.156,3.807,19.39,20층 1879㎡(96.9×19.4m)
쌍둥이,5 미세조정,20+20,20,63.0,132,15,37580,400.0,7778,45358,2005,21.34,0.173,3.803,18.59,20층 1315㎡(46.3×28.4m) + 20층 564㎡(30.3×18.6m)
쌍둥이,5 미세조정,20+20,20,63.0,132,14,37580,400.0,7889,45469,2006,21.36,0.164,3.797,17.58,20층 1315㎡(49.0×26.9m) + 20층 564㎡(32.1×17.6m)
단일,1b 층수·세장비,20,20,63.0,132,7,37580,400.0,7613,45193,2004,21.33,0.176,3.794,17.7,20층 1879㎡(106.2×17.7m)
쌍둥이,5 미세조정,20+20,20,63.0,132,15,37580,400.0,7889,45469,2006,21.36,0.113,3.791,17.58,20층 1315㎡(49.0×26.9m) + 20층 564㎡(32.1×17.6m)
단일,1a 방위·위치,20,20,63.0,132,16,37580,400.0,6682,44262,1988,21.16,0.228,3.779,21.67,20층 1879㎡(86.7×21.7m)
쌍둥이,5 미세조정,20+20,20,63.0,132,14,37580,400.0,7948,45528,2007,21.37,0.149,3.773,17.13,20층 1315㎡(50.3×26.2m) + 20층 564㎡(32.9×17.1m)
쌍둥이,5 미세조정,20+20,20,63.0,132,14,37580,400.0,7972,45552,2008,21.37,0.15,3.771,16.97,20층 1315㎡(50.8×25.9m) + 20층 564㎡(33.2×17.0m)
단일,1b 층수·세장비,20,20,63.0,132,9,37580,400.0,7159,44739,1996,21.25,0.068,3.764,19.39,20층 1879㎡(96.9×19.4m)
단일,1b 층수·세장비,20,20,63.0,133,18,37580,400.0,6186,43766,1980,21.08,0.132,3.942,25.03,20층 1879㎡(75.1×25.0m)
단일,1a 방위·위치,20,20,63.0,133,16,37580,400.0,6682,44262,1988,21.16,0.089,3.916,21.67,20층 1879㎡(86.7×21.7m)
단일,1a 방위·위치,20,20,63.0,133,18,37580,400.0,6682,44262,1988,21.16,0.164,3.853,21.67,20층 1879㎡(86.7×21.7m)
단일,1b 층수·세장비,20,20,63.0,133,10,37580,400.0,7159,44739,1996,21.25,0.172,3.824,19.39,20층 1879㎡(96.9×19.4m)
쌍둥이,5 미세조정,20+20,20,63.0,133,16,37580,400.0,7778,45358,2005,21.34,0.153,3.811,18.59,20층 1315㎡(46.3×28.4m) + 20층 564㎡(30.3×18.6m)
단일,1b 층수·세장비,20,20,63.0,133,16,37580,400.0,7159,44739,1996,21.25,0.188,3.794,19.39,20층 1879㎡(96.9×19.4m)
단일,1b 층수·세장비,20,20,63.0,133,5,37580,400.0,7613,45193,2004,21.33,0.212,3.779,17.7,20층 1879㎡(106.2×17.7m)
단일,1b 층수·세장비,20,20,63.0,133,18,37580,400.0,6682,44262,1988,21.16,0.315,3.764,21.67,20층 1879㎡(86.7×21.7m)
단일,1b 층수·세장비,20,20,63.0,134,24,37580,400.0,6186,43766,1980,21.08,0.148,3.893,25.03,20층 1879㎡(75.1×25.0m)
단일,1b 층수·세장비,20,20,63.0,134,23,37580,400.0,6186,43766,1980,21.08,0.174,3.885,25.03,20층 1879㎡(75.1×25.0m)
단일,1a 방위·위치,20,20,63.0,134,21,37580,400.0,6682,44262,1988,21.16,0.256,3.794,21.67,20층 1879㎡(86.7×21.7m)
쌍둥이,5 미세조정,20+20,20,63.0,134,15,37580,400.0,7761,45341,2004,21.33,0.202,3.787,18.77,20층 1315㎡(45.9×28.7m) + 20층 564㎡(30.0×18.8m)
단일,1b 층수·세장비,20,20,63.0,135,28,37580,400.0,5697,43277,1972,20.99,0.153,3.905,30.65,20층 1879㎡(61.3×30.7m)
단일,1a 방위·위치,20,20,63.0,135,22,37580,400.0,6682,44262,1988,21.16,0.059,3.888,21.67,20층 1879㎡(86.7×21.7m)
단일,1a 방위·위치,20,20,63.0,135,17,37580,400.0,6682,44262,1988,21.16,0.223,3.837,21.67,20층 1879㎡(86.7×21.7m)
쌍둥이,5 미세조정,20+20,20,63.0,135,14,37580,400.0,7889,45469,2006,21.36,0.178,3.801,17.58,20층 1315㎡(49.0×26.9m) + 20층 564㎡(32.1×17.6m)
쌍둥이,5 미세조정,20+20,20,63.0,135,16,37580,400.0,7720,45300,2004,21.33,0.171,3.798,19.26,20층 1315㎡(44.7×29.4m) + 20층 564㎡(29.3×19.3m)
쌍둥이,5 미세조정,20+20,20,63.0,135,15,37580,400.0,7761,45341,2004,21.33,0.189,3.782,18.77,20층 1315㎡(45.9×28.7m) + 20층 564㎡(30.0×18.8m)
단일,1b 층수·세장비,20,20,63.0,136,19,37580,400.0,6186,43766,1980,21.08,0.082,3.954,25.03,20층 1879㎡(75.1×25.0m)
단일,1b 층수·세장비,20,20,63.0,136,17,37580,400.0,6682,44262,1988,21.16,0.242,3.83,21.67,20층 1879㎡(86.7×21.7m)
쌍둥이,5 미세조정,20+20,20,63.0,136,14,37580,400.0,7778,45358,2005,21.34,0.14,3.82,18.59,20층 1315㎡(46.3×28.4m) + 20층 564㎡(30.3×18.6m)
쌍둥이,5 미세조정,20+20,20,63.0,136,16,37580,400.0,7761,45341,2004,21.33,0.145,3.812,18.77,20층 1315㎡(45.9×28.7m) + 20층 564㎡(30.0×18.8m)
쌍둥이,5 미세조정,20+20,20,63.0,136,16,37580,400.0,7646,45226,2002,21.31,0.16,3.811,20.36,20층 1315㎡(42.3×31.1m) + 20층 564㎡(27.7×20.4m)
쌍둥이,5 미세조정,20+20,20,63.0,136,15,37580,400.0,7778,45358,2005,21.34,0.147,3.809,18.59,20층 1315㎡(46.3×28.4m) + 20층 564㎡(30.3×18.6m)
쌍둥이,5 미세조정,20+20,20,63.0,136,14,37580,400.0,7948,45528,2007,21.37,0.183,3.797,17.13,20층 1315㎡(50.3×26.2m) + 20층 564㎡(32.9×17.1m)
쌍둥이,5 미세조정,20+20,20,63.0,136,15,37580,400.0,7852,45432,2006,21.35,0.181,3.793,17.88,20층 1315㎡(48.1×27.3m) + 20층 564㎡(31.5×17.9m)
단일,1b 층수·세장비,20,20,63.0,136,15,37580,400.0,7159,44739,1996,21.25,0.221,3.775,19.39,20층 1879㎡(96.9×19.4m)
쌍둥이,5 미세조정,20+20,20,63.0,136,15,37580,400.0,7832,45412,2006,21.35,0.21,3.775,18.06,20층 1315㎡(47.7×27.6m) + 20층 564㎡(31.2×18.1m)
단일,1b 층수·세장비,20,20,63.0,136,16,37580,400.0,6682,44262,1988,21.16,0.199,3.771,21.67,20층 1879㎡(86.7×21.7m)
단일,1b 층수·세장비,20,20,63.0,136,0,37580,400.0,7613,45193,2004,21.33,0.057,3.702,17.7,20층 1879㎡(106.2×17.7m)
단일,1b 층수·세장비,20,20,63.0,137,27,37580,400.0,5697,43277,1972,20.99,0.147,3.873,30.65,20층 1879㎡(61.3×30.7m)
단일,1b 층수·세장비,20,20,63.0,137,22,37580,400.0,6186,43766,1980,21.08,0.067,3.84,25.03,20층 1879㎡(75.1×25.0m)
단일,1a 방위·위치,20,20,63.0,137,17,37580,400.0,6682,44262,1988,21.16,0.212,3.821,21.67,20층 1879㎡(86.7×21.7m)
단일,1a 방위·위치,20,20,63.0,137,16,37580,400.0,6682,44262,1988,21.16,0.153,3.809,21.67,20층 1879㎡(86.7×21.7m)
단일,1b 층수·세장비,20,20,63.0,137,2,37580,400.0,7613,45193,2004,21.33,0.273,3.752,17.7,20층 1879㎡(106.2×17.7m)
단일,1b 층수·세장비,20,20,63.0,137,2,37580,400.0,7613,45193,2004,21.33,0.235,3.741,17.7,20층 1879㎡(106.2×17.7m)
단일,1a 방위·위치,20,20,63.0,137,17,37580,400.0,6682,44262,1988,21.16,0.304,3.736,21.67,20층 1879㎡(86.7×21.7m)
단일,1b 층수·세장비,20,20,63.0,137,0,37580,400.0,7613,45193,2004,21.33,0.163,3.728,17.7,20층 1879㎡(106.2×17.7m)
단일,1b 층수·세장비,20,20,63.0,137,0,37580,400.0,7613,45193,2004,21.33,0.127,3.722,17.7,20층 1879㎡(106.2×17.7m)
단일,1b 층수·세장비,20,20,63.0,138,25,37580,400.0,5937,43517,1976,21.03,0.273,3.847,27.42,20층 1879㎡(68.5×27.4m)
단일,1b 층수·세장비,20,20,63.0,138,16,37580,400.0,6682,44262,1988,21.16,0.124,3.806,21.67,20층 1879㎡(86.7×21.7m)
단일,1a 방위·위치,20,20,63.0,138,16,37580,400.0,6682,44262,1988,21.16,0.096,3.801,21.67,20층 1879㎡(86.7×21.7m)
쌍둥이,5 미세조정,20+20,20,63.0,138,17,37580,400.0,7948,45528,2007,21.37,0.193,3.765,17.13,20층 1315㎡(50.3×26.2m) + 20층 564㎡(32.9×17.1m)
단일,1b 층수·세장비,20,20,63.0,138,13,37580,400.0,7159,44739,1996,21.25,0.255,3.762,19.39,20층 1879㎡(96.9×19.4m)
단일,1b 층수·세장비,20,20,63.0,139,20,37580,400.0,5937,43517,1976,21.03,0.064,3.858,27.42,20층 1879㎡(68.5×27.4m)
단일,1b 층수·세장비,20,20,63.0,139,18,37580,400.0,6186,43766,1980,21.08,0.061,3.825,25.03,20층 1879㎡(75.1×25.0m)
단일,1b 층수·세장비,20,20,63.0,139,14,37580,400.0,6682,44262,1988,21.16,0.17,3.761,21.67,20층 1879㎡(86.7×21.7m)
단일,1b 층수·세장비,20,20,63.0,140,23,37580,400.0,5937,43517,1976,21.03,0.257,3.896,27.42,20층 1879㎡(68.5×27.4m)
단일,1b 층수·세장비,20,20,63.0,140,27,37580,400.0,6186,43766,1980,21.08,0.153,3.881,25.03,20층 1879㎡(75.1×25.0m)
단일,1b 층수·세장비,20,20,63.0,140,27,37580,400.0,6186,43766,1980,21.08,0.224,3.855,25.03,20층 1879㎡(75.1×25.0m)
단일,1b 층수·세장비,20,20,63.0,140,23,37580,400.0,6186,43766,1980,21.08,0.215,3.8,25.03,20층 1879㎡(75.1×25.0m)
단일,1b 층수·세장비,20,20,63.0,141,22,37580,400.0,5937,43517,1976,21.03,0.187,3.878,27.42,20층 1879㎡(68.5×27.4m)
단일,1b 층수·세장비,20,20,63.0,141,24,37580,400.0,5937,43517,1976,21.03,0.155,3.859,27.42,20층 1879㎡(68.5×27.4m)
단일,1b 층수·세장비,20,20,63.0,141,16,37580,400.0,7159,44739,1996,21.25,0.061,3.853,19.39,20층 1879㎡(96.9×19.4m)
단일,1a 방위·위치,20,20,63.0,141,9,37580,400.0,6682,44262,1988,21.16,0.061,3.777,21.67,20층 1879㎡(86.7×21.7m)
단일,1b 층수·세장비,20,20,63.0,141,14,37580,400.0,6682,44262,1988,21.16,0.113,3.746,21.67,20층 1879㎡(86.7×21.7m)
단일,1b 층수·세장비,20,20,63.0,142,22,37580,400.0,5937,43517,1976,21.03,0.165,3.873,27.42,20층 1879㎡(68.5×27.4m)
단일,1a 방위·위치,20,20,63.0,142,9,37580,400.0,6682,44262,1988,21.16,0.112,3.779,21.67,20층 1879㎡(86.7×21.7m)
단일,1a 방위·위치,20,20,63.0,142,14,37580,400.0,6682,44262,1988,21.16,0.057,3.725,21.67,20층 1879㎡(86.7×21.7m)
단일,1a 방위·위치,20,20,63.0,144,21,37580,400.0,6682,44262,1988,21.16,0.108,3.868,21.67,20층 1879㎡(86.7×21.7m)
단일,1a 방위·위치,20,20,63.0,144,21,37580,400.0,6682,44262,1988,21.16,0.129,3.863,21.67,20층 1879㎡(86.7×21.7m)
단일,1b 층수·세장비,20,20,63.0,144,19,37580,400.0,6186,43766,1980,21.08,0.174,3.843,25.03,20층 1879㎡(75.1×25.0m)
단일,1a 방위·위치,20,20,63.0,144,14,37580,400.0,6682,44262,1988,21.16,0.271,3.813,21.67,20층 1879㎡(86.7×21.7m)
단일,1b 층수·세장비,20,20,63.0,145,24,37580,400.0,6186,43766,1980,21.08,0.159,3.906,25.03,20층 1879㎡(75.1×25.0m)
단일,1b 층수·세장비,20,20,63.0,145,18,37580,400.0,6682,44262,1988,21.16,0.166,3.871,21.67,20층 1879㎡(86.7×21.7m)
단일,1a 방위·위치,20,20,63.0,145,16,37580,400.0,6682,44262,1988,21.16,0.282,3.83,21.67,20층 1879㎡(86.7×21.7m)
단일,1a 방위·위치,20,20,63.0,145,12,37580,400.0,6682,44262,1988,21.16,0.102,3.78,21.67,20층 1879㎡(86.7×21.7m)
단일,1b 층수·세장비,20,20,63.0,145,11,37580,400.0,7159,44739,1996,21.25,0.242,3.74,19.39,20층 1879㎡(96.9×19.4m)
단일,1a 방위·위치,20,20,63.0,145,16,37580,400.0,6682,44262,1988,21.16,0.245,3.711,21.67,20층 1879㎡(86.7×21.7m)
단일,1a 방위·위치,20,20,63.0,146,19,37580,400.0,6682,44262,1988,21.16,0.112,3.889,21.67,20층 1879㎡(86.7×21.7m)
단일,1b 층수·세장비,20,20,63.0,146,22,37580,400.0,6682,44262,1988,21.16,0.132,3.858,21.67,20층 1879㎡(86.7×21.7m)
단일,1b 층수·세장비,20,20,63.0,146,21,37580,400.0,6682,44262,1988,21.16,0.156,3.853,21.67,20층 1879㎡(86.7×21.7m)
단일,1a 방위·위치,20,20,63.0,146,18,37580,400.0,6682,44262,1988,21.16,0.223,3.851,21.67,20층 1879㎡(86.7×21.7m)
단일,1a 방위·위치,20,20,63.0,146,21,37580,400.0,6682,44262,1988,21.16,0.183,3.841,21.67,20층 1879㎡(86.7×21.7m)
단일,1a 방위·위치,20,20,63.0,146,14,37580,400.0,6682,44262,1988,21.16,0.212,3.797,21.67,20층 1879㎡(86.7×21.7m)
단일,1b 층수·세장비,20,20,63.0,146,12,37580,400.0,7613,45193,2004,21.33,0.147,3.797,17.7,20층 1879㎡(106.2×17.7m)
단일,1b 층수·세장비,20,20,63.0,146,12,37580,400.0,6682,44262,1988,21.16,0.129,3.785,21.67,20층 1879㎡(86.7×21.7m)
단일,1b 층수·세장비,20,20,63.0,146,11,37580,400.0,7159,44739,1996,21.25,0.209,3.728,19.39,20층 1879㎡(96.9×19.4m)
단일,1b 층수·세장비,20,20,63.0,146,15,37580,400.0,6682,44262,1988,21.16,0.217,3.701,21.67,20층 1879㎡(86.7×21.7m)
단일,1a 방위·위치,20,20,63.0,147,22,37580,400.0,6682,44262,1988,21.16,0.157,3.852,21.67,20층 1879㎡(86.7×21.7m)
단일,1b 층수·세장비,20,20,63.0,147,16,37580,400.0,7159,44739,1996,21.25,0.153,3.821,19.39,20층 1879㎡(96.9×19.4m)
단일,1a 방위·위치,20,20,63.0,148,22,37580,400.0,6682,44262,1988,21.16,0.105,3.829,21.67,20층 1879㎡(86.7×21.7m)
단일,1b 층수·세장비,20,20,63.0,148,23,37580,400.0,6186,43766,1980,21.08,0.08,3.82,25.03,20층 1879㎡(75.1×25.0m)
단일,1a 방위·위치,20,20,63.0,148,12,37580,400.0,6682,44262,1988,21.16,0.271,3.798,21.67,20층 1879㎡(86.7×21.7m)
단일,1b 층수·세장비,20,20,63.0,148,12,37580,400.0,6682,44262,1988,21.16,0.184,3.794,21.67,20층 1879㎡(86.7×21.7m)
단일,1a 방위·위치,20,20,63.0,148,14,37580,400.0,6682,44262,1988,21.16,0.19,3.692,21.67,20층 1879㎡(86.7×21.7m)
단일,1b 층수·세장비,20,20,63.0,149,11,37580,400.0,7159,44739,1996,21.25,0.176,3.718,19.39,20층 1879㎡(96.9×19.4m)
단일,1a 방위·위치,20,20,63.0,150,20,37580,400.0,6682,44262,1988,21.16,0.058,3.901,21.67,20층 1879㎡(86.7×21.7m)
단일,1a 방위·위치,20,20,63.0,150,14,37580,400.0,6682,44262,1988,21.16,0.329,3.812,21.67,20층 1879㎡(86.7×21.7m)
단일,1b 층수·세장비,20,20,63.0,150,11,37580,400.0,7613,45193,2004,21.33,0.252,3.755,17.7,20층 1879㎡(106.2×17.7m)
단일,1a 방위·위치,20,20,63.0,150,14,37580,400.0,6682,44262,1988,21.16,0.136,3.676,21.67,20층 1879㎡(86.7×21.7m)
단일,1a 방위·위치,20,20,63.0,151,21,37580,400.0,6682,44262,1988,21.16,0.207,3.834,21.67,20층 1879㎡(86.7×21.7m)
단일,1a 방위·위치,20,20,63.0,151,20,37580,400.0,6682,44262,1988,21.16,0.26,3.812,21.67,20층 1879㎡(86.7×21.7m)
단일,1a 방위·위치,20,20,63.0,151,16,37580,400.0,6682,44262,1988,21.16,0.287,3.769,21.67,20층 1879㎡(86.7×21.7m)
단일,1b 층수·세장비,20,20,63.0,151,11,37580,400.0,7159,44739,1996,21.25,0.335,3.739,19.39,20층 1879㎡(96.9×19.4m)
단일,1b 층수·세장비,20,20,63.0,152,5,37580,400.0,7613,45193,2004,21.33,0.348,3.706,17.7,20층 1879㎡(106.2×17.7m)
단일,1a 방위·위치,20,20,63.0,154,16,37580,400.0,6682,44262,1988,21.16,0.34,3.828,21.67,20층 1879㎡(86.7×21.7m)
단일,1a 방위·위치,20,20,63.0,154,15,37580,400.0,6682,44262,1988,21.16,0.173,3.735,21.67,20층 1879㎡(86.7×21.7m)
단일,1a 방위·위치,20,20,63.0,154,15,37580,400.0,6682,44262,1988,21.16,0.066,3.709,21.67,20층 1879㎡(86.7×21.7m)
단일,1b 층수·세장비,20,20,63.0,154,7,37580,400.0,7159,44739,1996,21.25,0.235,3.706,19.39,20층 1879㎡(96.9×19.4m)
단일,1a 방위·위치,20,20,63.0,155,22,37580,400.0,6682,44262,1988,21.16,0.157,3.807,21.67,20층 1879㎡(86.7×21.7m)
단일,1a 방위·위치,20,20,63.0,155,21,37580,400.0,6682,44262,1988,21.16,0.315,3.784,21.67,20층 1879㎡(86.7×21.7m)
단일,1a 방위·위치,20,20,63.0,155,15,37580,400.0,6682,44262,1988,21.16,0.119,3.722,21.67,20층 1879㎡(86.7×21.7m)
단일,1a 방위·위치,20,20,63.0,155,13,37580,400.0,6682,44262,1988,21.16,0.08,3.709,21.67,20층 1879㎡(86.7×21.7m)
단일,1a 방위·위치,20,20,63.0,155,14,37580,400.0,6682,44262,1988,21.16,0.063,3.618,21.67,20층 1879㎡(86.7×21.7m)
단일,1a 방위·위치,20,20,63.0,156,23,37580,400.0,6682,44262,1988,21.16,0.089,3.892,21.67,20층 1879㎡(86.7×21.7m)
단일,1a 방위·위치,20,20,63.0,157,16,37580,400.0,6682,44262,1988,21.16,0.282,3.849,21.67,20층 1879㎡(86.7×21.7m)
단일,1a 방위·위치,20,20,63.0,157,23,37580,400.0,6682,44262,1988,21.16,0.21,3.782,21.67,20층 1879㎡(86.7×21.7m)
단일,1a 방위·위치,20,20,63.0,157,20,37580,400.0,6682,44262,1988,21.16,0.373,3.755,21.67,20층 1879㎡(86.7×21.7m)
단일,1a 방위·위치,20,20,63.0,157,18,37580,400.0,6682,44262,1988,21.16,0.362,3.724,21.67,20층 1879㎡(86.7×21.7m)
단일,1a 방위·위치,20,20,63.0,157,13,37580,400.0,6682,44262,1988,21.16,0.13,3.709,21.67,20층 1879㎡(86.7×21.7m)
단일,1a 방위·위치,20,20,63.0,157,16,37580,400.0,6682,44262,1988,21.16,0.304,3.7,21.67,20층 1879㎡(86.7×21.7m)
단일,1a 방위·위치,20,20,63.0,157,15,37580,400.0,6682,44262,1988,21.16,0.25,3.68,21.67,20층 1879㎡(86.7×21.7m)
단일,1a 방위·위치,20,20,63.0,157,14,37580,400.0,6682,44262,1988,21.16,0.198,3.667,21.67,20층 1879㎡(86.7×21.7m)
단일,1a 방위·위치,20,20,63.0,158,16,37580,400.0,6682,44262,1988,21.16,0.288,3.745,21.67,20층 1879㎡(86.7×21.7m)
단일,1a 방위·위치,20,20,63.0,158,23,37580,400.0,6682,44262,1988,21.16,0.314,3.691,21.67,20층 1879㎡(86.7×21.7m)
단일,1a 방위·위치,20,20,63.0,159,20,37580,400.0,6682,44262,1988,21.16,0.071,3.918,21.67,20층 1879㎡(86.7×21.7m)
단일,1a 방위·위치,20,20,63.0,159,19,37580,400.0,6682,44262,1988,21.16,0.243,3.838,21.67,20층 1879㎡(86.7×21.7m)
단일,1a 방위·위치,20,20,63.0,159,18,37580,400.0,6682,44262,1988,21.16,0.346,3.763,21.67,20층 1879㎡(86.7×21.7m)
단일,1a 방위·위치,20,20,63.0,159,14,37580,400.0,6682,44262,1988,21.16,0.148,3.663,21.67,20층 1879㎡(86.7×21.7m)
단일,1a 방위·위치,20,20,63.0,159,18,37580,400.0,6682,44262,1988,21.16,0.2,3.649,21.67,20층 1879㎡(86.7×21.7m)
단일,1a 방위·위치,20,20,63.0,160,16,37580,400.0,6682,44262,1988,21.16,0.347,3.762,21.67,20층 1879㎡(86.7×21.7m)
단일,1a 방위·위치,20,20,63.0,160,23,37580,400.0,6682,44262,1988,21.16,0.266,3.754,21.67,20층 1879㎡(86.7×21.7m)
단일,1a 방위·위치,20,20,63.0,160,14,37580,400.0,6682,44262,1988,21.16,0.289,3.74,21.67,20층 1879㎡(86.7×21.7m)
단일,1a 방위·위치,20,20,63.0,160,23,37580,400.0,6682,44262,1988,21.16,0.325,3.72,21.67,20층 1879㎡(86.7×21.7m)
단일,1a 방위·위치,20,20,63.0,160,11,37580,400.0,6682,44262,1988,21.16,0.181,3.72,21.67,20층 1879㎡(86.7×21.7m)
단일,1a 방위·위치,20,20,63.0,160,10,37580,400.0,6682,44262,1988,21.16,0.131,3.713,21.67,20층 1879㎡(86.7×21.7m)
단일,1a 방위·위치,20,20,63.0,160,14,37580,400.0,6682,44262,1988,21.16,0.099,3.659,21.67,20층 1879㎡(86.7×21.7m)
단일,1a 방위·위치,20,20,63.0,161,18,37580,400.0,6682,44262,1988,21.16,0.121,3.902,21.67,20층 1879㎡(86.7×21.7m)
단일,1a 방위·위치,20,20,63.0,161,23,37580,400.0,6682,44262,1988,21.16,0.139,3.873,21.67,20층 1879㎡(86.7×21.7m)
단일,1a 방위·위치,20,20,63.0,161,22,37580,400.0,6682,44262,1988,21.16,0.19,3.855,21.67,20층 1879㎡(86.7×21.7m)
단일,1a 방위·위치,20,20,63.0,161,20,37580,400.0,6682,44262,1988,21.16,0.298,3.811,21.67,20층 1879㎡(86.7×21.7m)
단일,1a 방위·위치,20,20,63.0,161,16,37580,400.0,6682,44262,1988,21.16,0.358,3.783,21.67,20층 1879㎡(86.7×21.7m)
단일,1a 방위·위치,20,20,63.0,161,14,37580,400.0,6682,44262,1988,21.16,0.234,3.726,21.67,20층 1879㎡(86.7×21.7m)
단일,1a 방위·위치,20,20,63.0,161,11,37580,400.0,6682,44262,1988,21.16,0.182,3.718,21.67,20층 1879㎡(86.7×21.7m)
단일,1a 방위·위치,20,20,63.0,161,17,37580,400.0,6682,44262,1988,21.16,0.147,3.634,21.67,20층 1879㎡(86.7×21.7m)
단일,1a 방위·위치,20,20,63.0,161,16,37580,400.0,6682,44262,1988,21.16,0.095,3.624,21.67,20층 1879㎡(86.7×21.7m)
단일,1a 방위·위치,20,20,63.0,162,21,37580,400.0,6682,44262,1988,21.16,0.357,3.784,21.67,20층 1879㎡(86.7×21.7m)
단일,1a 방위·위치,20,20,63.0,162,23,37580,400.0,6682,44262,1988,21.16,0.18,3.645,21.67,20층 1879㎡(86.7×21.7m)
단일,1a 방위·위치,20,20,63.0,163,23,37580,400.0,6682,44262,1988,21.16,0.191,3.725,21.67,20층 1879㎡(86.7×21.7m)
단일,1a 방위·위치,20,20,63.0,163,23,37580,400.0,6682,44262,1988,21.16,0.25,3.691,21.67,20층 1879㎡(86.7×21.7m)
단일,1a 방위·위치,20,20,63.0,166,19,37580,400.0,6682,44262,1988,21.16,0.14,3.874,21.67,20층 1879㎡(86.7×21.7m)
단일,1a 방위·위치,20,20,63.0,166,22,37580,400.0,6682,44262,1988,21.16,0.33,3.72,21.67,20층 1879㎡(86.7×21.7m)
단일,1a 방위·위치,20,20,63.0,167,16,37580,400.0,6682,44262,1988,21.16,0.3,3.806,21.67,20층 1879㎡(86.7×21.7m)
단일,1a 방위·위치,20,20,63.0,167,22,37580,400.0,6682,44262,1988,21.16,0.342,3.746,21.67,20층 1879㎡(86.7×21.7m)
단일,1a 방위·위치,20,20,63.0,167,20,37580,400.0,6682,44262,1988,21.16,0.272,3.699,21.67,20층 1879㎡(86.7×21.7m)
단일,1a 방위·위치,20,20,63.0,167,17,37580,400.0,6682,44262,1988,21.16,0.217,3.681,21.67,20층 1879㎡(86.7×21.7m)
단일,1a 방위·위치,20,20,63.0,167,15,37580,400.0,6682,44262,1988,21.16,0.103,3.675,21.67,20층 1879㎡(86.7×21.7m)
단일,1a 방위·위치,20,20,63.0,168,23,37580,400.0,6682,44262,1988,21.16,0.091,3.892,21.67,20층 1879㎡(86.7×21.7m)
단일,1a 방위·위치,20,20,63.0,168,24,37580,400.0,6682,44262,1988,21.16,0.072,3.87,21.67,20층 1879㎡(86.7×21.7m)
단일,1a 방위·위치,20,20,63.0,168,16,37580,400.0,6682,44262,1988,21.16,0.299,3.786,21.67,20층 1879㎡(86.7×21.7m)
단일,1a 방위·위치,20,20,63.0,168,23,37580,400.0,6682,44262,1988,21.16,0.197,3.668,21.67,20층 1879㎡(86.7×21.7m)
단일,1a 방위·위치,20,20,63.0,168,15,37580,400.0,6682,44262,1988,21.16,0.165,3.668,21.67,20층 1879㎡(86.7×21.7m)
단일,1a 방위·위치,20,20,63.0,169,16,37580,400.0,6682,44262,1988,21.16,0.213,3.733,21.67,20층 1879㎡(86.7×21.7m)
단일,1a 방위·위치,20,20,63.0,169,20,37580,400.0,6682,44262,1988,21.16,0.213,3.703,21.67,20층 1879㎡(86.7×21.7m)
단일,1a 방위·위치,20,20,63.0,169,16,37580,400.0,6682,44262,1988,21.16,0.097,3.699,21.67,20층 1879㎡(86.7×21.7m)
단일,1a 방위·위치,20,20,63.0,169,22,37580,400.0,6682,44262,1988,21.16,0.255,3.689,21.67,20층 1879㎡(86.7×21.7m)
단일,1a 방위·위치,20,20,63.0,169,14,37580,400.0,6682,44262,1988,21.16,0.063,3.658,21.67,20층 1879㎡(86.7×21.7m)
단일,1a 방위·위치,20,20,63.0,169,15,37580,400.0,6682,44262,1988,21.16,0.086,3.637,21.67,20층 1879㎡(86.7×21.7m)
단일,1a 방위·위치,20,20,63.0,170,21,37580,400.0,6682,44262,1988,21.16,0.123,3.849,21.67,20층 1879㎡(86.7×21.7m)
단일,1a 방위·위치,20,20,63.0,170,17,37580,400.0,6682,44262,1988,21.16,0.244,3.833,21.67,20층 1879㎡(86.7×21.7m)
단일,1a 방위·위치,20,20,63.0,170,19,37580,400.0,6682,44262,1988,21.16,0.272,3.721,21.67,20층 1879㎡(86.7×21.7m)
단일,1a 방위·위치,20,20,63.0,170,17,37580,400.0,6682,44262,1988,21.16,0.157,3.686,21.67,20층 1879㎡(86.7×21.7m)
단일,1a 방위·위치,20,20,63.0,170,14,37580,400.0,6682,44262,1988,21.16,0.113,3.659,21.67,20층 1879㎡(86.7×21.7m)
단일,1a 방위·위치,20,20,63.0,171,16,37580,400.0,6682,44262,1988,21.16,0.191,3.854,21.67,20층 1879㎡(86.7×21.7m)
단일,1a 방위·위치,20,20,63.0,171,19,37580,400.0,6682,44262,1988,21.16,0.283,3.748,21.67,20층 1879㎡(86.7×21.7m)
단일,1a 방위·위치,20,20,63.0,172,22,37580,400.0,6682,44262,1988,21.16,0.18,3.671,21.67,20층 1879㎡(86.7×21.7m)
단일,1a 방위·위치,20,20,63.0,172,23,37580,400.0,6682,44262,1988,21.16,0.105,3.66,21.67,20층 1879㎡(86.7×21.7m)
단일,1a 방위·위치,20,20,63.0,173,20,37580,400.0,6682,44262,1988,21.16,0.052,3.828,21.67,20층 1879㎡(86.7×21.7m)
단일,1a 방위·위치,20,20,63.0,173,18,37580,400.0,6682,44262,1988,21.16,0.224,3.775,21.67,20층 1879㎡(86.7×21.7m)
단일,1a 방위·위치,20,20,63.0,173,18,37580,400.0,6682,44262,1988,21.16,0.079,3.725,21.67,20층 1879㎡(86.7×21.7m)
단일,1a 방위·위치,20,20,63.0,174,18,37580,400.0,6682,44262,1988,21.16,0.108,3.804,21.67,20층 1879㎡(86.7×21.7m)
단일,1a 방위·위치,20,20,63.0,174,20,37580,400.0,6682,44262,1988,21.16,0.207,3.748,21.67,20층 1879㎡(86.7×21.7m)
단일,1a 방위·위치,20,20,63.0,174,23,37580,400.0,6682,44262,1988,21.16,0.056,3.708,21.67,20층 1879㎡(86.7×21.7m)
단일,1a 방위·위치,20,20,63.0,174,22,37580,400.0,6682,44262,1988,21.16,0.121,3.649,21.67,20층 1879㎡(86.7×21.7m)
단일,1a 방위·위치,20,20,63.0,175,20,37580,400.0,6682,44262,1988,21.16,0.151,3.778,21.67,20층 1879㎡(86.7×21.7m)
단일,1a 방위·위치,20,20,63.0,175,16,37580,400.0,6682,44262,1988,21.16,0.138,3.708,21.67,20층 1879㎡(86.7×21.7m)
단일,1a 방위·위치,20,20,63.0,175,16,37580,400.0,6682,44262,1988,21.16,0.078,3.688,21.67,20층 1879㎡(86.7×21.7m)
단일,1a 방위·위치,20,20,63.0,175,20,37580,400.0,6682,44262,1988,21.16,0.08,3.661,21.67,20층 1879㎡(86.7×21.7m)
단일,1a 방위·위치,20,20,63.0,176,19,37580,400.0,6682,44262,1988,21.16,0.113,3.827,21.67,20층 1879㎡(86.7×21.7m)
단일,1a 방위·위치,20,20,63.0,176,16,37580,400.0,6682,44262,1988,21.16,0.165,3.78,21.67,20층 1879㎡(86.7×21.7m)
단일,1a 방위·위치,20,20,63.0,176,16,37580,400.0,6682,44262,1988,21.16,0.149,3.73,21.67,20층 1879㎡(86.7×21.7m)
단일,1a 방위·위치,20,20,63.0,176,22,37580,400.0,6682,44262,1988,21.16,0.191,3.699,21.67,20층 1879㎡(86.7×21.7m)
단일,1a 방위·위치,20,20,63.0,176,23,37580,400.0,6682,44262,1988,21.16,0.116,3.681,21.67,20층 1879㎡(86.7×21.7m)
단일,1a 방위·위치,20,20,63.0,177,16,37580,400.0,6682,44262,1988,21.16,0.089,3.756,21.67,20층 1879㎡(86.7×21.7m)
단일,1a 방위·위치,20,20,63.0,177,20,37580,400.0,6682,44262,1988,21.16,0.137,3.679,21.67,20층 1879㎡(86.7×21.7m)
단일,1a 방위·위치,20,20,63.0,177,19,37580,400.0,6682,44262,1988,21.16,0.062,3.657,21.67,20층 1879㎡(86.7×21.7m)
단일,1a 방위·위치,20,20,63.0,178,22,37580,400.0,6682,44262,1988,21.16,0.132,3.724,21.67,20층 1879㎡(86.7×21.7m)
단일,1a 방위·위치,20,20,63.0,179,21,37580,400.0,6682,44262,1988,21.16,0.197,3.696,21.67,20층 1879㎡(86.7×21.7m)
단일,1a 방위·위치,20,20,63.0,180,20,37580,400.0,6682,44262,1988,21.16,0.208,3.722,21.67,20층 1879㎡(86.7×21.7m)
단일,1a 방위·위치,20,20,63.0,180,18,37580,400.0,6682,44262,1988,21.16,0.133,3.703,21.67,20층 1879㎡(86.7×21.7m)
단일,1a 방위·위치,20,20,63.0,181,20,37580,400.0,6682,44262,1988,21.16,0.091,3.776,21.67,20층 1879㎡(86.7×21.7m)
단일,1a 방위·위치,20,20,63.0,181,20,37580,400.0,6682,44262,1988,21.16,0.148,3.75,21.67,20층 1879㎡(86.7×21.7m)
단일,1a 방위·위치,20,20,63.0,181,19,37580,400.0,6682,44262,1988,21.16,0.073,3.731,21.67,20층 1879㎡(86.7×21.7m)
단일,1a 방위·위치,20,20,63.0,181,21,37580,400.0,6682,44262,1988,21.16,0.057,3.685,21.67,20층 1879㎡(86.7×21.7m)
단일,1a 방위·위치,20,20,63.0,183,20,37580,400.0,6682,44262,1988,21.16,0.074,3.71,21.67,20층 1879㎡(86.7×21.7m)
