family,stage,floors,top_floors,height_m,new_fail,new_ok,new_fail_bld,new_ok_bld,new_fail_pg,gfa_m2,far_pct,service_m2,real_m2,coverage_m2,bcr_pct,daylight_ratio,dong_gap_m,dong_gap_ratio,n_dong,mean_total_h,min_short_m,label
단일,5 미세조정,51,51,172.3,73,36,33,17,40,37580,400.0,11454,49034,810,8.62,0.041,,,1,3.487,12.39,51층 737㎡(59.5×12.4m)
단일,5 미세조정,54,54,182.2,74,36,33,17,41,37580,400.0,11009,48589,762,8.11,0.05,,,1,3.503,13.53,54층 696㎡(51.4×13.5m)
단일,5 미세조정,53,53,178.9,74,36,33,17,41,37580,400.0,10902,48482,776,8.26,0.049,,,1,3.501,13.66,53층 709㎡(51.9×13.7m)
단일,5 미세조정,53,53,178.9,74,33,33,14,41,37580,400.0,11685,49265,781,8.31,0.04,,,1,3.496,12.15,53층 709㎡(58.3×12.2m)
단일,5 미세조정,54,54,182.2,74,34,33,14,41,37580,400.0,11613,49193,766,8.15,0.068,,,1,3.492,12.35,54층 696㎡(56.3×12.4m)
단일,5 미세조정,55,55,185.5,74,33,33,14,41,37580,400.0,12643,50223,758,8.07,0.043,,,1,3.48,10.89,55층 683㎡(62.7×10.9m)
단일,5 미세조정,53,53,178.9,75,36,33,17,42,37580,400.0,10133,47713,771,8.2,0.044,,,1,3.508,15.77,53층 709㎡(45.0×15.8m)
단일,5 미세조정,53,53,178.9,75,36,33,17,42,37580,400.0,10255,47835,772,8.21,0.04,,,1,3.506,15.37,53층 709㎡(46.1×15.4m)
단일,5 미세조정,50,50,169.0,75,36,33,17,42,37580,400.0,10731,48311,821,8.74,0.037,,,1,3.497,13.71,50층 752㎡(54.8×13.7m)
단일,5 미세조정,50,50,169.0,75,34,33,14,42,37580,400.0,11337,48917,825,8.78,0.055,,,1,3.491,12.51,50층 752㎡(60.1×12.5m)
단일,5 미세조정,50,50,169.0,76,36,33,17,43,37580,400.0,10420,48000,819,8.72,0.04,,,1,3.498,14.45,50층 752㎡(52.0×14.4m)
단일,5 미세조정,55,55,185.5,76,36,33,17,43,37580,400.0,11342,48922,750,7.98,0.028,,,1,3.49,12.94,55층 683㎡(52.8×12.9m)
단일,5 미세조정,54,54,182.2,73,37,34,17,39,37580,400.0,11170,48750,763,8.12,0.07,,,1,3.504,13.19,54층 696㎡(52.8×13.2m)
단일,5 미세조정,53,53,178.9,73,37,34,17,39,37580,400.0,11062,48642,777,8.27,0.07,,,1,3.501,13.31,53층 709㎡(53.3×13.3m)
단일,5 미세조정,54,54,182.2,74,34,34,14,40,37580,400.0,10684,48264,760,8.09,0.087,,,1,3.505,14.31,54층 696㎡(48.6×14.3m)
단일,5 미세조정,52,52,175.6,74,37,34,17,40,37580,400.0,10643,48223,789,8.4,0.073,,,1,3.505,14.15,52층 723㎡(51.1×14.1m)
단일,5 미세조정,54,54,182.2,74,36,34,17,40,37580,400.0,11234,48814,763,8.12,0.064,,,1,3.502,13.06,54층 696㎡(53.3×13.1m)
단일,5 미세조정,54,54,182.2,74,34,34,14,40,37580,400.0,11425,49005,764,8.14,0.074,,,1,3.495,12.69,54층 696㎡(54.8×12.7m)
단일,5 미세조정,54,54,182.2,74,34,34,14,40,37580,400.0,12523,50103,771,8.21,0.062,,,1,3.479,10.99,54층 696㎡(63.3×11.0m)
단일,5 미세조정,54,54,182.2,75,34,34,14,41,37580,400.0,11425,49005,764,8.14,0.07,,,1,3.497,12.69,54층 696㎡(54.8×12.7m)
단일,5 미세조정,50,50,169.0,75,36,34,17,41,37580,400.0,11157,48737,824,8.77,0.044,,,1,3.492,12.84,50층 752㎡(58.5×12.8m)
단일,5 미세조정,51,51,172.3,75,34,34,14,41,37580,400.0,11273,48853,809,8.61,0.073,,,1,3.489,12.71,51층 737㎡(58.0×12.7m)
단일,5 미세조정,51,51,172.3,75,34,34,14,41,37580,400.0,11454,49034,810,8.62,0.071,,,1,3.487,12.39,51층 737㎡(59.5×12.4m)
단일,5 미세조정,49,49,165.7,75,34,34,14,41,37580,400.0,11908,49488,846,9.0,0.04,,,1,3.469,11.54,49층 767㎡(66.5×11.5m)
단일,5 미세조정,54,54,182.2,76,33,34,14,42,37580,400.0,11234,48814,763,8.12,0.039,,,1,3.503,13.06,54층 696㎡(53.3×13.1m)
단일,5 미세조정,51,51,172.3,76,34,34,14,42,37580,400.0,10904,48484,806,8.58,0.076,,,1,3.497,13.44,51층 737㎡(54.8×13.4m)
단일,5 미세조정,49,49,165.7,76,34,34,14,42,37580,400.0,11041,48621,840,8.94,0.06,,,1,3.494,12.97,49층 767㎡(59.1×13.0m)
단일,5 미세조정,55,55,185.5,76,37,34,17,42,37580,400.0,11535,49115,751,8.0,0.069,,,1,3.484,12.58,55층 683㎡(54.3×12.6m)
단일,5 미세조정,54,54,182.2,77,36,34,17,43,37580,400.0,11009,48589,762,8.11,0.032,,,1,3.493,13.53,54층 696㎡(51.4×13.5m)
단일,5 미세조정,55,55,185.5,77,37,34,17,43,37580,400.0,12209,49789,755,8.04,0.062,,,1,3.475,11.48,55층 683㎡(59.5×11.5m)
단일,5 미세조정,54,54,182.2,78,37,34,17,44,37580,400.0,12093,49673,769,8.18,0.061,,,1,3.472,11.59,54층 696㎡(60.1×11.6m)
단일,5 미세조정,53,53,178.9,72,33,35,14,37,37580,400.0,11501,49081,779,8.3,0.05,,,1,3.504,12.47,53층 709㎡(56.9×12.5m)
단일,5 미세조정,52,52,175.6,72,36,35,17,37,37580,400.0,11034,48614,791,8.42,0.044,,,1,3.502,13.27,52층 723㎡(54.5×13.3m)
단일,5 미세조정,54,54,182.2,72,36,35,17,37,37580,400.0,11425,49005,764,8.14,0.049,,,1,3.499,12.69,54층 696㎡(54.8×12.7m)
단일,5 미세조정,54,54,182.2,73,33,35,14,38,37580,400.0,11425,49005,764,8.14,0.068,,,1,3.505,12.69,54층 696㎡(54.8×12.7m)
단일,5 미세조정,52,52,175.6,73,34,35,14,38,37580,400.0,11202,48782,793,8.44,0.06,,,1,3.489,12.93,52층 723㎡(55.9×12.9m)
단일,5 미세조정,53,53,178.9,76,34,35,14,41,37580,400.0,10902,48482,776,8.26,0.065,,,1,3.502,13.66,53층 709㎡(51.9×13.7m)
단일,5 미세조정,54,54,182.2,76,34,35,14,41,37580,400.0,11009,48589,762,8.11,0.066,,,1,3.501,13.53,54층 696㎡(51.4×13.5m)
단일,5 미세조정,50,50,169.0,76,34,35,14,41,37580,400.0,11157,48737,824,8.77,0.073,,,1,3.488,12.84,50층 752㎡(58.5×12.8m)
단일,5 미세조정,55,55,185.5,73,33,36,14,37,37580,400.0,10960,48540,748,7.96,0.081,,,1,3.509,13.76,55층 683㎡(49.7×13.8m)
단일,5 미세조정,54,54,182.2,73,36,36,17,37,37580,400.0,11234,48814,763,8.12,0.051,,,1,3.498,13.06,54층 696㎡(53.3×13.1m)
단일,5 미세조정,54,54,182.2,73,37,36,17,37,37580,400.0,10684,48264,760,8.09,0.059,,,1,3.488,14.31,54층 696㎡(48.6×14.3m)
단일,5 미세조정,52,52,175.6,73,33,36,14,37,37580,400.0,12280,49860,799,8.51,0.038,,,1,3.485,11.2,52층 723㎡(64.5×11.2m)
단일,5 미세조정,54,54,182.2,73,39,36,16,37,37580,400.0,11800,49380,767,8.16,0.028,,,1,3.475,12.04,54층 696㎡(57.8×12.0m)
단일,5 미세조정,55,55,185.5,74,34,36,14,38,37580,400.0,11115,48695,749,7.97,0.071,,,1,3.514,13.41,55층 683㎡(51.0×13.4m)
단일,5 미세조정,54,54,182.2,74,33,36,14,38,37580,400.0,11800,49380,767,8.16,0.066,,,1,3.5,12.04,54층 696㎡(57.8×12.0m)
단일,5 미세조정,51,51,172.3,74,33,36,14,38,37580,400.0,11454,49034,810,8.62,0.062,,,1,3.496,12.39,51층 737㎡(59.5×12.4m)
단일,5 미세조정,52,52,175.6,74,33,36,14,38,37580,400.0,11858,49438,797,8.48,0.054,,,1,3.492,11.81,52층 723㎡(61.2×11.8m)
단일,5 미세조정,51,51,172.3,75,33,36,14,39,37580,400.0,10904,48484,806,8.58,0.06,,,1,3.504,13.44,51층 737㎡(54.8×13.4m)
단일,5 미세조정,50,50,169.0,75,33,36,14,39,37580,400.0,11157,48737,824,8.77,0.043,,,1,3.499,12.84,50층 752㎡(58.5×12.8m)
단일,5 미세조정,52,52,175.6,75,38,36,16,39,37580,400.0,11570,49150,795,8.46,0.038,,,1,3.471,12.27,52층 723㎡(58.9×12.3m)
단일,5 미세조정,54,54,182.2,76,36,36,17,40,37580,400.0,10356,47936,758,8.07,0.043,,,1,3.515,15.23,54층 696㎡(45.7×15.2m)
단일,5 미세조정,51,51,172.3,76,34,36,14,40,37580,400.0,10370,47950,803,8.54,0.092,,,1,3.5,14.72,51층 737㎡(50.1×14.7m)
단일,5 미세조정,53,53,178.9,76,37,36,17,40,37580,400.0,11314,48894,778,8.28,0.051,,,1,3.477,12.81,53층 709㎡(55.3×12.8m)
단일,5 미세조정,55,55,185.5,77,37,36,17,41,37580,400.0,10083,47663,742,7.9,0.073,,,1,3.507,16.37,55층 683㎡(41.7×16.4m)
단일,5 미세조정,53,53,178.9,77,37,36,17,41,37580,400.0,10442,48022,773,8.22,0.075,,,1,3.494,14.82,53층 709㎡(47.9×14.8m)
단일,5 미세조정,51,51,172.3,77,37,36,17,41,37580,400.0,10686,48266,805,8.57,0.066,,,1,3.486,13.93,51층 737㎡(52.9×13.9m)
단일,5 미세조정,52,52,175.6,77,37,36,17,41,37580,400.0,10794,48374,790,8.41,0.067,,,1,3.486,13.79,52층 723㎡(52.4×13.8m)
단일,5 미세조정,51,51,172.3,77,37,36,17,41,37580,400.0,10842,48422,806,8.58,0.057,,,1,3.481,13.57,51층 737㎡(54.3×13.6m)
단일,5 미세조정,51,51,172.3,77,37,36,17,41,37580,400.0,11454,49034,810,8.62,0.05,,,1,3.472,12.39,51층 737㎡(59.5×12.4m)
단일,5 미세조정,53,53,178.9,78,37,36,17,42,37580,400.0,12402,49982,785,8.36,0.042,,,1,3.459,11.1,53층 709㎡(63.9×11.1m)
단일,5 미세조정,50,50,169.0,79,34,36,14,43,37580,400.0,10420,48000,819,8.72,0.078,,,1,3.497,14.45,50층 752㎡(52.0×14.4m)
단일,5 미세조정,53,53,178.9,79,36,36,17,43,37580,400.0,10750,48330,775,8.25,0.035,,,1,3.495,14.01,53층 709㎡(50.6×14.0m)
단일,5 미세조정,52,52,175.6,79,36,36,17,43,37580,400.0,11570,49150,795,8.46,0.046,,,1,3.473,12.27,52층 723㎡(58.9×12.3m)
단일,5 미세조정,48,48,162.4,79,36,36,17,43,37580,400.0,11781,49361,863,9.18,0.037,,,1,3.458,11.66,48층 783㎡(67.2×11.7m)
단일,5 미세조정,53,53,178.9,80,36,36,17,44,37580,400.0,11501,49081,779,8.3,0.034,,,1,3.481,12.47,53층 709㎡(56.9×12.5m)
단일,5 미세조정,52,52,175.6,65,38,37,22,28,37580,400.0,9652,47232,783,8.33,0.018,,,1,3.592,17.44,52층 723㎡(41.4×17.4m)
단일,5 미세조정,53,53,178.9,67,38,37,22,30,37580,400.0,9553,47133,767,8.17,0.024,,,1,3.584,18.27,53층 709㎡(38.8×18.3m)
단일,5 미세조정,52,52,175.6,67,38,37,22,30,37580,400.0,9458,47038,781,8.32,0.024,,,1,3.584,18.44,52층 723㎡(39.2×18.4m)
단일,5 미세조정,51,51,172.3,68,38,37,22,31,37580,400.0,9362,46942,796,8.47,0.029,,,1,3.594,18.62,51층 737㎡(39.6×18.6m)
단일,5 미세조정,55,55,185.5,72,35,37,13,35,37580,400.0,11115,48695,749,7.97,0.07,,,1,3.502,13.41,55층 683㎡(51.0×13.4m)
단일,5 미세조정,54,54,182.2,73,38,37,16,36,37580,400.0,10684,48264,760,8.09,0.034,,,1,3.506,14.31,54층 696㎡(48.6×14.3m)
단일,5 미세조정,55,55,185.5,74,35,37,16,37,37580,400.0,10960,48540,748,7.96,0.059,,,1,3.514,13.76,55층 683㎡(49.7×13.8m)
단일,5 미세조정,55,55,185.5,74,36,37,17,37,37580,400.0,10952,48532,748,7.96,0.053,,,1,3.506,13.78,55층 683㎡(49.6×13.8m)
단일,5 미세조정,53,53,178.9,74,36,37,17,37,37580,400.0,11125,48705,777,8.27,0.05,,,1,3.497,13.18,53층 709㎡(53.8×13.2m)
단일,5 미세조정,50,50,169.0,74,36,37,17,37,37580,400.0,11337,48917,825,8.78,0.043,,,1,3.485,12.51,50층 752㎡(60.1×12.5m)
단일,5 미세조정,52,52,175.6,75,33,37,14,38,37580,400.0,10475,48055,788,8.39,0.07,,,1,3.512,14.58,52층 723㎡(49.6×14.6m)
단일,5 미세조정,54,54,182.2,75,36,37,16,38,37580,400.0,10232,47812,757,8.06,0.087,,,1,3.509,15.63,54층 696㎡(44.5×15.6m)
단일,5 미세조정,52,52,175.6,75,34,37,14,38,37580,400.0,10794,48374,790,8.41,0.062,,,1,3.508,13.79,52층 723㎡(52.4×13.8m)
단일,5 미세조정,51,51,172.3,75,34,37,14,38,37580,400.0,10842,48422,806,8.58,0.06,,,1,3.503,13.57,51층 737㎡(54.3×13.6m)
단일,5 미세조정,55,55,185.5,75,37,37,17,38,37580,400.0,10787,48367,747,7.95,0.068,,,1,3.503,14.18,55층 683㎡(48.2×14.2m)
단일,5 미세조정,52,52,175.6,75,37,37,17,38,37580,400.0,11570,49150,795,8.46,0.054,,,1,3.489,12.27,52층 723㎡(58.9×12.3m)
단일,5 미세조정,51,51,172.3,75,36,37,17,38,37580,400.0,11454,49034,810,8.62,0.053,,,1,3.488,12.39,51층 737㎡(59.5×12.4m)
단일,5 미세조정,50,50,169.0,75,35,37,16,38,37580,400.0,11337,48917,825,8.78,0.054,,,1,3.486,12.51,50층 752㎡(60.1×12.5m)
단일,5 미세조정,53,53,178.9,75,37,37,17,38,37580,400.0,11314,48894,778,8.28,0.027,,,1,3.486,12.81,53층 709㎡(55.3×12.8m)
단일,5 미세조정,52,52,175.6,76,35,37,16,39,37580,400.0,10032,47612,785,8.36,0.088,,,1,3.51,15.92,52층 723㎡(45.4×15.9m)
단일,5 미세조정,54,54,182.2,76,34,37,14,39,37580,400.0,10553,48133,759,8.08,0.097,,,1,3.51,14.66,54층 696㎡(47.5×14.7m)
단일,5 미세조정,50,50,169.0,76,33,37,14,39,37580,400.0,9828,47408,815,8.68,0.088,,,1,3.507,16.24,50층 752㎡(46.3×16.2m)
단일,5 미세조정,51,51,172.3,76,33,37,13,39,37580,400.0,10528,48108,804,8.55,0.083,,,1,3.505,14.31,51층 737㎡(51.5×14.3m)
단일,5 미세조정,53,53,178.9,76,33,37,13,39,37580,400.0,10902,48482,776,8.26,0.09,,,1,3.5,13.66,53층 709㎡(51.9×13.7m)
단일,5 미세조정,51,51,172.3,76,36,37,17,39,37580,400.0,11454,49034,810,8.62,0.058,,,1,3.486,12.39,51층 737㎡(59.5×12.4m)
단일,5 미세조정,54,54,182.2,76,36,37,17,39,37580,400.0,11800,49380,767,8.16,0.035,,,1,3.481,12.04,54층 696㎡(57.8×12.0m)
단일,5 미세조정,54,54,182.2,77,36,37,14,40,37580,400.0,11170,48750,763,8.12,0.063,,,1,3.489,13.19,54층 696㎡(52.8×13.2m)
단일,5 미세조정,52,52,175.6,77,37,37,16,40,37580,400.0,11202,48782,793,8.44,0.053,,,1,3.481,12.93,52층 723㎡(55.9×12.9m)
단일,5 미세조정,52,52,175.6,77,36,37,16,40,37580,400.0,11570,49150,795,8.46,0.053,,,1,3.472,12.27,52층 723㎡(58.9×12.3m)
단일,5 미세조정,52,52,175.6,78,35,37,16,41,37580,400.0,10032,47612,785,8.36,0.067,,,1,3.511,15.92,52층 723㎡(45.4×15.9m)
단일,5 미세조정,51,51,172.3,78,35,37,16,41,37580,400.0,10242,47822,802,8.53,0.053,,,1,3.51,15.08,51층 737㎡(48.9×15.1m)
단일,5 미세조정,47,47,159.1,78,34,37,14,41,37580,400.0,10978,48558,875,9.32,0.067,,,1,3.485,12.91,47층 800㎡(62.0×12.9m)
단일,5 미세조정,49,49,165.7,78,34,37,14,41,37580,400.0,11218,48798,841,8.95,0.06,,,1,3.482,12.64,49층 767㎡(60.7×12.6m)
단일,5 미세조정,54,54,182.2,80,34,37,15,43,37580,400.0,10545,48125,759,8.08,0.04,,,1,3.51,14.68,54층 696㎡(47.4×14.7m)
단일,5 미세조정,53,53,178.9,80,34,37,15,43,37580,400.0,10580,48160,774,8.23,0.034,,,1,3.506,14.44,53층 709㎡(49.1×14.4m)
단일,5 미세조정,54,54,182.2,80,37,37,17,43,37580,400.0,11009,48589,762,8.11,0.079,,,1,3.488,13.53,54층 696㎡(51.4×13.5m)
단일,5 미세조정,49,49,165.7,80,36,37,16,43,37580,400.0,11498,49078,843,8.97,0.048,,,1,3.465,12.16,49층 767㎡(63.1×12.2m)
단일,5 미세조정,53,53,178.9,81,34,37,14,44,37580,400.0,10255,47835,772,8.21,0.056,,,1,3.509,15.37,53층 709㎡(46.1×15.4m)
단일,5 미세조정,55,55,185.5,82,37,37,17,45,37580,400.0,11913,49493,753,8.02,0.036,,,1,3.484,11.93,55층 683㎡(57.3×11.9m)
단일,5 미세조정,52,52,175.6,83,37,37,17,46,37580,400.0,11858,49438,797,8.48,0.034,,,1,3.473,11.81,52층 723㎡(61.2×11.8m)
단일,5 미세조정,54,54,182.2,74,33,38,13,36,37580,400.0,10684,48264,760,8.09,0.085,,,1,3.504,14.31,54층 696㎡(48.6×14.3m)
단일,5 미세조정,55,55,185.5,75,36,38,17,37,37580,400.0,11725,49305,752,8.01,0.037,,,1,3.506,12.24,55층 683㎡(55.8×12.2m)
단일,5 미세조정,54,54,182.2,75,35,38,13,37,37580,400.0,10684,48264,760,8.09,0.072,,,1,3.502,14.31,54층 696㎡(48.6×14.3m)
단일,5 미세조정,55,55,185.5,75,36,38,17,37,37580,400.0,11913,49493,753,8.02,0.036,,,1,3.495,11.93,55층 683㎡(57.3×11.9m)
단일,5 미세조정,47,47,159.1,75,34,38,14,37,37580,400.0,10978,48558,875,9.32,0.03,,,1,3.484,12.91,47층 800㎡(62.0×12.9m)
단일,5 미세조정,53,53,178.9,76,36,38,17,38,37580,400.0,11685,49265,781,8.31,0.032,,,1,3.496,12.15,53층 709㎡(58.3×12.2m)
단일,5 미세조정,52,52,175.6,76,36,38,17,38,37580,400.0,11387,48967,794,8.45,0.033,,,1,3.496,12.59,52층 723㎡(57.4×12.6m)
단일,5 미세조정,54,54,182.2,76,36,38,17,38,37580,400.0,11253,48833,763,8.13,0.03,,,1,3.491,13.02,54층 696㎡(53.4×13.0m)
단일,5 미세조정,50,50,169.0,76,36,38,17,38,37580,400.0,10420,48000,819,8.72,0.032,,,1,3.486,14.45,50층 752㎡(52.0×14.4m)
단일,5 미세조정,51,51,172.3,76,36,38,17,38,37580,400.0,11090,48670,807,8.59,0.036,,,1,3.479,13.06,51층 737㎡(56.4×13.1m)
단일,5 미세조정,55,55,185.5,77,34,38,14,39,37580,400.0,10787,48367,747,7.95,0.083,,,1,3.517,14.18,55층 683㎡(48.2×14.2m)
단일,5 미세조정,53,53,178.9,77,33,38,13,39,37580,400.0,10750,48330,775,8.25,0.094,,,1,3.507,14.01,53층 709㎡(50.6×14.0m)
단일,1b 층수·세장비,53,53,178.9,77,34,38,14,39,37580,400.0,11062,48642,777,8.27,0.085,,,1,3.505,13.31,53층 709㎡(53.3×13.3m)
단일,5 미세조정,52,52,175.6,77,33,38,14,39,37580,400.0,11015,48595,791,8.42,0.057,,,1,3.502,13.31,52층 723㎡(54.3×13.3m)
단일,5 미세조정,55,55,185.5,77,33,38,11,39,37580,400.0,11278,48858,750,7.98,0.085,,,1,3.498,13.07,55층 683㎡(52.3×13.1m)
단일,5 미세조정,54,54,182.2,79,35,38,15,41,37580,400.0,9987,47567,756,8.04,0.074,,,1,3.512,16.52,54층 696㎡(42.1×16.5m)
단일,5 미세조정,52,52,175.6,79,37,38,17,41,37580,400.0,10032,47612,785,8.36,0.084,,,1,3.505,15.92,52층 723㎡(45.4×15.9m)
단일,5 미세조정,53,53,178.9,79,37,38,17,41,37580,400.0,10133,47713,771,8.2,0.084,,,1,3.502,15.77,53층 709㎡(45.0×15.8m)
단일,5 미세조정,47,47,159.1,79,37,38,17,41,37580,400.0,10978,48558,875,9.32,0.043,,,1,3.471,12.91,47층 800㎡(62.0×12.9m)
단일,5 미세조정,52,52,175.6,80,34,38,15,42,37580,400.0,10032,47612,785,8.36,0.039,,,1,3.509,15.92,52층 723㎡(45.4×15.9m)
단일,5 미세조정,54,54,182.2,82,37,38,17,44,37580,400.0,11009,48589,762,8.11,0.065,,,1,3.49,13.53,54층 696㎡(51.4×13.5m)
단일,5 미세조정,51,51,172.3,82,36,38,16,44,37580,400.0,10370,47950,803,8.54,0.088,,,1,3.488,14.72,51층 737㎡(50.1×14.7m)
단일,5 미세조정,50,50,169.0,83,37,38,17,45,37580,400.0,10976,48556,823,8.76,0.049,,,1,3.483,13.19,50층 752㎡(57.0×13.2m)
단일,5 미세조정,55,55,185.5,73,31,39,11,34,37580,400.0,11913,49493,753,8.02,0.045,,,1,3.501,11.93,55층 683㎡(57.3×11.9m)
단일,5 미세조정,54,54,182.2,75,36,39,17,36,37580,400.0,11009,48589,762,8.11,0.049,,,1,3.511,13.53,54층 696㎡(51.4×13.5m)
단일,5 미세조정,53,53,178.9,75,33,39,13,36,37580,400.0,10442,48022,773,8.22,0.087,,,1,3.504,14.82,53층 709㎡(47.9×14.8m)
단일,5 미세조정,52,52,175.6,75,31,39,11,36,37580,400.0,10794,48374,790,8.41,0.074,,,1,3.498,13.79,52층 723㎡(52.4×13.8m)
단일,5 미세조정,53,53,178.9,76,36,39,17,37,37580,400.0,11062,48642,777,8.27,0.054,,,1,3.509,13.31,53층 709㎡(53.3×13.3m)
단일,5 미세조정,54,54,182.2,76,37,39,17,37,37580,400.0,10684,48264,760,8.09,0.045,,,1,3.506,14.31,54층 696㎡(48.6×14.3m)
단일,5 미세조정,52,52,175.6,76,33,39,13,37,37580,400.0,10794,48374,790,8.41,0.084,,,1,3.5,13.79,52층 723㎡(52.4×13.8m)
단일,5 미세조정,53,53,178.9,76,36,39,17,37,37580,400.0,10902,48482,776,8.26,0.048,,,1,3.499,13.66,53층 709㎡(51.9×13.7m)
단일,5 미세조정,53,53,178.9,76,33,39,13,37,37580,400.0,11685,49265,781,8.31,0.078,,,1,3.497,12.15,53층 709㎡(58.3×12.2m)
단일,5 미세조정,51,51,172.3,76,31,39,11,37,37580,400.0,11454,49034,810,8.62,0.079,,,1,3.493,12.39,51층 737㎡(59.5×12.4m)
단일,5 미세조정,50,50,169.0,76,35,39,13,37,37580,400.0,10576,48156,820,8.73,0.054,,,1,3.49,14.06,50층 752㎡(53.4×14.1m)
단일,5 미세조정,55,55,185.5,76,37,39,17,37,37580,400.0,11913,49493,753,8.02,0.027,,,1,3.479,11.93,55층 683㎡(57.3×11.9m)
단일,5 미세조정,53,53,178.9,77,36,39,17,38,37580,400.0,10902,48482,776,8.26,0.041,,,1,3.511,13.66,53층 709㎡(51.9×13.7m)
단일,5 미세조정,54,54,182.2,77,36,39,17,38,37580,400.0,10545,48125,759,8.08,0.034,,,1,3.499,14.68,54층 696㎡(47.4×14.7m)
단일,5 미세조정,47,47,159.1,77,33,39,14,38,37580,400.0,10628,48208,873,9.29,0.066,,,1,3.498,13.6,47층 800㎡(58.8×13.6m)
단일,5 미세조정,53,53,178.9,77,36,39,17,38,37580,400.0,10580,48160,774,8.23,0.029,,,1,3.497,14.44,53층 709㎡(49.1×14.4m)
단일,5 미세조정,52,52,175.6,77,37,39,17,38,37580,400.0,10794,48374,790,8.41,0.041,,,1,3.486,13.79,52층 723㎡(52.4×13.8m)
단일,5 미세조정,50,50,169.0,78,37,39,17,39,37580,400.0,10576,48156,820,8.73,0.047,,,1,3.482,14.06,50층 752㎡(53.4×14.1m)
단일,5 미세조정,53,53,178.9,79,35,39,15,40,37580,400.0,10133,47713,771,8.2,0.086,,,1,3.51,15.77,53층 709㎡(45.0×15.8m)
단일,5 미세조정,51,51,172.3,79,33,39,13,40,37580,400.0,10050,47630,801,8.52,0.079,,,1,3.509,15.67,51층 737㎡(47.0×15.7m)
단일,5 미세조정,51,51,172.3,79,33,39,14,40,37580,400.0,10842,48422,806,8.58,0.043,,,1,3.503,13.57,51층 737㎡(54.3×13.6m)
단일,5 미세조정,52,52,175.6,79,34,39,14,40,37580,400.0,11570,49150,795,8.46,0.077,,,1,3.489,12.27,52층 723㎡(58.9×12.3m)
단일,5 미세조정,50,50,169.0,79,36,39,17,40,37580,400.0,10976,48556,823,8.76,0.045,,,1,3.483,13.19,50층 752㎡(57.0×13.2m)
단일,5 미세조정,55,55,185.5,80,34,39,14,41,37580,400.0,10787,48367,747,7.95,0.088,,,1,3.493,14.18,55층 683㎡(48.2×14.2m)
단일,5 미세조정,54,54,182.2,80,36,39,16,41,37580,400.0,12523,50103,771,8.21,0.056,,,1,3.488,10.99,54층 696㎡(63.3×11.0m)
단일,5 미세조정,53,53,178.9,80,34,39,14,41,37580,400.0,12402,49982,785,8.36,0.052,,,1,3.483,11.1,53층 709㎡(63.9×11.1m)
단일,5 미세조정,51,51,172.3,81,35,39,16,42,37580,400.0,12157,49737,814,8.67,0.048,,,1,3.484,11.31,51층 737㎡(65.1×11.3m)
단일,5 미세조정,53,53,178.9,82,34,39,14,43,37580,400.0,10255,47835,772,8.21,0.076,,,1,3.503,15.37,53층 709㎡(46.1×15.4m)
단일,5 미세조정,51,51,172.3,82,34,39,14,43,37580,400.0,9931,47511,800,8.51,0.078,,,1,3.502,16.08,51층 737㎡(45.8×16.1m)
단일,5 미세조정,54,54,182.2,82,36,39,17,43,37580,400.0,11613,49193,766,8.15,0.042,,,1,3.501,12.35,54층 696㎡(56.3×12.4m)
단일,5 미세조정,54,54,182.2,82,36,39,17,43,37580,400.0,11800,49380,767,8.16,0.036,,,1,3.499,12.04,54층 696㎡(57.8×12.0m)
단일,5 미세조정,51,51,172.3,82,37,39,17,43,37580,400.0,9931,47511,800,8.51,0.06,,,1,3.492,16.08,51층 737㎡(45.8×16.1m)
단일,5 미세조정,51,51,172.3,82,36,39,16,43,37580,400.0,11739,49319,812,8.64,0.065,,,1,3.492,11.92,51층 737㎡(61.8×11.9m)
단일,5 미세조정,55,55,185.5,83,36,39,17,44,37580,400.0,11342,48922,750,7.98,0.035,,,1,3.507,12.94,55층 683㎡(52.8×12.9m)
단일,5 미세조정,54,54,182.2,83,37,39,17,44,37580,400.0,11234,48814,763,8.12,0.048,,,1,3.476,13.06,54층 696㎡(53.3×13.1m)
단일,5 미세조정,55,55,185.5,84,36,39,14,45,37580,400.0,11535,49115,751,8.0,0.066,,,1,3.495,12.58,55층 683㎡(54.3×12.6m)
단일,5 미세조정,48,48,162.4,84,36,39,16,45,37580,400.0,10047,47627,851,9.05,0.067,,,1,3.491,15.17,48층 783㎡(51.6×15.2m)
단일,5 미세조정,50,50,169.0,84,36,39,16,45,37580,400.0,11337,48917,825,8.78,0.058,,,1,3.474,12.51,50층 752㎡(60.1×12.5m)
단일,5 미세조정,55,55,185.5,85,37,39,16,46,37580,400.0,11913,49493,753,8.02,0.075,,,1,3.491,11.93,55층 683㎡(57.3×11.9m)
단일,5 미세조정,52,52,175.6,68,38,40,22,28,37580,400.0,10153,47733,786,8.36,0.019,,,1,3.603,15.52,52층 723㎡(46.6×15.5m)
단일,1b 층수·세장비,50,50,169.0,72,38,40,22,32,37580,400.0,9553,47133,813,8.66,0.025,,,1,3.58,17.34,50층 752㎡(43.3×17.3m)
단일,5 미세조정,55,55,185.5,74,37,40,17,34,37580,400.0,11535,49115,751,8.0,0.034,,,1,3.512,12.58,55층 683㎡(54.3×12.6m)
단일,1b 층수·세장비,53,53,178.9,74,31,40,11,34,37580,400.0,11062,48642,777,8.27,0.069,,,1,3.498,13.31,53층 709㎡(53.3×13.3m)
단일,5 미세조정,53,53,178.9,75,36,40,17,35,37580,400.0,11685,49265,781,8.31,0.04,,,1,3.499,12.15,53층 709㎡(58.3×12.2m)
단일,5 미세조정,53,53,178.9,75,31,40,11,35,37580,400.0,11685,49265,781,8.31,0.064,,,1,3.491,12.15,53층 709㎡(58.3×12.2m)
단일,5 미세조정,52,52,175.6,76,36,40,17,36,37580,400.0,10794,48374,790,8.41,0.045,,,1,3.504,13.79,52층 723㎡(52.4×13.8m)
단일,5 미세조정,52,52,175.6,77,36,40,17,37,37580,400.0,10794,48374,790,8.41,0.059,,,1,3.512,13.79,52층 723㎡(52.4×13.8m)
단일,5 미세조정,53,53,178.9,77,36,40,17,37,37580,400.0,11062,48642,777,8.27,0.058,,,1,3.51,13.31,53층 709㎡(53.3×13.3m)
단일,5 미세조정,52,52,175.6,77,36,40,17,37,37580,400.0,10794,48374,790,8.41,0.053,,,1,3.509,13.79,52층 723㎡(52.4×13.8m)
단일,5 미세조정,53,53,178.9,77,36,40,17,37,37580,400.0,11062,48642,777,8.27,0.049,,,1,3.508,13.31,53층 709㎡(53.3×13.3m)
단일,5 미세조정,51,51,172.3,77,36,40,17,37,37580,400.0,10923,48503,806,8.58,0.057,,,1,3.507,13.4,51층 737㎡(55.0×13.4m)
단일,5 미세조정,52,52,175.6,77,36,40,17,37,37580,400.0,11202,48782,793,8.44,0.036,,,1,3.504,12.93,52층 723㎡(55.9×12.9m)
단일,5 미세조정,53,53,178.9,77,36,40,17,37,37580,400.0,10133,47713,771,8.2,0.069,,,1,3.502,15.77,53층 709㎡(45.0×15.8m)
단일,5 미세조정,53,53,178.9,77,36,40,17,37,37580,400.0,10255,47835,772,8.21,0.065,,,1,3.501,15.37,53층 709㎡(46.1×15.4m)
단일,5 미세조정,53,53,178.9,77,40,40,17,37,37580,400.0,10580,48160,774,8.23,0.027,,,1,3.489,14.44,53층 709㎡(49.1×14.4m)
단일,5 미세조정,47,47,159.1,77,37,40,17,37,37580,400.0,9937,47517,868,9.24,0.033,,,1,3.483,15.34,47층 800㎡(52.1×15.3m)
단일,5 미세조정,50,50,169.0,77,39,40,17,37,37580,400.0,10263,47843,818,8.71,0.024,,,1,3.481,14.87,50층 752㎡(50.6×14.9m)
단일,5 미세조정,50,50,169.0,78,34,40,14,38,37580,400.0,10263,47843,818,8.71,0.06,,,1,3.506,14.87,50층 752㎡(50.6×14.9m)
단일,5 미세조정,53,53,178.9,78,32,40,12,38,37580,400.0,11125,48705,777,8.27,0.076,,,1,3.501,13.18,53층 709㎡(53.8×13.2m)
단일,5 미세조정,53,53,178.9,78,37,40,17,38,37580,400.0,10580,48160,774,8.23,0.064,,,1,3.498,14.44,53층 709㎡(49.1×14.4m)
단일,5 미세조정,53,53,178.9,78,32,40,12,38,37580,400.0,11685,49265,781,8.31,0.055,,,1,3.495,12.15,53층 709㎡(58.3×12.2m)
단일,5 미세조정,49,49,165.7,78,36,40,16,38,37580,400.0,10465,48045,836,8.9,0.061,,,1,3.493,14.21,49층 767㎡(54.0×14.2m)
단일,5 미세조정,52,52,175.6,78,37,40,17,38,37580,400.0,10475,48055,788,8.39,0.045,,,1,3.491,14.58,52층 723㎡(49.6×14.6m)
단일,5 미세조정,49,49,165.7,78,36,40,17,38,37580,400.0,10465,48045,836,8.9,0.043,,,1,3.481,14.21,49층 767㎡(54.0×14.2m)
단일,5 미세조정,50,50,169.0,78,36,40,17,38,37580,400.0,10576,48156,820,8.73,0.044,,,1,3.478,14.06,50층 752㎡(53.4×14.1m)
단일,5 미세조정,55,55,185.5,79,32,40,12,39,37580,400.0,11278,48858,750,7.98,0.093,,,1,3.508,13.07,55층 683㎡(52.3×13.1m)
단일,5 미세조정,52,52,175.6,79,32,40,12,39,37580,400.0,11202,48782,793,8.44,0.092,,,1,3.501,12.93,52층 723㎡(55.9×12.9m)
단일,5 미세조정,55,55,185.5,80,33,40,12,40,37580,400.0,11115,48695,749,7.97,0.09,,,1,3.499,13.41,55층 683㎡(51.0×13.4m)
단일,5 미세조정,50,50,169.0,80,32,40,12,40,37580,400.0,10731,48311,821,8.74,0.073,,,1,3.496,13.71,50층 752㎡(54.8×13.7m)
단일,5 미세조정,52,52,175.6,80,31,40,11,40,37580,400.0,11570,49150,795,8.46,0.053,,,1,3.484,12.27,52층 723㎡(58.9×12.3m)
단일,5 미세조정,55,55,185.5,80,37,40,17,40,37580,400.0,10455,48035,745,7.93,0.064,,,1,3.48,15.09,55층 683㎡(45.3×15.1m)
단일,5 미세조정,47,47,159.1,81,35,40,16,41,37580,400.0,10240,47820,870,9.26,0.069,,,1,3.498,14.51,47층 800㎡(55.1×14.5m)
단일,5 미세조정,52,52,175.6,81,36,40,17,41,37580,400.0,9791,47371,783,8.34,0.035,,,1,3.498,16.83,52층 723㎡(42.9×16.8m)
단일,5 미세조정,53,53,178.9,81,36,40,17,41,37580,400.0,9889,47469,769,8.19,0.036,,,1,3.497,16.68,53층 709㎡(42.5×16.7m)
단일,5 미세조정,45,45,152.5,81,37,40,17,41,37580,400.0,10011,47591,907,9.66,0.052,,,1,3.485,14.82,45층 835㎡(56.3×14.8m)
단일,5 미세조정,54,54,182.2,82,32,40,12,42,37580,400.0,11253,48833,763,8.13,0.095,,,1,3.499,13.02,54층 696㎡(53.4×13.0m)
단일,5 미세조정,55,55,185.5,82,36,40,17,42,37580,400.0,11361,48941,750,7.98,0.035,,,1,3.469,12.9,55층 683㎡(53.0×12.9m)
단일,5 미세조정,51,51,172.3,82,37,40,17,42,37580,400.0,11739,49319,812,8.64,0.026,,,1,3.445,11.92,51층 737㎡(61.8×11.9m)
단일,5 미세조정,52,52,175.6,83,34,40,15,43,37580,400.0,9791,47371,783,8.34,0.049,,,1,3.508,16.83,52층 723㎡(42.9×16.8m)
단일,5 미세조정,55,55,185.5,83,36,40,16,43,37580,400.0,11278,48858,750,7.98,0.092,,,1,3.506,13.07,55층 683㎡(52.3×13.1m)
단일,5 미세조정,55,55,185.5,83,37,40,17,43,37580,400.0,10083,47663,742,7.9,0.052,,,1,3.5,16.37,55층 683㎡(41.7×16.4m)
단일,5 미세조정,51,51,172.3,83,34,40,14,43,37580,400.0,11273,48853,809,8.61,0.083,,,1,3.495,12.71,51층 737㎡(58.0×12.7m)
단일,5 미세조정,53,53,178.9,83,32,40,12,43,37580,400.0,11501,49081,779,8.3,0.083,,,1,3.495,12.47,53층 709㎡(56.9×12.5m)
단일,5 미세조정,53,53,178.9,83,32,40,12,43,37580,400.0,11685,49265,781,8.31,0.077,,,1,3.49,12.15,53층 709㎡(58.3×12.2m)
단일,5 미세조정,54,54,182.2,84,36,40,16,44,37580,400.0,10684,48264,760,8.09,0.077,,,1,3.508,14.31,54층 696㎡(48.6×14.3m)
단일,5 미세조정,46,46,155.8,84,34,40,14,44,37580,400.0,10126,47706,888,9.46,0.08,,,1,3.489,14.66,46층 817㎡(55.7×14.7m)
단일,5 미세조정,50,50,169.0,84,36,40,16,44,37580,400.0,10811,48391,822,8.75,0.073,,,1,3.483,13.53,50층 752㎡(55.5×13.5m)
단일,5 미세조정,55,55,185.5,84,37,40,17,44,37580,400.0,11913,49493,753,8.02,0.054,,,1,3.46,11.93,55층 683㎡(57.3×11.9m)
단일,5 미세조정,50,50,169.0,84,37,40,17,44,37580,400.0,11619,49199,827,8.8,0.036,,,1,3.45,12.04,50층 752㎡(62.4×12.0m)
단일,5 미세조정,53,53,178.9,85,34,40,14,45,37580,400.0,11685,49265,781,8.31,0.057,,,1,3.49,12.15,53층 709㎡(58.3×12.2m)
단일,5 미세조정,55,55,185.5,85,35,40,14,45,37580,400.0,11535,49115,751,8.0,0.088,,,1,3.487,12.58,55층 683㎡(54.3×12.6m)
단일,5 미세조정,55,55,185.5,85,35,40,13,45,37580,400.0,11535,49115,751,8.0,0.074,,,1,3.485,12.58,55층 683㎡(54.3×12.6m)
단일,5 미세조정,50,50,169.0,85,36,40,16,45,37580,400.0,10976,48556,823,8.76,0.068,,,1,3.48,13.19,50층 752㎡(57.0×13.2m)
단일,5 미세조정,51,51,172.3,86,32,40,12,46,37580,400.0,11739,49319,812,8.64,0.043,,,1,3.485,11.92,51층 737㎡(61.8×11.9m)
단일,5 미세조정,53,53,178.9,87,34,40,14,47,37580,400.0,10580,48160,774,8.23,0.071,,,1,3.505,14.44,53층 709㎡(49.1×14.4m)
단일,5 미세조정,53,53,178.9,87,34,40,14,47,37580,400.0,11062,48642,777,8.27,0.055,,,1,3.502,13.31,53층 709㎡(53.3×13.3m)
단일,5 미세조정,55,55,185.5,87,45,40,22,47,37580,400.0,11535,49115,751,8.0,0.048,,,1,3.488,12.58,55층 683㎡(54.3×12.6m)
단일,5 미세조정,53,53,178.9,87,34,40,14,47,37580,400.0,11501,49081,779,8.3,0.082,,,1,3.479,12.47,53층 709㎡(56.9×12.5m)
단일,5 미세조정,54,54,182.2,88,36,40,16,48,37580,400.0,12523,50103,771,8.21,0.053,,,1,3.482,10.99,54층 696㎡(63.3×11.0m)
단일,5 미세조정,48,48,162.4,68,38,41,22,27,37580,400.0,9256,46836,845,9.0,0.02,,,1,3.571,18.16,48층 783㎡(43.1×18.2m)
단일,5 미세조정,51,51,172.3,73,38,41,22,32,37580,400.0,10050,47630,801,8.52,0.034,,,1,3.548,15.67,51층 737㎡(47.0×15.7m)
단일,5 미세조정,54,54,182.2,73,37,41,17,32,37580,400.0,11425,49005,764,8.14,0.024,,,1,3.508,12.69,54층 696㎡(54.8×12.7m)
단일,5 미세조정,54,54,182.2,75,33,41,11,34,37580,400.0,11425,49005,764,8.14,0.049,,,1,3.505,12.69,54층 696㎡(54.8×12.7m)
단일,5 미세조정,51,51,172.3,78,36,41,17,37,37580,400.0,11090,48670,807,8.59,0.052,,,1,3.502,13.06,51층 737㎡(56.4×13.1m)
단일,5 미세조정,51,51,172.3,78,36,41,17,37,37580,400.0,10686,48266,805,8.57,0.023,,,1,3.496,13.93,51층 737㎡(52.9×13.9m)
단일,5 미세조정,51,51,172.3,78,36,41,17,37,37580,400.0,11454,49034,810,8.62,0.043,,,1,3.496,12.39,51층 737㎡(59.5×12.4m)
단일,5 미세조정,50,50,169.0,78,36,41,17,37,37580,400.0,11337,48917,825,8.78,0.049,,,1,3.495,12.51,50층 752㎡(60.1×12.5m)
단일,5 미세조정,50,50,169.0,78,36,41,17,37,37580,400.0,11337,48917,825,8.78,0.041,,,1,3.495,12.51,50층 752㎡(60.1×12.5m)
단일,5 미세조정,53,53,178.9,79,36,41,17,38,37580,400.0,10580,48160,774,8.23,0.053,,,1,3.514,14.44,53층 709㎡(49.1×14.4m)
단일,5 미세조정,50,50,169.0,79,36,41,17,38,37580,400.0,9947,47527,816,8.68,0.064,,,1,3.509,15.83,50층 752㎡(47.5×15.8m)
단일,5 미세조정,47,47,159.1,79,33,41,14,38,37580,400.0,10240,47820,870,9.26,0.069,,,1,3.501,14.51,47층 800㎡(55.1×14.5m)
단일,5 미세조정,48,48,162.4,79,36,41,16,38,37580,400.0,10565,48145,854,9.09,0.051,,,1,3.487,13.85,48층 783㎡(56.5×13.9m)
단일,5 미세조정,49,49,165.7,79,37,41,17,38,37580,400.0,10155,47735,834,8.88,0.047,,,1,3.485,15.02,49층 767㎡(51.1×15.0m)
단일,5 미세조정,50,50,169.0,80,36,41,17,39,37580,400.0,9828,47408,815,8.68,0.044,,,1,3.506,16.24,50층 752㎡(46.3×16.2m)
단일,5 미세조정,53,53,178.9,80,34,41,11,39,37580,400.0,10580,48160,774,8.23,0.08,,,1,3.497,14.44,53층 709㎡(49.1×14.4m)
단일,5 미세조정,55,55,185.5,80,38,41,16,39,37580,400.0,10787,48367,747,7.95,0.066,,,1,3.494,14.18,55층 683㎡(48.2×14.2m)
단일,5 미세조정,53,53,178.9,81,32,41,12,40,37580,400.0,10902,48482,776,8.26,0.096,,,1,3.503,13.66,53층 709㎡(51.9×13.7m)
단일,5 미세조정,54,54,182.2,81,38,41,16,40,37580,400.0,11009,48589,762,8.11,0.063,,,1,3.491,13.53,54층 696㎡(51.4×13.5m)
단일,5 미세조정,52,52,175.6,81,36,41,14,40,37580,400.0,10475,48055,788,8.39,0.066,,,1,3.49,14.58,52층 723㎡(49.6×14.6m)
단일,1b 층수·세장비,47,47,159.1,81,34,41,14,40,37580,400.0,10391,47971,871,9.27,0.054,,,1,3.48,14.14,47층 800㎡(56.6×14.1m)
단일,5 미세조정,51,51,172.3,81,36,41,13,40,37580,400.0,11090,48670,807,8.59,0.037,,,1,3.474,13.06,51층 737㎡(56.4×13.1m)
단일,1b 층수·세장비,53,53,178.9,82,33,41,14,41,37580,400.0,10255,47835,772,8.21,0.064,,,1,3.513,15.37,53층 709㎡(46.1×15.4m)
단일,5 미세조정,54,54,182.2,82,32,41,12,41,37580,400.0,11009,48589,762,8.11,0.097,,,1,3.499,13.53,54층 696㎡(51.4×13.5m)
단일,5 미세조정,54,54,182.2,82,37,41,17,41,37580,400.0,9987,47567,756,8.04,0.084,,,1,3.493,16.52,54층 696㎡(42.1×16.5m)
단일,5 미세조정,53,53,178.9,82,37,41,17,41,37580,400.0,11125,48705,777,8.27,0.051,,,1,3.471,13.18,53층 709㎡(53.8×13.2m)
단일,5 미세조정,52,52,175.6,82,37,41,17,41,37580,400.0,11034,48614,791,8.42,0.051,,,1,3.469,13.27,52층 723㎡(54.5×13.3m)
단일,5 미세조정,55,55,185.5,83,37,41,17,42,37580,400.0,10960,48540,748,7.96,0.068,,,1,3.478,13.76,55층 683㎡(49.7×13.8m)
단일,5 미세조정,54,54,182.2,83,37,41,17,42,37580,400.0,11613,49193,766,8.15,0.047,,,1,3.461,12.35,54층 696㎡(56.3×12.4m)
단일,5 미세조정,53,53,178.9,84,36,41,16,43,37580,400.0,10902,48482,776,8.26,0.086,,,1,3.504,13.66,53층 709㎡(51.9×13.7m)
단일,5 미세조정,50,50,169.0,84,36,41,17,43,37580,400.0,9947,47527,816,8.68,0.043,,,1,3.475,15.83,50층 752㎡(47.5×15.8m)
단일,5 미세조정,52,52,175.6,84,37,41,17,43,37580,400.0,11202,48782,793,8.44,0.055,,,1,3.464,12.93,52층 723㎡(55.9×12.9m)
단일,5 미세조정,51,51,172.3,85,35,41,16,44,37580,400.0,10923,48503,806,8.58,0.049,,,1,3.503,13.4,51층 737㎡(55.0×13.4m)
단일,5 미세조정,51,51,172.3,85,32,41,12,44,37580,400.0,11090,48670,807,8.59,0.074,,,1,3.494,13.06,51층 737㎡(56.4×13.1m)
단일,5 미세조정,48,48,162.4,85,32,41,12,44,37580,400.0,10745,48325,856,9.11,0.082,,,1,3.491,13.46,48층 783㎡(58.2×13.5m)
단일,5 미세조정,54,54,182.2,85,35,41,14,44,37580,400.0,11009,48589,762,8.11,0.093,,,1,3.489,13.53,54층 696㎡(51.4×13.5m)
단일,5 미세조정,52,52,175.6,85,35,41,14,44,37580,400.0,10794,48374,790,8.41,0.094,,,1,3.487,13.79,52층 723㎡(52.4×13.8m)
단일,5 미세조정,53,53,178.9,85,36,41,14,44,37580,400.0,10902,48482,776,8.26,0.087,,,1,3.483,13.66,53층 709㎡(51.9×13.7m)
단일,5 미세조정,51,51,172.3,85,36,41,17,44,37580,400.0,10050,47630,801,8.52,0.027,,,1,3.479,15.67,51층 737㎡(47.0×15.7m)
단일,5 미세조정,50,50,169.0,86,34,41,14,45,37580,400.0,9828,47408,815,8.68,0.056,,,1,3.505,16.24,50층 752㎡(46.3×16.2m)
단일,5 미세조정,54,54,182.2,86,35,41,12,45,37580,400.0,10684,48264,760,8.09,0.083,,,1,3.491,14.31,54층 696㎡(48.6×14.3m)
단일,5 미세조정,52,52,175.6,86,34,41,14,45,37580,400.0,11034,48614,791,8.42,0.09,,,1,3.485,13.27,52층 723㎡(54.5×13.3m)
단일,5 미세조정,52,52,175.6,86,35,41,14,45,37580,400.0,10952,48532,791,8.42,0.092,,,1,3.484,13.44,52층 723㎡(53.8×13.4m)
단일,5 미세조정,53,53,178.9,86,35,41,13,45,37580,400.0,11314,48894,778,8.28,0.072,,,1,3.482,12.81,53층 709㎡(55.3×12.8m)
단일,5 미세조정,53,53,178.9,86,37,41,17,45,37580,400.0,12402,49982,785,8.36,0.036,,,1,3.449,11.1,53층 709㎡(63.9×11.1m)
단일,5 미세조정,54,54,182.2,87,39,41,19,46,37580,400.0,11234,48814,763,8.12,0.05,,,1,3.5,13.06,54층 696㎡(53.3×13.1m)
단일,5 미세조정,54,54,182.2,87,40,41,20,46,37580,400.0,11800,49380,767,8.16,0.054,,,1,3.499,12.04,54층 696㎡(57.8×12.0m)
단일,5 미세조정,53,53,178.9,87,34,41,14,46,37580,400.0,11501,49081,779,8.3,0.041,,,1,3.497,12.47,53층 709㎡(56.9×12.5m)
단일,5 미세조정,54,54,182.2,87,37,41,17,46,37580,400.0,11800,49380,767,8.16,0.054,,,1,3.495,12.04,54층 696㎡(57.8×12.0m)
단일,1b 층수·세장비,55,55,185.5,87,36,41,12,46,37580,400.0,11278,48858,750,7.98,0.048,,,1,3.488,13.07,55층 683㎡(52.3×13.1m)
단일,5 미세조정,50,50,169.0,88,34,41,14,47,37580,400.0,10420,48000,819,8.72,0.053,,,1,3.505,14.45,50층 752㎡(52.0×14.4m)
단일,5 미세조정,55,55,185.5,88,34,41,14,47,37580,400.0,11115,48695,749,7.97,0.08,,,1,3.491,13.41,55층 683㎡(51.0×13.4m)
단일,5 미세조정,54,54,182.2,88,34,41,14,47,37580,400.0,11425,49005,764,8.14,0.069,,,1,3.488,12.69,54층 696㎡(54.8×12.7m)
단일,5 미세조정,55,55,185.5,88,34,41,14,47,37580,400.0,11913,49493,753,8.02,0.061,,,1,3.482,11.93,55층 683㎡(57.3×11.9m)
단일,5 미세조정,54,54,182.2,88,34,41,14,47,37580,400.0,11800,49380,767,8.16,0.067,,,1,3.48,12.04,54층 696㎡(57.8×12.0m)
단일,5 미세조정,53,53,178.9,88,34,41,14,47,37580,400.0,11976,49556,782,8.33,0.051,,,1,3.477,11.7,53층 709㎡(60.6×11.7m)
단일,1b 층수·세장비,50,50,169.0,88,43,41,22,47,37580,400.0,11484,49064,826,8.79,0.077,,,1,3.474,12.26,50층 752㎡(61.3×12.3m)
단일,5 미세조정,51,51,172.3,89,36,41,17,48,37580,400.0,10370,47950,803,8.54,0.032,,,1,3.497,14.72,51층 737㎡(50.1×14.7m)
단일,1b 층수·세장비,55,55,185.5,89,37,41,16,48,37580,400.0,12068,49648,754,8.03,0.072,,,1,3.489,11.69,55층 683㎡(58.4×11.7m)
단일,5 미세조정,52,52,175.6,89,34,41,14,48,37580,400.0,11387,48967,794,8.45,0.081,,,1,3.475,12.59,52층 723㎡(57.4×12.6m)
2개동,5 미세조정,55+55,55,185.5,89,41,41,21,48,37580,400.0,13441,51021,761,8.1,0.031,5.7,1.42,2,3.455,15.09,55층 342㎡(22.6×15.1m) + 55층 342㎡(22.6×15.1m)
단일,5 미세조정,51,51,172.3,90,39,41,19,49,37580,400.0,10050,47630,801,8.52,0.044,,,1,3.505,15.67,51층 737㎡(47.0×15.7m)
단일,5 미세조정,52,52,175.6,90,36,41,16,49,37580,400.0,11858,49438,797,8.48,0.062,,,1,3.488,11.81,52층 723㎡(61.2×11.8m)
단일,5 미세조정,51,51,172.3,90,34,41,14,49,37580,400.0,12157,49737,814,8.67,0.036,,,1,3.468,11.31,51층 737㎡(65.1×11.3m)
단일,5 미세조정,52,52,175.6,72,38,42,22,30,37580,400.0,9458,47038,781,8.32,0.033,,,1,3.583,18.44,52층 723㎡(39.2×18.4m)
단일,5 미세조정,54,54,182.2,78,36,42,14,36,37580,400.0,10684,48264,760,8.09,0.04,,,1,3.509,14.31,54층 696㎡(48.6×14.3m)
단일,5 미세조정,51,51,172.3,78,33,42,11,36,37580,400.0,10686,48266,805,8.57,0.047,,,1,3.494,13.93,51층 737㎡(52.9×13.9m)
단일,1b 층수·세장비,55,55,185.5,79,35,42,11,37,37580,400.0,10455,48035,745,7.93,0.051,,,1,3.513,15.09,55층 683㎡(45.3×15.1m)
단일,5 미세조정,52,52,175.6,79,34,42,14,37,37580,400.0,10475,48055,788,8.39,0.05,,,1,3.506,14.58,52층 723㎡(49.6×14.6m)
단일,5 미세조정,52,52,175.6,79,37,42,14,37,37580,400.0,10794,48374,790,8.41,0.043,,,1,3.491,13.79,52층 723㎡(52.4×13.8m)
단일,5 미세조정,52,52,175.6,79,37,42,14,37,37580,400.0,10475,48055,788,8.39,0.04,,,1,3.49,14.58,52층 723㎡(49.6×14.6m)
단일,1b 층수·세장비,53,53,178.9,80,36,42,17,38,37580,400.0,9849,47429,769,8.19,0.064,,,1,3.509,16.84,53층 709㎡(42.1×16.8m)
단일,1b 층수·세장비,50,50,169.0,80,36,42,17,38,37580,400.0,9947,47527,816,8.68,0.061,,,1,3.504,15.83,50층 752㎡(47.5×15.8m)
단일,5 미세조정,50,50,169.0,80,36,42,16,38,37580,400.0,10263,47843,818,8.71,0.064,,,1,3.495,14.87,50층 752㎡(50.6×14.9m)
단일,5 미세조정,47,47,159.1,80,36,42,17,38,37580,400.0,10240,47820,870,9.26,0.041,,,1,3.495,14.51,47층 800㎡(55.1×14.5m)
단일,1b 층수·세장비,55,55,185.5,80,37,42,17,38,37580,400.0,10042,47622,742,7.9,0.061,,,1,3.494,16.53,55층 683㎡(41.3×16.5m)
단일,5 미세조정,52,52,175.6,80,37,42,17,38,37580,400.0,10339,47919,787,8.38,0.046,,,1,3.475,14.96,52층 723㎡(48.3×15.0m)
단일,5 미세조정,51,51,172.3,80,37,42,17,38,37580,400.0,10370,47950,803,8.54,0.043,,,1,3.473,14.72,51층 737㎡(50.1×14.7m)
단일,5 미세조정,54,54,182.2,80,37,42,17,38,37580,400.0,11170,48750,763,8.12,0.034,,,1,3.467,13.19,54층 696㎡(52.8×13.2m)
단일,5 미세조정,54,54,182.2,81,37,42,13,39,37580,400.0,11009,48589,762,8.11,0.036,,,1,3.5,13.53,54층 696㎡(51.4×13.5m)
단일,5 미세조정,48,48,162.4,81,30,42,11,39,37580,400.0,10923,48503,857,9.12,0.081,,,1,3.493,13.1,48층 783㎡(59.8×13.1m)
단일,5 미세조정,48,48,162.4,81,30,42,11,39,37580,400.0,10565,48145,854,9.09,0.073,,,1,3.492,13.85,48층 783㎡(56.5×13.9m)
단일,5 미세조정,55,55,185.5,82,32,42,12,40,37580,400.0,11115,48695,749,7.97,0.1,,,1,3.507,13.41,55층 683㎡(51.0×13.4m)
단일,5 미세조정,55,55,185.5,82,37,42,15,40,37580,400.0,11535,49115,751,8.0,0.045,,,1,3.499,12.58,55층 683㎡(54.3×12.6m)
단일,5 미세조정,54,54,182.2,82,40,42,18,40,37580,400.0,11425,49005,764,8.14,0.06,,,1,3.495,12.69,54층 696㎡(54.8×12.7m)
단일,5 미세조정,53,53,178.9,82,33,42,11,40,37580,400.0,10580,48160,774,8.23,0.094,,,1,3.495,14.44,53층 709㎡(49.1×14.4m)
단일,5 미세조정,53,53,178.9,82,37,42,15,40,37580,400.0,11314,48894,778,8.28,0.041,,,1,3.494,12.81,53층 709㎡(55.3×12.8m)
단일,5 미세조정,47,47,159.1,82,37,42,17,40,37580,400.0,10391,47971,871,9.27,0.027,,,1,3.467,14.14,47층 800㎡(56.6×14.1m)
단일,5 미세조정,48,48,162.4,82,37,42,17,40,37580,400.0,10745,48325,856,9.11,0.025,,,1,3.461,13.46,48층 783㎡(58.2×13.5m)
단일,5 미세조정,50,50,169.0,83,36,42,17,41,37580,400.0,9828,47408,815,8.68,0.044,,,1,3.493,16.24,50층 752㎡(46.3×16.2m)
단일,5 미세조정,48,48,162.4,83,31,42,11,41,37580,400.0,10047,47627,851,9.05,0.093,,,1,3.492,15.17,48층 783㎡(51.6×15.2m)
단일,5 미세조정,53,53,178.9,83,37,42,17,41,37580,400.0,10450,48030,773,8.23,0.059,,,1,3.478,14.79,53층 709㎡(47.9×14.8m)
단일,5 미세조정,52,52,175.6,83,37,42,17,41,37580,400.0,11570,49150,795,8.46,0.028,,,1,3.456,12.27,52층 723㎡(58.9×12.3m)
단일,5 미세조정,51,51,172.3,83,37,42,17,41,37580,400.0,11454,49034,810,8.62,0.027,,,1,3.453,12.39,51층 737㎡(59.5×12.4m)
단일,5 미세조정,54,54,182.2,84,35,42,16,42,37580,400.0,10356,47936,758,8.07,0.041,,,1,3.518,15.23,54층 696㎡(45.7×15.2m)
단일,5 미세조정,54,54,182.2,84,41,42,20,42,37580,400.0,11425,49005,764,8.14,0.083,,,1,3.5,12.69,54층 696㎡(54.8×12.7m)
단일,5 미세조정,52,52,175.6,84,38,42,18,42,37580,400.0,11570,49150,795,8.46,0.082,,,1,3.49,12.27,52층 723㎡(58.9×12.3m)
단일,5 미세조정,55,55,185.5,85,35,42,16,43,37580,400.0,10083,47663,742,7.9,0.06,,,1,3.516,16.37,55층 683㎡(41.7×16.4m)
단일,5 미세조정,54,54,182.2,85,42,42,20,43,37580,400.0,11009,48589,762,8.11,0.099,,,1,3.504,13.53,54층 696㎡(51.4×13.5m)
단일,5 미세조정,52,52,175.6,85,39,42,18,43,37580,400.0,10952,48532,791,8.42,0.09,,,1,3.5,13.44,52층 723㎡(53.8×13.4m)
단일,5 미세조정,48,48,162.4,85,31,42,11,43,37580,400.0,10505,48085,854,9.09,0.099,,,1,3.494,13.99,48층 783㎡(56.0×14.0m)
단일,5 미세조정,44,44,149.2,85,31,42,11,43,37580,400.0,10040,47620,928,9.88,0.094,,,1,3.49,14.61,44층 854㎡(58.4×14.6m)
단일,5 미세조정,50,50,169.0,86,34,42,13,44,37580,400.0,10129,47709,817,8.7,0.104,,,1,3.495,15.25,50층 752㎡(49.3×15.3m)
단일,5 미세조정,54,54,182.2,86,35,42,12,44,37580,400.0,11170,48750,763,8.12,0.06,,,1,3.492,13.19,54층 696㎡(52.8×13.2m)
단일,5 미세조정,53,53,178.9,86,33,42,11,44,37580,400.0,10580,48160,774,8.23,0.102,,,1,3.49,14.44,53층 709㎡(49.1×14.4m)
단일,5 미세조정,46,46,155.8,86,31,42,11,44,37580,400.0,10275,47855,889,9.47,0.098,,,1,3.489,14.29,46층 817㎡(57.2×14.3m)
단일,1b 층수·세장비,53,53,178.9,87,37,42,12,45,37580,400.0,10255,47835,772,8.21,0.067,,,1,3.492,15.37,53층 709㎡(46.1×15.4m)
단일,5 미세조정,53,53,178.9,87,37,42,15,45,37580,400.0,11314,48894,778,8.28,0.056,,,1,3.491,12.81,53층 709㎡(55.3×12.8m)
단일,5 미세조정,50,50,169.0,87,34,42,14,45,37580,400.0,10263,47843,818,8.71,0.102,,,1,3.49,14.87,50층 752㎡(50.6×14.9m)
단일,5 미세조정,52,52,175.6,87,36,42,13,45,37580,400.0,11202,48782,793,8.44,0.033,,,1,3.488,12.93,52층 723㎡(55.9×12.9m)
단일,5 미세조정,54,54,182.2,87,34,42,11,45,37580,400.0,11009,48589,762,8.11,0.064,,,1,3.487,13.53,54층 696㎡(51.4×13.5m)
단일,5 미세조정,50,50,169.0,87,35,42,13,45,37580,400.0,10263,47843,818,8.71,0.087,,,1,3.486,14.87,50층 752㎡(50.6×14.9m)
단일,5 미세조정,54,54,182.2,87,35,42,13,45,37580,400.0,11170,48750,763,8.12,0.08,,,1,3.483,13.19,54층 696㎡(52.8×13.2m)
단일,5 미세조정,51,51,172.3,87,35,42,14,45,37580,400.0,10842,48422,806,8.58,0.085,,,1,3.483,13.57,51층 737㎡(54.3×13.6m)
단일,5 미세조정,52,52,175.6,88,34,42,14,46,37580,400.0,10153,47733,786,8.36,0.091,,,1,3.504,15.52,52층 723㎡(46.6×15.5m)
단일,5 미세조정,49,49,165.7,88,32,42,12,46,37580,400.0,10155,47735,834,8.88,0.088,,,1,3.497,15.02,49층 767㎡(51.1×15.0m)
단일,5 미세조정,53,53,178.9,88,34,42,14,46,37580,400.0,10442,48022,773,8.22,0.091,,,1,3.496,14.82,53층 709㎡(47.9×14.8m)
단일,5 미세조정,50,50,169.0,88,38,42,18,46,37580,400.0,10976,48556,823,8.76,0.084,,,1,3.494,13.19,50층 752㎡(57.0×13.2m)
단일,5 미세조정,54,54,182.2,88,35,42,12,46,37580,400.0,11234,48814,763,8.12,0.077,,,1,3.485,13.06,54층 696㎡(53.3×13.1m)
단일,5 미세조정,54,54,182.2,88,34,42,12,46,37580,400.0,11170,48750,763,8.12,0.089,,,1,3.484,13.19,54층 696㎡(52.8×13.2m)
단일,5 미세조정,51,51,172.3,88,34,42,12,46,37580,400.0,11090,48670,807,8.59,0.068,,,1,3.477,13.06,51층 737㎡(56.4×13.1m)
단일,1b 층수·세장비,55,55,185.5,89,40,42,20,47,37580,400.0,10042,47622,742,7.9,0.064,,,1,3.509,16.53,55층 683㎡(41.3×16.5m)
단일,5 미세조정,52,52,175.6,89,34,42,14,47,37580,400.0,10635,48215,789,8.4,0.055,,,1,3.504,14.17,52층 723㎡(51.0×14.2m)
단일,5 미세조정,53,53,178.9,89,37,42,15,47,37580,400.0,10580,48160,774,8.23,0.102,,,1,3.502,14.44,53층 709㎡(49.1×14.4m)
단일,1b 층수·세장비,55,55,185.5,89,47,42,22,47,37580,400.0,10455,48035,745,7.93,0.09,,,1,3.496,15.09,55층 683㎡(45.3×15.1m)
단일,5 미세조정,51,51,172.3,89,34,42,12,47,37580,400.0,9931,47511,800,8.51,0.126,,,1,3.495,16.08,51층 737㎡(45.8×16.1m)
단일,5 미세조정,51,51,172.3,89,34,42,14,47,37580,400.0,10242,47822,802,8.53,0.1,,,1,3.494,15.08,51층 737㎡(48.9×15.1m)
단일,5 미세조정,52,52,175.6,89,35,42,12,47,37580,400.0,10475,48055,788,8.39,0.09,,,1,3.49,14.58,52층 723㎡(49.6×14.6m)
단일,5 미세조정,55,55,185.5,89,34,42,14,47,37580,400.0,11278,48858,750,7.98,0.076,,,1,3.489,13.07,55층 683㎡(52.3×13.1m)
단일,5 미세조정,52,52,175.6,89,35,42,12,47,37580,400.0,10794,48374,790,8.41,0.081,,,1,3.486,13.79,52층 723㎡(52.4×13.8m)
단일,5 미세조정,53,53,178.9,89,34,42,12,47,37580,400.0,11685,49265,781,8.31,0.061,,,1,3.471,12.15,53층 709㎡(58.3×12.2m)
단일,5 미세조정,51,51,172.3,90,36,42,17,48,37580,400.0,10242,47822,802,8.53,0.043,,,1,3.508,15.08,51층 737㎡(48.9×15.1m)
단일,5 미세조정,50,50,169.0,90,33,42,14,48,37580,400.0,9592,47172,814,8.66,0.043,,,1,3.502,17.17,50층 752㎡(43.8×17.2m)
단일,1b 층수·세장비,55,55,185.5,91,38,42,16,49,37580,400.0,11278,48858,750,7.98,0.092,,,1,3.489,13.07,55층 683㎡(52.3×13.1m)
단일,1b 층수·세장비,55,55,185.5,91,37,42,17,49,37580,400.0,12068,49648,754,8.03,0.051,,,1,3.483,11.69,55층 683㎡(58.4×11.7m)
단일,1b 층수·세장비,53,53,178.9,91,35,42,14,49,37580,400.0,11838,49418,782,8.32,0.07,,,1,3.478,11.91,53층 709㎡(59.5×11.9m)
단일,1b 층수·세장비,53,53,178.9,91,36,42,16,49,37580,400.0,12576,50156,786,8.37,0.048,,,1,3.472,10.87,53층 709㎡(65.2×10.9m)
단일,5 미세조정,45,45,152.5,80,36,43,17,37,37580,400.0,10158,47738,908,9.67,0.043,,,1,3.496,14.45,45층 835㎡(57.8×14.4m)
단일,1b 층수·세장비,53,53,178.9,80,38,43,14,37,37580,400.0,10255,47835,772,8.21,0.04,,,1,3.493,15.37,53층 709㎡(46.1×15.4m)
단일,1b 층수·세장비,50,50,169.0,82,31,43,12,39,37580,400.0,11484,49064,826,8.79,0.048,,,1,3.493,12.26,50층 752㎡(61.3×12.3m)
단일,5 미세조정,51,51,172.3,82,36,43,17,39,37580,400.0,11090,48670,807,8.59,0.029,,,1,3.467,13.06,51층 737㎡(56.4×13.1m)
단일,5 미세조정,55,55,185.5,83,33,43,12,40,37580,400.0,10787,48367,747,7.95,0.097,,,1,3.511,14.18,55층 683㎡(48.2×14.2m)
단일,5 미세조정,55,55,185.5,83,37,43,16,40,37580,400.0,11115,48695,749,7.97,0.106,,,1,3.506,13.41,55층 683㎡(51.0×13.4m)
단일,5 미세조정,50,50,169.0,83,32,43,12,40,37580,400.0,10263,47843,818,8.71,0.1,,,1,3.5,14.87,50층 752㎡(50.6×14.9m)
단일,5 미세조정,51,51,172.3,83,32,43,12,40,37580,400.0,10686,48266,805,8.57,0.098,,,1,3.499,13.93,51층 737㎡(52.9×13.9m)
단일,5 미세조정,53,53,178.9,85,32,43,12,42,37580,400.0,10750,48330,775,8.25,0.107,,,1,3.505,14.01,53층 709㎡(50.6×14.0m)
단일,5 미세조정,52,52,175.6,85,32,43,12,42,37580,400.0,10475,48055,788,8.39,0.109,,,1,3.503,14.58,52층 723㎡(49.6×14.6m)
단일,5 미세조정,51,51,172.3,85,32,43,12,42,37580,400.0,10370,47950,803,8.54,0.11,,,1,3.502,14.72,51층 737㎡(50.1×14.7m)
단일,5 미세조정,50,50,169.0,86,32,43,12,43,37580,400.0,10576,48156,820,8.73,0.106,,,1,3.496,14.06,50층 752㎡(53.4×14.1m)
단일,5 미세조정,50,50,169.0,86,32,43,12,43,37580,400.0,10811,48391,822,8.75,0.096,,,1,3.493,13.53,50층 752㎡(55.5×13.5m)
단일,5 미세조정,49,49,165.7,86,36,43,16,43,37580,400.0,10465,48045,836,8.9,0.073,,,1,3.485,14.21,49층 767㎡(54.0×14.2m)
단일,5 미세조정,50,50,169.0,86,36,43,16,43,37580,400.0,10576,48156,820,8.73,0.073,,,1,3.484,14.06,50층 752㎡(53.4×14.1m)
단일,5 미세조정,47,47,159.1,86,37,43,17,43,37580,400.0,10391,47971,871,9.27,0.048,,,1,3.465,14.14,47층 800㎡(56.6×14.1m)
단일,5 미세조정,54,54,182.2,86,38,43,17,43,37580,400.0,12093,49673,769,8.18,0.044,,,1,3.449,11.59,54층 696㎡(60.1×11.6m)
단일,5 미세조정,55,55,185.5,88,36,43,16,45,37580,400.0,10952,48532,748,7.96,0.1,,,1,3.505,13.78,55층 683㎡(49.6×13.8m)
단일,5 미세조정,54,54,182.2,89,37,43,17,46,37580,400.0,9987,47567,756,8.04,0.083,,,1,3.494,16.52,54층 696㎡(42.1×16.5m)
단일,5 미세조정,49,49,165.7,89,34,43,13,46,37580,400.0,10465,48045,836,8.9,0.088,,,1,3.487,14.21,49층 767㎡(54.0×14.2m)
단일,5 미세조정,50,50,169.0,90,32,43,12,47,37580,400.0,10576,48156,820,8.73,0.055,,,1,3.5,14.06,50층 752㎡(53.4×14.1m)
단일,5 미세조정,50,50,169.0,90,36,43,15,47,37580,400.0,10731,48311,821,8.74,0.089,,,1,3.496,13.71,50층 752㎡(54.8×13.7m)
단일,5 미세조정,51,51,172.3,90,34,43,14,47,37580,400.0,10536,48116,804,8.55,0.081,,,1,3.494,14.29,51층 737㎡(51.6×14.3m)
단일,5 미세조정,54,54,182.2,90,35,43,15,47,37580,400.0,11009,48589,762,8.11,0.068,,,1,3.493,13.53,54층 696㎡(51.4×13.5m)
단일,5 미세조정,51,51,172.3,90,34,43,14,47,37580,400.0,10842,48422,806,8.58,0.072,,,1,3.49,13.57,51층 737㎡(54.3×13.6m)
단일,5 미세조정,52,52,175.6,90,33,43,12,47,37580,400.0,11387,48967,794,8.45,0.084,,,1,3.48,12.59,52층 723㎡(57.4×12.6m)
단일,5 미세조정,50,50,169.0,90,33,43,11,47,37580,400.0,10976,48556,823,8.76,0.059,,,1,3.477,13.19,50층 752㎡(57.0×13.2m)
단일,5 미세조정,50,50,169.0,91,34,43,14,48,37580,400.0,9828,47408,815,8.68,0.077,,,1,3.505,16.24,50층 752㎡(46.3×16.2m)
단일,5 미세조정,53,53,178.9,91,37,43,17,48,37580,400.0,10133,47713,771,8.2,0.04,,,1,3.499,15.77,53층 709㎡(45.0×15.8m)
단일,5 미세조정,52,52,175.6,91,35,43,15,48,37580,400.0,10153,47733,786,8.36,0.069,,,1,3.495,15.52,52층 723㎡(46.6×15.5m)
단일,5 미세조정,52,52,175.6,91,35,43,15,48,37580,400.0,11015,48595,791,8.42,0.053,,,1,3.491,13.31,52층 723㎡(54.3×13.3m)
단일,5 미세조정,53,53,178.9,91,35,43,15,48,37580,400.0,11125,48705,777,8.27,0.054,,,1,3.491,13.18,53층 709㎡(53.8×13.2m)
2개동,5 미세조정,54+54,54,182.2,91,41,43,21,48,37580,400.0,13413,50993,775,8.25,0.06,4.9,1.22,2,3.464,14.66,54층 348㎡(23.7×14.7m) + 54층 348㎡(23.7×14.7m)
2개동,5 미세조정,55+55,55,185.5,91,41,43,21,48,37580,400.0,13441,51021,761,8.1,0.063,6.0,1.5,2,3.461,15.09,55층 342㎡(22.6×15.1m) + 55층 342㎡(22.6×15.1m)
2개동,5 미세조정,53+53,53,178.9,91,40,43,20,48,37580,400.0,13279,50859,789,8.39,0.047,4.4,1.09,2,3.461,14.79,53층 355㎡(24.0×14.8m) + 53층 355㎡(24.0×14.8m)
2개동,5 미세조정,53+53,53,178.9,91,40,43,20,48,37580,400.0,13176,50756,788,8.39,0.049,5.3,1.32,2,3.457,15.37,53층 355㎡(23.1×15.4m) + 53층 355㎡(23.1×15.4m)
2개동,5 미세조정,54+54,54,182.2,91,41,43,21,48,37580,400.0,13250,50830,774,8.24,0.036,6.3,1.57,2,3.456,15.63,54층 348㎡(22.3×15.6m) + 54층 348㎡(22.3×15.6m)
단일,5 미세조정,50,50,169.0,92,32,43,12,49,37580,400.0,10731,48311,821,8.74,0.087,,,1,3.488,13.71,50층 752㎡(54.8×13.7m)
단일,5 미세조정,52,52,175.6,92,34,43,14,49,37580,400.0,11387,48967,794,8.45,0.057,,,1,3.479,12.59,52층 723㎡(57.4×12.6m)
단일,5 미세조정,52,52,175.6,92,36,43,14,49,37580,400.0,11202,48782,793,8.44,0.09,,,1,3.468,12.93,52층 723㎡(55.9×12.9m)
2개동,5 미세조정,55+55,55,185.5,92,41,43,21,49,37580,400.0,13381,50961,760,8.09,0.088,6.6,1.64,2,3.456,15.48,55층 342㎡(22.1×15.5m) + 55층 342㎡(22.1×15.5m)
단일,5 미세조정,53,53,178.9,93,36,43,16,50,37580,400.0,10750,48330,775,8.25,0.064,,,1,3.48,14.01,53층 709㎡(50.6×14.0m)
2개동,5 미세조정,54+54,54,182.2,93,40,43,20,50,37580,400.0,13309,50889,774,8.24,0.043,4.6,1.14,2,3.451,15.23,54층 348㎡(22.8×15.2m) + 54층 348㎡(22.8×15.2m)
단일,5 미세조정,55,55,185.5,77,36,44,17,33,37580,400.0,11535,49115,751,8.0,0.04,,,1,3.513,12.58,55층 683㎡(54.3×12.6m)
단일,5 미세조정,53,53,178.9,79,36,44,17,35,37580,400.0,10902,48482,776,8.26,0.046,,,1,3.511,13.66,53층 709㎡(51.9×13.7m)
단일,5 미세조정,55,55,185.5,80,36,44,17,36,37580,400.0,10083,47663,742,7.9,0.068,,,1,3.522,16.37,55층 683㎡(41.7×16.4m)
단일,1b 층수·세장비,53,53,178.9,81,37,44,13,37,37580,400.0,9849,47429,769,8.19,0.047,,,1,3.499,16.84,53층 709㎡(42.1×16.8m)
단일,5 미세조정,46,46,155.8,82,36,44,14,38,37580,400.0,9826,47406,886,9.43,0.048,,,1,3.485,15.5,46층 817㎡(52.7×15.5m)
단일,5 미세조정,55,55,185.5,82,36,44,17,38,37580,400.0,10331,47911,744,7.92,0.052,,,1,3.478,15.48,55층 683㎡(44.1×15.5m)
단일,5 미세조정,54,54,182.2,82,36,44,17,38,37580,400.0,10553,48133,759,8.08,0.047,,,1,3.474,14.66,54층 696㎡(47.5×14.7m)
단일,5 미세조정,55,55,185.5,83,33,44,14,39,37580,400.0,11115,48695,749,7.97,0.088,,,1,3.51,13.41,55층 683㎡(51.0×13.4m)
단일,5 미세조정,48,48,162.4,83,36,44,17,39,37580,400.0,10047,47627,851,9.05,0.025,,,1,3.473,15.17,48층 783㎡(51.6×15.2m)
단일,5 미세조정,52,52,175.6,84,33,44,13,40,37580,400.0,10952,48532,791,8.42,0.084,,,1,3.5,13.44,52층 723㎡(53.8×13.4m)
단일,5 미세조정,52,52,175.6,84,36,44,17,40,37580,400.0,10032,47612,785,8.36,0.035,,,1,3.485,15.92,52층 723㎡(45.4×15.9m)
단일,5 미세조정,53,53,178.9,86,31,44,12,42,37580,400.0,9889,47469,769,8.19,0.082,,,1,3.509,16.68,53층 709㎡(42.5×16.7m)
단일,5 미세조정,50,50,169.0,86,35,44,15,42,37580,400.0,10976,48556,823,8.76,0.083,,,1,3.493,13.19,50층 752㎡(57.0×13.2m)
단일,1b 층수·세장비,47,47,159.1,86,34,44,14,42,37580,400.0,9249,46829,863,9.19,0.099,,,1,3.492,17.88,47층 800㎡(44.7×17.9m)
단일,5 미세조정,50,50,169.0,86,35,44,15,42,37580,400.0,11619,49199,827,8.8,0.041,,,1,3.481,12.04,50층 752㎡(62.4×12.0m)
단일,5 미세조정,55,55,185.5,87,40,44,20,43,37580,400.0,11725,49305,752,8.01,0.066,,,1,3.498,12.24,55층 683㎡(55.8×12.2m)
단일,5 미세조정,55,55,185.5,87,40,44,20,43,37580,400.0,11913,49493,753,8.02,0.058,,,1,3.495,11.93,55층 683㎡(57.3×11.9m)
단일,5 미세조정,55,55,185.5,87,37,44,17,43,37580,400.0,11913,49493,753,8.02,0.059,,,1,3.455,11.93,55층 683㎡(57.3×11.9m)
단일,1b 층수·세장비,53,53,178.9,88,35,44,11,44,37580,400.0,10255,47835,772,8.21,0.069,,,1,3.495,15.37,53층 709㎡(46.1×15.4m)
단일,5 미세조정,54,54,182.2,89,37,44,17,45,37580,400.0,12093,49673,769,8.18,0.055,,,1,3.45,11.59,54층 696㎡(60.1×11.6m)
단일,5 미세조정,50,50,169.0,90,35,44,14,46,37580,400.0,10792,48372,822,8.74,0.085,,,1,3.483,13.57,50층 752㎡(55.4×13.6m)
단일,5 미세조정,48,48,162.4,90,34,44,13,46,37580,400.0,10745,48325,856,9.11,0.072,,,1,3.48,13.46,48층 783㎡(58.2×13.5m)
단일,1b 층수·세장비,47,47,159.1,91,33,44,14,47,37580,400.0,9249,46829,863,9.19,0.062,,,1,3.5,17.88,47층 800㎡(44.7×17.9m)
단일,5 미세조정,50,50,169.0,91,32,44,12,47,37580,400.0,9947,47527,816,8.68,0.09,,,1,3.499,15.83,50층 752㎡(47.5×15.8m)
단일,5 미세조정,51,51,172.3,91,35,44,14,47,37580,400.0,9931,47511,800,8.51,0.109,,,1,3.492,16.08,51층 737㎡(45.8×16.1m)
2개동,5 미세조정,52+52,52,175.6,91,39,44,20,47,37580,400.0,13144,50724,803,8.55,0.049,4.4,1.09,2,3.472,14.93,52층 361㎡(24.2×14.9m) + 52층 361㎡(24.2×14.9m)
2개동,5 미세조정,54+54,54,182.2,91,36,44,16,47,37580,400.0,13413,50993,775,8.25,0.057,4.8,1.2,2,3.468,14.66,54층 348㎡(23.7×14.7m) + 54층 348㎡(23.7×14.7m)
단일,5 미세조정,52,52,175.6,92,34,44,14,48,37580,400.0,9791,47371,783,8.34,0.067,,,1,3.507,16.83,52층 723㎡(42.9×16.8m)
단일,1b 층수·세장비,47,47,159.1,92,34,44,11,48,37580,400.0,10391,47971,871,9.27,0.033,,,1,3.477,14.14,47층 800㎡(56.6×14.1m)
2개동,5 미세조정,54+54,54,182.2,92,42,44,22,48,37580,400.0,13413,50993,775,8.25,0.078,4.9,1.22,2,3.457,14.66,54층 348㎡(23.7×14.7m) + 54층 348㎡(23.7×14.7m)
단일,1b 층수·세장비,44,44,149.2,93,32,44,12,49,37580,400.0,8935,46515,920,9.79,0.096,,,1,3.488,18.48,44층 854㎡(46.2×18.5m)
단일,1b 층수·세장비,47,47,159.1,93,33,44,12,49,37580,400.0,10391,47971,871,9.27,0.085,,,1,3.483,14.14,47층 800㎡(56.6×14.1m)
단일,1b 층수·세장비,53,53,178.9,93,37,44,17,49,37580,400.0,11062,48642,777,8.27,0.038,,,1,3.478,13.31,53층 709㎡(53.3×13.3m)
단일,5 미세조정,52,52,175.6,93,37,44,17,49,37580,400.0,11015,48595,791,8.42,0.038,,,1,3.477,13.31,52층 723㎡(54.3×13.3m)
단일,5 미세조정,55,55,185.5,93,37,44,12,49,37580,400.0,11115,48695,749,7.97,0.04,,,1,3.475,13.41,55층 683㎡(51.0×13.4m)
단일,5 미세조정,55,55,185.5,93,37,44,17,49,37580,400.0,11913,49493,753,8.02,0.03,,,1,3.47,11.93,55층 683㎡(57.3×11.9m)
단일,1b 층수·세장비,53,53,178.9,93,34,44,12,49,37580,400.0,11838,49418,782,8.32,0.071,,,1,3.468,11.91,53층 709㎡(59.5×11.9m)
단일,1b 층수·세장비,53,53,178.9,93,36,44,11,49,37580,400.0,10255,47835,772,8.21,0.066,,,1,3.467,15.37,53층 709㎡(46.1×15.4m)
2개동,5 미세조정,54+54,54,182.2,93,40,44,20,49,37580,400.0,13413,50993,775,8.25,0.061,4.2,1.05,2,3.453,14.66,54층 348㎡(23.7×14.7m) + 54층 348㎡(23.7×14.7m)
단일,5 미세조정,52,52,175.6,94,37,44,17,50,37580,400.0,11570,49150,795,8.46,0.029,,,1,3.472,12.27,52층 723㎡(58.9×12.3m)
단일,5 미세조정,55,55,185.5,94,35,44,15,50,37580,400.0,12209,49789,755,8.04,0.037,,,1,3.47,11.48,55층 683㎡(59.5×11.5m)
단일,5 미세조정,50,50,169.0,94,37,44,17,50,37580,400.0,11337,48917,825,8.78,0.039,,,1,3.462,12.51,50층 752㎡(60.1×12.5m)
단일,5 미세조정,53,53,178.9,94,37,44,14,50,37580,400.0,11501,49081,779,8.3,0.068,,,1,3.462,12.47,53층 709㎡(56.9×12.5m)
2개동,5 미세조정,52+52,52,175.6,94,40,44,20,50,37580,400.0,12885,50465,801,8.53,0.03,6.5,1.62,2,3.444,16.83,52층 361㎡(21.5×16.8m) + 52층 361㎡(21.5×16.8m)
단일,5 미세조정,47,47,159.1,78,38,45,22,33,37580,400.0,9401,46981,864,9.2,0.035,,,1,3.579,17.21,47층 800㎡(46.5×17.2m)
단일,5 미세조정,50,50,169.0,80,31,45,11,35,37580,400.0,10576,48156,820,8.73,0.071,,,1,3.498,14.06,50층 752㎡(53.4×14.1m)
단일,5 미세조정,53,53,178.9,81,32,45,12,36,37580,400.0,10750,48330,775,8.25,0.091,,,1,3.508,14.01,53층 709㎡(50.6×14.0m)
단일,5 미세조정,53,53,178.9,81,31,45,12,36,37580,400.0,11501,49081,779,8.3,0.087,,,1,3.498,12.47,53층 709㎡(56.9×12.5m)
단일,5 미세조정,44,44,149.2,82,33,45,13,37,37580,400.0,10040,47620,928,9.88,0.041,,,1,3.484,14.61,44층 854㎡(58.4×14.6m)
단일,5 미세조정,50,50,169.0,83,36,45,17,38,37580,400.0,9828,47408,815,8.68,0.051,,,1,3.516,16.24,50층 752㎡(46.3×16.2m)
단일,5 미세조정,49,49,165.7,83,36,45,17,38,37580,400.0,10155,47735,834,8.88,0.04,,,1,3.502,15.02,49층 767㎡(51.1×15.0m)
단일,5 미세조정,47,47,159.1,83,34,45,14,38,37580,400.0,10391,47971,871,9.27,0.046,,,1,3.497,14.14,47층 800㎡(56.6×14.1m)
단일,5 미세조정,47,47,159.1,83,33,45,13,38,37580,400.0,10391,47971,871,9.27,0.035,,,1,3.494,14.14,47층 800㎡(56.6×14.1m)
단일,1b 층수·세장비,47,47,159.1,84,31,45,11,39,37580,400.0,9631,47211,866,9.22,0.102,,,1,3.502,16.33,47층 800㎡(49.0×16.3m)
단일,5 미세조정,55,55,185.5,85,33,45,14,40,37580,400.0,10083,47663,742,7.9,0.065,,,1,3.521,16.37,55층 683㎡(41.7×16.4m)
단일,1b 층수·세장비,53,53,178.9,85,33,45,13,40,37580,400.0,9458,47038,767,8.16,0.099,,,1,3.498,18.83,53층 709㎡(37.7×18.8m)
단일,5 미세조정,55,55,185.5,87,38,45,19,42,37580,400.0,10455,48035,745,7.93,0.062,,,1,3.51,15.09,55층 683㎡(45.3×15.1m)
단일,5 미세조정,50,50,169.0,87,31,45,12,42,37580,400.0,9592,47172,814,8.66,0.078,,,1,3.507,17.17,50층 752㎡(43.8×17.2m)
단일,1b 층수·세장비,41,41,139.3,87,35,45,15,42,37580,400.0,9679,47259,993,10.57,0.072,,,1,3.484,15.14,41층 917㎡(60.6×15.1m)
단일,5 미세조정,52,52,175.6,88,37,45,17,43,37580,400.0,10347,47927,787,8.38,0.074,,,1,3.509,14.93,52층 723㎡(48.4×14.9m)
단일,1b 층수·세장비,53,53,178.9,89,36,45,11,44,37580,400.0,9458,47038,767,8.16,0.096,,,1,3.485,18.83,53층 709㎡(37.7×18.8m)
단일,5 미세조정,54,54,182.2,90,38,45,19,45,37580,400.0,10232,47812,757,8.06,0.041,,,1,3.51,15.63,54층 696㎡(44.5×15.6m)
단일,5 미세조정,54,54,182.2,91,37,45,16,46,37580,400.0,9987,47567,756,8.04,0.13,,,1,3.505,16.52,54층 696㎡(42.1×16.5m)
단일,5 미세조정,52,52,175.6,91,43,45,20,46,37580,400.0,10475,48055,788,8.39,0.084,,,1,3.495,14.58,52층 723㎡(49.6×14.6m)
단일,5 미세조정,44,44,149.2,91,33,45,11,46,37580,400.0,9895,47475,927,9.87,0.084,,,1,3.479,14.99,44층 854㎡(57.0×15.0m)
단일,5 미세조정,44,44,149.2,91,34,45,13,46,37580,400.0,10609,48189,932,9.93,0.061,,,1,3.462,13.34,44층 854㎡(64.0×13.3m)
단일,1b 층수·세장비,47,47,159.1,92,37,45,15,47,37580,400.0,9249,46829,863,9.19,0.136,,,1,3.496,17.88,47층 800㎡(44.7×17.9m)
단일,5 미세조정,45,45,152.5,92,34,45,11,47,37580,400.0,9714,47294,905,9.63,0.052,,,1,3.482,15.67,45층 835㎡(53.3×15.7m)
단일,5 미세조정,53,53,178.9,92,38,45,16,47,37580,400.0,11125,48705,777,8.27,0.08,,,1,3.469,13.18,53층 709㎡(53.8×13.2m)
단일,1a 방위·위치,47,47,159.1,93,37,45,17,48,37580,400.0,9631,47211,866,9.22,0.048,,,1,3.493,16.33,47층 800㎡(49.0×16.3m)
단일,5 미세조정,51,51,172.3,93,36,45,14,48,37580,400.0,10686,48266,805,8.57,0.083,,,1,3.473,13.93,51층 737㎡(52.9×13.9m)
단일,5 미세조정,53,53,178.9,93,36,45,16,48,37580,400.0,11125,48705,777,8.27,0.073,,,1,3.469,13.18,53층 709㎡(53.8×13.2m)
2개동,5 미세조정,53+53,53,178.9,93,32,45,12,48,37580,400.0,13279,50859,789,8.39,0.037,4.4,1.09,2,3.468,14.79,53층 355㎡(24.0×14.8m) + 53층 355㎡(24.0×14.8m)
2개동,5 미세조정,55+55,55,185.5,93,33,45,14,48,37580,400.0,13546,51126,761,8.1,0.042,5.0,1.26,2,3.468,14.52,55층 342㎡(23.5×14.5m) + 55층 342㎡(23.5×14.5m)
2개동,5 미세조정,55+55,55,185.5,93,39,45,18,48,37580,400.0,13441,51021,761,8.1,0.059,4.8,1.19,2,3.449,15.09,55층 342㎡(22.6×15.1m) + 55층 342㎡(22.6×15.1m)
단일,5 미세조정,51,51,172.3,93,37,45,17,48,37580,400.0,12157,49737,814,8.67,0.046,,,1,3.44,11.31,51층 737㎡(65.1×11.3m)
단일,1b 층수·세장비,44,44,149.2,94,33,45,12,49,37580,400.0,8935,46515,920,9.79,0.094,,,1,3.482,18.48,44층 854㎡(46.2×18.5m)
단일,5 미세조정,54,54,182.2,94,35,45,15,49,37580,400.0,11234,48814,763,8.12,0.053,,,1,3.482,13.06,54층 696㎡(53.3×13.1m)
단일,5 미세조정,53,53,178.9,94,36,45,15,49,37580,400.0,11501,49081,779,8.3,0.078,,,1,3.468,12.47,53층 709㎡(56.9×12.5m)
단일,1b 층수·세장비,53,53,178.9,94,35,45,11,49,37580,400.0,9849,47429,769,8.19,0.113,,,1,3.467,16.84,53층 709㎡(42.1×16.8m)
2개동,5 미세조정,52+52,52,175.6,94,36,45,16,49,37580,400.0,13042,50622,802,8.54,0.034,5.0,1.26,2,3.461,15.52,52층 361㎡(23.3×15.5m) + 52층 361㎡(23.3×15.5m)
2개동,5 미세조정,52+52,52,175.6,94,32,45,12,49,37580,400.0,13042,50622,802,8.54,0.035,4.7,1.17,2,3.459,15.52,52층 361㎡(23.3×15.5m) + 52층 361㎡(23.3×15.5m)
2개동,5 미세조정,52+52,52,175.6,94,35,45,15,49,37580,400.0,13042,50622,802,8.54,0.049,4.7,1.17,2,3.455,15.52,52층 361㎡(23.3×15.5m) + 52층 361㎡(23.3×15.5m)
2개동,5 미세조정,54+54,54,182.2,94,41,45,21,49,37580,400.0,13149,50729,773,8.23,0.092,7.6,1.89,2,3.451,16.52,54층 348㎡(21.1×16.5m) + 54층 348㎡(21.1×16.5m)
단일,5 미세조정,54,54,182.2,94,35,45,14,49,37580,400.0,12523,50103,771,8.21,0.06,,,1,3.451,10.99,54층 696㎡(63.3×11.0m)
단일,5 미세조정,55,55,185.5,94,35,45,14,49,37580,400.0,12643,50223,758,8.07,0.061,,,1,3.451,10.89,55층 683㎡(62.7×10.9m)
단일,5 미세조정,54,54,182.2,94,37,45,17,49,37580,400.0,12523,50103,771,8.21,0.05,,,1,3.444,10.99,54층 696㎡(63.3×11.0m)
단일,5 미세조정,50,50,169.0,95,37,45,17,50,37580,400.0,11157,48737,824,8.77,0.029,,,1,3.473,12.84,50층 752㎡(58.5×12.8m)
단일,5 미세조정,47,47,159.1,95,35,45,13,50,37580,400.0,10391,47971,871,9.27,0.083,,,1,3.472,14.14,47층 800㎡(56.6×14.1m)
단일,5 미세조정,49,49,165.7,95,36,45,16,50,37580,400.0,10618,48198,837,8.91,0.071,,,1,3.47,13.85,49층 767㎡(55.4×13.8m)
단일,5 미세조정,55,55,185.5,95,35,45,15,50,37580,400.0,12209,49789,755,8.04,0.053,,,1,3.466,11.48,55층 683㎡(59.5×11.5m)
단일,5 미세조정,52,52,175.6,95,36,45,11,50,37580,400.0,10475,48055,788,8.39,0.047,,,1,3.462,14.58,52층 723㎡(49.6×14.6m)
단일,5 미세조정,52,52,175.6,95,37,45,17,50,37580,400.0,11570,49150,795,8.46,0.06,,,1,3.462,12.27,52층 723㎡(58.9×12.3m)
단일,5 미세조정,50,50,169.0,95,36,45,16,50,37580,400.0,11157,48737,824,8.77,0.062,,,1,3.461,12.84,50층 752㎡(58.5×12.8m)
단일,5 미세조정,54,54,182.2,95,36,45,14,50,37580,400.0,12093,49673,769,8.18,0.058,,,1,3.457,11.59,54층 696㎡(60.1×11.6m)
단일,5 미세조정,52,52,175.6,95,36,45,14,50,37580,400.0,12280,49860,799,8.51,0.047,,,1,3.446,11.2,52층 723㎡(64.5×11.2m)
단일,5 미세조정,53,53,178.9,96,36,45,11,51,37580,400.0,10902,48482,776,8.26,0.026,,,1,3.455,13.66,53층 709㎡(51.9×13.7m)
단일,5 미세조정,52,52,175.6,76,38,46,22,30,37580,400.0,9911,47491,784,8.35,0.036,,,1,3.591,16.36,52층 723㎡(44.2×16.4m)
단일,5 미세조정,55,55,185.5,80,35,46,16,34,37580,400.0,11535,49115,751,8.0,0.051,,,1,3.519,12.58,55층 683㎡(54.3×12.6m)
단일,5 미세조정,53,53,178.9,81,33,46,14,35,37580,400.0,11314,48894,778,8.28,0.055,,,1,3.508,12.81,53층 709㎡(55.3×12.8m)
단일,1b 층수·세장비,47,47,159.1,81,36,46,17,35,37580,400.0,11121,48701,876,9.33,0.029,,,1,3.49,12.65,47층 800㎡(63.2×12.6m)
단일,5 미세조정,54,54,182.2,82,32,46,12,36,37580,400.0,11009,48589,762,8.11,0.076,,,1,3.509,13.53,54층 696㎡(51.4×13.5m)
단일,1b 층수·세장비,53,53,178.9,82,33,46,11,36,37580,400.0,9849,47429,769,8.19,0.078,,,1,3.508,16.84,53층 709㎡(42.1×16.8m)
단일,5 미세조정,54,54,182.2,82,32,46,13,36,37580,400.0,11800,49380,767,8.16,0.07,,,1,3.507,12.04,54층 696㎡(57.8×12.0m)
단일,5 미세조정,55,55,185.5,83,34,46,15,37,37580,400.0,11115,48695,749,7.97,0.042,,,1,3.516,13.41,55층 683㎡(51.0×13.4m)
단일,1b 층수·세장비,55,55,185.5,83,33,46,11,37,37580,400.0,10042,47622,742,7.9,0.075,,,1,3.506,16.53,55층 683㎡(41.3×16.5m)
단일,5 미세조정,52,52,175.6,83,34,46,11,37,37580,400.0,10475,48055,788,8.39,0.053,,,1,3.5,14.58,52층 723㎡(49.6×14.6m)
단일,1a 방위·위치,47,47,159.1,83,34,46,11,37,37580,400.0,9631,47211,866,9.22,0.049,,,1,3.497,16.33,47층 800㎡(49.0×16.3m)
단일,5 미세조정,51,51,172.3,84,32,46,12,38,37580,400.0,10370,47950,803,8.54,0.089,,,1,3.506,14.72,51층 737㎡(50.1×14.7m)
단일,5 미세조정,46,46,155.8,84,34,46,14,38,37580,400.0,10275,47855,889,9.47,0.045,,,1,3.496,14.29,46층 817㎡(57.2×14.3m)
단일,5 미세조정,53,53,178.9,85,32,46,12,39,37580,400.0,9889,47469,769,8.19,0.105,,,1,3.508,16.68,53층 709㎡(42.5×16.7m)
단일,5 미세조정,52,52,175.6,85,31,46,12,39,37580,400.0,10794,48374,790,8.41,0.083,,,1,3.506,13.79,52층 723㎡(52.4×13.8m)
단일,5 미세조정,53,53,178.9,86,33,46,14,40,37580,400.0,10902,48482,776,8.26,0.074,,,1,3.507,13.66,53층 709㎡(51.9×13.7m)
단일,5 미세조정,52,52,175.6,86,33,46,14,40,37580,400.0,11015,48595,791,8.42,0.061,,,1,3.506,13.31,52층 723㎡(54.3×13.3m)
단일,5 미세조정,53,53,178.9,86,33,46,14,40,37580,400.0,11125,48705,777,8.27,0.063,,,1,3.505,13.18,53층 709㎡(53.8×13.2m)
단일,5 미세조정,51,51,172.3,87,33,46,14,41,37580,400.0,10686,48266,805,8.57,0.053,,,1,3.502,13.93,51층 737㎡(52.9×13.9m)
단일,5 미세조정,49,49,165.7,88,32,46,12,42,37580,400.0,10465,48045,836,8.9,0.106,,,1,3.497,14.21,49층 767㎡(54.0×14.2m)
단일,5 미세조정,47,47,159.1,88,36,46,15,42,37580,400.0,10240,47820,870,9.26,0.069,,,1,3.49,14.51,47층 800㎡(55.1×14.5m)
단일,5 미세조정,54,54,182.2,88,39,46,14,42,37580,400.0,10684,48264,760,8.09,0.039,,,1,3.478,14.31,54층 696㎡(48.6×14.3m)
단일,5 미세조정,53,53,178.9,89,38,46,19,43,37580,400.0,10255,47835,772,8.21,0.059,,,1,3.512,15.37,53층 709㎡(46.1×15.4m)
단일,5 미세조정,53,53,178.9,89,34,46,14,43,37580,400.0,10133,47713,771,8.2,0.116,,,1,3.509,15.77,53층 709㎡(45.0×15.8m)
단일,5 미세조정,51,51,172.3,89,34,46,14,43,37580,400.0,10050,47630,801,8.52,0.108,,,1,3.508,15.67,51층 737㎡(47.0×15.7m)
단일,5 미세조정,54,54,182.2,89,37,46,17,43,37580,400.0,11613,49193,766,8.15,0.061,,,1,3.456,12.35,54층 696㎡(56.3×12.4m)
단일,5 미세조정,53,53,178.9,90,39,46,14,44,37580,400.0,10580,48160,774,8.23,0.055,,,1,3.476,14.44,53층 709㎡(49.1×14.4m)
단일,5 미세조정,51,51,172.3,90,37,46,17,44,37580,400.0,10686,48266,805,8.57,0.049,,,1,3.473,13.93,51층 737㎡(52.9×13.9m)
단일,1b 층수·세장비,53,53,178.9,94,46,46,22,48,37580,400.0,10255,47835,772,8.21,0.088,,,1,3.493,15.37,53층 709㎡(46.1×15.4m)
단일,1b 층수·세장비,55,55,185.5,94,44,46,22,48,37580,400.0,11278,48858,750,7.98,0.104,,,1,3.489,13.07,55층 683㎡(52.3×13.1m)
단일,5 미세조정,48,48,162.4,94,35,46,14,48,37580,400.0,10047,47627,851,9.05,0.096,,,1,3.477,15.17,48층 783㎡(51.6×15.2m)
단일,5 미세조정,47,47,159.1,94,36,46,14,48,37580,400.0,10391,47971,871,9.27,0.08,,,1,3.469,14.14,47층 800㎡(56.6×14.1m)
2개동,5 미세조정,52+52,52,175.6,94,31,46,12,48,37580,400.0,12984,50564,802,8.54,0.044,5.9,1.47,2,3.462,15.92,52층 361㎡(22.7×15.9m) + 52층 361㎡(22.7×15.9m)
단일,5 미세조정,49,49,165.7,94,35,46,14,48,37580,400.0,11218,48798,841,8.95,0.065,,,1,3.459,12.64,49층 767㎡(60.7×12.6m)
2개동,5 미세조정,55+55,55,185.5,94,32,46,12,48,37580,400.0,13279,50859,760,8.09,0.048,7.7,1.92,2,3.456,16.37,55층 342㎡(20.9×16.4m) + 55층 342㎡(20.9×16.4m)
단일,5 미세조정,55,55,185.5,95,37,46,12,49,37580,400.0,10787,48367,747,7.95,0.064,,,1,3.481,14.18,55층 683㎡(48.2×14.2m)
단일,5 미세조정,54,54,182.2,95,41,46,16,49,37580,400.0,11170,48750,763,8.12,0.039,,,1,3.477,13.19,54층 696㎡(52.8×13.2m)
단일,1b 층수·세장비,53,53,178.9,95,36,46,14,49,37580,400.0,9849,47429,769,8.19,0.094,,,1,3.476,16.84,53층 709㎡(42.1×16.8m)
단일,5 미세조정,50,50,169.0,95,36,46,16,49,37580,400.0,10137,47717,817,8.7,0.08,,,1,3.475,15.23,50층 752㎡(49.3×15.2m)
단일,5 미세조정,51,51,172.3,95,37,46,17,49,37580,400.0,10528,48108,804,8.55,0.074,,,1,3.472,14.31,51층 737㎡(51.5×14.3m)
단일,1b 층수·세장비,55,55,185.5,95,34,46,12,49,37580,400.0,10455,48035,745,7.93,0.086,,,1,3.462,15.09,55층 683㎡(45.3×15.1m)
단일,5 미세조정,55,55,185.5,95,38,46,14,49,37580,400.0,11278,48858,750,7.98,0.084,,,1,3.459,13.07,55층 683㎡(52.3×13.1m)
2개동,5 미세조정,53+53,53,178.9,95,42,46,22,49,37580,400.0,13279,50859,789,8.39,0.088,4.4,1.09,2,3.458,14.79,53층 355㎡(24.0×14.8m) + 53층 355㎡(24.0×14.8m)
2개동,5 미세조정,52+52,52,175.6,95,41,46,21,49,37580,400.0,12885,50465,801,8.53,0.068,7.2,1.79,2,3.452,16.83,52층 361㎡(21.5×16.8m) + 52층 361㎡(21.5×16.8m)
2개동,5 미세조정,52+52,52,175.6,95,40,46,20,49,37580,400.0,12984,50564,802,8.54,0.069,5.6,1.41,2,3.45,15.92,52층 361㎡(22.7×15.9m) + 52층 361㎡(22.7×15.9m)
단일,5 미세조정,52,52,175.6,95,37,46,17,49,37580,400.0,12280,49860,799,8.51,0.048,,,1,3.441,11.2,52층 723㎡(64.5×11.2m)
단일,5 미세조정,51,51,172.3,95,37,46,16,49,37580,400.0,12157,49737,814,8.67,0.059,,,1,3.439,11.31,51층 737㎡(65.1×11.3m)
단일,5 미세조정,51,51,172.3,96,35,46,15,50,37580,400.0,11273,48853,809,8.61,0.059,,,1,3.475,12.71,51층 737㎡(58.0×12.7m)
단일,5 미세조정,47,47,159.1,96,36,46,16,50,37580,400.0,10391,47971,871,9.27,0.05,,,1,3.471,14.14,47층 800㎡(56.6×14.1m)
단일,5 미세조정,49,49,165.7,96,36,46,16,50,37580,400.0,10679,48259,838,8.92,0.051,,,1,3.47,13.71,49층 767㎡(55.9×13.7m)
단일,5 미세조정,54,54,182.2,96,35,46,15,50,37580,400.0,12093,49673,769,8.18,0.035,,,1,3.466,11.59,54층 696㎡(60.1×11.6m)
단일,5 미세조정,51,51,172.3,96,37,46,17,50,37580,400.0,11739,49319,812,8.64,0.052,,,1,3.456,11.92,51층 737㎡(61.8×11.9m)
단일,5 미세조정,51,51,172.3,96,37,46,17,50,37580,400.0,12157,49737,814,8.67,0.028,,,1,3.448,11.31,51층 737㎡(65.1×11.3m)
단일,1b 층수·세장비,47,47,159.1,79,38,47,22,32,37580,400.0,9631,47211,866,9.22,0.032,,,1,3.565,16.33,47층 800㎡(49.0×16.3m)
단일,5 미세조정,53,53,178.9,80,38,47,22,33,37580,400.0,10255,47835,772,8.21,0.043,,,1,3.549,15.37,53층 709㎡(46.1×15.4m)
단일,5 미세조정,51,51,172.3,81,38,47,22,34,37580,400.0,10050,47630,801,8.52,0.036,,,1,3.554,15.67,51층 737㎡(47.0×15.7m)
단일,5 미세조정,51,51,172.3,81,38,47,22,34,37580,400.0,10050,47630,801,8.52,0.043,,,1,3.548,15.67,51층 737㎡(47.0×15.7m)
단일,5 미세조정,55,55,185.5,83,33,47,14,36,37580,400.0,10787,48367,747,7.95,0.084,,,1,3.518,14.18,55층 683㎡(48.2×14.2m)
단일,5 미세조정,55,55,185.5,83,33,47,14,36,37580,400.0,11115,48695,749,7.97,0.082,,,1,3.515,13.41,55층 683㎡(51.0×13.4m)
단일,5 미세조정,54,54,182.2,83,33,47,14,36,37580,400.0,11009,48589,762,8.11,0.074,,,1,3.514,13.53,54층 696㎡(51.4×13.5m)
단일,5 미세조정,54,54,182.2,83,33,47,14,36,37580,400.0,11170,48750,763,8.12,0.082,,,1,3.513,13.19,54층 696㎡(52.8×13.2m)
단일,5 미세조정,55,55,185.5,83,33,47,14,36,37580,400.0,11342,48922,750,7.98,0.076,,,1,3.513,12.94,55층 683㎡(52.8×12.9m)
단일,5 미세조정,51,51,172.3,83,33,47,14,36,37580,400.0,10528,48108,804,8.55,0.07,,,1,3.509,14.31,51층 737㎡(51.5×14.3m)
단일,5 미세조정,53,53,178.9,83,33,47,14,36,37580,400.0,11144,48724,777,8.27,0.069,,,1,3.508,13.14,53층 709㎡(53.9×13.1m)
단일,5 미세조정,50,50,169.0,83,32,47,12,36,37580,400.0,10792,48372,822,8.74,0.091,,,1,3.5,13.57,50층 752㎡(55.4×13.6m)
단일,5 미세조정,51,51,172.3,84,33,47,14,37,37580,400.0,9931,47511,800,8.51,0.093,,,1,3.51,16.08,51층 737㎡(45.8×16.1m)
단일,5 미세조정,50,50,169.0,84,32,47,13,37,37580,400.0,10428,48008,819,8.72,0.081,,,1,3.508,14.43,50층 752㎡(52.1×14.4m)
단일,5 미세조정,55,55,185.5,85,35,47,16,38,37580,400.0,10787,48367,747,7.95,0.053,,,1,3.519,14.18,55층 683㎡(48.2×14.2m)
단일,5 미세조정,51,51,172.3,85,36,47,17,38,37580,400.0,10050,47630,801,8.52,0.072,,,1,3.517,15.67,51층 737㎡(47.0×15.7m)
단일,5 미세조정,47,47,159.1,85,36,47,17,38,37580,400.0,9937,47517,868,9.24,0.038,,,1,3.504,15.34,47층 800㎡(52.1×15.3m)
단일,5 미세조정,46,46,155.8,85,35,47,16,38,37580,400.0,10510,48090,891,9.49,0.051,,,1,3.499,13.75,46층 817㎡(59.4×13.8m)
단일,5 미세조정,46,46,155.8,85,31,47,11,38,37580,400.0,10126,47706,888,9.46,0.083,,,1,3.495,14.66,46층 817㎡(55.7×14.7m)
단일,1b 층수·세장비,47,47,159.1,85,36,47,17,38,37580,400.0,9249,46829,863,9.19,0.059,,,1,3.483,17.88,47층 800㎡(44.7×17.9m)
단일,1b 층수·세장비,41,41,139.3,86,31,47,11,39,37580,400.0,8969,46549,988,10.51,0.095,,,1,3.497,17.48,41층 917㎡(52.4×17.5m)
단일,5 미세조정,52,52,175.6,87,39,47,17,40,37580,400.0,10475,48055,788,8.39,0.057,,,1,3.47,14.58,52층 723㎡(49.6×14.6m)
단일,5 미세조정,51,51,172.3,88,31,47,12,41,37580,400.0,10370,47950,803,8.54,0.086,,,1,3.506,14.72,51층 737㎡(50.1×14.7m)
단일,1b 층수·세장비,44,44,149.2,88,31,47,12,41,37580,400.0,10040,47620,928,9.88,0.067,,,1,3.492,14.61,44층 854㎡(58.4×14.6m)
단일,1b 층수·세장비,47,47,159.1,88,36,47,17,41,37580,400.0,8881,46461,861,9.16,0.034,,,1,3.488,19.99,47층 800㎡(40.0×20.0m)
단일,5 미세조정,53,53,178.9,89,37,47,17,42,37580,400.0,10442,48022,773,8.22,0.09,,,1,3.511,14.82,53층 709㎡(47.9×14.8m)
단일,5 미세조정,54,54,182.2,89,39,47,17,42,37580,400.0,11009,48589,762,8.11,0.065,,,1,3.471,13.53,54층 696㎡(51.4×13.5m)
단일,5 미세조정,51,51,172.3,89,39,47,17,42,37580,400.0,10904,48484,806,8.58,0.053,,,1,3.463,13.44,51층 737㎡(54.8×13.4m)
단일,5 미세조정,55,55,185.5,90,37,47,17,43,37580,400.0,10083,47663,742,7.9,0.079,,,1,3.512,16.37,55층 683㎡(41.7×16.4m)
단일,5 미세조정,50,50,169.0,90,35,47,15,43,37580,400.0,9828,47408,815,8.68,0.086,,,1,3.508,16.24,50층 752㎡(46.3×16.2m)
단일,5 미세조정,52,52,175.6,91,39,47,20,44,37580,400.0,11570,49150,795,8.46,0.05,,,1,3.487,12.27,52층 723㎡(58.9×12.3m)
단일,5 미세조정,50,50,169.0,92,37,47,17,45,37580,400.0,12033,49613,830,8.83,0.033,,,1,3.438,11.42,50층 752㎡(65.8×11.4m)
단일,1b 층수·세장비,47,47,159.1,93,37,47,16,46,37580,400.0,9631,47211,866,9.22,0.128,,,1,3.5,16.33,47층 800㎡(49.0×16.3m)
단일,5 미세조정,54,54,182.2,94,39,47,19,47,37580,400.0,10553,48133,759,8.08,0.082,,,1,3.506,14.66,54층 696㎡(47.5×14.7m)
단일,5 미세조정,54,54,182.2,94,39,47,19,47,37580,400.0,10232,47812,757,8.06,0.1,,,1,3.504,15.63,54층 696㎡(44.5×15.6m)
2개동,5 미세조정,52+52,52,175.6,94,38,47,18,47,37580,400.0,12885,50465,801,8.53,0.05,7.2,1.79,2,3.456,16.83,52층 361㎡(21.5×16.8m) + 52층 361㎡(21.5×16.8m)
단일,5 미세조정,50,50,169.0,95,37,47,17,48,37580,400.0,10428,48008,819,8.72,0.048,,,1,3.479,14.43,50층 752㎡(52.1×14.4m)
단일,5 미세조정,53,53,178.9,96,40,47,15,49,37580,400.0,11062,48642,777,8.27,0.038,,,1,3.473,13.31,53층 709㎡(53.3×13.3m)
단일,1b 층수·세장비,50,50,169.0,97,35,47,11,50,37580,400.0,9553,47133,813,8.66,0.114,,,1,3.468,17.34,50층 752㎡(43.3×17.3m)
단일,1b 층수·세장비,50,50,169.0,97,38,47,13,50,37580,400.0,10731,48311,821,8.74,0.047,,,1,3.451,13.71,50층 752㎡(54.8×13.7m)
단일,5 미세조정,52,52,175.6,97,38,47,14,50,37580,400.0,11570,49150,795,8.46,0.038,,,1,3.44,12.27,52층 723㎡(58.9×12.3m)
단일,1b 층수·세장비,50,50,169.0,97,38,47,14,50,37580,400.0,11484,49064,826,8.79,0.031,,,1,3.438,12.26,50층 752㎡(61.3×12.3m)
단일,5 미세조정,50,50,169.0,82,36,48,16,34,37580,400.0,10576,48156,820,8.73,0.024,,,1,3.499,14.06,50층 752㎡(53.4×14.1m)
단일,5 미세조정,48,48,162.4,82,36,48,16,34,37580,400.0,10353,47933,853,9.08,0.023,,,1,3.499,14.35,48층 783㎡(54.5×14.4m)
단일,5 미세조정,52,52,175.6,83,33,48,14,35,37580,400.0,11858,49438,797,8.48,0.051,,,1,3.495,11.81,52층 723㎡(61.2×11.8m)
단일,5 미세조정,51,51,172.3,84,32,48,13,36,37580,400.0,11090,48670,807,8.59,0.077,,,1,3.503,13.06,51층 737㎡(56.4×13.1m)
단일,5 미세조정,51,51,172.3,84,32,48,13,36,37580,400.0,11090,48670,807,8.59,0.067,,,1,3.499,13.06,51층 737㎡(56.4×13.1m)
단일,1b 층수·세장비,47,47,159.1,87,36,48,14,39,37580,400.0,9249,46829,863,9.19,0.069,,,1,3.49,17.88,47층 800㎡(44.7×17.9m)
단일,5 미세조정,55,55,185.5,87,40,48,16,39,37580,400.0,10787,48367,747,7.95,0.053,,,1,3.475,14.18,55층 683㎡(48.2×14.2m)
단일,5 미세조정,55,55,185.5,88,35,48,15,40,37580,400.0,11115,48695,749,7.97,0.098,,,1,3.505,13.41,55층 683㎡(51.0×13.4m)
단일,5 미세조정,53,53,178.9,89,34,48,14,41,37580,400.0,10255,47835,772,8.21,0.116,,,1,3.506,15.37,53층 709㎡(46.1×15.4m)
단일,5 미세조정,47,47,159.1,90,32,48,12,42,37580,400.0,9937,47517,868,9.24,0.11,,,1,3.494,15.34,47층 800㎡(52.1×15.3m)
단일,5 미세조정,50,50,169.0,90,38,48,14,42,37580,400.0,10576,48156,820,8.73,0.031,,,1,3.471,14.06,50층 752㎡(53.4×14.1m)
단일,1b 층수·세장비,47,47,159.1,91,31,48,12,43,37580,400.0,9249,46829,863,9.19,0.074,,,1,3.505,17.88,47층 800㎡(44.7×17.9m)
단일,5 미세조정,54,54,182.2,91,38,48,18,43,37580,400.0,10684,48264,760,8.09,0.106,,,1,3.501,14.31,54층 696㎡(48.6×14.3m)
단일,5 미세조정,53,53,178.9,91,38,48,18,43,37580,400.0,11125,48705,777,8.27,0.106,,,1,3.5,13.18,53층 709㎡(53.8×13.2m)
단일,5 미세조정,52,52,175.6,92,38,48,18,44,37580,400.0,11387,48967,794,8.45,0.059,,,1,3.489,12.59,52층 723㎡(57.4×12.6m)
단일,1b 층수·세장비,47,47,159.1,95,43,48,22,47,37580,400.0,10391,47971,871,9.27,0.11,,,1,3.486,14.14,47층 800㎡(56.6×14.1m)
2개동,5 미세조정,52+52,52,175.6,95,34,48,15,47,37580,400.0,13042,50622,802,8.54,0.049,5.4,1.34,2,3.47,15.52,52층 361㎡(23.3×15.5m) + 52층 361㎡(23.3×15.5m)
단일,5 미세조정,53,53,178.9,95,37,48,17,47,37580,400.0,11685,49265,781,8.31,0.071,,,1,3.463,12.15,53층 709㎡(58.3×12.2m)
단일,1b 층수·세장비,55,55,185.5,96,45,48,21,48,37580,400.0,11278,48858,750,7.98,0.057,,,1,3.486,13.07,55층 683㎡(52.3×13.1m)
단일,1b 층수·세장비,50,50,169.0,96,32,48,13,48,37580,400.0,8844,46424,809,8.61,0.045,,,1,3.485,22.38,50층 752㎡(33.6×22.4m)
2개동,2개동,55+55,55,185.5,96,42,48,22,48,37580,400.0,13441,51021,761,8.1,0.036,6.0,1.5,2,3.467,15.09,55층 342㎡(22.6×15.1m) + 55층 342㎡(22.6×15.1m)
2개동,5 미세조정,53+53,53,178.9,96,43,48,22,48,37580,400.0,13279,50859,789,8.39,0.096,4.7,1.17,2,3.466,14.79,53층 355㎡(24.0×14.8m) + 53층 355㎡(24.0×14.8m)
2개동,5 미세조정,54+54,54,182.2,96,43,48,22,48,37580,400.0,13413,50993,775,8.25,0.096,4.9,1.22,2,3.464,14.66,54층 348㎡(23.7×14.7m) + 54층 348㎡(23.7×14.7m)
단일,1b 층수·세장비,50,50,169.0,97,46,48,21,49,37580,400.0,9947,47527,816,8.68,0.075,,,1,3.489,15.83,50층 752㎡(47.5×15.8m)
2개동,5 미세조정,55+55,55,185.5,97,42,48,21,49,37580,400.0,13441,51021,761,8.1,0.076,5.7,1.42,2,3.452,15.09,55층 342㎡(22.6×15.1m) + 55층 342㎡(22.6×15.1m)
2개동,5 미세조정,52+52,52,175.6,97,42,48,22,49,37580,400.0,12984,50564,802,8.54,0.083,5.9,1.49,2,3.451,15.92,52층 361㎡(22.7×15.9m) + 52층 361㎡(22.7×15.9m)
2개동,5 미세조정,53+53,53,178.9,97,43,48,22,49,37580,400.0,13018,50598,787,8.38,0.104,7.4,1.84,2,3.443,16.68,53층 355㎡(21.3×16.7m) + 53층 355㎡(21.3×16.7m)
2개동,5 미세조정,53+53,53,178.9,97,33,48,13,49,37580,400.0,13018,50598,787,8.38,0.048,6.2,1.54,2,3.44,16.68,53층 355㎡(21.3×16.7m) + 53층 355㎡(21.3×16.7m)
단일,1b 층수·세장비,53,53,178.9,98,44,48,22,50,37580,400.0,10255,47835,772,8.21,0.185,,,1,3.497,15.37,53층 709㎡(46.1×15.4m)
단일,1b 층수·세장비,44,44,149.2,98,35,48,15,50,37580,400.0,8935,46515,920,9.79,0.044,,,1,3.495,18.48,44층 854㎡(46.2×18.5m)
단일,1b 층수·세장비,55,55,185.5,98,47,48,22,50,37580,400.0,10042,47622,742,7.9,0.161,,,1,3.488,16.53,55층 683㎡(41.3×16.5m)
단일,1b 층수·세장비,53,53,178.9,98,38,48,18,50,37580,400.0,9119,46699,764,8.14,0.086,,,1,3.479,21.74,53층 709㎡(32.6×21.7m)
단일,5 미세조정,53,53,178.9,98,39,48,16,50,37580,400.0,11314,48894,778,8.28,0.075,,,1,3.447,12.81,53층 709㎡(55.3×12.8m)
단일,5 미세조정,54,54,182.2,86,33,49,14,37,37580,400.0,10553,48133,759,8.08,0.096,,,1,3.518,14.66,54층 696㎡(47.5×14.7m)
단일,5 미세조정,54,54,182.2,86,36,49,17,37,37580,400.0,11009,48589,762,8.11,0.061,,,1,3.515,13.53,54층 696㎡(51.4×13.5m)
단일,5 미세조정,49,49,165.7,87,39,49,16,38,37580,400.0,10618,48198,837,8.91,0.025,,,1,3.462,13.85,49층 767㎡(55.4×13.8m)
단일,5 미세조정,50,50,169.0,89,36,49,17,40,37580,400.0,9828,47408,815,8.68,0.032,,,1,3.478,16.24,50층 752㎡(46.3×16.2m)
단일,5 미세조정,46,46,155.8,89,39,49,17,40,37580,400.0,10510,48090,891,9.49,0.029,,,1,3.461,13.75,46층 817㎡(59.4×13.8m)
단일,5 미세조정,52,52,175.6,90,33,49,14,41,37580,400.0,10032,47612,785,8.36,0.08,,,1,3.51,15.92,52층 723㎡(45.4×15.9m)
단일,5 미세조정,54,54,182.2,92,38,49,18,43,37580,400.0,12093,49673,769,8.18,0.07,,,1,3.49,11.59,54층 696㎡(60.1×11.6m)
단일,1b 층수·세장비,41,41,139.3,92,35,49,15,43,37580,400.0,8969,46549,988,10.51,0.113,,,1,3.487,17.48,41층 917㎡(52.4×17.5m)
단일,5 미세조정,51,51,172.3,93,37,49,17,44,37580,400.0,10904,48484,806,8.58,0.065,,,1,3.462,13.44,51층 737㎡(54.8×13.4m)
단일,5 미세조정,51,51,172.3,94,37,49,17,45,37580,400.0,11090,48670,807,8.59,0.062,,,1,3.46,13.06,51층 737㎡(56.4×13.1m)
단일,1b 층수·세장비,44,44,149.2,96,38,49,18,47,37580,400.0,8935,46515,920,9.79,0.114,,,1,3.499,18.48,44층 854㎡(46.2×18.5m)
단일,1b 층수·세장비,50,50,169.0,97,36,49,11,48,37580,400.0,9174,46754,811,8.63,0.082,,,1,3.464,19.39,50층 752㎡(38.8×19.4m)
단일,1b 층수·세장비,44,44,149.2,97,36,49,11,48,37580,400.0,9305,46885,923,9.82,0.058,,,1,3.463,16.87,44층 854㎡(50.6×16.9m)
단일,1b 층수·세장비,55,55,185.5,98,46,49,20,49,37580,400.0,9644,47224,740,7.87,0.057,,,1,3.485,18.48,55층 683㎡(37.0×18.5m)
2개동,5 미세조정,52+52,52,175.6,98,42,49,21,49,37580,400.0,13042,50622,802,8.54,0.086,5.3,1.32,2,3.452,15.52,52층 361㎡(23.3×15.5m) + 52층 361㎡(23.3×15.5m)
2개동,5 미세조정,53+53,53,178.9,98,42,49,21,49,37580,400.0,13117,50697,788,8.38,0.078,5.9,1.46,2,3.452,15.77,53층 355㎡(22.5×15.8m) + 53층 355㎡(22.5×15.8m)
2개동,5 미세조정,54+54,54,182.2,98,42,49,21,49,37580,400.0,13309,50889,774,8.24,0.071,5.1,1.28,2,3.448,15.23,54층 348㎡(22.8×15.2m) + 54층 348㎡(22.8×15.2m)
2개동,5 미세조정,55+55,55,185.5,98,42,49,21,49,37580,400.0,13279,50859,760,8.09,0.08,7.5,1.86,2,3.442,16.37,55층 342㎡(20.9×16.4m) + 55층 342㎡(20.9×16.4m)
단일,1b 층수·세장비,47,47,159.1,99,36,49,11,50,37580,400.0,9631,47211,866,9.22,0.062,,,1,3.461,16.33,47층 800㎡(49.0×16.3m)
단일,5 미세조정,46,46,155.8,99,37,49,13,50,37580,400.0,9826,47406,886,9.43,0.078,,,1,3.46,15.5,46층 817㎡(52.7×15.5m)
2개동,5 미세조정,55+55,55,185.5,99,42,49,22,50,37580,400.0,13381,50961,760,8.09,0.047,6.3,1.57,2,3.455,15.48,55층 342㎡(22.1×15.5m) + 55층 342㎡(22.1×15.5m)
단일,5 미세조정,50,50,169.0,85,33,50,14,35,37580,400.0,11337,48917,825,8.78,0.052,,,1,3.495,12.51,50층 752㎡(60.1×12.5m)
단일,5 미세조정,52,52,175.6,86,33,50,14,36,37580,400.0,11202,48782,793,8.44,0.06,,,1,3.504,12.93,52층 723㎡(55.9×12.9m)
단일,5 미세조정,49,49,165.7,86,32,50,13,36,37580,400.0,10618,48198,837,8.91,0.079,,,1,3.503,13.85,49층 767㎡(55.4×13.8m)
단일,5 미세조정,54,54,182.2,87,33,50,13,37,37580,400.0,11425,49005,764,8.14,0.053,,,1,3.508,12.69,54층 696㎡(54.8×12.7m)
단일,5 미세조정,52,52,175.6,87,33,50,13,37,37580,400.0,10794,48374,790,8.41,0.065,,,1,3.507,13.79,52층 723㎡(52.4×13.8m)
단일,5 미세조정,54,54,182.2,87,33,50,11,37,37580,400.0,10684,48264,760,8.09,0.089,,,1,3.506,14.31,54층 696㎡(48.6×14.3m)
단일,5 미세조정,55,55,185.5,88,33,50,13,38,37580,400.0,11342,48922,750,7.98,0.099,,,1,3.506,12.94,55층 683㎡(52.8×12.9m)
단일,5 미세조정,53,53,178.9,88,33,50,13,38,37580,400.0,11685,49265,781,8.31,0.046,,,1,3.492,12.15,53층 709㎡(58.3×12.2m)
단일,5 미세조정,55,55,185.5,89,33,50,13,39,37580,400.0,11725,49305,752,8.01,0.096,,,1,3.499,12.24,55층 683㎡(55.8×12.2m)
단일,5 미세조정,54,54,182.2,93,35,50,16,43,37580,400.0,10356,47936,758,8.07,0.07,,,1,3.504,15.23,54층 696㎡(45.7×15.2m)
단일,5 미세조정,54,54,182.2,95,37,50,17,45,37580,400.0,10545,48125,759,8.08,0.086,,,1,3.475,14.68,54층 696㎡(47.4×14.7m)
단일,5 미세조정,53,53,178.9,95,37,50,17,45,37580,400.0,10442,48022,773,8.22,0.086,,,1,3.475,14.82,53층 709㎡(47.9×14.8m)
단일,5 미세조정,49,49,165.7,95,37,50,17,45,37580,400.0,10465,48045,836,8.9,0.067,,,1,3.468,14.21,49층 767㎡(54.0×14.2m)
단일,1b 층수·세장비,44,44,149.2,96,34,50,10,46,37580,400.0,8579,46159,917,9.76,0.09,,,1,3.476,20.67,44층 854㎡(41.3×20.7m)
단일,5 미세조정,48,48,162.4,97,37,50,17,47,37580,400.0,10047,47627,851,9.05,0.084,,,1,3.477,15.17,48층 783㎡(51.6×15.2m)
단일,1b 층수·세장비,47,47,159.1,98,37,50,17,48,37580,400.0,9631,47211,866,9.22,0.049,,,1,3.485,16.33,47층 800㎡(49.0×16.3m)
단일,1b 층수·세장비,47,47,159.1,98,37,50,17,48,37580,400.0,9249,46829,863,9.19,0.06,,,1,3.484,17.88,47층 800㎡(44.7×17.9m)
2개동,5 미세조정,55+55,55,185.5,99,43,50,22,49,37580,400.0,13546,51126,761,8.1,0.073,5.1,1.28,2,3.466,14.52,55층 342㎡(23.5×14.5m) + 55층 342㎡(23.5×14.5m)
단일,5 미세조정,49,49,165.7,99,37,50,17,49,37580,400.0,11041,48621,840,8.94,0.046,,,1,3.466,12.97,49층 767㎡(59.1×13.0m)
단일,5 미세조정,47,47,159.1,99,37,50,17,49,37580,400.0,10978,48558,875,9.32,0.057,,,1,3.459,12.91,47층 800㎡(62.0×12.9m)
단일,5 미세조정,46,46,155.8,99,37,50,17,49,37580,400.0,10856,48436,894,9.51,0.061,,,1,3.458,13.05,46층 817㎡(62.6×13.0m)
단일,1b 층수·세장비,47,47,159.1,99,37,50,17,49,37580,400.0,11121,48701,876,9.33,0.054,,,1,3.453,12.65,47층 800㎡(63.2×12.6m)
2개동,5 미세조정,52+52,52,175.6,99,42,50,21,49,37580,400.0,12885,50465,801,8.53,0.104,7.2,1.79,2,3.443,16.83,52층 361㎡(21.5×16.8m) + 52층 361㎡(21.5×16.8m)
단일,1b 층수·세장비,47,47,159.1,100,34,50,14,50,37580,400.0,9631,47211,866,9.22,0.039,,,1,3.49,16.33,47층 800㎡(49.0×16.3m)
단일,1b 층수·세장비,53,53,178.9,100,35,50,11,50,37580,400.0,9119,46699,764,8.14,0.133,,,1,3.456,21.74,53층 709㎡(32.6×21.7m)
2개동,5 미세조정,55+55,55,185.5,100,42,50,22,50,37580,400.0,13279,50859,760,8.09,0.041,7.8,1.94,2,3.454,16.37,55층 342㎡(20.9×16.4m) + 55층 342㎡(20.9×16.4m)
2개동,5 미세조정,55+55,55,185.5,100,42,50,22,50,37580,400.0,13279,50859,760,8.09,0.049,7.5,1.86,2,3.447,16.37,55층 342㎡(20.9×16.4m) + 55층 342㎡(20.9×16.4m)
단일,1b 층수·세장비,53,53,178.9,101,42,50,22,51,37580,400.0,11062,48642,777,8.27,0.081,,,1,3.49,13.31,53층 709㎡(53.3×13.3m)
단일,1b 층수·세장비,55,55,185.5,82,37,51,17,31,37580,400.0,11278,48858,750,7.98,0.022,,,1,3.517,13.07,55층 683㎡(52.3×13.1m)
단일,1b 층수·세장비,53,53,178.9,85,37,51,22,34,37580,400.0,11838,49418,782,8.32,0.018,,,1,3.471,11.91,53층 709㎡(59.5×11.9m)
단일,5 미세조정,53,53,178.9,87,38,51,22,36,37580,400.0,9553,47133,767,8.17,0.046,,,1,3.559,18.27,53층 709㎡(38.8×18.3m)
단일,5 미세조정,49,49,165.7,87,37,51,22,36,37580,400.0,9842,47422,832,8.85,0.039,,,1,3.544,15.99,49층 767㎡(48.0×16.0m)
단일,5 미세조정,50,50,169.0,87,37,51,22,36,37580,400.0,9947,47527,816,8.68,0.039,,,1,3.542,15.83,50층 752㎡(47.5×15.8m)
단일,5 미세조정,53,53,178.9,87,35,51,16,36,37580,400.0,10580,48160,774,8.23,0.063,,,1,3.511,14.44,53층 709㎡(49.1×14.4m)
단일,1b 층수·세장비,53,53,178.9,87,37,51,17,36,37580,400.0,9849,47429,769,8.19,0.049,,,1,3.51,16.84,53층 709㎡(42.1×16.8m)
단일,5 미세조정,53,53,178.9,87,31,51,11,36,37580,400.0,10902,48482,776,8.26,0.067,,,1,3.507,13.66,53층 709㎡(51.9×13.7m)
단일,5 미세조정,55,55,185.5,87,31,51,11,36,37580,400.0,11535,49115,751,8.0,0.062,,,1,3.504,12.58,55층 683㎡(54.3×12.6m)
단일,5 미세조정,48,48,162.4,88,33,51,14,37,37580,400.0,10745,48325,856,9.11,0.052,,,1,3.502,13.46,48층 783㎡(58.2×13.5m)
단일,5 미세조정,51,51,172.3,88,33,51,14,37,37580,400.0,11273,48853,809,8.61,0.052,,,1,3.501,12.71,51층 737㎡(58.0×12.7m)
단일,5 미세조정,51,51,172.3,88,31,51,11,37,37580,400.0,11090,48670,807,8.59,0.052,,,1,3.496,13.06,51층 737㎡(56.4×13.1m)
단일,5 미세조정,51,51,172.3,88,31,51,11,37,37580,400.0,10686,48266,805,8.57,0.09,,,1,3.495,13.93,51층 737㎡(52.9×13.9m)
단일,5 미세조정,50,50,169.0,88,31,51,11,37,37580,400.0,10731,48311,821,8.74,0.068,,,1,3.489,13.71,50층 752㎡(54.8×13.7m)
단일,5 미세조정,55,55,185.5,89,33,51,13,38,37580,400.0,11115,48695,749,7.97,0.1,,,1,3.507,13.41,55층 683㎡(51.0×13.4m)
단일,5 미세조정,46,46,155.8,89,35,51,16,38,37580,400.0,9826,47406,886,9.43,0.057,,,1,3.505,15.5,46층 817㎡(52.7×15.5m)
단일,5 미세조정,51,51,172.3,89,33,51,13,38,37580,400.0,11090,48670,807,8.59,0.069,,,1,3.491,13.06,51층 737㎡(56.4×13.1m)
단일,1b 층수·세장비,53,53,178.9,90,36,51,17,39,37580,400.0,9119,46699,764,8.14,0.064,,,1,3.491,21.74,53층 709㎡(32.6×21.7m)
단일,5 미세조정,55,55,185.5,91,33,51,13,40,37580,400.0,10787,48367,747,7.95,0.11,,,1,3.513,14.18,55층 683㎡(48.2×14.2m)
단일,5 미세조정,52,52,175.6,91,33,51,13,40,37580,400.0,11570,49150,795,8.46,0.082,,,1,3.491,12.27,52층 723㎡(58.9×12.3m)
단일,5 미세조정,51,51,172.3,92,33,51,14,41,37580,400.0,9931,47511,800,8.51,0.077,,,1,3.508,16.08,51층 737㎡(45.8×16.1m)
단일,5 미세조정,52,52,175.6,92,34,51,14,41,37580,400.0,10952,48532,791,8.42,0.086,,,1,3.504,13.44,52층 723㎡(53.8×13.4m)
단일,5 미세조정,50,50,169.0,93,35,51,16,42,37580,400.0,10263,47843,818,8.71,0.049,,,1,3.505,14.87,50층 752㎡(50.6×14.9m)
단일,5 미세조정,50,50,169.0,93,35,51,16,42,37580,400.0,10129,47709,817,8.7,0.056,,,1,3.504,15.25,50층 752㎡(49.3×15.3m)
단일,5 미세조정,50,50,169.0,93,33,51,13,42,37580,400.0,9947,47527,816,8.68,0.12,,,1,3.5,15.83,50층 752㎡(47.5×15.8m)
단일,1b 층수·세장비,41,41,139.3,93,36,51,17,42,37580,400.0,8969,46549,988,10.51,0.037,,,1,3.489,17.48,41층 917㎡(52.4×17.5m)
단일,1b 층수·세장비,53,53,178.9,99,46,51,22,48,37580,400.0,10255,47835,772,8.21,0.094,,,1,3.489,15.37,53층 709㎡(46.1×15.4m)
단일,5 미세조정,51,51,172.3,99,37,51,17,48,37580,400.0,10050,47630,801,8.52,0.071,,,1,3.478,15.67,51층 737㎡(47.0×15.7m)
단일,1a 방위·위치,47,47,159.1,100,46,51,22,49,37580,400.0,9631,47211,866,9.22,0.079,,,1,3.488,16.33,47층 800㎡(49.0×16.3m)
단일,5 미세조정,47,47,159.1,100,37,51,17,49,37580,400.0,9937,47517,868,9.24,0.067,,,1,3.477,15.34,47층 800㎡(52.1×15.3m)
단일,5 미세조정,46,46,155.8,100,38,51,13,49,37580,400.0,9826,47406,886,9.43,0.041,,,1,3.455,15.5,46층 817㎡(52.7×15.5m)
단일,5 미세조정,49,49,165.7,100,39,51,14,49,37580,400.0,10861,48441,839,8.93,0.029,,,1,3.439,13.32,49층 767㎡(57.6×13.3m)
단일,1b 층수·세장비,50,50,169.0,101,44,51,18,50,37580,400.0,9174,46754,811,8.63,0.052,,,1,3.479,19.39,50층 752㎡(38.8×19.4m)
단일,1b 층수·세장비,53,53,178.9,101,37,51,17,50,37580,400.0,9849,47429,769,8.19,0.029,,,1,3.468,16.84,53층 709㎡(42.1×16.8m)
단일,1b 층수·세장비,53,53,178.9,102,43,51,22,51,37580,400.0,9849,47429,769,8.19,0.167,,,1,3.499,16.84,53층 709㎡(42.1×16.8m)
단일,5 미세조정,54,54,182.2,84,33,52,14,32,37580,400.0,11800,49380,767,8.16,0.03,,,1,3.507,12.04,54층 696㎡(57.8×12.0m)
단일,5 미세조정,52,52,175.6,84,36,52,17,32,37580,400.0,11202,48782,793,8.44,0.043,,,1,3.502,12.93,52층 723㎡(55.9×12.9m)
단일,5 미세조정,51,51,172.3,86,37,52,22,34,37580,400.0,9555,47135,797,8.49,0.031,,,1,3.571,17.61,51층 737㎡(41.8×17.6m)
단일,5 미세조정,55,55,185.5,86,36,52,16,34,37580,400.0,11115,48695,749,7.97,0.044,,,1,3.517,13.41,55층 683㎡(51.0×13.4m)
단일,5 미세조정,51,51,172.3,86,33,52,14,34,37580,400.0,11454,49034,810,8.62,0.039,,,1,3.5,12.39,51층 737㎡(59.5×12.4m)
단일,5 미세조정,48,48,162.4,87,38,52,22,35,37580,400.0,9505,47085,847,9.01,0.047,,,1,3.564,17.03,48층 783㎡(46.0×17.0m)
단일,5 미세조정,51,51,172.3,87,38,52,22,35,37580,400.0,10050,47630,801,8.52,0.048,,,1,3.56,15.67,51층 737㎡(47.0×15.7m)
단일,5 미세조정,49,49,165.7,87,38,52,22,35,37580,400.0,9608,47188,830,8.84,0.044,,,1,3.559,16.85,49층 767㎡(45.5×16.9m)
단일,5 미세조정,51,51,172.3,87,33,52,13,35,37580,400.0,10686,48266,805,8.57,0.046,,,1,3.5,13.93,51층 737㎡(52.9×13.9m)
단일,5 미세조정,50,50,169.0,88,38,52,22,36,37580,400.0,9266,46846,811,8.64,0.043,,,1,3.57,18.81,50층 752㎡(40.0×18.8m)
단일,5 미세조정,49,49,165.7,88,38,52,22,36,37580,400.0,9452,47032,829,8.83,0.046,,,1,3.565,17.52,49층 767㎡(43.8×17.5m)
단일,5 미세조정,50,50,169.0,88,33,52,14,36,37580,400.0,10576,48156,820,8.73,0.056,,,1,3.505,14.06,50층 752㎡(53.4×14.1m)
단일,5 미세조정,49,49,165.7,88,32,52,13,36,37580,400.0,11218,48798,841,8.95,0.059,,,1,3.494,12.64,49층 767㎡(60.7×12.6m)
단일,1b 층수·세장비,47,47,159.1,89,36,52,17,37,37580,400.0,9249,46829,863,9.19,0.044,,,1,3.504,17.88,47층 800㎡(44.7×17.9m)
단일,1b 층수·세장비,38,38,129.4,89,31,52,11,37,37580,400.0,8621,46201,1063,11.31,0.063,,,1,3.484,18.16,38층 989㎡(54.5×18.2m)
단일,5 미세조정,51,51,172.3,91,33,52,14,39,37580,400.0,12157,49737,814,8.67,0.047,,,1,3.474,11.31,51층 737㎡(65.1×11.3m)
단일,5 미세조정,51,51,172.3,92,33,52,13,40,37580,400.0,10536,48116,804,8.55,0.104,,,1,3.503,14.29,51층 737㎡(51.6×14.3m)
단일,5 미세조정,50,50,169.0,92,33,52,13,40,37580,400.0,10576,48156,820,8.73,0.105,,,1,3.498,14.06,50층 752㎡(53.4×14.1m)
단일,5 미세조정,52,52,175.6,92,33,52,13,40,37580,400.0,11202,48782,793,8.44,0.107,,,1,3.496,12.93,52층 723㎡(55.9×12.9m)
단일,5 미세조정,51,51,172.3,93,33,52,14,41,37580,400.0,11090,48670,807,8.59,0.082,,,1,3.499,13.06,51층 737㎡(56.4×13.1m)
단일,1b 층수·세장비,55,55,185.5,93,38,52,18,41,37580,400.0,11278,48858,750,7.98,0.117,,,1,3.496,13.07,55층 683㎡(52.3×13.1m)
단일,1b 층수·세장비,41,41,139.3,94,34,52,14,42,37580,400.0,8969,46549,988,10.51,0.089,,,1,3.488,17.48,41층 917㎡(52.4×17.5m)
단일,1a 방위·위치,47,47,159.1,96,38,52,15,44,37580,400.0,9631,47211,866,9.22,0.065,,,1,3.487,16.33,47층 800㎡(49.0×16.3m)
단일,5 미세조정,55,55,185.5,97,40,52,17,45,37580,400.0,10787,48367,747,7.95,0.073,,,1,3.465,14.18,55층 683㎡(48.2×14.2m)
단일,1b 층수·세장비,41,41,139.3,97,35,52,13,45,37580,400.0,9679,47259,993,10.57,0.08,,,1,3.463,15.14,41층 917㎡(60.6×15.1m)
단일,5 미세조정,48,48,162.4,97,37,52,17,45,37580,400.0,10353,47933,853,9.08,0.054,,,1,3.452,14.35,48층 783㎡(54.5×14.4m)
단일,5 미세조정,53,53,178.9,98,39,52,17,46,37580,400.0,11062,48642,777,8.27,0.064,,,1,3.453,13.31,53층 709㎡(53.3×13.3m)
단일,1b 층수·세장비,55,55,185.5,99,48,52,22,47,37580,400.0,10042,47622,742,7.9,0.068,,,1,3.489,16.53,55층 683㎡(41.3×16.5m)
단일,5 미세조정,44,44,149.2,99,37,52,13,47,37580,400.0,9895,47475,927,9.87,0.048,,,1,3.456,14.99,44층 854㎡(57.0×15.0m)
단일,5 미세조정,54,54,182.2,100,38,52,19,48,37580,400.0,10553,48133,759,8.08,0.064,,,1,3.499,14.66,54층 696㎡(47.5×14.7m)
2개동,5 미세조정,53+53,53,178.9,100,38,52,18,48,37580,400.0,13117,50697,788,8.38,0.071,5.9,1.46,2,3.459,15.77,53층 355㎡(22.5×15.8m) + 53층 355㎡(22.5×15.8m)
단일,1b 층수·세장비,47,47,159.1,101,45,52,21,49,37580,400.0,9631,47211,866,9.22,0.073,,,1,3.488,16.33,47층 800㎡(49.0×16.3m)
단일,1b 층수·세장비,53,53,178.9,101,38,52,18,49,37580,400.0,9119,46699,764,8.14,0.112,,,1,3.483,21.74,53층 709㎡(32.6×21.7m)
2개동,5 미세조정,55+55,55,185.5,101,42,52,22,49,37580,400.0,13441,51021,761,8.1,0.051,5.9,1.48,2,3.457,15.09,55층 342㎡(22.6×15.1m) + 55층 342㎡(22.6×15.1m)
2개동,5 미세조정,54+54,54,182.2,101,42,52,22,49,37580,400.0,13250,50830,774,8.24,0.052,6.3,1.57,2,3.456,15.63,54층 348㎡(22.3×15.6m) + 54층 348㎡(22.3×15.6m)
2개동,5 미세조정,54+54,54,182.2,102,43,52,22,50,37580,400.0,13309,50889,774,8.24,0.076,5.8,1.45,2,3.462,15.23,54층 348㎡(22.8×15.2m) + 54층 348㎡(22.8×15.2m)
2개동,5 미세조정,53+53,53,178.9,102,42,52,22,50,37580,400.0,13117,50697,788,8.38,0.078,6.2,1.54,2,3.461,15.77,53층 355㎡(22.5×15.8m) + 53층 355㎡(22.5×15.8m)
2개동,5 미세조정,54+54,54,182.2,102,43,52,22,50,37580,400.0,13250,50830,774,8.24,0.078,6.4,1.59,2,3.459,15.63,54층 348㎡(22.3×15.6m) + 54층 348㎡(22.3×15.6m)
단일,1b 층수·세장비,53,53,178.9,102,35,52,11,50,37580,400.0,9119,46699,764,8.14,0.128,,,1,3.456,21.74,53층 709㎡(32.6×21.7m)
2개동,5 미세조정,52+52,52,175.6,102,44,52,22,50,37580,400.0,13144,50724,803,8.55,0.06,4.1,1.03,2,3.449,14.93,52층 361㎡(24.2×14.9m) + 52층 361㎡(24.2×14.9m)
2개동,5 미세조정,52+52,52,175.6,102,42,52,22,50,37580,400.0,12885,50465,801,8.53,0.129,6.9,1.72,2,3.444,16.83,52층 361㎡(21.5×16.8m) + 52층 361㎡(21.5×16.8m)
단일,5 미세조정,55,55,185.5,104,40,52,15,52,37580,400.0,10787,48367,747,7.95,0.053,,,1,3.466,14.18,55층 683㎡(48.2×14.2m)
단일,5 미세조정,53,53,178.9,85,37,53,22,32,37580,400.0,10255,47835,772,8.21,0.024,,,1,3.568,15.37,53층 709㎡(46.1×15.4m)
단일,5 미세조정,48,48,162.4,87,38,53,22,34,37580,400.0,9070,46650,844,8.98,0.029,,,1,3.563,19.19,48층 783㎡(40.8×19.2m)
단일,5 미세조정,53,53,178.9,88,38,53,22,35,37580,400.0,9553,47133,767,8.17,0.025,,,1,3.572,18.27,53층 709㎡(38.8×18.3m)
단일,5 미세조정,50,50,169.0,88,38,53,22,35,37580,400.0,9266,46846,811,8.64,0.029,,,1,3.56,18.81,50층 752㎡(40.0×18.8m)
단일,5 미세조정,52,52,175.6,88,37,53,22,35,37580,400.0,9652,47232,783,8.33,0.026,,,1,3.555,17.44,52층 723㎡(41.4×17.4m)
단일,5 미세조정,52,52,175.6,88,38,53,22,35,37580,400.0,9911,47491,784,8.35,0.043,,,1,3.544,16.36,52층 723㎡(44.2×16.4m)
단일,5 미세조정,48,48,162.4,88,37,53,22,35,37580,400.0,9737,47317,849,9.03,0.037,,,1,3.54,16.15,48층 783㎡(48.5×16.2m)
단일,5 미세조정,54,54,182.2,90,33,53,14,37,37580,400.0,10684,48264,760,8.09,0.094,,,1,3.517,14.31,54층 696㎡(48.6×14.3m)
단일,1b 층수·세장비,44,44,149.2,90,36,53,17,37,37580,400.0,9305,46885,923,9.82,0.04,,,1,3.499,16.87,44층 854㎡(50.6×16.9m)
단일,5 미세조정,51,51,172.3,91,32,53,12,38,37580,400.0,9931,47511,800,8.51,0.111,,,1,3.504,16.08,51층 737㎡(45.8×16.1m)
단일,1b 층수·세장비,38,38,129.4,93,35,53,15,40,37580,400.0,9305,46885,1069,11.37,0.058,,,1,3.479,15.72,38층 989㎡(62.9×15.7m)
단일,1b 층수·세장비,38,38,129.4,96,33,53,14,43,37580,400.0,7947,45527,1057,11.25,0.046,,,1,3.495,22.24,38층 989㎡(44.5×22.2m)
단일,1b 층수·세장비,50,50,169.0,96,31,53,11,43,37580,400.0,8844,46424,809,8.61,0.125,,,1,3.483,22.38,50층 752㎡(33.6×22.4m)
단일,1b 층수·세장비,50,50,169.0,98,37,53,17,45,37580,400.0,9553,47133,813,8.66,0.095,,,1,3.478,17.34,50층 752㎡(43.3×17.3m)
단일,1b 층수·세장비,41,41,139.3,98,33,53,13,45,37580,400.0,9679,47259,993,10.57,0.056,,,1,3.47,15.14,41층 917㎡(60.6×15.1m)
단일,1b 층수·세장비,50,50,169.0,99,38,53,17,46,37580,400.0,9553,47133,813,8.66,0.095,,,1,3.471,17.34,50층 752㎡(43.3×17.3m)
단일,1b 층수·세장비,53,53,178.9,99,38,53,17,46,37580,400.0,10255,47835,772,8.21,0.088,,,1,3.468,15.37,53층 709㎡(46.1×15.4m)
단일,5 미세조정,47,47,159.1,100,37,53,14,47,37580,400.0,9937,47517,868,9.24,0.066,,,1,3.456,15.34,47층 800㎡(52.1×15.3m)
2개동,5 미세조정,52+52,52,175.6,101,32,53,13,48,37580,400.0,12885,50465,801,8.53,0.055,7.2,1.79,2,3.456,16.83,52층 361㎡(21.5×16.8m) + 52층 361㎡(21.5×16.8m)
단일,5 미세조정,48,48,162.4,101,40,53,17,48,37580,400.0,10505,48085,854,9.09,0.058,,,1,3.446,13.99,48층 783㎡(56.0×14.0m)
단일,1b 층수·세장비,44,44,149.2,102,32,53,11,49,37580,400.0,8270,45850,915,9.74,0.122,,,1,3.464,23.86,44층 854㎡(35.8×23.9m)
단일,1b 층수·세장비,44,44,149.2,104,42,53,22,51,37580,400.0,10040,47620,928,9.88,0.119,,,1,3.467,14.61,44층 854㎡(58.4×14.6m)
2개동,5 미세조정,52+52,52,175.6,105,42,53,22,52,37580,400.0,13042,50622,802,8.54,0.045,5.3,1.32,2,3.466,15.52,52층 361㎡(23.3×15.5m) + 52층 361㎡(23.3×15.5m)
단일,5 미세조정,54,54,182.2,87,33,54,14,33,37580,400.0,11170,48750,763,8.12,0.073,,,1,3.511,13.19,54층 696㎡(52.8×13.2m)
단일,1b 층수·세장비,41,41,139.3,90,33,54,14,36,37580,400.0,9679,47259,993,10.57,0.038,,,1,3.491,15.14,41층 917㎡(60.6×15.1m)
단일,1b 층수·세장비,53,53,178.9,91,36,54,13,37,37580,400.0,9119,46699,764,8.14,0.075,,,1,3.466,21.74,53층 709㎡(32.6×21.7m)
단일,5 미세조정,52,52,175.6,96,38,54,18,42,37580,400.0,11570,49150,795,8.46,0.088,,,1,3.49,12.27,52층 723㎡(58.9×12.3m)
단일,1b 층수·세장비,41,41,139.3,96,34,54,14,42,37580,400.0,8612,46192,985,10.48,0.097,,,1,3.487,19.15,41층 917㎡(47.9×19.1m)
2개동,5 미세조정,54+54,54,182.2,102,43,54,22,48,37580,400.0,13413,50993,775,8.25,0.084,4.8,1.2,2,3.461,14.66,54층 348㎡(23.7×14.7m) + 54층 348㎡(23.7×14.7m)
단일,5 미세조정,46,46,155.8,103,37,54,14,49,37580,400.0,9826,47406,886,9.43,0.079,,,1,3.458,15.5,46층 817㎡(52.7×15.5m)
단일,1b 층수·세장비,44,44,149.2,104,44,54,22,50,37580,400.0,8935,46515,920,9.79,0.175,,,1,3.488,18.48,44층 854㎡(46.2×18.5m)
단일,5 미세조정,55,55,185.5,89,33,55,14,34,37580,400.0,10787,48367,747,7.95,0.078,,,1,3.517,14.18,55층 683㎡(48.2×14.2m)
단일,1b 층수·세장비,38,38,129.4,91,33,55,13,36,37580,400.0,8621,46201,1063,11.31,0.057,,,1,3.482,18.16,38층 989㎡(54.5×18.2m)
단일,5 미세조정,53,53,178.9,93,34,55,14,38,37580,400.0,11062,48642,777,8.27,0.096,,,1,3.503,13.31,53층 709㎡(53.3×13.3m)
단일,1b 층수·세장비,38,38,129.4,93,30,55,11,38,37580,400.0,8621,46201,1063,11.31,0.096,,,1,3.49,18.16,38층 989㎡(54.5×18.2m)
단일,5 미세조정,52,52,175.6,93,36,55,16,38,37580,400.0,11202,48782,793,8.44,0.067,,,1,3.489,12.93,52층 723㎡(55.9×12.9m)
단일,5 미세조정,47,47,159.1,93,39,55,16,38,37580,400.0,10240,47820,870,9.26,0.024,,,1,3.462,14.51,47층 800㎡(55.1×14.5m)
단일,5 미세조정,55,55,185.5,95,34,55,14,40,37580,400.0,10083,47663,742,7.9,0.118,,,1,3.507,16.37,55층 683㎡(41.7×16.4m)
단일,1b 층수·세장비,38,38,129.4,95,37,55,17,40,37580,400.0,9962,47542,1074,11.44,0.036,,,1,3.444,14.06,38층 989㎡(70.3×14.1m)
단일,5 미세조정,50,50,169.0,96,38,55,18,41,37580,400.0,11337,48917,825,8.78,0.054,,,1,3.482,12.51,50층 752㎡(60.1×12.5m)
단일,1b 층수·세장비,53,53,178.9,97,40,55,18,42,37580,400.0,10255,47835,772,8.21,0.134,,,1,3.497,15.37,53층 709㎡(46.1×15.4m)
단일,1b 층수·세장비,41,41,139.3,101,44,55,21,46,37580,400.0,8969,46549,988,10.51,0.062,,,1,3.478,17.48,41층 917㎡(52.4×17.5m)
단일,1b 층수·세장비,55,55,185.5,102,47,55,21,47,37580,400.0,9644,47224,740,7.87,0.095,,,1,3.483,18.48,55층 683㎡(37.0×18.5m)
2개동,5 미세조정,54+54,54,182.2,104,43,55,22,49,37580,400.0,13149,50729,773,8.23,0.082,7.6,1.89,2,3.453,16.52,54층 348㎡(21.1×16.5m) + 54층 348㎡(21.1×16.5m)
단일,1b 층수·세장비,53,53,178.9,105,46,55,22,50,37580,400.0,9458,47038,767,8.16,0.179,,,1,3.49,18.83,53층 709㎡(37.7×18.8m)
단일,1b 층수·세장비,47,47,159.1,105,44,55,22,50,37580,400.0,9631,47211,866,9.22,0.127,,,1,3.488,16.33,47층 800㎡(49.0×16.3m)
단일,1b 층수·세장비,50,50,169.0,105,37,55,17,50,37580,400.0,12202,49782,831,8.84,0.046,,,1,3.426,11.19,50층 752㎡(67.2×11.2m)
단일,1b 층수·세장비,41,41,139.3,80,38,56,22,24,37580,400.0,8612,46192,985,10.48,0.051,,,1,3.601,19.15,41층 917㎡(47.9×19.1m)
단일,5 미세조정,54,54,182.2,92,32,56,12,36,37580,400.0,10684,48264,760,8.09,0.075,,,1,3.506,14.31,54층 696㎡(48.6×14.3m)
단일,5 미세조정,53,53,178.9,93,32,56,12,37,37580,400.0,10580,48160,774,8.23,0.085,,,1,3.507,14.44,53층 709㎡(49.1×14.4m)
단일,1b 층수·세장비,53,53,178.9,93,32,56,12,37,37580,400.0,9458,47038,767,8.16,0.105,,,1,3.5,18.83,53층 709㎡(37.7×18.8m)
단일,1b 층수·세장비,53,53,178.9,93,36,56,11,37,37580,400.0,9119,46699,764,8.14,0.053,,,1,3.478,21.74,53층 709㎡(32.6×21.7m)
단일,1b 층수·세장비,55,55,185.5,93,38,56,13,37,37580,400.0,9299,46879,738,7.85,0.05,,,1,3.475,21.34,55층 683㎡(32.0×21.3m)
단일,1b 층수·세장비,53,53,178.9,94,31,56,11,38,37580,400.0,11838,49418,782,8.32,0.065,,,1,3.493,11.91,53층 709㎡(59.5×11.9m)
단일,5 미세조정,54,54,182.2,97,36,56,16,41,37580,400.0,10684,48264,760,8.09,0.126,,,1,3.503,14.31,54층 696㎡(48.6×14.3m)
단일,5 미세조정,53,53,178.9,97,35,56,16,41,37580,400.0,10902,48482,776,8.26,0.078,,,1,3.499,13.66,53층 709㎡(51.9×13.7m)
단일,1b 층수·세장비,41,41,139.3,97,36,56,16,41,37580,400.0,9679,47259,993,10.57,0.074,,,1,3.478,15.14,41층 917㎡(60.6×15.1m)
단일,5 미세조정,52,52,175.6,98,35,56,16,42,37580,400.0,10794,48374,790,8.41,0.075,,,1,3.5,13.79,52층 723㎡(52.4×13.8m)
단일,5 미세조정,51,51,172.3,98,34,56,14,42,37580,400.0,9931,47511,800,8.51,0.133,,,1,3.498,16.08,51층 737㎡(45.8×16.1m)
단일,1b 층수·세장비,41,41,139.3,98,37,56,17,42,37580,400.0,8969,46549,988,10.51,0.087,,,1,3.478,17.48,41층 917㎡(52.4×17.5m)
단일,1b 층수·세장비,55,55,185.5,99,38,56,18,43,37580,400.0,12068,49648,754,8.03,0.088,,,1,3.481,11.69,55층 683㎡(58.4×11.7m)
단일,1b 층수·세장비,50,50,169.0,102,39,56,17,46,37580,400.0,11484,49064,826,8.79,0.031,,,1,3.434,12.26,50층 752㎡(61.3×12.3m)
단일,1b 층수·세장비,50,50,169.0,104,39,56,17,48,37580,400.0,9947,47527,816,8.68,0.088,,,1,3.447,15.83,50층 752㎡(47.5×15.8m)
2개동,5 미세조정,53+53,53,178.9,105,43,56,22,49,37580,400.0,13018,50598,787,8.38,0.125,7.3,1.82,2,3.449,16.68,53층 355㎡(21.3×16.7m) + 53층 355㎡(21.3×16.7m)
단일,5 미세조정,53,53,178.9,89,37,57,22,32,37580,400.0,9553,47133,767,8.17,0.023,,,1,3.59,18.27,53층 709㎡(38.8×18.3m)
단일,1b 층수·세장비,55,55,185.5,90,38,57,17,33,37580,400.0,9644,47224,740,7.87,0.027,,,1,3.515,18.48,55층 683㎡(37.0×18.5m)
단일,1b 층수·세장비,53,53,178.9,94,37,57,17,37,37580,400.0,9119,46699,764,8.14,0.043,,,1,3.48,21.74,53층 709㎡(32.6×21.7m)
단일,5 미세조정,54,54,182.2,95,35,57,16,38,37580,400.0,11800,49380,767,8.16,0.1,,,1,3.492,12.04,54층 696㎡(57.8×12.0m)
단일,1b 층수·세장비,47,47,159.1,99,37,57,17,42,37580,400.0,9631,47211,866,9.22,0.045,,,1,3.46,16.33,47층 800㎡(49.0×16.3m)
단일,5 미세조정,53,53,178.9,102,37,57,17,45,37580,400.0,10133,47713,771,8.2,0.155,,,1,3.487,15.77,53층 709㎡(45.0×15.8m)
단일,5 미세조정,47,47,159.1,103,40,57,16,46,37580,400.0,10391,47971,871,9.27,0.044,,,1,3.448,14.14,47층 800㎡(56.6×14.1m)
2개동,5 미세조정,52+52,52,175.6,105,43,57,22,48,37580,400.0,13042,50622,802,8.54,0.087,5.3,1.32,2,3.459,15.52,52층 361㎡(23.3×15.5m) + 52층 361㎡(23.3×15.5m)
2개동,5 미세조정,54+54,54,182.2,106,42,57,22,49,37580,400.0,13149,50729,773,8.23,0.034,7.5,1.87,2,3.454,16.52,54층 348㎡(21.1×16.5m) + 54층 348㎡(21.1×16.5m)
단일,1a 방위·위치,47,47,159.1,107,37,57,17,50,37580,400.0,9631,47211,866,9.22,0.055,,,1,3.46,16.33,47층 800㎡(49.0×16.3m)
2개동,5 미세조정,52+52,52,175.6,107,43,57,22,50,37580,400.0,12984,50564,802,8.54,0.06,5.6,1.41,2,3.458,15.92,52층 361㎡(22.7×15.9m) + 52층 361㎡(22.7×15.9m)
단일,1b 층수·세장비,50,50,169.0,108,45,57,20,51,37580,400.0,9174,46754,811,8.63,0.1,,,1,3.479,19.39,50층 752㎡(38.8×19.4m)
단일,5 미세조정,47,47,159.1,87,37,58,22,29,37580,400.0,8970,46550,861,9.17,0.02,,,1,3.586,19.4,47층 800㎡(41.2×19.4m)
단일,5 미세조정,52,52,175.6,91,38,58,22,33,37580,400.0,9911,47491,784,8.35,0.043,,,1,3.586,16.36,52층 723㎡(44.2×16.4m)
단일,5 미세조정,51,51,172.3,92,38,58,22,34,37580,400.0,9653,47233,798,8.49,0.042,,,1,3.588,17.17,51층 737㎡(42.9×17.2m)
단일,5 미세조정,48,48,162.4,93,37,58,22,35,37580,400.0,9070,46650,844,8.98,0.051,,,1,3.584,19.19,48층 783㎡(40.8×19.2m)
단일,1b 층수·세장비,50,50,169.0,95,42,58,17,37,37580,400.0,9553,47133,813,8.66,0.035,,,1,3.46,17.34,50층 752㎡(43.3×17.3m)
단일,5 미세조정,50,50,169.0,96,36,58,22,38,37580,400.0,9266,46846,811,8.64,0.027,,,1,3.564,18.81,50층 752㎡(40.0×18.8m)
단일,5 미세조정,53,53,178.9,99,36,58,16,41,37580,400.0,10580,48160,774,8.23,0.127,,,1,3.501,14.44,53층 709㎡(49.1×14.4m)
단일,1b 층수·세장비,38,38,129.4,99,32,58,11,41,37580,400.0,7947,45527,1057,11.25,0.151,,,1,3.48,22.24,38층 989㎡(44.5×22.2m)
단일,1b 층수·세장비,50,50,169.0,99,39,58,16,41,37580,400.0,9174,46754,811,8.63,0.072,,,1,3.463,19.39,50층 752㎡(38.8×19.4m)
단일,5 미세조정,55,55,185.5,100,35,58,16,42,37580,400.0,10655,48235,746,7.94,0.11,,,1,3.495,14.52,55층 683㎡(47.1×14.5m)
단일,1b 층수·세장비,38,38,129.4,100,31,58,11,42,37580,400.0,8278,45858,1060,11.28,0.087,,,1,3.483,19.89,38층 989㎡(49.7×19.9m)
단일,1b 층수·세장비,41,41,139.3,100,34,58,14,42,37580,400.0,8268,45848,982,10.45,0.103,,,1,3.479,21.41,41층 917㎡(42.8×21.4m)
단일,1b 층수·세장비,50,50,169.0,100,37,58,17,42,37580,400.0,9947,47527,816,8.68,0.046,,,1,3.448,15.83,50층 752㎡(47.5×15.8m)
단일,1b 층수·세장비,53,53,178.9,102,36,58,17,44,37580,400.0,9849,47429,769,8.19,0.037,,,1,3.456,16.84,53층 709㎡(42.1×16.8m)
단일,1b 층수·세장비,38,38,129.4,103,42,58,22,45,37580,400.0,8621,46201,1063,11.31,0.136,,,1,3.472,18.16,38층 989㎡(54.5×18.2m)
단일,5 미세조정,44,44,149.2,103,39,58,17,45,37580,400.0,9895,47475,927,9.87,0.038,,,1,3.45,14.99,44층 854㎡(57.0×15.0m)
단일,1b 층수·세장비,47,47,159.1,105,38,58,19,47,37580,400.0,10391,47971,871,9.27,0.07,,,1,3.481,14.14,47층 800㎡(56.6×14.1m)
단일,1b 층수·세장비,44,44,149.2,106,33,58,13,48,37580,400.0,8270,45850,915,9.74,0.162,,,1,3.473,23.86,44층 854㎡(35.8×23.9m)
단일,1b 층수·세장비,50,50,169.0,107,43,58,21,49,37580,400.0,10731,48311,821,8.74,0.099,,,1,3.484,13.71,50층 752㎡(54.8×13.7m)
단일,1b 층수·세장비,55,55,185.5,108,35,58,10,50,37580,400.0,9644,47224,740,7.87,0.111,,,1,3.44,18.48,55층 683㎡(37.0×18.5m)
단일,1b 층수·세장비,55,55,185.5,108,35,58,10,50,37580,400.0,10042,47622,742,7.9,0.107,,,1,3.436,16.53,55층 683㎡(41.3×16.5m)
단일,1b 층수·세장비,53,53,178.9,109,44,58,22,51,37580,400.0,9849,47429,769,8.19,0.097,,,1,3.503,16.84,53층 709㎡(42.1×16.8m)
2개동,5 미세조정,54+54,54,182.2,110,42,58,22,52,37580,400.0,13250,50830,774,8.24,0.025,5.1,1.29,2,3.447,15.63,54층 348㎡(22.3×15.6m) + 54층 348㎡(22.3×15.6m)
단일,1b 층수·세장비,44,44,149.2,89,37,59,22,30,37580,400.0,8935,46515,920,9.79,0.031,,,1,3.533,18.48,44층 854㎡(46.2×18.5m)
단일,5 미세조정,51,51,172.3,92,37,59,22,33,37580,400.0,9555,47135,797,8.49,0.033,,,1,3.584,17.61,51층 737㎡(41.8×17.6m)
단일,5 미세조정,51,51,172.3,93,39,59,22,34,37580,400.0,9811,47391,799,8.5,0.052,,,1,3.585,16.52,51층 737㎡(44.6×16.5m)
단일,5 미세조정,50,50,169.0,95,38,59,22,36,37580,400.0,9266,46846,811,8.64,0.047,,,1,3.559,18.81,50층 752㎡(40.0×18.8m)
단일,5 미세조정,53,53,178.9,96,33,59,13,37,37580,400.0,10580,48160,774,8.23,0.1,,,1,3.505,14.44,53층 709㎡(49.1×14.4m)
단일,5 미세조정,50,50,169.0,97,37,59,22,38,37580,400.0,9266,46846,811,8.64,0.042,,,1,3.558,18.81,50층 752㎡(40.0×18.8m)
단일,5 미세조정,52,52,175.6,98,36,59,16,39,37580,400.0,10347,47927,787,8.38,0.127,,,1,3.497,14.93,52층 723㎡(48.4×14.9m)
단일,1b 층수·세장비,55,55,185.5,100,38,59,13,41,37580,400.0,9299,46879,738,7.85,0.107,,,1,3.482,21.34,55층 683㎡(32.0×21.3m)
단일,5 미세조정,54,54,182.2,102,36,59,16,43,37580,400.0,9987,47567,756,8.04,0.144,,,1,3.49,16.52,54층 696㎡(42.1×16.5m)
단일,5 미세조정,52,52,175.6,102,37,59,18,43,37580,400.0,11570,49150,795,8.46,0.087,,,1,3.477,12.27,52층 723㎡(58.9×12.3m)
단일,1b 층수·세장비,50,50,169.0,106,36,59,13,47,37580,400.0,8844,46424,809,8.61,0.134,,,1,3.472,22.38,50층 752㎡(33.6×22.4m)
단일,1b 층수·세장비,44,44,149.2,108,34,59,11,49,37580,400.0,10040,47620,928,9.88,0.09,,,1,3.442,14.61,44층 854㎡(58.4×14.6m)
2개동,5 미세조정,53+53,53,178.9,109,43,59,22,50,37580,400.0,13018,50598,787,8.38,0.063,7.1,1.77,2,3.45,16.68,53층 355㎡(21.3×16.7m) + 53층 355㎡(21.3×16.7m)
2개동,5 미세조정,54+54,54,182.2,109,42,59,21,50,37580,400.0,13149,50729,773,8.23,0.057,6.3,1.59,2,3.434,16.52,54층 348㎡(21.1×16.5m) + 54층 348㎡(21.1×16.5m)
단일,1b 층수·세장비,55,55,185.5,110,41,59,15,51,37580,400.0,9644,47224,740,7.87,0.053,,,1,3.47,18.48,55층 683㎡(37.0×18.5m)
단일,1b 층수·세장비,47,47,159.1,92,38,60,22,32,37580,400.0,8561,46141,858,9.14,0.027,,,1,3.578,23.09,47층 800㎡(34.6×23.1m)
단일,5 미세조정,55,55,185.5,95,31,60,12,35,37580,400.0,11913,49493,753,8.02,0.078,,,1,3.499,11.93,55층 683㎡(57.3×11.9m)
단일,5 미세조정,53,53,178.9,96,37,60,22,36,37580,400.0,10011,47591,770,8.2,0.04,,,1,3.558,16.21,53층 709㎡(43.8×16.2m)
단일,1b 층수·세장비,50,50,169.0,97,37,60,22,37,37580,400.0,9174,46754,811,8.63,0.058,,,1,3.559,19.39,50층 752㎡(38.8×19.4m)
단일,5 미세조정,53,53,178.9,97,31,60,11,37,37580,400.0,10580,48160,774,8.23,0.077,,,1,3.508,14.44,53층 709㎡(49.1×14.4m)
단일,5 미세조정,52,52,175.6,97,31,60,12,37,37580,400.0,10952,48532,791,8.42,0.091,,,1,3.505,13.44,52층 723㎡(53.8×13.4m)
단일,5 미세조정,52,52,175.6,97,33,60,13,37,37580,400.0,10952,48532,791,8.42,0.096,,,1,3.495,13.44,52층 723㎡(53.8×13.4m)
단일,5 미세조정,53,53,178.9,97,36,60,16,37,37580,400.0,11314,48894,778,8.28,0.059,,,1,3.488,12.81,53층 709㎡(55.3×12.8m)
단일,1b 층수·세장비,50,50,169.0,99,37,60,22,39,37580,400.0,9553,47133,813,8.66,0.039,,,1,3.619,17.34,50층 752㎡(43.3×17.3m)
단일,5 미세조정,51,51,172.3,102,36,60,16,42,37580,400.0,9692,47272,798,8.5,0.138,,,1,3.499,17.0,51층 737㎡(43.3×17.0m)
단일,1b 층수·세장비,44,44,149.2,108,34,60,11,48,37580,400.0,8270,45850,915,9.74,0.142,,,1,3.464,23.86,44층 854㎡(35.8×23.9m)
단일,1b 층수·세장비,44,44,149.2,108,35,60,10,48,37580,400.0,8270,45850,915,9.74,0.101,,,1,3.456,23.86,44층 854㎡(35.8×23.9m)
단일,1b 층수·세장비,50,50,169.0,110,35,60,15,50,37580,400.0,8844,46424,809,8.61,0.075,,,1,3.449,22.38,50층 752㎡(33.6×22.4m)
2개동,5 미세조정,53+53,53,178.9,112,42,60,22,52,37580,400.0,13018,50598,787,8.38,0.05,7.3,1.82,2,3.455,16.68,53층 355㎡(21.3×16.7m) + 53층 355㎡(21.3×16.7m)
단일,1b 층수·세장비,41,41,139.3,84,37,61,22,23,37580,400.0,8969,46549,988,10.51,0.036,,,1,3.591,17.48,41층 917㎡(52.4×17.5m)
단일,1b 층수·세장비,53,53,178.9,93,33,61,14,32,37580,400.0,11838,49418,782,8.32,0.052,,,1,3.503,11.91,53층 709㎡(59.5×11.9m)
단일,5 미세조정,52,52,175.6,93,32,61,13,32,37580,400.0,11570,49150,795,8.46,0.049,,,1,3.494,12.27,52층 723㎡(58.9×12.3m)
단일,5 미세조정,48,48,162.4,95,37,61,22,34,37580,400.0,9256,46836,845,9.0,0.04,,,1,3.574,18.16,48층 783㎡(43.1×18.2m)
단일,5 미세조정,55,55,185.5,98,37,61,14,37,37580,400.0,10787,48367,747,7.95,0.063,,,1,3.503,14.18,55층 683㎡(48.2×14.2m)
단일,1b 층수·세장비,53,53,178.9,98,39,61,14,37,37580,400.0,9119,46699,764,8.14,0.049,,,1,3.453,21.74,53층 709㎡(32.6×21.7m)
단일,1b 층수·세장비,55,55,185.5,99,39,61,22,38,37580,400.0,9644,47224,740,7.87,0.047,,,1,3.601,18.48,55층 683㎡(37.0×18.5m)
단일,5 미세조정,53,53,178.9,100,36,61,22,39,37580,400.0,9749,47329,768,8.18,0.037,,,1,3.549,17.28,53층 709㎡(41.0×17.3m)
단일,5 미세조정,55,55,185.5,101,36,61,16,40,37580,400.0,11913,49493,753,8.02,0.095,,,1,3.485,11.93,55층 683㎡(57.3×11.9m)
단일,5 미세조정,49,49,165.7,103,36,61,22,42,37580,400.0,9842,47422,832,8.85,0.042,,,1,3.534,15.99,49층 767㎡(48.0×16.0m)
단일,5 미세조정,53,53,178.9,103,36,61,16,42,37580,400.0,10133,47713,771,8.2,0.137,,,1,3.494,15.77,53층 709㎡(45.0×15.8m)
단일,5 미세조정,50,50,169.0,103,36,61,16,42,37580,400.0,9592,47172,814,8.66,0.142,,,1,3.487,17.17,50층 752㎡(43.8×17.2m)
단일,5 미세조정,50,50,169.0,104,36,61,16,43,37580,400.0,10137,47717,817,8.7,0.143,,,1,3.488,15.23,50층 752㎡(49.3×15.2m)
단일,1b 층수·세장비,50,50,169.0,104,36,61,17,43,37580,400.0,9174,46754,811,8.63,0.041,,,1,3.46,19.39,50층 752㎡(38.8×19.4m)
단일,1b 층수·세장비,50,50,169.0,107,34,61,15,46,37580,400.0,8844,46424,809,8.61,0.097,,,1,3.484,22.38,50층 752㎡(33.6×22.4m)
단일,1b 층수·세장비,55,55,185.5,112,42,61,22,51,37580,400.0,11278,48858,750,7.98,0.189,,,1,3.464,13.07,55층 683㎡(52.3×13.1m)
단일,5 미세조정,52,52,175.6,95,33,62,14,33,37580,400.0,10794,48374,790,8.41,0.051,,,1,3.507,13.79,52층 723㎡(52.4×13.8m)
단일,5 미세조정,50,50,169.0,99,31,62,11,37,37580,400.0,10263,47843,818,8.71,0.077,,,1,3.499,14.87,50층 752㎡(50.6×14.9m)
단일,1b 층수·세장비,47,47,159.1,99,35,62,11,37,37580,400.0,8561,46141,858,9.14,0.047,,,1,3.458,23.09,47층 800㎡(34.6×23.1m)
단일,5 미세조정,50,50,169.0,100,31,62,11,38,37580,400.0,10976,48556,823,8.76,0.085,,,1,3.492,13.19,50층 752㎡(57.0×13.2m)
단일,1b 층수·세장비,47,47,159.1,107,36,62,17,45,37580,400.0,9249,46829,863,9.19,0.031,,,1,3.463,17.88,47층 800㎡(44.7×17.9m)
단일,1b 층수·세장비,41,41,139.3,107,34,62,10,45,37580,400.0,7970,45550,979,10.42,0.098,,,1,3.45,24.72,41층 917㎡(37.1×24.7m)
단일,1b 층수·세장비,44,44,149.2,109,36,62,10,47,37580,400.0,8270,45850,915,9.74,0.042,,,1,3.442,23.86,44층 854㎡(35.8×23.9m)
단일,1b 층수·세장비,41,41,139.3,110,44,62,18,48,37580,400.0,7970,45550,979,10.42,0.068,,,1,3.453,24.72,41층 917㎡(37.1×24.7m)
단일,1b 층수·세장비,50,50,169.0,112,33,62,13,50,37580,400.0,8844,46424,809,8.61,0.039,,,1,3.45,22.38,50층 752㎡(33.6×22.4m)
2개동,5 미세조정,54+54,54,182.2,113,44,62,22,51,37580,400.0,13149,50729,773,8.23,0.06,6.9,1.72,2,3.429,16.52,54층 348㎡(21.1×16.5m) + 54층 348㎡(21.1×16.5m)
2개동,5 미세조정,52+52,52,175.6,114,43,62,22,52,37580,400.0,12984,50564,802,8.54,0.072,5.9,1.49,2,3.467,15.92,52층 361㎡(22.7×15.9m) + 52층 361㎡(22.7×15.9m)
단일,1b 층수·세장비,38,38,129.4,88,37,63,22,25,37580,400.0,7947,45527,1057,11.25,0.049,,,1,3.608,22.24,38층 989㎡(44.5×22.2m)
단일,5 미세조정,47,47,159.1,100,37,63,22,37,37580,400.0,8970,46550,861,9.17,0.056,,,1,3.564,19.4,47층 800㎡(41.2×19.4m)
단일,1b 층수·세장비,47,47,159.1,100,33,63,10,37,37580,400.0,9249,46829,863,9.19,0.064,,,1,3.494,17.88,47층 800㎡(44.7×17.9m)
단일,1b 층수·세장비,44,44,149.2,100,33,63,10,37,37580,400.0,8579,46159,917,9.76,0.055,,,1,3.485,20.67,44층 854㎡(41.3×20.7m)
단일,1a 방위·위치,47,47,159.1,101,39,63,22,38,37580,400.0,9631,47211,866,9.22,0.063,,,1,3.577,16.33,47층 800㎡(49.0×16.3m)
단일,1b 층수·세장비,55,55,185.5,101,33,63,14,38,37580,400.0,12068,49648,754,8.03,0.076,,,1,3.495,11.69,55층 683㎡(58.4×11.7m)
단일,5 미세조정,50,50,169.0,101,32,63,13,38,37580,400.0,10731,48311,821,8.74,0.105,,,1,3.495,13.71,50층 752㎡(54.8×13.7m)
단일,1b 층수·세장비,47,47,159.1,101,31,63,11,38,37580,400.0,9631,47211,866,9.22,0.088,,,1,3.494,16.33,47층 800㎡(49.0×16.3m)
단일,5 미세조정,53,53,178.9,101,34,63,14,38,37580,400.0,11685,49265,781,8.31,0.05,,,1,3.484,12.15,53층 709㎡(58.3×12.2m)
단일,1b 층수·세장비,38,38,129.4,101,36,63,17,38,37580,400.0,7947,45527,1057,11.25,0.053,,,1,3.482,22.24,38층 989㎡(44.5×22.2m)
단일,1b 층수·세장비,41,41,139.3,104,33,63,11,41,37580,400.0,7970,45550,979,10.42,0.074,,,1,3.459,24.72,41층 917㎡(37.1×24.7m)
단일,1b 층수·세장비,38,38,129.4,106,31,63,11,43,37580,400.0,9305,46885,1069,11.37,0.054,,,1,3.464,15.72,38층 989㎡(62.9×15.7m)
단일,1a 방위·위치,47,47,159.1,110,37,63,17,47,37580,400.0,9631,47211,866,9.22,0.144,,,1,3.477,16.33,47층 800㎡(49.0×16.3m)
단일,1b 층수·세장비,47,47,159.1,113,32,63,10,50,37580,400.0,8881,46461,861,9.16,0.1,,,1,3.459,19.99,47층 800㎡(40.0×20.0m)
단일,1b 층수·세장비,50,50,169.0,114,45,63,21,51,37580,400.0,9174,46754,811,8.63,0.149,,,1,3.48,19.39,50층 752㎡(38.8×19.4m)
2개동,2개동,53+53,53,178.9,114,43,63,22,51,37580,400.0,13176,50756,788,8.39,0.074,4.3,1.08,2,3.477,15.37,53층 355㎡(23.1×15.4m) + 53층 355㎡(23.1×15.4m)
단일,1b 층수·세장비,41,41,139.3,91,37,64,22,27,37580,400.0,8268,45848,982,10.45,0.051,,,1,3.601,21.41,41층 917㎡(42.8×21.4m)
단일,5 미세조정,51,51,172.3,100,33,64,14,36,37580,400.0,10242,47822,802,8.53,0.087,,,1,3.508,15.08,51층 737㎡(48.9×15.1m)
단일,5 미세조정,51,51,172.3,100,33,64,14,36,37580,400.0,10528,48108,804,8.55,0.065,,,1,3.503,14.31,51층 737㎡(51.5×14.3m)
단일,5 미세조정,50,50,169.0,101,37,64,22,37,37580,400.0,9456,47036,813,8.65,0.057,,,1,3.56,17.79,50층 752㎡(42.2×17.8m)
단일,5 미세조정,47,47,159.1,102,37,64,22,38,37580,400.0,9401,46981,864,9.2,0.064,,,1,3.546,17.21,47층 800㎡(46.5×17.2m)
단일,1b 층수·세장비,50,50,169.0,102,31,64,11,38,37580,400.0,9553,47133,813,8.66,0.113,,,1,3.501,17.34,50층 752㎡(43.3×17.3m)
단일,5 미세조정,47,47,159.1,103,37,64,22,39,37580,400.0,9401,46981,864,9.2,0.066,,,1,3.551,17.21,47층 800㎡(46.5×17.2m)
단일,5 미세조정,48,48,162.4,103,37,64,22,39,37580,400.0,9505,47085,847,9.01,0.056,,,1,3.55,17.03,48층 783㎡(46.0×17.0m)
단일,1b 층수·세장비,41,41,139.3,105,36,64,17,41,37580,400.0,7970,45550,979,10.42,0.035,,,1,3.469,24.72,41층 917㎡(37.1×24.7m)
단일,1b 층수·세장비,44,44,149.2,111,36,64,16,47,37580,400.0,8579,46159,917,9.76,0.168,,,1,3.479,20.67,44층 854㎡(41.3×20.7m)
2개동,5 미세조정,55+55,55,185.5,115,44,64,22,51,37580,400.0,13279,50859,760,8.09,0.074,7.1,1.77,2,3.436,16.37,55층 342㎡(20.9×16.4m) + 55층 342㎡(20.9×16.4m)
2개동,5 미세조정,53+53,53,178.9,116,43,64,22,52,37580,400.0,13279,50859,789,8.39,0.099,4.4,1.09,2,3.468,14.79,53층 355㎡(24.0×14.8m) + 53층 355㎡(24.0×14.8m)
단일,1b 층수·세장비,44,44,149.2,94,37,65,22,29,37580,400.0,9305,46885,923,9.82,0.035,,,1,3.516,16.87,44층 854㎡(50.6×16.9m)
단일,1b 층수·세장비,47,47,159.1,100,37,65,22,35,37580,400.0,9249,46829,863,9.19,0.032,,,1,3.525,17.88,47층 800㎡(44.7×17.9m)
단일,1b 층수·세장비,47,47,159.1,102,31,65,10,37,37580,400.0,8881,46461,861,9.16,0.087,,,1,3.49,19.99,47층 800㎡(40.0×20.0m)
단일,1b 층수·세장비,50,50,169.0,103,39,65,22,38,37580,400.0,9553,47133,813,8.66,0.062,,,1,3.582,17.34,50층 752㎡(43.3×17.3m)
단일,5 미세조정,50,50,169.0,104,37,65,22,39,37580,400.0,9266,46846,811,8.64,0.051,,,1,3.558,18.81,50층 752㎡(40.0×18.8m)
단일,5 미세조정,47,47,159.1,104,37,65,22,39,37580,400.0,8970,46550,861,9.17,0.061,,,1,3.551,19.4,47층 800㎡(41.2×19.4m)
단일,5 미세조정,47,47,159.1,105,37,65,22,40,37580,400.0,9249,46829,863,9.19,0.065,,,1,3.538,17.88,47층 800㎡(44.7×17.9m)
단일,1b 층수·세장비,50,50,169.0,106,36,65,22,41,37580,400.0,10731,48311,821,8.74,0.042,,,1,3.516,13.71,50층 752㎡(54.8×13.7m)
단일,1b 층수·세장비,38,38,129.4,110,42,65,18,45,37580,400.0,8278,45858,1060,11.28,0.07,,,1,3.482,19.89,38층 989㎡(49.7×19.9m)
단일,1b 층수·세장비,44,44,149.2,113,36,65,16,48,37580,400.0,8270,45850,915,9.74,0.171,,,1,3.467,23.86,44층 854㎡(35.8×23.9m)
단일,1a 방위·위치,47,47,159.1,101,36,66,22,35,37580,400.0,9631,47211,866,9.22,0.039,,,1,3.542,16.33,47층 800㎡(49.0×16.3m)
단일,1a 방위·위치,47,47,159.1,101,31,66,10,35,37580,400.0,9631,47211,866,9.22,0.069,,,1,3.489,16.33,47층 800㎡(49.0×16.3m)
단일,5 미세조정,52,52,175.6,103,38,66,22,37,37580,400.0,10153,47733,786,8.36,0.068,,,1,3.551,15.52,52층 723㎡(46.6×15.5m)
단일,1b 층수·세장비,38,38,129.4,103,30,66,10,37,37580,400.0,7947,45527,1057,11.25,0.083,,,1,3.478,22.24,38층 989㎡(44.5×22.2m)
단일,5 미세조정,50,50,169.0,104,37,66,22,38,37580,400.0,9710,47290,814,8.67,0.068,,,1,3.554,16.68,50층 752㎡(45.0×16.7m)
단일,1b 층수·세장비,50,50,169.0,106,37,66,22,40,37580,400.0,8844,46424,809,8.61,0.048,,,1,3.586,22.38,50층 752㎡(33.6×22.4m)
단일,1b 층수·세장비,38,38,129.4,107,33,66,11,41,37580,400.0,7660,45240,1054,11.22,0.152,,,1,3.461,25.68,38층 989㎡(38.5×25.7m)
단일,1b 층수·세장비,53,53,178.9,108,36,66,16,42,37580,400.0,10255,47835,772,8.21,0.145,,,1,3.471,15.37,53층 709㎡(46.1×15.4m)
단일,1b 층수·세장비,44,44,149.2,112,35,66,13,46,37580,400.0,8270,45850,915,9.74,0.144,,,1,3.463,23.86,44층 854㎡(35.8×23.9m)
단일,1b 층수·세장비,41,41,139.3,113,36,66,16,47,37580,400.0,7970,45550,979,10.42,0.1,,,1,3.475,24.72,41층 917㎡(37.1×24.7m)
단일,1b 층수·세장비,47,47,159.1,114,36,66,16,48,37580,400.0,8561,46141,858,9.14,0.167,,,1,3.462,23.09,47층 800㎡(34.6×23.1m)
단일,1b 층수·세장비,44,44,149.2,97,36,67,22,30,37580,400.0,8270,45850,915,9.74,0.023,,,1,3.572,23.86,44층 854㎡(35.8×23.9m)
단일,1b 층수·세장비,38,38,129.4,106,36,67,14,39,37580,400.0,7947,45527,1057,11.25,0.062,,,1,3.461,22.24,38층 989㎡(44.5×22.2m)
단일,1b 층수·세장비,38,38,129.4,107,31,67,11,40,37580,400.0,7660,45240,1054,11.22,0.109,,,1,3.472,25.68,38층 989㎡(38.5×25.7m)
단일,1b 층수·세장비,50,50,169.0,108,37,67,22,41,37580,400.0,9174,46754,811,8.63,0.038,,,1,3.613,19.39,50층 752㎡(38.8×19.4m)
단일,1b 층수·세장비,47,47,159.1,108,37,67,22,41,37580,400.0,8561,46141,858,9.14,0.043,,,1,3.595,23.09,47층 800㎡(34.6×23.1m)
단일,1b 층수·세장비,38,38,129.4,108,36,67,16,41,37580,400.0,8278,45858,1060,11.28,0.163,,,1,3.479,19.89,38층 989㎡(49.7×19.9m)
단일,1b 층수·세장비,44,44,149.2,111,36,67,16,44,37580,400.0,10040,47620,928,9.88,0.111,,,1,3.463,14.61,44층 854㎡(58.4×14.6m)
단일,1b 층수·세장비,55,55,185.5,99,33,68,14,31,37580,400.0,12068,49648,754,8.03,0.057,,,1,3.503,11.69,55층 683㎡(58.4×11.7m)
단일,1b 층수·세장비,44,44,149.2,100,36,68,22,32,37580,400.0,9305,46885,923,9.82,0.057,,,1,3.557,16.87,44층 854㎡(50.6×16.9m)
단일,1b 층수·세장비,47,47,159.1,102,33,68,14,34,37580,400.0,9631,47211,866,9.22,0.057,,,1,3.507,16.33,47층 800㎡(49.0×16.3m)
단일,1b 층수·세장비,44,44,149.2,105,31,68,10,37,37580,400.0,8270,45850,915,9.74,0.085,,,1,3.468,23.86,44층 854㎡(35.8×23.9m)
단일,1b 층수·세장비,50,50,169.0,106,36,68,17,38,37580,400.0,8844,46424,809,8.61,0.074,,,1,3.487,22.38,50층 752㎡(33.6×22.4m)
단일,5 미세조정,51,51,172.3,108,37,68,22,40,37580,400.0,9653,47233,798,8.49,0.062,,,1,3.54,17.17,51층 737㎡(42.9×17.2m)
단일,1b 층수·세장비,50,50,169.0,119,35,68,10,51,37580,400.0,8844,46424,809,8.61,0.118,,,1,3.427,22.38,50층 752㎡(33.6×22.4m)
2개동,5 미세조정,54+54,54,182.2,121,42,68,22,53,37580,400.0,13413,50993,775,8.25,0.067,4.6,1.15,2,3.472,14.66,54층 348㎡(23.7×14.7m) + 54층 348㎡(23.7×14.7m)
단일,5 미세조정,51,51,172.3,109,36,69,22,40,37580,400.0,9555,47135,797,8.49,0.046,,,1,3.544,17.61,51층 737㎡(41.8×17.6m)
단일,1b 층수·세장비,53,53,178.9,110,39,69,22,41,37580,400.0,9458,47038,767,8.16,0.068,,,1,3.58,18.83,53층 709㎡(37.7×18.8m)
단일,1b 층수·세장비,41,41,139.3,110,36,69,13,41,37580,400.0,8268,45848,982,10.45,0.127,,,1,3.469,21.41,41층 917㎡(42.8×21.4m)
단일,1b 층수·세장비,38,38,129.4,113,42,69,21,44,37580,400.0,8621,46201,1063,11.31,0.114,,,1,3.491,18.16,38층 989㎡(54.5×18.2m)
2개동,5 미세조정,54+54,54,182.2,119,43,69,22,50,37580,400.0,13309,50889,774,8.24,0.136,5.5,1.37,2,3.462,15.23,54층 348㎡(22.8×15.2m) + 54층 348㎡(22.8×15.2m)
단일,1b 층수·세장비,53,53,178.9,119,38,69,15,50,37580,400.0,11062,48642,777,8.27,0.071,,,1,3.398,13.31,53층 709㎡(53.3×13.3m)
단일,1b 층수·세장비,50,50,169.0,121,47,69,22,52,37580,400.0,9553,47133,813,8.66,0.115,,,1,3.502,17.34,50층 752㎡(43.3×17.3m)
단일,1b 층수·세장비,38,38,129.4,107,29,70,10,37,37580,400.0,8621,46201,1063,11.31,0.094,,,1,3.479,18.16,38층 989㎡(54.5×18.2m)
단일,1b 층수·세장비,38,38,129.4,107,32,70,10,37,37580,400.0,7947,45527,1057,11.25,0.052,,,1,3.471,22.24,38층 989㎡(44.5×22.2m)
단일,1b 층수·세장비,55,55,185.5,108,30,70,11,38,37580,400.0,11278,48858,750,7.98,0.116,,,1,3.49,13.07,55층 683㎡(52.3×13.1m)
단일,1b 층수·세장비,55,55,185.5,110,39,70,22,40,37580,400.0,10455,48035,745,7.93,0.037,,,1,3.586,15.09,55층 683㎡(45.3×15.1m)
단일,1a 방위·위치,47,47,159.1,112,37,70,22,42,37580,400.0,9631,47211,866,9.22,0.025,,,1,3.623,16.33,47층 800㎡(49.0×16.3m)
단일,5 미세조정,50,50,169.0,113,36,70,22,43,37580,400.0,9710,47290,814,8.67,0.058,,,1,3.537,16.68,50층 752㎡(45.0×16.7m)
2개동,5 미세조정,52+52,52,175.6,122,42,70,22,52,37580,400.0,12885,50465,801,8.53,0.044,6.9,1.72,2,3.453,16.83,52층 361㎡(21.5×16.8m) + 52층 361㎡(21.5×16.8m)
단일,1b 층수·세장비,55,55,185.5,110,40,71,22,39,37580,400.0,12068,49648,754,8.03,0.047,,,1,3.578,11.69,55층 683㎡(58.4×11.7m)
단일,1b 층수·세장비,55,55,185.5,110,37,71,11,39,37580,400.0,9644,47224,740,7.87,0.096,,,1,3.487,18.48,55층 683㎡(37.0×18.5m)
단일,5 미세조정,51,51,172.3,111,36,71,22,40,37580,400.0,9653,47233,798,8.49,0.056,,,1,3.542,17.17,51층 737㎡(42.9×17.2m)
단일,1a 방위·위치,47,47,159.1,122,44,71,21,51,37580,400.0,9631,47211,866,9.22,0.119,,,1,3.482,16.33,47층 800㎡(49.0×16.3m)
단일,1b 층수·세장비,53,53,178.9,108,33,72,10,36,37580,400.0,9849,47429,769,8.19,0.074,,,1,3.501,16.84,53층 709㎡(42.1×16.8m)
단일,1b 층수·세장비,50,50,169.0,110,37,72,11,38,37580,400.0,8844,46424,809,8.61,0.089,,,1,3.467,22.38,50층 752㎡(33.6×22.4m)
단일,1b 층수·세장비,53,53,178.9,112,40,72,22,40,37580,400.0,11062,48642,777,8.27,0.056,,,1,3.577,13.31,53층 709㎡(53.3×13.3m)
단일,1b 층수·세장비,55,55,185.5,123,44,72,19,51,37580,400.0,9299,46879,738,7.85,0.159,,,1,3.461,21.34,55층 683㎡(32.0×21.3m)
단일,1b 층수·세장비,38,38,129.4,103,39,73,22,30,37580,400.0,8621,46201,1063,11.31,0.057,,,1,3.583,18.16,38층 989㎡(54.5×18.2m)
단일,1b 층수·세장비,47,47,159.1,110,32,73,10,37,37580,400.0,8561,46141,858,9.14,0.087,,,1,3.469,23.09,47층 800㎡(34.6×23.1m)
단일,5 미세조정,47,47,159.1,111,36,73,22,38,37580,400.0,8970,46550,861,9.17,0.044,,,1,3.549,19.4,47층 800㎡(41.2×19.4m)
단일,5 미세조정,47,47,159.1,115,37,73,22,42,37580,400.0,9249,46829,863,9.19,0.077,,,1,3.542,17.88,47층 800㎡(44.7×17.9m)
단일,1b 층수·세장비,41,41,139.3,117,31,73,11,44,37580,400.0,7970,45550,979,10.42,0.116,,,1,3.439,24.72,41층 917㎡(37.1×24.7m)
단일,1b 층수·세장비,41,41,139.3,105,35,74,22,31,37580,400.0,8612,46192,985,10.48,0.058,,,1,3.541,19.15,41층 917㎡(47.9×19.1m)
단일,1b 층수·세장비,44,44,149.2,106,36,74,22,32,37580,400.0,8935,46515,920,9.79,0.05,,,1,3.567,18.48,44층 854㎡(46.2×18.5m)
단일,1b 층수·세장비,44,44,149.2,112,36,74,22,38,37580,400.0,10040,47620,928,9.88,0.077,,,1,3.539,14.61,44층 854㎡(58.4×14.6m)
단일,1b 층수·세장비,53,53,178.9,113,37,74,11,39,37580,400.0,9458,47038,767,8.16,0.102,,,1,3.478,18.83,53층 709㎡(37.7×18.8m)
단일,1b 층수·세장비,44,44,149.2,115,38,74,14,41,37580,400.0,8579,46159,917,9.76,0.126,,,1,3.474,20.67,44층 854㎡(41.3×20.7m)
단일,1b 층수·세장비,38,38,129.4,115,31,74,11,41,37580,400.0,7947,45527,1057,11.25,0.065,,,1,3.454,22.24,38층 989㎡(44.5×22.2m)
단일,1b 층수·세장비,47,47,159.1,125,31,74,11,51,37580,400.0,8561,46141,858,9.14,0.066,,,1,3.454,23.09,47층 800㎡(34.6×23.1m)
단일,1b 층수·세장비,41,41,139.3,113,36,75,17,38,37580,400.0,7970,45550,979,10.42,0.068,,,1,3.471,24.72,41층 917㎡(37.1×24.7m)
단일,1b 층수·세장비,44,44,149.2,116,29,75,10,41,37580,400.0,8579,46159,917,9.76,0.157,,,1,3.465,20.67,44층 854㎡(41.3×20.7m)
단일,1b 층수·세장비,47,47,159.1,120,36,75,17,45,37580,400.0,10391,47971,871,9.27,0.107,,,1,3.454,14.14,47층 800㎡(56.6×14.1m)
단일,1b 층수·세장비,53,53,178.9,127,34,75,10,52,37580,400.0,9849,47429,769,8.19,0.094,,,1,3.428,16.84,53층 709㎡(42.1×16.8m)
단일,1b 층수·세장비,55,55,185.5,112,36,76,10,36,37580,400.0,9299,46879,738,7.85,0.065,,,1,3.488,21.34,55층 683㎡(32.0×21.3m)
단일,1b 층수·세장비,38,38,129.4,120,33,76,10,44,37580,400.0,7660,45240,1054,11.22,0.13,,,1,3.446,25.68,38층 989㎡(38.5×25.7m)
단일,1a 방위·위치,47,47,159.1,127,33,76,13,51,37580,400.0,9631,47211,866,9.22,0.032,,,1,3.419,16.33,47층 800㎡(49.0×16.3m)
단일,1b 층수·세장비,41,41,139.3,110,33,77,20,33,37580,400.0,8268,45848,982,10.45,0.032,,,1,3.535,21.41,41층 917㎡(42.8×21.4m)
단일,1b 층수·세장비,53,53,178.9,118,30,77,10,41,37580,400.0,9119,46699,764,8.14,0.142,,,1,3.443,21.74,53층 709㎡(32.6×21.7m)
단일,1a 방위·위치,47,47,159.1,122,38,77,22,45,37580,400.0,9631,47211,866,9.22,0.07,,,1,3.554,16.33,47층 800㎡(49.0×16.3m)
단일,1b 층수·세장비,44,44,149.2,125,36,77,16,48,37580,400.0,8935,46515,920,9.79,0.189,,,1,3.462,18.48,44층 854㎡(46.2×18.5m)
단일,1b 층수·세장비,55,55,185.5,127,36,77,11,50,37580,400.0,10455,48035,745,7.93,0.102,,,1,3.378,15.09,55층 683㎡(45.3×15.1m)
단일,1b 층수·세장비,50,50,169.0,130,34,77,10,53,37580,400.0,9553,47133,813,8.66,0.095,,,1,3.432,17.34,50층 752㎡(43.3×17.3m)
2개동,5 미세조정,52+52,52,175.6,131,43,77,22,54,37580,400.0,13042,50622,802,8.54,0.035,4.1,1.03,2,3.451,15.52,52층 361㎡(23.3×15.5m) + 52층 361㎡(23.3×15.5m)
단일,1b 층수·세장비,38,38,129.4,112,35,78,22,34,37580,400.0,8278,45858,1060,11.28,0.041,,,1,3.603,19.89,38층 989㎡(49.7×19.9m)
단일,1b 층수·세장비,38,38,129.4,118,33,78,11,40,37580,400.0,7947,45527,1057,11.25,0.108,,,1,3.445,22.24,38층 989㎡(44.5×22.2m)
단일,1b 층수·세장비,53,53,178.9,120,42,78,22,42,37580,400.0,11062,48642,777,8.27,0.079,,,1,3.568,13.31,53층 709㎡(53.3×13.3m)
단일,5 미세조정,48,48,162.4,122,37,78,22,44,37580,400.0,9351,46931,846,9.0,0.077,,,1,3.525,17.7,48층 783㎡(44.2×17.7m)
단일,5 미세조정,50,50,169.0,122,36,78,22,44,37580,400.0,9710,47290,814,8.67,0.067,,,1,3.518,16.68,50층 752㎡(45.0×16.7m)
단일,1b 층수·세장비,38,38,129.4,104,33,79,20,25,37580,400.0,8278,45858,1060,11.28,0.037,,,1,3.528,19.89,38층 989㎡(49.7×19.9m)
단일,1b 층수·세장비,53,53,178.9,133,47,79,22,54,37580,400.0,9458,47038,767,8.16,0.111,,,1,3.492,18.83,53층 709㎡(37.7×18.8m)
단일,1b 층수·세장비,50,50,169.0,121,29,80,10,41,37580,400.0,9174,46754,811,8.63,0.157,,,1,3.441,19.39,50층 752㎡(38.8×19.4m)
단일,1b 층수·세장비,55,55,185.5,122,41,80,22,42,37580,400.0,10455,48035,745,7.93,0.08,,,1,3.581,15.09,55층 683㎡(45.3×15.1m)
단일,1b 층수·세장비,50,50,169.0,122,39,80,22,42,37580,400.0,9553,47133,813,8.66,0.06,,,1,3.576,17.34,50층 752㎡(43.3×17.3m)
단일,1b 층수·세장비,55,55,185.5,123,36,80,22,43,37580,400.0,9299,46879,738,7.85,0.035,,,1,3.573,21.34,55층 683㎡(32.0×21.3m)
단일,1b 층수·세장비,53,53,178.9,123,38,80,22,43,37580,400.0,9119,46699,764,8.14,0.085,,,1,3.556,21.74,53층 709㎡(32.6×21.7m)
단일,1b 층수·세장비,47,47,159.1,123,36,80,22,43,37580,400.0,9631,47211,866,9.22,0.076,,,1,3.511,16.33,47층 800㎡(49.0×16.3m)
단일,5 미세조정,49,49,165.7,124,37,80,22,44,37580,400.0,9842,47422,832,8.85,0.089,,,1,3.513,15.99,49층 767㎡(48.0×16.0m)
단일,1a 방위·위치,47,47,159.1,130,36,80,11,50,37580,400.0,9631,47211,866,9.22,0.049,,,1,3.389,16.33,47층 800㎡(49.0×16.3m)
단일,1b 층수·세장비,55,55,185.5,116,36,81,10,35,37580,400.0,9299,46879,738,7.85,0.048,,,1,3.495,21.34,55층 683㎡(32.0×21.3m)
단일,1b 층수·세장비,38,38,129.4,119,30,81,10,38,37580,400.0,7947,45527,1057,11.25,0.097,,,1,3.469,22.24,38층 989㎡(44.5×22.2m)
단일,1a 방위·위치,47,47,159.1,123,35,81,22,42,37580,400.0,9631,47211,866,9.22,0.055,,,1,3.5,16.33,47층 800㎡(49.0×16.3m)
단일,5 미세조정,52,52,175.6,125,36,81,22,44,37580,400.0,9911,47491,784,8.35,0.066,,,1,3.517,16.36,52층 723㎡(44.2×16.4m)
단일,1b 층수·세장비,53,53,178.9,119,33,82,10,37,37580,400.0,9119,46699,764,8.14,0.09,,,1,3.474,21.74,53층 709㎡(32.6×21.7m)
단일,1b 층수·세장비,44,44,149.2,120,30,82,11,38,37580,400.0,10040,47620,928,9.88,0.116,,,1,3.458,14.61,44층 854㎡(58.4×14.6m)
단일,1b 층수·세장비,44,44,149.2,121,35,82,22,39,37580,400.0,8579,46159,917,9.76,0.046,,,1,3.6,20.67,44층 854㎡(41.3×20.7m)
단일,1b 층수·세장비,38,38,129.4,123,29,82,10,41,37580,400.0,7947,45527,1057,11.25,0.173,,,1,3.467,22.24,38층 989㎡(44.5×22.2m)
단일,1b 층수·세장비,50,50,169.0,124,38,82,22,42,37580,400.0,9553,47133,813,8.66,0.056,,,1,3.585,17.34,50층 752㎡(43.3×17.3m)
단일,1b 층수·세장비,53,53,178.9,125,37,82,22,43,37580,400.0,9458,47038,767,8.16,0.062,,,1,3.534,18.83,53층 709㎡(37.7×18.8m)
단일,1b 층수·세장비,55,55,185.5,129,36,82,22,47,37580,400.0,11278,48858,750,7.98,0.055,,,1,3.602,13.07,55층 683㎡(52.3×13.1m)
단일,1b 층수·세장비,55,55,185.5,133,36,82,16,51,37580,400.0,10042,47622,742,7.9,0.195,,,1,3.45,16.53,55층 683㎡(41.3×16.5m)
단일,1b 층수·세장비,44,44,149.2,134,37,82,11,52,37580,400.0,8579,46159,917,9.76,0.043,,,1,3.457,20.67,44층 854㎡(41.3×20.7m)
단일,1b 층수·세장비,44,44,149.2,134,41,82,21,52,37580,400.0,9305,46885,923,9.82,0.223,,,1,3.451,16.87,44층 854㎡(50.6×16.9m)
단일,1a 방위·위치,47,47,159.1,136,30,82,12,54,37580,400.0,9631,47211,866,9.22,0.179,,,1,3.507,16.33,47층 800㎡(49.0×16.3m)
단일,1b 층수·세장비,38,38,129.4,108,29,83,18,25,37580,400.0,7660,45240,1054,11.22,0.045,,,1,3.557,25.68,38층 989㎡(38.5×25.7m)
단일,1b 층수·세장비,41,41,139.3,118,35,83,22,35,37580,400.0,7970,45550,979,10.42,0.053,,,1,3.577,24.72,41층 917㎡(37.1×24.7m)
단일,1b 층수·세장비,44,44,149.2,122,35,83,20,39,37580,400.0,8270,45850,915,9.74,0.063,,,1,3.56,23.86,44층 854㎡(35.8×23.9m)
단일,1b 층수·세장비,38,38,129.4,122,29,83,10,39,37580,400.0,8621,46201,1063,11.31,0.145,,,1,3.463,18.16,38층 989㎡(54.5×18.2m)
단일,1a 방위·위치,47,47,159.1,128,35,83,22,45,37580,400.0,9631,47211,866,9.22,0.033,,,1,3.608,16.33,47층 800㎡(49.0×16.3m)
단일,1b 층수·세장비,55,55,185.5,129,36,83,22,46,37580,400.0,9299,46879,738,7.85,0.041,,,1,3.593,21.34,55층 683㎡(32.0×21.3m)
단일,1b 층수·세장비,47,47,159.1,129,35,83,16,46,37580,400.0,10391,47971,871,9.27,0.136,,,1,3.437,14.14,47층 800㎡(56.6×14.1m)
단일,1b 층수·세장비,53,53,178.9,130,35,83,22,47,37580,400.0,10255,47835,772,8.21,0.038,,,1,3.607,15.37,53층 709㎡(46.1×15.4m)
단일,1b 층수·세장비,47,47,159.1,135,46,83,20,52,37580,400.0,8881,46461,861,9.16,0.071,,,1,3.476,19.99,47층 800㎡(40.0×20.0m)
단일,1b 층수·세장비,53,53,178.9,122,37,84,17,38,37580,400.0,9119,46699,764,8.14,0.08,,,1,3.436,21.74,53층 709㎡(32.6×21.7m)
단일,1b 층수·세장비,47,47,159.1,131,37,84,22,47,37580,400.0,8881,46461,861,9.16,0.076,,,1,3.587,19.99,47층 800㎡(40.0×20.0m)
단일,1b 층수·세장비,53,53,178.9,134,37,84,17,50,37580,400.0,11062,48642,777,8.27,0.032,,,1,3.396,13.31,53층 709㎡(53.3×13.3m)
단일,1a 방위·위치,47,47,159.1,136,45,84,22,52,37580,400.0,9631,47211,866,9.22,0.112,,,1,3.503,16.33,47층 800㎡(49.0×16.3m)
단일,1b 층수·세장비,47,47,159.1,136,37,84,11,52,37580,400.0,8561,46141,858,9.14,0.055,,,1,3.445,23.09,47층 800㎡(34.6×23.1m)
2개동,2개동,53+53,53,178.9,136,47,84,22,52,37580,400.0,13176,50756,788,8.39,0.035,4.3,1.08,2,3.445,15.37,53층 355㎡(23.1×15.4m) + 53층 355㎡(23.1×15.4m)
단일,1b 층수·세장비,44,44,149.2,136,34,84,10,52,37580,400.0,8270,45850,915,9.74,0.122,,,1,3.424,23.86,44층 854㎡(35.8×23.9m)
단일,1b 층수·세장비,38,38,129.4,122,33,85,18,37,37580,400.0,7947,45527,1057,11.25,0.116,,,1,3.553,22.24,38층 989㎡(44.5×22.2m)
단일,1b 층수·세장비,44,44,149.2,123,31,85,10,38,37580,400.0,8270,45850,915,9.74,0.095,,,1,3.456,23.86,44층 854㎡(35.8×23.9m)
단일,1b 층수·세장비,50,50,169.0,127,35,85,16,42,37580,400.0,11484,49064,826,8.79,0.105,,,1,3.435,12.26,50층 752㎡(61.3×12.3m)
단일,1b 층수·세장비,55,55,185.5,128,37,85,22,43,37580,400.0,10455,48035,745,7.93,0.089,,,1,3.514,15.09,55층 683㎡(45.3×15.1m)
단일,1b 층수·세장비,41,41,139.3,131,35,85,16,46,37580,400.0,8612,46192,985,10.48,0.204,,,1,3.446,19.15,41층 917㎡(47.9×19.1m)
단일,1b 층수·세장비,47,47,159.1,135,29,85,16,50,37580,400.0,10391,47971,871,9.27,0.111,,,1,3.469,14.14,47층 800㎡(56.6×14.1m)
단일,1b 층수·세장비,53,53,178.9,137,44,85,21,52,37580,400.0,9458,47038,767,8.16,0.192,,,1,3.47,18.83,53층 709㎡(37.7×18.8m)
2개동,2개동,38+38,38,129.4,146,26,85,12,61,37580,400.0,15173,52753,1118,11.9,0.151,6.0,0.09,2,3.395,9.08,38층 494㎡(54.5×9.1m) + 38층 494㎡(54.5×9.1m)
단일,1b 층수·세장비,50,50,169.0,132,36,86,22,46,37580,400.0,8844,46424,809,8.61,0.055,,,1,3.567,22.38,50층 752㎡(33.6×22.4m)
단일,1b 층수·세장비,55,55,185.5,133,36,86,17,47,37580,400.0,9299,46879,738,7.85,0.023,,,1,3.439,21.34,55층 683㎡(32.0×21.3m)
2개동,2개동,44+44,44,149.2,138,34,86,14,52,37580,400.0,12365,49945,944,10.05,0.119,6.1,1.52,2,3.403,14.61,44층 427㎡(29.2×14.6m) + 44층 427㎡(29.2×14.6m)
단일,1b 층수·세장비,55,55,185.5,118,31,87,11,31,37580,400.0,10455,48035,745,7.93,0.053,,,1,3.508,15.09,55층 683㎡(45.3×15.1m)
단일,1b 층수·세장비,55,55,185.5,121,36,87,14,34,37580,400.0,9299,46879,738,7.85,0.039,,,1,3.494,21.34,55층 683㎡(32.0×21.3m)
단일,1b 층수·세장비,41,41,139.3,124,27,87,16,37,37580,400.0,8268,45848,982,10.45,0.039,,,1,3.522,21.41,41층 917㎡(42.8×21.4m)
단일,1b 층수·세장비,47,47,159.1,125,30,87,10,38,37580,400.0,9631,47211,866,9.22,0.109,,,1,3.469,16.33,47층 800㎡(49.0×16.3m)
단일,1b 층수·세장비,50,50,169.0,127,36,87,10,40,37580,400.0,9174,46754,811,8.63,0.119,,,1,3.434,19.39,50층 752㎡(38.8×19.4m)
단일,1b 층수·세장비,38,38,129.4,129,36,87,16,42,37580,400.0,8278,45858,1060,11.28,0.18,,,1,3.448,19.89,38층 989㎡(49.7×19.9m)
단일,1b 층수·세장비,38,38,129.4,131,36,87,15,44,37580,400.0,9962,47542,1074,11.44,0.062,,,1,3.455,14.06,38층 989㎡(70.3×14.1m)
단일,1b 층수·세장비,53,53,178.9,133,37,87,22,46,37580,400.0,9119,46699,764,8.14,0.043,,,1,3.554,21.74,53층 709㎡(32.6×21.7m)
단일,1b 층수·세장비,53,53,178.9,133,36,87,22,46,37580,400.0,11062,48642,777,8.27,0.061,,,1,3.471,13.31,53층 709㎡(53.3×13.3m)
단일,1a 방위·위치,47,47,159.1,139,37,87,11,52,37580,400.0,9631,47211,866,9.22,0.034,,,1,3.45,16.33,47층 800㎡(49.0×16.3m)
단일,1a 방위·위치,47,47,159.1,140,32,87,12,53,37580,400.0,9631,47211,866,9.22,0.056,,,1,3.535,16.33,47층 800㎡(49.0×16.3m)
단일,1a 방위·위치,47,47,159.1,140,47,87,22,53,37580,400.0,9631,47211,866,9.22,0.081,,,1,3.489,16.33,47층 800㎡(49.0×16.3m)
단일,1b 층수·세장비,55,55,185.5,132,41,88,22,44,37580,400.0,9644,47224,740,7.87,0.079,,,1,3.582,18.48,55층 683㎡(37.0×18.5m)
단일,1b 층수·세장비,41,41,139.3,132,30,88,16,44,37580,400.0,8268,45848,982,10.45,0.13,,,1,3.526,21.41,41층 917㎡(42.8×21.4m)
단일,1b 층수·세장비,53,53,178.9,136,37,88,20,48,37580,400.0,10255,47835,772,8.21,0.102,,,1,3.527,15.37,53층 709㎡(46.1×15.4m)
단일,1a 방위·위치,47,47,159.1,143,39,88,14,55,37580,400.0,9631,47211,866,9.22,0.044,,,1,3.495,16.33,47층 800㎡(49.0×16.3m)
단일,1b 층수·세장비,55,55,185.5,123,30,89,11,34,37580,400.0,11278,48858,750,7.98,0.075,,,1,3.493,13.07,55층 683㎡(52.3×13.1m)
단일,1b 층수·세장비,50,50,169.0,135,37,89,22,46,37580,400.0,8844,46424,809,8.61,0.057,,,1,3.562,22.38,50층 752㎡(33.6×22.4m)
단일,1b 층수·세장비,53,53,178.9,135,37,89,22,46,37580,400.0,9119,46699,764,8.14,0.057,,,1,3.561,21.74,53층 709㎡(32.6×21.7m)
단일,1b 층수·세장비,55,55,185.5,135,37,89,20,46,37580,400.0,11278,48858,750,7.98,0.081,,,1,3.514,13.07,55층 683㎡(52.3×13.1m)
단일,1b 층수·세장비,47,47,159.1,135,30,89,18,46,37580,400.0,9249,46829,863,9.19,0.084,,,1,3.501,17.88,47층 800㎡(44.7×17.9m)
단일,1b 층수·세장비,44,44,149.2,135,36,89,17,46,37580,400.0,8270,45850,915,9.74,0.042,,,1,3.441,23.86,44층 854㎡(35.8×23.9m)
단일,1b 층수·세장비,53,53,178.9,138,39,89,20,49,37580,400.0,11062,48642,777,8.27,0.104,,,1,3.51,13.31,53층 709㎡(53.3×13.3m)
단일,1b 층수·세장비,41,41,139.3,139,42,89,19,50,37580,400.0,8612,46192,985,10.48,0.195,,,1,3.432,19.15,41층 917㎡(47.9×19.1m)
단일,1b 층수·세장비,47,47,159.1,142,42,89,18,53,37580,400.0,8881,46461,861,9.16,0.134,,,1,3.467,19.99,47층 800㎡(40.0×20.0m)
단일,1b 층수·세장비,50,50,169.0,138,38,90,22,48,37580,400.0,8844,46424,809,8.61,0.077,,,1,3.57,22.38,50층 752㎡(33.6×22.4m)
단일,1b 층수·세장비,41,41,139.3,138,34,90,10,48,37580,400.0,8268,45848,982,10.45,0.122,,,1,3.429,21.41,41층 917㎡(42.8×21.4m)
단일,1b 층수·세장비,47,47,159.1,138,34,90,11,48,37580,400.0,8561,46141,858,9.14,0.11,,,1,3.406,23.09,47층 800㎡(34.6×23.1m)
단일,1b 층수·세장비,47,47,159.1,126,31,91,10,35,37580,400.0,9631,47211,866,9.22,0.08,,,1,3.474,16.33,47층 800㎡(49.0×16.3m)
단일,1b 층수·세장비,38,38,129.4,128,30,91,11,37,37580,400.0,7660,45240,1054,11.22,0.053,,,1,3.461,25.68,38층 989㎡(38.5×25.7m)
단일,1b 층수·세장비,41,41,139.3,129,28,91,16,38,37580,400.0,8268,45848,982,10.45,0.066,,,1,3.513,21.41,41층 917㎡(42.8×21.4m)
단일,1a 방위·위치,47,47,159.1,130,30,91,10,39,37580,400.0,9631,47211,866,9.22,0.115,,,1,3.454,16.33,47층 800㎡(49.0×16.3m)
단일,1b 층수·세장비,47,47,159.1,142,32,91,11,51,37580,400.0,8561,46141,858,9.14,0.066,,,1,3.442,23.09,47층 800㎡(34.6×23.1m)
단일,1b 층수·세장비,53,53,178.9,144,43,91,18,53,37580,400.0,9458,47038,767,8.16,0.216,,,1,3.474,18.83,53층 709㎡(37.7×18.8m)
단일,1b 층수·세장비,44,44,149.2,128,31,92,10,36,37580,400.0,8935,46515,920,9.79,0.08,,,1,3.469,18.48,44층 854㎡(46.2×18.5m)
단일,1b 층수·세장비,41,41,139.3,129,33,92,10,37,37580,400.0,7970,45550,979,10.42,0.071,,,1,3.453,24.72,41층 917㎡(37.1×24.7m)
단일,1b 층수·세장비,41,41,139.3,130,30,92,10,38,37580,400.0,8612,46192,985,10.48,0.109,,,1,3.462,19.15,41층 917㎡(47.9×19.1m)
단일,1b 층수·세장비,41,41,139.3,131,32,92,20,39,37580,400.0,7970,45550,979,10.42,0.038,,,1,3.591,24.72,41층 917㎡(37.1×24.7m)
단일,1b 층수·세장비,47,47,159.1,132,37,92,17,40,37580,400.0,8561,46141,858,9.14,0.077,,,1,3.433,23.09,47층 800㎡(34.6×23.1m)
단일,1b 층수·세장비,44,44,149.2,138,28,92,16,46,37580,400.0,9305,46885,923,9.82,0.118,,,1,3.489,16.87,44층 854㎡(50.6×16.9m)
2개동,2개동,47+47,47,159.1,144,41,92,20,52,37580,400.0,12807,50387,886,9.43,0.045,9.0,2.25,2,3.442,14.14,47층 400㎡(28.3×14.1m) + 47층 400㎡(28.3×14.1m)
단일,1b 층수·세장비,55,55,185.5,145,43,92,18,53,37580,400.0,10455,48035,745,7.93,0.099,,,1,3.464,15.09,55층 683㎡(45.3×15.1m)
단일,1a 방위·위치,47,47,159.1,149,32,92,12,57,37580,400.0,9631,47211,866,9.22,0.053,,,1,3.534,16.33,47층 800㎡(49.0×16.3m)
단일,1b 층수·세장비,38,38,129.4,130,33,93,10,37,37580,400.0,7660,45240,1054,11.22,0.062,,,1,3.452,25.68,38층 989㎡(38.5×25.7m)
단일,1b 층수·세장비,44,44,149.2,135,33,93,11,42,37580,400.0,8579,46159,917,9.76,0.18,,,1,3.415,20.67,44층 854㎡(41.3×20.7m)
단일,1b 층수·세장비,38,38,129.4,138,30,93,10,45,37580,400.0,7947,45527,1057,11.25,0.055,,,1,3.467,22.24,38층 989㎡(44.5×22.2m)
단일,1b 층수·세장비,41,41,139.3,141,33,93,10,48,37580,400.0,7970,45550,979,10.42,0.116,,,1,3.41,24.72,41층 917㎡(37.1×24.7m)
단일,1a 방위·위치,47,47,159.1,150,33,93,12,57,37580,400.0,9631,47211,866,9.22,0.054,,,1,3.519,16.33,47층 800㎡(49.0×16.3m)
단일,1b 층수·세장비,55,55,185.5,150,47,93,22,57,37580,400.0,11278,48858,750,7.98,0.069,,,1,3.467,13.07,55층 683㎡(52.3×13.1m)
2개동,2개동,47+47,47,159.1,153,29,93,12,60,37580,400.0,13327,50907,890,9.47,0.132,5.7,1.43,2,3.415,12.65,47층 400㎡(31.6×12.6m) + 47층 400㎡(31.6×12.6m)
단일,1b 층수·세장비,55,55,185.5,142,35,94,22,48,37580,400.0,12068,49648,754,8.03,0.083,,,1,3.444,11.69,55층 683㎡(58.4×11.7m)
2개동,2개동,50+50,50,169.0,151,33,94,12,57,37580,400.0,12771,50351,833,8.86,0.059,4.3,1.07,2,3.482,15.83,50층 376㎡(23.7×15.8m) + 50층 376㎡(23.7×15.8m)
2개동,2개동,55+55,55,185.5,154,31,94,12,60,37580,400.0,14492,52072,767,8.17,0.16,6.9,1.72,2,3.421,11.69,55층 342㎡(29.2×11.7m) + 55층 342㎡(29.2×11.7m)
단일,1a 방위·위치,47,47,159.1,155,28,94,12,61,37580,400.0,9631,47211,866,9.22,0.208,,,1,3.464,16.33,47층 800㎡(49.0×16.3m)
단일,1a 방위·위치,47,47,159.1,141,38,95,22,46,37580,400.0,9631,47211,866,9.22,0.078,,,1,3.575,16.33,47층 800㎡(49.0×16.3m)
2개동,2개동,53+53,53,178.9,151,34,95,12,56,37580,400.0,13656,51236,791,8.42,0.034,6.0,1.5,2,3.474,13.31,53층 355㎡(26.6×13.3m) + 53층 355㎡(26.6×13.3m)
2개동,2개동,47+47,47,159.1,152,33,95,12,57,37580,400.0,12356,49936,883,9.4,0.055,4.3,1.07,2,3.484,16.33,47층 400㎡(24.5×16.3m) + 47층 400㎡(24.5×16.3m)
2개동,2개동,55+55,55,185.5,155,32,95,12,60,37580,400.0,13441,51021,761,8.1,0.212,5.1,1.29,2,3.423,15.09,55층 342㎡(22.6×15.1m) + 55층 342㎡(22.6×15.1m)
단일,1a 방위·위치,47,47,159.1,157,28,95,12,62,37580,400.0,9631,47211,866,9.22,0.229,,,1,3.461,16.33,47층 800㎡(49.0×16.3m)
단일,1a 방위·위치,47,47,159.1,148,34,96,10,52,37580,400.0,9631,47211,866,9.22,0.095,,,1,3.409,16.33,47층 800㎡(49.0×16.3m)
단일,1b 층수·세장비,53,53,178.9,127,35,97,11,30,37580,400.0,9458,47038,767,8.16,0.027,,,1,3.501,18.83,53층 709㎡(37.7×18.8m)
단일,1b 층수·세장비,38,38,129.4,136,30,97,10,39,37580,400.0,7947,45527,1057,11.25,0.115,,,1,3.448,22.24,38층 989㎡(44.5×22.2m)
단일,1b 층수·세장비,47,47,159.1,142,34,97,22,45,37580,400.0,9631,47211,866,9.22,0.062,,,1,3.601,16.33,47층 800㎡(49.0×16.3m)
2개동,2개동,47+47,47,159.1,152,40,97,18,55,37580,400.0,12356,49936,883,9.4,0.072,9.0,2.25,2,3.449,16.33,47층 400㎡(24.5×16.3m) + 47층 400㎡(24.5×16.3m)
단일,1b 층수·세장비,55,55,185.5,131,34,98,11,33,37580,400.0,10042,47622,742,7.9,0.045,,,1,3.485,16.53,55층 683㎡(41.3×16.5m)
단일,1b 층수·세장비,41,41,139.3,133,31,98,11,35,37580,400.0,8268,45848,982,10.45,0.043,,,1,3.473,21.41,41층 917㎡(42.8×21.4m)
단일,1b 층수·세장비,47,47,159.1,148,27,98,16,50,37580,400.0,9631,47211,866,9.22,0.071,,,1,3.462,16.33,47층 800㎡(49.0×16.3m)
2개동,2개동,53+53,53,178.9,150,37,98,13,52,37580,400.0,14782,52362,798,8.49,0.112,4.3,0.05,2,3.368,10.87,53층 355㎡(32.6×10.9m) + 53층 355㎡(32.6×10.9m)
단일,1b 층수·세장비,50,50,169.0,151,40,98,16,53,37580,400.0,9947,47527,816,8.68,0.203,,,1,3.461,15.83,50층 752㎡(47.5×15.8m)
2개동,2개동,55+55,55,185.5,157,32,98,12,59,37580,400.0,13929,51509,764,8.13,0.231,9.0,2.26,2,3.385,13.07,55층 342㎡(26.1×13.1m) + 55층 342㎡(26.1×13.1m)
단일,1b 층수·세장비,38,38,129.4,140,31,99,18,41,37580,400.0,7660,45240,1054,11.22,0.062,,,1,3.582,25.68,38층 989㎡(38.5×25.7m)
단일,1b 층수·세장비,41,41,139.3,141,35,99,16,42,37580,400.0,9679,47259,993,10.57,0.164,,,1,3.413,15.14,41층 917㎡(60.6×15.1m)
단일,1b 층수·세장비,53,53,178.9,143,39,99,17,44,37580,400.0,9849,47429,769,8.19,0.07,,,1,3.395,16.84,53층 709㎡(42.1×16.8m)
단일,1b 층수·세장비,53,53,178.9,149,32,99,20,50,37580,400.0,9458,47038,767,8.16,0.073,,,1,3.511,18.83,53층 709㎡(37.7×18.8m)
단일,1a 방위·위치,47,47,159.1,161,30,99,12,62,37580,400.0,9631,47211,866,9.22,0.253,,,1,3.455,16.33,47층 800㎡(49.0×16.3m)
단일,1b 층수·세장비,50,50,169.0,151,30,100,18,51,37580,400.0,8844,46424,809,8.61,0.066,,,1,3.519,22.38,50층 752㎡(33.6×22.4m)
2개동,2개동,55+55,55,185.5,160,31,100,12,60,37580,400.0,13441,51021,761,8.1,0.143,9.4,2.36,2,3.417,15.09,55층 342㎡(22.6×15.1m) + 55층 342㎡(22.6×15.1m)
단일,1a 방위·위치,47,47,159.1,156,30,101,12,55,37580,400.0,9631,47211,866,9.22,0.105,,,1,3.538,16.33,47층 800㎡(49.0×16.3m)
2개동,2개동,44+44,44,149.2,164,28,101,12,63,37580,400.0,11928,49508,940,10.01,0.16,4.3,1.07,2,3.429,16.87,44층 427㎡(25.3×16.9m) + 44층 427㎡(25.3×16.9m)
단일,1b 층수·세장비,50,50,169.0,151,37,102,22,49,37580,400.0,8844,46424,809,8.61,0.093,,,1,3.567,22.38,50층 752㎡(33.6×22.4m)
단일,1a 방위·위치,47,47,159.1,156,33,102,10,54,37580,400.0,9631,47211,866,9.22,0.084,,,1,3.36,16.33,47층 800㎡(49.0×16.3m)
2개동,2개동,50+50,50,169.0,162,31,102,12,60,37580,400.0,12771,50351,833,8.86,0.22,6.7,1.67,2,3.411,15.83,50층 376㎡(23.7×15.8m) + 50층 376㎡(23.7×15.8m)
2개동,2개동,38+38,38,129.4,166,30,102,12,64,37580,400.0,12393,49973,1094,11.64,0.214,6.0,0.09,2,3.403,12.84,38층 494㎡(38.5×12.8m) + 38층 494㎡(38.5×12.8m)
단일,1b 층수·세장비,44,44,149.2,142,31,103,10,39,37580,400.0,8579,46159,917,9.76,0.123,,,1,3.43,20.67,44층 854㎡(41.3×20.7m)
단일,1b 층수·세장비,47,47,159.1,148,37,103,15,45,37580,400.0,8881,46461,861,9.16,0.082,,,1,3.409,19.99,47층 800㎡(40.0×20.0m)
2개동,2개동,41+41,41,139.3,155,33,103,13,52,37580,400.0,14869,52449,1033,11.0,0.086,4.3,0.06,2,3.397,9.57,41층 458㎡(47.9×9.6m) + 41층 458㎡(47.9×9.6m)
2개동,2개동,38+38,38,129.4,155,30,103,12,52,37580,400.0,15173,52753,1118,11.9,0.105,6.0,0.09,2,3.391,9.08,38층 494㎡(54.5×9.1m) + 38층 494㎡(54.5×9.1m)
단일,1a 방위·위치,47,47,159.1,137,34,104,17,33,37580,400.0,9631,47211,866,9.22,0.055,,,1,3.487,16.33,47층 800㎡(49.0×16.3m)
단일,1b 층수·세장비,38,38,129.4,148,34,104,10,44,37580,400.0,7660,45240,1054,11.22,0.127,,,1,3.434,25.68,38층 989㎡(38.5×25.7m)
2개동,2개동,53+53,53,178.9,161,33,104,12,57,37580,400.0,15923,53503,805,8.57,0.107,4.3,0.05,2,3.417,9.41,53층 355㎡(37.7×9.4m) + 53층 355㎡(37.7×9.4m)
단일,1a 방위·위치,47,47,159.1,167,30,104,12,63,37580,400.0,9631,47211,866,9.22,0.199,,,1,3.474,16.33,47층 800㎡(49.0×16.3m)
2개동,2개동,53+53,53,178.9,167,32,104,12,63,37580,400.0,13176,50756,788,8.39,0.044,17.9,0.2,2,3.374,15.37,53층 355㎡(23.1×15.4m) + 53층 355㎡(23.1×15.4m)
2개동,2개동,44+44,44,149.2,157,42,105,18,52,37580,400.0,14431,52011,959,10.21,0.092,4.3,0.06,2,3.377,10.33,44층 427㎡(41.3×10.3m) + 44층 427㎡(41.3×10.3m)
2개동,2개동,53+53,53,178.9,159,38,105,18,54,37580,400.0,13176,50756,788,8.39,0.037,14.5,0.16,2,3.377,15.37,53층 355㎡(23.1×15.4m) + 53층 355㎡(23.1×15.4m)
2개동,2개동,55+55,55,185.5,161,43,105,18,56,37580,400.0,13441,51021,761,8.1,0.037,11.8,0.13,2,3.364,15.09,55층 342㎡(22.6×15.1m) + 55층 342㎡(22.6×15.1m)
2개동,2개동,38+38,38,129.4,173,30,105,12,68,37580,400.0,13359,50939,1102,11.73,0.148,9.0,0.14,2,3.38,11.12,38층 494㎡(44.5×11.1m) + 38층 494㎡(44.5×11.1m)
단일,1b 층수·세장비,44,44,149.2,144,31,106,11,38,37580,400.0,8579,46159,917,9.76,0.067,,,1,3.443,20.67,44층 854㎡(41.3×20.7m)
단일,1b 층수·세장비,38,38,129.4,148,30,106,10,42,37580,400.0,7947,45527,1057,11.25,0.038,,,1,3.442,22.24,38층 989㎡(44.5×22.2m)
단일,1b 층수·세장비,38,38,129.4,150,34,106,10,44,37580,400.0,8278,45858,1060,11.28,0.119,,,1,3.431,19.89,38층 989㎡(49.7×19.9m)
단일,1b 층수·세장비,38,38,129.4,154,36,106,15,48,37580,400.0,8621,46201,1063,11.31,0.135,,,1,3.419,18.16,38층 989㎡(54.5×18.2m)
2개동,2개동,53+53,53,178.9,158,42,106,20,52,37580,400.0,15923,53503,805,8.57,0.157,6.0,0.07,2,3.362,9.41,53층 355㎡(37.7×9.4m) + 53층 355㎡(37.7×9.4m)
단일,1b 층수·세장비,53,53,178.9,159,29,106,18,53,37580,400.0,9849,47429,769,8.19,0.044,,,1,3.474,16.84,53층 709㎡(42.1×16.8m)
2개동,2개동,53+53,53,178.9,163,43,106,18,57,37580,400.0,13176,50756,788,8.39,0.037,11.9,0.13,2,3.358,15.37,53층 355㎡(23.1×15.4m) + 53층 355㎡(23.1×15.4m)
2개동,2개동,38+38,38,129.4,165,25,106,12,59,37580,400.0,11033,48613,1082,11.51,0.346,4.3,1.07,2,3.376,18.16,38층 494㎡(27.2×18.2m) + 38층 494㎡(27.2×18.2m)
단일,1b 층수·세장비,38,38,129.4,150,32,107,10,43,37580,400.0,8621,46201,1063,11.31,0.075,,,1,3.406,18.16,38층 989㎡(54.5×18.2m)
2개동,2개동,44+44,44,149.2,160,40,107,20,53,37580,400.0,14431,52011,959,10.21,0.1,4.3,0.06,2,3.39,10.33,44층 427㎡(41.3×10.3m) + 44층 427㎡(41.3×10.3m)
단일,1a 방위·위치,47,47,159.1,167,35,107,14,60,37580,400.0,9631,47211,866,9.22,0.146,,,1,3.494,16.33,47층 800㎡(49.0×16.3m)
2개동,2개동,53+53,53,178.9,167,29,107,12,60,37580,400.0,13656,51236,791,8.42,0.136,13.0,3.25,2,3.4,13.31,53층 355㎡(26.6×13.3m) + 53층 355㎡(26.6×13.3m)
2개동,2개동,53+53,53,178.9,169,29,107,12,62,37580,400.0,13176,50756,788,8.39,0.02,11.9,0.13,2,3.419,15.37,53층 355㎡(23.1×15.4m) + 53층 355㎡(23.1×15.4m)
2개동,2개동,38+38,38,129.4,176,31,107,12,69,37580,400.0,11907,49487,1089,11.6,0.233,4.3,0.07,2,3.408,14.06,38층 494㎡(35.2×14.1m) + 38층 494㎡(35.2×14.1m)
2개동,2개동,38+38,38,129.4,159,28,108,12,51,37580,400.0,14288,51868,1110,11.82,0.125,4.3,0.07,2,3.458,9.94,38층 494㎡(49.7×9.9m) + 38층 494㎡(49.7×9.9m)
단일,1b 층수·세장비,47,47,159.1,160,35,108,10,52,37580,400.0,8881,46461,861,9.16,0.12,,,1,3.4,19.99,47층 800㎡(40.0×20.0m)
단일,1a 방위·위치,47,47,159.1,160,30,108,11,52,37580,400.0,9631,47211,866,9.22,0.207,,,1,3.381,16.33,47층 800㎡(49.0×16.3m)
2개동,2개동,38+38,38,129.4,177,31,108,12,69,37580,400.0,12393,49973,1094,11.64,0.242,4.3,0.07,2,3.408,12.84,38층 494㎡(38.5×12.8m) + 38층 494㎡(38.5×12.8m)
단일,1b 층수·세장비,41,41,139.3,148,31,109,10,39,37580,400.0,7970,45550,979,10.42,0.118,,,1,3.419,24.72,41층 917㎡(37.1×24.7m)
단일,1b 층수·세장비,47,47,159.1,152,33,109,14,43,37580,400.0,10391,47971,871,9.27,0.21,,,1,3.389,14.14,47층 800㎡(56.6×14.1m)
단일,1b 층수·세장비,41,41,139.3,152,30,109,10,43,37580,400.0,8969,46549,988,10.51,0.175,,,1,3.381,17.48,41층 917㎡(52.4×17.5m)
2개동,2개동,38+38,38,129.4,155,33,109,11,46,37580,400.0,13359,50939,1102,11.73,0.089,4.3,0.07,2,3.388,11.12,38층 494㎡(44.5×11.1m) + 38층 494㎡(44.5×11.1m)
단일,1b 층수·세장비,41,41,139.3,156,28,109,16,47,37580,400.0,8612,46192,985,10.48,0.053,,,1,3.593,19.15,41층 917㎡(47.9×19.1m)
2개동,2개동,50+50,50,169.0,166,40,109,18,57,37580,400.0,12771,50351,833,8.86,0.062,12.1,0.14,2,3.387,15.83,50층 376㎡(23.7×15.8m) + 50층 376㎡(23.7×15.8m)
단일,1b 층수·세장비,50,50,169.0,151,29,110,10,41,37580,400.0,11484,49064,826,8.79,0.152,,,1,3.379,12.26,50층 752㎡(61.3×12.3m)
2개동,2개동,41+41,41,139.3,157,31,110,10,47,37580,400.0,11488,49068,1006,10.71,0.088,6.8,1.69,2,3.375,17.48,41층 458㎡(26.2×17.5m) + 41층 458㎡(26.2×17.5m)
2개동,2개동,38+38,38,129.4,161,30,110,12,51,37580,400.0,13359,50939,1102,11.73,0.16,4.3,0.07,2,3.407,11.12,38층 494㎡(44.5×11.1m) + 38층 494㎡(44.5×11.1m)
2개동,2개동,53+53,53,178.9,167,39,110,18,57,37580,400.0,13176,50756,788,8.39,0.054,14.5,0.16,2,3.376,15.37,53층 355㎡(23.1×15.4m) + 53층 355㎡(23.1×15.4m)
2개동,2개동,38+38,38,129.4,169,29,110,12,59,37580,400.0,12393,49973,1094,11.64,0.184,4.3,0.07,2,3.439,12.84,38층 494㎡(38.5×12.8m) + 38층 494㎡(38.5×12.8m)
단일,1b 층수·세장비,53,53,178.9,149,29,111,10,38,37580,400.0,11838,49418,782,8.32,0.098,,,1,3.418,11.91,53층 709㎡(59.5×11.9m)
단일,1a 방위·위치,47,47,159.1,165,32,111,12,54,37580,400.0,9631,47211,866,9.22,0.181,,,1,3.514,16.33,47층 800㎡(49.0×16.3m)
2개동,2개동,53+53,53,178.9,166,31,111,12,55,37580,400.0,13656,51236,791,8.42,0.137,4.3,1.08,2,3.402,13.31,53층 355㎡(26.6×13.3m) + 53층 355㎡(26.6×13.3m)
2개동,2개동,47+47,47,159.1,172,29,111,12,61,37580,400.0,12356,49936,883,9.4,0.184,13.3,3.33,2,3.389,16.33,47층 400㎡(24.5×16.3m) + 47층 400㎡(24.5×16.3m)
단일,1a 방위·위치,47,47,159.1,174,31,111,14,63,37580,400.0,9631,47211,866,9.22,0.154,,,1,3.457,16.33,47층 800㎡(49.0×16.3m)
단일,1a 방위·위치,47,47,159.1,175,33,111,12,64,37580,400.0,9631,47211,866,9.22,0.092,,,1,3.482,16.33,47층 800㎡(49.0×16.3m)
2개동,2개동,38+38,38,129.4,160,38,112,18,48,37580,400.0,13359,50939,1102,11.73,0.084,4.3,0.07,2,3.401,11.12,38층 494㎡(44.5×11.1m) + 38층 494㎡(44.5×11.1m)
단일,1a 방위·위치,47,47,159.1,165,34,112,18,53,37580,400.0,9631,47211,866,9.22,0.07,,,1,3.594,16.33,47층 800㎡(49.0×16.3m)
단일,1b 층수·세장비,44,44,149.2,166,39,112,19,54,37580,400.0,8579,46159,917,9.76,0.247,,,1,3.455,20.67,44층 854㎡(41.3×20.7m)
단일,1a 방위·위치,47,47,159.1,175,29,112,12,63,37580,400.0,9631,47211,866,9.22,0.176,,,1,3.475,16.33,47층 800㎡(49.0×16.3m)
단일,1b 층수·세장비,41,41,139.3,152,29,113,10,39,37580,400.0,8612,46192,985,10.48,0.102,,,1,3.432,19.15,41층 917㎡(47.9×19.1m)
2개동,2개동,50+50,50,169.0,168,34,113,13,55,37580,400.0,13774,51354,839,8.93,0.121,6.0,0.07,2,3.344,12.26,50층 376㎡(30.7×12.3m) + 50층 376㎡(30.7×12.3m)
2개동,2개동,44+44,44,149.2,171,29,113,12,58,37580,400.0,11928,49508,940,10.01,0.272,9.5,2.38,2,3.381,16.87,44층 427㎡(25.3×16.9m) + 44층 427㎡(25.3×16.9m)
단일,1b 층수·세장비,41,41,139.3,151,30,114,10,37,37580,400.0,8969,46549,988,10.51,0.115,,,1,3.401,17.48,41층 917㎡(52.4×17.5m)
단일,1a 방위·위치,47,47,159.1,154,29,114,10,40,37580,400.0,9631,47211,866,9.22,0.124,,,1,3.404,16.33,47층 800㎡(49.0×16.3m)
단일,1b 층수·세장비,41,41,139.3,164,27,114,16,50,37580,400.0,8268,45848,982,10.45,0.059,,,1,3.58,21.41,41층 917㎡(42.8×21.4m)
2개동,2개동,41+41,41,139.3,166,38,114,18,52,37580,400.0,13904,51484,1026,10.92,0.176,4.3,0.06,2,3.384,10.7,41층 458㎡(42.8×10.7m) + 41층 458㎡(42.8×10.7m)
2개동,2개동,38+38,38,129.4,175,26,114,12,61,37580,400.0,11439,49019,1085,11.55,0.145,4.3,0.07,2,3.422,15.72,38층 494㎡(31.4×15.7m) + 38층 494㎡(31.4×15.7m)
2개동,2개동,55+55,55,185.5,175,34,114,12,61,37580,400.0,16239,53819,778,8.28,0.077,6.0,0.06,2,3.375,9.24,55층 342㎡(37.0×9.2m) + 55층 342㎡(37.0×9.2m)
2개동,2개동,55+55,55,185.5,168,40,115,16,53,37580,400.0,13929,51509,764,8.13,0.052,16.4,0.18,2,3.333,13.07,55층 342㎡(26.1×13.1m) + 55층 342㎡(26.1×13.1m)
2개동,2개동,53+53,53,178.9,169,39,115,19,54,37580,400.0,13176,50756,788,8.39,0.031,5.2,1.29,2,3.376,15.37,53층 355㎡(23.1×15.4m) + 53층 355㎡(23.1×15.4m)
단일,1b 층수·세장비,44,44,149.2,172,30,115,18,57,37580,400.0,8270,45850,915,9.74,0.065,,,1,3.573,23.86,44층 854㎡(35.8×23.9m)
2개동,2개동,50+50,50,169.0,177,28,115,12,62,37580,400.0,12771,50351,833,8.86,0.035,12.1,0.14,2,3.428,15.83,50층 376㎡(23.7×15.8m) + 50층 376㎡(23.7×15.8m)
단일,1a 방위·위치,47,47,159.1,185,25,115,12,70,37580,400.0,9631,47211,866,9.22,0.138,,,1,3.454,16.33,47층 800㎡(49.0×16.3m)
단일,1b 층수·세장비,44,44,149.2,168,41,116,16,52,37580,400.0,8270,45850,915,9.74,0.189,,,1,3.425,23.86,44층 854㎡(35.8×23.9m)
단일,1b 층수·세장비,47,47,159.1,170,31,116,10,54,37580,400.0,11817,49397,881,9.38,0.027,,,1,3.36,11.54,47층 800㎡(69.3×11.5m)
단일,1a 방위·위치,47,47,159.1,171,33,116,20,55,37580,400.0,9631,47211,866,9.22,0.047,,,1,3.464,16.33,47층 800㎡(49.0×16.3m)
2개동,2개동,47+47,47,159.1,171,35,116,13,55,37580,400.0,13868,51448,894,9.51,0.07,7.6,1.89,2,3.393,11.54,47층 400㎡(34.6×11.5m) + 47층 400㎡(34.6×11.5m)
2개동,2개동,47+47,47,159.1,171,38,116,15,55,37580,400.0,13327,50907,890,9.47,0.08,5.7,1.43,2,3.391,12.65,47층 400㎡(31.6×12.6m) + 47층 400㎡(31.6×12.6m)
2개동,2개동,47+47,47,159.1,179,27,116,12,63,37580,400.0,12356,49936,883,9.4,0.034,12.3,0.15,2,3.425,16.33,47층 400㎡(24.5×16.3m) + 47층 400㎡(24.5×16.3m)
단일,1b 층수·세장비,47,47,159.1,171,33,117,10,54,37580,400.0,9249,46829,863,9.19,0.07,,,1,3.407,17.88,47층 800㎡(44.7×17.9m)
2개동,2개동,55+55,55,185.5,172,38,117,18,55,37580,400.0,14492,52072,767,8.17,0.057,14.0,0.15,2,3.336,11.69,55층 342㎡(29.2×11.7m) + 55층 342㎡(29.2×11.7m)
2개동,2개동,55+55,55,185.5,176,43,117,18,59,37580,400.0,13929,51509,764,8.13,0.043,13.8,0.15,2,3.336,13.07,55층 342㎡(26.1×13.1m) + 55층 342㎡(26.1×13.1m)
2개동,2개동,41+41,41,139.3,183,26,117,12,66,37580,400.0,12900,50480,1017,10.83,0.188,6.0,0.09,2,3.415,12.36,41층 458㎡(37.1×12.4m) + 41층 458㎡(37.1×12.4m)
2개동,2개동,41+41,41,139.3,187,29,117,12,70,37580,400.0,14869,52449,1033,11.0,0.216,6.0,0.09,2,3.391,9.57,41층 458㎡(47.9×9.6m) + 41층 458㎡(47.9×9.6m)
단일,1a 방위·위치,47,47,159.1,189,26,117,12,72,37580,400.0,9631,47211,866,9.22,0.22,,,1,3.427,16.33,47층 800㎡(49.0×16.3m)
단일,1b 층수·세장비,47,47,159.1,171,33,118,10,53,37580,400.0,8881,46461,861,9.16,0.071,,,1,3.418,19.99,47층 800㎡(40.0×20.0m)
단일,1a 방위·위치,47,47,159.1,173,36,118,10,55,37580,400.0,9631,47211,866,9.22,0.117,,,1,3.303,16.33,47층 800㎡(49.0×16.3m)
2개동,2개동,38+38,38,129.4,179,26,118,12,61,37580,400.0,15173,52753,1118,11.9,0.073,13.0,0.2,2,3.385,9.08,38층 494㎡(54.5×9.1m) + 38층 494㎡(54.5×9.1m)
2개동,2개동,50+50,50,169.0,181,28,118,12,63,37580,400.0,13237,50817,836,8.9,0.028,12.7,0.15,2,3.397,13.71,50층 376㎡(27.4×13.7m) + 50층 376㎡(27.4×13.7m)
단일,1b 층수·세장비,38,38,129.4,168,35,119,15,49,37580,400.0,7660,45240,1054,11.22,0.267,,,1,3.46,25.68,38층 989㎡(38.5×25.7m)
단일,1a 방위·위치,47,47,159.1,170,36,119,16,51,37580,400.0,9631,47211,866,9.22,0.091,,,1,3.555,16.33,47층 800㎡(49.0×16.3m)
2개동,2개동,38+38,38,129.4,177,29,119,12,58,37580,400.0,14288,51868,1110,11.82,0.089,9.0,0.14,2,3.375,9.94,38층 494㎡(49.7×9.9m) + 38층 494㎡(49.7×9.9m)
2개동,2개동,55+55,55,185.5,178,34,119,11,59,37580,400.0,14492,52072,767,8.17,0.075,13.4,3.36,2,3.391,11.69,55층 342㎡(29.2×11.7m) + 55층 342㎡(29.2×11.7m)
2개동,2개동,38+38,38,129.4,181,30,119,12,62,37580,400.0,12393,49973,1094,11.64,0.079,9.0,0.14,2,3.395,12.84,38층 494㎡(38.5×12.8m) + 38층 494㎡(38.5×12.8m)
2개동,2개동,38+38,38,129.4,184,25,119,12,65,37580,400.0,11033,48613,1082,11.51,0.153,4.3,0.07,2,3.386,18.16,38층 494㎡(27.2×18.2m) + 38층 494㎡(27.2×18.2m)
단일,1b 층수·세장비,41,41,139.3,168,32,120,11,48,37580,400.0,9679,47259,993,10.57,0.031,,,1,3.379,15.14,41층 917㎡(60.6×15.1m)
단일,1a 방위·위치,47,47,159.1,178,27,120,16,58,37580,400.0,9631,47211,866,9.22,0.028,,,1,3.603,16.33,47층 800㎡(49.0×16.3m)
2개동,2개동,44+44,44,149.2,175,36,121,13,54,37580,400.0,12868,50448,948,10.09,0.086,5.8,1.45,2,3.39,13.07,44층 427㎡(32.7×13.1m) + 44층 427㎡(32.7×13.1m)
2개동,2개동,47+47,47,159.1,175,38,121,18,54,37580,400.0,13868,51448,894,9.51,0.125,6.0,0.08,2,3.359,11.54,47층 400㎡(34.6×11.5m) + 47층 400㎡(34.6×11.5m)
단일,1a 방위·위치,47,47,159.1,175,36,121,10,54,37580,400.0,9631,47211,866,9.22,0.06,,,1,3.34,16.33,47층 800㎡(49.0×16.3m)
2개동,2개동,50+50,50,169.0,182,30,121,11,61,37580,400.0,15439,53019,851,9.05,0.032,13.0,0.15,2,3.319,9.69,50층 376㎡(38.8×9.7m) + 50층 376㎡(38.8×9.7m)
2개동,2개동,44+44,44,149.2,188,31,121,12,67,37580,400.0,11928,49508,940,10.01,0.083,5.3,1.31,2,3.397,16.87,44층 427㎡(25.3×16.9m) + 44층 427㎡(25.3×16.9m)
단일,1b 층수·세장비,53,53,178.9,175,42,122,19,53,37580,400.0,9458,47038,767,8.16,0.203,,,1,3.438,18.83,53층 709㎡(37.7×18.8m)
2개동,2개동,41+41,41,139.3,175,32,122,9,53,37580,400.0,11488,49068,1006,10.71,0.103,9.5,2.38,2,3.378,17.48,41층 458㎡(26.2×17.5m) + 41층 458㎡(26.2×17.5m)
2개동,2개동,50+50,50,169.0,175,40,122,16,53,37580,400.0,14331,51911,843,8.97,0.115,6.0,0.07,2,3.345,11.19,50층 376㎡(33.6×11.2m) + 50층 376㎡(33.6×11.2m)
2개동,2개동,41+41,41,139.3,175,31,122,10,53,37580,400.0,13904,51484,1026,10.92,0.077,9.0,0.13,2,3.336,10.7,41층 458㎡(42.8×10.7m) + 41층 458㎡(42.8×10.7m)
2개동,2개동,47+47,47,159.1,178,30,122,12,56,37580,400.0,12356,49936,883,9.4,0.062,4.3,1.07,2,3.526,16.33,47층 400㎡(24.5×16.3m) + 47층 400㎡(24.5×16.3m)
2개동,2개동,41+41,41,139.3,178,30,122,10,56,37580,400.0,14869,52449,1033,11.0,0.055,13.0,0.19,2,3.325,9.57,41층 458㎡(47.9×9.6m) + 41층 458㎡(47.9×9.6m)
단일,1a 방위·위치,47,47,159.1,179,34,122,18,57,37580,400.0,9631,47211,866,9.22,0.075,,,1,3.576,16.33,47층 800㎡(49.0×16.3m)
단일,1a 방위·위치,47,47,159.1,179,38,122,16,57,37580,400.0,9631,47211,866,9.22,0.052,,,1,3.433,16.33,47층 800㎡(49.0×16.3m)
2개동,2개동,55+55,55,185.5,182,38,122,13,60,37580,400.0,13929,51509,764,8.13,0.047,6.0,1.51,2,3.384,13.07,55층 342㎡(26.1×13.1m) + 55층 342㎡(26.1×13.1m)
2개동,2개동,55+55,55,185.5,187,33,122,12,65,37580,400.0,13441,51021,761,8.1,0.032,4.3,0.05,2,3.37,15.09,55층 342㎡(22.6×15.1m) + 55층 342㎡(22.6×15.1m)
2개동,2개동,50+50,50,169.0,178,38,123,16,55,37580,400.0,13774,51354,839,8.93,0.16,6.0,0.07,2,3.344,12.26,50층 376㎡(30.7×12.3m) + 50층 376㎡(30.7×12.3m)
단일,1b 층수·세장비,44,44,149.2,184,26,123,16,61,37580,400.0,10040,47620,928,9.88,0.039,,,1,3.567,14.61,44층 854㎡(58.4×14.6m)
2개동,2개동,41+41,41,139.3,184,28,123,12,61,37580,400.0,14869,52449,1033,11.0,0.14,6.0,0.09,2,3.433,9.57,41층 458㎡(47.9×9.6m) + 41층 458㎡(47.9×9.6m)
2개동,2개동,53+53,53,178.9,184,40,123,15,61,37580,400.0,13656,51236,791,8.42,0.053,6.0,1.51,2,3.378,13.31,53층 355㎡(26.6×13.3m) + 53층 355㎡(26.6×13.3m)
2개동,2개동,55+55,55,185.5,189,31,123,12,66,37580,400.0,13441,51021,761,8.1,0.092,6.6,1.66,2,3.389,15.09,55층 342㎡(22.6×15.1m) + 55층 342㎡(22.6×15.1m)
2개동,2개동,38+38,38,129.4,191,31,123,12,68,37580,400.0,11907,49487,1089,11.6,0.079,16.0,0.25,2,3.35,14.06,38층 494㎡(35.2×14.1m) + 38층 494㎡(35.2×14.1m)
2개동,2개동,41+41,41,139.3,196,30,123,12,73,37580,400.0,12395,49975,1013,10.79,0.197,6.0,0.09,2,3.384,13.54,41층 458㎡(33.8×13.5m) + 41층 458㎡(33.8×13.5m)
단일,1a 방위·위치,47,47,159.1,172,29,124,10,48,37580,400.0,9631,47211,866,9.22,0.11,,,1,3.323,16.33,47층 800㎡(49.0×16.3m)
2개동,2개동,41+41,41,139.3,180,37,124,16,56,37580,400.0,11488,49068,1006,10.71,0.066,11.3,0.16,2,3.382,17.48,41층 458㎡(26.2×17.5m) + 41층 458㎡(26.2×17.5m)
2개동,2개동,53+53,53,178.9,182,32,124,10,58,37580,400.0,14782,52362,798,8.49,0.088,13.0,0.15,2,3.289,10.87,53층 355㎡(32.6×10.9m) + 53층 355㎡(32.6×10.9m)
2개동,2개동,53+53,53,178.9,183,34,124,14,59,37580,400.0,14208,51788,794,8.46,0.046,18.3,0.2,2,3.322,11.91,53층 355㎡(29.8×11.9m) + 53층 355㎡(29.8×11.9m)
2개동,2개동,44+44,44,149.2,184,31,124,12,60,37580,400.0,11928,49508,940,10.01,0.081,12.5,0.17,2,3.377,16.87,44층 427㎡(25.3×16.9m) + 44층 427㎡(25.3×16.9m)
2개동,2개동,47+47,47,159.1,188,32,124,12,64,37580,400.0,15976,53556,909,9.67,0.048,9.0,0.11,2,3.346,8.94,47층 400㎡(44.7×8.9m) + 47층 400㎡(44.7×8.9m)
2개동,2개동,38+38,38,129.4,190,30,124,12,66,37580,400.0,12393,49973,1094,11.64,0.063,13.0,0.2,2,3.371,12.84,38층 494㎡(38.5×12.8m) + 38층 494㎡(38.5×12.8m)
2개동,2개동,50+50,50,169.0,185,31,125,12,60,37580,400.0,15439,53019,851,9.05,0.148,9.0,0.11,2,3.361,9.69,50층 376㎡(38.8×9.7m) + 50층 376㎡(38.8×9.7m)
2개동,2개동,55+55,55,185.5,180,39,126,16,54,37580,400.0,13929,51509,764,8.13,0.151,4.3,0.05,2,3.331,13.07,55층 342㎡(26.1×13.1m) + 55층 342㎡(26.1×13.1m)
단일,1a 방위·위치,47,47,159.1,186,30,126,11,60,37580,400.0,9631,47211,866,9.22,0.106,,,1,3.282,16.33,47층 800㎡(49.0×16.3m)
2개동,2개동,53+53,53,178.9,190,29,126,12,64,37580,400.0,14782,52362,798,8.49,0.12,4.3,0.05,2,3.44,10.87,53층 355㎡(32.6×10.9m) + 53층 355㎡(32.6×10.9m)
2개동,2개동,38+38,38,129.4,171,31,127,10,44,37580,400.0,11439,49019,1085,11.55,0.051,4.4,1.1,2,3.371,15.72,38층 494㎡(31.4×15.7m) + 38층 494㎡(31.4×15.7m)
2개동,2개동,41+41,41,139.3,186,31,127,12,59,37580,400.0,12900,50480,1017,10.83,0.211,4.3,0.06,2,3.389,12.36,41층 458㎡(37.1×12.4m) + 41층 458㎡(37.1×12.4m)
단일,1a 방위·위치,47,47,159.1,189,27,127,16,62,37580,400.0,9631,47211,866,9.22,0.051,,,1,3.558,16.33,47층 800㎡(49.0×16.3m)
2개동,2개동,50+50,50,169.0,189,36,127,11,62,37580,400.0,12771,50351,833,8.86,0.074,5.2,1.3,2,3.359,15.83,50층 376㎡(23.7×15.8m) + 50층 376㎡(23.7×15.8m)
2개동,2개동,55+55,55,185.5,190,33,127,12,63,37580,400.0,13929,51509,764,8.13,0.102,4.3,0.05,2,3.338,13.07,55층 342㎡(26.1×13.1m) + 55층 342㎡(26.1×13.1m)
단일,1a 방위·위치,47,47,159.1,194,29,127,12,67,37580,400.0,9631,47211,866,9.22,0.109,,,1,3.543,16.33,47층 800㎡(49.0×16.3m)
단일,1a 방위·위치,47,47,159.1,194,31,127,12,67,37580,400.0,9631,47211,866,9.22,0.069,,,1,3.527,16.33,47층 800㎡(49.0×16.3m)
2개동,2개동,38+38,38,129.4,179,28,128,12,51,37580,400.0,13359,50939,1102,11.73,0.159,9.0,0.14,2,3.368,11.12,38층 494㎡(44.5×11.1m) + 38층 494㎡(44.5×11.1m)
2개동,2개동,41+41,41,139.3,182,38,128,18,54,37580,400.0,12900,50480,1017,10.83,0.097,6.0,0.09,2,3.372,12.36,41층 458㎡(37.1×12.4m) + 41층 458㎡(37.1×12.4m)
2개동,2개동,47+47,47,159.1,194,28,128,12,66,37580,400.0,12807,50387,886,9.43,0.041,14.5,0.18,2,3.4,14.14,47층 400㎡(28.3×14.1m) + 47층 400㎡(28.3×14.1m)
2개동,2개동,41+41,41,139.3,199,20,128,12,71,37580,400.0,11910,49490,1009,10.74,0.047,9.0,2.26,2,3.421,15.14,41층 458㎡(30.3×15.1m) + 41층 458㎡(30.3×15.1m)
2개동,2개동,47+47,47,159.1,187,34,129,10,58,37580,400.0,12807,50387,886,9.43,0.106,4.4,1.09,2,3.352,14.14,47층 400㎡(28.3×14.1m) + 47층 400㎡(28.3×14.1m)
단일,1a 방위·위치,47,47,159.1,188,27,129,10,59,37580,400.0,9631,47211,866,9.22,0.06,,,1,3.266,16.33,47층 800㎡(49.0×16.3m)
2개동,2개동,53+53,53,178.9,192,31,129,12,63,37580,400.0,14208,51788,794,8.46,0.23,4.3,0.05,2,3.379,11.91,53층 355㎡(29.8×11.9m) + 53층 355㎡(29.8×11.9m)
단일,1a 방위·위치,47,47,159.1,193,33,129,8,64,37580,400.0,9631,47211,866,9.22,0.057,,,1,3.413,16.33,47층 800㎡(49.0×16.3m)
2개동,2개동,44+44,44,149.2,194,27,129,12,65,37580,400.0,12365,49945,944,10.05,0.119,6.1,1.52,2,3.463,14.61,44층 427㎡(29.2×14.6m) + 44층 427㎡(29.2×14.6m)
단일,1b 층수·세장비,55,55,185.5,194,24,129,14,65,37580,400.0,12068,49648,754,8.03,0.091,,,1,3.368,11.69,55층 683㎡(58.4×11.7m)
단일,1a 방위·위치,47,47,159.1,195,23,129,12,66,37580,400.0,9631,47211,866,9.22,0.042,,,1,3.571,16.33,47층 800㎡(49.0×16.3m)
2개동,2개동,47+47,47,159.1,197,30,129,12,68,37580,400.0,14942,52522,902,9.6,0.049,6.0,0.08,2,3.42,10.0,47층 400㎡(40.0×10.0m) + 47층 400㎡(40.0×10.0m)
2개동,2개동,55+55,55,185.5,197,31,129,12,68,37580,400.0,14492,52072,767,8.17,0.028,6.0,0.06,2,3.384,11.69,55층 342㎡(29.2×11.7m) + 55층 342㎡(29.2×11.7m)
2개동,2개동,53+53,53,178.9,198,31,129,12,69,37580,400.0,14782,52362,798,8.49,0.068,6.0,0.07,2,3.401,10.87,53층 355㎡(32.6×10.9m) + 53층 355㎡(32.6×10.9m)
2개동,2개동,41+41,41,139.3,209,31,129,12,80,37580,400.0,11488,49068,1006,10.71,0.18,4.3,0.06,2,3.365,17.48,41층 458㎡(26.2×17.5m) + 41층 458㎡(26.2×17.5m)
2개동,2개동,55+55,55,185.5,186,32,130,9,56,37580,400.0,16239,53819,778,8.28,0.079,13.0,0.14,2,3.307,9.24,55층 342㎡(37.0×9.2m) + 55층 342㎡(37.0×9.2m)
2개동,2개동,41+41,41,139.3,188,28,130,12,58,37580,400.0,12900,50480,1017,10.83,0.115,6.0,0.09,2,3.391,12.36,41층 458㎡(37.1×12.4m) + 41층 458㎡(37.1×12.4m)
단일,1b 층수·세장비,53,53,178.9,190,33,130,10,60,37580,400.0,11838,49418,782,8.32,0.058,,,1,3.332,11.91,53층 709㎡(59.5×11.9m)
2개동,2개동,47+47,47,159.1,193,29,130,12,63,37580,400.0,13868,51448,894,9.51,0.259,4.3,0.05,2,3.387,11.54,47층 400㎡(34.6×11.5m) + 47층 400㎡(34.6×11.5m)
2개동,2개동,53+53,53,178.9,193,33,130,12,63,37580,400.0,13656,51236,791,8.42,0.071,4.3,0.05,2,3.338,13.31,53층 355㎡(26.6×13.3m) + 53층 355㎡(26.6×13.3m)
단일,1a 방위·위치,47,47,159.1,205,20,130,12,75,37580,400.0,9631,47211,866,9.22,0.042,,,1,3.51,16.33,47층 800㎡(49.0×16.3m)
2개동,2개동,41+41,41,139.3,209,30,130,12,79,37580,400.0,11910,49490,1009,10.74,0.203,6.0,0.09,2,3.383,15.14,41층 458㎡(30.3×15.1m) + 41층 458㎡(30.3×15.1m)
단일,1a 방위·위치,47,47,159.1,194,26,131,14,63,37580,400.0,9631,47211,866,9.22,0.078,,,1,3.563,16.33,47층 800㎡(49.0×16.3m)
단일,1a 방위·위치,47,47,159.1,201,31,131,12,70,37580,400.0,9631,47211,866,9.22,0.107,,,1,3.449,16.33,47층 800㎡(49.0×16.3m)
2개동,2개동,47+47,47,159.1,206,27,131,12,75,37580,400.0,12356,49936,883,9.4,0.249,6.0,1.5,2,3.363,16.33,47층 400㎡(24.5×16.3m) + 47층 400㎡(24.5×16.3m)
단일,1b 층수·세장비,38,38,129.4,179,35,132,10,47,37580,400.0,7947,45527,1057,11.25,0.13,,,1,3.416,22.24,38층 989㎡(44.5×22.2m)
단일,1a 방위·위치,47,47,159.1,179,33,132,10,47,37580,400.0,9631,47211,866,9.22,0.136,,,1,3.302,16.33,47층 800㎡(49.0×16.3m)
2개동,2개동,50+50,50,169.0,186,36,132,17,54,37580,400.0,16505,54085,858,9.13,0.16,4.3,0.05,2,3.386,8.67,50층 376㎡(43.3×8.7m) + 50층 376㎡(43.3×8.7m)
2개동,2개동,41+41,41,139.3,191,28,132,12,59,37580,400.0,13904,51484,1026,10.92,0.064,9.0,0.13,2,3.381,10.7,41층 458㎡(42.8×10.7m) + 41층 458㎡(42.8×10.7m)
2개동,2개동,53+53,53,178.9,194,31,132,12,62,37580,400.0,14782,52362,798,8.49,0.077,10.7,2.68,2,3.4,10.87,53층 355㎡(32.6×10.9m) + 53층 355㎡(32.6×10.9m)
2개동,2개동,44+44,44,149.2,195,28,132,12,63,37580,400.0,12868,50448,948,10.09,0.208,4.3,0.06,2,3.394,13.07,44층 427㎡(32.7×13.1m) + 44층 427㎡(32.7×13.1m)
단일,1a 방위·위치,47,47,159.1,198,31,132,12,66,37580,400.0,9631,47211,866,9.22,0.044,,,1,3.455,16.33,47층 800㎡(49.0×16.3m)
단일,1a 방위·위치,47,47,159.1,199,27,132,16,67,37580,400.0,9631,47211,866,9.22,0.044,,,1,3.469,16.33,47층 800㎡(49.0×16.3m)
2개동,2개동,41+41,41,139.3,203,28,132,12,71,37580,400.0,12900,50480,1017,10.83,0.223,6.0,0.09,2,3.391,12.36,41층 458㎡(37.1×12.4m) + 41층 458㎡(37.1×12.4m)
단일,1a 방위·위치,47,47,159.1,210,25,132,12,78,37580,400.0,9631,47211,866,9.22,0.049,,,1,3.482,16.33,47층 800㎡(49.0×16.3m)
단일,1a 방위·위치,47,47,159.1,174,31,133,14,41,37580,400.0,9631,47211,866,9.22,0.048,,,1,3.419,16.33,47층 800㎡(49.0×16.3m)
2개동,2개동,55+55,55,185.5,188,35,133,12,55,37580,400.0,14492,52072,767,8.17,0.165,4.3,0.05,2,3.359,11.69,55층 342㎡(29.2×11.7m) + 55층 342㎡(29.2×11.7m)
2개동,2개동,55+55,55,185.5,191,34,133,14,58,37580,400.0,16239,53819,778,8.28,0.088,13.0,0.14,2,3.328,9.24,55층 342㎡(37.0×9.2m) + 55층 342㎡(37.0×9.2m)
단일,1a 방위·위치,47,47,159.1,193,29,133,10,60,37580,400.0,9631,47211,866,9.22,0.09,,,1,3.25,16.33,47층 800㎡(49.0×16.3m)
2개동,2개동,55+55,55,185.5,198,32,133,12,65,37580,400.0,14492,52072,767,8.17,0.23,4.3,0.05,2,3.37,11.69,55층 342㎡(29.2×11.7m) + 55층 342㎡(29.2×11.7m)
2개동,2개동,44+44,44,149.2,200,30,133,12,67,37580,400.0,13391,50971,952,10.13,0.129,4.3,0.06,2,3.418,11.93,44층 427㎡(35.8×11.9m) + 44층 427㎡(35.8×11.9m)
2개동,2개동,47+47,47,159.1,202,30,133,12,69,37580,400.0,13868,51448,894,9.51,0.168,6.0,0.08,2,3.411,11.54,47층 400㎡(34.6×11.5m) + 47층 400㎡(34.6×11.5m)
2개동,2개동,50+50,50,169.0,202,27,133,12,69,37580,400.0,14331,51911,843,8.97,0.168,4.3,0.05,2,3.409,11.19,50층 376㎡(33.6×11.2m) + 50층 376㎡(33.6×11.2m)
2개동,2개동,47+47,47,159.1,192,32,134,12,58,37580,400.0,13327,50907,890,9.47,0.064,18.9,0.24,2,3.32,12.65,47층 400㎡(31.6×12.6m) + 47층 400㎡(31.6×12.6m)
2개동,2개동,55+55,55,185.5,193,33,134,14,59,37580,400.0,15076,52656,771,8.2,0.04,13.0,0.14,2,3.329,10.67,55층 342㎡(32.0×10.7m) + 55층 342㎡(32.0×10.7m)
2개동,2개동,47+47,47,159.1,198,27,134,12,64,37580,400.0,14942,52522,902,9.6,0.091,6.0,0.08,2,3.437,10.0,47층 400㎡(40.0×10.0m) + 47층 400㎡(40.0×10.0m)
2개동,2개동,44+44,44,149.2,201,30,134,12,67,37580,400.0,14431,52011,959,10.21,0.067,9.0,0.12,2,3.39,10.33,44층 427㎡(41.3×10.3m) + 44층 427㎡(41.3×10.3m)
2개동,2개동,44+44,44,149.2,202,26,134,12,68,37580,400.0,13391,50971,952,10.13,0.185,4.3,0.06,2,3.424,11.93,44층 427㎡(35.8×11.9m) + 44층 427㎡(35.8×11.9m)
단일,1a 방위·위치,47,47,159.1,208,30,134,12,74,37580,400.0,9631,47211,866,9.22,0.214,,,1,3.423,16.33,47층 800㎡(49.0×16.3m)
2개동,2개동,41+41,41,139.3,212,24,134,12,78,37580,400.0,11488,49068,1006,10.71,0.117,11.3,0.16,2,3.414,17.48,41층 458㎡(26.2×17.5m) + 41층 458㎡(26.2×17.5m)
단일,1a 방위·위치,47,47,159.1,213,23,134,12,79,37580,400.0,9631,47211,866,9.22,0.04,,,1,3.459,16.33,47층 800㎡(49.0×16.3m)
단일,1a 방위·위치,47,47,159.1,177,31,135,10,42,37580,400.0,9631,47211,866,9.22,0.082,,,1,3.311,16.33,47층 800㎡(49.0×16.3m)
2개동,2개동,41+41,41,139.3,189,35,135,13,54,37580,400.0,13904,51484,1026,10.92,0.069,9.0,0.13,2,3.331,10.7,41층 458㎡(42.8×10.7m) + 41층 458㎡(42.8×10.7m)
2개동,2개동,50+50,50,169.0,189,36,135,11,54,37580,400.0,13237,50817,836,8.9,0.139,4.3,0.05,2,3.323,13.71,50층 376㎡(27.4×13.7m) + 50층 376㎡(27.4×13.7m)
2개동,2개동,50+50,50,169.0,195,31,135,12,60,37580,400.0,12771,50351,833,8.86,0.043,5.2,1.3,2,3.332,15.83,50층 376㎡(23.7×15.8m) + 50층 376㎡(23.7×15.8m)
2개동,2개동,53+53,53,178.9,201,32,135,7,66,37580,400.0,13656,51236,791,8.42,0.083,4.4,1.09,2,3.339,13.31,53층 355㎡(26.6×13.3m) + 53층 355㎡(26.6×13.3m)
2개동,2개동,53+53,53,178.9,204,30,135,12,69,37580,400.0,13656,51236,791,8.42,0.156,4.3,0.05,2,3.391,13.31,53층 355㎡(26.6×13.3m) + 53층 355㎡(26.6×13.3m)
2개동,2개동,38+38,38,129.4,210,26,135,12,75,37580,400.0,13359,50939,1102,11.73,0.181,20.8,0.32,2,3.384,11.12,38층 494㎡(44.5×11.1m) + 38층 494㎡(44.5×11.1m)
단일,1a 방위·위치,47,47,159.1,213,18,135,12,78,37580,400.0,9631,47211,866,9.22,0.037,,,1,3.441,16.33,47층 800㎡(49.0×16.3m)
2개동,2개동,41+41,41,139.3,215,24,135,12,80,37580,400.0,12395,49975,1013,10.79,0.109,19.6,0.28,2,3.41,13.54,41층 458㎡(33.8×13.5m) + 41층 458㎡(33.8×13.5m)
2개동,2개동,38+38,38,129.4,185,34,136,14,49,37580,400.0,11907,49487,1089,11.6,0.137,4.3,0.07,2,3.377,14.06,38층 494㎡(35.2×14.1m) + 38층 494㎡(35.2×14.1m)
2개동,2개동,53+53,53,178.9,190,33,136,14,54,37580,400.0,13656,51236,791,8.42,0.044,4.3,0.05,2,3.378,13.31,53층 355㎡(26.6×13.3m) + 53층 355㎡(26.6×13.3m)
2개동,2개동,44+44,44,149.2,190,36,136,12,54,37580,400.0,13391,50971,952,10.13,0.115,6.0,0.08,2,3.344,11.93,44층 427㎡(35.8×11.9m) + 44층 427㎡(35.8×11.9m)
2개동,2개동,44+44,44,149.2,193,31,136,11,57,37580,400.0,12365,49945,944,10.05,0.05,6.1,1.52,2,3.397,14.61,44층 427㎡(29.2×14.6m) + 44층 427㎡(29.2×14.6m)
단일,1a 방위·위치,47,47,159.1,201,20,136,12,65,37580,400.0,9631,47211,866,9.22,0.063,,,1,3.557,16.33,47층 800㎡(49.0×16.3m)
단일,1a 방위·위치,47,47,159.1,201,22,136,12,65,37580,400.0,9631,47211,866,9.22,0.043,,,1,3.375,16.33,47층 800㎡(49.0×16.3m)
2개동,2개동,53+53,53,178.9,203,32,136,12,67,37580,400.0,14782,52362,798,8.49,0.088,17.1,0.19,2,3.312,10.87,53층 355㎡(32.6×10.9m) + 53층 355㎡(32.6×10.9m)
2개동,2개동,50+50,50,169.0,205,27,136,12,69,37580,400.0,12771,50351,833,8.86,0.026,6.0,0.07,2,3.398,15.83,50층 376㎡(23.7×15.8m) + 50층 376㎡(23.7×15.8m)
2개동,2개동,41+41,41,139.3,206,19,136,12,70,37580,400.0,11910,49490,1009,10.74,0.094,13.0,0.19,2,3.372,15.14,41층 458㎡(30.3×15.1m) + 41층 458㎡(30.3×15.1m)
2개동,2개동,53+53,53,178.9,207,31,136,12,71,37580,400.0,13656,51236,791,8.42,0.059,9.0,2.26,2,3.392,13.31,53층 355㎡(26.6×13.3m) + 53층 355㎡(26.6×13.3m)
2개동,2개동,53+53,53,178.9,207,31,136,12,71,37580,400.0,13656,51236,791,8.42,0.082,4.3,0.05,2,3.377,13.31,53층 355㎡(26.6×13.3m) + 53층 355㎡(26.6×13.3m)
2개동,2개동,47+47,47,159.1,195,32,137,10,58,37580,400.0,13327,50907,890,9.47,0.061,13.5,3.38,2,3.386,12.65,47층 400㎡(31.6×12.6m) + 47층 400㎡(31.6×12.6m)
2개동,2개동,53+53,53,178.9,195,30,137,10,58,37580,400.0,14208,51788,794,8.46,0.102,15.7,0.18,2,3.357,11.91,53층 355㎡(29.8×11.9m) + 53층 355㎡(29.8×11.9m)
2개동,2개동,47+47,47,159.1,195,29,137,7,58,37580,400.0,14942,52522,902,9.6,0.069,13.0,0.16,2,3.302,10.0,47층 400㎡(40.0×10.0m) + 47층 400㎡(40.0×10.0m)
2개동,2개동,55+55,55,185.5,196,36,137,14,59,37580,400.0,14492,52072,767,8.17,0.043,9.6,2.4,2,3.394,11.69,55층 342㎡(29.2×11.7m) + 55층 342㎡(29.2×11.7m)
단일,1a 방위·위치,47,47,159.1,208,31,137,12,71,37580,400.0,9631,47211,866,9.22,0.072,,,1,3.467,16.33,47층 800㎡(49.0×16.3m)
2개동,2개동,53+53,53,178.9,210,31,137,12,73,37580,400.0,13176,50756,788,8.39,0.032,4.3,0.05,2,3.416,15.37,53층 355㎡(23.1×15.4m) + 53층 355㎡(23.1×15.4m)
2개동,2개동,44+44,44,149.2,211,29,137,12,74,37580,400.0,15431,53011,967,10.29,0.195,9.0,0.12,2,3.36,9.24,44층 427㎡(46.2×9.2m) + 44층 427㎡(46.2×9.2m)
2개동,2개동,38+38,38,129.4,216,31,137,12,79,37580,400.0,13359,50939,1102,11.73,0.077,4.3,0.07,2,3.334,11.12,38층 494㎡(44.5×11.1m) + 38층 494㎡(44.5×11.1m)
단일,1a 방위·위치,47,47,159.1,217,28,137,12,80,37580,400.0,9631,47211,866,9.22,0.081,,,1,3.454,16.33,47층 800㎡(49.0×16.3m)
단일,1a 방위·위치,47,47,159.1,187,29,138,10,49,37580,400.0,9631,47211,866,9.22,0.053,,,1,3.272,16.33,47층 800㎡(49.0×16.3m)
단일,1b 층수·세장비,41,41,139.3,189,35,138,10,51,37580,400.0,9679,47259,993,10.57,0.115,,,1,3.352,15.14,41층 917㎡(60.6×15.1m)
2개동,2개동,53+53,53,178.9,192,30,138,11,54,37580,400.0,14782,52362,798,8.49,0.182,6.0,0.07,2,3.347,10.87,53층 355㎡(32.6×10.9m) + 53층 355㎡(32.6×10.9m)
단일,1b 층수·세장비,44,44,149.2,193,33,138,10,55,37580,400.0,10040,47620,928,9.88,0.062,,,1,3.373,14.61,44층 854㎡(58.4×14.6m)
2개동,2개동,47+47,47,159.1,196,29,138,9,58,37580,400.0,14942,52522,902,9.6,0.132,13.0,0.16,2,3.314,10.0,47층 400㎡(40.0×10.0m) + 47층 400㎡(40.0×10.0m)
2개동,2개동,53+53,53,178.9,198,34,138,11,60,37580,400.0,13656,51236,791,8.42,0.059,19.0,4.75,2,3.379,13.31,53층 355㎡(26.6×13.3m) + 53층 355㎡(26.6×13.3m)
2개동,2개동,41+41,41,139.3,206,31,138,12,68,37580,400.0,12900,50480,1017,10.83,0.288,4.3,0.06,2,3.366,12.36,41층 458㎡(37.1×12.4m) + 41층 458㎡(37.1×12.4m)
2개동,2개동,41+41,41,139.3,207,26,138,12,69,37580,400.0,15788,53368,1041,11.08,0.038,13.0,0.19,2,3.391,8.74,41층 458㎡(52.4×8.7m) + 41층 458㎡(52.4×8.7m)
2개동,2개동,50+50,50,169.0,209,29,138,12,71,37580,400.0,13237,50817,836,8.9,0.143,4.3,0.05,2,3.405,13.71,50층 376㎡(27.4×13.7m) + 50층 376㎡(27.4×13.7m)
단일,1a 방위·위치,47,47,159.1,213,27,138,12,75,37580,400.0,9631,47211,866,9.22,0.115,,,1,3.505,16.33,47층 800㎡(49.0×16.3m)
2개동,2개동,55+55,55,185.5,214,31,138,12,76,37580,400.0,13929,51509,764,8.13,0.028,4.3,1.09,2,3.374,13.07,55층 342㎡(26.1×13.1m) + 55층 342㎡(26.1×13.1m)
2개동,2개동,50+50,50,169.0,215,31,138,12,77,37580,400.0,13237,50817,836,8.9,0.076,6.0,0.07,2,3.369,13.71,50층 376㎡(27.4×13.7m) + 50층 376㎡(27.4×13.7m)
2개동,2개동,53+53,53,178.9,216,31,138,12,78,37580,400.0,13656,51236,791,8.42,0.179,13.9,0.16,2,3.378,13.31,53층 355㎡(26.6×13.3m) + 53층 355㎡(26.6×13.3m)
2개동,2개동,55+55,55,185.5,217,31,138,12,79,37580,400.0,13441,51021,761,8.1,0.169,11.8,0.13,2,3.373,15.09,55층 342㎡(22.6×15.1m) + 55층 342㎡(22.6×15.1m)
단일,1b 층수·세장비,44,44,149.2,193,35,139,12,54,37580,400.0,8935,46515,920,9.79,0.218,,,1,3.401,18.48,44층 854㎡(46.2×18.5m)
2개동,2개동,41+41,41,139.3,197,24,139,4,58,37580,400.0,12395,49975,1013,10.79,0.097,13.0,0.19,2,3.301,13.54,41층 458㎡(33.8×13.5m) + 41층 458㎡(33.8×13.5m)
2개동,2개동,44+44,44,149.2,197,27,139,8,58,37580,400.0,15431,53011,967,10.29,0.041,19.0,0.25,2,3.28,9.24,44층 427㎡(46.2×9.2m) + 44층 427㎡(46.2×9.2m)
2개동,2개동,53+53,53,178.9,198,32,139,10,59,37580,400.0,14208,51788,794,8.46,0.053,19.3,4.83,2,3.386,11.91,53층 355㎡(29.8×11.9m) + 53층 355㎡(29.8×11.9m)
단일,1a 방위·위치,47,47,159.1,198,32,139,6,59,37580,400.0,9631,47211,866,9.22,0.067,,,1,3.349,16.33,47층 800㎡(49.0×16.3m)
2개동,2개동,53+53,53,178.9,199,30,139,7,60,37580,400.0,14208,51788,794,8.46,0.105,13.0,0.15,2,3.29,11.91,53층 355㎡(29.8×11.9m) + 53층 355㎡(29.8×11.9m)
2개동,2개동,41+41,41,139.3,203,27,139,12,64,37580,400.0,12395,49975,1013,10.79,0.025,15.5,0.22,2,3.377,13.54,41층 458㎡(33.8×13.5m) + 41층 458㎡(33.8×13.5m)
2개동,2개동,47+47,47,159.1,207,30,139,12,68,37580,400.0,13327,50907,890,9.47,0.135,9.0,0.11,2,3.333,12.65,47층 400㎡(31.6×12.6m) + 47층 400㎡(31.6×12.6m)
2개동,2개동,53+53,53,178.9,212,27,139,12,73,37580,400.0,14208,51788,794,8.46,0.045,21.7,0.24,2,3.369,11.91,53층 355㎡(29.8×11.9m) + 53층 355㎡(29.8×11.9m)
2개동,2개동,44+44,44,149.2,213,24,139,12,74,37580,400.0,13391,50971,952,10.13,0.082,7.8,1.94,2,3.426,11.93,44층 427㎡(35.8×11.9m) + 44층 427㎡(35.8×11.9m)
단일,1a 방위·위치,47,47,159.1,213,22,139,12,74,37580,400.0,9631,47211,866,9.22,0.113,,,1,3.407,16.33,47층 800㎡(49.0×16.3m)
2개동,2개동,38+38,38,129.4,214,22,139,12,75,37580,400.0,11033,48613,1082,11.51,0.066,11.5,0.18,2,3.34,18.16,38층 494㎡(27.2×18.2m) + 38층 494㎡(27.2×18.2m)
2개동,2개동,53+53,53,178.9,196,34,140,14,56,37580,400.0,13656,51236,791,8.42,0.165,6.0,0.07,2,3.342,13.31,53층 355㎡(26.6×13.3m) + 53층 355㎡(26.6×13.3m)
2개동,2개동,44+44,44,149.2,198,29,140,7,58,37580,400.0,14431,52011,959,10.21,0.199,4.3,0.06,2,3.349,10.33,44층 427㎡(41.3×10.3m) + 44층 427㎡(41.3×10.3m)
단일,1b 층수·세장비,41,41,139.3,199,32,140,13,59,37580,400.0,8969,46549,988,10.51,0.289,,,1,3.412,17.48,41층 917㎡(52.4×17.5m)
2개동,2개동,47+47,47,159.1,204,27,140,12,64,37580,400.0,14942,52522,902,9.6,0.26,6.0,0.08,2,3.371,10.0,47층 400㎡(40.0×10.0m) + 47층 400㎡(40.0×10.0m)
2개동,2개동,53+53,53,178.9,205,27,140,11,65,37580,400.0,14782,52362,798,8.49,0.253,4.3,0.05,2,3.376,10.87,53층 355㎡(32.6×10.9m) + 53층 355㎡(32.6×10.9m)
2개동,2개동,55+55,55,185.5,207,32,140,12,67,37580,400.0,15076,52656,771,8.2,0.069,13.0,0.14,2,3.307,10.67,55층 342㎡(32.0×10.7m) + 55층 342㎡(32.0×10.7m)
2개동,2개동,53+53,53,178.9,214,30,140,12,74,37580,400.0,14208,51788,794,8.46,0.203,14.2,0.16,2,3.37,11.91,53층 355㎡(29.8×11.9m) + 53층 355㎡(29.8×11.9m)
2개동,2개동,55+55,55,185.5,214,30,140,12,74,37580,400.0,14492,52072,767,8.17,0.194,15.5,0.17,2,3.364,11.69,55층 342㎡(29.2×11.7m) + 55층 342㎡(29.2×11.7m)
2개동,2개동,38+38,38,129.4,216,21,140,12,76,37580,400.0,11439,49019,1085,11.55,0.089,13.0,3.26,2,3.314,15.72,38층 494㎡(31.4×15.7m) + 38층 494㎡(31.4×15.7m)
단일,1a 방위·위치,47,47,159.1,218,30,140,12,78,37580,400.0,9631,47211,866,9.22,0.245,,,1,3.347,16.33,47층 800㎡(49.0×16.3m)
단일,1a 방위·위치,47,47,159.1,196,31,141,10,55,37580,400.0,9631,47211,866,9.22,0.051,,,1,3.183,16.33,47층 800㎡(49.0×16.3m)
2개동,2개동,41+41,41,139.3,198,31,141,7,57,37580,400.0,11910,49490,1009,10.74,0.139,4.3,0.06,2,3.325,15.14,41층 458㎡(30.3×15.1m) + 41층 458㎡(30.3×15.1m)
단일,1a 방위·위치,47,47,159.1,204,29,141,4,63,37580,400.0,9631,47211,866,9.22,0.131,,,1,3.366,16.33,47층 800㎡(49.0×16.3m)
2개동,2개동,55+55,55,185.5,205,33,141,12,64,37580,400.0,14492,52072,767,8.17,0.064,6.9,1.72,2,3.366,11.69,55층 342㎡(29.2×11.7m) + 55층 342㎡(29.2×11.7m)
2개동,2개동,55+55,55,185.5,211,30,141,12,70,37580,400.0,15076,52656,771,8.2,0.079,8.3,2.06,2,3.445,10.67,55층 342㎡(32.0×10.7m) + 55층 342㎡(32.0×10.7m)
2개동,2개동,38+38,38,129.4,192,30,142,11,50,37580,400.0,11439,49019,1085,11.55,0.062,6.0,0.09,2,3.352,15.72,38층 494㎡(31.4×15.7m) + 38층 494㎡(31.4×15.7m)
2개동,2개동,47+47,47,159.1,197,31,142,10,55,37580,400.0,12356,49936,883,9.4,0.064,13.3,3.33,2,3.33,16.33,47층 400㎡(24.5×16.3m) + 47층 400㎡(24.5×16.3m)
2개동,2개동,44+44,44,149.2,199,32,142,12,57,37580,400.0,14431,52011,959,10.21,0.207,4.3,0.06,2,3.363,10.33,44층 427㎡(41.3×10.3m) + 44층 427㎡(41.3×10.3m)
2개동,2개동,47+47,47,159.1,200,32,142,12,58,37580,400.0,14942,52522,902,9.6,0.191,6.0,0.08,2,3.347,10.0,47층 400㎡(40.0×10.0m) + 47층 400㎡(40.0×10.0m)
2개동,2개동,47+47,47,159.1,200,33,142,9,58,37580,400.0,13327,50907,890,9.47,0.121,9.0,0.11,2,3.308,12.65,47층 400㎡(31.6×12.6m) + 47층 400㎡(31.6×12.6m)
2개동,2개동,55+55,55,185.5,201,32,142,12,59,37580,400.0,14492,52072,767,8.17,0.046,6.0,0.06,2,3.356,11.69,55층 342㎡(29.2×11.7m) + 55층 342㎡(29.2×11.7m)
2개동,2개동,55+55,55,185.5,208,27,142,12,66,37580,400.0,13929,51509,764,8.13,0.063,12.3,0.13,2,3.311,13.07,55층 342㎡(26.1×13.1m) + 55층 342㎡(26.1×13.1m)
2개동,2개동,47+47,47,159.1,208,28,142,12,66,37580,400.0,12807,50387,886,9.43,0.027,33.5,0.42,2,3.287,14.14,47층 400㎡(28.3×14.1m) + 47층 400㎡(28.3×14.1m)
2개동,2개동,55+55,55,185.5,212,27,142,12,70,37580,400.0,13929,51509,764,8.13,0.031,9.0,0.1,2,3.37,13.07,55층 342㎡(26.1×13.1m) + 55층 342㎡(26.1×13.1m)
2개동,2개동,53+53,53,178.9,214,29,142,12,72,37580,400.0,14782,52362,798,8.49,0.186,4.3,0.05,2,3.392,10.87,53층 355㎡(32.6×10.9m) + 53층 355㎡(32.6×10.9m)
2개동,2개동,53+53,53,178.9,199,32,143,12,56,37580,400.0,14782,52362,798,8.49,0.167,9.0,0.1,2,3.338,10.87,53층 355㎡(32.6×10.9m) + 53층 355㎡(32.6×10.9m)
단일,1a 방위·위치,47,47,159.1,200,29,143,10,57,37580,400.0,9631,47211,866,9.22,0.088,,,1,3.195,16.33,47층 800㎡(49.0×16.3m)
2개동,2개동,47+47,47,159.1,201,34,143,10,58,37580,400.0,13327,50907,890,9.47,0.079,9.8,2.44,2,3.354,12.65,47층 400㎡(31.6×12.6m) + 47층 400㎡(31.6×12.6m)
2개동,2개동,53+53,53,178.9,201,31,143,9,58,37580,400.0,13656,51236,791,8.42,0.141,9.0,0.1,2,3.296,13.31,53층 355㎡(26.6×13.3m) + 53층 355㎡(26.6×13.3m)
2개동,2개동,50+50,50,169.0,205,32,143,12,62,37580,400.0,13237,50817,836,8.9,0.13,6.0,0.07,2,3.325,13.71,50층 376㎡(27.4×13.7m) + 50층 376㎡(27.4×13.7m)
단일,1a 방위·위치,47,47,159.1,207,32,143,15,64,37580,400.0,9631,47211,866,9.22,0.053,,,1,3.314,16.33,47층 800㎡(49.0×16.3m)
2개동,2개동,38+38,38,129.4,212,30,143,12,69,37580,400.0,11033,48613,1082,11.51,0.237,13.0,0.2,2,3.382,18.16,38층 494㎡(27.2×18.2m) + 38층 494㎡(27.2×18.2m)
2개동,2개동,50+50,50,169.0,213,27,143,12,70,37580,400.0,13237,50817,836,8.9,0.039,6.0,0.07,2,3.395,13.71,50층 376㎡(27.4×13.7m) + 50층 376㎡(27.4×13.7m)
2개동,2개동,47+47,47,159.1,214,33,143,11,71,37580,400.0,12356,49936,883,9.4,0.035,5.2,1.31,2,3.33,16.33,47층 400㎡(24.5×16.3m) + 47층 400㎡(24.5×16.3m)
2개동,2개동,44+44,44,149.2,217,30,143,12,74,37580,400.0,12365,49945,944,10.05,0.151,6.0,0.08,2,3.37,14.61,44층 427㎡(29.2×14.6m) + 44층 427㎡(29.2×14.6m)
단일,1b 층수·세장비,38,38,129.4,188,34,144,10,44,37580,400.0,9962,47542,1074,11.44,0.091,,,1,3.344,14.06,38층 989㎡(70.3×14.1m)
2개동,2개동,41+41,41,139.3,200,31,144,9,56,37580,400.0,11910,49490,1009,10.74,0.179,4.3,0.06,2,3.332,15.14,41층 458㎡(30.3×15.1m) + 41층 458㎡(30.3×15.1m)
2개동,2개동,55+55,55,185.5,203,34,144,11,59,37580,400.0,13929,51509,764,8.13,0.114,12.3,0.13,2,3.342,13.07,55층 342㎡(26.1×13.1m) + 55층 342㎡(26.1×13.1m)
2개동,2개동,53+53,53,178.9,203,28,144,8,59,37580,400.0,15923,53503,805,8.57,0.099,19.7,0.22,2,3.339,9.41,53층 355㎡(37.7×9.4m) + 53층 355㎡(37.7×9.4m)
2개동,2개동,44+44,44,149.2,209,33,144,12,65,37580,400.0,12868,50448,948,10.09,0.028,15.2,0.2,2,3.303,13.07,44층 427㎡(32.7×13.1m) + 44층 427㎡(32.7×13.1m)
2개동,2개동,53+53,53,178.9,211,32,144,8,67,37580,400.0,13176,50756,788,8.39,0.05,13.3,3.33,2,3.354,15.37,53층 355㎡(23.1×15.4m) + 53층 355㎡(23.1×15.4m)
2개동,2개동,50+50,50,169.0,215,25,144,12,71,37580,400.0,14331,51911,843,8.97,0.045,10.8,2.7,2,3.441,11.19,50층 376㎡(33.6×11.2m) + 50층 376㎡(33.6×11.2m)
2개동,2개동,55+55,55,185.5,215,31,144,12,71,37580,400.0,13441,51021,761,8.1,0.136,4.3,0.05,2,3.345,15.09,55층 342㎡(22.6×15.1m) + 55층 342㎡(22.6×15.1m)
단일,1a 방위·위치,47,47,159.1,216,24,144,14,72,37580,400.0,9631,47211,866,9.22,0.054,,,1,3.399,16.33,47층 800㎡(49.0×16.3m)
2개동,2개동,38+38,38,129.4,216,28,144,12,72,37580,400.0,11439,49019,1085,11.55,0.187,13.0,0.2,2,3.348,15.72,38층 494㎡(31.4×15.7m) + 38층 494㎡(31.4×15.7m)
2개동,2개동,53+53,53,178.9,221,30,144,12,77,37580,400.0,14208,51788,794,8.46,0.053,13.0,0.15,2,3.345,11.91,53층 355㎡(29.8×11.9m) + 53층 355㎡(29.8×11.9m)
단일,1a 방위·위치,47,47,159.1,222,31,144,12,78,37580,400.0,9631,47211,866,9.22,0.12,,,1,3.417,16.33,47층 800㎡(49.0×16.3m)
2개동,2개동,41+41,41,139.3,222,29,144,12,78,37580,400.0,13904,51484,1026,10.92,0.224,9.0,0.13,2,3.35,10.7,41층 458㎡(42.8×10.7m) + 41층 458㎡(42.8×10.7m)
2개동,2개동,41+41,41,139.3,228,30,144,12,84,37580,400.0,12395,49975,1013,10.79,0.189,13.0,0.19,2,3.339,13.54,41층 458㎡(33.8×13.5m) + 41층 458㎡(33.8×13.5m)
2개동,2개동,44+44,44,149.2,200,29,145,9,55,37580,400.0,14431,52011,959,10.21,0.148,13.0,0.17,2,3.308,10.33,44층 427㎡(41.3×10.3m) + 44층 427㎡(41.3×10.3m)
2개동,2개동,50+50,50,169.0,204,32,145,9,59,37580,400.0,12771,50351,833,8.86,0.152,4.3,0.05,2,3.294,15.83,50층 376㎡(23.7×15.8m) + 50층 376㎡(23.7×15.8m)
2개동,2개동,53+53,53,178.9,205,27,145,3,60,37580,400.0,13656,51236,791,8.42,0.131,16.5,0.18,2,3.35,13.31,53층 355㎡(26.6×13.3m) + 53층 355㎡(26.6×13.3m)
2개동,2개동,55+55,55,185.5,206,31,145,6,61,37580,400.0,13929,51509,764,8.13,0.168,4.3,0.05,2,3.329,13.07,55층 342㎡(26.1×13.1m) + 55층 342㎡(26.1×13.1m)
2개동,2개동,55+55,55,185.5,206,25,145,7,61,37580,400.0,13929,51509,764,8.13,0.223,6.0,1.5,2,3.302,13.07,55층 342㎡(26.1×13.1m) + 55층 342㎡(26.1×13.1m)
2개동,2개동,55+55,55,185.5,207,30,145,10,62,37580,400.0,13929,51509,764,8.13,0.118,13.8,0.15,2,3.299,13.07,55층 342㎡(26.1×13.1m) + 55층 342㎡(26.1×13.1m)
2개동,2개동,53+53,53,178.9,210,30,145,12,65,37580,400.0,14782,52362,798,8.49,0.249,6.0,0.07,2,3.352,10.87,53층 355㎡(32.6×10.9m) + 53층 355㎡(32.6×10.9m)
2개동,2개동,55+55,55,185.5,213,33,145,12,68,37580,400.0,13929,51509,764,8.13,0.171,12.3,0.13,2,3.351,13.07,55층 342㎡(26.1×13.1m) + 55층 342㎡(26.1×13.1m)
2개동,2개동,53+53,53,178.9,215,26,145,12,70,37580,400.0,15923,53503,805,8.57,0.077,13.0,0.15,2,3.385,9.41,53층 355㎡(37.7×9.4m) + 53층 355㎡(37.7×9.4m)
2개동,2개동,55+55,55,185.5,217,30,145,12,72,37580,400.0,15076,52656,771,8.2,0.04,28.2,0.3,2,3.271,10.67,55층 342㎡(32.0×10.7m) + 55층 342㎡(32.0×10.7m)
2개동,2개동,55+55,55,185.5,218,29,145,12,73,37580,400.0,13929,51509,764,8.13,0.084,13.0,3.25,2,3.432,13.07,55층 342㎡(26.1×13.1m) + 55층 342㎡(26.1×13.1m)
2개동,2개동,55+55,55,185.5,219,31,145,12,74,37580,400.0,15076,52656,771,8.2,0.162,9.0,0.1,2,3.365,10.67,55층 342㎡(32.0×10.7m) + 55층 342㎡(32.0×10.7m)
2개동,2개동,55+55,55,185.5,223,30,145,12,78,37580,400.0,15076,52656,771,8.2,0.122,15.5,0.17,2,3.414,10.67,55층 342㎡(32.0×10.7m) + 55층 342㎡(32.0×10.7m)
단일,1a 방위·위치,47,47,159.1,194,30,146,10,48,37580,400.0,9631,47211,866,9.22,0.028,,,1,3.269,16.33,47층 800㎡(49.0×16.3m)
2개동,2개동,41+41,41,139.3,199,33,146,10,53,37580,400.0,12900,50480,1017,10.83,0.078,8.0,2.0,2,3.36,12.36,41층 458㎡(37.1×12.4m) + 41층 458㎡(37.1×12.4m)
2개동,2개동,41+41,41,139.3,201,28,146,9,55,37580,400.0,12395,49975,1013,10.79,0.03,23.1,0.33,2,3.304,13.54,41층 458㎡(33.8×13.5m) + 41층 458㎡(33.8×13.5m)
2개동,2개동,53+53,53,178.9,205,33,146,11,59,37580,400.0,14782,52362,798,8.49,0.112,15.7,0.18,2,3.352,10.87,53층 355㎡(32.6×10.9m) + 53층 355㎡(32.6×10.9m)
2개동,2개동,53+53,53,178.9,207,31,146,11,61,37580,400.0,15923,53503,805,8.57,0.06,18.2,0.2,2,3.256,9.41,53층 355㎡(37.7×9.4m) + 53층 355㎡(37.7×9.4m)
2개동,2개동,50+50,50,169.0,211,32,146,12,65,37580,400.0,14331,51911,843,8.97,0.09,13.0,0.15,2,3.31,11.19,50층 376㎡(33.6×11.2m) + 50층 376㎡(33.6×11.2m)
단일,1a 방위·위치,47,47,159.1,215,25,146,14,69,37580,400.0,9631,47211,866,9.22,0.03,,,1,3.379,16.33,47층 800㎡(49.0×16.3m)
2개동,2개동,38+38,38,129.4,216,20,146,12,70,37580,400.0,11033,48613,1082,11.51,0.104,13.0,0.2,2,3.33,18.16,38층 494㎡(27.2×18.2m) + 38층 494㎡(27.2×18.2m)
2개동,2개동,41+41,41,139.3,217,30,146,12,71,37580,400.0,12395,49975,1013,10.79,0.11,13.0,0.19,2,3.35,13.54,41층 458㎡(33.8×13.5m) + 41층 458㎡(33.8×13.5m)
단일,1a 방위·위치,47,47,159.1,218,21,146,12,72,37580,400.0,9631,47211,866,9.22,0.153,,,1,3.421,16.33,47층 800㎡(49.0×16.3m)
단일,1a 방위·위치,47,47,159.1,219,21,146,12,73,37580,400.0,9631,47211,866,9.22,0.131,,,1,3.495,16.33,47층 800㎡(49.0×16.3m)
2개동,2개동,55+55,55,185.5,219,28,146,12,73,37580,400.0,16239,53819,778,8.28,0.184,6.0,0.06,2,3.367,9.24,55층 342㎡(37.0×9.2m) + 55층 342㎡(37.0×9.2m)
2개동,2개동,55+55,55,185.5,220,31,146,12,74,37580,400.0,13441,51021,761,8.1,0.16,4.3,0.05,2,3.345,15.09,55층 342㎡(22.6×15.1m) + 55층 342㎡(22.6×15.1m)
단일,1a 방위·위치,47,47,159.1,224,25,146,12,78,37580,400.0,9631,47211,866,9.22,0.161,,,1,3.385,16.33,47층 800㎡(49.0×16.3m)
단일,1a 방위·위치,47,47,159.1,193,31,147,10,46,37580,400.0,9631,47211,866,9.22,0.042,,,1,3.216,16.33,47층 800㎡(49.0×16.3m)
2개동,2개동,38+38,38,129.4,211,21,147,12,64,37580,400.0,12393,49973,1094,11.64,0.105,17.7,0.27,2,3.371,12.84,38층 494㎡(38.5×12.8m) + 38층 494㎡(38.5×12.8m)
2개동,2개동,50+50,50,169.0,214,31,147,12,67,37580,400.0,14331,51911,843,8.97,0.095,16.0,0.19,2,3.313,11.19,50층 376㎡(33.6×11.2m) + 50층 376㎡(33.6×11.2m)
단일,1a 방위·위치,47,47,159.1,221,21,147,12,74,37580,400.0,9631,47211,866,9.22,0.118,,,1,3.464,16.33,47층 800㎡(49.0×16.3m)
단일,1a 방위·위치,47,47,159.1,223,31,147,12,76,37580,400.0,9631,47211,866,9.22,0.088,,,1,3.403,16.33,47층 800㎡(49.0×16.3m)
2개동,2개동,55+55,55,185.5,223,31,147,12,76,37580,400.0,13441,51021,761,8.1,0.175,11.8,0.13,2,3.354,15.09,55층 342㎡(22.6×15.1m) + 55층 342㎡(22.6×15.1m)
단일,1a 방위·위치,47,47,159.1,224,21,147,12,77,37580,400.0,9631,47211,866,9.22,0.138,,,1,3.384,16.33,47층 800㎡(49.0×16.3m)
2개동,2개동,55+55,55,185.5,224,31,147,12,77,37580,400.0,14492,52072,767,8.17,0.147,9.0,0.1,2,3.36,11.69,55층 342㎡(29.2×11.7m) + 55층 342㎡(29.2×11.7m)
2개동,2개동,38+38,38,129.4,198,31,148,12,50,37580,400.0,12393,49973,1094,11.64,0.229,4.3,0.07,2,3.384,12.84,38층 494㎡(38.5×12.8m) + 38층 494㎡(38.5×12.8m)
2개동,2개동,55+55,55,185.5,210,32,148,12,62,37580,400.0,13929,51509,764,8.13,0.136,9.0,0.1,2,3.309,13.07,55층 342㎡(26.1×13.1m) + 55층 342㎡(26.1×13.1m)
2개동,2개동,53+53,53,178.9,212,30,148,11,64,37580,400.0,14208,51788,794,8.46,0.189,14.2,0.16,2,3.382,11.91,53층 355㎡(29.8×11.9m) + 53층 355㎡(29.8×11.9m)
2개동,2개동,53+53,53,178.9,214,31,148,12,66,37580,400.0,13656,51236,791,8.42,0.184,9.0,0.1,2,3.319,13.31,53층 355㎡(26.6×13.3m) + 53층 355㎡(26.6×13.3m)
2개동,2개동,38+38,38,129.4,218,24,148,12,70,37580,400.0,13359,50939,1102,11.73,0.049,20.8,0.32,2,3.316,11.12,38층 494㎡(44.5×11.1m) + 38층 494㎡(44.5×11.1m)
2개동,2개동,41+41,41,139.3,219,23,148,12,71,37580,400.0,12900,50480,1017,10.83,0.096,21.3,0.31,2,3.37,12.36,41층 458㎡(37.1×12.4m) + 41층 458㎡(37.1×12.4m)
2개동,2개동,53+53,53,178.9,223,24,148,12,75,37580,400.0,13176,50756,788,8.39,0.076,13.3,3.33,2,3.439,15.37,53층 355㎡(23.1×15.4m) + 53층 355㎡(23.1×15.4m)
2개동,2개동,53+53,53,178.9,205,27,149,8,56,37580,400.0,13656,51236,791,8.42,0.041,12.5,0.14,2,3.274,13.31,53층 355㎡(26.6×13.3m) + 53층 355㎡(26.6×13.3m)
단일,1a 방위·위치,47,47,159.1,205,30,149,10,56,37580,400.0,9631,47211,866,9.22,0.123,,,1,3.206,16.33,47층 800㎡(49.0×16.3m)
2개동,2개동,55+55,55,185.5,207,30,149,7,58,37580,400.0,16239,53819,778,8.28,0.116,19.4,0.21,2,3.372,9.24,55층 342㎡(37.0×9.2m) + 55층 342㎡(37.0×9.2m)
2개동,2개동,55+55,55,185.5,209,29,149,6,60,37580,400.0,13929,51509,764,8.13,0.1,16.4,0.18,2,3.338,13.07,55층 342㎡(26.1×13.1m) + 55층 342㎡(26.1×13.1m)
단일,1a 방위·위치,47,47,159.1,210,30,149,6,61,37580,400.0,9631,47211,866,9.22,0.07,,,1,3.382,16.33,47층 800㎡(49.0×16.3m)
2개동,2개동,55+55,55,185.5,217,30,149,12,68,37580,400.0,14492,52072,767,8.17,0.065,19.3,4.83,2,3.389,11.69,55층 342㎡(29.2×11.7m) + 55층 342㎡(29.2×11.7m)
2개동,2개동,38+38,38,129.4,218,31,149,12,69,37580,400.0,11907,49487,1089,11.6,0.07,16.0,0.25,2,3.344,14.06,38층 494㎡(35.2×14.1m) + 38층 494㎡(35.2×14.1m)
단일,1a 방위·위치,47,47,159.1,220,32,149,12,71,37580,400.0,9631,47211,866,9.22,0.113,,,1,3.392,16.33,47층 800㎡(49.0×16.3m)
2개동,2개동,41+41,41,139.3,223,24,149,12,74,37580,400.0,14869,52449,1033,11.0,0.077,26.7,0.38,2,3.357,9.57,41층 458㎡(47.9×9.6m) + 41층 458㎡(47.9×9.6m)
단일,1a 방위·위치,47,47,159.1,226,21,149,12,77,37580,400.0,9631,47211,866,9.22,0.123,,,1,3.406,16.33,47층 800㎡(49.0×16.3m)
단일,1a 방위·위치,47,47,159.1,226,28,149,12,77,37580,400.0,9631,47211,866,9.22,0.221,,,1,3.356,16.33,47층 800㎡(49.0×16.3m)
2개동,2개동,44+44,44,149.2,227,30,149,12,78,37580,400.0,12868,50448,948,10.09,0.043,13.0,0.17,2,3.349,13.07,44층 427㎡(32.7×13.1m) + 44층 427㎡(32.7×13.1m)
2개동,2개동,55+55,55,185.5,227,26,149,12,78,37580,400.0,13441,51021,761,8.1,0.117,9.0,0.1,2,3.338,15.09,55층 342㎡(22.6×15.1m) + 55층 342㎡(22.6×15.1m)
2개동,2개동,44+44,44,149.2,205,31,150,10,55,37580,400.0,11928,49508,940,10.01,0.06,13.4,3.34,2,3.338,16.87,44층 427㎡(25.3×16.9m) + 44층 427㎡(25.3×16.9m)
2개동,2개동,41+41,41,139.3,206,24,150,5,56,37580,400.0,15788,53368,1041,11.08,0.054,19.0,0.27,2,3.279,8.74,41층 458㎡(52.4×8.7m) + 41층 458㎡(52.4×8.7m)
2개동,2개동,50+50,50,169.0,209,30,150,10,59,37580,400.0,13774,51354,839,8.93,0.111,22.0,0.26,2,3.345,12.26,50층 376㎡(30.7×12.3m) + 50층 376㎡(30.7×12.3m)
2개동,2개동,44+44,44,149.2,213,29,150,6,63,37580,400.0,12868,50448,948,10.09,0.173,6.0,0.08,2,3.306,13.07,44층 427㎡(32.7×13.1m) + 44층 427㎡(32.7×13.1m)
2개동,2개동,55+55,55,185.5,222,30,150,12,72,37580,400.0,14492,52072,767,8.17,0.131,13.0,0.14,2,3.354,11.69,55층 342㎡(29.2×11.7m) + 55층 342㎡(29.2×11.7m)
단일,1a 방위·위치,47,47,159.1,226,25,150,12,76,37580,400.0,9631,47211,866,9.22,0.127,,,1,3.459,16.33,47층 800㎡(49.0×16.3m)
2개동,2개동,50+50,50,169.0,227,31,150,12,77,37580,400.0,13774,51354,839,8.93,0.052,4.3,0.05,2,3.388,12.26,50층 376㎡(30.7×12.3m) + 50층 376㎡(30.7×12.3m)
2개동,2개동,55+55,55,185.5,227,31,150,12,77,37580,400.0,14492,52072,767,8.17,0.171,6.0,0.06,2,3.378,11.69,55층 342㎡(29.2×11.7m) + 55층 342㎡(29.2×11.7m)
단일,1a 방위·위치,47,47,159.1,227,20,150,12,77,37580,400.0,9631,47211,866,9.22,0.058,,,1,3.353,16.33,47층 800㎡(49.0×16.3m)
2개동,2개동,50+50,50,169.0,227,31,150,12,77,37580,400.0,12771,50351,833,8.86,0.16,6.0,0.07,2,3.337,15.83,50층 376㎡(23.7×15.8m) + 50층 376㎡(23.7×15.8m)
단일,1a 방위·위치,47,47,159.1,229,17,150,12,79,37580,400.0,9631,47211,866,9.22,0.05,,,1,3.357,16.33,47층 800㎡(49.0×16.3m)
단일,1a 방위·위치,47,47,159.1,203,30,151,10,52,37580,400.0,9631,47211,866,9.22,0.069,,,1,3.221,16.33,47층 800㎡(49.0×16.3m)
2개동,2개동,50+50,50,169.0,209,29,151,6,58,37580,400.0,14331,51911,843,8.97,0.195,4.3,0.05,2,3.334,11.19,50층 376㎡(33.6×11.2m) + 50층 376㎡(33.6×11.2m)
2개동,2개동,38+38,38,129.4,210,26,151,9,59,37580,400.0,11439,49019,1085,11.55,0.313,4.3,0.07,2,3.379,15.72,38층 494㎡(31.4×15.7m) + 38층 494㎡(31.4×15.7m)
2개동,2개동,44+44,44,149.2,212,30,151,10,61,37580,400.0,12868,50448,948,10.09,0.064,19.2,0.26,2,3.312,13.07,44층 427㎡(32.7×13.1m) + 44층 427㎡(32.7×13.1m)
2개동,2개동,38+38,38,129.4,213,25,151,4,62,37580,400.0,11439,49019,1085,11.55,0.22,4.3,0.07,2,3.33,15.72,38층 494㎡(31.4×15.7m) + 38층 494㎡(31.4×15.7m)
2개동,2개동,53+53,53,178.9,216,29,151,12,65,37580,400.0,13656,51236,791,8.42,0.121,9.0,0.1,2,3.332,13.31,53층 355㎡(26.6×13.3m) + 53층 355㎡(26.6×13.3m)
2개동,2개동,44+44,44,149.2,219,26,151,12,68,37580,400.0,12868,50448,948,10.09,0.048,6.0,0.08,2,3.381,13.07,44층 427㎡(32.7×13.1m) + 44층 427㎡(32.7×13.1m)
2개동,2개동,50+50,50,169.0,220,28,151,12,69,37580,400.0,14331,51911,843,8.97,0.029,17.5,0.21,2,3.338,11.19,50층 376㎡(33.6×11.2m) + 50층 376㎡(33.6×11.2m)
2개동,2개동,55+55,55,185.5,225,29,151,12,74,37580,400.0,16239,53819,778,8.28,0.131,18.0,0.19,2,3.395,9.24,55층 342㎡(37.0×9.2m) + 55층 342㎡(37.0×9.2m)
2개동,2개동,44+44,44,149.2,227,31,151,12,76,37580,400.0,14431,52011,959,10.21,0.307,4.3,0.06,2,3.339,10.33,44층 427㎡(41.3×10.3m) + 44층 427㎡(41.3×10.3m)
2개동,2개동,55+55,55,185.5,227,30,151,12,76,37580,400.0,16239,53819,778,8.28,0.2,18.0,0.19,2,3.331,9.24,55층 342㎡(37.0×9.2m) + 55층 342㎡(37.0×9.2m)
단일,1a 방위·위치,47,47,159.1,228,24,151,12,77,37580,400.0,9631,47211,866,9.22,0.038,,,1,3.447,16.33,47층 800㎡(49.0×16.3m)
2개동,2개동,41+41,41,139.3,229,30,151,12,78,37580,400.0,11910,49490,1009,10.74,0.146,15.1,0.22,2,3.408,15.14,41층 458㎡(30.3×15.1m) + 41층 458㎡(30.3×15.1m)
2개동,2개동,47+47,47,159.1,232,30,151,12,81,37580,400.0,13327,50907,890,9.47,0.193,6.0,0.08,2,3.361,12.65,47층 400㎡(31.6×12.6m) + 47층 400㎡(31.6×12.6m)
2개동,2개동,47+47,47,159.1,206,30,152,11,54,37580,400.0,12807,50387,886,9.43,0.029,9.0,0.11,2,3.337,14.14,47층 400㎡(28.3×14.1m) + 47층 400㎡(28.3×14.1m)
2개동,2개동,55+55,55,185.5,208,30,152,10,56,37580,400.0,16239,53819,778,8.28,0.117,22.0,0.24,2,3.336,9.24,55층 342㎡(37.0×9.2m) + 55층 342㎡(37.0×9.2m)
2개동,2개동,55+55,55,185.5,211,29,152,5,59,37580,400.0,13441,51021,761,8.1,0.117,9.0,0.1,2,3.254,15.09,55층 342㎡(22.6×15.1m) + 55층 342㎡(22.6×15.1m)
2개동,2개동,38+38,38,129.4,218,24,152,12,66,37580,400.0,11907,49487,1089,11.6,0.1,20.1,0.31,2,3.374,14.06,38층 494㎡(35.2×14.1m) + 38층 494㎡(35.2×14.1m)
2개동,2개동,53+53,53,178.9,221,21,152,0,69,37580,400.0,15923,53503,805,8.57,0.083,22.3,0.25,2,3.286,9.41,53층 355㎡(37.7×9.4m) + 53층 355㎡(37.7×9.4m)
2개동,2개동,55+55,55,185.5,222,21,152,0,70,37580,400.0,14492,52072,767,8.17,0.077,18.1,0.19,2,3.286,11.69,55층 342㎡(29.2×11.7m) + 55층 342㎡(29.2×11.7m)
2개동,2개동,47+47,47,159.1,224,20,152,12,72,37580,400.0,12807,50387,886,9.43,0.049,13.0,3.26,2,3.406,14.14,47층 400㎡(28.3×14.1m) + 47층 400㎡(28.3×14.1m)
단일,1a 방위·위치,47,47,159.1,225,31,152,12,73,37580,400.0,9631,47211,866,9.22,0.088,,,1,3.42,16.33,47층 800㎡(49.0×16.3m)
2개동,2개동,41+41,41,139.3,225,20,152,12,73,37580,400.0,12395,49975,1013,10.79,0.075,19.0,0.27,2,3.354,13.54,41층 458㎡(33.8×13.5m) + 41층 458㎡(33.8×13.5m)
2개동,2개동,55+55,55,185.5,226,29,152,12,74,37580,400.0,13929,51509,764,8.13,0.029,6.0,1.51,2,3.392,13.07,55층 342㎡(26.1×13.1m) + 55층 342㎡(26.1×13.1m)
2개동,2개동,53+53,53,178.9,228,30,152,12,76,37580,400.0,13656,51236,791,8.42,0.135,12.5,0.14,2,3.404,13.31,53층 355㎡(26.6×13.3m) + 53층 355㎡(26.6×13.3m)
단일,1a 방위·위치,47,47,159.1,229,21,152,12,77,37580,400.0,9631,47211,866,9.22,0.037,,,1,3.422,16.33,47층 800㎡(49.0×16.3m)
2개동,2개동,55+55,55,185.5,229,20,152,12,77,37580,400.0,15076,52656,771,8.2,0.034,14.2,3.55,2,3.407,10.67,55층 342㎡(32.0×10.7m) + 55층 342㎡(32.0×10.7m)
2개동,2개동,47+47,47,159.1,229,27,152,12,77,37580,400.0,15976,53556,909,9.67,0.216,6.0,0.08,2,3.347,8.94,47층 400㎡(44.7×8.9m) + 47층 400㎡(44.7×8.9m)
2개동,2개동,47+47,47,159.1,229,31,152,12,77,37580,400.0,12356,49936,883,9.4,0.069,4.3,0.05,2,3.336,16.33,47층 400㎡(24.5×16.3m) + 47층 400㎡(24.5×16.3m)
2개동,2개동,55+55,55,185.5,230,24,152,12,78,37580,400.0,16239,53819,778,8.28,0.058,13.0,3.25,2,3.398,9.24,55층 342㎡(37.0×9.2m) + 55층 342㎡(37.0×9.2m)
단일,1a 방위·위치,47,47,159.1,232,31,152,12,80,37580,400.0,9631,47211,866,9.22,0.031,,,1,3.409,16.33,47층 800㎡(49.0×16.3m)
단일,1a 방위·위치,47,47,159.1,232,21,152,12,80,37580,400.0,9631,47211,866,9.22,0.172,,,1,3.394,16.33,47층 800㎡(49.0×16.3m)
단일,1a 방위·위치,47,47,159.1,234,27,152,12,82,37580,400.0,9631,47211,866,9.22,0.101,,,1,3.41,16.33,47층 800㎡(49.0×16.3m)
2개동,2개동,55+55,55,185.5,234,31,152,12,82,37580,400.0,13441,51021,761,8.1,0.152,6.0,0.06,2,3.35,15.09,55층 342㎡(22.6×15.1m) + 55층 342㎡(22.6×15.1m)
2개동,2개동,53+53,53,178.9,234,31,152,12,82,37580,400.0,15923,53503,805,8.57,0.132,4.3,0.05,2,3.341,9.41,53층 355㎡(37.7×9.4m) + 53층 355㎡(37.7×9.4m)
2개동,2개동,38+38,38,129.4,206,21,153,1,53,37580,400.0,12393,49973,1094,11.64,0.242,4.3,0.07,2,3.363,12.84,38층 494㎡(38.5×12.8m) + 38층 494㎡(38.5×12.8m)
2개동,2개동,41+41,41,139.3,213,28,153,6,60,37580,400.0,12900,50480,1017,10.83,0.044,24.8,0.36,2,3.244,12.36,41층 458㎡(37.1×12.4m) + 41층 458㎡(37.1×12.4m)
2개동,2개동,38+38,38,129.4,214,30,153,11,61,37580,400.0,11907,49487,1089,11.6,0.11,6.1,1.52,2,3.393,14.06,38층 494㎡(35.2×14.1m) + 38층 494㎡(35.2×14.1m)
단일,1a 방위·위치,47,47,159.1,215,29,153,8,62,37580,400.0,9631,47211,866,9.22,0.038,,,1,3.405,16.33,47층 800㎡(49.0×16.3m)
2개동,2개동,44+44,44,149.2,215,29,153,10,62,37580,400.0,12868,50448,948,10.09,0.053,22.7,0.3,2,3.296,13.07,44층 427㎡(32.7×13.1m) + 44층 427㎡(32.7×13.1m)
2개동,2개동,38+38,38,129.4,215,26,153,5,62,37580,400.0,12393,49973,1094,11.64,0.047,17.7,0.27,2,3.274,12.84,38층 494㎡(38.5×12.8m) + 38층 494㎡(38.5×12.8m)
2개동,2개동,44+44,44,149.2,219,32,153,12,66,37580,400.0,12365,49945,944,10.05,0.13,6.0,0.08,2,3.322,14.61,44층 427㎡(29.2×14.6m) + 44층 427㎡(29.2×14.6m)
2개동,2개동,47+47,47,159.1,220,30,153,9,67,37580,400.0,13868,51448,894,9.51,0.136,4.3,0.05,2,3.325,11.54,47층 400㎡(34.6×11.5m) + 47층 400㎡(34.6×11.5m)
2개동,2개동,53+53,53,178.9,231,26,153,12,78,37580,400.0,13176,50756,788,8.39,0.119,9.0,0.1,2,3.338,15.37,53층 355㎡(23.1×15.4m) + 53층 355㎡(23.1×15.4m)
2개동,2개동,55+55,55,185.5,231,31,153,12,78,37580,400.0,16239,53819,778,8.28,0.157,13.0,0.14,2,3.337,9.24,55층 342㎡(37.0×9.2m) + 55층 342㎡(37.0×9.2m)
2개동,2개동,44+44,44,149.2,233,28,153,12,80,37580,400.0,14431,52011,959,10.21,0.147,19.6,0.26,2,3.384,10.33,44층 427㎡(41.3×10.3m) + 44층 427㎡(41.3×10.3m)
2개동,2개동,47+47,47,159.1,215,29,154,5,61,37580,400.0,12356,49936,883,9.4,0.135,6.0,0.08,2,3.268,16.33,47층 400㎡(24.5×16.3m) + 47층 400㎡(24.5×16.3m)
단일,1a 방위·위치,47,47,159.1,222,30,154,8,68,37580,400.0,9631,47211,866,9.22,0.106,,,1,3.366,16.33,47층 800㎡(49.0×16.3m)
2개동,2개동,53+53,53,178.9,226,32,154,12,72,37580,400.0,15923,53503,805,8.57,0.257,6.0,0.07,2,3.333,9.41,53층 355㎡(37.7×9.4m) + 53층 355㎡(37.7×9.4m)
2개동,2개동,53+53,53,178.9,226,31,154,12,72,37580,400.0,14208,51788,794,8.46,0.092,15.7,0.18,2,3.332,11.91,53층 355㎡(29.8×11.9m) + 53층 355㎡(29.8×11.9m)
단일,1a 방위·위치,47,47,159.1,233,21,154,12,79,37580,400.0,9631,47211,866,9.22,0.063,,,1,3.379,16.33,47층 800㎡(49.0×16.3m)
2개동,2개동,38+38,38,129.4,213,24,155,4,58,37580,400.0,11907,49487,1089,11.6,0.2,16.0,0.25,2,3.347,14.06,38층 494㎡(35.2×14.1m) + 38층 494㎡(35.2×14.1m)
2개동,2개동,41+41,41,139.3,214,26,155,6,59,37580,400.0,13904,51484,1026,10.92,0.212,6.0,0.09,2,3.344,10.7,41층 458㎡(42.8×10.7m) + 41층 458㎡(42.8×10.7m)
단일,1a 방위·위치,47,47,159.1,215,23,155,1,60,37580,400.0,9631,47211,866,9.22,0.178,,,1,3.303,16.33,47층 800㎡(49.0×16.3m)
2개동,2개동,38+38,38,129.4,216,23,155,6,61,37580,400.0,15173,52753,1118,11.9,0.19,13.0,0.2,2,3.283,9.08,38층 494㎡(54.5×9.1m) + 38층 494㎡(54.5×9.1m)
2개동,2개동,50+50,50,169.0,218,29,155,6,63,37580,400.0,13774,51354,839,8.93,0.15,9.0,0.11,2,3.299,12.26,50층 376㎡(30.7×12.3m) + 50층 376㎡(30.7×12.3m)
2개동,2개동,47+47,47,159.1,219,25,155,3,64,37580,400.0,13868,51448,894,9.51,0.117,16.4,0.21,2,3.325,11.54,47층 400㎡(34.6×11.5m) + 47층 400㎡(34.6×11.5m)
2개동,2개동,53+53,53,178.9,222,29,155,10,67,37580,400.0,13176,50756,788,8.39,0.047,19.2,4.8,2,3.362,15.37,53층 355㎡(23.1×15.4m) + 53층 355㎡(23.1×15.4m)
2개동,2개동,47+47,47,159.1,229,31,155,12,74,37580,400.0,13327,50907,890,9.47,0.055,7.1,1.77,2,3.368,12.65,47층 400㎡(31.6×12.6m) + 47층 400㎡(31.6×12.6m)
2개동,2개동,53+53,53,178.9,229,31,155,12,74,37580,400.0,13656,51236,791,8.42,0.235,6.0,0.07,2,3.329,13.31,53층 355㎡(26.6×13.3m) + 53층 355㎡(26.6×13.3m)
2개동,2개동,53+53,53,178.9,230,29,155,12,75,37580,400.0,15923,53503,805,8.57,0.105,18.2,0.2,2,3.379,9.41,53층 355㎡(37.7×9.4m) + 53층 355㎡(37.7×9.4m)
2개동,2개동,53+53,53,178.9,234,29,155,12,79,37580,400.0,13176,50756,788,8.39,0.142,14.5,0.16,2,3.39,15.37,53층 355㎡(23.1×15.4m) + 53층 355㎡(23.1×15.4m)
2개동,2개동,53+53,53,178.9,234,30,155,12,79,37580,400.0,15923,53503,805,8.57,0.118,19.7,0.22,2,3.386,9.41,53층 355㎡(37.7×9.4m) + 53층 355㎡(37.7×9.4m)
2개동,2개동,50+50,50,169.0,237,31,155,12,82,37580,400.0,12771,50351,833,8.86,0.163,6.0,0.07,2,3.343,15.83,50층 376㎡(23.7×15.8m) + 50층 376㎡(23.7×15.8m)
단일,1a 방위·위치,47,47,159.1,238,25,155,12,83,37580,400.0,9631,47211,866,9.22,0.096,,,1,3.386,16.33,47층 800㎡(49.0×16.3m)
2개동,2개동,53+53,53,178.9,212,25,156,6,56,37580,400.0,13176,50756,788,8.39,0.046,11.9,0.13,2,3.25,15.37,53층 355㎡(23.1×15.4m) + 53층 355㎡(23.1×15.4m)
단일,1a 방위·위치,47,47,159.1,212,29,156,10,56,37580,400.0,9631,47211,866,9.22,0.074,,,1,3.21,16.33,47층 800㎡(49.0×16.3m)
2개동,2개동,50+50,50,169.0,216,26,156,7,60,37580,400.0,13774,51354,839,8.93,0.124,13.0,0.15,2,3.314,12.26,50층 376㎡(30.7×12.3m) + 50층 376㎡(30.7×12.3m)
2개동,2개동,44+44,44,149.2,218,26,156,8,62,37580,400.0,12365,49945,944,10.05,0.224,14.7,0.2,2,3.37,14.61,44층 427㎡(29.2×14.6m) + 44층 427㎡(29.2×14.6m)
2개동,2개동,47+47,47,159.1,218,32,156,8,62,37580,400.0,12807,50387,886,9.43,0.075,13.0,3.26,2,3.347,14.14,47층 400㎡(28.3×14.1m) + 47층 400㎡(28.3×14.1m)
2개동,2개동,44+44,44,149.2,220,26,156,9,64,37580,400.0,13391,50971,952,10.13,0.213,16.8,0.23,2,3.372,11.93,44층 427㎡(35.8×11.9m) + 44층 427㎡(35.8×11.9m)
2개동,2개동,50+50,50,169.0,221,25,156,9,65,37580,400.0,13237,50817,836,8.9,0.251,4.3,0.05,2,3.368,13.71,50층 376㎡(27.4×13.7m) + 50층 376㎡(27.4×13.7m)
2개동,2개동,41+41,41,139.3,221,29,156,6,65,37580,400.0,12900,50480,1017,10.83,0.177,9.0,0.13,2,3.298,12.36,41층 458㎡(37.1×12.4m) + 41층 458㎡(37.1×12.4m)
2개동,2개동,50+50,50,169.0,222,31,156,12,66,37580,400.0,14331,51911,843,8.97,0.064,14.3,3.58,2,3.394,11.19,50층 376㎡(33.6×11.2m) + 50층 376㎡(33.6×11.2m)
2개동,2개동,47+47,47,159.1,223,30,156,12,67,37580,400.0,13868,51448,894,9.51,0.057,14.4,3.6,2,3.4,11.54,47층 400㎡(34.6×11.5m) + 47층 400㎡(34.6×11.5m)
2개동,2개동,41+41,41,139.3,223,30,156,11,67,37580,400.0,11910,49490,1009,10.74,0.132,4.4,1.1,2,3.374,15.14,41층 458㎡(30.3×15.1m) + 41층 458㎡(30.3×15.1m)
2개동,2개동,47+47,47,159.1,224,29,156,8,68,37580,400.0,13327,50907,890,9.47,0.048,6.0,0.08,2,3.303,12.65,47층 400㎡(31.6×12.6m) + 47층 400㎡(31.6×12.6m)
2개동,2개동,53+53,53,178.9,228,27,156,12,72,37580,400.0,13656,51236,791,8.42,0.176,12.5,0.14,2,3.401,13.31,53층 355㎡(26.6×13.3m) + 53층 355㎡(26.6×13.3m)
2개동,2개동,44+44,44,149.2,228,26,156,12,72,37580,400.0,12868,50448,948,10.09,0.048,6.0,0.08,2,3.392,13.07,44층 427㎡(32.7×13.1m) + 44층 427㎡(32.7×13.1m)
2개동,2개동,55+55,55,185.5,228,32,156,12,72,37580,400.0,13441,51021,761,8.1,0.132,9.4,2.36,2,3.338,15.09,55층 342㎡(22.6×15.1m) + 55층 342㎡(22.6×15.1m)
2개동,2개동,50+50,50,169.0,231,29,156,12,75,37580,400.0,13774,51354,839,8.93,0.138,13.0,0.15,2,3.346,12.26,50층 376㎡(30.7×12.3m) + 50층 376㎡(30.7×12.3m)
2개동,2개동,47+47,47,159.1,238,31,156,12,82,37580,400.0,12356,49936,883,9.4,0.251,4.3,0.05,2,3.322,16.33,47층 400㎡(24.5×16.3m) + 47층 400㎡(24.5×16.3m)
2개동,2개동,53+53,53,178.9,240,30,156,12,84,37580,400.0,14208,51788,794,8.46,0.145,13.0,0.15,2,3.326,11.91,53층 355㎡(29.8×11.9m) + 53층 355㎡(29.8×11.9m)
2개동,2개동,38+38,38,129.4,213,22,157,6,56,37580,400.0,11907,49487,1089,11.6,0.252,17.5,0.27,2,3.379,14.06,38층 494㎡(35.2×14.1m) + 38층 494㎡(35.2×14.1m)
2개동,2개동,41+41,41,139.3,218,25,157,6,61,37580,400.0,11488,49068,1006,10.71,0.232,11.3,0.16,2,3.381,17.48,41층 458㎡(26.2×17.5m) + 41층 458㎡(26.2×17.5m)
2개동,2개동,50+50,50,169.0,218,22,157,0,61,37580,400.0,13237,50817,836,8.9,0.113,13.0,0.15,2,3.271,13.71,50층 376㎡(27.4×13.7m) + 50층 376㎡(27.4×13.7m)
2개동,2개동,50+50,50,169.0,220,28,157,6,63,37580,400.0,16505,54085,858,9.13,0.205,6.0,0.07,2,3.292,8.67,50층 376㎡(43.3×8.7m) + 50층 376㎡(43.3×8.7m)
2개동,2개동,41+41,41,139.3,224,30,157,11,67,37580,400.0,12900,50480,1017,10.83,0.092,9.0,2.26,2,3.386,12.36,41층 458㎡(37.1×12.4m) + 41층 458㎡(37.1×12.4m)
2개동,2개동,41+41,41,139.3,224,29,157,11,67,37580,400.0,13904,51484,1026,10.92,0.063,11.7,0.17,2,3.383,10.7,41층 458㎡(42.8×10.7m) + 41층 458㎡(42.8×10.7m)
2개동,2개동,53+53,53,178.9,224,25,157,4,67,37580,400.0,14208,51788,794,8.46,0.123,18.3,0.2,2,3.359,11.91,53층 355㎡(29.8×11.9m) + 53층 355㎡(29.8×11.9m)
2개동,2개동,41+41,41,139.3,225,25,157,11,68,37580,400.0,14869,52449,1033,11.0,0.154,13.0,0.19,2,3.314,9.57,41층 458㎡(47.9×9.6m) + 41층 458㎡(47.9×9.6m)
2개동,2개동,44+44,44,149.2,228,24,157,12,71,37580,400.0,15431,53011,967,10.29,0.095,22.0,0.29,2,3.356,9.24,44층 427㎡(46.2×9.2m) + 44층 427㎡(46.2×9.2m)
2개동,2개동,55+55,55,185.5,229,30,157,12,72,37580,400.0,16239,53819,778,8.28,0.072,19.0,0.2,2,3.339,9.24,55층 342㎡(37.0×9.2m) + 55층 342㎡(37.0×9.2m)
2개동,2개동,55+55,55,185.5,231,31,157,12,74,37580,400.0,14492,52072,767,8.17,0.068,14.0,0.15,2,3.304,11.69,55층 342㎡(29.2×11.7m) + 55층 342㎡(29.2×11.7m)
2개동,2개동,53+53,53,178.9,232,30,157,12,75,37580,400.0,13656,51236,791,8.42,0.13,13.0,0.15,2,3.331,13.31,53층 355㎡(26.6×13.3m) + 53층 355㎡(26.6×13.3m)
2개동,2개동,47+47,47,159.1,242,30,157,12,85,37580,400.0,13327,50907,890,9.47,0.101,13.0,0.16,2,3.321,12.65,47층 400㎡(31.6×12.6m) + 47층 400㎡(31.6×12.6m)
2개동,2개동,41+41,41,139.3,242,25,157,12,85,37580,400.0,15788,53368,1041,11.08,0.089,4.3,0.06,2,3.287,8.74,41층 458㎡(52.4×8.7m) + 41층 458㎡(52.4×8.7m)
2개동,2개동,41+41,41,139.3,209,29,158,10,51,37580,400.0,11910,49490,1009,10.74,0.115,13.6,0.2,2,3.355,15.14,41층 458㎡(30.3×15.1m) + 41층 458㎡(30.3×15.1m)
단일,1a 방위·위치,47,47,159.1,215,36,158,10,57,37580,400.0,9631,47211,866,9.22,0.082,,,1,3.294,16.33,47층 800㎡(49.0×16.3m)
2개동,2개동,55+55,55,185.5,217,30,158,10,59,37580,400.0,13441,51021,761,8.1,0.096,14.4,0.15,2,3.319,15.09,55층 342㎡(22.6×15.1m) + 55층 342㎡(22.6×15.1m)
2개동,2개동,47+47,47,159.1,219,20,158,1,61,37580,400.0,13868,51448,894,9.51,0.17,13.0,0.16,2,3.306,11.54,47층 400㎡(34.6×11.5m) + 47층 400㎡(34.6×11.5m)
2개동,2개동,38+38,38,129.4,221,29,158,11,63,37580,400.0,12393,49973,1094,11.64,0.09,8.3,2.06,2,3.391,12.84,38층 494㎡(38.5×12.8m) + 38층 494㎡(38.5×12.8m)
2개동,2개동,41+41,41,139.3,222,19,158,0,64,37580,400.0,14869,52449,1033,11.0,0.077,22.6,0.32,2,3.275,9.57,41층 458㎡(47.9×9.6m) + 41층 458㎡(47.9×9.6m)
2개동,2개동,38+38,38,129.4,223,28,158,10,65,37580,400.0,12393,49973,1094,11.64,0.119,17.7,0.27,2,3.325,12.84,38층 494㎡(38.5×12.8m) + 38층 494㎡(38.5×12.8m)
2개동,2개동,50+50,50,169.0,225,26,158,9,67,37580,400.0,14331,51911,843,8.97,0.214,16.0,0.19,2,3.362,11.19,50층 376㎡(33.6×11.2m) + 50층 376㎡(33.6×11.2m)
2개동,2개동,41+41,41,139.3,225,24,158,9,67,37580,400.0,11488,49068,1006,10.71,0.081,13.0,0.19,2,3.314,17.48,41층 458㎡(26.2×17.5m) + 41층 458㎡(26.2×17.5m)
2개동,2개동,50+50,50,169.0,226,29,158,9,68,37580,400.0,12771,50351,833,8.86,0.191,10.6,0.13,2,3.361,15.83,50층 376㎡(23.7×15.8m) + 50층 376㎡(23.7×15.8m)
2개동,2개동,53+53,53,178.9,227,27,158,12,69,37580,400.0,13656,51236,791,8.42,0.058,9.0,0.1,2,3.34,13.31,53층 355㎡(26.6×13.3m) + 53층 355㎡(26.6×13.3m)
2개동,2개동,53+53,53,178.9,228,31,158,12,70,37580,400.0,14782,52362,798,8.49,0.196,17.1,0.19,2,3.371,10.87,53층 355㎡(32.6×10.9m) + 53층 355㎡(32.6×10.9m)
2개동,2개동,53+53,53,178.9,230,29,158,12,72,37580,400.0,14208,51788,794,8.46,0.147,14.2,0.16,2,3.407,11.91,53층 355㎡(29.8×11.9m) + 53층 355㎡(29.8×11.9m)
2개동,2개동,47+47,47,159.1,232,27,158,12,74,37580,400.0,13868,51448,894,9.51,0.177,16.4,0.21,2,3.392,11.54,47층 400㎡(34.6×11.5m) + 47층 400㎡(34.6×11.5m)
2개동,2개동,55+55,55,185.5,232,29,158,12,74,37580,400.0,13441,51021,761,8.1,0.035,9.4,2.36,2,3.374,15.09,55층 342㎡(22.6×15.1m) + 55층 342㎡(22.6×15.1m)
2개동,2개동,55+55,55,185.5,236,30,158,12,78,37580,400.0,16239,53819,778,8.28,0.108,22.0,0.24,2,3.377,9.24,55층 342㎡(37.0×9.2m) + 55층 342㎡(37.0×9.2m)
단일,1a 방위·위치,47,47,159.1,236,21,158,12,78,37580,400.0,9631,47211,866,9.22,0.054,,,1,3.339,16.33,47층 800㎡(49.0×16.3m)
단일,1a 방위·위치,47,47,159.1,238,16,158,12,80,37580,400.0,9631,47211,866,9.22,0.036,,,1,3.325,16.33,47층 800㎡(49.0×16.3m)
단일,1a 방위·위치,47,47,159.1,240,26,158,12,82,37580,400.0,9631,47211,866,9.22,0.031,,,1,3.376,16.33,47층 800㎡(49.0×16.3m)
2개동,2개동,50+50,50,169.0,241,30,158,12,83,37580,400.0,13237,50817,836,8.9,0.167,9.0,0.11,2,3.343,13.71,50층 376㎡(27.4×13.7m) + 50층 376㎡(27.4×13.7m)
2개동,2개동,44+44,44,149.2,222,27,159,3,63,37580,400.0,12365,49945,944,10.05,0.198,4.3,0.06,2,3.322,14.61,44층 427㎡(29.2×14.6m) + 44층 427㎡(29.2×14.6m)
2개동,2개동,53+53,53,178.9,224,24,159,8,65,37580,400.0,13656,51236,791,8.42,0.104,13.9,0.16,2,3.345,13.31,53층 355㎡(26.6×13.3m) + 53층 355㎡(26.6×13.3m)
2개동,2개동,50+50,50,169.0,225,27,159,9,66,37580,400.0,12771,50351,833,8.86,0.077,13.0,0.15,2,3.316,15.83,50층 376㎡(23.7×15.8m) + 50층 376㎡(23.7×15.8m)
2개동,2개동,53+53,53,178.9,226,27,159,12,67,37580,400.0,14208,51788,794,8.46,0.045,13.0,0.15,2,3.34,11.91,53층 355㎡(29.8×11.9m) + 53층 355㎡(29.8×11.9m)
2개동,2개동,55+55,55,185.5,226,24,159,9,67,37580,400.0,13441,51021,761,8.1,0.058,19.0,0.2,2,3.293,15.09,55층 342㎡(22.6×15.1m) + 55층 342㎡(22.6×15.1m)
2개동,2개동,50+50,50,169.0,227,30,159,12,68,37580,400.0,13774,51354,839,8.93,0.064,19.3,4.83,2,3.389,12.26,50층 376㎡(30.7×12.3m) + 50층 376㎡(30.7×12.3m)
2개동,2개동,44+44,44,149.2,227,23,159,9,68,37580,400.0,12365,49945,944,10.05,0.235,9.0,0.12,2,3.339,14.61,44층 427㎡(29.2×14.6m) + 44층 427㎡(29.2×14.6m)
2개동,2개동,44+44,44,149.2,228,29,159,12,69,37580,400.0,13391,50971,952,10.13,0.255,16.8,0.23,2,3.358,11.93,44층 427㎡(35.8×11.9m) + 44층 427㎡(35.8×11.9m)
2개동,2개동,41+41,41,139.3,230,30,159,11,71,37580,400.0,11488,49068,1006,10.71,0.223,12.7,0.18,2,3.355,17.48,41층 458㎡(26.2×17.5m) + 41층 458㎡(26.2×17.5m)
2개동,2개동,44+44,44,149.2,232,24,159,12,73,37580,400.0,15431,53011,967,10.29,0.098,22.0,0.29,2,3.355,9.24,44층 427㎡(46.2×9.2m) + 44층 427㎡(46.2×9.2m)
2개동,2개동,44+44,44,149.2,234,23,159,12,75,37580,400.0,12365,49945,944,10.05,0.11,14.7,0.2,2,3.366,14.61,44층 427㎡(29.2×14.6m) + 44층 427㎡(29.2×14.6m)
2개동,2개동,53+53,53,178.9,235,25,159,12,76,37580,400.0,14208,51788,794,8.46,0.079,14.2,0.16,2,3.368,11.91,53층 355㎡(29.8×11.9m) + 53층 355㎡(29.8×11.9m)
단일,1a 방위·위치,47,47,159.1,236,18,159,12,77,37580,400.0,9631,47211,866,9.22,0.072,,,1,3.351,16.33,47층 800㎡(49.0×16.3m)
단일,1a 방위·위치,47,47,159.1,239,18,159,12,80,37580,400.0,9631,47211,866,9.22,0.026,,,1,3.351,16.33,47층 800㎡(49.0×16.3m)
2개동,2개동,44+44,44,149.2,240,29,159,12,81,37580,400.0,13391,50971,952,10.13,0.134,20.9,0.28,2,3.393,11.93,44층 427㎡(35.8×11.9m) + 44층 427㎡(35.8×11.9m)
2개동,2개동,55+55,55,185.5,240,24,159,12,81,37580,400.0,13441,51021,761,8.1,0.097,17.8,0.19,2,3.386,15.09,55층 342㎡(22.6×15.1m) + 55층 342㎡(22.6×15.1m)
2개동,2개동,50+50,50,169.0,242,30,159,12,83,37580,400.0,14331,51911,843,8.97,0.033,13.0,0.15,2,3.307,11.19,50층 376㎡(33.6×11.2m) + 50층 376㎡(33.6×11.2m)
단일,1a 방위·위치,47,47,159.1,214,29,160,10,54,37580,400.0,9631,47211,866,9.22,0.04,,,1,3.326,16.33,47층 800㎡(49.0×16.3m)
2개동,2개동,47+47,47,159.1,216,29,160,10,56,37580,400.0,13868,51448,894,9.51,0.081,20.5,0.26,2,3.352,11.54,47층 400㎡(34.6×11.5m) + 47층 400㎡(34.6×11.5m)
2개동,2개동,53+53,53,178.9,220,31,160,10,60,37580,400.0,13656,51236,791,8.42,0.09,25.2,0.28,2,3.337,13.31,53층 355㎡(26.6×13.3m) + 53층 355㎡(26.6×13.3m)
2개동,2개동,55+55,55,185.5,225,32,160,10,65,37580,400.0,15076,52656,771,8.2,0.076,15.5,0.17,2,3.332,10.67,55층 342㎡(32.0×10.7m) + 55층 342㎡(32.0×10.7m)
2개동,2개동,53+53,53,178.9,229,27,160,6,69,37580,400.0,15923,53503,805,8.57,0.165,18.2,0.2,2,3.311,9.41,53층 355㎡(37.7×9.4m) + 53층 355㎡(37.7×9.4m)
2개동,2개동,53+53,53,178.9,232,24,160,12,72,37580,400.0,15923,53503,805,8.57,0.063,19.0,0.21,2,3.356,9.41,53층 355㎡(37.7×9.4m) + 53층 355㎡(37.7×9.4m)
2개동,2개동,50+50,50,169.0,237,23,160,12,77,37580,400.0,12771,50351,833,8.86,0.052,28.2,7.04,2,3.388,15.83,50층 376㎡(23.7×15.8m) + 50층 376㎡(23.7×15.8m)
2개동,2개동,44+44,44,149.2,238,27,160,12,78,37580,400.0,12365,49945,944,10.05,0.143,13.0,0.17,2,3.339,14.61,44층 427㎡(29.2×14.6m) + 44층 427㎡(29.2×14.6m)
단일,1a 방위·위치,47,47,159.1,240,23,160,12,80,37580,400.0,9631,47211,866,9.22,0.091,,,1,3.407,16.33,47층 800㎡(49.0×16.3m)
단일,1a 방위·위치,47,47,159.1,242,30,160,12,82,37580,400.0,9631,47211,866,9.22,0.085,,,1,3.315,16.33,47층 800㎡(49.0×16.3m)
2개동,2개동,41+41,41,139.3,245,25,160,12,85,37580,400.0,12395,49975,1013,10.79,0.167,19.0,0.27,2,3.309,13.54,41층 458㎡(33.8×13.5m) + 41층 458㎡(33.8×13.5m)
2개동,2개동,50+50,50,169.0,245,31,160,12,85,37580,400.0,14331,51911,843,8.97,0.033,13.0,0.15,2,3.291,11.19,50층 376㎡(33.6×11.2m) + 50층 376㎡(33.6×11.2m)
2개동,2개동,38+38,38,129.4,217,22,161,1,56,37580,400.0,12393,49973,1094,11.64,0.117,19.2,0.3,2,3.335,12.84,38층 494㎡(38.5×12.8m) + 38층 494㎡(38.5×12.8m)
2개동,2개동,44+44,44,149.2,223,24,161,6,62,37580,400.0,12868,50448,948,10.09,0.038,9.0,0.12,2,3.335,13.07,44층 427㎡(32.7×13.1m) + 44층 427㎡(32.7×13.1m)
2개동,2개동,44+44,44,149.2,228,21,161,1,67,37580,400.0,11928,49508,940,10.01,0.146,18.5,0.25,2,3.33,16.87,44층 427㎡(25.3×16.9m) + 44층 427㎡(25.3×16.9m)
2개동,2개동,50+50,50,169.0,230,29,161,8,69,37580,400.0,13774,51354,839,8.93,0.184,6.0,0.07,2,3.303,12.26,50층 376㎡(30.7×12.3m) + 50층 376㎡(30.7×12.3m)
2개동,2개동,53+53,53,178.9,230,25,161,4,69,37580,400.0,13656,51236,791,8.42,0.127,13.0,0.15,2,3.274,13.31,53층 355㎡(26.6×13.3m) + 53층 355㎡(26.6×13.3m)
2개동,2개동,53+53,53,178.9,231,26,161,12,70,37580,400.0,13656,51236,791,8.42,0.297,9.0,2.25,2,3.302,13.31,53층 355㎡(26.6×13.3m) + 53층 355㎡(26.6×13.3m)
2개동,2개동,44+44,44,149.2,234,23,161,12,73,37580,400.0,12868,50448,948,10.09,0.083,22.7,0.3,2,3.374,13.07,44층 427㎡(32.7×13.1m) + 44층 427㎡(32.7×13.1m)
2개동,2개동,55+55,55,185.5,235,29,161,12,74,37580,400.0,13441,51021,761,8.1,0.126,13.0,0.14,2,3.262,15.09,55층 342㎡(22.6×15.1m) + 55층 342㎡(22.6×15.1m)
2개동,2개동,47+47,47,159.1,236,26,161,12,75,37580,400.0,12807,50387,886,9.43,0.114,14.5,0.18,2,3.357,14.14,47층 400㎡(28.3×14.1m) + 47층 400㎡(28.3×14.1m)
2개동,2개동,55+55,55,185.5,241,24,161,12,80,37580,400.0,13441,51021,761,8.1,0.069,11.8,0.13,2,3.314,15.09,55층 342㎡(22.6×15.1m) + 55층 342㎡(22.6×15.1m)
2개동,2개동,47+47,47,159.1,246,29,161,12,85,37580,400.0,15976,53556,909,9.67,0.207,9.0,0.11,2,3.319,8.94,47층 400㎡(44.7×8.9m) + 47층 400㎡(44.7×8.9m)
단일,1a 방위·위치,47,47,159.1,249,29,161,12,88,37580,400.0,9631,47211,866,9.22,0.067,,,1,3.292,16.33,47층 800㎡(49.0×16.3m)
2개동,2개동,44+44,44,149.2,216,29,162,10,54,37580,400.0,12868,50448,948,10.09,0.097,16.6,0.22,2,3.355,13.07,44층 427㎡(32.7×13.1m) + 44층 427㎡(32.7×13.1m)
2개동,2개동,41+41,41,139.3,217,26,162,6,55,37580,400.0,12900,50480,1017,10.83,0.108,18.7,0.27,2,3.341,12.36,41층 458㎡(37.1×12.4m) + 41층 458㎡(37.1×12.4m)
2개동,2개동,44+44,44,149.2,222,23,162,4,60,37580,400.0,13391,50971,952,10.13,0.106,18.3,0.24,2,3.314,11.93,44층 427㎡(35.8×11.9m) + 44층 427㎡(35.8×11.9m)
단일,1a 방위·위치,47,47,159.1,224,32,162,6,62,37580,400.0,9631,47211,866,9.22,0.028,,,1,3.278,16.33,47층 800㎡(49.0×16.3m)
2개동,2개동,53+53,53,178.9,226,19,162,0,64,37580,400.0,13656,51236,791,8.42,0.115,19.0,0.21,2,3.269,13.31,53층 355㎡(26.6×13.3m) + 53층 355㎡(26.6×13.3m)
2개동,2개동,55+55,55,185.5,226,23,162,0,64,37580,400.0,13441,51021,761,8.1,0.105,13.0,0.14,2,3.243,15.09,55층 342㎡(22.6×15.1m) + 55층 342㎡(22.6×15.1m)
2개동,2개동,47+47,47,159.1,231,29,162,8,69,37580,400.0,13327,50907,890,9.47,0.148,14.8,0.19,2,3.351,12.65,47층 400㎡(31.6×12.6m) + 47층 400㎡(31.6×12.6m)
2개동,2개동,55+55,55,185.5,238,24,162,12,76,37580,400.0,15076,52656,771,8.2,0.086,19.0,0.2,2,3.353,10.67,55층 342㎡(32.0×10.7m) + 55층 342㎡(32.0×10.7m)
2개동,2개동,47+47,47,159.1,239,29,162,12,77,37580,400.0,12807,50387,886,9.43,0.092,13.0,0.16,2,3.319,14.14,47층 400㎡(28.3×14.1m) + 47층 400㎡(28.3×14.1m)
2개동,2개동,55+55,55,185.5,241,26,162,12,79,37580,400.0,13929,51509,764,8.13,0.098,16.4,0.18,2,3.392,13.07,55층 342㎡(26.1×13.1m) + 55층 342㎡(26.1×13.1m)
단일,1a 방위·위치,47,47,159.1,243,20,162,12,81,37580,400.0,9631,47211,866,9.22,0.105,,,1,3.336,16.33,47층 800㎡(49.0×16.3m)
2개동,2개동,55+55,55,185.5,244,31,162,12,82,37580,400.0,16239,53819,778,8.28,0.165,13.0,0.14,2,3.298,9.24,55층 342㎡(37.0×9.2m) + 55층 342㎡(37.0×9.2m)
2개동,2개동,41+41,41,139.3,221,28,163,7,58,37580,400.0,11488,49068,1006,10.71,0.172,4.3,0.06,2,3.296,17.48,41층 458㎡(26.2×17.5m) + 41층 458㎡(26.2×17.5m)
2개동,2개동,44+44,44,149.2,222,25,163,6,59,37580,400.0,12868,50448,948,10.09,0.025,13.0,0.17,2,3.3,13.07,44층 427㎡(32.7×13.1m) + 44층 427㎡(32.7×13.1m)
2개동,2개동,55+55,55,185.5,225,26,163,12,62,37580,400.0,16239,53819,778,8.28,0.041,18.0,0.19,2,3.305,9.24,55층 342㎡(37.0×9.2m) + 55층 342㎡(37.0×9.2m)
2개동,2개동,47+47,47,159.1,228,27,163,12,65,37580,400.0,15976,53556,909,9.67,0.096,19.0,0.24,2,3.298,8.94,47층 400㎡(44.7×8.9m) + 47층 400㎡(44.7×8.9m)
2개동,2개동,38+38,38,129.4,229,28,163,11,66,37580,400.0,11907,49487,1089,11.6,0.265,20.1,0.31,2,3.361,14.06,38층 494㎡(35.2×14.1m) + 38층 494㎡(35.2×14.1m)
2개동,2개동,50+50,50,169.0,231,32,163,12,68,37580,400.0,14331,51911,843,8.97,0.156,16.0,0.19,2,3.346,11.19,50층 376㎡(33.6×11.2m) + 50층 376㎡(33.6×11.2m)
2개동,2개동,55+55,55,185.5,231,26,163,12,68,37580,400.0,13929,51509,764,8.13,0.057,13.0,0.14,2,3.325,13.07,55층 342㎡(26.1×13.1m) + 55층 342㎡(26.1×13.1m)
2개동,2개동,50+50,50,169.0,233,28,163,12,70,37580,400.0,12771,50351,833,8.86,0.157,6.0,0.07,2,3.312,15.83,50층 376㎡(23.7×15.8m) + 50층 376㎡(23.7×15.8m)
2개동,2개동,55+55,55,185.5,235,27,163,10,72,37580,400.0,15076,52656,771,8.2,0.116,15.5,0.17,2,3.321,10.67,55층 342㎡(32.0×10.7m) + 55층 342㎡(32.0×10.7m)
2개동,2개동,41+41,41,139.3,236,30,163,11,73,37580,400.0,12395,49975,1013,10.79,0.289,9.0,0.13,2,3.326,13.54,41층 458㎡(33.8×13.5m) + 41층 458㎡(33.8×13.5m)
단일,1a 방위·위치,47,47,159.1,236,23,163,1,73,37580,400.0,9631,47211,866,9.22,0.065,,,1,3.303,16.33,47층 800㎡(49.0×16.3m)
2개동,2개동,55+55,55,185.5,238,31,163,12,75,37580,400.0,16239,53819,778,8.28,0.129,4.3,0.05,2,3.317,9.24,55층 342㎡(37.0×9.2m) + 55층 342㎡(37.0×9.2m)
2개동,2개동,50+50,50,169.0,242,23,163,12,79,37580,400.0,15439,53019,851,9.05,0.087,22.7,0.27,2,3.333,9.69,50층 376㎡(38.8×9.7m) + 50층 376㎡(38.8×9.7m)
단일,1a 방위·위치,47,47,159.1,245,24,163,12,82,37580,400.0,9631,47211,866,9.22,0.087,,,1,3.35,16.33,47층 800㎡(49.0×16.3m)
단일,1a 방위·위치,47,47,159.1,245,21,163,12,82,37580,400.0,9631,47211,866,9.22,0.131,,,1,3.338,16.33,47층 800㎡(49.0×16.3m)
단일,1a 방위·위치,47,47,159.1,220,31,164,8,56,37580,400.0,9631,47211,866,9.22,0.077,,,1,3.246,16.33,47층 800㎡(49.0×16.3m)
2개동,2개동,38+38,38,129.4,225,22,164,12,61,37580,400.0,11033,48613,1082,11.51,0.101,13.0,0.2,2,3.378,18.16,38층 494㎡(27.2×18.2m) + 38층 494㎡(27.2×18.2m)
2개동,2개동,53+53,53,178.9,225,29,164,10,61,37580,400.0,15923,53503,805,8.57,0.06,25.8,0.29,2,3.34,9.41,53층 355㎡(37.7×9.4m) + 53층 355㎡(37.7×9.4m)
2개동,2개동,47+47,47,159.1,226,22,164,1,62,37580,400.0,12356,49936,883,9.4,0.143,9.0,0.11,2,3.261,16.33,47층 400㎡(24.5×16.3m) + 47층 400㎡(24.5×16.3m)
2개동,2개동,44+44,44,149.2,228,21,164,0,64,37580,400.0,11928,49508,940,10.01,0.126,18.5,0.25,2,3.346,16.87,44층 427㎡(25.3×16.9m) + 44층 427㎡(25.3×16.9m)
2개동,2개동,55+55,55,185.5,230,23,164,1,66,37580,400.0,13929,51509,764,8.13,0.136,13.0,0.14,2,3.281,13.07,55층 342㎡(26.1×13.1m) + 55층 342㎡(26.1×13.1m)
2개동,2개동,38+38,38,129.4,233,24,164,12,69,37580,400.0,11033,48613,1082,11.51,0.079,9.6,2.39,2,3.354,18.16,38층 494㎡(27.2×18.2m) + 38층 494㎡(27.2×18.2m)
2개동,2개동,44+44,44,149.2,233,32,164,12,69,37580,400.0,11928,49508,940,10.01,0.081,4.3,0.06,2,3.29,16.87,44층 427㎡(25.3×16.9m) + 44층 427㎡(25.3×16.9m)
2개동,2개동,44+44,44,149.2,238,23,164,12,74,37580,400.0,15431,53011,967,10.29,0.079,26.0,0.35,2,3.352,9.24,44층 427㎡(46.2×9.2m) + 44층 427㎡(46.2×9.2m)
2개동,2개동,55+55,55,185.5,238,30,164,11,74,37580,400.0,13929,51509,764,8.13,0.113,13.0,3.25,2,3.348,13.07,55층 342㎡(26.1×13.1m) + 55층 342㎡(26.1×13.1m)
2개동,2개동,47+47,47,159.1,241,30,164,12,77,37580,400.0,14942,52522,902,9.6,0.132,20.6,0.26,2,3.342,10.0,47층 400㎡(40.0×10.0m) + 47층 400㎡(40.0×10.0m)
2개동,2개동,50+50,50,169.0,244,30,164,12,80,37580,400.0,13774,51354,839,8.93,0.127,18.6,0.22,2,3.388,12.26,50층 376㎡(30.7×12.3m) + 50층 376㎡(30.7×12.3m)
단일,1a 방위·위치,47,47,159.1,246,21,164,12,82,37580,400.0,9631,47211,866,9.22,0.11,,,1,3.322,16.33,47층 800㎡(49.0×16.3m)
단일,1a 방위·위치,47,47,159.1,247,25,164,12,83,37580,400.0,9631,47211,866,9.22,0.154,,,1,3.317,16.33,47층 800㎡(49.0×16.3m)
2개동,2개동,38+38,38,129.4,220,19,165,0,55,37580,400.0,14288,51868,1110,11.82,0.072,27.4,0.42,2,3.308,9.94,38층 494㎡(49.7×9.9m) + 38층 494㎡(49.7×9.9m)
2개동,2개동,47+47,47,159.1,229,25,165,1,64,37580,400.0,12807,50387,886,9.43,0.117,14.5,0.18,2,3.321,14.14,47층 400㎡(28.3×14.1m) + 47층 400㎡(28.3×14.1m)
2개동,2개동,44+44,44,149.2,230,22,165,6,65,37580,400.0,13391,50971,952,10.13,0.221,20.9,0.28,2,3.345,11.93,44층 427㎡(35.8×11.9m) + 44층 427㎡(35.8×11.9m)
2개동,2개동,38+38,38,129.4,232,24,165,4,67,37580,400.0,12393,49973,1094,11.64,0.03,13.0,0.2,2,3.241,12.84,38층 494㎡(38.5×12.8m) + 38층 494㎡(38.5×12.8m)
단일,1a 방위·위치,47,47,159.1,235,28,165,8,70,37580,400.0,9631,47211,866,9.22,0.115,,,1,3.35,16.33,47층 800㎡(49.0×16.3m)
2개동,2개동,47+47,47,159.1,235,26,165,12,70,37580,400.0,12356,49936,883,9.4,0.061,10.8,0.14,2,3.287,16.33,47층 400㎡(24.5×16.3m) + 47층 400㎡(24.5×16.3m)
2개동,2개동,55+55,55,185.5,235,22,165,0,70,37580,400.0,13441,51021,761,8.1,0.102,14.4,0.15,2,3.252,15.09,55층 342㎡(22.6×15.1m) + 55층 342㎡(22.6×15.1m)
2개동,2개동,53+53,53,178.9,236,24,165,8,71,37580,400.0,14208,51788,794,8.46,0.067,15.7,0.18,2,3.337,11.91,53층 355㎡(29.8×11.9m) + 53층 355㎡(29.8×11.9m)
2개동,2개동,50+50,50,169.0,238,21,165,0,73,37580,400.0,12771,50351,833,8.86,0.064,19.2,4.81,2,3.319,15.83,50층 376㎡(23.7×15.8m) + 50층 376㎡(23.7×15.8m)
2개동,2개동,55+55,55,185.5,238,32,165,12,73,37580,400.0,14492,52072,767,8.17,0.227,9.0,0.1,2,3.31,11.69,55층 342㎡(29.2×11.7m) + 55층 342㎡(29.2×11.7m)
2개동,2개동,44+44,44,149.2,239,26,165,12,74,37580,400.0,12868,50448,948,10.09,0.122,15.2,0.2,2,3.377,13.07,44층 427㎡(32.7×13.1m) + 44층 427㎡(32.7×13.1m)
2개동,2개동,47+47,47,159.1,242,27,165,12,77,37580,400.0,13868,51448,894,9.51,0.165,20.5,0.26,2,3.373,11.54,47층 400㎡(34.6×11.5m) + 47층 400㎡(34.6×11.5m)
2개동,2개동,50+50,50,169.0,242,23,165,12,77,37580,400.0,14331,51911,843,8.97,0.044,20.1,0.24,2,3.342,11.19,50층 376㎡(33.6×11.2m) + 50층 376㎡(33.6×11.2m)
단일,1a 방위·위치,47,47,159.1,244,21,165,12,79,37580,400.0,9631,47211,866,9.22,0.023,,,1,3.328,16.33,47층 800㎡(49.0×16.3m)
2개동,2개동,47+47,47,159.1,245,30,165,12,80,37580,400.0,12356,49936,883,9.4,0.083,5.2,1.31,2,3.354,16.33,47층 400㎡(24.5×16.3m) + 47층 400㎡(24.5×16.3m)
단일,1a 방위·위치,47,47,159.1,248,25,165,12,83,37580,400.0,9631,47211,866,9.22,0.071,,,1,3.316,16.33,47층 800㎡(49.0×16.3m)
단일,1a 방위·위치,47,47,159.1,249,23,165,12,84,37580,400.0,9631,47211,866,9.22,0.031,,,1,3.297,16.33,47층 800㎡(49.0×16.3m)
2개동,2개동,44+44,44,149.2,223,33,166,10,57,37580,400.0,11928,49508,940,10.01,0.093,6.7,1.68,2,3.294,16.87,44층 427㎡(25.3×16.9m) + 44층 427㎡(25.3×16.9m)
2개동,2개동,41+41,41,139.3,224,19,166,2,58,37580,400.0,14869,52449,1033,11.0,0.059,24.1,0.35,2,3.302,9.57,41층 458㎡(47.9×9.6m) + 41층 458㎡(47.9×9.6m)
2개동,2개동,38+38,38,129.4,226,15,166,0,60,37580,400.0,13359,50939,1102,11.73,0.173,19.0,0.29,2,3.285,11.12,38층 494㎡(44.5×11.1m) + 38층 494㎡(44.5×11.1m)
2개동,2개동,50+50,50,169.0,229,21,166,1,63,37580,400.0,12771,50351,833,8.86,0.152,9.0,0.11,2,3.28,15.83,50층 376㎡(23.7×15.8m) + 50층 376㎡(23.7×15.8m)
2개동,2개동,38+38,38,129.4,230,22,166,6,64,37580,400.0,14288,51868,1110,11.82,0.147,23.3,0.36,2,3.314,9.94,38층 494㎡(49.7×9.9m) + 38층 494㎡(49.7×9.9m)
2개동,2개동,50+50,50,169.0,234,27,166,9,68,37580,400.0,14331,51911,843,8.97,0.183,20.1,0.24,2,3.367,11.19,50층 376㎡(33.6×11.2m) + 50층 376㎡(33.6×11.2m)
2개동,2개동,47+47,47,159.1,235,29,166,8,69,37580,400.0,13868,51448,894,9.51,0.2,6.0,0.08,2,3.301,11.54,47층 400㎡(34.6×11.5m) + 47층 400㎡(34.6×11.5m)
2개동,2개동,55+55,55,185.5,236,29,166,8,70,37580,400.0,13929,51509,764,8.13,0.155,9.0,0.1,2,3.275,13.07,55층 342㎡(26.1×13.1m) + 55층 342㎡(26.1×13.1m)
2개동,2개동,53+53,53,178.9,237,31,166,12,71,37580,400.0,14208,51788,794,8.46,0.234,9.0,0.1,2,3.317,11.91,53층 355㎡(29.8×11.9m) + 53층 355㎡(29.8×11.9m)
2개동,2개동,38+38,38,129.4,237,21,166,12,71,37580,400.0,11033,48613,1082,11.51,0.081,19.0,0.29,2,3.302,18.16,38층 494㎡(27.2×18.2m) + 38층 494㎡(27.2×18.2m)
2개동,2개동,41+41,41,139.3,239,17,166,12,73,37580,400.0,12395,49975,1013,10.79,0.068,23.1,0.33,2,3.37,13.54,41층 458㎡(33.8×13.5m) + 41층 458㎡(33.8×13.5m)
2개동,2개동,41+41,41,139.3,240,20,166,12,74,37580,400.0,11488,49068,1006,10.71,0.098,11.3,0.16,2,3.357,17.48,41층 458㎡(26.2×17.5m) + 41층 458㎡(26.2×17.5m)
2개동,2개동,50+50,50,169.0,241,29,166,12,75,37580,400.0,13237,50817,836,8.9,0.124,12.7,0.15,2,3.371,13.71,50층 376㎡(27.4×13.7m) + 50층 376㎡(27.4×13.7m)
2개동,2개동,41+41,41,139.3,241,28,166,9,75,37580,400.0,11488,49068,1006,10.71,0.261,9.0,0.13,2,3.308,17.48,41층 458㎡(26.2×17.5m) + 41층 458㎡(26.2×17.5m)
2개동,2개동,55+55,55,185.5,248,22,166,12,82,37580,400.0,14492,52072,767,8.17,0.091,26.7,0.29,2,3.366,11.69,55층 342㎡(29.2×11.7m) + 55층 342㎡(29.2×11.7m)
단일,1a 방위·위치,47,47,159.1,250,22,166,12,84,37580,400.0,9631,47211,866,9.22,0.044,,,1,3.295,16.33,47층 800㎡(49.0×16.3m)
2개동,2개동,53+53,53,178.9,254,31,166,12,88,37580,400.0,13656,51236,791,8.42,0.148,13.0,0.15,2,3.308,13.31,53층 355㎡(26.6×13.3m) + 53층 355㎡(26.6×13.3m)
단일,1a 방위·위치,47,47,159.1,255,28,166,12,89,37580,400.0,9631,47211,866,9.22,0.027,,,1,3.321,16.33,47층 800㎡(49.0×16.3m)
2개동,2개동,44+44,44,149.2,226,26,167,6,59,37580,400.0,14431,52011,959,10.21,0.061,19.6,0.26,2,3.255,10.33,44층 427㎡(41.3×10.3m) + 44층 427㎡(41.3×10.3m)
2개동,2개동,55+55,55,185.5,228,29,167,10,61,37580,400.0,13929,51509,764,8.13,0.087,19.9,0.21,2,3.333,13.07,55층 342㎡(26.1×13.1m) + 55층 342㎡(26.1×13.1m)
2개동,2개동,44+44,44,149.2,231,22,167,0,64,37580,400.0,11928,49508,940,10.01,0.119,5.3,1.31,2,3.292,16.87,44층 427㎡(25.3×16.9m) + 44층 427㎡(25.3×16.9m)
2개동,2개동,41+41,41,139.3,231,17,167,0,64,37580,400.0,14869,52449,1033,11.0,0.075,24.1,0.35,2,3.284,9.57,41층 458㎡(47.9×9.6m) + 41층 458㎡(47.9×9.6m)
2개동,2개동,55+55,55,185.5,232,24,167,8,65,37580,400.0,16239,53819,778,8.28,0.058,22.0,0.24,2,3.349,9.24,55층 342㎡(37.0×9.2m) + 55층 342㎡(37.0×9.2m)
2개동,2개동,47+47,47,159.1,232,22,167,0,65,37580,400.0,12356,49936,883,9.4,0.122,18.3,0.23,2,3.335,16.33,47층 400㎡(24.5×16.3m) + 47층 400㎡(24.5×16.3m)
2개동,2개동,50+50,50,169.0,235,21,167,0,68,37580,400.0,12771,50351,833,8.86,0.103,23.3,0.28,2,3.32,15.83,50층 376㎡(23.7×15.8m) + 50층 376㎡(23.7×15.8m)
2개동,2개동,53+53,53,178.9,237,31,167,12,70,37580,400.0,14208,51788,794,8.46,0.105,9.0,0.1,2,3.325,11.91,53층 355㎡(29.8×11.9m) + 53층 355㎡(29.8×11.9m)
2개동,2개동,47+47,47,159.1,238,31,167,12,71,37580,400.0,13327,50907,890,9.47,0.268,6.0,0.08,2,3.339,12.65,47층 400㎡(31.6×12.6m) + 47층 400㎡(31.6×12.6m)
2개동,2개동,53+53,53,178.9,243,26,167,12,76,37580,400.0,15923,53503,805,8.57,0.096,22.3,0.25,2,3.369,9.41,53층 355㎡(37.7×9.4m) + 53층 355㎡(37.7×9.4m)
2개동,2개동,53+53,53,178.9,245,24,167,12,78,37580,400.0,14208,51788,794,8.46,0.078,15.7,0.18,2,3.363,11.91,53층 355㎡(29.8×11.9m) + 53층 355㎡(29.8×11.9m)
단일,1a 방위·위치,47,47,159.1,249,20,167,12,82,37580,400.0,9631,47211,866,9.22,0.08,,,1,3.301,16.33,47층 800㎡(49.0×16.3m)
2개동,2개동,38+38,38,129.4,222,18,168,0,54,37580,400.0,11439,49019,1085,11.55,0.202,9.0,0.14,2,3.321,15.72,38층 494㎡(31.4×15.7m) + 38층 494㎡(31.4×15.7m)
2개동,2개동,47+47,47,159.1,225,29,168,10,57,37580,400.0,13327,50907,890,9.47,0.094,18.9,0.24,2,3.342,12.65,47층 400㎡(31.6×12.6m) + 47층 400㎡(31.6×12.6m)
2개동,2개동,38+38,38,129.4,230,26,168,8,62,37580,400.0,11439,49019,1085,11.55,0.213,21.5,0.33,2,3.36,15.72,38층 494㎡(31.4×15.7m) + 38층 494㎡(31.4×15.7m)
2개동,2개동,44+44,44,149.2,231,25,168,3,63,37580,400.0,13391,50971,952,10.13,0.117,18.3,0.24,2,3.33,11.93,44층 427㎡(35.8×11.9m) + 44층 427㎡(35.8×11.9m)
2개동,2개동,38+38,38,129.4,235,18,168,12,67,37580,400.0,11033,48613,1082,11.51,0.114,19.0,0.29,2,3.327,18.16,38층 494㎡(27.2×18.2m) + 38층 494㎡(27.2×18.2m)
2개동,2개동,44+44,44,149.2,236,28,168,8,68,37580,400.0,11928,49508,940,10.01,0.156,11.0,0.15,2,3.337,16.87,44층 427㎡(25.3×16.9m) + 44층 427㎡(25.3×16.9m)
2개동,2개동,47+47,47,159.1,238,26,168,12,70,37580,400.0,13868,51448,894,9.51,0.07,16.4,0.21,2,3.386,11.54,47층 400㎡(34.6×11.5m) + 47층 400㎡(34.6×11.5m)
2개동,2개동,41+41,41,139.3,238,29,168,10,70,37580,400.0,11488,49068,1006,10.71,0.128,13.4,3.34,2,3.355,17.48,41층 458㎡(26.2×17.5m) + 41층 458㎡(26.2×17.5m)
2개동,2개동,55+55,55,185.5,238,21,168,1,70,37580,400.0,13441,51021,761,8.1,0.115,23.0,0.25,2,3.321,15.09,55층 342㎡(22.6×15.1m) + 55층 342㎡(22.6×15.1m)
2개동,2개동,53+53,53,178.9,240,23,168,8,72,37580,400.0,15923,53503,805,8.57,0.099,22.3,0.25,2,3.316,9.41,53층 355㎡(37.7×9.4m) + 53층 355㎡(37.7×9.4m)
2개동,2개동,50+50,50,169.0,242,25,168,12,74,37580,400.0,16505,54085,858,9.13,0.081,24.9,0.3,2,3.349,8.67,50층 376㎡(43.3×8.7m) + 50층 376㎡(43.3×8.7m)
2개동,2개동,41+41,41,139.3,243,26,168,9,75,37580,400.0,12900,50480,1017,10.83,0.284,13.0,0.19,2,3.297,12.36,41층 458㎡(37.1×12.4m) + 41층 458㎡(37.1×12.4m)
단일,1a 방위·위치,47,47,159.1,252,21,168,12,84,37580,400.0,9631,47211,866,9.22,0.085,,,1,3.296,16.33,47층 800㎡(49.0×16.3m)
단일,1a 방위·위치,47,47,159.1,252,24,168,12,84,37580,400.0,9631,47211,866,9.22,0.047,,,1,3.295,16.33,47층 800㎡(49.0×16.3m)
2개동,2개동,50+50,50,169.0,229,20,169,0,60,37580,400.0,15439,53019,851,9.05,0.076,26.2,0.31,2,3.333,9.69,50층 376㎡(38.8×9.7m) + 50층 376㎡(38.8×9.7m)
2개동,2개동,41+41,41,139.3,229,19,169,0,60,37580,400.0,12900,50480,1017,10.83,0.212,9.0,0.13,2,3.312,12.36,41층 458㎡(37.1×12.4m) + 41층 458㎡(37.1×12.4m)
2개동,2개동,44+44,44,149.2,234,26,169,12,65,37580,400.0,15431,53011,967,10.29,0.091,19.0,0.25,2,3.296,9.24,44층 427㎡(46.2×9.2m) + 44층 427㎡(46.2×9.2m)
2개동,2개동,41+41,41,139.3,237,26,169,12,68,37580,400.0,11488,49068,1006,10.71,0.149,9.0,0.13,2,3.307,17.48,41층 458㎡(26.2×17.5m) + 41층 458㎡(26.2×17.5m)
2개동,2개동,38+38,38,129.4,240,30,169,11,71,37580,400.0,11033,48613,1082,11.51,0.276,9.0,0.14,2,3.31,18.16,38층 494㎡(27.2×18.2m) + 38층 494㎡(27.2×18.2m)
2개동,2개동,55+55,55,185.5,240,27,169,10,71,37580,400.0,16239,53819,778,8.28,0.02,38.5,0.42,2,3.182,9.24,55층 342㎡(37.0×9.2m) + 55층 342㎡(37.0×9.2m)
2개동,2개동,44+44,44,149.2,244,23,169,12,75,37580,400.0,12365,49945,944,10.05,0.058,17.3,0.23,2,3.339,14.61,44층 427㎡(29.2×14.6m) + 44층 427㎡(29.2×14.6m)
2개동,2개동,44+44,44,149.2,247,22,169,12,78,37580,400.0,12868,50448,948,10.09,0.061,27.9,0.37,2,3.359,13.07,44층 427㎡(32.7×13.1m) + 44층 427㎡(32.7×13.1m)
2개동,2개동,55+55,55,185.5,247,30,169,12,78,37580,400.0,16239,53819,778,8.28,0.116,9.0,0.1,2,3.285,9.24,55층 342㎡(37.0×9.2m) + 55층 342㎡(37.0×9.2m)
2개동,2개동,55+55,55,185.5,250,25,169,12,81,37580,400.0,13929,51509,764,8.13,0.104,16.4,0.18,2,3.327,13.07,55층 342㎡(26.1×13.1m) + 55층 342㎡(26.1×13.1m)
단일,1a 방위·위치,47,47,159.1,252,23,169,12,83,37580,400.0,9631,47211,866,9.22,0.06,,,1,3.291,16.33,47층 800㎡(49.0×16.3m)
2개동,2개동,50+50,50,169.0,254,21,169,12,85,37580,400.0,13774,51354,839,8.93,0.092,7.0,1.75,2,3.283,12.26,50층 376㎡(30.7×12.3m) + 50층 376㎡(30.7×12.3m)
단일,1a 방위·위치,47,47,159.1,230,26,170,6,60,37580,400.0,9631,47211,866,9.22,0.09,,,1,3.235,16.33,47층 800㎡(49.0×16.3m)
단일,1a 방위·위치,47,47,159.1,234,26,170,6,64,37580,400.0,9631,47211,866,9.22,0.085,,,1,3.229,16.33,47층 800㎡(49.0×16.3m)
2개동,2개동,47+47,47,159.1,235,20,170,1,65,37580,400.0,13868,51448,894,9.51,0.108,13.0,0.16,2,3.254,11.54,47층 400㎡(34.6×11.5m) + 47층 400㎡(34.6×11.5m)
2개동,2개동,50+50,50,169.0,237,25,170,9,67,37580,400.0,14331,51911,843,8.97,0.252,9.0,0.11,2,3.335,11.19,50층 376㎡(33.6×11.2m) + 50층 376㎡(33.6×11.2m)
2개동,2개동,38+38,38,129.4,246,31,170,12,76,37580,400.0,11907,49487,1089,11.6,0.292,13.0,0.2,2,3.298,14.06,38층 494㎡(35.2×14.1m) + 38층 494㎡(35.2×14.1m)
2개동,2개동,55+55,55,185.5,256,30,170,12,86,37580,400.0,16239,53819,778,8.28,0.105,13.0,0.14,2,3.272,9.24,55층 342㎡(37.0×9.2m) + 55층 342㎡(37.0×9.2m)
단일,1a 방위·위치,47,47,159.1,231,30,171,10,60,37580,400.0,9631,47211,866,9.22,0.089,,,1,3.201,16.33,47층 800㎡(49.0×16.3m)
2개동,2개동,41+41,41,139.3,232,26,171,12,61,37580,400.0,12900,50480,1017,10.83,0.068,19.0,0.27,2,3.32,12.36,41층 458㎡(37.1×12.4m) + 41층 458㎡(37.1×12.4m)
2개동,2개동,41+41,41,139.3,235,31,171,12,64,37580,400.0,12900,50480,1017,10.83,0.156,18.7,0.27,2,3.336,12.36,41층 458㎡(37.1×12.4m) + 41층 458㎡(37.1×12.4m)
2개동,2개동,50+50,50,169.0,236,26,171,12,65,37580,400.0,15439,53019,851,9.05,0.061,19.0,0.22,2,3.315,9.69,50층 376㎡(38.8×9.7m) + 50층 376㎡(38.8×9.7m)
2개동,2개동,55+55,55,185.5,237,23,171,1,66,37580,400.0,13441,51021,761,8.1,0.105,14.4,0.15,2,3.298,15.09,55층 342㎡(22.6×15.1m) + 55층 342㎡(22.6×15.1m)
2개동,2개동,47+47,47,159.1,239,27,171,12,68,37580,400.0,13327,50907,890,9.47,0.073,14.8,0.19,2,3.395,12.65,47층 400㎡(31.6×12.6m) + 47층 400㎡(31.6×12.6m)
2개동,2개동,44+44,44,149.2,241,27,171,6,70,37580,400.0,12365,49945,944,10.05,0.193,6.0,0.08,2,3.294,14.61,44층 427㎡(29.2×14.6m) + 44층 427㎡(29.2×14.6m)
2개동,2개동,53+53,53,178.9,244,22,171,1,73,37580,400.0,13176,50756,788,8.39,0.072,9.5,2.36,2,3.259,15.37,53층 355㎡(23.1×15.4m) + 53층 355㎡(23.1×15.4m)
2개동,2개동,44+44,44,149.2,248,31,171,12,77,37580,400.0,14431,52011,959,10.21,0.153,4.3,0.06,2,3.323,10.33,44층 427㎡(41.3×10.3m) + 44층 427㎡(41.3×10.3m)
2개동,2개동,50+50,50,169.0,249,26,171,12,78,37580,400.0,13774,51354,839,8.93,0.12,19.0,0.22,2,3.329,12.26,50층 376㎡(30.7×12.3m) + 50층 376㎡(30.7×12.3m)
2개동,2개동,50+50,50,169.0,250,23,171,12,79,37580,400.0,13774,51354,839,8.93,0.098,18.6,0.22,2,3.349,12.26,50층 376㎡(30.7×12.3m) + 50층 376㎡(30.7×12.3m)
2개동,2개동,47+47,47,159.1,251,23,171,12,80,37580,400.0,13327,50907,890,9.47,0.075,27.5,0.35,2,3.372,12.65,47층 400㎡(31.6×12.6m) + 47층 400㎡(31.6×12.6m)
2개동,2개동,38+38,38,129.4,251,23,171,12,80,37580,400.0,11907,49487,1089,11.6,0.061,6.1,1.52,2,3.262,14.06,38층 494㎡(35.2×14.1m) + 38층 494㎡(35.2×14.1m)
2개동,2개동,55+55,55,185.5,236,29,172,8,64,37580,400.0,15076,52656,771,8.2,0.064,19.5,0.21,2,3.336,10.67,55층 342㎡(32.0×10.7m) + 55층 342㎡(32.0×10.7m)
단일,1a 방위·위치,47,47,159.1,236,25,172,6,64,37580,400.0,9631,47211,866,9.22,0.033,,,1,3.228,16.33,47층 800㎡(49.0×16.3m)
2개동,2개동,38+38,38,129.4,237,20,172,8,65,37580,400.0,11033,48613,1082,11.51,0.031,13.4,3.35,2,3.345,18.16,38층 494㎡(27.2×18.2m) + 38층 494㎡(27.2×18.2m)
단일,1a 방위·위치,47,47,159.1,240,23,172,0,68,37580,400.0,9631,47211,866,9.22,0.09,,,1,3.188,16.33,47층 800㎡(49.0×16.3m)
2개동,2개동,50+50,50,169.0,244,29,172,10,72,37580,400.0,13237,50817,836,8.9,0.197,14.2,0.17,2,3.297,13.71,50층 376㎡(27.4×13.7m) + 50층 376㎡(27.4×13.7m)
2개동,2개동,38+38,38,129.4,246,29,172,10,74,37580,400.0,11033,48613,1082,11.51,0.08,13.0,0.2,2,3.285,18.16,38층 494㎡(27.2×18.2m) + 38층 494㎡(27.2×18.2m)
2개동,2개동,47+47,47,159.1,247,20,172,12,75,37580,400.0,13868,51448,894,9.51,0.065,20.5,0.26,2,3.365,11.54,47층 400㎡(34.6×11.5m) + 47층 400㎡(34.6×11.5m)
2개동,2개동,55+55,55,185.5,247,31,172,12,75,37580,400.0,13929,51509,764,8.13,0.13,16.4,0.18,2,3.287,13.07,55층 342㎡(26.1×13.1m) + 55층 342㎡(26.1×13.1m)
2개동,2개동,47+47,47,159.1,234,25,173,6,61,37580,400.0,13327,50907,890,9.47,0.084,22.3,0.28,2,3.351,12.65,47층 400㎡(31.6×12.6m) + 47층 400㎡(31.6×12.6m)
2개동,2개동,53+53,53,178.9,241,28,173,8,68,37580,400.0,14208,51788,794,8.46,0.124,21.7,0.24,2,3.352,11.91,53층 355㎡(29.8×11.9m) + 53층 355㎡(29.8×11.9m)
2개동,2개동,53+53,53,178.9,243,22,173,6,70,37580,400.0,13656,51236,791,8.42,0.076,13.9,0.16,2,3.324,13.31,53층 355㎡(26.6×13.3m) + 53층 355㎡(26.6×13.3m)
2개동,2개동,38+38,38,129.4,247,27,173,9,74,37580,400.0,12393,49973,1094,11.64,0.278,19.0,0.29,2,3.267,12.84,38층 494㎡(38.5×12.8m) + 38층 494㎡(38.5×12.8m)
2개동,2개동,50+50,50,169.0,248,29,173,10,75,37580,400.0,13237,50817,836,8.9,0.101,19.0,4.75,2,3.361,13.71,50층 376㎡(27.4×13.7m) + 50층 376㎡(27.4×13.7m)
2개동,2개동,38+38,38,129.4,250,22,173,12,77,37580,400.0,13359,50939,1102,11.73,0.164,28.0,0.43,2,3.261,11.12,38층 494㎡(44.5×11.1m) + 38층 494㎡(44.5×11.1m)
2개동,2개동,47+47,47,159.1,251,26,173,12,78,37580,400.0,13327,50907,890,9.47,0.105,18.9,0.24,2,3.371,12.65,47층 400㎡(31.6×12.6m) + 47층 400㎡(31.6×12.6m)
단일,1a 방위·위치,47,47,159.1,257,23,173,12,84,37580,400.0,9631,47211,866,9.22,0.119,,,1,3.281,16.33,47층 800㎡(49.0×16.3m)
단일,1a 방위·위치,47,47,159.1,258,23,173,12,85,37580,400.0,9631,47211,866,9.22,0.056,,,1,3.284,16.33,47층 800㎡(49.0×16.3m)
2개동,2개동,47+47,47,159.1,259,29,173,12,86,37580,400.0,15976,53556,909,9.67,0.112,25.5,0.32,2,3.355,8.94,47층 400㎡(44.7×8.9m) + 47층 400㎡(44.7×8.9m)
2개동,2개동,38+38,38,129.4,234,14,174,1,60,37580,400.0,11439,49019,1085,11.55,0.065,18.0,0.28,2,3.35,15.72,38층 494㎡(31.4×15.7m) + 38층 494㎡(31.4×15.7m)
단일,1a 방위·위치,47,47,159.1,238,25,174,6,64,37580,400.0,9631,47211,866,9.22,0.054,,,1,3.241,16.33,47층 800㎡(49.0×16.3m)
2개동,2개동,55+55,55,185.5,239,23,174,0,65,37580,400.0,13929,51509,764,8.13,0.083,25.1,0.27,2,3.35,13.07,55층 342㎡(26.1×13.1m) + 55층 342㎡(26.1×13.1m)
2개동,2개동,55+55,55,185.5,242,28,174,8,68,37580,400.0,13929,51509,764,8.13,0.12,19.9,0.21,2,3.351,13.07,55층 342㎡(26.1×13.1m) + 55층 342㎡(26.1×13.1m)
2개동,2개동,44+44,44,149.2,244,28,174,11,70,37580,400.0,15431,53011,967,10.29,0.214,23.4,0.31,2,3.333,9.24,44층 427㎡(46.2×9.2m) + 44층 427㎡(46.2×9.2m)
2개동,2개동,53+53,53,178.9,246,21,174,6,72,37580,400.0,14782,52362,798,8.49,0.057,19.7,0.22,2,3.33,10.87,53층 355㎡(32.6×10.9m) + 53층 355㎡(32.6×10.9m)
2개동,2개동,47+47,47,159.1,247,32,174,12,73,37580,400.0,12356,49936,883,9.4,0.245,6.0,0.08,2,3.31,16.33,47층 400㎡(24.5×16.3m) + 47층 400㎡(24.5×16.3m)
2개동,2개동,47+47,47,159.1,248,24,174,12,74,37580,400.0,15976,53556,909,9.67,0.085,25.5,0.32,2,3.348,8.94,47층 400㎡(44.7×8.9m) + 47층 400㎡(44.7×8.9m)
단일,1a 방위·위치,47,47,159.1,249,32,174,12,75,37580,400.0,9631,47211,866,9.22,0.132,,,1,3.342,16.33,47층 800㎡(49.0×16.3m)
단일,1a 방위·위치,47,47,159.1,250,32,174,12,76,37580,400.0,9631,47211,866,9.22,0.138,,,1,3.357,16.33,47층 800㎡(49.0×16.3m)
2개동,2개동,44+44,44,149.2,251,30,174,12,77,37580,400.0,14431,52011,959,10.21,0.068,23.7,0.32,2,3.245,10.33,44층 427㎡(41.3×10.3m) + 44층 427㎡(41.3×10.3m)
2개동,2개동,47+47,47,159.1,253,23,174,12,79,37580,400.0,12356,49936,883,9.4,0.103,14.9,0.19,2,3.33,16.33,47층 400㎡(24.5×16.3m) + 47층 400㎡(24.5×16.3m)
2개동,2개동,53+53,53,178.9,256,31,174,12,82,37580,400.0,15923,53503,805,8.57,0.237,13.0,0.15,2,3.273,9.41,53층 355㎡(37.7×9.4m) + 53층 355㎡(37.7×9.4m)
2개동,2개동,41+41,41,139.3,258,23,174,12,84,37580,400.0,11488,49068,1006,10.71,0.029,19.3,4.81,2,3.284,17.48,41층 458㎡(26.2×17.5m) + 41층 458㎡(26.2×17.5m)
2개동,2개동,38+38,38,129.4,230,25,175,8,55,37580,400.0,11907,49487,1089,11.6,0.177,16.0,0.25,2,3.357,14.06,38층 494㎡(35.2×14.1m) + 38층 494㎡(35.2×14.1m)
2개동,2개동,41+41,41,139.3,230,18,175,0,55,37580,400.0,15788,53368,1041,11.08,0.061,28.9,0.41,2,3.313,8.74,41층 458㎡(52.4×8.7m) + 41층 458㎡(52.4×8.7m)
2개동,2개동,41+41,41,139.3,233,17,175,0,58,37580,400.0,15788,53368,1041,11.08,0.082,26.3,0.38,2,3.309,8.74,41층 458㎡(52.4×8.7m) + 41층 458㎡(52.4×8.7m)
단일,1a 방위·위치,47,47,159.1,235,34,175,8,60,37580,400.0,9631,47211,866,9.22,0.121,,,1,3.22,16.33,47층 800㎡(49.0×16.3m)
2개동,2개동,41+41,41,139.3,236,21,175,0,61,37580,400.0,11488,49068,1006,10.71,0.121,6.8,1.69,2,3.29,17.48,41층 458㎡(26.2×17.5m) + 41층 458㎡(26.2×17.5m)
2개동,2개동,41+41,41,139.3,241,26,175,8,66,37580,400.0,11910,49490,1009,10.74,0.219,13.6,0.2,2,3.31,15.14,41층 458㎡(30.3×15.1m) + 41층 458㎡(30.3×15.1m)
2개동,2개동,44+44,44,149.2,242,22,175,1,67,37580,400.0,12868,50448,948,10.09,0.109,19.2,0.26,2,3.326,13.07,44층 427㎡(32.7×13.1m) + 44층 427㎡(32.7×13.1m)
2개동,2개동,41+41,41,139.3,243,16,175,1,68,37580,400.0,15788,53368,1041,11.08,0.136,19.0,0.27,2,3.237,8.74,41층 458㎡(52.4×8.7m) + 41층 458㎡(52.4×8.7m)
2개동,2개동,50+50,50,169.0,246,31,175,12,71,37580,400.0,13774,51354,839,8.93,0.166,18.6,0.22,2,3.321,12.26,50층 376㎡(30.7×12.3m) + 50층 376㎡(30.7×12.3m)
2개동,2개동,53+53,53,178.9,247,22,175,3,72,37580,400.0,13656,51236,791,8.42,0.049,19.0,4.75,2,3.358,13.31,53층 355㎡(26.6×13.3m) + 53층 355㎡(26.6×13.3m)
단일,1a 방위·위치,47,47,159.1,248,22,175,1,73,37580,400.0,9631,47211,866,9.22,0.075,,,1,3.221,16.33,47층 800㎡(49.0×16.3m)
2개동,2개동,55+55,55,185.5,249,30,175,12,74,37580,400.0,13441,51021,761,8.1,0.127,14.4,0.15,2,3.375,15.09,55층 342㎡(22.6×15.1m) + 55층 342㎡(22.6×15.1m)
2개동,2개동,44+44,44,149.2,250,25,175,11,75,37580,400.0,14431,52011,959,10.21,0.056,9.0,0.12,2,3.306,10.33,44층 427㎡(41.3×10.3m) + 44층 427㎡(41.3×10.3m)
2개동,2개동,55+55,55,185.5,250,32,175,12,75,37580,400.0,14492,52072,767,8.17,0.2,13.0,0.14,2,3.296,11.69,55층 342㎡(29.2×11.7m) + 55층 342㎡(29.2×11.7m)
2개동,2개동,41+41,41,139.3,255,23,175,12,80,37580,400.0,11488,49068,1006,10.71,0.06,19.3,4.81,2,3.321,17.48,41층 458㎡(26.2×17.5m) + 41층 458㎡(26.2×17.5m)
2개동,2개동,47+47,47,159.1,259,23,175,12,84,37580,400.0,13327,50907,890,9.47,0.088,27.5,0.35,2,3.366,12.65,47층 400㎡(31.6×12.6m) + 47층 400㎡(31.6×12.6m)
2개동,2개동,38+38,38,129.4,234,21,176,0,58,37580,400.0,11439,49019,1085,11.55,0.105,18.0,0.28,2,3.31,15.72,38층 494㎡(31.4×15.7m) + 38층 494㎡(31.4×15.7m)
2개동,2개동,41+41,41,139.3,236,21,176,0,60,37580,400.0,12395,49975,1013,10.79,0.073,36.1,0.52,2,3.342,13.54,41층 458㎡(33.8×13.5m) + 41층 458㎡(33.8×13.5m)
단일,1a 방위·위치,47,47,159.1,238,25,176,6,62,37580,400.0,9631,47211,866,9.22,0.04,,,1,3.221,16.33,47층 800㎡(49.0×16.3m)
2개동,2개동,38+38,38,129.4,240,30,176,12,64,37580,400.0,13359,50939,1102,11.73,0.109,24.8,0.38,2,3.337,11.12,38층 494㎡(44.5×11.1m) + 38층 494㎡(44.5×11.1m)
2개동,2개동,55+55,55,185.5,240,21,176,0,64,37580,400.0,14492,52072,767,8.17,0.07,26.7,0.29,2,3.331,11.69,55층 342㎡(29.2×11.7m) + 55층 342㎡(29.2×11.7m)
2개동,2개동,38+38,38,129.4,240,27,176,11,64,37580,400.0,15173,52753,1118,11.9,0.053,29.7,0.46,2,3.315,9.08,38층 494㎡(54.5×9.1m) + 38층 494㎡(54.5×9.1m)
2개동,2개동,41+41,41,139.3,248,22,176,12,72,37580,400.0,11910,49490,1009,10.74,0.08,17.7,0.25,2,3.385,15.14,41층 458㎡(30.3×15.1m) + 41층 458㎡(30.3×15.1m)
2개동,2개동,53+53,53,178.9,249,29,176,10,73,37580,400.0,14208,51788,794,8.46,0.181,18.3,0.2,2,3.308,11.91,53층 355㎡(29.8×11.9m) + 53층 355㎡(29.8×11.9m)
단일,1a 방위·위치,47,47,159.1,249,21,176,1,73,37580,400.0,9631,47211,866,9.22,0.048,,,1,3.183,16.33,47층 800㎡(49.0×16.3m)
2개동,2개동,47+47,47,159.1,253,22,176,12,77,37580,400.0,13327,50907,890,9.47,0.097,18.9,0.24,2,3.351,12.65,47층 400㎡(31.6×12.6m) + 47층 400㎡(31.6×12.6m)
2개동,2개동,41+41,41,139.3,253,26,176,9,77,37580,400.0,13904,51484,1026,10.92,0.13,13.0,0.19,2,3.243,10.7,41층 458㎡(42.8×10.7m) + 41층 458㎡(42.8×10.7m)
2개동,2개동,38+38,38,129.4,254,24,176,12,78,37580,400.0,12393,49973,1094,11.64,0.138,28.0,0.43,2,3.293,12.84,38층 494㎡(38.5×12.8m) + 38층 494㎡(38.5×12.8m)
2개동,2개동,41+41,41,139.3,239,30,177,12,62,37580,400.0,13904,51484,1026,10.92,0.118,21.6,0.31,2,3.33,10.7,41층 458㎡(42.8×10.7m) + 41층 458㎡(42.8×10.7m)
2개동,2개동,47+47,47,159.1,242,20,177,0,65,37580,400.0,12807,50387,886,9.43,0.162,13.0,0.16,2,3.274,14.14,47층 400㎡(28.3×14.1m) + 47층 400㎡(28.3×14.1m)
단일,1a 방위·위치,47,47,159.1,246,22,177,0,69,37580,400.0,9631,47211,866,9.22,0.146,,,1,3.28,16.33,47층 800㎡(49.0×16.3m)
2개동,2개동,50+50,50,169.0,255,29,177,12,78,37580,400.0,12771,50351,833,8.86,0.043,9.5,2.37,2,3.323,15.83,50층 376㎡(23.7×15.8m) + 50층 376㎡(23.7×15.8m)
2개동,2개동,44+44,44,149.2,258,27,177,12,81,37580,400.0,11928,49508,940,10.01,0.168,9.0,0.12,2,3.353,16.87,44층 427㎡(25.3×16.9m) + 44층 427㎡(25.3×16.9m)
2개동,2개동,53+53,53,178.9,259,23,177,12,82,37580,400.0,13176,50756,788,8.39,0.11,14.5,0.16,2,3.306,15.37,53층 355㎡(23.1×15.4m) + 53층 355㎡(23.1×15.4m)
2개동,2개동,44+44,44,149.2,262,26,177,12,85,37580,400.0,12365,49945,944,10.05,0.13,19.0,0.25,2,3.294,14.61,44층 427㎡(29.2×14.6m) + 44층 427㎡(29.2×14.6m)
단일,1a 방위·위치,47,47,159.1,263,31,177,12,86,37580,400.0,9631,47211,866,9.22,0.133,,,1,3.306,16.33,47층 800㎡(49.0×16.3m)
2개동,2개동,41+41,41,139.3,238,18,178,3,60,37580,400.0,11910,49490,1009,10.74,0.101,17.7,0.25,2,3.357,15.14,41층 458㎡(30.3×15.1m) + 41층 458㎡(30.3×15.1m)
2개동,2개동,47+47,47,159.1,241,25,178,6,63,37580,400.0,12807,50387,886,9.43,0.162,13.0,0.16,2,3.286,14.14,47층 400㎡(28.3×14.1m) + 47층 400㎡(28.3×14.1m)
2개동,2개동,55+55,55,185.5,243,18,178,0,65,37580,400.0,15076,52656,771,8.2,0.141,19.0,0.2,2,3.253,10.67,55층 342㎡(32.0×10.7m) + 55층 342㎡(32.0×10.7m)
2개동,2개동,53+53,53,178.9,247,17,178,0,69,37580,400.0,14782,52362,798,8.49,0.063,28.4,0.32,2,3.299,10.87,53층 355㎡(32.6×10.9m) + 53층 355㎡(32.6×10.9m)
2개동,2개동,55+55,55,185.5,250,20,178,0,72,37580,400.0,13441,51021,761,8.1,0.085,17.8,0.19,2,3.257,15.09,55층 342㎡(22.6×15.1m) + 55층 342㎡(22.6×15.1m)
2개동,2개동,55+55,55,185.5,251,26,178,12,73,37580,400.0,13929,51509,764,8.13,0.142,4.3,1.09,2,3.253,13.07,55층 342㎡(26.1×13.1m) + 55층 342㎡(26.1×13.1m)
2개동,2개동,50+50,50,169.0,252,30,178,10,74,37580,400.0,12771,50351,833,8.86,0.154,18.1,0.21,2,3.311,15.83,50층 376㎡(23.7×15.8m) + 50층 376㎡(23.7×15.8m)
2개동,2개동,53+53,53,178.9,256,29,178,12,78,37580,400.0,13176,50756,788,8.39,0.043,9.5,2.36,2,3.316,15.37,53층 355㎡(23.1×15.4m) + 53층 355㎡(23.1×15.4m)
2개동,2개동,53+53,53,178.9,259,26,178,12,81,37580,400.0,13656,51236,791,8.42,0.091,20.0,0.22,2,3.355,13.31,53층 355㎡(26.6×13.3m) + 53층 355㎡(26.6×13.3m)
단일,1a 방위·위치,47,47,159.1,260,23,178,12,82,37580,400.0,9631,47211,866,9.22,0.027,,,1,3.369,16.33,47층 800㎡(49.0×16.3m)
2개동,2개동,41+41,41,139.3,263,26,178,12,85,37580,400.0,12395,49975,1013,10.79,0.167,19.0,0.27,2,3.304,13.54,41층 458㎡(33.8×13.5m) + 41층 458㎡(33.8×13.5m)
2개동,2개동,47+47,47,159.1,265,30,178,12,87,37580,400.0,14942,52522,902,9.6,0.157,19.0,0.24,2,3.293,10.0,47층 400㎡(40.0×10.0m) + 47층 400㎡(40.0×10.0m)
단일,1a 방위·위치,47,47,159.1,266,31,178,12,88,37580,400.0,9631,47211,866,9.22,0.08,,,1,3.307,16.33,47층 800㎡(49.0×16.3m)
2개동,2개동,41+41,41,139.3,233,20,179,0,54,37580,400.0,12395,49975,1013,10.79,0.105,19.6,0.28,2,3.338,13.54,41층 458㎡(33.8×13.5m) + 41층 458㎡(33.8×13.5m)
단일,1a 방위·위치,47,47,159.1,238,34,179,8,59,37580,400.0,9631,47211,866,9.22,0.091,,,1,3.214,16.33,47층 800㎡(49.0×16.3m)
2개동,2개동,41+41,41,139.3,239,18,179,1,60,37580,400.0,11488,49068,1006,10.71,0.125,18.8,0.27,2,3.361,17.48,41층 458㎡(26.2×17.5m) + 41층 458㎡(26.2×17.5m)
2개동,2개동,50+50,50,169.0,243,22,179,4,64,37580,400.0,13237,50817,836,8.9,0.06,20.3,0.24,2,3.31,13.71,50층 376㎡(27.4×13.7m) + 50층 376㎡(27.4×13.7m)
2개동,2개동,47+47,47,159.1,246,22,179,1,67,37580,400.0,12807,50387,886,9.43,0.11,17.1,0.21,2,3.316,14.14,47층 400㎡(28.3×14.1m) + 47층 400㎡(28.3×14.1m)
2개동,2개동,41+41,41,139.3,248,18,179,11,69,37580,400.0,12395,49975,1013,10.79,0.052,28.3,0.41,2,3.383,13.54,41층 458㎡(33.8×13.5m) + 41층 458㎡(33.8×13.5m)
2개동,2개동,38+38,38,129.4,248,17,179,1,69,37580,400.0,13359,50939,1102,11.73,0.087,28.3,0.44,2,3.315,11.12,38층 494㎡(44.5×11.1m) + 38층 494㎡(44.5×11.1m)
2개동,2개동,53+53,53,178.9,248,20,179,0,69,37580,400.0,14208,51788,794,8.46,0.139,19.0,0.21,2,3.248,11.91,53층 355㎡(29.8×11.9m) + 53층 355㎡(29.8×11.9m)
단일,1a 방위·위치,47,47,159.1,250,18,179,1,71,37580,400.0,9631,47211,866,9.22,0.093,,,1,3.208,16.33,47층 800㎡(49.0×16.3m)
2개동,2개동,44+44,44,149.2,251,25,179,6,72,37580,400.0,15431,53011,967,10.29,0.16,4.3,0.06,2,3.246,9.24,44층 427㎡(46.2×9.2m) + 44층 427㎡(46.2×9.2m)
2개동,2개동,41+41,41,139.3,254,31,179,12,75,37580,400.0,11910,49490,1009,10.74,0.096,17.7,0.25,2,3.325,15.14,41층 458㎡(30.3×15.1m) + 41층 458㎡(30.3×15.1m)
2개동,2개동,44+44,44,149.2,259,27,179,12,80,37580,400.0,12365,49945,944,10.05,0.133,20.8,0.28,2,3.381,14.61,44층 427㎡(29.2×14.6m) + 44층 427㎡(29.2×14.6m)
2개동,2개동,44+44,44,149.2,265,20,179,12,86,37580,400.0,13391,50971,952,10.13,0.117,11.1,2.77,2,3.233,11.93,44층 427㎡(35.8×11.9m) + 44층 427㎡(35.8×11.9m)
2개동,2개동,53+53,53,178.9,242,25,180,4,62,37580,400.0,13656,51236,791,8.42,0.068,33.0,0.37,2,3.321,13.31,53층 355㎡(26.6×13.3m) + 53층 355㎡(26.6×13.3m)
2개동,2개동,47+47,47,159.1,252,29,180,10,72,37580,400.0,12807,50387,886,9.43,0.204,14.5,0.18,2,3.294,14.14,47층 400㎡(28.3×14.1m) + 47층 400㎡(28.3×14.1m)
2개동,2개동,53+53,53,178.9,253,28,180,11,73,37580,400.0,15923,53503,805,8.57,0.202,25.8,0.29,2,3.306,9.41,53층 355㎡(37.7×9.4m) + 53층 355㎡(37.7×9.4m)
2개동,2개동,50+50,50,169.0,257,29,180,10,77,37580,400.0,12771,50351,833,8.86,0.114,19.2,4.81,2,3.337,15.83,50층 376㎡(23.7×15.8m) + 50층 376㎡(23.7×15.8m)
2개동,2개동,50+50,50,169.0,258,24,180,12,78,37580,400.0,13237,50817,836,8.9,0.091,20.3,0.24,2,3.345,13.71,50층 376㎡(27.4×13.7m) + 50층 376㎡(27.4×13.7m)
2개동,2개동,44+44,44,149.2,259,18,180,12,79,37580,400.0,11928,49508,940,10.01,0.081,18.5,0.25,2,3.337,16.87,44층 427㎡(25.3×16.9m) + 44층 427㎡(25.3×16.9m)
단일,1a 방위·위치,47,47,159.1,262,28,180,12,82,37580,400.0,9631,47211,866,9.22,0.073,,,1,3.376,16.33,47층 800㎡(49.0×16.3m)
2개동,2개동,55+55,55,185.5,264,26,180,12,84,37580,400.0,13441,51021,761,8.1,0.033,28.0,0.3,2,3.298,15.09,55층 342㎡(22.6×15.1m) + 55층 342㎡(22.6×15.1m)
2개동,2개동,41+41,41,139.3,265,26,180,12,85,37580,400.0,14869,52449,1033,11.0,0.138,13.0,0.19,2,3.256,9.57,41층 458㎡(47.9×9.6m) + 41층 458㎡(47.9×9.6m)
2개동,2개동,47+47,47,159.1,266,31,180,12,86,37580,400.0,12807,50387,886,9.43,0.162,13.0,0.16,2,3.31,14.14,47층 400㎡(28.3×14.1m) + 47층 400㎡(28.3×14.1m)
2개동,2개동,50+50,50,169.0,269,27,180,12,89,37580,400.0,12771,50351,833,8.86,0.142,13.0,0.15,2,3.293,15.83,50층 376㎡(23.7×15.8m) + 50층 376㎡(23.7×15.8m)
2개동,2개동,41+41,41,139.3,235,18,181,0,54,37580,400.0,14869,52449,1033,11.0,0.062,30.1,0.43,2,3.329,9.57,41층 458㎡(47.9×9.6m) + 41층 458㎡(47.9×9.6m)
2개동,2개동,55+55,55,185.5,243,17,181,0,62,37580,400.0,14492,52072,767,8.17,0.068,26.7,0.29,2,3.331,11.69,55층 342㎡(29.2×11.7m) + 55층 342㎡(29.2×11.7m)
2개동,2개동,38+38,38,129.4,246,20,181,0,65,37580,400.0,11439,49019,1085,11.55,0.163,19.0,0.29,2,3.256,15.72,38층 494㎡(31.4×15.7m) + 38층 494㎡(31.4×15.7m)
2개동,2개동,50+50,50,169.0,246,18,181,0,65,37580,400.0,13237,50817,836,8.9,0.124,12.7,0.15,2,3.212,13.71,50층 376㎡(27.4×13.7m) + 50층 376㎡(27.4×13.7m)
2개동,2개동,41+41,41,139.3,247,20,181,0,66,37580,400.0,14869,52449,1033,11.0,0.044,30.1,0.43,2,3.129,9.57,41층 458㎡(47.9×9.6m) + 41층 458㎡(47.9×9.6m)
2개동,2개동,47+47,47,159.1,249,18,181,1,68,37580,400.0,12356,49936,883,9.4,0.153,18.3,0.23,2,3.346,16.33,47층 400㎡(24.5×16.3m) + 47층 400㎡(24.5×16.3m)
2개동,2개동,47+47,47,159.1,250,22,181,4,69,37580,400.0,15976,53556,909,9.67,0.079,21.4,0.27,2,3.203,8.94,47층 400㎡(44.7×8.9m) + 47층 400㎡(44.7×8.9m)
2개동,2개동,50+50,50,169.0,251,21,181,0,70,37580,400.0,12771,50351,833,8.86,0.142,13.0,0.15,2,3.248,15.83,50층 376㎡(23.7×15.8m) + 50층 376㎡(23.7×15.8m)
단일,1a 방위·위치,47,47,159.1,254,21,181,4,73,37580,400.0,9631,47211,866,9.22,0.081,,,1,3.2,16.33,47층 800㎡(49.0×16.3m)
단일,1a 방위·위치,47,47,159.1,255,24,181,3,74,37580,400.0,9631,47211,866,9.22,0.082,,,1,3.201,16.33,47층 800㎡(49.0×16.3m)
2개동,2개동,44+44,44,149.2,260,23,181,12,79,37580,400.0,12365,49945,944,10.05,0.053,26.0,0.35,2,3.335,14.61,44층 427㎡(29.2×14.6m) + 44층 427㎡(29.2×14.6m)
2개동,2개동,44+44,44,149.2,263,25,181,12,82,37580,400.0,13391,50971,952,10.13,0.187,13.0,0.17,2,3.339,11.93,44층 427㎡(35.8×11.9m) + 44층 427㎡(35.8×11.9m)
단일,1a 방위·위치,47,47,159.1,263,31,181,12,82,37580,400.0,9631,47211,866,9.22,0.103,,,1,3.29,16.33,47층 800㎡(49.0×16.3m)
2개동,2개동,38+38,38,129.4,248,13,182,7,66,37580,400.0,11907,49487,1089,11.6,0.141,28.0,0.43,2,3.299,14.06,38층 494㎡(35.2×14.1m) + 38층 494㎡(35.2×14.1m)
2개동,2개동,41+41,41,139.3,249,20,182,4,67,37580,400.0,11488,49068,1006,10.71,0.156,12.7,0.18,2,3.298,17.48,41층 458㎡(26.2×17.5m) + 41층 458㎡(26.2×17.5m)
2개동,2개동,41+41,41,139.3,249,18,182,1,67,37580,400.0,11488,49068,1006,10.71,0.077,13.4,3.34,2,3.292,17.48,41층 458㎡(26.2×17.5m) + 41층 458㎡(26.2×17.5m)
단일,1a 방위·위치,47,47,159.1,253,21,182,6,71,37580,400.0,9631,47211,866,9.22,0.027,,,1,3.362,16.33,47층 800㎡(49.0×16.3m)
2개동,2개동,55+55,55,185.5,253,26,182,12,71,37580,400.0,13929,51509,764,8.13,0.041,19.0,0.2,2,3.313,13.07,55층 342㎡(26.1×13.1m) + 55층 342㎡(26.1×13.1m)
2개동,2개동,41+41,41,139.3,253,25,182,8,71,37580,400.0,11488,49068,1006,10.71,0.224,12.7,0.18,2,3.288,17.48,41층 458㎡(26.2×17.5m) + 41층 458㎡(26.2×17.5m)
2개동,2개동,50+50,50,169.0,258,21,182,12,76,37580,400.0,16505,54085,858,9.13,0.083,28.0,0.33,2,3.31,8.67,50층 376㎡(43.3×8.7m) + 50층 376㎡(43.3×8.7m)
2개동,2개동,53+53,53,178.9,260,31,182,12,78,37580,400.0,13176,50756,788,8.39,0.11,6.7,1.66,2,3.295,15.37,53층 355㎡(23.1×15.4m) + 53층 355㎡(23.1×15.4m)
2개동,2개동,55+55,55,185.5,268,30,182,12,86,37580,400.0,13929,51509,764,8.13,0.08,4.3,1.09,2,3.3,13.07,55층 342㎡(26.1×13.1m) + 55층 342㎡(26.1×13.1m)
2개동,2개동,38+38,38,129.4,233,22,183,4,50,37580,400.0,11033,48613,1082,11.51,0.066,11.5,0.18,2,3.317,18.16,38층 494㎡(27.2×18.2m) + 38층 494㎡(27.2×18.2m)
2개동,2개동,41+41,41,139.3,239,17,183,0,56,37580,400.0,14869,52449,1033,11.0,0.057,30.1,0.43,2,3.324,9.57,41층 458㎡(47.9×9.6m) + 41층 458㎡(47.9×9.6m)
2개동,2개동,44+44,44,149.2,250,21,183,0,67,37580,400.0,13391,50971,952,10.13,0.085,24.3,0.33,2,3.316,11.93,44층 427㎡(35.8×11.9m) + 44층 427㎡(35.8×11.9m)
2개동,2개동,41+41,41,139.3,250,15,183,1,67,37580,400.0,11488,49068,1006,10.71,0.027,28.0,0.4,2,3.247,17.48,41층 458㎡(26.2×17.5m) + 41층 458㎡(26.2×17.5m)
2개동,2개동,38+38,38,129.4,250,19,183,7,67,37580,400.0,12393,49973,1094,11.64,0.163,17.7,0.27,2,3.245,12.84,38층 494㎡(38.5×12.8m) + 38층 494㎡(38.5×12.8m)
2개동,2개동,50+50,50,169.0,254,24,183,6,71,37580,400.0,12771,50351,833,8.86,0.166,18.1,0.21,2,3.333,15.83,50층 376㎡(23.7×15.8m) + 50층 376㎡(23.7×15.8m)
2개동,2개동,55+55,55,185.5,255,31,183,12,72,37580,400.0,16239,53819,778,8.28,0.049,25.5,0.27,2,3.331,9.24,55층 342㎡(37.0×9.2m) + 55층 342㎡(37.0×9.2m)
2개동,2개동,55+55,55,185.5,255,31,183,12,72,37580,400.0,13929,51509,764,8.13,0.2,13.0,0.14,2,3.294,13.07,55층 342㎡(26.1×13.1m) + 55층 342㎡(26.1×13.1m)
2개동,2개동,53+53,53,178.9,263,20,183,12,80,37580,400.0,15923,53503,805,8.57,0.052,31.0,0.35,2,3.329,9.41,53층 355㎡(37.7×9.4m) + 53층 355㎡(37.7×9.4m)
2개동,2개동,55+55,55,185.5,263,31,183,12,80,37580,400.0,13929,51509,764,8.13,0.209,13.0,0.14,2,3.274,13.07,55층 342㎡(26.1×13.1m) + 55층 342㎡(26.1×13.1m)
단일,1a 방위·위치,47,47,159.1,265,26,183,12,82,37580,400.0,9631,47211,866,9.22,0.057,,,1,3.338,16.33,47층 800㎡(49.0×16.3m)
2개동,2개동,55+55,55,185.5,247,21,184,0,63,37580,400.0,16239,53819,778,8.28,0.059,38.5,0.42,2,3.354,9.24,55층 342㎡(37.0×9.2m) + 55층 342㎡(37.0×9.2m)
2개동,2개동,53+53,53,178.9,249,26,184,11,65,37580,400.0,13176,50756,788,8.39,0.062,11.9,0.13,2,3.247,15.37,53층 355㎡(23.1×15.4m) + 53층 355㎡(23.1×15.4m)
2개동,2개동,44+44,44,149.2,252,22,184,1,68,37580,400.0,12868,50448,948,10.09,0.08,19.2,0.26,2,3.314,13.07,44층 427㎡(32.7×13.1m) + 44층 427㎡(32.7×13.1m)
2개동,2개동,41+41,41,139.3,253,22,184,12,69,37580,400.0,11910,49490,1009,10.74,0.028,34.1,0.49,2,3.34,15.14,41층 458㎡(30.3×15.1m) + 41층 458㎡(30.3×15.1m)
2개동,2개동,41+41,41,139.3,253,11,184,0,69,37580,400.0,15788,53368,1041,11.08,0.048,32.3,0.46,2,3.3,8.74,41층 458㎡(52.4×8.7m) + 41층 458㎡(52.4×8.7m)
2개동,2개동,50+50,50,169.0,253,15,184,0,69,37580,400.0,16505,54085,858,9.13,0.167,19.0,0.22,2,3.206,8.67,50층 376㎡(43.3×8.7m) + 50층 376㎡(43.3×8.7m)
2개동,2개동,47+47,47,159.1,254,22,184,4,70,37580,400.0,13868,51448,894,9.51,0.053,29.1,0.37,2,3.298,11.54,47층 400㎡(34.6×11.5m) + 47층 400㎡(34.6×11.5m)
2개동,2개동,41+41,41,139.3,254,26,184,8,70,37580,400.0,11488,49068,1006,10.71,0.231,11.3,0.16,2,3.286,17.48,41층 458㎡(26.2×17.5m) + 41층 458㎡(26.2×17.5m)
2개동,2개동,55+55,55,185.5,257,32,184,12,73,37580,400.0,13441,51021,761,8.1,0.175,14.4,0.15,2,3.296,15.09,55층 342㎡(22.6×15.1m) + 55층 342㎡(22.6×15.1m)
단일,1a 방위·위치,47,47,159.1,257,21,184,7,73,37580,400.0,9631,47211,866,9.22,0.066,,,1,3.258,16.33,47층 800㎡(49.0×16.3m)
단일,1a 방위·위치,47,47,159.1,258,24,184,4,74,37580,400.0,9631,47211,866,9.22,0.097,,,1,3.192,16.33,47층 800㎡(49.0×16.3m)
2개동,2개동,44+44,44,149.2,260,25,184,12,76,37580,400.0,11928,49508,940,10.01,0.106,12.5,0.17,2,3.368,16.87,44층 427㎡(25.3×16.9m) + 44층 427㎡(25.3×16.9m)
2개동,2개동,53+53,53,178.9,260,21,184,0,76,37580,400.0,14208,51788,794,8.46,0.082,5.5,1.38,2,3.2,11.91,53층 355㎡(29.8×11.9m) + 53층 355㎡(29.8×11.9m)
2개동,2개동,55+55,55,185.5,263,30,184,12,79,37580,400.0,15076,52656,771,8.2,0.165,28.2,0.3,2,3.311,10.67,55층 342㎡(32.0×10.7m) + 55층 342㎡(32.0×10.7m)
2개동,2개동,38+38,38,129.4,268,24,184,12,84,37580,400.0,14288,51868,1110,11.82,0.033,36.0,0.56,2,3.166,9.94,38층 494㎡(49.7×9.9m) + 38층 494㎡(49.7×9.9m)
단일,1a 방위·위치,47,47,159.1,270,30,184,12,86,37580,400.0,9631,47211,866,9.22,0.141,,,1,3.302,16.33,47층 800㎡(49.0×16.3m)
단일,1a 방위·위치,47,47,159.1,270,29,184,12,86,37580,400.0,9631,47211,866,9.22,0.11,,,1,3.271,16.33,47층 800㎡(49.0×16.3m)
2개동,2개동,38+38,38,129.4,254,16,185,1,69,37580,400.0,12393,49973,1094,11.64,0.11,30.5,0.47,2,3.318,12.84,38층 494㎡(38.5×12.8m) + 38층 494㎡(38.5×12.8m)
2개동,2개동,41+41,41,139.3,254,24,185,8,69,37580,400.0,12395,49975,1013,10.79,0.04,19.0,0.27,2,3.283,13.54,41층 458㎡(33.8×13.5m) + 41층 458㎡(33.8×13.5m)
단일,1a 방위·위치,47,47,159.1,256,16,185,1,71,37580,400.0,9631,47211,866,9.22,0.043,,,1,3.218,16.33,47층 800㎡(49.0×16.3m)
2개동,2개동,41+41,41,139.3,269,20,185,11,84,37580,400.0,12395,49975,1013,10.79,0.034,19.4,4.86,2,3.202,13.54,41층 458㎡(33.8×13.5m) + 41층 458㎡(33.8×13.5m)
2개동,2개동,47+47,47,159.1,274,23,185,12,89,37580,400.0,12356,49936,883,9.4,0.129,19.0,0.24,2,3.278,16.33,47층 400㎡(24.5×16.3m) + 47층 400㎡(24.5×16.3m)
2개동,2개동,38+38,38,129.4,254,14,186,6,68,37580,400.0,11439,49019,1085,11.55,0.177,9.0,2.25,2,3.214,15.72,38층 494㎡(31.4×15.7m) + 38층 494㎡(31.4×15.7m)
2개동,2개동,50+50,50,169.0,258,24,186,12,72,37580,400.0,14331,51911,843,8.97,0.032,36.5,0.43,2,3.359,11.19,50층 376㎡(33.6×11.2m) + 50층 376㎡(33.6×11.2m)
2개동,2개동,44+44,44,149.2,260,22,186,9,74,37580,400.0,12365,49945,944,10.05,0.052,19.0,0.25,2,3.292,14.61,44층 427㎡(29.2×14.6m) + 44층 427㎡(29.2×14.6m)
단일,1a 방위·위치,47,47,159.1,272,30,186,12,86,37580,400.0,9631,47211,866,9.22,0.112,,,1,3.246,16.33,47층 800㎡(49.0×16.3m)
2개동,2개동,53+53,53,178.9,275,21,186,12,89,37580,400.0,13176,50756,788,8.39,0.054,28.1,7.04,2,3.281,15.37,53층 355㎡(23.1×15.4m) + 53층 355㎡(23.1×15.4m)
2개동,2개동,50+50,50,169.0,255,26,187,12,68,37580,400.0,13774,51354,839,8.93,0.097,19.0,0.22,2,3.304,12.26,50층 376㎡(30.7×12.3m) + 50층 376㎡(30.7×12.3m)
2개동,2개동,47+47,47,159.1,258,23,187,6,71,37580,400.0,13327,50907,890,9.47,0.16,27.5,0.35,2,3.348,12.65,47층 400㎡(31.6×12.6m) + 47층 400㎡(31.6×12.6m)
2개동,2개동,50+50,50,169.0,259,19,187,0,72,37580,400.0,16505,54085,858,9.13,0.119,13.0,0.15,2,3.177,8.67,50층 376㎡(43.3×8.7m) + 50층 376㎡(43.3×8.7m)
단일,1a 방위·위치,47,47,159.1,260,23,187,9,73,37580,400.0,9631,47211,866,9.22,0.071,,,1,3.255,16.33,47층 800㎡(49.0×16.3m)
2개동,2개동,41+41,41,139.3,267,31,187,12,80,37580,400.0,12900,50480,1017,10.83,0.283,13.0,0.19,2,3.283,12.36,41층 458㎡(37.1×12.4m) + 41층 458㎡(37.1×12.4m)
2개동,2개동,50+50,50,169.0,270,29,187,12,83,37580,400.0,12771,50351,833,8.86,0.121,23.3,0.28,2,3.358,15.83,50층 376㎡(23.7×15.8m) + 50층 376㎡(23.7×15.8m)
단일,1a 방위·위치,47,47,159.1,271,31,187,12,84,37580,400.0,9631,47211,866,9.22,0.088,,,1,3.254,16.33,47층 800㎡(49.0×16.3m)
2개동,2개동,44+44,44,149.2,253,21,188,4,65,37580,400.0,12365,49945,944,10.05,0.164,26.0,0.35,2,3.356,14.61,44층 427㎡(29.2×14.6m) + 44층 427㎡(29.2×14.6m)
2개동,2개동,38+38,38,129.4,255,19,188,7,67,37580,400.0,11033,48613,1082,11.51,0.176,13.0,0.2,2,3.243,18.16,38층 494㎡(27.2×18.2m) + 38층 494㎡(27.2×18.2m)
2개동,2개동,47+47,47,159.1,267,30,188,12,79,37580,400.0,13868,51448,894,9.51,0.178,23.9,0.3,2,3.344,11.54,47층 400㎡(34.6×11.5m) + 47층 400㎡(34.6×11.5m)
2개동,2개동,38+38,38,129.4,267,27,188,8,79,37580,400.0,11033,48613,1082,11.51,0.121,4.3,1.07,2,3.231,18.16,38층 494㎡(27.2×18.2m) + 38층 494㎡(27.2×18.2m)
2개동,2개동,47+47,47,159.1,273,30,188,12,85,37580,400.0,13327,50907,890,9.47,0.182,27.5,0.35,2,3.315,12.65,47층 400㎡(31.6×12.6m) + 47층 400㎡(31.6×12.6m)
2개동,2개동,55+55,55,185.5,267,24,189,12,78,37580,400.0,13929,51509,764,8.13,0.092,19.9,0.21,2,3.367,13.07,55층 342㎡(26.1×13.1m) + 55층 342㎡(26.1×13.1m)
단일,1a 방위·위치,47,47,159.1,267,31,189,12,78,37580,400.0,9631,47211,866,9.22,0.156,,,1,3.295,16.33,47층 800㎡(49.0×16.3m)
2개동,2개동,41+41,41,139.3,249,21,190,4,59,37580,400.0,14869,52449,1033,11.0,0.035,35.3,0.51,2,3.311,9.57,41층 458㎡(47.9×9.6m) + 41층 458㎡(47.9×9.6m)
2개동,2개동,47+47,47,159.1,263,24,190,4,73,37580,400.0,14942,52522,902,9.6,0.042,13.0,0.16,2,3.19,10.0,47층 400㎡(40.0×10.0m) + 47층 400㎡(40.0×10.0m)
2개동,2개동,50+50,50,169.0,264,30,190,12,74,37580,400.0,14331,51911,843,8.97,0.203,19.0,0.22,2,3.274,11.19,50층 376㎡(33.6×11.2m) + 50층 376㎡(33.6×11.2m)
2개동,2개동,50+50,50,169.0,266,31,190,11,76,37580,400.0,16505,54085,858,9.13,0.145,4.3,0.05,2,3.263,8.67,50층 376㎡(43.3×8.7m) + 50층 376㎡(43.3×8.7m)
2개동,2개동,47+47,47,159.1,268,25,190,12,78,37580,400.0,14942,52522,902,9.6,0.188,13.0,0.16,2,3.323,10.0,47층 400㎡(40.0×10.0m) + 47층 400㎡(40.0×10.0m)
2개동,2개동,50+50,50,169.0,274,28,190,12,84,37580,400.0,13237,50817,836,8.9,0.081,6.0,1.51,2,3.301,13.71,50층 376㎡(27.4×13.7m) + 50층 376㎡(27.4×13.7m)
2개동,2개동,53+53,53,178.9,283,26,190,12,93,37580,400.0,14208,51788,794,8.46,0.051,9.6,2.41,2,3.211,11.91,53층 355㎡(29.8×11.9m) + 53층 355㎡(29.8×11.9m)
2개동,2개동,38+38,38,129.4,248,19,191,0,57,37580,400.0,11033,48613,1082,11.51,0.087,19.1,0.29,2,3.3,18.16,38층 494㎡(27.2×18.2m) + 38층 494㎡(27.2×18.2m)
2개동,2개동,41+41,41,139.3,263,16,191,1,72,37580,400.0,14869,52449,1033,11.0,0.055,30.1,0.43,2,3.175,9.57,41층 458㎡(47.9×9.6m) + 41층 458㎡(47.9×9.6m)
단일,1a 방위·위치,47,47,159.1,264,22,191,6,73,37580,400.0,9631,47211,866,9.22,0.122,,,1,3.242,16.33,47층 800㎡(49.0×16.3m)
2개동,2개동,53+53,53,178.9,270,31,191,11,79,37580,400.0,13176,50756,788,8.39,0.204,13.0,0.15,2,3.263,15.37,53층 355㎡(23.1×15.4m) + 53층 355㎡(23.1×15.4m)
2개동,2개동,50+50,50,169.0,271,24,191,6,80,37580,400.0,16505,54085,858,9.13,0.08,28.4,0.34,2,3.288,8.67,50층 376㎡(43.3×8.7m) + 50층 376㎡(43.3×8.7m)
2개동,2개동,53+53,53,178.9,271,26,191,8,80,37580,400.0,13176,50756,788,8.39,0.175,17.9,0.2,2,3.269,15.37,53층 355㎡(23.1×15.4m) + 53층 355㎡(23.1×15.4m)
2개동,2개동,55+55,55,185.5,272,22,191,12,81,37580,400.0,13929,51509,764,8.13,0.072,25.1,0.27,2,3.341,13.07,55층 342㎡(26.1×13.1m) + 55층 342㎡(26.1×13.1m)
단일,1a 방위·위치,47,47,159.1,275,31,191,12,84,37580,400.0,9631,47211,866,9.22,0.058,,,1,3.248,16.33,47층 800㎡(49.0×16.3m)
2개동,2개동,55+55,55,185.5,276,29,191,12,85,37580,400.0,14492,52072,767,8.17,0.095,26.7,0.29,2,3.369,11.69,55층 342㎡(29.2×11.7m) + 55층 342㎡(29.2×11.7m)
단일,1a 방위·위치,47,47,159.1,278,29,191,12,87,37580,400.0,9631,47211,866,9.22,0.1,,,1,3.25,16.33,47층 800㎡(49.0×16.3m)
2개동,2개동,38+38,38,129.4,245,17,192,0,53,37580,400.0,11033,48613,1082,11.51,0.1,15.6,0.24,2,3.318,18.16,38층 494㎡(27.2×18.2m) + 38층 494㎡(27.2×18.2m)
2개동,2개동,44+44,44,149.2,258,16,192,0,66,37580,400.0,12365,49945,944,10.05,0.149,19.0,0.25,2,3.262,14.61,44층 427㎡(29.2×14.6m) + 44층 427㎡(29.2×14.6m)
2개동,2개동,44+44,44,149.2,263,15,192,0,71,37580,400.0,15431,53011,967,10.29,0.185,19.0,0.25,2,3.203,9.24,44층 427㎡(46.2×9.2m) + 44층 427㎡(46.2×9.2m)
2개동,2개동,50+50,50,169.0,265,21,192,7,73,37580,400.0,13237,50817,836,8.9,0.184,19.0,0.22,2,3.29,13.71,50층 376㎡(27.4×13.7m) + 50층 376㎡(27.4×13.7m)
2개동,2개동,41+41,41,139.3,267,29,192,10,75,37580,400.0,11488,49068,1006,10.71,0.181,18.8,0.27,2,3.298,17.48,41층 458㎡(26.2×17.5m) + 41층 458㎡(26.2×17.5m)
2개동,2개동,44+44,44,149.2,254,23,193,2,61,37580,400.0,12868,50448,948,10.09,0.098,7.2,1.79,2,3.204,13.07,44층 427㎡(32.7×13.1m) + 44층 427㎡(32.7×13.1m)
2개동,2개동,44+44,44,149.2,264,24,193,11,71,37580,400.0,11928,49508,940,10.01,0.091,12.5,0.17,2,3.257,16.87,44층 427㎡(25.3×16.9m) + 44층 427㎡(25.3×16.9m)
2개동,2개동,47+47,47,159.1,270,15,193,11,77,37580,400.0,12807,50387,886,9.43,0.059,25.7,0.32,2,3.345,14.14,47층 400㎡(28.3×14.1m) + 47층 400㎡(28.3×14.1m)
2개동,2개동,50+50,50,169.0,272,18,193,3,79,37580,400.0,14331,51911,843,8.97,0.055,28.6,7.16,2,3.378,11.19,50층 376㎡(33.6×11.2m) + 50층 376㎡(33.6×11.2m)
2개동,2개동,44+44,44,149.2,272,20,193,12,79,37580,400.0,11928,49508,940,10.01,0.117,19.0,0.25,2,3.298,16.87,44층 427㎡(25.3×16.9m) + 44층 427㎡(25.3×16.9m)
단일,1a 방위·위치,47,47,159.1,272,28,193,8,79,37580,400.0,9631,47211,866,9.22,0.051,,,1,3.229,16.33,47층 800㎡(49.0×16.3m)
단일,1a 방위·위치,47,47,159.1,279,31,193,12,86,37580,400.0,9631,47211,866,9.22,0.078,,,1,3.226,16.33,47층 800㎡(49.0×16.3m)
2개동,2개동,41+41,41,139.3,279,21,193,12,86,37580,400.0,12395,49975,1013,10.79,0.129,4.3,1.08,2,3.162,13.54,41층 458㎡(33.8×13.5m) + 41층 458㎡(33.8×13.5m)
2개동,2개동,53+53,53,178.9,259,19,194,0,65,37580,400.0,14782,52362,798,8.49,0.035,36.2,0.4,2,3.354,10.87,53층 355㎡(32.6×10.9m) + 53층 355㎡(32.6×10.9m)
2개동,2개동,55+55,55,185.5,267,26,194,9,73,37580,400.0,13441,51021,761,8.1,0.185,10.3,0.11,2,3.21,15.09,55층 342㎡(22.6×15.1m) + 55층 342㎡(22.6×15.1m)
2개동,2개동,41+41,41,139.3,273,23,194,4,79,37580,400.0,11488,49068,1006,10.71,0.201,6.0,1.5,2,3.217,17.48,41층 458㎡(26.2×17.5m) + 41층 458㎡(26.2×17.5m)
2개동,2개동,41+41,41,139.3,259,25,195,4,64,37580,400.0,12395,49975,1013,10.79,0.063,28.3,0.41,2,3.317,13.54,41층 458㎡(33.8×13.5m) + 41층 458㎡(33.8×13.5m)
2개동,2개동,44+44,44,149.2,266,31,195,12,71,37580,400.0,14431,52011,959,10.21,0.12,23.7,0.32,2,3.32,10.33,44층 427㎡(41.3×10.3m) + 44층 427㎡(41.3×10.3m)
2개동,2개동,53+53,53,178.9,266,20,195,0,71,37580,400.0,14782,52362,798,8.49,0.095,28.0,0.31,2,3.259,10.87,53층 355㎡(32.6×10.9m) + 53층 355㎡(32.6×10.9m)
2개동,2개동,38+38,38,129.4,267,18,195,6,72,37580,400.0,15173,52753,1118,11.9,0.036,19.0,0.29,2,3.206,9.08,38층 494㎡(54.5×9.1m) + 38층 494㎡(54.5×9.1m)
2개동,2개동,38+38,38,129.4,268,13,195,0,73,37580,400.0,11439,49019,1085,11.55,0.068,15.4,0.24,2,3.149,15.72,38층 494㎡(31.4×15.7m) + 38층 494㎡(31.4×15.7m)
2개동,2개동,50+50,50,169.0,272,20,195,0,77,37580,400.0,13237,50817,836,8.9,0.071,13.0,3.26,2,3.199,13.71,50층 376㎡(27.4×13.7m) + 50층 376㎡(27.4×13.7m)
단일,1a 방위·위치,47,47,159.1,274,27,195,12,79,37580,400.0,9631,47211,866,9.22,0.109,,,1,3.257,16.33,47층 800㎡(49.0×16.3m)
2개동,2개동,47+47,47,159.1,274,29,195,12,79,37580,400.0,15976,53556,909,9.67,0.093,22.9,0.29,2,3.197,8.94,47층 400㎡(44.7×8.9m) + 47층 400㎡(44.7×8.9m)
2개동,2개동,55+55,55,185.5,285,30,195,12,90,37580,400.0,13929,51509,764,8.13,0.128,19.0,0.2,2,3.275,13.07,55층 342㎡(26.1×13.1m) + 55층 342㎡(26.1×13.1m)
2개동,2개동,38+38,38,129.4,263,21,196,3,67,37580,400.0,11439,49019,1085,11.55,0.123,34.5,0.53,2,3.332,15.72,38층 494㎡(31.4×15.7m) + 38층 494㎡(31.4×15.7m)
2개동,2개동,44+44,44,149.2,266,15,196,0,70,37580,400.0,14431,52011,959,10.21,0.04,32.3,0.43,2,3.296,10.33,44층 427㎡(41.3×10.3m) + 44층 427㎡(41.3×10.3m)
2개동,2개동,44+44,44,149.2,268,12,196,0,72,37580,400.0,11928,49508,940,10.01,0.077,23.7,0.32,2,3.303,16.87,44층 427㎡(25.3×16.9m) + 44층 427㎡(25.3×16.9m)
단일,1a 방위·위치,47,47,159.1,273,30,196,11,77,37580,400.0,9631,47211,866,9.22,0.057,,,1,3.202,16.33,47층 800㎡(49.0×16.3m)
2개동,2개동,38+38,38,129.4,273,18,196,1,77,37580,400.0,11439,49019,1085,11.55,0.177,6.0,1.5,2,3.166,15.72,38층 494㎡(31.4×15.7m) + 38층 494㎡(31.4×15.7m)
2개동,2개동,38+38,38,129.4,253,15,197,0,56,37580,400.0,11439,49019,1085,11.55,0.163,19.0,0.29,2,3.301,15.72,38층 494㎡(31.4×15.7m) + 38층 494㎡(31.4×15.7m)
2개동,2개동,38+38,38,129.4,262,18,197,0,65,37580,400.0,11439,49019,1085,11.55,0.095,28.0,0.43,2,3.247,15.72,38층 494㎡(31.4×15.7m) + 38층 494㎡(31.4×15.7m)
2개동,2개동,41+41,41,139.3,265,15,197,0,68,37580,400.0,15788,53368,1041,11.08,0.202,19.0,0.27,2,3.177,8.74,41층 458㎡(52.4×8.7m) + 41층 458㎡(52.4×8.7m)
2개동,2개동,38+38,38,129.4,266,21,197,6,69,37580,400.0,13359,50939,1102,11.73,0.167,28.0,0.43,2,3.252,11.12,38층 494㎡(44.5×11.1m) + 38층 494㎡(44.5×11.1m)
2개동,2개동,50+50,50,169.0,267,29,197,10,70,37580,400.0,13774,51354,839,8.93,0.169,22.0,0.26,2,3.332,12.26,50층 376㎡(30.7×12.3m) + 50층 376㎡(30.7×12.3m)
2개동,2개동,55+55,55,185.5,270,30,197,10,73,37580,400.0,13441,51021,761,8.1,0.163,17.8,0.19,2,3.293,15.09,55층 342㎡(22.6×15.1m) + 55층 342㎡(22.6×15.1m)
2개동,2개동,53+53,53,178.9,270,25,197,9,73,37580,400.0,13656,51236,791,8.42,0.19,13.9,0.16,2,3.223,13.31,53층 355㎡(26.6×13.3m) + 53층 355㎡(26.6×13.3m)
단일,1a 방위·위치,47,47,159.1,276,26,197,12,79,37580,400.0,9631,47211,866,9.22,0.064,,,1,3.29,16.33,47층 800㎡(49.0×16.3m)
2개동,2개동,53+53,53,178.9,282,31,197,12,85,37580,400.0,13656,51236,791,8.42,0.084,6.0,1.51,2,3.259,13.31,53층 355㎡(26.6×13.3m) + 53층 355㎡(26.6×13.3m)
2개동,2개동,50+50,50,169.0,284,30,197,12,87,37580,400.0,13237,50817,836,8.9,0.148,33.2,0.39,2,3.304,13.71,50층 376㎡(27.4×13.7m) + 50층 376㎡(27.4×13.7m)
2개동,2개동,41+41,41,139.3,266,20,198,0,68,37580,400.0,15788,53368,1041,11.08,0.07,24.8,0.36,2,3.11,8.74,41층 458㎡(52.4×8.7m) + 41층 458㎡(52.4×8.7m)
2개동,2개동,55+55,55,185.5,267,18,198,0,69,37580,400.0,13441,51021,761,8.1,0.113,11.8,0.13,2,3.167,15.09,55층 342㎡(22.6×15.1m) + 55층 342㎡(22.6×15.1m)
2개동,2개동,47+47,47,159.1,271,31,198,12,73,37580,400.0,14942,52522,902,9.6,0.121,26.6,0.33,2,3.323,10.0,47층 400㎡(40.0×10.0m) + 47층 400㎡(40.0×10.0m)
단일,1a 방위·위치,47,47,159.1,275,30,198,11,77,37580,400.0,9631,47211,866,9.22,0.089,,,1,3.212,16.33,47층 800㎡(49.0×16.3m)
2개동,2개동,50+50,50,169.0,277,24,198,12,79,37580,400.0,12771,50351,833,8.86,0.036,31.2,7.8,2,3.326,15.83,50층 376㎡(23.7×15.8m) + 50층 376㎡(23.7×15.8m)
2개동,2개동,47+47,47,159.1,282,31,198,12,84,37580,400.0,12807,50387,886,9.43,0.237,13.0,0.16,2,3.268,14.14,47층 400㎡(28.3×14.1m) + 47층 400㎡(28.3×14.1m)
단일,1a 방위·위치,47,47,159.1,282,31,198,12,84,37580,400.0,9631,47211,866,9.22,0.065,,,1,3.231,16.33,47층 800㎡(49.0×16.3m)
2개동,2개동,38+38,38,129.4,262,23,199,2,63,37580,400.0,11439,49019,1085,11.55,0.068,26.7,0.41,2,3.315,15.72,38층 494㎡(31.4×15.7m) + 38층 494㎡(31.4×15.7m)
2개동,2개동,41+41,41,139.3,265,27,199,6,66,37580,400.0,12395,49975,1013,10.79,0.052,28.3,0.41,2,3.32,13.54,41층 458㎡(33.8×13.5m) + 41층 458㎡(33.8×13.5m)
2개동,2개동,44+44,44,149.2,266,16,199,0,67,37580,400.0,11928,49508,940,10.01,0.08,19.0,0.25,2,3.212,16.87,44층 427㎡(25.3×16.9m) + 44층 427㎡(25.3×16.9m)
2개동,2개동,41+41,41,139.3,268,20,199,0,69,37580,400.0,11488,49068,1006,10.71,0.201,6.0,1.5,2,3.193,17.48,41층 458㎡(26.2×17.5m) + 41층 458㎡(26.2×17.5m)
2개동,2개동,44+44,44,149.2,269,23,199,10,70,37580,400.0,14431,52011,959,10.21,0.084,28.0,0.38,2,3.282,10.33,44층 427㎡(41.3×10.3m) + 44층 427㎡(41.3×10.3m)
2개동,2개동,53+53,53,178.9,270,24,199,12,71,37580,400.0,15923,53503,805,8.57,0.029,38.8,0.43,2,3.349,9.41,53층 355㎡(37.7×9.4m) + 53층 355㎡(37.7×9.4m)
2개동,2개동,50+50,50,169.0,272,31,199,12,73,37580,400.0,15439,53019,851,9.05,0.123,26.2,0.31,2,3.326,9.69,50층 376㎡(38.8×9.7m) + 50층 376㎡(38.8×9.7m)
2개동,2개동,47+47,47,159.1,279,31,199,12,80,37580,400.0,12356,49936,883,9.4,0.2,13.0,0.16,2,3.249,16.33,47층 400㎡(24.5×16.3m) + 47층 400㎡(24.5×16.3m)
단일,1a 방위·위치,47,47,159.1,281,26,199,12,82,37580,400.0,9631,47211,866,9.22,0.055,,,1,3.257,16.33,47층 800㎡(49.0×16.3m)
2개동,2개동,38+38,38,129.4,282,28,199,9,83,37580,400.0,14288,51868,1110,11.82,0.029,19.0,0.29,2,3.172,9.94,38층 494㎡(49.7×9.9m) + 38층 494㎡(49.7×9.9m)
2개동,2개동,47+47,47,159.1,285,26,199,12,86,37580,400.0,15976,53556,909,9.67,0.062,9.0,0.11,2,3.284,8.94,47층 400㎡(44.7×8.9m) + 47층 400㎡(44.7×8.9m)
2개동,2개동,38+38,38,129.4,259,18,200,0,59,37580,400.0,11439,49019,1085,11.55,0.06,26.7,0.41,2,3.318,15.72,38층 494㎡(31.4×15.7m) + 38층 494㎡(31.4×15.7m)
2개동,2개동,53+53,53,178.9,272,25,200,10,72,37580,400.0,13176,50756,788,8.39,0.163,19.0,0.21,2,3.247,15.37,53층 355㎡(23.1×15.4m) + 53층 355㎡(23.1×15.4m)
2개동,2개동,41+41,41,139.3,275,26,200,10,75,37580,400.0,14869,52449,1033,11.0,0.089,26.7,0.38,2,3.184,9.57,41층 458㎡(47.9×9.6m) + 41층 458㎡(47.9×9.6m)
2개동,2개동,47+47,47,159.1,276,26,200,8,76,37580,400.0,13327,50907,890,9.47,0.173,27.5,0.35,2,3.342,12.65,47층 400㎡(31.6×12.6m) + 47층 400㎡(31.6×12.6m)
2개동,2개동,53+53,53,178.9,277,21,200,9,77,37580,400.0,14208,51788,794,8.46,0.117,18.3,0.2,2,3.242,11.91,53층 355㎡(29.8×11.9m) + 53층 355㎡(29.8×11.9m)
2개동,2개동,41+41,41,139.3,277,16,200,11,77,37580,400.0,11488,49068,1006,10.71,0.09,9.5,2.38,2,3.209,17.48,41층 458㎡(26.2×17.5m) + 41층 458㎡(26.2×17.5m)
2개동,2개동,38+38,38,129.4,269,14,201,1,68,37580,400.0,11439,49019,1085,11.55,0.196,28.0,0.43,2,3.277,15.72,38층 494㎡(31.4×15.7m) + 38층 494㎡(31.4×15.7m)
2개동,2개동,44+44,44,149.2,271,17,201,0,70,37580,400.0,11928,49508,940,10.01,0.13,31.6,7.89,2,3.337,16.87,44층 427㎡(25.3×16.9m) + 44층 427㎡(25.3×16.9m)
단일,1a 방위·위치,47,47,159.1,277,29,201,11,76,37580,400.0,9631,47211,866,9.22,0.046,,,1,3.208,16.33,47층 800㎡(49.0×16.3m)
2개동,2개동,50+50,50,169.0,278,26,201,9,77,37580,400.0,15439,53019,851,9.05,0.165,31.4,0.37,2,3.329,9.69,50층 376㎡(38.8×9.7m) + 50층 376㎡(38.8×9.7m)
2개동,2개동,55+55,55,185.5,278,20,201,1,77,37580,400.0,14492,52072,767,8.17,0.083,6.9,1.72,2,3.203,11.69,55층 342㎡(29.2×11.7m) + 55층 342㎡(29.2×11.7m)
2개동,2개동,41+41,41,139.3,280,22,201,6,79,37580,400.0,14869,52449,1033,11.0,0.116,19.0,0.27,2,3.175,9.57,41층 458㎡(47.9×9.6m) + 41층 458㎡(47.9×9.6m)
2개동,2개동,47+47,47,159.1,288,29,201,12,87,37580,400.0,12356,49936,883,9.4,0.136,10.8,0.14,2,3.234,16.33,47층 400㎡(24.5×16.3m) + 47층 400㎡(24.5×16.3m)
2개동,2개동,53+53,53,178.9,269,26,202,4,67,37580,400.0,14782,52362,798,8.49,0.038,36.2,0.4,2,3.327,10.87,53층 355㎡(32.6×10.9m) + 53층 355㎡(32.6×10.9m)
2개동,2개동,55+55,55,185.5,279,20,202,7,77,37580,400.0,16239,53819,778,8.28,0.169,28.0,0.3,2,3.27,9.24,55층 342㎡(37.0×9.2m) + 55층 342㎡(37.0×9.2m)
2개동,2개동,47+47,47,159.1,286,18,202,6,84,37580,400.0,13868,51448,894,9.51,0.052,8.6,2.16,2,3.229,11.54,47층 400㎡(34.6×11.5m) + 47층 400㎡(34.6×11.5m)
2개동,2개동,50+50,50,169.0,267,17,203,0,64,37580,400.0,12771,50351,833,8.86,0.069,23.3,0.28,2,3.297,15.83,50층 376㎡(23.7×15.8m) + 50층 376㎡(23.7×15.8m)
2개동,2개동,44+44,44,149.2,278,19,203,6,75,37580,400.0,11928,49508,940,10.01,0.112,19.0,0.25,2,3.242,16.87,44층 427㎡(25.3×16.9m) + 44층 427㎡(25.3×16.9m)
2개동,2개동,47+47,47,159.1,281,10,203,6,78,37580,400.0,12807,50387,886,9.43,0.024,33.5,0.42,2,3.346,14.14,47층 400㎡(28.3×14.1m) + 47층 400㎡(28.3×14.1m)
2개동,2개동,41+41,41,139.3,285,20,203,1,82,37580,400.0,11910,49490,1009,10.74,0.209,6.0,1.5,2,3.153,15.14,41층 458㎡(30.3×15.1m) + 41층 458㎡(30.3×15.1m)
2개동,2개동,38+38,38,129.4,259,15,204,0,55,37580,400.0,11033,48613,1082,11.51,0.058,24.3,0.37,2,3.315,18.16,38층 494㎡(27.2×18.2m) + 38층 494㎡(27.2×18.2m)
2개동,2개동,41+41,41,139.3,274,29,204,11,70,37580,400.0,11910,49490,1009,10.74,0.098,26.3,0.38,2,3.323,15.14,41층 458㎡(30.3×15.1m) + 41층 458㎡(30.3×15.1m)
2개동,2개동,53+53,53,178.9,279,21,204,6,75,37580,400.0,15923,53503,805,8.57,0.022,38.8,0.43,2,3.293,9.41,53층 355㎡(37.7×9.4m) + 53층 355㎡(37.7×9.4m)
2개동,2개동,47+47,47,159.1,286,25,204,12,82,37580,400.0,12807,50387,886,9.43,0.117,19.0,0.24,2,3.314,14.14,47층 400㎡(28.3×14.1m) + 47층 400㎡(28.3×14.1m)
2개동,2개동,50+50,50,169.0,287,18,204,6,83,37580,400.0,13237,50817,836,8.9,0.032,28.0,0.33,2,3.281,13.71,50층 376㎡(27.4×13.7m) + 50층 376㎡(27.4×13.7m)
2개동,2개동,55+55,55,185.5,289,27,204,12,85,37580,400.0,13441,51021,761,8.1,0.104,19.0,0.2,2,3.281,15.09,55층 342㎡(22.6×15.1m) + 55층 342㎡(22.6×15.1m)
2개동,2개동,50+50,50,169.0,291,25,204,12,87,37580,400.0,14331,51911,843,8.97,0.152,19.0,0.22,2,3.29,11.19,50층 376㎡(33.6×11.2m) + 50층 376㎡(33.6×11.2m)
2개동,2개동,55+55,55,185.5,276,16,205,0,71,37580,400.0,15076,52656,771,8.2,0.117,28.0,0.3,2,3.226,10.67,55층 342㎡(32.0×10.7m) + 55층 342㎡(32.0×10.7m)
2개동,2개동,55+55,55,185.5,293,26,205,12,88,37580,400.0,13441,51021,761,8.1,0.057,19.2,4.8,2,3.288,15.09,55층 342㎡(22.6×15.1m) + 55층 342㎡(22.6×15.1m)
2개동,2개동,50+50,50,169.0,295,26,205,12,90,37580,400.0,12771,50351,833,8.86,0.171,4.3,1.07,2,3.25,15.83,50층 376㎡(23.7×15.8m) + 50층 376㎡(23.7×15.8m)
2개동,2개동,41+41,41,139.3,261,19,206,0,55,37580,400.0,11488,49068,1006,10.71,0.085,18.8,0.27,2,3.317,17.48,41층 458㎡(26.2×17.5m) + 41층 458㎡(26.2×17.5m)
2개동,2개동,38+38,38,129.4,274,5,206,0,68,37580,400.0,13359,50939,1102,11.73,0.044,14.6,3.65,2,3.183,11.12,38층 494㎡(44.5×11.1m) + 38층 494㎡(44.5×11.1m)
2개동,2개동,41+41,41,139.3,278,14,206,2,72,37580,400.0,14869,52449,1033,11.0,0.25,28.0,0.4,2,3.199,9.57,41층 458㎡(47.9×9.6m) + 41층 458㎡(47.9×9.6m)
2개동,2개동,53+53,53,178.9,281,29,206,6,75,37580,400.0,13656,51236,791,8.42,0.044,33.0,0.37,2,3.306,13.31,53층 355㎡(26.6×13.3m) + 53층 355㎡(26.6×13.3m)
2개동,2개동,44+44,44,149.2,283,21,206,12,77,37580,400.0,12868,50448,948,10.09,0.064,28.0,0.38,2,3.313,13.07,44층 427㎡(32.7×13.1m) + 44층 427㎡(32.7×13.1m)
2개동,2개동,38+38,38,129.4,289,27,206,8,83,37580,400.0,15173,52753,1118,11.9,0.036,19.0,0.29,2,3.138,9.08,38층 494㎡(54.5×9.1m) + 38층 494㎡(54.5×9.1m)
2개동,2개동,47+47,47,159.1,291,16,206,8,85,37580,400.0,12807,50387,886,9.43,0.049,28.0,7.0,2,3.243,14.14,47층 400㎡(28.3×14.1m) + 47층 400㎡(28.3×14.1m)
2개동,2개동,53+53,53,178.9,292,24,206,12,86,37580,400.0,15923,53503,805,8.57,0.059,38.8,0.43,2,3.329,9.41,53층 355㎡(37.7×9.4m) + 53층 355㎡(37.7×9.4m)
2개동,2개동,55+55,55,185.5,294,30,206,12,88,37580,400.0,13929,51509,764,8.13,0.171,12.3,0.13,2,3.211,13.07,55층 342㎡(26.1×13.1m) + 55층 342㎡(26.1×13.1m)
2개동,2개동,38+38,38,129.4,270,14,207,0,63,37580,400.0,11439,49019,1085,11.55,0.149,14.0,0.22,2,3.171,15.72,38층 494㎡(31.4×15.7m) + 38층 494㎡(31.4×15.7m)
2개동,2개동,38+38,38,129.4,277,6,207,0,70,37580,400.0,13359,50939,1102,11.73,0.05,13.0,0.2,2,3.191,11.12,38층 494㎡(44.5×11.1m) + 38층 494㎡(44.5×11.1m)
2개동,2개동,44+44,44,149.2,280,25,207,4,73,37580,400.0,12868,50448,948,10.09,0.05,27.9,0.37,2,3.288,13.07,44층 427㎡(32.7×13.1m) + 44층 427㎡(32.7×13.1m)
2개동,2개동,55+55,55,185.5,289,29,207,9,82,37580,400.0,14492,52072,767,8.17,0.113,34.5,0.37,2,3.312,11.69,55층 342㎡(29.2×11.7m) + 55층 342㎡(29.2×11.7m)
2개동,2개동,44+44,44,149.2,291,12,207,4,84,37580,400.0,14431,52011,959,10.21,0.074,16.8,4.2,2,3.142,10.33,44층 427㎡(41.3×10.3m) + 44층 427㎡(41.3×10.3m)
2개동,2개동,41+41,41,139.3,275,12,208,0,67,37580,400.0,11910,49490,1009,10.74,0.123,34.1,0.49,2,3.337,15.14,41층 458㎡(30.3×15.1m) + 41층 458㎡(30.3×15.1m)
2개동,2개동,44+44,44,149.2,279,14,208,0,71,37580,400.0,12868,50448,948,10.09,0.163,15.2,0.2,2,3.165,13.07,44층 427㎡(32.7×13.1m) + 44층 427㎡(32.7×13.1m)
2개동,2개동,44+44,44,149.2,281,13,208,1,73,37580,400.0,14431,52011,959,10.21,0.228,28.0,0.38,2,3.224,10.33,44층 427㎡(41.3×10.3m) + 44층 427㎡(41.3×10.3m)
2개동,2개동,53+53,53,178.9,284,21,208,8,76,37580,400.0,13656,51236,791,8.42,0.154,28.0,0.31,2,3.279,13.31,53층 355㎡(26.6×13.3m) + 53층 355㎡(26.6×13.3m)
2개동,2개동,38+38,38,129.4,284,17,208,0,76,37580,400.0,11033,48613,1082,11.51,0.091,6.8,1.7,2,3.119,18.16,38층 494㎡(27.2×18.2m) + 38층 494㎡(27.2×18.2m)
2개동,2개동,50+50,50,169.0,287,22,208,12,79,37580,400.0,13237,50817,836,8.9,0.079,25.4,0.3,2,3.363,13.71,50층 376㎡(27.4×13.7m) + 50층 376㎡(27.4×13.7m)
2개동,2개동,53+53,53,178.9,299,25,208,12,91,37580,400.0,13176,50756,788,8.39,0.029,14.5,0.16,2,3.183,15.37,53층 355㎡(23.1×15.4m) + 53층 355㎡(23.1×15.4m)
2개동,2개동,50+50,50,169.0,280,26,209,8,71,37580,400.0,15439,53019,851,9.05,0.14,31.4,0.37,2,3.333,9.69,50층 376㎡(38.8×9.7m) + 50층 376㎡(38.8×9.7m)
2개동,2개동,41+41,41,139.3,280,18,209,6,71,37580,400.0,11910,49490,1009,10.74,0.067,28.0,0.4,2,3.293,15.14,41층 458㎡(30.3×15.1m) + 41층 458㎡(30.3×15.1m)
2개동,2개동,50+50,50,169.0,281,13,209,0,72,37580,400.0,14331,51911,843,8.97,0.073,36.5,0.43,2,3.356,11.19,50층 376㎡(33.6×11.2m) + 50층 376㎡(33.6×11.2m)
2개동,2개동,50+50,50,169.0,284,23,209,12,75,37580,400.0,14331,51911,843,8.97,0.042,36.5,0.43,2,3.359,11.19,50층 376㎡(33.6×11.2m) + 50층 376㎡(33.6×11.2m)
2개동,2개동,41+41,41,139.3,288,19,209,12,79,37580,400.0,12900,50480,1017,10.83,0.056,21.3,0.31,2,3.166,12.36,41층 458㎡(37.1×12.4m) + 41층 458㎡(37.1×12.4m)
2개동,2개동,38+38,38,129.4,291,10,209,1,82,37580,400.0,14288,51868,1110,11.82,0.053,16.1,0.25,2,3.084,9.94,38층 494㎡(49.7×9.9m) + 38층 494㎡(49.7×9.9m)
2개동,2개동,38+38,38,129.4,273,9,210,0,63,37580,400.0,11033,48613,1082,11.51,0.113,32.1,8.01,2,3.339,18.16,38층 494㎡(27.2×18.2m) + 38층 494㎡(27.2×18.2m)
2개동,2개동,38+38,38,129.4,273,16,210,0,63,37580,400.0,11439,49019,1085,11.55,0.129,28.0,0.43,2,3.245,15.72,38층 494㎡(31.4×15.7m) + 38층 494㎡(31.4×15.7m)
2개동,2개동,53+53,53,178.9,280,16,210,0,70,37580,400.0,14208,51788,794,8.46,0.066,14.2,0.16,2,3.099,11.91,53층 355㎡(29.8×11.9m) + 53층 355㎡(29.8×11.9m)
2개동,2개동,38+38,38,129.4,270,13,211,0,59,37580,400.0,11033,48613,1082,11.51,0.078,28.0,0.43,2,3.257,18.16,38층 494㎡(27.2×18.2m) + 38층 494㎡(27.2×18.2m)
2개동,2개동,44+44,44,149.2,283,9,211,0,72,37580,400.0,12868,50448,948,10.09,0.05,35.7,0.48,2,3.338,13.07,44층 427㎡(32.7×13.1m) + 44층 427㎡(32.7×13.1m)
2개동,2개동,53+53,53,178.9,283,15,211,1,72,37580,400.0,13176,50756,788,8.39,0.113,23.1,0.26,2,3.319,15.37,53층 355㎡(23.1×15.4m) + 53층 355㎡(23.1×15.4m)
2개동,2개동,55+55,55,185.5,285,23,211,12,74,37580,400.0,16239,53819,778,8.28,0.036,38.5,0.42,2,3.346,9.24,55층 342㎡(37.0×9.2m) + 55층 342㎡(37.0×9.2m)
2개동,2개동,50+50,50,169.0,285,15,211,0,74,37580,400.0,13237,50817,836,8.9,0.042,14.2,0.17,2,3.124,13.71,50층 376㎡(27.4×13.7m) + 50층 376㎡(27.4×13.7m)
2개동,2개동,47+47,47,159.1,291,27,211,9,80,37580,400.0,13327,50907,890,9.47,0.228,19.0,0.24,2,3.249,12.65,47층 400㎡(31.6×12.6m) + 47층 400㎡(31.6×12.6m)
2개동,2개동,53+53,53,178.9,292,22,211,12,81,37580,400.0,13656,51236,791,8.42,0.04,33.0,0.37,2,3.328,13.31,53층 355㎡(26.6×13.3m) + 53층 355㎡(26.6×13.3m)
2개동,2개동,44+44,44,149.2,293,8,211,1,82,37580,400.0,14431,52011,959,10.21,0.046,13.9,3.48,2,3.16,10.33,44층 427㎡(41.3×10.3m) + 44층 427㎡(41.3×10.3m)
2개동,2개동,41+41,41,139.3,280,14,212,0,68,37580,400.0,13904,51484,1026,10.92,0.155,28.0,0.4,2,3.203,10.7,41층 458㎡(42.8×10.7m) + 41층 458㎡(42.8×10.7m)
2개동,2개동,41+41,41,139.3,281,14,212,0,69,37580,400.0,11910,49490,1009,10.74,0.143,17.7,0.25,2,3.209,15.14,41층 458㎡(30.3×15.1m) + 41층 458㎡(30.3×15.1m)
2개동,2개동,38+38,38,129.4,268,15,213,0,55,37580,400.0,11033,48613,1082,11.51,0.054,24.3,0.37,2,3.328,18.16,38층 494㎡(27.2×18.2m) + 38층 494㎡(27.2×18.2m)
2개동,2개동,38+38,38,129.4,286,15,213,1,73,37580,400.0,11033,48613,1082,11.51,0.074,28.0,0.43,2,3.256,18.16,38층 494㎡(27.2×18.2m) + 38층 494㎡(27.2×18.2m)
2개동,2개동,38+38,38,129.4,286,14,213,0,73,37580,400.0,11907,49487,1089,11.6,0.23,6.0,1.5,2,3.119,14.06,38층 494㎡(35.2×14.1m) + 38층 494㎡(35.2×14.1m)
2개동,2개동,47+47,47,159.1,289,30,213,10,76,37580,400.0,13868,51448,894,9.51,0.147,29.1,0.37,2,3.326,11.54,47층 400㎡(34.6×11.5m) + 47층 400㎡(34.6×11.5m)
2개동,2개동,50+50,50,169.0,296,19,213,12,83,37580,400.0,13237,50817,836,8.9,0.09,28.0,0.33,2,3.311,13.71,50층 376㎡(27.4×13.7m) + 50층 376㎡(27.4×13.7m)
2개동,2개동,50+50,50,169.0,297,29,213,12,84,37580,400.0,15439,53019,851,9.05,0.095,19.0,0.22,2,3.215,9.69,50층 376㎡(38.8×9.7m) + 50층 376㎡(38.8×9.7m)
2개동,2개동,41+41,41,139.3,298,21,213,11,85,37580,400.0,11488,49068,1006,10.71,0.115,28.0,7.0,2,3.2,17.48,41층 458㎡(26.2×17.5m) + 41층 458㎡(26.2×17.5m)
2개동,2개동,44+44,44,149.2,285,16,214,0,71,37580,400.0,11928,49508,940,10.01,0.131,11.0,0.15,2,3.153,16.87,44층 427㎡(25.3×16.9m) + 44층 427㎡(25.3×16.9m)
2개동,2개동,38+38,38,129.4,289,16,214,4,75,37580,400.0,13359,50939,1102,11.73,0.279,22.2,0.34,2,3.157,11.12,38층 494㎡(44.5×11.1m) + 38층 494㎡(44.5×11.1m)
2개동,2개동,38+38,38,129.4,290,13,214,6,76,37580,400.0,14288,51868,1110,11.82,0.043,24.8,0.38,2,3.053,9.94,38층 494㎡(49.7×9.9m) + 38층 494㎡(49.7×9.9m)
2개동,2개동,53+53,53,178.9,285,15,215,0,70,37580,400.0,13176,50756,788,8.39,0.081,28.0,0.31,2,3.241,15.37,53층 355㎡(23.1×15.4m) + 53층 355㎡(23.1×15.4m)
2개동,2개동,38+38,38,129.4,289,7,215,0,74,37580,400.0,11439,49019,1085,11.55,0.096,6.1,1.52,2,3.117,15.72,38층 494㎡(31.4×15.7m) + 38층 494㎡(31.4×15.7m)
2개동,2개동,55+55,55,185.5,304,21,215,12,89,37580,400.0,15076,52656,771,8.2,0.127,15.5,0.17,2,3.212,10.67,55층 342㎡(32.0×10.7m) + 55층 342㎡(32.0×10.7m)
2개동,2개동,41+41,41,139.3,280,15,216,0,64,37580,400.0,12395,49975,1013,10.79,0.034,19.4,4.86,2,3.197,13.54,41층 458㎡(33.8×13.5m) + 41층 458㎡(33.8×13.5m)
2개동,2개동,41+41,41,139.3,283,14,216,0,67,37580,400.0,11910,49490,1009,10.74,0.109,28.0,0.4,2,3.251,15.14,41층 458㎡(30.3×15.1m) + 41층 458㎡(30.3×15.1m)
2개동,2개동,47+47,47,159.1,286,16,216,2,70,37580,400.0,14942,52522,902,9.6,0.042,39.6,0.5,2,3.351,10.0,47층 400㎡(40.0×10.0m) + 47층 400㎡(40.0×10.0m)
2개동,2개동,55+55,55,185.5,299,27,216,8,83,37580,400.0,13441,51021,761,8.1,0.157,6.0,1.5,2,3.196,15.09,55층 342㎡(22.6×15.1m) + 55층 342㎡(22.6×15.1m)
2개동,2개동,50+50,50,169.0,304,25,216,12,88,37580,400.0,16505,54085,858,9.13,0.03,19.0,0.22,2,3.216,8.67,50층 376㎡(43.3×8.7m) + 50층 376㎡(43.3×8.7m)
2개동,2개동,44+44,44,149.2,288,13,217,0,71,37580,400.0,13391,50971,952,10.13,0.165,16.8,0.23,2,3.152,11.93,44층 427㎡(35.8×11.9m) + 44층 427㎡(35.8×11.9m)
2개동,2개동,53+53,53,178.9,289,15,217,0,72,37580,400.0,13656,51236,791,8.42,0.106,28.0,0.31,2,3.254,13.31,53층 355㎡(26.6×13.3m) + 53층 355㎡(26.6×13.3m)
2개동,2개동,38+38,38,129.4,292,12,217,0,75,37580,400.0,11907,49487,1089,11.6,0.073,23.5,0.36,2,3.125,14.06,38층 494㎡(35.2×14.1m) + 38층 494㎡(35.2×14.1m)
2개동,2개동,55+55,55,185.5,295,31,217,8,78,37580,400.0,13441,51021,761,8.1,0.051,30.9,7.73,2,3.297,15.09,55층 342㎡(22.6×15.1m) + 55층 342㎡(22.6×15.1m)
2개동,2개동,50+50,50,169.0,297,20,217,7,80,37580,400.0,14331,51911,843,8.97,0.201,20.1,0.24,2,3.222,11.19,50층 376㎡(33.6×11.2m) + 50층 376㎡(33.6×11.2m)
2개동,2개동,53+53,53,178.9,299,18,217,0,82,37580,400.0,13656,51236,791,8.42,0.065,19.0,4.75,2,3.207,13.31,53층 355㎡(26.6×13.3m) + 53층 355㎡(26.6×13.3m)
2개동,2개동,47+47,47,159.1,304,19,217,12,87,37580,400.0,12807,50387,886,9.43,0.129,14.5,0.18,2,3.232,14.14,47층 400㎡(28.3×14.1m) + 47층 400㎡(28.3×14.1m)
2개동,2개동,44+44,44,149.2,287,14,218,0,69,37580,400.0,13391,50971,952,10.13,0.137,28.0,0.38,2,3.229,11.93,44층 427㎡(35.8×11.9m) + 44층 427㎡(35.8×11.9m)
2개동,2개동,50+50,50,169.0,295,21,218,0,77,37580,400.0,13237,50817,836,8.9,0.177,4.3,1.07,2,3.121,13.71,50층 376㎡(27.4×13.7m) + 50층 376㎡(27.4×13.7m)
2개동,2개동,55+55,55,185.5,296,19,218,0,78,37580,400.0,13441,51021,761,8.1,0.093,28.0,0.3,2,3.222,15.09,55층 342㎡(22.6×15.1m) + 55층 342㎡(22.6×15.1m)
2개동,2개동,47+47,47,159.1,297,22,218,6,79,37580,400.0,12356,49936,883,9.4,0.204,19.0,0.24,2,3.247,16.33,47층 400㎡(24.5×16.3m) + 47층 400㎡(24.5×16.3m)
2개동,2개동,53+53,53,178.9,303,25,218,11,85,37580,400.0,13176,50756,788,8.39,0.061,11.9,0.13,2,3.183,15.37,53층 355㎡(23.1×15.4m) + 53층 355㎡(23.1×15.4m)
2개동,2개동,41+41,41,139.3,303,30,218,11,85,37580,400.0,15788,53368,1041,11.08,0.058,13.0,0.19,2,3.159,8.74,41층 458㎡(52.4×8.7m) + 41층 458㎡(52.4×8.7m)
2개동,2개동,53+53,53,178.9,293,14,219,0,74,37580,400.0,13656,51236,791,8.42,0.044,33.0,0.37,2,3.293,13.31,53층 355㎡(26.6×13.3m) + 53층 355㎡(26.6×13.3m)
2개동,2개동,55+55,55,185.5,295,19,219,6,76,37580,400.0,15076,52656,771,8.2,0.126,28.0,0.3,2,3.283,10.67,55층 342㎡(32.0×10.7m) + 55층 342㎡(32.0×10.7m)
2개동,2개동,50+50,50,169.0,295,18,219,0,76,37580,400.0,15439,53019,851,9.05,0.134,28.0,0.33,2,3.182,9.69,50층 376㎡(38.8×9.7m) + 50층 376㎡(38.8×9.7m)
2개동,2개동,47+47,47,159.1,297,18,219,4,78,37580,400.0,14942,52522,902,9.6,0.071,28.0,0.35,2,3.134,10.0,47층 400㎡(40.0×10.0m) + 47층 400㎡(40.0×10.0m)
2개동,2개동,55+55,55,185.5,298,14,219,1,79,37580,400.0,15076,52656,771,8.2,0.019,15.5,0.17,2,3.11,10.67,55층 342㎡(32.0×10.7m) + 55층 342㎡(32.0×10.7m)
2개동,2개동,53+53,53,178.9,301,19,219,7,82,37580,400.0,13656,51236,791,8.42,0.237,9.0,2.26,2,3.184,13.31,53층 355㎡(26.6×13.3m) + 53층 355㎡(26.6×13.3m)
2개동,2개동,44+44,44,149.2,303,16,219,12,84,37580,400.0,11928,49508,940,10.01,0.104,18.5,0.25,2,3.278,16.87,44층 427㎡(25.3×16.9m) + 44층 427㎡(25.3×16.9m)
2개동,2개동,41+41,41,139.3,304,22,219,9,85,37580,400.0,14869,52449,1033,11.0,0.084,28.0,0.4,2,3.152,9.57,41층 458㎡(47.9×9.6m) + 41층 458㎡(47.9×9.6m)
2개동,2개동,55+55,55,185.5,310,24,219,12,91,37580,400.0,13929,51509,764,8.13,0.06,19.0,4.75,2,3.245,13.07,55층 342㎡(26.1×13.1m) + 55층 342㎡(26.1×13.1m)
2개동,2개동,53+53,53,178.9,311,23,219,12,92,37580,400.0,13176,50756,788,8.39,0.129,13.0,3.25,2,3.193,15.37,53층 355㎡(23.1×15.4m) + 53층 355㎡(23.1×15.4m)
2개동,2개동,44+44,44,149.2,288,15,220,0,68,37580,400.0,12365,49945,944,10.05,0.065,13.3,0.18,2,3.123,14.61,44층 427㎡(29.2×14.6m) + 44층 427㎡(29.2×14.6m)
2개동,2개동,53+53,53,178.9,298,25,220,6,78,37580,400.0,13656,51236,791,8.42,0.183,12.5,0.14,2,3.169,13.31,53층 355㎡(26.6×13.3m) + 53층 355㎡(26.6×13.3m)
2개동,2개동,44+44,44,149.2,300,16,220,1,80,37580,400.0,12365,49945,944,10.05,0.074,13.3,0.18,2,3.123,14.61,44층 427㎡(29.2×14.6m) + 44층 427㎡(29.2×14.6m)
2개동,2개동,47+47,47,159.1,307,23,220,12,87,37580,400.0,12807,50387,886,9.43,0.149,4.3,1.08,2,3.204,14.14,47층 400㎡(28.3×14.1m) + 47층 400㎡(28.3×14.1m)
2개동,2개동,47+47,47,159.1,298,12,221,2,77,37580,400.0,13868,51448,894,9.51,0.043,36.9,0.46,2,3.337,11.54,47층 400㎡(34.6×11.5m) + 47층 400㎡(34.6×11.5m)
2개동,2개동,47+47,47,159.1,298,9,221,0,77,37580,400.0,13327,50907,890,9.47,0.053,35.3,0.44,2,3.334,12.65,47층 400㎡(31.6×12.6m) + 47층 400㎡(31.6×12.6m)
2개동,2개동,50+50,50,169.0,298,13,221,0,77,37580,400.0,13774,51354,839,8.93,0.032,14.5,0.17,2,3.13,12.26,50층 376㎡(30.7×12.3m) + 50층 376㎡(30.7×12.3m)
2개동,2개동,53+53,53,178.9,297,18,222,0,75,37580,400.0,13176,50756,788,8.39,0.095,28.0,0.31,2,3.222,15.37,53층 355㎡(23.1×15.4m) + 53층 355㎡(23.1×15.4m)
2개동,2개동,47+47,47,159.1,298,18,223,0,75,37580,400.0,12356,49936,883,9.4,0.142,13.0,3.25,2,3.161,16.33,47층 400㎡(24.5×16.3m) + 47층 400㎡(24.5×16.3m)
2개동,2개동,44+44,44,149.2,308,15,223,12,85,37580,400.0,11928,49508,940,10.01,0.106,18.5,0.25,2,3.237,16.87,44층 427㎡(25.3×16.9m) + 44층 427㎡(25.3×16.9m)
2개동,2개동,38+38,38,129.4,291,14,224,0,67,37580,400.0,11439,49019,1085,11.55,0.058,15.4,0.24,2,3.146,15.72,38층 494㎡(31.4×15.7m) + 38층 494㎡(31.4×15.7m)
2개동,2개동,50+50,50,169.0,300,16,224,0,76,37580,400.0,14331,51911,843,8.97,0.046,14.3,3.58,2,3.151,11.19,50층 376㎡(33.6×11.2m) + 50층 376㎡(33.6×11.2m)
2개동,2개동,53+53,53,178.9,300,14,224,0,76,37580,400.0,13176,50756,788,8.39,0.05,5.2,1.29,2,3.117,15.37,53층 355㎡(23.1×15.4m) + 53층 355㎡(23.1×15.4m)
2개동,2개동,50+50,50,169.0,308,30,224,10,84,37580,400.0,12771,50351,833,8.86,0.147,23.3,0.28,2,3.291,15.83,50층 376㎡(23.7×15.8m) + 50층 376㎡(23.7×15.8m)
2개동,2개동,44+44,44,149.2,310,17,224,8,86,37580,400.0,12365,49945,944,10.05,0.197,19.0,4.75,2,3.153,14.61,44층 427㎡(29.2×14.6m) + 44층 427㎡(29.2×14.6m)
2개동,2개동,44+44,44,149.2,301,19,225,0,76,37580,400.0,11928,49508,940,10.01,0.104,28.0,0.38,2,3.215,16.87,44층 427㎡(25.3×16.9m) + 44층 427㎡(25.3×16.9m)
2개동,2개동,53+53,53,178.9,303,19,225,6,78,37580,400.0,14208,51788,794,8.46,0.164,28.0,0.31,2,3.263,11.91,53층 355㎡(29.8×11.9m) + 53층 355㎡(29.8×11.9m)
2개동,2개동,44+44,44,149.2,311,21,225,12,86,37580,400.0,12365,49945,944,10.05,0.157,13.0,3.25,2,3.157,14.61,44층 427㎡(29.2×14.6m) + 44층 427㎡(29.2×14.6m)
2개동,2개동,53+53,53,178.9,313,27,225,8,88,37580,400.0,13176,50756,788,8.39,0.129,9.0,2.25,2,3.173,15.37,53층 355㎡(23.1×15.4m) + 53층 355㎡(23.1×15.4m)
2개동,2개동,44+44,44,149.2,291,17,226,0,65,37580,400.0,11928,49508,940,10.01,0.028,31.6,7.89,2,3.315,16.87,44층 427㎡(25.3×16.9m) + 44층 427㎡(25.3×16.9m)
2개동,2개동,50+50,50,169.0,299,19,226,0,73,37580,400.0,12771,50351,833,8.86,0.135,13.0,3.25,2,3.162,15.83,50층 376㎡(23.7×15.8m) + 50층 376㎡(23.7×15.8m)
2개동,2개동,44+44,44,149.2,310,21,226,12,84,37580,400.0,11928,49508,940,10.01,0.13,18.5,0.25,2,3.262,16.87,44층 427㎡(25.3×16.9m) + 44층 427㎡(25.3×16.9m)
2개동,2개동,55+55,55,185.5,313,24,226,12,87,37580,400.0,13929,51509,764,8.13,0.095,28.0,0.3,2,3.272,13.07,55층 342㎡(26.1×13.1m) + 55층 342㎡(26.1×13.1m)
2개동,2개동,44+44,44,149.2,301,14,227,0,74,37580,400.0,12868,50448,948,10.09,0.055,28.3,7.07,2,3.176,13.07,44층 427㎡(32.7×13.1m) + 44층 427㎡(32.7×13.1m)
2개동,2개동,44+44,44,149.2,302,19,227,4,75,37580,400.0,12365,49945,944,10.05,0.074,28.0,0.38,2,3.263,14.61,44층 427㎡(29.2×14.6m) + 44층 427㎡(29.2×14.6m)
2개동,2개동,55+55,55,185.5,304,17,227,0,77,37580,400.0,13441,51021,761,8.1,0.114,30.9,7.73,2,3.312,15.09,55층 342㎡(22.6×15.1m) + 55층 342㎡(22.6×15.1m)
2개동,2개동,44+44,44,149.2,306,14,227,1,79,37580,400.0,11928,49508,940,10.01,0.166,28.0,0.38,2,3.243,16.87,44층 427㎡(25.3×16.9m) + 44층 427㎡(25.3×16.9m)
2개동,2개동,44+44,44,149.2,309,15,227,0,82,37580,400.0,14431,52011,959,10.21,0.029,21.8,5.44,2,3.028,10.33,44층 427㎡(41.3×10.3m) + 44층 427㎡(41.3×10.3m)
2개동,2개동,41+41,41,139.3,293,16,228,0,65,37580,400.0,11488,49068,1006,10.71,0.158,13.0,3.25,2,3.175,17.48,41층 458㎡(26.2×17.5m) + 41층 458㎡(26.2×17.5m)
2개동,2개동,50+50,50,169.0,299,17,228,0,71,37580,400.0,12771,50351,833,8.86,0.037,31.2,7.8,2,3.302,15.83,50층 376㎡(23.7×15.8m) + 50층 376㎡(23.7×15.8m)
2개동,2개동,47+47,47,159.1,299,14,228,0,71,37580,400.0,12356,49936,883,9.4,0.065,28.0,0.35,2,3.232,16.33,47층 400㎡(24.5×16.3m) + 47층 400㎡(24.5×16.3m)
2개동,2개동,50+50,50,169.0,305,19,228,0,77,37580,400.0,13237,50817,836,8.9,0.141,9.0,2.25,2,3.112,13.71,50층 376㎡(27.4×13.7m) + 50층 376㎡(27.4×13.7m)
2개동,2개동,55+55,55,185.5,305,20,228,0,77,37580,400.0,14492,52072,767,8.17,0.167,4.3,1.07,2,3.063,11.69,55층 342㎡(29.2×11.7m) + 55층 342㎡(29.2×11.7m)
2개동,2개동,55+55,55,185.5,306,20,228,4,78,37580,400.0,14492,52072,767,8.17,0.069,15.5,0.17,2,3.08,11.69,55층 342㎡(29.2×11.7m) + 55층 342㎡(29.2×11.7m)
2개동,2개동,47+47,47,159.1,311,20,228,1,83,37580,400.0,12356,49936,883,9.4,0.142,23.5,0.3,2,3.271,16.33,47층 400㎡(24.5×16.3m) + 47층 400㎡(24.5×16.3m)
2개동,2개동,44+44,44,149.2,305,19,229,6,76,37580,400.0,12365,49945,944,10.05,0.158,28.0,0.38,2,3.271,14.61,44층 427㎡(29.2×14.6m) + 44층 427㎡(29.2×14.6m)
2개동,2개동,50+50,50,169.0,308,19,229,0,79,37580,400.0,15439,53019,851,9.05,0.112,11.6,2.89,2,3.067,9.69,50층 376㎡(38.8×9.7m) + 50층 376㎡(38.8×9.7m)
2개동,2개동,55+55,55,185.5,308,15,229,0,79,37580,400.0,13929,51509,764,8.13,0.034,19.9,0.21,2,3.066,13.07,55층 342㎡(26.1×13.1m) + 55층 342㎡(26.1×13.1m)
2개동,2개동,47+47,47,159.1,311,15,229,12,82,37580,400.0,12356,49936,883,9.4,0.065,28.0,0.35,2,3.302,16.33,47층 400㎡(24.5×16.3m) + 47층 400㎡(24.5×16.3m)
2개동,2개동,47+47,47,159.1,311,18,229,0,82,37580,400.0,14942,52522,902,9.6,0.089,11.9,2.97,2,3.116,10.0,47층 400㎡(40.0×10.0m) + 47층 400㎡(40.0×10.0m)
2개동,2개동,44+44,44,149.2,316,20,229,1,87,37580,400.0,12365,49945,944,10.05,0.157,9.0,2.25,2,3.118,14.61,44층 427㎡(29.2×14.6m) + 44층 427㎡(29.2×14.6m)
2개동,2개동,50+50,50,169.0,320,21,229,12,91,37580,400.0,12771,50351,833,8.86,0.1,19.0,4.75,2,3.188,15.83,50층 376㎡(23.7×15.8m) + 50층 376㎡(23.7×15.8m)
2개동,2개동,55+55,55,185.5,320,25,229,12,91,37580,400.0,13929,51509,764,8.13,0.043,16.4,0.18,2,3.16,13.07,55층 342㎡(26.1×13.1m) + 55층 342㎡(26.1×13.1m)
2개동,2개동,50+50,50,169.0,302,21,230,2,72,37580,400.0,12771,50351,833,8.86,0.04,31.2,7.8,2,3.284,15.83,50층 376㎡(23.7×15.8m) + 50층 376㎡(23.7×15.8m)
2개동,2개동,47+47,47,159.1,309,24,230,6,79,37580,400.0,13327,50907,890,9.47,0.179,28.0,0.35,2,3.244,12.65,47층 400㎡(31.6×12.6m) + 47층 400㎡(31.6×12.6m)
2개동,2개동,38+38,38,129.4,311,8,230,0,81,37580,400.0,14288,51868,1110,11.82,0.106,23.3,0.36,2,3.014,9.94,38층 494㎡(49.7×9.9m) + 38층 494㎡(49.7×9.9m)
2개동,2개동,44+44,44,149.2,316,18,230,12,86,37580,400.0,11928,49508,940,10.01,0.126,18.5,0.25,2,3.224,16.87,44층 427㎡(25.3×16.9m) + 44층 427㎡(25.3×16.9m)
2개동,2개동,53+53,53,178.9,321,22,230,11,91,37580,400.0,13176,50756,788,8.39,0.095,13.0,3.25,2,3.215,15.37,53층 355㎡(23.1×15.4m) + 53층 355㎡(23.1×15.4m)
2개동,2개동,55+55,55,185.5,325,23,230,12,95,37580,400.0,15076,52656,771,8.2,0.038,19.8,4.96,2,3.124,10.67,55층 342㎡(32.0×10.7m) + 55층 342㎡(32.0×10.7m)
2개동,2개동,38+38,38,129.4,302,8,231,0,71,37580,400.0,13359,50939,1102,11.73,0.094,30.3,7.57,2,3.076,11.12,38층 494㎡(44.5×11.1m) + 38층 494㎡(44.5×11.1m)
2개동,2개동,44+44,44,149.2,306,19,231,0,75,37580,400.0,14431,52011,959,10.21,0.121,12.2,0.16,2,3.081,10.33,44층 427㎡(41.3×10.3m) + 44층 427㎡(41.3×10.3m)
2개동,2개동,38+38,38,129.4,307,15,231,0,76,37580,400.0,11033,48613,1082,11.51,0.078,13.4,3.35,2,3.138,18.16,38층 494㎡(27.2×18.2m) + 38층 494㎡(27.2×18.2m)
2개동,2개동,47+47,47,159.1,312,17,231,12,81,37580,400.0,12356,49936,883,9.4,0.086,28.0,0.35,2,3.292,16.33,47층 400㎡(24.5×16.3m) + 47층 400㎡(24.5×16.3m)
2개동,2개동,55+55,55,185.5,318,19,231,0,87,37580,400.0,16239,53819,778,8.28,0.05,11.1,2.78,2,3.071,9.24,55층 342㎡(37.0×9.2m) + 55층 342㎡(37.0×9.2m)
2개동,2개동,44+44,44,149.2,312,19,232,6,80,37580,400.0,13391,50971,952,10.13,0.255,16.8,0.23,2,3.164,11.93,44층 427㎡(35.8×11.9m) + 44층 427㎡(35.8×11.9m)
2개동,2개동,41+41,41,139.3,315,17,232,8,83,37580,400.0,12395,49975,1013,10.79,0.093,5.9,1.49,2,3.086,13.54,41층 458㎡(33.8×13.5m) + 41층 458㎡(33.8×13.5m)
2개동,2개동,47+47,47,159.1,321,14,232,3,89,37580,400.0,14942,52522,902,9.6,0.084,13.6,3.41,2,3.108,10.0,47층 400㎡(40.0×10.0m) + 47층 400㎡(40.0×10.0m)
2개동,2개동,55+55,55,185.5,322,19,232,12,90,37580,400.0,15076,52656,771,8.2,0.116,19.5,0.21,2,3.194,10.67,55층 342㎡(32.0×10.7m) + 55층 342㎡(32.0×10.7m)
2개동,2개동,53+53,53,178.9,306,13,233,0,73,37580,400.0,14782,52362,798,8.49,0.109,23.2,0.26,2,3.15,10.87,53층 355㎡(32.6×10.9m) + 53층 355㎡(32.6×10.9m)
2개동,2개동,47+47,47,159.1,312,16,233,0,79,37580,400.0,13327,50907,890,9.47,0.053,16.3,0.2,2,3.063,12.65,47층 400㎡(31.6×12.6m) + 47층 400㎡(31.6×12.6m)
2개동,2개동,50+50,50,169.0,312,17,233,0,79,37580,400.0,14331,51911,843,8.97,0.06,16.0,0.19,2,3.041,11.19,50층 376㎡(33.6×11.2m) + 50층 376㎡(33.6×11.2m)
2개동,2개동,47+47,47,159.1,314,31,233,8,81,37580,400.0,12356,49936,883,9.4,0.046,31.4,7.84,2,3.283,16.33,47층 400㎡(24.5×16.3m) + 47층 400㎡(24.5×16.3m)
2개동,2개동,50+50,50,169.0,315,16,233,1,82,37580,400.0,13237,50817,836,8.9,0.181,28.0,0.33,2,3.23,13.71,50층 376㎡(27.4×13.7m) + 50층 376㎡(27.4×13.7m)
2개동,2개동,41+41,41,139.3,317,18,233,9,84,37580,400.0,11488,49068,1006,10.71,0.041,9.5,2.38,2,3.16,17.48,41층 458㎡(26.2×17.5m) + 41층 458㎡(26.2×17.5m)
2개동,2개동,55+55,55,185.5,318,19,233,1,85,37580,400.0,13929,51509,764,8.13,0.131,9.0,2.25,2,3.123,13.07,55층 342㎡(26.1×13.1m) + 55층 342㎡(26.1×13.1m)
2개동,2개동,44+44,44,149.2,318,11,233,1,85,37580,400.0,12365,49945,944,10.05,0.059,4.4,1.1,2,3.114,14.61,44층 427㎡(29.2×14.6m) + 44층 427㎡(29.2×14.6m)
2개동,2개동,47+47,47,159.1,319,23,233,12,86,37580,400.0,12356,49936,883,9.4,0.18,13.0,3.25,2,3.206,16.33,47층 400㎡(24.5×16.3m) + 47층 400㎡(24.5×16.3m)
2개동,2개동,44+44,44,149.2,321,20,233,7,88,37580,400.0,11928,49508,940,10.01,0.053,15.1,0.2,2,3.176,16.87,44층 427㎡(25.3×16.9m) + 44층 427㎡(25.3×16.9m)
2개동,2개동,47+47,47,159.1,310,20,234,0,76,37580,400.0,12807,50387,886,9.43,0.186,9.0,2.25,2,3.096,14.14,47층 400㎡(28.3×14.1m) + 47층 400㎡(28.3×14.1m)
2개동,2개동,53+53,53,178.9,311,13,234,1,77,37580,400.0,13176,50756,788,8.39,0.142,28.0,0.31,2,3.261,15.37,53층 355㎡(23.1×15.4m) + 53층 355㎡(23.1×15.4m)
2개동,2개동,53+53,53,178.9,322,17,234,12,88,37580,400.0,14208,51788,794,8.46,0.09,26.9,0.3,2,3.282,11.91,53층 355㎡(29.8×11.9m) + 53층 355㎡(29.8×11.9m)
2개동,2개동,53+53,53,178.9,329,22,234,11,95,37580,400.0,15923,53503,805,8.57,0.051,13.1,3.29,2,3.092,9.41,53층 355㎡(37.7×9.4m) + 53층 355㎡(37.7×9.4m)
2개동,2개동,41+41,41,139.3,315,13,235,0,80,37580,400.0,12395,49975,1013,10.79,0.064,19.6,0.28,2,3.086,13.54,41층 458㎡(33.8×13.5m) + 41층 458㎡(33.8×13.5m)
2개동,2개동,47+47,47,159.1,317,18,235,0,82,37580,400.0,13327,50907,890,9.47,0.05,28.3,7.06,2,3.133,12.65,47층 400㎡(31.6×12.6m) + 47층 400㎡(31.6×12.6m)
2개동,2개동,50+50,50,169.0,323,16,235,12,88,37580,400.0,13237,50817,836,8.9,0.09,25.4,0.3,2,3.284,13.71,50층 376㎡(27.4×13.7m) + 50층 376㎡(27.4×13.7m)
2개동,2개동,53+53,53,178.9,311,13,236,0,75,37580,400.0,13176,50756,788,8.39,0.132,17.9,0.2,2,3.177,15.37,53층 355㎡(23.1×15.4m) + 53층 355㎡(23.1×15.4m)
2개동,2개동,50+50,50,169.0,317,19,236,6,81,37580,400.0,15439,53019,851,9.05,0.215,18.6,0.22,2,3.123,9.69,50층 376㎡(38.8×9.7m) + 50층 376㎡(38.8×9.7m)
2개동,2개동,41+41,41,139.3,317,8,236,0,81,37580,400.0,15788,53368,1041,11.08,0.125,18.2,0.26,2,3.014,8.74,41층 458㎡(52.4×8.7m) + 41층 458㎡(52.4×8.7m)
2개동,2개동,47+47,47,159.1,319,19,237,0,82,37580,400.0,14942,52522,902,9.6,0.079,13.6,3.41,2,3.058,10.0,47층 400㎡(40.0×10.0m) + 47층 400㎡(40.0×10.0m)
2개동,2개동,44+44,44,149.2,324,14,237,11,87,37580,400.0,11928,49508,940,10.01,0.089,23.7,0.32,2,3.244,16.87,44층 427㎡(25.3×16.9m) + 44층 427㎡(25.3×16.9m)
2개동,2개동,53+53,53,178.9,328,10,237,1,91,37580,400.0,14782,52362,798,8.49,0.02,28.6,7.15,2,3.142,10.87,53층 355㎡(32.6×10.9m) + 53층 355㎡(32.6×10.9m)
2개동,2개동,50+50,50,169.0,321,19,238,6,83,37580,400.0,12771,50351,833,8.86,0.201,18.1,0.21,2,3.21,15.83,50층 376㎡(23.7×15.8m) + 50층 376㎡(23.7×15.8m)
2개동,2개동,41+41,41,139.3,318,14,239,0,79,37580,400.0,12395,49975,1013,10.79,0.042,19.6,0.28,2,3.057,13.54,41층 458㎡(33.8×13.5m) + 41층 458㎡(33.8×13.5m)
2개동,2개동,50+50,50,169.0,325,21,239,6,86,37580,400.0,13774,51354,839,8.93,0.089,16.0,0.19,2,3.102,12.26,50층 376㎡(30.7×12.3m) + 50층 376㎡(30.7×12.3m)
2개동,2개동,55+55,55,185.5,327,22,239,12,88,37580,400.0,13441,51021,761,8.1,0.08,28.0,0.3,2,3.265,15.09,55층 342㎡(22.6×15.1m) + 55층 342㎡(22.6×15.1m)
2개동,2개동,38+38,38,129.4,311,10,240,0,71,37580,400.0,11439,49019,1085,11.55,0.123,26.7,0.41,2,3.187,15.72,38층 494㎡(31.4×15.7m) + 38층 494㎡(31.4×15.7m)
2개동,2개동,50+50,50,169.0,330,19,240,6,90,37580,400.0,13237,50817,836,8.9,0.053,28.0,7.0,2,3.194,13.71,50층 376㎡(27.4×13.7m) + 50층 376㎡(27.4×13.7m)
2개동,2개동,47+47,47,159.1,330,19,240,0,90,37580,400.0,14942,52522,902,9.6,0.04,16.5,4.14,2,3.043,10.0,47층 400㎡(40.0×10.0m) + 47층 400㎡(40.0×10.0m)
2개동,2개동,50+50,50,169.0,331,25,240,6,91,37580,400.0,12771,50351,833,8.86,0.135,13.0,3.25,2,3.149,15.83,50층 376㎡(23.7×15.8m) + 50층 376㎡(23.7×15.8m)
2개동,2개동,44+44,44,149.2,326,15,241,9,85,37580,400.0,12868,50448,948,10.09,0.101,5.8,1.45,2,3.114,13.07,44층 427㎡(32.7×13.1m) + 44층 427㎡(32.7×13.1m)
2개동,2개동,47+47,47,159.1,327,20,241,1,86,37580,400.0,12356,49936,883,9.4,0.176,28.0,0.35,2,3.222,16.33,47층 400㎡(24.5×16.3m) + 47층 400㎡(24.5×16.3m)
2개동,2개동,44+44,44,149.2,327,17,241,8,86,37580,400.0,13391,50971,952,10.13,0.166,13.0,3.25,2,3.054,11.93,44층 427㎡(35.8×11.9m) + 44층 427㎡(35.8×11.9m)
2개동,2개동,38+38,38,129.4,314,2,242,0,72,37580,400.0,12393,49973,1094,11.64,0.052,11.4,2.86,2,3.074,12.84,38층 494㎡(38.5×12.8m) + 38층 494㎡(38.5×12.8m)
2개동,2개동,44+44,44,149.2,330,20,242,12,88,37580,400.0,14431,52011,959,10.21,0.067,21.1,0.28,2,3.1,10.33,44층 427㎡(41.3×10.3m) + 44층 427㎡(41.3×10.3m)
2개동,2개동,41+41,41,139.3,326,11,243,4,83,37580,400.0,12900,50480,1017,10.83,0.054,24.8,0.36,2,3.103,12.36,41층 458㎡(37.1×12.4m) + 41층 458㎡(37.1×12.4m)
2개동,2개동,55+55,55,185.5,328,18,243,6,85,37580,400.0,13441,51021,761,8.1,0.214,19.2,4.8,2,3.207,15.09,55층 342㎡(22.6×15.1m) + 55층 342㎡(22.6×15.1m)
2개동,2개동,44+44,44,149.2,331,20,243,12,88,37580,400.0,13391,50971,952,10.13,0.037,20.9,0.28,2,3.105,11.93,44층 427㎡(35.8×11.9m) + 44층 427㎡(35.8×11.9m)
2개동,2개동,41+41,41,139.3,325,13,244,0,81,37580,400.0,11910,49490,1009,10.74,0.047,21.1,0.3,2,3.106,15.14,41층 458㎡(30.3×15.1m) + 41층 458㎡(30.3×15.1m)
2개동,2개동,55+55,55,185.5,327,19,244,6,83,37580,400.0,13441,51021,761,8.1,0.176,23.0,0.25,2,3.238,15.09,55층 342㎡(22.6×15.1m) + 55층 342㎡(22.6×15.1m)
2개동,2개동,50+50,50,169.0,328,19,244,6,84,37580,400.0,14331,51911,843,8.97,0.22,20.1,0.24,2,3.148,11.19,50층 376㎡(33.6×11.2m) + 50층 376㎡(33.6×11.2m)
2개동,2개동,50+50,50,169.0,330,25,244,6,86,37580,400.0,12771,50351,833,8.86,0.154,28.0,0.33,2,3.223,15.83,50층 376㎡(23.7×15.8m) + 50층 376㎡(23.7×15.8m)
2개동,2개동,53+53,53,178.9,330,22,244,6,86,37580,400.0,14782,52362,798,8.49,0.093,15.7,0.18,2,3.085,10.87,53층 355㎡(32.6×10.9m) + 53층 355㎡(32.6×10.9m)
2개동,2개동,50+50,50,169.0,332,27,244,8,88,37580,400.0,13237,50817,836,8.9,0.181,28.0,0.33,2,3.216,13.71,50층 376㎡(27.4×13.7m) + 50층 376㎡(27.4×13.7m)
2개동,2개동,55+55,55,185.5,332,21,244,12,88,37580,400.0,14492,52072,767,8.17,0.121,21.5,0.23,2,3.195,11.69,55층 342㎡(29.2×11.7m) + 55층 342㎡(29.2×11.7m)
2개동,2개동,53+53,53,178.9,334,23,244,12,90,37580,400.0,14782,52362,798,8.49,0.142,23.2,0.26,2,3.174,10.87,53층 355㎡(32.6×10.9m) + 53층 355㎡(32.6×10.9m)
2개동,2개동,55+55,55,185.5,338,16,244,0,94,37580,400.0,16239,53819,778,8.28,0.101,16.0,4.01,2,3.072,9.24,55층 342㎡(37.0×9.2m) + 55층 342㎡(37.0×9.2m)
2개동,2개동,47+47,47,159.1,334,24,245,12,89,37580,400.0,12356,49936,883,9.4,0.083,5.2,1.31,2,3.138,16.33,47층 400㎡(24.5×16.3m) + 47층 400㎡(24.5×16.3m)
2개동,2개동,44+44,44,149.2,334,26,246,12,88,37580,400.0,13391,50971,952,10.13,0.031,16.8,0.23,2,3.097,11.93,44층 427㎡(35.8×11.9m) + 44층 427㎡(35.8×11.9m)
2개동,2개동,38+38,38,129.4,321,2,247,0,74,37580,400.0,12393,49973,1094,11.64,0.092,11.4,2.86,2,3.051,12.84,38층 494㎡(38.5×12.8m) + 38층 494㎡(38.5×12.8m)
2개동,2개동,44+44,44,149.2,330,19,247,6,83,37580,400.0,13391,50971,952,10.13,0.241,20.9,0.28,2,3.151,11.93,44층 427㎡(35.8×11.9m) + 44층 427㎡(35.8×11.9m)
2개동,2개동,47+47,47,159.1,330,8,247,0,83,37580,400.0,15976,53556,909,9.67,0.084,31.1,7.77,2,2.985,8.94,47층 400㎡(44.7×8.9m) + 47층 400㎡(44.7×8.9m)
2개동,2개동,41+41,41,139.3,331,3,247,1,84,37580,400.0,15788,53368,1041,11.08,0.053,26.3,0.38,2,2.999,8.74,41층 458㎡(52.4×8.7m) + 41층 458㎡(52.4×8.7m)
2개동,2개동,55+55,55,185.5,337,15,247,12,90,37580,400.0,15076,52656,771,8.2,0.093,28.2,0.3,2,3.198,10.67,55층 342㎡(32.0×10.7m) + 55층 342㎡(32.0×10.7m)
2개동,2개동,53+53,53,178.9,338,22,247,12,91,37580,400.0,14208,51788,794,8.46,0.126,26.9,0.3,2,3.187,11.91,53층 355㎡(29.8×11.9m) + 53층 355㎡(29.8×11.9m)
2개동,2개동,55+55,55,185.5,339,13,247,3,92,37580,400.0,16239,53819,778,8.28,0.04,16.0,4.01,2,3.105,9.24,55층 342㎡(37.0×9.2m) + 55층 342㎡(37.0×9.2m)
2개동,2개동,53+53,53,178.9,336,19,248,6,88,37580,400.0,13176,50756,788,8.39,0.173,17.9,0.2,2,3.189,15.37,53층 355㎡(23.1×15.4m) + 53층 355㎡(23.1×15.4m)
2개동,2개동,50+50,50,169.0,339,18,248,12,91,37580,400.0,13237,50817,836,8.9,0.11,25.4,0.3,2,3.205,13.71,50층 376㎡(27.4×13.7m) + 50층 376㎡(27.4×13.7m)
2개동,2개동,55+55,55,185.5,337,20,249,0,88,37580,400.0,15076,52656,771,8.2,0.049,28.6,7.14,2,3.083,10.67,55층 342㎡(32.0×10.7m) + 55층 342㎡(32.0×10.7m)
2개동,2개동,50+50,50,169.0,340,22,249,7,91,37580,400.0,14331,51911,843,8.97,0.077,16.0,0.19,2,3.103,11.19,50층 376㎡(33.6×11.2m) + 50층 376㎡(33.6×11.2m)
2개동,2개동,53+53,53,178.9,343,19,249,6,94,37580,400.0,14782,52362,798,8.49,0.067,19.9,4.97,2,3.126,10.87,53층 355㎡(32.6×10.9m) + 53층 355㎡(32.6×10.9m)
2개동,2개동,55+55,55,185.5,328,13,250,0,78,37580,400.0,13929,51509,764,8.13,0.104,25.1,0.27,2,3.182,13.07,55층 342㎡(26.1×13.1m) + 55층 342㎡(26.1×13.1m)
2개동,2개동,50+50,50,169.0,336,13,250,0,86,37580,400.0,13774,51354,839,8.93,0.053,22.0,0.26,2,3.05,12.26,50층 376㎡(30.7×12.3m) + 50층 376㎡(30.7×12.3m)
2개동,2개동,41+41,41,139.3,330,2,251,0,79,37580,400.0,12395,49975,1013,10.79,0.045,13.6,3.41,2,3.104,13.54,41층 458㎡(33.8×13.5m) + 41층 458㎡(33.8×13.5m)
2개동,2개동,55+55,55,185.5,336,16,251,0,85,37580,400.0,16239,53819,778,8.28,0.072,19.4,0.21,2,2.986,9.24,55층 342㎡(37.0×9.2m) + 55층 342㎡(37.0×9.2m)
2개동,2개동,38+38,38,129.4,327,10,252,0,75,37580,400.0,12393,49973,1094,11.64,0.13,30.5,0.47,2,3.15,12.84,38층 494㎡(38.5×12.8m) + 38층 494㎡(38.5×12.8m)
2개동,2개동,55+55,55,185.5,336,21,252,6,84,37580,400.0,15076,52656,771,8.2,0.179,23.0,0.25,2,3.147,10.67,55층 342㎡(32.0×10.7m) + 55층 342㎡(32.0×10.7m)
2개동,2개동,47+47,47,159.1,344,27,252,8,92,37580,400.0,12807,50387,886,9.43,0.111,6.0,1.5,2,3.121,14.14,47층 400㎡(28.3×14.1m) + 47층 400㎡(28.3×14.1m)
2개동,2개동,38+38,38,129.4,333,11,253,0,80,37580,400.0,13359,50939,1102,11.73,0.054,28.3,0.44,2,3.01,11.12,38층 494㎡(44.5×11.1m) + 38층 494㎡(44.5×11.1m)
2개동,2개동,53+53,53,178.9,344,17,253,12,91,37580,400.0,13176,50756,788,8.39,0.075,13.3,3.33,2,3.179,15.37,53층 355㎡(23.1×15.4m) + 53층 355㎡(23.1×15.4m)
2개동,2개동,47+47,47,159.1,337,18,254,6,83,37580,400.0,12807,50387,886,9.43,0.183,25.7,0.32,2,3.231,14.14,47층 400㎡(28.3×14.1m) + 47층 400㎡(28.3×14.1m)
2개동,2개동,50+50,50,169.0,347,23,254,12,93,37580,400.0,14331,51911,843,8.97,0.039,20.1,0.24,2,3.088,11.19,50층 376㎡(33.6×11.2m) + 50층 376㎡(33.6×11.2m)
2개동,2개동,50+50,50,169.0,349,26,255,12,94,37580,400.0,13237,50817,836,8.9,0.022,4.4,1.09,2,3.087,13.71,50층 376㎡(27.4×13.7m) + 50층 376㎡(27.4×13.7m)
2개동,2개동,41+41,41,139.3,339,10,256,1,83,37580,400.0,12900,50480,1017,10.83,0.047,11.2,2.81,2,3.036,12.36,41층 458㎡(37.1×12.4m) + 41층 458㎡(37.1×12.4m)
2개동,2개동,50+50,50,169.0,347,20,257,12,90,37580,400.0,12771,50351,833,8.86,0.105,9.5,2.37,2,3.155,15.83,50층 376㎡(23.7×15.8m) + 50층 376㎡(23.7×15.8m)
2개동,2개동,50+50,50,169.0,350,12,257,1,93,37580,400.0,16505,54085,858,9.13,0.084,14.3,0.17,2,3.051,8.67,50층 376㎡(43.3×8.7m) + 50층 376㎡(43.3×8.7m)
2개동,2개동,38+38,38,129.4,332,12,258,0,74,37580,400.0,11907,49487,1089,11.6,0.095,6.1,1.52,2,3.047,14.06,38층 494㎡(35.2×14.1m) + 38층 494㎡(35.2×14.1m)
2개동,2개동,44+44,44,149.2,335,13,258,0,77,37580,400.0,12868,50448,948,10.09,0.138,22.7,0.3,2,3.152,13.07,44층 427㎡(32.7×13.1m) + 44층 427㎡(32.7×13.1m)
2개동,2개동,41+41,41,139.3,337,11,258,0,79,37580,400.0,12900,50480,1017,10.83,0.133,28.0,7.0,2,3.025,12.36,41층 458㎡(37.1×12.4m) + 41층 458㎡(37.1×12.4m)
2개동,2개동,55+55,55,185.5,351,23,258,12,93,37580,400.0,15076,52656,771,8.2,0.031,23.0,0.25,2,3.076,10.67,55층 342㎡(32.0×10.7m) + 55층 342㎡(32.0×10.7m)
2개동,2개동,53+53,53,178.9,336,13,259,0,77,37580,400.0,14208,51788,794,8.46,0.11,26.9,0.3,2,3.17,11.91,53층 355㎡(29.8×11.9m) + 53층 355㎡(29.8×11.9m)
2개동,2개동,50+50,50,169.0,350,17,259,8,91,37580,400.0,14331,51911,843,8.97,0.149,6.0,1.5,2,3.074,11.19,50층 376㎡(33.6×11.2m) + 50층 376㎡(33.6×11.2m)
2개동,2개동,50+50,50,169.0,338,13,260,0,78,37580,400.0,13237,50817,836,8.9,0.11,25.4,0.3,2,3.172,13.71,50층 376㎡(27.4×13.7m) + 50층 376㎡(27.4×13.7m)
2개동,2개동,55+55,55,185.5,349,16,260,0,89,37580,400.0,15076,52656,771,8.2,0.105,6.0,1.5,2,3.04,10.67,55층 342㎡(32.0×10.7m) + 55층 342㎡(32.0×10.7m)
2개동,2개동,47+47,47,159.1,352,26,260,8,92,37580,400.0,12807,50387,886,9.43,0.111,9.0,2.25,2,3.101,14.14,47층 400㎡(28.3×14.1m) + 47층 400㎡(28.3×14.1m)
2개동,2개동,55+55,55,185.5,354,22,261,6,93,37580,400.0,14492,52072,767,8.17,0.102,9.0,2.25,2,3.044,11.69,55층 342㎡(29.2×11.7m) + 55층 342㎡(29.2×11.7m)
2개동,2개동,41+41,41,139.3,345,12,262,0,83,37580,400.0,11910,49490,1009,10.74,0.028,26.3,0.38,2,3.106,15.14,41층 458㎡(30.3×15.1m) + 41층 458㎡(30.3×15.1m)
2개동,2개동,47+47,47,159.1,349,14,263,0,86,37580,400.0,12356,49936,883,9.4,0.18,28.0,7.0,2,3.161,16.33,47층 400㎡(24.5×16.3m) + 47층 400㎡(24.5×16.3m)
2개동,2개동,53+53,53,178.9,345,13,264,0,81,37580,400.0,14208,51788,794,8.46,0.08,6.9,1.73,2,3.006,11.91,53층 355㎡(29.8×11.9m) + 53층 355㎡(29.8×11.9m)
2개동,2개동,53+53,53,178.9,357,21,264,12,93,37580,400.0,13656,51236,791,8.42,0.075,9.0,2.26,2,3.103,13.31,53층 355㎡(26.6×13.3m) + 53층 355㎡(26.6×13.3m)
2개동,2개동,55+55,55,185.5,345,18,265,0,80,37580,400.0,14492,52072,767,8.17,0.087,6.9,1.72,2,2.975,11.69,55층 342㎡(29.2×11.7m) + 55층 342㎡(29.2×11.7m)
2개동,2개동,41+41,41,139.3,349,12,265,0,84,37580,400.0,12395,49975,1013,10.79,0.09,9.9,2.47,2,3.032,13.54,41층 458㎡(33.8×13.5m) + 41층 458㎡(33.8×13.5m)
2개동,2개동,53+53,53,178.9,358,25,265,11,93,37580,400.0,15923,53503,805,8.57,0.024,22.3,0.25,2,3.002,9.41,53층 355㎡(37.7×9.4m) + 53층 355㎡(37.7×9.4m)
2개동,2개동,50+50,50,169.0,361,19,266,0,95,37580,400.0,16505,54085,858,9.13,0.044,15.9,3.97,2,2.981,8.67,50층 376㎡(43.3×8.7m) + 50층 376㎡(43.3×8.7m)
2개동,2개동,41+41,41,139.3,354,8,267,0,87,37580,400.0,15788,53368,1041,11.08,0.101,24.8,0.36,2,2.943,8.74,41층 458㎡(52.4×8.7m) + 41층 458㎡(52.4×8.7m)
2개동,2개동,50+50,50,169.0,356,18,267,9,89,37580,400.0,13774,51354,839,8.93,0.181,13.0,3.25,2,3.087,12.26,50층 376㎡(30.7×12.3m) + 50층 376㎡(30.7×12.3m)
2개동,2개동,55+55,55,185.5,362,14,268,7,94,37580,400.0,14492,52072,767,8.17,0.023,26.7,0.29,2,3.109,11.69,55층 342㎡(29.2×11.7m) + 55층 342㎡(29.2×11.7m)
2개동,2개동,55+55,55,185.5,363,14,268,1,95,37580,400.0,15076,52656,771,8.2,0.105,9.0,2.25,2,2.997,10.67,55층 342㎡(32.0×10.7m) + 55층 342㎡(32.0×10.7m)
2개동,2개동,50+50,50,169.0,361,17,269,0,92,37580,400.0,13237,50817,836,8.9,0.141,19.0,4.75,2,3.108,13.71,50층 376㎡(27.4×13.7m) + 50층 376㎡(27.4×13.7m)
2개동,2개동,50+50,50,169.0,362,14,269,7,93,37580,400.0,14331,51911,843,8.97,0.037,23.5,0.28,2,3.08,11.19,50층 376㎡(33.6×11.2m) + 50층 376㎡(33.6×11.2m)
2개동,2개동,44+44,44,149.2,362,8,273,1,89,37580,400.0,15431,53011,967,10.29,0.081,22.0,0.29,2,2.999,9.24,44층 427㎡(46.2×9.2m) + 44층 427㎡(46.2×9.2m)
2개동,2개동,47+47,47,159.1,363,19,273,0,90,37580,400.0,12356,49936,883,9.4,0.104,28.0,7.0,2,3.131,16.33,47층 400㎡(24.5×16.3m) + 47층 400㎡(24.5×16.3m)
2개동,2개동,47+47,47,159.1,364,19,273,10,91,37580,400.0,14942,52522,902,9.6,0.124,4.3,1.08,2,2.992,10.0,47층 400㎡(40.0×10.0m) + 47층 400㎡(40.0×10.0m)
2개동,2개동,55+55,55,185.5,366,17,273,0,93,37580,400.0,15076,52656,771,8.2,0.137,13.0,3.25,2,3.006,10.67,55층 342㎡(32.0×10.7m) + 55층 342㎡(32.0×10.7m)
2개동,2개동,47+47,47,159.1,357,13,274,0,83,37580,400.0,13327,50907,890,9.47,0.055,5.7,1.43,2,3.013,12.65,47층 400㎡(31.6×12.6m) + 47층 400㎡(31.6×12.6m)
2개동,2개동,44+44,44,149.2,363,9,274,0,89,37580,400.0,15431,53011,967,10.29,0.215,6.0,1.5,2,2.861,9.24,44층 427㎡(46.2×9.2m) + 44층 427㎡(46.2×9.2m)
2개동,2개동,38+38,38,129.4,356,10,275,0,81,37580,400.0,14288,51868,1110,11.82,0.043,24.8,0.38,2,2.996,9.94,38층 494㎡(49.7×9.9m) + 38층 494㎡(49.7×9.9m)
2개동,2개동,50+50,50,169.0,357,16,275,0,82,37580,400.0,13774,51354,839,8.93,0.092,7.0,1.75,2,2.968,12.26,50층 376㎡(30.7×12.3m) + 50층 376㎡(30.7×12.3m)
2개동,2개동,55+55,55,185.5,368,17,275,9,93,37580,400.0,15076,52656,771,8.2,0.103,10.6,2.66,2,3.03,10.67,55층 342㎡(32.0×10.7m) + 55층 342㎡(32.0×10.7m)
2개동,2개동,55+55,55,185.5,371,15,276,6,95,37580,400.0,16239,53819,778,8.28,0.141,4.3,1.08,2,2.986,9.24,55층 342㎡(37.0×9.2m) + 55층 342㎡(37.0×9.2m)
2개동,2개동,47+47,47,159.1,358,14,277,0,81,37580,400.0,13327,50907,890,9.47,0.12,5.7,1.43,2,2.988,12.65,47층 400㎡(31.6×12.6m) + 47층 400㎡(31.6×12.6m)
2개동,2개동,53+53,53,178.9,365,12,278,0,87,37580,400.0,13176,50756,788,8.39,0.058,19.2,4.8,2,3.134,15.37,53층 355㎡(23.1×15.4m) + 53층 355㎡(23.1×15.4m)
2개동,2개동,44+44,44,149.2,361,3,279,0,82,37580,400.0,13391,50971,952,10.13,0.126,28.0,7.0,2,3.051,11.93,44층 427㎡(35.8×11.9m) + 44층 427㎡(35.8×11.9m)
2개동,2개동,44+44,44,149.2,365,10,279,1,86,37580,400.0,13391,50971,952,10.13,0.041,14.5,3.63,2,3.03,11.93,44층 427㎡(35.8×11.9m) + 44층 427㎡(35.8×11.9m)
2개동,2개동,55+55,55,185.5,368,18,279,4,89,37580,400.0,15076,52656,771,8.2,0.16,36.0,0.39,2,3.168,10.67,55층 342㎡(32.0×10.7m) + 55층 342㎡(32.0×10.7m)
2개동,2개동,50+50,50,169.0,371,12,279,6,92,37580,400.0,13237,50817,836,8.9,0.093,19.0,4.75,2,3.143,13.71,50층 376㎡(27.4×13.7m) + 50층 376㎡(27.4×13.7m)
2개동,2개동,55+55,55,185.5,373,15,280,0,93,37580,400.0,14492,52072,767,8.17,0.134,19.0,4.75,2,3.059,11.69,55층 342㎡(29.2×11.7m) + 55층 342㎡(29.2×11.7m)
2개동,2개동,44+44,44,149.2,362,7,281,0,81,37580,400.0,14431,52011,959,10.21,0.171,19.0,4.75,2,2.943,10.33,44층 427㎡(41.3×10.3m) + 44층 427㎡(41.3×10.3m)
2개동,2개동,53+53,53,178.9,374,19,281,0,93,37580,400.0,14782,52362,798,8.49,0.058,7.2,1.8,2,2.942,10.87,53층 355㎡(32.6×10.9m) + 53층 355㎡(32.6×10.9m)
2개동,2개동,55+55,55,185.5,376,12,281,6,95,37580,400.0,14492,52072,767,8.17,0.089,19.3,4.83,2,3.098,11.69,55층 342㎡(29.2×11.7m) + 55층 342㎡(29.2×11.7m)
2개동,2개동,50+50,50,169.0,376,17,281,8,95,37580,400.0,14331,51911,843,8.97,0.024,7.4,1.84,2,2.983,11.19,50층 376㎡(33.6×11.2m) + 50층 376㎡(33.6×11.2m)
2개동,2개동,53+53,53,178.9,365,14,282,0,83,37580,400.0,13176,50756,788,8.39,0.067,19.2,4.8,2,3.103,15.37,53층 355㎡(23.1×15.4m) + 53층 355㎡(23.1×15.4m)
2개동,2개동,44+44,44,149.2,366,12,282,0,84,37580,400.0,12868,50448,948,10.09,0.082,9.8,2.45,2,3.011,13.07,44층 427㎡(32.7×13.1m) + 44층 427㎡(32.7×13.1m)
2개동,2개동,50+50,50,169.0,369,16,283,0,86,37580,400.0,13774,51354,839,8.93,0.146,19.0,4.75,2,3.039,12.26,50층 376㎡(30.7×12.3m) + 50층 376㎡(30.7×12.3m)
2개동,2개동,47+47,47,159.1,374,19,283,0,91,37580,400.0,12807,50387,886,9.43,0.051,9.0,2.26,2,3.044,14.14,47층 400㎡(28.3×14.1m) + 47층 400㎡(28.3×14.1m)
2개동,2개동,44+44,44,149.2,368,9,285,0,83,37580,400.0,14431,52011,959,10.21,0.171,19.0,4.75,2,2.922,10.33,44층 427㎡(41.3×10.3m) + 44층 427㎡(41.3×10.3m)
2개동,2개동,47+47,47,159.1,372,5,286,0,86,37580,400.0,13327,50907,890,9.47,0.116,28.0,7.0,2,3.091,12.65,47층 400㎡(31.6×12.6m) + 47층 400㎡(31.6×12.6m)
2개동,2개동,53+53,53,178.9,380,9,287,6,93,37580,400.0,13656,51236,791,8.42,0.057,28.0,7.0,2,3.173,13.31,53층 355㎡(26.6×13.3m) + 53층 355㎡(26.6×13.3m)
2개동,2개동,47+47,47,159.1,375,12,288,0,87,37580,400.0,15976,53556,909,9.67,0.033,21.4,0.27,2,2.974,8.94,47층 400㎡(44.7×8.9m) + 47층 400㎡(44.7×8.9m)
2개동,2개동,55+55,55,185.5,381,16,289,0,92,37580,400.0,14492,52072,767,8.17,0.074,13.4,3.36,2,3.009,11.69,55층 342㎡(29.2×11.7m) + 55층 342㎡(29.2×11.7m)
2개동,2개동,47+47,47,159.1,377,11,290,0,87,37580,400.0,15976,53556,909,9.67,0.028,22.9,0.29,2,2.958,8.94,47층 400㎡(44.7×8.9m) + 47층 400㎡(44.7×8.9m)
2개동,2개동,53+53,53,178.9,378,13,290,0,88,37580,400.0,14208,51788,794,8.46,0.047,9.6,2.41,2,3.024,11.91,53층 355㎡(29.8×11.9m) + 53층 355㎡(29.8×11.9m)
2개동,2개동,47+47,47,159.1,381,18,290,0,91,37580,400.0,13327,50907,890,9.47,0.09,7.1,1.77,2,2.994,12.65,47층 400㎡(31.6×12.6m) + 47층 400㎡(31.6×12.6m)
2개동,2개동,53+53,53,178.9,385,10,290,1,95,37580,400.0,14782,52362,798,8.49,0.033,19.9,4.97,2,3.025,10.87,53층 355㎡(32.6×10.9m) + 53층 355㎡(32.6×10.9m)
2개동,2개동,47+47,47,159.1,385,12,293,0,92,37580,400.0,14942,52522,902,9.6,0.075,26.6,0.33,2,2.967,10.0,47층 400㎡(40.0×10.0m) + 47층 400㎡(40.0×10.0m)
2개동,2개동,50+50,50,169.0,385,12,295,0,90,37580,400.0,13774,51354,839,8.93,0.047,9.7,2.42,2,3.027,12.26,50층 376㎡(30.7×12.3m) + 50층 376㎡(30.7×12.3m)
2개동,2개동,55+55,55,185.5,388,13,295,3,93,37580,400.0,14492,52072,767,8.17,0.049,28.2,7.05,2,3.1,11.69,55층 342㎡(29.2×11.7m) + 55층 342㎡(29.2×11.7m)
2개동,2개동,50+50,50,169.0,389,13,295,0,94,37580,400.0,13237,50817,836,8.9,0.072,19.0,4.75,2,3.049,13.71,50층 376㎡(27.4×13.7m) + 50층 376㎡(27.4×13.7m)
2개동,2개동,50+50,50,169.0,391,15,295,6,96,37580,400.0,15439,53019,851,9.05,0.084,10.7,0.13,2,2.932,9.69,50층 376㎡(38.8×9.7m) + 50층 376㎡(38.8×9.7m)
2개동,2개동,55+55,55,185.5,380,10,296,0,84,37580,400.0,16239,53819,778,8.28,0.018,30.7,0.33,2,2.93,9.24,55층 342㎡(37.0×9.2m) + 55층 342㎡(37.0×9.2m)
2개동,2개동,53+53,53,178.9,386,12,296,0,90,37580,400.0,14782,52362,798,8.49,0.051,8.3,2.09,2,2.971,10.87,53층 355㎡(32.6×10.9m) + 53층 355㎡(32.6×10.9m)
2개동,2개동,50+50,50,169.0,389,12,296,0,93,37580,400.0,14331,51911,843,8.97,0.118,8.5,2.12,2,2.963,11.19,50층 376㎡(33.6×11.2m) + 50층 376㎡(33.6×11.2m)
2개동,2개동,47+47,47,159.1,385,11,298,0,87,37580,400.0,15976,53556,909,9.67,0.02,25.5,0.32,2,2.939,8.94,47층 400㎡(44.7×8.9m) + 47층 400㎡(44.7×8.9m)
2개동,2개동,41+41,41,139.3,398,5,298,0,100,37580,400.0,14869,52449,1033,11.0,0.051,14.7,0.21,2,2.855,9.57,41층 458㎡(47.9×9.6m) + 41층 458㎡(47.9×9.6m)
2개동,2개동,50+50,50,169.0,392,11,299,0,93,37580,400.0,13774,51354,839,8.93,0.11,28.0,7.0,2,3.045,12.26,50층 376㎡(30.7×12.3m) + 50층 376㎡(30.7×12.3m)
2개동,2개동,47+47,47,159.1,395,16,302,0,93,37580,400.0,13327,50907,890,9.47,0.046,13.5,3.38,2,3.01,12.65,47층 400㎡(31.6×12.6m) + 47층 400㎡(31.6×12.6m)
2개동,2개동,50+50,50,169.0,400,19,306,0,94,37580,400.0,15439,53019,851,9.05,0.118,6.0,1.5,2,2.867,9.69,50층 376㎡(38.8×9.7m) + 50층 376㎡(38.8×9.7m)
2개동,2개동,50+50,50,169.0,400,11,307,0,93,37580,400.0,15439,53019,851,9.05,0.153,9.0,2.25,2,2.925,9.69,50층 376㎡(38.8×9.7m) + 50층 376㎡(38.8×9.7m)
2개동,2개동,55+55,55,185.5,398,13,308,0,90,37580,400.0,16239,53819,778,8.28,0.108,10.3,0.11,2,2.851,9.24,55층 342㎡(37.0×9.2m) + 55층 342㎡(37.0×9.2m)
2개동,2개동,55+55,55,185.5,403,17,308,4,95,37580,400.0,16239,53819,778,8.28,0.02,29.5,7.38,2,2.979,9.24,55층 342㎡(37.0×9.2m) + 55층 342㎡(37.0×9.2m)
2개동,2개동,44+44,44,149.2,402,0,314,0,88,37580,400.0,15431,53011,967,10.29,0.042,19.1,4.78,2,2.909,9.24,44층 427㎡(46.2×9.2m) + 44층 427㎡(46.2×9.2m)
2개동,2개동,47+47,47,159.1,404,9,314,0,90,37580,400.0,14942,52522,902,9.6,0.199,19.0,4.75,2,2.922,10.0,47층 400㎡(40.0×10.0m) + 47층 400㎡(40.0×10.0m)
2개동,2개동,47+47,47,159.1,406,9,314,0,92,37580,400.0,15976,53556,909,9.67,0.127,9.0,2.25,2,2.826,8.94,47층 400㎡(44.7×8.9m) + 47층 400㎡(44.7×8.9m)
2개동,2개동,47+47,47,159.1,407,7,315,0,92,37580,400.0,15976,53556,909,9.67,0.165,13.0,3.25,2,2.845,8.94,47층 400㎡(44.7×8.9m) + 47층 400㎡(44.7×8.9m)
2개동,2개동,47+47,47,159.1,405,6,316,0,89,37580,400.0,14942,52522,902,9.6,0.162,28.0,7.0,2,2.944,10.0,47층 400㎡(40.0×10.0m) + 47층 400㎡(40.0×10.0m)
2개동,2개동,44+44,44,149.2,420,10,321,0,99,37580,400.0,11928,49508,940,10.01,0.08,28.2,7.04,2,3.131,16.87,44층 427㎡(25.3×16.9m) + 44층 427㎡(25.3×16.9m)
2개동,2개동,53+53,53,178.9,419,2,324,0,95,37580,400.0,14782,52362,798,8.49,0.038,19.9,4.97,2,3.028,10.87,53층 355㎡(32.6×10.9m) + 53층 355㎡(32.6×10.9m)
2개동,2개동,44+44,44,149.2,415,3,326,0,89,37580,400.0,14431,52011,959,10.21,0.121,13.9,3.48,2,2.912,10.33,44층 427㎡(41.3×10.3m) + 44층 427㎡(41.3×10.3m)
2개동,2개동,44+44,44,149.2,417,3,327,0,90,37580,400.0,13391,50971,952,10.13,0.106,20.1,5.02,2,3.015,11.93,44층 427㎡(35.8×11.9m) + 44층 427㎡(35.8×11.9m)
2개동,2개동,50+50,50,169.0,426,2,330,0,96,37580,400.0,16505,54085,858,9.13,0.056,13.5,0.16,2,2.851,8.67,50층 376㎡(43.3×8.7m) + 50층 376㎡(43.3×8.7m)
2개동,2개동,55+55,55,185.5,430,11,332,0,98,37580,400.0,15076,52656,771,8.2,0.09,19.8,4.96,2,2.963,10.67,55층 342㎡(32.0×10.7m) + 55층 342㎡(32.0×10.7m)
2개동,2개동,44+44,44,149.2,432,6,340,0,92,37580,400.0,15431,53011,967,10.29,0.092,14.3,0.19,2,2.806,9.24,44층 427㎡(46.2×9.2m) + 44층 427㎡(46.2×9.2m)
2개동,2개동,47+47,47,159.1,449,10,342,0,107,37580,400.0,15976,53556,909,9.67,0.052,13.9,0.17,2,2.816,8.94,47층 400㎡(44.7×8.9m) + 47층 400㎡(44.7×8.9m)
2개동,2개동,55+55,55,185.5,442,2,344,0,98,37580,400.0,16239,53819,778,8.28,0.037,21.2,5.3,2,2.951,9.24,55층 342㎡(37.0×9.2m) + 55층 342㎡(37.0×9.2m)
2개동,2개동,55+55,55,185.5,448,10,344,0,104,37580,400.0,16239,53819,778,8.28,0.069,16.0,4.01,2,2.88,9.24,55층 342㎡(37.0×9.2m) + 55층 342㎡(37.0×9.2m)
2개동,2개동,50+50,50,169.0,443,2,347,0,96,37580,400.0,16505,54085,858,9.13,0.08,15.9,3.97,2,2.839,8.67,50층 376㎡(43.3×8.7m) + 50층 376㎡(43.3×8.7m)
2개동,2개동,47+47,47,159.1,457,10,350,0,107,37580,400.0,15976,53556,909,9.67,0.084,13.9,0.17,2,2.784,8.94,47층 400㎡(44.7×8.9m) + 47층 400㎡(44.7×8.9m)
2개동,2개동,50+50,50,169.0,470,0,369,0,101,37580,400.0,15439,53019,851,9.05,0.054,29.7,7.42,2,2.96,9.69,50층 376㎡(38.8×9.7m) + 50층 376㎡(38.8×9.7m)
