family,stage,floors,top_floors,height_m,new_fail,new_ok,gfa_m2,far_pct,service_m2,real_m2,coverage_m2,bcr_pct,daylight_ratio,mean_total_h,min_short_m,label
단일,5 미세조정,20,20,63.0,83,28,37580,400.0,5447,43027,1968,20.95,0.272,3.858,37.0,20층 1879㎡(50.8×37.0m)
단일,5 미세조정,20,20,63.0,84,25,37580,400.0,5532,43112,1969,20.96,0.255,3.858,34.11,20층 1879㎡(55.1×34.1m)
단일,5 미세조정,20,20,63.0,84,20,37580,400.0,5610,43190,1971,20.97,0.262,3.845,32.26,20층 1879㎡(58.2×32.3m)
단일,5 미세조정,20,20,63.0,84,20,37580,400.0,5624,43204,1971,20.98,0.264,3.844,31.99,20층 1879㎡(58.7×32.0m)
단일,5 미세조정,20,20,63.0,85,21,37580,400.0,5584,43164,1970,20.97,0.259,3.857,32.82,20층 1879㎡(57.2×32.8m)
단일,5 미세조정,20,20,63.0,85,23,37580,400.0,5584,43164,1970,20.97,0.265,3.849,32.82,20층 1879㎡(57.2×32.8m)
단일,5 미세조정,20,20,63.0,85,19,37580,400.0,5624,43204,1971,20.98,0.271,3.843,31.99,20층 1879㎡(58.7×32.0m)
단일,5 미세조정,20,20,63.0,85,20,37580,400.0,5652,43232,1971,20.98,0.268,3.842,31.45,20층 1879㎡(59.8×31.4m)
단일,5 미세조정,20,20,63.0,85,19,37580,400.0,5652,43232,1971,20.98,0.275,3.837,31.45,20층 1879㎡(59.8×31.4m)
단일,5 미세조정,20,20,63.0,86,20,37580,400.0,5566,43146,1970,20.97,0.255,3.853,33.25,20층 1879㎡(56.5×33.2m)
단일,5 미세조정,20,20,63.0,86,27,37580,400.0,5572,43152,1970,20.97,0.264,3.853,33.1,20층 1879㎡(56.8×33.1m)
단일,5 미세조정,20,20,63.0,86,21,37580,400.0,5610,43190,1971,20.97,0.269,3.845,32.26,20층 1879㎡(58.2×32.3m)
단일,5 미세조정,20,20,63.0,86,25,37580,400.0,5566,43146,1970,20.97,0.262,3.844,33.25,20층 1879㎡(56.5×33.2m)
단일,5 미세조정,20,20,63.0,87,25,37580,400.0,5470,43050,1968,20.95,0.272,3.864,36.06,20층 1879㎡(52.1×36.1m)
단일,5 미세조정,20,20,63.0,87,20,37580,400.0,5470,43050,1968,20.95,0.265,3.862,36.06,20층 1879㎡(52.1×36.1m)
단일,5 미세조정,20,20,63.0,87,19,37580,400.0,5447,43027,1968,20.95,0.258,3.862,37.0,20층 1879㎡(50.8×37.0m)
단일,5 미세조정,20,20,63.0,87,26,37580,400.0,5501,43081,1969,20.95,0.251,3.86,35.0,20층 1879㎡(53.7×35.0m)
단일,5 미세조정,20,20,63.0,87,27,37580,400.0,5532,43112,1969,20.96,0.257,3.855,34.11,20층 1879㎡(55.1×34.1m)
단일,5 미세조정,20,20,63.0,87,22,37580,400.0,5652,43232,1971,20.98,0.256,3.853,31.45,20층 1879㎡(59.8×31.4m)
단일,5 미세조정,20,20,63.0,87,21,37580,400.0,5652,43232,1971,20.98,0.267,3.849,31.45,20층 1879㎡(59.8×31.4m)
단일,5 미세조정,20,20,63.0,87,25,37580,400.0,5532,43112,1969,20.96,0.256,3.847,34.11,20층 1879㎡(55.1×34.1m)
단일,5 미세조정,20,20,63.0,87,24,37580,400.0,5566,43146,1970,20.97,0.254,3.842,33.25,20층 1879㎡(56.5×33.2m)
단일,5 미세조정,20,20,63.0,87,26,37580,400.0,5584,43164,1970,20.97,0.296,3.842,32.82,20층 1879㎡(57.2×32.8m)
단일,5 미세조정,20,20,63.0,87,19,37580,400.0,5624,43204,1971,20.98,0.265,3.835,31.99,20층 1879㎡(58.7×32.0m)
단일,5 미세조정,20,20,63.0,87,19,37580,400.0,5652,43232,1971,20.98,0.269,3.833,31.45,20층 1879㎡(59.8×31.4m)
단일,5 미세조정,20,20,63.0,87,19,37580,400.0,5669,43249,1971,20.98,0.271,3.83,31.14,20층 1879㎡(60.3×31.1m)
단일,5 미세조정,20,20,63.0,87,18,37580,400.0,5652,43232,1971,20.98,0.276,3.829,31.45,20층 1879㎡(59.8×31.4m)
단일,5 미세조정,20,20,63.0,87,18,37580,400.0,5697,43277,1972,20.99,0.282,3.82,30.65,20층 1879㎡(61.3×30.7m)
단일,5 미세조정,20,20,63.0,88,20,37580,400.0,5447,43027,1968,20.95,0.258,3.868,37.0,20층 1879㎡(50.8×37.0m)
단일,5 미세조정,20,20,63.0,88,25,37580,400.0,5447,43027,1968,20.95,0.265,3.859,37.0,20층 1879㎡(50.8×37.0m)
단일,5 미세조정,20,20,63.0,88,26,37580,400.0,5501,43081,1969,20.95,0.28,3.858,35.0,20층 1879㎡(53.7×35.0m)
단일,5 미세조정,20,20,63.0,88,25,37580,400.0,5470,43050,1968,20.95,0.272,3.857,36.06,20층 1879㎡(52.1×36.1m)
단일,5 미세조정,20,20,63.0,88,28,37580,400.0,5501,43081,1969,20.95,0.255,3.857,35.0,20층 1879㎡(53.7×35.0m)
단일,5 미세조정,20,20,63.0,88,21,37580,400.0,5566,43146,1970,20.97,0.263,3.856,33.25,20층 1879㎡(56.5×33.2m)
단일,5 미세조정,20,20,63.0,88,20,37580,400.0,5470,43050,1968,20.95,0.268,3.856,36.06,20층 1879㎡(52.1×36.1m)
단일,5 미세조정,20,20,63.0,88,21,37580,400.0,5501,43081,1969,20.95,0.276,3.851,35.0,20층 1879㎡(53.7×35.0m)
단일,5 미세조정,20,20,63.0,88,20,37580,400.0,5470,43050,1968,20.95,0.269,3.85,36.06,20층 1879㎡(52.1×36.1m)
단일,5 미세조정,20,20,63.0,88,19,37580,400.0,5501,43081,1969,20.95,0.274,3.85,35.0,20층 1879㎡(53.7×35.0m)
단일,5 미세조정,20,20,63.0,88,21,37580,400.0,5669,43249,1971,20.98,0.269,3.847,31.14,20층 1879㎡(60.3×31.1m)
단일,5 미세조정,20,20,63.0,88,25,37580,400.0,5532,43112,1969,20.96,0.287,3.845,34.11,20층 1879㎡(55.1×34.1m)
단일,5 미세조정,20,20,63.0,88,18,37580,400.0,5652,43232,1971,20.98,0.252,3.844,31.45,20층 1879㎡(59.8×31.4m)
단일,5 미세조정,20,20,63.0,88,19,37580,400.0,5532,43112,1969,20.96,0.28,3.844,34.11,20층 1879㎡(55.1×34.1m)
단일,5 미세조정,20,20,63.0,88,18,37580,400.0,5610,43190,1971,20.97,0.27,3.837,32.26,20층 1879㎡(58.2×32.3m)
단일,5 미세조정,20,20,63.0,88,26,37580,400.0,5610,43190,1971,20.97,0.3,3.836,32.26,20층 1879㎡(58.2×32.3m)
단일,5 미세조정,20,20,63.0,88,25,37580,400.0,5532,43112,1969,20.96,0.258,3.835,34.11,20층 1879㎡(55.1×34.1m)
단일,5 미세조정,20,20,63.0,88,21,37580,400.0,5697,43277,1972,20.99,0.305,3.83,30.65,20층 1879㎡(61.3×30.7m)
단일,5 미세조정,20,20,63.0,88,19,37580,400.0,5584,43164,1970,20.97,0.259,3.828,32.82,20층 1879㎡(57.2×32.8m)
단일,5 미세조정,20,20,63.0,88,18,37580,400.0,5669,43249,1971,20.98,0.278,3.825,31.14,20층 1879㎡(60.3×31.1m)
단일,5 미세조정,20,20,63.0,89,21,37580,400.0,5532,43112,1969,20.96,0.25,3.862,34.11,20층 1879㎡(55.1×34.1m)
단일,5 미세조정,20,20,63.0,89,20,37580,400.0,5447,43027,1968,20.95,0.261,3.858,37.0,20층 1879㎡(50.8×37.0m)
단일,5 미세조정,20,20,63.0,89,22,37580,400.0,5532,43112,1969,20.96,0.254,3.857,34.11,20층 1879㎡(55.1×34.1m)
단일,5 미세조정,20,20,63.0,89,25,37580,400.0,5501,43081,1969,20.95,0.28,3.852,35.0,20층 1879㎡(53.7×35.0m)
단일,5 미세조정,20,20,63.0,89,28,37580,400.0,5532,43112,1969,20.96,0.262,3.851,34.11,20층 1879㎡(55.1×34.1m)
단일,5 미세조정,20,20,63.0,89,21,37580,400.0,5532,43112,1969,20.96,0.283,3.847,34.11,20층 1879㎡(55.1×34.1m)
단일,5 미세조정,20,20,63.0,89,20,37580,400.0,5566,43146,1970,20.97,0.286,3.846,33.25,20층 1879㎡(56.5×33.2m)
단일,5 미세조정,20,20,63.0,89,21,37580,400.0,5674,43254,1972,20.99,0.27,3.844,31.05,20층 1879㎡(60.5×31.0m)
단일,5 미세조정,20,20,63.0,89,26,37580,400.0,5566,43146,1970,20.97,0.293,3.843,33.25,20층 1879㎡(56.5×33.2m)
단일,5 미세조정,20,20,63.0,89,19,37580,400.0,5572,43152,1970,20.97,0.256,3.841,33.1,20층 1879㎡(56.8×33.1m)
단일,5 미세조정,20,20,63.0,89,20,37580,400.0,5532,43112,1969,20.96,0.284,3.838,34.11,20층 1879㎡(55.1×34.1m)
단일,5 미세조정,20,20,63.0,89,18,37580,400.0,5624,43204,1971,20.98,0.272,3.835,31.99,20층 1879㎡(58.7×32.0m)
단일,5 미세조정,20,20,63.0,89,24,37580,400.0,5624,43204,1971,20.98,0.302,3.833,31.99,20층 1879㎡(58.7×32.0m)
단일,5 미세조정,20,20,63.0,89,19,37580,400.0,5697,43277,1972,20.99,0.288,3.83,30.65,20층 1879㎡(61.3×30.7m)
단일,5 미세조정,20,20,63.0,89,21,37580,400.0,5716,43296,1972,20.99,0.308,3.827,30.35,20층 1879㎡(61.9×30.3m)
단일,5 미세조정,20,20,63.0,89,19,37580,400.0,5572,43152,1970,20.97,0.261,3.827,33.1,20층 1879㎡(56.8×33.1m)
단일,5 미세조정,20,20,63.0,89,18,37580,400.0,5716,43296,1972,20.99,0.283,3.826,30.35,20층 1879㎡(61.9×30.3m)
단일,5 미세조정,20,20,63.0,89,19,37580,400.0,5716,43296,1972,20.99,0.277,3.825,30.35,20층 1879㎡(61.9×30.3m)
단일,5 미세조정,20,20,63.0,89,18,37580,400.0,5652,43232,1971,20.98,0.255,3.821,31.45,20층 1879㎡(59.8×31.4m)
단일,5 미세조정,20,20,63.0,90,26,37580,400.0,5532,43112,1969,20.96,0.286,3.852,34.11,20층 1879㎡(55.1×34.1m)
단일,5 미세조정,20,20,63.0,90,25,37580,400.0,5532,43112,1969,20.96,0.263,3.843,34.11,20층 1879㎡(55.1×34.1m)
단일,5 미세조정,20,20,63.0,90,26,37580,400.0,5501,43081,1969,20.95,0.27,3.841,35.0,20층 1879㎡(53.7×35.0m)
단일,5 미세조정,20,20,63.0,90,27,37580,400.0,5532,43112,1969,20.96,0.276,3.84,34.11,20층 1879㎡(55.1×34.1m)
단일,5 미세조정,20,20,63.0,90,20,37580,400.0,5624,43204,1971,20.98,0.295,3.836,31.99,20층 1879㎡(58.7×32.0m)
단일,5 미세조정,20,20,63.0,90,18,37580,400.0,5721,43301,1972,20.99,0.252,3.836,30.26,20층 1879㎡(62.1×30.3m)
단일,5 미세조정,20,20,63.0,90,26,37580,400.0,5532,43112,1969,20.96,0.277,3.835,34.11,20층 1879㎡(55.1×34.1m)
단일,5 미세조정,20,20,63.0,90,20,37580,400.0,5652,43232,1971,20.98,0.299,3.835,31.45,20층 1879㎡(59.8×31.4m)
단일,5 미세조정,20,20,63.0,90,19,37580,400.0,5532,43112,1969,20.96,0.254,3.834,34.11,20층 1879㎡(55.1×34.1m)
단일,5 미세조정,20,20,63.0,90,18,37580,400.0,5697,43277,1972,20.99,0.29,3.828,30.65,20층 1879㎡(61.3×30.7m)
단일,5 미세조정,20,20,63.0,90,17,37580,400.0,5697,43277,1972,20.99,0.25,3.827,30.65,20층 1879㎡(61.3×30.7m)
단일,5 미세조정,20,20,63.0,90,18,37580,400.0,5830,43410,1974,21.01,0.264,3.823,28.71,20층 1879㎡(65.5×28.7m)
단일,5 미세조정,20,20,63.0,90,18,37580,400.0,5772,43352,1973,21.0,0.272,3.82,29.49,20층 1879㎡(63.7×29.5m)
단일,5 미세조정,20,20,63.0,90,19,37580,400.0,5610,43190,1971,20.97,0.266,3.82,32.26,20층 1879㎡(58.2×32.3m)
단일,5 미세조정,20,20,63.0,90,19,37580,400.0,5697,43277,1972,20.99,0.254,3.818,30.65,20층 1879㎡(61.3×30.7m)
단일,5 미세조정,20,20,63.0,90,17,37580,400.0,5775,43355,1973,21.0,0.259,3.816,29.45,20층 1879㎡(63.8×29.5m)
단일,5 미세조정,20,20,63.0,90,17,37580,400.0,5830,43410,1974,21.01,0.265,3.806,28.71,20층 1879㎡(65.5×28.7m)
단일,5 미세조정,20,20,63.0,91,20,37580,400.0,5532,43112,1969,20.96,0.28,3.85,34.11,20층 1879㎡(55.1×34.1m)
단일,5 미세조정,20,20,63.0,91,21,37580,400.0,5532,43112,1969,20.96,0.252,3.844,34.11,20층 1879㎡(55.1×34.1m)
단일,5 미세조정,20,20,63.0,91,20,37580,400.0,5566,43146,1970,20.97,0.299,3.84,33.25,20층 1879㎡(56.5×33.2m)
단일,5 미세조정,20,20,63.0,91,21,37580,400.0,5716,43296,1972,20.99,0.274,3.839,30.35,20층 1879㎡(61.9×30.3m)
단일,5 미세조정,20,20,63.0,91,18,37580,400.0,5775,43355,1973,21.0,0.258,3.828,29.45,20층 1879㎡(63.8×29.5m)
단일,5 미세조정,20,20,63.0,91,20,37580,400.0,5697,43277,1972,20.99,0.319,3.821,30.65,20층 1879㎡(61.3×30.7m)
단일,5 미세조정,20,20,63.0,91,18,37580,400.0,5716,43296,1972,20.99,0.284,3.817,30.35,20층 1879㎡(61.9×30.3m)
단일,5 미세조정,20,20,63.0,92,28,37580,400.0,5447,43027,1968,20.95,0.272,3.86,37.0,20층 1879㎡(50.8×37.0m)
단일,5 미세조정,20,20,63.0,92,25,37580,400.0,5447,43027,1968,20.95,0.255,3.856,37.0,20층 1879㎡(50.8×37.0m)
단일,5 미세조정,20,20,63.0,92,25,37580,400.0,5572,43152,1970,20.97,0.295,3.835,33.1,20층 1879㎡(56.8×33.1m)
단일,5 미세조정,20,20,63.0,92,23,37580,400.0,5610,43190,1971,20.97,0.301,3.826,32.26,20층 1879㎡(58.2×32.3m)
단일,5 미세조정,20,20,63.0,92,22,37580,400.0,5624,43204,1971,20.98,0.267,3.825,31.99,20층 1879㎡(58.7×32.0m)
단일,5 미세조정,20,20,63.0,92,19,37580,400.0,5624,43204,1971,20.98,0.303,3.823,31.99,20층 1879㎡(58.7×32.0m)
단일,5 미세조정,20,20,63.0,92,20,37580,400.0,5652,43232,1971,20.98,0.3,3.823,31.45,20층 1879㎡(59.8×31.4m)
단일,5 미세조정,20,20,63.0,92,20,37580,400.0,5697,43277,1972,20.99,0.306,3.818,30.65,20층 1879㎡(61.3×30.7m)
단일,5 미세조정,20,20,63.0,92,21,37580,400.0,5624,43204,1971,20.98,0.268,3.816,31.99,20층 1879㎡(58.7×32.0m)
단일,5 미세조정,20,20,63.0,92,21,37580,400.0,5652,43232,1971,20.98,0.272,3.811,31.45,20층 1879㎡(59.8×31.4m)
단일,5 미세조정,20,20,63.0,93,22,37580,400.0,5463,43043,1968,20.95,0.27,3.858,36.31,20층 1879㎡(51.7×36.3m)
단일,5 미세조정,20,20,63.0,93,21,37580,400.0,5489,43069,1968,20.95,0.267,3.858,35.39,20층 1879㎡(53.1×35.4m)
단일,5 미세조정,20,20,63.0,93,21,37580,400.0,5501,43081,1969,20.95,0.283,3.857,35.0,20층 1879㎡(53.7×35.0m)
단일,5 미세조정,20,20,63.0,93,22,37580,400.0,5463,43043,1968,20.95,0.268,3.855,36.31,20층 1879㎡(51.7×36.3m)
단일,5 미세조정,20,20,63.0,93,22,37580,400.0,5566,43146,1970,20.97,0.259,3.855,33.25,20층 1879㎡(56.5×33.2m)
단일,5 미세조정,20,20,63.0,93,20,37580,400.0,5532,43112,1969,20.96,0.273,3.85,34.11,20층 1879㎡(55.1×34.1m)
단일,5 미세조정,20,20,63.0,93,20,37580,400.0,5501,43081,1969,20.95,0.284,3.847,35.0,20층 1879㎡(53.7×35.0m)
단일,5 미세조정,20,20,63.0,93,22,37580,400.0,5610,43190,1971,20.97,0.266,3.845,32.26,20층 1879㎡(58.2×32.3m)
단일,5 미세조정,20,20,63.0,93,20,37580,400.0,5532,43112,1969,20.96,0.29,3.84,34.11,20층 1879㎡(55.1×34.1m)
단일,5 미세조정,20,20,63.0,93,19,37580,400.0,5566,43146,1970,20.97,0.287,3.838,33.25,20층 1879㎡(56.5×33.2m)
단일,5 미세조정,20,20,63.0,93,22,37580,400.0,5566,43146,1970,20.97,0.258,3.838,33.25,20층 1879㎡(56.5×33.2m)
단일,5 미세조정,20,20,63.0,93,19,37580,400.0,5572,43152,1970,20.97,0.288,3.837,33.1,20층 1879㎡(56.8×33.1m)
단일,5 미세조정,20,20,63.0,93,21,37580,400.0,5532,43112,1969,20.96,0.252,3.835,34.11,20층 1879㎡(55.1×34.1m)
단일,5 미세조정,20,20,63.0,93,20,37580,400.0,5716,43296,1972,20.99,0.276,3.835,30.35,20층 1879㎡(61.9×30.3m)
단일,5 미세조정,20,20,63.0,93,20,37580,400.0,5721,43301,1972,20.99,0.277,3.835,30.26,20층 1879㎡(62.1×30.3m)
단일,5 미세조정,20,20,63.0,93,19,37580,400.0,5610,43190,1971,20.97,0.294,3.83,32.26,20층 1879㎡(58.2×32.3m)
단일,5 미세조정,20,20,63.0,93,21,37580,400.0,5566,43146,1970,20.97,0.259,3.829,33.25,20층 1879㎡(56.5×33.2m)
단일,5 미세조정,20,20,63.0,93,19,37580,400.0,5652,43232,1971,20.98,0.28,3.819,31.45,20층 1879㎡(59.8×31.4m)
단일,5 미세조정,20,20,63.0,93,20,37580,400.0,5610,43190,1971,20.97,0.273,3.818,32.26,20층 1879㎡(58.2×32.3m)
단일,5 미세조정,20,20,63.0,93,20,37580,400.0,5716,43296,1972,20.99,0.308,3.816,30.35,20층 1879㎡(61.9×30.3m)
단일,5 미세조정,20,20,63.0,93,20,37580,400.0,5772,43352,1973,21.0,0.328,3.808,29.49,20층 1879㎡(63.7×29.5m)
단일,5 미세조정,20,20,63.0,94,22,37580,400.0,5463,43043,1968,20.95,0.262,3.868,36.31,20층 1879㎡(51.7×36.3m)
단일,5 미세조정,20,20,63.0,94,22,37580,400.0,5501,43081,1969,20.95,0.267,3.856,35.0,20층 1879㎡(53.7×35.0m)
단일,5 미세조정,20,20,63.0,94,23,37580,400.0,5470,43050,1968,20.95,0.255,3.852,36.06,20층 1879㎡(52.1×36.1m)
단일,5 미세조정,20,20,63.0,94,21,37580,400.0,5566,43146,1970,20.97,0.296,3.843,33.25,20층 1879㎡(56.5×33.2m)
단일,5 미세조정,20,20,63.0,94,21,37580,400.0,5566,43146,1970,20.97,0.304,3.841,33.25,20층 1879㎡(56.5×33.2m)
단일,5 미세조정,20,20,63.0,94,22,37580,400.0,5652,43232,1971,20.98,0.271,3.838,31.45,20층 1879㎡(59.8×31.4m)
단일,5 미세조정,20,20,63.0,94,20,37580,400.0,5566,43146,1970,20.97,0.297,3.835,33.25,20층 1879㎡(56.5×33.2m)
단일,5 미세조정,20,20,63.0,94,22,37580,400.0,5674,43254,1972,20.99,0.273,3.835,31.05,20층 1879㎡(60.5×31.0m)
단일,5 미세조정,20,20,63.0,94,20,37580,400.0,5532,43112,1969,20.96,0.261,3.834,34.11,20층 1879㎡(55.1×34.1m)
단일,5 미세조정,20,20,63.0,94,20,37580,400.0,5572,43152,1970,20.97,0.298,3.833,33.1,20층 1879㎡(56.8×33.1m)
단일,5 미세조정,20,20,63.0,94,20,37580,400.0,5669,43249,1971,20.98,0.306,3.814,31.14,20층 1879㎡(60.3×31.1m)
단일,5 미세조정,20,20,63.0,94,20,37580,400.0,5775,43355,1973,21.0,0.315,3.804,29.45,20층 1879㎡(63.8×29.5m)
단일,5 미세조정,20,20,63.0,95,20,37580,400.0,5532,43112,1969,20.96,0.273,3.856,34.11,20층 1879㎡(55.1×34.1m)
단일,5 미세조정,20,20,63.0,95,21,37580,400.0,5532,43112,1969,20.96,0.29,3.85,34.11,20층 1879㎡(55.1×34.1m)
단일,5 미세조정,20,20,63.0,95,21,37580,400.0,5572,43152,1970,20.97,0.291,3.841,33.1,20층 1879㎡(56.8×33.1m)
단일,5 미세조정,20,20,63.0,95,22,37580,400.0,5566,43146,1970,20.97,0.265,3.837,33.25,20층 1879㎡(56.5×33.2m)
단일,5 미세조정,20,20,63.0,95,22,37580,400.0,5584,43164,1970,20.97,0.268,3.833,32.82,20층 1879㎡(57.2×32.8m)
단일,5 미세조정,20,20,63.0,95,22,37580,400.0,5772,43352,1973,21.0,0.28,3.832,29.49,20층 1879㎡(63.7×29.5m)
단일,5 미세조정,20,20,63.0,95,22,37580,400.0,5610,43190,1971,20.97,0.272,3.831,32.26,20층 1879㎡(58.2×32.3m)
단일,5 미세조정,20,20,63.0,95,21,37580,400.0,5566,43146,1970,20.97,0.266,3.828,33.25,20층 1879㎡(56.5×33.2m)
단일,5 미세조정,20,20,63.0,95,21,37580,400.0,5772,43352,1973,21.0,0.301,3.821,29.49,20층 1879㎡(63.7×29.5m)
단일,5 미세조정,20,20,63.0,95,20,37580,400.0,5624,43204,1971,20.98,0.275,3.817,31.99,20층 1879㎡(58.7×32.0m)
단일,5 미세조정,20,20,63.0,95,21,37580,400.0,5775,43355,1973,21.0,0.314,3.815,29.45,20층 1879㎡(63.8×29.5m)
단일,5 미세조정,20,20,63.0,95,19,37580,400.0,5772,43352,1973,21.0,0.261,3.807,29.49,20층 1879㎡(63.7×29.5m)
단일,5 미세조정,20,20,63.0,95,19,37580,400.0,5772,43352,1973,21.0,0.293,3.799,29.49,20층 1879㎡(63.7×29.5m)
단일,5 미세조정,20,20,63.0,96,22,37580,400.0,5532,43112,1969,20.96,0.259,3.843,34.11,20층 1879㎡(55.1×34.1m)
단일,5 미세조정,20,20,63.0,96,21,37580,400.0,5501,43081,1969,20.95,0.253,3.843,35.0,20층 1879㎡(53.7×35.0m)
단일,5 미세조정,20,20,63.0,96,21,37580,400.0,5716,43296,1972,20.99,0.311,3.818,30.35,20층 1879㎡(61.9×30.3m)
단일,5 미세조정,20,20,63.0,96,19,37580,400.0,5772,43352,1973,21.0,0.283,3.816,29.49,20층 1879㎡(63.7×29.5m)
단일,5 미세조정,20,20,63.0,96,19,37580,400.0,5716,43296,1972,20.99,0.275,3.805,30.35,20층 1879㎡(61.9×30.3m)
단일,5 미세조정,20,20,63.0,96,18,37580,400.0,5830,43410,1974,21.01,0.254,3.792,28.71,20층 1879㎡(65.5×28.7m)
단일,5 미세조정,20,20,63.0,97,20,37580,400.0,5584,43164,1970,20.97,0.251,3.857,32.82,20층 1879㎡(57.2×32.8m)
단일,5 미세조정,20,20,63.0,97,21,37580,400.0,5566,43146,1970,20.97,0.268,3.854,33.25,20층 1879㎡(56.5×33.2m)
단일,5 미세조정,20,20,63.0,97,20,37580,400.0,5610,43190,1971,20.97,0.255,3.85,32.26,20층 1879㎡(58.2×32.3m)
단일,5 미세조정,20,20,63.0,97,20,37580,400.0,5624,43204,1971,20.98,0.257,3.848,31.99,20층 1879㎡(58.7×32.0m)
단일,5 미세조정,20,20,63.0,97,20,37580,400.0,5584,43164,1970,20.97,0.282,3.847,32.82,20층 1879㎡(57.2×32.8m)
단일,5 미세조정,20,20,63.0,97,20,37580,400.0,5652,43232,1971,20.98,0.261,3.846,31.45,20층 1879㎡(59.8×31.4m)
단일,1b 층수·세장비,20,20,63.0,97,20,37580,400.0,5697,43277,1972,20.99,0.267,3.839,30.65,20층 1879㎡(61.3×30.7m)
단일,5 미세조정,20,20,63.0,97,22,37580,400.0,5830,43410,1974,21.01,0.277,3.835,28.71,20층 1879㎡(65.5×28.7m)
단일,5 미세조정,20,20,63.0,97,20,37580,400.0,5721,43301,1972,20.99,0.27,3.835,30.26,20층 1879㎡(62.1×30.3m)
단일,5 미세조정,20,20,63.0,97,21,37580,400.0,5532,43112,1969,20.96,0.259,3.834,34.11,20층 1879㎡(55.1×34.1m)
단일,5 미세조정,20,20,63.0,97,22,37580,400.0,5624,43204,1971,20.98,0.274,3.83,31.99,20층 1879㎡(58.7×32.0m)
단일,5 미세조정,20,20,63.0,97,20,37580,400.0,5772,43352,1973,21.0,0.285,3.826,29.49,20층 1879㎡(63.7×29.5m)
단일,5 미세조정,20,20,63.0,97,21,37580,400.0,5674,43254,1972,20.99,0.306,3.822,31.05,20층 1879㎡(60.5×31.0m)
단일,5 미세조정,20,20,63.0,97,21,37580,400.0,5610,43190,1971,20.97,0.273,3.821,32.26,20층 1879㎡(58.2×32.3m)
단일,5 미세조정,20,20,63.0,97,21,37580,400.0,5624,43204,1971,20.98,0.275,3.817,31.99,20층 1879㎡(58.7×32.0m)
단일,5 미세조정,20,20,63.0,97,18,37580,400.0,5772,43352,1973,21.0,0.267,3.816,29.49,20층 1879㎡(63.7×29.5m)
단일,5 미세조정,20,20,63.0,97,19,37580,400.0,5772,43352,1973,21.0,0.274,3.812,29.49,20층 1879㎡(63.7×29.5m)
단일,5 미세조정,20,20,63.0,97,18,37580,400.0,5772,43352,1973,21.0,0.254,3.81,29.49,20층 1879㎡(63.7×29.5m)
단일,5 미세조정,20,20,63.0,97,20,37580,400.0,5652,43232,1971,20.98,0.271,3.808,31.45,20층 1879㎡(59.8×31.4m)
단일,5 미세조정,20,20,63.0,97,21,37580,400.0,5830,43410,1974,21.01,0.32,3.806,28.71,20층 1879㎡(65.5×28.7m)
단일,5 미세조정,20,20,63.0,97,19,37580,400.0,5721,43301,1972,20.99,0.275,3.805,30.26,20층 1879㎡(62.1×30.3m)
단일,5 미세조정,20,20,63.0,97,19,37580,400.0,5772,43352,1973,21.0,0.28,3.796,29.49,20층 1879㎡(63.7×29.5m)
단일,5 미세조정,20,20,63.0,97,20,37580,400.0,5716,43296,1972,20.99,0.254,3.796,30.35,20층 1879㎡(61.9×30.3m)
단일,5 미세조정,20,20,63.0,97,19,37580,400.0,5775,43355,1973,21.0,0.28,3.796,29.45,20층 1879㎡(63.8×29.5m)
단일,5 미세조정,20,20,63.0,98,19,37580,400.0,5610,43190,1971,20.97,0.256,3.844,32.26,20층 1879㎡(58.2×32.3m)
단일,5 미세조정,20,20,63.0,98,19,37580,400.0,5624,43204,1971,20.98,0.258,3.843,31.99,20층 1879㎡(58.7×32.0m)
단일,5 미세조정,20,20,63.0,98,20,37580,400.0,5566,43146,1970,20.97,0.28,3.842,33.25,20층 1879㎡(56.5×33.2m)
단일,5 미세조정,20,20,63.0,98,20,37580,400.0,5572,43152,1970,20.97,0.281,3.842,33.1,20층 1879㎡(56.8×33.1m)
단일,5 미세조정,20,20,63.0,98,22,37580,400.0,5716,43296,1972,20.99,0.267,3.839,30.35,20층 1879㎡(61.9×30.3m)
단일,5 미세조정,20,20,63.0,98,19,37580,400.0,5652,43232,1971,20.98,0.262,3.836,31.45,20층 1879㎡(59.8×31.4m)
단일,5 미세조정,20,20,63.0,98,19,37580,400.0,5775,43355,1973,21.0,0.251,3.835,29.45,20층 1879㎡(63.8×29.5m)
단일,5 미세조정,20,20,63.0,98,19,37580,400.0,5830,43410,1974,21.01,0.257,3.831,28.71,20층 1879㎡(65.5×28.7m)
단일,5 미세조정,20,20,63.0,98,19,37580,400.0,5697,43277,1972,20.99,0.268,3.829,30.65,20층 1879㎡(61.3×30.7m)
단일,1b 층수·세장비,20,20,63.0,98,19,37580,400.0,5697,43277,1972,20.99,0.259,3.826,30.65,20층 1879㎡(61.3×30.7m)
단일,5 미세조정,20,20,63.0,98,21,37580,400.0,5772,43352,1973,21.0,0.294,3.826,29.49,20층 1879㎡(63.7×29.5m)
단일,5 미세조정,20,20,63.0,98,19,37580,400.0,5716,43296,1972,20.99,0.27,3.825,30.35,20층 1879㎡(61.9×30.3m)
단일,5 미세조정,20,20,63.0,98,22,37580,400.0,5669,43249,1971,20.98,0.274,3.815,31.14,20층 1879㎡(60.3×31.1m)
단일,5 미세조정,20,20,63.0,98,19,37580,400.0,5830,43410,1974,21.01,0.258,3.813,28.71,20층 1879㎡(65.5×28.7m)
단일,5 미세조정,20,20,63.0,98,20,37580,400.0,5721,43301,1972,20.99,0.312,3.801,30.26,20층 1879㎡(62.1×30.3m)
단일,5 미세조정,20,20,63.0,98,20,37580,400.0,5721,43301,1972,20.99,0.254,3.794,30.26,20층 1879㎡(62.1×30.3m)
단일,5 미세조정,20,20,63.0,99,21,37580,400.0,5610,43190,1971,20.97,0.255,3.855,32.26,20층 1879㎡(58.2×32.3m)
단일,5 미세조정,20,20,63.0,99,21,37580,400.0,5624,43204,1971,20.98,0.257,3.853,31.99,20층 1879㎡(58.7×32.0m)
단일,5 미세조정,20,20,63.0,99,24,37580,400.0,5697,43277,1972,20.99,0.252,3.852,30.65,20층 1879㎡(61.3×30.7m)
단일,5 미세조정,20,20,63.0,99,24,37580,400.0,5716,43296,1972,20.99,0.254,3.851,30.35,20층 1879㎡(61.9×30.3m)
단일,5 미세조정,20,20,63.0,99,22,37580,400.0,5566,43146,1970,20.97,0.273,3.85,33.25,20층 1879㎡(56.5×33.2m)
단일,5 미세조정,20,20,63.0,99,22,37580,400.0,5610,43190,1971,20.97,0.272,3.845,32.26,20층 1879㎡(58.2×32.3m)
단일,5 미세조정,20,20,63.0,99,18,37580,400.0,5772,43352,1973,21.0,0.253,3.839,29.49,20층 1879㎡(63.7×29.5m)
단일,5 미세조정,20,20,63.0,99,21,37580,400.0,5697,43277,1972,20.99,0.286,3.834,30.65,20층 1879㎡(61.3×30.7m)
단일,5 미세조정,20,20,63.0,99,21,37580,400.0,5674,43254,1972,20.99,0.295,3.834,31.05,20층 1879㎡(60.5×31.0m)
단일,5 미세조정,20,20,63.0,99,20,37580,400.0,5610,43190,1971,20.97,0.287,3.834,32.26,20층 1879㎡(58.2×32.3m)
단일,1b 층수·세장비,20,20,63.0,99,20,37580,400.0,5697,43277,1972,20.99,0.281,3.833,30.65,20층 1879㎡(61.3×30.7m)
단일,5 미세조정,20,20,63.0,99,21,37580,400.0,5697,43277,1972,20.99,0.298,3.831,30.65,20층 1879㎡(61.3×30.7m)
단일,5 미세조정,20,20,63.0,99,21,37580,400.0,5716,43296,1972,20.99,0.301,3.829,30.35,20층 1879㎡(61.9×30.3m)
단일,5 미세조정,20,20,63.0,99,21,37580,400.0,5721,43301,1972,20.99,0.301,3.828,30.26,20층 1879㎡(62.1×30.3m)
단일,5 미세조정,20,20,63.0,99,20,37580,400.0,5772,43352,1973,21.0,0.282,3.827,29.49,20층 1879㎡(63.7×29.5m)
단일,5 미세조정,20,20,63.0,99,20,37580,400.0,5775,43355,1973,21.0,0.283,3.827,29.45,20층 1879㎡(63.8×29.5m)
단일,5 미세조정,20,20,63.0,99,19,37580,400.0,5610,43190,1971,20.97,0.256,3.825,32.26,20층 1879㎡(58.2×32.3m)
단일,5 미세조정,20,20,63.0,100,22,37580,400.0,5566,43146,1970,20.97,0.261,3.859,33.25,20층 1879㎡(56.5×33.2m)
단일,5 미세조정,20,20,63.0,100,22,37580,400.0,5566,43146,1970,20.97,0.272,3.856,33.25,20층 1879㎡(56.5×33.2m)
단일,5 미세조정,20,20,63.0,100,22,37580,400.0,5470,43050,1968,20.95,0.283,3.856,36.06,20층 1879㎡(52.1×36.1m)
단일,5 미세조정,20,20,63.0,100,24,37580,400.0,5674,43254,1972,20.99,0.25,3.856,31.05,20층 1879㎡(60.5×31.0m)
단일,5 미세조정,20,20,63.0,100,22,37580,400.0,5572,43152,1970,20.97,0.273,3.854,33.1,20층 1879㎡(56.8×33.1m)
단일,5 미세조정,20,20,63.0,100,21,37580,400.0,5566,43146,1970,20.97,0.28,3.851,33.25,20층 1879㎡(56.5×33.2m)
단일,5 미세조정,20,20,63.0,100,24,37580,400.0,5721,43301,1972,20.99,0.254,3.851,30.26,20층 1879㎡(62.1×30.3m)
단일,5 미세조정,20,20,63.0,100,21,37580,400.0,5624,43204,1971,20.98,0.25,3.851,31.99,20층 1879㎡(58.7×32.0m)
단일,5 미세조정,20,20,63.0,100,21,37580,400.0,5584,43164,1970,20.97,0.299,3.841,32.82,20층 1879㎡(57.2×32.8m)
단일,5 미세조정,20,20,63.0,100,25,37580,400.0,5888,43468,1975,21.02,0.265,3.834,27.98,20층 1879㎡(67.2×28.0m)
단일,5 미세조정,20,20,63.0,100,21,37580,400.0,5624,43204,1971,20.98,0.282,3.834,31.99,20층 1879㎡(58.7×32.0m)
단일,5 미세조정,20,20,63.0,100,21,37580,400.0,5652,43232,1971,20.98,0.278,3.827,31.45,20층 1879㎡(59.8×31.4m)
단일,5 미세조정,20,20,63.0,100,20,37580,400.0,5624,43204,1971,20.98,0.306,3.824,31.99,20층 1879㎡(58.7×32.0m)
단일,5 미세조정,20,20,63.0,100,22,37580,400.0,5669,43249,1971,20.98,0.25,3.808,31.14,20층 1879㎡(60.3×31.1m)
단일,5 미세조정,20,20,63.0,101,25,37580,400.0,5420,43000,1967,20.94,0.266,3.872,38.39,20층 1879㎡(48.9×38.4m)
단일,5 미세조정,20,20,63.0,101,22,37580,400.0,5501,43081,1969,20.95,0.291,3.849,35.0,20층 1879㎡(53.7×35.0m)
단일,5 미세조정,20,20,63.0,101,21,37580,400.0,5566,43146,1970,20.97,0.285,3.848,33.25,20층 1879㎡(56.5×33.2m)
단일,5 미세조정,20,20,63.0,101,25,37580,400.0,5772,43352,1973,21.0,0.258,3.847,29.49,20층 1879㎡(63.7×29.5m)
단일,5 미세조정,20,20,63.0,101,23,37580,400.0,5501,43081,1969,20.95,0.259,3.843,35.0,20층 1879㎡(53.7×35.0m)
단일,5 미세조정,20,20,63.0,101,21,37580,400.0,5652,43232,1971,20.98,0.293,3.837,31.45,20층 1879㎡(59.8×31.4m)
단일,5 미세조정,20,20,63.0,101,23,37580,400.0,5532,43112,1969,20.96,0.266,3.837,34.11,20층 1879㎡(55.1×34.1m)
단일,5 미세조정,20,20,63.0,101,20,37580,400.0,5652,43232,1971,20.98,0.301,3.834,31.45,20층 1879㎡(59.8×31.4m)
단일,5 미세조정,20,20,63.0,101,21,37580,400.0,5674,43254,1972,20.99,0.258,3.834,31.05,20층 1879㎡(60.5×31.0m)
단일,5 미세조정,20,20,63.0,101,20,37580,400.0,5772,43352,1973,21.0,0.262,3.833,29.49,20층 1879㎡(63.7×29.5m)
단일,5 미세조정,20,20,63.0,101,21,37580,400.0,5566,43146,1970,20.97,0.265,3.833,33.25,20층 1879㎡(56.5×33.2m)
단일,5 미세조정,20,20,63.0,101,21,37580,400.0,5830,43410,1974,21.01,0.253,3.833,28.71,20층 1879㎡(65.5×28.7m)
단일,5 미세조정,20,20,63.0,101,24,37580,400.0,5772,43352,1973,21.0,0.29,3.83,29.49,20층 1879㎡(63.7×29.5m)
단일,5 미세조정,20,20,63.0,101,24,37580,400.0,5775,43355,1973,21.0,0.29,3.83,29.45,20층 1879㎡(63.8×29.5m)
단일,5 미세조정,20,20,63.0,101,21,37580,400.0,5888,43468,1975,21.02,0.266,3.824,27.98,20층 1879㎡(67.2×28.0m)
단일,5 미세조정,20,20,63.0,101,19,37580,400.0,5624,43204,1971,20.98,0.258,3.823,31.99,20층 1879㎡(58.7×32.0m)
단일,5 미세조정,20,20,63.0,101,19,37580,400.0,5830,43410,1974,21.01,0.281,3.822,28.71,20층 1879㎡(65.5×28.7m)
단일,5 미세조정,20,20,63.0,101,19,37580,400.0,5652,43232,1971,20.98,0.273,3.821,31.45,20층 1879㎡(59.8×31.4m)
단일,5 미세조정,20,20,63.0,101,19,37580,400.0,5652,43232,1971,20.98,0.261,3.817,31.45,20층 1879㎡(59.8×31.4m)
단일,5 미세조정,20,20,63.0,101,20,37580,400.0,5697,43277,1972,20.99,0.251,3.812,30.65,20층 1879㎡(61.3×30.7m)
단일,5 미세조정,20,20,63.0,101,18,37580,400.0,5888,43468,1975,21.02,0.296,3.787,27.98,20층 1879㎡(67.2×28.0m)
단일,5 미세조정,20,20,63.0,102,22,37580,400.0,5501,43081,1969,20.95,0.259,3.865,35.0,20층 1879㎡(53.7×35.0m)
단일,5 미세조정,20,20,63.0,102,21,37580,400.0,5624,43204,1971,20.98,0.25,3.857,31.99,20층 1879㎡(58.7×32.0m)
단일,5 미세조정,20,20,63.0,102,23,37580,400.0,5501,43081,1969,20.95,0.26,3.857,35.0,20층 1879㎡(53.7×35.0m)
단일,5 미세조정,20,20,63.0,102,24,37580,400.0,5697,43277,1972,20.99,0.259,3.855,30.65,20층 1879㎡(61.3×30.7m)
단일,1b 층수·세장비,20,20,63.0,102,25,37580,400.0,5489,43069,1968,20.95,0.26,3.851,35.39,20층 1879㎡(53.1×35.4m)
단일,5 미세조정,20,20,63.0,102,22,37580,400.0,5624,43204,1971,20.98,0.281,3.849,31.99,20층 1879㎡(58.7×32.0m)
단일,5 미세조정,20,20,63.0,102,20,37580,400.0,5610,43190,1971,20.97,0.286,3.842,32.26,20층 1879㎡(58.2×32.3m)
단일,5 미세조정,20,20,63.0,102,21,37580,400.0,5610,43190,1971,20.97,0.304,3.836,32.26,20층 1879㎡(58.2×32.3m)
단일,5 미세조정,20,20,63.0,102,24,37580,400.0,5772,43352,1973,21.0,0.278,3.833,29.49,20층 1879㎡(63.7×29.5m)
단일,5 미세조정,20,20,63.0,102,21,37580,400.0,5652,43232,1971,20.98,0.31,3.828,31.45,20층 1879㎡(59.8×31.4m)
단일,5 미세조정,20,20,63.0,102,22,37580,400.0,5652,43232,1971,20.98,0.278,3.825,31.45,20층 1879㎡(59.8×31.4m)
단일,5 미세조정,20,20,63.0,102,20,37580,400.0,5652,43232,1971,20.98,0.31,3.82,31.45,20층 1879㎡(59.8×31.4m)
단일,5 미세조정,20,20,63.0,102,20,37580,400.0,5669,43249,1971,20.98,0.313,3.818,31.14,20층 1879㎡(60.3×31.1m)
단일,5 미세조정,20,20,63.0,102,20,37580,400.0,5697,43277,1972,20.99,0.299,3.817,30.65,20층 1879㎡(61.3×30.7m)
단일,5 미세조정,20,20,63.0,102,20,37580,400.0,5652,43232,1971,20.98,0.302,3.814,31.45,20층 1879㎡(59.8×31.4m)
단일,5 미세조정,20,20,63.0,102,20,37580,400.0,5721,43301,1972,20.99,0.302,3.814,30.26,20층 1879㎡(62.1×30.3m)
단일,5 미세조정,20,20,63.0,102,21,37580,400.0,5697,43277,1972,20.99,0.316,3.813,30.65,20층 1879㎡(61.3×30.7m)
단일,5 미세조정,20,20,63.0,102,20,37580,400.0,5716,43296,1972,20.99,0.285,3.799,30.35,20층 1879㎡(61.9×30.3m)
단일,5 미세조정,20,20,63.0,102,20,37580,400.0,5721,43301,1972,20.99,0.286,3.797,30.26,20층 1879㎡(62.1×30.3m)
단일,5 미세조정,20,20,63.0,102,20,37580,400.0,5888,43468,1975,21.02,0.34,3.791,27.98,20층 1879㎡(67.2×28.0m)
단일,5 미세조정,20,20,63.0,102,18,37580,400.0,5888,43468,1975,21.02,0.258,3.783,27.98,20층 1879㎡(67.2×28.0m)
단일,5 미세조정,20,20,63.0,102,19,37580,400.0,5772,43352,1973,21.0,0.251,3.779,29.49,20층 1879㎡(63.7×29.5m)
단일,5 미세조정,20,20,63.0,103,24,37580,400.0,5470,43050,1968,20.95,0.251,3.854,36.06,20층 1879㎡(52.1×36.1m)
단일,5 미세조정,20,20,63.0,103,20,37580,400.0,5652,43232,1971,20.98,0.261,3.851,31.45,20층 1879㎡(59.8×31.4m)
단일,5 미세조정,20,20,63.0,103,24,37580,400.0,5652,43232,1971,20.98,0.266,3.848,31.45,20층 1879㎡(59.8×31.4m)
단일,5 미세조정,20,20,63.0,103,20,37580,400.0,5652,43232,1971,20.98,0.273,3.846,31.45,20층 1879㎡(59.8×31.4m)
단일,5 미세조정,20,20,63.0,103,20,37580,400.0,5674,43254,1972,20.99,0.289,3.84,31.05,20층 1879㎡(60.5×31.0m)
단일,5 미세조정,20,20,63.0,103,23,37580,400.0,5721,43301,1972,20.99,0.285,3.833,30.26,20층 1879㎡(62.1×30.3m)
단일,5 미세조정,20,20,63.0,103,21,37580,400.0,5888,43468,1975,21.02,0.282,3.826,27.98,20층 1879㎡(67.2×28.0m)
단일,5 미세조정,20,20,63.0,103,19,37580,400.0,5697,43277,1972,20.99,0.292,3.826,30.65,20층 1879㎡(61.3×30.7m)
단일,5 미세조정,20,20,63.0,103,21,37580,400.0,5652,43232,1971,20.98,0.323,3.823,31.45,20층 1879㎡(59.8×31.4m)
단일,5 미세조정,20,20,63.0,103,20,37580,400.0,5669,43249,1971,20.98,0.295,3.821,31.14,20층 1879㎡(60.3×31.1m)
단일,5 미세조정,20,20,63.0,103,18,37580,400.0,5830,43410,1974,21.01,0.282,3.81,28.71,20층 1879㎡(65.5×28.7m)
단일,5 미세조정,20,20,63.0,103,20,37580,400.0,5669,43249,1971,20.98,0.28,3.806,31.14,20층 1879㎡(60.3×31.1m)
단일,5 미세조정,20,20,63.0,103,21,37580,400.0,5888,43468,1975,21.02,0.335,3.799,27.98,20층 1879㎡(67.2×28.0m)
단일,5 미세조정,20,20,63.0,103,19,37580,400.0,5697,43277,1972,20.99,0.264,3.795,30.65,20층 1879㎡(61.3×30.7m)
단일,5 미세조정,20,20,63.0,103,19,37580,400.0,5888,43468,1975,21.02,0.294,3.794,27.98,20층 1879㎡(67.2×28.0m)
단일,5 미세조정,20,20,63.0,103,18,37580,400.0,5888,43468,1975,21.02,0.251,3.791,27.98,20층 1879㎡(67.2×28.0m)
단일,5 미세조정,20,20,63.0,103,18,37580,400.0,5888,43468,1975,21.02,0.271,3.789,27.98,20층 1879㎡(67.2×28.0m)
단일,1b 층수·세장비,20,20,63.0,103,18,37580,400.0,5937,43517,1976,21.03,0.259,3.786,27.42,20층 1879㎡(68.5×27.4m)
단일,5 미세조정,20,20,63.0,103,19,37580,400.0,5772,43352,1973,21.0,0.27,3.785,29.49,20층 1879㎡(63.7×29.5m)
단일,5 미세조정,20,20,63.0,103,20,37580,400.0,5775,43355,1973,21.0,0.259,3.784,29.45,20층 1879㎡(63.8×29.5m)
단일,5 미세조정,20,20,63.0,104,23,37580,400.0,5463,43043,1968,20.95,0.255,3.874,36.31,20층 1879㎡(51.7×36.3m)
단일,5 미세조정,20,20,63.0,104,21,37580,400.0,5652,43232,1971,20.98,0.254,3.85,31.45,20층 1879㎡(59.8×31.4m)
단일,5 미세조정,20,20,63.0,104,21,37580,400.0,5674,43254,1972,20.99,0.257,3.848,31.05,20층 1879㎡(60.5×31.0m)
단일,5 미세조정,20,20,63.0,104,21,37580,400.0,5566,43146,1970,20.97,0.273,3.842,33.25,20층 1879㎡(56.5×33.2m)
단일,5 미세조정,20,20,63.0,104,23,37580,400.0,5652,43232,1971,20.98,0.278,3.841,31.45,20층 1879㎡(59.8×31.4m)
단일,5 미세조정,20,20,63.0,104,23,37580,400.0,5674,43254,1972,20.99,0.28,3.839,31.05,20층 1879㎡(60.5×31.0m)
단일,5 미세조정,20,20,63.0,104,21,37580,400.0,5674,43254,1972,20.99,0.289,3.829,31.05,20층 1879㎡(60.5×31.0m)
단일,5 미세조정,20,20,63.0,104,20,37580,400.0,5652,43232,1971,20.98,0.293,3.824,31.45,20층 1879㎡(59.8×31.4m)
단일,5 미세조정,20,20,63.0,104,21,37580,400.0,5697,43277,1972,20.99,0.284,3.822,30.65,20층 1879㎡(61.3×30.7m)
단일,5 미세조정,20,20,63.0,104,18,37580,400.0,5888,43468,1975,21.02,0.27,3.819,27.98,20층 1879㎡(67.2×28.0m)
단일,5 미세조정,20,20,63.0,104,21,37580,400.0,5772,43352,1973,21.0,0.333,3.814,29.49,20층 1879㎡(63.7×29.5m)
단일,5 미세조정,20,20,63.0,104,22,37580,400.0,5830,43410,1974,21.01,0.33,3.809,28.71,20층 1879㎡(65.5×28.7m)
단일,5 미세조정,20,20,63.0,104,20,37580,400.0,5888,43468,1975,21.02,0.327,3.805,27.98,20층 1879㎡(67.2×28.0m)
단일,5 미세조정,20,20,63.0,104,21,37580,400.0,5716,43296,1972,20.99,0.287,3.805,30.35,20층 1879㎡(61.9×30.3m)
단일,5 미세조정,20,20,63.0,104,19,37580,400.0,5888,43468,1975,21.02,0.333,3.798,27.98,20층 1879㎡(67.2×28.0m)
단일,5 미세조정,20,20,63.0,104,21,37580,400.0,5775,43355,1973,21.0,0.294,3.796,29.45,20층 1879㎡(63.8×29.5m)
단일,5 미세조정,20,20,63.0,104,18,37580,400.0,5888,43468,1975,21.02,0.282,3.782,27.98,20층 1879㎡(67.2×28.0m)
단일,5 미세조정,20,20,63.0,105,22,37580,400.0,5470,43050,1968,20.95,0.251,3.872,36.06,20층 1879㎡(52.1×36.1m)
단일,5 미세조정,20,20,63.0,105,24,37580,400.0,5463,43043,1968,20.95,0.256,3.871,36.31,20층 1879㎡(51.7×36.3m)
단일,5 미세조정,20,20,63.0,105,23,37580,400.0,5489,43069,1968,20.95,0.262,3.868,35.39,20층 1879㎡(53.1×35.4m)
단일,5 미세조정,20,20,63.0,105,23,37580,400.0,5697,43277,1972,20.99,0.278,3.849,30.65,20층 1879㎡(61.3×30.7m)
단일,5 미세조정,20,20,63.0,105,21,37580,400.0,5652,43232,1971,20.98,0.299,3.836,31.45,20층 1879㎡(59.8×31.4m)
단일,5 미세조정,20,20,63.0,105,22,37580,400.0,5566,43146,1970,20.97,0.279,3.834,33.25,20층 1879㎡(56.5×33.2m)
단일,5 미세조정,20,20,63.0,105,23,37580,400.0,5566,43146,1970,20.97,0.272,3.832,33.25,20층 1879㎡(56.5×33.2m)
단일,5 미세조정,20,20,63.0,105,23,37580,400.0,5566,43146,1970,20.97,0.26,3.83,33.25,20층 1879㎡(56.5×33.2m)
단일,5 미세조정,20,20,63.0,105,20,37580,400.0,5652,43232,1971,20.98,0.317,3.825,31.45,20층 1879㎡(59.8×31.4m)
단일,5 미세조정,20,20,63.0,105,21,37580,400.0,5624,43204,1971,20.98,0.251,3.825,31.99,20층 1879㎡(58.7×32.0m)
단일,5 미세조정,20,20,63.0,105,22,37580,400.0,5669,43249,1971,20.98,0.281,3.823,31.14,20층 1879㎡(60.3×31.1m)
단일,5 미세조정,20,20,63.0,105,20,37580,400.0,5697,43277,1972,20.99,0.336,3.822,30.65,20층 1879㎡(61.3×30.7m)
단일,5 미세조정,20,20,63.0,105,21,37580,400.0,5721,43301,1972,20.99,0.318,3.821,30.26,20층 1879㎡(62.1×30.3m)
단일,5 미세조정,20,20,63.0,105,22,37580,400.0,5716,43296,1972,20.99,0.286,3.818,30.35,20층 1879㎡(61.9×30.3m)
단일,5 미세조정,20,20,63.0,105,22,37580,400.0,5721,43301,1972,20.99,0.287,3.817,30.26,20층 1879㎡(62.1×30.3m)
단일,5 미세조정,20,20,63.0,105,18,37580,400.0,5888,43468,1975,21.02,0.256,3.814,27.98,20층 1879㎡(67.2×28.0m)
단일,5 미세조정,20,20,63.0,105,19,37580,400.0,5697,43277,1972,20.99,0.29,3.807,30.65,20층 1879㎡(61.3×30.7m)
단일,5 미세조정,20,20,63.0,105,19,37580,400.0,5697,43277,1972,20.99,0.282,3.804,30.65,20층 1879㎡(61.3×30.7m)
단일,5 미세조정,20,20,63.0,105,19,37580,400.0,5772,43352,1973,21.0,0.289,3.789,29.49,20층 1879㎡(63.7×29.5m)
단일,5 미세조정,20,20,63.0,106,24,37580,400.0,5470,43050,1968,20.95,0.254,3.869,36.06,20층 1879㎡(52.1×36.1m)
단일,5 미세조정,20,20,63.0,106,24,37580,400.0,5608,43188,1970,20.97,0.256,3.854,32.31,20층 1879㎡(58.2×32.3m)
단일,5 미세조정,20,20,63.0,106,21,37580,400.0,5674,43254,1972,20.99,0.256,3.851,31.05,20층 1879㎡(60.5×31.0m)
단일,5 미세조정,20,20,63.0,106,20,37580,400.0,5566,43146,1970,20.97,0.303,3.846,33.25,20층 1879㎡(56.5×33.2m)
단일,5 미세조정,20,20,63.0,106,20,37580,400.0,5572,43152,1970,20.97,0.304,3.846,33.1,20층 1879㎡(56.8×33.1m)
단일,5 미세조정,20,20,63.0,106,23,37580,400.0,5532,43112,1969,20.96,0.265,3.844,34.11,20층 1879㎡(55.1×34.1m)
단일,5 미세조정,20,20,63.0,106,19,37580,400.0,5716,43296,1972,20.99,0.262,3.842,30.35,20층 1879㎡(61.9×30.3m)
단일,5 미세조정,20,20,63.0,106,20,37580,400.0,5610,43190,1971,20.97,0.311,3.842,32.26,20층 1879㎡(58.2×32.3m)
단일,5 미세조정,20,20,63.0,106,23,37580,400.0,5652,43232,1971,20.98,0.253,3.841,31.45,20층 1879㎡(59.8×31.4m)
단일,5 미세조정,20,20,63.0,106,23,37580,400.0,5566,43146,1970,20.97,0.272,3.84,33.25,20층 1879㎡(56.5×33.2m)
단일,5 미세조정,20,20,63.0,106,22,37580,400.0,5608,43188,1970,20.97,0.296,3.839,32.31,20층 1879㎡(58.2×32.3m)
단일,5 미세조정,20,20,63.0,106,24,37580,400.0,5674,43254,1972,20.99,0.256,3.839,31.05,20층 1879㎡(60.5×31.0m)
단일,5 미세조정,20,20,63.0,106,18,37580,400.0,5772,43352,1973,21.0,0.269,3.838,29.49,20층 1879㎡(63.7×29.5m)
단일,5 미세조정,20,20,63.0,106,18,37580,400.0,5775,43355,1973,21.0,0.269,3.838,29.45,20층 1879㎡(63.8×29.5m)
단일,5 미세조정,20,20,63.0,106,22,37580,400.0,5572,43152,1970,20.97,0.273,3.838,33.1,20층 1879㎡(56.8×33.1m)
단일,5 미세조정,20,20,63.0,106,21,37580,400.0,5572,43152,1970,20.97,0.305,3.835,33.1,20층 1879㎡(56.8×33.1m)
단일,5 미세조정,20,20,63.0,106,20,37580,400.0,5652,43232,1971,20.98,0.325,3.833,31.45,20층 1879㎡(59.8×31.4m)
단일,5 미세조정,20,20,63.0,106,24,37580,400.0,5716,43296,1972,20.99,0.26,3.832,30.35,20층 1879㎡(61.9×30.3m)
단일,5 미세조정,20,20,63.0,106,21,37580,400.0,5566,43146,1970,20.97,0.273,3.832,33.25,20층 1879㎡(56.5×33.2m)
단일,5 미세조정,20,20,63.0,106,22,37580,400.0,5608,43188,1970,20.97,0.305,3.83,32.31,20층 1879㎡(58.2×32.3m)
단일,5 미세조정,20,20,63.0,106,20,37580,400.0,5624,43204,1971,20.98,0.313,3.829,31.99,20층 1879㎡(58.7×32.0m)
단일,5 미세조정,20,20,63.0,106,21,37580,400.0,5566,43146,1970,20.97,0.274,3.828,33.25,20층 1879㎡(56.5×33.2m)
단일,5 미세조정,20,20,63.0,106,20,37580,400.0,5610,43190,1971,20.97,0.28,3.826,32.26,20층 1879㎡(58.2×32.3m)
단일,5 미세조정,20,20,63.0,106,21,37580,400.0,5608,43188,1970,20.97,0.274,3.823,32.31,20층 1879㎡(58.2×32.3m)
단일,5 미세조정,20,20,63.0,106,21,37580,400.0,5716,43296,1972,20.99,0.318,3.821,30.35,20층 1879㎡(61.9×30.3m)
단일,5 미세조정,20,20,63.0,106,21,37580,400.0,5652,43232,1971,20.98,0.299,3.818,31.45,20층 1879㎡(59.8×31.4m)
단일,5 미세조정,20,20,63.0,106,20,37580,400.0,5652,43232,1971,20.98,0.286,3.818,31.45,20층 1879㎡(59.8×31.4m)
단일,5 미세조정,20,20,63.0,106,21,37580,400.0,5716,43296,1972,20.99,0.261,3.81,30.35,20층 1879㎡(61.9×30.3m)
단일,5 미세조정,20,20,63.0,106,25,37580,400.0,5716,43296,1972,20.99,0.255,3.809,30.35,20층 1879㎡(61.9×30.3m)
단일,5 미세조정,20,20,63.0,106,20,37580,400.0,5697,43277,1972,20.99,0.283,3.808,30.65,20층 1879㎡(61.3×30.7m)
단일,5 미세조정,20,20,63.0,106,20,37580,400.0,5674,43254,1972,20.99,0.256,3.804,31.05,20층 1879㎡(60.5×31.0m)
단일,5 미세조정,20,20,63.0,106,20,37580,400.0,5697,43277,1972,20.99,0.259,3.801,30.65,20층 1879㎡(61.3×30.7m)
단일,5 미세조정,20,20,63.0,106,19,37580,400.0,5772,43352,1973,21.0,0.253,3.791,29.49,20층 1879㎡(63.7×29.5m)
단일,1b 층수·세장비,20,20,63.0,107,25,37580,400.0,5489,43069,1968,20.95,0.277,3.856,35.39,20층 1879㎡(53.1×35.4m)
단일,5 미세조정,20,20,63.0,107,23,37580,400.0,5652,43232,1971,20.98,0.273,3.854,31.45,20층 1879㎡(59.8×31.4m)
단일,5 미세조정,20,20,63.0,107,24,37580,400.0,5775,43355,1973,21.0,0.265,3.849,29.45,20층 1879㎡(63.8×29.5m)
단일,5 미세조정,20,20,63.0,107,24,37580,400.0,5772,43352,1973,21.0,0.265,3.848,29.49,20층 1879㎡(63.7×29.5m)
단일,5 미세조정,20,20,63.0,107,23,37580,400.0,5697,43277,1972,20.99,0.29,3.845,30.65,20층 1879㎡(61.3×30.7m)
단일,5 미세조정,20,20,63.0,107,23,37580,400.0,5716,43296,1972,20.99,0.292,3.841,30.35,20층 1879㎡(61.9×30.3m)
단일,5 미세조정,20,20,63.0,107,25,37580,400.0,5566,43146,1970,20.97,0.255,3.837,33.25,20층 1879㎡(56.5×33.2m)
단일,5 미세조정,20,20,63.0,107,20,37580,400.0,5697,43277,1972,20.99,0.331,3.826,30.65,20층 1879㎡(61.3×30.7m)
단일,1b 층수·세장비,20,20,63.0,107,20,37580,400.0,5937,43517,1976,21.03,0.267,3.823,27.42,20층 1879㎡(68.5×27.4m)
단일,5 미세조정,20,20,63.0,107,21,37580,400.0,5775,43355,1973,21.0,0.331,3.817,29.45,20층 1879㎡(63.8×29.5m)
단일,5 미세조정,20,20,63.0,107,21,37580,400.0,5697,43277,1972,20.99,0.305,3.813,30.65,20층 1879㎡(61.3×30.7m)
단일,5 미세조정,20,20,63.0,107,20,37580,400.0,5697,43277,1972,20.99,0.292,3.809,30.65,20층 1879㎡(61.3×30.7m)
단일,5 미세조정,20,20,63.0,107,25,37580,400.0,5721,43301,1972,20.99,0.256,3.809,30.26,20층 1879㎡(62.1×30.3m)
단일,5 미세조정,20,20,63.0,107,21,37580,400.0,5721,43301,1972,20.99,0.319,3.808,30.26,20층 1879㎡(62.1×30.3m)
단일,5 미세조정,20,20,63.0,107,19,37580,400.0,5697,43277,1972,20.99,0.266,3.807,30.65,20층 1879㎡(61.3×30.7m)
단일,5 미세조정,20,20,63.0,107,20,37580,400.0,5716,43296,1972,20.99,0.294,3.806,30.35,20층 1879㎡(61.9×30.3m)
단일,1b 층수·세장비,20,20,63.0,107,19,37580,400.0,5937,43517,1976,21.03,0.306,3.801,27.42,20층 1879㎡(68.5×27.4m)
단일,5 미세조정,20,20,63.0,107,21,37580,400.0,5775,43355,1973,21.0,0.301,3.796,29.45,20층 1879㎡(63.8×29.5m)
단일,5 미세조정,20,20,63.0,107,19,37580,400.0,5830,43410,1974,21.01,0.295,3.781,28.71,20층 1879㎡(65.5×28.7m)
단일,5 미세조정,20,20,63.0,108,23,37580,400.0,5652,43232,1971,20.98,0.256,3.857,31.45,20층 1879㎡(59.8×31.4m)
단일,1b 층수·세장비,20,20,63.0,108,25,37580,400.0,5489,43069,1968,20.95,0.296,3.855,35.39,20층 1879㎡(53.1×35.4m)
단일,5 미세조정,20,20,63.0,108,21,37580,400.0,5652,43232,1971,20.98,0.279,3.848,31.45,20층 1879㎡(59.8×31.4m)
단일,5 미세조정,20,20,63.0,108,22,37580,400.0,5652,43232,1971,20.98,0.287,3.846,31.45,20층 1879㎡(59.8×31.4m)
단일,5 미세조정,20,20,63.0,108,22,37580,400.0,5566,43146,1970,20.97,0.297,3.843,33.25,20층 1879㎡(56.5×33.2m)
단일,5 미세조정,20,20,63.0,108,20,37580,400.0,5697,43277,1972,20.99,0.279,3.839,30.65,20층 1879㎡(61.3×30.7m)
단일,5 미세조정,20,20,63.0,108,24,37580,400.0,5534,43114,1969,20.96,0.269,3.838,34.06,20층 1879㎡(55.2×34.1m)
단일,5 미세조정,20,20,63.0,108,23,37580,400.0,5652,43232,1971,20.98,0.273,3.835,31.45,20층 1879㎡(59.8×31.4m)
단일,5 미세조정,20,20,63.0,108,21,37580,400.0,5697,43277,1972,20.99,0.285,3.831,30.65,20층 1879㎡(61.3×30.7m)
단일,5 미세조정,20,20,63.0,108,25,37580,400.0,5721,43301,1972,20.99,0.254,3.829,30.26,20층 1879㎡(62.1×30.3m)
단일,5 미세조정,20,20,63.0,108,25,37580,400.0,5716,43296,1972,20.99,0.253,3.828,30.35,20층 1879㎡(61.9×30.3m)
단일,5 미세조정,20,20,63.0,108,23,37580,400.0,5697,43277,1972,20.99,0.278,3.826,30.65,20층 1879㎡(61.3×30.7m)
단일,5 미세조정,20,20,63.0,108,22,37580,400.0,5674,43254,1972,20.99,0.288,3.822,31.05,20층 1879㎡(60.5×31.0m)
단일,5 미세조정,20,20,63.0,108,21,37580,400.0,5697,43277,1972,20.99,0.271,3.818,30.65,20층 1879㎡(61.3×30.7m)
단일,5 미세조정,20,20,63.0,108,21,37580,400.0,5697,43277,1972,20.99,0.324,3.818,30.65,20층 1879㎡(61.3×30.7m)
단일,5 미세조정,20,20,63.0,108,21,37580,400.0,5697,43277,1972,20.99,0.329,3.815,30.65,20층 1879㎡(61.3×30.7m)
단일,1b 층수·세장비,20,20,63.0,108,19,37580,400.0,5937,43517,1976,21.03,0.291,3.813,27.42,20층 1879㎡(68.5×27.4m)
단일,5 미세조정,20,20,63.0,108,18,37580,400.0,5775,43355,1973,21.0,0.301,3.812,29.45,20층 1879㎡(63.8×29.5m)
단일,5 미세조정,20,20,63.0,108,17,37580,400.0,5888,43468,1975,21.02,0.257,3.804,27.98,20층 1879㎡(67.2×28.0m)
단일,5 미세조정,20,20,63.0,108,21,37580,400.0,5772,43352,1973,21.0,0.314,3.8,29.49,20층 1879㎡(63.7×29.5m)
단일,1b 층수·세장비,20,20,63.0,108,19,37580,400.0,6186,43766,1980,21.08,0.282,3.798,25.03,20층 1879㎡(75.1×25.0m)
단일,5 미세조정,20,20,63.0,108,21,37580,400.0,5772,43352,1973,21.0,0.3,3.798,29.49,20층 1879㎡(63.7×29.5m)
단일,5 미세조정,20,20,63.0,108,20,37580,400.0,5772,43352,1973,21.0,0.266,3.786,29.49,20층 1879㎡(63.7×29.5m)
단일,5 미세조정,20,20,63.0,108,19,37580,400.0,5772,43352,1973,21.0,0.258,3.784,29.49,20층 1879㎡(63.7×29.5m)
단일,5 미세조정,20,20,63.0,108,19,37580,400.0,5888,43468,1975,21.02,0.3,3.771,27.98,20층 1879㎡(67.2×28.0m)
단일,5 미세조정,20,20,63.0,108,18,37580,400.0,5888,43468,1975,21.02,0.278,3.766,27.98,20층 1879㎡(67.2×28.0m)
단일,1b 층수·세장비,20,20,63.0,109,26,37580,400.0,5489,43069,1968,20.95,0.284,3.861,35.39,20층 1879㎡(53.1×35.4m)
단일,5 미세조정,20,20,63.0,109,26,37580,400.0,5489,43069,1968,20.95,0.281,3.861,35.39,20층 1879㎡(53.1×35.4m)
단일,5 미세조정,20,20,63.0,109,22,37580,400.0,5772,43352,1973,21.0,0.253,3.85,29.49,20층 1879㎡(63.7×29.5m)
단일,5 미세조정,20,20,63.0,109,22,37580,400.0,5888,43468,1975,21.02,0.262,3.837,27.98,20층 1879㎡(67.2×28.0m)
단일,5 미세조정,20,20,63.0,109,20,37580,400.0,5772,43352,1973,21.0,0.3,3.831,29.49,20층 1879㎡(63.7×29.5m)
단일,5 미세조정,20,20,63.0,109,18,37580,400.0,5772,43352,1973,21.0,0.269,3.825,29.49,20층 1879㎡(63.7×29.5m)
단일,5 미세조정,20,20,63.0,109,18,37580,400.0,5775,43355,1973,21.0,0.27,3.824,29.45,20층 1879㎡(63.8×29.5m)
단일,5 미세조정,20,20,63.0,109,20,37580,400.0,5772,43352,1973,21.0,0.261,3.823,29.49,20층 1879㎡(63.7×29.5m)
단일,5 미세조정,20,20,63.0,109,23,37580,400.0,5674,43254,1972,20.99,0.257,3.82,31.05,20층 1879㎡(60.5×31.0m)
단일,5 미세조정,20,20,63.0,109,20,37580,400.0,5888,43468,1975,21.02,0.297,3.818,27.98,20층 1879㎡(67.2×28.0m)
단일,5 미세조정,20,20,63.0,109,21,37580,400.0,5652,43232,1971,20.98,0.271,3.815,31.45,20층 1879㎡(59.8×31.4m)
단일,5 미세조정,20,20,63.0,109,20,37580,400.0,5772,43352,1973,21.0,0.272,3.813,29.49,20층 1879㎡(63.7×29.5m)
단일,1b 층수·세장비,20,20,63.0,109,18,37580,400.0,5937,43517,1976,21.03,0.282,3.791,27.42,20층 1879㎡(68.5×27.4m)
단일,5 미세조정,20,20,63.0,110,22,37580,400.0,5566,43146,1970,20.97,0.254,3.864,33.25,20층 1879㎡(56.5×33.2m)
단일,5 미세조정,20,20,63.0,110,22,37580,400.0,5772,43352,1973,21.0,0.266,3.844,29.49,20층 1879㎡(63.7×29.5m)
단일,5 미세조정,20,20,63.0,110,21,37580,400.0,5697,43277,1972,20.99,0.272,3.843,30.65,20층 1879㎡(61.3×30.7m)
단일,5 미세조정,20,20,63.0,110,24,37580,400.0,5534,43114,1969,20.96,0.267,3.835,34.06,20층 1879㎡(55.2×34.1m)
단일,5 미세조정,20,20,63.0,110,24,37580,400.0,5775,43355,1973,21.0,0.266,3.826,29.45,20층 1879㎡(63.8×29.5m)
단일,5 미세조정,20,20,63.0,110,23,37580,400.0,5775,43355,1973,21.0,0.293,3.807,29.45,20층 1879㎡(63.8×29.5m)
단일,5 미세조정,20,20,63.0,110,19,37580,400.0,5775,43355,1973,21.0,0.298,3.791,29.45,20층 1879㎡(63.8×29.5m)
단일,5 미세조정,20,20,63.0,110,21,37580,400.0,5830,43410,1974,21.01,0.299,3.785,28.71,20층 1879㎡(65.5×28.7m)
단일,5 미세조정,20,20,63.0,111,26,37580,400.0,5420,43000,1967,20.94,0.265,3.877,38.39,20층 1879㎡(48.9×38.4m)
단일,5 미세조정,20,20,63.0,111,25,37580,400.0,5489,43069,1968,20.95,0.257,3.871,35.39,20층 1879㎡(53.1×35.4m)
단일,1b 층수·세장비,20,20,63.0,111,23,37580,400.0,5697,43277,1972,20.99,0.251,3.857,30.65,20층 1879㎡(61.3×30.7m)
단일,5 미세조정,20,20,63.0,111,21,37580,400.0,5697,43277,1972,20.99,0.253,3.856,30.65,20층 1879㎡(61.3×30.7m)
단일,5 미세조정,20,20,63.0,111,24,37580,400.0,5566,43146,1970,20.97,0.267,3.847,33.25,20층 1879㎡(56.5×33.2m)
단일,5 미세조정,20,20,63.0,111,24,37580,400.0,5566,43146,1970,20.97,0.279,3.842,33.25,20층 1879㎡(56.5×33.2m)
단일,5 미세조정,20,20,63.0,111,20,37580,400.0,5772,43352,1973,21.0,0.271,3.839,29.49,20층 1879㎡(63.7×29.5m)
단일,5 미세조정,20,20,63.0,111,22,37580,400.0,5888,43468,1975,21.02,0.306,3.82,27.98,20층 1879㎡(67.2×28.0m)
단일,5 미세조정,20,20,63.0,111,21,37580,400.0,5652,43232,1971,20.98,0.285,3.817,31.45,20층 1879㎡(59.8×31.4m)
단일,5 미세조정,20,20,63.0,111,20,37580,400.0,5888,43468,1975,21.02,0.274,3.815,27.98,20층 1879㎡(67.2×28.0m)
단일,5 미세조정,20,20,63.0,111,22,37580,400.0,5624,43204,1971,20.98,0.251,3.815,31.99,20층 1879㎡(58.7×32.0m)
단일,5 미세조정,20,20,63.0,111,21,37580,400.0,5652,43232,1971,20.98,0.261,3.812,31.45,20층 1879㎡(59.8×31.4m)
단일,5 미세조정,20,20,63.0,111,21,37580,400.0,5697,43277,1972,20.99,0.267,3.807,30.65,20층 1879㎡(61.3×30.7m)
단일,5 미세조정,20,20,63.0,111,20,37580,400.0,5775,43355,1973,21.0,0.332,3.806,29.45,20층 1879㎡(63.8×29.5m)
단일,5 미세조정,20,20,63.0,111,21,37580,400.0,5697,43277,1972,20.99,0.259,3.802,30.65,20층 1879㎡(61.3×30.7m)
단일,1b 층수·세장비,20,20,63.0,111,18,37580,400.0,6186,43766,1980,21.08,0.325,3.772,25.03,20층 1879㎡(75.1×25.0m)
단일,5 미세조정,20,20,63.0,112,23,37580,400.0,5566,43146,1970,20.97,0.258,3.846,33.25,20층 1879㎡(56.5×33.2m)
단일,5 미세조정,20,20,63.0,112,24,37580,400.0,5608,43188,1970,20.97,0.287,3.845,32.31,20층 1879㎡(58.2×32.3m)
단일,5 미세조정,20,20,63.0,112,22,37580,400.0,5652,43232,1971,20.98,0.261,3.825,31.45,20층 1879㎡(59.8×31.4m)
단일,5 미세조정,20,20,63.0,112,20,37580,400.0,5888,43468,1975,21.02,0.288,3.822,27.98,20층 1879㎡(67.2×28.0m)
단일,5 미세조정,20,20,63.0,112,22,37580,400.0,5652,43232,1971,20.98,0.293,3.82,31.45,20층 1879㎡(59.8×31.4m)
단일,5 미세조정,20,20,63.0,112,22,37580,400.0,5888,43468,1975,21.02,0.315,3.816,27.98,20층 1879㎡(67.2×28.0m)
단일,5 미세조정,20,20,63.0,112,22,37580,400.0,5775,43355,1973,21.0,0.3,3.809,29.45,20층 1879㎡(63.8×29.5m)
단일,5 미세조정,20,20,63.0,112,21,37580,400.0,5697,43277,1972,20.99,0.266,3.804,30.65,20층 1879㎡(61.3×30.7m)
단일,5 미세조정,20,20,63.0,112,19,37580,400.0,5888,43468,1975,21.02,0.275,3.767,27.98,20층 1879㎡(67.2×28.0m)
단일,5 미세조정,20,20,63.0,113,27,37580,400.0,5608,43188,1970,20.97,0.271,3.86,32.31,20층 1879㎡(58.2×32.3m)
단일,5 미세조정,20,20,63.0,113,24,37580,400.0,5534,43114,1969,20.96,0.274,3.854,34.06,20층 1879㎡(55.2×34.1m)
단일,1b 층수·세장비,20,20,63.0,113,23,37580,400.0,5697,43277,1972,20.99,0.264,3.846,30.65,20층 1879㎡(61.3×30.7m)
단일,5 미세조정,20,20,63.0,113,20,37580,400.0,5888,43468,1975,21.02,0.282,3.828,27.98,20층 1879㎡(67.2×28.0m)
단일,5 미세조정,20,20,63.0,113,21,37580,400.0,5697,43277,1972,20.99,0.252,3.819,30.65,20층 1879㎡(61.3×30.7m)
단일,1b 층수·세장비,20,20,63.0,113,19,37580,400.0,5937,43517,1976,21.03,0.265,3.811,27.42,20층 1879㎡(68.5×27.4m)
단일,5 미세조정,20,20,63.0,113,22,37580,400.0,5697,43277,1972,20.99,0.28,3.811,30.65,20층 1879㎡(61.3×30.7m)
단일,5 미세조정,20,20,63.0,113,21,37580,400.0,5697,43277,1972,20.99,0.278,3.808,30.65,20층 1879㎡(61.3×30.7m)
단일,5 미세조정,20,20,63.0,113,20,37580,400.0,5772,43352,1973,21.0,0.251,3.805,29.49,20층 1879㎡(63.7×29.5m)
단일,1b 층수·세장비,20,20,63.0,113,19,37580,400.0,6186,43766,1980,21.08,0.308,3.781,25.03,20층 1879㎡(75.1×25.0m)
단일,5 미세조정,20,20,63.0,113,19,37580,400.0,5888,43468,1975,21.02,0.302,3.779,27.98,20층 1879㎡(67.2×28.0m)
단일,1b 층수·세장비,20,20,63.0,113,17,37580,400.0,6186,43766,1980,21.08,0.298,3.763,25.03,20층 1879㎡(75.1×25.0m)
단일,5 미세조정,20,20,63.0,114,26,37580,400.0,5534,43114,1969,20.96,0.298,3.85,34.06,20층 1879㎡(55.2×34.1m)
단일,5 미세조정,20,20,63.0,114,24,37580,400.0,5697,43277,1972,20.99,0.291,3.846,30.65,20층 1879㎡(61.3×30.7m)
단일,5 미세조정,20,20,63.0,114,23,37580,400.0,5697,43277,1972,20.99,0.316,3.833,30.65,20층 1879㎡(61.3×30.7m)
단일,5 미세조정,20,20,63.0,114,21,37580,400.0,5772,43352,1973,21.0,0.302,3.828,29.49,20층 1879㎡(63.7×29.5m)
단일,5 미세조정,20,20,63.0,114,20,37580,400.0,5888,43468,1975,21.02,0.29,3.826,27.98,20층 1879㎡(67.2×28.0m)
단일,5 미세조정,20,20,63.0,114,25,37580,400.0,5888,43468,1975,21.02,0.261,3.82,27.98,20층 1879㎡(67.2×28.0m)
단일,5 미세조정,20,20,63.0,114,20,37580,400.0,5888,43468,1975,21.02,0.264,3.815,27.98,20층 1879㎡(67.2×28.0m)
단일,5 미세조정,20,20,63.0,114,20,37580,400.0,5888,43468,1975,21.02,0.296,3.802,27.98,20층 1879㎡(67.2×28.0m)
단일,5 미세조정,20,20,63.0,114,20,37580,400.0,5888,43468,1975,21.02,0.269,3.792,27.98,20층 1879㎡(67.2×28.0m)
단일,5 미세조정,20,20,63.0,115,24,37580,400.0,5566,43146,1970,20.97,0.256,3.867,33.25,20층 1879㎡(56.5×33.2m)
단일,1b 층수·세장비,20,20,63.0,115,26,37580,400.0,5489,43069,1968,20.95,0.266,3.865,35.39,20층 1879㎡(53.1×35.4m)
단일,5 미세조정,20,20,63.0,115,26,37580,400.0,5489,43069,1968,20.95,0.281,3.865,35.39,20층 1879㎡(53.1×35.4m)
단일,5 미세조정,20,20,63.0,115,23,37580,400.0,5566,43146,1970,20.97,0.285,3.853,33.25,20층 1879㎡(56.5×33.2m)
단일,5 미세조정,20,20,63.0,115,23,37580,400.0,5652,43232,1971,20.98,0.286,3.847,31.45,20층 1879㎡(59.8×31.4m)
단일,5 미세조정,20,20,63.0,115,23,37580,400.0,5888,43468,1975,21.02,0.266,3.843,27.98,20층 1879㎡(67.2×28.0m)
단일,5 미세조정,20,20,63.0,115,21,37580,400.0,5772,43352,1973,21.0,0.293,3.83,29.49,20층 1879㎡(63.7×29.5m)
단일,5 미세조정,20,20,63.0,115,25,37580,400.0,5888,43468,1975,21.02,0.274,3.815,27.98,20층 1879㎡(67.2×28.0m)
단일,5 미세조정,20,20,63.0,115,18,37580,400.0,5888,43468,1975,21.02,0.3,3.78,27.98,20층 1879㎡(67.2×28.0m)
단일,1b 층수·세장비,20,20,63.0,115,16,37580,400.0,6186,43766,1980,21.08,0.273,3.752,25.03,20층 1879㎡(75.1×25.0m)
단일,5 미세조정,20,20,63.0,116,28,37580,400.0,5420,43000,1967,20.94,0.251,3.885,38.39,20층 1879㎡(48.9×38.4m)
단일,5 미세조정,20,20,63.0,116,28,37580,400.0,5463,43043,1968,20.95,0.257,3.854,36.31,20층 1879㎡(51.7×36.3m)
단일,1b 층수·세장비,20,20,63.0,116,24,37580,400.0,5697,43277,1972,20.99,0.299,3.84,30.65,20층 1879㎡(61.3×30.7m)
단일,1b 층수·세장비,20,20,63.0,116,23,37580,400.0,5937,43517,1976,21.03,0.276,3.836,27.42,20층 1879㎡(68.5×27.4m)
단일,5 미세조정,20,20,63.0,116,21,37580,400.0,5652,43232,1971,20.98,0.323,3.831,31.45,20층 1879㎡(59.8×31.4m)
단일,1b 층수·세장비,20,20,63.0,116,24,37580,400.0,5937,43517,1976,21.03,0.298,3.825,27.42,20층 1879㎡(68.5×27.4m)
단일,5 미세조정,20,20,63.0,116,22,37580,400.0,5888,43468,1975,21.02,0.299,3.824,27.98,20층 1879㎡(67.2×28.0m)
단일,5 미세조정,20,20,63.0,116,21,37580,400.0,5697,43277,1972,20.99,0.33,3.823,30.65,20층 1879㎡(61.3×30.7m)
단일,1b 층수·세장비,20,20,63.0,116,22,37580,400.0,5697,43277,1972,20.99,0.291,3.814,30.65,20층 1879㎡(61.3×30.7m)
단일,5 미세조정,20,20,63.0,116,21,37580,400.0,5772,43352,1973,21.0,0.325,3.81,29.49,20층 1879㎡(63.7×29.5m)
단일,5 미세조정,20,20,63.0,116,20,37580,400.0,5697,43277,1972,20.99,0.276,3.807,30.65,20층 1879㎡(61.3×30.7m)
단일,5 미세조정,20,20,63.0,116,20,37580,400.0,5697,43277,1972,20.99,0.264,3.804,30.65,20층 1879㎡(61.3×30.7m)
단일,1b 층수·세장비,20,20,63.0,117,21,37580,400.0,5697,43277,1972,20.99,0.273,3.992,30.65,20층 1879㎡(61.3×30.7m)
단일,1b 층수·세장비,20,20,63.0,117,20,37580,400.0,5697,43277,1972,20.99,0.252,3.99,30.65,20층 1879㎡(61.3×30.7m)
단일,1b 층수·세장비,20,20,63.0,117,30,37580,400.0,5489,43069,1968,20.95,0.253,3.964,35.39,20층 1879㎡(53.1×35.4m)
단일,1b 층수·세장비,20,20,63.0,117,26,37580,400.0,5489,43069,1968,20.95,0.267,3.869,35.39,20층 1879㎡(53.1×35.4m)
단일,5 미세조정,20,20,63.0,117,28,37580,400.0,5489,43069,1968,20.95,0.271,3.858,35.39,20층 1879㎡(53.1×35.4m)
단일,1b 층수·세장비,20,20,63.0,117,23,37580,400.0,5937,43517,1976,21.03,0.256,3.849,27.42,20층 1879㎡(68.5×27.4m)
단일,5 미세조정,20,20,63.0,117,24,37580,400.0,5697,43277,1972,20.99,0.254,3.825,30.65,20층 1879㎡(61.3×30.7m)
단일,1b 층수·세장비,20,20,63.0,117,22,37580,400.0,5697,43277,1972,20.99,0.333,3.823,30.65,20층 1879㎡(61.3×30.7m)
단일,5 미세조정,20,20,63.0,117,22,37580,400.0,5772,43352,1973,21.0,0.293,3.822,29.49,20층 1879㎡(63.7×29.5m)
단일,5 미세조정,20,20,63.0,117,26,37580,400.0,5608,43188,1970,20.97,0.256,3.821,32.31,20층 1879㎡(58.2×32.3m)
단일,5 미세조정,20,20,63.0,117,21,37580,400.0,5888,43468,1975,21.02,0.335,3.81,27.98,20층 1879㎡(67.2×28.0m)
단일,5 미세조정,20,20,63.0,117,21,37580,400.0,5888,43468,1975,21.02,0.345,3.806,27.98,20층 1879㎡(67.2×28.0m)
단일,1b 층수·세장비,20,20,63.0,117,20,37580,400.0,5697,43277,1972,20.99,0.272,3.804,30.65,20층 1879㎡(61.3×30.7m)
단일,5 미세조정,20,20,63.0,117,20,37580,400.0,5772,43352,1973,21.0,0.303,3.804,29.49,20층 1879㎡(63.7×29.5m)
단일,1b 층수·세장비,20,20,63.0,117,20,37580,400.0,5697,43277,1972,20.99,0.253,3.797,30.65,20층 1879㎡(61.3×30.7m)
단일,5 미세조정,20,20,63.0,117,20,37580,400.0,5772,43352,1973,21.0,0.283,3.796,29.49,20층 1879㎡(63.7×29.5m)
단일,5 미세조정,20,20,63.0,117,18,37580,400.0,5888,43468,1975,21.02,0.258,3.767,27.98,20층 1879㎡(67.2×28.0m)
단일,5 미세조정,20,20,63.0,118,27,37580,400.0,5608,43188,1970,20.97,0.288,3.833,32.31,20층 1879㎡(58.2×32.3m)
단일,1b 층수·세장비,20,20,63.0,118,23,37580,400.0,5697,43277,1972,20.99,0.32,3.832,30.65,20층 1879㎡(61.3×30.7m)
단일,1b 층수·세장비,20,20,63.0,118,21,37580,400.0,5937,43517,1976,21.03,0.274,3.831,27.42,20층 1879㎡(68.5×27.4m)
단일,5 미세조정,20,20,63.0,118,23,37580,400.0,5652,43232,1971,20.98,0.301,3.829,31.45,20층 1879㎡(59.8×31.4m)
단일,5 미세조정,20,20,63.0,118,21,37580,400.0,5697,43277,1972,20.99,0.308,3.819,30.65,20층 1879㎡(61.3×30.7m)
단일,5 미세조정,20,20,63.0,118,21,37580,400.0,5697,43277,1972,20.99,0.317,3.819,30.65,20층 1879㎡(61.3×30.7m)
단일,1b 층수·세장비,20,20,63.0,118,21,37580,400.0,5697,43277,1972,20.99,0.312,3.817,30.65,20층 1879㎡(61.3×30.7m)
단일,1b 층수·세장비,20,20,63.0,118,22,37580,400.0,5937,43517,1976,21.03,0.32,3.817,27.42,20층 1879㎡(68.5×27.4m)
단일,1b 층수·세장비,20,20,63.0,118,22,37580,400.0,5937,43517,1976,21.03,0.343,3.804,27.42,20층 1879㎡(68.5×27.4m)
단일,5 미세조정,20,20,63.0,118,20,37580,400.0,5772,43352,1973,21.0,0.291,3.798,29.49,20층 1879㎡(63.7×29.5m)
단일,5 미세조정,20,20,63.0,118,19,37580,400.0,5888,43468,1975,21.02,0.333,3.785,27.98,20층 1879㎡(67.2×28.0m)
단일,1b 층수·세장비,20,20,63.0,119,27,37580,400.0,5489,43069,1968,20.95,0.256,3.881,35.39,20층 1879㎡(53.1×35.4m)
단일,1b 층수·세장비,20,20,63.0,119,27,37580,400.0,5489,43069,1968,20.95,0.274,3.874,35.39,20층 1879㎡(53.1×35.4m)
단일,1b 층수·세장비,20,20,63.0,119,27,37580,400.0,5489,43069,1968,20.95,0.286,3.873,35.39,20층 1879㎡(53.1×35.4m)
단일,1b 층수·세장비,20,20,63.0,119,25,37580,400.0,5697,43277,1972,20.99,0.26,3.855,30.65,20층 1879㎡(61.3×30.7m)
단일,5 미세조정,20,20,63.0,119,26,37580,400.0,5534,43114,1969,20.96,0.251,3.842,34.06,20층 1879㎡(55.2×34.1m)
단일,5 미세조정,20,20,63.0,119,22,37580,400.0,5652,43232,1971,20.98,0.268,3.841,31.45,20층 1879㎡(59.8×31.4m)
단일,1b 층수·세장비,20,20,63.0,119,20,37580,400.0,5937,43517,1976,21.03,0.29,3.821,27.42,20층 1879㎡(68.5×27.4m)
단일,5 미세조정,20,20,63.0,119,21,37580,400.0,5697,43277,1972,20.99,0.29,3.809,30.65,20층 1879㎡(61.3×30.7m)
단일,5 미세조정,20,20,63.0,119,20,37580,400.0,5888,43468,1975,21.02,0.35,3.8,27.98,20층 1879㎡(67.2×28.0m)
단일,5 미세조정,20,20,63.0,119,22,37580,400.0,5772,43352,1973,21.0,0.289,3.8,29.49,20층 1879㎡(63.7×29.5m)
단일,5 미세조정,20,20,63.0,119,19,37580,400.0,5888,43468,1975,21.02,0.295,3.778,27.98,20층 1879㎡(67.2×28.0m)
단일,5 미세조정,20,20,63.0,119,18,37580,400.0,5888,43468,1975,21.02,0.307,3.774,27.98,20층 1879㎡(67.2×28.0m)
단일,1b 층수·세장비,20,20,63.0,120,19,37580,400.0,5937,43517,1976,21.03,0.275,3.962,27.42,20층 1879㎡(68.5×27.4m)
단일,5 미세조정,20,20,63.0,120,27,37580,400.0,5608,43188,1970,20.97,0.304,3.846,32.31,20층 1879㎡(58.2×32.3m)
단일,5 미세조정,20,20,63.0,120,27,37580,400.0,5608,43188,1970,20.97,0.263,3.828,32.31,20층 1879㎡(58.2×32.3m)
단일,5 미세조정,20,20,63.0,120,27,37580,400.0,5608,43188,1970,20.97,0.256,3.825,32.31,20층 1879㎡(58.2×32.3m)
단일,5 미세조정,20,20,63.0,120,24,37580,400.0,5888,43468,1975,21.02,0.268,3.823,27.98,20층 1879㎡(67.2×28.0m)
단일,5 미세조정,20,20,63.0,120,21,37580,400.0,5772,43352,1973,21.0,0.315,3.811,29.49,20층 1879㎡(63.7×29.5m)
단일,5 미세조정,20,20,63.0,120,20,37580,400.0,5772,43352,1973,21.0,0.298,3.798,29.49,20층 1879㎡(63.7×29.5m)
단일,1b 층수·세장비,20,20,63.0,120,21,37580,400.0,5937,43517,1976,21.03,0.358,3.793,27.42,20층 1879㎡(68.5×27.4m)
단일,5 미세조정,20,20,63.0,121,27,37580,400.0,5534,43114,1969,20.96,0.283,3.868,34.06,20층 1879㎡(55.2×34.1m)
단일,5 미세조정,20,20,63.0,121,27,37580,400.0,5608,43188,1970,20.97,0.296,3.858,32.31,20층 1879㎡(58.2×32.3m)
단일,1b 층수·세장비,20,20,63.0,121,24,37580,400.0,5697,43277,1972,20.99,0.279,3.848,30.65,20층 1879㎡(61.3×30.7m)
단일,1b 층수·세장비,20,20,63.0,121,19,37580,400.0,6186,43766,1980,21.08,0.266,3.819,25.03,20층 1879㎡(75.1×25.0m)
단일,5 미세조정,20,20,63.0,121,23,37580,400.0,5772,43352,1973,21.0,0.275,3.808,29.49,20층 1879㎡(63.7×29.5m)
단일,5 미세조정,20,20,63.0,121,22,37580,400.0,5888,43468,1975,21.02,0.327,3.798,27.98,20층 1879㎡(67.2×28.0m)
단일,5 미세조정,20,20,63.0,121,24,37580,400.0,5888,43468,1975,21.02,0.286,3.793,27.98,20층 1879㎡(67.2×28.0m)
단일,5 미세조정,20,20,63.0,121,23,37580,400.0,5888,43468,1975,21.02,0.296,3.792,27.98,20층 1879㎡(67.2×28.0m)
단일,5 미세조정,20,20,63.0,121,19,37580,400.0,5888,43468,1975,21.02,0.313,3.787,27.98,20층 1879㎡(67.2×28.0m)
단일,1b 층수·세장비,20,20,63.0,121,19,37580,400.0,5937,43517,1976,21.03,0.334,3.782,27.42,20층 1879㎡(68.5×27.4m)
단일,1b 층수·세장비,20,20,63.0,121,21,37580,400.0,5937,43517,1976,21.03,0.311,3.777,27.42,20층 1879㎡(68.5×27.4m)
단일,1b 층수·세장비,20,20,63.0,121,18,37580,400.0,5937,43517,1976,21.03,0.29,3.767,27.42,20층 1879㎡(68.5×27.4m)
단일,1b 층수·세장비,20,20,63.0,121,18,37580,400.0,5937,43517,1976,21.03,0.268,3.758,27.42,20층 1879㎡(68.5×27.4m)
단일,1b 층수·세장비,20,20,63.0,121,18,37580,400.0,6186,43766,1980,21.08,0.351,3.752,25.03,20층 1879㎡(75.1×25.0m)
단일,1b 층수·세장비,20,20,63.0,122,26,37580,400.0,5489,43069,1968,20.95,0.257,3.981,35.39,20층 1879㎡(53.1×35.4m)
단일,1b 층수·세장비,20,20,63.0,122,27,37580,400.0,5489,43069,1968,20.95,0.287,3.975,35.39,20층 1879㎡(53.1×35.4m)
단일,1b 층수·세장비,20,20,63.0,122,27,37580,400.0,5489,43069,1968,20.95,0.268,3.974,35.39,20층 1879㎡(53.1×35.4m)
단일,1b 층수·세장비,20,20,63.0,122,20,37580,400.0,5937,43517,1976,21.03,0.299,3.964,27.42,20층 1879㎡(68.5×27.4m)
단일,1b 층수·세장비,20,20,63.0,122,25,37580,400.0,5697,43277,1972,20.99,0.303,3.937,30.65,20층 1879㎡(61.3×30.7m)
단일,1b 층수·세장비,20,20,63.0,122,22,37580,400.0,5937,43517,1976,21.03,0.251,3.84,27.42,20층 1879㎡(68.5×27.4m)
단일,5 미세조정,20,20,63.0,122,25,37580,400.0,5608,43188,1970,20.97,0.273,3.839,32.31,20층 1879㎡(58.2×32.3m)
단일,5 미세조정,20,20,63.0,122,23,37580,400.0,5888,43468,1975,21.02,0.304,3.807,27.98,20층 1879㎡(67.2×28.0m)
단일,1b 층수·세장비,20,20,63.0,123,20,37580,400.0,5937,43517,1976,21.03,0.26,3.974,27.42,20층 1879㎡(68.5×27.4m)
단일,5 미세조정,20,20,63.0,123,27,37580,400.0,5608,43188,1970,20.97,0.279,3.843,32.31,20층 1879㎡(58.2×32.3m)
단일,5 미세조정,20,20,63.0,123,28,37580,400.0,5608,43188,1970,20.97,0.254,3.84,32.31,20층 1879㎡(58.2×32.3m)
단일,5 미세조정,20,20,63.0,123,27,37580,400.0,5608,43188,1970,20.97,0.294,3.836,32.31,20층 1879㎡(58.2×32.3m)
단일,1b 층수·세장비,20,20,63.0,123,18,37580,400.0,6186,43766,1980,21.08,0.325,3.741,25.03,20층 1879㎡(75.1×25.0m)
단일,1b 층수·세장비,20,20,63.0,124,24,37580,400.0,5697,43277,1972,20.99,0.263,3.927,30.65,20층 1879㎡(61.3×30.7m)
단일,1b 층수·세장비,20,20,63.0,124,34,37580,400.0,5489,43069,1968,20.95,0.252,3.914,35.39,20층 1879㎡(53.1×35.4m)
단일,1b 층수·세장비,20,20,63.0,124,27,37580,400.0,5697,43277,1972,20.99,0.253,3.809,30.65,20층 1879㎡(61.3×30.7m)
단일,1b 층수·세장비,20,20,63.0,125,25,37580,400.0,5697,43277,1972,20.99,0.324,3.939,30.65,20층 1879㎡(61.3×30.7m)
단일,1b 층수·세장비,20,20,63.0,125,28,37580,400.0,5697,43277,1972,20.99,0.275,3.816,30.65,20층 1879㎡(61.3×30.7m)
단일,1b 층수·세장비,20,20,63.0,125,18,37580,400.0,6186,43766,1980,21.08,0.291,3.808,25.03,20층 1879㎡(75.1×25.0m)
단일,1b 층수·세장비,20,20,63.0,125,17,37580,400.0,6186,43766,1980,21.08,0.301,3.73,25.03,20층 1879㎡(75.1×25.0m)
단일,1b 층수·세장비,20,20,63.0,125,17,37580,400.0,6186,43766,1980,21.08,0.278,3.722,25.03,20층 1879㎡(75.1×25.0m)
단일,1b 층수·세장비,20,20,63.0,125,16,37580,400.0,6186,43766,1980,21.08,0.255,3.715,25.03,20층 1879㎡(75.1×25.0m)
단일,1b 층수·세장비,20,20,63.0,126,24,37580,400.0,5697,43277,1972,20.99,0.27,3.957,30.65,20층 1879㎡(61.3×30.7m)
단일,1b 층수·세장비,20,20,63.0,126,25,37580,400.0,5697,43277,1972,20.99,0.29,3.95,30.65,20층 1879㎡(61.3×30.7m)
단일,1b 층수·세장비,20,20,63.0,126,15,37580,400.0,6186,43766,1980,21.08,0.259,3.929,25.03,20층 1879㎡(75.1×25.0m)
단일,1b 층수·세장비,20,20,63.0,126,23,37580,400.0,6186,43766,1980,21.08,0.263,3.827,25.03,20층 1879㎡(75.1×25.0m)
단일,1b 층수·세장비,20,20,63.0,126,29,37580,400.0,5697,43277,1972,20.99,0.261,3.827,30.65,20층 1879㎡(61.3×30.7m)
단일,1b 층수·세장비,20,20,63.0,127,33,37580,400.0,5489,43069,1968,20.95,0.259,3.92,35.39,20층 1879㎡(53.1×35.4m)
단일,1b 층수·세장비,20,20,63.0,128,20,37580,400.0,5937,43517,1976,21.03,0.325,3.904,27.42,20층 1879㎡(68.5×27.4m)
단일,1b 층수·세장비,20,20,63.0,128,23,37580,400.0,6186,43766,1980,21.08,0.286,3.815,25.03,20층 1879㎡(75.1×25.0m)
단일,1b 층수·세장비,20,20,63.0,128,17,37580,400.0,6186,43766,1980,21.08,0.308,3.796,25.03,20층 1879㎡(75.1×25.0m)
단일,1b 층수·세장비,20,20,63.0,128,17,37580,400.0,6186,43766,1980,21.08,0.282,3.787,25.03,20층 1879㎡(75.1×25.0m)
단일,1b 층수·세장비,20,20,63.0,129,34,37580,400.0,5489,43069,1968,20.95,0.271,3.916,35.39,20층 1879㎡(53.1×35.4m)
단일,1b 층수·세장비,20,20,63.0,129,21,37580,400.0,5937,43517,1976,21.03,0.28,3.894,27.42,20층 1879㎡(68.5×27.4m)
단일,1b 층수·세장비,20,20,63.0,129,27,37580,400.0,5697,43277,1972,20.99,0.301,3.833,30.65,20층 1879㎡(61.3×30.7m)
단일,1b 층수·세장비,20,20,63.0,129,24,37580,400.0,6186,43766,1980,21.08,0.31,3.802,25.03,20층 1879㎡(75.1×25.0m)
단일,1b 층수·세장비,20,20,63.0,129,23,37580,400.0,6186,43766,1980,21.08,0.335,3.788,25.03,20층 1879㎡(75.1×25.0m)
단일,1b 층수·세장비,20,20,63.0,130,29,37580,400.0,5697,43277,1972,20.99,0.255,3.941,30.65,20층 1879㎡(61.3×30.7m)
단일,1b 층수·세장비,20,20,63.0,130,29,37580,400.0,5697,43277,1972,20.99,0.276,3.933,30.65,20층 1879㎡(61.3×30.7m)
단일,1b 층수·세장비,20,20,63.0,130,28,37580,400.0,5697,43277,1972,20.99,0.29,3.925,30.65,20층 1879㎡(61.3×30.7m)
단일,1b 층수·세장비,20,20,63.0,130,28,37580,400.0,5697,43277,1972,20.99,0.268,3.922,30.65,20층 1879㎡(61.3×30.7m)
단일,1b 층수·세장비,20,20,63.0,130,22,37580,400.0,5937,43517,1976,21.03,0.259,3.888,27.42,20층 1879㎡(68.5×27.4m)
단일,1b 층수·세장비,20,20,63.0,130,25,37580,400.0,5697,43277,1972,20.99,0.281,3.827,30.65,20층 1879㎡(61.3×30.7m)
단일,1b 층수·세장비,20,20,63.0,130,25,37580,400.0,5697,43277,1972,20.99,0.261,3.822,30.65,20층 1879㎡(61.3×30.7m)
단일,1b 층수·세장비,20,20,63.0,130,18,37580,400.0,6186,43766,1980,21.08,0.256,3.778,25.03,20층 1879㎡(75.1×25.0m)
단일,1b 층수·세장비,20,20,63.0,131,27,37580,400.0,5489,43069,1968,20.95,0.257,3.919,35.39,20층 1879㎡(53.1×35.4m)
단일,1b 층수·세장비,20,20,63.0,131,21,37580,400.0,5937,43517,1976,21.03,0.349,3.907,27.42,20층 1879㎡(68.5×27.4m)
단일,1b 층수·세장비,20,20,63.0,131,21,37580,400.0,6186,43766,1980,21.08,0.36,3.775,25.03,20층 1879㎡(75.1×25.0m)
단일,1b 층수·세장비,20,20,63.0,131,20,37580,400.0,6186,43766,1980,21.08,0.377,3.763,25.03,20층 1879㎡(75.1×25.0m)
단일,1b 층수·세장비,20,20,63.0,132,26,37580,400.0,5937,43517,1976,21.03,0.324,3.804,27.42,20층 1879㎡(68.5×27.4m)
단일,1b 층수·세장비,20,20,63.0,133,27,37580,400.0,5489,43069,1968,20.95,0.269,3.912,35.39,20층 1879㎡(53.1×35.4m)
단일,1b 층수·세장비,20,20,63.0,133,27,37580,400.0,5489,43069,1968,20.95,0.251,3.906,35.39,20층 1879㎡(53.1×35.4m)
단일,1b 층수·세장비,20,20,63.0,133,24,37580,400.0,5937,43517,1976,21.03,0.301,3.794,27.42,20층 1879㎡(68.5×27.4m)
단일,1a 방위·위치,20,20,63.0,133,18,37580,400.0,6682,44262,1988,21.16,0.315,3.764,21.67,20층 1879㎡(86.7×21.7m)
단일,1b 층수·세장비,20,20,63.0,134,21,37580,400.0,5937,43517,1976,21.03,0.288,3.926,27.42,20층 1879㎡(68.5×27.4m)
단일,1b 층수·세장비,20,20,63.0,134,21,37580,400.0,5937,43517,1976,21.03,0.311,3.92,27.42,20층 1879㎡(68.5×27.4m)
단일,1b 층수·세장비,20,20,63.0,134,28,37580,400.0,5697,43277,1972,20.99,0.309,3.848,30.65,20층 1879㎡(61.3×30.7m)
단일,1b 층수·세장비,20,20,63.0,134,27,37580,400.0,5697,43277,1972,20.99,0.323,3.84,30.65,20층 1879㎡(61.3×30.7m)
단일,1a 방위·위치,20,20,63.0,134,21,37580,400.0,6682,44262,1988,21.16,0.256,3.794,21.67,20층 1879㎡(86.7×21.7m)
단일,1b 층수·세장비,20,20,63.0,134,24,37580,400.0,5937,43517,1976,21.03,0.279,3.787,27.42,20층 1879㎡(68.5×27.4m)
단일,1b 층수·세장비,20,20,63.0,134,19,37580,400.0,6682,44262,1988,21.16,0.285,3.777,21.67,20층 1879㎡(86.7×21.7m)
단일,1b 층수·세장비,20,20,63.0,135,29,37580,400.0,5697,43277,1972,20.99,0.268,3.865,30.65,20층 1879㎡(61.3×30.7m)
단일,1b 층수·세장비,20,20,63.0,135,28,37580,400.0,5697,43277,1972,20.99,0.288,3.855,30.65,20층 1879㎡(61.3×30.7m)
단일,1b 층수·세장비,20,20,63.0,135,16,37580,400.0,6682,44262,1988,21.16,0.259,3.789,21.67,20층 1879㎡(86.7×21.7m)
단일,1b 층수·세장비,20,20,63.0,136,26,37580,400.0,5937,43517,1976,21.03,0.258,3.854,27.42,20층 1879㎡(68.5×27.4m)
단일,1b 층수·세장비,20,20,63.0,136,26,37580,400.0,6186,43766,1980,21.08,0.275,3.834,25.03,20층 1879㎡(75.1×25.0m)
단일,1b 층수·세장비,20,20,63.0,136,17,37580,400.0,6682,44262,1988,21.16,0.334,3.748,21.67,20층 1879㎡(86.7×21.7m)
단일,1b 층수·세장비,20,20,63.0,137,21,37580,400.0,6186,43766,1980,21.08,0.368,3.881,25.03,20층 1879㎡(75.1×25.0m)
단일,1b 층수·세장비,20,20,63.0,137,28,37580,400.0,5697,43277,1972,20.99,0.306,3.877,30.65,20층 1879㎡(61.3×30.7m)
단일,1b 층수·세장비,20,20,63.0,137,27,37580,400.0,5697,43277,1972,20.99,0.285,3.867,30.65,20층 1879㎡(61.3×30.7m)
단일,1b 층수·세장비,20,20,63.0,137,27,37580,400.0,5697,43277,1972,20.99,0.264,3.861,30.65,20층 1879㎡(61.3×30.7m)
단일,1b 층수·세장비,20,20,63.0,137,24,37580,400.0,6186,43766,1980,21.08,0.292,3.826,25.03,20층 1879㎡(75.1×25.0m)
단일,1b 층수·세장비,20,20,63.0,137,23,37580,400.0,6186,43766,1980,21.08,0.265,3.816,25.03,20층 1879㎡(75.1×25.0m)
단일,1a 방위·위치,20,20,63.0,137,17,37580,400.0,6682,44262,1988,21.16,0.304,3.736,21.67,20층 1879㎡(86.7×21.7m)
단일,1b 층수·세장비,20,20,63.0,138,22,37580,400.0,5937,43517,1976,21.03,0.291,3.893,27.42,20층 1879㎡(68.5×27.4m)
단일,1b 층수·세장비,20,20,63.0,138,19,37580,400.0,6186,43766,1980,21.08,0.269,3.86,25.03,20층 1879㎡(75.1×25.0m)
단일,1b 층수·세장비,20,20,63.0,138,25,37580,400.0,5937,43517,1976,21.03,0.273,3.847,27.42,20층 1879㎡(68.5×27.4m)
단일,1b 층수·세장비,20,20,63.0,138,23,37580,400.0,5937,43517,1976,21.03,0.258,3.782,27.42,20층 1879㎡(68.5×27.4m)
단일,1b 층수·세장비,20,20,63.0,138,26,37580,400.0,5937,43517,1976,21.03,0.253,3.772,27.42,20층 1879㎡(68.5×27.4m)
단일,1b 층수·세장비,20,20,63.0,138,13,37580,400.0,7159,44739,1996,21.25,0.255,3.762,19.39,20층 1879㎡(96.9×19.4m)
쌍둥이,5 미세조정,20+20,20,63.0,138,18,37580,400.0,7620,45200,2002,21.31,0.262,3.746,20.89,20층 1315㎡(41.2×31.9m) + 20층 564㎡(27.0×20.9m)
단일,1b 층수·세장비,20,20,63.0,139,21,37580,400.0,5937,43517,1976,21.03,0.268,3.887,27.42,20층 1879㎡(68.5×27.4m)
단일,1b 층수·세장비,20,20,63.0,139,31,37580,400.0,5697,43277,1972,20.99,0.286,3.878,30.65,20층 1879㎡(61.3×30.7m)
단일,1b 층수·세장비,20,20,63.0,139,20,37580,400.0,6186,43766,1980,21.08,0.342,3.874,25.03,20층 1879㎡(75.1×25.0m)
단일,1b 층수·세장비,20,20,63.0,139,20,37580,400.0,6186,43766,1980,21.08,0.292,3.864,25.03,20층 1879㎡(75.1×25.0m)
단일,1b 층수·세장비,20,20,63.0,140,22,37580,400.0,5937,43517,1976,21.03,0.254,3.918,27.42,20층 1879㎡(68.5×27.4m)
단일,1b 층수·세장비,20,20,63.0,140,22,37580,400.0,5937,43517,1976,21.03,0.276,3.914,27.42,20층 1879㎡(68.5×27.4m)
단일,1b 층수·세장비,20,20,63.0,140,23,37580,400.0,5937,43517,1976,21.03,0.3,3.904,27.42,20층 1879㎡(68.5×27.4m)
단일,1b 층수·세장비,20,20,63.0,140,23,37580,400.0,5937,43517,1976,21.03,0.257,3.896,27.42,20층 1879㎡(68.5×27.4m)
단일,1b 층수·세장비,20,20,63.0,140,22,37580,400.0,6186,43766,1980,21.08,0.275,3.869,25.03,20층 1879㎡(75.1×25.0m)
단일,1b 층수·세장비,20,20,63.0,140,26,37580,400.0,5937,43517,1976,21.03,0.348,3.811,27.42,20층 1879㎡(68.5×27.4m)
쌍둥이,5 미세조정,20+20,20,63.0,140,18,37580,400.0,7569,45149,2001,21.3,0.258,3.779,22.66,20층 1315㎡(38.0×34.6m) + 20층 564㎡(24.9×22.7m)
쌍둥이,5 미세조정,20+20,20,63.0,140,18,37580,400.0,7620,45200,2002,21.31,0.278,3.755,20.89,20층 1315㎡(41.2×31.9m) + 20층 564㎡(27.0×20.9m)
쌍둥이,5 미세조정,20+20,20,63.0,140,18,37580,400.0,7646,45226,2002,21.31,0.285,3.749,20.36,20층 1315㎡(42.3×31.1m) + 20층 564㎡(27.7×20.4m)
단일,1b 층수·세장비,20,20,63.0,141,22,37580,400.0,5937,43517,1976,21.03,0.315,3.896,27.42,20층 1879㎡(68.5×27.4m)
단일,1b 층수·세장비,20,20,63.0,141,31,37580,400.0,5697,43277,1972,20.99,0.308,3.883,30.65,20층 1879㎡(61.3×30.7m)
단일,1b 층수·세장비,20,20,63.0,141,27,37580,400.0,5937,43517,1976,21.03,0.266,3.852,27.42,20층 1879㎡(68.5×27.4m)
단일,1b 층수·세장비,20,20,63.0,141,12,37580,400.0,7159,44739,1996,21.25,0.276,3.75,19.39,20층 1879㎡(96.9×19.4m)
단일,1b 층수·세장비,20,20,63.0,142,21,37580,400.0,6186,43766,1980,21.08,0.326,3.894,25.03,20층 1879㎡(75.1×25.0m)
단일,1b 층수·세장비,20,20,63.0,142,31,37580,400.0,5697,43277,1972,20.99,0.294,3.887,30.65,20층 1879㎡(61.3×30.7m)
단일,1b 층수·세장비,20,20,63.0,142,22,37580,400.0,6186,43766,1980,21.08,0.258,3.872,25.03,20층 1879㎡(75.1×25.0m)
단일,1b 층수·세장비,20,20,63.0,142,28,37580,400.0,5937,43517,1976,21.03,0.287,3.844,27.42,20층 1879㎡(68.5×27.4m)
단일,1b 층수·세장비,20,20,63.0,142,27,37580,400.0,5937,43517,1976,21.03,0.333,3.821,27.42,20층 1879㎡(68.5×27.4m)
쌍둥이,5 미세조정,20+20,20,63.0,142,19,37580,400.0,7569,45149,2001,21.3,0.262,3.771,22.66,20층 1315㎡(38.0×34.6m) + 20층 564㎡(24.9×22.7m)
단일,1b 층수·세장비,20,20,63.0,142,16,37580,400.0,6682,44262,1988,21.16,0.274,3.726,21.67,20층 1879㎡(86.7×21.7m)
단일,1b 층수·세장비,20,20,63.0,143,31,37580,400.0,5697,43277,1972,20.99,0.266,3.872,30.65,20층 1879㎡(61.3×30.7m)
단일,1b 층수·세장비,20,20,63.0,143,17,37580,400.0,6186,43766,1980,21.08,0.282,3.861,25.03,20층 1879㎡(75.1×25.0m)
단일,1b 층수·세장비,20,20,63.0,143,17,37580,400.0,6186,43766,1980,21.08,0.257,3.854,25.03,20층 1879㎡(75.1×25.0m)
단일,1b 층수·세장비,20,20,63.0,143,25,37580,400.0,5937,43517,1976,21.03,0.261,3.808,27.42,20층 1879㎡(68.5×27.4m)
단일,1b 층수·세장비,20,20,63.0,143,26,37580,400.0,5937,43517,1976,21.03,0.285,3.798,27.42,20층 1879㎡(68.5×27.4m)
단일,1b 층수·세장비,20,20,63.0,143,26,37580,400.0,5937,43517,1976,21.03,0.3,3.785,27.42,20층 1879㎡(68.5×27.4m)
쌍둥이,5 미세조정,20+20,20,63.0,143,18,37580,400.0,7661,45241,2003,21.32,0.256,3.77,20.1,20층 1315㎡(42.8×30.7m) + 20층 564㎡(28.0×20.1m)
쌍둥이,5 미세조정,20+20,20,63.0,143,19,37580,400.0,7580,45160,2001,21.3,0.268,3.763,22.08,20층 1315㎡(39.0×33.7m) + 20층 564㎡(25.5×22.1m)
쌍둥이,5 미세조정,20+20,20,63.0,143,19,37580,400.0,7620,45200,2002,21.31,0.281,3.75,20.89,20층 1315㎡(41.2×31.9m) + 20층 564㎡(27.0×20.9m)
단일,1b 층수·세장비,20,20,63.0,144,31,37580,400.0,5697,43277,1972,20.99,0.253,3.901,30.65,20층 1879㎡(61.3×30.7m)
단일,1b 층수·세장비,20,20,63.0,144,31,37580,400.0,5697,43277,1972,20.99,0.273,3.894,30.65,20층 1879㎡(61.3×30.7m)
단일,1b 층수·세장비,20,20,63.0,144,28,37580,400.0,5697,43277,1972,20.99,0.293,3.881,30.65,20층 1879㎡(61.3×30.7m)
단일,1b 층수·세장비,20,20,63.0,144,29,37580,400.0,5697,43277,1972,20.99,0.27,3.835,30.65,20층 1879㎡(61.3×30.7m)
단일,1b 층수·세장비,20,20,63.0,144,28,37580,400.0,5937,43517,1976,21.03,0.309,3.83,27.42,20층 1879㎡(68.5×27.4m)
단일,1a 방위·위치,20,20,63.0,144,14,37580,400.0,6682,44262,1988,21.16,0.271,3.813,21.67,20층 1879㎡(86.7×21.7m)
단일,1b 층수·세장비,20,20,63.0,144,26,37580,400.0,6186,43766,1980,21.08,0.324,3.81,25.03,20층 1879㎡(75.1×25.0m)
단일,1b 층수·세장비,20,20,63.0,144,27,37580,400.0,5937,43517,1976,21.03,0.276,3.777,27.42,20층 1879㎡(68.5×27.4m)
쌍둥이,5 미세조정,20+20,20,63.0,144,18,37580,400.0,7720,45300,2004,21.33,0.259,3.764,19.26,20층 1315㎡(44.7×29.4m) + 20층 564㎡(29.3×19.3m)
쌍둥이,5 미세조정,20+20,20,63.0,144,18,37580,400.0,7735,45315,2004,21.33,0.261,3.761,19.07,20층 1315㎡(45.2×29.1m) + 20층 564㎡(29.6×19.1m)
쌍둥이,5 미세조정,20+20,20,63.0,144,18,37580,400.0,7646,45226,2002,21.31,0.255,3.757,20.36,20층 1315㎡(42.3×31.1m) + 20층 564㎡(27.7×20.4m)
쌍둥이,5 미세조정,20+20,20,63.0,144,19,37580,400.0,7646,45226,2002,21.31,0.267,3.741,20.36,20층 1315㎡(42.3×31.1m) + 20층 564㎡(27.7×20.4m)
단일,1b 층수·세장비,20,20,63.0,145,24,37580,400.0,6186,43766,1980,21.08,0.253,3.847,25.03,20층 1879㎡(75.1×25.0m)
단일,1b 층수·세장비,20,20,63.0,145,24,37580,400.0,6186,43766,1980,21.08,0.276,3.836,25.03,20층 1879㎡(75.1×25.0m)
단일,1a 방위·위치,20,20,63.0,145,16,37580,400.0,6682,44262,1988,21.16,0.282,3.83,21.67,20층 1879㎡(86.7×21.7m)
단일,1b 층수·세장비,20,20,63.0,145,15,37580,400.0,6682,44262,1988,21.16,0.301,3.818,21.67,20층 1879㎡(86.7×21.7m)
쌍둥이,5 미세조정,20+20,20,63.0,145,18,37580,400.0,7580,45160,2001,21.3,0.251,3.798,22.08,20층 1315㎡(39.0×33.7m) + 20층 564㎡(25.5×22.1m)
쌍둥이,5 미세조정,20+20,20,63.0,145,18,37580,400.0,7580,45160,2001,21.3,0.258,3.785,22.08,20층 1315㎡(39.0×33.7m) + 20층 564㎡(25.5×22.1m)
쌍둥이,5 미세조정,20+20,20,63.0,145,18,37580,400.0,7646,45226,2002,21.31,0.253,3.771,20.36,20층 1315㎡(42.3×31.1m) + 20층 564㎡(27.7×20.4m)
쌍둥이,5 미세조정,20+20,20,63.0,145,20,37580,400.0,7569,45149,2001,21.3,0.263,3.756,22.66,20층 1315㎡(38.0×34.6m) + 20층 564㎡(24.9×22.7m)
쌍둥이,5 미세조정,20+20,20,63.0,145,19,37580,400.0,7580,45160,2001,21.3,0.251,3.747,22.08,20층 1315㎡(39.0×33.7m) + 20층 564㎡(25.5×22.1m)
쌍둥이,5 미세조정,20+20,20,63.0,145,19,37580,400.0,7599,45179,2002,21.31,0.257,3.741,21.43,20층 1315㎡(40.2×32.7m) + 20층 564㎡(26.3×21.4m)
쌍둥이,5 미세조정,20+20,20,63.0,145,19,37580,400.0,7661,45241,2003,21.32,0.269,3.735,20.1,20층 1315㎡(42.8×30.7m) + 20층 564㎡(28.0×20.1m)
단일,1b 층수·세장비,20,20,63.0,146,29,37580,400.0,5697,43277,1972,20.99,0.252,3.898,30.65,20층 1879㎡(61.3×30.7m)
단일,1b 층수·세장비,20,20,63.0,146,29,37580,400.0,5697,43277,1972,20.99,0.272,3.891,30.65,20층 1879㎡(61.3×30.7m)
단일,1b 층수·세장비,20,20,63.0,146,26,37580,400.0,5937,43517,1976,21.03,0.274,3.86,27.42,20층 1879㎡(68.5×27.4m)
단일,1b 층수·세장비,20,20,63.0,146,26,37580,400.0,5937,43517,1976,21.03,0.25,3.856,27.42,20층 1879㎡(68.5×27.4m)
단일,1b 층수·세장비,20,20,63.0,146,17,37580,400.0,6682,44262,1988,21.16,0.252,3.839,21.67,20층 1879㎡(86.7×21.7m)
단일,1b 층수·세장비,20,20,63.0,146,25,37580,400.0,6186,43766,1980,21.08,0.3,3.825,25.03,20층 1879㎡(75.1×25.0m)
쌍둥이,5 미세조정,20+20,20,63.0,146,19,37580,400.0,7599,45179,2002,21.31,0.258,3.792,21.43,20층 1315㎡(40.2×32.7m) + 20층 564㎡(26.3×21.4m)
단일,1b 층수·세장비,20,20,63.0,146,8,37580,400.0,7159,44739,1996,21.25,0.251,3.766,19.39,20층 1879㎡(96.9×19.4m)
쌍둥이,5 미세조정,20+20,20,63.0,146,18,37580,400.0,7695,45275,2003,21.32,0.262,3.762,19.59,20층 1315㎡(44.0×29.9m) + 20층 564㎡(28.8×19.6m)
단일,1b 층수·세장비,20,20,63.0,146,23,37580,400.0,6186,43766,1980,21.08,0.291,3.759,25.03,20층 1879㎡(75.1×25.0m)
쌍둥이,5 미세조정,20+20,20,63.0,146,19,37580,400.0,7620,45200,2002,21.31,0.255,3.758,20.89,20층 1315㎡(41.2×31.9m) + 20층 564㎡(27.0×20.9m)
단일,1b 층수·세장비,20,20,63.0,146,20,37580,400.0,6186,43766,1980,21.08,0.267,3.748,25.03,20층 1879㎡(75.1×25.0m)
쌍둥이,5 미세조정,20+20,20,63.0,146,19,37580,400.0,7646,45226,2002,21.31,0.287,3.745,20.36,20층 1315㎡(42.3×31.1m) + 20층 564㎡(27.7×20.4m)
쌍둥이,5 미세조정,20+20,20,63.0,146,19,37580,400.0,7661,45241,2003,21.32,0.262,3.742,20.1,20층 1315㎡(42.8×30.7m) + 20층 564㎡(28.0×20.1m)
쌍둥이,5 미세조정,20+20,20,63.0,146,19,37580,400.0,7661,45241,2003,21.32,0.289,3.742,20.1,20층 1315㎡(42.8×30.7m) + 20층 564㎡(28.0×20.1m)
쌍둥이,5 미세조정,20+20,20,63.0,146,18,37580,400.0,7832,45412,2006,21.35,0.279,3.726,18.06,20층 1315㎡(47.7×27.6m) + 20층 564㎡(31.2×18.1m)
단일,1b 층수·세장비,20,20,63.0,147,21,37580,400.0,6186,43766,1980,21.08,0.254,3.915,25.03,20층 1879㎡(75.1×25.0m)
단일,1b 층수·세장비,20,20,63.0,147,21,37580,400.0,6186,43766,1980,21.08,0.301,3.901,25.03,20층 1879㎡(75.1×25.0m)
단일,1b 층수·세장비,20,20,63.0,147,17,37580,400.0,6186,43766,1980,21.08,0.307,3.865,25.03,20층 1879㎡(75.1×25.0m)
단일,1b 층수·세장비,20,20,63.0,147,26,37580,400.0,5937,43517,1976,21.03,0.285,3.826,27.42,20층 1879㎡(68.5×27.4m)
단일,1b 층수·세장비,20,20,63.0,147,29,37580,400.0,5937,43517,1976,21.03,0.292,3.803,27.42,20층 1879㎡(68.5×27.4m)
단일,1b 층수·세장비,20,20,63.0,147,24,37580,400.0,6186,43766,1980,21.08,0.35,3.798,25.03,20층 1879㎡(75.1×25.0m)
쌍둥이,5 미세조정,20+20,20,63.0,147,18,37580,400.0,7569,45149,2001,21.3,0.251,3.792,22.66,20층 1315㎡(38.0×34.6m) + 20층 564㎡(24.9×22.7m)
단일,1b 층수·세장비,20,20,63.0,147,24,37580,400.0,6186,43766,1980,21.08,0.367,3.787,25.03,20층 1879㎡(75.1×25.0m)
단일,1b 층수·세장비,20,20,63.0,147,9,37580,400.0,7159,44739,1996,21.25,0.318,3.784,19.39,20층 1879㎡(96.9×19.4m)
쌍둥이,5 미세조정,20+20,20,63.0,147,19,37580,400.0,7569,45149,2001,21.3,0.282,3.773,22.66,20층 1315㎡(38.0×34.6m) + 20층 564㎡(24.9×22.7m)
단일,1b 층수·세장비,20,20,63.0,147,25,37580,400.0,6186,43766,1980,21.08,0.34,3.772,25.03,20층 1879㎡(75.1×25.0m)
단일,1b 층수·세장비,20,20,63.0,147,23,37580,400.0,6186,43766,1980,21.08,0.315,3.765,25.03,20층 1879㎡(75.1×25.0m)
쌍둥이,5 미세조정,20+20,20,63.0,147,18,37580,400.0,7661,45241,2003,21.32,0.258,3.755,20.1,20층 1315㎡(42.8×30.7m) + 20층 564㎡(28.0×20.1m)
쌍둥이,5 미세조정,20+20,20,63.0,147,19,37580,400.0,7720,45300,2004,21.33,0.29,3.747,19.26,20층 1315㎡(44.7×29.4m) + 20층 564㎡(29.3×19.3m)
쌍둥이,5 미세조정,20+20,20,63.0,147,18,37580,400.0,7720,45300,2004,21.33,0.267,3.745,19.26,20층 1315㎡(44.7×29.4m) + 20층 564㎡(29.3×19.3m)
쌍둥이,5 미세조정,20+20,20,63.0,147,20,37580,400.0,7720,45300,2004,21.33,0.291,3.74,19.26,20층 1315㎡(44.7×29.4m) + 20층 564㎡(29.3×19.3m)
쌍둥이,5 미세조정,20+20,20,63.0,147,21,37580,400.0,7646,45226,2002,21.31,0.287,3.731,20.36,20층 1315㎡(42.3×31.1m) + 20층 564㎡(27.7×20.4m)
단일,1b 층수·세장비,20,20,63.0,148,30,37580,400.0,5697,43277,1972,20.99,0.277,3.842,30.65,20층 1879㎡(61.3×30.7m)
단일,1b 층수·세장비,20,20,63.0,148,26,37580,400.0,5937,43517,1976,21.03,0.308,3.833,27.42,20층 1879㎡(68.5×27.4m)
단일,1b 층수·세장비,20,20,63.0,148,26,37580,400.0,5937,43517,1976,21.03,0.262,3.821,27.42,20층 1879㎡(68.5×27.4m)
단일,1a 방위·위치,20,20,63.0,148,12,37580,400.0,6682,44262,1988,21.16,0.271,3.798,21.67,20층 1879㎡(86.7×21.7m)
단일,1b 층수·세장비,20,20,63.0,148,17,37580,400.0,6682,44262,1988,21.16,0.317,3.78,21.67,20층 1879㎡(86.7×21.7m)
쌍둥이,5 미세조정,20+20,20,63.0,148,19,37580,400.0,7620,45200,2002,21.31,0.271,3.777,20.89,20층 1315㎡(41.2×31.9m) + 20층 564㎡(27.0×20.9m)
쌍둥이,5 미세조정,20+20,20,63.0,148,18,37580,400.0,7695,45275,2003,21.32,0.255,3.772,19.59,20층 1315㎡(44.0×29.9m) + 20층 564㎡(28.8×19.6m)
쌍둥이,5 미세조정,20+20,20,63.0,148,19,37580,400.0,7646,45226,2002,21.31,0.277,3.77,20.36,20층 1315㎡(42.3×31.1m) + 20층 564㎡(27.7×20.4m)
쌍둥이,5 미세조정,20+20,20,63.0,148,18,37580,400.0,7620,45200,2002,21.31,0.272,3.769,20.89,20층 1315㎡(41.2×31.9m) + 20층 564㎡(27.0×20.9m)
쌍둥이,5 미세조정,20+20,20,63.0,148,19,37580,400.0,7580,45160,2001,21.3,0.289,3.765,22.08,20층 1315㎡(39.0×33.7m) + 20층 564㎡(25.5×22.1m)
쌍둥이,5 미세조정,20+20,20,63.0,148,18,37580,400.0,7778,45358,2005,21.34,0.266,3.763,18.59,20층 1315㎡(46.3×28.4m) + 20층 564㎡(30.3×18.6m)
쌍둥이,5 미세조정,20+20,20,63.0,148,20,37580,400.0,7620,45200,2002,21.31,0.274,3.761,20.89,20층 1315㎡(41.2×31.9m) + 20층 564㎡(27.0×20.9m)
쌍둥이,5 미세조정,20+20,20,63.0,148,19,37580,400.0,7720,45300,2004,21.33,0.29,3.754,19.26,20층 1315㎡(44.7×29.4m) + 20층 564㎡(29.3×19.3m)
쌍둥이,5 미세조정,20+20,20,63.0,148,19,37580,400.0,7646,45226,2002,21.31,0.284,3.751,20.36,20층 1315㎡(42.3×31.1m) + 20층 564㎡(27.7×20.4m)
쌍둥이,5 미세조정,20+20,20,63.0,148,19,37580,400.0,7661,45241,2003,21.32,0.287,3.749,20.1,20층 1315㎡(42.8×30.7m) + 20층 564㎡(28.0×20.1m)
쌍둥이,5 미세조정,20+20,20,63.0,148,18,37580,400.0,7948,45528,2007,21.37,0.288,3.713,17.13,20층 1315㎡(50.3×26.2m) + 20층 564㎡(32.9×17.1m)
단일,1b 층수·세장비,20,20,63.0,149,18,37580,400.0,6186,43766,1980,21.08,0.334,3.871,25.03,20층 1879㎡(75.1×25.0m)
단일,1b 층수·세장비,20,20,63.0,149,28,37580,400.0,5937,43517,1976,21.03,0.27,3.87,27.42,20층 1879㎡(68.5×27.4m)
단일,1b 층수·세장비,20,20,63.0,149,30,37580,400.0,5697,43277,1972,20.99,0.257,3.849,30.65,20층 1879㎡(61.3×30.7m)
단일,1b 층수·세장비,20,20,63.0,149,12,37580,400.0,7159,44739,1996,21.25,0.263,3.808,19.39,20층 1879㎡(96.9×19.4m)
단일,1b 층수·세장비,20,20,63.0,149,13,37580,400.0,6682,44262,1988,21.16,0.3,3.805,21.67,20층 1879㎡(86.7×21.7m)
단일,1b 층수·세장비,20,20,63.0,149,11,37580,400.0,7159,44739,1996,21.25,0.297,3.795,19.39,20층 1879㎡(96.9×19.4m)
단일,1b 층수·세장비,20,20,63.0,149,8,37580,400.0,7159,44739,1996,21.25,0.284,3.774,19.39,20층 1879㎡(96.9×19.4m)
단일,1b 층수·세장비,20,20,63.0,149,14,37580,400.0,7159,44739,1996,21.25,0.28,3.77,19.39,20층 1879㎡(96.9×19.4m)
단일,1b 층수·세장비,20,20,63.0,149,25,37580,400.0,6186,43766,1980,21.08,0.292,3.747,25.03,20층 1879㎡(75.1×25.0m)
쌍둥이,5 미세조정,20+20,20,63.0,149,21,37580,400.0,7620,45200,2002,21.31,0.303,3.742,20.89,20층 1315㎡(41.2×31.9m) + 20층 564㎡(27.0×20.9m)
쌍둥이,5 미세조정,20+20,20,63.0,149,19,37580,400.0,7695,45275,2003,21.32,0.274,3.727,19.59,20층 1315㎡(44.0×29.9m) + 20층 564㎡(28.8×19.6m)
쌍둥이,5 미세조정,20+20,20,63.0,149,20,37580,400.0,7761,45341,2004,21.33,0.327,3.724,18.77,20층 1315㎡(45.9×28.7m) + 20층 564㎡(30.0×18.8m)
쌍둥이,5 미세조정,20+20,20,63.0,149,21,37580,400.0,7720,45300,2004,21.33,0.284,3.721,19.26,20층 1315㎡(44.7×29.4m) + 20층 564㎡(29.3×19.3m)
단일,1b 층수·세장비,20,20,63.0,150,18,37580,400.0,6186,43766,1980,21.08,0.317,3.877,25.03,20층 1879㎡(75.1×25.0m)
단일,1b 층수·세장비,20,20,63.0,150,27,37580,400.0,5937,43517,1976,21.03,0.293,3.86,27.42,20층 1879㎡(68.5×27.4m)
단일,1b 층수·세장비,20,20,63.0,150,27,37580,400.0,5937,43517,1976,21.03,0.316,3.851,27.42,20층 1879㎡(68.5×27.4m)
단일,1b 층수·세장비,20,20,63.0,150,27,37580,400.0,5937,43517,1976,21.03,0.332,3.844,27.42,20층 1879㎡(68.5×27.4m)
단일,1a 방위·위치,20,20,63.0,150,14,37580,400.0,6682,44262,1988,21.16,0.329,3.812,21.67,20층 1879㎡(86.7×21.7m)
단일,1b 층수·세장비,20,20,63.0,150,20,37580,400.0,6682,44262,1988,21.16,0.268,3.805,21.67,20층 1879㎡(86.7×21.7m)
단일,1b 층수·세장비,20,20,63.0,150,28,37580,400.0,5937,43517,1976,21.03,0.269,3.793,27.42,20층 1879㎡(68.5×27.4m)
단일,1a 방위·위치,20,20,63.0,150,19,37580,400.0,6682,44262,1988,21.16,0.298,3.791,21.67,20층 1879㎡(86.7×21.7m)
쌍둥이,5 미세조정,20+20,20,63.0,150,19,37580,400.0,7620,45200,2002,21.31,0.265,3.781,20.89,20층 1315㎡(41.2×31.9m) + 20층 564㎡(27.0×20.9m)
쌍둥이,5 미세조정,20+20,20,63.0,150,19,37580,400.0,7599,45179,2002,21.31,0.265,3.778,21.43,20층 1315㎡(40.2×32.7m) + 20층 564㎡(26.3×21.4m)
쌍둥이,5 미세조정,20+20,20,63.0,150,19,37580,400.0,7580,45160,2001,21.3,0.262,3.771,22.08,20층 1315㎡(39.0×33.7m) + 20층 564㎡(25.5×22.1m)
쌍둥이,5 미세조정,20+20,20,63.0,150,19,37580,400.0,7661,45241,2003,21.32,0.274,3.771,20.1,20층 1315㎡(42.8×30.7m) + 20층 564㎡(28.0×20.1m)
쌍둥이,5 미세조정,20+20,20,63.0,150,20,37580,400.0,7599,45179,2002,21.31,0.29,3.769,21.43,20층 1315㎡(40.2×32.7m) + 20층 564㎡(26.3×21.4m)
쌍둥이,5 미세조정,20+20,20,63.0,150,18,37580,400.0,7661,45241,2003,21.32,0.251,3.767,20.1,20층 1315㎡(42.8×30.7m) + 20층 564㎡(28.0×20.1m)
쌍둥이,5 미세조정,20+20,20,63.0,150,18,37580,400.0,7695,45275,2003,21.32,0.256,3.761,19.59,20층 1315㎡(44.0×29.9m) + 20층 564㎡(28.8×19.6m)
단일,1b 층수·세장비,20,20,63.0,150,11,37580,400.0,7613,45193,2004,21.33,0.252,3.755,17.7,20층 1879㎡(106.2×17.7m)
쌍둥이,5 미세조정,20+20,20,63.0,150,19,37580,400.0,7646,45226,2002,21.31,0.309,3.751,20.36,20층 1315㎡(42.3×31.1m) + 20층 564㎡(27.7×20.4m)
단일,1b 층수·세장비,20,20,63.0,150,23,37580,400.0,6186,43766,1980,21.08,0.267,3.738,25.03,20층 1879㎡(75.1×25.0m)
쌍둥이,5 미세조정,20+20,20,63.0,150,19,37580,400.0,7695,45275,2003,21.32,0.267,3.737,19.59,20층 1315㎡(44.0×29.9m) + 20층 564㎡(28.8×19.6m)
단일,1b 층수·세장비,20,20,63.0,150,9,37580,400.0,7613,45193,2004,21.33,0.288,3.736,17.7,20층 1879㎡(106.2×17.7m)
쌍둥이,5 미세조정,20+20,20,63.0,150,20,37580,400.0,7720,45300,2004,21.33,0.322,3.734,19.26,20층 1315㎡(44.7×29.4m) + 20층 564㎡(29.3×19.3m)
쌍둥이,5 미세조정,20+20,20,63.0,150,19,37580,400.0,7720,45300,2004,21.33,0.27,3.733,19.26,20층 1315㎡(44.7×29.4m) + 20층 564㎡(29.3×19.3m)
단일,1b 층수·세장비,20,20,63.0,150,10,37580,400.0,7159,44739,1996,21.25,0.301,3.726,19.39,20층 1879㎡(96.9×19.4m)
단일,1b 층수·세장비,20,20,63.0,150,6,37580,400.0,7613,45193,2004,21.33,0.324,3.723,17.7,20층 1879㎡(106.2×17.7m)
쌍둥이,3 쌍둥이,20+20,20,63.0,150,21,37580,400.0,7761,45341,2004,21.33,0.31,3.721,18.77,20층 1315㎡(45.9×28.7m) + 20층 564㎡(30.0×18.8m)
단일,1b 층수·세장비,20,20,63.0,150,19,37580,400.0,6682,44262,1988,21.16,0.403,3.708,21.67,20층 1879㎡(86.7×21.7m)
단일,1a 방위·위치,20,20,63.0,151,20,37580,400.0,6682,44262,1988,21.16,0.26,3.812,21.67,20층 1879㎡(86.7×21.7m)
쌍둥이,5 미세조정,20+20,20,63.0,151,19,37580,400.0,7580,45160,2001,21.3,0.257,3.785,22.08,20층 1315㎡(39.0×33.7m) + 20층 564㎡(25.5×22.1m)
단일,1a 방위·위치,20,20,63.0,151,16,37580,400.0,6682,44262,1988,21.16,0.287,3.769,21.67,20층 1879㎡(86.7×21.7m)
단일,1b 층수·세장비,20,20,63.0,151,12,37580,400.0,7159,44739,1996,21.25,0.313,3.751,19.39,20층 1879㎡(96.9×19.4m)
단일,1b 층수·세장비,20,20,63.0,151,11,37580,400.0,7159,44739,1996,21.25,0.335,3.739,19.39,20층 1879㎡(96.9×19.4m)
쌍둥이,5 미세조정,20+20,20,63.0,151,21,37580,400.0,7778,45358,2005,21.34,0.29,3.713,18.59,20층 1315㎡(46.3×28.4m) + 20층 564㎡(30.3×18.6m)
단일,1b 층수·세장비,20,20,63.0,152,18,37580,400.0,6186,43766,1980,21.08,0.291,3.889,25.03,20층 1879㎡(75.1×25.0m)
단일,1b 층수·세장비,20,20,63.0,152,23,37580,400.0,6186,43766,1980,21.08,0.251,3.794,25.03,20층 1879㎡(75.1×25.0m)
쌍둥이,5 미세조정,20+20,20,63.0,152,20,37580,400.0,7646,45226,2002,21.31,0.27,3.783,20.36,20층 1315㎡(42.3×31.1m) + 20층 564㎡(27.7×20.4m)
쌍둥이,5 미세조정,20+20,20,63.0,152,20,37580,400.0,7580,45160,2001,21.3,0.282,3.776,22.08,20층 1315㎡(39.0×33.7m) + 20층 564㎡(25.5×22.1m)
쌍둥이,5 미세조정,20+20,20,63.0,152,19,37580,400.0,7599,45179,2002,21.31,0.25,3.769,21.43,20층 1315㎡(40.2×32.7m) + 20층 564㎡(26.3×21.4m)
쌍둥이,5 미세조정,20+20,20,63.0,152,19,37580,400.0,7695,45275,2003,21.32,0.28,3.764,19.59,20층 1315㎡(44.0×29.9m) + 20층 564㎡(28.8×19.6m)
쌍둥이,5 미세조정,20+20,20,63.0,152,19,37580,400.0,7720,45300,2004,21.33,0.284,3.76,19.26,20층 1315㎡(44.7×29.4m) + 20층 564㎡(29.3×19.3m)
쌍둥이,5 미세조정,20+20,20,63.0,152,19,37580,400.0,7599,45179,2002,21.31,0.297,3.758,21.43,20층 1315㎡(40.2×32.7m) + 20층 564㎡(26.3×21.4m)
쌍둥이,5 미세조정,20+20,20,63.0,152,19,37580,400.0,7832,45412,2006,21.35,0.272,3.753,18.06,20층 1315㎡(47.7×27.6m) + 20층 564㎡(31.2×18.1m)
쌍둥이,5 미세조정,20+20,20,63.0,152,21,37580,400.0,7778,45358,2005,21.34,0.273,3.749,18.59,20층 1315㎡(46.3×28.4m) + 20층 564㎡(30.3×18.6m)
쌍둥이,5 미세조정,20+20,20,63.0,152,19,37580,400.0,7778,45358,2005,21.34,0.298,3.744,18.59,20층 1315㎡(46.3×28.4m) + 20층 564㎡(30.3×18.6m)
쌍둥이,5 미세조정,20+20,20,63.0,152,17,37580,400.0,7948,45528,2007,21.37,0.283,3.742,17.13,20층 1315㎡(50.3×26.2m) + 20층 564㎡(32.9×17.1m)
쌍둥이,5 미세조정,20+20,20,63.0,152,21,37580,400.0,7761,45341,2004,21.33,0.32,3.737,18.77,20층 1315㎡(45.9×28.7m) + 20층 564㎡(30.0×18.8m)
쌍둥이,5 미세조정,20+20,20,63.0,152,18,37580,400.0,7720,45300,2004,21.33,0.251,3.726,19.26,20층 1315㎡(44.7×29.4m) + 20층 564㎡(29.3×19.3m)
쌍둥이,5 미세조정,20+20,20,63.0,152,17,37580,400.0,7948,45528,2007,21.37,0.281,3.722,17.13,20층 1315㎡(50.3×26.2m) + 20층 564㎡(32.9×17.1m)
단일,1b 층수·세장비,20,20,63.0,152,8,37580,400.0,7159,44739,1996,21.25,0.268,3.718,19.39,20층 1879㎡(96.9×19.4m)
단일,1b 층수·세장비,20,20,63.0,152,5,37580,400.0,7613,45193,2004,21.33,0.348,3.706,17.7,20층 1879㎡(106.2×17.7m)
쌍둥이,3 쌍둥이,20+20,20,63.0,152,19,37580,400.0,7882,45462,2006,21.36,0.347,3.704,21.67,20층 1127㎡(42.5×26.5m) + 20층 752㎡(34.7×21.7m)
쌍둥이,3 쌍둥이,20+20,20,63.0,152,19,37580,400.0,7882,45462,2006,21.36,0.33,3.7,21.67,20층 1127㎡(42.5×26.5m) + 20층 752㎡(34.7×21.7m)
단일,1b 층수·세장비,20,20,63.0,152,4,37580,400.0,7613,45193,2004,21.33,0.311,3.691,17.7,20층 1879㎡(106.2×17.7m)
단일,1b 층수·세장비,20,20,63.0,153,18,37580,400.0,6186,43766,1980,21.08,0.266,3.895,25.03,20층 1879㎡(75.1×25.0m)
단일,1b 층수·세장비,20,20,63.0,153,26,37580,400.0,6186,43766,1980,21.08,0.308,3.843,25.03,20층 1879㎡(75.1×25.0m)
단일,1b 층수·세장비,20,20,63.0,153,24,37580,400.0,6186,43766,1980,21.08,0.324,3.811,25.03,20층 1879㎡(75.1×25.0m)
단일,1b 층수·세장비,20,20,63.0,153,21,37580,400.0,6682,44262,1988,21.16,0.287,3.797,21.67,20층 1879㎡(86.7×21.7m)
단일,1b 층수·세장비,20,20,63.0,153,25,37580,400.0,6186,43766,1980,21.08,0.276,3.781,25.03,20층 1879㎡(75.1×25.0m)
쌍둥이,5 미세조정,20+20,20,63.0,153,20,37580,400.0,7569,45149,2001,21.3,0.275,3.777,22.66,20층 1315㎡(38.0×34.6m) + 20층 564㎡(24.9×22.7m)
단일,1b 층수·세장비,20,20,63.0,153,16,37580,400.0,6682,44262,1988,21.16,0.257,3.756,21.67,20층 1879㎡(86.7×21.7m)
쌍둥이,5 미세조정,20+20,20,63.0,153,18,37580,400.0,7720,45300,2004,21.33,0.26,3.755,19.26,20층 1315㎡(44.7×29.4m) + 20층 564㎡(29.3×19.3m)
쌍둥이,5 미세조정,20+20,20,63.0,153,21,37580,400.0,7661,45241,2003,21.32,0.312,3.75,20.1,20층 1315㎡(42.8×30.7m) + 20층 564㎡(28.0×20.1m)
쌍둥이,5 미세조정,20+20,20,63.0,153,20,37580,400.0,7646,45226,2002,21.31,0.274,3.74,20.36,20층 1315㎡(42.3×31.1m) + 20층 564㎡(27.7×20.4m)
쌍둥이,5 미세조정,20+20,20,63.0,153,21,37580,400.0,7735,45315,2004,21.33,0.323,3.734,19.07,20층 1315㎡(45.2×29.1m) + 20층 564㎡(29.6×19.1m)
쌍둥이,5 미세조정,20+20,20,63.0,153,22,37580,400.0,7778,45358,2005,21.34,0.304,3.733,18.59,20층 1315㎡(46.3×28.4m) + 20층 564㎡(30.3×18.6m)
쌍둥이,5 미세조정,20+20,20,63.0,153,21,37580,400.0,7778,45358,2005,21.34,0.323,3.733,18.59,20층 1315㎡(46.3×28.4m) + 20층 564㎡(30.3×18.6m)
쌍둥이,5 미세조정,20+20,20,63.0,153,19,37580,400.0,7761,45341,2004,21.33,0.274,3.727,18.77,20층 1315㎡(45.9×28.7m) + 20층 564㎡(30.0×18.8m)
쌍둥이,3 쌍둥이,20+20,20,63.0,153,21,37580,400.0,7761,45341,2004,21.33,0.328,3.723,18.77,20층 1315㎡(45.9×28.7m) + 20층 564㎡(30.0×18.8m)
단일,1b 층수·세장비,20,20,63.0,154,26,37580,400.0,6186,43766,1980,21.08,0.333,3.831,25.03,20층 1879㎡(75.1×25.0m)
단일,1a 방위·위치,20,20,63.0,154,16,37580,400.0,6682,44262,1988,21.16,0.34,3.828,21.67,20층 1879㎡(86.7×21.7m)
단일,1b 층수·세장비,20,20,63.0,154,25,37580,400.0,6186,43766,1980,21.08,0.35,3.821,25.03,20층 1879㎡(75.1×25.0m)
단일,1b 층수·세장비,20,20,63.0,154,30,37580,400.0,5937,43517,1976,21.03,0.301,3.818,27.42,20층 1879㎡(68.5×27.4m)
단일,1b 층수·세장비,20,20,63.0,154,15,37580,400.0,6682,44262,1988,21.16,0.36,3.816,21.67,20층 1879㎡(86.7×21.7m)
쌍둥이,5 미세조정,20+20,20,63.0,154,21,37580,400.0,7599,45179,2002,21.31,0.289,3.775,21.43,20층 1315㎡(40.2×32.7m) + 20층 564㎡(26.3×21.4m)
단일,1b 층수·세장비,20,20,63.0,154,25,37580,400.0,6186,43766,1980,21.08,0.302,3.77,25.03,20층 1879㎡(75.1×25.0m)
쌍둥이,5 미세조정,20+20,20,63.0,154,21,37580,400.0,7646,45226,2002,21.31,0.302,3.766,20.36,20층 1315㎡(42.3×31.1m) + 20층 564㎡(27.7×20.4m)
쌍둥이,5 미세조정,20+20,20,63.0,154,20,37580,400.0,7569,45149,2001,21.3,0.253,3.766,22.66,20층 1315㎡(38.0×34.6m) + 20층 564㎡(24.9×22.7m)
쌍둥이,5 미세조정,20+20,20,63.0,154,20,37580,400.0,7599,45179,2002,21.31,0.296,3.764,21.43,20층 1315㎡(40.2×32.7m) + 20층 564㎡(26.3×21.4m)
쌍둥이,5 미세조정,20+20,20,63.0,154,21,37580,400.0,7661,45241,2003,21.32,0.305,3.763,20.1,20층 1315㎡(42.8×30.7m) + 20층 564㎡(28.0×20.1m)
쌍둥이,5 미세조정,20+20,20,63.0,154,20,37580,400.0,7580,45160,2001,21.3,0.258,3.759,22.08,20층 1315㎡(39.0×33.7m) + 20층 564㎡(25.5×22.1m)
쌍둥이,5 미세조정,20+20,20,63.0,154,21,37580,400.0,7646,45226,2002,21.31,0.309,3.753,20.36,20층 1315㎡(42.3×31.1m) + 20층 564㎡(27.7×20.4m)
쌍둥이,5 미세조정,20+20,20,63.0,154,21,37580,400.0,7620,45200,2002,21.31,0.289,3.749,20.89,20층 1315㎡(41.2×31.9m) + 20층 564㎡(27.0×20.9m)
쌍둥이,5 미세조정,20+20,20,63.0,154,21,37580,400.0,7646,45226,2002,21.31,0.281,3.748,20.36,20층 1315㎡(42.3×31.1m) + 20층 564㎡(27.7×20.4m)
쌍둥이,5 미세조정,20+20,20,63.0,154,20,37580,400.0,7620,45200,2002,21.31,0.269,3.745,20.89,20층 1315㎡(41.2×31.9m) + 20층 564㎡(27.0×20.9m)
쌍둥이,5 미세조정,20+20,20,63.0,154,23,37580,400.0,7620,45200,2002,21.31,0.279,3.741,20.89,20층 1315㎡(41.2×31.9m) + 20층 564㎡(27.0×20.9m)
쌍둥이,5 미세조정,20+20,20,63.0,154,21,37580,400.0,7620,45200,2002,21.31,0.257,3.739,20.89,20층 1315㎡(41.2×31.9m) + 20층 564㎡(27.0×20.9m)
쌍둥이,5 미세조정,20+20,20,63.0,154,18,37580,400.0,7832,45412,2006,21.35,0.272,3.735,18.06,20층 1315㎡(47.7×27.6m) + 20층 564㎡(31.2×18.1m)
쌍둥이,5 미세조정,20+20,20,63.0,154,21,37580,400.0,7761,45341,2004,21.33,0.335,3.725,18.77,20층 1315㎡(45.9×28.7m) + 20층 564㎡(30.0×18.8m)
쌍둥이,5 미세조정,20+20,20,63.0,154,19,37580,400.0,7761,45341,2004,21.33,0.255,3.721,18.77,20층 1315㎡(45.9×28.7m) + 20층 564㎡(30.0×18.8m)
쌍둥이,5 미세조정,20+20,20,63.0,154,19,37580,400.0,7832,45412,2006,21.35,0.26,3.711,18.06,20층 1315㎡(47.7×27.6m) + 20층 564㎡(31.2×18.1m)
단일,1b 층수·세장비,20,20,63.0,154,3,37580,400.0,7613,45193,2004,21.33,0.274,3.676,17.7,20층 1879㎡(106.2×17.7m)
단일,1b 층수·세장비,20,20,63.0,155,27,37580,400.0,5937,43517,1976,21.03,0.286,3.838,27.42,20층 1879㎡(68.5×27.4m)
단일,1b 층수·세장비,20,20,63.0,155,20,37580,400.0,6186,43766,1980,21.08,0.252,3.792,25.03,20층 1879㎡(75.1×25.0m)
단일,1a 방위·위치,20,20,63.0,155,21,37580,400.0,6682,44262,1988,21.16,0.315,3.784,21.67,20층 1879㎡(86.7×21.7m)
쌍둥이,5 미세조정,20+20,20,63.0,155,20,37580,400.0,7580,45160,2001,21.3,0.289,3.77,22.08,20층 1315㎡(39.0×33.7m) + 20층 564㎡(25.5×22.1m)
쌍둥이,5 미세조정,20+20,20,63.0,155,22,37580,400.0,7580,45160,2001,21.3,0.269,3.758,22.08,20층 1315㎡(39.0×33.7m) + 20층 564㎡(25.5×22.1m)
단일,1b 층수·세장비,20,20,63.0,155,25,37580,400.0,6186,43766,1980,21.08,0.318,3.757,25.03,20층 1879㎡(75.1×25.0m)
쌍둥이,5 미세조정,20+20,20,63.0,155,21,37580,400.0,7646,45226,2002,21.31,0.294,3.74,20.36,20층 1315㎡(42.3×31.1m) + 20층 564㎡(27.7×20.4m)
쌍둥이,5 미세조정,20+20,20,63.0,155,22,37580,400.0,7646,45226,2002,21.31,0.309,3.739,20.36,20층 1315㎡(42.3×31.1m) + 20층 564㎡(27.7×20.4m)
쌍둥이,5 미세조정,20+20,20,63.0,155,21,37580,400.0,7661,45241,2003,21.32,0.297,3.737,20.1,20층 1315㎡(42.8×30.7m) + 20층 564㎡(28.0×20.1m)
쌍둥이,5 미세조정,20+20,20,63.0,155,21,37580,400.0,7695,45275,2003,21.32,0.325,3.735,19.59,20층 1315㎡(44.0×29.9m) + 20층 564㎡(28.8×19.6m)
쌍둥이,5 미세조정,20+20,20,63.0,155,22,37580,400.0,7661,45241,2003,21.32,0.312,3.735,20.1,20층 1315㎡(42.8×30.7m) + 20층 564㎡(28.0×20.1m)
쌍둥이,5 미세조정,20+20,20,63.0,155,21,37580,400.0,7720,45300,2004,21.33,0.329,3.731,19.26,20층 1315㎡(44.7×29.4m) + 20층 564㎡(29.3×19.3m)
쌍둥이,5 미세조정,20+20,20,63.0,155,20,37580,400.0,7832,45412,2006,21.35,0.262,3.694,18.06,20층 1315㎡(47.7×27.6m) + 20층 564㎡(31.2×18.1m)
단일,1b 층수·세장비,20,20,63.0,156,27,37580,400.0,5937,43517,1976,21.03,0.309,3.844,27.42,20층 1879㎡(68.5×27.4m)
단일,1b 층수·세장비,20,20,63.0,156,20,37580,400.0,6186,43766,1980,21.08,0.293,3.831,25.03,20층 1879㎡(75.1×25.0m)
단일,1b 층수·세장비,20,20,63.0,156,30,37580,400.0,5937,43517,1976,21.03,0.278,3.829,27.42,20층 1879㎡(68.5×27.4m)
단일,1b 층수·세장비,20,20,63.0,156,20,37580,400.0,6186,43766,1980,21.08,0.266,3.824,25.03,20층 1879㎡(75.1×25.0m)
단일,1b 층수·세장비,20,20,63.0,156,21,37580,400.0,6186,43766,1980,21.08,0.3,3.804,25.03,20층 1879㎡(75.1×25.0m)
단일,1b 층수·세장비,20,20,63.0,156,25,37580,400.0,6186,43766,1980,21.08,0.299,3.801,25.03,20층 1879㎡(75.1×25.0m)
단일,1b 층수·세장비,20,20,63.0,156,20,37580,400.0,6186,43766,1980,21.08,0.275,3.796,25.03,20층 1879㎡(75.1×25.0m)
쌍둥이,5 미세조정,20+20,20,63.0,156,20,37580,400.0,7569,45149,2001,21.3,0.275,3.79,22.66,20층 1315㎡(38.0×34.6m) + 20층 564㎡(24.9×22.7m)
쌍둥이,5 미세조정,20+20,20,63.0,156,23,37580,400.0,7569,45149,2001,21.3,0.269,3.775,22.66,20층 1315㎡(38.0×34.6m) + 20층 564㎡(24.9×22.7m)
쌍둥이,5 미세조정,20+20,20,63.0,156,23,37580,400.0,7580,45160,2001,21.3,0.276,3.77,22.08,20층 1315㎡(39.0×33.7m) + 20층 564㎡(25.5×22.1m)
쌍둥이,5 미세조정,20+20,20,63.0,156,21,37580,400.0,7620,45200,2002,21.31,0.302,3.761,20.89,20층 1315㎡(41.2×31.9m) + 20층 564㎡(27.0×20.9m)
쌍둥이,5 미세조정,20+20,20,63.0,156,18,37580,400.0,7735,45315,2004,21.33,0.286,3.758,19.07,20층 1315㎡(45.2×29.1m) + 20층 564㎡(29.6×19.1m)
쌍둥이,5 미세조정,20+20,20,63.0,156,22,37580,400.0,7620,45200,2002,21.31,0.31,3.757,20.89,20층 1315㎡(41.2×31.9m) + 20층 564㎡(27.0×20.9m)
쌍둥이,5 미세조정,20+20,20,63.0,156,21,37580,400.0,7599,45179,2002,21.31,0.297,3.753,21.43,20층 1315㎡(40.2×32.7m) + 20층 564㎡(26.3×21.4m)
쌍둥이,5 미세조정,20+20,20,63.0,156,18,37580,400.0,7778,45358,2005,21.34,0.291,3.75,18.59,20층 1315㎡(46.3×28.4m) + 20층 564㎡(30.3×18.6m)
쌍둥이,5 미세조정,20+20,20,63.0,156,23,37580,400.0,7620,45200,2002,21.31,0.281,3.748,20.89,20층 1315㎡(41.2×31.9m) + 20층 564㎡(27.0×20.9m)
쌍둥이,5 미세조정,20+20,20,63.0,156,22,37580,400.0,7620,45200,2002,21.31,0.303,3.742,20.89,20층 1315㎡(41.2×31.9m) + 20층 564㎡(27.0×20.9m)
단일,1b 층수·세장비,20,20,63.0,156,19,37580,400.0,6682,44262,1988,21.16,0.393,3.738,21.67,20층 1879㎡(86.7×21.7m)
쌍둥이,5 미세조정,20+20,20,63.0,156,21,37580,400.0,7661,45241,2003,21.32,0.313,3.729,20.1,20층 1315㎡(42.8×30.7m) + 20층 564㎡(28.0×20.1m)
쌍둥이,5 미세조정,20+20,20,63.0,156,17,37580,400.0,7948,45528,2007,21.37,0.308,3.727,17.13,20층 1315㎡(50.3×26.2m) + 20층 564㎡(32.9×17.1m)
쌍둥이,5 미세조정,20+20,20,63.0,156,23,37580,400.0,7646,45226,2002,21.31,0.254,3.722,20.36,20층 1315㎡(42.3×31.1m) + 20층 564㎡(27.7×20.4m)
쌍둥이,5 미세조정,20+20,20,63.0,156,21,37580,400.0,7720,45300,2004,21.33,0.322,3.721,19.26,20층 1315㎡(44.7×29.4m) + 20층 564㎡(29.3×19.3m)
쌍둥이,5 미세조정,20+20,20,63.0,156,23,37580,400.0,7695,45275,2003,21.32,0.263,3.711,19.59,20층 1315㎡(44.0×29.9m) + 20층 564㎡(28.8×19.6m)
쌍둥이,5 미세조정,20+20,20,63.0,156,21,37580,400.0,7735,45315,2004,21.33,0.254,3.708,19.07,20층 1315㎡(45.2×29.1m) + 20층 564㎡(29.6×19.1m)
쌍둥이,5 미세조정,20+20,20,63.0,156,21,37580,400.0,7761,45341,2004,21.33,0.257,3.699,18.77,20층 1315㎡(45.9×28.7m) + 20층 564㎡(30.0×18.8m)
쌍둥이,5 미세조정,20+20,20,63.0,156,21,37580,400.0,7778,45358,2005,21.34,0.258,3.694,18.59,20층 1315㎡(46.3×28.4m) + 20층 564㎡(30.3×18.6m)
단일,1a 방위·위치,20,20,63.0,157,16,37580,400.0,6682,44262,1988,21.16,0.282,3.849,21.67,20층 1879㎡(86.7×21.7m)
단일,1b 층수·세장비,20,20,63.0,157,26,37580,400.0,5937,43517,1976,21.03,0.264,3.83,27.42,20층 1879㎡(68.5×27.4m)
단일,1b 층수·세장비,20,20,63.0,157,21,37580,400.0,6186,43766,1980,21.08,0.325,3.813,25.03,20층 1879㎡(75.1×25.0m)
단일,1b 층수·세장비,20,20,63.0,157,24,37580,400.0,6186,43766,1980,21.08,0.274,3.792,25.03,20층 1879㎡(75.1×25.0m)
단일,1b 층수·세장비,20,20,63.0,157,12,37580,400.0,7159,44739,1996,21.25,0.306,3.779,19.39,20층 1879㎡(96.9×19.4m)
쌍둥이,5 미세조정,20+20,20,63.0,157,21,37580,400.0,7646,45226,2002,21.31,0.273,3.769,20.36,20층 1315㎡(42.3×31.1m) + 20층 564㎡(27.7×20.4m)
단일,1b 층수·세장비,20,20,63.0,157,21,37580,400.0,6682,44262,1988,21.16,0.344,3.767,21.67,20층 1879㎡(86.7×21.7m)
쌍둥이,5 미세조정,20+20,20,63.0,157,21,37580,400.0,7580,45160,2001,21.3,0.296,3.767,22.08,20층 1315㎡(39.0×33.7m) + 20층 564㎡(25.5×22.1m)
쌍둥이,5 미세조정,20+20,20,63.0,157,18,37580,400.0,7761,45341,2004,21.33,0.289,3.757,18.77,20층 1315㎡(45.9×28.7m) + 20층 564㎡(30.0×18.8m)
단일,1a 방위·위치,20,20,63.0,157,20,37580,400.0,6682,44262,1988,21.16,0.373,3.755,21.67,20층 1879㎡(86.7×21.7m)
쌍둥이,5 미세조정,20+20,20,63.0,157,18,37580,400.0,7761,45341,2004,21.33,0.289,3.754,18.77,20층 1315㎡(45.9×28.7m) + 20층 564㎡(30.0×18.8m)
쌍둥이,5 미세조정,20+20,20,63.0,157,23,37580,400.0,7646,45226,2002,21.31,0.294,3.754,20.36,20층 1315㎡(42.3×31.1m) + 20층 564㎡(27.7×20.4m)
단일,1b 층수·세장비,20,20,63.0,157,18,37580,400.0,6682,44262,1988,21.16,0.316,3.751,21.67,20층 1879㎡(86.7×21.7m)
쌍둥이,5 미세조정,20+20,20,63.0,157,23,37580,400.0,7661,45241,2003,21.32,0.319,3.747,20.1,20층 1315㎡(42.8×30.7m) + 20층 564㎡(28.0×20.1m)
쌍둥이,5 미세조정,20+20,20,63.0,157,23,37580,400.0,7646,45226,2002,21.31,0.262,3.743,20.36,20층 1315㎡(42.3×31.1m) + 20층 564㎡(27.7×20.4m)
쌍둥이,5 미세조정,20+20,20,63.0,157,23,37580,400.0,7646,45226,2002,21.31,0.285,3.74,20.36,20층 1315㎡(42.3×31.1m) + 20층 564㎡(27.7×20.4m)
쌍둥이,5 미세조정,20+20,20,63.0,157,21,37580,400.0,7720,45300,2004,21.33,0.291,3.734,19.26,20층 1315㎡(44.7×29.4m) + 20층 564㎡(29.3×19.3m)
쌍둥이,5 미세조정,20+20,20,63.0,157,23,37580,400.0,7646,45226,2002,21.31,0.253,3.726,20.36,20층 1315㎡(42.3×31.1m) + 20층 564㎡(27.7×20.4m)
단일,1a 방위·위치,20,20,63.0,157,18,37580,400.0,6682,44262,1988,21.16,0.362,3.724,21.67,20층 1879㎡(86.7×21.7m)
쌍둥이,5 미세조정,20+20,20,63.0,157,23,37580,400.0,7720,45300,2004,21.33,0.297,3.722,19.26,20층 1315㎡(44.7×29.4m) + 20층 564㎡(29.3×19.3m)
쌍둥이,5 미세조정,20+20,20,63.0,157,23,37580,400.0,7735,45315,2004,21.33,0.276,3.712,19.07,20층 1315㎡(45.2×29.1m) + 20층 564㎡(29.6×19.1m)
단일,1b 층수·세장비,20,20,63.0,157,17,37580,400.0,6682,44262,1988,21.16,0.333,3.711,21.67,20층 1879㎡(86.7×21.7m)
쌍둥이,5 미세조정,20+20,20,63.0,157,20,37580,400.0,7948,45528,2007,21.37,0.339,3.71,17.13,20층 1315㎡(50.3×26.2m) + 20층 564㎡(32.9×17.1m)
쌍둥이,5 미세조정,20+20,20,63.0,157,23,37580,400.0,7778,45358,2005,21.34,0.281,3.704,18.59,20층 1315㎡(46.3×28.4m) + 20층 564㎡(30.3×18.6m)
쌍둥이,5 미세조정,20+20,20,63.0,157,18,37580,400.0,7948,45528,2007,21.37,0.288,3.703,17.13,20층 1315㎡(50.3×26.2m) + 20층 564㎡(32.9×17.1m)
단일,1a 방위·위치,20,20,63.0,157,16,37580,400.0,6682,44262,1988,21.16,0.304,3.7,21.67,20층 1879㎡(86.7×21.7m)
단일,1b 층수·세장비,20,20,63.0,157,15,37580,400.0,6682,44262,1988,21.16,0.277,3.689,21.67,20층 1879㎡(86.7×21.7m)
단일,1b 층수·세장비,20,20,63.0,158,16,37580,400.0,6682,44262,1988,21.16,0.253,3.861,21.67,20층 1879㎡(86.7×21.7m)
단일,1b 층수·세장비,20,20,63.0,158,20,37580,400.0,6186,43766,1980,21.08,0.25,3.852,25.03,20층 1879㎡(75.1×25.0m)
단일,1b 층수·세장비,20,20,63.0,158,28,37580,400.0,5937,43517,1976,21.03,0.333,3.852,27.42,20층 1879㎡(68.5×27.4m)
단일,1b 층수·세장비,20,20,63.0,158,16,37580,400.0,6682,44262,1988,21.16,0.31,3.839,21.67,20층 1879㎡(86.7×21.7m)
단일,1b 층수·세장비,20,20,63.0,158,21,37580,400.0,6186,43766,1980,21.08,0.25,3.786,25.03,20층 1879㎡(75.1×25.0m)
쌍둥이,5 미세조정,20+20,20,63.0,158,21,37580,400.0,7580,45160,2001,21.3,0.268,3.779,22.08,20층 1315㎡(39.0×33.7m) + 20층 564㎡(25.5×22.1m)
단일,1b 층수·세장비,20,20,63.0,158,12,37580,400.0,7159,44739,1996,21.25,0.339,3.764,19.39,20층 1879㎡(96.9×19.4m)
쌍둥이,5 미세조정,20+20,20,63.0,158,21,37580,400.0,7620,45200,2002,21.31,0.281,3.764,20.89,20층 1315㎡(41.2×31.9m) + 20층 564㎡(27.0×20.9m)
쌍둥이,5 미세조정,20+20,20,63.0,158,21,37580,400.0,7599,45179,2002,21.31,0.304,3.759,21.43,20층 1315㎡(40.2×32.7m) + 20층 564㎡(26.3×21.4m)
쌍둥이,5 미세조정,20+20,20,63.0,158,19,37580,400.0,7720,45300,2004,21.33,0.308,3.758,19.26,20층 1315㎡(44.7×29.4m) + 20층 564㎡(29.3×19.3m)
쌍둥이,5 미세조정,20+20,20,63.0,158,21,37580,400.0,7620,45200,2002,21.31,0.31,3.752,20.89,20층 1315㎡(41.2×31.9m) + 20층 564㎡(27.0×20.9m)
쌍둥이,5 미세조정,20+20,20,63.0,158,19,37580,400.0,7761,45341,2004,21.33,0.314,3.75,18.77,20층 1315㎡(45.9×28.7m) + 20층 564㎡(30.0×18.8m)
단일,1b 층수·세장비,20,20,63.0,158,12,37580,400.0,7159,44739,1996,21.25,0.372,3.746,19.39,20층 1879㎡(96.9×19.4m)
쌍둥이,5 미세조정,20+20,20,63.0,158,21,37580,400.0,7646,45226,2002,21.31,0.316,3.746,20.36,20층 1315㎡(42.3×31.1m) + 20층 564㎡(27.7×20.4m)
단일,1a 방위·위치,20,20,63.0,158,16,37580,400.0,6682,44262,1988,21.16,0.288,3.745,21.67,20층 1879㎡(86.7×21.7m)
쌍둥이,5 미세조정,20+20,20,63.0,158,20,37580,400.0,7778,45358,2005,21.34,0.322,3.741,18.59,20층 1315㎡(46.3×28.4m) + 20층 564㎡(30.3×18.6m)
쌍둥이,5 미세조정,20+20,20,63.0,158,18,37580,400.0,7832,45412,2006,21.35,0.322,3.739,18.06,20층 1315㎡(47.7×27.6m) + 20층 564㎡(31.2×18.1m)
쌍둥이,5 미세조정,20+20,20,63.0,158,23,37580,400.0,7646,45226,2002,21.31,0.261,3.735,20.36,20층 1315㎡(42.3×31.1m) + 20층 564㎡(27.7×20.4m)
쌍둥이,5 미세조정,20+20,20,63.0,158,20,37580,400.0,7720,45300,2004,21.33,0.312,3.735,19.26,20층 1315㎡(44.7×29.4m) + 20층 564㎡(29.3×19.3m)
쌍둥이,5 미세조정,20+20,20,63.0,158,23,37580,400.0,7661,45241,2003,21.32,0.288,3.735,20.1,20층 1315㎡(42.8×30.7m) + 20층 564㎡(28.0×20.1m)
쌍둥이,5 미세조정,20+20,20,63.0,158,21,37580,400.0,7832,45412,2006,21.35,0.328,3.73,18.06,20층 1315㎡(47.7×27.6m) + 20층 564㎡(31.2×18.1m)
쌍둥이,5 미세조정,20+20,20,63.0,158,23,37580,400.0,7778,45358,2005,21.34,0.336,3.73,18.59,20층 1315㎡(46.3×28.4m) + 20층 564㎡(30.3×18.6m)
쌍둥이,5 미세조정,20+20,20,63.0,158,20,37580,400.0,7761,45341,2004,21.33,0.317,3.728,18.77,20층 1315㎡(45.9×28.7m) + 20층 564㎡(30.0×18.8m)
쌍둥이,5 미세조정,20+20,20,63.0,158,23,37580,400.0,7695,45275,2003,21.32,0.293,3.727,19.59,20층 1315㎡(44.0×29.9m) + 20층 564㎡(28.8×19.6m)
쌍둥이,5 미세조정,20+20,20,63.0,158,22,37580,400.0,7720,45300,2004,21.33,0.322,3.724,19.26,20층 1315㎡(44.7×29.4m) + 20층 564㎡(29.3×19.3m)
쌍둥이,5 미세조정,20+20,20,63.0,158,23,37580,400.0,7832,45412,2006,21.35,0.311,3.701,18.06,20층 1315㎡(47.7×27.6m) + 20층 564㎡(31.2×18.1m)
쌍둥이,5 미세조정,20+20,20,63.0,158,23,37580,400.0,7778,45358,2005,21.34,0.274,3.695,18.59,20층 1315㎡(46.3×28.4m) + 20층 564㎡(30.3×18.6m)
단일,1a 방위·위치,20,20,63.0,158,23,37580,400.0,6682,44262,1988,21.16,0.314,3.691,21.67,20층 1879㎡(86.7×21.7m)
단일,1b 층수·세장비,20,20,63.0,159,22,37580,400.0,6186,43766,1980,21.08,0.335,3.829,25.03,20층 1879㎡(75.1×25.0m)
단일,1b 층수·세장비,20,20,63.0,159,20,37580,400.0,6682,44262,1988,21.16,0.27,3.828,21.67,20층 1879㎡(86.7×21.7m)
단일,1b 층수·세장비,20,20,63.0,159,22,37580,400.0,6186,43766,1980,21.08,0.351,3.821,25.03,20층 1879㎡(75.1×25.0m)
단일,1b 층수·세장비,20,20,63.0,159,12,37580,400.0,7159,44739,1996,21.25,0.275,3.798,19.39,20층 1879㎡(96.9×19.4m)
쌍둥이,5 미세조정,20+20,20,63.0,159,20,37580,400.0,7661,45241,2003,21.32,0.251,3.781,20.1,20층 1315㎡(42.8×30.7m) + 20층 564㎡(28.0×20.1m)
쌍둥이,5 미세조정,20+20,20,63.0,159,21,37580,400.0,7620,45200,2002,21.31,0.274,3.774,20.89,20층 1315㎡(41.2×31.9m) + 20층 564㎡(27.0×20.9m)
단일,1a 방위·위치,20,20,63.0,159,18,37580,400.0,6682,44262,1988,21.16,0.346,3.763,21.67,20층 1879㎡(86.7×21.7m)
단일,1b 층수·세장비,20,20,63.0,159,15,37580,400.0,6682,44262,1988,21.16,0.26,3.737,21.67,20층 1879㎡(86.7×21.7m)
쌍둥이,5 미세조정,20+20,20,63.0,159,18,37580,400.0,7948,45528,2007,21.37,0.307,3.735,17.13,20층 1315㎡(50.3×26.2m) + 20층 564㎡(32.9×17.1m)
쌍둥이,5 미세조정,20+20,20,63.0,159,23,37580,400.0,7695,45275,2003,21.32,0.262,3.713,19.59,20층 1315㎡(44.0×29.9m) + 20층 564㎡(28.8×19.6m)
단일,1b 층수·세장비,20,20,63.0,159,7,37580,400.0,7159,44739,1996,21.25,0.327,3.709,19.39,20층 1879㎡(96.9×19.4m)
쌍둥이,5 미세조정,20+20,20,63.0,159,23,37580,400.0,7720,45300,2004,21.33,0.266,3.706,19.26,20층 1315㎡(44.7×29.4m) + 20층 564㎡(29.3×19.3m)
단일,1b 층수·세장비,20,20,63.0,159,23,37580,400.0,6682,44262,1988,21.16,0.344,3.704,21.67,20층 1879㎡(86.7×21.7m)
단일,1b 층수·세장비,20,20,63.0,159,7,37580,400.0,7613,45193,2004,21.33,0.406,3.698,17.7,20층 1879㎡(106.2×17.7m)
단일,1b 층수·세장비,20,20,63.0,159,6,37580,400.0,7159,44739,1996,21.25,0.295,3.698,19.39,20층 1879㎡(96.9×19.4m)
단일,1b 층수·세장비,20,20,63.0,159,6,37580,400.0,7159,44739,1996,21.25,0.263,3.69,19.39,20층 1879㎡(96.9×19.4m)
단일,1a 방위·위치,20,20,63.0,159,20,37580,400.0,6682,44262,1988,21.16,0.256,3.665,21.67,20층 1879㎡(86.7×21.7m)
단일,1b 층수·세장비,20,20,63.0,160,25,37580,400.0,6186,43766,1980,21.08,0.259,3.86,25.03,20층 1879㎡(75.1×25.0m)
단일,1b 층수·세장비,20,20,63.0,160,26,37580,400.0,6186,43766,1980,21.08,0.283,3.851,25.03,20층 1879㎡(75.1×25.0m)
단일,1b 층수·세장비,20,20,63.0,160,16,37580,400.0,6682,44262,1988,21.16,0.377,3.77,21.67,20층 1879㎡(86.7×21.7m)
단일,1a 방위·위치,20,20,63.0,160,16,37580,400.0,6682,44262,1988,21.16,0.347,3.762,21.67,20층 1879㎡(86.7×21.7m)
쌍둥이,5 미세조정,20+20,20,63.0,160,23,37580,400.0,7599,45179,2002,21.31,0.251,3.755,21.43,20층 1315㎡(40.2×32.7m) + 20층 564㎡(26.3×21.4m)
단일,1a 방위·위치,20,20,63.0,160,23,37580,400.0,6682,44262,1988,21.16,0.266,3.754,21.67,20층 1879㎡(86.7×21.7m)
쌍둥이,5 미세조정,20+20,20,63.0,160,23,37580,400.0,7661,45241,2003,21.32,0.296,3.753,20.1,20층 1315㎡(42.8×30.7m) + 20층 564㎡(28.0×20.1m)
단일,1b 층수·세장비,20,20,63.0,160,19,37580,400.0,7159,44739,1996,21.25,0.323,3.749,19.39,20층 1879㎡(96.9×19.4m)
단일,1a 방위·위치,20,20,63.0,160,14,37580,400.0,6682,44262,1988,21.16,0.289,3.74,21.67,20층 1879㎡(86.7×21.7m)
단일,1b 층수·세장비,20,20,63.0,160,23,37580,400.0,6682,44262,1988,21.16,0.295,3.737,21.67,20층 1879㎡(86.7×21.7m)
쌍둥이,5 미세조정,20+20,20,63.0,160,23,37580,400.0,7661,45241,2003,21.32,0.256,3.723,20.1,20층 1315㎡(42.8×30.7m) + 20층 564㎡(28.0×20.1m)
단일,1a 방위·위치,20,20,63.0,160,23,37580,400.0,6682,44262,1988,21.16,0.325,3.72,21.67,20층 1879㎡(86.7×21.7m)
단일,1b 층수·세장비,20,20,63.0,160,9,37580,400.0,7159,44739,1996,21.25,0.36,3.72,19.39,20층 1879㎡(96.9×19.4m)
단일,1b 층수·세장비,20,20,63.0,161,28,37580,400.0,5937,43517,1976,21.03,0.25,3.884,27.42,20층 1879㎡(68.5×27.4m)
단일,1b 층수·세장비,20,20,63.0,161,28,37580,400.0,5937,43517,1976,21.03,0.294,3.866,27.42,20층 1879㎡(68.5×27.4m)
단일,1b 층수·세장비,20,20,63.0,161,28,37580,400.0,5937,43517,1976,21.03,0.318,3.857,27.42,20층 1879㎡(68.5×27.4m)
단일,1a 방위·위치,20,20,63.0,161,20,37580,400.0,6682,44262,1988,21.16,0.298,3.811,21.67,20층 1879㎡(86.7×21.7m)
단일,1a 방위·위치,20,20,63.0,161,16,37580,400.0,6682,44262,1988,21.16,0.358,3.783,21.67,20층 1879㎡(86.7×21.7m)
단일,1b 층수·세장비,20,20,63.0,161,18,37580,400.0,7159,44739,1996,21.25,0.261,3.78,19.39,20층 1879㎡(96.9×19.4m)
단일,1b 층수·세장비,20,20,63.0,161,19,37580,400.0,6682,44262,1988,21.16,0.376,3.774,21.67,20층 1879㎡(86.7×21.7m)
단일,1b 층수·세장비,20,20,63.0,161,29,37580,400.0,6186,43766,1980,21.08,0.309,3.772,25.03,20층 1879㎡(75.1×25.0m)
단일,1b 층수·세장비,20,20,63.0,161,19,37580,400.0,7159,44739,1996,21.25,0.291,3.764,19.39,20층 1879㎡(96.9×19.4m)
단일,1b 층수·세장비,20,20,63.0,161,27,37580,400.0,6186,43766,1980,21.08,0.283,3.759,25.03,20층 1879㎡(75.1×25.0m)
단일,1b 층수·세장비,20,20,63.0,161,15,37580,400.0,6682,44262,1988,21.16,0.318,3.749,21.67,20층 1879㎡(86.7×21.7m)
쌍둥이,5 미세조정,20+20,20,63.0,161,23,37580,400.0,7735,45315,2004,21.33,0.331,3.735,19.07,20층 1315㎡(45.2×29.1m) + 20층 564㎡(29.6×19.1m)
쌍둥이,5 미세조정,20+20,20,63.0,161,18,37580,400.0,7832,45412,2006,21.35,0.296,3.734,18.06,20층 1315㎡(47.7×27.6m) + 20층 564㎡(31.2×18.1m)
쌍둥이,5 미세조정,20+20,20,63.0,161,23,37580,400.0,7778,45358,2005,21.34,0.312,3.732,18.59,20층 1315㎡(46.3×28.4m) + 20층 564㎡(30.3×18.6m)
단일,1b 층수·세장비,20,20,63.0,161,10,37580,400.0,7159,44739,1996,21.25,0.394,3.731,19.39,20층 1879㎡(96.9×19.4m)
쌍둥이,5 미세조정,20+20,20,63.0,161,23,37580,400.0,7832,45412,2006,21.35,0.311,3.702,18.06,20층 1315㎡(47.7×27.6m) + 20층 564㎡(31.2×18.1m)
쌍둥이,5 미세조정,20+20,20,63.0,161,22,37580,400.0,7832,45412,2006,21.35,0.27,3.698,18.06,20층 1315㎡(47.7×27.6m) + 20층 564㎡(31.2×18.1m)
쌍둥이,5 미세조정,20+20,20,63.0,161,23,37580,400.0,7778,45358,2005,21.34,0.274,3.698,18.59,20층 1315㎡(46.3×28.4m) + 20층 564㎡(30.3×18.6m)
단일,1b 층수·세장비,20,20,63.0,161,21,37580,400.0,6682,44262,1988,21.16,0.284,3.678,21.67,20층 1879㎡(86.7×21.7m)
단일,1b 층수·세장비,20,20,63.0,162,28,37580,400.0,5937,43517,1976,21.03,0.272,3.873,27.42,20층 1879㎡(68.5×27.4m)
단일,1b 층수·세장비,20,20,63.0,162,21,37580,400.0,6186,43766,1980,21.08,0.284,3.849,25.03,20층 1879㎡(75.1×25.0m)
단일,1b 층수·세장비,20,20,63.0,162,22,37580,400.0,6186,43766,1980,21.08,0.309,3.839,25.03,20층 1879㎡(75.1×25.0m)
단일,1b 층수·세장비,20,20,63.0,162,27,37580,400.0,6186,43766,1980,21.08,0.292,3.802,25.03,20층 1879㎡(75.1×25.0m)
단일,1b 층수·세장비,20,20,63.0,162,20,37580,400.0,6682,44262,1988,21.16,0.327,3.799,21.67,20층 1879㎡(86.7×21.7m)
단일,1b 층수·세장비,20,20,63.0,162,27,37580,400.0,6186,43766,1980,21.08,0.318,3.791,25.03,20층 1879㎡(75.1×25.0m)
단일,1a 방위·위치,20,20,63.0,162,21,37580,400.0,6682,44262,1988,21.16,0.357,3.784,21.67,20층 1879㎡(86.7×21.7m)
쌍둥이,5 미세조정,20+20,20,63.0,162,21,37580,400.0,7720,45300,2004,21.33,0.332,3.752,19.26,20층 1315㎡(44.7×29.4m) + 20층 564㎡(29.3×19.3m)
쌍둥이,5 미세조정,20+20,20,63.0,162,23,37580,400.0,7646,45226,2002,21.31,0.292,3.74,20.36,20층 1315㎡(42.3×31.1m) + 20층 564㎡(27.7×20.4m)
단일,1b 층수·세장비,20,20,63.0,162,13,37580,400.0,6682,44262,1988,21.16,0.261,3.733,21.67,20층 1879㎡(86.7×21.7m)
쌍둥이,5 미세조정,20+20,20,63.0,162,23,37580,400.0,7948,45528,2007,21.37,0.322,3.681,17.13,20층 1315㎡(50.3×26.2m) + 20층 564㎡(32.9×17.1m)
단일,1b 층수·세장비,20,20,63.0,163,21,37580,400.0,6186,43766,1980,21.08,0.26,3.858,25.03,20층 1879㎡(75.1×25.0m)
쌍둥이,5 미세조정,20+20,20,63.0,163,21,37580,400.0,7761,45341,2004,21.33,0.341,3.738,18.77,20층 1315㎡(45.9×28.7m) + 20층 564㎡(30.0×18.8m)
쌍둥이,5 미세조정,20+20,20,63.0,163,22,37580,400.0,7720,45300,2004,21.33,0.288,3.732,19.26,20층 1315㎡(44.7×29.4m) + 20층 564㎡(29.3×19.3m)
쌍둥이,5 미세조정,20+20,20,63.0,163,20,37580,400.0,7720,45300,2004,21.33,0.267,3.729,19.26,20층 1315㎡(44.7×29.4m) + 20층 564㎡(29.3×19.3m)
쌍둥이,5 미세조정,20+20,20,63.0,163,17,37580,400.0,7948,45528,2007,21.37,0.332,3.727,17.13,20층 1315㎡(50.3×26.2m) + 20층 564㎡(32.9×17.1m)
쌍둥이,5 미세조정,20+20,20,63.0,163,20,37580,400.0,7761,45341,2004,21.33,0.271,3.722,18.77,20층 1315㎡(45.9×28.7m) + 20층 564㎡(30.0×18.8m)
쌍둥이,5 미세조정,20+20,20,63.0,163,21,37580,400.0,7720,45300,2004,21.33,0.26,3.718,19.26,20층 1315㎡(44.7×29.4m) + 20층 564㎡(29.3×19.3m)
단일,1b 층수·세장비,20,20,63.0,164,16,37580,400.0,6682,44262,1988,21.16,0.328,3.795,21.67,20층 1879㎡(86.7×21.7m)
쌍둥이,5 미세조정,20+20,20,63.0,164,21,37580,400.0,7646,45226,2002,21.31,0.278,3.76,20.36,20층 1315㎡(42.3×31.1m) + 20층 564㎡(27.7×20.4m)
쌍둥이,5 미세조정,20+20,20,63.0,164,20,37580,400.0,7720,45300,2004,21.33,0.309,3.748,19.26,20층 1315㎡(44.7×29.4m) + 20층 564㎡(29.3×19.3m)
쌍둥이,5 미세조정,20+20,20,63.0,164,22,37580,400.0,7720,45300,2004,21.33,0.305,3.725,19.26,20층 1315㎡(44.7×29.4m) + 20층 564㎡(29.3×19.3m)
쌍둥이,5 미세조정,20+20,20,63.0,164,18,37580,400.0,7948,45528,2007,21.37,0.305,3.721,17.13,20층 1315㎡(50.3×26.2m) + 20층 564㎡(32.9×17.1m)
쌍둥이,5 미세조정,20+20,20,63.0,164,20,37580,400.0,7948,45528,2007,21.37,0.36,3.717,17.13,20층 1315㎡(50.3×26.2m) + 20층 564㎡(32.9×17.1m)
단일,1b 층수·세장비,20,20,63.0,164,15,37580,400.0,7159,44739,1996,21.25,0.376,3.679,19.39,20층 1879㎡(96.9×19.4m)
쌍둥이,5 미세조정,20+20,20,63.0,165,22,37580,400.0,7646,45226,2002,21.31,0.319,3.768,20.36,20층 1315㎡(42.3×31.1m) + 20층 564㎡(27.7×20.4m)
쌍둥이,5 미세조정,20+20,20,63.0,165,20,37580,400.0,7646,45226,2002,21.31,0.261,3.755,20.36,20층 1315㎡(42.3×31.1m) + 20층 564㎡(27.7×20.4m)
쌍둥이,5 미세조정,20+20,20,63.0,165,22,37580,400.0,7646,45226,2002,21.31,0.257,3.744,20.36,20층 1315㎡(42.3×31.1m) + 20층 564㎡(27.7×20.4m)
단일,1b 층수·세장비,20,20,63.0,165,19,37580,400.0,7159,44739,1996,21.25,0.355,3.729,19.39,20층 1879㎡(96.9×19.4m)
쌍둥이,5 미세조정,20+20,20,63.0,165,23,37580,400.0,7720,45300,2004,21.33,0.273,3.721,19.26,20층 1315㎡(44.7×29.4m) + 20층 564㎡(29.3×19.3m)
쌍둥이,5 미세조정,20+20,20,63.0,165,17,37580,400.0,7948,45528,2007,21.37,0.33,3.718,17.13,20층 1315㎡(50.3×26.2m) + 20층 564㎡(32.9×17.1m)
단일,1b 층수·세장비,20,20,63.0,165,19,37580,400.0,7159,44739,1996,21.25,0.389,3.714,19.39,20층 1879㎡(96.9×19.4m)
쌍둥이,5 미세조정,20+20,20,63.0,165,19,37580,400.0,7832,45412,2006,21.35,0.277,3.71,18.06,20층 1315㎡(47.7×27.6m) + 20층 564㎡(31.2×18.1m)
쌍둥이,5 미세조정,20+20,20,63.0,165,22,37580,400.0,7832,45412,2006,21.35,0.293,3.699,18.06,20층 1315㎡(47.7×27.6m) + 20층 564㎡(31.2×18.1m)
쌍둥이,5 미세조정,20+20,20,63.0,165,19,37580,400.0,7948,45528,2007,21.37,0.309,3.699,17.13,20층 1315㎡(50.3×26.2m) + 20층 564㎡(32.9×17.1m)
쌍둥이,5 미세조정,20+20,20,63.0,165,19,37580,400.0,7948,45528,2007,21.37,0.309,3.698,17.13,20층 1315㎡(50.3×26.2m) + 20층 564㎡(32.9×17.1m)
단일,1b 층수·세장비,20,20,63.0,165,17,37580,400.0,7159,44739,1996,21.25,0.41,3.694,19.39,20층 1879㎡(96.9×19.4m)
쌍둥이,5 미세조정,20+20,20,63.0,165,23,37580,400.0,7832,45412,2006,21.35,0.261,3.692,18.06,20층 1315㎡(47.7×27.6m) + 20층 564㎡(31.2×18.1m)
쌍둥이,5 미세조정,20+20,20,63.0,165,23,37580,400.0,7832,45412,2006,21.35,0.256,3.691,18.06,20층 1315㎡(47.7×27.6m) + 20층 564㎡(31.2×18.1m)
쌍둥이,5 미세조정,20+20,20,63.0,165,23,37580,400.0,7948,45528,2007,21.37,0.321,3.688,17.13,20층 1315㎡(50.3×26.2m) + 20층 564㎡(32.9×17.1m)
단일,1b 층수·세장비,20,20,63.0,165,14,37580,400.0,7159,44739,1996,21.25,0.343,3.665,19.39,20층 1879㎡(96.9×19.4m)
단일,1b 층수·세장비,20,20,63.0,165,13,37580,400.0,7159,44739,1996,21.25,0.311,3.65,19.39,20층 1879㎡(96.9×19.4m)
쌍둥이,5 미세조정,20+20,20,63.0,166,22,37580,400.0,7646,45226,2002,21.31,0.323,3.759,20.36,20층 1315㎡(42.3×31.1m) + 20층 564㎡(27.7×20.4m)
쌍둥이,5 미세조정,20+20,20,63.0,166,18,37580,400.0,7761,45341,2004,21.33,0.273,3.733,18.77,20층 1315㎡(45.9×28.7m) + 20층 564㎡(30.0×18.8m)
단일,1a 방위·위치,20,20,63.0,166,22,37580,400.0,6682,44262,1988,21.16,0.33,3.72,21.67,20층 1879㎡(86.7×21.7m)
쌍둥이,5 미세조정,20+20,20,63.0,166,17,37580,400.0,7948,45528,2007,21.37,0.306,3.716,17.13,20층 1315㎡(50.3×26.2m) + 20층 564㎡(32.9×17.1m)
단일,1b 층수·세장비,20,20,63.0,166,20,37580,400.0,6682,44262,1988,21.16,0.301,3.709,21.67,20층 1879㎡(86.7×21.7m)
단일,1b 층수·세장비,20,20,63.0,166,13,37580,400.0,7159,44739,1996,21.25,0.344,3.675,19.39,20층 1879㎡(96.9×19.4m)
단일,1b 층수·세장비,20,20,63.0,166,11,37580,400.0,7159,44739,1996,21.25,0.311,3.662,19.39,20층 1879㎡(96.9×19.4m)
단일,1b 층수·세장비,20,20,63.0,166,12,37580,400.0,7159,44739,1996,21.25,0.28,3.64,19.39,20층 1879㎡(96.9×19.4m)
단일,1a 방위·위치,20,20,63.0,167,16,37580,400.0,6682,44262,1988,21.16,0.3,3.806,21.67,20층 1879㎡(86.7×21.7m)
단일,1b 층수·세장비,20,20,63.0,167,13,37580,400.0,7159,44739,1996,21.25,0.259,3.758,19.39,20층 1879㎡(96.9×19.4m)
단일,1a 방위·위치,20,20,63.0,167,22,37580,400.0,6682,44262,1988,21.16,0.342,3.746,21.67,20층 1879㎡(86.7×21.7m)
단일,1b 층수·세장비,20,20,63.0,167,13,37580,400.0,7159,44739,1996,21.25,0.357,3.709,19.39,20층 1879㎡(96.9×19.4m)
쌍둥이,5 미세조정,20+20,20,63.0,167,18,37580,400.0,7832,45412,2006,21.35,0.256,3.708,18.06,20층 1315㎡(47.7×27.6m) + 20층 564㎡(31.2×18.1m)
단일,1a 방위·위치,20,20,63.0,167,20,37580,400.0,6682,44262,1988,21.16,0.272,3.699,21.67,20층 1879㎡(86.7×21.7m)
단일,1b 층수·세장비,20,20,63.0,167,7,37580,400.0,7613,45193,2004,21.33,0.318,3.623,17.7,20층 1879㎡(106.2×17.7m)
단일,1b 층수·세장비,20,20,63.0,168,17,37580,400.0,6682,44262,1988,21.16,0.272,3.821,21.67,20층 1879㎡(86.7×21.7m)
단일,1a 방위·위치,20,20,63.0,168,16,37580,400.0,6682,44262,1988,21.16,0.299,3.786,21.67,20층 1879㎡(86.7×21.7m)
단일,1b 층수·세장비,20,20,63.0,168,16,37580,400.0,6682,44262,1988,21.16,0.319,3.776,21.67,20층 1879㎡(86.7×21.7m)
쌍둥이,5 미세조정,20+20,20,63.0,168,21,37580,400.0,7720,45300,2004,21.33,0.28,3.725,19.26,20층 1315㎡(44.7×29.4m) + 20층 564㎡(29.3×19.3m)
단일,1b 층수·세장비,20,20,63.0,168,12,37580,400.0,7159,44739,1996,21.25,0.323,3.724,19.39,20층 1879㎡(96.9×19.4m)
쌍둥이,5 미세조정,20+20,20,63.0,168,22,37580,400.0,7761,45341,2004,21.33,0.31,3.724,18.77,20층 1315㎡(45.9×28.7m) + 20층 564㎡(30.0×18.8m)
쌍둥이,5 미세조정,20+20,20,63.0,168,22,37580,400.0,7761,45341,2004,21.33,0.261,3.72,18.77,20층 1315㎡(45.9×28.7m) + 20층 564㎡(30.0×18.8m)
쌍둥이,5 미세조정,20+20,20,63.0,168,21,37580,400.0,7761,45341,2004,21.33,0.286,3.718,18.77,20층 1315㎡(45.9×28.7m) + 20층 564㎡(30.0×18.8m)
쌍둥이,5 미세조정,20+20,20,63.0,168,19,37580,400.0,7948,45528,2007,21.37,0.336,3.707,17.13,20층 1315㎡(50.3×26.2m) + 20층 564㎡(32.9×17.1m)
쌍둥이,5 미세조정,20+20,20,63.0,168,21,37580,400.0,7832,45412,2006,21.35,0.268,3.703,18.06,20층 1315㎡(47.7×27.6m) + 20층 564㎡(31.2×18.1m)
쌍둥이,5 미세조정,20+20,20,63.0,168,22,37580,400.0,7948,45528,2007,21.37,0.266,3.671,17.13,20층 1315㎡(50.3×26.2m) + 20층 564㎡(32.9×17.1m)
단일,1b 층수·세장비,20,20,63.0,169,21,37580,400.0,6682,44262,1988,21.16,0.312,3.761,21.67,20층 1879㎡(86.7×21.7m)
쌍둥이,5 미세조정,20+20,20,63.0,169,20,37580,400.0,7720,45300,2004,21.33,0.311,3.742,19.26,20층 1315㎡(44.7×29.4m) + 20층 564㎡(29.3×19.3m)
쌍둥이,5 미세조정,20+20,20,63.0,169,22,37580,400.0,7761,45341,2004,21.33,0.255,3.709,18.77,20층 1315㎡(45.9×28.7m) + 20층 564㎡(30.0×18.8m)
쌍둥이,5 미세조정,20+20,20,63.0,169,21,37580,400.0,7948,45528,2007,21.37,0.328,3.703,17.13,20층 1315㎡(50.3×26.2m) + 20층 564㎡(32.9×17.1m)
단일,1a 방위·위치,20,20,63.0,169,22,37580,400.0,6682,44262,1988,21.16,0.255,3.689,21.67,20층 1879㎡(86.7×21.7m)
단일,1b 층수·세장비,20,20,63.0,169,9,37580,400.0,7613,45193,2004,21.33,0.354,3.638,17.7,20층 1879㎡(106.2×17.7m)
단일,1a 방위·위치,20,20,63.0,170,19,37580,400.0,6682,44262,1988,21.16,0.272,3.721,21.67,20층 1879㎡(86.7×21.7m)
단일,1b 층수·세장비,20,20,63.0,170,9,37580,400.0,7613,45193,2004,21.33,0.331,3.688,17.7,20층 1879㎡(106.2×17.7m)
쌍둥이,5 미세조정,20+20,20,63.0,170,22,37580,400.0,7948,45528,2007,21.37,0.271,3.676,17.13,20층 1315㎡(50.3×26.2m) + 20층 564㎡(32.9×17.1m)
단일,1b 층수·세장비,20,20,63.0,170,9,37580,400.0,7613,45193,2004,21.33,0.368,3.67,17.7,20층 1879㎡(106.2×17.7m)
단일,1a 방위·위치,20,20,63.0,171,21,37580,400.0,6682,44262,1988,21.16,0.283,3.775,21.67,20층 1879㎡(86.7×21.7m)
단일,1a 방위·위치,20,20,63.0,171,19,37580,400.0,6682,44262,1988,21.16,0.283,3.748,21.67,20층 1879㎡(86.7×21.7m)
단일,1b 층수·세장비,20,20,63.0,171,9,37580,400.0,7613,45193,2004,21.33,0.26,3.726,17.7,20층 1879㎡(106.2×17.7m)
쌍둥이,5 미세조정,20+20,20,63.0,171,21,37580,400.0,7761,45341,2004,21.33,0.254,3.712,18.77,20층 1315㎡(45.9×28.7m) + 20층 564㎡(30.0×18.8m)
단일,1b 층수·세장비,20,20,63.0,172,21,37580,400.0,6682,44262,1988,21.16,0.255,3.789,21.67,20층 1879㎡(86.7×21.7m)
단일,1a 방위·위치,20,20,63.0,172,20,37580,400.0,6682,44262,1988,21.16,0.266,3.717,21.67,20층 1879㎡(86.7×21.7m)
단일,1b 층수·세장비,20,20,63.0,178,16,37580,400.0,7159,44739,1996,21.25,0.269,3.639,19.39,20층 1879㎡(96.9×19.4m)
