{
 "type": "FeatureCollection",
 "features": [
  {
   "type": "Feature",
   "geometry": {
    "type": "Point",
    "coordinates": [
     126.93310128,
     37.52555377
    ]
   },
   "properties": {
    "pid": "여의도고등학교 ①(4층) 1층-1",
    "school": "여의도고등학교",
    "jibun": "30-1",
    "kind": "교사동 창면",
    "dong": "여의도고등학교 ①(4층)",
    "floor": 1,
    "z_m": 1.2,
    "normal_az": 232.7,
    "grade": "B",
    "근거등급": "B 일반식(전부 추정)",
    "근거": "일반식(도면 없음)",
    "추정항목": "도면 미수령. 층고 3.5m·창중심 바닥+1.2m·남향계열 외벽 전체를 5m 등간격 으로 분할 — 층고·창높이·수평배치가 **전부 가정값**이다. 도면을 받으면 위치와 높이가 모두 바뀐다",
    "estimated": true
   }
  },
  {
   "type": "Feature",
   "geometry": {
    "type": "Point",
    "coordinates": [
     126.93310128,
     37.52555377
    ]
   },
   "properties": {
    "pid": "여의도고등학교 ①(4층) 2층-1",
    "school": "여의도고등학교",
    "jibun": "30-1",
    "kind": "교사동 창면",
    "dong": "여의도고등학교 ①(4층)",
    "floor": 2,
    "z_m": 4.7,
    "normal_az": 232.7,
    "grade": "B",
    "근거등급": "B 일반식(전부 추정)",
    "근거": "일반식(도면 없음)",
    "추정항목": "도면 미수령. 층고 3.5m·창중심 바닥+1.2m·남향계열 외벽 전체를 5m 등간격 으로 분할 — 층고·창높이·수평배치가 **전부 가정값**이다. 도면을 받으면 위치와 높이가 모두 바뀐다",
    "estimated": true
   }
  },
  {
   "type": "Feature",
   "geometry": {
    "type": "Point",
    "coordinates": [
     126.93310128,
     37.52555377
    ]
   },
   "properties": {
    "pid": "여의도고등학교 ①(4층) 3층-1",
    "school": "여의도고등학교",
    "jibun": "30-1",
    "kind": "교사동 창면",
    "dong": "여의도고등학교 ①(4층)",
    "floor": 3,
    "z_m": 8.2,
    "normal_az": 232.7,
    "grade": "B",
    "근거등급": "B 일반식(전부 추정)",
    "근거": "일반식(도면 없음)",
    "추정항목": "도면 미수령. 층고 3.5m·창중심 바닥+1.2m·남향계열 외벽 전체를 5m 등간격 으로 분할 — 층고·창높이·수평배치가 **전부 가정값**이다. 도면을 받으면 위치와 높이가 모두 바뀐다",
    "estimated": true
   }
  },
  {
   "type": "Feature",
   "geometry": {
    "type": "Point",
    "coordinates": [
     126.93310128,
     37.52555377
    ]
   },
   "properties": {
    "pid": "여의도고등학교 ①(4층) 4층-1",
    "school": "여의도고등학교",
    "jibun": "30-1",
    "kind": "교사동 창면",
    "dong": "여의도고등학교 ①(4층)",
    "floor": 4,
    "z_m": 11.7,
    "normal_az": 232.7,
    "grade": "B",
    "근거등급": "B 일반식(전부 추정)",
    "근거": "일반식(도면 없음)",
    "추정항목": "도면 미수령. 층고 3.5m·창중심 바닥+1.2m·남향계열 외벽 전체를 5m 등간격 으로 분할 — 층고·창높이·수평배치가 **전부 가정값**이다. 도면을 받으면 위치와 높이가 모두 바뀐다",
    "estimated": true
   }
  },
  {
   "type": "Feature",
   "geometry": {
    "type": "Point",
    "coordinates": [
     126.93304127,
     37.52546776
    ]
   },
   "properties": {
    "pid": "여의도고등학교 ①(4층) 1층-2",
    "school": "여의도고등학교",
    "jibun": "30-1",
    "kind": "교사동 창면",
    "dong": "여의도고등학교 ①(4층)",
    "floor": 1,
    "z_m": 1.2,
    "normal_az": 232.4,
    "grade": "B",
    "근거등급": "B 일반식(전부 추정)",
    "근거": "일반식(도면 없음)",
    "추정항목": "도면 미수령. 층고 3.5m·창중심 바닥+1.2m·남향계열 외벽 전체를 5m 등간격 으로 분할 — 층고·창높이·수평배치가 **전부 가정값**이다. 도면을 받으면 위치와 높이가 모두 바뀐다",
    "estimated": true
   }
  },
  {
   "type": "Feature",
   "geometry": {
    "type": "Point",
    "coordinates": [
     126.93304127,
     37.52546776
    ]
   },
   "properties": {
    "pid": "여의도고등학교 ①(4층) 2층-2",
    "school": "여의도고등학교",
    "jibun": "30-1",
    "kind": "교사동 창면",
    "dong": "여의도고등학교 ①(4층)",
    "floor": 2,
    "z_m": 4.7,
    "normal_az": 232.4,
    "grade": "B",
    "근거등급": "B 일반식(전부 추정)",
    "근거": "일반식(도면 없음)",
    "추정항목": "도면 미수령. 층고 3.5m·창중심 바닥+1.2m·남향계열 외벽 전체를 5m 등간격 으로 분할 — 층고·창높이·수평배치가 **전부 가정값**이다. 도면을 받으면 위치와 높이가 모두 바뀐다",
    "estimated": true
   }
  },
  {
   "type": "Feature",
   "geometry": {
    "type": "Point",
    "coordinates": [
     126.93304127,
     37.52546776
    ]
   },
   "properties": {
    "pid": "여의도고등학교 ①(4층) 3층-2",
    "school": "여의도고등학교",
    "jibun": "30-1",
    "kind": "교사동 창면",
    "dong": "여의도고등학교 ①(4층)",
    "floor": 3,
    "z_m": 8.2,
    "normal_az": 232.4,
    "grade": "B",
    "근거등급": "B 일반식(전부 추정)",
    "근거": "일반식(도면 없음)",
    "추정항목": "도면 미수령. 층고 3.5m·창중심 바닥+1.2m·남향계열 외벽 전체를 5m 등간격 으로 분할 — 층고·창높이·수평배치가 **전부 가정값**이다. 도면을 받으면 위치와 높이가 모두 바뀐다",
    "estimated": true
   }
  },
  {
   "type": "Feature",
   "geometry": {
    "type": "Point",
    "coordinates": [
     126.93304127,
     37.52546776
    ]
   },
   "properties": {
    "pid": "여의도고등학교 ①(4층) 4층-2",
    "school": "여의도고등학교",
    "jibun": "30-1",
    "kind": "교사동 창면",
    "dong": "여의도고등학교 ①(4층)",
    "floor": 4,
    "z_m": 11.7,
    "normal_az": 232.4,
    "grade": "B",
    "근거등급": "B 일반식(전부 추정)",
    "근거": "일반식(도면 없음)",
    "추정항목": "도면 미수령. 층고 3.5m·창중심 바닥+1.2m·남향계열 외벽 전체를 5m 등간격 으로 분할 — 층고·창높이·수평배치가 **전부 가정값**이다. 도면을 받으면 위치와 높이가 모두 바뀐다",
    "estimated": true
   }
  },
  {
   "type": "Feature",
   "geometry": {
    "type": "Point",
    "coordinates": [
     126.93308023,
     37.5254275
    ]
   },
   "properties": {
    "pid": "여의도고등학교 ①(4층) 1층-3",
    "school": "여의도고등학교",
    "jibun": "30-1",
    "kind": "교사동 창면",
    "dong": "여의도고등학교 ①(4층)",
    "floor": 1,
    "z_m": 1.2,
    "normal_az": 232.4,
    "grade": "B",
    "근거등급": "B 일반식(전부 추정)",
    "근거": "일반식(도면 없음)",
    "추정항목": "도면 미수령. 층고 3.5m·창중심 바닥+1.2m·남향계열 외벽 전체를 5m 등간격 으로 분할 — 층고·창높이·수평배치가 **전부 가정값**이다. 도면을 받으면 위치와 높이가 모두 바뀐다",
    "estimated": true
   }
  },
  {
   "type": "Feature",
   "geometry": {
    "type": "Point",
    "coordinates": [
     126.93308023,
     37.5254275
    ]
   },
   "properties": {
    "pid": "여의도고등학교 ①(4층) 2층-3",
    "school": "여의도고등학교",
    "jibun": "30-1",
    "kind": "교사동 창면",
    "dong": "여의도고등학교 ①(4층)",
    "floor": 2,
    "z_m": 4.7,
    "normal_az": 232.4,
    "grade": "B",
    "근거등급": "B 일반식(전부 추정)",
    "근거": "일반식(도면 없음)",
    "추정항목": "도면 미수령. 층고 3.5m·창중심 바닥+1.2m·남향계열 외벽 전체를 5m 등간격 으로 분할 — 층고·창높이·수평배치가 **전부 가정값**이다. 도면을 받으면 위치와 높이가 모두 바뀐다",
    "estimated": true
   }
  },
  {
   "type": "Feature",
   "geometry": {
    "type": "Point",
    "coordinates": [
     126.93308023,
     37.5254275
    ]
   },
   "properties": {
    "pid": "여의도고등학교 ①(4층) 3층-3",
    "school": "여의도고등학교",
    "jibun": "30-1",
    "kind": "교사동 창면",
    "dong": "여의도고등학교 ①(4층)",
    "floor": 3,
    "z_m": 8.2,
    "normal_az": 232.4,
    "grade": "B",
    "근거등급": "B 일반식(전부 추정)",
    "근거": "일반식(도면 없음)",
    "추정항목": "도면 미수령. 층고 3.5m·창중심 바닥+1.2m·남향계열 외벽 전체를 5m 등간격 으로 분할 — 층고·창높이·수평배치가 **전부 가정값**이다. 도면을 받으면 위치와 높이가 모두 바뀐다",
    "estimated": true
   }
  },
  {
   "type": "Feature",
   "geometry": {
    "type": "Point",
    "coordinates": [
     126.93308023,
     37.5254275
    ]
   },
   "properties": {
    "pid": "여의도고등학교 ①(4층) 4층-3",
    "school": "여의도고등학교",
    "jibun": "30-1",
    "kind": "교사동 창면",
    "dong": "여의도고등학교 ①(4층)",
    "floor": 4,
    "z_m": 11.7,
    "normal_az": 232.4,
    "grade": "B",
    "근거등급": "B 일반식(전부 추정)",
    "근거": "일반식(도면 없음)",
    "추정항목": "도면 미수령. 층고 3.5m·창중심 바닥+1.2m·남향계열 외벽 전체를 5m 등간격 으로 분할 — 층고·창높이·수평배치가 **전부 가정값**이다. 도면을 받으면 위치와 높이가 모두 바뀐다",
    "estimated": true
   }
  },
  {
   "type": "Feature",
   "geometry": {
    "type": "Point",
    "coordinates": [
     126.93312761,
     37.52541992
    ]
   },
   "properties": {
    "pid": "여의도고등학교 ①(4층) 1층-4",
    "school": "여의도고등학교",
    "jibun": "30-1",
    "kind": "교사동 창면",
    "dong": "여의도고등학교 ①(4층)",
    "floor": 1,
    "z_m": 1.2,
    "normal_az": 142.5,
    "grade": "B",
    "근거등급": "B 일반식(전부 추정)",
    "근거": "일반식(도면 없음)",
    "추정항목": "도면 미수령. 층고 3.5m·창중심 바닥+1.2m·남향계열 외벽 전체를 5m 등간격 으로 분할 — 층고·창높이·수평배치가 **전부 가정값**이다. 도면을 받으면 위치와 높이가 모두 바뀐다",
    "estimated": true
   }
  },
  {
   "type": "Feature",
   "geometry": {
    "type": "Point",
    "coordinates": [
     126.93312761,
     37.52541992
    ]
   },
   "properties": {
    "pid": "여의도고등학교 ①(4층) 2층-4",
    "school": "여의도고등학교",
    "jibun": "30-1",
    "kind": "교사동 창면",
    "dong": "여의도고등학교 ①(4층)",
    "floor": 2,
    "z_m": 4.7,
    "normal_az": 142.5,
    "grade": "B",
    "근거등급": "B 일반식(전부 추정)",
    "근거": "일반식(도면 없음)",
    "추정항목": "도면 미수령. 층고 3.5m·창중심 바닥+1.2m·남향계열 외벽 전체를 5m 등간격 으로 분할 — 층고·창높이·수평배치가 **전부 가정값**이다. 도면을 받으면 위치와 높이가 모두 바뀐다",
    "estimated": true
   }
  },
  {
   "type": "Feature",
   "geometry": {
    "type": "Point",
    "coordinates": [
     126.93312761,
     37.52541992
    ]
   },
   "properties": {
    "pid": "여의도고등학교 ①(4층) 3층-4",
    "school": "여의도고등학교",
    "jibun": "30-1",
    "kind": "교사동 창면",
    "dong": "여의도고등학교 ①(4층)",
    "floor": 3,
    "z_m": 8.2,
    "normal_az": 142.5,
    "grade": "B",
    "근거등급": "B 일반식(전부 추정)",
    "근거": "일반식(도면 없음)",
    "추정항목": "도면 미수령. 층고 3.5m·창중심 바닥+1.2m·남향계열 외벽 전체를 5m 등간격 으로 분할 — 층고·창높이·수평배치가 **전부 가정값**이다. 도면을 받으면 위치와 높이가 모두 바뀐다",
    "estimated": true
   }
  },
  {
   "type": "Feature",
   "geometry": {
    "type": "Point",
    "coordinates": [
     126.93312761,
     37.52541992
    ]
   },
   "properties": {
    "pid": "여의도고등학교 ①(4층) 4층-4",
    "school": "여의도고등학교",
    "jibun": "30-1",
    "kind": "교사동 창면",
    "dong": "여의도고등학교 ①(4층)",
    "floor": 4,
    "z_m": 11.7,
    "normal_az": 142.5,
    "grade": "B",
    "근거등급": "B 일반식(전부 추정)",
    "근거": "일반식(도면 없음)",
    "추정항목": "도면 미수령. 층고 3.5m·창중심 바닥+1.2m·남향계열 외벽 전체를 5m 등간격 으로 분할 — 층고·창높이·수평배치가 **전부 가정값**이다. 도면을 받으면 위치와 높이가 모두 바뀐다",
    "estimated": true
   }
  },
  {
   "type": "Feature",
   "geometry": {
    "type": "Point",
    "coordinates": [
     126.93317074,
     37.52544632
    ]
   },
   "properties": {
    "pid": "여의도고등학교 ①(4층) 1층-5",
    "school": "여의도고등학교",
    "jibun": "30-1",
    "kind": "교사동 창면",
    "dong": "여의도고등학교 ①(4층)",
    "floor": 1,
    "z_m": 1.2,
    "normal_az": 142.5,
    "grade": "B",
    "근거등급": "B 일반식(전부 추정)",
    "근거": "일반식(도면 없음)",
    "추정항목": "도면 미수령. 층고 3.5m·창중심 바닥+1.2m·남향계열 외벽 전체를 5m 등간격 으로 분할 — 층고·창높이·수평배치가 **전부 가정값**이다. 도면을 받으면 위치와 높이가 모두 바뀐다",
    "estimated": true
   }
  },
  {
   "type": "Feature",
   "geometry": {
    "type": "Point",
    "coordinates": [
     126.93317074,
     37.52544632
    ]
   },
   "properties": {
    "pid": "여의도고등학교 ①(4층) 2층-5",
    "school": "여의도고등학교",
    "jibun": "30-1",
    "kind": "교사동 창면",
    "dong": "여의도고등학교 ①(4층)",
    "floor": 2,
    "z_m": 4.7,
    "normal_az": 142.5,
    "grade": "B",
    "근거등급": "B 일반식(전부 추정)",
    "근거": "일반식(도면 없음)",
    "추정항목": "도면 미수령. 층고 3.5m·창중심 바닥+1.2m·남향계열 외벽 전체를 5m 등간격 으로 분할 — 층고·창높이·수평배치가 **전부 가정값**이다. 도면을 받으면 위치와 높이가 모두 바뀐다",
    "estimated": true
   }
  },
  {
   "type": "Feature",
   "geometry": {
    "type": "Point",
    "coordinates": [
     126.93317074,
     37.52544632
    ]
   },
   "properties": {
    "pid": "여의도고등학교 ①(4층) 3층-5",
    "school": "여의도고등학교",
    "jibun": "30-1",
    "kind": "교사동 창면",
    "dong": "여의도고등학교 ①(4층)",
    "floor": 3,
    "z_m": 8.2,
    "normal_az": 142.5,
    "grade": "B",
    "근거등급": "B 일반식(전부 추정)",
    "근거": "일반식(도면 없음)",
    "추정항목": "도면 미수령. 층고 3.5m·창중심 바닥+1.2m·남향계열 외벽 전체를 5m 등간격 으로 분할 — 층고·창높이·수평배치가 **전부 가정값**이다. 도면을 받으면 위치와 높이가 모두 바뀐다",
    "estimated": true
   }
  },
  {
   "type": "Feature",
   "geometry": {
    "type": "Point",
    "coordinates": [
     126.93317074,
     37.52544632
    ]
   },
   "properties": {
    "pid": "여의도고등학교 ①(4층) 4층-5",
    "school": "여의도고등학교",
    "jibun": "30-1",
    "kind": "교사동 창면",
    "dong": "여의도고등학교 ①(4층)",
    "floor": 4,
    "z_m": 11.7,
    "normal_az": 142.5,
    "grade": "B",
    "근거등급": "B 일반식(전부 추정)",
    "근거": "일반식(도면 없음)",
    "추정항목": "도면 미수령. 층고 3.5m·창중심 바닥+1.2m·남향계열 외벽 전체를 5m 등간격 으로 분할 — 층고·창높이·수평배치가 **전부 가정값**이다. 도면을 받으면 위치와 높이가 모두 바뀐다",
    "estimated": true
   }
  },
  {
   "type": "Feature",
   "geometry": {
    "type": "Point",
    "coordinates": [
     126.93321388,
     37.52547272
    ]
   },
   "properties": {
    "pid": "여의도고등학교 ①(4층) 1층-6",
    "school": "여의도고등학교",
    "jibun": "30-1",
    "kind": "교사동 창면",
    "dong": "여의도고등학교 ①(4층)",
    "floor": 1,
    "z_m": 1.2,
    "normal_az": 142.5,
    "grade": "B",
    "근거등급": "B 일반식(전부 추정)",
    "근거": "일반식(도면 없음)",
    "추정항목": "도면 미수령. 층고 3.5m·창중심 바닥+1.2m·남향계열 외벽 전체를 5m 등간격 으로 분할 — 층고·창높이·수평배치가 **전부 가정값**이다. 도면을 받으면 위치와 높이가 모두 바뀐다",
    "estimated": true
   }
  },
  {
   "type": "Feature",
   "geometry": {
    "type": "Point",
    "coordinates": [
     126.93321388,
     37.52547272
    ]
   },
   "properties": {
    "pid": "여의도고등학교 ①(4층) 2층-6",
    "school": "여의도고등학교",
    "jibun": "30-1",
    "kind": "교사동 창면",
    "dong": "여의도고등학교 ①(4층)",
    "floor": 2,
    "z_m": 4.7,
    "normal_az": 142.5,
    "grade": "B",
    "근거등급": "B 일반식(전부 추정)",
    "근거": "일반식(도면 없음)",
    "추정항목": "도면 미수령. 층고 3.5m·창중심 바닥+1.2m·남향계열 외벽 전체를 5m 등간격 으로 분할 — 층고·창높이·수평배치가 **전부 가정값**이다. 도면을 받으면 위치와 높이가 모두 바뀐다",
    "estimated": true
   }
  },
  {
   "type": "Feature",
   "geometry": {
    "type": "Point",
    "coordinates": [
     126.93321388,
     37.52547272
    ]
   },
   "properties": {
    "pid": "여의도고등학교 ①(4층) 3층-6",
    "school": "여의도고등학교",
    "jibun": "30-1",
    "kind": "교사동 창면",
    "dong": "여의도고등학교 ①(4층)",
    "floor": 3,
    "z_m": 8.2,
    "normal_az": 142.5,
    "grade": "B",
    "근거등급": "B 일반식(전부 추정)",
    "근거": "일반식(도면 없음)",
    "추정항목": "도면 미수령. 층고 3.5m·창중심 바닥+1.2m·남향계열 외벽 전체를 5m 등간격 으로 분할 — 층고·창높이·수평배치가 **전부 가정값**이다. 도면을 받으면 위치와 높이가 모두 바뀐다",
    "estimated": true
   }
  },
  {
   "type": "Feature",
   "geometry": {
    "type": "Point",
    "coordinates": [
     126.93321388,
     37.52547272
    ]
   },
   "properties": {
    "pid": "여의도고등학교 ①(4층) 4층-6",
    "school": "여의도고등학교",
    "jibun": "30-1",
    "kind": "교사동 창면",
    "dong": "여의도고등학교 ①(4층)",
    "floor": 4,
    "z_m": 11.7,
    "normal_az": 142.5,
    "grade": "B",
    "근거등급": "B 일반식(전부 추정)",
    "근거": "일반식(도면 없음)",
    "추정항목": "도면 미수령. 층고 3.5m·창중심 바닥+1.2m·남향계열 외벽 전체를 5m 등간격 으로 분할 — 층고·창높이·수평배치가 **전부 가정값**이다. 도면을 받으면 위치와 높이가 모두 바뀐다",
    "estimated": true
   }
  },
  {
   "type": "Feature",
   "geometry": {
    "type": "Point",
    "coordinates": [
     126.93325701,
     37.52549912
    ]
   },
   "properties": {
    "pid": "여의도고등학교 ①(4층) 1층-7",
    "school": "여의도고등학교",
    "jibun": "30-1",
    "kind": "교사동 창면",
    "dong": "여의도고등학교 ①(4층)",
    "floor": 1,
    "z_m": 1.2,
    "normal_az": 142.5,
    "grade": "B",
    "근거등급": "B 일반식(전부 추정)",
    "근거": "일반식(도면 없음)",
    "추정항목": "도면 미수령. 층고 3.5m·창중심 바닥+1.2m·남향계열 외벽 전체를 5m 등간격 으로 분할 — 층고·창높이·수평배치가 **전부 가정값**이다. 도면을 받으면 위치와 높이가 모두 바뀐다",
    "estimated": true
   }
  },
  {
   "type": "Feature",
   "geometry": {
    "type": "Point",
    "coordinates": [
     126.93325701,
     37.52549912
    ]
   },
   "properties": {
    "pid": "여의도고등학교 ①(4층) 2층-7",
    "school": "여의도고등학교",
    "jibun": "30-1",
    "kind": "교사동 창면",
    "dong": "여의도고등학교 ①(4층)",
    "floor": 2,
    "z_m": 4.7,
    "normal_az": 142.5,
    "grade": "B",
    "근거등급": "B 일반식(전부 추정)",
    "근거": "일반식(도면 없음)",
    "추정항목": "도면 미수령. 층고 3.5m·창중심 바닥+1.2m·남향계열 외벽 전체를 5m 등간격 으로 분할 — 층고·창높이·수평배치가 **전부 가정값**이다. 도면을 받으면 위치와 높이가 모두 바뀐다",
    "estimated": true
   }
  },
  {
   "type": "Feature",
   "geometry": {
    "type": "Point",
    "coordinates": [
     126.93325701,
     37.52549912
    ]
   },
   "properties": {
    "pid": "여의도고등학교 ①(4층) 3층-7",
    "school": "여의도고등학교",
    "jibun": "30-1",
    "kind": "교사동 창면",
    "dong": "여의도고등학교 ①(4층)",
    "floor": 3,
    "z_m": 8.2,
    "normal_az": 142.5,
    "grade": "B",
    "근거등급": "B 일반식(전부 추정)",
    "근거": "일반식(도면 없음)",
    "추정항목": "도면 미수령. 층고 3.5m·창중심 바닥+1.2m·남향계열 외벽 전체를 5m 등간격 으로 분할 — 층고·창높이·수평배치가 **전부 가정값**이다. 도면을 받으면 위치와 높이가 모두 바뀐다",
    "estimated": true
   }
  },
  {
   "type": "Feature",
   "geometry": {
    "type": "Point",
    "coordinates": [
     126.93325701,
     37.52549912
    ]
   },
   "properties": {
    "pid": "여의도고등학교 ①(4층) 4층-7",
    "school": "여의도고등학교",
    "jibun": "30-1",
    "kind": "교사동 창면",
    "dong": "여의도고등학교 ①(4층)",
    "floor": 4,
    "z_m": 11.7,
    "normal_az": 142.5,
    "grade": "B",
    "근거등급": "B 일반식(전부 추정)",
    "근거": "일반식(도면 없음)",
    "추정항목": "도면 미수령. 층고 3.5m·창중심 바닥+1.2m·남향계열 외벽 전체를 5m 등간격 으로 분할 — 층고·창높이·수평배치가 **전부 가정값**이다. 도면을 받으면 위치와 높이가 모두 바뀐다",
    "estimated": true
   }
  },
  {
   "type": "Feature",
   "geometry": {
    "type": "Point",
    "coordinates": [
     126.93330015,
     37.52552552
    ]
   },
   "properties": {
    "pid": "여의도고등학교 ①(4층) 1층-8",
    "school": "여의도고등학교",
    "jibun": "30-1",
    "kind": "교사동 창면",
    "dong": "여의도고등학교 ①(4층)",
    "floor": 1,
    "z_m": 1.2,
    "normal_az": 142.5,
    "grade": "B",
    "근거등급": "B 일반식(전부 추정)",
    "근거": "일반식(도면 없음)",
    "추정항목": "도면 미수령. 층고 3.5m·창중심 바닥+1.2m·남향계열 외벽 전체를 5m 등간격 으로 분할 — 층고·창높이·수평배치가 **전부 가정값**이다. 도면을 받으면 위치와 높이가 모두 바뀐다",
    "estimated": true
   }
  },
  {
   "type": "Feature",
   "geometry": {
    "type": "Point",
    "coordinates": [
     126.93330015,
     37.52552552
    ]
   },
   "properties": {
    "pid": "여의도고등학교 ①(4층) 2층-8",
    "school": "여의도고등학교",
    "jibun": "30-1",
    "kind": "교사동 창면",
    "dong": "여의도고등학교 ①(4층)",
    "floor": 2,
    "z_m": 4.7,
    "normal_az": 142.5,
    "grade": "B",
    "근거등급": "B 일반식(전부 추정)",
    "근거": "일반식(도면 없음)",
    "추정항목": "도면 미수령. 층고 3.5m·창중심 바닥+1.2m·남향계열 외벽 전체를 5m 등간격 으로 분할 — 층고·창높이·수평배치가 **전부 가정값**이다. 도면을 받으면 위치와 높이가 모두 바뀐다",
    "estimated": true
   }
  },
  {
   "type": "Feature",
   "geometry": {
    "type": "Point",
    "coordinates": [
     126.93330015,
     37.52552552
    ]
   },
   "properties": {
    "pid": "여의도고등학교 ①(4층) 3층-8",
    "school": "여의도고등학교",
    "jibun": "30-1",
    "kind": "교사동 창면",
    "dong": "여의도고등학교 ①(4층)",
    "floor": 3,
    "z_m": 8.2,
    "normal_az": 142.5,
    "grade": "B",
    "근거등급": "B 일반식(전부 추정)",
    "근거": "일반식(도면 없음)",
    "추정항목": "도면 미수령. 층고 3.5m·창중심 바닥+1.2m·남향계열 외벽 전체를 5m 등간격 으로 분할 — 층고·창높이·수평배치가 **전부 가정값**이다. 도면을 받으면 위치와 높이가 모두 바뀐다",
    "estimated": true
   }
  },
  {
   "type": "Feature",
   "geometry": {
    "type": "Point",
    "coordinates": [
     126.93330015,
     37.52552552
    ]
   },
   "properties": {
    "pid": "여의도고등학교 ①(4층) 4층-8",
    "school": "여의도고등학교",
    "jibun": "30-1",
    "kind": "교사동 창면",
    "dong": "여의도고등학교 ①(4층)",
    "floor": 4,
    "z_m": 11.7,
    "normal_az": 142.5,
    "grade": "B",
    "근거등급": "B 일반식(전부 추정)",
    "근거": "일반식(도면 없음)",
    "추정항목": "도면 미수령. 층고 3.5m·창중심 바닥+1.2m·남향계열 외벽 전체를 5m 등간격 으로 분할 — 층고·창높이·수평배치가 **전부 가정값**이다. 도면을 받으면 위치와 높이가 모두 바뀐다",
    "estimated": true
   }
  },
  {
   "type": "Feature",
   "geometry": {
    "type": "Point",
    "coordinates": [
     126.93334328,
     37.52555193
    ]
   },
   "properties": {
    "pid": "여의도고등학교 ①(4층) 1층-9",
    "school": "여의도고등학교",
    "jibun": "30-1",
    "kind": "교사동 창면",
    "dong": "여의도고등학교 ①(4층)",
    "floor": 1,
    "z_m": 1.2,
    "normal_az": 142.5,
    "grade": "B",
    "근거등급": "B 일반식(전부 추정)",
    "근거": "일반식(도면 없음)",
    "추정항목": "도면 미수령. 층고 3.5m·창중심 바닥+1.2m·남향계열 외벽 전체를 5m 등간격 으로 분할 — 층고·창높이·수평배치가 **전부 가정값**이다. 도면을 받으면 위치와 높이가 모두 바뀐다",
    "estimated": true
   }
  },
  {
   "type": "Feature",
   "geometry": {
    "type": "Point",
    "coordinates": [
     126.93334328,
     37.52555193
    ]
   },
   "properties": {
    "pid": "여의도고등학교 ①(4층) 2층-9",
    "school": "여의도고등학교",
    "jibun": "30-1",
    "kind": "교사동 창면",
    "dong": "여의도고등학교 ①(4층)",
    "floor": 2,
    "z_m": 4.7,
    "normal_az": 142.5,
    "grade": "B",
    "근거등급": "B 일반식(전부 추정)",
    "근거": "일반식(도면 없음)",
    "추정항목": "도면 미수령. 층고 3.5m·창중심 바닥+1.2m·남향계열 외벽 전체를 5m 등간격 으로 분할 — 층고·창높이·수평배치가 **전부 가정값**이다. 도면을 받으면 위치와 높이가 모두 바뀐다",
    "estimated": true
   }
  },
  {
   "type": "Feature",
   "geometry": {
    "type": "Point",
    "coordinates": [
     126.93334328,
     37.52555193
    ]
   },
   "properties": {
    "pid": "여의도고등학교 ①(4층) 3층-9",
    "school": "여의도고등학교",
    "jibun": "30-1",
    "kind": "교사동 창면",
    "dong": "여의도고등학교 ①(4층)",
    "floor": 3,
    "z_m": 8.2,
    "normal_az": 142.5,
    "grade": "B",
    "근거등급": "B 일반식(전부 추정)",
    "근거": "일반식(도면 없음)",
    "추정항목": "도면 미수령. 층고 3.5m·창중심 바닥+1.2m·남향계열 외벽 전체를 5m 등간격 으로 분할 — 층고·창높이·수평배치가 **전부 가정값**이다. 도면을 받으면 위치와 높이가 모두 바뀐다",
    "estimated": true
   }
  },
  {
   "type": "Feature",
   "geometry": {
    "type": "Point",
    "coordinates": [
     126.93334328,
     37.52555193
    ]
   },
   "properties": {
    "pid": "여의도고등학교 ①(4층) 4층-9",
    "school": "여의도고등학교",
    "jibun": "30-1",
    "kind": "교사동 창면",
    "dong": "여의도고등학교 ①(4층)",
    "floor": 4,
    "z_m": 11.7,
    "normal_az": 142.5,
    "grade": "B",
    "근거등급": "B 일반식(전부 추정)",
    "근거": "일반식(도면 없음)",
    "추정항목": "도면 미수령. 층고 3.5m·창중심 바닥+1.2m·남향계열 외벽 전체를 5m 등간격 으로 분할 — 층고·창높이·수평배치가 **전부 가정값**이다. 도면을 받으면 위치와 높이가 모두 바뀐다",
    "estimated": true
   }
  },
  {
   "type": "Feature",
   "geometry": {
    "type": "Point",
    "coordinates": [
     126.93338642,
     37.52557832
    ]
   },
   "properties": {
    "pid": "여의도고등학교 ①(4층) 1층-10",
    "school": "여의도고등학교",
    "jibun": "30-1",
    "kind": "교사동 창면",
    "dong": "여의도고등학교 ①(4층)",
    "floor": 1,
    "z_m": 1.2,
    "normal_az": 142.5,
    "grade": "B",
    "근거등급": "B 일반식(전부 추정)",
    "근거": "일반식(도면 없음)",
    "추정항목": "도면 미수령. 층고 3.5m·창중심 바닥+1.2m·남향계열 외벽 전체를 5m 등간격 으로 분할 — 층고·창높이·수평배치가 **전부 가정값**이다. 도면을 받으면 위치와 높이가 모두 바뀐다",
    "estimated": true
   }
  },
  {
   "type": "Feature",
   "geometry": {
    "type": "Point",
    "coordinates": [
     126.93338642,
     37.52557832
    ]
   },
   "properties": {
    "pid": "여의도고등학교 ①(4층) 2층-10",
    "school": "여의도고등학교",
    "jibun": "30-1",
    "kind": "교사동 창면",
    "dong": "여의도고등학교 ①(4층)",
    "floor": 2,
    "z_m": 4.7,
    "normal_az": 142.5,
    "grade": "B",
    "근거등급": "B 일반식(전부 추정)",
    "근거": "일반식(도면 없음)",
    "추정항목": "도면 미수령. 층고 3.5m·창중심 바닥+1.2m·남향계열 외벽 전체를 5m 등간격 으로 분할 — 층고·창높이·수평배치가 **전부 가정값**이다. 도면을 받으면 위치와 높이가 모두 바뀐다",
    "estimated": true
   }
  },
  {
   "type": "Feature",
   "geometry": {
    "type": "Point",
    "coordinates": [
     126.93338642,
     37.52557832
    ]
   },
   "properties": {
    "pid": "여의도고등학교 ①(4층) 3층-10",
    "school": "여의도고등학교",
    "jibun": "30-1",
    "kind": "교사동 창면",
    "dong": "여의도고등학교 ①(4층)",
    "floor": 3,
    "z_m": 8.2,
    "normal_az": 142.5,
    "grade": "B",
    "근거등급": "B 일반식(전부 추정)",
    "근거": "일반식(도면 없음)",
    "추정항목": "도면 미수령. 층고 3.5m·창중심 바닥+1.2m·남향계열 외벽 전체를 5m 등간격 으로 분할 — 층고·창높이·수평배치가 **전부 가정값**이다. 도면을 받으면 위치와 높이가 모두 바뀐다",
    "estimated": true
   }
  },
  {
   "type": "Feature",
   "geometry": {
    "type": "Point",
    "coordinates": [
     126.93338642,
     37.52557832
    ]
   },
   "properties": {
    "pid": "여의도고등학교 ①(4층) 4층-10",
    "school": "여의도고등학교",
    "jibun": "30-1",
    "kind": "교사동 창면",
    "dong": "여의도고등학교 ①(4층)",
    "floor": 4,
    "z_m": 11.7,
    "normal_az": 142.5,
    "grade": "B",
    "근거등급": "B 일반식(전부 추정)",
    "근거": "일반식(도면 없음)",
    "추정항목": "도면 미수령. 층고 3.5m·창중심 바닥+1.2m·남향계열 외벽 전체를 5m 등간격 으로 분할 — 층고·창높이·수평배치가 **전부 가정값**이다. 도면을 받으면 위치와 높이가 모두 바뀐다",
    "estimated": true
   }
  },
  {
   "type": "Feature",
   "geometry": {
    "type": "Point",
    "coordinates": [
     126.93342955,
     37.52560473
    ]
   },
   "properties": {
    "pid": "여의도고등학교 ①(4층) 1층-11",
    "school": "여의도고등학교",
    "jibun": "30-1",
    "kind": "교사동 창면",
    "dong": "여의도고등학교 ①(4층)",
    "floor": 1,
    "z_m": 1.2,
    "normal_az": 142.5,
    "grade": "B",
    "근거등급": "B 일반식(전부 추정)",
    "근거": "일반식(도면 없음)",
    "추정항목": "도면 미수령. 층고 3.5m·창중심 바닥+1.2m·남향계열 외벽 전체를 5m 등간격 으로 분할 — 층고·창높이·수평배치가 **전부 가정값**이다. 도면을 받으면 위치와 높이가 모두 바뀐다",
    "estimated": true
   }
  },
  {
   "type": "Feature",
   "geometry": {
    "type": "Point",
    "coordinates": [
     126.93342955,
     37.52560473
    ]
   },
   "properties": {
    "pid": "여의도고등학교 ①(4층) 2층-11",
    "school": "여의도고등학교",
    "jibun": "30-1",
    "kind": "교사동 창면",
    "dong": "여의도고등학교 ①(4층)",
    "floor": 2,
    "z_m": 4.7,
    "normal_az": 142.5,
    "grade": "B",
    "근거등급": "B 일반식(전부 추정)",
    "근거": "일반식(도면 없음)",
    "추정항목": "도면 미수령. 층고 3.5m·창중심 바닥+1.2m·남향계열 외벽 전체를 5m 등간격 으로 분할 — 층고·창높이·수평배치가 **전부 가정값**이다. 도면을 받으면 위치와 높이가 모두 바뀐다",
    "estimated": true
   }
  },
  {
   "type": "Feature",
   "geometry": {
    "type": "Point",
    "coordinates": [
     126.93342955,
     37.52560473
    ]
   },
   "properties": {
    "pid": "여의도고등학교 ①(4층) 3층-11",
    "school": "여의도고등학교",
    "jibun": "30-1",
    "kind": "교사동 창면",
    "dong": "여의도고등학교 ①(4층)",
    "floor": 3,
    "z_m": 8.2,
    "normal_az": 142.5,
    "grade": "B",
    "근거등급": "B 일반식(전부 추정)",
    "근거": "일반식(도면 없음)",
    "추정항목": "도면 미수령. 층고 3.5m·창중심 바닥+1.2m·남향계열 외벽 전체를 5m 등간격 으로 분할 — 층고·창높이·수평배치가 **전부 가정값**이다. 도면을 받으면 위치와 높이가 모두 바뀐다",
    "estimated": true
   }
  },
  {
   "type": "Feature",
   "geometry": {
    "type": "Point",
    "coordinates": [
     126.93342955,
     37.52560473
    ]
   },
   "properties": {
    "pid": "여의도고등학교 ①(4층) 4층-11",
    "school": "여의도고등학교",
    "jibun": "30-1",
    "kind": "교사동 창면",
    "dong": "여의도고등학교 ①(4층)",
    "floor": 4,
    "z_m": 11.7,
    "normal_az": 142.5,
    "grade": "B",
    "근거등급": "B 일반식(전부 추정)",
    "근거": "일반식(도면 없음)",
    "추정항목": "도면 미수령. 층고 3.5m·창중심 바닥+1.2m·남향계열 외벽 전체를 5m 등간격 으로 분할 — 층고·창높이·수평배치가 **전부 가정값**이다. 도면을 받으면 위치와 높이가 모두 바뀐다",
    "estimated": true
   }
  },
  {
   "type": "Feature",
   "geometry": {
    "type": "Point",
    "coordinates": [
     126.9334967,
     37.52568152
    ]
   },
   "properties": {
    "pid": "여의도고등학교 ②(4층) 1층-1",
    "school": "여의도고등학교",
    "jibun": "30-1",
    "kind": "교사동 창면",
    "dong": "여의도고등학교 ②(4층)",
    "floor": 1,
    "z_m": 1.2,
    "normal_az": 232.0,
    "grade": "B",
    "근거등급": "B 일반식(전부 추정)",
    "근거": "일반식(도면 없음)",
    "추정항목": "도면 미수령. 층고 3.5m·창중심 바닥+1.2m·남향계열 외벽 전체를 5m 등간격 으로 분할 — 층고·창높이·수평배치가 **전부 가정값**이다. 도면을 받으면 위치와 높이가 모두 바뀐다",
    "estimated": true
   }
  },
  {
   "type": "Feature",
   "geometry": {
    "type": "Point",
    "coordinates": [
     126.9334967,
     37.52568152
    ]
   },
   "properties": {
    "pid": "여의도고등학교 ②(4층) 2층-1",
    "school": "여의도고등학교",
    "jibun": "30-1",
    "kind": "교사동 창면",
    "dong": "여의도고등학교 ②(4층)",
    "floor": 2,
    "z_m": 4.7,
    "normal_az": 232.0,
    "grade": "B",
    "근거등급": "B 일반식(전부 추정)",
    "근거": "일반식(도면 없음)",
    "추정항목": "도면 미수령. 층고 3.5m·창중심 바닥+1.2m·남향계열 외벽 전체를 5m 등간격 으로 분할 — 층고·창높이·수평배치가 **전부 가정값**이다. 도면을 받으면 위치와 높이가 모두 바뀐다",
    "estimated": true
   }
  },
  {
   "type": "Feature",
   "geometry": {
    "type": "Point",
    "coordinates": [
     126.9334967,
     37.52568152
    ]
   },
   "properties": {
    "pid": "여의도고등학교 ②(4층) 3층-1",
    "school": "여의도고등학교",
    "jibun": "30-1",
    "kind": "교사동 창면",
    "dong": "여의도고등학교 ②(4층)",
    "floor": 3,
    "z_m": 8.2,
    "normal_az": 232.0,
    "grade": "B",
    "근거등급": "B 일반식(전부 추정)",
    "근거": "일반식(도면 없음)",
    "추정항목": "도면 미수령. 층고 3.5m·창중심 바닥+1.2m·남향계열 외벽 전체를 5m 등간격 으로 분할 — 층고·창높이·수평배치가 **전부 가정값**이다. 도면을 받으면 위치와 높이가 모두 바뀐다",
    "estimated": true
   }
  },
  {
   "type": "Feature",
   "geometry": {
    "type": "Point",
    "coordinates": [
     126.9334967,
     37.52568152
    ]
   },
   "properties": {
    "pid": "여의도고등학교 ②(4층) 4층-1",
    "school": "여의도고등학교",
    "jibun": "30-1",
    "kind": "교사동 창면",
    "dong": "여의도고등학교 ②(4층)",
    "floor": 4,
    "z_m": 11.7,
    "normal_az": 232.0,
    "grade": "B",
    "근거등급": "B 일반식(전부 추정)",
    "근거": "일반식(도면 없음)",
    "추정항목": "도면 미수령. 층고 3.5m·창중심 바닥+1.2m·남향계열 외벽 전체를 5m 등간격 으로 분할 — 층고·창높이·수평배치가 **전부 가정값**이다. 도면을 받으면 위치와 높이가 모두 바뀐다",
    "estimated": true
   }
  },
  {
   "type": "Feature",
   "geometry": {
    "type": "Point",
    "coordinates": [
     126.93353115,
     37.52564649
    ]
   },
   "properties": {
    "pid": "여의도고등학교 ②(4층) 1층-2",
    "school": "여의도고등학교",
    "jibun": "30-1",
    "kind": "교사동 창면",
    "dong": "여의도고등학교 ②(4층)",
    "floor": 1,
    "z_m": 1.2,
    "normal_az": 232.0,
    "grade": "B",
    "근거등급": "B 일반식(전부 추정)",
    "근거": "일반식(도면 없음)",
    "추정항목": "도면 미수령. 층고 3.5m·창중심 바닥+1.2m·남향계열 외벽 전체를 5m 등간격 으로 분할 — 층고·창높이·수평배치가 **전부 가정값**이다. 도면을 받으면 위치와 높이가 모두 바뀐다",
    "estimated": true
   }
  },
  {
   "type": "Feature",
   "geometry": {
    "type": "Point",
    "coordinates": [
     126.93353115,
     37.52564649
    ]
   },
   "properties": {
    "pid": "여의도고등학교 ②(4층) 2층-2",
    "school": "여의도고등학교",
    "jibun": "30-1",
    "kind": "교사동 창면",
    "dong": "여의도고등학교 ②(4층)",
    "floor": 2,
    "z_m": 4.7,
    "normal_az": 232.0,
    "grade": "B",
    "근거등급": "B 일반식(전부 추정)",
    "근거": "일반식(도면 없음)",
    "추정항목": "도면 미수령. 층고 3.5m·창중심 바닥+1.2m·남향계열 외벽 전체를 5m 등간격 으로 분할 — 층고·창높이·수평배치가 **전부 가정값**이다. 도면을 받으면 위치와 높이가 모두 바뀐다",
    "estimated": true
   }
  },
  {
   "type": "Feature",
   "geometry": {
    "type": "Point",
    "coordinates": [
     126.93353115,
     37.52564649
    ]
   },
   "properties": {
    "pid": "여의도고등학교 ②(4층) 3층-2",
    "school": "여의도고등학교",
    "jibun": "30-1",
    "kind": "교사동 창면",
    "dong": "여의도고등학교 ②(4층)",
    "floor": 3,
    "z_m": 8.2,
    "normal_az": 232.0,
    "grade": "B",
    "근거등급": "B 일반식(전부 추정)",
    "근거": "일반식(도면 없음)",
    "추정항목": "도면 미수령. 층고 3.5m·창중심 바닥+1.2m·남향계열 외벽 전체를 5m 등간격 으로 분할 — 층고·창높이·수평배치가 **전부 가정값**이다. 도면을 받으면 위치와 높이가 모두 바뀐다",
    "estimated": true
   }
  },
  {
   "type": "Feature",
   "geometry": {
    "type": "Point",
    "coordinates": [
     126.93353115,
     37.52564649
    ]
   },
   "properties": {
    "pid": "여의도고등학교 ②(4층) 4층-2",
    "school": "여의도고등학교",
    "jibun": "30-1",
    "kind": "교사동 창면",
    "dong": "여의도고등학교 ②(4층)",
    "floor": 4,
    "z_m": 11.7,
    "normal_az": 232.0,
    "grade": "B",
    "근거등급": "B 일반식(전부 추정)",
    "근거": "일반식(도면 없음)",
    "추정항목": "도면 미수령. 층고 3.5m·창중심 바닥+1.2m·남향계열 외벽 전체를 5m 등간격 으로 분할 — 층고·창높이·수평배치가 **전부 가정값**이다. 도면을 받으면 위치와 높이가 모두 바뀐다",
    "estimated": true
   }
  },
  {
   "type": "Feature",
   "geometry": {
    "type": "Point",
    "coordinates": [
     126.93356562,
     37.52561146
    ]
   },
   "properties": {
    "pid": "여의도고등학교 ②(4층) 1층-3",
    "school": "여의도고등학교",
    "jibun": "30-1",
    "kind": "교사동 창면",
    "dong": "여의도고등학교 ②(4층)",
    "floor": 1,
    "z_m": 1.2,
    "normal_az": 232.0,
    "grade": "B",
    "근거등급": "B 일반식(전부 추정)",
    "근거": "일반식(도면 없음)",
    "추정항목": "도면 미수령. 층고 3.5m·창중심 바닥+1.2m·남향계열 외벽 전체를 5m 등간격 으로 분할 — 층고·창높이·수평배치가 **전부 가정값**이다. 도면을 받으면 위치와 높이가 모두 바뀐다",
    "estimated": true
   }
  },
  {
   "type": "Feature",
   "geometry": {
    "type": "Point",
    "coordinates": [
     126.93356562,
     37.52561146
    ]
   },
   "properties": {
    "pid": "여의도고등학교 ②(4층) 2층-3",
    "school": "여의도고등학교",
    "jibun": "30-1",
    "kind": "교사동 창면",
    "dong": "여의도고등학교 ②(4층)",
    "floor": 2,
    "z_m": 4.7,
    "normal_az": 232.0,
    "grade": "B",
    "근거등급": "B 일반식(전부 추정)",
    "근거": "일반식(도면 없음)",
    "추정항목": "도면 미수령. 층고 3.5m·창중심 바닥+1.2m·남향계열 외벽 전체를 5m 등간격 으로 분할 — 층고·창높이·수평배치가 **전부 가정값**이다. 도면을 받으면 위치와 높이가 모두 바뀐다",
    "estimated": true
   }
  },
  {
   "type": "Feature",
   "geometry": {
    "type": "Point",
    "coordinates": [
     126.93356562,
     37.52561146
    ]
   },
   "properties": {
    "pid": "여의도고등학교 ②(4층) 3층-3",
    "school": "여의도고등학교",
    "jibun": "30-1",
    "kind": "교사동 창면",
    "dong": "여의도고등학교 ②(4층)",
    "floor": 3,
    "z_m": 8.2,
    "normal_az": 232.0,
    "grade": "B",
    "근거등급": "B 일반식(전부 추정)",
    "근거": "일반식(도면 없음)",
    "추정항목": "도면 미수령. 층고 3.5m·창중심 바닥+1.2m·남향계열 외벽 전체를 5m 등간격 으로 분할 — 층고·창높이·수평배치가 **전부 가정값**이다. 도면을 받으면 위치와 높이가 모두 바뀐다",
    "estimated": true
   }
  },
  {
   "type": "Feature",
   "geometry": {
    "type": "Point",
    "coordinates": [
     126.93356562,
     37.52561146
    ]
   },
   "properties": {
    "pid": "여의도고등학교 ②(4층) 4층-3",
    "school": "여의도고등학교",
    "jibun": "30-1",
    "kind": "교사동 창면",
    "dong": "여의도고등학교 ②(4층)",
    "floor": 4,
    "z_m": 11.7,
    "normal_az": 232.0,
    "grade": "B",
    "근거등급": "B 일반식(전부 추정)",
    "근거": "일반식(도면 없음)",
    "추정항목": "도면 미수령. 층고 3.5m·창중심 바닥+1.2m·남향계열 외벽 전체를 5m 등간격 으로 분할 — 층고·창높이·수평배치가 **전부 가정값**이다. 도면을 받으면 위치와 높이가 모두 바뀐다",
    "estimated": true
   }
  },
  {
   "type": "Feature",
   "geometry": {
    "type": "Point",
    "coordinates": [
     126.93360007,
     37.52557643
    ]
   },
   "properties": {
    "pid": "여의도고등학교 ②(4층) 1층-4",
    "school": "여의도고등학교",
    "jibun": "30-1",
    "kind": "교사동 창면",
    "dong": "여의도고등학교 ②(4층)",
    "floor": 1,
    "z_m": 1.2,
    "normal_az": 232.0,
    "grade": "B",
    "근거등급": "B 일반식(전부 추정)",
    "근거": "일반식(도면 없음)",
    "추정항목": "도면 미수령. 층고 3.5m·창중심 바닥+1.2m·남향계열 외벽 전체를 5m 등간격 으로 분할 — 층고·창높이·수평배치가 **전부 가정값**이다. 도면을 받으면 위치와 높이가 모두 바뀐다",
    "estimated": true
   }
  },
  {
   "type": "Feature",
   "geometry": {
    "type": "Point",
    "coordinates": [
     126.93360007,
     37.52557643
    ]
   },
   "properties": {
    "pid": "여의도고등학교 ②(4층) 2층-4",
    "school": "여의도고등학교",
    "jibun": "30-1",
    "kind": "교사동 창면",
    "dong": "여의도고등학교 ②(4층)",
    "floor": 2,
    "z_m": 4.7,
    "normal_az": 232.0,
    "grade": "B",
    "근거등급": "B 일반식(전부 추정)",
    "근거": "일반식(도면 없음)",
    "추정항목": "도면 미수령. 층고 3.5m·창중심 바닥+1.2m·남향계열 외벽 전체를 5m 등간격 으로 분할 — 층고·창높이·수평배치가 **전부 가정값**이다. 도면을 받으면 위치와 높이가 모두 바뀐다",
    "estimated": true
   }
  },
  {
   "type": "Feature",
   "geometry": {
    "type": "Point",
    "coordinates": [
     126.93360007,
     37.52557643
    ]
   },
   "properties": {
    "pid": "여의도고등학교 ②(4층) 3층-4",
    "school": "여의도고등학교",
    "jibun": "30-1",
    "kind": "교사동 창면",
    "dong": "여의도고등학교 ②(4층)",
    "floor": 3,
    "z_m": 8.2,
    "normal_az": 232.0,
    "grade": "B",
    "근거등급": "B 일반식(전부 추정)",
    "근거": "일반식(도면 없음)",
    "추정항목": "도면 미수령. 층고 3.5m·창중심 바닥+1.2m·남향계열 외벽 전체를 5m 등간격 으로 분할 — 층고·창높이·수평배치가 **전부 가정값**이다. 도면을 받으면 위치와 높이가 모두 바뀐다",
    "estimated": true
   }
  },
  {
   "type": "Feature",
   "geometry": {
    "type": "Point",
    "coordinates": [
     126.93360007,
     37.52557643
    ]
   },
   "properties": {
    "pid": "여의도고등학교 ②(4층) 4층-4",
    "school": "여의도고등학교",
    "jibun": "30-1",
    "kind": "교사동 창면",
    "dong": "여의도고등학교 ②(4층)",
    "floor": 4,
    "z_m": 11.7,
    "normal_az": 232.0,
    "grade": "B",
    "근거등급": "B 일반식(전부 추정)",
    "근거": "일반식(도면 없음)",
    "추정항목": "도면 미수령. 층고 3.5m·창중심 바닥+1.2m·남향계열 외벽 전체를 5m 등간격 으로 분할 — 층고·창높이·수평배치가 **전부 가정값**이다. 도면을 받으면 위치와 높이가 모두 바뀐다",
    "estimated": true
   }
  },
  {
   "type": "Feature",
   "geometry": {
    "type": "Point",
    "coordinates": [
     126.93363454,
     37.52554139
    ]
   },
   "properties": {
    "pid": "여의도고등학교 ②(4층) 1층-5",
    "school": "여의도고등학교",
    "jibun": "30-1",
    "kind": "교사동 창면",
    "dong": "여의도고등학교 ②(4층)",
    "floor": 1,
    "z_m": 1.2,
    "normal_az": 232.0,
    "grade": "B",
    "근거등급": "B 일반식(전부 추정)",
    "근거": "일반식(도면 없음)",
    "추정항목": "도면 미수령. 층고 3.5m·창중심 바닥+1.2m·남향계열 외벽 전체를 5m 등간격 으로 분할 — 층고·창높이·수평배치가 **전부 가정값**이다. 도면을 받으면 위치와 높이가 모두 바뀐다",
    "estimated": true
   }
  },
  {
   "type": "Feature",
   "geometry": {
    "type": "Point",
    "coordinates": [
     126.93363454,
     37.52554139
    ]
   },
   "properties": {
    "pid": "여의도고등학교 ②(4층) 2층-5",
    "school": "여의도고등학교",
    "jibun": "30-1",
    "kind": "교사동 창면",
    "dong": "여의도고등학교 ②(4층)",
    "floor": 2,
    "z_m": 4.7,
    "normal_az": 232.0,
    "grade": "B",
    "근거등급": "B 일반식(전부 추정)",
    "근거": "일반식(도면 없음)",
    "추정항목": "도면 미수령. 층고 3.5m·창중심 바닥+1.2m·남향계열 외벽 전체를 5m 등간격 으로 분할 — 층고·창높이·수평배치가 **전부 가정값**이다. 도면을 받으면 위치와 높이가 모두 바뀐다",
    "estimated": true
   }
  },
  {
   "type": "Feature",
   "geometry": {
    "type": "Point",
    "coordinates": [
     126.93363454,
     37.52554139
    ]
   },
   "properties": {
    "pid": "여의도고등학교 ②(4층) 3층-5",
    "school": "여의도고등학교",
    "jibun": "30-1",
    "kind": "교사동 창면",
    "dong": "여의도고등학교 ②(4층)",
    "floor": 3,
    "z_m": 8.2,
    "normal_az": 232.0,
    "grade": "B",
    "근거등급": "B 일반식(전부 추정)",
    "근거": "일반식(도면 없음)",
    "추정항목": "도면 미수령. 층고 3.5m·창중심 바닥+1.2m·남향계열 외벽 전체를 5m 등간격 으로 분할 — 층고·창높이·수평배치가 **전부 가정값**이다. 도면을 받으면 위치와 높이가 모두 바뀐다",
    "estimated": true
   }
  },
  {
   "type": "Feature",
   "geometry": {
    "type": "Point",
    "coordinates": [
     126.93363454,
     37.52554139
    ]
   },
   "properties": {
    "pid": "여의도고등학교 ②(4층) 4층-5",
    "school": "여의도고등학교",
    "jibun": "30-1",
    "kind": "교사동 창면",
    "dong": "여의도고등학교 ②(4층)",
    "floor": 4,
    "z_m": 11.7,
    "normal_az": 232.0,
    "grade": "B",
    "근거등급": "B 일반식(전부 추정)",
    "근거": "일반식(도면 없음)",
    "추정항목": "도면 미수령. 층고 3.5m·창중심 바닥+1.2m·남향계열 외벽 전체를 5m 등간격 으로 분할 — 층고·창높이·수평배치가 **전부 가정값**이다. 도면을 받으면 위치와 높이가 모두 바뀐다",
    "estimated": true
   }
  },
  {
   "type": "Feature",
   "geometry": {
    "type": "Point",
    "coordinates": [
     126.93366901,
     37.52550636
    ]
   },
   "properties": {
    "pid": "여의도고등학교 ②(4층) 1층-6",
    "school": "여의도고등학교",
    "jibun": "30-1",
    "kind": "교사동 창면",
    "dong": "여의도고등학교 ②(4층)",
    "floor": 1,
    "z_m": 1.2,
    "normal_az": 232.0,
    "grade": "B",
    "근거등급": "B 일반식(전부 추정)",
    "근거": "일반식(도면 없음)",
    "추정항목": "도면 미수령. 층고 3.5m·창중심 바닥+1.2m·남향계열 외벽 전체를 5m 등간격 으로 분할 — 층고·창높이·수평배치가 **전부 가정값**이다. 도면을 받으면 위치와 높이가 모두 바뀐다",
    "estimated": true
   }
  },
  {
   "type": "Feature",
   "geometry": {
    "type": "Point",
    "coordinates": [
     126.93366901,
     37.52550636
    ]
   },
   "properties": {
    "pid": "여의도고등학교 ②(4층) 2층-6",
    "school": "여의도고등학교",
    "jibun": "30-1",
    "kind": "교사동 창면",
    "dong": "여의도고등학교 ②(4층)",
    "floor": 2,
    "z_m": 4.7,
    "normal_az": 232.0,
    "grade": "B",
    "근거등급": "B 일반식(전부 추정)",
    "근거": "일반식(도면 없음)",
    "추정항목": "도면 미수령. 층고 3.5m·창중심 바닥+1.2m·남향계열 외벽 전체를 5m 등간격 으로 분할 — 층고·창높이·수평배치가 **전부 가정값**이다. 도면을 받으면 위치와 높이가 모두 바뀐다",
    "estimated": true
   }
  },
  {
   "type": "Feature",
   "geometry": {
    "type": "Point",
    "coordinates": [
     126.93366901,
     37.52550636
    ]
   },
   "properties": {
    "pid": "여의도고등학교 ②(4층) 3층-6",
    "school": "여의도고등학교",
    "jibun": "30-1",
    "kind": "교사동 창면",
    "dong": "여의도고등학교 ②(4층)",
    "floor": 3,
    "z_m": 8.2,
    "normal_az": 232.0,
    "grade": "B",
    "근거등급": "B 일반식(전부 추정)",
    "근거": "일반식(도면 없음)",
    "추정항목": "도면 미수령. 층고 3.5m·창중심 바닥+1.2m·남향계열 외벽 전체를 5m 등간격 으로 분할 — 층고·창높이·수평배치가 **전부 가정값**이다. 도면을 받으면 위치와 높이가 모두 바뀐다",
    "estimated": true
   }
  },
  {
   "type": "Feature",
   "geometry": {
    "type": "Point",
    "coordinates": [
     126.93366901,
     37.52550636
    ]
   },
   "properties": {
    "pid": "여의도고등학교 ②(4층) 4층-6",
    "school": "여의도고등학교",
    "jibun": "30-1",
    "kind": "교사동 창면",
    "dong": "여의도고등학교 ②(4층)",
    "floor": 4,
    "z_m": 11.7,
    "normal_az": 232.0,
    "grade": "B",
    "근거등급": "B 일반식(전부 추정)",
    "근거": "일반식(도면 없음)",
    "추정항목": "도면 미수령. 층고 3.5m·창중심 바닥+1.2m·남향계열 외벽 전체를 5m 등간격 으로 분할 — 층고·창높이·수평배치가 **전부 가정값**이다. 도면을 받으면 위치와 높이가 모두 바뀐다",
    "estimated": true
   }
  },
  {
   "type": "Feature",
   "geometry": {
    "type": "Point",
    "coordinates": [
     126.93370347,
     37.52547132
    ]
   },
   "properties": {
    "pid": "여의도고등학교 ②(4층) 1층-7",
    "school": "여의도고등학교",
    "jibun": "30-1",
    "kind": "교사동 창면",
    "dong": "여의도고등학교 ②(4층)",
    "floor": 1,
    "z_m": 1.2,
    "normal_az": 232.0,
    "grade": "B",
    "근거등급": "B 일반식(전부 추정)",
    "근거": "일반식(도면 없음)",
    "추정항목": "도면 미수령. 층고 3.5m·창중심 바닥+1.2m·남향계열 외벽 전체를 5m 등간격 으로 분할 — 층고·창높이·수평배치가 **전부 가정값**이다. 도면을 받으면 위치와 높이가 모두 바뀐다",
    "estimated": true
   }
  },
  {
   "type": "Feature",
   "geometry": {
    "type": "Point",
    "coordinates": [
     126.93370347,
     37.52547132
    ]
   },
   "properties": {
    "pid": "여의도고등학교 ②(4층) 2층-7",
    "school": "여의도고등학교",
    "jibun": "30-1",
    "kind": "교사동 창면",
    "dong": "여의도고등학교 ②(4층)",
    "floor": 2,
    "z_m": 4.7,
    "normal_az": 232.0,
    "grade": "B",
    "근거등급": "B 일반식(전부 추정)",
    "근거": "일반식(도면 없음)",
    "추정항목": "도면 미수령. 층고 3.5m·창중심 바닥+1.2m·남향계열 외벽 전체를 5m 등간격 으로 분할 — 층고·창높이·수평배치가 **전부 가정값**이다. 도면을 받으면 위치와 높이가 모두 바뀐다",
    "estimated": true
   }
  },
  {
   "type": "Feature",
   "geometry": {
    "type": "Point",
    "coordinates": [
     126.93370347,
     37.52547132
    ]
   },
   "properties": {
    "pid": "여의도고등학교 ②(4층) 3층-7",
    "school": "여의도고등학교",
    "jibun": "30-1",
    "kind": "교사동 창면",
    "dong": "여의도고등학교 ②(4층)",
    "floor": 3,
    "z_m": 8.2,
    "normal_az": 232.0,
    "grade": "B",
    "근거등급": "B 일반식(전부 추정)",
    "근거": "일반식(도면 없음)",
    "추정항목": "도면 미수령. 층고 3.5m·창중심 바닥+1.2m·남향계열 외벽 전체를 5m 등간격 으로 분할 — 층고·창높이·수평배치가 **전부 가정값**이다. 도면을 받으면 위치와 높이가 모두 바뀐다",
    "estimated": true
   }
  },
  {
   "type": "Feature",
   "geometry": {
    "type": "Point",
    "coordinates": [
     126.93370347,
     37.52547132
    ]
   },
   "properties": {
    "pid": "여의도고등학교 ②(4층) 4층-7",
    "school": "여의도고등학교",
    "jibun": "30-1",
    "kind": "교사동 창면",
    "dong": "여의도고등학교 ②(4층)",
    "floor": 4,
    "z_m": 11.7,
    "normal_az": 232.0,
    "grade": "B",
    "근거등급": "B 일반식(전부 추정)",
    "근거": "일반식(도면 없음)",
    "추정항목": "도면 미수령. 층고 3.5m·창중심 바닥+1.2m·남향계열 외벽 전체를 5m 등간격 으로 분할 — 층고·창높이·수평배치가 **전부 가정값**이다. 도면을 받으면 위치와 높이가 모두 바뀐다",
    "estimated": true
   }
  },
  {
   "type": "Feature",
   "geometry": {
    "type": "Point",
    "coordinates": [
     126.93373793,
     37.52543629
    ]
   },
   "properties": {
    "pid": "여의도고등학교 ②(4층) 1층-8",
    "school": "여의도고등학교",
    "jibun": "30-1",
    "kind": "교사동 창면",
    "dong": "여의도고등학교 ②(4층)",
    "floor": 1,
    "z_m": 1.2,
    "normal_az": 232.0,
    "grade": "B",
    "근거등급": "B 일반식(전부 추정)",
    "근거": "일반식(도면 없음)",
    "추정항목": "도면 미수령. 층고 3.5m·창중심 바닥+1.2m·남향계열 외벽 전체를 5m 등간격 으로 분할 — 층고·창높이·수평배치가 **전부 가정값**이다. 도면을 받으면 위치와 높이가 모두 바뀐다",
    "estimated": true
   }
  },
  {
   "type": "Feature",
   "geometry": {
    "type": "Point",
    "coordinates": [
     126.93373793,
     37.52543629
    ]
   },
   "properties": {
    "pid": "여의도고등학교 ②(4층) 2층-8",
    "school": "여의도고등학교",
    "jibun": "30-1",
    "kind": "교사동 창면",
    "dong": "여의도고등학교 ②(4층)",
    "floor": 2,
    "z_m": 4.7,
    "normal_az": 232.0,
    "grade": "B",
    "근거등급": "B 일반식(전부 추정)",
    "근거": "일반식(도면 없음)",
    "추정항목": "도면 미수령. 층고 3.5m·창중심 바닥+1.2m·남향계열 외벽 전체를 5m 등간격 으로 분할 — 층고·창높이·수평배치가 **전부 가정값**이다. 도면을 받으면 위치와 높이가 모두 바뀐다",
    "estimated": true
   }
  },
  {
   "type": "Feature",
   "geometry": {
    "type": "Point",
    "coordinates": [
     126.93373793,
     37.52543629
    ]
   },
   "properties": {
    "pid": "여의도고등학교 ②(4층) 3층-8",
    "school": "여의도고등학교",
    "jibun": "30-1",
    "kind": "교사동 창면",
    "dong": "여의도고등학교 ②(4층)",
    "floor": 3,
    "z_m": 8.2,
    "normal_az": 232.0,
    "grade": "B",
    "근거등급": "B 일반식(전부 추정)",
    "근거": "일반식(도면 없음)",
    "추정항목": "도면 미수령. 층고 3.5m·창중심 바닥+1.2m·남향계열 외벽 전체를 5m 등간격 으로 분할 — 층고·창높이·수평배치가 **전부 가정값**이다. 도면을 받으면 위치와 높이가 모두 바뀐다",
    "estimated": true
   }
  },
  {
   "type": "Feature",
   "geometry": {
    "type": "Point",
    "coordinates": [
     126.93373793,
     37.52543629
    ]
   },
   "properties": {
    "pid": "여의도고등학교 ②(4층) 4층-8",
    "school": "여의도고등학교",
    "jibun": "30-1",
    "kind": "교사동 창면",
    "dong": "여의도고등학교 ②(4층)",
    "floor": 4,
    "z_m": 11.7,
    "normal_az": 232.0,
    "grade": "B",
    "근거등급": "B 일반식(전부 추정)",
    "근거": "일반식(도면 없음)",
    "추정항목": "도면 미수령. 층고 3.5m·창중심 바닥+1.2m·남향계열 외벽 전체를 5m 등간격 으로 분할 — 층고·창높이·수평배치가 **전부 가정값**이다. 도면을 받으면 위치와 높이가 모두 바뀐다",
    "estimated": true
   }
  },
  {
   "type": "Feature",
   "geometry": {
    "type": "Point",
    "coordinates": [
     126.93377239,
     37.52540125
    ]
   },
   "properties": {
    "pid": "여의도고등학교 ②(4층) 1층-9",
    "school": "여의도고등학교",
    "jibun": "30-1",
    "kind": "교사동 창면",
    "dong": "여의도고등학교 ②(4층)",
    "floor": 1,
    "z_m": 1.2,
    "normal_az": 232.0,
    "grade": "B",
    "근거등급": "B 일반식(전부 추정)",
    "근거": "일반식(도면 없음)",
    "추정항목": "도면 미수령. 층고 3.5m·창중심 바닥+1.2m·남향계열 외벽 전체를 5m 등간격 으로 분할 — 층고·창높이·수평배치가 **전부 가정값**이다. 도면을 받으면 위치와 높이가 모두 바뀐다",
    "estimated": true
   }
  },
  {
   "type": "Feature",
   "geometry": {
    "type": "Point",
    "coordinates": [
     126.93377239,
     37.52540125
    ]
   },
   "properties": {
    "pid": "여의도고등학교 ②(4층) 2층-9",
    "school": "여의도고등학교",
    "jibun": "30-1",
    "kind": "교사동 창면",
    "dong": "여의도고등학교 ②(4층)",
    "floor": 2,
    "z_m": 4.7,
    "normal_az": 232.0,
    "grade": "B",
    "근거등급": "B 일반식(전부 추정)",
    "근거": "일반식(도면 없음)",
    "추정항목": "도면 미수령. 층고 3.5m·창중심 바닥+1.2m·남향계열 외벽 전체를 5m 등간격 으로 분할 — 층고·창높이·수평배치가 **전부 가정값**이다. 도면을 받으면 위치와 높이가 모두 바뀐다",
    "estimated": true
   }
  },
  {
   "type": "Feature",
   "geometry": {
    "type": "Point",
    "coordinates": [
     126.93377239,
     37.52540125
    ]
   },
   "properties": {
    "pid": "여의도고등학교 ②(4층) 3층-9",
    "school": "여의도고등학교",
    "jibun": "30-1",
    "kind": "교사동 창면",
    "dong": "여의도고등학교 ②(4층)",
    "floor": 3,
    "z_m": 8.2,
    "normal_az": 232.0,
    "grade": "B",
    "근거등급": "B 일반식(전부 추정)",
    "근거": "일반식(도면 없음)",
    "추정항목": "도면 미수령. 층고 3.5m·창중심 바닥+1.2m·남향계열 외벽 전체를 5m 등간격 으로 분할 — 층고·창높이·수평배치가 **전부 가정값**이다. 도면을 받으면 위치와 높이가 모두 바뀐다",
    "estimated": true
   }
  },
  {
   "type": "Feature",
   "geometry": {
    "type": "Point",
    "coordinates": [
     126.93377239,
     37.52540125
    ]
   },
   "properties": {
    "pid": "여의도고등학교 ②(4층) 4층-9",
    "school": "여의도고등학교",
    "jibun": "30-1",
    "kind": "교사동 창면",
    "dong": "여의도고등학교 ②(4층)",
    "floor": 4,
    "z_m": 11.7,
    "normal_az": 232.0,
    "grade": "B",
    "근거등급": "B 일반식(전부 추정)",
    "근거": "일반식(도면 없음)",
    "추정항목": "도면 미수령. 층고 3.5m·창중심 바닥+1.2m·남향계열 외벽 전체를 5m 등간격 으로 분할 — 층고·창높이·수평배치가 **전부 가정값**이다. 도면을 받으면 위치와 높이가 모두 바뀐다",
    "estimated": true
   }
  },
  {
   "type": "Feature",
   "geometry": {
    "type": "Point",
    "coordinates": [
     126.93380686,
     37.52536622
    ]
   },
   "properties": {
    "pid": "여의도고등학교 ②(4층) 1층-10",
    "school": "여의도고등학교",
    "jibun": "30-1",
    "kind": "교사동 창면",
    "dong": "여의도고등학교 ②(4층)",
    "floor": 1,
    "z_m": 1.2,
    "normal_az": 232.0,
    "grade": "B",
    "근거등급": "B 일반식(전부 추정)",
    "근거": "일반식(도면 없음)",
    "추정항목": "도면 미수령. 층고 3.5m·창중심 바닥+1.2m·남향계열 외벽 전체를 5m 등간격 으로 분할 — 층고·창높이·수평배치가 **전부 가정값**이다. 도면을 받으면 위치와 높이가 모두 바뀐다",
    "estimated": true
   }
  },
  {
   "type": "Feature",
   "geometry": {
    "type": "Point",
    "coordinates": [
     126.93380686,
     37.52536622
    ]
   },
   "properties": {
    "pid": "여의도고등학교 ②(4층) 2층-10",
    "school": "여의도고등학교",
    "jibun": "30-1",
    "kind": "교사동 창면",
    "dong": "여의도고등학교 ②(4층)",
    "floor": 2,
    "z_m": 4.7,
    "normal_az": 232.0,
    "grade": "B",
    "근거등급": "B 일반식(전부 추정)",
    "근거": "일반식(도면 없음)",
    "추정항목": "도면 미수령. 층고 3.5m·창중심 바닥+1.2m·남향계열 외벽 전체를 5m 등간격 으로 분할 — 층고·창높이·수평배치가 **전부 가정값**이다. 도면을 받으면 위치와 높이가 모두 바뀐다",
    "estimated": true
   }
  },
  {
   "type": "Feature",
   "geometry": {
    "type": "Point",
    "coordinates": [
     126.93380686,
     37.52536622
    ]
   },
   "properties": {
    "pid": "여의도고등학교 ②(4층) 3층-10",
    "school": "여의도고등학교",
    "jibun": "30-1",
    "kind": "교사동 창면",
    "dong": "여의도고등학교 ②(4층)",
    "floor": 3,
    "z_m": 8.2,
    "normal_az": 232.0,
    "grade": "B",
    "근거등급": "B 일반식(전부 추정)",
    "근거": "일반식(도면 없음)",
    "추정항목": "도면 미수령. 층고 3.5m·창중심 바닥+1.2m·남향계열 외벽 전체를 5m 등간격 으로 분할 — 층고·창높이·수평배치가 **전부 가정값**이다. 도면을 받으면 위치와 높이가 모두 바뀐다",
    "estimated": true
   }
  },
  {
   "type": "Feature",
   "geometry": {
    "type": "Point",
    "coordinates": [
     126.93380686,
     37.52536622
    ]
   },
   "properties": {
    "pid": "여의도고등학교 ②(4층) 4층-10",
    "school": "여의도고등학교",
    "jibun": "30-1",
    "kind": "교사동 창면",
    "dong": "여의도고등학교 ②(4층)",
    "floor": 4,
    "z_m": 11.7,
    "normal_az": 232.0,
    "grade": "B",
    "근거등급": "B 일반식(전부 추정)",
    "근거": "일반식(도면 없음)",
    "추정항목": "도면 미수령. 층고 3.5m·창중심 바닥+1.2m·남향계열 외벽 전체를 5m 등간격 으로 분할 — 층고·창높이·수평배치가 **전부 가정값**이다. 도면을 받으면 위치와 높이가 모두 바뀐다",
    "estimated": true
   }
  },
  {
   "type": "Feature",
   "geometry": {
    "type": "Point",
    "coordinates": [
     126.93384131,
     37.52533119
    ]
   },
   "properties": {
    "pid": "여의도고등학교 ②(4층) 1층-11",
    "school": "여의도고등학교",
    "jibun": "30-1",
    "kind": "교사동 창면",
    "dong": "여의도고등학교 ②(4층)",
    "floor": 1,
    "z_m": 1.2,
    "normal_az": 232.0,
    "grade": "B",
    "근거등급": "B 일반식(전부 추정)",
    "근거": "일반식(도면 없음)",
    "추정항목": "도면 미수령. 층고 3.5m·창중심 바닥+1.2m·남향계열 외벽 전체를 5m 등간격 으로 분할 — 층고·창높이·수평배치가 **전부 가정값**이다. 도면을 받으면 위치와 높이가 모두 바뀐다",
    "estimated": true
   }
  },
  {
   "type": "Feature",
   "geometry": {
    "type": "Point",
    "coordinates": [
     126.93384131,
     37.52533119
    ]
   },
   "properties": {
    "pid": "여의도고등학교 ②(4층) 2층-11",
    "school": "여의도고등학교",
    "jibun": "30-1",
    "kind": "교사동 창면",
    "dong": "여의도고등학교 ②(4층)",
    "floor": 2,
    "z_m": 4.7,
    "normal_az": 232.0,
    "grade": "B",
    "근거등급": "B 일반식(전부 추정)",
    "근거": "일반식(도면 없음)",
    "추정항목": "도면 미수령. 층고 3.5m·창중심 바닥+1.2m·남향계열 외벽 전체를 5m 등간격 으로 분할 — 층고·창높이·수평배치가 **전부 가정값**이다. 도면을 받으면 위치와 높이가 모두 바뀐다",
    "estimated": true
   }
  },
  {
   "type": "Feature",
   "geometry": {
    "type": "Point",
    "coordinates": [
     126.93384131,
     37.52533119
    ]
   },
   "properties": {
    "pid": "여의도고등학교 ②(4층) 3층-11",
    "school": "여의도고등학교",
    "jibun": "30-1",
    "kind": "교사동 창면",
    "dong": "여의도고등학교 ②(4층)",
    "floor": 3,
    "z_m": 8.2,
    "normal_az": 232.0,
    "grade": "B",
    "근거등급": "B 일반식(전부 추정)",
    "근거": "일반식(도면 없음)",
    "추정항목": "도면 미수령. 층고 3.5m·창중심 바닥+1.2m·남향계열 외벽 전체를 5m 등간격 으로 분할 — 층고·창높이·수평배치가 **전부 가정값**이다. 도면을 받으면 위치와 높이가 모두 바뀐다",
    "estimated": true
   }
  },
  {
   "type": "Feature",
   "geometry": {
    "type": "Point",
    "coordinates": [
     126.93384131,
     37.52533119
    ]
   },
   "properties": {
    "pid": "여의도고등학교 ②(4층) 4층-11",
    "school": "여의도고등학교",
    "jibun": "30-1",
    "kind": "교사동 창면",
    "dong": "여의도고등학교 ②(4층)",
    "floor": 4,
    "z_m": 11.7,
    "normal_az": 232.0,
    "grade": "B",
    "근거등급": "B 일반식(전부 추정)",
    "근거": "일반식(도면 없음)",
    "추정항목": "도면 미수령. 층고 3.5m·창중심 바닥+1.2m·남향계열 외벽 전체를 5m 등간격 으로 분할 — 층고·창높이·수평배치가 **전부 가정값**이다. 도면을 받으면 위치와 높이가 모두 바뀐다",
    "estimated": true
   }
  },
  {
   "type": "Feature",
   "geometry": {
    "type": "Point",
    "coordinates": [
     126.93387578,
     37.52529615
    ]
   },
   "properties": {
    "pid": "여의도고등학교 ②(4층) 1층-12",
    "school": "여의도고등학교",
    "jibun": "30-1",
    "kind": "교사동 창면",
    "dong": "여의도고등학교 ②(4층)",
    "floor": 1,
    "z_m": 1.2,
    "normal_az": 232.0,
    "grade": "B",
    "근거등급": "B 일반식(전부 추정)",
    "근거": "일반식(도면 없음)",
    "추정항목": "도면 미수령. 층고 3.5m·창중심 바닥+1.2m·남향계열 외벽 전체를 5m 등간격 으로 분할 — 층고·창높이·수평배치가 **전부 가정값**이다. 도면을 받으면 위치와 높이가 모두 바뀐다",
    "estimated": true
   }
  },
  {
   "type": "Feature",
   "geometry": {
    "type": "Point",
    "coordinates": [
     126.93387578,
     37.52529615
    ]
   },
   "properties": {
    "pid": "여의도고등학교 ②(4층) 2층-12",
    "school": "여의도고등학교",
    "jibun": "30-1",
    "kind": "교사동 창면",
    "dong": "여의도고등학교 ②(4층)",
    "floor": 2,
    "z_m": 4.7,
    "normal_az": 232.0,
    "grade": "B",
    "근거등급": "B 일반식(전부 추정)",
    "근거": "일반식(도면 없음)",
    "추정항목": "도면 미수령. 층고 3.5m·창중심 바닥+1.2m·남향계열 외벽 전체를 5m 등간격 으로 분할 — 층고·창높이·수평배치가 **전부 가정값**이다. 도면을 받으면 위치와 높이가 모두 바뀐다",
    "estimated": true
   }
  },
  {
   "type": "Feature",
   "geometry": {
    "type": "Point",
    "coordinates": [
     126.93387578,
     37.52529615
    ]
   },
   "properties": {
    "pid": "여의도고등학교 ②(4층) 3층-12",
    "school": "여의도고등학교",
    "jibun": "30-1",
    "kind": "교사동 창면",
    "dong": "여의도고등학교 ②(4층)",
    "floor": 3,
    "z_m": 8.2,
    "normal_az": 232.0,
    "grade": "B",
    "근거등급": "B 일반식(전부 추정)",
    "근거": "일반식(도면 없음)",
    "추정항목": "도면 미수령. 층고 3.5m·창중심 바닥+1.2m·남향계열 외벽 전체를 5m 등간격 으로 분할 — 층고·창높이·수평배치가 **전부 가정값**이다. 도면을 받으면 위치와 높이가 모두 바뀐다",
    "estimated": true
   }
  },
  {
   "type": "Feature",
   "geometry": {
    "type": "Point",
    "coordinates": [
     126.93387578,
     37.52529615
    ]
   },
   "properties": {
    "pid": "여의도고등학교 ②(4층) 4층-12",
    "school": "여의도고등학교",
    "jibun": "30-1",
    "kind": "교사동 창면",
    "dong": "여의도고등학교 ②(4층)",
    "floor": 4,
    "z_m": 11.7,
    "normal_az": 232.0,
    "grade": "B",
    "근거등급": "B 일반식(전부 추정)",
    "근거": "일반식(도면 없음)",
    "추정항목": "도면 미수령. 층고 3.5m·창중심 바닥+1.2m·남향계열 외벽 전체를 5m 등간격 으로 분할 — 층고·창높이·수평배치가 **전부 가정값**이다. 도면을 받으면 위치와 높이가 모두 바뀐다",
    "estimated": true
   }
  },
  {
   "type": "Feature",
   "geometry": {
    "type": "Point",
    "coordinates": [
     126.93391023,
     37.52526112
    ]
   },
   "properties": {
    "pid": "여의도고등학교 ②(4층) 1층-13",
    "school": "여의도고등학교",
    "jibun": "30-1",
    "kind": "교사동 창면",
    "dong": "여의도고등학교 ②(4층)",
    "floor": 1,
    "z_m": 1.2,
    "normal_az": 232.0,
    "grade": "B",
    "근거등급": "B 일반식(전부 추정)",
    "근거": "일반식(도면 없음)",
    "추정항목": "도면 미수령. 층고 3.5m·창중심 바닥+1.2m·남향계열 외벽 전체를 5m 등간격 으로 분할 — 층고·창높이·수평배치가 **전부 가정값**이다. 도면을 받으면 위치와 높이가 모두 바뀐다",
    "estimated": true
   }
  },
  {
   "type": "Feature",
   "geometry": {
    "type": "Point",
    "coordinates": [
     126.93391023,
     37.52526112
    ]
   },
   "properties": {
    "pid": "여의도고등학교 ②(4층) 2층-13",
    "school": "여의도고등학교",
    "jibun": "30-1",
    "kind": "교사동 창면",
    "dong": "여의도고등학교 ②(4층)",
    "floor": 2,
    "z_m": 4.7,
    "normal_az": 232.0,
    "grade": "B",
    "근거등급": "B 일반식(전부 추정)",
    "근거": "일반식(도면 없음)",
    "추정항목": "도면 미수령. 층고 3.5m·창중심 바닥+1.2m·남향계열 외벽 전체를 5m 등간격 으로 분할 — 층고·창높이·수평배치가 **전부 가정값**이다. 도면을 받으면 위치와 높이가 모두 바뀐다",
    "estimated": true
   }
  },
  {
   "type": "Feature",
   "geometry": {
    "type": "Point",
    "coordinates": [
     126.93391023,
     37.52526112
    ]
   },
   "properties": {
    "pid": "여의도고등학교 ②(4층) 3층-13",
    "school": "여의도고등학교",
    "jibun": "30-1",
    "kind": "교사동 창면",
    "dong": "여의도고등학교 ②(4층)",
    "floor": 3,
    "z_m": 8.2,
    "normal_az": 232.0,
    "grade": "B",
    "근거등급": "B 일반식(전부 추정)",
    "근거": "일반식(도면 없음)",
    "추정항목": "도면 미수령. 층고 3.5m·창중심 바닥+1.2m·남향계열 외벽 전체를 5m 등간격 으로 분할 — 층고·창높이·수평배치가 **전부 가정값**이다. 도면을 받으면 위치와 높이가 모두 바뀐다",
    "estimated": true
   }
  },
  {
   "type": "Feature",
   "geometry": {
    "type": "Point",
    "coordinates": [
     126.93391023,
     37.52526112
    ]
   },
   "properties": {
    "pid": "여의도고등학교 ②(4층) 4층-13",
    "school": "여의도고등학교",
    "jibun": "30-1",
    "kind": "교사동 창면",
    "dong": "여의도고등학교 ②(4층)",
    "floor": 4,
    "z_m": 11.7,
    "normal_az": 232.0,
    "grade": "B",
    "근거등급": "B 일반식(전부 추정)",
    "근거": "일반식(도면 없음)",
    "추정항목": "도면 미수령. 층고 3.5m·창중심 바닥+1.2m·남향계열 외벽 전체를 5m 등간격 으로 분할 — 층고·창높이·수평배치가 **전부 가정값**이다. 도면을 받으면 위치와 높이가 모두 바뀐다",
    "estimated": true
   }
  },
  {
   "type": "Feature",
   "geometry": {
    "type": "Point",
    "coordinates": [
     126.93401362,
     37.52515602
    ]
   },
   "properties": {
    "pid": "여의도고등학교 ②(4층) 1층-16",
    "school": "여의도고등학교",
    "jibun": "30-1",
    "kind": "교사동 창면",
    "dong": "여의도고등학교 ②(4층)",
    "floor": 1,
    "z_m": 1.2,
    "normal_az": 232.0,
    "grade": "B",
    "근거등급": "B 일반식(전부 추정)",
    "근거": "일반식(도면 없음)",
    "추정항목": "도면 미수령. 층고 3.5m·창중심 바닥+1.2m·남향계열 외벽 전체를 5m 등간격 으로 분할 — 층고·창높이·수평배치가 **전부 가정값**이다. 도면을 받으면 위치와 높이가 모두 바뀐다",
    "estimated": true
   }
  },
  {
   "type": "Feature",
   "geometry": {
    "type": "Point",
    "coordinates": [
     126.93401362,
     37.52515602
    ]
   },
   "properties": {
    "pid": "여의도고등학교 ②(4층) 2층-16",
    "school": "여의도고등학교",
    "jibun": "30-1",
    "kind": "교사동 창면",
    "dong": "여의도고등학교 ②(4층)",
    "floor": 2,
    "z_m": 4.7,
    "normal_az": 232.0,
    "grade": "B",
    "근거등급": "B 일반식(전부 추정)",
    "근거": "일반식(도면 없음)",
    "추정항목": "도면 미수령. 층고 3.5m·창중심 바닥+1.2m·남향계열 외벽 전체를 5m 등간격 으로 분할 — 층고·창높이·수평배치가 **전부 가정값**이다. 도면을 받으면 위치와 높이가 모두 바뀐다",
    "estimated": true
   }
  },
  {
   "type": "Feature",
   "geometry": {
    "type": "Point",
    "coordinates": [
     126.93401362,
     37.52515602
    ]
   },
   "properties": {
    "pid": "여의도고등학교 ②(4층) 3층-16",
    "school": "여의도고등학교",
    "jibun": "30-1",
    "kind": "교사동 창면",
    "dong": "여의도고등학교 ②(4층)",
    "floor": 3,
    "z_m": 8.2,
    "normal_az": 232.0,
    "grade": "B",
    "근거등급": "B 일반식(전부 추정)",
    "근거": "일반식(도면 없음)",
    "추정항목": "도면 미수령. 층고 3.5m·창중심 바닥+1.2m·남향계열 외벽 전체를 5m 등간격 으로 분할 — 층고·창높이·수평배치가 **전부 가정값**이다. 도면을 받으면 위치와 높이가 모두 바뀐다",
    "estimated": true
   }
  },
  {
   "type": "Feature",
   "geometry": {
    "type": "Point",
    "coordinates": [
     126.93401362,
     37.52515602
    ]
   },
   "properties": {
    "pid": "여의도고등학교 ②(4층) 4층-16",
    "school": "여의도고등학교",
    "jibun": "30-1",
    "kind": "교사동 창면",
    "dong": "여의도고등학교 ②(4층)",
    "floor": 4,
    "z_m": 11.7,
    "normal_az": 232.0,
    "grade": "B",
    "근거등급": "B 일반식(전부 추정)",
    "근거": "일반식(도면 없음)",
    "추정항목": "도면 미수령. 층고 3.5m·창중심 바닥+1.2m·남향계열 외벽 전체를 5m 등간격 으로 분할 — 층고·창높이·수평배치가 **전부 가정값**이다. 도면을 받으면 위치와 높이가 모두 바뀐다",
    "estimated": true
   }
  },
  {
   "type": "Feature",
   "geometry": {
    "type": "Point",
    "coordinates": [
     126.93404808,
     37.52512099
    ]
   },
   "properties": {
    "pid": "여의도고등학교 ②(4층) 1층-17",
    "school": "여의도고등학교",
    "jibun": "30-1",
    "kind": "교사동 창면",
    "dong": "여의도고등학교 ②(4층)",
    "floor": 1,
    "z_m": 1.2,
    "normal_az": 232.0,
    "grade": "B",
    "근거등급": "B 일반식(전부 추정)",
    "근거": "일반식(도면 없음)",
    "추정항목": "도면 미수령. 층고 3.5m·창중심 바닥+1.2m·남향계열 외벽 전체를 5m 등간격 으로 분할 — 층고·창높이·수평배치가 **전부 가정값**이다. 도면을 받으면 위치와 높이가 모두 바뀐다",
    "estimated": true
   }
  },
  {
   "type": "Feature",
   "geometry": {
    "type": "Point",
    "coordinates": [
     126.93404808,
     37.52512099
    ]
   },
   "properties": {
    "pid": "여의도고등학교 ②(4층) 2층-17",
    "school": "여의도고등학교",
    "jibun": "30-1",
    "kind": "교사동 창면",
    "dong": "여의도고등학교 ②(4층)",
    "floor": 2,
    "z_m": 4.7,
    "normal_az": 232.0,
    "grade": "B",
    "근거등급": "B 일반식(전부 추정)",
    "근거": "일반식(도면 없음)",
    "추정항목": "도면 미수령. 층고 3.5m·창중심 바닥+1.2m·남향계열 외벽 전체를 5m 등간격 으로 분할 — 층고·창높이·수평배치가 **전부 가정값**이다. 도면을 받으면 위치와 높이가 모두 바뀐다",
    "estimated": true
   }
  },
  {
   "type": "Feature",
   "geometry": {
    "type": "Point",
    "coordinates": [
     126.93404808,
     37.52512099
    ]
   },
   "properties": {
    "pid": "여의도고등학교 ②(4층) 3층-17",
    "school": "여의도고등학교",
    "jibun": "30-1",
    "kind": "교사동 창면",
    "dong": "여의도고등학교 ②(4층)",
    "floor": 3,
    "z_m": 8.2,
    "normal_az": 232.0,
    "grade": "B",
    "근거등급": "B 일반식(전부 추정)",
    "근거": "일반식(도면 없음)",
    "추정항목": "도면 미수령. 층고 3.5m·창중심 바닥+1.2m·남향계열 외벽 전체를 5m 등간격 으로 분할 — 층고·창높이·수평배치가 **전부 가정값**이다. 도면을 받으면 위치와 높이가 모두 바뀐다",
    "estimated": true
   }
  },
  {
   "type": "Feature",
   "geometry": {
    "type": "Point",
    "coordinates": [
     126.93404808,
     37.52512099
    ]
   },
   "properties": {
    "pid": "여의도고등학교 ②(4층) 4층-17",
    "school": "여의도고등학교",
    "jibun": "30-1",
    "kind": "교사동 창면",
    "dong": "여의도고등학교 ②(4층)",
    "floor": 4,
    "z_m": 11.7,
    "normal_az": 232.0,
    "grade": "B",
    "근거등급": "B 일반식(전부 추정)",
    "근거": "일반식(도면 없음)",
    "추정항목": "도면 미수령. 층고 3.5m·창중심 바닥+1.2m·남향계열 외벽 전체를 5m 등간격 으로 분할 — 층고·창높이·수평배치가 **전부 가정값**이다. 도면을 받으면 위치와 높이가 모두 바뀐다",
    "estimated": true
   }
  },
  {
   "type": "Feature",
   "geometry": {
    "type": "Point",
    "coordinates": [
     126.93408255,
     37.52508595
    ]
   },
   "properties": {
    "pid": "여의도고등학교 ②(4층) 1층-18",
    "school": "여의도고등학교",
    "jibun": "30-1",
    "kind": "교사동 창면",
    "dong": "여의도고등학교 ②(4층)",
    "floor": 1,
    "z_m": 1.2,
    "normal_az": 232.0,
    "grade": "B",
    "근거등급": "B 일반식(전부 추정)",
    "근거": "일반식(도면 없음)",
    "추정항목": "도면 미수령. 층고 3.5m·창중심 바닥+1.2m·남향계열 외벽 전체를 5m 등간격 으로 분할 — 층고·창높이·수평배치가 **전부 가정값**이다. 도면을 받으면 위치와 높이가 모두 바뀐다",
    "estimated": true
   }
  },
  {
   "type": "Feature",
   "geometry": {
    "type": "Point",
    "coordinates": [
     126.93408255,
     37.52508595
    ]
   },
   "properties": {
    "pid": "여의도고등학교 ②(4층) 2층-18",
    "school": "여의도고등학교",
    "jibun": "30-1",
    "kind": "교사동 창면",
    "dong": "여의도고등학교 ②(4층)",
    "floor": 2,
    "z_m": 4.7,
    "normal_az": 232.0,
    "grade": "B",
    "근거등급": "B 일반식(전부 추정)",
    "근거": "일반식(도면 없음)",
    "추정항목": "도면 미수령. 층고 3.5m·창중심 바닥+1.2m·남향계열 외벽 전체를 5m 등간격 으로 분할 — 층고·창높이·수평배치가 **전부 가정값**이다. 도면을 받으면 위치와 높이가 모두 바뀐다",
    "estimated": true
   }
  },
  {
   "type": "Feature",
   "geometry": {
    "type": "Point",
    "coordinates": [
     126.93408255,
     37.52508595
    ]
   },
   "properties": {
    "pid": "여의도고등학교 ②(4층) 3층-18",
    "school": "여의도고등학교",
    "jibun": "30-1",
    "kind": "교사동 창면",
    "dong": "여의도고등학교 ②(4층)",
    "floor": 3,
    "z_m": 8.2,
    "normal_az": 232.0,
    "grade": "B",
    "근거등급": "B 일반식(전부 추정)",
    "근거": "일반식(도면 없음)",
    "추정항목": "도면 미수령. 층고 3.5m·창중심 바닥+1.2m·남향계열 외벽 전체를 5m 등간격 으로 분할 — 층고·창높이·수평배치가 **전부 가정값**이다. 도면을 받으면 위치와 높이가 모두 바뀐다",
    "estimated": true
   }
  },
  {
   "type": "Feature",
   "geometry": {
    "type": "Point",
    "coordinates": [
     126.93408255,
     37.52508595
    ]
   },
   "properties": {
    "pid": "여의도고등학교 ②(4층) 4층-18",
    "school": "여의도고등학교",
    "jibun": "30-1",
    "kind": "교사동 창면",
    "dong": "여의도고등학교 ②(4층)",
    "floor": 4,
    "z_m": 11.7,
    "normal_az": 232.0,
    "grade": "B",
    "근거등급": "B 일반식(전부 추정)",
    "근거": "일반식(도면 없음)",
    "추정항목": "도면 미수령. 층고 3.5m·창중심 바닥+1.2m·남향계열 외벽 전체를 5m 등간격 으로 분할 — 층고·창높이·수평배치가 **전부 가정값**이다. 도면을 받으면 위치와 높이가 모두 바뀐다",
    "estimated": true
   }
  },
  {
   "type": "Feature",
   "geometry": {
    "type": "Point",
    "coordinates": [
     126.93411701,
     37.52505092
    ]
   },
   "properties": {
    "pid": "여의도고등학교 ②(4층) 1층-19",
    "school": "여의도고등학교",
    "jibun": "30-1",
    "kind": "교사동 창면",
    "dong": "여의도고등학교 ②(4층)",
    "floor": 1,
    "z_m": 1.2,
    "normal_az": 232.0,
    "grade": "B",
    "근거등급": "B 일반식(전부 추정)",
    "근거": "일반식(도면 없음)",
    "추정항목": "도면 미수령. 층고 3.5m·창중심 바닥+1.2m·남향계열 외벽 전체를 5m 등간격 으로 분할 — 층고·창높이·수평배치가 **전부 가정값**이다. 도면을 받으면 위치와 높이가 모두 바뀐다",
    "estimated": true
   }
  },
  {
   "type": "Feature",
   "geometry": {
    "type": "Point",
    "coordinates": [
     126.93411701,
     37.52505092
    ]
   },
   "properties": {
    "pid": "여의도고등학교 ②(4층) 2층-19",
    "school": "여의도고등학교",
    "jibun": "30-1",
    "kind": "교사동 창면",
    "dong": "여의도고등학교 ②(4층)",
    "floor": 2,
    "z_m": 4.7,
    "normal_az": 232.0,
    "grade": "B",
    "근거등급": "B 일반식(전부 추정)",
    "근거": "일반식(도면 없음)",
    "추정항목": "도면 미수령. 층고 3.5m·창중심 바닥+1.2m·남향계열 외벽 전체를 5m 등간격 으로 분할 — 층고·창높이·수평배치가 **전부 가정값**이다. 도면을 받으면 위치와 높이가 모두 바뀐다",
    "estimated": true
   }
  },
  {
   "type": "Feature",
   "geometry": {
    "type": "Point",
    "coordinates": [
     126.93411701,
     37.52505092
    ]
   },
   "properties": {
    "pid": "여의도고등학교 ②(4층) 3층-19",
    "school": "여의도고등학교",
    "jibun": "30-1",
    "kind": "교사동 창면",
    "dong": "여의도고등학교 ②(4층)",
    "floor": 3,
    "z_m": 8.2,
    "normal_az": 232.0,
    "grade": "B",
    "근거등급": "B 일반식(전부 추정)",
    "근거": "일반식(도면 없음)",
    "추정항목": "도면 미수령. 층고 3.5m·창중심 바닥+1.2m·남향계열 외벽 전체를 5m 등간격 으로 분할 — 층고·창높이·수평배치가 **전부 가정값**이다. 도면을 받으면 위치와 높이가 모두 바뀐다",
    "estimated": true
   }
  },
  {
   "type": "Feature",
   "geometry": {
    "type": "Point",
    "coordinates": [
     126.93411701,
     37.52505092
    ]
   },
   "properties": {
    "pid": "여의도고등학교 ②(4층) 4층-19",
    "school": "여의도고등학교",
    "jibun": "30-1",
    "kind": "교사동 창면",
    "dong": "여의도고등학교 ②(4층)",
    "floor": 4,
    "z_m": 11.7,
    "normal_az": 232.0,
    "grade": "B",
    "근거등급": "B 일반식(전부 추정)",
    "근거": "일반식(도면 없음)",
    "추정항목": "도면 미수령. 층고 3.5m·창중심 바닥+1.2m·남향계열 외벽 전체를 5m 등간격 으로 분할 — 층고·창높이·수평배치가 **전부 가정값**이다. 도면을 받으면 위치와 높이가 모두 바뀐다",
    "estimated": true
   }
  },
  {
   "type": "Feature",
   "geometry": {
    "type": "Point",
    "coordinates": [
     126.93415147,
     37.52501588
    ]
   },
   "properties": {
    "pid": "여의도고등학교 ②(4층) 1층-20",
    "school": "여의도고등학교",
    "jibun": "30-1",
    "kind": "교사동 창면",
    "dong": "여의도고등학교 ②(4층)",
    "floor": 1,
    "z_m": 1.2,
    "normal_az": 232.0,
    "grade": "B",
    "근거등급": "B 일반식(전부 추정)",
    "근거": "일반식(도면 없음)",
    "추정항목": "도면 미수령. 층고 3.5m·창중심 바닥+1.2m·남향계열 외벽 전체를 5m 등간격 으로 분할 — 층고·창높이·수평배치가 **전부 가정값**이다. 도면을 받으면 위치와 높이가 모두 바뀐다",
    "estimated": true
   }
  },
  {
   "type": "Feature",
   "geometry": {
    "type": "Point",
    "coordinates": [
     126.93415147,
     37.52501588
    ]
   },
   "properties": {
    "pid": "여의도고등학교 ②(4층) 2층-20",
    "school": "여의도고등학교",
    "jibun": "30-1",
    "kind": "교사동 창면",
    "dong": "여의도고등학교 ②(4층)",
    "floor": 2,
    "z_m": 4.7,
    "normal_az": 232.0,
    "grade": "B",
    "근거등급": "B 일반식(전부 추정)",
    "근거": "일반식(도면 없음)",
    "추정항목": "도면 미수령. 층고 3.5m·창중심 바닥+1.2m·남향계열 외벽 전체를 5m 등간격 으로 분할 — 층고·창높이·수평배치가 **전부 가정값**이다. 도면을 받으면 위치와 높이가 모두 바뀐다",
    "estimated": true
   }
  },
  {
   "type": "Feature",
   "geometry": {
    "type": "Point",
    "coordinates": [
     126.93415147,
     37.52501588
    ]
   },
   "properties": {
    "pid": "여의도고등학교 ②(4층) 3층-20",
    "school": "여의도고등학교",
    "jibun": "30-1",
    "kind": "교사동 창면",
    "dong": "여의도고등학교 ②(4층)",
    "floor": 3,
    "z_m": 8.2,
    "normal_az": 232.0,
    "grade": "B",
    "근거등급": "B 일반식(전부 추정)",
    "근거": "일반식(도면 없음)",
    "추정항목": "도면 미수령. 층고 3.5m·창중심 바닥+1.2m·남향계열 외벽 전체를 5m 등간격 으로 분할 — 층고·창높이·수평배치가 **전부 가정값**이다. 도면을 받으면 위치와 높이가 모두 바뀐다",
    "estimated": true
   }
  },
  {
   "type": "Feature",
   "geometry": {
    "type": "Point",
    "coordinates": [
     126.93415147,
     37.52501588
    ]
   },
   "properties": {
    "pid": "여의도고등학교 ②(4층) 4층-20",
    "school": "여의도고등학교",
    "jibun": "30-1",
    "kind": "교사동 창면",
    "dong": "여의도고등학교 ②(4층)",
    "floor": 4,
    "z_m": 11.7,
    "normal_az": 232.0,
    "grade": "B",
    "근거등급": "B 일반식(전부 추정)",
    "근거": "일반식(도면 없음)",
    "추정항목": "도면 미수령. 층고 3.5m·창중심 바닥+1.2m·남향계열 외벽 전체를 5m 등간격 으로 분할 — 층고·창높이·수평배치가 **전부 가정값**이다. 도면을 받으면 위치와 높이가 모두 바뀐다",
    "estimated": true
   }
  },
  {
   "type": "Feature",
   "geometry": {
    "type": "Point",
    "coordinates": [
     126.93418533,
     37.52498145
    ]
   },
   "properties": {
    "pid": "여의도고등학교 ②(4층) 1층-21",
    "school": "여의도고등학교",
    "jibun": "30-1",
    "kind": "교사동 창면",
    "dong": "여의도고등학교 ②(4층)",
    "floor": 1,
    "z_m": 1.2,
    "normal_az": 232.0,
    "grade": "B",
    "근거등급": "B 일반식(전부 추정)",
    "근거": "일반식(도면 없음)",
    "추정항목": "도면 미수령. 층고 3.5m·창중심 바닥+1.2m·남향계열 외벽 전체를 5m 등간격 으로 분할 — 층고·창높이·수평배치가 **전부 가정값**이다. 도면을 받으면 위치와 높이가 모두 바뀐다",
    "estimated": true
   }
  },
  {
   "type": "Feature",
   "geometry": {
    "type": "Point",
    "coordinates": [
     126.93418533,
     37.52498145
    ]
   },
   "properties": {
    "pid": "여의도고등학교 ②(4층) 2층-21",
    "school": "여의도고등학교",
    "jibun": "30-1",
    "kind": "교사동 창면",
    "dong": "여의도고등학교 ②(4층)",
    "floor": 2,
    "z_m": 4.7,
    "normal_az": 232.0,
    "grade": "B",
    "근거등급": "B 일반식(전부 추정)",
    "근거": "일반식(도면 없음)",
    "추정항목": "도면 미수령. 층고 3.5m·창중심 바닥+1.2m·남향계열 외벽 전체를 5m 등간격 으로 분할 — 층고·창높이·수평배치가 **전부 가정값**이다. 도면을 받으면 위치와 높이가 모두 바뀐다",
    "estimated": true
   }
  },
  {
   "type": "Feature",
   "geometry": {
    "type": "Point",
    "coordinates": [
     126.93418533,
     37.52498145
    ]
   },
   "properties": {
    "pid": "여의도고등학교 ②(4층) 3층-21",
    "school": "여의도고등학교",
    "jibun": "30-1",
    "kind": "교사동 창면",
    "dong": "여의도고등학교 ②(4층)",
    "floor": 3,
    "z_m": 8.2,
    "normal_az": 232.0,
    "grade": "B",
    "근거등급": "B 일반식(전부 추정)",
    "근거": "일반식(도면 없음)",
    "추정항목": "도면 미수령. 층고 3.5m·창중심 바닥+1.2m·남향계열 외벽 전체를 5m 등간격 으로 분할 — 층고·창높이·수평배치가 **전부 가정값**이다. 도면을 받으면 위치와 높이가 모두 바뀐다",
    "estimated": true
   }
  },
  {
   "type": "Feature",
   "geometry": {
    "type": "Point",
    "coordinates": [
     126.93418533,
     37.52498145
    ]
   },
   "properties": {
    "pid": "여의도고등학교 ②(4층) 4층-21",
    "school": "여의도고등학교",
    "jibun": "30-1",
    "kind": "교사동 창면",
    "dong": "여의도고등학교 ②(4층)",
    "floor": 4,
    "z_m": 11.7,
    "normal_az": 232.0,
    "grade": "B",
    "근거등급": "B 일반식(전부 추정)",
    "근거": "일반식(도면 없음)",
    "추정항목": "도면 미수령. 층고 3.5m·창중심 바닥+1.2m·남향계열 외벽 전체를 5m 등간격 으로 분할 — 층고·창높이·수평배치가 **전부 가정값**이다. 도면을 받으면 위치와 높이가 모두 바뀐다",
    "estimated": true
   }
  },
  {
   "type": "Feature",
   "geometry": {
    "type": "Point",
    "coordinates": [
     126.93421861,
     37.52494762
    ]
   },
   "properties": {
    "pid": "여의도고등학교 ②(4층) 1층-22",
    "school": "여의도고등학교",
    "jibun": "30-1",
    "kind": "교사동 창면",
    "dong": "여의도고등학교 ②(4층)",
    "floor": 1,
    "z_m": 1.2,
    "normal_az": 232.0,
    "grade": "B",
    "근거등급": "B 일반식(전부 추정)",
    "근거": "일반식(도면 없음)",
    "추정항목": "도면 미수령. 층고 3.5m·창중심 바닥+1.2m·남향계열 외벽 전체를 5m 등간격 으로 분할 — 층고·창높이·수평배치가 **전부 가정값**이다. 도면을 받으면 위치와 높이가 모두 바뀐다",
    "estimated": true
   }
  },
  {
   "type": "Feature",
   "geometry": {
    "type": "Point",
    "coordinates": [
     126.93421861,
     37.52494762
    ]
   },
   "properties": {
    "pid": "여의도고등학교 ②(4층) 2층-22",
    "school": "여의도고등학교",
    "jibun": "30-1",
    "kind": "교사동 창면",
    "dong": "여의도고등학교 ②(4층)",
    "floor": 2,
    "z_m": 4.7,
    "normal_az": 232.0,
    "grade": "B",
    "근거등급": "B 일반식(전부 추정)",
    "근거": "일반식(도면 없음)",
    "추정항목": "도면 미수령. 층고 3.5m·창중심 바닥+1.2m·남향계열 외벽 전체를 5m 등간격 으로 분할 — 층고·창높이·수평배치가 **전부 가정값**이다. 도면을 받으면 위치와 높이가 모두 바뀐다",
    "estimated": true
   }
  },
  {
   "type": "Feature",
   "geometry": {
    "type": "Point",
    "coordinates": [
     126.93421861,
     37.52494762
    ]
   },
   "properties": {
    "pid": "여의도고등학교 ②(4층) 3층-22",
    "school": "여의도고등학교",
    "jibun": "30-1",
    "kind": "교사동 창면",
    "dong": "여의도고등학교 ②(4층)",
    "floor": 3,
    "z_m": 8.2,
    "normal_az": 232.0,
    "grade": "B",
    "근거등급": "B 일반식(전부 추정)",
    "근거": "일반식(도면 없음)",
    "추정항목": "도면 미수령. 층고 3.5m·창중심 바닥+1.2m·남향계열 외벽 전체를 5m 등간격 으로 분할 — 층고·창높이·수평배치가 **전부 가정값**이다. 도면을 받으면 위치와 높이가 모두 바뀐다",
    "estimated": true
   }
  },
  {
   "type": "Feature",
   "geometry": {
    "type": "Point",
    "coordinates": [
     126.93421861,
     37.52494762
    ]
   },
   "properties": {
    "pid": "여의도고등학교 ②(4층) 4층-22",
    "school": "여의도고등학교",
    "jibun": "30-1",
    "kind": "교사동 창면",
    "dong": "여의도고등학교 ②(4층)",
    "floor": 4,
    "z_m": 11.7,
    "normal_az": 232.0,
    "grade": "B",
    "근거등급": "B 일반식(전부 추정)",
    "근거": "일반식(도면 없음)",
    "추정항목": "도면 미수령. 층고 3.5m·창중심 바닥+1.2m·남향계열 외벽 전체를 5m 등간격 으로 분할 — 층고·창높이·수평배치가 **전부 가정값**이다. 도면을 받으면 위치와 높이가 모두 바뀐다",
    "estimated": true
   }
  },
  {
   "type": "Feature",
   "geometry": {
    "type": "Point",
    "coordinates": [
     126.93425189,
     37.5249138
    ]
   },
   "properties": {
    "pid": "여의도고등학교 ②(4층) 1층-23",
    "school": "여의도고등학교",
    "jibun": "30-1",
    "kind": "교사동 창면",
    "dong": "여의도고등학교 ②(4층)",
    "floor": 1,
    "z_m": 1.2,
    "normal_az": 232.0,
    "grade": "B",
    "근거등급": "B 일반식(전부 추정)",
    "근거": "일반식(도면 없음)",
    "추정항목": "도면 미수령. 층고 3.5m·창중심 바닥+1.2m·남향계열 외벽 전체를 5m 등간격 으로 분할 — 층고·창높이·수평배치가 **전부 가정값**이다. 도면을 받으면 위치와 높이가 모두 바뀐다",
    "estimated": true
   }
  },
  {
   "type": "Feature",
   "geometry": {
    "type": "Point",
    "coordinates": [
     126.93425189,
     37.5249138
    ]
   },
   "properties": {
    "pid": "여의도고등학교 ②(4층) 2층-23",
    "school": "여의도고등학교",
    "jibun": "30-1",
    "kind": "교사동 창면",
    "dong": "여의도고등학교 ②(4층)",
    "floor": 2,
    "z_m": 4.7,
    "normal_az": 232.0,
    "grade": "B",
    "근거등급": "B 일반식(전부 추정)",
    "근거": "일반식(도면 없음)",
    "추정항목": "도면 미수령. 층고 3.5m·창중심 바닥+1.2m·남향계열 외벽 전체를 5m 등간격 으로 분할 — 층고·창높이·수평배치가 **전부 가정값**이다. 도면을 받으면 위치와 높이가 모두 바뀐다",
    "estimated": true
   }
  },
  {
   "type": "Feature",
   "geometry": {
    "type": "Point",
    "coordinates": [
     126.93425189,
     37.5249138
    ]
   },
   "properties": {
    "pid": "여의도고등학교 ②(4층) 3층-23",
    "school": "여의도고등학교",
    "jibun": "30-1",
    "kind": "교사동 창면",
    "dong": "여의도고등학교 ②(4층)",
    "floor": 3,
    "z_m": 8.2,
    "normal_az": 232.0,
    "grade": "B",
    "근거등급": "B 일반식(전부 추정)",
    "근거": "일반식(도면 없음)",
    "추정항목": "도면 미수령. 층고 3.5m·창중심 바닥+1.2m·남향계열 외벽 전체를 5m 등간격 으로 분할 — 층고·창높이·수평배치가 **전부 가정값**이다. 도면을 받으면 위치와 높이가 모두 바뀐다",
    "estimated": true
   }
  },
  {
   "type": "Feature",
   "geometry": {
    "type": "Point",
    "coordinates": [
     126.93425189,
     37.5249138
    ]
   },
   "properties": {
    "pid": "여의도고등학교 ②(4층) 4층-23",
    "school": "여의도고등학교",
    "jibun": "30-1",
    "kind": "교사동 창면",
    "dong": "여의도고등학교 ②(4층)",
    "floor": 4,
    "z_m": 11.7,
    "normal_az": 232.0,
    "grade": "B",
    "근거등급": "B 일반식(전부 추정)",
    "근거": "일반식(도면 없음)",
    "추정항목": "도면 미수령. 층고 3.5m·창중심 바닥+1.2m·남향계열 외벽 전체를 5m 등간격 으로 분할 — 층고·창높이·수평배치가 **전부 가정값**이다. 도면을 받으면 위치와 높이가 모두 바뀐다",
    "estimated": true
   }
  },
  {
   "type": "Feature",
   "geometry": {
    "type": "Point",
    "coordinates": [
     126.93428516,
     37.52487997
    ]
   },
   "properties": {
    "pid": "여의도고등학교 ②(4층) 1층-24",
    "school": "여의도고등학교",
    "jibun": "30-1",
    "kind": "교사동 창면",
    "dong": "여의도고등학교 ②(4층)",
    "floor": 1,
    "z_m": 1.2,
    "normal_az": 232.0,
    "grade": "B",
    "근거등급": "B 일반식(전부 추정)",
    "근거": "일반식(도면 없음)",
    "추정항목": "도면 미수령. 층고 3.5m·창중심 바닥+1.2m·남향계열 외벽 전체를 5m 등간격 으로 분할 — 층고·창높이·수평배치가 **전부 가정값**이다. 도면을 받으면 위치와 높이가 모두 바뀐다",
    "estimated": true
   }
  },
  {
   "type": "Feature",
   "geometry": {
    "type": "Point",
    "coordinates": [
     126.93428516,
     37.52487997
    ]
   },
   "properties": {
    "pid": "여의도고등학교 ②(4층) 2층-24",
    "school": "여의도고등학교",
    "jibun": "30-1",
    "kind": "교사동 창면",
    "dong": "여의도고등학교 ②(4층)",
    "floor": 2,
    "z_m": 4.7,
    "normal_az": 232.0,
    "grade": "B",
    "근거등급": "B 일반식(전부 추정)",
    "근거": "일반식(도면 없음)",
    "추정항목": "도면 미수령. 층고 3.5m·창중심 바닥+1.2m·남향계열 외벽 전체를 5m 등간격 으로 분할 — 층고·창높이·수평배치가 **전부 가정값**이다. 도면을 받으면 위치와 높이가 모두 바뀐다",
    "estimated": true
   }
  },
  {
   "type": "Feature",
   "geometry": {
    "type": "Point",
    "coordinates": [
     126.93428516,
     37.52487997
    ]
   },
   "properties": {
    "pid": "여의도고등학교 ②(4층) 3층-24",
    "school": "여의도고등학교",
    "jibun": "30-1",
    "kind": "교사동 창면",
    "dong": "여의도고등학교 ②(4층)",
    "floor": 3,
    "z_m": 8.2,
    "normal_az": 232.0,
    "grade": "B",
    "근거등급": "B 일반식(전부 추정)",
    "근거": "일반식(도면 없음)",
    "추정항목": "도면 미수령. 층고 3.5m·창중심 바닥+1.2m·남향계열 외벽 전체를 5m 등간격 으로 분할 — 층고·창높이·수평배치가 **전부 가정값**이다. 도면을 받으면 위치와 높이가 모두 바뀐다",
    "estimated": true
   }
  },
  {
   "type": "Feature",
   "geometry": {
    "type": "Point",
    "coordinates": [
     126.93428516,
     37.52487997
    ]
   },
   "properties": {
    "pid": "여의도고등학교 ②(4층) 4층-24",
    "school": "여의도고등학교",
    "jibun": "30-1",
    "kind": "교사동 창면",
    "dong": "여의도고등학교 ②(4층)",
    "floor": 4,
    "z_m": 11.7,
    "normal_az": 232.0,
    "grade": "B",
    "근거등급": "B 일반식(전부 추정)",
    "근거": "일반식(도면 없음)",
    "추정항목": "도면 미수령. 층고 3.5m·창중심 바닥+1.2m·남향계열 외벽 전체를 5m 등간격 으로 분할 — 층고·창높이·수평배치가 **전부 가정값**이다. 도면을 받으면 위치와 높이가 모두 바뀐다",
    "estimated": true
   }
  },
  {
   "type": "Feature",
   "geometry": {
    "type": "Point",
    "coordinates": [
     126.93431843,
     37.52484614
    ]
   },
   "properties": {
    "pid": "여의도고등학교 ②(4층) 1층-25",
    "school": "여의도고등학교",
    "jibun": "30-1",
    "kind": "교사동 창면",
    "dong": "여의도고등학교 ②(4층)",
    "floor": 1,
    "z_m": 1.2,
    "normal_az": 232.0,
    "grade": "B",
    "근거등급": "B 일반식(전부 추정)",
    "근거": "일반식(도면 없음)",
    "추정항목": "도면 미수령. 층고 3.5m·창중심 바닥+1.2m·남향계열 외벽 전체를 5m 등간격 으로 분할 — 층고·창높이·수평배치가 **전부 가정값**이다. 도면을 받으면 위치와 높이가 모두 바뀐다",
    "estimated": true
   }
  },
  {
   "type": "Feature",
   "geometry": {
    "type": "Point",
    "coordinates": [
     126.93431843,
     37.52484614
    ]
   },
   "properties": {
    "pid": "여의도고등학교 ②(4층) 2층-25",
    "school": "여의도고등학교",
    "jibun": "30-1",
    "kind": "교사동 창면",
    "dong": "여의도고등학교 ②(4층)",
    "floor": 2,
    "z_m": 4.7,
    "normal_az": 232.0,
    "grade": "B",
    "근거등급": "B 일반식(전부 추정)",
    "근거": "일반식(도면 없음)",
    "추정항목": "도면 미수령. 층고 3.5m·창중심 바닥+1.2m·남향계열 외벽 전체를 5m 등간격 으로 분할 — 층고·창높이·수평배치가 **전부 가정값**이다. 도면을 받으면 위치와 높이가 모두 바뀐다",
    "estimated": true
   }
  },
  {
   "type": "Feature",
   "geometry": {
    "type": "Point",
    "coordinates": [
     126.93431843,
     37.52484614
    ]
   },
   "properties": {
    "pid": "여의도고등학교 ②(4층) 3층-25",
    "school": "여의도고등학교",
    "jibun": "30-1",
    "kind": "교사동 창면",
    "dong": "여의도고등학교 ②(4층)",
    "floor": 3,
    "z_m": 8.2,
    "normal_az": 232.0,
    "grade": "B",
    "근거등급": "B 일반식(전부 추정)",
    "근거": "일반식(도면 없음)",
    "추정항목": "도면 미수령. 층고 3.5m·창중심 바닥+1.2m·남향계열 외벽 전체를 5m 등간격 으로 분할 — 층고·창높이·수평배치가 **전부 가정값**이다. 도면을 받으면 위치와 높이가 모두 바뀐다",
    "estimated": true
   }
  },
  {
   "type": "Feature",
   "geometry": {
    "type": "Point",
    "coordinates": [
     126.93431843,
     37.52484614
    ]
   },
   "properties": {
    "pid": "여의도고등학교 ②(4층) 4층-25",
    "school": "여의도고등학교",
    "jibun": "30-1",
    "kind": "교사동 창면",
    "dong": "여의도고등학교 ②(4층)",
    "floor": 4,
    "z_m": 11.7,
    "normal_az": 232.0,
    "grade": "B",
    "근거등급": "B 일반식(전부 추정)",
    "근거": "일반식(도면 없음)",
    "추정항목": "도면 미수령. 층고 3.5m·창중심 바닥+1.2m·남향계열 외벽 전체를 5m 등간격 으로 분할 — 층고·창높이·수평배치가 **전부 가정값**이다. 도면을 받으면 위치와 높이가 모두 바뀐다",
    "estimated": true
   }
  },
  {
   "type": "Feature",
   "geometry": {
    "type": "Point",
    "coordinates": [
     126.93435171,
     37.52481232
    ]
   },
   "properties": {
    "pid": "여의도고등학교 ②(4층) 1층-26",
    "school": "여의도고등학교",
    "jibun": "30-1",
    "kind": "교사동 창면",
    "dong": "여의도고등학교 ②(4층)",
    "floor": 1,
    "z_m": 1.2,
    "normal_az": 232.0,
    "grade": "B",
    "근거등급": "B 일반식(전부 추정)",
    "근거": "일반식(도면 없음)",
    "추정항목": "도면 미수령. 층고 3.5m·창중심 바닥+1.2m·남향계열 외벽 전체를 5m 등간격 으로 분할 — 층고·창높이·수평배치가 **전부 가정값**이다. 도면을 받으면 위치와 높이가 모두 바뀐다",
    "estimated": true
   }
  },
  {
   "type": "Feature",
   "geometry": {
    "type": "Point",
    "coordinates": [
     126.93435171,
     37.52481232
    ]
   },
   "properties": {
    "pid": "여의도고등학교 ②(4층) 2층-26",
    "school": "여의도고등학교",
    "jibun": "30-1",
    "kind": "교사동 창면",
    "dong": "여의도고등학교 ②(4층)",
    "floor": 2,
    "z_m": 4.7,
    "normal_az": 232.0,
    "grade": "B",
    "근거등급": "B 일반식(전부 추정)",
    "근거": "일반식(도면 없음)",
    "추정항목": "도면 미수령. 층고 3.5m·창중심 바닥+1.2m·남향계열 외벽 전체를 5m 등간격 으로 분할 — 층고·창높이·수평배치가 **전부 가정값**이다. 도면을 받으면 위치와 높이가 모두 바뀐다",
    "estimated": true
   }
  },
  {
   "type": "Feature",
   "geometry": {
    "type": "Point",
    "coordinates": [
     126.93435171,
     37.52481232
    ]
   },
   "properties": {
    "pid": "여의도고등학교 ②(4층) 3층-26",
    "school": "여의도고등학교",
    "jibun": "30-1",
    "kind": "교사동 창면",
    "dong": "여의도고등학교 ②(4층)",
    "floor": 3,
    "z_m": 8.2,
    "normal_az": 232.0,
    "grade": "B",
    "근거등급": "B 일반식(전부 추정)",
    "근거": "일반식(도면 없음)",
    "추정항목": "도면 미수령. 층고 3.5m·창중심 바닥+1.2m·남향계열 외벽 전체를 5m 등간격 으로 분할 — 층고·창높이·수평배치가 **전부 가정값**이다. 도면을 받으면 위치와 높이가 모두 바뀐다",
    "estimated": true
   }
  },
  {
   "type": "Feature",
   "geometry": {
    "type": "Point",
    "coordinates": [
     126.93435171,
     37.52481232
    ]
   },
   "properties": {
    "pid": "여의도고등학교 ②(4층) 4층-26",
    "school": "여의도고등학교",
    "jibun": "30-1",
    "kind": "교사동 창면",
    "dong": "여의도고등학교 ②(4층)",
    "floor": 4,
    "z_m": 11.7,
    "normal_az": 232.0,
    "grade": "B",
    "근거등급": "B 일반식(전부 추정)",
    "근거": "일반식(도면 없음)",
    "추정항목": "도면 미수령. 층고 3.5m·창중심 바닥+1.2m·남향계열 외벽 전체를 5m 등간격 으로 분할 — 층고·창높이·수평배치가 **전부 가정값**이다. 도면을 받으면 위치와 높이가 모두 바뀐다",
    "estimated": true
   }
  },
  {
   "type": "Feature",
   "geometry": {
    "type": "Point",
    "coordinates": [
     126.93438498,
     37.52477849
    ]
   },
   "properties": {
    "pid": "여의도고등학교 ②(4층) 1층-27",
    "school": "여의도고등학교",
    "jibun": "30-1",
    "kind": "교사동 창면",
    "dong": "여의도고등학교 ②(4층)",
    "floor": 1,
    "z_m": 1.2,
    "normal_az": 232.0,
    "grade": "B",
    "근거등급": "B 일반식(전부 추정)",
    "근거": "일반식(도면 없음)",
    "추정항목": "도면 미수령. 층고 3.5m·창중심 바닥+1.2m·남향계열 외벽 전체를 5m 등간격 으로 분할 — 층고·창높이·수평배치가 **전부 가정값**이다. 도면을 받으면 위치와 높이가 모두 바뀐다",
    "estimated": true
   }
  },
  {
   "type": "Feature",
   "geometry": {
    "type": "Point",
    "coordinates": [
     126.93438498,
     37.52477849
    ]
   },
   "properties": {
    "pid": "여의도고등학교 ②(4층) 2층-27",
    "school": "여의도고등학교",
    "jibun": "30-1",
    "kind": "교사동 창면",
    "dong": "여의도고등학교 ②(4층)",
    "floor": 2,
    "z_m": 4.7,
    "normal_az": 232.0,
    "grade": "B",
    "근거등급": "B 일반식(전부 추정)",
    "근거": "일반식(도면 없음)",
    "추정항목": "도면 미수령. 층고 3.5m·창중심 바닥+1.2m·남향계열 외벽 전체를 5m 등간격 으로 분할 — 층고·창높이·수평배치가 **전부 가정값**이다. 도면을 받으면 위치와 높이가 모두 바뀐다",
    "estimated": true
   }
  },
  {
   "type": "Feature",
   "geometry": {
    "type": "Point",
    "coordinates": [
     126.93438498,
     37.52477849
    ]
   },
   "properties": {
    "pid": "여의도고등학교 ②(4층) 3층-27",
    "school": "여의도고등학교",
    "jibun": "30-1",
    "kind": "교사동 창면",
    "dong": "여의도고등학교 ②(4층)",
    "floor": 3,
    "z_m": 8.2,
    "normal_az": 232.0,
    "grade": "B",
    "근거등급": "B 일반식(전부 추정)",
    "근거": "일반식(도면 없음)",
    "추정항목": "도면 미수령. 층고 3.5m·창중심 바닥+1.2m·남향계열 외벽 전체를 5m 등간격 으로 분할 — 층고·창높이·수평배치가 **전부 가정값**이다. 도면을 받으면 위치와 높이가 모두 바뀐다",
    "estimated": true
   }
  },
  {
   "type": "Feature",
   "geometry": {
    "type": "Point",
    "coordinates": [
     126.93438498,
     37.52477849
    ]
   },
   "properties": {
    "pid": "여의도고등학교 ②(4층) 4층-27",
    "school": "여의도고등학교",
    "jibun": "30-1",
    "kind": "교사동 창면",
    "dong": "여의도고등학교 ②(4층)",
    "floor": 4,
    "z_m": 11.7,
    "normal_az": 232.0,
    "grade": "B",
    "근거등급": "B 일반식(전부 추정)",
    "근거": "일반식(도면 없음)",
    "추정항목": "도면 미수령. 층고 3.5m·창중심 바닥+1.2m·남향계열 외벽 전체를 5m 등간격 으로 분할 — 층고·창높이·수평배치가 **전부 가정값**이다. 도면을 받으면 위치와 높이가 모두 바뀐다",
    "estimated": true
   }
  },
  {
   "type": "Feature",
   "geometry": {
    "type": "Point",
    "coordinates": [
     126.93441826,
     37.52474466
    ]
   },
   "properties": {
    "pid": "여의도고등학교 ②(4층) 1층-28",
    "school": "여의도고등학교",
    "jibun": "30-1",
    "kind": "교사동 창면",
    "dong": "여의도고등학교 ②(4층)",
    "floor": 1,
    "z_m": 1.2,
    "normal_az": 232.0,
    "grade": "B",
    "근거등급": "B 일반식(전부 추정)",
    "근거": "일반식(도면 없음)",
    "추정항목": "도면 미수령. 층고 3.5m·창중심 바닥+1.2m·남향계열 외벽 전체를 5m 등간격 으로 분할 — 층고·창높이·수평배치가 **전부 가정값**이다. 도면을 받으면 위치와 높이가 모두 바뀐다",
    "estimated": true
   }
  },
  {
   "type": "Feature",
   "geometry": {
    "type": "Point",
    "coordinates": [
     126.93441826,
     37.52474466
    ]
   },
   "properties": {
    "pid": "여의도고등학교 ②(4층) 2층-28",
    "school": "여의도고등학교",
    "jibun": "30-1",
    "kind": "교사동 창면",
    "dong": "여의도고등학교 ②(4층)",
    "floor": 2,
    "z_m": 4.7,
    "normal_az": 232.0,
    "grade": "B",
    "근거등급": "B 일반식(전부 추정)",
    "근거": "일반식(도면 없음)",
    "추정항목": "도면 미수령. 층고 3.5m·창중심 바닥+1.2m·남향계열 외벽 전체를 5m 등간격 으로 분할 — 층고·창높이·수평배치가 **전부 가정값**이다. 도면을 받으면 위치와 높이가 모두 바뀐다",
    "estimated": true
   }
  },
  {
   "type": "Feature",
   "geometry": {
    "type": "Point",
    "coordinates": [
     126.93441826,
     37.52474466
    ]
   },
   "properties": {
    "pid": "여의도고등학교 ②(4층) 3층-28",
    "school": "여의도고등학교",
    "jibun": "30-1",
    "kind": "교사동 창면",
    "dong": "여의도고등학교 ②(4층)",
    "floor": 3,
    "z_m": 8.2,
    "normal_az": 232.0,
    "grade": "B",
    "근거등급": "B 일반식(전부 추정)",
    "근거": "일반식(도면 없음)",
    "추정항목": "도면 미수령. 층고 3.5m·창중심 바닥+1.2m·남향계열 외벽 전체를 5m 등간격 으로 분할 — 층고·창높이·수평배치가 **전부 가정값**이다. 도면을 받으면 위치와 높이가 모두 바뀐다",
    "estimated": true
   }
  },
  {
   "type": "Feature",
   "geometry": {
    "type": "Point",
    "coordinates": [
     126.93441826,
     37.52474466
    ]
   },
   "properties": {
    "pid": "여의도고등학교 ②(4층) 4층-28",
    "school": "여의도고등학교",
    "jibun": "30-1",
    "kind": "교사동 창면",
    "dong": "여의도고등학교 ②(4층)",
    "floor": 4,
    "z_m": 11.7,
    "normal_az": 232.0,
    "grade": "B",
    "근거등급": "B 일반식(전부 추정)",
    "근거": "일반식(도면 없음)",
    "추정항목": "도면 미수령. 층고 3.5m·창중심 바닥+1.2m·남향계열 외벽 전체를 5m 등간격 으로 분할 — 층고·창높이·수평배치가 **전부 가정값**이다. 도면을 받으면 위치와 높이가 모두 바뀐다",
    "estimated": true
   }
  },
  {
   "type": "Feature",
   "geometry": {
    "type": "Point",
    "coordinates": [
     126.93434063,
     37.52462917
    ]
   },
   "properties": {
    "pid": "여의도고등학교 ②(4층) 1층-29",
    "school": "여의도고등학교",
    "jibun": "30-1",
    "kind": "교사동 창면",
    "dong": "여의도고등학교 ②(4층)",
    "floor": 1,
    "z_m": 1.2,
    "normal_az": 231.9,
    "grade": "B",
    "근거등급": "B 일반식(전부 추정)",
    "근거": "일반식(도면 없음)",
    "추정항목": "도면 미수령. 층고 3.5m·창중심 바닥+1.2m·남향계열 외벽 전체를 5m 등간격 으로 분할 — 층고·창높이·수평배치가 **전부 가정값**이다. 도면을 받으면 위치와 높이가 모두 바뀐다",
    "estimated": true
   }
  },
  {
   "type": "Feature",
   "geometry": {
    "type": "Point",
    "coordinates": [
     126.93434063,
     37.52462917
    ]
   },
   "properties": {
    "pid": "여의도고등학교 ②(4층) 2층-29",
    "school": "여의도고등학교",
    "jibun": "30-1",
    "kind": "교사동 창면",
    "dong": "여의도고등학교 ②(4층)",
    "floor": 2,
    "z_m": 4.7,
    "normal_az": 231.9,
    "grade": "B",
    "근거등급": "B 일반식(전부 추정)",
    "근거": "일반식(도면 없음)",
    "추정항목": "도면 미수령. 층고 3.5m·창중심 바닥+1.2m·남향계열 외벽 전체를 5m 등간격 으로 분할 — 층고·창높이·수평배치가 **전부 가정값**이다. 도면을 받으면 위치와 높이가 모두 바뀐다",
    "estimated": true
   }
  },
  {
   "type": "Feature",
   "geometry": {
    "type": "Point",
    "coordinates": [
     126.93434063,
     37.52462917
    ]
   },
   "properties": {
    "pid": "여의도고등학교 ②(4층) 3층-29",
    "school": "여의도고등학교",
    "jibun": "30-1",
    "kind": "교사동 창면",
    "dong": "여의도고등학교 ②(4층)",
    "floor": 3,
    "z_m": 8.2,
    "normal_az": 231.9,
    "grade": "B",
    "근거등급": "B 일반식(전부 추정)",
    "근거": "일반식(도면 없음)",
    "추정항목": "도면 미수령. 층고 3.5m·창중심 바닥+1.2m·남향계열 외벽 전체를 5m 등간격 으로 분할 — 층고·창높이·수평배치가 **전부 가정값**이다. 도면을 받으면 위치와 높이가 모두 바뀐다",
    "estimated": true
   }
  },
  {
   "type": "Feature",
   "geometry": {
    "type": "Point",
    "coordinates": [
     126.93434063,
     37.52462917
    ]
   },
   "properties": {
    "pid": "여의도고등학교 ②(4층) 4층-29",
    "school": "여의도고등학교",
    "jibun": "30-1",
    "kind": "교사동 창면",
    "dong": "여의도고등학교 ②(4층)",
    "floor": 4,
    "z_m": 11.7,
    "normal_az": 231.9,
    "grade": "B",
    "근거등급": "B 일반식(전부 추정)",
    "근거": "일반식(도면 없음)",
    "추정항목": "도면 미수령. 층고 3.5m·창중심 바닥+1.2m·남향계열 외벽 전체를 5m 등간격 으로 분할 — 층고·창높이·수평배치가 **전부 가정값**이다. 도면을 받으면 위치와 높이가 모두 바뀐다",
    "estimated": true
   }
  },
  {
   "type": "Feature",
   "geometry": {
    "type": "Point",
    "coordinates": [
     126.9343789,
     37.52459035
    ]
   },
   "properties": {
    "pid": "여의도고등학교 ②(4층) 1층-30",
    "school": "여의도고등학교",
    "jibun": "30-1",
    "kind": "교사동 창면",
    "dong": "여의도고등학교 ②(4층)",
    "floor": 1,
    "z_m": 1.2,
    "normal_az": 231.9,
    "grade": "B",
    "근거등급": "B 일반식(전부 추정)",
    "근거": "일반식(도면 없음)",
    "추정항목": "도면 미수령. 층고 3.5m·창중심 바닥+1.2m·남향계열 외벽 전체를 5m 등간격 으로 분할 — 층고·창높이·수평배치가 **전부 가정값**이다. 도면을 받으면 위치와 높이가 모두 바뀐다",
    "estimated": true
   }
  },
  {
   "type": "Feature",
   "geometry": {
    "type": "Point",
    "coordinates": [
     126.9343789,
     37.52459035
    ]
   },
   "properties": {
    "pid": "여의도고등학교 ②(4층) 2층-30",
    "school": "여의도고등학교",
    "jibun": "30-1",
    "kind": "교사동 창면",
    "dong": "여의도고등학교 ②(4층)",
    "floor": 2,
    "z_m": 4.7,
    "normal_az": 231.9,
    "grade": "B",
    "근거등급": "B 일반식(전부 추정)",
    "근거": "일반식(도면 없음)",
    "추정항목": "도면 미수령. 층고 3.5m·창중심 바닥+1.2m·남향계열 외벽 전체를 5m 등간격 으로 분할 — 층고·창높이·수평배치가 **전부 가정값**이다. 도면을 받으면 위치와 높이가 모두 바뀐다",
    "estimated": true
   }
  },
  {
   "type": "Feature",
   "geometry": {
    "type": "Point",
    "coordinates": [
     126.9343789,
     37.52459035
    ]
   },
   "properties": {
    "pid": "여의도고등학교 ②(4층) 3층-30",
    "school": "여의도고등학교",
    "jibun": "30-1",
    "kind": "교사동 창면",
    "dong": "여의도고등학교 ②(4층)",
    "floor": 3,
    "z_m": 8.2,
    "normal_az": 231.9,
    "grade": "B",
    "근거등급": "B 일반식(전부 추정)",
    "근거": "일반식(도면 없음)",
    "추정항목": "도면 미수령. 층고 3.5m·창중심 바닥+1.2m·남향계열 외벽 전체를 5m 등간격 으로 분할 — 층고·창높이·수평배치가 **전부 가정값**이다. 도면을 받으면 위치와 높이가 모두 바뀐다",
    "estimated": true
   }
  },
  {
   "type": "Feature",
   "geometry": {
    "type": "Point",
    "coordinates": [
     126.9343789,
     37.52459035
    ]
   },
   "properties": {
    "pid": "여의도고등학교 ②(4층) 4층-30",
    "school": "여의도고등학교",
    "jibun": "30-1",
    "kind": "교사동 창면",
    "dong": "여의도고등학교 ②(4층)",
    "floor": 4,
    "z_m": 11.7,
    "normal_az": 231.9,
    "grade": "B",
    "근거등급": "B 일반식(전부 추정)",
    "근거": "일반식(도면 없음)",
    "추정항목": "도면 미수령. 층고 3.5m·창중심 바닥+1.2m·남향계열 외벽 전체를 5m 등간격 으로 분할 — 층고·창높이·수평배치가 **전부 가정값**이다. 도면을 받으면 위치와 높이가 모두 바뀐다",
    "estimated": true
   }
  },
  {
   "type": "Feature",
   "geometry": {
    "type": "Point",
    "coordinates": [
     126.93441717,
     37.52455154
    ]
   },
   "properties": {
    "pid": "여의도고등학교 ②(4층) 1층-31",
    "school": "여의도고등학교",
    "jibun": "30-1",
    "kind": "교사동 창면",
    "dong": "여의도고등학교 ②(4층)",
    "floor": 1,
    "z_m": 1.2,
    "normal_az": 231.9,
    "grade": "B",
    "근거등급": "B 일반식(전부 추정)",
    "근거": "일반식(도면 없음)",
    "추정항목": "도면 미수령. 층고 3.5m·창중심 바닥+1.2m·남향계열 외벽 전체를 5m 등간격 으로 분할 — 층고·창높이·수평배치가 **전부 가정값**이다. 도면을 받으면 위치와 높이가 모두 바뀐다",
    "estimated": true
   }
  },
  {
   "type": "Feature",
   "geometry": {
    "type": "Point",
    "coordinates": [
     126.93441717,
     37.52455154
    ]
   },
   "properties": {
    "pid": "여의도고등학교 ②(4층) 2층-31",
    "school": "여의도고등학교",
    "jibun": "30-1",
    "kind": "교사동 창면",
    "dong": "여의도고등학교 ②(4층)",
    "floor": 2,
    "z_m": 4.7,
    "normal_az": 231.9,
    "grade": "B",
    "근거등급": "B 일반식(전부 추정)",
    "근거": "일반식(도면 없음)",
    "추정항목": "도면 미수령. 층고 3.5m·창중심 바닥+1.2m·남향계열 외벽 전체를 5m 등간격 으로 분할 — 층고·창높이·수평배치가 **전부 가정값**이다. 도면을 받으면 위치와 높이가 모두 바뀐다",
    "estimated": true
   }
  },
  {
   "type": "Feature",
   "geometry": {
    "type": "Point",
    "coordinates": [
     126.93441717,
     37.52455154
    ]
   },
   "properties": {
    "pid": "여의도고등학교 ②(4층) 3층-31",
    "school": "여의도고등학교",
    "jibun": "30-1",
    "kind": "교사동 창면",
    "dong": "여의도고등학교 ②(4층)",
    "floor": 3,
    "z_m": 8.2,
    "normal_az": 231.9,
    "grade": "B",
    "근거등급": "B 일반식(전부 추정)",
    "근거": "일반식(도면 없음)",
    "추정항목": "도면 미수령. 층고 3.5m·창중심 바닥+1.2m·남향계열 외벽 전체를 5m 등간격 으로 분할 — 층고·창높이·수평배치가 **전부 가정값**이다. 도면을 받으면 위치와 높이가 모두 바뀐다",
    "estimated": true
   }
  },
  {
   "type": "Feature",
   "geometry": {
    "type": "Point",
    "coordinates": [
     126.93441717,
     37.52455154
    ]
   },
   "properties": {
    "pid": "여의도고등학교 ②(4층) 4층-31",
    "school": "여의도고등학교",
    "jibun": "30-1",
    "kind": "교사동 창면",
    "dong": "여의도고등학교 ②(4층)",
    "floor": 4,
    "z_m": 11.7,
    "normal_az": 231.9,
    "grade": "B",
    "근거등급": "B 일반식(전부 추정)",
    "근거": "일반식(도면 없음)",
    "추정항목": "도면 미수령. 층고 3.5m·창중심 바닥+1.2m·남향계열 외벽 전체를 5m 등간격 으로 분할 — 층고·창높이·수평배치가 **전부 가정값**이다. 도면을 받으면 위치와 높이가 모두 바뀐다",
    "estimated": true
   }
  },
  {
   "type": "Feature",
   "geometry": {
    "type": "Point",
    "coordinates": [
     126.93445544,
     37.52451274
    ]
   },
   "properties": {
    "pid": "여의도고등학교 ②(4층) 1층-32",
    "school": "여의도고등학교",
    "jibun": "30-1",
    "kind": "교사동 창면",
    "dong": "여의도고등학교 ②(4층)",
    "floor": 1,
    "z_m": 1.2,
    "normal_az": 231.9,
    "grade": "B",
    "근거등급": "B 일반식(전부 추정)",
    "근거": "일반식(도면 없음)",
    "추정항목": "도면 미수령. 층고 3.5m·창중심 바닥+1.2m·남향계열 외벽 전체를 5m 등간격 으로 분할 — 층고·창높이·수평배치가 **전부 가정값**이다. 도면을 받으면 위치와 높이가 모두 바뀐다",
    "estimated": true
   }
  },
  {
   "type": "Feature",
   "geometry": {
    "type": "Point",
    "coordinates": [
     126.93445544,
     37.52451274
    ]
   },
   "properties": {
    "pid": "여의도고등학교 ②(4층) 2층-32",
    "school": "여의도고등학교",
    "jibun": "30-1",
    "kind": "교사동 창면",
    "dong": "여의도고등학교 ②(4층)",
    "floor": 2,
    "z_m": 4.7,
    "normal_az": 231.9,
    "grade": "B",
    "근거등급": "B 일반식(전부 추정)",
    "근거": "일반식(도면 없음)",
    "추정항목": "도면 미수령. 층고 3.5m·창중심 바닥+1.2m·남향계열 외벽 전체를 5m 등간격 으로 분할 — 층고·창높이·수평배치가 **전부 가정값**이다. 도면을 받으면 위치와 높이가 모두 바뀐다",
    "estimated": true
   }
  },
  {
   "type": "Feature",
   "geometry": {
    "type": "Point",
    "coordinates": [
     126.93445544,
     37.52451274
    ]
   },
   "properties": {
    "pid": "여의도고등학교 ②(4층) 3층-32",
    "school": "여의도고등학교",
    "jibun": "30-1",
    "kind": "교사동 창면",
    "dong": "여의도고등학교 ②(4층)",
    "floor": 3,
    "z_m": 8.2,
    "normal_az": 231.9,
    "grade": "B",
    "근거등급": "B 일반식(전부 추정)",
    "근거": "일반식(도면 없음)",
    "추정항목": "도면 미수령. 층고 3.5m·창중심 바닥+1.2m·남향계열 외벽 전체를 5m 등간격 으로 분할 — 층고·창높이·수평배치가 **전부 가정값**이다. 도면을 받으면 위치와 높이가 모두 바뀐다",
    "estimated": true
   }
  },
  {
   "type": "Feature",
   "geometry": {
    "type": "Point",
    "coordinates": [
     126.93445544,
     37.52451274
    ]
   },
   "properties": {
    "pid": "여의도고등학교 ②(4층) 4층-32",
    "school": "여의도고등학교",
    "jibun": "30-1",
    "kind": "교사동 창면",
    "dong": "여의도고등학교 ②(4층)",
    "floor": 4,
    "z_m": 11.7,
    "normal_az": 231.9,
    "grade": "B",
    "근거등급": "B 일반식(전부 추정)",
    "근거": "일반식(도면 없음)",
    "추정항목": "도면 미수령. 층고 3.5m·창중심 바닥+1.2m·남향계열 외벽 전체를 5m 등간격 으로 분할 — 층고·창높이·수평배치가 **전부 가정값**이다. 도면을 받으면 위치와 높이가 모두 바뀐다",
    "estimated": true
   }
  },
  {
   "type": "Feature",
   "geometry": {
    "type": "Point",
    "coordinates": [
     126.934503,
     37.52450655
    ]
   },
   "properties": {
    "pid": "여의도고등학교 ②(4층) 1층-33",
    "school": "여의도고등학교",
    "jibun": "30-1",
    "kind": "교사동 창면",
    "dong": "여의도고등학교 ②(4층)",
    "floor": 1,
    "z_m": 1.2,
    "normal_az": 141.9,
    "grade": "B",
    "근거등급": "B 일반식(전부 추정)",
    "근거": "일반식(도면 없음)",
    "추정항목": "도면 미수령. 층고 3.5m·창중심 바닥+1.2m·남향계열 외벽 전체를 5m 등간격 으로 분할 — 층고·창높이·수평배치가 **전부 가정값**이다. 도면을 받으면 위치와 높이가 모두 바뀐다",
    "estimated": true
   }
  },
  {
   "type": "Feature",
   "geometry": {
    "type": "Point",
    "coordinates": [
     126.934503,
     37.52450655
    ]
   },
   "properties": {
    "pid": "여의도고등학교 ②(4층) 2층-33",
    "school": "여의도고등학교",
    "jibun": "30-1",
    "kind": "교사동 창면",
    "dong": "여의도고등학교 ②(4층)",
    "floor": 2,
    "z_m": 4.7,
    "normal_az": 141.9,
    "grade": "B",
    "근거등급": "B 일반식(전부 추정)",
    "근거": "일반식(도면 없음)",
    "추정항목": "도면 미수령. 층고 3.5m·창중심 바닥+1.2m·남향계열 외벽 전체를 5m 등간격 으로 분할 — 층고·창높이·수평배치가 **전부 가정값**이다. 도면을 받으면 위치와 높이가 모두 바뀐다",
    "estimated": true
   }
  },
  {
   "type": "Feature",
   "geometry": {
    "type": "Point",
    "coordinates": [
     126.934503,
     37.52450655
    ]
   },
   "properties": {
    "pid": "여의도고등학교 ②(4층) 3층-33",
    "school": "여의도고등학교",
    "jibun": "30-1",
    "kind": "교사동 창면",
    "dong": "여의도고등학교 ②(4층)",
    "floor": 3,
    "z_m": 8.2,
    "normal_az": 141.9,
    "grade": "B",
    "근거등급": "B 일반식(전부 추정)",
    "근거": "일반식(도면 없음)",
    "추정항목": "도면 미수령. 층고 3.5m·창중심 바닥+1.2m·남향계열 외벽 전체를 5m 등간격 으로 분할 — 층고·창높이·수평배치가 **전부 가정값**이다. 도면을 받으면 위치와 높이가 모두 바뀐다",
    "estimated": true
   }
  },
  {
   "type": "Feature",
   "geometry": {
    "type": "Point",
    "coordinates": [
     126.934503,
     37.52450655
    ]
   },
   "properties": {
    "pid": "여의도고등학교 ②(4층) 4층-33",
    "school": "여의도고등학교",
    "jibun": "30-1",
    "kind": "교사동 창면",
    "dong": "여의도고등학교 ②(4층)",
    "floor": 4,
    "z_m": 11.7,
    "normal_az": 141.9,
    "grade": "B",
    "근거등급": "B 일반식(전부 추정)",
    "근거": "일반식(도면 없음)",
    "추정항목": "도면 미수령. 층고 3.5m·창중심 바닥+1.2m·남향계열 외벽 전체를 5m 등간격 으로 분할 — 층고·창높이·수평배치가 **전부 가정값**이다. 도면을 받으면 위치와 높이가 모두 바뀐다",
    "estimated": true
   }
  },
  {
   "type": "Feature",
   "geometry": {
    "type": "Point",
    "coordinates": [
     126.93454717,
     37.52453419
    ]
   },
   "properties": {
    "pid": "여의도고등학교 ②(4층) 1층-34",
    "school": "여의도고등학교",
    "jibun": "30-1",
    "kind": "교사동 창면",
    "dong": "여의도고등학교 ②(4층)",
    "floor": 1,
    "z_m": 1.2,
    "normal_az": 141.9,
    "grade": "B",
    "근거등급": "B 일반식(전부 추정)",
    "근거": "일반식(도면 없음)",
    "추정항목": "도면 미수령. 층고 3.5m·창중심 바닥+1.2m·남향계열 외벽 전체를 5m 등간격 으로 분할 — 층고·창높이·수평배치가 **전부 가정값**이다. 도면을 받으면 위치와 높이가 모두 바뀐다",
    "estimated": true
   }
  },
  {
   "type": "Feature",
   "geometry": {
    "type": "Point",
    "coordinates": [
     126.93454717,
     37.52453419
    ]
   },
   "properties": {
    "pid": "여의도고등학교 ②(4층) 2층-34",
    "school": "여의도고등학교",
    "jibun": "30-1",
    "kind": "교사동 창면",
    "dong": "여의도고등학교 ②(4층)",
    "floor": 2,
    "z_m": 4.7,
    "normal_az": 141.9,
    "grade": "B",
    "근거등급": "B 일반식(전부 추정)",
    "근거": "일반식(도면 없음)",
    "추정항목": "도면 미수령. 층고 3.5m·창중심 바닥+1.2m·남향계열 외벽 전체를 5m 등간격 으로 분할 — 층고·창높이·수평배치가 **전부 가정값**이다. 도면을 받으면 위치와 높이가 모두 바뀐다",
    "estimated": true
   }
  },
  {
   "type": "Feature",
   "geometry": {
    "type": "Point",
    "coordinates": [
     126.93454717,
     37.52453419
    ]
   },
   "properties": {
    "pid": "여의도고등학교 ②(4층) 3층-34",
    "school": "여의도고등학교",
    "jibun": "30-1",
    "kind": "교사동 창면",
    "dong": "여의도고등학교 ②(4층)",
    "floor": 3,
    "z_m": 8.2,
    "normal_az": 141.9,
    "grade": "B",
    "근거등급": "B 일반식(전부 추정)",
    "근거": "일반식(도면 없음)",
    "추정항목": "도면 미수령. 층고 3.5m·창중심 바닥+1.2m·남향계열 외벽 전체를 5m 등간격 으로 분할 — 층고·창높이·수평배치가 **전부 가정값**이다. 도면을 받으면 위치와 높이가 모두 바뀐다",
    "estimated": true
   }
  },
  {
   "type": "Feature",
   "geometry": {
    "type": "Point",
    "coordinates": [
     126.93454717,
     37.52453419
    ]
   },
   "properties": {
    "pid": "여의도고등학교 ②(4층) 4층-34",
    "school": "여의도고등학교",
    "jibun": "30-1",
    "kind": "교사동 창면",
    "dong": "여의도고등학교 ②(4층)",
    "floor": 4,
    "z_m": 11.7,
    "normal_az": 141.9,
    "grade": "B",
    "근거등급": "B 일반식(전부 추정)",
    "근거": "일반식(도면 없음)",
    "추정항목": "도면 미수령. 층고 3.5m·창중심 바닥+1.2m·남향계열 외벽 전체를 5m 등간격 으로 분할 — 층고·창높이·수평배치가 **전부 가정값**이다. 도면을 받으면 위치와 높이가 모두 바뀐다",
    "estimated": true
   }
  },
  {
   "type": "Feature",
   "geometry": {
    "type": "Point",
    "coordinates": [
     126.93459133,
     37.52456184
    ]
   },
   "properties": {
    "pid": "여의도고등학교 ②(4층) 1층-35",
    "school": "여의도고등학교",
    "jibun": "30-1",
    "kind": "교사동 창면",
    "dong": "여의도고등학교 ②(4층)",
    "floor": 1,
    "z_m": 1.2,
    "normal_az": 141.9,
    "grade": "B",
    "근거등급": "B 일반식(전부 추정)",
    "근거": "일반식(도면 없음)",
    "추정항목": "도면 미수령. 층고 3.5m·창중심 바닥+1.2m·남향계열 외벽 전체를 5m 등간격 으로 분할 — 층고·창높이·수평배치가 **전부 가정값**이다. 도면을 받으면 위치와 높이가 모두 바뀐다",
    "estimated": true
   }
  },
  {
   "type": "Feature",
   "geometry": {
    "type": "Point",
    "coordinates": [
     126.93459133,
     37.52456184
    ]
   },
   "properties": {
    "pid": "여의도고등학교 ②(4층) 2층-35",
    "school": "여의도고등학교",
    "jibun": "30-1",
    "kind": "교사동 창면",
    "dong": "여의도고등학교 ②(4층)",
    "floor": 2,
    "z_m": 4.7,
    "normal_az": 141.9,
    "grade": "B",
    "근거등급": "B 일반식(전부 추정)",
    "근거": "일반식(도면 없음)",
    "추정항목": "도면 미수령. 층고 3.5m·창중심 바닥+1.2m·남향계열 외벽 전체를 5m 등간격 으로 분할 — 층고·창높이·수평배치가 **전부 가정값**이다. 도면을 받으면 위치와 높이가 모두 바뀐다",
    "estimated": true
   }
  },
  {
   "type": "Feature",
   "geometry": {
    "type": "Point",
    "coordinates": [
     126.93459133,
     37.52456184
    ]
   },
   "properties": {
    "pid": "여의도고등학교 ②(4층) 3층-35",
    "school": "여의도고등학교",
    "jibun": "30-1",
    "kind": "교사동 창면",
    "dong": "여의도고등학교 ②(4층)",
    "floor": 3,
    "z_m": 8.2,
    "normal_az": 141.9,
    "grade": "B",
    "근거등급": "B 일반식(전부 추정)",
    "근거": "일반식(도면 없음)",
    "추정항목": "도면 미수령. 층고 3.5m·창중심 바닥+1.2m·남향계열 외벽 전체를 5m 등간격 으로 분할 — 층고·창높이·수평배치가 **전부 가정값**이다. 도면을 받으면 위치와 높이가 모두 바뀐다",
    "estimated": true
   }
  },
  {
   "type": "Feature",
   "geometry": {
    "type": "Point",
    "coordinates": [
     126.93459133,
     37.52456184
    ]
   },
   "properties": {
    "pid": "여의도고등학교 ②(4층) 4층-35",
    "school": "여의도고등학교",
    "jibun": "30-1",
    "kind": "교사동 창면",
    "dong": "여의도고등학교 ②(4층)",
    "floor": 4,
    "z_m": 11.7,
    "normal_az": 141.9,
    "grade": "B",
    "근거등급": "B 일반식(전부 추정)",
    "근거": "일반식(도면 없음)",
    "추정항목": "도면 미수령. 층고 3.5m·창중심 바닥+1.2m·남향계열 외벽 전체를 5m 등간격 으로 분할 — 층고·창높이·수평배치가 **전부 가정값**이다. 도면을 받으면 위치와 높이가 모두 바뀐다",
    "estimated": true
   }
  },
  {
   "type": "Feature",
   "geometry": {
    "type": "Point",
    "coordinates": [
     126.93463548,
     37.52458948
    ]
   },
   "properties": {
    "pid": "여의도고등학교 ②(4층) 1층-36",
    "school": "여의도고등학교",
    "jibun": "30-1",
    "kind": "교사동 창면",
    "dong": "여의도고등학교 ②(4층)",
    "floor": 1,
    "z_m": 1.2,
    "normal_az": 141.9,
    "grade": "B",
    "근거등급": "B 일반식(전부 추정)",
    "근거": "일반식(도면 없음)",
    "추정항목": "도면 미수령. 층고 3.5m·창중심 바닥+1.2m·남향계열 외벽 전체를 5m 등간격 으로 분할 — 층고·창높이·수평배치가 **전부 가정값**이다. 도면을 받으면 위치와 높이가 모두 바뀐다",
    "estimated": true
   }
  },
  {
   "type": "Feature",
   "geometry": {
    "type": "Point",
    "coordinates": [
     126.93463548,
     37.52458948
    ]
   },
   "properties": {
    "pid": "여의도고등학교 ②(4층) 2층-36",
    "school": "여의도고등학교",
    "jibun": "30-1",
    "kind": "교사동 창면",
    "dong": "여의도고등학교 ②(4층)",
    "floor": 2,
    "z_m": 4.7,
    "normal_az": 141.9,
    "grade": "B",
    "근거등급": "B 일반식(전부 추정)",
    "근거": "일반식(도면 없음)",
    "추정항목": "도면 미수령. 층고 3.5m·창중심 바닥+1.2m·남향계열 외벽 전체를 5m 등간격 으로 분할 — 층고·창높이·수평배치가 **전부 가정값**이다. 도면을 받으면 위치와 높이가 모두 바뀐다",
    "estimated": true
   }
  },
  {
   "type": "Feature",
   "geometry": {
    "type": "Point",
    "coordinates": [
     126.93463548,
     37.52458948
    ]
   },
   "properties": {
    "pid": "여의도고등학교 ②(4층) 3층-36",
    "school": "여의도고등학교",
    "jibun": "30-1",
    "kind": "교사동 창면",
    "dong": "여의도고등학교 ②(4층)",
    "floor": 3,
    "z_m": 8.2,
    "normal_az": 141.9,
    "grade": "B",
    "근거등급": "B 일반식(전부 추정)",
    "근거": "일반식(도면 없음)",
    "추정항목": "도면 미수령. 층고 3.5m·창중심 바닥+1.2m·남향계열 외벽 전체를 5m 등간격 으로 분할 — 층고·창높이·수평배치가 **전부 가정값**이다. 도면을 받으면 위치와 높이가 모두 바뀐다",
    "estimated": true
   }
  },
  {
   "type": "Feature",
   "geometry": {
    "type": "Point",
    "coordinates": [
     126.93463548,
     37.52458948
    ]
   },
   "properties": {
    "pid": "여의도고등학교 ②(4층) 4층-36",
    "school": "여의도고등학교",
    "jibun": "30-1",
    "kind": "교사동 창면",
    "dong": "여의도고등학교 ②(4층)",
    "floor": 4,
    "z_m": 11.7,
    "normal_az": 141.9,
    "grade": "B",
    "근거등급": "B 일반식(전부 추정)",
    "근거": "일반식(도면 없음)",
    "추정항목": "도면 미수령. 층고 3.5m·창중심 바닥+1.2m·남향계열 외벽 전체를 5m 등간격 으로 분할 — 층고·창높이·수평배치가 **전부 가정값**이다. 도면을 받으면 위치와 높이가 모두 바뀐다",
    "estimated": true
   }
  },
  {
   "type": "Feature",
   "geometry": {
    "type": "Point",
    "coordinates": [
     126.93467965,
     37.52461713
    ]
   },
   "properties": {
    "pid": "여의도고등학교 ②(4층) 1층-37",
    "school": "여의도고등학교",
    "jibun": "30-1",
    "kind": "교사동 창면",
    "dong": "여의도고등학교 ②(4층)",
    "floor": 1,
    "z_m": 1.2,
    "normal_az": 141.9,
    "grade": "B",
    "근거등급": "B 일반식(전부 추정)",
    "근거": "일반식(도면 없음)",
    "추정항목": "도면 미수령. 층고 3.5m·창중심 바닥+1.2m·남향계열 외벽 전체를 5m 등간격 으로 분할 — 층고·창높이·수평배치가 **전부 가정값**이다. 도면을 받으면 위치와 높이가 모두 바뀐다",
    "estimated": true
   }
  },
  {
   "type": "Feature",
   "geometry": {
    "type": "Point",
    "coordinates": [
     126.93467965,
     37.52461713
    ]
   },
   "properties": {
    "pid": "여의도고등학교 ②(4층) 2층-37",
    "school": "여의도고등학교",
    "jibun": "30-1",
    "kind": "교사동 창면",
    "dong": "여의도고등학교 ②(4층)",
    "floor": 2,
    "z_m": 4.7,
    "normal_az": 141.9,
    "grade": "B",
    "근거등급": "B 일반식(전부 추정)",
    "근거": "일반식(도면 없음)",
    "추정항목": "도면 미수령. 층고 3.5m·창중심 바닥+1.2m·남향계열 외벽 전체를 5m 등간격 으로 분할 — 층고·창높이·수평배치가 **전부 가정값**이다. 도면을 받으면 위치와 높이가 모두 바뀐다",
    "estimated": true
   }
  },
  {
   "type": "Feature",
   "geometry": {
    "type": "Point",
    "coordinates": [
     126.93467965,
     37.52461713
    ]
   },
   "properties": {
    "pid": "여의도고등학교 ②(4층) 3층-37",
    "school": "여의도고등학교",
    "jibun": "30-1",
    "kind": "교사동 창면",
    "dong": "여의도고등학교 ②(4층)",
    "floor": 3,
    "z_m": 8.2,
    "normal_az": 141.9,
    "grade": "B",
    "근거등급": "B 일반식(전부 추정)",
    "근거": "일반식(도면 없음)",
    "추정항목": "도면 미수령. 층고 3.5m·창중심 바닥+1.2m·남향계열 외벽 전체를 5m 등간격 으로 분할 — 층고·창높이·수평배치가 **전부 가정값**이다. 도면을 받으면 위치와 높이가 모두 바뀐다",
    "estimated": true
   }
  },
  {
   "type": "Feature",
   "geometry": {
    "type": "Point",
    "coordinates": [
     126.93467965,
     37.52461713
    ]
   },
   "properties": {
    "pid": "여의도고등학교 ②(4층) 4층-37",
    "school": "여의도고등학교",
    "jibun": "30-1",
    "kind": "교사동 창면",
    "dong": "여의도고등학교 ②(4층)",
    "floor": 4,
    "z_m": 11.7,
    "normal_az": 141.9,
    "grade": "B",
    "근거등급": "B 일반식(전부 추정)",
    "근거": "일반식(도면 없음)",
    "추정항목": "도면 미수령. 층고 3.5m·창중심 바닥+1.2m·남향계열 외벽 전체를 5m 등간격 으로 분할 — 층고·창높이·수평배치가 **전부 가정값**이다. 도면을 받으면 위치와 높이가 모두 바뀐다",
    "estimated": true
   }
  },
  {
   "type": "Feature",
   "geometry": {
    "type": "Point",
    "coordinates": [
     126.9347238,
     37.52464478
    ]
   },
   "properties": {
    "pid": "여의도고등학교 ②(4층) 1층-38",
    "school": "여의도고등학교",
    "jibun": "30-1",
    "kind": "교사동 창면",
    "dong": "여의도고등학교 ②(4층)",
    "floor": 1,
    "z_m": 1.2,
    "normal_az": 141.9,
    "grade": "B",
    "근거등급": "B 일반식(전부 추정)",
    "근거": "일반식(도면 없음)",
    "추정항목": "도면 미수령. 층고 3.5m·창중심 바닥+1.2m·남향계열 외벽 전체를 5m 등간격 으로 분할 — 층고·창높이·수평배치가 **전부 가정값**이다. 도면을 받으면 위치와 높이가 모두 바뀐다",
    "estimated": true
   }
  },
  {
   "type": "Feature",
   "geometry": {
    "type": "Point",
    "coordinates": [
     126.9347238,
     37.52464478
    ]
   },
   "properties": {
    "pid": "여의도고등학교 ②(4층) 2층-38",
    "school": "여의도고등학교",
    "jibun": "30-1",
    "kind": "교사동 창면",
    "dong": "여의도고등학교 ②(4층)",
    "floor": 2,
    "z_m": 4.7,
    "normal_az": 141.9,
    "grade": "B",
    "근거등급": "B 일반식(전부 추정)",
    "근거": "일반식(도면 없음)",
    "추정항목": "도면 미수령. 층고 3.5m·창중심 바닥+1.2m·남향계열 외벽 전체를 5m 등간격 으로 분할 — 층고·창높이·수평배치가 **전부 가정값**이다. 도면을 받으면 위치와 높이가 모두 바뀐다",
    "estimated": true
   }
  },
  {
   "type": "Feature",
   "geometry": {
    "type": "Point",
    "coordinates": [
     126.9347238,
     37.52464478
    ]
   },
   "properties": {
    "pid": "여의도고등학교 ②(4층) 3층-38",
    "school": "여의도고등학교",
    "jibun": "30-1",
    "kind": "교사동 창면",
    "dong": "여의도고등학교 ②(4층)",
    "floor": 3,
    "z_m": 8.2,
    "normal_az": 141.9,
    "grade": "B",
    "근거등급": "B 일반식(전부 추정)",
    "근거": "일반식(도면 없음)",
    "추정항목": "도면 미수령. 층고 3.5m·창중심 바닥+1.2m·남향계열 외벽 전체를 5m 등간격 으로 분할 — 층고·창높이·수평배치가 **전부 가정값**이다. 도면을 받으면 위치와 높이가 모두 바뀐다",
    "estimated": true
   }
  },
  {
   "type": "Feature",
   "geometry": {
    "type": "Point",
    "coordinates": [
     126.9347238,
     37.52464478
    ]
   },
   "properties": {
    "pid": "여의도고등학교 ②(4층) 4층-38",
    "school": "여의도고등학교",
    "jibun": "30-1",
    "kind": "교사동 창면",
    "dong": "여의도고등학교 ②(4층)",
    "floor": 4,
    "z_m": 11.7,
    "normal_az": 141.9,
    "grade": "B",
    "근거등급": "B 일반식(전부 추정)",
    "근거": "일반식(도면 없음)",
    "추정항목": "도면 미수령. 층고 3.5m·창중심 바닥+1.2m·남향계열 외벽 전체를 5m 등간격 으로 분할 — 층고·창높이·수평배치가 **전부 가정값**이다. 도면을 받으면 위치와 높이가 모두 바뀐다",
    "estimated": true
   }
  },
  {
   "type": "Feature",
   "geometry": {
    "type": "Point",
    "coordinates": [
     126.93476796,
     37.52467242
    ]
   },
   "properties": {
    "pid": "여의도고등학교 ②(4층) 1층-39",
    "school": "여의도고등학교",
    "jibun": "30-1",
    "kind": "교사동 창면",
    "dong": "여의도고등학교 ②(4층)",
    "floor": 1,
    "z_m": 1.2,
    "normal_az": 141.9,
    "grade": "B",
    "근거등급": "B 일반식(전부 추정)",
    "근거": "일반식(도면 없음)",
    "추정항목": "도면 미수령. 층고 3.5m·창중심 바닥+1.2m·남향계열 외벽 전체를 5m 등간격 으로 분할 — 층고·창높이·수평배치가 **전부 가정값**이다. 도면을 받으면 위치와 높이가 모두 바뀐다",
    "estimated": true
   }
  },
  {
   "type": "Feature",
   "geometry": {
    "type": "Point",
    "coordinates": [
     126.93476796,
     37.52467242
    ]
   },
   "properties": {
    "pid": "여의도고등학교 ②(4층) 2층-39",
    "school": "여의도고등학교",
    "jibun": "30-1",
    "kind": "교사동 창면",
    "dong": "여의도고등학교 ②(4층)",
    "floor": 2,
    "z_m": 4.7,
    "normal_az": 141.9,
    "grade": "B",
    "근거등급": "B 일반식(전부 추정)",
    "근거": "일반식(도면 없음)",
    "추정항목": "도면 미수령. 층고 3.5m·창중심 바닥+1.2m·남향계열 외벽 전체를 5m 등간격 으로 분할 — 층고·창높이·수평배치가 **전부 가정값**이다. 도면을 받으면 위치와 높이가 모두 바뀐다",
    "estimated": true
   }
  },
  {
   "type": "Feature",
   "geometry": {
    "type": "Point",
    "coordinates": [
     126.93476796,
     37.52467242
    ]
   },
   "properties": {
    "pid": "여의도고등학교 ②(4층) 3층-39",
    "school": "여의도고등학교",
    "jibun": "30-1",
    "kind": "교사동 창면",
    "dong": "여의도고등학교 ②(4층)",
    "floor": 3,
    "z_m": 8.2,
    "normal_az": 141.9,
    "grade": "B",
    "근거등급": "B 일반식(전부 추정)",
    "근거": "일반식(도면 없음)",
    "추정항목": "도면 미수령. 층고 3.5m·창중심 바닥+1.2m·남향계열 외벽 전체를 5m 등간격 으로 분할 — 층고·창높이·수평배치가 **전부 가정값**이다. 도면을 받으면 위치와 높이가 모두 바뀐다",
    "estimated": true
   }
  },
  {
   "type": "Feature",
   "geometry": {
    "type": "Point",
    "coordinates": [
     126.93476796,
     37.52467242
    ]
   },
   "properties": {
    "pid": "여의도고등학교 ②(4층) 4층-39",
    "school": "여의도고등학교",
    "jibun": "30-1",
    "kind": "교사동 창면",
    "dong": "여의도고등학교 ②(4층)",
    "floor": 4,
    "z_m": 11.7,
    "normal_az": 141.9,
    "grade": "B",
    "근거등급": "B 일반식(전부 추정)",
    "근거": "일반식(도면 없음)",
    "추정항목": "도면 미수령. 층고 3.5m·창중심 바닥+1.2m·남향계열 외벽 전체를 5m 등간격 으로 분할 — 층고·창높이·수평배치가 **전부 가정값**이다. 도면을 받으면 위치와 높이가 모두 바뀐다",
    "estimated": true
   }
  },
  {
   "type": "Feature",
   "geometry": {
    "type": "Point",
    "coordinates": [
     126.93481211,
     37.52470007
    ]
   },
   "properties": {
    "pid": "여의도고등학교 ②(4층) 1층-40",
    "school": "여의도고등학교",
    "jibun": "30-1",
    "kind": "교사동 창면",
    "dong": "여의도고등학교 ②(4층)",
    "floor": 1,
    "z_m": 1.2,
    "normal_az": 141.9,
    "grade": "B",
    "근거등급": "B 일반식(전부 추정)",
    "근거": "일반식(도면 없음)",
    "추정항목": "도면 미수령. 층고 3.5m·창중심 바닥+1.2m·남향계열 외벽 전체를 5m 등간격 으로 분할 — 층고·창높이·수평배치가 **전부 가정값**이다. 도면을 받으면 위치와 높이가 모두 바뀐다",
    "estimated": true
   }
  },
  {
   "type": "Feature",
   "geometry": {
    "type": "Point",
    "coordinates": [
     126.93481211,
     37.52470007
    ]
   },
   "properties": {
    "pid": "여의도고등학교 ②(4층) 2층-40",
    "school": "여의도고등학교",
    "jibun": "30-1",
    "kind": "교사동 창면",
    "dong": "여의도고등학교 ②(4층)",
    "floor": 2,
    "z_m": 4.7,
    "normal_az": 141.9,
    "grade": "B",
    "근거등급": "B 일반식(전부 추정)",
    "근거": "일반식(도면 없음)",
    "추정항목": "도면 미수령. 층고 3.5m·창중심 바닥+1.2m·남향계열 외벽 전체를 5m 등간격 으로 분할 — 층고·창높이·수평배치가 **전부 가정값**이다. 도면을 받으면 위치와 높이가 모두 바뀐다",
    "estimated": true
   }
  },
  {
   "type": "Feature",
   "geometry": {
    "type": "Point",
    "coordinates": [
     126.93481211,
     37.52470007
    ]
   },
   "properties": {
    "pid": "여의도고등학교 ②(4층) 3층-40",
    "school": "여의도고등학교",
    "jibun": "30-1",
    "kind": "교사동 창면",
    "dong": "여의도고등학교 ②(4층)",
    "floor": 3,
    "z_m": 8.2,
    "normal_az": 141.9,
    "grade": "B",
    "근거등급": "B 일반식(전부 추정)",
    "근거": "일반식(도면 없음)",
    "추정항목": "도면 미수령. 층고 3.5m·창중심 바닥+1.2m·남향계열 외벽 전체를 5m 등간격 으로 분할 — 층고·창높이·수평배치가 **전부 가정값**이다. 도면을 받으면 위치와 높이가 모두 바뀐다",
    "estimated": true
   }
  },
  {
   "type": "Feature",
   "geometry": {
    "type": "Point",
    "coordinates": [
     126.93481211,
     37.52470007
    ]
   },
   "properties": {
    "pid": "여의도고등학교 ②(4층) 4층-40",
    "school": "여의도고등학교",
    "jibun": "30-1",
    "kind": "교사동 창면",
    "dong": "여의도고등학교 ②(4층)",
    "floor": 4,
    "z_m": 11.7,
    "normal_az": 141.9,
    "grade": "B",
    "근거등급": "B 일반식(전부 추정)",
    "근거": "일반식(도면 없음)",
    "추정항목": "도면 미수령. 층고 3.5m·창중심 바닥+1.2m·남향계열 외벽 전체를 5m 등간격 으로 분할 — 층고·창높이·수평배치가 **전부 가정값**이다. 도면을 받으면 위치와 높이가 모두 바뀐다",
    "estimated": true
   }
  },
  {
   "type": "Feature",
   "geometry": {
    "type": "Point",
    "coordinates": [
     126.93485628,
     37.52472771
    ]
   },
   "properties": {
    "pid": "여의도고등학교 ②(4층) 1층-41",
    "school": "여의도고등학교",
    "jibun": "30-1",
    "kind": "교사동 창면",
    "dong": "여의도고등학교 ②(4층)",
    "floor": 1,
    "z_m": 1.2,
    "normal_az": 141.9,
    "grade": "B",
    "근거등급": "B 일반식(전부 추정)",
    "근거": "일반식(도면 없음)",
    "추정항목": "도면 미수령. 층고 3.5m·창중심 바닥+1.2m·남향계열 외벽 전체를 5m 등간격 으로 분할 — 층고·창높이·수평배치가 **전부 가정값**이다. 도면을 받으면 위치와 높이가 모두 바뀐다",
    "estimated": true
   }
  },
  {
   "type": "Feature",
   "geometry": {
    "type": "Point",
    "coordinates": [
     126.93485628,
     37.52472771
    ]
   },
   "properties": {
    "pid": "여의도고등학교 ②(4층) 2층-41",
    "school": "여의도고등학교",
    "jibun": "30-1",
    "kind": "교사동 창면",
    "dong": "여의도고등학교 ②(4층)",
    "floor": 2,
    "z_m": 4.7,
    "normal_az": 141.9,
    "grade": "B",
    "근거등급": "B 일반식(전부 추정)",
    "근거": "일반식(도면 없음)",
    "추정항목": "도면 미수령. 층고 3.5m·창중심 바닥+1.2m·남향계열 외벽 전체를 5m 등간격 으로 분할 — 층고·창높이·수평배치가 **전부 가정값**이다. 도면을 받으면 위치와 높이가 모두 바뀐다",
    "estimated": true
   }
  },
  {
   "type": "Feature",
   "geometry": {
    "type": "Point",
    "coordinates": [
     126.93485628,
     37.52472771
    ]
   },
   "properties": {
    "pid": "여의도고등학교 ②(4층) 3층-41",
    "school": "여의도고등학교",
    "jibun": "30-1",
    "kind": "교사동 창면",
    "dong": "여의도고등학교 ②(4층)",
    "floor": 3,
    "z_m": 8.2,
    "normal_az": 141.9,
    "grade": "B",
    "근거등급": "B 일반식(전부 추정)",
    "근거": "일반식(도면 없음)",
    "추정항목": "도면 미수령. 층고 3.5m·창중심 바닥+1.2m·남향계열 외벽 전체를 5m 등간격 으로 분할 — 층고·창높이·수평배치가 **전부 가정값**이다. 도면을 받으면 위치와 높이가 모두 바뀐다",
    "estimated": true
   }
  },
  {
   "type": "Feature",
   "geometry": {
    "type": "Point",
    "coordinates": [
     126.93485628,
     37.52472771
    ]
   },
   "properties": {
    "pid": "여의도고등학교 ②(4층) 4층-41",
    "school": "여의도고등학교",
    "jibun": "30-1",
    "kind": "교사동 창면",
    "dong": "여의도고등학교 ②(4층)",
    "floor": 4,
    "z_m": 11.7,
    "normal_az": 141.9,
    "grade": "B",
    "근거등급": "B 일반식(전부 추정)",
    "근거": "일반식(도면 없음)",
    "추정항목": "도면 미수령. 층고 3.5m·창중심 바닥+1.2m·남향계열 외벽 전체를 5m 등간격 으로 분할 — 층고·창높이·수평배치가 **전부 가정값**이다. 도면을 받으면 위치와 높이가 모두 바뀐다",
    "estimated": true
   }
  },
  {
   "type": "Feature",
   "geometry": {
    "type": "Point",
    "coordinates": [
     126.93448568,
     37.52486417
    ]
   },
   "properties": {
    "pid": "여의도고등학교 ②(4층) 1층-42",
    "school": "여의도고등학교",
    "jibun": "30-1",
    "kind": "교사동 창면",
    "dong": "여의도고등학교 ②(4층)",
    "floor": 1,
    "z_m": 1.2,
    "normal_az": 144.1,
    "grade": "B",
    "근거등급": "B 일반식(전부 추정)",
    "근거": "일반식(도면 없음)",
    "추정항목": "도면 미수령. 층고 3.5m·창중심 바닥+1.2m·남향계열 외벽 전체를 5m 등간격 으로 분할 — 층고·창높이·수평배치가 **전부 가정값**이다. 도면을 받으면 위치와 높이가 모두 바뀐다",
    "estimated": true
   }
  },
  {
   "type": "Feature",
   "geometry": {
    "type": "Point",
    "coordinates": [
     126.93448568,
     37.52486417
    ]
   },
   "properties": {
    "pid": "여의도고등학교 ②(4층) 2층-42",
    "school": "여의도고등학교",
    "jibun": "30-1",
    "kind": "교사동 창면",
    "dong": "여의도고등학교 ②(4층)",
    "floor": 2,
    "z_m": 4.7,
    "normal_az": 144.1,
    "grade": "B",
    "근거등급": "B 일반식(전부 추정)",
    "근거": "일반식(도면 없음)",
    "추정항목": "도면 미수령. 층고 3.5m·창중심 바닥+1.2m·남향계열 외벽 전체를 5m 등간격 으로 분할 — 층고·창높이·수평배치가 **전부 가정값**이다. 도면을 받으면 위치와 높이가 모두 바뀐다",
    "estimated": true
   }
  },
  {
   "type": "Feature",
   "geometry": {
    "type": "Point",
    "coordinates": [
     126.93448568,
     37.52486417
    ]
   },
   "properties": {
    "pid": "여의도고등학교 ②(4층) 3층-42",
    "school": "여의도고등학교",
    "jibun": "30-1",
    "kind": "교사동 창면",
    "dong": "여의도고등학교 ②(4층)",
    "floor": 3,
    "z_m": 8.2,
    "normal_az": 144.1,
    "grade": "B",
    "근거등급": "B 일반식(전부 추정)",
    "근거": "일반식(도면 없음)",
    "추정항목": "도면 미수령. 층고 3.5m·창중심 바닥+1.2m·남향계열 외벽 전체를 5m 등간격 으로 분할 — 층고·창높이·수평배치가 **전부 가정값**이다. 도면을 받으면 위치와 높이가 모두 바뀐다",
    "estimated": true
   }
  },
  {
   "type": "Feature",
   "geometry": {
    "type": "Point",
    "coordinates": [
     126.93448568,
     37.52486417
    ]
   },
   "properties": {
    "pid": "여의도고등학교 ②(4층) 4층-42",
    "school": "여의도고등학교",
    "jibun": "30-1",
    "kind": "교사동 창면",
    "dong": "여의도고등학교 ②(4층)",
    "floor": 4,
    "z_m": 11.7,
    "normal_az": 144.1,
    "grade": "B",
    "근거등급": "B 일반식(전부 추정)",
    "근거": "일반식(도면 없음)",
    "추정항목": "도면 미수령. 층고 3.5m·창중심 바닥+1.2m·남향계열 외벽 전체를 5m 등간격 으로 분할 — 층고·창높이·수평배치가 **전부 가정값**이다. 도면을 받으면 위치와 높이가 모두 바뀐다",
    "estimated": true
   }
  },
  {
   "type": "Feature",
   "geometry": {
    "type": "Point",
    "coordinates": [
     126.93449335,
     37.52488601
    ]
   },
   "properties": {
    "pid": "여의도고등학교 ②(4층) 1층-43",
    "school": "여의도고등학교",
    "jibun": "30-1",
    "kind": "교사동 창면",
    "dong": "여의도고등학교 ②(4층)",
    "floor": 1,
    "z_m": 1.2,
    "normal_az": 142.1,
    "grade": "B",
    "근거등급": "B 일반식(전부 추정)",
    "근거": "일반식(도면 없음)",
    "추정항목": "도면 미수령. 층고 3.5m·창중심 바닥+1.2m·남향계열 외벽 전체를 5m 등간격 으로 분할 — 층고·창높이·수평배치가 **전부 가정값**이다. 도면을 받으면 위치와 높이가 모두 바뀐다",
    "estimated": true
   }
  },
  {
   "type": "Feature",
   "geometry": {
    "type": "Point",
    "coordinates": [
     126.93449335,
     37.52488601
    ]
   },
   "properties": {
    "pid": "여의도고등학교 ②(4층) 2층-43",
    "school": "여의도고등학교",
    "jibun": "30-1",
    "kind": "교사동 창면",
    "dong": "여의도고등학교 ②(4층)",
    "floor": 2,
    "z_m": 4.7,
    "normal_az": 142.1,
    "grade": "B",
    "근거등급": "B 일반식(전부 추정)",
    "근거": "일반식(도면 없음)",
    "추정항목": "도면 미수령. 층고 3.5m·창중심 바닥+1.2m·남향계열 외벽 전체를 5m 등간격 으로 분할 — 층고·창높이·수평배치가 **전부 가정값**이다. 도면을 받으면 위치와 높이가 모두 바뀐다",
    "estimated": true
   }
  },
  {
   "type": "Feature",
   "geometry": {
    "type": "Point",
    "coordinates": [
     126.93449335,
     37.52488601
    ]
   },
   "properties": {
    "pid": "여의도고등학교 ②(4층) 3층-43",
    "school": "여의도고등학교",
    "jibun": "30-1",
    "kind": "교사동 창면",
    "dong": "여의도고등학교 ②(4층)",
    "floor": 3,
    "z_m": 8.2,
    "normal_az": 142.1,
    "grade": "B",
    "근거등급": "B 일반식(전부 추정)",
    "근거": "일반식(도면 없음)",
    "추정항목": "도면 미수령. 층고 3.5m·창중심 바닥+1.2m·남향계열 외벽 전체를 5m 등간격 으로 분할 — 층고·창높이·수평배치가 **전부 가정값**이다. 도면을 받으면 위치와 높이가 모두 바뀐다",
    "estimated": true
   }
  },
  {
   "type": "Feature",
   "geometry": {
    "type": "Point",
    "coordinates": [
     126.93449335,
     37.52488601
    ]
   },
   "properties": {
    "pid": "여의도고등학교 ②(4층) 4층-43",
    "school": "여의도고등학교",
    "jibun": "30-1",
    "kind": "교사동 창면",
    "dong": "여의도고등학교 ②(4층)",
    "floor": 4,
    "z_m": 11.7,
    "normal_az": 142.1,
    "grade": "B",
    "근거등급": "B 일반식(전부 추정)",
    "근거": "일반식(도면 없음)",
    "추정항목": "도면 미수령. 층고 3.5m·창중심 바닥+1.2m·남향계열 외벽 전체를 5m 등간격 으로 분할 — 층고·창높이·수평배치가 **전부 가정값**이다. 도면을 받으면 위치와 높이가 모두 바뀐다",
    "estimated": true
   }
  },
  {
   "type": "Feature",
   "geometry": {
    "type": "Point",
    "coordinates": [
     126.93387107,
     37.52436988
    ]
   },
   "properties": {
    "pid": "여의도고등학교 ③(3층) 1층-1",
    "school": "여의도고등학교",
    "jibun": "30-1",
    "kind": "교사동 창면",
    "dong": "여의도고등학교 ③(3층)",
    "floor": 1,
    "z_m": 1.2,
    "normal_az": 232.4,
    "grade": "B",
    "근거등급": "B 일반식(전부 추정)",
    "근거": "일반식(도면 없음)",
    "추정항목": "도면 미수령. 층고 3.5m·창중심 바닥+1.2m·남향계열 외벽 전체를 5m 등간격 으로 분할 — 층고·창높이·수평배치가 **전부 가정값**이다. 도면을 받으면 위치와 높이가 모두 바뀐다",
    "estimated": true
   }
  },
  {
   "type": "Feature",
   "geometry": {
    "type": "Point",
    "coordinates": [
     126.93387107,
     37.52436988
    ]
   },
   "properties": {
    "pid": "여의도고등학교 ③(3층) 2층-1",
    "school": "여의도고등학교",
    "jibun": "30-1",
    "kind": "교사동 창면",
    "dong": "여의도고등학교 ③(3층)",
    "floor": 2,
    "z_m": 4.7,
    "normal_az": 232.4,
    "grade": "B",
    "근거등급": "B 일반식(전부 추정)",
    "근거": "일반식(도면 없음)",
    "추정항목": "도면 미수령. 층고 3.5m·창중심 바닥+1.2m·남향계열 외벽 전체를 5m 등간격 으로 분할 — 층고·창높이·수평배치가 **전부 가정값**이다. 도면을 받으면 위치와 높이가 모두 바뀐다",
    "estimated": true
   }
  },
  {
   "type": "Feature",
   "geometry": {
    "type": "Point",
    "coordinates": [
     126.93387107,
     37.52436988
    ]
   },
   "properties": {
    "pid": "여의도고등학교 ③(3층) 3층-1",
    "school": "여의도고등학교",
    "jibun": "30-1",
    "kind": "교사동 창면",
    "dong": "여의도고등학교 ③(3층)",
    "floor": 3,
    "z_m": 8.2,
    "normal_az": 232.4,
    "grade": "B",
    "근거등급": "B 일반식(전부 추정)",
    "근거": "일반식(도면 없음)",
    "추정항목": "도면 미수령. 층고 3.5m·창중심 바닥+1.2m·남향계열 외벽 전체를 5m 등간격 으로 분할 — 층고·창높이·수평배치가 **전부 가정값**이다. 도면을 받으면 위치와 높이가 모두 바뀐다",
    "estimated": true
   }
  },
  {
   "type": "Feature",
   "geometry": {
    "type": "Point",
    "coordinates": [
     126.93390833,
     37.5243314
    ]
   },
   "properties": {
    "pid": "여의도고등학교 ③(3층) 1층-2",
    "school": "여의도고등학교",
    "jibun": "30-1",
    "kind": "교사동 창면",
    "dong": "여의도고등학교 ③(3층)",
    "floor": 1,
    "z_m": 1.2,
    "normal_az": 232.4,
    "grade": "B",
    "근거등급": "B 일반식(전부 추정)",
    "근거": "일반식(도면 없음)",
    "추정항목": "도면 미수령. 층고 3.5m·창중심 바닥+1.2m·남향계열 외벽 전체를 5m 등간격 으로 분할 — 층고·창높이·수평배치가 **전부 가정값**이다. 도면을 받으면 위치와 높이가 모두 바뀐다",
    "estimated": true
   }
  },
  {
   "type": "Feature",
   "geometry": {
    "type": "Point",
    "coordinates": [
     126.93390833,
     37.5243314
    ]
   },
   "properties": {
    "pid": "여의도고등학교 ③(3층) 2층-2",
    "school": "여의도고등학교",
    "jibun": "30-1",
    "kind": "교사동 창면",
    "dong": "여의도고등학교 ③(3층)",
    "floor": 2,
    "z_m": 4.7,
    "normal_az": 232.4,
    "grade": "B",
    "근거등급": "B 일반식(전부 추정)",
    "근거": "일반식(도면 없음)",
    "추정항목": "도면 미수령. 층고 3.5m·창중심 바닥+1.2m·남향계열 외벽 전체를 5m 등간격 으로 분할 — 층고·창높이·수평배치가 **전부 가정값**이다. 도면을 받으면 위치와 높이가 모두 바뀐다",
    "estimated": true
   }
  },
  {
   "type": "Feature",
   "geometry": {
    "type": "Point",
    "coordinates": [
     126.93390833,
     37.5243314
    ]
   },
   "properties": {
    "pid": "여의도고등학교 ③(3층) 3층-2",
    "school": "여의도고등학교",
    "jibun": "30-1",
    "kind": "교사동 창면",
    "dong": "여의도고등학교 ③(3층)",
    "floor": 3,
    "z_m": 8.2,
    "normal_az": 232.4,
    "grade": "B",
    "근거등급": "B 일반식(전부 추정)",
    "근거": "일반식(도면 없음)",
    "추정항목": "도면 미수령. 층고 3.5m·창중심 바닥+1.2m·남향계열 외벽 전체를 5m 등간격 으로 분할 — 층고·창높이·수평배치가 **전부 가정값**이다. 도면을 받으면 위치와 높이가 모두 바뀐다",
    "estimated": true
   }
  },
  {
   "type": "Feature",
   "geometry": {
    "type": "Point",
    "coordinates": [
     126.93394558,
     37.52429292
    ]
   },
   "properties": {
    "pid": "여의도고등학교 ③(3층) 1층-3",
    "school": "여의도고등학교",
    "jibun": "30-1",
    "kind": "교사동 창면",
    "dong": "여의도고등학교 ③(3층)",
    "floor": 1,
    "z_m": 1.2,
    "normal_az": 232.4,
    "grade": "B",
    "근거등급": "B 일반식(전부 추정)",
    "근거": "일반식(도면 없음)",
    "추정항목": "도면 미수령. 층고 3.5m·창중심 바닥+1.2m·남향계열 외벽 전체를 5m 등간격 으로 분할 — 층고·창높이·수평배치가 **전부 가정값**이다. 도면을 받으면 위치와 높이가 모두 바뀐다",
    "estimated": true
   }
  },
  {
   "type": "Feature",
   "geometry": {
    "type": "Point",
    "coordinates": [
     126.93394558,
     37.52429292
    ]
   },
   "properties": {
    "pid": "여의도고등학교 ③(3층) 2층-3",
    "school": "여의도고등학교",
    "jibun": "30-1",
    "kind": "교사동 창면",
    "dong": "여의도고등학교 ③(3층)",
    "floor": 2,
    "z_m": 4.7,
    "normal_az": 232.4,
    "grade": "B",
    "근거등급": "B 일반식(전부 추정)",
    "근거": "일반식(도면 없음)",
    "추정항목": "도면 미수령. 층고 3.5m·창중심 바닥+1.2m·남향계열 외벽 전체를 5m 등간격 으로 분할 — 층고·창높이·수평배치가 **전부 가정값**이다. 도면을 받으면 위치와 높이가 모두 바뀐다",
    "estimated": true
   }
  },
  {
   "type": "Feature",
   "geometry": {
    "type": "Point",
    "coordinates": [
     126.93394558,
     37.52429292
    ]
   },
   "properties": {
    "pid": "여의도고등학교 ③(3층) 3층-3",
    "school": "여의도고등학교",
    "jibun": "30-1",
    "kind": "교사동 창면",
    "dong": "여의도고등학교 ③(3층)",
    "floor": 3,
    "z_m": 8.2,
    "normal_az": 232.4,
    "grade": "B",
    "근거등급": "B 일반식(전부 추정)",
    "근거": "일반식(도면 없음)",
    "추정항목": "도면 미수령. 층고 3.5m·창중심 바닥+1.2m·남향계열 외벽 전체를 5m 등간격 으로 분할 — 층고·창높이·수평배치가 **전부 가정값**이다. 도면을 받으면 위치와 높이가 모두 바뀐다",
    "estimated": true
   }
  },
  {
   "type": "Feature",
   "geometry": {
    "type": "Point",
    "coordinates": [
     126.93399259,
     37.5242871
    ]
   },
   "properties": {
    "pid": "여의도고등학교 ③(3층) 1층-4",
    "school": "여의도고등학교",
    "jibun": "30-1",
    "kind": "교사동 창면",
    "dong": "여의도고등학교 ③(3층)",
    "floor": 1,
    "z_m": 1.2,
    "normal_az": 141.3,
    "grade": "B",
    "근거등급": "B 일반식(전부 추정)",
    "근거": "일반식(도면 없음)",
    "추정항목": "도면 미수령. 층고 3.5m·창중심 바닥+1.2m·남향계열 외벽 전체를 5m 등간격 으로 분할 — 층고·창높이·수평배치가 **전부 가정값**이다. 도면을 받으면 위치와 높이가 모두 바뀐다",
    "estimated": true
   }
  },
  {
   "type": "Feature",
   "geometry": {
    "type": "Point",
    "coordinates": [
     126.93399259,
     37.5242871
    ]
   },
   "properties": {
    "pid": "여의도고등학교 ③(3층) 2층-4",
    "school": "여의도고등학교",
    "jibun": "30-1",
    "kind": "교사동 창면",
    "dong": "여의도고등학교 ③(3층)",
    "floor": 2,
    "z_m": 4.7,
    "normal_az": 141.3,
    "grade": "B",
    "근거등급": "B 일반식(전부 추정)",
    "근거": "일반식(도면 없음)",
    "추정항목": "도면 미수령. 층고 3.5m·창중심 바닥+1.2m·남향계열 외벽 전체를 5m 등간격 으로 분할 — 층고·창높이·수평배치가 **전부 가정값**이다. 도면을 받으면 위치와 높이가 모두 바뀐다",
    "estimated": true
   }
  },
  {
   "type": "Feature",
   "geometry": {
    "type": "Point",
    "coordinates": [
     126.93399259,
     37.5242871
    ]
   },
   "properties": {
    "pid": "여의도고등학교 ③(3층) 3층-4",
    "school": "여의도고등학교",
    "jibun": "30-1",
    "kind": "교사동 창면",
    "dong": "여의도고등학교 ③(3층)",
    "floor": 3,
    "z_m": 8.2,
    "normal_az": 141.3,
    "grade": "B",
    "근거등급": "B 일반식(전부 추정)",
    "근거": "일반식(도면 없음)",
    "추정항목": "도면 미수령. 층고 3.5m·창중심 바닥+1.2m·남향계열 외벽 전체를 5m 등간격 으로 분할 — 층고·창높이·수평배치가 **전부 가정값**이다. 도면을 받으면 위치와 높이가 모두 바뀐다",
    "estimated": true
   }
  },
  {
   "type": "Feature",
   "geometry": {
    "type": "Point",
    "coordinates": [
     126.93403653,
     37.52431518
    ]
   },
   "properties": {
    "pid": "여의도고등학교 ③(3층) 1층-5",
    "school": "여의도고등학교",
    "jibun": "30-1",
    "kind": "교사동 창면",
    "dong": "여의도고등학교 ③(3층)",
    "floor": 1,
    "z_m": 1.2,
    "normal_az": 141.3,
    "grade": "B",
    "근거등급": "B 일반식(전부 추정)",
    "근거": "일반식(도면 없음)",
    "추정항목": "도면 미수령. 층고 3.5m·창중심 바닥+1.2m·남향계열 외벽 전체를 5m 등간격 으로 분할 — 층고·창높이·수평배치가 **전부 가정값**이다. 도면을 받으면 위치와 높이가 모두 바뀐다",
    "estimated": true
   }
  },
  {
   "type": "Feature",
   "geometry": {
    "type": "Point",
    "coordinates": [
     126.93403653,
     37.52431518
    ]
   },
   "properties": {
    "pid": "여의도고등학교 ③(3층) 2층-5",
    "school": "여의도고등학교",
    "jibun": "30-1",
    "kind": "교사동 창면",
    "dong": "여의도고등학교 ③(3층)",
    "floor": 2,
    "z_m": 4.7,
    "normal_az": 141.3,
    "grade": "B",
    "근거등급": "B 일반식(전부 추정)",
    "근거": "일반식(도면 없음)",
    "추정항목": "도면 미수령. 층고 3.5m·창중심 바닥+1.2m·남향계열 외벽 전체를 5m 등간격 으로 분할 — 층고·창높이·수평배치가 **전부 가정값**이다. 도면을 받으면 위치와 높이가 모두 바뀐다",
    "estimated": true
   }
  },
  {
   "type": "Feature",
   "geometry": {
    "type": "Point",
    "coordinates": [
     126.93403653,
     37.52431518
    ]
   },
   "properties": {
    "pid": "여의도고등학교 ③(3층) 3층-5",
    "school": "여의도고등학교",
    "jibun": "30-1",
    "kind": "교사동 창면",
    "dong": "여의도고등학교 ③(3층)",
    "floor": 3,
    "z_m": 8.2,
    "normal_az": 141.3,
    "grade": "B",
    "근거등급": "B 일반식(전부 추정)",
    "근거": "일반식(도면 없음)",
    "추정항목": "도면 미수령. 층고 3.5m·창중심 바닥+1.2m·남향계열 외벽 전체를 5m 등간격 으로 분할 — 층고·창높이·수평배치가 **전부 가정값**이다. 도면을 받으면 위치와 높이가 모두 바뀐다",
    "estimated": true
   }
  },
  {
   "type": "Feature",
   "geometry": {
    "type": "Point",
    "coordinates": [
     126.93408046,
     37.52434325
    ]
   },
   "properties": {
    "pid": "여의도고등학교 ③(3층) 1층-6",
    "school": "여의도고등학교",
    "jibun": "30-1",
    "kind": "교사동 창면",
    "dong": "여의도고등학교 ③(3층)",
    "floor": 1,
    "z_m": 1.2,
    "normal_az": 141.3,
    "grade": "B",
    "근거등급": "B 일반식(전부 추정)",
    "근거": "일반식(도면 없음)",
    "추정항목": "도면 미수령. 층고 3.5m·창중심 바닥+1.2m·남향계열 외벽 전체를 5m 등간격 으로 분할 — 층고·창높이·수평배치가 **전부 가정값**이다. 도면을 받으면 위치와 높이가 모두 바뀐다",
    "estimated": true
   }
  },
  {
   "type": "Feature",
   "geometry": {
    "type": "Point",
    "coordinates": [
     126.93408046,
     37.52434325
    ]
   },
   "properties": {
    "pid": "여의도고등학교 ③(3층) 2층-6",
    "school": "여의도고등학교",
    "jibun": "30-1",
    "kind": "교사동 창면",
    "dong": "여의도고등학교 ③(3층)",
    "floor": 2,
    "z_m": 4.7,
    "normal_az": 141.3,
    "grade": "B",
    "근거등급": "B 일반식(전부 추정)",
    "근거": "일반식(도면 없음)",
    "추정항목": "도면 미수령. 층고 3.5m·창중심 바닥+1.2m·남향계열 외벽 전체를 5m 등간격 으로 분할 — 층고·창높이·수평배치가 **전부 가정값**이다. 도면을 받으면 위치와 높이가 모두 바뀐다",
    "estimated": true
   }
  },
  {
   "type": "Feature",
   "geometry": {
    "type": "Point",
    "coordinates": [
     126.93408046,
     37.52434325
    ]
   },
   "properties": {
    "pid": "여의도고등학교 ③(3층) 3층-6",
    "school": "여의도고등학교",
    "jibun": "30-1",
    "kind": "교사동 창면",
    "dong": "여의도고등학교 ③(3층)",
    "floor": 3,
    "z_m": 8.2,
    "normal_az": 141.3,
    "grade": "B",
    "근거등급": "B 일반식(전부 추정)",
    "근거": "일반식(도면 없음)",
    "추정항목": "도면 미수령. 층고 3.5m·창중심 바닥+1.2m·남향계열 외벽 전체를 5m 등간격 으로 분할 — 층고·창높이·수평배치가 **전부 가정값**이다. 도면을 받으면 위치와 높이가 모두 바뀐다",
    "estimated": true
   }
  },
  {
   "type": "Feature",
   "geometry": {
    "type": "Point",
    "coordinates": [
     126.93412439,
     37.52437131
    ]
   },
   "properties": {
    "pid": "여의도고등학교 ③(3층) 1층-7",
    "school": "여의도고등학교",
    "jibun": "30-1",
    "kind": "교사동 창면",
    "dong": "여의도고등학교 ③(3층)",
    "floor": 1,
    "z_m": 1.2,
    "normal_az": 141.3,
    "grade": "B",
    "근거등급": "B 일반식(전부 추정)",
    "근거": "일반식(도면 없음)",
    "추정항목": "도면 미수령. 층고 3.5m·창중심 바닥+1.2m·남향계열 외벽 전체를 5m 등간격 으로 분할 — 층고·창높이·수평배치가 **전부 가정값**이다. 도면을 받으면 위치와 높이가 모두 바뀐다",
    "estimated": true
   }
  },
  {
   "type": "Feature",
   "geometry": {
    "type": "Point",
    "coordinates": [
     126.93412439,
     37.52437131
    ]
   },
   "properties": {
    "pid": "여의도고등학교 ③(3층) 2층-7",
    "school": "여의도고등학교",
    "jibun": "30-1",
    "kind": "교사동 창면",
    "dong": "여의도고등학교 ③(3층)",
    "floor": 2,
    "z_m": 4.7,
    "normal_az": 141.3,
    "grade": "B",
    "근거등급": "B 일반식(전부 추정)",
    "근거": "일반식(도면 없음)",
    "추정항목": "도면 미수령. 층고 3.5m·창중심 바닥+1.2m·남향계열 외벽 전체를 5m 등간격 으로 분할 — 층고·창높이·수평배치가 **전부 가정값**이다. 도면을 받으면 위치와 높이가 모두 바뀐다",
    "estimated": true
   }
  },
  {
   "type": "Feature",
   "geometry": {
    "type": "Point",
    "coordinates": [
     126.93412439,
     37.52437131
    ]
   },
   "properties": {
    "pid": "여의도고등학교 ③(3층) 3층-7",
    "school": "여의도고등학교",
    "jibun": "30-1",
    "kind": "교사동 창면",
    "dong": "여의도고등학교 ③(3층)",
    "floor": 3,
    "z_m": 8.2,
    "normal_az": 141.3,
    "grade": "B",
    "근거등급": "B 일반식(전부 추정)",
    "근거": "일반식(도면 없음)",
    "추정항목": "도면 미수령. 층고 3.5m·창중심 바닥+1.2m·남향계열 외벽 전체를 5m 등간격 으로 분할 — 층고·창높이·수평배치가 **전부 가정값**이다. 도면을 받으면 위치와 높이가 모두 바뀐다",
    "estimated": true
   }
  },
  {
   "type": "Feature",
   "geometry": {
    "type": "Point",
    "coordinates": [
     126.93416832,
     37.52439939
    ]
   },
   "properties": {
    "pid": "여의도고등학교 ③(3층) 1층-8",
    "school": "여의도고등학교",
    "jibun": "30-1",
    "kind": "교사동 창면",
    "dong": "여의도고등학교 ③(3층)",
    "floor": 1,
    "z_m": 1.2,
    "normal_az": 141.3,
    "grade": "B",
    "근거등급": "B 일반식(전부 추정)",
    "근거": "일반식(도면 없음)",
    "추정항목": "도면 미수령. 층고 3.5m·창중심 바닥+1.2m·남향계열 외벽 전체를 5m 등간격 으로 분할 — 층고·창높이·수평배치가 **전부 가정값**이다. 도면을 받으면 위치와 높이가 모두 바뀐다",
    "estimated": true
   }
  },
  {
   "type": "Feature",
   "geometry": {
    "type": "Point",
    "coordinates": [
     126.93416832,
     37.52439939
    ]
   },
   "properties": {
    "pid": "여의도고등학교 ③(3층) 2층-8",
    "school": "여의도고등학교",
    "jibun": "30-1",
    "kind": "교사동 창면",
    "dong": "여의도고등학교 ③(3층)",
    "floor": 2,
    "z_m": 4.7,
    "normal_az": 141.3,
    "grade": "B",
    "근거등급": "B 일반식(전부 추정)",
    "근거": "일반식(도면 없음)",
    "추정항목": "도면 미수령. 층고 3.5m·창중심 바닥+1.2m·남향계열 외벽 전체를 5m 등간격 으로 분할 — 층고·창높이·수평배치가 **전부 가정값**이다. 도면을 받으면 위치와 높이가 모두 바뀐다",
    "estimated": true
   }
  },
  {
   "type": "Feature",
   "geometry": {
    "type": "Point",
    "coordinates": [
     126.93416832,
     37.52439939
    ]
   },
   "properties": {
    "pid": "여의도고등학교 ③(3층) 3층-8",
    "school": "여의도고등학교",
    "jibun": "30-1",
    "kind": "교사동 창면",
    "dong": "여의도고등학교 ③(3층)",
    "floor": 3,
    "z_m": 8.2,
    "normal_az": 141.3,
    "grade": "B",
    "근거등급": "B 일반식(전부 추정)",
    "근거": "일반식(도면 없음)",
    "추정항목": "도면 미수령. 층고 3.5m·창중심 바닥+1.2m·남향계열 외벽 전체를 5m 등간격 으로 분할 — 층고·창높이·수평배치가 **전부 가정값**이다. 도면을 받으면 위치와 높이가 모두 바뀐다",
    "estimated": true
   }
  },
  {
   "type": "Feature",
   "geometry": {
    "type": "Point",
    "coordinates": [
     126.93421225,
     37.52442746
    ]
   },
   "properties": {
    "pid": "여의도고등학교 ③(3층) 1층-9",
    "school": "여의도고등학교",
    "jibun": "30-1",
    "kind": "교사동 창면",
    "dong": "여의도고등학교 ③(3층)",
    "floor": 1,
    "z_m": 1.2,
    "normal_az": 141.3,
    "grade": "B",
    "근거등급": "B 일반식(전부 추정)",
    "근거": "일반식(도면 없음)",
    "추정항목": "도면 미수령. 층고 3.5m·창중심 바닥+1.2m·남향계열 외벽 전체를 5m 등간격 으로 분할 — 층고·창높이·수평배치가 **전부 가정값**이다. 도면을 받으면 위치와 높이가 모두 바뀐다",
    "estimated": true
   }
  },
  {
   "type": "Feature",
   "geometry": {
    "type": "Point",
    "coordinates": [
     126.93421225,
     37.52442746
    ]
   },
   "properties": {
    "pid": "여의도고등학교 ③(3층) 2층-9",
    "school": "여의도고등학교",
    "jibun": "30-1",
    "kind": "교사동 창면",
    "dong": "여의도고등학교 ③(3층)",
    "floor": 2,
    "z_m": 4.7,
    "normal_az": 141.3,
    "grade": "B",
    "근거등급": "B 일반식(전부 추정)",
    "근거": "일반식(도면 없음)",
    "추정항목": "도면 미수령. 층고 3.5m·창중심 바닥+1.2m·남향계열 외벽 전체를 5m 등간격 으로 분할 — 층고·창높이·수평배치가 **전부 가정값**이다. 도면을 받으면 위치와 높이가 모두 바뀐다",
    "estimated": true
   }
  },
  {
   "type": "Feature",
   "geometry": {
    "type": "Point",
    "coordinates": [
     126.93421225,
     37.52442746
    ]
   },
   "properties": {
    "pid": "여의도고등학교 ③(3층) 3층-9",
    "school": "여의도고등학교",
    "jibun": "30-1",
    "kind": "교사동 창면",
    "dong": "여의도고등학교 ③(3층)",
    "floor": 3,
    "z_m": 8.2,
    "normal_az": 141.3,
    "grade": "B",
    "근거등급": "B 일반식(전부 추정)",
    "근거": "일반식(도면 없음)",
    "추정항목": "도면 미수령. 층고 3.5m·창중심 바닥+1.2m·남향계열 외벽 전체를 5m 등간격 으로 분할 — 층고·창높이·수평배치가 **전부 가정값**이다. 도면을 받으면 위치와 높이가 모두 바뀐다",
    "estimated": true
   }
  },
  {
   "type": "Feature",
   "geometry": {
    "type": "Point",
    "coordinates": [
     126.93425618,
     37.52445553
    ]
   },
   "properties": {
    "pid": "여의도고등학교 ③(3층) 1층-10",
    "school": "여의도고등학교",
    "jibun": "30-1",
    "kind": "교사동 창면",
    "dong": "여의도고등학교 ③(3층)",
    "floor": 1,
    "z_m": 1.2,
    "normal_az": 141.3,
    "grade": "B",
    "근거등급": "B 일반식(전부 추정)",
    "근거": "일반식(도면 없음)",
    "추정항목": "도면 미수령. 층고 3.5m·창중심 바닥+1.2m·남향계열 외벽 전체를 5m 등간격 으로 분할 — 층고·창높이·수평배치가 **전부 가정값**이다. 도면을 받으면 위치와 높이가 모두 바뀐다",
    "estimated": true
   }
  },
  {
   "type": "Feature",
   "geometry": {
    "type": "Point",
    "coordinates": [
     126.93425618,
     37.52445553
    ]
   },
   "properties": {
    "pid": "여의도고등학교 ③(3층) 2층-10",
    "school": "여의도고등학교",
    "jibun": "30-1",
    "kind": "교사동 창면",
    "dong": "여의도고등학교 ③(3층)",
    "floor": 2,
    "z_m": 4.7,
    "normal_az": 141.3,
    "grade": "B",
    "근거등급": "B 일반식(전부 추정)",
    "근거": "일반식(도면 없음)",
    "추정항목": "도면 미수령. 층고 3.5m·창중심 바닥+1.2m·남향계열 외벽 전체를 5m 등간격 으로 분할 — 층고·창높이·수평배치가 **전부 가정값**이다. 도면을 받으면 위치와 높이가 모두 바뀐다",
    "estimated": true
   }
  },
  {
   "type": "Feature",
   "geometry": {
    "type": "Point",
    "coordinates": [
     126.93425618,
     37.52445553
    ]
   },
   "properties": {
    "pid": "여의도고등학교 ③(3층) 3층-10",
    "school": "여의도고등학교",
    "jibun": "30-1",
    "kind": "교사동 창면",
    "dong": "여의도고등학교 ③(3층)",
    "floor": 3,
    "z_m": 8.2,
    "normal_az": 141.3,
    "grade": "B",
    "근거등급": "B 일반식(전부 추정)",
    "근거": "일반식(도면 없음)",
    "추정항목": "도면 미수령. 층고 3.5m·창중심 바닥+1.2m·남향계열 외벽 전체를 5m 등간격 으로 분할 — 층고·창높이·수평배치가 **전부 가정값**이다. 도면을 받으면 위치와 높이가 모두 바뀐다",
    "estimated": true
   }
  },
  {
   "type": "Feature",
   "geometry": {
    "type": "Point",
    "coordinates": [
     126.9352338,
     37.52321086
    ]
   },
   "properties": {
    "pid": "여의도여자고등학교 ①(5층) 1층-4",
    "school": "여의도여자고등학교",
    "jibun": "40-2",
    "kind": "교사동 창면",
    "dong": "여의도여자고등학교 ①(5층)",
    "floor": 1,
    "z_m": 1.2,
    "normal_az": 142.3,
    "grade": "B",
    "근거등급": "B 일반식(전부 추정)",
    "근거": "일반식(도면 없음)",
    "추정항목": "도면 미수령. 층고 3.5m·창중심 바닥+1.2m·남향계열 외벽 전체를 5m 등간격 으로 분할 — 층고·창높이·수평배치가 **전부 가정값**이다. 도면을 받으면 위치와 높이가 모두 바뀐다",
    "estimated": true
   }
  },
  {
   "type": "Feature",
   "geometry": {
    "type": "Point",
    "coordinates": [
     126.9352338,
     37.52321086
    ]
   },
   "properties": {
    "pid": "여의도여자고등학교 ①(5층) 2층-4",
    "school": "여의도여자고등학교",
    "jibun": "40-2",
    "kind": "교사동 창면",
    "dong": "여의도여자고등학교 ①(5층)",
    "floor": 2,
    "z_m": 4.7,
    "normal_az": 142.3,
    "grade": "B",
    "근거등급": "B 일반식(전부 추정)",
    "근거": "일반식(도면 없음)",
    "추정항목": "도면 미수령. 층고 3.5m·창중심 바닥+1.2m·남향계열 외벽 전체를 5m 등간격 으로 분할 — 층고·창높이·수평배치가 **전부 가정값**이다. 도면을 받으면 위치와 높이가 모두 바뀐다",
    "estimated": true
   }
  },
  {
   "type": "Feature",
   "geometry": {
    "type": "Point",
    "coordinates": [
     126.9352338,
     37.52321086
    ]
   },
   "properties": {
    "pid": "여의도여자고등학교 ①(5층) 3층-4",
    "school": "여의도여자고등학교",
    "jibun": "40-2",
    "kind": "교사동 창면",
    "dong": "여의도여자고등학교 ①(5층)",
    "floor": 3,
    "z_m": 8.2,
    "normal_az": 142.3,
    "grade": "B",
    "근거등급": "B 일반식(전부 추정)",
    "근거": "일반식(도면 없음)",
    "추정항목": "도면 미수령. 층고 3.5m·창중심 바닥+1.2m·남향계열 외벽 전체를 5m 등간격 으로 분할 — 층고·창높이·수평배치가 **전부 가정값**이다. 도면을 받으면 위치와 높이가 모두 바뀐다",
    "estimated": true
   }
  },
  {
   "type": "Feature",
   "geometry": {
    "type": "Point",
    "coordinates": [
     126.9352338,
     37.52321086
    ]
   },
   "properties": {
    "pid": "여의도여자고등학교 ①(5층) 4층-4",
    "school": "여의도여자고등학교",
    "jibun": "40-2",
    "kind": "교사동 창면",
    "dong": "여의도여자고등학교 ①(5층)",
    "floor": 4,
    "z_m": 11.7,
    "normal_az": 142.3,
    "grade": "B",
    "근거등급": "B 일반식(전부 추정)",
    "근거": "일반식(도면 없음)",
    "추정항목": "도면 미수령. 층고 3.5m·창중심 바닥+1.2m·남향계열 외벽 전체를 5m 등간격 으로 분할 — 층고·창높이·수평배치가 **전부 가정값**이다. 도면을 받으면 위치와 높이가 모두 바뀐다",
    "estimated": true
   }
  },
  {
   "type": "Feature",
   "geometry": {
    "type": "Point",
    "coordinates": [
     126.9352338,
     37.52321086
    ]
   },
   "properties": {
    "pid": "여의도여자고등학교 ①(5층) 5층-4",
    "school": "여의도여자고등학교",
    "jibun": "40-2",
    "kind": "교사동 창면",
    "dong": "여의도여자고등학교 ①(5층)",
    "floor": 5,
    "z_m": 15.2,
    "normal_az": 142.3,
    "grade": "B",
    "근거등급": "B 일반식(전부 추정)",
    "근거": "일반식(도면 없음)",
    "추정항목": "도면 미수령. 층고 3.5m·창중심 바닥+1.2m·남향계열 외벽 전체를 5m 등간격 으로 분할 — 층고·창높이·수평배치가 **전부 가정값**이다. 도면을 받으면 위치와 높이가 모두 바뀐다",
    "estimated": true
   }
  },
  {
   "type": "Feature",
   "geometry": {
    "type": "Point",
    "coordinates": [
     126.93527525,
     37.52320972
    ]
   },
   "properties": {
    "pid": "여의도여자고등학교 ①(5층) 1층-5",
    "school": "여의도여자고등학교",
    "jibun": "40-2",
    "kind": "교사동 창면",
    "dong": "여의도여자고등학교 ①(5층)",
    "floor": 1,
    "z_m": 1.2,
    "normal_az": 232.2,
    "grade": "B",
    "근거등급": "B 일반식(전부 추정)",
    "근거": "일반식(도면 없음)",
    "추정항목": "도면 미수령. 층고 3.5m·창중심 바닥+1.2m·남향계열 외벽 전체를 5m 등간격 으로 분할 — 층고·창높이·수평배치가 **전부 가정값**이다. 도면을 받으면 위치와 높이가 모두 바뀐다",
    "estimated": true
   }
  },
  {
   "type": "Feature",
   "geometry": {
    "type": "Point",
    "coordinates": [
     126.93527525,
     37.52320972
    ]
   },
   "properties": {
    "pid": "여의도여자고등학교 ①(5층) 2층-5",
    "school": "여의도여자고등학교",
    "jibun": "40-2",
    "kind": "교사동 창면",
    "dong": "여의도여자고등학교 ①(5층)",
    "floor": 2,
    "z_m": 4.7,
    "normal_az": 232.2,
    "grade": "B",
    "근거등급": "B 일반식(전부 추정)",
    "근거": "일반식(도면 없음)",
    "추정항목": "도면 미수령. 층고 3.5m·창중심 바닥+1.2m·남향계열 외벽 전체를 5m 등간격 으로 분할 — 층고·창높이·수평배치가 **전부 가정값**이다. 도면을 받으면 위치와 높이가 모두 바뀐다",
    "estimated": true
   }
  },
  {
   "type": "Feature",
   "geometry": {
    "type": "Point",
    "coordinates": [
     126.93527525,
     37.52320972
    ]
   },
   "properties": {
    "pid": "여의도여자고등학교 ①(5층) 3층-5",
    "school": "여의도여자고등학교",
    "jibun": "40-2",
    "kind": "교사동 창면",
    "dong": "여의도여자고등학교 ①(5층)",
    "floor": 3,
    "z_m": 8.2,
    "normal_az": 232.2,
    "grade": "B",
    "근거등급": "B 일반식(전부 추정)",
    "근거": "일반식(도면 없음)",
    "추정항목": "도면 미수령. 층고 3.5m·창중심 바닥+1.2m·남향계열 외벽 전체를 5m 등간격 으로 분할 — 층고·창높이·수평배치가 **전부 가정값**이다. 도면을 받으면 위치와 높이가 모두 바뀐다",
    "estimated": true
   }
  },
  {
   "type": "Feature",
   "geometry": {
    "type": "Point",
    "coordinates": [
     126.93527525,
     37.52320972
    ]
   },
   "properties": {
    "pid": "여의도여자고등학교 ①(5층) 4층-5",
    "school": "여의도여자고등학교",
    "jibun": "40-2",
    "kind": "교사동 창면",
    "dong": "여의도여자고등학교 ①(5층)",
    "floor": 4,
    "z_m": 11.7,
    "normal_az": 232.2,
    "grade": "B",
    "근거등급": "B 일반식(전부 추정)",
    "근거": "일반식(도면 없음)",
    "추정항목": "도면 미수령. 층고 3.5m·창중심 바닥+1.2m·남향계열 외벽 전체를 5m 등간격 으로 분할 — 층고·창높이·수평배치가 **전부 가정값**이다. 도면을 받으면 위치와 높이가 모두 바뀐다",
    "estimated": true
   }
  },
  {
   "type": "Feature",
   "geometry": {
    "type": "Point",
    "coordinates": [
     126.93527525,
     37.52320972
    ]
   },
   "properties": {
    "pid": "여의도여자고등학교 ①(5층) 5층-5",
    "school": "여의도여자고등학교",
    "jibun": "40-2",
    "kind": "교사동 창면",
    "dong": "여의도여자고등학교 ①(5층)",
    "floor": 5,
    "z_m": 15.2,
    "normal_az": 232.2,
    "grade": "B",
    "근거등급": "B 일반식(전부 추정)",
    "근거": "일반식(도면 없음)",
    "추정항목": "도면 미수령. 층고 3.5m·창중심 바닥+1.2m·남향계열 외벽 전체를 5m 등간격 으로 분할 — 층고·창높이·수평배치가 **전부 가정값**이다. 도면을 받으면 위치와 높이가 모두 바뀐다",
    "estimated": true
   }
  },
  {
   "type": "Feature",
   "geometry": {
    "type": "Point",
    "coordinates": [
     126.93508143,
     37.52316416
    ]
   },
   "properties": {
    "pid": "여의도여자고등학교 ②(5층) 1층-1",
    "school": "여의도여자고등학교",
    "jibun": "40-2",
    "kind": "교사동 창면",
    "dong": "여의도여자고등학교 ②(5층)",
    "floor": 1,
    "z_m": 1.2,
    "normal_az": 232.4,
    "grade": "B",
    "근거등급": "B 일반식(전부 추정)",
    "근거": "일반식(도면 없음)",
    "추정항목": "도면 미수령. 층고 3.5m·창중심 바닥+1.2m·남향계열 외벽 전체를 5m 등간격 으로 분할 — 층고·창높이·수평배치가 **전부 가정값**이다. 도면을 받으면 위치와 높이가 모두 바뀐다",
    "estimated": true
   }
  },
  {
   "type": "Feature",
   "geometry": {
    "type": "Point",
    "coordinates": [
     126.93508143,
     37.52316416
    ]
   },
   "properties": {
    "pid": "여의도여자고등학교 ②(5층) 2층-1",
    "school": "여의도여자고등학교",
    "jibun": "40-2",
    "kind": "교사동 창면",
    "dong": "여의도여자고등학교 ②(5층)",
    "floor": 2,
    "z_m": 4.7,
    "normal_az": 232.4,
    "grade": "B",
    "근거등급": "B 일반식(전부 추정)",
    "근거": "일반식(도면 없음)",
    "추정항목": "도면 미수령. 층고 3.5m·창중심 바닥+1.2m·남향계열 외벽 전체를 5m 등간격 으로 분할 — 층고·창높이·수평배치가 **전부 가정값**이다. 도면을 받으면 위치와 높이가 모두 바뀐다",
    "estimated": true
   }
  },
  {
   "type": "Feature",
   "geometry": {
    "type": "Point",
    "coordinates": [
     126.93508143,
     37.52316416
    ]
   },
   "properties": {
    "pid": "여의도여자고등학교 ②(5층) 3층-1",
    "school": "여의도여자고등학교",
    "jibun": "40-2",
    "kind": "교사동 창면",
    "dong": "여의도여자고등학교 ②(5층)",
    "floor": 3,
    "z_m": 8.2,
    "normal_az": 232.4,
    "grade": "B",
    "근거등급": "B 일반식(전부 추정)",
    "근거": "일반식(도면 없음)",
    "추정항목": "도면 미수령. 층고 3.5m·창중심 바닥+1.2m·남향계열 외벽 전체를 5m 등간격 으로 분할 — 층고·창높이·수평배치가 **전부 가정값**이다. 도면을 받으면 위치와 높이가 모두 바뀐다",
    "estimated": true
   }
  },
  {
   "type": "Feature",
   "geometry": {
    "type": "Point",
    "coordinates": [
     126.93508143,
     37.52316416
    ]
   },
   "properties": {
    "pid": "여의도여자고등학교 ②(5층) 4층-1",
    "school": "여의도여자고등학교",
    "jibun": "40-2",
    "kind": "교사동 창면",
    "dong": "여의도여자고등학교 ②(5층)",
    "floor": 4,
    "z_m": 11.7,
    "normal_az": 232.4,
    "grade": "B",
    "근거등급": "B 일반식(전부 추정)",
    "근거": "일반식(도면 없음)",
    "추정항목": "도면 미수령. 층고 3.5m·창중심 바닥+1.2m·남향계열 외벽 전체를 5m 등간격 으로 분할 — 층고·창높이·수평배치가 **전부 가정값**이다. 도면을 받으면 위치와 높이가 모두 바뀐다",
    "estimated": true
   }
  },
  {
   "type": "Feature",
   "geometry": {
    "type": "Point",
    "coordinates": [
     126.93508143,
     37.52316416
    ]
   },
   "properties": {
    "pid": "여의도여자고등학교 ②(5층) 5층-1",
    "school": "여의도여자고등학교",
    "jibun": "40-2",
    "kind": "교사동 창면",
    "dong": "여의도여자고등학교 ②(5층)",
    "floor": 5,
    "z_m": 15.2,
    "normal_az": 232.4,
    "grade": "B",
    "근거등급": "B 일반식(전부 추정)",
    "근거": "일반식(도면 없음)",
    "추정항목": "도면 미수령. 층고 3.5m·창중심 바닥+1.2m·남향계열 외벽 전체를 5m 등간격 으로 분할 — 층고·창높이·수평배치가 **전부 가정값**이다. 도면을 받으면 위치와 높이가 모두 바뀐다",
    "estimated": true
   }
  },
  {
   "type": "Feature",
   "geometry": {
    "type": "Point",
    "coordinates": [
     126.93511616,
     37.5231283
    ]
   },
   "properties": {
    "pid": "여의도여자고등학교 ②(5층) 1층-2",
    "school": "여의도여자고등학교",
    "jibun": "40-2",
    "kind": "교사동 창면",
    "dong": "여의도여자고등학교 ②(5층)",
    "floor": 1,
    "z_m": 1.2,
    "normal_az": 232.4,
    "grade": "B",
    "근거등급": "B 일반식(전부 추정)",
    "근거": "일반식(도면 없음)",
    "추정항목": "도면 미수령. 층고 3.5m·창중심 바닥+1.2m·남향계열 외벽 전체를 5m 등간격 으로 분할 — 층고·창높이·수평배치가 **전부 가정값**이다. 도면을 받으면 위치와 높이가 모두 바뀐다",
    "estimated": true
   }
  },
  {
   "type": "Feature",
   "geometry": {
    "type": "Point",
    "coordinates": [
     126.93511616,
     37.5231283
    ]
   },
   "properties": {
    "pid": "여의도여자고등학교 ②(5층) 2층-2",
    "school": "여의도여자고등학교",
    "jibun": "40-2",
    "kind": "교사동 창면",
    "dong": "여의도여자고등학교 ②(5층)",
    "floor": 2,
    "z_m": 4.7,
    "normal_az": 232.4,
    "grade": "B",
    "근거등급": "B 일반식(전부 추정)",
    "근거": "일반식(도면 없음)",
    "추정항목": "도면 미수령. 층고 3.5m·창중심 바닥+1.2m·남향계열 외벽 전체를 5m 등간격 으로 분할 — 층고·창높이·수평배치가 **전부 가정값**이다. 도면을 받으면 위치와 높이가 모두 바뀐다",
    "estimated": true
   }
  },
  {
   "type": "Feature",
   "geometry": {
    "type": "Point",
    "coordinates": [
     126.93511616,
     37.5231283
    ]
   },
   "properties": {
    "pid": "여의도여자고등학교 ②(5층) 3층-2",
    "school": "여의도여자고등학교",
    "jibun": "40-2",
    "kind": "교사동 창면",
    "dong": "여의도여자고등학교 ②(5층)",
    "floor": 3,
    "z_m": 8.2,
    "normal_az": 232.4,
    "grade": "B",
    "근거등급": "B 일반식(전부 추정)",
    "근거": "일반식(도면 없음)",
    "추정항목": "도면 미수령. 층고 3.5m·창중심 바닥+1.2m·남향계열 외벽 전체를 5m 등간격 으로 분할 — 층고·창높이·수평배치가 **전부 가정값**이다. 도면을 받으면 위치와 높이가 모두 바뀐다",
    "estimated": true
   }
  },
  {
   "type": "Feature",
   "geometry": {
    "type": "Point",
    "coordinates": [
     126.93511616,
     37.5231283
    ]
   },
   "properties": {
    "pid": "여의도여자고등학교 ②(5층) 4층-2",
    "school": "여의도여자고등학교",
    "jibun": "40-2",
    "kind": "교사동 창면",
    "dong": "여의도여자고등학교 ②(5층)",
    "floor": 4,
    "z_m": 11.7,
    "normal_az": 232.4,
    "grade": "B",
    "근거등급": "B 일반식(전부 추정)",
    "근거": "일반식(도면 없음)",
    "추정항목": "도면 미수령. 층고 3.5m·창중심 바닥+1.2m·남향계열 외벽 전체를 5m 등간격 으로 분할 — 층고·창높이·수평배치가 **전부 가정값**이다. 도면을 받으면 위치와 높이가 모두 바뀐다",
    "estimated": true
   }
  },
  {
   "type": "Feature",
   "geometry": {
    "type": "Point",
    "coordinates": [
     126.93511616,
     37.5231283
    ]
   },
   "properties": {
    "pid": "여의도여자고등학교 ②(5층) 5층-2",
    "school": "여의도여자고등학교",
    "jibun": "40-2",
    "kind": "교사동 창면",
    "dong": "여의도여자고등학교 ②(5층)",
    "floor": 5,
    "z_m": 15.2,
    "normal_az": 232.4,
    "grade": "B",
    "근거등급": "B 일반식(전부 추정)",
    "근거": "일반식(도면 없음)",
    "추정항목": "도면 미수령. 층고 3.5m·창중심 바닥+1.2m·남향계열 외벽 전체를 5m 등간격 으로 분할 — 층고·창높이·수평배치가 **전부 가정값**이다. 도면을 받으면 위치와 높이가 모두 바뀐다",
    "estimated": true
   }
  },
  {
   "type": "Feature",
   "geometry": {
    "type": "Point",
    "coordinates": [
     126.93515089,
     37.52309244
    ]
   },
   "properties": {
    "pid": "여의도여자고등학교 ②(5층) 1층-3",
    "school": "여의도여자고등학교",
    "jibun": "40-2",
    "kind": "교사동 창면",
    "dong": "여의도여자고등학교 ②(5층)",
    "floor": 1,
    "z_m": 1.2,
    "normal_az": 232.4,
    "grade": "B",
    "근거등급": "B 일반식(전부 추정)",
    "근거": "일반식(도면 없음)",
    "추정항목": "도면 미수령. 층고 3.5m·창중심 바닥+1.2m·남향계열 외벽 전체를 5m 등간격 으로 분할 — 층고·창높이·수평배치가 **전부 가정값**이다. 도면을 받으면 위치와 높이가 모두 바뀐다",
    "estimated": true
   }
  },
  {
   "type": "Feature",
   "geometry": {
    "type": "Point",
    "coordinates": [
     126.93515089,
     37.52309244
    ]
   },
   "properties": {
    "pid": "여의도여자고등학교 ②(5층) 2층-3",
    "school": "여의도여자고등학교",
    "jibun": "40-2",
    "kind": "교사동 창면",
    "dong": "여의도여자고등학교 ②(5층)",
    "floor": 2,
    "z_m": 4.7,
    "normal_az": 232.4,
    "grade": "B",
    "근거등급": "B 일반식(전부 추정)",
    "근거": "일반식(도면 없음)",
    "추정항목": "도면 미수령. 층고 3.5m·창중심 바닥+1.2m·남향계열 외벽 전체를 5m 등간격 으로 분할 — 층고·창높이·수평배치가 **전부 가정값**이다. 도면을 받으면 위치와 높이가 모두 바뀐다",
    "estimated": true
   }
  },
  {
   "type": "Feature",
   "geometry": {
    "type": "Point",
    "coordinates": [
     126.93515089,
     37.52309244
    ]
   },
   "properties": {
    "pid": "여의도여자고등학교 ②(5층) 3층-3",
    "school": "여의도여자고등학교",
    "jibun": "40-2",
    "kind": "교사동 창면",
    "dong": "여의도여자고등학교 ②(5층)",
    "floor": 3,
    "z_m": 8.2,
    "normal_az": 232.4,
    "grade": "B",
    "근거등급": "B 일반식(전부 추정)",
    "근거": "일반식(도면 없음)",
    "추정항목": "도면 미수령. 층고 3.5m·창중심 바닥+1.2m·남향계열 외벽 전체를 5m 등간격 으로 분할 — 층고·창높이·수평배치가 **전부 가정값**이다. 도면을 받으면 위치와 높이가 모두 바뀐다",
    "estimated": true
   }
  },
  {
   "type": "Feature",
   "geometry": {
    "type": "Point",
    "coordinates": [
     126.93515089,
     37.52309244
    ]
   },
   "properties": {
    "pid": "여의도여자고등학교 ②(5층) 4층-3",
    "school": "여의도여자고등학교",
    "jibun": "40-2",
    "kind": "교사동 창면",
    "dong": "여의도여자고등학교 ②(5층)",
    "floor": 4,
    "z_m": 11.7,
    "normal_az": 232.4,
    "grade": "B",
    "근거등급": "B 일반식(전부 추정)",
    "근거": "일반식(도면 없음)",
    "추정항목": "도면 미수령. 층고 3.5m·창중심 바닥+1.2m·남향계열 외벽 전체를 5m 등간격 으로 분할 — 층고·창높이·수평배치가 **전부 가정값**이다. 도면을 받으면 위치와 높이가 모두 바뀐다",
    "estimated": true
   }
  },
  {
   "type": "Feature",
   "geometry": {
    "type": "Point",
    "coordinates": [
     126.93515089,
     37.52309244
    ]
   },
   "properties": {
    "pid": "여의도여자고등학교 ②(5층) 5층-3",
    "school": "여의도여자고등학교",
    "jibun": "40-2",
    "kind": "교사동 창면",
    "dong": "여의도여자고등학교 ②(5층)",
    "floor": 5,
    "z_m": 15.2,
    "normal_az": 232.4,
    "grade": "B",
    "근거등급": "B 일반식(전부 추정)",
    "근거": "일반식(도면 없음)",
    "추정항목": "도면 미수령. 층고 3.5m·창중심 바닥+1.2m·남향계열 외벽 전체를 5m 등간격 으로 분할 — 층고·창높이·수평배치가 **전부 가정값**이다. 도면을 받으면 위치와 높이가 모두 바뀐다",
    "estimated": true
   }
  },
  {
   "type": "Feature",
   "geometry": {
    "type": "Point",
    "coordinates": [
     126.93518563,
     37.52305657
    ]
   },
   "properties": {
    "pid": "여의도여자고등학교 ②(5층) 1층-4",
    "school": "여의도여자고등학교",
    "jibun": "40-2",
    "kind": "교사동 창면",
    "dong": "여의도여자고등학교 ②(5층)",
    "floor": 1,
    "z_m": 1.2,
    "normal_az": 232.4,
    "grade": "B",
    "근거등급": "B 일반식(전부 추정)",
    "근거": "일반식(도면 없음)",
    "추정항목": "도면 미수령. 층고 3.5m·창중심 바닥+1.2m·남향계열 외벽 전체를 5m 등간격 으로 분할 — 층고·창높이·수평배치가 **전부 가정값**이다. 도면을 받으면 위치와 높이가 모두 바뀐다",
    "estimated": true
   }
  },
  {
   "type": "Feature",
   "geometry": {
    "type": "Point",
    "coordinates": [
     126.93518563,
     37.52305657
    ]
   },
   "properties": {
    "pid": "여의도여자고등학교 ②(5층) 2층-4",
    "school": "여의도여자고등학교",
    "jibun": "40-2",
    "kind": "교사동 창면",
    "dong": "여의도여자고등학교 ②(5층)",
    "floor": 2,
    "z_m": 4.7,
    "normal_az": 232.4,
    "grade": "B",
    "근거등급": "B 일반식(전부 추정)",
    "근거": "일반식(도면 없음)",
    "추정항목": "도면 미수령. 층고 3.5m·창중심 바닥+1.2m·남향계열 외벽 전체를 5m 등간격 으로 분할 — 층고·창높이·수평배치가 **전부 가정값**이다. 도면을 받으면 위치와 높이가 모두 바뀐다",
    "estimated": true
   }
  },
  {
   "type": "Feature",
   "geometry": {
    "type": "Point",
    "coordinates": [
     126.93518563,
     37.52305657
    ]
   },
   "properties": {
    "pid": "여의도여자고등학교 ②(5층) 3층-4",
    "school": "여의도여자고등학교",
    "jibun": "40-2",
    "kind": "교사동 창면",
    "dong": "여의도여자고등학교 ②(5층)",
    "floor": 3,
    "z_m": 8.2,
    "normal_az": 232.4,
    "grade": "B",
    "근거등급": "B 일반식(전부 추정)",
    "근거": "일반식(도면 없음)",
    "추정항목": "도면 미수령. 층고 3.5m·창중심 바닥+1.2m·남향계열 외벽 전체를 5m 등간격 으로 분할 — 층고·창높이·수평배치가 **전부 가정값**이다. 도면을 받으면 위치와 높이가 모두 바뀐다",
    "estimated": true
   }
  },
  {
   "type": "Feature",
   "geometry": {
    "type": "Point",
    "coordinates": [
     126.93518563,
     37.52305657
    ]
   },
   "properties": {
    "pid": "여의도여자고등학교 ②(5층) 4층-4",
    "school": "여의도여자고등학교",
    "jibun": "40-2",
    "kind": "교사동 창면",
    "dong": "여의도여자고등학교 ②(5층)",
    "floor": 4,
    "z_m": 11.7,
    "normal_az": 232.4,
    "grade": "B",
    "근거등급": "B 일반식(전부 추정)",
    "근거": "일반식(도면 없음)",
    "추정항목": "도면 미수령. 층고 3.5m·창중심 바닥+1.2m·남향계열 외벽 전체를 5m 등간격 으로 분할 — 층고·창높이·수평배치가 **전부 가정값**이다. 도면을 받으면 위치와 높이가 모두 바뀐다",
    "estimated": true
   }
  },
  {
   "type": "Feature",
   "geometry": {
    "type": "Point",
    "coordinates": [
     126.93518563,
     37.52305657
    ]
   },
   "properties": {
    "pid": "여의도여자고등학교 ②(5층) 5층-4",
    "school": "여의도여자고등학교",
    "jibun": "40-2",
    "kind": "교사동 창면",
    "dong": "여의도여자고등학교 ②(5층)",
    "floor": 5,
    "z_m": 15.2,
    "normal_az": 232.4,
    "grade": "B",
    "근거등급": "B 일반식(전부 추정)",
    "근거": "일반식(도면 없음)",
    "추정항목": "도면 미수령. 층고 3.5m·창중심 바닥+1.2m·남향계열 외벽 전체를 5m 등간격 으로 분할 — 층고·창높이·수평배치가 **전부 가정값**이다. 도면을 받으면 위치와 높이가 모두 바뀐다",
    "estimated": true
   }
  },
  {
   "type": "Feature",
   "geometry": {
    "type": "Point",
    "coordinates": [
     126.93522037,
     37.52302071
    ]
   },
   "properties": {
    "pid": "여의도여자고등학교 ②(5층) 1층-5",
    "school": "여의도여자고등학교",
    "jibun": "40-2",
    "kind": "교사동 창면",
    "dong": "여의도여자고등학교 ②(5층)",
    "floor": 1,
    "z_m": 1.2,
    "normal_az": 232.4,
    "grade": "B",
    "근거등급": "B 일반식(전부 추정)",
    "근거": "일반식(도면 없음)",
    "추정항목": "도면 미수령. 층고 3.5m·창중심 바닥+1.2m·남향계열 외벽 전체를 5m 등간격 으로 분할 — 층고·창높이·수평배치가 **전부 가정값**이다. 도면을 받으면 위치와 높이가 모두 바뀐다",
    "estimated": true
   }
  },
  {
   "type": "Feature",
   "geometry": {
    "type": "Point",
    "coordinates": [
     126.93522037,
     37.52302071
    ]
   },
   "properties": {
    "pid": "여의도여자고등학교 ②(5층) 2층-5",
    "school": "여의도여자고등학교",
    "jibun": "40-2",
    "kind": "교사동 창면",
    "dong": "여의도여자고등학교 ②(5층)",
    "floor": 2,
    "z_m": 4.7,
    "normal_az": 232.4,
    "grade": "B",
    "근거등급": "B 일반식(전부 추정)",
    "근거": "일반식(도면 없음)",
    "추정항목": "도면 미수령. 층고 3.5m·창중심 바닥+1.2m·남향계열 외벽 전체를 5m 등간격 으로 분할 — 층고·창높이·수평배치가 **전부 가정값**이다. 도면을 받으면 위치와 높이가 모두 바뀐다",
    "estimated": true
   }
  },
  {
   "type": "Feature",
   "geometry": {
    "type": "Point",
    "coordinates": [
     126.93522037,
     37.52302071
    ]
   },
   "properties": {
    "pid": "여의도여자고등학교 ②(5층) 3층-5",
    "school": "여의도여자고등학교",
    "jibun": "40-2",
    "kind": "교사동 창면",
    "dong": "여의도여자고등학교 ②(5층)",
    "floor": 3,
    "z_m": 8.2,
    "normal_az": 232.4,
    "grade": "B",
    "근거등급": "B 일반식(전부 추정)",
    "근거": "일반식(도면 없음)",
    "추정항목": "도면 미수령. 층고 3.5m·창중심 바닥+1.2m·남향계열 외벽 전체를 5m 등간격 으로 분할 — 층고·창높이·수평배치가 **전부 가정값**이다. 도면을 받으면 위치와 높이가 모두 바뀐다",
    "estimated": true
   }
  },
  {
   "type": "Feature",
   "geometry": {
    "type": "Point",
    "coordinates": [
     126.93522037,
     37.52302071
    ]
   },
   "properties": {
    "pid": "여의도여자고등학교 ②(5층) 4층-5",
    "school": "여의도여자고등학교",
    "jibun": "40-2",
    "kind": "교사동 창면",
    "dong": "여의도여자고등학교 ②(5층)",
    "floor": 4,
    "z_m": 11.7,
    "normal_az": 232.4,
    "grade": "B",
    "근거등급": "B 일반식(전부 추정)",
    "근거": "일반식(도면 없음)",
    "추정항목": "도면 미수령. 층고 3.5m·창중심 바닥+1.2m·남향계열 외벽 전체를 5m 등간격 으로 분할 — 층고·창높이·수평배치가 **전부 가정값**이다. 도면을 받으면 위치와 높이가 모두 바뀐다",
    "estimated": true
   }
  },
  {
   "type": "Feature",
   "geometry": {
    "type": "Point",
    "coordinates": [
     126.93522037,
     37.52302071
    ]
   },
   "properties": {
    "pid": "여의도여자고등학교 ②(5층) 5층-5",
    "school": "여의도여자고등학교",
    "jibun": "40-2",
    "kind": "교사동 창면",
    "dong": "여의도여자고등학교 ②(5층)",
    "floor": 5,
    "z_m": 15.2,
    "normal_az": 232.4,
    "grade": "B",
    "근거등급": "B 일반식(전부 추정)",
    "근거": "일반식(도면 없음)",
    "추정항목": "도면 미수령. 층고 3.5m·창중심 바닥+1.2m·남향계열 외벽 전체를 5m 등간격 으로 분할 — 층고·창높이·수평배치가 **전부 가정값**이다. 도면을 받으면 위치와 높이가 모두 바뀐다",
    "estimated": true
   }
  },
  {
   "type": "Feature",
   "geometry": {
    "type": "Point",
    "coordinates": [
     126.93525511,
     37.52298485
    ]
   },
   "properties": {
    "pid": "여의도여자고등학교 ②(5층) 1층-6",
    "school": "여의도여자고등학교",
    "jibun": "40-2",
    "kind": "교사동 창면",
    "dong": "여의도여자고등학교 ②(5층)",
    "floor": 1,
    "z_m": 1.2,
    "normal_az": 232.4,
    "grade": "B",
    "근거등급": "B 일반식(전부 추정)",
    "근거": "일반식(도면 없음)",
    "추정항목": "도면 미수령. 층고 3.5m·창중심 바닥+1.2m·남향계열 외벽 전체를 5m 등간격 으로 분할 — 층고·창높이·수평배치가 **전부 가정값**이다. 도면을 받으면 위치와 높이가 모두 바뀐다",
    "estimated": true
   }
  },
  {
   "type": "Feature",
   "geometry": {
    "type": "Point",
    "coordinates": [
     126.93525511,
     37.52298485
    ]
   },
   "properties": {
    "pid": "여의도여자고등학교 ②(5층) 2층-6",
    "school": "여의도여자고등학교",
    "jibun": "40-2",
    "kind": "교사동 창면",
    "dong": "여의도여자고등학교 ②(5층)",
    "floor": 2,
    "z_m": 4.7,
    "normal_az": 232.4,
    "grade": "B",
    "근거등급": "B 일반식(전부 추정)",
    "근거": "일반식(도면 없음)",
    "추정항목": "도면 미수령. 층고 3.5m·창중심 바닥+1.2m·남향계열 외벽 전체를 5m 등간격 으로 분할 — 층고·창높이·수평배치가 **전부 가정값**이다. 도면을 받으면 위치와 높이가 모두 바뀐다",
    "estimated": true
   }
  },
  {
   "type": "Feature",
   "geometry": {
    "type": "Point",
    "coordinates": [
     126.93525511,
     37.52298485
    ]
   },
   "properties": {
    "pid": "여의도여자고등학교 ②(5층) 3층-6",
    "school": "여의도여자고등학교",
    "jibun": "40-2",
    "kind": "교사동 창면",
    "dong": "여의도여자고등학교 ②(5층)",
    "floor": 3,
    "z_m": 8.2,
    "normal_az": 232.4,
    "grade": "B",
    "근거등급": "B 일반식(전부 추정)",
    "근거": "일반식(도면 없음)",
    "추정항목": "도면 미수령. 층고 3.5m·창중심 바닥+1.2m·남향계열 외벽 전체를 5m 등간격 으로 분할 — 층고·창높이·수평배치가 **전부 가정값**이다. 도면을 받으면 위치와 높이가 모두 바뀐다",
    "estimated": true
   }
  },
  {
   "type": "Feature",
   "geometry": {
    "type": "Point",
    "coordinates": [
     126.93525511,
     37.52298485
    ]
   },
   "properties": {
    "pid": "여의도여자고등학교 ②(5층) 4층-6",
    "school": "여의도여자고등학교",
    "jibun": "40-2",
    "kind": "교사동 창면",
    "dong": "여의도여자고등학교 ②(5층)",
    "floor": 4,
    "z_m": 11.7,
    "normal_az": 232.4,
    "grade": "B",
    "근거등급": "B 일반식(전부 추정)",
    "근거": "일반식(도면 없음)",
    "추정항목": "도면 미수령. 층고 3.5m·창중심 바닥+1.2m·남향계열 외벽 전체를 5m 등간격 으로 분할 — 층고·창높이·수평배치가 **전부 가정값**이다. 도면을 받으면 위치와 높이가 모두 바뀐다",
    "estimated": true
   }
  },
  {
   "type": "Feature",
   "geometry": {
    "type": "Point",
    "coordinates": [
     126.93525511,
     37.52298485
    ]
   },
   "properties": {
    "pid": "여의도여자고등학교 ②(5층) 5층-6",
    "school": "여의도여자고등학교",
    "jibun": "40-2",
    "kind": "교사동 창면",
    "dong": "여의도여자고등학교 ②(5층)",
    "floor": 5,
    "z_m": 15.2,
    "normal_az": 232.4,
    "grade": "B",
    "근거등급": "B 일반식(전부 추정)",
    "근거": "일반식(도면 없음)",
    "추정항목": "도면 미수령. 층고 3.5m·창중심 바닥+1.2m·남향계열 외벽 전체를 5m 등간격 으로 분할 — 층고·창높이·수평배치가 **전부 가정값**이다. 도면을 받으면 위치와 높이가 모두 바뀐다",
    "estimated": true
   }
  },
  {
   "type": "Feature",
   "geometry": {
    "type": "Point",
    "coordinates": [
     126.93528983,
     37.522949
    ]
   },
   "properties": {
    "pid": "여의도여자고등학교 ②(5층) 1층-7",
    "school": "여의도여자고등학교",
    "jibun": "40-2",
    "kind": "교사동 창면",
    "dong": "여의도여자고등학교 ②(5층)",
    "floor": 1,
    "z_m": 1.2,
    "normal_az": 232.4,
    "grade": "B",
    "근거등급": "B 일반식(전부 추정)",
    "근거": "일반식(도면 없음)",
    "추정항목": "도면 미수령. 층고 3.5m·창중심 바닥+1.2m·남향계열 외벽 전체를 5m 등간격 으로 분할 — 층고·창높이·수평배치가 **전부 가정값**이다. 도면을 받으면 위치와 높이가 모두 바뀐다",
    "estimated": true
   }
  },
  {
   "type": "Feature",
   "geometry": {
    "type": "Point",
    "coordinates": [
     126.93528983,
     37.522949
    ]
   },
   "properties": {
    "pid": "여의도여자고등학교 ②(5층) 2층-7",
    "school": "여의도여자고등학교",
    "jibun": "40-2",
    "kind": "교사동 창면",
    "dong": "여의도여자고등학교 ②(5층)",
    "floor": 2,
    "z_m": 4.7,
    "normal_az": 232.4,
    "grade": "B",
    "근거등급": "B 일반식(전부 추정)",
    "근거": "일반식(도면 없음)",
    "추정항목": "도면 미수령. 층고 3.5m·창중심 바닥+1.2m·남향계열 외벽 전체를 5m 등간격 으로 분할 — 층고·창높이·수평배치가 **전부 가정값**이다. 도면을 받으면 위치와 높이가 모두 바뀐다",
    "estimated": true
   }
  },
  {
   "type": "Feature",
   "geometry": {
    "type": "Point",
    "coordinates": [
     126.93528983,
     37.522949
    ]
   },
   "properties": {
    "pid": "여의도여자고등학교 ②(5층) 3층-7",
    "school": "여의도여자고등학교",
    "jibun": "40-2",
    "kind": "교사동 창면",
    "dong": "여의도여자고등학교 ②(5층)",
    "floor": 3,
    "z_m": 8.2,
    "normal_az": 232.4,
    "grade": "B",
    "근거등급": "B 일반식(전부 추정)",
    "근거": "일반식(도면 없음)",
    "추정항목": "도면 미수령. 층고 3.5m·창중심 바닥+1.2m·남향계열 외벽 전체를 5m 등간격 으로 분할 — 층고·창높이·수평배치가 **전부 가정값**이다. 도면을 받으면 위치와 높이가 모두 바뀐다",
    "estimated": true
   }
  },
  {
   "type": "Feature",
   "geometry": {
    "type": "Point",
    "coordinates": [
     126.93528983,
     37.522949
    ]
   },
   "properties": {
    "pid": "여의도여자고등학교 ②(5층) 4층-7",
    "school": "여의도여자고등학교",
    "jibun": "40-2",
    "kind": "교사동 창면",
    "dong": "여의도여자고등학교 ②(5층)",
    "floor": 4,
    "z_m": 11.7,
    "normal_az": 232.4,
    "grade": "B",
    "근거등급": "B 일반식(전부 추정)",
    "근거": "일반식(도면 없음)",
    "추정항목": "도면 미수령. 층고 3.5m·창중심 바닥+1.2m·남향계열 외벽 전체를 5m 등간격 으로 분할 — 층고·창높이·수평배치가 **전부 가정값**이다. 도면을 받으면 위치와 높이가 모두 바뀐다",
    "estimated": true
   }
  },
  {
   "type": "Feature",
   "geometry": {
    "type": "Point",
    "coordinates": [
     126.93528983,
     37.522949
    ]
   },
   "properties": {
    "pid": "여의도여자고등학교 ②(5층) 5층-7",
    "school": "여의도여자고등학교",
    "jibun": "40-2",
    "kind": "교사동 창면",
    "dong": "여의도여자고등학교 ②(5층)",
    "floor": 5,
    "z_m": 15.2,
    "normal_az": 232.4,
    "grade": "B",
    "근거등급": "B 일반식(전부 추정)",
    "근거": "일반식(도면 없음)",
    "추정항목": "도면 미수령. 층고 3.5m·창중심 바닥+1.2m·남향계열 외벽 전체를 5m 등간격 으로 분할 — 층고·창높이·수평배치가 **전부 가정값**이다. 도면을 받으면 위치와 높이가 모두 바뀐다",
    "estimated": true
   }
  },
  {
   "type": "Feature",
   "geometry": {
    "type": "Point",
    "coordinates": [
     126.93532457,
     37.52291313
    ]
   },
   "properties": {
    "pid": "여의도여자고등학교 ②(5층) 1층-8",
    "school": "여의도여자고등학교",
    "jibun": "40-2",
    "kind": "교사동 창면",
    "dong": "여의도여자고등학교 ②(5층)",
    "floor": 1,
    "z_m": 1.2,
    "normal_az": 232.4,
    "grade": "B",
    "근거등급": "B 일반식(전부 추정)",
    "근거": "일반식(도면 없음)",
    "추정항목": "도면 미수령. 층고 3.5m·창중심 바닥+1.2m·남향계열 외벽 전체를 5m 등간격 으로 분할 — 층고·창높이·수평배치가 **전부 가정값**이다. 도면을 받으면 위치와 높이가 모두 바뀐다",
    "estimated": true
   }
  },
  {
   "type": "Feature",
   "geometry": {
    "type": "Point",
    "coordinates": [
     126.93532457,
     37.52291313
    ]
   },
   "properties": {
    "pid": "여의도여자고등학교 ②(5층) 2층-8",
    "school": "여의도여자고등학교",
    "jibun": "40-2",
    "kind": "교사동 창면",
    "dong": "여의도여자고등학교 ②(5층)",
    "floor": 2,
    "z_m": 4.7,
    "normal_az": 232.4,
    "grade": "B",
    "근거등급": "B 일반식(전부 추정)",
    "근거": "일반식(도면 없음)",
    "추정항목": "도면 미수령. 층고 3.5m·창중심 바닥+1.2m·남향계열 외벽 전체를 5m 등간격 으로 분할 — 층고·창높이·수평배치가 **전부 가정값**이다. 도면을 받으면 위치와 높이가 모두 바뀐다",
    "estimated": true
   }
  },
  {
   "type": "Feature",
   "geometry": {
    "type": "Point",
    "coordinates": [
     126.93532457,
     37.52291313
    ]
   },
   "properties": {
    "pid": "여의도여자고등학교 ②(5층) 3층-8",
    "school": "여의도여자고등학교",
    "jibun": "40-2",
    "kind": "교사동 창면",
    "dong": "여의도여자고등학교 ②(5층)",
    "floor": 3,
    "z_m": 8.2,
    "normal_az": 232.4,
    "grade": "B",
    "근거등급": "B 일반식(전부 추정)",
    "근거": "일반식(도면 없음)",
    "추정항목": "도면 미수령. 층고 3.5m·창중심 바닥+1.2m·남향계열 외벽 전체를 5m 등간격 으로 분할 — 층고·창높이·수평배치가 **전부 가정값**이다. 도면을 받으면 위치와 높이가 모두 바뀐다",
    "estimated": true
   }
  },
  {
   "type": "Feature",
   "geometry": {
    "type": "Point",
    "coordinates": [
     126.93532457,
     37.52291313
    ]
   },
   "properties": {
    "pid": "여의도여자고등학교 ②(5층) 4층-8",
    "school": "여의도여자고등학교",
    "jibun": "40-2",
    "kind": "교사동 창면",
    "dong": "여의도여자고등학교 ②(5층)",
    "floor": 4,
    "z_m": 11.7,
    "normal_az": 232.4,
    "grade": "B",
    "근거등급": "B 일반식(전부 추정)",
    "근거": "일반식(도면 없음)",
    "추정항목": "도면 미수령. 층고 3.5m·창중심 바닥+1.2m·남향계열 외벽 전체를 5m 등간격 으로 분할 — 층고·창높이·수평배치가 **전부 가정값**이다. 도면을 받으면 위치와 높이가 모두 바뀐다",
    "estimated": true
   }
  },
  {
   "type": "Feature",
   "geometry": {
    "type": "Point",
    "coordinates": [
     126.93532457,
     37.52291313
    ]
   },
   "properties": {
    "pid": "여의도여자고등학교 ②(5층) 5층-8",
    "school": "여의도여자고등학교",
    "jibun": "40-2",
    "kind": "교사동 창면",
    "dong": "여의도여자고등학교 ②(5층)",
    "floor": 5,
    "z_m": 15.2,
    "normal_az": 232.4,
    "grade": "B",
    "근거등급": "B 일반식(전부 추정)",
    "근거": "일반식(도면 없음)",
    "추정항목": "도면 미수령. 층고 3.5m·창중심 바닥+1.2m·남향계열 외벽 전체를 5m 등간격 으로 분할 — 층고·창높이·수평배치가 **전부 가정값**이다. 도면을 받으면 위치와 높이가 모두 바뀐다",
    "estimated": true
   }
  },
  {
   "type": "Feature",
   "geometry": {
    "type": "Point",
    "coordinates": [
     126.93535931,
     37.52287727
    ]
   },
   "properties": {
    "pid": "여의도여자고등학교 ②(5층) 1층-9",
    "school": "여의도여자고등학교",
    "jibun": "40-2",
    "kind": "교사동 창면",
    "dong": "여의도여자고등학교 ②(5층)",
    "floor": 1,
    "z_m": 1.2,
    "normal_az": 232.4,
    "grade": "B",
    "근거등급": "B 일반식(전부 추정)",
    "근거": "일반식(도면 없음)",
    "추정항목": "도면 미수령. 층고 3.5m·창중심 바닥+1.2m·남향계열 외벽 전체를 5m 등간격 으로 분할 — 층고·창높이·수평배치가 **전부 가정값**이다. 도면을 받으면 위치와 높이가 모두 바뀐다",
    "estimated": true
   }
  },
  {
   "type": "Feature",
   "geometry": {
    "type": "Point",
    "coordinates": [
     126.93535931,
     37.52287727
    ]
   },
   "properties": {
    "pid": "여의도여자고등학교 ②(5층) 2층-9",
    "school": "여의도여자고등학교",
    "jibun": "40-2",
    "kind": "교사동 창면",
    "dong": "여의도여자고등학교 ②(5층)",
    "floor": 2,
    "z_m": 4.7,
    "normal_az": 232.4,
    "grade": "B",
    "근거등급": "B 일반식(전부 추정)",
    "근거": "일반식(도면 없음)",
    "추정항목": "도면 미수령. 층고 3.5m·창중심 바닥+1.2m·남향계열 외벽 전체를 5m 등간격 으로 분할 — 층고·창높이·수평배치가 **전부 가정값**이다. 도면을 받으면 위치와 높이가 모두 바뀐다",
    "estimated": true
   }
  },
  {
   "type": "Feature",
   "geometry": {
    "type": "Point",
    "coordinates": [
     126.93535931,
     37.52287727
    ]
   },
   "properties": {
    "pid": "여의도여자고등학교 ②(5층) 3층-9",
    "school": "여의도여자고등학교",
    "jibun": "40-2",
    "kind": "교사동 창면",
    "dong": "여의도여자고등학교 ②(5층)",
    "floor": 3,
    "z_m": 8.2,
    "normal_az": 232.4,
    "grade": "B",
    "근거등급": "B 일반식(전부 추정)",
    "근거": "일반식(도면 없음)",
    "추정항목": "도면 미수령. 층고 3.5m·창중심 바닥+1.2m·남향계열 외벽 전체를 5m 등간격 으로 분할 — 층고·창높이·수평배치가 **전부 가정값**이다. 도면을 받으면 위치와 높이가 모두 바뀐다",
    "estimated": true
   }
  },
  {
   "type": "Feature",
   "geometry": {
    "type": "Point",
    "coordinates": [
     126.93535931,
     37.52287727
    ]
   },
   "properties": {
    "pid": "여의도여자고등학교 ②(5층) 4층-9",
    "school": "여의도여자고등학교",
    "jibun": "40-2",
    "kind": "교사동 창면",
    "dong": "여의도여자고등학교 ②(5층)",
    "floor": 4,
    "z_m": 11.7,
    "normal_az": 232.4,
    "grade": "B",
    "근거등급": "B 일반식(전부 추정)",
    "근거": "일반식(도면 없음)",
    "추정항목": "도면 미수령. 층고 3.5m·창중심 바닥+1.2m·남향계열 외벽 전체를 5m 등간격 으로 분할 — 층고·창높이·수평배치가 **전부 가정값**이다. 도면을 받으면 위치와 높이가 모두 바뀐다",
    "estimated": true
   }
  },
  {
   "type": "Feature",
   "geometry": {
    "type": "Point",
    "coordinates": [
     126.93535931,
     37.52287727
    ]
   },
   "properties": {
    "pid": "여의도여자고등학교 ②(5층) 5층-9",
    "school": "여의도여자고등학교",
    "jibun": "40-2",
    "kind": "교사동 창면",
    "dong": "여의도여자고등학교 ②(5층)",
    "floor": 5,
    "z_m": 15.2,
    "normal_az": 232.4,
    "grade": "B",
    "근거등급": "B 일반식(전부 추정)",
    "근거": "일반식(도면 없음)",
    "추정항목": "도면 미수령. 층고 3.5m·창중심 바닥+1.2m·남향계열 외벽 전체를 5m 등간격 으로 분할 — 층고·창높이·수평배치가 **전부 가정값**이다. 도면을 받으면 위치와 높이가 모두 바뀐다",
    "estimated": true
   }
  },
  {
   "type": "Feature",
   "geometry": {
    "type": "Point",
    "coordinates": [
     126.93539298,
     37.52286569
    ]
   },
   "properties": {
    "pid": "여의도여자고등학교 ②(5층) 1층-10",
    "school": "여의도여자고등학교",
    "jibun": "40-2",
    "kind": "교사동 창면",
    "dong": "여의도여자고등학교 ②(5층)",
    "floor": 1,
    "z_m": 1.2,
    "normal_az": 138.5,
    "grade": "B",
    "근거등급": "B 일반식(전부 추정)",
    "근거": "일반식(도면 없음)",
    "추정항목": "도면 미수령. 층고 3.5m·창중심 바닥+1.2m·남향계열 외벽 전체를 5m 등간격 으로 분할 — 층고·창높이·수평배치가 **전부 가정값**이다. 도면을 받으면 위치와 높이가 모두 바뀐다",
    "estimated": true
   }
  },
  {
   "type": "Feature",
   "geometry": {
    "type": "Point",
    "coordinates": [
     126.93539298,
     37.52286569
    ]
   },
   "properties": {
    "pid": "여의도여자고등학교 ②(5층) 2층-10",
    "school": "여의도여자고등학교",
    "jibun": "40-2",
    "kind": "교사동 창면",
    "dong": "여의도여자고등학교 ②(5층)",
    "floor": 2,
    "z_m": 4.7,
    "normal_az": 138.5,
    "grade": "B",
    "근거등급": "B 일반식(전부 추정)",
    "근거": "일반식(도면 없음)",
    "추정항목": "도면 미수령. 층고 3.5m·창중심 바닥+1.2m·남향계열 외벽 전체를 5m 등간격 으로 분할 — 층고·창높이·수평배치가 **전부 가정값**이다. 도면을 받으면 위치와 높이가 모두 바뀐다",
    "estimated": true
   }
  },
  {
   "type": "Feature",
   "geometry": {
    "type": "Point",
    "coordinates": [
     126.93539298,
     37.52286569
    ]
   },
   "properties": {
    "pid": "여의도여자고등학교 ②(5층) 3층-10",
    "school": "여의도여자고등학교",
    "jibun": "40-2",
    "kind": "교사동 창면",
    "dong": "여의도여자고등학교 ②(5층)",
    "floor": 3,
    "z_m": 8.2,
    "normal_az": 138.5,
    "grade": "B",
    "근거등급": "B 일반식(전부 추정)",
    "근거": "일반식(도면 없음)",
    "추정항목": "도면 미수령. 층고 3.5m·창중심 바닥+1.2m·남향계열 외벽 전체를 5m 등간격 으로 분할 — 층고·창높이·수평배치가 **전부 가정값**이다. 도면을 받으면 위치와 높이가 모두 바뀐다",
    "estimated": true
   }
  },
  {
   "type": "Feature",
   "geometry": {
    "type": "Point",
    "coordinates": [
     126.93539298,
     37.52286569
    ]
   },
   "properties": {
    "pid": "여의도여자고등학교 ②(5층) 4층-10",
    "school": "여의도여자고등학교",
    "jibun": "40-2",
    "kind": "교사동 창면",
    "dong": "여의도여자고등학교 ②(5층)",
    "floor": 4,
    "z_m": 11.7,
    "normal_az": 138.5,
    "grade": "B",
    "근거등급": "B 일반식(전부 추정)",
    "근거": "일반식(도면 없음)",
    "추정항목": "도면 미수령. 층고 3.5m·창중심 바닥+1.2m·남향계열 외벽 전체를 5m 등간격 으로 분할 — 층고·창높이·수평배치가 **전부 가정값**이다. 도면을 받으면 위치와 높이가 모두 바뀐다",
    "estimated": true
   }
  },
  {
   "type": "Feature",
   "geometry": {
    "type": "Point",
    "coordinates": [
     126.93539298,
     37.52286569
    ]
   },
   "properties": {
    "pid": "여의도여자고등학교 ②(5층) 5층-10",
    "school": "여의도여자고등학교",
    "jibun": "40-2",
    "kind": "교사동 창면",
    "dong": "여의도여자고등학교 ②(5층)",
    "floor": 5,
    "z_m": 15.2,
    "normal_az": 138.5,
    "grade": "B",
    "근거등급": "B 일반식(전부 추정)",
    "근거": "일반식(도면 없음)",
    "추정항목": "도면 미수령. 층고 3.5m·창중심 바닥+1.2m·남향계열 외벽 전체를 5m 등간격 으로 분할 — 층고·창높이·수평배치가 **전부 가정값**이다. 도면을 받으면 위치와 높이가 모두 바뀐다",
    "estimated": true
   }
  },
  {
   "type": "Feature",
   "geometry": {
    "type": "Point",
    "coordinates": [
     126.93540994,
     37.52286045
    ]
   },
   "properties": {
    "pid": "여의도여자고등학교 ②(5층) 1층-11",
    "school": "여의도여자고등학교",
    "jibun": "40-2",
    "kind": "교사동 창면",
    "dong": "여의도여자고등학교 ②(5층)",
    "floor": 1,
    "z_m": 1.2,
    "normal_az": 228.9,
    "grade": "B",
    "근거등급": "B 일반식(전부 추정)",
    "근거": "일반식(도면 없음)",
    "추정항목": "도면 미수령. 층고 3.5m·창중심 바닥+1.2m·남향계열 외벽 전체를 5m 등간격 으로 분할 — 층고·창높이·수평배치가 **전부 가정값**이다. 도면을 받으면 위치와 높이가 모두 바뀐다",
    "estimated": true
   }
  },
  {
   "type": "Feature",
   "geometry": {
    "type": "Point",
    "coordinates": [
     126.93540994,
     37.52286045
    ]
   },
   "properties": {
    "pid": "여의도여자고등학교 ②(5층) 2층-11",
    "school": "여의도여자고등학교",
    "jibun": "40-2",
    "kind": "교사동 창면",
    "dong": "여의도여자고등학교 ②(5층)",
    "floor": 2,
    "z_m": 4.7,
    "normal_az": 228.9,
    "grade": "B",
    "근거등급": "B 일반식(전부 추정)",
    "근거": "일반식(도면 없음)",
    "추정항목": "도면 미수령. 층고 3.5m·창중심 바닥+1.2m·남향계열 외벽 전체를 5m 등간격 으로 분할 — 층고·창높이·수평배치가 **전부 가정값**이다. 도면을 받으면 위치와 높이가 모두 바뀐다",
    "estimated": true
   }
  },
  {
   "type": "Feature",
   "geometry": {
    "type": "Point",
    "coordinates": [
     126.93540994,
     37.52286045
    ]
   },
   "properties": {
    "pid": "여의도여자고등학교 ②(5층) 3층-11",
    "school": "여의도여자고등학교",
    "jibun": "40-2",
    "kind": "교사동 창면",
    "dong": "여의도여자고등학교 ②(5층)",
    "floor": 3,
    "z_m": 8.2,
    "normal_az": 228.9,
    "grade": "B",
    "근거등급": "B 일반식(전부 추정)",
    "근거": "일반식(도면 없음)",
    "추정항목": "도면 미수령. 층고 3.5m·창중심 바닥+1.2m·남향계열 외벽 전체를 5m 등간격 으로 분할 — 층고·창높이·수평배치가 **전부 가정값**이다. 도면을 받으면 위치와 높이가 모두 바뀐다",
    "estimated": true
   }
  },
  {
   "type": "Feature",
   "geometry": {
    "type": "Point",
    "coordinates": [
     126.93540994,
     37.52286045
    ]
   },
   "properties": {
    "pid": "여의도여자고등학교 ②(5층) 4층-11",
    "school": "여의도여자고등학교",
    "jibun": "40-2",
    "kind": "교사동 창면",
    "dong": "여의도여자고등학교 ②(5층)",
    "floor": 4,
    "z_m": 11.7,
    "normal_az": 228.9,
    "grade": "B",
    "근거등급": "B 일반식(전부 추정)",
    "근거": "일반식(도면 없음)",
    "추정항목": "도면 미수령. 층고 3.5m·창중심 바닥+1.2m·남향계열 외벽 전체를 5m 등간격 으로 분할 — 층고·창높이·수평배치가 **전부 가정값**이다. 도면을 받으면 위치와 높이가 모두 바뀐다",
    "estimated": true
   }
  },
  {
   "type": "Feature",
   "geometry": {
    "type": "Point",
    "coordinates": [
     126.93540994,
     37.52286045
    ]
   },
   "properties": {
    "pid": "여의도여자고등학교 ②(5층) 5층-11",
    "school": "여의도여자고등학교",
    "jibun": "40-2",
    "kind": "교사동 창면",
    "dong": "여의도여자고등학교 ②(5층)",
    "floor": 5,
    "z_m": 15.2,
    "normal_az": 228.9,
    "grade": "B",
    "근거등급": "B 일반식(전부 추정)",
    "근거": "일반식(도면 없음)",
    "추정항목": "도면 미수령. 층고 3.5m·창중심 바닥+1.2m·남향계열 외벽 전체를 5m 등간격 으로 분할 — 층고·창높이·수평배치가 **전부 가정값**이다. 도면을 받으면 위치와 높이가 모두 바뀐다",
    "estimated": true
   }
  },
  {
   "type": "Feature",
   "geometry": {
    "type": "Point",
    "coordinates": [
     126.93546295,
     37.52286802
    ]
   },
   "properties": {
    "pid": "여의도여자고등학교 ②(5층) 1층-12",
    "school": "여의도여자고등학교",
    "jibun": "40-2",
    "kind": "교사동 창면",
    "dong": "여의도여자고등학교 ②(5층)",
    "floor": 1,
    "z_m": 1.2,
    "normal_az": 142.3,
    "grade": "B",
    "근거등급": "B 일반식(전부 추정)",
    "근거": "일반식(도면 없음)",
    "추정항목": "도면 미수령. 층고 3.5m·창중심 바닥+1.2m·남향계열 외벽 전체를 5m 등간격 으로 분할 — 층고·창높이·수평배치가 **전부 가정값**이다. 도면을 받으면 위치와 높이가 모두 바뀐다",
    "estimated": true
   }
  },
  {
   "type": "Feature",
   "geometry": {
    "type": "Point",
    "coordinates": [
     126.93546295,
     37.52286802
    ]
   },
   "properties": {
    "pid": "여의도여자고등학교 ②(5층) 2층-12",
    "school": "여의도여자고등학교",
    "jibun": "40-2",
    "kind": "교사동 창면",
    "dong": "여의도여자고등학교 ②(5층)",
    "floor": 2,
    "z_m": 4.7,
    "normal_az": 142.3,
    "grade": "B",
    "근거등급": "B 일반식(전부 추정)",
    "근거": "일반식(도면 없음)",
    "추정항목": "도면 미수령. 층고 3.5m·창중심 바닥+1.2m·남향계열 외벽 전체를 5m 등간격 으로 분할 — 층고·창높이·수평배치가 **전부 가정값**이다. 도면을 받으면 위치와 높이가 모두 바뀐다",
    "estimated": true
   }
  },
  {
   "type": "Feature",
   "geometry": {
    "type": "Point",
    "coordinates": [
     126.93546295,
     37.52286802
    ]
   },
   "properties": {
    "pid": "여의도여자고등학교 ②(5층) 3층-12",
    "school": "여의도여자고등학교",
    "jibun": "40-2",
    "kind": "교사동 창면",
    "dong": "여의도여자고등학교 ②(5층)",
    "floor": 3,
    "z_m": 8.2,
    "normal_az": 142.3,
    "grade": "B",
    "근거등급": "B 일반식(전부 추정)",
    "근거": "일반식(도면 없음)",
    "추정항목": "도면 미수령. 층고 3.5m·창중심 바닥+1.2m·남향계열 외벽 전체를 5m 등간격 으로 분할 — 층고·창높이·수평배치가 **전부 가정값**이다. 도면을 받으면 위치와 높이가 모두 바뀐다",
    "estimated": true
   }
  },
  {
   "type": "Feature",
   "geometry": {
    "type": "Point",
    "coordinates": [
     126.93546295,
     37.52286802
    ]
   },
   "properties": {
    "pid": "여의도여자고등학교 ②(5층) 4층-12",
    "school": "여의도여자고등학교",
    "jibun": "40-2",
    "kind": "교사동 창면",
    "dong": "여의도여자고등학교 ②(5층)",
    "floor": 4,
    "z_m": 11.7,
    "normal_az": 142.3,
    "grade": "B",
    "근거등급": "B 일반식(전부 추정)",
    "근거": "일반식(도면 없음)",
    "추정항목": "도면 미수령. 층고 3.5m·창중심 바닥+1.2m·남향계열 외벽 전체를 5m 등간격 으로 분할 — 층고·창높이·수평배치가 **전부 가정값**이다. 도면을 받으면 위치와 높이가 모두 바뀐다",
    "estimated": true
   }
  },
  {
   "type": "Feature",
   "geometry": {
    "type": "Point",
    "coordinates": [
     126.93546295,
     37.52286802
    ]
   },
   "properties": {
    "pid": "여의도여자고등학교 ②(5층) 5층-12",
    "school": "여의도여자고등학교",
    "jibun": "40-2",
    "kind": "교사동 창면",
    "dong": "여의도여자고등학교 ②(5층)",
    "floor": 5,
    "z_m": 15.2,
    "normal_az": 142.3,
    "grade": "B",
    "근거등급": "B 일반식(전부 추정)",
    "근거": "일반식(도면 없음)",
    "추정항목": "도면 미수령. 층고 3.5m·창중심 바닥+1.2m·남향계열 외벽 전체를 5m 등간격 으로 분할 — 층고·창높이·수평배치가 **전부 가정값**이다. 도면을 받으면 위치와 높이가 모두 바뀐다",
    "estimated": true
   }
  },
  {
   "type": "Feature",
   "geometry": {
    "type": "Point",
    "coordinates": [
     126.93542819,
     37.52299028
    ]
   },
   "properties": {
    "pid": "여의도여자고등학교 ②(5층) 1층-13",
    "school": "여의도여자고등학교",
    "jibun": "40-2",
    "kind": "교사동 창면",
    "dong": "여의도여자고등학교 ②(5층)",
    "floor": 1,
    "z_m": 1.2,
    "normal_az": 141.8,
    "grade": "B",
    "근거등급": "B 일반식(전부 추정)",
    "근거": "일반식(도면 없음)",
    "추정항목": "도면 미수령. 층고 3.5m·창중심 바닥+1.2m·남향계열 외벽 전체를 5m 등간격 으로 분할 — 층고·창높이·수평배치가 **전부 가정값**이다. 도면을 받으면 위치와 높이가 모두 바뀐다",
    "estimated": true
   }
  },
  {
   "type": "Feature",
   "geometry": {
    "type": "Point",
    "coordinates": [
     126.93542819,
     37.52299028
    ]
   },
   "properties": {
    "pid": "여의도여자고등학교 ②(5층) 2층-13",
    "school": "여의도여자고등학교",
    "jibun": "40-2",
    "kind": "교사동 창면",
    "dong": "여의도여자고등학교 ②(5층)",
    "floor": 2,
    "z_m": 4.7,
    "normal_az": 141.8,
    "grade": "B",
    "근거등급": "B 일반식(전부 추정)",
    "근거": "일반식(도면 없음)",
    "추정항목": "도면 미수령. 층고 3.5m·창중심 바닥+1.2m·남향계열 외벽 전체를 5m 등간격 으로 분할 — 층고·창높이·수평배치가 **전부 가정값**이다. 도면을 받으면 위치와 높이가 모두 바뀐다",
    "estimated": true
   }
  },
  {
   "type": "Feature",
   "geometry": {
    "type": "Point",
    "coordinates": [
     126.93542819,
     37.52299028
    ]
   },
   "properties": {
    "pid": "여의도여자고등학교 ②(5층) 3층-13",
    "school": "여의도여자고등학교",
    "jibun": "40-2",
    "kind": "교사동 창면",
    "dong": "여의도여자고등학교 ②(5층)",
    "floor": 3,
    "z_m": 8.2,
    "normal_az": 141.8,
    "grade": "B",
    "근거등급": "B 일반식(전부 추정)",
    "근거": "일반식(도면 없음)",
    "추정항목": "도면 미수령. 층고 3.5m·창중심 바닥+1.2m·남향계열 외벽 전체를 5m 등간격 으로 분할 — 층고·창높이·수평배치가 **전부 가정값**이다. 도면을 받으면 위치와 높이가 모두 바뀐다",
    "estimated": true
   }
  },
  {
   "type": "Feature",
   "geometry": {
    "type": "Point",
    "coordinates": [
     126.93542819,
     37.52299028
    ]
   },
   "properties": {
    "pid": "여의도여자고등학교 ②(5층) 4층-13",
    "school": "여의도여자고등학교",
    "jibun": "40-2",
    "kind": "교사동 창면",
    "dong": "여의도여자고등학교 ②(5층)",
    "floor": 4,
    "z_m": 11.7,
    "normal_az": 141.8,
    "grade": "B",
    "근거등급": "B 일반식(전부 추정)",
    "근거": "일반식(도면 없음)",
    "추정항목": "도면 미수령. 층고 3.5m·창중심 바닥+1.2m·남향계열 외벽 전체를 5m 등간격 으로 분할 — 층고·창높이·수평배치가 **전부 가정값**이다. 도면을 받으면 위치와 높이가 모두 바뀐다",
    "estimated": true
   }
  },
  {
   "type": "Feature",
   "geometry": {
    "type": "Point",
    "coordinates": [
     126.93542819,
     37.52299028
    ]
   },
   "properties": {
    "pid": "여의도여자고등학교 ②(5층) 5층-13",
    "school": "여의도여자고등학교",
    "jibun": "40-2",
    "kind": "교사동 창면",
    "dong": "여의도여자고등학교 ②(5층)",
    "floor": 5,
    "z_m": 15.2,
    "normal_az": 141.8,
    "grade": "B",
    "근거등급": "B 일반식(전부 추정)",
    "근거": "일반식(도면 없음)",
    "추정항목": "도면 미수령. 층고 3.5m·창중심 바닥+1.2m·남향계열 외벽 전체를 5m 등간격 으로 분할 — 층고·창높이·수평배치가 **전부 가정값**이다. 도면을 받으면 위치와 높이가 모두 바뀐다",
    "estimated": true
   }
  }
 ]
}