수광점ID,학교,지번,종류,교사동/운동장,층,X,Y,Z,근거등급,근거,추정여부,추정항목
여의도고등학교 ①(4층) 1층-1,여의도고등학교,30-1,교사동 창면,여의도고등학교 ①(4층),1,194086.467,547342.37,1.2,B 일반식(전부 추정),일반식(도면 없음),추정,도면 미수령. 층고 3.5m·창중심 바닥+1.2m·남향계열 외벽 전체를 5m 등간격 으로 분할 — 층고·창높이·수평배치가 **전부 가정값**이다. 도면을 받으면 위치와 높이가 모두 바뀐다
여의도고등학교 ①(4층) 2층-1,여의도고등학교,30-1,교사동 창면,여의도고등학교 ①(4층),2,194086.467,547342.37,4.7,B 일반식(전부 추정),일반식(도면 없음),추정,도면 미수령. 층고 3.5m·창중심 바닥+1.2m·남향계열 외벽 전체를 5m 등간격 으로 분할 — 층고·창높이·수평배치가 **전부 가정값**이다. 도면을 받으면 위치와 높이가 모두 바뀐다
여의도고등학교 ①(4층) 3층-1,여의도고등학교,30-1,교사동 창면,여의도고등학교 ①(4층),3,194086.467,547342.37,8.2,B 일반식(전부 추정),일반식(도면 없음),추정,도면 미수령. 층고 3.5m·창중심 바닥+1.2m·남향계열 외벽 전체를 5m 등간격 으로 분할 — 층고·창높이·수평배치가 **전부 가정값**이다. 도면을 받으면 위치와 높이가 모두 바뀐다
여의도고등학교 ①(4층) 4층-1,여의도고등학교,30-1,교사동 창면,여의도고등학교 ①(4층),4,194086.467,547342.37,11.7,B 일반식(전부 추정),일반식(도면 없음),추정,도면 미수령. 층고 3.5m·창중심 바닥+1.2m·남향계열 외벽 전체를 5m 등간격 으로 분할 — 층고·창높이·수평배치가 **전부 가정값**이다. 도면을 받으면 위치와 높이가 모두 바뀐다
여의도고등학교 ①(4층) 1층-2,여의도고등학교,30-1,교사동 창면,여의도고등학교 ①(4층),1,194081.156,547332.827,1.2,B 일반식(전부 추정),일반식(도면 없음),추정,도면 미수령. 층고 3.5m·창중심 바닥+1.2m·남향계열 외벽 전체를 5m 등간격 으로 분할 — 층고·창높이·수평배치가 **전부 가정값**이다. 도면을 받으면 위치와 높이가 모두 바뀐다
여의도고등학교 ①(4층) 2층-2,여의도고등학교,30-1,교사동 창면,여의도고등학교 ①(4층),2,194081.156,547332.827,4.7,B 일반식(전부 추정),일반식(도면 없음),추정,도면 미수령. 층고 3.5m·창중심 바닥+1.2m·남향계열 외벽 전체를 5m 등간격 으로 분할 — 층고·창높이·수평배치가 **전부 가정값**이다. 도면을 받으면 위치와 높이가 모두 바뀐다
여의도고등학교 ①(4층) 3층-2,여의도고등학교,30-1,교사동 창면,여의도고등학교 ①(4층),3,194081.156,547332.827,8.2,B 일반식(전부 추정),일반식(도면 없음),추정,도면 미수령. 층고 3.5m·창중심 바닥+1.2m·남향계열 외벽 전체를 5m 등간격 으로 분할 — 층고·창높이·수평배치가 **전부 가정값**이다. 도면을 받으면 위치와 높이가 모두 바뀐다
여의도고등학교 ①(4층) 4층-2,여의도고등학교,30-1,교사동 창면,여의도고등학교 ①(4층),4,194081.156,547332.827,11.7,B 일반식(전부 추정),일반식(도면 없음),추정,도면 미수령. 층고 3.5m·창중심 바닥+1.2m·남향계열 외벽 전체를 5m 등간격 으로 분할 — 층고·창높이·수평배치가 **전부 가정값**이다. 도면을 받으면 위치와 높이가 모두 바뀐다
여의도고등학교 ①(4층) 1층-3,여의도고등학교,30-1,교사동 창면,여의도고등학교 ①(4층),1,194084.596,547328.357,1.2,B 일반식(전부 추정),일반식(도면 없음),추정,도면 미수령. 층고 3.5m·창중심 바닥+1.2m·남향계열 외벽 전체를 5m 등간격 으로 분할 — 층고·창높이·수평배치가 **전부 가정값**이다. 도면을 받으면 위치와 높이가 모두 바뀐다
여의도고등학교 ①(4층) 2층-3,여의도고등학교,30-1,교사동 창면,여의도고등학교 ①(4층),2,194084.596,547328.357,4.7,B 일반식(전부 추정),일반식(도면 없음),추정,도면 미수령. 층고 3.5m·창중심 바닥+1.2m·남향계열 외벽 전체를 5m 등간격 으로 분할 — 층고·창높이·수평배치가 **전부 가정값**이다. 도면을 받으면 위치와 높이가 모두 바뀐다
여의도고등학교 ①(4층) 3층-3,여의도고등학교,30-1,교사동 창면,여의도고등학교 ①(4층),3,194084.596,547328.357,8.2,B 일반식(전부 추정),일반식(도면 없음),추정,도면 미수령. 층고 3.5m·창중심 바닥+1.2m·남향계열 외벽 전체를 5m 등간격 으로 분할 — 층고·창높이·수평배치가 **전부 가정값**이다. 도면을 받으면 위치와 높이가 모두 바뀐다
여의도고등학교 ①(4층) 4층-3,여의도고등학교,30-1,교사동 창면,여의도고등학교 ①(4층),4,194084.596,547328.357,11.7,B 일반식(전부 추정),일반식(도면 없음),추정,도면 미수령. 층고 3.5m·창중심 바닥+1.2m·남향계열 외벽 전체를 5m 등간격 으로 분할 — 층고·창높이·수평배치가 **전부 가정값**이다. 도면을 받으면 위치와 높이가 모두 바뀐다
여의도고등학교 ①(4층) 1층-4,여의도고등학교,30-1,교사동 창면,여의도고등학교 ①(4층),1,194088.784,547327.512,1.2,B 일반식(전부 추정),일반식(도면 없음),추정,도면 미수령. 층고 3.5m·창중심 바닥+1.2m·남향계열 외벽 전체를 5m 등간격 으로 분할 — 층고·창높이·수평배치가 **전부 가정값**이다. 도면을 받으면 위치와 높이가 모두 바뀐다
여의도고등학교 ①(4층) 2층-4,여의도고등학교,30-1,교사동 창면,여의도고등학교 ①(4층),2,194088.784,547327.512,4.7,B 일반식(전부 추정),일반식(도면 없음),추정,도면 미수령. 층고 3.5m·창중심 바닥+1.2m·남향계열 외벽 전체를 5m 등간격 으로 분할 — 층고·창높이·수평배치가 **전부 가정값**이다. 도면을 받으면 위치와 높이가 모두 바뀐다
여의도고등학교 ①(4층) 3층-4,여의도고등학교,30-1,교사동 창면,여의도고등학교 ①(4층),3,194088.784,547327.512,8.2,B 일반식(전부 추정),일반식(도면 없음),추정,도면 미수령. 층고 3.5m·창중심 바닥+1.2m·남향계열 외벽 전체를 5m 등간격 으로 분할 — 층고·창높이·수평배치가 **전부 가정값**이다. 도면을 받으면 위치와 높이가 모두 바뀐다
여의도고등학교 ①(4층) 4층-4,여의도고등학교,30-1,교사동 창면,여의도고등학교 ①(4층),4,194088.784,547327.512,11.7,B 일반식(전부 추정),일반식(도면 없음),추정,도면 미수령. 층고 3.5m·창중심 바닥+1.2m·남향계열 외벽 전체를 5m 등간격 으로 분할 — 층고·창높이·수평배치가 **전부 가정값**이다. 도면을 받으면 위치와 높이가 모두 바뀐다
여의도고등학교 ①(4층) 1층-5,여의도고등학교,30-1,교사동 창면,여의도고등학교 ①(4층),1,194092.599,547330.44,1.2,B 일반식(전부 추정),일반식(도면 없음),추정,도면 미수령. 층고 3.5m·창중심 바닥+1.2m·남향계열 외벽 전체를 5m 등간격 으로 분할 — 층고·창높이·수평배치가 **전부 가정값**이다. 도면을 받으면 위치와 높이가 모두 바뀐다
여의도고등학교 ①(4층) 2층-5,여의도고등학교,30-1,교사동 창면,여의도고등학교 ①(4층),2,194092.599,547330.44,4.7,B 일반식(전부 추정),일반식(도면 없음),추정,도면 미수령. 층고 3.5m·창중심 바닥+1.2m·남향계열 외벽 전체를 5m 등간격 으로 분할 — 층고·창높이·수평배치가 **전부 가정값**이다. 도면을 받으면 위치와 높이가 모두 바뀐다
여의도고등학교 ①(4층) 3층-5,여의도고등학교,30-1,교사동 창면,여의도고등학교 ①(4층),3,194092.599,547330.44,8.2,B 일반식(전부 추정),일반식(도면 없음),추정,도면 미수령. 층고 3.5m·창중심 바닥+1.2m·남향계열 외벽 전체를 5m 등간격 으로 분할 — 층고·창높이·수평배치가 **전부 가정값**이다. 도면을 받으면 위치와 높이가 모두 바뀐다
여의도고등학교 ①(4층) 4층-5,여의도고등학교,30-1,교사동 창면,여의도고등학교 ①(4층),4,194092.599,547330.44,11.7,B 일반식(전부 추정),일반식(도면 없음),추정,도면 미수령. 층고 3.5m·창중심 바닥+1.2m·남향계열 외벽 전체를 5m 등간격 으로 분할 — 층고·창높이·수평배치가 **전부 가정값**이다. 도면을 받으면 위치와 높이가 모두 바뀐다
여의도고등학교 ①(4층) 1층-6,여의도고등학교,30-1,교사동 창면,여의도고등학교 ①(4층),1,194096.414,547333.367,1.2,B 일반식(전부 추정),일반식(도면 없음),추정,도면 미수령. 층고 3.5m·창중심 바닥+1.2m·남향계열 외벽 전체를 5m 등간격 으로 분할 — 층고·창높이·수평배치가 **전부 가정값**이다. 도면을 받으면 위치와 높이가 모두 바뀐다
여의도고등학교 ①(4층) 2층-6,여의도고등학교,30-1,교사동 창면,여의도고등학교 ①(4층),2,194096.414,547333.367,4.7,B 일반식(전부 추정),일반식(도면 없음),추정,도면 미수령. 층고 3.5m·창중심 바닥+1.2m·남향계열 외벽 전체를 5m 등간격 으로 분할 — 층고·창높이·수평배치가 **전부 가정값**이다. 도면을 받으면 위치와 높이가 모두 바뀐다
여의도고등학교 ①(4층) 3층-6,여의도고등학교,30-1,교사동 창면,여의도고등학교 ①(4층),3,194096.414,547333.367,8.2,B 일반식(전부 추정),일반식(도면 없음),추정,도면 미수령. 층고 3.5m·창중심 바닥+1.2m·남향계열 외벽 전체를 5m 등간격 으로 분할 — 층고·창높이·수평배치가 **전부 가정값**이다. 도면을 받으면 위치와 높이가 모두 바뀐다
여의도고등학교 ①(4층) 4층-6,여의도고등학교,30-1,교사동 창면,여의도고등학교 ①(4층),4,194096.414,547333.367,11.7,B 일반식(전부 추정),일반식(도면 없음),추정,도면 미수령. 층고 3.5m·창중심 바닥+1.2m·남향계열 외벽 전체를 5m 등간격 으로 분할 — 층고·창높이·수평배치가 **전부 가정값**이다. 도면을 받으면 위치와 높이가 모두 바뀐다
여의도고등학교 ①(4층) 1층-7,여의도고등학교,30-1,교사동 창면,여의도고등학교 ①(4층),1,194100.229,547336.295,1.2,B 일반식(전부 추정),일반식(도면 없음),추정,도면 미수령. 층고 3.5m·창중심 바닥+1.2m·남향계열 외벽 전체를 5m 등간격 으로 분할 — 층고·창높이·수평배치가 **전부 가정값**이다. 도면을 받으면 위치와 높이가 모두 바뀐다
여의도고등학교 ①(4층) 2층-7,여의도고등학교,30-1,교사동 창면,여의도고등학교 ①(4층),2,194100.229,547336.295,4.7,B 일반식(전부 추정),일반식(도면 없음),추정,도면 미수령. 층고 3.5m·창중심 바닥+1.2m·남향계열 외벽 전체를 5m 등간격 으로 분할 — 층고·창높이·수평배치가 **전부 가정값**이다. 도면을 받으면 위치와 높이가 모두 바뀐다
여의도고등학교 ①(4층) 3층-7,여의도고등학교,30-1,교사동 창면,여의도고등학교 ①(4층),3,194100.229,547336.295,8.2,B 일반식(전부 추정),일반식(도면 없음),추정,도면 미수령. 층고 3.5m·창중심 바닥+1.2m·남향계열 외벽 전체를 5m 등간격 으로 분할 — 층고·창높이·수평배치가 **전부 가정값**이다. 도면을 받으면 위치와 높이가 모두 바뀐다
여의도고등학교 ①(4층) 4층-7,여의도고등학교,30-1,교사동 창면,여의도고등학교 ①(4층),4,194100.229,547336.295,11.7,B 일반식(전부 추정),일반식(도면 없음),추정,도면 미수령. 층고 3.5m·창중심 바닥+1.2m·남향계열 외벽 전체를 5m 등간격 으로 분할 — 층고·창높이·수평배치가 **전부 가정값**이다. 도면을 받으면 위치와 높이가 모두 바뀐다
여의도고등학교 ①(4층) 1층-8,여의도고등학교,30-1,교사동 창면,여의도고등학교 ①(4층),1,194104.044,547339.222,1.2,B 일반식(전부 추정),일반식(도면 없음),추정,도면 미수령. 층고 3.5m·창중심 바닥+1.2m·남향계열 외벽 전체를 5m 등간격 으로 분할 — 층고·창높이·수평배치가 **전부 가정값**이다. 도면을 받으면 위치와 높이가 모두 바뀐다
여의도고등학교 ①(4층) 2층-8,여의도고등학교,30-1,교사동 창면,여의도고등학교 ①(4층),2,194104.044,547339.222,4.7,B 일반식(전부 추정),일반식(도면 없음),추정,도면 미수령. 층고 3.5m·창중심 바닥+1.2m·남향계열 외벽 전체를 5m 등간격 으로 분할 — 층고·창높이·수평배치가 **전부 가정값**이다. 도면을 받으면 위치와 높이가 모두 바뀐다
여의도고등학교 ①(4층) 3층-8,여의도고등학교,30-1,교사동 창면,여의도고등학교 ①(4층),3,194104.044,547339.222,8.2,B 일반식(전부 추정),일반식(도면 없음),추정,도면 미수령. 층고 3.5m·창중심 바닥+1.2m·남향계열 외벽 전체를 5m 등간격 으로 분할 — 층고·창높이·수평배치가 **전부 가정값**이다. 도면을 받으면 위치와 높이가 모두 바뀐다
여의도고등학교 ①(4층) 4층-8,여의도고등학교,30-1,교사동 창면,여의도고등학교 ①(4층),4,194104.044,547339.222,11.7,B 일반식(전부 추정),일반식(도면 없음),추정,도면 미수령. 층고 3.5m·창중심 바닥+1.2m·남향계열 외벽 전체를 5m 등간격 으로 분할 — 층고·창높이·수평배치가 **전부 가정값**이다. 도면을 받으면 위치와 높이가 모두 바뀐다
여의도고등학교 ①(4층) 1층-9,여의도고등학교,30-1,교사동 창면,여의도고등학교 ①(4층),1,194107.859,547342.15,1.2,B 일반식(전부 추정),일반식(도면 없음),추정,도면 미수령. 층고 3.5m·창중심 바닥+1.2m·남향계열 외벽 전체를 5m 등간격 으로 분할 — 층고·창높이·수평배치가 **전부 가정값**이다. 도면을 받으면 위치와 높이가 모두 바뀐다
여의도고등학교 ①(4층) 2층-9,여의도고등학교,30-1,교사동 창면,여의도고등학교 ①(4층),2,194107.859,547342.15,4.7,B 일반식(전부 추정),일반식(도면 없음),추정,도면 미수령. 층고 3.5m·창중심 바닥+1.2m·남향계열 외벽 전체를 5m 등간격 으로 분할 — 층고·창높이·수평배치가 **전부 가정값**이다. 도면을 받으면 위치와 높이가 모두 바뀐다
여의도고등학교 ①(4층) 3층-9,여의도고등학교,30-1,교사동 창면,여의도고등학교 ①(4층),3,194107.859,547342.15,8.2,B 일반식(전부 추정),일반식(도면 없음),추정,도면 미수령. 층고 3.5m·창중심 바닥+1.2m·남향계열 외벽 전체를 5m 등간격 으로 분할 — 층고·창높이·수평배치가 **전부 가정값**이다. 도면을 받으면 위치와 높이가 모두 바뀐다
여의도고등학교 ①(4층) 4층-9,여의도고등학교,30-1,교사동 창면,여의도고등학교 ①(4층),4,194107.859,547342.15,11.7,B 일반식(전부 추정),일반식(도면 없음),추정,도면 미수령. 층고 3.5m·창중심 바닥+1.2m·남향계열 외벽 전체를 5m 등간격 으로 분할 — 층고·창높이·수평배치가 **전부 가정값**이다. 도면을 받으면 위치와 높이가 모두 바뀐다
여의도고등학교 ①(4층) 1층-10,여의도고등학교,30-1,교사동 창면,여의도고등학교 ①(4층),1,194111.674,547345.077,1.2,B 일반식(전부 추정),일반식(도면 없음),추정,도면 미수령. 층고 3.5m·창중심 바닥+1.2m·남향계열 외벽 전체를 5m 등간격 으로 분할 — 층고·창높이·수평배치가 **전부 가정값**이다. 도면을 받으면 위치와 높이가 모두 바뀐다
여의도고등학교 ①(4층) 2층-10,여의도고등학교,30-1,교사동 창면,여의도고등학교 ①(4층),2,194111.674,547345.077,4.7,B 일반식(전부 추정),일반식(도면 없음),추정,도면 미수령. 층고 3.5m·창중심 바닥+1.2m·남향계열 외벽 전체를 5m 등간격 으로 분할 — 층고·창높이·수평배치가 **전부 가정값**이다. 도면을 받으면 위치와 높이가 모두 바뀐다
여의도고등학교 ①(4층) 3층-10,여의도고등학교,30-1,교사동 창면,여의도고등학교 ①(4층),3,194111.674,547345.077,8.2,B 일반식(전부 추정),일반식(도면 없음),추정,도면 미수령. 층고 3.5m·창중심 바닥+1.2m·남향계열 외벽 전체를 5m 등간격 으로 분할 — 층고·창높이·수평배치가 **전부 가정값**이다. 도면을 받으면 위치와 높이가 모두 바뀐다
여의도고등학교 ①(4층) 4층-10,여의도고등학교,30-1,교사동 창면,여의도고등학교 ①(4층),4,194111.674,547345.077,11.7,B 일반식(전부 추정),일반식(도면 없음),추정,도면 미수령. 층고 3.5m·창중심 바닥+1.2m·남향계열 외벽 전체를 5m 등간격 으로 분할 — 층고·창높이·수평배치가 **전부 가정값**이다. 도면을 받으면 위치와 높이가 모두 바뀐다
여의도고등학교 ①(4층) 1층-11,여의도고등학교,30-1,교사동 창면,여의도고등학교 ①(4층),1,194115.489,547348.005,1.2,B 일반식(전부 추정),일반식(도면 없음),추정,도면 미수령. 층고 3.5m·창중심 바닥+1.2m·남향계열 외벽 전체를 5m 등간격 으로 분할 — 층고·창높이·수평배치가 **전부 가정값**이다. 도면을 받으면 위치와 높이가 모두 바뀐다
여의도고등학교 ①(4층) 2층-11,여의도고등학교,30-1,교사동 창면,여의도고등학교 ①(4층),2,194115.489,547348.005,4.7,B 일반식(전부 추정),일반식(도면 없음),추정,도면 미수령. 층고 3.5m·창중심 바닥+1.2m·남향계열 외벽 전체를 5m 등간격 으로 분할 — 층고·창높이·수평배치가 **전부 가정값**이다. 도면을 받으면 위치와 높이가 모두 바뀐다
여의도고등학교 ①(4층) 3층-11,여의도고등학교,30-1,교사동 창면,여의도고등학교 ①(4층),3,194115.489,547348.005,8.2,B 일반식(전부 추정),일반식(도면 없음),추정,도면 미수령. 층고 3.5m·창중심 바닥+1.2m·남향계열 외벽 전체를 5m 등간격 으로 분할 — 층고·창높이·수평배치가 **전부 가정값**이다. 도면을 받으면 위치와 높이가 모두 바뀐다
여의도고등학교 ①(4층) 4층-11,여의도고등학교,30-1,교사동 창면,여의도고등학교 ①(4층),4,194115.489,547348.005,11.7,B 일반식(전부 추정),일반식(도면 없음),추정,도면 미수령. 층고 3.5m·창중심 바닥+1.2m·남향계열 외벽 전체를 5m 등간격 으로 분할 — 층고·창높이·수평배치가 **전부 가정값**이다. 도면을 받으면 위치와 높이가 모두 바뀐다
여의도고등학교 ②(4층) 1층-1,여의도고등학교,30-1,교사동 창면,여의도고등학교 ②(4층),1,194121.43,547356.524,1.2,B 일반식(전부 추정),일반식(도면 없음),추정,도면 미수령. 층고 3.5m·창중심 바닥+1.2m·남향계열 외벽 전체를 5m 등간격 으로 분할 — 층고·창높이·수평배치가 **전부 가정값**이다. 도면을 받으면 위치와 높이가 모두 바뀐다
여의도고등학교 ②(4층) 2층-1,여의도고등학교,30-1,교사동 창면,여의도고등학교 ②(4층),2,194121.43,547356.524,4.7,B 일반식(전부 추정),일반식(도면 없음),추정,도면 미수령. 층고 3.5m·창중심 바닥+1.2m·남향계열 외벽 전체를 5m 등간격 으로 분할 — 층고·창높이·수평배치가 **전부 가정값**이다. 도면을 받으면 위치와 높이가 모두 바뀐다
여의도고등학교 ②(4층) 3층-1,여의도고등학교,30-1,교사동 창면,여의도고등학교 ②(4층),3,194121.43,547356.524,8.2,B 일반식(전부 추정),일반식(도면 없음),추정,도면 미수령. 층고 3.5m·창중심 바닥+1.2m·남향계열 외벽 전체를 5m 등간격 으로 분할 — 층고·창높이·수평배치가 **전부 가정값**이다. 도면을 받으면 위치와 높이가 모두 바뀐다
여의도고등학교 ②(4층) 4층-1,여의도고등학교,30-1,교사동 창면,여의도고등학교 ②(4층),4,194121.43,547356.524,11.7,B 일반식(전부 추정),일반식(도면 없음),추정,도면 미수령. 층고 3.5m·창중심 바닥+1.2m·남향계열 외벽 전체를 5m 등간격 으로 분할 — 층고·창높이·수평배치가 **전부 가정값**이다. 도면을 받으면 위치와 높이가 모두 바뀐다
여의도고등학교 ②(4층) 1층-2,여의도고등학교,30-1,교사동 창면,여의도고등학교 ②(4층),1,194124.473,547352.634,1.2,B 일반식(전부 추정),일반식(도면 없음),추정,도면 미수령. 층고 3.5m·창중심 바닥+1.2m·남향계열 외벽 전체를 5m 등간격 으로 분할 — 층고·창높이·수평배치가 **전부 가정값**이다. 도면을 받으면 위치와 높이가 모두 바뀐다
여의도고등학교 ②(4층) 2층-2,여의도고등학교,30-1,교사동 창면,여의도고등학교 ②(4층),2,194124.473,547352.634,4.7,B 일반식(전부 추정),일반식(도면 없음),추정,도면 미수령. 층고 3.5m·창중심 바닥+1.2m·남향계열 외벽 전체를 5m 등간격 으로 분할 — 층고·창높이·수평배치가 **전부 가정값**이다. 도면을 받으면 위치와 높이가 모두 바뀐다
여의도고등학교 ②(4층) 3층-2,여의도고등학교,30-1,교사동 창면,여의도고등학교 ②(4층),3,194124.473,547352.634,8.2,B 일반식(전부 추정),일반식(도면 없음),추정,도면 미수령. 층고 3.5m·창중심 바닥+1.2m·남향계열 외벽 전체를 5m 등간격 으로 분할 — 층고·창높이·수평배치가 **전부 가정값**이다. 도면을 받으면 위치와 높이가 모두 바뀐다
여의도고등학교 ②(4층) 4층-2,여의도고등학교,30-1,교사동 창면,여의도고등학교 ②(4층),4,194124.473,547352.634,11.7,B 일반식(전부 추정),일반식(도면 없음),추정,도면 미수령. 층고 3.5m·창중심 바닥+1.2m·남향계열 외벽 전체를 5m 등간격 으로 분할 — 층고·창높이·수평배치가 **전부 가정값**이다. 도면을 받으면 위치와 높이가 모두 바뀐다
여의도고등학교 ②(4층) 1층-3,여의도고등학교,30-1,교사동 창면,여의도고등학교 ②(4층),1,194127.517,547348.743,1.2,B 일반식(전부 추정),일반식(도면 없음),추정,도면 미수령. 층고 3.5m·창중심 바닥+1.2m·남향계열 외벽 전체를 5m 등간격 으로 분할 — 층고·창높이·수평배치가 **전부 가정값**이다. 도면을 받으면 위치와 높이가 모두 바뀐다
여의도고등학교 ②(4층) 2층-3,여의도고등학교,30-1,교사동 창면,여의도고등학교 ②(4층),2,194127.517,547348.743,4.7,B 일반식(전부 추정),일반식(도면 없음),추정,도면 미수령. 층고 3.5m·창중심 바닥+1.2m·남향계열 외벽 전체를 5m 등간격 으로 분할 — 층고·창높이·수평배치가 **전부 가정값**이다. 도면을 받으면 위치와 높이가 모두 바뀐다
여의도고등학교 ②(4층) 3층-3,여의도고등학교,30-1,교사동 창면,여의도고등학교 ②(4층),3,194127.517,547348.743,8.2,B 일반식(전부 추정),일반식(도면 없음),추정,도면 미수령. 층고 3.5m·창중심 바닥+1.2m·남향계열 외벽 전체를 5m 등간격 으로 분할 — 층고·창높이·수평배치가 **전부 가정값**이다. 도면을 받으면 위치와 높이가 모두 바뀐다
여의도고등학교 ②(4층) 4층-3,여의도고등학교,30-1,교사동 창면,여의도고등학교 ②(4층),4,194127.517,547348.743,11.7,B 일반식(전부 추정),일반식(도면 없음),추정,도면 미수령. 층고 3.5m·창중심 바닥+1.2m·남향계열 외벽 전체를 5m 등간격 으로 분할 — 층고·창높이·수평배치가 **전부 가정값**이다. 도면을 받으면 위치와 높이가 모두 바뀐다
여의도고등학교 ②(4층) 1층-4,여의도고등학교,30-1,교사동 창면,여의도고등학교 ②(4층),1,194130.56,547344.853,1.2,B 일반식(전부 추정),일반식(도면 없음),추정,도면 미수령. 층고 3.5m·창중심 바닥+1.2m·남향계열 외벽 전체를 5m 등간격 으로 분할 — 층고·창높이·수평배치가 **전부 가정값**이다. 도면을 받으면 위치와 높이가 모두 바뀐다
여의도고등학교 ②(4층) 2층-4,여의도고등학교,30-1,교사동 창면,여의도고등학교 ②(4층),2,194130.56,547344.853,4.7,B 일반식(전부 추정),일반식(도면 없음),추정,도면 미수령. 층고 3.5m·창중심 바닥+1.2m·남향계열 외벽 전체를 5m 등간격 으로 분할 — 층고·창높이·수평배치가 **전부 가정값**이다. 도면을 받으면 위치와 높이가 모두 바뀐다
여의도고등학교 ②(4층) 3층-4,여의도고등학교,30-1,교사동 창면,여의도고등학교 ②(4층),3,194130.56,547344.853,8.2,B 일반식(전부 추정),일반식(도면 없음),추정,도면 미수령. 층고 3.5m·창중심 바닥+1.2m·남향계열 외벽 전체를 5m 등간격 으로 분할 — 층고·창높이·수평배치가 **전부 가정값**이다. 도면을 받으면 위치와 높이가 모두 바뀐다
여의도고등학교 ②(4층) 4층-4,여의도고등학교,30-1,교사동 창면,여의도고등학교 ②(4층),4,194130.56,547344.853,11.7,B 일반식(전부 추정),일반식(도면 없음),추정,도면 미수령. 층고 3.5m·창중심 바닥+1.2m·남향계열 외벽 전체를 5m 등간격 으로 분할 — 층고·창높이·수평배치가 **전부 가정값**이다. 도면을 받으면 위치와 높이가 모두 바뀐다
여의도고등학교 ②(4층) 1층-5,여의도고등학교,30-1,교사동 창면,여의도고등학교 ②(4층),1,194133.604,547340.962,1.2,B 일반식(전부 추정),일반식(도면 없음),추정,도면 미수령. 층고 3.5m·창중심 바닥+1.2m·남향계열 외벽 전체를 5m 등간격 으로 분할 — 층고·창높이·수평배치가 **전부 가정값**이다. 도면을 받으면 위치와 높이가 모두 바뀐다
여의도고등학교 ②(4층) 2층-5,여의도고등학교,30-1,교사동 창면,여의도고등학교 ②(4층),2,194133.604,547340.962,4.7,B 일반식(전부 추정),일반식(도면 없음),추정,도면 미수령. 층고 3.5m·창중심 바닥+1.2m·남향계열 외벽 전체를 5m 등간격 으로 분할 — 층고·창높이·수평배치가 **전부 가정값**이다. 도면을 받으면 위치와 높이가 모두 바뀐다
여의도고등학교 ②(4층) 3층-5,여의도고등학교,30-1,교사동 창면,여의도고등학교 ②(4층),3,194133.604,547340.962,8.2,B 일반식(전부 추정),일반식(도면 없음),추정,도면 미수령. 층고 3.5m·창중심 바닥+1.2m·남향계열 외벽 전체를 5m 등간격 으로 분할 — 층고·창높이·수평배치가 **전부 가정값**이다. 도면을 받으면 위치와 높이가 모두 바뀐다
여의도고등학교 ②(4층) 4층-5,여의도고등학교,30-1,교사동 창면,여의도고등학교 ②(4층),4,194133.604,547340.962,11.7,B 일반식(전부 추정),일반식(도면 없음),추정,도면 미수령. 층고 3.5m·창중심 바닥+1.2m·남향계열 외벽 전체를 5m 등간격 으로 분할 — 층고·창높이·수평배치가 **전부 가정값**이다. 도면을 받으면 위치와 높이가 모두 바뀐다
여의도고등학교 ②(4층) 1층-6,여의도고등학교,30-1,교사동 창면,여의도고등학교 ②(4층),1,194136.648,547337.072,1.2,B 일반식(전부 추정),일반식(도면 없음),추정,도면 미수령. 층고 3.5m·창중심 바닥+1.2m·남향계열 외벽 전체를 5m 등간격 으로 분할 — 층고·창높이·수평배치가 **전부 가정값**이다. 도면을 받으면 위치와 높이가 모두 바뀐다
여의도고등학교 ②(4층) 2층-6,여의도고등학교,30-1,교사동 창면,여의도고등학교 ②(4층),2,194136.648,547337.072,4.7,B 일반식(전부 추정),일반식(도면 없음),추정,도면 미수령. 층고 3.5m·창중심 바닥+1.2m·남향계열 외벽 전체를 5m 등간격 으로 분할 — 층고·창높이·수평배치가 **전부 가정값**이다. 도면을 받으면 위치와 높이가 모두 바뀐다
여의도고등학교 ②(4층) 3층-6,여의도고등학교,30-1,교사동 창면,여의도고등학교 ②(4층),3,194136.648,547337.072,8.2,B 일반식(전부 추정),일반식(도면 없음),추정,도면 미수령. 층고 3.5m·창중심 바닥+1.2m·남향계열 외벽 전체를 5m 등간격 으로 분할 — 층고·창높이·수평배치가 **전부 가정값**이다. 도면을 받으면 위치와 높이가 모두 바뀐다
여의도고등학교 ②(4층) 4층-6,여의도고등학교,30-1,교사동 창면,여의도고등학교 ②(4층),4,194136.648,547337.072,11.7,B 일반식(전부 추정),일반식(도면 없음),추정,도면 미수령. 층고 3.5m·창중심 바닥+1.2m·남향계열 외벽 전체를 5m 등간격 으로 분할 — 층고·창높이·수평배치가 **전부 가정값**이다. 도면을 받으면 위치와 높이가 모두 바뀐다
여의도고등학교 ②(4층) 1층-7,여의도고등학교,30-1,교사동 창면,여의도고등학교 ②(4층),1,194139.691,547333.181,1.2,B 일반식(전부 추정),일반식(도면 없음),추정,도면 미수령. 층고 3.5m·창중심 바닥+1.2m·남향계열 외벽 전체를 5m 등간격 으로 분할 — 층고·창높이·수평배치가 **전부 가정값**이다. 도면을 받으면 위치와 높이가 모두 바뀐다
여의도고등학교 ②(4층) 2층-7,여의도고등학교,30-1,교사동 창면,여의도고등학교 ②(4층),2,194139.691,547333.181,4.7,B 일반식(전부 추정),일반식(도면 없음),추정,도면 미수령. 층고 3.5m·창중심 바닥+1.2m·남향계열 외벽 전체를 5m 등간격 으로 분할 — 층고·창높이·수평배치가 **전부 가정값**이다. 도면을 받으면 위치와 높이가 모두 바뀐다
여의도고등학교 ②(4층) 3층-7,여의도고등학교,30-1,교사동 창면,여의도고등학교 ②(4층),3,194139.691,547333.181,8.2,B 일반식(전부 추정),일반식(도면 없음),추정,도면 미수령. 층고 3.5m·창중심 바닥+1.2m·남향계열 외벽 전체를 5m 등간격 으로 분할 — 층고·창높이·수평배치가 **전부 가정값**이다. 도면을 받으면 위치와 높이가 모두 바뀐다
여의도고등학교 ②(4층) 4층-7,여의도고등학교,30-1,교사동 창면,여의도고등학교 ②(4층),4,194139.691,547333.181,11.7,B 일반식(전부 추정),일반식(도면 없음),추정,도면 미수령. 층고 3.5m·창중심 바닥+1.2m·남향계열 외벽 전체를 5m 등간격 으로 분할 — 층고·창높이·수평배치가 **전부 가정값**이다. 도면을 받으면 위치와 높이가 모두 바뀐다
여의도고등학교 ②(4층) 1층-8,여의도고등학교,30-1,교사동 창면,여의도고등학교 ②(4층),1,194142.735,547329.291,1.2,B 일반식(전부 추정),일반식(도면 없음),추정,도면 미수령. 층고 3.5m·창중심 바닥+1.2m·남향계열 외벽 전체를 5m 등간격 으로 분할 — 층고·창높이·수평배치가 **전부 가정값**이다. 도면을 받으면 위치와 높이가 모두 바뀐다
여의도고등학교 ②(4층) 2층-8,여의도고등학교,30-1,교사동 창면,여의도고등학교 ②(4층),2,194142.735,547329.291,4.7,B 일반식(전부 추정),일반식(도면 없음),추정,도면 미수령. 층고 3.5m·창중심 바닥+1.2m·남향계열 외벽 전체를 5m 등간격 으로 분할 — 층고·창높이·수평배치가 **전부 가정값**이다. 도면을 받으면 위치와 높이가 모두 바뀐다
여의도고등학교 ②(4층) 3층-8,여의도고등학교,30-1,교사동 창면,여의도고등학교 ②(4층),3,194142.735,547329.291,8.2,B 일반식(전부 추정),일반식(도면 없음),추정,도면 미수령. 층고 3.5m·창중심 바닥+1.2m·남향계열 외벽 전체를 5m 등간격 으로 분할 — 층고·창높이·수평배치가 **전부 가정값**이다. 도면을 받으면 위치와 높이가 모두 바뀐다
여의도고등학교 ②(4층) 4층-8,여의도고등학교,30-1,교사동 창면,여의도고등학교 ②(4층),4,194142.735,547329.291,11.7,B 일반식(전부 추정),일반식(도면 없음),추정,도면 미수령. 층고 3.5m·창중심 바닥+1.2m·남향계열 외벽 전체를 5m 등간격 으로 분할 — 층고·창높이·수평배치가 **전부 가정값**이다. 도면을 받으면 위치와 높이가 모두 바뀐다
여의도고등학교 ②(4층) 1층-9,여의도고등학교,30-1,교사동 창면,여의도고등학교 ②(4층),1,194145.778,547325.4,1.2,B 일반식(전부 추정),일반식(도면 없음),추정,도면 미수령. 층고 3.5m·창중심 바닥+1.2m·남향계열 외벽 전체를 5m 등간격 으로 분할 — 층고·창높이·수평배치가 **전부 가정값**이다. 도면을 받으면 위치와 높이가 모두 바뀐다
여의도고등학교 ②(4층) 2층-9,여의도고등학교,30-1,교사동 창면,여의도고등학교 ②(4층),2,194145.778,547325.4,4.7,B 일반식(전부 추정),일반식(도면 없음),추정,도면 미수령. 층고 3.5m·창중심 바닥+1.2m·남향계열 외벽 전체를 5m 등간격 으로 분할 — 층고·창높이·수평배치가 **전부 가정값**이다. 도면을 받으면 위치와 높이가 모두 바뀐다
여의도고등학교 ②(4층) 3층-9,여의도고등학교,30-1,교사동 창면,여의도고등학교 ②(4층),3,194145.778,547325.4,8.2,B 일반식(전부 추정),일반식(도면 없음),추정,도면 미수령. 층고 3.5m·창중심 바닥+1.2m·남향계열 외벽 전체를 5m 등간격 으로 분할 — 층고·창높이·수평배치가 **전부 가정값**이다. 도면을 받으면 위치와 높이가 모두 바뀐다
여의도고등학교 ②(4층) 4층-9,여의도고등학교,30-1,교사동 창면,여의도고등학교 ②(4층),4,194145.778,547325.4,11.7,B 일반식(전부 추정),일반식(도면 없음),추정,도면 미수령. 층고 3.5m·창중심 바닥+1.2m·남향계열 외벽 전체를 5m 등간격 으로 분할 — 층고·창높이·수평배치가 **전부 가정값**이다. 도면을 받으면 위치와 높이가 모두 바뀐다
여의도고등학교 ②(4층) 1층-10,여의도고등학교,30-1,교사동 창면,여의도고등학교 ②(4층),1,194148.822,547321.51,1.2,B 일반식(전부 추정),일반식(도면 없음),추정,도면 미수령. 층고 3.5m·창중심 바닥+1.2m·남향계열 외벽 전체를 5m 등간격 으로 분할 — 층고·창높이·수평배치가 **전부 가정값**이다. 도면을 받으면 위치와 높이가 모두 바뀐다
여의도고등학교 ②(4층) 2층-10,여의도고등학교,30-1,교사동 창면,여의도고등학교 ②(4층),2,194148.822,547321.51,4.7,B 일반식(전부 추정),일반식(도면 없음),추정,도면 미수령. 층고 3.5m·창중심 바닥+1.2m·남향계열 외벽 전체를 5m 등간격 으로 분할 — 층고·창높이·수평배치가 **전부 가정값**이다. 도면을 받으면 위치와 높이가 모두 바뀐다
여의도고등학교 ②(4층) 3층-10,여의도고등학교,30-1,교사동 창면,여의도고등학교 ②(4층),3,194148.822,547321.51,8.2,B 일반식(전부 추정),일반식(도면 없음),추정,도면 미수령. 층고 3.5m·창중심 바닥+1.2m·남향계열 외벽 전체를 5m 등간격 으로 분할 — 층고·창높이·수평배치가 **전부 가정값**이다. 도면을 받으면 위치와 높이가 모두 바뀐다
여의도고등학교 ②(4층) 4층-10,여의도고등학교,30-1,교사동 창면,여의도고등학교 ②(4층),4,194148.822,547321.51,11.7,B 일반식(전부 추정),일반식(도면 없음),추정,도면 미수령. 층고 3.5m·창중심 바닥+1.2m·남향계열 외벽 전체를 5m 등간격 으로 분할 — 층고·창높이·수평배치가 **전부 가정값**이다. 도면을 받으면 위치와 높이가 모두 바뀐다
여의도고등학교 ②(4층) 1층-11,여의도고등학교,30-1,교사동 창면,여의도고등학교 ②(4층),1,194151.865,547317.62,1.2,B 일반식(전부 추정),일반식(도면 없음),추정,도면 미수령. 층고 3.5m·창중심 바닥+1.2m·남향계열 외벽 전체를 5m 등간격 으로 분할 — 층고·창높이·수평배치가 **전부 가정값**이다. 도면을 받으면 위치와 높이가 모두 바뀐다
여의도고등학교 ②(4층) 2층-11,여의도고등학교,30-1,교사동 창면,여의도고등학교 ②(4층),2,194151.865,547317.62,4.7,B 일반식(전부 추정),일반식(도면 없음),추정,도면 미수령. 층고 3.5m·창중심 바닥+1.2m·남향계열 외벽 전체를 5m 등간격 으로 분할 — 층고·창높이·수평배치가 **전부 가정값**이다. 도면을 받으면 위치와 높이가 모두 바뀐다
여의도고등학교 ②(4층) 3층-11,여의도고등학교,30-1,교사동 창면,여의도고등학교 ②(4층),3,194151.865,547317.62,8.2,B 일반식(전부 추정),일반식(도면 없음),추정,도면 미수령. 층고 3.5m·창중심 바닥+1.2m·남향계열 외벽 전체를 5m 등간격 으로 분할 — 층고·창높이·수평배치가 **전부 가정값**이다. 도면을 받으면 위치와 높이가 모두 바뀐다
여의도고등학교 ②(4층) 4층-11,여의도고등학교,30-1,교사동 창면,여의도고등학교 ②(4층),4,194151.865,547317.62,11.7,B 일반식(전부 추정),일반식(도면 없음),추정,도면 미수령. 층고 3.5m·창중심 바닥+1.2m·남향계열 외벽 전체를 5m 등간격 으로 분할 — 층고·창높이·수평배치가 **전부 가정값**이다. 도면을 받으면 위치와 높이가 모두 바뀐다
여의도고등학교 ②(4층) 1층-12,여의도고등학교,30-1,교사동 창면,여의도고등학교 ②(4층),1,194154.909,547313.729,1.2,B 일반식(전부 추정),일반식(도면 없음),추정,도면 미수령. 층고 3.5m·창중심 바닥+1.2m·남향계열 외벽 전체를 5m 등간격 으로 분할 — 층고·창높이·수평배치가 **전부 가정값**이다. 도면을 받으면 위치와 높이가 모두 바뀐다
여의도고등학교 ②(4층) 2층-12,여의도고등학교,30-1,교사동 창면,여의도고등학교 ②(4층),2,194154.909,547313.729,4.7,B 일반식(전부 추정),일반식(도면 없음),추정,도면 미수령. 층고 3.5m·창중심 바닥+1.2m·남향계열 외벽 전체를 5m 등간격 으로 분할 — 층고·창높이·수평배치가 **전부 가정값**이다. 도면을 받으면 위치와 높이가 모두 바뀐다
여의도고등학교 ②(4층) 3층-12,여의도고등학교,30-1,교사동 창면,여의도고등학교 ②(4층),3,194154.909,547313.729,8.2,B 일반식(전부 추정),일반식(도면 없음),추정,도면 미수령. 층고 3.5m·창중심 바닥+1.2m·남향계열 외벽 전체를 5m 등간격 으로 분할 — 층고·창높이·수평배치가 **전부 가정값**이다. 도면을 받으면 위치와 높이가 모두 바뀐다
여의도고등학교 ②(4층) 4층-12,여의도고등학교,30-1,교사동 창면,여의도고등학교 ②(4층),4,194154.909,547313.729,11.7,B 일반식(전부 추정),일반식(도면 없음),추정,도면 미수령. 층고 3.5m·창중심 바닥+1.2m·남향계열 외벽 전체를 5m 등간격 으로 분할 — 층고·창높이·수평배치가 **전부 가정값**이다. 도면을 받으면 위치와 높이가 모두 바뀐다
여의도고등학교 ②(4층) 1층-13,여의도고등학교,30-1,교사동 창면,여의도고등학교 ②(4층),1,194157.952,547309.839,1.2,B 일반식(전부 추정),일반식(도면 없음),추정,도면 미수령. 층고 3.5m·창중심 바닥+1.2m·남향계열 외벽 전체를 5m 등간격 으로 분할 — 층고·창높이·수평배치가 **전부 가정값**이다. 도면을 받으면 위치와 높이가 모두 바뀐다
여의도고등학교 ②(4층) 2층-13,여의도고등학교,30-1,교사동 창면,여의도고등학교 ②(4층),2,194157.952,547309.839,4.7,B 일반식(전부 추정),일반식(도면 없음),추정,도면 미수령. 층고 3.5m·창중심 바닥+1.2m·남향계열 외벽 전체를 5m 등간격 으로 분할 — 층고·창높이·수평배치가 **전부 가정값**이다. 도면을 받으면 위치와 높이가 모두 바뀐다
여의도고등학교 ②(4층) 3층-13,여의도고등학교,30-1,교사동 창면,여의도고등학교 ②(4층),3,194157.952,547309.839,8.2,B 일반식(전부 추정),일반식(도면 없음),추정,도면 미수령. 층고 3.5m·창중심 바닥+1.2m·남향계열 외벽 전체를 5m 등간격 으로 분할 — 층고·창높이·수평배치가 **전부 가정값**이다. 도면을 받으면 위치와 높이가 모두 바뀐다
여의도고등학교 ②(4층) 4층-13,여의도고등학교,30-1,교사동 창면,여의도고등학교 ②(4층),4,194157.952,547309.839,11.7,B 일반식(전부 추정),일반식(도면 없음),추정,도면 미수령. 층고 3.5m·창중심 바닥+1.2m·남향계열 외벽 전체를 5m 등간격 으로 분할 — 층고·창높이·수평배치가 **전부 가정값**이다. 도면을 받으면 위치와 높이가 모두 바뀐다
여의도고등학교 ②(4층) 1층-16,여의도고등학교,30-1,교사동 창면,여의도고등학교 ②(4층),1,194167.083,547298.167,1.2,B 일반식(전부 추정),일반식(도면 없음),추정,도면 미수령. 층고 3.5m·창중심 바닥+1.2m·남향계열 외벽 전체를 5m 등간격 으로 분할 — 층고·창높이·수평배치가 **전부 가정값**이다. 도면을 받으면 위치와 높이가 모두 바뀐다
여의도고등학교 ②(4층) 2층-16,여의도고등학교,30-1,교사동 창면,여의도고등학교 ②(4층),2,194167.083,547298.167,4.7,B 일반식(전부 추정),일반식(도면 없음),추정,도면 미수령. 층고 3.5m·창중심 바닥+1.2m·남향계열 외벽 전체를 5m 등간격 으로 분할 — 층고·창높이·수평배치가 **전부 가정값**이다. 도면을 받으면 위치와 높이가 모두 바뀐다
여의도고등학교 ②(4층) 3층-16,여의도고등학교,30-1,교사동 창면,여의도고등학교 ②(4층),3,194167.083,547298.167,8.2,B 일반식(전부 추정),일반식(도면 없음),추정,도면 미수령. 층고 3.5m·창중심 바닥+1.2m·남향계열 외벽 전체를 5m 등간격 으로 분할 — 층고·창높이·수평배치가 **전부 가정값**이다. 도면을 받으면 위치와 높이가 모두 바뀐다
여의도고등학교 ②(4층) 4층-16,여의도고등학교,30-1,교사동 창면,여의도고등학교 ②(4층),4,194167.083,547298.167,11.7,B 일반식(전부 추정),일반식(도면 없음),추정,도면 미수령. 층고 3.5m·창중심 바닥+1.2m·남향계열 외벽 전체를 5m 등간격 으로 분할 — 층고·창높이·수평배치가 **전부 가정값**이다. 도면을 받으면 위치와 높이가 모두 바뀐다
여의도고등학교 ②(4층) 1층-17,여의도고등학교,30-1,교사동 창면,여의도고등학교 ②(4층),1,194170.126,547294.277,1.2,B 일반식(전부 추정),일반식(도면 없음),추정,도면 미수령. 층고 3.5m·창중심 바닥+1.2m·남향계열 외벽 전체를 5m 등간격 으로 분할 — 층고·창높이·수평배치가 **전부 가정값**이다. 도면을 받으면 위치와 높이가 모두 바뀐다
여의도고등학교 ②(4층) 2층-17,여의도고등학교,30-1,교사동 창면,여의도고등학교 ②(4층),2,194170.126,547294.277,4.7,B 일반식(전부 추정),일반식(도면 없음),추정,도면 미수령. 층고 3.5m·창중심 바닥+1.2m·남향계열 외벽 전체를 5m 등간격 으로 분할 — 층고·창높이·수평배치가 **전부 가정값**이다. 도면을 받으면 위치와 높이가 모두 바뀐다
여의도고등학교 ②(4층) 3층-17,여의도고등학교,30-1,교사동 창면,여의도고등학교 ②(4층),3,194170.126,547294.277,8.2,B 일반식(전부 추정),일반식(도면 없음),추정,도면 미수령. 층고 3.5m·창중심 바닥+1.2m·남향계열 외벽 전체를 5m 등간격 으로 분할 — 층고·창높이·수평배치가 **전부 가정값**이다. 도면을 받으면 위치와 높이가 모두 바뀐다
여의도고등학교 ②(4층) 4층-17,여의도고등학교,30-1,교사동 창면,여의도고등학교 ②(4층),4,194170.126,547294.277,11.7,B 일반식(전부 추정),일반식(도면 없음),추정,도면 미수령. 층고 3.5m·창중심 바닥+1.2m·남향계열 외벽 전체를 5m 등간격 으로 분할 — 층고·창높이·수평배치가 **전부 가정값**이다. 도면을 받으면 위치와 높이가 모두 바뀐다
여의도고등학교 ②(4층) 1층-18,여의도고등학교,30-1,교사동 창면,여의도고등학교 ②(4층),1,194173.17,547290.386,1.2,B 일반식(전부 추정),일반식(도면 없음),추정,도면 미수령. 층고 3.5m·창중심 바닥+1.2m·남향계열 외벽 전체를 5m 등간격 으로 분할 — 층고·창높이·수평배치가 **전부 가정값**이다. 도면을 받으면 위치와 높이가 모두 바뀐다
여의도고등학교 ②(4층) 2층-18,여의도고등학교,30-1,교사동 창면,여의도고등학교 ②(4층),2,194173.17,547290.386,4.7,B 일반식(전부 추정),일반식(도면 없음),추정,도면 미수령. 층고 3.5m·창중심 바닥+1.2m·남향계열 외벽 전체를 5m 등간격 으로 분할 — 층고·창높이·수평배치가 **전부 가정값**이다. 도면을 받으면 위치와 높이가 모두 바뀐다
여의도고등학교 ②(4층) 3층-18,여의도고등학교,30-1,교사동 창면,여의도고등학교 ②(4층),3,194173.17,547290.386,8.2,B 일반식(전부 추정),일반식(도면 없음),추정,도면 미수령. 층고 3.5m·창중심 바닥+1.2m·남향계열 외벽 전체를 5m 등간격 으로 분할 — 층고·창높이·수평배치가 **전부 가정값**이다. 도면을 받으면 위치와 높이가 모두 바뀐다
여의도고등학교 ②(4층) 4층-18,여의도고등학교,30-1,교사동 창면,여의도고등학교 ②(4층),4,194173.17,547290.386,11.7,B 일반식(전부 추정),일반식(도면 없음),추정,도면 미수령. 층고 3.5m·창중심 바닥+1.2m·남향계열 외벽 전체를 5m 등간격 으로 분할 — 층고·창높이·수평배치가 **전부 가정값**이다. 도면을 받으면 위치와 높이가 모두 바뀐다
여의도고등학교 ②(4층) 1층-19,여의도고등학교,30-1,교사동 창면,여의도고등학교 ②(4층),1,194176.214,547286.496,1.2,B 일반식(전부 추정),일반식(도면 없음),추정,도면 미수령. 층고 3.5m·창중심 바닥+1.2m·남향계열 외벽 전체를 5m 등간격 으로 분할 — 층고·창높이·수평배치가 **전부 가정값**이다. 도면을 받으면 위치와 높이가 모두 바뀐다
여의도고등학교 ②(4층) 2층-19,여의도고등학교,30-1,교사동 창면,여의도고등학교 ②(4층),2,194176.214,547286.496,4.7,B 일반식(전부 추정),일반식(도면 없음),추정,도면 미수령. 층고 3.5m·창중심 바닥+1.2m·남향계열 외벽 전체를 5m 등간격 으로 분할 — 층고·창높이·수평배치가 **전부 가정값**이다. 도면을 받으면 위치와 높이가 모두 바뀐다
여의도고등학교 ②(4층) 3층-19,여의도고등학교,30-1,교사동 창면,여의도고등학교 ②(4층),3,194176.214,547286.496,8.2,B 일반식(전부 추정),일반식(도면 없음),추정,도면 미수령. 층고 3.5m·창중심 바닥+1.2m·남향계열 외벽 전체를 5m 등간격 으로 분할 — 층고·창높이·수평배치가 **전부 가정값**이다. 도면을 받으면 위치와 높이가 모두 바뀐다
여의도고등학교 ②(4층) 4층-19,여의도고등학교,30-1,교사동 창면,여의도고등학교 ②(4층),4,194176.214,547286.496,11.7,B 일반식(전부 추정),일반식(도면 없음),추정,도면 미수령. 층고 3.5m·창중심 바닥+1.2m·남향계열 외벽 전체를 5m 등간격 으로 분할 — 층고·창높이·수평배치가 **전부 가정값**이다. 도면을 받으면 위치와 높이가 모두 바뀐다
여의도고등학교 ②(4층) 1층-20,여의도고등학교,30-1,교사동 창면,여의도고등학교 ②(4층),1,194179.257,547282.605,1.2,B 일반식(전부 추정),일반식(도면 없음),추정,도면 미수령. 층고 3.5m·창중심 바닥+1.2m·남향계열 외벽 전체를 5m 등간격 으로 분할 — 층고·창높이·수평배치가 **전부 가정값**이다. 도면을 받으면 위치와 높이가 모두 바뀐다
여의도고등학교 ②(4층) 2층-20,여의도고등학교,30-1,교사동 창면,여의도고등학교 ②(4층),2,194179.257,547282.605,4.7,B 일반식(전부 추정),일반식(도면 없음),추정,도면 미수령. 층고 3.5m·창중심 바닥+1.2m·남향계열 외벽 전체를 5m 등간격 으로 분할 — 층고·창높이·수평배치가 **전부 가정값**이다. 도면을 받으면 위치와 높이가 모두 바뀐다
여의도고등학교 ②(4층) 3층-20,여의도고등학교,30-1,교사동 창면,여의도고등학교 ②(4층),3,194179.257,547282.605,8.2,B 일반식(전부 추정),일반식(도면 없음),추정,도면 미수령. 층고 3.5m·창중심 바닥+1.2m·남향계열 외벽 전체를 5m 등간격 으로 분할 — 층고·창높이·수평배치가 **전부 가정값**이다. 도면을 받으면 위치와 높이가 모두 바뀐다
여의도고등학교 ②(4층) 4층-20,여의도고등학교,30-1,교사동 창면,여의도고등학교 ②(4층),4,194179.257,547282.605,11.7,B 일반식(전부 추정),일반식(도면 없음),추정,도면 미수령. 층고 3.5m·창중심 바닥+1.2m·남향계열 외벽 전체를 5m 등간격 으로 분할 — 층고·창높이·수평배치가 **전부 가정값**이다. 도면을 받으면 위치와 높이가 모두 바뀐다
여의도고등학교 ②(4층) 1층-21,여의도고등학교,30-1,교사동 창면,여의도고등학교 ②(4층),1,194182.248,547278.782,1.2,B 일반식(전부 추정),일반식(도면 없음),추정,도면 미수령. 층고 3.5m·창중심 바닥+1.2m·남향계열 외벽 전체를 5m 등간격 으로 분할 — 층고·창높이·수평배치가 **전부 가정값**이다. 도면을 받으면 위치와 높이가 모두 바뀐다
여의도고등학교 ②(4층) 2층-21,여의도고등학교,30-1,교사동 창면,여의도고등학교 ②(4층),2,194182.248,547278.782,4.7,B 일반식(전부 추정),일반식(도면 없음),추정,도면 미수령. 층고 3.5m·창중심 바닥+1.2m·남향계열 외벽 전체를 5m 등간격 으로 분할 — 층고·창높이·수평배치가 **전부 가정값**이다. 도면을 받으면 위치와 높이가 모두 바뀐다
여의도고등학교 ②(4층) 3층-21,여의도고등학교,30-1,교사동 창면,여의도고등학교 ②(4층),3,194182.248,547278.782,8.2,B 일반식(전부 추정),일반식(도면 없음),추정,도면 미수령. 층고 3.5m·창중심 바닥+1.2m·남향계열 외벽 전체를 5m 등간격 으로 분할 — 층고·창높이·수평배치가 **전부 가정값**이다. 도면을 받으면 위치와 높이가 모두 바뀐다
여의도고등학교 ②(4층) 4층-21,여의도고등학교,30-1,교사동 창면,여의도고등학교 ②(4층),4,194182.248,547278.782,11.7,B 일반식(전부 추정),일반식(도면 없음),추정,도면 미수령. 층고 3.5m·창중심 바닥+1.2m·남향계열 외벽 전체를 5m 등간격 으로 분할 — 층고·창높이·수평배치가 **전부 가정값**이다. 도면을 받으면 위치와 높이가 모두 바뀐다
여의도고등학교 ②(4층) 1층-22,여의도고등학교,30-1,교사동 창면,여의도고등학교 ②(4층),1,194185.187,547275.025,1.2,B 일반식(전부 추정),일반식(도면 없음),추정,도면 미수령. 층고 3.5m·창중심 바닥+1.2m·남향계열 외벽 전체를 5m 등간격 으로 분할 — 층고·창높이·수평배치가 **전부 가정값**이다. 도면을 받으면 위치와 높이가 모두 바뀐다
여의도고등학교 ②(4층) 2층-22,여의도고등학교,30-1,교사동 창면,여의도고등학교 ②(4층),2,194185.187,547275.025,4.7,B 일반식(전부 추정),일반식(도면 없음),추정,도면 미수령. 층고 3.5m·창중심 바닥+1.2m·남향계열 외벽 전체를 5m 등간격 으로 분할 — 층고·창높이·수평배치가 **전부 가정값**이다. 도면을 받으면 위치와 높이가 모두 바뀐다
여의도고등학교 ②(4층) 3층-22,여의도고등학교,30-1,교사동 창면,여의도고등학교 ②(4층),3,194185.187,547275.025,8.2,B 일반식(전부 추정),일반식(도면 없음),추정,도면 미수령. 층고 3.5m·창중심 바닥+1.2m·남향계열 외벽 전체를 5m 등간격 으로 분할 — 층고·창높이·수평배치가 **전부 가정값**이다. 도면을 받으면 위치와 높이가 모두 바뀐다
여의도고등학교 ②(4층) 4층-22,여의도고등학교,30-1,교사동 창면,여의도고등학교 ②(4층),4,194185.187,547275.025,11.7,B 일반식(전부 추정),일반식(도면 없음),추정,도면 미수령. 층고 3.5m·창중심 바닥+1.2m·남향계열 외벽 전체를 5m 등간격 으로 분할 — 층고·창높이·수평배치가 **전부 가정값**이다. 도면을 받으면 위치와 높이가 모두 바뀐다
여의도고등학교 ②(4층) 1층-23,여의도고등학교,30-1,교사동 창면,여의도고등학교 ②(4층),1,194188.126,547271.269,1.2,B 일반식(전부 추정),일반식(도면 없음),추정,도면 미수령. 층고 3.5m·창중심 바닥+1.2m·남향계열 외벽 전체를 5m 등간격 으로 분할 — 층고·창높이·수평배치가 **전부 가정값**이다. 도면을 받으면 위치와 높이가 모두 바뀐다
여의도고등학교 ②(4층) 2층-23,여의도고등학교,30-1,교사동 창면,여의도고등학교 ②(4층),2,194188.126,547271.269,4.7,B 일반식(전부 추정),일반식(도면 없음),추정,도면 미수령. 층고 3.5m·창중심 바닥+1.2m·남향계열 외벽 전체를 5m 등간격 으로 분할 — 층고·창높이·수평배치가 **전부 가정값**이다. 도면을 받으면 위치와 높이가 모두 바뀐다
여의도고등학교 ②(4층) 3층-23,여의도고등학교,30-1,교사동 창면,여의도고등학교 ②(4층),3,194188.126,547271.269,8.2,B 일반식(전부 추정),일반식(도면 없음),추정,도면 미수령. 층고 3.5m·창중심 바닥+1.2m·남향계열 외벽 전체를 5m 등간격 으로 분할 — 층고·창높이·수평배치가 **전부 가정값**이다. 도면을 받으면 위치와 높이가 모두 바뀐다
여의도고등학교 ②(4층) 4층-23,여의도고등학교,30-1,교사동 창면,여의도고등학교 ②(4층),4,194188.126,547271.269,11.7,B 일반식(전부 추정),일반식(도면 없음),추정,도면 미수령. 층고 3.5m·창중심 바닥+1.2m·남향계열 외벽 전체를 5m 등간격 으로 분할 — 층고·창높이·수평배치가 **전부 가정값**이다. 도면을 받으면 위치와 높이가 모두 바뀐다
여의도고등학교 ②(4층) 1층-24,여의도고등학교,30-1,교사동 창면,여의도고등학교 ②(4층),1,194191.064,547267.513,1.2,B 일반식(전부 추정),일반식(도면 없음),추정,도면 미수령. 층고 3.5m·창중심 바닥+1.2m·남향계열 외벽 전체를 5m 등간격 으로 분할 — 층고·창높이·수평배치가 **전부 가정값**이다. 도면을 받으면 위치와 높이가 모두 바뀐다
여의도고등학교 ②(4층) 2층-24,여의도고등학교,30-1,교사동 창면,여의도고등학교 ②(4층),2,194191.064,547267.513,4.7,B 일반식(전부 추정),일반식(도면 없음),추정,도면 미수령. 층고 3.5m·창중심 바닥+1.2m·남향계열 외벽 전체를 5m 등간격 으로 분할 — 층고·창높이·수평배치가 **전부 가정값**이다. 도면을 받으면 위치와 높이가 모두 바뀐다
여의도고등학교 ②(4층) 3층-24,여의도고등학교,30-1,교사동 창면,여의도고등학교 ②(4층),3,194191.064,547267.513,8.2,B 일반식(전부 추정),일반식(도면 없음),추정,도면 미수령. 층고 3.5m·창중심 바닥+1.2m·남향계열 외벽 전체를 5m 등간격 으로 분할 — 층고·창높이·수평배치가 **전부 가정값**이다. 도면을 받으면 위치와 높이가 모두 바뀐다
여의도고등학교 ②(4층) 4층-24,여의도고등학교,30-1,교사동 창면,여의도고등학교 ②(4층),4,194191.064,547267.513,11.7,B 일반식(전부 추정),일반식(도면 없음),추정,도면 미수령. 층고 3.5m·창중심 바닥+1.2m·남향계열 외벽 전체를 5m 등간격 으로 분할 — 층고·창높이·수평배치가 **전부 가정값**이다. 도면을 받으면 위치와 높이가 모두 바뀐다
여의도고등학교 ②(4층) 1층-25,여의도고등학교,30-1,교사동 창면,여의도고등학교 ②(4층),1,194194.003,547263.756,1.2,B 일반식(전부 추정),일반식(도면 없음),추정,도면 미수령. 층고 3.5m·창중심 바닥+1.2m·남향계열 외벽 전체를 5m 등간격 으로 분할 — 층고·창높이·수평배치가 **전부 가정값**이다. 도면을 받으면 위치와 높이가 모두 바뀐다
여의도고등학교 ②(4층) 2층-25,여의도고등학교,30-1,교사동 창면,여의도고등학교 ②(4층),2,194194.003,547263.756,4.7,B 일반식(전부 추정),일반식(도면 없음),추정,도면 미수령. 층고 3.5m·창중심 바닥+1.2m·남향계열 외벽 전체를 5m 등간격 으로 분할 — 층고·창높이·수평배치가 **전부 가정값**이다. 도면을 받으면 위치와 높이가 모두 바뀐다
여의도고등학교 ②(4층) 3층-25,여의도고등학교,30-1,교사동 창면,여의도고등학교 ②(4층),3,194194.003,547263.756,8.2,B 일반식(전부 추정),일반식(도면 없음),추정,도면 미수령. 층고 3.5m·창중심 바닥+1.2m·남향계열 외벽 전체를 5m 등간격 으로 분할 — 층고·창높이·수평배치가 **전부 가정값**이다. 도면을 받으면 위치와 높이가 모두 바뀐다
여의도고등학교 ②(4층) 4층-25,여의도고등학교,30-1,교사동 창면,여의도고등학교 ②(4층),4,194194.003,547263.756,11.7,B 일반식(전부 추정),일반식(도면 없음),추정,도면 미수령. 층고 3.5m·창중심 바닥+1.2m·남향계열 외벽 전체를 5m 등간격 으로 분할 — 층고·창높이·수평배치가 **전부 가정값**이다. 도면을 받으면 위치와 높이가 모두 바뀐다
여의도고등학교 ②(4층) 1층-26,여의도고등학교,30-1,교사동 창면,여의도고등학교 ②(4층),1,194196.942,547260.0,1.2,B 일반식(전부 추정),일반식(도면 없음),추정,도면 미수령. 층고 3.5m·창중심 바닥+1.2m·남향계열 외벽 전체를 5m 등간격 으로 분할 — 층고·창높이·수평배치가 **전부 가정값**이다. 도면을 받으면 위치와 높이가 모두 바뀐다
여의도고등학교 ②(4층) 2층-26,여의도고등학교,30-1,교사동 창면,여의도고등학교 ②(4층),2,194196.942,547260.0,4.7,B 일반식(전부 추정),일반식(도면 없음),추정,도면 미수령. 층고 3.5m·창중심 바닥+1.2m·남향계열 외벽 전체를 5m 등간격 으로 분할 — 층고·창높이·수평배치가 **전부 가정값**이다. 도면을 받으면 위치와 높이가 모두 바뀐다
여의도고등학교 ②(4층) 3층-26,여의도고등학교,30-1,교사동 창면,여의도고등학교 ②(4층),3,194196.942,547260.0,8.2,B 일반식(전부 추정),일반식(도면 없음),추정,도면 미수령. 층고 3.5m·창중심 바닥+1.2m·남향계열 외벽 전체를 5m 등간격 으로 분할 — 층고·창높이·수평배치가 **전부 가정값**이다. 도면을 받으면 위치와 높이가 모두 바뀐다
여의도고등학교 ②(4층) 4층-26,여의도고등학교,30-1,교사동 창면,여의도고등학교 ②(4층),4,194196.942,547260.0,11.7,B 일반식(전부 추정),일반식(도면 없음),추정,도면 미수령. 층고 3.5m·창중심 바닥+1.2m·남향계열 외벽 전체를 5m 등간격 으로 분할 — 층고·창높이·수평배치가 **전부 가정값**이다. 도면을 받으면 위치와 높이가 모두 바뀐다
여의도고등학교 ②(4층) 1층-27,여의도고등학교,30-1,교사동 창면,여의도고등학교 ②(4층),1,194199.88,547256.243,1.2,B 일반식(전부 추정),일반식(도면 없음),추정,도면 미수령. 층고 3.5m·창중심 바닥+1.2m·남향계열 외벽 전체를 5m 등간격 으로 분할 — 층고·창높이·수평배치가 **전부 가정값**이다. 도면을 받으면 위치와 높이가 모두 바뀐다
여의도고등학교 ②(4층) 2층-27,여의도고등학교,30-1,교사동 창면,여의도고등학교 ②(4층),2,194199.88,547256.243,4.7,B 일반식(전부 추정),일반식(도면 없음),추정,도면 미수령. 층고 3.5m·창중심 바닥+1.2m·남향계열 외벽 전체를 5m 등간격 으로 분할 — 층고·창높이·수평배치가 **전부 가정값**이다. 도면을 받으면 위치와 높이가 모두 바뀐다
여의도고등학교 ②(4층) 3층-27,여의도고등학교,30-1,교사동 창면,여의도고등학교 ②(4층),3,194199.88,547256.243,8.2,B 일반식(전부 추정),일반식(도면 없음),추정,도면 미수령. 층고 3.5m·창중심 바닥+1.2m·남향계열 외벽 전체를 5m 등간격 으로 분할 — 층고·창높이·수평배치가 **전부 가정값**이다. 도면을 받으면 위치와 높이가 모두 바뀐다
여의도고등학교 ②(4층) 4층-27,여의도고등학교,30-1,교사동 창면,여의도고등학교 ②(4층),4,194199.88,547256.243,11.7,B 일반식(전부 추정),일반식(도면 없음),추정,도면 미수령. 층고 3.5m·창중심 바닥+1.2m·남향계열 외벽 전체를 5m 등간격 으로 분할 — 층고·창높이·수평배치가 **전부 가정값**이다. 도면을 받으면 위치와 높이가 모두 바뀐다
여의도고등학교 ②(4층) 1층-28,여의도고등학교,30-1,교사동 창면,여의도고등학교 ②(4층),1,194202.819,547252.487,1.2,B 일반식(전부 추정),일반식(도면 없음),추정,도면 미수령. 층고 3.5m·창중심 바닥+1.2m·남향계열 외벽 전체를 5m 등간격 으로 분할 — 층고·창높이·수평배치가 **전부 가정값**이다. 도면을 받으면 위치와 높이가 모두 바뀐다
여의도고등학교 ②(4층) 2층-28,여의도고등학교,30-1,교사동 창면,여의도고등학교 ②(4층),2,194202.819,547252.487,4.7,B 일반식(전부 추정),일반식(도면 없음),추정,도면 미수령. 층고 3.5m·창중심 바닥+1.2m·남향계열 외벽 전체를 5m 등간격 으로 분할 — 층고·창높이·수평배치가 **전부 가정값**이다. 도면을 받으면 위치와 높이가 모두 바뀐다
여의도고등학교 ②(4층) 3층-28,여의도고등학교,30-1,교사동 창면,여의도고등학교 ②(4층),3,194202.819,547252.487,8.2,B 일반식(전부 추정),일반식(도면 없음),추정,도면 미수령. 층고 3.5m·창중심 바닥+1.2m·남향계열 외벽 전체를 5m 등간격 으로 분할 — 층고·창높이·수평배치가 **전부 가정값**이다. 도면을 받으면 위치와 높이가 모두 바뀐다
여의도고등학교 ②(4층) 4층-28,여의도고등학교,30-1,교사동 창면,여의도고등학교 ②(4층),4,194202.819,547252.487,11.7,B 일반식(전부 추정),일반식(도면 없음),추정,도면 미수령. 층고 3.5m·창중심 바닥+1.2m·남향계열 외벽 전체를 5m 등간격 으로 분할 — 층고·창높이·수평배치가 **전부 가정값**이다. 도면을 받으면 위치와 높이가 모두 바뀐다
여의도고등학교 ②(4층) 1층-29,여의도고등학교,30-1,교사동 창면,여의도고등학교 ②(4층),1,194195.948,547239.673,1.2,B 일반식(전부 추정),일반식(도면 없음),추정,도면 미수령. 층고 3.5m·창중심 바닥+1.2m·남향계열 외벽 전체를 5m 등간격 으로 분할 — 층고·창높이·수평배치가 **전부 가정값**이다. 도면을 받으면 위치와 높이가 모두 바뀐다
여의도고등학교 ②(4층) 2층-29,여의도고등학교,30-1,교사동 창면,여의도고등학교 ②(4층),2,194195.948,547239.673,4.7,B 일반식(전부 추정),일반식(도면 없음),추정,도면 미수령. 층고 3.5m·창중심 바닥+1.2m·남향계열 외벽 전체를 5m 등간격 으로 분할 — 층고·창높이·수평배치가 **전부 가정값**이다. 도면을 받으면 위치와 높이가 모두 바뀐다
여의도고등학교 ②(4층) 3층-29,여의도고등학교,30-1,교사동 창면,여의도고등학교 ②(4층),3,194195.948,547239.673,8.2,B 일반식(전부 추정),일반식(도면 없음),추정,도면 미수령. 층고 3.5m·창중심 바닥+1.2m·남향계열 외벽 전체를 5m 등간격 으로 분할 — 층고·창높이·수평배치가 **전부 가정값**이다. 도면을 받으면 위치와 높이가 모두 바뀐다
여의도고등학교 ②(4층) 4층-29,여의도고등학교,30-1,교사동 창면,여의도고등학교 ②(4층),4,194195.948,547239.673,11.7,B 일반식(전부 추정),일반식(도면 없음),추정,도면 미수령. 층고 3.5m·창중심 바닥+1.2m·남향계열 외벽 전체를 5m 등간격 으로 분할 — 층고·창높이·수평배치가 **전부 가정값**이다. 도면을 받으면 위치와 높이가 모두 바뀐다
여의도고등학교 ②(4층) 1층-30,여의도고등학교,30-1,교사동 창면,여의도고등학교 ②(4층),1,194199.328,547235.363,1.2,B 일반식(전부 추정),일반식(도면 없음),추정,도면 미수령. 층고 3.5m·창중심 바닥+1.2m·남향계열 외벽 전체를 5m 등간격 으로 분할 — 층고·창높이·수평배치가 **전부 가정값**이다. 도면을 받으면 위치와 높이가 모두 바뀐다
여의도고등학교 ②(4층) 2층-30,여의도고등학교,30-1,교사동 창면,여의도고등학교 ②(4층),2,194199.328,547235.363,4.7,B 일반식(전부 추정),일반식(도면 없음),추정,도면 미수령. 층고 3.5m·창중심 바닥+1.2m·남향계열 외벽 전체를 5m 등간격 으로 분할 — 층고·창높이·수평배치가 **전부 가정값**이다. 도면을 받으면 위치와 높이가 모두 바뀐다
여의도고등학교 ②(4층) 3층-30,여의도고등학교,30-1,교사동 창면,여의도고등학교 ②(4층),3,194199.328,547235.363,8.2,B 일반식(전부 추정),일반식(도면 없음),추정,도면 미수령. 층고 3.5m·창중심 바닥+1.2m·남향계열 외벽 전체를 5m 등간격 으로 분할 — 층고·창높이·수평배치가 **전부 가정값**이다. 도면을 받으면 위치와 높이가 모두 바뀐다
여의도고등학교 ②(4층) 4층-30,여의도고등학교,30-1,교사동 창면,여의도고등학교 ②(4층),4,194199.328,547235.363,11.7,B 일반식(전부 추정),일반식(도면 없음),추정,도면 미수령. 층고 3.5m·창중심 바닥+1.2m·남향계열 외벽 전체를 5m 등간격 으로 분할 — 층고·창높이·수평배치가 **전부 가정값**이다. 도면을 받으면 위치와 높이가 모두 바뀐다
여의도고등학교 ②(4층) 1층-31,여의도고등학교,30-1,교사동 창면,여의도고등학교 ②(4층),1,194202.708,547231.053,1.2,B 일반식(전부 추정),일반식(도면 없음),추정,도면 미수령. 층고 3.5m·창중심 바닥+1.2m·남향계열 외벽 전체를 5m 등간격 으로 분할 — 층고·창높이·수평배치가 **전부 가정값**이다. 도면을 받으면 위치와 높이가 모두 바뀐다
여의도고등학교 ②(4층) 2층-31,여의도고등학교,30-1,교사동 창면,여의도고등학교 ②(4층),2,194202.708,547231.053,4.7,B 일반식(전부 추정),일반식(도면 없음),추정,도면 미수령. 층고 3.5m·창중심 바닥+1.2m·남향계열 외벽 전체를 5m 등간격 으로 분할 — 층고·창높이·수평배치가 **전부 가정값**이다. 도면을 받으면 위치와 높이가 모두 바뀐다
여의도고등학교 ②(4층) 3층-31,여의도고등학교,30-1,교사동 창면,여의도고등학교 ②(4층),3,194202.708,547231.053,8.2,B 일반식(전부 추정),일반식(도면 없음),추정,도면 미수령. 층고 3.5m·창중심 바닥+1.2m·남향계열 외벽 전체를 5m 등간격 으로 분할 — 층고·창높이·수평배치가 **전부 가정값**이다. 도면을 받으면 위치와 높이가 모두 바뀐다
여의도고등학교 ②(4층) 4층-31,여의도고등학교,30-1,교사동 창면,여의도고등학교 ②(4층),4,194202.708,547231.053,11.7,B 일반식(전부 추정),일반식(도면 없음),추정,도면 미수령. 층고 3.5m·창중심 바닥+1.2m·남향계열 외벽 전체를 5m 등간격 으로 분할 — 층고·창높이·수평배치가 **전부 가정값**이다. 도면을 받으면 위치와 높이가 모두 바뀐다
여의도고등학교 ②(4층) 1층-32,여의도고등학교,30-1,교사동 창면,여의도고등학교 ②(4층),1,194206.088,547226.744,1.2,B 일반식(전부 추정),일반식(도면 없음),추정,도면 미수령. 층고 3.5m·창중심 바닥+1.2m·남향계열 외벽 전체를 5m 등간격 으로 분할 — 층고·창높이·수평배치가 **전부 가정값**이다. 도면을 받으면 위치와 높이가 모두 바뀐다
여의도고등학교 ②(4층) 2층-32,여의도고등학교,30-1,교사동 창면,여의도고등학교 ②(4층),2,194206.088,547226.744,4.7,B 일반식(전부 추정),일반식(도면 없음),추정,도면 미수령. 층고 3.5m·창중심 바닥+1.2m·남향계열 외벽 전체를 5m 등간격 으로 분할 — 층고·창높이·수평배치가 **전부 가정값**이다. 도면을 받으면 위치와 높이가 모두 바뀐다
여의도고등학교 ②(4층) 3층-32,여의도고등학교,30-1,교사동 창면,여의도고등학교 ②(4층),3,194206.088,547226.744,8.2,B 일반식(전부 추정),일반식(도면 없음),추정,도면 미수령. 층고 3.5m·창중심 바닥+1.2m·남향계열 외벽 전체를 5m 등간격 으로 분할 — 층고·창높이·수평배치가 **전부 가정값**이다. 도면을 받으면 위치와 높이가 모두 바뀐다
여의도고등학교 ②(4층) 4층-32,여의도고등학교,30-1,교사동 창면,여의도고등학교 ②(4층),4,194206.088,547226.744,11.7,B 일반식(전부 추정),일반식(도면 없음),추정,도면 미수령. 층고 3.5m·창중심 바닥+1.2m·남향계열 외벽 전체를 5m 등간격 으로 분할 — 층고·창높이·수평배치가 **전부 가정값**이다. 도면을 받으면 위치와 높이가 모두 바뀐다
여의도고등학교 ②(4층) 1층-33,여의도고등학교,30-1,교사동 창면,여의도고등학교 ②(4층),1,194210.292,547226.054,1.2,B 일반식(전부 추정),일반식(도면 없음),추정,도면 미수령. 층고 3.5m·창중심 바닥+1.2m·남향계열 외벽 전체를 5m 등간격 으로 분할 — 층고·창높이·수평배치가 **전부 가정값**이다. 도면을 받으면 위치와 높이가 모두 바뀐다
여의도고등학교 ②(4층) 2층-33,여의도고등학교,30-1,교사동 창면,여의도고등학교 ②(4층),2,194210.292,547226.054,4.7,B 일반식(전부 추정),일반식(도면 없음),추정,도면 미수령. 층고 3.5m·창중심 바닥+1.2m·남향계열 외벽 전체를 5m 등간격 으로 분할 — 층고·창높이·수평배치가 **전부 가정값**이다. 도면을 받으면 위치와 높이가 모두 바뀐다
여의도고등학교 ②(4층) 3층-33,여의도고등학교,30-1,교사동 창면,여의도고등학교 ②(4층),3,194210.292,547226.054,8.2,B 일반식(전부 추정),일반식(도면 없음),추정,도면 미수령. 층고 3.5m·창중심 바닥+1.2m·남향계열 외벽 전체를 5m 등간격 으로 분할 — 층고·창높이·수평배치가 **전부 가정값**이다. 도면을 받으면 위치와 높이가 모두 바뀐다
여의도고등학교 ②(4층) 4층-33,여의도고등학교,30-1,교사동 창면,여의도고등학교 ②(4층),4,194210.292,547226.054,11.7,B 일반식(전부 추정),일반식(도면 없음),추정,도면 미수령. 층고 3.5m·창중심 바닥+1.2m·남향계열 외벽 전체를 5m 등간격 으로 분할 — 층고·창높이·수평배치가 **전부 가정값**이다. 도면을 받으면 위치와 높이가 모두 바뀐다
여의도고등학교 ②(4층) 1층-34,여의도고등학교,30-1,교사동 창면,여의도고등학교 ②(4층),1,194214.198,547229.119,1.2,B 일반식(전부 추정),일반식(도면 없음),추정,도면 미수령. 층고 3.5m·창중심 바닥+1.2m·남향계열 외벽 전체를 5m 등간격 으로 분할 — 층고·창높이·수평배치가 **전부 가정값**이다. 도면을 받으면 위치와 높이가 모두 바뀐다
여의도고등학교 ②(4층) 2층-34,여의도고등학교,30-1,교사동 창면,여의도고등학교 ②(4층),2,194214.198,547229.119,4.7,B 일반식(전부 추정),일반식(도면 없음),추정,도면 미수령. 층고 3.5m·창중심 바닥+1.2m·남향계열 외벽 전체를 5m 등간격 으로 분할 — 층고·창높이·수평배치가 **전부 가정값**이다. 도면을 받으면 위치와 높이가 모두 바뀐다
여의도고등학교 ②(4층) 3층-34,여의도고등학교,30-1,교사동 창면,여의도고등학교 ②(4층),3,194214.198,547229.119,8.2,B 일반식(전부 추정),일반식(도면 없음),추정,도면 미수령. 층고 3.5m·창중심 바닥+1.2m·남향계열 외벽 전체를 5m 등간격 으로 분할 — 층고·창높이·수평배치가 **전부 가정값**이다. 도면을 받으면 위치와 높이가 모두 바뀐다
여의도고등학교 ②(4층) 4층-34,여의도고등학교,30-1,교사동 창면,여의도고등학교 ②(4층),4,194214.198,547229.119,11.7,B 일반식(전부 추정),일반식(도면 없음),추정,도면 미수령. 층고 3.5m·창중심 바닥+1.2m·남향계열 외벽 전체를 5m 등간격 으로 분할 — 층고·창높이·수평배치가 **전부 가정값**이다. 도면을 받으면 위치와 높이가 모두 바뀐다
여의도고등학교 ②(4층) 1층-35,여의도고등학교,30-1,교사동 창면,여의도고등학교 ②(4층),1,194218.104,547232.185,1.2,B 일반식(전부 추정),일반식(도면 없음),추정,도면 미수령. 층고 3.5m·창중심 바닥+1.2m·남향계열 외벽 전체를 5m 등간격 으로 분할 — 층고·창높이·수평배치가 **전부 가정값**이다. 도면을 받으면 위치와 높이가 모두 바뀐다
여의도고등학교 ②(4층) 2층-35,여의도고등학교,30-1,교사동 창면,여의도고등학교 ②(4층),2,194218.104,547232.185,4.7,B 일반식(전부 추정),일반식(도면 없음),추정,도면 미수령. 층고 3.5m·창중심 바닥+1.2m·남향계열 외벽 전체를 5m 등간격 으로 분할 — 층고·창높이·수평배치가 **전부 가정값**이다. 도면을 받으면 위치와 높이가 모두 바뀐다
여의도고등학교 ②(4층) 3층-35,여의도고등학교,30-1,교사동 창면,여의도고등학교 ②(4층),3,194218.104,547232.185,8.2,B 일반식(전부 추정),일반식(도면 없음),추정,도면 미수령. 층고 3.5m·창중심 바닥+1.2m·남향계열 외벽 전체를 5m 등간격 으로 분할 — 층고·창높이·수평배치가 **전부 가정값**이다. 도면을 받으면 위치와 높이가 모두 바뀐다
여의도고등학교 ②(4층) 4층-35,여의도고등학교,30-1,교사동 창면,여의도고등학교 ②(4층),4,194218.104,547232.185,11.7,B 일반식(전부 추정),일반식(도면 없음),추정,도면 미수령. 층고 3.5m·창중심 바닥+1.2m·남향계열 외벽 전체를 5m 등간격 으로 분할 — 층고·창높이·수평배치가 **전부 가정값**이다. 도면을 받으면 위치와 높이가 모두 바뀐다
여의도고등학교 ②(4층) 1층-36,여의도고등학교,30-1,교사동 창면,여의도고등학교 ②(4층),1,194222.009,547235.25,1.2,B 일반식(전부 추정),일반식(도면 없음),추정,도면 미수령. 층고 3.5m·창중심 바닥+1.2m·남향계열 외벽 전체를 5m 등간격 으로 분할 — 층고·창높이·수평배치가 **전부 가정값**이다. 도면을 받으면 위치와 높이가 모두 바뀐다
여의도고등학교 ②(4층) 2층-36,여의도고등학교,30-1,교사동 창면,여의도고등학교 ②(4층),2,194222.009,547235.25,4.7,B 일반식(전부 추정),일반식(도면 없음),추정,도면 미수령. 층고 3.5m·창중심 바닥+1.2m·남향계열 외벽 전체를 5m 등간격 으로 분할 — 층고·창높이·수평배치가 **전부 가정값**이다. 도면을 받으면 위치와 높이가 모두 바뀐다
여의도고등학교 ②(4층) 3층-36,여의도고등학교,30-1,교사동 창면,여의도고등학교 ②(4층),3,194222.009,547235.25,8.2,B 일반식(전부 추정),일반식(도면 없음),추정,도면 미수령. 층고 3.5m·창중심 바닥+1.2m·남향계열 외벽 전체를 5m 등간격 으로 분할 — 층고·창높이·수평배치가 **전부 가정값**이다. 도면을 받으면 위치와 높이가 모두 바뀐다
여의도고등학교 ②(4층) 4층-36,여의도고등학교,30-1,교사동 창면,여의도고등학교 ②(4층),4,194222.009,547235.25,11.7,B 일반식(전부 추정),일반식(도면 없음),추정,도면 미수령. 층고 3.5m·창중심 바닥+1.2m·남향계열 외벽 전체를 5m 등간격 으로 분할 — 층고·창높이·수평배치가 **전부 가정값**이다. 도면을 받으면 위치와 높이가 모두 바뀐다
여의도고등학교 ②(4층) 1층-37,여의도고등학교,30-1,교사동 창면,여의도고등학교 ②(4층),1,194225.915,547238.316,1.2,B 일반식(전부 추정),일반식(도면 없음),추정,도면 미수령. 층고 3.5m·창중심 바닥+1.2m·남향계열 외벽 전체를 5m 등간격 으로 분할 — 층고·창높이·수평배치가 **전부 가정값**이다. 도면을 받으면 위치와 높이가 모두 바뀐다
여의도고등학교 ②(4층) 2층-37,여의도고등학교,30-1,교사동 창면,여의도고등학교 ②(4층),2,194225.915,547238.316,4.7,B 일반식(전부 추정),일반식(도면 없음),추정,도면 미수령. 층고 3.5m·창중심 바닥+1.2m·남향계열 외벽 전체를 5m 등간격 으로 분할 — 층고·창높이·수평배치가 **전부 가정값**이다. 도면을 받으면 위치와 높이가 모두 바뀐다
여의도고등학교 ②(4층) 3층-37,여의도고등학교,30-1,교사동 창면,여의도고등학교 ②(4층),3,194225.915,547238.316,8.2,B 일반식(전부 추정),일반식(도면 없음),추정,도면 미수령. 층고 3.5m·창중심 바닥+1.2m·남향계열 외벽 전체를 5m 등간격 으로 분할 — 층고·창높이·수평배치가 **전부 가정값**이다. 도면을 받으면 위치와 높이가 모두 바뀐다
여의도고등학교 ②(4층) 4층-37,여의도고등학교,30-1,교사동 창면,여의도고등학교 ②(4층),4,194225.915,547238.316,11.7,B 일반식(전부 추정),일반식(도면 없음),추정,도면 미수령. 층고 3.5m·창중심 바닥+1.2m·남향계열 외벽 전체를 5m 등간격 으로 분할 — 층고·창높이·수평배치가 **전부 가정값**이다. 도면을 받으면 위치와 높이가 모두 바뀐다
여의도고등학교 ②(4층) 1층-38,여의도고등학교,30-1,교사동 창면,여의도고등학교 ②(4층),1,194229.82,547241.382,1.2,B 일반식(전부 추정),일반식(도면 없음),추정,도면 미수령. 층고 3.5m·창중심 바닥+1.2m·남향계열 외벽 전체를 5m 등간격 으로 분할 — 층고·창높이·수평배치가 **전부 가정값**이다. 도면을 받으면 위치와 높이가 모두 바뀐다
여의도고등학교 ②(4층) 2층-38,여의도고등학교,30-1,교사동 창면,여의도고등학교 ②(4층),2,194229.82,547241.382,4.7,B 일반식(전부 추정),일반식(도면 없음),추정,도면 미수령. 층고 3.5m·창중심 바닥+1.2m·남향계열 외벽 전체를 5m 등간격 으로 분할 — 층고·창높이·수평배치가 **전부 가정값**이다. 도면을 받으면 위치와 높이가 모두 바뀐다
여의도고등학교 ②(4층) 3층-38,여의도고등학교,30-1,교사동 창면,여의도고등학교 ②(4층),3,194229.82,547241.382,8.2,B 일반식(전부 추정),일반식(도면 없음),추정,도면 미수령. 층고 3.5m·창중심 바닥+1.2m·남향계열 외벽 전체를 5m 등간격 으로 분할 — 층고·창높이·수평배치가 **전부 가정값**이다. 도면을 받으면 위치와 높이가 모두 바뀐다
여의도고등학교 ②(4층) 4층-38,여의도고등학교,30-1,교사동 창면,여의도고등학교 ②(4층),4,194229.82,547241.382,11.7,B 일반식(전부 추정),일반식(도면 없음),추정,도면 미수령. 층고 3.5m·창중심 바닥+1.2m·남향계열 외벽 전체를 5m 등간격 으로 분할 — 층고·창높이·수평배치가 **전부 가정값**이다. 도면을 받으면 위치와 높이가 모두 바뀐다
여의도고등학교 ②(4층) 1층-39,여의도고등학교,30-1,교사동 창면,여의도고등학교 ②(4층),1,194233.726,547244.447,1.2,B 일반식(전부 추정),일반식(도면 없음),추정,도면 미수령. 층고 3.5m·창중심 바닥+1.2m·남향계열 외벽 전체를 5m 등간격 으로 분할 — 층고·창높이·수평배치가 **전부 가정값**이다. 도면을 받으면 위치와 높이가 모두 바뀐다
여의도고등학교 ②(4층) 2층-39,여의도고등학교,30-1,교사동 창면,여의도고등학교 ②(4층),2,194233.726,547244.447,4.7,B 일반식(전부 추정),일반식(도면 없음),추정,도면 미수령. 층고 3.5m·창중심 바닥+1.2m·남향계열 외벽 전체를 5m 등간격 으로 분할 — 층고·창높이·수평배치가 **전부 가정값**이다. 도면을 받으면 위치와 높이가 모두 바뀐다
여의도고등학교 ②(4층) 3층-39,여의도고등학교,30-1,교사동 창면,여의도고등학교 ②(4층),3,194233.726,547244.447,8.2,B 일반식(전부 추정),일반식(도면 없음),추정,도면 미수령. 층고 3.5m·창중심 바닥+1.2m·남향계열 외벽 전체를 5m 등간격 으로 분할 — 층고·창높이·수평배치가 **전부 가정값**이다. 도면을 받으면 위치와 높이가 모두 바뀐다
여의도고등학교 ②(4층) 4층-39,여의도고등학교,30-1,교사동 창면,여의도고등학교 ②(4층),4,194233.726,547244.447,11.7,B 일반식(전부 추정),일반식(도면 없음),추정,도면 미수령. 층고 3.5m·창중심 바닥+1.2m·남향계열 외벽 전체를 5m 등간격 으로 분할 — 층고·창높이·수평배치가 **전부 가정값**이다. 도면을 받으면 위치와 높이가 모두 바뀐다
여의도고등학교 ②(4층) 1층-40,여의도고등학교,30-1,교사동 창면,여의도고등학교 ②(4층),1,194237.631,547247.513,1.2,B 일반식(전부 추정),일반식(도면 없음),추정,도면 미수령. 층고 3.5m·창중심 바닥+1.2m·남향계열 외벽 전체를 5m 등간격 으로 분할 — 층고·창높이·수평배치가 **전부 가정값**이다. 도면을 받으면 위치와 높이가 모두 바뀐다
여의도고등학교 ②(4층) 2층-40,여의도고등학교,30-1,교사동 창면,여의도고등학교 ②(4층),2,194237.631,547247.513,4.7,B 일반식(전부 추정),일반식(도면 없음),추정,도면 미수령. 층고 3.5m·창중심 바닥+1.2m·남향계열 외벽 전체를 5m 등간격 으로 분할 — 층고·창높이·수평배치가 **전부 가정값**이다. 도면을 받으면 위치와 높이가 모두 바뀐다
여의도고등학교 ②(4층) 3층-40,여의도고등학교,30-1,교사동 창면,여의도고등학교 ②(4층),3,194237.631,547247.513,8.2,B 일반식(전부 추정),일반식(도면 없음),추정,도면 미수령. 층고 3.5m·창중심 바닥+1.2m·남향계열 외벽 전체를 5m 등간격 으로 분할 — 층고·창높이·수평배치가 **전부 가정값**이다. 도면을 받으면 위치와 높이가 모두 바뀐다
여의도고등학교 ②(4층) 4층-40,여의도고등학교,30-1,교사동 창면,여의도고등학교 ②(4층),4,194237.631,547247.513,11.7,B 일반식(전부 추정),일반식(도면 없음),추정,도면 미수령. 층고 3.5m·창중심 바닥+1.2m·남향계열 외벽 전체를 5m 등간격 으로 분할 — 층고·창높이·수평배치가 **전부 가정값**이다. 도면을 받으면 위치와 높이가 모두 바뀐다
여의도고등학교 ②(4층) 1층-41,여의도고등학교,30-1,교사동 창면,여의도고등학교 ②(4층),1,194241.537,547250.578,1.2,B 일반식(전부 추정),일반식(도면 없음),추정,도면 미수령. 층고 3.5m·창중심 바닥+1.2m·남향계열 외벽 전체를 5m 등간격 으로 분할 — 층고·창높이·수평배치가 **전부 가정값**이다. 도면을 받으면 위치와 높이가 모두 바뀐다
여의도고등학교 ②(4층) 2층-41,여의도고등학교,30-1,교사동 창면,여의도고등학교 ②(4층),2,194241.537,547250.578,4.7,B 일반식(전부 추정),일반식(도면 없음),추정,도면 미수령. 층고 3.5m·창중심 바닥+1.2m·남향계열 외벽 전체를 5m 등간격 으로 분할 — 층고·창높이·수평배치가 **전부 가정값**이다. 도면을 받으면 위치와 높이가 모두 바뀐다
여의도고등학교 ②(4층) 3층-41,여의도고등학교,30-1,교사동 창면,여의도고등학교 ②(4층),3,194241.537,547250.578,8.2,B 일반식(전부 추정),일반식(도면 없음),추정,도면 미수령. 층고 3.5m·창중심 바닥+1.2m·남향계열 외벽 전체를 5m 등간격 으로 분할 — 층고·창높이·수평배치가 **전부 가정값**이다. 도면을 받으면 위치와 높이가 모두 바뀐다
여의도고등학교 ②(4층) 4층-41,여의도고등학교,30-1,교사동 창면,여의도고등학교 ②(4층),4,194241.537,547250.578,11.7,B 일반식(전부 추정),일반식(도면 없음),추정,도면 미수령. 층고 3.5m·창중심 바닥+1.2m·남향계열 외벽 전체를 5m 등간격 으로 분할 — 층고·창높이·수평배치가 **전부 가정값**이다. 도면을 받으면 위치와 높이가 모두 바뀐다
여의도고등학교 ②(4층) 1층-42,여의도고등학교,30-1,교사동 창면,여의도고등학교 ②(4층),1,194208.788,547265.747,1.2,B 일반식(전부 추정),일반식(도면 없음),추정,도면 미수령. 층고 3.5m·창중심 바닥+1.2m·남향계열 외벽 전체를 5m 등간격 으로 분할 — 층고·창높이·수평배치가 **전부 가정값**이다. 도면을 받으면 위치와 높이가 모두 바뀐다
여의도고등학교 ②(4층) 2층-42,여의도고등학교,30-1,교사동 창면,여의도고등학교 ②(4층),2,194208.788,547265.747,4.7,B 일반식(전부 추정),일반식(도면 없음),추정,도면 미수령. 층고 3.5m·창중심 바닥+1.2m·남향계열 외벽 전체를 5m 등간격 으로 분할 — 층고·창높이·수평배치가 **전부 가정값**이다. 도면을 받으면 위치와 높이가 모두 바뀐다
여의도고등학교 ②(4층) 3층-42,여의도고등학교,30-1,교사동 창면,여의도고등학교 ②(4층),3,194208.788,547265.747,8.2,B 일반식(전부 추정),일반식(도면 없음),추정,도면 미수령. 층고 3.5m·창중심 바닥+1.2m·남향계열 외벽 전체를 5m 등간격 으로 분할 — 층고·창높이·수평배치가 **전부 가정값**이다. 도면을 받으면 위치와 높이가 모두 바뀐다
여의도고등학교 ②(4층) 4층-42,여의도고등학교,30-1,교사동 창면,여의도고등학교 ②(4층),4,194208.788,547265.747,11.7,B 일반식(전부 추정),일반식(도면 없음),추정,도면 미수령. 층고 3.5m·창중심 바닥+1.2m·남향계열 외벽 전체를 5m 등간격 으로 분할 — 층고·창높이·수평배치가 **전부 가정값**이다. 도면을 받으면 위치와 높이가 모두 바뀐다
여의도고등학교 ②(4층) 1층-43,여의도고등학교,30-1,교사동 창면,여의도고등학교 ②(4층),1,194209.468,547268.17,1.2,B 일반식(전부 추정),일반식(도면 없음),추정,도면 미수령. 층고 3.5m·창중심 바닥+1.2m·남향계열 외벽 전체를 5m 등간격 으로 분할 — 층고·창높이·수평배치가 **전부 가정값**이다. 도면을 받으면 위치와 높이가 모두 바뀐다
여의도고등학교 ②(4층) 2층-43,여의도고등학교,30-1,교사동 창면,여의도고등학교 ②(4층),2,194209.468,547268.17,4.7,B 일반식(전부 추정),일반식(도면 없음),추정,도면 미수령. 층고 3.5m·창중심 바닥+1.2m·남향계열 외벽 전체를 5m 등간격 으로 분할 — 층고·창높이·수평배치가 **전부 가정값**이다. 도면을 받으면 위치와 높이가 모두 바뀐다
여의도고등학교 ②(4층) 3층-43,여의도고등학교,30-1,교사동 창면,여의도고등학교 ②(4층),3,194209.468,547268.17,8.2,B 일반식(전부 추정),일반식(도면 없음),추정,도면 미수령. 층고 3.5m·창중심 바닥+1.2m·남향계열 외벽 전체를 5m 등간격 으로 분할 — 층고·창높이·수평배치가 **전부 가정값**이다. 도면을 받으면 위치와 높이가 모두 바뀐다
여의도고등학교 ②(4층) 4층-43,여의도고등학교,30-1,교사동 창면,여의도고등학교 ②(4층),4,194209.468,547268.17,11.7,B 일반식(전부 추정),일반식(도면 없음),추정,도면 미수령. 층고 3.5m·창중심 바닥+1.2m·남향계열 외벽 전체를 5m 등간격 으로 분할 — 층고·창높이·수평배치가 **전부 가정값**이다. 도면을 받으면 위치와 높이가 모두 바뀐다
여의도고등학교 ③(3층) 1층-1,여의도고등학교,30-1,교사동 창면,여의도고등학교 ③(3층),1,194154.421,547210.925,1.2,B 일반식(전부 추정),일반식(도면 없음),추정,도면 미수령. 층고 3.5m·창중심 바닥+1.2m·남향계열 외벽 전체를 5m 등간격 으로 분할 — 층고·창높이·수평배치가 **전부 가정값**이다. 도면을 받으면 위치와 높이가 모두 바뀐다
여의도고등학교 ③(3층) 2층-1,여의도고등학교,30-1,교사동 창면,여의도고등학교 ③(3층),2,194154.421,547210.925,4.7,B 일반식(전부 추정),일반식(도면 없음),추정,도면 미수령. 층고 3.5m·창중심 바닥+1.2m·남향계열 외벽 전체를 5m 등간격 으로 분할 — 층고·창높이·수평배치가 **전부 가정값**이다. 도면을 받으면 위치와 높이가 모두 바뀐다
여의도고등학교 ③(3층) 3층-1,여의도고등학교,30-1,교사동 창면,여의도고등학교 ③(3층),3,194154.421,547210.925,8.2,B 일반식(전부 추정),일반식(도면 없음),추정,도면 미수령. 층고 3.5m·창중심 바닥+1.2m·남향계열 외벽 전체를 5m 등간격 으로 분할 — 층고·창높이·수평배치가 **전부 가정값**이다. 도면을 받으면 위치와 높이가 모두 바뀐다
여의도고등학교 ③(3층) 1층-2,여의도고등학교,30-1,교사동 창면,여의도고등학교 ③(3층),1,194157.711,547206.652,1.2,B 일반식(전부 추정),일반식(도면 없음),추정,도면 미수령. 층고 3.5m·창중심 바닥+1.2m·남향계열 외벽 전체를 5m 등간격 으로 분할 — 층고·창높이·수평배치가 **전부 가정값**이다. 도면을 받으면 위치와 높이가 모두 바뀐다
여의도고등학교 ③(3층) 2층-2,여의도고등학교,30-1,교사동 창면,여의도고등학교 ③(3층),2,194157.711,547206.652,4.7,B 일반식(전부 추정),일반식(도면 없음),추정,도면 미수령. 층고 3.5m·창중심 바닥+1.2m·남향계열 외벽 전체를 5m 등간격 으로 분할 — 층고·창높이·수평배치가 **전부 가정값**이다. 도면을 받으면 위치와 높이가 모두 바뀐다
여의도고등학교 ③(3층) 3층-2,여의도고등학교,30-1,교사동 창면,여의도고등학교 ③(3층),3,194157.711,547206.652,8.2,B 일반식(전부 추정),일반식(도면 없음),추정,도면 미수령. 층고 3.5m·창중심 바닥+1.2m·남향계열 외벽 전체를 5m 등간격 으로 분할 — 층고·창높이·수평배치가 **전부 가정값**이다. 도면을 받으면 위치와 높이가 모두 바뀐다
여의도고등학교 ③(3층) 1층-3,여의도고등학교,30-1,교사동 창면,여의도고등학교 ③(3층),1,194161.001,547202.378,1.2,B 일반식(전부 추정),일반식(도면 없음),추정,도면 미수령. 층고 3.5m·창중심 바닥+1.2m·남향계열 외벽 전체를 5m 등간격 으로 분할 — 층고·창높이·수평배치가 **전부 가정값**이다. 도면을 받으면 위치와 높이가 모두 바뀐다
여의도고등학교 ③(3층) 2층-3,여의도고등학교,30-1,교사동 창면,여의도고등학교 ③(3층),2,194161.001,547202.378,4.7,B 일반식(전부 추정),일반식(도면 없음),추정,도면 미수령. 층고 3.5m·창중심 바닥+1.2m·남향계열 외벽 전체를 5m 등간격 으로 분할 — 층고·창높이·수평배치가 **전부 가정값**이다. 도면을 받으면 위치와 높이가 모두 바뀐다
여의도고등학교 ③(3층) 3층-3,여의도고등학교,30-1,교사동 창면,여의도고등학교 ③(3층),3,194161.001,547202.378,8.2,B 일반식(전부 추정),일반식(도면 없음),추정,도면 미수령. 층고 3.5m·창중심 바닥+1.2m·남향계열 외벽 전체를 5m 등간격 으로 분할 — 층고·창높이·수평배치가 **전부 가정값**이다. 도면을 받으면 위치와 높이가 모두 바뀐다
여의도고등학교 ③(3층) 1층-4,여의도고등학교,30-1,교사동 창면,여의도고등학교 ③(3층),1,194165.156,547201.73,1.2,B 일반식(전부 추정),일반식(도면 없음),추정,도면 미수령. 층고 3.5m·창중심 바닥+1.2m·남향계열 외벽 전체를 5m 등간격 으로 분할 — 층고·창높이·수평배치가 **전부 가정값**이다. 도면을 받으면 위치와 높이가 모두 바뀐다
여의도고등학교 ③(3층) 2층-4,여의도고등학교,30-1,교사동 창면,여의도고등학교 ③(3층),2,194165.156,547201.73,4.7,B 일반식(전부 추정),일반식(도면 없음),추정,도면 미수령. 층고 3.5m·창중심 바닥+1.2m·남향계열 외벽 전체를 5m 등간격 으로 분할 — 층고·창높이·수평배치가 **전부 가정값**이다. 도면을 받으면 위치와 높이가 모두 바뀐다
여의도고등학교 ③(3층) 3층-4,여의도고등학교,30-1,교사동 창면,여의도고등학교 ③(3층),3,194165.156,547201.73,8.2,B 일반식(전부 추정),일반식(도면 없음),추정,도면 미수령. 층고 3.5m·창중심 바닥+1.2m·남향계열 외벽 전체를 5m 등간격 으로 분할 — 층고·창높이·수평배치가 **전부 가정값**이다. 도면을 받으면 위치와 높이가 모두 바뀐다
여의도고등학교 ③(3층) 1층-5,여의도고등학교,30-1,교사동 창면,여의도고등학교 ③(3층),1,194169.042,547204.843,1.2,B 일반식(전부 추정),일반식(도면 없음),추정,도면 미수령. 층고 3.5m·창중심 바닥+1.2m·남향계열 외벽 전체를 5m 등간격 으로 분할 — 층고·창높이·수평배치가 **전부 가정값**이다. 도면을 받으면 위치와 높이가 모두 바뀐다
여의도고등학교 ③(3층) 2층-5,여의도고등학교,30-1,교사동 창면,여의도고등학교 ③(3층),2,194169.042,547204.843,4.7,B 일반식(전부 추정),일반식(도면 없음),추정,도면 미수령. 층고 3.5m·창중심 바닥+1.2m·남향계열 외벽 전체를 5m 등간격 으로 분할 — 층고·창높이·수평배치가 **전부 가정값**이다. 도면을 받으면 위치와 높이가 모두 바뀐다
여의도고등학교 ③(3층) 3층-5,여의도고등학교,30-1,교사동 창면,여의도고등학교 ③(3층),3,194169.042,547204.843,8.2,B 일반식(전부 추정),일반식(도면 없음),추정,도면 미수령. 층고 3.5m·창중심 바닥+1.2m·남향계열 외벽 전체를 5m 등간격 으로 분할 — 층고·창높이·수평배치가 **전부 가정값**이다. 도면을 받으면 위치와 높이가 모두 바뀐다
여의도고등학교 ③(3층) 1층-6,여의도고등학교,30-1,교사동 창면,여의도고등학교 ③(3층),1,194172.928,547207.956,1.2,B 일반식(전부 추정),일반식(도면 없음),추정,도면 미수령. 층고 3.5m·창중심 바닥+1.2m·남향계열 외벽 전체를 5m 등간격 으로 분할 — 층고·창높이·수평배치가 **전부 가정값**이다. 도면을 받으면 위치와 높이가 모두 바뀐다
여의도고등학교 ③(3층) 2층-6,여의도고등학교,30-1,교사동 창면,여의도고등학교 ③(3층),2,194172.928,547207.956,4.7,B 일반식(전부 추정),일반식(도면 없음),추정,도면 미수령. 층고 3.5m·창중심 바닥+1.2m·남향계열 외벽 전체를 5m 등간격 으로 분할 — 층고·창높이·수평배치가 **전부 가정값**이다. 도면을 받으면 위치와 높이가 모두 바뀐다
여의도고등학교 ③(3층) 3층-6,여의도고등학교,30-1,교사동 창면,여의도고등학교 ③(3층),3,194172.928,547207.956,8.2,B 일반식(전부 추정),일반식(도면 없음),추정,도면 미수령. 층고 3.5m·창중심 바닥+1.2m·남향계열 외벽 전체를 5m 등간격 으로 분할 — 층고·창높이·수평배치가 **전부 가정값**이다. 도면을 받으면 위치와 높이가 모두 바뀐다
여의도고등학교 ③(3층) 1층-7,여의도고등학교,30-1,교사동 창면,여의도고등학교 ③(3층),1,194176.813,547211.068,1.2,B 일반식(전부 추정),일반식(도면 없음),추정,도면 미수령. 층고 3.5m·창중심 바닥+1.2m·남향계열 외벽 전체를 5m 등간격 으로 분할 — 층고·창높이·수평배치가 **전부 가정값**이다. 도면을 받으면 위치와 높이가 모두 바뀐다
여의도고등학교 ③(3층) 2층-7,여의도고등학교,30-1,교사동 창면,여의도고등학교 ③(3층),2,194176.813,547211.068,4.7,B 일반식(전부 추정),일반식(도면 없음),추정,도면 미수령. 층고 3.5m·창중심 바닥+1.2m·남향계열 외벽 전체를 5m 등간격 으로 분할 — 층고·창높이·수평배치가 **전부 가정값**이다. 도면을 받으면 위치와 높이가 모두 바뀐다
여의도고등학교 ③(3층) 3층-7,여의도고등학교,30-1,교사동 창면,여의도고등학교 ③(3층),3,194176.813,547211.068,8.2,B 일반식(전부 추정),일반식(도면 없음),추정,도면 미수령. 층고 3.5m·창중심 바닥+1.2m·남향계열 외벽 전체를 5m 등간격 으로 분할 — 층고·창높이·수평배치가 **전부 가정값**이다. 도면을 받으면 위치와 높이가 모두 바뀐다
여의도고등학교 ③(3층) 1층-8,여의도고등학교,30-1,교사동 창면,여의도고등학교 ③(3층),1,194180.699,547214.181,1.2,B 일반식(전부 추정),일반식(도면 없음),추정,도면 미수령. 층고 3.5m·창중심 바닥+1.2m·남향계열 외벽 전체를 5m 등간격 으로 분할 — 층고·창높이·수평배치가 **전부 가정값**이다. 도면을 받으면 위치와 높이가 모두 바뀐다
여의도고등학교 ③(3층) 2층-8,여의도고등학교,30-1,교사동 창면,여의도고등학교 ③(3층),2,194180.699,547214.181,4.7,B 일반식(전부 추정),일반식(도면 없음),추정,도면 미수령. 층고 3.5m·창중심 바닥+1.2m·남향계열 외벽 전체를 5m 등간격 으로 분할 — 층고·창높이·수평배치가 **전부 가정값**이다. 도면을 받으면 위치와 높이가 모두 바뀐다
여의도고등학교 ③(3층) 3층-8,여의도고등학교,30-1,교사동 창면,여의도고등학교 ③(3층),3,194180.699,547214.181,8.2,B 일반식(전부 추정),일반식(도면 없음),추정,도면 미수령. 층고 3.5m·창중심 바닥+1.2m·남향계열 외벽 전체를 5m 등간격 으로 분할 — 층고·창높이·수평배치가 **전부 가정값**이다. 도면을 받으면 위치와 높이가 모두 바뀐다
여의도고등학교 ③(3층) 1층-9,여의도고등학교,30-1,교사동 창면,여의도고등학교 ③(3층),1,194184.584,547217.294,1.2,B 일반식(전부 추정),일반식(도면 없음),추정,도면 미수령. 층고 3.5m·창중심 바닥+1.2m·남향계열 외벽 전체를 5m 등간격 으로 분할 — 층고·창높이·수평배치가 **전부 가정값**이다. 도면을 받으면 위치와 높이가 모두 바뀐다
여의도고등학교 ③(3층) 2층-9,여의도고등학교,30-1,교사동 창면,여의도고등학교 ③(3층),2,194184.584,547217.294,4.7,B 일반식(전부 추정),일반식(도면 없음),추정,도면 미수령. 층고 3.5m·창중심 바닥+1.2m·남향계열 외벽 전체를 5m 등간격 으로 분할 — 층고·창높이·수평배치가 **전부 가정값**이다. 도면을 받으면 위치와 높이가 모두 바뀐다
여의도고등학교 ③(3층) 3층-9,여의도고등학교,30-1,교사동 창면,여의도고등학교 ③(3층),3,194184.584,547217.294,8.2,B 일반식(전부 추정),일반식(도면 없음),추정,도면 미수령. 층고 3.5m·창중심 바닥+1.2m·남향계열 외벽 전체를 5m 등간격 으로 분할 — 층고·창높이·수평배치가 **전부 가정값**이다. 도면을 받으면 위치와 높이가 모두 바뀐다
여의도고등학교 ③(3층) 1층-10,여의도고등학교,30-1,교사동 창면,여의도고등학교 ③(3층),1,194188.47,547220.407,1.2,B 일반식(전부 추정),일반식(도면 없음),추정,도면 미수령. 층고 3.5m·창중심 바닥+1.2m·남향계열 외벽 전체를 5m 등간격 으로 분할 — 층고·창높이·수평배치가 **전부 가정값**이다. 도면을 받으면 위치와 높이가 모두 바뀐다
여의도고등학교 ③(3층) 2층-10,여의도고등학교,30-1,교사동 창면,여의도고등학교 ③(3층),2,194188.47,547220.407,4.7,B 일반식(전부 추정),일반식(도면 없음),추정,도면 미수령. 층고 3.5m·창중심 바닥+1.2m·남향계열 외벽 전체를 5m 등간격 으로 분할 — 층고·창높이·수평배치가 **전부 가정값**이다. 도면을 받으면 위치와 높이가 모두 바뀐다
여의도고등학교 ③(3층) 3층-10,여의도고등학교,30-1,교사동 창면,여의도고등학교 ③(3층),3,194188.47,547220.407,8.2,B 일반식(전부 추정),일반식(도면 없음),추정,도면 미수령. 층고 3.5m·창중심 바닥+1.2m·남향계열 외벽 전체를 5m 등간격 으로 분할 — 층고·창높이·수평배치가 **전부 가정값**이다. 도면을 받으면 위치와 높이가 모두 바뀐다
여의도고등학교 운동장-1,여의도고등학교,30-1,운동장 지반,여의도고등학교 운동장,0,194172.86,547263.348,0.0,A− 도면기준(대응·제원 추론 포함),배치도 경계(래스터 계측) + 분석지점도 격자,도면,"격자 수·방위는 옥외체육장 분석지점도대로(칸마다 1점), **경계는 학교 위치 배치도에서 계측**했다. 배치도는 운동장을 해치로 칠하므로 AL_D010 건물 선화에 맞춰 축척·평행이동을 역산(1.270 m/화소)한 뒤 해치영역을 실좌표로 읽었다. 위치는 도면대로지만 **래스터 계측 오차 ±3m** 가 남는다"
여의도고등학교 운동장-2,여의도고등학교,30-1,운동장 지반,여의도고등학교 운동장,0,194166.752,547271.165,0.0,A− 도면기준(대응·제원 추론 포함),배치도 경계(래스터 계측) + 분석지점도 격자,도면,"격자 수·방위는 옥외체육장 분석지점도대로(칸마다 1점), **경계는 학교 위치 배치도에서 계측**했다. 배치도는 운동장을 해치로 칠하므로 AL_D010 건물 선화에 맞춰 축척·평행이동을 역산(1.270 m/화소)한 뒤 해치영역을 실좌표로 읽었다. 위치는 도면대로지만 **래스터 계측 오차 ±3m** 가 남는다"
여의도고등학교 운동장-3,여의도고등학교,30-1,운동장 지반,여의도고등학교 운동장,0,194160.645,547278.982,0.0,A− 도면기준(대응·제원 추론 포함),배치도 경계(래스터 계측) + 분석지점도 격자,도면,"격자 수·방위는 옥외체육장 분석지점도대로(칸마다 1점), **경계는 학교 위치 배치도에서 계측**했다. 배치도는 운동장을 해치로 칠하므로 AL_D010 건물 선화에 맞춰 축척·평행이동을 역산(1.270 m/화소)한 뒤 해치영역을 실좌표로 읽었다. 위치는 도면대로지만 **래스터 계측 오차 ±3m** 가 남는다"
여의도고등학교 운동장-4,여의도고등학교,30-1,운동장 지반,여의도고등학교 운동장,0,194154.537,547286.8,0.0,A− 도면기준(대응·제원 추론 포함),배치도 경계(래스터 계측) + 분석지점도 격자,도면,"격자 수·방위는 옥외체육장 분석지점도대로(칸마다 1점), **경계는 학교 위치 배치도에서 계측**했다. 배치도는 운동장을 해치로 칠하므로 AL_D010 건물 선화에 맞춰 축척·평행이동을 역산(1.270 m/화소)한 뒤 해치영역을 실좌표로 읽었다. 위치는 도면대로지만 **래스터 계측 오차 ±3m** 가 남는다"
여의도고등학교 운동장-5,여의도고등학교,30-1,운동장 지반,여의도고등학교 운동장,0,194148.429,547294.617,0.0,A− 도면기준(대응·제원 추론 포함),배치도 경계(래스터 계측) + 분석지점도 격자,도면,"격자 수·방위는 옥외체육장 분석지점도대로(칸마다 1점), **경계는 학교 위치 배치도에서 계측**했다. 배치도는 운동장을 해치로 칠하므로 AL_D010 건물 선화에 맞춰 축척·평행이동을 역산(1.270 m/화소)한 뒤 해치영역을 실좌표로 읽었다. 위치는 도면대로지만 **래스터 계측 오차 ±3m** 가 남는다"
여의도고등학교 운동장-6,여의도고등학교,30-1,운동장 지반,여의도고등학교 운동장,0,194142.322,547302.434,0.0,A− 도면기준(대응·제원 추론 포함),배치도 경계(래스터 계측) + 분석지점도 격자,도면,"격자 수·방위는 옥외체육장 분석지점도대로(칸마다 1점), **경계는 학교 위치 배치도에서 계측**했다. 배치도는 운동장을 해치로 칠하므로 AL_D010 건물 선화에 맞춰 축척·평행이동을 역산(1.270 m/화소)한 뒤 해치영역을 실좌표로 읽었다. 위치는 도면대로지만 **래스터 계측 오차 ±3m** 가 남는다"
여의도고등학교 운동장-7,여의도고등학교,30-1,운동장 지반,여의도고등학교 운동장,0,194136.214,547310.252,0.0,A− 도면기준(대응·제원 추론 포함),배치도 경계(래스터 계측) + 분석지점도 격자,도면,"격자 수·방위는 옥외체육장 분석지점도대로(칸마다 1점), **경계는 학교 위치 배치도에서 계측**했다. 배치도는 운동장을 해치로 칠하므로 AL_D010 건물 선화에 맞춰 축척·평행이동을 역산(1.270 m/화소)한 뒤 해치영역을 실좌표로 읽었다. 위치는 도면대로지만 **래스터 계측 오차 ±3m** 가 남는다"
여의도고등학교 운동장-8,여의도고등학교,30-1,운동장 지반,여의도고등학교 운동장,0,194130.107,547318.069,0.0,A− 도면기준(대응·제원 추론 포함),배치도 경계(래스터 계측) + 분석지점도 격자,도면,"격자 수·방위는 옥외체육장 분석지점도대로(칸마다 1점), **경계는 학교 위치 배치도에서 계측**했다. 배치도는 운동장을 해치로 칠하므로 AL_D010 건물 선화에 맞춰 축척·평행이동을 역산(1.270 m/화소)한 뒤 해치영역을 실좌표로 읽었다. 위치는 도면대로지만 **래스터 계측 오차 ±3m** 가 남는다"
여의도고등학교 운동장-9,여의도고등학교,30-1,운동장 지반,여의도고등학교 운동장,0,194123.999,547325.886,0.0,A− 도면기준(대응·제원 추론 포함),배치도 경계(래스터 계측) + 분석지점도 격자,도면,"격자 수·방위는 옥외체육장 분석지점도대로(칸마다 1점), **경계는 학교 위치 배치도에서 계측**했다. 배치도는 운동장을 해치로 칠하므로 AL_D010 건물 선화에 맞춰 축척·평행이동을 역산(1.270 m/화소)한 뒤 해치영역을 실좌표로 읽었다. 위치는 도면대로지만 **래스터 계측 오차 ±3m** 가 남는다"
여의도고등학교 운동장-10,여의도고등학교,30-1,운동장 지반,여의도고등학교 운동장,0,194117.892,547333.704,0.0,A− 도면기준(대응·제원 추론 포함),배치도 경계(래스터 계측) + 분석지점도 격자,도면,"격자 수·방위는 옥외체육장 분석지점도대로(칸마다 1점), **경계는 학교 위치 배치도에서 계측**했다. 배치도는 운동장을 해치로 칠하므로 AL_D010 건물 선화에 맞춰 축척·평행이동을 역산(1.270 m/화소)한 뒤 해치영역을 실좌표로 읽었다. 위치는 도면대로지만 **래스터 계측 오차 ±3m** 가 남는다"
여의도고등학교 운동장-11,여의도고등학교,30-1,운동장 지반,여의도고등학교 운동장,0,194164.307,547256.665,0.0,A− 도면기준(대응·제원 추론 포함),배치도 경계(래스터 계측) + 분석지점도 격자,도면,"격자 수·방위는 옥외체육장 분석지점도대로(칸마다 1점), **경계는 학교 위치 배치도에서 계측**했다. 배치도는 운동장을 해치로 칠하므로 AL_D010 건물 선화에 맞춰 축척·평행이동을 역산(1.270 m/화소)한 뒤 해치영역을 실좌표로 읽었다. 위치는 도면대로지만 **래스터 계측 오차 ±3m** 가 남는다"
여의도고등학교 운동장-12,여의도고등학교,30-1,운동장 지반,여의도고등학교 운동장,0,194158.199,547264.483,0.0,A− 도면기준(대응·제원 추론 포함),배치도 경계(래스터 계측) + 분석지점도 격자,도면,"격자 수·방위는 옥외체육장 분석지점도대로(칸마다 1점), **경계는 학교 위치 배치도에서 계측**했다. 배치도는 운동장을 해치로 칠하므로 AL_D010 건물 선화에 맞춰 축척·평행이동을 역산(1.270 m/화소)한 뒤 해치영역을 실좌표로 읽었다. 위치는 도면대로지만 **래스터 계측 오차 ±3m** 가 남는다"
여의도고등학교 운동장-13,여의도고등학교,30-1,운동장 지반,여의도고등학교 운동장,0,194152.092,547272.3,0.0,A− 도면기준(대응·제원 추론 포함),배치도 경계(래스터 계측) + 분석지점도 격자,도면,"격자 수·방위는 옥외체육장 분석지점도대로(칸마다 1점), **경계는 학교 위치 배치도에서 계측**했다. 배치도는 운동장을 해치로 칠하므로 AL_D010 건물 선화에 맞춰 축척·평행이동을 역산(1.270 m/화소)한 뒤 해치영역을 실좌표로 읽었다. 위치는 도면대로지만 **래스터 계측 오차 ±3m** 가 남는다"
여의도고등학교 운동장-14,여의도고등학교,30-1,운동장 지반,여의도고등학교 운동장,0,194145.984,547280.117,0.0,A− 도면기준(대응·제원 추론 포함),배치도 경계(래스터 계측) + 분석지점도 격자,도면,"격자 수·방위는 옥외체육장 분석지점도대로(칸마다 1점), **경계는 학교 위치 배치도에서 계측**했다. 배치도는 운동장을 해치로 칠하므로 AL_D010 건물 선화에 맞춰 축척·평행이동을 역산(1.270 m/화소)한 뒤 해치영역을 실좌표로 읽었다. 위치는 도면대로지만 **래스터 계측 오차 ±3m** 가 남는다"
여의도고등학교 운동장-15,여의도고등학교,30-1,운동장 지반,여의도고등학교 운동장,0,194139.877,547287.935,0.0,A− 도면기준(대응·제원 추론 포함),배치도 경계(래스터 계측) + 분석지점도 격자,도면,"격자 수·방위는 옥외체육장 분석지점도대로(칸마다 1점), **경계는 학교 위치 배치도에서 계측**했다. 배치도는 운동장을 해치로 칠하므로 AL_D010 건물 선화에 맞춰 축척·평행이동을 역산(1.270 m/화소)한 뒤 해치영역을 실좌표로 읽었다. 위치는 도면대로지만 **래스터 계측 오차 ±3m** 가 남는다"
여의도고등학교 운동장-16,여의도고등학교,30-1,운동장 지반,여의도고등학교 운동장,0,194133.769,547295.752,0.0,A− 도면기준(대응·제원 추론 포함),배치도 경계(래스터 계측) + 분석지점도 격자,도면,"격자 수·방위는 옥외체육장 분석지점도대로(칸마다 1점), **경계는 학교 위치 배치도에서 계측**했다. 배치도는 운동장을 해치로 칠하므로 AL_D010 건물 선화에 맞춰 축척·평행이동을 역산(1.270 m/화소)한 뒤 해치영역을 실좌표로 읽었다. 위치는 도면대로지만 **래스터 계측 오차 ±3m** 가 남는다"
여의도고등학교 운동장-17,여의도고등학교,30-1,운동장 지반,여의도고등학교 운동장,0,194127.661,547303.569,0.0,A− 도면기준(대응·제원 추론 포함),배치도 경계(래스터 계측) + 분석지점도 격자,도면,"격자 수·방위는 옥외체육장 분석지점도대로(칸마다 1점), **경계는 학교 위치 배치도에서 계측**했다. 배치도는 운동장을 해치로 칠하므로 AL_D010 건물 선화에 맞춰 축척·평행이동을 역산(1.270 m/화소)한 뒤 해치영역을 실좌표로 읽었다. 위치는 도면대로지만 **래스터 계측 오차 ±3m** 가 남는다"
여의도고등학교 운동장-18,여의도고등학교,30-1,운동장 지반,여의도고등학교 운동장,0,194121.554,547311.387,0.0,A− 도면기준(대응·제원 추론 포함),배치도 경계(래스터 계측) + 분석지점도 격자,도면,"격자 수·방위는 옥외체육장 분석지점도대로(칸마다 1점), **경계는 학교 위치 배치도에서 계측**했다. 배치도는 운동장을 해치로 칠하므로 AL_D010 건물 선화에 맞춰 축척·평행이동을 역산(1.270 m/화소)한 뒤 해치영역을 실좌표로 읽었다. 위치는 도면대로지만 **래스터 계측 오차 ±3m** 가 남는다"
여의도고등학교 운동장-19,여의도고등학교,30-1,운동장 지반,여의도고등학교 운동장,0,194115.446,547319.204,0.0,A− 도면기준(대응·제원 추론 포함),배치도 경계(래스터 계측) + 분석지점도 격자,도면,"격자 수·방위는 옥외체육장 분석지점도대로(칸마다 1점), **경계는 학교 위치 배치도에서 계측**했다. 배치도는 운동장을 해치로 칠하므로 AL_D010 건물 선화에 맞춰 축척·평행이동을 역산(1.270 m/화소)한 뒤 해치영역을 실좌표로 읽었다. 위치는 도면대로지만 **래스터 계측 오차 ±3m** 가 남는다"
여의도고등학교 운동장-20,여의도고등학교,30-1,운동장 지반,여의도고등학교 운동장,0,194109.339,547327.021,0.0,A− 도면기준(대응·제원 추론 포함),배치도 경계(래스터 계측) + 분석지점도 격자,도면,"격자 수·방위는 옥외체육장 분석지점도대로(칸마다 1점), **경계는 학교 위치 배치도에서 계측**했다. 배치도는 운동장을 해치로 칠하므로 AL_D010 건물 선화에 맞춰 축척·평행이동을 역산(1.270 m/화소)한 뒤 해치영역을 실좌표로 읽었다. 위치는 도면대로지만 **래스터 계측 오차 ±3m** 가 남는다"
여의도고등학교 운동장-21,여의도고등학교,30-1,운동장 지반,여의도고등학교 운동장,0,194155.754,547249.983,0.0,A− 도면기준(대응·제원 추론 포함),배치도 경계(래스터 계측) + 분석지점도 격자,도면,"격자 수·방위는 옥외체육장 분석지점도대로(칸마다 1점), **경계는 학교 위치 배치도에서 계측**했다. 배치도는 운동장을 해치로 칠하므로 AL_D010 건물 선화에 맞춰 축척·평행이동을 역산(1.270 m/화소)한 뒤 해치영역을 실좌표로 읽었다. 위치는 도면대로지만 **래스터 계측 오차 ±3m** 가 남는다"
여의도고등학교 운동장-22,여의도고등학교,30-1,운동장 지반,여의도고등학교 운동장,0,194149.646,547257.8,0.0,A− 도면기준(대응·제원 추론 포함),배치도 경계(래스터 계측) + 분석지점도 격자,도면,"격자 수·방위는 옥외체육장 분석지점도대로(칸마다 1점), **경계는 학교 위치 배치도에서 계측**했다. 배치도는 운동장을 해치로 칠하므로 AL_D010 건물 선화에 맞춰 축척·평행이동을 역산(1.270 m/화소)한 뒤 해치영역을 실좌표로 읽었다. 위치는 도면대로지만 **래스터 계측 오차 ±3m** 가 남는다"
여의도고등학교 운동장-23,여의도고등학교,30-1,운동장 지반,여의도고등학교 운동장,0,194143.539,547265.618,0.0,A− 도면기준(대응·제원 추론 포함),배치도 경계(래스터 계측) + 분석지점도 격자,도면,"격자 수·방위는 옥외체육장 분석지점도대로(칸마다 1점), **경계는 학교 위치 배치도에서 계측**했다. 배치도는 운동장을 해치로 칠하므로 AL_D010 건물 선화에 맞춰 축척·평행이동을 역산(1.270 m/화소)한 뒤 해치영역을 실좌표로 읽었다. 위치는 도면대로지만 **래스터 계측 오차 ±3m** 가 남는다"
여의도고등학교 운동장-24,여의도고등학교,30-1,운동장 지반,여의도고등학교 운동장,0,194137.431,547273.435,0.0,A− 도면기준(대응·제원 추론 포함),배치도 경계(래스터 계측) + 분석지점도 격자,도면,"격자 수·방위는 옥외체육장 분석지점도대로(칸마다 1점), **경계는 학교 위치 배치도에서 계측**했다. 배치도는 운동장을 해치로 칠하므로 AL_D010 건물 선화에 맞춰 축척·평행이동을 역산(1.270 m/화소)한 뒤 해치영역을 실좌표로 읽었다. 위치는 도면대로지만 **래스터 계측 오차 ±3m** 가 남는다"
여의도고등학교 운동장-25,여의도고등학교,30-1,운동장 지반,여의도고등학교 운동장,0,194131.324,547281.252,0.0,A− 도면기준(대응·제원 추론 포함),배치도 경계(래스터 계측) + 분석지점도 격자,도면,"격자 수·방위는 옥외체육장 분석지점도대로(칸마다 1점), **경계는 학교 위치 배치도에서 계측**했다. 배치도는 운동장을 해치로 칠하므로 AL_D010 건물 선화에 맞춰 축척·평행이동을 역산(1.270 m/화소)한 뒤 해치영역을 실좌표로 읽었다. 위치는 도면대로지만 **래스터 계측 오차 ±3m** 가 남는다"
여의도고등학교 운동장-26,여의도고등학교,30-1,운동장 지반,여의도고등학교 운동장,0,194125.216,547289.07,0.0,A− 도면기준(대응·제원 추론 포함),배치도 경계(래스터 계측) + 분석지점도 격자,도면,"격자 수·방위는 옥외체육장 분석지점도대로(칸마다 1점), **경계는 학교 위치 배치도에서 계측**했다. 배치도는 운동장을 해치로 칠하므로 AL_D010 건물 선화에 맞춰 축척·평행이동을 역산(1.270 m/화소)한 뒤 해치영역을 실좌표로 읽었다. 위치는 도면대로지만 **래스터 계측 오차 ±3m** 가 남는다"
여의도고등학교 운동장-27,여의도고등학교,30-1,운동장 지반,여의도고등학교 운동장,0,194119.109,547296.887,0.0,A− 도면기준(대응·제원 추론 포함),배치도 경계(래스터 계측) + 분석지점도 격자,도면,"격자 수·방위는 옥외체육장 분석지점도대로(칸마다 1점), **경계는 학교 위치 배치도에서 계측**했다. 배치도는 운동장을 해치로 칠하므로 AL_D010 건물 선화에 맞춰 축척·평행이동을 역산(1.270 m/화소)한 뒤 해치영역을 실좌표로 읽었다. 위치는 도면대로지만 **래스터 계측 오차 ±3m** 가 남는다"
여의도고등학교 운동장-28,여의도고등학교,30-1,운동장 지반,여의도고등학교 운동장,0,194113.001,547304.704,0.0,A− 도면기준(대응·제원 추론 포함),배치도 경계(래스터 계측) + 분석지점도 격자,도면,"격자 수·방위는 옥외체육장 분석지점도대로(칸마다 1점), **경계는 학교 위치 배치도에서 계측**했다. 배치도는 운동장을 해치로 칠하므로 AL_D010 건물 선화에 맞춰 축척·평행이동을 역산(1.270 m/화소)한 뒤 해치영역을 실좌표로 읽었다. 위치는 도면대로지만 **래스터 계측 오차 ±3m** 가 남는다"
여의도고등학교 운동장-29,여의도고등학교,30-1,운동장 지반,여의도고등학교 운동장,0,194106.893,547312.522,0.0,A− 도면기준(대응·제원 추론 포함),배치도 경계(래스터 계측) + 분석지점도 격자,도면,"격자 수·방위는 옥외체육장 분석지점도대로(칸마다 1점), **경계는 학교 위치 배치도에서 계측**했다. 배치도는 운동장을 해치로 칠하므로 AL_D010 건물 선화에 맞춰 축척·평행이동을 역산(1.270 m/화소)한 뒤 해치영역을 실좌표로 읽었다. 위치는 도면대로지만 **래스터 계측 오차 ±3m** 가 남는다"
여의도고등학교 운동장-30,여의도고등학교,30-1,운동장 지반,여의도고등학교 운동장,0,194100.786,547320.339,0.0,A− 도면기준(대응·제원 추론 포함),배치도 경계(래스터 계측) + 분석지점도 격자,도면,"격자 수·방위는 옥외체육장 분석지점도대로(칸마다 1점), **경계는 학교 위치 배치도에서 계측**했다. 배치도는 운동장을 해치로 칠하므로 AL_D010 건물 선화에 맞춰 축척·평행이동을 역산(1.270 m/화소)한 뒤 해치영역을 실좌표로 읽었다. 위치는 도면대로지만 **래스터 계측 오차 ±3m** 가 남는다"
여의도고등학교 운동장-31,여의도고등학교,30-1,운동장 지반,여의도고등학교 운동장,0,194147.201,547243.301,0.0,A− 도면기준(대응·제원 추론 포함),배치도 경계(래스터 계측) + 분석지점도 격자,도면,"격자 수·방위는 옥외체육장 분석지점도대로(칸마다 1점), **경계는 학교 위치 배치도에서 계측**했다. 배치도는 운동장을 해치로 칠하므로 AL_D010 건물 선화에 맞춰 축척·평행이동을 역산(1.270 m/화소)한 뒤 해치영역을 실좌표로 읽었다. 위치는 도면대로지만 **래스터 계측 오차 ±3m** 가 남는다"
여의도고등학교 운동장-32,여의도고등학교,30-1,운동장 지반,여의도고등학교 운동장,0,194141.094,547251.118,0.0,A− 도면기준(대응·제원 추론 포함),배치도 경계(래스터 계측) + 분석지점도 격자,도면,"격자 수·방위는 옥외체육장 분석지점도대로(칸마다 1점), **경계는 학교 위치 배치도에서 계측**했다. 배치도는 운동장을 해치로 칠하므로 AL_D010 건물 선화에 맞춰 축척·평행이동을 역산(1.270 m/화소)한 뒤 해치영역을 실좌표로 읽었다. 위치는 도면대로지만 **래스터 계측 오차 ±3m** 가 남는다"
여의도고등학교 운동장-33,여의도고등학교,30-1,운동장 지반,여의도고등학교 운동장,0,194134.986,547258.935,0.0,A− 도면기준(대응·제원 추론 포함),배치도 경계(래스터 계측) + 분석지점도 격자,도면,"격자 수·방위는 옥외체육장 분석지점도대로(칸마다 1점), **경계는 학교 위치 배치도에서 계측**했다. 배치도는 운동장을 해치로 칠하므로 AL_D010 건물 선화에 맞춰 축척·평행이동을 역산(1.270 m/화소)한 뒤 해치영역을 실좌표로 읽었다. 위치는 도면대로지만 **래스터 계측 오차 ±3m** 가 남는다"
여의도고등학교 운동장-34,여의도고등학교,30-1,운동장 지반,여의도고등학교 운동장,0,194128.878,547266.753,0.0,A− 도면기준(대응·제원 추론 포함),배치도 경계(래스터 계측) + 분석지점도 격자,도면,"격자 수·방위는 옥외체육장 분석지점도대로(칸마다 1점), **경계는 학교 위치 배치도에서 계측**했다. 배치도는 운동장을 해치로 칠하므로 AL_D010 건물 선화에 맞춰 축척·평행이동을 역산(1.270 m/화소)한 뒤 해치영역을 실좌표로 읽었다. 위치는 도면대로지만 **래스터 계측 오차 ±3m** 가 남는다"
여의도고등학교 운동장-35,여의도고등학교,30-1,운동장 지반,여의도고등학교 운동장,0,194122.771,547274.57,0.0,A− 도면기준(대응·제원 추론 포함),배치도 경계(래스터 계측) + 분석지점도 격자,도면,"격자 수·방위는 옥외체육장 분석지점도대로(칸마다 1점), **경계는 학교 위치 배치도에서 계측**했다. 배치도는 운동장을 해치로 칠하므로 AL_D010 건물 선화에 맞춰 축척·평행이동을 역산(1.270 m/화소)한 뒤 해치영역을 실좌표로 읽었다. 위치는 도면대로지만 **래스터 계측 오차 ±3m** 가 남는다"
여의도고등학교 운동장-36,여의도고등학교,30-1,운동장 지반,여의도고등학교 운동장,0,194116.663,547282.387,0.0,A− 도면기준(대응·제원 추론 포함),배치도 경계(래스터 계측) + 분석지점도 격자,도면,"격자 수·방위는 옥외체육장 분석지점도대로(칸마다 1점), **경계는 학교 위치 배치도에서 계측**했다. 배치도는 운동장을 해치로 칠하므로 AL_D010 건물 선화에 맞춰 축척·평행이동을 역산(1.270 m/화소)한 뒤 해치영역을 실좌표로 읽었다. 위치는 도면대로지만 **래스터 계측 오차 ±3m** 가 남는다"
여의도고등학교 운동장-37,여의도고등학교,30-1,운동장 지반,여의도고등학교 운동장,0,194110.556,547290.205,0.0,A− 도면기준(대응·제원 추론 포함),배치도 경계(래스터 계측) + 분석지점도 격자,도면,"격자 수·방위는 옥외체육장 분석지점도대로(칸마다 1점), **경계는 학교 위치 배치도에서 계측**했다. 배치도는 운동장을 해치로 칠하므로 AL_D010 건물 선화에 맞춰 축척·평행이동을 역산(1.270 m/화소)한 뒤 해치영역을 실좌표로 읽었다. 위치는 도면대로지만 **래스터 계측 오차 ±3m** 가 남는다"
여의도고등학교 운동장-38,여의도고등학교,30-1,운동장 지반,여의도고등학교 운동장,0,194104.448,547298.022,0.0,A− 도면기준(대응·제원 추론 포함),배치도 경계(래스터 계측) + 분석지점도 격자,도면,"격자 수·방위는 옥외체육장 분석지점도대로(칸마다 1점), **경계는 학교 위치 배치도에서 계측**했다. 배치도는 운동장을 해치로 칠하므로 AL_D010 건물 선화에 맞춰 축척·평행이동을 역산(1.270 m/화소)한 뒤 해치영역을 실좌표로 읽었다. 위치는 도면대로지만 **래스터 계측 오차 ±3m** 가 남는다"
여의도고등학교 운동장-39,여의도고등학교,30-1,운동장 지반,여의도고등학교 운동장,0,194098.341,547305.839,0.0,A− 도면기준(대응·제원 추론 포함),배치도 경계(래스터 계측) + 분석지점도 격자,도면,"격자 수·방위는 옥외체육장 분석지점도대로(칸마다 1점), **경계는 학교 위치 배치도에서 계측**했다. 배치도는 운동장을 해치로 칠하므로 AL_D010 건물 선화에 맞춰 축척·평행이동을 역산(1.270 m/화소)한 뒤 해치영역을 실좌표로 읽었다. 위치는 도면대로지만 **래스터 계측 오차 ±3m** 가 남는다"
여의도고등학교 운동장-40,여의도고등학교,30-1,운동장 지반,여의도고등학교 운동장,0,194092.233,547313.657,0.0,A− 도면기준(대응·제원 추론 포함),배치도 경계(래스터 계측) + 분석지점도 격자,도면,"격자 수·방위는 옥외체육장 분석지점도대로(칸마다 1점), **경계는 학교 위치 배치도에서 계측**했다. 배치도는 운동장을 해치로 칠하므로 AL_D010 건물 선화에 맞춰 축척·평행이동을 역산(1.270 m/화소)한 뒤 해치영역을 실좌표로 읽었다. 위치는 도면대로지만 **래스터 계측 오차 ±3m** 가 남는다"
여의도고등학교 운동장-41,여의도고등학교,30-1,운동장 지반,여의도고등학교 운동장,0,194138.648,547236.619,0.0,A− 도면기준(대응·제원 추론 포함),배치도 경계(래스터 계측) + 분석지점도 격자,도면,"격자 수·방위는 옥외체육장 분석지점도대로(칸마다 1점), **경계는 학교 위치 배치도에서 계측**했다. 배치도는 운동장을 해치로 칠하므로 AL_D010 건물 선화에 맞춰 축척·평행이동을 역산(1.270 m/화소)한 뒤 해치영역을 실좌표로 읽었다. 위치는 도면대로지만 **래스터 계측 오차 ±3m** 가 남는다"
여의도고등학교 운동장-42,여의도고등학교,30-1,운동장 지반,여의도고등학교 운동장,0,194132.541,547244.436,0.0,A− 도면기준(대응·제원 추론 포함),배치도 경계(래스터 계측) + 분석지점도 격자,도면,"격자 수·방위는 옥외체육장 분석지점도대로(칸마다 1점), **경계는 학교 위치 배치도에서 계측**했다. 배치도는 운동장을 해치로 칠하므로 AL_D010 건물 선화에 맞춰 축척·평행이동을 역산(1.270 m/화소)한 뒤 해치영역을 실좌표로 읽었다. 위치는 도면대로지만 **래스터 계측 오차 ±3m** 가 남는다"
여의도고등학교 운동장-43,여의도고등학교,30-1,운동장 지반,여의도고등학교 운동장,0,194126.433,547252.253,0.0,A− 도면기준(대응·제원 추론 포함),배치도 경계(래스터 계측) + 분석지점도 격자,도면,"격자 수·방위는 옥외체육장 분석지점도대로(칸마다 1점), **경계는 학교 위치 배치도에서 계측**했다. 배치도는 운동장을 해치로 칠하므로 AL_D010 건물 선화에 맞춰 축척·평행이동을 역산(1.270 m/화소)한 뒤 해치영역을 실좌표로 읽었다. 위치는 도면대로지만 **래스터 계측 오차 ±3m** 가 남는다"
여의도고등학교 운동장-44,여의도고등학교,30-1,운동장 지반,여의도고등학교 운동장,0,194120.326,547260.071,0.0,A− 도면기준(대응·제원 추론 포함),배치도 경계(래스터 계측) + 분석지점도 격자,도면,"격자 수·방위는 옥외체육장 분석지점도대로(칸마다 1점), **경계는 학교 위치 배치도에서 계측**했다. 배치도는 운동장을 해치로 칠하므로 AL_D010 건물 선화에 맞춰 축척·평행이동을 역산(1.270 m/화소)한 뒤 해치영역을 실좌표로 읽었다. 위치는 도면대로지만 **래스터 계측 오차 ±3m** 가 남는다"
여의도고등학교 운동장-45,여의도고등학교,30-1,운동장 지반,여의도고등학교 운동장,0,194114.218,547267.888,0.0,A− 도면기준(대응·제원 추론 포함),배치도 경계(래스터 계측) + 분석지점도 격자,도면,"격자 수·방위는 옥외체육장 분석지점도대로(칸마다 1점), **경계는 학교 위치 배치도에서 계측**했다. 배치도는 운동장을 해치로 칠하므로 AL_D010 건물 선화에 맞춰 축척·평행이동을 역산(1.270 m/화소)한 뒤 해치영역을 실좌표로 읽었다. 위치는 도면대로지만 **래스터 계측 오차 ±3m** 가 남는다"
여의도고등학교 운동장-46,여의도고등학교,30-1,운동장 지반,여의도고등학교 운동장,0,194108.11,547275.705,0.0,A− 도면기준(대응·제원 추론 포함),배치도 경계(래스터 계측) + 분석지점도 격자,도면,"격자 수·방위는 옥외체육장 분석지점도대로(칸마다 1점), **경계는 학교 위치 배치도에서 계측**했다. 배치도는 운동장을 해치로 칠하므로 AL_D010 건물 선화에 맞춰 축척·평행이동을 역산(1.270 m/화소)한 뒤 해치영역을 실좌표로 읽었다. 위치는 도면대로지만 **래스터 계측 오차 ±3m** 가 남는다"
여의도고등학교 운동장-47,여의도고등학교,30-1,운동장 지반,여의도고등학교 운동장,0,194102.003,547283.523,0.0,A− 도면기준(대응·제원 추론 포함),배치도 경계(래스터 계측) + 분석지점도 격자,도면,"격자 수·방위는 옥외체육장 분석지점도대로(칸마다 1점), **경계는 학교 위치 배치도에서 계측**했다. 배치도는 운동장을 해치로 칠하므로 AL_D010 건물 선화에 맞춰 축척·평행이동을 역산(1.270 m/화소)한 뒤 해치영역을 실좌표로 읽었다. 위치는 도면대로지만 **래스터 계측 오차 ±3m** 가 남는다"
여의도고등학교 운동장-48,여의도고등학교,30-1,운동장 지반,여의도고등학교 운동장,0,194095.895,547291.34,0.0,A− 도면기준(대응·제원 추론 포함),배치도 경계(래스터 계측) + 분석지점도 격자,도면,"격자 수·방위는 옥외체육장 분석지점도대로(칸마다 1점), **경계는 학교 위치 배치도에서 계측**했다. 배치도는 운동장을 해치로 칠하므로 AL_D010 건물 선화에 맞춰 축척·평행이동을 역산(1.270 m/화소)한 뒤 해치영역을 실좌표로 읽었다. 위치는 도면대로지만 **래스터 계측 오차 ±3m** 가 남는다"
여의도고등학교 운동장-49,여의도고등학교,30-1,운동장 지반,여의도고등학교 운동장,0,194089.788,547299.157,0.0,A− 도면기준(대응·제원 추론 포함),배치도 경계(래스터 계측) + 분석지점도 격자,도면,"격자 수·방위는 옥외체육장 분석지점도대로(칸마다 1점), **경계는 학교 위치 배치도에서 계측**했다. 배치도는 운동장을 해치로 칠하므로 AL_D010 건물 선화에 맞춰 축척·평행이동을 역산(1.270 m/화소)한 뒤 해치영역을 실좌표로 읽었다. 위치는 도면대로지만 **래스터 계측 오차 ±3m** 가 남는다"
여의도고등학교 운동장-50,여의도고등학교,30-1,운동장 지반,여의도고등학교 운동장,0,194083.68,547306.975,0.0,A− 도면기준(대응·제원 추론 포함),배치도 경계(래스터 계측) + 분석지점도 격자,도면,"격자 수·방위는 옥외체육장 분석지점도대로(칸마다 1점), **경계는 학교 위치 배치도에서 계측**했다. 배치도는 운동장을 해치로 칠하므로 AL_D010 건물 선화에 맞춰 축척·평행이동을 역산(1.270 m/화소)한 뒤 해치영역을 실좌표로 읽었다. 위치는 도면대로지만 **래스터 계측 오차 ±3m** 가 남는다"
여의도고등학교 운동장-51,여의도고등학교,30-1,운동장 지반,여의도고등학교 운동장,0,194130.095,547229.936,0.0,A− 도면기준(대응·제원 추론 포함),배치도 경계(래스터 계측) + 분석지점도 격자,도면,"격자 수·방위는 옥외체육장 분석지점도대로(칸마다 1점), **경계는 학교 위치 배치도에서 계측**했다. 배치도는 운동장을 해치로 칠하므로 AL_D010 건물 선화에 맞춰 축척·평행이동을 역산(1.270 m/화소)한 뒤 해치영역을 실좌표로 읽었다. 위치는 도면대로지만 **래스터 계측 오차 ±3m** 가 남는다"
여의도고등학교 운동장-52,여의도고등학교,30-1,운동장 지반,여의도고등학교 운동장,0,194123.988,547237.754,0.0,A− 도면기준(대응·제원 추론 포함),배치도 경계(래스터 계측) + 분석지점도 격자,도면,"격자 수·방위는 옥외체육장 분석지점도대로(칸마다 1점), **경계는 학교 위치 배치도에서 계측**했다. 배치도는 운동장을 해치로 칠하므로 AL_D010 건물 선화에 맞춰 축척·평행이동을 역산(1.270 m/화소)한 뒤 해치영역을 실좌표로 읽었다. 위치는 도면대로지만 **래스터 계측 오차 ±3m** 가 남는다"
여의도고등학교 운동장-53,여의도고등학교,30-1,운동장 지반,여의도고등학교 운동장,0,194117.88,547245.571,0.0,A− 도면기준(대응·제원 추론 포함),배치도 경계(래스터 계측) + 분석지점도 격자,도면,"격자 수·방위는 옥외체육장 분석지점도대로(칸마다 1점), **경계는 학교 위치 배치도에서 계측**했다. 배치도는 운동장을 해치로 칠하므로 AL_D010 건물 선화에 맞춰 축척·평행이동을 역산(1.270 m/화소)한 뒤 해치영역을 실좌표로 읽었다. 위치는 도면대로지만 **래스터 계측 오차 ±3m** 가 남는다"
여의도고등학교 운동장-54,여의도고등학교,30-1,운동장 지반,여의도고등학교 운동장,0,194111.773,547253.388,0.0,A− 도면기준(대응·제원 추론 포함),배치도 경계(래스터 계측) + 분석지점도 격자,도면,"격자 수·방위는 옥외체육장 분석지점도대로(칸마다 1점), **경계는 학교 위치 배치도에서 계측**했다. 배치도는 운동장을 해치로 칠하므로 AL_D010 건물 선화에 맞춰 축척·평행이동을 역산(1.270 m/화소)한 뒤 해치영역을 실좌표로 읽었다. 위치는 도면대로지만 **래스터 계측 오차 ±3m** 가 남는다"
여의도고등학교 운동장-55,여의도고등학교,30-1,운동장 지반,여의도고등학교 운동장,0,194105.665,547261.206,0.0,A− 도면기준(대응·제원 추론 포함),배치도 경계(래스터 계측) + 분석지점도 격자,도면,"격자 수·방위는 옥외체육장 분석지점도대로(칸마다 1점), **경계는 학교 위치 배치도에서 계측**했다. 배치도는 운동장을 해치로 칠하므로 AL_D010 건물 선화에 맞춰 축척·평행이동을 역산(1.270 m/화소)한 뒤 해치영역을 실좌표로 읽었다. 위치는 도면대로지만 **래스터 계측 오차 ±3m** 가 남는다"
여의도고등학교 운동장-56,여의도고등학교,30-1,운동장 지반,여의도고등학교 운동장,0,194099.558,547269.023,0.0,A− 도면기준(대응·제원 추론 포함),배치도 경계(래스터 계측) + 분석지점도 격자,도면,"격자 수·방위는 옥외체육장 분석지점도대로(칸마다 1점), **경계는 학교 위치 배치도에서 계측**했다. 배치도는 운동장을 해치로 칠하므로 AL_D010 건물 선화에 맞춰 축척·평행이동을 역산(1.270 m/화소)한 뒤 해치영역을 실좌표로 읽었다. 위치는 도면대로지만 **래스터 계측 오차 ±3m** 가 남는다"
여의도고등학교 운동장-57,여의도고등학교,30-1,운동장 지반,여의도고등학교 운동장,0,194093.45,547276.84,0.0,A− 도면기준(대응·제원 추론 포함),배치도 경계(래스터 계측) + 분석지점도 격자,도면,"격자 수·방위는 옥외체육장 분석지점도대로(칸마다 1점), **경계는 학교 위치 배치도에서 계측**했다. 배치도는 운동장을 해치로 칠하므로 AL_D010 건물 선화에 맞춰 축척·평행이동을 역산(1.270 m/화소)한 뒤 해치영역을 실좌표로 읽었다. 위치는 도면대로지만 **래스터 계측 오차 ±3m** 가 남는다"
여의도고등학교 운동장-58,여의도고등학교,30-1,운동장 지반,여의도고등학교 운동장,0,194087.342,547284.658,0.0,A− 도면기준(대응·제원 추론 포함),배치도 경계(래스터 계측) + 분석지점도 격자,도면,"격자 수·방위는 옥외체육장 분석지점도대로(칸마다 1점), **경계는 학교 위치 배치도에서 계측**했다. 배치도는 운동장을 해치로 칠하므로 AL_D010 건물 선화에 맞춰 축척·평행이동을 역산(1.270 m/화소)한 뒤 해치영역을 실좌표로 읽었다. 위치는 도면대로지만 **래스터 계측 오차 ±3m** 가 남는다"
여의도고등학교 운동장-59,여의도고등학교,30-1,운동장 지반,여의도고등학교 운동장,0,194081.235,547292.475,0.0,A− 도면기준(대응·제원 추론 포함),배치도 경계(래스터 계측) + 분석지점도 격자,도면,"격자 수·방위는 옥외체육장 분석지점도대로(칸마다 1점), **경계는 학교 위치 배치도에서 계측**했다. 배치도는 운동장을 해치로 칠하므로 AL_D010 건물 선화에 맞춰 축척·평행이동을 역산(1.270 m/화소)한 뒤 해치영역을 실좌표로 읽었다. 위치는 도면대로지만 **래스터 계측 오차 ±3m** 가 남는다"
여의도고등학교 운동장-60,여의도고등학교,30-1,운동장 지반,여의도고등학교 운동장,0,194075.127,547300.292,0.0,A− 도면기준(대응·제원 추론 포함),배치도 경계(래스터 계측) + 분석지점도 격자,도면,"격자 수·방위는 옥외체육장 분석지점도대로(칸마다 1점), **경계는 학교 위치 배치도에서 계측**했다. 배치도는 운동장을 해치로 칠하므로 AL_D010 건물 선화에 맞춰 축척·평행이동을 역산(1.270 m/화소)한 뒤 해치영역을 실좌표로 읽었다. 위치는 도면대로지만 **래스터 계측 오차 ±3m** 가 남는다"
본관(5층) 2층-1,여의도중학교,40-1,교사동 창면,본관(5층),2,194272.149,547221.36,6.3,A 도면기준,본관 정면도 + 체육관동 배면도 레벨치수,도면,층 바닥레벨(0/3.9/7.5/11.1/14.7)은 도면 치수 실측. 창 1.35~3.45m 는 정면도 창 띠를 픽셀 계측. 수평 배치는 교실모듈 9m 가정(제외구간 4곳은 정면도 실측)
본관(5층) 3층-1,여의도중학교,40-1,교사동 창면,본관(5층),3,194272.149,547221.36,9.9,A 도면기준,본관 정면도 + 체육관동 배면도 레벨치수,도면,층 바닥레벨(0/3.9/7.5/11.1/14.7)은 도면 치수 실측. 창 1.35~3.45m 는 정면도 창 띠를 픽셀 계측. 수평 배치는 교실모듈 9m 가정(제외구간 4곳은 정면도 실측)
본관(5층) 4층-1,여의도중학교,40-1,교사동 창면,본관(5층),4,194272.149,547221.36,13.5,A 도면기준,본관 정면도 + 체육관동 배면도 레벨치수,도면,층 바닥레벨(0/3.9/7.5/11.1/14.7)은 도면 치수 실측. 창 1.35~3.45m 는 정면도 창 띠를 픽셀 계측. 수평 배치는 교실모듈 9m 가정(제외구간 4곳은 정면도 실측)
본관(5층) 5층-1,여의도중학교,40-1,교사동 창면,본관(5층),5,194272.149,547221.36,17.1,A 도면기준,본관 정면도 + 체육관동 배면도 레벨치수,도면,층 바닥레벨(0/3.9/7.5/11.1/14.7)은 도면 치수 실측. 창 1.35~3.45m 는 정면도 창 띠를 픽셀 계측. 수평 배치는 교실모듈 9m 가정(제외구간 4곳은 정면도 실측)
본관(5층) 1층-1,여의도중학교,40-1,교사동 창면,본관(5층),1,194274.423,547218.569,2.4,A 도면기준,본관 정면도 + 체육관동 배면도 레벨치수,도면,층 바닥레벨(0/3.9/7.5/11.1/14.7)은 도면 치수 실측. 창 1.35~3.45m 는 정면도 창 띠를 픽셀 계측. 수평 배치는 교실모듈 9m 가정(제외구간 4곳은 정면도 실측)
본관(5층) 2층-2,여의도중학교,40-1,교사동 창면,본관(5층),2,194274.423,547218.569,6.3,A 도면기준,본관 정면도 + 체육관동 배면도 레벨치수,도면,층 바닥레벨(0/3.9/7.5/11.1/14.7)은 도면 치수 실측. 창 1.35~3.45m 는 정면도 창 띠를 픽셀 계측. 수평 배치는 교실모듈 9m 가정(제외구간 4곳은 정면도 실측)
본관(5층) 3층-2,여의도중학교,40-1,교사동 창면,본관(5층),3,194274.423,547218.569,9.9,A 도면기준,본관 정면도 + 체육관동 배면도 레벨치수,도면,층 바닥레벨(0/3.9/7.5/11.1/14.7)은 도면 치수 실측. 창 1.35~3.45m 는 정면도 창 띠를 픽셀 계측. 수평 배치는 교실모듈 9m 가정(제외구간 4곳은 정면도 실측)
본관(5층) 4층-2,여의도중학교,40-1,교사동 창면,본관(5층),4,194274.423,547218.569,13.5,A 도면기준,본관 정면도 + 체육관동 배면도 레벨치수,도면,층 바닥레벨(0/3.9/7.5/11.1/14.7)은 도면 치수 실측. 창 1.35~3.45m 는 정면도 창 띠를 픽셀 계측. 수평 배치는 교실모듈 9m 가정(제외구간 4곳은 정면도 실측)
본관(5층) 5층-2,여의도중학교,40-1,교사동 창면,본관(5층),5,194274.423,547218.569,17.1,A 도면기준,본관 정면도 + 체육관동 배면도 레벨치수,도면,층 바닥레벨(0/3.9/7.5/11.1/14.7)은 도면 치수 실측. 창 1.35~3.45m 는 정면도 창 띠를 픽셀 계측. 수평 배치는 교실모듈 9m 가정(제외구간 4곳은 정면도 실측)
본관(5층) 1층-2,여의도중학교,40-1,교사동 창면,본관(5층),1,194277.835,547214.384,2.4,A 도면기준,본관 정면도 + 체육관동 배면도 레벨치수,도면,층 바닥레벨(0/3.9/7.5/11.1/14.7)은 도면 치수 실측. 창 1.35~3.45m 는 정면도 창 띠를 픽셀 계측. 수평 배치는 교실모듈 9m 가정(제외구간 4곳은 정면도 실측)
본관(5층) 2층-3,여의도중학교,40-1,교사동 창면,본관(5층),2,194277.835,547214.384,6.3,A 도면기준,본관 정면도 + 체육관동 배면도 레벨치수,도면,층 바닥레벨(0/3.9/7.5/11.1/14.7)은 도면 치수 실측. 창 1.35~3.45m 는 정면도 창 띠를 픽셀 계측. 수평 배치는 교실모듈 9m 가정(제외구간 4곳은 정면도 실측)
본관(5층) 3층-3,여의도중학교,40-1,교사동 창면,본관(5층),3,194277.835,547214.384,9.9,A 도면기준,본관 정면도 + 체육관동 배면도 레벨치수,도면,층 바닥레벨(0/3.9/7.5/11.1/14.7)은 도면 치수 실측. 창 1.35~3.45m 는 정면도 창 띠를 픽셀 계측. 수평 배치는 교실모듈 9m 가정(제외구간 4곳은 정면도 실측)
본관(5층) 4층-3,여의도중학교,40-1,교사동 창면,본관(5층),4,194277.835,547214.384,13.5,A 도면기준,본관 정면도 + 체육관동 배면도 레벨치수,도면,층 바닥레벨(0/3.9/7.5/11.1/14.7)은 도면 치수 실측. 창 1.35~3.45m 는 정면도 창 띠를 픽셀 계측. 수평 배치는 교실모듈 9m 가정(제외구간 4곳은 정면도 실측)
본관(5층) 5층-3,여의도중학교,40-1,교사동 창면,본관(5층),5,194277.835,547214.384,17.1,A 도면기준,본관 정면도 + 체육관동 배면도 레벨치수,도면,층 바닥레벨(0/3.9/7.5/11.1/14.7)은 도면 치수 실측. 창 1.35~3.45m 는 정면도 창 띠를 픽셀 계측. 수평 배치는 교실모듈 9m 가정(제외구간 4곳은 정면도 실측)
본관(5층) 1층-3,여의도중학교,40-1,교사동 창면,본관(5층),1,194280.109,547211.593,2.4,A 도면기준,본관 정면도 + 체육관동 배면도 레벨치수,도면,층 바닥레벨(0/3.9/7.5/11.1/14.7)은 도면 치수 실측. 창 1.35~3.45m 는 정면도 창 띠를 픽셀 계측. 수평 배치는 교실모듈 9m 가정(제외구간 4곳은 정면도 실측)
본관(5층) 2층-4,여의도중학교,40-1,교사동 창면,본관(5층),2,194280.109,547211.593,6.3,A 도면기준,본관 정면도 + 체육관동 배면도 레벨치수,도면,층 바닥레벨(0/3.9/7.5/11.1/14.7)은 도면 치수 실측. 창 1.35~3.45m 는 정면도 창 띠를 픽셀 계측. 수평 배치는 교실모듈 9m 가정(제외구간 4곳은 정면도 실측)
본관(5층) 3층-4,여의도중학교,40-1,교사동 창면,본관(5층),3,194280.109,547211.593,9.9,A 도면기준,본관 정면도 + 체육관동 배면도 레벨치수,도면,층 바닥레벨(0/3.9/7.5/11.1/14.7)은 도면 치수 실측. 창 1.35~3.45m 는 정면도 창 띠를 픽셀 계측. 수평 배치는 교실모듈 9m 가정(제외구간 4곳은 정면도 실측)
본관(5층) 4층-4,여의도중학교,40-1,교사동 창면,본관(5층),4,194280.109,547211.593,13.5,A 도면기준,본관 정면도 + 체육관동 배면도 레벨치수,도면,층 바닥레벨(0/3.9/7.5/11.1/14.7)은 도면 치수 실측. 창 1.35~3.45m 는 정면도 창 띠를 픽셀 계측. 수평 배치는 교실모듈 9m 가정(제외구간 4곳은 정면도 실측)
본관(5층) 5층-4,여의도중학교,40-1,교사동 창면,본관(5층),5,194280.109,547211.593,17.1,A 도면기준,본관 정면도 + 체육관동 배면도 레벨치수,도면,층 바닥레벨(0/3.9/7.5/11.1/14.7)은 도면 치수 실측. 창 1.35~3.45m 는 정면도 창 띠를 픽셀 계측. 수평 배치는 교실모듈 9m 가정(제외구간 4곳은 정면도 실측)
본관(5층) 1층-4,여의도중학교,40-1,교사동 창면,본관(5층),1,194283.521,547207.407,2.4,A 도면기준,본관 정면도 + 체육관동 배면도 레벨치수,도면,층 바닥레벨(0/3.9/7.5/11.1/14.7)은 도면 치수 실측. 창 1.35~3.45m 는 정면도 창 띠를 픽셀 계측. 수평 배치는 교실모듈 9m 가정(제외구간 4곳은 정면도 실측)
본관(5층) 2층-5,여의도중학교,40-1,교사동 창면,본관(5층),2,194283.521,547207.407,6.3,A 도면기준,본관 정면도 + 체육관동 배면도 레벨치수,도면,층 바닥레벨(0/3.9/7.5/11.1/14.7)은 도면 치수 실측. 창 1.35~3.45m 는 정면도 창 띠를 픽셀 계측. 수평 배치는 교실모듈 9m 가정(제외구간 4곳은 정면도 실측)
본관(5층) 3층-5,여의도중학교,40-1,교사동 창면,본관(5층),3,194283.521,547207.407,9.9,A 도면기준,본관 정면도 + 체육관동 배면도 레벨치수,도면,층 바닥레벨(0/3.9/7.5/11.1/14.7)은 도면 치수 실측. 창 1.35~3.45m 는 정면도 창 띠를 픽셀 계측. 수평 배치는 교실모듈 9m 가정(제외구간 4곳은 정면도 실측)
본관(5층) 4층-5,여의도중학교,40-1,교사동 창면,본관(5층),4,194283.521,547207.407,13.5,A 도면기준,본관 정면도 + 체육관동 배면도 레벨치수,도면,층 바닥레벨(0/3.9/7.5/11.1/14.7)은 도면 치수 실측. 창 1.35~3.45m 는 정면도 창 띠를 픽셀 계측. 수평 배치는 교실모듈 9m 가정(제외구간 4곳은 정면도 실측)
본관(5층) 5층-5,여의도중학교,40-1,교사동 창면,본관(5층),5,194283.521,547207.407,17.1,A 도면기준,본관 정면도 + 체육관동 배면도 레벨치수,도면,층 바닥레벨(0/3.9/7.5/11.1/14.7)은 도면 치수 실측. 창 1.35~3.45m 는 정면도 창 띠를 픽셀 계측. 수평 배치는 교실모듈 9m 가정(제외구간 4곳은 정면도 실측)
본관(5층) 1층-5,여의도중학교,40-1,교사동 창면,본관(5층),1,194285.795,547204.617,2.4,A 도면기준,본관 정면도 + 체육관동 배면도 레벨치수,도면,층 바닥레벨(0/3.9/7.5/11.1/14.7)은 도면 치수 실측. 창 1.35~3.45m 는 정면도 창 띠를 픽셀 계측. 수평 배치는 교실모듈 9m 가정(제외구간 4곳은 정면도 실측)
본관(5층) 2층-6,여의도중학교,40-1,교사동 창면,본관(5층),2,194285.795,547204.617,6.3,A 도면기준,본관 정면도 + 체육관동 배면도 레벨치수,도면,층 바닥레벨(0/3.9/7.5/11.1/14.7)은 도면 치수 실측. 창 1.35~3.45m 는 정면도 창 띠를 픽셀 계측. 수평 배치는 교실모듈 9m 가정(제외구간 4곳은 정면도 실측)
본관(5층) 3층-6,여의도중학교,40-1,교사동 창면,본관(5층),3,194285.795,547204.617,9.9,A 도면기준,본관 정면도 + 체육관동 배면도 레벨치수,도면,층 바닥레벨(0/3.9/7.5/11.1/14.7)은 도면 치수 실측. 창 1.35~3.45m 는 정면도 창 띠를 픽셀 계측. 수평 배치는 교실모듈 9m 가정(제외구간 4곳은 정면도 실측)
본관(5층) 4층-6,여의도중학교,40-1,교사동 창면,본관(5층),4,194285.795,547204.617,13.5,A 도면기준,본관 정면도 + 체육관동 배면도 레벨치수,도면,층 바닥레벨(0/3.9/7.5/11.1/14.7)은 도면 치수 실측. 창 1.35~3.45m 는 정면도 창 띠를 픽셀 계측. 수평 배치는 교실모듈 9m 가정(제외구간 4곳은 정면도 실측)
본관(5층) 5층-6,여의도중학교,40-1,교사동 창면,본관(5층),5,194285.795,547204.617,17.1,A 도면기준,본관 정면도 + 체육관동 배면도 레벨치수,도면,층 바닥레벨(0/3.9/7.5/11.1/14.7)은 도면 치수 실측. 창 1.35~3.45m 는 정면도 창 띠를 픽셀 계측. 수평 배치는 교실모듈 9m 가정(제외구간 4곳은 정면도 실측)
본관(5층) 1층-6,여의도중학교,40-1,교사동 창면,본관(5층),1,194289.207,547200.431,2.4,A 도면기준,본관 정면도 + 체육관동 배면도 레벨치수,도면,층 바닥레벨(0/3.9/7.5/11.1/14.7)은 도면 치수 실측. 창 1.35~3.45m 는 정면도 창 띠를 픽셀 계측. 수평 배치는 교실모듈 9m 가정(제외구간 4곳은 정면도 실측)
본관(5층) 2층-7,여의도중학교,40-1,교사동 창면,본관(5층),2,194289.207,547200.431,6.3,A 도면기준,본관 정면도 + 체육관동 배면도 레벨치수,도면,층 바닥레벨(0/3.9/7.5/11.1/14.7)은 도면 치수 실측. 창 1.35~3.45m 는 정면도 창 띠를 픽셀 계측. 수평 배치는 교실모듈 9m 가정(제외구간 4곳은 정면도 실측)
본관(5층) 3층-7,여의도중학교,40-1,교사동 창면,본관(5층),3,194289.207,547200.431,9.9,A 도면기준,본관 정면도 + 체육관동 배면도 레벨치수,도면,층 바닥레벨(0/3.9/7.5/11.1/14.7)은 도면 치수 실측. 창 1.35~3.45m 는 정면도 창 띠를 픽셀 계측. 수평 배치는 교실모듈 9m 가정(제외구간 4곳은 정면도 실측)
본관(5층) 4층-7,여의도중학교,40-1,교사동 창면,본관(5층),4,194289.207,547200.431,13.5,A 도면기준,본관 정면도 + 체육관동 배면도 레벨치수,도면,층 바닥레벨(0/3.9/7.5/11.1/14.7)은 도면 치수 실측. 창 1.35~3.45m 는 정면도 창 띠를 픽셀 계측. 수평 배치는 교실모듈 9m 가정(제외구간 4곳은 정면도 실측)
본관(5층) 5층-7,여의도중학교,40-1,교사동 창면,본관(5층),5,194289.207,547200.431,17.1,A 도면기준,본관 정면도 + 체육관동 배면도 레벨치수,도면,층 바닥레벨(0/3.9/7.5/11.1/14.7)은 도면 치수 실측. 창 1.35~3.45m 는 정면도 창 띠를 픽셀 계측. 수평 배치는 교실모듈 9m 가정(제외구간 4곳은 정면도 실측)
본관(5층) 1층-7,여의도중학교,40-1,교사동 창면,본관(5층),1,194291.481,547197.64,2.4,A 도면기준,본관 정면도 + 체육관동 배면도 레벨치수,도면,층 바닥레벨(0/3.9/7.5/11.1/14.7)은 도면 치수 실측. 창 1.35~3.45m 는 정면도 창 띠를 픽셀 계측. 수평 배치는 교실모듈 9m 가정(제외구간 4곳은 정면도 실측)
본관(5층) 2층-8,여의도중학교,40-1,교사동 창면,본관(5층),2,194291.481,547197.64,6.3,A 도면기준,본관 정면도 + 체육관동 배면도 레벨치수,도면,층 바닥레벨(0/3.9/7.5/11.1/14.7)은 도면 치수 실측. 창 1.35~3.45m 는 정면도 창 띠를 픽셀 계측. 수평 배치는 교실모듈 9m 가정(제외구간 4곳은 정면도 실측)
본관(5층) 3층-8,여의도중학교,40-1,교사동 창면,본관(5층),3,194291.481,547197.64,9.9,A 도면기준,본관 정면도 + 체육관동 배면도 레벨치수,도면,층 바닥레벨(0/3.9/7.5/11.1/14.7)은 도면 치수 실측. 창 1.35~3.45m 는 정면도 창 띠를 픽셀 계측. 수평 배치는 교실모듈 9m 가정(제외구간 4곳은 정면도 실측)
본관(5층) 4층-8,여의도중학교,40-1,교사동 창면,본관(5층),4,194291.481,547197.64,13.5,A 도면기준,본관 정면도 + 체육관동 배면도 레벨치수,도면,층 바닥레벨(0/3.9/7.5/11.1/14.7)은 도면 치수 실측. 창 1.35~3.45m 는 정면도 창 띠를 픽셀 계측. 수평 배치는 교실모듈 9m 가정(제외구간 4곳은 정면도 실측)
본관(5층) 5층-8,여의도중학교,40-1,교사동 창면,본관(5층),5,194291.481,547197.64,17.1,A 도면기준,본관 정면도 + 체육관동 배면도 레벨치수,도면,층 바닥레벨(0/3.9/7.5/11.1/14.7)은 도면 치수 실측. 창 1.35~3.45m 는 정면도 창 띠를 픽셀 계측. 수평 배치는 교실모듈 9m 가정(제외구간 4곳은 정면도 실측)
본관(5층) 1층-8,여의도중학교,40-1,교사동 창면,본관(5층),1,194294.893,547193.455,2.4,A 도면기준,본관 정면도 + 체육관동 배면도 레벨치수,도면,층 바닥레벨(0/3.9/7.5/11.1/14.7)은 도면 치수 실측. 창 1.35~3.45m 는 정면도 창 띠를 픽셀 계측. 수평 배치는 교실모듈 9m 가정(제외구간 4곳은 정면도 실측)
본관(5층) 2층-9,여의도중학교,40-1,교사동 창면,본관(5층),2,194294.893,547193.455,6.3,A 도면기준,본관 정면도 + 체육관동 배면도 레벨치수,도면,층 바닥레벨(0/3.9/7.5/11.1/14.7)은 도면 치수 실측. 창 1.35~3.45m 는 정면도 창 띠를 픽셀 계측. 수평 배치는 교실모듈 9m 가정(제외구간 4곳은 정면도 실측)
본관(5층) 3층-9,여의도중학교,40-1,교사동 창면,본관(5층),3,194294.893,547193.455,9.9,A 도면기준,본관 정면도 + 체육관동 배면도 레벨치수,도면,층 바닥레벨(0/3.9/7.5/11.1/14.7)은 도면 치수 실측. 창 1.35~3.45m 는 정면도 창 띠를 픽셀 계측. 수평 배치는 교실모듈 9m 가정(제외구간 4곳은 정면도 실측)
본관(5층) 4층-9,여의도중학교,40-1,교사동 창면,본관(5층),4,194294.893,547193.455,13.5,A 도면기준,본관 정면도 + 체육관동 배면도 레벨치수,도면,층 바닥레벨(0/3.9/7.5/11.1/14.7)은 도면 치수 실측. 창 1.35~3.45m 는 정면도 창 띠를 픽셀 계측. 수평 배치는 교실모듈 9m 가정(제외구간 4곳은 정면도 실측)
본관(5층) 5층-9,여의도중학교,40-1,교사동 창면,본관(5층),5,194294.893,547193.455,17.1,A 도면기준,본관 정면도 + 체육관동 배면도 레벨치수,도면,층 바닥레벨(0/3.9/7.5/11.1/14.7)은 도면 치수 실측. 창 1.35~3.45m 는 정면도 창 띠를 픽셀 계측. 수평 배치는 교실모듈 9m 가정(제외구간 4곳은 정면도 실측)
본관(5층) 1층-9,여의도중학교,40-1,교사동 창면,본관(5층),1,194297.168,547190.664,2.4,A 도면기준,본관 정면도 + 체육관동 배면도 레벨치수,도면,층 바닥레벨(0/3.9/7.5/11.1/14.7)은 도면 치수 실측. 창 1.35~3.45m 는 정면도 창 띠를 픽셀 계측. 수평 배치는 교실모듈 9m 가정(제외구간 4곳은 정면도 실측)
본관(5층) 2층-10,여의도중학교,40-1,교사동 창면,본관(5층),2,194297.168,547190.664,6.3,A 도면기준,본관 정면도 + 체육관동 배면도 레벨치수,도면,층 바닥레벨(0/3.9/7.5/11.1/14.7)은 도면 치수 실측. 창 1.35~3.45m 는 정면도 창 띠를 픽셀 계측. 수평 배치는 교실모듈 9m 가정(제외구간 4곳은 정면도 실측)
본관(5층) 3층-10,여의도중학교,40-1,교사동 창면,본관(5층),3,194297.168,547190.664,9.9,A 도면기준,본관 정면도 + 체육관동 배면도 레벨치수,도면,층 바닥레벨(0/3.9/7.5/11.1/14.7)은 도면 치수 실측. 창 1.35~3.45m 는 정면도 창 띠를 픽셀 계측. 수평 배치는 교실모듈 9m 가정(제외구간 4곳은 정면도 실측)
본관(5층) 4층-10,여의도중학교,40-1,교사동 창면,본관(5층),4,194297.168,547190.664,13.5,A 도면기준,본관 정면도 + 체육관동 배면도 레벨치수,도면,층 바닥레벨(0/3.9/7.5/11.1/14.7)은 도면 치수 실측. 창 1.35~3.45m 는 정면도 창 띠를 픽셀 계측. 수평 배치는 교실모듈 9m 가정(제외구간 4곳은 정면도 실측)
본관(5층) 5층-10,여의도중학교,40-1,교사동 창면,본관(5층),5,194297.168,547190.664,17.1,A 도면기준,본관 정면도 + 체육관동 배면도 레벨치수,도면,층 바닥레벨(0/3.9/7.5/11.1/14.7)은 도면 치수 실측. 창 1.35~3.45m 는 정면도 창 띠를 픽셀 계측. 수평 배치는 교실모듈 9m 가정(제외구간 4곳은 정면도 실측)
본관(5층) 2층-11,여의도중학교,40-1,교사동 창면,본관(5층),2,194300.579,547186.478,6.3,A 도면기준,본관 정면도 + 체육관동 배면도 레벨치수,도면,층 바닥레벨(0/3.9/7.5/11.1/14.7)은 도면 치수 실측. 창 1.35~3.45m 는 정면도 창 띠를 픽셀 계측. 수평 배치는 교실모듈 9m 가정(제외구간 4곳은 정면도 실측)
본관(5층) 3층-11,여의도중학교,40-1,교사동 창면,본관(5층),3,194300.579,547186.478,9.9,A 도면기준,본관 정면도 + 체육관동 배면도 레벨치수,도면,층 바닥레벨(0/3.9/7.5/11.1/14.7)은 도면 치수 실측. 창 1.35~3.45m 는 정면도 창 띠를 픽셀 계측. 수평 배치는 교실모듈 9m 가정(제외구간 4곳은 정면도 실측)
본관(5층) 4층-11,여의도중학교,40-1,교사동 창면,본관(5층),4,194300.579,547186.478,13.5,A 도면기준,본관 정면도 + 체육관동 배면도 레벨치수,도면,층 바닥레벨(0/3.9/7.5/11.1/14.7)은 도면 치수 실측. 창 1.35~3.45m 는 정면도 창 띠를 픽셀 계측. 수평 배치는 교실모듈 9m 가정(제외구간 4곳은 정면도 실측)
본관(5층) 5층-11,여의도중학교,40-1,교사동 창면,본관(5층),5,194300.579,547186.478,17.1,A 도면기준,본관 정면도 + 체육관동 배면도 레벨치수,도면,층 바닥레벨(0/3.9/7.5/11.1/14.7)은 도면 치수 실측. 창 1.35~3.45m 는 정면도 창 띠를 픽셀 계측. 수평 배치는 교실모듈 9m 가정(제외구간 4곳은 정면도 실측)
본관(5층) 1층-10,여의도중학교,40-1,교사동 창면,본관(5층),1,194302.854,547183.688,2.4,A 도면기준,본관 정면도 + 체육관동 배면도 레벨치수,도면,층 바닥레벨(0/3.9/7.5/11.1/14.7)은 도면 치수 실측. 창 1.35~3.45m 는 정면도 창 띠를 픽셀 계측. 수평 배치는 교실모듈 9m 가정(제외구간 4곳은 정면도 실측)
본관(5층) 2층-12,여의도중학교,40-1,교사동 창면,본관(5층),2,194302.854,547183.688,6.3,A 도면기준,본관 정면도 + 체육관동 배면도 레벨치수,도면,층 바닥레벨(0/3.9/7.5/11.1/14.7)은 도면 치수 실측. 창 1.35~3.45m 는 정면도 창 띠를 픽셀 계측. 수평 배치는 교실모듈 9m 가정(제외구간 4곳은 정면도 실측)
본관(5층) 3층-12,여의도중학교,40-1,교사동 창면,본관(5층),3,194302.854,547183.688,9.9,A 도면기준,본관 정면도 + 체육관동 배면도 레벨치수,도면,층 바닥레벨(0/3.9/7.5/11.1/14.7)은 도면 치수 실측. 창 1.35~3.45m 는 정면도 창 띠를 픽셀 계측. 수평 배치는 교실모듈 9m 가정(제외구간 4곳은 정면도 실측)
본관(5층) 4층-12,여의도중학교,40-1,교사동 창면,본관(5층),4,194302.854,547183.688,13.5,A 도면기준,본관 정면도 + 체육관동 배면도 레벨치수,도면,층 바닥레벨(0/3.9/7.5/11.1/14.7)은 도면 치수 실측. 창 1.35~3.45m 는 정면도 창 띠를 픽셀 계측. 수평 배치는 교실모듈 9m 가정(제외구간 4곳은 정면도 실측)
본관(5층) 5층-12,여의도중학교,40-1,교사동 창면,본관(5층),5,194302.854,547183.688,17.1,A 도면기준,본관 정면도 + 체육관동 배면도 레벨치수,도면,층 바닥레벨(0/3.9/7.5/11.1/14.7)은 도면 치수 실측. 창 1.35~3.45m 는 정면도 창 띠를 픽셀 계측. 수평 배치는 교실모듈 9m 가정(제외구간 4곳은 정면도 실측)
본관(5층) 1층-11,여의도중학교,40-1,교사동 창면,본관(5층),1,194306.265,547179.502,2.4,A 도면기준,본관 정면도 + 체육관동 배면도 레벨치수,도면,층 바닥레벨(0/3.9/7.5/11.1/14.7)은 도면 치수 실측. 창 1.35~3.45m 는 정면도 창 띠를 픽셀 계측. 수평 배치는 교실모듈 9m 가정(제외구간 4곳은 정면도 실측)
본관(5층) 2층-13,여의도중학교,40-1,교사동 창면,본관(5층),2,194306.265,547179.502,6.3,A 도면기준,본관 정면도 + 체육관동 배면도 레벨치수,도면,층 바닥레벨(0/3.9/7.5/11.1/14.7)은 도면 치수 실측. 창 1.35~3.45m 는 정면도 창 띠를 픽셀 계측. 수평 배치는 교실모듈 9m 가정(제외구간 4곳은 정면도 실측)
본관(5층) 3층-13,여의도중학교,40-1,교사동 창면,본관(5층),3,194306.265,547179.502,9.9,A 도면기준,본관 정면도 + 체육관동 배면도 레벨치수,도면,층 바닥레벨(0/3.9/7.5/11.1/14.7)은 도면 치수 실측. 창 1.35~3.45m 는 정면도 창 띠를 픽셀 계측. 수평 배치는 교실모듈 9m 가정(제외구간 4곳은 정면도 실측)
본관(5층) 4층-13,여의도중학교,40-1,교사동 창면,본관(5층),4,194306.265,547179.502,13.5,A 도면기준,본관 정면도 + 체육관동 배면도 레벨치수,도면,층 바닥레벨(0/3.9/7.5/11.1/14.7)은 도면 치수 실측. 창 1.35~3.45m 는 정면도 창 띠를 픽셀 계측. 수평 배치는 교실모듈 9m 가정(제외구간 4곳은 정면도 실측)
본관(5층) 5층-13,여의도중학교,40-1,교사동 창면,본관(5층),5,194306.265,547179.502,17.1,A 도면기준,본관 정면도 + 체육관동 배면도 레벨치수,도면,층 바닥레벨(0/3.9/7.5/11.1/14.7)은 도면 치수 실측. 창 1.35~3.45m 는 정면도 창 띠를 픽셀 계측. 수평 배치는 교실모듈 9m 가정(제외구간 4곳은 정면도 실측)
본관(5층) 1층-12,여의도중학교,40-1,교사동 창면,본관(5층),1,194308.54,547176.712,2.4,A 도면기준,본관 정면도 + 체육관동 배면도 레벨치수,도면,층 바닥레벨(0/3.9/7.5/11.1/14.7)은 도면 치수 실측. 창 1.35~3.45m 는 정면도 창 띠를 픽셀 계측. 수평 배치는 교실모듈 9m 가정(제외구간 4곳은 정면도 실측)
본관(5층) 2층-14,여의도중학교,40-1,교사동 창면,본관(5층),2,194308.54,547176.712,6.3,A 도면기준,본관 정면도 + 체육관동 배면도 레벨치수,도면,층 바닥레벨(0/3.9/7.5/11.1/14.7)은 도면 치수 실측. 창 1.35~3.45m 는 정면도 창 띠를 픽셀 계측. 수평 배치는 교실모듈 9m 가정(제외구간 4곳은 정면도 실측)
본관(5층) 3층-14,여의도중학교,40-1,교사동 창면,본관(5층),3,194308.54,547176.712,9.9,A 도면기준,본관 정면도 + 체육관동 배면도 레벨치수,도면,층 바닥레벨(0/3.9/7.5/11.1/14.7)은 도면 치수 실측. 창 1.35~3.45m 는 정면도 창 띠를 픽셀 계측. 수평 배치는 교실모듈 9m 가정(제외구간 4곳은 정면도 실측)
본관(5층) 4층-14,여의도중학교,40-1,교사동 창면,본관(5층),4,194308.54,547176.712,13.5,A 도면기준,본관 정면도 + 체육관동 배면도 레벨치수,도면,층 바닥레벨(0/3.9/7.5/11.1/14.7)은 도면 치수 실측. 창 1.35~3.45m 는 정면도 창 띠를 픽셀 계측. 수평 배치는 교실모듈 9m 가정(제외구간 4곳은 정면도 실측)
본관(5층) 5층-14,여의도중학교,40-1,교사동 창면,본관(5층),5,194308.54,547176.712,17.1,A 도면기준,본관 정면도 + 체육관동 배면도 레벨치수,도면,층 바닥레벨(0/3.9/7.5/11.1/14.7)은 도면 치수 실측. 창 1.35~3.45m 는 정면도 창 띠를 픽셀 계측. 수평 배치는 교실모듈 9m 가정(제외구간 4곳은 정면도 실측)
본관(5층) 1층-13,여의도중학교,40-1,교사동 창면,본관(5층),1,194311.951,547172.526,2.4,A 도면기준,본관 정면도 + 체육관동 배면도 레벨치수,도면,층 바닥레벨(0/3.9/7.5/11.1/14.7)은 도면 치수 실측. 창 1.35~3.45m 는 정면도 창 띠를 픽셀 계측. 수평 배치는 교실모듈 9m 가정(제외구간 4곳은 정면도 실측)
본관(5층) 2층-15,여의도중학교,40-1,교사동 창면,본관(5층),2,194311.951,547172.526,6.3,A 도면기준,본관 정면도 + 체육관동 배면도 레벨치수,도면,층 바닥레벨(0/3.9/7.5/11.1/14.7)은 도면 치수 실측. 창 1.35~3.45m 는 정면도 창 띠를 픽셀 계측. 수평 배치는 교실모듈 9m 가정(제외구간 4곳은 정면도 실측)
본관(5층) 3층-15,여의도중학교,40-1,교사동 창면,본관(5층),3,194311.951,547172.526,9.9,A 도면기준,본관 정면도 + 체육관동 배면도 레벨치수,도면,층 바닥레벨(0/3.9/7.5/11.1/14.7)은 도면 치수 실측. 창 1.35~3.45m 는 정면도 창 띠를 픽셀 계측. 수평 배치는 교실모듈 9m 가정(제외구간 4곳은 정면도 실측)
본관(5층) 4층-15,여의도중학교,40-1,교사동 창면,본관(5층),4,194311.951,547172.526,13.5,A 도면기준,본관 정면도 + 체육관동 배면도 레벨치수,도면,층 바닥레벨(0/3.9/7.5/11.1/14.7)은 도면 치수 실측. 창 1.35~3.45m 는 정면도 창 띠를 픽셀 계측. 수평 배치는 교실모듈 9m 가정(제외구간 4곳은 정면도 실측)
본관(5층) 5층-15,여의도중학교,40-1,교사동 창면,본관(5층),5,194311.951,547172.526,17.1,A 도면기준,본관 정면도 + 체육관동 배면도 레벨치수,도면,층 바닥레벨(0/3.9/7.5/11.1/14.7)은 도면 치수 실측. 창 1.35~3.45m 는 정면도 창 띠를 픽셀 계측. 수평 배치는 교실모듈 9m 가정(제외구간 4곳은 정면도 실측)
본관(5층) 1층-14,여의도중학교,40-1,교사동 창면,본관(5층),1,194314.226,547169.735,2.4,A 도면기준,본관 정면도 + 체육관동 배면도 레벨치수,도면,층 바닥레벨(0/3.9/7.5/11.1/14.7)은 도면 치수 실측. 창 1.35~3.45m 는 정면도 창 띠를 픽셀 계측. 수평 배치는 교실모듈 9m 가정(제외구간 4곳은 정면도 실측)
본관(5층) 2층-16,여의도중학교,40-1,교사동 창면,본관(5층),2,194314.226,547169.735,6.3,A 도면기준,본관 정면도 + 체육관동 배면도 레벨치수,도면,층 바닥레벨(0/3.9/7.5/11.1/14.7)은 도면 치수 실측. 창 1.35~3.45m 는 정면도 창 띠를 픽셀 계측. 수평 배치는 교실모듈 9m 가정(제외구간 4곳은 정면도 실측)
본관(5층) 3층-16,여의도중학교,40-1,교사동 창면,본관(5층),3,194314.226,547169.735,9.9,A 도면기준,본관 정면도 + 체육관동 배면도 레벨치수,도면,층 바닥레벨(0/3.9/7.5/11.1/14.7)은 도면 치수 실측. 창 1.35~3.45m 는 정면도 창 띠를 픽셀 계측. 수평 배치는 교실모듈 9m 가정(제외구간 4곳은 정면도 실측)
본관(5층) 4층-16,여의도중학교,40-1,교사동 창면,본관(5층),4,194314.226,547169.735,13.5,A 도면기준,본관 정면도 + 체육관동 배면도 레벨치수,도면,층 바닥레벨(0/3.9/7.5/11.1/14.7)은 도면 치수 실측. 창 1.35~3.45m 는 정면도 창 띠를 픽셀 계측. 수평 배치는 교실모듈 9m 가정(제외구간 4곳은 정면도 실측)
본관(5층) 5층-16,여의도중학교,40-1,교사동 창면,본관(5층),5,194314.226,547169.735,17.1,A 도면기준,본관 정면도 + 체육관동 배면도 레벨치수,도면,층 바닥레벨(0/3.9/7.5/11.1/14.7)은 도면 치수 실측. 창 1.35~3.45m 는 정면도 창 띠를 픽셀 계측. 수평 배치는 교실모듈 9m 가정(제외구간 4곳은 정면도 실측)
본관(5층) 1층-15,여의도중학교,40-1,교사동 창면,본관(5층),1,194317.637,547165.549,2.4,A 도면기준,본관 정면도 + 체육관동 배면도 레벨치수,도면,층 바닥레벨(0/3.9/7.5/11.1/14.7)은 도면 치수 실측. 창 1.35~3.45m 는 정면도 창 띠를 픽셀 계측. 수평 배치는 교실모듈 9m 가정(제외구간 4곳은 정면도 실측)
본관(5층) 2층-17,여의도중학교,40-1,교사동 창면,본관(5층),2,194317.637,547165.549,6.3,A 도면기준,본관 정면도 + 체육관동 배면도 레벨치수,도면,층 바닥레벨(0/3.9/7.5/11.1/14.7)은 도면 치수 실측. 창 1.35~3.45m 는 정면도 창 띠를 픽셀 계측. 수평 배치는 교실모듈 9m 가정(제외구간 4곳은 정면도 실측)
본관(5층) 3층-17,여의도중학교,40-1,교사동 창면,본관(5층),3,194317.637,547165.549,9.9,A 도면기준,본관 정면도 + 체육관동 배면도 레벨치수,도면,층 바닥레벨(0/3.9/7.5/11.1/14.7)은 도면 치수 실측. 창 1.35~3.45m 는 정면도 창 띠를 픽셀 계측. 수평 배치는 교실모듈 9m 가정(제외구간 4곳은 정면도 실측)
본관(5층) 4층-17,여의도중학교,40-1,교사동 창면,본관(5층),4,194317.637,547165.549,13.5,A 도면기준,본관 정면도 + 체육관동 배면도 레벨치수,도면,층 바닥레벨(0/3.9/7.5/11.1/14.7)은 도면 치수 실측. 창 1.35~3.45m 는 정면도 창 띠를 픽셀 계측. 수평 배치는 교실모듈 9m 가정(제외구간 4곳은 정면도 실측)
본관(5층) 5층-17,여의도중학교,40-1,교사동 창면,본관(5층),5,194317.637,547165.549,17.1,A 도면기준,본관 정면도 + 체육관동 배면도 레벨치수,도면,층 바닥레벨(0/3.9/7.5/11.1/14.7)은 도면 치수 실측. 창 1.35~3.45m 는 정면도 창 띠를 픽셀 계측. 수평 배치는 교실모듈 9m 가정(제외구간 4곳은 정면도 실측)
본관(5층) 1층-16,여의도중학교,40-1,교사동 창면,본관(5층),1,194319.912,547162.759,2.4,A 도면기준,본관 정면도 + 체육관동 배면도 레벨치수,도면,층 바닥레벨(0/3.9/7.5/11.1/14.7)은 도면 치수 실측. 창 1.35~3.45m 는 정면도 창 띠를 픽셀 계측. 수평 배치는 교실모듈 9m 가정(제외구간 4곳은 정면도 실측)
본관(5층) 2층-18,여의도중학교,40-1,교사동 창면,본관(5층),2,194319.912,547162.759,6.3,A 도면기준,본관 정면도 + 체육관동 배면도 레벨치수,도면,층 바닥레벨(0/3.9/7.5/11.1/14.7)은 도면 치수 실측. 창 1.35~3.45m 는 정면도 창 띠를 픽셀 계측. 수평 배치는 교실모듈 9m 가정(제외구간 4곳은 정면도 실측)
본관(5층) 3층-18,여의도중학교,40-1,교사동 창면,본관(5층),3,194319.912,547162.759,9.9,A 도면기준,본관 정면도 + 체육관동 배면도 레벨치수,도면,층 바닥레벨(0/3.9/7.5/11.1/14.7)은 도면 치수 실측. 창 1.35~3.45m 는 정면도 창 띠를 픽셀 계측. 수평 배치는 교실모듈 9m 가정(제외구간 4곳은 정면도 실측)
본관(5층) 4층-18,여의도중학교,40-1,교사동 창면,본관(5층),4,194319.912,547162.759,13.5,A 도면기준,본관 정면도 + 체육관동 배면도 레벨치수,도면,층 바닥레벨(0/3.9/7.5/11.1/14.7)은 도면 치수 실측. 창 1.35~3.45m 는 정면도 창 띠를 픽셀 계측. 수평 배치는 교실모듈 9m 가정(제외구간 4곳은 정면도 실측)
본관(5층) 5층-18,여의도중학교,40-1,교사동 창면,본관(5층),5,194319.912,547162.759,17.1,A 도면기준,본관 정면도 + 체육관동 배면도 레벨치수,도면,층 바닥레벨(0/3.9/7.5/11.1/14.7)은 도면 치수 실측. 창 1.35~3.45m 는 정면도 창 띠를 픽셀 계측. 수평 배치는 교실모듈 9m 가정(제외구간 4곳은 정면도 실측)
본관(5층) 1층-17,여의도중학교,40-1,교사동 창면,본관(5층),1,194323.323,547158.573,2.4,A 도면기준,본관 정면도 + 체육관동 배면도 레벨치수,도면,층 바닥레벨(0/3.9/7.5/11.1/14.7)은 도면 치수 실측. 창 1.35~3.45m 는 정면도 창 띠를 픽셀 계측. 수평 배치는 교실모듈 9m 가정(제외구간 4곳은 정면도 실측)
본관(5층) 2층-19,여의도중학교,40-1,교사동 창면,본관(5층),2,194323.323,547158.573,6.3,A 도면기준,본관 정면도 + 체육관동 배면도 레벨치수,도면,층 바닥레벨(0/3.9/7.5/11.1/14.7)은 도면 치수 실측. 창 1.35~3.45m 는 정면도 창 띠를 픽셀 계측. 수평 배치는 교실모듈 9m 가정(제외구간 4곳은 정면도 실측)
본관(5층) 3층-19,여의도중학교,40-1,교사동 창면,본관(5층),3,194323.323,547158.573,9.9,A 도면기준,본관 정면도 + 체육관동 배면도 레벨치수,도면,층 바닥레벨(0/3.9/7.5/11.1/14.7)은 도면 치수 실측. 창 1.35~3.45m 는 정면도 창 띠를 픽셀 계측. 수평 배치는 교실모듈 9m 가정(제외구간 4곳은 정면도 실측)
본관(5층) 4층-19,여의도중학교,40-1,교사동 창면,본관(5층),4,194323.323,547158.573,13.5,A 도면기준,본관 정면도 + 체육관동 배면도 레벨치수,도면,층 바닥레벨(0/3.9/7.5/11.1/14.7)은 도면 치수 실측. 창 1.35~3.45m 는 정면도 창 띠를 픽셀 계측. 수평 배치는 교실모듈 9m 가정(제외구간 4곳은 정면도 실측)
본관(5층) 5층-19,여의도중학교,40-1,교사동 창면,본관(5층),5,194323.323,547158.573,17.1,A 도면기준,본관 정면도 + 체육관동 배면도 레벨치수,도면,층 바닥레벨(0/3.9/7.5/11.1/14.7)은 도면 치수 실측. 창 1.35~3.45m 는 정면도 창 띠를 픽셀 계측. 수평 배치는 교실모듈 9m 가정(제외구간 4곳은 정면도 실측)
본관(5층) 2층-20,여의도중학교,40-1,교사동 창면,본관(5층),2,194325.598,547155.783,6.3,A 도면기준,본관 정면도 + 체육관동 배면도 레벨치수,도면,층 바닥레벨(0/3.9/7.5/11.1/14.7)은 도면 치수 실측. 창 1.35~3.45m 는 정면도 창 띠를 픽셀 계측. 수평 배치는 교실모듈 9m 가정(제외구간 4곳은 정면도 실측)
본관(5층) 3층-20,여의도중학교,40-1,교사동 창면,본관(5층),3,194325.598,547155.783,9.9,A 도면기준,본관 정면도 + 체육관동 배면도 레벨치수,도면,층 바닥레벨(0/3.9/7.5/11.1/14.7)은 도면 치수 실측. 창 1.35~3.45m 는 정면도 창 띠를 픽셀 계측. 수평 배치는 교실모듈 9m 가정(제외구간 4곳은 정면도 실측)
본관(5층) 4층-20,여의도중학교,40-1,교사동 창면,본관(5층),4,194325.598,547155.783,13.5,A 도면기준,본관 정면도 + 체육관동 배면도 레벨치수,도면,층 바닥레벨(0/3.9/7.5/11.1/14.7)은 도면 치수 실측. 창 1.35~3.45m 는 정면도 창 띠를 픽셀 계측. 수평 배치는 교실모듈 9m 가정(제외구간 4곳은 정면도 실측)
본관(5층) 5층-20,여의도중학교,40-1,교사동 창면,본관(5층),5,194325.598,547155.783,17.1,A 도면기준,본관 정면도 + 체육관동 배면도 레벨치수,도면,층 바닥레벨(0/3.9/7.5/11.1/14.7)은 도면 치수 실측. 창 1.35~3.45m 는 정면도 창 띠를 픽셀 계측. 수평 배치는 교실모듈 9m 가정(제외구간 4곳은 정면도 실측)
본관(5층) 1층-18,여의도중학교,40-1,교사동 창면,본관(5층),1,194331.284,547148.806,2.4,A 도면기준,본관 정면도 + 체육관동 배면도 레벨치수,도면,층 바닥레벨(0/3.9/7.5/11.1/14.7)은 도면 치수 실측. 창 1.35~3.45m 는 정면도 창 띠를 픽셀 계측. 수평 배치는 교실모듈 9m 가정(제외구간 4곳은 정면도 실측)
본관(5층) 2층-22,여의도중학교,40-1,교사동 창면,본관(5층),2,194331.284,547148.806,6.3,A 도면기준,본관 정면도 + 체육관동 배면도 레벨치수,도면,층 바닥레벨(0/3.9/7.5/11.1/14.7)은 도면 치수 실측. 창 1.35~3.45m 는 정면도 창 띠를 픽셀 계측. 수평 배치는 교실모듈 9m 가정(제외구간 4곳은 정면도 실측)
본관(5층) 3층-22,여의도중학교,40-1,교사동 창면,본관(5층),3,194331.284,547148.806,9.9,A 도면기준,본관 정면도 + 체육관동 배면도 레벨치수,도면,층 바닥레벨(0/3.9/7.5/11.1/14.7)은 도면 치수 실측. 창 1.35~3.45m 는 정면도 창 띠를 픽셀 계측. 수평 배치는 교실모듈 9m 가정(제외구간 4곳은 정면도 실측)
본관(5층) 4층-22,여의도중학교,40-1,교사동 창면,본관(5층),4,194331.284,547148.806,13.5,A 도면기준,본관 정면도 + 체육관동 배면도 레벨치수,도면,층 바닥레벨(0/3.9/7.5/11.1/14.7)은 도면 치수 실측. 창 1.35~3.45m 는 정면도 창 띠를 픽셀 계측. 수평 배치는 교실모듈 9m 가정(제외구간 4곳은 정면도 실측)
본관(5층) 5층-22,여의도중학교,40-1,교사동 창면,본관(5층),5,194331.284,547148.806,17.1,A 도면기준,본관 정면도 + 체육관동 배면도 레벨치수,도면,층 바닥레벨(0/3.9/7.5/11.1/14.7)은 도면 치수 실측. 창 1.35~3.45m 는 정면도 창 띠를 픽셀 계측. 수평 배치는 교실모듈 9m 가정(제외구간 4곳은 정면도 실측)
본관(5층) 1층-19,여의도중학교,40-1,교사동 창면,본관(5층),1,194334.695,547144.621,2.4,A 도면기준,본관 정면도 + 체육관동 배면도 레벨치수,도면,층 바닥레벨(0/3.9/7.5/11.1/14.7)은 도면 치수 실측. 창 1.35~3.45m 는 정면도 창 띠를 픽셀 계측. 수평 배치는 교실모듈 9m 가정(제외구간 4곳은 정면도 실측)
본관(5층) 2층-23,여의도중학교,40-1,교사동 창면,본관(5층),2,194334.695,547144.621,6.3,A 도면기준,본관 정면도 + 체육관동 배면도 레벨치수,도면,층 바닥레벨(0/3.9/7.5/11.1/14.7)은 도면 치수 실측. 창 1.35~3.45m 는 정면도 창 띠를 픽셀 계측. 수평 배치는 교실모듈 9m 가정(제외구간 4곳은 정면도 실측)
본관(5층) 3층-23,여의도중학교,40-1,교사동 창면,본관(5층),3,194334.695,547144.621,9.9,A 도면기준,본관 정면도 + 체육관동 배면도 레벨치수,도면,층 바닥레벨(0/3.9/7.5/11.1/14.7)은 도면 치수 실측. 창 1.35~3.45m 는 정면도 창 띠를 픽셀 계측. 수평 배치는 교실모듈 9m 가정(제외구간 4곳은 정면도 실측)
본관(5층) 4층-23,여의도중학교,40-1,교사동 창면,본관(5층),4,194334.695,547144.621,13.5,A 도면기준,본관 정면도 + 체육관동 배면도 레벨치수,도면,층 바닥레벨(0/3.9/7.5/11.1/14.7)은 도면 치수 실측. 창 1.35~3.45m 는 정면도 창 띠를 픽셀 계측. 수평 배치는 교실모듈 9m 가정(제외구간 4곳은 정면도 실측)
본관(5층) 5층-23,여의도중학교,40-1,교사동 창면,본관(5층),5,194334.695,547144.621,17.1,A 도면기준,본관 정면도 + 체육관동 배면도 레벨치수,도면,층 바닥레벨(0/3.9/7.5/11.1/14.7)은 도면 치수 실측. 창 1.35~3.45m 는 정면도 창 띠를 픽셀 계측. 수평 배치는 교실모듈 9m 가정(제외구간 4곳은 정면도 실측)
본관(5층) 1층-20,여의도중학교,40-1,교사동 창면,본관(5층),1,194336.97,547141.83,2.4,A 도면기준,본관 정면도 + 체육관동 배면도 레벨치수,도면,층 바닥레벨(0/3.9/7.5/11.1/14.7)은 도면 치수 실측. 창 1.35~3.45m 는 정면도 창 띠를 픽셀 계측. 수평 배치는 교실모듈 9m 가정(제외구간 4곳은 정면도 실측)
본관(5층) 2층-24,여의도중학교,40-1,교사동 창면,본관(5층),2,194336.97,547141.83,6.3,A 도면기준,본관 정면도 + 체육관동 배면도 레벨치수,도면,층 바닥레벨(0/3.9/7.5/11.1/14.7)은 도면 치수 실측. 창 1.35~3.45m 는 정면도 창 띠를 픽셀 계측. 수평 배치는 교실모듈 9m 가정(제외구간 4곳은 정면도 실측)
본관(5층) 3층-24,여의도중학교,40-1,교사동 창면,본관(5층),3,194336.97,547141.83,9.9,A 도면기준,본관 정면도 + 체육관동 배면도 레벨치수,도면,층 바닥레벨(0/3.9/7.5/11.1/14.7)은 도면 치수 실측. 창 1.35~3.45m 는 정면도 창 띠를 픽셀 계측. 수평 배치는 교실모듈 9m 가정(제외구간 4곳은 정면도 실측)
본관(5층) 4층-24,여의도중학교,40-1,교사동 창면,본관(5층),4,194336.97,547141.83,13.5,A 도면기준,본관 정면도 + 체육관동 배면도 레벨치수,도면,층 바닥레벨(0/3.9/7.5/11.1/14.7)은 도면 치수 실측. 창 1.35~3.45m 는 정면도 창 띠를 픽셀 계측. 수평 배치는 교실모듈 9m 가정(제외구간 4곳은 정면도 실측)
본관(5층) 5층-24,여의도중학교,40-1,교사동 창면,본관(5층),5,194336.97,547141.83,17.1,A 도면기준,본관 정면도 + 체육관동 배면도 레벨치수,도면,층 바닥레벨(0/3.9/7.5/11.1/14.7)은 도면 치수 실측. 창 1.35~3.45m 는 정면도 창 띠를 픽셀 계측. 수평 배치는 교실모듈 9m 가정(제외구간 4곳은 정면도 실측)
본관(5층) 1층-21,여의도중학교,40-1,교사동 창면,본관(5층),1,194340.382,547137.644,2.4,A 도면기준,본관 정면도 + 체육관동 배면도 레벨치수,도면,층 바닥레벨(0/3.9/7.5/11.1/14.7)은 도면 치수 실측. 창 1.35~3.45m 는 정면도 창 띠를 픽셀 계측. 수평 배치는 교실모듈 9m 가정(제외구간 4곳은 정면도 실측)
본관(5층) 2층-25,여의도중학교,40-1,교사동 창면,본관(5층),2,194340.382,547137.644,6.3,A 도면기준,본관 정면도 + 체육관동 배면도 레벨치수,도면,층 바닥레벨(0/3.9/7.5/11.1/14.7)은 도면 치수 실측. 창 1.35~3.45m 는 정면도 창 띠를 픽셀 계측. 수평 배치는 교실모듈 9m 가정(제외구간 4곳은 정면도 실측)
본관(5층) 3층-25,여의도중학교,40-1,교사동 창면,본관(5층),3,194340.382,547137.644,9.9,A 도면기준,본관 정면도 + 체육관동 배면도 레벨치수,도면,층 바닥레벨(0/3.9/7.5/11.1/14.7)은 도면 치수 실측. 창 1.35~3.45m 는 정면도 창 띠를 픽셀 계측. 수평 배치는 교실모듈 9m 가정(제외구간 4곳은 정면도 실측)
본관(5층) 4층-25,여의도중학교,40-1,교사동 창면,본관(5층),4,194340.382,547137.644,13.5,A 도면기준,본관 정면도 + 체육관동 배면도 레벨치수,도면,층 바닥레벨(0/3.9/7.5/11.1/14.7)은 도면 치수 실측. 창 1.35~3.45m 는 정면도 창 띠를 픽셀 계측. 수평 배치는 교실모듈 9m 가정(제외구간 4곳은 정면도 실측)
본관(5층) 5층-25,여의도중학교,40-1,교사동 창면,본관(5층),5,194340.382,547137.644,17.1,A 도면기준,본관 정면도 + 체육관동 배면도 레벨치수,도면,층 바닥레벨(0/3.9/7.5/11.1/14.7)은 도면 치수 실측. 창 1.35~3.45m 는 정면도 창 띠를 픽셀 계측. 수평 배치는 교실모듈 9m 가정(제외구간 4곳은 정면도 실측)
본관(5층) 1층-22,여의도중학교,40-1,교사동 창면,본관(5층),1,194342.656,547134.854,2.4,A 도면기준,본관 정면도 + 체육관동 배면도 레벨치수,도면,층 바닥레벨(0/3.9/7.5/11.1/14.7)은 도면 치수 실측. 창 1.35~3.45m 는 정면도 창 띠를 픽셀 계측. 수평 배치는 교실모듈 9m 가정(제외구간 4곳은 정면도 실측)
본관(5층) 2층-26,여의도중학교,40-1,교사동 창면,본관(5층),2,194342.656,547134.854,6.3,A 도면기준,본관 정면도 + 체육관동 배면도 레벨치수,도면,층 바닥레벨(0/3.9/7.5/11.1/14.7)은 도면 치수 실측. 창 1.35~3.45m 는 정면도 창 띠를 픽셀 계측. 수평 배치는 교실모듈 9m 가정(제외구간 4곳은 정면도 실측)
본관(5층) 3층-26,여의도중학교,40-1,교사동 창면,본관(5층),3,194342.656,547134.854,9.9,A 도면기준,본관 정면도 + 체육관동 배면도 레벨치수,도면,층 바닥레벨(0/3.9/7.5/11.1/14.7)은 도면 치수 실측. 창 1.35~3.45m 는 정면도 창 띠를 픽셀 계측. 수평 배치는 교실모듈 9m 가정(제외구간 4곳은 정면도 실측)
본관(5층) 4층-26,여의도중학교,40-1,교사동 창면,본관(5층),4,194342.656,547134.854,13.5,A 도면기준,본관 정면도 + 체육관동 배면도 레벨치수,도면,층 바닥레벨(0/3.9/7.5/11.1/14.7)은 도면 치수 실측. 창 1.35~3.45m 는 정면도 창 띠를 픽셀 계측. 수평 배치는 교실모듈 9m 가정(제외구간 4곳은 정면도 실측)
본관(5층) 5층-26,여의도중학교,40-1,교사동 창면,본관(5층),5,194342.656,547134.854,17.1,A 도면기준,본관 정면도 + 체육관동 배면도 레벨치수,도면,층 바닥레벨(0/3.9/7.5/11.1/14.7)은 도면 치수 실측. 창 1.35~3.45m 는 정면도 창 띠를 픽셀 계측. 수평 배치는 교실모듈 9m 가정(제외구간 4곳은 정면도 실측)
본관(5층) 1층-23,여의도중학교,40-1,교사동 창면,본관(5층),1,194346.068,547130.668,2.4,A 도면기준,본관 정면도 + 체육관동 배면도 레벨치수,도면,층 바닥레벨(0/3.9/7.5/11.1/14.7)은 도면 치수 실측. 창 1.35~3.45m 는 정면도 창 띠를 픽셀 계측. 수평 배치는 교실모듈 9m 가정(제외구간 4곳은 정면도 실측)
본관(5층) 2층-27,여의도중학교,40-1,교사동 창면,본관(5층),2,194346.068,547130.668,6.3,A 도면기준,본관 정면도 + 체육관동 배면도 레벨치수,도면,층 바닥레벨(0/3.9/7.5/11.1/14.7)은 도면 치수 실측. 창 1.35~3.45m 는 정면도 창 띠를 픽셀 계측. 수평 배치는 교실모듈 9m 가정(제외구간 4곳은 정면도 실측)
본관(5층) 3층-27,여의도중학교,40-1,교사동 창면,본관(5층),3,194346.068,547130.668,9.9,A 도면기준,본관 정면도 + 체육관동 배면도 레벨치수,도면,층 바닥레벨(0/3.9/7.5/11.1/14.7)은 도면 치수 실측. 창 1.35~3.45m 는 정면도 창 띠를 픽셀 계측. 수평 배치는 교실모듈 9m 가정(제외구간 4곳은 정면도 실측)
본관(5층) 4층-27,여의도중학교,40-1,교사동 창면,본관(5층),4,194346.068,547130.668,13.5,A 도면기준,본관 정면도 + 체육관동 배면도 레벨치수,도면,층 바닥레벨(0/3.9/7.5/11.1/14.7)은 도면 치수 실측. 창 1.35~3.45m 는 정면도 창 띠를 픽셀 계측. 수평 배치는 교실모듈 9m 가정(제외구간 4곳은 정면도 실측)
본관(5층) 5층-27,여의도중학교,40-1,교사동 창면,본관(5층),5,194346.068,547130.668,17.1,A 도면기준,본관 정면도 + 체육관동 배면도 레벨치수,도면,층 바닥레벨(0/3.9/7.5/11.1/14.7)은 도면 치수 실측. 창 1.35~3.45m 는 정면도 창 띠를 픽셀 계측. 수평 배치는 교실모듈 9m 가정(제외구간 4곳은 정면도 실측)
본관(5층) 1층-24,여의도중학교,40-1,교사동 창면,본관(5층),1,194348.342,547127.877,2.4,A 도면기준,본관 정면도 + 체육관동 배면도 레벨치수,도면,층 바닥레벨(0/3.9/7.5/11.1/14.7)은 도면 치수 실측. 창 1.35~3.45m 는 정면도 창 띠를 픽셀 계측. 수평 배치는 교실모듈 9m 가정(제외구간 4곳은 정면도 실측)
본관(5층) 2층-28,여의도중학교,40-1,교사동 창면,본관(5층),2,194348.342,547127.877,6.3,A 도면기준,본관 정면도 + 체육관동 배면도 레벨치수,도면,층 바닥레벨(0/3.9/7.5/11.1/14.7)은 도면 치수 실측. 창 1.35~3.45m 는 정면도 창 띠를 픽셀 계측. 수평 배치는 교실모듈 9m 가정(제외구간 4곳은 정면도 실측)
본관(5층) 3층-28,여의도중학교,40-1,교사동 창면,본관(5층),3,194348.342,547127.877,9.9,A 도면기준,본관 정면도 + 체육관동 배면도 레벨치수,도면,층 바닥레벨(0/3.9/7.5/11.1/14.7)은 도면 치수 실측. 창 1.35~3.45m 는 정면도 창 띠를 픽셀 계측. 수평 배치는 교실모듈 9m 가정(제외구간 4곳은 정면도 실측)
본관(5층) 4층-28,여의도중학교,40-1,교사동 창면,본관(5층),4,194348.342,547127.877,13.5,A 도면기준,본관 정면도 + 체육관동 배면도 레벨치수,도면,층 바닥레벨(0/3.9/7.5/11.1/14.7)은 도면 치수 실측. 창 1.35~3.45m 는 정면도 창 띠를 픽셀 계측. 수평 배치는 교실모듈 9m 가정(제외구간 4곳은 정면도 실측)
본관(5층) 5층-28,여의도중학교,40-1,교사동 창면,본관(5층),5,194348.342,547127.877,17.1,A 도면기준,본관 정면도 + 체육관동 배면도 레벨치수,도면,층 바닥레벨(0/3.9/7.5/11.1/14.7)은 도면 치수 실측. 창 1.35~3.45m 는 정면도 창 띠를 픽셀 계측. 수평 배치는 교실모듈 9m 가정(제외구간 4곳은 정면도 실측)
본관(5층) 1층-25,여의도중학교,40-1,교사동 창면,본관(5층),1,194351.754,547123.692,2.4,A 도면기준,본관 정면도 + 체육관동 배면도 레벨치수,도면,층 바닥레벨(0/3.9/7.5/11.1/14.7)은 도면 치수 실측. 창 1.35~3.45m 는 정면도 창 띠를 픽셀 계측. 수평 배치는 교실모듈 9m 가정(제외구간 4곳은 정면도 실측)
본관(5층) 2층-29,여의도중학교,40-1,교사동 창면,본관(5층),2,194351.754,547123.692,6.3,A 도면기준,본관 정면도 + 체육관동 배면도 레벨치수,도면,층 바닥레벨(0/3.9/7.5/11.1/14.7)은 도면 치수 실측. 창 1.35~3.45m 는 정면도 창 띠를 픽셀 계측. 수평 배치는 교실모듈 9m 가정(제외구간 4곳은 정면도 실측)
본관(5층) 3층-29,여의도중학교,40-1,교사동 창면,본관(5층),3,194351.754,547123.692,9.9,A 도면기준,본관 정면도 + 체육관동 배면도 레벨치수,도면,층 바닥레벨(0/3.9/7.5/11.1/14.7)은 도면 치수 실측. 창 1.35~3.45m 는 정면도 창 띠를 픽셀 계측. 수평 배치는 교실모듈 9m 가정(제외구간 4곳은 정면도 실측)
본관(5층) 4층-29,여의도중학교,40-1,교사동 창면,본관(5층),4,194351.754,547123.692,13.5,A 도면기준,본관 정면도 + 체육관동 배면도 레벨치수,도면,층 바닥레벨(0/3.9/7.5/11.1/14.7)은 도면 치수 실측. 창 1.35~3.45m 는 정면도 창 띠를 픽셀 계측. 수평 배치는 교실모듈 9m 가정(제외구간 4곳은 정면도 실측)
본관(5층) 5층-29,여의도중학교,40-1,교사동 창면,본관(5층),5,194351.754,547123.692,17.1,A 도면기준,본관 정면도 + 체육관동 배면도 레벨치수,도면,층 바닥레벨(0/3.9/7.5/11.1/14.7)은 도면 치수 실측. 창 1.35~3.45m 는 정면도 창 띠를 픽셀 계측. 수평 배치는 교실모듈 9m 가정(제외구간 4곳은 정면도 실측)
본관(5층) 4층-30,여의도중학교,40-1,교사동 창면,본관(5층),4,194354.028,547120.901,13.5,A 도면기준,본관 정면도 + 체육관동 배면도 레벨치수,도면,층 바닥레벨(0/3.9/7.5/11.1/14.7)은 도면 치수 실측. 창 1.35~3.45m 는 정면도 창 띠를 픽셀 계측. 수평 배치는 교실모듈 9m 가정(제외구간 4곳은 정면도 실측)
본관(5층) 5층-30,여의도중학교,40-1,교사동 창면,본관(5층),5,194354.028,547120.901,17.1,A 도면기준,본관 정면도 + 체육관동 배면도 레벨치수,도면,층 바닥레벨(0/3.9/7.5/11.1/14.7)은 도면 치수 실측. 창 1.35~3.45m 는 정면도 창 띠를 픽셀 계측. 수평 배치는 교실모듈 9m 가정(제외구간 4곳은 정면도 실측)
본관(5층) 1층-26,여의도중학교,40-1,교사동 창면,본관(5층),1,194357.44,547116.715,2.4,A 도면기준,본관 정면도 + 체육관동 배면도 레벨치수,도면,층 바닥레벨(0/3.9/7.5/11.1/14.7)은 도면 치수 실측. 창 1.35~3.45m 는 정면도 창 띠를 픽셀 계측. 수평 배치는 교실모듈 9m 가정(제외구간 4곳은 정면도 실측)
본관(5층) 2층-30,여의도중학교,40-1,교사동 창면,본관(5층),2,194357.44,547116.715,6.3,A 도면기준,본관 정면도 + 체육관동 배면도 레벨치수,도면,층 바닥레벨(0/3.9/7.5/11.1/14.7)은 도면 치수 실측. 창 1.35~3.45m 는 정면도 창 띠를 픽셀 계측. 수평 배치는 교실모듈 9m 가정(제외구간 4곳은 정면도 실측)
본관(5층) 3층-30,여의도중학교,40-1,교사동 창면,본관(5층),3,194357.44,547116.715,9.9,A 도면기준,본관 정면도 + 체육관동 배면도 레벨치수,도면,층 바닥레벨(0/3.9/7.5/11.1/14.7)은 도면 치수 실측. 창 1.35~3.45m 는 정면도 창 띠를 픽셀 계측. 수평 배치는 교실모듈 9m 가정(제외구간 4곳은 정면도 실측)
본관(5층) 4층-31,여의도중학교,40-1,교사동 창면,본관(5층),4,194357.44,547116.715,13.5,A 도면기준,본관 정면도 + 체육관동 배면도 레벨치수,도면,층 바닥레벨(0/3.9/7.5/11.1/14.7)은 도면 치수 실측. 창 1.35~3.45m 는 정면도 창 띠를 픽셀 계측. 수평 배치는 교실모듈 9m 가정(제외구간 4곳은 정면도 실측)
본관(5층) 5층-31,여의도중학교,40-1,교사동 창면,본관(5층),5,194357.44,547116.715,17.1,A 도면기준,본관 정면도 + 체육관동 배면도 레벨치수,도면,층 바닥레벨(0/3.9/7.5/11.1/14.7)은 도면 치수 실측. 창 1.35~3.45m 는 정면도 창 띠를 픽셀 계측. 수평 배치는 교실모듈 9m 가정(제외구간 4곳은 정면도 실측)
본관(5층) 1층-27,여의도중학교,40-1,교사동 창면,본관(5층),1,194359.714,547113.925,2.4,A 도면기준,본관 정면도 + 체육관동 배면도 레벨치수,도면,층 바닥레벨(0/3.9/7.5/11.1/14.7)은 도면 치수 실측. 창 1.35~3.45m 는 정면도 창 띠를 픽셀 계측. 수평 배치는 교실모듈 9m 가정(제외구간 4곳은 정면도 실측)
본관(5층) 2층-31,여의도중학교,40-1,교사동 창면,본관(5층),2,194359.714,547113.925,6.3,A 도면기준,본관 정면도 + 체육관동 배면도 레벨치수,도면,층 바닥레벨(0/3.9/7.5/11.1/14.7)은 도면 치수 실측. 창 1.35~3.45m 는 정면도 창 띠를 픽셀 계측. 수평 배치는 교실모듈 9m 가정(제외구간 4곳은 정면도 실측)
본관(5층) 3층-31,여의도중학교,40-1,교사동 창면,본관(5층),3,194359.714,547113.925,9.9,A 도면기준,본관 정면도 + 체육관동 배면도 레벨치수,도면,층 바닥레벨(0/3.9/7.5/11.1/14.7)은 도면 치수 실측. 창 1.35~3.45m 는 정면도 창 띠를 픽셀 계측. 수평 배치는 교실모듈 9m 가정(제외구간 4곳은 정면도 실측)
본관(5층) 4층-32,여의도중학교,40-1,교사동 창면,본관(5층),4,194359.714,547113.925,13.5,A 도면기준,본관 정면도 + 체육관동 배면도 레벨치수,도면,층 바닥레벨(0/3.9/7.5/11.1/14.7)은 도면 치수 실측. 창 1.35~3.45m 는 정면도 창 띠를 픽셀 계측. 수평 배치는 교실모듈 9m 가정(제외구간 4곳은 정면도 실측)
본관(5층) 5층-32,여의도중학교,40-1,교사동 창면,본관(5층),5,194359.714,547113.925,17.1,A 도면기준,본관 정면도 + 체육관동 배면도 레벨치수,도면,층 바닥레벨(0/3.9/7.5/11.1/14.7)은 도면 치수 실측. 창 1.35~3.45m 는 정면도 창 띠를 픽셀 계측. 수평 배치는 교실모듈 9m 가정(제외구간 4곳은 정면도 실측)
체육관동(정보화센타) 1층-1,여의도중학교,40-1,교사동 창면,체육관동(정보화센타),1,194314.245,547109.46,2.05,A 도면기준,체육관동 4면도,도면,Z그리드(0/3.9/7.5/11.1) 도면 실측. 창 1.3~2.8m 는 좌측면도 픽셀 계측. 평면이 꺾여 한 평면으로 안 잡히므로 남향계열(90~270°) 외벽 전체를 수광면으로 **가정**. 수평 배치는 교실모듈 9m 가정
체육관동(정보화센타) 2층-1,여의도중학교,40-1,교사동 창면,체육관동(정보화센타),2,194314.245,547109.46,5.95,A 도면기준,체육관동 4면도,도면,Z그리드(0/3.9/7.5/11.1) 도면 실측. 창 1.3~2.8m 는 좌측면도 픽셀 계측. 평면이 꺾여 한 평면으로 안 잡히므로 남향계열(90~270°) 외벽 전체를 수광면으로 **가정**. 수평 배치는 교실모듈 9m 가정
체육관동(정보화센타) 3층-1,여의도중학교,40-1,교사동 창면,체육관동(정보화센타),3,194314.245,547109.46,9.55,A 도면기준,체육관동 4면도,도면,Z그리드(0/3.9/7.5/11.1) 도면 실측. 창 1.3~2.8m 는 좌측면도 픽셀 계측. 평면이 꺾여 한 평면으로 안 잡히므로 남향계열(90~270°) 외벽 전체를 수광면으로 **가정**. 수평 배치는 교실모듈 9m 가정
체육관동(정보화센타) 4층-1,여의도중학교,40-1,교사동 창면,체육관동(정보화센타),4,194314.245,547109.46,13.15,A 도면기준,체육관동 4면도,도면,Z그리드(0/3.9/7.5/11.1) 도면 실측. 창 1.3~2.8m 는 좌측면도 픽셀 계측. 평면이 꺾여 한 평면으로 안 잡히므로 남향계열(90~270°) 외벽 전체를 수광면으로 **가정**. 수평 배치는 교실모듈 9m 가정
체육관동(정보화센타) 1층-2,여의도중학교,40-1,교사동 창면,체육관동(정보화센타),1,194314.754,547105.787,2.05,A 도면기준,체육관동 4면도,도면,Z그리드(0/3.9/7.5/11.1) 도면 실측. 창 1.3~2.8m 는 좌측면도 픽셀 계측. 평면이 꺾여 한 평면으로 안 잡히므로 남향계열(90~270°) 외벽 전체를 수광면으로 **가정**. 수평 배치는 교실모듈 9m 가정
체육관동(정보화센타) 2층-2,여의도중학교,40-1,교사동 창면,체육관동(정보화센타),2,194314.754,547105.787,5.95,A 도면기준,체육관동 4면도,도면,Z그리드(0/3.9/7.5/11.1) 도면 실측. 창 1.3~2.8m 는 좌측면도 픽셀 계측. 평면이 꺾여 한 평면으로 안 잡히므로 남향계열(90~270°) 외벽 전체를 수광면으로 **가정**. 수평 배치는 교실모듈 9m 가정
체육관동(정보화센타) 3층-2,여의도중학교,40-1,교사동 창면,체육관동(정보화센타),3,194314.754,547105.787,9.55,A 도면기준,체육관동 4면도,도면,Z그리드(0/3.9/7.5/11.1) 도면 실측. 창 1.3~2.8m 는 좌측면도 픽셀 계측. 평면이 꺾여 한 평면으로 안 잡히므로 남향계열(90~270°) 외벽 전체를 수광면으로 **가정**. 수평 배치는 교실모듈 9m 가정
체육관동(정보화센타) 4층-2,여의도중학교,40-1,교사동 창면,체육관동(정보화센타),4,194314.754,547105.787,13.15,A 도면기준,체육관동 4면도,도면,Z그리드(0/3.9/7.5/11.1) 도면 실측. 창 1.3~2.8m 는 좌측면도 픽셀 계측. 평면이 꺾여 한 평면으로 안 잡히므로 남향계열(90~270°) 외벽 전체를 수광면으로 **가정**. 수평 배치는 교실모듈 9m 가정
체육관동(정보화센타) 1층-3,여의도중학교,40-1,교사동 창면,체육관동(정보화센타),1,194317.097,547100.721,2.05,A 도면기준,체육관동 4면도,도면,Z그리드(0/3.9/7.5/11.1) 도면 실측. 창 1.3~2.8m 는 좌측면도 픽셀 계측. 평면이 꺾여 한 평면으로 안 잡히므로 남향계열(90~270°) 외벽 전체를 수광면으로 **가정**. 수평 배치는 교실모듈 9m 가정
체육관동(정보화센타) 2층-3,여의도중학교,40-1,교사동 창면,체육관동(정보화센타),2,194317.097,547100.721,5.95,A 도면기준,체육관동 4면도,도면,Z그리드(0/3.9/7.5/11.1) 도면 실측. 창 1.3~2.8m 는 좌측면도 픽셀 계측. 평면이 꺾여 한 평면으로 안 잡히므로 남향계열(90~270°) 외벽 전체를 수광면으로 **가정**. 수평 배치는 교실모듈 9m 가정
체육관동(정보화센타) 3층-3,여의도중학교,40-1,교사동 창면,체육관동(정보화센타),3,194317.097,547100.721,9.55,A 도면기준,체육관동 4면도,도면,Z그리드(0/3.9/7.5/11.1) 도면 실측. 창 1.3~2.8m 는 좌측면도 픽셀 계측. 평면이 꺾여 한 평면으로 안 잡히므로 남향계열(90~270°) 외벽 전체를 수광면으로 **가정**. 수평 배치는 교실모듈 9m 가정
체육관동(정보화센타) 4층-3,여의도중학교,40-1,교사동 창면,체육관동(정보화센타),4,194317.097,547100.721,13.15,A 도면기준,체육관동 4면도,도면,Z그리드(0/3.9/7.5/11.1) 도면 실측. 창 1.3~2.8m 는 좌측면도 픽셀 계측. 평면이 꺾여 한 평면으로 안 잡히므로 남향계열(90~270°) 외벽 전체를 수광면으로 **가정**. 수평 배치는 교실모듈 9m 가정
체육관동(정보화센타) 1층-4,여의도중학교,40-1,교사동 창면,체육관동(정보화센타),1,194319.963,547098.543,2.05,A 도면기준,체육관동 4면도,도면,Z그리드(0/3.9/7.5/11.1) 도면 실측. 창 1.3~2.8m 는 좌측면도 픽셀 계측. 평면이 꺾여 한 평면으로 안 잡히므로 남향계열(90~270°) 외벽 전체를 수광면으로 **가정**. 수평 배치는 교실모듈 9m 가정
체육관동(정보화센타) 2층-4,여의도중학교,40-1,교사동 창면,체육관동(정보화센타),2,194319.963,547098.543,5.95,A 도면기준,체육관동 4면도,도면,Z그리드(0/3.9/7.5/11.1) 도면 실측. 창 1.3~2.8m 는 좌측면도 픽셀 계측. 평면이 꺾여 한 평면으로 안 잡히므로 남향계열(90~270°) 외벽 전체를 수광면으로 **가정**. 수평 배치는 교실모듈 9m 가정
체육관동(정보화센타) 3층-4,여의도중학교,40-1,교사동 창면,체육관동(정보화센타),3,194319.963,547098.543,9.55,A 도면기준,체육관동 4면도,도면,Z그리드(0/3.9/7.5/11.1) 도면 실측. 창 1.3~2.8m 는 좌측면도 픽셀 계측. 평면이 꺾여 한 평면으로 안 잡히므로 남향계열(90~270°) 외벽 전체를 수광면으로 **가정**. 수평 배치는 교실모듈 9m 가정
체육관동(정보화센타) 4층-4,여의도중학교,40-1,교사동 창면,체육관동(정보화센타),4,194319.963,547098.543,13.15,A 도면기준,체육관동 4면도,도면,Z그리드(0/3.9/7.5/11.1) 도면 실측. 창 1.3~2.8m 는 좌측면도 픽셀 계측. 평면이 꺾여 한 평면으로 안 잡히므로 남향계열(90~270°) 외벽 전체를 수광면으로 **가정**. 수평 배치는 교실모듈 9m 가정
체육관동(정보화센타) 1층-5,여의도중학교,40-1,교사동 창면,체육관동(정보화센타),1,194324.935,547096.256,2.05,A 도면기준,체육관동 4면도,도면,Z그리드(0/3.9/7.5/11.1) 도면 실측. 창 1.3~2.8m 는 좌측면도 픽셀 계측. 평면이 꺾여 한 평면으로 안 잡히므로 남향계열(90~270°) 외벽 전체를 수광면으로 **가정**. 수평 배치는 교실모듈 9m 가정
체육관동(정보화센타) 2층-5,여의도중학교,40-1,교사동 창면,체육관동(정보화센타),2,194324.935,547096.256,5.95,A 도면기준,체육관동 4면도,도면,Z그리드(0/3.9/7.5/11.1) 도면 실측. 창 1.3~2.8m 는 좌측면도 픽셀 계측. 평면이 꺾여 한 평면으로 안 잡히므로 남향계열(90~270°) 외벽 전체를 수광면으로 **가정**. 수평 배치는 교실모듈 9m 가정
체육관동(정보화센타) 3층-5,여의도중학교,40-1,교사동 창면,체육관동(정보화센타),3,194324.935,547096.256,9.55,A 도면기준,체육관동 4면도,도면,Z그리드(0/3.9/7.5/11.1) 도면 실측. 창 1.3~2.8m 는 좌측면도 픽셀 계측. 평면이 꺾여 한 평면으로 안 잡히므로 남향계열(90~270°) 외벽 전체를 수광면으로 **가정**. 수평 배치는 교실모듈 9m 가정
체육관동(정보화센타) 4층-5,여의도중학교,40-1,교사동 창면,체육관동(정보화센타),4,194324.935,547096.256,13.15,A 도면기준,체육관동 4면도,도면,Z그리드(0/3.9/7.5/11.1) 도면 실측. 창 1.3~2.8m 는 좌측면도 픽셀 계측. 평면이 꺾여 한 평면으로 안 잡히므로 남향계열(90~270°) 외벽 전체를 수광면으로 **가정**. 수평 배치는 교실모듈 9m 가정
체육관동(정보화센타) 1층-6,여의도중학교,40-1,교사동 창면,체육관동(정보화센타),1,194328.607,547095.834,2.05,A 도면기준,체육관동 4면도,도면,Z그리드(0/3.9/7.5/11.1) 도면 실측. 창 1.3~2.8m 는 좌측면도 픽셀 계측. 평면이 꺾여 한 평면으로 안 잡히므로 남향계열(90~270°) 외벽 전체를 수광면으로 **가정**. 수평 배치는 교실모듈 9m 가정
체육관동(정보화센타) 2층-6,여의도중학교,40-1,교사동 창면,체육관동(정보화센타),2,194328.607,547095.834,5.95,A 도면기준,체육관동 4면도,도면,Z그리드(0/3.9/7.5/11.1) 도면 실측. 창 1.3~2.8m 는 좌측면도 픽셀 계측. 평면이 꺾여 한 평면으로 안 잡히므로 남향계열(90~270°) 외벽 전체를 수광면으로 **가정**. 수평 배치는 교실모듈 9m 가정
체육관동(정보화센타) 3층-6,여의도중학교,40-1,교사동 창면,체육관동(정보화센타),3,194328.607,547095.834,9.55,A 도면기준,체육관동 4면도,도면,Z그리드(0/3.9/7.5/11.1) 도면 실측. 창 1.3~2.8m 는 좌측면도 픽셀 계측. 평면이 꺾여 한 평면으로 안 잡히므로 남향계열(90~270°) 외벽 전체를 수광면으로 **가정**. 수평 배치는 교실모듈 9m 가정
체육관동(정보화센타) 4층-6,여의도중학교,40-1,교사동 창면,체육관동(정보화센타),4,194328.607,547095.834,13.15,A 도면기준,체육관동 4면도,도면,Z그리드(0/3.9/7.5/11.1) 도면 실측. 창 1.3~2.8m 는 좌측면도 픽셀 계측. 평면이 꺾여 한 평면으로 안 잡히므로 남향계열(90~270°) 외벽 전체를 수광면으로 **가정**. 수평 배치는 교실모듈 9m 가정
체육관동(정보화센타) 1층-7,여의도중학교,40-1,교사동 창면,체육관동(정보화센타),1,194330.926,547090.868,2.05,A 도면기준,체육관동 4면도,도면,Z그리드(0/3.9/7.5/11.1) 도면 실측. 창 1.3~2.8m 는 좌측면도 픽셀 계측. 평면이 꺾여 한 평면으로 안 잡히므로 남향계열(90~270°) 외벽 전체를 수광면으로 **가정**. 수평 배치는 교실모듈 9m 가정
체육관동(정보화센타) 2층-7,여의도중학교,40-1,교사동 창면,체육관동(정보화센타),2,194330.926,547090.868,5.95,A 도면기준,체육관동 4면도,도면,Z그리드(0/3.9/7.5/11.1) 도면 실측. 창 1.3~2.8m 는 좌측면도 픽셀 계측. 평면이 꺾여 한 평면으로 안 잡히므로 남향계열(90~270°) 외벽 전체를 수광면으로 **가정**. 수평 배치는 교실모듈 9m 가정
체육관동(정보화센타) 3층-7,여의도중학교,40-1,교사동 창면,체육관동(정보화센타),3,194330.926,547090.868,9.55,A 도면기준,체육관동 4면도,도면,Z그리드(0/3.9/7.5/11.1) 도면 실측. 창 1.3~2.8m 는 좌측면도 픽셀 계측. 평면이 꺾여 한 평면으로 안 잡히므로 남향계열(90~270°) 외벽 전체를 수광면으로 **가정**. 수평 배치는 교실모듈 9m 가정
체육관동(정보화센타) 4층-7,여의도중학교,40-1,교사동 창면,체육관동(정보화센타),4,194330.926,547090.868,13.15,A 도면기준,체육관동 4면도,도면,Z그리드(0/3.9/7.5/11.1) 도면 실측. 창 1.3~2.8m 는 좌측면도 픽셀 계측. 평면이 꺾여 한 평면으로 안 잡히므로 남향계열(90~270°) 외벽 전체를 수광면으로 **가정**. 수평 배치는 교실모듈 9m 가정
체육관동(정보화센타) 1층-8,여의도중학교,40-1,교사동 창면,체육관동(정보화센타),1,194331.388,547087.252,2.05,A 도면기준,체육관동 4면도,도면,Z그리드(0/3.9/7.5/11.1) 도면 실측. 창 1.3~2.8m 는 좌측면도 픽셀 계측. 평면이 꺾여 한 평면으로 안 잡히므로 남향계열(90~270°) 외벽 전체를 수광면으로 **가정**. 수평 배치는 교실모듈 9m 가정
체육관동(정보화센타) 2층-8,여의도중학교,40-1,교사동 창면,체육관동(정보화센타),2,194331.388,547087.252,5.95,A 도면기준,체육관동 4면도,도면,Z그리드(0/3.9/7.5/11.1) 도면 실측. 창 1.3~2.8m 는 좌측면도 픽셀 계측. 평면이 꺾여 한 평면으로 안 잡히므로 남향계열(90~270°) 외벽 전체를 수광면으로 **가정**. 수평 배치는 교실모듈 9m 가정
체육관동(정보화센타) 3층-8,여의도중학교,40-1,교사동 창면,체육관동(정보화센타),3,194331.388,547087.252,9.55,A 도면기준,체육관동 4면도,도면,Z그리드(0/3.9/7.5/11.1) 도면 실측. 창 1.3~2.8m 는 좌측면도 픽셀 계측. 평면이 꺾여 한 평면으로 안 잡히므로 남향계열(90~270°) 외벽 전체를 수광면으로 **가정**. 수평 배치는 교실모듈 9m 가정
체육관동(정보화센타) 4층-8,여의도중학교,40-1,교사동 창면,체육관동(정보화센타),4,194331.388,547087.252,13.15,A 도면기준,체육관동 4면도,도면,Z그리드(0/3.9/7.5/11.1) 도면 실측. 창 1.3~2.8m 는 좌측면도 픽셀 계측. 평면이 꺾여 한 평면으로 안 잡히므로 남향계열(90~270°) 외벽 전체를 수광면으로 **가정**. 수평 배치는 교실모듈 9m 가정
체육관동(정보화센타) 1층-9,여의도중학교,40-1,교사동 창면,체육관동(정보화센타),1,194310.094,547062.962,2.05,A 도면기준,체육관동 4면도,도면,Z그리드(0/3.9/7.5/11.1) 도면 실측. 창 1.3~2.8m 는 좌측면도 픽셀 계측. 평면이 꺾여 한 평면으로 안 잡히므로 남향계열(90~270°) 외벽 전체를 수광면으로 **가정**. 수평 배치는 교실모듈 9m 가정
체육관동(정보화센타) 2층-9,여의도중학교,40-1,교사동 창면,체육관동(정보화센타),2,194310.094,547062.962,5.95,A 도면기준,체육관동 4면도,도면,Z그리드(0/3.9/7.5/11.1) 도면 실측. 창 1.3~2.8m 는 좌측면도 픽셀 계측. 평면이 꺾여 한 평면으로 안 잡히므로 남향계열(90~270°) 외벽 전체를 수광면으로 **가정**. 수평 배치는 교실모듈 9m 가정
체육관동(정보화센타) 3층-9,여의도중학교,40-1,교사동 창면,체육관동(정보화센타),3,194310.094,547062.962,9.55,A 도면기준,체육관동 4면도,도면,Z그리드(0/3.9/7.5/11.1) 도면 실측. 창 1.3~2.8m 는 좌측면도 픽셀 계측. 평면이 꺾여 한 평면으로 안 잡히므로 남향계열(90~270°) 외벽 전체를 수광면으로 **가정**. 수평 배치는 교실모듈 9m 가정
체육관동(정보화센타) 4층-9,여의도중학교,40-1,교사동 창면,체육관동(정보화센타),4,194310.094,547062.962,13.15,A 도면기준,체육관동 4면도,도면,Z그리드(0/3.9/7.5/11.1) 도면 실측. 창 1.3~2.8m 는 좌측면도 픽셀 계측. 평면이 꺾여 한 평면으로 안 잡히므로 남향계열(90~270°) 외벽 전체를 수광면으로 **가정**. 수평 배치는 교실모듈 9m 가정
체육관동(정보화센타) 1층-10,여의도중학교,40-1,교사동 창면,체육관동(정보화센타),1,194312.392,547060.191,2.05,A 도면기준,체육관동 4면도,도면,Z그리드(0/3.9/7.5/11.1) 도면 실측. 창 1.3~2.8m 는 좌측면도 픽셀 계측. 평면이 꺾여 한 평면으로 안 잡히므로 남향계열(90~270°) 외벽 전체를 수광면으로 **가정**. 수평 배치는 교실모듈 9m 가정
체육관동(정보화센타) 2층-10,여의도중학교,40-1,교사동 창면,체육관동(정보화센타),2,194312.392,547060.191,5.95,A 도면기준,체육관동 4면도,도면,Z그리드(0/3.9/7.5/11.1) 도면 실측. 창 1.3~2.8m 는 좌측면도 픽셀 계측. 평면이 꺾여 한 평면으로 안 잡히므로 남향계열(90~270°) 외벽 전체를 수광면으로 **가정**. 수평 배치는 교실모듈 9m 가정
체육관동(정보화센타) 3층-10,여의도중학교,40-1,교사동 창면,체육관동(정보화센타),3,194312.392,547060.191,9.55,A 도면기준,체육관동 4면도,도면,Z그리드(0/3.9/7.5/11.1) 도면 실측. 창 1.3~2.8m 는 좌측면도 픽셀 계측. 평면이 꺾여 한 평면으로 안 잡히므로 남향계열(90~270°) 외벽 전체를 수광면으로 **가정**. 수평 배치는 교실모듈 9m 가정
체육관동(정보화센타) 4층-10,여의도중학교,40-1,교사동 창면,체육관동(정보화센타),4,194312.392,547060.191,13.15,A 도면기준,체육관동 4면도,도면,Z그리드(0/3.9/7.5/11.1) 도면 실측. 창 1.3~2.8m 는 좌측면도 픽셀 계측. 평면이 꺾여 한 평면으로 안 잡히므로 남향계열(90~270°) 외벽 전체를 수광면으로 **가정**. 수평 배치는 교실모듈 9m 가정
체육관동(정보화센타) 1층-11,여의도중학교,40-1,교사동 창면,체육관동(정보화센타),1,194315.838,547056.033,2.05,A 도면기준,체육관동 4면도,도면,Z그리드(0/3.9/7.5/11.1) 도면 실측. 창 1.3~2.8m 는 좌측면도 픽셀 계측. 평면이 꺾여 한 평면으로 안 잡히므로 남향계열(90~270°) 외벽 전체를 수광면으로 **가정**. 수평 배치는 교실모듈 9m 가정
체육관동(정보화센타) 2층-11,여의도중학교,40-1,교사동 창면,체육관동(정보화센타),2,194315.838,547056.033,5.95,A 도면기준,체육관동 4면도,도면,Z그리드(0/3.9/7.5/11.1) 도면 실측. 창 1.3~2.8m 는 좌측면도 픽셀 계측. 평면이 꺾여 한 평면으로 안 잡히므로 남향계열(90~270°) 외벽 전체를 수광면으로 **가정**. 수평 배치는 교실모듈 9m 가정
체육관동(정보화센타) 3층-11,여의도중학교,40-1,교사동 창면,체육관동(정보화센타),3,194315.838,547056.033,9.55,A 도면기준,체육관동 4면도,도면,Z그리드(0/3.9/7.5/11.1) 도면 실측. 창 1.3~2.8m 는 좌측면도 픽셀 계측. 평면이 꺾여 한 평면으로 안 잡히므로 남향계열(90~270°) 외벽 전체를 수광면으로 **가정**. 수평 배치는 교실모듈 9m 가정
체육관동(정보화센타) 4층-11,여의도중학교,40-1,교사동 창면,체육관동(정보화센타),4,194315.838,547056.033,13.15,A 도면기준,체육관동 4면도,도면,Z그리드(0/3.9/7.5/11.1) 도면 실측. 창 1.3~2.8m 는 좌측면도 픽셀 계측. 평면이 꺾여 한 평면으로 안 잡히므로 남향계열(90~270°) 외벽 전체를 수광면으로 **가정**. 수평 배치는 교실모듈 9m 가정
체육관동(정보화센타) 1층-12,여의도중학교,40-1,교사동 창면,체육관동(정보화센타),1,194318.802,547054.238,2.05,A 도면기준,체육관동 4면도,도면,Z그리드(0/3.9/7.5/11.1) 도면 실측. 창 1.3~2.8m 는 좌측면도 픽셀 계측. 평면이 꺾여 한 평면으로 안 잡히므로 남향계열(90~270°) 외벽 전체를 수광면으로 **가정**. 수평 배치는 교실모듈 9m 가정
체육관동(정보화센타) 2층-12,여의도중학교,40-1,교사동 창면,체육관동(정보화센타),2,194318.802,547054.238,5.95,A 도면기준,체육관동 4면도,도면,Z그리드(0/3.9/7.5/11.1) 도면 실측. 창 1.3~2.8m 는 좌측면도 픽셀 계측. 평면이 꺾여 한 평면으로 안 잡히므로 남향계열(90~270°) 외벽 전체를 수광면으로 **가정**. 수평 배치는 교실모듈 9m 가정
체육관동(정보화센타) 3층-12,여의도중학교,40-1,교사동 창면,체육관동(정보화센타),3,194318.802,547054.238,9.55,A 도면기준,체육관동 4면도,도면,Z그리드(0/3.9/7.5/11.1) 도면 실측. 창 1.3~2.8m 는 좌측면도 픽셀 계측. 평면이 꺾여 한 평면으로 안 잡히므로 남향계열(90~270°) 외벽 전체를 수광면으로 **가정**. 수평 배치는 교실모듈 9m 가정
체육관동(정보화센타) 4층-12,여의도중학교,40-1,교사동 창면,체육관동(정보화센타),4,194318.802,547054.238,13.15,A 도면기준,체육관동 4면도,도면,Z그리드(0/3.9/7.5/11.1) 도면 실측. 창 1.3~2.8m 는 좌측면도 픽셀 계측. 평면이 꺾여 한 평면으로 안 잡히므로 남향계열(90~270°) 외벽 전체를 수광면으로 **가정**. 수평 배치는 교실모듈 9m 가정
체육관동(정보화센타) 1층-13,여의도중학교,40-1,교사동 창면,체육관동(정보화센타),1,194323.079,547057.535,2.05,A 도면기준,체육관동 4면도,도면,Z그리드(0/3.9/7.5/11.1) 도면 실측. 창 1.3~2.8m 는 좌측면도 픽셀 계측. 평면이 꺾여 한 평면으로 안 잡히므로 남향계열(90~270°) 외벽 전체를 수광면으로 **가정**. 수평 배치는 교실모듈 9m 가정
체육관동(정보화센타) 2층-13,여의도중학교,40-1,교사동 창면,체육관동(정보화센타),2,194323.079,547057.535,5.95,A 도면기준,체육관동 4면도,도면,Z그리드(0/3.9/7.5/11.1) 도면 실측. 창 1.3~2.8m 는 좌측면도 픽셀 계측. 평면이 꺾여 한 평면으로 안 잡히므로 남향계열(90~270°) 외벽 전체를 수광면으로 **가정**. 수평 배치는 교실모듈 9m 가정
체육관동(정보화센타) 3층-13,여의도중학교,40-1,교사동 창면,체육관동(정보화센타),3,194323.079,547057.535,9.55,A 도면기준,체육관동 4면도,도면,Z그리드(0/3.9/7.5/11.1) 도면 실측. 창 1.3~2.8m 는 좌측면도 픽셀 계측. 평면이 꺾여 한 평면으로 안 잡히므로 남향계열(90~270°) 외벽 전체를 수광면으로 **가정**. 수평 배치는 교실모듈 9m 가정
체육관동(정보화센타) 4층-13,여의도중학교,40-1,교사동 창면,체육관동(정보화센타),4,194323.079,547057.535,13.15,A 도면기준,체육관동 4면도,도면,Z그리드(0/3.9/7.5/11.1) 도면 실측. 창 1.3~2.8m 는 좌측면도 픽셀 계측. 평면이 꺾여 한 평면으로 안 잡히므로 남향계열(90~270°) 외벽 전체를 수광면으로 **가정**. 수평 배치는 교실모듈 9m 가정
체육관동(정보화센타) 1층-14,여의도중학교,40-1,교사동 창면,체육관동(정보화센타),1,194325.931,547059.733,2.05,A 도면기준,체육관동 4면도,도면,Z그리드(0/3.9/7.5/11.1) 도면 실측. 창 1.3~2.8m 는 좌측면도 픽셀 계측. 평면이 꺾여 한 평면으로 안 잡히므로 남향계열(90~270°) 외벽 전체를 수광면으로 **가정**. 수평 배치는 교실모듈 9m 가정
체육관동(정보화센타) 2층-14,여의도중학교,40-1,교사동 창면,체육관동(정보화센타),2,194325.931,547059.733,5.95,A 도면기준,체육관동 4면도,도면,Z그리드(0/3.9/7.5/11.1) 도면 실측. 창 1.3~2.8m 는 좌측면도 픽셀 계측. 평면이 꺾여 한 평면으로 안 잡히므로 남향계열(90~270°) 외벽 전체를 수광면으로 **가정**. 수평 배치는 교실모듈 9m 가정
체육관동(정보화센타) 3층-14,여의도중학교,40-1,교사동 창면,체육관동(정보화센타),3,194325.931,547059.733,9.55,A 도면기준,체육관동 4면도,도면,Z그리드(0/3.9/7.5/11.1) 도면 실측. 창 1.3~2.8m 는 좌측면도 픽셀 계측. 평면이 꺾여 한 평면으로 안 잡히므로 남향계열(90~270°) 외벽 전체를 수광면으로 **가정**. 수평 배치는 교실모듈 9m 가정
체육관동(정보화센타) 4층-14,여의도중학교,40-1,교사동 창면,체육관동(정보화센타),4,194325.931,547059.733,13.15,A 도면기준,체육관동 4면도,도면,Z그리드(0/3.9/7.5/11.1) 도면 실측. 창 1.3~2.8m 는 좌측면도 픽셀 계측. 평면이 꺾여 한 평면으로 안 잡히므로 남향계열(90~270°) 외벽 전체를 수광면으로 **가정**. 수평 배치는 교실모듈 9m 가정
체육관동(정보화센타) 1층-15,여의도중학교,40-1,교사동 창면,체육관동(정보화센타),1,194330.192,547063.082,2.05,A 도면기준,체육관동 4면도,도면,Z그리드(0/3.9/7.5/11.1) 도면 실측. 창 1.3~2.8m 는 좌측면도 픽셀 계측. 평면이 꺾여 한 평면으로 안 잡히므로 남향계열(90~270°) 외벽 전체를 수광면으로 **가정**. 수평 배치는 교실모듈 9m 가정
체육관동(정보화센타) 2층-15,여의도중학교,40-1,교사동 창면,체육관동(정보화센타),2,194330.192,547063.082,5.95,A 도면기준,체육관동 4면도,도면,Z그리드(0/3.9/7.5/11.1) 도면 실측. 창 1.3~2.8m 는 좌측면도 픽셀 계측. 평면이 꺾여 한 평면으로 안 잡히므로 남향계열(90~270°) 외벽 전체를 수광면으로 **가정**. 수평 배치는 교실모듈 9m 가정
체육관동(정보화센타) 3층-15,여의도중학교,40-1,교사동 창면,체육관동(정보화센타),3,194330.192,547063.082,9.55,A 도면기준,체육관동 4면도,도면,Z그리드(0/3.9/7.5/11.1) 도면 실측. 창 1.3~2.8m 는 좌측면도 픽셀 계측. 평면이 꺾여 한 평면으로 안 잡히므로 남향계열(90~270°) 외벽 전체를 수광면으로 **가정**. 수평 배치는 교실모듈 9m 가정
체육관동(정보화센타) 4층-15,여의도중학교,40-1,교사동 창면,체육관동(정보화센타),4,194330.192,547063.082,13.15,A 도면기준,체육관동 4면도,도면,Z그리드(0/3.9/7.5/11.1) 도면 실측. 창 1.3~2.8m 는 좌측면도 픽셀 계측. 평면이 꺾여 한 평면으로 안 잡히므로 남향계열(90~270°) 외벽 전체를 수광면으로 **가정**. 수평 배치는 교실모듈 9m 가정
체육관동(정보화센타) 1층-16,여의도중학교,40-1,교사동 창면,체육관동(정보화센타),1,194332.92,547065.431,2.05,A 도면기준,체육관동 4면도,도면,Z그리드(0/3.9/7.5/11.1) 도면 실측. 창 1.3~2.8m 는 좌측면도 픽셀 계측. 평면이 꺾여 한 평면으로 안 잡히므로 남향계열(90~270°) 외벽 전체를 수광면으로 **가정**. 수평 배치는 교실모듈 9m 가정
체육관동(정보화센타) 2층-16,여의도중학교,40-1,교사동 창면,체육관동(정보화센타),2,194332.92,547065.431,5.95,A 도면기준,체육관동 4면도,도면,Z그리드(0/3.9/7.5/11.1) 도면 실측. 창 1.3~2.8m 는 좌측면도 픽셀 계측. 평면이 꺾여 한 평면으로 안 잡히므로 남향계열(90~270°) 외벽 전체를 수광면으로 **가정**. 수평 배치는 교실모듈 9m 가정
체육관동(정보화센타) 3층-16,여의도중학교,40-1,교사동 창면,체육관동(정보화센타),3,194332.92,547065.431,9.55,A 도면기준,체육관동 4면도,도면,Z그리드(0/3.9/7.5/11.1) 도면 실측. 창 1.3~2.8m 는 좌측면도 픽셀 계측. 평면이 꺾여 한 평면으로 안 잡히므로 남향계열(90~270°) 외벽 전체를 수광면으로 **가정**. 수평 배치는 교실모듈 9m 가정
체육관동(정보화센타) 4층-16,여의도중학교,40-1,교사동 창면,체육관동(정보화센타),4,194332.92,547065.431,13.15,A 도면기준,체육관동 4면도,도면,Z그리드(0/3.9/7.5/11.1) 도면 실측. 창 1.3~2.8m 는 좌측면도 픽셀 계측. 평면이 꺾여 한 평면으로 안 잡히므로 남향계열(90~270°) 외벽 전체를 수광면으로 **가정**. 수평 배치는 교실모듈 9m 가정
체육관동(정보화센타) 1층-17,여의도중학교,40-1,교사동 창면,체육관동(정보화센타),1,194337.012,547068.955,2.05,A 도면기준,체육관동 4면도,도면,Z그리드(0/3.9/7.5/11.1) 도면 실측. 창 1.3~2.8m 는 좌측면도 픽셀 계측. 평면이 꺾여 한 평면으로 안 잡히므로 남향계열(90~270°) 외벽 전체를 수광면으로 **가정**. 수평 배치는 교실모듈 9m 가정
체육관동(정보화센타) 2층-17,여의도중학교,40-1,교사동 창면,체육관동(정보화센타),2,194337.012,547068.955,5.95,A 도면기준,체육관동 4면도,도면,Z그리드(0/3.9/7.5/11.1) 도면 실측. 창 1.3~2.8m 는 좌측면도 픽셀 계측. 평면이 꺾여 한 평면으로 안 잡히므로 남향계열(90~270°) 외벽 전체를 수광면으로 **가정**. 수평 배치는 교실모듈 9m 가정
체육관동(정보화센타) 3층-17,여의도중학교,40-1,교사동 창면,체육관동(정보화센타),3,194337.012,547068.955,9.55,A 도면기준,체육관동 4면도,도면,Z그리드(0/3.9/7.5/11.1) 도면 실측. 창 1.3~2.8m 는 좌측면도 픽셀 계측. 평면이 꺾여 한 평면으로 안 잡히므로 남향계열(90~270°) 외벽 전체를 수광면으로 **가정**. 수평 배치는 교실모듈 9m 가정
체육관동(정보화센타) 4층-17,여의도중학교,40-1,교사동 창면,체육관동(정보화센타),4,194337.012,547068.955,13.15,A 도면기준,체육관동 4면도,도면,Z그리드(0/3.9/7.5/11.1) 도면 실측. 창 1.3~2.8m 는 좌측면도 픽셀 계측. 평면이 꺾여 한 평면으로 안 잡히므로 남향계열(90~270°) 외벽 전체를 수광면으로 **가정**. 수평 배치는 교실모듈 9m 가정
체육관동(정보화센타) 1층-18,여의도중학교,40-1,교사동 창면,체육관동(정보화센타),1,194339.717,547071.364,2.05,A 도면기준,체육관동 4면도,도면,Z그리드(0/3.9/7.5/11.1) 도면 실측. 창 1.3~2.8m 는 좌측면도 픽셀 계측. 평면이 꺾여 한 평면으로 안 잡히므로 남향계열(90~270°) 외벽 전체를 수광면으로 **가정**. 수평 배치는 교실모듈 9m 가정
체육관동(정보화센타) 2층-18,여의도중학교,40-1,교사동 창면,체육관동(정보화센타),2,194339.717,547071.364,5.95,A 도면기준,체육관동 4면도,도면,Z그리드(0/3.9/7.5/11.1) 도면 실측. 창 1.3~2.8m 는 좌측면도 픽셀 계측. 평면이 꺾여 한 평면으로 안 잡히므로 남향계열(90~270°) 외벽 전체를 수광면으로 **가정**. 수평 배치는 교실모듈 9m 가정
체육관동(정보화센타) 3층-18,여의도중학교,40-1,교사동 창면,체육관동(정보화센타),3,194339.717,547071.364,9.55,A 도면기준,체육관동 4면도,도면,Z그리드(0/3.9/7.5/11.1) 도면 실측. 창 1.3~2.8m 는 좌측면도 픽셀 계측. 평면이 꺾여 한 평면으로 안 잡히므로 남향계열(90~270°) 외벽 전체를 수광면으로 **가정**. 수평 배치는 교실모듈 9m 가정
체육관동(정보화센타) 4층-18,여의도중학교,40-1,교사동 창면,체육관동(정보화센타),4,194339.717,547071.364,13.15,A 도면기준,체육관동 4면도,도면,Z그리드(0/3.9/7.5/11.1) 도면 실측. 창 1.3~2.8m 는 좌측면도 픽셀 계측. 평면이 꺾여 한 평면으로 안 잡히므로 남향계열(90~270°) 외벽 전체를 수광면으로 **가정**. 수평 배치는 교실모듈 9m 가정
체육관동(정보화센타) 1층-19,여의도중학교,40-1,교사동 창면,체육관동(정보화센타),1,194343.494,547075.265,2.05,A 도면기준,체육관동 4면도,도면,Z그리드(0/3.9/7.5/11.1) 도면 실측. 창 1.3~2.8m 는 좌측면도 픽셀 계측. 평면이 꺾여 한 평면으로 안 잡히므로 남향계열(90~270°) 외벽 전체를 수광면으로 **가정**. 수평 배치는 교실모듈 9m 가정
체육관동(정보화센타) 2층-19,여의도중학교,40-1,교사동 창면,체육관동(정보화센타),2,194343.494,547075.265,5.95,A 도면기준,체육관동 4면도,도면,Z그리드(0/3.9/7.5/11.1) 도면 실측. 창 1.3~2.8m 는 좌측면도 픽셀 계측. 평면이 꺾여 한 평면으로 안 잡히므로 남향계열(90~270°) 외벽 전체를 수광면으로 **가정**. 수평 배치는 교실모듈 9m 가정
체육관동(정보화센타) 3층-19,여의도중학교,40-1,교사동 창면,체육관동(정보화센타),3,194343.494,547075.265,9.55,A 도면기준,체육관동 4면도,도면,Z그리드(0/3.9/7.5/11.1) 도면 실측. 창 1.3~2.8m 는 좌측면도 픽셀 계측. 평면이 꺾여 한 평면으로 안 잡히므로 남향계열(90~270°) 외벽 전체를 수광면으로 **가정**. 수평 배치는 교실모듈 9m 가정
체육관동(정보화센타) 4층-19,여의도중학교,40-1,교사동 창면,체육관동(정보화센타),4,194343.494,547075.265,13.15,A 도면기준,체육관동 4면도,도면,Z그리드(0/3.9/7.5/11.1) 도면 실측. 창 1.3~2.8m 는 좌측면도 픽셀 계측. 평면이 꺾여 한 평면으로 안 잡히므로 남향계열(90~270°) 외벽 전체를 수광면으로 **가정**. 수평 배치는 교실모듈 9m 가정
체육관동(정보화센타) 1층-20,여의도중학교,40-1,교사동 창면,체육관동(정보화센타),1,194345.499,547078.33,2.05,A 도면기준,체육관동 4면도,도면,Z그리드(0/3.9/7.5/11.1) 도면 실측. 창 1.3~2.8m 는 좌측면도 픽셀 계측. 평면이 꺾여 한 평면으로 안 잡히므로 남향계열(90~270°) 외벽 전체를 수광면으로 **가정**. 수평 배치는 교실모듈 9m 가정
체육관동(정보화센타) 2층-20,여의도중학교,40-1,교사동 창면,체육관동(정보화센타),2,194345.499,547078.33,5.95,A 도면기준,체육관동 4면도,도면,Z그리드(0/3.9/7.5/11.1) 도면 실측. 창 1.3~2.8m 는 좌측면도 픽셀 계측. 평면이 꺾여 한 평면으로 안 잡히므로 남향계열(90~270°) 외벽 전체를 수광면으로 **가정**. 수평 배치는 교실모듈 9m 가정
체육관동(정보화센타) 3층-20,여의도중학교,40-1,교사동 창면,체육관동(정보화센타),3,194345.499,547078.33,9.55,A 도면기준,체육관동 4면도,도면,Z그리드(0/3.9/7.5/11.1) 도면 실측. 창 1.3~2.8m 는 좌측면도 픽셀 계측. 평면이 꺾여 한 평면으로 안 잡히므로 남향계열(90~270°) 외벽 전체를 수광면으로 **가정**. 수평 배치는 교실모듈 9m 가정
체육관동(정보화센타) 4층-20,여의도중학교,40-1,교사동 창면,체육관동(정보화센타),4,194345.499,547078.33,13.15,A 도면기준,체육관동 4면도,도면,Z그리드(0/3.9/7.5/11.1) 도면 실측. 창 1.3~2.8m 는 좌측면도 픽셀 계측. 평면이 꺾여 한 평면으로 안 잡히므로 남향계열(90~270°) 외벽 전체를 수광면으로 **가정**. 수평 배치는 교실모듈 9m 가정
체육관동(정보화센타) 1층-21,여의도중학교,40-1,교사동 창면,체육관동(정보화센타),1,194347.676,547083.327,2.05,A 도면기준,체육관동 4면도,도면,Z그리드(0/3.9/7.5/11.1) 도면 실측. 창 1.3~2.8m 는 좌측면도 픽셀 계측. 평면이 꺾여 한 평면으로 안 잡히므로 남향계열(90~270°) 외벽 전체를 수광면으로 **가정**. 수평 배치는 교실모듈 9m 가정
체육관동(정보화센타) 2층-21,여의도중학교,40-1,교사동 창면,체육관동(정보화센타),2,194347.676,547083.327,5.95,A 도면기준,체육관동 4면도,도면,Z그리드(0/3.9/7.5/11.1) 도면 실측. 창 1.3~2.8m 는 좌측면도 픽셀 계측. 평면이 꺾여 한 평면으로 안 잡히므로 남향계열(90~270°) 외벽 전체를 수광면으로 **가정**. 수평 배치는 교실모듈 9m 가정
체육관동(정보화센타) 3층-21,여의도중학교,40-1,교사동 창면,체육관동(정보화센타),3,194347.676,547083.327,9.55,A 도면기준,체육관동 4면도,도면,Z그리드(0/3.9/7.5/11.1) 도면 실측. 창 1.3~2.8m 는 좌측면도 픽셀 계측. 평면이 꺾여 한 평면으로 안 잡히므로 남향계열(90~270°) 외벽 전체를 수광면으로 **가정**. 수평 배치는 교실모듈 9m 가정
체육관동(정보화센타) 4층-21,여의도중학교,40-1,교사동 창면,체육관동(정보화센타),4,194347.676,547083.327,13.15,A 도면기준,체육관동 4면도,도면,Z그리드(0/3.9/7.5/11.1) 도면 실측. 창 1.3~2.8m 는 좌측면도 픽셀 계측. 평면이 꺾여 한 평면으로 안 잡히므로 남향계열(90~270°) 외벽 전체를 수광면으로 **가정**. 수평 배치는 교실모듈 9m 가정
체육관동(정보화센타) 1층-22,여의도중학교,40-1,교사동 창면,체육관동(정보화센타),1,194348.678,547086.821,2.05,A 도면기준,체육관동 4면도,도면,Z그리드(0/3.9/7.5/11.1) 도면 실측. 창 1.3~2.8m 는 좌측면도 픽셀 계측. 평면이 꺾여 한 평면으로 안 잡히므로 남향계열(90~270°) 외벽 전체를 수광면으로 **가정**. 수평 배치는 교실모듈 9m 가정
체육관동(정보화센타) 2층-22,여의도중학교,40-1,교사동 창면,체육관동(정보화센타),2,194348.678,547086.821,5.95,A 도면기준,체육관동 4면도,도면,Z그리드(0/3.9/7.5/11.1) 도면 실측. 창 1.3~2.8m 는 좌측면도 픽셀 계측. 평면이 꺾여 한 평면으로 안 잡히므로 남향계열(90~270°) 외벽 전체를 수광면으로 **가정**. 수평 배치는 교실모듈 9m 가정
체육관동(정보화센타) 3층-22,여의도중학교,40-1,교사동 창면,체육관동(정보화센타),3,194348.678,547086.821,9.55,A 도면기준,체육관동 4면도,도면,Z그리드(0/3.9/7.5/11.1) 도면 실측. 창 1.3~2.8m 는 좌측면도 픽셀 계측. 평면이 꺾여 한 평면으로 안 잡히므로 남향계열(90~270°) 외벽 전체를 수광면으로 **가정**. 수평 배치는 교실모듈 9m 가정
체육관동(정보화센타) 4층-22,여의도중학교,40-1,교사동 창면,체육관동(정보화센타),4,194348.678,547086.821,13.15,A 도면기준,체육관동 4면도,도면,Z그리드(0/3.9/7.5/11.1) 도면 실측. 창 1.3~2.8m 는 좌측면도 픽셀 계측. 평면이 꺾여 한 평면으로 안 잡히므로 남향계열(90~270°) 외벽 전체를 수광면으로 **가정**. 수평 배치는 교실모듈 9m 가정
체육관동 부속(원형부) 1층-1,여의도중학교,40-1,교사동 창면,체육관동 부속(원형부),1,194288.596,547091.467,2.05,A− 도면기준(대응·제원 추론 포함),체육관동 4면도(폴리곤 대응은 추론),도면,AL_D010 에 용도·층수·높이가 모두 결측인 787.5㎡ 동. 체육관동과 2.3m 거리·합계 면적 일치로 **같은 건물의 분할 폴리곤이라고 추론**해 같은 Z그리드와 창 높이를 적용. 높이 15.0m 도 그 추론에 따른 값
체육관동 부속(원형부) 2층-1,여의도중학교,40-1,교사동 창면,체육관동 부속(원형부),2,194288.596,547091.467,5.95,A− 도면기준(대응·제원 추론 포함),체육관동 4면도(폴리곤 대응은 추론),도면,AL_D010 에 용도·층수·높이가 모두 결측인 787.5㎡ 동. 체육관동과 2.3m 거리·합계 면적 일치로 **같은 건물의 분할 폴리곤이라고 추론**해 같은 Z그리드와 창 높이를 적용. 높이 15.0m 도 그 추론에 따른 값
체육관동 부속(원형부) 3층-1,여의도중학교,40-1,교사동 창면,체육관동 부속(원형부),3,194288.596,547091.467,9.55,A− 도면기준(대응·제원 추론 포함),체육관동 4면도(폴리곤 대응은 추론),도면,AL_D010 에 용도·층수·높이가 모두 결측인 787.5㎡ 동. 체육관동과 2.3m 거리·합계 면적 일치로 **같은 건물의 분할 폴리곤이라고 추론**해 같은 Z그리드와 창 높이를 적용. 높이 15.0m 도 그 추론에 따른 값
체육관동 부속(원형부) 4층-1,여의도중학교,40-1,교사동 창면,체육관동 부속(원형부),4,194288.596,547091.467,13.15,A− 도면기준(대응·제원 추론 포함),체육관동 4면도(폴리곤 대응은 추론),도면,AL_D010 에 용도·층수·높이가 모두 결측인 787.5㎡ 동. 체육관동과 2.3m 거리·합계 면적 일치로 **같은 건물의 분할 폴리곤이라고 추론**해 같은 Z그리드와 창 높이를 적용. 높이 15.0m 도 그 추론에 따른 값
체육관동 부속(원형부) 1층-2,여의도중학교,40-1,교사동 창면,체육관동 부속(원형부),1,194289.547,547087.932,2.05,A− 도면기준(대응·제원 추론 포함),체육관동 4면도(폴리곤 대응은 추론),도면,AL_D010 에 용도·층수·높이가 모두 결측인 787.5㎡ 동. 체육관동과 2.3m 거리·합계 면적 일치로 **같은 건물의 분할 폴리곤이라고 추론**해 같은 Z그리드와 창 높이를 적용. 높이 15.0m 도 그 추론에 따른 값
체육관동 부속(원형부) 2층-2,여의도중학교,40-1,교사동 창면,체육관동 부속(원형부),2,194289.547,547087.932,5.95,A− 도면기준(대응·제원 추론 포함),체육관동 4면도(폴리곤 대응은 추론),도면,AL_D010 에 용도·층수·높이가 모두 결측인 787.5㎡ 동. 체육관동과 2.3m 거리·합계 면적 일치로 **같은 건물의 분할 폴리곤이라고 추론**해 같은 Z그리드와 창 높이를 적용. 높이 15.0m 도 그 추론에 따른 값
체육관동 부속(원형부) 3층-2,여의도중학교,40-1,교사동 창면,체육관동 부속(원형부),3,194289.547,547087.932,9.55,A− 도면기준(대응·제원 추론 포함),체육관동 4면도(폴리곤 대응은 추론),도면,AL_D010 에 용도·층수·높이가 모두 결측인 787.5㎡ 동. 체육관동과 2.3m 거리·합계 면적 일치로 **같은 건물의 분할 폴리곤이라고 추론**해 같은 Z그리드와 창 높이를 적용. 높이 15.0m 도 그 추론에 따른 값
체육관동 부속(원형부) 4층-2,여의도중학교,40-1,교사동 창면,체육관동 부속(원형부),4,194289.547,547087.932,13.15,A− 도면기준(대응·제원 추론 포함),체육관동 4면도(폴리곤 대응은 추론),도면,AL_D010 에 용도·층수·높이가 모두 결측인 787.5㎡ 동. 체육관동과 2.3m 거리·합계 면적 일치로 **같은 건물의 분할 폴리곤이라고 추론**해 같은 Z그리드와 창 높이를 적용. 높이 15.0m 도 그 추론에 따른 값
체육관동 부속(원형부) 1층-3,여의도중학교,40-1,교사동 창면,체육관동 부속(원형부),1,194291.882,547083.014,2.05,A− 도면기준(대응·제원 추론 포함),체육관동 4면도(폴리곤 대응은 추론),도면,AL_D010 에 용도·층수·높이가 모두 결측인 787.5㎡ 동. 체육관동과 2.3m 거리·합계 면적 일치로 **같은 건물의 분할 폴리곤이라고 추론**해 같은 Z그리드와 창 높이를 적용. 높이 15.0m 도 그 추론에 따른 값
체육관동 부속(원형부) 2층-3,여의도중학교,40-1,교사동 창면,체육관동 부속(원형부),2,194291.882,547083.014,5.95,A− 도면기준(대응·제원 추론 포함),체육관동 4면도(폴리곤 대응은 추론),도면,AL_D010 에 용도·층수·높이가 모두 결측인 787.5㎡ 동. 체육관동과 2.3m 거리·합계 면적 일치로 **같은 건물의 분할 폴리곤이라고 추론**해 같은 Z그리드와 창 높이를 적용. 높이 15.0m 도 그 추론에 따른 값
체육관동 부속(원형부) 3층-3,여의도중학교,40-1,교사동 창면,체육관동 부속(원형부),3,194291.882,547083.014,9.55,A− 도면기준(대응·제원 추론 포함),체육관동 4면도(폴리곤 대응은 추론),도면,AL_D010 에 용도·층수·높이가 모두 결측인 787.5㎡ 동. 체육관동과 2.3m 거리·합계 면적 일치로 **같은 건물의 분할 폴리곤이라고 추론**해 같은 Z그리드와 창 높이를 적용. 높이 15.0m 도 그 추론에 따른 값
체육관동 부속(원형부) 4층-3,여의도중학교,40-1,교사동 창면,체육관동 부속(원형부),4,194291.882,547083.014,13.15,A− 도면기준(대응·제원 추론 포함),체육관동 4면도(폴리곤 대응은 추론),도면,AL_D010 에 용도·층수·높이가 모두 결측인 787.5㎡ 동. 체육관동과 2.3m 거리·합계 면적 일치로 **같은 건물의 분할 폴리곤이라고 추론**해 같은 Z그리드와 창 높이를 적용. 높이 15.0m 도 그 추론에 따른 값
체육관동 부속(원형부) 1층-4,여의도중학교,40-1,교사동 창면,체육관동 부속(원형부),1,194293.971,547080.01,2.05,A− 도면기준(대응·제원 추론 포함),체육관동 4면도(폴리곤 대응은 추론),도면,AL_D010 에 용도·층수·높이가 모두 결측인 787.5㎡ 동. 체육관동과 2.3m 거리·합계 면적 일치로 **같은 건물의 분할 폴리곤이라고 추론**해 같은 Z그리드와 창 높이를 적용. 높이 15.0m 도 그 추론에 따른 값
체육관동 부속(원형부) 2층-4,여의도중학교,40-1,교사동 창면,체육관동 부속(원형부),2,194293.971,547080.01,5.95,A− 도면기준(대응·제원 추론 포함),체육관동 4면도(폴리곤 대응은 추론),도면,AL_D010 에 용도·층수·높이가 모두 결측인 787.5㎡ 동. 체육관동과 2.3m 거리·합계 면적 일치로 **같은 건물의 분할 폴리곤이라고 추론**해 같은 Z그리드와 창 높이를 적용. 높이 15.0m 도 그 추론에 따른 값
체육관동 부속(원형부) 3층-4,여의도중학교,40-1,교사동 창면,체육관동 부속(원형부),3,194293.971,547080.01,9.55,A− 도면기준(대응·제원 추론 포함),체육관동 4면도(폴리곤 대응은 추론),도면,AL_D010 에 용도·층수·높이가 모두 결측인 787.5㎡ 동. 체육관동과 2.3m 거리·합계 면적 일치로 **같은 건물의 분할 폴리곤이라고 추론**해 같은 Z그리드와 창 높이를 적용. 높이 15.0m 도 그 추론에 따른 값
체육관동 부속(원형부) 4층-4,여의도중학교,40-1,교사동 창면,체육관동 부속(원형부),4,194293.971,547080.01,13.15,A− 도면기준(대응·제원 추론 포함),체육관동 4면도(폴리곤 대응은 추론),도면,AL_D010 에 용도·층수·높이가 모두 결측인 787.5㎡ 동. 체육관동과 2.3m 거리·합계 면적 일치로 **같은 건물의 분할 폴리곤이라고 추론**해 같은 Z그리드와 창 높이를 적용. 높이 15.0m 도 그 추론에 따른 값
체육관동 부속(원형부) 1층-5,여의도중학교,40-1,교사동 창면,체육관동 부속(원형부),1,194297.38,547075.823,2.05,A− 도면기준(대응·제원 추론 포함),체육관동 4면도(폴리곤 대응은 추론),도면,AL_D010 에 용도·층수·높이가 모두 결측인 787.5㎡ 동. 체육관동과 2.3m 거리·합계 면적 일치로 **같은 건물의 분할 폴리곤이라고 추론**해 같은 Z그리드와 창 높이를 적용. 높이 15.0m 도 그 추론에 따른 값
체육관동 부속(원형부) 2층-5,여의도중학교,40-1,교사동 창면,체육관동 부속(원형부),2,194297.38,547075.823,5.95,A− 도면기준(대응·제원 추론 포함),체육관동 4면도(폴리곤 대응은 추론),도면,AL_D010 에 용도·층수·높이가 모두 결측인 787.5㎡ 동. 체육관동과 2.3m 거리·합계 면적 일치로 **같은 건물의 분할 폴리곤이라고 추론**해 같은 Z그리드와 창 높이를 적용. 높이 15.0m 도 그 추론에 따른 값
체육관동 부속(원형부) 3층-5,여의도중학교,40-1,교사동 창면,체육관동 부속(원형부),3,194297.38,547075.823,9.55,A− 도면기준(대응·제원 추론 포함),체육관동 4면도(폴리곤 대응은 추론),도면,AL_D010 에 용도·층수·높이가 모두 결측인 787.5㎡ 동. 체육관동과 2.3m 거리·합계 면적 일치로 **같은 건물의 분할 폴리곤이라고 추론**해 같은 Z그리드와 창 높이를 적용. 높이 15.0m 도 그 추론에 따른 값
체육관동 부속(원형부) 4층-5,여의도중학교,40-1,교사동 창면,체육관동 부속(원형부),4,194297.38,547075.823,13.15,A− 도면기준(대응·제원 추론 포함),체육관동 4면도(폴리곤 대응은 추론),도면,AL_D010 에 용도·층수·높이가 모두 결측인 787.5㎡ 동. 체육관동과 2.3m 거리·합계 면적 일치로 **같은 건물의 분할 폴리곤이라고 추론**해 같은 Z그리드와 창 높이를 적용. 높이 15.0m 도 그 추론에 따른 값
체육관동 부속(원형부) 1층-6,여의도중학교,40-1,교사동 창면,체육관동 부속(원형부),1,194299.653,547073.031,2.05,A− 도면기준(대응·제원 추론 포함),체육관동 4면도(폴리곤 대응은 추론),도면,AL_D010 에 용도·층수·높이가 모두 결측인 787.5㎡ 동. 체육관동과 2.3m 거리·합계 면적 일치로 **같은 건물의 분할 폴리곤이라고 추론**해 같은 Z그리드와 창 높이를 적용. 높이 15.0m 도 그 추론에 따른 값
체육관동 부속(원형부) 2층-6,여의도중학교,40-1,교사동 창면,체육관동 부속(원형부),2,194299.653,547073.031,5.95,A− 도면기준(대응·제원 추론 포함),체육관동 4면도(폴리곤 대응은 추론),도면,AL_D010 에 용도·층수·높이가 모두 결측인 787.5㎡ 동. 체육관동과 2.3m 거리·합계 면적 일치로 **같은 건물의 분할 폴리곤이라고 추론**해 같은 Z그리드와 창 높이를 적용. 높이 15.0m 도 그 추론에 따른 값
체육관동 부속(원형부) 3층-6,여의도중학교,40-1,교사동 창면,체육관동 부속(원형부),3,194299.653,547073.031,9.55,A− 도면기준(대응·제원 추론 포함),체육관동 4면도(폴리곤 대응은 추론),도면,AL_D010 에 용도·층수·높이가 모두 결측인 787.5㎡ 동. 체육관동과 2.3m 거리·합계 면적 일치로 **같은 건물의 분할 폴리곤이라고 추론**해 같은 Z그리드와 창 높이를 적용. 높이 15.0m 도 그 추론에 따른 값
체육관동 부속(원형부) 4층-6,여의도중학교,40-1,교사동 창면,체육관동 부속(원형부),4,194299.653,547073.031,13.15,A− 도면기준(대응·제원 추론 포함),체육관동 4면도(폴리곤 대응은 추론),도면,AL_D010 에 용도·층수·높이가 모두 결측인 787.5㎡ 동. 체육관동과 2.3m 거리·합계 면적 일치로 **같은 건물의 분할 폴리곤이라고 추론**해 같은 Z그리드와 창 높이를 적용. 높이 15.0m 도 그 추론에 따른 값
체육관동 부속(원형부) 1층-7,여의도중학교,40-1,교사동 창면,체육관동 부속(원형부),1,194303.062,547068.843,2.05,A− 도면기준(대응·제원 추론 포함),체육관동 4면도(폴리곤 대응은 추론),도면,AL_D010 에 용도·층수·높이가 모두 결측인 787.5㎡ 동. 체육관동과 2.3m 거리·합계 면적 일치로 **같은 건물의 분할 폴리곤이라고 추론**해 같은 Z그리드와 창 높이를 적용. 높이 15.0m 도 그 추론에 따른 값
체육관동 부속(원형부) 2층-7,여의도중학교,40-1,교사동 창면,체육관동 부속(원형부),2,194303.062,547068.843,5.95,A− 도면기준(대응·제원 추론 포함),체육관동 4면도(폴리곤 대응은 추론),도면,AL_D010 에 용도·층수·높이가 모두 결측인 787.5㎡ 동. 체육관동과 2.3m 거리·합계 면적 일치로 **같은 건물의 분할 폴리곤이라고 추론**해 같은 Z그리드와 창 높이를 적용. 높이 15.0m 도 그 추론에 따른 값
체육관동 부속(원형부) 3층-7,여의도중학교,40-1,교사동 창면,체육관동 부속(원형부),3,194303.062,547068.843,9.55,A− 도면기준(대응·제원 추론 포함),체육관동 4면도(폴리곤 대응은 추론),도면,AL_D010 에 용도·층수·높이가 모두 결측인 787.5㎡ 동. 체육관동과 2.3m 거리·합계 면적 일치로 **같은 건물의 분할 폴리곤이라고 추론**해 같은 Z그리드와 창 높이를 적용. 높이 15.0m 도 그 추론에 따른 값
체육관동 부속(원형부) 4층-7,여의도중학교,40-1,교사동 창면,체육관동 부속(원형부),4,194303.062,547068.843,13.15,A− 도면기준(대응·제원 추론 포함),체육관동 4면도(폴리곤 대응은 추론),도면,AL_D010 에 용도·층수·높이가 모두 결측인 787.5㎡ 동. 체육관동과 2.3m 거리·합계 면적 일치로 **같은 건물의 분할 폴리곤이라고 추론**해 같은 Z그리드와 창 높이를 적용. 높이 15.0m 도 그 추론에 따른 값
체육관동 부속(원형부) 1층-8,여의도중학교,40-1,교사동 창면,체육관동 부속(원형부),1,194305.335,547066.051,2.05,A− 도면기준(대응·제원 추론 포함),체육관동 4면도(폴리곤 대응은 추론),도면,AL_D010 에 용도·층수·높이가 모두 결측인 787.5㎡ 동. 체육관동과 2.3m 거리·합계 면적 일치로 **같은 건물의 분할 폴리곤이라고 추론**해 같은 Z그리드와 창 높이를 적용. 높이 15.0m 도 그 추론에 따른 값
체육관동 부속(원형부) 2층-8,여의도중학교,40-1,교사동 창면,체육관동 부속(원형부),2,194305.335,547066.051,5.95,A− 도면기준(대응·제원 추론 포함),체육관동 4면도(폴리곤 대응은 추론),도면,AL_D010 에 용도·층수·높이가 모두 결측인 787.5㎡ 동. 체육관동과 2.3m 거리·합계 면적 일치로 **같은 건물의 분할 폴리곤이라고 추론**해 같은 Z그리드와 창 높이를 적용. 높이 15.0m 도 그 추론에 따른 값
체육관동 부속(원형부) 3층-8,여의도중학교,40-1,교사동 창면,체육관동 부속(원형부),3,194305.335,547066.051,9.55,A− 도면기준(대응·제원 추론 포함),체육관동 4면도(폴리곤 대응은 추론),도면,AL_D010 에 용도·층수·높이가 모두 결측인 787.5㎡ 동. 체육관동과 2.3m 거리·합계 면적 일치로 **같은 건물의 분할 폴리곤이라고 추론**해 같은 Z그리드와 창 높이를 적용. 높이 15.0m 도 그 추론에 따른 값
체육관동 부속(원형부) 4층-8,여의도중학교,40-1,교사동 창면,체육관동 부속(원형부),4,194305.335,547066.051,13.15,A− 도면기준(대응·제원 추론 포함),체육관동 4면도(폴리곤 대응은 추론),도면,AL_D010 에 용도·층수·높이가 모두 결측인 787.5㎡ 동. 체육관동과 2.3m 거리·합계 면적 일치로 **같은 건물의 분할 폴리곤이라고 추론**해 같은 Z그리드와 창 높이를 적용. 높이 15.0m 도 그 추론에 따른 값
체육관동 부속(원형부) 1층-9,여의도중학교,40-1,교사동 창면,체육관동 부속(원형부),1,194310.018,547068.712,2.05,A− 도면기준(대응·제원 추론 포함),체육관동 4면도(폴리곤 대응은 추론),도면,AL_D010 에 용도·층수·높이가 모두 결측인 787.5㎡ 동. 체육관동과 2.3m 거리·합계 면적 일치로 **같은 건물의 분할 폴리곤이라고 추론**해 같은 Z그리드와 창 높이를 적용. 높이 15.0m 도 그 추론에 따른 값
체육관동 부속(원형부) 2층-9,여의도중학교,40-1,교사동 창면,체육관동 부속(원형부),2,194310.018,547068.712,5.95,A− 도면기준(대응·제원 추론 포함),체육관동 4면도(폴리곤 대응은 추론),도면,AL_D010 에 용도·층수·높이가 모두 결측인 787.5㎡ 동. 체육관동과 2.3m 거리·합계 면적 일치로 **같은 건물의 분할 폴리곤이라고 추론**해 같은 Z그리드와 창 높이를 적용. 높이 15.0m 도 그 추론에 따른 값
체육관동 부속(원형부) 3층-9,여의도중학교,40-1,교사동 창면,체육관동 부속(원형부),3,194310.018,547068.712,9.55,A− 도면기준(대응·제원 추론 포함),체육관동 4면도(폴리곤 대응은 추론),도면,AL_D010 에 용도·층수·높이가 모두 결측인 787.5㎡ 동. 체육관동과 2.3m 거리·합계 면적 일치로 **같은 건물의 분할 폴리곤이라고 추론**해 같은 Z그리드와 창 높이를 적용. 높이 15.0m 도 그 추론에 따른 값
체육관동 부속(원형부) 4층-9,여의도중학교,40-1,교사동 창면,체육관동 부속(원형부),4,194310.018,547068.712,13.15,A− 도면기준(대응·제원 추론 포함),체육관동 4면도(폴리곤 대응은 추론),도면,AL_D010 에 용도·층수·높이가 모두 결측인 787.5㎡ 동. 체육관동과 2.3m 거리·합계 면적 일치로 **같은 건물의 분할 폴리곤이라고 추론**해 같은 Z그리드와 창 높이를 적용. 높이 15.0m 도 그 추론에 따른 값
체육관동 부속(원형부) 1층-10,여의도중학교,40-1,교사동 창면,체육관동 부속(원형부),1,194312.812,547070.982,2.05,A− 도면기준(대응·제원 추론 포함),체육관동 4면도(폴리곤 대응은 추론),도면,AL_D010 에 용도·층수·높이가 모두 결측인 787.5㎡ 동. 체육관동과 2.3m 거리·합계 면적 일치로 **같은 건물의 분할 폴리곤이라고 추론**해 같은 Z그리드와 창 높이를 적용. 높이 15.0m 도 그 추론에 따른 값
체육관동 부속(원형부) 2층-10,여의도중학교,40-1,교사동 창면,체육관동 부속(원형부),2,194312.812,547070.982,5.95,A− 도면기준(대응·제원 추론 포함),체육관동 4면도(폴리곤 대응은 추론),도면,AL_D010 에 용도·층수·높이가 모두 결측인 787.5㎡ 동. 체육관동과 2.3m 거리·합계 면적 일치로 **같은 건물의 분할 폴리곤이라고 추론**해 같은 Z그리드와 창 높이를 적용. 높이 15.0m 도 그 추론에 따른 값
체육관동 부속(원형부) 3층-10,여의도중학교,40-1,교사동 창면,체육관동 부속(원형부),3,194312.812,547070.982,9.55,A− 도면기준(대응·제원 추론 포함),체육관동 4면도(폴리곤 대응은 추론),도면,AL_D010 에 용도·층수·높이가 모두 결측인 787.5㎡ 동. 체육관동과 2.3m 거리·합계 면적 일치로 **같은 건물의 분할 폴리곤이라고 추론**해 같은 Z그리드와 창 높이를 적용. 높이 15.0m 도 그 추론에 따른 값
체육관동 부속(원형부) 4층-10,여의도중학교,40-1,교사동 창면,체육관동 부속(원형부),4,194312.812,547070.982,13.15,A− 도면기준(대응·제원 추론 포함),체육관동 4면도(폴리곤 대응은 추론),도면,AL_D010 에 용도·층수·높이가 모두 결측인 787.5㎡ 동. 체육관동과 2.3m 거리·합계 면적 일치로 **같은 건물의 분할 폴리곤이라고 추론**해 같은 Z그리드와 창 높이를 적용. 높이 15.0m 도 그 추론에 따른 값
체육관동 부속(원형부) 1층-11,여의도중학교,40-1,교사동 창면,체육관동 부속(원형부),1,194317.004,547074.386,2.05,A− 도면기준(대응·제원 추론 포함),체육관동 4면도(폴리곤 대응은 추론),도면,AL_D010 에 용도·층수·높이가 모두 결측인 787.5㎡ 동. 체육관동과 2.3m 거리·합계 면적 일치로 **같은 건물의 분할 폴리곤이라고 추론**해 같은 Z그리드와 창 높이를 적용. 높이 15.0m 도 그 추론에 따른 값
체육관동 부속(원형부) 2층-11,여의도중학교,40-1,교사동 창면,체육관동 부속(원형부),2,194317.004,547074.386,5.95,A− 도면기준(대응·제원 추론 포함),체육관동 4면도(폴리곤 대응은 추론),도면,AL_D010 에 용도·층수·높이가 모두 결측인 787.5㎡ 동. 체육관동과 2.3m 거리·합계 면적 일치로 **같은 건물의 분할 폴리곤이라고 추론**해 같은 Z그리드와 창 높이를 적용. 높이 15.0m 도 그 추론에 따른 값
체육관동 부속(원형부) 3층-11,여의도중학교,40-1,교사동 창면,체육관동 부속(원형부),3,194317.004,547074.386,9.55,A− 도면기준(대응·제원 추론 포함),체육관동 4면도(폴리곤 대응은 추론),도면,AL_D010 에 용도·층수·높이가 모두 결측인 787.5㎡ 동. 체육관동과 2.3m 거리·합계 면적 일치로 **같은 건물의 분할 폴리곤이라고 추론**해 같은 Z그리드와 창 높이를 적용. 높이 15.0m 도 그 추론에 따른 값
체육관동 부속(원형부) 4층-11,여의도중학교,40-1,교사동 창면,체육관동 부속(원형부),4,194317.004,547074.386,13.15,A− 도면기준(대응·제원 추론 포함),체육관동 4면도(폴리곤 대응은 추론),도면,AL_D010 에 용도·층수·높이가 모두 결측인 787.5㎡ 동. 체육관동과 2.3m 거리·합계 면적 일치로 **같은 건물의 분할 폴리곤이라고 추론**해 같은 Z그리드와 창 높이를 적용. 높이 15.0m 도 그 추론에 따른 값
체육관동 부속(원형부) 1층-12,여의도중학교,40-1,교사동 창면,체육관동 부속(원형부),1,194319.798,547076.656,2.05,A− 도면기준(대응·제원 추론 포함),체육관동 4면도(폴리곤 대응은 추론),도면,AL_D010 에 용도·층수·높이가 모두 결측인 787.5㎡ 동. 체육관동과 2.3m 거리·합계 면적 일치로 **같은 건물의 분할 폴리곤이라고 추론**해 같은 Z그리드와 창 높이를 적용. 높이 15.0m 도 그 추론에 따른 값
체육관동 부속(원형부) 2층-12,여의도중학교,40-1,교사동 창면,체육관동 부속(원형부),2,194319.798,547076.656,5.95,A− 도면기준(대응·제원 추론 포함),체육관동 4면도(폴리곤 대응은 추론),도면,AL_D010 에 용도·층수·높이가 모두 결측인 787.5㎡ 동. 체육관동과 2.3m 거리·합계 면적 일치로 **같은 건물의 분할 폴리곤이라고 추론**해 같은 Z그리드와 창 높이를 적용. 높이 15.0m 도 그 추론에 따른 값
체육관동 부속(원형부) 3층-12,여의도중학교,40-1,교사동 창면,체육관동 부속(원형부),3,194319.798,547076.656,9.55,A− 도면기준(대응·제원 추론 포함),체육관동 4면도(폴리곤 대응은 추론),도면,AL_D010 에 용도·층수·높이가 모두 결측인 787.5㎡ 동. 체육관동과 2.3m 거리·합계 면적 일치로 **같은 건물의 분할 폴리곤이라고 추론**해 같은 Z그리드와 창 높이를 적용. 높이 15.0m 도 그 추론에 따른 값
체육관동 부속(원형부) 4층-12,여의도중학교,40-1,교사동 창면,체육관동 부속(원형부),4,194319.798,547076.656,13.15,A− 도면기준(대응·제원 추론 포함),체육관동 4면도(폴리곤 대응은 추론),도면,AL_D010 에 용도·층수·높이가 모두 결측인 787.5㎡ 동. 체육관동과 2.3m 거리·합계 면적 일치로 **같은 건물의 분할 폴리곤이라고 추론**해 같은 Z그리드와 창 높이를 적용. 높이 15.0m 도 그 추론에 따른 값
여의도중학교 운동장-1,여의도중학교,40-1,운동장 지반,여의도중학교 운동장,0,194318.646,547130.376,0.0,A− 도면기준(대응·제원 추론 포함),배치도 경계(래스터 계측) + 분석지점도 격자,도면,"격자 수·방위는 옥외체육장 분석지점도대로(칸마다 1점), **경계는 학교 위치 배치도에서 계측**했다. 배치도는 운동장을 해치로 칠하므로 AL_D010 건물 선화에 맞춰 축척·평행이동을 역산(1.270 m/화소)한 뒤 해치영역을 실좌표로 읽었다. 위치는 도면대로지만 **래스터 계측 오차 ±3m** 가 남는다"
여의도중학교 운동장-2,여의도중학교,40-1,운동장 지반,여의도중학교 운동장,0,194313.117,547137.453,0.0,A− 도면기준(대응·제원 추론 포함),배치도 경계(래스터 계측) + 분석지점도 격자,도면,"격자 수·방위는 옥외체육장 분석지점도대로(칸마다 1점), **경계는 학교 위치 배치도에서 계측**했다. 배치도는 운동장을 해치로 칠하므로 AL_D010 건물 선화에 맞춰 축척·평행이동을 역산(1.270 m/화소)한 뒤 해치영역을 실좌표로 읽었다. 위치는 도면대로지만 **래스터 계측 오차 ±3m** 가 남는다"
여의도중학교 운동장-3,여의도중학교,40-1,운동장 지반,여의도중학교 운동장,0,194307.589,547144.529,0.0,A− 도면기준(대응·제원 추론 포함),배치도 경계(래스터 계측) + 분석지점도 격자,도면,"격자 수·방위는 옥외체육장 분석지점도대로(칸마다 1점), **경계는 학교 위치 배치도에서 계측**했다. 배치도는 운동장을 해치로 칠하므로 AL_D010 건물 선화에 맞춰 축척·평행이동을 역산(1.270 m/화소)한 뒤 해치영역을 실좌표로 읽었다. 위치는 도면대로지만 **래스터 계측 오차 ±3m** 가 남는다"
여의도중학교 운동장-4,여의도중학교,40-1,운동장 지반,여의도중학교 운동장,0,194302.06,547151.606,0.0,A− 도면기준(대응·제원 추론 포함),배치도 경계(래스터 계측) + 분석지점도 격자,도면,"격자 수·방위는 옥외체육장 분석지점도대로(칸마다 1점), **경계는 학교 위치 배치도에서 계측**했다. 배치도는 운동장을 해치로 칠하므로 AL_D010 건물 선화에 맞춰 축척·평행이동을 역산(1.270 m/화소)한 뒤 해치영역을 실좌표로 읽었다. 위치는 도면대로지만 **래스터 계측 오차 ±3m** 가 남는다"
여의도중학교 운동장-5,여의도중학교,40-1,운동장 지반,여의도중학교 운동장,0,194296.532,547158.682,0.0,A− 도면기준(대응·제원 추론 포함),배치도 경계(래스터 계측) + 분석지점도 격자,도면,"격자 수·방위는 옥외체육장 분석지점도대로(칸마다 1점), **경계는 학교 위치 배치도에서 계측**했다. 배치도는 운동장을 해치로 칠하므로 AL_D010 건물 선화에 맞춰 축척·평행이동을 역산(1.270 m/화소)한 뒤 해치영역을 실좌표로 읽었다. 위치는 도면대로지만 **래스터 계측 오차 ±3m** 가 남는다"
여의도중학교 운동장-6,여의도중학교,40-1,운동장 지반,여의도중학교 운동장,0,194291.003,547165.758,0.0,A− 도면기준(대응·제원 추론 포함),배치도 경계(래스터 계측) + 분석지점도 격자,도면,"격자 수·방위는 옥외체육장 분석지점도대로(칸마다 1점), **경계는 학교 위치 배치도에서 계측**했다. 배치도는 운동장을 해치로 칠하므로 AL_D010 건물 선화에 맞춰 축척·평행이동을 역산(1.270 m/화소)한 뒤 해치영역을 실좌표로 읽었다. 위치는 도면대로지만 **래스터 계측 오차 ±3m** 가 남는다"
여의도중학교 운동장-7,여의도중학교,40-1,운동장 지반,여의도중학교 운동장,0,194285.474,547172.835,0.0,A− 도면기준(대응·제원 추론 포함),배치도 경계(래스터 계측) + 분석지점도 격자,도면,"격자 수·방위는 옥외체육장 분석지점도대로(칸마다 1점), **경계는 학교 위치 배치도에서 계측**했다. 배치도는 운동장을 해치로 칠하므로 AL_D010 건물 선화에 맞춰 축척·평행이동을 역산(1.270 m/화소)한 뒤 해치영역을 실좌표로 읽었다. 위치는 도면대로지만 **래스터 계측 오차 ±3m** 가 남는다"
여의도중학교 운동장-8,여의도중학교,40-1,운동장 지반,여의도중학교 운동장,0,194279.946,547179.911,0.0,A− 도면기준(대응·제원 추론 포함),배치도 경계(래스터 계측) + 분석지점도 격자,도면,"격자 수·방위는 옥외체육장 분석지점도대로(칸마다 1점), **경계는 학교 위치 배치도에서 계측**했다. 배치도는 운동장을 해치로 칠하므로 AL_D010 건물 선화에 맞춰 축척·평행이동을 역산(1.270 m/화소)한 뒤 해치영역을 실좌표로 읽었다. 위치는 도면대로지만 **래스터 계측 오차 ±3m** 가 남는다"
여의도중학교 운동장-9,여의도중학교,40-1,운동장 지반,여의도중학교 운동장,0,194274.417,547186.987,0.0,A− 도면기준(대응·제원 추론 포함),배치도 경계(래스터 계측) + 분석지점도 격자,도면,"격자 수·방위는 옥외체육장 분석지점도대로(칸마다 1점), **경계는 학교 위치 배치도에서 계측**했다. 배치도는 운동장을 해치로 칠하므로 AL_D010 건물 선화에 맞춰 축척·평행이동을 역산(1.270 m/화소)한 뒤 해치영역을 실좌표로 읽었다. 위치는 도면대로지만 **래스터 계측 오차 ±3m** 가 남는다"
여의도중학교 운동장-10,여의도중학교,40-1,운동장 지반,여의도중학교 운동장,0,194268.888,547194.064,0.0,A− 도면기준(대응·제원 추론 포함),배치도 경계(래스터 계측) + 분석지점도 격자,도면,"격자 수·방위는 옥외체육장 분석지점도대로(칸마다 1점), **경계는 학교 위치 배치도에서 계측**했다. 배치도는 운동장을 해치로 칠하므로 AL_D010 건물 선화에 맞춰 축척·평행이동을 역산(1.270 m/화소)한 뒤 해치영역을 실좌표로 읽었다. 위치는 도면대로지만 **래스터 계측 오차 ±3m** 가 남는다"
여의도중학교 운동장-11,여의도중학교,40-1,운동장 지반,여의도중학교 운동장,0,194263.36,547201.14,0.0,A− 도면기준(대응·제원 추론 포함),배치도 경계(래스터 계측) + 분석지점도 격자,도면,"격자 수·방위는 옥외체육장 분석지점도대로(칸마다 1점), **경계는 학교 위치 배치도에서 계측**했다. 배치도는 운동장을 해치로 칠하므로 AL_D010 건물 선화에 맞춰 축척·평행이동을 역산(1.270 m/화소)한 뒤 해치영역을 실좌표로 읽었다. 위치는 도면대로지만 **래스터 계측 오차 ±3m** 가 남는다"
여의도중학교 운동장-12,여의도중학교,40-1,운동장 지반,여의도중학교 운동장,0,194257.831,547208.216,0.0,A− 도면기준(대응·제원 추론 포함),배치도 경계(래스터 계측) + 분석지점도 격자,도면,"격자 수·방위는 옥외체육장 분석지점도대로(칸마다 1점), **경계는 학교 위치 배치도에서 계측**했다. 배치도는 운동장을 해치로 칠하므로 AL_D010 건물 선화에 맞춰 축척·평행이동을 역산(1.270 m/화소)한 뒤 해치영역을 실좌표로 읽었다. 위치는 도면대로지만 **래스터 계측 오차 ±3m** 가 남는다"
여의도중학교 운동장-13,여의도중학교,40-1,운동장 지반,여의도중학교 운동장,0,194310.526,547124.033,0.0,A− 도면기준(대응·제원 추론 포함),배치도 경계(래스터 계측) + 분석지점도 격자,도면,"격자 수·방위는 옥외체육장 분석지점도대로(칸마다 1점), **경계는 학교 위치 배치도에서 계측**했다. 배치도는 운동장을 해치로 칠하므로 AL_D010 건물 선화에 맞춰 축척·평행이동을 역산(1.270 m/화소)한 뒤 해치영역을 실좌표로 읽었다. 위치는 도면대로지만 **래스터 계측 오차 ±3m** 가 남는다"
여의도중학교 운동장-14,여의도중학교,40-1,운동장 지반,여의도중학교 운동장,0,194304.998,547131.109,0.0,A− 도면기준(대응·제원 추론 포함),배치도 경계(래스터 계측) + 분석지점도 격자,도면,"격자 수·방위는 옥외체육장 분석지점도대로(칸마다 1점), **경계는 학교 위치 배치도에서 계측**했다. 배치도는 운동장을 해치로 칠하므로 AL_D010 건물 선화에 맞춰 축척·평행이동을 역산(1.270 m/화소)한 뒤 해치영역을 실좌표로 읽었다. 위치는 도면대로지만 **래스터 계측 오차 ±3m** 가 남는다"
여의도중학교 운동장-15,여의도중학교,40-1,운동장 지반,여의도중학교 운동장,0,194299.469,547138.185,0.0,A− 도면기준(대응·제원 추론 포함),배치도 경계(래스터 계측) + 분석지점도 격자,도면,"격자 수·방위는 옥외체육장 분석지점도대로(칸마다 1점), **경계는 학교 위치 배치도에서 계측**했다. 배치도는 운동장을 해치로 칠하므로 AL_D010 건물 선화에 맞춰 축척·평행이동을 역산(1.270 m/화소)한 뒤 해치영역을 실좌표로 읽었다. 위치는 도면대로지만 **래스터 계측 오차 ±3m** 가 남는다"
여의도중학교 운동장-16,여의도중학교,40-1,운동장 지반,여의도중학교 운동장,0,194293.94,547145.262,0.0,A− 도면기준(대응·제원 추론 포함),배치도 경계(래스터 계측) + 분석지점도 격자,도면,"격자 수·방위는 옥외체육장 분석지점도대로(칸마다 1점), **경계는 학교 위치 배치도에서 계측**했다. 배치도는 운동장을 해치로 칠하므로 AL_D010 건물 선화에 맞춰 축척·평행이동을 역산(1.270 m/화소)한 뒤 해치영역을 실좌표로 읽었다. 위치는 도면대로지만 **래스터 계측 오차 ±3m** 가 남는다"
여의도중학교 운동장-17,여의도중학교,40-1,운동장 지반,여의도중학교 운동장,0,194288.412,547152.338,0.0,A− 도면기준(대응·제원 추론 포함),배치도 경계(래스터 계측) + 분석지점도 격자,도면,"격자 수·방위는 옥외체육장 분석지점도대로(칸마다 1점), **경계는 학교 위치 배치도에서 계측**했다. 배치도는 운동장을 해치로 칠하므로 AL_D010 건물 선화에 맞춰 축척·평행이동을 역산(1.270 m/화소)한 뒤 해치영역을 실좌표로 읽었다. 위치는 도면대로지만 **래스터 계측 오차 ±3m** 가 남는다"
여의도중학교 운동장-18,여의도중학교,40-1,운동장 지반,여의도중학교 운동장,0,194282.883,547159.414,0.0,A− 도면기준(대응·제원 추론 포함),배치도 경계(래스터 계측) + 분석지점도 격자,도면,"격자 수·방위는 옥외체육장 분석지점도대로(칸마다 1점), **경계는 학교 위치 배치도에서 계측**했다. 배치도는 운동장을 해치로 칠하므로 AL_D010 건물 선화에 맞춰 축척·평행이동을 역산(1.270 m/화소)한 뒤 해치영역을 실좌표로 읽었다. 위치는 도면대로지만 **래스터 계측 오차 ±3m** 가 남는다"
여의도중학교 운동장-19,여의도중학교,40-1,운동장 지반,여의도중학교 운동장,0,194277.355,547166.491,0.0,A− 도면기준(대응·제원 추론 포함),배치도 경계(래스터 계측) + 분석지점도 격자,도면,"격자 수·방위는 옥외체육장 분석지점도대로(칸마다 1점), **경계는 학교 위치 배치도에서 계측**했다. 배치도는 운동장을 해치로 칠하므로 AL_D010 건물 선화에 맞춰 축척·평행이동을 역산(1.270 m/화소)한 뒤 해치영역을 실좌표로 읽었다. 위치는 도면대로지만 **래스터 계측 오차 ±3m** 가 남는다"
여의도중학교 운동장-20,여의도중학교,40-1,운동장 지반,여의도중학교 운동장,0,194271.826,547173.567,0.0,A− 도면기준(대응·제원 추론 포함),배치도 경계(래스터 계측) + 분석지점도 격자,도면,"격자 수·방위는 옥외체육장 분석지점도대로(칸마다 1점), **경계는 학교 위치 배치도에서 계측**했다. 배치도는 운동장을 해치로 칠하므로 AL_D010 건물 선화에 맞춰 축척·평행이동을 역산(1.270 m/화소)한 뒤 해치영역을 실좌표로 읽었다. 위치는 도면대로지만 **래스터 계측 오차 ±3m** 가 남는다"
여의도중학교 운동장-21,여의도중학교,40-1,운동장 지반,여의도중학교 운동장,0,194266.297,547180.643,0.0,A− 도면기준(대응·제원 추론 포함),배치도 경계(래스터 계측) + 분석지점도 격자,도면,"격자 수·방위는 옥외체육장 분석지점도대로(칸마다 1점), **경계는 학교 위치 배치도에서 계측**했다. 배치도는 운동장을 해치로 칠하므로 AL_D010 건물 선화에 맞춰 축척·평행이동을 역산(1.270 m/화소)한 뒤 해치영역을 실좌표로 읽었다. 위치는 도면대로지만 **래스터 계측 오차 ±3m** 가 남는다"
여의도중학교 운동장-22,여의도중학교,40-1,운동장 지반,여의도중학교 운동장,0,194260.769,547187.72,0.0,A− 도면기준(대응·제원 추론 포함),배치도 경계(래스터 계측) + 분석지점도 격자,도면,"격자 수·방위는 옥외체육장 분석지점도대로(칸마다 1점), **경계는 학교 위치 배치도에서 계측**했다. 배치도는 운동장을 해치로 칠하므로 AL_D010 건물 선화에 맞춰 축척·평행이동을 역산(1.270 m/화소)한 뒤 해치영역을 실좌표로 읽었다. 위치는 도면대로지만 **래스터 계측 오차 ±3m** 가 남는다"
여의도중학교 운동장-23,여의도중학교,40-1,운동장 지반,여의도중학교 운동장,0,194255.24,547194.796,0.0,A− 도면기준(대응·제원 추론 포함),배치도 경계(래스터 계측) + 분석지점도 격자,도면,"격자 수·방위는 옥외체육장 분석지점도대로(칸마다 1점), **경계는 학교 위치 배치도에서 계측**했다. 배치도는 운동장을 해치로 칠하므로 AL_D010 건물 선화에 맞춰 축척·평행이동을 역산(1.270 m/화소)한 뒤 해치영역을 실좌표로 읽었다. 위치는 도면대로지만 **래스터 계측 오차 ±3m** 가 남는다"
여의도중학교 운동장-24,여의도중학교,40-1,운동장 지반,여의도중학교 운동장,0,194249.711,547201.872,0.0,A− 도면기준(대응·제원 추론 포함),배치도 경계(래스터 계측) + 분석지점도 격자,도면,"격자 수·방위는 옥외체육장 분석지점도대로(칸마다 1점), **경계는 학교 위치 배치도에서 계측**했다. 배치도는 운동장을 해치로 칠하므로 AL_D010 건물 선화에 맞춰 축척·평행이동을 역산(1.270 m/화소)한 뒤 해치영역을 실좌표로 읽었다. 위치는 도면대로지만 **래스터 계측 오차 ±3m** 가 남는다"
여의도중학교 운동장-25,여의도중학교,40-1,운동장 지반,여의도중학교 운동장,0,194302.407,547117.689,0.0,A− 도면기준(대응·제원 추론 포함),배치도 경계(래스터 계측) + 분석지점도 격자,도면,"격자 수·방위는 옥외체육장 분석지점도대로(칸마다 1점), **경계는 학교 위치 배치도에서 계측**했다. 배치도는 운동장을 해치로 칠하므로 AL_D010 건물 선화에 맞춰 축척·평행이동을 역산(1.270 m/화소)한 뒤 해치영역을 실좌표로 읽었다. 위치는 도면대로지만 **래스터 계측 오차 ±3m** 가 남는다"
여의도중학교 운동장-26,여의도중학교,40-1,운동장 지반,여의도중학교 운동장,0,194296.878,547124.765,0.0,A− 도면기준(대응·제원 추론 포함),배치도 경계(래스터 계측) + 분석지점도 격자,도면,"격자 수·방위는 옥외체육장 분석지점도대로(칸마다 1점), **경계는 학교 위치 배치도에서 계측**했다. 배치도는 운동장을 해치로 칠하므로 AL_D010 건물 선화에 맞춰 축척·평행이동을 역산(1.270 m/화소)한 뒤 해치영역을 실좌표로 읽었다. 위치는 도면대로지만 **래스터 계측 오차 ±3m** 가 남는다"
여의도중학교 운동장-27,여의도중학교,40-1,운동장 지반,여의도중학교 운동장,0,194291.349,547131.842,0.0,A− 도면기준(대응·제원 추론 포함),배치도 경계(래스터 계측) + 분석지점도 격자,도면,"격자 수·방위는 옥외체육장 분석지점도대로(칸마다 1점), **경계는 학교 위치 배치도에서 계측**했다. 배치도는 운동장을 해치로 칠하므로 AL_D010 건물 선화에 맞춰 축척·평행이동을 역산(1.270 m/화소)한 뒤 해치영역을 실좌표로 읽었다. 위치는 도면대로지만 **래스터 계측 오차 ±3m** 가 남는다"
여의도중학교 운동장-28,여의도중학교,40-1,운동장 지반,여의도중학교 운동장,0,194285.821,547138.918,0.0,A− 도면기준(대응·제원 추론 포함),배치도 경계(래스터 계측) + 분석지점도 격자,도면,"격자 수·방위는 옥외체육장 분석지점도대로(칸마다 1점), **경계는 학교 위치 배치도에서 계측**했다. 배치도는 운동장을 해치로 칠하므로 AL_D010 건물 선화에 맞춰 축척·평행이동을 역산(1.270 m/화소)한 뒤 해치영역을 실좌표로 읽었다. 위치는 도면대로지만 **래스터 계측 오차 ±3m** 가 남는다"
여의도중학교 운동장-29,여의도중학교,40-1,운동장 지반,여의도중학교 운동장,0,194280.292,547145.994,0.0,A− 도면기준(대응·제원 추론 포함),배치도 경계(래스터 계측) + 분석지점도 격자,도면,"격자 수·방위는 옥외체육장 분석지점도대로(칸마다 1점), **경계는 학교 위치 배치도에서 계측**했다. 배치도는 운동장을 해치로 칠하므로 AL_D010 건물 선화에 맞춰 축척·평행이동을 역산(1.270 m/화소)한 뒤 해치영역을 실좌표로 읽었다. 위치는 도면대로지만 **래스터 계측 오차 ±3m** 가 남는다"
여의도중학교 운동장-30,여의도중학교,40-1,운동장 지반,여의도중학교 운동장,0,194274.763,547153.071,0.0,A− 도면기준(대응·제원 추론 포함),배치도 경계(래스터 계측) + 분석지점도 격자,도면,"격자 수·방위는 옥외체육장 분석지점도대로(칸마다 1점), **경계는 학교 위치 배치도에서 계측**했다. 배치도는 운동장을 해치로 칠하므로 AL_D010 건물 선화에 맞춰 축척·평행이동을 역산(1.270 m/화소)한 뒤 해치영역을 실좌표로 읽었다. 위치는 도면대로지만 **래스터 계측 오차 ±3m** 가 남는다"
여의도중학교 운동장-31,여의도중학교,40-1,운동장 지반,여의도중학교 운동장,0,194269.235,547160.147,0.0,A− 도면기준(대응·제원 추론 포함),배치도 경계(래스터 계측) + 분석지점도 격자,도면,"격자 수·방위는 옥외체육장 분석지점도대로(칸마다 1점), **경계는 학교 위치 배치도에서 계측**했다. 배치도는 운동장을 해치로 칠하므로 AL_D010 건물 선화에 맞춰 축척·평행이동을 역산(1.270 m/화소)한 뒤 해치영역을 실좌표로 읽었다. 위치는 도면대로지만 **래스터 계측 오차 ±3m** 가 남는다"
여의도중학교 운동장-32,여의도중학교,40-1,운동장 지반,여의도중학교 운동장,0,194263.706,547167.223,0.0,A− 도면기준(대응·제원 추론 포함),배치도 경계(래스터 계측) + 분석지점도 격자,도면,"격자 수·방위는 옥외체육장 분석지점도대로(칸마다 1점), **경계는 학교 위치 배치도에서 계측**했다. 배치도는 운동장을 해치로 칠하므로 AL_D010 건물 선화에 맞춰 축척·평행이동을 역산(1.270 m/화소)한 뒤 해치영역을 실좌표로 읽었다. 위치는 도면대로지만 **래스터 계측 오차 ±3m** 가 남는다"
여의도중학교 운동장-33,여의도중학교,40-1,운동장 지반,여의도중학교 운동장,0,194258.178,547174.3,0.0,A− 도면기준(대응·제원 추론 포함),배치도 경계(래스터 계측) + 분석지점도 격자,도면,"격자 수·방위는 옥외체육장 분석지점도대로(칸마다 1점), **경계는 학교 위치 배치도에서 계측**했다. 배치도는 운동장을 해치로 칠하므로 AL_D010 건물 선화에 맞춰 축척·평행이동을 역산(1.270 m/화소)한 뒤 해치영역을 실좌표로 읽었다. 위치는 도면대로지만 **래스터 계측 오차 ±3m** 가 남는다"
여의도중학교 운동장-34,여의도중학교,40-1,운동장 지반,여의도중학교 운동장,0,194252.649,547181.376,0.0,A− 도면기준(대응·제원 추론 포함),배치도 경계(래스터 계측) + 분석지점도 격자,도면,"격자 수·방위는 옥외체육장 분석지점도대로(칸마다 1점), **경계는 학교 위치 배치도에서 계측**했다. 배치도는 운동장을 해치로 칠하므로 AL_D010 건물 선화에 맞춰 축척·평행이동을 역산(1.270 m/화소)한 뒤 해치영역을 실좌표로 읽었다. 위치는 도면대로지만 **래스터 계측 오차 ±3m** 가 남는다"
여의도중학교 운동장-35,여의도중학교,40-1,운동장 지반,여의도중학교 운동장,0,194247.12,547188.452,0.0,A− 도면기준(대응·제원 추론 포함),배치도 경계(래스터 계측) + 분석지점도 격자,도면,"격자 수·방위는 옥외체육장 분석지점도대로(칸마다 1점), **경계는 학교 위치 배치도에서 계측**했다. 배치도는 운동장을 해치로 칠하므로 AL_D010 건물 선화에 맞춰 축척·평행이동을 역산(1.270 m/화소)한 뒤 해치영역을 실좌표로 읽었다. 위치는 도면대로지만 **래스터 계측 오차 ±3m** 가 남는다"
여의도중학교 운동장-36,여의도중학교,40-1,운동장 지반,여의도중학교 운동장,0,194241.592,547195.529,0.0,A− 도면기준(대응·제원 추론 포함),배치도 경계(래스터 계측) + 분석지점도 격자,도면,"격자 수·방위는 옥외체육장 분석지점도대로(칸마다 1점), **경계는 학교 위치 배치도에서 계측**했다. 배치도는 운동장을 해치로 칠하므로 AL_D010 건물 선화에 맞춰 축척·평행이동을 역산(1.270 m/화소)한 뒤 해치영역을 실좌표로 읽었다. 위치는 도면대로지만 **래스터 계측 오차 ±3m** 가 남는다"
여의도중학교 운동장-37,여의도중학교,40-1,운동장 지반,여의도중학교 운동장,0,194236.063,547202.605,0.0,A− 도면기준(대응·제원 추론 포함),배치도 경계(래스터 계측) + 분석지점도 격자,도면,"격자 수·방위는 옥외체육장 분석지점도대로(칸마다 1점), **경계는 학교 위치 배치도에서 계측**했다. 배치도는 운동장을 해치로 칠하므로 AL_D010 건물 선화에 맞춰 축척·평행이동을 역산(1.270 m/화소)한 뒤 해치영역을 실좌표로 읽었다. 위치는 도면대로지만 **래스터 계측 오차 ±3m** 가 남는다"
여의도중학교 운동장-38,여의도중학교,40-1,운동장 지반,여의도중학교 운동장,0,194294.287,547111.345,0.0,A− 도면기준(대응·제원 추론 포함),배치도 경계(래스터 계측) + 분석지점도 격자,도면,"격자 수·방위는 옥외체육장 분석지점도대로(칸마다 1점), **경계는 학교 위치 배치도에서 계측**했다. 배치도는 운동장을 해치로 칠하므로 AL_D010 건물 선화에 맞춰 축척·평행이동을 역산(1.270 m/화소)한 뒤 해치영역을 실좌표로 읽었다. 위치는 도면대로지만 **래스터 계측 오차 ±3m** 가 남는다"
여의도중학교 운동장-39,여의도중학교,40-1,운동장 지반,여의도중학교 운동장,0,194288.758,547118.421,0.0,A− 도면기준(대응·제원 추론 포함),배치도 경계(래스터 계측) + 분석지점도 격자,도면,"격자 수·방위는 옥외체육장 분석지점도대로(칸마다 1점), **경계는 학교 위치 배치도에서 계측**했다. 배치도는 운동장을 해치로 칠하므로 AL_D010 건물 선화에 맞춰 축척·평행이동을 역산(1.270 m/화소)한 뒤 해치영역을 실좌표로 읽었다. 위치는 도면대로지만 **래스터 계측 오차 ±3m** 가 남는다"
여의도중학교 운동장-40,여의도중학교,40-1,운동장 지반,여의도중학교 운동장,0,194283.23,547125.498,0.0,A− 도면기준(대응·제원 추론 포함),배치도 경계(래스터 계측) + 분석지점도 격자,도면,"격자 수·방위는 옥외체육장 분석지점도대로(칸마다 1점), **경계는 학교 위치 배치도에서 계측**했다. 배치도는 운동장을 해치로 칠하므로 AL_D010 건물 선화에 맞춰 축척·평행이동을 역산(1.270 m/화소)한 뒤 해치영역을 실좌표로 읽었다. 위치는 도면대로지만 **래스터 계측 오차 ±3m** 가 남는다"
여의도중학교 운동장-41,여의도중학교,40-1,운동장 지반,여의도중학교 운동장,0,194277.701,547132.574,0.0,A− 도면기준(대응·제원 추론 포함),배치도 경계(래스터 계측) + 분석지점도 격자,도면,"격자 수·방위는 옥외체육장 분석지점도대로(칸마다 1점), **경계는 학교 위치 배치도에서 계측**했다. 배치도는 운동장을 해치로 칠하므로 AL_D010 건물 선화에 맞춰 축척·평행이동을 역산(1.270 m/화소)한 뒤 해치영역을 실좌표로 읽었다. 위치는 도면대로지만 **래스터 계측 오차 ±3m** 가 남는다"
여의도중학교 운동장-42,여의도중학교,40-1,운동장 지반,여의도중학교 운동장,0,194272.172,547139.65,0.0,A− 도면기준(대응·제원 추론 포함),배치도 경계(래스터 계측) + 분석지점도 격자,도면,"격자 수·방위는 옥외체육장 분석지점도대로(칸마다 1점), **경계는 학교 위치 배치도에서 계측**했다. 배치도는 운동장을 해치로 칠하므로 AL_D010 건물 선화에 맞춰 축척·평행이동을 역산(1.270 m/화소)한 뒤 해치영역을 실좌표로 읽었다. 위치는 도면대로지만 **래스터 계측 오차 ±3m** 가 남는다"
여의도중학교 운동장-43,여의도중학교,40-1,운동장 지반,여의도중학교 운동장,0,194266.644,547146.727,0.0,A− 도면기준(대응·제원 추론 포함),배치도 경계(래스터 계측) + 분석지점도 격자,도면,"격자 수·방위는 옥외체육장 분석지점도대로(칸마다 1점), **경계는 학교 위치 배치도에서 계측**했다. 배치도는 운동장을 해치로 칠하므로 AL_D010 건물 선화에 맞춰 축척·평행이동을 역산(1.270 m/화소)한 뒤 해치영역을 실좌표로 읽었다. 위치는 도면대로지만 **래스터 계측 오차 ±3m** 가 남는다"
여의도중학교 운동장-44,여의도중학교,40-1,운동장 지반,여의도중학교 운동장,0,194261.115,547153.803,0.0,A− 도면기준(대응·제원 추론 포함),배치도 경계(래스터 계측) + 분석지점도 격자,도면,"격자 수·방위는 옥외체육장 분석지점도대로(칸마다 1점), **경계는 학교 위치 배치도에서 계측**했다. 배치도는 운동장을 해치로 칠하므로 AL_D010 건물 선화에 맞춰 축척·평행이동을 역산(1.270 m/화소)한 뒤 해치영역을 실좌표로 읽었다. 위치는 도면대로지만 **래스터 계측 오차 ±3m** 가 남는다"
여의도중학교 운동장-45,여의도중학교,40-1,운동장 지반,여의도중학교 운동장,0,194255.587,547160.879,0.0,A− 도면기준(대응·제원 추론 포함),배치도 경계(래스터 계측) + 분석지점도 격자,도면,"격자 수·방위는 옥외체육장 분석지점도대로(칸마다 1점), **경계는 학교 위치 배치도에서 계측**했다. 배치도는 운동장을 해치로 칠하므로 AL_D010 건물 선화에 맞춰 축척·평행이동을 역산(1.270 m/화소)한 뒤 해치영역을 실좌표로 읽었다. 위치는 도면대로지만 **래스터 계측 오차 ±3m** 가 남는다"
여의도중학교 운동장-46,여의도중학교,40-1,운동장 지반,여의도중학교 운동장,0,194250.058,547167.956,0.0,A− 도면기준(대응·제원 추론 포함),배치도 경계(래스터 계측) + 분석지점도 격자,도면,"격자 수·방위는 옥외체육장 분석지점도대로(칸마다 1점), **경계는 학교 위치 배치도에서 계측**했다. 배치도는 운동장을 해치로 칠하므로 AL_D010 건물 선화에 맞춰 축척·평행이동을 역산(1.270 m/화소)한 뒤 해치영역을 실좌표로 읽었다. 위치는 도면대로지만 **래스터 계측 오차 ±3m** 가 남는다"
여의도중학교 운동장-47,여의도중학교,40-1,운동장 지반,여의도중학교 운동장,0,194244.529,547175.032,0.0,A− 도면기준(대응·제원 추론 포함),배치도 경계(래스터 계측) + 분석지점도 격자,도면,"격자 수·방위는 옥외체육장 분석지점도대로(칸마다 1점), **경계는 학교 위치 배치도에서 계측**했다. 배치도는 운동장을 해치로 칠하므로 AL_D010 건물 선화에 맞춰 축척·평행이동을 역산(1.270 m/화소)한 뒤 해치영역을 실좌표로 읽었다. 위치는 도면대로지만 **래스터 계측 오차 ±3m** 가 남는다"
여의도중학교 운동장-48,여의도중학교,40-1,운동장 지반,여의도중학교 운동장,0,194239.001,547182.108,0.0,A− 도면기준(대응·제원 추론 포함),배치도 경계(래스터 계측) + 분석지점도 격자,도면,"격자 수·방위는 옥외체육장 분석지점도대로(칸마다 1점), **경계는 학교 위치 배치도에서 계측**했다. 배치도는 운동장을 해치로 칠하므로 AL_D010 건물 선화에 맞춰 축척·평행이동을 역산(1.270 m/화소)한 뒤 해치영역을 실좌표로 읽었다. 위치는 도면대로지만 **래스터 계측 오차 ±3m** 가 남는다"
여의도중학교 운동장-49,여의도중학교,40-1,운동장 지반,여의도중학교 운동장,0,194233.472,547189.185,0.0,A− 도면기준(대응·제원 추론 포함),배치도 경계(래스터 계측) + 분석지점도 격자,도면,"격자 수·방위는 옥외체육장 분석지점도대로(칸마다 1점), **경계는 학교 위치 배치도에서 계측**했다. 배치도는 운동장을 해치로 칠하므로 AL_D010 건물 선화에 맞춰 축척·평행이동을 역산(1.270 m/화소)한 뒤 해치영역을 실좌표로 읽었다. 위치는 도면대로지만 **래스터 계측 오차 ±3m** 가 남는다"
여의도중학교 운동장-50,여의도중학교,40-1,운동장 지반,여의도중학교 운동장,0,194227.943,547196.261,0.0,A− 도면기준(대응·제원 추론 포함),배치도 경계(래스터 계측) + 분석지점도 격자,도면,"격자 수·방위는 옥외체육장 분석지점도대로(칸마다 1점), **경계는 학교 위치 배치도에서 계측**했다. 배치도는 운동장을 해치로 칠하므로 AL_D010 건물 선화에 맞춰 축척·평행이동을 역산(1.270 m/화소)한 뒤 해치영역을 실좌표로 읽었다. 위치는 도면대로지만 **래스터 계측 오차 ±3m** 가 남는다"
여의도중학교 운동장-51,여의도중학교,40-1,운동장 지반,여의도중학교 운동장,0,194286.167,547105.001,0.0,A− 도면기준(대응·제원 추론 포함),배치도 경계(래스터 계측) + 분석지점도 격자,도면,"격자 수·방위는 옥외체육장 분석지점도대로(칸마다 1점), **경계는 학교 위치 배치도에서 계측**했다. 배치도는 운동장을 해치로 칠하므로 AL_D010 건물 선화에 맞춰 축척·평행이동을 역산(1.270 m/화소)한 뒤 해치영역을 실좌표로 읽었다. 위치는 도면대로지만 **래스터 계측 오차 ±3m** 가 남는다"
여의도중학교 운동장-52,여의도중학교,40-1,운동장 지반,여의도중학교 운동장,0,194280.639,547112.078,0.0,A− 도면기준(대응·제원 추론 포함),배치도 경계(래스터 계측) + 분석지점도 격자,도면,"격자 수·방위는 옥외체육장 분석지점도대로(칸마다 1점), **경계는 학교 위치 배치도에서 계측**했다. 배치도는 운동장을 해치로 칠하므로 AL_D010 건물 선화에 맞춰 축척·평행이동을 역산(1.270 m/화소)한 뒤 해치영역을 실좌표로 읽었다. 위치는 도면대로지만 **래스터 계측 오차 ±3m** 가 남는다"
여의도중학교 운동장-53,여의도중학교,40-1,운동장 지반,여의도중학교 운동장,0,194275.11,547119.154,0.0,A− 도면기준(대응·제원 추론 포함),배치도 경계(래스터 계측) + 분석지점도 격자,도면,"격자 수·방위는 옥외체육장 분석지점도대로(칸마다 1점), **경계는 학교 위치 배치도에서 계측**했다. 배치도는 운동장을 해치로 칠하므로 AL_D010 건물 선화에 맞춰 축척·평행이동을 역산(1.270 m/화소)한 뒤 해치영역을 실좌표로 읽었다. 위치는 도면대로지만 **래스터 계측 오차 ±3m** 가 남는다"
여의도중학교 운동장-54,여의도중학교,40-1,운동장 지반,여의도중학교 운동장,0,194269.581,547126.23,0.0,A− 도면기준(대응·제원 추론 포함),배치도 경계(래스터 계측) + 분석지점도 격자,도면,"격자 수·방위는 옥외체육장 분석지점도대로(칸마다 1점), **경계는 학교 위치 배치도에서 계측**했다. 배치도는 운동장을 해치로 칠하므로 AL_D010 건물 선화에 맞춰 축척·평행이동을 역산(1.270 m/화소)한 뒤 해치영역을 실좌표로 읽었다. 위치는 도면대로지만 **래스터 계측 오차 ±3m** 가 남는다"
여의도중학교 운동장-55,여의도중학교,40-1,운동장 지반,여의도중학교 운동장,0,194264.053,547133.307,0.0,A− 도면기준(대응·제원 추론 포함),배치도 경계(래스터 계측) + 분석지점도 격자,도면,"격자 수·방위는 옥외체육장 분석지점도대로(칸마다 1점), **경계는 학교 위치 배치도에서 계측**했다. 배치도는 운동장을 해치로 칠하므로 AL_D010 건물 선화에 맞춰 축척·평행이동을 역산(1.270 m/화소)한 뒤 해치영역을 실좌표로 읽었다. 위치는 도면대로지만 **래스터 계측 오차 ±3m** 가 남는다"
여의도중학교 운동장-56,여의도중학교,40-1,운동장 지반,여의도중학교 운동장,0,194258.524,547140.383,0.0,A− 도면기준(대응·제원 추론 포함),배치도 경계(래스터 계측) + 분석지점도 격자,도면,"격자 수·방위는 옥외체육장 분석지점도대로(칸마다 1점), **경계는 학교 위치 배치도에서 계측**했다. 배치도는 운동장을 해치로 칠하므로 AL_D010 건물 선화에 맞춰 축척·평행이동을 역산(1.270 m/화소)한 뒤 해치영역을 실좌표로 읽었다. 위치는 도면대로지만 **래스터 계측 오차 ±3m** 가 남는다"
여의도중학교 운동장-57,여의도중학교,40-1,운동장 지반,여의도중학교 운동장,0,194252.995,547147.459,0.0,A− 도면기준(대응·제원 추론 포함),배치도 경계(래스터 계측) + 분석지점도 격자,도면,"격자 수·방위는 옥외체육장 분석지점도대로(칸마다 1점), **경계는 학교 위치 배치도에서 계측**했다. 배치도는 운동장을 해치로 칠하므로 AL_D010 건물 선화에 맞춰 축척·평행이동을 역산(1.270 m/화소)한 뒤 해치영역을 실좌표로 읽었다. 위치는 도면대로지만 **래스터 계측 오차 ±3m** 가 남는다"
여의도중학교 운동장-58,여의도중학교,40-1,운동장 지반,여의도중학교 운동장,0,194247.467,547154.536,0.0,A− 도면기준(대응·제원 추론 포함),배치도 경계(래스터 계측) + 분석지점도 격자,도면,"격자 수·방위는 옥외체육장 분석지점도대로(칸마다 1점), **경계는 학교 위치 배치도에서 계측**했다. 배치도는 운동장을 해치로 칠하므로 AL_D010 건물 선화에 맞춰 축척·평행이동을 역산(1.270 m/화소)한 뒤 해치영역을 실좌표로 읽었다. 위치는 도면대로지만 **래스터 계측 오차 ±3m** 가 남는다"
여의도중학교 운동장-59,여의도중학교,40-1,운동장 지반,여의도중학교 운동장,0,194241.938,547161.612,0.0,A− 도면기준(대응·제원 추론 포함),배치도 경계(래스터 계측) + 분석지점도 격자,도면,"격자 수·방위는 옥외체육장 분석지점도대로(칸마다 1점), **경계는 학교 위치 배치도에서 계측**했다. 배치도는 운동장을 해치로 칠하므로 AL_D010 건물 선화에 맞춰 축척·평행이동을 역산(1.270 m/화소)한 뒤 해치영역을 실좌표로 읽었다. 위치는 도면대로지만 **래스터 계측 오차 ±3m** 가 남는다"
여의도중학교 운동장-60,여의도중학교,40-1,운동장 지반,여의도중학교 운동장,0,194236.41,547168.688,0.0,A− 도면기준(대응·제원 추론 포함),배치도 경계(래스터 계측) + 분석지점도 격자,도면,"격자 수·방위는 옥외체육장 분석지점도대로(칸마다 1점), **경계는 학교 위치 배치도에서 계측**했다. 배치도는 운동장을 해치로 칠하므로 AL_D010 건물 선화에 맞춰 축척·평행이동을 역산(1.270 m/화소)한 뒤 해치영역을 실좌표로 읽었다. 위치는 도면대로지만 **래스터 계측 오차 ±3m** 가 남는다"
여의도중학교 운동장-61,여의도중학교,40-1,운동장 지반,여의도중학교 운동장,0,194230.881,547175.765,0.0,A− 도면기준(대응·제원 추론 포함),배치도 경계(래스터 계측) + 분석지점도 격자,도면,"격자 수·방위는 옥외체육장 분석지점도대로(칸마다 1점), **경계는 학교 위치 배치도에서 계측**했다. 배치도는 운동장을 해치로 칠하므로 AL_D010 건물 선화에 맞춰 축척·평행이동을 역산(1.270 m/화소)한 뒤 해치영역을 실좌표로 읽었다. 위치는 도면대로지만 **래스터 계측 오차 ±3m** 가 남는다"
여의도중학교 운동장-62,여의도중학교,40-1,운동장 지반,여의도중학교 운동장,0,194225.352,547182.841,0.0,A− 도면기준(대응·제원 추론 포함),배치도 경계(래스터 계측) + 분석지점도 격자,도면,"격자 수·방위는 옥외체육장 분석지점도대로(칸마다 1점), **경계는 학교 위치 배치도에서 계측**했다. 배치도는 운동장을 해치로 칠하므로 AL_D010 건물 선화에 맞춰 축척·평행이동을 역산(1.270 m/화소)한 뒤 해치영역을 실좌표로 읽었다. 위치는 도면대로지만 **래스터 계측 오차 ±3m** 가 남는다"
여의도중학교 운동장-63,여의도중학교,40-1,운동장 지반,여의도중학교 운동장,0,194219.824,547189.917,0.0,A− 도면기준(대응·제원 추론 포함),배치도 경계(래스터 계측) + 분석지점도 격자,도면,"격자 수·방위는 옥외체육장 분석지점도대로(칸마다 1점), **경계는 학교 위치 배치도에서 계측**했다. 배치도는 운동장을 해치로 칠하므로 AL_D010 건물 선화에 맞춰 축척·평행이동을 역산(1.270 m/화소)한 뒤 해치영역을 실좌표로 읽었다. 위치는 도면대로지만 **래스터 계측 오차 ±3m** 가 남는다"
여의도중학교 운동장-64,여의도중학교,40-1,운동장 지반,여의도중학교 운동장,0,194278.048,547098.657,0.0,A− 도면기준(대응·제원 추론 포함),배치도 경계(래스터 계측) + 분석지점도 격자,도면,"격자 수·방위는 옥외체육장 분석지점도대로(칸마다 1점), **경계는 학교 위치 배치도에서 계측**했다. 배치도는 운동장을 해치로 칠하므로 AL_D010 건물 선화에 맞춰 축척·평행이동을 역산(1.270 m/화소)한 뒤 해치영역을 실좌표로 읽었다. 위치는 도면대로지만 **래스터 계측 오차 ±3m** 가 남는다"
여의도중학교 운동장-65,여의도중학교,40-1,운동장 지반,여의도중학교 운동장,0,194272.519,547105.734,0.0,A− 도면기준(대응·제원 추론 포함),배치도 경계(래스터 계측) + 분석지점도 격자,도면,"격자 수·방위는 옥외체육장 분석지점도대로(칸마다 1점), **경계는 학교 위치 배치도에서 계측**했다. 배치도는 운동장을 해치로 칠하므로 AL_D010 건물 선화에 맞춰 축척·평행이동을 역산(1.270 m/화소)한 뒤 해치영역을 실좌표로 읽었다. 위치는 도면대로지만 **래스터 계측 오차 ±3m** 가 남는다"
여의도중학교 운동장-66,여의도중학교,40-1,운동장 지반,여의도중학교 운동장,0,194266.99,547112.81,0.0,A− 도면기준(대응·제원 추론 포함),배치도 경계(래스터 계측) + 분석지점도 격자,도면,"격자 수·방위는 옥외체육장 분석지점도대로(칸마다 1점), **경계는 학교 위치 배치도에서 계측**했다. 배치도는 운동장을 해치로 칠하므로 AL_D010 건물 선화에 맞춰 축척·평행이동을 역산(1.270 m/화소)한 뒤 해치영역을 실좌표로 읽었다. 위치는 도면대로지만 **래스터 계측 오차 ±3m** 가 남는다"
여의도중학교 운동장-67,여의도중학교,40-1,운동장 지반,여의도중학교 운동장,0,194261.462,547119.886,0.0,A− 도면기준(대응·제원 추론 포함),배치도 경계(래스터 계측) + 분석지점도 격자,도면,"격자 수·방위는 옥외체육장 분석지점도대로(칸마다 1점), **경계는 학교 위치 배치도에서 계측**했다. 배치도는 운동장을 해치로 칠하므로 AL_D010 건물 선화에 맞춰 축척·평행이동을 역산(1.270 m/화소)한 뒤 해치영역을 실좌표로 읽었다. 위치는 도면대로지만 **래스터 계측 오차 ±3m** 가 남는다"
여의도중학교 운동장-68,여의도중학교,40-1,운동장 지반,여의도중학교 운동장,0,194255.933,547126.963,0.0,A− 도면기준(대응·제원 추론 포함),배치도 경계(래스터 계측) + 분석지점도 격자,도면,"격자 수·방위는 옥외체육장 분석지점도대로(칸마다 1점), **경계는 학교 위치 배치도에서 계측**했다. 배치도는 운동장을 해치로 칠하므로 AL_D010 건물 선화에 맞춰 축척·평행이동을 역산(1.270 m/화소)한 뒤 해치영역을 실좌표로 읽었다. 위치는 도면대로지만 **래스터 계측 오차 ±3m** 가 남는다"
여의도중학교 운동장-69,여의도중학교,40-1,운동장 지반,여의도중학교 운동장,0,194250.404,547134.039,0.0,A− 도면기준(대응·제원 추론 포함),배치도 경계(래스터 계측) + 분석지점도 격자,도면,"격자 수·방위는 옥외체육장 분석지점도대로(칸마다 1점), **경계는 학교 위치 배치도에서 계측**했다. 배치도는 운동장을 해치로 칠하므로 AL_D010 건물 선화에 맞춰 축척·평행이동을 역산(1.270 m/화소)한 뒤 해치영역을 실좌표로 읽었다. 위치는 도면대로지만 **래스터 계측 오차 ±3m** 가 남는다"
여의도중학교 운동장-70,여의도중학교,40-1,운동장 지반,여의도중학교 운동장,0,194244.876,547141.115,0.0,A− 도면기준(대응·제원 추론 포함),배치도 경계(래스터 계측) + 분석지점도 격자,도면,"격자 수·방위는 옥외체육장 분석지점도대로(칸마다 1점), **경계는 학교 위치 배치도에서 계측**했다. 배치도는 운동장을 해치로 칠하므로 AL_D010 건물 선화에 맞춰 축척·평행이동을 역산(1.270 m/화소)한 뒤 해치영역을 실좌표로 읽었다. 위치는 도면대로지만 **래스터 계측 오차 ±3m** 가 남는다"
여의도중학교 운동장-71,여의도중학교,40-1,운동장 지반,여의도중학교 운동장,0,194239.347,547148.192,0.0,A− 도면기준(대응·제원 추론 포함),배치도 경계(래스터 계측) + 분석지점도 격자,도면,"격자 수·방위는 옥외체육장 분석지점도대로(칸마다 1점), **경계는 학교 위치 배치도에서 계측**했다. 배치도는 운동장을 해치로 칠하므로 AL_D010 건물 선화에 맞춰 축척·평행이동을 역산(1.270 m/화소)한 뒤 해치영역을 실좌표로 읽었다. 위치는 도면대로지만 **래스터 계측 오차 ±3m** 가 남는다"
여의도중학교 운동장-72,여의도중학교,40-1,운동장 지반,여의도중학교 운동장,0,194233.818,547155.268,0.0,A− 도면기준(대응·제원 추론 포함),배치도 경계(래스터 계측) + 분석지점도 격자,도면,"격자 수·방위는 옥외체육장 분석지점도대로(칸마다 1점), **경계는 학교 위치 배치도에서 계측**했다. 배치도는 운동장을 해치로 칠하므로 AL_D010 건물 선화에 맞춰 축척·평행이동을 역산(1.270 m/화소)한 뒤 해치영역을 실좌표로 읽었다. 위치는 도면대로지만 **래스터 계측 오차 ±3m** 가 남는다"
여의도중학교 운동장-73,여의도중학교,40-1,운동장 지반,여의도중학교 운동장,0,194228.29,547162.344,0.0,A− 도면기준(대응·제원 추론 포함),배치도 경계(래스터 계측) + 분석지점도 격자,도면,"격자 수·방위는 옥외체육장 분석지점도대로(칸마다 1점), **경계는 학교 위치 배치도에서 계측**했다. 배치도는 운동장을 해치로 칠하므로 AL_D010 건물 선화에 맞춰 축척·평행이동을 역산(1.270 m/화소)한 뒤 해치영역을 실좌표로 읽었다. 위치는 도면대로지만 **래스터 계측 오차 ±3m** 가 남는다"
여의도중학교 운동장-74,여의도중학교,40-1,운동장 지반,여의도중학교 운동장,0,194222.761,547169.421,0.0,A− 도면기준(대응·제원 추론 포함),배치도 경계(래스터 계측) + 분석지점도 격자,도면,"격자 수·방위는 옥외체육장 분석지점도대로(칸마다 1점), **경계는 학교 위치 배치도에서 계측**했다. 배치도는 운동장을 해치로 칠하므로 AL_D010 건물 선화에 맞춰 축척·평행이동을 역산(1.270 m/화소)한 뒤 해치영역을 실좌표로 읽었다. 위치는 도면대로지만 **래스터 계측 오차 ±3m** 가 남는다"
여의도중학교 운동장-75,여의도중학교,40-1,운동장 지반,여의도중학교 운동장,0,194217.233,547176.497,0.0,A− 도면기준(대응·제원 추론 포함),배치도 경계(래스터 계측) + 분석지점도 격자,도면,"격자 수·방위는 옥외체육장 분석지점도대로(칸마다 1점), **경계는 학교 위치 배치도에서 계측**했다. 배치도는 운동장을 해치로 칠하므로 AL_D010 건물 선화에 맞춰 축척·평행이동을 역산(1.270 m/화소)한 뒤 해치영역을 실좌표로 읽었다. 위치는 도면대로지만 **래스터 계측 오차 ±3m** 가 남는다"
여의도중학교 운동장-76,여의도중학교,40-1,운동장 지반,여의도중학교 운동장,0,194211.704,547183.574,0.0,A− 도면기준(대응·제원 추론 포함),배치도 경계(래스터 계측) + 분석지점도 격자,도면,"격자 수·방위는 옥외체육장 분석지점도대로(칸마다 1점), **경계는 학교 위치 배치도에서 계측**했다. 배치도는 운동장을 해치로 칠하므로 AL_D010 건물 선화에 맞춰 축척·평행이동을 역산(1.270 m/화소)한 뒤 해치영역을 실좌표로 읽었다. 위치는 도면대로지만 **래스터 계측 오차 ±3m** 가 남는다"
본관동 저층부(4층) 3층-1,여의도여자고등학교,40-2,교사동 창면,본관동 저층부(4층),3,194201.913,547016.172,9.4,A 도면기준,본관동 분석지점도,도면,층고 3.7m 는 분석지점도 층선 간격을 **픽셀 계측**해 AL_D010 실측높이로 환산. 창 1.1~2.9m 도 분석지점도 창 표기에서 환산. 계단실 폭 4.35m 는 점 개수가 맞도록 역산한 값. 층별 점 개수는 지침서와 일치 확인
본관동 저층부(4층) 4층-1,여의도여자고등학교,40-2,교사동 창면,본관동 저층부(4층),4,194201.913,547016.172,13.1,A 도면기준,본관동 분석지점도,도면,층고 3.7m 는 분석지점도 층선 간격을 **픽셀 계측**해 AL_D010 실측높이로 환산. 창 1.1~2.9m 도 분석지점도 창 표기에서 환산. 계단실 폭 4.35m 는 점 개수가 맞도록 역산한 값. 층별 점 개수는 지침서와 일치 확인
본관동 저층부(4층) 3층-2,여의도여자고등학교,40-2,교사동 창면,본관동 저층부(4층),3,194204.746,547018.393,9.4,A 도면기준,본관동 분석지점도,도면,층고 3.7m 는 분석지점도 층선 간격을 **픽셀 계측**해 AL_D010 실측높이로 환산. 창 1.1~2.9m 도 분석지점도 창 표기에서 환산. 계단실 폭 4.35m 는 점 개수가 맞도록 역산한 값. 층별 점 개수는 지침서와 일치 확인
본관동 저층부(4층) 4층-2,여의도여자고등학교,40-2,교사동 창면,본관동 저층부(4층),4,194204.746,547018.393,13.1,A 도면기준,본관동 분석지점도,도면,층고 3.7m 는 분석지점도 층선 간격을 **픽셀 계측**해 AL_D010 실측높이로 환산. 창 1.1~2.9m 도 분석지점도 창 표기에서 환산. 계단실 폭 4.35m 는 점 개수가 맞도록 역산한 값. 층별 점 개수는 지침서와 일치 확인
본관동 저층부(4층) 2층-1,여의도여자고등학교,40-2,교사동 창면,본관동 저층부(4층),2,194208.997,547021.723,5.7,A 도면기준,본관동 분석지점도,도면,층고 3.7m 는 분석지점도 층선 간격을 **픽셀 계측**해 AL_D010 실측높이로 환산. 창 1.1~2.9m 도 분석지점도 창 표기에서 환산. 계단실 폭 4.35m 는 점 개수가 맞도록 역산한 값. 층별 점 개수는 지침서와 일치 확인
본관동 저층부(4층) 3층-3,여의도여자고등학교,40-2,교사동 창면,본관동 저층부(4층),3,194208.997,547021.723,9.4,A 도면기준,본관동 분석지점도,도면,층고 3.7m 는 분석지점도 층선 간격을 **픽셀 계측**해 AL_D010 실측높이로 환산. 창 1.1~2.9m 도 분석지점도 창 표기에서 환산. 계단실 폭 4.35m 는 점 개수가 맞도록 역산한 값. 층별 점 개수는 지침서와 일치 확인
본관동 저층부(4층) 4층-3,여의도여자고등학교,40-2,교사동 창면,본관동 저층부(4층),4,194208.997,547021.723,13.1,A 도면기준,본관동 분석지점도,도면,층고 3.7m 는 분석지점도 층선 간격을 **픽셀 계측**해 AL_D010 실측높이로 환산. 창 1.1~2.9m 도 분석지점도 창 표기에서 환산. 계단실 폭 4.35m 는 점 개수가 맞도록 역산한 값. 층별 점 개수는 지침서와 일치 확인
본관동 저층부(4층) 2층-2,여의도여자고등학교,40-2,교사동 창면,본관동 저층부(4층),2,194211.83,547023.944,5.7,A 도면기준,본관동 분석지점도,도면,층고 3.7m 는 분석지점도 층선 간격을 **픽셀 계측**해 AL_D010 실측높이로 환산. 창 1.1~2.9m 도 분석지점도 창 표기에서 환산. 계단실 폭 4.35m 는 점 개수가 맞도록 역산한 값. 층별 점 개수는 지침서와 일치 확인
본관동 저층부(4층) 3층-4,여의도여자고등학교,40-2,교사동 창면,본관동 저층부(4층),3,194211.83,547023.944,9.4,A 도면기준,본관동 분석지점도,도면,층고 3.7m 는 분석지점도 층선 간격을 **픽셀 계측**해 AL_D010 실측높이로 환산. 창 1.1~2.9m 도 분석지점도 창 표기에서 환산. 계단실 폭 4.35m 는 점 개수가 맞도록 역산한 값. 층별 점 개수는 지침서와 일치 확인
본관동 저층부(4층) 4층-4,여의도여자고등학교,40-2,교사동 창면,본관동 저층부(4층),4,194211.83,547023.944,13.1,A 도면기준,본관동 분석지점도,도면,층고 3.7m 는 분석지점도 층선 간격을 **픽셀 계측**해 AL_D010 실측높이로 환산. 창 1.1~2.9m 도 분석지점도 창 표기에서 환산. 계단실 폭 4.35m 는 점 개수가 맞도록 역산한 값. 층별 점 개수는 지침서와 일치 확인
본관동 저층부(4층) 2층-3,여의도여자고등학교,40-2,교사동 창면,본관동 저층부(4층),2,194216.081,547027.275,5.7,A 도면기준,본관동 분석지점도,도면,층고 3.7m 는 분석지점도 층선 간격을 **픽셀 계측**해 AL_D010 실측높이로 환산. 창 1.1~2.9m 도 분석지점도 창 표기에서 환산. 계단실 폭 4.35m 는 점 개수가 맞도록 역산한 값. 층별 점 개수는 지침서와 일치 확인
본관동 저층부(4층) 3층-5,여의도여자고등학교,40-2,교사동 창면,본관동 저층부(4층),3,194216.081,547027.275,9.4,A 도면기준,본관동 분석지점도,도면,층고 3.7m 는 분석지점도 층선 간격을 **픽셀 계측**해 AL_D010 실측높이로 환산. 창 1.1~2.9m 도 분석지점도 창 표기에서 환산. 계단실 폭 4.35m 는 점 개수가 맞도록 역산한 값. 층별 점 개수는 지침서와 일치 확인
본관동 저층부(4층) 4층-5,여의도여자고등학교,40-2,교사동 창면,본관동 저층부(4층),4,194216.081,547027.275,13.1,A 도면기준,본관동 분석지점도,도면,층고 3.7m 는 분석지점도 층선 간격을 **픽셀 계측**해 AL_D010 실측높이로 환산. 창 1.1~2.9m 도 분석지점도 창 표기에서 환산. 계단실 폭 4.35m 는 점 개수가 맞도록 역산한 값. 층별 점 개수는 지침서와 일치 확인
본관동 저층부(4층) 2층-4,여의도여자고등학교,40-2,교사동 창면,본관동 저층부(4층),2,194218.914,547029.495,5.7,A 도면기준,본관동 분석지점도,도면,층고 3.7m 는 분석지점도 층선 간격을 **픽셀 계측**해 AL_D010 실측높이로 환산. 창 1.1~2.9m 도 분석지점도 창 표기에서 환산. 계단실 폭 4.35m 는 점 개수가 맞도록 역산한 값. 층별 점 개수는 지침서와 일치 확인
본관동 저층부(4층) 3층-6,여의도여자고등학교,40-2,교사동 창면,본관동 저층부(4층),3,194218.914,547029.495,9.4,A 도면기준,본관동 분석지점도,도면,층고 3.7m 는 분석지점도 층선 간격을 **픽셀 계측**해 AL_D010 실측높이로 환산. 창 1.1~2.9m 도 분석지점도 창 표기에서 환산. 계단실 폭 4.35m 는 점 개수가 맞도록 역산한 값. 층별 점 개수는 지침서와 일치 확인
본관동 저층부(4층) 4층-6,여의도여자고등학교,40-2,교사동 창면,본관동 저층부(4층),4,194218.914,547029.495,13.1,A 도면기준,본관동 분석지점도,도면,층고 3.7m 는 분석지점도 층선 간격을 **픽셀 계측**해 AL_D010 실측높이로 환산. 창 1.1~2.9m 도 분석지점도 창 표기에서 환산. 계단실 폭 4.35m 는 점 개수가 맞도록 역산한 값. 층별 점 개수는 지침서와 일치 확인
본관동 고층부(5층) 1층-1,여의도여자고등학교,40-2,교사동 창면,본관동 고층부(5층),1,194222.963,547033.318,2.0,A 도면기준,본관동 분석지점도,도면,층고 3.7m·창 1.1~2.9m 는 분석지점도 픽셀 계측. 층별 점 개수(10개/층)는 지침서와 일치 확인
본관동 고층부(5층) 2층-1,여의도여자고등학교,40-2,교사동 창면,본관동 고층부(5층),2,194222.963,547033.318,5.7,A 도면기준,본관동 분석지점도,도면,층고 3.7m·창 1.1~2.9m 는 분석지점도 픽셀 계측. 층별 점 개수(10개/층)는 지침서와 일치 확인
본관동 고층부(5층) 3층-1,여의도여자고등학교,40-2,교사동 창면,본관동 고층부(5층),3,194222.963,547033.318,9.4,A 도면기준,본관동 분석지점도,도면,층고 3.7m·창 1.1~2.9m 는 분석지점도 픽셀 계측. 층별 점 개수(10개/층)는 지침서와 일치 확인
본관동 고층부(5층) 4층-1,여의도여자고등학교,40-2,교사동 창면,본관동 고층부(5층),4,194222.963,547033.318,13.1,A 도면기준,본관동 분석지점도,도면,층고 3.7m·창 1.1~2.9m 는 분석지점도 픽셀 계측. 층별 점 개수(10개/층)는 지침서와 일치 확인
본관동 고층부(5층) 5층-1,여의도여자고등학교,40-2,교사동 창면,본관동 고층부(5층),5,194222.963,547033.318,16.8,A 도면기준,본관동 분석지점도,도면,층고 3.7m·창 1.1~2.9m 는 분석지점도 픽셀 계측. 층별 점 개수(10개/층)는 지침서와 일치 확인
본관동 고층부(5층) 1층-2,여의도여자고등학교,40-2,교사동 창면,본관동 고층부(5층),1,194225.795,547035.541,2.0,A 도면기준,본관동 분석지점도,도면,층고 3.7m·창 1.1~2.9m 는 분석지점도 픽셀 계측. 층별 점 개수(10개/층)는 지침서와 일치 확인
본관동 고층부(5층) 2층-2,여의도여자고등학교,40-2,교사동 창면,본관동 고층부(5층),2,194225.795,547035.541,5.7,A 도면기준,본관동 분석지점도,도면,층고 3.7m·창 1.1~2.9m 는 분석지점도 픽셀 계측. 층별 점 개수(10개/층)는 지침서와 일치 확인
본관동 고층부(5층) 3층-2,여의도여자고등학교,40-2,교사동 창면,본관동 고층부(5층),3,194225.795,547035.541,9.4,A 도면기준,본관동 분석지점도,도면,층고 3.7m·창 1.1~2.9m 는 분석지점도 픽셀 계측. 층별 점 개수(10개/층)는 지침서와 일치 확인
본관동 고층부(5층) 4층-2,여의도여자고등학교,40-2,교사동 창면,본관동 고층부(5층),4,194225.795,547035.541,13.1,A 도면기준,본관동 분석지점도,도면,층고 3.7m·창 1.1~2.9m 는 분석지점도 픽셀 계측. 층별 점 개수(10개/층)는 지침서와 일치 확인
본관동 고층부(5층) 5층-2,여의도여자고등학교,40-2,교사동 창면,본관동 고층부(5층),5,194225.795,547035.541,16.8,A 도면기준,본관동 분석지점도,도면,층고 3.7m·창 1.1~2.9m 는 분석지점도 픽셀 계측. 층별 점 개수(10개/층)는 지침서와 일치 확인
본관동 고층부(5층) 1층-3,여의도여자고등학교,40-2,교사동 창면,본관동 고층부(5층),1,194230.042,547038.877,2.0,A 도면기준,본관동 분석지점도,도면,층고 3.7m·창 1.1~2.9m 는 분석지점도 픽셀 계측. 층별 점 개수(10개/층)는 지침서와 일치 확인
본관동 고층부(5층) 2층-3,여의도여자고등학교,40-2,교사동 창면,본관동 고층부(5층),2,194230.042,547038.877,5.7,A 도면기준,본관동 분석지점도,도면,층고 3.7m·창 1.1~2.9m 는 분석지점도 픽셀 계측. 층별 점 개수(10개/층)는 지침서와 일치 확인
본관동 고층부(5층) 3층-3,여의도여자고등학교,40-2,교사동 창면,본관동 고층부(5층),3,194230.042,547038.877,9.4,A 도면기준,본관동 분석지점도,도면,층고 3.7m·창 1.1~2.9m 는 분석지점도 픽셀 계측. 층별 점 개수(10개/층)는 지침서와 일치 확인
본관동 고층부(5층) 4층-3,여의도여자고등학교,40-2,교사동 창면,본관동 고층부(5층),4,194230.042,547038.877,13.1,A 도면기준,본관동 분석지점도,도면,층고 3.7m·창 1.1~2.9m 는 분석지점도 픽셀 계측. 층별 점 개수(10개/층)는 지침서와 일치 확인
본관동 고층부(5층) 5층-3,여의도여자고등학교,40-2,교사동 창면,본관동 고층부(5층),5,194230.042,547038.877,16.8,A 도면기준,본관동 분석지점도,도면,층고 3.7m·창 1.1~2.9m 는 분석지점도 픽셀 계측. 층별 점 개수(10개/층)는 지침서와 일치 확인
본관동 고층부(5층) 1층-4,여의도여자고등학교,40-2,교사동 창면,본관동 고층부(5층),1,194232.872,547041.102,2.0,A 도면기준,본관동 분석지점도,도면,층고 3.7m·창 1.1~2.9m 는 분석지점도 픽셀 계측. 층별 점 개수(10개/층)는 지침서와 일치 확인
본관동 고층부(5층) 2층-4,여의도여자고등학교,40-2,교사동 창면,본관동 고층부(5층),2,194232.872,547041.102,5.7,A 도면기준,본관동 분석지점도,도면,층고 3.7m·창 1.1~2.9m 는 분석지점도 픽셀 계측. 층별 점 개수(10개/층)는 지침서와 일치 확인
본관동 고층부(5층) 3층-4,여의도여자고등학교,40-2,교사동 창면,본관동 고층부(5층),3,194232.872,547041.102,9.4,A 도면기준,본관동 분석지점도,도면,층고 3.7m·창 1.1~2.9m 는 분석지점도 픽셀 계측. 층별 점 개수(10개/층)는 지침서와 일치 확인
본관동 고층부(5층) 4층-4,여의도여자고등학교,40-2,교사동 창면,본관동 고층부(5층),4,194232.872,547041.102,13.1,A 도면기준,본관동 분석지점도,도면,층고 3.7m·창 1.1~2.9m 는 분석지점도 픽셀 계측. 층별 점 개수(10개/층)는 지침서와 일치 확인
본관동 고층부(5층) 5층-4,여의도여자고등학교,40-2,교사동 창면,본관동 고층부(5층),5,194232.872,547041.102,16.8,A 도면기준,본관동 분석지점도,도면,층고 3.7m·창 1.1~2.9m 는 분석지점도 픽셀 계측. 층별 점 개수(10개/층)는 지침서와 일치 확인
본관동 고층부(5층) 1층-5,여의도여자고등학교,40-2,교사동 창면,본관동 고층부(5층),1,194237.117,547044.439,2.0,A 도면기준,본관동 분석지점도,도면,층고 3.7m·창 1.1~2.9m 는 분석지점도 픽셀 계측. 층별 점 개수(10개/층)는 지침서와 일치 확인
본관동 고층부(5층) 2층-5,여의도여자고등학교,40-2,교사동 창면,본관동 고층부(5층),2,194237.117,547044.439,5.7,A 도면기준,본관동 분석지점도,도면,층고 3.7m·창 1.1~2.9m 는 분석지점도 픽셀 계측. 층별 점 개수(10개/층)는 지침서와 일치 확인
본관동 고층부(5층) 3층-5,여의도여자고등학교,40-2,교사동 창면,본관동 고층부(5층),3,194237.117,547044.439,9.4,A 도면기준,본관동 분석지점도,도면,층고 3.7m·창 1.1~2.9m 는 분석지점도 픽셀 계측. 층별 점 개수(10개/층)는 지침서와 일치 확인
본관동 고층부(5층) 4층-5,여의도여자고등학교,40-2,교사동 창면,본관동 고층부(5층),4,194237.117,547044.439,13.1,A 도면기준,본관동 분석지점도,도면,층고 3.7m·창 1.1~2.9m 는 분석지점도 픽셀 계측. 층별 점 개수(10개/층)는 지침서와 일치 확인
본관동 고층부(5층) 5층-5,여의도여자고등학교,40-2,교사동 창면,본관동 고층부(5층),5,194237.117,547044.439,16.8,A 도면기준,본관동 분석지점도,도면,층고 3.7m·창 1.1~2.9m 는 분석지점도 픽셀 계측. 층별 점 개수(10개/층)는 지침서와 일치 확인
본관동 고층부(5층) 1층-6,여의도여자고등학교,40-2,교사동 창면,본관동 고층부(5층),1,194239.948,547046.663,2.0,A 도면기준,본관동 분석지점도,도면,층고 3.7m·창 1.1~2.9m 는 분석지점도 픽셀 계측. 층별 점 개수(10개/층)는 지침서와 일치 확인
본관동 고층부(5층) 2층-6,여의도여자고등학교,40-2,교사동 창면,본관동 고층부(5층),2,194239.948,547046.663,5.7,A 도면기준,본관동 분석지점도,도면,층고 3.7m·창 1.1~2.9m 는 분석지점도 픽셀 계측. 층별 점 개수(10개/층)는 지침서와 일치 확인
본관동 고층부(5층) 3층-6,여의도여자고등학교,40-2,교사동 창면,본관동 고층부(5층),3,194239.948,547046.663,9.4,A 도면기준,본관동 분석지점도,도면,층고 3.7m·창 1.1~2.9m 는 분석지점도 픽셀 계측. 층별 점 개수(10개/층)는 지침서와 일치 확인
본관동 고층부(5층) 4층-6,여의도여자고등학교,40-2,교사동 창면,본관동 고층부(5층),4,194239.948,547046.663,13.1,A 도면기준,본관동 분석지점도,도면,층고 3.7m·창 1.1~2.9m 는 분석지점도 픽셀 계측. 층별 점 개수(10개/층)는 지침서와 일치 확인
본관동 고층부(5층) 5층-6,여의도여자고등학교,40-2,교사동 창면,본관동 고층부(5층),5,194239.948,547046.663,16.8,A 도면기준,본관동 분석지점도,도면,층고 3.7m·창 1.1~2.9m 는 분석지점도 픽셀 계측. 층별 점 개수(10개/층)는 지침서와 일치 확인
본관동 고층부(5층) 1층-7,여의도여자고등학교,40-2,교사동 창면,본관동 고층부(5층),1,194244.193,547050.0,2.0,A 도면기준,본관동 분석지점도,도면,층고 3.7m·창 1.1~2.9m 는 분석지점도 픽셀 계측. 층별 점 개수(10개/층)는 지침서와 일치 확인
본관동 고층부(5층) 2층-7,여의도여자고등학교,40-2,교사동 창면,본관동 고층부(5층),2,194244.193,547050.0,5.7,A 도면기준,본관동 분석지점도,도면,층고 3.7m·창 1.1~2.9m 는 분석지점도 픽셀 계측. 층별 점 개수(10개/층)는 지침서와 일치 확인
본관동 고층부(5층) 3층-7,여의도여자고등학교,40-2,교사동 창면,본관동 고층부(5층),3,194244.193,547050.0,9.4,A 도면기준,본관동 분석지점도,도면,층고 3.7m·창 1.1~2.9m 는 분석지점도 픽셀 계측. 층별 점 개수(10개/층)는 지침서와 일치 확인
본관동 고층부(5층) 4층-7,여의도여자고등학교,40-2,교사동 창면,본관동 고층부(5층),4,194244.193,547050.0,13.1,A 도면기준,본관동 분석지점도,도면,층고 3.7m·창 1.1~2.9m 는 분석지점도 픽셀 계측. 층별 점 개수(10개/층)는 지침서와 일치 확인
본관동 고층부(5층) 5층-7,여의도여자고등학교,40-2,교사동 창면,본관동 고층부(5층),5,194244.193,547050.0,16.8,A 도면기준,본관동 분석지점도,도면,층고 3.7m·창 1.1~2.9m 는 분석지점도 픽셀 계측. 층별 점 개수(10개/층)는 지침서와 일치 확인
본관동 고층부(5층) 1층-8,여의도여자고등학교,40-2,교사동 창면,본관동 고층부(5층),1,194247.023,547052.225,2.0,A 도면기준,본관동 분석지점도,도면,층고 3.7m·창 1.1~2.9m 는 분석지점도 픽셀 계측. 층별 점 개수(10개/층)는 지침서와 일치 확인
본관동 고층부(5층) 2층-8,여의도여자고등학교,40-2,교사동 창면,본관동 고층부(5층),2,194247.023,547052.225,5.7,A 도면기준,본관동 분석지점도,도면,층고 3.7m·창 1.1~2.9m 는 분석지점도 픽셀 계측. 층별 점 개수(10개/층)는 지침서와 일치 확인
본관동 고층부(5층) 3층-8,여의도여자고등학교,40-2,교사동 창면,본관동 고층부(5층),3,194247.023,547052.225,9.4,A 도면기준,본관동 분석지점도,도면,층고 3.7m·창 1.1~2.9m 는 분석지점도 픽셀 계측. 층별 점 개수(10개/층)는 지침서와 일치 확인
본관동 고층부(5층) 4층-8,여의도여자고등학교,40-2,교사동 창면,본관동 고층부(5층),4,194247.023,547052.225,13.1,A 도면기준,본관동 분석지점도,도면,층고 3.7m·창 1.1~2.9m 는 분석지점도 픽셀 계측. 층별 점 개수(10개/층)는 지침서와 일치 확인
본관동 고층부(5층) 5층-8,여의도여자고등학교,40-2,교사동 창면,본관동 고층부(5층),5,194247.023,547052.225,16.8,A 도면기준,본관동 분석지점도,도면,층고 3.7m·창 1.1~2.9m 는 분석지점도 픽셀 계측. 층별 점 개수(10개/층)는 지침서와 일치 확인
본관동 고층부(5층) 1층-9,여의도여자고등학교,40-2,교사동 창면,본관동 고층부(5층),1,194251.269,547055.562,2.0,A 도면기준,본관동 분석지점도,도면,층고 3.7m·창 1.1~2.9m 는 분석지점도 픽셀 계측. 층별 점 개수(10개/층)는 지침서와 일치 확인
본관동 고층부(5층) 2층-9,여의도여자고등학교,40-2,교사동 창면,본관동 고층부(5층),2,194251.269,547055.562,5.7,A 도면기준,본관동 분석지점도,도면,층고 3.7m·창 1.1~2.9m 는 분석지점도 픽셀 계측. 층별 점 개수(10개/층)는 지침서와 일치 확인
본관동 고층부(5층) 3층-9,여의도여자고등학교,40-2,교사동 창면,본관동 고층부(5층),3,194251.269,547055.562,9.4,A 도면기준,본관동 분석지점도,도면,층고 3.7m·창 1.1~2.9m 는 분석지점도 픽셀 계측. 층별 점 개수(10개/층)는 지침서와 일치 확인
본관동 고층부(5층) 4층-9,여의도여자고등학교,40-2,교사동 창면,본관동 고층부(5층),4,194251.269,547055.562,13.1,A 도면기준,본관동 분석지점도,도면,층고 3.7m·창 1.1~2.9m 는 분석지점도 픽셀 계측. 층별 점 개수(10개/층)는 지침서와 일치 확인
본관동 고층부(5층) 5층-9,여의도여자고등학교,40-2,교사동 창면,본관동 고층부(5층),5,194251.269,547055.562,16.8,A 도면기준,본관동 분석지점도,도면,층고 3.7m·창 1.1~2.9m 는 분석지점도 픽셀 계측. 층별 점 개수(10개/층)는 지침서와 일치 확인
본관동 고층부(5층) 1층-10,여의도여자고등학교,40-2,교사동 창면,본관동 고층부(5층),1,194254.099,547057.787,2.0,A 도면기준,본관동 분석지점도,도면,층고 3.7m·창 1.1~2.9m 는 분석지점도 픽셀 계측. 층별 점 개수(10개/층)는 지침서와 일치 확인
본관동 고층부(5층) 2층-10,여의도여자고등학교,40-2,교사동 창면,본관동 고층부(5층),2,194254.099,547057.787,5.7,A 도면기준,본관동 분석지점도,도면,층고 3.7m·창 1.1~2.9m 는 분석지점도 픽셀 계측. 층별 점 개수(10개/층)는 지침서와 일치 확인
본관동 고층부(5층) 3층-10,여의도여자고등학교,40-2,교사동 창면,본관동 고층부(5층),3,194254.099,547057.787,9.4,A 도면기준,본관동 분석지점도,도면,층고 3.7m·창 1.1~2.9m 는 분석지점도 픽셀 계측. 층별 점 개수(10개/층)는 지침서와 일치 확인
본관동 고층부(5층) 4층-10,여의도여자고등학교,40-2,교사동 창면,본관동 고층부(5층),4,194254.099,547057.787,13.1,A 도면기준,본관동 분석지점도,도면,층고 3.7m·창 1.1~2.9m 는 분석지점도 픽셀 계측. 층별 점 개수(10개/층)는 지침서와 일치 확인
본관동 고층부(5층) 5층-10,여의도여자고등학교,40-2,교사동 창면,본관동 고층부(5층),5,194254.099,547057.787,16.8,A 도면기준,본관동 분석지점도,도면,층고 3.7m·창 1.1~2.9m 는 분석지점도 픽셀 계측. 층별 점 개수(10개/층)는 지침서와 일치 확인
A동(3층) A동 남서면 1층-1,여의도여자고등학교,40-2,교사동 창면,A동(3층),1,194281.05,547027.374,2.3,A− 도면기준(대응·제원 추론 포함),A동 수광지침서,도면,AL_D010 이 5층·13.00m 로 층수와 높이가 서로 모순(5층이면 층고 2.6m). 지침서가 3개층이므로 **3층·층고 4.0m + 파라펫 1.0m 로 추정**. 창 1.5~3.1m 는 창 표기와 층 피치의 비에서 환산해 ±0.2m 오차 가능. 3층 리본창 모듈(면별 7.7m/5.8m)도 점 개수에 맞춘 역산값
A동(3층) A동 남서면 2층-1,여의도여자고등학교,40-2,교사동 창면,A동(3층),2,194281.05,547027.374,6.3,A− 도면기준(대응·제원 추론 포함),A동 수광지침서,도면,AL_D010 이 5층·13.00m 로 층수와 높이가 서로 모순(5층이면 층고 2.6m). 지침서가 3개층이므로 **3층·층고 4.0m + 파라펫 1.0m 로 추정**. 창 1.5~3.1m 는 창 표기와 층 피치의 비에서 환산해 ±0.2m 오차 가능. 3층 리본창 모듈(면별 7.7m/5.8m)도 점 개수에 맞춘 역산값
A동(3층) A동 남서면 1층-2,여의도여자고등학교,40-2,교사동 창면,A동(3층),1,194283.816,547023.824,2.3,A− 도면기준(대응·제원 추론 포함),A동 수광지침서,도면,AL_D010 이 5층·13.00m 로 층수와 높이가 서로 모순(5층이면 층고 2.6m). 지침서가 3개층이므로 **3층·층고 4.0m + 파라펫 1.0m 로 추정**. 창 1.5~3.1m 는 창 표기와 층 피치의 비에서 환산해 ±0.2m 오차 가능. 3층 리본창 모듈(면별 7.7m/5.8m)도 점 개수에 맞춘 역산값
A동(3층) A동 남서면 2층-2,여의도여자고등학교,40-2,교사동 창면,A동(3층),2,194283.816,547023.824,6.3,A− 도면기준(대응·제원 추론 포함),A동 수광지침서,도면,AL_D010 이 5층·13.00m 로 층수와 높이가 서로 모순(5층이면 층고 2.6m). 지침서가 3개층이므로 **3층·층고 4.0m + 파라펫 1.0m 로 추정**. 창 1.5~3.1m 는 창 표기와 층 피치의 비에서 환산해 ±0.2m 오차 가능. 3층 리본창 모듈(면별 7.7m/5.8m)도 점 개수에 맞춘 역산값
A동(3층) A동 남서면 1층-3,여의도여자고등학교,40-2,교사동 창면,A동(3층),1,194286.581,547020.275,2.3,A− 도면기준(대응·제원 추론 포함),A동 수광지침서,도면,AL_D010 이 5층·13.00m 로 층수와 높이가 서로 모순(5층이면 층고 2.6m). 지침서가 3개층이므로 **3층·층고 4.0m + 파라펫 1.0m 로 추정**. 창 1.5~3.1m 는 창 표기와 층 피치의 비에서 환산해 ±0.2m 오차 가능. 3층 리본창 모듈(면별 7.7m/5.8m)도 점 개수에 맞춘 역산값
A동(3층) A동 남서면 2층-3,여의도여자고등학교,40-2,교사동 창면,A동(3층),2,194286.581,547020.275,6.3,A− 도면기준(대응·제원 추론 포함),A동 수광지침서,도면,AL_D010 이 5층·13.00m 로 층수와 높이가 서로 모순(5층이면 층고 2.6m). 지침서가 3개층이므로 **3층·층고 4.0m + 파라펫 1.0m 로 추정**. 창 1.5~3.1m 는 창 표기와 층 피치의 비에서 환산해 ±0.2m 오차 가능. 3층 리본창 모듈(면별 7.7m/5.8m)도 점 개수에 맞춘 역산값
A동(3층) A동 남서면 1층-4,여의도여자고등학교,40-2,교사동 창면,A동(3층),1,194289.347,547016.725,2.3,A− 도면기준(대응·제원 추론 포함),A동 수광지침서,도면,AL_D010 이 5층·13.00m 로 층수와 높이가 서로 모순(5층이면 층고 2.6m). 지침서가 3개층이므로 **3층·층고 4.0m + 파라펫 1.0m 로 추정**. 창 1.5~3.1m 는 창 표기와 층 피치의 비에서 환산해 ±0.2m 오차 가능. 3층 리본창 모듈(면별 7.7m/5.8m)도 점 개수에 맞춘 역산값
A동(3층) A동 남서면 2층-4,여의도여자고등학교,40-2,교사동 창면,A동(3층),2,194289.347,547016.725,6.3,A− 도면기준(대응·제원 추론 포함),A동 수광지침서,도면,AL_D010 이 5층·13.00m 로 층수와 높이가 서로 모순(5층이면 층고 2.6m). 지침서가 3개층이므로 **3층·층고 4.0m + 파라펫 1.0m 로 추정**. 창 1.5~3.1m 는 창 표기와 층 피치의 비에서 환산해 ±0.2m 오차 가능. 3층 리본창 모듈(면별 7.7m/5.8m)도 점 개수에 맞춘 역산값
A동(3층) A동 남서면 1층-5,여의도여자고등학교,40-2,교사동 창면,A동(3층),1,194292.112,547013.175,2.3,A− 도면기준(대응·제원 추론 포함),A동 수광지침서,도면,AL_D010 이 5층·13.00m 로 층수와 높이가 서로 모순(5층이면 층고 2.6m). 지침서가 3개층이므로 **3층·층고 4.0m + 파라펫 1.0m 로 추정**. 창 1.5~3.1m 는 창 표기와 층 피치의 비에서 환산해 ±0.2m 오차 가능. 3층 리본창 모듈(면별 7.7m/5.8m)도 점 개수에 맞춘 역산값
A동(3층) A동 남서면 2층-5,여의도여자고등학교,40-2,교사동 창면,A동(3층),2,194292.112,547013.175,6.3,A− 도면기준(대응·제원 추론 포함),A동 수광지침서,도면,AL_D010 이 5층·13.00m 로 층수와 높이가 서로 모순(5층이면 층고 2.6m). 지침서가 3개층이므로 **3층·층고 4.0m + 파라펫 1.0m 로 추정**. 창 1.5~3.1m 는 창 표기와 층 피치의 비에서 환산해 ±0.2m 오차 가능. 3층 리본창 모듈(면별 7.7m/5.8m)도 점 개수에 맞춘 역산값
A동(3층) A동 남동면 1층-1,여의도여자고등학교,40-2,교사동 창면,A동(3층),1,194296.174,547012.272,2.3,A− 도면기준(대응·제원 추론 포함),A동 수광지침서,도면,AL_D010 이 5층·13.00m 로 층수와 높이가 서로 모순(5층이면 층고 2.6m). 지침서가 3개층이므로 **3층·층고 4.0m + 파라펫 1.0m 로 추정**. 창 1.5~3.1m 는 창 표기와 층 피치의 비에서 환산해 ±0.2m 오차 가능. 3층 리본창 모듈(면별 7.7m/5.8m)도 점 개수에 맞춘 역산값
A동(3층) A동 남동면 2층-1,여의도여자고등학교,40-2,교사동 창면,A동(3층),2,194296.174,547012.272,6.3,A− 도면기준(대응·제원 추론 포함),A동 수광지침서,도면,AL_D010 이 5층·13.00m 로 층수와 높이가 서로 모순(5층이면 층고 2.6m). 지침서가 3개층이므로 **3층·층고 4.0m + 파라펫 1.0m 로 추정**. 창 1.5~3.1m 는 창 표기와 층 피치의 비에서 환산해 ±0.2m 오차 가능. 3층 리본창 모듈(면별 7.7m/5.8m)도 점 개수에 맞춘 역산값
A동(3층) A동 남동면 1층-2,여의도여자고등학교,40-2,교사동 창면,A동(3층),1,194299.725,547015.037,2.3,A− 도면기준(대응·제원 추론 포함),A동 수광지침서,도면,AL_D010 이 5층·13.00m 로 층수와 높이가 서로 모순(5층이면 층고 2.6m). 지침서가 3개층이므로 **3층·층고 4.0m + 파라펫 1.0m 로 추정**. 창 1.5~3.1m 는 창 표기와 층 피치의 비에서 환산해 ±0.2m 오차 가능. 3층 리본창 모듈(면별 7.7m/5.8m)도 점 개수에 맞춘 역산값
A동(3층) A동 남동면 2층-2,여의도여자고등학교,40-2,교사동 창면,A동(3층),2,194299.725,547015.037,6.3,A− 도면기준(대응·제원 추론 포함),A동 수광지침서,도면,AL_D010 이 5층·13.00m 로 층수와 높이가 서로 모순(5층이면 층고 2.6m). 지침서가 3개층이므로 **3층·층고 4.0m + 파라펫 1.0m 로 추정**. 창 1.5~3.1m 는 창 표기와 층 피치의 비에서 환산해 ±0.2m 오차 가능. 3층 리본창 모듈(면별 7.7m/5.8m)도 점 개수에 맞춘 역산값
A동(3층) A동 남동면 1층-3,여의도여자고등학교,40-2,교사동 창면,A동(3층),1,194303.275,547017.802,2.3,A− 도면기준(대응·제원 추론 포함),A동 수광지침서,도면,AL_D010 이 5층·13.00m 로 층수와 높이가 서로 모순(5층이면 층고 2.6m). 지침서가 3개층이므로 **3층·층고 4.0m + 파라펫 1.0m 로 추정**. 창 1.5~3.1m 는 창 표기와 층 피치의 비에서 환산해 ±0.2m 오차 가능. 3층 리본창 모듈(면별 7.7m/5.8m)도 점 개수에 맞춘 역산값
A동(3층) A동 남동면 2층-3,여의도여자고등학교,40-2,교사동 창면,A동(3층),2,194303.275,547017.802,6.3,A− 도면기준(대응·제원 추론 포함),A동 수광지침서,도면,AL_D010 이 5층·13.00m 로 층수와 높이가 서로 모순(5층이면 층고 2.6m). 지침서가 3개층이므로 **3층·층고 4.0m + 파라펫 1.0m 로 추정**. 창 1.5~3.1m 는 창 표기와 층 피치의 비에서 환산해 ±0.2m 오차 가능. 3층 리본창 모듈(면별 7.7m/5.8m)도 점 개수에 맞춘 역산값
A동(3층) A동 남동면 1층-4,여의도여자고등학교,40-2,교사동 창면,A동(3층),1,194306.826,547020.567,2.3,A− 도면기준(대응·제원 추론 포함),A동 수광지침서,도면,AL_D010 이 5층·13.00m 로 층수와 높이가 서로 모순(5층이면 층고 2.6m). 지침서가 3개층이므로 **3층·층고 4.0m + 파라펫 1.0m 로 추정**. 창 1.5~3.1m 는 창 표기와 층 피치의 비에서 환산해 ±0.2m 오차 가능. 3층 리본창 모듈(면별 7.7m/5.8m)도 점 개수에 맞춘 역산값
A동(3층) A동 남동면 2층-4,여의도여자고등학교,40-2,교사동 창면,A동(3층),2,194306.826,547020.567,6.3,A− 도면기준(대응·제원 추론 포함),A동 수광지침서,도면,AL_D010 이 5층·13.00m 로 층수와 높이가 서로 모순(5층이면 층고 2.6m). 지침서가 3개층이므로 **3층·층고 4.0m + 파라펫 1.0m 로 추정**. 창 1.5~3.1m 는 창 표기와 층 피치의 비에서 환산해 ±0.2m 오차 가능. 3층 리본창 모듈(면별 7.7m/5.8m)도 점 개수에 맞춘 역산값
A동(3층) A동 남동면 1층-5,여의도여자고등학교,40-2,교사동 창면,A동(3층),1,194310.376,547023.331,2.3,A− 도면기준(대응·제원 추론 포함),A동 수광지침서,도면,AL_D010 이 5층·13.00m 로 층수와 높이가 서로 모순(5층이면 층고 2.6m). 지침서가 3개층이므로 **3층·층고 4.0m + 파라펫 1.0m 로 추정**. 창 1.5~3.1m 는 창 표기와 층 피치의 비에서 환산해 ±0.2m 오차 가능. 3층 리본창 모듈(면별 7.7m/5.8m)도 점 개수에 맞춘 역산값
A동(3층) A동 남동면 2층-5,여의도여자고등학교,40-2,교사동 창면,A동(3층),2,194310.376,547023.331,6.3,A− 도면기준(대응·제원 추론 포함),A동 수광지침서,도면,AL_D010 이 5층·13.00m 로 층수와 높이가 서로 모순(5층이면 층고 2.6m). 지침서가 3개층이므로 **3층·층고 4.0m + 파라펫 1.0m 로 추정**. 창 1.5~3.1m 는 창 표기와 층 피치의 비에서 환산해 ±0.2m 오차 가능. 3층 리본창 모듈(면별 7.7m/5.8m)도 점 개수에 맞춘 역산값
A동(3층) A동 남동면 1층-6,여의도여자고등학교,40-2,교사동 창면,A동(3층),1,194313.927,547026.096,2.3,A− 도면기준(대응·제원 추론 포함),A동 수광지침서,도면,AL_D010 이 5층·13.00m 로 층수와 높이가 서로 모순(5층이면 층고 2.6m). 지침서가 3개층이므로 **3층·층고 4.0m + 파라펫 1.0m 로 추정**. 창 1.5~3.1m 는 창 표기와 층 피치의 비에서 환산해 ±0.2m 오차 가능. 3층 리본창 모듈(면별 7.7m/5.8m)도 점 개수에 맞춘 역산값
A동(3층) A동 남동면 2층-6,여의도여자고등학교,40-2,교사동 창면,A동(3층),2,194313.927,547026.096,6.3,A− 도면기준(대응·제원 추론 포함),A동 수광지침서,도면,AL_D010 이 5층·13.00m 로 층수와 높이가 서로 모순(5층이면 층고 2.6m). 지침서가 3개층이므로 **3층·층고 4.0m + 파라펫 1.0m 로 추정**. 창 1.5~3.1m 는 창 표기와 층 피치의 비에서 환산해 ±0.2m 오차 가능. 3층 리본창 모듈(면별 7.7m/5.8m)도 점 개수에 맞춘 역산값
A동(3층) A동 남동면 1층-7,여의도여자고등학교,40-2,교사동 창면,A동(3층),1,194317.477,547028.861,2.3,A− 도면기준(대응·제원 추론 포함),A동 수광지침서,도면,AL_D010 이 5층·13.00m 로 층수와 높이가 서로 모순(5층이면 층고 2.6m). 지침서가 3개층이므로 **3층·층고 4.0m + 파라펫 1.0m 로 추정**. 창 1.5~3.1m 는 창 표기와 층 피치의 비에서 환산해 ±0.2m 오차 가능. 3층 리본창 모듈(면별 7.7m/5.8m)도 점 개수에 맞춘 역산값
A동(3층) A동 남동면 2층-7,여의도여자고등학교,40-2,교사동 창면,A동(3층),2,194317.477,547028.861,6.3,A− 도면기준(대응·제원 추론 포함),A동 수광지침서,도면,AL_D010 이 5층·13.00m 로 층수와 높이가 서로 모순(5층이면 층고 2.6m). 지침서가 3개층이므로 **3층·층고 4.0m + 파라펫 1.0m 로 추정**. 창 1.5~3.1m 는 창 표기와 층 피치의 비에서 환산해 ±0.2m 오차 가능. 3층 리본창 모듈(면별 7.7m/5.8m)도 점 개수에 맞춘 역산값
A동(3층) A동 남서면 3층-1,여의도여자고등학교,40-2,교사동 창면,A동(3층),3,194282.034,547026.112,10.3,A− 도면기준(대응·제원 추론 포함),A동 수광지침서,도면,AL_D010 이 5층·13.00m 로 층수와 높이가 서로 모순(5층이면 층고 2.6m). 지침서가 3개층이므로 **3층·층고 4.0m + 파라펫 1.0m 로 추정**. 창 1.5~3.1m 는 창 표기와 층 피치의 비에서 환산해 ±0.2m 오차 가능. 3층 리본창 모듈(면별 7.7m/5.8m)도 점 개수에 맞춘 역산값
A동(3층) A동 남서면 3층-2,여의도여자고등학교,40-2,교사동 창면,A동(3층),3,194286.766,547020.038,10.3,A− 도면기준(대응·제원 추론 포함),A동 수광지침서,도면,AL_D010 이 5층·13.00m 로 층수와 높이가 서로 모순(5층이면 층고 2.6m). 지침서가 3개층이므로 **3층·층고 4.0m + 파라펫 1.0m 로 추정**. 창 1.5~3.1m 는 창 표기와 층 피치의 비에서 환산해 ±0.2m 오차 가능. 3층 리본창 모듈(면별 7.7m/5.8m)도 점 개수에 맞춘 역산값
A동(3층) A동 남서면 3층-3,여의도여자고등학교,40-2,교사동 창면,A동(3층),3,194291.498,547013.964,10.3,A− 도면기준(대응·제원 추론 포함),A동 수광지침서,도면,AL_D010 이 5층·13.00m 로 층수와 높이가 서로 모순(5층이면 층고 2.6m). 지침서가 3개층이므로 **3층·층고 4.0m + 파라펫 1.0m 로 추정**. 창 1.5~3.1m 는 창 표기와 층 피치의 비에서 환산해 ±0.2m 오차 가능. 3층 리본창 모듈(면별 7.7m/5.8m)도 점 개수에 맞춘 역산값
A동(3층) A동 남동면 3층-1,여의도여자고등학교,40-2,교사동 창면,A동(3층),3,194296.687,547012.672,10.3,A− 도면기준(대응·제원 추론 포함),A동 수광지침서,도면,AL_D010 이 5층·13.00m 로 층수와 높이가 서로 모순(5층이면 층고 2.6m). 지침서가 3개층이므로 **3층·층고 4.0m + 파라펫 1.0m 로 추정**. 창 1.5~3.1m 는 창 표기와 층 피치의 비에서 환산해 ±0.2m 오차 가능. 3층 리본창 모듈(면별 7.7m/5.8m)도 점 개수에 맞춘 역산값
A동(3층) A동 남동면 3층-2,여의도여자고등학교,40-2,교사동 창면,A동(3층),3,194301.263,547016.235,10.3,A− 도면기준(대응·제원 추론 포함),A동 수광지침서,도면,AL_D010 이 5층·13.00m 로 층수와 높이가 서로 모순(5층이면 층고 2.6m). 지침서가 3개층이므로 **3층·층고 4.0m + 파라펫 1.0m 로 추정**. 창 1.5~3.1m 는 창 표기와 층 피치의 비에서 환산해 ±0.2m 오차 가능. 3층 리본창 모듈(면별 7.7m/5.8m)도 점 개수에 맞춘 역산값
A동(3층) A동 남동면 3층-3,여의도여자고등학교,40-2,교사동 창면,A동(3층),3,194305.84,547019.799,10.3,A− 도면기준(대응·제원 추론 포함),A동 수광지침서,도면,AL_D010 이 5층·13.00m 로 층수와 높이가 서로 모순(5층이면 층고 2.6m). 지침서가 3개층이므로 **3층·층고 4.0m + 파라펫 1.0m 로 추정**. 창 1.5~3.1m 는 창 표기와 층 피치의 비에서 환산해 ±0.2m 오차 가능. 3층 리본창 모듈(면별 7.7m/5.8m)도 점 개수에 맞춘 역산값
A동(3층) A동 남동면 3층-4,여의도여자고등학교,40-2,교사동 창면,A동(3층),3,194310.416,547023.362,10.3,A− 도면기준(대응·제원 추론 포함),A동 수광지침서,도면,AL_D010 이 5층·13.00m 로 층수와 높이가 서로 모순(5층이면 층고 2.6m). 지침서가 3개층이므로 **3층·층고 4.0m + 파라펫 1.0m 로 추정**. 창 1.5~3.1m 는 창 표기와 층 피치의 비에서 환산해 ±0.2m 오차 가능. 3층 리본창 모듈(면별 7.7m/5.8m)도 점 개수에 맞춘 역산값
A동(3층) A동 남동면 3층-5,여의도여자고등학교,40-2,교사동 창면,A동(3층),3,194314.992,547026.926,10.3,A− 도면기준(대응·제원 추론 포함),A동 수광지침서,도면,AL_D010 이 5층·13.00m 로 층수와 높이가 서로 모순(5층이면 층고 2.6m). 지침서가 3개층이므로 **3층·층고 4.0m + 파라펫 1.0m 로 추정**. 창 1.5~3.1m 는 창 표기와 층 피치의 비에서 환산해 ±0.2m 오차 가능. 3층 리본창 모듈(면별 7.7m/5.8m)도 점 개수에 맞춘 역산값
A동(3층) A동 남동면 3층-6,여의도여자고등학교,40-2,교사동 창면,A동(3층),3,194319.568,547030.489,10.3,A− 도면기준(대응·제원 추론 포함),A동 수광지침서,도면,AL_D010 이 5층·13.00m 로 층수와 높이가 서로 모순(5층이면 층고 2.6m). 지침서가 3개층이므로 **3층·층고 4.0m + 파라펫 1.0m 로 추정**. 창 1.5~3.1m 는 창 표기와 층 피치의 비에서 환산해 ±0.2m 오차 가능. 3층 리본창 모듈(면별 7.7m/5.8m)도 점 개수에 맞춘 역산값
여의도여자고등학교 ①(5층) 1층-4,여의도여자고등학교,40-2,교사동 창면,여의도여자고등학교 ①(5층),1,194274.793,547082.204,1.2,B 일반식(전부 추정),일반식(도면 없음),추정,도면 미수령. 층고 3.5m·창중심 바닥+1.2m·남향계열 외벽 전체를 5m 등간격 으로 분할 — 층고·창높이·수평배치가 **전부 가정값**이다. 도면을 받으면 위치와 높이가 모두 바뀐다
여의도여자고등학교 ①(5층) 2층-4,여의도여자고등학교,40-2,교사동 창면,여의도여자고등학교 ①(5층),2,194274.793,547082.204,4.7,B 일반식(전부 추정),일반식(도면 없음),추정,도면 미수령. 층고 3.5m·창중심 바닥+1.2m·남향계열 외벽 전체를 5m 등간격 으로 분할 — 층고·창높이·수평배치가 **전부 가정값**이다. 도면을 받으면 위치와 높이가 모두 바뀐다
여의도여자고등학교 ①(5층) 3층-4,여의도여자고등학교,40-2,교사동 창면,여의도여자고등학교 ①(5층),3,194274.793,547082.204,8.2,B 일반식(전부 추정),일반식(도면 없음),추정,도면 미수령. 층고 3.5m·창중심 바닥+1.2m·남향계열 외벽 전체를 5m 등간격 으로 분할 — 층고·창높이·수평배치가 **전부 가정값**이다. 도면을 받으면 위치와 높이가 모두 바뀐다
여의도여자고등학교 ①(5층) 4층-4,여의도여자고등학교,40-2,교사동 창면,여의도여자고등학교 ①(5층),4,194274.793,547082.204,11.7,B 일반식(전부 추정),일반식(도면 없음),추정,도면 미수령. 층고 3.5m·창중심 바닥+1.2m·남향계열 외벽 전체를 5m 등간격 으로 분할 — 층고·창높이·수평배치가 **전부 가정값**이다. 도면을 받으면 위치와 높이가 모두 바뀐다
여의도여자고등학교 ①(5층) 5층-4,여의도여자고등학교,40-2,교사동 창면,여의도여자고등학교 ①(5층),5,194274.793,547082.204,15.2,B 일반식(전부 추정),일반식(도면 없음),추정,도면 미수령. 층고 3.5m·창중심 바닥+1.2m·남향계열 외벽 전체를 5m 등간격 으로 분할 — 층고·창높이·수평배치가 **전부 가정값**이다. 도면을 받으면 위치와 높이가 모두 바뀐다
여의도여자고등학교 ①(5층) 1층-5,여의도여자고등학교,40-2,교사동 창면,여의도여자고등학교 ①(5층),1,194278.457,547082.075,1.2,B 일반식(전부 추정),일반식(도면 없음),추정,도면 미수령. 층고 3.5m·창중심 바닥+1.2m·남향계열 외벽 전체를 5m 등간격 으로 분할 — 층고·창높이·수평배치가 **전부 가정값**이다. 도면을 받으면 위치와 높이가 모두 바뀐다
여의도여자고등학교 ①(5층) 2층-5,여의도여자고등학교,40-2,교사동 창면,여의도여자고등학교 ①(5층),2,194278.457,547082.075,4.7,B 일반식(전부 추정),일반식(도면 없음),추정,도면 미수령. 층고 3.5m·창중심 바닥+1.2m·남향계열 외벽 전체를 5m 등간격 으로 분할 — 층고·창높이·수평배치가 **전부 가정값**이다. 도면을 받으면 위치와 높이가 모두 바뀐다
여의도여자고등학교 ①(5층) 3층-5,여의도여자고등학교,40-2,교사동 창면,여의도여자고등학교 ①(5층),3,194278.457,547082.075,8.2,B 일반식(전부 추정),일반식(도면 없음),추정,도면 미수령. 층고 3.5m·창중심 바닥+1.2m·남향계열 외벽 전체를 5m 등간격 으로 분할 — 층고·창높이·수평배치가 **전부 가정값**이다. 도면을 받으면 위치와 높이가 모두 바뀐다
여의도여자고등학교 ①(5층) 4층-5,여의도여자고등학교,40-2,교사동 창면,여의도여자고등학교 ①(5층),4,194278.457,547082.075,11.7,B 일반식(전부 추정),일반식(도면 없음),추정,도면 미수령. 층고 3.5m·창중심 바닥+1.2m·남향계열 외벽 전체를 5m 등간격 으로 분할 — 층고·창높이·수평배치가 **전부 가정값**이다. 도면을 받으면 위치와 높이가 모두 바뀐다
여의도여자고등학교 ①(5층) 5층-5,여의도여자고등학교,40-2,교사동 창면,여의도여자고등학교 ①(5층),5,194278.457,547082.075,15.2,B 일반식(전부 추정),일반식(도면 없음),추정,도면 미수령. 층고 3.5m·창중심 바닥+1.2m·남향계열 외벽 전체를 5m 등간격 으로 분할 — 층고·창높이·수평배치가 **전부 가정값**이다. 도면을 받으면 위치와 높이가 모두 바뀐다
여의도여자고등학교 ②(5층) 1층-1,여의도여자고등학교,40-2,교사동 창면,여의도여자고등학교 ②(5층),1,194261.32,547077.03,1.2,B 일반식(전부 추정),일반식(도면 없음),추정,도면 미수령. 층고 3.5m·창중심 바닥+1.2m·남향계열 외벽 전체를 5m 등간격 으로 분할 — 층고·창높이·수평배치가 **전부 가정값**이다. 도면을 받으면 위치와 높이가 모두 바뀐다
여의도여자고등학교 ②(5층) 2층-1,여의도여자고등학교,40-2,교사동 창면,여의도여자고등학교 ②(5층),2,194261.32,547077.03,4.7,B 일반식(전부 추정),일반식(도면 없음),추정,도면 미수령. 층고 3.5m·창중심 바닥+1.2m·남향계열 외벽 전체를 5m 등간격 으로 분할 — 층고·창높이·수평배치가 **전부 가정값**이다. 도면을 받으면 위치와 높이가 모두 바뀐다
여의도여자고등학교 ②(5층) 3층-1,여의도여자고등학교,40-2,교사동 창면,여의도여자고등학교 ②(5층),3,194261.32,547077.03,8.2,B 일반식(전부 추정),일반식(도면 없음),추정,도면 미수령. 층고 3.5m·창중심 바닥+1.2m·남향계열 외벽 전체를 5m 등간격 으로 분할 — 층고·창높이·수평배치가 **전부 가정값**이다. 도면을 받으면 위치와 높이가 모두 바뀐다
여의도여자고등학교 ②(5층) 4층-1,여의도여자고등학교,40-2,교사동 창면,여의도여자고등학교 ②(5층),4,194261.32,547077.03,11.7,B 일반식(전부 추정),일반식(도면 없음),추정,도면 미수령. 층고 3.5m·창중심 바닥+1.2m·남향계열 외벽 전체를 5m 등간격 으로 분할 — 층고·창높이·수평배치가 **전부 가정값**이다. 도면을 받으면 위치와 높이가 모두 바뀐다
여의도여자고등학교 ②(5층) 5층-1,여의도여자고등학교,40-2,교사동 창면,여의도여자고등학교 ②(5층),5,194261.32,547077.03,15.2,B 일반식(전부 추정),일반식(도면 없음),추정,도면 미수령. 층고 3.5m·창중심 바닥+1.2m·남향계열 외벽 전체를 5m 등간격 으로 분할 — 층고·창높이·수평배치가 **전부 가정값**이다. 도면을 받으면 위치와 높이가 모두 바뀐다
여의도여자고등학교 ②(5층) 1층-2,여의도여자고등학교,40-2,교사동 창면,여의도여자고등학교 ②(5층),1,194264.387,547073.048,1.2,B 일반식(전부 추정),일반식(도면 없음),추정,도면 미수령. 층고 3.5m·창중심 바닥+1.2m·남향계열 외벽 전체를 5m 등간격 으로 분할 — 층고·창높이·수평배치가 **전부 가정값**이다. 도면을 받으면 위치와 높이가 모두 바뀐다
여의도여자고등학교 ②(5층) 2층-2,여의도여자고등학교,40-2,교사동 창면,여의도여자고등학교 ②(5층),2,194264.387,547073.048,4.7,B 일반식(전부 추정),일반식(도면 없음),추정,도면 미수령. 층고 3.5m·창중심 바닥+1.2m·남향계열 외벽 전체를 5m 등간격 으로 분할 — 층고·창높이·수평배치가 **전부 가정값**이다. 도면을 받으면 위치와 높이가 모두 바뀐다
여의도여자고등학교 ②(5층) 3층-2,여의도여자고등학교,40-2,교사동 창면,여의도여자고등학교 ②(5층),3,194264.387,547073.048,8.2,B 일반식(전부 추정),일반식(도면 없음),추정,도면 미수령. 층고 3.5m·창중심 바닥+1.2m·남향계열 외벽 전체를 5m 등간격 으로 분할 — 층고·창높이·수평배치가 **전부 가정값**이다. 도면을 받으면 위치와 높이가 모두 바뀐다
여의도여자고등학교 ②(5층) 4층-2,여의도여자고등학교,40-2,교사동 창면,여의도여자고등학교 ②(5층),4,194264.387,547073.048,11.7,B 일반식(전부 추정),일반식(도면 없음),추정,도면 미수령. 층고 3.5m·창중심 바닥+1.2m·남향계열 외벽 전체를 5m 등간격 으로 분할 — 층고·창높이·수평배치가 **전부 가정값**이다. 도면을 받으면 위치와 높이가 모두 바뀐다
여의도여자고등학교 ②(5층) 5층-2,여의도여자고등학교,40-2,교사동 창면,여의도여자고등학교 ②(5층),5,194264.387,547073.048,15.2,B 일반식(전부 추정),일반식(도면 없음),추정,도면 미수령. 층고 3.5m·창중심 바닥+1.2m·남향계열 외벽 전체를 5m 등간격 으로 분할 — 층고·창높이·수평배치가 **전부 가정값**이다. 도면을 받으면 위치와 높이가 모두 바뀐다
여의도여자고등학교 ②(5층) 1층-3,여의도여자고등학교,40-2,교사동 창면,여의도여자고등학교 ②(5층),1,194267.455,547069.066,1.2,B 일반식(전부 추정),일반식(도면 없음),추정,도면 미수령. 층고 3.5m·창중심 바닥+1.2m·남향계열 외벽 전체를 5m 등간격 으로 분할 — 층고·창높이·수평배치가 **전부 가정값**이다. 도면을 받으면 위치와 높이가 모두 바뀐다
여의도여자고등학교 ②(5층) 2층-3,여의도여자고등학교,40-2,교사동 창면,여의도여자고등학교 ②(5층),2,194267.455,547069.066,4.7,B 일반식(전부 추정),일반식(도면 없음),추정,도면 미수령. 층고 3.5m·창중심 바닥+1.2m·남향계열 외벽 전체를 5m 등간격 으로 분할 — 층고·창높이·수평배치가 **전부 가정값**이다. 도면을 받으면 위치와 높이가 모두 바뀐다
여의도여자고등학교 ②(5층) 3층-3,여의도여자고등학교,40-2,교사동 창면,여의도여자고등학교 ②(5층),3,194267.455,547069.066,8.2,B 일반식(전부 추정),일반식(도면 없음),추정,도면 미수령. 층고 3.5m·창중심 바닥+1.2m·남향계열 외벽 전체를 5m 등간격 으로 분할 — 층고·창높이·수평배치가 **전부 가정값**이다. 도면을 받으면 위치와 높이가 모두 바뀐다
여의도여자고등학교 ②(5층) 4층-3,여의도여자고등학교,40-2,교사동 창면,여의도여자고등학교 ②(5층),4,194267.455,547069.066,11.7,B 일반식(전부 추정),일반식(도면 없음),추정,도면 미수령. 층고 3.5m·창중심 바닥+1.2m·남향계열 외벽 전체를 5m 등간격 으로 분할 — 층고·창높이·수평배치가 **전부 가정값**이다. 도면을 받으면 위치와 높이가 모두 바뀐다
여의도여자고등학교 ②(5층) 5층-3,여의도여자고등학교,40-2,교사동 창면,여의도여자고등학교 ②(5층),5,194267.455,547069.066,15.2,B 일반식(전부 추정),일반식(도면 없음),추정,도면 미수령. 층고 3.5m·창중심 바닥+1.2m·남향계열 외벽 전체를 5m 등간격 으로 분할 — 층고·창높이·수평배치가 **전부 가정값**이다. 도면을 받으면 위치와 높이가 모두 바뀐다
여의도여자고등학교 ②(5층) 1층-4,여의도여자고등학교,40-2,교사동 창면,여의도여자고등학교 ②(5층),1,194270.523,547065.083,1.2,B 일반식(전부 추정),일반식(도면 없음),추정,도면 미수령. 층고 3.5m·창중심 바닥+1.2m·남향계열 외벽 전체를 5m 등간격 으로 분할 — 층고·창높이·수평배치가 **전부 가정값**이다. 도면을 받으면 위치와 높이가 모두 바뀐다
여의도여자고등학교 ②(5층) 2층-4,여의도여자고등학교,40-2,교사동 창면,여의도여자고등학교 ②(5층),2,194270.523,547065.083,4.7,B 일반식(전부 추정),일반식(도면 없음),추정,도면 미수령. 층고 3.5m·창중심 바닥+1.2m·남향계열 외벽 전체를 5m 등간격 으로 분할 — 층고·창높이·수평배치가 **전부 가정값**이다. 도면을 받으면 위치와 높이가 모두 바뀐다
여의도여자고등학교 ②(5층) 3층-4,여의도여자고등학교,40-2,교사동 창면,여의도여자고등학교 ②(5층),3,194270.523,547065.083,8.2,B 일반식(전부 추정),일반식(도면 없음),추정,도면 미수령. 층고 3.5m·창중심 바닥+1.2m·남향계열 외벽 전체를 5m 등간격 으로 분할 — 층고·창높이·수평배치가 **전부 가정값**이다. 도면을 받으면 위치와 높이가 모두 바뀐다
여의도여자고등학교 ②(5층) 4층-4,여의도여자고등학교,40-2,교사동 창면,여의도여자고등학교 ②(5층),4,194270.523,547065.083,11.7,B 일반식(전부 추정),일반식(도면 없음),추정,도면 미수령. 층고 3.5m·창중심 바닥+1.2m·남향계열 외벽 전체를 5m 등간격 으로 분할 — 층고·창높이·수평배치가 **전부 가정값**이다. 도면을 받으면 위치와 높이가 모두 바뀐다
여의도여자고등학교 ②(5층) 5층-4,여의도여자고등학교,40-2,교사동 창면,여의도여자고등학교 ②(5층),5,194270.523,547065.083,15.2,B 일반식(전부 추정),일반식(도면 없음),추정,도면 미수령. 층고 3.5m·창중심 바닥+1.2m·남향계열 외벽 전체를 5m 등간격 으로 분할 — 층고·창높이·수평배치가 **전부 가정값**이다. 도면을 받으면 위치와 높이가 모두 바뀐다
여의도여자고등학교 ②(5층) 1층-5,여의도여자고등학교,40-2,교사동 창면,여의도여자고등학교 ②(5층),1,194273.591,547061.101,1.2,B 일반식(전부 추정),일반식(도면 없음),추정,도면 미수령. 층고 3.5m·창중심 바닥+1.2m·남향계열 외벽 전체를 5m 등간격 으로 분할 — 층고·창높이·수평배치가 **전부 가정값**이다. 도면을 받으면 위치와 높이가 모두 바뀐다
여의도여자고등학교 ②(5층) 2층-5,여의도여자고등학교,40-2,교사동 창면,여의도여자고등학교 ②(5층),2,194273.591,547061.101,4.7,B 일반식(전부 추정),일반식(도면 없음),추정,도면 미수령. 층고 3.5m·창중심 바닥+1.2m·남향계열 외벽 전체를 5m 등간격 으로 분할 — 층고·창높이·수평배치가 **전부 가정값**이다. 도면을 받으면 위치와 높이가 모두 바뀐다
여의도여자고등학교 ②(5층) 3층-5,여의도여자고등학교,40-2,교사동 창면,여의도여자고등학교 ②(5층),3,194273.591,547061.101,8.2,B 일반식(전부 추정),일반식(도면 없음),추정,도면 미수령. 층고 3.5m·창중심 바닥+1.2m·남향계열 외벽 전체를 5m 등간격 으로 분할 — 층고·창높이·수평배치가 **전부 가정값**이다. 도면을 받으면 위치와 높이가 모두 바뀐다
여의도여자고등학교 ②(5층) 4층-5,여의도여자고등학교,40-2,교사동 창면,여의도여자고등학교 ②(5층),4,194273.591,547061.101,11.7,B 일반식(전부 추정),일반식(도면 없음),추정,도면 미수령. 층고 3.5m·창중심 바닥+1.2m·남향계열 외벽 전체를 5m 등간격 으로 분할 — 층고·창높이·수평배치가 **전부 가정값**이다. 도면을 받으면 위치와 높이가 모두 바뀐다
여의도여자고등학교 ②(5층) 5층-5,여의도여자고등학교,40-2,교사동 창면,여의도여자고등학교 ②(5층),5,194273.591,547061.101,15.2,B 일반식(전부 추정),일반식(도면 없음),추정,도면 미수령. 층고 3.5m·창중심 바닥+1.2m·남향계열 외벽 전체를 5m 등간격 으로 분할 — 층고·창높이·수평배치가 **전부 가정값**이다. 도면을 받으면 위치와 높이가 모두 바뀐다
여의도여자고등학교 ②(5층) 1층-6,여의도여자고등학교,40-2,교사동 창면,여의도여자고등학교 ②(5층),1,194276.659,547057.119,1.2,B 일반식(전부 추정),일반식(도면 없음),추정,도면 미수령. 층고 3.5m·창중심 바닥+1.2m·남향계열 외벽 전체를 5m 등간격 으로 분할 — 층고·창높이·수평배치가 **전부 가정값**이다. 도면을 받으면 위치와 높이가 모두 바뀐다
여의도여자고등학교 ②(5층) 2층-6,여의도여자고등학교,40-2,교사동 창면,여의도여자고등학교 ②(5층),2,194276.659,547057.119,4.7,B 일반식(전부 추정),일반식(도면 없음),추정,도면 미수령. 층고 3.5m·창중심 바닥+1.2m·남향계열 외벽 전체를 5m 등간격 으로 분할 — 층고·창높이·수평배치가 **전부 가정값**이다. 도면을 받으면 위치와 높이가 모두 바뀐다
여의도여자고등학교 ②(5층) 3층-6,여의도여자고등학교,40-2,교사동 창면,여의도여자고등학교 ②(5층),3,194276.659,547057.119,8.2,B 일반식(전부 추정),일반식(도면 없음),추정,도면 미수령. 층고 3.5m·창중심 바닥+1.2m·남향계열 외벽 전체를 5m 등간격 으로 분할 — 층고·창높이·수평배치가 **전부 가정값**이다. 도면을 받으면 위치와 높이가 모두 바뀐다
여의도여자고등학교 ②(5층) 4층-6,여의도여자고등학교,40-2,교사동 창면,여의도여자고등학교 ②(5층),4,194276.659,547057.119,11.7,B 일반식(전부 추정),일반식(도면 없음),추정,도면 미수령. 층고 3.5m·창중심 바닥+1.2m·남향계열 외벽 전체를 5m 등간격 으로 분할 — 층고·창높이·수평배치가 **전부 가정값**이다. 도면을 받으면 위치와 높이가 모두 바뀐다
여의도여자고등학교 ②(5층) 5층-6,여의도여자고등학교,40-2,교사동 창면,여의도여자고등학교 ②(5층),5,194276.659,547057.119,15.2,B 일반식(전부 추정),일반식(도면 없음),추정,도면 미수령. 층고 3.5m·창중심 바닥+1.2m·남향계열 외벽 전체를 5m 등간격 으로 분할 — 층고·창높이·수평배치가 **전부 가정값**이다. 도면을 받으면 위치와 높이가 모두 바뀐다
여의도여자고등학교 ②(5층) 1층-7,여의도여자고등학교,40-2,교사동 창면,여의도여자고등학교 ②(5층),1,194279.726,547053.137,1.2,B 일반식(전부 추정),일반식(도면 없음),추정,도면 미수령. 층고 3.5m·창중심 바닥+1.2m·남향계열 외벽 전체를 5m 등간격 으로 분할 — 층고·창높이·수평배치가 **전부 가정값**이다. 도면을 받으면 위치와 높이가 모두 바뀐다
여의도여자고등학교 ②(5층) 2층-7,여의도여자고등학교,40-2,교사동 창면,여의도여자고등학교 ②(5층),2,194279.726,547053.137,4.7,B 일반식(전부 추정),일반식(도면 없음),추정,도면 미수령. 층고 3.5m·창중심 바닥+1.2m·남향계열 외벽 전체를 5m 등간격 으로 분할 — 층고·창높이·수평배치가 **전부 가정값**이다. 도면을 받으면 위치와 높이가 모두 바뀐다
여의도여자고등학교 ②(5층) 3층-7,여의도여자고등학교,40-2,교사동 창면,여의도여자고등학교 ②(5층),3,194279.726,547053.137,8.2,B 일반식(전부 추정),일반식(도면 없음),추정,도면 미수령. 층고 3.5m·창중심 바닥+1.2m·남향계열 외벽 전체를 5m 등간격 으로 분할 — 층고·창높이·수평배치가 **전부 가정값**이다. 도면을 받으면 위치와 높이가 모두 바뀐다
여의도여자고등학교 ②(5층) 4층-7,여의도여자고등학교,40-2,교사동 창면,여의도여자고등학교 ②(5층),4,194279.726,547053.137,11.7,B 일반식(전부 추정),일반식(도면 없음),추정,도면 미수령. 층고 3.5m·창중심 바닥+1.2m·남향계열 외벽 전체를 5m 등간격 으로 분할 — 층고·창높이·수평배치가 **전부 가정값**이다. 도면을 받으면 위치와 높이가 모두 바뀐다
여의도여자고등학교 ②(5층) 5층-7,여의도여자고등학교,40-2,교사동 창면,여의도여자고등학교 ②(5층),5,194279.726,547053.137,15.2,B 일반식(전부 추정),일반식(도면 없음),추정,도면 미수령. 층고 3.5m·창중심 바닥+1.2m·남향계열 외벽 전체를 5m 등간격 으로 분할 — 층고·창높이·수평배치가 **전부 가정값**이다. 도면을 받으면 위치와 높이가 모두 바뀐다
여의도여자고등학교 ②(5층) 1층-8,여의도여자고등학교,40-2,교사동 창면,여의도여자고등학교 ②(5층),1,194282.794,547049.154,1.2,B 일반식(전부 추정),일반식(도면 없음),추정,도면 미수령. 층고 3.5m·창중심 바닥+1.2m·남향계열 외벽 전체를 5m 등간격 으로 분할 — 층고·창높이·수평배치가 **전부 가정값**이다. 도면을 받으면 위치와 높이가 모두 바뀐다
여의도여자고등학교 ②(5층) 2층-8,여의도여자고등학교,40-2,교사동 창면,여의도여자고등학교 ②(5층),2,194282.794,547049.154,4.7,B 일반식(전부 추정),일반식(도면 없음),추정,도면 미수령. 층고 3.5m·창중심 바닥+1.2m·남향계열 외벽 전체를 5m 등간격 으로 분할 — 층고·창높이·수평배치가 **전부 가정값**이다. 도면을 받으면 위치와 높이가 모두 바뀐다
여의도여자고등학교 ②(5층) 3층-8,여의도여자고등학교,40-2,교사동 창면,여의도여자고등학교 ②(5층),3,194282.794,547049.154,8.2,B 일반식(전부 추정),일반식(도면 없음),추정,도면 미수령. 층고 3.5m·창중심 바닥+1.2m·남향계열 외벽 전체를 5m 등간격 으로 분할 — 층고·창높이·수평배치가 **전부 가정값**이다. 도면을 받으면 위치와 높이가 모두 바뀐다
여의도여자고등학교 ②(5층) 4층-8,여의도여자고등학교,40-2,교사동 창면,여의도여자고등학교 ②(5층),4,194282.794,547049.154,11.7,B 일반식(전부 추정),일반식(도면 없음),추정,도면 미수령. 층고 3.5m·창중심 바닥+1.2m·남향계열 외벽 전체를 5m 등간격 으로 분할 — 층고·창높이·수평배치가 **전부 가정값**이다. 도면을 받으면 위치와 높이가 모두 바뀐다
여의도여자고등학교 ②(5층) 5층-8,여의도여자고등학교,40-2,교사동 창면,여의도여자고등학교 ②(5층),5,194282.794,547049.154,15.2,B 일반식(전부 추정),일반식(도면 없음),추정,도면 미수령. 층고 3.5m·창중심 바닥+1.2m·남향계열 외벽 전체를 5m 등간격 으로 분할 — 층고·창높이·수평배치가 **전부 가정값**이다. 도면을 받으면 위치와 높이가 모두 바뀐다
여의도여자고등학교 ②(5층) 1층-9,여의도여자고등학교,40-2,교사동 창면,여의도여자고등학교 ②(5층),1,194285.862,547045.172,1.2,B 일반식(전부 추정),일반식(도면 없음),추정,도면 미수령. 층고 3.5m·창중심 바닥+1.2m·남향계열 외벽 전체를 5m 등간격 으로 분할 — 층고·창높이·수평배치가 **전부 가정값**이다. 도면을 받으면 위치와 높이가 모두 바뀐다
여의도여자고등학교 ②(5층) 2층-9,여의도여자고등학교,40-2,교사동 창면,여의도여자고등학교 ②(5층),2,194285.862,547045.172,4.7,B 일반식(전부 추정),일반식(도면 없음),추정,도면 미수령. 층고 3.5m·창중심 바닥+1.2m·남향계열 외벽 전체를 5m 등간격 으로 분할 — 층고·창높이·수평배치가 **전부 가정값**이다. 도면을 받으면 위치와 높이가 모두 바뀐다
여의도여자고등학교 ②(5층) 3층-9,여의도여자고등학교,40-2,교사동 창면,여의도여자고등학교 ②(5층),3,194285.862,547045.172,8.2,B 일반식(전부 추정),일반식(도면 없음),추정,도면 미수령. 층고 3.5m·창중심 바닥+1.2m·남향계열 외벽 전체를 5m 등간격 으로 분할 — 층고·창높이·수평배치가 **전부 가정값**이다. 도면을 받으면 위치와 높이가 모두 바뀐다
여의도여자고등학교 ②(5층) 4층-9,여의도여자고등학교,40-2,교사동 창면,여의도여자고등학교 ②(5층),4,194285.862,547045.172,11.7,B 일반식(전부 추정),일반식(도면 없음),추정,도면 미수령. 층고 3.5m·창중심 바닥+1.2m·남향계열 외벽 전체를 5m 등간격 으로 분할 — 층고·창높이·수평배치가 **전부 가정값**이다. 도면을 받으면 위치와 높이가 모두 바뀐다
여의도여자고등학교 ②(5층) 5층-9,여의도여자고등학교,40-2,교사동 창면,여의도여자고등학교 ②(5층),5,194285.862,547045.172,15.2,B 일반식(전부 추정),일반식(도면 없음),추정,도면 미수령. 층고 3.5m·창중심 바닥+1.2m·남향계열 외벽 전체를 5m 등간격 으로 분할 — 층고·창높이·수평배치가 **전부 가정값**이다. 도면을 받으면 위치와 높이가 모두 바뀐다
여의도여자고등학교 ②(5층) 1층-10,여의도여자고등학교,40-2,교사동 창면,여의도여자고등학교 ②(5층),1,194288.838,547043.885,1.2,B 일반식(전부 추정),일반식(도면 없음),추정,도면 미수령. 층고 3.5m·창중심 바닥+1.2m·남향계열 외벽 전체를 5m 등간격 으로 분할 — 층고·창높이·수평배치가 **전부 가정값**이다. 도면을 받으면 위치와 높이가 모두 바뀐다
여의도여자고등학교 ②(5층) 2층-10,여의도여자고등학교,40-2,교사동 창면,여의도여자고등학교 ②(5층),2,194288.838,547043.885,4.7,B 일반식(전부 추정),일반식(도면 없음),추정,도면 미수령. 층고 3.5m·창중심 바닥+1.2m·남향계열 외벽 전체를 5m 등간격 으로 분할 — 층고·창높이·수평배치가 **전부 가정값**이다. 도면을 받으면 위치와 높이가 모두 바뀐다
여의도여자고등학교 ②(5층) 3층-10,여의도여자고등학교,40-2,교사동 창면,여의도여자고등학교 ②(5층),3,194288.838,547043.885,8.2,B 일반식(전부 추정),일반식(도면 없음),추정,도면 미수령. 층고 3.5m·창중심 바닥+1.2m·남향계열 외벽 전체를 5m 등간격 으로 분할 — 층고·창높이·수평배치가 **전부 가정값**이다. 도면을 받으면 위치와 높이가 모두 바뀐다
여의도여자고등학교 ②(5층) 4층-10,여의도여자고등학교,40-2,교사동 창면,여의도여자고등학교 ②(5층),4,194288.838,547043.885,11.7,B 일반식(전부 추정),일반식(도면 없음),추정,도면 미수령. 층고 3.5m·창중심 바닥+1.2m·남향계열 외벽 전체를 5m 등간격 으로 분할 — 층고·창높이·수평배치가 **전부 가정값**이다. 도면을 받으면 위치와 높이가 모두 바뀐다
여의도여자고등학교 ②(5층) 5층-10,여의도여자고등학교,40-2,교사동 창면,여의도여자고등학교 ②(5층),5,194288.838,547043.885,15.2,B 일반식(전부 추정),일반식(도면 없음),추정,도면 미수령. 층고 3.5m·창중심 바닥+1.2m·남향계열 외벽 전체를 5m 등간격 으로 분할 — 층고·창높이·수평배치가 **전부 가정값**이다. 도면을 받으면 위치와 높이가 모두 바뀐다
여의도여자고등학교 ②(5층) 1층-11,여의도여자고등학교,40-2,교사동 창면,여의도여자고등학교 ②(5층),1,194290.337,547043.302,1.2,B 일반식(전부 추정),일반식(도면 없음),추정,도면 미수령. 층고 3.5m·창중심 바닥+1.2m·남향계열 외벽 전체를 5m 등간격 으로 분할 — 층고·창높이·수평배치가 **전부 가정값**이다. 도면을 받으면 위치와 높이가 모두 바뀐다
여의도여자고등학교 ②(5층) 2층-11,여의도여자고등학교,40-2,교사동 창면,여의도여자고등학교 ②(5층),2,194290.337,547043.302,4.7,B 일반식(전부 추정),일반식(도면 없음),추정,도면 미수령. 층고 3.5m·창중심 바닥+1.2m·남향계열 외벽 전체를 5m 등간격 으로 분할 — 층고·창높이·수평배치가 **전부 가정값**이다. 도면을 받으면 위치와 높이가 모두 바뀐다
여의도여자고등학교 ②(5층) 3층-11,여의도여자고등학교,40-2,교사동 창면,여의도여자고등학교 ②(5층),3,194290.337,547043.302,8.2,B 일반식(전부 추정),일반식(도면 없음),추정,도면 미수령. 층고 3.5m·창중심 바닥+1.2m·남향계열 외벽 전체를 5m 등간격 으로 분할 — 층고·창높이·수평배치가 **전부 가정값**이다. 도면을 받으면 위치와 높이가 모두 바뀐다
여의도여자고등학교 ②(5층) 4층-11,여의도여자고등학교,40-2,교사동 창면,여의도여자고등학교 ②(5층),4,194290.337,547043.302,11.7,B 일반식(전부 추정),일반식(도면 없음),추정,도면 미수령. 층고 3.5m·창중심 바닥+1.2m·남향계열 외벽 전체를 5m 등간격 으로 분할 — 층고·창높이·수평배치가 **전부 가정값**이다. 도면을 받으면 위치와 높이가 모두 바뀐다
여의도여자고등학교 ②(5층) 5층-11,여의도여자고등학교,40-2,교사동 창면,여의도여자고등학교 ②(5층),5,194290.337,547043.302,15.2,B 일반식(전부 추정),일반식(도면 없음),추정,도면 미수령. 층고 3.5m·창중심 바닥+1.2m·남향계열 외벽 전체를 5m 등간격 으로 분할 — 층고·창높이·수평배치가 **전부 가정값**이다. 도면을 받으면 위치와 높이가 모두 바뀐다
여의도여자고등학교 ②(5층) 1층-12,여의도여자고등학교,40-2,교사동 창면,여의도여자고등학교 ②(5층),1,194295.023,547044.139,1.2,B 일반식(전부 추정),일반식(도면 없음),추정,도면 미수령. 층고 3.5m·창중심 바닥+1.2m·남향계열 외벽 전체를 5m 등간격 으로 분할 — 층고·창높이·수평배치가 **전부 가정값**이다. 도면을 받으면 위치와 높이가 모두 바뀐다
여의도여자고등학교 ②(5층) 2층-12,여의도여자고등학교,40-2,교사동 창면,여의도여자고등학교 ②(5층),2,194295.023,547044.139,4.7,B 일반식(전부 추정),일반식(도면 없음),추정,도면 미수령. 층고 3.5m·창중심 바닥+1.2m·남향계열 외벽 전체를 5m 등간격 으로 분할 — 층고·창높이·수평배치가 **전부 가정값**이다. 도면을 받으면 위치와 높이가 모두 바뀐다
여의도여자고등학교 ②(5층) 3층-12,여의도여자고등학교,40-2,교사동 창면,여의도여자고등학교 ②(5층),3,194295.023,547044.139,8.2,B 일반식(전부 추정),일반식(도면 없음),추정,도면 미수령. 층고 3.5m·창중심 바닥+1.2m·남향계열 외벽 전체를 5m 등간격 으로 분할 — 층고·창높이·수평배치가 **전부 가정값**이다. 도면을 받으면 위치와 높이가 모두 바뀐다
여의도여자고등학교 ②(5층) 4층-12,여의도여자고등학교,40-2,교사동 창면,여의도여자고등학교 ②(5층),4,194295.023,547044.139,11.7,B 일반식(전부 추정),일반식(도면 없음),추정,도면 미수령. 층고 3.5m·창중심 바닥+1.2m·남향계열 외벽 전체를 5m 등간격 으로 분할 — 층고·창높이·수평배치가 **전부 가정값**이다. 도면을 받으면 위치와 높이가 모두 바뀐다
여의도여자고등학교 ②(5층) 5층-12,여의도여자고등학교,40-2,교사동 창면,여의도여자고등학교 ②(5층),5,194295.023,547044.139,15.2,B 일반식(전부 추정),일반식(도면 없음),추정,도면 미수령. 층고 3.5m·창중심 바닥+1.2m·남향계열 외벽 전체를 5m 등간격 으로 분할 — 층고·창높이·수평배치가 **전부 가정값**이다. 도면을 받으면 위치와 높이가 모두 바뀐다
여의도여자고등학교 ②(5층) 1층-13,여의도여자고등학교,40-2,교사동 창면,여의도여자고등학교 ②(5층),1,194291.96,547057.711,1.2,B 일반식(전부 추정),일반식(도면 없음),추정,도면 미수령. 층고 3.5m·창중심 바닥+1.2m·남향계열 외벽 전체를 5m 등간격 으로 분할 — 층고·창높이·수평배치가 **전부 가정값**이다. 도면을 받으면 위치와 높이가 모두 바뀐다
여의도여자고등학교 ②(5층) 2층-13,여의도여자고등학교,40-2,교사동 창면,여의도여자고등학교 ②(5층),2,194291.96,547057.711,4.7,B 일반식(전부 추정),일반식(도면 없음),추정,도면 미수령. 층고 3.5m·창중심 바닥+1.2m·남향계열 외벽 전체를 5m 등간격 으로 분할 — 층고·창높이·수평배치가 **전부 가정값**이다. 도면을 받으면 위치와 높이가 모두 바뀐다
여의도여자고등학교 ②(5층) 3층-13,여의도여자고등학교,40-2,교사동 창면,여의도여자고등학교 ②(5층),3,194291.96,547057.711,8.2,B 일반식(전부 추정),일반식(도면 없음),추정,도면 미수령. 층고 3.5m·창중심 바닥+1.2m·남향계열 외벽 전체를 5m 등간격 으로 분할 — 층고·창높이·수평배치가 **전부 가정값**이다. 도면을 받으면 위치와 높이가 모두 바뀐다
여의도여자고등학교 ②(5층) 4층-13,여의도여자고등학교,40-2,교사동 창면,여의도여자고등학교 ②(5층),4,194291.96,547057.711,11.7,B 일반식(전부 추정),일반식(도면 없음),추정,도면 미수령. 층고 3.5m·창중심 바닥+1.2m·남향계열 외벽 전체를 5m 등간격 으로 분할 — 층고·창높이·수평배치가 **전부 가정값**이다. 도면을 받으면 위치와 높이가 모두 바뀐다
여의도여자고등학교 ②(5층) 5층-13,여의도여자고등학교,40-2,교사동 창면,여의도여자고등학교 ②(5층),5,194291.96,547057.711,15.2,B 일반식(전부 추정),일반식(도면 없음),추정,도면 미수령. 층고 3.5m·창중심 바닥+1.2m·남향계열 외벽 전체를 5m 등간격 으로 분할 — 층고·창높이·수평배치가 **전부 가정값**이다. 도면을 받으면 위치와 높이가 모두 바뀐다
여의도여자고등학교 운동장-1,여의도여자고등학교,40-2,운동장 지반,여의도여자고등학교 운동장,0,194286.417,547010.449,0.0,A− 도면기준(대응·제원 추론 포함),배치도 경계(래스터 계측) + 분석지점도 격자,도면,"격자 수·방위는 옥외체육장 분석지점도대로(칸마다 1점), **경계는 학교 위치 배치도에서 계측**했다. 배치도는 운동장을 해치로 칠하므로 AL_D010 건물 선화에 맞춰 축척·평행이동을 역산(1.270 m/화소)한 뒤 해치영역을 실좌표로 읽었다. 위치는 도면대로지만 **래스터 계측 오차 ±3m** 가 남는다"
여의도여자고등학교 운동장-2,여의도여자고등학교,40-2,운동장 지반,여의도여자고등학교 운동장,0,194280.809,547017.626,0.0,A− 도면기준(대응·제원 추론 포함),배치도 경계(래스터 계측) + 분석지점도 격자,도면,"격자 수·방위는 옥외체육장 분석지점도대로(칸마다 1점), **경계는 학교 위치 배치도에서 계측**했다. 배치도는 운동장을 해치로 칠하므로 AL_D010 건물 선화에 맞춰 축척·평행이동을 역산(1.270 m/화소)한 뒤 해치영역을 실좌표로 읽었다. 위치는 도면대로지만 **래스터 계측 오차 ±3m** 가 남는다"
여의도여자고등학교 운동장-3,여의도여자고등학교,40-2,운동장 지반,여의도여자고등학교 운동장,0,194275.202,547024.803,0.0,A− 도면기준(대응·제원 추론 포함),배치도 경계(래스터 계측) + 분석지점도 격자,도면,"격자 수·방위는 옥외체육장 분석지점도대로(칸마다 1점), **경계는 학교 위치 배치도에서 계측**했다. 배치도는 운동장을 해치로 칠하므로 AL_D010 건물 선화에 맞춰 축척·평행이동을 역산(1.270 m/화소)한 뒤 해치영역을 실좌표로 읽었다. 위치는 도면대로지만 **래스터 계측 오차 ±3m** 가 남는다"
여의도여자고등학교 운동장-4,여의도여자고등학교,40-2,운동장 지반,여의도여자고등학교 운동장,0,194269.595,547031.98,0.0,A− 도면기준(대응·제원 추론 포함),배치도 경계(래스터 계측) + 분석지점도 격자,도면,"격자 수·방위는 옥외체육장 분석지점도대로(칸마다 1점), **경계는 학교 위치 배치도에서 계측**했다. 배치도는 운동장을 해치로 칠하므로 AL_D010 건물 선화에 맞춰 축척·평행이동을 역산(1.270 m/화소)한 뒤 해치영역을 실좌표로 읽었다. 위치는 도면대로지만 **래스터 계측 오차 ±3m** 가 남는다"
여의도여자고등학교 운동장-5,여의도여자고등학교,40-2,운동장 지반,여의도여자고등학교 운동장,0,194263.988,547039.156,0.0,A− 도면기준(대응·제원 추론 포함),배치도 경계(래스터 계측) + 분석지점도 격자,도면,"격자 수·방위는 옥외체육장 분석지점도대로(칸마다 1점), **경계는 학교 위치 배치도에서 계측**했다. 배치도는 운동장을 해치로 칠하므로 AL_D010 건물 선화에 맞춰 축척·평행이동을 역산(1.270 m/화소)한 뒤 해치영역을 실좌표로 읽었다. 위치는 도면대로지만 **래스터 계측 오차 ±3m** 가 남는다"
여의도여자고등학교 운동장-6,여의도여자고등학교,40-2,운동장 지반,여의도여자고등학교 운동장,0,194258.381,547046.333,0.0,A− 도면기준(대응·제원 추론 포함),배치도 경계(래스터 계측) + 분석지점도 격자,도면,"격자 수·방위는 옥외체육장 분석지점도대로(칸마다 1점), **경계는 학교 위치 배치도에서 계측**했다. 배치도는 운동장을 해치로 칠하므로 AL_D010 건물 선화에 맞춰 축척·평행이동을 역산(1.270 m/화소)한 뒤 해치영역을 실좌표로 읽었다. 위치는 도면대로지만 **래스터 계측 오차 ±3m** 가 남는다"
여의도여자고등학교 운동장-7,여의도여자고등학교,40-2,운동장 지반,여의도여자고등학교 운동장,0,194278.634,547004.369,0.0,A− 도면기준(대응·제원 추론 포함),배치도 경계(래스터 계측) + 분석지점도 격자,도면,"격자 수·방위는 옥외체육장 분석지점도대로(칸마다 1점), **경계는 학교 위치 배치도에서 계측**했다. 배치도는 운동장을 해치로 칠하므로 AL_D010 건물 선화에 맞춰 축척·평행이동을 역산(1.270 m/화소)한 뒤 해치영역을 실좌표로 읽었다. 위치는 도면대로지만 **래스터 계측 오차 ±3m** 가 남는다"
여의도여자고등학교 운동장-8,여의도여자고등학교,40-2,운동장 지반,여의도여자고등학교 운동장,0,194273.027,547011.546,0.0,A− 도면기준(대응·제원 추론 포함),배치도 경계(래스터 계측) + 분석지점도 격자,도면,"격자 수·방위는 옥외체육장 분석지점도대로(칸마다 1점), **경계는 학교 위치 배치도에서 계측**했다. 배치도는 운동장을 해치로 칠하므로 AL_D010 건물 선화에 맞춰 축척·평행이동을 역산(1.270 m/화소)한 뒤 해치영역을 실좌표로 읽었다. 위치는 도면대로지만 **래스터 계측 오차 ±3m** 가 남는다"
여의도여자고등학교 운동장-9,여의도여자고등학교,40-2,운동장 지반,여의도여자고등학교 운동장,0,194267.42,547018.722,0.0,A− 도면기준(대응·제원 추론 포함),배치도 경계(래스터 계측) + 분석지점도 격자,도면,"격자 수·방위는 옥외체육장 분석지점도대로(칸마다 1점), **경계는 학교 위치 배치도에서 계측**했다. 배치도는 운동장을 해치로 칠하므로 AL_D010 건물 선화에 맞춰 축척·평행이동을 역산(1.270 m/화소)한 뒤 해치영역을 실좌표로 읽었다. 위치는 도면대로지만 **래스터 계측 오차 ±3m** 가 남는다"
여의도여자고등학교 운동장-10,여의도여자고등학교,40-2,운동장 지반,여의도여자고등학교 운동장,0,194261.813,547025.899,0.0,A− 도면기준(대응·제원 추론 포함),배치도 경계(래스터 계측) + 분석지점도 격자,도면,"격자 수·방위는 옥외체육장 분석지점도대로(칸마다 1점), **경계는 학교 위치 배치도에서 계측**했다. 배치도는 운동장을 해치로 칠하므로 AL_D010 건물 선화에 맞춰 축척·평행이동을 역산(1.270 m/화소)한 뒤 해치영역을 실좌표로 읽었다. 위치는 도면대로지만 **래스터 계측 오차 ±3m** 가 남는다"
여의도여자고등학교 운동장-11,여의도여자고등학교,40-2,운동장 지반,여의도여자고등학교 운동장,0,194256.206,547033.076,0.0,A− 도면기준(대응·제원 추론 포함),배치도 경계(래스터 계측) + 분석지점도 격자,도면,"격자 수·방위는 옥외체육장 분석지점도대로(칸마다 1점), **경계는 학교 위치 배치도에서 계측**했다. 배치도는 운동장을 해치로 칠하므로 AL_D010 건물 선화에 맞춰 축척·평행이동을 역산(1.270 m/화소)한 뒤 해치영역을 실좌표로 읽었다. 위치는 도면대로지만 **래스터 계측 오차 ±3m** 가 남는다"
여의도여자고등학교 운동장-12,여의도여자고등학교,40-2,운동장 지반,여의도여자고등학교 운동장,0,194250.598,547040.253,0.0,A− 도면기준(대응·제원 추론 포함),배치도 경계(래스터 계측) + 분석지점도 격자,도면,"격자 수·방위는 옥외체육장 분석지점도대로(칸마다 1점), **경계는 학교 위치 배치도에서 계측**했다. 배치도는 운동장을 해치로 칠하므로 AL_D010 건물 선화에 맞춰 축척·평행이동을 역산(1.270 m/화소)한 뒤 해치영역을 실좌표로 읽었다. 위치는 도면대로지만 **래스터 계측 오차 ±3m** 가 남는다"
여의도여자고등학교 운동장-13,여의도여자고등학교,40-2,운동장 지반,여의도여자고등학교 운동장,0,194270.852,546998.289,0.0,A− 도면기준(대응·제원 추론 포함),배치도 경계(래스터 계측) + 분석지점도 격자,도면,"격자 수·방위는 옥외체육장 분석지점도대로(칸마다 1점), **경계는 학교 위치 배치도에서 계측**했다. 배치도는 운동장을 해치로 칠하므로 AL_D010 건물 선화에 맞춰 축척·평행이동을 역산(1.270 m/화소)한 뒤 해치영역을 실좌표로 읽었다. 위치는 도면대로지만 **래스터 계측 오차 ±3m** 가 남는다"
여의도여자고등학교 운동장-14,여의도여자고등학교,40-2,운동장 지반,여의도여자고등학교 운동장,0,194265.244,547005.465,0.0,A− 도면기준(대응·제원 추론 포함),배치도 경계(래스터 계측) + 분석지점도 격자,도면,"격자 수·방위는 옥외체육장 분석지점도대로(칸마다 1점), **경계는 학교 위치 배치도에서 계측**했다. 배치도는 운동장을 해치로 칠하므로 AL_D010 건물 선화에 맞춰 축척·평행이동을 역산(1.270 m/화소)한 뒤 해치영역을 실좌표로 읽었다. 위치는 도면대로지만 **래스터 계측 오차 ±3m** 가 남는다"
여의도여자고등학교 운동장-15,여의도여자고등학교,40-2,운동장 지반,여의도여자고등학교 운동장,0,194259.637,547012.642,0.0,A− 도면기준(대응·제원 추론 포함),배치도 경계(래스터 계측) + 분석지점도 격자,도면,"격자 수·방위는 옥외체육장 분석지점도대로(칸마다 1점), **경계는 학교 위치 배치도에서 계측**했다. 배치도는 운동장을 해치로 칠하므로 AL_D010 건물 선화에 맞춰 축척·평행이동을 역산(1.270 m/화소)한 뒤 해치영역을 실좌표로 읽었다. 위치는 도면대로지만 **래스터 계측 오차 ±3m** 가 남는다"
여의도여자고등학교 운동장-16,여의도여자고등학교,40-2,운동장 지반,여의도여자고등학교 운동장,0,194254.03,547019.819,0.0,A− 도면기준(대응·제원 추론 포함),배치도 경계(래스터 계측) + 분석지점도 격자,도면,"격자 수·방위는 옥외체육장 분석지점도대로(칸마다 1점), **경계는 학교 위치 배치도에서 계측**했다. 배치도는 운동장을 해치로 칠하므로 AL_D010 건물 선화에 맞춰 축척·평행이동을 역산(1.270 m/화소)한 뒤 해치영역을 실좌표로 읽었다. 위치는 도면대로지만 **래스터 계측 오차 ±3m** 가 남는다"
여의도여자고등학교 운동장-17,여의도여자고등학교,40-2,운동장 지반,여의도여자고등학교 운동장,0,194248.423,547026.996,0.0,A− 도면기준(대응·제원 추론 포함),배치도 경계(래스터 계측) + 분석지점도 격자,도면,"격자 수·방위는 옥외체육장 분석지점도대로(칸마다 1점), **경계는 학교 위치 배치도에서 계측**했다. 배치도는 운동장을 해치로 칠하므로 AL_D010 건물 선화에 맞춰 축척·평행이동을 역산(1.270 m/화소)한 뒤 해치영역을 실좌표로 읽었다. 위치는 도면대로지만 **래스터 계측 오차 ±3m** 가 남는다"
여의도여자고등학교 운동장-18,여의도여자고등학교,40-2,운동장 지반,여의도여자고등학교 운동장,0,194242.816,547034.172,0.0,A− 도면기준(대응·제원 추론 포함),배치도 경계(래스터 계측) + 분석지점도 격자,도면,"격자 수·방위는 옥외체육장 분석지점도대로(칸마다 1점), **경계는 학교 위치 배치도에서 계측**했다. 배치도는 운동장을 해치로 칠하므로 AL_D010 건물 선화에 맞춰 축척·평행이동을 역산(1.270 m/화소)한 뒤 해치영역을 실좌표로 읽었다. 위치는 도면대로지만 **래스터 계측 오차 ±3m** 가 남는다"
여의도여자고등학교 운동장-19,여의도여자고등학교,40-2,운동장 지반,여의도여자고등학교 운동장,0,194263.069,546992.208,0.0,A− 도면기준(대응·제원 추론 포함),배치도 경계(래스터 계측) + 분석지점도 격자,도면,"격자 수·방위는 옥외체육장 분석지점도대로(칸마다 1점), **경계는 학교 위치 배치도에서 계측**했다. 배치도는 운동장을 해치로 칠하므로 AL_D010 건물 선화에 맞춰 축척·평행이동을 역산(1.270 m/화소)한 뒤 해치영역을 실좌표로 읽었다. 위치는 도면대로지만 **래스터 계측 오차 ±3m** 가 남는다"
여의도여자고등학교 운동장-20,여의도여자고등학교,40-2,운동장 지반,여의도여자고등학교 운동장,0,194257.462,546999.385,0.0,A− 도면기준(대응·제원 추론 포함),배치도 경계(래스터 계측) + 분석지점도 격자,도면,"격자 수·방위는 옥외체육장 분석지점도대로(칸마다 1점), **경계는 학교 위치 배치도에서 계측**했다. 배치도는 운동장을 해치로 칠하므로 AL_D010 건물 선화에 맞춰 축척·평행이동을 역산(1.270 m/화소)한 뒤 해치영역을 실좌표로 읽었다. 위치는 도면대로지만 **래스터 계측 오차 ±3m** 가 남는다"
여의도여자고등학교 운동장-21,여의도여자고등학교,40-2,운동장 지반,여의도여자고등학교 운동장,0,194251.855,547006.562,0.0,A− 도면기준(대응·제원 추론 포함),배치도 경계(래스터 계측) + 분석지점도 격자,도면,"격자 수·방위는 옥외체육장 분석지점도대로(칸마다 1점), **경계는 학교 위치 배치도에서 계측**했다. 배치도는 운동장을 해치로 칠하므로 AL_D010 건물 선화에 맞춰 축척·평행이동을 역산(1.270 m/화소)한 뒤 해치영역을 실좌표로 읽었다. 위치는 도면대로지만 **래스터 계측 오차 ±3m** 가 남는다"
여의도여자고등학교 운동장-22,여의도여자고등학교,40-2,운동장 지반,여의도여자고등학교 운동장,0,194246.248,547013.739,0.0,A− 도면기준(대응·제원 추론 포함),배치도 경계(래스터 계측) + 분석지점도 격자,도면,"격자 수·방위는 옥외체육장 분석지점도대로(칸마다 1점), **경계는 학교 위치 배치도에서 계측**했다. 배치도는 운동장을 해치로 칠하므로 AL_D010 건물 선화에 맞춰 축척·평행이동을 역산(1.270 m/화소)한 뒤 해치영역을 실좌표로 읽었다. 위치는 도면대로지만 **래스터 계측 오차 ±3m** 가 남는다"
여의도여자고등학교 운동장-23,여의도여자고등학교,40-2,운동장 지반,여의도여자고등학교 운동장,0,194240.641,547020.915,0.0,A− 도면기준(대응·제원 추론 포함),배치도 경계(래스터 계측) + 분석지점도 격자,도면,"격자 수·방위는 옥외체육장 분석지점도대로(칸마다 1점), **경계는 학교 위치 배치도에서 계측**했다. 배치도는 운동장을 해치로 칠하므로 AL_D010 건물 선화에 맞춰 축척·평행이동을 역산(1.270 m/화소)한 뒤 해치영역을 실좌표로 읽었다. 위치는 도면대로지만 **래스터 계측 오차 ±3m** 가 남는다"
여의도여자고등학교 운동장-24,여의도여자고등학교,40-2,운동장 지반,여의도여자고등학교 운동장,0,194235.033,547028.092,0.0,A− 도면기준(대응·제원 추론 포함),배치도 경계(래스터 계측) + 분석지점도 격자,도면,"격자 수·방위는 옥외체육장 분석지점도대로(칸마다 1점), **경계는 학교 위치 배치도에서 계측**했다. 배치도는 운동장을 해치로 칠하므로 AL_D010 건물 선화에 맞춰 축척·평행이동을 역산(1.270 m/화소)한 뒤 해치영역을 실좌표로 읽었다. 위치는 도면대로지만 **래스터 계측 오차 ±3m** 가 남는다"
여의도여자고등학교 운동장-25,여의도여자고등학교,40-2,운동장 지반,여의도여자고등학교 운동장,0,194255.287,546986.128,0.0,A− 도면기준(대응·제원 추론 포함),배치도 경계(래스터 계측) + 분석지점도 격자,도면,"격자 수·방위는 옥외체육장 분석지점도대로(칸마다 1점), **경계는 학교 위치 배치도에서 계측**했다. 배치도는 운동장을 해치로 칠하므로 AL_D010 건물 선화에 맞춰 축척·평행이동을 역산(1.270 m/화소)한 뒤 해치영역을 실좌표로 읽었다. 위치는 도면대로지만 **래스터 계측 오차 ±3m** 가 남는다"
여의도여자고등학교 운동장-26,여의도여자고등학교,40-2,운동장 지반,여의도여자고등학교 운동장,0,194249.679,546993.305,0.0,A− 도면기준(대응·제원 추론 포함),배치도 경계(래스터 계측) + 분석지점도 격자,도면,"격자 수·방위는 옥외체육장 분석지점도대로(칸마다 1점), **경계는 학교 위치 배치도에서 계측**했다. 배치도는 운동장을 해치로 칠하므로 AL_D010 건물 선화에 맞춰 축척·평행이동을 역산(1.270 m/화소)한 뒤 해치영역을 실좌표로 읽었다. 위치는 도면대로지만 **래스터 계측 오차 ±3m** 가 남는다"
여의도여자고등학교 운동장-27,여의도여자고등학교,40-2,운동장 지반,여의도여자고등학교 운동장,0,194244.072,547000.481,0.0,A− 도면기준(대응·제원 추론 포함),배치도 경계(래스터 계측) + 분석지점도 격자,도면,"격자 수·방위는 옥외체육장 분석지점도대로(칸마다 1점), **경계는 학교 위치 배치도에서 계측**했다. 배치도는 운동장을 해치로 칠하므로 AL_D010 건물 선화에 맞춰 축척·평행이동을 역산(1.270 m/화소)한 뒤 해치영역을 실좌표로 읽었다. 위치는 도면대로지만 **래스터 계측 오차 ±3m** 가 남는다"
여의도여자고등학교 운동장-28,여의도여자고등학교,40-2,운동장 지반,여의도여자고등학교 운동장,0,194238.465,547007.658,0.0,A− 도면기준(대응·제원 추론 포함),배치도 경계(래스터 계측) + 분석지점도 격자,도면,"격자 수·방위는 옥외체육장 분석지점도대로(칸마다 1점), **경계는 학교 위치 배치도에서 계측**했다. 배치도는 운동장을 해치로 칠하므로 AL_D010 건물 선화에 맞춰 축척·평행이동을 역산(1.270 m/화소)한 뒤 해치영역을 실좌표로 읽었다. 위치는 도면대로지만 **래스터 계측 오차 ±3m** 가 남는다"
여의도여자고등학교 운동장-29,여의도여자고등학교,40-2,운동장 지반,여의도여자고등학교 운동장,0,194232.858,547014.835,0.0,A− 도면기준(대응·제원 추론 포함),배치도 경계(래스터 계측) + 분석지점도 격자,도면,"격자 수·방위는 옥외체육장 분석지점도대로(칸마다 1점), **경계는 학교 위치 배치도에서 계측**했다. 배치도는 운동장을 해치로 칠하므로 AL_D010 건물 선화에 맞춰 축척·평행이동을 역산(1.270 m/화소)한 뒤 해치영역을 실좌표로 읽었다. 위치는 도면대로지만 **래스터 계측 오차 ±3m** 가 남는다"
여의도여자고등학교 운동장-30,여의도여자고등학교,40-2,운동장 지반,여의도여자고등학교 운동장,0,194227.251,547022.012,0.0,A− 도면기준(대응·제원 추론 포함),배치도 경계(래스터 계측) + 분석지점도 격자,도면,"격자 수·방위는 옥외체육장 분석지점도대로(칸마다 1점), **경계는 학교 위치 배치도에서 계측**했다. 배치도는 운동장을 해치로 칠하므로 AL_D010 건물 선화에 맞춰 축척·평행이동을 역산(1.270 m/화소)한 뒤 해치영역을 실좌표로 읽었다. 위치는 도면대로지만 **래스터 계측 오차 ±3m** 가 남는다"
여의도여자고등학교 운동장-31,여의도여자고등학교,40-2,운동장 지반,여의도여자고등학교 운동장,0,194247.504,546980.048,0.0,A− 도면기준(대응·제원 추론 포함),배치도 경계(래스터 계측) + 분석지점도 격자,도면,"격자 수·방위는 옥외체육장 분석지점도대로(칸마다 1점), **경계는 학교 위치 배치도에서 계측**했다. 배치도는 운동장을 해치로 칠하므로 AL_D010 건물 선화에 맞춰 축척·평행이동을 역산(1.270 m/화소)한 뒤 해치영역을 실좌표로 읽었다. 위치는 도면대로지만 **래스터 계측 오차 ±3m** 가 남는다"
여의도여자고등학교 운동장-32,여의도여자고등학교,40-2,운동장 지반,여의도여자고등학교 운동장,0,194241.897,546987.224,0.0,A− 도면기준(대응·제원 추론 포함),배치도 경계(래스터 계측) + 분석지점도 격자,도면,"격자 수·방위는 옥외체육장 분석지점도대로(칸마다 1점), **경계는 학교 위치 배치도에서 계측**했다. 배치도는 운동장을 해치로 칠하므로 AL_D010 건물 선화에 맞춰 축척·평행이동을 역산(1.270 m/화소)한 뒤 해치영역을 실좌표로 읽었다. 위치는 도면대로지만 **래스터 계측 오차 ±3m** 가 남는다"
여의도여자고등학교 운동장-33,여의도여자고등학교,40-2,운동장 지반,여의도여자고등학교 운동장,0,194236.29,546994.401,0.0,A− 도면기준(대응·제원 추론 포함),배치도 경계(래스터 계측) + 분석지점도 격자,도면,"격자 수·방위는 옥외체육장 분석지점도대로(칸마다 1점), **경계는 학교 위치 배치도에서 계측**했다. 배치도는 운동장을 해치로 칠하므로 AL_D010 건물 선화에 맞춰 축척·평행이동을 역산(1.270 m/화소)한 뒤 해치영역을 실좌표로 읽었다. 위치는 도면대로지만 **래스터 계측 오차 ±3m** 가 남는다"
여의도여자고등학교 운동장-34,여의도여자고등학교,40-2,운동장 지반,여의도여자고등학교 운동장,0,194230.683,547001.578,0.0,A− 도면기준(대응·제원 추론 포함),배치도 경계(래스터 계측) + 분석지점도 격자,도면,"격자 수·방위는 옥외체육장 분석지점도대로(칸마다 1점), **경계는 학교 위치 배치도에서 계측**했다. 배치도는 운동장을 해치로 칠하므로 AL_D010 건물 선화에 맞춰 축척·평행이동을 역산(1.270 m/화소)한 뒤 해치영역을 실좌표로 읽었다. 위치는 도면대로지만 **래스터 계측 오차 ±3m** 가 남는다"
여의도여자고등학교 운동장-35,여의도여자고등학교,40-2,운동장 지반,여의도여자고등학교 운동장,0,194225.076,547008.755,0.0,A− 도면기준(대응·제원 추론 포함),배치도 경계(래스터 계측) + 분석지점도 격자,도면,"격자 수·방위는 옥외체육장 분석지점도대로(칸마다 1점), **경계는 학교 위치 배치도에서 계측**했다. 배치도는 운동장을 해치로 칠하므로 AL_D010 건물 선화에 맞춰 축척·평행이동을 역산(1.270 m/화소)한 뒤 해치영역을 실좌표로 읽었다. 위치는 도면대로지만 **래스터 계측 오차 ±3m** 가 남는다"
여의도여자고등학교 운동장-36,여의도여자고등학교,40-2,운동장 지반,여의도여자고등학교 운동장,0,194219.468,547015.931,0.0,A− 도면기준(대응·제원 추론 포함),배치도 경계(래스터 계측) + 분석지점도 격자,도면,"격자 수·방위는 옥외체육장 분석지점도대로(칸마다 1점), **경계는 학교 위치 배치도에서 계측**했다. 배치도는 운동장을 해치로 칠하므로 AL_D010 건물 선화에 맞춰 축척·평행이동을 역산(1.270 m/화소)한 뒤 해치영역을 실좌표로 읽었다. 위치는 도면대로지만 **래스터 계측 오차 ±3m** 가 남는다"
여의도여자고등학교 운동장-37,여의도여자고등학교,40-2,운동장 지반,여의도여자고등학교 운동장,0,194239.722,546973.967,0.0,A− 도면기준(대응·제원 추론 포함),배치도 경계(래스터 계측) + 분석지점도 격자,도면,"격자 수·방위는 옥외체육장 분석지점도대로(칸마다 1점), **경계는 학교 위치 배치도에서 계측**했다. 배치도는 운동장을 해치로 칠하므로 AL_D010 건물 선화에 맞춰 축척·평행이동을 역산(1.270 m/화소)한 뒤 해치영역을 실좌표로 읽었다. 위치는 도면대로지만 **래스터 계측 오차 ±3m** 가 남는다"
여의도여자고등학교 운동장-38,여의도여자고등학교,40-2,운동장 지반,여의도여자고등학교 운동장,0,194234.114,546981.144,0.0,A− 도면기준(대응·제원 추론 포함),배치도 경계(래스터 계측) + 분석지점도 격자,도면,"격자 수·방위는 옥외체육장 분석지점도대로(칸마다 1점), **경계는 학교 위치 배치도에서 계측**했다. 배치도는 운동장을 해치로 칠하므로 AL_D010 건물 선화에 맞춰 축척·평행이동을 역산(1.270 m/화소)한 뒤 해치영역을 실좌표로 읽었다. 위치는 도면대로지만 **래스터 계측 오차 ±3m** 가 남는다"
여의도여자고등학교 운동장-39,여의도여자고등학교,40-2,운동장 지반,여의도여자고등학교 운동장,0,194228.507,546988.321,0.0,A− 도면기준(대응·제원 추론 포함),배치도 경계(래스터 계측) + 분석지점도 격자,도면,"격자 수·방위는 옥외체육장 분석지점도대로(칸마다 1점), **경계는 학교 위치 배치도에서 계측**했다. 배치도는 운동장을 해치로 칠하므로 AL_D010 건물 선화에 맞춰 축척·평행이동을 역산(1.270 m/화소)한 뒤 해치영역을 실좌표로 읽었다. 위치는 도면대로지만 **래스터 계측 오차 ±3m** 가 남는다"
여의도여자고등학교 운동장-40,여의도여자고등학교,40-2,운동장 지반,여의도여자고등학교 운동장,0,194222.9,546995.498,0.0,A− 도면기준(대응·제원 추론 포함),배치도 경계(래스터 계측) + 분석지점도 격자,도면,"격자 수·방위는 옥외체육장 분석지점도대로(칸마다 1점), **경계는 학교 위치 배치도에서 계측**했다. 배치도는 운동장을 해치로 칠하므로 AL_D010 건물 선화에 맞춰 축척·평행이동을 역산(1.270 m/화소)한 뒤 해치영역을 실좌표로 읽었다. 위치는 도면대로지만 **래스터 계측 오차 ±3m** 가 남는다"
여의도여자고등학교 운동장-41,여의도여자고등학교,40-2,운동장 지반,여의도여자고등학교 운동장,0,194217.293,547002.674,0.0,A− 도면기준(대응·제원 추론 포함),배치도 경계(래스터 계측) + 분석지점도 격자,도면,"격자 수·방위는 옥외체육장 분석지점도대로(칸마다 1점), **경계는 학교 위치 배치도에서 계측**했다. 배치도는 운동장을 해치로 칠하므로 AL_D010 건물 선화에 맞춰 축척·평행이동을 역산(1.270 m/화소)한 뒤 해치영역을 실좌표로 읽었다. 위치는 도면대로지만 **래스터 계측 오차 ±3m** 가 남는다"
여의도여자고등학교 운동장-42,여의도여자고등학교,40-2,운동장 지반,여의도여자고등학교 운동장,0,194211.686,547009.851,0.0,A− 도면기준(대응·제원 추론 포함),배치도 경계(래스터 계측) + 분석지점도 격자,도면,"격자 수·방위는 옥외체육장 분석지점도대로(칸마다 1점), **경계는 학교 위치 배치도에서 계측**했다. 배치도는 운동장을 해치로 칠하므로 AL_D010 건물 선화에 맞춰 축척·평행이동을 역산(1.270 m/화소)한 뒤 해치영역을 실좌표로 읽었다. 위치는 도면대로지만 **래스터 계측 오차 ±3m** 가 남는다"
여의도여자고등학교 운동장-43,여의도여자고등학교,40-2,운동장 지반,여의도여자고등학교 운동장,0,194231.939,546967.887,0.0,A− 도면기준(대응·제원 추론 포함),배치도 경계(래스터 계측) + 분석지점도 격자,도면,"격자 수·방위는 옥외체육장 분석지점도대로(칸마다 1점), **경계는 학교 위치 배치도에서 계측**했다. 배치도는 운동장을 해치로 칠하므로 AL_D010 건물 선화에 맞춰 축척·평행이동을 역산(1.270 m/화소)한 뒤 해치영역을 실좌표로 읽었다. 위치는 도면대로지만 **래스터 계측 오차 ±3m** 가 남는다"
여의도여자고등학교 운동장-44,여의도여자고등학교,40-2,운동장 지반,여의도여자고등학교 운동장,0,194226.332,546975.064,0.0,A− 도면기준(대응·제원 추론 포함),배치도 경계(래스터 계측) + 분석지점도 격자,도면,"격자 수·방위는 옥외체육장 분석지점도대로(칸마다 1점), **경계는 학교 위치 배치도에서 계측**했다. 배치도는 운동장을 해치로 칠하므로 AL_D010 건물 선화에 맞춰 축척·평행이동을 역산(1.270 m/화소)한 뒤 해치영역을 실좌표로 읽었다. 위치는 도면대로지만 **래스터 계측 오차 ±3m** 가 남는다"
여의도여자고등학교 운동장-45,여의도여자고등학교,40-2,운동장 지반,여의도여자고등학교 운동장,0,194220.725,546982.24,0.0,A− 도면기준(대응·제원 추론 포함),배치도 경계(래스터 계측) + 분석지점도 격자,도면,"격자 수·방위는 옥외체육장 분석지점도대로(칸마다 1점), **경계는 학교 위치 배치도에서 계측**했다. 배치도는 운동장을 해치로 칠하므로 AL_D010 건물 선화에 맞춰 축척·평행이동을 역산(1.270 m/화소)한 뒤 해치영역을 실좌표로 읽었다. 위치는 도면대로지만 **래스터 계측 오차 ±3m** 가 남는다"
여의도여자고등학교 운동장-46,여의도여자고등학교,40-2,운동장 지반,여의도여자고등학교 운동장,0,194215.118,546989.417,0.0,A− 도면기준(대응·제원 추론 포함),배치도 경계(래스터 계측) + 분석지점도 격자,도면,"격자 수·방위는 옥외체육장 분석지점도대로(칸마다 1점), **경계는 학교 위치 배치도에서 계측**했다. 배치도는 운동장을 해치로 칠하므로 AL_D010 건물 선화에 맞춰 축척·평행이동을 역산(1.270 m/화소)한 뒤 해치영역을 실좌표로 읽었다. 위치는 도면대로지만 **래스터 계측 오차 ±3m** 가 남는다"
여의도여자고등학교 운동장-47,여의도여자고등학교,40-2,운동장 지반,여의도여자고등학교 운동장,0,194209.511,546996.594,0.0,A− 도면기준(대응·제원 추론 포함),배치도 경계(래스터 계측) + 분석지점도 격자,도면,"격자 수·방위는 옥외체육장 분석지점도대로(칸마다 1점), **경계는 학교 위치 배치도에서 계측**했다. 배치도는 운동장을 해치로 칠하므로 AL_D010 건물 선화에 맞춰 축척·평행이동을 역산(1.270 m/화소)한 뒤 해치영역을 실좌표로 읽었다. 위치는 도면대로지만 **래스터 계측 오차 ±3m** 가 남는다"
여의도여자고등학교 운동장-48,여의도여자고등학교,40-2,운동장 지반,여의도여자고등학교 운동장,0,194203.903,547003.771,0.0,A− 도면기준(대응·제원 추론 포함),배치도 경계(래스터 계측) + 분석지점도 격자,도면,"격자 수·방위는 옥외체육장 분석지점도대로(칸마다 1점), **경계는 학교 위치 배치도에서 계측**했다. 배치도는 운동장을 해치로 칠하므로 AL_D010 건물 선화에 맞춰 축척·평행이동을 역산(1.270 m/화소)한 뒤 해치영역을 실좌표로 읽었다. 위치는 도면대로지만 **래스터 계측 오차 ±3m** 가 남는다"
본관(4층) 1층-1,여의도초등학교,40-3,교사동 창면,본관(4층),1,194385.357,546987.462,2.1,A 도면기준,본관 정면도,도면,층고 3.6m·창 0.9~3.3m 는 정면도 실측. 수평 배치는 교실모듈 9m·창 2개소 표준값 가정(정면도가 연속 리본창이라 창 개소를 셀 수 없음)
본관(4층) 2층-1,여의도초등학교,40-3,교사동 창면,본관(4층),2,194385.357,546987.462,5.7,A 도면기준,본관 정면도,도면,층고 3.6m·창 0.9~3.3m 는 정면도 실측. 수평 배치는 교실모듈 9m·창 2개소 표준값 가정(정면도가 연속 리본창이라 창 개소를 셀 수 없음)
본관(4층) 3층-1,여의도초등학교,40-3,교사동 창면,본관(4층),3,194385.357,546987.462,9.3,A 도면기준,본관 정면도,도면,층고 3.6m·창 0.9~3.3m 는 정면도 실측. 수평 배치는 교실모듈 9m·창 2개소 표준값 가정(정면도가 연속 리본창이라 창 개소를 셀 수 없음)
본관(4층) 4층-1,여의도초등학교,40-3,교사동 창면,본관(4층),4,194385.357,546987.462,12.9,A 도면기준,본관 정면도,도면,층고 3.6m·창 0.9~3.3m 는 정면도 실측. 수평 배치는 교실모듈 9m·창 2개소 표준값 가정(정면도가 연속 리본창이라 창 개소를 셀 수 없음)
본관(4층) 1층-2,여의도초등학교,40-3,교사동 창면,본관(4층),1,194388.194,546989.679,2.1,A 도면기준,본관 정면도,도면,층고 3.6m·창 0.9~3.3m 는 정면도 실측. 수평 배치는 교실모듈 9m·창 2개소 표준값 가정(정면도가 연속 리본창이라 창 개소를 셀 수 없음)
본관(4층) 2층-2,여의도초등학교,40-3,교사동 창면,본관(4층),2,194388.194,546989.679,5.7,A 도면기준,본관 정면도,도면,층고 3.6m·창 0.9~3.3m 는 정면도 실측. 수평 배치는 교실모듈 9m·창 2개소 표준값 가정(정면도가 연속 리본창이라 창 개소를 셀 수 없음)
본관(4층) 3층-2,여의도초등학교,40-3,교사동 창면,본관(4층),3,194388.194,546989.679,9.3,A 도면기준,본관 정면도,도면,층고 3.6m·창 0.9~3.3m 는 정면도 실측. 수평 배치는 교실모듈 9m·창 2개소 표준값 가정(정면도가 연속 리본창이라 창 개소를 셀 수 없음)
본관(4층) 4층-2,여의도초등학교,40-3,교사동 창면,본관(4층),4,194388.194,546989.679,12.9,A 도면기준,본관 정면도,도면,층고 3.6m·창 0.9~3.3m 는 정면도 실측. 수평 배치는 교실모듈 9m·창 2개소 표준값 가정(정면도가 연속 리본창이라 창 개소를 셀 수 없음)
본관(4층) 1층-3,여의도초등학교,40-3,교사동 창면,본관(4층),1,194392.449,546993.003,2.1,A 도면기준,본관 정면도,도면,층고 3.6m·창 0.9~3.3m 는 정면도 실측. 수평 배치는 교실모듈 9m·창 2개소 표준값 가정(정면도가 연속 리본창이라 창 개소를 셀 수 없음)
본관(4층) 2층-3,여의도초등학교,40-3,교사동 창면,본관(4층),2,194392.449,546993.003,5.7,A 도면기준,본관 정면도,도면,층고 3.6m·창 0.9~3.3m 는 정면도 실측. 수평 배치는 교실모듈 9m·창 2개소 표준값 가정(정면도가 연속 리본창이라 창 개소를 셀 수 없음)
본관(4층) 3층-3,여의도초등학교,40-3,교사동 창면,본관(4층),3,194392.449,546993.003,9.3,A 도면기준,본관 정면도,도면,층고 3.6m·창 0.9~3.3m 는 정면도 실측. 수평 배치는 교실모듈 9m·창 2개소 표준값 가정(정면도가 연속 리본창이라 창 개소를 셀 수 없음)
본관(4층) 4층-3,여의도초등학교,40-3,교사동 창면,본관(4층),4,194392.449,546993.003,12.9,A 도면기준,본관 정면도,도면,층고 3.6m·창 0.9~3.3m 는 정면도 실측. 수평 배치는 교실모듈 9m·창 2개소 표준값 가정(정면도가 연속 리본창이라 창 개소를 셀 수 없음)
본관(4층) 1층-4,여의도초등학교,40-3,교사동 창면,본관(4층),1,194395.286,546995.22,2.1,A 도면기준,본관 정면도,도면,층고 3.6m·창 0.9~3.3m 는 정면도 실측. 수평 배치는 교실모듈 9m·창 2개소 표준값 가정(정면도가 연속 리본창이라 창 개소를 셀 수 없음)
본관(4층) 2층-4,여의도초등학교,40-3,교사동 창면,본관(4층),2,194395.286,546995.22,5.7,A 도면기준,본관 정면도,도면,층고 3.6m·창 0.9~3.3m 는 정면도 실측. 수평 배치는 교실모듈 9m·창 2개소 표준값 가정(정면도가 연속 리본창이라 창 개소를 셀 수 없음)
본관(4층) 3층-4,여의도초등학교,40-3,교사동 창면,본관(4층),3,194395.286,546995.22,9.3,A 도면기준,본관 정면도,도면,층고 3.6m·창 0.9~3.3m 는 정면도 실측. 수평 배치는 교실모듈 9m·창 2개소 표준값 가정(정면도가 연속 리본창이라 창 개소를 셀 수 없음)
본관(4층) 4층-4,여의도초등학교,40-3,교사동 창면,본관(4층),4,194395.286,546995.22,12.9,A 도면기준,본관 정면도,도면,층고 3.6m·창 0.9~3.3m 는 정면도 실측. 수평 배치는 교실모듈 9m·창 2개소 표준값 가정(정면도가 연속 리본창이라 창 개소를 셀 수 없음)
본관(4층) 1층-5,여의도초등학교,40-3,교사동 창면,본관(4층),1,194399.541,546998.544,2.1,A 도면기준,본관 정면도,도면,층고 3.6m·창 0.9~3.3m 는 정면도 실측. 수평 배치는 교실모듈 9m·창 2개소 표준값 가정(정면도가 연속 리본창이라 창 개소를 셀 수 없음)
본관(4층) 2층-5,여의도초등학교,40-3,교사동 창면,본관(4층),2,194399.541,546998.544,5.7,A 도면기준,본관 정면도,도면,층고 3.6m·창 0.9~3.3m 는 정면도 실측. 수평 배치는 교실모듈 9m·창 2개소 표준값 가정(정면도가 연속 리본창이라 창 개소를 셀 수 없음)
본관(4층) 3층-5,여의도초등학교,40-3,교사동 창면,본관(4층),3,194399.541,546998.544,9.3,A 도면기준,본관 정면도,도면,층고 3.6m·창 0.9~3.3m 는 정면도 실측. 수평 배치는 교실모듈 9m·창 2개소 표준값 가정(정면도가 연속 리본창이라 창 개소를 셀 수 없음)
본관(4층) 4층-5,여의도초등학교,40-3,교사동 창면,본관(4층),4,194399.541,546998.544,12.9,A 도면기준,본관 정면도,도면,층고 3.6m·창 0.9~3.3m 는 정면도 실측. 수평 배치는 교실모듈 9m·창 2개소 표준값 가정(정면도가 연속 리본창이라 창 개소를 셀 수 없음)
본관(4층) 1층-6,여의도초등학교,40-3,교사동 창면,본관(4층),1,194402.378,547000.76,2.1,A 도면기준,본관 정면도,도면,층고 3.6m·창 0.9~3.3m 는 정면도 실측. 수평 배치는 교실모듈 9m·창 2개소 표준값 가정(정면도가 연속 리본창이라 창 개소를 셀 수 없음)
본관(4층) 2층-6,여의도초등학교,40-3,교사동 창면,본관(4층),2,194402.378,547000.76,5.7,A 도면기준,본관 정면도,도면,층고 3.6m·창 0.9~3.3m 는 정면도 실측. 수평 배치는 교실모듈 9m·창 2개소 표준값 가정(정면도가 연속 리본창이라 창 개소를 셀 수 없음)
본관(4층) 3층-6,여의도초등학교,40-3,교사동 창면,본관(4층),3,194402.378,547000.76,9.3,A 도면기준,본관 정면도,도면,층고 3.6m·창 0.9~3.3m 는 정면도 실측. 수평 배치는 교실모듈 9m·창 2개소 표준값 가정(정면도가 연속 리본창이라 창 개소를 셀 수 없음)
본관(4층) 4층-6,여의도초등학교,40-3,교사동 창면,본관(4층),4,194402.378,547000.76,12.9,A 도면기준,본관 정면도,도면,층고 3.6m·창 0.9~3.3m 는 정면도 실측. 수평 배치는 교실모듈 9m·창 2개소 표준값 가정(정면도가 연속 리본창이라 창 개소를 셀 수 없음)
본관(4층) 1층-7,여의도초등학교,40-3,교사동 창면,본관(4층),1,194406.633,547004.085,2.1,A 도면기준,본관 정면도,도면,층고 3.6m·창 0.9~3.3m 는 정면도 실측. 수평 배치는 교실모듈 9m·창 2개소 표준값 가정(정면도가 연속 리본창이라 창 개소를 셀 수 없음)
본관(4층) 2층-7,여의도초등학교,40-3,교사동 창면,본관(4층),2,194406.633,547004.085,5.7,A 도면기준,본관 정면도,도면,층고 3.6m·창 0.9~3.3m 는 정면도 실측. 수평 배치는 교실모듈 9m·창 2개소 표준값 가정(정면도가 연속 리본창이라 창 개소를 셀 수 없음)
본관(4층) 3층-7,여의도초등학교,40-3,교사동 창면,본관(4층),3,194406.633,547004.085,9.3,A 도면기준,본관 정면도,도면,층고 3.6m·창 0.9~3.3m 는 정면도 실측. 수평 배치는 교실모듈 9m·창 2개소 표준값 가정(정면도가 연속 리본창이라 창 개소를 셀 수 없음)
본관(4층) 4층-7,여의도초등학교,40-3,교사동 창면,본관(4층),4,194406.633,547004.085,12.9,A 도면기준,본관 정면도,도면,층고 3.6m·창 0.9~3.3m 는 정면도 실측. 수평 배치는 교실모듈 9m·창 2개소 표준값 가정(정면도가 연속 리본창이라 창 개소를 셀 수 없음)
본관(4층) 1층-8,여의도초등학교,40-3,교사동 창면,본관(4층),1,194409.47,547006.301,2.1,A 도면기준,본관 정면도,도면,층고 3.6m·창 0.9~3.3m 는 정면도 실측. 수평 배치는 교실모듈 9m·창 2개소 표준값 가정(정면도가 연속 리본창이라 창 개소를 셀 수 없음)
본관(4층) 2층-8,여의도초등학교,40-3,교사동 창면,본관(4층),2,194409.47,547006.301,5.7,A 도면기준,본관 정면도,도면,층고 3.6m·창 0.9~3.3m 는 정면도 실측. 수평 배치는 교실모듈 9m·창 2개소 표준값 가정(정면도가 연속 리본창이라 창 개소를 셀 수 없음)
본관(4층) 3층-8,여의도초등학교,40-3,교사동 창면,본관(4층),3,194409.47,547006.301,9.3,A 도면기준,본관 정면도,도면,층고 3.6m·창 0.9~3.3m 는 정면도 실측. 수평 배치는 교실모듈 9m·창 2개소 표준값 가정(정면도가 연속 리본창이라 창 개소를 셀 수 없음)
본관(4층) 4층-8,여의도초등학교,40-3,교사동 창면,본관(4층),4,194409.47,547006.301,12.9,A 도면기준,본관 정면도,도면,층고 3.6m·창 0.9~3.3m 는 정면도 실측. 수평 배치는 교실모듈 9m·창 2개소 표준값 가정(정면도가 연속 리본창이라 창 개소를 셀 수 없음)
본관(4층) 1층-9,여의도초등학교,40-3,교사동 창면,본관(4층),1,194413.725,547009.626,2.1,A 도면기준,본관 정면도,도면,층고 3.6m·창 0.9~3.3m 는 정면도 실측. 수평 배치는 교실모듈 9m·창 2개소 표준값 가정(정면도가 연속 리본창이라 창 개소를 셀 수 없음)
본관(4층) 2층-9,여의도초등학교,40-3,교사동 창면,본관(4층),2,194413.725,547009.626,5.7,A 도면기준,본관 정면도,도면,층고 3.6m·창 0.9~3.3m 는 정면도 실측. 수평 배치는 교실모듈 9m·창 2개소 표준값 가정(정면도가 연속 리본창이라 창 개소를 셀 수 없음)
본관(4층) 3층-9,여의도초등학교,40-3,교사동 창면,본관(4층),3,194413.725,547009.626,9.3,A 도면기준,본관 정면도,도면,층고 3.6m·창 0.9~3.3m 는 정면도 실측. 수평 배치는 교실모듈 9m·창 2개소 표준값 가정(정면도가 연속 리본창이라 창 개소를 셀 수 없음)
본관(4층) 4층-9,여의도초등학교,40-3,교사동 창면,본관(4층),4,194413.725,547009.626,12.9,A 도면기준,본관 정면도,도면,층고 3.6m·창 0.9~3.3m 는 정면도 실측. 수평 배치는 교실모듈 9m·창 2개소 표준값 가정(정면도가 연속 리본창이라 창 개소를 셀 수 없음)
본관(4층) 1층-10,여의도초등학교,40-3,교사동 창면,본관(4층),1,194416.562,547011.842,2.1,A 도면기준,본관 정면도,도면,층고 3.6m·창 0.9~3.3m 는 정면도 실측. 수평 배치는 교실모듈 9m·창 2개소 표준값 가정(정면도가 연속 리본창이라 창 개소를 셀 수 없음)
본관(4층) 2층-10,여의도초등학교,40-3,교사동 창면,본관(4층),2,194416.562,547011.842,5.7,A 도면기준,본관 정면도,도면,층고 3.6m·창 0.9~3.3m 는 정면도 실측. 수평 배치는 교실모듈 9m·창 2개소 표준값 가정(정면도가 연속 리본창이라 창 개소를 셀 수 없음)
본관(4층) 3층-10,여의도초등학교,40-3,교사동 창면,본관(4층),3,194416.562,547011.842,9.3,A 도면기준,본관 정면도,도면,층고 3.6m·창 0.9~3.3m 는 정면도 실측. 수평 배치는 교실모듈 9m·창 2개소 표준값 가정(정면도가 연속 리본창이라 창 개소를 셀 수 없음)
본관(4층) 4층-10,여의도초등학교,40-3,교사동 창면,본관(4층),4,194416.562,547011.842,12.9,A 도면기준,본관 정면도,도면,층고 3.6m·창 0.9~3.3m 는 정면도 실측. 수평 배치는 교실모듈 9m·창 2개소 표준값 가정(정면도가 연속 리본창이라 창 개소를 셀 수 없음)
본관(4층) 1층-11,여의도초등학교,40-3,교사동 창면,본관(4층),1,194420.818,547015.167,2.1,A 도면기준,본관 정면도,도면,층고 3.6m·창 0.9~3.3m 는 정면도 실측. 수평 배치는 교실모듈 9m·창 2개소 표준값 가정(정면도가 연속 리본창이라 창 개소를 셀 수 없음)
본관(4층) 2층-11,여의도초등학교,40-3,교사동 창면,본관(4층),2,194420.818,547015.167,5.7,A 도면기준,본관 정면도,도면,층고 3.6m·창 0.9~3.3m 는 정면도 실측. 수평 배치는 교실모듈 9m·창 2개소 표준값 가정(정면도가 연속 리본창이라 창 개소를 셀 수 없음)
본관(4층) 3층-11,여의도초등학교,40-3,교사동 창면,본관(4층),3,194420.818,547015.167,9.3,A 도면기준,본관 정면도,도면,층고 3.6m·창 0.9~3.3m 는 정면도 실측. 수평 배치는 교실모듈 9m·창 2개소 표준값 가정(정면도가 연속 리본창이라 창 개소를 셀 수 없음)
본관(4층) 4층-11,여의도초등학교,40-3,교사동 창면,본관(4층),4,194420.818,547015.167,12.9,A 도면기준,본관 정면도,도면,층고 3.6m·창 0.9~3.3m 는 정면도 실측. 수평 배치는 교실모듈 9m·창 2개소 표준값 가정(정면도가 연속 리본창이라 창 개소를 셀 수 없음)
본관(4층) 1층-12,여의도초등학교,40-3,교사동 창면,본관(4층),1,194423.654,547017.383,2.1,A 도면기준,본관 정면도,도면,층고 3.6m·창 0.9~3.3m 는 정면도 실측. 수평 배치는 교실모듈 9m·창 2개소 표준값 가정(정면도가 연속 리본창이라 창 개소를 셀 수 없음)
본관(4층) 2층-12,여의도초등학교,40-3,교사동 창면,본관(4층),2,194423.654,547017.383,5.7,A 도면기준,본관 정면도,도면,층고 3.6m·창 0.9~3.3m 는 정면도 실측. 수평 배치는 교실모듈 9m·창 2개소 표준값 가정(정면도가 연속 리본창이라 창 개소를 셀 수 없음)
본관(4층) 3층-12,여의도초등학교,40-3,교사동 창면,본관(4층),3,194423.654,547017.383,9.3,A 도면기준,본관 정면도,도면,층고 3.6m·창 0.9~3.3m 는 정면도 실측. 수평 배치는 교실모듈 9m·창 2개소 표준값 가정(정면도가 연속 리본창이라 창 개소를 셀 수 없음)
본관(4층) 4층-12,여의도초등학교,40-3,교사동 창면,본관(4층),4,194423.654,547017.383,12.9,A 도면기준,본관 정면도,도면,층고 3.6m·창 0.9~3.3m 는 정면도 실측. 수평 배치는 교실모듈 9m·창 2개소 표준값 가정(정면도가 연속 리본창이라 창 개소를 셀 수 없음)
본관(4층) 1층-13,여의도초등학교,40-3,교사동 창면,본관(4층),1,194427.91,547020.708,2.1,A 도면기준,본관 정면도,도면,층고 3.6m·창 0.9~3.3m 는 정면도 실측. 수평 배치는 교실모듈 9m·창 2개소 표준값 가정(정면도가 연속 리본창이라 창 개소를 셀 수 없음)
본관(4층) 2층-13,여의도초등학교,40-3,교사동 창면,본관(4층),2,194427.91,547020.708,5.7,A 도면기준,본관 정면도,도면,층고 3.6m·창 0.9~3.3m 는 정면도 실측. 수평 배치는 교실모듈 9m·창 2개소 표준값 가정(정면도가 연속 리본창이라 창 개소를 셀 수 없음)
본관(4층) 3층-13,여의도초등학교,40-3,교사동 창면,본관(4층),3,194427.91,547020.708,9.3,A 도면기준,본관 정면도,도면,층고 3.6m·창 0.9~3.3m 는 정면도 실측. 수평 배치는 교실모듈 9m·창 2개소 표준값 가정(정면도가 연속 리본창이라 창 개소를 셀 수 없음)
본관(4층) 4층-13,여의도초등학교,40-3,교사동 창면,본관(4층),4,194427.91,547020.708,12.9,A 도면기준,본관 정면도,도면,층고 3.6m·창 0.9~3.3m 는 정면도 실측. 수평 배치는 교실모듈 9m·창 2개소 표준값 가정(정면도가 연속 리본창이라 창 개소를 셀 수 없음)
본관(4층) 1층-14,여의도초등학교,40-3,교사동 창면,본관(4층),1,194430.746,547022.924,2.1,A 도면기준,본관 정면도,도면,층고 3.6m·창 0.9~3.3m 는 정면도 실측. 수평 배치는 교실모듈 9m·창 2개소 표준값 가정(정면도가 연속 리본창이라 창 개소를 셀 수 없음)
본관(4층) 2층-14,여의도초등학교,40-3,교사동 창면,본관(4층),2,194430.746,547022.924,5.7,A 도면기준,본관 정면도,도면,층고 3.6m·창 0.9~3.3m 는 정면도 실측. 수평 배치는 교실모듈 9m·창 2개소 표준값 가정(정면도가 연속 리본창이라 창 개소를 셀 수 없음)
본관(4층) 3층-14,여의도초등학교,40-3,교사동 창면,본관(4층),3,194430.746,547022.924,9.3,A 도면기준,본관 정면도,도면,층고 3.6m·창 0.9~3.3m 는 정면도 실측. 수평 배치는 교실모듈 9m·창 2개소 표준값 가정(정면도가 연속 리본창이라 창 개소를 셀 수 없음)
본관(4층) 4층-14,여의도초등학교,40-3,교사동 창면,본관(4층),4,194430.746,547022.924,12.9,A 도면기준,본관 정면도,도면,층고 3.6m·창 0.9~3.3m 는 정면도 실측. 수평 배치는 교실모듈 9m·창 2개소 표준값 가정(정면도가 연속 리본창이라 창 개소를 셀 수 없음)
본관(4층) 1층-15,여의도초등학교,40-3,교사동 창면,본관(4층),1,194435.002,547026.249,2.1,A 도면기준,본관 정면도,도면,층고 3.6m·창 0.9~3.3m 는 정면도 실측. 수평 배치는 교실모듈 9m·창 2개소 표준값 가정(정면도가 연속 리본창이라 창 개소를 셀 수 없음)
본관(4층) 2층-15,여의도초등학교,40-3,교사동 창면,본관(4층),2,194435.002,547026.249,5.7,A 도면기준,본관 정면도,도면,층고 3.6m·창 0.9~3.3m 는 정면도 실측. 수평 배치는 교실모듈 9m·창 2개소 표준값 가정(정면도가 연속 리본창이라 창 개소를 셀 수 없음)
본관(4층) 3층-15,여의도초등학교,40-3,교사동 창면,본관(4층),3,194435.002,547026.249,9.3,A 도면기준,본관 정면도,도면,층고 3.6m·창 0.9~3.3m 는 정면도 실측. 수평 배치는 교실모듈 9m·창 2개소 표준값 가정(정면도가 연속 리본창이라 창 개소를 셀 수 없음)
본관(4층) 4층-15,여의도초등학교,40-3,교사동 창면,본관(4층),4,194435.002,547026.249,12.9,A 도면기준,본관 정면도,도면,층고 3.6m·창 0.9~3.3m 는 정면도 실측. 수평 배치는 교실모듈 9m·창 2개소 표준값 가정(정면도가 연속 리본창이라 창 개소를 셀 수 없음)
본관(4층) 1층-16,여의도초등학교,40-3,교사동 창면,본관(4층),1,194437.839,547028.465,2.1,A 도면기준,본관 정면도,도면,층고 3.6m·창 0.9~3.3m 는 정면도 실측. 수평 배치는 교실모듈 9m·창 2개소 표준값 가정(정면도가 연속 리본창이라 창 개소를 셀 수 없음)
본관(4층) 2층-16,여의도초등학교,40-3,교사동 창면,본관(4층),2,194437.839,547028.465,5.7,A 도면기준,본관 정면도,도면,층고 3.6m·창 0.9~3.3m 는 정면도 실측. 수평 배치는 교실모듈 9m·창 2개소 표준값 가정(정면도가 연속 리본창이라 창 개소를 셀 수 없음)
본관(4층) 3층-16,여의도초등학교,40-3,교사동 창면,본관(4층),3,194437.839,547028.465,9.3,A 도면기준,본관 정면도,도면,층고 3.6m·창 0.9~3.3m 는 정면도 실측. 수평 배치는 교실모듈 9m·창 2개소 표준값 가정(정면도가 연속 리본창이라 창 개소를 셀 수 없음)
본관(4층) 4층-16,여의도초등학교,40-3,교사동 창면,본관(4층),4,194437.839,547028.465,12.9,A 도면기준,본관 정면도,도면,층고 3.6m·창 0.9~3.3m 는 정면도 실측. 수평 배치는 교실모듈 9m·창 2개소 표준값 가정(정면도가 연속 리본창이라 창 개소를 셀 수 없음)
별관(5층) 1층-1,여의도초등학교,40-3,교사동 창면,별관(5층),1,194387.895,547104.044,1.95,A 도면기준,별관 정면도,도면,"층고 3.2m·창 0.9~3.0m 는 정면도 실측. 수평 배치는 교실모듈 9m 가정. 계단실 제외구간(26~31m, 57~62m)은 정면도에서 눈대중으로 잡은 추정값"
별관(5층) 2층-1,여의도초등학교,40-3,교사동 창면,별관(5층),2,194387.895,547104.044,5.15,A 도면기준,별관 정면도,도면,"층고 3.2m·창 0.9~3.0m 는 정면도 실측. 수평 배치는 교실모듈 9m 가정. 계단실 제외구간(26~31m, 57~62m)은 정면도에서 눈대중으로 잡은 추정값"
별관(5층) 3층-1,여의도초등학교,40-3,교사동 창면,별관(5층),3,194387.895,547104.044,8.35,A 도면기준,별관 정면도,도면,"층고 3.2m·창 0.9~3.0m 는 정면도 실측. 수평 배치는 교실모듈 9m 가정. 계단실 제외구간(26~31m, 57~62m)은 정면도에서 눈대중으로 잡은 추정값"
별관(5층) 4층-1,여의도초등학교,40-3,교사동 창면,별관(5층),4,194387.895,547104.044,11.55,A 도면기준,별관 정면도,도면,"층고 3.2m·창 0.9~3.0m 는 정면도 실측. 수평 배치는 교실모듈 9m 가정. 계단실 제외구간(26~31m, 57~62m)은 정면도에서 눈대중으로 잡은 추정값"
별관(5층) 5층-1,여의도초등학교,40-3,교사동 창면,별관(5층),5,194387.895,547104.044,14.75,A 도면기준,별관 정면도,도면,"층고 3.2m·창 0.9~3.0m 는 정면도 실측. 수평 배치는 교실모듈 9m 가정. 계단실 제외구간(26~31m, 57~62m)은 정면도에서 눈대중으로 잡은 추정값"
별관(5층) 1층-2,여의도초등학교,40-3,교사동 창면,별관(5층),1,194390.117,547101.212,1.95,A 도면기준,별관 정면도,도면,"층고 3.2m·창 0.9~3.0m 는 정면도 실측. 수평 배치는 교실모듈 9m 가정. 계단실 제외구간(26~31m, 57~62m)은 정면도에서 눈대중으로 잡은 추정값"
별관(5층) 2층-2,여의도초등학교,40-3,교사동 창면,별관(5층),2,194390.117,547101.212,5.15,A 도면기준,별관 정면도,도면,"층고 3.2m·창 0.9~3.0m 는 정면도 실측. 수평 배치는 교실모듈 9m 가정. 계단실 제외구간(26~31m, 57~62m)은 정면도에서 눈대중으로 잡은 추정값"
별관(5층) 3층-2,여의도초등학교,40-3,교사동 창면,별관(5층),3,194390.117,547101.212,8.35,A 도면기준,별관 정면도,도면,"층고 3.2m·창 0.9~3.0m 는 정면도 실측. 수평 배치는 교실모듈 9m 가정. 계단실 제외구간(26~31m, 57~62m)은 정면도에서 눈대중으로 잡은 추정값"
별관(5층) 4층-2,여의도초등학교,40-3,교사동 창면,별관(5층),4,194390.117,547101.212,11.55,A 도면기준,별관 정면도,도면,"층고 3.2m·창 0.9~3.0m 는 정면도 실측. 수평 배치는 교실모듈 9m 가정. 계단실 제외구간(26~31m, 57~62m)은 정면도에서 눈대중으로 잡은 추정값"
별관(5층) 5층-2,여의도초등학교,40-3,교사동 창면,별관(5층),5,194390.117,547101.212,14.75,A 도면기준,별관 정면도,도면,"층고 3.2m·창 0.9~3.0m 는 정면도 실측. 수평 배치는 교실모듈 9m 가정. 계단실 제외구간(26~31m, 57~62m)은 정면도에서 눈대중으로 잡은 추정값"
별관(5층) 1층-3,여의도초등학교,40-3,교사동 창면,별관(5층),1,194393.451,547096.964,1.95,A 도면기준,별관 정면도,도면,"층고 3.2m·창 0.9~3.0m 는 정면도 실측. 수평 배치는 교실모듈 9m 가정. 계단실 제외구간(26~31m, 57~62m)은 정면도에서 눈대중으로 잡은 추정값"
별관(5층) 2층-3,여의도초등학교,40-3,교사동 창면,별관(5층),2,194393.451,547096.964,5.15,A 도면기준,별관 정면도,도면,"층고 3.2m·창 0.9~3.0m 는 정면도 실측. 수평 배치는 교실모듈 9m 가정. 계단실 제외구간(26~31m, 57~62m)은 정면도에서 눈대중으로 잡은 추정값"
별관(5층) 3층-3,여의도초등학교,40-3,교사동 창면,별관(5층),3,194393.451,547096.964,8.35,A 도면기준,별관 정면도,도면,"층고 3.2m·창 0.9~3.0m 는 정면도 실측. 수평 배치는 교실모듈 9m 가정. 계단실 제외구간(26~31m, 57~62m)은 정면도에서 눈대중으로 잡은 추정값"
별관(5층) 4층-3,여의도초등학교,40-3,교사동 창면,별관(5층),4,194393.451,547096.964,11.55,A 도면기준,별관 정면도,도면,"층고 3.2m·창 0.9~3.0m 는 정면도 실측. 수평 배치는 교실모듈 9m 가정. 계단실 제외구간(26~31m, 57~62m)은 정면도에서 눈대중으로 잡은 추정값"
별관(5층) 5층-3,여의도초등학교,40-3,교사동 창면,별관(5층),5,194393.451,547096.964,14.75,A 도면기준,별관 정면도,도면,"층고 3.2m·창 0.9~3.0m 는 정면도 실측. 수평 배치는 교실모듈 9m 가정. 계단실 제외구간(26~31m, 57~62m)은 정면도에서 눈대중으로 잡은 추정값"
별관(5층) 1층-4,여의도초등학교,40-3,교사동 창면,별관(5층),1,194395.673,547094.131,1.95,A 도면기준,별관 정면도,도면,"층고 3.2m·창 0.9~3.0m 는 정면도 실측. 수평 배치는 교실모듈 9m 가정. 계단실 제외구간(26~31m, 57~62m)은 정면도에서 눈대중으로 잡은 추정값"
별관(5층) 2층-4,여의도초등학교,40-3,교사동 창면,별관(5층),2,194395.673,547094.131,5.15,A 도면기준,별관 정면도,도면,"층고 3.2m·창 0.9~3.0m 는 정면도 실측. 수평 배치는 교실모듈 9m 가정. 계단실 제외구간(26~31m, 57~62m)은 정면도에서 눈대중으로 잡은 추정값"
별관(5층) 3층-4,여의도초등학교,40-3,교사동 창면,별관(5층),3,194395.673,547094.131,8.35,A 도면기준,별관 정면도,도면,"층고 3.2m·창 0.9~3.0m 는 정면도 실측. 수평 배치는 교실모듈 9m 가정. 계단실 제외구간(26~31m, 57~62m)은 정면도에서 눈대중으로 잡은 추정값"
별관(5층) 4층-4,여의도초등학교,40-3,교사동 창면,별관(5층),4,194395.673,547094.131,11.55,A 도면기준,별관 정면도,도면,"층고 3.2m·창 0.9~3.0m 는 정면도 실측. 수평 배치는 교실모듈 9m 가정. 계단실 제외구간(26~31m, 57~62m)은 정면도에서 눈대중으로 잡은 추정값"
별관(5층) 5층-4,여의도초등학교,40-3,교사동 창면,별관(5층),5,194395.673,547094.131,14.75,A 도면기준,별관 정면도,도면,"층고 3.2m·창 0.9~3.0m 는 정면도 실측. 수평 배치는 교실모듈 9m 가정. 계단실 제외구간(26~31m, 57~62m)은 정면도에서 눈대중으로 잡은 추정값"
별관(5층) 1층-6,여의도초등학교,40-3,교사동 창면,별관(5층),1,194401.228,547087.051,1.95,A 도면기준,별관 정면도,도면,"층고 3.2m·창 0.9~3.0m 는 정면도 실측. 수평 배치는 교실모듈 9m 가정. 계단실 제외구간(26~31m, 57~62m)은 정면도에서 눈대중으로 잡은 추정값"
별관(5층) 2층-6,여의도초등학교,40-3,교사동 창면,별관(5층),2,194401.228,547087.051,5.15,A 도면기준,별관 정면도,도면,"층고 3.2m·창 0.9~3.0m 는 정면도 실측. 수평 배치는 교실모듈 9m 가정. 계단실 제외구간(26~31m, 57~62m)은 정면도에서 눈대중으로 잡은 추정값"
별관(5층) 3층-6,여의도초등학교,40-3,교사동 창면,별관(5층),3,194401.228,547087.051,8.35,A 도면기준,별관 정면도,도면,"층고 3.2m·창 0.9~3.0m 는 정면도 실측. 수평 배치는 교실모듈 9m 가정. 계단실 제외구간(26~31m, 57~62m)은 정면도에서 눈대중으로 잡은 추정값"
별관(5층) 4층-6,여의도초등학교,40-3,교사동 창면,별관(5층),4,194401.228,547087.051,11.55,A 도면기준,별관 정면도,도면,"층고 3.2m·창 0.9~3.0m 는 정면도 실측. 수평 배치는 교실모듈 9m 가정. 계단실 제외구간(26~31m, 57~62m)은 정면도에서 눈대중으로 잡은 추정값"
별관(5층) 5층-6,여의도초등학교,40-3,교사동 창면,별관(5층),5,194401.228,547087.051,14.75,A 도면기준,별관 정면도,도면,"층고 3.2m·창 0.9~3.0m 는 정면도 실측. 수평 배치는 교실모듈 9m 가정. 계단실 제외구간(26~31m, 57~62m)은 정면도에서 눈대중으로 잡은 추정값"
별관(5층) 1층-7,여의도초등학교,40-3,교사동 창면,별관(5층),1,194406.784,547079.97,1.95,A 도면기준,별관 정면도,도면,"층고 3.2m·창 0.9~3.0m 는 정면도 실측. 수평 배치는 교실모듈 9m 가정. 계단실 제외구간(26~31m, 57~62m)은 정면도에서 눈대중으로 잡은 추정값"
별관(5층) 2층-7,여의도초등학교,40-3,교사동 창면,별관(5층),2,194406.784,547079.97,5.15,A 도면기준,별관 정면도,도면,"층고 3.2m·창 0.9~3.0m 는 정면도 실측. 수평 배치는 교실모듈 9m 가정. 계단실 제외구간(26~31m, 57~62m)은 정면도에서 눈대중으로 잡은 추정값"
별관(5층) 3층-7,여의도초등학교,40-3,교사동 창면,별관(5층),3,194406.784,547079.97,8.35,A 도면기준,별관 정면도,도면,"층고 3.2m·창 0.9~3.0m 는 정면도 실측. 수평 배치는 교실모듈 9m 가정. 계단실 제외구간(26~31m, 57~62m)은 정면도에서 눈대중으로 잡은 추정값"
별관(5층) 4층-7,여의도초등학교,40-3,교사동 창면,별관(5층),4,194406.784,547079.97,11.55,A 도면기준,별관 정면도,도면,"층고 3.2m·창 0.9~3.0m 는 정면도 실측. 수평 배치는 교실모듈 9m 가정. 계단실 제외구간(26~31m, 57~62m)은 정면도에서 눈대중으로 잡은 추정값"
별관(5층) 5층-7,여의도초등학교,40-3,교사동 창면,별관(5층),5,194406.784,547079.97,14.75,A 도면기준,별관 정면도,도면,"층고 3.2m·창 0.9~3.0m 는 정면도 실측. 수평 배치는 교실모듈 9m 가정. 계단실 제외구간(26~31m, 57~62m)은 정면도에서 눈대중으로 잡은 추정값"
별관(5층) 1층-8,여의도초등학교,40-3,교사동 창면,별관(5층),1,194410.117,547075.722,1.95,A 도면기준,별관 정면도,도면,"층고 3.2m·창 0.9~3.0m 는 정면도 실측. 수평 배치는 교실모듈 9m 가정. 계단실 제외구간(26~31m, 57~62m)은 정면도에서 눈대중으로 잡은 추정값"
별관(5층) 2층-8,여의도초등학교,40-3,교사동 창면,별관(5층),2,194410.117,547075.722,5.15,A 도면기준,별관 정면도,도면,"층고 3.2m·창 0.9~3.0m 는 정면도 실측. 수평 배치는 교실모듈 9m 가정. 계단실 제외구간(26~31m, 57~62m)은 정면도에서 눈대중으로 잡은 추정값"
별관(5층) 3층-8,여의도초등학교,40-3,교사동 창면,별관(5층),3,194410.117,547075.722,8.35,A 도면기준,별관 정면도,도면,"층고 3.2m·창 0.9~3.0m 는 정면도 실측. 수평 배치는 교실모듈 9m 가정. 계단실 제외구간(26~31m, 57~62m)은 정면도에서 눈대중으로 잡은 추정값"
별관(5층) 4층-8,여의도초등학교,40-3,교사동 창면,별관(5층),4,194410.117,547075.722,11.55,A 도면기준,별관 정면도,도면,"층고 3.2m·창 0.9~3.0m 는 정면도 실측. 수평 배치는 교실모듈 9m 가정. 계단실 제외구간(26~31m, 57~62m)은 정면도에서 눈대중으로 잡은 추정값"
별관(5층) 5층-8,여의도초등학교,40-3,교사동 창면,별관(5층),5,194410.117,547075.722,14.75,A 도면기준,별관 정면도,도면,"층고 3.2m·창 0.9~3.0m 는 정면도 실측. 수평 배치는 교실모듈 9m 가정. 계단실 제외구간(26~31m, 57~62m)은 정면도에서 눈대중으로 잡은 추정값"
별관(5층) 1층-9,여의도초등학교,40-3,교사동 창면,별관(5층),1,194412.34,547072.889,1.95,A 도면기준,별관 정면도,도면,"층고 3.2m·창 0.9~3.0m 는 정면도 실측. 수평 배치는 교실모듈 9m 가정. 계단실 제외구간(26~31m, 57~62m)은 정면도에서 눈대중으로 잡은 추정값"
별관(5층) 2층-9,여의도초등학교,40-3,교사동 창면,별관(5층),2,194412.34,547072.889,5.15,A 도면기준,별관 정면도,도면,"층고 3.2m·창 0.9~3.0m 는 정면도 실측. 수평 배치는 교실모듈 9m 가정. 계단실 제외구간(26~31m, 57~62m)은 정면도에서 눈대중으로 잡은 추정값"
별관(5층) 3층-9,여의도초등학교,40-3,교사동 창면,별관(5층),3,194412.34,547072.889,8.35,A 도면기준,별관 정면도,도면,"층고 3.2m·창 0.9~3.0m 는 정면도 실측. 수평 배치는 교실모듈 9m 가정. 계단실 제외구간(26~31m, 57~62m)은 정면도에서 눈대중으로 잡은 추정값"
별관(5층) 4층-9,여의도초등학교,40-3,교사동 창면,별관(5층),4,194412.34,547072.889,11.55,A 도면기준,별관 정면도,도면,"층고 3.2m·창 0.9~3.0m 는 정면도 실측. 수평 배치는 교실모듈 9m 가정. 계단실 제외구간(26~31m, 57~62m)은 정면도에서 눈대중으로 잡은 추정값"
별관(5층) 5층-9,여의도초등학교,40-3,교사동 창면,별관(5층),5,194412.34,547072.889,14.75,A 도면기준,별관 정면도,도면,"층고 3.2m·창 0.9~3.0m 는 정면도 실측. 수평 배치는 교실모듈 9m 가정. 계단실 제외구간(26~31m, 57~62m)은 정면도에서 눈대중으로 잡은 추정값"
별관(5층) 1층-10,여의도초등학교,40-3,교사동 창면,별관(5층),1,194415.673,547068.641,1.95,A 도면기준,별관 정면도,도면,"층고 3.2m·창 0.9~3.0m 는 정면도 실측. 수평 배치는 교실모듈 9m 가정. 계단실 제외구간(26~31m, 57~62m)은 정면도에서 눈대중으로 잡은 추정값"
별관(5층) 2층-10,여의도초등학교,40-3,교사동 창면,별관(5층),2,194415.673,547068.641,5.15,A 도면기준,별관 정면도,도면,"층고 3.2m·창 0.9~3.0m 는 정면도 실측. 수평 배치는 교실모듈 9m 가정. 계단실 제외구간(26~31m, 57~62m)은 정면도에서 눈대중으로 잡은 추정값"
별관(5층) 3층-10,여의도초등학교,40-3,교사동 창면,별관(5층),3,194415.673,547068.641,8.35,A 도면기준,별관 정면도,도면,"층고 3.2m·창 0.9~3.0m 는 정면도 실측. 수평 배치는 교실모듈 9m 가정. 계단실 제외구간(26~31m, 57~62m)은 정면도에서 눈대중으로 잡은 추정값"
별관(5층) 4층-10,여의도초등학교,40-3,교사동 창면,별관(5층),4,194415.673,547068.641,11.55,A 도면기준,별관 정면도,도면,"층고 3.2m·창 0.9~3.0m 는 정면도 실측. 수평 배치는 교실모듈 9m 가정. 계단실 제외구간(26~31m, 57~62m)은 정면도에서 눈대중으로 잡은 추정값"
별관(5층) 5층-10,여의도초등학교,40-3,교사동 창면,별관(5층),5,194415.673,547068.641,14.75,A 도면기준,별관 정면도,도면,"층고 3.2m·창 0.9~3.0m 는 정면도 실측. 수평 배치는 교실모듈 9m 가정. 계단실 제외구간(26~31m, 57~62m)은 정면도에서 눈대중으로 잡은 추정값"
별관(5층) 1층-11,여의도초등학교,40-3,교사동 창면,별관(5층),1,194417.895,547065.809,1.95,A 도면기준,별관 정면도,도면,"층고 3.2m·창 0.9~3.0m 는 정면도 실측. 수평 배치는 교실모듈 9m 가정. 계단실 제외구간(26~31m, 57~62m)은 정면도에서 눈대중으로 잡은 추정값"
별관(5층) 2층-11,여의도초등학교,40-3,교사동 창면,별관(5층),2,194417.895,547065.809,5.15,A 도면기준,별관 정면도,도면,"층고 3.2m·창 0.9~3.0m 는 정면도 실측. 수평 배치는 교실모듈 9m 가정. 계단실 제외구간(26~31m, 57~62m)은 정면도에서 눈대중으로 잡은 추정값"
별관(5층) 3층-11,여의도초등학교,40-3,교사동 창면,별관(5층),3,194417.895,547065.809,8.35,A 도면기준,별관 정면도,도면,"층고 3.2m·창 0.9~3.0m 는 정면도 실측. 수평 배치는 교실모듈 9m 가정. 계단실 제외구간(26~31m, 57~62m)은 정면도에서 눈대중으로 잡은 추정값"
별관(5층) 4층-11,여의도초등학교,40-3,교사동 창면,별관(5층),4,194417.895,547065.809,11.55,A 도면기준,별관 정면도,도면,"층고 3.2m·창 0.9~3.0m 는 정면도 실측. 수평 배치는 교실모듈 9m 가정. 계단실 제외구간(26~31m, 57~62m)은 정면도에서 눈대중으로 잡은 추정값"
별관(5층) 5층-11,여의도초등학교,40-3,교사동 창면,별관(5층),5,194417.895,547065.809,14.75,A 도면기준,별관 정면도,도면,"층고 3.2m·창 0.9~3.0m 는 정면도 실측. 수평 배치는 교실모듈 9m 가정. 계단실 제외구간(26~31m, 57~62m)은 정면도에서 눈대중으로 잡은 추정값"
별관(5층) 1층-12,여의도초등학교,40-3,교사동 창면,별관(5층),1,194421.229,547061.56,1.95,A 도면기준,별관 정면도,도면,"층고 3.2m·창 0.9~3.0m 는 정면도 실측. 수평 배치는 교실모듈 9m 가정. 계단실 제외구간(26~31m, 57~62m)은 정면도에서 눈대중으로 잡은 추정값"
별관(5층) 2층-12,여의도초등학교,40-3,교사동 창면,별관(5층),2,194421.229,547061.56,5.15,A 도면기준,별관 정면도,도면,"층고 3.2m·창 0.9~3.0m 는 정면도 실측. 수평 배치는 교실모듈 9m 가정. 계단실 제외구간(26~31m, 57~62m)은 정면도에서 눈대중으로 잡은 추정값"
별관(5층) 3층-12,여의도초등학교,40-3,교사동 창면,별관(5층),3,194421.229,547061.56,8.35,A 도면기준,별관 정면도,도면,"층고 3.2m·창 0.9~3.0m 는 정면도 실측. 수평 배치는 교실모듈 9m 가정. 계단실 제외구간(26~31m, 57~62m)은 정면도에서 눈대중으로 잡은 추정값"
별관(5층) 4층-12,여의도초등학교,40-3,교사동 창면,별관(5층),4,194421.229,547061.56,11.55,A 도면기준,별관 정면도,도면,"층고 3.2m·창 0.9~3.0m 는 정면도 실측. 수평 배치는 교실모듈 9m 가정. 계단실 제외구간(26~31m, 57~62m)은 정면도에서 눈대중으로 잡은 추정값"
별관(5층) 5층-12,여의도초등학교,40-3,교사동 창면,별관(5층),5,194421.229,547061.56,14.75,A 도면기준,별관 정면도,도면,"층고 3.2m·창 0.9~3.0m 는 정면도 실측. 수평 배치는 교실모듈 9m 가정. 계단실 제외구간(26~31m, 57~62m)은 정면도에서 눈대중으로 잡은 추정값"
별관(5층) 1층-13,여의도초등학교,40-3,교사동 창면,별관(5층),1,194426.784,547054.48,1.95,A 도면기준,별관 정면도,도면,"층고 3.2m·창 0.9~3.0m 는 정면도 실측. 수평 배치는 교실모듈 9m 가정. 계단실 제외구간(26~31m, 57~62m)은 정면도에서 눈대중으로 잡은 추정값"
별관(5층) 2층-13,여의도초등학교,40-3,교사동 창면,별관(5층),2,194426.784,547054.48,5.15,A 도면기준,별관 정면도,도면,"층고 3.2m·창 0.9~3.0m 는 정면도 실측. 수평 배치는 교실모듈 9m 가정. 계단실 제외구간(26~31m, 57~62m)은 정면도에서 눈대중으로 잡은 추정값"
별관(5층) 3층-13,여의도초등학교,40-3,교사동 창면,별관(5층),3,194426.784,547054.48,8.35,A 도면기준,별관 정면도,도면,"층고 3.2m·창 0.9~3.0m 는 정면도 실측. 수평 배치는 교실모듈 9m 가정. 계단실 제외구간(26~31m, 57~62m)은 정면도에서 눈대중으로 잡은 추정값"
별관(5층) 4층-13,여의도초등학교,40-3,교사동 창면,별관(5층),4,194426.784,547054.48,11.55,A 도면기준,별관 정면도,도면,"층고 3.2m·창 0.9~3.0m 는 정면도 실측. 수평 배치는 교실모듈 9m 가정. 계단실 제외구간(26~31m, 57~62m)은 정면도에서 눈대중으로 잡은 추정값"
별관(5층) 5층-13,여의도초등학교,40-3,교사동 창면,별관(5층),5,194426.784,547054.48,14.75,A 도면기준,별관 정면도,도면,"층고 3.2m·창 0.9~3.0m 는 정면도 실측. 수평 배치는 교실모듈 9m 가정. 계단실 제외구간(26~31m, 57~62m)은 정면도에서 눈대중으로 잡은 추정값"
별관(5층) 1층-14,여의도초등학교,40-3,교사동 창면,별관(5층),1,194429.006,547051.647,1.95,A 도면기준,별관 정면도,도면,"층고 3.2m·창 0.9~3.0m 는 정면도 실측. 수평 배치는 교실모듈 9m 가정. 계단실 제외구간(26~31m, 57~62m)은 정면도에서 눈대중으로 잡은 추정값"
별관(5층) 2층-14,여의도초등학교,40-3,교사동 창면,별관(5층),2,194429.006,547051.647,5.15,A 도면기준,별관 정면도,도면,"층고 3.2m·창 0.9~3.0m 는 정면도 실측. 수평 배치는 교실모듈 9m 가정. 계단실 제외구간(26~31m, 57~62m)은 정면도에서 눈대중으로 잡은 추정값"
별관(5층) 3층-14,여의도초등학교,40-3,교사동 창면,별관(5층),3,194429.006,547051.647,8.35,A 도면기준,별관 정면도,도면,"층고 3.2m·창 0.9~3.0m 는 정면도 실측. 수평 배치는 교실모듈 9m 가정. 계단실 제외구간(26~31m, 57~62m)은 정면도에서 눈대중으로 잡은 추정값"
별관(5층) 4층-14,여의도초등학교,40-3,교사동 창면,별관(5층),4,194429.006,547051.647,11.55,A 도면기준,별관 정면도,도면,"층고 3.2m·창 0.9~3.0m 는 정면도 실측. 수평 배치는 교실모듈 9m 가정. 계단실 제외구간(26~31m, 57~62m)은 정면도에서 눈대중으로 잡은 추정값"
별관(5층) 5층-14,여의도초등학교,40-3,교사동 창면,별관(5층),5,194429.006,547051.647,14.75,A 도면기준,별관 정면도,도면,"층고 3.2m·창 0.9~3.0m 는 정면도 실측. 수평 배치는 교실모듈 9m 가정. 계단실 제외구간(26~31m, 57~62m)은 정면도에서 눈대중으로 잡은 추정값"
여의도초등학교 운동장-1,여의도초등학교,40-3,운동장 지반,여의도초등학교 운동장,0,194418.135,547041.607,0.0,A− 도면기준(대응·제원 추론 포함),배치도 경계(래스터 계측) + 분석지점도 격자,도면,"격자 수·방위는 옥외체육장 분석지점도대로(칸마다 1점), **경계는 학교 위치 배치도에서 계측**했다. 배치도는 운동장을 해치로 칠하므로 AL_D010 건물 선화에 맞춰 축척·평행이동을 역산(1.270 m/화소)한 뒤 해치영역을 실좌표로 읽었다. 위치는 도면대로지만 **래스터 계측 오차 ±3m** 가 남는다"
여의도초등학교 운동장-2,여의도초등학교,40-3,운동장 지반,여의도초등학교 운동장,0,194412.549,547048.757,0.0,A− 도면기준(대응·제원 추론 포함),배치도 경계(래스터 계측) + 분석지점도 격자,도면,"격자 수·방위는 옥외체육장 분석지점도대로(칸마다 1점), **경계는 학교 위치 배치도에서 계측**했다. 배치도는 운동장을 해치로 칠하므로 AL_D010 건물 선화에 맞춰 축척·평행이동을 역산(1.270 m/화소)한 뒤 해치영역을 실좌표로 읽었다. 위치는 도면대로지만 **래스터 계측 오차 ±3m** 가 남는다"
여의도초등학교 운동장-3,여의도초등학교,40-3,운동장 지반,여의도초등학교 운동장,0,194406.963,547055.907,0.0,A− 도면기준(대응·제원 추론 포함),배치도 경계(래스터 계측) + 분석지점도 격자,도면,"격자 수·방위는 옥외체육장 분석지점도대로(칸마다 1점), **경계는 학교 위치 배치도에서 계측**했다. 배치도는 운동장을 해치로 칠하므로 AL_D010 건물 선화에 맞춰 축척·평행이동을 역산(1.270 m/화소)한 뒤 해치영역을 실좌표로 읽었다. 위치는 도면대로지만 **래스터 계측 오차 ±3m** 가 남는다"
여의도초등학교 운동장-4,여의도초등학교,40-3,운동장 지반,여의도초등학교 운동장,0,194401.376,547063.057,0.0,A− 도면기준(대응·제원 추론 포함),배치도 경계(래스터 계측) + 분석지점도 격자,도면,"격자 수·방위는 옥외체육장 분석지점도대로(칸마다 1점), **경계는 학교 위치 배치도에서 계측**했다. 배치도는 운동장을 해치로 칠하므로 AL_D010 건물 선화에 맞춰 축척·평행이동을 역산(1.270 m/화소)한 뒤 해치영역을 실좌표로 읽었다. 위치는 도면대로지만 **래스터 계측 오차 ±3m** 가 남는다"
여의도초등학교 운동장-5,여의도초등학교,40-3,운동장 지반,여의도초등학교 운동장,0,194395.79,547070.207,0.0,A− 도면기준(대응·제원 추론 포함),배치도 경계(래스터 계측) + 분석지점도 격자,도면,"격자 수·방위는 옥외체육장 분석지점도대로(칸마다 1점), **경계는 학교 위치 배치도에서 계측**했다. 배치도는 운동장을 해치로 칠하므로 AL_D010 건물 선화에 맞춰 축척·평행이동을 역산(1.270 m/화소)한 뒤 해치영역을 실좌표로 읽었다. 위치는 도면대로지만 **래스터 계측 오차 ±3m** 가 남는다"
여의도초등학교 운동장-6,여의도초등학교,40-3,운동장 지반,여의도초등학교 운동장,0,194390.204,547077.357,0.0,A− 도면기준(대응·제원 추론 포함),배치도 경계(래스터 계측) + 분석지점도 격자,도면,"격자 수·방위는 옥외체육장 분석지점도대로(칸마다 1점), **경계는 학교 위치 배치도에서 계측**했다. 배치도는 운동장을 해치로 칠하므로 AL_D010 건물 선화에 맞춰 축척·평행이동을 역산(1.270 m/화소)한 뒤 해치영역을 실좌표로 읽었다. 위치는 도면대로지만 **래스터 계측 오차 ±3m** 가 남는다"
여의도초등학교 운동장-7,여의도초등학교,40-3,운동장 지반,여의도초등학교 운동장,0,194384.618,547084.507,0.0,A− 도면기준(대응·제원 추론 포함),배치도 경계(래스터 계측) + 분석지점도 격자,도면,"격자 수·방위는 옥외체육장 분석지점도대로(칸마다 1점), **경계는 학교 위치 배치도에서 계측**했다. 배치도는 운동장을 해치로 칠하므로 AL_D010 건물 선화에 맞춰 축척·평행이동을 역산(1.270 m/화소)한 뒤 해치영역을 실좌표로 읽었다. 위치는 도면대로지만 **래스터 계측 오차 ±3m** 가 남는다"
여의도초등학교 운동장-8,여의도초등학교,40-3,운동장 지반,여의도초등학교 운동장,0,194379.032,547091.657,0.0,A− 도면기준(대응·제원 추론 포함),배치도 경계(래스터 계측) + 분석지점도 격자,도면,"격자 수·방위는 옥외체육장 분석지점도대로(칸마다 1점), **경계는 학교 위치 배치도에서 계측**했다. 배치도는 운동장을 해치로 칠하므로 AL_D010 건물 선화에 맞춰 축척·평행이동을 역산(1.270 m/화소)한 뒤 해치영역을 실좌표로 읽었다. 위치는 도면대로지만 **래스터 계측 오차 ±3m** 가 남는다"
여의도초등학교 운동장-9,여의도초등학교,40-3,운동장 지반,여의도초등학교 운동장,0,194411.151,547036.151,0.0,A− 도면기준(대응·제원 추론 포함),배치도 경계(래스터 계측) + 분석지점도 격자,도면,"격자 수·방위는 옥외체육장 분석지점도대로(칸마다 1점), **경계는 학교 위치 배치도에서 계측**했다. 배치도는 운동장을 해치로 칠하므로 AL_D010 건물 선화에 맞춰 축척·평행이동을 역산(1.270 m/화소)한 뒤 해치영역을 실좌표로 읽었다. 위치는 도면대로지만 **래스터 계측 오차 ±3m** 가 남는다"
여의도초등학교 운동장-10,여의도초등학교,40-3,운동장 지반,여의도초등학교 운동장,0,194405.565,547043.301,0.0,A− 도면기준(대응·제원 추론 포함),배치도 경계(래스터 계측) + 분석지점도 격자,도면,"격자 수·방위는 옥외체육장 분석지점도대로(칸마다 1점), **경계는 학교 위치 배치도에서 계측**했다. 배치도는 운동장을 해치로 칠하므로 AL_D010 건물 선화에 맞춰 축척·평행이동을 역산(1.270 m/화소)한 뒤 해치영역을 실좌표로 읽었다. 위치는 도면대로지만 **래스터 계측 오차 ±3m** 가 남는다"
여의도초등학교 운동장-11,여의도초등학교,40-3,운동장 지반,여의도초등학교 운동장,0,194399.979,547050.451,0.0,A− 도면기준(대응·제원 추론 포함),배치도 경계(래스터 계측) + 분석지점도 격자,도면,"격자 수·방위는 옥외체육장 분석지점도대로(칸마다 1점), **경계는 학교 위치 배치도에서 계측**했다. 배치도는 운동장을 해치로 칠하므로 AL_D010 건물 선화에 맞춰 축척·평행이동을 역산(1.270 m/화소)한 뒤 해치영역을 실좌표로 읽었다. 위치는 도면대로지만 **래스터 계측 오차 ±3m** 가 남는다"
여의도초등학교 운동장-12,여의도초등학교,40-3,운동장 지반,여의도초등학교 운동장,0,194394.393,547057.601,0.0,A− 도면기준(대응·제원 추론 포함),배치도 경계(래스터 계측) + 분석지점도 격자,도면,"격자 수·방위는 옥외체육장 분석지점도대로(칸마다 1점), **경계는 학교 위치 배치도에서 계측**했다. 배치도는 운동장을 해치로 칠하므로 AL_D010 건물 선화에 맞춰 축척·평행이동을 역산(1.270 m/화소)한 뒤 해치영역을 실좌표로 읽었다. 위치는 도면대로지만 **래스터 계측 오차 ±3m** 가 남는다"
여의도초등학교 운동장-13,여의도초등학교,40-3,운동장 지반,여의도초등학교 운동장,0,194388.806,547064.751,0.0,A− 도면기준(대응·제원 추론 포함),배치도 경계(래스터 계측) + 분석지점도 격자,도면,"격자 수·방위는 옥외체육장 분석지점도대로(칸마다 1점), **경계는 학교 위치 배치도에서 계측**했다. 배치도는 운동장을 해치로 칠하므로 AL_D010 건물 선화에 맞춰 축척·평행이동을 역산(1.270 m/화소)한 뒤 해치영역을 실좌표로 읽었다. 위치는 도면대로지만 **래스터 계측 오차 ±3m** 가 남는다"
여의도초등학교 운동장-14,여의도초등학교,40-3,운동장 지반,여의도초등학교 운동장,0,194383.22,547071.901,0.0,A− 도면기준(대응·제원 추론 포함),배치도 경계(래스터 계측) + 분석지점도 격자,도면,"격자 수·방위는 옥외체육장 분석지점도대로(칸마다 1점), **경계는 학교 위치 배치도에서 계측**했다. 배치도는 운동장을 해치로 칠하므로 AL_D010 건물 선화에 맞춰 축척·평행이동을 역산(1.270 m/화소)한 뒤 해치영역을 실좌표로 읽었다. 위치는 도면대로지만 **래스터 계측 오차 ±3m** 가 남는다"
여의도초등학교 운동장-15,여의도초등학교,40-3,운동장 지반,여의도초등학교 운동장,0,194377.634,547079.051,0.0,A− 도면기준(대응·제원 추론 포함),배치도 경계(래스터 계측) + 분석지점도 격자,도면,"격자 수·방위는 옥외체육장 분석지점도대로(칸마다 1점), **경계는 학교 위치 배치도에서 계측**했다. 배치도는 운동장을 해치로 칠하므로 AL_D010 건물 선화에 맞춰 축척·평행이동을 역산(1.270 m/화소)한 뒤 해치영역을 실좌표로 읽었다. 위치는 도면대로지만 **래스터 계측 오차 ±3m** 가 남는다"
여의도초등학교 운동장-16,여의도초등학교,40-3,운동장 지반,여의도초등학교 운동장,0,194372.048,547086.201,0.0,A− 도면기준(대응·제원 추론 포함),배치도 경계(래스터 계측) + 분석지점도 격자,도면,"격자 수·방위는 옥외체육장 분석지점도대로(칸마다 1점), **경계는 학교 위치 배치도에서 계측**했다. 배치도는 운동장을 해치로 칠하므로 AL_D010 건물 선화에 맞춰 축척·평행이동을 역산(1.270 m/화소)한 뒤 해치영역을 실좌표로 읽었다. 위치는 도면대로지만 **래스터 계측 오차 ±3m** 가 남는다"
여의도초등학교 운동장-17,여의도초등학교,40-3,운동장 지반,여의도초등학교 운동장,0,194404.168,547030.694,0.0,A− 도면기준(대응·제원 추론 포함),배치도 경계(래스터 계측) + 분석지점도 격자,도면,"격자 수·방위는 옥외체육장 분석지점도대로(칸마다 1점), **경계는 학교 위치 배치도에서 계측**했다. 배치도는 운동장을 해치로 칠하므로 AL_D010 건물 선화에 맞춰 축척·평행이동을 역산(1.270 m/화소)한 뒤 해치영역을 실좌표로 읽었다. 위치는 도면대로지만 **래스터 계측 오차 ±3m** 가 남는다"
여의도초등학교 운동장-18,여의도초등학교,40-3,운동장 지반,여의도초등학교 운동장,0,194398.581,547037.844,0.0,A− 도면기준(대응·제원 추론 포함),배치도 경계(래스터 계측) + 분석지점도 격자,도면,"격자 수·방위는 옥외체육장 분석지점도대로(칸마다 1점), **경계는 학교 위치 배치도에서 계측**했다. 배치도는 운동장을 해치로 칠하므로 AL_D010 건물 선화에 맞춰 축척·평행이동을 역산(1.270 m/화소)한 뒤 해치영역을 실좌표로 읽었다. 위치는 도면대로지만 **래스터 계측 오차 ±3m** 가 남는다"
여의도초등학교 운동장-19,여의도초등학교,40-3,운동장 지반,여의도초등학교 운동장,0,194392.995,547044.994,0.0,A− 도면기준(대응·제원 추론 포함),배치도 경계(래스터 계측) + 분석지점도 격자,도면,"격자 수·방위는 옥외체육장 분석지점도대로(칸마다 1점), **경계는 학교 위치 배치도에서 계측**했다. 배치도는 운동장을 해치로 칠하므로 AL_D010 건물 선화에 맞춰 축척·평행이동을 역산(1.270 m/화소)한 뒤 해치영역을 실좌표로 읽었다. 위치는 도면대로지만 **래스터 계측 오차 ±3m** 가 남는다"
여의도초등학교 운동장-20,여의도초등학교,40-3,운동장 지반,여의도초등학교 운동장,0,194387.409,547052.144,0.0,A− 도면기준(대응·제원 추론 포함),배치도 경계(래스터 계측) + 분석지점도 격자,도면,"격자 수·방위는 옥외체육장 분석지점도대로(칸마다 1점), **경계는 학교 위치 배치도에서 계측**했다. 배치도는 운동장을 해치로 칠하므로 AL_D010 건물 선화에 맞춰 축척·평행이동을 역산(1.270 m/화소)한 뒤 해치영역을 실좌표로 읽었다. 위치는 도면대로지만 **래스터 계측 오차 ±3m** 가 남는다"
여의도초등학교 운동장-21,여의도초등학교,40-3,운동장 지반,여의도초등학교 운동장,0,194381.823,547059.294,0.0,A− 도면기준(대응·제원 추론 포함),배치도 경계(래스터 계측) + 분석지점도 격자,도면,"격자 수·방위는 옥외체육장 분석지점도대로(칸마다 1점), **경계는 학교 위치 배치도에서 계측**했다. 배치도는 운동장을 해치로 칠하므로 AL_D010 건물 선화에 맞춰 축척·평행이동을 역산(1.270 m/화소)한 뒤 해치영역을 실좌표로 읽었다. 위치는 도면대로지만 **래스터 계측 오차 ±3m** 가 남는다"
여의도초등학교 운동장-22,여의도초등학교,40-3,운동장 지반,여의도초등학교 운동장,0,194376.237,547066.444,0.0,A− 도면기준(대응·제원 추론 포함),배치도 경계(래스터 계측) + 분석지점도 격자,도면,"격자 수·방위는 옥외체육장 분석지점도대로(칸마다 1점), **경계는 학교 위치 배치도에서 계측**했다. 배치도는 운동장을 해치로 칠하므로 AL_D010 건물 선화에 맞춰 축척·평행이동을 역산(1.270 m/화소)한 뒤 해치영역을 실좌표로 읽었다. 위치는 도면대로지만 **래스터 계측 오차 ±3m** 가 남는다"
여의도초등학교 운동장-23,여의도초등학교,40-3,운동장 지반,여의도초등학교 운동장,0,194370.65,547073.594,0.0,A− 도면기준(대응·제원 추론 포함),배치도 경계(래스터 계측) + 분석지점도 격자,도면,"격자 수·방위는 옥외체육장 분석지점도대로(칸마다 1점), **경계는 학교 위치 배치도에서 계측**했다. 배치도는 운동장을 해치로 칠하므로 AL_D010 건물 선화에 맞춰 축척·평행이동을 역산(1.270 m/화소)한 뒤 해치영역을 실좌표로 읽었다. 위치는 도면대로지만 **래스터 계측 오차 ±3m** 가 남는다"
여의도초등학교 운동장-24,여의도초등학교,40-3,운동장 지반,여의도초등학교 운동장,0,194365.064,547080.745,0.0,A− 도면기준(대응·제원 추론 포함),배치도 경계(래스터 계측) + 분석지점도 격자,도면,"격자 수·방위는 옥외체육장 분석지점도대로(칸마다 1점), **경계는 학교 위치 배치도에서 계측**했다. 배치도는 운동장을 해치로 칠하므로 AL_D010 건물 선화에 맞춰 축척·평행이동을 역산(1.270 m/화소)한 뒤 해치영역을 실좌표로 읽었다. 위치는 도면대로지만 **래스터 계측 오차 ±3m** 가 남는다"
여의도초등학교 운동장-25,여의도초등학교,40-3,운동장 지반,여의도초등학교 운동장,0,194397.184,547025.238,0.0,A− 도면기준(대응·제원 추론 포함),배치도 경계(래스터 계측) + 분석지점도 격자,도면,"격자 수·방위는 옥외체육장 분석지점도대로(칸마다 1점), **경계는 학교 위치 배치도에서 계측**했다. 배치도는 운동장을 해치로 칠하므로 AL_D010 건물 선화에 맞춰 축척·평행이동을 역산(1.270 m/화소)한 뒤 해치영역을 실좌표로 읽었다. 위치는 도면대로지만 **래스터 계측 오차 ±3m** 가 남는다"
여의도초등학교 운동장-26,여의도초등학교,40-3,운동장 지반,여의도초등학교 운동장,0,194391.598,547032.388,0.0,A− 도면기준(대응·제원 추론 포함),배치도 경계(래스터 계측) + 분석지점도 격자,도면,"격자 수·방위는 옥외체육장 분석지점도대로(칸마다 1점), **경계는 학교 위치 배치도에서 계측**했다. 배치도는 운동장을 해치로 칠하므로 AL_D010 건물 선화에 맞춰 축척·평행이동을 역산(1.270 m/화소)한 뒤 해치영역을 실좌표로 읽었다. 위치는 도면대로지만 **래스터 계측 오차 ±3m** 가 남는다"
여의도초등학교 운동장-27,여의도초등학교,40-3,운동장 지반,여의도초등학교 운동장,0,194386.011,547039.538,0.0,A− 도면기준(대응·제원 추론 포함),배치도 경계(래스터 계측) + 분석지점도 격자,도면,"격자 수·방위는 옥외체육장 분석지점도대로(칸마다 1점), **경계는 학교 위치 배치도에서 계측**했다. 배치도는 운동장을 해치로 칠하므로 AL_D010 건물 선화에 맞춰 축척·평행이동을 역산(1.270 m/화소)한 뒤 해치영역을 실좌표로 읽었다. 위치는 도면대로지만 **래스터 계측 오차 ±3m** 가 남는다"
여의도초등학교 운동장-28,여의도초등학교,40-3,운동장 지반,여의도초등학교 운동장,0,194380.425,547046.688,0.0,A− 도면기준(대응·제원 추론 포함),배치도 경계(래스터 계측) + 분석지점도 격자,도면,"격자 수·방위는 옥외체육장 분석지점도대로(칸마다 1점), **경계는 학교 위치 배치도에서 계측**했다. 배치도는 운동장을 해치로 칠하므로 AL_D010 건물 선화에 맞춰 축척·평행이동을 역산(1.270 m/화소)한 뒤 해치영역을 실좌표로 읽었다. 위치는 도면대로지만 **래스터 계측 오차 ±3m** 가 남는다"
여의도초등학교 운동장-29,여의도초등학교,40-3,운동장 지반,여의도초등학교 운동장,0,194374.839,547053.838,0.0,A− 도면기준(대응·제원 추론 포함),배치도 경계(래스터 계측) + 분석지점도 격자,도면,"격자 수·방위는 옥외체육장 분석지점도대로(칸마다 1점), **경계는 학교 위치 배치도에서 계측**했다. 배치도는 운동장을 해치로 칠하므로 AL_D010 건물 선화에 맞춰 축척·평행이동을 역산(1.270 m/화소)한 뒤 해치영역을 실좌표로 읽었다. 위치는 도면대로지만 **래스터 계측 오차 ±3m** 가 남는다"
여의도초등학교 운동장-30,여의도초등학교,40-3,운동장 지반,여의도초등학교 운동장,0,194369.253,547060.988,0.0,A− 도면기준(대응·제원 추론 포함),배치도 경계(래스터 계측) + 분석지점도 격자,도면,"격자 수·방위는 옥외체육장 분석지점도대로(칸마다 1점), **경계는 학교 위치 배치도에서 계측**했다. 배치도는 운동장을 해치로 칠하므로 AL_D010 건물 선화에 맞춰 축척·평행이동을 역산(1.270 m/화소)한 뒤 해치영역을 실좌표로 읽었다. 위치는 도면대로지만 **래스터 계측 오차 ±3m** 가 남는다"
여의도초등학교 운동장-31,여의도초등학교,40-3,운동장 지반,여의도초등학교 운동장,0,194363.667,547068.138,0.0,A− 도면기준(대응·제원 추론 포함),배치도 경계(래스터 계측) + 분석지점도 격자,도면,"격자 수·방위는 옥외체육장 분석지점도대로(칸마다 1점), **경계는 학교 위치 배치도에서 계측**했다. 배치도는 운동장을 해치로 칠하므로 AL_D010 건물 선화에 맞춰 축척·평행이동을 역산(1.270 m/화소)한 뒤 해치영역을 실좌표로 읽었다. 위치는 도면대로지만 **래스터 계측 오차 ±3m** 가 남는다"
여의도초등학교 운동장-32,여의도초등학교,40-3,운동장 지반,여의도초등학교 운동장,0,194358.08,547075.288,0.0,A− 도면기준(대응·제원 추론 포함),배치도 경계(래스터 계측) + 분석지점도 격자,도면,"격자 수·방위는 옥외체육장 분석지점도대로(칸마다 1점), **경계는 학교 위치 배치도에서 계측**했다. 배치도는 운동장을 해치로 칠하므로 AL_D010 건물 선화에 맞춰 축척·평행이동을 역산(1.270 m/화소)한 뒤 해치영역을 실좌표로 읽었다. 위치는 도면대로지만 **래스터 계측 오차 ±3m** 가 남는다"
여의도초등학교 운동장-33,여의도초등학교,40-3,운동장 지반,여의도초등학교 운동장,0,194390.2,547019.782,0.0,A− 도면기준(대응·제원 추론 포함),배치도 경계(래스터 계측) + 분석지점도 격자,도면,"격자 수·방위는 옥외체육장 분석지점도대로(칸마다 1점), **경계는 학교 위치 배치도에서 계측**했다. 배치도는 운동장을 해치로 칠하므로 AL_D010 건물 선화에 맞춰 축척·평행이동을 역산(1.270 m/화소)한 뒤 해치영역을 실좌표로 읽었다. 위치는 도면대로지만 **래스터 계측 오차 ±3m** 가 남는다"
여의도초등학교 운동장-34,여의도초등학교,40-3,운동장 지반,여의도초등학교 운동장,0,194384.614,547026.932,0.0,A− 도면기준(대응·제원 추론 포함),배치도 경계(래스터 계측) + 분석지점도 격자,도면,"격자 수·방위는 옥외체육장 분석지점도대로(칸마다 1점), **경계는 학교 위치 배치도에서 계측**했다. 배치도는 운동장을 해치로 칠하므로 AL_D010 건물 선화에 맞춰 축척·평행이동을 역산(1.270 m/화소)한 뒤 해치영역을 실좌표로 읽었다. 위치는 도면대로지만 **래스터 계측 오차 ±3m** 가 남는다"
여의도초등학교 운동장-35,여의도초등학교,40-3,운동장 지반,여의도초등학교 운동장,0,194379.028,547034.082,0.0,A− 도면기준(대응·제원 추론 포함),배치도 경계(래스터 계측) + 분석지점도 격자,도면,"격자 수·방위는 옥외체육장 분석지점도대로(칸마다 1점), **경계는 학교 위치 배치도에서 계측**했다. 배치도는 운동장을 해치로 칠하므로 AL_D010 건물 선화에 맞춰 축척·평행이동을 역산(1.270 m/화소)한 뒤 해치영역을 실좌표로 읽었다. 위치는 도면대로지만 **래스터 계측 오차 ±3m** 가 남는다"
여의도초등학교 운동장-36,여의도초등학교,40-3,운동장 지반,여의도초등학교 운동장,0,194373.441,547041.232,0.0,A− 도면기준(대응·제원 추론 포함),배치도 경계(래스터 계측) + 분석지점도 격자,도면,"격자 수·방위는 옥외체육장 분석지점도대로(칸마다 1점), **경계는 학교 위치 배치도에서 계측**했다. 배치도는 운동장을 해치로 칠하므로 AL_D010 건물 선화에 맞춰 축척·평행이동을 역산(1.270 m/화소)한 뒤 해치영역을 실좌표로 읽었다. 위치는 도면대로지만 **래스터 계측 오차 ±3m** 가 남는다"
여의도초등학교 운동장-37,여의도초등학교,40-3,운동장 지반,여의도초등학교 운동장,0,194367.855,547048.382,0.0,A− 도면기준(대응·제원 추론 포함),배치도 경계(래스터 계측) + 분석지점도 격자,도면,"격자 수·방위는 옥외체육장 분석지점도대로(칸마다 1점), **경계는 학교 위치 배치도에서 계측**했다. 배치도는 운동장을 해치로 칠하므로 AL_D010 건물 선화에 맞춰 축척·평행이동을 역산(1.270 m/화소)한 뒤 해치영역을 실좌표로 읽었다. 위치는 도면대로지만 **래스터 계측 오차 ±3m** 가 남는다"
여의도초등학교 운동장-38,여의도초등학교,40-3,운동장 지반,여의도초등학교 운동장,0,194362.269,547055.532,0.0,A− 도면기준(대응·제원 추론 포함),배치도 경계(래스터 계측) + 분석지점도 격자,도면,"격자 수·방위는 옥외체육장 분석지점도대로(칸마다 1점), **경계는 학교 위치 배치도에서 계측**했다. 배치도는 운동장을 해치로 칠하므로 AL_D010 건물 선화에 맞춰 축척·평행이동을 역산(1.270 m/화소)한 뒤 해치영역을 실좌표로 읽었다. 위치는 도면대로지만 **래스터 계측 오차 ±3m** 가 남는다"
여의도초등학교 운동장-39,여의도초등학교,40-3,운동장 지반,여의도초등학교 운동장,0,194356.683,547062.682,0.0,A− 도면기준(대응·제원 추론 포함),배치도 경계(래스터 계측) + 분석지점도 격자,도면,"격자 수·방위는 옥외체육장 분석지점도대로(칸마다 1점), **경계는 학교 위치 배치도에서 계측**했다. 배치도는 운동장을 해치로 칠하므로 AL_D010 건물 선화에 맞춰 축척·평행이동을 역산(1.270 m/화소)한 뒤 해치영역을 실좌표로 읽었다. 위치는 도면대로지만 **래스터 계측 오차 ±3m** 가 남는다"
여의도초등학교 운동장-40,여의도초등학교,40-3,운동장 지반,여의도초등학교 운동장,0,194351.097,547069.832,0.0,A− 도면기준(대응·제원 추론 포함),배치도 경계(래스터 계측) + 분석지점도 격자,도면,"격자 수·방위는 옥외체육장 분석지점도대로(칸마다 1점), **경계는 학교 위치 배치도에서 계측**했다. 배치도는 운동장을 해치로 칠하므로 AL_D010 건물 선화에 맞춰 축척·평행이동을 역산(1.270 m/화소)한 뒤 해치영역을 실좌표로 읽었다. 위치는 도면대로지만 **래스터 계측 오차 ±3m** 가 남는다"
여의도초등학교 운동장-41,여의도초등학교,40-3,운동장 지반,여의도초등학교 운동장,0,194383.216,547014.325,0.0,A− 도면기준(대응·제원 추론 포함),배치도 경계(래스터 계측) + 분석지점도 격자,도면,"격자 수·방위는 옥외체육장 분석지점도대로(칸마다 1점), **경계는 학교 위치 배치도에서 계측**했다. 배치도는 운동장을 해치로 칠하므로 AL_D010 건물 선화에 맞춰 축척·평행이동을 역산(1.270 m/화소)한 뒤 해치영역을 실좌표로 읽었다. 위치는 도면대로지만 **래스터 계측 오차 ±3m** 가 남는다"
여의도초등학교 운동장-42,여의도초등학교,40-3,운동장 지반,여의도초등학교 운동장,0,194377.63,547021.475,0.0,A− 도면기준(대응·제원 추론 포함),배치도 경계(래스터 계측) + 분석지점도 격자,도면,"격자 수·방위는 옥외체육장 분석지점도대로(칸마다 1점), **경계는 학교 위치 배치도에서 계측**했다. 배치도는 운동장을 해치로 칠하므로 AL_D010 건물 선화에 맞춰 축척·평행이동을 역산(1.270 m/화소)한 뒤 해치영역을 실좌표로 읽었다. 위치는 도면대로지만 **래스터 계측 오차 ±3m** 가 남는다"
여의도초등학교 운동장-43,여의도초등학교,40-3,운동장 지반,여의도초등학교 운동장,0,194372.044,547028.626,0.0,A− 도면기준(대응·제원 추론 포함),배치도 경계(래스터 계측) + 분석지점도 격자,도면,"격자 수·방위는 옥외체육장 분석지점도대로(칸마다 1점), **경계는 학교 위치 배치도에서 계측**했다. 배치도는 운동장을 해치로 칠하므로 AL_D010 건물 선화에 맞춰 축척·평행이동을 역산(1.270 m/화소)한 뒤 해치영역을 실좌표로 읽었다. 위치는 도면대로지만 **래스터 계측 오차 ±3m** 가 남는다"
여의도초등학교 운동장-44,여의도초등학교,40-3,운동장 지반,여의도초등학교 운동장,0,194366.458,547035.776,0.0,A− 도면기준(대응·제원 추론 포함),배치도 경계(래스터 계측) + 분석지점도 격자,도면,"격자 수·방위는 옥외체육장 분석지점도대로(칸마다 1점), **경계는 학교 위치 배치도에서 계측**했다. 배치도는 운동장을 해치로 칠하므로 AL_D010 건물 선화에 맞춰 축척·평행이동을 역산(1.270 m/화소)한 뒤 해치영역을 실좌표로 읽었다. 위치는 도면대로지만 **래스터 계측 오차 ±3m** 가 남는다"
여의도초등학교 운동장-45,여의도초등학교,40-3,운동장 지반,여의도초등학교 운동장,0,194360.872,547042.926,0.0,A− 도면기준(대응·제원 추론 포함),배치도 경계(래스터 계측) + 분석지점도 격자,도면,"격자 수·방위는 옥외체육장 분석지점도대로(칸마다 1점), **경계는 학교 위치 배치도에서 계측**했다. 배치도는 운동장을 해치로 칠하므로 AL_D010 건물 선화에 맞춰 축척·평행이동을 역산(1.270 m/화소)한 뒤 해치영역을 실좌표로 읽었다. 위치는 도면대로지만 **래스터 계측 오차 ±3m** 가 남는다"
여의도초등학교 운동장-46,여의도초등학교,40-3,운동장 지반,여의도초등학교 운동장,0,194355.285,547050.076,0.0,A− 도면기준(대응·제원 추론 포함),배치도 경계(래스터 계측) + 분석지점도 격자,도면,"격자 수·방위는 옥외체육장 분석지점도대로(칸마다 1점), **경계는 학교 위치 배치도에서 계측**했다. 배치도는 운동장을 해치로 칠하므로 AL_D010 건물 선화에 맞춰 축척·평행이동을 역산(1.270 m/화소)한 뒤 해치영역을 실좌표로 읽었다. 위치는 도면대로지만 **래스터 계측 오차 ±3m** 가 남는다"
여의도초등학교 운동장-47,여의도초등학교,40-3,운동장 지반,여의도초등학교 운동장,0,194349.699,547057.226,0.0,A− 도면기준(대응·제원 추론 포함),배치도 경계(래스터 계측) + 분석지점도 격자,도면,"격자 수·방위는 옥외체육장 분석지점도대로(칸마다 1점), **경계는 학교 위치 배치도에서 계측**했다. 배치도는 운동장을 해치로 칠하므로 AL_D010 건물 선화에 맞춰 축척·평행이동을 역산(1.270 m/화소)한 뒤 해치영역을 실좌표로 읽었다. 위치는 도면대로지만 **래스터 계측 오차 ±3m** 가 남는다"
여의도초등학교 운동장-48,여의도초등학교,40-3,운동장 지반,여의도초등학교 운동장,0,194344.113,547064.376,0.0,A− 도면기준(대응·제원 추론 포함),배치도 경계(래스터 계측) + 분석지점도 격자,도면,"격자 수·방위는 옥외체육장 분석지점도대로(칸마다 1점), **경계는 학교 위치 배치도에서 계측**했다. 배치도는 운동장을 해치로 칠하므로 AL_D010 건물 선화에 맞춰 축척·평행이동을 역산(1.270 m/화소)한 뒤 해치영역을 실좌표로 읽었다. 위치는 도면대로지만 **래스터 계측 오차 ±3m** 가 남는다"
여의도초등학교 운동장-49,여의도초등학교,40-3,운동장 지반,여의도초등학교 운동장,0,194376.233,547008.869,0.0,A− 도면기준(대응·제원 추론 포함),배치도 경계(래스터 계측) + 분석지점도 격자,도면,"격자 수·방위는 옥외체육장 분석지점도대로(칸마다 1점), **경계는 학교 위치 배치도에서 계측**했다. 배치도는 운동장을 해치로 칠하므로 AL_D010 건물 선화에 맞춰 축척·평행이동을 역산(1.270 m/화소)한 뒤 해치영역을 실좌표로 읽었다. 위치는 도면대로지만 **래스터 계측 오차 ±3m** 가 남는다"
여의도초등학교 운동장-50,여의도초등학교,40-3,운동장 지반,여의도초등학교 운동장,0,194370.646,547016.019,0.0,A− 도면기준(대응·제원 추론 포함),배치도 경계(래스터 계측) + 분석지점도 격자,도면,"격자 수·방위는 옥외체육장 분석지점도대로(칸마다 1점), **경계는 학교 위치 배치도에서 계측**했다. 배치도는 운동장을 해치로 칠하므로 AL_D010 건물 선화에 맞춰 축척·평행이동을 역산(1.270 m/화소)한 뒤 해치영역을 실좌표로 읽었다. 위치는 도면대로지만 **래스터 계측 오차 ±3m** 가 남는다"
여의도초등학교 운동장-51,여의도초등학교,40-3,운동장 지반,여의도초등학교 운동장,0,194365.06,547023.169,0.0,A− 도면기준(대응·제원 추론 포함),배치도 경계(래스터 계측) + 분석지점도 격자,도면,"격자 수·방위는 옥외체육장 분석지점도대로(칸마다 1점), **경계는 학교 위치 배치도에서 계측**했다. 배치도는 운동장을 해치로 칠하므로 AL_D010 건물 선화에 맞춰 축척·평행이동을 역산(1.270 m/화소)한 뒤 해치영역을 실좌표로 읽었다. 위치는 도면대로지만 **래스터 계측 오차 ±3m** 가 남는다"
여의도초등학교 운동장-52,여의도초등학교,40-3,운동장 지반,여의도초등학교 운동장,0,194359.474,547030.319,0.0,A− 도면기준(대응·제원 추론 포함),배치도 경계(래스터 계측) + 분석지점도 격자,도면,"격자 수·방위는 옥외체육장 분석지점도대로(칸마다 1점), **경계는 학교 위치 배치도에서 계측**했다. 배치도는 운동장을 해치로 칠하므로 AL_D010 건물 선화에 맞춰 축척·평행이동을 역산(1.270 m/화소)한 뒤 해치영역을 실좌표로 읽었다. 위치는 도면대로지만 **래스터 계측 오차 ±3m** 가 남는다"
여의도초등학교 운동장-53,여의도초등학교,40-3,운동장 지반,여의도초등학교 운동장,0,194353.888,547037.469,0.0,A− 도면기준(대응·제원 추론 포함),배치도 경계(래스터 계측) + 분석지점도 격자,도면,"격자 수·방위는 옥외체육장 분석지점도대로(칸마다 1점), **경계는 학교 위치 배치도에서 계측**했다. 배치도는 운동장을 해치로 칠하므로 AL_D010 건물 선화에 맞춰 축척·평행이동을 역산(1.270 m/화소)한 뒤 해치영역을 실좌표로 읽었다. 위치는 도면대로지만 **래스터 계측 오차 ±3m** 가 남는다"
여의도초등학교 운동장-54,여의도초등학교,40-3,운동장 지반,여의도초등학교 운동장,0,194348.302,547044.619,0.0,A− 도면기준(대응·제원 추론 포함),배치도 경계(래스터 계측) + 분석지점도 격자,도면,"격자 수·방위는 옥외체육장 분석지점도대로(칸마다 1점), **경계는 학교 위치 배치도에서 계측**했다. 배치도는 운동장을 해치로 칠하므로 AL_D010 건물 선화에 맞춰 축척·평행이동을 역산(1.270 m/화소)한 뒤 해치영역을 실좌표로 읽었다. 위치는 도면대로지만 **래스터 계측 오차 ±3m** 가 남는다"
여의도초등학교 운동장-55,여의도초등학교,40-3,운동장 지반,여의도초등학교 운동장,0,194342.715,547051.769,0.0,A− 도면기준(대응·제원 추론 포함),배치도 경계(래스터 계측) + 분석지점도 격자,도면,"격자 수·방위는 옥외체육장 분석지점도대로(칸마다 1점), **경계는 학교 위치 배치도에서 계측**했다. 배치도는 운동장을 해치로 칠하므로 AL_D010 건물 선화에 맞춰 축척·평행이동을 역산(1.270 m/화소)한 뒤 해치영역을 실좌표로 읽었다. 위치는 도면대로지만 **래스터 계측 오차 ±3m** 가 남는다"
여의도초등학교 운동장-56,여의도초등학교,40-3,운동장 지반,여의도초등학교 운동장,0,194337.129,547058.919,0.0,A− 도면기준(대응·제원 추론 포함),배치도 경계(래스터 계측) + 분석지점도 격자,도면,"격자 수·방위는 옥외체육장 분석지점도대로(칸마다 1점), **경계는 학교 위치 배치도에서 계측**했다. 배치도는 운동장을 해치로 칠하므로 AL_D010 건물 선화에 맞춰 축척·평행이동을 역산(1.270 m/화소)한 뒤 해치영역을 실좌표로 읽었다. 위치는 도면대로지만 **래스터 계측 오차 ±3m** 가 남는다"
여의도초등학교 운동장-57,여의도초등학교,40-3,운동장 지반,여의도초등학교 운동장,0,194369.249,547003.413,0.0,A− 도면기준(대응·제원 추론 포함),배치도 경계(래스터 계측) + 분석지점도 격자,도면,"격자 수·방위는 옥외체육장 분석지점도대로(칸마다 1점), **경계는 학교 위치 배치도에서 계측**했다. 배치도는 운동장을 해치로 칠하므로 AL_D010 건물 선화에 맞춰 축척·평행이동을 역산(1.270 m/화소)한 뒤 해치영역을 실좌표로 읽었다. 위치는 도면대로지만 **래스터 계측 오차 ±3m** 가 남는다"
여의도초등학교 운동장-58,여의도초등학교,40-3,운동장 지반,여의도초등학교 운동장,0,194363.663,547010.563,0.0,A− 도면기준(대응·제원 추론 포함),배치도 경계(래스터 계측) + 분석지점도 격자,도면,"격자 수·방위는 옥외체육장 분석지점도대로(칸마다 1점), **경계는 학교 위치 배치도에서 계측**했다. 배치도는 운동장을 해치로 칠하므로 AL_D010 건물 선화에 맞춰 축척·평행이동을 역산(1.270 m/화소)한 뒤 해치영역을 실좌표로 읽었다. 위치는 도면대로지만 **래스터 계측 오차 ±3m** 가 남는다"
여의도초등학교 운동장-59,여의도초등학교,40-3,운동장 지반,여의도초등학교 운동장,0,194358.077,547017.713,0.0,A− 도면기준(대응·제원 추론 포함),배치도 경계(래스터 계측) + 분석지점도 격자,도면,"격자 수·방위는 옥외체육장 분석지점도대로(칸마다 1점), **경계는 학교 위치 배치도에서 계측**했다. 배치도는 운동장을 해치로 칠하므로 AL_D010 건물 선화에 맞춰 축척·평행이동을 역산(1.270 m/화소)한 뒤 해치영역을 실좌표로 읽었다. 위치는 도면대로지만 **래스터 계측 오차 ±3m** 가 남는다"
여의도초등학교 운동장-60,여의도초등학교,40-3,운동장 지반,여의도초등학교 운동장,0,194352.49,547024.863,0.0,A− 도면기준(대응·제원 추론 포함),배치도 경계(래스터 계측) + 분석지점도 격자,도면,"격자 수·방위는 옥외체육장 분석지점도대로(칸마다 1점), **경계는 학교 위치 배치도에서 계측**했다. 배치도는 운동장을 해치로 칠하므로 AL_D010 건물 선화에 맞춰 축척·평행이동을 역산(1.270 m/화소)한 뒤 해치영역을 실좌표로 읽었다. 위치는 도면대로지만 **래스터 계측 오차 ±3m** 가 남는다"
여의도초등학교 운동장-61,여의도초등학교,40-3,운동장 지반,여의도초등학교 운동장,0,194346.904,547032.013,0.0,A− 도면기준(대응·제원 추론 포함),배치도 경계(래스터 계측) + 분석지점도 격자,도면,"격자 수·방위는 옥외체육장 분석지점도대로(칸마다 1점), **경계는 학교 위치 배치도에서 계측**했다. 배치도는 운동장을 해치로 칠하므로 AL_D010 건물 선화에 맞춰 축척·평행이동을 역산(1.270 m/화소)한 뒤 해치영역을 실좌표로 읽었다. 위치는 도면대로지만 **래스터 계측 오차 ±3m** 가 남는다"
여의도초등학교 운동장-62,여의도초등학교,40-3,운동장 지반,여의도초등학교 운동장,0,194341.318,547039.163,0.0,A− 도면기준(대응·제원 추론 포함),배치도 경계(래스터 계측) + 분석지점도 격자,도면,"격자 수·방위는 옥외체육장 분석지점도대로(칸마다 1점), **경계는 학교 위치 배치도에서 계측**했다. 배치도는 운동장을 해치로 칠하므로 AL_D010 건물 선화에 맞춰 축척·평행이동을 역산(1.270 m/화소)한 뒤 해치영역을 실좌표로 읽었다. 위치는 도면대로지만 **래스터 계측 오차 ±3m** 가 남는다"
여의도초등학교 운동장-63,여의도초등학교,40-3,운동장 지반,여의도초등학교 운동장,0,194335.732,547046.313,0.0,A− 도면기준(대응·제원 추론 포함),배치도 경계(래스터 계측) + 분석지점도 격자,도면,"격자 수·방위는 옥외체육장 분석지점도대로(칸마다 1점), **경계는 학교 위치 배치도에서 계측**했다. 배치도는 운동장을 해치로 칠하므로 AL_D010 건물 선화에 맞춰 축척·평행이동을 역산(1.270 m/화소)한 뒤 해치영역을 실좌표로 읽었다. 위치는 도면대로지만 **래스터 계측 오차 ±3m** 가 남는다"
여의도초등학교 운동장-64,여의도초등학교,40-3,운동장 지반,여의도초등학교 운동장,0,194330.145,547053.463,0.0,A− 도면기준(대응·제원 추론 포함),배치도 경계(래스터 계측) + 분석지점도 격자,도면,"격자 수·방위는 옥외체육장 분석지점도대로(칸마다 1점), **경계는 학교 위치 배치도에서 계측**했다. 배치도는 운동장을 해치로 칠하므로 AL_D010 건물 선화에 맞춰 축척·평행이동을 역산(1.270 m/화소)한 뒤 해치영역을 실좌표로 읽었다. 위치는 도면대로지만 **래스터 계측 오차 ±3m** 가 남는다"
