{
 "type": "FeatureCollection",
 "features": [
  {
   "type": "Feature",
   "geometry": {
    "type": "Point",
    "coordinates": [
     194086.467,
     547342.37
    ]
   },
   "properties": {
    "pid": "여의도고등학교 ①(4층) 1층-1",
    "school": "여의도고등학교",
    "jibun": "30-1",
    "kind": "교사동 창면",
    "dong": "여의도고등학교 ①(4층)",
    "floor": 1,
    "z_m": 1.2,
    "normal_az": 232.7,
    "grade": "B",
    "근거등급": "B 일반식(전부 추정)",
    "근거": "일반식(도면 없음)",
    "추정항목": "도면 미수령. 층고 3.5m·창중심 바닥+1.2m·남향계열 외벽 전체를 5m 등간격 으로 분할 — 층고·창높이·수평배치가 **전부 가정값**이다. 도면을 받으면 위치와 높이가 모두 바뀐다",
    "estimated": true
   }
  },
  {
   "type": "Feature",
   "geometry": {
    "type": "Point",
    "coordinates": [
     194086.467,
     547342.37
    ]
   },
   "properties": {
    "pid": "여의도고등학교 ①(4층) 2층-1",
    "school": "여의도고등학교",
    "jibun": "30-1",
    "kind": "교사동 창면",
    "dong": "여의도고등학교 ①(4층)",
    "floor": 2,
    "z_m": 4.7,
    "normal_az": 232.7,
    "grade": "B",
    "근거등급": "B 일반식(전부 추정)",
    "근거": "일반식(도면 없음)",
    "추정항목": "도면 미수령. 층고 3.5m·창중심 바닥+1.2m·남향계열 외벽 전체를 5m 등간격 으로 분할 — 층고·창높이·수평배치가 **전부 가정값**이다. 도면을 받으면 위치와 높이가 모두 바뀐다",
    "estimated": true
   }
  },
  {
   "type": "Feature",
   "geometry": {
    "type": "Point",
    "coordinates": [
     194086.467,
     547342.37
    ]
   },
   "properties": {
    "pid": "여의도고등학교 ①(4층) 3층-1",
    "school": "여의도고등학교",
    "jibun": "30-1",
    "kind": "교사동 창면",
    "dong": "여의도고등학교 ①(4층)",
    "floor": 3,
    "z_m": 8.2,
    "normal_az": 232.7,
    "grade": "B",
    "근거등급": "B 일반식(전부 추정)",
    "근거": "일반식(도면 없음)",
    "추정항목": "도면 미수령. 층고 3.5m·창중심 바닥+1.2m·남향계열 외벽 전체를 5m 등간격 으로 분할 — 층고·창높이·수평배치가 **전부 가정값**이다. 도면을 받으면 위치와 높이가 모두 바뀐다",
    "estimated": true
   }
  },
  {
   "type": "Feature",
   "geometry": {
    "type": "Point",
    "coordinates": [
     194086.467,
     547342.37
    ]
   },
   "properties": {
    "pid": "여의도고등학교 ①(4층) 4층-1",
    "school": "여의도고등학교",
    "jibun": "30-1",
    "kind": "교사동 창면",
    "dong": "여의도고등학교 ①(4층)",
    "floor": 4,
    "z_m": 11.7,
    "normal_az": 232.7,
    "grade": "B",
    "근거등급": "B 일반식(전부 추정)",
    "근거": "일반식(도면 없음)",
    "추정항목": "도면 미수령. 층고 3.5m·창중심 바닥+1.2m·남향계열 외벽 전체를 5m 등간격 으로 분할 — 층고·창높이·수평배치가 **전부 가정값**이다. 도면을 받으면 위치와 높이가 모두 바뀐다",
    "estimated": true
   }
  },
  {
   "type": "Feature",
   "geometry": {
    "type": "Point",
    "coordinates": [
     194081.156,
     547332.827
    ]
   },
   "properties": {
    "pid": "여의도고등학교 ①(4층) 1층-2",
    "school": "여의도고등학교",
    "jibun": "30-1",
    "kind": "교사동 창면",
    "dong": "여의도고등학교 ①(4층)",
    "floor": 1,
    "z_m": 1.2,
    "normal_az": 232.4,
    "grade": "B",
    "근거등급": "B 일반식(전부 추정)",
    "근거": "일반식(도면 없음)",
    "추정항목": "도면 미수령. 층고 3.5m·창중심 바닥+1.2m·남향계열 외벽 전체를 5m 등간격 으로 분할 — 층고·창높이·수평배치가 **전부 가정값**이다. 도면을 받으면 위치와 높이가 모두 바뀐다",
    "estimated": true
   }
  },
  {
   "type": "Feature",
   "geometry": {
    "type": "Point",
    "coordinates": [
     194081.156,
     547332.827
    ]
   },
   "properties": {
    "pid": "여의도고등학교 ①(4층) 2층-2",
    "school": "여의도고등학교",
    "jibun": "30-1",
    "kind": "교사동 창면",
    "dong": "여의도고등학교 ①(4층)",
    "floor": 2,
    "z_m": 4.7,
    "normal_az": 232.4,
    "grade": "B",
    "근거등급": "B 일반식(전부 추정)",
    "근거": "일반식(도면 없음)",
    "추정항목": "도면 미수령. 층고 3.5m·창중심 바닥+1.2m·남향계열 외벽 전체를 5m 등간격 으로 분할 — 층고·창높이·수평배치가 **전부 가정값**이다. 도면을 받으면 위치와 높이가 모두 바뀐다",
    "estimated": true
   }
  },
  {
   "type": "Feature",
   "geometry": {
    "type": "Point",
    "coordinates": [
     194081.156,
     547332.827
    ]
   },
   "properties": {
    "pid": "여의도고등학교 ①(4층) 3층-2",
    "school": "여의도고등학교",
    "jibun": "30-1",
    "kind": "교사동 창면",
    "dong": "여의도고등학교 ①(4층)",
    "floor": 3,
    "z_m": 8.2,
    "normal_az": 232.4,
    "grade": "B",
    "근거등급": "B 일반식(전부 추정)",
    "근거": "일반식(도면 없음)",
    "추정항목": "도면 미수령. 층고 3.5m·창중심 바닥+1.2m·남향계열 외벽 전체를 5m 등간격 으로 분할 — 층고·창높이·수평배치가 **전부 가정값**이다. 도면을 받으면 위치와 높이가 모두 바뀐다",
    "estimated": true
   }
  },
  {
   "type": "Feature",
   "geometry": {
    "type": "Point",
    "coordinates": [
     194081.156,
     547332.827
    ]
   },
   "properties": {
    "pid": "여의도고등학교 ①(4층) 4층-2",
    "school": "여의도고등학교",
    "jibun": "30-1",
    "kind": "교사동 창면",
    "dong": "여의도고등학교 ①(4층)",
    "floor": 4,
    "z_m": 11.7,
    "normal_az": 232.4,
    "grade": "B",
    "근거등급": "B 일반식(전부 추정)",
    "근거": "일반식(도면 없음)",
    "추정항목": "도면 미수령. 층고 3.5m·창중심 바닥+1.2m·남향계열 외벽 전체를 5m 등간격 으로 분할 — 층고·창높이·수평배치가 **전부 가정값**이다. 도면을 받으면 위치와 높이가 모두 바뀐다",
    "estimated": true
   }
  },
  {
   "type": "Feature",
   "geometry": {
    "type": "Point",
    "coordinates": [
     194084.596,
     547328.357
    ]
   },
   "properties": {
    "pid": "여의도고등학교 ①(4층) 1층-3",
    "school": "여의도고등학교",
    "jibun": "30-1",
    "kind": "교사동 창면",
    "dong": "여의도고등학교 ①(4층)",
    "floor": 1,
    "z_m": 1.2,
    "normal_az": 232.4,
    "grade": "B",
    "근거등급": "B 일반식(전부 추정)",
    "근거": "일반식(도면 없음)",
    "추정항목": "도면 미수령. 층고 3.5m·창중심 바닥+1.2m·남향계열 외벽 전체를 5m 등간격 으로 분할 — 층고·창높이·수평배치가 **전부 가정값**이다. 도면을 받으면 위치와 높이가 모두 바뀐다",
    "estimated": true
   }
  },
  {
   "type": "Feature",
   "geometry": {
    "type": "Point",
    "coordinates": [
     194084.596,
     547328.357
    ]
   },
   "properties": {
    "pid": "여의도고등학교 ①(4층) 2층-3",
    "school": "여의도고등학교",
    "jibun": "30-1",
    "kind": "교사동 창면",
    "dong": "여의도고등학교 ①(4층)",
    "floor": 2,
    "z_m": 4.7,
    "normal_az": 232.4,
    "grade": "B",
    "근거등급": "B 일반식(전부 추정)",
    "근거": "일반식(도면 없음)",
    "추정항목": "도면 미수령. 층고 3.5m·창중심 바닥+1.2m·남향계열 외벽 전체를 5m 등간격 으로 분할 — 층고·창높이·수평배치가 **전부 가정값**이다. 도면을 받으면 위치와 높이가 모두 바뀐다",
    "estimated": true
   }
  },
  {
   "type": "Feature",
   "geometry": {
    "type": "Point",
    "coordinates": [
     194084.596,
     547328.357
    ]
   },
   "properties": {
    "pid": "여의도고등학교 ①(4층) 3층-3",
    "school": "여의도고등학교",
    "jibun": "30-1",
    "kind": "교사동 창면",
    "dong": "여의도고등학교 ①(4층)",
    "floor": 3,
    "z_m": 8.2,
    "normal_az": 232.4,
    "grade": "B",
    "근거등급": "B 일반식(전부 추정)",
    "근거": "일반식(도면 없음)",
    "추정항목": "도면 미수령. 층고 3.5m·창중심 바닥+1.2m·남향계열 외벽 전체를 5m 등간격 으로 분할 — 층고·창높이·수평배치가 **전부 가정값**이다. 도면을 받으면 위치와 높이가 모두 바뀐다",
    "estimated": true
   }
  },
  {
   "type": "Feature",
   "geometry": {
    "type": "Point",
    "coordinates": [
     194084.596,
     547328.357
    ]
   },
   "properties": {
    "pid": "여의도고등학교 ①(4층) 4층-3",
    "school": "여의도고등학교",
    "jibun": "30-1",
    "kind": "교사동 창면",
    "dong": "여의도고등학교 ①(4층)",
    "floor": 4,
    "z_m": 11.7,
    "normal_az": 232.4,
    "grade": "B",
    "근거등급": "B 일반식(전부 추정)",
    "근거": "일반식(도면 없음)",
    "추정항목": "도면 미수령. 층고 3.5m·창중심 바닥+1.2m·남향계열 외벽 전체를 5m 등간격 으로 분할 — 층고·창높이·수평배치가 **전부 가정값**이다. 도면을 받으면 위치와 높이가 모두 바뀐다",
    "estimated": true
   }
  },
  {
   "type": "Feature",
   "geometry": {
    "type": "Point",
    "coordinates": [
     194088.784,
     547327.512
    ]
   },
   "properties": {
    "pid": "여의도고등학교 ①(4층) 1층-4",
    "school": "여의도고등학교",
    "jibun": "30-1",
    "kind": "교사동 창면",
    "dong": "여의도고등학교 ①(4층)",
    "floor": 1,
    "z_m": 1.2,
    "normal_az": 142.5,
    "grade": "B",
    "근거등급": "B 일반식(전부 추정)",
    "근거": "일반식(도면 없음)",
    "추정항목": "도면 미수령. 층고 3.5m·창중심 바닥+1.2m·남향계열 외벽 전체를 5m 등간격 으로 분할 — 층고·창높이·수평배치가 **전부 가정값**이다. 도면을 받으면 위치와 높이가 모두 바뀐다",
    "estimated": true
   }
  },
  {
   "type": "Feature",
   "geometry": {
    "type": "Point",
    "coordinates": [
     194088.784,
     547327.512
    ]
   },
   "properties": {
    "pid": "여의도고등학교 ①(4층) 2층-4",
    "school": "여의도고등학교",
    "jibun": "30-1",
    "kind": "교사동 창면",
    "dong": "여의도고등학교 ①(4층)",
    "floor": 2,
    "z_m": 4.7,
    "normal_az": 142.5,
    "grade": "B",
    "근거등급": "B 일반식(전부 추정)",
    "근거": "일반식(도면 없음)",
    "추정항목": "도면 미수령. 층고 3.5m·창중심 바닥+1.2m·남향계열 외벽 전체를 5m 등간격 으로 분할 — 층고·창높이·수평배치가 **전부 가정값**이다. 도면을 받으면 위치와 높이가 모두 바뀐다",
    "estimated": true
   }
  },
  {
   "type": "Feature",
   "geometry": {
    "type": "Point",
    "coordinates": [
     194088.784,
     547327.512
    ]
   },
   "properties": {
    "pid": "여의도고등학교 ①(4층) 3층-4",
    "school": "여의도고등학교",
    "jibun": "30-1",
    "kind": "교사동 창면",
    "dong": "여의도고등학교 ①(4층)",
    "floor": 3,
    "z_m": 8.2,
    "normal_az": 142.5,
    "grade": "B",
    "근거등급": "B 일반식(전부 추정)",
    "근거": "일반식(도면 없음)",
    "추정항목": "도면 미수령. 층고 3.5m·창중심 바닥+1.2m·남향계열 외벽 전체를 5m 등간격 으로 분할 — 층고·창높이·수평배치가 **전부 가정값**이다. 도면을 받으면 위치와 높이가 모두 바뀐다",
    "estimated": true
   }
  },
  {
   "type": "Feature",
   "geometry": {
    "type": "Point",
    "coordinates": [
     194088.784,
     547327.512
    ]
   },
   "properties": {
    "pid": "여의도고등학교 ①(4층) 4층-4",
    "school": "여의도고등학교",
    "jibun": "30-1",
    "kind": "교사동 창면",
    "dong": "여의도고등학교 ①(4층)",
    "floor": 4,
    "z_m": 11.7,
    "normal_az": 142.5,
    "grade": "B",
    "근거등급": "B 일반식(전부 추정)",
    "근거": "일반식(도면 없음)",
    "추정항목": "도면 미수령. 층고 3.5m·창중심 바닥+1.2m·남향계열 외벽 전체를 5m 등간격 으로 분할 — 층고·창높이·수평배치가 **전부 가정값**이다. 도면을 받으면 위치와 높이가 모두 바뀐다",
    "estimated": true
   }
  },
  {
   "type": "Feature",
   "geometry": {
    "type": "Point",
    "coordinates": [
     194092.599,
     547330.44
    ]
   },
   "properties": {
    "pid": "여의도고등학교 ①(4층) 1층-5",
    "school": "여의도고등학교",
    "jibun": "30-1",
    "kind": "교사동 창면",
    "dong": "여의도고등학교 ①(4층)",
    "floor": 1,
    "z_m": 1.2,
    "normal_az": 142.5,
    "grade": "B",
    "근거등급": "B 일반식(전부 추정)",
    "근거": "일반식(도면 없음)",
    "추정항목": "도면 미수령. 층고 3.5m·창중심 바닥+1.2m·남향계열 외벽 전체를 5m 등간격 으로 분할 — 층고·창높이·수평배치가 **전부 가정값**이다. 도면을 받으면 위치와 높이가 모두 바뀐다",
    "estimated": true
   }
  },
  {
   "type": "Feature",
   "geometry": {
    "type": "Point",
    "coordinates": [
     194092.599,
     547330.44
    ]
   },
   "properties": {
    "pid": "여의도고등학교 ①(4층) 2층-5",
    "school": "여의도고등학교",
    "jibun": "30-1",
    "kind": "교사동 창면",
    "dong": "여의도고등학교 ①(4층)",
    "floor": 2,
    "z_m": 4.7,
    "normal_az": 142.5,
    "grade": "B",
    "근거등급": "B 일반식(전부 추정)",
    "근거": "일반식(도면 없음)",
    "추정항목": "도면 미수령. 층고 3.5m·창중심 바닥+1.2m·남향계열 외벽 전체를 5m 등간격 으로 분할 — 층고·창높이·수평배치가 **전부 가정값**이다. 도면을 받으면 위치와 높이가 모두 바뀐다",
    "estimated": true
   }
  },
  {
   "type": "Feature",
   "geometry": {
    "type": "Point",
    "coordinates": [
     194092.599,
     547330.44
    ]
   },
   "properties": {
    "pid": "여의도고등학교 ①(4층) 3층-5",
    "school": "여의도고등학교",
    "jibun": "30-1",
    "kind": "교사동 창면",
    "dong": "여의도고등학교 ①(4층)",
    "floor": 3,
    "z_m": 8.2,
    "normal_az": 142.5,
    "grade": "B",
    "근거등급": "B 일반식(전부 추정)",
    "근거": "일반식(도면 없음)",
    "추정항목": "도면 미수령. 층고 3.5m·창중심 바닥+1.2m·남향계열 외벽 전체를 5m 등간격 으로 분할 — 층고·창높이·수평배치가 **전부 가정값**이다. 도면을 받으면 위치와 높이가 모두 바뀐다",
    "estimated": true
   }
  },
  {
   "type": "Feature",
   "geometry": {
    "type": "Point",
    "coordinates": [
     194092.599,
     547330.44
    ]
   },
   "properties": {
    "pid": "여의도고등학교 ①(4층) 4층-5",
    "school": "여의도고등학교",
    "jibun": "30-1",
    "kind": "교사동 창면",
    "dong": "여의도고등학교 ①(4층)",
    "floor": 4,
    "z_m": 11.7,
    "normal_az": 142.5,
    "grade": "B",
    "근거등급": "B 일반식(전부 추정)",
    "근거": "일반식(도면 없음)",
    "추정항목": "도면 미수령. 층고 3.5m·창중심 바닥+1.2m·남향계열 외벽 전체를 5m 등간격 으로 분할 — 층고·창높이·수평배치가 **전부 가정값**이다. 도면을 받으면 위치와 높이가 모두 바뀐다",
    "estimated": true
   }
  },
  {
   "type": "Feature",
   "geometry": {
    "type": "Point",
    "coordinates": [
     194096.414,
     547333.367
    ]
   },
   "properties": {
    "pid": "여의도고등학교 ①(4층) 1층-6",
    "school": "여의도고등학교",
    "jibun": "30-1",
    "kind": "교사동 창면",
    "dong": "여의도고등학교 ①(4층)",
    "floor": 1,
    "z_m": 1.2,
    "normal_az": 142.5,
    "grade": "B",
    "근거등급": "B 일반식(전부 추정)",
    "근거": "일반식(도면 없음)",
    "추정항목": "도면 미수령. 층고 3.5m·창중심 바닥+1.2m·남향계열 외벽 전체를 5m 등간격 으로 분할 — 층고·창높이·수평배치가 **전부 가정값**이다. 도면을 받으면 위치와 높이가 모두 바뀐다",
    "estimated": true
   }
  },
  {
   "type": "Feature",
   "geometry": {
    "type": "Point",
    "coordinates": [
     194096.414,
     547333.367
    ]
   },
   "properties": {
    "pid": "여의도고등학교 ①(4층) 2층-6",
    "school": "여의도고등학교",
    "jibun": "30-1",
    "kind": "교사동 창면",
    "dong": "여의도고등학교 ①(4층)",
    "floor": 2,
    "z_m": 4.7,
    "normal_az": 142.5,
    "grade": "B",
    "근거등급": "B 일반식(전부 추정)",
    "근거": "일반식(도면 없음)",
    "추정항목": "도면 미수령. 층고 3.5m·창중심 바닥+1.2m·남향계열 외벽 전체를 5m 등간격 으로 분할 — 층고·창높이·수평배치가 **전부 가정값**이다. 도면을 받으면 위치와 높이가 모두 바뀐다",
    "estimated": true
   }
  },
  {
   "type": "Feature",
   "geometry": {
    "type": "Point",
    "coordinates": [
     194096.414,
     547333.367
    ]
   },
   "properties": {
    "pid": "여의도고등학교 ①(4층) 3층-6",
    "school": "여의도고등학교",
    "jibun": "30-1",
    "kind": "교사동 창면",
    "dong": "여의도고등학교 ①(4층)",
    "floor": 3,
    "z_m": 8.2,
    "normal_az": 142.5,
    "grade": "B",
    "근거등급": "B 일반식(전부 추정)",
    "근거": "일반식(도면 없음)",
    "추정항목": "도면 미수령. 층고 3.5m·창중심 바닥+1.2m·남향계열 외벽 전체를 5m 등간격 으로 분할 — 층고·창높이·수평배치가 **전부 가정값**이다. 도면을 받으면 위치와 높이가 모두 바뀐다",
    "estimated": true
   }
  },
  {
   "type": "Feature",
   "geometry": {
    "type": "Point",
    "coordinates": [
     194096.414,
     547333.367
    ]
   },
   "properties": {
    "pid": "여의도고등학교 ①(4층) 4층-6",
    "school": "여의도고등학교",
    "jibun": "30-1",
    "kind": "교사동 창면",
    "dong": "여의도고등학교 ①(4층)",
    "floor": 4,
    "z_m": 11.7,
    "normal_az": 142.5,
    "grade": "B",
    "근거등급": "B 일반식(전부 추정)",
    "근거": "일반식(도면 없음)",
    "추정항목": "도면 미수령. 층고 3.5m·창중심 바닥+1.2m·남향계열 외벽 전체를 5m 등간격 으로 분할 — 층고·창높이·수평배치가 **전부 가정값**이다. 도면을 받으면 위치와 높이가 모두 바뀐다",
    "estimated": true
   }
  },
  {
   "type": "Feature",
   "geometry": {
    "type": "Point",
    "coordinates": [
     194100.229,
     547336.295
    ]
   },
   "properties": {
    "pid": "여의도고등학교 ①(4층) 1층-7",
    "school": "여의도고등학교",
    "jibun": "30-1",
    "kind": "교사동 창면",
    "dong": "여의도고등학교 ①(4층)",
    "floor": 1,
    "z_m": 1.2,
    "normal_az": 142.5,
    "grade": "B",
    "근거등급": "B 일반식(전부 추정)",
    "근거": "일반식(도면 없음)",
    "추정항목": "도면 미수령. 층고 3.5m·창중심 바닥+1.2m·남향계열 외벽 전체를 5m 등간격 으로 분할 — 층고·창높이·수평배치가 **전부 가정값**이다. 도면을 받으면 위치와 높이가 모두 바뀐다",
    "estimated": true
   }
  },
  {
   "type": "Feature",
   "geometry": {
    "type": "Point",
    "coordinates": [
     194100.229,
     547336.295
    ]
   },
   "properties": {
    "pid": "여의도고등학교 ①(4층) 2층-7",
    "school": "여의도고등학교",
    "jibun": "30-1",
    "kind": "교사동 창면",
    "dong": "여의도고등학교 ①(4층)",
    "floor": 2,
    "z_m": 4.7,
    "normal_az": 142.5,
    "grade": "B",
    "근거등급": "B 일반식(전부 추정)",
    "근거": "일반식(도면 없음)",
    "추정항목": "도면 미수령. 층고 3.5m·창중심 바닥+1.2m·남향계열 외벽 전체를 5m 등간격 으로 분할 — 층고·창높이·수평배치가 **전부 가정값**이다. 도면을 받으면 위치와 높이가 모두 바뀐다",
    "estimated": true
   }
  },
  {
   "type": "Feature",
   "geometry": {
    "type": "Point",
    "coordinates": [
     194100.229,
     547336.295
    ]
   },
   "properties": {
    "pid": "여의도고등학교 ①(4층) 3층-7",
    "school": "여의도고등학교",
    "jibun": "30-1",
    "kind": "교사동 창면",
    "dong": "여의도고등학교 ①(4층)",
    "floor": 3,
    "z_m": 8.2,
    "normal_az": 142.5,
    "grade": "B",
    "근거등급": "B 일반식(전부 추정)",
    "근거": "일반식(도면 없음)",
    "추정항목": "도면 미수령. 층고 3.5m·창중심 바닥+1.2m·남향계열 외벽 전체를 5m 등간격 으로 분할 — 층고·창높이·수평배치가 **전부 가정값**이다. 도면을 받으면 위치와 높이가 모두 바뀐다",
    "estimated": true
   }
  },
  {
   "type": "Feature",
   "geometry": {
    "type": "Point",
    "coordinates": [
     194100.229,
     547336.295
    ]
   },
   "properties": {
    "pid": "여의도고등학교 ①(4층) 4층-7",
    "school": "여의도고등학교",
    "jibun": "30-1",
    "kind": "교사동 창면",
    "dong": "여의도고등학교 ①(4층)",
    "floor": 4,
    "z_m": 11.7,
    "normal_az": 142.5,
    "grade": "B",
    "근거등급": "B 일반식(전부 추정)",
    "근거": "일반식(도면 없음)",
    "추정항목": "도면 미수령. 층고 3.5m·창중심 바닥+1.2m·남향계열 외벽 전체를 5m 등간격 으로 분할 — 층고·창높이·수평배치가 **전부 가정값**이다. 도면을 받으면 위치와 높이가 모두 바뀐다",
    "estimated": true
   }
  },
  {
   "type": "Feature",
   "geometry": {
    "type": "Point",
    "coordinates": [
     194104.044,
     547339.222
    ]
   },
   "properties": {
    "pid": "여의도고등학교 ①(4층) 1층-8",
    "school": "여의도고등학교",
    "jibun": "30-1",
    "kind": "교사동 창면",
    "dong": "여의도고등학교 ①(4층)",
    "floor": 1,
    "z_m": 1.2,
    "normal_az": 142.5,
    "grade": "B",
    "근거등급": "B 일반식(전부 추정)",
    "근거": "일반식(도면 없음)",
    "추정항목": "도면 미수령. 층고 3.5m·창중심 바닥+1.2m·남향계열 외벽 전체를 5m 등간격 으로 분할 — 층고·창높이·수평배치가 **전부 가정값**이다. 도면을 받으면 위치와 높이가 모두 바뀐다",
    "estimated": true
   }
  },
  {
   "type": "Feature",
   "geometry": {
    "type": "Point",
    "coordinates": [
     194104.044,
     547339.222
    ]
   },
   "properties": {
    "pid": "여의도고등학교 ①(4층) 2층-8",
    "school": "여의도고등학교",
    "jibun": "30-1",
    "kind": "교사동 창면",
    "dong": "여의도고등학교 ①(4층)",
    "floor": 2,
    "z_m": 4.7,
    "normal_az": 142.5,
    "grade": "B",
    "근거등급": "B 일반식(전부 추정)",
    "근거": "일반식(도면 없음)",
    "추정항목": "도면 미수령. 층고 3.5m·창중심 바닥+1.2m·남향계열 외벽 전체를 5m 등간격 으로 분할 — 층고·창높이·수평배치가 **전부 가정값**이다. 도면을 받으면 위치와 높이가 모두 바뀐다",
    "estimated": true
   }
  },
  {
   "type": "Feature",
   "geometry": {
    "type": "Point",
    "coordinates": [
     194104.044,
     547339.222
    ]
   },
   "properties": {
    "pid": "여의도고등학교 ①(4층) 3층-8",
    "school": "여의도고등학교",
    "jibun": "30-1",
    "kind": "교사동 창면",
    "dong": "여의도고등학교 ①(4층)",
    "floor": 3,
    "z_m": 8.2,
    "normal_az": 142.5,
    "grade": "B",
    "근거등급": "B 일반식(전부 추정)",
    "근거": "일반식(도면 없음)",
    "추정항목": "도면 미수령. 층고 3.5m·창중심 바닥+1.2m·남향계열 외벽 전체를 5m 등간격 으로 분할 — 층고·창높이·수평배치가 **전부 가정값**이다. 도면을 받으면 위치와 높이가 모두 바뀐다",
    "estimated": true
   }
  },
  {
   "type": "Feature",
   "geometry": {
    "type": "Point",
    "coordinates": [
     194104.044,
     547339.222
    ]
   },
   "properties": {
    "pid": "여의도고등학교 ①(4층) 4층-8",
    "school": "여의도고등학교",
    "jibun": "30-1",
    "kind": "교사동 창면",
    "dong": "여의도고등학교 ①(4층)",
    "floor": 4,
    "z_m": 11.7,
    "normal_az": 142.5,
    "grade": "B",
    "근거등급": "B 일반식(전부 추정)",
    "근거": "일반식(도면 없음)",
    "추정항목": "도면 미수령. 층고 3.5m·창중심 바닥+1.2m·남향계열 외벽 전체를 5m 등간격 으로 분할 — 층고·창높이·수평배치가 **전부 가정값**이다. 도면을 받으면 위치와 높이가 모두 바뀐다",
    "estimated": true
   }
  },
  {
   "type": "Feature",
   "geometry": {
    "type": "Point",
    "coordinates": [
     194107.859,
     547342.15
    ]
   },
   "properties": {
    "pid": "여의도고등학교 ①(4층) 1층-9",
    "school": "여의도고등학교",
    "jibun": "30-1",
    "kind": "교사동 창면",
    "dong": "여의도고등학교 ①(4층)",
    "floor": 1,
    "z_m": 1.2,
    "normal_az": 142.5,
    "grade": "B",
    "근거등급": "B 일반식(전부 추정)",
    "근거": "일반식(도면 없음)",
    "추정항목": "도면 미수령. 층고 3.5m·창중심 바닥+1.2m·남향계열 외벽 전체를 5m 등간격 으로 분할 — 층고·창높이·수평배치가 **전부 가정값**이다. 도면을 받으면 위치와 높이가 모두 바뀐다",
    "estimated": true
   }
  },
  {
   "type": "Feature",
   "geometry": {
    "type": "Point",
    "coordinates": [
     194107.859,
     547342.15
    ]
   },
   "properties": {
    "pid": "여의도고등학교 ①(4층) 2층-9",
    "school": "여의도고등학교",
    "jibun": "30-1",
    "kind": "교사동 창면",
    "dong": "여의도고등학교 ①(4층)",
    "floor": 2,
    "z_m": 4.7,
    "normal_az": 142.5,
    "grade": "B",
    "근거등급": "B 일반식(전부 추정)",
    "근거": "일반식(도면 없음)",
    "추정항목": "도면 미수령. 층고 3.5m·창중심 바닥+1.2m·남향계열 외벽 전체를 5m 등간격 으로 분할 — 층고·창높이·수평배치가 **전부 가정값**이다. 도면을 받으면 위치와 높이가 모두 바뀐다",
    "estimated": true
   }
  },
  {
   "type": "Feature",
   "geometry": {
    "type": "Point",
    "coordinates": [
     194107.859,
     547342.15
    ]
   },
   "properties": {
    "pid": "여의도고등학교 ①(4층) 3층-9",
    "school": "여의도고등학교",
    "jibun": "30-1",
    "kind": "교사동 창면",
    "dong": "여의도고등학교 ①(4층)",
    "floor": 3,
    "z_m": 8.2,
    "normal_az": 142.5,
    "grade": "B",
    "근거등급": "B 일반식(전부 추정)",
    "근거": "일반식(도면 없음)",
    "추정항목": "도면 미수령. 층고 3.5m·창중심 바닥+1.2m·남향계열 외벽 전체를 5m 등간격 으로 분할 — 층고·창높이·수평배치가 **전부 가정값**이다. 도면을 받으면 위치와 높이가 모두 바뀐다",
    "estimated": true
   }
  },
  {
   "type": "Feature",
   "geometry": {
    "type": "Point",
    "coordinates": [
     194107.859,
     547342.15
    ]
   },
   "properties": {
    "pid": "여의도고등학교 ①(4층) 4층-9",
    "school": "여의도고등학교",
    "jibun": "30-1",
    "kind": "교사동 창면",
    "dong": "여의도고등학교 ①(4층)",
    "floor": 4,
    "z_m": 11.7,
    "normal_az": 142.5,
    "grade": "B",
    "근거등급": "B 일반식(전부 추정)",
    "근거": "일반식(도면 없음)",
    "추정항목": "도면 미수령. 층고 3.5m·창중심 바닥+1.2m·남향계열 외벽 전체를 5m 등간격 으로 분할 — 층고·창높이·수평배치가 **전부 가정값**이다. 도면을 받으면 위치와 높이가 모두 바뀐다",
    "estimated": true
   }
  },
  {
   "type": "Feature",
   "geometry": {
    "type": "Point",
    "coordinates": [
     194111.674,
     547345.077
    ]
   },
   "properties": {
    "pid": "여의도고등학교 ①(4층) 1층-10",
    "school": "여의도고등학교",
    "jibun": "30-1",
    "kind": "교사동 창면",
    "dong": "여의도고등학교 ①(4층)",
    "floor": 1,
    "z_m": 1.2,
    "normal_az": 142.5,
    "grade": "B",
    "근거등급": "B 일반식(전부 추정)",
    "근거": "일반식(도면 없음)",
    "추정항목": "도면 미수령. 층고 3.5m·창중심 바닥+1.2m·남향계열 외벽 전체를 5m 등간격 으로 분할 — 층고·창높이·수평배치가 **전부 가정값**이다. 도면을 받으면 위치와 높이가 모두 바뀐다",
    "estimated": true
   }
  },
  {
   "type": "Feature",
   "geometry": {
    "type": "Point",
    "coordinates": [
     194111.674,
     547345.077
    ]
   },
   "properties": {
    "pid": "여의도고등학교 ①(4층) 2층-10",
    "school": "여의도고등학교",
    "jibun": "30-1",
    "kind": "교사동 창면",
    "dong": "여의도고등학교 ①(4층)",
    "floor": 2,
    "z_m": 4.7,
    "normal_az": 142.5,
    "grade": "B",
    "근거등급": "B 일반식(전부 추정)",
    "근거": "일반식(도면 없음)",
    "추정항목": "도면 미수령. 층고 3.5m·창중심 바닥+1.2m·남향계열 외벽 전체를 5m 등간격 으로 분할 — 층고·창높이·수평배치가 **전부 가정값**이다. 도면을 받으면 위치와 높이가 모두 바뀐다",
    "estimated": true
   }
  },
  {
   "type": "Feature",
   "geometry": {
    "type": "Point",
    "coordinates": [
     194111.674,
     547345.077
    ]
   },
   "properties": {
    "pid": "여의도고등학교 ①(4층) 3층-10",
    "school": "여의도고등학교",
    "jibun": "30-1",
    "kind": "교사동 창면",
    "dong": "여의도고등학교 ①(4층)",
    "floor": 3,
    "z_m": 8.2,
    "normal_az": 142.5,
    "grade": "B",
    "근거등급": "B 일반식(전부 추정)",
    "근거": "일반식(도면 없음)",
    "추정항목": "도면 미수령. 층고 3.5m·창중심 바닥+1.2m·남향계열 외벽 전체를 5m 등간격 으로 분할 — 층고·창높이·수평배치가 **전부 가정값**이다. 도면을 받으면 위치와 높이가 모두 바뀐다",
    "estimated": true
   }
  },
  {
   "type": "Feature",
   "geometry": {
    "type": "Point",
    "coordinates": [
     194111.674,
     547345.077
    ]
   },
   "properties": {
    "pid": "여의도고등학교 ①(4층) 4층-10",
    "school": "여의도고등학교",
    "jibun": "30-1",
    "kind": "교사동 창면",
    "dong": "여의도고등학교 ①(4층)",
    "floor": 4,
    "z_m": 11.7,
    "normal_az": 142.5,
    "grade": "B",
    "근거등급": "B 일반식(전부 추정)",
    "근거": "일반식(도면 없음)",
    "추정항목": "도면 미수령. 층고 3.5m·창중심 바닥+1.2m·남향계열 외벽 전체를 5m 등간격 으로 분할 — 층고·창높이·수평배치가 **전부 가정값**이다. 도면을 받으면 위치와 높이가 모두 바뀐다",
    "estimated": true
   }
  },
  {
   "type": "Feature",
   "geometry": {
    "type": "Point",
    "coordinates": [
     194115.489,
     547348.005
    ]
   },
   "properties": {
    "pid": "여의도고등학교 ①(4층) 1층-11",
    "school": "여의도고등학교",
    "jibun": "30-1",
    "kind": "교사동 창면",
    "dong": "여의도고등학교 ①(4층)",
    "floor": 1,
    "z_m": 1.2,
    "normal_az": 142.5,
    "grade": "B",
    "근거등급": "B 일반식(전부 추정)",
    "근거": "일반식(도면 없음)",
    "추정항목": "도면 미수령. 층고 3.5m·창중심 바닥+1.2m·남향계열 외벽 전체를 5m 등간격 으로 분할 — 층고·창높이·수평배치가 **전부 가정값**이다. 도면을 받으면 위치와 높이가 모두 바뀐다",
    "estimated": true
   }
  },
  {
   "type": "Feature",
   "geometry": {
    "type": "Point",
    "coordinates": [
     194115.489,
     547348.005
    ]
   },
   "properties": {
    "pid": "여의도고등학교 ①(4층) 2층-11",
    "school": "여의도고등학교",
    "jibun": "30-1",
    "kind": "교사동 창면",
    "dong": "여의도고등학교 ①(4층)",
    "floor": 2,
    "z_m": 4.7,
    "normal_az": 142.5,
    "grade": "B",
    "근거등급": "B 일반식(전부 추정)",
    "근거": "일반식(도면 없음)",
    "추정항목": "도면 미수령. 층고 3.5m·창중심 바닥+1.2m·남향계열 외벽 전체를 5m 등간격 으로 분할 — 층고·창높이·수평배치가 **전부 가정값**이다. 도면을 받으면 위치와 높이가 모두 바뀐다",
    "estimated": true
   }
  },
  {
   "type": "Feature",
   "geometry": {
    "type": "Point",
    "coordinates": [
     194115.489,
     547348.005
    ]
   },
   "properties": {
    "pid": "여의도고등학교 ①(4층) 3층-11",
    "school": "여의도고등학교",
    "jibun": "30-1",
    "kind": "교사동 창면",
    "dong": "여의도고등학교 ①(4층)",
    "floor": 3,
    "z_m": 8.2,
    "normal_az": 142.5,
    "grade": "B",
    "근거등급": "B 일반식(전부 추정)",
    "근거": "일반식(도면 없음)",
    "추정항목": "도면 미수령. 층고 3.5m·창중심 바닥+1.2m·남향계열 외벽 전체를 5m 등간격 으로 분할 — 층고·창높이·수평배치가 **전부 가정값**이다. 도면을 받으면 위치와 높이가 모두 바뀐다",
    "estimated": true
   }
  },
  {
   "type": "Feature",
   "geometry": {
    "type": "Point",
    "coordinates": [
     194115.489,
     547348.005
    ]
   },
   "properties": {
    "pid": "여의도고등학교 ①(4층) 4층-11",
    "school": "여의도고등학교",
    "jibun": "30-1",
    "kind": "교사동 창면",
    "dong": "여의도고등학교 ①(4층)",
    "floor": 4,
    "z_m": 11.7,
    "normal_az": 142.5,
    "grade": "B",
    "근거등급": "B 일반식(전부 추정)",
    "근거": "일반식(도면 없음)",
    "추정항목": "도면 미수령. 층고 3.5m·창중심 바닥+1.2m·남향계열 외벽 전체를 5m 등간격 으로 분할 — 층고·창높이·수평배치가 **전부 가정값**이다. 도면을 받으면 위치와 높이가 모두 바뀐다",
    "estimated": true
   }
  },
  {
   "type": "Feature",
   "geometry": {
    "type": "Point",
    "coordinates": [
     194121.43,
     547356.524
    ]
   },
   "properties": {
    "pid": "여의도고등학교 ②(4층) 1층-1",
    "school": "여의도고등학교",
    "jibun": "30-1",
    "kind": "교사동 창면",
    "dong": "여의도고등학교 ②(4층)",
    "floor": 1,
    "z_m": 1.2,
    "normal_az": 232.0,
    "grade": "B",
    "근거등급": "B 일반식(전부 추정)",
    "근거": "일반식(도면 없음)",
    "추정항목": "도면 미수령. 층고 3.5m·창중심 바닥+1.2m·남향계열 외벽 전체를 5m 등간격 으로 분할 — 층고·창높이·수평배치가 **전부 가정값**이다. 도면을 받으면 위치와 높이가 모두 바뀐다",
    "estimated": true
   }
  },
  {
   "type": "Feature",
   "geometry": {
    "type": "Point",
    "coordinates": [
     194121.43,
     547356.524
    ]
   },
   "properties": {
    "pid": "여의도고등학교 ②(4층) 2층-1",
    "school": "여의도고등학교",
    "jibun": "30-1",
    "kind": "교사동 창면",
    "dong": "여의도고등학교 ②(4층)",
    "floor": 2,
    "z_m": 4.7,
    "normal_az": 232.0,
    "grade": "B",
    "근거등급": "B 일반식(전부 추정)",
    "근거": "일반식(도면 없음)",
    "추정항목": "도면 미수령. 층고 3.5m·창중심 바닥+1.2m·남향계열 외벽 전체를 5m 등간격 으로 분할 — 층고·창높이·수평배치가 **전부 가정값**이다. 도면을 받으면 위치와 높이가 모두 바뀐다",
    "estimated": true
   }
  },
  {
   "type": "Feature",
   "geometry": {
    "type": "Point",
    "coordinates": [
     194121.43,
     547356.524
    ]
   },
   "properties": {
    "pid": "여의도고등학교 ②(4층) 3층-1",
    "school": "여의도고등학교",
    "jibun": "30-1",
    "kind": "교사동 창면",
    "dong": "여의도고등학교 ②(4층)",
    "floor": 3,
    "z_m": 8.2,
    "normal_az": 232.0,
    "grade": "B",
    "근거등급": "B 일반식(전부 추정)",
    "근거": "일반식(도면 없음)",
    "추정항목": "도면 미수령. 층고 3.5m·창중심 바닥+1.2m·남향계열 외벽 전체를 5m 등간격 으로 분할 — 층고·창높이·수평배치가 **전부 가정값**이다. 도면을 받으면 위치와 높이가 모두 바뀐다",
    "estimated": true
   }
  },
  {
   "type": "Feature",
   "geometry": {
    "type": "Point",
    "coordinates": [
     194121.43,
     547356.524
    ]
   },
   "properties": {
    "pid": "여의도고등학교 ②(4층) 4층-1",
    "school": "여의도고등학교",
    "jibun": "30-1",
    "kind": "교사동 창면",
    "dong": "여의도고등학교 ②(4층)",
    "floor": 4,
    "z_m": 11.7,
    "normal_az": 232.0,
    "grade": "B",
    "근거등급": "B 일반식(전부 추정)",
    "근거": "일반식(도면 없음)",
    "추정항목": "도면 미수령. 층고 3.5m·창중심 바닥+1.2m·남향계열 외벽 전체를 5m 등간격 으로 분할 — 층고·창높이·수평배치가 **전부 가정값**이다. 도면을 받으면 위치와 높이가 모두 바뀐다",
    "estimated": true
   }
  },
  {
   "type": "Feature",
   "geometry": {
    "type": "Point",
    "coordinates": [
     194124.473,
     547352.634
    ]
   },
   "properties": {
    "pid": "여의도고등학교 ②(4층) 1층-2",
    "school": "여의도고등학교",
    "jibun": "30-1",
    "kind": "교사동 창면",
    "dong": "여의도고등학교 ②(4층)",
    "floor": 1,
    "z_m": 1.2,
    "normal_az": 232.0,
    "grade": "B",
    "근거등급": "B 일반식(전부 추정)",
    "근거": "일반식(도면 없음)",
    "추정항목": "도면 미수령. 층고 3.5m·창중심 바닥+1.2m·남향계열 외벽 전체를 5m 등간격 으로 분할 — 층고·창높이·수평배치가 **전부 가정값**이다. 도면을 받으면 위치와 높이가 모두 바뀐다",
    "estimated": true
   }
  },
  {
   "type": "Feature",
   "geometry": {
    "type": "Point",
    "coordinates": [
     194124.473,
     547352.634
    ]
   },
   "properties": {
    "pid": "여의도고등학교 ②(4층) 2층-2",
    "school": "여의도고등학교",
    "jibun": "30-1",
    "kind": "교사동 창면",
    "dong": "여의도고등학교 ②(4층)",
    "floor": 2,
    "z_m": 4.7,
    "normal_az": 232.0,
    "grade": "B",
    "근거등급": "B 일반식(전부 추정)",
    "근거": "일반식(도면 없음)",
    "추정항목": "도면 미수령. 층고 3.5m·창중심 바닥+1.2m·남향계열 외벽 전체를 5m 등간격 으로 분할 — 층고·창높이·수평배치가 **전부 가정값**이다. 도면을 받으면 위치와 높이가 모두 바뀐다",
    "estimated": true
   }
  },
  {
   "type": "Feature",
   "geometry": {
    "type": "Point",
    "coordinates": [
     194124.473,
     547352.634
    ]
   },
   "properties": {
    "pid": "여의도고등학교 ②(4층) 3층-2",
    "school": "여의도고등학교",
    "jibun": "30-1",
    "kind": "교사동 창면",
    "dong": "여의도고등학교 ②(4층)",
    "floor": 3,
    "z_m": 8.2,
    "normal_az": 232.0,
    "grade": "B",
    "근거등급": "B 일반식(전부 추정)",
    "근거": "일반식(도면 없음)",
    "추정항목": "도면 미수령. 층고 3.5m·창중심 바닥+1.2m·남향계열 외벽 전체를 5m 등간격 으로 분할 — 층고·창높이·수평배치가 **전부 가정값**이다. 도면을 받으면 위치와 높이가 모두 바뀐다",
    "estimated": true
   }
  },
  {
   "type": "Feature",
   "geometry": {
    "type": "Point",
    "coordinates": [
     194124.473,
     547352.634
    ]
   },
   "properties": {
    "pid": "여의도고등학교 ②(4층) 4층-2",
    "school": "여의도고등학교",
    "jibun": "30-1",
    "kind": "교사동 창면",
    "dong": "여의도고등학교 ②(4층)",
    "floor": 4,
    "z_m": 11.7,
    "normal_az": 232.0,
    "grade": "B",
    "근거등급": "B 일반식(전부 추정)",
    "근거": "일반식(도면 없음)",
    "추정항목": "도면 미수령. 층고 3.5m·창중심 바닥+1.2m·남향계열 외벽 전체를 5m 등간격 으로 분할 — 층고·창높이·수평배치가 **전부 가정값**이다. 도면을 받으면 위치와 높이가 모두 바뀐다",
    "estimated": true
   }
  },
  {
   "type": "Feature",
   "geometry": {
    "type": "Point",
    "coordinates": [
     194127.517,
     547348.743
    ]
   },
   "properties": {
    "pid": "여의도고등학교 ②(4층) 1층-3",
    "school": "여의도고등학교",
    "jibun": "30-1",
    "kind": "교사동 창면",
    "dong": "여의도고등학교 ②(4층)",
    "floor": 1,
    "z_m": 1.2,
    "normal_az": 232.0,
    "grade": "B",
    "근거등급": "B 일반식(전부 추정)",
    "근거": "일반식(도면 없음)",
    "추정항목": "도면 미수령. 층고 3.5m·창중심 바닥+1.2m·남향계열 외벽 전체를 5m 등간격 으로 분할 — 층고·창높이·수평배치가 **전부 가정값**이다. 도면을 받으면 위치와 높이가 모두 바뀐다",
    "estimated": true
   }
  },
  {
   "type": "Feature",
   "geometry": {
    "type": "Point",
    "coordinates": [
     194127.517,
     547348.743
    ]
   },
   "properties": {
    "pid": "여의도고등학교 ②(4층) 2층-3",
    "school": "여의도고등학교",
    "jibun": "30-1",
    "kind": "교사동 창면",
    "dong": "여의도고등학교 ②(4층)",
    "floor": 2,
    "z_m": 4.7,
    "normal_az": 232.0,
    "grade": "B",
    "근거등급": "B 일반식(전부 추정)",
    "근거": "일반식(도면 없음)",
    "추정항목": "도면 미수령. 층고 3.5m·창중심 바닥+1.2m·남향계열 외벽 전체를 5m 등간격 으로 분할 — 층고·창높이·수평배치가 **전부 가정값**이다. 도면을 받으면 위치와 높이가 모두 바뀐다",
    "estimated": true
   }
  },
  {
   "type": "Feature",
   "geometry": {
    "type": "Point",
    "coordinates": [
     194127.517,
     547348.743
    ]
   },
   "properties": {
    "pid": "여의도고등학교 ②(4층) 3층-3",
    "school": "여의도고등학교",
    "jibun": "30-1",
    "kind": "교사동 창면",
    "dong": "여의도고등학교 ②(4층)",
    "floor": 3,
    "z_m": 8.2,
    "normal_az": 232.0,
    "grade": "B",
    "근거등급": "B 일반식(전부 추정)",
    "근거": "일반식(도면 없음)",
    "추정항목": "도면 미수령. 층고 3.5m·창중심 바닥+1.2m·남향계열 외벽 전체를 5m 등간격 으로 분할 — 층고·창높이·수평배치가 **전부 가정값**이다. 도면을 받으면 위치와 높이가 모두 바뀐다",
    "estimated": true
   }
  },
  {
   "type": "Feature",
   "geometry": {
    "type": "Point",
    "coordinates": [
     194127.517,
     547348.743
    ]
   },
   "properties": {
    "pid": "여의도고등학교 ②(4층) 4층-3",
    "school": "여의도고등학교",
    "jibun": "30-1",
    "kind": "교사동 창면",
    "dong": "여의도고등학교 ②(4층)",
    "floor": 4,
    "z_m": 11.7,
    "normal_az": 232.0,
    "grade": "B",
    "근거등급": "B 일반식(전부 추정)",
    "근거": "일반식(도면 없음)",
    "추정항목": "도면 미수령. 층고 3.5m·창중심 바닥+1.2m·남향계열 외벽 전체를 5m 등간격 으로 분할 — 층고·창높이·수평배치가 **전부 가정값**이다. 도면을 받으면 위치와 높이가 모두 바뀐다",
    "estimated": true
   }
  },
  {
   "type": "Feature",
   "geometry": {
    "type": "Point",
    "coordinates": [
     194130.56,
     547344.853
    ]
   },
   "properties": {
    "pid": "여의도고등학교 ②(4층) 1층-4",
    "school": "여의도고등학교",
    "jibun": "30-1",
    "kind": "교사동 창면",
    "dong": "여의도고등학교 ②(4층)",
    "floor": 1,
    "z_m": 1.2,
    "normal_az": 232.0,
    "grade": "B",
    "근거등급": "B 일반식(전부 추정)",
    "근거": "일반식(도면 없음)",
    "추정항목": "도면 미수령. 층고 3.5m·창중심 바닥+1.2m·남향계열 외벽 전체를 5m 등간격 으로 분할 — 층고·창높이·수평배치가 **전부 가정값**이다. 도면을 받으면 위치와 높이가 모두 바뀐다",
    "estimated": true
   }
  },
  {
   "type": "Feature",
   "geometry": {
    "type": "Point",
    "coordinates": [
     194130.56,
     547344.853
    ]
   },
   "properties": {
    "pid": "여의도고등학교 ②(4층) 2층-4",
    "school": "여의도고등학교",
    "jibun": "30-1",
    "kind": "교사동 창면",
    "dong": "여의도고등학교 ②(4층)",
    "floor": 2,
    "z_m": 4.7,
    "normal_az": 232.0,
    "grade": "B",
    "근거등급": "B 일반식(전부 추정)",
    "근거": "일반식(도면 없음)",
    "추정항목": "도면 미수령. 층고 3.5m·창중심 바닥+1.2m·남향계열 외벽 전체를 5m 등간격 으로 분할 — 층고·창높이·수평배치가 **전부 가정값**이다. 도면을 받으면 위치와 높이가 모두 바뀐다",
    "estimated": true
   }
  },
  {
   "type": "Feature",
   "geometry": {
    "type": "Point",
    "coordinates": [
     194130.56,
     547344.853
    ]
   },
   "properties": {
    "pid": "여의도고등학교 ②(4층) 3층-4",
    "school": "여의도고등학교",
    "jibun": "30-1",
    "kind": "교사동 창면",
    "dong": "여의도고등학교 ②(4층)",
    "floor": 3,
    "z_m": 8.2,
    "normal_az": 232.0,
    "grade": "B",
    "근거등급": "B 일반식(전부 추정)",
    "근거": "일반식(도면 없음)",
    "추정항목": "도면 미수령. 층고 3.5m·창중심 바닥+1.2m·남향계열 외벽 전체를 5m 등간격 으로 분할 — 층고·창높이·수평배치가 **전부 가정값**이다. 도면을 받으면 위치와 높이가 모두 바뀐다",
    "estimated": true
   }
  },
  {
   "type": "Feature",
   "geometry": {
    "type": "Point",
    "coordinates": [
     194130.56,
     547344.853
    ]
   },
   "properties": {
    "pid": "여의도고등학교 ②(4층) 4층-4",
    "school": "여의도고등학교",
    "jibun": "30-1",
    "kind": "교사동 창면",
    "dong": "여의도고등학교 ②(4층)",
    "floor": 4,
    "z_m": 11.7,
    "normal_az": 232.0,
    "grade": "B",
    "근거등급": "B 일반식(전부 추정)",
    "근거": "일반식(도면 없음)",
    "추정항목": "도면 미수령. 층고 3.5m·창중심 바닥+1.2m·남향계열 외벽 전체를 5m 등간격 으로 분할 — 층고·창높이·수평배치가 **전부 가정값**이다. 도면을 받으면 위치와 높이가 모두 바뀐다",
    "estimated": true
   }
  },
  {
   "type": "Feature",
   "geometry": {
    "type": "Point",
    "coordinates": [
     194133.604,
     547340.962
    ]
   },
   "properties": {
    "pid": "여의도고등학교 ②(4층) 1층-5",
    "school": "여의도고등학교",
    "jibun": "30-1",
    "kind": "교사동 창면",
    "dong": "여의도고등학교 ②(4층)",
    "floor": 1,
    "z_m": 1.2,
    "normal_az": 232.0,
    "grade": "B",
    "근거등급": "B 일반식(전부 추정)",
    "근거": "일반식(도면 없음)",
    "추정항목": "도면 미수령. 층고 3.5m·창중심 바닥+1.2m·남향계열 외벽 전체를 5m 등간격 으로 분할 — 층고·창높이·수평배치가 **전부 가정값**이다. 도면을 받으면 위치와 높이가 모두 바뀐다",
    "estimated": true
   }
  },
  {
   "type": "Feature",
   "geometry": {
    "type": "Point",
    "coordinates": [
     194133.604,
     547340.962
    ]
   },
   "properties": {
    "pid": "여의도고등학교 ②(4층) 2층-5",
    "school": "여의도고등학교",
    "jibun": "30-1",
    "kind": "교사동 창면",
    "dong": "여의도고등학교 ②(4층)",
    "floor": 2,
    "z_m": 4.7,
    "normal_az": 232.0,
    "grade": "B",
    "근거등급": "B 일반식(전부 추정)",
    "근거": "일반식(도면 없음)",
    "추정항목": "도면 미수령. 층고 3.5m·창중심 바닥+1.2m·남향계열 외벽 전체를 5m 등간격 으로 분할 — 층고·창높이·수평배치가 **전부 가정값**이다. 도면을 받으면 위치와 높이가 모두 바뀐다",
    "estimated": true
   }
  },
  {
   "type": "Feature",
   "geometry": {
    "type": "Point",
    "coordinates": [
     194133.604,
     547340.962
    ]
   },
   "properties": {
    "pid": "여의도고등학교 ②(4층) 3층-5",
    "school": "여의도고등학교",
    "jibun": "30-1",
    "kind": "교사동 창면",
    "dong": "여의도고등학교 ②(4층)",
    "floor": 3,
    "z_m": 8.2,
    "normal_az": 232.0,
    "grade": "B",
    "근거등급": "B 일반식(전부 추정)",
    "근거": "일반식(도면 없음)",
    "추정항목": "도면 미수령. 층고 3.5m·창중심 바닥+1.2m·남향계열 외벽 전체를 5m 등간격 으로 분할 — 층고·창높이·수평배치가 **전부 가정값**이다. 도면을 받으면 위치와 높이가 모두 바뀐다",
    "estimated": true
   }
  },
  {
   "type": "Feature",
   "geometry": {
    "type": "Point",
    "coordinates": [
     194133.604,
     547340.962
    ]
   },
   "properties": {
    "pid": "여의도고등학교 ②(4층) 4층-5",
    "school": "여의도고등학교",
    "jibun": "30-1",
    "kind": "교사동 창면",
    "dong": "여의도고등학교 ②(4층)",
    "floor": 4,
    "z_m": 11.7,
    "normal_az": 232.0,
    "grade": "B",
    "근거등급": "B 일반식(전부 추정)",
    "근거": "일반식(도면 없음)",
    "추정항목": "도면 미수령. 층고 3.5m·창중심 바닥+1.2m·남향계열 외벽 전체를 5m 등간격 으로 분할 — 층고·창높이·수평배치가 **전부 가정값**이다. 도면을 받으면 위치와 높이가 모두 바뀐다",
    "estimated": true
   }
  },
  {
   "type": "Feature",
   "geometry": {
    "type": "Point",
    "coordinates": [
     194136.648,
     547337.072
    ]
   },
   "properties": {
    "pid": "여의도고등학교 ②(4층) 1층-6",
    "school": "여의도고등학교",
    "jibun": "30-1",
    "kind": "교사동 창면",
    "dong": "여의도고등학교 ②(4층)",
    "floor": 1,
    "z_m": 1.2,
    "normal_az": 232.0,
    "grade": "B",
    "근거등급": "B 일반식(전부 추정)",
    "근거": "일반식(도면 없음)",
    "추정항목": "도면 미수령. 층고 3.5m·창중심 바닥+1.2m·남향계열 외벽 전체를 5m 등간격 으로 분할 — 층고·창높이·수평배치가 **전부 가정값**이다. 도면을 받으면 위치와 높이가 모두 바뀐다",
    "estimated": true
   }
  },
  {
   "type": "Feature",
   "geometry": {
    "type": "Point",
    "coordinates": [
     194136.648,
     547337.072
    ]
   },
   "properties": {
    "pid": "여의도고등학교 ②(4층) 2층-6",
    "school": "여의도고등학교",
    "jibun": "30-1",
    "kind": "교사동 창면",
    "dong": "여의도고등학교 ②(4층)",
    "floor": 2,
    "z_m": 4.7,
    "normal_az": 232.0,
    "grade": "B",
    "근거등급": "B 일반식(전부 추정)",
    "근거": "일반식(도면 없음)",
    "추정항목": "도면 미수령. 층고 3.5m·창중심 바닥+1.2m·남향계열 외벽 전체를 5m 등간격 으로 분할 — 층고·창높이·수평배치가 **전부 가정값**이다. 도면을 받으면 위치와 높이가 모두 바뀐다",
    "estimated": true
   }
  },
  {
   "type": "Feature",
   "geometry": {
    "type": "Point",
    "coordinates": [
     194136.648,
     547337.072
    ]
   },
   "properties": {
    "pid": "여의도고등학교 ②(4층) 3층-6",
    "school": "여의도고등학교",
    "jibun": "30-1",
    "kind": "교사동 창면",
    "dong": "여의도고등학교 ②(4층)",
    "floor": 3,
    "z_m": 8.2,
    "normal_az": 232.0,
    "grade": "B",
    "근거등급": "B 일반식(전부 추정)",
    "근거": "일반식(도면 없음)",
    "추정항목": "도면 미수령. 층고 3.5m·창중심 바닥+1.2m·남향계열 외벽 전체를 5m 등간격 으로 분할 — 층고·창높이·수평배치가 **전부 가정값**이다. 도면을 받으면 위치와 높이가 모두 바뀐다",
    "estimated": true
   }
  },
  {
   "type": "Feature",
   "geometry": {
    "type": "Point",
    "coordinates": [
     194136.648,
     547337.072
    ]
   },
   "properties": {
    "pid": "여의도고등학교 ②(4층) 4층-6",
    "school": "여의도고등학교",
    "jibun": "30-1",
    "kind": "교사동 창면",
    "dong": "여의도고등학교 ②(4층)",
    "floor": 4,
    "z_m": 11.7,
    "normal_az": 232.0,
    "grade": "B",
    "근거등급": "B 일반식(전부 추정)",
    "근거": "일반식(도면 없음)",
    "추정항목": "도면 미수령. 층고 3.5m·창중심 바닥+1.2m·남향계열 외벽 전체를 5m 등간격 으로 분할 — 층고·창높이·수평배치가 **전부 가정값**이다. 도면을 받으면 위치와 높이가 모두 바뀐다",
    "estimated": true
   }
  },
  {
   "type": "Feature",
   "geometry": {
    "type": "Point",
    "coordinates": [
     194139.691,
     547333.181
    ]
   },
   "properties": {
    "pid": "여의도고등학교 ②(4층) 1층-7",
    "school": "여의도고등학교",
    "jibun": "30-1",
    "kind": "교사동 창면",
    "dong": "여의도고등학교 ②(4층)",
    "floor": 1,
    "z_m": 1.2,
    "normal_az": 232.0,
    "grade": "B",
    "근거등급": "B 일반식(전부 추정)",
    "근거": "일반식(도면 없음)",
    "추정항목": "도면 미수령. 층고 3.5m·창중심 바닥+1.2m·남향계열 외벽 전체를 5m 등간격 으로 분할 — 층고·창높이·수평배치가 **전부 가정값**이다. 도면을 받으면 위치와 높이가 모두 바뀐다",
    "estimated": true
   }
  },
  {
   "type": "Feature",
   "geometry": {
    "type": "Point",
    "coordinates": [
     194139.691,
     547333.181
    ]
   },
   "properties": {
    "pid": "여의도고등학교 ②(4층) 2층-7",
    "school": "여의도고등학교",
    "jibun": "30-1",
    "kind": "교사동 창면",
    "dong": "여의도고등학교 ②(4층)",
    "floor": 2,
    "z_m": 4.7,
    "normal_az": 232.0,
    "grade": "B",
    "근거등급": "B 일반식(전부 추정)",
    "근거": "일반식(도면 없음)",
    "추정항목": "도면 미수령. 층고 3.5m·창중심 바닥+1.2m·남향계열 외벽 전체를 5m 등간격 으로 분할 — 층고·창높이·수평배치가 **전부 가정값**이다. 도면을 받으면 위치와 높이가 모두 바뀐다",
    "estimated": true
   }
  },
  {
   "type": "Feature",
   "geometry": {
    "type": "Point",
    "coordinates": [
     194139.691,
     547333.181
    ]
   },
   "properties": {
    "pid": "여의도고등학교 ②(4층) 3층-7",
    "school": "여의도고등학교",
    "jibun": "30-1",
    "kind": "교사동 창면",
    "dong": "여의도고등학교 ②(4층)",
    "floor": 3,
    "z_m": 8.2,
    "normal_az": 232.0,
    "grade": "B",
    "근거등급": "B 일반식(전부 추정)",
    "근거": "일반식(도면 없음)",
    "추정항목": "도면 미수령. 층고 3.5m·창중심 바닥+1.2m·남향계열 외벽 전체를 5m 등간격 으로 분할 — 층고·창높이·수평배치가 **전부 가정값**이다. 도면을 받으면 위치와 높이가 모두 바뀐다",
    "estimated": true
   }
  },
  {
   "type": "Feature",
   "geometry": {
    "type": "Point",
    "coordinates": [
     194139.691,
     547333.181
    ]
   },
   "properties": {
    "pid": "여의도고등학교 ②(4층) 4층-7",
    "school": "여의도고등학교",
    "jibun": "30-1",
    "kind": "교사동 창면",
    "dong": "여의도고등학교 ②(4층)",
    "floor": 4,
    "z_m": 11.7,
    "normal_az": 232.0,
    "grade": "B",
    "근거등급": "B 일반식(전부 추정)",
    "근거": "일반식(도면 없음)",
    "추정항목": "도면 미수령. 층고 3.5m·창중심 바닥+1.2m·남향계열 외벽 전체를 5m 등간격 으로 분할 — 층고·창높이·수평배치가 **전부 가정값**이다. 도면을 받으면 위치와 높이가 모두 바뀐다",
    "estimated": true
   }
  },
  {
   "type": "Feature",
   "geometry": {
    "type": "Point",
    "coordinates": [
     194142.735,
     547329.291
    ]
   },
   "properties": {
    "pid": "여의도고등학교 ②(4층) 1층-8",
    "school": "여의도고등학교",
    "jibun": "30-1",
    "kind": "교사동 창면",
    "dong": "여의도고등학교 ②(4층)",
    "floor": 1,
    "z_m": 1.2,
    "normal_az": 232.0,
    "grade": "B",
    "근거등급": "B 일반식(전부 추정)",
    "근거": "일반식(도면 없음)",
    "추정항목": "도면 미수령. 층고 3.5m·창중심 바닥+1.2m·남향계열 외벽 전체를 5m 등간격 으로 분할 — 층고·창높이·수평배치가 **전부 가정값**이다. 도면을 받으면 위치와 높이가 모두 바뀐다",
    "estimated": true
   }
  },
  {
   "type": "Feature",
   "geometry": {
    "type": "Point",
    "coordinates": [
     194142.735,
     547329.291
    ]
   },
   "properties": {
    "pid": "여의도고등학교 ②(4층) 2층-8",
    "school": "여의도고등학교",
    "jibun": "30-1",
    "kind": "교사동 창면",
    "dong": "여의도고등학교 ②(4층)",
    "floor": 2,
    "z_m": 4.7,
    "normal_az": 232.0,
    "grade": "B",
    "근거등급": "B 일반식(전부 추정)",
    "근거": "일반식(도면 없음)",
    "추정항목": "도면 미수령. 층고 3.5m·창중심 바닥+1.2m·남향계열 외벽 전체를 5m 등간격 으로 분할 — 층고·창높이·수평배치가 **전부 가정값**이다. 도면을 받으면 위치와 높이가 모두 바뀐다",
    "estimated": true
   }
  },
  {
   "type": "Feature",
   "geometry": {
    "type": "Point",
    "coordinates": [
     194142.735,
     547329.291
    ]
   },
   "properties": {
    "pid": "여의도고등학교 ②(4층) 3층-8",
    "school": "여의도고등학교",
    "jibun": "30-1",
    "kind": "교사동 창면",
    "dong": "여의도고등학교 ②(4층)",
    "floor": 3,
    "z_m": 8.2,
    "normal_az": 232.0,
    "grade": "B",
    "근거등급": "B 일반식(전부 추정)",
    "근거": "일반식(도면 없음)",
    "추정항목": "도면 미수령. 층고 3.5m·창중심 바닥+1.2m·남향계열 외벽 전체를 5m 등간격 으로 분할 — 층고·창높이·수평배치가 **전부 가정값**이다. 도면을 받으면 위치와 높이가 모두 바뀐다",
    "estimated": true
   }
  },
  {
   "type": "Feature",
   "geometry": {
    "type": "Point",
    "coordinates": [
     194142.735,
     547329.291
    ]
   },
   "properties": {
    "pid": "여의도고등학교 ②(4층) 4층-8",
    "school": "여의도고등학교",
    "jibun": "30-1",
    "kind": "교사동 창면",
    "dong": "여의도고등학교 ②(4층)",
    "floor": 4,
    "z_m": 11.7,
    "normal_az": 232.0,
    "grade": "B",
    "근거등급": "B 일반식(전부 추정)",
    "근거": "일반식(도면 없음)",
    "추정항목": "도면 미수령. 층고 3.5m·창중심 바닥+1.2m·남향계열 외벽 전체를 5m 등간격 으로 분할 — 층고·창높이·수평배치가 **전부 가정값**이다. 도면을 받으면 위치와 높이가 모두 바뀐다",
    "estimated": true
   }
  },
  {
   "type": "Feature",
   "geometry": {
    "type": "Point",
    "coordinates": [
     194145.778,
     547325.4
    ]
   },
   "properties": {
    "pid": "여의도고등학교 ②(4층) 1층-9",
    "school": "여의도고등학교",
    "jibun": "30-1",
    "kind": "교사동 창면",
    "dong": "여의도고등학교 ②(4층)",
    "floor": 1,
    "z_m": 1.2,
    "normal_az": 232.0,
    "grade": "B",
    "근거등급": "B 일반식(전부 추정)",
    "근거": "일반식(도면 없음)",
    "추정항목": "도면 미수령. 층고 3.5m·창중심 바닥+1.2m·남향계열 외벽 전체를 5m 등간격 으로 분할 — 층고·창높이·수평배치가 **전부 가정값**이다. 도면을 받으면 위치와 높이가 모두 바뀐다",
    "estimated": true
   }
  },
  {
   "type": "Feature",
   "geometry": {
    "type": "Point",
    "coordinates": [
     194145.778,
     547325.4
    ]
   },
   "properties": {
    "pid": "여의도고등학교 ②(4층) 2층-9",
    "school": "여의도고등학교",
    "jibun": "30-1",
    "kind": "교사동 창면",
    "dong": "여의도고등학교 ②(4층)",
    "floor": 2,
    "z_m": 4.7,
    "normal_az": 232.0,
    "grade": "B",
    "근거등급": "B 일반식(전부 추정)",
    "근거": "일반식(도면 없음)",
    "추정항목": "도면 미수령. 층고 3.5m·창중심 바닥+1.2m·남향계열 외벽 전체를 5m 등간격 으로 분할 — 층고·창높이·수평배치가 **전부 가정값**이다. 도면을 받으면 위치와 높이가 모두 바뀐다",
    "estimated": true
   }
  },
  {
   "type": "Feature",
   "geometry": {
    "type": "Point",
    "coordinates": [
     194145.778,
     547325.4
    ]
   },
   "properties": {
    "pid": "여의도고등학교 ②(4층) 3층-9",
    "school": "여의도고등학교",
    "jibun": "30-1",
    "kind": "교사동 창면",
    "dong": "여의도고등학교 ②(4층)",
    "floor": 3,
    "z_m": 8.2,
    "normal_az": 232.0,
    "grade": "B",
    "근거등급": "B 일반식(전부 추정)",
    "근거": "일반식(도면 없음)",
    "추정항목": "도면 미수령. 층고 3.5m·창중심 바닥+1.2m·남향계열 외벽 전체를 5m 등간격 으로 분할 — 층고·창높이·수평배치가 **전부 가정값**이다. 도면을 받으면 위치와 높이가 모두 바뀐다",
    "estimated": true
   }
  },
  {
   "type": "Feature",
   "geometry": {
    "type": "Point",
    "coordinates": [
     194145.778,
     547325.4
    ]
   },
   "properties": {
    "pid": "여의도고등학교 ②(4층) 4층-9",
    "school": "여의도고등학교",
    "jibun": "30-1",
    "kind": "교사동 창면",
    "dong": "여의도고등학교 ②(4층)",
    "floor": 4,
    "z_m": 11.7,
    "normal_az": 232.0,
    "grade": "B",
    "근거등급": "B 일반식(전부 추정)",
    "근거": "일반식(도면 없음)",
    "추정항목": "도면 미수령. 층고 3.5m·창중심 바닥+1.2m·남향계열 외벽 전체를 5m 등간격 으로 분할 — 층고·창높이·수평배치가 **전부 가정값**이다. 도면을 받으면 위치와 높이가 모두 바뀐다",
    "estimated": true
   }
  },
  {
   "type": "Feature",
   "geometry": {
    "type": "Point",
    "coordinates": [
     194148.822,
     547321.51
    ]
   },
   "properties": {
    "pid": "여의도고등학교 ②(4층) 1층-10",
    "school": "여의도고등학교",
    "jibun": "30-1",
    "kind": "교사동 창면",
    "dong": "여의도고등학교 ②(4층)",
    "floor": 1,
    "z_m": 1.2,
    "normal_az": 232.0,
    "grade": "B",
    "근거등급": "B 일반식(전부 추정)",
    "근거": "일반식(도면 없음)",
    "추정항목": "도면 미수령. 층고 3.5m·창중심 바닥+1.2m·남향계열 외벽 전체를 5m 등간격 으로 분할 — 층고·창높이·수평배치가 **전부 가정값**이다. 도면을 받으면 위치와 높이가 모두 바뀐다",
    "estimated": true
   }
  },
  {
   "type": "Feature",
   "geometry": {
    "type": "Point",
    "coordinates": [
     194148.822,
     547321.51
    ]
   },
   "properties": {
    "pid": "여의도고등학교 ②(4층) 2층-10",
    "school": "여의도고등학교",
    "jibun": "30-1",
    "kind": "교사동 창면",
    "dong": "여의도고등학교 ②(4층)",
    "floor": 2,
    "z_m": 4.7,
    "normal_az": 232.0,
    "grade": "B",
    "근거등급": "B 일반식(전부 추정)",
    "근거": "일반식(도면 없음)",
    "추정항목": "도면 미수령. 층고 3.5m·창중심 바닥+1.2m·남향계열 외벽 전체를 5m 등간격 으로 분할 — 층고·창높이·수평배치가 **전부 가정값**이다. 도면을 받으면 위치와 높이가 모두 바뀐다",
    "estimated": true
   }
  },
  {
   "type": "Feature",
   "geometry": {
    "type": "Point",
    "coordinates": [
     194148.822,
     547321.51
    ]
   },
   "properties": {
    "pid": "여의도고등학교 ②(4층) 3층-10",
    "school": "여의도고등학교",
    "jibun": "30-1",
    "kind": "교사동 창면",
    "dong": "여의도고등학교 ②(4층)",
    "floor": 3,
    "z_m": 8.2,
    "normal_az": 232.0,
    "grade": "B",
    "근거등급": "B 일반식(전부 추정)",
    "근거": "일반식(도면 없음)",
    "추정항목": "도면 미수령. 층고 3.5m·창중심 바닥+1.2m·남향계열 외벽 전체를 5m 등간격 으로 분할 — 층고·창높이·수평배치가 **전부 가정값**이다. 도면을 받으면 위치와 높이가 모두 바뀐다",
    "estimated": true
   }
  },
  {
   "type": "Feature",
   "geometry": {
    "type": "Point",
    "coordinates": [
     194148.822,
     547321.51
    ]
   },
   "properties": {
    "pid": "여의도고등학교 ②(4층) 4층-10",
    "school": "여의도고등학교",
    "jibun": "30-1",
    "kind": "교사동 창면",
    "dong": "여의도고등학교 ②(4층)",
    "floor": 4,
    "z_m": 11.7,
    "normal_az": 232.0,
    "grade": "B",
    "근거등급": "B 일반식(전부 추정)",
    "근거": "일반식(도면 없음)",
    "추정항목": "도면 미수령. 층고 3.5m·창중심 바닥+1.2m·남향계열 외벽 전체를 5m 등간격 으로 분할 — 층고·창높이·수평배치가 **전부 가정값**이다. 도면을 받으면 위치와 높이가 모두 바뀐다",
    "estimated": true
   }
  },
  {
   "type": "Feature",
   "geometry": {
    "type": "Point",
    "coordinates": [
     194151.865,
     547317.62
    ]
   },
   "properties": {
    "pid": "여의도고등학교 ②(4층) 1층-11",
    "school": "여의도고등학교",
    "jibun": "30-1",
    "kind": "교사동 창면",
    "dong": "여의도고등학교 ②(4층)",
    "floor": 1,
    "z_m": 1.2,
    "normal_az": 232.0,
    "grade": "B",
    "근거등급": "B 일반식(전부 추정)",
    "근거": "일반식(도면 없음)",
    "추정항목": "도면 미수령. 층고 3.5m·창중심 바닥+1.2m·남향계열 외벽 전체를 5m 등간격 으로 분할 — 층고·창높이·수평배치가 **전부 가정값**이다. 도면을 받으면 위치와 높이가 모두 바뀐다",
    "estimated": true
   }
  },
  {
   "type": "Feature",
   "geometry": {
    "type": "Point",
    "coordinates": [
     194151.865,
     547317.62
    ]
   },
   "properties": {
    "pid": "여의도고등학교 ②(4층) 2층-11",
    "school": "여의도고등학교",
    "jibun": "30-1",
    "kind": "교사동 창면",
    "dong": "여의도고등학교 ②(4층)",
    "floor": 2,
    "z_m": 4.7,
    "normal_az": 232.0,
    "grade": "B",
    "근거등급": "B 일반식(전부 추정)",
    "근거": "일반식(도면 없음)",
    "추정항목": "도면 미수령. 층고 3.5m·창중심 바닥+1.2m·남향계열 외벽 전체를 5m 등간격 으로 분할 — 층고·창높이·수평배치가 **전부 가정값**이다. 도면을 받으면 위치와 높이가 모두 바뀐다",
    "estimated": true
   }
  },
  {
   "type": "Feature",
   "geometry": {
    "type": "Point",
    "coordinates": [
     194151.865,
     547317.62
    ]
   },
   "properties": {
    "pid": "여의도고등학교 ②(4층) 3층-11",
    "school": "여의도고등학교",
    "jibun": "30-1",
    "kind": "교사동 창면",
    "dong": "여의도고등학교 ②(4층)",
    "floor": 3,
    "z_m": 8.2,
    "normal_az": 232.0,
    "grade": "B",
    "근거등급": "B 일반식(전부 추정)",
    "근거": "일반식(도면 없음)",
    "추정항목": "도면 미수령. 층고 3.5m·창중심 바닥+1.2m·남향계열 외벽 전체를 5m 등간격 으로 분할 — 층고·창높이·수평배치가 **전부 가정값**이다. 도면을 받으면 위치와 높이가 모두 바뀐다",
    "estimated": true
   }
  },
  {
   "type": "Feature",
   "geometry": {
    "type": "Point",
    "coordinates": [
     194151.865,
     547317.62
    ]
   },
   "properties": {
    "pid": "여의도고등학교 ②(4층) 4층-11",
    "school": "여의도고등학교",
    "jibun": "30-1",
    "kind": "교사동 창면",
    "dong": "여의도고등학교 ②(4층)",
    "floor": 4,
    "z_m": 11.7,
    "normal_az": 232.0,
    "grade": "B",
    "근거등급": "B 일반식(전부 추정)",
    "근거": "일반식(도면 없음)",
    "추정항목": "도면 미수령. 층고 3.5m·창중심 바닥+1.2m·남향계열 외벽 전체를 5m 등간격 으로 분할 — 층고·창높이·수평배치가 **전부 가정값**이다. 도면을 받으면 위치와 높이가 모두 바뀐다",
    "estimated": true
   }
  },
  {
   "type": "Feature",
   "geometry": {
    "type": "Point",
    "coordinates": [
     194154.909,
     547313.729
    ]
   },
   "properties": {
    "pid": "여의도고등학교 ②(4층) 1층-12",
    "school": "여의도고등학교",
    "jibun": "30-1",
    "kind": "교사동 창면",
    "dong": "여의도고등학교 ②(4층)",
    "floor": 1,
    "z_m": 1.2,
    "normal_az": 232.0,
    "grade": "B",
    "근거등급": "B 일반식(전부 추정)",
    "근거": "일반식(도면 없음)",
    "추정항목": "도면 미수령. 층고 3.5m·창중심 바닥+1.2m·남향계열 외벽 전체를 5m 등간격 으로 분할 — 층고·창높이·수평배치가 **전부 가정값**이다. 도면을 받으면 위치와 높이가 모두 바뀐다",
    "estimated": true
   }
  },
  {
   "type": "Feature",
   "geometry": {
    "type": "Point",
    "coordinates": [
     194154.909,
     547313.729
    ]
   },
   "properties": {
    "pid": "여의도고등학교 ②(4층) 2층-12",
    "school": "여의도고등학교",
    "jibun": "30-1",
    "kind": "교사동 창면",
    "dong": "여의도고등학교 ②(4층)",
    "floor": 2,
    "z_m": 4.7,
    "normal_az": 232.0,
    "grade": "B",
    "근거등급": "B 일반식(전부 추정)",
    "근거": "일반식(도면 없음)",
    "추정항목": "도면 미수령. 층고 3.5m·창중심 바닥+1.2m·남향계열 외벽 전체를 5m 등간격 으로 분할 — 층고·창높이·수평배치가 **전부 가정값**이다. 도면을 받으면 위치와 높이가 모두 바뀐다",
    "estimated": true
   }
  },
  {
   "type": "Feature",
   "geometry": {
    "type": "Point",
    "coordinates": [
     194154.909,
     547313.729
    ]
   },
   "properties": {
    "pid": "여의도고등학교 ②(4층) 3층-12",
    "school": "여의도고등학교",
    "jibun": "30-1",
    "kind": "교사동 창면",
    "dong": "여의도고등학교 ②(4층)",
    "floor": 3,
    "z_m": 8.2,
    "normal_az": 232.0,
    "grade": "B",
    "근거등급": "B 일반식(전부 추정)",
    "근거": "일반식(도면 없음)",
    "추정항목": "도면 미수령. 층고 3.5m·창중심 바닥+1.2m·남향계열 외벽 전체를 5m 등간격 으로 분할 — 층고·창높이·수평배치가 **전부 가정값**이다. 도면을 받으면 위치와 높이가 모두 바뀐다",
    "estimated": true
   }
  },
  {
   "type": "Feature",
   "geometry": {
    "type": "Point",
    "coordinates": [
     194154.909,
     547313.729
    ]
   },
   "properties": {
    "pid": "여의도고등학교 ②(4층) 4층-12",
    "school": "여의도고등학교",
    "jibun": "30-1",
    "kind": "교사동 창면",
    "dong": "여의도고등학교 ②(4층)",
    "floor": 4,
    "z_m": 11.7,
    "normal_az": 232.0,
    "grade": "B",
    "근거등급": "B 일반식(전부 추정)",
    "근거": "일반식(도면 없음)",
    "추정항목": "도면 미수령. 층고 3.5m·창중심 바닥+1.2m·남향계열 외벽 전체를 5m 등간격 으로 분할 — 층고·창높이·수평배치가 **전부 가정값**이다. 도면을 받으면 위치와 높이가 모두 바뀐다",
    "estimated": true
   }
  },
  {
   "type": "Feature",
   "geometry": {
    "type": "Point",
    "coordinates": [
     194157.952,
     547309.839
    ]
   },
   "properties": {
    "pid": "여의도고등학교 ②(4층) 1층-13",
    "school": "여의도고등학교",
    "jibun": "30-1",
    "kind": "교사동 창면",
    "dong": "여의도고등학교 ②(4층)",
    "floor": 1,
    "z_m": 1.2,
    "normal_az": 232.0,
    "grade": "B",
    "근거등급": "B 일반식(전부 추정)",
    "근거": "일반식(도면 없음)",
    "추정항목": "도면 미수령. 층고 3.5m·창중심 바닥+1.2m·남향계열 외벽 전체를 5m 등간격 으로 분할 — 층고·창높이·수평배치가 **전부 가정값**이다. 도면을 받으면 위치와 높이가 모두 바뀐다",
    "estimated": true
   }
  },
  {
   "type": "Feature",
   "geometry": {
    "type": "Point",
    "coordinates": [
     194157.952,
     547309.839
    ]
   },
   "properties": {
    "pid": "여의도고등학교 ②(4층) 2층-13",
    "school": "여의도고등학교",
    "jibun": "30-1",
    "kind": "교사동 창면",
    "dong": "여의도고등학교 ②(4층)",
    "floor": 2,
    "z_m": 4.7,
    "normal_az": 232.0,
    "grade": "B",
    "근거등급": "B 일반식(전부 추정)",
    "근거": "일반식(도면 없음)",
    "추정항목": "도면 미수령. 층고 3.5m·창중심 바닥+1.2m·남향계열 외벽 전체를 5m 등간격 으로 분할 — 층고·창높이·수평배치가 **전부 가정값**이다. 도면을 받으면 위치와 높이가 모두 바뀐다",
    "estimated": true
   }
  },
  {
   "type": "Feature",
   "geometry": {
    "type": "Point",
    "coordinates": [
     194157.952,
     547309.839
    ]
   },
   "properties": {
    "pid": "여의도고등학교 ②(4층) 3층-13",
    "school": "여의도고등학교",
    "jibun": "30-1",
    "kind": "교사동 창면",
    "dong": "여의도고등학교 ②(4층)",
    "floor": 3,
    "z_m": 8.2,
    "normal_az": 232.0,
    "grade": "B",
    "근거등급": "B 일반식(전부 추정)",
    "근거": "일반식(도면 없음)",
    "추정항목": "도면 미수령. 층고 3.5m·창중심 바닥+1.2m·남향계열 외벽 전체를 5m 등간격 으로 분할 — 층고·창높이·수평배치가 **전부 가정값**이다. 도면을 받으면 위치와 높이가 모두 바뀐다",
    "estimated": true
   }
  },
  {
   "type": "Feature",
   "geometry": {
    "type": "Point",
    "coordinates": [
     194157.952,
     547309.839
    ]
   },
   "properties": {
    "pid": "여의도고등학교 ②(4층) 4층-13",
    "school": "여의도고등학교",
    "jibun": "30-1",
    "kind": "교사동 창면",
    "dong": "여의도고등학교 ②(4층)",
    "floor": 4,
    "z_m": 11.7,
    "normal_az": 232.0,
    "grade": "B",
    "근거등급": "B 일반식(전부 추정)",
    "근거": "일반식(도면 없음)",
    "추정항목": "도면 미수령. 층고 3.5m·창중심 바닥+1.2m·남향계열 외벽 전체를 5m 등간격 으로 분할 — 층고·창높이·수평배치가 **전부 가정값**이다. 도면을 받으면 위치와 높이가 모두 바뀐다",
    "estimated": true
   }
  },
  {
   "type": "Feature",
   "geometry": {
    "type": "Point",
    "coordinates": [
     194167.083,
     547298.167
    ]
   },
   "properties": {
    "pid": "여의도고등학교 ②(4층) 1층-16",
    "school": "여의도고등학교",
    "jibun": "30-1",
    "kind": "교사동 창면",
    "dong": "여의도고등학교 ②(4층)",
    "floor": 1,
    "z_m": 1.2,
    "normal_az": 232.0,
    "grade": "B",
    "근거등급": "B 일반식(전부 추정)",
    "근거": "일반식(도면 없음)",
    "추정항목": "도면 미수령. 층고 3.5m·창중심 바닥+1.2m·남향계열 외벽 전체를 5m 등간격 으로 분할 — 층고·창높이·수평배치가 **전부 가정값**이다. 도면을 받으면 위치와 높이가 모두 바뀐다",
    "estimated": true
   }
  },
  {
   "type": "Feature",
   "geometry": {
    "type": "Point",
    "coordinates": [
     194167.083,
     547298.167
    ]
   },
   "properties": {
    "pid": "여의도고등학교 ②(4층) 2층-16",
    "school": "여의도고등학교",
    "jibun": "30-1",
    "kind": "교사동 창면",
    "dong": "여의도고등학교 ②(4층)",
    "floor": 2,
    "z_m": 4.7,
    "normal_az": 232.0,
    "grade": "B",
    "근거등급": "B 일반식(전부 추정)",
    "근거": "일반식(도면 없음)",
    "추정항목": "도면 미수령. 층고 3.5m·창중심 바닥+1.2m·남향계열 외벽 전체를 5m 등간격 으로 분할 — 층고·창높이·수평배치가 **전부 가정값**이다. 도면을 받으면 위치와 높이가 모두 바뀐다",
    "estimated": true
   }
  },
  {
   "type": "Feature",
   "geometry": {
    "type": "Point",
    "coordinates": [
     194167.083,
     547298.167
    ]
   },
   "properties": {
    "pid": "여의도고등학교 ②(4층) 3층-16",
    "school": "여의도고등학교",
    "jibun": "30-1",
    "kind": "교사동 창면",
    "dong": "여의도고등학교 ②(4층)",
    "floor": 3,
    "z_m": 8.2,
    "normal_az": 232.0,
    "grade": "B",
    "근거등급": "B 일반식(전부 추정)",
    "근거": "일반식(도면 없음)",
    "추정항목": "도면 미수령. 층고 3.5m·창중심 바닥+1.2m·남향계열 외벽 전체를 5m 등간격 으로 분할 — 층고·창높이·수평배치가 **전부 가정값**이다. 도면을 받으면 위치와 높이가 모두 바뀐다",
    "estimated": true
   }
  },
  {
   "type": "Feature",
   "geometry": {
    "type": "Point",
    "coordinates": [
     194167.083,
     547298.167
    ]
   },
   "properties": {
    "pid": "여의도고등학교 ②(4층) 4층-16",
    "school": "여의도고등학교",
    "jibun": "30-1",
    "kind": "교사동 창면",
    "dong": "여의도고등학교 ②(4층)",
    "floor": 4,
    "z_m": 11.7,
    "normal_az": 232.0,
    "grade": "B",
    "근거등급": "B 일반식(전부 추정)",
    "근거": "일반식(도면 없음)",
    "추정항목": "도면 미수령. 층고 3.5m·창중심 바닥+1.2m·남향계열 외벽 전체를 5m 등간격 으로 분할 — 층고·창높이·수평배치가 **전부 가정값**이다. 도면을 받으면 위치와 높이가 모두 바뀐다",
    "estimated": true
   }
  },
  {
   "type": "Feature",
   "geometry": {
    "type": "Point",
    "coordinates": [
     194170.126,
     547294.277
    ]
   },
   "properties": {
    "pid": "여의도고등학교 ②(4층) 1층-17",
    "school": "여의도고등학교",
    "jibun": "30-1",
    "kind": "교사동 창면",
    "dong": "여의도고등학교 ②(4층)",
    "floor": 1,
    "z_m": 1.2,
    "normal_az": 232.0,
    "grade": "B",
    "근거등급": "B 일반식(전부 추정)",
    "근거": "일반식(도면 없음)",
    "추정항목": "도면 미수령. 층고 3.5m·창중심 바닥+1.2m·남향계열 외벽 전체를 5m 등간격 으로 분할 — 층고·창높이·수평배치가 **전부 가정값**이다. 도면을 받으면 위치와 높이가 모두 바뀐다",
    "estimated": true
   }
  },
  {
   "type": "Feature",
   "geometry": {
    "type": "Point",
    "coordinates": [
     194170.126,
     547294.277
    ]
   },
   "properties": {
    "pid": "여의도고등학교 ②(4층) 2층-17",
    "school": "여의도고등학교",
    "jibun": "30-1",
    "kind": "교사동 창면",
    "dong": "여의도고등학교 ②(4층)",
    "floor": 2,
    "z_m": 4.7,
    "normal_az": 232.0,
    "grade": "B",
    "근거등급": "B 일반식(전부 추정)",
    "근거": "일반식(도면 없음)",
    "추정항목": "도면 미수령. 층고 3.5m·창중심 바닥+1.2m·남향계열 외벽 전체를 5m 등간격 으로 분할 — 층고·창높이·수평배치가 **전부 가정값**이다. 도면을 받으면 위치와 높이가 모두 바뀐다",
    "estimated": true
   }
  },
  {
   "type": "Feature",
   "geometry": {
    "type": "Point",
    "coordinates": [
     194170.126,
     547294.277
    ]
   },
   "properties": {
    "pid": "여의도고등학교 ②(4층) 3층-17",
    "school": "여의도고등학교",
    "jibun": "30-1",
    "kind": "교사동 창면",
    "dong": "여의도고등학교 ②(4층)",
    "floor": 3,
    "z_m": 8.2,
    "normal_az": 232.0,
    "grade": "B",
    "근거등급": "B 일반식(전부 추정)",
    "근거": "일반식(도면 없음)",
    "추정항목": "도면 미수령. 층고 3.5m·창중심 바닥+1.2m·남향계열 외벽 전체를 5m 등간격 으로 분할 — 층고·창높이·수평배치가 **전부 가정값**이다. 도면을 받으면 위치와 높이가 모두 바뀐다",
    "estimated": true
   }
  },
  {
   "type": "Feature",
   "geometry": {
    "type": "Point",
    "coordinates": [
     194170.126,
     547294.277
    ]
   },
   "properties": {
    "pid": "여의도고등학교 ②(4층) 4층-17",
    "school": "여의도고등학교",
    "jibun": "30-1",
    "kind": "교사동 창면",
    "dong": "여의도고등학교 ②(4층)",
    "floor": 4,
    "z_m": 11.7,
    "normal_az": 232.0,
    "grade": "B",
    "근거등급": "B 일반식(전부 추정)",
    "근거": "일반식(도면 없음)",
    "추정항목": "도면 미수령. 층고 3.5m·창중심 바닥+1.2m·남향계열 외벽 전체를 5m 등간격 으로 분할 — 층고·창높이·수평배치가 **전부 가정값**이다. 도면을 받으면 위치와 높이가 모두 바뀐다",
    "estimated": true
   }
  },
  {
   "type": "Feature",
   "geometry": {
    "type": "Point",
    "coordinates": [
     194173.17,
     547290.386
    ]
   },
   "properties": {
    "pid": "여의도고등학교 ②(4층) 1층-18",
    "school": "여의도고등학교",
    "jibun": "30-1",
    "kind": "교사동 창면",
    "dong": "여의도고등학교 ②(4층)",
    "floor": 1,
    "z_m": 1.2,
    "normal_az": 232.0,
    "grade": "B",
    "근거등급": "B 일반식(전부 추정)",
    "근거": "일반식(도면 없음)",
    "추정항목": "도면 미수령. 층고 3.5m·창중심 바닥+1.2m·남향계열 외벽 전체를 5m 등간격 으로 분할 — 층고·창높이·수평배치가 **전부 가정값**이다. 도면을 받으면 위치와 높이가 모두 바뀐다",
    "estimated": true
   }
  },
  {
   "type": "Feature",
   "geometry": {
    "type": "Point",
    "coordinates": [
     194173.17,
     547290.386
    ]
   },
   "properties": {
    "pid": "여의도고등학교 ②(4층) 2층-18",
    "school": "여의도고등학교",
    "jibun": "30-1",
    "kind": "교사동 창면",
    "dong": "여의도고등학교 ②(4층)",
    "floor": 2,
    "z_m": 4.7,
    "normal_az": 232.0,
    "grade": "B",
    "근거등급": "B 일반식(전부 추정)",
    "근거": "일반식(도면 없음)",
    "추정항목": "도면 미수령. 층고 3.5m·창중심 바닥+1.2m·남향계열 외벽 전체를 5m 등간격 으로 분할 — 층고·창높이·수평배치가 **전부 가정값**이다. 도면을 받으면 위치와 높이가 모두 바뀐다",
    "estimated": true
   }
  },
  {
   "type": "Feature",
   "geometry": {
    "type": "Point",
    "coordinates": [
     194173.17,
     547290.386
    ]
   },
   "properties": {
    "pid": "여의도고등학교 ②(4층) 3층-18",
    "school": "여의도고등학교",
    "jibun": "30-1",
    "kind": "교사동 창면",
    "dong": "여의도고등학교 ②(4층)",
    "floor": 3,
    "z_m": 8.2,
    "normal_az": 232.0,
    "grade": "B",
    "근거등급": "B 일반식(전부 추정)",
    "근거": "일반식(도면 없음)",
    "추정항목": "도면 미수령. 층고 3.5m·창중심 바닥+1.2m·남향계열 외벽 전체를 5m 등간격 으로 분할 — 층고·창높이·수평배치가 **전부 가정값**이다. 도면을 받으면 위치와 높이가 모두 바뀐다",
    "estimated": true
   }
  },
  {
   "type": "Feature",
   "geometry": {
    "type": "Point",
    "coordinates": [
     194173.17,
     547290.386
    ]
   },
   "properties": {
    "pid": "여의도고등학교 ②(4층) 4층-18",
    "school": "여의도고등학교",
    "jibun": "30-1",
    "kind": "교사동 창면",
    "dong": "여의도고등학교 ②(4층)",
    "floor": 4,
    "z_m": 11.7,
    "normal_az": 232.0,
    "grade": "B",
    "근거등급": "B 일반식(전부 추정)",
    "근거": "일반식(도면 없음)",
    "추정항목": "도면 미수령. 층고 3.5m·창중심 바닥+1.2m·남향계열 외벽 전체를 5m 등간격 으로 분할 — 층고·창높이·수평배치가 **전부 가정값**이다. 도면을 받으면 위치와 높이가 모두 바뀐다",
    "estimated": true
   }
  },
  {
   "type": "Feature",
   "geometry": {
    "type": "Point",
    "coordinates": [
     194176.214,
     547286.496
    ]
   },
   "properties": {
    "pid": "여의도고등학교 ②(4층) 1층-19",
    "school": "여의도고등학교",
    "jibun": "30-1",
    "kind": "교사동 창면",
    "dong": "여의도고등학교 ②(4층)",
    "floor": 1,
    "z_m": 1.2,
    "normal_az": 232.0,
    "grade": "B",
    "근거등급": "B 일반식(전부 추정)",
    "근거": "일반식(도면 없음)",
    "추정항목": "도면 미수령. 층고 3.5m·창중심 바닥+1.2m·남향계열 외벽 전체를 5m 등간격 으로 분할 — 층고·창높이·수평배치가 **전부 가정값**이다. 도면을 받으면 위치와 높이가 모두 바뀐다",
    "estimated": true
   }
  },
  {
   "type": "Feature",
   "geometry": {
    "type": "Point",
    "coordinates": [
     194176.214,
     547286.496
    ]
   },
   "properties": {
    "pid": "여의도고등학교 ②(4층) 2층-19",
    "school": "여의도고등학교",
    "jibun": "30-1",
    "kind": "교사동 창면",
    "dong": "여의도고등학교 ②(4층)",
    "floor": 2,
    "z_m": 4.7,
    "normal_az": 232.0,
    "grade": "B",
    "근거등급": "B 일반식(전부 추정)",
    "근거": "일반식(도면 없음)",
    "추정항목": "도면 미수령. 층고 3.5m·창중심 바닥+1.2m·남향계열 외벽 전체를 5m 등간격 으로 분할 — 층고·창높이·수평배치가 **전부 가정값**이다. 도면을 받으면 위치와 높이가 모두 바뀐다",
    "estimated": true
   }
  },
  {
   "type": "Feature",
   "geometry": {
    "type": "Point",
    "coordinates": [
     194176.214,
     547286.496
    ]
   },
   "properties": {
    "pid": "여의도고등학교 ②(4층) 3층-19",
    "school": "여의도고등학교",
    "jibun": "30-1",
    "kind": "교사동 창면",
    "dong": "여의도고등학교 ②(4층)",
    "floor": 3,
    "z_m": 8.2,
    "normal_az": 232.0,
    "grade": "B",
    "근거등급": "B 일반식(전부 추정)",
    "근거": "일반식(도면 없음)",
    "추정항목": "도면 미수령. 층고 3.5m·창중심 바닥+1.2m·남향계열 외벽 전체를 5m 등간격 으로 분할 — 층고·창높이·수평배치가 **전부 가정값**이다. 도면을 받으면 위치와 높이가 모두 바뀐다",
    "estimated": true
   }
  },
  {
   "type": "Feature",
   "geometry": {
    "type": "Point",
    "coordinates": [
     194176.214,
     547286.496
    ]
   },
   "properties": {
    "pid": "여의도고등학교 ②(4층) 4층-19",
    "school": "여의도고등학교",
    "jibun": "30-1",
    "kind": "교사동 창면",
    "dong": "여의도고등학교 ②(4층)",
    "floor": 4,
    "z_m": 11.7,
    "normal_az": 232.0,
    "grade": "B",
    "근거등급": "B 일반식(전부 추정)",
    "근거": "일반식(도면 없음)",
    "추정항목": "도면 미수령. 층고 3.5m·창중심 바닥+1.2m·남향계열 외벽 전체를 5m 등간격 으로 분할 — 층고·창높이·수평배치가 **전부 가정값**이다. 도면을 받으면 위치와 높이가 모두 바뀐다",
    "estimated": true
   }
  },
  {
   "type": "Feature",
   "geometry": {
    "type": "Point",
    "coordinates": [
     194179.257,
     547282.605
    ]
   },
   "properties": {
    "pid": "여의도고등학교 ②(4층) 1층-20",
    "school": "여의도고등학교",
    "jibun": "30-1",
    "kind": "교사동 창면",
    "dong": "여의도고등학교 ②(4층)",
    "floor": 1,
    "z_m": 1.2,
    "normal_az": 232.0,
    "grade": "B",
    "근거등급": "B 일반식(전부 추정)",
    "근거": "일반식(도면 없음)",
    "추정항목": "도면 미수령. 층고 3.5m·창중심 바닥+1.2m·남향계열 외벽 전체를 5m 등간격 으로 분할 — 층고·창높이·수평배치가 **전부 가정값**이다. 도면을 받으면 위치와 높이가 모두 바뀐다",
    "estimated": true
   }
  },
  {
   "type": "Feature",
   "geometry": {
    "type": "Point",
    "coordinates": [
     194179.257,
     547282.605
    ]
   },
   "properties": {
    "pid": "여의도고등학교 ②(4층) 2층-20",
    "school": "여의도고등학교",
    "jibun": "30-1",
    "kind": "교사동 창면",
    "dong": "여의도고등학교 ②(4층)",
    "floor": 2,
    "z_m": 4.7,
    "normal_az": 232.0,
    "grade": "B",
    "근거등급": "B 일반식(전부 추정)",
    "근거": "일반식(도면 없음)",
    "추정항목": "도면 미수령. 층고 3.5m·창중심 바닥+1.2m·남향계열 외벽 전체를 5m 등간격 으로 분할 — 층고·창높이·수평배치가 **전부 가정값**이다. 도면을 받으면 위치와 높이가 모두 바뀐다",
    "estimated": true
   }
  },
  {
   "type": "Feature",
   "geometry": {
    "type": "Point",
    "coordinates": [
     194179.257,
     547282.605
    ]
   },
   "properties": {
    "pid": "여의도고등학교 ②(4층) 3층-20",
    "school": "여의도고등학교",
    "jibun": "30-1",
    "kind": "교사동 창면",
    "dong": "여의도고등학교 ②(4층)",
    "floor": 3,
    "z_m": 8.2,
    "normal_az": 232.0,
    "grade": "B",
    "근거등급": "B 일반식(전부 추정)",
    "근거": "일반식(도면 없음)",
    "추정항목": "도면 미수령. 층고 3.5m·창중심 바닥+1.2m·남향계열 외벽 전체를 5m 등간격 으로 분할 — 층고·창높이·수평배치가 **전부 가정값**이다. 도면을 받으면 위치와 높이가 모두 바뀐다",
    "estimated": true
   }
  },
  {
   "type": "Feature",
   "geometry": {
    "type": "Point",
    "coordinates": [
     194179.257,
     547282.605
    ]
   },
   "properties": {
    "pid": "여의도고등학교 ②(4층) 4층-20",
    "school": "여의도고등학교",
    "jibun": "30-1",
    "kind": "교사동 창면",
    "dong": "여의도고등학교 ②(4층)",
    "floor": 4,
    "z_m": 11.7,
    "normal_az": 232.0,
    "grade": "B",
    "근거등급": "B 일반식(전부 추정)",
    "근거": "일반식(도면 없음)",
    "추정항목": "도면 미수령. 층고 3.5m·창중심 바닥+1.2m·남향계열 외벽 전체를 5m 등간격 으로 분할 — 층고·창높이·수평배치가 **전부 가정값**이다. 도면을 받으면 위치와 높이가 모두 바뀐다",
    "estimated": true
   }
  },
  {
   "type": "Feature",
   "geometry": {
    "type": "Point",
    "coordinates": [
     194182.248,
     547278.782
    ]
   },
   "properties": {
    "pid": "여의도고등학교 ②(4층) 1층-21",
    "school": "여의도고등학교",
    "jibun": "30-1",
    "kind": "교사동 창면",
    "dong": "여의도고등학교 ②(4층)",
    "floor": 1,
    "z_m": 1.2,
    "normal_az": 232.0,
    "grade": "B",
    "근거등급": "B 일반식(전부 추정)",
    "근거": "일반식(도면 없음)",
    "추정항목": "도면 미수령. 층고 3.5m·창중심 바닥+1.2m·남향계열 외벽 전체를 5m 등간격 으로 분할 — 층고·창높이·수평배치가 **전부 가정값**이다. 도면을 받으면 위치와 높이가 모두 바뀐다",
    "estimated": true
   }
  },
  {
   "type": "Feature",
   "geometry": {
    "type": "Point",
    "coordinates": [
     194182.248,
     547278.782
    ]
   },
   "properties": {
    "pid": "여의도고등학교 ②(4층) 2층-21",
    "school": "여의도고등학교",
    "jibun": "30-1",
    "kind": "교사동 창면",
    "dong": "여의도고등학교 ②(4층)",
    "floor": 2,
    "z_m": 4.7,
    "normal_az": 232.0,
    "grade": "B",
    "근거등급": "B 일반식(전부 추정)",
    "근거": "일반식(도면 없음)",
    "추정항목": "도면 미수령. 층고 3.5m·창중심 바닥+1.2m·남향계열 외벽 전체를 5m 등간격 으로 분할 — 층고·창높이·수평배치가 **전부 가정값**이다. 도면을 받으면 위치와 높이가 모두 바뀐다",
    "estimated": true
   }
  },
  {
   "type": "Feature",
   "geometry": {
    "type": "Point",
    "coordinates": [
     194182.248,
     547278.782
    ]
   },
   "properties": {
    "pid": "여의도고등학교 ②(4층) 3층-21",
    "school": "여의도고등학교",
    "jibun": "30-1",
    "kind": "교사동 창면",
    "dong": "여의도고등학교 ②(4층)",
    "floor": 3,
    "z_m": 8.2,
    "normal_az": 232.0,
    "grade": "B",
    "근거등급": "B 일반식(전부 추정)",
    "근거": "일반식(도면 없음)",
    "추정항목": "도면 미수령. 층고 3.5m·창중심 바닥+1.2m·남향계열 외벽 전체를 5m 등간격 으로 분할 — 층고·창높이·수평배치가 **전부 가정값**이다. 도면을 받으면 위치와 높이가 모두 바뀐다",
    "estimated": true
   }
  },
  {
   "type": "Feature",
   "geometry": {
    "type": "Point",
    "coordinates": [
     194182.248,
     547278.782
    ]
   },
   "properties": {
    "pid": "여의도고등학교 ②(4층) 4층-21",
    "school": "여의도고등학교",
    "jibun": "30-1",
    "kind": "교사동 창면",
    "dong": "여의도고등학교 ②(4층)",
    "floor": 4,
    "z_m": 11.7,
    "normal_az": 232.0,
    "grade": "B",
    "근거등급": "B 일반식(전부 추정)",
    "근거": "일반식(도면 없음)",
    "추정항목": "도면 미수령. 층고 3.5m·창중심 바닥+1.2m·남향계열 외벽 전체를 5m 등간격 으로 분할 — 층고·창높이·수평배치가 **전부 가정값**이다. 도면을 받으면 위치와 높이가 모두 바뀐다",
    "estimated": true
   }
  },
  {
   "type": "Feature",
   "geometry": {
    "type": "Point",
    "coordinates": [
     194185.187,
     547275.025
    ]
   },
   "properties": {
    "pid": "여의도고등학교 ②(4층) 1층-22",
    "school": "여의도고등학교",
    "jibun": "30-1",
    "kind": "교사동 창면",
    "dong": "여의도고등학교 ②(4층)",
    "floor": 1,
    "z_m": 1.2,
    "normal_az": 232.0,
    "grade": "B",
    "근거등급": "B 일반식(전부 추정)",
    "근거": "일반식(도면 없음)",
    "추정항목": "도면 미수령. 층고 3.5m·창중심 바닥+1.2m·남향계열 외벽 전체를 5m 등간격 으로 분할 — 층고·창높이·수평배치가 **전부 가정값**이다. 도면을 받으면 위치와 높이가 모두 바뀐다",
    "estimated": true
   }
  },
  {
   "type": "Feature",
   "geometry": {
    "type": "Point",
    "coordinates": [
     194185.187,
     547275.025
    ]
   },
   "properties": {
    "pid": "여의도고등학교 ②(4층) 2층-22",
    "school": "여의도고등학교",
    "jibun": "30-1",
    "kind": "교사동 창면",
    "dong": "여의도고등학교 ②(4층)",
    "floor": 2,
    "z_m": 4.7,
    "normal_az": 232.0,
    "grade": "B",
    "근거등급": "B 일반식(전부 추정)",
    "근거": "일반식(도면 없음)",
    "추정항목": "도면 미수령. 층고 3.5m·창중심 바닥+1.2m·남향계열 외벽 전체를 5m 등간격 으로 분할 — 층고·창높이·수평배치가 **전부 가정값**이다. 도면을 받으면 위치와 높이가 모두 바뀐다",
    "estimated": true
   }
  },
  {
   "type": "Feature",
   "geometry": {
    "type": "Point",
    "coordinates": [
     194185.187,
     547275.025
    ]
   },
   "properties": {
    "pid": "여의도고등학교 ②(4층) 3층-22",
    "school": "여의도고등학교",
    "jibun": "30-1",
    "kind": "교사동 창면",
    "dong": "여의도고등학교 ②(4층)",
    "floor": 3,
    "z_m": 8.2,
    "normal_az": 232.0,
    "grade": "B",
    "근거등급": "B 일반식(전부 추정)",
    "근거": "일반식(도면 없음)",
    "추정항목": "도면 미수령. 층고 3.5m·창중심 바닥+1.2m·남향계열 외벽 전체를 5m 등간격 으로 분할 — 층고·창높이·수평배치가 **전부 가정값**이다. 도면을 받으면 위치와 높이가 모두 바뀐다",
    "estimated": true
   }
  },
  {
   "type": "Feature",
   "geometry": {
    "type": "Point",
    "coordinates": [
     194185.187,
     547275.025
    ]
   },
   "properties": {
    "pid": "여의도고등학교 ②(4층) 4층-22",
    "school": "여의도고등학교",
    "jibun": "30-1",
    "kind": "교사동 창면",
    "dong": "여의도고등학교 ②(4층)",
    "floor": 4,
    "z_m": 11.7,
    "normal_az": 232.0,
    "grade": "B",
    "근거등급": "B 일반식(전부 추정)",
    "근거": "일반식(도면 없음)",
    "추정항목": "도면 미수령. 층고 3.5m·창중심 바닥+1.2m·남향계열 외벽 전체를 5m 등간격 으로 분할 — 층고·창높이·수평배치가 **전부 가정값**이다. 도면을 받으면 위치와 높이가 모두 바뀐다",
    "estimated": true
   }
  },
  {
   "type": "Feature",
   "geometry": {
    "type": "Point",
    "coordinates": [
     194188.126,
     547271.269
    ]
   },
   "properties": {
    "pid": "여의도고등학교 ②(4층) 1층-23",
    "school": "여의도고등학교",
    "jibun": "30-1",
    "kind": "교사동 창면",
    "dong": "여의도고등학교 ②(4층)",
    "floor": 1,
    "z_m": 1.2,
    "normal_az": 232.0,
    "grade": "B",
    "근거등급": "B 일반식(전부 추정)",
    "근거": "일반식(도면 없음)",
    "추정항목": "도면 미수령. 층고 3.5m·창중심 바닥+1.2m·남향계열 외벽 전체를 5m 등간격 으로 분할 — 층고·창높이·수평배치가 **전부 가정값**이다. 도면을 받으면 위치와 높이가 모두 바뀐다",
    "estimated": true
   }
  },
  {
   "type": "Feature",
   "geometry": {
    "type": "Point",
    "coordinates": [
     194188.126,
     547271.269
    ]
   },
   "properties": {
    "pid": "여의도고등학교 ②(4층) 2층-23",
    "school": "여의도고등학교",
    "jibun": "30-1",
    "kind": "교사동 창면",
    "dong": "여의도고등학교 ②(4층)",
    "floor": 2,
    "z_m": 4.7,
    "normal_az": 232.0,
    "grade": "B",
    "근거등급": "B 일반식(전부 추정)",
    "근거": "일반식(도면 없음)",
    "추정항목": "도면 미수령. 층고 3.5m·창중심 바닥+1.2m·남향계열 외벽 전체를 5m 등간격 으로 분할 — 층고·창높이·수평배치가 **전부 가정값**이다. 도면을 받으면 위치와 높이가 모두 바뀐다",
    "estimated": true
   }
  },
  {
   "type": "Feature",
   "geometry": {
    "type": "Point",
    "coordinates": [
     194188.126,
     547271.269
    ]
   },
   "properties": {
    "pid": "여의도고등학교 ②(4층) 3층-23",
    "school": "여의도고등학교",
    "jibun": "30-1",
    "kind": "교사동 창면",
    "dong": "여의도고등학교 ②(4층)",
    "floor": 3,
    "z_m": 8.2,
    "normal_az": 232.0,
    "grade": "B",
    "근거등급": "B 일반식(전부 추정)",
    "근거": "일반식(도면 없음)",
    "추정항목": "도면 미수령. 층고 3.5m·창중심 바닥+1.2m·남향계열 외벽 전체를 5m 등간격 으로 분할 — 층고·창높이·수평배치가 **전부 가정값**이다. 도면을 받으면 위치와 높이가 모두 바뀐다",
    "estimated": true
   }
  },
  {
   "type": "Feature",
   "geometry": {
    "type": "Point",
    "coordinates": [
     194188.126,
     547271.269
    ]
   },
   "properties": {
    "pid": "여의도고등학교 ②(4층) 4층-23",
    "school": "여의도고등학교",
    "jibun": "30-1",
    "kind": "교사동 창면",
    "dong": "여의도고등학교 ②(4층)",
    "floor": 4,
    "z_m": 11.7,
    "normal_az": 232.0,
    "grade": "B",
    "근거등급": "B 일반식(전부 추정)",
    "근거": "일반식(도면 없음)",
    "추정항목": "도면 미수령. 층고 3.5m·창중심 바닥+1.2m·남향계열 외벽 전체를 5m 등간격 으로 분할 — 층고·창높이·수평배치가 **전부 가정값**이다. 도면을 받으면 위치와 높이가 모두 바뀐다",
    "estimated": true
   }
  },
  {
   "type": "Feature",
   "geometry": {
    "type": "Point",
    "coordinates": [
     194191.064,
     547267.513
    ]
   },
   "properties": {
    "pid": "여의도고등학교 ②(4층) 1층-24",
    "school": "여의도고등학교",
    "jibun": "30-1",
    "kind": "교사동 창면",
    "dong": "여의도고등학교 ②(4층)",
    "floor": 1,
    "z_m": 1.2,
    "normal_az": 232.0,
    "grade": "B",
    "근거등급": "B 일반식(전부 추정)",
    "근거": "일반식(도면 없음)",
    "추정항목": "도면 미수령. 층고 3.5m·창중심 바닥+1.2m·남향계열 외벽 전체를 5m 등간격 으로 분할 — 층고·창높이·수평배치가 **전부 가정값**이다. 도면을 받으면 위치와 높이가 모두 바뀐다",
    "estimated": true
   }
  },
  {
   "type": "Feature",
   "geometry": {
    "type": "Point",
    "coordinates": [
     194191.064,
     547267.513
    ]
   },
   "properties": {
    "pid": "여의도고등학교 ②(4층) 2층-24",
    "school": "여의도고등학교",
    "jibun": "30-1",
    "kind": "교사동 창면",
    "dong": "여의도고등학교 ②(4층)",
    "floor": 2,
    "z_m": 4.7,
    "normal_az": 232.0,
    "grade": "B",
    "근거등급": "B 일반식(전부 추정)",
    "근거": "일반식(도면 없음)",
    "추정항목": "도면 미수령. 층고 3.5m·창중심 바닥+1.2m·남향계열 외벽 전체를 5m 등간격 으로 분할 — 층고·창높이·수평배치가 **전부 가정값**이다. 도면을 받으면 위치와 높이가 모두 바뀐다",
    "estimated": true
   }
  },
  {
   "type": "Feature",
   "geometry": {
    "type": "Point",
    "coordinates": [
     194191.064,
     547267.513
    ]
   },
   "properties": {
    "pid": "여의도고등학교 ②(4층) 3층-24",
    "school": "여의도고등학교",
    "jibun": "30-1",
    "kind": "교사동 창면",
    "dong": "여의도고등학교 ②(4층)",
    "floor": 3,
    "z_m": 8.2,
    "normal_az": 232.0,
    "grade": "B",
    "근거등급": "B 일반식(전부 추정)",
    "근거": "일반식(도면 없음)",
    "추정항목": "도면 미수령. 층고 3.5m·창중심 바닥+1.2m·남향계열 외벽 전체를 5m 등간격 으로 분할 — 층고·창높이·수평배치가 **전부 가정값**이다. 도면을 받으면 위치와 높이가 모두 바뀐다",
    "estimated": true
   }
  },
  {
   "type": "Feature",
   "geometry": {
    "type": "Point",
    "coordinates": [
     194191.064,
     547267.513
    ]
   },
   "properties": {
    "pid": "여의도고등학교 ②(4층) 4층-24",
    "school": "여의도고등학교",
    "jibun": "30-1",
    "kind": "교사동 창면",
    "dong": "여의도고등학교 ②(4층)",
    "floor": 4,
    "z_m": 11.7,
    "normal_az": 232.0,
    "grade": "B",
    "근거등급": "B 일반식(전부 추정)",
    "근거": "일반식(도면 없음)",
    "추정항목": "도면 미수령. 층고 3.5m·창중심 바닥+1.2m·남향계열 외벽 전체를 5m 등간격 으로 분할 — 층고·창높이·수평배치가 **전부 가정값**이다. 도면을 받으면 위치와 높이가 모두 바뀐다",
    "estimated": true
   }
  },
  {
   "type": "Feature",
   "geometry": {
    "type": "Point",
    "coordinates": [
     194194.003,
     547263.756
    ]
   },
   "properties": {
    "pid": "여의도고등학교 ②(4층) 1층-25",
    "school": "여의도고등학교",
    "jibun": "30-1",
    "kind": "교사동 창면",
    "dong": "여의도고등학교 ②(4층)",
    "floor": 1,
    "z_m": 1.2,
    "normal_az": 232.0,
    "grade": "B",
    "근거등급": "B 일반식(전부 추정)",
    "근거": "일반식(도면 없음)",
    "추정항목": "도면 미수령. 층고 3.5m·창중심 바닥+1.2m·남향계열 외벽 전체를 5m 등간격 으로 분할 — 층고·창높이·수평배치가 **전부 가정값**이다. 도면을 받으면 위치와 높이가 모두 바뀐다",
    "estimated": true
   }
  },
  {
   "type": "Feature",
   "geometry": {
    "type": "Point",
    "coordinates": [
     194194.003,
     547263.756
    ]
   },
   "properties": {
    "pid": "여의도고등학교 ②(4층) 2층-25",
    "school": "여의도고등학교",
    "jibun": "30-1",
    "kind": "교사동 창면",
    "dong": "여의도고등학교 ②(4층)",
    "floor": 2,
    "z_m": 4.7,
    "normal_az": 232.0,
    "grade": "B",
    "근거등급": "B 일반식(전부 추정)",
    "근거": "일반식(도면 없음)",
    "추정항목": "도면 미수령. 층고 3.5m·창중심 바닥+1.2m·남향계열 외벽 전체를 5m 등간격 으로 분할 — 층고·창높이·수평배치가 **전부 가정값**이다. 도면을 받으면 위치와 높이가 모두 바뀐다",
    "estimated": true
   }
  },
  {
   "type": "Feature",
   "geometry": {
    "type": "Point",
    "coordinates": [
     194194.003,
     547263.756
    ]
   },
   "properties": {
    "pid": "여의도고등학교 ②(4층) 3층-25",
    "school": "여의도고등학교",
    "jibun": "30-1",
    "kind": "교사동 창면",
    "dong": "여의도고등학교 ②(4층)",
    "floor": 3,
    "z_m": 8.2,
    "normal_az": 232.0,
    "grade": "B",
    "근거등급": "B 일반식(전부 추정)",
    "근거": "일반식(도면 없음)",
    "추정항목": "도면 미수령. 층고 3.5m·창중심 바닥+1.2m·남향계열 외벽 전체를 5m 등간격 으로 분할 — 층고·창높이·수평배치가 **전부 가정값**이다. 도면을 받으면 위치와 높이가 모두 바뀐다",
    "estimated": true
   }
  },
  {
   "type": "Feature",
   "geometry": {
    "type": "Point",
    "coordinates": [
     194194.003,
     547263.756
    ]
   },
   "properties": {
    "pid": "여의도고등학교 ②(4층) 4층-25",
    "school": "여의도고등학교",
    "jibun": "30-1",
    "kind": "교사동 창면",
    "dong": "여의도고등학교 ②(4층)",
    "floor": 4,
    "z_m": 11.7,
    "normal_az": 232.0,
    "grade": "B",
    "근거등급": "B 일반식(전부 추정)",
    "근거": "일반식(도면 없음)",
    "추정항목": "도면 미수령. 층고 3.5m·창중심 바닥+1.2m·남향계열 외벽 전체를 5m 등간격 으로 분할 — 층고·창높이·수평배치가 **전부 가정값**이다. 도면을 받으면 위치와 높이가 모두 바뀐다",
    "estimated": true
   }
  },
  {
   "type": "Feature",
   "geometry": {
    "type": "Point",
    "coordinates": [
     194196.942,
     547260.0
    ]
   },
   "properties": {
    "pid": "여의도고등학교 ②(4층) 1층-26",
    "school": "여의도고등학교",
    "jibun": "30-1",
    "kind": "교사동 창면",
    "dong": "여의도고등학교 ②(4층)",
    "floor": 1,
    "z_m": 1.2,
    "normal_az": 232.0,
    "grade": "B",
    "근거등급": "B 일반식(전부 추정)",
    "근거": "일반식(도면 없음)",
    "추정항목": "도면 미수령. 층고 3.5m·창중심 바닥+1.2m·남향계열 외벽 전체를 5m 등간격 으로 분할 — 층고·창높이·수평배치가 **전부 가정값**이다. 도면을 받으면 위치와 높이가 모두 바뀐다",
    "estimated": true
   }
  },
  {
   "type": "Feature",
   "geometry": {
    "type": "Point",
    "coordinates": [
     194196.942,
     547260.0
    ]
   },
   "properties": {
    "pid": "여의도고등학교 ②(4층) 2층-26",
    "school": "여의도고등학교",
    "jibun": "30-1",
    "kind": "교사동 창면",
    "dong": "여의도고등학교 ②(4층)",
    "floor": 2,
    "z_m": 4.7,
    "normal_az": 232.0,
    "grade": "B",
    "근거등급": "B 일반식(전부 추정)",
    "근거": "일반식(도면 없음)",
    "추정항목": "도면 미수령. 층고 3.5m·창중심 바닥+1.2m·남향계열 외벽 전체를 5m 등간격 으로 분할 — 층고·창높이·수평배치가 **전부 가정값**이다. 도면을 받으면 위치와 높이가 모두 바뀐다",
    "estimated": true
   }
  },
  {
   "type": "Feature",
   "geometry": {
    "type": "Point",
    "coordinates": [
     194196.942,
     547260.0
    ]
   },
   "properties": {
    "pid": "여의도고등학교 ②(4층) 3층-26",
    "school": "여의도고등학교",
    "jibun": "30-1",
    "kind": "교사동 창면",
    "dong": "여의도고등학교 ②(4층)",
    "floor": 3,
    "z_m": 8.2,
    "normal_az": 232.0,
    "grade": "B",
    "근거등급": "B 일반식(전부 추정)",
    "근거": "일반식(도면 없음)",
    "추정항목": "도면 미수령. 층고 3.5m·창중심 바닥+1.2m·남향계열 외벽 전체를 5m 등간격 으로 분할 — 층고·창높이·수평배치가 **전부 가정값**이다. 도면을 받으면 위치와 높이가 모두 바뀐다",
    "estimated": true
   }
  },
  {
   "type": "Feature",
   "geometry": {
    "type": "Point",
    "coordinates": [
     194196.942,
     547260.0
    ]
   },
   "properties": {
    "pid": "여의도고등학교 ②(4층) 4층-26",
    "school": "여의도고등학교",
    "jibun": "30-1",
    "kind": "교사동 창면",
    "dong": "여의도고등학교 ②(4층)",
    "floor": 4,
    "z_m": 11.7,
    "normal_az": 232.0,
    "grade": "B",
    "근거등급": "B 일반식(전부 추정)",
    "근거": "일반식(도면 없음)",
    "추정항목": "도면 미수령. 층고 3.5m·창중심 바닥+1.2m·남향계열 외벽 전체를 5m 등간격 으로 분할 — 층고·창높이·수평배치가 **전부 가정값**이다. 도면을 받으면 위치와 높이가 모두 바뀐다",
    "estimated": true
   }
  },
  {
   "type": "Feature",
   "geometry": {
    "type": "Point",
    "coordinates": [
     194199.88,
     547256.243
    ]
   },
   "properties": {
    "pid": "여의도고등학교 ②(4층) 1층-27",
    "school": "여의도고등학교",
    "jibun": "30-1",
    "kind": "교사동 창면",
    "dong": "여의도고등학교 ②(4층)",
    "floor": 1,
    "z_m": 1.2,
    "normal_az": 232.0,
    "grade": "B",
    "근거등급": "B 일반식(전부 추정)",
    "근거": "일반식(도면 없음)",
    "추정항목": "도면 미수령. 층고 3.5m·창중심 바닥+1.2m·남향계열 외벽 전체를 5m 등간격 으로 분할 — 층고·창높이·수평배치가 **전부 가정값**이다. 도면을 받으면 위치와 높이가 모두 바뀐다",
    "estimated": true
   }
  },
  {
   "type": "Feature",
   "geometry": {
    "type": "Point",
    "coordinates": [
     194199.88,
     547256.243
    ]
   },
   "properties": {
    "pid": "여의도고등학교 ②(4층) 2층-27",
    "school": "여의도고등학교",
    "jibun": "30-1",
    "kind": "교사동 창면",
    "dong": "여의도고등학교 ②(4층)",
    "floor": 2,
    "z_m": 4.7,
    "normal_az": 232.0,
    "grade": "B",
    "근거등급": "B 일반식(전부 추정)",
    "근거": "일반식(도면 없음)",
    "추정항목": "도면 미수령. 층고 3.5m·창중심 바닥+1.2m·남향계열 외벽 전체를 5m 등간격 으로 분할 — 층고·창높이·수평배치가 **전부 가정값**이다. 도면을 받으면 위치와 높이가 모두 바뀐다",
    "estimated": true
   }
  },
  {
   "type": "Feature",
   "geometry": {
    "type": "Point",
    "coordinates": [
     194199.88,
     547256.243
    ]
   },
   "properties": {
    "pid": "여의도고등학교 ②(4층) 3층-27",
    "school": "여의도고등학교",
    "jibun": "30-1",
    "kind": "교사동 창면",
    "dong": "여의도고등학교 ②(4층)",
    "floor": 3,
    "z_m": 8.2,
    "normal_az": 232.0,
    "grade": "B",
    "근거등급": "B 일반식(전부 추정)",
    "근거": "일반식(도면 없음)",
    "추정항목": "도면 미수령. 층고 3.5m·창중심 바닥+1.2m·남향계열 외벽 전체를 5m 등간격 으로 분할 — 층고·창높이·수평배치가 **전부 가정값**이다. 도면을 받으면 위치와 높이가 모두 바뀐다",
    "estimated": true
   }
  },
  {
   "type": "Feature",
   "geometry": {
    "type": "Point",
    "coordinates": [
     194199.88,
     547256.243
    ]
   },
   "properties": {
    "pid": "여의도고등학교 ②(4층) 4층-27",
    "school": "여의도고등학교",
    "jibun": "30-1",
    "kind": "교사동 창면",
    "dong": "여의도고등학교 ②(4층)",
    "floor": 4,
    "z_m": 11.7,
    "normal_az": 232.0,
    "grade": "B",
    "근거등급": "B 일반식(전부 추정)",
    "근거": "일반식(도면 없음)",
    "추정항목": "도면 미수령. 층고 3.5m·창중심 바닥+1.2m·남향계열 외벽 전체를 5m 등간격 으로 분할 — 층고·창높이·수평배치가 **전부 가정값**이다. 도면을 받으면 위치와 높이가 모두 바뀐다",
    "estimated": true
   }
  },
  {
   "type": "Feature",
   "geometry": {
    "type": "Point",
    "coordinates": [
     194202.819,
     547252.487
    ]
   },
   "properties": {
    "pid": "여의도고등학교 ②(4층) 1층-28",
    "school": "여의도고등학교",
    "jibun": "30-1",
    "kind": "교사동 창면",
    "dong": "여의도고등학교 ②(4층)",
    "floor": 1,
    "z_m": 1.2,
    "normal_az": 232.0,
    "grade": "B",
    "근거등급": "B 일반식(전부 추정)",
    "근거": "일반식(도면 없음)",
    "추정항목": "도면 미수령. 층고 3.5m·창중심 바닥+1.2m·남향계열 외벽 전체를 5m 등간격 으로 분할 — 층고·창높이·수평배치가 **전부 가정값**이다. 도면을 받으면 위치와 높이가 모두 바뀐다",
    "estimated": true
   }
  },
  {
   "type": "Feature",
   "geometry": {
    "type": "Point",
    "coordinates": [
     194202.819,
     547252.487
    ]
   },
   "properties": {
    "pid": "여의도고등학교 ②(4층) 2층-28",
    "school": "여의도고등학교",
    "jibun": "30-1",
    "kind": "교사동 창면",
    "dong": "여의도고등학교 ②(4층)",
    "floor": 2,
    "z_m": 4.7,
    "normal_az": 232.0,
    "grade": "B",
    "근거등급": "B 일반식(전부 추정)",
    "근거": "일반식(도면 없음)",
    "추정항목": "도면 미수령. 층고 3.5m·창중심 바닥+1.2m·남향계열 외벽 전체를 5m 등간격 으로 분할 — 층고·창높이·수평배치가 **전부 가정값**이다. 도면을 받으면 위치와 높이가 모두 바뀐다",
    "estimated": true
   }
  },
  {
   "type": "Feature",
   "geometry": {
    "type": "Point",
    "coordinates": [
     194202.819,
     547252.487
    ]
   },
   "properties": {
    "pid": "여의도고등학교 ②(4층) 3층-28",
    "school": "여의도고등학교",
    "jibun": "30-1",
    "kind": "교사동 창면",
    "dong": "여의도고등학교 ②(4층)",
    "floor": 3,
    "z_m": 8.2,
    "normal_az": 232.0,
    "grade": "B",
    "근거등급": "B 일반식(전부 추정)",
    "근거": "일반식(도면 없음)",
    "추정항목": "도면 미수령. 층고 3.5m·창중심 바닥+1.2m·남향계열 외벽 전체를 5m 등간격 으로 분할 — 층고·창높이·수평배치가 **전부 가정값**이다. 도면을 받으면 위치와 높이가 모두 바뀐다",
    "estimated": true
   }
  },
  {
   "type": "Feature",
   "geometry": {
    "type": "Point",
    "coordinates": [
     194202.819,
     547252.487
    ]
   },
   "properties": {
    "pid": "여의도고등학교 ②(4층) 4층-28",
    "school": "여의도고등학교",
    "jibun": "30-1",
    "kind": "교사동 창면",
    "dong": "여의도고등학교 ②(4층)",
    "floor": 4,
    "z_m": 11.7,
    "normal_az": 232.0,
    "grade": "B",
    "근거등급": "B 일반식(전부 추정)",
    "근거": "일반식(도면 없음)",
    "추정항목": "도면 미수령. 층고 3.5m·창중심 바닥+1.2m·남향계열 외벽 전체를 5m 등간격 으로 분할 — 층고·창높이·수평배치가 **전부 가정값**이다. 도면을 받으면 위치와 높이가 모두 바뀐다",
    "estimated": true
   }
  },
  {
   "type": "Feature",
   "geometry": {
    "type": "Point",
    "coordinates": [
     194195.948,
     547239.673
    ]
   },
   "properties": {
    "pid": "여의도고등학교 ②(4층) 1층-29",
    "school": "여의도고등학교",
    "jibun": "30-1",
    "kind": "교사동 창면",
    "dong": "여의도고등학교 ②(4층)",
    "floor": 1,
    "z_m": 1.2,
    "normal_az": 231.9,
    "grade": "B",
    "근거등급": "B 일반식(전부 추정)",
    "근거": "일반식(도면 없음)",
    "추정항목": "도면 미수령. 층고 3.5m·창중심 바닥+1.2m·남향계열 외벽 전체를 5m 등간격 으로 분할 — 층고·창높이·수평배치가 **전부 가정값**이다. 도면을 받으면 위치와 높이가 모두 바뀐다",
    "estimated": true
   }
  },
  {
   "type": "Feature",
   "geometry": {
    "type": "Point",
    "coordinates": [
     194195.948,
     547239.673
    ]
   },
   "properties": {
    "pid": "여의도고등학교 ②(4층) 2층-29",
    "school": "여의도고등학교",
    "jibun": "30-1",
    "kind": "교사동 창면",
    "dong": "여의도고등학교 ②(4층)",
    "floor": 2,
    "z_m": 4.7,
    "normal_az": 231.9,
    "grade": "B",
    "근거등급": "B 일반식(전부 추정)",
    "근거": "일반식(도면 없음)",
    "추정항목": "도면 미수령. 층고 3.5m·창중심 바닥+1.2m·남향계열 외벽 전체를 5m 등간격 으로 분할 — 층고·창높이·수평배치가 **전부 가정값**이다. 도면을 받으면 위치와 높이가 모두 바뀐다",
    "estimated": true
   }
  },
  {
   "type": "Feature",
   "geometry": {
    "type": "Point",
    "coordinates": [
     194195.948,
     547239.673
    ]
   },
   "properties": {
    "pid": "여의도고등학교 ②(4층) 3층-29",
    "school": "여의도고등학교",
    "jibun": "30-1",
    "kind": "교사동 창면",
    "dong": "여의도고등학교 ②(4층)",
    "floor": 3,
    "z_m": 8.2,
    "normal_az": 231.9,
    "grade": "B",
    "근거등급": "B 일반식(전부 추정)",
    "근거": "일반식(도면 없음)",
    "추정항목": "도면 미수령. 층고 3.5m·창중심 바닥+1.2m·남향계열 외벽 전체를 5m 등간격 으로 분할 — 층고·창높이·수평배치가 **전부 가정값**이다. 도면을 받으면 위치와 높이가 모두 바뀐다",
    "estimated": true
   }
  },
  {
   "type": "Feature",
   "geometry": {
    "type": "Point",
    "coordinates": [
     194195.948,
     547239.673
    ]
   },
   "properties": {
    "pid": "여의도고등학교 ②(4층) 4층-29",
    "school": "여의도고등학교",
    "jibun": "30-1",
    "kind": "교사동 창면",
    "dong": "여의도고등학교 ②(4층)",
    "floor": 4,
    "z_m": 11.7,
    "normal_az": 231.9,
    "grade": "B",
    "근거등급": "B 일반식(전부 추정)",
    "근거": "일반식(도면 없음)",
    "추정항목": "도면 미수령. 층고 3.5m·창중심 바닥+1.2m·남향계열 외벽 전체를 5m 등간격 으로 분할 — 층고·창높이·수평배치가 **전부 가정값**이다. 도면을 받으면 위치와 높이가 모두 바뀐다",
    "estimated": true
   }
  },
  {
   "type": "Feature",
   "geometry": {
    "type": "Point",
    "coordinates": [
     194199.328,
     547235.363
    ]
   },
   "properties": {
    "pid": "여의도고등학교 ②(4층) 1층-30",
    "school": "여의도고등학교",
    "jibun": "30-1",
    "kind": "교사동 창면",
    "dong": "여의도고등학교 ②(4층)",
    "floor": 1,
    "z_m": 1.2,
    "normal_az": 231.9,
    "grade": "B",
    "근거등급": "B 일반식(전부 추정)",
    "근거": "일반식(도면 없음)",
    "추정항목": "도면 미수령. 층고 3.5m·창중심 바닥+1.2m·남향계열 외벽 전체를 5m 등간격 으로 분할 — 층고·창높이·수평배치가 **전부 가정값**이다. 도면을 받으면 위치와 높이가 모두 바뀐다",
    "estimated": true
   }
  },
  {
   "type": "Feature",
   "geometry": {
    "type": "Point",
    "coordinates": [
     194199.328,
     547235.363
    ]
   },
   "properties": {
    "pid": "여의도고등학교 ②(4층) 2층-30",
    "school": "여의도고등학교",
    "jibun": "30-1",
    "kind": "교사동 창면",
    "dong": "여의도고등학교 ②(4층)",
    "floor": 2,
    "z_m": 4.7,
    "normal_az": 231.9,
    "grade": "B",
    "근거등급": "B 일반식(전부 추정)",
    "근거": "일반식(도면 없음)",
    "추정항목": "도면 미수령. 층고 3.5m·창중심 바닥+1.2m·남향계열 외벽 전체를 5m 등간격 으로 분할 — 층고·창높이·수평배치가 **전부 가정값**이다. 도면을 받으면 위치와 높이가 모두 바뀐다",
    "estimated": true
   }
  },
  {
   "type": "Feature",
   "geometry": {
    "type": "Point",
    "coordinates": [
     194199.328,
     547235.363
    ]
   },
   "properties": {
    "pid": "여의도고등학교 ②(4층) 3층-30",
    "school": "여의도고등학교",
    "jibun": "30-1",
    "kind": "교사동 창면",
    "dong": "여의도고등학교 ②(4층)",
    "floor": 3,
    "z_m": 8.2,
    "normal_az": 231.9,
    "grade": "B",
    "근거등급": "B 일반식(전부 추정)",
    "근거": "일반식(도면 없음)",
    "추정항목": "도면 미수령. 층고 3.5m·창중심 바닥+1.2m·남향계열 외벽 전체를 5m 등간격 으로 분할 — 층고·창높이·수평배치가 **전부 가정값**이다. 도면을 받으면 위치와 높이가 모두 바뀐다",
    "estimated": true
   }
  },
  {
   "type": "Feature",
   "geometry": {
    "type": "Point",
    "coordinates": [
     194199.328,
     547235.363
    ]
   },
   "properties": {
    "pid": "여의도고등학교 ②(4층) 4층-30",
    "school": "여의도고등학교",
    "jibun": "30-1",
    "kind": "교사동 창면",
    "dong": "여의도고등학교 ②(4층)",
    "floor": 4,
    "z_m": 11.7,
    "normal_az": 231.9,
    "grade": "B",
    "근거등급": "B 일반식(전부 추정)",
    "근거": "일반식(도면 없음)",
    "추정항목": "도면 미수령. 층고 3.5m·창중심 바닥+1.2m·남향계열 외벽 전체를 5m 등간격 으로 분할 — 층고·창높이·수평배치가 **전부 가정값**이다. 도면을 받으면 위치와 높이가 모두 바뀐다",
    "estimated": true
   }
  },
  {
   "type": "Feature",
   "geometry": {
    "type": "Point",
    "coordinates": [
     194202.708,
     547231.053
    ]
   },
   "properties": {
    "pid": "여의도고등학교 ②(4층) 1층-31",
    "school": "여의도고등학교",
    "jibun": "30-1",
    "kind": "교사동 창면",
    "dong": "여의도고등학교 ②(4층)",
    "floor": 1,
    "z_m": 1.2,
    "normal_az": 231.9,
    "grade": "B",
    "근거등급": "B 일반식(전부 추정)",
    "근거": "일반식(도면 없음)",
    "추정항목": "도면 미수령. 층고 3.5m·창중심 바닥+1.2m·남향계열 외벽 전체를 5m 등간격 으로 분할 — 층고·창높이·수평배치가 **전부 가정값**이다. 도면을 받으면 위치와 높이가 모두 바뀐다",
    "estimated": true
   }
  },
  {
   "type": "Feature",
   "geometry": {
    "type": "Point",
    "coordinates": [
     194202.708,
     547231.053
    ]
   },
   "properties": {
    "pid": "여의도고등학교 ②(4층) 2층-31",
    "school": "여의도고등학교",
    "jibun": "30-1",
    "kind": "교사동 창면",
    "dong": "여의도고등학교 ②(4층)",
    "floor": 2,
    "z_m": 4.7,
    "normal_az": 231.9,
    "grade": "B",
    "근거등급": "B 일반식(전부 추정)",
    "근거": "일반식(도면 없음)",
    "추정항목": "도면 미수령. 층고 3.5m·창중심 바닥+1.2m·남향계열 외벽 전체를 5m 등간격 으로 분할 — 층고·창높이·수평배치가 **전부 가정값**이다. 도면을 받으면 위치와 높이가 모두 바뀐다",
    "estimated": true
   }
  },
  {
   "type": "Feature",
   "geometry": {
    "type": "Point",
    "coordinates": [
     194202.708,
     547231.053
    ]
   },
   "properties": {
    "pid": "여의도고등학교 ②(4층) 3층-31",
    "school": "여의도고등학교",
    "jibun": "30-1",
    "kind": "교사동 창면",
    "dong": "여의도고등학교 ②(4층)",
    "floor": 3,
    "z_m": 8.2,
    "normal_az": 231.9,
    "grade": "B",
    "근거등급": "B 일반식(전부 추정)",
    "근거": "일반식(도면 없음)",
    "추정항목": "도면 미수령. 층고 3.5m·창중심 바닥+1.2m·남향계열 외벽 전체를 5m 등간격 으로 분할 — 층고·창높이·수평배치가 **전부 가정값**이다. 도면을 받으면 위치와 높이가 모두 바뀐다",
    "estimated": true
   }
  },
  {
   "type": "Feature",
   "geometry": {
    "type": "Point",
    "coordinates": [
     194202.708,
     547231.053
    ]
   },
   "properties": {
    "pid": "여의도고등학교 ②(4층) 4층-31",
    "school": "여의도고등학교",
    "jibun": "30-1",
    "kind": "교사동 창면",
    "dong": "여의도고등학교 ②(4층)",
    "floor": 4,
    "z_m": 11.7,
    "normal_az": 231.9,
    "grade": "B",
    "근거등급": "B 일반식(전부 추정)",
    "근거": "일반식(도면 없음)",
    "추정항목": "도면 미수령. 층고 3.5m·창중심 바닥+1.2m·남향계열 외벽 전체를 5m 등간격 으로 분할 — 층고·창높이·수평배치가 **전부 가정값**이다. 도면을 받으면 위치와 높이가 모두 바뀐다",
    "estimated": true
   }
  },
  {
   "type": "Feature",
   "geometry": {
    "type": "Point",
    "coordinates": [
     194206.088,
     547226.744
    ]
   },
   "properties": {
    "pid": "여의도고등학교 ②(4층) 1층-32",
    "school": "여의도고등학교",
    "jibun": "30-1",
    "kind": "교사동 창면",
    "dong": "여의도고등학교 ②(4층)",
    "floor": 1,
    "z_m": 1.2,
    "normal_az": 231.9,
    "grade": "B",
    "근거등급": "B 일반식(전부 추정)",
    "근거": "일반식(도면 없음)",
    "추정항목": "도면 미수령. 층고 3.5m·창중심 바닥+1.2m·남향계열 외벽 전체를 5m 등간격 으로 분할 — 층고·창높이·수평배치가 **전부 가정값**이다. 도면을 받으면 위치와 높이가 모두 바뀐다",
    "estimated": true
   }
  },
  {
   "type": "Feature",
   "geometry": {
    "type": "Point",
    "coordinates": [
     194206.088,
     547226.744
    ]
   },
   "properties": {
    "pid": "여의도고등학교 ②(4층) 2층-32",
    "school": "여의도고등학교",
    "jibun": "30-1",
    "kind": "교사동 창면",
    "dong": "여의도고등학교 ②(4층)",
    "floor": 2,
    "z_m": 4.7,
    "normal_az": 231.9,
    "grade": "B",
    "근거등급": "B 일반식(전부 추정)",
    "근거": "일반식(도면 없음)",
    "추정항목": "도면 미수령. 층고 3.5m·창중심 바닥+1.2m·남향계열 외벽 전체를 5m 등간격 으로 분할 — 층고·창높이·수평배치가 **전부 가정값**이다. 도면을 받으면 위치와 높이가 모두 바뀐다",
    "estimated": true
   }
  },
  {
   "type": "Feature",
   "geometry": {
    "type": "Point",
    "coordinates": [
     194206.088,
     547226.744
    ]
   },
   "properties": {
    "pid": "여의도고등학교 ②(4층) 3층-32",
    "school": "여의도고등학교",
    "jibun": "30-1",
    "kind": "교사동 창면",
    "dong": "여의도고등학교 ②(4층)",
    "floor": 3,
    "z_m": 8.2,
    "normal_az": 231.9,
    "grade": "B",
    "근거등급": "B 일반식(전부 추정)",
    "근거": "일반식(도면 없음)",
    "추정항목": "도면 미수령. 층고 3.5m·창중심 바닥+1.2m·남향계열 외벽 전체를 5m 등간격 으로 분할 — 층고·창높이·수평배치가 **전부 가정값**이다. 도면을 받으면 위치와 높이가 모두 바뀐다",
    "estimated": true
   }
  },
  {
   "type": "Feature",
   "geometry": {
    "type": "Point",
    "coordinates": [
     194206.088,
     547226.744
    ]
   },
   "properties": {
    "pid": "여의도고등학교 ②(4층) 4층-32",
    "school": "여의도고등학교",
    "jibun": "30-1",
    "kind": "교사동 창면",
    "dong": "여의도고등학교 ②(4층)",
    "floor": 4,
    "z_m": 11.7,
    "normal_az": 231.9,
    "grade": "B",
    "근거등급": "B 일반식(전부 추정)",
    "근거": "일반식(도면 없음)",
    "추정항목": "도면 미수령. 층고 3.5m·창중심 바닥+1.2m·남향계열 외벽 전체를 5m 등간격 으로 분할 — 층고·창높이·수평배치가 **전부 가정값**이다. 도면을 받으면 위치와 높이가 모두 바뀐다",
    "estimated": true
   }
  },
  {
   "type": "Feature",
   "geometry": {
    "type": "Point",
    "coordinates": [
     194210.292,
     547226.054
    ]
   },
   "properties": {
    "pid": "여의도고등학교 ②(4층) 1층-33",
    "school": "여의도고등학교",
    "jibun": "30-1",
    "kind": "교사동 창면",
    "dong": "여의도고등학교 ②(4층)",
    "floor": 1,
    "z_m": 1.2,
    "normal_az": 141.9,
    "grade": "B",
    "근거등급": "B 일반식(전부 추정)",
    "근거": "일반식(도면 없음)",
    "추정항목": "도면 미수령. 층고 3.5m·창중심 바닥+1.2m·남향계열 외벽 전체를 5m 등간격 으로 분할 — 층고·창높이·수평배치가 **전부 가정값**이다. 도면을 받으면 위치와 높이가 모두 바뀐다",
    "estimated": true
   }
  },
  {
   "type": "Feature",
   "geometry": {
    "type": "Point",
    "coordinates": [
     194210.292,
     547226.054
    ]
   },
   "properties": {
    "pid": "여의도고등학교 ②(4층) 2층-33",
    "school": "여의도고등학교",
    "jibun": "30-1",
    "kind": "교사동 창면",
    "dong": "여의도고등학교 ②(4층)",
    "floor": 2,
    "z_m": 4.7,
    "normal_az": 141.9,
    "grade": "B",
    "근거등급": "B 일반식(전부 추정)",
    "근거": "일반식(도면 없음)",
    "추정항목": "도면 미수령. 층고 3.5m·창중심 바닥+1.2m·남향계열 외벽 전체를 5m 등간격 으로 분할 — 층고·창높이·수평배치가 **전부 가정값**이다. 도면을 받으면 위치와 높이가 모두 바뀐다",
    "estimated": true
   }
  },
  {
   "type": "Feature",
   "geometry": {
    "type": "Point",
    "coordinates": [
     194210.292,
     547226.054
    ]
   },
   "properties": {
    "pid": "여의도고등학교 ②(4층) 3층-33",
    "school": "여의도고등학교",
    "jibun": "30-1",
    "kind": "교사동 창면",
    "dong": "여의도고등학교 ②(4층)",
    "floor": 3,
    "z_m": 8.2,
    "normal_az": 141.9,
    "grade": "B",
    "근거등급": "B 일반식(전부 추정)",
    "근거": "일반식(도면 없음)",
    "추정항목": "도면 미수령. 층고 3.5m·창중심 바닥+1.2m·남향계열 외벽 전체를 5m 등간격 으로 분할 — 층고·창높이·수평배치가 **전부 가정값**이다. 도면을 받으면 위치와 높이가 모두 바뀐다",
    "estimated": true
   }
  },
  {
   "type": "Feature",
   "geometry": {
    "type": "Point",
    "coordinates": [
     194210.292,
     547226.054
    ]
   },
   "properties": {
    "pid": "여의도고등학교 ②(4층) 4층-33",
    "school": "여의도고등학교",
    "jibun": "30-1",
    "kind": "교사동 창면",
    "dong": "여의도고등학교 ②(4층)",
    "floor": 4,
    "z_m": 11.7,
    "normal_az": 141.9,
    "grade": "B",
    "근거등급": "B 일반식(전부 추정)",
    "근거": "일반식(도면 없음)",
    "추정항목": "도면 미수령. 층고 3.5m·창중심 바닥+1.2m·남향계열 외벽 전체를 5m 등간격 으로 분할 — 층고·창높이·수평배치가 **전부 가정값**이다. 도면을 받으면 위치와 높이가 모두 바뀐다",
    "estimated": true
   }
  },
  {
   "type": "Feature",
   "geometry": {
    "type": "Point",
    "coordinates": [
     194214.198,
     547229.119
    ]
   },
   "properties": {
    "pid": "여의도고등학교 ②(4층) 1층-34",
    "school": "여의도고등학교",
    "jibun": "30-1",
    "kind": "교사동 창면",
    "dong": "여의도고등학교 ②(4층)",
    "floor": 1,
    "z_m": 1.2,
    "normal_az": 141.9,
    "grade": "B",
    "근거등급": "B 일반식(전부 추정)",
    "근거": "일반식(도면 없음)",
    "추정항목": "도면 미수령. 층고 3.5m·창중심 바닥+1.2m·남향계열 외벽 전체를 5m 등간격 으로 분할 — 층고·창높이·수평배치가 **전부 가정값**이다. 도면을 받으면 위치와 높이가 모두 바뀐다",
    "estimated": true
   }
  },
  {
   "type": "Feature",
   "geometry": {
    "type": "Point",
    "coordinates": [
     194214.198,
     547229.119
    ]
   },
   "properties": {
    "pid": "여의도고등학교 ②(4층) 2층-34",
    "school": "여의도고등학교",
    "jibun": "30-1",
    "kind": "교사동 창면",
    "dong": "여의도고등학교 ②(4층)",
    "floor": 2,
    "z_m": 4.7,
    "normal_az": 141.9,
    "grade": "B",
    "근거등급": "B 일반식(전부 추정)",
    "근거": "일반식(도면 없음)",
    "추정항목": "도면 미수령. 층고 3.5m·창중심 바닥+1.2m·남향계열 외벽 전체를 5m 등간격 으로 분할 — 층고·창높이·수평배치가 **전부 가정값**이다. 도면을 받으면 위치와 높이가 모두 바뀐다",
    "estimated": true
   }
  },
  {
   "type": "Feature",
   "geometry": {
    "type": "Point",
    "coordinates": [
     194214.198,
     547229.119
    ]
   },
   "properties": {
    "pid": "여의도고등학교 ②(4층) 3층-34",
    "school": "여의도고등학교",
    "jibun": "30-1",
    "kind": "교사동 창면",
    "dong": "여의도고등학교 ②(4층)",
    "floor": 3,
    "z_m": 8.2,
    "normal_az": 141.9,
    "grade": "B",
    "근거등급": "B 일반식(전부 추정)",
    "근거": "일반식(도면 없음)",
    "추정항목": "도면 미수령. 층고 3.5m·창중심 바닥+1.2m·남향계열 외벽 전체를 5m 등간격 으로 분할 — 층고·창높이·수평배치가 **전부 가정값**이다. 도면을 받으면 위치와 높이가 모두 바뀐다",
    "estimated": true
   }
  },
  {
   "type": "Feature",
   "geometry": {
    "type": "Point",
    "coordinates": [
     194214.198,
     547229.119
    ]
   },
   "properties": {
    "pid": "여의도고등학교 ②(4층) 4층-34",
    "school": "여의도고등학교",
    "jibun": "30-1",
    "kind": "교사동 창면",
    "dong": "여의도고등학교 ②(4층)",
    "floor": 4,
    "z_m": 11.7,
    "normal_az": 141.9,
    "grade": "B",
    "근거등급": "B 일반식(전부 추정)",
    "근거": "일반식(도면 없음)",
    "추정항목": "도면 미수령. 층고 3.5m·창중심 바닥+1.2m·남향계열 외벽 전체를 5m 등간격 으로 분할 — 층고·창높이·수평배치가 **전부 가정값**이다. 도면을 받으면 위치와 높이가 모두 바뀐다",
    "estimated": true
   }
  },
  {
   "type": "Feature",
   "geometry": {
    "type": "Point",
    "coordinates": [
     194218.104,
     547232.185
    ]
   },
   "properties": {
    "pid": "여의도고등학교 ②(4층) 1층-35",
    "school": "여의도고등학교",
    "jibun": "30-1",
    "kind": "교사동 창면",
    "dong": "여의도고등학교 ②(4층)",
    "floor": 1,
    "z_m": 1.2,
    "normal_az": 141.9,
    "grade": "B",
    "근거등급": "B 일반식(전부 추정)",
    "근거": "일반식(도면 없음)",
    "추정항목": "도면 미수령. 층고 3.5m·창중심 바닥+1.2m·남향계열 외벽 전체를 5m 등간격 으로 분할 — 층고·창높이·수평배치가 **전부 가정값**이다. 도면을 받으면 위치와 높이가 모두 바뀐다",
    "estimated": true
   }
  },
  {
   "type": "Feature",
   "geometry": {
    "type": "Point",
    "coordinates": [
     194218.104,
     547232.185
    ]
   },
   "properties": {
    "pid": "여의도고등학교 ②(4층) 2층-35",
    "school": "여의도고등학교",
    "jibun": "30-1",
    "kind": "교사동 창면",
    "dong": "여의도고등학교 ②(4층)",
    "floor": 2,
    "z_m": 4.7,
    "normal_az": 141.9,
    "grade": "B",
    "근거등급": "B 일반식(전부 추정)",
    "근거": "일반식(도면 없음)",
    "추정항목": "도면 미수령. 층고 3.5m·창중심 바닥+1.2m·남향계열 외벽 전체를 5m 등간격 으로 분할 — 층고·창높이·수평배치가 **전부 가정값**이다. 도면을 받으면 위치와 높이가 모두 바뀐다",
    "estimated": true
   }
  },
  {
   "type": "Feature",
   "geometry": {
    "type": "Point",
    "coordinates": [
     194218.104,
     547232.185
    ]
   },
   "properties": {
    "pid": "여의도고등학교 ②(4층) 3층-35",
    "school": "여의도고등학교",
    "jibun": "30-1",
    "kind": "교사동 창면",
    "dong": "여의도고등학교 ②(4층)",
    "floor": 3,
    "z_m": 8.2,
    "normal_az": 141.9,
    "grade": "B",
    "근거등급": "B 일반식(전부 추정)",
    "근거": "일반식(도면 없음)",
    "추정항목": "도면 미수령. 층고 3.5m·창중심 바닥+1.2m·남향계열 외벽 전체를 5m 등간격 으로 분할 — 층고·창높이·수평배치가 **전부 가정값**이다. 도면을 받으면 위치와 높이가 모두 바뀐다",
    "estimated": true
   }
  },
  {
   "type": "Feature",
   "geometry": {
    "type": "Point",
    "coordinates": [
     194218.104,
     547232.185
    ]
   },
   "properties": {
    "pid": "여의도고등학교 ②(4층) 4층-35",
    "school": "여의도고등학교",
    "jibun": "30-1",
    "kind": "교사동 창면",
    "dong": "여의도고등학교 ②(4층)",
    "floor": 4,
    "z_m": 11.7,
    "normal_az": 141.9,
    "grade": "B",
    "근거등급": "B 일반식(전부 추정)",
    "근거": "일반식(도면 없음)",
    "추정항목": "도면 미수령. 층고 3.5m·창중심 바닥+1.2m·남향계열 외벽 전체를 5m 등간격 으로 분할 — 층고·창높이·수평배치가 **전부 가정값**이다. 도면을 받으면 위치와 높이가 모두 바뀐다",
    "estimated": true
   }
  },
  {
   "type": "Feature",
   "geometry": {
    "type": "Point",
    "coordinates": [
     194222.009,
     547235.25
    ]
   },
   "properties": {
    "pid": "여의도고등학교 ②(4층) 1층-36",
    "school": "여의도고등학교",
    "jibun": "30-1",
    "kind": "교사동 창면",
    "dong": "여의도고등학교 ②(4층)",
    "floor": 1,
    "z_m": 1.2,
    "normal_az": 141.9,
    "grade": "B",
    "근거등급": "B 일반식(전부 추정)",
    "근거": "일반식(도면 없음)",
    "추정항목": "도면 미수령. 층고 3.5m·창중심 바닥+1.2m·남향계열 외벽 전체를 5m 등간격 으로 분할 — 층고·창높이·수평배치가 **전부 가정값**이다. 도면을 받으면 위치와 높이가 모두 바뀐다",
    "estimated": true
   }
  },
  {
   "type": "Feature",
   "geometry": {
    "type": "Point",
    "coordinates": [
     194222.009,
     547235.25
    ]
   },
   "properties": {
    "pid": "여의도고등학교 ②(4층) 2층-36",
    "school": "여의도고등학교",
    "jibun": "30-1",
    "kind": "교사동 창면",
    "dong": "여의도고등학교 ②(4층)",
    "floor": 2,
    "z_m": 4.7,
    "normal_az": 141.9,
    "grade": "B",
    "근거등급": "B 일반식(전부 추정)",
    "근거": "일반식(도면 없음)",
    "추정항목": "도면 미수령. 층고 3.5m·창중심 바닥+1.2m·남향계열 외벽 전체를 5m 등간격 으로 분할 — 층고·창높이·수평배치가 **전부 가정값**이다. 도면을 받으면 위치와 높이가 모두 바뀐다",
    "estimated": true
   }
  },
  {
   "type": "Feature",
   "geometry": {
    "type": "Point",
    "coordinates": [
     194222.009,
     547235.25
    ]
   },
   "properties": {
    "pid": "여의도고등학교 ②(4층) 3층-36",
    "school": "여의도고등학교",
    "jibun": "30-1",
    "kind": "교사동 창면",
    "dong": "여의도고등학교 ②(4층)",
    "floor": 3,
    "z_m": 8.2,
    "normal_az": 141.9,
    "grade": "B",
    "근거등급": "B 일반식(전부 추정)",
    "근거": "일반식(도면 없음)",
    "추정항목": "도면 미수령. 층고 3.5m·창중심 바닥+1.2m·남향계열 외벽 전체를 5m 등간격 으로 분할 — 층고·창높이·수평배치가 **전부 가정값**이다. 도면을 받으면 위치와 높이가 모두 바뀐다",
    "estimated": true
   }
  },
  {
   "type": "Feature",
   "geometry": {
    "type": "Point",
    "coordinates": [
     194222.009,
     547235.25
    ]
   },
   "properties": {
    "pid": "여의도고등학교 ②(4층) 4층-36",
    "school": "여의도고등학교",
    "jibun": "30-1",
    "kind": "교사동 창면",
    "dong": "여의도고등학교 ②(4층)",
    "floor": 4,
    "z_m": 11.7,
    "normal_az": 141.9,
    "grade": "B",
    "근거등급": "B 일반식(전부 추정)",
    "근거": "일반식(도면 없음)",
    "추정항목": "도면 미수령. 층고 3.5m·창중심 바닥+1.2m·남향계열 외벽 전체를 5m 등간격 으로 분할 — 층고·창높이·수평배치가 **전부 가정값**이다. 도면을 받으면 위치와 높이가 모두 바뀐다",
    "estimated": true
   }
  },
  {
   "type": "Feature",
   "geometry": {
    "type": "Point",
    "coordinates": [
     194225.915,
     547238.316
    ]
   },
   "properties": {
    "pid": "여의도고등학교 ②(4층) 1층-37",
    "school": "여의도고등학교",
    "jibun": "30-1",
    "kind": "교사동 창면",
    "dong": "여의도고등학교 ②(4층)",
    "floor": 1,
    "z_m": 1.2,
    "normal_az": 141.9,
    "grade": "B",
    "근거등급": "B 일반식(전부 추정)",
    "근거": "일반식(도면 없음)",
    "추정항목": "도면 미수령. 층고 3.5m·창중심 바닥+1.2m·남향계열 외벽 전체를 5m 등간격 으로 분할 — 층고·창높이·수평배치가 **전부 가정값**이다. 도면을 받으면 위치와 높이가 모두 바뀐다",
    "estimated": true
   }
  },
  {
   "type": "Feature",
   "geometry": {
    "type": "Point",
    "coordinates": [
     194225.915,
     547238.316
    ]
   },
   "properties": {
    "pid": "여의도고등학교 ②(4층) 2층-37",
    "school": "여의도고등학교",
    "jibun": "30-1",
    "kind": "교사동 창면",
    "dong": "여의도고등학교 ②(4층)",
    "floor": 2,
    "z_m": 4.7,
    "normal_az": 141.9,
    "grade": "B",
    "근거등급": "B 일반식(전부 추정)",
    "근거": "일반식(도면 없음)",
    "추정항목": "도면 미수령. 층고 3.5m·창중심 바닥+1.2m·남향계열 외벽 전체를 5m 등간격 으로 분할 — 층고·창높이·수평배치가 **전부 가정값**이다. 도면을 받으면 위치와 높이가 모두 바뀐다",
    "estimated": true
   }
  },
  {
   "type": "Feature",
   "geometry": {
    "type": "Point",
    "coordinates": [
     194225.915,
     547238.316
    ]
   },
   "properties": {
    "pid": "여의도고등학교 ②(4층) 3층-37",
    "school": "여의도고등학교",
    "jibun": "30-1",
    "kind": "교사동 창면",
    "dong": "여의도고등학교 ②(4층)",
    "floor": 3,
    "z_m": 8.2,
    "normal_az": 141.9,
    "grade": "B",
    "근거등급": "B 일반식(전부 추정)",
    "근거": "일반식(도면 없음)",
    "추정항목": "도면 미수령. 층고 3.5m·창중심 바닥+1.2m·남향계열 외벽 전체를 5m 등간격 으로 분할 — 층고·창높이·수평배치가 **전부 가정값**이다. 도면을 받으면 위치와 높이가 모두 바뀐다",
    "estimated": true
   }
  },
  {
   "type": "Feature",
   "geometry": {
    "type": "Point",
    "coordinates": [
     194225.915,
     547238.316
    ]
   },
   "properties": {
    "pid": "여의도고등학교 ②(4층) 4층-37",
    "school": "여의도고등학교",
    "jibun": "30-1",
    "kind": "교사동 창면",
    "dong": "여의도고등학교 ②(4층)",
    "floor": 4,
    "z_m": 11.7,
    "normal_az": 141.9,
    "grade": "B",
    "근거등급": "B 일반식(전부 추정)",
    "근거": "일반식(도면 없음)",
    "추정항목": "도면 미수령. 층고 3.5m·창중심 바닥+1.2m·남향계열 외벽 전체를 5m 등간격 으로 분할 — 층고·창높이·수평배치가 **전부 가정값**이다. 도면을 받으면 위치와 높이가 모두 바뀐다",
    "estimated": true
   }
  },
  {
   "type": "Feature",
   "geometry": {
    "type": "Point",
    "coordinates": [
     194229.82,
     547241.382
    ]
   },
   "properties": {
    "pid": "여의도고등학교 ②(4층) 1층-38",
    "school": "여의도고등학교",
    "jibun": "30-1",
    "kind": "교사동 창면",
    "dong": "여의도고등학교 ②(4층)",
    "floor": 1,
    "z_m": 1.2,
    "normal_az": 141.9,
    "grade": "B",
    "근거등급": "B 일반식(전부 추정)",
    "근거": "일반식(도면 없음)",
    "추정항목": "도면 미수령. 층고 3.5m·창중심 바닥+1.2m·남향계열 외벽 전체를 5m 등간격 으로 분할 — 층고·창높이·수평배치가 **전부 가정값**이다. 도면을 받으면 위치와 높이가 모두 바뀐다",
    "estimated": true
   }
  },
  {
   "type": "Feature",
   "geometry": {
    "type": "Point",
    "coordinates": [
     194229.82,
     547241.382
    ]
   },
   "properties": {
    "pid": "여의도고등학교 ②(4층) 2층-38",
    "school": "여의도고등학교",
    "jibun": "30-1",
    "kind": "교사동 창면",
    "dong": "여의도고등학교 ②(4층)",
    "floor": 2,
    "z_m": 4.7,
    "normal_az": 141.9,
    "grade": "B",
    "근거등급": "B 일반식(전부 추정)",
    "근거": "일반식(도면 없음)",
    "추정항목": "도면 미수령. 층고 3.5m·창중심 바닥+1.2m·남향계열 외벽 전체를 5m 등간격 으로 분할 — 층고·창높이·수평배치가 **전부 가정값**이다. 도면을 받으면 위치와 높이가 모두 바뀐다",
    "estimated": true
   }
  },
  {
   "type": "Feature",
   "geometry": {
    "type": "Point",
    "coordinates": [
     194229.82,
     547241.382
    ]
   },
   "properties": {
    "pid": "여의도고등학교 ②(4층) 3층-38",
    "school": "여의도고등학교",
    "jibun": "30-1",
    "kind": "교사동 창면",
    "dong": "여의도고등학교 ②(4층)",
    "floor": 3,
    "z_m": 8.2,
    "normal_az": 141.9,
    "grade": "B",
    "근거등급": "B 일반식(전부 추정)",
    "근거": "일반식(도면 없음)",
    "추정항목": "도면 미수령. 층고 3.5m·창중심 바닥+1.2m·남향계열 외벽 전체를 5m 등간격 으로 분할 — 층고·창높이·수평배치가 **전부 가정값**이다. 도면을 받으면 위치와 높이가 모두 바뀐다",
    "estimated": true
   }
  },
  {
   "type": "Feature",
   "geometry": {
    "type": "Point",
    "coordinates": [
     194229.82,
     547241.382
    ]
   },
   "properties": {
    "pid": "여의도고등학교 ②(4층) 4층-38",
    "school": "여의도고등학교",
    "jibun": "30-1",
    "kind": "교사동 창면",
    "dong": "여의도고등학교 ②(4층)",
    "floor": 4,
    "z_m": 11.7,
    "normal_az": 141.9,
    "grade": "B",
    "근거등급": "B 일반식(전부 추정)",
    "근거": "일반식(도면 없음)",
    "추정항목": "도면 미수령. 층고 3.5m·창중심 바닥+1.2m·남향계열 외벽 전체를 5m 등간격 으로 분할 — 층고·창높이·수평배치가 **전부 가정값**이다. 도면을 받으면 위치와 높이가 모두 바뀐다",
    "estimated": true
   }
  },
  {
   "type": "Feature",
   "geometry": {
    "type": "Point",
    "coordinates": [
     194233.726,
     547244.447
    ]
   },
   "properties": {
    "pid": "여의도고등학교 ②(4층) 1층-39",
    "school": "여의도고등학교",
    "jibun": "30-1",
    "kind": "교사동 창면",
    "dong": "여의도고등학교 ②(4층)",
    "floor": 1,
    "z_m": 1.2,
    "normal_az": 141.9,
    "grade": "B",
    "근거등급": "B 일반식(전부 추정)",
    "근거": "일반식(도면 없음)",
    "추정항목": "도면 미수령. 층고 3.5m·창중심 바닥+1.2m·남향계열 외벽 전체를 5m 등간격 으로 분할 — 층고·창높이·수평배치가 **전부 가정값**이다. 도면을 받으면 위치와 높이가 모두 바뀐다",
    "estimated": true
   }
  },
  {
   "type": "Feature",
   "geometry": {
    "type": "Point",
    "coordinates": [
     194233.726,
     547244.447
    ]
   },
   "properties": {
    "pid": "여의도고등학교 ②(4층) 2층-39",
    "school": "여의도고등학교",
    "jibun": "30-1",
    "kind": "교사동 창면",
    "dong": "여의도고등학교 ②(4층)",
    "floor": 2,
    "z_m": 4.7,
    "normal_az": 141.9,
    "grade": "B",
    "근거등급": "B 일반식(전부 추정)",
    "근거": "일반식(도면 없음)",
    "추정항목": "도면 미수령. 층고 3.5m·창중심 바닥+1.2m·남향계열 외벽 전체를 5m 등간격 으로 분할 — 층고·창높이·수평배치가 **전부 가정값**이다. 도면을 받으면 위치와 높이가 모두 바뀐다",
    "estimated": true
   }
  },
  {
   "type": "Feature",
   "geometry": {
    "type": "Point",
    "coordinates": [
     194233.726,
     547244.447
    ]
   },
   "properties": {
    "pid": "여의도고등학교 ②(4층) 3층-39",
    "school": "여의도고등학교",
    "jibun": "30-1",
    "kind": "교사동 창면",
    "dong": "여의도고등학교 ②(4층)",
    "floor": 3,
    "z_m": 8.2,
    "normal_az": 141.9,
    "grade": "B",
    "근거등급": "B 일반식(전부 추정)",
    "근거": "일반식(도면 없음)",
    "추정항목": "도면 미수령. 층고 3.5m·창중심 바닥+1.2m·남향계열 외벽 전체를 5m 등간격 으로 분할 — 층고·창높이·수평배치가 **전부 가정값**이다. 도면을 받으면 위치와 높이가 모두 바뀐다",
    "estimated": true
   }
  },
  {
   "type": "Feature",
   "geometry": {
    "type": "Point",
    "coordinates": [
     194233.726,
     547244.447
    ]
   },
   "properties": {
    "pid": "여의도고등학교 ②(4층) 4층-39",
    "school": "여의도고등학교",
    "jibun": "30-1",
    "kind": "교사동 창면",
    "dong": "여의도고등학교 ②(4층)",
    "floor": 4,
    "z_m": 11.7,
    "normal_az": 141.9,
    "grade": "B",
    "근거등급": "B 일반식(전부 추정)",
    "근거": "일반식(도면 없음)",
    "추정항목": "도면 미수령. 층고 3.5m·창중심 바닥+1.2m·남향계열 외벽 전체를 5m 등간격 으로 분할 — 층고·창높이·수평배치가 **전부 가정값**이다. 도면을 받으면 위치와 높이가 모두 바뀐다",
    "estimated": true
   }
  },
  {
   "type": "Feature",
   "geometry": {
    "type": "Point",
    "coordinates": [
     194237.631,
     547247.513
    ]
   },
   "properties": {
    "pid": "여의도고등학교 ②(4층) 1층-40",
    "school": "여의도고등학교",
    "jibun": "30-1",
    "kind": "교사동 창면",
    "dong": "여의도고등학교 ②(4층)",
    "floor": 1,
    "z_m": 1.2,
    "normal_az": 141.9,
    "grade": "B",
    "근거등급": "B 일반식(전부 추정)",
    "근거": "일반식(도면 없음)",
    "추정항목": "도면 미수령. 층고 3.5m·창중심 바닥+1.2m·남향계열 외벽 전체를 5m 등간격 으로 분할 — 층고·창높이·수평배치가 **전부 가정값**이다. 도면을 받으면 위치와 높이가 모두 바뀐다",
    "estimated": true
   }
  },
  {
   "type": "Feature",
   "geometry": {
    "type": "Point",
    "coordinates": [
     194237.631,
     547247.513
    ]
   },
   "properties": {
    "pid": "여의도고등학교 ②(4층) 2층-40",
    "school": "여의도고등학교",
    "jibun": "30-1",
    "kind": "교사동 창면",
    "dong": "여의도고등학교 ②(4층)",
    "floor": 2,
    "z_m": 4.7,
    "normal_az": 141.9,
    "grade": "B",
    "근거등급": "B 일반식(전부 추정)",
    "근거": "일반식(도면 없음)",
    "추정항목": "도면 미수령. 층고 3.5m·창중심 바닥+1.2m·남향계열 외벽 전체를 5m 등간격 으로 분할 — 층고·창높이·수평배치가 **전부 가정값**이다. 도면을 받으면 위치와 높이가 모두 바뀐다",
    "estimated": true
   }
  },
  {
   "type": "Feature",
   "geometry": {
    "type": "Point",
    "coordinates": [
     194237.631,
     547247.513
    ]
   },
   "properties": {
    "pid": "여의도고등학교 ②(4층) 3층-40",
    "school": "여의도고등학교",
    "jibun": "30-1",
    "kind": "교사동 창면",
    "dong": "여의도고등학교 ②(4층)",
    "floor": 3,
    "z_m": 8.2,
    "normal_az": 141.9,
    "grade": "B",
    "근거등급": "B 일반식(전부 추정)",
    "근거": "일반식(도면 없음)",
    "추정항목": "도면 미수령. 층고 3.5m·창중심 바닥+1.2m·남향계열 외벽 전체를 5m 등간격 으로 분할 — 층고·창높이·수평배치가 **전부 가정값**이다. 도면을 받으면 위치와 높이가 모두 바뀐다",
    "estimated": true
   }
  },
  {
   "type": "Feature",
   "geometry": {
    "type": "Point",
    "coordinates": [
     194237.631,
     547247.513
    ]
   },
   "properties": {
    "pid": "여의도고등학교 ②(4층) 4층-40",
    "school": "여의도고등학교",
    "jibun": "30-1",
    "kind": "교사동 창면",
    "dong": "여의도고등학교 ②(4층)",
    "floor": 4,
    "z_m": 11.7,
    "normal_az": 141.9,
    "grade": "B",
    "근거등급": "B 일반식(전부 추정)",
    "근거": "일반식(도면 없음)",
    "추정항목": "도면 미수령. 층고 3.5m·창중심 바닥+1.2m·남향계열 외벽 전체를 5m 등간격 으로 분할 — 층고·창높이·수평배치가 **전부 가정값**이다. 도면을 받으면 위치와 높이가 모두 바뀐다",
    "estimated": true
   }
  },
  {
   "type": "Feature",
   "geometry": {
    "type": "Point",
    "coordinates": [
     194241.537,
     547250.578
    ]
   },
   "properties": {
    "pid": "여의도고등학교 ②(4층) 1층-41",
    "school": "여의도고등학교",
    "jibun": "30-1",
    "kind": "교사동 창면",
    "dong": "여의도고등학교 ②(4층)",
    "floor": 1,
    "z_m": 1.2,
    "normal_az": 141.9,
    "grade": "B",
    "근거등급": "B 일반식(전부 추정)",
    "근거": "일반식(도면 없음)",
    "추정항목": "도면 미수령. 층고 3.5m·창중심 바닥+1.2m·남향계열 외벽 전체를 5m 등간격 으로 분할 — 층고·창높이·수평배치가 **전부 가정값**이다. 도면을 받으면 위치와 높이가 모두 바뀐다",
    "estimated": true
   }
  },
  {
   "type": "Feature",
   "geometry": {
    "type": "Point",
    "coordinates": [
     194241.537,
     547250.578
    ]
   },
   "properties": {
    "pid": "여의도고등학교 ②(4층) 2층-41",
    "school": "여의도고등학교",
    "jibun": "30-1",
    "kind": "교사동 창면",
    "dong": "여의도고등학교 ②(4층)",
    "floor": 2,
    "z_m": 4.7,
    "normal_az": 141.9,
    "grade": "B",
    "근거등급": "B 일반식(전부 추정)",
    "근거": "일반식(도면 없음)",
    "추정항목": "도면 미수령. 층고 3.5m·창중심 바닥+1.2m·남향계열 외벽 전체를 5m 등간격 으로 분할 — 층고·창높이·수평배치가 **전부 가정값**이다. 도면을 받으면 위치와 높이가 모두 바뀐다",
    "estimated": true
   }
  },
  {
   "type": "Feature",
   "geometry": {
    "type": "Point",
    "coordinates": [
     194241.537,
     547250.578
    ]
   },
   "properties": {
    "pid": "여의도고등학교 ②(4층) 3층-41",
    "school": "여의도고등학교",
    "jibun": "30-1",
    "kind": "교사동 창면",
    "dong": "여의도고등학교 ②(4층)",
    "floor": 3,
    "z_m": 8.2,
    "normal_az": 141.9,
    "grade": "B",
    "근거등급": "B 일반식(전부 추정)",
    "근거": "일반식(도면 없음)",
    "추정항목": "도면 미수령. 층고 3.5m·창중심 바닥+1.2m·남향계열 외벽 전체를 5m 등간격 으로 분할 — 층고·창높이·수평배치가 **전부 가정값**이다. 도면을 받으면 위치와 높이가 모두 바뀐다",
    "estimated": true
   }
  },
  {
   "type": "Feature",
   "geometry": {
    "type": "Point",
    "coordinates": [
     194241.537,
     547250.578
    ]
   },
   "properties": {
    "pid": "여의도고등학교 ②(4층) 4층-41",
    "school": "여의도고등학교",
    "jibun": "30-1",
    "kind": "교사동 창면",
    "dong": "여의도고등학교 ②(4층)",
    "floor": 4,
    "z_m": 11.7,
    "normal_az": 141.9,
    "grade": "B",
    "근거등급": "B 일반식(전부 추정)",
    "근거": "일반식(도면 없음)",
    "추정항목": "도면 미수령. 층고 3.5m·창중심 바닥+1.2m·남향계열 외벽 전체를 5m 등간격 으로 분할 — 층고·창높이·수평배치가 **전부 가정값**이다. 도면을 받으면 위치와 높이가 모두 바뀐다",
    "estimated": true
   }
  },
  {
   "type": "Feature",
   "geometry": {
    "type": "Point",
    "coordinates": [
     194208.788,
     547265.747
    ]
   },
   "properties": {
    "pid": "여의도고등학교 ②(4층) 1층-42",
    "school": "여의도고등학교",
    "jibun": "30-1",
    "kind": "교사동 창면",
    "dong": "여의도고등학교 ②(4층)",
    "floor": 1,
    "z_m": 1.2,
    "normal_az": 144.1,
    "grade": "B",
    "근거등급": "B 일반식(전부 추정)",
    "근거": "일반식(도면 없음)",
    "추정항목": "도면 미수령. 층고 3.5m·창중심 바닥+1.2m·남향계열 외벽 전체를 5m 등간격 으로 분할 — 층고·창높이·수평배치가 **전부 가정값**이다. 도면을 받으면 위치와 높이가 모두 바뀐다",
    "estimated": true
   }
  },
  {
   "type": "Feature",
   "geometry": {
    "type": "Point",
    "coordinates": [
     194208.788,
     547265.747
    ]
   },
   "properties": {
    "pid": "여의도고등학교 ②(4층) 2층-42",
    "school": "여의도고등학교",
    "jibun": "30-1",
    "kind": "교사동 창면",
    "dong": "여의도고등학교 ②(4층)",
    "floor": 2,
    "z_m": 4.7,
    "normal_az": 144.1,
    "grade": "B",
    "근거등급": "B 일반식(전부 추정)",
    "근거": "일반식(도면 없음)",
    "추정항목": "도면 미수령. 층고 3.5m·창중심 바닥+1.2m·남향계열 외벽 전체를 5m 등간격 으로 분할 — 층고·창높이·수평배치가 **전부 가정값**이다. 도면을 받으면 위치와 높이가 모두 바뀐다",
    "estimated": true
   }
  },
  {
   "type": "Feature",
   "geometry": {
    "type": "Point",
    "coordinates": [
     194208.788,
     547265.747
    ]
   },
   "properties": {
    "pid": "여의도고등학교 ②(4층) 3층-42",
    "school": "여의도고등학교",
    "jibun": "30-1",
    "kind": "교사동 창면",
    "dong": "여의도고등학교 ②(4층)",
    "floor": 3,
    "z_m": 8.2,
    "normal_az": 144.1,
    "grade": "B",
    "근거등급": "B 일반식(전부 추정)",
    "근거": "일반식(도면 없음)",
    "추정항목": "도면 미수령. 층고 3.5m·창중심 바닥+1.2m·남향계열 외벽 전체를 5m 등간격 으로 분할 — 층고·창높이·수평배치가 **전부 가정값**이다. 도면을 받으면 위치와 높이가 모두 바뀐다",
    "estimated": true
   }
  },
  {
   "type": "Feature",
   "geometry": {
    "type": "Point",
    "coordinates": [
     194208.788,
     547265.747
    ]
   },
   "properties": {
    "pid": "여의도고등학교 ②(4층) 4층-42",
    "school": "여의도고등학교",
    "jibun": "30-1",
    "kind": "교사동 창면",
    "dong": "여의도고등학교 ②(4층)",
    "floor": 4,
    "z_m": 11.7,
    "normal_az": 144.1,
    "grade": "B",
    "근거등급": "B 일반식(전부 추정)",
    "근거": "일반식(도면 없음)",
    "추정항목": "도면 미수령. 층고 3.5m·창중심 바닥+1.2m·남향계열 외벽 전체를 5m 등간격 으로 분할 — 층고·창높이·수평배치가 **전부 가정값**이다. 도면을 받으면 위치와 높이가 모두 바뀐다",
    "estimated": true
   }
  },
  {
   "type": "Feature",
   "geometry": {
    "type": "Point",
    "coordinates": [
     194209.468,
     547268.17
    ]
   },
   "properties": {
    "pid": "여의도고등학교 ②(4층) 1층-43",
    "school": "여의도고등학교",
    "jibun": "30-1",
    "kind": "교사동 창면",
    "dong": "여의도고등학교 ②(4층)",
    "floor": 1,
    "z_m": 1.2,
    "normal_az": 142.1,
    "grade": "B",
    "근거등급": "B 일반식(전부 추정)",
    "근거": "일반식(도면 없음)",
    "추정항목": "도면 미수령. 층고 3.5m·창중심 바닥+1.2m·남향계열 외벽 전체를 5m 등간격 으로 분할 — 층고·창높이·수평배치가 **전부 가정값**이다. 도면을 받으면 위치와 높이가 모두 바뀐다",
    "estimated": true
   }
  },
  {
   "type": "Feature",
   "geometry": {
    "type": "Point",
    "coordinates": [
     194209.468,
     547268.17
    ]
   },
   "properties": {
    "pid": "여의도고등학교 ②(4층) 2층-43",
    "school": "여의도고등학교",
    "jibun": "30-1",
    "kind": "교사동 창면",
    "dong": "여의도고등학교 ②(4층)",
    "floor": 2,
    "z_m": 4.7,
    "normal_az": 142.1,
    "grade": "B",
    "근거등급": "B 일반식(전부 추정)",
    "근거": "일반식(도면 없음)",
    "추정항목": "도면 미수령. 층고 3.5m·창중심 바닥+1.2m·남향계열 외벽 전체를 5m 등간격 으로 분할 — 층고·창높이·수평배치가 **전부 가정값**이다. 도면을 받으면 위치와 높이가 모두 바뀐다",
    "estimated": true
   }
  },
  {
   "type": "Feature",
   "geometry": {
    "type": "Point",
    "coordinates": [
     194209.468,
     547268.17
    ]
   },
   "properties": {
    "pid": "여의도고등학교 ②(4층) 3층-43",
    "school": "여의도고등학교",
    "jibun": "30-1",
    "kind": "교사동 창면",
    "dong": "여의도고등학교 ②(4층)",
    "floor": 3,
    "z_m": 8.2,
    "normal_az": 142.1,
    "grade": "B",
    "근거등급": "B 일반식(전부 추정)",
    "근거": "일반식(도면 없음)",
    "추정항목": "도면 미수령. 층고 3.5m·창중심 바닥+1.2m·남향계열 외벽 전체를 5m 등간격 으로 분할 — 층고·창높이·수평배치가 **전부 가정값**이다. 도면을 받으면 위치와 높이가 모두 바뀐다",
    "estimated": true
   }
  },
  {
   "type": "Feature",
   "geometry": {
    "type": "Point",
    "coordinates": [
     194209.468,
     547268.17
    ]
   },
   "properties": {
    "pid": "여의도고등학교 ②(4층) 4층-43",
    "school": "여의도고등학교",
    "jibun": "30-1",
    "kind": "교사동 창면",
    "dong": "여의도고등학교 ②(4층)",
    "floor": 4,
    "z_m": 11.7,
    "normal_az": 142.1,
    "grade": "B",
    "근거등급": "B 일반식(전부 추정)",
    "근거": "일반식(도면 없음)",
    "추정항목": "도면 미수령. 층고 3.5m·창중심 바닥+1.2m·남향계열 외벽 전체를 5m 등간격 으로 분할 — 층고·창높이·수평배치가 **전부 가정값**이다. 도면을 받으면 위치와 높이가 모두 바뀐다",
    "estimated": true
   }
  },
  {
   "type": "Feature",
   "geometry": {
    "type": "Point",
    "coordinates": [
     194154.421,
     547210.925
    ]
   },
   "properties": {
    "pid": "여의도고등학교 ③(3층) 1층-1",
    "school": "여의도고등학교",
    "jibun": "30-1",
    "kind": "교사동 창면",
    "dong": "여의도고등학교 ③(3층)",
    "floor": 1,
    "z_m": 1.2,
    "normal_az": 232.4,
    "grade": "B",
    "근거등급": "B 일반식(전부 추정)",
    "근거": "일반식(도면 없음)",
    "추정항목": "도면 미수령. 층고 3.5m·창중심 바닥+1.2m·남향계열 외벽 전체를 5m 등간격 으로 분할 — 층고·창높이·수평배치가 **전부 가정값**이다. 도면을 받으면 위치와 높이가 모두 바뀐다",
    "estimated": true
   }
  },
  {
   "type": "Feature",
   "geometry": {
    "type": "Point",
    "coordinates": [
     194154.421,
     547210.925
    ]
   },
   "properties": {
    "pid": "여의도고등학교 ③(3층) 2층-1",
    "school": "여의도고등학교",
    "jibun": "30-1",
    "kind": "교사동 창면",
    "dong": "여의도고등학교 ③(3층)",
    "floor": 2,
    "z_m": 4.7,
    "normal_az": 232.4,
    "grade": "B",
    "근거등급": "B 일반식(전부 추정)",
    "근거": "일반식(도면 없음)",
    "추정항목": "도면 미수령. 층고 3.5m·창중심 바닥+1.2m·남향계열 외벽 전체를 5m 등간격 으로 분할 — 층고·창높이·수평배치가 **전부 가정값**이다. 도면을 받으면 위치와 높이가 모두 바뀐다",
    "estimated": true
   }
  },
  {
   "type": "Feature",
   "geometry": {
    "type": "Point",
    "coordinates": [
     194154.421,
     547210.925
    ]
   },
   "properties": {
    "pid": "여의도고등학교 ③(3층) 3층-1",
    "school": "여의도고등학교",
    "jibun": "30-1",
    "kind": "교사동 창면",
    "dong": "여의도고등학교 ③(3층)",
    "floor": 3,
    "z_m": 8.2,
    "normal_az": 232.4,
    "grade": "B",
    "근거등급": "B 일반식(전부 추정)",
    "근거": "일반식(도면 없음)",
    "추정항목": "도면 미수령. 층고 3.5m·창중심 바닥+1.2m·남향계열 외벽 전체를 5m 등간격 으로 분할 — 층고·창높이·수평배치가 **전부 가정값**이다. 도면을 받으면 위치와 높이가 모두 바뀐다",
    "estimated": true
   }
  },
  {
   "type": "Feature",
   "geometry": {
    "type": "Point",
    "coordinates": [
     194157.711,
     547206.652
    ]
   },
   "properties": {
    "pid": "여의도고등학교 ③(3층) 1층-2",
    "school": "여의도고등학교",
    "jibun": "30-1",
    "kind": "교사동 창면",
    "dong": "여의도고등학교 ③(3층)",
    "floor": 1,
    "z_m": 1.2,
    "normal_az": 232.4,
    "grade": "B",
    "근거등급": "B 일반식(전부 추정)",
    "근거": "일반식(도면 없음)",
    "추정항목": "도면 미수령. 층고 3.5m·창중심 바닥+1.2m·남향계열 외벽 전체를 5m 등간격 으로 분할 — 층고·창높이·수평배치가 **전부 가정값**이다. 도면을 받으면 위치와 높이가 모두 바뀐다",
    "estimated": true
   }
  },
  {
   "type": "Feature",
   "geometry": {
    "type": "Point",
    "coordinates": [
     194157.711,
     547206.652
    ]
   },
   "properties": {
    "pid": "여의도고등학교 ③(3층) 2층-2",
    "school": "여의도고등학교",
    "jibun": "30-1",
    "kind": "교사동 창면",
    "dong": "여의도고등학교 ③(3층)",
    "floor": 2,
    "z_m": 4.7,
    "normal_az": 232.4,
    "grade": "B",
    "근거등급": "B 일반식(전부 추정)",
    "근거": "일반식(도면 없음)",
    "추정항목": "도면 미수령. 층고 3.5m·창중심 바닥+1.2m·남향계열 외벽 전체를 5m 등간격 으로 분할 — 층고·창높이·수평배치가 **전부 가정값**이다. 도면을 받으면 위치와 높이가 모두 바뀐다",
    "estimated": true
   }
  },
  {
   "type": "Feature",
   "geometry": {
    "type": "Point",
    "coordinates": [
     194157.711,
     547206.652
    ]
   },
   "properties": {
    "pid": "여의도고등학교 ③(3층) 3층-2",
    "school": "여의도고등학교",
    "jibun": "30-1",
    "kind": "교사동 창면",
    "dong": "여의도고등학교 ③(3층)",
    "floor": 3,
    "z_m": 8.2,
    "normal_az": 232.4,
    "grade": "B",
    "근거등급": "B 일반식(전부 추정)",
    "근거": "일반식(도면 없음)",
    "추정항목": "도면 미수령. 층고 3.5m·창중심 바닥+1.2m·남향계열 외벽 전체를 5m 등간격 으로 분할 — 층고·창높이·수평배치가 **전부 가정값**이다. 도면을 받으면 위치와 높이가 모두 바뀐다",
    "estimated": true
   }
  },
  {
   "type": "Feature",
   "geometry": {
    "type": "Point",
    "coordinates": [
     194161.001,
     547202.378
    ]
   },
   "properties": {
    "pid": "여의도고등학교 ③(3층) 1층-3",
    "school": "여의도고등학교",
    "jibun": "30-1",
    "kind": "교사동 창면",
    "dong": "여의도고등학교 ③(3층)",
    "floor": 1,
    "z_m": 1.2,
    "normal_az": 232.4,
    "grade": "B",
    "근거등급": "B 일반식(전부 추정)",
    "근거": "일반식(도면 없음)",
    "추정항목": "도면 미수령. 층고 3.5m·창중심 바닥+1.2m·남향계열 외벽 전체를 5m 등간격 으로 분할 — 층고·창높이·수평배치가 **전부 가정값**이다. 도면을 받으면 위치와 높이가 모두 바뀐다",
    "estimated": true
   }
  },
  {
   "type": "Feature",
   "geometry": {
    "type": "Point",
    "coordinates": [
     194161.001,
     547202.378
    ]
   },
   "properties": {
    "pid": "여의도고등학교 ③(3층) 2층-3",
    "school": "여의도고등학교",
    "jibun": "30-1",
    "kind": "교사동 창면",
    "dong": "여의도고등학교 ③(3층)",
    "floor": 2,
    "z_m": 4.7,
    "normal_az": 232.4,
    "grade": "B",
    "근거등급": "B 일반식(전부 추정)",
    "근거": "일반식(도면 없음)",
    "추정항목": "도면 미수령. 층고 3.5m·창중심 바닥+1.2m·남향계열 외벽 전체를 5m 등간격 으로 분할 — 층고·창높이·수평배치가 **전부 가정값**이다. 도면을 받으면 위치와 높이가 모두 바뀐다",
    "estimated": true
   }
  },
  {
   "type": "Feature",
   "geometry": {
    "type": "Point",
    "coordinates": [
     194161.001,
     547202.378
    ]
   },
   "properties": {
    "pid": "여의도고등학교 ③(3층) 3층-3",
    "school": "여의도고등학교",
    "jibun": "30-1",
    "kind": "교사동 창면",
    "dong": "여의도고등학교 ③(3층)",
    "floor": 3,
    "z_m": 8.2,
    "normal_az": 232.4,
    "grade": "B",
    "근거등급": "B 일반식(전부 추정)",
    "근거": "일반식(도면 없음)",
    "추정항목": "도면 미수령. 층고 3.5m·창중심 바닥+1.2m·남향계열 외벽 전체를 5m 등간격 으로 분할 — 층고·창높이·수평배치가 **전부 가정값**이다. 도면을 받으면 위치와 높이가 모두 바뀐다",
    "estimated": true
   }
  },
  {
   "type": "Feature",
   "geometry": {
    "type": "Point",
    "coordinates": [
     194165.156,
     547201.73
    ]
   },
   "properties": {
    "pid": "여의도고등학교 ③(3층) 1층-4",
    "school": "여의도고등학교",
    "jibun": "30-1",
    "kind": "교사동 창면",
    "dong": "여의도고등학교 ③(3층)",
    "floor": 1,
    "z_m": 1.2,
    "normal_az": 141.3,
    "grade": "B",
    "근거등급": "B 일반식(전부 추정)",
    "근거": "일반식(도면 없음)",
    "추정항목": "도면 미수령. 층고 3.5m·창중심 바닥+1.2m·남향계열 외벽 전체를 5m 등간격 으로 분할 — 층고·창높이·수평배치가 **전부 가정값**이다. 도면을 받으면 위치와 높이가 모두 바뀐다",
    "estimated": true
   }
  },
  {
   "type": "Feature",
   "geometry": {
    "type": "Point",
    "coordinates": [
     194165.156,
     547201.73
    ]
   },
   "properties": {
    "pid": "여의도고등학교 ③(3층) 2층-4",
    "school": "여의도고등학교",
    "jibun": "30-1",
    "kind": "교사동 창면",
    "dong": "여의도고등학교 ③(3층)",
    "floor": 2,
    "z_m": 4.7,
    "normal_az": 141.3,
    "grade": "B",
    "근거등급": "B 일반식(전부 추정)",
    "근거": "일반식(도면 없음)",
    "추정항목": "도면 미수령. 층고 3.5m·창중심 바닥+1.2m·남향계열 외벽 전체를 5m 등간격 으로 분할 — 층고·창높이·수평배치가 **전부 가정값**이다. 도면을 받으면 위치와 높이가 모두 바뀐다",
    "estimated": true
   }
  },
  {
   "type": "Feature",
   "geometry": {
    "type": "Point",
    "coordinates": [
     194165.156,
     547201.73
    ]
   },
   "properties": {
    "pid": "여의도고등학교 ③(3층) 3층-4",
    "school": "여의도고등학교",
    "jibun": "30-1",
    "kind": "교사동 창면",
    "dong": "여의도고등학교 ③(3층)",
    "floor": 3,
    "z_m": 8.2,
    "normal_az": 141.3,
    "grade": "B",
    "근거등급": "B 일반식(전부 추정)",
    "근거": "일반식(도면 없음)",
    "추정항목": "도면 미수령. 층고 3.5m·창중심 바닥+1.2m·남향계열 외벽 전체를 5m 등간격 으로 분할 — 층고·창높이·수평배치가 **전부 가정값**이다. 도면을 받으면 위치와 높이가 모두 바뀐다",
    "estimated": true
   }
  },
  {
   "type": "Feature",
   "geometry": {
    "type": "Point",
    "coordinates": [
     194169.042,
     547204.843
    ]
   },
   "properties": {
    "pid": "여의도고등학교 ③(3층) 1층-5",
    "school": "여의도고등학교",
    "jibun": "30-1",
    "kind": "교사동 창면",
    "dong": "여의도고등학교 ③(3층)",
    "floor": 1,
    "z_m": 1.2,
    "normal_az": 141.3,
    "grade": "B",
    "근거등급": "B 일반식(전부 추정)",
    "근거": "일반식(도면 없음)",
    "추정항목": "도면 미수령. 층고 3.5m·창중심 바닥+1.2m·남향계열 외벽 전체를 5m 등간격 으로 분할 — 층고·창높이·수평배치가 **전부 가정값**이다. 도면을 받으면 위치와 높이가 모두 바뀐다",
    "estimated": true
   }
  },
  {
   "type": "Feature",
   "geometry": {
    "type": "Point",
    "coordinates": [
     194169.042,
     547204.843
    ]
   },
   "properties": {
    "pid": "여의도고등학교 ③(3층) 2층-5",
    "school": "여의도고등학교",
    "jibun": "30-1",
    "kind": "교사동 창면",
    "dong": "여의도고등학교 ③(3층)",
    "floor": 2,
    "z_m": 4.7,
    "normal_az": 141.3,
    "grade": "B",
    "근거등급": "B 일반식(전부 추정)",
    "근거": "일반식(도면 없음)",
    "추정항목": "도면 미수령. 층고 3.5m·창중심 바닥+1.2m·남향계열 외벽 전체를 5m 등간격 으로 분할 — 층고·창높이·수평배치가 **전부 가정값**이다. 도면을 받으면 위치와 높이가 모두 바뀐다",
    "estimated": true
   }
  },
  {
   "type": "Feature",
   "geometry": {
    "type": "Point",
    "coordinates": [
     194169.042,
     547204.843
    ]
   },
   "properties": {
    "pid": "여의도고등학교 ③(3층) 3층-5",
    "school": "여의도고등학교",
    "jibun": "30-1",
    "kind": "교사동 창면",
    "dong": "여의도고등학교 ③(3층)",
    "floor": 3,
    "z_m": 8.2,
    "normal_az": 141.3,
    "grade": "B",
    "근거등급": "B 일반식(전부 추정)",
    "근거": "일반식(도면 없음)",
    "추정항목": "도면 미수령. 층고 3.5m·창중심 바닥+1.2m·남향계열 외벽 전체를 5m 등간격 으로 분할 — 층고·창높이·수평배치가 **전부 가정값**이다. 도면을 받으면 위치와 높이가 모두 바뀐다",
    "estimated": true
   }
  },
  {
   "type": "Feature",
   "geometry": {
    "type": "Point",
    "coordinates": [
     194172.928,
     547207.956
    ]
   },
   "properties": {
    "pid": "여의도고등학교 ③(3층) 1층-6",
    "school": "여의도고등학교",
    "jibun": "30-1",
    "kind": "교사동 창면",
    "dong": "여의도고등학교 ③(3층)",
    "floor": 1,
    "z_m": 1.2,
    "normal_az": 141.3,
    "grade": "B",
    "근거등급": "B 일반식(전부 추정)",
    "근거": "일반식(도면 없음)",
    "추정항목": "도면 미수령. 층고 3.5m·창중심 바닥+1.2m·남향계열 외벽 전체를 5m 등간격 으로 분할 — 층고·창높이·수평배치가 **전부 가정값**이다. 도면을 받으면 위치와 높이가 모두 바뀐다",
    "estimated": true
   }
  },
  {
   "type": "Feature",
   "geometry": {
    "type": "Point",
    "coordinates": [
     194172.928,
     547207.956
    ]
   },
   "properties": {
    "pid": "여의도고등학교 ③(3층) 2층-6",
    "school": "여의도고등학교",
    "jibun": "30-1",
    "kind": "교사동 창면",
    "dong": "여의도고등학교 ③(3층)",
    "floor": 2,
    "z_m": 4.7,
    "normal_az": 141.3,
    "grade": "B",
    "근거등급": "B 일반식(전부 추정)",
    "근거": "일반식(도면 없음)",
    "추정항목": "도면 미수령. 층고 3.5m·창중심 바닥+1.2m·남향계열 외벽 전체를 5m 등간격 으로 분할 — 층고·창높이·수평배치가 **전부 가정값**이다. 도면을 받으면 위치와 높이가 모두 바뀐다",
    "estimated": true
   }
  },
  {
   "type": "Feature",
   "geometry": {
    "type": "Point",
    "coordinates": [
     194172.928,
     547207.956
    ]
   },
   "properties": {
    "pid": "여의도고등학교 ③(3층) 3층-6",
    "school": "여의도고등학교",
    "jibun": "30-1",
    "kind": "교사동 창면",
    "dong": "여의도고등학교 ③(3층)",
    "floor": 3,
    "z_m": 8.2,
    "normal_az": 141.3,
    "grade": "B",
    "근거등급": "B 일반식(전부 추정)",
    "근거": "일반식(도면 없음)",
    "추정항목": "도면 미수령. 층고 3.5m·창중심 바닥+1.2m·남향계열 외벽 전체를 5m 등간격 으로 분할 — 층고·창높이·수평배치가 **전부 가정값**이다. 도면을 받으면 위치와 높이가 모두 바뀐다",
    "estimated": true
   }
  },
  {
   "type": "Feature",
   "geometry": {
    "type": "Point",
    "coordinates": [
     194176.813,
     547211.068
    ]
   },
   "properties": {
    "pid": "여의도고등학교 ③(3층) 1층-7",
    "school": "여의도고등학교",
    "jibun": "30-1",
    "kind": "교사동 창면",
    "dong": "여의도고등학교 ③(3층)",
    "floor": 1,
    "z_m": 1.2,
    "normal_az": 141.3,
    "grade": "B",
    "근거등급": "B 일반식(전부 추정)",
    "근거": "일반식(도면 없음)",
    "추정항목": "도면 미수령. 층고 3.5m·창중심 바닥+1.2m·남향계열 외벽 전체를 5m 등간격 으로 분할 — 층고·창높이·수평배치가 **전부 가정값**이다. 도면을 받으면 위치와 높이가 모두 바뀐다",
    "estimated": true
   }
  },
  {
   "type": "Feature",
   "geometry": {
    "type": "Point",
    "coordinates": [
     194176.813,
     547211.068
    ]
   },
   "properties": {
    "pid": "여의도고등학교 ③(3층) 2층-7",
    "school": "여의도고등학교",
    "jibun": "30-1",
    "kind": "교사동 창면",
    "dong": "여의도고등학교 ③(3층)",
    "floor": 2,
    "z_m": 4.7,
    "normal_az": 141.3,
    "grade": "B",
    "근거등급": "B 일반식(전부 추정)",
    "근거": "일반식(도면 없음)",
    "추정항목": "도면 미수령. 층고 3.5m·창중심 바닥+1.2m·남향계열 외벽 전체를 5m 등간격 으로 분할 — 층고·창높이·수평배치가 **전부 가정값**이다. 도면을 받으면 위치와 높이가 모두 바뀐다",
    "estimated": true
   }
  },
  {
   "type": "Feature",
   "geometry": {
    "type": "Point",
    "coordinates": [
     194176.813,
     547211.068
    ]
   },
   "properties": {
    "pid": "여의도고등학교 ③(3층) 3층-7",
    "school": "여의도고등학교",
    "jibun": "30-1",
    "kind": "교사동 창면",
    "dong": "여의도고등학교 ③(3층)",
    "floor": 3,
    "z_m": 8.2,
    "normal_az": 141.3,
    "grade": "B",
    "근거등급": "B 일반식(전부 추정)",
    "근거": "일반식(도면 없음)",
    "추정항목": "도면 미수령. 층고 3.5m·창중심 바닥+1.2m·남향계열 외벽 전체를 5m 등간격 으로 분할 — 층고·창높이·수평배치가 **전부 가정값**이다. 도면을 받으면 위치와 높이가 모두 바뀐다",
    "estimated": true
   }
  },
  {
   "type": "Feature",
   "geometry": {
    "type": "Point",
    "coordinates": [
     194180.699,
     547214.181
    ]
   },
   "properties": {
    "pid": "여의도고등학교 ③(3층) 1층-8",
    "school": "여의도고등학교",
    "jibun": "30-1",
    "kind": "교사동 창면",
    "dong": "여의도고등학교 ③(3층)",
    "floor": 1,
    "z_m": 1.2,
    "normal_az": 141.3,
    "grade": "B",
    "근거등급": "B 일반식(전부 추정)",
    "근거": "일반식(도면 없음)",
    "추정항목": "도면 미수령. 층고 3.5m·창중심 바닥+1.2m·남향계열 외벽 전체를 5m 등간격 으로 분할 — 층고·창높이·수평배치가 **전부 가정값**이다. 도면을 받으면 위치와 높이가 모두 바뀐다",
    "estimated": true
   }
  },
  {
   "type": "Feature",
   "geometry": {
    "type": "Point",
    "coordinates": [
     194180.699,
     547214.181
    ]
   },
   "properties": {
    "pid": "여의도고등학교 ③(3층) 2층-8",
    "school": "여의도고등학교",
    "jibun": "30-1",
    "kind": "교사동 창면",
    "dong": "여의도고등학교 ③(3층)",
    "floor": 2,
    "z_m": 4.7,
    "normal_az": 141.3,
    "grade": "B",
    "근거등급": "B 일반식(전부 추정)",
    "근거": "일반식(도면 없음)",
    "추정항목": "도면 미수령. 층고 3.5m·창중심 바닥+1.2m·남향계열 외벽 전체를 5m 등간격 으로 분할 — 층고·창높이·수평배치가 **전부 가정값**이다. 도면을 받으면 위치와 높이가 모두 바뀐다",
    "estimated": true
   }
  },
  {
   "type": "Feature",
   "geometry": {
    "type": "Point",
    "coordinates": [
     194180.699,
     547214.181
    ]
   },
   "properties": {
    "pid": "여의도고등학교 ③(3층) 3층-8",
    "school": "여의도고등학교",
    "jibun": "30-1",
    "kind": "교사동 창면",
    "dong": "여의도고등학교 ③(3층)",
    "floor": 3,
    "z_m": 8.2,
    "normal_az": 141.3,
    "grade": "B",
    "근거등급": "B 일반식(전부 추정)",
    "근거": "일반식(도면 없음)",
    "추정항목": "도면 미수령. 층고 3.5m·창중심 바닥+1.2m·남향계열 외벽 전체를 5m 등간격 으로 분할 — 층고·창높이·수평배치가 **전부 가정값**이다. 도면을 받으면 위치와 높이가 모두 바뀐다",
    "estimated": true
   }
  },
  {
   "type": "Feature",
   "geometry": {
    "type": "Point",
    "coordinates": [
     194184.584,
     547217.294
    ]
   },
   "properties": {
    "pid": "여의도고등학교 ③(3층) 1층-9",
    "school": "여의도고등학교",
    "jibun": "30-1",
    "kind": "교사동 창면",
    "dong": "여의도고등학교 ③(3층)",
    "floor": 1,
    "z_m": 1.2,
    "normal_az": 141.3,
    "grade": "B",
    "근거등급": "B 일반식(전부 추정)",
    "근거": "일반식(도면 없음)",
    "추정항목": "도면 미수령. 층고 3.5m·창중심 바닥+1.2m·남향계열 외벽 전체를 5m 등간격 으로 분할 — 층고·창높이·수평배치가 **전부 가정값**이다. 도면을 받으면 위치와 높이가 모두 바뀐다",
    "estimated": true
   }
  },
  {
   "type": "Feature",
   "geometry": {
    "type": "Point",
    "coordinates": [
     194184.584,
     547217.294
    ]
   },
   "properties": {
    "pid": "여의도고등학교 ③(3층) 2층-9",
    "school": "여의도고등학교",
    "jibun": "30-1",
    "kind": "교사동 창면",
    "dong": "여의도고등학교 ③(3층)",
    "floor": 2,
    "z_m": 4.7,
    "normal_az": 141.3,
    "grade": "B",
    "근거등급": "B 일반식(전부 추정)",
    "근거": "일반식(도면 없음)",
    "추정항목": "도면 미수령. 층고 3.5m·창중심 바닥+1.2m·남향계열 외벽 전체를 5m 등간격 으로 분할 — 층고·창높이·수평배치가 **전부 가정값**이다. 도면을 받으면 위치와 높이가 모두 바뀐다",
    "estimated": true
   }
  },
  {
   "type": "Feature",
   "geometry": {
    "type": "Point",
    "coordinates": [
     194184.584,
     547217.294
    ]
   },
   "properties": {
    "pid": "여의도고등학교 ③(3층) 3층-9",
    "school": "여의도고등학교",
    "jibun": "30-1",
    "kind": "교사동 창면",
    "dong": "여의도고등학교 ③(3층)",
    "floor": 3,
    "z_m": 8.2,
    "normal_az": 141.3,
    "grade": "B",
    "근거등급": "B 일반식(전부 추정)",
    "근거": "일반식(도면 없음)",
    "추정항목": "도면 미수령. 층고 3.5m·창중심 바닥+1.2m·남향계열 외벽 전체를 5m 등간격 으로 분할 — 층고·창높이·수평배치가 **전부 가정값**이다. 도면을 받으면 위치와 높이가 모두 바뀐다",
    "estimated": true
   }
  },
  {
   "type": "Feature",
   "geometry": {
    "type": "Point",
    "coordinates": [
     194188.47,
     547220.407
    ]
   },
   "properties": {
    "pid": "여의도고등학교 ③(3층) 1층-10",
    "school": "여의도고등학교",
    "jibun": "30-1",
    "kind": "교사동 창면",
    "dong": "여의도고등학교 ③(3층)",
    "floor": 1,
    "z_m": 1.2,
    "normal_az": 141.3,
    "grade": "B",
    "근거등급": "B 일반식(전부 추정)",
    "근거": "일반식(도면 없음)",
    "추정항목": "도면 미수령. 층고 3.5m·창중심 바닥+1.2m·남향계열 외벽 전체를 5m 등간격 으로 분할 — 층고·창높이·수평배치가 **전부 가정값**이다. 도면을 받으면 위치와 높이가 모두 바뀐다",
    "estimated": true
   }
  },
  {
   "type": "Feature",
   "geometry": {
    "type": "Point",
    "coordinates": [
     194188.47,
     547220.407
    ]
   },
   "properties": {
    "pid": "여의도고등학교 ③(3층) 2층-10",
    "school": "여의도고등학교",
    "jibun": "30-1",
    "kind": "교사동 창면",
    "dong": "여의도고등학교 ③(3층)",
    "floor": 2,
    "z_m": 4.7,
    "normal_az": 141.3,
    "grade": "B",
    "근거등급": "B 일반식(전부 추정)",
    "근거": "일반식(도면 없음)",
    "추정항목": "도면 미수령. 층고 3.5m·창중심 바닥+1.2m·남향계열 외벽 전체를 5m 등간격 으로 분할 — 층고·창높이·수평배치가 **전부 가정값**이다. 도면을 받으면 위치와 높이가 모두 바뀐다",
    "estimated": true
   }
  },
  {
   "type": "Feature",
   "geometry": {
    "type": "Point",
    "coordinates": [
     194188.47,
     547220.407
    ]
   },
   "properties": {
    "pid": "여의도고등학교 ③(3층) 3층-10",
    "school": "여의도고등학교",
    "jibun": "30-1",
    "kind": "교사동 창면",
    "dong": "여의도고등학교 ③(3층)",
    "floor": 3,
    "z_m": 8.2,
    "normal_az": 141.3,
    "grade": "B",
    "근거등급": "B 일반식(전부 추정)",
    "근거": "일반식(도면 없음)",
    "추정항목": "도면 미수령. 층고 3.5m·창중심 바닥+1.2m·남향계열 외벽 전체를 5m 등간격 으로 분할 — 층고·창높이·수평배치가 **전부 가정값**이다. 도면을 받으면 위치와 높이가 모두 바뀐다",
    "estimated": true
   }
  },
  {
   "type": "Feature",
   "geometry": {
    "type": "Point",
    "coordinates": [
     194274.793,
     547082.204
    ]
   },
   "properties": {
    "pid": "여의도여자고등학교 ①(5층) 1층-4",
    "school": "여의도여자고등학교",
    "jibun": "40-2",
    "kind": "교사동 창면",
    "dong": "여의도여자고등학교 ①(5층)",
    "floor": 1,
    "z_m": 1.2,
    "normal_az": 142.3,
    "grade": "B",
    "근거등급": "B 일반식(전부 추정)",
    "근거": "일반식(도면 없음)",
    "추정항목": "도면 미수령. 층고 3.5m·창중심 바닥+1.2m·남향계열 외벽 전체를 5m 등간격 으로 분할 — 층고·창높이·수평배치가 **전부 가정값**이다. 도면을 받으면 위치와 높이가 모두 바뀐다",
    "estimated": true
   }
  },
  {
   "type": "Feature",
   "geometry": {
    "type": "Point",
    "coordinates": [
     194274.793,
     547082.204
    ]
   },
   "properties": {
    "pid": "여의도여자고등학교 ①(5층) 2층-4",
    "school": "여의도여자고등학교",
    "jibun": "40-2",
    "kind": "교사동 창면",
    "dong": "여의도여자고등학교 ①(5층)",
    "floor": 2,
    "z_m": 4.7,
    "normal_az": 142.3,
    "grade": "B",
    "근거등급": "B 일반식(전부 추정)",
    "근거": "일반식(도면 없음)",
    "추정항목": "도면 미수령. 층고 3.5m·창중심 바닥+1.2m·남향계열 외벽 전체를 5m 등간격 으로 분할 — 층고·창높이·수평배치가 **전부 가정값**이다. 도면을 받으면 위치와 높이가 모두 바뀐다",
    "estimated": true
   }
  },
  {
   "type": "Feature",
   "geometry": {
    "type": "Point",
    "coordinates": [
     194274.793,
     547082.204
    ]
   },
   "properties": {
    "pid": "여의도여자고등학교 ①(5층) 3층-4",
    "school": "여의도여자고등학교",
    "jibun": "40-2",
    "kind": "교사동 창면",
    "dong": "여의도여자고등학교 ①(5층)",
    "floor": 3,
    "z_m": 8.2,
    "normal_az": 142.3,
    "grade": "B",
    "근거등급": "B 일반식(전부 추정)",
    "근거": "일반식(도면 없음)",
    "추정항목": "도면 미수령. 층고 3.5m·창중심 바닥+1.2m·남향계열 외벽 전체를 5m 등간격 으로 분할 — 층고·창높이·수평배치가 **전부 가정값**이다. 도면을 받으면 위치와 높이가 모두 바뀐다",
    "estimated": true
   }
  },
  {
   "type": "Feature",
   "geometry": {
    "type": "Point",
    "coordinates": [
     194274.793,
     547082.204
    ]
   },
   "properties": {
    "pid": "여의도여자고등학교 ①(5층) 4층-4",
    "school": "여의도여자고등학교",
    "jibun": "40-2",
    "kind": "교사동 창면",
    "dong": "여의도여자고등학교 ①(5층)",
    "floor": 4,
    "z_m": 11.7,
    "normal_az": 142.3,
    "grade": "B",
    "근거등급": "B 일반식(전부 추정)",
    "근거": "일반식(도면 없음)",
    "추정항목": "도면 미수령. 층고 3.5m·창중심 바닥+1.2m·남향계열 외벽 전체를 5m 등간격 으로 분할 — 층고·창높이·수평배치가 **전부 가정값**이다. 도면을 받으면 위치와 높이가 모두 바뀐다",
    "estimated": true
   }
  },
  {
   "type": "Feature",
   "geometry": {
    "type": "Point",
    "coordinates": [
     194274.793,
     547082.204
    ]
   },
   "properties": {
    "pid": "여의도여자고등학교 ①(5층) 5층-4",
    "school": "여의도여자고등학교",
    "jibun": "40-2",
    "kind": "교사동 창면",
    "dong": "여의도여자고등학교 ①(5층)",
    "floor": 5,
    "z_m": 15.2,
    "normal_az": 142.3,
    "grade": "B",
    "근거등급": "B 일반식(전부 추정)",
    "근거": "일반식(도면 없음)",
    "추정항목": "도면 미수령. 층고 3.5m·창중심 바닥+1.2m·남향계열 외벽 전체를 5m 등간격 으로 분할 — 층고·창높이·수평배치가 **전부 가정값**이다. 도면을 받으면 위치와 높이가 모두 바뀐다",
    "estimated": true
   }
  },
  {
   "type": "Feature",
   "geometry": {
    "type": "Point",
    "coordinates": [
     194278.457,
     547082.075
    ]
   },
   "properties": {
    "pid": "여의도여자고등학교 ①(5층) 1층-5",
    "school": "여의도여자고등학교",
    "jibun": "40-2",
    "kind": "교사동 창면",
    "dong": "여의도여자고등학교 ①(5층)",
    "floor": 1,
    "z_m": 1.2,
    "normal_az": 232.2,
    "grade": "B",
    "근거등급": "B 일반식(전부 추정)",
    "근거": "일반식(도면 없음)",
    "추정항목": "도면 미수령. 층고 3.5m·창중심 바닥+1.2m·남향계열 외벽 전체를 5m 등간격 으로 분할 — 층고·창높이·수평배치가 **전부 가정값**이다. 도면을 받으면 위치와 높이가 모두 바뀐다",
    "estimated": true
   }
  },
  {
   "type": "Feature",
   "geometry": {
    "type": "Point",
    "coordinates": [
     194278.457,
     547082.075
    ]
   },
   "properties": {
    "pid": "여의도여자고등학교 ①(5층) 2층-5",
    "school": "여의도여자고등학교",
    "jibun": "40-2",
    "kind": "교사동 창면",
    "dong": "여의도여자고등학교 ①(5층)",
    "floor": 2,
    "z_m": 4.7,
    "normal_az": 232.2,
    "grade": "B",
    "근거등급": "B 일반식(전부 추정)",
    "근거": "일반식(도면 없음)",
    "추정항목": "도면 미수령. 층고 3.5m·창중심 바닥+1.2m·남향계열 외벽 전체를 5m 등간격 으로 분할 — 층고·창높이·수평배치가 **전부 가정값**이다. 도면을 받으면 위치와 높이가 모두 바뀐다",
    "estimated": true
   }
  },
  {
   "type": "Feature",
   "geometry": {
    "type": "Point",
    "coordinates": [
     194278.457,
     547082.075
    ]
   },
   "properties": {
    "pid": "여의도여자고등학교 ①(5층) 3층-5",
    "school": "여의도여자고등학교",
    "jibun": "40-2",
    "kind": "교사동 창면",
    "dong": "여의도여자고등학교 ①(5층)",
    "floor": 3,
    "z_m": 8.2,
    "normal_az": 232.2,
    "grade": "B",
    "근거등급": "B 일반식(전부 추정)",
    "근거": "일반식(도면 없음)",
    "추정항목": "도면 미수령. 층고 3.5m·창중심 바닥+1.2m·남향계열 외벽 전체를 5m 등간격 으로 분할 — 층고·창높이·수평배치가 **전부 가정값**이다. 도면을 받으면 위치와 높이가 모두 바뀐다",
    "estimated": true
   }
  },
  {
   "type": "Feature",
   "geometry": {
    "type": "Point",
    "coordinates": [
     194278.457,
     547082.075
    ]
   },
   "properties": {
    "pid": "여의도여자고등학교 ①(5층) 4층-5",
    "school": "여의도여자고등학교",
    "jibun": "40-2",
    "kind": "교사동 창면",
    "dong": "여의도여자고등학교 ①(5층)",
    "floor": 4,
    "z_m": 11.7,
    "normal_az": 232.2,
    "grade": "B",
    "근거등급": "B 일반식(전부 추정)",
    "근거": "일반식(도면 없음)",
    "추정항목": "도면 미수령. 층고 3.5m·창중심 바닥+1.2m·남향계열 외벽 전체를 5m 등간격 으로 분할 — 층고·창높이·수평배치가 **전부 가정값**이다. 도면을 받으면 위치와 높이가 모두 바뀐다",
    "estimated": true
   }
  },
  {
   "type": "Feature",
   "geometry": {
    "type": "Point",
    "coordinates": [
     194278.457,
     547082.075
    ]
   },
   "properties": {
    "pid": "여의도여자고등학교 ①(5층) 5층-5",
    "school": "여의도여자고등학교",
    "jibun": "40-2",
    "kind": "교사동 창면",
    "dong": "여의도여자고등학교 ①(5층)",
    "floor": 5,
    "z_m": 15.2,
    "normal_az": 232.2,
    "grade": "B",
    "근거등급": "B 일반식(전부 추정)",
    "근거": "일반식(도면 없음)",
    "추정항목": "도면 미수령. 층고 3.5m·창중심 바닥+1.2m·남향계열 외벽 전체를 5m 등간격 으로 분할 — 층고·창높이·수평배치가 **전부 가정값**이다. 도면을 받으면 위치와 높이가 모두 바뀐다",
    "estimated": true
   }
  },
  {
   "type": "Feature",
   "geometry": {
    "type": "Point",
    "coordinates": [
     194261.32,
     547077.03
    ]
   },
   "properties": {
    "pid": "여의도여자고등학교 ②(5층) 1층-1",
    "school": "여의도여자고등학교",
    "jibun": "40-2",
    "kind": "교사동 창면",
    "dong": "여의도여자고등학교 ②(5층)",
    "floor": 1,
    "z_m": 1.2,
    "normal_az": 232.4,
    "grade": "B",
    "근거등급": "B 일반식(전부 추정)",
    "근거": "일반식(도면 없음)",
    "추정항목": "도면 미수령. 층고 3.5m·창중심 바닥+1.2m·남향계열 외벽 전체를 5m 등간격 으로 분할 — 층고·창높이·수평배치가 **전부 가정값**이다. 도면을 받으면 위치와 높이가 모두 바뀐다",
    "estimated": true
   }
  },
  {
   "type": "Feature",
   "geometry": {
    "type": "Point",
    "coordinates": [
     194261.32,
     547077.03
    ]
   },
   "properties": {
    "pid": "여의도여자고등학교 ②(5층) 2층-1",
    "school": "여의도여자고등학교",
    "jibun": "40-2",
    "kind": "교사동 창면",
    "dong": "여의도여자고등학교 ②(5층)",
    "floor": 2,
    "z_m": 4.7,
    "normal_az": 232.4,
    "grade": "B",
    "근거등급": "B 일반식(전부 추정)",
    "근거": "일반식(도면 없음)",
    "추정항목": "도면 미수령. 층고 3.5m·창중심 바닥+1.2m·남향계열 외벽 전체를 5m 등간격 으로 분할 — 층고·창높이·수평배치가 **전부 가정값**이다. 도면을 받으면 위치와 높이가 모두 바뀐다",
    "estimated": true
   }
  },
  {
   "type": "Feature",
   "geometry": {
    "type": "Point",
    "coordinates": [
     194261.32,
     547077.03
    ]
   },
   "properties": {
    "pid": "여의도여자고등학교 ②(5층) 3층-1",
    "school": "여의도여자고등학교",
    "jibun": "40-2",
    "kind": "교사동 창면",
    "dong": "여의도여자고등학교 ②(5층)",
    "floor": 3,
    "z_m": 8.2,
    "normal_az": 232.4,
    "grade": "B",
    "근거등급": "B 일반식(전부 추정)",
    "근거": "일반식(도면 없음)",
    "추정항목": "도면 미수령. 층고 3.5m·창중심 바닥+1.2m·남향계열 외벽 전체를 5m 등간격 으로 분할 — 층고·창높이·수평배치가 **전부 가정값**이다. 도면을 받으면 위치와 높이가 모두 바뀐다",
    "estimated": true
   }
  },
  {
   "type": "Feature",
   "geometry": {
    "type": "Point",
    "coordinates": [
     194261.32,
     547077.03
    ]
   },
   "properties": {
    "pid": "여의도여자고등학교 ②(5층) 4층-1",
    "school": "여의도여자고등학교",
    "jibun": "40-2",
    "kind": "교사동 창면",
    "dong": "여의도여자고등학교 ②(5층)",
    "floor": 4,
    "z_m": 11.7,
    "normal_az": 232.4,
    "grade": "B",
    "근거등급": "B 일반식(전부 추정)",
    "근거": "일반식(도면 없음)",
    "추정항목": "도면 미수령. 층고 3.5m·창중심 바닥+1.2m·남향계열 외벽 전체를 5m 등간격 으로 분할 — 층고·창높이·수평배치가 **전부 가정값**이다. 도면을 받으면 위치와 높이가 모두 바뀐다",
    "estimated": true
   }
  },
  {
   "type": "Feature",
   "geometry": {
    "type": "Point",
    "coordinates": [
     194261.32,
     547077.03
    ]
   },
   "properties": {
    "pid": "여의도여자고등학교 ②(5층) 5층-1",
    "school": "여의도여자고등학교",
    "jibun": "40-2",
    "kind": "교사동 창면",
    "dong": "여의도여자고등학교 ②(5층)",
    "floor": 5,
    "z_m": 15.2,
    "normal_az": 232.4,
    "grade": "B",
    "근거등급": "B 일반식(전부 추정)",
    "근거": "일반식(도면 없음)",
    "추정항목": "도면 미수령. 층고 3.5m·창중심 바닥+1.2m·남향계열 외벽 전체를 5m 등간격 으로 분할 — 층고·창높이·수평배치가 **전부 가정값**이다. 도면을 받으면 위치와 높이가 모두 바뀐다",
    "estimated": true
   }
  },
  {
   "type": "Feature",
   "geometry": {
    "type": "Point",
    "coordinates": [
     194264.387,
     547073.048
    ]
   },
   "properties": {
    "pid": "여의도여자고등학교 ②(5층) 1층-2",
    "school": "여의도여자고등학교",
    "jibun": "40-2",
    "kind": "교사동 창면",
    "dong": "여의도여자고등학교 ②(5층)",
    "floor": 1,
    "z_m": 1.2,
    "normal_az": 232.4,
    "grade": "B",
    "근거등급": "B 일반식(전부 추정)",
    "근거": "일반식(도면 없음)",
    "추정항목": "도면 미수령. 층고 3.5m·창중심 바닥+1.2m·남향계열 외벽 전체를 5m 등간격 으로 분할 — 층고·창높이·수평배치가 **전부 가정값**이다. 도면을 받으면 위치와 높이가 모두 바뀐다",
    "estimated": true
   }
  },
  {
   "type": "Feature",
   "geometry": {
    "type": "Point",
    "coordinates": [
     194264.387,
     547073.048
    ]
   },
   "properties": {
    "pid": "여의도여자고등학교 ②(5층) 2층-2",
    "school": "여의도여자고등학교",
    "jibun": "40-2",
    "kind": "교사동 창면",
    "dong": "여의도여자고등학교 ②(5층)",
    "floor": 2,
    "z_m": 4.7,
    "normal_az": 232.4,
    "grade": "B",
    "근거등급": "B 일반식(전부 추정)",
    "근거": "일반식(도면 없음)",
    "추정항목": "도면 미수령. 층고 3.5m·창중심 바닥+1.2m·남향계열 외벽 전체를 5m 등간격 으로 분할 — 층고·창높이·수평배치가 **전부 가정값**이다. 도면을 받으면 위치와 높이가 모두 바뀐다",
    "estimated": true
   }
  },
  {
   "type": "Feature",
   "geometry": {
    "type": "Point",
    "coordinates": [
     194264.387,
     547073.048
    ]
   },
   "properties": {
    "pid": "여의도여자고등학교 ②(5층) 3층-2",
    "school": "여의도여자고등학교",
    "jibun": "40-2",
    "kind": "교사동 창면",
    "dong": "여의도여자고등학교 ②(5층)",
    "floor": 3,
    "z_m": 8.2,
    "normal_az": 232.4,
    "grade": "B",
    "근거등급": "B 일반식(전부 추정)",
    "근거": "일반식(도면 없음)",
    "추정항목": "도면 미수령. 층고 3.5m·창중심 바닥+1.2m·남향계열 외벽 전체를 5m 등간격 으로 분할 — 층고·창높이·수평배치가 **전부 가정값**이다. 도면을 받으면 위치와 높이가 모두 바뀐다",
    "estimated": true
   }
  },
  {
   "type": "Feature",
   "geometry": {
    "type": "Point",
    "coordinates": [
     194264.387,
     547073.048
    ]
   },
   "properties": {
    "pid": "여의도여자고등학교 ②(5층) 4층-2",
    "school": "여의도여자고등학교",
    "jibun": "40-2",
    "kind": "교사동 창면",
    "dong": "여의도여자고등학교 ②(5층)",
    "floor": 4,
    "z_m": 11.7,
    "normal_az": 232.4,
    "grade": "B",
    "근거등급": "B 일반식(전부 추정)",
    "근거": "일반식(도면 없음)",
    "추정항목": "도면 미수령. 층고 3.5m·창중심 바닥+1.2m·남향계열 외벽 전체를 5m 등간격 으로 분할 — 층고·창높이·수평배치가 **전부 가정값**이다. 도면을 받으면 위치와 높이가 모두 바뀐다",
    "estimated": true
   }
  },
  {
   "type": "Feature",
   "geometry": {
    "type": "Point",
    "coordinates": [
     194264.387,
     547073.048
    ]
   },
   "properties": {
    "pid": "여의도여자고등학교 ②(5층) 5층-2",
    "school": "여의도여자고등학교",
    "jibun": "40-2",
    "kind": "교사동 창면",
    "dong": "여의도여자고등학교 ②(5층)",
    "floor": 5,
    "z_m": 15.2,
    "normal_az": 232.4,
    "grade": "B",
    "근거등급": "B 일반식(전부 추정)",
    "근거": "일반식(도면 없음)",
    "추정항목": "도면 미수령. 층고 3.5m·창중심 바닥+1.2m·남향계열 외벽 전체를 5m 등간격 으로 분할 — 층고·창높이·수평배치가 **전부 가정값**이다. 도면을 받으면 위치와 높이가 모두 바뀐다",
    "estimated": true
   }
  },
  {
   "type": "Feature",
   "geometry": {
    "type": "Point",
    "coordinates": [
     194267.455,
     547069.066
    ]
   },
   "properties": {
    "pid": "여의도여자고등학교 ②(5층) 1층-3",
    "school": "여의도여자고등학교",
    "jibun": "40-2",
    "kind": "교사동 창면",
    "dong": "여의도여자고등학교 ②(5층)",
    "floor": 1,
    "z_m": 1.2,
    "normal_az": 232.4,
    "grade": "B",
    "근거등급": "B 일반식(전부 추정)",
    "근거": "일반식(도면 없음)",
    "추정항목": "도면 미수령. 층고 3.5m·창중심 바닥+1.2m·남향계열 외벽 전체를 5m 등간격 으로 분할 — 층고·창높이·수평배치가 **전부 가정값**이다. 도면을 받으면 위치와 높이가 모두 바뀐다",
    "estimated": true
   }
  },
  {
   "type": "Feature",
   "geometry": {
    "type": "Point",
    "coordinates": [
     194267.455,
     547069.066
    ]
   },
   "properties": {
    "pid": "여의도여자고등학교 ②(5층) 2층-3",
    "school": "여의도여자고등학교",
    "jibun": "40-2",
    "kind": "교사동 창면",
    "dong": "여의도여자고등학교 ②(5층)",
    "floor": 2,
    "z_m": 4.7,
    "normal_az": 232.4,
    "grade": "B",
    "근거등급": "B 일반식(전부 추정)",
    "근거": "일반식(도면 없음)",
    "추정항목": "도면 미수령. 층고 3.5m·창중심 바닥+1.2m·남향계열 외벽 전체를 5m 등간격 으로 분할 — 층고·창높이·수평배치가 **전부 가정값**이다. 도면을 받으면 위치와 높이가 모두 바뀐다",
    "estimated": true
   }
  },
  {
   "type": "Feature",
   "geometry": {
    "type": "Point",
    "coordinates": [
     194267.455,
     547069.066
    ]
   },
   "properties": {
    "pid": "여의도여자고등학교 ②(5층) 3층-3",
    "school": "여의도여자고등학교",
    "jibun": "40-2",
    "kind": "교사동 창면",
    "dong": "여의도여자고등학교 ②(5층)",
    "floor": 3,
    "z_m": 8.2,
    "normal_az": 232.4,
    "grade": "B",
    "근거등급": "B 일반식(전부 추정)",
    "근거": "일반식(도면 없음)",
    "추정항목": "도면 미수령. 층고 3.5m·창중심 바닥+1.2m·남향계열 외벽 전체를 5m 등간격 으로 분할 — 층고·창높이·수평배치가 **전부 가정값**이다. 도면을 받으면 위치와 높이가 모두 바뀐다",
    "estimated": true
   }
  },
  {
   "type": "Feature",
   "geometry": {
    "type": "Point",
    "coordinates": [
     194267.455,
     547069.066
    ]
   },
   "properties": {
    "pid": "여의도여자고등학교 ②(5층) 4층-3",
    "school": "여의도여자고등학교",
    "jibun": "40-2",
    "kind": "교사동 창면",
    "dong": "여의도여자고등학교 ②(5층)",
    "floor": 4,
    "z_m": 11.7,
    "normal_az": 232.4,
    "grade": "B",
    "근거등급": "B 일반식(전부 추정)",
    "근거": "일반식(도면 없음)",
    "추정항목": "도면 미수령. 층고 3.5m·창중심 바닥+1.2m·남향계열 외벽 전체를 5m 등간격 으로 분할 — 층고·창높이·수평배치가 **전부 가정값**이다. 도면을 받으면 위치와 높이가 모두 바뀐다",
    "estimated": true
   }
  },
  {
   "type": "Feature",
   "geometry": {
    "type": "Point",
    "coordinates": [
     194267.455,
     547069.066
    ]
   },
   "properties": {
    "pid": "여의도여자고등학교 ②(5층) 5층-3",
    "school": "여의도여자고등학교",
    "jibun": "40-2",
    "kind": "교사동 창면",
    "dong": "여의도여자고등학교 ②(5층)",
    "floor": 5,
    "z_m": 15.2,
    "normal_az": 232.4,
    "grade": "B",
    "근거등급": "B 일반식(전부 추정)",
    "근거": "일반식(도면 없음)",
    "추정항목": "도면 미수령. 층고 3.5m·창중심 바닥+1.2m·남향계열 외벽 전체를 5m 등간격 으로 분할 — 층고·창높이·수평배치가 **전부 가정값**이다. 도면을 받으면 위치와 높이가 모두 바뀐다",
    "estimated": true
   }
  },
  {
   "type": "Feature",
   "geometry": {
    "type": "Point",
    "coordinates": [
     194270.523,
     547065.083
    ]
   },
   "properties": {
    "pid": "여의도여자고등학교 ②(5층) 1층-4",
    "school": "여의도여자고등학교",
    "jibun": "40-2",
    "kind": "교사동 창면",
    "dong": "여의도여자고등학교 ②(5층)",
    "floor": 1,
    "z_m": 1.2,
    "normal_az": 232.4,
    "grade": "B",
    "근거등급": "B 일반식(전부 추정)",
    "근거": "일반식(도면 없음)",
    "추정항목": "도면 미수령. 층고 3.5m·창중심 바닥+1.2m·남향계열 외벽 전체를 5m 등간격 으로 분할 — 층고·창높이·수평배치가 **전부 가정값**이다. 도면을 받으면 위치와 높이가 모두 바뀐다",
    "estimated": true
   }
  },
  {
   "type": "Feature",
   "geometry": {
    "type": "Point",
    "coordinates": [
     194270.523,
     547065.083
    ]
   },
   "properties": {
    "pid": "여의도여자고등학교 ②(5층) 2층-4",
    "school": "여의도여자고등학교",
    "jibun": "40-2",
    "kind": "교사동 창면",
    "dong": "여의도여자고등학교 ②(5층)",
    "floor": 2,
    "z_m": 4.7,
    "normal_az": 232.4,
    "grade": "B",
    "근거등급": "B 일반식(전부 추정)",
    "근거": "일반식(도면 없음)",
    "추정항목": "도면 미수령. 층고 3.5m·창중심 바닥+1.2m·남향계열 외벽 전체를 5m 등간격 으로 분할 — 층고·창높이·수평배치가 **전부 가정값**이다. 도면을 받으면 위치와 높이가 모두 바뀐다",
    "estimated": true
   }
  },
  {
   "type": "Feature",
   "geometry": {
    "type": "Point",
    "coordinates": [
     194270.523,
     547065.083
    ]
   },
   "properties": {
    "pid": "여의도여자고등학교 ②(5층) 3층-4",
    "school": "여의도여자고등학교",
    "jibun": "40-2",
    "kind": "교사동 창면",
    "dong": "여의도여자고등학교 ②(5층)",
    "floor": 3,
    "z_m": 8.2,
    "normal_az": 232.4,
    "grade": "B",
    "근거등급": "B 일반식(전부 추정)",
    "근거": "일반식(도면 없음)",
    "추정항목": "도면 미수령. 층고 3.5m·창중심 바닥+1.2m·남향계열 외벽 전체를 5m 등간격 으로 분할 — 층고·창높이·수평배치가 **전부 가정값**이다. 도면을 받으면 위치와 높이가 모두 바뀐다",
    "estimated": true
   }
  },
  {
   "type": "Feature",
   "geometry": {
    "type": "Point",
    "coordinates": [
     194270.523,
     547065.083
    ]
   },
   "properties": {
    "pid": "여의도여자고등학교 ②(5층) 4층-4",
    "school": "여의도여자고등학교",
    "jibun": "40-2",
    "kind": "교사동 창면",
    "dong": "여의도여자고등학교 ②(5층)",
    "floor": 4,
    "z_m": 11.7,
    "normal_az": 232.4,
    "grade": "B",
    "근거등급": "B 일반식(전부 추정)",
    "근거": "일반식(도면 없음)",
    "추정항목": "도면 미수령. 층고 3.5m·창중심 바닥+1.2m·남향계열 외벽 전체를 5m 등간격 으로 분할 — 층고·창높이·수평배치가 **전부 가정값**이다. 도면을 받으면 위치와 높이가 모두 바뀐다",
    "estimated": true
   }
  },
  {
   "type": "Feature",
   "geometry": {
    "type": "Point",
    "coordinates": [
     194270.523,
     547065.083
    ]
   },
   "properties": {
    "pid": "여의도여자고등학교 ②(5층) 5층-4",
    "school": "여의도여자고등학교",
    "jibun": "40-2",
    "kind": "교사동 창면",
    "dong": "여의도여자고등학교 ②(5층)",
    "floor": 5,
    "z_m": 15.2,
    "normal_az": 232.4,
    "grade": "B",
    "근거등급": "B 일반식(전부 추정)",
    "근거": "일반식(도면 없음)",
    "추정항목": "도면 미수령. 층고 3.5m·창중심 바닥+1.2m·남향계열 외벽 전체를 5m 등간격 으로 분할 — 층고·창높이·수평배치가 **전부 가정값**이다. 도면을 받으면 위치와 높이가 모두 바뀐다",
    "estimated": true
   }
  },
  {
   "type": "Feature",
   "geometry": {
    "type": "Point",
    "coordinates": [
     194273.591,
     547061.101
    ]
   },
   "properties": {
    "pid": "여의도여자고등학교 ②(5층) 1층-5",
    "school": "여의도여자고등학교",
    "jibun": "40-2",
    "kind": "교사동 창면",
    "dong": "여의도여자고등학교 ②(5층)",
    "floor": 1,
    "z_m": 1.2,
    "normal_az": 232.4,
    "grade": "B",
    "근거등급": "B 일반식(전부 추정)",
    "근거": "일반식(도면 없음)",
    "추정항목": "도면 미수령. 층고 3.5m·창중심 바닥+1.2m·남향계열 외벽 전체를 5m 등간격 으로 분할 — 층고·창높이·수평배치가 **전부 가정값**이다. 도면을 받으면 위치와 높이가 모두 바뀐다",
    "estimated": true
   }
  },
  {
   "type": "Feature",
   "geometry": {
    "type": "Point",
    "coordinates": [
     194273.591,
     547061.101
    ]
   },
   "properties": {
    "pid": "여의도여자고등학교 ②(5층) 2층-5",
    "school": "여의도여자고등학교",
    "jibun": "40-2",
    "kind": "교사동 창면",
    "dong": "여의도여자고등학교 ②(5층)",
    "floor": 2,
    "z_m": 4.7,
    "normal_az": 232.4,
    "grade": "B",
    "근거등급": "B 일반식(전부 추정)",
    "근거": "일반식(도면 없음)",
    "추정항목": "도면 미수령. 층고 3.5m·창중심 바닥+1.2m·남향계열 외벽 전체를 5m 등간격 으로 분할 — 층고·창높이·수평배치가 **전부 가정값**이다. 도면을 받으면 위치와 높이가 모두 바뀐다",
    "estimated": true
   }
  },
  {
   "type": "Feature",
   "geometry": {
    "type": "Point",
    "coordinates": [
     194273.591,
     547061.101
    ]
   },
   "properties": {
    "pid": "여의도여자고등학교 ②(5층) 3층-5",
    "school": "여의도여자고등학교",
    "jibun": "40-2",
    "kind": "교사동 창면",
    "dong": "여의도여자고등학교 ②(5층)",
    "floor": 3,
    "z_m": 8.2,
    "normal_az": 232.4,
    "grade": "B",
    "근거등급": "B 일반식(전부 추정)",
    "근거": "일반식(도면 없음)",
    "추정항목": "도면 미수령. 층고 3.5m·창중심 바닥+1.2m·남향계열 외벽 전체를 5m 등간격 으로 분할 — 층고·창높이·수평배치가 **전부 가정값**이다. 도면을 받으면 위치와 높이가 모두 바뀐다",
    "estimated": true
   }
  },
  {
   "type": "Feature",
   "geometry": {
    "type": "Point",
    "coordinates": [
     194273.591,
     547061.101
    ]
   },
   "properties": {
    "pid": "여의도여자고등학교 ②(5층) 4층-5",
    "school": "여의도여자고등학교",
    "jibun": "40-2",
    "kind": "교사동 창면",
    "dong": "여의도여자고등학교 ②(5층)",
    "floor": 4,
    "z_m": 11.7,
    "normal_az": 232.4,
    "grade": "B",
    "근거등급": "B 일반식(전부 추정)",
    "근거": "일반식(도면 없음)",
    "추정항목": "도면 미수령. 층고 3.5m·창중심 바닥+1.2m·남향계열 외벽 전체를 5m 등간격 으로 분할 — 층고·창높이·수평배치가 **전부 가정값**이다. 도면을 받으면 위치와 높이가 모두 바뀐다",
    "estimated": true
   }
  },
  {
   "type": "Feature",
   "geometry": {
    "type": "Point",
    "coordinates": [
     194273.591,
     547061.101
    ]
   },
   "properties": {
    "pid": "여의도여자고등학교 ②(5층) 5층-5",
    "school": "여의도여자고등학교",
    "jibun": "40-2",
    "kind": "교사동 창면",
    "dong": "여의도여자고등학교 ②(5층)",
    "floor": 5,
    "z_m": 15.2,
    "normal_az": 232.4,
    "grade": "B",
    "근거등급": "B 일반식(전부 추정)",
    "근거": "일반식(도면 없음)",
    "추정항목": "도면 미수령. 층고 3.5m·창중심 바닥+1.2m·남향계열 외벽 전체를 5m 등간격 으로 분할 — 층고·창높이·수평배치가 **전부 가정값**이다. 도면을 받으면 위치와 높이가 모두 바뀐다",
    "estimated": true
   }
  },
  {
   "type": "Feature",
   "geometry": {
    "type": "Point",
    "coordinates": [
     194276.659,
     547057.119
    ]
   },
   "properties": {
    "pid": "여의도여자고등학교 ②(5층) 1층-6",
    "school": "여의도여자고등학교",
    "jibun": "40-2",
    "kind": "교사동 창면",
    "dong": "여의도여자고등학교 ②(5층)",
    "floor": 1,
    "z_m": 1.2,
    "normal_az": 232.4,
    "grade": "B",
    "근거등급": "B 일반식(전부 추정)",
    "근거": "일반식(도면 없음)",
    "추정항목": "도면 미수령. 층고 3.5m·창중심 바닥+1.2m·남향계열 외벽 전체를 5m 등간격 으로 분할 — 층고·창높이·수평배치가 **전부 가정값**이다. 도면을 받으면 위치와 높이가 모두 바뀐다",
    "estimated": true
   }
  },
  {
   "type": "Feature",
   "geometry": {
    "type": "Point",
    "coordinates": [
     194276.659,
     547057.119
    ]
   },
   "properties": {
    "pid": "여의도여자고등학교 ②(5층) 2층-6",
    "school": "여의도여자고등학교",
    "jibun": "40-2",
    "kind": "교사동 창면",
    "dong": "여의도여자고등학교 ②(5층)",
    "floor": 2,
    "z_m": 4.7,
    "normal_az": 232.4,
    "grade": "B",
    "근거등급": "B 일반식(전부 추정)",
    "근거": "일반식(도면 없음)",
    "추정항목": "도면 미수령. 층고 3.5m·창중심 바닥+1.2m·남향계열 외벽 전체를 5m 등간격 으로 분할 — 층고·창높이·수평배치가 **전부 가정값**이다. 도면을 받으면 위치와 높이가 모두 바뀐다",
    "estimated": true
   }
  },
  {
   "type": "Feature",
   "geometry": {
    "type": "Point",
    "coordinates": [
     194276.659,
     547057.119
    ]
   },
   "properties": {
    "pid": "여의도여자고등학교 ②(5층) 3층-6",
    "school": "여의도여자고등학교",
    "jibun": "40-2",
    "kind": "교사동 창면",
    "dong": "여의도여자고등학교 ②(5층)",
    "floor": 3,
    "z_m": 8.2,
    "normal_az": 232.4,
    "grade": "B",
    "근거등급": "B 일반식(전부 추정)",
    "근거": "일반식(도면 없음)",
    "추정항목": "도면 미수령. 층고 3.5m·창중심 바닥+1.2m·남향계열 외벽 전체를 5m 등간격 으로 분할 — 층고·창높이·수평배치가 **전부 가정값**이다. 도면을 받으면 위치와 높이가 모두 바뀐다",
    "estimated": true
   }
  },
  {
   "type": "Feature",
   "geometry": {
    "type": "Point",
    "coordinates": [
     194276.659,
     547057.119
    ]
   },
   "properties": {
    "pid": "여의도여자고등학교 ②(5층) 4층-6",
    "school": "여의도여자고등학교",
    "jibun": "40-2",
    "kind": "교사동 창면",
    "dong": "여의도여자고등학교 ②(5층)",
    "floor": 4,
    "z_m": 11.7,
    "normal_az": 232.4,
    "grade": "B",
    "근거등급": "B 일반식(전부 추정)",
    "근거": "일반식(도면 없음)",
    "추정항목": "도면 미수령. 층고 3.5m·창중심 바닥+1.2m·남향계열 외벽 전체를 5m 등간격 으로 분할 — 층고·창높이·수평배치가 **전부 가정값**이다. 도면을 받으면 위치와 높이가 모두 바뀐다",
    "estimated": true
   }
  },
  {
   "type": "Feature",
   "geometry": {
    "type": "Point",
    "coordinates": [
     194276.659,
     547057.119
    ]
   },
   "properties": {
    "pid": "여의도여자고등학교 ②(5층) 5층-6",
    "school": "여의도여자고등학교",
    "jibun": "40-2",
    "kind": "교사동 창면",
    "dong": "여의도여자고등학교 ②(5층)",
    "floor": 5,
    "z_m": 15.2,
    "normal_az": 232.4,
    "grade": "B",
    "근거등급": "B 일반식(전부 추정)",
    "근거": "일반식(도면 없음)",
    "추정항목": "도면 미수령. 층고 3.5m·창중심 바닥+1.2m·남향계열 외벽 전체를 5m 등간격 으로 분할 — 층고·창높이·수평배치가 **전부 가정값**이다. 도면을 받으면 위치와 높이가 모두 바뀐다",
    "estimated": true
   }
  },
  {
   "type": "Feature",
   "geometry": {
    "type": "Point",
    "coordinates": [
     194279.726,
     547053.137
    ]
   },
   "properties": {
    "pid": "여의도여자고등학교 ②(5층) 1층-7",
    "school": "여의도여자고등학교",
    "jibun": "40-2",
    "kind": "교사동 창면",
    "dong": "여의도여자고등학교 ②(5층)",
    "floor": 1,
    "z_m": 1.2,
    "normal_az": 232.4,
    "grade": "B",
    "근거등급": "B 일반식(전부 추정)",
    "근거": "일반식(도면 없음)",
    "추정항목": "도면 미수령. 층고 3.5m·창중심 바닥+1.2m·남향계열 외벽 전체를 5m 등간격 으로 분할 — 층고·창높이·수평배치가 **전부 가정값**이다. 도면을 받으면 위치와 높이가 모두 바뀐다",
    "estimated": true
   }
  },
  {
   "type": "Feature",
   "geometry": {
    "type": "Point",
    "coordinates": [
     194279.726,
     547053.137
    ]
   },
   "properties": {
    "pid": "여의도여자고등학교 ②(5층) 2층-7",
    "school": "여의도여자고등학교",
    "jibun": "40-2",
    "kind": "교사동 창면",
    "dong": "여의도여자고등학교 ②(5층)",
    "floor": 2,
    "z_m": 4.7,
    "normal_az": 232.4,
    "grade": "B",
    "근거등급": "B 일반식(전부 추정)",
    "근거": "일반식(도면 없음)",
    "추정항목": "도면 미수령. 층고 3.5m·창중심 바닥+1.2m·남향계열 외벽 전체를 5m 등간격 으로 분할 — 층고·창높이·수평배치가 **전부 가정값**이다. 도면을 받으면 위치와 높이가 모두 바뀐다",
    "estimated": true
   }
  },
  {
   "type": "Feature",
   "geometry": {
    "type": "Point",
    "coordinates": [
     194279.726,
     547053.137
    ]
   },
   "properties": {
    "pid": "여의도여자고등학교 ②(5층) 3층-7",
    "school": "여의도여자고등학교",
    "jibun": "40-2",
    "kind": "교사동 창면",
    "dong": "여의도여자고등학교 ②(5층)",
    "floor": 3,
    "z_m": 8.2,
    "normal_az": 232.4,
    "grade": "B",
    "근거등급": "B 일반식(전부 추정)",
    "근거": "일반식(도면 없음)",
    "추정항목": "도면 미수령. 층고 3.5m·창중심 바닥+1.2m·남향계열 외벽 전체를 5m 등간격 으로 분할 — 층고·창높이·수평배치가 **전부 가정값**이다. 도면을 받으면 위치와 높이가 모두 바뀐다",
    "estimated": true
   }
  },
  {
   "type": "Feature",
   "geometry": {
    "type": "Point",
    "coordinates": [
     194279.726,
     547053.137
    ]
   },
   "properties": {
    "pid": "여의도여자고등학교 ②(5층) 4층-7",
    "school": "여의도여자고등학교",
    "jibun": "40-2",
    "kind": "교사동 창면",
    "dong": "여의도여자고등학교 ②(5층)",
    "floor": 4,
    "z_m": 11.7,
    "normal_az": 232.4,
    "grade": "B",
    "근거등급": "B 일반식(전부 추정)",
    "근거": "일반식(도면 없음)",
    "추정항목": "도면 미수령. 층고 3.5m·창중심 바닥+1.2m·남향계열 외벽 전체를 5m 등간격 으로 분할 — 층고·창높이·수평배치가 **전부 가정값**이다. 도면을 받으면 위치와 높이가 모두 바뀐다",
    "estimated": true
   }
  },
  {
   "type": "Feature",
   "geometry": {
    "type": "Point",
    "coordinates": [
     194279.726,
     547053.137
    ]
   },
   "properties": {
    "pid": "여의도여자고등학교 ②(5층) 5층-7",
    "school": "여의도여자고등학교",
    "jibun": "40-2",
    "kind": "교사동 창면",
    "dong": "여의도여자고등학교 ②(5층)",
    "floor": 5,
    "z_m": 15.2,
    "normal_az": 232.4,
    "grade": "B",
    "근거등급": "B 일반식(전부 추정)",
    "근거": "일반식(도면 없음)",
    "추정항목": "도면 미수령. 층고 3.5m·창중심 바닥+1.2m·남향계열 외벽 전체를 5m 등간격 으로 분할 — 층고·창높이·수평배치가 **전부 가정값**이다. 도면을 받으면 위치와 높이가 모두 바뀐다",
    "estimated": true
   }
  },
  {
   "type": "Feature",
   "geometry": {
    "type": "Point",
    "coordinates": [
     194282.794,
     547049.154
    ]
   },
   "properties": {
    "pid": "여의도여자고등학교 ②(5층) 1층-8",
    "school": "여의도여자고등학교",
    "jibun": "40-2",
    "kind": "교사동 창면",
    "dong": "여의도여자고등학교 ②(5층)",
    "floor": 1,
    "z_m": 1.2,
    "normal_az": 232.4,
    "grade": "B",
    "근거등급": "B 일반식(전부 추정)",
    "근거": "일반식(도면 없음)",
    "추정항목": "도면 미수령. 층고 3.5m·창중심 바닥+1.2m·남향계열 외벽 전체를 5m 등간격 으로 분할 — 층고·창높이·수평배치가 **전부 가정값**이다. 도면을 받으면 위치와 높이가 모두 바뀐다",
    "estimated": true
   }
  },
  {
   "type": "Feature",
   "geometry": {
    "type": "Point",
    "coordinates": [
     194282.794,
     547049.154
    ]
   },
   "properties": {
    "pid": "여의도여자고등학교 ②(5층) 2층-8",
    "school": "여의도여자고등학교",
    "jibun": "40-2",
    "kind": "교사동 창면",
    "dong": "여의도여자고등학교 ②(5층)",
    "floor": 2,
    "z_m": 4.7,
    "normal_az": 232.4,
    "grade": "B",
    "근거등급": "B 일반식(전부 추정)",
    "근거": "일반식(도면 없음)",
    "추정항목": "도면 미수령. 층고 3.5m·창중심 바닥+1.2m·남향계열 외벽 전체를 5m 등간격 으로 분할 — 층고·창높이·수평배치가 **전부 가정값**이다. 도면을 받으면 위치와 높이가 모두 바뀐다",
    "estimated": true
   }
  },
  {
   "type": "Feature",
   "geometry": {
    "type": "Point",
    "coordinates": [
     194282.794,
     547049.154
    ]
   },
   "properties": {
    "pid": "여의도여자고등학교 ②(5층) 3층-8",
    "school": "여의도여자고등학교",
    "jibun": "40-2",
    "kind": "교사동 창면",
    "dong": "여의도여자고등학교 ②(5층)",
    "floor": 3,
    "z_m": 8.2,
    "normal_az": 232.4,
    "grade": "B",
    "근거등급": "B 일반식(전부 추정)",
    "근거": "일반식(도면 없음)",
    "추정항목": "도면 미수령. 층고 3.5m·창중심 바닥+1.2m·남향계열 외벽 전체를 5m 등간격 으로 분할 — 층고·창높이·수평배치가 **전부 가정값**이다. 도면을 받으면 위치와 높이가 모두 바뀐다",
    "estimated": true
   }
  },
  {
   "type": "Feature",
   "geometry": {
    "type": "Point",
    "coordinates": [
     194282.794,
     547049.154
    ]
   },
   "properties": {
    "pid": "여의도여자고등학교 ②(5층) 4층-8",
    "school": "여의도여자고등학교",
    "jibun": "40-2",
    "kind": "교사동 창면",
    "dong": "여의도여자고등학교 ②(5층)",
    "floor": 4,
    "z_m": 11.7,
    "normal_az": 232.4,
    "grade": "B",
    "근거등급": "B 일반식(전부 추정)",
    "근거": "일반식(도면 없음)",
    "추정항목": "도면 미수령. 층고 3.5m·창중심 바닥+1.2m·남향계열 외벽 전체를 5m 등간격 으로 분할 — 층고·창높이·수평배치가 **전부 가정값**이다. 도면을 받으면 위치와 높이가 모두 바뀐다",
    "estimated": true
   }
  },
  {
   "type": "Feature",
   "geometry": {
    "type": "Point",
    "coordinates": [
     194282.794,
     547049.154
    ]
   },
   "properties": {
    "pid": "여의도여자고등학교 ②(5층) 5층-8",
    "school": "여의도여자고등학교",
    "jibun": "40-2",
    "kind": "교사동 창면",
    "dong": "여의도여자고등학교 ②(5층)",
    "floor": 5,
    "z_m": 15.2,
    "normal_az": 232.4,
    "grade": "B",
    "근거등급": "B 일반식(전부 추정)",
    "근거": "일반식(도면 없음)",
    "추정항목": "도면 미수령. 층고 3.5m·창중심 바닥+1.2m·남향계열 외벽 전체를 5m 등간격 으로 분할 — 층고·창높이·수평배치가 **전부 가정값**이다. 도면을 받으면 위치와 높이가 모두 바뀐다",
    "estimated": true
   }
  },
  {
   "type": "Feature",
   "geometry": {
    "type": "Point",
    "coordinates": [
     194285.862,
     547045.172
    ]
   },
   "properties": {
    "pid": "여의도여자고등학교 ②(5층) 1층-9",
    "school": "여의도여자고등학교",
    "jibun": "40-2",
    "kind": "교사동 창면",
    "dong": "여의도여자고등학교 ②(5층)",
    "floor": 1,
    "z_m": 1.2,
    "normal_az": 232.4,
    "grade": "B",
    "근거등급": "B 일반식(전부 추정)",
    "근거": "일반식(도면 없음)",
    "추정항목": "도면 미수령. 층고 3.5m·창중심 바닥+1.2m·남향계열 외벽 전체를 5m 등간격 으로 분할 — 층고·창높이·수평배치가 **전부 가정값**이다. 도면을 받으면 위치와 높이가 모두 바뀐다",
    "estimated": true
   }
  },
  {
   "type": "Feature",
   "geometry": {
    "type": "Point",
    "coordinates": [
     194285.862,
     547045.172
    ]
   },
   "properties": {
    "pid": "여의도여자고등학교 ②(5층) 2층-9",
    "school": "여의도여자고등학교",
    "jibun": "40-2",
    "kind": "교사동 창면",
    "dong": "여의도여자고등학교 ②(5층)",
    "floor": 2,
    "z_m": 4.7,
    "normal_az": 232.4,
    "grade": "B",
    "근거등급": "B 일반식(전부 추정)",
    "근거": "일반식(도면 없음)",
    "추정항목": "도면 미수령. 층고 3.5m·창중심 바닥+1.2m·남향계열 외벽 전체를 5m 등간격 으로 분할 — 층고·창높이·수평배치가 **전부 가정값**이다. 도면을 받으면 위치와 높이가 모두 바뀐다",
    "estimated": true
   }
  },
  {
   "type": "Feature",
   "geometry": {
    "type": "Point",
    "coordinates": [
     194285.862,
     547045.172
    ]
   },
   "properties": {
    "pid": "여의도여자고등학교 ②(5층) 3층-9",
    "school": "여의도여자고등학교",
    "jibun": "40-2",
    "kind": "교사동 창면",
    "dong": "여의도여자고등학교 ②(5층)",
    "floor": 3,
    "z_m": 8.2,
    "normal_az": 232.4,
    "grade": "B",
    "근거등급": "B 일반식(전부 추정)",
    "근거": "일반식(도면 없음)",
    "추정항목": "도면 미수령. 층고 3.5m·창중심 바닥+1.2m·남향계열 외벽 전체를 5m 등간격 으로 분할 — 층고·창높이·수평배치가 **전부 가정값**이다. 도면을 받으면 위치와 높이가 모두 바뀐다",
    "estimated": true
   }
  },
  {
   "type": "Feature",
   "geometry": {
    "type": "Point",
    "coordinates": [
     194285.862,
     547045.172
    ]
   },
   "properties": {
    "pid": "여의도여자고등학교 ②(5층) 4층-9",
    "school": "여의도여자고등학교",
    "jibun": "40-2",
    "kind": "교사동 창면",
    "dong": "여의도여자고등학교 ②(5층)",
    "floor": 4,
    "z_m": 11.7,
    "normal_az": 232.4,
    "grade": "B",
    "근거등급": "B 일반식(전부 추정)",
    "근거": "일반식(도면 없음)",
    "추정항목": "도면 미수령. 층고 3.5m·창중심 바닥+1.2m·남향계열 외벽 전체를 5m 등간격 으로 분할 — 층고·창높이·수평배치가 **전부 가정값**이다. 도면을 받으면 위치와 높이가 모두 바뀐다",
    "estimated": true
   }
  },
  {
   "type": "Feature",
   "geometry": {
    "type": "Point",
    "coordinates": [
     194285.862,
     547045.172
    ]
   },
   "properties": {
    "pid": "여의도여자고등학교 ②(5층) 5층-9",
    "school": "여의도여자고등학교",
    "jibun": "40-2",
    "kind": "교사동 창면",
    "dong": "여의도여자고등학교 ②(5층)",
    "floor": 5,
    "z_m": 15.2,
    "normal_az": 232.4,
    "grade": "B",
    "근거등급": "B 일반식(전부 추정)",
    "근거": "일반식(도면 없음)",
    "추정항목": "도면 미수령. 층고 3.5m·창중심 바닥+1.2m·남향계열 외벽 전체를 5m 등간격 으로 분할 — 층고·창높이·수평배치가 **전부 가정값**이다. 도면을 받으면 위치와 높이가 모두 바뀐다",
    "estimated": true
   }
  },
  {
   "type": "Feature",
   "geometry": {
    "type": "Point",
    "coordinates": [
     194288.838,
     547043.885
    ]
   },
   "properties": {
    "pid": "여의도여자고등학교 ②(5층) 1층-10",
    "school": "여의도여자고등학교",
    "jibun": "40-2",
    "kind": "교사동 창면",
    "dong": "여의도여자고등학교 ②(5층)",
    "floor": 1,
    "z_m": 1.2,
    "normal_az": 138.5,
    "grade": "B",
    "근거등급": "B 일반식(전부 추정)",
    "근거": "일반식(도면 없음)",
    "추정항목": "도면 미수령. 층고 3.5m·창중심 바닥+1.2m·남향계열 외벽 전체를 5m 등간격 으로 분할 — 층고·창높이·수평배치가 **전부 가정값**이다. 도면을 받으면 위치와 높이가 모두 바뀐다",
    "estimated": true
   }
  },
  {
   "type": "Feature",
   "geometry": {
    "type": "Point",
    "coordinates": [
     194288.838,
     547043.885
    ]
   },
   "properties": {
    "pid": "여의도여자고등학교 ②(5층) 2층-10",
    "school": "여의도여자고등학교",
    "jibun": "40-2",
    "kind": "교사동 창면",
    "dong": "여의도여자고등학교 ②(5층)",
    "floor": 2,
    "z_m": 4.7,
    "normal_az": 138.5,
    "grade": "B",
    "근거등급": "B 일반식(전부 추정)",
    "근거": "일반식(도면 없음)",
    "추정항목": "도면 미수령. 층고 3.5m·창중심 바닥+1.2m·남향계열 외벽 전체를 5m 등간격 으로 분할 — 층고·창높이·수평배치가 **전부 가정값**이다. 도면을 받으면 위치와 높이가 모두 바뀐다",
    "estimated": true
   }
  },
  {
   "type": "Feature",
   "geometry": {
    "type": "Point",
    "coordinates": [
     194288.838,
     547043.885
    ]
   },
   "properties": {
    "pid": "여의도여자고등학교 ②(5층) 3층-10",
    "school": "여의도여자고등학교",
    "jibun": "40-2",
    "kind": "교사동 창면",
    "dong": "여의도여자고등학교 ②(5층)",
    "floor": 3,
    "z_m": 8.2,
    "normal_az": 138.5,
    "grade": "B",
    "근거등급": "B 일반식(전부 추정)",
    "근거": "일반식(도면 없음)",
    "추정항목": "도면 미수령. 층고 3.5m·창중심 바닥+1.2m·남향계열 외벽 전체를 5m 등간격 으로 분할 — 층고·창높이·수평배치가 **전부 가정값**이다. 도면을 받으면 위치와 높이가 모두 바뀐다",
    "estimated": true
   }
  },
  {
   "type": "Feature",
   "geometry": {
    "type": "Point",
    "coordinates": [
     194288.838,
     547043.885
    ]
   },
   "properties": {
    "pid": "여의도여자고등학교 ②(5층) 4층-10",
    "school": "여의도여자고등학교",
    "jibun": "40-2",
    "kind": "교사동 창면",
    "dong": "여의도여자고등학교 ②(5층)",
    "floor": 4,
    "z_m": 11.7,
    "normal_az": 138.5,
    "grade": "B",
    "근거등급": "B 일반식(전부 추정)",
    "근거": "일반식(도면 없음)",
    "추정항목": "도면 미수령. 층고 3.5m·창중심 바닥+1.2m·남향계열 외벽 전체를 5m 등간격 으로 분할 — 층고·창높이·수평배치가 **전부 가정값**이다. 도면을 받으면 위치와 높이가 모두 바뀐다",
    "estimated": true
   }
  },
  {
   "type": "Feature",
   "geometry": {
    "type": "Point",
    "coordinates": [
     194288.838,
     547043.885
    ]
   },
   "properties": {
    "pid": "여의도여자고등학교 ②(5층) 5층-10",
    "school": "여의도여자고등학교",
    "jibun": "40-2",
    "kind": "교사동 창면",
    "dong": "여의도여자고등학교 ②(5층)",
    "floor": 5,
    "z_m": 15.2,
    "normal_az": 138.5,
    "grade": "B",
    "근거등급": "B 일반식(전부 추정)",
    "근거": "일반식(도면 없음)",
    "추정항목": "도면 미수령. 층고 3.5m·창중심 바닥+1.2m·남향계열 외벽 전체를 5m 등간격 으로 분할 — 층고·창높이·수평배치가 **전부 가정값**이다. 도면을 받으면 위치와 높이가 모두 바뀐다",
    "estimated": true
   }
  },
  {
   "type": "Feature",
   "geometry": {
    "type": "Point",
    "coordinates": [
     194290.337,
     547043.302
    ]
   },
   "properties": {
    "pid": "여의도여자고등학교 ②(5층) 1층-11",
    "school": "여의도여자고등학교",
    "jibun": "40-2",
    "kind": "교사동 창면",
    "dong": "여의도여자고등학교 ②(5층)",
    "floor": 1,
    "z_m": 1.2,
    "normal_az": 228.9,
    "grade": "B",
    "근거등급": "B 일반식(전부 추정)",
    "근거": "일반식(도면 없음)",
    "추정항목": "도면 미수령. 층고 3.5m·창중심 바닥+1.2m·남향계열 외벽 전체를 5m 등간격 으로 분할 — 층고·창높이·수평배치가 **전부 가정값**이다. 도면을 받으면 위치와 높이가 모두 바뀐다",
    "estimated": true
   }
  },
  {
   "type": "Feature",
   "geometry": {
    "type": "Point",
    "coordinates": [
     194290.337,
     547043.302
    ]
   },
   "properties": {
    "pid": "여의도여자고등학교 ②(5층) 2층-11",
    "school": "여의도여자고등학교",
    "jibun": "40-2",
    "kind": "교사동 창면",
    "dong": "여의도여자고등학교 ②(5층)",
    "floor": 2,
    "z_m": 4.7,
    "normal_az": 228.9,
    "grade": "B",
    "근거등급": "B 일반식(전부 추정)",
    "근거": "일반식(도면 없음)",
    "추정항목": "도면 미수령. 층고 3.5m·창중심 바닥+1.2m·남향계열 외벽 전체를 5m 등간격 으로 분할 — 층고·창높이·수평배치가 **전부 가정값**이다. 도면을 받으면 위치와 높이가 모두 바뀐다",
    "estimated": true
   }
  },
  {
   "type": "Feature",
   "geometry": {
    "type": "Point",
    "coordinates": [
     194290.337,
     547043.302
    ]
   },
   "properties": {
    "pid": "여의도여자고등학교 ②(5층) 3층-11",
    "school": "여의도여자고등학교",
    "jibun": "40-2",
    "kind": "교사동 창면",
    "dong": "여의도여자고등학교 ②(5층)",
    "floor": 3,
    "z_m": 8.2,
    "normal_az": 228.9,
    "grade": "B",
    "근거등급": "B 일반식(전부 추정)",
    "근거": "일반식(도면 없음)",
    "추정항목": "도면 미수령. 층고 3.5m·창중심 바닥+1.2m·남향계열 외벽 전체를 5m 등간격 으로 분할 — 층고·창높이·수평배치가 **전부 가정값**이다. 도면을 받으면 위치와 높이가 모두 바뀐다",
    "estimated": true
   }
  },
  {
   "type": "Feature",
   "geometry": {
    "type": "Point",
    "coordinates": [
     194290.337,
     547043.302
    ]
   },
   "properties": {
    "pid": "여의도여자고등학교 ②(5층) 4층-11",
    "school": "여의도여자고등학교",
    "jibun": "40-2",
    "kind": "교사동 창면",
    "dong": "여의도여자고등학교 ②(5층)",
    "floor": 4,
    "z_m": 11.7,
    "normal_az": 228.9,
    "grade": "B",
    "근거등급": "B 일반식(전부 추정)",
    "근거": "일반식(도면 없음)",
    "추정항목": "도면 미수령. 층고 3.5m·창중심 바닥+1.2m·남향계열 외벽 전체를 5m 등간격 으로 분할 — 층고·창높이·수평배치가 **전부 가정값**이다. 도면을 받으면 위치와 높이가 모두 바뀐다",
    "estimated": true
   }
  },
  {
   "type": "Feature",
   "geometry": {
    "type": "Point",
    "coordinates": [
     194290.337,
     547043.302
    ]
   },
   "properties": {
    "pid": "여의도여자고등학교 ②(5층) 5층-11",
    "school": "여의도여자고등학교",
    "jibun": "40-2",
    "kind": "교사동 창면",
    "dong": "여의도여자고등학교 ②(5층)",
    "floor": 5,
    "z_m": 15.2,
    "normal_az": 228.9,
    "grade": "B",
    "근거등급": "B 일반식(전부 추정)",
    "근거": "일반식(도면 없음)",
    "추정항목": "도면 미수령. 층고 3.5m·창중심 바닥+1.2m·남향계열 외벽 전체를 5m 등간격 으로 분할 — 층고·창높이·수평배치가 **전부 가정값**이다. 도면을 받으면 위치와 높이가 모두 바뀐다",
    "estimated": true
   }
  },
  {
   "type": "Feature",
   "geometry": {
    "type": "Point",
    "coordinates": [
     194295.023,
     547044.139
    ]
   },
   "properties": {
    "pid": "여의도여자고등학교 ②(5층) 1층-12",
    "school": "여의도여자고등학교",
    "jibun": "40-2",
    "kind": "교사동 창면",
    "dong": "여의도여자고등학교 ②(5층)",
    "floor": 1,
    "z_m": 1.2,
    "normal_az": 142.3,
    "grade": "B",
    "근거등급": "B 일반식(전부 추정)",
    "근거": "일반식(도면 없음)",
    "추정항목": "도면 미수령. 층고 3.5m·창중심 바닥+1.2m·남향계열 외벽 전체를 5m 등간격 으로 분할 — 층고·창높이·수평배치가 **전부 가정값**이다. 도면을 받으면 위치와 높이가 모두 바뀐다",
    "estimated": true
   }
  },
  {
   "type": "Feature",
   "geometry": {
    "type": "Point",
    "coordinates": [
     194295.023,
     547044.139
    ]
   },
   "properties": {
    "pid": "여의도여자고등학교 ②(5층) 2층-12",
    "school": "여의도여자고등학교",
    "jibun": "40-2",
    "kind": "교사동 창면",
    "dong": "여의도여자고등학교 ②(5층)",
    "floor": 2,
    "z_m": 4.7,
    "normal_az": 142.3,
    "grade": "B",
    "근거등급": "B 일반식(전부 추정)",
    "근거": "일반식(도면 없음)",
    "추정항목": "도면 미수령. 층고 3.5m·창중심 바닥+1.2m·남향계열 외벽 전체를 5m 등간격 으로 분할 — 층고·창높이·수평배치가 **전부 가정값**이다. 도면을 받으면 위치와 높이가 모두 바뀐다",
    "estimated": true
   }
  },
  {
   "type": "Feature",
   "geometry": {
    "type": "Point",
    "coordinates": [
     194295.023,
     547044.139
    ]
   },
   "properties": {
    "pid": "여의도여자고등학교 ②(5층) 3층-12",
    "school": "여의도여자고등학교",
    "jibun": "40-2",
    "kind": "교사동 창면",
    "dong": "여의도여자고등학교 ②(5층)",
    "floor": 3,
    "z_m": 8.2,
    "normal_az": 142.3,
    "grade": "B",
    "근거등급": "B 일반식(전부 추정)",
    "근거": "일반식(도면 없음)",
    "추정항목": "도면 미수령. 층고 3.5m·창중심 바닥+1.2m·남향계열 외벽 전체를 5m 등간격 으로 분할 — 층고·창높이·수평배치가 **전부 가정값**이다. 도면을 받으면 위치와 높이가 모두 바뀐다",
    "estimated": true
   }
  },
  {
   "type": "Feature",
   "geometry": {
    "type": "Point",
    "coordinates": [
     194295.023,
     547044.139
    ]
   },
   "properties": {
    "pid": "여의도여자고등학교 ②(5층) 4층-12",
    "school": "여의도여자고등학교",
    "jibun": "40-2",
    "kind": "교사동 창면",
    "dong": "여의도여자고등학교 ②(5층)",
    "floor": 4,
    "z_m": 11.7,
    "normal_az": 142.3,
    "grade": "B",
    "근거등급": "B 일반식(전부 추정)",
    "근거": "일반식(도면 없음)",
    "추정항목": "도면 미수령. 층고 3.5m·창중심 바닥+1.2m·남향계열 외벽 전체를 5m 등간격 으로 분할 — 층고·창높이·수평배치가 **전부 가정값**이다. 도면을 받으면 위치와 높이가 모두 바뀐다",
    "estimated": true
   }
  },
  {
   "type": "Feature",
   "geometry": {
    "type": "Point",
    "coordinates": [
     194295.023,
     547044.139
    ]
   },
   "properties": {
    "pid": "여의도여자고등학교 ②(5층) 5층-12",
    "school": "여의도여자고등학교",
    "jibun": "40-2",
    "kind": "교사동 창면",
    "dong": "여의도여자고등학교 ②(5층)",
    "floor": 5,
    "z_m": 15.2,
    "normal_az": 142.3,
    "grade": "B",
    "근거등급": "B 일반식(전부 추정)",
    "근거": "일반식(도면 없음)",
    "추정항목": "도면 미수령. 층고 3.5m·창중심 바닥+1.2m·남향계열 외벽 전체를 5m 등간격 으로 분할 — 층고·창높이·수평배치가 **전부 가정값**이다. 도면을 받으면 위치와 높이가 모두 바뀐다",
    "estimated": true
   }
  },
  {
   "type": "Feature",
   "geometry": {
    "type": "Point",
    "coordinates": [
     194291.96,
     547057.711
    ]
   },
   "properties": {
    "pid": "여의도여자고등학교 ②(5층) 1층-13",
    "school": "여의도여자고등학교",
    "jibun": "40-2",
    "kind": "교사동 창면",
    "dong": "여의도여자고등학교 ②(5층)",
    "floor": 1,
    "z_m": 1.2,
    "normal_az": 141.8,
    "grade": "B",
    "근거등급": "B 일반식(전부 추정)",
    "근거": "일반식(도면 없음)",
    "추정항목": "도면 미수령. 층고 3.5m·창중심 바닥+1.2m·남향계열 외벽 전체를 5m 등간격 으로 분할 — 층고·창높이·수평배치가 **전부 가정값**이다. 도면을 받으면 위치와 높이가 모두 바뀐다",
    "estimated": true
   }
  },
  {
   "type": "Feature",
   "geometry": {
    "type": "Point",
    "coordinates": [
     194291.96,
     547057.711
    ]
   },
   "properties": {
    "pid": "여의도여자고등학교 ②(5층) 2층-13",
    "school": "여의도여자고등학교",
    "jibun": "40-2",
    "kind": "교사동 창면",
    "dong": "여의도여자고등학교 ②(5층)",
    "floor": 2,
    "z_m": 4.7,
    "normal_az": 141.8,
    "grade": "B",
    "근거등급": "B 일반식(전부 추정)",
    "근거": "일반식(도면 없음)",
    "추정항목": "도면 미수령. 층고 3.5m·창중심 바닥+1.2m·남향계열 외벽 전체를 5m 등간격 으로 분할 — 층고·창높이·수평배치가 **전부 가정값**이다. 도면을 받으면 위치와 높이가 모두 바뀐다",
    "estimated": true
   }
  },
  {
   "type": "Feature",
   "geometry": {
    "type": "Point",
    "coordinates": [
     194291.96,
     547057.711
    ]
   },
   "properties": {
    "pid": "여의도여자고등학교 ②(5층) 3층-13",
    "school": "여의도여자고등학교",
    "jibun": "40-2",
    "kind": "교사동 창면",
    "dong": "여의도여자고등학교 ②(5층)",
    "floor": 3,
    "z_m": 8.2,
    "normal_az": 141.8,
    "grade": "B",
    "근거등급": "B 일반식(전부 추정)",
    "근거": "일반식(도면 없음)",
    "추정항목": "도면 미수령. 층고 3.5m·창중심 바닥+1.2m·남향계열 외벽 전체를 5m 등간격 으로 분할 — 층고·창높이·수평배치가 **전부 가정값**이다. 도면을 받으면 위치와 높이가 모두 바뀐다",
    "estimated": true
   }
  },
  {
   "type": "Feature",
   "geometry": {
    "type": "Point",
    "coordinates": [
     194291.96,
     547057.711
    ]
   },
   "properties": {
    "pid": "여의도여자고등학교 ②(5층) 4층-13",
    "school": "여의도여자고등학교",
    "jibun": "40-2",
    "kind": "교사동 창면",
    "dong": "여의도여자고등학교 ②(5층)",
    "floor": 4,
    "z_m": 11.7,
    "normal_az": 141.8,
    "grade": "B",
    "근거등급": "B 일반식(전부 추정)",
    "근거": "일반식(도면 없음)",
    "추정항목": "도면 미수령. 층고 3.5m·창중심 바닥+1.2m·남향계열 외벽 전체를 5m 등간격 으로 분할 — 층고·창높이·수평배치가 **전부 가정값**이다. 도면을 받으면 위치와 높이가 모두 바뀐다",
    "estimated": true
   }
  },
  {
   "type": "Feature",
   "geometry": {
    "type": "Point",
    "coordinates": [
     194291.96,
     547057.711
    ]
   },
   "properties": {
    "pid": "여의도여자고등학교 ②(5층) 5층-13",
    "school": "여의도여자고등학교",
    "jibun": "40-2",
    "kind": "교사동 창면",
    "dong": "여의도여자고등학교 ②(5층)",
    "floor": 5,
    "z_m": 15.2,
    "normal_az": 141.8,
    "grade": "B",
    "근거등급": "B 일반식(전부 추정)",
    "근거": "일반식(도면 없음)",
    "추정항목": "도면 미수령. 층고 3.5m·창중심 바닥+1.2m·남향계열 외벽 전체를 5m 등간격 으로 분할 — 층고·창높이·수평배치가 **전부 가정값**이다. 도면을 받으면 위치와 높이가 모두 바뀐다",
    "estimated": true
   }
  }
 ],
 "crs": {
  "type": "name",
  "properties": {
   "name": "urn:ogc:def:crs:EPSG::5186"
  }
 }
}