{
 "type": "FeatureCollection",
 "features": [
  {
   "type": "Feature",
   "geometry": {
    "type": "Point",
    "coordinates": [
     126.93342864,
     37.52560416
    ]
   },
   "properties": {
    "pid": "여의도고등학교 ①(4층) 1층-1",
    "school": "여의도고등학교",
    "jibun": "30-1",
    "kind": "교사동 창면",
    "dong": "여의도고등학교 ①(4층)",
    "floor": 1,
    "z_m": 1.2,
    "normal_az": 142.5,
    "grade": "B",
    "근거등급": "B 일반식(전부 추정)",
    "근거": "일반식(도면 없음)",
    "추정항목": "도면 미수령. 층고 3.5m·창중심 바닥+1.2m·남향계열 외벽 전체를 5m 등간격 으로 분할 — 층고·창높이·수평배치가 **전부 가정값**이다. 도면을 받으면 위치와 높이가 모두 바뀐다",
    "estimated": true
   }
  },
  {
   "type": "Feature",
   "geometry": {
    "type": "Point",
    "coordinates": [
     126.93342864,
     37.52560416
    ]
   },
   "properties": {
    "pid": "여의도고등학교 ①(4층) 2층-1",
    "school": "여의도고등학교",
    "jibun": "30-1",
    "kind": "교사동 창면",
    "dong": "여의도고등학교 ①(4층)",
    "floor": 2,
    "z_m": 4.7,
    "normal_az": 142.5,
    "grade": "B",
    "근거등급": "B 일반식(전부 추정)",
    "근거": "일반식(도면 없음)",
    "추정항목": "도면 미수령. 층고 3.5m·창중심 바닥+1.2m·남향계열 외벽 전체를 5m 등간격 으로 분할 — 층고·창높이·수평배치가 **전부 가정값**이다. 도면을 받으면 위치와 높이가 모두 바뀐다",
    "estimated": true
   }
  },
  {
   "type": "Feature",
   "geometry": {
    "type": "Point",
    "coordinates": [
     126.93342864,
     37.52560416
    ]
   },
   "properties": {
    "pid": "여의도고등학교 ①(4층) 3층-1",
    "school": "여의도고등학교",
    "jibun": "30-1",
    "kind": "교사동 창면",
    "dong": "여의도고등학교 ①(4층)",
    "floor": 3,
    "z_m": 8.2,
    "normal_az": 142.5,
    "grade": "B",
    "근거등급": "B 일반식(전부 추정)",
    "근거": "일반식(도면 없음)",
    "추정항목": "도면 미수령. 층고 3.5m·창중심 바닥+1.2m·남향계열 외벽 전체를 5m 등간격 으로 분할 — 층고·창높이·수평배치가 **전부 가정값**이다. 도면을 받으면 위치와 높이가 모두 바뀐다",
    "estimated": true
   }
  },
  {
   "type": "Feature",
   "geometry": {
    "type": "Point",
    "coordinates": [
     126.93342864,
     37.52560416
    ]
   },
   "properties": {
    "pid": "여의도고등학교 ①(4층) 4층-1",
    "school": "여의도고등학교",
    "jibun": "30-1",
    "kind": "교사동 창면",
    "dong": "여의도고등학교 ①(4층)",
    "floor": 4,
    "z_m": 11.7,
    "normal_az": 142.5,
    "grade": "B",
    "근거등급": "B 일반식(전부 추정)",
    "근거": "일반식(도면 없음)",
    "추정항목": "도면 미수령. 층고 3.5m·창중심 바닥+1.2m·남향계열 외벽 전체를 5m 등간격 으로 분할 — 층고·창높이·수평배치가 **전부 가정값**이다. 도면을 받으면 위치와 높이가 모두 바뀐다",
    "estimated": true
   }
  },
  {
   "type": "Feature",
   "geometry": {
    "type": "Point",
    "coordinates": [
     126.93338366,
     37.52557663
    ]
   },
   "properties": {
    "pid": "여의도고등학교 ①(4층) 1층-2",
    "school": "여의도고등학교",
    "jibun": "30-1",
    "kind": "교사동 창면",
    "dong": "여의도고등학교 ①(4층)",
    "floor": 1,
    "z_m": 1.2,
    "normal_az": 142.5,
    "grade": "B",
    "근거등급": "B 일반식(전부 추정)",
    "근거": "일반식(도면 없음)",
    "추정항목": "도면 미수령. 층고 3.5m·창중심 바닥+1.2m·남향계열 외벽 전체를 5m 등간격 으로 분할 — 층고·창높이·수평배치가 **전부 가정값**이다. 도면을 받으면 위치와 높이가 모두 바뀐다",
    "estimated": true
   }
  },
  {
   "type": "Feature",
   "geometry": {
    "type": "Point",
    "coordinates": [
     126.93338366,
     37.52557663
    ]
   },
   "properties": {
    "pid": "여의도고등학교 ①(4층) 2층-2",
    "school": "여의도고등학교",
    "jibun": "30-1",
    "kind": "교사동 창면",
    "dong": "여의도고등학교 ①(4층)",
    "floor": 2,
    "z_m": 4.7,
    "normal_az": 142.5,
    "grade": "B",
    "근거등급": "B 일반식(전부 추정)",
    "근거": "일반식(도면 없음)",
    "추정항목": "도면 미수령. 층고 3.5m·창중심 바닥+1.2m·남향계열 외벽 전체를 5m 등간격 으로 분할 — 층고·창높이·수평배치가 **전부 가정값**이다. 도면을 받으면 위치와 높이가 모두 바뀐다",
    "estimated": true
   }
  },
  {
   "type": "Feature",
   "geometry": {
    "type": "Point",
    "coordinates": [
     126.93338366,
     37.52557663
    ]
   },
   "properties": {
    "pid": "여의도고등학교 ①(4층) 3층-2",
    "school": "여의도고등학교",
    "jibun": "30-1",
    "kind": "교사동 창면",
    "dong": "여의도고등학교 ①(4층)",
    "floor": 3,
    "z_m": 8.2,
    "normal_az": 142.5,
    "grade": "B",
    "근거등급": "B 일반식(전부 추정)",
    "근거": "일반식(도면 없음)",
    "추정항목": "도면 미수령. 층고 3.5m·창중심 바닥+1.2m·남향계열 외벽 전체를 5m 등간격 으로 분할 — 층고·창높이·수평배치가 **전부 가정값**이다. 도면을 받으면 위치와 높이가 모두 바뀐다",
    "estimated": true
   }
  },
  {
   "type": "Feature",
   "geometry": {
    "type": "Point",
    "coordinates": [
     126.93338366,
     37.52557663
    ]
   },
   "properties": {
    "pid": "여의도고등학교 ①(4층) 4층-2",
    "school": "여의도고등학교",
    "jibun": "30-1",
    "kind": "교사동 창면",
    "dong": "여의도고등학교 ①(4층)",
    "floor": 4,
    "z_m": 11.7,
    "normal_az": 142.5,
    "grade": "B",
    "근거등급": "B 일반식(전부 추정)",
    "근거": "일반식(도면 없음)",
    "추정항목": "도면 미수령. 층고 3.5m·창중심 바닥+1.2m·남향계열 외벽 전체를 5m 등간격 으로 분할 — 층고·창높이·수평배치가 **전부 가정값**이다. 도면을 받으면 위치와 높이가 모두 바뀐다",
    "estimated": true
   }
  },
  {
   "type": "Feature",
   "geometry": {
    "type": "Point",
    "coordinates": [
     126.93333867,
     37.5255491
    ]
   },
   "properties": {
    "pid": "여의도고등학교 ①(4층) 1층-3",
    "school": "여의도고등학교",
    "jibun": "30-1",
    "kind": "교사동 창면",
    "dong": "여의도고등학교 ①(4층)",
    "floor": 1,
    "z_m": 1.2,
    "normal_az": 142.5,
    "grade": "B",
    "근거등급": "B 일반식(전부 추정)",
    "근거": "일반식(도면 없음)",
    "추정항목": "도면 미수령. 층고 3.5m·창중심 바닥+1.2m·남향계열 외벽 전체를 5m 등간격 으로 분할 — 층고·창높이·수평배치가 **전부 가정값**이다. 도면을 받으면 위치와 높이가 모두 바뀐다",
    "estimated": true
   }
  },
  {
   "type": "Feature",
   "geometry": {
    "type": "Point",
    "coordinates": [
     126.93333867,
     37.5255491
    ]
   },
   "properties": {
    "pid": "여의도고등학교 ①(4층) 2층-3",
    "school": "여의도고등학교",
    "jibun": "30-1",
    "kind": "교사동 창면",
    "dong": "여의도고등학교 ①(4층)",
    "floor": 2,
    "z_m": 4.7,
    "normal_az": 142.5,
    "grade": "B",
    "근거등급": "B 일반식(전부 추정)",
    "근거": "일반식(도면 없음)",
    "추정항목": "도면 미수령. 층고 3.5m·창중심 바닥+1.2m·남향계열 외벽 전체를 5m 등간격 으로 분할 — 층고·창높이·수평배치가 **전부 가정값**이다. 도면을 받으면 위치와 높이가 모두 바뀐다",
    "estimated": true
   }
  },
  {
   "type": "Feature",
   "geometry": {
    "type": "Point",
    "coordinates": [
     126.93333867,
     37.5255491
    ]
   },
   "properties": {
    "pid": "여의도고등학교 ①(4층) 3층-3",
    "school": "여의도고등학교",
    "jibun": "30-1",
    "kind": "교사동 창면",
    "dong": "여의도고등학교 ①(4층)",
    "floor": 3,
    "z_m": 8.2,
    "normal_az": 142.5,
    "grade": "B",
    "근거등급": "B 일반식(전부 추정)",
    "근거": "일반식(도면 없음)",
    "추정항목": "도면 미수령. 층고 3.5m·창중심 바닥+1.2m·남향계열 외벽 전체를 5m 등간격 으로 분할 — 층고·창높이·수평배치가 **전부 가정값**이다. 도면을 받으면 위치와 높이가 모두 바뀐다",
    "estimated": true
   }
  },
  {
   "type": "Feature",
   "geometry": {
    "type": "Point",
    "coordinates": [
     126.93333867,
     37.5255491
    ]
   },
   "properties": {
    "pid": "여의도고등학교 ①(4층) 4층-3",
    "school": "여의도고등학교",
    "jibun": "30-1",
    "kind": "교사동 창면",
    "dong": "여의도고등학교 ①(4층)",
    "floor": 4,
    "z_m": 11.7,
    "normal_az": 142.5,
    "grade": "B",
    "근거등급": "B 일반식(전부 추정)",
    "근거": "일반식(도면 없음)",
    "추정항목": "도면 미수령. 층고 3.5m·창중심 바닥+1.2m·남향계열 외벽 전체를 5m 등간격 으로 분할 — 층고·창높이·수평배치가 **전부 가정값**이다. 도면을 받으면 위치와 높이가 모두 바뀐다",
    "estimated": true
   }
  },
  {
   "type": "Feature",
   "geometry": {
    "type": "Point",
    "coordinates": [
     126.93329369,
     37.52552157
    ]
   },
   "properties": {
    "pid": "여의도고등학교 ①(4층) 1층-4",
    "school": "여의도고등학교",
    "jibun": "30-1",
    "kind": "교사동 창면",
    "dong": "여의도고등학교 ①(4층)",
    "floor": 1,
    "z_m": 1.2,
    "normal_az": 142.5,
    "grade": "B",
    "근거등급": "B 일반식(전부 추정)",
    "근거": "일반식(도면 없음)",
    "추정항목": "도면 미수령. 층고 3.5m·창중심 바닥+1.2m·남향계열 외벽 전체를 5m 등간격 으로 분할 — 층고·창높이·수평배치가 **전부 가정값**이다. 도면을 받으면 위치와 높이가 모두 바뀐다",
    "estimated": true
   }
  },
  {
   "type": "Feature",
   "geometry": {
    "type": "Point",
    "coordinates": [
     126.93329369,
     37.52552157
    ]
   },
   "properties": {
    "pid": "여의도고등학교 ①(4층) 2층-4",
    "school": "여의도고등학교",
    "jibun": "30-1",
    "kind": "교사동 창면",
    "dong": "여의도고등학교 ①(4층)",
    "floor": 2,
    "z_m": 4.7,
    "normal_az": 142.5,
    "grade": "B",
    "근거등급": "B 일반식(전부 추정)",
    "근거": "일반식(도면 없음)",
    "추정항목": "도면 미수령. 층고 3.5m·창중심 바닥+1.2m·남향계열 외벽 전체를 5m 등간격 으로 분할 — 층고·창높이·수평배치가 **전부 가정값**이다. 도면을 받으면 위치와 높이가 모두 바뀐다",
    "estimated": true
   }
  },
  {
   "type": "Feature",
   "geometry": {
    "type": "Point",
    "coordinates": [
     126.93329369,
     37.52552157
    ]
   },
   "properties": {
    "pid": "여의도고등학교 ①(4층) 3층-4",
    "school": "여의도고등학교",
    "jibun": "30-1",
    "kind": "교사동 창면",
    "dong": "여의도고등학교 ①(4층)",
    "floor": 3,
    "z_m": 8.2,
    "normal_az": 142.5,
    "grade": "B",
    "근거등급": "B 일반식(전부 추정)",
    "근거": "일반식(도면 없음)",
    "추정항목": "도면 미수령. 층고 3.5m·창중심 바닥+1.2m·남향계열 외벽 전체를 5m 등간격 으로 분할 — 층고·창높이·수평배치가 **전부 가정값**이다. 도면을 받으면 위치와 높이가 모두 바뀐다",
    "estimated": true
   }
  },
  {
   "type": "Feature",
   "geometry": {
    "type": "Point",
    "coordinates": [
     126.93329369,
     37.52552157
    ]
   },
   "properties": {
    "pid": "여의도고등학교 ①(4층) 4층-4",
    "school": "여의도고등학교",
    "jibun": "30-1",
    "kind": "교사동 창면",
    "dong": "여의도고등학교 ①(4층)",
    "floor": 4,
    "z_m": 11.7,
    "normal_az": 142.5,
    "grade": "B",
    "근거등급": "B 일반식(전부 추정)",
    "근거": "일반식(도면 없음)",
    "추정항목": "도면 미수령. 층고 3.5m·창중심 바닥+1.2m·남향계열 외벽 전체를 5m 등간격 으로 분할 — 층고·창높이·수평배치가 **전부 가정값**이다. 도면을 받으면 위치와 높이가 모두 바뀐다",
    "estimated": true
   }
  },
  {
   "type": "Feature",
   "geometry": {
    "type": "Point",
    "coordinates": [
     126.93324872,
     37.52549404
    ]
   },
   "properties": {
    "pid": "여의도고등학교 ①(4층) 1층-5",
    "school": "여의도고등학교",
    "jibun": "30-1",
    "kind": "교사동 창면",
    "dong": "여의도고등학교 ①(4층)",
    "floor": 1,
    "z_m": 1.2,
    "normal_az": 142.5,
    "grade": "B",
    "근거등급": "B 일반식(전부 추정)",
    "근거": "일반식(도면 없음)",
    "추정항목": "도면 미수령. 층고 3.5m·창중심 바닥+1.2m·남향계열 외벽 전체를 5m 등간격 으로 분할 — 층고·창높이·수평배치가 **전부 가정값**이다. 도면을 받으면 위치와 높이가 모두 바뀐다",
    "estimated": true
   }
  },
  {
   "type": "Feature",
   "geometry": {
    "type": "Point",
    "coordinates": [
     126.93324872,
     37.52549404
    ]
   },
   "properties": {
    "pid": "여의도고등학교 ①(4층) 2층-5",
    "school": "여의도고등학교",
    "jibun": "30-1",
    "kind": "교사동 창면",
    "dong": "여의도고등학교 ①(4층)",
    "floor": 2,
    "z_m": 4.7,
    "normal_az": 142.5,
    "grade": "B",
    "근거등급": "B 일반식(전부 추정)",
    "근거": "일반식(도면 없음)",
    "추정항목": "도면 미수령. 층고 3.5m·창중심 바닥+1.2m·남향계열 외벽 전체를 5m 등간격 으로 분할 — 층고·창높이·수평배치가 **전부 가정값**이다. 도면을 받으면 위치와 높이가 모두 바뀐다",
    "estimated": true
   }
  },
  {
   "type": "Feature",
   "geometry": {
    "type": "Point",
    "coordinates": [
     126.93324872,
     37.52549404
    ]
   },
   "properties": {
    "pid": "여의도고등학교 ①(4층) 3층-5",
    "school": "여의도고등학교",
    "jibun": "30-1",
    "kind": "교사동 창면",
    "dong": "여의도고등학교 ①(4층)",
    "floor": 3,
    "z_m": 8.2,
    "normal_az": 142.5,
    "grade": "B",
    "근거등급": "B 일반식(전부 추정)",
    "근거": "일반식(도면 없음)",
    "추정항목": "도면 미수령. 층고 3.5m·창중심 바닥+1.2m·남향계열 외벽 전체를 5m 등간격 으로 분할 — 층고·창높이·수평배치가 **전부 가정값**이다. 도면을 받으면 위치와 높이가 모두 바뀐다",
    "estimated": true
   }
  },
  {
   "type": "Feature",
   "geometry": {
    "type": "Point",
    "coordinates": [
     126.93324872,
     37.52549404
    ]
   },
   "properties": {
    "pid": "여의도고등학교 ①(4층) 4층-5",
    "school": "여의도고등학교",
    "jibun": "30-1",
    "kind": "교사동 창면",
    "dong": "여의도고등학교 ①(4층)",
    "floor": 4,
    "z_m": 11.7,
    "normal_az": 142.5,
    "grade": "B",
    "근거등급": "B 일반식(전부 추정)",
    "근거": "일반식(도면 없음)",
    "추정항목": "도면 미수령. 층고 3.5m·창중심 바닥+1.2m·남향계열 외벽 전체를 5m 등간격 으로 분할 — 층고·창높이·수평배치가 **전부 가정값**이다. 도면을 받으면 위치와 높이가 모두 바뀐다",
    "estimated": true
   }
  },
  {
   "type": "Feature",
   "geometry": {
    "type": "Point",
    "coordinates": [
     126.93320374,
     37.52546651
    ]
   },
   "properties": {
    "pid": "여의도고등학교 ①(4층) 1층-6",
    "school": "여의도고등학교",
    "jibun": "30-1",
    "kind": "교사동 창면",
    "dong": "여의도고등학교 ①(4층)",
    "floor": 1,
    "z_m": 1.2,
    "normal_az": 142.5,
    "grade": "B",
    "근거등급": "B 일반식(전부 추정)",
    "근거": "일반식(도면 없음)",
    "추정항목": "도면 미수령. 층고 3.5m·창중심 바닥+1.2m·남향계열 외벽 전체를 5m 등간격 으로 분할 — 층고·창높이·수평배치가 **전부 가정값**이다. 도면을 받으면 위치와 높이가 모두 바뀐다",
    "estimated": true
   }
  },
  {
   "type": "Feature",
   "geometry": {
    "type": "Point",
    "coordinates": [
     126.93320374,
     37.52546651
    ]
   },
   "properties": {
    "pid": "여의도고등학교 ①(4층) 2층-6",
    "school": "여의도고등학교",
    "jibun": "30-1",
    "kind": "교사동 창면",
    "dong": "여의도고등학교 ①(4층)",
    "floor": 2,
    "z_m": 4.7,
    "normal_az": 142.5,
    "grade": "B",
    "근거등급": "B 일반식(전부 추정)",
    "근거": "일반식(도면 없음)",
    "추정항목": "도면 미수령. 층고 3.5m·창중심 바닥+1.2m·남향계열 외벽 전체를 5m 등간격 으로 분할 — 층고·창높이·수평배치가 **전부 가정값**이다. 도면을 받으면 위치와 높이가 모두 바뀐다",
    "estimated": true
   }
  },
  {
   "type": "Feature",
   "geometry": {
    "type": "Point",
    "coordinates": [
     126.93320374,
     37.52546651
    ]
   },
   "properties": {
    "pid": "여의도고등학교 ①(4층) 3층-6",
    "school": "여의도고등학교",
    "jibun": "30-1",
    "kind": "교사동 창면",
    "dong": "여의도고등학교 ①(4층)",
    "floor": 3,
    "z_m": 8.2,
    "normal_az": 142.5,
    "grade": "B",
    "근거등급": "B 일반식(전부 추정)",
    "근거": "일반식(도면 없음)",
    "추정항목": "도면 미수령. 층고 3.5m·창중심 바닥+1.2m·남향계열 외벽 전체를 5m 등간격 으로 분할 — 층고·창높이·수평배치가 **전부 가정값**이다. 도면을 받으면 위치와 높이가 모두 바뀐다",
    "estimated": true
   }
  },
  {
   "type": "Feature",
   "geometry": {
    "type": "Point",
    "coordinates": [
     126.93320374,
     37.52546651
    ]
   },
   "properties": {
    "pid": "여의도고등학교 ①(4층) 4층-6",
    "school": "여의도고등학교",
    "jibun": "30-1",
    "kind": "교사동 창면",
    "dong": "여의도고등학교 ①(4층)",
    "floor": 4,
    "z_m": 11.7,
    "normal_az": 142.5,
    "grade": "B",
    "근거등급": "B 일반식(전부 추정)",
    "근거": "일반식(도면 없음)",
    "추정항목": "도면 미수령. 층고 3.5m·창중심 바닥+1.2m·남향계열 외벽 전체를 5m 등간격 으로 분할 — 층고·창높이·수평배치가 **전부 가정값**이다. 도면을 받으면 위치와 높이가 모두 바뀐다",
    "estimated": true
   }
  },
  {
   "type": "Feature",
   "geometry": {
    "type": "Point",
    "coordinates": [
     126.93315876,
     37.52543898
    ]
   },
   "properties": {
    "pid": "여의도고등학교 ①(4층) 1층-7",
    "school": "여의도고등학교",
    "jibun": "30-1",
    "kind": "교사동 창면",
    "dong": "여의도고등학교 ①(4층)",
    "floor": 1,
    "z_m": 1.2,
    "normal_az": 142.5,
    "grade": "B",
    "근거등급": "B 일반식(전부 추정)",
    "근거": "일반식(도면 없음)",
    "추정항목": "도면 미수령. 층고 3.5m·창중심 바닥+1.2m·남향계열 외벽 전체를 5m 등간격 으로 분할 — 층고·창높이·수평배치가 **전부 가정값**이다. 도면을 받으면 위치와 높이가 모두 바뀐다",
    "estimated": true
   }
  },
  {
   "type": "Feature",
   "geometry": {
    "type": "Point",
    "coordinates": [
     126.93315876,
     37.52543898
    ]
   },
   "properties": {
    "pid": "여의도고등학교 ①(4층) 2층-7",
    "school": "여의도고등학교",
    "jibun": "30-1",
    "kind": "교사동 창면",
    "dong": "여의도고등학교 ①(4층)",
    "floor": 2,
    "z_m": 4.7,
    "normal_az": 142.5,
    "grade": "B",
    "근거등급": "B 일반식(전부 추정)",
    "근거": "일반식(도면 없음)",
    "추정항목": "도면 미수령. 층고 3.5m·창중심 바닥+1.2m·남향계열 외벽 전체를 5m 등간격 으로 분할 — 층고·창높이·수평배치가 **전부 가정값**이다. 도면을 받으면 위치와 높이가 모두 바뀐다",
    "estimated": true
   }
  },
  {
   "type": "Feature",
   "geometry": {
    "type": "Point",
    "coordinates": [
     126.93315876,
     37.52543898
    ]
   },
   "properties": {
    "pid": "여의도고등학교 ①(4층) 3층-7",
    "school": "여의도고등학교",
    "jibun": "30-1",
    "kind": "교사동 창면",
    "dong": "여의도고등학교 ①(4층)",
    "floor": 3,
    "z_m": 8.2,
    "normal_az": 142.5,
    "grade": "B",
    "근거등급": "B 일반식(전부 추정)",
    "근거": "일반식(도면 없음)",
    "추정항목": "도면 미수령. 층고 3.5m·창중심 바닥+1.2m·남향계열 외벽 전체를 5m 등간격 으로 분할 — 층고·창높이·수평배치가 **전부 가정값**이다. 도면을 받으면 위치와 높이가 모두 바뀐다",
    "estimated": true
   }
  },
  {
   "type": "Feature",
   "geometry": {
    "type": "Point",
    "coordinates": [
     126.93315876,
     37.52543898
    ]
   },
   "properties": {
    "pid": "여의도고등학교 ①(4층) 4층-7",
    "school": "여의도고등학교",
    "jibun": "30-1",
    "kind": "교사동 창면",
    "dong": "여의도고등학교 ①(4층)",
    "floor": 4,
    "z_m": 11.7,
    "normal_az": 142.5,
    "grade": "B",
    "근거등급": "B 일반식(전부 추정)",
    "근거": "일반식(도면 없음)",
    "추정항목": "도면 미수령. 층고 3.5m·창중심 바닥+1.2m·남향계열 외벽 전체를 5m 등간격 으로 분할 — 층고·창높이·수평배치가 **전부 가정값**이다. 도면을 받으면 위치와 높이가 모두 바뀐다",
    "estimated": true
   }
  },
  {
   "type": "Feature",
   "geometry": {
    "type": "Point",
    "coordinates": [
     126.93311377,
     37.52541145
    ]
   },
   "properties": {
    "pid": "여의도고등학교 ①(4층) 1층-8",
    "school": "여의도고등학교",
    "jibun": "30-1",
    "kind": "교사동 창면",
    "dong": "여의도고등학교 ①(4층)",
    "floor": 1,
    "z_m": 1.2,
    "normal_az": 142.5,
    "grade": "B",
    "근거등급": "B 일반식(전부 추정)",
    "근거": "일반식(도면 없음)",
    "추정항목": "도면 미수령. 층고 3.5m·창중심 바닥+1.2m·남향계열 외벽 전체를 5m 등간격 으로 분할 — 층고·창높이·수평배치가 **전부 가정값**이다. 도면을 받으면 위치와 높이가 모두 바뀐다",
    "estimated": true
   }
  },
  {
   "type": "Feature",
   "geometry": {
    "type": "Point",
    "coordinates": [
     126.93311377,
     37.52541145
    ]
   },
   "properties": {
    "pid": "여의도고등학교 ①(4층) 2층-8",
    "school": "여의도고등학교",
    "jibun": "30-1",
    "kind": "교사동 창면",
    "dong": "여의도고등학교 ①(4층)",
    "floor": 2,
    "z_m": 4.7,
    "normal_az": 142.5,
    "grade": "B",
    "근거등급": "B 일반식(전부 추정)",
    "근거": "일반식(도면 없음)",
    "추정항목": "도면 미수령. 층고 3.5m·창중심 바닥+1.2m·남향계열 외벽 전체를 5m 등간격 으로 분할 — 층고·창높이·수평배치가 **전부 가정값**이다. 도면을 받으면 위치와 높이가 모두 바뀐다",
    "estimated": true
   }
  },
  {
   "type": "Feature",
   "geometry": {
    "type": "Point",
    "coordinates": [
     126.93311377,
     37.52541145
    ]
   },
   "properties": {
    "pid": "여의도고등학교 ①(4층) 3층-8",
    "school": "여의도고등학교",
    "jibun": "30-1",
    "kind": "교사동 창면",
    "dong": "여의도고등학교 ①(4층)",
    "floor": 3,
    "z_m": 8.2,
    "normal_az": 142.5,
    "grade": "B",
    "근거등급": "B 일반식(전부 추정)",
    "근거": "일반식(도면 없음)",
    "추정항목": "도면 미수령. 층고 3.5m·창중심 바닥+1.2m·남향계열 외벽 전체를 5m 등간격 으로 분할 — 층고·창높이·수평배치가 **전부 가정값**이다. 도면을 받으면 위치와 높이가 모두 바뀐다",
    "estimated": true
   }
  },
  {
   "type": "Feature",
   "geometry": {
    "type": "Point",
    "coordinates": [
     126.93311377,
     37.52541145
    ]
   },
   "properties": {
    "pid": "여의도고등학교 ①(4층) 4층-8",
    "school": "여의도고등학교",
    "jibun": "30-1",
    "kind": "교사동 창면",
    "dong": "여의도고등학교 ①(4층)",
    "floor": 4,
    "z_m": 11.7,
    "normal_az": 142.5,
    "grade": "B",
    "근거등급": "B 일반식(전부 추정)",
    "근거": "일반식(도면 없음)",
    "추정항목": "도면 미수령. 층고 3.5m·창중심 바닥+1.2m·남향계열 외벽 전체를 5m 등간격 으로 분할 — 층고·창높이·수평배치가 **전부 가정값**이다. 도면을 받으면 위치와 높이가 모두 바뀐다",
    "estimated": true
   }
  },
  {
   "type": "Feature",
   "geometry": {
    "type": "Point",
    "coordinates": [
     126.93307102,
     37.525437
    ]
   },
   "properties": {
    "pid": "여의도고등학교 ①(4층) 1층-9",
    "school": "여의도고등학교",
    "jibun": "30-1",
    "kind": "교사동 창면",
    "dong": "여의도고등학교 ①(4층)",
    "floor": 1,
    "z_m": 1.2,
    "normal_az": 232.4,
    "grade": "B",
    "근거등급": "B 일반식(전부 추정)",
    "근거": "일반식(도면 없음)",
    "추정항목": "도면 미수령. 층고 3.5m·창중심 바닥+1.2m·남향계열 외벽 전체를 5m 등간격 으로 분할 — 층고·창높이·수평배치가 **전부 가정값**이다. 도면을 받으면 위치와 높이가 모두 바뀐다",
    "estimated": true
   }
  },
  {
   "type": "Feature",
   "geometry": {
    "type": "Point",
    "coordinates": [
     126.93307102,
     37.525437
    ]
   },
   "properties": {
    "pid": "여의도고등학교 ①(4층) 2층-9",
    "school": "여의도고등학교",
    "jibun": "30-1",
    "kind": "교사동 창면",
    "dong": "여의도고등학교 ①(4층)",
    "floor": 2,
    "z_m": 4.7,
    "normal_az": 232.4,
    "grade": "B",
    "근거등급": "B 일반식(전부 추정)",
    "근거": "일반식(도면 없음)",
    "추정항목": "도면 미수령. 층고 3.5m·창중심 바닥+1.2m·남향계열 외벽 전체를 5m 등간격 으로 분할 — 층고·창높이·수평배치가 **전부 가정값**이다. 도면을 받으면 위치와 높이가 모두 바뀐다",
    "estimated": true
   }
  },
  {
   "type": "Feature",
   "geometry": {
    "type": "Point",
    "coordinates": [
     126.93307102,
     37.525437
    ]
   },
   "properties": {
    "pid": "여의도고등학교 ①(4층) 3층-9",
    "school": "여의도고등학교",
    "jibun": "30-1",
    "kind": "교사동 창면",
    "dong": "여의도고등학교 ①(4층)",
    "floor": 3,
    "z_m": 8.2,
    "normal_az": 232.4,
    "grade": "B",
    "근거등급": "B 일반식(전부 추정)",
    "근거": "일반식(도면 없음)",
    "추정항목": "도면 미수령. 층고 3.5m·창중심 바닥+1.2m·남향계열 외벽 전체를 5m 등간격 으로 분할 — 층고·창높이·수평배치가 **전부 가정값**이다. 도면을 받으면 위치와 높이가 모두 바뀐다",
    "estimated": true
   }
  },
  {
   "type": "Feature",
   "geometry": {
    "type": "Point",
    "coordinates": [
     126.93307102,
     37.525437
    ]
   },
   "properties": {
    "pid": "여의도고등학교 ①(4층) 4층-9",
    "school": "여의도고등학교",
    "jibun": "30-1",
    "kind": "교사동 창면",
    "dong": "여의도고등학교 ①(4층)",
    "floor": 4,
    "z_m": 11.7,
    "normal_az": 232.4,
    "grade": "B",
    "근거등급": "B 일반식(전부 추정)",
    "근거": "일반식(도면 없음)",
    "추정항목": "도면 미수령. 층고 3.5m·창중심 바닥+1.2m·남향계열 외벽 전체를 5m 등간격 으로 분할 — 층고·창높이·수평배치가 **전부 가정값**이다. 도면을 받으면 위치와 높이가 모두 바뀐다",
    "estimated": true
   }
  },
  {
   "type": "Feature",
   "geometry": {
    "type": "Point",
    "coordinates": [
     126.93303639,
     37.52547279
    ]
   },
   "properties": {
    "pid": "여의도고등학교 ①(4층) 1층-10",
    "school": "여의도고등학교",
    "jibun": "30-1",
    "kind": "교사동 창면",
    "dong": "여의도고등학교 ①(4층)",
    "floor": 1,
    "z_m": 1.2,
    "normal_az": 232.4,
    "grade": "B",
    "근거등급": "B 일반식(전부 추정)",
    "근거": "일반식(도면 없음)",
    "추정항목": "도면 미수령. 층고 3.5m·창중심 바닥+1.2m·남향계열 외벽 전체를 5m 등간격 으로 분할 — 층고·창높이·수평배치가 **전부 가정값**이다. 도면을 받으면 위치와 높이가 모두 바뀐다",
    "estimated": true
   }
  },
  {
   "type": "Feature",
   "geometry": {
    "type": "Point",
    "coordinates": [
     126.93303639,
     37.52547279
    ]
   },
   "properties": {
    "pid": "여의도고등학교 ①(4층) 2층-10",
    "school": "여의도고등학교",
    "jibun": "30-1",
    "kind": "교사동 창면",
    "dong": "여의도고등학교 ①(4층)",
    "floor": 2,
    "z_m": 4.7,
    "normal_az": 232.4,
    "grade": "B",
    "근거등급": "B 일반식(전부 추정)",
    "근거": "일반식(도면 없음)",
    "추정항목": "도면 미수령. 층고 3.5m·창중심 바닥+1.2m·남향계열 외벽 전체를 5m 등간격 으로 분할 — 층고·창높이·수평배치가 **전부 가정값**이다. 도면을 받으면 위치와 높이가 모두 바뀐다",
    "estimated": true
   }
  },
  {
   "type": "Feature",
   "geometry": {
    "type": "Point",
    "coordinates": [
     126.93303639,
     37.52547279
    ]
   },
   "properties": {
    "pid": "여의도고등학교 ①(4층) 3층-10",
    "school": "여의도고등학교",
    "jibun": "30-1",
    "kind": "교사동 창면",
    "dong": "여의도고등학교 ①(4층)",
    "floor": 3,
    "z_m": 8.2,
    "normal_az": 232.4,
    "grade": "B",
    "근거등급": "B 일반식(전부 추정)",
    "근거": "일반식(도면 없음)",
    "추정항목": "도면 미수령. 층고 3.5m·창중심 바닥+1.2m·남향계열 외벽 전체를 5m 등간격 으로 분할 — 층고·창높이·수평배치가 **전부 가정값**이다. 도면을 받으면 위치와 높이가 모두 바뀐다",
    "estimated": true
   }
  },
  {
   "type": "Feature",
   "geometry": {
    "type": "Point",
    "coordinates": [
     126.93303639,
     37.52547279
    ]
   },
   "properties": {
    "pid": "여의도고등학교 ①(4층) 4층-10",
    "school": "여의도고등학교",
    "jibun": "30-1",
    "kind": "교사동 창면",
    "dong": "여의도고등학교 ①(4층)",
    "floor": 4,
    "z_m": 11.7,
    "normal_az": 232.4,
    "grade": "B",
    "근거등급": "B 일반식(전부 추정)",
    "근거": "일반식(도면 없음)",
    "추정항목": "도면 미수령. 층고 3.5m·창중심 바닥+1.2m·남향계열 외벽 전체를 5m 등간격 으로 분할 — 층고·창높이·수평배치가 **전부 가정값**이다. 도면을 받으면 위치와 높이가 모두 바뀐다",
    "estimated": true
   }
  },
  {
   "type": "Feature",
   "geometry": {
    "type": "Point",
    "coordinates": [
     126.93382217,
     37.52557407
    ]
   },
   "properties": {
    "pid": "여의도고등학교 ②(4층) 1층-1",
    "school": "여의도고등학교",
    "jibun": "30-1",
    "kind": "교사동 창면",
    "dong": "여의도고등학교 ②(4층)",
    "floor": 1,
    "z_m": 1.2,
    "normal_az": 137.0,
    "grade": "B",
    "근거등급": "B 일반식(전부 추정)",
    "근거": "일반식(도면 없음)",
    "추정항목": "도면 미수령. 층고 3.5m·창중심 바닥+1.2m·남향계열 외벽 전체를 5m 등간격 으로 분할 — 층고·창높이·수평배치가 **전부 가정값**이다. 도면을 받으면 위치와 높이가 모두 바뀐다",
    "estimated": true
   }
  },
  {
   "type": "Feature",
   "geometry": {
    "type": "Point",
    "coordinates": [
     126.93382217,
     37.52557407
    ]
   },
   "properties": {
    "pid": "여의도고등학교 ②(4층) 2층-1",
    "school": "여의도고등학교",
    "jibun": "30-1",
    "kind": "교사동 창면",
    "dong": "여의도고등학교 ②(4층)",
    "floor": 2,
    "z_m": 4.7,
    "normal_az": 137.0,
    "grade": "B",
    "근거등급": "B 일반식(전부 추정)",
    "근거": "일반식(도면 없음)",
    "추정항목": "도면 미수령. 층고 3.5m·창중심 바닥+1.2m·남향계열 외벽 전체를 5m 등간격 으로 분할 — 층고·창높이·수평배치가 **전부 가정값**이다. 도면을 받으면 위치와 높이가 모두 바뀐다",
    "estimated": true
   }
  },
  {
   "type": "Feature",
   "geometry": {
    "type": "Point",
    "coordinates": [
     126.93382217,
     37.52557407
    ]
   },
   "properties": {
    "pid": "여의도고등학교 ②(4층) 3층-1",
    "school": "여의도고등학교",
    "jibun": "30-1",
    "kind": "교사동 창면",
    "dong": "여의도고등학교 ②(4층)",
    "floor": 3,
    "z_m": 8.2,
    "normal_az": 137.0,
    "grade": "B",
    "근거등급": "B 일반식(전부 추정)",
    "근거": "일반식(도면 없음)",
    "추정항목": "도면 미수령. 층고 3.5m·창중심 바닥+1.2m·남향계열 외벽 전체를 5m 등간격 으로 분할 — 층고·창높이·수평배치가 **전부 가정값**이다. 도면을 받으면 위치와 높이가 모두 바뀐다",
    "estimated": true
   }
  },
  {
   "type": "Feature",
   "geometry": {
    "type": "Point",
    "coordinates": [
     126.93382217,
     37.52557407
    ]
   },
   "properties": {
    "pid": "여의도고등학교 ②(4층) 4층-1",
    "school": "여의도고등학교",
    "jibun": "30-1",
    "kind": "교사동 창면",
    "dong": "여의도고등학교 ②(4층)",
    "floor": 4,
    "z_m": 11.7,
    "normal_az": 137.0,
    "grade": "B",
    "근거등급": "B 일반식(전부 추정)",
    "근거": "일반식(도면 없음)",
    "추정항목": "도면 미수령. 층고 3.5m·창중심 바닥+1.2m·남향계열 외벽 전체를 5m 등간격 으로 분할 — 층고·창높이·수평배치가 **전부 가정값**이다. 도면을 받으면 위치와 높이가 모두 바뀐다",
    "estimated": true
   }
  },
  {
   "type": "Feature",
   "geometry": {
    "type": "Point",
    "coordinates": [
     126.934214,
     37.52520875
    ]
   },
   "properties": {
    "pid": "여의도고등학교 ②(4층) 1층-2",
    "school": "여의도고등학교",
    "jibun": "30-1",
    "kind": "교사동 창면",
    "dong": "여의도고등학교 ②(4층)",
    "floor": 1,
    "z_m": 1.2,
    "normal_az": 142.1,
    "grade": "B",
    "근거등급": "B 일반식(전부 추정)",
    "근거": "일반식(도면 없음)",
    "추정항목": "도면 미수령. 층고 3.5m·창중심 바닥+1.2m·남향계열 외벽 전체를 5m 등간격 으로 분할 — 층고·창높이·수평배치가 **전부 가정값**이다. 도면을 받으면 위치와 높이가 모두 바뀐다",
    "estimated": true
   }
  },
  {
   "type": "Feature",
   "geometry": {
    "type": "Point",
    "coordinates": [
     126.934214,
     37.52520875
    ]
   },
   "properties": {
    "pid": "여의도고등학교 ②(4층) 2층-2",
    "school": "여의도고등학교",
    "jibun": "30-1",
    "kind": "교사동 창면",
    "dong": "여의도고등학교 ②(4층)",
    "floor": 2,
    "z_m": 4.7,
    "normal_az": 142.1,
    "grade": "B",
    "근거등급": "B 일반식(전부 추정)",
    "근거": "일반식(도면 없음)",
    "추정항목": "도면 미수령. 층고 3.5m·창중심 바닥+1.2m·남향계열 외벽 전체를 5m 등간격 으로 분할 — 층고·창높이·수평배치가 **전부 가정값**이다. 도면을 받으면 위치와 높이가 모두 바뀐다",
    "estimated": true
   }
  },
  {
   "type": "Feature",
   "geometry": {
    "type": "Point",
    "coordinates": [
     126.934214,
     37.52520875
    ]
   },
   "properties": {
    "pid": "여의도고등학교 ②(4층) 3층-2",
    "school": "여의도고등학교",
    "jibun": "30-1",
    "kind": "교사동 창면",
    "dong": "여의도고등학교 ②(4층)",
    "floor": 3,
    "z_m": 8.2,
    "normal_az": 142.1,
    "grade": "B",
    "근거등급": "B 일반식(전부 추정)",
    "근거": "일반식(도면 없음)",
    "추정항목": "도면 미수령. 층고 3.5m·창중심 바닥+1.2m·남향계열 외벽 전체를 5m 등간격 으로 분할 — 층고·창높이·수평배치가 **전부 가정값**이다. 도면을 받으면 위치와 높이가 모두 바뀐다",
    "estimated": true
   }
  },
  {
   "type": "Feature",
   "geometry": {
    "type": "Point",
    "coordinates": [
     126.934214,
     37.52520875
    ]
   },
   "properties": {
    "pid": "여의도고등학교 ②(4층) 4층-2",
    "school": "여의도고등학교",
    "jibun": "30-1",
    "kind": "교사동 창면",
    "dong": "여의도고등학교 ②(4층)",
    "floor": 4,
    "z_m": 11.7,
    "normal_az": 142.1,
    "grade": "B",
    "근거등급": "B 일반식(전부 추정)",
    "근거": "일반식(도면 없음)",
    "추정항목": "도면 미수령. 층고 3.5m·창중심 바닥+1.2m·남향계열 외벽 전체를 5m 등간격 으로 분할 — 층고·창높이·수평배치가 **전부 가정값**이다. 도면을 받으면 위치와 높이가 모두 바뀐다",
    "estimated": true
   }
  },
  {
   "type": "Feature",
   "geometry": {
    "type": "Point",
    "coordinates": [
     126.93416912,
     37.52518086
    ]
   },
   "properties": {
    "pid": "여의도고등학교 ②(4층) 1층-3",
    "school": "여의도고등학교",
    "jibun": "30-1",
    "kind": "교사동 창면",
    "dong": "여의도고등학교 ②(4층)",
    "floor": 1,
    "z_m": 1.2,
    "normal_az": 140.0,
    "grade": "B",
    "근거등급": "B 일반식(전부 추정)",
    "근거": "일반식(도면 없음)",
    "추정항목": "도면 미수령. 층고 3.5m·창중심 바닥+1.2m·남향계열 외벽 전체를 5m 등간격 으로 분할 — 층고·창높이·수평배치가 **전부 가정값**이다. 도면을 받으면 위치와 높이가 모두 바뀐다",
    "estimated": true
   }
  },
  {
   "type": "Feature",
   "geometry": {
    "type": "Point",
    "coordinates": [
     126.93416912,
     37.52518086
    ]
   },
   "properties": {
    "pid": "여의도고등학교 ②(4층) 2층-3",
    "school": "여의도고등학교",
    "jibun": "30-1",
    "kind": "교사동 창면",
    "dong": "여의도고등학교 ②(4층)",
    "floor": 2,
    "z_m": 4.7,
    "normal_az": 140.0,
    "grade": "B",
    "근거등급": "B 일반식(전부 추정)",
    "근거": "일반식(도면 없음)",
    "추정항목": "도면 미수령. 층고 3.5m·창중심 바닥+1.2m·남향계열 외벽 전체를 5m 등간격 으로 분할 — 층고·창높이·수평배치가 **전부 가정값**이다. 도면을 받으면 위치와 높이가 모두 바뀐다",
    "estimated": true
   }
  },
  {
   "type": "Feature",
   "geometry": {
    "type": "Point",
    "coordinates": [
     126.93416912,
     37.52518086
    ]
   },
   "properties": {
    "pid": "여의도고등학교 ②(4층) 3층-3",
    "school": "여의도고등학교",
    "jibun": "30-1",
    "kind": "교사동 창면",
    "dong": "여의도고등학교 ②(4층)",
    "floor": 3,
    "z_m": 8.2,
    "normal_az": 140.0,
    "grade": "B",
    "근거등급": "B 일반식(전부 추정)",
    "근거": "일반식(도면 없음)",
    "추정항목": "도면 미수령. 층고 3.5m·창중심 바닥+1.2m·남향계열 외벽 전체를 5m 등간격 으로 분할 — 층고·창높이·수평배치가 **전부 가정값**이다. 도면을 받으면 위치와 높이가 모두 바뀐다",
    "estimated": true
   }
  },
  {
   "type": "Feature",
   "geometry": {
    "type": "Point",
    "coordinates": [
     126.93416912,
     37.52518086
    ]
   },
   "properties": {
    "pid": "여의도고등학교 ②(4층) 4층-3",
    "school": "여의도고등학교",
    "jibun": "30-1",
    "kind": "교사동 창면",
    "dong": "여의도고등학교 ②(4층)",
    "floor": 4,
    "z_m": 11.7,
    "normal_az": 140.0,
    "grade": "B",
    "근거등급": "B 일반식(전부 추정)",
    "근거": "일반식(도면 없음)",
    "추정항목": "도면 미수령. 층고 3.5m·창중심 바닥+1.2m·남향계열 외벽 전체를 5m 등간격 으로 분할 — 층고·창높이·수평배치가 **전부 가정값**이다. 도면을 받으면 위치와 높이가 모두 바뀐다",
    "estimated": true
   }
  },
  {
   "type": "Feature",
   "geometry": {
    "type": "Point",
    "coordinates": [
     126.93487454,
     37.52473914
    ]
   },
   "properties": {
    "pid": "여의도고등학교 ②(4층) 1층-4",
    "school": "여의도고등학교",
    "jibun": "30-1",
    "kind": "교사동 창면",
    "dong": "여의도고등학교 ②(4층)",
    "floor": 1,
    "z_m": 1.2,
    "normal_az": 141.9,
    "grade": "B",
    "근거등급": "B 일반식(전부 추정)",
    "근거": "일반식(도면 없음)",
    "추정항목": "도면 미수령. 층고 3.5m·창중심 바닥+1.2m·남향계열 외벽 전체를 5m 등간격 으로 분할 — 층고·창높이·수평배치가 **전부 가정값**이다. 도면을 받으면 위치와 높이가 모두 바뀐다",
    "estimated": true
   }
  },
  {
   "type": "Feature",
   "geometry": {
    "type": "Point",
    "coordinates": [
     126.93487454,
     37.52473914
    ]
   },
   "properties": {
    "pid": "여의도고등학교 ②(4층) 2층-4",
    "school": "여의도고등학교",
    "jibun": "30-1",
    "kind": "교사동 창면",
    "dong": "여의도고등학교 ②(4층)",
    "floor": 2,
    "z_m": 4.7,
    "normal_az": 141.9,
    "grade": "B",
    "근거등급": "B 일반식(전부 추정)",
    "근거": "일반식(도면 없음)",
    "추정항목": "도면 미수령. 층고 3.5m·창중심 바닥+1.2m·남향계열 외벽 전체를 5m 등간격 으로 분할 — 층고·창높이·수평배치가 **전부 가정값**이다. 도면을 받으면 위치와 높이가 모두 바뀐다",
    "estimated": true
   }
  },
  {
   "type": "Feature",
   "geometry": {
    "type": "Point",
    "coordinates": [
     126.93487454,
     37.52473914
    ]
   },
   "properties": {
    "pid": "여의도고등학교 ②(4층) 3층-4",
    "school": "여의도고등학교",
    "jibun": "30-1",
    "kind": "교사동 창면",
    "dong": "여의도고등학교 ②(4층)",
    "floor": 3,
    "z_m": 8.2,
    "normal_az": 141.9,
    "grade": "B",
    "근거등급": "B 일반식(전부 추정)",
    "근거": "일반식(도면 없음)",
    "추정항목": "도면 미수령. 층고 3.5m·창중심 바닥+1.2m·남향계열 외벽 전체를 5m 등간격 으로 분할 — 층고·창높이·수평배치가 **전부 가정값**이다. 도면을 받으면 위치와 높이가 모두 바뀐다",
    "estimated": true
   }
  },
  {
   "type": "Feature",
   "geometry": {
    "type": "Point",
    "coordinates": [
     126.93487454,
     37.52473914
    ]
   },
   "properties": {
    "pid": "여의도고등학교 ②(4층) 4층-4",
    "school": "여의도고등학교",
    "jibun": "30-1",
    "kind": "교사동 창면",
    "dong": "여의도고등학교 ②(4층)",
    "floor": 4,
    "z_m": 11.7,
    "normal_az": 141.9,
    "grade": "B",
    "근거등급": "B 일반식(전부 추정)",
    "근거": "일반식(도면 없음)",
    "추정항목": "도면 미수령. 층고 3.5m·창중심 바닥+1.2m·남향계열 외벽 전체를 5m 등간격 으로 분할 — 층고·창높이·수평배치가 **전부 가정값**이다. 도면을 받으면 위치와 높이가 모두 바뀐다",
    "estimated": true
   }
  },
  {
   "type": "Feature",
   "geometry": {
    "type": "Point",
    "coordinates": [
     126.93482965,
     37.52471104
    ]
   },
   "properties": {
    "pid": "여의도고등학교 ②(4층) 1층-5",
    "school": "여의도고등학교",
    "jibun": "30-1",
    "kind": "교사동 창면",
    "dong": "여의도고등학교 ②(4층)",
    "floor": 1,
    "z_m": 1.2,
    "normal_az": 141.9,
    "grade": "B",
    "근거등급": "B 일반식(전부 추정)",
    "근거": "일반식(도면 없음)",
    "추정항목": "도면 미수령. 층고 3.5m·창중심 바닥+1.2m·남향계열 외벽 전체를 5m 등간격 으로 분할 — 층고·창높이·수평배치가 **전부 가정값**이다. 도면을 받으면 위치와 높이가 모두 바뀐다",
    "estimated": true
   }
  },
  {
   "type": "Feature",
   "geometry": {
    "type": "Point",
    "coordinates": [
     126.93482965,
     37.52471104
    ]
   },
   "properties": {
    "pid": "여의도고등학교 ②(4층) 2층-5",
    "school": "여의도고등학교",
    "jibun": "30-1",
    "kind": "교사동 창면",
    "dong": "여의도고등학교 ②(4층)",
    "floor": 2,
    "z_m": 4.7,
    "normal_az": 141.9,
    "grade": "B",
    "근거등급": "B 일반식(전부 추정)",
    "근거": "일반식(도면 없음)",
    "추정항목": "도면 미수령. 층고 3.5m·창중심 바닥+1.2m·남향계열 외벽 전체를 5m 등간격 으로 분할 — 층고·창높이·수평배치가 **전부 가정값**이다. 도면을 받으면 위치와 높이가 모두 바뀐다",
    "estimated": true
   }
  },
  {
   "type": "Feature",
   "geometry": {
    "type": "Point",
    "coordinates": [
     126.93482965,
     37.52471104
    ]
   },
   "properties": {
    "pid": "여의도고등학교 ②(4층) 3층-5",
    "school": "여의도고등학교",
    "jibun": "30-1",
    "kind": "교사동 창면",
    "dong": "여의도고등학교 ②(4층)",
    "floor": 3,
    "z_m": 8.2,
    "normal_az": 141.9,
    "grade": "B",
    "근거등급": "B 일반식(전부 추정)",
    "근거": "일반식(도면 없음)",
    "추정항목": "도면 미수령. 층고 3.5m·창중심 바닥+1.2m·남향계열 외벽 전체를 5m 등간격 으로 분할 — 층고·창높이·수평배치가 **전부 가정값**이다. 도면을 받으면 위치와 높이가 모두 바뀐다",
    "estimated": true
   }
  },
  {
   "type": "Feature",
   "geometry": {
    "type": "Point",
    "coordinates": [
     126.93482965,
     37.52471104
    ]
   },
   "properties": {
    "pid": "여의도고등학교 ②(4층) 4층-5",
    "school": "여의도고등학교",
    "jibun": "30-1",
    "kind": "교사동 창면",
    "dong": "여의도고등학교 ②(4층)",
    "floor": 4,
    "z_m": 11.7,
    "normal_az": 141.9,
    "grade": "B",
    "근거등급": "B 일반식(전부 추정)",
    "근거": "일반식(도면 없음)",
    "추정항목": "도면 미수령. 층고 3.5m·창중심 바닥+1.2m·남향계열 외벽 전체를 5m 등간격 으로 분할 — 층고·창높이·수평배치가 **전부 가정값**이다. 도면을 받으면 위치와 높이가 모두 바뀐다",
    "estimated": true
   }
  },
  {
   "type": "Feature",
   "geometry": {
    "type": "Point",
    "coordinates": [
     126.93478477,
     37.52468294
    ]
   },
   "properties": {
    "pid": "여의도고등학교 ②(4층) 1층-6",
    "school": "여의도고등학교",
    "jibun": "30-1",
    "kind": "교사동 창면",
    "dong": "여의도고등학교 ②(4층)",
    "floor": 1,
    "z_m": 1.2,
    "normal_az": 141.9,
    "grade": "B",
    "근거등급": "B 일반식(전부 추정)",
    "근거": "일반식(도면 없음)",
    "추정항목": "도면 미수령. 층고 3.5m·창중심 바닥+1.2m·남향계열 외벽 전체를 5m 등간격 으로 분할 — 층고·창높이·수평배치가 **전부 가정값**이다. 도면을 받으면 위치와 높이가 모두 바뀐다",
    "estimated": true
   }
  },
  {
   "type": "Feature",
   "geometry": {
    "type": "Point",
    "coordinates": [
     126.93478477,
     37.52468294
    ]
   },
   "properties": {
    "pid": "여의도고등학교 ②(4층) 2층-6",
    "school": "여의도고등학교",
    "jibun": "30-1",
    "kind": "교사동 창면",
    "dong": "여의도고등학교 ②(4층)",
    "floor": 2,
    "z_m": 4.7,
    "normal_az": 141.9,
    "grade": "B",
    "근거등급": "B 일반식(전부 추정)",
    "근거": "일반식(도면 없음)",
    "추정항목": "도면 미수령. 층고 3.5m·창중심 바닥+1.2m·남향계열 외벽 전체를 5m 등간격 으로 분할 — 층고·창높이·수평배치가 **전부 가정값**이다. 도면을 받으면 위치와 높이가 모두 바뀐다",
    "estimated": true
   }
  },
  {
   "type": "Feature",
   "geometry": {
    "type": "Point",
    "coordinates": [
     126.93478477,
     37.52468294
    ]
   },
   "properties": {
    "pid": "여의도고등학교 ②(4층) 3층-6",
    "school": "여의도고등학교",
    "jibun": "30-1",
    "kind": "교사동 창면",
    "dong": "여의도고등학교 ②(4층)",
    "floor": 3,
    "z_m": 8.2,
    "normal_az": 141.9,
    "grade": "B",
    "근거등급": "B 일반식(전부 추정)",
    "근거": "일반식(도면 없음)",
    "추정항목": "도면 미수령. 층고 3.5m·창중심 바닥+1.2m·남향계열 외벽 전체를 5m 등간격 으로 분할 — 층고·창높이·수평배치가 **전부 가정값**이다. 도면을 받으면 위치와 높이가 모두 바뀐다",
    "estimated": true
   }
  },
  {
   "type": "Feature",
   "geometry": {
    "type": "Point",
    "coordinates": [
     126.93478477,
     37.52468294
    ]
   },
   "properties": {
    "pid": "여의도고등학교 ②(4층) 4층-6",
    "school": "여의도고등학교",
    "jibun": "30-1",
    "kind": "교사동 창면",
    "dong": "여의도고등학교 ②(4층)",
    "floor": 4,
    "z_m": 11.7,
    "normal_az": 141.9,
    "grade": "B",
    "근거등급": "B 일반식(전부 추정)",
    "근거": "일반식(도면 없음)",
    "추정항목": "도면 미수령. 층고 3.5m·창중심 바닥+1.2m·남향계열 외벽 전체를 5m 등간격 으로 분할 — 층고·창높이·수평배치가 **전부 가정값**이다. 도면을 받으면 위치와 높이가 모두 바뀐다",
    "estimated": true
   }
  },
  {
   "type": "Feature",
   "geometry": {
    "type": "Point",
    "coordinates": [
     126.93473989,
     37.52465485
    ]
   },
   "properties": {
    "pid": "여의도고등학교 ②(4층) 1층-7",
    "school": "여의도고등학교",
    "jibun": "30-1",
    "kind": "교사동 창면",
    "dong": "여의도고등학교 ②(4층)",
    "floor": 1,
    "z_m": 1.2,
    "normal_az": 141.9,
    "grade": "B",
    "근거등급": "B 일반식(전부 추정)",
    "근거": "일반식(도면 없음)",
    "추정항목": "도면 미수령. 층고 3.5m·창중심 바닥+1.2m·남향계열 외벽 전체를 5m 등간격 으로 분할 — 층고·창높이·수평배치가 **전부 가정값**이다. 도면을 받으면 위치와 높이가 모두 바뀐다",
    "estimated": true
   }
  },
  {
   "type": "Feature",
   "geometry": {
    "type": "Point",
    "coordinates": [
     126.93473989,
     37.52465485
    ]
   },
   "properties": {
    "pid": "여의도고등학교 ②(4층) 2층-7",
    "school": "여의도고등학교",
    "jibun": "30-1",
    "kind": "교사동 창면",
    "dong": "여의도고등학교 ②(4층)",
    "floor": 2,
    "z_m": 4.7,
    "normal_az": 141.9,
    "grade": "B",
    "근거등급": "B 일반식(전부 추정)",
    "근거": "일반식(도면 없음)",
    "추정항목": "도면 미수령. 층고 3.5m·창중심 바닥+1.2m·남향계열 외벽 전체를 5m 등간격 으로 분할 — 층고·창높이·수평배치가 **전부 가정값**이다. 도면을 받으면 위치와 높이가 모두 바뀐다",
    "estimated": true
   }
  },
  {
   "type": "Feature",
   "geometry": {
    "type": "Point",
    "coordinates": [
     126.93473989,
     37.52465485
    ]
   },
   "properties": {
    "pid": "여의도고등학교 ②(4층) 3층-7",
    "school": "여의도고등학교",
    "jibun": "30-1",
    "kind": "교사동 창면",
    "dong": "여의도고등학교 ②(4층)",
    "floor": 3,
    "z_m": 8.2,
    "normal_az": 141.9,
    "grade": "B",
    "근거등급": "B 일반식(전부 추정)",
    "근거": "일반식(도면 없음)",
    "추정항목": "도면 미수령. 층고 3.5m·창중심 바닥+1.2m·남향계열 외벽 전체를 5m 등간격 으로 분할 — 층고·창높이·수평배치가 **전부 가정값**이다. 도면을 받으면 위치와 높이가 모두 바뀐다",
    "estimated": true
   }
  },
  {
   "type": "Feature",
   "geometry": {
    "type": "Point",
    "coordinates": [
     126.93473989,
     37.52465485
    ]
   },
   "properties": {
    "pid": "여의도고등학교 ②(4층) 4층-7",
    "school": "여의도고등학교",
    "jibun": "30-1",
    "kind": "교사동 창면",
    "dong": "여의도고등학교 ②(4층)",
    "floor": 4,
    "z_m": 11.7,
    "normal_az": 141.9,
    "grade": "B",
    "근거등급": "B 일반식(전부 추정)",
    "근거": "일반식(도면 없음)",
    "추정항목": "도면 미수령. 층고 3.5m·창중심 바닥+1.2m·남향계열 외벽 전체를 5m 등간격 으로 분할 — 층고·창높이·수평배치가 **전부 가정값**이다. 도면을 받으면 위치와 높이가 모두 바뀐다",
    "estimated": true
   }
  },
  {
   "type": "Feature",
   "geometry": {
    "type": "Point",
    "coordinates": [
     126.93469501,
     37.52462675
    ]
   },
   "properties": {
    "pid": "여의도고등학교 ②(4층) 1층-8",
    "school": "여의도고등학교",
    "jibun": "30-1",
    "kind": "교사동 창면",
    "dong": "여의도고등학교 ②(4층)",
    "floor": 1,
    "z_m": 1.2,
    "normal_az": 141.9,
    "grade": "B",
    "근거등급": "B 일반식(전부 추정)",
    "근거": "일반식(도면 없음)",
    "추정항목": "도면 미수령. 층고 3.5m·창중심 바닥+1.2m·남향계열 외벽 전체를 5m 등간격 으로 분할 — 층고·창높이·수평배치가 **전부 가정값**이다. 도면을 받으면 위치와 높이가 모두 바뀐다",
    "estimated": true
   }
  },
  {
   "type": "Feature",
   "geometry": {
    "type": "Point",
    "coordinates": [
     126.93469501,
     37.52462675
    ]
   },
   "properties": {
    "pid": "여의도고등학교 ②(4층) 2층-8",
    "school": "여의도고등학교",
    "jibun": "30-1",
    "kind": "교사동 창면",
    "dong": "여의도고등학교 ②(4층)",
    "floor": 2,
    "z_m": 4.7,
    "normal_az": 141.9,
    "grade": "B",
    "근거등급": "B 일반식(전부 추정)",
    "근거": "일반식(도면 없음)",
    "추정항목": "도면 미수령. 층고 3.5m·창중심 바닥+1.2m·남향계열 외벽 전체를 5m 등간격 으로 분할 — 층고·창높이·수평배치가 **전부 가정값**이다. 도면을 받으면 위치와 높이가 모두 바뀐다",
    "estimated": true
   }
  },
  {
   "type": "Feature",
   "geometry": {
    "type": "Point",
    "coordinates": [
     126.93469501,
     37.52462675
    ]
   },
   "properties": {
    "pid": "여의도고등학교 ②(4층) 3층-8",
    "school": "여의도고등학교",
    "jibun": "30-1",
    "kind": "교사동 창면",
    "dong": "여의도고등학교 ②(4층)",
    "floor": 3,
    "z_m": 8.2,
    "normal_az": 141.9,
    "grade": "B",
    "근거등급": "B 일반식(전부 추정)",
    "근거": "일반식(도면 없음)",
    "추정항목": "도면 미수령. 층고 3.5m·창중심 바닥+1.2m·남향계열 외벽 전체를 5m 등간격 으로 분할 — 층고·창높이·수평배치가 **전부 가정값**이다. 도면을 받으면 위치와 높이가 모두 바뀐다",
    "estimated": true
   }
  },
  {
   "type": "Feature",
   "geometry": {
    "type": "Point",
    "coordinates": [
     126.93469501,
     37.52462675
    ]
   },
   "properties": {
    "pid": "여의도고등학교 ②(4층) 4층-8",
    "school": "여의도고등학교",
    "jibun": "30-1",
    "kind": "교사동 창면",
    "dong": "여의도고등학교 ②(4층)",
    "floor": 4,
    "z_m": 11.7,
    "normal_az": 141.9,
    "grade": "B",
    "근거등급": "B 일반식(전부 추정)",
    "근거": "일반식(도면 없음)",
    "추정항목": "도면 미수령. 층고 3.5m·창중심 바닥+1.2m·남향계열 외벽 전체를 5m 등간격 으로 분할 — 층고·창높이·수평배치가 **전부 가정값**이다. 도면을 받으면 위치와 높이가 모두 바뀐다",
    "estimated": true
   }
  },
  {
   "type": "Feature",
   "geometry": {
    "type": "Point",
    "coordinates": [
     126.93465014,
     37.52459865
    ]
   },
   "properties": {
    "pid": "여의도고등학교 ②(4층) 1층-9",
    "school": "여의도고등학교",
    "jibun": "30-1",
    "kind": "교사동 창면",
    "dong": "여의도고등학교 ②(4층)",
    "floor": 1,
    "z_m": 1.2,
    "normal_az": 141.9,
    "grade": "B",
    "근거등급": "B 일반식(전부 추정)",
    "근거": "일반식(도면 없음)",
    "추정항목": "도면 미수령. 층고 3.5m·창중심 바닥+1.2m·남향계열 외벽 전체를 5m 등간격 으로 분할 — 층고·창높이·수평배치가 **전부 가정값**이다. 도면을 받으면 위치와 높이가 모두 바뀐다",
    "estimated": true
   }
  },
  {
   "type": "Feature",
   "geometry": {
    "type": "Point",
    "coordinates": [
     126.93465014,
     37.52459865
    ]
   },
   "properties": {
    "pid": "여의도고등학교 ②(4층) 2층-9",
    "school": "여의도고등학교",
    "jibun": "30-1",
    "kind": "교사동 창면",
    "dong": "여의도고등학교 ②(4층)",
    "floor": 2,
    "z_m": 4.7,
    "normal_az": 141.9,
    "grade": "B",
    "근거등급": "B 일반식(전부 추정)",
    "근거": "일반식(도면 없음)",
    "추정항목": "도면 미수령. 층고 3.5m·창중심 바닥+1.2m·남향계열 외벽 전체를 5m 등간격 으로 분할 — 층고·창높이·수평배치가 **전부 가정값**이다. 도면을 받으면 위치와 높이가 모두 바뀐다",
    "estimated": true
   }
  },
  {
   "type": "Feature",
   "geometry": {
    "type": "Point",
    "coordinates": [
     126.93465014,
     37.52459865
    ]
   },
   "properties": {
    "pid": "여의도고등학교 ②(4층) 3층-9",
    "school": "여의도고등학교",
    "jibun": "30-1",
    "kind": "교사동 창면",
    "dong": "여의도고등학교 ②(4층)",
    "floor": 3,
    "z_m": 8.2,
    "normal_az": 141.9,
    "grade": "B",
    "근거등급": "B 일반식(전부 추정)",
    "근거": "일반식(도면 없음)",
    "추정항목": "도면 미수령. 층고 3.5m·창중심 바닥+1.2m·남향계열 외벽 전체를 5m 등간격 으로 분할 — 층고·창높이·수평배치가 **전부 가정값**이다. 도면을 받으면 위치와 높이가 모두 바뀐다",
    "estimated": true
   }
  },
  {
   "type": "Feature",
   "geometry": {
    "type": "Point",
    "coordinates": [
     126.93465014,
     37.52459865
    ]
   },
   "properties": {
    "pid": "여의도고등학교 ②(4층) 4층-9",
    "school": "여의도고등학교",
    "jibun": "30-1",
    "kind": "교사동 창면",
    "dong": "여의도고등학교 ②(4층)",
    "floor": 4,
    "z_m": 11.7,
    "normal_az": 141.9,
    "grade": "B",
    "근거등급": "B 일반식(전부 추정)",
    "근거": "일반식(도면 없음)",
    "추정항목": "도면 미수령. 층고 3.5m·창중심 바닥+1.2m·남향계열 외벽 전체를 5m 등간격 으로 분할 — 층고·창높이·수평배치가 **전부 가정값**이다. 도면을 받으면 위치와 높이가 모두 바뀐다",
    "estimated": true
   }
  },
  {
   "type": "Feature",
   "geometry": {
    "type": "Point",
    "coordinates": [
     126.93460525,
     37.52457056
    ]
   },
   "properties": {
    "pid": "여의도고등학교 ②(4층) 1층-10",
    "school": "여의도고등학교",
    "jibun": "30-1",
    "kind": "교사동 창면",
    "dong": "여의도고등학교 ②(4층)",
    "floor": 1,
    "z_m": 1.2,
    "normal_az": 141.9,
    "grade": "B",
    "근거등급": "B 일반식(전부 추정)",
    "근거": "일반식(도면 없음)",
    "추정항목": "도면 미수령. 층고 3.5m·창중심 바닥+1.2m·남향계열 외벽 전체를 5m 등간격 으로 분할 — 층고·창높이·수평배치가 **전부 가정값**이다. 도면을 받으면 위치와 높이가 모두 바뀐다",
    "estimated": true
   }
  },
  {
   "type": "Feature",
   "geometry": {
    "type": "Point",
    "coordinates": [
     126.93460525,
     37.52457056
    ]
   },
   "properties": {
    "pid": "여의도고등학교 ②(4층) 2층-10",
    "school": "여의도고등학교",
    "jibun": "30-1",
    "kind": "교사동 창면",
    "dong": "여의도고등학교 ②(4층)",
    "floor": 2,
    "z_m": 4.7,
    "normal_az": 141.9,
    "grade": "B",
    "근거등급": "B 일반식(전부 추정)",
    "근거": "일반식(도면 없음)",
    "추정항목": "도면 미수령. 층고 3.5m·창중심 바닥+1.2m·남향계열 외벽 전체를 5m 등간격 으로 분할 — 층고·창높이·수평배치가 **전부 가정값**이다. 도면을 받으면 위치와 높이가 모두 바뀐다",
    "estimated": true
   }
  },
  {
   "type": "Feature",
   "geometry": {
    "type": "Point",
    "coordinates": [
     126.93460525,
     37.52457056
    ]
   },
   "properties": {
    "pid": "여의도고등학교 ②(4층) 3층-10",
    "school": "여의도고등학교",
    "jibun": "30-1",
    "kind": "교사동 창면",
    "dong": "여의도고등학교 ②(4층)",
    "floor": 3,
    "z_m": 8.2,
    "normal_az": 141.9,
    "grade": "B",
    "근거등급": "B 일반식(전부 추정)",
    "근거": "일반식(도면 없음)",
    "추정항목": "도면 미수령. 층고 3.5m·창중심 바닥+1.2m·남향계열 외벽 전체를 5m 등간격 으로 분할 — 층고·창높이·수평배치가 **전부 가정값**이다. 도면을 받으면 위치와 높이가 모두 바뀐다",
    "estimated": true
   }
  },
  {
   "type": "Feature",
   "geometry": {
    "type": "Point",
    "coordinates": [
     126.93460525,
     37.52457056
    ]
   },
   "properties": {
    "pid": "여의도고등학교 ②(4층) 4층-10",
    "school": "여의도고등학교",
    "jibun": "30-1",
    "kind": "교사동 창면",
    "dong": "여의도고등학교 ②(4층)",
    "floor": 4,
    "z_m": 11.7,
    "normal_az": 141.9,
    "grade": "B",
    "근거등급": "B 일반식(전부 추정)",
    "근거": "일반식(도면 없음)",
    "추정항목": "도면 미수령. 층고 3.5m·창중심 바닥+1.2m·남향계열 외벽 전체를 5m 등간격 으로 분할 — 층고·창높이·수평배치가 **전부 가정값**이다. 도면을 받으면 위치와 높이가 모두 바뀐다",
    "estimated": true
   }
  },
  {
   "type": "Feature",
   "geometry": {
    "type": "Point",
    "coordinates": [
     126.93456037,
     37.52454246
    ]
   },
   "properties": {
    "pid": "여의도고등학교 ②(4층) 1층-11",
    "school": "여의도고등학교",
    "jibun": "30-1",
    "kind": "교사동 창면",
    "dong": "여의도고등학교 ②(4층)",
    "floor": 1,
    "z_m": 1.2,
    "normal_az": 141.9,
    "grade": "B",
    "근거등급": "B 일반식(전부 추정)",
    "근거": "일반식(도면 없음)",
    "추정항목": "도면 미수령. 층고 3.5m·창중심 바닥+1.2m·남향계열 외벽 전체를 5m 등간격 으로 분할 — 층고·창높이·수평배치가 **전부 가정값**이다. 도면을 받으면 위치와 높이가 모두 바뀐다",
    "estimated": true
   }
  },
  {
   "type": "Feature",
   "geometry": {
    "type": "Point",
    "coordinates": [
     126.93456037,
     37.52454246
    ]
   },
   "properties": {
    "pid": "여의도고등학교 ②(4층) 2층-11",
    "school": "여의도고등학교",
    "jibun": "30-1",
    "kind": "교사동 창면",
    "dong": "여의도고등학교 ②(4층)",
    "floor": 2,
    "z_m": 4.7,
    "normal_az": 141.9,
    "grade": "B",
    "근거등급": "B 일반식(전부 추정)",
    "근거": "일반식(도면 없음)",
    "추정항목": "도면 미수령. 층고 3.5m·창중심 바닥+1.2m·남향계열 외벽 전체를 5m 등간격 으로 분할 — 층고·창높이·수평배치가 **전부 가정값**이다. 도면을 받으면 위치와 높이가 모두 바뀐다",
    "estimated": true
   }
  },
  {
   "type": "Feature",
   "geometry": {
    "type": "Point",
    "coordinates": [
     126.93456037,
     37.52454246
    ]
   },
   "properties": {
    "pid": "여의도고등학교 ②(4층) 3층-11",
    "school": "여의도고등학교",
    "jibun": "30-1",
    "kind": "교사동 창면",
    "dong": "여의도고등학교 ②(4층)",
    "floor": 3,
    "z_m": 8.2,
    "normal_az": 141.9,
    "grade": "B",
    "근거등급": "B 일반식(전부 추정)",
    "근거": "일반식(도면 없음)",
    "추정항목": "도면 미수령. 층고 3.5m·창중심 바닥+1.2m·남향계열 외벽 전체를 5m 등간격 으로 분할 — 층고·창높이·수평배치가 **전부 가정값**이다. 도면을 받으면 위치와 높이가 모두 바뀐다",
    "estimated": true
   }
  },
  {
   "type": "Feature",
   "geometry": {
    "type": "Point",
    "coordinates": [
     126.93456037,
     37.52454246
    ]
   },
   "properties": {
    "pid": "여의도고등학교 ②(4층) 4층-11",
    "school": "여의도고등학교",
    "jibun": "30-1",
    "kind": "교사동 창면",
    "dong": "여의도고등학교 ②(4층)",
    "floor": 4,
    "z_m": 11.7,
    "normal_az": 141.9,
    "grade": "B",
    "근거등급": "B 일반식(전부 추정)",
    "근거": "일반식(도면 없음)",
    "추정항목": "도면 미수령. 층고 3.5m·창중심 바닥+1.2m·남향계열 외벽 전체를 5m 등간격 으로 분할 — 층고·창높이·수평배치가 **전부 가정값**이다. 도면을 받으면 위치와 높이가 모두 바뀐다",
    "estimated": true
   }
  },
  {
   "type": "Feature",
   "geometry": {
    "type": "Point",
    "coordinates": [
     126.93451549,
     37.52451436
    ]
   },
   "properties": {
    "pid": "여의도고등학교 ②(4층) 1층-12",
    "school": "여의도고등학교",
    "jibun": "30-1",
    "kind": "교사동 창면",
    "dong": "여의도고등학교 ②(4층)",
    "floor": 1,
    "z_m": 1.2,
    "normal_az": 141.9,
    "grade": "B",
    "근거등급": "B 일반식(전부 추정)",
    "근거": "일반식(도면 없음)",
    "추정항목": "도면 미수령. 층고 3.5m·창중심 바닥+1.2m·남향계열 외벽 전체를 5m 등간격 으로 분할 — 층고·창높이·수평배치가 **전부 가정값**이다. 도면을 받으면 위치와 높이가 모두 바뀐다",
    "estimated": true
   }
  },
  {
   "type": "Feature",
   "geometry": {
    "type": "Point",
    "coordinates": [
     126.93451549,
     37.52451436
    ]
   },
   "properties": {
    "pid": "여의도고등학교 ②(4층) 2층-12",
    "school": "여의도고등학교",
    "jibun": "30-1",
    "kind": "교사동 창면",
    "dong": "여의도고등학교 ②(4층)",
    "floor": 2,
    "z_m": 4.7,
    "normal_az": 141.9,
    "grade": "B",
    "근거등급": "B 일반식(전부 추정)",
    "근거": "일반식(도면 없음)",
    "추정항목": "도면 미수령. 층고 3.5m·창중심 바닥+1.2m·남향계열 외벽 전체를 5m 등간격 으로 분할 — 층고·창높이·수평배치가 **전부 가정값**이다. 도면을 받으면 위치와 높이가 모두 바뀐다",
    "estimated": true
   }
  },
  {
   "type": "Feature",
   "geometry": {
    "type": "Point",
    "coordinates": [
     126.93451549,
     37.52451436
    ]
   },
   "properties": {
    "pid": "여의도고등학교 ②(4층) 3층-12",
    "school": "여의도고등학교",
    "jibun": "30-1",
    "kind": "교사동 창면",
    "dong": "여의도고등학교 ②(4층)",
    "floor": 3,
    "z_m": 8.2,
    "normal_az": 141.9,
    "grade": "B",
    "근거등급": "B 일반식(전부 추정)",
    "근거": "일반식(도면 없음)",
    "추정항목": "도면 미수령. 층고 3.5m·창중심 바닥+1.2m·남향계열 외벽 전체를 5m 등간격 으로 분할 — 층고·창높이·수평배치가 **전부 가정값**이다. 도면을 받으면 위치와 높이가 모두 바뀐다",
    "estimated": true
   }
  },
  {
   "type": "Feature",
   "geometry": {
    "type": "Point",
    "coordinates": [
     126.93451549,
     37.52451436
    ]
   },
   "properties": {
    "pid": "여의도고등학교 ②(4층) 4층-12",
    "school": "여의도고등학교",
    "jibun": "30-1",
    "kind": "교사동 창면",
    "dong": "여의도고등학교 ②(4층)",
    "floor": 4,
    "z_m": 11.7,
    "normal_az": 141.9,
    "grade": "B",
    "근거등급": "B 일반식(전부 추정)",
    "근거": "일반식(도면 없음)",
    "추정항목": "도면 미수령. 층고 3.5m·창중심 바닥+1.2m·남향계열 외벽 전체를 5m 등간격 으로 분할 — 층고·창높이·수평배치가 **전부 가정값**이다. 도면을 받으면 위치와 높이가 모두 바뀐다",
    "estimated": true
   }
  },
  {
   "type": "Feature",
   "geometry": {
    "type": "Point",
    "coordinates": [
     126.93446647,
     37.52450155
    ]
   },
   "properties": {
    "pid": "여의도고등학교 ②(4층) 1층-13",
    "school": "여의도고등학교",
    "jibun": "30-1",
    "kind": "교사동 창면",
    "dong": "여의도고등학교 ②(4층)",
    "floor": 1,
    "z_m": 1.2,
    "normal_az": 231.9,
    "grade": "B",
    "근거등급": "B 일반식(전부 추정)",
    "근거": "일반식(도면 없음)",
    "추정항목": "도면 미수령. 층고 3.5m·창중심 바닥+1.2m·남향계열 외벽 전체를 5m 등간격 으로 분할 — 층고·창높이·수평배치가 **전부 가정값**이다. 도면을 받으면 위치와 높이가 모두 바뀐다",
    "estimated": true
   }
  },
  {
   "type": "Feature",
   "geometry": {
    "type": "Point",
    "coordinates": [
     126.93446647,
     37.52450155
    ]
   },
   "properties": {
    "pid": "여의도고등학교 ②(4층) 2층-13",
    "school": "여의도고등학교",
    "jibun": "30-1",
    "kind": "교사동 창면",
    "dong": "여의도고등학교 ②(4층)",
    "floor": 2,
    "z_m": 4.7,
    "normal_az": 231.9,
    "grade": "B",
    "근거등급": "B 일반식(전부 추정)",
    "근거": "일반식(도면 없음)",
    "추정항목": "도면 미수령. 층고 3.5m·창중심 바닥+1.2m·남향계열 외벽 전체를 5m 등간격 으로 분할 — 층고·창높이·수평배치가 **전부 가정값**이다. 도면을 받으면 위치와 높이가 모두 바뀐다",
    "estimated": true
   }
  },
  {
   "type": "Feature",
   "geometry": {
    "type": "Point",
    "coordinates": [
     126.93446647,
     37.52450155
    ]
   },
   "properties": {
    "pid": "여의도고등학교 ②(4층) 3층-13",
    "school": "여의도고등학교",
    "jibun": "30-1",
    "kind": "교사동 창면",
    "dong": "여의도고등학교 ②(4층)",
    "floor": 3,
    "z_m": 8.2,
    "normal_az": 231.9,
    "grade": "B",
    "근거등급": "B 일반식(전부 추정)",
    "근거": "일반식(도면 없음)",
    "추정항목": "도면 미수령. 층고 3.5m·창중심 바닥+1.2m·남향계열 외벽 전체를 5m 등간격 으로 분할 — 층고·창높이·수평배치가 **전부 가정값**이다. 도면을 받으면 위치와 높이가 모두 바뀐다",
    "estimated": true
   }
  },
  {
   "type": "Feature",
   "geometry": {
    "type": "Point",
    "coordinates": [
     126.93446647,
     37.52450155
    ]
   },
   "properties": {
    "pid": "여의도고등학교 ②(4층) 4층-13",
    "school": "여의도고등학교",
    "jibun": "30-1",
    "kind": "교사동 창면",
    "dong": "여의도고등학교 ②(4층)",
    "floor": 4,
    "z_m": 11.7,
    "normal_az": 231.9,
    "grade": "B",
    "근거등급": "B 일반식(전부 추정)",
    "근거": "일반식(도면 없음)",
    "추정항목": "도면 미수령. 층고 3.5m·창중심 바닥+1.2m·남향계열 외벽 전체를 5m 등간격 으로 분할 — 층고·창높이·수평배치가 **전부 가정값**이다. 도면을 받으면 위치와 높이가 모두 바뀐다",
    "estimated": true
   }
  },
  {
   "type": "Feature",
   "geometry": {
    "type": "Point",
    "coordinates": [
     126.93443121,
     37.52453731
    ]
   },
   "properties": {
    "pid": "여의도고등학교 ②(4층) 1층-14",
    "school": "여의도고등학교",
    "jibun": "30-1",
    "kind": "교사동 창면",
    "dong": "여의도고등학교 ②(4층)",
    "floor": 1,
    "z_m": 1.2,
    "normal_az": 231.9,
    "grade": "B",
    "근거등급": "B 일반식(전부 추정)",
    "근거": "일반식(도면 없음)",
    "추정항목": "도면 미수령. 층고 3.5m·창중심 바닥+1.2m·남향계열 외벽 전체를 5m 등간격 으로 분할 — 층고·창높이·수평배치가 **전부 가정값**이다. 도면을 받으면 위치와 높이가 모두 바뀐다",
    "estimated": true
   }
  },
  {
   "type": "Feature",
   "geometry": {
    "type": "Point",
    "coordinates": [
     126.93443121,
     37.52453731
    ]
   },
   "properties": {
    "pid": "여의도고등학교 ②(4층) 2층-14",
    "school": "여의도고등학교",
    "jibun": "30-1",
    "kind": "교사동 창면",
    "dong": "여의도고등학교 ②(4층)",
    "floor": 2,
    "z_m": 4.7,
    "normal_az": 231.9,
    "grade": "B",
    "근거등급": "B 일반식(전부 추정)",
    "근거": "일반식(도면 없음)",
    "추정항목": "도면 미수령. 층고 3.5m·창중심 바닥+1.2m·남향계열 외벽 전체를 5m 등간격 으로 분할 — 층고·창높이·수평배치가 **전부 가정값**이다. 도면을 받으면 위치와 높이가 모두 바뀐다",
    "estimated": true
   }
  },
  {
   "type": "Feature",
   "geometry": {
    "type": "Point",
    "coordinates": [
     126.93443121,
     37.52453731
    ]
   },
   "properties": {
    "pid": "여의도고등학교 ②(4층) 3층-14",
    "school": "여의도고등학교",
    "jibun": "30-1",
    "kind": "교사동 창면",
    "dong": "여의도고등학교 ②(4층)",
    "floor": 3,
    "z_m": 8.2,
    "normal_az": 231.9,
    "grade": "B",
    "근거등급": "B 일반식(전부 추정)",
    "근거": "일반식(도면 없음)",
    "추정항목": "도면 미수령. 층고 3.5m·창중심 바닥+1.2m·남향계열 외벽 전체를 5m 등간격 으로 분할 — 층고·창높이·수평배치가 **전부 가정값**이다. 도면을 받으면 위치와 높이가 모두 바뀐다",
    "estimated": true
   }
  },
  {
   "type": "Feature",
   "geometry": {
    "type": "Point",
    "coordinates": [
     126.93443121,
     37.52453731
    ]
   },
   "properties": {
    "pid": "여의도고등학교 ②(4층) 4층-14",
    "school": "여의도고등학교",
    "jibun": "30-1",
    "kind": "교사동 창면",
    "dong": "여의도고등학교 ②(4층)",
    "floor": 4,
    "z_m": 11.7,
    "normal_az": 231.9,
    "grade": "B",
    "근거등급": "B 일반식(전부 추정)",
    "근거": "일반식(도면 없음)",
    "추정항목": "도면 미수령. 층고 3.5m·창중심 바닥+1.2m·남향계열 외벽 전체를 5m 등간격 으로 분할 — 층고·창높이·수평배치가 **전부 가정값**이다. 도면을 받으면 위치와 높이가 모두 바뀐다",
    "estimated": true
   }
  },
  {
   "type": "Feature",
   "geometry": {
    "type": "Point",
    "coordinates": [
     126.93439595,
     37.52457306
    ]
   },
   "properties": {
    "pid": "여의도고등학교 ②(4층) 1층-15",
    "school": "여의도고등학교",
    "jibun": "30-1",
    "kind": "교사동 창면",
    "dong": "여의도고등학교 ②(4층)",
    "floor": 1,
    "z_m": 1.2,
    "normal_az": 231.9,
    "grade": "B",
    "근거등급": "B 일반식(전부 추정)",
    "근거": "일반식(도면 없음)",
    "추정항목": "도면 미수령. 층고 3.5m·창중심 바닥+1.2m·남향계열 외벽 전체를 5m 등간격 으로 분할 — 층고·창높이·수평배치가 **전부 가정값**이다. 도면을 받으면 위치와 높이가 모두 바뀐다",
    "estimated": true
   }
  },
  {
   "type": "Feature",
   "geometry": {
    "type": "Point",
    "coordinates": [
     126.93439595,
     37.52457306
    ]
   },
   "properties": {
    "pid": "여의도고등학교 ②(4층) 2층-15",
    "school": "여의도고등학교",
    "jibun": "30-1",
    "kind": "교사동 창면",
    "dong": "여의도고등학교 ②(4층)",
    "floor": 2,
    "z_m": 4.7,
    "normal_az": 231.9,
    "grade": "B",
    "근거등급": "B 일반식(전부 추정)",
    "근거": "일반식(도면 없음)",
    "추정항목": "도면 미수령. 층고 3.5m·창중심 바닥+1.2m·남향계열 외벽 전체를 5m 등간격 으로 분할 — 층고·창높이·수평배치가 **전부 가정값**이다. 도면을 받으면 위치와 높이가 모두 바뀐다",
    "estimated": true
   }
  },
  {
   "type": "Feature",
   "geometry": {
    "type": "Point",
    "coordinates": [
     126.93439595,
     37.52457306
    ]
   },
   "properties": {
    "pid": "여의도고등학교 ②(4층) 3층-15",
    "school": "여의도고등학교",
    "jibun": "30-1",
    "kind": "교사동 창면",
    "dong": "여의도고등학교 ②(4층)",
    "floor": 3,
    "z_m": 8.2,
    "normal_az": 231.9,
    "grade": "B",
    "근거등급": "B 일반식(전부 추정)",
    "근거": "일반식(도면 없음)",
    "추정항목": "도면 미수령. 층고 3.5m·창중심 바닥+1.2m·남향계열 외벽 전체를 5m 등간격 으로 분할 — 층고·창높이·수평배치가 **전부 가정값**이다. 도면을 받으면 위치와 높이가 모두 바뀐다",
    "estimated": true
   }
  },
  {
   "type": "Feature",
   "geometry": {
    "type": "Point",
    "coordinates": [
     126.93439595,
     37.52457306
    ]
   },
   "properties": {
    "pid": "여의도고등학교 ②(4층) 4층-15",
    "school": "여의도고등학교",
    "jibun": "30-1",
    "kind": "교사동 창면",
    "dong": "여의도고등학교 ②(4층)",
    "floor": 4,
    "z_m": 11.7,
    "normal_az": 231.9,
    "grade": "B",
    "근거등급": "B 일반식(전부 추정)",
    "근거": "일반식(도면 없음)",
    "추정항목": "도면 미수령. 층고 3.5m·창중심 바닥+1.2m·남향계열 외벽 전체를 5m 등간격 으로 분할 — 층고·창높이·수평배치가 **전부 가정값**이다. 도면을 받으면 위치와 높이가 모두 바뀐다",
    "estimated": true
   }
  },
  {
   "type": "Feature",
   "geometry": {
    "type": "Point",
    "coordinates": [
     126.93436069,
     37.52460881
    ]
   },
   "properties": {
    "pid": "여의도고등학교 ②(4층) 1층-16",
    "school": "여의도고등학교",
    "jibun": "30-1",
    "kind": "교사동 창면",
    "dong": "여의도고등학교 ②(4층)",
    "floor": 1,
    "z_m": 1.2,
    "normal_az": 231.9,
    "grade": "B",
    "근거등급": "B 일반식(전부 추정)",
    "근거": "일반식(도면 없음)",
    "추정항목": "도면 미수령. 층고 3.5m·창중심 바닥+1.2m·남향계열 외벽 전체를 5m 등간격 으로 분할 — 층고·창높이·수평배치가 **전부 가정값**이다. 도면을 받으면 위치와 높이가 모두 바뀐다",
    "estimated": true
   }
  },
  {
   "type": "Feature",
   "geometry": {
    "type": "Point",
    "coordinates": [
     126.93436069,
     37.52460881
    ]
   },
   "properties": {
    "pid": "여의도고등학교 ②(4층) 2층-16",
    "school": "여의도고등학교",
    "jibun": "30-1",
    "kind": "교사동 창면",
    "dong": "여의도고등학교 ②(4층)",
    "floor": 2,
    "z_m": 4.7,
    "normal_az": 231.9,
    "grade": "B",
    "근거등급": "B 일반식(전부 추정)",
    "근거": "일반식(도면 없음)",
    "추정항목": "도면 미수령. 층고 3.5m·창중심 바닥+1.2m·남향계열 외벽 전체를 5m 등간격 으로 분할 — 층고·창높이·수평배치가 **전부 가정값**이다. 도면을 받으면 위치와 높이가 모두 바뀐다",
    "estimated": true
   }
  },
  {
   "type": "Feature",
   "geometry": {
    "type": "Point",
    "coordinates": [
     126.93436069,
     37.52460881
    ]
   },
   "properties": {
    "pid": "여의도고등학교 ②(4층) 3층-16",
    "school": "여의도고등학교",
    "jibun": "30-1",
    "kind": "교사동 창면",
    "dong": "여의도고등학교 ②(4층)",
    "floor": 3,
    "z_m": 8.2,
    "normal_az": 231.9,
    "grade": "B",
    "근거등급": "B 일반식(전부 추정)",
    "근거": "일반식(도면 없음)",
    "추정항목": "도면 미수령. 층고 3.5m·창중심 바닥+1.2m·남향계열 외벽 전체를 5m 등간격 으로 분할 — 층고·창높이·수평배치가 **전부 가정값**이다. 도면을 받으면 위치와 높이가 모두 바뀐다",
    "estimated": true
   }
  },
  {
   "type": "Feature",
   "geometry": {
    "type": "Point",
    "coordinates": [
     126.93436069,
     37.52460881
    ]
   },
   "properties": {
    "pid": "여의도고등학교 ②(4층) 4층-16",
    "school": "여의도고등학교",
    "jibun": "30-1",
    "kind": "교사동 창면",
    "dong": "여의도고등학교 ②(4층)",
    "floor": 4,
    "z_m": 11.7,
    "normal_az": 231.9,
    "grade": "B",
    "근거등급": "B 일반식(전부 추정)",
    "근거": "일반식(도면 없음)",
    "추정항목": "도면 미수령. 층고 3.5m·창중심 바닥+1.2m·남향계열 외벽 전체를 5m 등간격 으로 분할 — 층고·창높이·수평배치가 **전부 가정값**이다. 도면을 받으면 위치와 높이가 모두 바뀐다",
    "estimated": true
   }
  },
  {
   "type": "Feature",
   "geometry": {
    "type": "Point",
    "coordinates": [
     126.93432543,
     37.52464457
    ]
   },
   "properties": {
    "pid": "여의도고등학교 ②(4층) 1층-17",
    "school": "여의도고등학교",
    "jibun": "30-1",
    "kind": "교사동 창면",
    "dong": "여의도고등학교 ②(4층)",
    "floor": 1,
    "z_m": 1.2,
    "normal_az": 231.9,
    "grade": "B",
    "근거등급": "B 일반식(전부 추정)",
    "근거": "일반식(도면 없음)",
    "추정항목": "도면 미수령. 층고 3.5m·창중심 바닥+1.2m·남향계열 외벽 전체를 5m 등간격 으로 분할 — 층고·창높이·수평배치가 **전부 가정값**이다. 도면을 받으면 위치와 높이가 모두 바뀐다",
    "estimated": true
   }
  },
  {
   "type": "Feature",
   "geometry": {
    "type": "Point",
    "coordinates": [
     126.93432543,
     37.52464457
    ]
   },
   "properties": {
    "pid": "여의도고등학교 ②(4층) 2층-17",
    "school": "여의도고등학교",
    "jibun": "30-1",
    "kind": "교사동 창면",
    "dong": "여의도고등학교 ②(4층)",
    "floor": 2,
    "z_m": 4.7,
    "normal_az": 231.9,
    "grade": "B",
    "근거등급": "B 일반식(전부 추정)",
    "근거": "일반식(도면 없음)",
    "추정항목": "도면 미수령. 층고 3.5m·창중심 바닥+1.2m·남향계열 외벽 전체를 5m 등간격 으로 분할 — 층고·창높이·수평배치가 **전부 가정값**이다. 도면을 받으면 위치와 높이가 모두 바뀐다",
    "estimated": true
   }
  },
  {
   "type": "Feature",
   "geometry": {
    "type": "Point",
    "coordinates": [
     126.93432543,
     37.52464457
    ]
   },
   "properties": {
    "pid": "여의도고등학교 ②(4층) 3층-17",
    "school": "여의도고등학교",
    "jibun": "30-1",
    "kind": "교사동 창면",
    "dong": "여의도고등학교 ②(4층)",
    "floor": 3,
    "z_m": 8.2,
    "normal_az": 231.9,
    "grade": "B",
    "근거등급": "B 일반식(전부 추정)",
    "근거": "일반식(도면 없음)",
    "추정항목": "도면 미수령. 층고 3.5m·창중심 바닥+1.2m·남향계열 외벽 전체를 5m 등간격 으로 분할 — 층고·창높이·수평배치가 **전부 가정값**이다. 도면을 받으면 위치와 높이가 모두 바뀐다",
    "estimated": true
   }
  },
  {
   "type": "Feature",
   "geometry": {
    "type": "Point",
    "coordinates": [
     126.93432543,
     37.52464457
    ]
   },
   "properties": {
    "pid": "여의도고등학교 ②(4층) 4층-17",
    "school": "여의도고등학교",
    "jibun": "30-1",
    "kind": "교사동 창면",
    "dong": "여의도고등학교 ②(4층)",
    "floor": 4,
    "z_m": 11.7,
    "normal_az": 231.9,
    "grade": "B",
    "근거등급": "B 일반식(전부 추정)",
    "근거": "일반식(도면 없음)",
    "추정항목": "도면 미수령. 층고 3.5m·창중심 바닥+1.2m·남향계열 외벽 전체를 5m 등간격 으로 분할 — 층고·창높이·수평배치가 **전부 가정값**이다. 도면을 받으면 위치와 높이가 모두 바뀐다",
    "estimated": true
   }
  },
  {
   "type": "Feature",
   "geometry": {
    "type": "Point",
    "coordinates": [
     126.93442982,
     37.52473291
    ]
   },
   "properties": {
    "pid": "여의도고등학교 ②(4층) 1층-18",
    "school": "여의도고등학교",
    "jibun": "30-1",
    "kind": "교사동 창면",
    "dong": "여의도고등학교 ②(4층)",
    "floor": 1,
    "z_m": 1.2,
    "normal_az": 232.0,
    "grade": "B",
    "근거등급": "B 일반식(전부 추정)",
    "근거": "일반식(도면 없음)",
    "추정항목": "도면 미수령. 층고 3.5m·창중심 바닥+1.2m·남향계열 외벽 전체를 5m 등간격 으로 분할 — 층고·창높이·수평배치가 **전부 가정값**이다. 도면을 받으면 위치와 높이가 모두 바뀐다",
    "estimated": true
   }
  },
  {
   "type": "Feature",
   "geometry": {
    "type": "Point",
    "coordinates": [
     126.93442982,
     37.52473291
    ]
   },
   "properties": {
    "pid": "여의도고등학교 ②(4층) 2층-18",
    "school": "여의도고등학교",
    "jibun": "30-1",
    "kind": "교사동 창면",
    "dong": "여의도고등학교 ②(4층)",
    "floor": 2,
    "z_m": 4.7,
    "normal_az": 232.0,
    "grade": "B",
    "근거등급": "B 일반식(전부 추정)",
    "근거": "일반식(도면 없음)",
    "추정항목": "도면 미수령. 층고 3.5m·창중심 바닥+1.2m·남향계열 외벽 전체를 5m 등간격 으로 분할 — 층고·창높이·수평배치가 **전부 가정값**이다. 도면을 받으면 위치와 높이가 모두 바뀐다",
    "estimated": true
   }
  },
  {
   "type": "Feature",
   "geometry": {
    "type": "Point",
    "coordinates": [
     126.93442982,
     37.52473291
    ]
   },
   "properties": {
    "pid": "여의도고등학교 ②(4층) 3층-18",
    "school": "여의도고등학교",
    "jibun": "30-1",
    "kind": "교사동 창면",
    "dong": "여의도고등학교 ②(4층)",
    "floor": 3,
    "z_m": 8.2,
    "normal_az": 232.0,
    "grade": "B",
    "근거등급": "B 일반식(전부 추정)",
    "근거": "일반식(도면 없음)",
    "추정항목": "도면 미수령. 층고 3.5m·창중심 바닥+1.2m·남향계열 외벽 전체를 5m 등간격 으로 분할 — 층고·창높이·수평배치가 **전부 가정값**이다. 도면을 받으면 위치와 높이가 모두 바뀐다",
    "estimated": true
   }
  },
  {
   "type": "Feature",
   "geometry": {
    "type": "Point",
    "coordinates": [
     126.93442982,
     37.52473291
    ]
   },
   "properties": {
    "pid": "여의도고등학교 ②(4층) 4층-18",
    "school": "여의도고등학교",
    "jibun": "30-1",
    "kind": "교사동 창면",
    "dong": "여의도고등학교 ②(4층)",
    "floor": 4,
    "z_m": 11.7,
    "normal_az": 232.0,
    "grade": "B",
    "근거등급": "B 일반식(전부 추정)",
    "근거": "일반식(도면 없음)",
    "추정항목": "도면 미수령. 층고 3.5m·창중심 바닥+1.2m·남향계열 외벽 전체를 5m 등간격 으로 분할 — 층고·창높이·수평배치가 **전부 가정값**이다. 도면을 받으면 위치와 높이가 모두 바뀐다",
    "estimated": true
   }
  },
  {
   "type": "Feature",
   "geometry": {
    "type": "Point",
    "coordinates": [
     126.93439461,
     37.5247687
    ]
   },
   "properties": {
    "pid": "여의도고등학교 ②(4층) 1층-19",
    "school": "여의도고등학교",
    "jibun": "30-1",
    "kind": "교사동 창면",
    "dong": "여의도고등학교 ②(4층)",
    "floor": 1,
    "z_m": 1.2,
    "normal_az": 232.0,
    "grade": "B",
    "근거등급": "B 일반식(전부 추정)",
    "근거": "일반식(도면 없음)",
    "추정항목": "도면 미수령. 층고 3.5m·창중심 바닥+1.2m·남향계열 외벽 전체를 5m 등간격 으로 분할 — 층고·창높이·수평배치가 **전부 가정값**이다. 도면을 받으면 위치와 높이가 모두 바뀐다",
    "estimated": true
   }
  },
  {
   "type": "Feature",
   "geometry": {
    "type": "Point",
    "coordinates": [
     126.93439461,
     37.5247687
    ]
   },
   "properties": {
    "pid": "여의도고등학교 ②(4층) 2층-19",
    "school": "여의도고등학교",
    "jibun": "30-1",
    "kind": "교사동 창면",
    "dong": "여의도고등학교 ②(4층)",
    "floor": 2,
    "z_m": 4.7,
    "normal_az": 232.0,
    "grade": "B",
    "근거등급": "B 일반식(전부 추정)",
    "근거": "일반식(도면 없음)",
    "추정항목": "도면 미수령. 층고 3.5m·창중심 바닥+1.2m·남향계열 외벽 전체를 5m 등간격 으로 분할 — 층고·창높이·수평배치가 **전부 가정값**이다. 도면을 받으면 위치와 높이가 모두 바뀐다",
    "estimated": true
   }
  },
  {
   "type": "Feature",
   "geometry": {
    "type": "Point",
    "coordinates": [
     126.93439461,
     37.5247687
    ]
   },
   "properties": {
    "pid": "여의도고등학교 ②(4층) 3층-19",
    "school": "여의도고등학교",
    "jibun": "30-1",
    "kind": "교사동 창면",
    "dong": "여의도고등학교 ②(4층)",
    "floor": 3,
    "z_m": 8.2,
    "normal_az": 232.0,
    "grade": "B",
    "근거등급": "B 일반식(전부 추정)",
    "근거": "일반식(도면 없음)",
    "추정항목": "도면 미수령. 층고 3.5m·창중심 바닥+1.2m·남향계열 외벽 전체를 5m 등간격 으로 분할 — 층고·창높이·수평배치가 **전부 가정값**이다. 도면을 받으면 위치와 높이가 모두 바뀐다",
    "estimated": true
   }
  },
  {
   "type": "Feature",
   "geometry": {
    "type": "Point",
    "coordinates": [
     126.93439461,
     37.5247687
    ]
   },
   "properties": {
    "pid": "여의도고등학교 ②(4층) 4층-19",
    "school": "여의도고등학교",
    "jibun": "30-1",
    "kind": "교사동 창면",
    "dong": "여의도고등학교 ②(4층)",
    "floor": 4,
    "z_m": 11.7,
    "normal_az": 232.0,
    "grade": "B",
    "근거등급": "B 일반식(전부 추정)",
    "근거": "일반식(도면 없음)",
    "추정항목": "도면 미수령. 층고 3.5m·창중심 바닥+1.2m·남향계열 외벽 전체를 5m 등간격 으로 분할 — 층고·창높이·수평배치가 **전부 가정값**이다. 도면을 받으면 위치와 높이가 모두 바뀐다",
    "estimated": true
   }
  },
  {
   "type": "Feature",
   "geometry": {
    "type": "Point",
    "coordinates": [
     126.93435941,
     37.52480448
    ]
   },
   "properties": {
    "pid": "여의도고등학교 ②(4층) 1층-20",
    "school": "여의도고등학교",
    "jibun": "30-1",
    "kind": "교사동 창면",
    "dong": "여의도고등학교 ②(4층)",
    "floor": 1,
    "z_m": 1.2,
    "normal_az": 232.0,
    "grade": "B",
    "근거등급": "B 일반식(전부 추정)",
    "근거": "일반식(도면 없음)",
    "추정항목": "도면 미수령. 층고 3.5m·창중심 바닥+1.2m·남향계열 외벽 전체를 5m 등간격 으로 분할 — 층고·창높이·수평배치가 **전부 가정값**이다. 도면을 받으면 위치와 높이가 모두 바뀐다",
    "estimated": true
   }
  },
  {
   "type": "Feature",
   "geometry": {
    "type": "Point",
    "coordinates": [
     126.93435941,
     37.52480448
    ]
   },
   "properties": {
    "pid": "여의도고등학교 ②(4층) 2층-20",
    "school": "여의도고등학교",
    "jibun": "30-1",
    "kind": "교사동 창면",
    "dong": "여의도고등학교 ②(4층)",
    "floor": 2,
    "z_m": 4.7,
    "normal_az": 232.0,
    "grade": "B",
    "근거등급": "B 일반식(전부 추정)",
    "근거": "일반식(도면 없음)",
    "추정항목": "도면 미수령. 층고 3.5m·창중심 바닥+1.2m·남향계열 외벽 전체를 5m 등간격 으로 분할 — 층고·창높이·수평배치가 **전부 가정값**이다. 도면을 받으면 위치와 높이가 모두 바뀐다",
    "estimated": true
   }
  },
  {
   "type": "Feature",
   "geometry": {
    "type": "Point",
    "coordinates": [
     126.93435941,
     37.52480448
    ]
   },
   "properties": {
    "pid": "여의도고등학교 ②(4층) 3층-20",
    "school": "여의도고등학교",
    "jibun": "30-1",
    "kind": "교사동 창면",
    "dong": "여의도고등학교 ②(4층)",
    "floor": 3,
    "z_m": 8.2,
    "normal_az": 232.0,
    "grade": "B",
    "근거등급": "B 일반식(전부 추정)",
    "근거": "일반식(도면 없음)",
    "추정항목": "도면 미수령. 층고 3.5m·창중심 바닥+1.2m·남향계열 외벽 전체를 5m 등간격 으로 분할 — 층고·창높이·수평배치가 **전부 가정값**이다. 도면을 받으면 위치와 높이가 모두 바뀐다",
    "estimated": true
   }
  },
  {
   "type": "Feature",
   "geometry": {
    "type": "Point",
    "coordinates": [
     126.93435941,
     37.52480448
    ]
   },
   "properties": {
    "pid": "여의도고등학교 ②(4층) 4층-20",
    "school": "여의도고등학교",
    "jibun": "30-1",
    "kind": "교사동 창면",
    "dong": "여의도고등학교 ②(4층)",
    "floor": 4,
    "z_m": 11.7,
    "normal_az": 232.0,
    "grade": "B",
    "근거등급": "B 일반식(전부 추정)",
    "근거": "일반식(도면 없음)",
    "추정항목": "도면 미수령. 층고 3.5m·창중심 바닥+1.2m·남향계열 외벽 전체를 5m 등간격 으로 분할 — 층고·창높이·수평배치가 **전부 가정값**이다. 도면을 받으면 위치와 높이가 모두 바뀐다",
    "estimated": true
   }
  },
  {
   "type": "Feature",
   "geometry": {
    "type": "Point",
    "coordinates": [
     126.9343242,
     37.52484028
    ]
   },
   "properties": {
    "pid": "여의도고등학교 ②(4층) 1층-21",
    "school": "여의도고등학교",
    "jibun": "30-1",
    "kind": "교사동 창면",
    "dong": "여의도고등학교 ②(4층)",
    "floor": 1,
    "z_m": 1.2,
    "normal_az": 232.0,
    "grade": "B",
    "근거등급": "B 일반식(전부 추정)",
    "근거": "일반식(도면 없음)",
    "추정항목": "도면 미수령. 층고 3.5m·창중심 바닥+1.2m·남향계열 외벽 전체를 5m 등간격 으로 분할 — 층고·창높이·수평배치가 **전부 가정값**이다. 도면을 받으면 위치와 높이가 모두 바뀐다",
    "estimated": true
   }
  },
  {
   "type": "Feature",
   "geometry": {
    "type": "Point",
    "coordinates": [
     126.9343242,
     37.52484028
    ]
   },
   "properties": {
    "pid": "여의도고등학교 ②(4층) 2층-21",
    "school": "여의도고등학교",
    "jibun": "30-1",
    "kind": "교사동 창면",
    "dong": "여의도고등학교 ②(4층)",
    "floor": 2,
    "z_m": 4.7,
    "normal_az": 232.0,
    "grade": "B",
    "근거등급": "B 일반식(전부 추정)",
    "근거": "일반식(도면 없음)",
    "추정항목": "도면 미수령. 층고 3.5m·창중심 바닥+1.2m·남향계열 외벽 전체를 5m 등간격 으로 분할 — 층고·창높이·수평배치가 **전부 가정값**이다. 도면을 받으면 위치와 높이가 모두 바뀐다",
    "estimated": true
   }
  },
  {
   "type": "Feature",
   "geometry": {
    "type": "Point",
    "coordinates": [
     126.9343242,
     37.52484028
    ]
   },
   "properties": {
    "pid": "여의도고등학교 ②(4층) 3층-21",
    "school": "여의도고등학교",
    "jibun": "30-1",
    "kind": "교사동 창면",
    "dong": "여의도고등학교 ②(4층)",
    "floor": 3,
    "z_m": 8.2,
    "normal_az": 232.0,
    "grade": "B",
    "근거등급": "B 일반식(전부 추정)",
    "근거": "일반식(도면 없음)",
    "추정항목": "도면 미수령. 층고 3.5m·창중심 바닥+1.2m·남향계열 외벽 전체를 5m 등간격 으로 분할 — 층고·창높이·수평배치가 **전부 가정값**이다. 도면을 받으면 위치와 높이가 모두 바뀐다",
    "estimated": true
   }
  },
  {
   "type": "Feature",
   "geometry": {
    "type": "Point",
    "coordinates": [
     126.9343242,
     37.52484028
    ]
   },
   "properties": {
    "pid": "여의도고등학교 ②(4층) 4층-21",
    "school": "여의도고등학교",
    "jibun": "30-1",
    "kind": "교사동 창면",
    "dong": "여의도고등학교 ②(4층)",
    "floor": 4,
    "z_m": 11.7,
    "normal_az": 232.0,
    "grade": "B",
    "근거등급": "B 일반식(전부 추정)",
    "근거": "일반식(도면 없음)",
    "추정항목": "도면 미수령. 층고 3.5m·창중심 바닥+1.2m·남향계열 외벽 전체를 5m 등간격 으로 분할 — 층고·창높이·수평배치가 **전부 가정값**이다. 도면을 받으면 위치와 높이가 모두 바뀐다",
    "estimated": true
   }
  },
  {
   "type": "Feature",
   "geometry": {
    "type": "Point",
    "coordinates": [
     126.93428899,
     37.52487607
    ]
   },
   "properties": {
    "pid": "여의도고등학교 ②(4층) 1층-22",
    "school": "여의도고등학교",
    "jibun": "30-1",
    "kind": "교사동 창면",
    "dong": "여의도고등학교 ②(4층)",
    "floor": 1,
    "z_m": 1.2,
    "normal_az": 232.0,
    "grade": "B",
    "근거등급": "B 일반식(전부 추정)",
    "근거": "일반식(도면 없음)",
    "추정항목": "도면 미수령. 층고 3.5m·창중심 바닥+1.2m·남향계열 외벽 전체를 5m 등간격 으로 분할 — 층고·창높이·수평배치가 **전부 가정값**이다. 도면을 받으면 위치와 높이가 모두 바뀐다",
    "estimated": true
   }
  },
  {
   "type": "Feature",
   "geometry": {
    "type": "Point",
    "coordinates": [
     126.93428899,
     37.52487607
    ]
   },
   "properties": {
    "pid": "여의도고등학교 ②(4층) 2층-22",
    "school": "여의도고등학교",
    "jibun": "30-1",
    "kind": "교사동 창면",
    "dong": "여의도고등학교 ②(4층)",
    "floor": 2,
    "z_m": 4.7,
    "normal_az": 232.0,
    "grade": "B",
    "근거등급": "B 일반식(전부 추정)",
    "근거": "일반식(도면 없음)",
    "추정항목": "도면 미수령. 층고 3.5m·창중심 바닥+1.2m·남향계열 외벽 전체를 5m 등간격 으로 분할 — 층고·창높이·수평배치가 **전부 가정값**이다. 도면을 받으면 위치와 높이가 모두 바뀐다",
    "estimated": true
   }
  },
  {
   "type": "Feature",
   "geometry": {
    "type": "Point",
    "coordinates": [
     126.93428899,
     37.52487607
    ]
   },
   "properties": {
    "pid": "여의도고등학교 ②(4층) 3층-22",
    "school": "여의도고등학교",
    "jibun": "30-1",
    "kind": "교사동 창면",
    "dong": "여의도고등학교 ②(4층)",
    "floor": 3,
    "z_m": 8.2,
    "normal_az": 232.0,
    "grade": "B",
    "근거등급": "B 일반식(전부 추정)",
    "근거": "일반식(도면 없음)",
    "추정항목": "도면 미수령. 층고 3.5m·창중심 바닥+1.2m·남향계열 외벽 전체를 5m 등간격 으로 분할 — 층고·창높이·수평배치가 **전부 가정값**이다. 도면을 받으면 위치와 높이가 모두 바뀐다",
    "estimated": true
   }
  },
  {
   "type": "Feature",
   "geometry": {
    "type": "Point",
    "coordinates": [
     126.93428899,
     37.52487607
    ]
   },
   "properties": {
    "pid": "여의도고등학교 ②(4층) 4층-22",
    "school": "여의도고등학교",
    "jibun": "30-1",
    "kind": "교사동 창면",
    "dong": "여의도고등학교 ②(4층)",
    "floor": 4,
    "z_m": 11.7,
    "normal_az": 232.0,
    "grade": "B",
    "근거등급": "B 일반식(전부 추정)",
    "근거": "일반식(도면 없음)",
    "추정항목": "도면 미수령. 층고 3.5m·창중심 바닥+1.2m·남향계열 외벽 전체를 5m 등간격 으로 분할 — 층고·창높이·수평배치가 **전부 가정값**이다. 도면을 받으면 위치와 높이가 모두 바뀐다",
    "estimated": true
   }
  },
  {
   "type": "Feature",
   "geometry": {
    "type": "Point",
    "coordinates": [
     126.93425379,
     37.52491186
    ]
   },
   "properties": {
    "pid": "여의도고등학교 ②(4층) 1층-23",
    "school": "여의도고등학교",
    "jibun": "30-1",
    "kind": "교사동 창면",
    "dong": "여의도고등학교 ②(4층)",
    "floor": 1,
    "z_m": 1.2,
    "normal_az": 232.0,
    "grade": "B",
    "근거등급": "B 일반식(전부 추정)",
    "근거": "일반식(도면 없음)",
    "추정항목": "도면 미수령. 층고 3.5m·창중심 바닥+1.2m·남향계열 외벽 전체를 5m 등간격 으로 분할 — 층고·창높이·수평배치가 **전부 가정값**이다. 도면을 받으면 위치와 높이가 모두 바뀐다",
    "estimated": true
   }
  },
  {
   "type": "Feature",
   "geometry": {
    "type": "Point",
    "coordinates": [
     126.93425379,
     37.52491186
    ]
   },
   "properties": {
    "pid": "여의도고등학교 ②(4층) 2층-23",
    "school": "여의도고등학교",
    "jibun": "30-1",
    "kind": "교사동 창면",
    "dong": "여의도고등학교 ②(4층)",
    "floor": 2,
    "z_m": 4.7,
    "normal_az": 232.0,
    "grade": "B",
    "근거등급": "B 일반식(전부 추정)",
    "근거": "일반식(도면 없음)",
    "추정항목": "도면 미수령. 층고 3.5m·창중심 바닥+1.2m·남향계열 외벽 전체를 5m 등간격 으로 분할 — 층고·창높이·수평배치가 **전부 가정값**이다. 도면을 받으면 위치와 높이가 모두 바뀐다",
    "estimated": true
   }
  },
  {
   "type": "Feature",
   "geometry": {
    "type": "Point",
    "coordinates": [
     126.93425379,
     37.52491186
    ]
   },
   "properties": {
    "pid": "여의도고등학교 ②(4층) 3층-23",
    "school": "여의도고등학교",
    "jibun": "30-1",
    "kind": "교사동 창면",
    "dong": "여의도고등학교 ②(4층)",
    "floor": 3,
    "z_m": 8.2,
    "normal_az": 232.0,
    "grade": "B",
    "근거등급": "B 일반식(전부 추정)",
    "근거": "일반식(도면 없음)",
    "추정항목": "도면 미수령. 층고 3.5m·창중심 바닥+1.2m·남향계열 외벽 전체를 5m 등간격 으로 분할 — 층고·창높이·수평배치가 **전부 가정값**이다. 도면을 받으면 위치와 높이가 모두 바뀐다",
    "estimated": true
   }
  },
  {
   "type": "Feature",
   "geometry": {
    "type": "Point",
    "coordinates": [
     126.93425379,
     37.52491186
    ]
   },
   "properties": {
    "pid": "여의도고등학교 ②(4층) 4층-23",
    "school": "여의도고등학교",
    "jibun": "30-1",
    "kind": "교사동 창면",
    "dong": "여의도고등학교 ②(4층)",
    "floor": 4,
    "z_m": 11.7,
    "normal_az": 232.0,
    "grade": "B",
    "근거등급": "B 일반식(전부 추정)",
    "근거": "일반식(도면 없음)",
    "추정항목": "도면 미수령. 층고 3.5m·창중심 바닥+1.2m·남향계열 외벽 전체를 5m 등간격 으로 분할 — 층고·창높이·수평배치가 **전부 가정값**이다. 도면을 받으면 위치와 높이가 모두 바뀐다",
    "estimated": true
   }
  },
  {
   "type": "Feature",
   "geometry": {
    "type": "Point",
    "coordinates": [
     126.93421859,
     37.52494765
    ]
   },
   "properties": {
    "pid": "여의도고등학교 ②(4층) 1층-24",
    "school": "여의도고등학교",
    "jibun": "30-1",
    "kind": "교사동 창면",
    "dong": "여의도고등학교 ②(4층)",
    "floor": 1,
    "z_m": 1.2,
    "normal_az": 232.0,
    "grade": "B",
    "근거등급": "B 일반식(전부 추정)",
    "근거": "일반식(도면 없음)",
    "추정항목": "도면 미수령. 층고 3.5m·창중심 바닥+1.2m·남향계열 외벽 전체를 5m 등간격 으로 분할 — 층고·창높이·수평배치가 **전부 가정값**이다. 도면을 받으면 위치와 높이가 모두 바뀐다",
    "estimated": true
   }
  },
  {
   "type": "Feature",
   "geometry": {
    "type": "Point",
    "coordinates": [
     126.93421859,
     37.52494765
    ]
   },
   "properties": {
    "pid": "여의도고등학교 ②(4층) 2층-24",
    "school": "여의도고등학교",
    "jibun": "30-1",
    "kind": "교사동 창면",
    "dong": "여의도고등학교 ②(4층)",
    "floor": 2,
    "z_m": 4.7,
    "normal_az": 232.0,
    "grade": "B",
    "근거등급": "B 일반식(전부 추정)",
    "근거": "일반식(도면 없음)",
    "추정항목": "도면 미수령. 층고 3.5m·창중심 바닥+1.2m·남향계열 외벽 전체를 5m 등간격 으로 분할 — 층고·창높이·수평배치가 **전부 가정값**이다. 도면을 받으면 위치와 높이가 모두 바뀐다",
    "estimated": true
   }
  },
  {
   "type": "Feature",
   "geometry": {
    "type": "Point",
    "coordinates": [
     126.93421859,
     37.52494765
    ]
   },
   "properties": {
    "pid": "여의도고등학교 ②(4층) 3층-24",
    "school": "여의도고등학교",
    "jibun": "30-1",
    "kind": "교사동 창면",
    "dong": "여의도고등학교 ②(4층)",
    "floor": 3,
    "z_m": 8.2,
    "normal_az": 232.0,
    "grade": "B",
    "근거등급": "B 일반식(전부 추정)",
    "근거": "일반식(도면 없음)",
    "추정항목": "도면 미수령. 층고 3.5m·창중심 바닥+1.2m·남향계열 외벽 전체를 5m 등간격 으로 분할 — 층고·창높이·수평배치가 **전부 가정값**이다. 도면을 받으면 위치와 높이가 모두 바뀐다",
    "estimated": true
   }
  },
  {
   "type": "Feature",
   "geometry": {
    "type": "Point",
    "coordinates": [
     126.93421859,
     37.52494765
    ]
   },
   "properties": {
    "pid": "여의도고등학교 ②(4층) 4층-24",
    "school": "여의도고등학교",
    "jibun": "30-1",
    "kind": "교사동 창면",
    "dong": "여의도고등학교 ②(4층)",
    "floor": 4,
    "z_m": 11.7,
    "normal_az": 232.0,
    "grade": "B",
    "근거등급": "B 일반식(전부 추정)",
    "근거": "일반식(도면 없음)",
    "추정항목": "도면 미수령. 층고 3.5m·창중심 바닥+1.2m·남향계열 외벽 전체를 5m 등간격 으로 분할 — 층고·창높이·수평배치가 **전부 가정값**이다. 도면을 받으면 위치와 높이가 모두 바뀐다",
    "estimated": true
   }
  },
  {
   "type": "Feature",
   "geometry": {
    "type": "Point",
    "coordinates": [
     126.93418338,
     37.52498344
    ]
   },
   "properties": {
    "pid": "여의도고등학교 ②(4층) 1층-25",
    "school": "여의도고등학교",
    "jibun": "30-1",
    "kind": "교사동 창면",
    "dong": "여의도고등학교 ②(4층)",
    "floor": 1,
    "z_m": 1.2,
    "normal_az": 232.0,
    "grade": "B",
    "근거등급": "B 일반식(전부 추정)",
    "근거": "일반식(도면 없음)",
    "추정항목": "도면 미수령. 층고 3.5m·창중심 바닥+1.2m·남향계열 외벽 전체를 5m 등간격 으로 분할 — 층고·창높이·수평배치가 **전부 가정값**이다. 도면을 받으면 위치와 높이가 모두 바뀐다",
    "estimated": true
   }
  },
  {
   "type": "Feature",
   "geometry": {
    "type": "Point",
    "coordinates": [
     126.93418338,
     37.52498344
    ]
   },
   "properties": {
    "pid": "여의도고등학교 ②(4층) 2층-25",
    "school": "여의도고등학교",
    "jibun": "30-1",
    "kind": "교사동 창면",
    "dong": "여의도고등학교 ②(4층)",
    "floor": 2,
    "z_m": 4.7,
    "normal_az": 232.0,
    "grade": "B",
    "근거등급": "B 일반식(전부 추정)",
    "근거": "일반식(도면 없음)",
    "추정항목": "도면 미수령. 층고 3.5m·창중심 바닥+1.2m·남향계열 외벽 전체를 5m 등간격 으로 분할 — 층고·창높이·수평배치가 **전부 가정값**이다. 도면을 받으면 위치와 높이가 모두 바뀐다",
    "estimated": true
   }
  },
  {
   "type": "Feature",
   "geometry": {
    "type": "Point",
    "coordinates": [
     126.93418338,
     37.52498344
    ]
   },
   "properties": {
    "pid": "여의도고등학교 ②(4층) 3층-25",
    "school": "여의도고등학교",
    "jibun": "30-1",
    "kind": "교사동 창면",
    "dong": "여의도고등학교 ②(4층)",
    "floor": 3,
    "z_m": 8.2,
    "normal_az": 232.0,
    "grade": "B",
    "근거등급": "B 일반식(전부 추정)",
    "근거": "일반식(도면 없음)",
    "추정항목": "도면 미수령. 층고 3.5m·창중심 바닥+1.2m·남향계열 외벽 전체를 5m 등간격 으로 분할 — 층고·창높이·수평배치가 **전부 가정값**이다. 도면을 받으면 위치와 높이가 모두 바뀐다",
    "estimated": true
   }
  },
  {
   "type": "Feature",
   "geometry": {
    "type": "Point",
    "coordinates": [
     126.93418338,
     37.52498344
    ]
   },
   "properties": {
    "pid": "여의도고등학교 ②(4층) 4층-25",
    "school": "여의도고등학교",
    "jibun": "30-1",
    "kind": "교사동 창면",
    "dong": "여의도고등학교 ②(4층)",
    "floor": 4,
    "z_m": 11.7,
    "normal_az": 232.0,
    "grade": "B",
    "근거등급": "B 일반식(전부 추정)",
    "근거": "일반식(도면 없음)",
    "추정항목": "도면 미수령. 층고 3.5m·창중심 바닥+1.2m·남향계열 외벽 전체를 5m 등간격 으로 분할 — 층고·창높이·수평배치가 **전부 가정값**이다. 도면을 받으면 위치와 높이가 모두 바뀐다",
    "estimated": true
   }
  },
  {
   "type": "Feature",
   "geometry": {
    "type": "Point",
    "coordinates": [
     126.93414817,
     37.52501923
    ]
   },
   "properties": {
    "pid": "여의도고등학교 ②(4층) 1층-26",
    "school": "여의도고등학교",
    "jibun": "30-1",
    "kind": "교사동 창면",
    "dong": "여의도고등학교 ②(4층)",
    "floor": 1,
    "z_m": 1.2,
    "normal_az": 232.0,
    "grade": "B",
    "근거등급": "B 일반식(전부 추정)",
    "근거": "일반식(도면 없음)",
    "추정항목": "도면 미수령. 층고 3.5m·창중심 바닥+1.2m·남향계열 외벽 전체를 5m 등간격 으로 분할 — 층고·창높이·수평배치가 **전부 가정값**이다. 도면을 받으면 위치와 높이가 모두 바뀐다",
    "estimated": true
   }
  },
  {
   "type": "Feature",
   "geometry": {
    "type": "Point",
    "coordinates": [
     126.93414817,
     37.52501923
    ]
   },
   "properties": {
    "pid": "여의도고등학교 ②(4층) 2층-26",
    "school": "여의도고등학교",
    "jibun": "30-1",
    "kind": "교사동 창면",
    "dong": "여의도고등학교 ②(4층)",
    "floor": 2,
    "z_m": 4.7,
    "normal_az": 232.0,
    "grade": "B",
    "근거등급": "B 일반식(전부 추정)",
    "근거": "일반식(도면 없음)",
    "추정항목": "도면 미수령. 층고 3.5m·창중심 바닥+1.2m·남향계열 외벽 전체를 5m 등간격 으로 분할 — 층고·창높이·수평배치가 **전부 가정값**이다. 도면을 받으면 위치와 높이가 모두 바뀐다",
    "estimated": true
   }
  },
  {
   "type": "Feature",
   "geometry": {
    "type": "Point",
    "coordinates": [
     126.93414817,
     37.52501923
    ]
   },
   "properties": {
    "pid": "여의도고등학교 ②(4층) 3층-26",
    "school": "여의도고등학교",
    "jibun": "30-1",
    "kind": "교사동 창면",
    "dong": "여의도고등학교 ②(4층)",
    "floor": 3,
    "z_m": 8.2,
    "normal_az": 232.0,
    "grade": "B",
    "근거등급": "B 일반식(전부 추정)",
    "근거": "일반식(도면 없음)",
    "추정항목": "도면 미수령. 층고 3.5m·창중심 바닥+1.2m·남향계열 외벽 전체를 5m 등간격 으로 분할 — 층고·창높이·수평배치가 **전부 가정값**이다. 도면을 받으면 위치와 높이가 모두 바뀐다",
    "estimated": true
   }
  },
  {
   "type": "Feature",
   "geometry": {
    "type": "Point",
    "coordinates": [
     126.93414817,
     37.52501923
    ]
   },
   "properties": {
    "pid": "여의도고등학교 ②(4층) 4층-26",
    "school": "여의도고등학교",
    "jibun": "30-1",
    "kind": "교사동 창면",
    "dong": "여의도고등학교 ②(4층)",
    "floor": 4,
    "z_m": 11.7,
    "normal_az": 232.0,
    "grade": "B",
    "근거등급": "B 일반식(전부 추정)",
    "근거": "일반식(도면 없음)",
    "추정항목": "도면 미수령. 층고 3.5m·창중심 바닥+1.2m·남향계열 외벽 전체를 5m 등간격 으로 분할 — 층고·창높이·수평배치가 **전부 가정값**이다. 도면을 받으면 위치와 높이가 모두 바뀐다",
    "estimated": true
   }
  },
  {
   "type": "Feature",
   "geometry": {
    "type": "Point",
    "coordinates": [
     126.93411297,
     37.52505501
    ]
   },
   "properties": {
    "pid": "여의도고등학교 ②(4층) 1층-27",
    "school": "여의도고등학교",
    "jibun": "30-1",
    "kind": "교사동 창면",
    "dong": "여의도고등학교 ②(4층)",
    "floor": 1,
    "z_m": 1.2,
    "normal_az": 232.0,
    "grade": "B",
    "근거등급": "B 일반식(전부 추정)",
    "근거": "일반식(도면 없음)",
    "추정항목": "도면 미수령. 층고 3.5m·창중심 바닥+1.2m·남향계열 외벽 전체를 5m 등간격 으로 분할 — 층고·창높이·수평배치가 **전부 가정값**이다. 도면을 받으면 위치와 높이가 모두 바뀐다",
    "estimated": true
   }
  },
  {
   "type": "Feature",
   "geometry": {
    "type": "Point",
    "coordinates": [
     126.93411297,
     37.52505501
    ]
   },
   "properties": {
    "pid": "여의도고등학교 ②(4층) 2층-27",
    "school": "여의도고등학교",
    "jibun": "30-1",
    "kind": "교사동 창면",
    "dong": "여의도고등학교 ②(4층)",
    "floor": 2,
    "z_m": 4.7,
    "normal_az": 232.0,
    "grade": "B",
    "근거등급": "B 일반식(전부 추정)",
    "근거": "일반식(도면 없음)",
    "추정항목": "도면 미수령. 층고 3.5m·창중심 바닥+1.2m·남향계열 외벽 전체를 5m 등간격 으로 분할 — 층고·창높이·수평배치가 **전부 가정값**이다. 도면을 받으면 위치와 높이가 모두 바뀐다",
    "estimated": true
   }
  },
  {
   "type": "Feature",
   "geometry": {
    "type": "Point",
    "coordinates": [
     126.93411297,
     37.52505501
    ]
   },
   "properties": {
    "pid": "여의도고등학교 ②(4층) 3층-27",
    "school": "여의도고등학교",
    "jibun": "30-1",
    "kind": "교사동 창면",
    "dong": "여의도고등학교 ②(4층)",
    "floor": 3,
    "z_m": 8.2,
    "normal_az": 232.0,
    "grade": "B",
    "근거등급": "B 일반식(전부 추정)",
    "근거": "일반식(도면 없음)",
    "추정항목": "도면 미수령. 층고 3.5m·창중심 바닥+1.2m·남향계열 외벽 전체를 5m 등간격 으로 분할 — 층고·창높이·수평배치가 **전부 가정값**이다. 도면을 받으면 위치와 높이가 모두 바뀐다",
    "estimated": true
   }
  },
  {
   "type": "Feature",
   "geometry": {
    "type": "Point",
    "coordinates": [
     126.93411297,
     37.52505501
    ]
   },
   "properties": {
    "pid": "여의도고등학교 ②(4층) 4층-27",
    "school": "여의도고등학교",
    "jibun": "30-1",
    "kind": "교사동 창면",
    "dong": "여의도고등학교 ②(4층)",
    "floor": 4,
    "z_m": 11.7,
    "normal_az": 232.0,
    "grade": "B",
    "근거등급": "B 일반식(전부 추정)",
    "근거": "일반식(도면 없음)",
    "추정항목": "도면 미수령. 층고 3.5m·창중심 바닥+1.2m·남향계열 외벽 전체를 5m 등간격 으로 분할 — 층고·창높이·수평배치가 **전부 가정값**이다. 도면을 받으면 위치와 높이가 모두 바뀐다",
    "estimated": true
   }
  },
  {
   "type": "Feature",
   "geometry": {
    "type": "Point",
    "coordinates": [
     126.93407777,
     37.52509081
    ]
   },
   "properties": {
    "pid": "여의도고등학교 ②(4층) 1층-28",
    "school": "여의도고등학교",
    "jibun": "30-1",
    "kind": "교사동 창면",
    "dong": "여의도고등학교 ②(4층)",
    "floor": 1,
    "z_m": 1.2,
    "normal_az": 232.0,
    "grade": "B",
    "근거등급": "B 일반식(전부 추정)",
    "근거": "일반식(도면 없음)",
    "추정항목": "도면 미수령. 층고 3.5m·창중심 바닥+1.2m·남향계열 외벽 전체를 5m 등간격 으로 분할 — 층고·창높이·수평배치가 **전부 가정값**이다. 도면을 받으면 위치와 높이가 모두 바뀐다",
    "estimated": true
   }
  },
  {
   "type": "Feature",
   "geometry": {
    "type": "Point",
    "coordinates": [
     126.93407777,
     37.52509081
    ]
   },
   "properties": {
    "pid": "여의도고등학교 ②(4층) 2층-28",
    "school": "여의도고등학교",
    "jibun": "30-1",
    "kind": "교사동 창면",
    "dong": "여의도고등학교 ②(4층)",
    "floor": 2,
    "z_m": 4.7,
    "normal_az": 232.0,
    "grade": "B",
    "근거등급": "B 일반식(전부 추정)",
    "근거": "일반식(도면 없음)",
    "추정항목": "도면 미수령. 층고 3.5m·창중심 바닥+1.2m·남향계열 외벽 전체를 5m 등간격 으로 분할 — 층고·창높이·수평배치가 **전부 가정값**이다. 도면을 받으면 위치와 높이가 모두 바뀐다",
    "estimated": true
   }
  },
  {
   "type": "Feature",
   "geometry": {
    "type": "Point",
    "coordinates": [
     126.93407777,
     37.52509081
    ]
   },
   "properties": {
    "pid": "여의도고등학교 ②(4층) 3층-28",
    "school": "여의도고등학교",
    "jibun": "30-1",
    "kind": "교사동 창면",
    "dong": "여의도고등학교 ②(4층)",
    "floor": 3,
    "z_m": 8.2,
    "normal_az": 232.0,
    "grade": "B",
    "근거등급": "B 일반식(전부 추정)",
    "근거": "일반식(도면 없음)",
    "추정항목": "도면 미수령. 층고 3.5m·창중심 바닥+1.2m·남향계열 외벽 전체를 5m 등간격 으로 분할 — 층고·창높이·수평배치가 **전부 가정값**이다. 도면을 받으면 위치와 높이가 모두 바뀐다",
    "estimated": true
   }
  },
  {
   "type": "Feature",
   "geometry": {
    "type": "Point",
    "coordinates": [
     126.93407777,
     37.52509081
    ]
   },
   "properties": {
    "pid": "여의도고등학교 ②(4층) 4층-28",
    "school": "여의도고등학교",
    "jibun": "30-1",
    "kind": "교사동 창면",
    "dong": "여의도고등학교 ②(4층)",
    "floor": 4,
    "z_m": 11.7,
    "normal_az": 232.0,
    "grade": "B",
    "근거등급": "B 일반식(전부 추정)",
    "근거": "일반식(도면 없음)",
    "추정항목": "도면 미수령. 층고 3.5m·창중심 바닥+1.2m·남향계열 외벽 전체를 5m 등간격 으로 분할 — 층고·창높이·수평배치가 **전부 가정값**이다. 도면을 받으면 위치와 높이가 모두 바뀐다",
    "estimated": true
   }
  },
  {
   "type": "Feature",
   "geometry": {
    "type": "Point",
    "coordinates": [
     126.93404256,
     37.5251266
    ]
   },
   "properties": {
    "pid": "여의도고등학교 ②(4층) 1층-29",
    "school": "여의도고등학교",
    "jibun": "30-1",
    "kind": "교사동 창면",
    "dong": "여의도고등학교 ②(4층)",
    "floor": 1,
    "z_m": 1.2,
    "normal_az": 232.0,
    "grade": "B",
    "근거등급": "B 일반식(전부 추정)",
    "근거": "일반식(도면 없음)",
    "추정항목": "도면 미수령. 층고 3.5m·창중심 바닥+1.2m·남향계열 외벽 전체를 5m 등간격 으로 분할 — 층고·창높이·수평배치가 **전부 가정값**이다. 도면을 받으면 위치와 높이가 모두 바뀐다",
    "estimated": true
   }
  },
  {
   "type": "Feature",
   "geometry": {
    "type": "Point",
    "coordinates": [
     126.93404256,
     37.5251266
    ]
   },
   "properties": {
    "pid": "여의도고등학교 ②(4층) 2층-29",
    "school": "여의도고등학교",
    "jibun": "30-1",
    "kind": "교사동 창면",
    "dong": "여의도고등학교 ②(4층)",
    "floor": 2,
    "z_m": 4.7,
    "normal_az": 232.0,
    "grade": "B",
    "근거등급": "B 일반식(전부 추정)",
    "근거": "일반식(도면 없음)",
    "추정항목": "도면 미수령. 층고 3.5m·창중심 바닥+1.2m·남향계열 외벽 전체를 5m 등간격 으로 분할 — 층고·창높이·수평배치가 **전부 가정값**이다. 도면을 받으면 위치와 높이가 모두 바뀐다",
    "estimated": true
   }
  },
  {
   "type": "Feature",
   "geometry": {
    "type": "Point",
    "coordinates": [
     126.93404256,
     37.5251266
    ]
   },
   "properties": {
    "pid": "여의도고등학교 ②(4층) 3층-29",
    "school": "여의도고등학교",
    "jibun": "30-1",
    "kind": "교사동 창면",
    "dong": "여의도고등학교 ②(4층)",
    "floor": 3,
    "z_m": 8.2,
    "normal_az": 232.0,
    "grade": "B",
    "근거등급": "B 일반식(전부 추정)",
    "근거": "일반식(도면 없음)",
    "추정항목": "도면 미수령. 층고 3.5m·창중심 바닥+1.2m·남향계열 외벽 전체를 5m 등간격 으로 분할 — 층고·창높이·수평배치가 **전부 가정값**이다. 도면을 받으면 위치와 높이가 모두 바뀐다",
    "estimated": true
   }
  },
  {
   "type": "Feature",
   "geometry": {
    "type": "Point",
    "coordinates": [
     126.93404256,
     37.5251266
    ]
   },
   "properties": {
    "pid": "여의도고등학교 ②(4층) 4층-29",
    "school": "여의도고등학교",
    "jibun": "30-1",
    "kind": "교사동 창면",
    "dong": "여의도고등학교 ②(4층)",
    "floor": 4,
    "z_m": 11.7,
    "normal_az": 232.0,
    "grade": "B",
    "근거등급": "B 일반식(전부 추정)",
    "근거": "일반식(도면 없음)",
    "추정항목": "도면 미수령. 층고 3.5m·창중심 바닥+1.2m·남향계열 외벽 전체를 5m 등간격 으로 분할 — 층고·창높이·수평배치가 **전부 가정값**이다. 도면을 받으면 위치와 높이가 모두 바뀐다",
    "estimated": true
   }
  },
  {
   "type": "Feature",
   "geometry": {
    "type": "Point",
    "coordinates": [
     126.93400735,
     37.52516239
    ]
   },
   "properties": {
    "pid": "여의도고등학교 ②(4층) 1층-30",
    "school": "여의도고등학교",
    "jibun": "30-1",
    "kind": "교사동 창면",
    "dong": "여의도고등학교 ②(4층)",
    "floor": 1,
    "z_m": 1.2,
    "normal_az": 232.0,
    "grade": "B",
    "근거등급": "B 일반식(전부 추정)",
    "근거": "일반식(도면 없음)",
    "추정항목": "도면 미수령. 층고 3.5m·창중심 바닥+1.2m·남향계열 외벽 전체를 5m 등간격 으로 분할 — 층고·창높이·수평배치가 **전부 가정값**이다. 도면을 받으면 위치와 높이가 모두 바뀐다",
    "estimated": true
   }
  },
  {
   "type": "Feature",
   "geometry": {
    "type": "Point",
    "coordinates": [
     126.93400735,
     37.52516239
    ]
   },
   "properties": {
    "pid": "여의도고등학교 ②(4층) 2층-30",
    "school": "여의도고등학교",
    "jibun": "30-1",
    "kind": "교사동 창면",
    "dong": "여의도고등학교 ②(4층)",
    "floor": 2,
    "z_m": 4.7,
    "normal_az": 232.0,
    "grade": "B",
    "근거등급": "B 일반식(전부 추정)",
    "근거": "일반식(도면 없음)",
    "추정항목": "도면 미수령. 층고 3.5m·창중심 바닥+1.2m·남향계열 외벽 전체를 5m 등간격 으로 분할 — 층고·창높이·수평배치가 **전부 가정값**이다. 도면을 받으면 위치와 높이가 모두 바뀐다",
    "estimated": true
   }
  },
  {
   "type": "Feature",
   "geometry": {
    "type": "Point",
    "coordinates": [
     126.93400735,
     37.52516239
    ]
   },
   "properties": {
    "pid": "여의도고등학교 ②(4층) 3층-30",
    "school": "여의도고등학교",
    "jibun": "30-1",
    "kind": "교사동 창면",
    "dong": "여의도고등학교 ②(4층)",
    "floor": 3,
    "z_m": 8.2,
    "normal_az": 232.0,
    "grade": "B",
    "근거등급": "B 일반식(전부 추정)",
    "근거": "일반식(도면 없음)",
    "추정항목": "도면 미수령. 층고 3.5m·창중심 바닥+1.2m·남향계열 외벽 전체를 5m 등간격 으로 분할 — 층고·창높이·수평배치가 **전부 가정값**이다. 도면을 받으면 위치와 높이가 모두 바뀐다",
    "estimated": true
   }
  },
  {
   "type": "Feature",
   "geometry": {
    "type": "Point",
    "coordinates": [
     126.93400735,
     37.52516239
    ]
   },
   "properties": {
    "pid": "여의도고등학교 ②(4층) 4층-30",
    "school": "여의도고등학교",
    "jibun": "30-1",
    "kind": "교사동 창면",
    "dong": "여의도고등학교 ②(4층)",
    "floor": 4,
    "z_m": 11.7,
    "normal_az": 232.0,
    "grade": "B",
    "근거등급": "B 일반식(전부 추정)",
    "근거": "일반식(도면 없음)",
    "추정항목": "도면 미수령. 층고 3.5m·창중심 바닥+1.2m·남향계열 외벽 전체를 5m 등간격 으로 분할 — 층고·창높이·수평배치가 **전부 가정값**이다. 도면을 받으면 위치와 높이가 모두 바뀐다",
    "estimated": true
   }
  },
  {
   "type": "Feature",
   "geometry": {
    "type": "Point",
    "coordinates": [
     126.93397215,
     37.52519818
    ]
   },
   "properties": {
    "pid": "여의도고등학교 ②(4층) 1층-31",
    "school": "여의도고등학교",
    "jibun": "30-1",
    "kind": "교사동 창면",
    "dong": "여의도고등학교 ②(4층)",
    "floor": 1,
    "z_m": 1.2,
    "normal_az": 232.0,
    "grade": "B",
    "근거등급": "B 일반식(전부 추정)",
    "근거": "일반식(도면 없음)",
    "추정항목": "도면 미수령. 층고 3.5m·창중심 바닥+1.2m·남향계열 외벽 전체를 5m 등간격 으로 분할 — 층고·창높이·수평배치가 **전부 가정값**이다. 도면을 받으면 위치와 높이가 모두 바뀐다",
    "estimated": true
   }
  },
  {
   "type": "Feature",
   "geometry": {
    "type": "Point",
    "coordinates": [
     126.93397215,
     37.52519818
    ]
   },
   "properties": {
    "pid": "여의도고등학교 ②(4층) 2층-31",
    "school": "여의도고등학교",
    "jibun": "30-1",
    "kind": "교사동 창면",
    "dong": "여의도고등학교 ②(4층)",
    "floor": 2,
    "z_m": 4.7,
    "normal_az": 232.0,
    "grade": "B",
    "근거등급": "B 일반식(전부 추정)",
    "근거": "일반식(도면 없음)",
    "추정항목": "도면 미수령. 층고 3.5m·창중심 바닥+1.2m·남향계열 외벽 전체를 5m 등간격 으로 분할 — 층고·창높이·수평배치가 **전부 가정값**이다. 도면을 받으면 위치와 높이가 모두 바뀐다",
    "estimated": true
   }
  },
  {
   "type": "Feature",
   "geometry": {
    "type": "Point",
    "coordinates": [
     126.93397215,
     37.52519818
    ]
   },
   "properties": {
    "pid": "여의도고등학교 ②(4층) 3층-31",
    "school": "여의도고등학교",
    "jibun": "30-1",
    "kind": "교사동 창면",
    "dong": "여의도고등학교 ②(4층)",
    "floor": 3,
    "z_m": 8.2,
    "normal_az": 232.0,
    "grade": "B",
    "근거등급": "B 일반식(전부 추정)",
    "근거": "일반식(도면 없음)",
    "추정항목": "도면 미수령. 층고 3.5m·창중심 바닥+1.2m·남향계열 외벽 전체를 5m 등간격 으로 분할 — 층고·창높이·수평배치가 **전부 가정값**이다. 도면을 받으면 위치와 높이가 모두 바뀐다",
    "estimated": true
   }
  },
  {
   "type": "Feature",
   "geometry": {
    "type": "Point",
    "coordinates": [
     126.93397215,
     37.52519818
    ]
   },
   "properties": {
    "pid": "여의도고등학교 ②(4층) 4층-31",
    "school": "여의도고등학교",
    "jibun": "30-1",
    "kind": "교사동 창면",
    "dong": "여의도고등학교 ②(4층)",
    "floor": 4,
    "z_m": 11.7,
    "normal_az": 232.0,
    "grade": "B",
    "근거등급": "B 일반식(전부 추정)",
    "근거": "일반식(도면 없음)",
    "추정항목": "도면 미수령. 층고 3.5m·창중심 바닥+1.2m·남향계열 외벽 전체를 5m 등간격 으로 분할 — 층고·창높이·수평배치가 **전부 가정값**이다. 도면을 받으면 위치와 높이가 모두 바뀐다",
    "estimated": true
   }
  },
  {
   "type": "Feature",
   "geometry": {
    "type": "Point",
    "coordinates": [
     126.93393694,
     37.52523397
    ]
   },
   "properties": {
    "pid": "여의도고등학교 ②(4층) 1층-32",
    "school": "여의도고등학교",
    "jibun": "30-1",
    "kind": "교사동 창면",
    "dong": "여의도고등학교 ②(4층)",
    "floor": 1,
    "z_m": 1.2,
    "normal_az": 232.0,
    "grade": "B",
    "근거등급": "B 일반식(전부 추정)",
    "근거": "일반식(도면 없음)",
    "추정항목": "도면 미수령. 층고 3.5m·창중심 바닥+1.2m·남향계열 외벽 전체를 5m 등간격 으로 분할 — 층고·창높이·수평배치가 **전부 가정값**이다. 도면을 받으면 위치와 높이가 모두 바뀐다",
    "estimated": true
   }
  },
  {
   "type": "Feature",
   "geometry": {
    "type": "Point",
    "coordinates": [
     126.93393694,
     37.52523397
    ]
   },
   "properties": {
    "pid": "여의도고등학교 ②(4층) 2층-32",
    "school": "여의도고등학교",
    "jibun": "30-1",
    "kind": "교사동 창면",
    "dong": "여의도고등학교 ②(4층)",
    "floor": 2,
    "z_m": 4.7,
    "normal_az": 232.0,
    "grade": "B",
    "근거등급": "B 일반식(전부 추정)",
    "근거": "일반식(도면 없음)",
    "추정항목": "도면 미수령. 층고 3.5m·창중심 바닥+1.2m·남향계열 외벽 전체를 5m 등간격 으로 분할 — 층고·창높이·수평배치가 **전부 가정값**이다. 도면을 받으면 위치와 높이가 모두 바뀐다",
    "estimated": true
   }
  },
  {
   "type": "Feature",
   "geometry": {
    "type": "Point",
    "coordinates": [
     126.93393694,
     37.52523397
    ]
   },
   "properties": {
    "pid": "여의도고등학교 ②(4층) 3층-32",
    "school": "여의도고등학교",
    "jibun": "30-1",
    "kind": "교사동 창면",
    "dong": "여의도고등학교 ②(4층)",
    "floor": 3,
    "z_m": 8.2,
    "normal_az": 232.0,
    "grade": "B",
    "근거등급": "B 일반식(전부 추정)",
    "근거": "일반식(도면 없음)",
    "추정항목": "도면 미수령. 층고 3.5m·창중심 바닥+1.2m·남향계열 외벽 전체를 5m 등간격 으로 분할 — 층고·창높이·수평배치가 **전부 가정값**이다. 도면을 받으면 위치와 높이가 모두 바뀐다",
    "estimated": true
   }
  },
  {
   "type": "Feature",
   "geometry": {
    "type": "Point",
    "coordinates": [
     126.93393694,
     37.52523397
    ]
   },
   "properties": {
    "pid": "여의도고등학교 ②(4층) 4층-32",
    "school": "여의도고등학교",
    "jibun": "30-1",
    "kind": "교사동 창면",
    "dong": "여의도고등학교 ②(4층)",
    "floor": 4,
    "z_m": 11.7,
    "normal_az": 232.0,
    "grade": "B",
    "근거등급": "B 일반식(전부 추정)",
    "근거": "일반식(도면 없음)",
    "추정항목": "도면 미수령. 층고 3.5m·창중심 바닥+1.2m·남향계열 외벽 전체를 5m 등간격 으로 분할 — 층고·창높이·수평배치가 **전부 가정값**이다. 도면을 받으면 위치와 높이가 모두 바뀐다",
    "estimated": true
   }
  },
  {
   "type": "Feature",
   "geometry": {
    "type": "Point",
    "coordinates": [
     126.93390174,
     37.52526976
    ]
   },
   "properties": {
    "pid": "여의도고등학교 ②(4층) 1층-33",
    "school": "여의도고등학교",
    "jibun": "30-1",
    "kind": "교사동 창면",
    "dong": "여의도고등학교 ②(4층)",
    "floor": 1,
    "z_m": 1.2,
    "normal_az": 232.0,
    "grade": "B",
    "근거등급": "B 일반식(전부 추정)",
    "근거": "일반식(도면 없음)",
    "추정항목": "도면 미수령. 층고 3.5m·창중심 바닥+1.2m·남향계열 외벽 전체를 5m 등간격 으로 분할 — 층고·창높이·수평배치가 **전부 가정값**이다. 도면을 받으면 위치와 높이가 모두 바뀐다",
    "estimated": true
   }
  },
  {
   "type": "Feature",
   "geometry": {
    "type": "Point",
    "coordinates": [
     126.93390174,
     37.52526976
    ]
   },
   "properties": {
    "pid": "여의도고등학교 ②(4층) 2층-33",
    "school": "여의도고등학교",
    "jibun": "30-1",
    "kind": "교사동 창면",
    "dong": "여의도고등학교 ②(4층)",
    "floor": 2,
    "z_m": 4.7,
    "normal_az": 232.0,
    "grade": "B",
    "근거등급": "B 일반식(전부 추정)",
    "근거": "일반식(도면 없음)",
    "추정항목": "도면 미수령. 층고 3.5m·창중심 바닥+1.2m·남향계열 외벽 전체를 5m 등간격 으로 분할 — 층고·창높이·수평배치가 **전부 가정값**이다. 도면을 받으면 위치와 높이가 모두 바뀐다",
    "estimated": true
   }
  },
  {
   "type": "Feature",
   "geometry": {
    "type": "Point",
    "coordinates": [
     126.93390174,
     37.52526976
    ]
   },
   "properties": {
    "pid": "여의도고등학교 ②(4층) 3층-33",
    "school": "여의도고등학교",
    "jibun": "30-1",
    "kind": "교사동 창면",
    "dong": "여의도고등학교 ②(4층)",
    "floor": 3,
    "z_m": 8.2,
    "normal_az": 232.0,
    "grade": "B",
    "근거등급": "B 일반식(전부 추정)",
    "근거": "일반식(도면 없음)",
    "추정항목": "도면 미수령. 층고 3.5m·창중심 바닥+1.2m·남향계열 외벽 전체를 5m 등간격 으로 분할 — 층고·창높이·수평배치가 **전부 가정값**이다. 도면을 받으면 위치와 높이가 모두 바뀐다",
    "estimated": true
   }
  },
  {
   "type": "Feature",
   "geometry": {
    "type": "Point",
    "coordinates": [
     126.93390174,
     37.52526976
    ]
   },
   "properties": {
    "pid": "여의도고등학교 ②(4층) 4층-33",
    "school": "여의도고등학교",
    "jibun": "30-1",
    "kind": "교사동 창면",
    "dong": "여의도고등학교 ②(4층)",
    "floor": 4,
    "z_m": 11.7,
    "normal_az": 232.0,
    "grade": "B",
    "근거등급": "B 일반식(전부 추정)",
    "근거": "일반식(도면 없음)",
    "추정항목": "도면 미수령. 층고 3.5m·창중심 바닥+1.2m·남향계열 외벽 전체를 5m 등간격 으로 분할 — 층고·창높이·수평배치가 **전부 가정값**이다. 도면을 받으면 위치와 높이가 모두 바뀐다",
    "estimated": true
   }
  },
  {
   "type": "Feature",
   "geometry": {
    "type": "Point",
    "coordinates": [
     126.93386653,
     37.52530555
    ]
   },
   "properties": {
    "pid": "여의도고등학교 ②(4층) 1층-34",
    "school": "여의도고등학교",
    "jibun": "30-1",
    "kind": "교사동 창면",
    "dong": "여의도고등학교 ②(4층)",
    "floor": 1,
    "z_m": 1.2,
    "normal_az": 232.0,
    "grade": "B",
    "근거등급": "B 일반식(전부 추정)",
    "근거": "일반식(도면 없음)",
    "추정항목": "도면 미수령. 층고 3.5m·창중심 바닥+1.2m·남향계열 외벽 전체를 5m 등간격 으로 분할 — 층고·창높이·수평배치가 **전부 가정값**이다. 도면을 받으면 위치와 높이가 모두 바뀐다",
    "estimated": true
   }
  },
  {
   "type": "Feature",
   "geometry": {
    "type": "Point",
    "coordinates": [
     126.93386653,
     37.52530555
    ]
   },
   "properties": {
    "pid": "여의도고등학교 ②(4층) 2층-34",
    "school": "여의도고등학교",
    "jibun": "30-1",
    "kind": "교사동 창면",
    "dong": "여의도고등학교 ②(4층)",
    "floor": 2,
    "z_m": 4.7,
    "normal_az": 232.0,
    "grade": "B",
    "근거등급": "B 일반식(전부 추정)",
    "근거": "일반식(도면 없음)",
    "추정항목": "도면 미수령. 층고 3.5m·창중심 바닥+1.2m·남향계열 외벽 전체를 5m 등간격 으로 분할 — 층고·창높이·수평배치가 **전부 가정값**이다. 도면을 받으면 위치와 높이가 모두 바뀐다",
    "estimated": true
   }
  },
  {
   "type": "Feature",
   "geometry": {
    "type": "Point",
    "coordinates": [
     126.93386653,
     37.52530555
    ]
   },
   "properties": {
    "pid": "여의도고등학교 ②(4층) 3층-34",
    "school": "여의도고등학교",
    "jibun": "30-1",
    "kind": "교사동 창면",
    "dong": "여의도고등학교 ②(4층)",
    "floor": 3,
    "z_m": 8.2,
    "normal_az": 232.0,
    "grade": "B",
    "근거등급": "B 일반식(전부 추정)",
    "근거": "일반식(도면 없음)",
    "추정항목": "도면 미수령. 층고 3.5m·창중심 바닥+1.2m·남향계열 외벽 전체를 5m 등간격 으로 분할 — 층고·창높이·수평배치가 **전부 가정값**이다. 도면을 받으면 위치와 높이가 모두 바뀐다",
    "estimated": true
   }
  },
  {
   "type": "Feature",
   "geometry": {
    "type": "Point",
    "coordinates": [
     126.93386653,
     37.52530555
    ]
   },
   "properties": {
    "pid": "여의도고등학교 ②(4층) 4층-34",
    "school": "여의도고등학교",
    "jibun": "30-1",
    "kind": "교사동 창면",
    "dong": "여의도고등학교 ②(4층)",
    "floor": 4,
    "z_m": 11.7,
    "normal_az": 232.0,
    "grade": "B",
    "근거등급": "B 일반식(전부 추정)",
    "근거": "일반식(도면 없음)",
    "추정항목": "도면 미수령. 층고 3.5m·창중심 바닥+1.2m·남향계열 외벽 전체를 5m 등간격 으로 분할 — 층고·창높이·수평배치가 **전부 가정값**이다. 도면을 받으면 위치와 높이가 모두 바뀐다",
    "estimated": true
   }
  },
  {
   "type": "Feature",
   "geometry": {
    "type": "Point",
    "coordinates": [
     126.93383132,
     37.52534134
    ]
   },
   "properties": {
    "pid": "여의도고등학교 ②(4층) 1층-35",
    "school": "여의도고등학교",
    "jibun": "30-1",
    "kind": "교사동 창면",
    "dong": "여의도고등학교 ②(4층)",
    "floor": 1,
    "z_m": 1.2,
    "normal_az": 232.0,
    "grade": "B",
    "근거등급": "B 일반식(전부 추정)",
    "근거": "일반식(도면 없음)",
    "추정항목": "도면 미수령. 층고 3.5m·창중심 바닥+1.2m·남향계열 외벽 전체를 5m 등간격 으로 분할 — 층고·창높이·수평배치가 **전부 가정값**이다. 도면을 받으면 위치와 높이가 모두 바뀐다",
    "estimated": true
   }
  },
  {
   "type": "Feature",
   "geometry": {
    "type": "Point",
    "coordinates": [
     126.93383132,
     37.52534134
    ]
   },
   "properties": {
    "pid": "여의도고등학교 ②(4층) 2층-35",
    "school": "여의도고등학교",
    "jibun": "30-1",
    "kind": "교사동 창면",
    "dong": "여의도고등학교 ②(4층)",
    "floor": 2,
    "z_m": 4.7,
    "normal_az": 232.0,
    "grade": "B",
    "근거등급": "B 일반식(전부 추정)",
    "근거": "일반식(도면 없음)",
    "추정항목": "도면 미수령. 층고 3.5m·창중심 바닥+1.2m·남향계열 외벽 전체를 5m 등간격 으로 분할 — 층고·창높이·수평배치가 **전부 가정값**이다. 도면을 받으면 위치와 높이가 모두 바뀐다",
    "estimated": true
   }
  },
  {
   "type": "Feature",
   "geometry": {
    "type": "Point",
    "coordinates": [
     126.93383132,
     37.52534134
    ]
   },
   "properties": {
    "pid": "여의도고등학교 ②(4층) 3층-35",
    "school": "여의도고등학교",
    "jibun": "30-1",
    "kind": "교사동 창면",
    "dong": "여의도고등학교 ②(4층)",
    "floor": 3,
    "z_m": 8.2,
    "normal_az": 232.0,
    "grade": "B",
    "근거등급": "B 일반식(전부 추정)",
    "근거": "일반식(도면 없음)",
    "추정항목": "도면 미수령. 층고 3.5m·창중심 바닥+1.2m·남향계열 외벽 전체를 5m 등간격 으로 분할 — 층고·창높이·수평배치가 **전부 가정값**이다. 도면을 받으면 위치와 높이가 모두 바뀐다",
    "estimated": true
   }
  },
  {
   "type": "Feature",
   "geometry": {
    "type": "Point",
    "coordinates": [
     126.93383132,
     37.52534134
    ]
   },
   "properties": {
    "pid": "여의도고등학교 ②(4층) 4층-35",
    "school": "여의도고등학교",
    "jibun": "30-1",
    "kind": "교사동 창면",
    "dong": "여의도고등학교 ②(4층)",
    "floor": 4,
    "z_m": 11.7,
    "normal_az": 232.0,
    "grade": "B",
    "근거등급": "B 일반식(전부 추정)",
    "근거": "일반식(도면 없음)",
    "추정항목": "도면 미수령. 층고 3.5m·창중심 바닥+1.2m·남향계열 외벽 전체를 5m 등간격 으로 분할 — 층고·창높이·수평배치가 **전부 가정값**이다. 도면을 받으면 위치와 높이가 모두 바뀐다",
    "estimated": true
   }
  },
  {
   "type": "Feature",
   "geometry": {
    "type": "Point",
    "coordinates": [
     126.93379612,
     37.52537713
    ]
   },
   "properties": {
    "pid": "여의도고등학교 ②(4층) 1층-36",
    "school": "여의도고등학교",
    "jibun": "30-1",
    "kind": "교사동 창면",
    "dong": "여의도고등학교 ②(4층)",
    "floor": 1,
    "z_m": 1.2,
    "normal_az": 232.0,
    "grade": "B",
    "근거등급": "B 일반식(전부 추정)",
    "근거": "일반식(도면 없음)",
    "추정항목": "도면 미수령. 층고 3.5m·창중심 바닥+1.2m·남향계열 외벽 전체를 5m 등간격 으로 분할 — 층고·창높이·수평배치가 **전부 가정값**이다. 도면을 받으면 위치와 높이가 모두 바뀐다",
    "estimated": true
   }
  },
  {
   "type": "Feature",
   "geometry": {
    "type": "Point",
    "coordinates": [
     126.93379612,
     37.52537713
    ]
   },
   "properties": {
    "pid": "여의도고등학교 ②(4층) 2층-36",
    "school": "여의도고등학교",
    "jibun": "30-1",
    "kind": "교사동 창면",
    "dong": "여의도고등학교 ②(4층)",
    "floor": 2,
    "z_m": 4.7,
    "normal_az": 232.0,
    "grade": "B",
    "근거등급": "B 일반식(전부 추정)",
    "근거": "일반식(도면 없음)",
    "추정항목": "도면 미수령. 층고 3.5m·창중심 바닥+1.2m·남향계열 외벽 전체를 5m 등간격 으로 분할 — 층고·창높이·수평배치가 **전부 가정값**이다. 도면을 받으면 위치와 높이가 모두 바뀐다",
    "estimated": true
   }
  },
  {
   "type": "Feature",
   "geometry": {
    "type": "Point",
    "coordinates": [
     126.93379612,
     37.52537713
    ]
   },
   "properties": {
    "pid": "여의도고등학교 ②(4층) 3층-36",
    "school": "여의도고등학교",
    "jibun": "30-1",
    "kind": "교사동 창면",
    "dong": "여의도고등학교 ②(4층)",
    "floor": 3,
    "z_m": 8.2,
    "normal_az": 232.0,
    "grade": "B",
    "근거등급": "B 일반식(전부 추정)",
    "근거": "일반식(도면 없음)",
    "추정항목": "도면 미수령. 층고 3.5m·창중심 바닥+1.2m·남향계열 외벽 전체를 5m 등간격 으로 분할 — 층고·창높이·수평배치가 **전부 가정값**이다. 도면을 받으면 위치와 높이가 모두 바뀐다",
    "estimated": true
   }
  },
  {
   "type": "Feature",
   "geometry": {
    "type": "Point",
    "coordinates": [
     126.93379612,
     37.52537713
    ]
   },
   "properties": {
    "pid": "여의도고등학교 ②(4층) 4층-36",
    "school": "여의도고등학교",
    "jibun": "30-1",
    "kind": "교사동 창면",
    "dong": "여의도고등학교 ②(4층)",
    "floor": 4,
    "z_m": 11.7,
    "normal_az": 232.0,
    "grade": "B",
    "근거등급": "B 일반식(전부 추정)",
    "근거": "일반식(도면 없음)",
    "추정항목": "도면 미수령. 층고 3.5m·창중심 바닥+1.2m·남향계열 외벽 전체를 5m 등간격 으로 분할 — 층고·창높이·수평배치가 **전부 가정값**이다. 도면을 받으면 위치와 높이가 모두 바뀐다",
    "estimated": true
   }
  },
  {
   "type": "Feature",
   "geometry": {
    "type": "Point",
    "coordinates": [
     126.93376092,
     37.52541292
    ]
   },
   "properties": {
    "pid": "여의도고등학교 ②(4층) 1층-37",
    "school": "여의도고등학교",
    "jibun": "30-1",
    "kind": "교사동 창면",
    "dong": "여의도고등학교 ②(4층)",
    "floor": 1,
    "z_m": 1.2,
    "normal_az": 232.0,
    "grade": "B",
    "근거등급": "B 일반식(전부 추정)",
    "근거": "일반식(도면 없음)",
    "추정항목": "도면 미수령. 층고 3.5m·창중심 바닥+1.2m·남향계열 외벽 전체를 5m 등간격 으로 분할 — 층고·창높이·수평배치가 **전부 가정값**이다. 도면을 받으면 위치와 높이가 모두 바뀐다",
    "estimated": true
   }
  },
  {
   "type": "Feature",
   "geometry": {
    "type": "Point",
    "coordinates": [
     126.93376092,
     37.52541292
    ]
   },
   "properties": {
    "pid": "여의도고등학교 ②(4층) 2층-37",
    "school": "여의도고등학교",
    "jibun": "30-1",
    "kind": "교사동 창면",
    "dong": "여의도고등학교 ②(4층)",
    "floor": 2,
    "z_m": 4.7,
    "normal_az": 232.0,
    "grade": "B",
    "근거등급": "B 일반식(전부 추정)",
    "근거": "일반식(도면 없음)",
    "추정항목": "도면 미수령. 층고 3.5m·창중심 바닥+1.2m·남향계열 외벽 전체를 5m 등간격 으로 분할 — 층고·창높이·수평배치가 **전부 가정값**이다. 도면을 받으면 위치와 높이가 모두 바뀐다",
    "estimated": true
   }
  },
  {
   "type": "Feature",
   "geometry": {
    "type": "Point",
    "coordinates": [
     126.93376092,
     37.52541292
    ]
   },
   "properties": {
    "pid": "여의도고등학교 ②(4층) 3층-37",
    "school": "여의도고등학교",
    "jibun": "30-1",
    "kind": "교사동 창면",
    "dong": "여의도고등학교 ②(4층)",
    "floor": 3,
    "z_m": 8.2,
    "normal_az": 232.0,
    "grade": "B",
    "근거등급": "B 일반식(전부 추정)",
    "근거": "일반식(도면 없음)",
    "추정항목": "도면 미수령. 층고 3.5m·창중심 바닥+1.2m·남향계열 외벽 전체를 5m 등간격 으로 분할 — 층고·창높이·수평배치가 **전부 가정값**이다. 도면을 받으면 위치와 높이가 모두 바뀐다",
    "estimated": true
   }
  },
  {
   "type": "Feature",
   "geometry": {
    "type": "Point",
    "coordinates": [
     126.93376092,
     37.52541292
    ]
   },
   "properties": {
    "pid": "여의도고등학교 ②(4층) 4층-37",
    "school": "여의도고등학교",
    "jibun": "30-1",
    "kind": "교사동 창면",
    "dong": "여의도고등학교 ②(4층)",
    "floor": 4,
    "z_m": 11.7,
    "normal_az": 232.0,
    "grade": "B",
    "근거등급": "B 일반식(전부 추정)",
    "근거": "일반식(도면 없음)",
    "추정항목": "도면 미수령. 층고 3.5m·창중심 바닥+1.2m·남향계열 외벽 전체를 5m 등간격 으로 분할 — 층고·창높이·수평배치가 **전부 가정값**이다. 도면을 받으면 위치와 높이가 모두 바뀐다",
    "estimated": true
   }
  },
  {
   "type": "Feature",
   "geometry": {
    "type": "Point",
    "coordinates": [
     126.93372571,
     37.52544871
    ]
   },
   "properties": {
    "pid": "여의도고등학교 ②(4층) 1층-38",
    "school": "여의도고등학교",
    "jibun": "30-1",
    "kind": "교사동 창면",
    "dong": "여의도고등학교 ②(4층)",
    "floor": 1,
    "z_m": 1.2,
    "normal_az": 232.0,
    "grade": "B",
    "근거등급": "B 일반식(전부 추정)",
    "근거": "일반식(도면 없음)",
    "추정항목": "도면 미수령. 층고 3.5m·창중심 바닥+1.2m·남향계열 외벽 전체를 5m 등간격 으로 분할 — 층고·창높이·수평배치가 **전부 가정값**이다. 도면을 받으면 위치와 높이가 모두 바뀐다",
    "estimated": true
   }
  },
  {
   "type": "Feature",
   "geometry": {
    "type": "Point",
    "coordinates": [
     126.93372571,
     37.52544871
    ]
   },
   "properties": {
    "pid": "여의도고등학교 ②(4층) 2층-38",
    "school": "여의도고등학교",
    "jibun": "30-1",
    "kind": "교사동 창면",
    "dong": "여의도고등학교 ②(4층)",
    "floor": 2,
    "z_m": 4.7,
    "normal_az": 232.0,
    "grade": "B",
    "근거등급": "B 일반식(전부 추정)",
    "근거": "일반식(도면 없음)",
    "추정항목": "도면 미수령. 층고 3.5m·창중심 바닥+1.2m·남향계열 외벽 전체를 5m 등간격 으로 분할 — 층고·창높이·수평배치가 **전부 가정값**이다. 도면을 받으면 위치와 높이가 모두 바뀐다",
    "estimated": true
   }
  },
  {
   "type": "Feature",
   "geometry": {
    "type": "Point",
    "coordinates": [
     126.93372571,
     37.52544871
    ]
   },
   "properties": {
    "pid": "여의도고등학교 ②(4층) 3층-38",
    "school": "여의도고등학교",
    "jibun": "30-1",
    "kind": "교사동 창면",
    "dong": "여의도고등학교 ②(4층)",
    "floor": 3,
    "z_m": 8.2,
    "normal_az": 232.0,
    "grade": "B",
    "근거등급": "B 일반식(전부 추정)",
    "근거": "일반식(도면 없음)",
    "추정항목": "도면 미수령. 층고 3.5m·창중심 바닥+1.2m·남향계열 외벽 전체를 5m 등간격 으로 분할 — 층고·창높이·수평배치가 **전부 가정값**이다. 도면을 받으면 위치와 높이가 모두 바뀐다",
    "estimated": true
   }
  },
  {
   "type": "Feature",
   "geometry": {
    "type": "Point",
    "coordinates": [
     126.93372571,
     37.52544871
    ]
   },
   "properties": {
    "pid": "여의도고등학교 ②(4층) 4층-38",
    "school": "여의도고등학교",
    "jibun": "30-1",
    "kind": "교사동 창면",
    "dong": "여의도고등학교 ②(4층)",
    "floor": 4,
    "z_m": 11.7,
    "normal_az": 232.0,
    "grade": "B",
    "근거등급": "B 일반식(전부 추정)",
    "근거": "일반식(도면 없음)",
    "추정항목": "도면 미수령. 층고 3.5m·창중심 바닥+1.2m·남향계열 외벽 전체를 5m 등간격 으로 분할 — 층고·창높이·수평배치가 **전부 가정값**이다. 도면을 받으면 위치와 높이가 모두 바뀐다",
    "estimated": true
   }
  },
  {
   "type": "Feature",
   "geometry": {
    "type": "Point",
    "coordinates": [
     126.9336905,
     37.5254845
    ]
   },
   "properties": {
    "pid": "여의도고등학교 ②(4층) 1층-39",
    "school": "여의도고등학교",
    "jibun": "30-1",
    "kind": "교사동 창면",
    "dong": "여의도고등학교 ②(4층)",
    "floor": 1,
    "z_m": 1.2,
    "normal_az": 232.0,
    "grade": "B",
    "근거등급": "B 일반식(전부 추정)",
    "근거": "일반식(도면 없음)",
    "추정항목": "도면 미수령. 층고 3.5m·창중심 바닥+1.2m·남향계열 외벽 전체를 5m 등간격 으로 분할 — 층고·창높이·수평배치가 **전부 가정값**이다. 도면을 받으면 위치와 높이가 모두 바뀐다",
    "estimated": true
   }
  },
  {
   "type": "Feature",
   "geometry": {
    "type": "Point",
    "coordinates": [
     126.9336905,
     37.5254845
    ]
   },
   "properties": {
    "pid": "여의도고등학교 ②(4층) 2층-39",
    "school": "여의도고등학교",
    "jibun": "30-1",
    "kind": "교사동 창면",
    "dong": "여의도고등학교 ②(4층)",
    "floor": 2,
    "z_m": 4.7,
    "normal_az": 232.0,
    "grade": "B",
    "근거등급": "B 일반식(전부 추정)",
    "근거": "일반식(도면 없음)",
    "추정항목": "도면 미수령. 층고 3.5m·창중심 바닥+1.2m·남향계열 외벽 전체를 5m 등간격 으로 분할 — 층고·창높이·수평배치가 **전부 가정값**이다. 도면을 받으면 위치와 높이가 모두 바뀐다",
    "estimated": true
   }
  },
  {
   "type": "Feature",
   "geometry": {
    "type": "Point",
    "coordinates": [
     126.9336905,
     37.5254845
    ]
   },
   "properties": {
    "pid": "여의도고등학교 ②(4층) 3층-39",
    "school": "여의도고등학교",
    "jibun": "30-1",
    "kind": "교사동 창면",
    "dong": "여의도고등학교 ②(4층)",
    "floor": 3,
    "z_m": 8.2,
    "normal_az": 232.0,
    "grade": "B",
    "근거등급": "B 일반식(전부 추정)",
    "근거": "일반식(도면 없음)",
    "추정항목": "도면 미수령. 층고 3.5m·창중심 바닥+1.2m·남향계열 외벽 전체를 5m 등간격 으로 분할 — 층고·창높이·수평배치가 **전부 가정값**이다. 도면을 받으면 위치와 높이가 모두 바뀐다",
    "estimated": true
   }
  },
  {
   "type": "Feature",
   "geometry": {
    "type": "Point",
    "coordinates": [
     126.9336905,
     37.5254845
    ]
   },
   "properties": {
    "pid": "여의도고등학교 ②(4층) 4층-39",
    "school": "여의도고등학교",
    "jibun": "30-1",
    "kind": "교사동 창면",
    "dong": "여의도고등학교 ②(4층)",
    "floor": 4,
    "z_m": 11.7,
    "normal_az": 232.0,
    "grade": "B",
    "근거등급": "B 일반식(전부 추정)",
    "근거": "일반식(도면 없음)",
    "추정항목": "도면 미수령. 층고 3.5m·창중심 바닥+1.2m·남향계열 외벽 전체를 5m 등간격 으로 분할 — 층고·창높이·수평배치가 **전부 가정값**이다. 도면을 받으면 위치와 높이가 모두 바뀐다",
    "estimated": true
   }
  },
  {
   "type": "Feature",
   "geometry": {
    "type": "Point",
    "coordinates": [
     126.9336553,
     37.52552029
    ]
   },
   "properties": {
    "pid": "여의도고등학교 ②(4층) 1층-40",
    "school": "여의도고등학교",
    "jibun": "30-1",
    "kind": "교사동 창면",
    "dong": "여의도고등학교 ②(4층)",
    "floor": 1,
    "z_m": 1.2,
    "normal_az": 232.0,
    "grade": "B",
    "근거등급": "B 일반식(전부 추정)",
    "근거": "일반식(도면 없음)",
    "추정항목": "도면 미수령. 층고 3.5m·창중심 바닥+1.2m·남향계열 외벽 전체를 5m 등간격 으로 분할 — 층고·창높이·수평배치가 **전부 가정값**이다. 도면을 받으면 위치와 높이가 모두 바뀐다",
    "estimated": true
   }
  },
  {
   "type": "Feature",
   "geometry": {
    "type": "Point",
    "coordinates": [
     126.9336553,
     37.52552029
    ]
   },
   "properties": {
    "pid": "여의도고등학교 ②(4층) 2층-40",
    "school": "여의도고등학교",
    "jibun": "30-1",
    "kind": "교사동 창면",
    "dong": "여의도고등학교 ②(4층)",
    "floor": 2,
    "z_m": 4.7,
    "normal_az": 232.0,
    "grade": "B",
    "근거등급": "B 일반식(전부 추정)",
    "근거": "일반식(도면 없음)",
    "추정항목": "도면 미수령. 층고 3.5m·창중심 바닥+1.2m·남향계열 외벽 전체를 5m 등간격 으로 분할 — 층고·창높이·수평배치가 **전부 가정값**이다. 도면을 받으면 위치와 높이가 모두 바뀐다",
    "estimated": true
   }
  },
  {
   "type": "Feature",
   "geometry": {
    "type": "Point",
    "coordinates": [
     126.9336553,
     37.52552029
    ]
   },
   "properties": {
    "pid": "여의도고등학교 ②(4층) 3층-40",
    "school": "여의도고등학교",
    "jibun": "30-1",
    "kind": "교사동 창면",
    "dong": "여의도고등학교 ②(4층)",
    "floor": 3,
    "z_m": 8.2,
    "normal_az": 232.0,
    "grade": "B",
    "근거등급": "B 일반식(전부 추정)",
    "근거": "일반식(도면 없음)",
    "추정항목": "도면 미수령. 층고 3.5m·창중심 바닥+1.2m·남향계열 외벽 전체를 5m 등간격 으로 분할 — 층고·창높이·수평배치가 **전부 가정값**이다. 도면을 받으면 위치와 높이가 모두 바뀐다",
    "estimated": true
   }
  },
  {
   "type": "Feature",
   "geometry": {
    "type": "Point",
    "coordinates": [
     126.9336553,
     37.52552029
    ]
   },
   "properties": {
    "pid": "여의도고등학교 ②(4층) 4층-40",
    "school": "여의도고등학교",
    "jibun": "30-1",
    "kind": "교사동 창면",
    "dong": "여의도고등학교 ②(4층)",
    "floor": 4,
    "z_m": 11.7,
    "normal_az": 232.0,
    "grade": "B",
    "근거등급": "B 일반식(전부 추정)",
    "근거": "일반식(도면 없음)",
    "추정항목": "도면 미수령. 층고 3.5m·창중심 바닥+1.2m·남향계열 외벽 전체를 5m 등간격 으로 분할 — 층고·창높이·수평배치가 **전부 가정값**이다. 도면을 받으면 위치와 높이가 모두 바뀐다",
    "estimated": true
   }
  },
  {
   "type": "Feature",
   "geometry": {
    "type": "Point",
    "coordinates": [
     126.93362009,
     37.52555608
    ]
   },
   "properties": {
    "pid": "여의도고등학교 ②(4층) 1층-41",
    "school": "여의도고등학교",
    "jibun": "30-1",
    "kind": "교사동 창면",
    "dong": "여의도고등학교 ②(4층)",
    "floor": 1,
    "z_m": 1.2,
    "normal_az": 232.0,
    "grade": "B",
    "근거등급": "B 일반식(전부 추정)",
    "근거": "일반식(도면 없음)",
    "추정항목": "도면 미수령. 층고 3.5m·창중심 바닥+1.2m·남향계열 외벽 전체를 5m 등간격 으로 분할 — 층고·창높이·수평배치가 **전부 가정값**이다. 도면을 받으면 위치와 높이가 모두 바뀐다",
    "estimated": true
   }
  },
  {
   "type": "Feature",
   "geometry": {
    "type": "Point",
    "coordinates": [
     126.93362009,
     37.52555608
    ]
   },
   "properties": {
    "pid": "여의도고등학교 ②(4층) 2층-41",
    "school": "여의도고등학교",
    "jibun": "30-1",
    "kind": "교사동 창면",
    "dong": "여의도고등학교 ②(4층)",
    "floor": 2,
    "z_m": 4.7,
    "normal_az": 232.0,
    "grade": "B",
    "근거등급": "B 일반식(전부 추정)",
    "근거": "일반식(도면 없음)",
    "추정항목": "도면 미수령. 층고 3.5m·창중심 바닥+1.2m·남향계열 외벽 전체를 5m 등간격 으로 분할 — 층고·창높이·수평배치가 **전부 가정값**이다. 도면을 받으면 위치와 높이가 모두 바뀐다",
    "estimated": true
   }
  },
  {
   "type": "Feature",
   "geometry": {
    "type": "Point",
    "coordinates": [
     126.93362009,
     37.52555608
    ]
   },
   "properties": {
    "pid": "여의도고등학교 ②(4층) 3층-41",
    "school": "여의도고등학교",
    "jibun": "30-1",
    "kind": "교사동 창면",
    "dong": "여의도고등학교 ②(4층)",
    "floor": 3,
    "z_m": 8.2,
    "normal_az": 232.0,
    "grade": "B",
    "근거등급": "B 일반식(전부 추정)",
    "근거": "일반식(도면 없음)",
    "추정항목": "도면 미수령. 층고 3.5m·창중심 바닥+1.2m·남향계열 외벽 전체를 5m 등간격 으로 분할 — 층고·창높이·수평배치가 **전부 가정값**이다. 도면을 받으면 위치와 높이가 모두 바뀐다",
    "estimated": true
   }
  },
  {
   "type": "Feature",
   "geometry": {
    "type": "Point",
    "coordinates": [
     126.93362009,
     37.52555608
    ]
   },
   "properties": {
    "pid": "여의도고등학교 ②(4층) 4층-41",
    "school": "여의도고등학교",
    "jibun": "30-1",
    "kind": "교사동 창면",
    "dong": "여의도고등학교 ②(4층)",
    "floor": 4,
    "z_m": 11.7,
    "normal_az": 232.0,
    "grade": "B",
    "근거등급": "B 일반식(전부 추정)",
    "근거": "일반식(도면 없음)",
    "추정항목": "도면 미수령. 층고 3.5m·창중심 바닥+1.2m·남향계열 외벽 전체를 5m 등간격 으로 분할 — 층고·창높이·수평배치가 **전부 가정값**이다. 도면을 받으면 위치와 높이가 모두 바뀐다",
    "estimated": true
   }
  },
  {
   "type": "Feature",
   "geometry": {
    "type": "Point",
    "coordinates": [
     126.93358489,
     37.52559187
    ]
   },
   "properties": {
    "pid": "여의도고등학교 ②(4층) 1층-42",
    "school": "여의도고등학교",
    "jibun": "30-1",
    "kind": "교사동 창면",
    "dong": "여의도고등학교 ②(4층)",
    "floor": 1,
    "z_m": 1.2,
    "normal_az": 232.0,
    "grade": "B",
    "근거등급": "B 일반식(전부 추정)",
    "근거": "일반식(도면 없음)",
    "추정항목": "도면 미수령. 층고 3.5m·창중심 바닥+1.2m·남향계열 외벽 전체를 5m 등간격 으로 분할 — 층고·창높이·수평배치가 **전부 가정값**이다. 도면을 받으면 위치와 높이가 모두 바뀐다",
    "estimated": true
   }
  },
  {
   "type": "Feature",
   "geometry": {
    "type": "Point",
    "coordinates": [
     126.93358489,
     37.52559187
    ]
   },
   "properties": {
    "pid": "여의도고등학교 ②(4층) 2층-42",
    "school": "여의도고등학교",
    "jibun": "30-1",
    "kind": "교사동 창면",
    "dong": "여의도고등학교 ②(4층)",
    "floor": 2,
    "z_m": 4.7,
    "normal_az": 232.0,
    "grade": "B",
    "근거등급": "B 일반식(전부 추정)",
    "근거": "일반식(도면 없음)",
    "추정항목": "도면 미수령. 층고 3.5m·창중심 바닥+1.2m·남향계열 외벽 전체를 5m 등간격 으로 분할 — 층고·창높이·수평배치가 **전부 가정값**이다. 도면을 받으면 위치와 높이가 모두 바뀐다",
    "estimated": true
   }
  },
  {
   "type": "Feature",
   "geometry": {
    "type": "Point",
    "coordinates": [
     126.93358489,
     37.52559187
    ]
   },
   "properties": {
    "pid": "여의도고등학교 ②(4층) 3층-42",
    "school": "여의도고등학교",
    "jibun": "30-1",
    "kind": "교사동 창면",
    "dong": "여의도고등학교 ②(4층)",
    "floor": 3,
    "z_m": 8.2,
    "normal_az": 232.0,
    "grade": "B",
    "근거등급": "B 일반식(전부 추정)",
    "근거": "일반식(도면 없음)",
    "추정항목": "도면 미수령. 층고 3.5m·창중심 바닥+1.2m·남향계열 외벽 전체를 5m 등간격 으로 분할 — 층고·창높이·수평배치가 **전부 가정값**이다. 도면을 받으면 위치와 높이가 모두 바뀐다",
    "estimated": true
   }
  },
  {
   "type": "Feature",
   "geometry": {
    "type": "Point",
    "coordinates": [
     126.93358489,
     37.52559187
    ]
   },
   "properties": {
    "pid": "여의도고등학교 ②(4층) 4층-42",
    "school": "여의도고등학교",
    "jibun": "30-1",
    "kind": "교사동 창면",
    "dong": "여의도고등학교 ②(4층)",
    "floor": 4,
    "z_m": 11.7,
    "normal_az": 232.0,
    "grade": "B",
    "근거등급": "B 일반식(전부 추정)",
    "근거": "일반식(도면 없음)",
    "추정항목": "도면 미수령. 층고 3.5m·창중심 바닥+1.2m·남향계열 외벽 전체를 5m 등간격 으로 분할 — 층고·창높이·수평배치가 **전부 가정값**이다. 도면을 받으면 위치와 높이가 모두 바뀐다",
    "estimated": true
   }
  },
  {
   "type": "Feature",
   "geometry": {
    "type": "Point",
    "coordinates": [
     126.93354968,
     37.52562766
    ]
   },
   "properties": {
    "pid": "여의도고등학교 ②(4층) 1층-43",
    "school": "여의도고등학교",
    "jibun": "30-1",
    "kind": "교사동 창면",
    "dong": "여의도고등학교 ②(4층)",
    "floor": 1,
    "z_m": 1.2,
    "normal_az": 232.0,
    "grade": "B",
    "근거등급": "B 일반식(전부 추정)",
    "근거": "일반식(도면 없음)",
    "추정항목": "도면 미수령. 층고 3.5m·창중심 바닥+1.2m·남향계열 외벽 전체를 5m 등간격 으로 분할 — 층고·창높이·수평배치가 **전부 가정값**이다. 도면을 받으면 위치와 높이가 모두 바뀐다",
    "estimated": true
   }
  },
  {
   "type": "Feature",
   "geometry": {
    "type": "Point",
    "coordinates": [
     126.93354968,
     37.52562766
    ]
   },
   "properties": {
    "pid": "여의도고등학교 ②(4층) 2층-43",
    "school": "여의도고등학교",
    "jibun": "30-1",
    "kind": "교사동 창면",
    "dong": "여의도고등학교 ②(4층)",
    "floor": 2,
    "z_m": 4.7,
    "normal_az": 232.0,
    "grade": "B",
    "근거등급": "B 일반식(전부 추정)",
    "근거": "일반식(도면 없음)",
    "추정항목": "도면 미수령. 층고 3.5m·창중심 바닥+1.2m·남향계열 외벽 전체를 5m 등간격 으로 분할 — 층고·창높이·수평배치가 **전부 가정값**이다. 도면을 받으면 위치와 높이가 모두 바뀐다",
    "estimated": true
   }
  },
  {
   "type": "Feature",
   "geometry": {
    "type": "Point",
    "coordinates": [
     126.93354968,
     37.52562766
    ]
   },
   "properties": {
    "pid": "여의도고등학교 ②(4층) 3층-43",
    "school": "여의도고등학교",
    "jibun": "30-1",
    "kind": "교사동 창면",
    "dong": "여의도고등학교 ②(4층)",
    "floor": 3,
    "z_m": 8.2,
    "normal_az": 232.0,
    "grade": "B",
    "근거등급": "B 일반식(전부 추정)",
    "근거": "일반식(도면 없음)",
    "추정항목": "도면 미수령. 층고 3.5m·창중심 바닥+1.2m·남향계열 외벽 전체를 5m 등간격 으로 분할 — 층고·창높이·수평배치가 **전부 가정값**이다. 도면을 받으면 위치와 높이가 모두 바뀐다",
    "estimated": true
   }
  },
  {
   "type": "Feature",
   "geometry": {
    "type": "Point",
    "coordinates": [
     126.93354968,
     37.52562766
    ]
   },
   "properties": {
    "pid": "여의도고등학교 ②(4층) 4층-43",
    "school": "여의도고등학교",
    "jibun": "30-1",
    "kind": "교사동 창면",
    "dong": "여의도고등학교 ②(4층)",
    "floor": 4,
    "z_m": 11.7,
    "normal_az": 232.0,
    "grade": "B",
    "근거등급": "B 일반식(전부 추정)",
    "근거": "일반식(도면 없음)",
    "추정항목": "도면 미수령. 층고 3.5m·창중심 바닥+1.2m·남향계열 외벽 전체를 5m 등간격 으로 분할 — 층고·창높이·수평배치가 **전부 가정값**이다. 도면을 받으면 위치와 높이가 모두 바뀐다",
    "estimated": true
   }
  },
  {
   "type": "Feature",
   "geometry": {
    "type": "Point",
    "coordinates": [
     126.93351447,
     37.52566345
    ]
   },
   "properties": {
    "pid": "여의도고등학교 ②(4층) 1층-44",
    "school": "여의도고등학교",
    "jibun": "30-1",
    "kind": "교사동 창면",
    "dong": "여의도고등학교 ②(4층)",
    "floor": 1,
    "z_m": 1.2,
    "normal_az": 232.0,
    "grade": "B",
    "근거등급": "B 일반식(전부 추정)",
    "근거": "일반식(도면 없음)",
    "추정항목": "도면 미수령. 층고 3.5m·창중심 바닥+1.2m·남향계열 외벽 전체를 5m 등간격 으로 분할 — 층고·창높이·수평배치가 **전부 가정값**이다. 도면을 받으면 위치와 높이가 모두 바뀐다",
    "estimated": true
   }
  },
  {
   "type": "Feature",
   "geometry": {
    "type": "Point",
    "coordinates": [
     126.93351447,
     37.52566345
    ]
   },
   "properties": {
    "pid": "여의도고등학교 ②(4층) 2층-44",
    "school": "여의도고등학교",
    "jibun": "30-1",
    "kind": "교사동 창면",
    "dong": "여의도고등학교 ②(4층)",
    "floor": 2,
    "z_m": 4.7,
    "normal_az": 232.0,
    "grade": "B",
    "근거등급": "B 일반식(전부 추정)",
    "근거": "일반식(도면 없음)",
    "추정항목": "도면 미수령. 층고 3.5m·창중심 바닥+1.2m·남향계열 외벽 전체를 5m 등간격 으로 분할 — 층고·창높이·수평배치가 **전부 가정값**이다. 도면을 받으면 위치와 높이가 모두 바뀐다",
    "estimated": true
   }
  },
  {
   "type": "Feature",
   "geometry": {
    "type": "Point",
    "coordinates": [
     126.93351447,
     37.52566345
    ]
   },
   "properties": {
    "pid": "여의도고등학교 ②(4층) 3층-44",
    "school": "여의도고등학교",
    "jibun": "30-1",
    "kind": "교사동 창면",
    "dong": "여의도고등학교 ②(4층)",
    "floor": 3,
    "z_m": 8.2,
    "normal_az": 232.0,
    "grade": "B",
    "근거등급": "B 일반식(전부 추정)",
    "근거": "일반식(도면 없음)",
    "추정항목": "도면 미수령. 층고 3.5m·창중심 바닥+1.2m·남향계열 외벽 전체를 5m 등간격 으로 분할 — 층고·창높이·수평배치가 **전부 가정값**이다. 도면을 받으면 위치와 높이가 모두 바뀐다",
    "estimated": true
   }
  },
  {
   "type": "Feature",
   "geometry": {
    "type": "Point",
    "coordinates": [
     126.93351447,
     37.52566345
    ]
   },
   "properties": {
    "pid": "여의도고등학교 ②(4층) 4층-44",
    "school": "여의도고등학교",
    "jibun": "30-1",
    "kind": "교사동 창면",
    "dong": "여의도고등학교 ②(4층)",
    "floor": 4,
    "z_m": 11.7,
    "normal_az": 232.0,
    "grade": "B",
    "근거등급": "B 일반식(전부 추정)",
    "근거": "일반식(도면 없음)",
    "추정항목": "도면 미수령. 층고 3.5m·창중심 바닥+1.2m·남향계열 외벽 전체를 5m 등간격 으로 분할 — 층고·창높이·수평배치가 **전부 가정값**이다. 도면을 받으면 위치와 높이가 모두 바뀐다",
    "estimated": true
   }
  },
  {
   "type": "Feature",
   "geometry": {
    "type": "Point",
    "coordinates": [
     126.93425532,
     37.52445498
    ]
   },
   "properties": {
    "pid": "여의도고등학교 ③(3층) 1층-1",
    "school": "여의도고등학교",
    "jibun": "30-1",
    "kind": "교사동 창면",
    "dong": "여의도고등학교 ③(3층)",
    "floor": 1,
    "z_m": 1.2,
    "normal_az": 141.3,
    "grade": "B",
    "근거등급": "B 일반식(전부 추정)",
    "근거": "일반식(도면 없음)",
    "추정항목": "도면 미수령. 층고 3.5m·창중심 바닥+1.2m·남향계열 외벽 전체를 5m 등간격 으로 분할 — 층고·창높이·수평배치가 **전부 가정값**이다. 도면을 받으면 위치와 높이가 모두 바뀐다",
    "estimated": true
   }
  },
  {
   "type": "Feature",
   "geometry": {
    "type": "Point",
    "coordinates": [
     126.93425532,
     37.52445498
    ]
   },
   "properties": {
    "pid": "여의도고등학교 ③(3층) 2층-1",
    "school": "여의도고등학교",
    "jibun": "30-1",
    "kind": "교사동 창면",
    "dong": "여의도고등학교 ③(3층)",
    "floor": 2,
    "z_m": 4.7,
    "normal_az": 141.3,
    "grade": "B",
    "근거등급": "B 일반식(전부 추정)",
    "근거": "일반식(도면 없음)",
    "추정항목": "도면 미수령. 층고 3.5m·창중심 바닥+1.2m·남향계열 외벽 전체를 5m 등간격 으로 분할 — 층고·창높이·수평배치가 **전부 가정값**이다. 도면을 받으면 위치와 높이가 모두 바뀐다",
    "estimated": true
   }
  },
  {
   "type": "Feature",
   "geometry": {
    "type": "Point",
    "coordinates": [
     126.93425532,
     37.52445498
    ]
   },
   "properties": {
    "pid": "여의도고등학교 ③(3층) 3층-1",
    "school": "여의도고등학교",
    "jibun": "30-1",
    "kind": "교사동 창면",
    "dong": "여의도고등학교 ③(3층)",
    "floor": 3,
    "z_m": 8.2,
    "normal_az": 141.3,
    "grade": "B",
    "근거등급": "B 일반식(전부 추정)",
    "근거": "일반식(도면 없음)",
    "추정항목": "도면 미수령. 층고 3.5m·창중심 바닥+1.2m·남향계열 외벽 전체를 5m 등간격 으로 분할 — 층고·창높이·수평배치가 **전부 가정값**이다. 도면을 받으면 위치와 높이가 모두 바뀐다",
    "estimated": true
   }
  },
  {
   "type": "Feature",
   "geometry": {
    "type": "Point",
    "coordinates": [
     126.93420967,
     37.52442581
    ]
   },
   "properties": {
    "pid": "여의도고등학교 ③(3층) 1층-2",
    "school": "여의도고등학교",
    "jibun": "30-1",
    "kind": "교사동 창면",
    "dong": "여의도고등학교 ③(3층)",
    "floor": 1,
    "z_m": 1.2,
    "normal_az": 141.3,
    "grade": "B",
    "근거등급": "B 일반식(전부 추정)",
    "근거": "일반식(도면 없음)",
    "추정항목": "도면 미수령. 층고 3.5m·창중심 바닥+1.2m·남향계열 외벽 전체를 5m 등간격 으로 분할 — 층고·창높이·수평배치가 **전부 가정값**이다. 도면을 받으면 위치와 높이가 모두 바뀐다",
    "estimated": true
   }
  },
  {
   "type": "Feature",
   "geometry": {
    "type": "Point",
    "coordinates": [
     126.93420967,
     37.52442581
    ]
   },
   "properties": {
    "pid": "여의도고등학교 ③(3층) 2층-2",
    "school": "여의도고등학교",
    "jibun": "30-1",
    "kind": "교사동 창면",
    "dong": "여의도고등학교 ③(3층)",
    "floor": 2,
    "z_m": 4.7,
    "normal_az": 141.3,
    "grade": "B",
    "근거등급": "B 일반식(전부 추정)",
    "근거": "일반식(도면 없음)",
    "추정항목": "도면 미수령. 층고 3.5m·창중심 바닥+1.2m·남향계열 외벽 전체를 5m 등간격 으로 분할 — 층고·창높이·수평배치가 **전부 가정값**이다. 도면을 받으면 위치와 높이가 모두 바뀐다",
    "estimated": true
   }
  },
  {
   "type": "Feature",
   "geometry": {
    "type": "Point",
    "coordinates": [
     126.93420967,
     37.52442581
    ]
   },
   "properties": {
    "pid": "여의도고등학교 ③(3층) 3층-2",
    "school": "여의도고등학교",
    "jibun": "30-1",
    "kind": "교사동 창면",
    "dong": "여의도고등학교 ③(3층)",
    "floor": 3,
    "z_m": 8.2,
    "normal_az": 141.3,
    "grade": "B",
    "근거등급": "B 일반식(전부 추정)",
    "근거": "일반식(도면 없음)",
    "추정항목": "도면 미수령. 층고 3.5m·창중심 바닥+1.2m·남향계열 외벽 전체를 5m 등간격 으로 분할 — 층고·창높이·수평배치가 **전부 가정값**이다. 도면을 받으면 위치와 높이가 모두 바뀐다",
    "estimated": true
   }
  },
  {
   "type": "Feature",
   "geometry": {
    "type": "Point",
    "coordinates": [
     126.93416401,
     37.52439664
    ]
   },
   "properties": {
    "pid": "여의도고등학교 ③(3층) 1층-3",
    "school": "여의도고등학교",
    "jibun": "30-1",
    "kind": "교사동 창면",
    "dong": "여의도고등학교 ③(3층)",
    "floor": 1,
    "z_m": 1.2,
    "normal_az": 141.3,
    "grade": "B",
    "근거등급": "B 일반식(전부 추정)",
    "근거": "일반식(도면 없음)",
    "추정항목": "도면 미수령. 층고 3.5m·창중심 바닥+1.2m·남향계열 외벽 전체를 5m 등간격 으로 분할 — 층고·창높이·수평배치가 **전부 가정값**이다. 도면을 받으면 위치와 높이가 모두 바뀐다",
    "estimated": true
   }
  },
  {
   "type": "Feature",
   "geometry": {
    "type": "Point",
    "coordinates": [
     126.93416401,
     37.52439664
    ]
   },
   "properties": {
    "pid": "여의도고등학교 ③(3층) 2층-3",
    "school": "여의도고등학교",
    "jibun": "30-1",
    "kind": "교사동 창면",
    "dong": "여의도고등학교 ③(3층)",
    "floor": 2,
    "z_m": 4.7,
    "normal_az": 141.3,
    "grade": "B",
    "근거등급": "B 일반식(전부 추정)",
    "근거": "일반식(도면 없음)",
    "추정항목": "도면 미수령. 층고 3.5m·창중심 바닥+1.2m·남향계열 외벽 전체를 5m 등간격 으로 분할 — 층고·창높이·수평배치가 **전부 가정값**이다. 도면을 받으면 위치와 높이가 모두 바뀐다",
    "estimated": true
   }
  },
  {
   "type": "Feature",
   "geometry": {
    "type": "Point",
    "coordinates": [
     126.93416401,
     37.52439664
    ]
   },
   "properties": {
    "pid": "여의도고등학교 ③(3층) 3층-3",
    "school": "여의도고등학교",
    "jibun": "30-1",
    "kind": "교사동 창면",
    "dong": "여의도고등학교 ③(3층)",
    "floor": 3,
    "z_m": 8.2,
    "normal_az": 141.3,
    "grade": "B",
    "근거등급": "B 일반식(전부 추정)",
    "근거": "일반식(도면 없음)",
    "추정항목": "도면 미수령. 층고 3.5m·창중심 바닥+1.2m·남향계열 외벽 전체를 5m 등간격 으로 분할 — 층고·창높이·수평배치가 **전부 가정값**이다. 도면을 받으면 위치와 높이가 모두 바뀐다",
    "estimated": true
   }
  },
  {
   "type": "Feature",
   "geometry": {
    "type": "Point",
    "coordinates": [
     126.93411837,
     37.52436747
    ]
   },
   "properties": {
    "pid": "여의도고등학교 ③(3층) 1층-4",
    "school": "여의도고등학교",
    "jibun": "30-1",
    "kind": "교사동 창면",
    "dong": "여의도고등학교 ③(3층)",
    "floor": 1,
    "z_m": 1.2,
    "normal_az": 141.3,
    "grade": "B",
    "근거등급": "B 일반식(전부 추정)",
    "근거": "일반식(도면 없음)",
    "추정항목": "도면 미수령. 층고 3.5m·창중심 바닥+1.2m·남향계열 외벽 전체를 5m 등간격 으로 분할 — 층고·창높이·수평배치가 **전부 가정값**이다. 도면을 받으면 위치와 높이가 모두 바뀐다",
    "estimated": true
   }
  },
  {
   "type": "Feature",
   "geometry": {
    "type": "Point",
    "coordinates": [
     126.93411837,
     37.52436747
    ]
   },
   "properties": {
    "pid": "여의도고등학교 ③(3층) 2층-4",
    "school": "여의도고등학교",
    "jibun": "30-1",
    "kind": "교사동 창면",
    "dong": "여의도고등학교 ③(3층)",
    "floor": 2,
    "z_m": 4.7,
    "normal_az": 141.3,
    "grade": "B",
    "근거등급": "B 일반식(전부 추정)",
    "근거": "일반식(도면 없음)",
    "추정항목": "도면 미수령. 층고 3.5m·창중심 바닥+1.2m·남향계열 외벽 전체를 5m 등간격 으로 분할 — 층고·창높이·수평배치가 **전부 가정값**이다. 도면을 받으면 위치와 높이가 모두 바뀐다",
    "estimated": true
   }
  },
  {
   "type": "Feature",
   "geometry": {
    "type": "Point",
    "coordinates": [
     126.93411837,
     37.52436747
    ]
   },
   "properties": {
    "pid": "여의도고등학교 ③(3층) 3층-4",
    "school": "여의도고등학교",
    "jibun": "30-1",
    "kind": "교사동 창면",
    "dong": "여의도고등학교 ③(3층)",
    "floor": 3,
    "z_m": 8.2,
    "normal_az": 141.3,
    "grade": "B",
    "근거등급": "B 일반식(전부 추정)",
    "근거": "일반식(도면 없음)",
    "추정항목": "도면 미수령. 층고 3.5m·창중심 바닥+1.2m·남향계열 외벽 전체를 5m 등간격 으로 분할 — 층고·창높이·수평배치가 **전부 가정값**이다. 도면을 받으면 위치와 높이가 모두 바뀐다",
    "estimated": true
   }
  },
  {
   "type": "Feature",
   "geometry": {
    "type": "Point",
    "coordinates": [
     126.93407272,
     37.5243383
    ]
   },
   "properties": {
    "pid": "여의도고등학교 ③(3층) 1층-5",
    "school": "여의도고등학교",
    "jibun": "30-1",
    "kind": "교사동 창면",
    "dong": "여의도고등학교 ③(3층)",
    "floor": 1,
    "z_m": 1.2,
    "normal_az": 141.3,
    "grade": "B",
    "근거등급": "B 일반식(전부 추정)",
    "근거": "일반식(도면 없음)",
    "추정항목": "도면 미수령. 층고 3.5m·창중심 바닥+1.2m·남향계열 외벽 전체를 5m 등간격 으로 분할 — 층고·창높이·수평배치가 **전부 가정값**이다. 도면을 받으면 위치와 높이가 모두 바뀐다",
    "estimated": true
   }
  },
  {
   "type": "Feature",
   "geometry": {
    "type": "Point",
    "coordinates": [
     126.93407272,
     37.5243383
    ]
   },
   "properties": {
    "pid": "여의도고등학교 ③(3층) 2층-5",
    "school": "여의도고등학교",
    "jibun": "30-1",
    "kind": "교사동 창면",
    "dong": "여의도고등학교 ③(3층)",
    "floor": 2,
    "z_m": 4.7,
    "normal_az": 141.3,
    "grade": "B",
    "근거등급": "B 일반식(전부 추정)",
    "근거": "일반식(도면 없음)",
    "추정항목": "도면 미수령. 층고 3.5m·창중심 바닥+1.2m·남향계열 외벽 전체를 5m 등간격 으로 분할 — 층고·창높이·수평배치가 **전부 가정값**이다. 도면을 받으면 위치와 높이가 모두 바뀐다",
    "estimated": true
   }
  },
  {
   "type": "Feature",
   "geometry": {
    "type": "Point",
    "coordinates": [
     126.93407272,
     37.5243383
    ]
   },
   "properties": {
    "pid": "여의도고등학교 ③(3층) 3층-5",
    "school": "여의도고등학교",
    "jibun": "30-1",
    "kind": "교사동 창면",
    "dong": "여의도고등학교 ③(3층)",
    "floor": 3,
    "z_m": 8.2,
    "normal_az": 141.3,
    "grade": "B",
    "근거등급": "B 일반식(전부 추정)",
    "근거": "일반식(도면 없음)",
    "추정항목": "도면 미수령. 층고 3.5m·창중심 바닥+1.2m·남향계열 외벽 전체를 5m 등간격 으로 분할 — 층고·창높이·수평배치가 **전부 가정값**이다. 도면을 받으면 위치와 높이가 모두 바뀐다",
    "estimated": true
   }
  },
  {
   "type": "Feature",
   "geometry": {
    "type": "Point",
    "coordinates": [
     126.93402706,
     37.52430913
    ]
   },
   "properties": {
    "pid": "여의도고등학교 ③(3층) 1층-6",
    "school": "여의도고등학교",
    "jibun": "30-1",
    "kind": "교사동 창면",
    "dong": "여의도고등학교 ③(3층)",
    "floor": 1,
    "z_m": 1.2,
    "normal_az": 141.3,
    "grade": "B",
    "근거등급": "B 일반식(전부 추정)",
    "근거": "일반식(도면 없음)",
    "추정항목": "도면 미수령. 층고 3.5m·창중심 바닥+1.2m·남향계열 외벽 전체를 5m 등간격 으로 분할 — 층고·창높이·수평배치가 **전부 가정값**이다. 도면을 받으면 위치와 높이가 모두 바뀐다",
    "estimated": true
   }
  },
  {
   "type": "Feature",
   "geometry": {
    "type": "Point",
    "coordinates": [
     126.93402706,
     37.52430913
    ]
   },
   "properties": {
    "pid": "여의도고등학교 ③(3층) 2층-6",
    "school": "여의도고등학교",
    "jibun": "30-1",
    "kind": "교사동 창면",
    "dong": "여의도고등학교 ③(3층)",
    "floor": 2,
    "z_m": 4.7,
    "normal_az": 141.3,
    "grade": "B",
    "근거등급": "B 일반식(전부 추정)",
    "근거": "일반식(도면 없음)",
    "추정항목": "도면 미수령. 층고 3.5m·창중심 바닥+1.2m·남향계열 외벽 전체를 5m 등간격 으로 분할 — 층고·창높이·수평배치가 **전부 가정값**이다. 도면을 받으면 위치와 높이가 모두 바뀐다",
    "estimated": true
   }
  },
  {
   "type": "Feature",
   "geometry": {
    "type": "Point",
    "coordinates": [
     126.93402706,
     37.52430913
    ]
   },
   "properties": {
    "pid": "여의도고등학교 ③(3층) 3층-6",
    "school": "여의도고등학교",
    "jibun": "30-1",
    "kind": "교사동 창면",
    "dong": "여의도고등학교 ③(3층)",
    "floor": 3,
    "z_m": 8.2,
    "normal_az": 141.3,
    "grade": "B",
    "근거등급": "B 일반식(전부 추정)",
    "근거": "일반식(도면 없음)",
    "추정항목": "도면 미수령. 층고 3.5m·창중심 바닥+1.2m·남향계열 외벽 전체를 5m 등간격 으로 분할 — 층고·창높이·수평배치가 **전부 가정값**이다. 도면을 받으면 위치와 높이가 모두 바뀐다",
    "estimated": true
   }
  },
  {
   "type": "Feature",
   "geometry": {
    "type": "Point",
    "coordinates": [
     126.93398141,
     37.52427996
    ]
   },
   "properties": {
    "pid": "여의도고등학교 ③(3층) 1층-7",
    "school": "여의도고등학교",
    "jibun": "30-1",
    "kind": "교사동 창면",
    "dong": "여의도고등학교 ③(3층)",
    "floor": 1,
    "z_m": 1.2,
    "normal_az": 141.3,
    "grade": "B",
    "근거등급": "B 일반식(전부 추정)",
    "근거": "일반식(도면 없음)",
    "추정항목": "도면 미수령. 층고 3.5m·창중심 바닥+1.2m·남향계열 외벽 전체를 5m 등간격 으로 분할 — 층고·창높이·수평배치가 **전부 가정값**이다. 도면을 받으면 위치와 높이가 모두 바뀐다",
    "estimated": true
   }
  },
  {
   "type": "Feature",
   "geometry": {
    "type": "Point",
    "coordinates": [
     126.93398141,
     37.52427996
    ]
   },
   "properties": {
    "pid": "여의도고등학교 ③(3층) 2층-7",
    "school": "여의도고등학교",
    "jibun": "30-1",
    "kind": "교사동 창면",
    "dong": "여의도고등학교 ③(3층)",
    "floor": 2,
    "z_m": 4.7,
    "normal_az": 141.3,
    "grade": "B",
    "근거등급": "B 일반식(전부 추정)",
    "근거": "일반식(도면 없음)",
    "추정항목": "도면 미수령. 층고 3.5m·창중심 바닥+1.2m·남향계열 외벽 전체를 5m 등간격 으로 분할 — 층고·창높이·수평배치가 **전부 가정값**이다. 도면을 받으면 위치와 높이가 모두 바뀐다",
    "estimated": true
   }
  },
  {
   "type": "Feature",
   "geometry": {
    "type": "Point",
    "coordinates": [
     126.93398141,
     37.52427996
    ]
   },
   "properties": {
    "pid": "여의도고등학교 ③(3층) 3층-7",
    "school": "여의도고등학교",
    "jibun": "30-1",
    "kind": "교사동 창면",
    "dong": "여의도고등학교 ③(3층)",
    "floor": 3,
    "z_m": 8.2,
    "normal_az": 141.3,
    "grade": "B",
    "근거등급": "B 일반식(전부 추정)",
    "근거": "일반식(도면 없음)",
    "추정항목": "도면 미수령. 층고 3.5m·창중심 바닥+1.2m·남향계열 외벽 전체를 5m 등간격 으로 분할 — 층고·창높이·수평배치가 **전부 가정값**이다. 도면을 받으면 위치와 높이가 모두 바뀐다",
    "estimated": true
   }
  },
  {
   "type": "Feature",
   "geometry": {
    "type": "Point",
    "coordinates": [
     126.93393692,
     37.52430188
    ]
   },
   "properties": {
    "pid": "여의도고등학교 ③(3층) 1층-8",
    "school": "여의도고등학교",
    "jibun": "30-1",
    "kind": "교사동 창면",
    "dong": "여의도고등학교 ③(3층)",
    "floor": 1,
    "z_m": 1.2,
    "normal_az": 232.4,
    "grade": "B",
    "근거등급": "B 일반식(전부 추정)",
    "근거": "일반식(도면 없음)",
    "추정항목": "도면 미수령. 층고 3.5m·창중심 바닥+1.2m·남향계열 외벽 전체를 5m 등간격 으로 분할 — 층고·창높이·수평배치가 **전부 가정값**이다. 도면을 받으면 위치와 높이가 모두 바뀐다",
    "estimated": true
   }
  },
  {
   "type": "Feature",
   "geometry": {
    "type": "Point",
    "coordinates": [
     126.93393692,
     37.52430188
    ]
   },
   "properties": {
    "pid": "여의도고등학교 ③(3층) 2층-8",
    "school": "여의도고등학교",
    "jibun": "30-1",
    "kind": "교사동 창면",
    "dong": "여의도고등학교 ③(3층)",
    "floor": 2,
    "z_m": 4.7,
    "normal_az": 232.4,
    "grade": "B",
    "근거등급": "B 일반식(전부 추정)",
    "근거": "일반식(도면 없음)",
    "추정항목": "도면 미수령. 층고 3.5m·창중심 바닥+1.2m·남향계열 외벽 전체를 5m 등간격 으로 분할 — 층고·창높이·수평배치가 **전부 가정값**이다. 도면을 받으면 위치와 높이가 모두 바뀐다",
    "estimated": true
   }
  },
  {
   "type": "Feature",
   "geometry": {
    "type": "Point",
    "coordinates": [
     126.93393692,
     37.52430188
    ]
   },
   "properties": {
    "pid": "여의도고등학교 ③(3층) 3층-8",
    "school": "여의도고등학교",
    "jibun": "30-1",
    "kind": "교사동 창면",
    "dong": "여의도고등학교 ③(3층)",
    "floor": 3,
    "z_m": 8.2,
    "normal_az": 232.4,
    "grade": "B",
    "근거등급": "B 일반식(전부 추정)",
    "근거": "일반식(도면 없음)",
    "추정항목": "도면 미수령. 층고 3.5m·창중심 바닥+1.2m·남향계열 외벽 전체를 5m 등간격 으로 분할 — 층고·창높이·수평배치가 **전부 가정값**이다. 도면을 받으면 위치와 높이가 모두 바뀐다",
    "estimated": true
   }
  },
  {
   "type": "Feature",
   "geometry": {
    "type": "Point",
    "coordinates": [
     126.93390118,
     37.52433879
    ]
   },
   "properties": {
    "pid": "여의도고등학교 ③(3층) 1층-9",
    "school": "여의도고등학교",
    "jibun": "30-1",
    "kind": "교사동 창면",
    "dong": "여의도고등학교 ③(3층)",
    "floor": 1,
    "z_m": 1.2,
    "normal_az": 232.4,
    "grade": "B",
    "근거등급": "B 일반식(전부 추정)",
    "근거": "일반식(도면 없음)",
    "추정항목": "도면 미수령. 층고 3.5m·창중심 바닥+1.2m·남향계열 외벽 전체를 5m 등간격 으로 분할 — 층고·창높이·수평배치가 **전부 가정값**이다. 도면을 받으면 위치와 높이가 모두 바뀐다",
    "estimated": true
   }
  },
  {
   "type": "Feature",
   "geometry": {
    "type": "Point",
    "coordinates": [
     126.93390118,
     37.52433879
    ]
   },
   "properties": {
    "pid": "여의도고등학교 ③(3층) 2층-9",
    "school": "여의도고등학교",
    "jibun": "30-1",
    "kind": "교사동 창면",
    "dong": "여의도고등학교 ③(3층)",
    "floor": 2,
    "z_m": 4.7,
    "normal_az": 232.4,
    "grade": "B",
    "근거등급": "B 일반식(전부 추정)",
    "근거": "일반식(도면 없음)",
    "추정항목": "도면 미수령. 층고 3.5m·창중심 바닥+1.2m·남향계열 외벽 전체를 5m 등간격 으로 분할 — 층고·창높이·수평배치가 **전부 가정값**이다. 도면을 받으면 위치와 높이가 모두 바뀐다",
    "estimated": true
   }
  },
  {
   "type": "Feature",
   "geometry": {
    "type": "Point",
    "coordinates": [
     126.93390118,
     37.52433879
    ]
   },
   "properties": {
    "pid": "여의도고등학교 ③(3층) 3층-9",
    "school": "여의도고등학교",
    "jibun": "30-1",
    "kind": "교사동 창면",
    "dong": "여의도고등학교 ③(3층)",
    "floor": 3,
    "z_m": 8.2,
    "normal_az": 232.4,
    "grade": "B",
    "근거등급": "B 일반식(전부 추정)",
    "근거": "일반식(도면 없음)",
    "추정항목": "도면 미수령. 층고 3.5m·창중심 바닥+1.2m·남향계열 외벽 전체를 5m 등간격 으로 분할 — 층고·창높이·수평배치가 **전부 가정값**이다. 도면을 받으면 위치와 높이가 모두 바뀐다",
    "estimated": true
   }
  },
  {
   "type": "Feature",
   "geometry": {
    "type": "Point",
    "coordinates": [
     126.93386544,
     37.52437571
    ]
   },
   "properties": {
    "pid": "여의도고등학교 ③(3층) 1층-10",
    "school": "여의도고등학교",
    "jibun": "30-1",
    "kind": "교사동 창면",
    "dong": "여의도고등학교 ③(3층)",
    "floor": 1,
    "z_m": 1.2,
    "normal_az": 232.4,
    "grade": "B",
    "근거등급": "B 일반식(전부 추정)",
    "근거": "일반식(도면 없음)",
    "추정항목": "도면 미수령. 층고 3.5m·창중심 바닥+1.2m·남향계열 외벽 전체를 5m 등간격 으로 분할 — 층고·창높이·수평배치가 **전부 가정값**이다. 도면을 받으면 위치와 높이가 모두 바뀐다",
    "estimated": true
   }
  },
  {
   "type": "Feature",
   "geometry": {
    "type": "Point",
    "coordinates": [
     126.93386544,
     37.52437571
    ]
   },
   "properties": {
    "pid": "여의도고등학교 ③(3층) 2층-10",
    "school": "여의도고등학교",
    "jibun": "30-1",
    "kind": "교사동 창면",
    "dong": "여의도고등학교 ③(3층)",
    "floor": 2,
    "z_m": 4.7,
    "normal_az": 232.4,
    "grade": "B",
    "근거등급": "B 일반식(전부 추정)",
    "근거": "일반식(도면 없음)",
    "추정항목": "도면 미수령. 층고 3.5m·창중심 바닥+1.2m·남향계열 외벽 전체를 5m 등간격 으로 분할 — 층고·창높이·수평배치가 **전부 가정값**이다. 도면을 받으면 위치와 높이가 모두 바뀐다",
    "estimated": true
   }
  },
  {
   "type": "Feature",
   "geometry": {
    "type": "Point",
    "coordinates": [
     126.93386544,
     37.52437571
    ]
   },
   "properties": {
    "pid": "여의도고등학교 ③(3층) 3층-10",
    "school": "여의도고등학교",
    "jibun": "30-1",
    "kind": "교사동 창면",
    "dong": "여의도고등학교 ③(3층)",
    "floor": 3,
    "z_m": 8.2,
    "normal_az": 232.4,
    "grade": "B",
    "근거등급": "B 일반식(전부 추정)",
    "근거": "일반식(도면 없음)",
    "추정항목": "도면 미수령. 층고 3.5m·창중심 바닥+1.2m·남향계열 외벽 전체를 5m 등간격 으로 분할 — 층고·창높이·수평배치가 **전부 가정값**이다. 도면을 받으면 위치와 높이가 모두 바뀐다",
    "estimated": true
   }
  },
  {
   "type": "Feature",
   "geometry": {
    "type": "Point",
    "coordinates": [
     126.93532282,
     37.52318266
    ]
   },
   "properties": {
    "pid": "여의도여자고등학교 ①(5층) 1층-1",
    "school": "여의도여자고등학교",
    "jibun": "40-2",
    "kind": "교사동 창면",
    "dong": "여의도여자고등학교 ①(5층)",
    "floor": 1,
    "z_m": 1.2,
    "normal_az": 170.4,
    "grade": "B",
    "근거등급": "B 일반식(전부 추정)",
    "근거": "일반식(도면 없음)",
    "추정항목": "도면 미수령. 층고 3.5m·창중심 바닥+1.2m·남향계열 외벽 전체를 5m 등간격 으로 분할 — 층고·창높이·수평배치가 **전부 가정값**이다. 도면을 받으면 위치와 높이가 모두 바뀐다",
    "estimated": true
   }
  },
  {
   "type": "Feature",
   "geometry": {
    "type": "Point",
    "coordinates": [
     126.93532282,
     37.52318266
    ]
   },
   "properties": {
    "pid": "여의도여자고등학교 ①(5층) 2층-1",
    "school": "여의도여자고등학교",
    "jibun": "40-2",
    "kind": "교사동 창면",
    "dong": "여의도여자고등학교 ①(5층)",
    "floor": 2,
    "z_m": 4.7,
    "normal_az": 170.4,
    "grade": "B",
    "근거등급": "B 일반식(전부 추정)",
    "근거": "일반식(도면 없음)",
    "추정항목": "도면 미수령. 층고 3.5m·창중심 바닥+1.2m·남향계열 외벽 전체를 5m 등간격 으로 분할 — 층고·창높이·수평배치가 **전부 가정값**이다. 도면을 받으면 위치와 높이가 모두 바뀐다",
    "estimated": true
   }
  },
  {
   "type": "Feature",
   "geometry": {
    "type": "Point",
    "coordinates": [
     126.93532282,
     37.52318266
    ]
   },
   "properties": {
    "pid": "여의도여자고등학교 ①(5층) 3층-1",
    "school": "여의도여자고등학교",
    "jibun": "40-2",
    "kind": "교사동 창면",
    "dong": "여의도여자고등학교 ①(5층)",
    "floor": 3,
    "z_m": 8.2,
    "normal_az": 170.4,
    "grade": "B",
    "근거등급": "B 일반식(전부 추정)",
    "근거": "일반식(도면 없음)",
    "추정항목": "도면 미수령. 층고 3.5m·창중심 바닥+1.2m·남향계열 외벽 전체를 5m 등간격 으로 분할 — 층고·창높이·수평배치가 **전부 가정값**이다. 도면을 받으면 위치와 높이가 모두 바뀐다",
    "estimated": true
   }
  },
  {
   "type": "Feature",
   "geometry": {
    "type": "Point",
    "coordinates": [
     126.93532282,
     37.52318266
    ]
   },
   "properties": {
    "pid": "여의도여자고등학교 ①(5층) 4층-1",
    "school": "여의도여자고등학교",
    "jibun": "40-2",
    "kind": "교사동 창면",
    "dong": "여의도여자고등학교 ①(5층)",
    "floor": 4,
    "z_m": 11.7,
    "normal_az": 170.4,
    "grade": "B",
    "근거등급": "B 일반식(전부 추정)",
    "근거": "일반식(도면 없음)",
    "추정항목": "도면 미수령. 층고 3.5m·창중심 바닥+1.2m·남향계열 외벽 전체를 5m 등간격 으로 분할 — 층고·창높이·수평배치가 **전부 가정값**이다. 도면을 받으면 위치와 높이가 모두 바뀐다",
    "estimated": true
   }
  },
  {
   "type": "Feature",
   "geometry": {
    "type": "Point",
    "coordinates": [
     126.93532282,
     37.52318266
    ]
   },
   "properties": {
    "pid": "여의도여자고등학교 ①(5층) 5층-1",
    "school": "여의도여자고등학교",
    "jibun": "40-2",
    "kind": "교사동 창면",
    "dong": "여의도여자고등학교 ①(5층)",
    "floor": 5,
    "z_m": 15.2,
    "normal_az": 170.4,
    "grade": "B",
    "근거등급": "B 일반식(전부 추정)",
    "근거": "일반식(도면 없음)",
    "추정항목": "도면 미수령. 층고 3.5m·창중심 바닥+1.2m·남향계열 외벽 전체를 5m 등간격 으로 분할 — 층고·창높이·수평배치가 **전부 가정값**이다. 도면을 받으면 위치와 높이가 모두 바뀐다",
    "estimated": true
   }
  },
  {
   "type": "Feature",
   "geometry": {
    "type": "Point",
    "coordinates": [
     126.93527642,
     37.52320853
    ]
   },
   "properties": {
    "pid": "여의도여자고등학교 ①(5층) 1층-2",
    "school": "여의도여자고등학교",
    "jibun": "40-2",
    "kind": "교사동 창면",
    "dong": "여의도여자고등학교 ①(5층)",
    "floor": 1,
    "z_m": 1.2,
    "normal_az": 232.2,
    "grade": "B",
    "근거등급": "B 일반식(전부 추정)",
    "근거": "일반식(도면 없음)",
    "추정항목": "도면 미수령. 층고 3.5m·창중심 바닥+1.2m·남향계열 외벽 전체를 5m 등간격 으로 분할 — 층고·창높이·수평배치가 **전부 가정값**이다. 도면을 받으면 위치와 높이가 모두 바뀐다",
    "estimated": true
   }
  },
  {
   "type": "Feature",
   "geometry": {
    "type": "Point",
    "coordinates": [
     126.93527642,
     37.52320853
    ]
   },
   "properties": {
    "pid": "여의도여자고등학교 ①(5층) 2층-2",
    "school": "여의도여자고등학교",
    "jibun": "40-2",
    "kind": "교사동 창면",
    "dong": "여의도여자고등학교 ①(5층)",
    "floor": 2,
    "z_m": 4.7,
    "normal_az": 232.2,
    "grade": "B",
    "근거등급": "B 일반식(전부 추정)",
    "근거": "일반식(도면 없음)",
    "추정항목": "도면 미수령. 층고 3.5m·창중심 바닥+1.2m·남향계열 외벽 전체를 5m 등간격 으로 분할 — 층고·창높이·수평배치가 **전부 가정값**이다. 도면을 받으면 위치와 높이가 모두 바뀐다",
    "estimated": true
   }
  },
  {
   "type": "Feature",
   "geometry": {
    "type": "Point",
    "coordinates": [
     126.93527642,
     37.52320853
    ]
   },
   "properties": {
    "pid": "여의도여자고등학교 ①(5층) 3층-2",
    "school": "여의도여자고등학교",
    "jibun": "40-2",
    "kind": "교사동 창면",
    "dong": "여의도여자고등학교 ①(5층)",
    "floor": 3,
    "z_m": 8.2,
    "normal_az": 232.2,
    "grade": "B",
    "근거등급": "B 일반식(전부 추정)",
    "근거": "일반식(도면 없음)",
    "추정항목": "도면 미수령. 층고 3.5m·창중심 바닥+1.2m·남향계열 외벽 전체를 5m 등간격 으로 분할 — 층고·창높이·수평배치가 **전부 가정값**이다. 도면을 받으면 위치와 높이가 모두 바뀐다",
    "estimated": true
   }
  },
  {
   "type": "Feature",
   "geometry": {
    "type": "Point",
    "coordinates": [
     126.93527642,
     37.52320853
    ]
   },
   "properties": {
    "pid": "여의도여자고등학교 ①(5층) 4층-2",
    "school": "여의도여자고등학교",
    "jibun": "40-2",
    "kind": "교사동 창면",
    "dong": "여의도여자고등학교 ①(5층)",
    "floor": 4,
    "z_m": 11.7,
    "normal_az": 232.2,
    "grade": "B",
    "근거등급": "B 일반식(전부 추정)",
    "근거": "일반식(도면 없음)",
    "추정항목": "도면 미수령. 층고 3.5m·창중심 바닥+1.2m·남향계열 외벽 전체를 5m 등간격 으로 분할 — 층고·창높이·수평배치가 **전부 가정값**이다. 도면을 받으면 위치와 높이가 모두 바뀐다",
    "estimated": true
   }
  },
  {
   "type": "Feature",
   "geometry": {
    "type": "Point",
    "coordinates": [
     126.93527642,
     37.52320853
    ]
   },
   "properties": {
    "pid": "여의도여자고등학교 ①(5층) 5층-2",
    "school": "여의도여자고등학교",
    "jibun": "40-2",
    "kind": "교사동 창면",
    "dong": "여의도여자고등학교 ①(5층)",
    "floor": 5,
    "z_m": 15.2,
    "normal_az": 232.2,
    "grade": "B",
    "근거등급": "B 일반식(전부 추정)",
    "근거": "일반식(도면 없음)",
    "추정항목": "도면 미수령. 층고 3.5m·창중심 바닥+1.2m·남향계열 외벽 전체를 5m 등간격 으로 분할 — 층고·창높이·수평배치가 **전부 가정값**이다. 도면을 받으면 위치와 높이가 모두 바뀐다",
    "estimated": true
   }
  },
  {
   "type": "Feature",
   "geometry": {
    "type": "Point",
    "coordinates": [
     126.93524367,
     37.52321694
    ]
   },
   "properties": {
    "pid": "여의도여자고등학교 ①(5층) 1층-3",
    "school": "여의도여자고등학교",
    "jibun": "40-2",
    "kind": "교사동 창면",
    "dong": "여의도여자고등학교 ①(5층)",
    "floor": 1,
    "z_m": 1.2,
    "normal_az": 142.3,
    "grade": "B",
    "근거등급": "B 일반식(전부 추정)",
    "근거": "일반식(도면 없음)",
    "추정항목": "도면 미수령. 층고 3.5m·창중심 바닥+1.2m·남향계열 외벽 전체를 5m 등간격 으로 분할 — 층고·창높이·수평배치가 **전부 가정값**이다. 도면을 받으면 위치와 높이가 모두 바뀐다",
    "estimated": true
   }
  },
  {
   "type": "Feature",
   "geometry": {
    "type": "Point",
    "coordinates": [
     126.93524367,
     37.52321694
    ]
   },
   "properties": {
    "pid": "여의도여자고등학교 ①(5층) 2층-3",
    "school": "여의도여자고등학교",
    "jibun": "40-2",
    "kind": "교사동 창면",
    "dong": "여의도여자고등학교 ①(5층)",
    "floor": 2,
    "z_m": 4.7,
    "normal_az": 142.3,
    "grade": "B",
    "근거등급": "B 일반식(전부 추정)",
    "근거": "일반식(도면 없음)",
    "추정항목": "도면 미수령. 층고 3.5m·창중심 바닥+1.2m·남향계열 외벽 전체를 5m 등간격 으로 분할 — 층고·창높이·수평배치가 **전부 가정값**이다. 도면을 받으면 위치와 높이가 모두 바뀐다",
    "estimated": true
   }
  },
  {
   "type": "Feature",
   "geometry": {
    "type": "Point",
    "coordinates": [
     126.93524367,
     37.52321694
    ]
   },
   "properties": {
    "pid": "여의도여자고등학교 ①(5층) 3층-3",
    "school": "여의도여자고등학교",
    "jibun": "40-2",
    "kind": "교사동 창면",
    "dong": "여의도여자고등학교 ①(5층)",
    "floor": 3,
    "z_m": 8.2,
    "normal_az": 142.3,
    "grade": "B",
    "근거등급": "B 일반식(전부 추정)",
    "근거": "일반식(도면 없음)",
    "추정항목": "도면 미수령. 층고 3.5m·창중심 바닥+1.2m·남향계열 외벽 전체를 5m 등간격 으로 분할 — 층고·창높이·수평배치가 **전부 가정값**이다. 도면을 받으면 위치와 높이가 모두 바뀐다",
    "estimated": true
   }
  },
  {
   "type": "Feature",
   "geometry": {
    "type": "Point",
    "coordinates": [
     126.93524367,
     37.52321694
    ]
   },
   "properties": {
    "pid": "여의도여자고등학교 ①(5층) 4층-3",
    "school": "여의도여자고등학교",
    "jibun": "40-2",
    "kind": "교사동 창면",
    "dong": "여의도여자고등학교 ①(5층)",
    "floor": 4,
    "z_m": 11.7,
    "normal_az": 142.3,
    "grade": "B",
    "근거등급": "B 일반식(전부 추정)",
    "근거": "일반식(도면 없음)",
    "추정항목": "도면 미수령. 층고 3.5m·창중심 바닥+1.2m·남향계열 외벽 전체를 5m 등간격 으로 분할 — 층고·창높이·수평배치가 **전부 가정값**이다. 도면을 받으면 위치와 높이가 모두 바뀐다",
    "estimated": true
   }
  },
  {
   "type": "Feature",
   "geometry": {
    "type": "Point",
    "coordinates": [
     126.93524367,
     37.52321694
    ]
   },
   "properties": {
    "pid": "여의도여자고등학교 ①(5층) 5층-3",
    "school": "여의도여자고등학교",
    "jibun": "40-2",
    "kind": "교사동 창면",
    "dong": "여의도여자고등학교 ①(5층)",
    "floor": 5,
    "z_m": 15.2,
    "normal_az": 142.3,
    "grade": "B",
    "근거등급": "B 일반식(전부 추정)",
    "근거": "일반식(도면 없음)",
    "추정항목": "도면 미수령. 층고 3.5m·창중심 바닥+1.2m·남향계열 외벽 전체를 5m 등간격 으로 분할 — 층고·창높이·수평배치가 **전부 가정값**이다. 도면을 받으면 위치와 높이가 모두 바뀐다",
    "estimated": true
   }
  },
  {
   "type": "Feature",
   "geometry": {
    "type": "Point",
    "coordinates": [
     126.93519379,
     37.52319869
    ]
   },
   "properties": {
    "pid": "여의도여자고등학교 ①(5층) 1층-4",
    "school": "여의도여자고등학교",
    "jibun": "40-2",
    "kind": "교사동 창면",
    "dong": "여의도여자고등학교 ①(5층)",
    "floor": 1,
    "z_m": 1.2,
    "normal_az": 231.6,
    "grade": "B",
    "근거등급": "B 일반식(전부 추정)",
    "근거": "일반식(도면 없음)",
    "추정항목": "도면 미수령. 층고 3.5m·창중심 바닥+1.2m·남향계열 외벽 전체를 5m 등간격 으로 분할 — 층고·창높이·수평배치가 **전부 가정값**이다. 도면을 받으면 위치와 높이가 모두 바뀐다",
    "estimated": true
   }
  },
  {
   "type": "Feature",
   "geometry": {
    "type": "Point",
    "coordinates": [
     126.93519379,
     37.52319869
    ]
   },
   "properties": {
    "pid": "여의도여자고등학교 ①(5층) 2층-4",
    "school": "여의도여자고등학교",
    "jibun": "40-2",
    "kind": "교사동 창면",
    "dong": "여의도여자고등학교 ①(5층)",
    "floor": 2,
    "z_m": 4.7,
    "normal_az": 231.6,
    "grade": "B",
    "근거등급": "B 일반식(전부 추정)",
    "근거": "일반식(도면 없음)",
    "추정항목": "도면 미수령. 층고 3.5m·창중심 바닥+1.2m·남향계열 외벽 전체를 5m 등간격 으로 분할 — 층고·창높이·수평배치가 **전부 가정값**이다. 도면을 받으면 위치와 높이가 모두 바뀐다",
    "estimated": true
   }
  },
  {
   "type": "Feature",
   "geometry": {
    "type": "Point",
    "coordinates": [
     126.93519379,
     37.52319869
    ]
   },
   "properties": {
    "pid": "여의도여자고등학교 ①(5층) 3층-4",
    "school": "여의도여자고등학교",
    "jibun": "40-2",
    "kind": "교사동 창면",
    "dong": "여의도여자고등학교 ①(5층)",
    "floor": 3,
    "z_m": 8.2,
    "normal_az": 231.6,
    "grade": "B",
    "근거등급": "B 일반식(전부 추정)",
    "근거": "일반식(도면 없음)",
    "추정항목": "도면 미수령. 층고 3.5m·창중심 바닥+1.2m·남향계열 외벽 전체를 5m 등간격 으로 분할 — 층고·창높이·수평배치가 **전부 가정값**이다. 도면을 받으면 위치와 높이가 모두 바뀐다",
    "estimated": true
   }
  },
  {
   "type": "Feature",
   "geometry": {
    "type": "Point",
    "coordinates": [
     126.93519379,
     37.52319869
    ]
   },
   "properties": {
    "pid": "여의도여자고등학교 ①(5층) 4층-4",
    "school": "여의도여자고등학교",
    "jibun": "40-2",
    "kind": "교사동 창면",
    "dong": "여의도여자고등학교 ①(5층)",
    "floor": 4,
    "z_m": 11.7,
    "normal_az": 231.6,
    "grade": "B",
    "근거등급": "B 일반식(전부 추정)",
    "근거": "일반식(도면 없음)",
    "추정항목": "도면 미수령. 층고 3.5m·창중심 바닥+1.2m·남향계열 외벽 전체를 5m 등간격 으로 분할 — 층고·창높이·수평배치가 **전부 가정값**이다. 도면을 받으면 위치와 높이가 모두 바뀐다",
    "estimated": true
   }
  },
  {
   "type": "Feature",
   "geometry": {
    "type": "Point",
    "coordinates": [
     126.93519379,
     37.52319869
    ]
   },
   "properties": {
    "pid": "여의도여자고등학교 ①(5층) 5층-4",
    "school": "여의도여자고등학교",
    "jibun": "40-2",
    "kind": "교사동 창면",
    "dong": "여의도여자고등학교 ①(5층)",
    "floor": 5,
    "z_m": 15.2,
    "normal_az": 231.6,
    "grade": "B",
    "근거등급": "B 일반식(전부 추정)",
    "근거": "일반식(도면 없음)",
    "추정항목": "도면 미수령. 층고 3.5m·창중심 바닥+1.2m·남향계열 외벽 전체를 5m 등간격 으로 분할 — 층고·창높이·수평배치가 **전부 가정값**이다. 도면을 받으면 위치와 높이가 모두 바뀐다",
    "estimated": true
   }
  },
  {
   "type": "Feature",
   "geometry": {
    "type": "Point",
    "coordinates": [
     126.93515846,
     37.5232341
    ]
   },
   "properties": {
    "pid": "여의도여자고등학교 ①(5층) 1층-5",
    "school": "여의도여자고등학교",
    "jibun": "40-2",
    "kind": "교사동 창면",
    "dong": "여의도여자고등학교 ①(5층)",
    "floor": 1,
    "z_m": 1.2,
    "normal_az": 231.6,
    "grade": "B",
    "근거등급": "B 일반식(전부 추정)",
    "근거": "일반식(도면 없음)",
    "추정항목": "도면 미수령. 층고 3.5m·창중심 바닥+1.2m·남향계열 외벽 전체를 5m 등간격 으로 분할 — 층고·창높이·수평배치가 **전부 가정값**이다. 도면을 받으면 위치와 높이가 모두 바뀐다",
    "estimated": true
   }
  },
  {
   "type": "Feature",
   "geometry": {
    "type": "Point",
    "coordinates": [
     126.93515846,
     37.5232341
    ]
   },
   "properties": {
    "pid": "여의도여자고등학교 ①(5층) 2층-5",
    "school": "여의도여자고등학교",
    "jibun": "40-2",
    "kind": "교사동 창면",
    "dong": "여의도여자고등학교 ①(5층)",
    "floor": 2,
    "z_m": 4.7,
    "normal_az": 231.6,
    "grade": "B",
    "근거등급": "B 일반식(전부 추정)",
    "근거": "일반식(도면 없음)",
    "추정항목": "도면 미수령. 층고 3.5m·창중심 바닥+1.2m·남향계열 외벽 전체를 5m 등간격 으로 분할 — 층고·창높이·수평배치가 **전부 가정값**이다. 도면을 받으면 위치와 높이가 모두 바뀐다",
    "estimated": true
   }
  },
  {
   "type": "Feature",
   "geometry": {
    "type": "Point",
    "coordinates": [
     126.93515846,
     37.5232341
    ]
   },
   "properties": {
    "pid": "여의도여자고등학교 ①(5층) 3층-5",
    "school": "여의도여자고등학교",
    "jibun": "40-2",
    "kind": "교사동 창면",
    "dong": "여의도여자고등학교 ①(5층)",
    "floor": 3,
    "z_m": 8.2,
    "normal_az": 231.6,
    "grade": "B",
    "근거등급": "B 일반식(전부 추정)",
    "근거": "일반식(도면 없음)",
    "추정항목": "도면 미수령. 층고 3.5m·창중심 바닥+1.2m·남향계열 외벽 전체를 5m 등간격 으로 분할 — 층고·창높이·수평배치가 **전부 가정값**이다. 도면을 받으면 위치와 높이가 모두 바뀐다",
    "estimated": true
   }
  },
  {
   "type": "Feature",
   "geometry": {
    "type": "Point",
    "coordinates": [
     126.93515846,
     37.5232341
    ]
   },
   "properties": {
    "pid": "여의도여자고등학교 ①(5층) 4층-5",
    "school": "여의도여자고등학교",
    "jibun": "40-2",
    "kind": "교사동 창면",
    "dong": "여의도여자고등학교 ①(5층)",
    "floor": 4,
    "z_m": 11.7,
    "normal_az": 231.6,
    "grade": "B",
    "근거등급": "B 일반식(전부 추정)",
    "근거": "일반식(도면 없음)",
    "추정항목": "도면 미수령. 층고 3.5m·창중심 바닥+1.2m·남향계열 외벽 전체를 5m 등간격 으로 분할 — 층고·창높이·수평배치가 **전부 가정값**이다. 도면을 받으면 위치와 높이가 모두 바뀐다",
    "estimated": true
   }
  },
  {
   "type": "Feature",
   "geometry": {
    "type": "Point",
    "coordinates": [
     126.93515846,
     37.5232341
    ]
   },
   "properties": {
    "pid": "여의도여자고등학교 ①(5층) 5층-5",
    "school": "여의도여자고등학교",
    "jibun": "40-2",
    "kind": "교사동 창면",
    "dong": "여의도여자고등학교 ①(5층)",
    "floor": 5,
    "z_m": 15.2,
    "normal_az": 231.6,
    "grade": "B",
    "근거등급": "B 일반식(전부 추정)",
    "근거": "일반식(도면 없음)",
    "추정항목": "도면 미수령. 층고 3.5m·창중심 바닥+1.2m·남향계열 외벽 전체를 5m 등간격 으로 분할 — 층고·창높이·수평배치가 **전부 가정값**이다. 도면을 받으면 위치와 높이가 모두 바뀐다",
    "estimated": true
   }
  },
  {
   "type": "Feature",
   "geometry": {
    "type": "Point",
    "coordinates": [
     126.93512314,
     37.5232695
    ]
   },
   "properties": {
    "pid": "여의도여자고등학교 ①(5층) 1층-6",
    "school": "여의도여자고등학교",
    "jibun": "40-2",
    "kind": "교사동 창면",
    "dong": "여의도여자고등학교 ①(5층)",
    "floor": 1,
    "z_m": 1.2,
    "normal_az": 231.6,
    "grade": "B",
    "근거등급": "B 일반식(전부 추정)",
    "근거": "일반식(도면 없음)",
    "추정항목": "도면 미수령. 층고 3.5m·창중심 바닥+1.2m·남향계열 외벽 전체를 5m 등간격 으로 분할 — 층고·창높이·수평배치가 **전부 가정값**이다. 도면을 받으면 위치와 높이가 모두 바뀐다",
    "estimated": true
   }
  },
  {
   "type": "Feature",
   "geometry": {
    "type": "Point",
    "coordinates": [
     126.93512314,
     37.5232695
    ]
   },
   "properties": {
    "pid": "여의도여자고등학교 ①(5층) 2층-6",
    "school": "여의도여자고등학교",
    "jibun": "40-2",
    "kind": "교사동 창면",
    "dong": "여의도여자고등학교 ①(5층)",
    "floor": 2,
    "z_m": 4.7,
    "normal_az": 231.6,
    "grade": "B",
    "근거등급": "B 일반식(전부 추정)",
    "근거": "일반식(도면 없음)",
    "추정항목": "도면 미수령. 층고 3.5m·창중심 바닥+1.2m·남향계열 외벽 전체를 5m 등간격 으로 분할 — 층고·창높이·수평배치가 **전부 가정값**이다. 도면을 받으면 위치와 높이가 모두 바뀐다",
    "estimated": true
   }
  },
  {
   "type": "Feature",
   "geometry": {
    "type": "Point",
    "coordinates": [
     126.93512314,
     37.5232695
    ]
   },
   "properties": {
    "pid": "여의도여자고등학교 ①(5층) 3층-6",
    "school": "여의도여자고등학교",
    "jibun": "40-2",
    "kind": "교사동 창면",
    "dong": "여의도여자고등학교 ①(5층)",
    "floor": 3,
    "z_m": 8.2,
    "normal_az": 231.6,
    "grade": "B",
    "근거등급": "B 일반식(전부 추정)",
    "근거": "일반식(도면 없음)",
    "추정항목": "도면 미수령. 층고 3.5m·창중심 바닥+1.2m·남향계열 외벽 전체를 5m 등간격 으로 분할 — 층고·창높이·수평배치가 **전부 가정값**이다. 도면을 받으면 위치와 높이가 모두 바뀐다",
    "estimated": true
   }
  },
  {
   "type": "Feature",
   "geometry": {
    "type": "Point",
    "coordinates": [
     126.93512314,
     37.5232695
    ]
   },
   "properties": {
    "pid": "여의도여자고등학교 ①(5층) 4층-6",
    "school": "여의도여자고등학교",
    "jibun": "40-2",
    "kind": "교사동 창면",
    "dong": "여의도여자고등학교 ①(5층)",
    "floor": 4,
    "z_m": 11.7,
    "normal_az": 231.6,
    "grade": "B",
    "근거등급": "B 일반식(전부 추정)",
    "근거": "일반식(도면 없음)",
    "추정항목": "도면 미수령. 층고 3.5m·창중심 바닥+1.2m·남향계열 외벽 전체를 5m 등간격 으로 분할 — 층고·창높이·수평배치가 **전부 가정값**이다. 도면을 받으면 위치와 높이가 모두 바뀐다",
    "estimated": true
   }
  },
  {
   "type": "Feature",
   "geometry": {
    "type": "Point",
    "coordinates": [
     126.93512314,
     37.5232695
    ]
   },
   "properties": {
    "pid": "여의도여자고등학교 ①(5층) 5층-6",
    "school": "여의도여자고등학교",
    "jibun": "40-2",
    "kind": "교사동 창면",
    "dong": "여의도여자고등학교 ①(5층)",
    "floor": 5,
    "z_m": 15.2,
    "normal_az": 231.6,
    "grade": "B",
    "근거등급": "B 일반식(전부 추정)",
    "근거": "일반식(도면 없음)",
    "추정항목": "도면 미수령. 층고 3.5m·창중심 바닥+1.2m·남향계열 외벽 전체를 5m 등간격 으로 분할 — 층고·창높이·수평배치가 **전부 가정값**이다. 도면을 받으면 위치와 높이가 모두 바뀐다",
    "estimated": true
   }
  },
  {
   "type": "Feature",
   "geometry": {
    "type": "Point",
    "coordinates": [
     126.93542478,
     37.52298815
    ]
   },
   "properties": {
    "pid": "여의도여자고등학교 ②(5층) 1층-1",
    "school": "여의도여자고등학교",
    "jibun": "40-2",
    "kind": "교사동 창면",
    "dong": "여의도여자고등학교 ②(5층)",
    "floor": 1,
    "z_m": 1.2,
    "normal_az": 141.8,
    "grade": "B",
    "근거등급": "B 일반식(전부 추정)",
    "근거": "일반식(도면 없음)",
    "추정항목": "도면 미수령. 층고 3.5m·창중심 바닥+1.2m·남향계열 외벽 전체를 5m 등간격 으로 분할 — 층고·창높이·수평배치가 **전부 가정값**이다. 도면을 받으면 위치와 높이가 모두 바뀐다",
    "estimated": true
   }
  },
  {
   "type": "Feature",
   "geometry": {
    "type": "Point",
    "coordinates": [
     126.93542478,
     37.52298815
    ]
   },
   "properties": {
    "pid": "여의도여자고등학교 ②(5층) 2층-1",
    "school": "여의도여자고등학교",
    "jibun": "40-2",
    "kind": "교사동 창면",
    "dong": "여의도여자고등학교 ②(5층)",
    "floor": 2,
    "z_m": 4.7,
    "normal_az": 141.8,
    "grade": "B",
    "근거등급": "B 일반식(전부 추정)",
    "근거": "일반식(도면 없음)",
    "추정항목": "도면 미수령. 층고 3.5m·창중심 바닥+1.2m·남향계열 외벽 전체를 5m 등간격 으로 분할 — 층고·창높이·수평배치가 **전부 가정값**이다. 도면을 받으면 위치와 높이가 모두 바뀐다",
    "estimated": true
   }
  },
  {
   "type": "Feature",
   "geometry": {
    "type": "Point",
    "coordinates": [
     126.93542478,
     37.52298815
    ]
   },
   "properties": {
    "pid": "여의도여자고등학교 ②(5층) 3층-1",
    "school": "여의도여자고등학교",
    "jibun": "40-2",
    "kind": "교사동 창면",
    "dong": "여의도여자고등학교 ②(5층)",
    "floor": 3,
    "z_m": 8.2,
    "normal_az": 141.8,
    "grade": "B",
    "근거등급": "B 일반식(전부 추정)",
    "근거": "일반식(도면 없음)",
    "추정항목": "도면 미수령. 층고 3.5m·창중심 바닥+1.2m·남향계열 외벽 전체를 5m 등간격 으로 분할 — 층고·창높이·수평배치가 **전부 가정값**이다. 도면을 받으면 위치와 높이가 모두 바뀐다",
    "estimated": true
   }
  },
  {
   "type": "Feature",
   "geometry": {
    "type": "Point",
    "coordinates": [
     126.93542478,
     37.52298815
    ]
   },
   "properties": {
    "pid": "여의도여자고등학교 ②(5층) 4층-1",
    "school": "여의도여자고등학교",
    "jibun": "40-2",
    "kind": "교사동 창면",
    "dong": "여의도여자고등학교 ②(5층)",
    "floor": 4,
    "z_m": 11.7,
    "normal_az": 141.8,
    "grade": "B",
    "근거등급": "B 일반식(전부 추정)",
    "근거": "일반식(도면 없음)",
    "추정항목": "도면 미수령. 층고 3.5m·창중심 바닥+1.2m·남향계열 외벽 전체를 5m 등간격 으로 분할 — 층고·창높이·수평배치가 **전부 가정값**이다. 도면을 받으면 위치와 높이가 모두 바뀐다",
    "estimated": true
   }
  },
  {
   "type": "Feature",
   "geometry": {
    "type": "Point",
    "coordinates": [
     126.93542478,
     37.52298815
    ]
   },
   "properties": {
    "pid": "여의도여자고등학교 ②(5층) 5층-1",
    "school": "여의도여자고등학교",
    "jibun": "40-2",
    "kind": "교사동 창면",
    "dong": "여의도여자고등학교 ②(5층)",
    "floor": 5,
    "z_m": 15.2,
    "normal_az": 141.8,
    "grade": "B",
    "근거등급": "B 일반식(전부 추정)",
    "근거": "일반식(도면 없음)",
    "추정항목": "도면 미수령. 층고 3.5m·창중심 바닥+1.2m·남향계열 외벽 전체를 5m 등간격 으로 분할 — 층고·창높이·수평배치가 **전부 가정값**이다. 도면을 받으면 위치와 높이가 모두 바뀐다",
    "estimated": true
   }
  },
  {
   "type": "Feature",
   "geometry": {
    "type": "Point",
    "coordinates": [
     126.93548981,
     37.52288459
    ]
   },
   "properties": {
    "pid": "여의도여자고등학교 ②(5층) 1층-2",
    "school": "여의도여자고등학교",
    "jibun": "40-2",
    "kind": "교사동 창면",
    "dong": "여의도여자고등학교 ②(5층)",
    "floor": 1,
    "z_m": 1.2,
    "normal_az": 142.3,
    "grade": "B",
    "근거등급": "B 일반식(전부 추정)",
    "근거": "일반식(도면 없음)",
    "추정항목": "도면 미수령. 층고 3.5m·창중심 바닥+1.2m·남향계열 외벽 전체를 5m 등간격 으로 분할 — 층고·창높이·수평배치가 **전부 가정값**이다. 도면을 받으면 위치와 높이가 모두 바뀐다",
    "estimated": true
   }
  },
  {
   "type": "Feature",
   "geometry": {
    "type": "Point",
    "coordinates": [
     126.93548981,
     37.52288459
    ]
   },
   "properties": {
    "pid": "여의도여자고등학교 ②(5층) 2층-2",
    "school": "여의도여자고등학교",
    "jibun": "40-2",
    "kind": "교사동 창면",
    "dong": "여의도여자고등학교 ②(5층)",
    "floor": 2,
    "z_m": 4.7,
    "normal_az": 142.3,
    "grade": "B",
    "근거등급": "B 일반식(전부 추정)",
    "근거": "일반식(도면 없음)",
    "추정항목": "도면 미수령. 층고 3.5m·창중심 바닥+1.2m·남향계열 외벽 전체를 5m 등간격 으로 분할 — 층고·창높이·수평배치가 **전부 가정값**이다. 도면을 받으면 위치와 높이가 모두 바뀐다",
    "estimated": true
   }
  },
  {
   "type": "Feature",
   "geometry": {
    "type": "Point",
    "coordinates": [
     126.93548981,
     37.52288459
    ]
   },
   "properties": {
    "pid": "여의도여자고등학교 ②(5층) 3층-2",
    "school": "여의도여자고등학교",
    "jibun": "40-2",
    "kind": "교사동 창면",
    "dong": "여의도여자고등학교 ②(5층)",
    "floor": 3,
    "z_m": 8.2,
    "normal_az": 142.3,
    "grade": "B",
    "근거등급": "B 일반식(전부 추정)",
    "근거": "일반식(도면 없음)",
    "추정항목": "도면 미수령. 층고 3.5m·창중심 바닥+1.2m·남향계열 외벽 전체를 5m 등간격 으로 분할 — 층고·창높이·수평배치가 **전부 가정값**이다. 도면을 받으면 위치와 높이가 모두 바뀐다",
    "estimated": true
   }
  },
  {
   "type": "Feature",
   "geometry": {
    "type": "Point",
    "coordinates": [
     126.93548981,
     37.52288459
    ]
   },
   "properties": {
    "pid": "여의도여자고등학교 ②(5층) 4층-2",
    "school": "여의도여자고등학교",
    "jibun": "40-2",
    "kind": "교사동 창면",
    "dong": "여의도여자고등학교 ②(5층)",
    "floor": 4,
    "z_m": 11.7,
    "normal_az": 142.3,
    "grade": "B",
    "근거등급": "B 일반식(전부 추정)",
    "근거": "일반식(도면 없음)",
    "추정항목": "도면 미수령. 층고 3.5m·창중심 바닥+1.2m·남향계열 외벽 전체를 5m 등간격 으로 분할 — 층고·창높이·수평배치가 **전부 가정값**이다. 도면을 받으면 위치와 높이가 모두 바뀐다",
    "estimated": true
   }
  },
  {
   "type": "Feature",
   "geometry": {
    "type": "Point",
    "coordinates": [
     126.93548981,
     37.52288459
    ]
   },
   "properties": {
    "pid": "여의도여자고등학교 ②(5층) 5층-2",
    "school": "여의도여자고등학교",
    "jibun": "40-2",
    "kind": "교사동 창면",
    "dong": "여의도여자고등학교 ②(5층)",
    "floor": 5,
    "z_m": 15.2,
    "normal_az": 142.3,
    "grade": "B",
    "근거등급": "B 일반식(전부 추정)",
    "근거": "일반식(도면 없음)",
    "추정항목": "도면 미수령. 층고 3.5m·창중심 바닥+1.2m·남향계열 외벽 전체를 5m 등간격 으로 분할 — 층고·창높이·수평배치가 **전부 가정값**이다. 도면을 받으면 위치와 높이가 모두 바뀐다",
    "estimated": true
   }
  },
  {
   "type": "Feature",
   "geometry": {
    "type": "Point",
    "coordinates": [
     126.9354449,
     37.52285689
    ]
   },
   "properties": {
    "pid": "여의도여자고등학교 ②(5층) 1층-3",
    "school": "여의도여자고등학교",
    "jibun": "40-2",
    "kind": "교사동 창면",
    "dong": "여의도여자고등학교 ②(5층)",
    "floor": 1,
    "z_m": 1.2,
    "normal_az": 142.3,
    "grade": "B",
    "근거등급": "B 일반식(전부 추정)",
    "근거": "일반식(도면 없음)",
    "추정항목": "도면 미수령. 층고 3.5m·창중심 바닥+1.2m·남향계열 외벽 전체를 5m 등간격 으로 분할 — 층고·창높이·수평배치가 **전부 가정값**이다. 도면을 받으면 위치와 높이가 모두 바뀐다",
    "estimated": true
   }
  },
  {
   "type": "Feature",
   "geometry": {
    "type": "Point",
    "coordinates": [
     126.9354449,
     37.52285689
    ]
   },
   "properties": {
    "pid": "여의도여자고등학교 ②(5층) 2층-3",
    "school": "여의도여자고등학교",
    "jibun": "40-2",
    "kind": "교사동 창면",
    "dong": "여의도여자고등학교 ②(5층)",
    "floor": 2,
    "z_m": 4.7,
    "normal_az": 142.3,
    "grade": "B",
    "근거등급": "B 일반식(전부 추정)",
    "근거": "일반식(도면 없음)",
    "추정항목": "도면 미수령. 층고 3.5m·창중심 바닥+1.2m·남향계열 외벽 전체를 5m 등간격 으로 분할 — 층고·창높이·수평배치가 **전부 가정값**이다. 도면을 받으면 위치와 높이가 모두 바뀐다",
    "estimated": true
   }
  },
  {
   "type": "Feature",
   "geometry": {
    "type": "Point",
    "coordinates": [
     126.9354449,
     37.52285689
    ]
   },
   "properties": {
    "pid": "여의도여자고등학교 ②(5층) 3층-3",
    "school": "여의도여자고등학교",
    "jibun": "40-2",
    "kind": "교사동 창면",
    "dong": "여의도여자고등학교 ②(5층)",
    "floor": 3,
    "z_m": 8.2,
    "normal_az": 142.3,
    "grade": "B",
    "근거등급": "B 일반식(전부 추정)",
    "근거": "일반식(도면 없음)",
    "추정항목": "도면 미수령. 층고 3.5m·창중심 바닥+1.2m·남향계열 외벽 전체를 5m 등간격 으로 분할 — 층고·창높이·수평배치가 **전부 가정값**이다. 도면을 받으면 위치와 높이가 모두 바뀐다",
    "estimated": true
   }
  },
  {
   "type": "Feature",
   "geometry": {
    "type": "Point",
    "coordinates": [
     126.9354449,
     37.52285689
    ]
   },
   "properties": {
    "pid": "여의도여자고등학교 ②(5층) 4층-3",
    "school": "여의도여자고등학교",
    "jibun": "40-2",
    "kind": "교사동 창면",
    "dong": "여의도여자고등학교 ②(5층)",
    "floor": 4,
    "z_m": 11.7,
    "normal_az": 142.3,
    "grade": "B",
    "근거등급": "B 일반식(전부 추정)",
    "근거": "일반식(도면 없음)",
    "추정항목": "도면 미수령. 층고 3.5m·창중심 바닥+1.2m·남향계열 외벽 전체를 5m 등간격 으로 분할 — 층고·창높이·수평배치가 **전부 가정값**이다. 도면을 받으면 위치와 높이가 모두 바뀐다",
    "estimated": true
   }
  },
  {
   "type": "Feature",
   "geometry": {
    "type": "Point",
    "coordinates": [
     126.9354449,
     37.52285689
    ]
   },
   "properties": {
    "pid": "여의도여자고등학교 ②(5층) 5층-3",
    "school": "여의도여자고등학교",
    "jibun": "40-2",
    "kind": "교사동 창면",
    "dong": "여의도여자고등학교 ②(5층)",
    "floor": 5,
    "z_m": 15.2,
    "normal_az": 142.3,
    "grade": "B",
    "근거등급": "B 일반식(전부 추정)",
    "근거": "일반식(도면 없음)",
    "추정항목": "도면 미수령. 층고 3.5m·창중심 바닥+1.2m·남향계열 외벽 전체를 5m 등간격 으로 분할 — 층고·창높이·수평배치가 **전부 가정값**이다. 도면을 받으면 위치와 높이가 모두 바뀐다",
    "estimated": true
   }
  },
  {
   "type": "Feature",
   "geometry": {
    "type": "Point",
    "coordinates": [
     126.93540045,
     37.52286964
    ]
   },
   "properties": {
    "pid": "여의도여자고등학교 ②(5층) 1층-4",
    "school": "여의도여자고등학교",
    "jibun": "40-2",
    "kind": "교사동 창면",
    "dong": "여의도여자고등학교 ②(5층)",
    "floor": 1,
    "z_m": 1.2,
    "normal_az": 203.0,
    "grade": "B",
    "근거등급": "B 일반식(전부 추정)",
    "근거": "일반식(도면 없음)",
    "추정항목": "도면 미수령. 층고 3.5m·창중심 바닥+1.2m·남향계열 외벽 전체를 5m 등간격 으로 분할 — 층고·창높이·수평배치가 **전부 가정값**이다. 도면을 받으면 위치와 높이가 모두 바뀐다",
    "estimated": true
   }
  },
  {
   "type": "Feature",
   "geometry": {
    "type": "Point",
    "coordinates": [
     126.93540045,
     37.52286964
    ]
   },
   "properties": {
    "pid": "여의도여자고등학교 ②(5층) 2층-4",
    "school": "여의도여자고등학교",
    "jibun": "40-2",
    "kind": "교사동 창면",
    "dong": "여의도여자고등학교 ②(5층)",
    "floor": 2,
    "z_m": 4.7,
    "normal_az": 203.0,
    "grade": "B",
    "근거등급": "B 일반식(전부 추정)",
    "근거": "일반식(도면 없음)",
    "추정항목": "도면 미수령. 층고 3.5m·창중심 바닥+1.2m·남향계열 외벽 전체를 5m 등간격 으로 분할 — 층고·창높이·수평배치가 **전부 가정값**이다. 도면을 받으면 위치와 높이가 모두 바뀐다",
    "estimated": true
   }
  },
  {
   "type": "Feature",
   "geometry": {
    "type": "Point",
    "coordinates": [
     126.93540045,
     37.52286964
    ]
   },
   "properties": {
    "pid": "여의도여자고등학교 ②(5층) 3층-4",
    "school": "여의도여자고등학교",
    "jibun": "40-2",
    "kind": "교사동 창면",
    "dong": "여의도여자고등학교 ②(5층)",
    "floor": 3,
    "z_m": 8.2,
    "normal_az": 203.0,
    "grade": "B",
    "근거등급": "B 일반식(전부 추정)",
    "근거": "일반식(도면 없음)",
    "추정항목": "도면 미수령. 층고 3.5m·창중심 바닥+1.2m·남향계열 외벽 전체를 5m 등간격 으로 분할 — 층고·창높이·수평배치가 **전부 가정값**이다. 도면을 받으면 위치와 높이가 모두 바뀐다",
    "estimated": true
   }
  },
  {
   "type": "Feature",
   "geometry": {
    "type": "Point",
    "coordinates": [
     126.93540045,
     37.52286964
    ]
   },
   "properties": {
    "pid": "여의도여자고등학교 ②(5층) 4층-4",
    "school": "여의도여자고등학교",
    "jibun": "40-2",
    "kind": "교사동 창면",
    "dong": "여의도여자고등학교 ②(5층)",
    "floor": 4,
    "z_m": 11.7,
    "normal_az": 203.0,
    "grade": "B",
    "근거등급": "B 일반식(전부 추정)",
    "근거": "일반식(도면 없음)",
    "추정항목": "도면 미수령. 층고 3.5m·창중심 바닥+1.2m·남향계열 외벽 전체를 5m 등간격 으로 분할 — 층고·창높이·수평배치가 **전부 가정값**이다. 도면을 받으면 위치와 높이가 모두 바뀐다",
    "estimated": true
   }
  },
  {
   "type": "Feature",
   "geometry": {
    "type": "Point",
    "coordinates": [
     126.93540045,
     37.52286964
    ]
   },
   "properties": {
    "pid": "여의도여자고등학교 ②(5층) 5층-4",
    "school": "여의도여자고등학교",
    "jibun": "40-2",
    "kind": "교사동 창면",
    "dong": "여의도여자고등학교 ②(5층)",
    "floor": 5,
    "z_m": 15.2,
    "normal_az": 203.0,
    "grade": "B",
    "근거등급": "B 일반식(전부 추정)",
    "근거": "일반식(도면 없음)",
    "추정항목": "도면 미수령. 층고 3.5m·창중심 바닥+1.2m·남향계열 외벽 전체를 5m 등간격 으로 분할 — 층고·창높이·수평배치가 **전부 가정값**이다. 도면을 받으면 위치와 높이가 모두 바뀐다",
    "estimated": true
   }
  },
  {
   "type": "Feature",
   "geometry": {
    "type": "Point",
    "coordinates": [
     126.93536017,
     37.52287639
    ]
   },
   "properties": {
    "pid": "여의도여자고등학교 ②(5층) 1층-5",
    "school": "여의도여자고등학교",
    "jibun": "40-2",
    "kind": "교사동 창면",
    "dong": "여의도여자고등학교 ②(5층)",
    "floor": 1,
    "z_m": 1.2,
    "normal_az": 232.4,
    "grade": "B",
    "근거등급": "B 일반식(전부 추정)",
    "근거": "일반식(도면 없음)",
    "추정항목": "도면 미수령. 층고 3.5m·창중심 바닥+1.2m·남향계열 외벽 전체를 5m 등간격 으로 분할 — 층고·창높이·수평배치가 **전부 가정값**이다. 도면을 받으면 위치와 높이가 모두 바뀐다",
    "estimated": true
   }
  },
  {
   "type": "Feature",
   "geometry": {
    "type": "Point",
    "coordinates": [
     126.93536017,
     37.52287639
    ]
   },
   "properties": {
    "pid": "여의도여자고등학교 ②(5층) 2층-5",
    "school": "여의도여자고등학교",
    "jibun": "40-2",
    "kind": "교사동 창면",
    "dong": "여의도여자고등학교 ②(5층)",
    "floor": 2,
    "z_m": 4.7,
    "normal_az": 232.4,
    "grade": "B",
    "근거등급": "B 일반식(전부 추정)",
    "근거": "일반식(도면 없음)",
    "추정항목": "도면 미수령. 층고 3.5m·창중심 바닥+1.2m·남향계열 외벽 전체를 5m 등간격 으로 분할 — 층고·창높이·수평배치가 **전부 가정값**이다. 도면을 받으면 위치와 높이가 모두 바뀐다",
    "estimated": true
   }
  },
  {
   "type": "Feature",
   "geometry": {
    "type": "Point",
    "coordinates": [
     126.93536017,
     37.52287639
    ]
   },
   "properties": {
    "pid": "여의도여자고등학교 ②(5층) 3층-5",
    "school": "여의도여자고등학교",
    "jibun": "40-2",
    "kind": "교사동 창면",
    "dong": "여의도여자고등학교 ②(5층)",
    "floor": 3,
    "z_m": 8.2,
    "normal_az": 232.4,
    "grade": "B",
    "근거등급": "B 일반식(전부 추정)",
    "근거": "일반식(도면 없음)",
    "추정항목": "도면 미수령. 층고 3.5m·창중심 바닥+1.2m·남향계열 외벽 전체를 5m 등간격 으로 분할 — 층고·창높이·수평배치가 **전부 가정값**이다. 도면을 받으면 위치와 높이가 모두 바뀐다",
    "estimated": true
   }
  },
  {
   "type": "Feature",
   "geometry": {
    "type": "Point",
    "coordinates": [
     126.93536017,
     37.52287639
    ]
   },
   "properties": {
    "pid": "여의도여자고등학교 ②(5층) 4층-5",
    "school": "여의도여자고등학교",
    "jibun": "40-2",
    "kind": "교사동 창면",
    "dong": "여의도여자고등학교 ②(5층)",
    "floor": 4,
    "z_m": 11.7,
    "normal_az": 232.4,
    "grade": "B",
    "근거등급": "B 일반식(전부 추정)",
    "근거": "일반식(도면 없음)",
    "추정항목": "도면 미수령. 층고 3.5m·창중심 바닥+1.2m·남향계열 외벽 전체를 5m 등간격 으로 분할 — 층고·창높이·수평배치가 **전부 가정값**이다. 도면을 받으면 위치와 높이가 모두 바뀐다",
    "estimated": true
   }
  },
  {
   "type": "Feature",
   "geometry": {
    "type": "Point",
    "coordinates": [
     126.93536017,
     37.52287639
    ]
   },
   "properties": {
    "pid": "여의도여자고등학교 ②(5층) 5층-5",
    "school": "여의도여자고등학교",
    "jibun": "40-2",
    "kind": "교사동 창면",
    "dong": "여의도여자고등학교 ②(5층)",
    "floor": 5,
    "z_m": 15.2,
    "normal_az": 232.4,
    "grade": "B",
    "근거등급": "B 일반식(전부 추정)",
    "근거": "일반식(도면 없음)",
    "추정항목": "도면 미수령. 층고 3.5m·창중심 바닥+1.2m·남향계열 외벽 전체를 5m 등간격 으로 분할 — 층고·창높이·수평배치가 **전부 가정값**이다. 도면을 받으면 위치와 높이가 모두 바뀐다",
    "estimated": true
   }
  },
  {
   "type": "Feature",
   "geometry": {
    "type": "Point",
    "coordinates": [
     126.93532548,
     37.5229122
    ]
   },
   "properties": {
    "pid": "여의도여자고등학교 ②(5층) 1층-6",
    "school": "여의도여자고등학교",
    "jibun": "40-2",
    "kind": "교사동 창면",
    "dong": "여의도여자고등학교 ②(5층)",
    "floor": 1,
    "z_m": 1.2,
    "normal_az": 232.4,
    "grade": "B",
    "근거등급": "B 일반식(전부 추정)",
    "근거": "일반식(도면 없음)",
    "추정항목": "도면 미수령. 층고 3.5m·창중심 바닥+1.2m·남향계열 외벽 전체를 5m 등간격 으로 분할 — 층고·창높이·수평배치가 **전부 가정값**이다. 도면을 받으면 위치와 높이가 모두 바뀐다",
    "estimated": true
   }
  },
  {
   "type": "Feature",
   "geometry": {
    "type": "Point",
    "coordinates": [
     126.93532548,
     37.5229122
    ]
   },
   "properties": {
    "pid": "여의도여자고등학교 ②(5층) 2층-6",
    "school": "여의도여자고등학교",
    "jibun": "40-2",
    "kind": "교사동 창면",
    "dong": "여의도여자고등학교 ②(5층)",
    "floor": 2,
    "z_m": 4.7,
    "normal_az": 232.4,
    "grade": "B",
    "근거등급": "B 일반식(전부 추정)",
    "근거": "일반식(도면 없음)",
    "추정항목": "도면 미수령. 층고 3.5m·창중심 바닥+1.2m·남향계열 외벽 전체를 5m 등간격 으로 분할 — 층고·창높이·수평배치가 **전부 가정값**이다. 도면을 받으면 위치와 높이가 모두 바뀐다",
    "estimated": true
   }
  },
  {
   "type": "Feature",
   "geometry": {
    "type": "Point",
    "coordinates": [
     126.93532548,
     37.5229122
    ]
   },
   "properties": {
    "pid": "여의도여자고등학교 ②(5층) 3층-6",
    "school": "여의도여자고등학교",
    "jibun": "40-2",
    "kind": "교사동 창면",
    "dong": "여의도여자고등학교 ②(5층)",
    "floor": 3,
    "z_m": 8.2,
    "normal_az": 232.4,
    "grade": "B",
    "근거등급": "B 일반식(전부 추정)",
    "근거": "일반식(도면 없음)",
    "추정항목": "도면 미수령. 층고 3.5m·창중심 바닥+1.2m·남향계열 외벽 전체를 5m 등간격 으로 분할 — 층고·창높이·수평배치가 **전부 가정값**이다. 도면을 받으면 위치와 높이가 모두 바뀐다",
    "estimated": true
   }
  },
  {
   "type": "Feature",
   "geometry": {
    "type": "Point",
    "coordinates": [
     126.93532548,
     37.5229122
    ]
   },
   "properties": {
    "pid": "여의도여자고등학교 ②(5층) 4층-6",
    "school": "여의도여자고등학교",
    "jibun": "40-2",
    "kind": "교사동 창면",
    "dong": "여의도여자고등학교 ②(5층)",
    "floor": 4,
    "z_m": 11.7,
    "normal_az": 232.4,
    "grade": "B",
    "근거등급": "B 일반식(전부 추정)",
    "근거": "일반식(도면 없음)",
    "추정항목": "도면 미수령. 층고 3.5m·창중심 바닥+1.2m·남향계열 외벽 전체를 5m 등간격 으로 분할 — 층고·창높이·수평배치가 **전부 가정값**이다. 도면을 받으면 위치와 높이가 모두 바뀐다",
    "estimated": true
   }
  },
  {
   "type": "Feature",
   "geometry": {
    "type": "Point",
    "coordinates": [
     126.93532548,
     37.5229122
    ]
   },
   "properties": {
    "pid": "여의도여자고등학교 ②(5층) 5층-6",
    "school": "여의도여자고등학교",
    "jibun": "40-2",
    "kind": "교사동 창면",
    "dong": "여의도여자고등학교 ②(5층)",
    "floor": 5,
    "z_m": 15.2,
    "normal_az": 232.4,
    "grade": "B",
    "근거등급": "B 일반식(전부 추정)",
    "근거": "일반식(도면 없음)",
    "추정항목": "도면 미수령. 층고 3.5m·창중심 바닥+1.2m·남향계열 외벽 전체를 5m 등간격 으로 분할 — 층고·창높이·수평배치가 **전부 가정값**이다. 도면을 받으면 위치와 높이가 모두 바뀐다",
    "estimated": true
   }
  },
  {
   "type": "Feature",
   "geometry": {
    "type": "Point",
    "coordinates": [
     126.93529077,
     37.52294802
    ]
   },
   "properties": {
    "pid": "여의도여자고등학교 ②(5층) 1층-7",
    "school": "여의도여자고등학교",
    "jibun": "40-2",
    "kind": "교사동 창면",
    "dong": "여의도여자고등학교 ②(5층)",
    "floor": 1,
    "z_m": 1.2,
    "normal_az": 232.4,
    "grade": "B",
    "근거등급": "B 일반식(전부 추정)",
    "근거": "일반식(도면 없음)",
    "추정항목": "도면 미수령. 층고 3.5m·창중심 바닥+1.2m·남향계열 외벽 전체를 5m 등간격 으로 분할 — 층고·창높이·수평배치가 **전부 가정값**이다. 도면을 받으면 위치와 높이가 모두 바뀐다",
    "estimated": true
   }
  },
  {
   "type": "Feature",
   "geometry": {
    "type": "Point",
    "coordinates": [
     126.93529077,
     37.52294802
    ]
   },
   "properties": {
    "pid": "여의도여자고등학교 ②(5층) 2층-7",
    "school": "여의도여자고등학교",
    "jibun": "40-2",
    "kind": "교사동 창면",
    "dong": "여의도여자고등학교 ②(5층)",
    "floor": 2,
    "z_m": 4.7,
    "normal_az": 232.4,
    "grade": "B",
    "근거등급": "B 일반식(전부 추정)",
    "근거": "일반식(도면 없음)",
    "추정항목": "도면 미수령. 층고 3.5m·창중심 바닥+1.2m·남향계열 외벽 전체를 5m 등간격 으로 분할 — 층고·창높이·수평배치가 **전부 가정값**이다. 도면을 받으면 위치와 높이가 모두 바뀐다",
    "estimated": true
   }
  },
  {
   "type": "Feature",
   "geometry": {
    "type": "Point",
    "coordinates": [
     126.93529077,
     37.52294802
    ]
   },
   "properties": {
    "pid": "여의도여자고등학교 ②(5층) 3층-7",
    "school": "여의도여자고등학교",
    "jibun": "40-2",
    "kind": "교사동 창면",
    "dong": "여의도여자고등학교 ②(5층)",
    "floor": 3,
    "z_m": 8.2,
    "normal_az": 232.4,
    "grade": "B",
    "근거등급": "B 일반식(전부 추정)",
    "근거": "일반식(도면 없음)",
    "추정항목": "도면 미수령. 층고 3.5m·창중심 바닥+1.2m·남향계열 외벽 전체를 5m 등간격 으로 분할 — 층고·창높이·수평배치가 **전부 가정값**이다. 도면을 받으면 위치와 높이가 모두 바뀐다",
    "estimated": true
   }
  },
  {
   "type": "Feature",
   "geometry": {
    "type": "Point",
    "coordinates": [
     126.93529077,
     37.52294802
    ]
   },
   "properties": {
    "pid": "여의도여자고등학교 ②(5층) 4층-7",
    "school": "여의도여자고등학교",
    "jibun": "40-2",
    "kind": "교사동 창면",
    "dong": "여의도여자고등학교 ②(5층)",
    "floor": 4,
    "z_m": 11.7,
    "normal_az": 232.4,
    "grade": "B",
    "근거등급": "B 일반식(전부 추정)",
    "근거": "일반식(도면 없음)",
    "추정항목": "도면 미수령. 층고 3.5m·창중심 바닥+1.2m·남향계열 외벽 전체를 5m 등간격 으로 분할 — 층고·창높이·수평배치가 **전부 가정값**이다. 도면을 받으면 위치와 높이가 모두 바뀐다",
    "estimated": true
   }
  },
  {
   "type": "Feature",
   "geometry": {
    "type": "Point",
    "coordinates": [
     126.93529077,
     37.52294802
    ]
   },
   "properties": {
    "pid": "여의도여자고등학교 ②(5층) 5층-7",
    "school": "여의도여자고등학교",
    "jibun": "40-2",
    "kind": "교사동 창면",
    "dong": "여의도여자고등학교 ②(5층)",
    "floor": 5,
    "z_m": 15.2,
    "normal_az": 232.4,
    "grade": "B",
    "근거등급": "B 일반식(전부 추정)",
    "근거": "일반식(도면 없음)",
    "추정항목": "도면 미수령. 층고 3.5m·창중심 바닥+1.2m·남향계열 외벽 전체를 5m 등간격 으로 분할 — 층고·창높이·수평배치가 **전부 가정값**이다. 도면을 받으면 위치와 높이가 모두 바뀐다",
    "estimated": true
   }
  },
  {
   "type": "Feature",
   "geometry": {
    "type": "Point",
    "coordinates": [
     126.93525608,
     37.52298385
    ]
   },
   "properties": {
    "pid": "여의도여자고등학교 ②(5층) 1층-8",
    "school": "여의도여자고등학교",
    "jibun": "40-2",
    "kind": "교사동 창면",
    "dong": "여의도여자고등학교 ②(5층)",
    "floor": 1,
    "z_m": 1.2,
    "normal_az": 232.4,
    "grade": "B",
    "근거등급": "B 일반식(전부 추정)",
    "근거": "일반식(도면 없음)",
    "추정항목": "도면 미수령. 층고 3.5m·창중심 바닥+1.2m·남향계열 외벽 전체를 5m 등간격 으로 분할 — 층고·창높이·수평배치가 **전부 가정값**이다. 도면을 받으면 위치와 높이가 모두 바뀐다",
    "estimated": true
   }
  },
  {
   "type": "Feature",
   "geometry": {
    "type": "Point",
    "coordinates": [
     126.93525608,
     37.52298385
    ]
   },
   "properties": {
    "pid": "여의도여자고등학교 ②(5층) 2층-8",
    "school": "여의도여자고등학교",
    "jibun": "40-2",
    "kind": "교사동 창면",
    "dong": "여의도여자고등학교 ②(5층)",
    "floor": 2,
    "z_m": 4.7,
    "normal_az": 232.4,
    "grade": "B",
    "근거등급": "B 일반식(전부 추정)",
    "근거": "일반식(도면 없음)",
    "추정항목": "도면 미수령. 층고 3.5m·창중심 바닥+1.2m·남향계열 외벽 전체를 5m 등간격 으로 분할 — 층고·창높이·수평배치가 **전부 가정값**이다. 도면을 받으면 위치와 높이가 모두 바뀐다",
    "estimated": true
   }
  },
  {
   "type": "Feature",
   "geometry": {
    "type": "Point",
    "coordinates": [
     126.93525608,
     37.52298385
    ]
   },
   "properties": {
    "pid": "여의도여자고등학교 ②(5층) 3층-8",
    "school": "여의도여자고등학교",
    "jibun": "40-2",
    "kind": "교사동 창면",
    "dong": "여의도여자고등학교 ②(5층)",
    "floor": 3,
    "z_m": 8.2,
    "normal_az": 232.4,
    "grade": "B",
    "근거등급": "B 일반식(전부 추정)",
    "근거": "일반식(도면 없음)",
    "추정항목": "도면 미수령. 층고 3.5m·창중심 바닥+1.2m·남향계열 외벽 전체를 5m 등간격 으로 분할 — 층고·창높이·수평배치가 **전부 가정값**이다. 도면을 받으면 위치와 높이가 모두 바뀐다",
    "estimated": true
   }
  },
  {
   "type": "Feature",
   "geometry": {
    "type": "Point",
    "coordinates": [
     126.93525608,
     37.52298385
    ]
   },
   "properties": {
    "pid": "여의도여자고등학교 ②(5층) 4층-8",
    "school": "여의도여자고등학교",
    "jibun": "40-2",
    "kind": "교사동 창면",
    "dong": "여의도여자고등학교 ②(5층)",
    "floor": 4,
    "z_m": 11.7,
    "normal_az": 232.4,
    "grade": "B",
    "근거등급": "B 일반식(전부 추정)",
    "근거": "일반식(도면 없음)",
    "추정항목": "도면 미수령. 층고 3.5m·창중심 바닥+1.2m·남향계열 외벽 전체를 5m 등간격 으로 분할 — 층고·창높이·수평배치가 **전부 가정값**이다. 도면을 받으면 위치와 높이가 모두 바뀐다",
    "estimated": true
   }
  },
  {
   "type": "Feature",
   "geometry": {
    "type": "Point",
    "coordinates": [
     126.93525608,
     37.52298385
    ]
   },
   "properties": {
    "pid": "여의도여자고등학교 ②(5층) 5층-8",
    "school": "여의도여자고등학교",
    "jibun": "40-2",
    "kind": "교사동 창면",
    "dong": "여의도여자고등학교 ②(5층)",
    "floor": 5,
    "z_m": 15.2,
    "normal_az": 232.4,
    "grade": "B",
    "근거등급": "B 일반식(전부 추정)",
    "근거": "일반식(도면 없음)",
    "추정항목": "도면 미수령. 층고 3.5m·창중심 바닥+1.2m·남향계열 외벽 전체를 5m 등간격 으로 분할 — 층고·창높이·수평배치가 **전부 가정값**이다. 도면을 받으면 위치와 높이가 모두 바뀐다",
    "estimated": true
   }
  },
  {
   "type": "Feature",
   "geometry": {
    "type": "Point",
    "coordinates": [
     126.93522139,
     37.52301967
    ]
   },
   "properties": {
    "pid": "여의도여자고등학교 ②(5층) 1층-9",
    "school": "여의도여자고등학교",
    "jibun": "40-2",
    "kind": "교사동 창면",
    "dong": "여의도여자고등학교 ②(5층)",
    "floor": 1,
    "z_m": 1.2,
    "normal_az": 232.4,
    "grade": "B",
    "근거등급": "B 일반식(전부 추정)",
    "근거": "일반식(도면 없음)",
    "추정항목": "도면 미수령. 층고 3.5m·창중심 바닥+1.2m·남향계열 외벽 전체를 5m 등간격 으로 분할 — 층고·창높이·수평배치가 **전부 가정값**이다. 도면을 받으면 위치와 높이가 모두 바뀐다",
    "estimated": true
   }
  },
  {
   "type": "Feature",
   "geometry": {
    "type": "Point",
    "coordinates": [
     126.93522139,
     37.52301967
    ]
   },
   "properties": {
    "pid": "여의도여자고등학교 ②(5층) 2층-9",
    "school": "여의도여자고등학교",
    "jibun": "40-2",
    "kind": "교사동 창면",
    "dong": "여의도여자고등학교 ②(5층)",
    "floor": 2,
    "z_m": 4.7,
    "normal_az": 232.4,
    "grade": "B",
    "근거등급": "B 일반식(전부 추정)",
    "근거": "일반식(도면 없음)",
    "추정항목": "도면 미수령. 층고 3.5m·창중심 바닥+1.2m·남향계열 외벽 전체를 5m 등간격 으로 분할 — 층고·창높이·수평배치가 **전부 가정값**이다. 도면을 받으면 위치와 높이가 모두 바뀐다",
    "estimated": true
   }
  },
  {
   "type": "Feature",
   "geometry": {
    "type": "Point",
    "coordinates": [
     126.93522139,
     37.52301967
    ]
   },
   "properties": {
    "pid": "여의도여자고등학교 ②(5층) 3층-9",
    "school": "여의도여자고등학교",
    "jibun": "40-2",
    "kind": "교사동 창면",
    "dong": "여의도여자고등학교 ②(5층)",
    "floor": 3,
    "z_m": 8.2,
    "normal_az": 232.4,
    "grade": "B",
    "근거등급": "B 일반식(전부 추정)",
    "근거": "일반식(도면 없음)",
    "추정항목": "도면 미수령. 층고 3.5m·창중심 바닥+1.2m·남향계열 외벽 전체를 5m 등간격 으로 분할 — 층고·창높이·수평배치가 **전부 가정값**이다. 도면을 받으면 위치와 높이가 모두 바뀐다",
    "estimated": true
   }
  },
  {
   "type": "Feature",
   "geometry": {
    "type": "Point",
    "coordinates": [
     126.93522139,
     37.52301967
    ]
   },
   "properties": {
    "pid": "여의도여자고등학교 ②(5층) 4층-9",
    "school": "여의도여자고등학교",
    "jibun": "40-2",
    "kind": "교사동 창면",
    "dong": "여의도여자고등학교 ②(5층)",
    "floor": 4,
    "z_m": 11.7,
    "normal_az": 232.4,
    "grade": "B",
    "근거등급": "B 일반식(전부 추정)",
    "근거": "일반식(도면 없음)",
    "추정항목": "도면 미수령. 층고 3.5m·창중심 바닥+1.2m·남향계열 외벽 전체를 5m 등간격 으로 분할 — 층고·창높이·수평배치가 **전부 가정값**이다. 도면을 받으면 위치와 높이가 모두 바뀐다",
    "estimated": true
   }
  },
  {
   "type": "Feature",
   "geometry": {
    "type": "Point",
    "coordinates": [
     126.93522139,
     37.52301967
    ]
   },
   "properties": {
    "pid": "여의도여자고등학교 ②(5층) 5층-9",
    "school": "여의도여자고등학교",
    "jibun": "40-2",
    "kind": "교사동 창면",
    "dong": "여의도여자고등학교 ②(5층)",
    "floor": 5,
    "z_m": 15.2,
    "normal_az": 232.4,
    "grade": "B",
    "근거등급": "B 일반식(전부 추정)",
    "근거": "일반식(도면 없음)",
    "추정항목": "도면 미수령. 층고 3.5m·창중심 바닥+1.2m·남향계열 외벽 전체를 5m 등간격 으로 분할 — 층고·창높이·수평배치가 **전부 가정값**이다. 도면을 받으면 위치와 높이가 모두 바뀐다",
    "estimated": true
   }
  },
  {
   "type": "Feature",
   "geometry": {
    "type": "Point",
    "coordinates": [
     126.93518668,
     37.52305548
    ]
   },
   "properties": {
    "pid": "여의도여자고등학교 ②(5층) 1층-10",
    "school": "여의도여자고등학교",
    "jibun": "40-2",
    "kind": "교사동 창면",
    "dong": "여의도여자고등학교 ②(5층)",
    "floor": 1,
    "z_m": 1.2,
    "normal_az": 232.4,
    "grade": "B",
    "근거등급": "B 일반식(전부 추정)",
    "근거": "일반식(도면 없음)",
    "추정항목": "도면 미수령. 층고 3.5m·창중심 바닥+1.2m·남향계열 외벽 전체를 5m 등간격 으로 분할 — 층고·창높이·수평배치가 **전부 가정값**이다. 도면을 받으면 위치와 높이가 모두 바뀐다",
    "estimated": true
   }
  },
  {
   "type": "Feature",
   "geometry": {
    "type": "Point",
    "coordinates": [
     126.93518668,
     37.52305548
    ]
   },
   "properties": {
    "pid": "여의도여자고등학교 ②(5층) 2층-10",
    "school": "여의도여자고등학교",
    "jibun": "40-2",
    "kind": "교사동 창면",
    "dong": "여의도여자고등학교 ②(5층)",
    "floor": 2,
    "z_m": 4.7,
    "normal_az": 232.4,
    "grade": "B",
    "근거등급": "B 일반식(전부 추정)",
    "근거": "일반식(도면 없음)",
    "추정항목": "도면 미수령. 층고 3.5m·창중심 바닥+1.2m·남향계열 외벽 전체를 5m 등간격 으로 분할 — 층고·창높이·수평배치가 **전부 가정값**이다. 도면을 받으면 위치와 높이가 모두 바뀐다",
    "estimated": true
   }
  },
  {
   "type": "Feature",
   "geometry": {
    "type": "Point",
    "coordinates": [
     126.93518668,
     37.52305548
    ]
   },
   "properties": {
    "pid": "여의도여자고등학교 ②(5층) 3층-10",
    "school": "여의도여자고등학교",
    "jibun": "40-2",
    "kind": "교사동 창면",
    "dong": "여의도여자고등학교 ②(5층)",
    "floor": 3,
    "z_m": 8.2,
    "normal_az": 232.4,
    "grade": "B",
    "근거등급": "B 일반식(전부 추정)",
    "근거": "일반식(도면 없음)",
    "추정항목": "도면 미수령. 층고 3.5m·창중심 바닥+1.2m·남향계열 외벽 전체를 5m 등간격 으로 분할 — 층고·창높이·수평배치가 **전부 가정값**이다. 도면을 받으면 위치와 높이가 모두 바뀐다",
    "estimated": true
   }
  },
  {
   "type": "Feature",
   "geometry": {
    "type": "Point",
    "coordinates": [
     126.93518668,
     37.52305548
    ]
   },
   "properties": {
    "pid": "여의도여자고등학교 ②(5층) 4층-10",
    "school": "여의도여자고등학교",
    "jibun": "40-2",
    "kind": "교사동 창면",
    "dong": "여의도여자고등학교 ②(5층)",
    "floor": 4,
    "z_m": 11.7,
    "normal_az": 232.4,
    "grade": "B",
    "근거등급": "B 일반식(전부 추정)",
    "근거": "일반식(도면 없음)",
    "추정항목": "도면 미수령. 층고 3.5m·창중심 바닥+1.2m·남향계열 외벽 전체를 5m 등간격 으로 분할 — 층고·창높이·수평배치가 **전부 가정값**이다. 도면을 받으면 위치와 높이가 모두 바뀐다",
    "estimated": true
   }
  },
  {
   "type": "Feature",
   "geometry": {
    "type": "Point",
    "coordinates": [
     126.93518668,
     37.52305548
    ]
   },
   "properties": {
    "pid": "여의도여자고등학교 ②(5층) 5층-10",
    "school": "여의도여자고등학교",
    "jibun": "40-2",
    "kind": "교사동 창면",
    "dong": "여의도여자고등학교 ②(5층)",
    "floor": 5,
    "z_m": 15.2,
    "normal_az": 232.4,
    "grade": "B",
    "근거등급": "B 일반식(전부 추정)",
    "근거": "일반식(도면 없음)",
    "추정항목": "도면 미수령. 층고 3.5m·창중심 바닥+1.2m·남향계열 외벽 전체를 5m 등간격 으로 분할 — 층고·창높이·수평배치가 **전부 가정값**이다. 도면을 받으면 위치와 높이가 모두 바뀐다",
    "estimated": true
   }
  },
  {
   "type": "Feature",
   "geometry": {
    "type": "Point",
    "coordinates": [
     126.93515199,
     37.52309131
    ]
   },
   "properties": {
    "pid": "여의도여자고등학교 ②(5층) 1층-11",
    "school": "여의도여자고등학교",
    "jibun": "40-2",
    "kind": "교사동 창면",
    "dong": "여의도여자고등학교 ②(5층)",
    "floor": 1,
    "z_m": 1.2,
    "normal_az": 232.4,
    "grade": "B",
    "근거등급": "B 일반식(전부 추정)",
    "근거": "일반식(도면 없음)",
    "추정항목": "도면 미수령. 층고 3.5m·창중심 바닥+1.2m·남향계열 외벽 전체를 5m 등간격 으로 분할 — 층고·창높이·수평배치가 **전부 가정값**이다. 도면을 받으면 위치와 높이가 모두 바뀐다",
    "estimated": true
   }
  },
  {
   "type": "Feature",
   "geometry": {
    "type": "Point",
    "coordinates": [
     126.93515199,
     37.52309131
    ]
   },
   "properties": {
    "pid": "여의도여자고등학교 ②(5층) 2층-11",
    "school": "여의도여자고등학교",
    "jibun": "40-2",
    "kind": "교사동 창면",
    "dong": "여의도여자고등학교 ②(5층)",
    "floor": 2,
    "z_m": 4.7,
    "normal_az": 232.4,
    "grade": "B",
    "근거등급": "B 일반식(전부 추정)",
    "근거": "일반식(도면 없음)",
    "추정항목": "도면 미수령. 층고 3.5m·창중심 바닥+1.2m·남향계열 외벽 전체를 5m 등간격 으로 분할 — 층고·창높이·수평배치가 **전부 가정값**이다. 도면을 받으면 위치와 높이가 모두 바뀐다",
    "estimated": true
   }
  },
  {
   "type": "Feature",
   "geometry": {
    "type": "Point",
    "coordinates": [
     126.93515199,
     37.52309131
    ]
   },
   "properties": {
    "pid": "여의도여자고등학교 ②(5층) 3층-11",
    "school": "여의도여자고등학교",
    "jibun": "40-2",
    "kind": "교사동 창면",
    "dong": "여의도여자고등학교 ②(5층)",
    "floor": 3,
    "z_m": 8.2,
    "normal_az": 232.4,
    "grade": "B",
    "근거등급": "B 일반식(전부 추정)",
    "근거": "일반식(도면 없음)",
    "추정항목": "도면 미수령. 층고 3.5m·창중심 바닥+1.2m·남향계열 외벽 전체를 5m 등간격 으로 분할 — 층고·창높이·수평배치가 **전부 가정값**이다. 도면을 받으면 위치와 높이가 모두 바뀐다",
    "estimated": true
   }
  },
  {
   "type": "Feature",
   "geometry": {
    "type": "Point",
    "coordinates": [
     126.93515199,
     37.52309131
    ]
   },
   "properties": {
    "pid": "여의도여자고등학교 ②(5층) 4층-11",
    "school": "여의도여자고등학교",
    "jibun": "40-2",
    "kind": "교사동 창면",
    "dong": "여의도여자고등학교 ②(5층)",
    "floor": 4,
    "z_m": 11.7,
    "normal_az": 232.4,
    "grade": "B",
    "근거등급": "B 일반식(전부 추정)",
    "근거": "일반식(도면 없음)",
    "추정항목": "도면 미수령. 층고 3.5m·창중심 바닥+1.2m·남향계열 외벽 전체를 5m 등간격 으로 분할 — 층고·창높이·수평배치가 **전부 가정값**이다. 도면을 받으면 위치와 높이가 모두 바뀐다",
    "estimated": true
   }
  },
  {
   "type": "Feature",
   "geometry": {
    "type": "Point",
    "coordinates": [
     126.93515199,
     37.52309131
    ]
   },
   "properties": {
    "pid": "여의도여자고등학교 ②(5층) 5층-11",
    "school": "여의도여자고등학교",
    "jibun": "40-2",
    "kind": "교사동 창면",
    "dong": "여의도여자고등학교 ②(5층)",
    "floor": 5,
    "z_m": 15.2,
    "normal_az": 232.4,
    "grade": "B",
    "근거등급": "B 일반식(전부 추정)",
    "근거": "일반식(도면 없음)",
    "추정항목": "도면 미수령. 층고 3.5m·창중심 바닥+1.2m·남향계열 외벽 전체를 5m 등간격 으로 분할 — 층고·창높이·수평배치가 **전부 가정값**이다. 도면을 받으면 위치와 높이가 모두 바뀐다",
    "estimated": true
   }
  },
  {
   "type": "Feature",
   "geometry": {
    "type": "Point",
    "coordinates": [
     126.9351173,
     37.52312713
    ]
   },
   "properties": {
    "pid": "여의도여자고등학교 ②(5층) 1층-12",
    "school": "여의도여자고등학교",
    "jibun": "40-2",
    "kind": "교사동 창면",
    "dong": "여의도여자고등학교 ②(5층)",
    "floor": 1,
    "z_m": 1.2,
    "normal_az": 232.4,
    "grade": "B",
    "근거등급": "B 일반식(전부 추정)",
    "근거": "일반식(도면 없음)",
    "추정항목": "도면 미수령. 층고 3.5m·창중심 바닥+1.2m·남향계열 외벽 전체를 5m 등간격 으로 분할 — 층고·창높이·수평배치가 **전부 가정값**이다. 도면을 받으면 위치와 높이가 모두 바뀐다",
    "estimated": true
   }
  },
  {
   "type": "Feature",
   "geometry": {
    "type": "Point",
    "coordinates": [
     126.9351173,
     37.52312713
    ]
   },
   "properties": {
    "pid": "여의도여자고등학교 ②(5층) 2층-12",
    "school": "여의도여자고등학교",
    "jibun": "40-2",
    "kind": "교사동 창면",
    "dong": "여의도여자고등학교 ②(5층)",
    "floor": 2,
    "z_m": 4.7,
    "normal_az": 232.4,
    "grade": "B",
    "근거등급": "B 일반식(전부 추정)",
    "근거": "일반식(도면 없음)",
    "추정항목": "도면 미수령. 층고 3.5m·창중심 바닥+1.2m·남향계열 외벽 전체를 5m 등간격 으로 분할 — 층고·창높이·수평배치가 **전부 가정값**이다. 도면을 받으면 위치와 높이가 모두 바뀐다",
    "estimated": true
   }
  },
  {
   "type": "Feature",
   "geometry": {
    "type": "Point",
    "coordinates": [
     126.9351173,
     37.52312713
    ]
   },
   "properties": {
    "pid": "여의도여자고등학교 ②(5층) 3층-12",
    "school": "여의도여자고등학교",
    "jibun": "40-2",
    "kind": "교사동 창면",
    "dong": "여의도여자고등학교 ②(5층)",
    "floor": 3,
    "z_m": 8.2,
    "normal_az": 232.4,
    "grade": "B",
    "근거등급": "B 일반식(전부 추정)",
    "근거": "일반식(도면 없음)",
    "추정항목": "도면 미수령. 층고 3.5m·창중심 바닥+1.2m·남향계열 외벽 전체를 5m 등간격 으로 분할 — 층고·창높이·수평배치가 **전부 가정값**이다. 도면을 받으면 위치와 높이가 모두 바뀐다",
    "estimated": true
   }
  },
  {
   "type": "Feature",
   "geometry": {
    "type": "Point",
    "coordinates": [
     126.9351173,
     37.52312713
    ]
   },
   "properties": {
    "pid": "여의도여자고등학교 ②(5층) 4층-12",
    "school": "여의도여자고등학교",
    "jibun": "40-2",
    "kind": "교사동 창면",
    "dong": "여의도여자고등학교 ②(5층)",
    "floor": 4,
    "z_m": 11.7,
    "normal_az": 232.4,
    "grade": "B",
    "근거등급": "B 일반식(전부 추정)",
    "근거": "일반식(도면 없음)",
    "추정항목": "도면 미수령. 층고 3.5m·창중심 바닥+1.2m·남향계열 외벽 전체를 5m 등간격 으로 분할 — 층고·창높이·수평배치가 **전부 가정값**이다. 도면을 받으면 위치와 높이가 모두 바뀐다",
    "estimated": true
   }
  },
  {
   "type": "Feature",
   "geometry": {
    "type": "Point",
    "coordinates": [
     126.9351173,
     37.52312713
    ]
   },
   "properties": {
    "pid": "여의도여자고등학교 ②(5층) 5층-12",
    "school": "여의도여자고등학교",
    "jibun": "40-2",
    "kind": "교사동 창면",
    "dong": "여의도여자고등학교 ②(5층)",
    "floor": 5,
    "z_m": 15.2,
    "normal_az": 232.4,
    "grade": "B",
    "근거등급": "B 일반식(전부 추정)",
    "근거": "일반식(도면 없음)",
    "추정항목": "도면 미수령. 층고 3.5m·창중심 바닥+1.2m·남향계열 외벽 전체를 5m 등간격 으로 분할 — 층고·창높이·수평배치가 **전부 가정값**이다. 도면을 받으면 위치와 높이가 모두 바뀐다",
    "estimated": true
   }
  },
  {
   "type": "Feature",
   "geometry": {
    "type": "Point",
    "coordinates": [
     126.9350826,
     37.52316294
    ]
   },
   "properties": {
    "pid": "여의도여자고등학교 ②(5층) 1층-13",
    "school": "여의도여자고등학교",
    "jibun": "40-2",
    "kind": "교사동 창면",
    "dong": "여의도여자고등학교 ②(5층)",
    "floor": 1,
    "z_m": 1.2,
    "normal_az": 232.4,
    "grade": "B",
    "근거등급": "B 일반식(전부 추정)",
    "근거": "일반식(도면 없음)",
    "추정항목": "도면 미수령. 층고 3.5m·창중심 바닥+1.2m·남향계열 외벽 전체를 5m 등간격 으로 분할 — 층고·창높이·수평배치가 **전부 가정값**이다. 도면을 받으면 위치와 높이가 모두 바뀐다",
    "estimated": true
   }
  },
  {
   "type": "Feature",
   "geometry": {
    "type": "Point",
    "coordinates": [
     126.9350826,
     37.52316294
    ]
   },
   "properties": {
    "pid": "여의도여자고등학교 ②(5층) 2층-13",
    "school": "여의도여자고등학교",
    "jibun": "40-2",
    "kind": "교사동 창면",
    "dong": "여의도여자고등학교 ②(5층)",
    "floor": 2,
    "z_m": 4.7,
    "normal_az": 232.4,
    "grade": "B",
    "근거등급": "B 일반식(전부 추정)",
    "근거": "일반식(도면 없음)",
    "추정항목": "도면 미수령. 층고 3.5m·창중심 바닥+1.2m·남향계열 외벽 전체를 5m 등간격 으로 분할 — 층고·창높이·수평배치가 **전부 가정값**이다. 도면을 받으면 위치와 높이가 모두 바뀐다",
    "estimated": true
   }
  },
  {
   "type": "Feature",
   "geometry": {
    "type": "Point",
    "coordinates": [
     126.9350826,
     37.52316294
    ]
   },
   "properties": {
    "pid": "여의도여자고등학교 ②(5층) 3층-13",
    "school": "여의도여자고등학교",
    "jibun": "40-2",
    "kind": "교사동 창면",
    "dong": "여의도여자고등학교 ②(5층)",
    "floor": 3,
    "z_m": 8.2,
    "normal_az": 232.4,
    "grade": "B",
    "근거등급": "B 일반식(전부 추정)",
    "근거": "일반식(도면 없음)",
    "추정항목": "도면 미수령. 층고 3.5m·창중심 바닥+1.2m·남향계열 외벽 전체를 5m 등간격 으로 분할 — 층고·창높이·수평배치가 **전부 가정값**이다. 도면을 받으면 위치와 높이가 모두 바뀐다",
    "estimated": true
   }
  },
  {
   "type": "Feature",
   "geometry": {
    "type": "Point",
    "coordinates": [
     126.9350826,
     37.52316294
    ]
   },
   "properties": {
    "pid": "여의도여자고등학교 ②(5층) 4층-13",
    "school": "여의도여자고등학교",
    "jibun": "40-2",
    "kind": "교사동 창면",
    "dong": "여의도여자고등학교 ②(5층)",
    "floor": 4,
    "z_m": 11.7,
    "normal_az": 232.4,
    "grade": "B",
    "근거등급": "B 일반식(전부 추정)",
    "근거": "일반식(도면 없음)",
    "추정항목": "도면 미수령. 층고 3.5m·창중심 바닥+1.2m·남향계열 외벽 전체를 5m 등간격 으로 분할 — 층고·창높이·수평배치가 **전부 가정값**이다. 도면을 받으면 위치와 높이가 모두 바뀐다",
    "estimated": true
   }
  },
  {
   "type": "Feature",
   "geometry": {
    "type": "Point",
    "coordinates": [
     126.9350826,
     37.52316294
    ]
   },
   "properties": {
    "pid": "여의도여자고등학교 ②(5층) 5층-13",
    "school": "여의도여자고등학교",
    "jibun": "40-2",
    "kind": "교사동 창면",
    "dong": "여의도여자고등학교 ②(5층)",
    "floor": 5,
    "z_m": 15.2,
    "normal_az": 232.4,
    "grade": "B",
    "근거등급": "B 일반식(전부 추정)",
    "근거": "일반식(도면 없음)",
    "추정항목": "도면 미수령. 층고 3.5m·창중심 바닥+1.2m·남향계열 외벽 전체를 5m 등간격 으로 분할 — 층고·창높이·수평배치가 **전부 가정값**이다. 도면을 받으면 위치와 높이가 모두 바뀐다",
    "estimated": true
   }
  }
 ]
}