family,stage,floors,top_floors,height_m,new_fail,new_ok,gfa_m2,far_pct,service_m2,real_m2,coverage_m2,bcr_pct,daylight_ratio,mean_total_h,min_short_m,label
단일+저층부,5 미세조정,41,41,124.95,22,43,37580,400.0,7329,44909,4133,43.99,0.292,4.114,8.71,41층 282㎡(32.4×8.7m) + 저층부 7층 4000㎡(84.9×47.1m)
단일+저층부,5 미세조정,41,41,124.95,22,44,37581,400.0,7329,44910,4133,43.99,0.372,4.106,8.71,41층 282㎡(32.4×8.7m) + 저층부 7층 4000㎡(84.9×47.1m)
단일+저층부,5 미세조정,40,40,122.0,22,39,37580,400.0,7218,44798,4133,43.99,0.076,4.133,8.99,40층 290㎡(32.3×9.0m) + 저층부 7층 4000㎡(84.9×47.1m)
단일+저층부,5 미세조정,40,40,122.0,22,40,37580,400.0,7258,44838,4133,43.99,0.099,4.127,8.84,40층 290㎡(32.8×8.8m) + 저층부 7층 4000㎡(84.9×47.1m)
단일+저층부,5 미세조정,40,40,122.0,22,40,37580,400.0,7078,44658,4133,43.99,0.19,4.123,9.59,40층 290㎡(30.3×9.6m) + 저층부 7층 4000㎡(84.9×47.1m)
단일+저층부,5 미세조정,40,40,122.0,22,40,37580,400.0,7353,44933,4133,43.99,0.152,4.118,8.51,40층 290㎡(34.1×8.5m) + 저층부 7층 4000㎡(84.9×47.1m)
단일+저층부,5 미세조정,40,40,122.0,22,41,37580,400.0,7353,44933,4133,43.99,0.188,4.118,8.51,40층 290㎡(34.1×8.5m) + 저층부 7층 4000㎡(84.9×47.1m)
단일+저층부,5 미세조정,40,40,122.0,22,43,37580,400.0,7353,44933,4133,43.99,0.327,4.112,8.51,40층 290㎡(34.1×8.5m) + 저층부 7층 4000㎡(84.9×47.1m)
단일+저층부,5 미세조정,39,39,119.05,22,43,37580,400.0,7009,44589,4133,43.99,0.246,4.127,9.74,39층 299㎡(30.7×9.7m) + 저층부 7층 4000㎡(84.9×47.1m)
단일+저층부,5 미세조정,39,39,119.05,22,40,37580,400.0,7186,44766,4133,43.99,0.163,4.121,8.98,39층 299㎡(33.3×9.0m) + 저층부 7층 4000㎡(84.9×47.1m)
단일+저층부,5 미세조정,39,39,119.05,22,40,37580,400.0,7279,44859,4133,43.99,0.15,4.119,8.64,39층 299㎡(34.7×8.6m) + 저층부 7층 4000㎡(84.9×47.1m)
단일+저층부,5 미세조정,39,39,119.05,22,42,37580,400.0,7279,44859,4133,43.99,0.22,4.116,8.64,39층 299㎡(34.7×8.6m) + 저층부 7층 4000㎡(84.9×47.1m)
단일+저층부,5 미세조정,39,39,119.05,22,42,37580,400.0,7279,44859,4133,43.99,0.249,4.112,8.64,39층 299㎡(34.7×8.6m) + 저층부 7층 4000㎡(84.9×47.1m)
단일+저층부,5 미세조정,39,39,119.05,22,44,37582,400.0,7127,44709,4133,44.0,0.388,4.106,9.21,39층 299㎡(32.5×9.2m) + 저층부 7층 4000㎡(84.9×47.1m)
단일+저층부,5 미세조정,38,38,116.1,22,40,37580,400.0,7113,44693,4133,43.99,0.16,4.122,9.12,38층 309㎡(33.9×9.1m) + 저층부 7층 4000㎡(84.9×47.1m)
단일+저층부,5 미세조정,38,38,116.1,22,40,37580,400.0,7074,44654,4133,43.99,0.166,4.122,9.28,38층 309㎡(33.3×9.3m) + 저층부 7층 4000㎡(84.9×47.1m)
단일+저층부,5 미세조정,38,38,116.1,22,40,37580,400.0,7269,44849,4133,43.99,0.16,4.117,8.55,38층 309㎡(36.1×8.6m) + 저층부 7층 4000㎡(84.9×47.1m)
단일+저층부,5 미세조정,36,36,110.2,22,41,37580,400.0,7213,44793,4133,43.99,0.228,4.107,8.51,36층 330㎡(38.8×8.5m) + 저층부 7층 4000㎡(84.9×47.1m)
단일+저층부,5 미세조정,41,41,124.95,23,43,37580,400.0,7147,44727,4133,43.99,0.268,4.123,9.45,41층 282㎡(29.8×9.4m) + 저층부 7층 4000㎡(84.9×47.1m)
단일+저층부,5 미세조정,40,40,122.0,23,43,37580,400.0,7218,44798,4133,43.99,0.254,4.119,8.99,40층 290㎡(32.3×9.0m) + 저층부 7층 4000㎡(84.9×47.1m)
단일+저층부,5 미세조정,40,40,122.0,23,43,37580,400.0,7258,44838,4133,43.99,0.25,4.118,8.84,40층 290㎡(32.8×8.8m) + 저층부 7층 4000㎡(84.9×47.1m)
단일+저층부,5 미세조정,40,40,122.0,23,42,37580,400.0,7320,44900,4133,43.99,0.239,4.117,8.62,40층 290㎡(33.7×8.6m) + 저층부 7층 4000㎡(84.9×47.1m)
단일+저층부,5 미세조정,40,40,122.0,23,42,37580,400.0,7258,44838,4133,43.99,0.247,4.117,8.84,40층 290㎡(32.8×8.8m) + 저층부 7층 4000㎡(84.9×47.1m)
단일+저층부,5 미세조정,40,40,122.0,23,42,37580,400.0,7258,44838,4133,43.99,0.257,4.115,8.84,40층 290㎡(32.8×8.8m) + 저층부 7층 4000㎡(84.9×47.1m)
단일+저층부,5 미세조정,39,39,119.05,23,42,37580,400.0,7186,44766,4133,43.99,0.247,4.119,8.98,39층 299㎡(33.3×9.0m) + 저층부 7층 4000㎡(84.9×47.1m)
단일+저층부,5 미세조정,39,39,119.05,23,43,37580,400.0,7186,44766,4133,43.99,0.251,4.118,8.98,39층 299㎡(33.3×9.0m) + 저층부 7층 4000㎡(84.9×47.1m)
단일+저층부,5 미세조정,37,37,113.15,23,42,37580,400.0,6919,44499,4133,43.99,0.235,4.123,9.8,37층 319㎡(32.6×9.8m) + 저층부 7층 4000㎡(84.9×47.1m)
단일+저층부,5 미세조정,37,37,113.15,23,42,37580,400.0,7001,44581,4133,43.99,0.257,4.115,9.43,37층 319㎡(33.9×9.4m) + 저층부 7층 4000㎡(84.9×47.1m)
단일+저층부,5 미세조정,37,37,113.15,23,43,37580,400.0,7192,44773,4133,43.99,0.274,4.108,8.7,37층 319㎡(36.7×8.7m) + 저층부 7층 4000㎡(84.9×47.1m)
단일+저층부,5 미세조정,36,36,110.2,23,39,37580,400.0,7213,44793,4133,43.99,0.112,4.113,8.51,36층 330㎡(38.8×8.5m) + 저층부 7층 4000㎡(84.9×47.1m)
단일+저층부,5 미세조정,38,38,116.1,25,40,37580,400.0,7269,44849,4133,43.99,0.175,4.117,8.55,38층 309㎡(36.1×8.6m) + 저층부 7층 4000㎡(84.9×47.1m)
단일+저층부,5 미세조정,41,41,124.95,26,40,37580,400.0,7269,44849,4133,43.99,0.14,4.126,8.94,41층 282㎡(31.5×8.9m) + 저층부 7층 4000㎡(84.9×47.1m)
단일+저층부,5 미세조정,41,41,124.95,26,39,37580,400.0,7329,44909,4133,43.99,0.132,4.125,8.71,41층 282㎡(32.4×8.7m) + 저층부 7층 4000㎡(84.9×47.1m)
단일+저층부,5 미세조정,41,41,124.95,26,41,37580,400.0,7269,44849,4133,43.99,0.195,4.117,8.94,41층 282㎡(31.5×8.9m) + 저층부 7층 4000㎡(84.9×47.1m)
단일+저층부,5 미세조정,41,41,124.95,26,41,37580,400.0,7329,44909,4133,43.99,0.189,4.116,8.71,41층 282㎡(32.4×8.7m) + 저층부 7층 4000㎡(84.9×47.1m)
단일+저층부,5 미세조정,40,40,122.0,26,41,37580,400.0,7258,44838,4133,43.99,0.123,4.125,8.84,40층 290㎡(32.8×8.8m) + 저층부 7층 4000㎡(84.9×47.1m)
단일+저층부,5 미세조정,40,40,122.0,26,40,37580,400.0,7218,44798,4133,43.99,0.137,4.124,8.99,40층 290㎡(32.3×9.0m) + 저층부 7층 4000㎡(84.9×47.1m)
단일+저층부,5 미세조정,39,39,119.05,26,40,37580,400.0,7009,44589,4133,43.99,0.114,4.132,9.74,39층 299㎡(30.7×9.7m) + 저층부 7층 4000㎡(84.9×47.1m)
단일+저층부,5 미세조정,39,39,119.05,26,41,37580,400.0,7127,44707,4133,43.99,0.172,4.123,9.21,39층 299㎡(32.5×9.2m) + 저층부 7층 4000㎡(84.9×47.1m)
단일+저층부,5 미세조정,39,39,119.05,26,40,37580,400.0,7247,44827,4133,43.99,0.141,4.122,8.75,39층 299㎡(34.2×8.8m) + 저층부 7층 4000㎡(84.9×47.1m)
단일+저층부,5 미세조정,39,39,119.05,26,40,37580,400.0,7186,44766,4133,43.99,0.132,4.121,8.98,39층 299㎡(33.3×9.0m) + 저층부 7층 4000㎡(84.9×47.1m)
단일+저층부,5 미세조정,38,38,116.1,26,40,37580,400.0,6991,44571,4133,43.99,0.107,4.128,9.64,38층 309㎡(32.0×9.6m) + 저층부 7층 4000㎡(84.9×47.1m)
단일+저층부,5 미세조정,38,38,116.1,26,40,37580,400.0,7113,44693,4133,43.99,0.146,4.124,9.12,38층 309㎡(33.9×9.1m) + 저층부 7층 4000㎡(84.9×47.1m)
단일+저층부,5 미세조정,38,38,116.1,26,41,37580,400.0,7113,44693,4133,43.99,0.187,4.118,9.12,38층 309㎡(33.9×9.1m) + 저층부 7층 4000㎡(84.9×47.1m)
단일+저층부,5 미세조정,38,38,116.1,26,40,37580,400.0,7269,44849,4133,43.99,0.115,4.118,8.55,38층 309㎡(36.1×8.6m) + 저층부 7층 4000㎡(84.9×47.1m)
단일+저층부,5 미세조정,37,37,113.15,26,40,37580,400.0,6919,44499,4133,43.99,0.142,4.123,9.8,37층 319㎡(32.6×9.8m) + 저층부 7층 4000㎡(84.9×47.1m)
단일+저층부,5 미세조정,37,37,113.15,26,41,37580,400.0,7098,44678,4133,43.99,0.159,4.121,9.04,37층 319㎡(35.3×9.0m) + 저층부 7층 4000㎡(84.9×47.1m)
단일+저층부,5 미세조정,37,37,113.15,26,40,37580,400.0,7129,44709,4133,43.99,0.119,4.12,8.92,37층 319㎡(35.8×8.9m) + 저층부 7층 4000㎡(84.9×47.1m)
단일+저층부,5 미세조정,37,37,113.15,26,41,37580,400.0,7001,44581,4133,43.99,0.191,4.119,9.43,37층 319㎡(33.9×9.4m) + 저층부 7층 4000㎡(84.9×47.1m)
단일+저층부,5 미세조정,37,37,113.15,26,39,37580,400.0,7192,44772,4133,43.99,0.094,4.115,8.7,37층 319㎡(36.7×8.7m) + 저층부 7층 4000㎡(84.9×47.1m)
단일+저층부,5 미세조정,37,37,113.15,26,41,37580,400.0,7192,44772,4133,43.99,0.232,4.11,8.7,37층 319㎡(36.7×8.7m) + 저층부 7층 4000㎡(84.9×47.1m)
단일+저층부,5 미세조정,36,36,110.2,26,40,37580,400.0,7213,44793,4133,43.99,0.137,4.114,8.51,36층 330㎡(38.8×8.5m) + 저층부 7층 4000㎡(84.9×47.1m)
단일+저층부,5 미세조정,36,36,110.2,26,41,37580,400.0,7052,44632,4133,43.99,0.241,4.108,9.07,36층 330㎡(36.4×9.1m) + 저층부 7층 4000㎡(84.9×47.1m)
단일+저층부,5 미세조정,35,35,107.25,26,40,37580,400.0,7133,44713,4133,43.99,0.147,4.113,8.66,35층 342㎡(39.5×8.7m) + 저층부 7층 4000㎡(84.9×47.1m)
단일+저층부,0 종전안,42,42,127.9,27,35,37635,400.6,7764,45399,2916,31.04,0.318,4.08,8.76,42층 299㎡(34.2×8.8m) + 저층부 10층 2800㎡(66.9×41.8m)
단일+저층부,5 미세조정,41,41,124.95,27,42,37580,400.0,7329,44909,4133,43.99,0.176,4.123,8.71,41층 282㎡(32.4×8.7m) + 저층부 7층 4000㎡(84.9×47.1m)
단일+저층부,5 미세조정,41,41,124.95,27,41,37580,400.0,7269,44849,4133,43.99,0.21,4.122,8.94,41층 282㎡(31.5×8.9m) + 저층부 7층 4000㎡(84.9×47.1m)
단일+저층부,5 미세조정,41,41,124.95,27,40,37580,400.0,7329,44909,4133,43.99,0.206,4.114,8.71,41층 282㎡(32.4×8.7m) + 저층부 7층 4000㎡(84.9×47.1m)
단일+저층부,5 미세조정,41,41,124.95,27,41,37580,400.0,7329,44909,4133,43.99,0.317,4.105,8.71,41층 282㎡(32.4×8.7m) + 저층부 7층 4000㎡(84.9×47.1m)
단일+저층부,5 미세조정,40,40,122.0,27,41,37580,400.0,7078,44658,4133,43.99,0.161,4.132,9.59,40층 290㎡(30.3×9.6m) + 저층부 7층 4000㎡(84.9×47.1m)
단일+저층부,5 미세조정,40,40,122.0,27,41,37580,400.0,7132,44712,4133,43.99,0.171,4.128,9.35,40층 290㎡(31.1×9.3m) + 저층부 7층 4000㎡(84.9×47.1m)
단일+저층부,2 저층부,40,40,122.0,27,40,37580,400.0,7320,44900,4133,43.99,0.134,4.127,8.62,40층 290㎡(33.7×8.6m) + 저층부 7층 4000㎡(84.9×47.1m)
단일+저층부,5 미세조정,40,40,122.0,27,39,37580,400.0,7353,44933,4133,43.99,0.101,4.123,8.51,40층 290㎡(34.1×8.5m) + 저층부 7층 4000㎡(84.9×47.1m)
단일+저층부,5 미세조정,40,40,122.0,27,43,37580,400.0,7132,44712,4133,43.99,0.311,4.118,9.35,40층 290㎡(31.1×9.3m) + 저층부 7층 4000㎡(84.9×47.1m)
단일+저층부,5 미세조정,40,40,122.0,27,41,37580,400.0,7198,44778,4133,43.99,0.271,4.113,9.07,40층 290㎡(32.0×9.1m) + 저층부 7층 4000㎡(84.9×47.1m)
단일+저층부,5 미세조정,40,40,122.0,27,42,37580,400.0,7353,44933,4133,43.99,0.358,4.1,8.51,40층 290㎡(34.1×8.5m) + 저층부 7층 4000㎡(84.9×47.1m)
단일+저층부,5 미세조정,39,39,119.05,27,40,37580,400.0,7247,44827,4133,43.99,0.119,4.127,8.75,39층 299㎡(34.2×8.8m) + 저층부 7층 4000㎡(84.9×47.1m)
단일+저층부,5 미세조정,39,39,119.05,27,42,37580,400.0,7186,44766,4133,43.99,0.177,4.121,8.98,39층 299㎡(33.3×9.0m) + 저층부 7층 4000㎡(84.9×47.1m)
단일+저층부,5 미세조정,39,39,119.05,27,41,37580,400.0,7009,44589,4133,43.99,0.293,4.115,9.74,39층 299㎡(30.7×9.7m) + 저층부 7층 4000㎡(84.9×47.1m)
단일+저층부,5 미세조정,38,38,116.1,27,40,37580,400.0,6991,44571,4133,43.99,0.152,4.129,9.64,38층 309㎡(32.0×9.6m) + 저층부 7층 4000㎡(84.9×47.1m)
단일+저층부,5 미세조정,38,38,116.1,27,41,37580,400.0,7113,44693,4133,43.99,0.158,4.124,9.12,38층 309㎡(33.9×9.1m) + 저층부 7층 4000㎡(84.9×47.1m)
단일+저층부,5 미세조정,38,38,116.1,27,42,37580,400.0,7269,44849,4133,43.99,0.164,4.117,8.55,38층 309㎡(36.1×8.6m) + 저층부 7층 4000㎡(84.9×47.1m)
단일+저층부,5 미세조정,38,38,116.1,27,41,37580,400.0,7173,44753,4133,43.99,0.248,4.114,8.89,38층 309㎡(34.8×8.9m) + 저층부 7층 4000㎡(84.9×47.1m)
단일+저층부,5 미세조정,38,38,116.1,27,41,37580,400.0,7205,44785,4133,43.99,0.243,4.112,8.78,38층 309㎡(35.2×8.8m) + 저층부 7층 4000㎡(84.9×47.1m)
단일+저층부,5 미세조정,38,38,116.1,27,41,37580,400.0,7113,44693,4133,43.99,0.317,4.102,9.12,38층 309㎡(33.9×9.1m) + 저층부 7층 4000㎡(84.9×47.1m)
단일+저층부,5 미세조정,37,37,113.15,27,39,37580,400.0,7098,44678,4133,43.99,0.086,4.125,9.04,37층 319㎡(35.3×9.0m) + 저층부 7층 4000㎡(84.9×47.1m)
단일+저층부,5 미세조정,37,37,113.15,27,41,37580,400.0,7192,44772,4133,43.99,0.141,4.121,8.7,37층 319㎡(36.7×8.7m) + 저층부 7층 4000㎡(84.9×47.1m)
단일+저층부,5 미세조정,37,37,113.15,27,41,37580,400.0,7098,44678,4133,43.99,0.304,4.103,9.04,37층 319㎡(35.3×9.0m) + 저층부 7층 4000㎡(84.9×47.1m)
단일+저층부,5 미세조정,35,35,107.25,27,39,37580,400.0,7133,44713,4133,43.99,0.103,4.111,8.66,35층 342㎡(39.5×8.7m) + 저층부 7층 4000㎡(84.9×47.1m)
단일+저층부,5 미세조정,41,41,124.95,28,42,37580,400.0,7329,44909,4133,43.99,0.211,4.124,8.71,41층 282㎡(32.4×8.7m) + 저층부 7층 4000㎡(84.9×47.1m)
단일+저층부,5 미세조정,40,40,122.0,28,39,37580,400.0,7132,44712,4133,43.99,0.09,4.131,9.35,40층 290㎡(31.1×9.3m) + 저층부 7층 4000㎡(84.9×47.1m)
단일+저층부,5 미세조정,40,40,122.0,28,42,37580,400.0,7258,44838,4133,43.99,0.211,4.123,8.84,40층 290㎡(32.8×8.8m) + 저층부 7층 4000㎡(84.9×47.1m)
단일+저층부,5 미세조정,40,40,122.0,28,42,37580,400.0,7320,44900,4133,43.99,0.204,4.122,8.62,40층 290㎡(33.7×8.6m) + 저층부 7층 4000㎡(84.9×47.1m)
단일+저층부,5 미세조정,40,40,122.0,28,43,37580,400.0,7078,44658,4133,43.99,0.329,4.115,9.59,40층 290㎡(30.3×9.6m) + 저층부 7층 4000㎡(84.9×47.1m)
단일+저층부,5 미세조정,39,39,119.05,28,42,37580,400.0,7279,44859,4133,43.99,0.2,4.122,8.64,39층 299㎡(34.7×8.6m) + 저층부 7층 4000㎡(84.9×47.1m)
단일+저층부,5 미세조정,39,39,119.05,28,43,37580,400.0,7186,44766,4133,43.99,0.352,4.11,8.98,39층 299㎡(33.3×9.0m) + 저층부 7층 4000㎡(84.9×47.1m)
단일+저층부,5 미세조정,38,38,116.1,28,40,37580,400.0,7269,44849,4133,43.99,0.072,4.127,8.55,38층 309㎡(36.1×8.6m) + 저층부 7층 4000㎡(84.9×47.1m)
단일+저층부,5 미세조정,38,38,116.1,28,39,37580,400.0,7113,44693,4133,43.99,0.112,4.123,9.12,38층 309㎡(33.9×9.1m) + 저층부 7층 4000㎡(84.9×47.1m)
단일+저층부,5 미세조정,37,37,113.15,28,42,37580,400.0,6919,44499,4133,43.99,0.225,4.126,9.8,37층 319㎡(32.6×9.8m) + 저층부 7층 4000㎡(84.9×47.1m)
단일+저층부,5 미세조정,37,37,113.15,28,39,37580,400.0,7192,44772,4133,43.99,0.083,4.12,8.7,37층 319㎡(36.7×8.7m) + 저층부 7층 4000㎡(84.9×47.1m)
단일,5 미세조정,60,60,181.0,29,34,37580,400.0,11802,49382,690,7.34,0.019,4.064,12.51,60층 626㎡(50.1×12.5m)
단일,5 미세조정,58,58,175.1,29,34,37580,400.0,11091,48671,710,7.55,0.018,4.073,13.8,58층 648㎡(46.9×13.8m)
단일+저층부,5 미세조정,40,40,122.0,29,40,37580,400.0,7078,44658,4133,43.99,0.154,4.128,9.59,40층 290㎡(30.3×9.6m) + 저층부 7층 4000㎡(84.9×47.1m)
단일+저층부,5 미세조정,38,38,116.1,29,43,37580,400.0,7113,44693,4133,43.99,0.258,4.119,9.12,38층 309㎡(33.9×9.1m) + 저층부 7층 4000㎡(84.9×47.1m)
단일,5 미세조정,59,59,178.05,30,34,37580,400.0,11699,49279,701,7.46,0.022,4.055,12.62,59층 637㎡(50.5×12.6m)
타워+저층별동,5 저층별동,45,45,136.75,30,30,37580,400.0,8369,45949,4571,48.65,0.027,4.119,12.5,45층 391㎡(31.3×12.5m) + 저층부 5층 4000㎡(89.4×44.7m)
단일+저층부,5 미세조정,41,41,124.95,30,40,37580,400.0,7201,44781,4133,43.99,0.194,4.124,9.21,41층 282㎡(30.6×9.2m) + 저층부 7층 4000㎡(84.9×47.1m)
단일+저층부,5 미세조정,41,41,124.95,30,42,37580,400.0,7269,44849,4133,43.99,0.234,4.114,8.94,41층 282㎡(31.5×8.9m) + 저층부 7층 4000㎡(84.9×47.1m)
단일+저층부,5 미세조정,41,41,124.95,30,34,37599,400.2,7690,45290,2912,31.0,0.223,4.085,8.89,41층 309㎡(34.7×8.9m) + 저층부 10층 2800㎡(66.9×41.8m)
단일+저층부,5 미세조정,41,41,124.95,30,35,37607,400.3,7508,45115,2913,31.01,0.367,4.076,9.65,41층 309㎡(32.0×9.6m) + 저층부 10층 2800㎡(66.9×41.8m)
단일+저층부,5 미세조정,41,41,124.95,30,34,37634,400.6,7690,45324,2916,31.04,0.29,4.072,8.89,41층 309㎡(34.7×8.9m) + 저층부 10층 2800㎡(66.9×41.8m)
단일+저층부,5 미세조정,38,38,116.1,30,40,37580,400.0,7113,44693,4133,43.99,0.121,4.123,9.12,38층 309㎡(33.9×9.1m) + 저층부 7층 4000㎡(84.9×47.1m)
타워+저층별동,5 저층별동,35,35,107.25,30,33,37580,400.0,8678,46258,4001,42.58,0.041,4.126,12.42,35층 617㎡(49.7×12.4m) + 저층부 5층 3200㎡(80.0×40.0m)
단일,5 미세조정,60,60,181.0,31,34,37580,400.0,11802,49382,690,7.34,0.02,4.043,12.51,60층 626㎡(50.1×12.5m)
단일,5 미세조정,60,60,181.0,31,33,37580,400.0,12070,49650,691,7.36,0.021,4.038,12.04,60층 626㎡(52.0×12.0m)
단일,5 미세조정,60,60,181.0,31,33,37580,400.0,12466,50046,694,7.38,0.022,4.027,11.42,60층 626㎡(54.8×11.4m)
단일,5 미세조정,58,58,175.1,31,34,37580,400.0,11428,49008,712,7.57,0.02,4.047,13.06,58층 648㎡(49.6×13.1m)
단일,5 미세조정,57,57,172.15,31,37,37580,400.0,11325,48905,724,7.7,0.03,4.058,13.17,57층 659㎡(50.1×13.2m)
단일,5 미세조정,57,57,172.15,31,33,37580,400.0,11490,49070,724,7.71,0.02,4.044,12.84,57층 659㎡(51.4×12.8m)
단일+저층부,5 미세조정,44,44,133.8,31,34,37582,400.0,7718,45301,2910,30.98,0.235,4.09,9.21,44층 282㎡(30.6×9.2m) + 저층부 10층 2800㎡(66.9×41.8m)
단일+저층부,5 미세조정,43,43,130.85,31,33,37580,400.0,7837,45417,2910,30.97,0.214,4.085,8.62,43층 290㎡(33.7×8.6m) + 저층부 10층 2800㎡(66.9×41.8m)
단일+저층부,5 미세조정,43,43,130.85,31,35,37634,400.6,7649,45283,2916,31.04,0.269,4.081,9.35,43층 290㎡(31.0×9.4m) + 저층부 10층 2800㎡(66.9×41.8m)
단일+저층부,5 미세조정,42,42,127.9,31,33,37580,400.0,7703,45283,2910,30.97,0.26,4.08,8.98,42층 299㎡(33.3×9.0m) + 저층부 10층 2800㎡(66.9×41.8m)
단일+저층부,5 미세조정,41,41,124.95,31,40,37580,400.0,7269,44849,4133,43.99,0.228,4.11,8.94,41층 282㎡(31.5×8.9m) + 저층부 7층 4000㎡(84.9×47.1m)
단일+저층부,5 미세조정,41,41,124.95,31,43,37580,400.0,7329,44909,4133,43.99,0.355,4.103,8.71,41층 282㎡(32.4×8.7m) + 저층부 7층 4000㎡(84.9×47.1m)
단일+저층부,5 미세조정,41,41,124.95,31,35,37580,400.0,7508,45088,2910,30.97,0.357,4.08,9.65,41층 309㎡(32.0×9.6m) + 저층부 10층 2800㎡(66.9×41.8m)
단일+저층부,5 미세조정,40,40,122.0,31,41,37580,400.0,7218,44798,4133,43.99,0.156,4.123,8.99,40층 290㎡(32.3×9.0m) + 저층부 7층 4000㎡(84.9×47.1m)
단일+저층부,5 미세조정,40,40,122.0,31,40,37580,400.0,7320,44900,4133,43.99,0.135,4.121,8.62,40층 290㎡(33.7×8.6m) + 저층부 7층 4000㎡(84.9×47.1m)
단일+저층부,5 미세조정,40,40,122.0,31,42,37580,400.0,7353,44933,4133,43.99,0.176,4.118,8.51,40층 290㎡(34.1×8.5m) + 저층부 7층 4000㎡(84.9×47.1m)
단일+저층부,5 미세조정,40,40,122.0,31,33,37583,400.0,7556,45138,2910,30.98,0.26,4.083,9.28,40층 319㎡(34.4×9.3m) + 저층부 10층 2800㎡(66.9×41.8m)
단일+저층부,5 미세조정,40,40,122.0,31,34,37585,400.1,7615,45200,2911,30.98,0.283,4.08,9.04,40층 319㎡(35.3×9.0m) + 저층부 10층 2800㎡(66.9×41.8m)
단일+저층부,5 미세조정,40,40,122.0,31,34,37598,400.2,7709,45308,2912,31.0,0.272,4.077,8.7,40층 319㎡(36.7×8.7m) + 저층부 10층 2800㎡(66.9×41.8m)
단일+저층부,5 미세조정,40,40,122.0,31,34,37610,400.3,7709,45319,2913,31.01,0.318,4.073,8.7,40층 319㎡(36.7×8.7m) + 저층부 10층 2800㎡(66.9×41.8m)
단일+저층부,5 미세조정,40,40,122.0,31,34,37638,400.6,7556,45194,2917,31.05,0.299,4.072,9.28,40층 319㎡(34.4×9.3m) + 저층부 10층 2800㎡(66.9×41.8m)
단일+저층부,5 미세조정,39,39,119.05,31,40,37580,400.0,7247,44827,4133,43.99,0.086,4.127,8.75,39층 299㎡(34.2×8.8m) + 저층부 7층 4000㎡(84.9×47.1m)
단일+저층부,5 미세조정,39,39,119.05,31,39,37580,400.0,7062,44642,4133,43.99,0.144,4.125,9.49,39층 299㎡(31.5×9.5m) + 저층부 7층 4000㎡(84.9×47.1m)
단일+저층부,5 미세조정,39,39,119.05,31,40,37580,400.0,7147,44727,4133,43.99,0.144,4.124,9.13,39층 299㎡(32.8×9.1m) + 저층부 7층 4000㎡(84.9×47.1m)
단일+저층부,5 미세조정,39,39,119.05,31,41,37580,400.0,7062,44642,4133,43.99,0.162,4.122,9.49,39층 299㎡(31.5×9.5m) + 저층부 7층 4000㎡(84.9×47.1m)
단일+저층부,5 미세조정,39,39,119.05,31,40,37580,400.0,7279,44859,4133,43.99,0.207,4.111,8.64,39층 299㎡(34.7×8.6m) + 저층부 7층 4000㎡(84.9×47.1m)
단일+저층부,5 미세조정,39,39,119.05,31,42,37580,400.0,7279,44859,4133,43.99,0.302,4.105,8.64,39층 299㎡(34.7×8.6m) + 저층부 7층 4000㎡(84.9×47.1m)
단일+저층부,5 미세조정,39,39,119.05,31,42,37580,400.0,7009,44589,4133,43.99,0.384,4.103,9.74,39층 299㎡(30.7×9.7m) + 저층부 7층 4000㎡(84.9×47.1m)
단일+저층부,5 미세조정,38,38,116.1,31,39,37580,400.0,7113,44693,4133,43.99,0.067,4.125,9.12,38층 309㎡(33.9×9.1m) + 저층부 7층 4000㎡(84.9×47.1m)
단일+저층부,5 미세조정,38,38,116.1,31,39,37580,400.0,7074,44654,4133,43.99,0.128,4.119,9.28,38층 309㎡(33.3×9.3m) + 저층부 7층 4000㎡(84.9×47.1m)
단일+저층부,5 미세조정,38,38,116.1,31,43,37580,400.0,7055,44635,4133,43.99,0.379,4.102,9.36,38층 309㎡(33.0×9.4m) + 저층부 7층 4000㎡(84.9×47.1m)
단일+저층부,5 미세조정,37,37,113.15,31,40,37580,400.0,7039,44619,4133,43.99,0.087,4.129,9.27,37층 319㎡(34.4×9.3m) + 저층부 7층 4000㎡(84.9×47.1m)
단일+저층부,5 미세조정,37,37,113.15,31,40,37580,400.0,7098,44678,4133,43.99,0.208,4.111,9.04,37층 319㎡(35.3×9.0m) + 저층부 7층 4000㎡(84.9×47.1m)
단일+저층부,5 미세조정,36,36,110.2,31,39,37580,400.0,6926,44506,4133,43.99,0.12,4.118,9.59,36층 330㎡(34.4×9.6m) + 저층부 7층 4000㎡(84.9×47.1m)
단일,5 미세조정,60,60,181.0,32,34,37580,400.0,12070,49650,691,7.36,0.02,4.027,12.04,60층 626㎡(52.0×12.0m)
단일,5 미세조정,59,59,178.05,32,33,37580,400.0,11965,49545,703,7.48,0.021,4.039,12.14,59층 637㎡(52.5×12.1m)
단일+저층부,2 저층부,50,50,151.5,32,36,37580,400.0,8750,46330,4953,52.72,0.048,4.103,14.05,50층 493㎡(35.1×14.0m) + 저층부 3층 4800㎡(107.3×44.7m)
단일+저층부,5 미세조정,44,44,133.8,32,34,37580,400.0,7718,45298,2910,30.97,0.308,4.085,9.21,44층 282㎡(30.6×9.2m) + 저층부 10층 2800㎡(66.9×41.8m)
단일+저층부,5 미세조정,43,43,130.85,32,35,37580,400.0,7775,45355,2910,30.97,0.286,4.081,8.85,43층 290㎡(32.8×8.8m) + 저층부 10층 2800㎡(66.9×41.8m)
단일+저층부,5 미세조정,41,41,124.95,32,40,37580,400.0,7329,44909,4133,43.99,0.096,4.136,8.71,41층 282㎡(32.4×8.7m) + 저층부 7층 4000㎡(84.9×47.1m)
단일+저층부,5 미세조정,41,41,124.95,32,39,37580,400.0,7201,44781,4133,43.99,0.08,4.131,9.21,41층 282㎡(30.6×9.2m) + 저층부 7층 4000㎡(84.9×47.1m)
단일+저층부,5 미세조정,41,41,124.95,32,40,37580,400.0,7288,44868,4133,43.99,0.164,4.123,8.86,41층 282㎡(31.8×8.9m) + 저층부 7층 4000㎡(84.9×47.1m)
단일+저층부,5 미세조정,41,41,124.95,32,39,37580,400.0,7288,44868,4133,43.99,0.126,4.122,8.86,41층 282㎡(31.8×8.9m) + 저층부 7층 4000㎡(84.9×47.1m)
단일+저층부,5 미세조정,41,41,124.95,32,44,37597,400.2,7329,44926,4136,44.02,0.311,4.116,8.71,41층 282㎡(32.4×8.7m) + 저층부 7층 4000㎡(84.9×47.1m)
단일+저층부,5 미세조정,40,40,122.0,32,40,37580,400.0,7132,44712,4133,43.99,0.108,4.139,9.35,40층 290㎡(31.1×9.3m) + 저층부 7층 4000㎡(84.9×47.1m)
단일+저층부,5 미세조정,40,40,122.0,32,39,37580,400.0,7353,44933,4133,43.99,0.056,4.131,8.51,40층 290㎡(34.1×8.5m) + 저층부 7층 4000㎡(84.9×47.1m)
단일+저층부,5 미세조정,40,40,122.0,32,39,37580,400.0,7132,44712,4133,43.99,0.11,4.127,9.35,40층 290㎡(31.1×9.3m) + 저층부 7층 4000㎡(84.9×47.1m)
단일+저층부,5 미세조정,40,40,122.0,32,39,37580,400.0,7320,44900,4133,43.99,0.074,4.127,8.62,40층 290㎡(33.7×8.6m) + 저층부 7층 4000㎡(84.9×47.1m)
단일+저층부,5 미세조정,40,40,122.0,32,39,37580,400.0,7320,44900,4133,43.99,0.101,4.124,8.62,40층 290㎡(33.7×8.6m) + 저층부 7층 4000㎡(84.9×47.1m)
단일+저층부,5 미세조정,40,40,122.0,32,40,37580,400.0,7198,44778,4133,43.99,0.214,4.115,9.07,40층 290㎡(32.0×9.1m) + 저층부 7층 4000㎡(84.9×47.1m)
단일+저층부,5 미세조정,40,40,122.0,32,41,37580,400.0,7218,44798,4133,43.99,0.28,4.111,8.99,40층 290㎡(32.3×9.0m) + 저층부 7층 4000㎡(84.9×47.1m)
단일+저층부,5 미세조정,40,40,122.0,32,35,37606,400.3,7436,45042,2913,31.01,0.301,4.084,9.81,40층 319㎡(32.6×9.8m) + 저층부 10층 2800㎡(66.9×41.8m)
단일+저층부,5 미세조정,40,40,122.0,32,35,37646,400.7,7556,45202,2917,31.05,0.329,4.081,9.28,40층 319㎡(34.4×9.3m) + 저층부 10층 2800㎡(66.9×41.8m)
단일+저층부,5 미세조정,39,39,119.05,32,40,37580,400.0,7247,44827,4133,43.99,0.084,4.136,8.75,39층 299㎡(34.2×8.8m) + 저층부 7층 4000㎡(84.9×47.1m)
단일+저층부,5 미세조정,39,39,119.05,32,39,37580,400.0,7147,44727,4133,43.99,0.109,4.125,9.13,39층 299㎡(32.8×9.1m) + 저층부 7층 4000㎡(84.9×47.1m)
단일+저층부,5 미세조정,39,39,119.05,32,40,37580,400.0,7186,44766,4133,43.99,0.272,4.111,8.98,39층 299㎡(33.3×9.0m) + 저층부 7층 4000㎡(84.9×47.1m)
단일+저층부,5 미세조정,39,39,119.05,32,40,37580,400.0,7186,44766,4133,43.99,0.214,4.108,8.98,39층 299㎡(33.3×9.0m) + 저층부 7층 4000㎡(84.9×47.1m)
단일+저층부,5 미세조정,38,38,116.1,32,41,37580,400.0,7074,44654,4133,43.99,0.149,4.128,9.28,38층 309㎡(33.3×9.3m) + 저층부 7층 4000㎡(84.9×47.1m)
단일+저층부,5 미세조정,38,38,116.1,32,39,37580,400.0,7074,44654,4133,43.99,0.119,4.125,9.28,38층 309㎡(33.3×9.3m) + 저층부 7층 4000㎡(84.9×47.1m)
단일+저층부,5 미세조정,38,38,116.1,32,39,37580,400.0,7173,44753,4133,43.99,0.066,4.123,8.89,38층 309㎡(34.8×8.9m) + 저층부 7층 4000㎡(84.9×47.1m)
단일+저층부,5 미세조정,38,38,116.1,32,40,37580,400.0,7074,44654,4133,43.99,0.142,4.122,9.28,38층 309㎡(33.3×9.3m) + 저층부 7층 4000㎡(84.9×47.1m)
단일+저층부,5 미세조정,38,38,116.1,32,39,37580,400.0,7269,44849,4133,43.99,0.096,4.12,8.55,38층 309㎡(36.1×8.6m) + 저층부 7층 4000㎡(84.9×47.1m)
단일+저층부,5 미세조정,37,37,113.15,32,39,37580,400.0,6919,44499,4133,43.99,0.072,4.133,9.8,37층 319㎡(32.6×9.8m) + 저층부 7층 4000㎡(84.9×47.1m)
단일+저층부,5 미세조정,37,37,113.15,32,39,37580,400.0,6919,44499,4133,43.99,0.127,4.126,9.8,37층 319㎡(32.6×9.8m) + 저층부 7층 4000㎡(84.9×47.1m)
단일+저층부,5 미세조정,37,37,113.15,32,39,37580,400.0,7098,44678,4133,43.99,0.12,4.119,9.04,37층 319㎡(35.3×9.0m) + 저층부 7층 4000㎡(84.9×47.1m)
단일+저층부,5 미세조정,37,37,113.15,32,40,37580,400.0,6919,44499,4133,43.99,0.233,4.113,9.8,37층 319㎡(32.6×9.8m) + 저층부 7층 4000㎡(84.9×47.1m)
단일+저층부,5 미세조정,36,36,110.2,32,40,37580,400.0,6926,44506,4133,43.99,0.088,4.126,9.59,36층 330㎡(34.4×9.6m) + 저층부 7층 4000㎡(84.9×47.1m)
단일+저층부,5 미세조정,36,36,110.2,32,39,37580,400.0,7213,44793,4133,43.99,0.074,4.114,8.51,36층 330㎡(38.8×8.5m) + 저층부 7층 4000㎡(84.9×47.1m)
단일+저층부,5 미세조정,36,36,110.2,32,39,37580,400.0,7115,44695,4133,43.99,0.107,4.111,8.84,36층 330㎡(37.3×8.8m) + 저층부 7층 4000㎡(84.9×47.1m)
단일+저층부,5 미세조정,35,35,107.25,32,39,37580,400.0,6851,44431,4133,43.99,0.142,4.115,9.76,35층 342㎡(35.0×9.8m) + 저층부 7층 4000㎡(84.9×47.1m)
단일+저층부,5 미세조정,35,35,107.25,32,39,37580,400.0,6975,44555,4133,43.99,0.113,4.112,9.24,35층 342㎡(37.0×9.2m) + 저층부 7층 4000㎡(84.9×47.1m)
단일+저층부,5 미세조정,35,35,107.25,32,39,37580,400.0,7133,44713,4133,43.99,0.117,4.111,8.66,35층 342㎡(39.5×8.7m) + 저층부 7층 4000㎡(84.9×47.1m)
타워+저층별동,5 저층별동,60,60,181.0,33,40,37580,400.0,11628,49208,3069,32.66,0.059,4.087,11.25,60층 506㎡(45.0×11.3m) + 저층부 3층 2400㎡(69.3×34.6m)
타워+저층별동,5 저층별동,60,60,181.0,33,36,37580,400.0,11917,49497,2299,24.47,0.028,4.08,11.69,60층 546㎡(46.7×11.7m) + 저층부 3층 1600㎡(69.3×23.1m)
단일,5 미세조정,59,59,178.05,33,33,37580,400.0,11531,49111,700,7.45,0.021,4.029,12.95,59층 637㎡(49.2×12.9m)
단일+저층부,2 저층부,50,50,151.5,33,42,37580,400.0,9101,46681,4133,43.99,0.179,4.045,9.88,50층 391㎡(39.5×9.9m) + 저층부 5층 4000㎡(84.9×47.1m)
단일+저층부,2 저층부,50,50,151.5,33,37,37580,400.0,8989,46569,3319,35.33,0.095,4.033,9.39,50층 353㎡(37.6×9.4m) + 저층부 7층 3200㎡(75.9×42.2m)
단일+저층부,5 미세조정,44,44,133.8,33,35,37580,400.0,7846,45426,2910,30.97,0.358,4.068,8.71,44층 282㎡(32.3×8.7m) + 저층부 10층 2800㎡(66.9×41.8m)
단일+저층부,5 미세조정,41,41,124.95,33,42,37580,400.0,7201,44781,4133,43.99,0.164,4.134,9.21,41층 282㎡(30.6×9.2m) + 저층부 7층 4000㎡(84.9×47.1m)
단일+저층부,5 미세조정,41,41,124.95,33,43,37580,400.0,7147,44727,4133,43.99,0.202,4.133,9.45,41층 282㎡(29.8×9.4m) + 저층부 7층 4000㎡(84.9×47.1m)
단일+저층부,5 미세조정,41,41,124.95,33,42,37580,400.0,7201,44781,4133,43.99,0.197,4.132,9.21,41층 282㎡(30.6×9.2m) + 저층부 7층 4000㎡(84.9×47.1m)
단일+저층부,5 미세조정,41,41,124.95,33,35,37670,401.0,7786,45456,2920,31.08,0.273,4.079,8.56,41층 309㎡(36.1×8.6m) + 저층부 10층 2800㎡(66.9×41.8m)
단일+저층부,5 미세조정,40,40,122.0,33,43,37580,400.0,7132,44712,4133,43.99,0.209,4.126,9.35,40층 290㎡(31.1×9.3m) + 저층부 7층 4000㎡(84.9×47.1m)
단일+저층부,5 미세조정,40,40,122.0,33,42,37580,400.0,7320,44900,4133,43.99,0.181,4.126,8.62,40층 290㎡(33.7×8.6m) + 저층부 7층 4000㎡(84.9×47.1m)
단일+저층부,5 미세조정,40,40,122.0,33,42,37580,400.0,7353,44933,4133,43.99,0.178,4.125,8.51,40층 290㎡(34.1×8.5m) + 저층부 7층 4000㎡(84.9×47.1m)
단일+저층부,5 미세조정,40,40,122.0,33,43,37580,400.0,7353,44933,4133,43.99,0.193,4.124,8.51,40층 290㎡(34.1×8.5m) + 저층부 7층 4000㎡(84.9×47.1m)
단일+저층부,5 미세조정,40,40,122.0,33,43,37580,400.0,7198,44778,4133,43.99,0.226,4.123,9.07,40층 290㎡(32.0×9.1m) + 저층부 7층 4000㎡(84.9×47.1m)
단일+저층부,5 미세조정,40,40,122.0,33,43,37580,400.0,7258,44838,4133,43.99,0.22,4.122,8.84,40층 290㎡(32.8×8.8m) + 저층부 7층 4000㎡(84.9×47.1m)
단일+저층부,5 미세조정,40,40,122.0,33,43,37580,400.0,7218,44798,4133,43.99,0.224,4.122,8.99,40층 290㎡(32.3×9.0m) + 저층부 7층 4000㎡(84.9×47.1m)
단일+저층부,5 미세조정,39,39,119.05,33,42,37580,400.0,7062,44642,4133,43.99,0.163,4.132,9.49,39층 299㎡(31.5×9.5m) + 저층부 7층 4000㎡(84.9×47.1m)
단일+저층부,5 미세조정,39,39,119.05,33,42,37580,400.0,7127,44707,4133,43.99,0.192,4.127,9.21,39층 299㎡(32.5×9.2m) + 저층부 7층 4000㎡(84.9×47.1m)
단일+저층부,5 미세조정,39,39,119.05,33,42,37580,400.0,7247,44827,4133,43.99,0.181,4.124,8.75,39층 299㎡(34.2×8.8m) + 저층부 7층 4000㎡(84.9×47.1m)
단일+저층부,5 미세조정,38,38,116.1,33,40,37580,400.0,7074,44654,4133,43.99,0.133,4.133,9.28,38층 309㎡(33.3×9.3m) + 저층부 7층 4000㎡(84.9×47.1m)
단일+저층부,5 미세조정,38,38,116.1,33,41,37580,400.0,7113,44693,4133,43.99,0.151,4.13,9.12,38층 309㎡(33.9×9.1m) + 저층부 7층 4000㎡(84.9×47.1m)
단일+저층부,5 미세조정,38,38,116.1,33,42,37580,400.0,6991,44571,4133,43.99,0.199,4.127,9.64,38층 309㎡(32.0×9.6m) + 저층부 7층 4000㎡(84.9×47.1m)
단일+저층부,5 미세조정,38,38,116.1,33,40,37580,400.0,7269,44849,4133,43.99,0.11,4.126,8.55,38층 309㎡(36.1×8.6m) + 저층부 7층 4000㎡(84.9×47.1m)
단일+저층부,5 미세조정,38,38,116.1,33,41,37580,400.0,7113,44693,4133,43.99,0.169,4.123,9.12,38층 309㎡(33.9×9.1m) + 저층부 7층 4000㎡(84.9×47.1m)
단일+저층부,5 미세조정,38,38,116.1,33,42,37580,400.0,7173,44753,4133,43.99,0.18,4.123,8.89,38층 309㎡(34.8×8.9m) + 저층부 7층 4000㎡(84.9×47.1m)
단일+저층부,5 미세조정,38,38,116.1,33,41,37580,400.0,7269,44849,4133,43.99,0.151,4.118,8.55,38층 309㎡(36.1×8.6m) + 저층부 7층 4000㎡(84.9×47.1m)
단일+저층부,5 미세조정,38,38,116.1,33,39,37580,400.0,7055,44635,4133,43.99,0.217,4.109,9.36,38층 309㎡(33.0×9.4m) + 저층부 7층 4000㎡(84.9×47.1m)
단일+저층부,5 미세조정,38,38,116.1,33,42,37580,400.0,7205,44785,4133,43.99,0.346,4.106,8.78,38층 309㎡(35.2×8.8m) + 저층부 7층 4000㎡(84.9×47.1m)
단일+저층부,5 미세조정,37,37,113.15,33,40,37580,400.0,7039,44619,4133,43.99,0.083,4.134,9.27,37층 319㎡(34.4×9.3m) + 저층부 7층 4000㎡(84.9×47.1m)
단일+저층부,5 미세조정,37,37,113.15,33,39,37580,400.0,7098,44678,4133,43.99,0.094,4.124,9.04,37층 319㎡(35.3×9.0m) + 저층부 7층 4000㎡(84.9×47.1m)
단일+저층부,5 미세조정,37,37,113.15,33,40,37580,400.0,6919,44499,4133,43.99,0.15,4.124,9.8,37층 319㎡(32.6×9.8m) + 저층부 7층 4000㎡(84.9×47.1m)
단일+저층부,5 미세조정,37,37,113.15,33,43,37580,400.0,7039,44619,4133,43.99,0.222,4.12,9.27,37층 319㎡(34.4×9.3m) + 저층부 7층 4000㎡(84.9×47.1m)
단일+저층부,5 미세조정,37,37,113.15,33,41,37580,400.0,7192,44772,4133,43.99,0.148,4.118,8.7,37층 319㎡(36.7×8.7m) + 저층부 7층 4000㎡(84.9×47.1m)
단일+저층부,5 미세조정,37,37,113.15,33,40,37580,400.0,7098,44678,4133,43.99,0.131,4.117,9.04,37층 319㎡(35.3×9.0m) + 저층부 7층 4000㎡(84.9×47.1m)
단일+저층부,5 미세조정,37,37,113.15,33,40,37580,400.0,7098,44678,4133,43.99,0.256,4.106,9.04,37층 319㎡(35.3×9.0m) + 저층부 7층 4000㎡(84.9×47.1m)
단일+저층부,5 미세조정,37,37,113.15,33,42,37580,400.0,7129,44709,4133,43.99,0.407,4.098,8.92,37층 319㎡(35.8×8.9m) + 저층부 7층 4000㎡(84.9×47.1m)
단일+저층부,5 미세조정,35,35,107.25,33,40,37580,400.0,6851,44431,4133,43.99,0.124,4.128,9.76,35층 342㎡(35.0×9.8m) + 저층부 7층 4000㎡(84.9×47.1m)
단일+저층부,5 미세조정,35,35,107.25,33,39,37580,400.0,6851,44431,4133,43.99,0.06,4.125,9.76,35층 342㎡(35.0×9.8m) + 저층부 7층 4000㎡(84.9×47.1m)
단일+저층부,5 미세조정,35,35,107.25,33,39,37580,400.0,6851,44431,4133,43.99,0.089,4.125,9.76,35층 342㎡(35.0×9.8m) + 저층부 7층 4000㎡(84.9×47.1m)
단일+저층부,5 미세조정,35,35,107.25,33,40,37580,400.0,7036,44616,4133,43.99,0.142,4.119,9.0,35층 342㎡(38.0×9.0m) + 저층부 7층 4000㎡(84.9×47.1m)
단일+저층부,5 미세조정,35,35,107.25,33,40,37580,400.0,7133,44713,4133,43.99,0.128,4.115,8.66,35층 342㎡(39.5×8.7m) + 저층부 7층 4000㎡(84.9×47.1m)
단일+저층부,5 미세조정,35,35,107.25,33,39,37580,400.0,7133,44713,4133,43.99,0.113,4.109,8.66,35층 342㎡(39.5×8.7m) + 저층부 7층 4000㎡(84.9×47.1m)
단일,1b 층수·세장비,60,60,181.0,34,36,37580,400.0,11802,49382,690,7.34,0.021,4.071,12.51,60층 626㎡(50.1×12.5m)
단일,5 미세조정,60,60,181.0,34,37,37580,400.0,11632,49212,689,7.33,0.039,4.059,12.84,60층 626㎡(48.8×12.8m)
타워+저층별동,5 저층별동,50,50,151.5,34,30,37580,400.0,8906,46486,3798,40.42,0.042,4.11,14.69,50층 432㎡(29.4×14.7m) + 저층부 5층 3200㎡(80.0×40.0m)
단일+저층부,2 저층부,50,50,151.5,34,45,37580,400.0,8919,46499,3316,35.29,0.28,4.039,9.39,50층 353㎡(37.6×9.4m) + 저층부 7층 3200㎡(66.9×47.8m)
단일+저층부,5 미세조정,44,44,133.8,34,34,37580,400.0,7718,45298,2910,30.97,0.268,4.086,9.21,44층 282㎡(30.6×9.2m) + 저층부 10층 2800㎡(66.9×41.8m)
단일+저층부,5 미세조정,41,41,124.95,34,40,37580,400.0,7201,44781,4133,43.99,0.204,4.121,9.21,41층 282㎡(30.6×9.2m) + 저층부 7층 4000㎡(84.9×47.1m)
단일+저층부,5 미세조정,41,41,124.95,34,40,37580,400.0,7329,44909,4133,43.99,0.187,4.117,8.71,41층 282㎡(32.4×8.7m) + 저층부 7층 4000㎡(84.9×47.1m)
단일+저층부,5 미세조정,41,41,124.95,34,44,37580,400.0,7269,44849,4133,43.99,0.323,4.115,8.94,41층 282㎡(31.5×8.9m) + 저층부 7층 4000㎡(84.9×47.1m)
단일+저층부,5 미세조정,40,40,122.0,34,40,37580,400.0,7132,44712,4133,43.99,0.203,4.12,9.35,40층 290㎡(31.1×9.3m) + 저층부 7층 4000㎡(84.9×47.1m)
단일+저층부,5 미세조정,40,40,122.0,34,32,37632,400.6,7709,45341,2916,31.04,0.154,4.082,8.7,40층 319㎡(36.7×8.7m) + 저층부 10층 2800㎡(66.9×41.8m)
단일+저층부,5 미세조정,39,39,119.05,34,43,37580,400.0,7147,44727,4133,43.99,0.204,4.126,9.13,39층 299㎡(32.8×9.1m) + 저층부 7층 4000㎡(84.9×47.1m)
단일+저층부,5 미세조정,38,38,116.1,34,43,37580,400.0,7113,44693,4133,43.99,0.202,4.125,9.12,38층 309㎡(33.9×9.1m) + 저층부 7층 4000㎡(84.9×47.1m)
타워+저층별동,5 저층별동,60,60,181.0,35,34,37580,400.0,10521,48101,2312,24.61,0.028,4.119,16.53,60층 546㎡(33.1×16.5m) + 저층부 3층 1600㎡(98.0×16.3m)
단일,5 미세조정,60,60,181.0,35,36,37580,400.0,11632,49212,689,7.33,0.022,4.076,12.84,60층 626㎡(48.8×12.8m)
단일,5 미세조정,60,60,181.0,35,33,37580,400.0,11802,49382,690,7.34,0.023,4.032,12.51,60층 626㎡(50.1×12.5m)
단일+저층부,2 저층부,60,60,181.0,35,45,37580,400.0,10426,48006,4942,52.6,0.142,4.01,10.08,60층 407㎡(40.3×10.1m) + 저층부 3층 4800㎡(82.0×58.6m)
단일,5 미세조정,59,59,178.05,35,34,37580,400.0,11699,49279,701,7.46,0.019,4.036,12.62,59층 637㎡(50.5×12.6m)
단일,5 미세조정,58,58,175.1,35,34,37580,400.0,11428,49008,712,7.57,0.03,4.027,13.06,58층 648㎡(49.6×13.1m)
단일,5 미세조정,57,57,172.15,35,35,37580,400.0,11490,49070,724,7.71,0.021,4.07,12.84,57층 659㎡(51.4×12.8m)
단일+저층부,2 저층부,55,55,166.25,35,34,37580,400.0,9307,46887,3316,35.29,0.117,4.035,8.89,55층 316㎡(35.6×8.9m) + 저층부 7층 3200㎡(66.9×47.8m)
단일+저층부,5 미세조정,43,43,130.85,35,32,37582,400.0,7837,45419,2910,30.98,0.186,4.079,8.62,43층 290㎡(33.7×8.6m) + 저층부 10층 2800㎡(66.9×41.8m)
단일+저층부,5 미세조정,43,43,130.85,35,33,37631,400.5,7837,45468,2916,31.03,0.222,4.071,8.62,43층 290㎡(33.7×8.6m) + 저층부 10층 2800㎡(66.9×41.8m)
단일+저층부,5 미세조정,42,42,127.9,35,32,37583,400.0,7703,45286,2910,30.98,0.192,4.079,8.98,42층 299㎡(33.3×9.0m) + 저층부 10층 2800㎡(66.9×41.8m)
단일+저층부,5 미세조정,41,41,124.95,35,42,37580,400.0,7269,44849,4133,43.99,0.339,4.102,8.94,41층 282㎡(31.5×8.9m) + 저층부 7층 4000㎡(84.9×47.1m)
단일+저층부,5 미세조정,41,41,124.95,35,33,37580,400.0,7786,45366,2910,30.97,0.181,4.083,8.56,41층 309㎡(36.1×8.6m) + 저층부 10층 2800㎡(66.9×41.8m)
단일+저층부,5 미세조정,41,41,124.95,35,33,37580,400.0,7630,45210,2910,30.97,0.32,4.069,9.13,41층 309㎡(33.9×9.1m) + 저층부 10층 2800㎡(66.9×41.8m)
단일+저층부,5 미세조정,40,40,122.0,35,39,37580,400.0,7258,44838,4133,43.99,0.172,4.113,8.84,40층 290㎡(32.8×8.8m) + 저층부 7층 4000㎡(84.9×47.1m)
단일+저층부,2 저층부,40,40,122.0,35,35,37580,400.0,7700,45280,4946,52.64,0.032,4.086,9.85,40층 388㎡(39.4×9.8m) + 저층부 5층 4800㎡(93.0×51.6m)
단일+저층부,2 저층부,40,40,122.0,35,41,37580,400.0,7700,45280,4946,52.64,0.333,4.036,9.85,40층 388㎡(39.4×9.8m) + 저층부 5층 4800㎡(93.0×51.6m)
단일+저층부,5 미세조정,39,39,119.05,35,40,37580,400.0,7147,44727,4133,43.99,0.132,4.124,9.13,39층 299㎡(32.8×9.1m) + 저층부 7층 4000㎡(84.9×47.1m)
단일+저층부,5 미세조정,39,39,119.05,35,34,37635,400.6,7363,44998,2916,31.04,0.315,4.075,9.97,39층 330㎡(33.1×10.0m) + 저층부 10층 2800㎡(66.9×41.8m)
단일+저층부,5 미세조정,38,38,116.1,35,40,37580,400.0,7205,44785,4133,43.99,0.12,4.124,8.78,38층 309㎡(35.2×8.8m) + 저층부 7층 4000㎡(84.9×47.1m)
단일+저층부,5 미세조정,38,38,116.1,35,39,37580,400.0,7173,44753,4133,43.99,0.092,4.116,8.89,38층 309㎡(34.8×8.9m) + 저층부 7층 4000㎡(84.9×47.1m)
단일+저층부,5 미세조정,38,38,116.1,35,39,37580,400.0,7113,44693,4133,43.99,0.133,4.114,9.12,38층 309㎡(33.9×9.1m) + 저층부 7층 4000㎡(84.9×47.1m)
단일+저층부,5 미세조정,38,38,116.1,35,39,37580,400.0,7205,44785,4133,43.99,0.168,4.111,8.78,38층 309㎡(35.2×8.8m) + 저층부 7층 4000㎡(84.9×47.1m)
단일+저층부,5 미세조정,38,38,116.1,35,39,37580,400.0,7269,44849,4133,43.99,0.158,4.11,8.55,38층 309㎡(36.1×8.6m) + 저층부 7층 4000㎡(84.9×47.1m)
단일+저층부,5 미세조정,37,37,113.15,35,40,37580,400.0,7098,44678,4133,43.99,0.114,4.121,9.04,37층 319㎡(35.3×9.0m) + 저층부 7층 4000㎡(84.9×47.1m)
단일+저층부,5 미세조정,37,37,113.15,35,39,37580,400.0,6919,44499,4133,43.99,0.149,4.117,9.8,37층 319㎡(32.6×9.8m) + 저층부 7층 4000㎡(84.9×47.1m)
단일+저층부,5 미세조정,37,37,113.15,35,40,37580,400.0,7192,44772,4133,43.99,0.146,4.116,8.7,37층 319㎡(36.7×8.7m) + 저층부 7층 4000㎡(84.9×47.1m)
단일+저층부,5 미세조정,35,35,107.25,35,39,37580,400.0,6851,44431,4133,43.99,0.126,4.117,9.76,35층 342㎡(35.0×9.8m) + 저층부 7층 4000㎡(84.9×47.1m)
단일+저층부,2 저층부,60,60,181.0,36,37,37580,400.0,9542,47122,4953,52.72,0.045,4.102,12.75,60층 407㎡(31.9×12.8m) + 저층부 3층 4800㎡(107.3×44.7m)
단일,5 미세조정,60,60,181.0,36,33,37580,400.0,12466,50046,694,7.38,0.024,4.016,11.42,60층 626㎡(54.8×11.4m)
단일,5 미세조정,58,58,175.1,36,35,37580,400.0,11091,48671,710,7.55,0.021,4.078,13.8,58층 648㎡(46.9×13.8m)
단일,1b 층수·세장비,50,50,151.5,36,34,37580,400.0,9174,46754,811,8.63,0.029,4.08,19.39,50층 752㎡(38.8×19.4m)
단일+저층부,5 미세조정,44,44,133.8,36,35,37595,400.2,7718,45314,2912,30.99,0.212,4.09,9.21,44층 282㎡(30.6×9.2m) + 저층부 10층 2800㎡(66.9×41.8m)
단일+저층부,5 미세조정,44,44,133.8,36,35,37649,400.7,7718,45367,2918,31.05,0.362,4.083,9.21,44층 282㎡(30.6×9.2m) + 저층부 10층 2800㎡(66.9×41.8m)
단일+저층부,5 미세조정,43,43,130.85,36,34,37580,400.0,7649,45229,2910,30.97,0.309,4.081,9.35,43층 290㎡(31.0×9.4m) + 저층부 10층 2800㎡(66.9×41.8m)
단일+저층부,5 미세조정,43,43,130.85,36,33,37580,400.0,7775,45355,2910,30.97,0.32,4.068,8.85,43층 290㎡(32.8×8.8m) + 저층부 10층 2800㎡(66.9×41.8m)
단일+저층부,5 미세조정,42,42,127.9,36,33,37580,400.0,7579,45159,2910,30.97,0.276,4.081,9.5,42층 299㎡(31.5×9.5m) + 저층부 10층 2800㎡(66.9×41.8m)
단일+저층부,5 미세조정,41,41,124.95,36,41,37580,400.0,7147,44727,4133,43.99,0.389,4.106,9.45,41층 282㎡(29.8×9.4m) + 저층부 7층 4000㎡(84.9×47.1m)
단일+저층부,5 미세조정,40,40,122.0,36,40,37580,400.0,7132,44712,4133,43.99,0.065,4.14,9.35,40층 290㎡(31.1×9.3m) + 저층부 7층 4000㎡(84.9×47.1m)
단일+저층부,5 미세조정,40,40,122.0,36,41,37580,400.0,7198,44778,4133,43.99,0.36,4.102,9.07,40층 290㎡(32.0×9.1m) + 저층부 7층 4000㎡(84.9×47.1m)
단일+저층부,5 미세조정,40,40,122.0,36,41,37580,400.0,7198,44778,4133,43.99,0.362,4.097,9.07,40층 290㎡(32.0×9.1m) + 저층부 7층 4000㎡(84.9×47.1m)
단일+저층부,5 미세조정,40,40,122.0,36,33,37580,400.0,7615,45195,2910,30.97,0.286,4.075,9.04,40층 319㎡(35.3×9.0m) + 저층부 10층 2800㎡(66.9×41.8m)
단일+저층부,5 미세조정,39,39,119.05,36,34,37600,400.2,7363,44963,2912,31.0,0.364,4.072,9.97,39층 330㎡(33.1×10.0m) + 저층부 10층 2800㎡(66.9×41.8m)
단일+저층부,5 미세조정,38,38,116.1,36,40,37580,400.0,7113,44693,4133,43.99,0.082,4.132,9.12,38층 309㎡(33.9×9.1m) + 저층부 7층 4000㎡(84.9×47.1m)
단일+저층부,5 미세조정,37,37,113.15,36,42,37580,400.0,6919,44499,4133,43.99,0.188,4.121,9.8,37층 319㎡(32.6×9.8m) + 저층부 7층 4000㎡(84.9×47.1m)
단일+저층부,5 미세조정,37,37,113.15,36,40,37580,400.0,7001,44581,4133,43.99,0.2,4.119,9.43,37층 319㎡(33.9×9.4m) + 저층부 7층 4000㎡(84.9×47.1m)
타워+저층별동,5 저층별동,60,60,181.0,37,34,37580,400.0,10818,48398,2237,23.81,0.034,4.126,14.04,60층 493㎡(35.1×14.0m) + 저층부 5층 1600㎡(69.3×23.1m)
단일,5 미세조정,60,60,181.0,37,37,37580,400.0,11290,48870,687,7.31,0.034,4.089,13.57,60층 626㎡(46.1×13.6m)
단일,5 미세조정,60,60,181.0,37,35,37580,400.0,12070,49650,691,7.36,0.04,4.023,12.04,60층 626㎡(52.0×12.0m)
단일,5 미세조정,59,59,178.05,37,37,37580,400.0,11191,48771,698,7.43,0.034,4.088,13.69,59층 637㎡(46.5×13.7m)
단일,5 미세조정,59,59,178.05,37,33,37580,400.0,11699,49279,701,7.46,0.023,4.029,12.62,59층 637㎡(50.5×12.6m)
단일,5 미세조정,58,58,175.1,37,37,37580,400.0,11428,49008,712,7.57,0.033,4.079,13.06,58층 648㎡(49.6×13.1m)
단일,5 미세조정,58,58,175.1,37,34,37580,400.0,11595,49175,713,7.58,0.04,4.031,12.73,58층 648㎡(50.9×12.7m)
타워+저층별동,5 저층별동,55,55,166.25,37,30,37580,400.0,10958,48538,2244,23.89,0.038,4.085,13.85,55층 480㎡(34.6×13.9m) + 저층부 7층 1600㎡(98.0×16.3m)
단일+저층부,2 저층부,55,55,166.25,37,37,37580,400.0,9507,47087,4133,43.99,0.12,4.068,9.38,55층 352㎡(37.5×9.4m) + 저층부 5층 4000㎡(84.9×47.1m)
단일+저층부,2 저층부,50,50,151.5,37,42,37580,400.0,9045,46625,4129,43.95,0.187,4.029,9.88,50층 391㎡(39.5×9.9m) + 저층부 5층 4000㎡(74.8×53.5m)
단일+저층부,5 미세조정,44,44,133.8,37,34,37580,400.0,7718,45298,2910,30.97,0.317,4.077,9.21,44층 282㎡(30.6×9.2m) + 저층부 10층 2800㎡(66.9×41.8m)
단일+저층부,5 미세조정,43,43,130.85,37,35,37580,400.0,7775,45355,2910,30.97,0.251,4.088,8.85,43층 290㎡(32.8×8.8m) + 저층부 10층 2800㎡(66.9×41.8m)
단일+저층부,5 미세조정,43,43,130.85,37,35,37583,400.0,7649,45232,2910,30.98,0.337,4.079,9.35,43층 290㎡(31.0×9.4m) + 저층부 10층 2800㎡(66.9×41.8m)
단일+저층부,5 미세조정,43,43,130.85,37,35,37663,400.9,7649,45313,2920,31.08,0.324,4.066,9.35,43층 290㎡(31.0×9.4m) + 저층부 10층 2800㎡(66.9×41.8m)
단일+저층부,5 미세조정,41,41,124.95,37,35,37580,400.0,7508,45088,2910,30.97,0.266,4.089,9.65,41층 309㎡(32.0×9.6m) + 저층부 10층 2800㎡(66.9×41.8m)
단일+저층부,5 미세조정,39,39,119.05,37,41,37580,400.0,7062,44642,4133,43.99,0.125,4.132,9.49,39층 299㎡(31.5×9.5m) + 저층부 7층 4000㎡(84.9×47.1m)
단일+저층부,5 미세조정,38,38,116.1,37,40,37580,400.0,7269,44849,4133,43.99,0.101,4.126,8.55,38층 309㎡(36.1×8.6m) + 저층부 7층 4000㎡(84.9×47.1m)
단일+저층부,5 미세조정,38,38,116.1,37,41,37580,400.0,7113,44693,4133,43.99,0.198,4.12,9.12,38층 309㎡(33.9×9.1m) + 저층부 7층 4000㎡(84.9×47.1m)
단일+저층부,5 미세조정,37,37,113.15,37,40,37580,400.0,7098,44678,4133,43.99,0.107,4.126,9.04,37층 319㎡(35.3×9.0m) + 저층부 7층 4000㎡(84.9×47.1m)
단일+저층부,5 미세조정,35,35,107.25,37,39,37580,400.0,6851,44431,4133,43.99,0.286,4.104,9.76,35층 342㎡(35.0×9.8m) + 저층부 7층 4000㎡(84.9×47.1m)
단일+저층부,2 저층부,35,35,107.25,37,31,37580,400.0,6867,44447,4129,43.95,0.236,4.042,9.35,35층 342㎡(36.6×9.4m) + 저층부 7층 4000㎡(74.8×53.5m)
단일,5 미세조정,60,60,181.0,38,38,37580,400.0,11290,48870,687,7.31,0.043,4.086,13.57,60층 626㎡(46.1×13.6m)
단일,5 미세조정,60,60,181.0,38,35,37580,400.0,12070,49650,691,7.36,0.023,4.078,12.04,60층 626㎡(52.0×12.0m)
단일+저층부,2 저층부,60,60,181.0,38,38,37580,400.0,9701,47281,3319,35.33,0.116,4.05,8.56,60층 286㎡(33.5×8.6m) + 저층부 7층 3200㎡(75.9×42.2m)
단일,5 미세조정,60,60,181.0,38,37,37580,400.0,12466,50046,694,7.38,0.025,4.027,11.42,60층 626㎡(54.8×11.4m)
타워+저층별동,5 저층별동,60,60,181.0,38,41,37580,400.0,11652,49232,2094,22.28,0.031,4.024,9.59,60층 360㎡(37.5×9.6m) + 저층부 10층 1600㎡(56.6×28.3m)
타워+저층별동,5 저층별동,60,60,181.0,38,35,37580,400.0,11821,49401,2179,23.19,0.031,3.996,10.48,60층 440㎡(41.9×10.5m) + 저층부 7층 1600㎡(56.6×28.3m)
단일,5 미세조정,59,59,178.05,38,35,37580,400.0,11531,49111,700,7.45,0.024,4.081,12.95,59층 637㎡(49.2×12.9m)
단일,5 미세조정,59,59,178.05,38,35,37580,400.0,12357,49937,705,7.5,0.022,4.069,11.52,59층 637㎡(55.3×11.5m)
단일,5 미세조정,59,59,178.05,38,33,37580,400.0,12357,49937,705,7.5,0.033,4.014,11.52,59층 637㎡(55.3×11.5m)
단일,5 미세조정,58,58,175.1,38,33,37580,400.0,11091,48671,710,7.55,0.03,4.043,13.8,58층 648㎡(46.9×13.8m)
단일,5 미세조정,57,57,172.15,38,35,37580,400.0,10990,48570,722,7.68,0.024,4.084,13.93,57층 659㎡(47.3×13.9m)
단일,5 미세조정,57,57,172.15,38,35,37580,400.0,11325,48905,724,7.7,0.023,4.079,13.17,57층 659㎡(50.1×13.2m)
단일,5 미세조정,57,57,172.15,38,33,37580,400.0,12137,49717,728,7.75,0.033,4.013,11.72,57층 659㎡(56.3×11.7m)
타워+저층별동,5 저층별동,55,55,166.25,38,35,37580,400.0,10906,48486,3887,41.37,0.033,4.066,11.28,55층 509㎡(45.1×11.3m) + 저층부 3층 3200㎡(80.0×40.0m)
타워+저층별동,5 저층별동,50,50,151.5,38,35,37580,400.0,11102,48682,2178,23.18,0.037,3.994,10.39,50층 432㎡(41.5×10.4m) + 저층부 10층 1600㎡(69.3×23.1m)
단일+저층부,5 미세조정,44,44,133.8,38,35,37580,400.0,7718,45298,2910,30.97,0.26,4.091,9.21,44층 282㎡(30.6×9.2m) + 저층부 10층 2800㎡(66.9×41.8m)
단일+저층부,5 미세조정,39,39,119.05,38,39,37580,400.0,7062,44642,4133,43.99,0.107,4.127,9.49,39층 299㎡(31.5×9.5m) + 저층부 7층 4000㎡(84.9×47.1m)
단일+저층부,5 미세조정,38,38,116.1,38,43,37580,400.0,7269,44849,4133,43.99,0.265,4.116,8.55,38층 309㎡(36.1×8.6m) + 저층부 7층 4000㎡(84.9×47.1m)
단일,5 미세조정,60,60,181.0,39,36,37580,400.0,11802,49382,690,7.34,0.018,4.084,12.51,60층 626㎡(50.1×12.5m)
단일+저층부,2 저층부,60,60,181.0,39,39,37580,400.0,9789,47369,4129,43.95,0.22,4.029,9.04,60층 320㎡(35.4×9.0m) + 저층부 5층 4000㎡(74.8×53.5m)
타워+저층별동,5 저층별동,60,60,181.0,39,35,37580,400.0,11849,49429,2235,23.79,0.027,3.982,11.1,60층 493㎡(44.4×11.1m) + 저층부 5층 1600㎡(56.6×28.3m)
단일,5 미세조정,59,59,178.05,39,37,37580,400.0,11965,49545,703,7.48,0.042,4.034,12.14,59층 637㎡(52.5×12.1m)
단일,5 미세조정,58,58,175.1,39,36,37580,400.0,11428,49008,712,7.57,0.027,4.085,13.06,58층 648㎡(49.6×13.1m)
단일,5 미세조정,58,58,175.1,39,39,37580,400.0,11091,48671,710,7.55,0.051,4.067,13.8,58층 648㎡(46.9×13.8m)
단일,5 미세조정,58,58,175.1,39,36,37580,400.0,11428,49008,712,7.57,0.033,4.065,13.06,58층 648㎡(49.6×13.1m)
단일,5 미세조정,57,57,172.15,39,36,37580,400.0,11325,48905,724,7.7,0.033,4.063,13.17,57층 659㎡(50.1×13.2m)
단일,5 미세조정,57,57,172.15,39,33,37580,400.0,11490,49070,724,7.71,0.031,4.029,12.84,57층 659㎡(51.4×12.8m)
단일,5 미세조정,57,57,172.15,39,35,37580,400.0,11751,49331,726,7.73,0.041,4.024,12.35,57층 659㎡(53.4×12.4m)
단일+저층부,2 저층부,55,55,166.25,39,36,37580,400.0,9507,47087,4133,43.99,0.159,4.04,9.38,55층 352㎡(37.5×9.4m) + 저층부 5층 4000㎡(84.9×47.1m)
단일+저층부,2 저층부,55,55,166.25,39,32,37580,400.0,9339,46919,2500,26.61,0.146,4.004,8.69,55층 302㎡(34.7×8.7m) + 저층부 10층 2400㎡(58.0×41.4m)
타워+저층별동,5 저층별동,55,55,166.25,39,35,37580,400.0,11532,49112,2229,23.72,0.03,3.99,10.95,55층 480㎡(43.8×11.0m) + 저층부 7층 1600㎡(69.3×23.1m)
단일+저층부,2 저층부,50,50,151.5,39,43,37580,400.0,9543,47123,4942,52.6,0.105,4.04,11.1,50층 493㎡(44.4×11.1m) + 저층부 3층 4800㎡(82.0×58.6m)
타워+저층별동,5 저층별동,45,45,136.75,39,38,37580,400.0,8477,46057,3700,39.38,0.025,4.02,11.62,45층 337㎡(29.0×11.6m) + 저층부 7층 3200㎡(80.0×40.0m)
단일+저층부,5 미세조정,44,44,133.8,39,35,37647,400.7,7718,45365,2918,31.06,0.318,4.067,9.21,44층 282㎡(30.6×9.2m) + 저층부 10층 2800㎡(66.9×41.8m)
단일+저층부,5 미세조정,43,43,130.85,39,33,37627,400.5,7775,45402,2915,31.03,0.155,4.086,8.85,43층 290㎡(32.8×8.8m) + 저층부 10층 2800㎡(66.9×41.8m)
단일+저층부,5 미세조정,41,41,124.95,39,40,37580,400.0,7329,44909,4133,43.99,0.112,4.129,8.71,41층 282㎡(32.4×8.7m) + 저층부 7층 4000㎡(84.9×47.1m)
단일+저층부,5 미세조정,41,41,124.95,39,44,37582,400.0,7329,44911,4133,44.0,0.374,4.092,8.71,41층 282㎡(32.4×8.7m) + 저층부 7층 4000㎡(84.9×47.1m)
단일+저층부,5 미세조정,41,41,124.95,39,32,37668,400.9,7786,45453,2920,31.08,0.143,4.082,8.56,41층 309㎡(36.1×8.6m) + 저층부 10층 2800㎡(66.9×41.8m)
단일+저층부,5 미세조정,41,41,124.95,39,34,37588,400.1,7630,45217,2911,30.98,0.35,4.064,9.13,41층 309㎡(33.9×9.1m) + 저층부 10층 2800㎡(66.9×41.8m)
단일+저층부,5 미세조정,40,40,122.0,39,32,37580,400.0,7436,45016,2910,30.97,0.241,4.077,9.81,40층 319㎡(32.6×9.8m) + 저층부 10층 2800㎡(66.9×41.8m)
단일+저층부,5 미세조정,40,40,122.0,39,32,37617,400.4,7709,45326,2914,31.02,0.246,4.066,8.7,40층 319㎡(36.7×8.7m) + 저층부 10층 2800㎡(66.9×41.8m)
단일+저층부,2 저층부,40,40,122.0,39,43,37580,400.0,8571,46151,4942,52.6,0.215,4.009,12.51,40층 626㎡(50.1×12.5m) + 저층부 3층 4800㎡(82.0×58.6m)
단일+저층부,2 저층부,35,35,107.25,39,43,37580,400.0,7178,44758,4942,52.6,0.323,4.05,10.76,35층 453㎡(42.1×10.8m) + 저층부 5층 4800㎡(82.0×58.6m)
단일+저층부,2 저층부,35,35,107.25,39,37,37580,400.0,7239,44819,4946,52.64,0.188,4.007,10.76,35층 453㎡(42.1×10.8m) + 저층부 5층 4800㎡(93.0×51.6m)
타워+저층별동,5 저층별동,60,60,181.0,40,37,37580,400.0,10371,47951,2978,31.7,0.046,4.086,13.06,60층 426㎡(32.6×13.1m) + 저층부 5층 2400㎡(69.3×34.6m)
단일+저층부,2 저층부,60,60,181.0,40,35,37580,400.0,8976,46556,3319,35.33,0.052,4.056,10.7,60층 286㎡(26.8×10.7m) + 저층부 7층 3200㎡(75.9×42.2m)
단일,5 미세조정,60,60,181.0,40,38,37580,400.0,11290,48870,687,7.31,0.05,4.054,13.57,60층 626㎡(46.1×13.6m)
타워+저층별동,5 저층별동,60,60,181.0,40,36,37580,400.0,10200,47780,2893,30.8,0.046,4.045,11.77,60층 346㎡(29.4×11.8m) + 저층부 7층 2400㎡(69.3×34.6m)
단일+저층부,2 저층부,60,60,181.0,40,36,37580,400.0,9546,47126,3319,35.33,0.116,4.035,12.53,60층 392㎡(31.3×12.5m) + 저층부 5층 3200㎡(75.9×42.2m)
단일+저층부,2 저층부,60,60,181.0,40,43,37580,400.0,10751,48331,4129,43.95,0.109,4.03,10.59,60층 449㎡(42.4×10.6m) + 저층부 3층 4000㎡(74.8×53.5m)
타워+저층별동,5 저층별동,60,60,181.0,40,40,37580,400.0,11757,49337,2179,23.19,0.023,4.012,10.6,60층 440㎡(41.5×10.6m) + 저층부 7층 1600㎡(56.6×28.3m)
단일+저층부,2 저층부,60,60,181.0,40,45,37580,400.0,10690,48270,4129,43.95,0.192,4.008,10.71,60층 449㎡(41.9×10.7m) + 저층부 3층 4000㎡(74.8×53.5m)
단일,5 미세조정,58,58,175.1,40,36,37580,400.0,11428,49008,712,7.57,0.033,4.043,13.06,58층 648㎡(49.6×13.1m)
타워+저층별동,5 저층별동,50,50,151.5,40,31,37580,400.0,9251,46831,3066,32.63,0.045,4.074,15.99,50층 512㎡(32.0×16.0m) + 저층부 5층 2400㎡(69.3×34.6m)
단일+저층부,2 저층부,50,50,151.5,40,41,37580,400.0,8421,46001,4942,52.6,0.212,4.05,8.69,50층 302㎡(34.7×8.7m) + 저층부 5층 4800㎡(82.0×58.6m)
단일+저층부,2 저층부,45,45,136.75,40,42,37580,400.0,9070,46650,4942,52.6,0.121,4.014,11.75,45층 552㎡(47.0×11.7m) + 저층부 3층 4800㎡(82.0×58.6m)
단일+저층부,5 미세조정,43,43,130.85,40,35,37600,400.2,7649,45250,2912,31.0,0.214,4.09,9.35,43층 290㎡(31.0×9.4m) + 저층부 10층 2800㎡(66.9×41.8m)
단일+저층부,5 미세조정,43,43,130.85,40,33,37633,400.6,7837,45470,2916,31.04,0.151,4.085,8.62,43층 290㎡(33.7×8.6m) + 저층부 10층 2800㎡(66.9×41.8m)
단일+저층부,5 미세조정,43,43,130.85,40,32,37580,400.0,7775,45355,2910,30.97,0.226,4.076,8.85,43층 290㎡(32.8×8.8m) + 저층부 10층 2800㎡(66.9×41.8m)
단일+저층부,5 미세조정,42,42,127.9,40,32,37580,400.0,7703,45283,2910,30.97,0.225,4.076,8.98,42층 299㎡(33.3×9.0m) + 저층부 10층 2800㎡(66.9×41.8m)
단일+저층부,5 미세조정,40,40,122.0,40,40,37580,400.0,7258,44838,4133,43.99,0.109,4.129,8.84,40층 290㎡(32.8×8.8m) + 저층부 7층 4000㎡(84.9×47.1m)
단일+저층부,5 미세조정,40,40,122.0,40,34,37595,400.2,7615,45210,2912,30.99,0.387,4.069,9.04,40층 319㎡(35.3×9.0m) + 저층부 10층 2800㎡(66.9×41.8m)
단일+저층부,5 미세조정,40,40,122.0,40,34,37622,400.4,7709,45331,2915,31.02,0.387,4.064,8.7,40층 319㎡(36.7×8.7m) + 저층부 10층 2800㎡(66.9×41.8m)
단일+저층부,2 저층부,40,40,122.0,40,33,37580,400.0,7349,44929,4133,43.99,0.161,4.06,8.52,40층 290㎡(34.1×8.5m) + 저층부 7층 4000㎡(84.9×47.1m)
단일+저층부,5 미세조정,39,39,119.05,40,40,37580,400.0,7186,44766,4133,43.99,0.152,4.124,8.98,39층 299㎡(33.3×9.0m) + 저층부 7층 4000㎡(84.9×47.1m)
단일+저층부,5 미세조정,39,39,119.05,40,33,37589,400.1,7481,45070,2911,30.99,0.178,4.09,9.44,39층 330㎡(35.0×9.4m) + 저층부 10층 2800㎡(66.9×41.8m)
단일+저층부,5 미세조정,38,38,116.1,40,40,37580,400.0,6991,44571,4133,43.99,0.12,4.13,9.64,38층 309㎡(32.0×9.6m) + 저층부 7층 4000㎡(84.9×47.1m)
타워+저층별동,5 저층별동,60,60,181.0,41,32,37580,400.0,10256,47836,2283,24.3,0.028,4.092,16.53,60층 546㎡(33.1×16.5m) + 저층부 3층 1600㎡(56.6×28.3m)
단일,5 미세조정,60,60,181.0,41,37,37580,400.0,12070,49650,691,7.36,0.036,4.079,12.04,60층 626㎡(52.0×12.0m)
단일,5 미세조정,60,60,181.0,41,36,37580,400.0,11290,48870,687,7.31,0.032,4.056,13.57,60층 626㎡(46.1×13.6m)
단일+저층부,2 저층부,60,60,181.0,41,33,37580,400.0,8658,46238,3316,35.29,0.043,4.033,11.97,60층 286㎡(23.9×12.0m) + 저층부 7층 3200㎡(66.9×47.8m)
타워+저층별동,5 저층별동,60,60,181.0,41,35,37580,400.0,11917,49497,2299,24.47,0.024,4.005,11.69,60층 546㎡(46.7×11.7m) + 저층부 3층 1600㎡(69.3×23.1m)
타워+저층별동,5 저층별동,60,60,181.0,41,34,37580,400.0,11849,49429,2292,24.39,0.024,3.986,11.69,60층 546㎡(46.7×11.7m) + 저층부 3층 1600㎡(56.6×28.3m)
단일,5 미세조정,57,57,172.15,41,36,37580,400.0,12137,49717,728,7.75,0.032,4.045,11.72,57층 659㎡(56.3×11.7m)
단일+저층부,2 저층부,55,55,166.25,41,36,37580,400.0,8544,46124,4140,44.06,0.098,4.058,13.26,55층 352㎡(26.5×13.3m) + 저층부 5층 4000㎡(98.0×40.8m)
단일+저층부,2 저층부,55,55,166.25,41,35,37580,400.0,8827,46407,3316,35.29,0.104,4.023,14.69,55층 432㎡(29.4×14.7m) + 저층부 5층 3200㎡(66.9×47.8m)
타워+저층별동,5 저층별동,55,55,166.25,41,35,37580,400.0,11235,48815,3126,33.28,0.025,4.007,11.75,55층 552㎡(47.0×11.8m) + 저층부 3층 2400㎡(84.9×28.3m)
타워+저층별동,5 저층별동,50,50,151.5,41,35,37580,400.0,10908,48488,2272,24.18,0.03,4.003,11.48,50층 528㎡(45.9×11.5m) + 저층부 7층 1600㎡(56.6×28.3m)
타워+저층별동,5 저층별동,50,50,151.5,41,35,37580,400.0,11172,48752,2358,25.1,0.025,3.982,12.16,50층 592㎡(48.6×12.2m) + 저층부 5층 1600㎡(84.9×18.9m)
타워+저층별동,5 저층별동,45,45,136.75,41,30,37580,400.0,9145,46725,3705,39.44,0.079,4.097,9.29,45층 337㎡(36.3×9.3m) + 저층부 7층 3200㎡(80.0×40.0m)
단일+저층부,2 저층부,45,45,136.75,41,33,37580,400.0,7860,45440,2503,26.64,0.132,4.003,13.93,45층 388㎡(27.9×13.9m) + 저층부 10층 2400㎡(65.7×36.5m)
단일+저층부,5 미세조정,44,44,133.8,41,35,37653,400.8,7846,45499,2918,31.06,0.304,4.088,8.71,44층 282㎡(32.3×8.7m) + 저층부 10층 2800㎡(66.9×41.8m)
단일+저층부,5 미세조정,44,44,133.8,41,34,37580,400.0,7846,45426,2910,30.97,0.36,4.075,8.71,44층 282㎡(32.3×8.7m) + 저층부 10층 2800㎡(66.9×41.8m)
단일+저층부,5 미세조정,42,42,127.9,41,32,37580,400.0,7764,45344,2910,30.97,0.267,4.071,8.75,42층 299㎡(34.2×8.8m) + 저층부 10층 2800㎡(66.9×41.8m)
단일+저층부,5 미세조정,41,41,124.95,41,42,37580,400.0,7329,44909,4133,43.99,0.305,4.109,8.71,41층 282㎡(32.4×8.7m) + 저층부 7층 4000㎡(84.9×47.1m)
단일+저층부,5 미세조정,41,41,124.95,41,33,37581,400.0,7508,45089,2910,30.97,0.347,4.072,9.65,41층 309㎡(32.0×9.6m) + 저층부 10층 2800㎡(66.9×41.8m)
타워+저층별동,5 저층별동,40,40,122.0,41,33,37580,400.0,8755,46335,2570,27.35,0.04,4.099,18.11,40층 820㎡(45.3×18.1m) + 저층부 3층 1600㎡(56.6×28.3m)
타워+저층별동,5 저층별동,40,40,122.0,41,32,37580,400.0,9909,47489,2411,25.66,0.032,4.087,12.84,40층 660㎡(51.4×12.8m) + 저층부 7층 1600㎡(56.6×28.3m)
타워+저층별동,5 저층별동,40,40,122.0,41,35,37580,400.0,8660,46240,3076,32.74,0.054,4.021,14.42,40층 520㎡(36.0×14.4m) + 저층부 7층 2400㎡(69.3×34.6m)
타워+저층별동,5 저층별동,35,35,107.25,41,27,37580,400.0,8970,46550,2952,31.43,0.058,4.006,9.85,35층 388㎡(39.4×9.8m) + 저층부 10층 2400㎡(84.9×28.3m)
타워+저층별동,5 저층별동,35,35,107.25,41,35,37580,400.0,8957,46537,3161,33.64,0.035,3.998,12.18,35층 594㎡(48.7×12.2m) + 저층부 7층 2400㎡(69.3×34.6m)
타워+저층별동,5 저층별동,60,60,181.0,42,33,37580,400.0,10549,48129,2179,23.19,0.034,4.133,14.83,60층 440㎡(29.7×14.8m) + 저층부 7층 1600㎡(69.3×23.1m)
타워+저층별동,5 저층별동,60,60,181.0,42,36,37580,400.0,10028,47608,2976,31.68,0.043,4.082,14.6,60층 426㎡(29.2×14.6m) + 저층부 5층 2400㎡(69.3×34.6m)
타워+저층별동,5 저층별동,60,60,181.0,42,32,37580,400.0,9627,47207,3722,39.62,0.035,4.051,13.41,60층 360㎡(26.8×13.4m) + 저층부 5층 3200㎡(80.0×40.0m)
타워+저층별동,5 저층별동,60,60,181.0,42,35,37580,400.0,10740,48320,2173,23.13,0.04,4.019,13.26,60층 440㎡(33.2×13.3m) + 저층부 7층 1600㎡(56.6×28.3m)
타워+저층별동,5 저층별동,60,60,181.0,42,35,37580,400.0,10449,48029,2234,23.78,0.034,4.015,15.7,60층 493㎡(31.4×15.7m) + 저층부 5층 1600㎡(69.3×23.1m)
타워+저층별동,5 저층별동,60,60,181.0,42,34,37580,400.0,10549,48129,2179,23.19,0.092,3.992,14.83,60층 440㎡(29.7×14.8m) + 저층부 7층 1600㎡(69.3×23.1m)
타워+저층별동,5 저층별동,60,60,181.0,42,32,37580,400.0,11821,49401,2179,23.19,0.095,3.991,10.48,60층 440㎡(41.9×10.5m) + 저층부 7층 1600㎡(56.6×28.3m)
단일,5 미세조정,59,59,178.05,42,37,37580,400.0,11965,49545,703,7.48,0.026,4.068,12.14,59층 637㎡(52.5×12.1m)
단일,5 미세조정,58,58,175.1,42,37,37580,400.0,11595,49175,713,7.58,0.026,4.072,12.73,58층 648㎡(50.9×12.7m)
단일,5 미세조정,58,58,175.1,42,33,37580,400.0,11595,49175,713,7.58,0.034,4.021,12.73,58층 648㎡(50.9×12.7m)
단일,1b 층수·세장비,55,55,166.25,42,34,37580,400.0,9644,47224,740,7.87,0.03,4.071,18.48,55층 683㎡(37.0×18.5m)
타워+저층별동,5 저층별동,55,55,166.25,42,32,37580,400.0,10064,47644,2121,22.58,0.172,4.003,14.01,55층 392㎡(28.0×14.0m) + 저층부 10층 1600㎡(56.6×28.3m)
타워+저층별동,5 저층별동,55,55,166.25,42,33,37580,400.0,11246,48826,2128,22.65,0.053,3.99,10.02,55층 392㎡(39.2×10.0m) + 저층부 10층 1600㎡(56.6×28.3m)
단일+저층부,2 저층부,55,55,166.25,42,46,37580,400.0,10274,47854,4133,43.99,0.106,3.987,11.22,55층 492㎡(43.9×11.2m) + 저층부 3층 4000㎡(84.9×47.1m)
타워+저층별동,5 저층별동,55,55,166.25,42,36,37580,400.0,10591,48171,2131,22.68,0.047,3.977,12.53,55층 392㎡(31.3×12.5m) + 저층부 10층 1600㎡(69.3×23.1m)
단일+저층부,2 저층부,55,55,166.25,42,38,37580,400.0,10007,47587,3316,35.29,0.151,3.974,10.39,55층 432㎡(41.5×10.4m) + 저층부 5층 3200㎡(66.9×47.8m)
타워+저층별동,5 저층별동,50,50,151.5,42,34,37580,400.0,9742,47322,2399,25.54,0.041,4.08,16.19,50층 656㎡(40.5×16.2m) + 저층부 3층 1600㎡(56.6×28.3m)
타워+저층별동,5 저층별동,50,50,151.5,42,35,37580,400.0,9464,47044,2967,31.58,0.05,4.021,12.89,50층 416㎡(32.2×12.9m) + 저층부 7층 2400㎡(69.3×34.6m)
타워+저층별동,5 저층별동,50,50,151.5,42,35,37580,400.0,11008,48588,2279,24.26,0.044,4.005,11.62,50층 528㎡(45.4×11.6m) + 저층부 7층 1600㎡(69.3×23.1m)
단일+저층부,2 저층부,45,45,136.75,42,44,37580,400.0,9056,46636,4946,52.64,0.203,3.992,11.88,45층 552㎡(46.5×11.9m) + 저층부 3층 4800㎡(93.0×51.6m)
단일+저층부,5 미세조정,41,41,124.95,42,41,37580,400.0,7329,44909,4133,43.99,0.11,4.137,8.71,41층 282㎡(32.4×8.7m) + 저층부 7층 4000㎡(84.9×47.1m)
단일+저층부,5 미세조정,41,41,124.95,42,42,37580,400.0,7329,44909,4133,43.99,0.14,4.129,8.71,41층 282㎡(32.4×8.7m) + 저층부 7층 4000㎡(84.9×47.1m)
단일+저층부,2 저층부,40,40,122.0,42,34,37580,400.0,7665,45245,4946,52.64,0.073,4.157,9.96,40층 388㎡(38.9×10.0m) + 저층부 5층 4800㎡(93.0×51.6m)
단일+저층부,5 미세조정,40,40,122.0,42,41,37580,400.0,7320,44900,4133,43.99,0.113,4.132,8.62,40층 290㎡(33.7×8.6m) + 저층부 7층 4000㎡(84.9×47.1m)
타워+저층별동,5 저층별동,40,40,122.0,42,32,37580,400.0,8118,45698,3745,39.86,0.054,4.078,12.32,40층 380㎡(30.8×12.3m) + 저층부 7층 3200㎡(80.0×40.0m)
단일+저층부,2 저층부,40,40,122.0,42,25,37580,400.0,7492,45072,4140,44.06,0.244,3.979,8.52,40층 290㎡(34.1×8.5m) + 저층부 7층 4000㎡(98.0×40.8m)
단일+저층부,5 미세조정,39,39,119.05,42,40,37580,400.0,7186,44766,4133,43.99,0.082,4.139,8.98,39층 299㎡(33.3×9.0m) + 저층부 7층 4000㎡(84.9×47.1m)
단일+저층부,5 미세조정,39,39,119.05,42,41,37580,400.0,7186,44766,4133,43.99,0.117,4.133,8.98,39층 299㎡(33.3×9.0m) + 저층부 7층 4000㎡(84.9×47.1m)
단일+저층부,5 미세조정,39,39,119.05,42,41,37580,400.0,7186,44766,4133,43.99,0.305,4.11,8.98,39층 299㎡(33.3×9.0m) + 저층부 7층 4000㎡(84.9×47.1m)
단일+저층부,5 미세조정,38,38,116.1,42,40,37580,400.0,7113,44693,4133,43.99,0.115,4.134,9.12,38층 309㎡(33.9×9.1m) + 저층부 7층 4000㎡(84.9×47.1m)
단일+저층부,5 미세조정,38,38,116.1,42,40,37580,400.0,7269,44849,4133,43.99,0.1,4.132,8.55,38층 309㎡(36.1×8.6m) + 저층부 7층 4000㎡(84.9×47.1m)
단일+저층부,5 미세조정,38,38,116.1,42,41,37580,400.0,7205,44785,4133,43.99,0.286,4.105,8.78,38층 309㎡(35.2×8.8m) + 저층부 7층 4000㎡(84.9×47.1m)
단일+저층부,5 미세조정,37,37,113.15,42,40,37580,400.0,7039,44619,4133,43.99,0.113,4.134,9.27,37층 319㎡(34.4×9.3m) + 저층부 7층 4000㎡(84.9×47.1m)
단일+저층부,5 미세조정,37,37,113.15,42,41,37580,400.0,7192,44772,4133,43.99,0.124,4.126,8.7,37층 319㎡(36.7×8.7m) + 저층부 7층 4000㎡(84.9×47.1m)
단일+저층부,5 미세조정,37,37,113.15,42,42,37580,400.0,7098,44678,4133,43.99,0.165,4.123,9.04,37층 319㎡(35.3×9.0m) + 저층부 7층 4000㎡(84.9×47.1m)
단일+저층부,5 미세조정,35,35,107.25,42,42,37580,400.0,7036,44616,4133,43.99,0.154,4.117,9.0,35층 342㎡(38.0×9.0m) + 저층부 7층 4000㎡(84.9×47.1m)
단일,5 미세조정,60,60,181.0,43,41,37580,400.0,11632,49212,689,7.33,0.054,4.071,12.84,60층 626㎡(48.8×12.8m)
단일,5 미세조정,60,60,181.0,43,37,37580,400.0,12466,50046,694,7.38,0.025,4.06,11.42,60층 626㎡(54.8×11.4m)
단일+저층부,2 저층부,60,60,181.0,43,44,37580,400.0,10367,47947,4942,52.6,0.112,4.052,10.2,60층 407㎡(39.9×10.2m) + 저층부 3층 4800㎡(82.0×58.6m)
단일+저층부,2 저층부,60,60,181.0,43,43,37580,400.0,8976,46556,3319,35.33,0.251,4.044,10.7,60층 286㎡(26.8×10.7m) + 저층부 7층 3200㎡(75.9×42.2m)
단일+저층부,2 저층부,60,60,181.0,43,39,37580,400.0,8658,46238,3316,35.29,0.246,4.038,11.97,60층 286㎡(23.9×12.0m) + 저층부 7층 3200㎡(66.9×47.8m)
단일+저층부,2 저층부,60,60,181.0,43,33,37580,400.0,9610,47190,3316,35.29,0.03,4.035,15.67,60층 491㎡(31.3×15.7m) + 저층부 3층 3200㎡(66.9×47.8m)
단일+저층부,2 저층부,60,60,181.0,43,37,37580,400.0,9839,47419,4129,43.95,0.176,4.03,8.94,60층 320㎡(35.8×8.9m) + 저층부 5층 4000㎡(74.8×53.5m)
단일,5 미세조정,60,60,181.0,43,33,37580,400.0,11632,49212,689,7.33,0.033,4.025,12.84,60층 626㎡(48.8×12.8m)
타워+저층별동,5 저층별동,60,60,181.0,43,34,37580,400.0,10336,47916,2227,23.7,0.089,4.011,15.7,60층 493㎡(31.4×15.7m) + 저층부 5층 1600㎡(56.6×28.3m)
타워+저층별동,5 저층별동,60,60,181.0,43,35,37580,400.0,10549,48129,2179,23.19,0.065,3.989,14.83,60층 440㎡(29.7×14.8m) + 저층부 7층 1600㎡(69.3×23.1m)
타워+저층별동,5 저층별동,55,55,166.25,43,31,37580,400.0,10163,47743,2220,23.63,0.035,4.089,15.49,55층 480㎡(31.0×15.5m) + 저층부 7층 1600㎡(69.3×23.1m)
단일+저층부,2 저층부,55,55,166.25,43,37,37580,400.0,9376,46956,3319,35.33,0.173,4.047,8.89,55층 316㎡(35.6×8.9m) + 저층부 7층 3200㎡(75.9×42.2m)
단일+저층부,2 저층부,55,55,166.25,43,42,37580,400.0,9263,46843,3316,35.29,0.153,4.044,8.99,55층 316㎡(35.2×9.0m) + 저층부 7층 3200㎡(66.9×47.8m)
타워+저층별동,5 저층별동,55,55,166.25,43,35,37580,400.0,9544,47124,2925,31.13,0.075,4.036,13.74,55층 378㎡(27.5×13.7m) + 저층부 7층 2400㎡(69.3×34.6m)
단일+저층부,2 저층부,55,55,166.25,43,36,37580,400.0,8645,46225,4129,43.95,0.149,4.03,11.86,55층 352㎡(29.6×11.9m) + 저층부 5층 4000㎡(74.8×53.5m)
타워+저층별동,5 저층별동,55,55,166.25,43,35,37580,400.0,11086,48666,3117,33.17,0.038,3.998,11.89,55층 552㎡(46.5×11.9m) + 저층부 3층 2400㎡(69.3×34.6m)
타워+저층별동,5 저층별동,55,55,166.25,43,34,37580,400.0,10163,47743,2220,23.63,0.038,3.969,15.49,55층 480㎡(31.0×15.5m) + 저층부 7층 1600㎡(69.3×23.1m)
타워+저층별동,5 저층별동,50,50,151.5,43,33,37580,400.0,9742,47322,2399,25.54,0.041,4.059,16.19,50층 656㎡(40.5×16.2m) + 저층부 3층 1600㎡(56.6×28.3m)
타워+저층별동,5 저층별동,50,50,151.5,43,38,37580,400.0,10289,47869,2972,31.64,0.066,4.039,10.31,50층 416㎡(40.3×10.3m) + 저층부 7층 2400㎡(69.3×34.6m)
단일+저층부,2 저층부,50,50,151.5,43,32,37580,400.0,8325,45905,2500,26.61,0.201,3.997,11.65,50층 340㎡(29.1×11.7m) + 저층부 10층 2400㎡(58.0×41.4m)
타워+저층별동,5 저층별동,50,50,151.5,43,33,37580,400.0,10536,48116,3074,32.72,0.031,3.982,11.31,50층 512㎡(45.2×11.3m) + 저층부 5층 2400㎡(69.3×34.6m)
단일,1a 방위·위치,45,45,136.75,43,34,37580,400.0,9041,46621,900,9.58,0.032,4.081,18.28,45층 835㎡(45.7×18.3m)
단일+저층부,2 저층부,45,45,136.75,43,37,37580,400.0,7264,44844,4946,52.64,0.105,4.053,13.03,45층 340㎡(26.1×13.0m) + 저층부 5층 4800㎡(93.0×51.6m)
단일+저층부,5 미세조정,40,40,122.0,43,44,37580,400.0,7132,44712,4133,43.99,0.347,4.117,9.35,40층 290㎡(31.1×9.3m) + 저층부 7층 4000㎡(84.9×47.1m)
단일+저층부,2 저층부,40,40,122.0,43,35,37580,400.0,7549,45129,4133,43.99,0.108,4.04,14.17,40층 502㎡(35.4×14.2m) + 저층부 5층 4000㎡(84.9×47.1m)
단일+저층부,2 저층부,40,40,122.0,43,38,37580,400.0,7349,44929,4133,43.99,0.329,4.029,8.52,40층 290㎡(34.1×8.5m) + 저층부 7층 4000㎡(84.9×47.1m)
단일+저층부,5 미세조정,39,39,119.05,43,43,37580,400.0,7186,44766,4133,43.99,0.331,4.115,8.98,39층 299㎡(33.3×9.0m) + 저층부 7층 4000㎡(84.9×47.1m)
단일+저층부,5 미세조정,38,38,116.1,43,43,37580,400.0,6991,44571,4133,43.99,0.352,4.116,9.64,38층 309㎡(32.0×9.6m) + 저층부 7층 4000㎡(84.9×47.1m)
단일+저층부,5 미세조정,38,38,116.1,43,42,37580,400.0,7269,44849,4133,43.99,0.261,4.113,8.55,38층 309㎡(36.1×8.6m) + 저층부 7층 4000㎡(84.9×47.1m)
단일+저층부,5 미세조정,36,36,110.2,43,44,37595,400.2,7052,44647,4136,44.02,0.28,4.114,9.07,36층 330㎡(36.4×9.1m) + 저층부 7층 4000㎡(84.9×47.1m)
단일,1b 층수·세장비,60,60,181.0,44,40,37580,400.0,11802,49382,690,7.34,0.049,4.048,12.51,60층 626㎡(50.1×12.5m)
단일+저층부,2 저층부,60,60,181.0,44,39,37580,400.0,9895,47475,4133,43.99,0.142,4.048,8.94,60층 320㎡(35.8×8.9m) + 저층부 5층 4000㎡(84.9×47.1m)
단일+저층부,2 저층부,60,60,181.0,44,44,37580,400.0,10377,47957,3316,35.29,0.145,4.04,10.02,60층 392㎡(39.2×10.0m) + 저층부 5층 3200㎡(66.9×47.8m)
타워+저층별동,5 저층별동,60,60,181.0,44,37,37580,400.0,11849,49429,2235,23.79,0.035,4.021,11.1,60층 493㎡(44.4×11.1m) + 저층부 5층 1600㎡(56.6×28.3m)
단일+저층부,2 저층부,60,60,181.0,44,39,37580,400.0,10367,47947,4942,52.6,0.09,4.02,10.2,60층 407㎡(39.9×10.2m) + 저층부 3층 4800㎡(82.0×58.6m)
단일,5 미세조정,60,60,181.0,44,37,37580,400.0,11802,49382,690,7.34,0.051,4.02,12.51,60층 626㎡(50.1×12.5m)
타워+저층별동,5 저층별동,60,60,181.0,44,35,37580,400.0,10644,48224,2285,24.32,0.035,4.004,14.78,60층 546㎡(37.0×14.8m) + 저층부 3층 1600㎡(56.6×28.3m)
타워+저층별동,5 저층별동,60,60,181.0,44,35,37580,400.0,10644,48224,2285,24.32,0.035,4.002,14.78,60층 546㎡(37.0×14.8m) + 저층부 3층 1600㎡(56.6×28.3m)
타워+저층별동,5 저층별동,60,60,181.0,44,35,37580,400.0,11628,49208,3069,32.66,0.09,3.985,11.25,60층 506㎡(45.0×11.3m) + 저층부 3층 2400㎡(69.3×34.6m)
단일,1b 층수·세장비,60,60,181.0,44,35,37580,400.0,11802,49382,690,7.34,0.026,3.977,12.51,60층 626㎡(50.1×12.5m)
타워+저층별동,5 저층별동,60,60,181.0,44,44,37580,400.0,11778,49358,2291,24.39,0.157,3.973,11.82,60층 546㎡(46.2×11.8m) + 저층부 3층 1600㎡(56.6×28.3m)
단일,5 미세조정,59,59,178.05,44,37,37580,400.0,11531,49111,700,7.45,0.044,4.035,12.95,59층 637㎡(49.2×12.9m)
단일,5 미세조정,58,58,175.1,44,37,37580,400.0,11428,49008,712,7.57,0.035,4.038,13.06,58층 648㎡(49.6×13.1m)
단일,5 미세조정,58,58,175.1,44,37,37580,400.0,12247,49827,716,7.62,0.042,4.022,11.62,58층 648㎡(55.8×11.6m)
단일,5 미세조정,57,57,172.15,44,41,37580,400.0,11325,48905,724,7.7,0.054,4.065,13.17,57층 659㎡(50.1×13.2m)
단일,5 미세조정,57,57,172.15,44,37,37580,400.0,11325,48905,724,7.7,0.052,4.024,13.17,57층 659㎡(50.1×13.2m)
단일,5 미세조정,57,57,172.15,44,37,37580,400.0,11490,49070,724,7.71,0.043,4.021,12.84,57층 659㎡(51.4×12.8m)
단일+저층부,2 저층부,55,55,166.25,44,35,37580,400.0,8850,46430,4953,52.72,0.055,4.047,14.93,55층 446㎡(29.9×14.9m) + 저층부 3층 4800㎡(107.3×44.7m)
단일+저층부,2 저층부,55,55,166.25,44,35,37580,400.0,8827,46407,3316,35.29,0.079,4.024,14.69,55층 432㎡(29.4×14.7m) + 저층부 5층 3200㎡(66.9×47.8m)
단일+저층부,2 저층부,55,55,166.25,44,40,37580,400.0,8783,46363,4946,52.64,0.049,4.024,14.93,55층 446㎡(29.9×14.9m) + 저층부 3층 4800㎡(93.0×51.6m)
타워+저층별동,5 저층별동,55,55,166.25,44,35,37580,400.0,9930,47510,2274,24.2,0.035,4.013,16.4,55층 538㎡(32.8×16.4m) + 저층부 5층 1600㎡(56.6×28.3m)
타워+저층별동,5 저층별동,55,55,166.25,44,33,37580,400.0,10931,48511,2142,22.8,0.039,4.013,12.53,55층 392㎡(31.3×12.5m) + 저층부 10층 1600㎡(84.9×18.9m)
타워+저층별동,5 저층별동,55,55,166.25,44,36,37580,400.0,11313,48893,2221,23.64,0.086,4.011,11.08,55층 480㎡(43.3×11.1m) + 저층부 7층 1600㎡(56.6×28.3m)
타워+저층별동,5 저층별동,55,55,166.25,44,35,37580,400.0,10396,47976,2284,24.31,0.038,4.009,14.67,55층 538㎡(36.7×14.7m) + 저층부 5층 1600㎡(69.3×23.1m)
단일+저층부,2 저층부,55,55,166.25,44,35,37580,400.0,8938,46518,2500,26.61,0.067,4.003,14.71,55층 433㎡(29.4×14.7m) + 저층부 7층 2400㎡(58.0×41.4m)
타워+저층별동,5 저층별동,55,55,166.25,44,35,37580,400.0,9684,47264,3108,33.08,0.034,4.002,16.62,55층 552㎡(33.2×16.6m) + 저층부 3층 2400㎡(69.3×34.6m)
타워+저층별동,5 저층별동,55,55,166.25,44,35,37580,400.0,10396,47976,2284,24.31,0.038,4.0,14.67,55층 538㎡(36.7×14.7m) + 저층부 5층 1600㎡(69.3×23.1m)
타워+저층별동,5 저층별동,50,50,151.5,44,38,37580,400.0,9251,46831,3066,32.63,0.078,4.088,15.99,50층 512㎡(32.0×16.0m) + 저층부 5층 2400㎡(69.3×34.6m)
단일+저층부,2 저층부,50,50,151.5,44,38,37580,400.0,8421,46001,4942,52.6,0.117,4.065,8.69,50층 302㎡(34.7×8.7m) + 저층부 5층 4800㎡(82.0×58.6m)
단일+저층부,2 저층부,50,50,151.5,44,37,37580,400.0,9490,47070,4942,52.6,0.134,4.024,11.23,50층 493㎡(43.9×11.2m) + 저층부 3층 4800㎡(82.0×58.6m)
타워+저층별동,5 저층별동,50,50,151.5,44,37,37580,400.0,10536,48116,3074,32.72,0.04,4.011,11.31,50층 512㎡(45.2×11.3m) + 저층부 5층 2400㎡(69.3×34.6m)
단일+저층부,2 저층부,50,50,151.5,44,30,37580,400.0,8325,45905,2500,26.61,0.042,3.986,11.65,50층 340㎡(29.1×11.7m) + 저층부 10층 2400㎡(58.0×41.4m)
타워+저층별동,5 저층별동,45,45,136.75,44,38,37580,400.0,8925,46505,2473,26.32,0.072,4.092,19.08,45층 728㎡(38.2×19.1m) + 저층부 3층 1600㎡(56.6×28.3m)
타워+저층별동,5 저층별동,45,45,136.75,44,33,37580,400.0,8993,46573,2480,26.4,0.036,4.08,19.08,45층 728㎡(38.2×19.1m) + 저층부 3층 1600㎡(69.3×23.1m)
타워+저층별동,5 저층별동,45,45,136.75,44,31,37580,400.0,9072,46652,3015,32.09,0.058,4.066,13.59,45층 462㎡(34.0×13.6m) + 저층부 7층 2400㎡(69.3×34.6m)
단일+저층부,2 저층부,45,45,136.75,44,34,37580,400.0,8041,45621,4942,52.6,0.111,4.053,9.21,45층 340㎡(36.9×9.2m) + 저층부 5층 4800㎡(82.0×58.6m)
타워+저층별동,5 저층별동,45,45,136.75,44,32,37580,400.0,8804,46384,2846,30.29,0.101,4.047,10.99,45층 302㎡(27.5×11.0m) + 저층부 10층 2400㎡(69.3×34.6m)
단일+저층부,2 저층부,45,45,136.75,44,36,37580,400.0,8472,46052,3316,35.29,0.27,4.005,10.11,45층 399㎡(39.5×10.1m) + 저층부 7층 3200㎡(66.9×47.8m)
타워+저층별동,5 저층별동,45,45,136.75,44,35,37580,400.0,8837,46417,3125,33.26,0.04,3.994,16.86,45층 568㎡(33.7×16.9m) + 저층부 5층 2400㎡(69.3×34.6m)
단일+저층부,5 미세조정,43,43,130.85,44,33,37621,400.4,7837,45459,2915,31.02,0.321,4.057,8.62,43층 290㎡(33.7×8.6m) + 저층부 10층 2800㎡(66.9×41.8m)
단일+저층부,2 저층부,40,40,122.0,44,28,37580,400.0,7639,45219,4942,52.6,0.057,4.134,9.85,40층 388㎡(39.4×9.8m) + 저층부 5층 4800㎡(82.0×58.6m)
단일+저층부,5 미세조정,40,40,122.0,44,42,37580,400.0,7353,44933,4133,43.99,0.17,4.127,8.51,40층 290㎡(34.1×8.5m) + 저층부 7층 4000㎡(84.9×47.1m)
단일+저층부,5 미세조정,40,40,122.0,44,40,37580,400.0,7320,44900,4133,43.99,0.18,4.115,8.62,40층 290㎡(33.7×8.6m) + 저층부 7층 4000㎡(84.9×47.1m)
단일+저층부,5 미세조정,40,40,122.0,44,44,37580,400.0,7078,44658,4133,43.99,0.401,4.112,9.59,40층 290㎡(30.3×9.6m) + 저층부 7층 4000㎡(84.9×47.1m)
타워+저층별동,5 저층별동,40,40,122.0,44,34,37580,400.0,8438,46018,2567,27.32,0.034,4.098,20.24,40층 820㎡(40.5×20.2m) + 저층부 3층 1600㎡(56.6×28.3m)
타워+저층별동,5 저층별동,40,40,122.0,44,36,37580,400.0,9857,47437,2410,25.65,0.051,3.977,12.99,40층 660㎡(50.8×13.0m) + 저층부 7층 1600㎡(56.6×28.3m)
단일+저층부,5 미세조정,39,39,119.05,44,33,37660,400.8,7481,45141,2919,31.07,0.348,4.058,9.44,39층 330㎡(35.0×9.4m) + 저층부 10층 2800㎡(66.9×41.8m)
단일+저층부,5 미세조정,38,38,116.1,44,44,37584,400.0,7113,44697,4134,44.0,0.382,4.109,9.12,38층 309㎡(33.9×9.1m) + 저층부 7층 4000㎡(84.9×47.1m)
단일+저층부,5 미세조정,36,36,110.2,44,42,37588,400.1,7213,44801,4135,44.01,0.294,4.107,8.51,36층 330㎡(38.8×8.5m) + 저층부 7층 4000㎡(84.9×47.1m)
단일+저층부,5 미세조정,35,35,107.25,44,44,37592,400.1,6975,44567,4135,44.02,0.255,4.116,9.24,35층 342㎡(37.0×9.2m) + 저층부 7층 4000㎡(84.9×47.1m)
타워+저층별동,5 저층별동,35,35,107.25,44,35,37580,400.0,7931,45511,3994,42.51,0.053,4.038,15.7,35층 617㎡(39.3×15.7m) + 저층부 5층 3200㎡(80.0×40.0m)
단일,5 미세조정,60,60,181.0,45,40,37580,400.0,11802,49382,690,7.34,0.046,4.081,12.51,60층 626㎡(50.1×12.5m)
단일,1b 층수·세장비,60,60,181.0,45,34,37580,400.0,9735,47315,678,7.22,0.024,4.07,20.43,60층 626㎡(30.7×20.4m)
단일+저층부,2 저층부,60,60,181.0,45,47,37580,400.0,8778,46358,4133,43.99,0.246,4.062,12.64,60층 320㎡(25.3×12.6m) + 저층부 5층 4000㎡(84.9×47.1m)
단일,5 미세조정,60,60,181.0,45,37,37580,400.0,11290,48870,687,7.31,0.043,4.039,13.57,60층 626㎡(46.1×13.6m)
타워+저층별동,5 저층별동,60,60,181.0,45,33,37580,400.0,9893,47473,3834,40.81,0.028,4.038,15.27,60층 466㎡(30.5×15.3m) + 저층부 3층 3200㎡(80.0×40.0m)
타워+저층별동,5 저층별동,60,60,181.0,45,33,37580,400.0,10256,47836,2283,24.3,0.086,4.003,16.53,60층 546㎡(33.1×16.5m) + 저층부 3층 1600㎡(56.6×28.3m)
타워+저층별동,5 저층별동,60,60,181.0,45,36,37580,400.0,11778,49358,2291,24.39,0.044,3.996,11.82,60층 546㎡(46.2×11.8m) + 저층부 3층 1600㎡(56.6×28.3m)
타워+저층별동,5 저층별동,60,60,181.0,45,36,37580,400.0,11915,49495,2186,23.27,0.053,3.977,10.6,60층 440㎡(41.5×10.6m) + 저층부 7층 1600㎡(69.3×23.1m)
단일,1b 층수·세장비,60,60,181.0,45,35,37580,400.0,11802,49382,690,7.34,0.055,3.965,12.51,60층 626㎡(50.1×12.5m)
단일,5 미세조정,59,59,178.05,45,40,37580,400.0,11699,49279,701,7.46,0.046,4.078,12.62,59층 637㎡(50.5×12.6m)
단일,5 미세조정,59,59,178.05,45,37,37580,400.0,11531,49111,700,7.45,0.053,4.033,12.95,59층 637㎡(49.2×12.9m)
단일,5 미세조정,59,59,178.05,45,38,37580,400.0,12357,49937,705,7.5,0.036,4.025,11.52,59층 637㎡(55.3×11.5m)
단일,5 미세조정,58,58,175.1,45,35,37580,400.0,12247,49827,716,7.62,0.035,4.008,11.62,58층 648㎡(55.8×11.6m)
단일,5 미세조정,58,58,175.1,45,37,37580,400.0,12247,49827,716,7.62,0.053,4.003,11.62,58층 648㎡(55.8×11.6m)
단일,5 미세조정,57,57,172.15,45,36,37580,400.0,10990,48570,722,7.68,0.026,4.058,13.93,57층 659㎡(47.3×13.9m)
단일,5 미세조정,57,57,172.15,45,36,37580,400.0,11751,49331,726,7.73,0.026,4.048,12.35,57층 659㎡(53.4×12.4m)
단일,1b 층수·세장비,55,55,166.25,45,37,37580,400.0,10455,48035,745,7.93,0.034,4.079,15.09,55층 683㎡(45.3×15.1m)
타워+저층별동,5 저층별동,55,55,166.25,45,35,37580,400.0,10270,47850,2344,24.95,0.04,4.058,15.44,55층 596㎡(38.6×15.4m) + 저층부 3층 1600㎡(69.3×23.1m)
단일+저층부,2 저층부,55,55,166.25,45,37,37580,400.0,8716,46296,3334,35.48,0.276,4.043,12.57,55층 316㎡(25.1×12.6m) + 저층부 7층 3200㎡(101.2×31.6m)
단일+저층부,2 저층부,55,55,166.25,45,42,37580,400.0,10042,47622,4953,52.72,0.087,4.04,10.68,55층 446㎡(41.7×10.7m) + 저층부 3층 4800㎡(107.3×44.7m)
타워+저층별동,5 저층별동,55,55,166.25,45,40,37580,400.0,10339,47919,2215,23.58,0.02,4.029,13.85,55층 480㎡(34.6×13.9m) + 저층부 7층 1600㎡(56.6×28.3m)
타워+저층별동,5 저층별동,55,55,166.25,45,36,37580,400.0,11427,49007,2290,24.37,0.048,3.992,11.73,55층 538㎡(45.9×11.7m) + 저층부 5층 1600㎡(69.3×23.1m)
단일+저층부,2 저층부,50,50,151.5,45,27,37580,400.0,8554,46134,4953,52.72,0.037,4.123,8.79,50층 302㎡(34.4×8.8m) + 저층부 5층 4800㎡(107.3×44.7m)
타워+저층별동,5 저층별동,50,50,151.5,45,34,37580,400.0,9742,47322,2399,25.54,0.035,3.984,16.19,50층 656㎡(40.5×16.2m) + 저층부 3층 1600㎡(56.6×28.3m)
타워+저층별동,5 저층별동,50,50,151.5,45,33,37580,400.0,9696,47276,2163,23.02,0.078,3.973,14.69,50층 432㎡(29.4×14.7m) + 저층부 10층 1600㎡(56.6×28.3m)
타워+저층별동,5 저층별동,45,45,136.75,45,38,37580,400.0,9132,46712,3239,34.47,0.08,4.079,16.43,45층 675㎡(41.1×16.4m) + 저층부 3층 2400㎡(69.3×34.6m)
타워+저층별동,5 저층별동,45,45,136.75,45,35,37580,400.0,9065,46645,2399,25.53,0.077,4.067,18.13,45층 657㎡(36.3×18.1m) + 저층부 5층 1600㎡(56.6×28.3m)
타워+저층별동,5 저층별동,45,45,136.75,45,28,37580,400.0,10421,48001,2334,24.84,0.034,4.039,12.11,45층 586㎡(48.4×12.1m) + 저층부 7층 1600㎡(56.6×28.3m)
타워+저층별동,5 저층별동,45,45,136.75,45,39,37580,400.0,9072,46652,3015,32.09,0.026,4.018,13.59,45층 462㎡(34.0×13.6m) + 저층부 7층 2400㎡(69.3×34.6m)
타워+저층별동,5 저층별동,45,45,136.75,45,35,37580,400.0,9184,46764,2324,24.74,0.039,3.997,17.12,45층 586㎡(34.2×17.1m) + 저층부 7층 1600㎡(56.6×28.3m)
타워+저층별동,5 저층별동,45,45,136.75,45,34,37580,400.0,9384,46964,2401,25.56,0.039,3.986,16.22,45층 657㎡(40.5×16.2m) + 저층부 5층 1600㎡(56.6×28.3m)
타워+저층별동,5 저층별동,45,45,136.75,45,33,37580,400.0,9132,46712,3239,34.47,0.038,3.976,16.43,45층 675㎡(41.1×16.4m) + 저층부 3층 2400㎡(69.3×34.6m)
타워+저층별동,5 저층별동,45,45,136.75,45,36,37580,400.0,10430,48010,2415,25.71,0.046,3.97,12.97,45층 657㎡(50.7×13.0m) + 저층부 5층 1600㎡(69.3×23.1m)
타워+저층별동,5 저층별동,45,45,136.75,45,36,37580,400.0,9810,47390,2222,23.66,0.025,3.956,13.85,45층 480㎡(34.6×13.8m) + 저층부 10층 1600㎡(69.3×23.1m)
타워+저층별동,5 저층별동,40,40,122.0,45,33,37580,400.0,8901,46481,2487,26.47,0.045,4.104,17.2,40층 740㎡(43.0×17.2m) + 저층부 5층 1600㎡(56.6×28.3m)
타워+저층별동,5 저층별동,40,40,122.0,45,30,37580,400.0,8660,46240,3076,32.74,0.06,4.076,14.42,40층 520㎡(36.0×14.4m) + 저층부 7층 2400㎡(69.3×34.6m)
타워+저층별동,5 저층별동,40,40,122.0,45,39,37580,400.0,9095,46675,2891,30.78,0.164,4.026,9.21,40층 340㎡(36.9×9.2m) + 저층부 10층 2400㎡(69.3×34.6m)
타워+저층별동,5 저층별동,40,40,122.0,45,33,37580,400.0,8908,46488,2276,24.22,0.036,3.99,16.42,40층 540㎡(32.8×16.4m) + 저층부 10층 1600㎡(56.6×28.3m)
단일+저층부,5 미세조정,39,39,119.05,45,42,37580,400.0,7279,44859,4133,43.99,0.17,4.127,8.64,39층 299㎡(34.7×8.6m) + 저층부 7층 4000㎡(84.9×47.1m)
단일+저층부,5 미세조정,37,37,113.15,45,41,37580,400.0,7039,44619,4133,43.99,0.105,4.135,9.27,37층 319㎡(34.4×9.3m) + 저층부 7층 4000㎡(84.9×47.1m)
단일+저층부,5 미세조정,35,35,107.25,45,44,37598,400.2,6851,44448,4136,44.02,0.396,4.106,9.76,35층 342㎡(35.0×9.8m) + 저층부 7층 4000㎡(84.9×47.1m)
단일+저층부,2 저층부,35,35,107.25,45,34,37580,400.0,6383,43963,4133,43.99,0.372,4.074,13.08,35층 342㎡(26.2×13.1m) + 저층부 7층 4000㎡(84.9×47.1m)
단일+저층부,2 저층부,60,60,181.0,46,35,37580,400.0,9156,46736,4946,52.64,0.059,4.102,14.26,60층 407㎡(28.5×14.3m) + 저층부 3층 4800㎡(93.0×51.6m)
단일,1b 층수·세장비,60,60,181.0,46,34,37580,400.0,9735,47315,678,7.22,0.028,4.097,20.43,60층 626㎡(30.7×20.4m)
타워+저층별동,5 저층별동,60,60,181.0,46,33,37580,400.0,10449,48029,2234,23.78,0.027,4.041,15.7,60층 493㎡(31.4×15.7m) + 저층부 5층 1600㎡(69.3×23.1m)
단일,5 미세조정,60,60,181.0,46,40,37580,400.0,12466,50046,694,7.38,0.052,4.039,11.42,60층 626㎡(54.8×11.4m)
타워+저층별동,5 저층별동,60,60,181.0,46,33,37580,400.0,10818,48398,2237,23.81,0.03,4.023,14.04,60층 493㎡(35.1×14.0m) + 저층부 5층 1600㎡(69.3×23.1m)
단일+저층부,2 저층부,60,60,181.0,46,40,37580,400.0,10690,48270,4129,43.95,0.124,4.011,10.71,60층 449㎡(41.9×10.7m) + 저층부 3층 4000㎡(74.8×53.5m)
단일+저층부,2 저층부,60,60,181.0,46,33,37580,400.0,8722,46302,4129,43.95,0.109,4.002,12.64,60층 320㎡(25.3×12.6m) + 저층부 5층 4000㎡(74.8×53.5m)
타워+저층별동,5 저층별동,60,60,181.0,46,40,37580,400.0,10549,48129,2179,23.19,0.018,3.974,14.83,60층 440㎡(29.7×14.8m) + 저층부 7층 1600㎡(69.3×23.1m)
단일,5 미세조정,59,59,178.05,46,39,37580,400.0,11699,49279,701,7.46,0.044,4.05,12.62,59층 637㎡(50.5×12.6m)
단일,5 미세조정,58,58,175.1,46,40,37580,400.0,11428,49008,712,7.57,0.053,4.052,13.06,58층 648㎡(49.6×13.1m)
단일,5 미세조정,58,58,175.1,46,38,37580,400.0,12247,49827,716,7.62,0.034,4.038,11.62,58층 648㎡(55.8×11.6m)
단일,5 미세조정,58,58,175.1,46,33,37580,400.0,12247,49827,716,7.62,0.035,3.989,11.62,58층 648㎡(55.8×11.6m)
단일,5 미세조정,57,57,172.15,46,37,37580,400.0,11490,49070,724,7.71,0.036,4.077,12.84,57층 659㎡(51.4×12.8m)
단일,1b 층수·세장비,55,55,166.25,46,39,37580,400.0,10455,48035,745,7.93,0.049,4.056,15.09,55층 683㎡(45.3×15.1m)
단일+저층부,2 저층부,55,55,166.25,46,38,37580,400.0,9994,47574,4942,52.6,0.095,4.015,10.56,55층 446㎡(42.2×10.6m) + 저층부 3층 4800㎡(82.0×58.6m)
단일+저층부,2 저층부,55,55,166.25,46,41,37580,400.0,10007,47587,3316,35.29,0.21,4.011,10.39,55층 432㎡(41.5×10.4m) + 저층부 5층 3200㎡(66.9×47.8m)
타워+저층별동,5 저층별동,55,55,166.25,46,35,37580,400.0,11424,49004,2351,25.03,0.092,3.978,12.21,55층 596㎡(48.8×12.2m) + 저층부 3층 1600㎡(69.3×23.1m)
타워+저층별동,5 저층별동,55,55,166.25,46,35,37580,400.0,11492,49072,2290,24.38,0.096,3.976,11.6,55층 538㎡(46.4×11.6m) + 저층부 5층 1600㎡(69.3×23.1m)
타워+저층별동,5 저층별동,55,55,166.25,46,35,37580,400.0,11356,48936,2344,24.95,0.092,3.972,12.21,55층 596㎡(48.8×12.2m) + 저층부 3층 1600㎡(56.6×28.3m)
단일+저층부,2 저층부,50,50,151.5,46,37,37580,400.0,8981,46561,4140,44.06,0.055,4.091,14.75,50층 544㎡(36.9×14.8m) + 저층부 3층 4000㎡(98.0×40.8m)
타워+저층별동,5 저층별동,50,50,151.5,46,40,37580,400.0,9702,47282,3077,32.75,0.02,4.018,14.31,50층 512㎡(35.8×14.3m) + 저층부 5층 2400㎡(84.9×28.3m)
단일+저층부,2 저층부,50,50,151.5,46,35,37580,400.0,8646,46226,4942,52.6,0.077,4.005,14.05,50층 493㎡(35.1×14.0m) + 저층부 3층 4800㎡(82.0×58.6m)
타워+저층별동,5 저층별동,50,50,151.5,46,33,37580,400.0,9620,47200,2338,24.88,0.026,4.003,17.2,50층 592㎡(34.4×17.2m) + 저층부 5층 1600㎡(69.3×23.1m)
타워+저층별동,5 저층별동,50,50,151.5,46,36,37580,400.0,10593,48173,3175,33.79,0.046,3.987,12.47,50층 608㎡(48.7×12.5m) + 저층부 3층 2400㎡(69.3×34.6m)
타워+저층별동,5 저층별동,50,50,151.5,46,33,37580,400.0,10536,48116,3074,32.72,0.108,3.975,11.31,50층 512㎡(45.2×11.3m) + 저층부 5층 2400㎡(69.3×34.6m)
타워+저층별동,5 저층별동,45,45,136.75,46,37,37580,400.0,9497,47077,2408,25.64,0.081,4.073,16.22,45층 657㎡(40.5×16.2m) + 저층부 5층 1600㎡(69.3×23.1m)
타워+저층별동,5 저층별동,45,45,136.75,46,35,37580,400.0,9178,46758,2406,25.61,0.077,4.063,18.13,45층 657㎡(36.3×18.1m) + 저층부 5층 1600㎡(69.3×23.1m)
단일+저층부,2 저층부,45,45,136.75,46,33,37580,400.0,7203,44783,4942,52.6,0.213,4.061,13.03,45층 340㎡(26.1×13.0m) + 저층부 5층 4800㎡(82.0×58.6m)
단일+저층부,2 저층부,45,45,136.75,46,33,37580,400.0,7407,44987,4942,52.6,0.216,4.06,11.65,45층 340㎡(29.1×11.7m) + 저층부 5층 4800㎡(82.0×58.6m)
타워+저층별동,5 저층별동,45,45,136.75,46,33,37580,400.0,9538,47118,2220,23.63,0.036,4.008,15.48,45층 480㎡(31.0×15.5m) + 저층부 10층 1600㎡(69.3×23.1m)
타워+저층별동,5 저층별동,45,45,136.75,46,33,37580,400.0,9342,46922,2332,24.82,0.029,4.002,17.12,45층 586㎡(34.2×17.1m) + 저층부 7층 1600㎡(69.3×23.1m)
타워+저층별동,5 저층별동,45,45,136.75,46,33,37580,400.0,9184,46764,2324,24.74,0.029,3.972,17.12,45층 586㎡(34.2×17.1m) + 저층부 7층 1600㎡(56.6×28.3m)
단일+저층부,5 미세조정,43,43,130.85,46,35,37590,400.1,7649,45240,2911,30.99,0.264,4.09,9.35,43층 290㎡(31.0×9.4m) + 저층부 10층 2800㎡(66.9×41.8m)
단일+저층부,5 미세조정,43,43,130.85,46,35,37580,400.0,7775,45355,2910,30.97,0.278,4.086,8.85,43층 290㎡(32.8×8.8m) + 저층부 10층 2800㎡(66.9×41.8m)
단일+저층부,5 미세조정,41,41,124.95,46,42,37580,400.0,7329,44909,4133,43.99,0.202,4.125,8.71,41층 282㎡(32.4×8.7m) + 저층부 7층 4000㎡(84.9×47.1m)
단일+저층부,5 미세조정,41,41,124.95,46,35,37580,400.0,7508,45088,2910,30.97,0.21,4.096,9.65,41층 309㎡(32.0×9.6m) + 저층부 10층 2800㎡(66.9×41.8m)
단일+저층부,5 미세조정,41,41,124.95,46,35,37580,400.0,7630,45210,2910,30.97,0.23,4.089,9.13,41층 309㎡(33.9×9.1m) + 저층부 10층 2800㎡(66.9×41.8m)
단일+저층부,5 미세조정,40,40,122.0,46,41,37580,400.0,7353,44933,4133,43.99,0.231,4.113,8.51,40층 290㎡(34.1×8.5m) + 저층부 7층 4000㎡(84.9×47.1m)
단일+저층부,2 저층부,40,40,122.0,46,38,37580,400.0,6710,44290,4133,43.99,0.309,4.106,12.05,40층 290㎡(24.1×12.0m) + 저층부 7층 4000㎡(84.9×47.1m)
단일+저층부,5 미세조정,40,40,122.0,46,34,37580,400.0,7556,45136,2910,30.97,0.201,4.095,9.28,40층 319㎡(34.4×9.3m) + 저층부 10층 2800㎡(66.9×41.8m)
단일+저층부,5 미세조정,40,40,122.0,46,35,37665,400.9,7615,45280,2920,31.08,0.257,4.077,9.04,40층 319㎡(35.3×9.0m) + 저층부 10층 2800㎡(66.9×41.8m)
타워+저층별동,5 저층별동,40,40,122.0,46,31,37580,400.0,8908,46488,2276,24.22,0.047,3.997,16.42,40층 540㎡(32.8×16.4m) + 저층부 10층 1600㎡(56.6×28.3m)
타워+저층별동,5 저층별동,40,40,122.0,46,33,37580,400.0,9014,46594,2494,26.55,0.079,3.99,17.2,40층 740㎡(43.0×17.2m) + 저층부 5층 1600㎡(69.3×23.1m)
타워+저층별동,5 저층별동,40,40,122.0,46,32,37580,400.0,8742,46322,2401,25.55,0.038,3.973,18.16,40층 660㎡(36.3×18.2m) + 저층부 7층 1600㎡(56.6×28.3m)
단일,1b 층수·세장비,40,40,122.0,46,42,37580,400.0,9555,47135,1017,10.83,0.103,3.916,15.33,40층 940㎡(61.3×15.3m)
단일+저층부,5 미세조정,39,39,119.05,46,41,37580,400.0,7186,44766,4133,43.99,0.246,4.116,8.98,39층 299㎡(33.3×9.0m) + 저층부 7층 4000㎡(84.9×47.1m)
단일+저층부,5 미세조정,39,39,119.05,46,35,37583,400.0,7481,45064,2910,30.98,0.232,4.088,9.44,39층 330㎡(35.0×9.4m) + 저층부 10층 2800㎡(66.9×41.8m)
단일+저층부,5 미세조정,38,38,116.1,46,43,37580,400.0,7055,44635,4133,43.99,0.22,4.125,9.36,38층 309㎡(33.0×9.4m) + 저층부 7층 4000㎡(84.9×47.1m)
단일+저층부,5 미세조정,37,37,113.15,46,42,37580,400.0,7192,44772,4133,43.99,0.198,4.12,8.7,37층 319㎡(36.7×8.7m) + 저층부 7층 4000㎡(84.9×47.1m)
단일+저층부,5 미세조정,36,36,110.2,46,41,37580,400.0,6926,44506,4133,43.99,0.31,4.109,9.59,36층 330㎡(34.4×9.6m) + 저층부 7층 4000㎡(84.9×47.1m)
단일+저층부,2 저층부,35,35,107.25,46,36,37580,400.0,6526,44106,4133,43.99,0.364,4.083,11.7,35층 342㎡(29.2×11.7m) + 저층부 7층 4000㎡(84.9×47.1m)
단일+저층부,2 저층부,35,35,107.25,46,40,37580,400.0,7239,44819,4946,52.64,0.281,4.029,10.76,35층 453㎡(42.1×10.8m) + 저층부 5층 4800㎡(93.0×51.6m)
타워+저층별동,5 저층별동,35,35,107.25,46,30,37580,400.0,8957,46537,3161,33.64,0.035,3.982,12.18,35층 594㎡(48.7×12.2m) + 저층부 7층 2400㎡(69.3×34.6m)
단일,1b 층수·세장비,60,60,181.0,47,43,37580,400.0,11802,49382,690,7.34,0.07,4.046,12.51,60층 626㎡(50.1×12.5m)
타워+저층별동,5 저층별동,60,60,181.0,47,35,37580,400.0,10256,47836,2283,24.3,0.059,4.008,16.53,60층 546㎡(33.1×16.5m) + 저층부 3층 1600㎡(56.6×28.3m)
단일+저층부,2 저층부,60,60,181.0,47,42,37580,400.0,8994,46574,4129,43.95,0.182,4.005,11.31,60층 320㎡(28.3×11.3m) + 저층부 5층 4000㎡(74.8×53.5m)
타워+저층별동,5 저층별동,60,60,181.0,47,37,37580,400.0,10336,47916,2227,23.7,0.097,4.005,15.7,60층 493㎡(31.4×15.7m) + 저층부 5층 1600㎡(56.6×28.3m)
타워+저층별동,5 저층별동,60,60,181.0,47,37,37580,400.0,10468,48048,3062,32.59,0.099,3.994,14.23,60층 506㎡(35.6×14.2m) + 저층부 3층 2400㎡(69.3×34.6m)
타워+저층별동,5 저층별동,60,60,181.0,47,28,37580,400.0,11160,48740,2899,30.85,0.13,3.992,9.31,60층 346㎡(37.2×9.3m) + 저층부 7층 2400㎡(69.3×34.6m)
단일,5 미세조정,57,57,172.15,47,37,37580,400.0,11751,49331,726,7.73,0.035,4.042,12.35,57층 659㎡(53.4×12.4m)
단일,5 미세조정,57,57,172.15,47,37,37580,400.0,10990,48570,722,7.68,0.041,4.03,13.93,57층 659㎡(47.3×13.9m)
단일,1b 층수·세장비,55,55,166.25,47,34,37580,400.0,9299,46879,738,7.85,0.026,4.093,21.34,55층 683㎡(32.0×21.3m)
타워+저층별동,5 저층별동,55,55,166.25,47,36,37580,400.0,9647,47227,3017,32.11,0.044,4.08,15.25,55층 465㎡(30.5×15.2m) + 저층부 5층 2400㎡(69.3×34.6m)
타워+저층별동,5 저층별동,55,55,166.25,47,36,37580,400.0,10396,47976,2284,24.31,0.043,4.058,14.67,55층 538㎡(36.7×14.7m) + 저층부 5층 1600㎡(69.3×23.1m)
단일+저층부,2 저층부,55,55,166.25,47,39,37580,400.0,8441,46021,4133,43.99,0.222,4.055,13.26,55층 352㎡(26.5×13.3m) + 저층부 5층 4000㎡(84.9×47.1m)
단일+저층부,2 저층부,55,55,166.25,47,39,37580,400.0,8441,46021,4133,43.99,0.193,4.03,13.26,55층 352㎡(26.5×13.3m) + 저층부 5층 4000㎡(84.9×47.1m)
단일+저층부,2 저층부,55,55,166.25,47,42,37580,400.0,9164,46744,3319,35.33,0.263,4.024,13.14,55층 432㎡(32.8×13.1m) + 저층부 5층 3200㎡(75.9×42.2m)
타워+저층별동,5 저층별동,55,55,166.25,47,30,37580,400.0,9544,47124,2925,31.13,0.105,4.008,13.74,55층 378㎡(27.5×13.7m) + 저층부 7층 2400㎡(69.3×34.6m)
단일+저층부,2 저층부,55,55,166.25,47,34,37580,400.0,8534,46114,3325,35.39,0.186,4.002,12.57,55층 316㎡(25.1×12.6m) + 저층부 7층 3200㎡(87.6×36.5m)
타워+저층별동,5 저층별동,55,55,166.25,47,35,37580,400.0,9930,47510,2274,24.2,0.065,3.999,16.4,55층 538㎡(32.8×16.4m) + 저층부 5층 1600㎡(56.6×28.3m)
타워+저층별동,5 저층별동,55,55,166.25,47,33,37580,400.0,10202,47782,2337,24.87,0.065,3.992,15.44,55층 596㎡(38.6×15.4m) + 저층부 3층 1600㎡(56.6×28.3m)
타워+저층별동,5 저층별동,55,55,166.25,47,33,37580,400.0,10202,47782,2337,24.87,0.065,3.981,15.44,55층 596㎡(38.6×15.4m) + 저층부 3층 1600㎡(56.6×28.3m)
단일,1b 층수·세장비,50,50,151.5,47,36,37580,400.0,10731,48311,821,8.74,0.029,4.074,13.71,50층 752㎡(54.8×13.7m)
단일+저층부,2 저층부,50,50,151.5,47,39,37580,400.0,7922,45502,4953,52.72,0.206,4.057,10.99,50층 302㎡(27.5×11.0m) + 저층부 5층 4800㎡(107.3×44.7m)
단일+저층부,2 저층부,50,50,151.5,47,33,37580,400.0,8442,46022,4946,52.64,0.166,4.043,8.79,50층 302㎡(34.4×8.8m) + 저층부 5층 4800㎡(93.0×51.6m)
단일+저층부,2 저층부,50,50,151.5,47,35,37580,400.0,8071,45651,3319,35.33,0.18,4.01,13.29,50층 353㎡(26.6×13.3m) + 저층부 7층 3200㎡(75.9×42.2m)
단일+저층부,2 저층부,50,50,151.5,47,39,37580,400.0,9562,47142,3316,35.29,0.138,4.01,10.95,50층 480㎡(43.8×10.9m) + 저층부 5층 3200㎡(66.9×47.8m)
타워+저층별동,5 저층별동,50,50,151.5,47,34,37580,400.0,9620,47200,2338,24.88,0.068,3.998,17.2,50층 592㎡(34.4×17.2m) + 저층부 5층 1600㎡(69.3×23.1m)
타워+저층별동,5 저층별동,50,50,151.5,47,33,37580,400.0,9597,47177,3168,33.72,0.071,3.989,15.59,50층 608㎡(39.0×15.6m) + 저층부 3층 2400㎡(69.3×34.6m)
타워+저층별동,5 저층별동,50,50,151.5,47,35,37580,400.0,9762,47342,2271,24.17,0.072,3.986,16.24,50층 528㎡(32.5×16.2m) + 저층부 7층 1600㎡(69.3×23.1m)
단일+저층부,2 저층부,50,50,151.5,47,32,37580,400.0,8121,45701,2500,26.61,0.161,3.984,13.03,50층 340㎡(26.1×13.0m) + 저층부 10층 2400㎡(58.0×41.4m)
타워+저층별동,5 저층별동,50,50,151.5,47,29,37580,400.0,10876,48456,2170,23.1,0.103,3.961,10.39,50층 432㎡(41.5×10.4m) + 저층부 10층 1600㎡(56.6×28.3m)
단일+저층부,2 저층부,45,45,136.75,47,38,37580,400.0,7986,45566,4946,52.64,0.077,4.112,16.61,45층 552㎡(33.2×16.6m) + 저층부 3층 4800㎡(93.0×51.6m)
타워+저층별동,5 저층별동,45,45,136.75,47,38,37580,400.0,9476,47056,2851,30.35,0.113,4.03,8.69,45층 302㎡(34.7×8.7m) + 저층부 10층 2400㎡(69.3×34.6m)
단일+저층부,2 저층부,45,45,136.75,47,41,37580,400.0,7858,45438,3316,35.29,0.269,4.02,12.64,45층 399㎡(31.6×12.6m) + 저층부 7층 3200㎡(66.9×47.8m)
단일+저층부,2 저층부,45,45,136.75,47,38,37580,400.0,8041,45621,4942,52.6,0.088,3.994,9.21,45층 340㎡(36.9×9.2m) + 저층부 5층 4800㎡(82.0×58.6m)
타워+저층별동,5 저층별동,45,45,136.75,47,33,37580,400.0,10001,47581,3134,33.35,0.095,3.982,12.06,45층 568㎡(47.1×12.1m) + 저층부 5층 2400㎡(69.3×34.6m)
타워+저층별동,5 저층별동,45,45,136.75,47,35,37580,400.0,8808,46388,3236,34.45,0.033,3.981,18.37,45층 675㎡(36.7×18.4m) + 저층부 3층 2400㎡(69.3×34.6m)
단일,1a 방위·위치,45,45,136.75,47,38,37580,400.0,9041,46621,900,9.58,0.065,3.947,18.28,45층 835㎡(45.7×18.3m)
단일+저층부,5 미세조정,42,42,127.9,47,35,37597,400.2,7579,45176,2912,31.0,0.266,4.087,9.5,42층 299㎡(31.5×9.5m) + 저층부 10층 2800㎡(66.9×41.8m)
단일+저층부,5 미세조정,41,41,124.95,47,42,37580,400.0,7147,44727,4133,43.99,0.336,4.112,9.45,41층 282㎡(29.8×9.4m) + 저층부 7층 4000㎡(84.9×47.1m)
단일+저층부,2 저층부,40,40,122.0,47,42,37580,400.0,6788,44368,4129,43.95,0.314,4.061,10.78,40층 290㎡(26.9×10.8m) + 저층부 7층 4000㎡(74.8×53.5m)
단일+저층부,2 저층부,40,40,122.0,47,33,37580,400.0,7470,45050,3316,35.29,0.11,4.006,13.56,40층 460㎡(33.9×13.6m) + 저층부 7층 3200㎡(66.9×47.8m)
단일+저층부,5 미세조정,38,38,116.1,47,42,37580,400.0,6991,44571,4133,43.99,0.329,4.113,9.64,38층 309㎡(32.0×9.6m) + 저층부 7층 4000㎡(84.9×47.1m)
단일+저층부,5 미세조정,35,35,107.25,47,40,37580,400.0,7036,44616,4133,43.99,0.2,4.11,9.0,35층 342㎡(38.0×9.0m) + 저층부 7층 4000㎡(84.9×47.1m)
타워+저층별동,5 저층별동,35,35,107.25,47,33,37580,400.0,8699,46279,2509,26.7,0.089,3.981,17.36,35층 754㎡(43.4×17.4m) + 저층부 7층 1600㎡(69.3×23.1m)
타워+저층별동,5 저층별동,60,60,181.0,48,37,37580,400.0,10705,48285,2229,23.73,0.07,4.037,14.04,60층 493㎡(35.1×14.0m) + 저층부 5층 1600㎡(56.6×28.3m)
타워+저층별동,5 저층별동,60,60,181.0,48,35,37580,400.0,10028,47608,2976,31.68,0.101,3.994,14.6,60층 426㎡(29.2×14.6m) + 저층부 5층 2400㎡(69.3×34.6m)
타워+저층별동,5 저층별동,60,60,181.0,48,39,37580,400.0,11782,49362,2235,23.79,0.107,3.985,11.23,60층 493㎡(43.9×11.2m) + 저층부 5층 1600㎡(56.6×28.3m)
단일,1b 층수·세장비,60,60,181.0,48,35,37580,400.0,10943,48523,685,7.29,0.09,3.971,14.45,60층 626㎡(43.3×14.4m)
단일,1b 층수·세장비,60,60,181.0,48,45,37580,400.0,10512,48092,683,7.27,0.191,3.954,15.83,60층 626㎡(39.6×15.8m)
단일,5 미세조정,59,59,178.05,48,38,37580,400.0,11965,49545,703,7.48,0.061,4.011,12.14,59층 637㎡(52.5×12.1m)
단일,5 미세조정,58,58,175.1,48,39,37580,400.0,11428,49008,712,7.57,0.06,4.02,13.06,58층 648㎡(49.6×13.1m)
단일,5 미세조정,57,57,172.15,48,42,37580,400.0,10990,48570,722,7.68,0.063,4.054,13.93,57층 659㎡(47.3×13.9m)
단일,5 미세조정,57,57,172.15,48,38,37580,400.0,11490,49070,724,7.71,0.061,4.017,12.84,57층 659㎡(51.4×12.8m)
타워+저층별동,5 저층별동,55,55,166.25,48,30,37580,400.0,10497,48077,2222,23.66,0.038,4.06,13.85,55층 480㎡(34.6×13.9m) + 저층부 7층 1600㎡(69.3×23.1m)
단일+저층부,2 저층부,55,55,166.25,48,41,37580,400.0,9994,47574,4942,52.6,0.197,4.024,10.56,55층 446㎡(42.2×10.6m) + 저층부 3층 4800㎡(82.0×58.6m)
단일+저층부,2 저층부,55,55,166.25,48,38,37580,400.0,9087,46667,4946,52.64,0.164,4.008,13.35,55층 446㎡(33.4×13.4m) + 저층부 3층 4800㎡(93.0×51.6m)
타워+저층별동,5 저층별동,55,55,166.25,48,33,37580,400.0,9840,47420,3881,41.31,0.07,3.996,14.27,55층 509㎡(35.7×14.3m) + 저층부 3층 3200㎡(80.0×40.0m)
타워+저층별동,5 저층별동,55,55,166.25,48,28,37580,400.0,10704,48284,2932,31.21,0.085,3.99,9.83,55층 378㎡(38.4×9.8m) + 저층부 7층 2400㎡(69.3×34.6m)
타워+저층별동,5 저층별동,55,55,166.25,48,35,37580,400.0,11356,48936,2344,24.95,0.031,3.987,12.21,55층 596㎡(48.8×12.2m) + 저층부 3층 1600㎡(56.6×28.3m)
타워+저층별동,5 저층별동,55,55,166.25,48,35,37580,400.0,11424,49004,2351,25.03,0.031,3.98,12.21,55층 596㎡(48.8×12.2m) + 저층부 3층 1600㎡(69.3×23.1m)
타워+저층별동,5 저층별동,55,55,166.25,48,45,37580,400.0,10339,47919,2215,23.58,0.186,3.964,13.85,55층 480㎡(34.6×13.9m) + 저층부 7층 1600㎡(56.6×28.3m)
단일,1b 층수·세장비,55,55,166.25,48,42,37580,400.0,12068,49648,754,8.03,0.107,3.925,11.69,55층 683㎡(58.4×11.7m)
단일+저층부,2 저층부,50,50,151.5,48,35,37580,400.0,7810,45390,4946,52.64,0.233,4.068,10.99,50층 302㎡(27.5×11.0m) + 저층부 5층 4800㎡(93.0×51.6m)
단일+저층부,2 저층부,50,50,151.5,48,42,37580,400.0,8192,45772,4140,44.06,0.231,4.022,13.98,50층 391㎡(28.0×14.0m) + 저층부 5층 4000㎡(98.0×40.8m)
단일+저층부,2 저층부,50,50,151.5,48,42,37580,400.0,8421,46001,4942,52.6,0.202,4.022,8.69,50층 302㎡(34.7×8.7m) + 저층부 5층 4800㎡(82.0×58.6m)
단일+저층부,2 저층부,50,50,151.5,48,39,37580,400.0,9543,47123,4942,52.6,0.18,3.998,11.1,50층 493㎡(44.4×11.1m) + 저층부 3층 4800㎡(82.0×58.6m)
타워+저층별동,5 저층별동,50,50,151.5,48,30,37580,400.0,9922,47502,2265,24.11,0.033,3.994,14.53,50층 528㎡(36.3×14.5m) + 저층부 7층 1600㎡(56.6×28.3m)
타워+저층별동,5 저층별동,50,50,151.5,48,35,37580,400.0,11002,48582,2347,24.98,0.034,3.981,12.16,50층 592㎡(48.6×12.2m) + 저층부 5층 1600㎡(69.3×23.1m)
타워+저층별동,5 저층별동,50,50,151.5,48,42,37580,400.0,10908,48488,2272,24.18,0.185,3.942,11.48,50층 528㎡(45.9×11.5m) + 저층부 7층 1600㎡(56.6×28.3m)
단일+저층부,2 저층부,45,45,136.75,48,33,37580,400.0,8064,45644,4946,52.64,0.178,4.039,9.32,45층 340㎡(36.4×9.3m) + 저층부 5층 4800㎡(93.0×51.6m)
단일+저층부,2 저층부,45,45,136.75,48,43,37580,400.0,7407,44987,4942,52.6,0.28,4.038,11.65,45층 340㎡(29.1×11.7m) + 저층부 5층 4800㎡(82.0×58.6m)
단일+저층부,2 저층부,45,45,136.75,48,42,37580,400.0,8619,46199,4129,43.95,0.164,4.028,10.48,45층 440㎡(41.9×10.5m) + 저층부 5층 4000㎡(74.8×53.5m)
단일+저층부,2 저층부,45,45,136.75,48,35,37580,400.0,9107,46687,4946,52.64,0.122,3.997,11.75,45층 552㎡(47.0×11.7m) + 저층부 3층 4800㎡(93.0×51.6m)
단일+저층부,2 저층부,45,45,136.75,48,30,37580,400.0,7964,45544,2500,26.61,0.042,3.98,12.46,45층 388㎡(31.1×12.5m) + 저층부 10층 2400㎡(58.0×41.4m)
타워+저층별동,5 저층별동,45,45,136.75,48,33,37580,400.0,9261,46841,2475,26.34,0.035,3.971,17.07,45층 728㎡(42.7×17.1m) + 저층부 3층 1600㎡(56.6×28.3m)
타워+저층별동,5 저층별동,45,45,136.75,48,33,37580,400.0,8925,46505,2473,26.32,0.066,3.971,19.08,45층 728㎡(38.2×19.1m) + 저층부 3층 1600㎡(56.6×28.3m)
타워+저층별동,5 저층별동,45,45,136.75,48,33,37580,400.0,8925,46505,2473,26.32,0.066,3.961,19.08,45층 728㎡(38.2×19.1m) + 저층부 3층 1600㎡(56.6×28.3m)
타워+저층별동,5 저층별동,45,45,136.75,48,31,37580,400.0,10196,47776,2242,23.87,0.057,3.952,15.48,45층 480㎡(31.0×15.5m) + 저층부 10층 1600㎡(98.0×16.3m)
단일+저층부,5 미세조정,40,40,122.0,48,43,37580,400.0,7132,44712,4133,43.99,0.301,4.124,9.35,40층 290㎡(31.1×9.3m) + 저층부 7층 4000㎡(84.9×47.1m)
타워+저층별동,5 저층별동,40,40,122.0,48,38,37580,400.0,8755,46335,2570,27.35,0.081,4.095,18.11,40층 820㎡(45.3×18.1m) + 저층부 3층 1600㎡(56.6×28.3m)
단일+저층부,2 저층부,40,40,122.0,48,36,37580,400.0,7471,45051,3325,35.39,0.262,4.044,15.17,40층 460㎡(30.3×15.2m) + 저층부 7층 3200㎡(87.6×36.5m)
타워+저층별동,5 저층별동,40,40,122.0,48,27,37580,400.0,9185,46765,2411,25.66,0.044,3.94,16.24,40층 660㎡(40.6×16.2m) + 저층부 7층 1600㎡(69.3×23.1m)
단일+저층부,5 미세조정,39,39,119.05,48,43,37580,400.0,7062,44642,4133,43.99,0.302,4.124,9.49,39층 299㎡(31.5×9.5m) + 저층부 7층 4000㎡(84.9×47.1m)
단일+저층부,5 미세조정,38,38,116.1,48,42,37580,400.0,7173,44753,4133,43.99,0.194,4.124,8.89,38층 309㎡(34.8×8.9m) + 저층부 7층 4000㎡(84.9×47.1m)
단일+저층부,5 미세조정,38,38,116.1,48,41,37580,400.0,7074,44654,4133,43.99,0.252,4.117,9.28,38층 309㎡(33.3×9.3m) + 저층부 7층 4000㎡(84.9×47.1m)
단일+저층부,5 미세조정,37,37,113.15,48,42,37580,400.0,7001,44581,4133,43.99,0.205,4.128,9.43,37층 319㎡(33.9×9.4m) + 저층부 7층 4000㎡(84.9×47.1m)
단일+저층부,5 미세조정,37,37,113.15,48,41,37580,400.0,7192,44772,4133,43.99,0.181,4.125,8.7,37층 319㎡(36.7×8.7m) + 저층부 7층 4000㎡(84.9×47.1m)
단일+저층부,5 미세조정,35,35,107.25,48,40,37580,400.0,7133,44713,4133,43.99,0.118,4.121,8.66,35층 342㎡(39.5×8.7m) + 저층부 7층 4000㎡(84.9×47.1m)
단일+저층부,2 저층부,35,35,107.25,48,40,37580,400.0,6867,44447,4129,43.95,0.353,4.049,9.35,35층 342㎡(36.6×9.4m) + 저층부 7층 4000㎡(74.8×53.5m)
단일+저층부,2 저층부,35,35,107.25,48,35,37580,400.0,6546,44126,4946,52.64,0.248,4.047,15.04,35층 453㎡(30.1×15.0m) + 저층부 5층 4800㎡(93.0×51.6m)
단일+저층부,2 저층부,60,60,181.0,49,38,37580,400.0,8778,46358,4133,43.99,0.218,4.036,12.64,60층 320㎡(25.3×12.6m) + 저층부 5층 4000㎡(84.9×47.1m)
단일+저층부,2 저층부,60,60,181.0,49,39,37580,400.0,9194,46774,3316,35.29,0.138,4.019,14.01,60층 392㎡(28.0×14.0m) + 저층부 5층 3200㎡(66.9×47.8m)
단일+저층부,2 저층부,60,60,181.0,49,37,37580,400.0,8778,46358,4133,43.99,0.182,4.014,12.64,60층 320㎡(25.3×12.6m) + 저층부 5층 4000㎡(84.9×47.1m)
타워+저층별동,5 저층별동,60,60,181.0,49,40,37580,400.0,10336,47916,2227,23.7,0.042,4.004,15.7,60층 493㎡(31.4×15.7m) + 저층부 5층 1600㎡(56.6×28.3m)
단일+저층부,2 저층부,60,60,181.0,49,48,37580,400.0,9120,46700,4942,52.6,0.2,4.003,14.26,60층 407㎡(28.5×14.3m) + 저층부 3층 4800㎡(82.0×58.6m)
타워+저층별동,5 저층별동,60,60,181.0,49,39,37580,400.0,10740,48320,2173,23.13,0.076,3.998,13.26,60층 440㎡(33.2×13.3m) + 저층부 7층 1600㎡(56.6×28.3m)
타워+저층별동,5 저층별동,60,60,181.0,49,36,37580,400.0,11849,49429,2292,24.39,0.06,3.997,11.69,60층 546㎡(46.7×11.7m) + 저층부 3층 1600㎡(56.6×28.3m)
타워+저층별동,5 저층별동,60,60,181.0,49,39,37580,400.0,10336,47916,2227,23.7,0.042,3.996,15.7,60층 493㎡(31.4×15.7m) + 저층부 5층 1600㎡(56.6×28.3m)
타워+저층별동,5 저층별동,60,60,181.0,49,40,37580,400.0,10818,48398,2237,23.81,0.045,3.996,14.04,60층 493㎡(35.1×14.0m) + 저층부 5층 1600㎡(69.3×23.1m)
단일+저층부,2 저층부,60,60,181.0,49,46,37580,400.0,9335,46915,3325,35.39,0.196,3.984,14.01,60층 392㎡(28.0×14.0m) + 저층부 5층 3200㎡(87.6×36.5m)
단일+저층부,2 저층부,60,60,181.0,49,46,37580,400.0,9412,46992,4133,43.99,0.186,3.966,14.98,60층 449㎡(30.0×15.0m) + 저층부 3층 4000㎡(84.9×47.1m)
단일,1b 층수·세장비,60,60,181.0,49,43,37580,400.0,10943,48523,685,7.29,0.188,3.959,14.45,60층 626㎡(43.3×14.4m)
타워+저층별동,5 저층별동,60,60,181.0,49,31,37580,400.0,11935,49515,2101,22.37,0.065,3.95,9.48,60층 360㎡(37.9×9.5m) + 저층부 10층 1600㎡(69.3×23.1m)
타워+저층별동,5 저층별동,60,60,181.0,49,36,37580,400.0,10958,48538,2096,22.31,0.025,3.944,11.99,60층 360㎡(30.0×12.0m) + 저층부 10층 1600㎡(69.3×23.1m)
단일,1b 층수·세장비,60,60,181.0,49,45,37580,400.0,11802,49382,690,7.34,0.118,3.927,12.51,60층 626㎡(50.1×12.5m)
쌍둥이,3 쌍둥이,60+60,60,181.0,49,33,37580,400.0,14175,51755,701,7.46,0.054,3.905,13.99,60층 313㎡(22.4×14.0m) + 60층 313㎡(22.4×14.0m)
단일,5 미세조정,59,59,178.05,49,39,37580,400.0,11191,48771,698,7.43,0.058,4.029,13.69,59층 637㎡(46.5×13.7m)
단일,5 미세조정,59,59,178.05,49,37,37580,400.0,11191,48771,698,7.43,0.052,4.026,13.69,59층 637㎡(46.5×13.7m)
단일,5 미세조정,59,59,178.05,49,34,37580,400.0,11531,49111,700,7.45,0.049,4.018,12.95,59층 637㎡(49.2×12.9m)
단일+저층부,2 저층부,55,55,166.25,49,37,37580,400.0,9087,46667,4946,52.64,0.159,4.0,13.35,55층 446㎡(33.4×13.4m) + 저층부 3층 4800㎡(93.0×51.6m)
단일+저층부,2 저층부,55,55,166.25,49,41,37580,400.0,9051,46631,4942,52.6,0.184,3.987,13.35,55층 446㎡(33.4×13.4m) + 저층부 3층 4800㎡(82.0×58.6m)
타워+저층별동,5 저층별동,55,55,166.25,49,36,37580,400.0,11152,48732,3117,33.18,0.065,3.987,11.75,55층 552㎡(47.0×11.8m) + 저층부 3층 2400㎡(69.3×34.6m)
타워+저층별동,5 저층별동,55,55,166.25,49,36,37580,400.0,11356,48936,2344,24.95,0.062,3.987,12.21,55층 596㎡(48.8×12.2m) + 저층부 3층 1600㎡(56.6×28.3m)
타워+저층별동,5 저층별동,55,55,166.25,49,36,37580,400.0,11424,49004,2351,25.03,0.062,3.984,12.21,55층 596㎡(48.8×12.2m) + 저층부 3층 1600㎡(69.3×23.1m)
단일+저층부,2 저층부,55,55,166.25,49,35,37580,400.0,8921,46501,2516,26.78,0.185,3.981,12.28,55층 302㎡(24.6×12.3m) + 저층부 10층 2400㎡(87.6×27.4m)
타워+저층별동,5 저층별동,55,55,166.25,49,31,37580,400.0,11313,48893,2221,23.64,0.021,3.961,11.08,55층 480㎡(43.3×11.1m) + 저층부 7층 1600㎡(56.6×28.3m)
단일,1b 층수·세장비,50,50,151.5,49,36,37580,400.0,9553,47133,813,8.66,0.048,4.066,17.34,50층 752㎡(43.3×17.3m)
단일+저층부,2 저층부,50,50,151.5,49,36,37580,400.0,8683,46263,4946,52.64,0.199,4.011,14.05,50층 493㎡(35.1×14.0m) + 저층부 3층 4800㎡(93.0×51.6m)
단일+저층부,2 저층부,50,50,151.5,49,36,37580,400.0,8683,46263,4946,52.64,0.171,3.992,14.05,50층 493㎡(35.1×14.0m) + 저층부 3층 4800㎡(93.0×51.6m)
단일+저층부,2 저층부,50,50,151.5,49,35,37580,400.0,8583,46163,4129,43.95,0.203,3.978,16.5,50층 544㎡(33.0×16.5m) + 저층부 3층 4000㎡(74.8×53.5m)
단일+저층부,2 저층부,50,50,151.5,49,42,37580,400.0,9828,47408,4129,43.95,0.247,3.977,11.66,50층 544㎡(46.7×11.7m) + 저층부 3층 4000㎡(74.8×53.5m)
단일,1a 방위·위치,45,45,136.75,49,38,37580,400.0,9041,46621,900,9.58,0.059,4.085,18.28,45층 835㎡(45.7×18.3m)
타워+저층별동,5 저층별동,45,45,136.75,49,36,37580,400.0,10056,47636,3134,33.36,0.077,3.981,11.92,45층 568㎡(47.7×11.9m) + 저층부 5층 2400㎡(69.3×34.6m)
단일,1b 층수·세장비,45,45,136.75,49,41,37580,400.0,10158,47738,908,9.67,0.06,3.938,14.45,45층 835㎡(57.8×14.4m)
타워+저층별동,5 저층별동,45,45,136.75,49,32,37580,400.0,10421,48001,2334,24.84,0.028,3.929,12.11,45층 586㎡(48.4×12.1m) + 저층부 7층 1600㎡(56.6×28.3m)
단일,1b 층수·세장비,45,45,136.75,49,43,37580,400.0,10158,47738,908,9.67,0.108,3.926,14.45,45층 835㎡(57.8×14.4m)
단일+저층부,5 미세조정,41,41,124.95,49,43,37580,400.0,7329,44909,4133,43.99,0.192,4.131,8.71,41층 282㎡(32.4×8.7m) + 저층부 7층 4000㎡(84.9×47.1m)
단일+저층부,5 미세조정,40,40,122.0,49,43,37580,400.0,7320,44900,4133,43.99,0.189,4.13,8.62,40층 290㎡(33.7×8.6m) + 저층부 7층 4000㎡(84.9×47.1m)
단일+저층부,5 미세조정,40,40,122.0,49,44,37580,400.0,7132,44712,4133,43.99,0.233,4.127,9.35,40층 290㎡(31.1×9.3m) + 저층부 7층 4000㎡(84.9×47.1m)
단일+저층부,5 미세조정,40,40,122.0,49,42,37580,400.0,7353,44933,4133,43.99,0.408,4.095,8.51,40층 290㎡(34.1×8.5m) + 저층부 7층 4000㎡(84.9×47.1m)
단일+저층부,2 저층부,40,40,122.0,49,34,37580,400.0,7343,44923,3319,35.33,0.213,4.005,15.17,40층 460㎡(30.3×15.2m) + 저층부 7층 3200㎡(75.9×42.2m)
단일+저층부,2 저층부,40,40,122.0,49,39,37580,400.0,7811,45391,4946,52.64,0.296,4.004,15.83,40층 626㎡(39.6×15.8m) + 저층부 3층 4800㎡(93.0×51.6m)
타워+저층별동,5 저층별동,40,40,122.0,49,36,37580,400.0,8901,46481,2487,26.47,0.224,3.958,17.2,40층 740㎡(43.0×17.2m) + 저층부 5층 1600㎡(56.6×28.3m)
타워+저층별동,5 저층별동,40,40,122.0,49,32,37580,400.0,8755,46335,2570,27.35,0.074,3.947,18.11,40층 820㎡(45.3×18.1m) + 저층부 3층 1600㎡(56.6×28.3m)
단일+저층부,5 미세조정,39,39,119.05,49,41,37580,400.0,7279,44859,4133,43.99,0.135,4.129,8.64,39층 299㎡(34.7×8.6m) + 저층부 7층 4000㎡(84.9×47.1m)
단일+저층부,5 미세조정,39,39,119.05,49,43,37580,400.0,7279,44859,4133,43.99,0.187,4.128,8.64,39층 299㎡(34.7×8.6m) + 저층부 7층 4000㎡(84.9×47.1m)
단일+저층부,5 미세조정,39,39,119.05,49,44,37580,400.0,7147,44727,4133,43.99,0.228,4.121,9.13,39층 299㎡(32.8×9.1m) + 저층부 7층 4000㎡(84.9×47.1m)
단일+저층부,5 미세조정,39,39,119.05,49,33,37580,400.0,7363,44943,2910,30.97,0.388,4.074,9.97,39층 330㎡(33.1×10.0m) + 저층부 10층 2800㎡(66.9×41.8m)
단일+저층부,5 미세조정,38,38,116.1,49,40,37580,400.0,7269,44849,4133,43.99,0.092,4.132,8.55,38층 309㎡(36.1×8.6m) + 저층부 7층 4000㎡(84.9×47.1m)
단일+저층부,5 미세조정,38,38,116.1,49,43,37580,400.0,7173,44753,4133,43.99,0.19,4.128,8.89,38층 309㎡(34.8×8.9m) + 저층부 7층 4000㎡(84.9×47.1m)
단일+저층부,5 미세조정,38,38,116.1,49,42,37580,400.0,7269,44849,4133,43.99,0.15,4.127,8.55,38층 309㎡(36.1×8.6m) + 저층부 7층 4000㎡(84.9×47.1m)
단일+저층부,5 미세조정,37,37,113.15,49,42,37580,400.0,7192,44772,4133,43.99,0.149,4.128,8.7,37층 319㎡(36.7×8.7m) + 저층부 7층 4000㎡(84.9×47.1m)
단일+저층부,5 미세조정,37,37,113.15,49,44,37580,400.0,7098,44678,4133,43.99,0.222,4.12,9.04,37층 319㎡(35.3×9.0m) + 저층부 7층 4000㎡(84.9×47.1m)
단일+저층부,2 저층부,35,35,107.25,49,26,37580,400.0,6893,44473,4129,43.95,0.181,4.023,9.25,35층 342㎡(37.0×9.2m) + 저층부 7층 4000㎡(74.8×53.5m)
단일+저층부,2 저층부,60,60,181.0,50,44,37580,400.0,10462,48042,4946,52.64,0.129,4.061,10.08,60층 407㎡(40.3×10.1m) + 저층부 3층 4800㎡(93.0×51.6m)
타워+저층별동,5 저층별동,60,60,181.0,50,36,37580,400.0,10818,48398,2237,23.81,0.042,4.043,14.04,60층 493㎡(35.1×14.0m) + 저층부 5층 1600㎡(69.3×23.1m)
단일+저층부,2 저층부,60,60,181.0,50,37,37580,400.0,8722,46302,4129,43.95,0.206,4.037,12.64,60층 320㎡(25.3×12.6m) + 저층부 5층 4000㎡(74.8×53.5m)
단일,1b 층수·세장비,60,60,181.0,50,34,37580,400.0,10512,48092,683,7.27,0.048,4.033,15.83,60층 626㎡(39.6×15.8m)
단일+저층부,2 저층부,60,60,181.0,50,44,37580,400.0,9475,47055,4946,52.64,0.211,4.023,12.75,60층 407㎡(31.9×12.8m) + 저층부 3층 4800㎡(93.0×51.6m)
단일+저층부,2 저층부,60,60,181.0,50,44,37580,400.0,8855,46435,3325,35.39,0.231,4.023,11.97,60층 286㎡(23.9×12.0m) + 저층부 7층 3200㎡(87.6×36.5m)
단일,5 미세조정,60,60,181.0,50,39,37580,400.0,11632,49212,689,7.33,0.07,4.016,12.84,60층 626㎡(48.8×12.8m)
타워+저층별동,5 저층별동,60,60,181.0,50,37,37580,400.0,10705,48285,2229,23.73,0.073,3.989,14.04,60층 493㎡(35.1×14.0m) + 저층부 5층 1600㎡(56.6×28.3m)
단일,1b 층수·세장비,60,60,181.0,50,36,37580,400.0,10096,47676,680,7.24,0.164,3.945,17.7,60층 626㎡(35.4×17.7m)
타워+저층별동,5 저층별동,55,55,166.25,50,37,37580,400.0,10339,47919,2215,23.58,0.08,3.99,13.85,55층 480㎡(34.6×13.9m) + 저층부 7층 1600㎡(56.6×28.3m)
단일+저층부,2 저층부,55,55,166.25,50,46,37580,400.0,9309,46889,4129,43.95,0.196,3.967,14.03,55층 492㎡(35.1×14.0m) + 저층부 3층 4000㎡(74.8×53.5m)
단일+저층부,2 저층부,55,55,166.25,50,26,37580,400.0,8667,46247,2500,26.61,0.156,3.964,10.99,55층 302㎡(27.5×11.0m) + 저층부 10층 2400㎡(58.0×41.4m)
타워+저층별동,5 저층별동,55,55,166.25,50,25,37580,400.0,10033,47613,2936,31.25,0.048,3.95,12.29,55층 378㎡(30.7×12.3m) + 저층부 7층 2400㎡(84.9×28.3m)
타워+저층별동,5 저층별동,55,55,166.25,50,42,37580,400.0,11379,48959,2283,24.3,0.206,3.946,11.6,55층 538㎡(46.4×11.6m) + 저층부 5층 1600㎡(56.6×28.3m)
단일,1b 층수·세장비,55,55,166.25,50,41,37580,400.0,11278,48858,750,7.98,0.095,3.941,13.07,55층 683㎡(52.3×13.1m)
타워+저층별동,5 저층별동,50,50,151.5,50,38,37580,400.0,9507,47087,2330,24.8,0.073,4.075,17.2,50층 592㎡(34.4×17.2m) + 저층부 5층 1600㎡(56.6×28.3m)
단일+저층부,2 저층부,50,50,151.5,50,45,37580,400.0,8090,45670,4133,43.99,0.213,4.006,13.98,50층 391㎡(28.0×14.0m) + 저층부 5층 4000㎡(84.9×47.1m)
타워+저층별동,5 저층별동,50,50,151.5,50,38,37580,400.0,9412,46992,3934,41.87,0.05,4.0,14.96,50층 560㎡(37.4×15.0m) + 저층부 3층 3200㎡(80.0×40.0m)
타워+저층별동,5 저층별동,50,50,151.5,50,33,37580,400.0,10910,48490,2414,25.69,0.064,3.973,12.8,50층 656㎡(51.2×12.8m) + 저층부 3층 1600㎡(69.3×23.1m)
타워+저층별동,5 저층별동,50,50,151.5,50,27,37580,400.0,9604,47184,2263,24.09,0.104,3.959,16.24,50층 528㎡(32.5×16.2m) + 저층부 7층 1600㎡(56.6×28.3m)
단일+저층부,2 저층부,45,45,136.75,50,37,37580,400.0,8222,45802,4942,52.6,0.253,3.995,14.86,45층 552㎡(37.1×14.9m) + 저층부 3층 4800㎡(82.0×58.6m)
단일+저층부,2 저층부,45,45,136.75,50,30,37580,400.0,7648,45228,3316,35.29,0.192,3.994,14.13,45층 399㎡(28.3×14.1m) + 저층부 7층 3200㎡(66.9×47.8m)
타워+저층별동,5 저층별동,45,45,136.75,50,36,37580,400.0,9065,46645,2399,25.53,0.236,3.973,18.13,45층 657㎡(36.3×18.1m) + 저층부 5층 1600㎡(56.6×28.3m)
타워+저층별동,5 저층별동,45,45,136.75,50,44,37580,400.0,9485,47065,2327,24.76,0.22,3.944,15.31,45층 586㎡(38.3×15.3m) + 저층부 7층 1600㎡(56.6×28.3m)
단일+저층부,5 미세조정,41,41,124.95,50,43,37580,400.0,7147,44727,4133,43.99,0.194,4.134,9.45,41층 282㎡(29.8×9.4m) + 저층부 7층 4000㎡(84.9×47.1m)
단일+저층부,5 미세조정,41,41,124.95,50,34,37580,400.0,7690,45270,2910,30.97,0.321,4.078,8.89,41층 309㎡(34.7×8.9m) + 저층부 10층 2800㎡(66.9×41.8m)
단일+저층부,5 미세조정,40,40,122.0,50,41,37580,400.0,7132,44712,4133,43.99,0.122,4.138,9.35,40층 290㎡(31.1×9.3m) + 저층부 7층 4000㎡(84.9×47.1m)
타워+저층별동,5 저층별동,40,40,122.0,50,33,37580,400.0,8506,46086,2575,27.4,0.027,3.969,20.24,40층 820㎡(40.5×20.2m) + 저층부 3층 1600㎡(69.3×23.1m)
타워+저층별동,5 저층별동,40,40,122.0,50,33,37580,400.0,8506,46086,2575,27.4,0.027,3.965,20.24,40층 820㎡(40.5×20.2m) + 저층부 3층 1600㎡(69.3×23.1m)
단일+저층부,5 미세조정,39,39,119.05,50,40,37580,400.0,7247,44827,4133,43.99,0.118,4.118,8.75,39층 299㎡(34.2×8.8m) + 저층부 7층 4000㎡(84.9×47.1m)
단일+저층부,5 미세조정,38,38,116.1,50,40,37580,400.0,6991,44571,4133,43.99,0.085,4.139,9.64,38층 309㎡(32.0×9.6m) + 저층부 7층 4000㎡(84.9×47.1m)
단일+저층부,5 미세조정,37,37,113.15,50,40,37580,400.0,7039,44619,4133,43.99,0.073,4.136,9.27,37층 319㎡(34.4×9.3m) + 저층부 7층 4000㎡(84.9×47.1m)
단일+저층부,5 미세조정,37,37,113.15,50,42,37580,400.0,7129,44709,4133,43.99,0.168,4.124,8.92,37층 319㎡(35.8×8.9m) + 저층부 7층 4000㎡(84.9×47.1m)
타워+저층별동,5 저층별동,35,35,107.25,50,33,37580,400.0,7990,45570,2696,28.69,0.03,4.102,21.64,35층 937㎡(43.3×21.6m) + 저층부 3층 1600㎡(69.3×23.1m)
단일+저층부,2 저층부,35,35,107.25,50,29,37580,400.0,6874,44454,3316,35.29,0.283,4.018,16.46,35층 542㎡(32.9×16.5m) + 저층부 7층 3200㎡(66.9×47.8m)
단일+저층부,2 저층부,35,35,107.25,50,37,37580,400.0,7299,44879,4942,52.6,0.308,4.005,17.02,35층 724㎡(42.6×17.0m) + 저층부 3층 4800㎡(82.0×58.6m)
타워+저층별동,5 저층별동,35,35,107.25,50,30,37580,400.0,8101,45681,2938,31.27,0.04,3.972,12.46,35층 388㎡(31.1×12.5m) + 저층부 10층 2400㎡(69.3×34.6m)
타워+저층별동,5 저층별동,35,35,107.25,50,33,37580,400.0,8959,46539,3447,36.69,0.034,3.964,14.9,35층 868㎡(58.3×14.9m) + 저층부 3층 2400㎡(69.3×34.6m)
타워+저층별동,5 저층별동,60,60,181.0,51,35,37580,400.0,11757,49337,2179,23.19,0.05,4.093,10.6,60층 440㎡(41.5×10.6m) + 저층부 7층 1600㎡(56.6×28.3m)
단일,1b 층수·세장비,60,60,181.0,51,37,37580,400.0,10943,48523,685,7.29,0.042,4.037,14.45,60층 626㎡(43.3×14.4m)
단일,5 미세조정,60,60,181.0,51,38,37580,400.0,11802,49382,690,7.34,0.062,4.015,12.51,60층 626㎡(50.1×12.5m)
단일+저층부,2 저층부,60,60,181.0,51,41,37580,400.0,8976,46556,3319,35.33,0.188,3.996,10.7,60층 286㎡(26.8×10.7m) + 저층부 7층 3200㎡(75.9×42.2m)
단일+저층부,2 저층부,60,60,181.0,51,41,37580,400.0,9546,47126,3319,35.33,0.194,3.987,12.53,60층 392㎡(31.3×12.5m) + 저층부 5층 3200㎡(75.9×42.2m)
타워+저층별동,5 저층별동,60,60,181.0,51,36,37580,400.0,10256,47836,2283,24.3,0.122,3.984,16.53,60층 546㎡(33.1×16.5m) + 저층부 3층 1600㎡(56.6×28.3m)
단일+저층부,2 저층부,60,60,181.0,51,38,37580,400.0,9639,47219,3319,35.33,0.138,3.983,15.67,60층 491㎡(31.3×15.7m) + 저층부 3층 3200㎡(75.9×42.2m)
단일,1b 층수·세장비,60,60,181.0,51,35,37580,400.0,10512,48092,683,7.27,0.047,3.98,15.83,60층 626㎡(39.6×15.8m)
타워+저층별동,5 저층별동,60,60,181.0,51,29,37580,400.0,11652,49232,2094,22.28,0.091,3.973,9.59,60층 360㎡(37.5×9.6m) + 저층부 10층 1600㎡(56.6×28.3m)
타워+저층별동,5 저층별동,60,60,181.0,51,35,37580,400.0,10256,47836,2283,24.3,0.122,3.963,16.53,60층 546㎡(33.1×16.5m) + 저층부 3층 1600㎡(56.6×28.3m)
단일,1b 층수·세장비,60,60,181.0,51,45,37580,400.0,10512,48092,683,7.27,0.187,3.958,15.83,60층 626㎡(39.6×15.8m)
단일+저층부,2 저층부,60,60,181.0,51,43,37580,400.0,9639,47219,3319,35.33,0.145,3.958,15.67,60층 491㎡(31.3×15.7m) + 저층부 3층 3200㎡(75.9×42.2m)
단일,1b 층수·세장비,60,60,181.0,51,36,37580,400.0,9735,47315,678,7.22,0.159,3.938,20.43,60층 626㎡(30.7×20.4m)
단일,5 미세조정,59,59,178.05,51,38,37580,400.0,11191,48771,698,7.43,0.061,4.025,13.69,59층 637㎡(46.5×13.7m)
단일,5 미세조정,58,58,175.1,51,41,37580,400.0,11595,49175,713,7.58,0.071,4.027,12.73,58층 648㎡(50.9×12.7m)
단일,5 미세조정,57,57,172.15,51,39,37580,400.0,11325,48905,724,7.7,0.063,4.03,13.17,57층 659㎡(50.1×13.2m)
단일,5 미세조정,57,57,172.15,51,39,37580,400.0,11490,49070,724,7.71,0.063,4.026,12.84,57층 659㎡(51.4×12.8m)
단일+저층부,2 저층부,55,55,166.25,51,39,37580,400.0,9051,46631,4942,52.6,0.087,4.019,13.35,55층 446㎡(33.4×13.4m) + 저층부 3층 4800㎡(82.0×58.6m)
타워+저층별동,5 저층별동,55,55,166.25,51,39,37580,400.0,9647,47227,3017,32.11,0.078,4.018,15.25,55층 465㎡(30.5×15.2m) + 저층부 5층 2400㎡(69.3×34.6m)
단일+저층부,2 저층부,55,55,166.25,51,37,37580,400.0,9204,46784,3316,35.29,0.145,3.978,16.4,55층 538㎡(32.8×16.4m) + 저층부 3층 3200㎡(66.9×47.8m)
단일+저층부,2 저층부,55,55,166.25,51,37,37580,400.0,9234,46814,3319,35.33,0.147,3.977,16.4,55층 538㎡(32.8×16.4m) + 저층부 3층 3200㎡(75.9×42.2m)
단일+저층부,2 저층부,55,55,166.25,51,42,37580,400.0,9538,47118,3316,35.29,0.153,3.954,14.67,55층 538㎡(36.7×14.7m) + 저층부 3층 3200㎡(66.9×47.8m)
타워+저층별동,5 저층별동,55,55,166.25,51,40,37580,400.0,9831,47411,2335,24.85,0.138,3.943,17.26,55층 596㎡(34.5×17.3m) + 저층부 3층 1600㎡(56.6×28.3m)
타워+저층별동,5 저층별동,55,55,166.25,51,25,37580,400.0,9544,47124,2925,31.13,0.024,3.935,13.74,55층 378㎡(27.5×13.7m) + 저층부 7층 2400㎡(69.3×34.6m)
단일,1b 층수·세장비,55,55,166.25,51,36,37580,400.0,11278,48858,750,7.98,0.141,3.901,13.07,55층 683㎡(52.3×13.1m)
단일+저층부,2 저층부,50,50,151.5,51,39,37580,400.0,7594,45174,4946,52.64,0.192,4.03,12.28,50층 302㎡(24.6×12.3m) + 저층부 5층 4800㎡(93.0×51.6m)
타워+저층별동,5 저층별동,50,50,151.5,51,37,37580,400.0,9696,47276,2163,23.02,0.055,4.002,14.69,50층 432㎡(29.4×14.7m) + 저층부 10층 1600㎡(56.6×28.3m)
단일+저층부,2 저층부,50,50,151.5,51,38,37580,400.0,8442,46022,3316,35.29,0.159,3.999,15.48,50층 480㎡(31.0×15.5m) + 저층부 5층 3200㎡(66.9×47.8m)
단일+저층부,2 저층부,50,50,151.5,51,41,37580,400.0,8646,46226,4942,52.6,0.199,3.972,14.05,50층 493㎡(35.1×14.0m) + 저층부 3층 4800㎡(82.0×58.6m)
타워+저층별동,5 저층별동,50,50,151.5,51,32,37580,400.0,10889,48469,2339,24.9,0.034,3.946,12.16,50층 592㎡(48.6×12.2m) + 저층부 5층 1600㎡(56.6×28.3m)
단일+저층부,2 저층부,45,45,136.75,51,44,37580,400.0,7718,45298,3319,35.33,0.278,4.026,14.13,45층 399㎡(28.3×14.1m) + 저층부 7층 3200㎡(75.9×42.2m)
타워+저층별동,5 저층별동,45,45,136.75,51,23,37580,400.0,8804,46384,2846,30.29,0.039,3.996,10.99,45층 302㎡(27.5×11.0m) + 저층부 10층 2400㎡(69.3×34.6m)
타워+저층별동,5 저층별동,45,45,136.75,51,28,37580,400.0,9072,46652,3015,32.09,0.042,3.989,13.59,45층 462㎡(34.0×13.6m) + 저층부 7층 2400㎡(69.3×34.6m)
단일+저층부,5 미세조정,41,41,124.95,51,42,37580,400.0,7329,44909,4133,43.99,0.237,4.122,8.71,41층 282㎡(32.4×8.7m) + 저층부 7층 4000㎡(84.9×47.1m)
단일+저층부,2 저층부,40,40,122.0,51,34,37580,400.0,7651,45231,4140,44.06,0.072,4.114,14.17,40층 502㎡(35.4×14.2m) + 저층부 5층 4000㎡(98.0×40.8m)
단일+저층부,2 저층부,40,40,122.0,51,40,37580,400.0,7332,44912,4133,43.99,0.215,3.999,15.85,40층 502㎡(31.7×15.8m) + 저층부 5층 4000㎡(84.9×47.1m)
단일+저층부,2 저층부,40,40,122.0,51,37,37580,400.0,7811,45391,4946,52.64,0.191,3.996,15.83,40층 626㎡(39.6×15.8m) + 저층부 3층 4800㎡(93.0×51.6m)
단일+저층부,2 저층부,40,40,122.0,51,36,37580,400.0,7800,45380,4140,44.06,0.211,3.991,18.59,40층 691㎡(37.2×18.6m) + 저층부 3층 4000㎡(98.0×40.8m)
타워+저층별동,5 저층별동,40,40,122.0,51,28,37580,400.0,8660,46240,3076,32.74,0.042,3.989,14.42,40층 520㎡(36.0×14.4m) + 저층부 7층 2400㎡(69.3×34.6m)
단일,1b 층수·세장비,40,40,122.0,51,42,37580,400.0,8502,46082,1008,10.73,0.119,3.951,19.39,40층 940㎡(48.5×19.4m)
단일+저층부,5 미세조정,38,38,116.1,51,44,37609,400.3,6939,44548,4138,44.04,0.414,4.104,9.89,38층 309㎡(31.2×9.9m) + 저층부 7층 4000㎡(84.9×47.1m)
단일+저층부,2 저층부,35,35,107.25,51,31,37580,400.0,6943,44523,3319,35.33,0.294,4.017,16.46,35층 542㎡(32.9×16.5m) + 저층부 7층 3200㎡(75.9×42.2m)
타워+저층별동,5 저층별동,35,35,107.25,51,35,37580,400.0,8224,45804,3154,33.57,0.068,4.005,15.41,35층 594㎡(38.5×15.4m) + 저층부 7층 2400㎡(69.3×34.6m)
타워+저층별동,5 저층별동,35,35,107.25,51,27,37580,400.0,8433,46013,2506,26.68,0.082,3.959,19.41,35층 754㎡(38.8×19.4m) + 저층부 7층 1600㎡(69.3×23.1m)
타워+저층별동,5 저층별동,60,60,181.0,52,27,37580,400.0,11915,49495,2186,23.27,0.02,4.047,10.6,60층 440㎡(41.5×10.6m) + 저층부 7층 1600㎡(69.3×23.1m)
단일+저층부,2 저층부,60,60,181.0,52,43,37580,400.0,9156,46736,4946,52.64,0.211,4.014,14.26,60층 407㎡(28.5×14.3m) + 저층부 3층 4800㎡(93.0×51.6m)
타워+저층별동,5 저층별동,60,60,181.0,52,39,37580,400.0,10336,47916,2227,23.7,0.07,4.002,15.7,60층 493㎡(31.4×15.7m) + 저층부 5층 1600㎡(56.6×28.3m)
단일+저층부,2 저층부,60,60,181.0,52,40,37580,400.0,9050,46630,4133,43.99,0.232,3.99,11.31,60층 320㎡(28.3×11.3m) + 저층부 5층 4000㎡(84.9×47.1m)
단일+저층부,2 저층부,60,60,181.0,52,41,37580,400.0,9156,46736,4946,52.64,0.145,3.99,14.26,60층 407㎡(28.5×14.3m) + 저층부 3층 4800㎡(93.0×51.6m)
타워+저층별동,5 저층별동,60,60,181.0,52,39,37580,400.0,10958,48538,2096,22.31,0.088,3.987,11.99,60층 360㎡(30.0×12.0m) + 저층부 10층 1600㎡(69.3×23.1m)
단일+저층부,2 저층부,60,60,181.0,52,46,37580,400.0,9579,47159,2500,26.61,0.197,3.974,15.25,60층 465㎡(30.5×15.2m) + 저층부 5층 2400㎡(58.0×41.4m)
단일,1b 층수·세장비,60,60,181.0,52,39,37580,400.0,10943,48523,685,7.29,0.112,3.97,14.45,60층 626㎡(43.3×14.4m)
단일+저층부,2 저층부,60,60,181.0,52,30,37580,400.0,8658,46238,3316,35.29,0.2,3.953,11.97,60층 286㎡(23.9×12.0m) + 저층부 7층 3200㎡(66.9×47.8m)
타워+저층별동,5 저층별동,60,60,181.0,52,30,37580,400.0,10898,48478,2180,23.21,0.021,3.939,13.26,60층 440㎡(33.2×13.3m) + 저층부 7층 1600㎡(69.3×23.1m)
타워+저층별동,5 저층별동,60,60,181.0,52,20,37580,400.0,11821,49401,2179,23.19,0.059,3.929,10.48,60층 440㎡(41.9×10.5m) + 저층부 7층 1600㎡(56.6×28.3m)
단일,5 미세조정,57,57,172.15,52,42,37580,400.0,11325,48905,724,7.7,0.072,4.03,13.17,57층 659㎡(50.1×13.2m)
타워+저층별동,5 저층별동,55,55,166.25,52,39,37580,400.0,9831,47411,2335,24.85,0.066,4.064,17.26,55층 596㎡(34.5×17.3m) + 저층부 3층 1600㎡(56.6×28.3m)
단일+저층부,2 저층부,55,55,166.25,52,37,37580,400.0,9538,47118,3316,35.29,0.145,3.983,14.67,55층 538㎡(36.7×14.7m) + 저층부 3층 3200㎡(66.9×47.8m)
단일+저층부,2 저층부,55,55,166.25,52,37,37580,400.0,8667,46247,2500,26.61,0.267,3.979,10.99,55층 302㎡(27.5×11.0m) + 저층부 10층 2400㎡(58.0×41.4m)
타워+저층별동,5 저층별동,55,55,166.25,52,37,37580,400.0,11379,48959,2283,24.3,0.136,3.969,11.6,55층 538㎡(46.4×11.6m) + 저층부 5층 1600㎡(56.6×28.3m)
단일,1b 층수·세장비,55,55,166.25,52,35,37580,400.0,11278,48858,750,7.98,0.05,3.952,13.07,55층 683㎡(52.3×13.1m)
타워+저층별동,5 저층별동,50,50,151.5,52,36,37580,400.0,9182,46762,2965,31.56,0.056,3.982,14.42,50층 416㎡(28.8×14.4m) + 저층부 7층 2400㎡(69.3×34.6m)
단일+저층부,2 저층부,50,50,151.5,52,41,37580,400.0,8584,46164,3325,35.39,0.144,3.978,15.48,50층 480㎡(31.0×15.5m) + 저층부 5층 3200㎡(87.6×36.5m)
타워+저층별동,5 저층별동,50,50,151.5,52,34,37580,400.0,10842,48422,2406,25.61,0.097,3.945,12.8,50층 656㎡(51.2×12.8m) + 저층부 3층 1600㎡(56.6×28.3m)
타워+저층별동,5 저층별동,50,50,151.5,52,32,37580,400.0,9696,47276,2163,23.02,0.022,3.938,14.69,50층 432㎡(29.4×14.7m) + 저층부 10층 1600㎡(56.6×28.3m)
타워+저층별동,5 저층별동,50,50,151.5,52,28,37580,400.0,9790,47370,2349,25.0,0.035,3.913,17.2,50층 592㎡(34.4×17.2m) + 저층부 5층 1600㎡(84.9×18.9m)
단일+저층부,2 저층부,45,45,136.75,52,32,37580,400.0,7666,45246,4129,43.95,0.1,4.104,14.82,45층 440㎡(29.6×14.8m) + 저층부 5층 4000㎡(74.8×53.5m)
타워+저층별동,5 저층별동,45,45,136.75,52,40,37580,400.0,10317,47897,2408,25.63,0.053,4.097,12.97,45층 657㎡(50.7×13.0m) + 저층부 5층 1600㎡(56.6×28.3m)
타워+저층별동,5 저층별동,45,45,136.75,52,25,37580,400.0,10468,48048,2244,23.89,0.047,4.052,13.85,45층 480㎡(34.6×13.8m) + 저층부 10층 1600㎡(98.0×16.3m)
단일+저층부,2 저층부,45,45,136.75,52,40,37580,400.0,8296,45876,3316,35.29,0.222,3.97,14.69,45층 540㎡(36.7×14.7m) + 저층부 5층 3200㎡(66.9×47.8m)
단일,1a 방위·위치,45,45,136.75,52,42,37580,400.0,9041,46621,900,9.58,0.134,3.953,18.28,45층 835㎡(45.7×18.3m)
단일+저층부,5 미세조정,43,43,130.85,52,35,37580,400.0,7649,45229,2910,30.97,0.258,4.101,9.35,43층 290㎡(31.0×9.4m) + 저층부 10층 2800㎡(66.9×41.8m)
단일+저층부,5 미세조정,43,43,130.85,52,35,37661,400.9,7837,45498,2919,31.07,0.273,4.092,8.62,43층 290㎡(33.7×8.6m) + 저층부 10층 2800㎡(66.9×41.8m)
단일+저층부,5 미세조정,43,43,130.85,52,35,37614,400.4,7837,45451,2914,31.02,0.362,4.073,8.62,43층 290㎡(33.7×8.6m) + 저층부 10층 2800㎡(66.9×41.8m)
단일+저층부,5 미세조정,42,42,127.9,52,35,37586,400.1,7579,45166,2911,30.98,0.389,4.079,9.5,42층 299㎡(31.5×9.5m) + 저층부 10층 2800㎡(66.9×41.8m)
단일+저층부,5 미세조정,41,41,124.95,52,44,37580,400.0,7201,44781,4133,43.99,0.414,4.107,9.21,41층 282㎡(30.6×9.2m) + 저층부 7층 4000㎡(84.9×47.1m)
단일+저층부,5 미세조정,41,41,124.95,52,35,37584,400.0,7508,45092,2910,30.98,0.291,4.088,9.65,41층 309㎡(32.0×9.6m) + 저층부 10층 2800㎡(66.9×41.8m)
단일+저층부,2 저층부,40,40,122.0,52,25,37580,400.0,7271,44851,4129,43.95,0.063,4.171,8.52,40층 290㎡(34.1×8.5m) + 저층부 7층 4000㎡(74.8×53.5m)
단일+저층부,5 미세조정,40,40,122.0,52,35,37639,400.6,7556,45195,2917,31.04,0.377,4.075,9.28,40층 319㎡(34.4×9.3m) + 저층부 10층 2800㎡(66.9×41.8m)
단일+저층부,5 미세조정,39,39,119.05,52,44,37581,400.0,7279,44860,4133,43.99,0.302,4.115,8.64,39층 299㎡(34.7×8.6m) + 저층부 7층 4000㎡(84.9×47.1m)
단일+저층부,5 미세조정,37,37,113.15,52,40,37580,400.0,7001,44581,4133,43.99,0.188,4.118,9.43,37층 319㎡(33.9×9.4m) + 저층부 7층 4000㎡(84.9×47.1m)
타워+저층별동,5 저층별동,35,35,107.25,52,33,37580,400.0,8219,45799,2691,28.64,0.03,3.965,19.36,35층 937㎡(48.4×19.4m) + 저층부 3층 1600㎡(56.6×28.3m)
단일+저층부,2 저층부,60,60,181.0,53,43,37580,400.0,10462,48042,4946,52.64,0.189,3.998,10.08,60층 407㎡(40.3×10.1m) + 저층부 3층 4800㎡(93.0×51.6m)
단일+저층부,2 저층부,60,60,181.0,53,33,37580,400.0,9907,47487,2500,26.61,0.208,3.994,13.64,60층 465㎡(34.1×13.6m) + 저층부 5층 2400㎡(58.0×41.4m)
단일+저층부,2 저층부,60,60,181.0,53,40,37580,400.0,9895,47475,4133,43.99,0.085,3.982,8.94,60층 320㎡(35.8×8.9m) + 저층부 5층 4000㎡(84.9×47.1m)
단일+저층부,2 저층부,60,60,181.0,53,25,37580,400.0,9631,47211,3316,35.29,0.077,3.972,8.56,60층 286㎡(33.5×8.6m) + 저층부 7층 3200㎡(66.9×47.8m)
단일,1b 층수·세장비,60,60,181.0,53,39,37580,400.0,10096,47676,680,7.24,0.118,3.968,17.7,60층 626㎡(35.4×17.7m)
단일,1b 층수·세장비,60,60,181.0,53,39,37580,400.0,9735,47315,678,7.22,0.158,3.933,20.43,60층 626㎡(30.7×20.4m)
단일,5 미세조정,58,58,175.1,53,39,37580,400.0,11428,49008,712,7.57,0.071,4.012,13.06,58층 648㎡(49.6×13.1m)
단일,5 미세조정,57,57,172.15,53,38,37580,400.0,11490,49070,724,7.71,0.055,4.013,12.84,57층 659㎡(51.4×12.8m)
단일,5 미세조정,57,57,172.15,53,39,37580,400.0,11490,49070,724,7.71,0.073,4.007,12.84,57층 659㎡(51.4×12.8m)
타워+저층별동,5 저층별동,55,55,166.25,53,42,37580,400.0,9684,47264,3108,33.08,0.099,4.079,16.62,55층 552㎡(33.2×16.6m) + 저층부 3층 2400㎡(69.3×34.6m)
단일,1b 층수·세장비,55,55,166.25,53,34,37580,400.0,9299,46879,738,7.85,0.058,4.057,21.34,55층 683㎡(32.0×21.3m)
단일,1b 층수·세장비,55,55,166.25,53,34,37580,400.0,10042,47622,742,7.9,0.05,4.038,16.53,55층 683㎡(41.3×16.5m)
단일+저층부,2 저층부,55,55,166.25,53,36,37580,400.0,8441,46021,4133,43.99,0.094,4.003,13.26,55층 352㎡(26.5×13.3m) + 저층부 5층 4000㎡(84.9×47.1m)
단일+저층부,2 저층부,55,55,166.25,53,33,37580,400.0,9307,46887,3316,35.29,0.117,3.97,8.89,55층 316㎡(35.6×8.9m) + 저층부 7층 3200㎡(66.9×47.8m)
타워+저층별동,5 저층별동,50,50,151.5,53,36,37580,400.0,9604,47184,2263,24.09,0.077,4.07,16.24,50층 528㎡(32.5×16.2m) + 저층부 7층 1600㎡(56.6×28.3m)
단일+저층부,2 저층부,50,50,151.5,53,35,37580,400.0,7749,45329,4942,52.6,0.24,4.032,10.99,50층 302㎡(27.5×11.0m) + 저층부 5층 4800㎡(82.0×58.6m)
단일+저층부,2 저층부,50,50,151.5,53,38,37580,400.0,7533,45113,4942,52.6,0.261,4.024,12.28,50층 302㎡(24.6×12.3m) + 저층부 5층 4800㎡(82.0×58.6m)
단일+저층부,2 저층부,50,50,151.5,53,29,37580,400.0,8421,46001,4942,52.6,0.161,4.004,8.69,50층 302㎡(34.7×8.7m) + 저층부 5층 4800㎡(82.0×58.6m)
단일+저층부,2 저층부,50,50,151.5,53,35,37580,400.0,8001,45581,3316,35.29,0.261,3.998,13.29,50층 353㎡(26.6×13.3m) + 저층부 7층 3200㎡(66.9×47.8m)
단일+저층부,2 저층부,50,50,151.5,53,33,37580,400.0,8421,46001,4942,52.6,0.13,3.997,8.69,50층 302㎡(34.7×8.7m) + 저층부 5층 4800㎡(82.0×58.6m)
타워+저층별동,5 저층별동,50,50,151.5,53,39,37580,400.0,10908,48488,2272,24.18,0.116,3.976,11.48,50층 528㎡(45.9×11.5m) + 저층부 7층 1600㎡(56.6×28.3m)
단일+저층부,2 저층부,50,50,151.5,53,39,37580,400.0,8336,45916,4133,43.99,0.184,3.971,12.5,50층 391㎡(31.3×12.5m) + 저층부 5층 4000㎡(84.9×47.1m)
타워+저층별동,5 저층별동,50,50,151.5,53,37,37580,400.0,10778,48358,2406,25.61,0.123,3.958,12.95,50층 656㎡(50.6×12.9m) + 저층부 3층 1600㎡(56.6×28.3m)
단일,1b 층수·세장비,50,50,151.5,53,35,37580,400.0,9947,47527,816,8.68,0.058,3.954,15.83,50층 752㎡(47.5×15.8m)
단일,1b 층수·세장비,50,50,151.5,53,39,37580,400.0,9174,46754,811,8.63,0.109,3.952,19.39,50층 752㎡(38.8×19.4m)
타워+저층별동,5 저층별동,50,50,151.5,53,42,37580,400.0,9507,47087,2330,24.8,0.194,3.951,17.2,50층 592㎡(34.4×17.2m) + 저층부 5층 1600㎡(56.6×28.3m)
타워+저층별동,5 저층별동,50,50,151.5,53,30,37580,400.0,9696,47276,2163,23.02,0.022,3.912,14.69,50층 432㎡(29.4×14.7m) + 저층부 10층 1600㎡(56.6×28.3m)
단일+저층부,5 미세조정,44,44,133.8,53,35,37580,400.0,7846,45426,2910,30.97,0.247,4.097,8.71,44층 282㎡(32.3×8.7m) + 저층부 10층 2800㎡(66.9×41.8m)
단일+저층부,5 미세조정,44,44,133.8,53,35,37580,400.0,7718,45298,2910,30.97,0.253,4.097,9.21,44층 282㎡(30.6×9.2m) + 저층부 10층 2800㎡(66.9×41.8m)
단일+저층부,5 미세조정,43,43,130.85,53,35,37580,400.0,7775,45355,2910,30.97,0.244,4.094,8.85,43층 290㎡(32.8×8.8m) + 저층부 10층 2800㎡(66.9×41.8m)
타워+저층별동,5 저층별동,40,40,122.0,53,25,37580,400.0,9443,47023,3082,32.81,0.044,4.045,11.4,40층 520㎡(45.6×11.4m) + 저층부 7층 2400㎡(69.3×34.6m)
단일+저층부,2 저층부,40,40,122.0,53,40,37580,400.0,7276,44856,4129,43.95,0.296,3.996,15.85,40층 502㎡(31.7×15.8m) + 저층부 5층 4000㎡(74.8×53.5m)
타워+저층별동,5 저층별동,40,40,122.0,53,34,37580,400.0,9165,46745,2278,24.24,0.064,3.988,14.69,40층 540㎡(36.7×14.7m) + 저층부 10층 1600㎡(56.6×28.3m)
쌍둥이+저층부,4 쌍둥이+저층부,40+40,40,122.0,53,37,37580,400.0,11433,49013,4135,44.01,0.118,3.97,10.73,40층 346㎡(32.2×10.7m) + 40층 346㎡(32.2×10.7m) + 저층부 3층 4000㎡(89.4×44.7m)
단일+저층부,5 미세조정,38,38,116.1,53,40,37580,400.0,6991,44571,4133,43.99,0.209,4.124,9.64,38층 309㎡(32.0×9.6m) + 저층부 7층 4000㎡(84.9×47.1m)
단일+저층부,5 미세조정,38,38,116.1,53,40,37580,400.0,7173,44753,4133,43.99,0.172,4.113,8.89,38층 309㎡(34.8×8.9m) + 저층부 7층 4000㎡(84.9×47.1m)
단일+저층부,5 미세조정,35,35,107.25,53,42,37580,400.0,6851,44431,4133,43.99,0.165,4.131,9.76,35층 342㎡(35.0×9.8m) + 저층부 7층 4000㎡(84.9×47.1m)
타워+저층별동,5 저층별동,35,35,107.25,53,33,37580,400.0,7990,45570,2696,28.69,0.069,3.975,21.64,35층 937㎡(43.3×21.6m) + 저층부 3층 1600㎡(69.3×23.1m)
타워+저층별동,5 저층별동,60,60,181.0,54,22,37580,400.0,11616,49196,2118,22.54,0.042,4.043,11.99,60층 360㎡(30.0×12.0m) + 저층부 10층 1600㎡(98.0×16.3m)
타워+저층별동,5 저층별동,60,60,181.0,54,34,37580,400.0,10549,48129,2179,23.19,0.07,4.038,14.83,60층 440㎡(29.7×14.8m) + 저층부 7층 1600㎡(69.3×23.1m)
단일,5 미세조정,60,60,181.0,54,41,37580,400.0,11290,48870,687,7.31,0.077,4.022,13.57,60층 626㎡(46.1×13.6m)
단일+저층부,2 저층부,60,60,181.0,54,45,37580,400.0,9907,47487,2500,26.61,0.208,3.968,13.64,60층 465㎡(34.1×13.6m) + 저층부 5층 2400㎡(58.0×41.4m)
단일,5 미세조정,58,58,175.1,54,40,37580,400.0,11091,48671,710,7.55,0.068,4.014,13.8,58층 648㎡(46.9×13.8m)
단일,5 미세조정,57,57,172.15,54,39,37580,400.0,11325,48905,724,7.7,0.072,4.012,13.17,57층 659㎡(50.1×13.2m)
단일,5 미세조정,57,57,172.15,54,39,37580,400.0,11751,49331,726,7.73,0.073,4.002,12.35,57층 659㎡(53.4×12.4m)
단일,5 미세조정,57,57,172.15,54,39,37580,400.0,11490,49070,724,7.71,0.071,4.0,12.84,57층 659㎡(51.4×12.8m)
단일+저층부,2 저층부,55,55,166.25,54,30,37580,400.0,8386,45966,4129,43.95,0.054,4.096,13.26,55층 352㎡(26.5×13.3m) + 저층부 5층 4000㎡(74.8×53.5m)
타워+저층별동,5 저층별동,55,55,166.25,54,40,37580,400.0,10372,47952,2303,24.52,0.1,4.074,16.4,55층 538㎡(32.8×16.4m) + 저층부 5층 1600㎡(98.0×16.3m)
타워+저층별동,5 저층별동,55,55,166.25,54,24,37580,400.0,10947,48527,2151,22.89,0.041,4.042,14.01,55층 392㎡(28.0×14.0m) + 저층부 10층 1600㎡(98.0×16.3m)
단일+저층부,2 저층부,55,55,166.25,54,36,37580,400.0,8667,46247,2500,26.61,0.292,4.014,10.99,55층 302㎡(27.5×11.0m) + 저층부 10층 2400㎡(58.0×41.4m)
단일+저층부,2 저층부,55,55,166.25,54,36,37580,400.0,9333,46913,3319,35.33,0.263,4.007,8.99,55층 316㎡(35.2×9.0m) + 저층부 7층 3200㎡(75.9×42.2m)
타워+저층별동,5 저층별동,55,55,166.25,54,38,37580,400.0,9831,47411,2335,24.85,0.04,3.975,17.26,55층 596㎡(34.5×17.3m) + 저층부 3층 1600㎡(56.6×28.3m)
타워+저층별동,5 저층별동,55,55,166.25,54,36,37580,400.0,9898,47478,2342,24.93,0.13,3.971,17.26,55층 596㎡(34.5×17.3m) + 저층부 3층 1600㎡(69.3×23.1m)
타워+저층별동,5 저층별동,55,55,166.25,54,35,37580,400.0,9831,47411,2335,24.85,0.13,3.955,17.26,55층 596㎡(34.5×17.3m) + 저층부 3층 1600㎡(56.6×28.3m)
타워+저층별동,5 저층별동,55,55,166.25,54,31,37580,400.0,11532,49112,2229,23.72,0.14,3.945,10.95,55층 480㎡(43.8×11.0m) + 저층부 7층 1600㎡(69.3×23.1m)
타워+저층별동,5 저층별동,55,55,166.25,54,43,37580,400.0,10202,47782,2337,24.87,0.15,3.933,15.44,55층 596㎡(38.6×15.4m) + 저층부 3층 1600㎡(56.6×28.3m)
타워+저층별동,5 저층별동,55,55,166.25,54,42,37580,400.0,10283,47863,2276,24.23,0.153,3.931,14.67,55층 538㎡(36.7×14.7m) + 저층부 5층 1600㎡(56.6×28.3m)
단일,1b 층수·세장비,55,55,166.25,54,37,37580,400.0,10042,47622,742,7.9,0.135,3.923,16.53,55층 683㎡(41.3×16.5m)
타워+저층별동,5 저층별동,50,50,151.5,54,39,37580,400.0,10889,48469,2339,24.9,0.04,4.068,12.16,50층 592㎡(48.6×12.2m) + 저층부 5층 1600㎡(56.6×28.3m)
타워+저층별동,5 저층별동,50,50,151.5,54,32,37580,400.0,10478,48058,3074,32.72,0.052,4.063,11.44,50층 512㎡(44.7×11.4m) + 저층부 5층 2400㎡(69.3×34.6m)
단일+저층부,2 저층부,50,50,151.5,54,39,37580,400.0,8421,46001,4942,52.6,0.169,4.01,8.69,50층 302㎡(34.7×8.7m) + 저층부 5층 4800㎡(82.0×58.6m)
단일+저층부,2 저층부,50,50,151.5,54,40,37580,400.0,8677,46257,4140,44.06,0.23,3.975,16.5,50층 544㎡(33.0×16.5m) + 저층부 3층 4000㎡(98.0×40.8m)
타워+저층별동,5 저층별동,50,50,151.5,54,42,37580,400.0,9696,47276,2163,23.02,0.129,3.974,14.69,50층 432㎡(29.4×14.7m) + 저층부 10층 1600㎡(56.6×28.3m)
타워+저층별동,5 저층별동,50,50,151.5,54,36,37580,400.0,9256,46836,3166,33.7,0.141,3.971,17.43,50층 608㎡(34.9×17.4m) + 저층부 3층 2400㎡(69.3×34.6m)
타워+저층별동,5 저층별동,50,50,151.5,54,42,37580,400.0,9604,47184,2263,24.09,0.165,3.953,16.24,50층 528㎡(32.5×16.2m) + 저층부 7층 1600㎡(56.6×28.3m)
타워+저층별동,5 저층별동,50,50,151.5,54,41,37580,400.0,9742,47322,2399,25.54,0.194,3.924,16.19,50층 656㎡(40.5×16.2m) + 저층부 3층 1600㎡(56.6×28.3m)
타워+저층별동,5 저층별동,45,45,136.75,54,18,37580,400.0,9436,47016,2851,30.34,0.038,3.999,8.79,45층 302㎡(34.4×8.8m) + 저층부 10층 2400㎡(69.3×34.6m)
타워+저층별동,5 저층별동,45,45,136.75,54,36,37580,400.0,9065,46645,2399,25.53,0.153,3.976,18.13,45층 657㎡(36.3×18.1m) + 저층부 5층 1600㎡(56.6×28.3m)
타워+저층별동,5 저층별동,45,45,136.75,54,35,37580,400.0,9065,46645,2399,25.53,0.117,3.956,18.13,45층 657㎡(36.3×18.1m) + 저층부 5층 1600㎡(56.6×28.3m)
타워+저층별동,5 저층별동,45,45,136.75,54,29,37580,400.0,10056,47636,3134,33.36,0.077,3.941,11.92,45층 568㎡(47.7×11.9m) + 저층부 5층 2400㎡(69.3×34.6m)
타워+저층별동,5 저층별동,45,45,136.75,54,31,37580,400.0,10579,48159,2341,24.92,0.038,3.914,12.11,45층 586㎡(48.4×12.1m) + 저층부 7층 1600㎡(69.3×23.1m)
단일,1b 층수·세장비,45,45,136.75,54,36,37580,400.0,10158,47738,908,9.67,0.086,3.901,14.45,45층 835㎡(57.8×14.4m)
타워+저층별동,5 저층별동,40,40,122.0,54,42,37580,400.0,9391,46971,2285,24.32,0.157,3.958,14.69,40층 540㎡(36.7×14.7m) + 저층부 10층 1600㎡(69.3×23.1m)
타워+저층별동,5 저층별동,35,35,107.25,54,32,37580,400.0,8722,46302,2358,25.1,0.066,3.988,15.7,35층 617㎡(39.3×15.7m) + 저층부 10층 1600㎡(56.6×28.3m)
타워+저층별동,5 저층별동,60,60,181.0,55,41,37580,400.0,11628,49208,3069,32.66,0.039,4.073,11.25,60층 506㎡(45.0×11.3m) + 저층부 3층 2400㎡(69.3×34.6m)
타워+저층별동,5 저층별동,60,60,181.0,55,34,37580,400.0,11821,49401,2179,23.19,0.063,4.022,10.48,60층 440㎡(41.9×10.5m) + 저층부 7층 1600㎡(56.6×28.3m)
타워+저층별동,5 저층별동,60,60,181.0,55,23,37580,400.0,11652,49232,2094,22.28,0.061,3.978,9.59,60층 360㎡(37.5×9.6m) + 저층부 10층 1600㎡(56.6×28.3m)
단일,1b 층수·세장비,60,60,181.0,55,37,37580,400.0,9735,47315,678,7.22,0.041,3.957,20.43,60층 626㎡(30.7×20.4m)
타워+저층별동,5 저층별동,60,60,181.0,55,31,37580,400.0,9941,47521,3724,39.63,0.025,3.954,11.99,60층 360㎡(30.0×12.0m) + 저층부 5층 3200㎡(80.0×40.0m)
단일,1b 층수·세장비,60,60,181.0,55,39,37580,400.0,9735,47315,678,7.22,0.105,3.946,20.43,60층 626㎡(30.7×20.4m)
단일,5 미세조정,57,57,172.15,55,40,37580,400.0,11490,49070,724,7.71,0.082,4.006,12.84,57층 659㎡(51.4×12.8m)
단일+저층부,2 저층부,55,55,166.25,55,46,37580,400.0,8441,46021,4133,43.99,0.266,4.055,13.26,55층 352㎡(26.5×13.3m) + 저층부 5층 4000㎡(84.9×47.1m)
타워+저층별동,5 저층별동,55,55,166.25,55,33,37580,400.0,10365,47945,2123,22.6,0.055,3.979,12.53,55층 392㎡(31.3×12.5m) + 저층부 10층 1600㎡(56.6×28.3m)
단일,1b 층수·세장비,55,55,166.25,55,37,37580,400.0,10042,47622,742,7.9,0.123,3.953,16.53,55층 683㎡(41.3×16.5m)
타워+저층별동,5 저층별동,55,55,166.25,55,43,37580,400.0,9831,47411,2335,24.85,0.146,3.943,17.26,55층 596㎡(34.5×17.3m) + 저층부 3층 1600㎡(56.6×28.3m)
단일,1b 층수·세장비,50,50,151.5,55,39,37580,400.0,9553,47133,813,8.66,0.06,4.077,17.34,50층 752㎡(43.3×17.3m)
단일,1b 층수·세장비,50,50,151.5,55,40,37580,400.0,9947,47527,816,8.68,0.059,4.076,15.83,50층 752㎡(47.5×15.8m)
단일+저층부,2 저층부,50,50,151.5,55,40,37580,400.0,8646,46226,4942,52.6,0.087,3.996,14.05,50층 493㎡(35.1×14.0m) + 저층부 3층 4800㎡(82.0×58.6m)
단일+저층부,2 저층부,50,50,151.5,55,38,37580,400.0,8357,45937,4942,52.6,0.247,3.992,15.7,50층 493㎡(31.4×15.7m) + 저층부 3층 4800㎡(82.0×58.6m)
타워+저층별동,5 저층별동,50,50,151.5,55,35,37580,400.0,9742,47322,2399,25.54,0.11,3.96,16.19,50층 656㎡(40.5×16.2m) + 저층부 3층 1600㎡(56.6×28.3m)
단일,1b 층수·세장비,50,50,151.5,55,37,37580,400.0,9947,47527,816,8.68,0.179,3.888,15.83,50층 752㎡(47.5×15.8m)
단일,1b 층수·세장비,45,45,136.75,55,36,37580,400.0,9415,46995,903,9.61,0.041,4.101,16.68,45층 835㎡(50.1×16.7m)
타워+저층별동,5 저층별동,45,45,136.75,55,37,37580,400.0,9132,46712,3239,34.47,0.054,4.075,16.43,45층 675㎡(41.1×16.4m) + 저층부 3층 2400㎡(69.3×34.6m)
단일+저층부,2 저층부,45,45,136.75,55,40,37580,400.0,8039,45619,3316,35.29,0.265,3.995,16.42,45층 540㎡(32.8×16.4m) + 저층부 5층 3200㎡(66.9×47.8m)
타워+저층별동,5 저층별동,45,45,136.75,55,37,37580,400.0,8653,46233,3997,42.54,0.047,3.995,17.63,45층 622㎡(35.3×17.6m) + 저층부 3층 3200㎡(80.0×40.0m)
단일+저층부,2 저층부,45,45,136.75,55,34,37580,400.0,8213,45793,4953,52.72,0.234,3.969,9.21,45층 340㎡(36.9×9.2m) + 저층부 5층 4800㎡(107.3×44.7m)
타워+저층별동,5 저층별동,45,45,136.75,55,34,37580,400.0,9384,46964,2401,25.56,0.049,3.965,16.22,45층 657㎡(40.5×16.2m) + 저층부 5층 1600㎡(56.6×28.3m)
단일+저층부,2 저층부,40,40,122.0,55,32,37580,400.0,6788,44368,4129,43.95,0.301,4.071,10.78,40층 290㎡(26.9×10.8m) + 저층부 7층 4000㎡(74.8×53.5m)
단일,1b 층수·세장비,40,40,122.0,55,36,37580,400.0,8163,45743,1006,10.7,0.168,3.937,21.67,40층 940㎡(43.3×21.7m)
단일+저층부,5 미세조정,37,37,113.15,55,40,37580,400.0,7192,44772,4133,43.99,0.111,4.128,8.7,37층 319㎡(36.7×8.7m) + 저층부 7층 4000㎡(84.9×47.1m)
단일+저층부,5 미세조정,36,36,110.2,55,41,37580,400.0,7213,44793,4133,43.99,0.106,4.127,8.51,36층 330㎡(38.8×8.5m) + 저층부 7층 4000㎡(84.9×47.1m)
단일+저층부,5 미세조정,35,35,107.25,55,41,37580,400.0,7036,44616,4133,43.99,0.113,4.127,9.0,35층 342㎡(38.0×9.0m) + 저층부 7층 4000㎡(84.9×47.1m)
단일,1b 층수·세장비,35,35,107.25,55,34,37580,400.0,7338,44918,1142,12.15,0.04,4.109,26.75,35층 1074㎡(40.1×26.8m)
단일,1b 층수·세장비,35,35,107.25,55,36,37580,400.0,7338,44918,1142,12.15,0.105,3.938,26.75,35층 1074㎡(40.1×26.8m)
타워+저층별동,5 저층별동,60,60,181.0,56,33,37580,400.0,10818,48398,2237,23.81,0.042,4.017,14.04,60층 493㎡(35.1×14.0m) + 저층부 5층 1600㎡(69.3×23.1m)
타워+저층별동,5 저층별동,55,55,166.25,56,39,37580,400.0,10735,48315,2234,23.78,0.088,3.986,13.85,55층 480㎡(34.6×13.9m) + 저층부 7층 1600㎡(84.9×18.9m)
단일+저층부,2 저층부,55,55,166.25,56,29,37580,400.0,8337,45917,3316,35.29,0.206,3.952,12.57,55층 316㎡(25.1×12.6m) + 저층부 7층 3200㎡(66.9×47.8m)
단일,1b 층수·세장비,55,55,166.25,56,47,37580,400.0,10042,47622,742,7.9,0.141,3.94,16.53,55층 683㎡(41.3×16.5m)
단일,1b 층수·세장비,55,55,166.25,56,39,37580,400.0,9299,46879,738,7.85,0.169,3.923,21.34,55층 683㎡(32.0×21.3m)
단일+저층부,2 저층부,50,50,151.5,56,36,37580,400.0,8121,45701,2500,26.61,0.315,4.013,13.03,50층 340㎡(26.1×13.0m) + 저층부 10층 2400㎡(58.0×41.4m)
단일+저층부,2 저층부,50,50,151.5,56,42,37580,400.0,8492,46072,3319,35.33,0.255,3.991,15.48,50층 480㎡(31.0×15.5m) + 저층부 5층 3200㎡(75.9×42.2m)
단일,1b 층수·세장비,50,50,151.5,56,43,37580,400.0,9553,47133,813,8.66,0.143,3.955,17.34,50층 752㎡(43.3×17.3m)
단일,1b 층수·세장비,50,50,151.5,56,36,37580,400.0,9174,46754,811,8.63,0.153,3.941,19.39,50층 752㎡(38.8×19.4m)
타워+저층별동,5 저층별동,50,50,151.5,56,21,37580,400.0,9182,46762,2965,31.56,0.047,3.916,14.42,50층 416㎡(28.8×14.4m) + 저층부 7층 2400㎡(69.3×34.6m)
단일,1b 층수·세장비,50,50,151.5,56,36,37580,400.0,9947,47527,816,8.68,0.178,3.913,15.83,50층 752㎡(47.5×15.8m)
단일,1b 층수·세장비,50,50,151.5,56,37,37580,400.0,9553,47133,813,8.66,0.145,3.912,17.34,50층 752㎡(43.3×17.3m)
단일,1b 층수·세장비,45,45,136.75,56,34,37580,400.0,8368,45948,895,9.53,0.047,4.089,23.6,45층 835㎡(35.4×23.6m)
단일+저층부,2 저층부,45,45,136.75,56,42,37580,400.0,8064,45644,4946,52.64,0.204,4.082,9.32,45층 340㎡(36.4×9.3m) + 저층부 5층 4800㎡(93.0×51.6m)
단일+저층부,2 저층부,45,45,136.75,56,43,37580,400.0,8222,45802,4942,52.6,0.134,4.074,14.86,45층 552㎡(37.1×14.9m) + 저층부 3층 4800㎡(82.0×58.6m)
단일+저층부,2 저층부,45,45,136.75,56,39,37580,400.0,7666,45246,4129,43.95,0.31,4.008,14.82,45층 440㎡(29.6×14.8m) + 저층부 5층 4000㎡(74.8×53.5m)
타워+저층별동,5 저층별동,45,45,136.75,56,33,37580,400.0,9261,46841,2475,26.34,0.045,3.961,17.07,45층 728㎡(42.7×17.1m) + 저층부 3층 1600㎡(56.6×28.3m)
단일,1b 층수·세장비,45,45,136.75,56,35,37580,400.0,9041,46621,900,9.58,0.068,3.948,18.28,45층 835㎡(45.7×18.3m)
단일,1a 방위·위치,45,45,136.75,56,37,37580,400.0,9041,46621,900,9.58,0.218,3.903,18.28,45층 835㎡(45.7×18.3m)
단일+저층부,5 미세조정,43,43,130.85,56,35,37583,400.0,7649,45233,2910,30.98,0.381,4.068,9.35,43층 290㎡(31.0×9.4m) + 저층부 10층 2800㎡(66.9×41.8m)
단일+저층부,5 미세조정,43,43,130.85,56,35,37626,400.5,7837,45463,2915,31.03,0.38,4.064,8.62,43층 290㎡(33.7×8.6m) + 저층부 10층 2800㎡(66.9×41.8m)
단일+저층부,5 미세조정,41,41,124.95,56,40,37580,400.0,7329,44909,4133,43.99,0.181,4.123,8.71,41층 282㎡(32.4×8.7m) + 저층부 7층 4000㎡(84.9×47.1m)
단일+저층부,5 미세조정,41,41,124.95,56,41,37580,400.0,7329,44909,4133,43.99,0.237,4.116,8.71,41층 282㎡(32.4×8.7m) + 저층부 7층 4000㎡(84.9×47.1m)
단일+저층부,2 저층부,40,40,122.0,56,31,37580,400.0,7320,44900,4133,43.99,0.05,4.181,8.62,40층 290㎡(33.7×8.6m) + 저층부 7층 4000㎡(84.9×47.1m)
단일+저층부,2 저층부,40,40,122.0,56,27,37580,400.0,7332,44912,4133,43.99,0.084,4.082,15.85,40층 502㎡(31.7×15.8m) + 저층부 5층 4000㎡(84.9×47.1m)
단일+저층부,2 저층부,40,40,122.0,56,38,37580,400.0,7700,45280,4946,52.64,0.18,4.0,9.85,40층 388㎡(39.4×9.8m) + 저층부 5층 4800㎡(93.0×51.6m)
단일+저층부,5 미세조정,39,39,119.05,56,41,37580,400.0,7062,44642,4133,43.99,0.136,4.136,9.49,39층 299㎡(31.5×9.5m) + 저층부 7층 4000㎡(84.9×47.1m)
단일+저층부,5 미세조정,38,38,116.1,56,40,37580,400.0,7173,44753,4133,43.99,0.13,4.129,8.89,38층 309㎡(34.8×8.9m) + 저층부 7층 4000㎡(84.9×47.1m)
단일+저층부,5 미세조정,35,35,107.25,56,41,37580,400.0,6851,44431,4133,43.99,0.238,4.119,9.76,35층 342㎡(35.0×9.8m) + 저층부 7층 4000㎡(84.9×47.1m)
타워+저층별동,5 저층별동,35,35,107.25,56,35,37580,400.0,8221,45801,2601,27.69,0.083,4.07,20.56,35층 845㎡(41.1×20.6m) + 저층부 5층 1600㎡(69.3×23.1m)
단일+저층부,2 저층부,35,35,107.25,56,30,37580,400.0,7004,44584,2500,26.61,0.326,3.998,16.48,35층 543㎡(33.0×16.5m) + 저층부 10층 2400㎡(58.0×41.4m)
단일+저층부,2 저층부,35,35,107.25,56,36,37580,400.0,7157,44737,3316,35.29,0.322,3.99,18.96,35층 719㎡(37.9×19.0m) + 저층부 5층 3200㎡(66.9×47.8m)
타워+저층별동,5 저층별동,35,35,107.25,56,32,37580,400.0,8541,46121,2501,26.62,0.056,3.987,17.36,35층 754㎡(43.4×17.4m) + 저층부 7층 1600㎡(56.6×28.3m)
타워+저층별동,5 저층별동,35,35,107.25,56,32,37580,400.0,8699,46279,2509,26.7,0.056,3.98,17.36,35층 754㎡(43.4×17.4m) + 저층부 7층 1600㎡(69.3×23.1m)
타워+저층별동,5 저층별동,35,35,107.25,56,24,37580,400.0,8275,45855,2499,26.6,0.082,3.955,19.41,35층 754㎡(38.8×19.4m) + 저층부 7층 1600㎡(56.6×28.3m)
단일+저층부,2 저층부,60,60,181.0,57,36,37580,400.0,9579,47159,2500,26.61,0.059,4.079,15.25,60층 465㎡(30.5×15.2m) + 저층부 5층 2400㎡(58.0×41.4m)
단일+저층부,2 저층부,60,60,181.0,57,37,37580,400.0,9845,47425,4133,43.99,0.113,3.994,9.04,60층 320㎡(35.4×9.0m) + 저층부 5층 4000㎡(84.9×47.1m)
타워+저층별동,5 저층별동,60,60,181.0,57,31,37580,400.0,9627,47207,3722,39.62,0.078,3.965,13.41,60층 360㎡(26.8×13.4m) + 저층부 5층 3200㎡(80.0×40.0m)
타워+저층별동,5 저층별동,60,60,181.0,57,37,37580,400.0,10549,48129,2179,23.19,0.108,3.951,14.83,60층 440㎡(29.7×14.8m) + 저층부 7층 1600㎡(69.3×23.1m)
단일,1b 층수·세장비,60,60,181.0,57,39,37580,400.0,10096,47676,680,7.24,0.077,3.942,17.7,60층 626㎡(35.4×17.7m)
단일,1b 층수·세장비,55,55,166.25,57,34,37580,400.0,9299,46879,738,7.85,0.025,4.043,21.34,55층 683㎡(32.0×21.3m)
타워+저층별동,5 저층별동,55,55,166.25,57,29,37580,400.0,10043,47623,2281,24.28,0.04,4.023,16.4,55층 538㎡(32.8×16.4m) + 저층부 5층 1600㎡(69.3×23.1m)
단일+저층부,2 저층부,55,55,166.25,57,44,37580,400.0,9309,46889,4129,43.95,0.251,4.001,14.03,55층 492㎡(35.1×14.0m) + 저층부 3층 4000㎡(74.8×53.5m)
단일+저층부,2 저층부,55,55,166.25,57,38,37580,400.0,8337,45917,3316,35.29,0.189,3.981,12.57,55층 316㎡(25.1×12.6m) + 저층부 7층 3200㎡(66.9×47.8m)
단일+저층부,2 저층부,55,55,166.25,57,38,37580,400.0,8938,46518,2500,26.61,0.149,3.963,14.71,55층 433㎡(29.4×14.7m) + 저층부 7층 2400㎡(58.0×41.4m)
단일+저층부,2 저층부,55,55,166.25,57,32,37580,400.0,8827,46407,3316,35.29,0.164,3.952,14.69,55층 432㎡(29.4×14.7m) + 저층부 5층 3200㎡(66.9×47.8m)
타워+저층별동,5 저층별동,55,55,166.25,57,26,37580,400.0,10006,47586,2213,23.55,0.068,3.931,15.49,55층 480㎡(31.0×15.5m) + 저층부 7층 1600㎡(56.6×28.3m)
타워+저층별동,5 저층별동,50,50,151.5,57,32,37580,400.0,9251,46831,3066,32.63,0.022,4.083,15.99,50층 512㎡(32.0×16.0m) + 저층부 5층 2400㎡(69.3×34.6m)
단일,1b 층수·세장비,50,50,151.5,57,38,37580,400.0,9947,47527,816,8.68,0.068,4.037,15.83,50층 752㎡(47.5×15.8m)
단일+저층부,2 저층부,50,50,151.5,57,41,37580,400.0,8492,46072,3319,35.33,0.282,4.015,15.48,50층 480㎡(31.0×15.5m) + 저층부 5층 3200㎡(75.9×42.2m)
단일+저층부,2 저층부,50,50,151.5,57,36,37580,400.0,8199,45779,3325,35.39,0.153,3.984,13.29,50층 353㎡(26.6×13.3m) + 저층부 7층 3200㎡(87.6×36.5m)
단일,1b 층수·세장비,50,50,151.5,57,37,37580,400.0,9174,46754,811,8.63,0.172,3.941,19.39,50층 752㎡(38.8×19.4m)
단일,1b 층수·세장비,50,50,151.5,57,33,37580,400.0,10731,48311,821,8.74,0.072,3.934,13.71,50층 752㎡(54.8×13.7m)
단일+저층부,2 저층부,45,45,136.75,57,33,37580,400.0,8333,45913,2500,26.61,0.259,3.97,17.88,45층 640㎡(35.8×17.9m) + 저층부 5층 2400㎡(58.0×41.4m)
단일,1b 층수·세장비,45,45,136.75,57,33,37580,400.0,9415,46995,903,9.61,0.057,3.945,16.68,45층 835㎡(50.1×16.7m)
단일,1b 층수·세장비,45,45,136.75,57,37,37580,400.0,9041,46621,900,9.58,0.191,3.884,18.28,45층 835㎡(45.7×18.3m)
단일+저층부,5 미세조정,44,44,133.8,57,35,37581,400.0,7718,45299,2910,30.97,0.373,4.068,9.21,44층 282㎡(30.6×9.2m) + 저층부 10층 2800㎡(66.9×41.8m)
단일+저층부,5 미세조정,41,41,124.95,57,35,37580,400.0,7786,45366,2910,30.97,0.212,4.093,8.56,41층 309㎡(36.1×8.6m) + 저층부 10층 2800㎡(66.9×41.8m)
단일+저층부,2 저층부,40,40,122.0,57,41,37580,400.0,7349,44929,4133,43.99,0.105,4.136,8.52,40층 290㎡(34.1×8.5m) + 저층부 7층 4000㎡(84.9×47.1m)
단일+저층부,5 미세조정,40,40,122.0,57,35,37580,400.0,7709,45289,2910,30.97,0.212,4.092,8.7,40층 319㎡(36.7×8.7m) + 저층부 10층 2800㎡(66.9×41.8m)
타워+저층별동,5 저층별동,40,40,122.0,57,28,37580,400.0,8951,46531,2908,30.95,0.113,4.07,13.03,40층 340㎡(26.1×13.0m) + 저층부 10층 2400㎡(103.9×23.1m)
단일+저층부,2 저층부,40,40,122.0,57,27,37580,400.0,6866,44446,4133,43.99,0.185,3.99,10.78,40층 290㎡(26.9×10.8m) + 저층부 7층 4000㎡(84.9×47.1m)
단일+저층부,2 저층부,40,40,122.0,57,33,37580,400.0,7470,45050,3316,35.29,0.267,3.98,13.56,40층 460㎡(33.9×13.6m) + 저층부 7층 3200㎡(66.9×47.8m)
단일,1b 층수·세장비,40,40,122.0,57,33,37580,400.0,9555,47135,1017,10.83,0.05,3.926,15.33,40층 940㎡(61.3×15.3m)
타워+저층별동,5 저층별동,40,40,122.0,57,23,37580,400.0,9917,47497,2284,24.31,0.053,3.904,11.75,40층 540㎡(45.9×11.7m) + 저층부 10층 1600㎡(56.6×28.3m)
단일+저층부,5 미세조정,39,39,119.05,57,41,37580,400.0,7279,44859,4133,43.99,0.275,4.111,8.64,39층 299㎡(34.7×8.6m) + 저층부 7층 4000㎡(84.9×47.1m)
단일+저층부,5 미세조정,39,39,119.05,57,35,37580,400.0,7481,45061,2910,30.97,0.226,4.092,9.44,39층 330㎡(35.0×9.4m) + 저층부 10층 2800㎡(66.9×41.8m)
단일+저층부,5 미세조정,38,38,116.1,57,41,37580,400.0,7173,44753,4133,43.99,0.219,4.116,8.89,38층 309㎡(34.8×8.9m) + 저층부 7층 4000㎡(84.9×47.1m)
단일+저층부,5 미세조정,38,38,116.1,57,40,37580,400.0,7269,44849,4133,43.99,0.201,4.111,8.55,38층 309㎡(36.1×8.6m) + 저층부 7층 4000㎡(84.9×47.1m)
단일+저층부,5 미세조정,37,37,113.15,57,42,37580,400.0,6919,44499,4133,43.99,0.141,4.134,9.8,37층 319㎡(32.6×9.8m) + 저층부 7층 4000㎡(84.9×47.1m)
단일+저층부,5 미세조정,37,37,113.15,57,41,37580,400.0,6919,44499,4133,43.99,0.254,4.122,9.8,37층 319㎡(32.6×9.8m) + 저층부 7층 4000㎡(84.9×47.1m)
단일+저층부,5 미세조정,37,37,113.15,57,40,37580,400.0,7192,44772,4133,43.99,0.135,4.117,8.7,37층 319㎡(36.7×8.7m) + 저층부 7층 4000㎡(84.9×47.1m)
단일+저층부,5 미세조정,37,37,113.15,57,42,37580,400.0,6919,44499,4133,43.99,0.376,4.115,9.8,37층 319㎡(32.6×9.8m) + 저층부 7층 4000㎡(84.9×47.1m)
단일+저층부,5 미세조정,37,37,113.15,57,41,37580,400.0,7039,44619,4133,43.99,0.289,4.112,9.27,37층 319㎡(34.4×9.3m) + 저층부 7층 4000㎡(84.9×47.1m)
단일+저층부,5 미세조정,37,37,113.15,57,43,37580,400.0,6919,44499,4133,43.99,0.438,4.105,9.8,37층 319㎡(32.6×9.8m) + 저층부 7층 4000㎡(84.9×47.1m)
단일+저층부,2 저층부,35,35,107.25,57,38,37580,400.0,7271,44851,4946,52.64,0.294,3.989,10.64,35층 453㎡(42.6×10.6m) + 저층부 5층 4800㎡(93.0×51.6m)
타워+저층별동,5 저층별동,60,60,181.0,58,40,37580,400.0,10740,48320,2173,23.13,0.1,4.032,13.26,60층 440㎡(33.2×13.3m) + 저층부 7층 1600㎡(56.6×28.3m)
단일,1b 층수·세장비,60,60,181.0,58,36,37580,400.0,10943,48523,685,7.29,0.075,3.968,14.45,60층 626㎡(43.3×14.4m)
단일,1b 층수·세장비,60,60,181.0,58,37,37580,400.0,9735,47315,678,7.22,0.128,3.942,20.43,60층 626㎡(30.7×20.4m)
타워+저층별동,5 저층별동,55,55,166.25,58,34,37580,400.0,11313,48893,2221,23.64,0.05,4.096,11.08,55층 480㎡(43.3×11.1m) + 저층부 7층 1600㎡(56.6×28.3m)
타워+저층별동,5 저층별동,55,55,166.25,58,32,37580,400.0,10283,47863,2276,24.23,0.022,4.056,14.67,55층 538㎡(36.7×14.7m) + 저층부 5층 1600㎡(56.6×28.3m)
단일+저층부,2 저층부,55,55,166.25,58,43,37580,400.0,9994,47574,4942,52.6,0.162,4.031,10.56,55층 446㎡(42.2×10.6m) + 저층부 3층 4800㎡(82.0×58.6m)
단일+저층부,2 저층부,55,55,166.25,58,31,37580,400.0,8407,45987,3319,35.33,0.195,3.966,12.57,55층 316㎡(25.1×12.6m) + 저층부 7층 3200㎡(75.9×42.2m)
단일+저층부,2 저층부,55,55,166.25,58,25,37580,400.0,8573,46153,3316,35.29,0.099,3.95,11.25,55층 316㎡(28.1×11.2m) + 저층부 7층 3200㎡(66.9×47.8m)
단일,1b 층수·세장비,55,55,166.25,58,37,37580,400.0,9644,47224,740,7.87,0.205,3.936,18.48,55층 683㎡(37.0×18.5m)
타워+저층별동,5 저층별동,55,55,166.25,58,32,37580,400.0,9930,47510,2274,24.2,0.073,3.934,16.4,55층 538㎡(32.8×16.4m) + 저층부 5층 1600㎡(56.6×28.3m)
단일,1b 층수·세장비,55,55,166.25,58,36,37580,400.0,11278,48858,750,7.98,0.212,3.85,13.07,55층 683㎡(52.3×13.1m)
타워+저층별동,5 저층별동,50,50,151.5,58,34,37580,400.0,9376,46956,2974,31.65,0.14,3.978,14.42,50층 416㎡(28.8×14.4m) + 저층부 7층 2400㎡(84.9×28.3m)
단일,1b 층수·세장비,50,50,151.5,58,45,37580,400.0,9174,46754,811,8.63,0.188,3.941,19.39,50층 752㎡(38.8×19.4m)
타워+저층별동,5 저층별동,45,45,136.75,58,25,37580,400.0,8804,46384,3013,32.07,0.054,4.032,15.2,45층 462㎡(30.4×15.2m) + 저층부 7층 2400㎡(69.3×34.6m)
타워+저층별동,5 저층별동,45,45,136.75,58,21,37580,400.0,9184,46764,2324,24.74,0.045,4.011,17.12,45층 586㎡(34.2×17.1m) + 저층부 7층 1600㎡(56.6×28.3m)
타워+저층별동,5 저층별동,45,45,136.75,58,28,37580,400.0,9312,46892,2213,23.55,0.083,3.962,15.48,45층 480㎡(31.0×15.5m) + 저층부 10층 1600㎡(56.6×28.3m)
단일,1b 층수·세장비,45,45,136.75,58,37,37580,400.0,9041,46621,900,9.58,0.051,3.945,18.28,45층 835㎡(45.7×18.3m)
타워+저층별동,5 저층별동,45,45,136.75,58,25,37580,400.0,10607,48187,2228,23.72,0.026,3.902,11.07,45층 480㎡(43.3×11.1m) + 저층부 10층 1600㎡(69.3×23.1m)
단일,1b 층수·세장비,40,40,122.0,58,33,37580,400.0,8163,45743,1006,10.7,0.032,4.077,21.67,40층 940㎡(43.3×21.7m)
타워+저층별동,5 저층별동,40,40,122.0,58,38,37580,400.0,9739,47319,2578,27.44,0.073,4.052,14.31,40층 820㎡(57.3×14.3m) + 저층부 3층 1600㎡(56.6×28.3m)
단일+저층부,2 저층부,40,40,122.0,58,38,37580,400.0,7555,45135,4946,52.64,0.152,3.998,17.7,40층 626㎡(35.4×17.7m) + 저층부 3층 4800㎡(93.0×51.6m)
단일+저층부,2 저층부,40,40,122.0,58,37,37580,400.0,7775,45355,4942,52.6,0.139,3.998,15.83,40층 626㎡(39.6×15.8m) + 저층부 3층 4800㎡(82.0×58.6m)
타워+저층별동,5 저층별동,40,40,122.0,58,26,37580,400.0,8407,45987,3074,32.72,0.13,3.983,16.12,40층 520㎡(32.2×16.1m) + 저층부 7층 2400㎡(69.3×34.6m)
타워+저층별동,5 저층별동,40,40,122.0,58,29,37580,400.0,8462,46042,2886,30.72,0.04,3.944,11.65,40층 340㎡(29.1×11.7m) + 저층부 10층 2400㎡(69.3×34.6m)
단일+저층부,5 미세조정,38,38,116.1,58,43,37580,400.0,6939,44519,4133,43.99,0.442,4.107,9.89,38층 309㎡(31.2×9.9m) + 저층부 7층 4000㎡(84.9×47.1m)
단일+저층부,5 미세조정,38,38,116.1,58,43,37580,400.0,7113,44693,4133,43.99,0.411,4.102,9.12,38층 309㎡(33.9×9.1m) + 저층부 7층 4000㎡(84.9×47.1m)
단일+저층부,5 미세조정,35,35,107.25,58,40,37580,400.0,7133,44713,4133,43.99,0.164,4.107,8.66,35층 342㎡(39.5×8.7m) + 저층부 7층 4000㎡(84.9×47.1m)
단일+저층부,2 저층부,35,35,107.25,58,40,37580,400.0,7097,44677,4946,52.64,0.237,3.958,19.03,35층 724㎡(38.1×19.0m) + 저층부 3층 4800㎡(93.0×51.6m)
단일,1b 층수·세장비,60,60,181.0,59,43,37580,400.0,10096,47676,680,7.24,0.067,4.077,17.7,60층 626㎡(35.4×17.7m)
단일,1b 층수·세장비,60,60,181.0,59,39,37580,400.0,9735,47315,678,7.22,0.056,4.072,20.43,60층 626㎡(30.7×20.4m)
타워+저층별동,5 저층별동,60,60,181.0,59,37,37580,400.0,10468,48048,3062,32.59,0.049,4.065,14.23,60층 506㎡(35.6×14.2m) + 저층부 3층 2400㎡(69.3×34.6m)
타워+저층별동,5 저층별동,60,60,181.0,59,39,37580,400.0,10778,48358,2256,24.02,0.077,4.005,15.7,60층 493㎡(31.4×15.7m) + 저층부 5층 1600㎡(98.0×16.3m)
타워+저층별동,5 저층별동,60,60,181.0,59,39,37580,400.0,10619,48199,2246,23.9,0.077,4.004,15.7,60층 493㎡(31.4×15.7m) + 저층부 5층 1600㎡(84.9×18.9m)
타워+저층별동,5 저층별동,60,60,181.0,59,26,37580,400.0,11652,49232,2094,22.28,0.129,3.962,9.59,60층 360㎡(37.5×9.6m) + 저층부 10층 1600㎡(56.6×28.3m)
단일,1b 층수·세장비,60,60,181.0,59,44,37580,400.0,10096,47676,680,7.24,0.211,3.959,17.7,60층 626㎡(35.4×17.7m)
타워+저층별동,5 저층별동,60,60,181.0,59,36,37580,400.0,10705,48285,2229,23.73,0.143,3.911,14.04,60층 493㎡(35.1×14.0m) + 저층부 5층 1600㎡(56.6×28.3m)
타워+저층별동,5 저층별동,60,60,181.0,59,25,37580,400.0,10732,48312,2089,22.23,0.178,3.904,11.99,60층 360㎡(30.0×12.0m) + 저층부 10층 1600㎡(56.6×28.3m)
단일,1b 층수·세장비,60,60,181.0,59,37,37580,400.0,10512,48092,683,7.27,0.14,3.901,15.83,60층 626㎡(39.6×15.8m)
단일+저층부,2 저층부,55,55,166.25,59,36,37580,400.0,9051,46631,4942,52.6,0.057,4.087,13.35,55층 446㎡(33.4×13.4m) + 저층부 3층 4800㎡(82.0×58.6m)
타워+저층별동,5 저층별동,55,55,166.25,59,40,37580,400.0,10758,48338,2932,31.21,0.113,4.037,9.72,55층 378㎡(38.9×9.7m) + 저층부 7층 2400㎡(69.3×34.6m)
단일+저층부,2 저층부,55,55,166.25,59,40,37580,400.0,9459,47039,4133,43.99,0.178,4.014,9.48,55층 352㎡(37.1×9.5m) + 저층부 5층 4000㎡(84.9×47.1m)
타워+저층별동,5 저층별동,55,55,166.25,59,38,37580,400.0,10163,47743,2220,23.63,0.085,3.992,15.49,55층 480㎡(31.0×15.5m) + 저층부 7층 1600㎡(69.3×23.1m)
단일,1b 층수·세장비,55,55,166.25,59,37,37580,400.0,10042,47622,742,7.9,0.081,3.948,16.53,55층 683㎡(41.3×16.5m)
단일,1b 층수·세장비,55,55,166.25,59,40,37580,400.0,9644,47224,740,7.87,0.144,3.943,18.48,55층 683㎡(37.0×18.5m)
타워+저층별동,5 저층별동,55,55,166.25,59,27,37580,400.0,10725,48305,2305,24.54,0.205,3.906,14.67,55층 538㎡(36.7×14.7m) + 저층부 5층 1600㎡(98.0×16.3m)
타워+저층별동,5 저층별동,55,55,166.25,59,30,37580,400.0,10064,47644,2121,22.58,0.023,3.903,14.01,55층 392㎡(28.0×14.0m) + 저층부 10층 1600㎡(56.6×28.3m)
단일+저층부,2 저층부,50,50,151.5,59,29,37580,400.0,8071,45651,3319,35.33,0.059,4.114,13.29,50층 353㎡(26.6×13.3m) + 저층부 7층 3200㎡(75.9×42.2m)
단일+저층부,2 저층부,50,50,151.5,59,45,37580,400.0,9773,47353,4129,43.95,0.126,3.99,11.8,50층 544㎡(46.1×11.8m) + 저층부 3층 4000㎡(74.8×53.5m)
단일+저층부,2 저층부,50,50,151.5,59,25,37580,400.0,8225,45805,3316,35.29,0.142,3.944,11.88,50층 353㎡(29.7×11.9m) + 저층부 7층 3200㎡(66.9×47.8m)
타워+저층별동,5 저층별동,50,50,151.5,59,26,37580,400.0,10908,48488,2272,24.18,0.168,3.92,11.48,50층 528㎡(45.9×11.5m) + 저층부 7층 1600㎡(56.6×28.3m)
타워+저층별동,5 저층별동,50,50,151.5,59,27,37580,400.0,10127,47707,2351,25.03,0.2,3.894,15.38,50층 592㎡(38.5×15.4m) + 저층부 5층 1600㎡(84.9×18.9m)
단일,1a 방위·위치,45,45,136.75,59,34,37580,400.0,9041,46621,900,9.58,0.031,4.108,18.28,45층 835㎡(45.7×18.3m)
단일+저층부,2 저층부,45,45,136.75,59,44,37580,400.0,7949,45529,4942,52.6,0.17,4.079,16.61,45층 552㎡(33.2×16.6m) + 저층부 3층 4800㎡(82.0×58.6m)
단일,1a 방위·위치,45,45,136.75,59,40,37580,400.0,9041,46621,900,9.58,0.095,4.05,18.28,45층 835㎡(45.7×18.3m)
단일+저층부,2 저층부,45,45,136.75,59,35,37580,400.0,7722,45302,4133,43.99,0.067,3.992,14.82,45층 440㎡(29.6×14.8m) + 저층부 5층 4000㎡(84.9×47.1m)
타워+저층별동,5 저층별동,45,45,136.75,59,33,37580,400.0,9261,46841,2475,26.34,0.081,3.938,17.07,45층 728㎡(42.7×17.1m) + 저층부 3층 1600㎡(56.6×28.3m)
단일,1b 층수·세장비,45,45,136.75,59,35,37580,400.0,8368,45948,895,9.53,0.037,3.933,23.6,45층 835㎡(35.4×23.6m)
타워+저층별동,5 저층별동,45,45,136.75,59,24,37580,400.0,10431,48011,2221,23.64,0.074,3.913,10.95,45층 480㎡(43.8×10.9m) + 저층부 10층 1600㎡(56.6×28.3m)
타워+저층별동,5 저층별동,45,45,136.75,59,11,37580,400.0,9585,47165,2215,23.58,0.04,3.91,13.85,45층 480㎡(34.6×13.8m) + 저층부 10층 1600㎡(56.6×28.3m)
타워+저층별동,5 저층별동,40,40,122.0,59,29,37580,400.0,9173,46753,3920,41.72,0.047,3.935,11.61,40층 540㎡(46.5×11.6m) + 저층부 5층 3200㎡(80.0×40.0m)
단일,1b 층수·세장비,60,60,181.0,60,40,37580,400.0,9735,47315,678,7.22,0.063,4.058,20.43,60층 626㎡(30.7×20.4m)
타워+저층별동,5 저층별동,60,60,181.0,60,37,37580,400.0,10644,48224,2285,24.32,0.047,4.046,14.78,60층 546㎡(37.0×14.8m) + 저층부 3층 1600㎡(56.6×28.3m)
타워+저층별동,5 저층별동,60,60,181.0,60,25,37580,400.0,11301,48881,2116,22.52,0.039,4.045,13.41,60층 360㎡(26.8×13.4m) + 저층부 10층 1600㎡(98.0×16.3m)
단일,1b 층수·세장비,60,60,181.0,60,42,37580,400.0,11802,49382,690,7.34,0.06,3.944,12.51,60층 626㎡(50.1×12.5m)
단일,1b 층수·세장비,60,60,181.0,60,39,37580,400.0,10512,48092,683,7.27,0.11,3.944,15.83,60층 626㎡(39.6×15.8m)
타워+저층별동,5 저층별동,60,60,181.0,60,31,37580,400.0,11710,49290,2094,22.29,0.11,3.937,9.48,60층 360㎡(37.9×9.5m) + 저층부 10층 1600㎡(56.6×28.3m)
타워+저층별동,5 저층별동,60,60,181.0,60,25,37580,400.0,11821,49401,2179,23.19,0.103,3.913,10.48,60층 440㎡(41.9×10.5m) + 저층부 7층 1600㎡(56.6×28.3m)
단일+저층부,2 저층부,55,55,166.25,60,21,37580,400.0,9339,46919,2500,26.61,0.062,4.072,8.69,55층 302㎡(34.7×8.7m) + 저층부 10층 2400㎡(58.0×41.4m)
단일+저층부,2 저층부,55,55,166.25,60,21,37580,400.0,8451,46031,2500,26.61,0.09,3.928,12.28,55층 302㎡(24.6×12.3m) + 저층부 10층 2400㎡(58.0×41.4m)
타워+저층별동,5 저층별동,50,50,151.5,60,41,37580,400.0,10910,48490,2414,25.69,0.069,4.048,12.8,50층 656㎡(51.2×12.8m) + 저층부 3층 1600㎡(69.3×23.1m)
단일+저층부,2 저층부,50,50,151.5,60,40,37580,400.0,8948,46528,3319,35.33,0.172,4.037,9.5,50층 353㎡(37.2×9.5m) + 저층부 7층 3200㎡(75.9×42.2m)
단일+저층부,2 저층부,50,50,151.5,60,35,37580,400.0,7749,45329,4942,52.6,0.222,3.989,10.99,50층 302㎡(27.5×11.0m) + 저층부 5층 4800㎡(82.0×58.6m)
타워+저층별동,5 저층별동,50,50,151.5,60,39,37580,400.0,9564,47144,3068,32.65,0.095,3.97,14.31,50층 512㎡(35.8×14.3m) + 저층부 5층 2400㎡(69.3×34.6m)
타워+저층별동,5 저층별동,50,50,151.5,60,33,37580,400.0,10889,48469,2339,24.9,0.111,3.909,12.16,50층 592㎡(48.6×12.2m) + 저층부 5층 1600㎡(56.6×28.3m)
타워+저층별동,5 저층별동,50,50,151.5,60,25,37580,400.0,9984,47564,2164,23.04,0.082,3.892,13.14,50층 432㎡(32.8×13.1m) + 저층부 10층 1600㎡(56.6×28.3m)
타워+저층별동,5 저층별동,45,45,136.75,60,37,37580,400.0,9329,46909,2483,26.42,0.051,4.064,17.07,45층 728㎡(42.7×17.1m) + 저층부 3층 1600㎡(69.3×23.1m)
타워+저층별동,5 저층별동,45,45,136.75,60,41,37580,400.0,10305,47885,2483,26.43,0.071,4.053,13.49,45층 728㎡(54.0×13.5m) + 저층부 3층 1600㎡(56.6×28.3m)
타워+저층별동,5 저층별동,45,45,136.75,60,29,37580,400.0,9072,46652,3015,32.09,0.135,3.957,13.59,45층 462㎡(34.0×13.6m) + 저층부 7층 2400㎡(69.3×34.6m)
단일,1b 층수·세장비,45,45,136.75,60,36,37580,400.0,8681,46261,897,9.55,0.124,3.936,20.43,45층 835㎡(40.9×20.4m)
단일,1b 층수·세장비,45,45,136.75,60,35,37580,400.0,8368,45948,895,9.53,0.085,3.934,23.6,45층 835㎡(35.4×23.6m)
단일+저층부,2 저층부,45,45,136.75,60,31,37580,400.0,7964,45544,2500,26.61,0.281,3.934,12.46,45층 388㎡(31.1×12.5m) + 저층부 10층 2400㎡(58.0×41.4m)
단일+저층부,5 미세조정,41,41,124.95,60,43,37580,400.0,7329,44909,4133,43.99,0.415,4.097,8.71,41층 282㎡(32.4×8.7m) + 저층부 7층 4000㎡(84.9×47.1m)
단일+저층부,2 저층부,40,40,122.0,60,31,37580,400.0,8042,45622,3316,35.29,0.222,4.099,10.85,40층 460㎡(42.4×10.8m) + 저층부 7층 3200㎡(66.9×47.8m)
단일+저층부,2 저층부,40,40,122.0,60,27,37580,400.0,7271,44851,4129,43.95,0.254,4.013,8.52,40층 290㎡(34.1×8.5m) + 저층부 7층 4000㎡(74.8×53.5m)
단일+저층부,2 저층부,40,40,122.0,60,35,37580,400.0,7470,45050,3316,35.29,0.249,3.976,13.56,40층 460㎡(33.9×13.6m) + 저층부 7층 3200㎡(66.9×47.8m)
타워+저층별동,5 저층별동,40,40,122.0,60,31,37580,400.0,8407,45987,3074,32.72,0.06,3.964,16.12,40층 520㎡(32.2×16.1m) + 저층부 7층 2400㎡(69.3×34.6m)
타워+저층별동,5 저층별동,40,40,122.0,60,33,37580,400.0,8534,46114,2894,30.8,0.274,3.961,13.03,40층 340㎡(26.1×13.0m) + 저층부 10층 2400㎡(84.9×28.3m)
타워+저층별동,5 저층별동,35,35,107.25,60,33,37580,400.0,8699,46279,2509,26.7,0.097,4.062,17.36,35층 754㎡(43.4×17.4m) + 저층부 7층 1600㎡(69.3×23.1m)
단일+저층부,2 저층부,35,35,107.25,60,26,37580,400.0,6305,43885,4129,43.95,0.181,3.993,13.08,35층 342㎡(26.2×13.1m) + 저층부 7층 4000㎡(74.8×53.5m)
단일+저층부,2 저층부,35,35,107.25,60,34,37580,400.0,6893,44473,4129,43.95,0.311,3.992,9.25,35층 342㎡(37.0×9.2m) + 저층부 7층 4000㎡(74.8×53.5m)
단일,1b 층수·세장비,35,35,107.25,60,36,37580,400.0,7931,45511,1147,12.21,0.262,3.914,20.72,35층 1074㎡(51.8×20.7m)
타워+저층별동,5 저층별동,60,60,181.0,61,47,37580,400.0,10644,48224,2285,24.32,0.129,4.03,14.78,60층 546㎡(37.0×14.8m) + 저층부 3층 1600㎡(56.6×28.3m)
단일,1b 층수·세장비,60,60,181.0,61,34,37580,400.0,10512,48092,683,7.27,0.056,4.011,15.83,60층 626㎡(39.6×15.8m)
단일,1b 층수·세장비,60,60,181.0,61,41,37580,400.0,10096,47676,680,7.24,0.111,3.95,17.7,60층 626㎡(35.4×17.7m)
단일,1b 층수·세장비,60,60,181.0,61,39,37580,400.0,11802,49382,690,7.34,0.039,3.94,12.51,60층 626㎡(50.1×12.5m)
타워+저층별동,5 저층별동,60,60,181.0,61,11,37580,400.0,11710,49290,2094,22.29,0.101,3.908,9.48,60층 360㎡(37.9×9.5m) + 저층부 10층 1600㎡(56.6×28.3m)
타워+저층별동,5 저층별동,55,55,166.25,61,39,37580,400.0,9647,47227,3017,32.11,0.086,3.987,15.25,55층 465㎡(30.5×15.2m) + 저층부 5층 2400㎡(69.3×34.6m)
단일,1b 층수·세장비,55,55,166.25,61,42,37580,400.0,10455,48035,745,7.93,0.043,3.978,15.09,55층 683㎡(45.3×15.1m)
단일,1b 층수·세장비,55,55,166.25,61,38,37580,400.0,9644,47224,740,7.87,0.109,3.928,18.48,55층 683㎡(37.0×18.5m)
타워+저층별동,5 저층별동,50,50,151.5,61,28,37580,400.0,10876,48456,2170,23.1,0.043,4.059,10.39,50층 432㎡(41.5×10.4m) + 저층부 10층 1600㎡(56.6×28.3m)
단일+저층부,2 저층부,50,50,151.5,61,31,37580,400.0,8366,45946,2509,26.7,0.216,3.969,13.03,50층 340㎡(26.1×13.0m) + 저층부 10층 2400㎡(75.9×31.6m)
단일+저층부,2 저층부,50,50,151.5,61,34,37580,400.0,8225,45805,3316,35.29,0.133,3.956,11.88,50층 353㎡(29.7×11.9m) + 저층부 7층 3200㎡(66.9×47.8m)
단일+저층부,2 저층부,50,50,151.5,61,23,37580,400.0,8921,46501,2500,26.61,0.211,3.941,9.32,50층 340㎡(36.4×9.3m) + 저층부 10층 2400㎡(58.0×41.4m)
단일,1b 층수·세장비,50,50,151.5,61,36,37580,400.0,8844,46424,809,8.61,0.116,3.926,22.38,50층 752㎡(33.6×22.4m)
단일+저층부,2 저층부,45,45,136.75,61,37,37580,400.0,7928,45508,3319,35.33,0.339,4.012,12.64,45층 399㎡(31.6×12.6m) + 저층부 7층 3200㎡(75.9×42.2m)
단일,1b 층수·세장비,45,45,136.75,61,31,37580,400.0,8681,46261,897,9.55,0.061,3.924,20.43,45층 835㎡(40.9×20.4m)
타워+저층별동,5 저층별동,45,45,136.75,61,29,37580,400.0,10431,48011,2221,23.64,0.218,3.918,10.95,45층 480㎡(43.8×10.9m) + 저층부 10층 1600㎡(56.6×28.3m)
타워+저층별동,5 저층별동,45,45,136.75,61,30,37580,400.0,10196,47776,2242,23.87,0.223,3.912,15.48,45층 480㎡(31.0×15.5m) + 저층부 10층 1600㎡(98.0×16.3m)
단일+저층부,5 미세조정,41,41,124.95,61,40,37580,400.0,7329,44909,4133,43.99,0.418,4.094,8.71,41층 282㎡(32.4×8.7m) + 저층부 7층 4000㎡(84.9×47.1m)
단일+저층부,2 저층부,40,40,122.0,61,40,37580,400.0,7320,44900,4133,43.99,0.369,4.087,8.62,40층 290㎡(33.7×8.6m) + 저층부 7층 4000㎡(84.9×47.1m)
단일,1b 층수·세장비,40,40,122.0,61,40,37580,400.0,8502,46082,1008,10.73,0.077,4.072,19.39,40층 940㎡(48.5×19.4m)
타워+저층별동,5 저층별동,40,40,122.0,61,27,37580,400.0,8901,46481,2487,26.47,0.045,4.035,17.2,40층 740㎡(43.0×17.2m) + 저층부 5층 1600㎡(56.6×28.3m)
단일+저층부,2 저층부,40,40,122.0,61,34,37580,400.0,7271,44851,4129,43.95,0.298,4.015,8.52,40층 290㎡(34.1×8.5m) + 저층부 7층 4000㎡(74.8×53.5m)
타워+저층별동,5 저층별동,40,40,122.0,61,33,37580,400.0,8438,46018,2567,27.32,0.039,3.945,20.24,40층 820㎡(40.5×20.2m) + 저층부 3층 1600㎡(56.6×28.3m)
단일,1b 층수·세장비,40,40,122.0,61,35,37580,400.0,7868,45448,1003,10.68,0.146,3.937,25.03,40층 940㎡(37.5×25.0m)
타워+저층별동,5 저층별동,40,40,122.0,61,20,37580,400.0,9391,46971,2285,24.32,0.052,3.891,14.69,40층 540㎡(36.7×14.7m) + 저층부 10층 1600㎡(69.3×23.1m)
단일,1b 층수·세장비,35,35,107.25,61,34,37580,400.0,7338,44918,1142,12.15,0.065,4.091,26.75,35층 1074㎡(40.1×26.8m)
단일,1b 층수·세장비,35,35,107.25,61,36,37580,400.0,7931,45511,1147,12.21,0.172,3.931,20.72,35층 1074㎡(51.8×20.7m)
타워+저층별동,5 저층별동,35,35,107.25,61,27,37580,400.0,8108,45688,2594,27.61,0.075,3.925,20.56,35층 845㎡(41.1×20.6m) + 저층부 5층 1600㎡(56.6×28.3m)
타워+저층별동,5 저층별동,60,60,181.0,62,34,37580,400.0,11757,49337,2179,23.19,0.028,4.071,10.6,60층 440㎡(41.5×10.6m) + 저층부 7층 1600㎡(56.6×28.3m)
타워+저층별동,5 저층별동,60,60,181.0,62,28,37580,400.0,11301,48881,2116,22.52,0.121,3.926,13.41,60층 360㎡(26.8×13.4m) + 저층부 10층 1600㎡(98.0×16.3m)
단일+저층부,2 저층부,55,55,166.25,62,38,37580,400.0,9538,47118,3316,35.29,0.056,4.07,14.67,55층 538㎡(36.7×14.7m) + 저층부 3층 3200㎡(66.9×47.8m)
타워+저층별동,5 저층별동,55,55,166.25,62,40,37580,400.0,11314,48894,2282,24.29,0.086,4.057,11.73,55층 538㎡(45.9×11.7m) + 저층부 5층 1600㎡(56.6×28.3m)
단일+저층부,2 저층부,55,55,166.25,62,41,37580,400.0,9333,46913,3319,35.33,0.171,4.042,8.99,55층 316㎡(35.2×9.0m) + 저층부 7층 3200㎡(75.9×42.2m)
단일,1b 층수·세장비,55,55,166.25,62,38,37580,400.0,10042,47622,742,7.9,0.034,3.906,16.53,55층 683㎡(41.3×16.5m)
단일+저층부,2 저층부,50,50,151.5,62,39,37580,400.0,8482,46062,4946,52.64,0.089,4.099,8.69,50층 302㎡(34.7×8.7m) + 저층부 5층 4800㎡(93.0×51.6m)
단일+저층부,2 저층부,50,50,151.5,62,42,37580,400.0,8646,46226,4942,52.6,0.097,4.08,14.05,50층 493㎡(35.1×14.0m) + 저층부 3층 4800㎡(82.0×58.6m)
단일+저층부,2 저층부,50,50,151.5,62,35,37580,400.0,7533,45113,4942,52.6,0.256,3.993,12.28,50층 302㎡(24.6×12.3m) + 저층부 5층 4800㎡(82.0×58.6m)
단일+저층부,2 저층부,50,50,151.5,62,27,37580,400.0,8208,45788,2503,26.64,0.222,3.948,13.03,50층 340㎡(26.1×13.0m) + 저층부 10층 2400㎡(65.7×36.5m)
타워+저층별동,5 저층별동,50,50,151.5,62,22,37580,400.0,9922,47502,2170,23.1,0.036,3.893,14.69,50층 432㎡(29.4×14.7m) + 저층부 10층 1600㎡(69.3×23.1m)
단일+저층부,2 저층부,45,45,136.75,62,25,37580,400.0,7648,45228,3316,35.29,0.105,4.1,14.13,45층 399㎡(28.3×14.1m) + 저층부 7층 3200㎡(66.9×47.8m)
단일,1a 방위·위치,45,45,136.75,62,33,37580,400.0,9041,46621,900,9.58,0.095,3.937,18.28,45층 835㎡(45.7×18.3m)
단일,1b 층수·세장비,45,45,136.75,62,32,37580,400.0,9415,46995,903,9.61,0.07,3.917,16.68,45층 835㎡(50.1×16.7m)
타워+저층별동,5 저층별동,45,45,136.75,62,43,37580,400.0,8925,46505,2473,26.32,0.169,3.916,19.08,45층 728㎡(38.2×19.1m) + 저층부 3층 1600㎡(56.6×28.3m)
단일+저층부,2 저층부,45,45,136.75,62,23,37580,400.0,7774,45354,2500,26.61,0.241,3.901,13.93,45층 388㎡(27.9×13.9m) + 저층부 10층 2400㎡(58.0×41.4m)
단일+저층부,5 미세조정,41,41,124.95,62,35,37596,400.2,7690,45287,2912,30.99,0.267,4.088,8.89,41층 309㎡(34.7×8.9m) + 저층부 10층 2800㎡(66.9×41.8m)
단일+저층부,5 미세조정,41,41,124.95,62,35,37632,400.6,7786,45418,2916,31.04,0.293,4.082,8.56,41층 309㎡(36.1×8.6m) + 저층부 10층 2800㎡(66.9×41.8m)
단일+저층부,5 미세조정,41,41,124.95,62,35,37671,401.0,7508,45179,2920,31.08,0.414,4.081,9.65,41층 309㎡(32.0×9.6m) + 저층부 10층 2800㎡(66.9×41.8m)
단일+저층부,2 저층부,40,40,122.0,62,37,37580,400.0,7639,45219,4942,52.6,0.287,4.07,9.85,40층 388㎡(39.4×9.8m) + 저층부 5층 4800㎡(82.0×58.6m)
단일+저층부,2 저층부,40,40,122.0,62,31,37580,400.0,7975,45555,4129,43.95,0.279,4.049,16.63,40층 691㎡(41.6×16.6m) + 저층부 3층 4000㎡(74.8×53.5m)
타워+저층별동,5 저층별동,40,40,122.0,62,36,37580,400.0,9165,46745,2278,24.24,0.116,3.972,14.69,40층 540㎡(36.7×14.7m) + 저층부 10층 1600㎡(56.6×28.3m)
쌍둥이+저층부,4 쌍둥이+저층부,40+40,40,122.0,62,40,37580,400.0,11032,48612,4942,52.6,0.151,3.955,10.22,40층 313㎡(30.7×10.2m) + 40층 313㎡(30.7×10.2m) + 저층부 3층 4800㎡(82.0×58.6m)
단일,1b 층수·세장비,40,40,122.0,62,31,37580,400.0,9555,47135,1017,10.83,0.059,3.923,15.33,40층 940㎡(61.3×15.3m)
타워+저층별동,5 저층별동,40,40,122.0,62,30,37580,400.0,9014,46594,2494,26.55,0.172,3.921,17.2,40층 740㎡(43.0×17.2m) + 저층부 5층 1600㎡(69.3×23.1m)
단일+저층부,5 미세조정,39,39,119.05,62,35,37617,400.4,7481,45098,2914,31.02,0.314,4.085,9.44,39층 330㎡(35.0×9.4m) + 저층부 10층 2800㎡(66.9×41.8m)
단일+저층부,5 미세조정,39,39,119.05,62,35,37670,401.0,7632,45302,2920,31.08,0.295,4.081,8.85,39층 330㎡(37.3×8.8m) + 저층부 10층 2800㎡(66.9×41.8m)
단일+저층부,2 저층부,35,35,107.25,62,37,37580,400.0,7210,44790,4942,52.6,0.242,4.056,10.64,35층 453㎡(42.6×10.6m) + 저층부 5층 4800㎡(82.0×58.6m)
단일+저층부,2 저층부,35,35,107.25,62,30,37580,400.0,6945,44525,4133,43.99,0.127,3.992,9.35,35층 342㎡(36.6×9.4m) + 저층부 7층 4000㎡(84.9×47.1m)
타워+저층별동,5 저층별동,60,60,181.0,63,42,37580,400.0,11782,49362,2235,23.79,0.083,4.078,11.23,60층 493㎡(43.9×11.2m) + 저층부 5층 1600㎡(56.6×28.3m)
단일+저층부,2 저층부,60,60,181.0,63,45,37580,400.0,9845,47425,4133,43.99,0.229,4.067,9.04,60층 320㎡(35.4×9.0m) + 저층부 5층 4000㎡(84.9×47.1m)
타워+저층별동,5 저층별동,60,60,181.0,63,33,37580,400.0,10371,47951,2978,31.7,0.026,4.066,13.06,60층 426㎡(32.6×13.1m) + 저층부 5층 2400㎡(69.3×34.6m)
단일+저층부,2 저층부,60,60,181.0,63,40,37580,400.0,9156,46736,4946,52.64,0.098,4.064,14.26,60층 407㎡(28.5×14.3m) + 저층부 3층 4800㎡(93.0×51.6m)
단일,1b 층수·세장비,60,60,181.0,63,37,37580,400.0,10096,47676,680,7.24,0.072,3.964,17.7,60층 626㎡(35.4×17.7m)
단일+저층부,2 저층부,60,60,181.0,63,32,37580,400.0,8976,46556,3319,35.33,0.208,3.929,10.7,60층 286㎡(26.8×10.7m) + 저층부 7층 3200㎡(75.9×42.2m)
단일+저층부,2 저층부,60,60,181.0,63,36,37580,400.0,9596,47176,2500,26.61,0.149,3.916,12.52,60층 392㎡(31.3×12.5m) + 저층부 7층 2400㎡(58.0×41.4m)
타워+저층별동,5 저층별동,55,55,166.25,63,32,37580,400.0,10043,47623,2281,24.28,0.018,4.064,16.4,55층 538㎡(32.8×16.4m) + 저층부 5층 1600㎡(69.3×23.1m)
단일,1b 층수·세장비,55,55,166.25,63,41,37580,400.0,9644,47224,740,7.87,0.077,3.941,18.48,55층 683㎡(37.0×18.5m)
단일+저층부,2 저층부,50,50,151.5,63,36,37580,400.0,8482,46062,4946,52.64,0.164,4.095,8.69,50층 302㎡(34.7×8.7m) + 저층부 5층 4800㎡(93.0×51.6m)
단일+저층부,2 저층부,45,45,136.75,63,34,37580,400.0,8576,46156,4129,43.95,0.095,4.105,10.6,45층 440㎡(41.5×10.6m) + 저층부 5층 4000㎡(74.8×53.5m)
타워+저층별동,5 저층별동,45,45,136.75,63,20,37580,400.0,8804,46384,2846,30.29,0.061,4.064,10.99,45층 302㎡(27.5×11.0m) + 저층부 10층 2400㎡(69.3×34.6m)
단일+저층부,2 저층부,45,45,136.75,63,43,37580,400.0,9020,46600,4942,52.6,0.144,4.016,11.88,45층 552㎡(46.5×11.9m) + 저층부 3층 4800㎡(82.0×58.6m)
단일,1a 방위·위치,45,45,136.75,63,33,37580,400.0,9041,46621,900,9.58,0.199,3.996,18.28,45층 835㎡(45.7×18.3m)
단일+저층부,2 저층부,45,45,136.75,63,35,37580,400.0,7468,45048,4946,52.64,0.201,3.981,11.65,45층 340㎡(29.1×11.7m) + 저층부 5층 4800㎡(93.0×51.6m)
단일+저층부,2 저층부,45,45,136.75,63,48,37580,400.0,8222,45802,4942,52.6,0.258,3.972,14.86,45층 552㎡(37.1×14.9m) + 저층부 3층 4800㎡(82.0×58.6m)
단일+저층부,5 미세조정,42,42,127.9,63,35,37580,400.0,7579,45159,2910,30.97,0.254,4.096,9.5,42층 299㎡(31.5×9.5m) + 저층부 10층 2800㎡(66.9×41.8m)
단일+저층부,5 미세조정,41,41,124.95,63,35,37583,400.0,7630,45213,2910,30.98,0.246,4.095,9.13,41층 309㎡(33.9×9.1m) + 저층부 10층 2800㎡(66.9×41.8m)
단일+저층부,5 미세조정,41,41,124.95,63,35,37634,400.6,7508,45142,2916,31.04,0.317,4.09,9.65,41층 309㎡(32.0×9.6m) + 저층부 10층 2800㎡(66.9×41.8m)
단일+저층부,5 미세조정,40,40,122.0,63,35,37580,400.0,7436,45016,2910,30.97,0.258,4.098,9.81,40층 319㎡(32.6×9.8m) + 저층부 10층 2800㎡(66.9×41.8m)
단일+저층부,2 저층부,40,40,122.0,63,35,37580,400.0,8167,45747,4129,43.95,0.226,4.088,11.21,40층 502㎡(44.8×11.2m) + 저층부 5층 4000㎡(74.8×53.5m)
타워+저층별동,5 저층별동,40,40,122.0,63,35,37580,400.0,8787,46367,3750,39.92,0.112,4.063,9.74,40층 380㎡(39.0×9.7m) + 저층부 7층 3200㎡(80.0×40.0m)
단일+저층부,2 저층부,40,40,122.0,63,32,37580,400.0,7739,45319,4133,43.99,0.238,4.056,18.59,40층 691㎡(37.2×18.6m) + 저층부 3층 4000㎡(84.9×47.1m)
단일+저층부,2 저층부,40,40,122.0,63,20,37580,400.0,7009,44589,4140,44.06,0.115,3.966,10.78,40층 290㎡(26.9×10.8m) + 저층부 7층 4000㎡(98.0×40.8m)
단일+저층부,2 저층부,40,40,122.0,63,30,37580,400.0,7612,45192,3316,35.29,0.15,3.952,17.56,40층 617㎡(35.1×17.6m) + 저층부 5층 3200㎡(66.9×47.8m)
쌍둥이+저층부,4 쌍둥이+저층부,40+40,40,122.0,63,37,37580,400.0,10435,48015,4942,52.6,0.152,3.943,11.93,40층 313㎡(26.3×11.9m) + 40층 313㎡(26.3×11.9m) + 저층부 3층 4800㎡(82.0×58.6m)
타워+저층별동,5 저층별동,40,40,122.0,63,39,37580,400.0,8901,46481,2487,26.47,0.143,3.934,17.2,40층 740㎡(43.0×17.2m) + 저층부 5층 1600㎡(56.6×28.3m)
단일,1b 층수·세장비,40,40,122.0,63,38,37580,400.0,8502,46082,1008,10.73,0.139,3.91,19.39,40층 940㎡(48.5×19.4m)
타워+저층별동,5 저층별동,40,40,122.0,63,12,37580,400.0,9964,47544,2284,24.32,0.047,3.89,11.61,40층 540㎡(46.5×11.6m) + 저층부 10층 1600㎡(56.6×28.3m)
타워+저층별동,5 저층별동,35,35,107.25,63,34,37580,400.0,7840,45420,3436,36.58,0.048,4.087,20.83,35층 868㎡(41.7×20.8m) + 저층부 3층 2400㎡(69.3×34.6m)
단일+저층부,2 저층부,35,35,107.25,63,37,37580,400.0,7336,44916,4946,52.64,0.342,4.003,17.02,35층 724㎡(42.6×17.0m) + 저층부 3층 4800㎡(93.0×51.6m)
쌍둥이+저층부,4 쌍둥이+저층부,35+35,35,107.25,63,34,37580,400.0,10150,47730,3316,35.29,0.115,3.986,9.79,35층 432㎡(36.0×12.0m) + 35층 288㎡(29.4×9.8m) + 저층부 5층 3200㎡(66.9×47.8m)
타워+저층별동,5 저층별동,35,35,107.25,63,30,37580,400.0,8286,45866,2699,28.72,0.089,3.934,19.36,35층 937㎡(48.4×19.4m) + 저층부 3층 1600㎡(69.3×23.1m)
단일+저층부,2 저층부,60,60,181.0,64,44,37580,400.0,8778,46358,4133,43.99,0.277,4.075,12.64,60층 320㎡(25.3×12.6m) + 저층부 5층 4000㎡(84.9×47.1m)
단일,1b 층수·세장비,60,60,181.0,64,44,37580,400.0,10096,47676,680,7.24,0.13,3.966,17.7,60층 626㎡(35.4×17.7m)
타워+저층별동,5 저층별동,55,55,166.25,64,21,37580,400.0,10497,48077,2222,23.66,0.072,3.871,13.85,55층 480㎡(34.6×13.9m) + 저층부 7층 1600㎡(69.3×23.1m)
타워+저층별동,5 저층별동,55,55,166.25,64,13,37580,400.0,10325,47905,2950,31.4,0.144,3.854,12.29,55층 378㎡(30.7×12.3m) + 저층부 7층 2400㎡(103.9×23.1m)
단일+저층부,2 저층부,50,50,151.5,64,37,37580,400.0,7533,45113,4942,52.6,0.144,4.098,12.28,50층 302㎡(24.6×12.3m) + 저층부 5층 4800㎡(82.0×58.6m)
단일,1b 층수·세장비,50,50,151.5,64,35,37580,400.0,9174,46754,811,8.63,0.057,3.94,19.39,50층 752㎡(38.8×19.4m)
단일,1b 층수·세장비,50,50,151.5,64,40,37580,400.0,8844,46424,809,8.61,0.15,3.917,22.38,50층 752㎡(33.6×22.4m)
타워+저층별동,5 저층별동,50,50,151.5,64,19,37580,400.0,9949,47529,2360,25.11,0.026,3.867,17.2,50층 592㎡(34.4×17.2m) + 저층부 5층 1600㎡(98.0×16.3m)
타워+저층별동,5 저층별동,50,50,151.5,64,15,37580,400.0,10540,48120,2295,24.43,0.033,3.834,14.53,50층 528㎡(36.3×14.5m) + 저층부 7층 1600㎡(98.0×16.3m)
단일+저층부,2 저층부,45,45,136.75,64,34,37580,400.0,8102,45682,4946,52.64,0.22,4.08,9.21,45층 340㎡(36.9×9.2m) + 저층부 5층 4800㎡(93.0×51.6m)
단일+저층부,2 저층부,45,45,136.75,64,43,37580,400.0,8147,45727,2500,26.61,0.291,3.995,16.54,45층 547㎡(33.1×16.5m) + 저층부 7층 2400㎡(58.0×41.4m)
단일+저층부,2 저층부,45,45,136.75,64,47,37580,400.0,8189,45769,4133,43.99,0.231,3.951,17.45,45층 609㎡(34.9×17.5m) + 저층부 3층 4000㎡(84.9×47.1m)
단일,1a 방위·위치,45,45,136.75,64,35,37580,400.0,9041,46621,900,9.58,0.064,3.932,18.28,45층 835㎡(45.7×18.3m)
타워+저층별동,5 저층별동,45,45,136.75,64,28,37580,400.0,9184,46764,2324,24.74,0.049,3.901,17.12,45층 586㎡(34.2×17.1m) + 저층부 7층 1600㎡(56.6×28.3m)
단일,1b 층수·세장비,45,45,136.75,64,36,37580,400.0,8368,45948,895,9.53,0.185,3.889,23.6,45층 835㎡(35.4×23.6m)
쌍둥이+저층부,4 쌍둥이+저층부,45+45,45,136.75,64,35,37580,400.0,12146,49726,4135,44.01,0.148,3.881,10.08,45층 305㎡(30.2×10.1m) + 45층 305㎡(30.2×10.1m) + 저층부 3층 4000㎡(89.4×44.7m)
단일+저층부,5 미세조정,44,44,133.8,64,35,37581,400.0,7846,45427,2910,30.97,0.304,4.083,8.71,44층 282㎡(32.3×8.7m) + 저층부 10층 2800㎡(66.9×41.8m)
단일+저층부,5 미세조정,43,43,130.85,64,35,37597,400.2,7837,45435,2912,31.0,0.352,4.078,8.62,43층 290㎡(33.7×8.6m) + 저층부 10층 2800㎡(66.9×41.8m)
단일+저층부,5 미세조정,42,42,127.9,64,35,37581,400.0,7579,45160,2910,30.97,0.38,4.08,9.5,42층 299㎡(31.5×9.5m) + 저층부 10층 2800㎡(66.9×41.8m)
단일+저층부,5 미세조정,41,41,124.95,64,34,37585,400.1,7508,45093,2911,30.98,0.415,4.075,9.65,41층 309㎡(32.0×9.6m) + 저층부 10층 2800㎡(66.9×41.8m)
단일+저층부,2 저층부,40,40,122.0,64,29,37580,400.0,7242,44822,4129,43.95,0.185,4.142,8.62,40층 290㎡(33.7×8.6m) + 저층부 7층 4000㎡(74.8×53.5m)
단일+저층부,2 저층부,40,40,122.0,64,39,37580,400.0,7639,45219,4942,52.6,0.3,4.084,9.85,40층 388㎡(39.4×9.8m) + 저층부 5층 4800㎡(82.0×58.6m)
타워+저층별동,5 저층별동,40,40,122.0,64,29,37580,400.0,8407,45987,3074,32.72,0.142,3.964,16.12,40층 520㎡(32.2×16.1m) + 저층부 7층 2400㎡(69.3×34.6m)
단일+저층부,2 저층부,40,40,122.0,64,22,37580,400.0,7009,44589,4140,44.06,0.219,3.96,10.78,40층 290㎡(26.9×10.8m) + 저층부 7층 4000㎡(98.0×40.8m)
쌍둥이+저층부,4 쌍둥이+저층부,40+40,40,122.0,64,33,37580,400.0,11032,48612,4942,52.6,0.065,3.909,10.22,40층 313㎡(30.7×10.2m) + 40층 313㎡(30.7×10.2m) + 저층부 3층 4800㎡(82.0×58.6m)
단일+저층부,2 저층부,35,35,107.25,64,29,37580,400.0,6526,44106,4133,43.99,0.084,4.16,11.7,35층 342㎡(29.2×11.7m) + 저층부 7층 4000㎡(84.9×47.1m)
쌍둥이+저층부,4 쌍둥이+저층부,35+35,35,107.25,64,32,37580,400.0,9625,47205,4129,43.95,0.24,3.914,9.88,35층 293㎡(29.6×9.9m) + 35층 293㎡(29.6×9.9m) + 저층부 5층 4000㎡(74.8×53.5m)
단일,1b 층수·세장비,60,60,181.0,65,44,37580,400.0,12628,50208,694,7.39,0.07,4.048,11.19,60층 626㎡(56.0×11.2m)
단일,1b 층수·세장비,60,60,181.0,65,39,37580,400.0,9735,47315,678,7.22,0.043,3.956,20.43,60층 626㎡(30.7×20.4m)
단일,1b 층수·세장비,60,60,181.0,65,40,37580,400.0,11802,49382,690,7.34,0.102,3.925,12.51,60층 626㎡(50.1×12.5m)
타워+저층별동,5 저층별동,60,60,181.0,65,26,37580,400.0,9891,47471,2892,30.78,0.051,3.905,13.16,60층 346㎡(26.3×13.2m) + 저층부 7층 2400㎡(69.3×34.6m)
타워+저층별동,5 저층별동,55,55,166.25,65,40,37580,400.0,10033,47613,2936,31.25,0.141,4.04,12.29,55층 378㎡(30.7×12.3m) + 저층부 7층 2400㎡(84.9×28.3m)
타워+저층별동,5 저층별동,55,55,166.25,65,32,37580,400.0,10339,47919,2215,23.58,0.088,3.948,13.85,55층 480㎡(34.6×13.9m) + 저층부 7층 1600㎡(56.6×28.3m)
단일,1b 층수·세장비,55,55,166.25,65,40,37580,400.0,11278,48858,750,7.98,0.052,3.934,13.07,55층 683㎡(52.3×13.1m)
단일,1b 층수·세장비,55,55,166.25,65,39,37580,400.0,12068,49648,754,8.03,0.059,3.92,11.69,55층 683㎡(58.4×11.7m)
타워+저층별동,5 저층별동,55,55,166.25,65,10,37580,400.0,10365,47945,2123,22.6,0.077,3.911,12.53,55층 392㎡(31.3×12.5m) + 저층부 10층 1600㎡(56.6×28.3m)
타워+저층별동,5 저층별동,55,55,166.25,65,14,37580,400.0,11301,48881,2129,22.66,0.037,3.861,9.9,55층 392㎡(39.6×9.9m) + 저층부 10층 1600㎡(56.6×28.3m)
단일+저층부,2 저층부,50,50,151.5,65,39,37580,400.0,8421,46001,4942,52.6,0.146,4.102,8.69,50층 302㎡(34.7×8.7m) + 저층부 5층 4800㎡(82.0×58.6m)
타워+저층별동,5 저층별동,50,50,151.5,65,42,37580,400.0,10827,48407,2339,24.89,0.089,4.072,12.3,50층 592㎡(48.1×12.3m) + 저층부 5층 1600㎡(56.6×28.3m)
타워+저층별동,5 저층별동,50,50,151.5,65,16,37580,400.0,10876,48456,2170,23.1,0.037,3.824,10.39,50층 432㎡(41.5×10.4m) + 저층부 10층 1600㎡(56.6×28.3m)
단일+저층부,2 저층부,45,45,136.75,65,36,37580,400.0,8576,46156,4129,43.95,0.221,4.093,10.6,45층 440㎡(41.5×10.6m) + 저층부 5층 4000㎡(74.8×53.5m)
단일+저층부,2 저층부,45,45,136.75,65,34,37580,400.0,7954,45534,4133,43.99,0.244,4.088,13.26,45층 440㎡(33.1×13.3m) + 저층부 5층 4000㎡(84.9×47.1m)
단일+저층부,2 저층부,45,45,136.75,65,39,37580,400.0,8003,45583,4942,52.6,0.279,4.086,9.32,45층 340㎡(36.4×9.3m) + 저층부 5층 4800㎡(82.0×58.6m)
단일+저층부,2 저층부,45,45,136.75,65,33,37580,400.0,8064,45644,4946,52.64,0.301,4.086,9.32,45층 340㎡(36.4×9.3m) + 저층부 5층 4800㎡(93.0×51.6m)
타워+저층별동,5 저층별동,45,45,136.75,65,40,37580,400.0,9261,46841,2475,26.34,0.087,4.057,17.07,45층 728㎡(42.7×17.1m) + 저층부 3층 1600㎡(56.6×28.3m)
단일+저층부,2 저층부,45,45,136.75,65,35,37580,400.0,8189,45769,4133,43.99,0.265,4.034,17.45,45층 609㎡(34.9×17.5m) + 저층부 3층 4000㎡(84.9×47.1m)
단일+저층부,2 저층부,45,45,136.75,65,32,37580,400.0,8619,46199,4129,43.95,0.309,4.022,10.48,45층 440㎡(41.9×10.5m) + 저층부 5층 4000㎡(74.8×53.5m)
단일,1b 층수·세장비,45,45,136.75,65,34,37580,400.0,9041,46621,900,9.58,0.247,3.987,18.28,45층 835㎡(45.7×18.3m)
타워+저층별동,5 저층별동,45,45,136.75,65,38,37580,400.0,9184,46764,2324,24.74,0.096,3.947,17.12,45층 586㎡(34.2×17.1m) + 저층부 7층 1600㎡(56.6×28.3m)
타워+저층별동,5 저층별동,45,45,136.75,65,27,37580,400.0,10196,47776,2242,23.87,0.103,3.94,15.48,45층 480㎡(31.0×15.5m) + 저층부 10층 1600㎡(98.0×16.3m)
단일+저층부,5 미세조정,44,44,133.8,65,35,37583,400.0,7846,45429,2910,30.98,0.358,4.079,8.71,44층 282㎡(32.3×8.7m) + 저층부 10층 2800㎡(66.9×41.8m)
단일+저층부,5 미세조정,42,42,127.9,65,34,37581,400.0,7579,45160,2910,30.97,0.406,4.073,9.5,42층 299㎡(31.5×9.5m) + 저층부 10층 2800㎡(66.9×41.8m)
단일+저층부,2 저층부,40,40,122.0,65,37,37580,400.0,8009,45589,4133,43.99,0.087,4.092,16.63,40층 691㎡(41.6×16.6m) + 저층부 3층 4000㎡(84.9×47.1m)
단일+저층부,5 미세조정,40,40,122.0,65,35,37580,400.0,7436,45016,2910,30.97,0.418,4.07,9.81,40층 319㎡(32.6×9.8m) + 저층부 10층 2800㎡(66.9×41.8m)
쌍둥이+저층부,4 쌍둥이+저층부,40+40,40,122.0,65,37,37580,400.0,10493,48073,4948,52.67,0.12,3.963,11.93,40층 313㎡(26.3×11.9m) + 40층 313㎡(26.3×11.9m) + 저층부 3층 4800㎡(98.0×49.0m)
타워+저층별동,5 저층별동,40,40,122.0,65,30,37580,400.0,8407,45987,3074,32.72,0.101,3.956,16.12,40층 520㎡(32.2×16.1m) + 저층부 7층 2400㎡(69.3×34.6m)
타워+저층별동,5 저층별동,35,35,107.25,65,30,37580,400.0,7922,45502,2688,28.61,0.082,3.961,21.64,35층 937㎡(43.3×21.6m) + 저층부 3층 1600㎡(56.6×28.3m)
타워+저층별동,5 저층별동,35,35,107.25,65,30,37580,400.0,7990,45570,2696,28.69,0.082,3.954,21.64,35층 937㎡(43.3×21.6m) + 저층부 3층 1600㎡(69.3×23.1m)
단일+저층부,2 저층부,60,60,181.0,66,44,37580,400.0,10367,47947,4942,52.6,0.103,4.081,10.2,60층 407㎡(39.9×10.2m) + 저층부 3층 4800㎡(82.0×58.6m)
타워+저층별동,5 저층별동,60,60,181.0,66,33,37580,400.0,10449,48029,2234,23.78,0.019,4.065,15.7,60층 493㎡(31.4×15.7m) + 저층부 5층 1600㎡(69.3×23.1m)
단일+저층부,2 저층부,60,60,181.0,66,44,37580,400.0,8994,46574,4129,43.95,0.273,4.06,11.31,60층 320㎡(28.3×11.3m) + 저층부 5층 4000㎡(74.8×53.5m)
단일+저층부,2 저층부,60,60,181.0,66,43,37580,400.0,9713,47293,4129,43.95,0.148,4.052,13.4,60층 449㎡(33.5×13.4m) + 저층부 3층 4000㎡(74.8×53.5m)
타워+저층별동,5 저층별동,60,60,181.0,66,44,37580,400.0,10336,47916,2227,23.7,0.102,4.044,15.7,60층 493㎡(31.4×15.7m) + 저층부 5층 1600㎡(56.6×28.3m)
타워+저층별동,5 저층별동,60,60,181.0,66,35,37580,400.0,10256,47836,2283,24.3,0.044,4.039,16.53,60층 546㎡(33.1×16.5m) + 저층부 3층 1600㎡(56.6×28.3m)
쌍둥이,3 쌍둥이,60+45,60,181.0,66,37,37580,400.0,13189,50769,789,8.4,0.06,3.987,14.45,60층 376㎡(24.5×15.3m) + 45층 334㎡(23.1×14.4m)
단일+저층부,2 저층부,55,55,166.25,66,39,37580,400.0,9451,47031,4129,43.95,0.168,4.112,9.38,55층 352㎡(37.5×9.4m) + 저층부 5층 4000㎡(74.8×53.5m)
단일+저층부,2 저층부,55,55,166.25,66,26,37580,400.0,8667,46247,2500,26.61,0.074,4.066,10.99,55층 302㎡(27.5×11.0m) + 저층부 10층 2400㎡(58.0×41.4m)
타워+저층별동,5 저층별동,55,55,166.25,66,35,37580,400.0,10396,47976,2284,24.31,0.052,4.035,14.67,55층 538㎡(36.7×14.7m) + 저층부 5층 1600㎡(69.3×23.1m)
타워+저층별동,5 저층별동,55,55,166.25,66,24,37580,400.0,11472,49052,2136,22.73,0.026,4.03,10.02,55층 392㎡(39.2×10.0m) + 저층부 10층 1600㎡(69.3×23.1m)
타워+저층별동,5 저층별동,55,55,166.25,66,37,37580,400.0,10591,48171,2131,22.68,0.221,3.987,12.53,55층 392㎡(31.3×12.5m) + 저층부 10층 1600㎡(69.3×23.1m)
단일+저층부,2 저층부,55,55,166.25,66,34,37580,400.0,9214,46794,2500,26.61,0.117,3.912,13.16,55층 433㎡(32.9×13.2m) + 저층부 7층 2400㎡(58.0×41.4m)
타워+저층별동,5 저층별동,55,55,166.25,66,17,37580,400.0,11301,48881,2129,22.66,0.037,3.868,9.9,55층 392㎡(39.6×9.9m) + 저층부 10층 1600㎡(56.6×28.3m)
단일+저층부,2 저층부,50,50,151.5,66,38,37580,400.0,8482,46062,4946,52.64,0.093,4.12,8.69,50층 302㎡(34.7×8.7m) + 저층부 5층 4800㎡(93.0×51.6m)
단일+저층부,2 저층부,50,50,151.5,66,43,37580,400.0,8482,46062,4946,52.64,0.293,4.067,8.69,50층 302㎡(34.7×8.7m) + 저층부 5층 4800㎡(93.0×51.6m)
단일+저층부,2 저층부,50,50,151.5,66,40,37580,400.0,8381,45961,4942,52.6,0.228,4.064,8.79,50층 302㎡(34.4×8.8m) + 저층부 5층 4800㎡(82.0×58.6m)
단일+저층부,2 저층부,50,50,151.5,66,34,37580,400.0,9580,47160,4946,52.64,0.2,4.053,11.1,50층 493㎡(44.4×11.1m) + 저층부 3층 4800㎡(93.0×51.6m)
타워+저층별동,5 저층별동,50,50,151.5,66,34,37580,400.0,9507,47087,2330,24.8,0.05,4.05,17.2,50층 592㎡(34.4×17.2m) + 저층부 5층 1600㎡(56.6×28.3m)
타워+저층별동,5 저층별동,50,50,151.5,66,33,37580,400.0,9922,47502,2265,24.11,0.127,3.923,14.53,50층 528㎡(36.3×14.5m) + 저층부 7층 1600㎡(56.6×28.3m)
단일+저층부,2 저층부,50,50,151.5,66,32,37580,400.0,8325,45905,2500,26.61,0.252,3.917,11.65,50층 340㎡(29.1×11.7m) + 저층부 10층 2400㎡(58.0×41.4m)
타워+저층별동,5 저층별동,45,45,136.75,66,32,37580,400.0,9072,46652,3015,32.09,0.068,4.062,13.59,45층 462㎡(34.0×13.6m) + 저층부 7층 2400㎡(69.3×34.6m)
단일+저층부,2 저층부,45,45,136.75,66,39,37580,400.0,9070,46650,4942,52.6,0.175,4.046,11.75,45층 552㎡(47.0×11.7m) + 저층부 3층 4800㎡(82.0×58.6m)
단일+저층부,2 저층부,45,45,136.75,66,35,37580,400.0,8156,45736,4129,43.95,0.29,4.034,17.45,45층 609㎡(34.9×17.5m) + 저층부 3층 4000㎡(74.8×53.5m)
타워+저층별동,5 저층별동,45,45,136.75,66,38,37580,400.0,9342,46922,2332,24.82,0.096,3.933,17.12,45층 586㎡(34.2×17.1m) + 저층부 7층 1600㎡(69.3×23.1m)
타워+저층별동,5 저층별동,45,45,136.75,66,21,37580,400.0,10366,47946,2333,24.83,0.093,3.877,12.24,45층 586㎡(47.9×12.2m) + 저층부 7층 1600㎡(56.6×28.3m)
단일+저층부,2 저층부,45,45,136.75,66,24,37580,400.0,7964,45544,2500,26.61,0.209,3.871,12.46,45층 388㎡(31.1×12.5m) + 저층부 10층 2400㎡(58.0×41.4m)
단일+저층부,5 미세조정,44,44,133.8,66,34,37585,400.1,7846,45431,2911,30.98,0.39,4.07,8.71,44층 282㎡(32.3×8.7m) + 저층부 10층 2800㎡(66.9×41.8m)
단일+저층부,2 저층부,40,40,122.0,66,30,37580,400.0,7242,44822,4129,43.95,0.239,4.142,8.62,40층 290㎡(33.7×8.6m) + 저층부 7층 4000㎡(74.8×53.5m)
타워+저층별동,5 저층별동,40,40,122.0,66,39,37580,400.0,9781,47361,2494,26.54,0.085,4.066,13.75,40층 740㎡(53.8×13.8m) + 저층부 5층 1600㎡(56.6×28.3m)
단일+저층부,2 저층부,40,40,122.0,66,34,37580,400.0,7274,44854,3316,35.29,0.151,3.96,15.17,40층 460㎡(30.3×15.2m) + 저층부 7층 3200㎡(66.9×47.8m)
타워+저층별동,5 저층별동,40,40,122.0,66,7,37580,400.0,9095,46675,2891,30.78,0.056,3.923,9.21,40층 340㎡(36.9×9.2m) + 저층부 10층 2400㎡(69.3×34.6m)
타워+저층별동,5 저층별동,40,40,122.0,66,19,37580,400.0,7902,45482,3743,39.84,0.032,3.916,13.77,40층 380㎡(27.5×13.8m) + 저층부 7층 3200㎡(80.0×40.0m)
단일+저층부,2 저층부,35,35,107.25,66,27,37580,400.0,6526,44106,4140,44.06,0.093,4.124,13.08,35층 342㎡(26.2×13.1m) + 저층부 7층 4000㎡(98.0×40.8m)
단일+저층부,2 저층부,35,35,107.25,66,41,37580,400.0,7299,44879,4942,52.6,0.17,4.094,17.02,35층 724㎡(42.6×17.0m) + 저층부 3층 4800㎡(82.0×58.6m)
단일+저층부,2 저층부,35,35,107.25,66,33,37580,400.0,7686,45266,4129,43.95,0.244,4.088,12.1,35층 586㎡(48.4×12.1m) + 저층부 5층 4000㎡(74.8×53.5m)
단일+저층부,2 저층부,35,35,107.25,66,21,37580,400.0,6971,44551,4133,43.99,0.086,4.081,9.25,35층 342㎡(37.0×9.2m) + 저층부 7층 4000㎡(84.9×47.1m)
단일+저층부,2 저층부,35,35,107.25,66,43,37580,400.0,6526,44106,4133,43.99,0.43,4.078,11.7,35층 342㎡(29.2×11.7m) + 저층부 7층 4000㎡(84.9×47.1m)
타워+저층별동,5 저층별동,35,35,107.25,66,36,37580,400.0,8202,45782,3297,35.09,0.111,4.072,17.1,35층 731㎡(42.7×17.1m) + 저층부 5층 2400㎡(69.3×34.6m)
단일+저층부,2 저층부,35,35,107.25,66,25,37580,400.0,6526,44106,4133,43.99,0.25,3.981,11.7,35층 342㎡(29.2×11.7m) + 저층부 7층 4000㎡(84.9×47.1m)
쌍둥이+저층부,4 쌍둥이+저층부,35+35,35,107.25,66,31,37580,400.0,9245,46825,4135,44.01,0.13,3.942,11.54,35층 293㎡(25.4×11.5m) + 35층 293㎡(25.4×11.5m) + 저층부 5층 4000㎡(89.4×44.7m)
단일,1b 층수·세장비,60,60,181.0,67,36,37580,400.0,10096,47676,680,7.24,0.047,4.1,17.7,60층 626㎡(35.4×17.7m)
타워+저층별동,5 저층별동,60,60,181.0,67,36,37580,400.0,9891,47471,2892,30.78,0.056,4.072,13.16,60층 346㎡(26.3×13.2m) + 저층부 7층 2400㎡(69.3×34.6m)
단일+저층부,2 저층부,60,60,181.0,67,44,37580,400.0,9808,47388,4140,44.06,0.114,4.055,13.4,60층 449㎡(33.5×13.4m) + 저층부 3층 4000㎡(98.0×40.8m)
단일+저층부,2 저층부,60,60,181.0,67,41,37580,400.0,10377,47957,3316,35.29,0.163,4.025,10.02,60층 392㎡(39.2×10.0m) + 저층부 5층 3200㎡(66.9×47.8m)
단일+저층부,2 저층부,60,60,181.0,67,44,37580,400.0,9713,47293,4129,43.95,0.241,4.01,13.4,60층 449㎡(33.5×13.4m) + 저층부 3층 4000㎡(74.8×53.5m)
단일+저층부,2 저층부,60,60,181.0,67,45,37580,400.0,9465,47045,3334,35.48,0.221,3.977,14.01,60층 392㎡(28.0×14.0m) + 저층부 5층 3200㎡(101.2×31.6m)
단일+저층부,2 저층부,55,55,166.25,67,39,37580,400.0,9403,46983,4129,43.95,0.168,4.117,9.48,55층 352㎡(37.1×9.5m) + 저층부 5층 4000㎡(74.8×53.5m)
단일+저층부,2 저층부,55,55,166.25,67,25,37580,400.0,9339,46919,2500,26.61,0.158,4.098,8.69,55층 302㎡(34.7×8.7m) + 저층부 10층 2400㎡(58.0×41.4m)
타워+저층별동,5 저층별동,55,55,166.25,67,37,37580,400.0,11313,48893,2221,23.64,0.059,4.076,11.08,55층 480㎡(43.3×11.1m) + 저층부 7층 1600㎡(56.6×28.3m)
단일+저층부,2 저층부,55,55,166.25,67,41,37580,400.0,9994,47574,4942,52.6,0.152,4.044,10.56,55층 446㎡(42.2×10.6m) + 저층부 3층 4800㎡(82.0×58.6m)
단일,1b 층수·세장비,55,55,166.25,67,37,37580,400.0,12068,49648,754,8.03,0.051,3.904,11.69,55층 683㎡(58.4×11.7m)
단일+저층부,2 저층부,55,55,166.25,67,36,37580,400.0,8537,46117,2503,26.64,0.2,3.903,12.28,55층 302㎡(24.6×12.3m) + 저층부 10층 2400㎡(65.7×36.5m)
단일+저층부,2 저층부,50,50,151.5,67,34,37580,400.0,8394,45974,4946,52.64,0.159,4.073,15.7,50층 493㎡(31.4×15.7m) + 저층부 3층 4800㎡(93.0×51.6m)
타워+저층별동,5 저층별동,50,50,151.5,67,36,37580,400.0,9604,47184,2263,24.09,0.11,4.045,16.24,50층 528㎡(32.5×16.2m) + 저층부 7층 1600㎡(56.6×28.3m)
타워+저층별동,5 저층별동,50,50,151.5,67,45,37580,400.0,10842,48422,2406,25.61,0.103,4.04,12.8,50층 656㎡(51.2×12.8m) + 저층부 3층 1600㎡(56.6×28.3m)
단일+저층부,2 저층부,50,50,151.5,67,28,37580,400.0,8919,46499,3316,35.29,0.32,4.02,9.39,50층 353㎡(37.6×9.4m) + 저층부 7층 3200㎡(66.9×47.8m)
타워+저층별동,5 저층별동,50,50,151.5,67,24,37580,400.0,10876,48456,2170,23.1,0.043,4.017,10.39,50층 432㎡(41.5×10.4m) + 저층부 10층 1600㎡(56.6×28.3m)
단일,1b 층수·세장비,45,45,136.75,67,39,37580,400.0,8368,45948,895,9.53,0.067,4.072,23.6,45층 835㎡(35.4×23.6m)
단일+저층부,2 저층부,45,45,136.75,67,34,37580,400.0,8443,46023,4129,43.95,0.238,4.032,15.61,45층 609㎡(39.0×15.6m) + 저층부 3층 4000㎡(74.8×53.5m)
단일,1a 방위·위치,45,45,136.75,67,32,37580,400.0,9041,46621,900,9.58,0.172,4.005,18.28,45층 835㎡(45.7×18.3m)
단일,1a 방위·위치,45,45,136.75,67,33,37580,400.0,9041,46621,900,9.58,0.066,3.936,18.28,45층 835㎡(45.7×18.3m)
타워+저층별동,5 저층별동,45,45,136.75,67,8,37580,400.0,9312,46892,2213,23.55,0.036,3.915,15.48,45층 480㎡(31.0×15.5m) + 저층부 10층 1600㎡(56.6×28.3m)
타워+저층별동,5 저층별동,40,40,122.0,67,37,37580,400.0,10067,47647,2418,25.74,0.086,4.055,12.84,40층 660㎡(51.4×12.8m) + 저층부 7층 1600㎡(69.3×23.1m)
단일,1b 층수·세장비,40,40,122.0,67,32,37580,400.0,9555,47135,1017,10.83,0.187,3.986,15.33,40층 940㎡(61.3×15.3m)
타워+저층별동,5 저층별동,40,40,122.0,67,39,37580,400.0,8438,46018,2567,27.32,0.132,3.938,20.24,40층 820㎡(40.5×20.2m) + 저층부 3층 1600㎡(56.6×28.3m)
단일,1b 층수·세장비,40,40,122.0,67,36,37580,400.0,8502,46082,1008,10.73,0.262,3.882,19.39,40층 940㎡(48.5×19.4m)
타워+저층별동,5 저층별동,40,40,122.0,67,6,37580,400.0,8908,46488,2276,24.22,0.047,3.85,16.42,40층 540㎡(32.8×16.4m) + 저층부 10층 1600㎡(56.6×28.3m)
타워+저층별동,5 저층별동,35,35,107.25,67,16,37580,400.0,8699,46279,2509,26.7,0.043,3.847,17.36,35층 754㎡(43.4×17.4m) + 저층부 7층 1600㎡(69.3×23.1m)
타워+저층별동,5 저층별동,60,60,181.0,68,40,37580,400.0,11849,49429,2292,24.39,0.101,4.036,11.69,60층 546㎡(46.7×11.7m) + 저층부 3층 1600㎡(56.6×28.3m)
단일,1b 층수·세장비,60,60,181.0,68,41,37580,400.0,11802,49382,690,7.34,0.103,4.018,12.51,60층 626㎡(50.1×12.5m)
단일,1b 층수·세장비,60,60,181.0,68,43,37580,400.0,11802,49382,690,7.34,0.064,3.982,12.51,60층 626㎡(50.1×12.5m)
단일,1b 층수·세장비,60,60,181.0,68,44,37580,400.0,12628,50208,694,7.39,0.113,3.966,11.19,60층 626㎡(56.0×11.2m)
단일,1b 층수·세장비,60,60,181.0,68,40,37580,400.0,9735,47315,678,7.22,0.056,3.927,20.43,60층 626㎡(30.7×20.4m)
단일+저층부,2 저층부,55,55,166.25,68,39,37580,400.0,8989,46569,4129,43.95,0.058,4.093,15.68,55층 492㎡(31.4×15.7m) + 저층부 3층 4000㎡(74.8×53.5m)
단일+저층부,2 저층부,55,55,166.25,68,37,37580,400.0,9507,47087,4133,43.99,0.153,4.079,9.38,55층 352㎡(37.5×9.4m) + 저층부 5층 4000㎡(84.9×47.1m)
단일+저층부,2 저층부,55,55,166.25,68,35,37580,400.0,9263,46843,3316,35.29,0.227,4.057,8.99,55층 316㎡(35.2×9.0m) + 저층부 7층 3200㎡(66.9×47.8m)
단일+저층부,2 저층부,55,55,166.25,68,46,37580,400.0,8701,46281,4133,43.99,0.277,4.044,11.86,55층 352㎡(29.6×11.9m) + 저층부 5층 4000㎡(84.9×47.1m)
단일+저층부,2 저층부,55,55,166.25,68,43,37580,400.0,9309,46889,4129,43.95,0.15,4.043,14.03,55층 492㎡(35.1×14.0m) + 저층부 3층 4000㎡(74.8×53.5m)
단일,1b 층수·세장비,55,55,166.25,68,35,37580,400.0,9299,46879,738,7.85,0.064,4.026,21.34,55층 683㎡(32.0×21.3m)
단일+저층부,2 저층부,50,50,151.5,68,36,37580,400.0,8594,46174,4953,52.72,0.156,4.099,8.69,50층 302㎡(34.7×8.7m) + 저층부 5층 4800㎡(107.3×44.7m)
단일+저층부,2 저층부,50,50,151.5,68,34,37580,400.0,8035,45615,4129,43.95,0.239,4.087,13.98,50층 391㎡(28.0×14.0m) + 저층부 5층 4000㎡(74.8×53.5m)
단일+저층부,2 저층부,50,50,151.5,68,37,37580,400.0,8421,46001,4942,52.6,0.272,4.071,8.69,50층 302㎡(34.7×8.7m) + 저층부 5층 4800㎡(82.0×58.6m)
쌍둥이+저층부,4 쌍둥이+저층부,50+50,50,151.5,68,32,37580,400.0,12402,49982,3316,35.29,0.065,3.857,11.63,50층 298㎡(25.6×11.6m) + 50층 298㎡(25.6×11.6m) + 저층부 3층 3200㎡(66.9×47.8m)
단일,1b 층수·세장비,50,50,151.5,68,36,37580,400.0,9553,47133,813,8.66,0.171,3.854,17.34,50층 752㎡(43.3×17.3m)
단일+저층부,2 저층부,45,45,136.75,68,33,37580,400.0,7898,45478,4129,43.95,0.172,4.103,13.26,45층 440㎡(33.1×13.3m) + 저층부 5층 4000㎡(74.8×53.5m)
단일+저층부,2 저층부,45,45,136.75,68,35,37580,400.0,8102,45682,4946,52.64,0.332,4.073,9.21,45층 340㎡(36.9×9.2m) + 저층부 5층 4800㎡(93.0×51.6m)
타워+저층별동,5 저층별동,45,45,136.75,68,37,37580,400.0,8925,46505,2473,26.32,0.082,4.052,19.08,45층 728㎡(38.2×19.1m) + 저층부 3층 1600㎡(56.6×28.3m)
단일+저층부,2 저층부,45,45,136.75,68,35,37580,400.0,8222,45802,4942,52.6,0.274,4.031,14.86,45층 552㎡(37.1×14.9m) + 저층부 3층 4800㎡(82.0×58.6m)
단일+저층부,2 저층부,45,45,136.75,68,37,37580,400.0,8576,46156,4129,43.95,0.239,4.03,10.6,45층 440㎡(41.5×10.6m) + 저층부 5층 4000㎡(74.8×53.5m)
단일+저층부,2 저층부,45,45,136.75,68,35,37580,400.0,8443,46023,4129,43.95,0.284,4.019,15.61,45층 609㎡(39.0×15.6m) + 저층부 3층 4000㎡(74.8×53.5m)
단일,1b 층수·세장비,45,45,136.75,68,37,37580,400.0,10158,47738,908,9.67,0.103,3.995,14.45,45층 835㎡(57.8×14.4m)
단일,1b 층수·세장비,45,45,136.75,68,36,37580,400.0,9415,46995,903,9.61,0.105,3.901,16.68,45층 835㎡(50.1×16.7m)
단일,1b 층수·세장비,45,45,136.75,68,36,37580,400.0,8681,46261,897,9.55,0.188,3.884,20.43,45층 835㎡(40.9×20.4m)
타워+저층별동,5 저층별동,45,45,136.75,68,10,37580,400.0,10607,48187,2228,23.72,0.06,3.861,11.07,45층 480㎡(43.3×11.1m) + 저층부 10층 1600㎡(69.3×23.1m)
단일+저층부,2 저층부,40,40,122.0,68,39,37580,400.0,6788,44368,4129,43.95,0.407,4.094,10.78,40층 290㎡(26.9×10.8m) + 저층부 7층 4000㎡(74.8×53.5m)
단일+저층부,2 저층부,40,40,122.0,68,37,37580,400.0,6855,44435,4942,52.6,0.205,4.08,13.93,40층 388㎡(27.9×13.9m) + 저층부 5층 4800㎡(82.0×58.6m)
단일,1b 층수·세장비,40,40,122.0,68,40,37580,400.0,7868,45448,1003,10.68,0.209,3.882,25.03,40층 940㎡(37.5×25.0m)
타워+저층별동,5 저층별동,35,35,107.25,68,33,37580,400.0,7922,45502,2688,28.61,0.043,4.089,21.64,35층 937㎡(43.3×21.6m) + 저층부 3층 1600㎡(56.6×28.3m)
단일+저층부,2 저층부,35,35,107.25,68,32,37580,400.0,6662,44242,4942,52.6,0.457,4.048,13.46,35층 453㎡(33.6×13.5m) + 저층부 5층 4800㎡(82.0×58.6m)
단일+저층부,2 저층부,35,35,107.25,68,31,37580,400.0,7239,44819,4946,52.64,0.22,4.044,10.76,35층 453㎡(42.1×10.8m) + 저층부 5층 4800㎡(93.0×51.6m)
단일+저층부,2 저층부,35,35,107.25,68,28,37580,400.0,7239,44819,4946,52.64,0.224,4.026,10.76,35층 453㎡(42.1×10.8m) + 저층부 5층 4800㎡(93.0×51.6m)
단일+저층부,2 저층부,35,35,107.25,68,29,37580,400.0,6448,44028,4129,43.95,0.2,3.986,11.7,35층 342㎡(29.2×11.7m) + 저층부 7층 4000㎡(74.8×53.5m)
단일,1b 층수·세장비,35,35,107.25,68,31,37580,400.0,7614,45194,1144,12.18,0.081,3.931,23.17,35층 1074㎡(46.3×23.2m)
타워+저층별동,5 저층별동,35,35,107.25,68,30,37580,400.0,8108,45688,2594,27.61,0.194,3.906,20.56,35층 845㎡(41.1×20.6m) + 저층부 5층 1600㎡(56.6×28.3m)
단일,1b 층수·세장비,35,35,107.25,68,37,37580,400.0,7931,45511,1147,12.21,0.193,3.886,20.72,35층 1074㎡(51.8×20.7m)
단일+저층부,2 저층부,60,60,181.0,69,45,37580,400.0,10980,48560,3316,35.29,0.105,4.091,11.2,60층 491㎡(43.8×11.2m) + 저층부 3층 3200㎡(66.9×47.8m)
단일+저층부,2 저층부,60,60,181.0,69,42,37580,400.0,10462,48042,4946,52.64,0.103,4.068,10.08,60층 407㎡(40.3×10.1m) + 저층부 3층 4800㎡(93.0×51.6m)
단일,1b 층수·세장비,60,60,181.0,69,41,37580,400.0,10096,47676,680,7.24,0.064,4.062,17.7,60층 626㎡(35.4×17.7m)
타워+저층별동,5 저층별동,60,60,181.0,69,42,37580,400.0,10323,47903,2290,24.38,0.071,4.044,16.53,60층 546㎡(33.1×16.5m) + 저층부 3층 1600㎡(69.3×23.1m)
단일,1b 층수·세장비,60,60,181.0,69,37,37580,400.0,10943,48523,685,7.29,0.136,3.991,14.45,60층 626㎡(43.3×14.4m)
타워+저층별동,5 저층별동,60,60,181.0,69,25,37580,400.0,10391,47971,2171,23.11,0.042,3.985,14.83,60층 440㎡(29.7×14.8m) + 저층부 7층 1600㎡(56.6×28.3m)
타워+저층별동,5 저층별동,60,60,181.0,69,43,37580,400.0,10619,48199,2246,23.9,0.137,3.961,15.7,60층 493㎡(31.4×15.7m) + 저층부 5층 1600㎡(84.9×18.9m)
단일+저층부,2 저층부,60,60,181.0,69,28,37580,400.0,9305,46885,2500,26.61,0.084,3.918,14.0,60층 392㎡(28.0×14.0m) + 저층부 7층 2400㎡(58.0×41.4m)
타워+저층별동,5 저층별동,60,60,181.0,69,6,37580,400.0,10417,47997,2087,22.21,0.07,3.872,13.41,60층 360㎡(26.8×13.4m) + 저층부 10층 1600㎡(56.6×28.3m)
타워+저층별동,5 저층별동,55,55,166.25,69,40,37580,400.0,11314,48894,2282,24.29,0.086,4.04,11.73,55층 538㎡(45.9×11.7m) + 저층부 5층 1600㎡(56.6×28.3m)
단일,1b 층수·세장비,55,55,166.25,69,36,37580,400.0,11278,48858,750,7.98,0.042,3.887,13.07,55층 683㎡(52.3×13.1m)
단일+저층부,2 저층부,50,50,151.5,69,39,37580,400.0,9773,47353,4129,43.95,0.136,4.08,11.8,50층 544㎡(46.1×11.8m) + 저층부 3층 4000㎡(74.8×53.5m)
단일,1b 층수·세장비,50,50,151.5,69,36,37580,400.0,8844,46424,809,8.61,0.058,4.067,22.38,50층 752㎡(33.6×22.4m)
단일+저층부,2 저층부,50,50,151.5,69,34,37580,400.0,8886,46466,4129,43.95,0.176,4.045,14.75,50층 544㎡(36.9×14.8m) + 저층부 3층 4000㎡(74.8×53.5m)
단일+저층부,2 저층부,50,50,151.5,69,35,37580,400.0,8439,46019,4140,44.06,0.253,3.952,12.5,50층 391㎡(31.3×12.5m) + 저층부 5층 4000㎡(98.0×40.8m)
단일,1b 층수·세장비,50,50,151.5,69,42,37580,400.0,9553,47133,813,8.66,0.215,3.94,17.34,50층 752㎡(43.3×17.3m)
단일,1b 층수·세장비,50,50,151.5,69,36,37580,400.0,9553,47133,813,8.66,0.062,3.908,17.34,50층 752㎡(43.3×17.3m)
타워+저층별동,5 저층별동,50,50,151.5,69,15,37580,400.0,10209,47789,2172,23.12,0.157,3.883,13.14,50층 432㎡(32.8×13.1m) + 저층부 10층 1600㎡(69.3×23.1m)
단일+저층부,2 저층부,45,45,136.75,69,36,37580,400.0,8632,46212,4133,43.99,0.117,4.107,10.6,45층 440㎡(41.5×10.6m) + 저층부 5층 4000㎡(84.9×47.1m)
단일+저층부,2 저층부,45,45,136.75,69,42,37580,400.0,7898,45478,4129,43.95,0.15,4.082,13.26,45층 440㎡(33.1×13.3m) + 저층부 5층 4000㎡(74.8×53.5m)
단일+저층부,2 저층부,45,45,136.75,69,38,37580,400.0,7666,45246,4129,43.95,0.355,4.062,14.82,45층 440㎡(29.6×14.8m) + 저층부 5층 4000㎡(74.8×53.5m)
단일+저층부,2 저층부,45,45,136.75,69,21,37580,400.0,7928,45508,3319,35.33,0.091,4.043,12.64,45층 399㎡(31.6×12.6m) + 저층부 7층 3200㎡(75.9×42.2m)
단일,1a 방위·위치,45,45,136.75,69,34,37580,400.0,9041,46621,900,9.58,0.254,3.972,18.28,45층 835㎡(45.7×18.3m)
단일+저층부,2 저층부,45,45,136.75,69,27,37580,400.0,7718,45298,3319,35.33,0.169,3.909,14.13,45층 399㎡(28.3×14.1m) + 저층부 7층 3200㎡(75.9×42.2m)
단일+저층부,2 저층부,40,40,122.0,69,35,37580,400.0,7107,44687,4946,52.64,0.372,4.079,12.46,40층 388㎡(31.1×12.5m) + 저층부 5층 4800㎡(93.0×51.6m)
단일+저층부,2 저층부,40,40,122.0,69,34,37580,400.0,8571,46151,4942,52.6,0.153,4.074,12.51,40층 626㎡(50.1×12.5m) + 저층부 3층 4800㎡(82.0×58.6m)
단일,1b 층수·세장비,35,35,107.25,69,30,37580,400.0,7614,45194,1144,12.18,0.091,4.062,23.17,35층 1074㎡(46.3×23.2m)
단일+저층부,2 저층부,35,35,107.25,69,35,37580,400.0,7164,44744,4953,52.72,0.28,4.056,19.03,35층 724㎡(38.1×19.0m) + 저층부 3층 4800㎡(107.3×44.7m)
쌍둥이+저층부,4 쌍둥이+저층부,35+35,35,107.25,69,35,37580,400.0,9157,46737,4129,43.95,0.115,3.986,11.54,35층 293㎡(25.4×11.5m) + 35층 293㎡(25.4×11.5m) + 저층부 5층 4000㎡(74.8×53.5m)
단일+저층부,2 저층부,35,35,107.25,69,35,37580,400.0,6917,44497,4133,43.99,0.183,3.957,17.12,35층 586㎡(34.2×17.1m) + 저층부 5층 4000㎡(84.9×47.1m)
단일,1b 층수·세장비,35,35,107.25,69,34,37580,400.0,7614,45194,1144,12.18,0.054,3.944,23.17,35층 1074㎡(46.3×23.2m)
단일,1b 층수·세장비,60,60,181.0,70,46,37580,400.0,10512,48092,683,7.27,0.097,4.062,15.83,60층 626㎡(39.6×15.8m)
단일+저층부,2 저층부,60,60,181.0,70,34,37580,400.0,9713,47293,4129,43.95,0.16,4.056,13.4,60층 449㎡(33.5×13.4m) + 저층부 3층 4000㎡(74.8×53.5m)
단일+저층부,2 저층부,60,60,181.0,70,31,37580,400.0,9656,47236,2503,26.64,0.086,4.045,12.52,60층 392㎡(31.3×12.5m) + 저층부 7층 2400㎡(65.7×36.5m)
단일+저층부,2 저층부,60,60,181.0,70,36,37580,400.0,9713,47293,4129,43.95,0.231,4.04,13.4,60층 449㎡(33.5×13.4m) + 저층부 3층 4000㎡(74.8×53.5m)
단일+저층부,2 저층부,60,60,181.0,70,33,37580,400.0,9989,47569,3319,35.33,0.142,4.04,14.01,60층 491㎡(35.0×14.0m) + 저층부 3층 3200㎡(75.9×42.2m)
단일,1b 층수·세장비,60,60,181.0,70,44,37580,400.0,10512,48092,683,7.27,0.107,4.018,15.83,60층 626㎡(39.6×15.8m)
타워+저층별동,5 저층별동,60,60,181.0,70,43,37580,400.0,10336,47916,2227,23.7,0.137,3.962,15.7,60층 493㎡(31.4×15.7m) + 저층부 5층 1600㎡(56.6×28.3m)
단일,1b 층수·세장비,60,60,181.0,70,33,37580,400.0,12628,50208,694,7.39,0.022,3.924,11.19,60층 626㎡(56.0×11.2m)
단일+저층부,2 저층부,55,55,166.25,70,34,37580,400.0,8783,46363,4946,52.64,0.19,4.057,14.93,55층 446㎡(29.9×14.9m) + 저층부 3층 4800㎡(93.0×51.6m)
단일+저층부,2 저층부,55,55,166.25,70,32,37580,400.0,8938,46518,2500,26.61,0.097,4.055,14.71,55층 433㎡(29.4×14.7m) + 저층부 7층 2400㎡(58.0×41.4m)
타워+저층별동,5 저층별동,55,55,166.25,70,35,37580,400.0,9898,47478,2342,24.93,0.045,4.029,17.26,55층 596㎡(34.5×17.3m) + 저층부 3층 1600㎡(69.3×23.1m)
단일+저층부,2 저층부,55,55,166.25,70,35,37580,400.0,9388,46968,2500,26.61,0.173,4.025,17.09,55층 584㎡(34.2×17.1m) + 저층부 3층 2400㎡(58.0×41.4m)
단일+저층부,2 저층부,55,55,166.25,70,28,37580,400.0,8695,46275,2509,26.7,0.179,3.905,12.28,55층 302㎡(24.6×12.3m) + 저층부 10층 2400㎡(75.9×31.6m)
타워+저층별동,5 저층별동,55,55,166.25,70,19,37580,400.0,11246,48826,2128,22.65,0.211,3.881,10.02,55층 392㎡(39.2×10.0m) + 저층부 10층 1600㎡(56.6×28.3m)
타워+저층별동,5 저층별동,55,55,166.25,70,11,37580,400.0,11249,48829,2153,22.91,0.131,3.801,12.53,55층 392㎡(31.3×12.5m) + 저층부 10층 1600㎡(98.0×16.3m)
타워+저층별동,5 저층별동,50,50,151.5,70,38,37580,400.0,9597,47177,3168,33.72,0.095,4.057,15.59,50층 608㎡(39.0×15.6m) + 저층부 3층 2400㎡(69.3×34.6m)
단일+저층부,2 저층부,50,50,151.5,70,34,37580,400.0,8750,46330,4953,52.72,0.225,4.056,14.05,50층 493㎡(35.1×14.0m) + 저층부 3층 4800㎡(107.3×44.7m)
단일,1b 층수·세장비,50,50,151.5,70,34,37580,400.0,8844,46424,809,8.61,0.03,4.04,22.38,50층 752㎡(33.6×22.4m)
단일+저층부,2 저층부,45,45,136.75,70,33,37580,400.0,7203,44783,4942,52.6,0.308,4.085,13.03,45층 340㎡(26.1×13.0m) + 저층부 5층 4800㎡(82.0×58.6m)
단일+저층부,2 저층부,45,45,136.75,70,40,37580,400.0,8089,45669,3319,35.33,0.144,4.082,16.42,45층 540㎡(32.8×16.4m) + 저층부 5층 3200㎡(75.9×42.2m)
단일+저층부,2 저층부,45,45,136.75,70,35,37580,400.0,8156,45736,4129,43.95,0.269,4.034,17.45,45층 609㎡(34.9×17.5m) + 저층부 3층 4000㎡(74.8×53.5m)
단일+저층부,2 저층부,45,45,136.75,70,35,37580,400.0,7858,45438,3316,35.29,0.348,4.027,12.64,45층 399㎡(31.6×12.6m) + 저층부 7층 3200㎡(66.9×47.8m)
타워+저층별동,5 저층별동,45,45,136.75,70,16,37580,400.0,8588,46168,2845,30.28,0.068,4.01,12.28,45층 302㎡(24.6×12.3m) + 저층부 10층 2400㎡(69.3×34.6m)
단일,1b 층수·세장비,45,45,136.75,70,37,37580,400.0,8368,45948,895,9.53,0.126,3.905,23.6,45층 835㎡(35.4×23.6m)
단일+저층부,2 저층부,40,40,122.0,70,33,37580,400.0,7604,45184,4942,52.6,0.257,4.11,9.96,40층 388㎡(38.9×10.0m) + 저층부 5층 4800㎡(82.0×58.6m)
타워+저층별동,5 저층별동,40,40,122.0,70,37,37580,400.0,8438,46018,2567,27.32,0.086,4.066,20.24,40층 820㎡(40.5×20.2m) + 저층부 3층 1600㎡(56.6×28.3m)
단일+저층부,2 저층부,40,40,122.0,70,35,37580,400.0,7868,45448,3316,35.29,0.254,4.028,19.45,40층 756㎡(38.9×19.4m) + 저층부 3층 3200㎡(66.9×47.8m)
타워+저층별동,5 저층별동,40,40,122.0,70,20,37580,400.0,10067,47647,2418,25.74,0.12,3.854,12.84,40층 660㎡(51.4×12.8m) + 저층부 7층 1600㎡(69.3×23.1m)
단일+저층부,2 저층부,35,35,107.25,70,27,37580,400.0,7686,45266,4129,43.95,0.342,4.004,12.1,35층 586㎡(48.4×12.1m) + 저층부 5층 4000㎡(74.8×53.5m)
단일+저층부,2 저층부,35,35,107.25,70,29,37580,400.0,6305,43885,4129,43.95,0.195,3.989,13.08,35층 342㎡(26.2×13.1m) + 저층부 7층 4000㎡(74.8×53.5m)
쌍둥이+저층부,4 쌍둥이+저층부,35+35,35,107.25,70,35,37580,400.0,10630,48210,4135,44.01,0.15,3.915,10.32,35층 480㎡(37.9×12.6m) + 35층 320㎡(31.0×10.3m) + 저층부 3층 4000㎡(89.4×44.7m)
단일+저층부,2 저층부,60,60,181.0,71,42,37580,400.0,9789,47369,4129,43.95,0.106,4.119,9.04,60층 320㎡(35.4×9.0m) + 저층부 5층 4000㎡(74.8×53.5m)
단일+저층부,2 저층부,60,60,181.0,71,34,37580,400.0,9895,47475,4133,43.99,0.18,4.086,8.94,60층 320㎡(35.8×8.9m) + 저층부 5층 4000㎡(84.9×47.1m)
단일+저층부,2 저층부,60,60,181.0,71,34,37580,400.0,9989,47569,3319,35.33,0.177,4.027,14.01,60층 491㎡(35.0×14.0m) + 저층부 3층 3200㎡(75.9×42.2m)
단일+저층부,2 저층부,60,60,181.0,71,34,37580,400.0,10173,47753,2500,26.61,0.157,4.02,14.6,60층 533㎡(36.5×14.6m) + 저층부 3층 2400㎡(58.0×41.4m)
단일,1b 층수·세장비,60,60,181.0,71,39,37580,400.0,12628,50208,694,7.39,0.073,3.983,11.19,60층 626㎡(56.0×11.2m)
타워+저층별동,5 저층별동,60,60,181.0,71,31,37580,400.0,10898,48478,2180,23.21,0.073,3.973,13.26,60층 440㎡(33.2×13.3m) + 저층부 7층 1600㎡(69.3×23.1m)
타워+저층별동,5 저층별동,60,60,181.0,71,17,37580,400.0,12218,49798,2112,22.49,0.048,3.837,9.59,60층 360㎡(37.5×9.6m) + 저층부 10층 1600㎡(84.9×18.9m)
단일+저층부,2 저층부,55,55,166.25,71,25,37580,400.0,8451,46031,2500,26.61,0.161,4.1,12.28,55층 302㎡(24.6×12.3m) + 저층부 10층 2400㎡(58.0×41.4m)
단일+저층부,2 저층부,55,55,166.25,71,32,37580,400.0,9376,46956,3319,35.33,0.208,4.071,8.89,55층 316㎡(35.6×8.9m) + 저층부 7층 3200㎡(75.9×42.2m)
단일,1b 층수·세장비,55,55,166.25,71,35,37580,400.0,10455,48035,745,7.93,0.161,3.999,15.09,55층 683㎡(45.3×15.1m)
단일+저층부,2 저층부,55,55,166.25,71,31,37580,400.0,8912,46492,2509,26.7,0.173,3.924,10.99,55층 302㎡(27.5×11.0m) + 저층부 10층 2400㎡(75.9×31.6m)
단일,1b 층수·세장비,55,55,166.25,71,36,37580,400.0,9644,47224,740,7.87,0.078,3.894,18.48,55층 683㎡(37.0×18.5m)
단일+저층부,2 저층부,50,50,151.5,71,35,37580,400.0,8482,46062,4946,52.64,0.213,4.113,8.69,50층 302㎡(34.7×8.7m) + 저층부 5층 4800㎡(93.0×51.6m)
단일+저층부,2 저층부,50,50,151.5,71,39,37580,400.0,7749,45329,4942,52.6,0.331,4.081,10.99,50층 302㎡(27.5×11.0m) + 저층부 5층 4800㎡(82.0×58.6m)
단일+저층부,2 저층부,50,50,151.5,71,34,37580,400.0,9562,47142,3316,35.29,0.129,4.036,10.95,50층 480㎡(43.8×10.9m) + 저층부 5층 3200㎡(66.9×47.8m)
타워+저층별동,5 저층별동,50,50,151.5,71,31,37580,400.0,9844,47424,2332,24.82,0.171,4.017,15.38,50층 592㎡(38.5×15.4m) + 저층부 5층 1600㎡(56.6×28.3m)
단일,1b 층수·세장비,50,50,151.5,71,33,37580,400.0,9174,46754,811,8.63,0.155,4.01,19.39,50층 752㎡(38.8×19.4m)
단일+저층부,2 저층부,45,45,136.75,71,35,37580,400.0,7722,45302,4133,43.99,0.23,4.084,14.82,45층 440㎡(29.6×14.8m) + 저층부 5층 4000㎡(84.9×47.1m)
단일,1b 층수·세장비,45,45,136.75,71,37,37580,400.0,10873,48453,914,9.72,0.032,4.07,12.92,45층 835㎡(64.6×12.9m)
단일+저층부,2 저층부,45,45,136.75,71,35,37580,400.0,7898,45478,4129,43.95,0.296,4.048,13.26,45층 440㎡(33.1×13.3m) + 저층부 5층 4000㎡(74.8×53.5m)
단일+저층부,2 저층부,45,45,136.75,71,31,37580,400.0,8102,45682,4946,52.64,0.337,4.023,9.21,45층 340㎡(36.9×9.2m) + 저층부 5층 4800㎡(93.0×51.6m)
단일,1a 방위·위치,45,45,136.75,71,37,37580,400.0,9041,46621,900,9.58,0.166,3.958,18.28,45층 835㎡(45.7×18.3m)
타워+저층별동,5 저층별동,45,45,136.75,71,33,37580,400.0,9878,47458,2232,23.75,0.194,3.901,15.48,45층 480㎡(31.0×15.5m) + 저층부 10층 1600㎡(84.9×18.9m)
단일+저층부,2 저층부,40,40,122.0,71,30,37580,400.0,6866,44446,4133,43.99,0.387,4.077,10.78,40층 290㎡(26.9×10.8m) + 저층부 7층 4000㎡(84.9×47.1m)
단일+저층부,2 저층부,40,40,122.0,71,33,37580,400.0,6916,44496,4946,52.64,0.194,4.073,13.93,40층 388㎡(27.9×13.9m) + 저층부 5층 4800㎡(93.0×51.6m)
타워+저층별동,5 저층별동,40,40,122.0,71,35,37580,400.0,8600,46180,2484,26.44,0.092,4.054,19.23,40층 740㎡(38.5×19.2m) + 저층부 5층 1600㎡(56.6×28.3m)
단일+저층부,2 저층부,40,40,122.0,71,35,37580,400.0,7775,45355,4942,52.6,0.372,4.026,15.83,40층 626㎡(39.6×15.8m) + 저층부 3층 4800㎡(82.0×58.6m)
단일+저층부,2 저층부,40,40,122.0,71,38,37580,400.0,7518,45098,4942,52.6,0.383,4.005,17.7,40층 626㎡(35.4×17.7m) + 저층부 3층 4800㎡(82.0×58.6m)
단일+저층부,2 저층부,40,40,122.0,71,25,37580,400.0,6866,44446,4133,43.99,0.237,3.961,10.78,40층 290㎡(26.9×10.8m) + 저층부 7층 4000㎡(84.9×47.1m)
단일,1b 층수·세장비,40,40,122.0,71,36,37580,400.0,8854,46434,1011,10.76,0.269,3.869,17.7,40층 940㎡(53.1×17.7m)
단일+저층부,2 저층부,35,35,107.25,71,35,37580,400.0,6917,44497,4133,43.99,0.101,4.114,17.12,35층 586㎡(34.2×17.1m) + 저층부 5층 4000㎡(84.9×47.1m)
단일+저층부,2 저층부,35,35,107.25,71,33,37580,400.0,6662,44242,4942,52.6,0.464,4.053,13.46,35층 453㎡(33.6×13.5m) + 저층부 5층 4800㎡(82.0×58.6m)
단일+저층부,2 저층부,35,35,107.25,71,36,37580,400.0,7178,44758,4942,52.6,0.274,4.049,10.76,35층 453㎡(42.1×10.8m) + 저층부 5층 4800㎡(82.0×58.6m)
쌍둥이+저층부,4 쌍둥이+저층부,35+35,35,107.25,71,34,37580,400.0,10322,47902,4948,52.67,0.083,3.954,9.83,35층 435㎡(36.1×12.0m) + 35층 290㎡(29.5×9.8m) + 저층부 3층 4800㎡(98.0×49.0m)
타워+저층별동,5 저층별동,35,35,107.25,71,33,37580,400.0,8481,46061,2356,25.08,0.119,3.915,17.56,35층 617㎡(35.1×17.6m) + 저층부 10층 1600㎡(56.6×28.3m)
단일+저층부,2 저층부,35,35,107.25,71,26,37580,400.0,7071,44651,3325,35.39,0.211,3.911,16.46,35층 542㎡(32.9×16.5m) + 저층부 7층 3200㎡(87.6×36.5m)
단일,1b 층수·세장비,35,35,107.25,71,39,37580,400.0,7614,45194,1144,12.18,0.185,3.89,23.17,35층 1074㎡(46.3×23.2m)
타워+저층별동,5 저층별동,60,60,181.0,72,36,37580,400.0,10643,48223,2094,22.29,0.102,4.049,13.41,60층 360㎡(26.8×13.4m) + 저층부 10층 1600㎡(69.3×23.1m)
타워+저층별동,5 저층별동,60,60,181.0,72,33,37580,400.0,11849,49429,2292,24.39,0.148,3.995,11.69,60층 546㎡(46.7×11.7m) + 저층부 3층 1600㎡(56.6×28.3m)
타워+저층별동,5 저층별동,60,60,181.0,72,21,37580,400.0,10417,47997,2087,22.21,0.203,3.9,13.41,60층 360㎡(26.8×13.4m) + 저층부 10층 1600㎡(56.6×28.3m)
단일+저층부,2 저층부,55,55,166.25,72,43,37580,400.0,9938,47518,4942,52.6,0.095,4.079,10.68,55층 446㎡(41.7×10.7m) + 저층부 3층 4800㎡(82.0×58.6m)
타워+저층별동,5 저층별동,55,55,166.25,72,40,37580,400.0,10283,47863,2276,24.23,0.082,4.027,14.67,55층 538㎡(36.7×14.7m) + 저층부 5층 1600㎡(56.6×28.3m)
타워+저층별동,5 저층별동,55,55,166.25,72,4,37580,400.0,10591,48171,2131,22.68,0.039,3.848,12.53,55층 392㎡(31.3×12.5m) + 저층부 10층 1600㎡(69.3×23.1m)
단일+저층부,2 저층부,50,50,151.5,72,39,37580,400.0,8989,46569,3319,35.33,0.095,4.106,9.39,50층 353㎡(37.6×9.4m) + 저층부 7층 3200㎡(75.9×42.2m)
단일+저층부,2 저층부,50,50,151.5,72,40,37580,400.0,9101,46681,4133,43.99,0.156,4.101,9.88,50층 391㎡(39.5×9.9m) + 저층부 5층 4000㎡(84.9×47.1m)
단일+저층부,2 저층부,50,50,151.5,72,36,37580,400.0,8121,45701,2500,26.61,0.296,4.054,13.03,50층 340㎡(26.1×13.0m) + 저층부 10층 2400㎡(58.0×41.4m)
단일,1b 층수·세장비,50,50,151.5,72,31,37580,400.0,9947,47527,816,8.68,0.206,3.972,15.83,50층 752㎡(47.5×15.8m)
타워+저층별동,5 저층별동,50,50,151.5,72,23,37580,400.0,9762,47342,2271,24.17,0.221,3.858,16.24,50층 528㎡(32.5×16.2m) + 저층부 7층 1600㎡(69.3×23.1m)
단일+저층부,2 저층부,45,45,136.75,72,33,37580,400.0,8296,45876,3316,35.29,0.291,4.038,14.69,45층 540㎡(36.7×14.7m) + 저층부 5층 3200㎡(66.9×47.8m)
타워+저층별동,5 저층별동,45,45,136.75,72,35,37580,400.0,10366,47946,2333,24.83,0.1,4.027,12.24,45층 586㎡(47.9×12.2m) + 저층부 7층 1600㎡(56.6×28.3m)
단일,1b 층수·세장비,45,45,136.75,72,30,37580,400.0,9041,46621,900,9.58,0.07,4.006,18.28,45층 835㎡(45.7×18.3m)
단일,1b 층수·세장비,45,45,136.75,72,34,37580,400.0,8681,46261,897,9.55,0.212,3.979,20.43,45층 835㎡(40.9×20.4m)
쌍둥이+저층부,4 쌍둥이+저층부,45+45,45,136.75,72,37,37580,400.0,11425,49005,4129,43.95,0.09,3.937,11.77,45층 305㎡(25.9×11.8m) + 45층 305㎡(25.9×11.8m) + 저층부 3층 4000㎡(74.8×53.5m)
단일,1b 층수·세장비,45,45,136.75,72,45,37580,400.0,8368,45948,895,9.53,0.213,3.917,23.6,45층 835㎡(35.4×23.6m)
단일,1b 층수·세장비,45,45,136.75,72,40,37580,400.0,8368,45948,895,9.53,0.192,3.874,23.6,45층 835㎡(35.4×23.6m)
단일,1b 층수·세장비,40,40,122.0,72,36,37580,400.0,8502,46082,1008,10.73,0.048,4.085,19.39,40층 940㎡(48.5×19.4m)
단일+저층부,2 저층부,40,40,122.0,72,41,37580,400.0,8571,46151,4942,52.6,0.185,4.079,12.51,40층 626㎡(50.1×12.5m) + 저층부 3층 4800㎡(82.0×58.6m)
단일+저층부,2 저층부,40,40,122.0,72,27,37580,400.0,7271,44851,4129,43.95,0.348,4.067,8.52,40층 290㎡(34.1×8.5m) + 저층부 7층 4000㎡(74.8×53.5m)
단일+저층부,2 저층부,40,40,122.0,72,33,37580,400.0,7274,44854,3316,35.29,0.335,4.054,15.17,40층 460㎡(30.3×15.2m) + 저층부 7층 3200㎡(66.9×47.8m)
단일,1b 층수·세장비,40,40,122.0,72,34,37580,400.0,8854,46434,1011,10.76,0.213,3.996,17.7,40층 940㎡(53.1×17.7m)
타워+저층별동,5 저층별동,40,40,122.0,72,19,37580,400.0,9917,47497,2284,24.31,0.152,3.85,11.75,40층 540㎡(45.9×11.7m) + 저층부 10층 1600㎡(56.6×28.3m)
타워+저층별동,5 저층별동,40,40,122.0,72,17,37580,400.0,8908,46488,2276,24.22,0.047,3.849,16.42,40층 540㎡(32.8×16.4m) + 저층부 10층 1600㎡(56.6×28.3m)
타워+저층별동,5 저층별동,35,35,107.25,72,26,37580,400.0,9365,46945,2386,25.39,0.101,4.036,17.56,35층 617㎡(35.1×17.6m) + 저층부 10층 1600㎡(98.0×16.3m)
쌍둥이+저층부,4 쌍둥이+저층부,35+35,35,107.25,72,29,37580,400.0,10264,47844,4942,52.6,0.057,3.89,9.83,35층 435㎡(36.1×12.0m) + 35층 290㎡(29.5×9.8m) + 저층부 3층 4800㎡(82.0×58.6m)
단일+저층부,2 저층부,60,60,181.0,73,32,37580,400.0,9839,47419,4129,43.95,0.232,4.055,8.94,60층 320㎡(35.8×8.9m) + 저층부 5층 4000㎡(74.8×53.5m)
단일+저층부,2 저층부,60,60,181.0,73,40,37580,400.0,11044,48624,3316,35.29,0.088,4.053,11.08,60층 491㎡(44.3×11.1m) + 저층부 3층 3200㎡(66.9×47.8m)
단일,1b 층수·세장비,60,60,181.0,73,43,37580,400.0,10512,48092,683,7.27,0.075,4.042,15.83,60층 626㎡(39.6×15.8m)
단일+저층부,2 저층부,60,60,181.0,73,36,37580,400.0,10404,47984,4946,52.64,0.147,4.041,10.2,60층 407㎡(39.9×10.2m) + 저층부 3층 4800㎡(93.0×51.6m)
타워+저층별동,5 저층별동,60,60,181.0,73,32,37580,400.0,10705,48285,2229,23.73,0.148,4.024,14.04,60층 493㎡(35.1×14.0m) + 저층부 5층 1600㎡(56.6×28.3m)
타워+저층별동,5 저층별동,60,60,181.0,73,39,37580,400.0,11915,49495,2186,23.27,0.057,4.02,10.6,60층 440㎡(41.5×10.6m) + 저층부 7층 1600㎡(69.3×23.1m)
단일+저층부,2 저층부,60,60,181.0,73,43,37580,400.0,9379,46959,4129,43.95,0.262,4.017,14.98,60층 449㎡(30.0×15.0m) + 저층부 3층 4000㎡(74.8×53.5m)
단일,1b 층수·세장비,60,60,181.0,73,35,37580,400.0,10943,48523,685,7.29,0.172,4.006,14.45,60층 626㎡(43.3×14.4m)
단일,1b 층수·세장비,60,60,181.0,73,34,37580,400.0,10096,47676,680,7.24,0.037,4.005,17.7,60층 626㎡(35.4×17.7m)
타워+저층별동,5 저층별동,60,60,181.0,73,34,37580,400.0,10787,48367,2190,23.31,0.23,3.956,14.83,60층 440㎡(29.7×14.8m) + 저층부 7층 1600㎡(84.9×18.9m)
단일+저층부,2 저층부,55,55,166.25,73,36,37580,400.0,8645,46225,4129,43.95,0.147,4.092,11.86,55층 352㎡(29.6×11.9m) + 저층부 5층 4000㎡(74.8×53.5m)
단일+저층부,2 저층부,55,55,166.25,73,38,37580,400.0,9938,47518,4942,52.6,0.168,4.085,10.68,55층 446㎡(41.7×10.7m) + 저층부 3층 4800㎡(82.0×58.6m)
단일+저층부,2 저층부,55,55,166.25,73,36,37580,400.0,8441,46021,4133,43.99,0.31,4.042,13.26,55층 352㎡(26.5×13.3m) + 저층부 5층 4000㎡(84.9×47.1m)
단일+저층부,2 저층부,55,55,166.25,73,37,37580,400.0,9975,47555,4946,52.64,0.144,4.037,10.68,55층 446㎡(41.7×10.7m) + 저층부 3층 4800㎡(93.0×51.6m)
단일+저층부,2 저층부,55,55,166.25,73,37,37580,400.0,9023,46603,4133,43.99,0.178,4.035,15.68,55층 492㎡(31.4×15.7m) + 저층부 3층 4000㎡(84.9×47.1m)
단일+저층부,2 저층부,55,55,166.25,73,33,37580,400.0,9376,46956,3319,35.33,0.278,4.03,8.89,55층 316㎡(35.6×8.9m) + 저층부 7층 3200㎡(75.9×42.2m)
단일+저층부,2 저층부,55,55,166.25,73,35,37580,400.0,9342,46922,4133,43.99,0.228,4.026,14.03,55층 492㎡(35.1×14.0m) + 저층부 3층 4000㎡(84.9×47.1m)
단일+저층부,2 저층부,55,55,166.25,73,41,37580,400.0,9214,46794,2500,26.61,0.3,4.025,13.16,55층 433㎡(32.9×13.2m) + 저층부 7층 2400㎡(58.0×41.4m)
타워+저층별동,5 저층별동,55,55,166.25,73,40,37580,400.0,11492,49072,2290,24.38,0.11,4.013,11.6,55층 538㎡(46.4×11.6m) + 저층부 5층 1600㎡(69.3×23.1m)
타워+저층별동,5 저층별동,55,55,166.25,73,26,37580,400.0,10372,47952,2303,24.52,0.018,4.004,16.4,55층 538㎡(32.8×16.4m) + 저층부 5층 1600㎡(98.0×16.3m)
단일,1b 층수·세장비,55,55,166.25,73,35,37580,400.0,9299,46879,738,7.85,0.189,3.986,21.34,55층 683㎡(32.0×21.3m)
단일,1b 층수·세장비,50,50,151.5,73,33,37580,400.0,9174,46754,811,8.63,0.037,4.104,19.39,50층 752㎡(38.8×19.4m)
단일+저층부,2 저층부,50,50,151.5,73,33,37580,400.0,8336,45916,4133,43.99,0.205,4.063,12.5,50층 391㎡(31.3×12.5m) + 저층부 5층 4000㎡(84.9×47.1m)
단일,1b 층수·세장비,50,50,151.5,73,43,37580,400.0,8844,46424,809,8.61,0.091,4.053,22.38,50층 752㎡(33.6×22.4m)
단일+저층부,2 저층부,50,50,151.5,73,34,37580,400.0,8357,45937,4942,52.6,0.21,4.052,15.7,50층 493㎡(31.4×15.7m) + 저층부 3층 4800㎡(82.0×58.6m)
단일+저층부,2 저층부,50,50,151.5,73,39,37580,400.0,8781,46361,3316,35.29,0.129,4.05,17.25,50층 595㎡(34.5×17.3m) + 저층부 3층 3200㎡(66.9×47.8m)
단일,1b 층수·세장비,50,50,151.5,73,42,37580,400.0,10731,48311,821,8.74,0.084,4.044,13.71,50층 752㎡(54.8×13.7m)
단일+저층부,2 저층부,50,50,151.5,73,36,37580,400.0,8394,45974,4946,52.64,0.289,4.032,15.7,50층 493㎡(31.4×15.7m) + 저층부 3층 4800㎡(93.0×51.6m)
타워+저층별동,5 저층별동,50,50,151.5,73,35,37580,400.0,11008,48588,2279,24.26,0.096,4.017,11.62,50층 528㎡(45.4×11.6m) + 저층부 7층 1600㎡(69.3×23.1m)
단일+저층부,2 저층부,50,50,151.5,73,40,37580,400.0,9828,47408,4129,43.95,0.188,3.97,11.66,50층 544㎡(46.7×11.7m) + 저층부 3층 4000㎡(74.8×53.5m)
단일+저층부,2 저층부,45,45,136.75,73,32,37580,400.0,8259,45839,4946,52.64,0.201,4.052,14.86,45층 552㎡(37.1×14.9m) + 저층부 3층 4800㎡(93.0×51.6m)
타워+저층별동,5 저층별동,45,45,136.75,73,31,37580,400.0,8993,46573,2480,26.4,0.046,4.027,19.08,45층 728㎡(38.2×19.1m) + 저층부 3층 1600㎡(69.3×23.1m)
타워+저층별동,5 저층별동,45,45,136.75,73,34,37580,400.0,9072,46652,3015,32.09,0.177,4.003,13.59,45층 462㎡(34.0×13.6m) + 저층부 7층 2400㎡(69.3×34.6m)
타워+저층별동,5 저층별동,45,45,136.75,73,4,37580,400.0,9476,47056,2851,30.35,0.054,3.867,8.69,45층 302㎡(34.7×8.7m) + 저층부 10층 2400㎡(69.3×34.6m)
단일,1a 방위·위치,45,45,136.75,73,31,37580,400.0,9041,46621,900,9.58,0.034,3.863,18.28,45층 835㎡(45.7×18.3m)
쌍둥이+저층부,4 쌍둥이+저층부,45+45,45,136.75,73,31,37580,400.0,11964,49544,2500,26.61,0.125,3.853,11.47,45층 434㎡(30.9×14.0m) + 45층 289㎡(25.2×11.5m) + 저층부 3층 2400㎡(58.0×41.4m)
단일+저층부,2 저층부,40,40,122.0,73,31,37580,400.0,6853,44433,4140,44.06,0.303,4.109,12.05,40층 290㎡(24.1×12.0m) + 저층부 7층 4000㎡(98.0×40.8m)
단일+저층부,2 저층부,40,40,122.0,73,30,37580,400.0,6855,44435,4942,52.6,0.295,4.108,13.93,40층 388㎡(27.9×13.9m) + 저층부 5층 4800㎡(82.0×58.6m)
단일+저층부,2 저층부,40,40,122.0,73,32,37580,400.0,7046,44626,4942,52.6,0.345,4.084,12.46,40층 388㎡(31.1×12.5m) + 저층부 5층 4800㎡(82.0×58.6m)
단일+저층부,2 저층부,40,40,122.0,73,34,37580,400.0,7549,45129,4133,43.99,0.31,4.058,14.17,40층 502㎡(35.4×14.2m) + 저층부 5층 4000㎡(84.9×47.1m)
타워+저층별동,5 저층별동,40,40,122.0,73,42,37580,400.0,8823,46403,2577,27.43,0.133,4.054,18.11,40층 820㎡(45.3×18.1m) + 저층부 3층 1600㎡(69.3×23.1m)
단일+저층부,2 저층부,40,40,122.0,73,30,37580,400.0,6866,44446,4133,43.99,0.421,4.046,10.78,40층 290㎡(26.9×10.8m) + 저층부 7층 4000㎡(84.9×47.1m)
타워+저층별동,5 저층별동,40,40,122.0,73,29,37580,400.0,8401,45981,3199,34.05,0.058,4.046,17.88,40층 640㎡(35.8×17.9m) + 저층부 5층 2400㎡(69.3×34.6m)
단일+저층부,2 저층부,40,40,122.0,73,30,37580,400.0,7470,45050,3316,35.29,0.405,3.978,13.56,40층 460㎡(33.9×13.6m) + 저층부 7층 3200㎡(66.9×47.8m)
단일,1b 층수·세장비,40,40,122.0,73,41,37580,400.0,8854,46434,1011,10.76,0.095,3.928,17.7,40층 940㎡(53.1×17.7m)
쌍둥이+저층부,4 쌍둥이+저층부,40+40,40,122.0,73,29,37580,400.0,9965,47545,2500,26.61,0.086,3.884,14.03,40층 315㎡(22.4×14.0m) + 40층 315㎡(22.4×14.0m) + 저층부 7층 2400㎡(58.0×41.4m)
단일+저층부,2 저층부,35,35,107.25,73,35,37580,400.0,7686,45266,4129,43.95,0.17,4.081,12.1,35층 586㎡(48.4×12.1m) + 저층부 5층 4000㎡(74.8×53.5m)
타워+저층별동,5 저층별동,35,35,107.25,73,39,37580,400.0,8219,45799,2691,28.64,0.143,4.056,19.36,35층 937㎡(48.4×19.4m) + 저층부 3층 1600㎡(56.6×28.3m)
단일+저층부,2 저층부,35,35,107.25,73,34,37580,400.0,7062,44642,4129,43.95,0.364,4.055,15.31,35층 586㎡(38.3×15.3m) + 저층부 5층 4000㎡(74.8×53.5m)
단일,1b 층수·세장비,35,35,107.25,73,35,37580,400.0,7338,44918,1142,12.15,0.163,3.909,26.75,35층 1074㎡(40.1×26.8m)
단일,1b 층수·세장비,35,35,107.25,73,35,37580,400.0,7931,45511,1147,12.21,0.148,3.905,20.72,35층 1074㎡(51.8×20.7m)
쌍둥이+저층부,4 쌍둥이+저층부,35+35,35,107.25,73,30,37580,400.0,9323,46903,3316,35.29,0.16,3.89,14.99,35층 360㎡(24.0×15.0m) + 35층 360㎡(24.0×15.0m) + 저층부 5층 3200㎡(66.9×47.8m)
단일+저층부,2 저층부,60,60,181.0,74,34,37580,400.0,9050,46630,4133,43.99,0.224,4.077,11.31,60층 320㎡(28.3×11.3m) + 저층부 5층 4000㎡(84.9×47.1m)
단일+저층부,2 저층부,60,60,181.0,74,43,37580,400.0,9475,47055,4946,52.64,0.281,4.037,12.75,60층 407㎡(31.9×12.8m) + 저층부 3층 4800㎡(93.0×51.6m)
단일+저층부,2 저층부,60,60,181.0,74,36,37580,400.0,9120,46700,4942,52.6,0.255,4.033,14.26,60층 407㎡(28.5×14.3m) + 저층부 3층 4800㎡(82.0×58.6m)
단일+저층부,2 저층부,60,60,181.0,74,35,37580,400.0,9694,47274,3325,35.39,0.184,4.022,15.67,60층 491㎡(31.3×15.7m) + 저층부 3층 3200㎡(87.6×36.5m)
타워+저층별동,5 저층별동,60,60,181.0,74,32,37580,400.0,10376,47956,2915,31.03,0.263,4.021,13.16,60층 346㎡(26.3×13.2m) + 저층부 7층 2400㎡(103.9×23.1m)
단일+저층부,2 저층부,60,60,181.0,74,39,37580,400.0,9907,47487,2500,26.61,0.274,4.019,13.64,60층 465㎡(34.1×13.6m) + 저층부 5층 2400㎡(58.0×41.4m)
단일+저층부,2 저층부,60,60,181.0,74,36,37580,400.0,9610,47190,3316,35.29,0.242,4.009,15.67,60층 491㎡(31.3×15.7m) + 저층부 3층 3200㎡(66.9×47.8m)
단일+저층부,2 저층부,60,60,181.0,74,36,37580,400.0,9194,46774,3316,35.29,0.248,3.982,14.01,60층 392㎡(28.0×14.0m) + 저층부 5층 3200㎡(66.9×47.8m)
타워+저층별동,5 저층별동,60,60,181.0,74,38,37580,400.0,10909,48489,2314,24.63,0.266,3.972,14.78,60층 546㎡(37.0×14.8m) + 저층부 3층 1600㎡(98.0×16.3m)
단일+저층부,2 저층부,55,55,166.25,74,27,37580,400.0,8754,46334,2503,26.64,0.232,4.069,10.99,55층 302㎡(27.5×11.0m) + 저층부 10층 2400㎡(65.7×36.5m)
단일,1b 층수·세장비,55,55,166.25,74,39,37580,400.0,12068,49648,754,8.03,0.055,4.059,11.69,55층 683㎡(58.4×11.7m)
단일+저층부,2 저층부,55,55,166.25,74,38,37580,400.0,8747,46327,4942,52.6,0.165,4.057,14.93,55층 446㎡(29.9×14.9m) + 저층부 3층 4800㎡(82.0×58.6m)
타워+저층별동,5 저층별동,55,55,166.25,74,39,37580,400.0,10006,47586,2213,23.55,0.111,4.013,15.49,55층 480㎡(31.0×15.5m) + 저층부 7층 1600㎡(56.6×28.3m)
단일+저층부,2 저층부,55,55,166.25,74,36,37580,400.0,9023,46603,4133,43.99,0.263,4.011,15.68,55층 492㎡(31.4×15.7m) + 저층부 3층 4000㎡(84.9×47.1m)
타워+저층별동,5 저층별동,55,55,166.25,74,38,37580,400.0,9891,47471,3131,33.33,0.167,3.974,16.62,55층 552㎡(33.2×16.6m) + 저층부 3층 2400㎡(103.9×23.1m)
타워+저층별동,5 저층별동,55,55,166.25,74,18,37580,400.0,10064,47644,2121,22.58,0.189,3.846,14.01,55층 392㎡(28.0×14.0m) + 저층부 10층 1600㎡(56.6×28.3m)
타워+저층별동,5 저층별동,55,55,166.25,74,15,37580,400.0,10289,47869,2129,22.66,0.044,3.814,14.01,55층 392㎡(28.0×14.0m) + 저층부 10층 1600㎡(69.3×23.1m)
단일+저층부,2 저층부,50,50,151.5,74,38,37580,400.0,9490,47070,4942,52.6,0.167,4.079,11.23,50층 493㎡(43.9×11.2m) + 저층부 3층 4800㎡(82.0×58.6m)
타워+저층별동,5 저층별동,50,50,151.5,74,32,37580,400.0,9388,46968,2397,25.51,0.163,4.01,18.11,50층 656㎡(36.2×18.1m) + 저층부 3층 1600㎡(56.6×28.3m)
단일,1b 층수·세장비,50,50,151.5,74,37,37580,400.0,9553,47133,813,8.66,0.128,4.009,17.34,50층 752㎡(43.3×17.3m)
단일+저층부,2 저층부,45,45,136.75,74,37,37580,400.0,8041,45621,4942,52.6,0.101,4.133,9.21,45층 340㎡(36.9×9.2m) + 저층부 5층 4800㎡(82.0×58.6m)
단일+저층부,2 저층부,45,45,136.75,74,36,37580,400.0,8619,46199,4129,43.95,0.223,4.057,10.48,45층 440㎡(41.9×10.5m) + 저층부 5층 4000㎡(74.8×53.5m)
타워+저층별동,5 저층별동,45,45,136.75,74,37,37580,400.0,9072,46652,3015,32.09,0.105,4.044,13.59,45층 462㎡(34.0×13.6m) + 저층부 7층 2400㎡(69.3×34.6m)
단일+저층부,2 저층부,45,45,136.75,74,26,37580,400.0,7858,45438,3316,35.29,0.307,4.026,12.64,45층 399㎡(31.6×12.6m) + 저층부 7층 3200㎡(66.9×47.8m)
단일+저층부,2 저층부,45,45,136.75,74,32,37580,400.0,8366,45946,3319,35.33,0.219,4.024,18.25,45층 666㎡(36.5×18.3m) + 저층부 3층 3200㎡(75.9×42.2m)
단일,1a 방위·위치,45,45,136.75,74,32,37580,400.0,9041,46621,900,9.58,0.296,3.966,18.28,45층 835㎡(45.7×18.3m)
단일,1a 방위·위치,45,45,136.75,74,46,37580,400.0,9041,46621,900,9.58,0.09,3.928,18.28,45층 835㎡(45.7×18.3m)
타워+저층별동,5 저층별동,45,45,136.75,74,20,37580,400.0,9643,47223,2334,24.85,0.09,3.874,15.31,45층 586㎡(38.3×15.3m) + 저층부 7층 1600㎡(69.3×23.1m)
단일+저층부,2 저층부,45,45,136.75,74,27,37580,400.0,8018,45598,2509,26.7,0.209,3.866,13.93,45층 388㎡(27.9×13.9m) + 저층부 10층 2400㎡(75.9×31.6m)
단일+저층부,2 저층부,40,40,122.0,74,34,37580,400.0,7492,45072,4140,44.06,0.133,4.118,8.52,40층 290㎡(34.1×8.5m) + 저층부 7층 4000㎡(98.0×40.8m)
단일+저층부,2 저층부,40,40,122.0,74,31,37580,400.0,7651,45231,4140,44.06,0.27,4.049,14.17,40층 502㎡(35.4×14.2m) + 저층부 5층 4000㎡(98.0×40.8m)
타워+저층별동,5 저층별동,40,40,122.0,74,36,37580,400.0,9027,46607,2403,25.58,0.103,4.04,16.24,40층 660㎡(40.6×16.2m) + 저층부 7층 1600㎡(56.6×28.3m)
타워+저층별동,5 저층별동,40,40,122.0,74,34,37580,400.0,9138,46718,2420,25.76,0.214,4.01,18.16,40층 660㎡(36.3×18.2m) + 저층부 7층 1600㎡(84.9×18.9m)
단일,1b 층수·세장비,40,40,122.0,74,32,37580,400.0,8163,45743,1006,10.7,0.202,3.998,21.67,40층 940㎡(43.3×21.7m)
타워+저층별동,5 저층별동,40,40,122.0,74,20,37580,400.0,8900,46480,2408,25.63,0.131,3.883,18.16,40층 660㎡(36.3×18.2m) + 저층부 7층 1600㎡(69.3×23.1m)
타워+저층별동,5 저층별동,35,35,107.25,74,38,37580,400.0,8219,45799,2691,28.64,0.143,4.047,19.36,35층 937㎡(48.4×19.4m) + 저층부 3층 1600㎡(56.6×28.3m)
단일+저층부,2 저층부,35,35,107.25,74,34,37580,400.0,7336,44916,4946,52.64,0.322,4.036,17.02,35층 724㎡(42.6×17.0m) + 저층부 3층 4800㎡(93.0×51.6m)
단일,1b 층수·세장비,35,35,107.25,74,34,37580,400.0,8261,45841,1150,12.24,0.051,3.926,18.92,35층 1074㎡(56.8×18.9m)
단일+저층부,2 저층부,60,60,181.0,75,35,37580,400.0,8722,46302,4129,43.95,0.228,4.064,12.64,60층 320㎡(25.3×12.6m) + 저층부 5층 4000㎡(74.8×53.5m)
단일+저층부,2 저층부,60,60,181.0,75,31,37580,400.0,9104,46684,3325,35.39,0.243,4.048,10.7,60층 286㎡(26.8×10.7m) + 저층부 7층 3200㎡(87.6×36.5m)
단일+저층부,2 저층부,60,60,181.0,75,40,37580,400.0,9156,46736,4946,52.64,0.274,4.046,14.26,60층 407㎡(28.5×14.3m) + 저층부 3층 4800㎡(93.0×51.6m)
타워+저층별동,5 저층별동,60,60,181.0,75,31,37580,400.0,11136,48716,2192,23.33,0.22,3.978,13.26,60층 440㎡(33.2×13.3m) + 저층부 7층 1600㎡(84.9×18.9m)
단일,1b 층수·세장비,55,55,166.25,75,40,37580,400.0,10455,48035,745,7.93,0.08,4.074,15.09,55층 683㎡(45.3×15.1m)
타워+저층별동,5 저층별동,55,55,166.25,75,31,37580,400.0,10163,47743,2220,23.63,0.022,4.046,15.49,55층 480㎡(31.0×15.5m) + 저층부 7층 1600㎡(69.3×23.1m)
단일+저층부,2 저층부,55,55,166.25,75,35,37580,400.0,9023,46603,4133,43.99,0.229,4.029,15.68,55층 492㎡(31.4×15.7m) + 저층부 3층 4000㎡(84.9×47.1m)
단일+저층부,2 저층부,55,55,166.25,75,36,37580,400.0,9309,46889,4129,43.95,0.257,4.01,14.03,55층 492㎡(35.1×14.0m) + 저층부 3층 4000㎡(74.8×53.5m)
타워+저층별동,5 저층별동,55,55,166.25,75,23,37580,400.0,10064,47644,2121,22.58,0.049,3.984,14.01,55층 392㎡(28.0×14.0m) + 저층부 10층 1600㎡(56.6×28.3m)
단일,1b 층수·세장비,55,55,166.25,75,40,37580,400.0,10042,47622,742,7.9,0.074,3.905,16.53,55층 683㎡(41.3×16.5m)
타워+저층별동,5 저층별동,55,55,166.25,75,17,37580,400.0,10365,47945,2123,22.6,0.115,3.848,12.53,55층 392㎡(31.3×12.5m) + 저층부 10층 1600㎡(56.6×28.3m)
단일+저층부,2 저층부,50,50,151.5,75,30,37580,400.0,7749,45329,4942,52.6,0.163,4.118,10.99,50층 302㎡(27.5×11.0m) + 저층부 5층 4800㎡(82.0×58.6m)
단일+저층부,2 저층부,50,50,151.5,75,34,37580,400.0,9000,46580,4129,43.95,0.102,4.093,10.0,50층 391㎡(39.1×10.0m) + 저층부 5층 4000㎡(74.8×53.5m)
단일+저층부,2 저층부,50,50,151.5,75,27,37580,400.0,7533,45113,4942,52.6,0.225,4.072,12.28,50층 302㎡(24.6×12.3m) + 저층부 5층 4800㎡(82.0×58.6m)
단일+저층부,2 저층부,50,50,151.5,75,33,37580,400.0,8765,46345,3319,35.33,0.171,4.058,13.85,50층 480㎡(34.6×13.8m) + 저층부 5층 3200㎡(75.9×42.2m)
단일+저층부,2 저층부,50,50,151.5,75,28,37580,400.0,8878,46458,3316,35.29,0.233,4.057,9.5,50층 353㎡(37.2×9.5m) + 저층부 7층 3200㎡(66.9×47.8m)
타워+저층별동,5 저층별동,50,50,151.5,75,39,37580,400.0,10842,48422,2406,25.61,0.086,4.035,12.8,50층 656㎡(51.2×12.8m) + 저층부 3층 1600㎡(56.6×28.3m)
쌍둥이+저층부,4 쌍둥이+저층부,50+50,50,151.5,75,32,37580,400.0,11954,49534,3321,35.35,0.032,3.992,13.64,50층 298㎡(21.8×13.6m) + 50층 298㎡(21.8×13.6m) + 저층부 3층 3200㎡(80.0×40.0m)
쌍둥이+저층부,4 쌍둥이+저층부,50+50,50,151.5,75,32,37580,400.0,11954,49534,3321,35.35,0.032,3.99,13.64,50층 298㎡(21.8×13.6m) + 50층 298㎡(21.8×13.6m) + 저층부 3층 3200㎡(80.0×40.0m)
타워+저층별동,5 저층별동,50,50,151.5,75,19,37580,400.0,9984,47564,2164,23.04,0.208,3.864,13.14,50층 432㎡(32.8×13.1m) + 저층부 10층 1600㎡(56.6×28.3m)
단일+저층부,2 저층부,45,45,136.75,75,32,37580,400.0,7203,44783,4942,52.6,0.209,4.089,13.03,45층 340㎡(26.1×13.0m) + 저층부 5층 4800㎡(82.0×58.6m)
단일+저층부,2 저층부,45,45,136.75,75,35,37580,400.0,8176,45756,4953,52.72,0.234,4.072,9.32,45층 340㎡(36.4×9.3m) + 저층부 5층 4800㎡(107.3×44.7m)
단일+저층부,2 저층부,45,45,136.75,75,28,37580,400.0,7648,45228,3316,35.29,0.158,4.07,14.13,45층 399㎡(28.3×14.1m) + 저층부 7층 3200㎡(66.9×47.8m)
단일+저층부,2 저층부,45,45,136.75,75,38,37580,400.0,7949,45529,4942,52.6,0.232,4.048,16.61,45층 552㎡(33.2×16.6m) + 저층부 3층 4800㎡(82.0×58.6m)
타워+저층별동,5 저층별동,45,45,136.75,75,33,37580,400.0,9065,46645,2399,25.53,0.216,4.01,18.13,45층 657㎡(36.3×18.1m) + 저층부 5층 1600㎡(56.6×28.3m)
단일+저층부,2 저층부,40,40,122.0,75,34,37580,400.0,6710,44290,4133,43.99,0.398,4.032,12.05,40층 290㎡(24.1×12.0m) + 저층부 7층 4000㎡(84.9×47.1m)
단일+저층부,2 저층부,40,40,122.0,75,26,37580,400.0,7274,44854,3316,35.29,0.335,4.031,15.17,40층 460㎡(30.3×15.2m) + 저층부 7층 3200㎡(66.9×47.8m)
단일+저층부,2 저층부,40,40,122.0,75,35,37580,400.0,7706,45286,4129,43.95,0.33,4.011,18.59,40층 691㎡(37.2×18.6m) + 저층부 3층 4000㎡(74.8×53.5m)
단일+저층부,2 저층부,40,40,122.0,75,37,37580,400.0,7700,45280,4946,52.64,0.385,4.007,9.85,40층 388㎡(39.4×9.8m) + 저층부 5층 4800㎡(93.0×51.6m)
단일+저층부,2 저층부,40,40,122.0,75,35,37580,400.0,7274,44854,3316,35.29,0.414,4.001,15.17,40층 460㎡(30.3×15.2m) + 저층부 7층 3200㎡(66.9×47.8m)
타워+저층별동,5 저층별동,40,40,122.0,75,31,37580,400.0,9836,47416,2494,26.55,0.099,3.992,13.6,40층 740㎡(54.4×13.6m) + 저층부 5층 1600㎡(56.6×28.3m)
단일+저층부,2 저층부,60,60,181.0,76,34,37580,400.0,9496,47076,3316,35.29,0.162,4.052,12.53,60층 392㎡(31.3×12.5m) + 저층부 5층 3200㎡(66.9×47.8m)
단일+저층부,2 저층부,60,60,181.0,76,34,37580,400.0,9637,47217,3325,35.39,0.193,4.032,12.53,60층 392㎡(31.3×12.5m) + 저층부 5층 3200㎡(87.6×36.5m)
단일+저층부,2 저층부,60,60,181.0,76,35,37580,400.0,9379,46959,4129,43.95,0.24,4.014,14.98,60층 449㎡(30.0×15.0m) + 저층부 3층 4000㎡(74.8×53.5m)
단일,1b 층수·세장비,60,60,181.0,76,35,37580,400.0,9735,47315,678,7.22,0.13,4.006,20.43,60층 626㎡(30.7×20.4m)
단일+저층부,2 저층부,60,60,181.0,76,28,37580,400.0,9596,47176,2500,26.61,0.275,3.997,12.52,60층 392㎡(31.3×12.5m) + 저층부 7층 2400㎡(58.0×41.4m)
단일+저층부,2 저층부,60,60,181.0,76,37,37580,400.0,9809,47389,2500,26.61,0.259,3.991,16.32,60층 533㎡(32.6×16.3m) + 저층부 3층 2400㎡(58.0×41.4m)
타워+저층별동,5 저층별동,60,60,181.0,76,19,37580,400.0,10391,47971,2171,23.11,0.034,3.963,14.83,60층 440㎡(29.7×14.8m) + 저층부 7층 1600㎡(56.6×28.3m)
단일+저층부,2 저층부,55,55,166.25,76,35,37580,400.0,8701,46281,4133,43.99,0.194,4.061,11.86,55층 352㎡(29.6×11.9m) + 저층부 5층 4000㎡(84.9×47.1m)
단일+저층부,2 저층부,55,55,166.25,76,33,37580,400.0,8701,46281,4133,43.99,0.143,4.006,11.86,55층 352㎡(29.6×11.9m) + 저층부 5층 4000㎡(84.9×47.1m)
단일+저층부,2 저층부,55,55,166.25,76,35,37580,400.0,9388,46968,2500,26.61,0.203,4.001,17.09,55층 584㎡(34.2×17.1m) + 저층부 3층 2400㎡(58.0×41.4m)
타워+저층별동,5 저층별동,55,55,166.25,76,21,37580,400.0,9544,47124,2925,31.13,0.08,3.973,13.74,55층 378㎡(27.5×13.7m) + 저층부 7층 2400㎡(69.3×34.6m)
단일,1b 층수·세장비,55,55,166.25,76,42,37580,400.0,9644,47224,740,7.87,0.155,3.963,18.48,55층 683㎡(37.0×18.5m)
단일+저층부,2 저층부,50,50,151.5,76,32,37580,400.0,8421,46001,4942,52.6,0.185,4.081,8.69,50층 302㎡(34.7×8.7m) + 저층부 5층 4800㎡(82.0×58.6m)
단일+저층부,2 저층부,50,50,151.5,76,35,37580,400.0,7810,45390,4946,52.64,0.306,4.069,10.99,50층 302㎡(27.5×11.0m) + 저층부 5층 4800㎡(93.0×51.6m)
단일+저층부,2 저층부,50,50,151.5,76,35,37580,400.0,8357,45937,4942,52.6,0.225,4.047,15.7,50층 493㎡(31.4×15.7m) + 저층부 3층 4800㎡(82.0×58.6m)
단일+저층부,2 저층부,50,50,151.5,76,31,37580,400.0,8121,45701,2500,26.61,0.338,4.041,13.03,50층 340㎡(26.1×13.0m) + 저층부 10층 2400㎡(58.0×41.4m)
단일+저층부,2 저층부,50,50,151.5,76,34,37580,400.0,8646,46226,4942,52.6,0.261,4.034,14.05,50층 493㎡(35.1×14.0m) + 저층부 3층 4800㎡(82.0×58.6m)
단일+저층부,2 저층부,50,50,151.5,76,42,37580,400.0,8919,46499,4133,43.99,0.144,4.031,14.75,50층 544㎡(36.9×14.8m) + 저층부 3층 4000㎡(84.9×47.1m)
단일,1b 층수·세장비,50,50,151.5,76,38,37580,400.0,9174,46754,811,8.63,0.087,4.01,19.39,50층 752㎡(38.8×19.4m)
단일+저층부,2 저층부,50,50,151.5,76,37,37580,400.0,8750,46330,4953,52.72,0.323,4.004,14.05,50층 493㎡(35.1×14.0m) + 저층부 3층 4800㎡(107.3×44.7m)
타워+저층별동,5 저층별동,50,50,151.5,76,21,37580,400.0,11049,48629,2178,23.18,0.06,3.994,10.51,50층 432㎡(41.1×10.5m) + 저층부 10층 1600㎡(69.3×23.1m)
단일+저층부,2 저층부,50,50,151.5,76,34,37580,400.0,8886,46466,4129,43.95,0.284,3.99,14.75,50층 544㎡(36.9×14.8m) + 저층부 3층 4000㎡(74.8×53.5m)
타워+저층별동,5 저층별동,50,50,151.5,76,41,37580,400.0,10549,48129,2183,23.24,0.25,3.962,13.14,50층 432㎡(32.8×13.1m) + 저층부 10층 1600㎡(84.9×18.9m)
단일,1b 층수·세장비,50,50,151.5,76,43,37580,400.0,11484,49064,826,8.79,0.04,3.925,12.26,50층 752㎡(61.3×12.3m)
단일+저층부,2 저층부,45,45,136.75,76,31,37580,400.0,7666,45246,4129,43.95,0.204,4.073,14.82,45층 440㎡(29.6×14.8m) + 저층부 5층 4000㎡(74.8×53.5m)
단일+저층부,2 저층부,45,45,136.75,76,36,37580,400.0,7718,45298,3319,35.33,0.284,4.054,14.13,45층 399㎡(28.3×14.1m) + 저층부 7층 3200㎡(75.9×42.2m)
타워+저층별동,5 저층별동,45,45,136.75,76,12,37580,400.0,9436,47016,2851,30.34,0.054,3.89,8.79,45층 302㎡(34.4×8.8m) + 저층부 10층 2400㎡(69.3×34.6m)
단일,1a 방위·위치,45,45,136.75,76,31,37580,400.0,9041,46621,900,9.58,0.123,3.855,18.28,45층 835㎡(45.7×18.3m)
단일,1a 방위·위치,45,45,136.75,76,30,37580,400.0,9041,46621,900,9.58,0.069,3.853,18.28,45층 835㎡(45.7×18.3m)
단일+저층부,2 저층부,40,40,122.0,76,33,37580,400.0,7028,44608,4953,52.72,0.122,4.093,13.93,40층 388㎡(27.9×13.9m) + 저층부 5층 4800㎡(107.3×44.7m)
단일,1b 층수·세장비,40,40,122.0,76,40,37580,400.0,8854,46434,1011,10.76,0.098,4.065,17.7,40층 940㎡(53.1×17.7m)
단일+저층부,2 저층부,40,40,122.0,76,30,37580,400.0,7700,45280,4946,52.64,0.302,4.046,9.85,40층 388㎡(39.4×9.8m) + 저층부 5층 4800㎡(93.0×51.6m)
단일+저층부,2 저층부,40,40,122.0,76,31,37580,400.0,7639,45219,4942,52.6,0.368,4.011,9.85,40층 388㎡(39.4×9.8m) + 저층부 5층 4800㎡(82.0×58.6m)
단일+저층부,2 저층부,40,40,122.0,76,34,37580,400.0,6632,44212,4129,43.95,0.429,4.007,12.05,40층 290㎡(24.1×12.0m) + 저층부 7층 4000㎡(74.8×53.5m)
단일+저층부,2 저층부,40,40,122.0,76,37,37580,400.0,8571,46151,4942,52.6,0.304,3.991,12.51,40층 626㎡(50.1×12.5m) + 저층부 3층 4800㎡(82.0×58.6m)
쌍둥이+저층부,4 쌍둥이+저층부,40+40,40,122.0,76,33,37580,400.0,11032,48612,4942,52.6,0.093,3.922,10.22,40층 313㎡(30.7×10.2m) + 40층 313㎡(30.7×10.2m) + 저층부 3층 4800㎡(82.0×58.6m)
타워+저층별동,5 저층별동,35,35,107.25,76,41,37580,400.0,8221,45801,2601,27.69,0.143,4.066,20.56,35층 845㎡(41.1×20.6m) + 저층부 5층 1600㎡(69.3×23.1m)
단일+저층부,2 저층부,35,35,107.25,76,33,37580,400.0,7061,44641,4942,52.6,0.39,4.013,19.03,35층 724㎡(38.1×19.0m) + 저층부 3층 4800㎡(82.0×58.6m)
단일,1b 층수·세장비,35,35,107.25,76,29,37580,400.0,8916,46496,1157,12.31,0.244,3.967,16.38,35층 1074㎡(65.5×16.4m)
단일,1b 층수·세장비,35,35,107.25,76,32,37580,400.0,8261,45841,1150,12.24,0.311,3.962,18.92,35층 1074㎡(56.8×18.9m)
타워+저층별동,5 저층별동,35,35,107.25,76,10,37580,400.0,8722,46302,2358,25.1,0.255,3.907,15.7,35층 617㎡(39.3×15.7m) + 저층부 10층 1600㎡(56.6×28.3m)
쌍둥이+저층부,4 쌍둥이+저층부,35+35,35,107.25,76,32,37580,400.0,9751,47331,4942,52.6,0.147,3.895,12.83,35층 362㎡(28.2×12.8m) + 35층 362㎡(28.2×12.8m) + 저층부 3층 4800㎡(82.0×58.6m)
단일+저층부,2 저층부,60,60,181.0,77,35,37580,400.0,8880,46460,4140,44.06,0.167,4.079,12.64,60층 320㎡(25.3×12.6m) + 저층부 5층 4000㎡(98.0×40.8m)
단일+저층부,2 저층부,60,60,181.0,77,45,37580,400.0,9194,46774,3316,35.29,0.259,4.039,14.01,60층 392㎡(28.0×14.0m) + 저층부 5층 3200㎡(66.9×47.8m)
단일+저층부,2 저층부,60,60,181.0,77,37,37580,400.0,9412,46992,4133,43.99,0.189,4.03,14.98,60층 449㎡(30.0×15.0m) + 저층부 3층 4000㎡(84.9×47.1m)
단일+저층부,2 저층부,60,60,181.0,77,34,37580,400.0,9950,47530,2503,26.64,0.188,4.023,13.64,60층 465㎡(34.1×13.6m) + 저층부 5층 2400㎡(65.7×36.5m)
단일+저층부,2 저층부,60,60,181.0,77,36,37580,400.0,9546,47126,3319,35.33,0.246,4.021,12.53,60층 392㎡(31.3×12.5m) + 저층부 5층 3200㎡(75.9×42.2m)
단일+저층부,2 저층부,60,60,181.0,77,35,37580,400.0,9835,47415,2503,26.64,0.243,4.001,16.32,60층 533㎡(32.6×16.3m) + 저층부 3층 2400㎡(65.7×36.5m)
단일+저층부,2 저층부,60,60,181.0,77,36,37580,400.0,10173,47753,2500,26.61,0.275,3.982,14.6,60층 533㎡(36.5×14.6m) + 저층부 3층 2400㎡(58.0×41.4m)
타워+저층별동,5 저층별동,60,60,181.0,77,39,37580,400.0,10909,48489,2314,24.63,0.144,3.947,14.78,60층 546㎡(37.0×14.8m) + 저층부 3층 1600㎡(98.0×16.3m)
타워+저층별동,5 저층별동,60,60,181.0,77,23,37580,400.0,10417,47997,2087,22.21,0.14,3.852,13.41,60층 360㎡(26.8×13.4m) + 저층부 10층 1600㎡(56.6×28.3m)
단일+저층부,2 저층부,55,55,166.25,77,38,37580,400.0,8441,46021,4133,43.99,0.094,4.123,13.26,55층 352㎡(26.5×13.3m) + 저층부 5층 4000㎡(84.9×47.1m)
단일+저층부,2 저층부,55,55,166.25,77,37,37580,400.0,8441,46021,4133,43.99,0.272,4.061,13.26,55층 352㎡(26.5×13.3m) + 저층부 5층 4000㎡(84.9×47.1m)
단일+저층부,2 저층부,55,55,166.25,77,37,37580,400.0,8747,46327,4942,52.6,0.28,4.033,14.93,55층 446㎡(29.9×14.9m) + 저층부 3층 4800㎡(82.0×58.6m)
단일,1b 층수·세장비,55,55,166.25,77,34,37580,400.0,9299,46879,738,7.85,0.138,3.999,21.34,55층 683㎡(32.0×21.3m)
단일,1b 층수·세장비,55,55,166.25,77,40,37580,400.0,9644,47224,740,7.87,0.146,3.989,18.48,55층 683㎡(37.0×18.5m)
단일+저층부,2 저층부,50,50,151.5,77,30,37580,400.0,8552,46132,2500,26.61,0.187,4.031,15.54,50층 483㎡(31.1×15.5m) + 저층부 7층 2400㎡(58.0×41.4m)
단일+저층부,2 저층부,50,50,151.5,77,37,37580,400.0,7706,45286,4953,52.72,0.334,4.026,12.28,50층 302㎡(24.6×12.3m) + 저층부 5층 4800㎡(107.3×44.7m)
단일+저층부,2 저층부,50,50,151.5,77,34,37580,400.0,9562,47142,3316,35.29,0.251,3.997,10.95,50층 480㎡(43.8×10.9m) + 저층부 5층 3200㎡(66.9×47.8m)
타워+저층별동,5 저층별동,50,50,151.5,77,16,37580,400.0,9984,47564,2164,23.04,0.049,3.816,13.14,50층 432㎡(32.8×13.1m) + 저층부 10층 1600㎡(56.6×28.3m)
단일,1a 방위·위치,45,45,136.75,77,35,37580,400.0,9041,46621,900,9.58,0.041,4.093,18.28,45층 835㎡(45.7×18.3m)
단일+저층부,2 저층부,45,45,136.75,77,28,37580,400.0,8064,45644,4946,52.64,0.128,4.037,9.32,45층 340㎡(36.4×9.3m) + 저층부 5층 4800㎡(93.0×51.6m)
단일,1a 방위·위치,45,45,136.75,77,33,37580,400.0,9041,46621,900,9.58,0.076,4.028,18.28,45층 835㎡(45.7×18.3m)
단일+저층부,2 저층부,45,45,136.75,77,33,37580,400.0,7203,44783,4942,52.6,0.374,4.025,13.03,45층 340㎡(26.1×13.0m) + 저층부 5층 4800㎡(82.0×58.6m)
타워+저층별동,5 저층별동,45,45,136.75,77,30,37580,400.0,8804,46384,3013,32.07,0.101,4.021,15.2,45층 462㎡(30.4×15.2m) + 저층부 7층 2400㎡(69.3×34.6m)
단일+저층부,2 저층부,45,45,136.75,77,26,37580,400.0,8213,45793,4953,52.72,0.125,4.016,9.21,45층 340㎡(36.9×9.2m) + 저층부 5층 4800㎡(107.3×44.7m)
단일+저층부,2 저층부,45,45,136.75,77,37,37580,400.0,8041,45621,4942,52.6,0.164,4.009,9.21,45층 340㎡(36.9×9.2m) + 저층부 5층 4800㎡(82.0×58.6m)
타워+저층별동,5 저층별동,45,45,136.75,77,33,37580,400.0,10579,48159,2341,24.92,0.082,4.004,12.11,45층 586㎡(48.4×12.1m) + 저층부 7층 1600㎡(69.3×23.1m)
단일,1b 층수·세장비,45,45,136.75,77,40,37580,400.0,9415,46995,903,9.61,0.172,3.946,16.68,45층 835㎡(50.1×16.7m)
단일,1b 층수·세장비,45,45,136.75,77,36,37580,400.0,8368,45948,895,9.53,0.076,3.904,23.6,45층 835㎡(35.4×23.6m)
단일+저층부,2 저층부,40,40,122.0,77,34,37580,400.0,7604,45184,4942,52.6,0.254,4.092,9.96,40층 388㎡(38.9×10.0m) + 저층부 5층 4800㎡(82.0×58.6m)
단일+저층부,2 저층부,40,40,122.0,77,32,37580,400.0,8167,45747,4129,43.95,0.241,4.053,11.21,40층 502㎡(44.8×11.2m) + 저층부 5층 4000㎡(74.8×53.5m)
단일,1b 층수·세장비,40,40,122.0,77,31,37580,400.0,7868,45448,1003,10.68,0.055,4.047,25.03,40층 940㎡(37.5×25.0m)
단일+저층부,2 저층부,40,40,122.0,77,32,37580,400.0,7276,44856,4129,43.95,0.317,4.033,15.85,40층 502㎡(31.7×15.8m) + 저층부 5층 4000㎡(74.8×53.5m)
단일+저층부,2 저층부,40,40,122.0,77,32,37580,400.0,7639,45219,4942,52.6,0.245,4.032,9.85,40층 388㎡(39.4×9.8m) + 저층부 5층 4800㎡(82.0×58.6m)
단일+저층부,2 저층부,40,40,122.0,77,36,37580,400.0,7518,45098,4942,52.6,0.348,4.013,17.7,40층 626㎡(35.4×17.7m) + 저층부 3층 4800㎡(82.0×58.6m)
단일,1b 층수·세장비,40,40,122.0,77,33,37580,400.0,7868,45448,1003,10.68,0.154,3.879,25.03,40층 940㎡(37.5×25.0m)
타워+저층별동,5 저층별동,40,40,122.0,77,17,37580,400.0,9165,46745,2278,24.24,0.186,3.859,14.69,40층 540㎡(36.7×14.7m) + 저층부 10층 1600㎡(56.6×28.3m)
쌍둥이+저층부,4 쌍둥이+저층부,40+40,40,122.0,77,33,37580,400.0,11695,49275,3316,35.29,0.084,3.846,11.23,40층 378㎡(33.7×11.2m) + 40층 378㎡(33.7×11.2m) + 저층부 3층 3200㎡(66.9×47.8m)
단일+저층부,2 저층부,35,35,107.25,77,34,37580,400.0,7379,44959,3316,35.29,0.403,4.004,16.96,35층 719㎡(42.4×17.0m) + 저층부 5층 3200㎡(66.9×47.8m)
단일+저층부,2 저층부,35,35,107.25,77,32,37580,400.0,7686,45266,4129,43.95,0.289,3.992,12.1,35층 586㎡(48.4×12.1m) + 저층부 5층 4000㎡(74.8×53.5m)
쌍둥이+저층부,4 쌍둥이+저층부,35+35,35,107.25,77,33,37580,400.0,9711,47291,4942,52.6,0.161,3.92,11.48,35층 435㎡(30.9×14.1m) + 35층 290㎡(25.2×11.5m) + 저층부 3층 4800㎡(82.0×58.6m)
단일+저층부,2 저층부,60,60,181.0,78,39,37580,400.0,9438,47018,4942,52.6,0.118,4.053,12.75,60층 407㎡(31.9×12.8m) + 저층부 3층 4800㎡(82.0×58.6m)
단일+저층부,2 저층부,60,60,181.0,78,41,37580,400.0,9546,47126,3319,35.33,0.281,4.026,12.53,60층 392㎡(31.3×12.5m) + 저층부 5층 3200㎡(75.9×42.2m)
단일+저층부,2 저층부,60,60,181.0,78,33,37580,400.0,8855,46435,3325,35.39,0.268,4.014,11.97,60층 286㎡(23.9×12.0m) + 저층부 7층 3200㎡(87.6×36.5m)
단일,1b 층수·세장비,60,60,181.0,78,38,37580,400.0,9735,47315,678,7.22,0.072,4.013,20.43,60층 626㎡(30.7×20.4m)
단일+저층부,2 저층부,60,60,181.0,78,40,37580,400.0,9959,47539,3316,35.29,0.276,4.005,14.01,60층 491㎡(35.0×14.0m) + 저층부 3층 3200㎡(66.9×47.8m)
단일+저층부,2 저층부,60,60,181.0,78,38,37580,400.0,9379,46959,4129,43.95,0.246,4.002,14.98,60층 449㎡(30.0×15.0m) + 저층부 3층 4000㎡(74.8×53.5m)
단일+저층부,2 저층부,60,60,181.0,78,38,37580,400.0,9639,47219,3319,35.33,0.277,3.983,15.67,60층 491㎡(31.3×15.7m) + 저층부 3층 3200㎡(75.9×42.2m)
타워+저층별동,5 저층별동,60,60,181.0,78,39,37580,400.0,10449,48029,2234,23.78,0.25,3.94,15.7,60층 493㎡(31.4×15.7m) + 저층부 5층 1600㎡(69.3×23.1m)
타워+저층별동,5 저층별동,55,55,166.25,78,39,37580,400.0,9930,47510,2274,24.2,0.078,4.026,16.4,55층 538㎡(32.8×16.4m) + 저층부 5층 1600㎡(56.6×28.3m)
타워+저층별동,5 저층별동,55,55,166.25,78,39,37580,400.0,9831,47411,2335,24.85,0.113,4.022,17.26,55층 596㎡(34.5×17.3m) + 저층부 3층 1600㎡(56.6×28.3m)
타워+저층별동,5 저층별동,55,55,166.25,78,22,37580,400.0,10289,47869,2129,22.66,0.142,3.821,14.01,55층 392㎡(28.0×14.0m) + 저층부 10층 1600㎡(69.3×23.1m)
단일+저층부,2 저층부,50,50,151.5,78,43,37580,400.0,8035,45615,4129,43.95,0.289,4.017,13.98,50층 391㎡(28.0×14.0m) + 저층부 5층 4000㎡(74.8×53.5m)
단일+저층부,2 저층부,50,50,151.5,78,38,37580,400.0,8357,45937,4942,52.6,0.331,4.009,15.7,50층 493㎡(31.4×15.7m) + 저층부 3층 4800㎡(82.0×58.6m)
단일+저층부,2 저층부,45,45,136.75,78,33,37580,400.0,7407,44987,4942,52.6,0.249,4.07,11.65,45층 340㎡(29.1×11.7m) + 저층부 5층 4800㎡(82.0×58.6m)
단일+저층부,2 저층부,45,45,136.75,78,37,37580,400.0,8222,45802,4942,52.6,0.367,4.02,14.86,45층 552㎡(37.1×14.9m) + 저층부 3층 4800㎡(82.0×58.6m)
단일+저층부,2 저층부,45,45,136.75,78,38,37580,400.0,7949,45529,4942,52.6,0.353,4.012,16.61,45층 552㎡(33.2×16.6m) + 저층부 3층 4800㎡(82.0×58.6m)
단일+저층부,2 저층부,45,45,136.75,78,36,37580,400.0,8259,45839,4946,52.64,0.357,3.994,14.86,45층 552㎡(37.1×14.9m) + 저층부 3층 4800㎡(93.0×51.6m)
단일+저층부,2 저층부,45,45,136.75,78,33,37580,400.0,8637,46217,3316,35.29,0.354,3.992,16.32,45층 666㎡(40.8×16.3m) + 저층부 3층 3200㎡(66.9×47.8m)
단일+저층부,2 저층부,45,45,136.75,78,30,37580,400.0,7648,45228,3316,35.29,0.363,3.979,14.13,45층 399㎡(28.3×14.1m) + 저층부 7층 3200㎡(66.9×47.8m)
타워+저층별동,5 저층별동,45,45,136.75,78,20,37580,400.0,10431,48011,2221,23.64,0.08,3.96,10.95,45층 480㎡(43.8×10.9m) + 저층부 10층 1600㎡(56.6×28.3m)
단일,1a 방위·위치,45,45,136.75,78,33,37580,400.0,9041,46621,900,9.58,0.131,3.835,18.28,45층 835㎡(45.7×18.3m)
단일+저층부,2 저층부,40,40,122.0,78,29,37580,400.0,7276,44856,4129,43.95,0.403,4.009,15.85,40층 502㎡(31.7×15.8m) + 저층부 5층 4000㎡(74.8×53.5m)
단일+저층부,2 저층부,40,40,122.0,78,33,37580,400.0,7518,45098,4942,52.6,0.337,4.007,17.7,40층 626㎡(35.4×17.7m) + 저층부 3층 4800㎡(82.0×58.6m)
단일,1b 층수·세장비,40,40,122.0,78,43,37580,400.0,8502,46082,1008,10.73,0.087,3.944,19.39,40층 940㎡(48.5×19.4m)
단일+저층부,2 저층부,35,35,107.25,78,33,37580,400.0,6485,44065,4942,52.6,0.367,4.077,15.04,35층 453㎡(30.1×15.0m) + 저층부 5층 4800㎡(82.0×58.6m)
단일+저층부,2 저층부,35,35,107.25,78,30,37580,400.0,6546,44126,4946,52.64,0.332,4.072,15.04,35층 453㎡(30.1×15.0m) + 저층부 5층 4800㎡(93.0×51.6m)
타워+저층별동,5 저층별동,35,35,107.25,78,37,37580,400.0,8219,45799,2691,28.64,0.143,4.037,19.36,35층 937㎡(48.4×19.4m) + 저층부 3층 1600㎡(56.6×28.3m)
단일+저층부,2 저층부,35,35,107.25,78,32,37580,400.0,7097,44677,4946,52.64,0.323,4.026,19.03,35층 724㎡(38.1×19.0m) + 저층부 3층 4800㎡(93.0×51.6m)
타워+저층별동,5 저층별동,35,35,107.25,78,8,37580,400.0,8101,45681,2938,31.27,0.068,3.992,12.46,35층 388㎡(31.1×12.5m) + 저층부 10층 2400㎡(69.3×34.6m)
단일+저층부,2 저층부,35,35,107.25,78,30,37580,400.0,7118,44698,4133,43.99,0.434,3.977,15.31,35층 586㎡(38.3×15.3m) + 저층부 5층 4000㎡(84.9×47.1m)
타워+저층별동,5 저층별동,35,35,107.25,78,21,37580,400.0,8433,46013,2506,26.68,0.188,3.902,19.41,35층 754㎡(38.8×19.4m) + 저층부 7층 1600㎡(69.3×23.1m)
단일+저층부,2 저층부,60,60,181.0,79,34,37580,400.0,8658,46238,3316,35.29,0.104,4.106,11.97,60층 286㎡(23.9×12.0m) + 저층부 7층 3200㎡(66.9×47.8m)
단일+저층부,2 저층부,60,60,181.0,79,35,37580,400.0,9839,47419,4129,43.95,0.115,4.093,8.94,60층 320㎡(35.8×8.9m) + 저층부 5층 4000㎡(74.8×53.5m)
단일+저층부,2 저층부,60,60,181.0,79,33,37580,400.0,8778,46358,4133,43.99,0.24,4.042,12.64,60층 320㎡(25.3×12.6m) + 저층부 5층 4000㎡(84.9×47.1m)
단일+저층부,2 저층부,60,60,181.0,79,32,37580,400.0,9839,47419,4129,43.95,0.188,4.038,8.94,60층 320㎡(35.8×8.9m) + 저층부 5층 4000㎡(74.8×53.5m)
단일+저층부,2 저층부,60,60,181.0,79,32,37580,400.0,9839,47419,4129,43.95,0.159,3.996,8.94,60층 320㎡(35.8×8.9m) + 저층부 5층 4000㎡(74.8×53.5m)
쌍둥이,3 쌍둥이,60+40,60,181.0,79,44,37580,400.0,12788,50368,800,8.51,0.11,3.939,13.27,60층 438㎡(26.5×16.6m) + 40층 282㎡(21.2×13.3m)
단일+저층부,2 저층부,55,55,166.25,79,37,37580,400.0,8701,46281,4133,43.99,0.088,4.079,11.86,55층 352㎡(29.6×11.9m) + 저층부 5층 4000㎡(84.9×47.1m)
단일,1b 층수·세장비,55,55,166.25,79,44,37580,400.0,10455,48035,745,7.93,0.056,4.071,15.09,55층 683㎡(45.3×15.1m)
타워+저층별동,5 저층별동,55,55,166.25,79,42,37580,400.0,11288,48868,2343,24.94,0.075,4.042,12.35,55층 596㎡(48.3×12.3m) + 저층부 3층 1600㎡(56.6×28.3m)
단일+저층부,2 저층부,55,55,166.25,79,35,37580,400.0,9507,47087,4133,43.99,0.184,4.034,9.38,55층 352㎡(37.5×9.4m) + 저층부 5층 4000㎡(84.9×47.1m)
단일+저층부,2 저층부,55,55,166.25,79,42,37580,400.0,9388,46968,2500,26.61,0.126,4.028,17.09,55층 584㎡(34.2×17.1m) + 저층부 3층 2400㎡(58.0×41.4m)
단일+저층부,2 저층부,55,55,166.25,79,33,37580,400.0,8441,46021,4133,43.99,0.14,4.01,13.26,55층 352㎡(26.5×13.3m) + 저층부 5층 4000㎡(84.9×47.1m)
단일+저층부,2 저층부,55,55,166.25,79,41,37580,400.0,9234,46814,3319,35.33,0.283,4.002,16.4,55층 538㎡(32.8×16.4m) + 저층부 3층 3200㎡(75.9×42.2m)
단일,1b 층수·세장비,55,55,166.25,79,33,37580,400.0,10042,47622,742,7.9,0.042,3.984,16.53,55층 683㎡(41.3×16.5m)
타워+저층별동,5 저층별동,55,55,166.25,79,9,37580,400.0,10591,48171,2131,22.68,0.055,3.829,12.53,55층 392㎡(31.3×12.5m) + 저층부 10층 1600㎡(69.3×23.1m)
단일+저층부,2 저층부,50,50,151.5,79,34,37580,400.0,8090,45670,4133,43.99,0.286,4.046,13.98,50층 391㎡(28.0×14.0m) + 저층부 5층 4000㎡(84.9×47.1m)
단일+저층부,2 저층부,50,50,151.5,79,37,37580,400.0,9773,47353,4129,43.95,0.151,4.019,11.8,50층 544㎡(46.1×11.8m) + 저층부 3층 4000㎡(74.8×53.5m)
단일+저층부,2 저층부,50,50,151.5,79,42,37580,400.0,8035,45615,4129,43.95,0.299,4.001,13.98,50층 391㎡(28.0×14.0m) + 저층부 5층 4000㎡(74.8×53.5m)
단일+저층부,2 저층부,45,45,136.75,79,34,37580,400.0,8674,46254,4133,43.99,0.201,4.03,10.48,45층 440㎡(41.9×10.5m) + 저층부 5층 4000㎡(84.9×47.1m)
단일,1b 층수·세장비,45,45,136.75,79,33,37580,400.0,8681,46261,897,9.55,0.11,4.025,20.43,45층 835㎡(40.9×20.4m)
단일+저층부,2 저층부,45,45,136.75,79,33,37580,400.0,8346,45926,3319,35.33,0.268,4.005,14.69,45층 540㎡(36.7×14.7m) + 저층부 5층 3200㎡(75.9×42.2m)
단일,1a 방위·위치,45,45,136.75,79,31,37580,400.0,9041,46621,900,9.58,0.236,3.935,18.28,45층 835㎡(45.7×18.3m)
타워+저층별동,5 저층별동,45,45,136.75,79,29,37580,400.0,10196,47776,2242,23.87,0.267,3.922,15.48,45층 480㎡(31.0×15.5m) + 저층부 10층 1600㎡(98.0×16.3m)
단일,1a 방위·위치,45,45,136.75,79,33,37580,400.0,9041,46621,900,9.58,0.264,3.92,18.28,45층 835㎡(45.7×18.3m)
타워+저층별동,5 저층별동,45,45,136.75,79,29,37580,400.0,10468,48048,2244,23.89,0.177,3.916,13.85,45층 480㎡(34.6×13.8m) + 저층부 10층 1600㎡(98.0×16.3m)
단일,1a 방위·위치,45,45,136.75,79,36,37580,400.0,9041,46621,900,9.58,0.073,3.894,18.28,45층 835㎡(45.7×18.3m)
쌍둥이+저층부,4 쌍둥이+저층부,45+45,45,136.75,79,36,37580,400.0,12484,50064,3321,35.35,0.116,3.877,10.54,45층 333㎡(31.6×10.5m) + 45층 333㎡(31.6×10.5m) + 저층부 3층 3200㎡(80.0×40.0m)
타워+저층별동,5 저층별동,45,45,136.75,79,11,37580,400.0,10607,48187,2228,23.72,0.105,3.818,11.07,45층 480㎡(43.3×11.1m) + 저층부 10층 1600㎡(69.3×23.1m)
타워+저층별동,5 저층별동,45,45,136.75,79,23,37580,400.0,9585,47165,2215,23.58,0.025,3.814,13.85,45층 480㎡(34.6×13.8m) + 저층부 10층 1600㎡(56.6×28.3m)
단일,1a 방위·위치,45,45,136.75,79,30,37580,400.0,9041,46621,900,9.58,0.03,3.798,18.28,45층 835㎡(45.7×18.3m)
타워+저층별동,5 저층별동,45,45,136.75,79,2,37580,400.0,10947,48527,2240,23.84,0.054,3.788,11.07,45층 480㎡(43.3×11.1m) + 저층부 10층 1600㎡(84.9×18.9m)
단일+저층부,2 저층부,40,40,122.0,79,27,37580,400.0,7492,45072,4140,44.06,0.165,4.081,8.52,40층 290㎡(34.1×8.5m) + 저층부 7층 4000㎡(98.0×40.8m)
단일+저층부,2 저층부,40,40,122.0,79,30,37580,400.0,6788,44368,4129,43.95,0.34,4.044,10.78,40층 290㎡(26.9×10.8m) + 저층부 7층 4000㎡(74.8×53.5m)
타워+저층별동,5 저층별동,40,40,122.0,79,39,37580,400.0,8438,46018,2567,27.32,0.168,4.024,20.24,40층 820㎡(40.5×20.2m) + 저층부 3층 1600㎡(56.6×28.3m)
단일+저층부,2 저층부,40,40,122.0,79,33,37580,400.0,7470,45050,3316,35.29,0.414,3.967,13.56,40층 460㎡(33.9×13.6m) + 저층부 7층 3200㎡(66.9×47.8m)
타워+저층별동,5 저층별동,40,40,122.0,79,16,37580,400.0,9095,46675,2891,30.78,0.122,3.913,9.21,40층 340㎡(36.9×9.2m) + 저층부 10층 2400㎡(69.3×34.6m)
타워+저층별동,5 저층별동,40,40,122.0,79,21,37580,400.0,9134,46714,2283,24.3,0.152,3.874,16.42,40층 540㎡(32.8×16.4m) + 저층부 10층 1600㎡(69.3×23.1m)
타워+저층별동,5 저층별동,40,40,122.0,79,2,37580,400.0,9372,46952,2901,30.87,0.056,3.815,9.21,40층 340㎡(36.9×9.2m) + 저층부 10층 2400㎡(84.9×28.3m)
단일+저층부,2 저층부,35,35,107.25,79,27,37580,400.0,6448,44028,4129,43.95,0.209,4.097,11.7,35층 342㎡(29.2×11.7m) + 저층부 7층 4000㎡(74.8×53.5m)
단일+저층부,2 저층부,35,35,107.25,79,27,37580,400.0,6305,43885,4129,43.95,0.256,4.095,13.08,35층 342㎡(26.2×13.1m) + 저층부 7층 4000㎡(74.8×53.5m)
단일+저층부,2 저층부,35,35,107.25,79,28,37580,400.0,6485,44065,4942,52.6,0.339,4.053,15.04,35층 453㎡(30.1×15.0m) + 저층부 5층 4800㎡(82.0×58.6m)
단일+저층부,2 저층부,35,35,107.25,79,36,37580,400.0,7686,45266,4129,43.95,0.234,3.97,12.1,35층 586㎡(48.4×12.1m) + 저층부 5층 4000㎡(74.8×53.5m)
단일,1b 층수·세장비,35,35,107.25,79,32,37580,400.0,7931,45511,1147,12.21,0.109,3.955,20.72,35층 1074㎡(51.8×20.7m)
단일,1b 층수·세장비,60,60,181.0,80,44,37580,400.0,10943,48523,685,7.29,0.062,4.072,14.45,60층 626㎡(43.3×14.4m)
단일+저층부,2 저층부,60,60,181.0,80,33,37580,400.0,8994,46574,4129,43.95,0.289,4.011,11.31,60층 320㎡(28.3×11.3m) + 저층부 5층 4000㎡(74.8×53.5m)
단일+저층부,2 저층부,60,60,181.0,80,35,37580,400.0,9622,47202,2503,26.64,0.212,4.008,15.25,60층 465㎡(30.5×15.2m) + 저층부 5층 2400㎡(65.7×36.5m)
타워+저층별동,5 저층별동,60,60,181.0,80,30,37580,400.0,10417,47997,2087,22.21,0.102,3.985,13.41,60층 360㎡(26.8×13.4m) + 저층부 10층 1600㎡(56.6×28.3m)
단일,1b 층수·세장비,60,60,181.0,80,45,37580,400.0,10096,47676,680,7.24,0.11,3.954,17.7,60층 626㎡(35.4×17.7m)
단일+저층부,2 저층부,55,55,166.25,80,40,37580,400.0,9164,46744,3319,35.33,0.09,4.085,13.14,55층 432㎡(32.8×13.1m) + 저층부 5층 3200㎡(75.9×42.2m)
단일+저층부,2 저층부,55,55,166.25,80,32,37580,400.0,8645,46225,4129,43.95,0.244,4.039,11.86,55층 352㎡(29.6×11.9m) + 저층부 5층 4000㎡(74.8×53.5m)
단일+저층부,2 저층부,55,55,166.25,80,33,37580,400.0,8544,46124,4140,44.06,0.281,4.029,13.26,55층 352㎡(26.5×13.3m) + 저층부 5층 4000㎡(98.0×40.8m)
단일+저층부,2 저층부,55,55,166.25,80,32,37580,400.0,8747,46327,4942,52.6,0.191,4.029,14.93,55층 446㎡(29.9×14.9m) + 저층부 3층 4800㎡(82.0×58.6m)
단일+저층부,2 저층부,55,55,166.25,80,33,37580,400.0,8701,46281,4133,43.99,0.177,4.005,11.86,55층 352㎡(29.6×11.9m) + 저층부 5층 4000㎡(84.9×47.1m)
단일+저층부,2 저층부,55,55,166.25,80,41,37580,400.0,9234,46814,3319,35.33,0.292,3.998,16.4,55층 538㎡(32.8×16.4m) + 저층부 3층 3200㎡(75.9×42.2m)
단일+저층부,2 저층부,55,55,166.25,80,36,37580,400.0,9538,47118,3316,35.29,0.261,3.976,14.67,55층 538㎡(36.7×14.7m) + 저층부 3층 3200㎡(66.9×47.8m)
단일+저층부,2 저층부,50,50,151.5,80,35,37580,400.0,8381,45961,4942,52.6,0.218,4.094,8.79,50층 302㎡(34.4×8.8m) + 저층부 5층 4800㎡(82.0×58.6m)
단일+저층부,2 저층부,50,50,151.5,80,32,37580,400.0,8482,46062,4946,52.64,0.248,4.06,8.69,50층 302㎡(34.7×8.7m) + 저층부 5층 4800㎡(93.0×51.6m)
단일+저층부,2 저층부,50,50,151.5,80,32,37580,400.0,8646,46226,4942,52.6,0.21,4.022,14.05,50층 493㎡(35.1×14.0m) + 저층부 3층 4800㎡(82.0×58.6m)
쌍둥이+저층부,4 쌍둥이+저층부,50+50,50,151.5,80,35,37580,400.0,12229,49809,2505,26.66,0.127,3.82,14.21,50층 323㎡(22.7×14.2m) + 50층 323㎡(22.7×14.2m) + 저층부 3층 2400㎡(69.3×34.6m)
단일,1a 방위·위치,45,45,136.75,80,26,37580,400.0,9041,46621,900,9.58,0.077,3.989,18.28,45층 835㎡(45.7×18.3m)
단일+저층부,2 저층부,45,45,136.75,80,30,37580,400.0,7858,45438,3316,35.29,0.338,3.984,12.64,45층 399㎡(31.6×12.6m) + 저층부 7층 3200㎡(66.9×47.8m)
단일+저층부,2 저층부,45,45,136.75,80,27,37580,400.0,7858,45438,3316,35.29,0.368,3.978,12.64,45층 399㎡(31.6×12.6m) + 저층부 7층 3200㎡(66.9×47.8m)
단일+저층부,2 저층부,45,45,136.75,80,34,37580,400.0,8476,46056,4133,43.99,0.298,3.968,15.61,45층 609㎡(39.0×15.6m) + 저층부 3층 4000㎡(84.9×47.1m)
타워+저층별동,5 저층별동,45,45,136.75,80,32,37580,400.0,9802,47382,2354,25.05,0.249,3.967,17.12,45층 586㎡(34.2×17.1m) + 저층부 7층 1600㎡(98.0×16.3m)
타워+저층별동,5 저층별동,45,45,136.75,80,12,37580,400.0,10381,47961,2221,23.64,0.155,3.852,11.07,45층 480㎡(43.3×11.1m) + 저층부 10층 1600㎡(56.6×28.3m)
타워+저층별동,5 저층별동,40,40,122.0,80,38,37580,400.0,9027,46607,2403,25.58,0.184,4.022,16.24,40층 660㎡(40.6×16.2m) + 저층부 7층 1600㎡(56.6×28.3m)
단일+저층부,2 저층부,40,40,122.0,80,38,37580,400.0,7775,45355,4942,52.6,0.394,4.02,15.83,40층 626㎡(39.6×15.8m) + 저층부 3층 4800㎡(82.0×58.6m)
타워+저층별동,5 저층별동,40,40,122.0,80,23,37580,400.0,9917,47497,2284,24.31,0.06,4.012,11.75,40층 540㎡(45.9×11.7m) + 저층부 10층 1600㎡(56.6×28.3m)
타워+저층별동,5 저층별동,40,40,122.0,80,33,37580,400.0,8600,46180,2484,26.44,0.229,4.008,19.23,40층 740㎡(38.5×19.2m) + 저층부 5층 1600㎡(56.6×28.3m)
단일,1b 층수·세장비,40,40,122.0,80,36,37580,400.0,7868,45448,1003,10.68,0.077,3.905,25.03,40층 940㎡(37.5×25.0m)
단일,1b 층수·세장비,40,40,122.0,80,34,37580,400.0,9555,47135,1017,10.83,0.052,3.86,15.33,40층 940㎡(61.3×15.3m)
단일+저층부,2 저층부,35,35,107.25,80,26,37580,400.0,7124,44704,3319,35.33,0.285,4.032,14.73,35층 542㎡(36.8×14.7m) + 저층부 7층 3200㎡(75.9×42.2m)
단일+저층부,2 저층부,60,60,181.0,81,35,37580,400.0,9907,47487,2500,26.61,0.258,4.005,13.64,60층 465㎡(34.1×13.6m) + 저층부 5층 2400㎡(58.0×41.4m)
단일+저층부,2 저층부,60,60,181.0,81,39,37580,400.0,9907,47487,2500,26.61,0.271,3.988,13.64,60층 465㎡(34.1×13.6m) + 저층부 5층 2400㎡(58.0×41.4m)
단일+저층부,2 저층부,55,55,166.25,81,35,37580,400.0,8643,46223,3319,35.33,0.174,4.076,11.25,55층 316㎡(28.1×11.2m) + 저층부 7층 3200㎡(75.9×42.2m)
단일+저층부,2 저층부,55,55,166.25,81,42,37580,400.0,8968,46548,3325,35.39,0.098,4.066,14.69,55층 432㎡(29.4×14.7m) + 저층부 5층 3200㎡(87.6×36.5m)
단일+저층부,2 저층부,55,55,166.25,81,35,37580,400.0,8968,46548,3325,35.39,0.174,4.048,14.69,55층 432㎡(29.4×14.7m) + 저층부 5층 3200㎡(87.6×36.5m)
단일+저층부,2 저층부,55,55,166.25,81,32,37580,400.0,8537,46117,2503,26.64,0.221,4.039,12.28,55층 302㎡(24.6×12.3m) + 저층부 10층 2400㎡(65.7×36.5m)
단일+저층부,2 저층부,55,55,166.25,81,35,37580,400.0,9451,47031,4129,43.95,0.236,4.038,9.38,55층 352㎡(37.5×9.4m) + 저층부 5층 4000㎡(74.8×53.5m)
단일+저층부,2 저층부,55,55,166.25,81,45,37580,400.0,8747,46327,4942,52.6,0.283,4.023,14.93,55층 446㎡(29.9×14.9m) + 저층부 3층 4800㎡(82.0×58.6m)
타워+저층별동,5 저층별동,55,55,166.25,81,38,37580,400.0,10339,47919,2215,23.58,0.085,4.016,13.85,55층 480㎡(34.6×13.9m) + 저층부 7층 1600㎡(56.6×28.3m)
단일+저층부,2 저층부,55,55,166.25,81,33,37580,400.0,8544,46124,4140,44.06,0.286,4.015,13.26,55층 352㎡(26.5×13.3m) + 저층부 5층 4000㎡(98.0×40.8m)
단일+저층부,2 저층부,55,55,166.25,81,38,37580,400.0,8701,46281,4133,43.99,0.285,4.003,11.86,55층 352㎡(29.6×11.9m) + 저층부 5층 4000㎡(84.9×47.1m)
단일,1b 층수·세장비,55,55,166.25,81,42,37580,400.0,10455,48035,745,7.93,0.197,3.934,15.09,55층 683㎡(45.3×15.1m)
타워+저층별동,5 저층별동,50,50,151.5,81,42,37580,400.0,10908,48488,2272,24.18,0.112,4.019,11.48,50층 528㎡(45.9×11.5m) + 저층부 7층 1600㎡(56.6×28.3m)
단일+저층부,2 저층부,50,50,151.5,81,24,37580,400.0,8989,46569,3319,35.33,0.099,4.009,9.39,50층 353㎡(37.6×9.4m) + 저층부 7층 3200㎡(75.9×42.2m)
단일+저층부,2 저층부,50,50,151.5,81,43,37580,400.0,8394,45974,4946,52.64,0.299,4.006,15.7,50층 493㎡(31.4×15.7m) + 저층부 3층 4800㎡(93.0×51.6m)
단일+저층부,2 저층부,50,50,151.5,81,32,37580,400.0,8325,45905,2500,26.61,0.285,3.997,11.65,50층 340㎡(29.1×11.7m) + 저층부 10층 2400㎡(58.0×41.4m)
단일+저층부,2 저층부,50,50,151.5,81,30,37580,400.0,8336,45916,4133,43.99,0.328,3.985,12.5,50층 391㎡(31.3×12.5m) + 저층부 5층 4000㎡(84.9×47.1m)
쌍둥이+저층부,4 쌍둥이+저층부,50+50,50,151.5,81,31,37580,400.0,12188,49768,2500,26.61,0.108,3.819,14.21,50층 323㎡(22.7×14.2m) + 50층 323㎡(22.7×14.2m) + 저층부 3층 2400㎡(58.0×41.4m)
타워+저층별동,5 저층별동,50,50,151.5,81,8,37580,400.0,11760,49340,2200,23.42,0.103,3.759,10.39,50층 432㎡(41.5×10.4m) + 저층부 10층 1600㎡(98.0×16.3m)
단일+저층부,2 저층부,45,45,136.75,81,33,37580,400.0,7722,45302,4133,43.99,0.272,4.038,14.82,45층 440㎡(29.6×14.8m) + 저층부 5층 4000㎡(84.9×47.1m)
단일,1b 층수·세장비,45,45,136.75,81,34,37580,400.0,8368,45948,895,9.53,0.292,3.954,23.6,45층 835㎡(35.4×23.6m)
단일+저층부,2 저층부,40,40,122.0,81,36,37580,400.0,7046,44626,4942,52.6,0.135,4.121,12.46,40층 388㎡(31.1×12.5m) + 저층부 5층 4800㎡(82.0×58.6m)
단일+저층부,2 저층부,40,40,122.0,81,30,37580,400.0,7320,44900,4133,43.99,0.309,4.074,8.62,40층 290㎡(33.7×8.6m) + 저층부 7층 4000㎡(84.9×47.1m)
단일+저층부,2 저층부,40,40,122.0,81,36,37580,400.0,7853,45433,3316,35.29,0.164,4.066,15.7,40층 617㎡(39.3×15.7m) + 저층부 5층 3200㎡(66.9×47.8m)
단일+저층부,2 저층부,40,40,122.0,81,32,37580,400.0,7046,44626,4942,52.6,0.281,4.054,12.46,40층 388㎡(31.1×12.5m) + 저층부 5층 4800㎡(82.0×58.6m)
단일+저층부,2 저층부,40,40,122.0,81,29,37580,400.0,6632,44212,4129,43.95,0.379,4.0,12.05,40층 290㎡(24.1×12.0m) + 저층부 7층 4000㎡(74.8×53.5m)
쌍둥이+저층부,4 쌍둥이+저층부,40+40,40,122.0,81,43,37580,400.0,11032,48612,4942,52.6,0.277,3.973,10.22,40층 313㎡(30.7×10.2m) + 40층 313㎡(30.7×10.2m) + 저층부 3층 4800㎡(82.0×58.6m)
단일,1b 층수·세장비,40,40,122.0,81,35,37580,400.0,8502,46082,1008,10.73,0.055,3.883,19.39,40층 940㎡(48.5×19.4m)
쌍둥이+저층부,4 쌍둥이+저층부,35+35,35,107.25,81,37,37580,400.0,9625,47205,4129,43.95,0.369,4.012,9.88,35층 293㎡(29.6×9.9m) + 35층 293㎡(29.6×9.9m) + 저층부 5층 4000㎡(74.8×53.5m)
단일,1b 층수·세장비,35,35,107.25,81,33,37580,400.0,7931,45511,1147,12.21,0.303,3.973,20.72,35층 1074㎡(51.8×20.7m)
쌍둥이+저층부,4 쌍둥이+저층부,35+35,35,107.25,81,35,37580,400.0,9340,46920,4942,52.6,0.218,3.953,13.46,35층 435㎡(26.4×16.5m) + 35층 290㎡(21.5×13.5m) + 저층부 3층 4800㎡(82.0×58.6m)
단일+저층부,2 저층부,60,60,181.0,82,26,37580,400.0,8658,46238,3316,35.29,0.206,4.038,11.97,60층 286㎡(23.9×12.0m) + 저층부 7층 3200㎡(66.9×47.8m)
단일,1b 층수·세장비,60,60,181.0,82,40,37580,400.0,9735,47315,678,7.22,0.138,4.016,20.43,60층 626㎡(30.7×20.4m)
타워+저층별동,5 저층별동,60,60,181.0,82,29,37580,400.0,12218,49798,2112,22.49,0.047,3.999,9.59,60층 360㎡(37.5×9.6m) + 저층부 10층 1600㎡(84.9×18.9m)
단일+저층부,2 저층부,60,60,181.0,82,37,37580,400.0,9379,46959,4129,43.95,0.278,3.998,14.98,60층 449㎡(30.0×15.0m) + 저층부 3층 4000㎡(74.8×53.5m)
타워+저층별동,5 저층별동,60,60,181.0,82,17,37580,400.0,10417,47997,2087,22.21,0.05,3.829,13.41,60층 360㎡(26.8×13.4m) + 저층부 10층 1600㎡(56.6×28.3m)
단일+저층부,2 저층부,55,55,166.25,82,39,37580,400.0,9403,46983,4129,43.95,0.186,4.078,9.48,55층 352㎡(37.1×9.5m) + 저층부 5층 4000㎡(74.8×53.5m)
단일+저층부,2 저층부,55,55,166.25,82,35,37580,400.0,9234,46814,3319,35.33,0.247,3.991,16.4,55층 538㎡(32.8×16.4m) + 저층부 3층 3200㎡(75.9×42.2m)
단일+저층부,2 저층부,55,55,166.25,82,33,37580,400.0,9274,46854,2503,26.64,0.274,3.989,13.16,55층 433㎡(32.9×13.2m) + 저층부 7층 2400㎡(65.7×36.5m)
타워+저층별동,5 저층별동,55,55,166.25,82,28,37580,400.0,10064,47644,2121,22.58,0.091,3.867,14.01,55층 392㎡(28.0×14.0m) + 저층부 10층 1600㎡(56.6×28.3m)
단일+저층부,2 저층부,50,50,151.5,82,35,37580,400.0,7594,45174,4946,52.64,0.168,4.066,12.28,50층 302㎡(24.6×12.3m) + 저층부 5층 4800㎡(93.0×51.6m)
단일+저층부,2 저층부,50,50,151.5,82,26,37580,400.0,8121,45701,2500,26.61,0.159,4.06,13.03,50층 340㎡(26.1×13.0m) + 저층부 10층 2400㎡(58.0×41.4m)
단일+저층부,2 저층부,50,50,151.5,82,33,37580,400.0,8090,45670,4133,43.99,0.259,4.044,13.98,50층 391㎡(28.0×14.0m) + 저층부 5층 4000㎡(84.9×47.1m)
단일+저층부,2 저층부,50,50,151.5,82,37,37580,400.0,8765,46345,3319,35.33,0.171,4.039,13.85,50층 480㎡(34.6×13.8m) + 저층부 5층 3200㎡(75.9×42.2m)
타워+저층별동,5 저층별동,50,50,151.5,82,35,37580,400.0,9949,47529,2360,25.11,0.19,4.019,17.2,50층 592㎡(34.4×17.2m) + 저층부 5층 1600㎡(98.0×16.3m)
단일+저층부,2 저층부,50,50,151.5,82,38,37580,400.0,8357,45937,4942,52.6,0.331,4.018,15.7,50층 493㎡(31.4×15.7m) + 저층부 3층 4800㎡(82.0×58.6m)
단일+저층부,2 저층부,50,50,151.5,82,42,37580,400.0,8394,45974,4946,52.64,0.294,3.993,15.7,50층 493㎡(31.4×15.7m) + 저층부 3층 4800㎡(93.0×51.6m)
단일+저층부,2 저층부,50,50,151.5,82,29,37580,400.0,8281,45861,4129,43.95,0.311,3.99,12.5,50층 391㎡(31.3×12.5m) + 저층부 5층 4000㎡(74.8×53.5m)
단일+저층부,2 저층부,50,50,151.5,82,31,37580,400.0,8121,45701,2500,26.61,0.338,3.945,13.03,50층 340㎡(26.1×13.0m) + 저층부 10층 2400㎡(58.0×41.4m)
타워+저층별동,5 저층별동,50,50,151.5,82,24,37580,400.0,9984,47564,2164,23.04,0.133,3.839,13.14,50층 432㎡(32.8×13.1m) + 저층부 10층 1600㎡(56.6×28.3m)
단일+저층부,2 저층부,45,45,136.75,82,41,37580,400.0,7264,44844,4946,52.64,0.338,4.03,13.03,45층 340㎡(26.1×13.0m) + 저층부 5층 4800㎡(93.0×51.6m)
타워+저층별동,5 저층별동,45,45,136.75,82,35,37580,400.0,11265,48845,2250,23.95,0.059,4.017,11.07,45층 480㎡(43.3×11.1m) + 저층부 10층 1600㎡(98.0×16.3m)
단일+저층부,2 저층부,45,45,136.75,82,37,37580,400.0,8156,45736,4129,43.95,0.345,3.999,17.45,45층 609㎡(34.9×17.5m) + 저층부 3층 4000㎡(74.8×53.5m)
단일+저층부,2 저층부,45,45,136.75,82,41,37580,400.0,8259,45839,4946,52.64,0.331,3.997,14.86,45층 552㎡(37.1×14.9m) + 저층부 3층 4800㎡(93.0×51.6m)
단일,1b 층수·세장비,45,45,136.75,82,42,37580,400.0,8681,46261,897,9.55,0.054,3.967,20.43,45층 835㎡(40.9×20.4m)
단일+저층부,2 저층부,45,45,136.75,82,36,37580,400.0,8511,46091,3316,35.29,0.147,3.951,9.99,45층 399㎡(40.0×10.0m) + 저층부 7층 3200㎡(66.9×47.8m)
단일,1a 방위·위치,45,45,136.75,82,34,37580,400.0,9041,46621,900,9.58,0.229,3.93,18.28,45층 835㎡(45.7×18.3m)
단일,1b 층수·세장비,45,45,136.75,82,36,37580,400.0,9041,46621,900,9.58,0.054,3.881,18.28,45층 835㎡(45.7×18.3m)
단일,1b 층수·세장비,45,45,136.75,82,36,37580,400.0,9415,46995,903,9.61,0.096,3.872,16.68,45층 835㎡(50.1×16.7m)
단일+저층부,2 저층부,40,40,122.0,82,33,37580,400.0,7046,44626,4942,52.6,0.176,4.068,12.46,40층 388㎡(31.1×12.5m) + 저층부 5층 4800㎡(82.0×58.6m)
단일+저층부,2 저층부,40,40,122.0,82,30,37580,400.0,6710,44290,4133,43.99,0.274,3.972,12.05,40층 290㎡(24.1×12.0m) + 저층부 7층 4000㎡(84.9×47.1m)
단일+저층부,2 저층부,35,35,107.25,82,33,37580,400.0,6485,44065,4942,52.6,0.301,4.085,15.04,35층 453㎡(30.1×15.0m) + 저층부 5층 4800㎡(82.0×58.6m)
타워+저층별동,5 저층별동,35,35,107.25,82,39,37580,400.0,8503,46083,2604,27.72,0.15,4.032,18.39,35층 845㎡(46.0×18.4m) + 저층부 5층 1600㎡(69.3×23.1m)
단일+저층부,2 저층부,35,35,107.25,82,39,37580,400.0,7061,44641,4942,52.6,0.421,4.03,19.03,35층 724㎡(38.1×19.0m) + 저층부 3층 4800㎡(82.0×58.6m)
단일+저층부,2 저층부,35,35,107.25,82,24,37580,400.0,7054,44634,3316,35.29,0.464,4.004,14.73,35층 542㎡(36.8×14.7m) + 저층부 7층 3200㎡(66.9×47.8m)
타워+저층별동,5 저층별동,35,35,107.25,82,27,37580,400.0,9264,46844,2605,27.72,0.081,3.995,14.54,35층 845㎡(58.1×14.5m) + 저층부 5층 1600㎡(56.6×28.3m)
단일+저층부,2 저층부,35,35,107.25,82,26,37580,400.0,6971,44551,4133,43.99,0.239,3.985,9.25,35층 342㎡(37.0×9.2m) + 저층부 7층 4000㎡(84.9×47.1m)
단일+저층부,2 저층부,35,35,107.25,82,26,37580,400.0,6658,44238,4953,52.72,0.469,3.98,15.04,35층 453㎡(30.1×15.0m) + 저층부 5층 4800㎡(107.3×44.7m)
단일+저층부,2 저층부,60,60,181.0,83,30,37580,400.0,9037,46617,3334,35.48,0.181,4.048,11.97,60층 286㎡(23.9×12.0m) + 저층부 7층 3200㎡(101.2×31.6m)
타워+저층별동,5 저층별동,60,60,181.0,83,21,37580,400.0,10643,48223,2094,22.29,0.047,3.959,13.41,60층 360㎡(26.8×13.4m) + 저층부 10층 1600㎡(69.3×23.1m)
타워+저층별동,5 저층별동,60,60,181.0,83,28,37580,400.0,11962,49542,2243,23.87,0.04,3.955,11.1,60층 493㎡(44.4×11.1m) + 저층부 5층 1600㎡(69.3×23.1m)
타워+저층별동,5 저층별동,60,60,181.0,83,17,37580,400.0,10732,48312,2089,22.23,0.05,3.952,11.99,60층 360㎡(30.0×12.0m) + 저층부 10층 1600㎡(56.6×28.3m)
단일+저층부,2 저층부,55,55,166.25,83,37,37580,400.0,9114,46694,3316,35.29,0.306,4.004,13.14,55층 432㎡(32.8×13.1m) + 저층부 5층 3200㎡(66.9×47.8m)
단일+저층부,2 저층부,55,55,166.25,83,35,37580,400.0,8337,45917,3316,35.29,0.31,4.004,12.57,55층 316㎡(25.1×12.6m) + 저층부 7층 3200㎡(66.9×47.8m)
단일+저층부,2 저층부,55,55,166.25,83,37,37580,400.0,9309,46889,4129,43.95,0.3,4.0,14.03,55층 492㎡(35.1×14.0m) + 저층부 3층 4000㎡(74.8×53.5m)
타워+저층별동,5 저층별동,50,50,151.5,83,13,37580,400.0,11049,48629,2178,23.18,0.146,3.836,10.51,50층 432㎡(41.1×10.5m) + 저층부 10층 1600㎡(69.3×23.1m)
단일+저층부,2 저층부,45,45,136.75,83,33,37580,400.0,7954,45534,4133,43.99,0.224,4.035,13.26,45층 440㎡(33.1×13.3m) + 저층부 5층 4000㎡(84.9×47.1m)
타워+저층별동,5 저층별동,45,45,136.75,83,42,37580,400.0,9065,46645,2399,25.53,0.123,4.019,18.13,45층 657㎡(36.3×18.1m) + 저층부 5층 1600㎡(56.6×28.3m)
타워+저층별동,5 저층별동,45,45,136.75,83,34,37580,400.0,10421,48001,2334,24.84,0.082,4.007,12.11,45층 586㎡(48.4×12.1m) + 저층부 7층 1600㎡(56.6×28.3m)
단일+저층부,2 저층부,45,45,136.75,83,30,37580,400.0,7648,45228,3316,35.29,0.287,3.986,14.13,45층 399㎡(28.3×14.1m) + 저층부 7층 3200㎡(66.9×47.8m)
단일+저층부,2 저층부,45,45,136.75,83,33,37580,400.0,7846,45426,3325,35.39,0.358,3.984,14.13,45층 399㎡(28.3×14.1m) + 저층부 7층 3200㎡(87.6×36.5m)
단일,1b 층수·세장비,45,45,136.75,83,41,37580,400.0,8681,46261,897,9.55,0.26,3.936,20.43,45층 835㎡(40.9×20.4m)
쌍둥이+저층부,4 쌍둥이+저층부,45+45,45,136.75,83,37,37580,400.0,11317,48897,3321,35.35,0.151,3.835,14.43,45층 333㎡(23.1×14.4m) + 45층 333㎡(23.1×14.4m) + 저층부 3층 3200㎡(80.0×40.0m)
타워+저층별동,5 저층별동,45,45,136.75,83,7,37580,400.0,9878,47458,2232,23.75,0.036,3.766,15.48,45층 480㎡(31.0×15.5m) + 저층부 10층 1600㎡(84.9×18.9m)
단일+저층부,2 저층부,40,40,122.0,83,25,37580,400.0,7349,44929,4133,43.99,0.354,4.003,8.52,40층 290㎡(34.1×8.5m) + 저층부 7층 4000㎡(84.9×47.1m)
쌍둥이+저층부,4 쌍둥이+저층부,40+40,40,122.0,83,31,37580,400.0,9975,47555,3316,35.29,0.093,3.841,13.88,40층 308㎡(22.2×13.9m) + 40층 308㎡(22.2×13.9m) + 저층부 5층 3200㎡(66.9×47.8m)
단일+저층부,2 저층부,35,35,107.25,83,26,37580,400.0,6861,44441,4129,43.95,0.399,4.035,17.12,35층 586㎡(34.2×17.1m) + 저층부 5층 4000㎡(74.8×53.5m)
단일+저층부,2 저층부,35,35,107.25,83,30,37580,400.0,7210,44790,4942,52.6,0.343,4.022,10.64,35층 453㎡(42.6×10.6m) + 저층부 5층 4800㎡(82.0×58.6m)
단일+저층부,2 저층부,35,35,107.25,83,25,37580,400.0,6526,44106,4133,43.99,0.453,3.995,11.7,35층 342㎡(29.2×11.7m) + 저층부 7층 4000㎡(84.9×47.1m)
단일+저층부,2 저층부,35,35,107.25,83,31,37580,400.0,6861,44441,4129,43.95,0.444,3.988,17.12,35층 586㎡(34.2×17.1m) + 저층부 5층 4000㎡(74.8×53.5m)
단일,1b 층수·세장비,35,35,107.25,83,40,37580,400.0,7614,45194,1144,12.18,0.175,3.95,23.17,35층 1074㎡(46.3×23.2m)
타워+저층별동,5 저층별동,60,60,181.0,84,34,37580,400.0,11979,49559,2186,23.27,0.136,3.98,10.48,60층 440㎡(41.9×10.5m) + 저층부 7층 1600㎡(69.3×23.1m)
타워+저층별동,5 저층별동,60,60,181.0,84,26,37580,400.0,10983,48563,2106,22.41,0.273,3.936,13.41,60층 360㎡(26.8×13.4m) + 저층부 10층 1600㎡(84.9×18.9m)
단일,1b 층수·세장비,55,55,166.25,84,43,37580,400.0,10042,47622,742,7.9,0.054,3.967,16.53,55층 683㎡(41.3×16.5m)
단일+저층부,2 저층부,55,55,166.25,84,25,37580,400.0,8771,46351,3325,35.39,0.13,3.967,11.25,55층 316㎡(28.1×11.2m) + 저층부 7층 3200㎡(87.6×36.5m)
단일+저층부,2 저층부,55,55,166.25,84,42,37580,400.0,9388,46968,2500,26.61,0.246,3.954,17.09,55층 584㎡(34.2×17.1m) + 저층부 3층 2400㎡(58.0×41.4m)
단일,1b 층수·세장비,55,55,166.25,84,33,37580,400.0,11278,48858,750,7.98,0.272,3.907,13.07,55층 683㎡(52.3×13.1m)
단일+저층부,2 저층부,50,50,151.5,84,33,37580,400.0,7533,45113,4942,52.6,0.298,4.048,12.28,50층 302㎡(24.6×12.3m) + 저층부 5층 4800㎡(82.0×58.6m)
단일+저층부,2 저층부,50,50,151.5,84,32,37580,400.0,8071,45651,3319,35.33,0.218,4.046,13.29,50층 353㎡(26.6×13.3m) + 저층부 7층 3200㎡(75.9×42.2m)
단일+저층부,2 저층부,50,50,151.5,84,33,37580,400.0,9562,47142,3316,35.29,0.157,4.004,10.95,50층 480㎡(43.8×10.9m) + 저층부 5층 3200㎡(66.9×47.8m)
단일+저층부,2 저층부,50,50,151.5,84,37,37580,400.0,8616,46196,4133,43.99,0.323,3.993,16.5,50층 544㎡(33.0×16.5m) + 저층부 3층 4000㎡(84.9×47.1m)
단일+저층부,2 저층부,50,50,151.5,84,35,37580,400.0,8001,45581,3316,35.29,0.309,3.986,13.29,50층 353㎡(26.6×13.3m) + 저층부 7층 3200㎡(66.9×47.8m)
단일+저층부,2 저층부,50,50,151.5,84,35,37580,400.0,8208,45788,2503,26.64,0.339,3.954,13.03,50층 340㎡(26.1×13.0m) + 저층부 10층 2400㎡(65.7×36.5m)
단일+저층부,2 저층부,50,50,151.5,84,31,37580,400.0,8121,45701,2500,26.61,0.302,3.938,13.03,50층 340㎡(26.1×13.0m) + 저층부 10층 2400㎡(58.0×41.4m)
단일+저층부,2 저층부,45,45,136.75,84,33,37580,400.0,8296,45876,3316,35.29,0.234,4.01,14.69,45층 540㎡(36.7×14.7m) + 저층부 5층 3200㎡(66.9×47.8m)
타워+저층별동,5 저층별동,45,45,136.75,84,29,37580,400.0,9903,47483,3021,32.16,0.14,4.01,10.74,45층 462㎡(43.0×10.7m) + 저층부 7층 2400㎡(69.3×34.6m)
단일+저층부,2 저층부,45,45,136.75,84,40,37580,400.0,8476,46056,4133,43.99,0.329,4.001,15.61,45층 609㎡(39.0×15.6m) + 저층부 3층 4000㎡(84.9×47.1m)
단일+저층부,2 저층부,45,45,136.75,84,33,37580,400.0,8346,45926,3319,35.33,0.351,3.964,14.69,45층 540㎡(36.7×14.7m) + 저층부 5층 3200㎡(75.9×42.2m)
타워+저층별동,5 저층별동,45,45,136.75,84,13,37580,400.0,9810,47390,2222,23.66,0.047,3.922,13.85,45층 480㎡(34.6×13.8m) + 저층부 10층 1600㎡(69.3×23.1m)
타워+저층별동,5 저층별동,45,45,136.75,84,10,37580,400.0,9312,46892,2213,23.55,0.042,3.915,15.48,45층 480㎡(31.0×15.5m) + 저층부 10층 1600㎡(56.6×28.3m)
쌍둥이,3 쌍둥이,45+40,45,136.75,84,42,37580,400.0,11758,49338,965,10.27,0.055,3.898,15.33,45층 501㎡(28.3×17.7m) + 40층 376㎡(24.5×15.3m)
단일,1a 방위·위치,45,45,136.75,84,36,37580,400.0,9041,46621,900,9.58,0.127,3.885,18.28,45층 835㎡(45.7×18.3m)
단일,1a 방위·위치,45,45,136.75,84,29,37580,400.0,9041,46621,900,9.58,0.06,3.779,18.28,45층 835㎡(45.7×18.3m)
단일,1a 방위·위치,45,45,136.75,84,27,37580,400.0,9041,46621,900,9.58,0.065,3.776,18.28,45층 835㎡(45.7×18.3m)
단일+저층부,2 저층부,40,40,122.0,84,25,37580,400.0,6788,44368,4129,43.95,0.322,4.034,10.78,40층 290㎡(26.9×10.8m) + 저층부 7층 4000㎡(74.8×53.5m)
타워+저층별동,5 저층별동,40,40,122.0,84,2,37580,400.0,9391,46971,2285,24.32,0.093,3.816,14.69,40층 540㎡(36.7×14.7m) + 저층부 10층 1600㎡(69.3×23.1m)
타워+저층별동,5 저층별동,35,35,107.25,84,26,37580,400.0,7940,45520,3294,35.06,0.059,4.036,19.12,35층 731㎡(38.2×19.1m) + 저층부 5층 2400㎡(69.3×34.6m)
타워+저층별동,5 저층별동,35,35,107.25,84,30,37580,400.0,8699,46279,2509,26.7,0.11,4.021,17.36,35층 754㎡(43.4×17.4m) + 저층부 7층 1600㎡(69.3×23.1m)
단일,1b 층수·세장비,35,35,107.25,84,32,37580,400.0,7931,45511,1147,12.21,0.131,4.006,20.72,35층 1074㎡(51.8×20.7m)
타워+저층별동,5 저층별동,35,35,107.25,84,4,37580,400.0,8603,46183,2959,31.49,0.219,3.891,13.93,35층 388㎡(27.9×13.9m) + 저층부 10층 2400㎡(103.9×23.1m)
단일+저층부,2 저층부,60,60,181.0,85,29,37580,400.0,8727,46307,3319,35.33,0.192,4.038,11.97,60층 286㎡(23.9×12.0m) + 저층부 7층 3200㎡(75.9×42.2m)
타워+저층별동,5 저층별동,60,60,181.0,85,26,37580,400.0,10958,48538,2096,22.31,0.03,4.032,11.99,60층 360㎡(30.0×12.0m) + 저층부 10층 1600㎡(69.3×23.1m)
단일+저층부,2 저층부,60,60,181.0,85,24,37580,400.0,9701,47281,3319,35.33,0.062,4.02,8.56,60층 286㎡(33.5×8.6m) + 저층부 7층 3200㎡(75.9×42.2m)
쌍둥이,3 쌍둥이,60+50,60,181.0,85,45,37580,400.0,13514,51094,767,8.17,0.142,3.93,13.99,60층 313㎡(22.4×14.0m) + 50층 376㎡(24.5×15.3m)
타워+저층별동,5 저층별동,55,55,166.25,85,36,37580,400.0,11374,48954,2221,23.64,0.114,3.992,10.95,55층 480㎡(43.8×11.0m) + 저층부 7층 1600㎡(56.6×28.3m)
단일+저층부,2 저층부,50,50,151.5,85,33,37580,400.0,8090,45670,4133,43.99,0.244,4.044,13.98,50층 391㎡(28.0×14.0m) + 저층부 5층 4000㎡(84.9×47.1m)
단일+저층부,2 저층부,50,50,151.5,85,34,37580,400.0,8281,45861,4129,43.95,0.261,4.034,12.5,50층 391㎡(31.3×12.5m) + 저층부 5층 4000㎡(74.8×53.5m)
타워+저층별동,5 저층별동,50,50,151.5,85,28,37580,400.0,11102,48682,2178,23.18,0.086,3.993,10.39,50층 432㎡(41.5×10.4m) + 저층부 10층 1600㎡(69.3×23.1m)
쌍둥이+저층부,4 쌍둥이+저층부,50+50,50,151.5,85,35,37580,400.0,11906,49486,3316,35.29,0.121,3.824,13.64,50층 298㎡(21.8×13.6m) + 50층 298㎡(21.8×13.6m) + 저층부 3층 3200㎡(66.9×47.8m)
단일,1a 방위·위치,45,45,136.75,85,36,37580,400.0,9041,46621,900,9.58,0.075,4.083,18.28,45층 835㎡(45.7×18.3m)
단일,1a 방위·위치,45,45,136.75,85,41,37580,400.0,9041,46621,900,9.58,0.134,4.044,18.28,45층 835㎡(45.7×18.3m)
단일,1a 방위·위치,45,45,136.75,85,39,37580,400.0,9041,46621,900,9.58,0.136,4.035,18.28,45층 835㎡(45.7×18.3m)
단일,1a 방위·위치,45,45,136.75,85,38,37580,400.0,9041,46621,900,9.58,0.226,3.881,18.28,45층 835㎡(45.7×18.3m)
단일,1a 방위·위치,45,45,136.75,85,37,37580,400.0,9041,46621,900,9.58,0.066,3.873,18.28,45층 835㎡(45.7×18.3m)
단일,1a 방위·위치,45,45,136.75,85,29,37580,400.0,9041,46621,900,9.58,0.037,3.727,18.28,45층 835㎡(45.7×18.3m)
단일+저층부,2 저층부,40,40,122.0,85,27,37580,400.0,6632,44212,4129,43.95,0.244,4.086,12.05,40층 290㎡(24.1×12.0m) + 저층부 7층 4000㎡(74.8×53.5m)
단일+저층부,2 저층부,40,40,122.0,85,26,37580,400.0,7320,44900,4133,43.99,0.312,4.01,8.62,40층 290㎡(33.7×8.6m) + 저층부 7층 4000㎡(84.9×47.1m)
단일+저층부,2 저층부,40,40,122.0,85,34,37580,400.0,7434,45014,4140,44.06,0.3,3.952,15.85,40층 502㎡(31.7×15.8m) + 저층부 5층 4000㎡(98.0×40.8m)
단일+저층부,2 저층부,40,40,122.0,85,34,37580,400.0,7470,45050,3316,35.29,0.371,3.949,13.56,40층 460㎡(33.9×13.6m) + 저층부 7층 3200㎡(66.9×47.8m)
단일+저층부,2 저층부,35,35,107.25,85,25,37580,400.0,6945,44525,4133,43.99,0.193,4.042,9.35,35층 342㎡(36.6×9.4m) + 저층부 7층 4000㎡(84.9×47.1m)
단일+저층부,2 저층부,35,35,107.25,85,29,37580,400.0,6867,44447,4129,43.95,0.201,4.032,9.35,35층 342㎡(36.6×9.4m) + 저층부 7층 4000㎡(74.8×53.5m)
단일+저층부,2 저층부,35,35,107.25,85,25,37580,400.0,6971,44551,4133,43.99,0.288,4.024,9.25,35층 342㎡(37.0×9.2m) + 저층부 7층 4000㎡(84.9×47.1m)
단일+저층부,2 저층부,35,35,107.25,85,26,37580,400.0,6658,44238,4953,52.72,0.408,3.982,15.04,35층 453㎡(30.1×15.0m) + 저층부 5층 4800㎡(107.3×44.7m)
쌍둥이+저층부,4 쌍둥이+저층부,35+35,35,107.25,85,29,37580,400.0,9378,46958,4942,52.6,0.065,3.849,15.05,35층 362㎡(24.1×15.0m) + 35층 362㎡(24.1×15.0m) + 저층부 3층 4800㎡(82.0×58.6m)
단일+저층부,2 저층부,60,60,181.0,86,41,37580,400.0,9622,47202,2503,26.64,0.248,3.982,15.25,60층 465㎡(30.5×15.2m) + 저층부 5층 2400㎡(65.7×36.5m)
단일+저층부,2 저층부,60,60,181.0,86,41,37580,400.0,9379,46959,4129,43.95,0.219,3.971,14.98,60층 449㎡(30.0×15.0m) + 저층부 3층 4000㎡(74.8×53.5m)
단일+저층부,2 저층부,60,60,181.0,86,26,37580,400.0,9104,46684,3325,35.39,0.284,3.935,10.7,60층 286㎡(26.8×10.7m) + 저층부 7층 3200㎡(87.6×36.5m)
타워+저층별동,5 저층별동,55,55,166.25,86,33,37580,400.0,10339,47919,2215,23.58,0.145,3.954,13.85,55층 480㎡(34.6×13.9m) + 저층부 7층 1600㎡(56.6×28.3m)
단일,1b 층수·세장비,55,55,166.25,86,42,37580,400.0,10455,48035,745,7.93,0.167,3.944,15.09,55층 683㎡(45.3×15.1m)
단일,1b 층수·세장비,50,50,151.5,86,35,37580,400.0,10731,48311,821,8.74,0.028,4.086,13.71,50층 752㎡(54.8×13.7m)
단일+저층부,2 저층부,50,50,151.5,86,45,37580,400.0,8616,46196,4133,43.99,0.278,3.997,16.5,50층 544㎡(33.0×16.5m) + 저층부 3층 4000㎡(84.9×47.1m)
단일,1b 층수·세장비,50,50,151.5,86,34,37580,400.0,8844,46424,809,8.61,0.205,3.962,22.38,50층 752㎡(33.6×22.4m)
단일+저층부,2 저층부,50,50,151.5,86,33,37580,400.0,8814,46394,2500,26.61,0.332,3.951,13.9,50층 483㎡(34.8×13.9m) + 저층부 7층 2400㎡(58.0×41.4m)
단일,1b 층수·세장비,45,45,136.75,86,41,37580,400.0,8368,45948,895,9.53,0.13,4.035,23.6,45층 835㎡(35.4×23.6m)
단일,1a 방위·위치,45,45,136.75,86,34,37580,400.0,9041,46621,900,9.58,0.145,4.029,18.28,45층 835㎡(45.7×18.3m)
단일,1b 층수·세장비,45,45,136.75,86,40,37580,400.0,10158,47738,908,9.67,0.124,4.029,14.45,45층 835㎡(57.8×14.4m)
타워+저층별동,5 저층별동,45,45,136.75,86,32,37580,400.0,9065,46645,2399,25.53,0.18,4.014,18.13,45층 657㎡(36.3×18.1m) + 저층부 5층 1600㎡(56.6×28.3m)
단일+저층부,2 저층부,45,45,136.75,86,44,37580,400.0,8222,45802,4942,52.6,0.305,3.996,14.86,45층 552㎡(37.1×14.9m) + 저층부 3층 4800㎡(82.0×58.6m)
단일,1b 층수·세장비,45,45,136.75,86,29,37580,400.0,9041,46621,900,9.58,0.132,3.972,18.28,45층 835㎡(45.7×18.3m)
단일+저층부,2 저층부,45,45,136.75,86,32,37580,400.0,7774,45354,2500,26.61,0.36,3.957,13.93,45층 388㎡(27.9×13.9m) + 저층부 10층 2400㎡(58.0×41.4m)
단일,1a 방위·위치,45,45,136.75,86,32,37580,400.0,9041,46621,900,9.58,0.342,3.942,18.28,45층 835㎡(45.7×18.3m)
단일+저층부,2 저층부,45,45,136.75,86,27,37580,400.0,7928,45508,3319,35.33,0.359,3.924,12.64,45층 399㎡(31.6×12.6m) + 저층부 7층 3200㎡(75.9×42.2m)
단일,1a 방위·위치,45,45,136.75,86,34,37580,400.0,9041,46621,900,9.58,0.291,3.909,18.28,45층 835㎡(45.7×18.3m)
단일,1a 방위·위치,45,45,136.75,86,34,37580,400.0,9041,46621,900,9.58,0.088,3.793,18.28,45층 835㎡(45.7×18.3m)
단일,1a 방위·위치,45,45,136.75,86,27,37580,400.0,9041,46621,900,9.58,0.027,3.752,18.28,45층 835㎡(45.7×18.3m)
단일+저층부,2 저층부,40,40,122.0,86,29,37580,400.0,6632,44212,4129,43.95,0.325,4.022,12.05,40층 290㎡(24.1×12.0m) + 저층부 7층 4000㎡(74.8×53.5m)
타워+저층별동,5 저층별동,40,40,122.0,86,32,37580,400.0,8681,46261,3201,34.08,0.104,4.015,15.99,40층 640㎡(40.0×16.0m) + 저층부 5층 2400㎡(69.3×34.6m)
단일+저층부,2 저층부,40,40,122.0,86,26,37580,400.0,6866,44446,4133,43.99,0.364,3.991,10.78,40층 290㎡(26.9×10.8m) + 저층부 7층 4000㎡(84.9×47.1m)
단일+저층부,2 저층부,40,40,122.0,86,33,37580,400.0,7332,44912,4133,43.99,0.319,3.967,15.85,40층 502㎡(31.7×15.8m) + 저층부 5층 4000㎡(84.9×47.1m)
단일+저층부,2 저층부,35,35,107.25,86,25,37580,400.0,6874,44454,3316,35.29,0.128,4.086,16.46,35층 542㎡(32.9×16.5m) + 저층부 7층 3200㎡(66.9×47.8m)
단일,1b 층수·세장비,35,35,107.25,86,33,37580,400.0,7614,45194,1144,12.18,0.129,4.05,23.17,35층 1074㎡(46.3×23.2m)
단일+저층부,2 저층부,35,35,107.25,86,43,37580,400.0,6917,44497,4133,43.99,0.394,4.037,17.12,35층 586㎡(34.2×17.1m) + 저층부 5층 4000㎡(84.9×47.1m)
쌍둥이+저층부,4 쌍둥이+저층부,35+35,35,107.25,86,38,37580,400.0,9751,47331,4942,52.6,0.197,3.902,12.83,35층 362㎡(28.2×12.8m) + 35층 362㎡(28.2×12.8m) + 저층부 3층 4800㎡(82.0×58.6m)
단일,1b 층수·세장비,60,60,181.0,87,44,37580,400.0,9735,47315,678,7.22,0.106,4.058,20.43,60층 626㎡(30.7×20.4m)
쌍둥이,3 쌍둥이,60+45,60,181.0,87,45,37580,400.0,13163,50743,811,8.63,0.142,3.924,13.99,60층 313㎡(22.4×14.0m) + 45층 418㎡(25.8×16.2m)
단일+저층부,2 저층부,55,55,166.25,87,35,37580,400.0,8827,46407,3316,35.29,0.196,4.033,14.69,55층 432㎡(29.4×14.7m) + 저층부 5층 3200㎡(66.9×47.8m)
단일,1b 층수·세장비,55,55,166.25,87,34,37580,400.0,10042,47622,742,7.9,0.173,3.924,16.53,55층 683㎡(41.3×16.5m)
단일+저층부,2 저층부,55,55,166.25,87,23,37580,400.0,8451,46031,2500,26.61,0.248,3.912,12.28,55층 302㎡(24.6×12.3m) + 저층부 10층 2400㎡(58.0×41.4m)
단일+저층부,2 저층부,50,50,151.5,87,22,37580,400.0,8208,45788,2503,26.64,0.113,4.061,13.03,50층 340㎡(26.1×13.0m) + 저층부 10층 2400㎡(65.7×36.5m)
단일+저층부,2 저층부,45,45,136.75,87,30,37580,400.0,7858,45438,3316,35.29,0.285,4.002,12.64,45층 399㎡(31.6×12.6m) + 저층부 7층 3200㎡(66.9×47.8m)
타워+저층별동,5 저층별동,45,45,136.75,87,25,37580,400.0,9342,46922,2332,24.82,0.18,3.94,17.12,45층 586㎡(34.2×17.1m) + 저층부 7층 1600㎡(69.3×23.1m)
타워+저층별동,5 저층별동,45,45,136.75,87,2,37580,400.0,9280,46860,2868,30.52,0.264,3.831,12.28,45층 302㎡(24.6×12.3m) + 저층부 10층 2400㎡(103.9×23.1m)
단일,1a 방위·위치,45,45,136.75,87,30,37580,400.0,9041,46621,900,9.58,0.031,3.776,18.28,45층 835㎡(45.7×18.3m)
단일+저층부,2 저층부,40,40,122.0,87,30,37580,400.0,7604,45184,4942,52.6,0.238,4.051,9.96,40층 388㎡(38.9×10.0m) + 저층부 5층 4800㎡(82.0×58.6m)
단일+저층부,2 저층부,40,40,122.0,87,35,37580,400.0,7662,45242,3319,35.33,0.185,4.042,17.56,40층 617㎡(35.1×17.6m) + 저층부 5층 3200㎡(75.9×42.2m)
단일,1b 층수·세장비,40,40,122.0,87,35,37580,400.0,7868,45448,1003,10.68,0.192,4.009,25.03,40층 940㎡(37.5×25.0m)
타워+저층별동,5 저층별동,40,40,122.0,87,26,37580,400.0,10049,47629,2307,24.56,0.338,3.949,14.69,40층 540㎡(36.7×14.7m) + 저층부 10층 1600㎡(98.0×16.3m)
타워+저층별동,5 저층별동,40,40,122.0,87,5,37580,400.0,10189,47769,2292,24.4,0.089,3.802,11.61,40층 540㎡(46.5×11.6m) + 저층부 10층 1600㎡(69.3×23.1m)
쌍둥이+저층부,4 쌍둥이+저층부,40+40,40,122.0,87,29,37580,400.0,10554,48134,3316,35.29,0.079,3.794,13.75,40층 454㎡(26.9×16.8m) + 40층 302㎡(22.0×13.7m) + 저층부 3층 3200㎡(66.9×47.8m)
단일,1b 층수·세장비,35,35,107.25,87,24,37580,400.0,8261,45841,1150,12.24,0.124,3.988,18.92,35층 1074㎡(56.8×18.9m)
타워+저층별동,5 저층별동,60,60,181.0,88,37,37580,400.0,10391,47971,2171,23.11,0.112,4.011,14.83,60층 440㎡(29.7×14.8m) + 저층부 7층 1600㎡(56.6×28.3m)
타워+저층별동,5 저층별동,60,60,181.0,88,31,37580,400.0,10391,47971,2171,23.11,0.148,4.008,14.83,60층 440㎡(29.7×14.8m) + 저층부 7층 1600㎡(56.6×28.3m)
타워+저층별동,5 저층별동,60,60,181.0,88,31,37580,400.0,10619,48199,2246,23.9,0.14,3.989,15.7,60층 493㎡(31.4×15.7m) + 저층부 5층 1600㎡(84.9×18.9m)
타워+저층별동,5 저층별동,60,60,181.0,88,33,37580,400.0,10391,47971,2171,23.11,0.132,3.96,14.83,60층 440㎡(29.7×14.8m) + 저층부 7층 1600㎡(56.6×28.3m)
단일+저층부,2 저층부,60,60,181.0,88,41,37580,400.0,9959,47539,3316,35.29,0.221,3.959,14.01,60층 491㎡(35.0×14.0m) + 저층부 3층 3200㎡(66.9×47.8m)
쌍둥이,3 쌍둥이,60+50,60,181.0,88,43,37580,400.0,14129,51709,758,8.06,0.052,3.887,11.69,60층 376㎡(28.8×13.1m) + 50층 301㎡(25.7×11.7m)
타워+저층별동,5 저층별동,60,60,181.0,88,25,37580,400.0,10417,47997,2087,22.21,0.058,3.851,13.41,60층 360㎡(26.8×13.4m) + 저층부 10층 1600㎡(56.6×28.3m)
타워+저층별동,5 저층별동,55,55,166.25,88,32,37580,400.0,10000,47580,2353,25.05,0.083,4.006,17.26,55층 596㎡(34.5×17.3m) + 저층부 3층 1600㎡(84.9×18.9m)
타워+저층별동,5 저층별동,55,55,166.25,88,26,37580,400.0,10497,48077,2222,23.66,0.025,3.987,13.85,55층 480㎡(34.6×13.9m) + 저층부 7층 1600㎡(69.3×23.1m)
단일+저층부,2 저층부,55,55,166.25,88,45,37580,400.0,9087,46667,4946,52.64,0.24,3.985,13.35,55층 446㎡(33.4×13.4m) + 저층부 3층 4800㎡(93.0×51.6m)
단일+저층부,2 저층부,55,55,166.25,88,46,37580,400.0,9204,46784,3316,35.29,0.251,3.971,16.4,55층 538㎡(32.8×16.4m) + 저층부 3층 3200㎡(66.9×47.8m)
타워+저층별동,5 저층별동,55,55,166.25,88,21,37580,400.0,10365,47945,2123,22.6,0.044,3.946,12.53,55층 392㎡(31.3×12.5m) + 저층부 10층 1600㎡(56.6×28.3m)
쌍둥이,3 쌍둥이,55+40,55,166.25,88,43,37580,400.0,13046,50626,900,9.58,0.067,3.881,12.46,55층 342㎡(27.4×12.5m) + 40층 470㎡(32.1×14.6m)
단일,1b 층수·세장비,50,50,151.5,88,39,37580,400.0,9553,47133,813,8.66,0.077,4.084,17.34,50층 752㎡(43.3×17.3m)
타워+저층별동,5 저층별동,50,50,151.5,88,20,37580,400.0,10850,48430,2271,24.18,0.024,3.966,11.62,50층 528㎡(45.4×11.6m) + 저층부 7층 1600㎡(56.6×28.3m)
타워+저층별동,5 저층별동,50,50,151.5,88,30,37580,400.0,9922,47502,2265,24.11,0.231,3.953,14.53,50층 528㎡(36.3×14.5m) + 저층부 7층 1600㎡(56.6×28.3m)
쌍둥이,3 쌍둥이,50+35,50,151.5,88,43,37580,400.0,12287,49867,1006,10.71,0.062,3.884,13.07,50층 376㎡(28.8×13.1m) + 35층 537㎡(34.4×15.6m)
단일,1b 층수·세장비,45,45,136.75,88,35,37580,400.0,10158,47738,908,9.67,0.115,4.002,14.45,45층 835㎡(57.8×14.4m)
단일+저층부,2 저층부,45,45,136.75,88,36,37580,400.0,7858,45438,3316,35.29,0.336,3.982,12.64,45층 399㎡(31.6×12.6m) + 저층부 7층 3200㎡(66.9×47.8m)
단일,1b 층수·세장비,40,40,122.0,88,35,37580,400.0,8502,46082,1008,10.73,0.071,4.083,19.39,40층 940㎡(48.5×19.4m)
단일,1b 층수·세장비,40,40,122.0,88,36,37580,400.0,7868,45448,1003,10.68,0.086,4.064,25.03,40층 940㎡(37.5×25.0m)
쌍둥이+저층부,4 쌍둥이+저층부,40+40,40,122.0,88,40,37580,400.0,11032,48612,4942,52.6,0.095,3.928,10.22,40층 313㎡(30.7×10.2m) + 40층 313㎡(30.7×10.2m) + 저층부 3층 4800㎡(82.0×58.6m)
단일+저층부,2 저층부,35,35,107.25,88,33,37580,400.0,6485,44065,4942,52.6,0.189,4.08,15.04,35층 453㎡(30.1×15.0m) + 저층부 5층 4800㎡(82.0×58.6m)
쌍둥이+저층부,4 쌍둥이+저층부,35+35,35,107.25,88,32,37580,400.0,9157,46737,4129,43.95,0.132,3.955,11.54,35층 293㎡(25.4×11.5m) + 35층 293㎡(25.4×11.5m) + 저층부 5층 4000㎡(74.8×53.5m)
단일+저층부,2 저층부,60,60,181.0,89,34,37580,400.0,8906,46486,3316,35.29,0.263,3.964,10.7,60층 286㎡(26.8×10.7m) + 저층부 7층 3200㎡(66.9×47.8m)
타워+저층별동,5 저층별동,60,60,181.0,89,18,37580,400.0,10958,48538,2096,22.31,0.042,3.93,11.99,60층 360㎡(30.0×12.0m) + 저층부 10층 1600㎡(69.3×23.1m)
쌍둥이,3 쌍둥이,60+50,60,181.0,89,43,37580,400.0,14136,51716,771,8.21,0.07,3.878,11.93,60층 313㎡(26.2×11.9m) + 50층 376㎡(28.8×13.1m)
단일,1b 층수·세장비,55,55,166.25,89,44,37580,400.0,9299,46879,738,7.85,0.112,4.04,21.34,55층 683㎡(32.0×21.3m)
단일,1b 층수·세장비,55,55,166.25,89,36,37580,400.0,9644,47224,740,7.87,0.152,4.031,18.48,55층 683㎡(37.0×18.5m)
단일+저층부,2 저층부,55,55,166.25,89,35,37580,400.0,9954,47534,3316,35.29,0.095,3.999,10.51,55층 432㎡(41.1×10.5m) + 저층부 5층 3200㎡(66.9×47.8m)
단일+저층부,2 저층부,55,55,166.25,89,32,37580,400.0,9339,46919,2500,26.61,0.232,3.972,8.69,55층 302㎡(34.7×8.7m) + 저층부 10층 2400㎡(58.0×41.4m)
단일,1b 층수·세장비,55,55,166.25,89,43,37580,400.0,9299,46879,738,7.85,0.075,3.958,21.34,55층 683㎡(32.0×21.3m)
단일,1b 층수·세장비,55,55,166.25,89,43,37580,400.0,9299,46879,738,7.85,0.205,3.918,21.34,55층 683㎡(32.0×21.3m)
쌍둥이,3 쌍둥이,55+55,55,166.25,89,43,37580,400.0,13527,51107,761,8.1,0.088,3.871,14.61,55층 342㎡(23.4×14.6m) + 55층 342㎡(23.4×14.6m)
타워+저층별동,5 저층별동,50,50,151.5,89,32,37580,400.0,9507,47087,2330,24.8,0.092,4.024,17.2,50층 592㎡(34.4×17.2m) + 저층부 5층 1600㎡(56.6×28.3m)
타워+저층별동,5 저층별동,50,50,151.5,89,37,37580,400.0,9507,47087,2330,24.8,0.115,3.985,17.2,50층 592㎡(34.4×17.2m) + 저층부 5층 1600㎡(56.6×28.3m)
타워+저층별동,5 저층별동,50,50,151.5,89,19,37580,400.0,9762,47342,2271,24.17,0.021,3.982,16.24,50층 528㎡(32.5×16.2m) + 저층부 7층 1600㎡(69.3×23.1m)
단일+저층부,2 저층부,50,50,151.5,89,33,37580,400.0,8492,46072,3319,35.33,0.275,3.966,15.48,50층 480㎡(31.0×15.5m) + 저층부 5층 3200㎡(75.9×42.2m)
단일,1a 방위·위치,45,45,136.75,89,34,37580,400.0,9041,46621,900,9.58,0.07,4.007,18.28,45층 835㎡(45.7×18.3m)
단일+저층부,2 저층부,45,45,136.75,89,35,37580,400.0,9047,46627,3316,35.29,0.072,3.992,11.75,45층 540㎡(45.9×11.7m) + 저층부 5층 3200㎡(66.9×47.8m)
단일+저층부,2 저층부,45,45,136.75,89,34,37580,400.0,7648,45228,3316,35.29,0.324,3.969,14.13,45층 399㎡(28.3×14.1m) + 저층부 7층 3200㎡(66.9×47.8m)
단일+저층부,2 저층부,45,45,136.75,89,34,37580,400.0,8393,45973,2500,26.61,0.362,3.916,14.79,45층 547㎡(37.0×14.8m) + 저층부 7층 2400㎡(58.0×41.4m)
단일,1a 방위·위치,45,45,136.75,89,36,37580,400.0,9041,46621,900,9.58,0.04,3.873,18.28,45층 835㎡(45.7×18.3m)
단일,1a 방위·위치,45,45,136.75,89,35,37580,400.0,9041,46621,900,9.58,0.093,3.824,18.28,45층 835㎡(45.7×18.3m)
단일,1b 층수·세장비,40,40,122.0,89,33,37580,400.0,8854,46434,1011,10.76,0.093,4.029,17.7,40층 940㎡(53.1×17.7m)
단일+저층부,2 저층부,40,40,122.0,89,38,37580,400.0,7662,45242,3319,35.33,0.299,3.952,17.56,40층 617㎡(35.1×17.6m) + 저층부 5층 3200㎡(75.9×42.2m)
단일+저층부,2 저층부,35,35,107.25,89,21,37580,400.0,7090,44670,2503,26.64,0.126,4.052,16.48,35층 543㎡(33.0×16.5m) + 저층부 10층 2400㎡(65.7×36.5m)
단일,1b 층수·세장비,35,35,107.25,89,33,37580,400.0,7338,44918,1142,12.15,0.218,4.011,26.75,35층 1074㎡(40.1×26.8m)
쌍둥이+저층부,4 쌍둥이+저층부,35+35,35,107.25,89,32,37580,400.0,9287,46867,3316,35.29,0.172,3.905,13.41,35층 432㎡(26.3×16.4m) + 35층 288㎡(21.5×13.4m) + 저층부 5층 3200㎡(66.9×47.8m)
단일,1b 층수·세장비,60,60,181.0,90,38,37580,400.0,12628,50208,694,7.39,0.054,4.075,11.19,60층 626㎡(56.0×11.2m)
단일,1b 층수·세장비,60,60,181.0,90,42,37580,400.0,9735,47315,678,7.22,0.083,4.063,20.43,60층 626㎡(30.7×20.4m)
쌍둥이,3 쌍둥이,60+45,60,181.0,90,43,37580,400.0,13769,51349,815,8.67,0.07,3.874,11.93,60층 313㎡(26.2×11.9m) + 45층 418㎡(30.3×13.8m)
타워+저층별동,5 저층별동,55,55,166.25,90,39,37580,400.0,11314,48894,2282,24.29,0.093,4.034,11.73,55층 538㎡(45.9×11.7m) + 저층부 5층 1600㎡(56.6×28.3m)
타워+저층별동,5 저층별동,55,55,166.25,90,19,37580,400.0,9840,47420,2927,31.15,0.032,3.977,12.29,55층 378㎡(30.7×12.3m) + 저층부 7층 2400㎡(69.3×34.6m)
단일+저층부,2 저층부,50,50,151.5,90,34,37580,400.0,8948,46528,3319,35.33,0.118,4.09,9.5,50층 353㎡(37.2×9.5m) + 저층부 7층 3200㎡(75.9×42.2m)
단일+저층부,2 저층부,50,50,151.5,90,21,37580,400.0,8121,45701,2500,26.61,0.161,4.032,13.03,50층 340㎡(26.1×13.0m) + 저층부 10층 2400㎡(58.0×41.4m)
타워+저층별동,5 저층별동,50,50,151.5,90,27,37580,400.0,9922,47502,2265,24.11,0.057,4.003,14.53,50층 528㎡(36.3×14.5m) + 저층부 7층 1600㎡(56.6×28.3m)
단일+저층부,2 저층부,50,50,151.5,90,43,37580,400.0,8677,46257,4140,44.06,0.239,3.948,16.5,50층 544㎡(33.0×16.5m) + 저층부 3층 4000㎡(98.0×40.8m)
단일,1a 방위·위치,45,45,136.75,90,31,37580,400.0,9041,46621,900,9.58,0.298,3.92,18.28,45층 835㎡(45.7×18.3m)
타워+저층별동,5 저층별동,45,45,136.75,90,8,37580,400.0,10196,47776,2242,23.87,0.166,3.755,15.48,45층 480㎡(31.0×15.5m) + 저층부 10층 1600㎡(98.0×16.3m)
타워+저층별동,5 저층별동,40,40,122.0,90,30,37580,400.0,9857,47437,2410,25.65,0.186,3.993,12.99,40층 660㎡(50.8×13.0m) + 저층부 7층 1600㎡(56.6×28.3m)
쌍둥이+저층부,4 쌍둥이+저층부,35+35,35,107.25,90,34,37580,400.0,9713,47293,3321,35.35,0.218,3.919,11.44,35층 432㎡(30.8×14.0m) + 35층 288㎡(25.2×11.4m) + 저층부 5층 3200㎡(80.0×40.0m)
타워+저층별동,5 저층별동,60,60,181.0,91,35,37580,400.0,10391,47971,2171,23.11,0.085,4.022,14.83,60층 440㎡(29.7×14.8m) + 저층부 7층 1600㎡(56.6×28.3m)
단일+저층부,2 저층부,60,60,181.0,91,32,37580,400.0,8976,46556,3319,35.33,0.217,4.002,10.7,60층 286㎡(26.8×10.7m) + 저층부 7층 3200㎡(75.9×42.2m)
타워+저층별동,5 저층별동,60,60,181.0,91,37,37580,400.0,10740,48320,2173,23.13,0.08,3.993,13.26,60층 440㎡(33.2×13.3m) + 저층부 7층 1600㎡(56.6×28.3m)
타워+저층별동,5 저층별동,60,60,181.0,91,28,37580,400.0,11979,49559,2186,23.27,0.071,3.951,10.48,60층 440㎡(41.9×10.5m) + 저층부 7층 1600㎡(69.3×23.1m)
타워+저층별동,5 저층별동,60,60,181.0,91,20,37580,400.0,10643,48223,2094,22.29,0.075,3.919,13.41,60층 360㎡(26.8×13.4m) + 저층부 10층 1600㎡(69.3×23.1m)
단일+저층부,2 저층부,55,55,166.25,91,35,37580,400.0,8407,45987,3319,35.33,0.125,4.057,12.57,55층 316㎡(25.1×12.6m) + 저층부 7층 3200㎡(75.9×42.2m)
단일+저층부,2 저층부,55,55,166.25,91,33,37580,400.0,9376,46956,3319,35.33,0.152,4.012,8.89,55층 316㎡(35.6×8.9m) + 저층부 7층 3200㎡(75.9×42.2m)
단일+저층부,2 저층부,55,55,166.25,91,27,37580,400.0,8451,46031,2500,26.61,0.221,4.012,12.28,55층 302㎡(24.6×12.3m) + 저층부 10층 2400㎡(58.0×41.4m)
단일+저층부,2 저층부,55,55,166.25,91,30,37580,400.0,8573,46153,3316,35.29,0.24,3.999,11.25,55층 316㎡(28.1×11.2m) + 저층부 7층 3200㎡(66.9×47.8m)
타워+저층별동,5 저층별동,55,55,166.25,91,11,37580,400.0,10931,48511,2142,22.8,0.044,3.875,12.53,55층 392㎡(31.3×12.5m) + 저층부 10층 1600㎡(84.9×18.9m)
타워+저층별동,5 저층별동,50,50,151.5,91,37,37580,400.0,9604,47184,2263,24.09,0.119,3.997,16.24,50층 528㎡(32.5×16.2m) + 저층부 7층 1600㎡(56.6×28.3m)
쌍둥이,3 쌍둥이,50+45,50,151.5,91,43,37580,400.0,13080,50660,881,9.38,0.062,3.882,13.07,50층 376㎡(28.8×13.1m) + 45층 418㎡(30.3×13.8m)
쌍둥이+저층부,4 쌍둥이+저층부,50+50,50,151.5,91,36,37580,400.0,11906,49486,3316,35.29,0.089,3.866,13.64,50층 298㎡(21.8×13.6m) + 50층 298㎡(21.8×13.6m) + 저층부 3층 3200㎡(66.9×47.8m)
단일+저층부,2 저층부,45,45,136.75,91,32,37580,400.0,7718,45298,3319,35.33,0.227,4.026,14.13,45층 399㎡(28.3×14.1m) + 저층부 7층 3200㎡(75.9×42.2m)
단일+저층부,2 저층부,45,45,136.75,91,31,37580,400.0,8632,46212,4133,43.99,0.111,4.01,10.6,45층 440㎡(41.5×10.6m) + 저층부 5층 4000㎡(84.9×47.1m)
단일+저층부,2 저층부,40,40,122.0,91,29,37580,400.0,6632,44212,4129,43.95,0.358,4.011,12.05,40층 290㎡(24.1×12.0m) + 저층부 7층 4000㎡(74.8×53.5m)
타워+저층별동,5 저층별동,40,40,122.0,91,21,37580,400.0,8118,45698,3745,39.86,0.084,3.995,12.32,40층 380㎡(30.8×12.3m) + 저층부 7층 3200㎡(80.0×40.0m)
쌍둥이+저층부,4 쌍둥이+저층부,40+40,40,122.0,91,33,37580,400.0,11032,48612,4942,52.6,0.326,3.922,10.22,40층 313㎡(30.7×10.2m) + 40층 313㎡(30.7×10.2m) + 저층부 3층 4800㎡(82.0×58.6m)
쌍둥이,3 쌍둥이,40+35,40,122.0,91,42,37580,400.0,11022,48602,1101,11.72,0.072,3.895,17.13,40층 470㎡(27.4×17.1m) + 35층 537㎡(29.3×18.3m)
단일,1b 층수·세장비,35,35,107.25,91,36,37580,400.0,7338,44918,1142,12.15,0.11,4.055,26.75,35층 1074㎡(40.1×26.8m)
단일+저층부,2 저층부,35,35,107.25,91,26,37580,400.0,6383,43963,4133,43.99,0.218,4.022,13.08,35층 342㎡(26.2×13.1m) + 저층부 7층 4000㎡(84.9×47.1m)
쌍둥이+저층부,4 쌍둥이+저층부,35+35,35,107.25,91,37,37580,400.0,9769,47349,4948,52.67,0.372,4.008,11.48,35층 435㎡(30.9×14.1m) + 35층 290㎡(25.2×11.5m) + 저층부 3층 4800㎡(98.0×49.0m)
단일+저층부,2 저층부,35,35,107.25,91,38,37580,400.0,6546,44126,4946,52.64,0.411,4.007,15.04,35층 453㎡(30.1×15.0m) + 저층부 5층 4800㎡(93.0×51.6m)
쌍둥이+저층부,4 쌍둥이+저층부,35+35,35,107.25,91,42,37580,400.0,9157,46737,4129,43.95,0.284,3.993,11.54,35층 293㎡(25.4×11.5m) + 35층 293㎡(25.4×11.5m) + 저층부 5층 4000㎡(74.8×53.5m)
쌍둥이+저층부,4 쌍둥이+저층부,35+35,35,107.25,91,41,37580,400.0,10622,48202,4129,43.95,0.262,3.972,11.54,35층 400㎡(34.6×11.5m) + 35층 400㎡(34.6×11.5m) + 저층부 3층 4000㎡(74.8×53.5m)
쌍둥이+저층부,4 쌍둥이+저층부,35+35,35,107.25,91,35,37580,400.0,9711,47291,4942,52.6,0.236,3.891,11.48,35층 435㎡(30.9×14.1m) + 35층 290㎡(25.2×11.5m) + 저층부 3층 4800㎡(82.0×58.6m)
단일+저층부,2 저층부,60,60,181.0,92,35,37580,400.0,9585,47165,1682,17.9,0.202,3.966,14.69,60층 432㎡(29.4×14.7m) + 저층부 10층 1600㎡(47.3×33.8m)
타워+저층별동,5 저층별동,60,60,181.0,92,21,37580,400.0,10643,48223,2094,22.29,0.039,3.931,13.41,60층 360㎡(26.8×13.4m) + 저층부 10층 1600㎡(69.3×23.1m)
단일+저층부,2 저층부,55,55,166.25,92,35,37580,400.0,9214,46794,2500,26.61,0.168,3.995,13.16,55층 433㎡(32.9×13.2m) + 저층부 7층 2400㎡(58.0×41.4m)
단일,1b 층수·세장비,55,55,166.25,92,46,37580,400.0,10455,48035,745,7.93,0.125,3.96,15.09,55층 683㎡(45.3×15.1m)
타워+저층별동,5 저층별동,50,50,151.5,92,31,37580,400.0,10289,47869,2972,31.64,0.118,4.035,10.31,50층 416㎡(40.3×10.3m) + 저층부 7층 2400㎡(69.3×34.6m)
타워+저층별동,5 저층별동,50,50,151.5,92,32,37580,400.0,10908,48488,2272,24.18,0.112,3.968,11.48,50층 528㎡(45.9×11.5m) + 저층부 7층 1600㎡(56.6×28.3m)
타워+저층별동,5 저층별동,50,50,151.5,92,26,37580,400.0,11066,48646,2279,24.26,0.078,3.952,11.48,50층 528㎡(45.9×11.5m) + 저층부 7층 1600㎡(69.3×23.1m)
타워+저층별동,5 저층별동,50,50,151.5,92,17,37580,400.0,11102,48682,2178,23.18,0.043,3.893,10.39,50층 432㎡(41.5×10.4m) + 저층부 10층 1600㎡(69.3×23.1m)
단일,1b 층수·세장비,45,45,136.75,92,40,37580,400.0,9041,46621,900,9.58,0.052,4.078,18.28,45층 835㎡(45.7×18.3m)
단일+저층부,2 저층부,45,45,136.75,92,34,37580,400.0,8039,45619,3316,35.29,0.22,3.998,16.42,45층 540㎡(32.8×16.4m) + 저층부 5층 3200㎡(66.9×47.8m)
단일,1a 방위·위치,45,45,136.75,92,29,37580,400.0,9041,46621,900,9.58,0.054,3.713,18.28,45층 835㎡(45.7×18.3m)
단일+저층부,2 저층부,35,35,107.25,92,33,37580,400.0,7124,44704,3319,35.33,0.176,4.067,14.73,35층 542㎡(36.8×14.7m) + 저층부 7층 3200㎡(75.9×42.2m)
타워+저층별동,5 저층별동,35,35,107.25,92,42,37580,400.0,9212,46792,2604,27.72,0.153,4.061,14.7,35층 845㎡(57.5×14.7m) + 저층부 5층 1600㎡(56.6×28.3m)
쌍둥이+저층부,4 쌍둥이+저층부,35+35,35,107.25,92,41,37580,400.0,8931,46511,4135,44.01,0.286,3.977,13.53,35층 293㎡(21.7×13.5m) + 35층 293㎡(21.7×13.5m) + 저층부 5층 4000㎡(89.4×44.7m)
단일,1b 층수·세장비,35,35,107.25,92,35,37580,400.0,7338,44918,1142,12.15,0.149,3.951,26.75,35층 1074㎡(40.1×26.8m)
쌍둥이,3 쌍둥이,60+35,60,181.0,93,43,37580,400.0,12500,50080,890,9.47,0.072,3.873,15.33,60층 376㎡(24.5×15.3m) + 35층 429㎡(26.2×16.4m)
타워+저층별동,5 저층별동,55,55,166.25,93,31,37580,400.0,10339,47919,2215,23.58,0.153,3.974,13.85,55층 480㎡(34.6×13.9m) + 저층부 7층 1600㎡(56.6×28.3m)
타워+저층별동,5 저층별동,55,55,166.25,93,26,37580,400.0,10006,47586,2213,23.55,0.103,3.932,15.49,55층 480㎡(31.0×15.5m) + 저층부 7층 1600㎡(56.6×28.3m)
타워+저층별동,5 저층별동,55,55,166.25,93,23,37580,400.0,10289,47869,2129,22.66,0.109,3.926,14.01,55층 392㎡(28.0×14.0m) + 저층부 10층 1600㎡(69.3×23.1m)
단일+저층부,2 저층부,50,50,151.5,93,35,37580,400.0,8584,46164,3325,35.39,0.169,3.998,15.48,50층 480㎡(31.0×15.5m) + 저층부 5층 3200㎡(87.6×36.5m)
단일,1b 층수·세장비,50,50,151.5,93,42,37580,400.0,9174,46754,811,8.63,0.252,3.92,19.39,50층 752㎡(38.8×19.4m)
단일+저층부,2 저층부,45,45,136.75,93,45,37580,400.0,7949,45529,4942,52.6,0.27,3.977,16.61,45층 552㎡(33.2×16.6m) + 저층부 3층 4800㎡(82.0×58.6m)
단일,1a 방위·위치,45,45,136.75,93,36,37580,400.0,9041,46621,900,9.58,0.288,3.897,18.28,45층 835㎡(45.7×18.3m)
쌍둥이+저층부,4 쌍둥이+저층부,40+40,40,122.0,93,33,37580,400.0,10911,48491,3316,35.29,0.223,3.955,10.14,40층 308㎡(30.4×10.1m) + 40층 308㎡(30.4×10.1m) + 저층부 5층 3200㎡(66.9×47.8m)
단일,1b 층수·세장비,40,40,122.0,93,35,37580,400.0,7868,45448,1003,10.68,0.291,3.926,25.03,40층 940㎡(37.5×25.0m)
단일,1b 층수·세장비,35,35,107.25,93,30,37580,400.0,7614,45194,1144,12.18,0.07,4.081,23.17,35층 1074㎡(46.3×23.2m)
단일+저층부,2 저층부,35,35,107.25,93,32,37580,400.0,6861,44441,4129,43.95,0.234,4.06,17.12,35층 586㎡(34.2×17.1m) + 저층부 5층 4000㎡(74.8×53.5m)
단일,1b 층수·세장비,35,35,107.25,93,33,37580,400.0,7614,45194,1144,12.18,0.18,4.003,23.17,35층 1074㎡(46.3×23.2m)
쌍둥이+저층부,4 쌍둥이+저층부,35+35,35,107.25,93,34,37580,400.0,9625,47205,4129,43.95,0.389,3.981,9.88,35층 293㎡(29.6×9.9m) + 35층 293㎡(29.6×9.9m) + 저층부 5층 4000㎡(74.8×53.5m)
타워+저층별동,5 저층별동,35,35,107.25,93,18,37580,400.0,8948,46528,2366,25.18,0.061,3.949,15.7,35층 617㎡(39.3×15.7m) + 저층부 10층 1600㎡(69.3×23.1m)
단일,1b 층수·세장비,60,60,181.0,94,38,37580,400.0,10512,48092,683,7.27,0.076,4.075,15.83,60층 626㎡(39.6×15.8m)
타워+저층별동,5 저층별동,60,60,181.0,94,26,37580,400.0,11652,49232,2094,22.28,0.057,3.959,9.59,60층 360㎡(37.5×9.6m) + 저층부 10층 1600㎡(56.6×28.3m)
타워+저층별동,5 저층별동,60,60,181.0,94,26,37580,400.0,10983,48563,2106,22.41,0.148,3.952,13.41,60층 360㎡(26.8×13.4m) + 저층부 10층 1600㎡(84.9×18.9m)
단일,1b 층수·세장비,50,50,151.5,94,41,37580,400.0,9947,47527,816,8.68,0.26,3.91,15.83,50층 752㎡(47.5×15.8m)
쌍둥이+저층부,4 쌍둥이+저층부,50+50,50,151.5,94,36,37580,400.0,12166,49746,2500,26.61,0.081,3.832,11.37,50층 284㎡(25.0×11.4m) + 50층 284㎡(25.0×11.4m) + 저층부 5층 2400㎡(58.0×41.4m)
단일,1b 층수·세장비,45,45,136.75,94,31,37580,400.0,8368,45948,895,9.53,0.088,4.066,23.6,45층 835㎡(35.4×23.6m)
단일+저층부,2 저층부,45,45,136.75,94,30,37580,400.0,7860,45440,2503,26.64,0.287,3.965,13.93,45층 388㎡(27.9×13.9m) + 저층부 10층 2400㎡(65.7×36.5m)
쌍둥이+저층부,4 쌍둥이+저층부,45+45,45,136.75,94,36,37580,400.0,12146,49726,4135,44.01,0.165,3.922,10.08,45층 305㎡(30.2×10.1m) + 45층 305㎡(30.2×10.1m) + 저층부 3층 4000㎡(89.4×44.7m)
쌍둥이+저층부,4 쌍둥이+저층부,40+40,40,122.0,94,40,37580,400.0,10752,48332,4129,43.95,0.222,3.928,12.53,40층 346㎡(27.6×12.5m) + 40층 346㎡(27.6×12.5m) + 저층부 3층 4000㎡(74.8×53.5m)
타워+저층별동,5 저층별동,40,40,122.0,94,9,37580,400.0,9134,46714,2283,24.3,0.043,3.902,16.42,40층 540㎡(32.8×16.4m) + 저층부 10층 1600㎡(69.3×23.1m)
쌍둥이+저층부,4 쌍둥이+저층부,35+35,35,107.25,94,35,37580,400.0,9671,47251,3316,35.29,0.303,3.963,12.79,35층 360㎡(28.1×12.8m) + 35층 360㎡(28.1×12.8m) + 저층부 5층 3200㎡(66.9×47.8m)
쌍둥이+저층부,4 쌍둥이+저층부,35+35,35,107.25,94,34,37580,400.0,9751,47331,4942,52.6,0.127,3.934,12.83,35층 362㎡(28.2×12.8m) + 35층 362㎡(28.2×12.8m) + 저층부 3층 4800㎡(82.0×58.6m)
타워+저층별동,5 저층별동,60,60,181.0,95,23,37580,400.0,10085,47665,2901,30.88,0.056,3.958,13.16,60층 346㎡(26.3×13.2m) + 저층부 7층 2400㎡(84.9×28.3m)
타워+저층별동,5 저층별동,60,60,181.0,95,17,37580,400.0,11878,49458,2101,22.36,0.066,3.95,9.59,60층 360㎡(37.5×9.6m) + 저층부 10층 1600㎡(69.3×23.1m)
타워+저층별동,5 저층별동,55,55,166.25,95,36,37580,400.0,10043,47623,2281,24.28,0.108,3.957,16.4,55층 538㎡(32.8×16.4m) + 저층부 5층 1600㎡(69.3×23.1m)
타워+저층별동,5 저층별동,55,55,166.25,95,10,37580,400.0,10064,47644,2121,22.58,0.019,3.898,14.01,55층 392㎡(28.0×14.0m) + 저층부 10층 1600㎡(56.6×28.3m)
타워+저층별동,5 저층별동,50,50,151.5,95,21,37580,400.0,9762,47342,2271,24.17,0.021,3.966,16.24,50층 528㎡(32.5×16.2m) + 저층부 7층 1600㎡(69.3×23.1m)
타워+저층별동,5 저층별동,50,50,151.5,95,31,37580,400.0,10867,48447,2194,23.35,0.283,3.918,13.14,50층 432㎡(32.8×13.1m) + 저층부 10층 1600㎡(98.0×16.3m)
타워+저층별동,5 저층별동,45,45,136.75,95,17,37580,400.0,9585,47165,2215,23.58,0.031,4.002,13.85,45층 480㎡(34.6×13.8m) + 저층부 10층 1600㎡(56.6×28.3m)
단일+저층부,2 저층부,45,45,136.75,95,32,37580,400.0,8207,45787,2503,26.64,0.181,3.999,16.54,45층 547㎡(33.1×16.5m) + 저층부 7층 2400㎡(65.7×36.5m)
쌍둥이+저층부,4 쌍둥이+저층부,45+45,45,136.75,95,35,37580,400.0,11425,49005,4129,43.95,0.222,3.895,11.77,45층 305㎡(25.9×11.8m) + 45층 305㎡(25.9×11.8m) + 저층부 3층 4000㎡(74.8×53.5m)
타워+저층별동,5 저층별동,40,40,122.0,95,27,37580,400.0,9909,47489,2411,25.66,0.181,3.962,12.84,40층 660㎡(51.4×12.8m) + 저층부 7층 1600㎡(56.6×28.3m)
단일+저층부,2 저층부,40,40,122.0,95,32,37580,400.0,7403,44983,2500,26.61,0.317,3.908,15.04,40층 453㎡(30.1×15.0m) + 저층부 10층 2400㎡(58.0×41.4m)
타워+저층별동,5 저층별동,35,35,107.25,95,16,37580,400.0,8658,46238,2943,31.32,0.092,3.953,9.96,35층 388㎡(38.9×10.0m) + 저층부 10층 2400㎡(69.3×34.6m)
단일,1b 층수·세장비,60,60,181.0,96,43,37580,400.0,10096,47676,680,7.24,0.077,4.074,17.7,60층 626㎡(35.4×17.7m)
타워+저층별동,5 저층별동,55,55,166.25,96,28,37580,400.0,9840,47420,2927,31.15,0.091,3.954,12.29,55층 378㎡(30.7×12.3m) + 저층부 7층 2400㎡(69.3×34.6m)
단일+저층부,2 저층부,55,55,166.25,96,33,37580,400.0,9183,46763,2500,26.61,0.237,3.912,15.99,55층 512㎡(32.0×16.0m) + 저층부 5층 2400㎡(58.0×41.4m)
타워+저층별동,5 저층별동,50,50,151.5,96,15,37580,400.0,10262,47842,2181,23.22,0.303,3.834,14.69,50층 432㎡(29.4×14.7m) + 저층부 10층 1600㎡(84.9×18.9m)
단일+저층부,2 저층부,45,45,136.75,96,40,37580,400.0,8089,45669,3319,35.33,0.288,3.948,16.42,45층 540㎡(32.8×16.4m) + 저층부 5층 3200㎡(75.9×42.2m)
단일,1b 층수·세장비,40,40,122.0,96,34,37580,400.0,8163,45743,1006,10.7,0.244,3.958,21.67,40층 940㎡(43.3×21.7m)
쌍둥이+저층부,4 쌍둥이+저층부,40+40,40,122.0,96,36,37580,400.0,11032,48612,4942,52.6,0.28,3.878,10.22,40층 313㎡(30.7×10.2m) + 40층 313㎡(30.7×10.2m) + 저층부 3층 4800㎡(82.0×58.6m)
쌍둥이+저층부,4 쌍둥이+저층부,40+40,40,122.0,96,34,37580,400.0,11032,48612,4942,52.6,0.229,3.863,10.22,40층 313㎡(30.7×10.2m) + 40층 313㎡(30.7×10.2m) + 저층부 3층 4800㎡(82.0×58.6m)
쌍둥이+저층부,4 쌍둥이+저층부,35+35,35,107.25,96,32,37580,400.0,9711,47291,4942,52.6,0.313,3.945,11.48,35층 435㎡(30.9×14.1m) + 35층 290㎡(25.2×11.5m) + 저층부 3층 4800㎡(82.0×58.6m)
쌍둥이+저층부,4 쌍둥이+저층부,35+35,35,107.25,96,34,37580,400.0,9711,47291,4942,52.6,0.159,3.934,11.48,35층 435㎡(30.9×14.1m) + 35층 290㎡(25.2×11.5m) + 저층부 3층 4800㎡(82.0×58.6m)
쌍둥이+저층부,4 쌍둥이+저층부,35+35,35,107.25,96,37,37580,400.0,9157,46737,4129,43.95,0.178,3.932,11.54,35층 293㎡(25.4×11.5m) + 35층 293㎡(25.4×11.5m) + 저층부 5층 4000㎡(74.8×53.5m)
타워+저층별동,5 저층별동,60,60,181.0,97,14,37580,400.0,11298,48878,2107,22.43,0.03,3.947,11.99,60층 360㎡(30.0×12.0m) + 저층부 10층 1600㎡(84.9×18.9m)
단일+저층부,2 저층부,55,55,166.25,97,31,37580,400.0,8537,46117,2503,26.64,0.144,4.046,12.28,55층 302㎡(24.6×12.3m) + 저층부 10층 2400㎡(65.7×36.5m)
단일+저층부,2 저층부,55,55,166.25,97,23,37580,400.0,8716,46296,3334,35.48,0.297,3.924,12.57,55층 316㎡(25.1×12.6m) + 저층부 7층 3200㎡(101.2×31.6m)
단일+저층부,2 저층부,50,50,151.5,97,29,37580,400.0,8584,46164,3325,35.39,0.202,3.955,15.48,50층 480㎡(31.0×15.5m) + 저층부 5층 3200㎡(87.6×36.5m)
단일,1a 방위·위치,45,45,136.75,97,35,37580,400.0,9041,46621,900,9.58,0.085,4.077,18.28,45층 835㎡(45.7×18.3m)
타워+저층별동,5 저층별동,45,45,136.75,97,29,37580,400.0,9134,46714,3127,33.29,0.107,4.008,15.08,45층 568㎡(37.7×15.1m) + 저층부 5층 2400㎡(69.3×34.6m)
단일,1a 방위·위치,45,45,136.75,97,36,37580,400.0,9041,46621,900,9.58,0.071,3.982,18.28,45층 835㎡(45.7×18.3m)
쌍둥이+저층부,4 쌍둥이+저층부,45+45,45,136.75,97,37,37580,400.0,11077,48657,2500,26.61,0.225,3.87,14.14,45층 320㎡(22.6×14.1m) + 45층 320㎡(22.6×14.1m) + 저층부 5층 2400㎡(58.0×41.4m)
쌍둥이+저층부,4 쌍둥이+저층부,40+40,40,122.0,97,43,37580,400.0,10332,47912,4129,43.95,0.154,3.908,14.7,40층 346㎡(23.5×14.7m) + 40층 346㎡(23.5×14.7m) + 저층부 3층 4000㎡(74.8×53.5m)
쌍둥이+저층부,4 쌍둥이+저층부,40+40,40,122.0,97,39,37580,400.0,11032,48612,4942,52.6,0.254,3.899,10.22,40층 313㎡(30.7×10.2m) + 40층 313㎡(30.7×10.2m) + 저층부 3층 4800㎡(82.0×58.6m)
단일,1b 층수·세장비,35,35,107.25,97,33,37580,400.0,7931,45511,1147,12.21,0.183,4.021,20.72,35층 1074㎡(51.8×20.7m)
쌍둥이+저층부,4 쌍둥이+저층부,35+35,35,107.25,97,33,37580,400.0,10577,48157,4129,43.95,0.365,3.93,10.32,35층 480㎡(37.9×12.6m) + 35층 320㎡(31.0×10.3m) + 저층부 3층 4000㎡(74.8×53.5m)
단일+저층부,2 저층부,60,60,181.0,98,32,37580,400.0,8727,46307,3319,35.33,0.144,4.017,11.97,60층 286㎡(23.9×12.0m) + 저층부 7층 3200㎡(75.9×42.2m)
타워+저층별동,5 저층별동,60,60,181.0,98,17,37580,400.0,10643,48223,2094,22.29,0.047,3.89,13.41,60층 360㎡(26.8×13.4m) + 저층부 10층 1600㎡(69.3×23.1m)
단일,1b 층수·세장비,55,55,166.25,98,37,37580,400.0,10042,47622,742,7.9,0.075,4.076,16.53,55층 683㎡(41.3×16.5m)
타워+저층별동,5 저층별동,55,55,166.25,98,18,37580,400.0,10735,48315,2234,23.78,0.025,3.938,13.85,55층 480㎡(34.6×13.9m) + 저층부 7층 1600㎡(84.9×18.9m)
타워+저층별동,5 저층별동,55,55,166.25,98,23,37580,400.0,11532,49112,2229,23.72,0.044,3.91,10.95,55층 480㎡(43.8×11.0m) + 저층부 7층 1600㎡(69.3×23.1m)
단일+저층부,2 저층부,50,50,151.5,98,32,37580,400.0,8121,45701,2500,26.61,0.282,3.936,13.03,50층 340㎡(26.1×13.0m) + 저층부 10층 2400㎡(58.0×41.4m)
쌍둥이,3 쌍둥이,50+35,50,151.5,98,43,37580,400.0,11743,49323,1002,10.67,0.086,3.877,15.33,50층 376㎡(24.5×15.3m) + 35층 537㎡(29.3×18.3m)
단일,1a 방위·위치,45,45,136.75,98,29,37580,400.0,9041,46621,900,9.58,0.03,3.973,18.28,45층 835㎡(45.7×18.3m)
단일+저층부,2 저층부,45,45,136.75,98,38,37580,400.0,8393,45973,2500,26.61,0.28,3.9,14.79,45층 547㎡(37.0×14.8m) + 저층부 7층 2400㎡(58.0×41.4m)
쌍둥이+저층부,4 쌍둥이+저층부,45+45,45,136.75,98,29,37580,400.0,11269,48849,3316,35.29,0.072,3.813,14.43,45층 333㎡(23.1×14.4m) + 45층 333㎡(23.1×14.4m) + 저층부 3층 3200㎡(66.9×47.8m)
단일,1a 방위·위치,45,45,136.75,98,29,37580,400.0,9041,46621,900,9.58,0.11,3.706,18.28,45층 835㎡(45.7×18.3m)
쌍둥이+저층부,4 쌍둥이+저층부,40+40,40,122.0,98,34,37580,400.0,11032,48612,4942,52.6,0.223,4.005,10.22,40층 313㎡(30.7×10.2m) + 40층 313㎡(30.7×10.2m) + 저층부 3층 4800㎡(82.0×58.6m)
타워+저층별동,5 저층별동,40,40,122.0,98,19,37580,400.0,8660,46240,3076,32.74,0.072,3.985,14.42,40층 520㎡(36.0×14.4m) + 저층부 7층 2400㎡(69.3×34.6m)
쌍둥이+저층부,4 쌍둥이+저층부,40+40,40,122.0,98,41,37580,400.0,9975,47555,3316,35.29,0.198,3.919,13.88,40층 308㎡(22.2×13.9m) + 40층 308㎡(22.2×13.9m) + 저층부 5층 3200㎡(66.9×47.8m)
쌍둥이+저층부,4 쌍둥이+저층부,40+40,40,122.0,98,34,37580,400.0,10911,48491,3316,35.29,0.33,3.914,10.14,40층 308㎡(30.4×10.1m) + 40층 308㎡(30.4×10.1m) + 저층부 5층 3200㎡(66.9×47.8m)
쌍둥이+저층부,4 쌍둥이+저층부,40+40,40,122.0,98,35,37580,400.0,10332,47912,4129,43.95,0.271,3.9,14.7,40층 346㎡(23.5×14.7m) + 40층 346㎡(23.5×14.7m) + 저층부 3층 4000㎡(74.8×53.5m)
타워+저층별동,5 저층별동,35,35,107.25,98,25,37580,400.0,7988,45568,3151,33.54,0.129,4.043,17.23,35층 594㎡(34.5×17.2m) + 저층부 7층 2400㎡(69.3×34.6m)
단일,1b 층수·세장비,35,35,107.25,98,33,37580,400.0,7338,44918,1142,12.15,0.156,4.034,26.75,35층 1074㎡(40.1×26.8m)
타워+저층별동,5 저층별동,35,35,107.25,98,19,37580,400.0,8101,45681,2938,31.27,0.141,4.007,12.46,35층 388㎡(31.1×12.5m) + 저층부 10층 2400㎡(69.3×34.6m)
타워+저층별동,5 저층별동,35,35,107.25,98,22,37580,400.0,9425,47005,2365,25.17,0.072,4.005,12.56,35층 617㎡(49.1×12.6m) + 저층부 10층 1600㎡(56.6×28.3m)
쌍둥이+저층부,4 쌍둥이+저층부,35+35,35,107.25,98,36,37580,400.0,9625,47205,4129,43.95,0.204,3.999,9.88,35층 293㎡(29.6×9.9m) + 35층 293㎡(29.6×9.9m) + 저층부 5층 4000㎡(74.8×53.5m)
쌍둥이+저층부,4 쌍둥이+저층부,35+35,35,107.25,98,32,37580,400.0,9751,47331,4942,52.6,0.263,3.94,12.83,35층 362㎡(28.2×12.8m) + 35층 362㎡(28.2×12.8m) + 저층부 3층 4800㎡(82.0×58.6m)
단일,1b 층수·세장비,35,35,107.25,98,33,37580,400.0,7338,44918,1142,12.15,0.321,3.926,26.75,35층 1074㎡(40.1×26.8m)
단일,1b 층수·세장비,35,35,107.25,98,36,37580,400.0,7614,45194,1144,12.18,0.315,3.917,23.17,35층 1074㎡(46.3×23.2m)
쌍둥이+저층부,4 쌍둥이+저층부,35+35,35,107.25,98,36,37580,400.0,10053,47633,2500,26.61,0.146,3.909,12.45,35층 512㎡(33.5×15.2m) + 35층 341㎡(27.4×12.5m) + 저층부 5층 2400㎡(58.0×41.4m)
타워+저층별동,5 저층별동,60,60,181.0,99,29,37580,400.0,10732,48312,2089,22.23,0.14,3.947,11.99,60층 360㎡(30.0×12.0m) + 저층부 10층 1600㎡(56.6×28.3m)
타워+저층별동,5 저층별동,50,50,151.5,99,34,37580,400.0,9762,47342,2271,24.17,0.119,3.96,16.24,50층 528㎡(32.5×16.2m) + 저층부 7층 1600㎡(69.3×23.1m)
단일,1a 방위·위치,45,45,136.75,99,29,37580,400.0,9041,46621,900,9.58,0.033,4.003,18.28,45층 835㎡(45.7×18.3m)
단일+저층부,2 저층부,45,45,136.75,99,32,37580,400.0,7860,45440,2503,26.64,0.24,3.965,13.93,45층 388㎡(27.9×13.9m) + 저층부 10층 2400㎡(65.7×36.5m)
단일,1b 층수·세장비,40,40,122.0,99,34,37580,400.0,8163,45743,1006,10.7,0.205,3.974,21.67,40층 940㎡(43.3×21.7m)
쌍둥이+저층부,4 쌍둥이+저층부,40+40,40,122.0,99,35,37580,400.0,10034,47614,4942,52.6,0.326,3.879,13.99,40층 313㎡(22.4×14.0m) + 40층 313㎡(22.4×14.0m) + 저층부 3층 4800㎡(82.0×58.6m)
쌍둥이+저층부,4 쌍둥이+저층부,35+35,35,107.25,99,40,37580,400.0,9751,47331,4942,52.6,0.223,3.955,12.83,35층 362㎡(28.2×12.8m) + 35층 362㎡(28.2×12.8m) + 저층부 3층 4800㎡(82.0×58.6m)
쌍둥이+저층부,4 쌍둥이+저층부,35+35,35,107.25,99,39,37580,400.0,9157,46737,4129,43.95,0.244,3.951,11.54,35층 293㎡(25.4×11.5m) + 35층 293㎡(25.4×11.5m) + 저층부 5층 4000㎡(74.8×53.5m)
쌍둥이+저층부,4 쌍둥이+저층부,35+35,35,107.25,99,35,37580,400.0,9340,46920,4942,52.6,0.241,3.906,13.46,35층 435㎡(26.4×16.5m) + 35층 290㎡(21.5×13.5m) + 저층부 3층 4800㎡(82.0×58.6m)
타워+저층별동,5 저층별동,60,60,181.0,100,16,37580,400.0,11652,49232,2094,22.28,0.036,3.974,9.59,60층 360㎡(37.5×9.6m) + 저층부 10층 1600㎡(56.6×28.3m)
타워+저층별동,5 저층별동,55,55,166.25,100,9,37580,400.0,10289,47869,2129,22.66,0.041,3.873,14.01,55층 392㎡(28.0×14.0m) + 저층부 10층 1600㎡(69.3×23.1m)
단일+저층부,2 저층부,50,50,151.5,100,34,37580,400.0,8613,46193,2503,26.64,0.21,3.984,15.54,50층 483㎡(31.1×15.5m) + 저층부 7층 2400㎡(65.7×36.5m)
단일,1a 방위·위치,45,45,136.75,100,35,37580,400.0,9041,46621,900,9.58,0.352,3.878,18.28,45층 835㎡(45.7×18.3m)
쌍둥이+저층부,4 쌍둥이+저층부,40+40,40,122.0,100,36,37580,400.0,11695,49275,3316,35.29,0.215,3.881,11.23,40층 378㎡(33.7×11.2m) + 40층 378㎡(33.7×11.2m) + 저층부 3층 3200㎡(66.9×47.8m)
쌍둥이+저층부,4 쌍둥이+저층부,40+40,40,122.0,100,38,37580,400.0,10752,48332,4129,43.95,0.149,3.881,12.53,40층 346㎡(27.6×12.5m) + 40층 346㎡(27.6×12.5m) + 저층부 3층 4000㎡(74.8×53.5m)
쌍둥이+저층부,4 쌍둥이+저층부,40+40,40,122.0,100,37,37580,400.0,10992,48572,3316,35.29,0.235,3.871,11.73,40층 454㎡(31.6×14.4m) + 40층 302㎡(25.8×11.7m) + 저층부 3층 3200㎡(66.9×47.8m)
단일,1b 층수·세장비,35,35,107.25,100,28,37580,400.0,7338,44918,1142,12.15,0.167,4.022,26.75,35층 1074㎡(40.1×26.8m)
타워+저층별동,5 저층별동,35,35,107.25,100,24,37580,400.0,8948,46528,2366,25.18,0.12,4.01,15.7,35층 617㎡(39.3×15.7m) + 저층부 10층 1600㎡(69.3×23.1m)
타워+저층별동,5 저층별동,35,35,107.25,100,22,37580,400.0,9525,47105,2517,26.79,0.089,3.942,13.73,35층 754㎡(54.9×13.7m) + 저층부 7층 1600㎡(69.3×23.1m)
타워+저층별동,5 저층별동,50,50,151.5,101,23,37580,400.0,10876,48456,2170,23.1,0.101,3.924,10.39,50층 432㎡(41.5×10.4m) + 저층부 10층 1600㎡(56.6×28.3m)
타워+저층별동,5 저층별동,45,45,136.75,101,9,37580,400.0,8804,46384,2846,30.29,0.045,3.985,10.99,45층 302㎡(27.5×11.0m) + 저층부 10층 2400㎡(69.3×34.6m)
쌍둥이+저층부,4 쌍둥이+저층부,45+45,45,136.75,101,33,37580,400.0,11269,48849,3316,35.29,0.286,3.883,14.43,45층 333㎡(23.1×14.4m) + 45층 333㎡(23.1×14.4m) + 저층부 3층 3200㎡(66.9×47.8m)
단일,1b 층수·세장비,40,40,122.0,101,30,37580,400.0,8163,45743,1006,10.7,0.273,3.87,21.67,40층 940㎡(43.3×21.7m)
쌍둥이+저층부,4 쌍둥이+저층부,40+40,40,122.0,101,36,37580,400.0,10554,48134,3316,35.29,0.152,3.868,13.75,40층 454㎡(26.9×16.8m) + 40층 302㎡(22.0×13.7m) + 저층부 3층 3200㎡(66.9×47.8m)
쌍둥이+저층부,4 쌍둥이+저층부,35+35,35,107.25,101,35,37580,400.0,9378,46958,4942,52.6,0.163,3.934,15.05,35층 362㎡(24.1×15.0m) + 35층 362㎡(24.1×15.0m) + 저층부 3층 4800㎡(82.0×58.6m)
쌍둥이+저층부,4 쌍둥이+저층부,35+35,35,107.25,101,31,37580,400.0,9769,47349,4948,52.67,0.336,3.912,11.48,35층 435㎡(30.9×14.1m) + 35층 290㎡(25.2×11.5m) + 저층부 3층 4800㎡(98.0×49.0m)
단일+저층부,2 저층부,55,55,166.25,102,32,37580,400.0,8754,46334,2503,26.64,0.207,3.954,10.99,55층 302㎡(27.5×11.0m) + 저층부 10층 2400㎡(65.7×36.5m)
타워+저층별동,5 저층별동,45,45,136.75,102,12,37580,400.0,9585,47165,2215,23.58,0.067,3.964,13.85,45층 480㎡(34.6×13.8m) + 저층부 10층 1600㎡(56.6×28.3m)
쌍둥이+저층부,4 쌍둥이+저층부,45+45,45,136.75,102,35,37580,400.0,12146,49726,4135,44.01,0.24,3.911,10.08,45층 305㎡(30.2×10.1m) + 45층 305㎡(30.2×10.1m) + 저층부 3층 4000㎡(89.4×44.7m)
쌍둥이+저층부,4 쌍둥이+저층부,45+45,45,136.75,102,38,37580,400.0,11738,49318,3316,35.29,0.242,3.856,12.3,45층 333㎡(27.1×12.3m) + 45층 333㎡(27.1×12.3m) + 저층부 3층 3200㎡(66.9×47.8m)
타워+저층별동,5 저층별동,40,40,122.0,102,21,37580,400.0,8462,46042,2886,30.72,0.209,3.913,11.65,40층 340㎡(29.1×11.7m) + 저층부 10층 2400㎡(69.3×34.6m)
쌍둥이+저층부,4 쌍둥이+저층부,35+35,35,107.25,102,33,37580,400.0,9157,46737,4129,43.95,0.29,3.921,11.54,35층 293㎡(25.4×11.5m) + 35층 293㎡(25.4×11.5m) + 저층부 5층 4000㎡(74.8×53.5m)
쌍둥이+저층부,4 쌍둥이+저층부,35+35,35,107.25,102,35,37580,400.0,9997,47577,4129,43.95,0.298,3.913,12.06,35층 480㎡(32.5×14.8m) + 35층 320㎡(26.5×12.1m) + 저층부 3층 4000㎡(74.8×53.5m)
쌍둥이+저층부,4 쌍둥이+저층부,35+35,35,107.25,102,40,37580,400.0,9711,47291,4942,52.6,0.24,3.907,11.48,35층 435㎡(30.9×14.1m) + 35층 290㎡(25.2×11.5m) + 저층부 3층 4800㎡(82.0×58.6m)
타워+저층별동,5 저층별동,60,60,181.0,103,29,37580,400.0,11710,49290,2094,22.29,0.113,3.996,9.48,60층 360㎡(37.9×9.5m) + 저층부 10층 1600㎡(56.6×28.3m)
타워+저층별동,5 저층별동,60,60,181.0,103,15,37580,400.0,11652,49232,2094,22.28,0.036,3.945,9.59,60층 360㎡(37.5×9.6m) + 저층부 10층 1600㎡(56.6×28.3m)
타워+저층별동,5 저층별동,55,55,166.25,103,31,37580,400.0,10339,47919,2215,23.58,0.145,3.91,13.85,55층 480㎡(34.6×13.9m) + 저층부 7층 1600㎡(56.6×28.3m)
타워+저층별동,5 저층별동,50,50,151.5,103,26,37580,400.0,9604,47184,2263,24.09,0.17,3.935,16.24,50층 528㎡(32.5×16.2m) + 저층부 7층 1600㎡(56.6×28.3m)
타워+저층별동,5 저층별동,50,50,151.5,103,29,37580,400.0,9922,47502,2170,23.1,0.285,3.868,14.69,50층 432㎡(29.4×14.7m) + 저층부 10층 1600㎡(69.3×23.1m)
타워+저층별동,5 저층별동,50,50,151.5,103,20,37580,400.0,10549,48129,2183,23.24,0.208,3.856,13.14,50층 432㎡(32.8×13.1m) + 저층부 10층 1600㎡(84.9×18.9m)
타워+저층별동,5 저층별동,50,50,151.5,103,13,37580,400.0,10549,48129,2183,23.24,0.054,3.838,13.14,50층 432㎡(32.8×13.1m) + 저층부 10층 1600㎡(84.9×18.9m)
쌍둥이+저층부,4 쌍둥이+저층부,45+45,45,136.75,103,37,37580,400.0,11738,49318,3316,35.29,0.242,3.87,12.3,45층 333㎡(27.1×12.3m) + 45층 333㎡(27.1×12.3m) + 저층부 3층 3200㎡(66.9×47.8m)
쌍둥이+저층부,4 쌍둥이+저층부,40+40,40,122.0,103,35,37580,400.0,9975,47555,3316,35.29,0.142,3.882,13.88,40층 308㎡(22.2×13.9m) + 40층 308㎡(22.2×13.9m) + 저층부 5층 3200㎡(66.9×47.8m)
쌍둥이+저층부,4 쌍둥이+저층부,40+40,40,122.0,103,35,37580,400.0,11039,48619,3316,35.29,0.319,3.88,13.11,40층 378㎡(28.8×13.1m) + 40층 378㎡(28.8×13.1m) + 저층부 3층 3200㎡(66.9×47.8m)
타워+저층별동,5 저층별동,35,35,107.25,103,28,37580,400.0,8275,45855,2499,26.6,0.162,4.017,19.41,35층 754㎡(38.8×19.4m) + 저층부 7층 1600㎡(56.6×28.3m)
쌍둥이+저층부,4 쌍둥이+저층부,35+35,35,107.25,103,36,37580,400.0,8842,46422,4129,43.95,0.176,3.921,13.53,35층 293㎡(21.7×13.5m) + 35층 293㎡(21.7×13.5m) + 저층부 5층 4000㎡(74.8×53.5m)
쌍둥이+저층부,4 쌍둥이+저층부,35+35,35,107.25,103,34,37580,400.0,9711,47291,4942,52.6,0.303,3.916,11.48,35층 435㎡(30.9×14.1m) + 35층 290㎡(25.2×11.5m) + 저층부 3층 4800㎡(82.0×58.6m)
단일,1b 층수·세장비,35,35,107.25,103,29,37580,400.0,7614,45194,1144,12.18,0.302,3.879,23.17,35층 1074㎡(46.3×23.2m)
단일+저층부,2 저층부,55,55,166.25,104,28,37580,400.0,8695,46275,2509,26.7,0.255,3.918,12.28,55층 302㎡(24.6×12.3m) + 저층부 10층 2400㎡(75.9×31.6m)
쌍둥이+저층부,4 쌍둥이+저층부,40+40,40,122.0,104,33,37580,400.0,11695,49275,3316,35.29,0.187,3.93,11.23,40층 378㎡(33.7×11.2m) + 40층 378㎡(33.7×11.2m) + 저층부 3층 3200㎡(66.9×47.8m)
쌍둥이+저층부,4 쌍둥이+저층부,40+40,40,122.0,104,35,37580,400.0,11086,48666,3321,35.35,0.234,3.852,13.11,40층 378㎡(28.8×13.1m) + 40층 378㎡(28.8×13.1m) + 저층부 3층 3200㎡(80.0×40.0m)
단일,1b 층수·세장비,35,35,107.25,104,27,37580,400.0,7614,45194,1144,12.18,0.062,4.076,23.17,35층 1074㎡(46.3×23.2m)
쌍둥이+저층부,4 쌍둥이+저층부,35+35,35,107.25,104,29,37580,400.0,9245,46825,4135,44.01,0.242,3.979,11.54,35층 293㎡(25.4×11.5m) + 35층 293㎡(25.4×11.5m) + 저층부 5층 4000㎡(89.4×44.7m)
타워+저층별동,5 저층별동,60,60,181.0,105,20,37580,400.0,11136,48716,2192,23.33,0.053,3.891,13.26,60층 440㎡(33.2×13.3m) + 저층부 7층 1600㎡(84.9×18.9m)
타워+저층별동,5 저층별동,55,55,166.25,105,19,37580,400.0,10497,48077,2222,23.66,0.025,3.917,13.85,55층 480㎡(34.6×13.9m) + 저층부 7층 1600㎡(69.3×23.1m)
쌍둥이+저층부,4 쌍둥이+저층부,50+50,50,151.5,105,34,37580,400.0,13142,50722,3316,35.29,0.177,3.91,9.96,50층 298㎡(29.9×10.0m) + 50층 298㎡(29.9×10.0m) + 저층부 3층 3200㎡(66.9×47.8m)
쌍둥이+저층부,4 쌍둥이+저층부,45+45,45,136.75,105,34,37580,400.0,12437,50017,3316,35.29,0.185,3.92,10.54,45층 333㎡(31.6×10.5m) + 45층 333㎡(31.6×10.5m) + 저층부 3층 3200㎡(66.9×47.8m)
쌍둥이+저층부,4 쌍둥이+저층부,45+45,45,136.75,105,35,37580,400.0,11528,49108,2500,26.61,0.203,3.843,15.03,45층 362㎡(24.1×15.0m) + 45층 362㎡(24.1×15.0m) + 저층부 3층 2400㎡(58.0×41.4m)
쌍둥이+저층부,4 쌍둥이+저층부,40+40,40,122.0,105,30,37580,400.0,10332,47912,4129,43.95,0.09,3.973,14.7,40층 346㎡(23.5×14.7m) + 40층 346㎡(23.5×14.7m) + 저층부 3층 4000㎡(74.8×53.5m)
쌍둥이+저층부,4 쌍둥이+저층부,40+40,40,122.0,105,34,37580,400.0,10332,47912,4129,43.95,0.255,3.941,14.7,40층 346㎡(23.5×14.7m) + 40층 346㎡(23.5×14.7m) + 저층부 3층 4000㎡(74.8×53.5m)
쌍둥이+저층부,4 쌍둥이+저층부,40+40,40,122.0,105,36,37580,400.0,11380,48960,4129,43.95,0.224,3.868,10.73,40층 346㎡(32.2×10.7m) + 40층 346㎡(32.2×10.7m) + 저층부 3층 4000㎡(74.8×53.5m)
쌍둥이+저층부,4 쌍둥이+저층부,35+35,35,107.25,105,39,37580,400.0,9398,46978,4948,52.67,0.193,3.912,13.46,35층 435㎡(26.4×16.5m) + 35층 290㎡(21.5×13.5m) + 저층부 3층 4800㎡(98.0×49.0m)
쌍둥이+저층부,4 쌍둥이+저층부,35+35,35,107.25,105,33,37580,400.0,9750,47330,3321,35.35,0.339,3.911,12.79,35층 360㎡(28.1×12.8m) + 35층 360㎡(28.1×12.8m) + 저층부 5층 3200㎡(80.0×40.0m)
단일,1b 층수·세장비,60,60,181.0,106,36,37580,400.0,10943,48523,685,7.29,0.204,3.844,14.45,60층 626㎡(43.3×14.4m)
타워+저층별동,5 저층별동,50,50,151.5,106,30,37580,400.0,9922,47502,2265,24.11,0.099,4.005,14.53,50층 528㎡(36.3×14.5m) + 저층부 7층 1600㎡(56.6×28.3m)
쌍둥이+저층부,4 쌍둥이+저층부,50+50,50,151.5,106,37,37580,400.0,12188,49768,2500,26.61,0.134,3.841,14.21,50층 323㎡(22.7×14.2m) + 50층 323㎡(22.7×14.2m) + 저층부 3층 2400㎡(58.0×41.4m)
타워+저층별동,5 저층별동,45,45,136.75,106,30,37580,400.0,9184,46764,2324,24.74,0.138,3.973,17.12,45층 586㎡(34.2×17.1m) + 저층부 7층 1600㎡(56.6×28.3m)
단일,1a 방위·위치,45,45,136.75,106,25,37580,400.0,9041,46621,900,9.58,0.057,3.927,18.28,45층 835㎡(45.7×18.3m)
쌍둥이+저층부,4 쌍둥이+저층부,45+45,45,136.75,106,39,37580,400.0,10977,48557,4129,43.95,0.186,3.878,13.8,45층 305㎡(22.1×13.8m) + 45층 305㎡(22.1×13.8m) + 저층부 3층 4000㎡(74.8×53.5m)
쌍둥이+저층부,4 쌍둥이+저층부,40+40,40,122.0,106,36,37580,400.0,10752,48332,4129,43.95,0.24,3.889,12.53,40층 346㎡(27.6×12.5m) + 40층 346㎡(27.6×12.5m) + 저층부 3층 4000㎡(74.8×53.5m)
쌍둥이,3 쌍둥이,40+35,40,122.0,106,34,37580,400.0,12134,49714,1082,11.52,0.122,3.883,10.36,40층 658㎡(44.4×14.8m) + 35층 322㎡(31.1×10.4m)
쌍둥이,3 쌍둥이,40+40,40,122.0,106,39,37580,400.0,12733,50313,1042,11.09,0.194,3.876,12.51,40층 470㎡(37.5×12.5m) + 40층 470㎡(37.5×12.5m)
타워+저층별동,5 저층별동,35,35,107.25,106,27,37580,400.0,8275,45855,2499,26.6,0.162,4.014,19.41,35층 754㎡(38.8×19.4m) + 저층부 7층 1600㎡(56.6×28.3m)
쌍둥이+저층부,4 쌍둥이+저층부,35+35,35,107.25,106,32,37580,400.0,10306,47886,4942,52.6,0.321,3.95,10.99,35층 362㎡(33.0×11.0m) + 35층 362㎡(33.0×11.0m) + 저층부 3층 4800㎡(82.0×58.6m)
쌍둥이+저층부,4 쌍둥이+저층부,35+35,35,107.25,106,30,37580,400.0,10190,47770,3316,35.29,0.241,3.873,10.95,35층 360㎡(32.8×10.9m) + 35층 360㎡(32.8×10.9m) + 저층부 5층 3200㎡(66.9×47.8m)
타워+저층별동,5 저층별동,55,55,166.25,107,27,37580,400.0,11246,48826,2128,22.65,0.068,3.926,10.02,55층 392㎡(39.2×10.0m) + 저층부 10층 1600㎡(56.6×28.3m)
타워+저층별동,5 저층별동,50,50,151.5,107,25,37580,400.0,9949,47529,2360,25.11,0.092,3.947,17.2,50층 592㎡(34.4×17.2m) + 저층부 5층 1600㎡(98.0×16.3m)
쌍둥이+저층부,4 쌍둥이+저층부,45+45,45,136.75,107,32,37580,400.0,11738,49318,3316,35.29,0.116,3.977,12.3,45층 333㎡(27.1×12.3m) + 45층 333㎡(27.1×12.3m) + 저층부 3층 3200㎡(66.9×47.8m)
쌍둥이+저층부,4 쌍둥이+저층부,45+45,45,136.75,107,35,37580,400.0,11786,49366,3321,35.35,0.27,3.883,12.3,45층 333㎡(27.1×12.3m) + 45층 333㎡(27.1×12.3m) + 저층부 3층 3200㎡(80.0×40.0m)
쌍둥이+저층부,4 쌍둥이+저층부,45+45,45,136.75,107,40,37580,400.0,11030,48610,4135,44.01,0.21,3.873,13.8,45층 305㎡(22.1×13.8m) + 45층 305㎡(22.1×13.8m) + 저층부 3층 4000㎡(89.4×44.7m)
쌍둥이+저층부,4 쌍둥이+저층부,45+45,45,136.75,107,39,37580,400.0,11030,48610,4135,44.01,0.21,3.872,13.8,45층 305㎡(22.1×13.8m) + 45층 305㎡(22.1×13.8m) + 저층부 3층 4000㎡(89.4×44.7m)
쌍둥이+저층부,4 쌍둥이+저층부,45+45,45,136.75,107,36,37580,400.0,12093,49673,4129,43.95,0.204,3.859,10.08,45층 305㎡(30.2×10.1m) + 45층 305㎡(30.2×10.1m) + 저층부 3층 4000㎡(74.8×53.5m)
쌍둥이,3 쌍둥이,40+35,40,122.0,107,34,37580,400.0,11380,48960,1076,11.45,0.17,3.884,12.1,40층 658㎡(38.0×17.3m) + 35층 322㎡(26.6×12.1m)
쌍둥이+저층부,4 쌍둥이+저층부,40+40,40,122.0,107,38,37580,400.0,10435,48015,4942,52.6,0.208,3.872,11.93,40층 313㎡(26.3×11.9m) + 40층 313㎡(26.3×11.9m) + 저층부 3층 4800㎡(82.0×58.6m)
쌍둥이+저층부,4 쌍둥이+저층부,40+40,40,122.0,107,28,37580,400.0,10911,48491,3316,35.29,0.224,3.842,10.14,40층 308㎡(30.4×10.1m) + 40층 308㎡(30.4×10.1m) + 저층부 5층 3200㎡(66.9×47.8m)
쌍둥이+저층부,4 쌍둥이+저층부,35+35,35,107.25,107,34,37580,400.0,9713,47293,3321,35.35,0.342,3.914,11.44,35층 432㎡(30.8×14.0m) + 35층 288㎡(25.2×11.4m) + 저층부 5층 3200㎡(80.0×40.0m)
쌍둥이+저층부,4 쌍둥이+저층부,35+35,35,107.25,107,33,37580,400.0,10322,47902,4948,52.67,0.333,3.907,9.83,35층 435㎡(36.1×12.0m) + 35층 290㎡(29.5×9.8m) + 저층부 3층 4800㎡(98.0×49.0m)
쌍둥이+저층부,4 쌍둥이+저층부,35+35,35,107.25,107,36,37580,400.0,9660,47240,4135,44.01,0.266,3.889,14.14,35층 480㎡(27.7×17.3m) + 35층 320㎡(22.6×14.1m) + 저층부 3층 4000㎡(89.4×44.7m)
쌍둥이+저층부,4 쌍둥이+저층부,35+35,35,107.25,107,31,37580,400.0,9671,47251,3316,35.29,0.207,3.862,12.79,35층 360㎡(28.1×12.8m) + 35층 360㎡(28.1×12.8m) + 저층부 5층 3200㎡(66.9×47.8m)
단일,1b 층수·세장비,50,50,151.5,108,38,37580,400.0,8844,46424,809,8.61,0.222,3.875,22.38,50층 752㎡(33.6×22.4m)
쌍둥이+저층부,4 쌍둥이+저층부,50+50,50,151.5,108,36,37580,400.0,11770,49350,2505,26.66,0.142,3.794,13.33,50층 284㎡(21.3×13.3m) + 50층 284㎡(21.3×13.3m) + 저층부 5층 2400㎡(69.3×34.6m)
타워+저층별동,5 저층별동,45,45,136.75,108,28,37580,400.0,9485,47065,2327,24.76,0.132,3.931,15.31,45층 586㎡(38.3×15.3m) + 저층부 7층 1600㎡(56.6×28.3m)
단일,1a 방위·위치,45,45,136.75,108,36,37580,400.0,9041,46621,900,9.58,0.06,3.838,18.28,45층 835㎡(45.7×18.3m)
쌍둥이+저층부,4 쌍둥이+저층부,45+45,45,136.75,108,38,37580,400.0,11528,49108,2500,26.61,0.177,3.823,15.03,45층 362㎡(24.1×15.0m) + 45층 362㎡(24.1×15.0m) + 저층부 3층 2400㎡(58.0×41.4m)
타워+저층별동,5 저층별동,35,35,107.25,108,19,37580,400.0,8948,46528,2366,25.18,0.12,3.977,15.7,35층 617㎡(39.3×15.7m) + 저층부 10층 1600㎡(69.3×23.1m)
쌍둥이+저층부,4 쌍둥이+저층부,35+35,35,107.25,108,32,37580,400.0,10675,48255,4135,44.01,0.241,3.944,11.54,35층 400㎡(34.6×11.5m) + 35층 400㎡(34.6×11.5m) + 저층부 3층 4000㎡(89.4×44.7m)
쌍둥이,3 쌍둥이,60+40,60,181.0,109,43,37580,400.0,14263,51843,876,9.32,0.18,3.863,10.22,60층 313㎡(30.7×10.2m) + 40층 470㎡(37.5×12.5m)
쌍둥이,3 쌍둥이,55+40,55,166.25,109,43,37580,400.0,13905,51485,906,9.64,0.186,3.866,10.67,55층 342㎡(32.0×10.7m) + 40층 470㎡(37.5×12.5m)
쌍둥이,3 쌍둥이,55+45,55,166.25,109,43,37580,400.0,14314,51894,851,9.06,0.186,3.857,10.67,55층 342㎡(32.0×10.7m) + 45층 418㎡(35.4×11.8m)
쌍둥이+저층부,4 쌍둥이+저층부,50+50,50,151.5,109,33,37580,400.0,12166,49746,2500,26.61,0.185,3.815,11.37,50층 284㎡(25.0×11.4m) + 50층 284㎡(25.0×11.4m) + 저층부 5층 2400㎡(58.0×41.4m)
단일,1a 방위·위치,45,45,136.75,109,28,37580,400.0,9041,46621,900,9.58,0.059,3.913,18.28,45층 835㎡(45.7×18.3m)
쌍둥이+저층부,4 쌍둥이+저층부,45+45,45,136.75,109,31,37580,400.0,11528,49108,2500,26.61,0.157,3.9,15.03,45층 362㎡(24.1×15.0m) + 45층 362㎡(24.1×15.0m) + 저층부 3층 2400㎡(58.0×41.4m)
쌍둥이+저층부,4 쌍둥이+저층부,45+45,45,136.75,109,35,37580,400.0,12093,49673,4129,43.95,0.201,3.875,10.08,45층 305㎡(30.2×10.1m) + 45층 305㎡(30.2×10.1m) + 저층부 3층 4000㎡(74.8×53.5m)
단일,1b 층수·세장비,45,45,136.75,109,27,37580,400.0,10158,47738,908,9.67,0.264,3.782,14.45,45층 835㎡(57.8×14.4m)
단일,1a 방위·위치,45,45,136.75,109,32,37580,400.0,9041,46621,900,9.58,0.127,3.747,18.28,45층 835㎡(45.7×18.3m)
쌍둥이+저층부,4 쌍둥이+저층부,40+40,40,122.0,109,32,37580,400.0,10435,48015,4942,52.6,0.216,3.969,11.93,40층 313㎡(26.3×11.9m) + 40층 313㎡(26.3×11.9m) + 저층부 3층 4800㎡(82.0×58.6m)
쌍둥이+저층부,4 쌍둥이+저층부,40+40,40,122.0,109,32,37580,400.0,10646,48226,3321,35.35,0.147,3.912,15.37,40층 378㎡(24.6×15.4m) + 40층 378㎡(24.6×15.4m) + 저층부 3층 3200㎡(80.0×40.0m)
쌍둥이+저층부,4 쌍둥이+저층부,35+35,35,107.25,109,31,37580,400.0,9157,46737,4129,43.95,0.273,3.963,11.54,35층 293㎡(25.4×11.5m) + 35층 293㎡(25.4×11.5m) + 저층부 5층 4000㎡(74.8×53.5m)
쌍둥이+저층부,4 쌍둥이+저층부,35+35,35,107.25,109,30,37580,400.0,9660,47240,4135,44.01,0.177,3.955,14.14,35층 480㎡(27.7×17.3m) + 35층 320㎡(22.6×14.1m) + 저층부 3층 4000㎡(89.4×44.7m)
쌍둥이+저층부,4 쌍둥이+저층부,35+35,35,107.25,109,32,37580,400.0,8842,46422,4129,43.95,0.316,3.939,13.53,35층 293㎡(21.7×13.5m) + 35층 293㎡(21.7×13.5m) + 저층부 5층 4000㎡(74.8×53.5m)
쌍둥이+저층부,4 쌍둥이+저층부,35+35,35,107.25,109,32,37580,400.0,10364,47944,4948,52.67,0.31,3.934,10.99,35층 362㎡(33.0×11.0m) + 35층 362㎡(33.0×11.0m) + 저층부 3층 4800㎡(98.0×49.0m)
쌍둥이+저층부,4 쌍둥이+저층부,35+35,35,107.25,109,35,37580,400.0,9700,47280,4135,44.01,0.252,3.901,15.81,35층 400㎡(25.3×15.8m) + 35층 400㎡(25.3×15.8m) + 저층부 3층 4000㎡(89.4×44.7m)
타워+저층별동,5 저층별동,55,55,166.25,110,17,37580,400.0,10064,47644,2121,22.58,0.028,3.937,14.01,55층 392㎡(28.0×14.0m) + 저층부 10층 1600㎡(56.6×28.3m)
타워+저층별동,5 저층별동,55,55,166.25,110,22,37580,400.0,11301,48881,2129,22.66,0.182,3.904,9.9,55층 392㎡(39.6×9.9m) + 저층부 10층 1600㎡(56.6×28.3m)
쌍둥이+저층부,4 쌍둥이+저층부,55+55,55,166.25,110,36,37580,400.0,12818,50398,2500,26.61,0.149,3.797,13.51,55층 292㎡(21.6×13.5m) + 55층 292㎡(21.6×13.5m) + 저층부 3층 2400㎡(58.0×41.4m)
타워+저층별동,5 저층별동,50,50,151.5,110,23,37580,400.0,9984,47564,2164,23.04,0.171,3.946,13.14,50층 432㎡(32.8×13.1m) + 저층부 10층 1600㎡(56.6×28.3m)
타워+저층별동,5 저층별동,50,50,151.5,110,22,37580,400.0,10876,48456,2170,23.1,0.197,3.903,10.39,50층 432㎡(41.5×10.4m) + 저층부 10층 1600㎡(56.6×28.3m)
쌍둥이+저층부,4 쌍둥이+저층부,50+50,50,151.5,110,34,37580,400.0,12402,49982,3316,35.29,0.204,3.899,11.63,50층 298㎡(25.6×11.6m) + 50층 298㎡(25.6×11.6m) + 저층부 3층 3200㎡(66.9×47.8m)
쌍둥이+저층부,4 쌍둥이+저층부,50+50,50,151.5,110,35,37580,400.0,12166,49746,2500,26.61,0.183,3.805,11.37,50층 284㎡(25.0×11.4m) + 50층 284㎡(25.0×11.4m) + 저층부 5층 2400㎡(58.0×41.4m)
쌍둥이+저층부,4 쌍둥이+저층부,50+50,50,151.5,110,33,37580,400.0,11702,49282,2500,26.61,0.215,3.8,13.33,50층 284㎡(21.3×13.3m) + 50층 284㎡(21.3×13.3m) + 저층부 5층 2400㎡(58.0×41.4m)
단일,1a 방위·위치,45,45,136.75,110,35,37580,400.0,9041,46621,900,9.58,0.114,4.021,18.28,45층 835㎡(45.7×18.3m)
쌍둥이,3 쌍둥이,45+35,45,136.75,110,40,37580,400.0,11920,49500,1050,11.18,0.228,3.883,13.78,45층 418㎡(30.3×13.8m) + 35층 537㎡(34.4×15.6m)
쌍둥이,3 쌍둥이,45+40,45,136.75,110,34,37580,400.0,12956,50536,963,10.25,0.132,3.875,9.69,45층 585㎡(41.9×14.0m) + 40층 282㎡(29.1×9.7m)
쌍둥이+저층부,4 쌍둥이+저층부,45+45,45,136.75,110,35,37580,400.0,11145,48725,2505,26.66,0.267,3.838,14.14,45층 320㎡(22.6×14.1m) + 45층 320㎡(22.6×14.1m) + 저층부 5층 2400㎡(69.3×34.6m)
쌍둥이+저층부,4 쌍둥이+저층부,35+35,35,107.25,110,34,37580,400.0,9600,47180,2500,26.61,0.292,3.924,11.62,35층 445㎡(31.3×14.2m) + 35층 297㎡(25.6×11.6m) + 저층부 7층 2400㎡(58.0×41.4m)
쌍둥이+저층부,4 쌍둥이+저층부,35+35,35,107.25,110,30,37580,400.0,9887,47467,3316,35.29,0.231,3.858,16.53,35층 437㎡(26.4×16.5m) + 35층 437㎡(26.4×16.5m) + 저층부 3층 3200㎡(66.9×47.8m)
쌍둥이,3 쌍둥이,60+55,60,181.0,111,43,37580,400.0,14487,52067,735,7.82,0.189,3.845,11.93,60층 313㎡(26.2×11.9m) + 55층 342㎡(27.4×12.5m)
쌍둥이,3 쌍둥이,60+60,60,181.0,111,43,37580,400.0,14824,52404,705,7.5,0.177,3.845,11.93,60층 313㎡(26.2×11.9m) + 60층 313㎡(26.2×11.9m)
단일+저층부,2 저층부,55,55,166.25,111,32,37580,400.0,9386,46966,2503,26.64,0.198,3.984,8.79,55층 302㎡(34.4×8.8m) + 저층부 10층 2400㎡(65.7×36.5m)
타워+저층별동,5 저층별동,55,55,166.25,111,23,37580,400.0,10591,48171,2131,22.68,0.09,3.905,12.53,55층 392㎡(31.3×12.5m) + 저층부 10층 1600㎡(69.3×23.1m)
쌍둥이,3 쌍둥이,55+45,55,166.25,111,42,37580,400.0,14314,51894,835,8.89,0.162,3.86,10.55,55층 410㎡(35.1×11.7m) + 45층 334㎡(31.7×10.6m)
쌍둥이+저층부,4 쌍둥이+저층부,45+45,45,136.75,111,34,37580,400.0,11478,49058,2500,26.61,0.231,3.825,13.45,45층 434㎡(26.4×16.5m) + 45층 289㎡(21.5×13.4m) + 저층부 3층 2400㎡(58.0×41.4m)
쌍둥이+저층부,4 쌍둥이+저층부,40+40,40,122.0,111,32,37580,400.0,11032,48612,4942,52.6,0.223,3.963,10.22,40층 313㎡(30.7×10.2m) + 40층 313㎡(30.7×10.2m) + 저층부 3층 4800㎡(82.0×58.6m)
타워+저층별동,5 저층별동,40,40,122.0,111,13,37580,400.0,8258,45838,2885,30.7,0.043,3.954,13.03,40층 340㎡(26.1×13.0m) + 저층부 10층 2400㎡(69.3×34.6m)
쌍둥이+저층부,4 쌍둥이+저층부,40+40,40,122.0,111,34,37580,400.0,10646,48226,3321,35.35,0.288,3.872,15.37,40층 378㎡(24.6×15.4m) + 40층 378㎡(24.6×15.4m) + 저층부 3층 3200㎡(80.0×40.0m)
쌍둥이+저층부,4 쌍둥이+저층부,40+40,40,122.0,111,38,37580,400.0,10384,47964,4135,44.01,0.174,3.863,14.7,40층 346㎡(23.5×14.7m) + 40층 346㎡(23.5×14.7m) + 저층부 3층 4000㎡(89.4×44.7m)
쌍둥이+저층부,4 쌍둥이+저층부,35+35,35,107.25,111,38,37580,400.0,10577,48157,4129,43.95,0.182,3.889,10.32,35층 480㎡(37.9×12.6m) + 35층 320㎡(31.0×10.3m) + 저층부 3층 4000㎡(74.8×53.5m)
타워+저층별동,5 저층별동,55,55,166.25,112,26,37580,400.0,11301,48881,2129,22.66,0.051,3.915,9.9,55층 392㎡(39.6×9.9m) + 저층부 10층 1600㎡(56.6×28.3m)
쌍둥이,3 쌍둥이,55+50,55,166.25,112,43,37580,400.0,13798,51378,801,8.53,0.204,3.851,12.46,55층 342㎡(27.4×12.5m) + 50층 376㎡(28.8×13.1m)
쌍둥이+저층부,4 쌍둥이+저층부,50+50,50,151.5,112,40,37580,400.0,11906,49486,3316,35.29,0.197,3.91,13.64,50층 298㎡(21.8×13.6m) + 50층 298㎡(21.8×13.6m) + 저층부 3층 3200㎡(66.9×47.8m)
쌍둥이+저층부,4 쌍둥이+저층부,50+50,50,151.5,112,35,37580,400.0,12234,49814,2505,26.66,0.234,3.885,11.37,50층 284㎡(25.0×11.4m) + 50층 284㎡(25.0×11.4m) + 저층부 5층 2400㎡(69.3×34.6m)
타워+저층별동,5 저층별동,50,50,151.5,112,15,37580,400.0,11760,49340,2200,23.42,0.156,3.791,10.39,50층 432㎡(41.5×10.4m) + 저층부 10층 1600㎡(98.0×16.3m)
쌍둥이+저층부,4 쌍둥이+저층부,45+45,45,136.75,112,34,37580,400.0,11269,48849,3316,35.29,0.227,3.91,14.43,45층 333㎡(23.1×14.4m) + 45층 333㎡(23.1×14.4m) + 저층부 3층 3200㎡(66.9×47.8m)
쌍둥이+저층부,4 쌍둥이+저층부,45+45,45,136.75,112,36,37580,400.0,11738,49318,3316,35.29,0.292,3.873,12.3,45층 333㎡(27.1×12.3m) + 45층 333㎡(27.1×12.3m) + 저층부 3층 3200㎡(66.9×47.8m)
쌍둥이+저층부,4 쌍둥이+저층부,40+40,40,122.0,112,32,37580,400.0,10417,47997,2500,26.61,0.107,3.93,15.11,40층 365㎡(24.2×15.1m) + 40층 365㎡(24.2×15.1m) + 저층부 5층 2400㎡(58.0×41.4m)
쌍둥이+저층부,4 쌍둥이+저층부,40+40,40,122.0,112,35,37580,400.0,10783,48363,2500,26.61,0.281,3.909,11.53,40층 439㎡(31.1×14.1m) + 40층 292㎡(25.4×11.5m) + 저층부 5층 2400㎡(58.0×41.4m)
쌍둥이+저층부,4 쌍둥이+저층부,40+40,40,122.0,112,34,37580,400.0,10752,48332,4129,43.95,0.275,3.895,12.53,40층 346㎡(27.6×12.5m) + 40층 346㎡(27.6×12.5m) + 저층부 3층 4000㎡(74.8×53.5m)
쌍둥이+저층부,4 쌍둥이+저층부,40+40,40,122.0,112,29,37580,400.0,9975,47555,3316,35.29,0.219,3.882,13.88,40층 308㎡(22.2×13.9m) + 40층 308㎡(22.2×13.9m) + 저층부 5층 3200㎡(66.9×47.8m)
타워+저층별동,5 저층별동,35,35,107.25,112,21,37580,400.0,8101,45681,2938,31.27,0.2,4.003,12.46,35층 388㎡(31.1×12.5m) + 저층부 10층 2400㎡(69.3×34.6m)
타워+저층별동,5 저층별동,35,35,107.25,112,18,37580,400.0,9425,47005,2365,25.17,0.123,3.913,12.56,35층 617㎡(49.1×12.6m) + 저층부 10층 1600㎡(56.6×28.3m)
쌍둥이+저층부,4 쌍둥이+저층부,35+35,35,107.25,112,34,37580,400.0,9306,46886,2500,26.61,0.362,3.907,15.23,35층 371㎡(24.4×15.2m) + 35층 371㎡(24.4×15.2m) + 저층부 7층 2400㎡(58.0×41.4m)
쌍둥이+저층부,4 쌍둥이+저층부,35+35,35,107.25,112,29,37580,400.0,9887,47467,3316,35.29,0.078,3.838,16.53,35층 437㎡(26.4×16.5m) + 35층 437㎡(26.4×16.5m) + 저층부 3층 3200㎡(66.9×47.8m)
단일+저층부,2 저층부,55,55,166.25,113,35,37580,400.0,8754,46334,2503,26.64,0.236,3.921,10.99,55층 302㎡(27.5×11.0m) + 저층부 10층 2400㎡(65.7×36.5m)
타워+저층별동,5 저층별동,55,55,166.25,113,20,37580,400.0,11246,48826,2128,22.65,0.101,3.915,10.02,55층 392㎡(39.2×10.0m) + 저층부 10층 1600㎡(56.6×28.3m)
쌍둥이,3 쌍둥이,50+45,50,151.5,113,43,37580,400.0,13080,50660,881,9.38,0.22,3.856,13.07,50층 376㎡(28.8×13.1m) + 45층 418㎡(30.3×13.8m)
쌍둥이+저층부,4 쌍둥이+저층부,50+50,50,151.5,113,36,37580,400.0,11702,49282,2500,26.61,0.181,3.803,13.33,50층 284㎡(21.3×13.3m) + 50층 284㎡(21.3×13.3m) + 저층부 5층 2400㎡(58.0×41.4m)
단일,1a 방위·위치,45,45,136.75,113,36,37580,400.0,9041,46621,900,9.58,0.119,4.062,18.28,45층 835㎡(45.7×18.3m)
단일,1a 방위·위치,45,45,136.75,113,21,37580,400.0,9041,46621,900,9.58,0.155,3.924,18.28,45층 835㎡(45.7×18.3m)
타워+저층별동,5 저층별동,45,45,136.75,113,20,37580,400.0,10104,47684,2356,25.08,0.189,3.883,15.31,45층 586㎡(38.3×15.3m) + 저층부 7층 1600㎡(98.0×16.3m)
타워+저층별동,5 저층별동,45,45,136.75,113,8,37580,400.0,9280,46860,2868,30.52,0.29,3.855,12.28,45층 302㎡(24.6×12.3m) + 저층부 10층 2400㎡(103.9×23.1m)
쌍둥이+저층부,4 쌍둥이+저층부,40+40,40,122.0,113,35,37580,400.0,10332,47912,4129,43.95,0.292,3.899,14.7,40층 346㎡(23.5×14.7m) + 40층 346㎡(23.5×14.7m) + 저층부 3층 4000㎡(74.8×53.5m)
쌍둥이+저층부,4 쌍둥이+저층부,35+35,35,107.25,113,33,37580,400.0,9157,46737,4129,43.95,0.191,4.062,11.54,35층 293㎡(25.4×11.5m) + 35층 293㎡(25.4×11.5m) + 저층부 5층 4000㎡(74.8×53.5m)
타워+저층별동,5 저층별동,35,35,107.25,113,30,37580,400.0,9318,46898,2509,26.7,0.17,3.992,13.88,35층 754㎡(54.3×13.9m) + 저층부 7층 1600㎡(56.6×28.3m)
쌍둥이+저층부,4 쌍둥이+저층부,35+35,35,107.25,113,33,37580,400.0,9287,46867,3316,35.29,0.354,3.916,13.41,35층 432㎡(26.3×16.4m) + 35층 288㎡(21.5×13.4m) + 저층부 5층 3200㎡(66.9×47.8m)
타워+저층별동,5 저층별동,60,60,181.0,114,18,37580,400.0,10732,48312,2089,22.23,0.058,3.911,11.99,60층 360㎡(30.0×12.0m) + 저층부 10층 1600㎡(56.6×28.3m)
쌍둥이+저층부,4 쌍둥이+저층부,50+50,50,151.5,114,33,37580,400.0,11702,49282,2500,26.61,0.177,3.908,13.33,50층 284㎡(21.3×13.3m) + 50층 284㎡(21.3×13.3m) + 저층부 5층 2400㎡(58.0×41.4m)
쌍둥이,3 쌍둥이,50+45,50,151.5,114,41,37580,400.0,13909,51489,878,9.35,0.163,3.856,10.55,50층 451㎡(36.8×12.3m) + 45층 334㎡(31.7×10.6m)
타워+저층별동,5 저층별동,45,45,136.75,114,26,37580,400.0,9585,47165,2215,23.58,0.186,3.951,13.85,45층 480㎡(34.6×13.8m) + 저층부 10층 1600㎡(56.6×28.3m)
타워+저층별동,5 저층별동,45,45,136.75,114,23,37580,400.0,9802,47382,2354,25.05,0.221,3.874,17.12,45층 586㎡(34.2×17.1m) + 저층부 7층 1600㎡(98.0×16.3m)
타워+저층별동,5 저층별동,40,40,122.0,114,17,37580,400.0,9134,46714,2283,24.3,0.106,3.938,16.42,40층 540㎡(32.8×16.4m) + 저층부 10층 1600㎡(69.3×23.1m)
쌍둥이+저층부,4 쌍둥이+저층부,40+40,40,122.0,114,34,37580,400.0,10554,48134,3316,35.29,0.238,3.929,13.75,40층 454㎡(26.9×16.8m) + 40층 302㎡(22.0×13.7m) + 저층부 3층 3200㎡(66.9×47.8m)
쌍둥이+저층부,4 쌍둥이+저층부,40+40,40,122.0,114,34,37580,400.0,10054,47634,3321,35.35,0.3,3.889,13.88,40층 308㎡(22.2×13.9m) + 40층 308㎡(22.2×13.9m) + 저층부 5층 3200㎡(80.0×40.0m)
쌍둥이+저층부,4 쌍둥이+저층부,40+40,40,122.0,114,31,37580,400.0,10599,48179,3316,35.29,0.212,3.888,15.37,40층 378㎡(24.6×15.4m) + 40층 378㎡(24.6×15.4m) + 저층부 3층 3200㎡(66.9×47.8m)
타워+저층별동,5 저층별동,35,35,107.25,114,24,37580,400.0,8481,46061,2356,25.08,0.068,3.968,17.56,35층 617㎡(35.1×17.6m) + 저층부 10층 1600㎡(56.6×28.3m)
쌍둥이+저층부,4 쌍둥이+저층부,35+35,35,107.25,114,36,37580,400.0,9436,47016,4948,52.67,0.34,3.918,15.05,35층 362㎡(24.1×15.0m) + 35층 362㎡(24.1×15.0m) + 저층부 3층 4800㎡(98.0×49.0m)
쌍둥이+저층부,4 쌍둥이+저층부,35+35,35,107.25,114,34,37580,400.0,10306,47886,4942,52.6,0.37,3.906,10.99,35층 362㎡(33.0×11.0m) + 35층 362㎡(33.0×11.0m) + 저층부 3층 4800㎡(82.0×58.6m)
쌍둥이+저층부,4 쌍둥이+저층부,35+35,35,107.25,114,29,37580,400.0,9751,47331,4942,52.6,0.169,3.851,12.83,35층 362㎡(28.2×12.8m) + 35층 362㎡(28.2×12.8m) + 저층부 3층 4800㎡(82.0×58.6m)
쌍둥이,3 쌍둥이,60+45,60,181.0,115,43,37580,400.0,13796,51376,793,8.44,0.184,3.855,12.32,60층 376㎡(28.8×13.1m) + 45층 334㎡(27.1×12.3m)
타워+저층별동,5 저층별동,55,55,166.25,115,19,37580,400.0,10064,47644,2121,22.58,0.087,3.899,14.01,55층 392㎡(28.0×14.0m) + 저층부 10층 1600㎡(56.6×28.3m)
쌍둥이+저층부,4 쌍둥이+저층부,55+55,55,166.25,115,32,37580,400.0,12818,50398,2500,26.61,0.101,3.859,13.51,55층 292㎡(21.6×13.5m) + 55층 292㎡(21.6×13.5m) + 저층부 3층 2400㎡(58.0×41.4m)
쌍둥이,3 쌍둥이,50+35,50,151.5,115,35,37580,400.0,13063,50643,945,10.05,0.138,3.874,10.36,50층 526㎡(39.7×13.2m) + 35층 322㎡(31.1×10.4m)
쌍둥이+저층부,4 쌍둥이+저층부,50+50,50,151.5,115,38,37580,400.0,11702,49282,2500,26.61,0.169,3.852,13.33,50층 284㎡(21.3×13.3m) + 50층 284㎡(21.3×13.3m) + 저층부 5층 2400㎡(58.0×41.4m)
타워+저층별동,5 저층별동,50,50,151.5,115,15,37580,400.0,10580,48160,2192,23.33,0.285,3.801,14.69,50층 432㎡(29.4×14.7m) + 저층부 10층 1600㎡(98.0×16.3m)
타워+저층별동,5 저층별동,45,45,136.75,115,28,37580,400.0,9485,47065,2327,24.76,0.143,3.932,15.31,45층 586㎡(38.3×15.3m) + 저층부 7층 1600㎡(56.6×28.3m)
쌍둥이+저층부,4 쌍둥이+저층부,45+45,45,136.75,115,35,37580,400.0,11786,49366,3321,35.35,0.195,3.899,12.3,45층 333㎡(27.1×12.3m) + 45층 333㎡(27.1×12.3m) + 저층부 3층 3200㎡(80.0×40.0m)
단일,1a 방위·위치,45,45,136.75,115,21,37580,400.0,9041,46621,900,9.58,0.085,3.897,18.28,45층 835㎡(45.7×18.3m)
쌍둥이+저층부,4 쌍둥이+저층부,45+45,45,136.75,115,35,37580,400.0,11738,49318,3316,35.29,0.196,3.803,12.3,45층 333㎡(27.1×12.3m) + 45층 333㎡(27.1×12.3m) + 저층부 3층 3200㎡(66.9×47.8m)
쌍둥이+저층부,4 쌍둥이+저층부,40+40,40,122.0,115,34,37580,400.0,10092,47672,4948,52.67,0.184,3.976,13.99,40층 313㎡(22.4×14.0m) + 40층 313㎡(22.4×14.0m) + 저층부 3층 4800㎡(98.0×49.0m)
쌍둥이+저층부,4 쌍둥이+저층부,40+40,40,122.0,115,32,37580,400.0,11032,48612,4942,52.6,0.22,3.926,10.22,40층 313㎡(30.7×10.2m) + 40층 313㎡(30.7×10.2m) + 저층부 3층 4800㎡(82.0×58.6m)
쌍둥이+저층부,4 쌍둥이+저층부,40+40,40,122.0,115,36,37580,400.0,11692,49272,3321,35.35,0.283,3.883,10.04,40층 454㎡(36.9×12.3m) + 40층 302㎡(30.1×10.0m) + 저층부 3층 3200㎡(80.0×40.0m)
쌍둥이+저층부,4 쌍둥이+저층부,35+35,35,107.25,115,31,37580,400.0,10364,47944,4948,52.67,0.151,3.999,10.99,35층 362㎡(33.0×11.0m) + 35층 362㎡(33.0×11.0m) + 저층부 3층 4800㎡(98.0×49.0m)
쌍둥이+저층부,4 쌍둥이+저층부,35+35,35,107.25,115,34,37580,400.0,9713,47293,3321,35.35,0.266,3.974,11.44,35층 432㎡(30.8×14.0m) + 35층 288㎡(25.2×11.4m) + 저층부 5층 3200㎡(80.0×40.0m)
쌍둥이+저층부,4 쌍둥이+저층부,35+35,35,107.25,115,30,37580,400.0,9157,46737,4129,43.95,0.167,3.913,11.54,35층 293㎡(25.4×11.5m) + 35층 293㎡(25.4×11.5m) + 저층부 5층 4000㎡(74.8×53.5m)
쌍둥이+저층부,4 쌍둥이+저층부,35+35,35,107.25,115,33,37580,400.0,9713,47293,3321,35.35,0.184,3.876,11.44,35층 432㎡(30.8×14.0m) + 35층 288㎡(25.2×11.4m) + 저층부 5층 3200㎡(80.0×40.0m)
쌍둥이+저층부,4 쌍둥이+저층부,35+35,35,107.25,115,36,37580,400.0,9634,47214,3316,35.29,0.313,3.863,11.44,35층 432㎡(30.8×14.0m) + 35층 288㎡(25.2×11.4m) + 저층부 5층 3200㎡(66.9×47.8m)
타워+저층별동,5 저층별동,60,60,181.0,116,26,37580,400.0,10732,48312,2089,22.23,0.123,3.97,11.99,60층 360㎡(30.0×12.0m) + 저층부 10층 1600㎡(56.6×28.3m)
타워+저층별동,5 저층별동,55,55,166.25,116,28,37580,400.0,10163,47743,2220,23.63,0.09,3.966,15.49,55층 480㎡(31.0×15.5m) + 저층부 7층 1600㎡(69.3×23.1m)
쌍둥이+저층부,4 쌍둥이+저층부,45+45,45,136.75,116,29,37580,400.0,11425,49005,4129,43.95,0.19,3.812,11.77,45층 305㎡(25.9×11.8m) + 45층 305㎡(25.9×11.8m) + 저층부 3층 4000㎡(74.8×53.5m)
타워+저층별동,5 저층별동,40,40,122.0,116,20,37580,400.0,8258,45838,2885,30.7,0.136,4.022,13.03,40층 340㎡(26.1×13.0m) + 저층부 10층 2400㎡(69.3×34.6m)
쌍둥이+저층부,4 쌍둥이+저층부,40+40,40,122.0,116,34,37580,400.0,10435,48015,4942,52.6,0.287,3.92,11.93,40층 313㎡(26.3×11.9m) + 40층 313㎡(26.3×11.9m) + 저층부 3층 4800㎡(82.0×58.6m)
쌍둥이+저층부,4 쌍둥이+저층부,40+40,40,122.0,116,35,37580,400.0,10375,47955,2500,26.61,0.323,3.855,13.52,40층 439㎡(26.5×16.6m) + 40층 292㎡(21.6×13.5m) + 저층부 5층 2400㎡(58.0×41.4m)
쌍둥이+저층부,4 쌍둥이+저층부,35+35,35,107.25,116,31,37580,400.0,9671,47251,3316,35.29,0.229,4.028,12.79,35층 360㎡(28.1×12.8m) + 35층 360㎡(28.1×12.8m) + 저층부 5층 3200㎡(66.9×47.8m)
쌍둥이+저층부,4 쌍둥이+저층부,35+35,35,107.25,116,30,37580,400.0,9751,47331,4942,52.6,0.165,3.995,12.83,35층 362㎡(28.2×12.8m) + 35층 362㎡(28.2×12.8m) + 저층부 3층 4800㎡(82.0×58.6m)
쌍둥이+저층부,4 쌍둥이+저층부,35+35,35,107.25,116,30,37580,400.0,8842,46422,4129,43.95,0.163,3.905,13.53,35층 293㎡(21.7×13.5m) + 35층 293㎡(21.7×13.5m) + 저층부 5층 4000㎡(74.8×53.5m)
쌍둥이+저층부,4 쌍둥이+저층부,35+35,35,107.25,116,32,37580,400.0,9245,46825,4135,44.01,0.154,3.897,11.54,35층 293㎡(25.4×11.5m) + 35층 293㎡(25.4×11.5m) + 저층부 5층 4000㎡(89.4×44.7m)
쌍둥이+저층부,4 쌍둥이+저층부,35+35,35,107.25,116,36,37580,400.0,10297,47877,3316,35.29,0.355,3.896,14.1,35층 437㎡(31.0×14.1m) + 35층 437㎡(31.0×14.1m) + 저층부 3층 3200㎡(66.9×47.8m)
쌍둥이+저층부,4 쌍둥이+저층부,35+35,35,107.25,116,36,37580,400.0,9715,47295,2500,26.61,0.296,3.872,16.32,35층 426㎡(26.1×16.3m) + 35층 426㎡(26.1×16.3m) + 저층부 5층 2400㎡(58.0×41.4m)
쌍둥이+저층부,4 쌍둥이+저층부,35+35,35,107.25,116,30,37580,400.0,8931,46511,4135,44.01,0.183,3.871,13.53,35층 293㎡(21.7×13.5m) + 35층 293㎡(21.7×13.5m) + 저층부 5층 4000㎡(89.4×44.7m)
쌍둥이+저층부,4 쌍둥이+저층부,55+55,55,166.25,117,28,37580,400.0,12818,50398,2500,26.61,0.057,3.943,13.51,55층 292㎡(21.6×13.5m) + 55층 292㎡(21.6×13.5m) + 저층부 3층 2400㎡(58.0×41.4m)
쌍둥이,3 쌍둥이,55+40,55,166.25,117,40,37580,400.0,13081,50661,873,9.3,0.19,3.867,13.07,55층 410㎡(30.0×13.7m) + 40층 376㎡(28.8×13.1m)
단일,1a 방위·위치,45,45,136.75,117,34,37580,400.0,9041,46621,900,9.58,0.102,4.048,18.28,45층 835㎡(45.7×18.3m)
단일,1a 방위·위치,45,45,136.75,117,21,37580,400.0,9041,46621,900,9.58,0.11,3.978,18.28,45층 835㎡(45.7×18.3m)
쌍둥이+저층부,4 쌍둥이+저층부,45+45,45,136.75,117,34,37580,400.0,11478,49058,4135,44.01,0.218,3.926,11.77,45층 305㎡(25.9×11.8m) + 45층 305㎡(25.9×11.8m) + 저층부 3층 4000㎡(89.4×44.7m)
단일,1a 방위·위치,45,45,136.75,117,31,37580,400.0,9041,46621,900,9.58,0.079,3.889,18.28,45층 835㎡(45.7×18.3m)
쌍둥이+저층부,4 쌍둥이+저층부,45+45,45,136.75,117,37,37580,400.0,12017,49597,2500,26.61,0.241,3.837,12.82,45층 362㎡(28.2×12.8m) + 45층 362㎡(28.2×12.8m) + 저층부 3층 2400㎡(58.0×41.4m)
쌍둥이+저층부,4 쌍둥이+저층부,40+40,40,122.0,117,35,37580,400.0,10492,48072,4147,44.14,0.252,3.928,14.7,40층 346㎡(23.5×14.7m) + 40층 346㎡(23.5×14.7m) + 저층부 3층 4000㎡(109.5×36.5m)
쌍둥이+저층부,4 쌍둥이+저층부,40+40,40,122.0,117,30,37580,400.0,11032,48612,4942,52.6,0.136,3.879,10.22,40층 313㎡(30.7×10.2m) + 40층 313㎡(30.7×10.2m) + 저층부 3층 4800㎡(82.0×58.6m)
쌍둥이+저층부,4 쌍둥이+저층부,40+40,40,122.0,117,35,37580,400.0,10599,48179,3316,35.29,0.153,3.82,15.37,40층 378㎡(24.6×15.4m) + 40층 378㎡(24.6×15.4m) + 저층부 3층 3200㎡(66.9×47.8m)
쌍둥이+저층부,4 쌍둥이+저층부,35+35,35,107.25,117,32,37580,400.0,9625,47205,4129,43.95,0.229,3.979,9.88,35층 293㎡(29.6×9.9m) + 35층 293㎡(29.6×9.9m) + 저층부 5층 4000㎡(74.8×53.5m)
쌍둥이+저층부,4 쌍둥이+저층부,35+35,35,107.25,117,35,37580,400.0,9997,47577,4129,43.95,0.144,3.948,12.06,35층 480㎡(32.5×14.8m) + 35층 320㎡(26.5×12.1m) + 저층부 3층 4000㎡(74.8×53.5m)
쌍둥이+저층부,4 쌍둥이+저층부,35+35,35,107.25,117,33,37580,400.0,9660,47240,4135,44.01,0.294,3.884,14.14,35층 480㎡(27.7×17.3m) + 35층 320㎡(22.6×14.1m) + 저층부 3층 4000㎡(89.4×44.7m)
쌍둥이+저층부,4 쌍둥이+저층부,35+35,35,107.25,117,27,37580,400.0,10039,47619,4129,43.95,0.229,3.833,13.48,35층 400㎡(29.7×13.5m) + 35층 400㎡(29.7×13.5m) + 저층부 3층 4000㎡(74.8×53.5m)
쌍둥이,3 쌍둥이,55+40,55,166.25,118,37,37580,400.0,12504,50084,869,9.25,0.213,3.851,15.33,55층 410㎡(25.6×16.0m) + 40층 376㎡(24.5×15.3m)
쌍둥이+저층부,4 쌍둥이+저층부,55+55,55,166.25,118,36,37580,400.0,12859,50439,2505,26.66,0.18,3.788,13.51,55층 292㎡(21.6×13.5m) + 55층 292㎡(21.6×13.5m) + 저층부 3층 2400㎡(69.3×34.6m)
쌍둥이,3 쌍둥이,50+35,50,151.5,118,36,37580,400.0,12332,49912,973,10.36,0.195,3.869,13.97,50층 451㎡(31.5×14.3m) + 35층 429㎡(30.7×14.0m)
단일,1a 방위·위치,45,45,136.75,118,18,37580,400.0,9041,46621,900,9.58,0.036,3.903,18.28,45층 835㎡(45.7×18.3m)
쌍둥이+저층부,4 쌍둥이+저층부,40+40,40,122.0,118,33,37580,400.0,11695,49275,3316,35.29,0.149,3.964,11.23,40층 378㎡(33.7×11.2m) + 40층 378㎡(33.7×11.2m) + 저층부 3층 3200㎡(66.9×47.8m)
쌍둥이+저층부,4 쌍둥이+저층부,40+40,40,122.0,118,36,37580,400.0,9975,47555,3316,35.29,0.289,3.903,13.88,40층 308㎡(22.2×13.9m) + 40층 308㎡(22.2×13.9m) + 저층부 5층 3200㎡(66.9×47.8m)
쌍둥이+저층부,4 쌍둥이+저층부,40+40,40,122.0,118,35,37580,400.0,11039,48619,3316,35.29,0.252,3.886,13.11,40층 378㎡(28.8×13.1m) + 40층 378㎡(28.8×13.1m) + 저층부 3층 3200㎡(66.9×47.8m)
쌍둥이+저층부,4 쌍둥이+저층부,35+35,35,107.25,118,34,37580,400.0,10050,47630,4135,44.01,0.275,3.938,12.06,35층 480㎡(32.5×14.8m) + 35층 320㎡(26.5×12.1m) + 저층부 3층 4000㎡(89.4×44.7m)
쌍둥이+저층부,4 쌍둥이+저층부,35+35,35,107.25,118,33,37580,400.0,9711,47291,4942,52.6,0.33,3.934,11.48,35층 435㎡(30.9×14.1m) + 35층 290㎡(25.2×11.5m) + 저층부 3층 4800㎡(82.0×58.6m)
쌍둥이+저층부,4 쌍둥이+저층부,35+35,35,107.25,118,33,37580,400.0,9436,47016,4948,52.67,0.338,3.88,15.05,35층 362㎡(24.1×15.0m) + 35층 362㎡(24.1×15.0m) + 저층부 3층 4800㎡(98.0×49.0m)
쌍둥이+저층부,4 쌍둥이+저층부,35+35,35,107.25,118,24,37580,400.0,9157,46737,4129,43.95,0.244,3.873,11.54,35층 293㎡(25.4×11.5m) + 35층 293㎡(25.4×11.5m) + 저층부 5층 4000㎡(74.8×53.5m)
타워+저층별동,5 저층별동,60,60,181.0,119,25,37580,400.0,10732,48312,2089,22.23,0.123,3.93,11.99,60층 360㎡(30.0×12.0m) + 저층부 10층 1600㎡(56.6×28.3m)
쌍둥이,3 쌍둥이,60+55,60,181.0,119,41,37580,400.0,13851,51431,731,7.78,0.188,3.829,13.99,60층 313㎡(22.4×14.0m) + 55층 342㎡(23.4×14.6m)
타워+저층별동,5 저층별동,55,55,166.25,119,23,37580,400.0,10365,47945,2123,22.6,0.099,3.971,12.53,55층 392㎡(31.3×12.5m) + 저층부 10층 1600㎡(56.6×28.3m)
타워+저층별동,5 저층별동,55,55,166.25,119,20,37580,400.0,10289,47869,2129,22.66,0.096,3.957,14.01,55층 392㎡(28.0×14.0m) + 저층부 10층 1600㎡(69.3×23.1m)
쌍둥이+저층부,4 쌍둥이+저층부,55+55,55,166.25,119,34,37580,400.0,12818,50398,2500,26.61,0.2,3.873,13.51,55층 292㎡(21.6×13.5m) + 55층 292㎡(21.6×13.5m) + 저층부 3층 2400㎡(58.0×41.4m)
타워+저층별동,5 저층별동,50,50,151.5,119,24,37580,400.0,10876,48456,2170,23.1,0.197,3.861,10.39,50층 432㎡(41.5×10.4m) + 저층부 10층 1600㎡(56.6×28.3m)
타워+저층별동,5 저층별동,45,45,136.75,119,16,37580,400.0,8804,46384,2846,30.29,0.091,3.995,10.99,45층 302㎡(27.5×11.0m) + 저층부 10층 2400㎡(69.3×34.6m)
쌍둥이,3 쌍둥이,45+35,45,136.75,119,31,37580,400.0,12709,50289,1057,11.25,0.252,3.82,11.8,45층 418㎡(35.4×11.8m) + 35층 537㎡(40.1×13.4m)
쌍둥이+저층부,4 쌍둥이+저층부,40+40,40,122.0,119,31,37580,400.0,10911,48491,3316,35.29,0.21,3.934,10.14,40층 308㎡(30.4×10.1m) + 40층 308㎡(30.4×10.1m) + 저층부 5층 3200㎡(66.9×47.8m)
쌍둥이+저층부,4 쌍둥이+저층부,40+40,40,122.0,119,35,37580,400.0,11433,49013,4135,44.01,0.237,3.925,10.73,40층 346㎡(32.2×10.7m) + 40층 346㎡(32.2×10.7m) + 저층부 3층 4000㎡(89.4×44.7m)
쌍둥이+저층부,4 쌍둥이+저층부,40+40,40,122.0,119,35,37580,400.0,10752,48332,4129,43.95,0.168,3.878,12.53,40층 346㎡(27.6×12.5m) + 40층 346㎡(27.6×12.5m) + 저층부 3층 4000㎡(74.8×53.5m)
쌍둥이+저층부,4 쌍둥이+저층부,40+40,40,122.0,119,31,37580,400.0,10554,48134,3316,35.29,0.167,3.873,13.75,40층 454㎡(26.9×16.8m) + 40층 302㎡(22.0×13.7m) + 저층부 3층 3200㎡(66.9×47.8m)
쌍둥이+저층부,4 쌍둥이+저층부,40+40,40,122.0,119,39,37580,400.0,10805,48385,4135,44.01,0.121,3.861,12.53,40층 346㎡(27.6×12.5m) + 40층 346㎡(27.6×12.5m) + 저층부 3층 4000㎡(89.4×44.7m)
쌍둥이+저층부,4 쌍둥이+저층부,35+35,35,107.25,119,31,37580,400.0,9398,46978,4948,52.67,0.211,3.991,13.46,35층 435㎡(26.4×16.5m) + 35층 290㎡(21.5×13.5m) + 저층부 3층 4800㎡(98.0×49.0m)
쌍둥이+저층부,4 쌍둥이+저층부,35+35,35,107.25,119,34,37580,400.0,9751,47331,4942,52.6,0.268,3.937,12.83,35층 362㎡(28.2×12.8m) + 35층 362㎡(28.2×12.8m) + 저층부 3층 4800㎡(82.0×58.6m)
타워+저층별동,5 저층별동,35,35,107.25,119,20,37580,400.0,8948,46528,2366,25.18,0.166,3.933,15.7,35층 617㎡(39.3×15.7m) + 저층부 10층 1600㎡(69.3×23.1m)
쌍둥이+저층부,4 쌍둥이+저층부,35+35,35,107.25,119,29,37580,400.0,10306,47886,4942,52.6,0.12,3.896,10.99,35층 362㎡(33.0×11.0m) + 35층 362㎡(33.0×11.0m) + 저층부 3층 4800㎡(82.0×58.6m)
쌍둥이+저층부,4 쌍둥이+저층부,35+35,35,107.25,119,37,37580,400.0,9648,47228,4129,43.95,0.239,3.88,15.81,35층 400㎡(25.3×15.8m) + 35층 400㎡(25.3×15.8m) + 저층부 3층 4000㎡(74.8×53.5m)
쌍둥이+저층부,4 쌍둥이+저층부,35+35,35,107.25,119,34,37580,400.0,9700,47280,4135,44.01,0.27,3.865,15.81,35층 400㎡(25.3×15.8m) + 35층 400㎡(25.3×15.8m) + 저층부 3층 4000㎡(89.4×44.7m)
쌍둥이+저층부,4 쌍둥이+저층부,35+35,35,107.25,119,28,37580,400.0,10264,47844,4942,52.6,0.159,3.859,9.83,35층 435㎡(36.1×12.0m) + 35층 290㎡(29.5×9.8m) + 저층부 3층 4800㎡(82.0×58.6m)
타워+저층별동,5 저층별동,55,55,166.25,120,24,37580,400.0,10365,47945,2123,22.6,0.188,3.855,12.53,55층 392㎡(31.3×12.5m) + 저층부 10층 1600㎡(56.6×28.3m)
쌍둥이+저층부,4 쌍둥이+저층부,45+45,45,136.75,120,33,37580,400.0,10977,48557,4129,43.95,0.145,3.963,13.8,45층 305㎡(22.1×13.8m) + 45층 305㎡(22.1×13.8m) + 저층부 3층 4000㎡(74.8×53.5m)
단일,1a 방위·위치,45,45,136.75,120,31,37580,400.0,9041,46621,900,9.58,0.151,3.894,18.28,45층 835㎡(45.7×18.3m)
단일,1a 방위·위치,45,45,136.75,120,33,37580,400.0,9041,46621,900,9.58,0.079,3.884,18.28,45층 835㎡(45.7×18.3m)
단일,1a 방위·위치,45,45,136.75,120,36,37580,400.0,9041,46621,900,9.58,0.069,3.756,18.28,45층 835㎡(45.7×18.3m)
쌍둥이+저층부,4 쌍둥이+저층부,40+40,40,122.0,120,35,37580,400.0,11380,48960,4129,43.95,0.209,3.951,10.73,40층 346㎡(32.2×10.7m) + 40층 346㎡(32.2×10.7m) + 저층부 3층 4000㎡(74.8×53.5m)
쌍둥이+저층부,4 쌍둥이+저층부,40+40,40,122.0,120,33,37580,400.0,10034,47614,4942,52.6,0.201,3.82,13.99,40층 313㎡(22.4×14.0m) + 40층 313㎡(22.4×14.0m) + 저층부 3층 4800㎡(82.0×58.6m)
쌍둥이+저층부,4 쌍둥이+저층부,35+35,35,107.25,120,31,37580,400.0,10577,48157,4129,43.95,0.136,3.969,10.32,35층 480㎡(37.9×12.6m) + 35층 320㎡(31.0×10.3m) + 저층부 3층 4000㎡(74.8×53.5m)
쌍둥이+저층부,4 쌍둥이+저층부,35+35,35,107.25,120,34,37580,400.0,10039,47619,4129,43.95,0.231,3.958,13.48,35층 400㎡(29.7×13.5m) + 35층 400㎡(29.7×13.5m) + 저층부 3층 4000㎡(74.8×53.5m)
쌍둥이+저층부,4 쌍둥이+저층부,35+35,35,107.25,120,32,37580,400.0,9402,46982,3321,35.35,0.338,3.893,14.99,35층 360㎡(24.0×15.0m) + 35층 360㎡(24.0×15.0m) + 저층부 5층 3200㎡(80.0×40.0m)
쌍둥이+저층부,4 쌍둥이+저층부,35+35,35,107.25,120,30,37580,400.0,9157,46737,4129,43.95,0.29,3.885,11.54,35층 293㎡(25.4×11.5m) + 35층 293㎡(25.4×11.5m) + 저층부 5층 4000㎡(74.8×53.5m)
쌍둥이+저층부,4 쌍둥이+저층부,35+35,35,107.25,120,35,37580,400.0,9648,47228,4129,43.95,0.239,3.881,15.81,35층 400㎡(25.3×15.8m) + 35층 400㎡(25.3×15.8m) + 저층부 3층 4000㎡(74.8×53.5m)
쌍둥이+저층부,4 쌍둥이+저층부,35+35,35,107.25,120,27,37580,400.0,8842,46422,4129,43.95,0.201,3.879,13.53,35층 293㎡(21.7×13.5m) + 35층 293㎡(21.7×13.5m) + 저층부 5층 4000㎡(74.8×53.5m)
쌍둥이+저층부,4 쌍둥이+저층부,35+35,35,107.25,120,25,37580,400.0,9997,47577,4129,43.95,0.219,3.836,12.06,35층 480㎡(32.5×14.8m) + 35층 320㎡(26.5×12.1m) + 저층부 3층 4000㎡(74.8×53.5m)
쌍둥이,3 쌍둥이,55+40,55,166.25,121,36,37580,400.0,12413,49993,842,8.96,0.195,3.852,13.27,55층 478㎡(27.7×17.3m) + 40층 282㎡(21.2×13.3m)
쌍둥이,3 쌍둥이,55+40,55,166.25,121,37,37580,400.0,13841,51421,851,9.06,0.218,3.825,9.69,55층 478㎡(37.9×12.6m) + 40층 282㎡(29.1×9.7m)
쌍둥이+저층부,4 쌍둥이+저층부,50+50,50,151.5,121,33,37580,400.0,12402,49982,3316,35.29,0.122,4.045,11.63,50층 298㎡(25.6×11.6m) + 50층 298㎡(25.6×11.6m) + 저층부 3층 3200㎡(66.9×47.8m)
타워+저층별동,5 저층별동,50,50,151.5,121,24,37580,400.0,9696,47276,2163,23.02,0.102,3.977,14.69,50층 432㎡(29.4×14.7m) + 저층부 10층 1600㎡(56.6×28.3m)
쌍둥이+저층부,4 쌍둥이+저층부,45+45,45,136.75,121,35,37580,400.0,11786,49366,3321,35.35,0.221,3.906,12.3,45층 333㎡(27.1×12.3m) + 45층 333㎡(27.1×12.3m) + 저층부 3층 3200㎡(80.0×40.0m)
단일,1a 방위·위치,45,45,136.75,121,29,37580,400.0,9041,46621,900,9.58,0.12,3.835,18.28,45층 835㎡(45.7×18.3m)
쌍둥이+저층부,4 쌍둥이+저층부,40+40,40,122.0,121,32,37580,400.0,10034,47614,4942,52.6,0.162,3.967,13.99,40층 313㎡(22.4×14.0m) + 40층 313㎡(22.4×14.0m) + 저층부 3층 4800㎡(82.0×58.6m)
쌍둥이+저층부,4 쌍둥이+저층부,35+35,35,107.25,121,34,37580,400.0,8842,46422,4129,43.95,0.247,3.981,13.53,35층 293㎡(21.7×13.5m) + 35층 293㎡(21.7×13.5m) + 저층부 5층 4000㎡(74.8×53.5m)
쌍둥이+저층부,4 쌍둥이+저층부,35+35,35,107.25,121,34,37580,400.0,10050,47630,4135,44.01,0.25,3.942,12.06,35층 480㎡(32.5×14.8m) + 35층 320㎡(26.5×12.1m) + 저층부 3층 4000㎡(89.4×44.7m)
쌍둥이+저층부,4 쌍둥이+저층부,35+35,35,107.25,121,29,37580,400.0,9378,46958,4942,52.6,0.228,3.918,15.05,35층 362㎡(24.1×15.0m) + 35층 362㎡(24.1×15.0m) + 저층부 3층 4800㎡(82.0×58.6m)
쌍둥이+저층부,4 쌍둥이+저층부,35+35,35,107.25,121,32,37580,400.0,8931,46511,4135,44.01,0.192,3.911,13.53,35층 293㎡(21.7×13.5m) + 35층 293㎡(21.7×13.5m) + 저층부 5층 4000㎡(89.4×44.7m)
쌍둥이+저층부,4 쌍둥이+저층부,35+35,35,107.25,121,33,37580,400.0,10092,47672,4135,44.01,0.21,3.898,13.48,35층 400㎡(29.7×13.5m) + 35층 400㎡(29.7×13.5m) + 저층부 3층 4000㎡(89.4×44.7m)
쌍둥이+저층부,4 쌍둥이+저층부,35+35,35,107.25,121,29,37580,400.0,9323,46903,3316,35.29,0.16,3.838,14.99,35층 360㎡(24.0×15.0m) + 35층 360㎡(24.0×15.0m) + 저층부 5층 3200㎡(66.9×47.8m)
쌍둥이,3 쌍둥이,55+35,55,166.25,122,36,37580,400.0,12101,49681,884,9.41,0.195,3.858,14.19,55층 478㎡(27.7×17.3m) + 35층 322㎡(22.7×14.2m)
단일,1b 층수·세장비,50,50,151.5,122,31,37580,400.0,9553,47133,813,8.66,0.067,4.055,17.34,50층 752㎡(43.3×17.3m)
단일,1a 방위·위치,45,45,136.75,122,30,37580,400.0,9041,46621,900,9.58,0.099,3.863,18.28,45층 835㎡(45.7×18.3m)
단일,1a 방위·위치,45,45,136.75,122,36,37580,400.0,9041,46621,900,9.58,0.066,3.679,18.28,45층 835㎡(45.7×18.3m)
쌍둥이+저층부,4 쌍둥이+저층부,40+40,40,122.0,122,34,37580,400.0,10351,47931,3316,35.29,0.205,3.95,11.84,40층 308㎡(26.0×11.8m) + 40층 308㎡(26.0×11.8m) + 저층부 5층 3200㎡(66.9×47.8m)
쌍둥이+저층부,4 쌍둥이+저층부,40+40,40,122.0,122,33,37580,400.0,10332,47912,4129,43.95,0.209,3.948,14.7,40층 346㎡(23.5×14.7m) + 40층 346㎡(23.5×14.7m) + 저층부 3층 4000㎡(74.8×53.5m)
쌍둥이+저층부,4 쌍둥이+저층부,35+35,35,107.25,122,34,37580,400.0,9245,46825,4135,44.01,0.27,3.974,11.54,35층 293㎡(25.4×11.5m) + 35층 293㎡(25.4×11.5m) + 저층부 5층 4000㎡(89.4×44.7m)
쌍둥이+저층부,4 쌍둥이+저층부,35+35,35,107.25,122,32,37580,400.0,9660,47240,4135,44.01,0.213,3.966,14.14,35층 480㎡(27.7×17.3m) + 35층 320㎡(22.6×14.1m) + 저층부 3층 4000㎡(89.4×44.7m)
쌍둥이+저층부,4 쌍둥이+저층부,35+35,35,107.25,122,35,37580,400.0,10630,48210,4135,44.01,0.249,3.936,10.32,35층 480㎡(37.9×12.6m) + 35층 320㎡(31.0×10.3m) + 저층부 3층 4000㎡(89.4×44.7m)
쌍둥이+저층부,4 쌍둥이+저층부,35+35,35,107.25,122,35,37580,400.0,9751,47331,4942,52.6,0.165,3.917,12.83,35층 362㎡(28.2×12.8m) + 35층 362㎡(28.2×12.8m) + 저층부 3층 4800㎡(82.0×58.6m)
쌍둥이+저층부,4 쌍둥이+저층부,35+35,35,107.25,122,28,37580,400.0,8931,46511,4135,44.01,0.192,3.913,13.53,35층 293㎡(21.7×13.5m) + 35층 293㎡(21.7×13.5m) + 저층부 5층 4000㎡(89.4×44.7m)
쌍둥이+저층부,4 쌍둥이+저층부,35+35,35,107.25,122,27,37580,400.0,9751,47331,4942,52.6,0.292,3.829,12.83,35층 362㎡(28.2×12.8m) + 35층 362㎡(28.2×12.8m) + 저층부 3층 4800㎡(82.0×58.6m)
쌍둥이,3 쌍둥이,55+45,55,166.25,123,41,37580,400.0,12839,50419,841,8.95,0.219,3.835,14.61,55층 342㎡(23.4×14.6m) + 45층 418㎡(25.8×16.2m)
쌍둥이+저층부,4 쌍둥이+저층부,50+50,50,151.5,123,34,37580,400.0,12188,49768,2500,26.61,0.16,3.894,14.21,50층 323㎡(22.7×14.2m) + 50층 323㎡(22.7×14.2m) + 저층부 3층 2400㎡(58.0×41.4m)
쌍둥이,3 쌍둥이,50+40,50,151.5,123,38,37580,400.0,12133,49713,932,9.92,0.239,3.854,15.33,50층 376㎡(24.5×15.3m) + 40층 470㎡(27.4×17.1m)
쌍둥이+저층부,4 쌍둥이+저층부,45+45,45,136.75,123,35,37580,400.0,11145,48725,2505,26.66,0.22,3.882,14.14,45층 320㎡(22.6×14.1m) + 45층 320㎡(22.6×14.1m) + 저층부 5층 2400㎡(69.3×34.6m)
쌍둥이+저층부,4 쌍둥이+저층부,45+45,45,136.75,123,35,37580,400.0,11030,48610,4135,44.01,0.147,3.838,13.8,45층 305㎡(22.1×13.8m) + 45층 305㎡(22.1×13.8m) + 저층부 3층 4000㎡(89.4×44.7m)
쌍둥이+저층부,4 쌍둥이+저층부,40+40,40,122.0,123,34,37580,400.0,11433,49013,4135,44.01,0.182,3.956,10.73,40층 346㎡(32.2×10.7m) + 40층 346㎡(32.2×10.7m) + 저층부 3층 4000㎡(89.4×44.7m)
쌍둥이+저층부,4 쌍둥이+저층부,40+40,40,122.0,123,34,37580,400.0,10646,48226,3321,35.35,0.239,3.92,15.37,40층 378㎡(24.6×15.4m) + 40층 378㎡(24.6×15.4m) + 저층부 3층 3200㎡(80.0×40.0m)
쌍둥이+저층부,4 쌍둥이+저층부,40+40,40,122.0,123,34,37580,400.0,10599,48179,3316,35.29,0.195,3.916,15.37,40층 378㎡(24.6×15.4m) + 40층 378㎡(24.6×15.4m) + 저층부 3층 3200㎡(66.9×47.8m)
쌍둥이+저층부,4 쌍둥이+저층부,40+40,40,122.0,123,29,37580,400.0,10435,48015,4942,52.6,0.171,3.89,11.93,40층 313㎡(26.3×11.9m) + 40층 313㎡(26.3×11.9m) + 저층부 3층 4800㎡(82.0×58.6m)
쌍둥이+저층부,4 쌍둥이+저층부,40+40,40,122.0,123,26,37580,400.0,10493,48073,4948,52.67,0.225,3.882,11.93,40층 313㎡(26.3×11.9m) + 40층 313㎡(26.3×11.9m) + 저층부 3층 4800㎡(98.0×49.0m)
쌍둥이+저층부,4 쌍둥이+저층부,40+40,40,122.0,123,29,37580,400.0,10034,47614,4942,52.6,0.259,3.811,13.99,40층 313㎡(22.4×14.0m) + 40층 313㎡(22.4×14.0m) + 저층부 3층 4800㎡(82.0×58.6m)
쌍둥이,3 쌍둥이,40+40,40,122.0,123,29,37580,400.0,11886,49466,1035,11.01,0.203,3.783,13.07,40층 564㎡(35.2×16.0m) + 40층 376㎡(28.8×13.1m)
타워+저층별동,5 저층별동,35,35,107.25,123,21,37580,400.0,9469,47049,2366,25.18,0.149,3.945,12.42,35층 617㎡(49.7×12.4m) + 저층부 10층 1600㎡(56.6×28.3m)
쌍둥이+저층부,4 쌍둥이+저층부,35+35,35,107.25,123,22,37580,400.0,8842,46422,4129,43.95,0.299,3.885,13.53,35층 293㎡(21.7×13.5m) + 35층 293㎡(21.7×13.5m) + 저층부 5층 4000㎡(74.8×53.5m)
쌍둥이+저층부,4 쌍둥이+저층부,35+35,35,107.25,123,25,37580,400.0,9436,47016,4948,52.67,0.185,3.821,15.05,35층 362㎡(24.1×15.0m) + 35층 362㎡(24.1×15.0m) + 저층부 3층 4800㎡(98.0×49.0m)
쌍둥이,3 쌍둥이,35+35,35,107.25,123,29,37580,400.0,11128,48708,1176,12.51,0.163,3.794,15.62,35층 537㎡(34.4×15.6m) + 35층 537㎡(34.4×15.6m)
쌍둥이,3 쌍둥이,60+50,60,181.0,124,36,37580,400.0,15055,52635,763,8.12,0.205,3.805,10.01,60층 376㎡(33.6×11.2m) + 50층 301㎡(30.0×10.0m)
쌍둥이+저층부,4 쌍둥이+저층부,50+50,50,151.5,124,32,37580,400.0,12402,49982,3316,35.29,0.122,3.957,11.63,50층 298㎡(25.6×11.6m) + 50층 298㎡(25.6×11.6m) + 저층부 3층 3200㎡(66.9×47.8m)
타워+저층별동,5 저층별동,50,50,151.5,124,20,37580,400.0,9696,47276,2163,23.02,0.093,3.89,14.69,50층 432㎡(29.4×14.7m) + 저층부 10층 1600㎡(56.6×28.3m)
타워+저층별동,5 저층별동,50,50,151.5,124,26,37580,400.0,9696,47276,2163,23.02,0.126,3.884,14.69,50층 432㎡(29.4×14.7m) + 저층부 10층 1600㎡(56.6×28.3m)
쌍둥이+저층부,4 쌍둥이+저층부,50+50,50,151.5,124,32,37580,400.0,11954,49534,3321,35.35,0.157,3.845,13.64,50층 298㎡(21.8×13.6m) + 50층 298㎡(21.8×13.6m) + 저층부 3층 3200㎡(80.0×40.0m)
쌍둥이,3 쌍둥이,50+35,50,151.5,124,35,37580,400.0,13063,50643,945,10.05,0.223,3.826,10.36,50층 526㎡(39.7×13.2m) + 35층 322㎡(31.1×10.4m)
쌍둥이,3 쌍둥이,50+40,50,151.5,124,35,37580,400.0,13539,51119,923,9.82,0.243,3.813,11.19,50층 451㎡(36.8×12.3m) + 40층 376㎡(33.6×11.2m)
쌍둥이+저층부,4 쌍둥이+저층부,45+45,45,136.75,124,35,37580,400.0,11478,49058,2500,26.61,0.229,3.865,13.45,45층 434㎡(26.4×16.5m) + 45층 289㎡(21.5×13.4m) + 저층부 3층 2400㎡(58.0×41.4m)
쌍둥이+저층부,4 쌍둥이+저층부,35+35,35,107.25,124,34,37580,400.0,10253,47833,3316,35.29,0.209,3.954,12.61,35층 525㎡(34.0×15.4m) + 35층 350㎡(27.7×12.6m) + 저층부 3층 3200㎡(66.9×47.8m)
쌍둥이+저층부,4 쌍둥이+저층부,35+35,35,107.25,124,31,37580,400.0,9769,47349,4948,52.67,0.213,3.916,11.48,35층 435㎡(30.9×14.1m) + 35층 290㎡(25.2×11.5m) + 저층부 3층 4800㎡(98.0×49.0m)
쌍둥이+저층부,4 쌍둥이+저층부,35+35,35,107.25,124,36,37580,400.0,10297,47877,3316,35.29,0.312,3.879,14.1,35층 437㎡(31.0×14.1m) + 35층 437㎡(31.0×14.1m) + 저층부 3층 3200㎡(66.9×47.8m)
쌍둥이+저층부,4 쌍둥이+저층부,35+35,35,107.25,124,27,37580,400.0,9378,46958,4942,52.6,0.146,3.835,15.05,35층 362㎡(24.1×15.0m) + 35층 362㎡(24.1×15.0m) + 저층부 3층 4800㎡(82.0×58.6m)
타워+저층별동,5 저층별동,60,60,181.0,125,23,37580,400.0,10958,48538,2096,22.31,0.123,3.898,11.99,60층 360㎡(30.0×12.0m) + 저층부 10층 1600㎡(69.3×23.1m)
쌍둥이+저층부,4 쌍둥이+저층부,50+50,50,151.5,125,35,37580,400.0,11906,49486,3316,35.29,0.208,3.855,13.64,50층 298㎡(21.8×13.6m) + 50층 298㎡(21.8×13.6m) + 저층부 3층 3200㎡(66.9×47.8m)
단일,1a 방위·위치,45,45,136.75,125,32,37580,400.0,9041,46621,900,9.58,0.035,4.001,18.28,45층 835㎡(45.7×18.3m)
쌍둥이+저층부,4 쌍둥이+저층부,45+45,45,136.75,125,34,37580,400.0,10977,48557,4129,43.95,0.192,3.93,13.8,45층 305㎡(22.1×13.8m) + 45층 305㎡(22.1×13.8m) + 저층부 3층 4000㎡(74.8×53.5m)
쌍둥이+저층부,4 쌍둥이+저층부,45+45,45,136.75,125,36,37580,400.0,11030,48610,4135,44.01,0.133,3.823,13.8,45층 305㎡(22.1×13.8m) + 45층 305㎡(22.1×13.8m) + 저층부 3층 4000㎡(89.4×44.7m)
단일,1a 방위·위치,45,45,136.75,125,28,37580,400.0,9041,46621,900,9.58,0.111,3.785,18.28,45층 835㎡(45.7×18.3m)
쌍둥이+저층부,4 쌍둥이+저층부,40+40,40,122.0,125,33,37580,400.0,10332,47912,4129,43.95,0.157,3.976,14.7,40층 346㎡(23.5×14.7m) + 40층 346㎡(23.5×14.7m) + 저층부 3층 4000㎡(74.8×53.5m)
쌍둥이+저층부,4 쌍둥이+저층부,40+40,40,122.0,125,33,37580,400.0,10826,48406,2500,26.61,0.146,3.963,12.89,40층 365㎡(28.4×12.9m) + 40층 365㎡(28.4×12.9m) + 저층부 5층 2400㎡(58.0×41.4m)
쌍둥이+저층부,4 쌍둥이+저층부,40+40,40,122.0,125,35,37580,400.0,10752,48332,4129,43.95,0.199,3.939,12.53,40층 346㎡(27.6×12.5m) + 40층 346㎡(27.6×12.5m) + 저층부 3층 4000㎡(74.8×53.5m)
쌍둥이+저층부,4 쌍둥이+저층부,40+40,40,122.0,125,34,37580,400.0,10646,48226,3321,35.35,0.172,3.933,15.37,40층 378㎡(24.6×15.4m) + 40층 378㎡(24.6×15.4m) + 저층부 3층 3200㎡(80.0×40.0m)
쌍둥이+저층부,4 쌍둥이+저층부,40+40,40,122.0,125,33,37580,400.0,10417,47997,2500,26.61,0.192,3.932,15.11,40층 365㎡(24.2×15.1m) + 40층 365㎡(24.2×15.1m) + 저층부 5층 2400㎡(58.0×41.4m)
쌍둥이+저층부,4 쌍둥이+저층부,40+40,40,122.0,125,33,37580,400.0,10384,47964,4135,44.01,0.175,3.867,14.7,40층 346㎡(23.5×14.7m) + 40층 346㎡(23.5×14.7m) + 저층부 3층 4000㎡(89.4×44.7m)
쌍둥이+저층부,4 쌍둥이+저층부,40+40,40,122.0,125,28,37580,400.0,10419,47999,2505,26.66,0.23,3.846,11.96,40층 315㎡(26.3×12.0m) + 40층 315㎡(26.3×12.0m) + 저층부 7층 2400㎡(69.3×34.6m)
쌍둥이,3 쌍둥이,40+40,40,122.0,125,35,37580,400.0,12672,50252,1041,11.08,0.243,3.825,11.19,40층 564㎡(41.1×13.7m) + 40층 376㎡(33.6×11.2m)
쌍둥이,3 쌍둥이,40+35,40,122.0,125,29,37580,400.0,11516,49096,1091,11.61,0.203,3.789,13.97,40층 564㎡(35.2×16.0m) + 35층 429㎡(30.7×14.0m)
쌍둥이+저층부,4 쌍둥이+저층부,35+35,35,107.25,125,27,37580,400.0,9625,47205,4129,43.95,0.246,3.939,9.88,35층 293㎡(29.6×9.9m) + 35층 293㎡(29.6×9.9m) + 저층부 5층 4000㎡(74.8×53.5m)
쌍둥이+저층부,4 쌍둥이+저층부,35+35,35,107.25,125,32,37580,400.0,10264,47844,4942,52.6,0.072,3.864,9.83,35층 435㎡(36.1×12.0m) + 35층 290㎡(29.5×9.8m) + 저층부 3층 4800㎡(82.0×58.6m)
쌍둥이,3 쌍둥이,35+35,35,107.25,125,34,37580,400.0,11630,49210,1180,12.56,0.222,3.844,10.36,35층 752㎡(47.5×15.8m) + 35층 322㎡(31.1×10.4m)
쌍둥이,3 쌍둥이,60+55,60,181.0,126,35,37580,400.0,15434,53014,740,7.88,0.182,3.8,10.22,60층 313㎡(30.7×10.2m) + 55층 342㎡(32.0×10.7m)
단일,1a 방위·위치,45,45,136.75,126,21,37580,400.0,9041,46621,900,9.58,0.111,3.891,18.28,45층 835㎡(45.7×18.3m)
쌍둥이,3 쌍둥이,45+40,45,136.75,126,34,37580,400.0,12956,50536,963,10.25,0.099,3.85,9.69,45층 585㎡(41.9×14.0m) + 40층 282㎡(29.1×9.7m)
단일,1a 방위·위치,45,45,136.75,126,36,37580,400.0,9041,46621,900,9.58,0.151,3.845,18.28,45층 835㎡(45.7×18.3m)
쌍둥이,3 쌍둥이,45+40,45,136.75,126,37,37580,400.0,12956,50536,963,10.25,0.227,3.828,9.69,45층 585㎡(41.9×14.0m) + 40층 282㎡(29.1×9.7m)
쌍둥이,3 쌍둥이,45+40,45,136.75,126,29,37580,400.0,12328,49908,980,10.43,0.168,3.769,13.78,45층 418㎡(30.3×13.8m) + 40층 470㎡(32.1×14.6m)
쌍둥이+저층부,4 쌍둥이+저층부,40+40,40,122.0,126,36,37580,400.0,10332,47912,4129,43.95,0.098,3.9,14.7,40층 346㎡(23.5×14.7m) + 40층 346㎡(23.5×14.7m) + 저층부 3층 4000㎡(74.8×53.5m)
쌍둥이+저층부,4 쌍둥이+저층부,40+40,40,122.0,126,28,37580,400.0,11032,48612,4942,52.6,0.262,3.857,10.22,40층 313㎡(30.7×10.2m) + 40층 313㎡(30.7×10.2m) + 저층부 3층 4800㎡(82.0×58.6m)
쌍둥이,3 쌍둥이,40+35,40,122.0,126,36,37580,400.0,11380,48960,1076,11.45,0.276,3.839,12.1,40층 658㎡(38.0×17.3m) + 35층 322㎡(26.6×12.1m)
쌍둥이+저층부,4 쌍둥이+저층부,35+35,35,107.25,126,33,37580,400.0,9340,46920,4942,52.6,0.188,4.011,13.46,35층 435㎡(26.4×16.5m) + 35층 290㎡(21.5×13.5m) + 저층부 3층 4800㎡(82.0×58.6m)
타워+저층별동,5 저층별동,35,35,107.25,126,21,37580,400.0,8948,46528,2366,25.18,0.179,3.935,15.7,35층 617㎡(39.3×15.7m) + 저층부 10층 1600㎡(69.3×23.1m)
쌍둥이+저층부,4 쌍둥이+저층부,35+35,35,107.25,126,33,37580,400.0,9700,47280,4135,44.01,0.278,3.934,15.81,35층 400㎡(25.3×15.8m) + 35층 400㎡(25.3×15.8m) + 저층부 3층 4000㎡(89.4×44.7m)
쌍둥이+저층부,4 쌍둥이+저층부,35+35,35,107.25,126,34,37580,400.0,9378,46958,4942,52.6,0.306,3.923,15.05,35층 362㎡(24.1×15.0m) + 35층 362㎡(24.1×15.0m) + 저층부 3층 4800㎡(82.0×58.6m)
쌍둥이+저층부,4 쌍둥이+저층부,35+35,35,107.25,126,24,37580,400.0,9157,46737,4129,43.95,0.241,3.909,11.54,35층 293㎡(25.4×11.5m) + 35층 293㎡(25.4×11.5m) + 저층부 5층 4000㎡(74.8×53.5m)
쌍둥이+저층부,4 쌍둥이+저층부,35+35,35,107.25,126,29,37580,400.0,8931,46511,4135,44.01,0.11,3.903,13.53,35층 293㎡(21.7×13.5m) + 35층 293㎡(21.7×13.5m) + 저층부 5층 4000㎡(89.4×44.7m)
쌍둥이+저층부,4 쌍둥이+저층부,35+35,35,107.25,126,32,37580,400.0,9660,47240,4135,44.01,0.16,3.863,14.14,35층 480㎡(27.7×17.3m) + 35층 320㎡(22.6×14.1m) + 저층부 3층 4000㎡(89.4×44.7m)
타워+저층별동,5 저층별동,60,60,181.0,127,19,37580,400.0,10983,48563,2106,22.41,0.188,3.828,13.41,60층 360㎡(26.8×13.4m) + 저층부 10층 1600㎡(84.9×18.9m)
쌍둥이+저층부,4 쌍둥이+저층부,50+50,50,151.5,127,32,37580,400.0,12402,49982,3316,35.29,0.115,3.936,11.63,50층 298㎡(25.6×11.6m) + 50층 298㎡(25.6×11.6m) + 저층부 3층 3200㎡(66.9×47.8m)
쌍둥이+저층부,4 쌍둥이+저층부,50+50,50,151.5,127,24,37580,400.0,12166,49746,2500,26.61,0.065,3.909,11.37,50층 284㎡(25.0×11.4m) + 50층 284㎡(25.0×11.4m) + 저층부 5층 2400㎡(58.0×41.4m)
쌍둥이+저층부,4 쌍둥이+저층부,50+50,50,151.5,127,32,37580,400.0,11954,49534,3321,35.35,0.153,3.812,13.64,50층 298㎡(21.8×13.6m) + 50층 298㎡(21.8×13.6m) + 저층부 3층 3200㎡(80.0×40.0m)
단일,1a 방위·위치,45,45,136.75,127,31,37580,400.0,9041,46621,900,9.58,0.042,3.908,18.28,45층 835㎡(45.7×18.3m)
단일,1a 방위·위치,45,45,136.75,127,24,37580,400.0,9041,46621,900,9.58,0.124,3.87,18.28,45층 835㎡(45.7×18.3m)
단일,1a 방위·위치,45,45,136.75,127,36,37580,400.0,9041,46621,900,9.58,0.051,3.758,18.28,45층 835㎡(45.7×18.3m)
쌍둥이+저층부,4 쌍둥이+저층부,40+40,40,122.0,127,34,37580,400.0,10493,48073,4948,52.67,0.186,3.958,11.93,40층 313㎡(26.3×11.9m) + 40층 313㎡(26.3×11.9m) + 저층부 3층 4800㎡(98.0×49.0m)
쌍둥이+저층부,4 쌍둥이+저층부,40+40,40,122.0,127,35,37580,400.0,10554,48134,3316,35.29,0.239,3.89,13.75,40층 454㎡(26.9×16.8m) + 40층 302㎡(22.0×13.7m) + 저층부 3층 3200㎡(66.9×47.8m)
쌍둥이+저층부,4 쌍둥이+저층부,40+40,40,122.0,127,25,37580,400.0,11039,48619,3316,35.29,0.147,3.829,13.11,40층 378㎡(28.8×13.1m) + 40층 378㎡(28.8×13.1m) + 저층부 3층 3200㎡(66.9×47.8m)
쌍둥이+저층부,4 쌍둥이+저층부,40+40,40,122.0,127,32,37580,400.0,10911,48491,3316,35.29,0.199,3.826,10.14,40층 308㎡(30.4×10.1m) + 40층 308㎡(30.4×10.1m) + 저층부 5층 3200㎡(66.9×47.8m)
쌍둥이,3 쌍둥이,40+35,40,122.0,127,28,37580,400.0,11380,48960,1076,11.45,0.172,3.796,12.1,40층 658㎡(38.0×17.3m) + 35층 322㎡(26.6×12.1m)
쌍둥이+저층부,4 쌍둥이+저층부,35+35,35,107.25,127,32,37580,400.0,9157,46737,4129,43.95,0.174,3.992,11.54,35층 293㎡(25.4×11.5m) + 35층 293㎡(25.4×11.5m) + 저층부 5층 4000㎡(74.8×53.5m)
타워+저층별동,5 저층별동,35,35,107.25,127,19,37580,400.0,7910,45490,2936,31.25,0.149,3.956,13.93,35층 388㎡(27.9×13.9m) + 저층부 10층 2400㎡(69.3×34.6m)
쌍둥이+저층부,4 쌍둥이+저층부,35+35,35,107.25,127,35,37580,400.0,10039,47619,4129,43.95,0.293,3.915,13.48,35층 400㎡(29.7×13.5m) + 35층 400㎡(29.7×13.5m) + 저층부 3층 4000㎡(74.8×53.5m)
타워+저층별동,5 저층별동,35,35,107.25,127,21,37580,400.0,9469,47049,2366,25.18,0.102,3.912,12.42,35층 617㎡(49.7×12.4m) + 저층부 10층 1600㎡(56.6×28.3m)
쌍둥이+저층부,4 쌍둥이+저층부,35+35,35,107.25,127,36,37580,400.0,10622,48202,4129,43.95,0.239,3.903,11.54,35층 400㎡(34.6×11.5m) + 35층 400㎡(34.6×11.5m) + 저층부 3층 4000㎡(74.8×53.5m)
쌍둥이+저층부,4 쌍둥이+저층부,35+35,35,107.25,127,24,37580,400.0,8842,46422,4129,43.95,0.239,3.894,13.53,35층 293㎡(21.7×13.5m) + 35층 293㎡(21.7×13.5m) + 저층부 5층 4000㎡(74.8×53.5m)
쌍둥이+저층부,4 쌍둥이+저층부,35+35,35,107.25,127,32,37580,400.0,9402,46982,3321,35.35,0.334,3.879,14.99,35층 360㎡(24.0×15.0m) + 35층 360㎡(24.0×15.0m) + 저층부 5층 3200㎡(80.0×40.0m)
쌍둥이,3 쌍둥이,60+50,60,181.0,128,31,37580,400.0,15055,52635,763,8.12,0.16,3.763,10.01,60층 376㎡(33.6×11.2m) + 50층 301㎡(30.0×10.0m)
쌍둥이,3 쌍둥이,55+40,55,166.25,128,29,37580,400.0,13081,50661,873,9.3,0.191,3.767,13.07,55층 410㎡(30.0×13.7m) + 40층 376㎡(28.8×13.1m)
쌍둥이,3 쌍둥이,50+50,50,151.5,128,36,37580,400.0,13383,50963,837,8.91,0.205,3.797,11.69,50층 451㎡(31.5×14.3m) + 50층 301㎡(25.7×11.7m)
단일,1a 방위·위치,45,45,136.75,128,35,37580,400.0,9041,46621,900,9.58,0.068,4.016,18.28,45층 835㎡(45.7×18.3m)
쌍둥이,3 쌍둥이,45+35,45,136.75,128,29,37580,400.0,11934,49514,1026,10.92,0.201,3.778,13.97,45층 501㎡(33.2×15.1m) + 35층 429㎡(30.7×14.0m)
쌍둥이,3 쌍둥이,45+45,45,136.75,128,29,37580,400.0,12713,50293,925,9.85,0.168,3.762,13.78,45층 418㎡(30.3×13.8m) + 45층 418㎡(30.3×13.8m)
쌍둥이+저층부,4 쌍둥이+저층부,40+40,40,122.0,128,30,37580,400.0,10417,47997,2500,26.61,0.137,3.97,15.11,40층 365㎡(24.2×15.1m) + 40층 365㎡(24.2×15.1m) + 저층부 5층 2400㎡(58.0×41.4m)
쌍둥이+저층부,4 쌍둥이+저층부,40+40,40,122.0,128,36,37580,400.0,10054,47634,3321,35.35,0.243,3.917,13.88,40층 308㎡(22.2×13.9m) + 40층 308㎡(22.2×13.9m) + 저층부 5층 3200㎡(80.0×40.0m)
쌍둥이+저층부,4 쌍둥이+저층부,40+40,40,122.0,128,35,37580,400.0,9975,47555,3316,35.29,0.224,3.89,13.88,40층 308㎡(22.2×13.9m) + 40층 308㎡(22.2×13.9m) + 저층부 5층 3200㎡(66.9×47.8m)
쌍둥이+저층부,4 쌍둥이+저층부,40+40,40,122.0,128,34,37580,400.0,10384,47964,4135,44.01,0.299,3.883,14.7,40층 346㎡(23.5×14.7m) + 40층 346㎡(23.5×14.7m) + 저층부 3층 4000㎡(89.4×44.7m)
쌍둥이+저층부,4 쌍둥이+저층부,40+40,40,122.0,128,28,37580,400.0,10034,47614,4942,52.6,0.207,3.807,13.99,40층 313㎡(22.4×14.0m) + 40층 313㎡(22.4×14.0m) + 저층부 3층 4800㎡(82.0×58.6m)
쌍둥이+저층부,4 쌍둥이+저층부,35+35,35,107.25,128,30,37580,400.0,9157,46737,4129,43.95,0.168,4.02,11.54,35층 293㎡(25.4×11.5m) + 35층 293㎡(25.4×11.5m) + 저층부 5층 4000㎡(74.8×53.5m)
쌍둥이+저층부,4 쌍둥이+저층부,35+35,35,107.25,128,33,37580,400.0,10577,48157,4129,43.95,0.172,3.963,10.32,35층 480㎡(37.9×12.6m) + 35층 320㎡(31.0×10.3m) + 저층부 3층 4000㎡(74.8×53.5m)
쌍둥이+저층부,4 쌍둥이+저층부,35+35,35,107.25,128,34,37580,400.0,10577,48157,4129,43.95,0.249,3.935,10.32,35층 480㎡(37.9×12.6m) + 35층 320㎡(31.0×10.3m) + 저층부 3층 4000㎡(74.8×53.5m)
쌍둥이+저층부,4 쌍둥이+저층부,35+35,35,107.25,128,28,37580,400.0,9436,47016,4948,52.67,0.286,3.862,15.05,35층 362㎡(24.1×15.0m) + 35층 362㎡(24.1×15.0m) + 저층부 3층 4800㎡(98.0×49.0m)
쌍둥이,3 쌍둥이,60+40,60,181.0,129,29,37580,400.0,14331,51911,843,8.97,0.16,3.775,11.19,60층 376㎡(33.6×11.2m) + 40층 376㎡(33.6×11.2m)
쌍둥이,3 쌍둥이,55+40,55,166.25,129,29,37580,400.0,13943,51523,879,9.36,0.163,3.773,11.19,55층 410㎡(35.1×11.7m) + 40층 376㎡(33.6×11.2m)
쌍둥이,3 쌍둥이,50+50,50,151.5,129,31,37580,400.0,14263,51843,843,8.97,0.164,3.754,10.01,50층 451㎡(36.8×12.3m) + 50층 301㎡(30.0×10.0m)
단일,1a 방위·위치,45,45,136.75,129,27,37580,400.0,9041,46621,900,9.58,0.085,3.899,18.28,45층 835㎡(45.7×18.3m)
쌍둥이+저층부,4 쌍둥이+저층부,45+45,45,136.75,129,23,37580,400.0,11528,49108,2500,26.61,0.067,3.881,15.03,45층 362㎡(24.1×15.0m) + 45층 362㎡(24.1×15.0m) + 저층부 3층 2400㎡(58.0×41.4m)
쌍둥이,3 쌍둥이,45+35,45,136.75,129,33,37580,400.0,12610,50190,1006,10.71,0.099,3.858,10.36,45층 585㎡(41.9×14.0m) + 35층 322㎡(31.1×10.4m)
쌍둥이,3 쌍둥이,45+40,45,136.75,129,36,37580,400.0,12153,49733,957,10.18,0.258,3.827,11.32,45층 585㎡(35.9×16.3m) + 40층 282㎡(24.9×11.3m)
쌍둥이+저층부,4 쌍둥이+저층부,40+40,40,122.0,129,34,37580,400.0,10054,47634,3321,35.35,0.179,3.95,13.88,40층 308㎡(22.2×13.9m) + 40층 308㎡(22.2×13.9m) + 저층부 5층 3200㎡(80.0×40.0m)
쌍둥이+저층부,4 쌍둥이+저층부,40+40,40,122.0,129,32,37580,400.0,11090,48670,4948,52.67,0.191,3.896,10.22,40층 313㎡(30.7×10.2m) + 40층 313㎡(30.7×10.2m) + 저층부 3층 4800㎡(98.0×49.0m)
쌍둥이+저층부,4 쌍둥이+저층부,40+40,40,122.0,129,28,37580,400.0,9975,47555,3316,35.29,0.108,3.864,13.88,40층 308㎡(22.2×13.9m) + 40층 308㎡(22.2×13.9m) + 저층부 5층 3200㎡(66.9×47.8m)
쌍둥이+저층부,4 쌍둥이+저층부,40+40,40,122.0,129,25,37580,400.0,11644,49224,3316,35.29,0.105,3.808,10.04,40층 454㎡(36.9×12.3m) + 40층 302㎡(30.1×10.0m) + 저층부 3층 3200㎡(66.9×47.8m)
쌍둥이,3 쌍둥이,40+35,40,122.0,129,30,37580,400.0,10874,48454,1071,11.4,0.211,3.782,14.19,40층 658㎡(32.4×20.3m) + 35층 322㎡(22.7×14.2m)
쌍둥이+저층부,4 쌍둥이+저층부,35+35,35,107.25,129,35,37580,400.0,10297,47877,3316,35.29,0.293,3.91,14.1,35층 437㎡(31.0×14.1m) + 35층 437㎡(31.0×14.1m) + 저층부 3층 3200㎡(66.9×47.8m)
쌍둥이+저층부,4 쌍둥이+저층부,35+35,35,107.25,129,35,37580,400.0,10253,47833,3316,35.29,0.102,3.812,12.61,35층 525㎡(34.0×15.4m) + 35층 350㎡(27.7×12.6m) + 저층부 3층 3200㎡(66.9×47.8m)
쌍둥이,3 쌍둥이,60+40,60,181.0,130,29,37580,400.0,13383,50963,870,9.26,0.168,3.764,11.93,60층 313㎡(26.2×11.9m) + 40층 470㎡(32.1×14.6m)
쌍둥이,3 쌍둥이,60+60,60,181.0,130,30,37580,400.0,14824,52404,705,7.5,0.157,3.756,11.93,60층 313㎡(26.2×11.9m) + 60층 313㎡(26.2×11.9m)
쌍둥이+저층부,4 쌍둥이+저층부,50+50,50,151.5,130,35,37580,400.0,12705,50285,2500,26.61,0.161,3.901,12.12,50층 323㎡(26.7×12.1m) + 50층 323㎡(26.7×12.1m) + 저층부 3층 2400㎡(58.0×41.4m)
단일,1a 방위·위치,45,45,136.75,130,28,37580,400.0,9041,46621,900,9.58,0.097,3.871,18.28,45층 835㎡(45.7×18.3m)
쌍둥이+저층부,4 쌍둥이+저층부,40+40,40,122.0,130,35,37580,400.0,10752,48332,4129,43.95,0.195,3.941,12.53,40층 346㎡(27.6×12.5m) + 40층 346㎡(27.6×12.5m) + 저층부 3층 4000㎡(74.8×53.5m)
쌍둥이+저층부,4 쌍둥이+저층부,40+40,40,122.0,130,24,37580,400.0,10034,47614,4942,52.6,0.246,3.863,13.99,40층 313㎡(22.4×14.0m) + 40층 313㎡(22.4×14.0m) + 저층부 3층 4800㎡(82.0×58.6m)
쌍둥이+저층부,4 쌍둥이+저층부,40+40,40,122.0,130,30,37580,400.0,10435,48015,4942,52.6,0.263,3.856,11.93,40층 313㎡(26.3×11.9m) + 40층 313㎡(26.3×11.9m) + 저층부 3층 4800㎡(82.0×58.6m)
쌍둥이+저층부,4 쌍둥이+저층부,40+40,40,122.0,130,30,37580,400.0,10054,47634,3321,35.35,0.123,3.855,13.88,40층 308㎡(22.2×13.9m) + 40층 308㎡(22.2×13.9m) + 저층부 5층 3200㎡(80.0×40.0m)
쌍둥이+저층부,4 쌍둥이+저층부,35+35,35,107.25,130,35,37580,400.0,9648,47228,4129,43.95,0.291,3.91,15.81,35층 400㎡(25.3×15.8m) + 35층 400㎡(25.3×15.8m) + 저층부 3층 4000㎡(74.8×53.5m)
타워+저층별동,5 저층별동,60,60,181.0,131,21,37580,400.0,10732,48312,2089,22.23,0.093,3.937,11.99,60층 360㎡(30.0×12.0m) + 저층부 10층 1600㎡(56.6×28.3m)
쌍둥이,3 쌍둥이,55+45,55,166.25,131,34,37580,400.0,14314,51894,851,9.06,0.211,3.794,10.67,55층 342㎡(32.0×10.7m) + 45층 418㎡(35.4×11.8m)
쌍둥이+저층부,4 쌍둥이+저층부,50+50,50,151.5,131,30,37580,400.0,13142,50722,3316,35.29,0.224,3.793,9.96,50층 298㎡(29.9×10.0m) + 50층 298㎡(29.9×10.0m) + 저층부 3층 3200㎡(66.9×47.8m)
쌍둥이,3 쌍둥이,50+45,50,151.5,131,31,37580,400.0,13909,51489,878,9.35,0.164,3.761,10.55,50층 451㎡(36.8×12.3m) + 45층 334㎡(31.7×10.6m)
쌍둥이,3 쌍둥이,45+40,45,136.75,131,34,37580,400.0,12153,49733,957,10.18,0.14,3.847,11.32,45층 585㎡(35.9×16.3m) + 40층 282㎡(24.9×11.3m)
쌍둥이+저층부,4 쌍둥이+저층부,45+45,45,136.75,131,39,37580,400.0,11030,48610,4135,44.01,0.112,3.838,13.8,45층 305㎡(22.1×13.8m) + 45층 305㎡(22.1×13.8m) + 저층부 3층 4000㎡(89.4×44.7m)
쌍둥이,3 쌍둥이,45+45,45,136.75,131,36,37580,400.0,12653,50233,925,9.84,0.223,3.806,12.32,45층 501㎡(33.2×15.1m) + 45층 334㎡(27.1×12.3m)
단일,1a 방위·위치,45,45,136.75,131,31,37580,400.0,9041,46621,900,9.58,0.06,3.77,18.28,45층 835㎡(45.7×18.3m)
쌍둥이+저층부,4 쌍둥이+저층부,35+35,35,107.25,131,31,37580,400.0,10264,47844,4942,52.6,0.159,3.992,9.83,35층 435㎡(36.1×12.0m) + 35층 290㎡(29.5×9.8m) + 저층부 3층 4800㎡(82.0×58.6m)
쌍둥이+저층부,4 쌍둥이+저층부,35+35,35,107.25,131,35,37580,400.0,9711,47291,4942,52.6,0.269,3.96,11.48,35층 435㎡(30.9×14.1m) + 35층 290㎡(25.2×11.5m) + 저층부 3층 4800㎡(82.0×58.6m)
쌍둥이+저층부,4 쌍둥이+저층부,35+35,35,107.25,131,32,37580,400.0,10092,47672,4135,44.01,0.189,3.952,13.48,35층 400㎡(29.7×13.5m) + 35층 400㎡(29.7×13.5m) + 저층부 3층 4000㎡(89.4×44.7m)
쌍둥이+저층부,4 쌍둥이+저층부,35+35,35,107.25,131,33,37580,400.0,9340,46920,4942,52.6,0.256,3.91,13.46,35층 435㎡(26.4×16.5m) + 35층 290㎡(21.5×13.5m) + 저층부 3층 4800㎡(82.0×58.6m)
쌍둥이,3 쌍둥이,60+40,60,181.0,132,29,37580,400.0,12854,50434,833,8.87,0.205,3.751,15.33,60층 376㎡(24.5×15.3m) + 40층 376㎡(24.5×15.3m)
타워+저층별동,5 저층별동,55,55,166.25,132,26,37580,400.0,10591,48171,2131,22.68,0.129,3.875,12.53,55층 392㎡(31.3×12.5m) + 저층부 10층 1600㎡(69.3×23.1m)
쌍둥이,3 쌍둥이,55+50,55,166.25,132,35,37580,400.0,13798,51378,801,8.53,0.196,3.785,12.46,55층 342㎡(27.4×12.5m) + 50층 376㎡(28.8×13.1m)
쌍둥이+저층부,4 쌍둥이+저층부,45+45,45,136.75,132,35,37580,400.0,11964,49544,2500,26.61,0.165,3.916,11.47,45층 434㎡(30.9×14.0m) + 45층 289㎡(25.2×11.5m) + 저층부 3층 2400㎡(58.0×41.4m)
단일,1a 방위·위치,45,45,136.75,132,38,37580,400.0,9041,46621,900,9.58,0.113,3.837,18.28,45층 835㎡(45.7×18.3m)
단일,1a 방위·위치,45,45,136.75,132,30,37580,400.0,9041,46621,900,9.58,0.146,3.757,18.28,45층 835㎡(45.7×18.3m)
쌍둥이+저층부,4 쌍둥이+저층부,40+40,40,122.0,132,27,37580,400.0,10332,47912,4129,43.95,0.162,3.875,14.7,40층 346㎡(23.5×14.7m) + 40층 346㎡(23.5×14.7m) + 저층부 3층 4000㎡(74.8×53.5m)
쌍둥이+저층부,4 쌍둥이+저층부,35+35,35,107.25,132,31,37580,400.0,9769,47349,4948,52.67,0.152,4.001,11.48,35층 435㎡(30.9×14.1m) + 35층 290㎡(25.2×11.5m) + 저층부 3층 4800㎡(98.0×49.0m)
쌍둥이+저층부,4 쌍둥이+저층부,35+35,35,107.25,132,34,37580,400.0,9398,46978,4948,52.67,0.19,3.956,13.46,35층 435㎡(26.4×16.5m) + 35층 290㎡(21.5×13.5m) + 저층부 3층 4800㎡(98.0×49.0m)
타워+저층별동,5 저층별동,35,35,107.25,132,17,37580,400.0,8948,46528,2366,25.18,0.12,3.886,15.7,35층 617㎡(39.3×15.7m) + 저층부 10층 1600㎡(69.3×23.1m)
쌍둥이,3 쌍둥이,60+35,60,181.0,133,34,37580,400.0,13911,51491,852,9.07,0.115,3.86,10.36,60층 438㎡(36.3×12.1m) + 35층 322㎡(31.1×10.4m)
쌍둥이,3 쌍둥이,60+50,60,181.0,133,29,37580,400.0,15062,52642,777,8.27,0.136,3.757,10.22,60층 313㎡(30.7×10.2m) + 50층 376㎡(33.6×11.2m)
타워+저층별동,5 저층별동,50,50,151.5,133,30,37580,400.0,9922,47502,2170,23.1,0.144,3.899,14.69,50층 432㎡(29.4×14.7m) + 저층부 10층 1600㎡(69.3×23.1m)
쌍둥이,3 쌍둥이,50+40,50,151.5,133,33,37580,400.0,12133,49713,932,9.92,0.23,3.782,15.33,50층 376㎡(24.5×15.3m) + 40층 470㎡(27.4×17.1m)
쌍둥이,3 쌍둥이,50+50,50,151.5,133,30,37580,400.0,13383,50963,837,8.91,0.192,3.752,11.69,50층 451㎡(31.5×14.3m) + 50층 301㎡(25.7×11.7m)
쌍둥이+저층부,4 쌍둥이+저층부,45+45,45,136.75,133,30,37580,400.0,12146,49726,4135,44.01,0.105,3.977,10.08,45층 305㎡(30.2×10.1m) + 45층 305㎡(30.2×10.1m) + 저층부 3층 4000㎡(89.4×44.7m)
단일,1a 방위·위치,45,45,136.75,133,30,37580,400.0,9041,46621,900,9.58,0.118,3.946,18.28,45층 835㎡(45.7×18.3m)
단일,1a 방위·위치,45,45,136.75,133,29,37580,400.0,9041,46621,900,9.58,0.116,3.897,18.28,45층 835㎡(45.7×18.3m)
단일,1a 방위·위치,45,45,136.75,133,36,37580,400.0,9041,46621,900,9.58,0.159,3.782,18.28,45층 835㎡(45.7×18.3m)
단일,1a 방위·위치,45,45,136.75,133,36,37580,400.0,9041,46621,900,9.58,0.108,3.743,18.28,45층 835㎡(45.7×18.3m)
단일,1a 방위·위치,45,45,136.75,133,29,37580,400.0,9041,46621,900,9.58,0.149,3.738,18.28,45층 835㎡(45.7×18.3m)
쌍둥이+저층부,4 쌍둥이+저층부,40+40,40,122.0,133,29,37580,400.0,11086,48666,3321,35.35,0.099,3.977,13.11,40층 378㎡(28.8×13.1m) + 40층 378㎡(28.8×13.1m) + 저층부 3층 3200㎡(80.0×40.0m)
쌍둥이,3 쌍둥이,40+35,40,122.0,133,33,37580,400.0,11004,48584,1087,11.57,0.267,3.816,16.38,40층 564㎡(30.0×18.8m) + 35층 429㎡(26.2×16.4m)
쌍둥이+저층부,4 쌍둥이+저층부,35+35,35,107.25,133,33,37580,400.0,9378,46958,4942,52.6,0.168,3.904,15.05,35층 362㎡(24.1×15.0m) + 35층 362㎡(24.1×15.0m) + 저층부 3층 4800㎡(82.0×58.6m)
쌍둥이+저층부,4 쌍둥이+저층부,35+35,35,107.25,133,27,37580,400.0,9809,47389,4948,52.67,0.183,3.881,12.83,35층 362㎡(28.2×12.8m) + 35층 362㎡(28.2×12.8m) + 저층부 3층 4800㎡(98.0×49.0m)
쌍둥이+저층부,4 쌍둥이+저층부,35+35,35,107.25,133,17,37580,400.0,9751,47331,4942,52.6,0.08,3.876,12.83,35층 362㎡(28.2×12.8m) + 35층 362㎡(28.2×12.8m) + 저층부 3층 4800㎡(82.0×58.6m)
쌍둥이+저층부,4 쌍둥이+저층부,35+35,35,107.25,133,26,37580,400.0,10264,47844,4942,52.6,0.233,3.86,9.83,35층 435㎡(36.1×12.0m) + 35층 290㎡(29.5×9.8m) + 저층부 3층 4800㎡(82.0×58.6m)
타워+저층별동,5 저층별동,55,55,166.25,134,31,37580,400.0,11301,48881,2129,22.66,0.071,3.902,9.9,55층 392㎡(39.6×9.9m) + 저층부 10층 1600㎡(56.6×28.3m)
쌍둥이,3 쌍둥이,55+40,55,166.25,134,35,37580,400.0,13905,51485,906,9.64,0.158,3.842,10.67,55층 342㎡(32.0×10.7m) + 40층 470㎡(37.5×12.5m)
쌍둥이,3 쌍둥이,55+55,55,166.25,134,34,37580,400.0,13527,51107,761,8.1,0.181,3.768,14.61,55층 342㎡(23.4×14.6m) + 55층 342㎡(23.4×14.6m)
쌍둥이,3 쌍둥이,50+35,50,151.5,134,33,37580,400.0,13063,50643,945,10.05,0.107,3.853,10.36,50층 526㎡(39.7×13.2m) + 35층 322㎡(31.1×10.4m)
단일,1a 방위·위치,45,45,136.75,134,32,37580,400.0,9041,46621,900,9.58,0.054,4.026,18.28,45층 835㎡(45.7×18.3m)
단일,1a 방위·위치,45,45,136.75,134,33,37580,400.0,9041,46621,900,9.58,0.092,3.968,18.28,45층 835㎡(45.7×18.3m)
쌍둥이+저층부,4 쌍둥이+저층부,45+45,45,136.75,134,29,37580,400.0,11317,48897,3321,35.35,0.107,3.955,14.43,45층 333㎡(23.1×14.4m) + 45층 333㎡(23.1×14.4m) + 저층부 3층 3200㎡(80.0×40.0m)
쌍둥이,3 쌍둥이,45+35,45,136.75,134,32,37580,400.0,12709,50289,1057,11.25,0.16,3.854,11.8,45층 418㎡(35.4×11.8m) + 35층 537㎡(40.1×13.4m)
쌍둥이+저층부,4 쌍둥이+저층부,45+45,45,136.75,134,32,37580,400.0,12093,49673,4129,43.95,0.211,3.852,10.08,45층 305㎡(30.2×10.1m) + 45층 305㎡(30.2×10.1m) + 저층부 3층 4000㎡(74.8×53.5m)
단일,1a 방위·위치,45,45,136.75,134,35,37580,400.0,9041,46621,900,9.58,0.139,3.839,18.28,45층 835㎡(45.7×18.3m)
쌍둥이+저층부,4 쌍둥이+저층부,45+45,45,136.75,134,33,37580,400.0,11738,49318,3316,35.29,0.193,3.788,12.3,45층 333㎡(27.1×12.3m) + 45층 333㎡(27.1×12.3m) + 저층부 3층 3200㎡(66.9×47.8m)
쌍둥이+저층부,4 쌍둥이+저층부,40+40,40,122.0,134,27,37580,400.0,10351,47931,3316,35.29,0.135,3.98,11.84,40층 308㎡(26.0×11.8m) + 40층 308㎡(26.0×11.8m) + 저층부 5층 3200㎡(66.9×47.8m)
쌍둥이+저층부,4 쌍둥이+저층부,40+40,40,122.0,134,30,37580,400.0,10435,48015,4942,52.6,0.263,3.889,11.93,40층 313㎡(26.3×11.9m) + 40층 313㎡(26.3×11.9m) + 저층부 3층 4800㎡(82.0×58.6m)
쌍둥이+저층부,4 쌍둥이+저층부,35+35,35,107.25,134,32,37580,400.0,9751,47331,4942,52.6,0.175,3.986,12.83,35층 362㎡(28.2×12.8m) + 35층 362㎡(28.2×12.8m) + 저층부 3층 4800㎡(82.0×58.6m)
쌍둥이+저층부,4 쌍둥이+저층부,35+35,35,107.25,134,32,37580,400.0,9245,46825,4135,44.01,0.217,3.979,11.54,35층 293㎡(25.4×11.5m) + 35층 293㎡(25.4×11.5m) + 저층부 5층 4000㎡(89.4×44.7m)
쌍둥이+저층부,4 쌍둥이+저층부,35+35,35,107.25,134,25,37580,400.0,9634,47214,3316,35.29,0.296,3.888,11.44,35층 432㎡(30.8×14.0m) + 35층 288㎡(25.2×11.4m) + 저층부 5층 3200㎡(66.9×47.8m)
쌍둥이+저층부,4 쌍둥이+저층부,35+35,35,107.25,134,26,37580,400.0,9809,47389,4948,52.67,0.057,3.88,12.83,35층 362㎡(28.2×12.8m) + 35층 362㎡(28.2×12.8m) + 저층부 3층 4800㎡(98.0×49.0m)
쌍둥이,3 쌍둥이,60+50,60,181.0,135,31,37580,400.0,13508,51088,754,8.02,0.205,3.732,13.71,60층 376㎡(24.5×15.3m) + 50층 301㎡(21.9×13.7m)
쌍둥이+저층부,4 쌍둥이+저층부,50+50,50,151.5,135,31,37580,400.0,11702,49282,2500,26.61,0.073,3.8,13.33,50층 284㎡(21.3×13.3m) + 50층 284㎡(21.3×13.3m) + 저층부 5층 2400㎡(58.0×41.4m)
쌍둥이+저층부,4 쌍둥이+저층부,45+45,45,136.75,135,31,37580,400.0,10977,48557,4129,43.95,0.129,3.954,13.8,45층 305㎡(22.1×13.8m) + 45층 305㎡(22.1×13.8m) + 저층부 3층 4000㎡(74.8×53.5m)
단일,1a 방위·위치,45,45,136.75,135,31,37580,400.0,9041,46621,900,9.58,0.151,3.881,18.28,45층 835㎡(45.7×18.3m)
쌍둥이,3 쌍둥이,45+45,45,136.75,135,33,37580,400.0,12713,50293,925,9.85,0.183,3.835,13.78,45층 418㎡(30.3×13.8m) + 45층 418㎡(30.3×13.8m)
단일,1a 방위·위치,45,45,136.75,135,32,37580,400.0,9041,46621,900,9.58,0.115,3.833,18.28,45층 835㎡(45.7×18.3m)
단일,1a 방위·위치,45,45,136.75,135,34,37580,400.0,9041,46621,900,9.58,0.103,3.691,18.28,45층 835㎡(45.7×18.3m)
쌍둥이+저층부,4 쌍둥이+저층부,40+40,40,122.0,135,35,37580,400.0,10034,47614,4942,52.6,0.22,3.944,13.99,40층 313㎡(22.4×14.0m) + 40층 313㎡(22.4×14.0m) + 저층부 3층 4800㎡(82.0×58.6m)
타워+저층별동,5 저층별동,40,40,122.0,135,23,37580,400.0,9391,46971,2285,24.32,0.111,3.88,14.69,40층 540㎡(36.7×14.7m) + 저층부 10층 1600㎡(69.3×23.1m)
쌍둥이+저층부,4 쌍둥이+저층부,40+40,40,122.0,135,29,37580,400.0,11380,48960,4129,43.95,0.157,3.871,10.73,40층 346㎡(32.2×10.7m) + 40층 346㎡(32.2×10.7m) + 저층부 3층 4000㎡(74.8×53.5m)
쌍둥이+저층부,4 쌍둥이+저층부,40+40,40,122.0,135,27,37580,400.0,10092,47672,4948,52.67,0.111,3.836,13.99,40층 313㎡(22.4×14.0m) + 40층 313㎡(22.4×14.0m) + 저층부 3층 4800㎡(98.0×49.0m)
쌍둥이+저층부,4 쌍둥이+저층부,35+35,35,107.25,135,31,37580,400.0,10622,48202,4129,43.95,0.15,3.98,11.54,35층 400㎡(34.6×11.5m) + 35층 400㎡(34.6×11.5m) + 저층부 3층 4000㎡(74.8×53.5m)
쌍둥이+저층부,4 쌍둥이+저층부,35+35,35,107.25,135,29,37580,400.0,8842,46422,4129,43.95,0.166,3.958,13.53,35층 293㎡(21.7×13.5m) + 35층 293㎡(21.7×13.5m) + 저층부 5층 4000㎡(74.8×53.5m)
쌍둥이+저층부,4 쌍둥이+저층부,35+35,35,107.25,135,32,37580,400.0,10306,47886,4942,52.6,0.227,3.862,10.99,35층 362㎡(33.0×11.0m) + 35층 362㎡(33.0×11.0m) + 저층부 3층 4800㎡(82.0×58.6m)
타워+저층별동,5 저층별동,60,60,181.0,136,12,37580,400.0,11616,49196,2118,22.54,0.123,3.844,11.99,60층 360㎡(30.0×12.0m) + 저층부 10층 1600㎡(98.0×16.3m)
쌍둥이,3 쌍둥이,55+35,55,166.25,136,35,37580,400.0,12661,50241,888,9.46,0.143,3.851,12.1,55층 478㎡(32.4×14.7m) + 35층 322㎡(26.6×12.1m)
쌍둥이,3 쌍둥이,50+40,50,151.5,136,36,37580,400.0,12579,50159,896,9.53,0.258,3.817,11.32,50층 526㎡(34.0×15.5m) + 40층 282㎡(24.9×11.3m)
단일,1a 방위·위치,45,45,136.75,136,30,37580,400.0,9041,46621,900,9.58,0.058,3.856,18.28,45층 835㎡(45.7×18.3m)
쌍둥이+저층부,4 쌍둥이+저층부,45+45,45,136.75,136,33,37580,400.0,11030,48610,4135,44.01,0.215,3.835,13.8,45층 305㎡(22.1×13.8m) + 45층 305㎡(22.1×13.8m) + 저층부 3층 4000㎡(89.4×44.7m)
단일,1a 방위·위치,45,45,136.75,136,31,37580,400.0,9041,46621,900,9.58,0.174,3.769,18.28,45층 835㎡(45.7×18.3m)
쌍둥이,3 쌍둥이,40+40,40,122.0,136,33,37580,400.0,11942,49522,1035,11.02,0.198,3.844,14.61,40층 470㎡(32.1×14.6m) + 40층 470㎡(32.1×14.6m)
쌍둥이+저층부,4 쌍둥이+저층부,35+35,35,107.25,136,30,37580,400.0,9378,46958,4942,52.6,0.155,3.986,15.05,35층 362㎡(24.1×15.0m) + 35층 362㎡(24.1×15.0m) + 저층부 3층 4800㎡(82.0×58.6m)
쌍둥이,3 쌍둥이,55+35,55,166.25,137,27,37580,400.0,12079,49659,966,10.28,0.203,3.748,14.61,55층 342㎡(23.4×14.6m) + 35층 537㎡(29.3×18.3m)
쌍둥이,3 쌍둥이,55+45,55,166.25,137,30,37580,400.0,12839,50419,825,8.78,0.214,3.74,14.45,55층 410㎡(25.6×16.0m) + 45층 334㎡(23.1×14.4m)
쌍둥이,3 쌍둥이,50+45,50,151.5,137,30,37580,400.0,12474,50054,868,9.24,0.223,3.738,14.45,50층 451㎡(26.9×16.8m) + 45층 334㎡(23.1×14.4m)
단일,1a 방위·위치,45,45,136.75,137,36,37580,400.0,9041,46621,900,9.58,0.055,3.846,18.28,45층 835㎡(45.7×18.3m)
단일,1a 방위·위치,45,45,136.75,137,35,37580,400.0,9041,46621,900,9.58,0.07,3.796,18.28,45층 835㎡(45.7×18.3m)
단일,1a 방위·위치,45,45,136.75,137,32,37580,400.0,9041,46621,900,9.58,0.154,3.794,18.28,45층 835㎡(45.7×18.3m)
단일,1a 방위·위치,45,45,136.75,137,28,37580,400.0,9041,46621,900,9.58,0.087,3.772,18.28,45층 835㎡(45.7×18.3m)
쌍둥이+저층부,4 쌍둥이+저층부,35+35,35,107.25,137,22,37580,400.0,9700,47280,4135,44.01,0.117,3.915,15.81,35층 400㎡(25.3×15.8m) + 35층 400㎡(25.3×15.8m) + 저층부 3층 4000㎡(89.4×44.7m)
쌍둥이+저층부,4 쌍둥이+저층부,35+35,35,107.25,137,28,37580,400.0,10264,47844,4942,52.6,0.224,3.891,9.83,35층 435㎡(36.1×12.0m) + 35층 290㎡(29.5×9.8m) + 저층부 3층 4800㎡(82.0×58.6m)
쌍둥이+저층부,4 쌍둥이+저층부,35+35,35,107.25,137,23,37580,400.0,9378,46958,4942,52.6,0.066,3.887,15.05,35층 362㎡(24.1×15.0m) + 35층 362㎡(24.1×15.0m) + 저층부 3층 4800㎡(82.0×58.6m)
쌍둥이+저층부,4 쌍둥이+저층부,35+35,35,107.25,137,33,37580,400.0,9157,46737,4129,43.95,0.258,3.873,11.54,35층 293㎡(25.4×11.5m) + 35층 293㎡(25.4×11.5m) + 저층부 5층 4000㎡(74.8×53.5m)
쌍둥이+저층부,4 쌍둥이+저층부,35+35,35,107.25,137,33,37580,400.0,8842,46422,4129,43.95,0.32,3.852,13.53,35층 293㎡(21.7×13.5m) + 35층 293㎡(21.7×13.5m) + 저층부 5층 4000㎡(74.8×53.5m)
쌍둥이,3 쌍둥이,55+35,55,166.25,138,30,37580,400.0,12101,49681,884,9.41,0.196,3.765,14.19,55층 478㎡(27.7×17.3m) + 35층 322㎡(22.7×14.2m)
단일,1a 방위·위치,45,45,136.75,138,30,37580,400.0,9041,46621,900,9.58,0.121,3.986,18.28,45층 835㎡(45.7×18.3m)
쌍둥이+저층부,4 쌍둥이+저층부,45+45,45,136.75,138,32,37580,400.0,12146,49726,4135,44.01,0.142,3.933,10.08,45층 305㎡(30.2×10.1m) + 45층 305㎡(30.2×10.1m) + 저층부 3층 4000㎡(89.4×44.7m)
단일,1a 방위·위치,45,45,136.75,138,34,37580,400.0,9041,46621,900,9.58,0.126,3.913,18.28,45층 835㎡(45.7×18.3m)
단일,1a 방위·위치,45,45,136.75,138,35,37580,400.0,9041,46621,900,9.58,0.161,3.892,18.28,45층 835㎡(45.7×18.3m)
쌍둥이+저층부,4 쌍둥이+저층부,40+40,40,122.0,138,32,37580,400.0,10752,48332,4129,43.95,0.14,3.957,12.53,40층 346㎡(27.6×12.5m) + 40층 346㎡(27.6×12.5m) + 저층부 3층 4000㎡(74.8×53.5m)
쌍둥이+저층부,4 쌍둥이+저층부,40+40,40,122.0,138,31,37580,400.0,10554,48134,3316,35.29,0.128,3.948,13.75,40층 454㎡(26.9×16.8m) + 40층 302㎡(22.0×13.7m) + 저층부 3층 3200㎡(66.9×47.8m)
쌍둥이+저층부,4 쌍둥이+저층부,40+40,40,122.0,138,27,37580,400.0,10485,48065,2505,26.66,0.115,3.767,15.11,40층 365㎡(24.2×15.1m) + 40층 365㎡(24.2×15.1m) + 저층부 5층 2400㎡(69.3×34.6m)
쌍둥이+저층부,4 쌍둥이+저층부,35+35,35,107.25,138,29,37580,400.0,8931,46511,4135,44.01,0.215,3.946,13.53,35층 293㎡(21.7×13.5m) + 35층 293㎡(21.7×13.5m) + 저층부 5층 4000㎡(89.4×44.7m)
타워+저층별동,5 저층별동,60,60,181.0,139,23,37580,400.0,11652,49232,2094,22.28,0.058,3.913,9.59,60층 360㎡(37.5×9.6m) + 저층부 10층 1600㎡(56.6×28.3m)
단일,1a 방위·위치,45,45,136.75,139,31,37580,400.0,9041,46621,900,9.58,0.054,3.992,18.28,45층 835㎡(45.7×18.3m)
단일,1a 방위·위치,45,45,136.75,139,31,37580,400.0,9041,46621,900,9.58,0.09,3.842,18.28,45층 835㎡(45.7×18.3m)
단일,1a 방위·위치,45,45,136.75,139,34,37580,400.0,9041,46621,900,9.58,0.141,3.842,18.28,45층 835㎡(45.7×18.3m)
쌍둥이,3 쌍둥이,45+40,45,136.75,139,34,37580,400.0,11781,49361,976,10.39,0.197,3.827,16.15,45층 418㎡(25.8×16.2m) + 40층 470㎡(27.4×17.1m)
단일,1a 방위·위치,45,45,136.75,139,34,37580,400.0,9041,46621,900,9.58,0.076,3.824,18.28,45층 835㎡(45.7×18.3m)
단일,1a 방위·위치,45,45,136.75,139,32,37580,400.0,9041,46621,900,9.58,0.176,3.822,18.28,45층 835㎡(45.7×18.3m)
단일,1a 방위·위치,45,45,136.75,139,36,37580,400.0,9041,46621,900,9.58,0.091,3.73,18.28,45층 835㎡(45.7×18.3m)
타워+저층별동,5 저층별동,55,55,166.25,140,31,37580,400.0,10064,47644,2121,22.58,0.096,3.913,14.01,55층 392㎡(28.0×14.0m) + 저층부 10층 1600㎡(56.6×28.3m)
쌍둥이,3 쌍둥이,55+45,55,166.25,140,35,37580,400.0,14314,51894,835,8.89,0.134,3.836,10.55,55층 410㎡(35.1×11.7m) + 45층 334㎡(31.7×10.6m)
쌍둥이+저층부,4 쌍둥이+저층부,50+50,50,151.5,140,35,37580,400.0,11954,49534,3321,35.35,0.146,3.906,13.64,50층 298㎡(21.8×13.6m) + 50층 298㎡(21.8×13.6m) + 저층부 3층 3200㎡(80.0×40.0m)
단일,1a 방위·위치,45,45,136.75,140,35,37580,400.0,9041,46621,900,9.58,0.063,3.955,18.28,45층 835㎡(45.7×18.3m)
단일,1a 방위·위치,45,45,136.75,140,33,37580,400.0,9041,46621,900,9.58,0.042,3.949,18.28,45층 835㎡(45.7×18.3m)
단일,1a 방위·위치,45,45,136.75,140,35,37580,400.0,9041,46621,900,9.58,0.032,3.78,18.28,45층 835㎡(45.7×18.3m)
쌍둥이+저층부,4 쌍둥이+저층부,40+40,40,122.0,140,35,37580,400.0,11090,48670,4948,52.67,0.122,3.9,10.22,40층 313㎡(30.7×10.2m) + 40층 313㎡(30.7×10.2m) + 저층부 3층 4800㎡(98.0×49.0m)
쌍둥이+저층부,4 쌍둥이+저층부,40+40,40,122.0,140,33,37580,400.0,10092,47672,4948,52.67,0.184,3.894,13.99,40층 313㎡(22.4×14.0m) + 40층 313㎡(22.4×14.0m) + 저층부 3층 4800㎡(98.0×49.0m)
쌍둥이,3 쌍둥이,40+35,40,122.0,140,32,37580,400.0,10874,48454,1071,11.4,0.172,3.846,14.19,40층 658㎡(32.4×20.3m) + 35층 322㎡(22.7×14.2m)
쌍둥이+저층부,4 쌍둥이+저층부,40+40,40,122.0,140,29,37580,400.0,10589,48169,3332,35.46,0.191,3.837,11.84,40층 308㎡(26.0×11.8m) + 40층 308㎡(26.0×11.8m) + 저층부 5층 3200㎡(98.0×32.7m)
쌍둥이+저층부,4 쌍둥이+저층부,35+35,35,107.25,140,27,37580,400.0,8931,46511,4135,44.01,0.198,3.936,13.53,35층 293㎡(21.7×13.5m) + 35층 293㎡(21.7×13.5m) + 저층부 5층 4000㎡(89.4×44.7m)
쌍둥이+저층부,4 쌍둥이+저층부,35+35,35,107.25,140,27,37580,400.0,9750,47330,3321,35.35,0.116,3.93,12.79,35층 360㎡(28.1×12.8m) + 35층 360㎡(28.1×12.8m) + 저층부 5층 3200㎡(80.0×40.0m)
쌍둥이+저층부,4 쌍둥이+저층부,35+35,35,107.25,140,28,37580,400.0,9751,47331,4942,52.6,0.228,3.872,12.83,35층 362㎡(28.2×12.8m) + 35층 362㎡(28.2×12.8m) + 저층부 3층 4800㎡(82.0×58.6m)
쌍둥이,3 쌍둥이,60+45,60,181.0,141,35,37580,400.0,13796,51376,793,8.44,0.159,3.835,12.32,60층 376㎡(28.8×13.1m) + 45층 334㎡(27.1×12.3m)
쌍둥이+저층부,4 쌍둥이+저층부,50+50,50,151.5,141,35,37580,400.0,12188,49768,2500,26.61,0.159,3.884,14.21,50층 323㎡(22.7×14.2m) + 50층 323㎡(22.7×14.2m) + 저층부 3층 2400㎡(58.0×41.4m)
쌍둥이+저층부,4 쌍둥이+저층부,50+50,50,151.5,141,33,37580,400.0,11906,49486,3316,35.29,0.177,3.767,13.64,50층 298㎡(21.8×13.6m) + 50층 298㎡(21.8×13.6m) + 저층부 3층 3200㎡(66.9×47.8m)
쌍둥이,3 쌍둥이,45+45,45,136.75,141,34,37580,400.0,12151,49731,921,9.8,0.182,3.817,16.15,45층 418㎡(25.8×16.2m) + 45층 418㎡(25.8×16.2m)
단일,1a 방위·위치,45,45,136.75,141,34,37580,400.0,9041,46621,900,9.58,0.078,3.769,18.28,45층 835㎡(45.7×18.3m)
쌍둥이+저층부,4 쌍둥이+저층부,40+40,40,122.0,141,32,37580,400.0,11433,49013,4135,44.01,0.167,3.874,10.73,40층 346㎡(32.2×10.7m) + 40층 346㎡(32.2×10.7m) + 저층부 3층 4000㎡(89.4×44.7m)
쌍둥이+저층부,4 쌍둥이+저층부,40+40,40,122.0,141,28,37580,400.0,10034,47614,4942,52.6,0.132,3.816,13.99,40층 313㎡(22.4×14.0m) + 40층 313㎡(22.4×14.0m) + 저층부 3층 4800㎡(82.0×58.6m)
쌍둥이+저층부,4 쌍둥이+저층부,35+35,35,107.25,141,32,37580,400.0,9398,46978,4948,52.67,0.076,3.871,13.46,35층 435㎡(26.4×16.5m) + 35층 290㎡(21.5×13.5m) + 저층부 3층 4800㎡(98.0×49.0m)
쌍둥이,3 쌍둥이,60+35,60,181.0,142,33,37580,400.0,13078,50658,894,9.51,0.159,3.849,13.07,60층 376㎡(28.8×13.1m) + 35층 429㎡(30.7×14.0m)
쌍둥이+저층부,4 쌍둥이+저층부,50+50,50,151.5,142,28,37580,400.0,12049,49629,3332,35.46,0.191,3.834,13.64,50층 298㎡(21.8×13.6m) + 50층 298㎡(21.8×13.6m) + 저층부 3층 3200㎡(98.0×32.7m)
쌍둥이,3 쌍둥이,50+35,50,151.5,142,30,37580,400.0,11711,49291,934,9.94,0.202,3.761,14.19,50층 526㎡(29.0×18.1m) + 35층 322㎡(22.7×14.2m)
단일,1a 방위·위치,45,45,136.75,142,31,37580,400.0,9041,46621,900,9.58,0.08,3.969,18.28,45층 835㎡(45.7×18.3m)
단일,1a 방위·위치,45,45,136.75,142,29,37580,400.0,9041,46621,900,9.58,0.033,3.83,18.28,45층 835㎡(45.7×18.3m)
단일,1a 방위·위치,45,45,136.75,142,37,37580,400.0,9041,46621,900,9.58,0.171,3.731,18.28,45층 835㎡(45.7×18.3m)
쌍둥이+저층부,4 쌍둥이+저층부,40+40,40,122.0,142,34,37580,400.0,10805,48385,4135,44.01,0.24,3.851,12.53,40층 346㎡(27.6×12.5m) + 40층 346㎡(27.6×12.5m) + 저층부 3층 4000㎡(89.4×44.7m)
쌍둥이+저층부,4 쌍둥이+저층부,35+35,35,107.25,142,32,37580,400.0,8842,46422,4129,43.95,0.246,3.942,13.53,35층 293㎡(21.7×13.5m) + 35층 293㎡(21.7×13.5m) + 저층부 5층 4000㎡(74.8×53.5m)
쌍둥이+저층부,4 쌍둥이+저층부,35+35,35,107.25,142,29,37580,400.0,9366,46946,3321,35.35,0.278,3.84,13.41,35층 432㎡(26.3×16.4m) + 35층 288㎡(21.5×13.4m) + 저층부 5층 3200㎡(80.0×40.0m)
쌍둥이,3 쌍둥이,55+35,55,166.25,143,33,37580,400.0,12101,49681,884,9.41,0.167,3.834,14.19,55층 478㎡(27.7×17.3m) + 35층 322㎡(22.7×14.2m)
쌍둥이,3 쌍둥이,50+50,50,151.5,143,35,37580,400.0,12793,50373,833,8.87,0.178,3.81,13.71,50층 451㎡(26.9×16.8m) + 50층 301㎡(21.9×13.7m)
단일,1a 방위·위치,45,45,136.75,143,35,37580,400.0,9041,46621,900,9.58,0.1,3.932,18.28,45층 835㎡(45.7×18.3m)
쌍둥이+저층부,4 쌍둥이+저층부,45+45,45,136.75,143,34,37580,400.0,11738,49318,3316,35.29,0.183,3.838,12.3,45층 333㎡(27.1×12.3m) + 45층 333㎡(27.1×12.3m) + 저층부 3층 3200㎡(66.9×47.8m)
단일,1a 방위·위치,45,45,136.75,143,36,37580,400.0,9041,46621,900,9.58,0.138,3.765,18.28,45층 835㎡(45.7×18.3m)
단일,1a 방위·위치,45,45,136.75,143,30,37580,400.0,9041,46621,900,9.58,0.093,3.705,18.28,45층 835㎡(45.7×18.3m)
쌍둥이+저층부,4 쌍둥이+저층부,40+40,40,122.0,143,32,37580,400.0,10034,47614,4942,52.6,0.27,3.833,13.99,40층 313㎡(22.4×14.0m) + 40층 313㎡(22.4×14.0m) + 저층부 3층 4800㎡(82.0×58.6m)
쌍둥이,3 쌍둥이,40+40,40,122.0,143,25,37580,400.0,12479,50059,1039,11.06,0.061,3.755,9.69,40층 658㎡(44.4×14.8m) + 40층 282㎡(29.1×9.7m)
쌍둥이+저층부,4 쌍둥이+저층부,35+35,35,107.25,143,30,37580,400.0,9660,47240,4135,44.01,0.168,3.947,14.14,35층 480㎡(27.7×17.3m) + 35층 320㎡(22.6×14.1m) + 저층부 3층 4000㎡(89.4×44.7m)
쌍둥이+저층부,4 쌍둥이+저층부,35+35,35,107.25,143,32,37580,400.0,8842,46422,4129,43.95,0.309,3.899,13.53,35층 293㎡(21.7×13.5m) + 35층 293㎡(21.7×13.5m) + 저층부 5층 4000㎡(74.8×53.5m)
쌍둥이+저층부,4 쌍둥이+저층부,35+35,35,107.25,143,26,37580,400.0,9700,47280,4135,44.01,0.253,3.847,15.81,35층 400㎡(25.3×15.8m) + 35층 400㎡(25.3×15.8m) + 저층부 3층 4000㎡(89.4×44.7m)
쌍둥이+저층부,4 쌍둥이+저층부,35+35,35,107.25,143,31,37580,400.0,10907,48487,3316,35.29,0.229,3.831,12.07,35층 437㎡(36.2×12.1m) + 35층 437㎡(36.2×12.1m) + 저층부 3층 3200㎡(66.9×47.8m)
쌍둥이+저층부,4 쌍둥이+저층부,50+50,50,151.5,144,34,37580,400.0,13142,50722,3316,35.29,0.166,3.854,9.96,50층 298㎡(29.9×10.0m) + 50층 298㎡(29.9×10.0m) + 저층부 3층 3200㎡(66.9×47.8m)
쌍둥이+저층부,4 쌍둥이+저층부,45+45,45,136.75,144,29,37580,400.0,11317,48897,3321,35.35,0.094,3.88,14.43,45층 333㎡(23.1×14.4m) + 45층 333㎡(23.1×14.4m) + 저층부 3층 3200㎡(80.0×40.0m)
쌍둥이+저층부,4 쌍둥이+저층부,40+40,40,122.0,144,30,37580,400.0,11695,49275,3316,35.29,0.138,3.906,11.23,40층 378㎡(33.7×11.2m) + 40층 378㎡(33.7×11.2m) + 저층부 3층 3200㎡(66.9×47.8m)
쌍둥이+저층부,4 쌍둥이+저층부,35+35,35,107.25,144,31,37580,400.0,9398,46978,4948,52.67,0.225,3.897,13.46,35층 435㎡(26.4×16.5m) + 35층 290㎡(21.5×13.5m) + 저층부 3층 4800㎡(98.0×49.0m)
단일,1a 방위·위치,45,45,136.75,145,32,37580,400.0,9041,46621,900,9.58,0.064,3.931,18.28,45층 835㎡(45.7×18.3m)
단일,1a 방위·위치,45,45,136.75,145,35,37580,400.0,9041,46621,900,9.58,0.072,3.841,18.28,45층 835㎡(45.7×18.3m)
단일,1a 방위·위치,45,45,136.75,145,32,37580,400.0,9041,46621,900,9.58,0.084,3.767,18.28,45층 835㎡(45.7×18.3m)
쌍둥이+저층부,4 쌍둥이+저층부,40+40,40,122.0,145,32,37580,400.0,11433,49013,4135,44.01,0.107,3.875,10.73,40층 346㎡(32.2×10.7m) + 40층 346㎡(32.2×10.7m) + 저층부 3층 4000㎡(89.4×44.7m)
쌍둥이+저층부,4 쌍둥이+저층부,40+40,40,122.0,145,24,37580,400.0,11032,48612,4942,52.6,0.082,3.869,10.22,40층 313㎡(30.7×10.2m) + 40층 313㎡(30.7×10.2m) + 저층부 3층 4800㎡(82.0×58.6m)
쌍둥이+저층부,4 쌍둥이+저층부,35+35,35,107.25,145,30,37580,400.0,9625,47205,4129,43.95,0.167,3.937,9.88,35층 293㎡(29.6×9.9m) + 35층 293㎡(29.6×9.9m) + 저층부 5층 4000㎡(74.8×53.5m)
쌍둥이+저층부,4 쌍둥이+저층부,35+35,35,107.25,145,33,37580,400.0,9245,46825,4135,44.01,0.28,3.919,11.54,35층 293㎡(25.4×11.5m) + 35층 293㎡(25.4×11.5m) + 저층부 5층 4000㎡(89.4×44.7m)
쌍둥이+저층부,4 쌍둥이+저층부,35+35,35,107.25,145,25,37580,400.0,9398,46978,4948,52.67,0.069,3.895,13.46,35층 435㎡(26.4×16.5m) + 35층 290㎡(21.5×13.5m) + 저층부 3층 4800㎡(98.0×49.0m)
쌍둥이+저층부,4 쌍둥이+저층부,35+35,35,107.25,145,24,37580,400.0,9809,47389,4948,52.67,0.188,3.851,12.83,35층 362㎡(28.2×12.8m) + 35층 362㎡(28.2×12.8m) + 저층부 3층 4800㎡(98.0×49.0m)
쌍둥이,3 쌍둥이,55+45,55,166.25,146,34,37580,400.0,13431,51011,845,9.0,0.183,3.829,12.46,55층 342㎡(27.4×12.5m) + 45층 418㎡(30.3×13.8m)
쌍둥이,3 쌍둥이,50+40,50,151.5,146,34,37580,400.0,12133,49713,932,9.92,0.197,3.826,15.33,50층 376㎡(24.5×15.3m) + 40층 470㎡(27.4×17.1m)
단일,1a 방위·위치,45,45,136.75,146,35,37580,400.0,9041,46621,900,9.58,0.063,3.882,18.28,45층 835㎡(45.7×18.3m)
단일,1a 방위·위치,45,45,136.75,146,35,37580,400.0,9041,46621,900,9.58,0.167,3.819,18.28,45층 835㎡(45.7×18.3m)
쌍둥이,3 쌍둥이,45+45,45,136.75,146,25,37580,400.0,13551,51131,931,9.91,0.078,3.732,11.8,45층 418㎡(35.4×11.8m) + 45층 418㎡(35.4×11.8m)
쌍둥이+저층부,4 쌍둥이+저층부,40+40,40,122.0,146,29,37580,400.0,11039,48619,3316,35.29,0.252,3.847,13.11,40층 378㎡(28.8×13.1m) + 40층 378㎡(28.8×13.1m) + 저층부 3층 3200㎡(66.9×47.8m)
쌍둥이,3 쌍둥이,60+35,60,181.0,147,34,37580,400.0,12500,50080,890,9.47,0.179,3.833,15.33,60층 376㎡(24.5×15.3m) + 35층 429㎡(26.2×16.4m)
쌍둥이,3 쌍둥이,55+35,55,166.25,147,34,37580,400.0,12079,49659,966,10.28,0.204,3.828,14.61,55층 342㎡(23.4×14.6m) + 35층 537㎡(29.3×18.3m)
쌍둥이,3 쌍둥이,55+40,55,166.25,147,25,37580,400.0,13841,51421,851,9.06,0.096,3.751,9.69,55층 478㎡(37.9×12.6m) + 40층 282㎡(29.1×9.7m)
단일,1a 방위·위치,45,45,136.75,147,35,37580,400.0,9041,46621,900,9.58,0.169,3.868,18.28,45층 835㎡(45.7×18.3m)
쌍둥이+저층부,4 쌍둥이+저층부,40+40,40,122.0,147,30,37580,400.0,10214,47794,3332,35.46,0.102,3.861,13.88,40층 308㎡(22.2×13.9m) + 40층 308㎡(22.2×13.9m) + 저층부 5층 3200㎡(98.0×32.7m)
쌍둥이+저층부,4 쌍둥이+저층부,40+40,40,122.0,147,35,37580,400.0,10332,47912,4129,43.95,0.193,3.859,14.7,40층 346㎡(23.5×14.7m) + 40층 346㎡(23.5×14.7m) + 저층부 3층 4000㎡(74.8×53.5m)
쌍둥이,3 쌍둥이,40+35,40,122.0,147,25,37580,400.0,10874,48454,1071,11.4,0.149,3.74,14.19,40층 658㎡(32.4×20.3m) + 35층 322㎡(22.7×14.2m)
쌍둥이+저층부,4 쌍둥이+저층부,35+35,35,107.25,147,31,37580,400.0,9340,46920,4942,52.6,0.168,3.905,13.46,35층 435㎡(26.4×16.5m) + 35층 290㎡(21.5×13.5m) + 저층부 3층 4800㎡(82.0×58.6m)
쌍둥이+저층부,4 쌍둥이+저층부,35+35,35,107.25,147,33,37580,400.0,10039,47619,4129,43.95,0.159,3.905,13.48,35층 400㎡(29.7×13.5m) + 35층 400㎡(29.7×13.5m) + 저층부 3층 4000㎡(74.8×53.5m)
쌍둥이,3 쌍둥이,35+35,35,107.25,147,30,37580,400.0,11630,49210,1180,12.56,0.222,3.813,10.36,35층 752㎡(47.5×15.8m) + 35층 322㎡(31.1×10.4m)
쌍둥이,3 쌍둥이,50+50,50,151.5,148,34,37580,400.0,12854,50434,833,8.87,0.169,3.818,15.33,50층 376㎡(24.5×15.3m) + 50층 376㎡(24.5×15.3m)
쌍둥이+저층부,4 쌍둥이+저층부,45+45,45,136.75,148,22,37580,400.0,11478,49058,4135,44.01,0.106,3.805,11.77,45층 305㎡(25.9×11.8m) + 45층 305㎡(25.9×11.8m) + 저층부 3층 4000㎡(89.4×44.7m)
단일,1a 방위·위치,45,45,136.75,148,28,37580,400.0,9041,46621,900,9.58,0.074,3.685,18.28,45층 835㎡(45.7×18.3m)
쌍둥이+저층부,4 쌍둥이+저층부,35+35,35,107.25,148,24,37580,400.0,8931,46511,4135,44.01,0.15,3.908,13.53,35층 293㎡(21.7×13.5m) + 35층 293㎡(21.7×13.5m) + 저층부 5층 4000㎡(89.4×44.7m)
쌍둥이+저층부,4 쌍둥이+저층부,50+50,50,151.5,149,29,37580,400.0,11702,49282,2500,26.61,0.108,3.871,13.33,50층 284㎡(21.3×13.3m) + 50층 284㎡(21.3×13.3m) + 저층부 5층 2400㎡(58.0×41.4m)
쌍둥이,3 쌍둥이,45+35,45,136.75,149,28,37580,400.0,12724,50304,1032,10.99,0.217,3.794,11.97,45층 501㎡(38.8×12.9m) + 35층 429㎡(35.9×12.0m)
쌍둥이+저층부,4 쌍둥이+저층부,35+35,35,107.25,149,28,37580,400.0,9157,46737,4129,43.95,0.184,3.874,11.54,35층 293㎡(25.4×11.5m) + 35층 293㎡(25.4×11.5m) + 저층부 5층 4000㎡(74.8×53.5m)
쌍둥이,3 쌍둥이,60+40,60,181.0,150,25,37580,400.0,14263,51843,876,9.32,0.064,3.731,10.22,60층 313㎡(30.7×10.2m) + 40층 470㎡(37.5×12.5m)
쌍둥이,3 쌍둥이,50+40,50,151.5,150,25,37580,400.0,12695,50275,936,9.96,0.106,3.725,13.07,50층 376㎡(28.8×13.1m) + 40층 470㎡(32.1×14.6m)
쌍둥이+저층부,4 쌍둥이+저층부,35+35,35,107.25,150,32,37580,400.0,9402,46982,3321,35.35,0.275,3.883,14.99,35층 360㎡(24.0×15.0m) + 35층 360㎡(24.0×15.0m) + 저층부 5층 3200㎡(80.0×40.0m)
쌍둥이+저층부,4 쌍둥이+저층부,35+35,35,107.25,150,27,37580,400.0,10297,47877,3316,35.29,0.259,3.861,14.1,35층 437㎡(31.0×14.1m) + 35층 437㎡(31.0×14.1m) + 저층부 3층 3200㎡(66.9×47.8m)
쌍둥이,3 쌍둥이,50+45,50,151.5,151,34,37580,400.0,12502,50082,877,9.34,0.182,3.817,15.33,50층 376㎡(24.5×15.3m) + 45층 418㎡(25.8×16.2m)
쌍둥이,3 쌍둥이,45+45,45,136.75,151,25,37580,400.0,12653,50233,925,9.84,0.144,3.727,12.32,45층 501㎡(33.2×15.1m) + 45층 334㎡(27.1×12.3m)
쌍둥이,3 쌍둥이,40+35,40,122.0,151,26,37580,400.0,12300,49880,1112,11.84,0.201,3.79,12.51,40층 470㎡(37.5×12.5m) + 35층 537㎡(40.1×13.4m)
쌍둥이,3 쌍둥이,40+35,40,122.0,151,24,37580,400.0,11004,48584,1087,11.57,0.174,3.729,16.38,40층 564㎡(30.0×18.8m) + 35층 429㎡(26.2×16.4m)
쌍둥이+저층부,4 쌍둥이+저층부,35+35,35,107.25,151,30,37580,400.0,9436,47016,4948,52.67,0.181,3.92,15.05,35층 362㎡(24.1×15.0m) + 35층 362㎡(24.1×15.0m) + 저층부 3층 4800㎡(98.0×49.0m)
쌍둥이+저층부,4 쌍둥이+저층부,35+35,35,107.25,151,24,37580,400.0,9436,47016,4948,52.67,0.244,3.835,15.05,35층 362㎡(24.1×15.0m) + 35층 362㎡(24.1×15.0m) + 저층부 3층 4800㎡(98.0×49.0m)
쌍둥이,3 쌍둥이,35+35,35,107.25,151,26,37580,400.0,11867,49447,1183,12.59,0.201,3.796,13.38,35층 537㎡(40.1×13.4m) + 35층 537㎡(40.1×13.4m)
쌍둥이,3 쌍둥이,55+40,55,166.25,152,25,37580,400.0,12504,50084,869,9.25,0.168,3.715,15.33,55층 410㎡(25.6×16.0m) + 40층 376㎡(24.5×15.3m)
쌍둥이+저층부,4 쌍둥이+저층부,50+50,50,151.5,152,29,37580,400.0,11702,49282,2500,26.61,0.169,3.818,13.33,50층 284㎡(21.3×13.3m) + 50층 284㎡(21.3×13.3m) + 저층부 5층 2400㎡(58.0×41.4m)
쌍둥이+저층부,4 쌍둥이+저층부,45+45,45,136.75,152,34,37580,400.0,11269,48849,3316,35.29,0.178,3.839,14.43,45층 333㎡(23.1×14.4m) + 45층 333㎡(23.1×14.4m) + 저층부 3층 3200㎡(66.9×47.8m)
쌍둥이+저층부,4 쌍둥이+저층부,40+40,40,122.0,152,31,37580,400.0,10601,48181,3321,35.35,0.251,3.838,13.75,40층 454㎡(26.9×16.8m) + 40층 302㎡(22.0×13.7m) + 저층부 3층 3200㎡(80.0×40.0m)
쌍둥이,3 쌍둥이,40+35,40,122.0,152,27,37580,400.0,11535,49115,1105,11.77,0.203,3.789,14.61,40층 470㎡(32.1×14.6m) + 35층 537㎡(34.4×15.6m)
쌍둥이,3 쌍둥이,40+40,40,122.0,152,29,37580,400.0,11412,48992,1031,10.97,0.185,3.771,17.13,40층 470㎡(27.4×17.1m) + 40층 470㎡(27.4×17.1m)
쌍둥이+저층부,4 쌍둥이+저층부,35+35,35,107.25,152,27,37580,400.0,9711,47291,4942,52.6,0.221,3.915,11.48,35층 435㎡(30.9×14.1m) + 35층 290㎡(25.2×11.5m) + 저층부 3층 4800㎡(82.0×58.6m)
쌍둥이+저층부,4 쌍둥이+저층부,35+35,35,107.25,152,33,37580,400.0,9751,47331,4942,52.6,0.155,3.875,12.83,35층 362㎡(28.2×12.8m) + 35층 362㎡(28.2×12.8m) + 저층부 3층 4800㎡(82.0×58.6m)
쌍둥이,3 쌍둥이,50+50,50,151.5,153,25,37580,400.0,13383,50963,837,8.91,0.142,3.726,11.69,50층 451㎡(31.5×14.3m) + 50층 301㎡(25.7×11.7m)
쌍둥이,3 쌍둥이,50+40,50,151.5,153,24,37580,400.0,12133,49713,932,9.92,0.139,3.709,15.33,50층 376㎡(24.5×15.3m) + 40층 470㎡(27.4×17.1m)
쌍둥이,3 쌍둥이,45+35,45,136.75,153,29,37580,400.0,11934,49514,1026,10.92,0.218,3.789,13.97,45층 501㎡(33.2×15.1m) + 35층 429㎡(30.7×14.0m)
쌍둥이,3 쌍둥이,45+40,45,136.75,153,29,37580,400.0,11781,49361,976,10.39,0.185,3.766,16.15,45층 418㎡(25.8×16.2m) + 40층 470㎡(27.4×17.1m)
쌍둥이,3 쌍둥이,45+35,45,136.75,153,25,37580,400.0,11303,48883,995,10.59,0.152,3.731,14.19,45층 585㎡(30.6×19.1m) + 35층 322㎡(22.7×14.2m)
쌍둥이,3 쌍둥이,45+45,45,136.75,153,25,37580,400.0,12093,49673,921,9.8,0.169,3.711,14.45,45층 501㎡(28.3×17.7m) + 45층 334㎡(23.1×14.4m)
단일,1a 방위·위치,45,45,136.75,153,32,37580,400.0,9041,46621,900,9.58,0.046,3.706,18.28,45층 835㎡(45.7×18.3m)
쌍둥이+저층부,4 쌍둥이+저층부,40+40,40,122.0,153,33,37580,400.0,11039,48619,3321,35.35,0.134,3.897,11.73,40층 454㎡(31.6×14.4m) + 40층 302㎡(25.8×11.7m) + 저층부 3층 3200㎡(80.0×40.0m)
쌍둥이+저층부,4 쌍둥이+저층부,35+35,35,107.25,153,23,37580,400.0,9436,47016,4948,52.67,0.181,3.811,15.05,35층 362㎡(24.1×15.0m) + 35층 362㎡(24.1×15.0m) + 저층부 3층 4800㎡(98.0×49.0m)
쌍둥이,3 쌍둥이,60+40,60,181.0,154,30,37580,400.0,14331,51911,843,8.97,0.198,3.789,11.19,60층 376㎡(33.6×11.2m) + 40층 376㎡(33.6×11.2m)
쌍둥이,3 쌍둥이,50+35,50,151.5,154,25,37580,400.0,12254,49834,938,9.99,0.124,3.742,12.1,50층 526㎡(34.0×15.5m) + 35층 322㎡(26.6×12.1m)
쌍둥이+저층부,4 쌍둥이+저층부,45+45,45,136.75,154,22,37580,400.0,11478,49058,4135,44.01,0.099,3.887,11.77,45층 305㎡(25.9×11.8m) + 45층 305㎡(25.9×11.8m) + 저층부 3층 4000㎡(89.4×44.7m)
쌍둥이,3 쌍둥이,45+40,45,136.75,154,29,37580,400.0,13142,50722,987,10.5,0.119,3.843,11.8,45층 418㎡(35.4×11.8m) + 40층 470㎡(37.5×12.5m)
쌍둥이,3 쌍둥이,45+45,45,136.75,154,30,37580,400.0,12151,49731,921,9.8,0.171,3.757,16.15,45층 418㎡(25.8×16.2m) + 45층 418㎡(25.8×16.2m)
쌍둥이,3 쌍둥이,45+35,45,136.75,154,24,37580,400.0,11404,48984,1021,10.87,0.174,3.727,16.38,45층 501㎡(28.3×17.7m) + 35층 429㎡(26.2×16.4m)
쌍둥이+저층부,4 쌍둥이+저층부,40+40,40,122.0,154,24,37580,400.0,10384,47964,4135,44.01,0.162,3.826,14.7,40층 346㎡(23.5×14.7m) + 40층 346㎡(23.5×14.7m) + 저층부 3층 4000㎡(89.4×44.7m)
쌍둥이+저층부,4 쌍둥이+저층부,40+40,40,122.0,154,35,37580,400.0,10601,48181,3321,35.35,0.234,3.802,13.75,40층 454㎡(26.9×16.8m) + 40층 302㎡(22.0×13.7m) + 저층부 3층 3200㎡(80.0×40.0m)
쌍둥이,3 쌍둥이,60+50,60,181.0,155,30,37580,400.0,15062,52642,777,8.27,0.159,3.781,10.22,60층 313㎡(30.7×10.2m) + 50층 376㎡(33.6×11.2m)
쌍둥이,3 쌍둥이,60+60,60,181.0,155,31,37580,400.0,14824,52404,705,7.5,0.14,3.775,11.93,60층 313㎡(26.2×11.9m) + 60층 313㎡(26.2×11.9m)
쌍둥이+저층부,4 쌍둥이+저층부,50+50,50,151.5,156,30,37580,400.0,12049,49629,3332,35.46,0.119,3.878,13.64,50층 298㎡(21.8×13.6m) + 50층 298㎡(21.8×13.6m) + 저층부 3층 3200㎡(98.0×32.7m)
쌍둥이+저층부,4 쌍둥이+저층부,50+50,50,151.5,156,35,37580,400.0,12545,50125,3332,35.46,0.209,3.806,11.63,50층 298㎡(25.6×11.6m) + 50층 298㎡(25.6×11.6m) + 저층부 3층 3200㎡(98.0×32.7m)
쌍둥이+저층부,4 쌍둥이+저층부,35+35,35,107.25,156,24,37580,400.0,8931,46511,4135,44.01,0.145,3.912,13.53,35층 293㎡(21.7×13.5m) + 35층 293㎡(21.7×13.5m) + 저층부 5층 4000㎡(89.4×44.7m)
쌍둥이+저층부,4 쌍둥이+저층부,35+35,35,107.25,156,25,37580,400.0,9398,46978,4948,52.67,0.196,3.836,13.46,35층 435㎡(26.4×16.5m) + 35층 290㎡(21.5×13.5m) + 저층부 3층 4800㎡(98.0×49.0m)
쌍둥이,3 쌍둥이,60+35,60,181.0,157,25,37580,400.0,12476,50056,842,8.97,0.148,3.733,14.19,60층 438㎡(26.5×16.6m) + 35층 322㎡(22.7×14.2m)
쌍둥이,3 쌍둥이,55+50,55,166.25,157,25,37580,400.0,13158,50738,790,8.41,0.164,3.701,13.71,55층 410㎡(25.6×16.0m) + 50층 301㎡(21.9×13.7m)
쌍둥이,3 쌍둥이,45+40,45,136.75,157,30,37580,400.0,12328,49908,980,10.43,0.149,3.841,13.78,45층 418㎡(30.3×13.8m) + 40층 470㎡(32.1×14.6m)
쌍둥이,3 쌍둥이,40+35,40,122.0,157,28,37580,400.0,12300,49880,1112,11.84,0.111,3.852,12.51,40층 470㎡(37.5×12.5m) + 35층 537㎡(40.1×13.4m)
쌍둥이+저층부,4 쌍둥이+저층부,40+40,40,122.0,157,27,37580,400.0,10752,48332,4129,43.95,0.155,3.837,12.53,40층 346㎡(27.6×12.5m) + 40층 346㎡(27.6×12.5m) + 저층부 3층 4000㎡(74.8×53.5m)
쌍둥이,3 쌍둥이,55+50,55,166.25,158,31,37580,400.0,13798,51378,801,8.53,0.16,3.774,12.46,55층 342㎡(27.4×12.5m) + 50층 376㎡(28.8×13.1m)
쌍둥이,3 쌍둥이,50+50,50,151.5,158,30,37580,400.0,14263,51843,843,8.97,0.168,3.781,10.01,50층 451㎡(36.8×12.3m) + 50층 301㎡(30.0×10.0m)
쌍둥이,3 쌍둥이,45+40,45,136.75,158,28,37580,400.0,11781,49361,976,10.39,0.147,3.822,16.15,45층 418㎡(25.8×16.2m) + 40층 470㎡(27.4×17.1m)
쌍둥이+저층부,4 쌍둥이+저층부,35+35,35,107.25,158,34,37580,400.0,9997,47577,4129,43.95,0.196,3.894,12.06,35층 480㎡(32.5×14.8m) + 35층 320㎡(26.5×12.1m) + 저층부 3층 4000㎡(74.8×53.5m)
쌍둥이+저층부,4 쌍둥이+저층부,35+35,35,107.25,158,21,37580,400.0,9378,46958,4942,52.6,0.152,3.831,15.05,35층 362㎡(24.1×15.0m) + 35층 362㎡(24.1×15.0m) + 저층부 3층 4800㎡(82.0×58.6m)
쌍둥이+저층부,4 쌍둥이+저층부,35+35,35,107.25,158,28,37580,400.0,9608,47188,4129,43.95,0.175,3.813,14.14,35층 480㎡(27.7×17.3m) + 35층 320㎡(22.6×14.1m) + 저층부 3층 4000㎡(74.8×53.5m)
쌍둥이,3 쌍둥이,55+35,55,166.25,159,29,37580,400.0,12712,50292,930,9.9,0.218,3.785,13.65,55층 410㎡(30.0×13.7m) + 35층 429㎡(30.7×14.0m)
쌍둥이+저층부,4 쌍둥이+저층부,50+50,50,151.5,159,32,37580,400.0,12234,49814,2505,26.66,0.104,3.808,11.37,50층 284㎡(25.0×11.4m) + 50층 284㎡(25.0×11.4m) + 저층부 5층 2400㎡(69.3×34.6m)
쌍둥이+저층부,4 쌍둥이+저층부,45+45,45,136.75,159,34,37580,400.0,12253,49833,4147,44.14,0.12,3.87,10.08,45층 305㎡(30.2×10.1m) + 45층 305㎡(30.2×10.1m) + 저층부 3층 4000㎡(109.5×36.5m)
쌍둥이+저층부,4 쌍둥이+저층부,45+45,45,136.75,159,22,37580,400.0,10977,48557,4129,43.95,0.126,3.784,13.8,45층 305㎡(22.1×13.8m) + 45층 305㎡(22.1×13.8m) + 저층부 3층 4000㎡(74.8×53.5m)
쌍둥이+저층부,4 쌍둥이+저층부,35+35,35,107.25,159,25,37580,400.0,8842,46422,4129,43.95,0.201,3.913,13.53,35층 293㎡(21.7×13.5m) + 35층 293㎡(21.7×13.5m) + 저층부 5층 4000㎡(74.8×53.5m)
쌍둥이+저층부,4 쌍둥이+저층부,35+35,35,107.25,159,31,37580,400.0,9398,46978,4948,52.67,0.119,3.866,13.46,35층 435㎡(26.4×16.5m) + 35층 290㎡(21.5×13.5m) + 저층부 3층 4800㎡(98.0×49.0m)
쌍둥이+저층부,4 쌍둥이+저층부,35+35,35,107.25,159,35,37580,400.0,9893,47473,3321,35.35,0.224,3.841,14.78,35층 525㎡(29.0×18.1m) + 35층 350㎡(23.7×14.8m) + 저층부 3층 3200㎡(80.0×40.0m)
쌍둥이,3 쌍둥이,55+45,55,166.25,160,30,37580,400.0,14314,51894,835,8.89,0.182,3.779,10.55,55층 410㎡(35.1×11.7m) + 45층 334㎡(31.7×10.6m)
쌍둥이,3 쌍둥이,50+45,50,151.5,160,29,37580,400.0,13909,51489,878,9.35,0.182,3.777,10.55,50층 451㎡(36.8×12.3m) + 45층 334㎡(31.7×10.6m)
쌍둥이+저층부,4 쌍둥이+저층부,40+40,40,122.0,160,27,37580,400.0,10435,48015,4942,52.6,0.216,3.862,11.93,40층 313㎡(26.3×11.9m) + 40층 313㎡(26.3×11.9m) + 저층부 3층 4800㎡(82.0×58.6m)
쌍둥이+저층부,4 쌍둥이+저층부,40+40,40,122.0,161,32,37580,400.0,10646,48226,3321,35.35,0.184,3.88,15.37,40층 378㎡(24.6×15.4m) + 40층 378㎡(24.6×15.4m) + 저층부 3층 3200㎡(80.0×40.0m)
쌍둥이,3 쌍둥이,60+35,60,181.0,162,30,37580,400.0,13052,50632,846,9.01,0.111,3.86,12.1,60층 438㎡(31.1×14.1m) + 35층 322㎡(26.6×12.1m)
쌍둥이,3 쌍둥이,60+60,60,181.0,162,32,37580,400.0,15793,53373,710,7.56,0.114,3.842,10.22,60층 313㎡(30.7×10.2m) + 60층 313㎡(30.7×10.2m)
쌍둥이,3 쌍둥이,55+35,55,166.25,162,29,37580,400.0,13551,51131,936,9.96,0.101,3.852,11.69,55층 410㎡(35.1×11.7m) + 35층 429㎡(35.9×12.0m)
쌍둥이,3 쌍둥이,55+45,55,166.25,162,31,37580,400.0,14314,51894,835,8.89,0.101,3.839,10.55,55층 410㎡(35.1×11.7m) + 45층 334㎡(31.7×10.6m)
쌍둥이,3 쌍둥이,50+40,50,151.5,162,29,37580,400.0,13539,51119,923,9.82,0.096,3.848,11.19,50층 451㎡(36.8×12.3m) + 40층 376㎡(33.6×11.2m)
쌍둥이,3 쌍둥이,50+45,50,151.5,162,25,37580,400.0,12474,50054,868,9.24,0.169,3.704,14.45,50층 451㎡(26.9×16.8m) + 45층 334㎡(23.1×14.4m)
쌍둥이+저층부,4 쌍둥이+저층부,45+45,45,136.75,162,28,37580,400.0,12093,49673,4129,43.95,0.129,3.868,10.08,45층 305㎡(30.2×10.1m) + 45층 305㎡(30.2×10.1m) + 저층부 3층 4000㎡(74.8×53.5m)
쌍둥이,3 쌍둥이,45+35,45,136.75,162,27,37580,400.0,11828,49408,1000,10.64,0.099,3.866,12.1,45층 585㎡(35.9×16.3m) + 35층 322㎡(26.6×12.1m)
쌍둥이+저층부,4 쌍둥이+저층부,35+35,35,107.25,162,22,37580,400.0,9660,47240,4135,44.01,0.123,3.82,14.14,35층 480㎡(27.7×17.3m) + 35층 320㎡(22.6×14.1m) + 저층부 3층 4000㎡(89.4×44.7m)
쌍둥이+저층부,4 쌍둥이+저층부,40+40,40,122.0,163,30,37580,400.0,10384,47964,4135,44.01,0.174,3.891,14.7,40층 346㎡(23.5×14.7m) + 40층 346㎡(23.5×14.7m) + 저층부 3층 4000㎡(89.4×44.7m)
쌍둥이+저층부,4 쌍둥이+저층부,35+35,35,107.25,163,24,37580,400.0,10264,47844,4942,52.6,0.086,3.908,9.83,35층 435㎡(36.1×12.0m) + 35층 290㎡(29.5×9.8m) + 저층부 3층 4800㎡(82.0×58.6m)
쌍둥이+저층부,4 쌍둥이+저층부,35+35,35,107.25,163,29,37580,400.0,10264,47844,4942,52.6,0.144,3.901,9.83,35층 435㎡(36.1×12.0m) + 35층 290㎡(29.5×9.8m) + 저층부 3층 4800㎡(82.0×58.6m)
쌍둥이,3 쌍둥이,55+50,55,166.25,164,30,37580,400.0,13764,51344,794,8.45,0.129,3.833,11.69,55층 410㎡(30.0×13.7m) + 50층 301㎡(25.7×11.7m)
쌍둥이,3 쌍둥이,50+40,50,151.5,164,29,37580,400.0,12701,50281,916,9.75,0.128,3.838,13.07,50층 451㎡(31.5×14.3m) + 40층 376㎡(28.8×13.1m)
쌍둥이+저층부,4 쌍둥이+저층부,45+45,45,136.75,164,28,37580,400.0,11030,48610,4135,44.01,0.105,3.852,13.8,45층 305㎡(22.1×13.8m) + 45층 305㎡(22.1×13.8m) + 저층부 3층 4000㎡(89.4×44.7m)
쌍둥이+저층부,4 쌍둥이+저층부,45+45,45,136.75,164,28,37580,400.0,10977,48557,4129,43.95,0.137,3.797,13.8,45층 305㎡(22.1×13.8m) + 45층 305㎡(22.1×13.8m) + 저층부 3층 4000㎡(74.8×53.5m)
쌍둥이+저층부,4 쌍둥이+저층부,40+40,40,122.0,164,34,37580,400.0,10034,47614,4942,52.6,0.162,3.907,13.99,40층 313㎡(22.4×14.0m) + 40층 313㎡(22.4×14.0m) + 저층부 3층 4800㎡(82.0×58.6m)
쌍둥이+저층부,4 쌍둥이+저층부,40+40,40,122.0,164,33,37580,400.0,11090,48670,4948,52.67,0.13,3.901,10.22,40층 313㎡(30.7×10.2m) + 40층 313㎡(30.7×10.2m) + 저층부 3층 4800㎡(98.0×49.0m)
쌍둥이+저층부,4 쌍둥이+저층부,35+35,35,107.25,164,26,37580,400.0,9398,46978,4948,52.67,0.131,3.879,13.46,35층 435㎡(26.4×16.5m) + 35층 290㎡(21.5×13.5m) + 저층부 3층 4800㎡(98.0×49.0m)
쌍둥이,3 쌍둥이,60+40,60,181.0,165,30,37580,400.0,12854,50434,833,8.87,0.197,3.763,15.33,60층 376㎡(24.5×15.3m) + 40층 376㎡(24.5×15.3m)
쌍둥이,3 쌍둥이,55+45,55,166.25,165,30,37580,400.0,13431,51011,829,8.83,0.129,3.833,12.32,55층 410㎡(30.0×13.7m) + 45층 334㎡(27.1×12.3m)
쌍둥이,3 쌍둥이,55+35,55,166.25,165,28,37580,400.0,12079,49659,966,10.28,0.201,3.757,14.61,55층 342㎡(23.4×14.6m) + 35층 537㎡(29.3×18.3m)
쌍둥이+저층부,4 쌍둥이+저층부,35+35,35,107.25,165,33,37580,400.0,10322,47902,4948,52.67,0.129,3.915,9.83,35층 435㎡(36.1×12.0m) + 35층 290㎡(29.5×9.8m) + 저층부 3층 4800㎡(98.0×49.0m)
쌍둥이,3 쌍둥이,60+50,60,181.0,166,30,37580,400.0,14129,51709,758,8.06,0.128,3.839,11.69,60층 376㎡(28.8×13.1m) + 50층 301㎡(25.7×11.7m)
쌍둥이,3 쌍둥이,60+60,60,181.0,166,31,37580,400.0,14824,52404,705,7.5,0.115,3.836,11.93,60층 313㎡(26.2×11.9m) + 60층 313㎡(26.2×11.9m)
쌍둥이,3 쌍둥이,55+50,55,166.25,166,30,37580,400.0,13158,50738,790,8.41,0.138,3.809,13.71,55층 410㎡(25.6×16.0m) + 50층 301㎡(21.9×13.7m)
쌍둥이,3 쌍둥이,55+50,55,166.25,166,31,37580,400.0,13158,50738,790,8.41,0.168,3.754,13.71,55층 410㎡(25.6×16.0m) + 50층 301㎡(21.9×13.7m)
쌍둥이,3 쌍둥이,55+55,55,166.25,166,30,37580,400.0,13527,51107,761,8.1,0.149,3.745,14.61,55층 342㎡(23.4×14.6m) + 55층 342㎡(23.4×14.6m)
쌍둥이+저층부,4 쌍둥이+저층부,45+45,45,136.75,166,24,37580,400.0,11030,48610,4135,44.01,0.147,3.852,13.8,45층 305㎡(22.1×13.8m) + 45층 305㎡(22.1×13.8m) + 저층부 3층 4000㎡(89.4×44.7m)
쌍둥이+저층부,4 쌍둥이+저층부,40+40,40,122.0,166,24,37580,400.0,10493,48073,4948,52.67,0.187,3.906,11.93,40층 313㎡(26.3×11.9m) + 40층 313㎡(26.3×11.9m) + 저층부 3층 4800㎡(98.0×49.0m)
쌍둥이+저층부,4 쌍둥이+저층부,35+35,35,107.25,166,32,37580,400.0,9660,47240,4135,44.01,0.213,3.877,14.14,35층 480㎡(27.7×17.3m) + 35층 320㎡(22.6×14.1m) + 저층부 3층 4000㎡(89.4×44.7m)
쌍둥이+저층부,4 쌍둥이+저층부,35+35,35,107.25,166,30,37580,400.0,8842,46422,4129,43.95,0.256,3.845,13.53,35층 293㎡(21.7×13.5m) + 35층 293㎡(21.7×13.5m) + 저층부 5층 4000㎡(74.8×53.5m)
쌍둥이+저층부,4 쌍둥이+저층부,35+35,35,107.25,166,27,37580,400.0,8842,46422,4129,43.95,0.239,3.842,13.53,35층 293㎡(21.7×13.5m) + 35층 293㎡(21.7×13.5m) + 저층부 5층 4000㎡(74.8×53.5m)
쌍둥이,3 쌍둥이,50+50,50,151.5,167,30,37580,400.0,13447,51027,837,8.91,0.13,3.831,13.07,50층 376㎡(28.8×13.1m) + 50층 376㎡(28.8×13.1m)
쌍둥이,3 쌍둥이,50+50,50,151.5,167,31,37580,400.0,12854,50434,833,8.87,0.129,3.808,15.33,50층 376㎡(24.5×15.3m) + 50층 376㎡(24.5×15.3m)
쌍둥이+저층부,4 쌍둥이+저층부,35+35,35,107.25,167,28,37580,400.0,8931,46511,4135,44.01,0.145,3.89,13.53,35층 293㎡(21.7×13.5m) + 35층 293㎡(21.7×13.5m) + 저층부 5층 4000㎡(89.4×44.7m)
쌍둥이,3 쌍둥이,60+40,60,181.0,168,30,37580,400.0,14263,51843,876,9.32,0.124,3.835,10.22,60층 313㎡(30.7×10.2m) + 40층 470㎡(37.5×12.5m)
쌍둥이,3 쌍둥이,60+45,60,181.0,168,30,37580,400.0,14672,52252,821,8.74,0.124,3.831,10.22,60층 313㎡(30.7×10.2m) + 45층 418㎡(35.4×11.8m)
쌍둥이,3 쌍둥이,60+50,60,181.0,168,31,37580,400.0,13508,51088,754,8.02,0.138,3.81,13.71,60층 376㎡(24.5×15.3m) + 50층 301㎡(21.9×13.7m)
쌍둥이,3 쌍둥이,50+50,50,151.5,168,30,37580,400.0,12854,50434,833,8.87,0.159,3.748,15.33,50층 376㎡(24.5×15.3m) + 50층 376㎡(24.5×15.3m)
쌍둥이+저층부,4 쌍둥이+저층부,35+35,35,107.25,168,22,37580,400.0,9648,47228,4129,43.95,0.086,3.91,15.81,35층 400㎡(25.3×15.8m) + 35층 400㎡(25.3×15.8m) + 저층부 3층 4000㎡(74.8×53.5m)
쌍둥이+저층부,4 쌍둥이+저층부,35+35,35,107.25,168,34,37580,400.0,9700,47280,4135,44.01,0.198,3.886,15.81,35층 400㎡(25.3×15.8m) + 35층 400㎡(25.3×15.8m) + 저층부 3층 4000㎡(89.4×44.7m)
쌍둥이,3 쌍둥이,60+45,60,181.0,169,31,37580,400.0,13189,50769,789,8.4,0.148,3.808,14.45,60층 376㎡(24.5×15.3m) + 45층 334㎡(23.1×14.4m)
쌍둥이,3 쌍둥이,40+40,40,122.0,169,26,37580,400.0,11186,48766,1029,10.95,0.126,3.844,13.27,40층 658㎡(32.4×20.3m) + 40층 282㎡(21.2×13.3m)
쌍둥이+저층부,4 쌍둥이+저층부,35+35,35,107.25,169,34,37580,400.0,9700,47280,4135,44.01,0.197,3.89,15.81,35층 400㎡(25.3×15.8m) + 35층 400㎡(25.3×15.8m) + 저층부 3층 4000㎡(89.4×44.7m)
쌍둥이+저층부,4 쌍둥이+저층부,35+35,35,107.25,169,30,37580,400.0,9751,47331,4942,52.6,0.165,3.87,12.83,35층 362㎡(28.2×12.8m) + 35층 362㎡(28.2×12.8m) + 저층부 3층 4800㎡(82.0×58.6m)
쌍둥이,3 쌍둥이,55+45,55,166.25,170,30,37580,400.0,13431,51011,845,9.0,0.139,3.824,12.46,55층 342㎡(27.4×12.5m) + 45층 418㎡(30.3×13.8m)
쌍둥이,3 쌍둥이,50+45,50,151.5,170,31,37580,400.0,12502,50082,877,9.34,0.138,3.802,15.33,50층 376㎡(24.5×15.3m) + 45층 418㎡(25.8×16.2m)
쌍둥이+저층부,4 쌍둥이+저층부,45+45,45,136.75,170,31,37580,400.0,11478,49058,4135,44.01,0.112,3.847,11.77,45층 305㎡(25.9×11.8m) + 45층 305㎡(25.9×11.8m) + 저층부 3층 4000㎡(89.4×44.7m)
쌍둥이+저층부,4 쌍둥이+저층부,35+35,35,107.25,170,28,37580,400.0,9809,47389,4948,52.67,0.189,3.839,12.83,35층 362㎡(28.2×12.8m) + 35층 362㎡(28.2×12.8m) + 저층부 3층 4800㎡(98.0×49.0m)
쌍둥이,3 쌍둥이,60+60,60,181.0,171,24,37580,400.0,15793,53373,710,7.56,0.042,3.736,10.22,60층 313㎡(30.7×10.2m) + 60층 313㎡(30.7×10.2m)
쌍둥이,3 쌍둥이,45+40,45,136.75,171,25,37580,400.0,12303,49883,969,10.31,0.085,3.849,13.07,45층 501㎡(33.2×15.1m) + 40층 376㎡(28.8×13.1m)
쌍둥이+저층부,4 쌍둥이+저층부,45+45,45,136.75,171,30,37580,400.0,11881,49461,3332,35.46,0.147,3.817,12.3,45층 333㎡(27.1×12.3m) + 45층 333㎡(27.1×12.3m) + 저층부 3층 3200㎡(98.0×32.7m)
쌍둥이,3 쌍둥이,55+45,55,166.25,172,30,37580,400.0,13431,51011,829,8.83,0.087,3.784,12.32,55층 410㎡(30.0×13.7m) + 45층 334㎡(27.1×12.3m)
쌍둥이+저층부,4 쌍둥이+저층부,40+40,40,122.0,172,37,37580,400.0,10493,48073,4948,52.67,0.168,3.87,11.93,40층 313㎡(26.3×11.9m) + 40층 313㎡(26.3×11.9m) + 저층부 3층 4800㎡(98.0×49.0m)
쌍둥이+저층부,4 쌍둥이+저층부,40+40,40,122.0,172,33,37580,400.0,10384,47964,4135,44.01,0.119,3.85,14.7,40층 346㎡(23.5×14.7m) + 40층 346㎡(23.5×14.7m) + 저층부 3층 4000㎡(89.4×44.7m)
쌍둥이+저층부,4 쌍둥이+저층부,35+35,35,107.25,172,25,37580,400.0,9436,47016,4948,52.67,0.138,3.9,15.05,35층 362㎡(24.1×15.0m) + 35층 362㎡(24.1×15.0m) + 저층부 3층 4800㎡(98.0×49.0m)
쌍둥이+저층부,4 쌍둥이+저층부,35+35,35,107.25,172,29,37580,400.0,9713,47293,4135,44.01,0.206,3.87,9.88,35층 293㎡(29.6×9.9m) + 35층 293㎡(29.6×9.9m) + 저층부 5층 4000㎡(89.4×44.7m)
쌍둥이,3 쌍둥이,60+45,60,181.0,173,29,37580,400.0,13769,51349,815,8.67,0.076,3.769,11.93,60층 313㎡(26.2×11.9m) + 45층 418㎡(30.3×13.8m)
쌍둥이,3 쌍둥이,60+50,60,181.0,174,31,37580,400.0,13514,51094,767,8.17,0.129,3.81,13.99,60층 313㎡(22.4×14.0m) + 50층 376㎡(24.5×15.3m)
쌍둥이,3 쌍둥이,60+40,60,181.0,174,22,37580,400.0,12793,50373,866,9.22,0.064,3.712,13.99,60층 313㎡(22.4×14.0m) + 40층 470㎡(27.4×17.1m)
쌍둥이,3 쌍둥이,45+40,45,136.75,174,22,37580,400.0,12303,49883,969,10.31,0.069,3.728,13.07,45층 501㎡(33.2×15.1m) + 40층 376㎡(28.8×13.1m)
쌍둥이,3 쌍둥이,60+35,60,181.0,175,29,37580,400.0,13078,50658,894,9.51,0.096,3.791,13.07,60층 376㎡(28.8×13.1m) + 35층 429㎡(30.7×14.0m)
쌍둥이,3 쌍둥이,60+55,60,181.0,175,24,37580,400.0,14487,52067,735,7.82,0.061,3.726,11.93,60층 313㎡(26.2×11.9m) + 55층 342㎡(27.4×12.5m)
쌍둥이,3 쌍둥이,55+40,55,166.25,175,22,37580,400.0,12470,50050,896,9.54,0.064,3.711,14.61,55층 342㎡(23.4×14.6m) + 40층 470㎡(27.4×17.1m)
쌍둥이+저층부,4 쌍둥이+저층부,40+40,40,122.0,175,31,37580,400.0,11090,48670,4948,52.67,0.184,3.86,10.22,40층 313㎡(30.7×10.2m) + 40층 313㎡(30.7×10.2m) + 저층부 3층 4800㎡(98.0×49.0m)
쌍둥이+저층부,4 쌍둥이+저층부,40+40,40,122.0,176,35,37580,400.0,10912,48492,4147,44.14,0.129,3.876,12.53,40층 346㎡(27.6×12.5m) + 40층 346㎡(27.6×12.5m) + 저층부 3층 4000㎡(109.5×36.5m)
쌍둥이+저층부,4 쌍둥이+저층부,40+40,40,122.0,176,26,37580,400.0,10214,47794,3332,35.46,0.201,3.866,13.88,40층 308㎡(22.2×13.9m) + 40층 308㎡(22.2×13.9m) + 저층부 5층 3200㎡(98.0×32.7m)
쌍둥이+저층부,4 쌍둥이+저층부,40+40,40,122.0,176,23,37580,400.0,10384,47964,4135,44.01,0.159,3.865,14.7,40층 346㎡(23.5×14.7m) + 40층 346㎡(23.5×14.7m) + 저층부 3층 4000㎡(89.4×44.7m)
쌍둥이,3 쌍둥이,60+35,60,181.0,177,29,37580,400.0,13911,51491,852,9.07,0.112,3.81,10.36,60층 438㎡(36.3×12.1m) + 35층 322㎡(31.1×10.4m)
쌍둥이,3 쌍둥이,50+40,50,151.5,177,25,37580,400.0,12701,50281,916,9.75,0.092,3.844,13.07,50층 451㎡(31.5×14.3m) + 40층 376㎡(28.8×13.1m)
쌍둥이+저층부,4 쌍둥이+저층부,50+50,50,151.5,177,23,37580,400.0,11954,49534,3321,35.35,0.05,3.824,13.64,50층 298㎡(21.8×13.6m) + 50층 298㎡(21.8×13.6m) + 저층부 3층 3200㎡(80.0×40.0m)
쌍둥이+저층부,4 쌍둥이+저층부,40+40,40,122.0,177,31,37580,400.0,10805,48385,4135,44.01,0.167,3.836,12.53,40층 346㎡(27.6×12.5m) + 40층 346㎡(27.6×12.5m) + 저층부 3층 4000㎡(89.4×44.7m)
쌍둥이+저층부,4 쌍둥이+저층부,35+35,35,107.25,177,28,37580,400.0,9660,47240,4135,44.01,0.106,3.878,14.14,35층 480㎡(27.7×17.3m) + 35층 320㎡(22.6×14.1m) + 저층부 3층 4000㎡(89.4×44.7m)
쌍둥이+저층부,4 쌍둥이+저층부,35+35,35,107.25,177,24,37580,400.0,9648,47228,4129,43.95,0.224,3.855,15.81,35층 400㎡(25.3×15.8m) + 35층 400㎡(25.3×15.8m) + 저층부 3층 4000㎡(74.8×53.5m)
쌍둥이,3 쌍둥이,50+40,50,151.5,178,25,37580,400.0,13532,51112,942,10.03,0.087,3.842,11.19,50층 376㎡(33.6×11.2m) + 40층 470㎡(37.5×12.5m)
쌍둥이,3 쌍둥이,45+35,45,136.75,178,23,37580,400.0,11391,48971,1046,11.13,0.101,3.836,16.15,45층 418㎡(25.8×16.2m) + 35층 537㎡(29.3×18.3m)
쌍둥이,3 쌍둥이,45+40,45,136.75,178,25,37580,400.0,11781,49361,976,10.39,0.097,3.826,16.15,45층 418㎡(25.8×16.2m) + 40층 470㎡(27.4×17.1m)
쌍둥이+저층부,4 쌍둥이+저층부,45+45,45,136.75,178,29,37580,400.0,10977,48557,4129,43.95,0.136,3.794,13.8,45층 305㎡(22.1×13.8m) + 45층 305㎡(22.1×13.8m) + 저층부 3층 4000㎡(74.8×53.5m)
쌍둥이+저층부,4 쌍둥이+저층부,35+35,35,107.25,178,30,37580,400.0,9378,46958,4942,52.6,0.156,3.874,15.05,35층 362㎡(24.1×15.0m) + 35층 362㎡(24.1×15.0m) + 저층부 3층 4800㎡(82.0×58.6m)
쌍둥이,3 쌍둥이,60+50,60,181.0,179,28,37580,400.0,15062,52642,777,8.27,0.089,3.839,10.22,60층 313㎡(30.7×10.2m) + 50층 376㎡(33.6×11.2m)
쌍둥이,3 쌍둥이,60+35,60,181.0,179,28,37580,400.0,12976,50556,940,10.01,0.08,3.777,11.93,60층 313㎡(26.2×11.9m) + 35층 537㎡(34.4×15.6m)
쌍둥이,3 쌍둥이,55+40,55,166.25,179,28,37580,400.0,13081,50661,873,9.3,0.091,3.783,13.07,55층 410㎡(30.0×13.7m) + 40층 376㎡(28.8×13.1m)
쌍둥이,3 쌍둥이,55+55,55,166.25,179,22,37580,400.0,13527,51107,761,8.1,0.082,3.708,14.61,55층 342㎡(23.4×14.6m) + 55층 342㎡(23.4×14.6m)
쌍둥이,3 쌍둥이,50+45,50,151.5,179,28,37580,400.0,12502,50082,877,9.34,0.075,3.758,15.33,50층 376㎡(24.5×15.3m) + 45층 418㎡(25.8×16.2m)
쌍둥이,3 쌍둥이,50+40,50,151.5,179,22,37580,400.0,12133,49713,932,9.92,0.064,3.708,15.33,50층 376㎡(24.5×15.3m) + 40층 470㎡(27.4×17.1m)
쌍둥이+저층부,4 쌍둥이+저층부,40+40,40,122.0,179,30,37580,400.0,10092,47672,4948,52.67,0.184,3.847,13.99,40층 313㎡(22.4×14.0m) + 40층 313㎡(22.4×14.0m) + 저층부 3층 4800㎡(98.0×49.0m)
쌍둥이+저층부,4 쌍둥이+저층부,35+35,35,107.25,179,27,37580,400.0,8931,46511,4135,44.01,0.198,3.86,13.53,35층 293㎡(21.7×13.5m) + 35층 293㎡(21.7×13.5m) + 저층부 5층 4000㎡(89.4×44.7m)
쌍둥이,3 쌍둥이,60+40,60,181.0,180,26,37580,400.0,12854,50434,833,8.87,0.11,3.817,15.33,60층 376㎡(24.5×15.3m) + 40층 376㎡(24.5×15.3m)
쌍둥이,3 쌍둥이,55+40,55,166.25,180,22,37580,400.0,12504,50084,869,9.25,0.099,3.72,15.33,55층 410㎡(25.6×16.0m) + 40층 376㎡(24.5×15.3m)
쌍둥이,3 쌍둥이,50+40,50,151.5,180,30,37580,400.0,12579,50159,896,9.53,0.106,3.801,11.32,50층 526㎡(34.0×15.5m) + 40층 282㎡(24.9×11.3m)
쌍둥이,3 쌍둥이,45+40,45,136.75,180,25,37580,400.0,11781,49361,976,10.39,0.077,3.766,16.15,45층 418㎡(25.8×16.2m) + 40층 470㎡(27.4×17.1m)
쌍둥이+저층부,4 쌍둥이+저층부,35+35,35,107.25,181,31,37580,400.0,9436,47016,4948,52.67,0.201,3.871,15.05,35층 362㎡(24.1×15.0m) + 35층 362㎡(24.1×15.0m) + 저층부 3층 4800㎡(98.0×49.0m)
쌍둥이,3 쌍둥이,60+40,60,181.0,182,28,37580,400.0,13383,50963,870,9.26,0.079,3.772,11.93,60층 313㎡(26.2×11.9m) + 40층 470㎡(32.1×14.6m)
쌍둥이,3 쌍둥이,50+45,50,151.5,182,23,37580,400.0,13050,50630,872,9.28,0.078,3.724,12.32,50층 451㎡(31.5×14.3m) + 45층 334㎡(27.1×12.3m)
쌍둥이,3 쌍둥이,45+35,45,136.75,182,22,37580,400.0,12724,50304,1032,10.99,0.155,3.791,11.97,45층 501㎡(38.8×12.9m) + 35층 429㎡(35.9×12.0m)
쌍둥이+저층부,4 쌍둥이+저층부,40+40,40,122.0,182,36,37580,400.0,10092,47672,4948,52.67,0.166,3.859,13.99,40층 313㎡(22.4×14.0m) + 40층 313㎡(22.4×14.0m) + 저층부 3층 4800㎡(98.0×49.0m)
쌍둥이+저층부,4 쌍둥이+저층부,35+35,35,107.25,182,22,37580,400.0,9769,47349,4948,52.67,0.13,3.905,11.48,35층 435㎡(30.9×14.1m) + 35층 290㎡(25.2×11.5m) + 저층부 3층 4800㎡(98.0×49.0m)
쌍둥이+저층부,4 쌍둥이+저층부,35+35,35,107.25,182,24,37580,400.0,10050,47630,4135,44.01,0.213,3.872,12.06,35층 480㎡(32.5×14.8m) + 35층 320㎡(26.5×12.1m) + 저층부 3층 4000㎡(89.4×44.7m)
쌍둥이+저층부,4 쌍둥이+저층부,35+35,35,107.25,182,27,37580,400.0,10050,47630,4135,44.01,0.205,3.857,12.06,35층 480㎡(32.5×14.8m) + 35층 320㎡(26.5×12.1m) + 저층부 3층 4000㎡(89.4×44.7m)
쌍둥이,3 쌍둥이,35+35,35,107.25,182,22,37580,400.0,10581,48161,1170,12.46,0.089,3.73,16.38,35층 644㎡(32.1×20.1m) + 35층 429㎡(26.2×16.4m)
쌍둥이,3 쌍둥이,60+35,60,181.0,183,23,37580,400.0,12476,50056,842,8.97,0.098,3.734,14.19,60층 438㎡(26.5×16.6m) + 35층 322㎡(22.7×14.2m)
쌍둥이,3 쌍둥이,50+40,50,151.5,183,26,37580,400.0,12139,49719,912,9.71,0.11,3.828,15.33,50층 451㎡(26.9×16.8m) + 40층 376㎡(24.5×15.3m)
쌍둥이,3 쌍둥이,45+35,45,136.75,183,21,37580,400.0,11920,49500,1050,11.18,0.142,3.777,13.78,45층 418㎡(30.3×13.8m) + 35층 537㎡(34.4×15.6m)
쌍둥이,3 쌍둥이,50+35,50,151.5,184,26,37580,400.0,11785,49365,969,10.31,0.117,3.837,16.38,50층 451㎡(26.9×16.8m) + 35층 429㎡(26.2×16.4m)
쌍둥이,3 쌍둥이,55+40,55,166.25,185,25,37580,400.0,13905,51485,906,9.64,0.091,3.834,10.67,55층 342㎡(32.0×10.7m) + 40층 470㎡(37.5×12.5m)
쌍둥이,3 쌍둥이,55+45,55,166.25,185,26,37580,400.0,12839,50419,841,8.95,0.093,3.805,14.61,55층 342㎡(23.4×14.6m) + 45층 418㎡(25.8×16.2m)
쌍둥이,3 쌍둥이,55+45,55,166.25,185,23,37580,400.0,12839,50419,825,8.78,0.103,3.711,14.45,55층 410㎡(25.6×16.0m) + 45층 334㎡(23.1×14.4m)
쌍둥이,3 쌍둥이,45+35,45,136.75,185,28,37580,400.0,12709,50289,1057,11.25,0.079,3.782,11.8,45층 418㎡(35.4×11.8m) + 35층 537㎡(40.1×13.4m)
쌍둥이,3 쌍둥이,60+40,60,181.0,186,27,37580,400.0,14257,51837,809,8.62,0.158,3.802,9.69,60층 438㎡(36.3×12.1m) + 40층 282㎡(29.1×9.7m)
쌍둥이,3 쌍둥이,55+40,55,166.25,186,28,37580,400.0,13905,51485,906,9.64,0.078,3.768,10.67,55층 342㎡(32.0×10.7m) + 40층 470㎡(37.5×12.5m)
쌍둥이,3 쌍둥이,60+40,60,181.0,187,27,37580,400.0,12793,50373,866,9.22,0.097,3.814,13.99,60층 313㎡(22.4×14.0m) + 40층 470㎡(27.4×17.1m)
쌍둥이,3 쌍둥이,45+35,45,136.75,187,26,37580,400.0,11828,49408,1000,10.64,0.174,3.806,12.1,45층 585㎡(35.9×16.3m) + 35층 322㎡(26.6×12.1m)
쌍둥이,3 쌍둥이,45+35,45,136.75,187,27,37580,400.0,12724,50304,1032,10.99,0.094,3.795,11.97,45층 501㎡(38.8×12.9m) + 35층 429㎡(35.9×12.0m)
쌍둥이+저층부,4 쌍둥이+저층부,40+40,40,122.0,187,24,37580,400.0,10384,47964,4135,44.01,0.159,3.823,14.7,40층 346㎡(23.5×14.7m) + 40층 346㎡(23.5×14.7m) + 저층부 3층 4000㎡(89.4×44.7m)
쌍둥이,3 쌍둥이,60+55,60,181.0,188,28,37580,400.0,15434,53014,740,7.88,0.109,3.779,10.22,60층 313㎡(30.7×10.2m) + 55층 342㎡(32.0×10.7m)
쌍둥이,3 쌍둥이,45+35,45,136.75,188,26,37580,400.0,11934,49514,1026,10.92,0.096,3.795,13.97,45층 501㎡(33.2×15.1m) + 35층 429㎡(30.7×14.0m)
쌍둥이,3 쌍둥이,55+35,55,166.25,189,22,37580,400.0,13551,51131,936,9.96,0.155,3.781,11.69,55층 410㎡(35.1×11.7m) + 35층 429㎡(35.9×12.0m)
쌍둥이,3 쌍둥이,55+40,55,166.25,189,28,37580,400.0,12504,50084,869,9.25,0.09,3.768,15.33,55층 410㎡(25.6×16.0m) + 40층 376㎡(24.5×15.3m)
쌍둥이,3 쌍둥이,55+35,55,166.25,189,23,37580,400.0,12101,49681,884,9.41,0.096,3.732,14.19,55층 478㎡(27.7×17.3m) + 35층 322㎡(22.7×14.2m)
쌍둥이,3 쌍둥이,45+35,45,136.75,189,24,37580,400.0,11391,48971,1046,11.13,0.078,3.768,16.15,45층 418㎡(25.8×16.2m) + 35층 537㎡(29.3×18.3m)
쌍둥이,3 쌍둥이,45+35,45,136.75,189,21,37580,400.0,11391,48971,1046,11.13,0.139,3.764,16.15,45층 418㎡(25.8×16.2m) + 35층 537㎡(29.3×18.3m)
쌍둥이,3 쌍둥이,40+35,40,122.0,189,27,37580,400.0,12280,49860,1098,11.69,0.094,3.799,11.97,40층 564㎡(41.1×13.7m) + 35층 429㎡(35.9×12.0m)
쌍둥이,3 쌍둥이,40+40,40,122.0,189,26,37580,400.0,11186,48766,1029,10.95,0.158,3.796,13.27,40층 658㎡(32.4×20.3m) + 40층 282㎡(21.2×13.3m)
쌍둥이,3 쌍둥이,60+35,60,181.0,190,23,37580,400.0,13078,50658,894,9.51,0.157,3.784,13.07,60층 376㎡(28.8×13.1m) + 35층 429㎡(30.7×14.0m)
쌍둥이,3 쌍둥이,55+40,55,166.25,190,27,37580,400.0,13841,51421,851,9.06,0.158,3.8,9.69,55층 478㎡(37.9×12.6m) + 40층 282㎡(29.1×9.7m)
쌍둥이,3 쌍둥이,50+35,50,151.5,190,20,37580,400.0,13099,50679,1013,10.78,0.14,3.778,11.19,50층 376㎡(33.6×11.2m) + 35층 537㎡(40.1×13.4m)
쌍둥이,3 쌍둥이,45+35,45,136.75,191,26,37580,400.0,11303,48883,995,10.59,0.172,3.789,14.19,45층 585㎡(30.6×19.1m) + 35층 322㎡(22.7×14.2m)
쌍둥이+저층부,4 쌍둥이+저층부,40+40,40,122.0,191,27,37580,400.0,10384,47964,4135,44.01,0.159,3.848,14.7,40층 346㎡(23.5×14.7m) + 40층 346㎡(23.5×14.7m) + 저층부 3층 4000㎡(89.4×44.7m)
쌍둥이,3 쌍둥이,40+40,40,122.0,191,25,37580,400.0,11412,48992,1031,10.97,0.077,3.771,17.13,40층 470㎡(27.4×17.1m) + 40층 470㎡(27.4×17.1m)
쌍둥이,3 쌍둥이,35+35,35,107.25,191,25,37580,400.0,11074,48654,1175,12.51,0.096,3.804,13.97,35층 644㎡(37.6×17.1m) + 35층 429㎡(30.7×14.0m)
쌍둥이,3 쌍둥이,50+40,50,151.5,192,28,37580,400.0,12139,49719,912,9.71,0.09,3.773,15.33,50층 451㎡(26.9×16.8m) + 40층 376㎡(24.5×15.3m)
쌍둥이,3 쌍둥이,50+50,50,151.5,192,25,37580,400.0,14331,51911,843,8.97,0.116,3.772,11.19,50층 376㎡(33.6×11.2m) + 50층 376㎡(33.6×11.2m)
쌍둥이,3 쌍둥이,60+45,60,181.0,193,24,37580,400.0,13769,51349,815,8.67,0.124,3.763,11.93,60층 313㎡(26.2×11.9m) + 45층 418㎡(30.3×13.8m)
쌍둥이,3 쌍둥이,55+35,55,166.25,193,21,37580,400.0,12638,50218,970,10.33,0.142,3.767,12.46,55층 342㎡(27.4×12.5m) + 35층 537㎡(34.4×15.6m)
쌍둥이,3 쌍둥이,50+50,50,151.5,194,28,37580,400.0,13383,50963,837,8.91,0.126,3.782,11.69,50층 451㎡(31.5×14.3m) + 50층 301㎡(25.7×11.7m)
쌍둥이,3 쌍둥이,50+40,50,151.5,195,21,37580,400.0,13532,51112,942,10.03,0.131,3.772,11.19,50층 376㎡(33.6×11.2m) + 40층 470㎡(37.5×12.5m)
쌍둥이,3 쌍둥이,50+45,50,151.5,196,24,37580,400.0,13080,50660,881,9.38,0.124,3.764,13.07,50층 376㎡(28.8×13.1m) + 45층 418㎡(30.3×13.8m)
쌍둥이,3 쌍둥이,50+45,50,151.5,197,26,37580,400.0,13050,50630,872,9.28,0.135,3.774,12.32,50층 451㎡(31.5×14.3m) + 45층 334㎡(27.1×12.3m)
쌍둥이,3 쌍둥이,40+35,40,122.0,197,24,37580,400.0,11022,48602,1101,11.72,0.078,3.773,17.13,40층 470㎡(27.4×17.1m) + 35층 537㎡(29.3×18.3m)
쌍둥이,3 쌍둥이,60+45,60,181.0,201,24,37580,400.0,13163,50743,811,8.63,0.123,3.74,13.99,60층 313㎡(22.4×14.0m) + 45층 418㎡(25.8×16.2m)
