{"type": "FeatureCollection", "crs": {"type": "name", "properties": {"name": "urn:ogc:def:crs:EPSG::5186"}}, "features": [{"type": "Feature", "geometry": {"type": "Polygon", "coordinates": [[[189806.73835689487, 549713.0402966177], [189789.65627290565, 549734.9352866006], [189809.05523403053, 549750.0700130151], [194315.36714596857, 546964.4349721196], [194332.4492299578, 546942.5399821366], [194313.0502688329, 546927.4052557222], [189806.73835689487, 549713.0402966177]]]}, "properties": {"kind": "화랑 신축", "time_kst": "08:00", "sun_alt_deg": 1.78, "sun_az_deg": 121.72, "scheme": "F1-55"}}, {"type": "Feature", "geometry": {"type": "Polygon", "coordinates": [[[191269.3652082896, 548384.4649123788], [191271.5349343256, 548400.4048160528], [191269.73574172638, 548402.6977727201], [191239.9258594636, 548421.1251373187], [191230.6457164986, 548434.7348760918], [191232.9053921256, 548453.7647557638], [191245.2351431756, 548462.9848780868], [191255.3650731136, 548462.1950474508], [191260.9949623316, 548466.2251047868], [192605.82390412656, 547634.901686106], [192631.84397112334, 547654.8660982848], [193099.58656041377, 547365.7249619612], [193060.02941084444, 547416.4420237577], [193063.78130975043, 547419.3620531989], [193052.1003125993, 547426.582812794], [192968.24926950768, 547534.0825796148], [192968.56026455443, 547534.2325833812], [192968.4002607176, 547534.5525781757], [192976.83008894735, 547540.9526610115], [193043.15439565844, 547499.9534322745], [193052.6879828184, 547507.4967864589], [193003.54992013823, 547537.8721159786], [192996.64983488625, 547546.6819325028], [193024.54925450645, 547568.6022005976], [193106.69750140648, 547517.8211983979], [193084.17307865617, 547546.8230876147], [191714.20053470123, 548393.6893494453], [191710.87511195504, 548397.9901374871], [190685.1655089656, 549032.0458060041], [190677.137520192, 549042.0324304975], [190666.19026277342, 549055.6505548067], [190681.62413699055, 549068.0574465478], [191373.26288558636, 548640.5120010971], [191374.0638957984, 548641.1559124601], [190676.50291641796, 549072.3622615314], [190675.39364752217, 549073.7421652952], [190666.48111994372, 549079.2515595872], [190654.8040453639, 549093.7775588504], [190660.94039351583, 549098.7104101965], [190519.05585548485, 549186.4181740228], [190511.02786671123, 549196.4047985162], [190511.02786671126, 549196.4047985162], [190108.31292759528, 549445.3482511258], [190095.90603585422, 549460.7821253429], [190109.52416016348, 549471.7293827615], [190186.7660658431, 549423.9812988979], [190177.64775580168, 549435.3242567627], [190191.2658801109, 549446.2715141814], [192831.16817223452, 547814.3817397524], [192831.75753138604, 547814.8331147665], [193224.57272708404, 547572.0093166992], [193189.26012037173, 547617.6324453597], [193187.05176105505, 547620.501170779], [192849.80715654136, 547828.9732885651], [192843.62707648834, 547837.093122329], [192893.76796079255, 547876.2253353606], [192848.08695682936, 547904.463639284], [192845.18691991136, 547908.233561606], [192846.15689992634, 547908.983571026], [192840.70683047135, 547916.073425006], [192842.09726903896, 547917.0405919234], [192837.88679612035, 547919.643350261], [192833.8160143643, 547924.4331470807], [192831.14674765934, 547926.083188847], [192827.90671288036, 547929.893105371], [192839.11746802335, 547939.4232071621], [192842.22983849124, 547937.4992550688], [192848.38734354434, 547942.453331273], [192847.65733487633, 547943.3633120391], [192851.45725461835, 547946.423347944], [192909.0490534227, 547910.8222320087], [192908.70735208693, 547911.2635580908], [192910.1707345295, 547912.3961751623], [192905.8073142034, 547915.0934799197], [192902.0337700669, 547919.9646202589], [192898.68726080208, 547922.0333082803], [192898.41925751106, 547922.3743011623], [192895.4772212734, 547926.1232229836], [192901.40709933176, 547930.6932807054], [192907.9069656514, 547935.7033439726], [192910.5616531107, 547934.0623145556], [192917.41682892243, 547939.3734666769], [192916.62681881603, 547940.4034454932], [192920.91673037372, 547943.7234871379], [193088.2631765682, 547840.2761151853], [193091.14441303464, 547842.5263771948], [193590.90127279342, 547533.5952051684], [193572.56996066115, 547557.2121068939], [193557.29976551567, 547577.1026976053], [193563.30964229055, 547581.7127563194], [193566.78647593845, 547579.5635065937], [193567.19963994893, 547579.882833946], [193847.18861079236, 547406.8040272661], [193854.9523714265, 547415.0617029857], [193862.33650104445, 547420.6414303556], [193832.8866806525, 547456.7738092283], [193804.01252185524, 547474.6227442541], [193790.49235511624, 547491.8623848731], [193795.25325605125, 547495.6034306341], [193794.92325215423, 547496.0134219511], [193798.49669067218, 547498.9673483012], [193771.11355092985, 547532.564089019], [193773.81637247532, 547534.7810826334], [193716.14308707122, 547608.5032286712], [193717.12306748325, 547609.2232385001], [193717.532211719, 547608.9703206945], [193724.86292156824, 547614.3633206422], [193724.53291687023, 547614.823311547], [193725.43289890024, 547615.483320584], [194080.80069668015, 547395.8081162825], [194070.4374035536, 547406.0839917384], [194074.46130443396, 547410.2030225403], [194314.7251325167, 547261.6808270852], [194318.5331633146, 547257.830920028], [194327.0032318087, 547249.2681267558], [194323.1963287843, 547245.1720992503], [194130.7431740821, 547364.1395080639], [194135.30693084106, 547358.365317248], [194143.913059143, 547353.045327635], [194150.203134932, 547345.135493933], [194147.563196068, 547342.675471736], [194156.35903572035, 547331.3663155113], [194174.123337448, 547320.385082446], [194185.842483847, 547305.325394931], [194183.93593920863, 547303.8406030406], [194230.03260483174, 547275.3453524815], [194232.2626342109, 547272.3854127205], [194229.51271512694, 547270.3210084174], [194230.15269101, 547269.925399041], [194241.73024813275, 547254.4479013983], [194279.652912398, 547231.005515588], [194292.13348975472, 547215.8355925832], [194298.183065074, 547212.09596929], [194310.46857432727, 547197.1288922986], [194314.033211693, 547194.925365568], [194319.893278629, 547187.785518595], [194319.4332885, 547187.405514327], [194319.933294223, 547186.795527388], [194317.183352876, 547184.545501687], [194318.9517546247, 547182.3738899359], [194318.95175462478, 547182.3738899358], [194339.153409113, 547169.885975711], [194351.132558422, 547154.515294907], [194350.492571693, 547154.015288729], [194350.14396434784, 547154.230784872], [194345.342670373, 547150.495234884], [194349.1662929549, 547145.5922529377], [194359.562736392, 547139.165556849], [194365.282807853, 547131.815709348], [194362.092873796, 547129.335678462], [194362.212875389, 547129.175681709], [194373.573005461, 547115.315978501], [194369.422413731, 547111.9105187043], [194378.57111033832, 547106.25513347], [194380.95914310665, 547103.004198638], [194379.46686876126, 547101.7865220037], [194455.27330919943, 547054.9257895607], [194461.32336864798, 547048.155942583], [194457.67245170014, 547044.8459111118], [194373.47250477358, 547096.8951982415], [194371.8743365356, 547095.5911135555], [194344.7972267145, 547112.3291794945], [194347.163354856, 547107.005622179], [194348.67343032, 547101.545691409], [194349.0121390628, 547098.9908357379], [194350.492471258, 547098.075749229], [194351.463476352, 547097.265771512], [194351.962492537, 547096.005789911], [194351.9445549682, 547095.6066274914], [194436.63264913872, 547043.255585824], [194437.7849235845, 547041.7192714642], [194506.4127860905, 546999.2960698939], [194510.64016380356, 546993.7825229728], [194525.03286574993, 546984.8854879565], [194528.29290521893, 546980.7755742104], [194523.54300448042, 546977.0155287635], [194525.17115848922, 546974.9604514134], [194605.22316624786, 546925.475266574], [194622.91338055968, 546903.1657346659], [194622.5837578948, 546902.9064229368], [194625.93339336783, 546900.8358024093], [194626.22339887999, 546900.3458111072], [194626.5134047133, 546899.8358199685], [194626.6634142634, 546899.1658278916], [194626.6624240795, 546898.5558328949], [194626.473435916, 546897.9158351228], [194625.94244668432, 546897.5158298744], [194625.06345997372, 546897.1358188643], [194624.60346533882, 546897.0358122893], [194623.82347106602, 546897.0757994147], [194622.95751124728, 546897.6111036862], [194622.58247782273, 546897.2857777283], [194626.73253270218, 546891.7658898951], [194626.02516572308, 546891.2007907763], [194647.1125850004, 546878.1653295812], [194650.2467831826, 546874.1152715312], [194669.5126587437, 546862.2058211635], [194683.45282716365, 546844.6551897724], [194672.12306439623, 546835.6560815944], [194670.04307060546, 546836.3260426325], [194672.12309704133, 546833.6260982965], [194654.01347021988, 546819.6159223088], [194647.2677383344, 546823.7858837948], [194643.09254202843, 546820.6957377838], [194517.75716318688, 546898.1734246345], [194520.27335209554, 546894.8751521509], [194518.77338299924, 546893.7151375716], [194520.6816105941, 546891.243422499], [194578.46250967955, 546855.5254117772], [194581.13139263703, 546851.5773666368], [194602.42258916146, 546838.4159378987], [194606.46550716748, 546833.2169586612], [194620.96266548583, 546824.2553525864], [194624.24270720832, 546819.9954403905], [194619.6128021017, 546816.4453951367], [194630.58994245555, 546802.1436893502], [194631.76295745006, 546800.6157207873], [194631.14297039268, 546800.1257148456], [194631.62297644556, 546799.5057276693], [194630.64299666745, 546798.7457181606], [194632.6730219029, 546796.1457721997], [194626.57314841714, 546791.3757133431], [194440.96872212848, 546906.1094920337], [194440.67282498584, 546905.8957813149], [194442.602851193, 546903.2858338321], [194441.5412532205, 546902.5043054667], [194449.43288642025, 546897.62599025], [194453.55098108263, 546892.3723582402], [194468.0729630154, 546883.3954071268], [194471.17300121466, 546879.4454894874], [194470.7891669967, 546879.1075006326], [194578.77320135, 546812.355771984], [194583.673255569, 546806.495899003], [194511.612748365, 546750.255202889], [194504.32920749657, 546744.5723087307], [194580.323034087, 546697.595741112], [194605.513363408, 546664.325419925], [194564.60322241, 546631.676030636], [194476.19062908093, 546686.3294196704], [194451.44257683842, 546667.0959195313], [194398.0710569844, 546700.0882154035], [194399.53250083482, 546698.1858289966], [194398.9725124834, 546697.7458236098], [194399.43251789335, 546697.1758356988], [194398.6025351221, 546696.5258277023], [194400.61255970766, 546693.9758810032], [194399.96271395052, 546693.4649008749], [194406.51258484303, 546689.416013397], [194410.77890821212, 546683.9174816647], [194425.08266378238, 546675.0754300022], [194428.33270477148, 546670.8755168212], [194423.58280417448, 546667.1054714606], [194435.96295326296, 546651.5457985575], [194435.30296701292, 546651.0257922239], [194435.77297265877, 546650.4358046365], [194434.90299102044, 546649.735796405], [194436.72301281613, 546647.4558444313], [194430.57314165717, 546642.5657857743], [194306.45892736176, 546719.2885939532], [194305.1763933042, 546718.3101856093], [194328.33298886204, 546703.9956363117], [194331.76057077062, 546699.5829342417], [194346.15305732773, 546690.6860323711], [194349.54309975906, 546686.3251227669], [194345.05319253847, 546682.8350792902], [194357.3733469223, 546666.9754078934], [194355.82337887477, 546665.7753928471], [194357.8034038643, 546663.2154457486], [194356.2455589252, 546662.0088792092], [194366.18345360286, 546655.8656409718], [194369.7605847236, 546651.2354231352], [194384.1425243372, 546642.3450409942], [194387.43356595718, 546638.0851289649], [194382.79266157578, 546634.4950838798], [194395.0528164564, 546618.6354115087], [194393.50284872972, 546617.4153966223], [194395.56287419147, 546614.7854513883], [194388.1630278683, 546608.9853801219], [194253.39993672248, 546692.2909293717], [194261.99289721, 546681.195757236], [194253.5758367164, 546674.3870670677], [194281.9531256954, 546656.8452785518], [194348.28295240182, 546571.7350453675], [194337.60316403047, 546563.9959373248], [194248.06485403568, 546619.3452026882], [194237.0495371221, 546610.887143478], [194268.61328719713, 546591.3756027882], [194308.02278498968, 546540.3956558919], [194298.06298431806, 546533.0555561461], [194072.82235084433, 546672.290969384], [194080.60268622468, 546662.0659982573], [194080.32269172397, 546661.8659954012], [194080.58269554807, 546661.4960026251], [194077.79460073623, 546659.4016961217], [194091.31277591348, 546651.0452611481], [194130.8532717149, 546600.1153159898], [194130.30328295936, 546599.6953106024], [194130.4032842309, 546599.5653132809], [194118.26253482178, 546590.1451956121], [193550.36621389896, 546941.1976575971], [193542.75347325782, 546950.9393198226], [193495.12836488575, 546980.3793970521], [193494.9783630589, 546980.569393079], [193482.48820449944, 546996.7790588663], [193482.8581969775, 546997.0590625077], [193482.5981936351, 546997.3990555314], [193482.33819013345, 546997.7490484709], [193482.9781775099, 546998.2090549724], [193482.75817464557, 546998.4990490515], [193485.00813006426, 547000.1290718057], [193483.51810928076, 547002.1790309798], [193483.56644805867, 547002.3240550758], [193483.3481061694, 547002.459025941], [193483.61809014002, 547003.3190232023], [193484.02808244844, 547003.5890275743], [193483.8280792594, 547003.8890218886], [193487.63677559645, 547006.7770513579], [191279.2253291636, 548371.9351740348], [191269.3652082896, 548384.4649123788]], [[194058.13421748346, 546863.3654816317], [194051.89746372207, 546858.512303437], [194150.18091737782, 546797.757114317], [194142.3958223596, 546807.5616349938], [194145.02875597568, 546809.6504978453], [194058.13421748346, 546863.3654816317]], [[194220.59259557244, 547031.9652044578], [194220.23652257188, 547032.1853155923], [194220.79260181575, 547031.4752117068], [194204.48322537128, 547018.6947118168], [194297.2259298124, 546961.3646085467], [194264.64568401387, 547002.8419938228], [194266.16583585727, 547004.0371526809], [194261.7256445086, 547006.7819144398], [194246.40525000406, 547026.3814208792], [194227.98437701855, 547037.7685219665], [194226.96246313024, 547036.9652657274], [194220.59259557244, 547031.9652044578]], [[194183.34131099377, 547216.810517186], [194240.45632315057, 547181.5041330886], [194243.07916654684, 547183.6446282052], [194185.99188362763, 547218.9338711153], [194183.34131099377, 547216.810517186]]]}, "properties": {"kind": "기존·대교", "time_kst": "08:00", "sun_alt_deg": 1.78, "sun_az_deg": 121.72, "scheme": "F1-55"}}, {"type": "Feature", "geometry": {"type": "Polygon", "coordinates": [[[193697.73324455856, 547475.8443819545], [193680.65116056934, 547497.7393719375], [193700.05012169422, 547512.8740983519], [194315.36714596857, 546964.4349721196], [194332.4492299578, 546942.5399821366], [194313.0502688329, 546927.4052557222], [193697.73324455856, 547475.8443819545]]]}, "properties": {"kind": "화랑 신축", "time_kst": "09:00", "sun_alt_deg": 11.32, "sun_az_deg": 131.71, "scheme": "F1-55"}}, {"type": "Feature", "geometry": {"type": "MultiPolygon", "coordinates": [[[[194080.58269554807, 546661.4960026251], [194080.0427181615, 546661.0903929782], [194091.31277591348, 546651.0452611481], [194130.8532717149, 546600.1153159898], [194130.30328295936, 546599.6953106024], [194130.4032842309, 546599.5653132809], [194118.26253482178, 546590.1451956121], [194057.9766147896, 546643.8787280875], [194050.01332800137, 546637.6857071221], [194049.6671683638, 546637.9942431803], [194049.37333194024, 546637.7656961725], [193973.6936252285, 546705.2198874025], [193973.54362340167, 546705.4098834294], [193968.94640521353, 546711.3761303771], [193608.4000937875, 547032.7351960359], [193598.53997291348, 547045.26493438], [193599.80494345116, 547054.5580470525], [193569.1006240875, 547081.9251593199], [193559.8204811225, 547095.534898093], [193562.0801567495, 547114.564777765], [193574.4099077995, 547123.784900088], [193584.53983773748, 547122.995069452], [193590.1697269555, 547127.025126788], [193736.7168732704, 546996.4059732361], [193753.99699537532, 547009.6644894514], [193931.452859389, 546851.49604105], [193956.063173557, 546819.445700572], [193944.88995172083, 546810.8589190405], [193958.502486715, 546798.725910358], [193965.3797012599, 546789.1131480626], [193972.602629548, 546782.675269176], [194003.043009923, 546743.545080678], [194001.613041055, 546742.335067648], [194015.153200353, 546725.545423533], [194014.16851481533, 546724.751554888], [194072.392579828, 546672.855777457], [194080.60268622468, 546662.0659982573], [194080.32269172397, 546661.8659954012], [194080.58269554807, 546661.4960026251]]], [[[193870.9971426568, 546950.1618694747], [193872.83800734542, 546951.5945784103], [193863.06804441166, 546960.302658511], [193779.21700132004, 547067.8024253318], [193779.52799636679, 547067.9524290982], [193779.36799252997, 547068.2724238926], [193787.7978207597, 547074.6725067284], [193904.49095901355, 546970.6625732202], [193907.5679659465, 546973.0570206955], [193854.88715133193, 547020.0120354223], [193847.9780663111, 547028.8118518903], [193855.67854957734, 547034.9047812036], [193814.5176519506, 547071.5919616956], [193807.6175666986, 547080.4017782197], [193835.5169863188, 547102.3220463146], [193874.09984563375, 547067.9327009602], [193879.70380211953, 547072.3182003413], [193883.876330495, 547068.5991779087], [193884.14382210476, 547068.8183005481], [193931.86304604122, 547026.285608541], [193934.01307059298, 547023.6656646844], [193932.73309793306, 547022.6156527487], [193939.96318080847, 547013.7858417032], [193937.2330973955, 547011.6613090329], [193963.76240064803, 546988.0154365455], [193970.5824880018, 546979.1156194768], [193962.95422621266, 546973.129621728], [194004.12290011803, 546936.4355101496], [194010.95298755562, 546927.5256933195], [194002.61756077412, 546920.9880051358], [194055.36248564938, 546873.9758481978], [194058.80252828237, 546869.5759397298], [194057.35255797356, 546868.4659255531], [194059.89259045533, 546865.1549936486], [194059.88259743477, 546864.7259970184], [194054.01258442726, 546860.1582009789], [194075.378847587, 546841.1142053866], [194077.29996319136, 546842.6323605819], [194094.53486170876, 546827.2706977143], [194053.82777900636, 546879.8823875644], [194060.75934516283, 546885.1251802822], [194018.11737535446, 546923.1324574092], [193951.07754164422, 547009.0526722389], [193951.3175371124, 547009.2126747802], [193951.167534656, 547009.4416704825], [193952.54735347565, 547010.5246447526], [193942.86744633975, 547019.1524570871], [193941.5074302838, 547020.8424213076], [193856.48736496133, 547130.3121530304], [193865.28718308316, 547137.1522382038], [193993.53259741238, 547022.8456284347], [194056.33338977915, 546941.6453067345], [194077.072644293, 546915.2758572818], [194079.83267688713, 546911.8459298982], [194077.84097505047, 546910.2470341207], [194087.59277893952, 546901.5551393849], [194120.69318715928, 546859.3450190696], [194154.71261617017, 546815.375927981], [194148.46519396344, 546810.4750935213], [194191.14300896082, 546772.4358671659], [194229.472487712, 546723.1858887894], [194261.99289721, 546681.195757236], [194258.1347663466, 546678.0748556221], [194281.9531256954, 546656.8452785518], [194348.28295240182, 546571.7350453675], [194337.60316403047, 546563.9959373248], [194209.35774970124, 546678.302547094], [194143.48791669327, 546763.5717863736], [194148.35442486504, 546767.1813136929], [194125.46643937874, 546787.581637861], [194111.6747866073, 546776.6761953023], [194151.21283351275, 546741.435480285], [194151.94284282016, 546740.4854998414], [194163.77299007593, 546725.3158149], [194189.99578723768, 546691.7645016665], [194204.98340765887, 546678.4058635599], [194212.11249219588, 546669.5260512577], [194204.74838814168, 546663.7631730147], [194242.352876733, 546630.2458607159], [194249.73297112135, 546620.6260585357], [194242.24590686974, 546614.8771515139], [194268.61328719713, 546591.3756027882], [194308.02278498968, 546540.3956558919], [194298.06298431806, 546533.0555561461], [194222.9160917482, 546600.034844016], [194214.84268674836, 546593.8357180124], [194170.8439326486, 546633.0523125512], [194180.0435312484, 546621.1859334518], [194181.74255145554, 546619.0659782151], [194172.8027397313, 546611.895893487], [194044.55732540207, 546726.2025032562], [194032.06714994006, 546743.4621604083], [193973.4174381868, 546817.5326078654], [193982.23822434933, 546824.3891240661], [193939.11799025713, 546862.8226836387], [193870.9971426568, 546950.1618694747]], [[194025.52247684062, 546827.4857511284], [194021.03257027268, 546823.9557079969], [194036.36609321498, 546804.4425470923], [194059.64290209388, 546783.6956601716], [194061.8024163963, 546780.9486659112], [194062.94728120018, 546781.8123412963], [194062.26727212462, 546782.7223228754], [194065.71849536645, 546785.7860746166], [194056.3771371195, 546794.1121344405], [194040.897770615, 546814.0200760887], [194024.90137875907, 546828.2778437536], [194025.52247684062, 546827.4857511284]], [[194294.80024704145, 546619.4047945199], [194294.8002470416, 546619.4047945198], [194294.8002470415, 546619.4047945199], [194294.80024704133, 546619.40479452], [194294.80024704145, 546619.4047945199]]], [[[193664.0448347451, 547324.657559926], [193653.09757732652, 547338.2756842353], [193665.85442972515, 547348.5305874721], [193575.50836796954, 547429.0570692905], [193567.480379196, 547439.0436937838], [193512.4914297379, 547488.055975589], [193500.08453799682, 547503.4898498061], [193513.70266230608, 547514.4371072247], [193682.65972769624, 547363.843735584], [193685.52586225327, 547366.1477469207], [193715.26628314145, 547339.6397684279], [193724.31396398542, 547346.9129647207], [193593.5033325241, 547463.5059819628], [193581.82625794428, 547478.0319812259], [193595.4443822535, 547488.9792386446], [193854.2968066586, 547258.2611017114], [193895.29887196896, 547290.2609672248], [193857.0816929215, 547324.3243775597], [193854.1816560035, 547328.0942998817], [193855.15163601848, 547328.8443093017], [193849.70156656348, 547335.9341632817], [193850.36726650313, 547336.3972135548], [193846.8815322125, 547339.5040885367], [193845.3661778008, 547341.2870973485], [193840.14148375147, 547345.9439271227], [193836.9014489725, 547349.7538436467], [193848.1122041155, 547359.2839454378], [193850.72327484892, 547356.9566681237], [193857.38207963647, 547362.3140695487], [193856.65207096847, 547363.2240503147], [193860.45199071048, 547366.2840862197], [193980.8925893054, 547258.9339982969], [193985.09016186153, 547262.1896767778], [193987.3438932328, 547260.1809001387], [193987.93016356236, 547260.6407352026], [193999.78716429486, 547250.0724543572], [194001.3210115323, 547251.2852950266], [193925.9722244785, 547318.4445337673], [193922.80218445722, 547322.5444490329], [193923.77216463303, 547323.2844585349], [193917.70208817907, 547331.1242963665], [193918.44975953686, 547331.7029730808], [193914.80205029555, 547334.9542181954], [193913.31628851336, 547336.8721377664], [193907.6819968942, 547341.894046556], [193907.4139936032, 547342.235039438], [193904.47195736555, 547345.9839612592], [193910.4018354239, 547350.554018981], [193916.90170174354, 547355.5640822483], [193919.12116076113, 547353.5858529513], [193926.41156501457, 547359.2342049526], [193925.62155490817, 547360.2641837689], [193929.91146646586, 547363.5842254136], [194054.35393228824, 547252.6672272983], [194023.7203634909, 547292.2100508203], [194034.1301477002, 547300.3401512844], [194183.2527225016, 547167.4254887621], [194231.31365511628, 547105.3488852124], [194239.40900404478, 547111.5839074274], [194307.63258201643, 547050.7754493235], [194318.43271649352, 547036.9257370168], [194321.71275820016, 547032.6658248309], [194294.153328418, 547011.2055582857], [194247.30909930926, 547052.9583573599], [194226.96246313024, 547036.9652657274], [194220.59259557244, 547031.9652044578], [194219.9843371064, 547032.50735221], [194220.79260181575, 547031.4752117068], [194212.77687224656, 547025.1938537882], [194269.56277190722, 546974.5799296425], [194268.5274815564, 546975.9020496865], [194268.91177534, 546976.2030449795], [194264.07744377668, 546980.5119401894], [194231.1570323269, 547022.8220625747], [194238.6678764283, 547028.7021349635], [194241.1314875298, 547026.5062901118], [194242.22786889607, 547027.362203242], [194258.56431105794, 547012.8013448365], [194259.9579406856, 547013.8915992272], [194388.20335501482, 546899.5849894581], [194391.543395749, 546895.3550779856], [194387.0124903225, 546891.7750345874], [194399.4226423736, 546876.0153638556], [194399.1938178261, 546875.8350259737], [194424.86280538654, 546852.9559627372], [194428.1628470955, 546848.686050945], [194423.4429459457, 546844.936005904], [194436.11309830684, 546829.025340591], [194434.8682389335, 546828.0343343673], [194477.06338456555, 546790.4253167572], [194479.01236720508, 546787.8951013292], [194481.23873562654, 546785.9107136013], [194483.3329148928, 546787.5413459935], [194487.68856632526, 546783.6591038784], [194487.7629401438, 546783.7214486705], [194509.43119136448, 546800.7266354644], [194392.23760841813, 546905.182621071], [194383.28749996188, 546916.4723842426], [194360.03719859238, 546947.0217589566], [194366.9470567762, 546952.3318263858], [194369.11144859964, 546950.4026791111], [194370.23704711383, 546951.2618880975], [194386.1900343832, 546937.0428074389], [194387.84711234047, 546938.2622782709], [194422.06686496612, 546907.7618199876], [194415.52340156038, 546916.0921976771], [194416.32056318392, 546916.7189342626], [194412.60336205512, 546920.032118294], [194378.4129379619, 546963.7722084714], [194384.63381173194, 546968.462269914], [194386.93939086772, 546966.4072807672], [194387.38381694115, 546966.7413283027], [194387.87803699943, 546966.3008242921], [194388.5028073198, 546966.771346049], [194405.78048556347, 546951.3715531204], [194407.12288662334, 546952.3817639255], [194430.98249859156, 546931.115417922], [194434.15253798623, 546927.0555023141], [194429.48263482194, 546923.405457254], [194441.73278674207, 546907.7357832191], [194441.06280009283, 546907.2457764758], [194441.57280718492, 546906.5457904396], [194440.67282498584, 546905.8957813149], [194441.67471924896, 546904.5409336966], [194442.78921229776, 546903.5475732503], [194444.2133510472, 546904.6617531303], [194468.0729630154, 546883.3954071268], [194471.17300121466, 546879.4454894874], [194466.65310212836, 546875.4654495528], [194478.84325229668, 546859.9357733896], [194478.15326661506, 546859.3957667373], [194478.6532728226, 546858.7557800445], [194477.81329029484, 546858.0957719663], [194477.86886969968, 546858.0248526833], [194516.0925266697, 546823.9556685018], [194519.34256814915, 546819.7257555733], [194514.65266449857, 546816.1157098565], [194520.25489702093, 546808.8357566426], [194540.1728559298, 546824.5319557185], [194536.53380958378, 546829.2618582766], [194540.7537228618, 546832.5118994016], [194545.48842674366, 546828.2918034876], [194551.65361873677, 546833.4520669575], [194552.4031456566, 546832.784005011], [194552.85361360078, 546833.1620886445], [194553.58225832987, 546832.5126392342], [194554.9135893818, 546833.6221179875], [194578.77320135, 546812.355771984], [194583.673255569, 546806.495899003], [194516.74669132294, 546754.2620651353], [194580.323034087, 546697.595741112], [194605.513363408, 546664.325419925], [194564.60322241, 546631.676030636], [194490.6647107722, 546697.5782747115], [194451.44257683842, 546667.0959195313], [194324.32136771586, 546780.4005122964], [194323.50280988732, 546779.7759350316], [194198.7272417782, 546890.9898310385], [194194.27915981907, 546887.4141331582], [194204.1713155551, 546875.1085299053], [194211.613297646, 546868.47540585], [194222.333430988, 546854.735691314], [194201.21584506088, 546838.2465552274], [194210.49515982694, 546829.9757954702], [194216.79333132703, 546834.831670744], [194219.22969965672, 546832.6601076876], [194220.25332525274, 546833.4517377348], [194236.61155560985, 546818.8714592608], [194238.2233937565, 546820.062136888], [194262.0830057247, 546798.7957908845], [194265.36304613916, 546794.6158780273], [194260.64314401863, 546790.925832501], [194273.07329750413, 546775.0651629036], [194272.55289708296, 546774.6630219665], [194299.6334751254, 546750.5257919313], [194302.97251698928, 546746.225881007], [194298.51260808337, 546742.825837274], [194310.69276570564, 546726.8351647155], [194309.1327975805, 546725.6451494272], [194311.21282448605, 546722.9152053366], [194309.00014871566, 546721.2272186329], [194320.74911228815, 546710.7552325483], [194322.2934453595, 546711.9523783746], [194346.15305732773, 546690.6860323711], [194349.54309975906, 546686.3251227669], [194345.05319253847, 546682.8350792902], [194357.3733469223, 546666.9754078934], [194355.82337887477, 546665.7753928471], [194357.5060003771, 546663.5999546301], [194358.78665052762, 546662.458496452], [194360.28291236897, 546663.6113869977], [194384.1425243372, 546642.3450409942], [194387.43356595718, 546638.0851289649], [194382.79266157578, 546634.4950838798], [194395.0528164564, 546618.6354115087], [194393.50284872972, 546617.4153966223], [194395.56287419147, 546614.7854513883], [194388.1630278683, 546608.9853801219], [194364.30341590007, 546630.2517261254], [194331.0730058619, 546672.6318430955], [194332.3948137864, 546673.6671858679], [194326.62294284184, 546678.8117206893], [194293.2735399061, 546720.811838848], [194296.5607494464, 546723.4197777082], [194183.36755769086, 546824.3101687307], [194176.253385883, 546818.755246521], [194139.71835505666, 546851.3193388389], [194128.96822227267, 546865.040053054], [194144.94572000456, 546877.5141475449], [194111.81330275832, 546918.7300758337], [194055.0973313094, 546969.2816721618], [194053.79731506415, 546970.9526375036], [194045.28481830444, 546982.0228008209], [193672.0728235187, 547314.6709354327], [193664.0448347451, 547324.657559926]], [[194064.7157135522, 547142.6765421017], [194099.923305944, 547111.2956108965], [194110.5824363905, 547097.7658936995], [194100.6203337596, 547089.9319776269], [194104.08138165995, 547086.847105908], [194108.3925118232, 547090.3127117866], [194120.6951242443, 547079.3472521285], [194164.96524382933, 547024.2762906408], [194175.46941768218, 547032.4018083028], [194136.09770190285, 547067.4942704784], [194131.6976402552, 547073.5641497523], [194143.9768858004, 547083.4915115477], [194071.58173913235, 547148.0181367112], [194064.7157135522, 547142.6765421017]], [[194132.3965457296, 546984.1347970736], [194208.21822773293, 546916.5540616366], [194218.9628115014, 546903.188058462], [194299.92122558987, 546831.028894759], [194307.48079418164, 546837.0413547669], [194306.25738868563, 546838.1317901276], [194273.95797825593, 546880.0619257111], [194280.44458592476, 546884.9498848562], [194255.7633463928, 546906.9485569379], [194248.52213983284, 546901.1275385338], [194257.84258638215, 546889.2259784178], [194248.1727870872, 546881.6558852337], [194132.8176093289, 546984.4732791954], [194132.3965457296, 546984.1347970736]], [[194103.6646708262, 547194.2025282992], [194095.94310149446, 547188.2259134528], [194096.19052906864, 547187.9072476991], [194103.9512681437, 547193.9470808206], [194103.6646708262, 547194.2025282992]], [[194085.79611976558, 547176.4293046971], [194150.70377393806, 547118.5763675349], [194153.63381077867, 547114.7964457731], [194149.37289963657, 547111.4354049268], [194150.65600808564, 547109.7811633655], [194157.7196109718, 547115.343562801], [194161.02242025497, 547112.399730978], [194174.35935297632, 547122.9337679023], [194171.76932139898, 547126.2136992507], [194178.42140679152, 547131.4787029134], [194159.2099978836, 547148.6020521781], [194144.4435266787, 547137.135114061], [194096.72430274222, 547179.6678060681], [194094.14137483004, 547182.8916726328], [194085.79611976558, 547176.4293046971]]], [[[194162.9633566828, 547200.485890271], [194120.8362293014, 547238.0342824336], [194110.9661038148, 547250.8540181454], [194121.34584146953, 547261.894094166], [194136.93552464392, 547273.6742478737], [194179.0626520253, 547236.1258557112], [194190.1627840415, 547222.2751482679], [194162.9633566828, 547200.485890271]]], [[[194152.91724368147, 547274.0138406672], [194139.39707694246, 547291.2534812862], [194144.15797787748, 547294.9945270473], [194143.82797398046, 547295.4045183642], [194149.42785378345, 547300.0335703052], [194125.91856265147, 547330.0849447752], [194065.04780889745, 547407.8943250843], [194066.02778930948, 547408.6143349132], [194066.36824376998, 547408.3108839449], [194073.76764339447, 547413.7544170553], [194073.43763869646, 547414.2144079602], [194074.33762072647, 547414.8744169972], [194088.62807120365, 547402.1371744637], [194088.73770646646, 547402.2237527682], [194143.913059143, 547353.045327635], [194150.203134932, 547345.135493933], [194148.32175255363, 547343.3823312083], [194174.123337448, 547320.385082446], [194175.44420809575, 547318.6876977965], [194175.4442080958, 547318.6876977964], [194207.2549266751, 547290.3344392091], [194208.1819521247, 547291.0935730812], [194209.99623789807, 547290.6384740155], [194211.42933442636, 547291.8139736919], [194213.82598331542, 547289.6778130288], [194214.00192804058, 547289.6336787026], [194230.03260483174, 547275.3453524815], [194230.29106279206, 547275.0022987081], [194279.652912398, 547231.005515588], [194287.0360792533, 547222.031405695], [194298.183065074, 547212.09596929], [194307.49060291323, 547200.7568678682], [194314.033211693, 547194.925365568], [194319.893278629, 547187.785518595], [194319.46661235153, 547187.433043626], [194339.153409113, 547169.885975711], [194351.132558422, 547154.515294907], [194350.492571693, 547154.015288729], [194350.2010057593, 547154.2751647923], [194346.14827555866, 547151.1220197584], [194359.562736392, 547139.165556849], [194365.282807853, 547131.815709348], [194362.092873796, 547129.335678462], [194362.212875389, 547129.175681709], [194373.573005461, 547115.315978501], [194370.88226402167, 547113.1082904433], [194371.05110880916, 547112.9577971463], [194374.2773741029, 547115.4326020364], [194376.5736920266, 547113.3858675143], [194376.97738004877, 547113.6916597891], [194377.58350173742, 547113.151416571], [194378.1673717613, 547113.602679663], [194395.4362045749, 547098.2107707678], [194396.7874514207, 547099.1920977256], [194439.4314962265, 547061.1829711297], [194433.69868302884, 547067.5955168764], [194437.37860022325, 547070.8755490633], [194455.27330919943, 547054.9257895607], [194461.32336864798, 547048.155942583], [194457.71621676764, 547044.8855898426], [194507.17242339862, 547000.8047052231], [194508.4285904351, 547001.7759657269], [194527.6655391465, 546984.6298525423], [194529.7086670512, 546986.2064360889], [194530.4647116025, 546985.5325649026], [194530.8286641784, 546985.8164573092], [194531.59287441996, 546985.1353079494], [194535.1355560912, 546987.9451579594], [194605.22316624786, 546925.475266574], [194621.35972866253, 546905.1250804354], [194669.5126587437, 546862.2058211635], [194683.45282716365, 546844.6551897724], [194672.12306439623, 546835.6560815944], [194670.04307060546, 546836.3260426325], [194672.12309704133, 546833.6260982965], [194654.01347021988, 546819.6159223088], [194648.3971678387, 546824.621797084], [194643.09254202843, 546820.6957377838], [194504.40854746313, 546944.3063739295], [194485.59930352733, 546969.0258680361], [194490.49029665574, 546972.8103889246], [194439.78740588244, 547018.0024574293], [194433.77795185288, 547025.8001879993], [194418.73581137997, 547014.0480883115], [194472.232594824, 546966.3657912015], [194475.26263343223, 546962.4258723563], [194470.72272695677, 546958.9158282329], [194478.42760473178, 546948.9340907127], [194491.35298976905, 546937.4135466737], [194492.7172511566, 546938.5619623555], [194620.96266548583, 546824.2553525864], [194624.24270720832, 546819.9954403905], [194619.6128021017, 546816.4453951367], [194630.58994245555, 546802.1436893502], [194631.76295745006, 546800.6157207873], [194631.14297039268, 546800.1257148456], [194631.62297644556, 546799.5057276693], [194630.64299666745, 546798.7457181606], [194632.6730219029, 546796.1457721997], [194626.57314841714, 546791.3757133431], [194571.8235776889, 546840.1746341388], [194569.2828265013, 546840.4853878996], [194553.99776258416, 546854.1091408081], [194550.07770872346, 546859.4490338252], [194550.08649173426, 546859.5491483446], [194517.40736269363, 546888.6764311435], [194513.69255153404, 546885.8151208689], [194392.67028557585, 546993.6836555889], [194382.9830062386, 546986.1151933292], [194327.80765356205, 547035.2936184624], [194320.4175619552, 547044.744421828], [194339.33702048732, 547059.5259606278], [194333.80268074098, 547066.7189887944], [194329.223212665, 547062.775697758], [194317.962444239, 547054.095588117], [194262.78709156247, 547103.2740132503], [194262.48008808846, 547103.6460052503], [194254.01799307545, 547113.8537851352], [194269.50764896147, 547127.3839228603], [194270.88621029674, 547126.1551953193], [194277.80748772647, 547133.1940085093], [194276.62744655347, 547136.3539635192], [194276.4738572235, 547137.4518350839], [194262.07734142547, 547150.2836148553], [194259.78727649947, 547155.4845352102], [194259.19818676045, 547161.3644773313], [194260.52809727646, 547166.2534584732], [194263.26801474846, 547169.9934717492], [194267.80793599147, 547172.5845234302], [194273.14787983746, 547173.3636028942], [194278.21785288746, 547172.4636918392], [194282.98784897345, 547170.2837864982], [194338.16320165, 547121.105361365], [194341.323235492, 547117.395442728], [194344.283274182, 547113.485522516], [194347.163354856, 547107.005622179], [194348.67343032, 547101.545691409], [194348.94300687034, 547099.5122948905], [194351.463476352, 547097.265771512], [194351.962492537, 547096.005789911], [194351.913510463, 547094.915798095], [194351.112532444, 547093.955793116], [194349.982553575, 547093.215781033], [194349.072560207, 547093.265765988], [194348.842632036, 547088.915798099], [194347.432725567, 547083.815817405], [194345.972799725, 547079.945825785], [194345.57428424613, 547079.2577971806], [194354.45790708048, 547071.3397221836], [194381.45729646218, 547092.4340109573], [194384.4248464858, 547089.7889995602], [194383.5376924735, 547090.9319526108], [194376.84621910774, 547099.6481056598], [194371.8743365356, 547095.5911135555], [194353.97962755943, 547111.5408730581], [194351.59159480326, 547114.7908078994], [194354.7226229915, 547117.3460311949], [194296.43961011234, 547169.294349536], [194234.36362208636, 547245.4562102333], [194208.092596358, 547224.835415534], [194152.91724368147, 547274.0138406672]]], [[[194392.08325086962, 546717.5155501566], [194387.433346408, 546713.9355048465], [194399.53250083482, 546698.1858289966], [194399.33140656105, 546698.0278211317], [194425.08266378238, 546675.0754300022], [194428.33270477148, 546670.8755168212], [194423.58280417448, 546667.1054714606], [194435.96295326296, 546651.5457985575], [194435.30296701292, 546651.0257922239], [194435.77297265877, 546650.4358046365], [194434.90299102044, 546649.735796405], [194436.72301281613, 546647.4558444313], [194430.57314165717, 546642.5657857743], [194302.32772732794, 546756.8723955434], [194268.0373026099, 546800.7024835193], [194274.24717198915, 546805.6725424795], [194276.74726900202, 546803.4441773163], [194277.20717774043, 546803.8116053897], [194277.76117963216, 546803.3178171449], [194278.2671705138, 546803.7226231662], [194295.509659926, 546788.3541944469], [194296.83724945315, 546789.3820397713], [194336.29102472743, 546754.216437026], [194342.61352099868, 546759.1223169715], [194344.9271898637, 546757.0601173562], [194345.2735280555, 546757.3323744709], [194345.9174921852, 546756.7584018507], [194346.48352028048, 546757.201395008], [194363.7227283834, 546741.8358909574], [194365.09359902513, 546742.8518123395], [194388.95321099335, 546721.585466336], [194392.08325086962, 546717.5155501566]]], [[[194290.389362328, 547274.4133250051], [194277.89426518002, 547286.8030220381], [194281.91816606038, 547290.92205284], [194314.7251325167, 547261.6808270852], [194318.5331633146, 547257.830920028], [194327.0032318087, 547249.2681267558], [194323.1963287843, 547245.1720992503], [194290.389362328, 547274.4133250051]]]]}, "properties": {"kind": "기존·대교", "time_kst": "09:00", "sun_alt_deg": 11.32, "sun_az_deg": 131.71, "scheme": "F1-55"}}, {"type": "Feature", "geometry": {"type": "Polygon", "coordinates": [[[194295.9681848437, 546949.3002457052], [194015.34423471507, 547325.6958553859], [194034.74319583995, 547340.8305818003], [194051.82527982918, 547318.9355918173], [194332.4492299578, 546942.5399821366], [194313.0502688329, 546927.4052557222], [194295.9681848437, 546949.3002457052]]]}, "properties": {"kind": "화랑 신축", "time_kst": "10:00", "sun_alt_deg": 19.37, "sun_az_deg": 143.29, "scheme": "F1-55"}}, {"type": "Feature", "geometry": {"type": "MultiPolygon", "coordinates": [[[[194130.3052461942, 546599.6968098498], [194130.4032842309, 546599.5653132809], [194118.26253482178, 546590.1451956121], [194078.53304201982, 546640.9851384803], [194069.46664782273, 546653.1457219581], [194064.474256554, 546649.3794063514], [194065.54303622022, 546647.9458723501], [194061.28312422655, 546644.6358311055], [194060.40311324762, 546645.7658076595], [194050.01332800137, 546637.6857071221], [194049.733324502, 546638.0456996581], [194049.37333194024, 546637.7656961725], [194049.2233301134, 546637.9556921994], [194036.73317155393, 546654.1653579867], [194002.2183809595, 546700.4593954087], [194002.58420552008, 546700.7362448453], [194002.32837009514, 546701.0793920738], [194002.0683665935, 546701.4293850133], [194002.70588238025, 546701.8876149995], [194002.48835110563, 546702.179385594], [194004.73830652432, 546703.8094083482], [194003.24828574082, 546705.8593675222], [194003.2602571086, 546705.8952835479], [194003.07828262946, 546706.1393624834], [194003.34826660008, 546706.9993597447], [194003.7582589085, 546707.2693641167], [194003.55825571946, 546707.569358431], [194023.86784226107, 546722.9695581977], [194024.27289560263, 546722.4262677929], [194024.517843061, 546722.5895717789], [194025.85710243433, 546720.7932484497], [194028.37781297887, 546722.4996345745], [194028.66781173486, 546722.4296398155], [194028.697809884, 546722.5296394735], [194029.4978064012, 546722.3396538998], [194029.79781006151, 546721.9596618494], [194030.1178034288, 546722.2096649368], [194033.7278494955, 546717.5097616574], [194035.07782174877, 546718.5497748024], [194036.18780287754, 546719.1597876281], [194036.27683908117, 546719.0403650481], [194036.79779516257, 546719.3297960341], [194037.02779071053, 546719.4897984148], [194037.49057475745, 546718.8690749041], [194037.87778923358, 546719.149814879], [194046.08789563025, 546708.3600356793], [194054.10007401282, 546697.6134519832], [194055.03787716647, 546698.3295324006], [194055.29788051045, 546697.9895393797], [194055.9478673241, 546698.4795457973], [194095.48836312554, 546647.549600639], [194130.8532717149, 546600.1153159898], [194130.3052461942, 546599.6968098498]]], [[[194070.67682492465, 546795.13554906], [194069.67264894568, 546794.3457337684], [194066.1127230425, 546791.5456995774], [194060.81265814323, 546798.2755589695], [194029.11833898196, 546840.7865512731], [194028.51324614574, 546840.3156936008], [194028.043249665, 546840.3356858782], [194023.143187612, 546846.6855548223], [193964.65506956037, 546925.1345640499], [193966.57893005063, 546926.6243720688], [193965.5350159124, 546928.0245544065], [193965.92045634627, 546928.3244942161], [193943.75070422003, 546958.0603644588], [193942.76306627982, 546957.2853519265], [193935.86298102784, 546966.0951684506], [193914.86724542893, 546994.2563524757], [193913.45272910828, 546993.1555853265], [193901.02257394753, 547009.1252539803], [193879.25955327714, 547038.3155829952], [193881.00199728197, 547039.6791708682], [193877.3748629762, 547044.5441776782], [193905.2742825964, 547066.464445773], [193912.09436995015, 547057.5646287043], [193944.54018148093, 547014.0456738642], [193945.6347820664, 547014.8845193771], [193952.46486950398, 547005.9747025471], [193994.0426773194, 546950.2071733868], [193996.87436759775, 546952.4248574254], [194000.31441023073, 546948.0249489574], [194033.6436598229, 546903.3210553136], [194034.42484041146, 546903.934860337], [194037.8548836094, 546899.5049519486], [194092.56136535614, 546826.1281801474], [194099.2005096971, 546831.3747418072], [194111.56066017083, 546815.7350692708], [194129.92320886147, 546791.1057291644], [194120.81058365558, 546783.9001235428], [194135.305244348, 546765.3546229196], [194143.46009037973, 546754.4166817975], [194146.49528960724, 546756.8548727875], [194153.62437414424, 546747.9750604853], [194183.24160915974, 546708.2500219574], [194183.86475868136, 546708.6948699434], [194191.24485306971, 546699.0750677632], [194249.73297112135, 546620.6260585357], [194248.74438155454, 546619.866974693], [194249.53466693804, 546618.8446651194], [194308.02278498968, 546540.3956558919], [194298.06298431806, 546533.0555561461], [194258.23248981155, 546584.0454961979], [194237.794228137, 546611.4589509664], [194214.84268674836, 546593.8357180124], [194178.1983454733, 546642.9860815834], [194175.46325259664, 546640.8456980262], [194116.975134545, 546719.2947072538], [194110.17504234205, 546728.4845222933], [194114.62495294437, 546731.7845666833], [194113.8649427542, 546732.8045460681], [194117.28548530885, 546736.063667716], [194116.02484553383, 546737.7545400613], [194117.60480851747, 546739.2545531197], [194119.42482435785, 546737.3445980999], [194123.4347428941, 546740.3746376357], [194124.11475181085, 546739.4746559745], [194132.70357457074, 546745.953984171], [194132.0245684022, 546746.8647223338], [194132.5385953075, 546747.3210390412], [194111.0317671023, 546776.1677419362], [194094.99293823974, 546763.485394884], [194082.6127879186, 546779.126067096], [194070.67682492465, 546795.13554906]]], [[[194000.22662103936, 546861.4146052492], [194001.15478404224, 546862.1446693991], [194003.98481879776, 546858.5447445358], [194062.4729368494, 546780.0957353082], [194060.30761597565, 546778.3886004143], [194091.6850377418, 546738.1641453556], [194121.55541319677, 546699.6349426793], [194123.2544334039, 546697.5149874426], [194181.74255145554, 546619.0659782151], [194172.8027397313, 546611.895893487], [194153.84403211565, 546637.3248503115], [194101.66285251602, 546703.2259980963], [194067.70251188567, 546748.7763622425], [194067.36340458636, 546748.5160738695], [193999.24255698602, 546835.8552597056], [193991.705177456, 546845.9650046589], [193991.69345627876, 546845.956055179], [193991.539223858, 546846.1629242151], [193991.3134587409, 546845.9960487419], [193907.46241564926, 546953.4958155627], [193848.97429759763, 547031.9448247902], [193849.28529264437, 547032.0948285566], [193849.12528880755, 547032.4148233511], [193857.5551170373, 547038.8149061869], [193905.26471399015, 546977.4341786212], [193941.53516792585, 546930.7651459759], [193956.34362264423, 546910.9028450582], [193959.92441028592, 546906.3446426671], [193964.12532291206, 546909.6446830442], [193967.03435878898, 546905.934760356], [194000.22662103936, 546861.4146052492]]], [[[193803.2288768097, 547006.9914737244], [193804.6193137485, 547007.98812126], [193835.0596941235, 546968.8579327619], [193844.86445106805, 546955.7069972618], [193850.52162627105, 546960.0475770741], [193875.13194043902, 546927.9972365962], [193956.063173557, 546819.445700572], [193949.95478449782, 546814.7513158072], [194003.043009923, 546743.545080678], [194002.24003058136, 546742.8656145106], [194015.153200353, 546725.545423533], [194009.013330084, 546720.595365566], [194008.043481881, 546711.645423642], [193995.752738858, 546701.905306216], [193976.732853547, 546704.435979606], [193966.872732673, 546716.96571795], [193939.60289255015, 546753.5422399975], [193937.433383847, 546753.62594289], [193769.4500680475, 546978.9387949739], [193760.1699250825, 546992.548533747], [193762.4296007095, 547011.578413419], [193774.7593517595, 547020.798535742], [193784.88928169748, 547020.008705106], [193790.5191709155, 547024.038762442], [193803.2288768097, 547006.9914737244]]], [[[194132.65489090918, 546850.8848763935], [194170.98436966035, 546801.6348980169], [194203.50477915836, 546759.6447664635], [194222.30235186135, 546734.4319368572], [194223.46500764377, 546735.2942877794], [194289.79483435018, 546650.1840545951], [194348.28295240182, 546571.7350453675], [194337.60316403047, 546563.9959373248], [194271.7333310225, 546649.2651766045], [194253.2188526412, 546674.0982971383], [194252.99308775432, 546673.9156724362], [194182.0731933356, 546765.5757777953], [194148.54914585318, 546810.5409501739], [194146.36278968368, 546808.82584764], [194079.32295597345, 546894.7460624698], [194071.5383437056, 546905.1874160297], [194071.11286066897, 546904.845847318], [194069.75284461302, 546906.5358115385], [193984.73277929056, 547016.0055432613], [193926.24466123892, 547094.4545524889], [193935.04447936075, 547101.2946376622], [193997.8452717275, 547020.094315962], [194018.58452624135, 546993.7248665093], [194021.3445588355, 546990.2949391258], [194029.04930822697, 546979.9607041351], [194029.10466088788, 546980.0041486125], [194062.20506910764, 546937.7940282972], [194096.22449811854, 546893.8249372086], [194129.83108848834, 546848.7490516125], [194132.65489090918, 546850.8848763935]]], [[[194125.56701456904, 546978.7242567502], [194123.51395787363, 546981.4779829601], [194120.567626534, 546979.109503507], [194111.80982059916, 546990.0040029545], [194022.48103006065, 547109.8190243073], [194018.363047671, 547106.615337942], [194012.182967618, 547114.735171706], [193939.4128672514, 547212.3403343495], [193943.60589124114, 547215.6127598421], [193936.51549004318, 547225.1229811918], [193945.56113473617, 547232.3945406755], [193874.64467603966, 547327.5134487203], [193888.2628003489, 547338.460706139], [193899.9398749287, 547323.9347068758], [193909.97126726934, 547310.479789595], [193917.26943888134, 547301.4010400559], [193967.39015244553, 547234.1750725968], [193973.21296411572, 547238.7194580794], [193923.69250364343, 547305.1403173916], [193934.90325878642, 547314.6704191826], [193937.11328333343, 547312.0204765436], [193944.14090167018, 547317.6746102347], [193943.4431256394, 547318.6105240596], [193947.24304538142, 547321.6705599646], [193955.25313973942, 547311.7307706256], [193961.07009872055, 547303.9285932948], [193965.5632706134, 547298.3510465965], [193996.48231697024, 547256.8799130783], [193997.1626706554, 547257.4108918536], [193999.44262243842, 547259.2509133646], [194005.94269923843, 547251.1710844216], [194078.712799605, 547153.565921778], [194064.17857991048, 547142.2586656852], [194065.7647854851, 547140.214419154], [194069.55470724514, 547143.1544558919], [194072.6247456713, 547139.204537781], [194079.1711299189, 547130.4239961024], [194083.26099324322, 547133.6444565486], [194093.92012368975, 547120.1147393516], [194110.5824363905, 547097.7658936995], [194106.12997593518, 547094.2646045825], [194109.57868831087, 547089.638911741], [194110.335225104, 547090.2245474112], [194113.42526401253, 547086.2346299493], [194113.74945441625, 547085.7997994774], [194115.0843454777, 547086.8728838277], [194252.28997179048, 546916.1923924852], [194257.90075055708, 546908.6667607861], [194248.80173684267, 546901.3522993283], [194257.84258638215, 546889.2259784178], [194256.60600449235, 546888.257908673], [194256.6952787173, 546888.1445642562], [194261.29518278097, 546891.7746083494], [194264.6352236735, 546887.5346969526], [194323.12334172515, 546809.085687725], [194318.69730730265, 546805.718672629], [194330.73259326714, 546789.5759706387], [194329.27739071043, 546788.4648668497], [194331.31265028944, 546785.7350115763], [194323.50280988732, 546779.7759350316], [194290.6333964551, 546822.1860574638], [194232.14527840345, 546900.6350666913], [194233.33507835702, 546901.5574240055], [194216.94993762832, 546923.5345041208], [194216.9499376282, 546923.5345041209], [194181.77294336937, 546967.8661078876], [194180.5829286675, 546969.3850762493], [194179.15907574276, 546971.294863313], [194142.85562682617, 547016.4554785517], [194138.01429764024, 547012.563659411], [194227.19347392512, 546892.9493128338], [194216.29897447774, 546884.191506899], [194209.0008028654, 546893.2702564385], [194206.2771780035, 546891.0808049547], [194203.3579093585, 546894.7123047706], [194196.32714871582, 546889.0604583888], [194205.67111828722, 546877.084536966], [194222.333430988, 546854.735691314], [194176.253385883, 546818.755246521], [194165.503253099, 546832.475960736], [194148.84094039825, 546854.8248063881], [194159.79684587353, 546863.3783985979], [194037.52674406642, 547015.479457525], [194031.91596529982, 547023.0050892241], [194036.289815837, 547026.5211143869], [194003.30993375267, 547070.756407984], [193987.393074744, 547058.4752363487], [193965.54279700818, 547086.8556513274], [193892.7726966416, 547184.460813971], [193909.11829639648, 547197.0938740245], [193792.9029560922, 547352.9713173005], [193806.52108040146, 547363.9185747191], [193818.9279721425, 547348.4847005019], [193889.14771852427, 547254.3002795397], [193894.59496824795, 547258.6791825071], [193902.62295702158, 547248.6925580137], [193925.20149598585, 547218.4083896979], [193925.45730731016, 547218.6140297959], [193936.40456472876, 547204.9959054866], [193976.53013408976, 547151.1762363653], [193981.06950885948, 547154.8253221716], [193989.0974976331, 547144.8386976781], [194117.6750228537, 546972.3800890152], [194125.56701456904, 546978.7242567502]], [[194087.83041853533, 547079.8743496183], [194093.38762924905, 547072.4205677378], [194097.28296198414, 547075.5519248332], [194098.74259630658, 547073.7361749253], [194099.66063357244, 547074.4741613059], [194097.17286850367, 547077.705843232], [194092.70073623463, 547083.7042298672], [194087.83041853533, 547079.8743496183]], [[194049.71097774003, 547131.0032363447], [194060.88062647305, 547116.0215972406], [194065.74853451666, 547119.8547095152], [194054.60059277902, 547134.8072334359], [194049.71097774003, 547131.0032363447]]], [[[194005.52277812007, 547308.670604193], [194013.18860920158, 547314.6098238612], [194012.4126095791, 547315.6506575138], [194016.7025211368, 547318.9706991585], [194024.9526249594, 547308.3209195258], [194027.6774404606, 547304.6661759041], [194027.81265866914, 547304.7709947508], [194036.07276273196, 547294.1012154387], [194108.84286309854, 547196.4960527951], [194104.69294862612, 547193.2860124938], [194103.86293820458, 547194.355990336], [194097.81044814995, 547189.6712688288], [194113.62303529136, 547168.4621440375], [194114.46872893305, 547169.1099916388], [194117.39876593096, 547165.320069959], [194183.92134928, 547076.0945840171], [194185.8789886227, 547077.6772703432], [194189.60824047343, 547072.9150781587], [194180.56916738904, 547085.0390163437], [194194.82887032878, 547096.2681532106], [194197.52890326182, 547092.848224787], [194211.37756674355, 547103.7864469044], [194208.87858075596, 547107.1382896603], [194211.58763318916, 547109.2824550072], [194172.8429382923, 547159.295388298], [194104.83349869738, 547250.5151664696], [194115.24328290668, 547258.6452669337], [194172.44300353766, 547184.7647950497], [194240.45244313258, 547093.545016878], [194234.52335777067, 547088.9636090054], [194256.17285529056, 547059.9255464504], [194226.96246313024, 547036.9652657274], [194220.59259557244, 547031.9652044578], [194217.29364485168, 547036.1682966667], [194220.79260181575, 547031.4752117068], [194197.31308948464, 547013.0759856061], [194192.7035345724, 547019.2586946398], [194191.2730545794, 547018.3158453451], [194166.10956192928, 547052.0671632687], [194161.70950028163, 547058.1370425426], [194170.2837256609, 547065.0690187085], [194125.6529133601, 547122.6359312725], [194085.6381508246, 547176.3069772894], [194085.533379516, 547176.2258448686], [194082.36333949474, 547180.3257601341], [194067.68090823415, 547200.0190281656], [194067.24315193173, 547199.6753576573], [194066.97514864072, 547200.0163505393], [194064.03311240306, 547203.7652723605], [193991.26301203648, 547301.3704350041], [193997.19289009483, 547305.9404927259], [194003.69275641447, 547310.9505559931], [194005.52277812007, 547308.670604193]]], [[[194298.67724810028, 546742.9513517787], [194310.69276570564, 546726.8351647155], [194309.1612924158, 546725.6668865955], [194311.21282448605, 546722.9152053366], [194303.62297956325, 546717.125130946], [194270.58256962636, 546759.4052517287], [194266.07899937822, 546765.4458055322], [194265.92251250925, 546765.3251280824], [194233.1430977304, 546807.7752516394], [194222.26158739522, 546822.3704161469], [194223.13593096973, 546823.044532967], [194212.09445157473, 546837.8542609563], [194219.51529401605, 546843.8843306575], [194221.67531914206, 546841.2243872794], [194223.1752872749, 546842.4444013613], [194236.47445358676, 546825.344755927], [194241.14535707375, 546828.9748011589], [194244.48439893764, 546824.6748902346], [194302.97251698928, 546746.225881007], [194298.67724810028, 546742.9513517787]]], [[[194279.98315169496, 547029.3951806773], [194248.86883308028, 547071.1282291908], [194258.54863275817, 547078.6683227876], [194276.51826340175, 547092.508497837], [194287.31839787884, 547078.6587855304], [194290.59843958548, 547074.3988733444], [194321.71275820016, 547032.6658248309], [194294.153328418, 547011.2055582857], [194279.98315169496, 547029.3951806773]]], [[[194118.40945519073, 547171.6563305008], [194141.54997652146, 547189.665554343], [194145.77002902734, 547184.2556667522], [194167.53304969773, 547155.0653377373], [194144.4435266787, 547137.135114061], [194140.17247586112, 547142.4660014859], [194118.40945519073, 547171.6563305008]]], [[[194162.9633566828, 547200.485890271], [194153.0932311962, 547213.3056259828], [194133.88056451062, 547239.0752133162], [194144.26030216535, 547250.1152893369], [194159.84998533974, 547261.8954430446], [194170.9501173559, 547248.0447356013], [194190.1627840415, 547222.2751482679], [194162.9633566828, 547200.485890271]]], [[[194208.092596358, 547224.835415534], [194194.572429619, 547242.075056153], [194169.4089369689, 547275.8263740765], [194174.15449438477, 547279.5553631264], [194173.83983400688, 547279.9774111545], [194178.68650970337, 547283.9838388511], [194120.223161574, 547358.715899951], [194095.05966892387, 547392.4672178746], [194096.0396493359, 547393.1872277035], [194096.3063447145, 547392.8295142241], [194103.7795034209, 547398.3273098456], [194103.44949872288, 547398.7873007505], [194104.3494807529, 547399.4473097875], [194116.0396230539, 547384.6566196005], [194118.7495664929, 547386.7966455586], [194125.0396422819, 547378.8868118565], [194145.6677851881, 547351.2186729745], [194148.95984479788, 547354.1364003696], [194160.67899119688, 547339.0767128546], [194185.842483847, 547305.325394931], [194183.95762704773, 547303.8574932445], [194184.7793776659, 547302.7963991925], [194191.34278738854, 547293.9930215656], [194199.61929852588, 547300.1766594246], [194199.86930178988, 547299.8466661625], [194204.9891983599, 547303.6767169646], [194217.951501131, 547286.3480172694], [194222.7215900753, 547285.1514786349], [194224.95161945446, 547282.191538874], [194232.2626342109, 547272.3854127205], [194229.76163381245, 547270.5078752995], [194243.242865453, 547252.425753655], [194208.092596358, 547224.835415534]]], [[[194347.90463788662, 546660.791993991], [194317.13315187432, 546699.5454928445], [194306.25164153913, 546714.140657352], [194313.7514846249, 546720.0907289824], [194315.91151071695, 546717.3707860985], [194317.45147852684, 546718.5908008192], [194330.60164333193, 546701.6611515788], [194335.27154699253, 546705.2811968786], [194338.66158942386, 546700.9202872744], [194349.54309975906, 546686.3251227669], [194345.33772766156, 546683.0562508872], [194346.4918365871, 546681.5705724009], [194354.96806146842, 546670.2015718914], [194355.30194326767, 546670.4608054793], [194368.5511108115, 546653.3111596289], [194373.261014002, 546656.9402055017], [194376.55205562199, 546652.6802934724], [194387.43356595718, 546638.0851289649], [194383.04368199522, 546634.6892647009], [194384.1713061212, 546633.2305760162], [194395.0528164564, 546618.6354115087], [194393.56539703213, 546617.4646298151], [194395.56287419147, 546614.7854513883], [194388.1630278683, 546608.9853801219], [194354.9326178301, 546651.365497092], [194347.90463788662, 546660.791993991]]], [[[194428.33270477148, 546670.8755168212], [194424.07254265234, 546667.4941819691], [194435.96295326296, 546651.5457985575], [194435.32195178876, 546651.0407504198], [194435.77297265877, 546650.4358046365], [194434.97811498962, 546649.7962429645], [194436.72301281613, 546647.4558444313], [194430.57314165717, 546642.5657857743], [194396.28271693914, 546686.3958737502], [194393.6731855635, 546689.8959889495], [194359.9132683806, 546732.76590737], [194349.0317580454, 546747.3610718775], [194350.17080823978, 546748.2449068797], [194337.7945988875, 546764.8448829778], [194344.00446826674, 546769.8149419379], [194346.06449292664, 546767.2349962908], [194346.96447401802, 546767.9540048481], [194347.42447940854, 546767.3850169287], [194348.0244667914, 546767.8650226246], [194361.94464158313, 546749.924394081], [194366.59454573074, 546753.5244392297], [194369.84458671985, 546749.3245260487], [194428.33270477148, 546670.8755168212]]], [[[194433.8033557301, 546689.8054490337], [194430.99592910334, 546693.5709973995], [194428.369286654, 546696.861303596], [194365.1205078307, 546781.6956972956], [194367.49409637193, 546783.5985539926], [194366.3704427937, 546785.1056893367], [194379.80830853363, 546795.7934196447], [194366.59341050158, 546813.5183130451], [194365.38294014693, 546812.5953383904], [194332.56352982, 546854.785463423], [194274.07541176837, 546933.2344726506], [194281.64525635654, 546939.054546475], [194283.58528103115, 546936.5345984115], [194285.11524972177, 546937.7046133868], [194298.3144178298, 546920.5449668614], [194302.95531707114, 546924.4540093171], [194306.3353586029, 546920.154099062], [194364.82347665454, 546841.7050898344], [194361.20307934444, 546838.859031416], [194366.6942897898, 546831.584798527], [194371.67518865142, 546835.3448476858], [194374.94522931895, 546831.154934747], [194393.45591771568, 546806.3268976479], [194403.2106777527, 546813.9760441997], [194404.4806934297, 546812.3560779516], [194406.8906431997, 546814.2561010716], [194410.6528616961, 546809.4604651565], [194407.04464123322, 546814.3001031858], [194410.14457733004, 546816.7001332897], [194433.25386699862, 546786.9497496929], [194496.50264582192, 546702.1153559933], [194451.44257683842, 546667.0959195313], [194433.8033557301, 546689.8054490337]]], [[[194511.5329142911, 546802.1657744735], [194488.2826129216, 546832.7151491875], [194474.3355235152, 546851.4221170638], [194473.8034370519, 546851.0057658256], [194439.3830135286, 546894.8258516736], [194436.08657219954, 546899.2473062333], [194402.27254993012, 546942.5058624679], [194391.39103959492, 546957.1010269754], [194397.61191336496, 546961.791088418], [194399.43193741154, 546959.3711376038], [194400.36191857417, 546960.0701468067], [194400.75192373397, 546959.5511573503], [194401.48090895283, 546960.100164553], [194415.13108899273, 546941.9705332844], [194420.10098825637, 546945.7105824295], [194423.27102765103, 546941.6506668216], [194434.15253798623, 546927.0555023141], [194429.81075602776, 546923.6619202136], [194430.85127640687, 546922.3309477266], [194435.75926872654, 546915.747950229], [194436.7043530538, 546916.4742258443], [194438.4353752595, 546914.2142722782], [194439.99434339142, 546915.404287556], [194452.72450636068, 546898.8046288757], [194453.17449721775, 546899.1446333134], [194457.60440861806, 546902.4046777294], [194460.8544500975, 546898.1747648008], [194519.34256814915, 546819.7257555733], [194514.89863750577, 546816.3050471792], [194524.68206694507, 546803.1827178596], [194525.0714179358, 546803.4904408925], [194528.9514618288, 546798.7905419605], [194553.08000468317, 546817.8048603345], [194549.5119112168, 546822.5906767806], [194553.7318244948, 546825.8407179056], [194557.7618689338, 546821.0308222926], [194564.6317203698, 546826.7808854615], [194565.2717273648, 546826.0209020105], [194565.8317152338, 546826.4909071485], [194566.4517220718, 546825.7509232075], [194567.8916910148, 546826.9509364915], [194572.79174523382, 546821.0910635105], [194583.673255569, 546806.495899003], [194530.47331878034, 546764.9752159783], [194605.513363408, 546664.325419925], [194564.60322241, 546631.676030636], [194538.59289387, 546665.315335616], [194361.0882565272, 546903.398956644], [194362.52107484618, 546904.5073151613], [194359.40244665614, 546908.5154528056], [194300.9143286045, 546986.9644620331], [194308.4251727059, 546992.8445344219], [194310.43519729035, 546990.2945877335], [194311.98516517365, 546991.5046027005], [194325.25532949262, 546974.5449556819], [194329.71523696318, 546978.0339986857], [194333.05527769736, 546973.8040872131], [194365.29116361454, 546930.5667016378], [194366.3746873349, 546931.4049719648], [194369.67472904385, 546927.1350601725], [194377.75765125308, 546916.2935891165], [194402.8183967442, 546935.67936214], [194428.00872606522, 546902.409040953], [194513.81877658766, 546787.3136391945], [194519.66799773503, 546791.9040926277], [194511.5329142911, 546802.1657744735]]], [[[194562.31185894282, 546849.8354151621], [194558.39180508212, 546855.1753081792], [194558.97169405315, 546861.7852631141], [194564.3515851524, 546865.8253163937], [194570.0543552631, 546865.0666378462], [194533.7546042516, 546913.7548089982], [194539.9744756268, 546918.5948692043], [194541.87449934808, 546916.1549198386], [194542.76448082525, 546916.8549283922], [194543.1944863176, 546916.294939917], [194543.93447110982, 546916.8649471262], [194557.92464618123, 546898.8743201542], [194562.4745474342, 546902.704361814], [194565.75458915668, 546898.4444496181], [194624.24270720832, 546819.9954403905], [194619.83438167692, 546816.6152944113], [194631.76295745006, 546800.6157207873], [194631.15415239346, 546800.134552525], [194631.62297644556, 546799.5057276693], [194630.7010501429, 546798.7907407156], [194632.6730219029, 546796.1457721997], [194626.57314841714, 546791.3757133431], [194592.24272230323, 546835.3057997706], [194581.95677249716, 546849.102150177], [194581.27267535898, 546843.7955534878], [194575.82278595588, 546839.6854996596], [194569.2828265013, 546840.4853878996], [194562.31185894282, 546849.8354151621]]], [[[194605.1438827932, 546947.4301936429], [194605.763890275, 546946.6502100298], [194606.2638799204, 546947.0402148631], [194620.20404834035, 546929.489583472], [194683.45282716365, 546844.6551897724], [194672.12306439623, 546835.6560815944], [194670.13133329447, 546836.2976134309], [194672.12309704133, 546833.6260982965], [194654.01347021988, 546819.6159223088], [194649.40241540305, 546825.3658008442], [194643.09254202843, 546820.6957377838], [194624.28329809263, 546845.4152318904], [194561.89491269377, 546929.0955961231], [194561.6526677818, 546928.9107032032], [194573.5926268581, 546912.8958613693], [194572.86876896484, 546912.3480587439], [194573.33264779815, 546911.7258668169], [194572.61376013063, 546911.1794939858], [194574.5026877722, 546908.6459109792], [194568.03282021167, 546903.6958476602], [194533.99238790222, 546947.8659367111], [194530.56044943028, 546952.469131032], [194530.54334225832, 546952.4558434678], [194511.78310680273, 546976.6253428417], [194496.51291165725, 546996.5159335531], [194459.34778406442, 547046.3648179864], [194457.67245170014, 547044.8459111118], [194451.59339200502, 547051.6457573738], [194443.43225925363, 547062.5921307544], [194445.7254813366, 547064.6361556186], [194438.0247936056, 547074.9649427807], [194444.0346703805, 547079.5750014948], [194445.86469402985, 547077.1750506794], [194446.73467632636, 547077.8340592475], [194447.22468245702, 547077.2040723133], [194447.92466803888, 547077.7450791214], [194453.284736682, 547070.7542228578], [194461.53116586618, 547059.6934429812], [194466.5447476983, 547063.334497184], [194469.8047871673, 547059.224583438], [194503.3228358342, 547014.2674571575], [194504.1652191112, 547014.9145007051], [194507.45526106717, 547010.6345888419], [194551.7189883876, 546951.2644865258], [194573.25872963824, 546968.3485623146], [194579.91876403737, 546959.9494413477], [194583.8638061771, 546962.9997232809], [194599.36400171625, 546942.97013738], [194605.1438827932, 546947.4301936429]]], [[[194511.72311251637, 546914.1158563053], [194508.02480127313, 546911.3039022714], [194520.27335209554, 546894.8751521509], [194518.81535561616, 546893.747597472], [194520.70340743984, 546891.2151891834], [194513.69255153404, 546885.8151208689], [194511.71252636067, 546888.3860678711], [194481.2631445303, 546927.5952555065], [194476.76913170176, 546933.6229901233], [194476.60308771502, 546933.495132008], [194444.37267733767, 546975.3852689153], [194416.72099168345, 547012.4739531697], [194382.9830062386, 546986.1151933292], [194375.59291463174, 546995.5659966947], [194350.42942198162, 547029.3173146183], [194411.4691564886, 547077.0069037476], [194418.6692520514, 547067.4070985566], [194443.8327447015, 547033.6557806331], [194430.13532380527, 547022.9542813267], [194449.83383141775, 546996.5330447245], [194450.7849398606, 546997.204787945], [194453.23496841718, 546994.1848522015], [194454.024977722, 546993.2048729707], [194512.51309577364, 546914.7558637431], [194511.72311251637, 546914.1158563053]]], [[[194289.21004678687, 547145.9373701216], [194290.53995730288, 547150.8263512636], [194293.2798747749, 547154.5663645396], [194297.8197960179, 547157.1574162205], [194303.15973986388, 547157.9364956846], [194308.2297129139, 547157.0365846296], [194312.99970899988, 547154.8566792886], [194316.15974284188, 547151.1467606515], [194319.1197815319, 547147.2368404395], [194344.283274182, 547113.485522516], [194347.163354856, 547107.005622179], [194348.67343032, 547101.545691409], [194348.76013048267, 547100.8917183215], [194351.463476352, 547097.265771512], [194351.962492537, 547096.005789911], [194351.913510463, 547094.915798095], [194351.112532444, 547093.955793116], [194349.982553575, 547093.215781033], [194349.072560207, 547093.265765988], [194348.842632036, 547088.915798099], [194347.432725567, 547083.815817405], [194345.972799725, 547079.945825785], [194343.852875897, 547076.285821819], [194341.892928091, 547074.035808821], [194338.723003519, 547070.955783196], [194329.223212665, 547062.775697758], [194317.962444239, 547054.095588117], [194317.655440765, 547054.467580117], [194309.193345752, 547064.675360002], [194284.02985310188, 547098.4266779255], [194299.5195089879, 547111.9568156506], [194300.7395213729, 547110.5668467125], [194306.11939222913, 547116.0380774684], [194292.0892014519, 547134.8565076456], [194289.7991365259, 547140.0574280005], [194289.21004678687, 547145.9373701216]]], [[[194265.28878432332, 547252.3790011145], [194267.06874645932, 547253.8290178035], [194281.8689154873, 547235.7984042765], [194282.9188930783, 547236.6584140816], [194288.77896001432, 547229.5185671085], [194304.67288281745, 547208.2003483287], [194305.98120875616, 547209.2203674897], [194307.37966577947, 547210.3106561691], [194307.00811194832, 547210.8090143126], [194308.03909049832, 547211.6190242246], [194320.0182398073, 547196.2483434206], [194351.132558422, 547154.515294907], [194350.492571693, 547154.015288729], [194350.25256883, 547154.3152824], [194349.14853215954, 547153.4563089247], [194365.282807853, 547131.815709348], [194362.74344272574, 547129.8414666728], [194373.573005461, 547115.315978501], [194372.482697251, 547114.421407072], [194378.57111033832, 547106.25513347], [194380.95914310665, 547103.004198638], [194371.8743365356, 547095.5911135555], [194363.71320378422, 547106.5374869361], [194361.32517102806, 547109.7874217774], [194362.6927251181, 547110.9034788228], [194270.753102511, 547223.705432561], [194239.6387838963, 547265.4384810745], [194248.53859378333, 547272.7385641015], [194265.28878432332, 547252.3790011145]]], [[[194310.70123163634, 547257.5617962832], [194295.73915492545, 547277.630147481], [194299.76305580582, 547281.7491782829], [194303.5710866037, 547277.8992712258], [194312.0411550978, 547269.3364779536], [194327.0032318087, 547249.2681267558], [194323.1963287843, 547245.1720992503], [194310.70123163634, 547257.5617962832]]]]}, "properties": {"kind": "기존·대교", "time_kst": "10:00", "sun_alt_deg": 19.37, "sun_az_deg": 143.29, "scheme": "F1-55"}}, {"type": "Feature", "geometry": {"type": "Polygon", "coordinates": [[[194295.9681848437, 546949.3002457052], [194293.65436275615, 547246.6574797584], [194313.05332388103, 547261.7922061728], [194330.13540787026, 547239.8972161898], [194332.4492299578, 546942.5399821366], [194313.0502688329, 546927.4052557222], [194295.9681848437, 546949.3002457052]]]}, "properties": {"kind": "화랑 신축", "time_kst": "12:30", "sun_alt_deg": 29.03, "sun_az_deg": 179.55, "scheme": "F1-55"}}, {"type": "Feature", "geometry": {"type": "MultiPolygon", "coordinates": [[[[194090.3711956468, 546688.0289322119], [194091.02118246045, 546688.5189386295], [194130.56167826187, 546637.5889934712], [194130.8532717149, 546600.1153159898], [194130.4016879353, 546599.7704587206], [194130.4032842309, 546599.5653132809], [194118.26253482178, 546590.1451956121], [194078.53304201982, 546640.9851384803], [194078.3862791352, 546659.8461415234], [194069.57291842354, 546653.2258936836], [194065.52570914867, 546650.1726339058], [194065.54303622022, 546647.9458723501], [194061.28312422655, 546644.6358311055], [194060.40311324762, 546645.7658076595], [194050.01332800137, 546637.6857071221], [194049.733324502, 546638.0456996581], [194049.37333194024, 546637.7656961725], [194049.2233301134, 546637.9556921994], [194036.73317155393, 546654.1653579867], [194036.7271318425, 546654.9415420762], [194036.58315718794, 546655.1353475912], [194036.29857319294, 546691.7082155178], [194036.72202531178, 546692.0125820333], [194036.71855770505, 546692.4582160985], [194037.33582323554, 546692.9054057858], [194037.3084892289, 546696.4181929879], [194037.5784731995, 546697.2781902492], [194037.791804439, 546697.4186815857], [194037.7884623189, 546697.8481889355], [194058.0980488605, 546713.2483887022], [194058.4780547621, 546712.6883994233], [194058.74804966044, 546712.8684022834], [194060.00806910795, 546711.0184377655], [194062.6080195783, 546712.778465079], [194062.8980183343, 546712.70847032], [194062.92801648343, 546712.808469978], [194063.72801300063, 546712.6184844043], [194064.02801666094, 546712.2384923539], [194064.34801002822, 546712.4884954413], [194067.95805609494, 546707.788592162], [194069.3080283482, 546708.8286053069], [194070.41800947697, 546709.4386181326], [194070.4880109961, 546709.3086203281], [194071.028001762, 546709.6086265387], [194071.25799730996, 546709.7686289193], [194071.70800376256, 546709.13864134], [194072.107995833, 546709.4286453836], [194080.31810222968, 546698.6388661838], [194080.45434087352, 546681.1303695181], [194082.71134517982, 546682.6188535872], [194082.93134885028, 546682.2788599227], [194084.0268786327, 546683.004095063], [194084.0213167978, 546683.7188655948], [194090.1111923028, 546688.3689252328], [194090.3711956468, 546688.0289322119]]], [[[194110.2504143828, 546772.2517832654], [194149.69090508265, 546721.6908335012], [194168.29229051442, 546697.6972767265], [194168.26784198874, 546700.839240845], [194142.15302021272, 546734.4253923144], [194141.67076950194, 546796.4010896876], [194150.73058280197, 546803.4111776581], [194151.4605921094, 546802.4611972146], [194163.29073936515, 546787.2915122731], [194193.31111168888, 546748.8813110652], [194193.4073196034, 546736.5173010959], [194193.940297704, 546736.9914190285], [194195.67031829854, 546734.8314646198], [194199.47023807094, 546737.8915005338], [194200.23124696445, 546736.9515205075], [194202.69144456016, 546738.9278097596], [194182.0731933356, 546765.5757777953], [194181.62674105473, 546822.9508958237], [194176.253385883, 546818.755246521], [194165.503253099, 546832.475960736], [194165.3658677221, 546850.1318280109], [194168.48673830112, 546852.5683819163], [194154.28574920297, 546870.234069993], [194154.71261617017, 546815.375927981], [194146.36278968368, 546808.82584764], [194097.16059302568, 546871.8848242661], [194097.59306781366, 546816.3060019182], [194073.8324325387, 546797.6175315011], [194074.17326375493, 546753.8161397339], [194069.64335782913, 546750.2660961228], [194067.36340458636, 546748.5160738695], [194014.44653108483, 546816.3619215273], [194015.153200353, 546725.545423533], [194009.013330084, 546720.595365566], [194008.043481881, 546711.645423642], [193995.752738858, 546701.905306216], [193976.732853547, 546704.435979606], [193966.872732673, 546716.96571795], [193966.72572522028, 546735.8581512764], [193953.263264344, 546753.015202411], [193937.433383847, 546753.62594289], [193928.153240882, 546767.235681663], [193927.9153048533, 546797.8136590105], [193923.922833214, 546794.745387187], [193899.312518418, 546826.835727347], [193898.6452180159, 546912.5927969678], [193924.12069377943, 546932.139360728], [193907.46241564926, 546953.4958155627], [193907.09020526952, 547001.3298515519], [193901.02257394753, 547009.1252539803], [193900.8431318226, 547032.1859785842], [193927.24358393106, 547052.8462329381], [193930.74362397427, 547048.5763243734], [193931.6836039163, 547049.3463331449], [193933.83362846804, 547046.7263892883], [193933.85415754822, 547044.0881265916], [193939.78373868353, 547036.8465663071], [193939.82485500938, 547031.5625658673], [193963.28014993726, 547049.9911339186], [193970.10023729102, 547041.0913168499], [193970.5824880018, 546979.1156194768], [193960.8638284593, 546971.4892590095], [193969.48759471416, 546959.4352196077], [193971.21756064615, 546960.6752372127], [193975.91116695252, 546954.6417482338], [193975.74122992955, 546976.4809394943], [193997.820768662, 546993.9511506637], [194000.35378452745, 546995.8923235638], [193984.73277929056, 547016.0055432613], [193984.37177476054, 547062.3994769622], [193965.54279700818, 547086.8556513274], [193964.94278740292, 547163.9649492218], [193981.32344999153, 547176.6251083656], [193991.17257015524, 547164.1453694927], [193992.13255041398, 547164.8853788355], [193992.66255734986, 547164.1843931314], [193999.71341291044, 547169.5844620379], [194011.26256162886, 547154.4647722385], [194011.86257123412, 547077.3554743441], [194003.69715910696, 547071.0551843339], [194038.39742078344, 547026.1883553495], [194038.23634333818, 547046.8889718076], [194033.82278938958, 547052.6260310687], [194033.3405386788, 547114.6017284419], [194037.68343583756, 547117.9450162478], [194037.6548098372, 547121.6238420021], [194018.363047671, 547106.615337942], [194012.182967618, 547114.735171706], [194011.5919770163, 547190.6854064338], [194009.262721601, 547193.715474383], [194009.2166209723, 547199.6400247265], [194006.44268725, 547197.285399638], [194000.442622769, 547204.345245017], [193999.702638789, 547203.725238224], [193996.46260401, 547207.535154748], [193995.86259440475, 547284.6444526424], [194007.07334954775, 547294.1745544334], [194009.28337409475, 547291.5246117944], [194015.62479495778, 547296.6266591216], [194015.61321640073, 547298.1146593104], [194019.41313614274, 547301.1746952154], [194027.42323050075, 547291.2349058765], [194027.46698962632, 547285.6112701526], [194029.90326908074, 547287.5749758955], [194036.4265056925, 547279.4774319569], [194036.392701558, 547283.8217175391], [194050.01082586727, 547294.7689749578], [194062.4177176083, 547279.3351007405], [194062.69753816727, 547243.374398365], [194063.73494422602, 547242.083890238], [194063.4331027978, 547280.8745702549], [194069.36298085615, 547285.4446279767], [194075.8628471758, 547290.4546912439], [194077.6928688814, 547288.1747394438], [194084.59540104438, 547293.5225816212], [194084.58270034043, 547295.1547927646], [194088.8726118981, 547298.4748344093], [194097.12271572073, 547287.8250547766], [194097.16732114684, 547282.0926580629], [194099.98274943046, 547284.2751300016], [194108.24285349328, 547273.6053506895], [194108.84286309854, 547196.4960527951], [194104.69294862612, 547193.2860124938], [194103.86293820458, 547194.355990336], [194097.82266357384, 547189.680723757], [194097.85312544115, 547185.7659644248], [194085.533379516, 547176.2258448686], [194082.36333949474, 547180.3257601341], [194082.34767558362, 547182.3387832234], [194078.449735557, 547187.3731873067], [194078.712799605, 547153.565921778], [194076.83930838693, 547152.1083928954], [194077.15814345493, 547111.1338017859], [194096.79245300626, 547126.5943471105], [194096.6906177929, 547139.6815406051], [194105.9004285382, 547146.7716303262], [194110.63747089735, 547140.666695023], [194110.36447035847, 547175.7509331628], [194118.72496001417, 547182.4717142576], [194118.13442150547, 547258.363848959], [194131.7525458147, 547269.3111063776], [194143.4296203945, 547254.7851071145], [194143.51233199897, 547244.1555543673], [194143.512331999, 547244.1555543673], [194150.81050361137, 547235.0768048278], [194151.16654485202, 547189.3207205121], [194153.07305413825, 547186.8612101604], [194153.14265096825, 547177.9170821839], [194154.18574745618, 547176.57227492], [194163.13355506692, 547183.5359499321], [194167.3536075728, 547178.1260623413], [194167.49925903164, 547159.4078924468], [194177.4725029534, 547146.5499344093], [194180.76362014975, 547149.071110254], [194172.8429382923, 547159.295388298], [194172.4632055559, 547208.0961482113], [194162.9633566828, 547200.485890271], [194153.0932311962, 547213.3056259828], [194152.93481744526, 547233.6639219222], [194163.3145551, 547244.7039979429], [194178.90423827438, 547256.4841516506], [194190.00437029055, 547242.6334442073], [194190.10331605954, 547229.9175831449], [194239.89168649216, 547165.6097812654], [194240.41070747402, 547098.9086098956], [194247.03920059826, 547104.1549407104], [194255.91630912755, 547092.8951761576], [194256.17285529056, 547059.9255464504], [194226.96246313024, 547036.9652657274], [194226.07824518112, 547036.271194166], [194226.42632065018, 546991.5388185534], [194236.0310608323, 546979.1311029237], [194239.96097968932, 546982.1811410142], [194242.98101772508, 546978.2812216759], [194243.04953705132, 546969.4755674101], [194257.36033567137, 546951.201675791], [194257.6430025207, 546914.8751868528], [194257.85448813424, 546914.612103848], [194257.90075055708, 546908.6667607861], [194257.69261399866, 546908.4994451975], [194257.84258638215, 546889.2259784178], [194248.1727870872, 546881.6558852337], [194227.05605538067, 546910.609442583], [194227.19347392512, 546892.9493128338], [194216.29897447774, 546884.191506899], [194209.0008028654, 546893.2702564385], [194206.2771780035, 546891.0808049547], [194203.3579093585, 546894.7123047706], [194201.074874058, 546892.8770318237], [194208.4172530217, 546883.743289405], [194211.4759122691, 546886.1312731248], [194222.19604561108, 546872.3915585888], [194222.333430988, 546854.735691314], [194192.79398498728, 546831.6705575099], [194228.9902370012, 546785.1615861625], [194261.51064649923, 546743.1714546091], [194261.99289721, 546681.195757236], [194252.99308775432, 546673.9156724362], [194249.2809770307, 546678.7133736006], [194249.73297112135, 546620.6260585357], [194214.84268674836, 546593.8357180124], [194210.17261717704, 546600.5355877979], [194209.69036646627, 546662.511285171], [194210.36006184472, 546663.0063901239], [194210.32127321584, 546667.9912502195], [194212.43950023016, 546669.5529535342], [194212.40115189282, 546674.4812302532], [194215.67109512497, 546676.351267443], [194217.9411199929, 546673.6513261562], [194229.71869395487, 546682.7414775235], [194229.6807996884, 546687.6114000339], [194232.74074495645, 546689.4614340081], [194235.3707537012, 546687.581491763], [194239.91145857834, 546690.8229664807], [194211.66267990187, 546727.3329761327], [194212.11249219588, 546669.5260512577], [194181.536097515, 546645.5980841407], [194181.74255145554, 546619.0659782151], [194172.8027397313, 546611.895893487], [194160.3125642693, 546629.1555506391], [194101.66285251602, 546703.2259980963], [194101.18060180524, 546765.2016954694], [194110.2504143828, 546772.2517832654]], [[194164.5301710131, 547070.8011985632], [194165.34851761488, 547071.4346812502], [194163.11102058334, 547074.3207097435], [194163.12430191727, 547072.6138798449], [194164.5301710131, 547070.8011985632]], [[194171.4960136, 547061.4230774428], [194182.21039991014, 547047.5816740147], [194182.323073581, 547033.1015930716], [194184.4594694884, 547034.7750482863], [194184.3413705386, 547049.9523504889], [194182.89263280283, 547048.8054595765], [194171.47964654534, 547063.5264639255], [194171.4960136, 547061.4230774428]], [[194193.15475318301, 547091.3537344262], [194192.82680445697, 547133.4995530734], [194184.86604217766, 547143.7755682513], [194184.91830394935, 547137.0592282326], [194190.16265814242, 547130.4502710201], [194190.1792264451, 547128.3210214617], [194190.78269954628, 547127.5603047847], [194191.0774273123, 547089.6838259621], [194193.15475318301, 547091.3537344262]], [[194185.25299185037, 546932.79676051], [194185.01186913118, 546963.7842704103], [194181.77294336937, 546967.8661078876], [194180.5829286675, 546969.3850762493], [194180.5818400454, 546969.5249788208], [194163.76367087805, 546990.446375808], [194163.99804990547, 546960.3255209287], [194185.25299185037, 546932.79676051]], [[194022.66093690123, 546908.6612521955], [194023.55796586283, 546909.3558976477], [194023.54088325327, 546911.5512425521], [194032.2438766248, 546918.3236876456], [194032.19059362262, 546925.1712695037], [194035.97051547453, 546928.1113060737], [194039.34055755148, 546923.7813959011], [194049.92252760194, 546932.068836889], [194010.52289137003, 546982.7988332955], [194010.95298755562, 546927.5256933195], [194001.6680703368, 546920.2432955275], [194001.68137998832, 546918.5328264367], [194013.76813145116, 546903.5453915696], [194013.8339580799, 546895.0857851233], [194017.9302776268, 546889.8713308127], [194022.13119025293, 546893.1713711898], [194022.78798586325, 546892.3337531475], [194022.66093690123, 546908.6612521955]], [[194045.8154134163, 546853.7795089333], [194054.85074109037, 546842.2813161571], [194059.1606513831, 546845.6713575447], [194060.45668613422, 546844.0227460868], [194060.33040743246, 546860.2512563426], [194061.60882424196, 546861.2561356648], [194061.59034280432, 546863.6312487775], [194069.20018690705, 546869.4613231408], [194069.8845536254, 546869.9869811182], [194069.83106278974, 546876.8612723707], [194073.64098471918, 546879.7813095921], [194077.03102808373, 546875.3614004795], [194087.82835460568, 546883.8452944153], [194079.32295597345, 546894.7460624698], [194079.1938872872, 546911.3331232244], [194071.11286066897, 546904.845847318], [194069.75284461302, 546906.5358115385], [194059.46754608597, 546919.7789073439], [194059.89259045533, 546865.1549936486], [194059.88259743477, 546864.7259970184], [194045.8154134163, 546853.7795089333]], [[194079.47712109672, 546957.5396273328], [194082.31350261995, 546959.7658096157], [194079.43190543877, 546963.3504470388], [194079.47712109672, 546957.5396273328]], [[193928.90181653312, 547005.1779619334], [193935.62618426915, 546996.5267342891], [193935.51879846683, 547010.3272530612], [193928.90181653312, 547005.1779619334]], [[194115.80632988547, 546956.3392695446], [194115.79576740862, 546957.6966897735], [194115.13095120524, 546957.1794243406], [194115.80632988547, 546956.3392695446]], [[194079.4656990194, 547073.2965705001], [194088.10095698453, 547062.1172896276], [194101.1178311662, 547072.5812176411], [194097.17286850367, 547077.705843232], [194097.09927872, 547087.1631194159], [194079.4656990194, 547073.2965705001]], [[194228.3866757135, 547084.0848059807], [194236.37929740138, 547090.3976946892], [194230.02265793498, 547085.4859154995], [194225.6513847244, 547091.1284994987], [194225.67962528203, 547087.4992083109], [194225.68664278046, 547087.5047344043], [194228.3866757135, 547084.0848059807]]], [[[194117.41165409485, 546826.2028880854], [194129.77180456856, 546810.563215549], [194129.92320886147, 546791.1057291644], [194094.99293823974, 546763.485394884], [194082.6127879186, 546779.126067096], [194082.4613836257, 546798.5835534806], [194117.41165409485, 546826.2028880854]]], [[[194258.23248981155, 546584.0454961979], [194257.75023910077, 546646.021193571], [194268.13103648636, 546653.3513001613], [194307.5405342789, 546602.371353265], [194308.02278498968, 546540.3956558919], [194298.06298431806, 546533.0555561461], [194258.23248981155, 546584.0454961979]]], [[[194271.25108031172, 546711.2408739777], [194281.47087498463, 546718.820975925], [194347.80070169104, 546633.7107427407], [194348.28295240182, 546571.7350453675], [194337.60316403047, 546563.9959373248], [194271.7333310225, 546649.2651766045], [194271.25108031172, 546711.2408739777]]], [[[194240.5632222328, 546825.0956870425], [194242.52324706153, 546822.5557394618], [194244.0232161585, 546823.7157540333], [194257.1333820766, 546806.7361045879], [194261.99328466225, 546810.3261531865], [194265.2733250767, 546806.1462403293], [194265.34965922107, 546796.3362769117], [194270.34479437253, 546789.9625673413], [194270.1003189156, 546821.3809491019], [194277.5211613569, 546827.4110188031], [194279.68118648292, 546824.751075425], [194281.18115461577, 546825.9710895069], [194294.48032092763, 546808.8714440726], [194298.51968767782, 546812.0106834194], [194290.6333964551, 546822.1860574638], [194290.1511457443, 546884.1617548369], [194297.85098687856, 546890.1308295258], [194299.89101250152, 546887.5008839746], [194301.3509825688, 546888.6208982342], [194314.70114605816, 546871.6712524018], [194319.30105012184, 546875.301296495], [194322.64109101437, 546871.0613850981], [194322.7160318608, 546861.4304791924], [194330.25034255636, 546851.5516680118], [194330.2745381511, 546848.4422089199], [194330.83039957867, 546847.7107089495], [194331.31265028944, 546785.7350115763], [194323.50280988732, 546779.7759350316], [194302.50059440988, 546806.8742746956], [194302.56302708545, 546798.8508368449], [194310.21051499486, 546788.8108620887], [194310.23596609564, 546785.5400535975], [194310.73057377528, 546784.8909027098], [194311.21282448605, 546722.9152053366], [194303.62297956325, 546717.125130946], [194270.58256962636, 546759.4052517287], [194270.50898347283, 546768.8620613918], [194265.92251250925, 546765.3251280824], [194233.1430977304, 546807.7752516394], [194233.05337666796, 546819.3056139414], [194240.5632222328, 546825.0956870425]]], [[[194279.98315169496, 547029.3951806773], [194279.72660553196, 547062.3648103845], [194289.40640520985, 547069.9049039813], [194307.37603585343, 547083.7450790306], [194309.06177989932, 547081.5833402015], [194308.98586579502, 547091.3393228253], [194318.81071973415, 547099.921284097], [194317.252694102, 547101.105189722], [194314.962629176, 547106.306110077], [194314.373539437, 547112.186052198], [194314.16605948002, 547138.8500150214], [194315.49596999603, 547143.7389961634], [194318.23588746804, 547147.4790094394], [194322.77580871104, 547150.0700611203], [194328.11575255703, 547150.8491405844], [194330.47638994607, 547150.4301317134], [194270.753102511, 547223.705432561], [194270.496556348, 547256.6750622682], [194279.396366235, 547263.9751452951], [194296.146556775, 547243.6155823081], [194297.926518911, 547245.0655989972], [194312.726687939, 547227.0349854701], [194313.77666553, 547227.8949952752], [194319.636732466, 547220.7551483022], [194319.64412619732, 547219.80495446], [194319.67674806, 547219.7651570952], [194319.7209556023, 547214.0838937998], [194333.155994605, 547197.5855564761], [194337.87197935296, 547201.2623121408], [194337.8658844, 547202.0455955062], [194338.89686295, 547202.8556054182], [194350.876012259, 547187.4849246142], [194350.96596160432, 547175.9252248977], [194355.216250338, 547170.4751344451], [194355.676248028, 547170.3851425832], [194358.246194868, 547172.3851674491], [194358.776201314, 547171.7151814902], [194359.306190229, 547172.1351865561], [194365.02626168999, 547164.7853390551], [194365.07642483988, 547158.3387001436], [194373.316459298, 547148.2856082082], [194373.573005461, 547115.315978501], [194365.553176794, 547108.735903688], [194365.313174091, 547109.025897441], [194364.663188084, 547108.485891432], [194348.40363964406, 547128.4349490736], [194348.46595036302, 547128.2096542324], [194348.86499550703, 547125.1996854293], [194350.28499130104, 547124.7397120524], [194351.25599639502, 547123.9297343353], [194351.75501258002, 547122.6697527344], [194351.962492537, 547096.005789911], [194351.913510463, 547094.915798095], [194351.112532444, 547093.955793116], [194349.982553575, 547093.215781033], [194349.072560207, 547093.265765988], [194348.842632036, 547088.915798099], [194347.432725567, 547083.815817405], [194345.972799725, 547079.945825785], [194343.852875897, 547076.285821819], [194341.892928091, 547074.035808821], [194338.723003519, 547070.955783196], [194329.223212665, 547062.775697758], [194321.52464089132, 547056.8414271517], [194321.71275820016, 547032.6658248309], [194294.153328418, 547011.2055582857], [194279.98315169496, 547029.3951806773]]], [[[194224.57531121903, 547293.0893043244], [194224.82531448302, 547292.7593110623], [194229.94521105304, 547296.5893618644], [194243.03538549604, 547279.0897164784], [194243.242865453, 547252.425753655], [194208.092596358, 547224.835415534], [194194.572429619, 547242.075056153], [194194.4026479728, 547263.8942794097], [194181.093915328, 547280.906519642], [194120.223161574, 547358.715899951], [194120.01568161702, 547385.3798627744], [194120.99566202905, 547386.0998726033], [194121.24566593504, 547385.7298796703], [194128.41094871616, 547391.0011795114], [194128.40551141603, 547391.6999456503], [194129.30549344604, 547392.3599546873], [194140.99563574704, 547377.5692645003], [194143.70557918603, 547379.7092904584], [194149.99565497503, 547371.7994567563], [194150.04166928795, 547365.8859991523], [194168.45597992904, 547342.2099973103], [194173.91585749103, 547347.0490452694], [194185.63500389003, 547331.9893577544], [194185.72664849836, 547320.211793959], [194195.57231551502, 547307.5607187264], [194195.70531717804, 547307.3897222733], [194195.92431263704, 547307.5607243894], [194198.81525284602, 547309.8097523623], [194200.55927480804, 547307.5577989523], [194209.73539035904, 547295.7090440923], [194209.78630908683, 547289.1653032675], [194213.34553790605, 547284.6991928084], [194224.57531121903, 547293.0893043244]]], [[[194384.05280327474, 546653.8754032962], [194387.34384489473, 546649.6154912668], [194387.41925368665, 546639.924448074], [194394.96309539393, 546630.1657738107], [194394.9882358561, 546626.9348865583], [194395.47315312902, 546626.3158136903], [194395.56287419147, 546614.7854513883], [194388.1630278683, 546608.9853801219], [194354.9326178301, 546651.365497092], [194354.85816003167, 546660.9343248425], [194350.48255481006, 546657.5453746858], [194317.13315187432, 546699.5454928445], [194317.04343081187, 546711.0758551465], [194324.54327389764, 546717.0259267768], [194326.7032999897, 546714.305983893], [194328.24326779958, 546715.5259986137], [194341.39343260467, 546698.5963493732], [194346.06333626527, 546702.2163946731], [194349.4533786966, 546697.8554850689], [194349.5262401199, 546688.4918129754], [194357.28362585985, 546678.5057701954], [194357.3088100566, 546675.269262459], [194357.71368280184, 546674.7458080506], [194357.7879408803, 546665.2026469989], [194362.41373960068, 546668.8259323363], [194364.48376578483, 546666.1459876712], [194366.0937325404, 546667.3960032738], [194379.34290008424, 546650.2463574234], [194384.05280327474, 546653.8754032962]]], [[[194368.25343539807, 546746.9753831802], [194369.04341896126, 546747.5963907694], [194369.56342550437, 546746.9254046562], [194370.25341118625, 546747.4654113065], [194384.1135853179, 546729.5957812226], [194388.8634899309, 546733.115828638], [194391.99352980717, 546729.0459124586], [194392.06925321664, 546719.3144366823], [194396.0670620857, 546714.1104206349], [194395.80046622836, 546748.3715711234], [194402.0103356076, 546753.3416300835], [194404.0703602675, 546750.7616844364], [194404.9703413589, 546751.4806929937], [194405.4303467494, 546750.9117050742], [194406.03033413226, 546751.3917107702], [194419.950508924, 546733.4510822266], [194424.42141273865, 546736.9125418777], [194402.20339258516, 546765.755315942], [194401.72114187438, 546827.7310133151], [194408.82099786607, 546833.081083459], [194410.56102079808, 546830.771130449], [194412.04099086626, 546831.8811451122], [194424.70015713066, 546815.1114866725], [194429.6810559923, 546818.8715358314], [194432.95109665982, 546814.6816228926], [194433.0258190793, 546805.0787877836], [194440.880347876, 546795.0309120954], [194440.9063310386, 546791.6917265108], [194441.19040500064, 546791.3209476072], [194441.30185582887, 546776.9980183744], [194442.35224866922, 546777.8334423631], [194442.29732716343, 546784.8915939552], [194446.39824109743, 546788.1616329952], [194449.81828777443, 546783.5217261693], [194457.80471836674, 546789.7842459846], [194448.45343504965, 546801.8157629445], [194447.97118433888, 546863.7914603177], [194454.26105466363, 546868.6615213929], [194456.14107838352, 546866.2315716194], [194456.9410617202, 546866.8615793028], [194457.4410679272, 546866.2215926086], [194458.22105191133, 546866.8216002125], [194472.0812265611, 546848.9209704023], [194476.58113385478, 546852.4010141303], [194479.87017565494, 546848.1311021582], [194479.94282842177, 546838.7942452296], [194487.50042127044, 546828.9813824338], [194487.52474364257, 546825.8556307409], [194488.44048305808, 546824.6614330997], [194488.80061501166, 546778.3796371991], [194495.98114214634, 546769.1355868735], [194496.03781602034, 546761.8522324145], [194503.08962885267, 546767.344616871], [194503.03288999255, 546774.63632292], [194507.10280579855, 546777.805362292], [194510.85284576655, 546773.415458723], [194511.53283104955, 546773.985464969], [194531.57992399117, 546789.7183709923], [194531.52329780353, 546796.995597114], [194535.86320720855, 546800.425638687], [194537.5575315915, 546798.3733027914], [194537.12931903847, 546853.404370667], [194578.85945925547, 546885.684776163], [194591.98560901324, 546868.3483129186], [194591.7634319565, 546896.9010505783], [194583.17262758128, 546907.9860558456], [194582.90907196028, 546941.8564951076], [194604.95961062686, 546959.345705836], [194622.64982493868, 546937.036173928], [194622.66193679464, 546935.479637665], [194623.12985559527, 546934.886199341], [194624.08884583449, 546935.0062137762], [194624.56884191275, 546935.0062214962], [194625.0888383091, 546934.96623019], [194625.66983774683, 546934.7062416713], [194625.95984325898, 546934.2162503692], [194626.2498490923, 546933.7062592305], [194626.3998586424, 546933.0362671536], [194626.45731902905, 546925.6518352509], [194626.46897708118, 546925.6363291572], [194626.55487977754, 546914.5966782155], [194628.14822818068, 546915.8295689917], [194628.0314636528, 546930.8353800409], [194646.59108132482, 546945.1855604615], [194662.09127686397, 546925.1559745605], [194667.8711579409, 546929.6160308234], [194668.49116542272, 546928.8360472104], [194668.99115506813, 546929.2260520437], [194682.93132348807, 546911.6754206526], [194683.45282716365, 546844.6551897724], [194672.12306439623, 546835.6560815944], [194672.10726155073, 546835.6611716532], [194672.12309704133, 546833.6260982965], [194654.01347021988, 546819.6159223088], [194649.40241540305, 546825.3658008442], [194643.09254202843, 546820.6957377838], [194632.37236351037, 546834.7844162338], [194632.6730219029, 546796.1457721997], [194626.57314841714, 546791.3757133431], [194604.30300174817, 546819.8731594476], [194605.513363408, 546664.325419925], [194564.60322241, 546631.676030636], [194538.59289387, 546665.315335616], [194537.7730800941, 546770.672423418], [194511.612748365, 546750.255202889], [194497.463041431, 546739.215066185], [194496.2014013424, 546740.8293200834], [194496.50264582192, 546702.1153559933], [194451.44257683842, 546667.0959195313], [194436.41968874642, 546686.4370638053], [194436.72301281613, 546647.4558444313], [194430.57314165717, 546642.5657857743], [194396.28271693914, 546686.3958737502], [194396.25042446208, 546690.5458910356], [194394.34269017418, 546689.0458207489], [194359.9132683806, 546732.76590737], [194359.82354731814, 546744.296269672], [194366.38341190445, 546749.38633327], [194368.25343539807, 546746.9753831802]], [[194428.1681341003, 546722.7121100646], [194428.0947423646, 546732.1439344261], [194427.85352092484, 546732.4570809368], [194427.92699103392, 546723.0151845437], [194428.1681341003, 546722.7121100646]], [[194623.83578180295, 546872.2908237112], [194624.0766129231, 546871.9770538482], [194623.93998956264, 546889.53499177], [194615.57777474145, 546882.85461176], [194615.9305135221, 546882.4010082998], [194620.48041477505, 546886.2310499595], [194623.76045649755, 546881.9711377637], [194623.83578180295, 546872.2908237112]]], [[[194510.73037370155, 546882.3313170213], [194511.18036455862, 546882.671321459], [194515.61027595893, 546885.931365875], [194518.86031743838, 546881.7014529464], [194518.93660192186, 546871.8978716193], [194526.59057189475, 546861.9517397726], [194526.61389738234, 546858.9541011404], [194527.03062490324, 546858.4317758121], [194527.51287561402, 546796.4560784389], [194520.48302274736, 546790.8760113019], [194511.5329142911, 546802.1657744735], [194488.2826129216, 546832.7151491875], [194487.80036221084, 546894.6908465606], [194494.71022039466, 546900.0009139898], [194496.44124260035, 546897.7409604238], [194498.00021073228, 546898.9309757015], [194510.73037370155, 546882.3313170213]]], [[[194360.2709123362, 546907.399279356], [194359.40244665614, 546908.5154528056], [194358.92019594536, 546970.4911501787], [194366.43104004677, 546976.3712225675], [194368.44106463122, 546973.821275879], [194369.99103251452, 546975.0312908461], [194383.26119683348, 546958.0716438275], [194387.72110430404, 546961.5606868312], [194391.06114503823, 546957.3307753587], [194391.13449923112, 546947.9037757535], [194398.94039166282, 546937.9910612288], [194398.96475038325, 546934.8606382946], [194399.4704479548, 546934.2211007791], [194399.53355403087, 546926.1111219133], [194403.4404967305, 546929.1712061831], [194405.4205212399, 546926.6412588456], [194407.0504873437, 546927.9212745235], [194419.83064843994, 546911.4116159098], [194424.03532169826, 546914.6645699161], [194402.27254993012, 546942.5058624679], [194402.18282886766, 546954.0362247699], [194408.4037026377, 546958.7262862124], [194410.2237266843, 546956.3063353982], [194411.1537078469, 546957.0053446011], [194411.54371300671, 546956.4863551448], [194412.27269822557, 546957.0353623475], [194425.92287826547, 546938.9057310788], [194430.8927775291, 546942.645780224], [194434.06281692378, 546938.5858646161], [194434.13845305928, 546928.8656047184], [194441.64306567961, 546919.2661455211], [194441.66880760866, 546915.9579616876], [194442.51313013054, 546914.8161961341], [194442.55898109014, 546908.9237316245], [194445.37316594637, 546911.1362724137], [194447.39319093295, 546908.5563261308], [194448.26317273287, 546909.246334442], [194448.72317830092, 546908.6663466125], [194449.3431653578, 546909.156352552], [194463.3433382201, 546891.2957246832], [194467.98324195296, 546894.9257694287], [194471.0832801522, 546890.9758517893], [194471.15981439792, 546881.140172657], [194478.75353123422, 546871.4661356916], [194478.77832136082, 546868.2802712667], [194479.64359294839, 546867.1761853069], [194479.73331401084, 546855.6458230049], [194473.8034370519, 546851.0057658256], [194439.3830135286, 546894.8258516736], [194439.33589850803, 546900.880765004], [194436.46297402334, 546898.7657722905], [194427.68578845248, 546909.9944978345], [194427.75663978106, 546900.8891499282], [194435.63084759607, 546891.0010379641], [194435.65538020214, 546887.8482683853], [194436.0109023799, 546887.4010736998], [194436.49315309068, 546825.4253763267], [194429.47330030703, 546819.8353094375], [194396.77289588563, 546861.5954399174], [194396.7100003643, 546869.6783596707], [194392.3228581059, 546866.2053304203], [194364.35311619157, 546902.1527305701], [194364.4177380764, 546893.8479499088], [194372.0504771662, 546884.1410719812], [194372.07518965128, 546880.9651855311], [194372.52053378228, 546880.3811104815], [194373.00278449306, 546818.4054131083], [194365.38294014693, 546812.5953383904], [194332.56352982, 546854.785463423], [194332.08127910923, 546916.7611607962], [194339.6511236974, 546922.5812346205], [194341.591148372, 546920.0612865571], [194343.12111706263, 546921.2313015324], [194356.32028517066, 546904.071655007], [194360.2709123362, 546907.399279356]]], [[[194450.8202836677, 547042.7310335377], [194452.63030619163, 547040.4110817413], [194454.0902760953, 547041.5410959189], [194466.95043751024, 547024.9714391147], [194471.7503441132, 547028.3414885746], [194474.78038272145, 547024.4015697294], [194474.85420512388, 547014.9143989087], [194482.83063570416, 547004.5808623199], [194482.8569026864, 547001.2052020929], [194483.1206931594, 547000.8608975979], [194483.1939683336, 546991.4440529593], [194487.84074803442, 546995.0510213214], [194489.7407719127, 546992.6010720393], [194491.24074085098, 546993.7710865338], [194503.99090091934, 546977.3414267977], [194508.68704863577, 546980.6581941072], [194496.51291165725, 546996.5159335531], [194496.03066094648, 547058.4916309263], [194502.04053772136, 547063.1016896404], [194503.8705613707, 547060.701738825], [194504.74054366723, 547061.3607473931], [194505.23054979788, 547060.7307604589], [194505.93053537974, 547061.271767267], [194511.29060402286, 547054.2809110034], [194519.40071724766, 547043.1211332818], [194524.55061503916, 547046.8611853296], [194527.81065450815, 547042.7512715836], [194527.88731728602, 547032.8990743452], [194535.3009022534, 547023.5415501385], [194535.32525243197, 547020.4122249447], [194536.24096388504, 547019.2316007259], [194536.29734622547, 547011.9857122477], [194539.71100983897, 547014.6116945553], [194541.62103412038, 547012.1317456835], [194542.53101545025, 547012.8307545658], [194543.00102158045, 547012.2107672272], [194543.72100685432, 547012.7607742805], [194557.47118288852, 546994.8311429746], [194562.17108645206, 546998.4411888507], [194565.46112840803, 546994.1612769875], [194565.53409981471, 546984.7834705568], [194573.11037614732, 546974.8715587425], [194573.13443374258, 546971.779834437], [194574.02043706144, 546970.6216083524], [194574.5026877722, 546908.6459109792], [194568.03282021167, 546903.6958476602], [194533.99238790222, 546947.8659367111], [194533.93616656488, 546955.0911341278], [194530.54334225832, 546952.4558434678], [194512.0341886527, 546976.301864886], [194512.10716744646, 546966.9231091179], [194519.79110138476, 546956.850849524], [194519.81549189132, 546953.716341642], [194520.22115672907, 546953.1908865565], [194520.70340743984, 546891.2151891834], [194513.69255153404, 546885.8151208689], [194511.71252636067, 546888.3860678711], [194481.2631445303, 546927.5952555065], [194481.18975355627, 546937.0269819809], [194476.60308771502, 546933.495132008], [194444.37267733767, 546975.3852689153], [194443.8904266269, 547037.3609662885], [194450.8202836677, 547042.7310335377]]], [[[194375.38543467477, 547022.2299595181], [194436.42516918175, 547069.9195486474], [194443.62526474454, 547060.3197434564], [194443.8327447015, 547033.6557806331], [194382.9830062386, 546986.1151933292], [194375.59291463174, 546995.5659966947], [194375.38543467477, 547022.2299595181]]], [[[194451.52610120818, 547060.2935291003], [194455.2060184026, 547063.5735612871], [194461.25607785114, 547056.8037143095], [194461.32336864798, 547048.155942583], [194457.67245170014, 547044.8459111118], [194451.59339200502, 547051.6457573738], [194451.52610120818, 547060.2935291003]]], [[[194369.48630377944, 547098.8410483968], [194369.4190129826, 547107.4888201233], [194378.50381954148, 547114.9029051965], [194380.8918523098, 547111.6519703645], [194380.95914310665, 547103.004198638], [194371.8743365356, 547095.5911135555], [194369.48630377944, 547098.8410483968]]], [[[194310.70123163634, 547257.5617962832], [194310.57786517544, 547273.4160444485], [194314.6017660558, 547277.5350752504], [194318.4097968537, 547273.6851681933], [194326.8798653478, 547265.1223749211], [194327.0032318087, 547249.2681267558], [194323.1963287843, 547245.1720992503], [194310.70123163634, 547257.5617962832]]]]}, "properties": {"kind": "기존·대교", "time_kst": "12:30", "sun_alt_deg": 29.03, "sun_az_deg": 179.55, "scheme": "F1-55"}}, {"type": "Feature", "geometry": {"type": "Polygon", "coordinates": [[[194295.9681848437, 546949.3002457052], [194427.7083338959, 547267.7170030857], [194447.10729502077, 547282.8517295001], [194464.18937901, 547260.956739517], [194332.4492299578, 546942.5399821366], [194313.0502688329, 546927.4052557222], [194295.9681848437, 546949.3002457052]]]}, "properties": {"kind": "화랑 신축", "time_kst": "14:00", "sun_alt_deg": 25.59, "sun_az_deg": 202.48, "scheme": "F1-55"}}, {"type": "Feature", "geometry": {"type": "MultiPolygon", "coordinates": [[[[194107.2650011585, 546690.682904252], [194107.91498797215, 546691.1729106696], [194147.45548377358, 546640.2429655113], [194130.8532717149, 546600.1153159898], [194130.5281006127, 546599.8669952499], [194130.4032842309, 546599.5653132809], [194118.26253482178, 546590.1451956121], [194078.53304201982, 546640.9851384803], [194079.0074947378, 546642.1318936425], [194078.83301690067, 546642.3951316993], [194095.43522895934, 546682.5227812207], [194099.60515069152, 546685.2728256272], [194099.82515436198, 546684.9328319627], [194100.5057503348, 546685.3833830329], [194100.9151223095, 546686.3728376349], [194107.0049978145, 546691.0228972728], [194107.2650011585, 546690.682904252]]], [[[194038.08899076577, 546661.2514051658], [194038.0730463139, 546661.275321009], [194054.27616673656, 546700.4383635708], [194074.58575327817, 546715.8385633375], [194074.96575917976, 546715.2785740586], [194075.2357540781, 546715.4585769187], [194076.49577352562, 546713.6086124008], [194079.09572399597, 546715.3686397143], [194079.37538033864, 546715.3011412236], [194079.4157209011, 546715.3986446133], [194080.2157174183, 546715.2086590396], [194080.5157210786, 546714.8286669892], [194080.8357144459, 546715.0786700766], [194084.4457605126, 546710.3787667973], [194085.79573276587, 546711.4187799422], [194086.90571389464, 546712.0287927679], [194086.97571541378, 546711.8987949634], [194087.51570617966, 546712.198801174], [194087.74570172763, 546712.3588035546], [194088.19570818022, 546711.7288159752], [194088.59570025068, 546712.0188200189], [194096.80580664735, 546701.2290408191], [194096.64996353118, 546700.8523670407], [194096.78581597074, 546700.6590451869], [194080.58269554807, 546661.4960026251], [194069.57291842354, 546653.2258936836], [194066.89022733548, 546651.2020416317], [194065.54303622022, 546647.9458723501], [194061.28312422655, 546644.6358311055], [194060.40311324762, 546645.7658076595], [194050.01332800137, 546637.6857071221], [194049.733324502, 546638.0456996581], [194049.37333194024, 546637.7656961725], [194049.2233301134, 546637.9556921994], [194036.73317155393, 546654.1653579867], [194036.93824392668, 546654.6610191836], [194036.84316068958, 546654.7853546517], [194036.58315718794, 546655.1353475912], [194038.17915712504, 546658.9928893385], [194037.76307633525, 546659.5653301001], [194037.83307238712, 546659.7753294958], [194037.5930732239, 546659.8453250614], [194037.8630571945, 546660.7053223227], [194038.08899076577, 546661.2514051658]]], [[[194138.19016965217, 546776.6410447161], [194152.19244716858, 546758.6907495365], [194169.6105247713, 546800.7903511383], [194178.67033807133, 546807.8004391089], [194179.40034737875, 546806.8504586653], [194191.2304946345, 546791.6807737239], [194192.30496134414, 546790.3060245347], [194209.53069789417, 546831.9407366192], [194218.6005135194, 546838.8008259898], [194236.47640931502, 546815.8318864143], [194238.25147067156, 546820.122220723], [194245.7613162364, 546825.912293824], [194247.72134106513, 546823.3723462434], [194249.2213101621, 546824.5323608149], [194262.3314760802, 546807.5527113695], [194267.19137866586, 546811.1427599681], [194270.4714190803, 546806.9628471108], [194267.8414191772, 546800.6061210324], [194278.18167044528, 546787.4121319872], [194277.32310954298, 546785.3369849611], [194278.68172809965, 546783.5721716296], [194273.5733551585, 546771.2252025461], [194272.03911663007, 546770.0420490063], [194273.95819199953, 546767.564151942], [194294.4954954407, 546817.2029417424], [194290.6333964551, 546822.1860574638], [194318.09090101367, 546888.5510162876], [194325.79074214792, 546894.5200909765], [194327.83076777088, 546891.8901454253], [194329.29073783816, 546893.0101596849], [194341.80490165338, 546877.1219164641], [194360.0210343786, 546921.1504222469], [194366.78000419118, 546926.3470551273], [194386.85995121472, 546974.8804116294], [194394.37079531612, 546980.7604840182], [194396.38081990057, 546978.2105373298], [194397.93078778387, 546979.4205522968], [194411.20095210284, 546962.4609052782], [194415.6608595734, 546965.949948282], [194419.00090030758, 546961.7200368094], [194417.36875033242, 546957.7751201959], [194417.47079222917, 546957.851969129], [194431.12097226907, 546939.7223378604], [194436.0908715327, 546943.4623870056], [194439.26091092738, 546939.4024713977], [194436.65725107543, 546933.1094093863], [194446.84115968322, 546920.0827523026], [194446.46919454975, 546919.1837102679], [194446.68118012606, 546918.8927595231], [194446.22691175123, 546917.7947900435], [194447.7704037093, 546915.8008773605], [194452.32030994512, 546919.3209215611], [194455.62035165407, 546915.0510097689], [194453.52392673944, 546909.9839377471], [194453.92127230452, 546909.4829533941], [194454.5412593614, 546909.9729593336], [194468.5414322237, 546892.1123314648], [194473.18133595656, 546895.7423762103], [194476.2813741558, 546891.7924585709], [194473.64298720562, 546885.4154609477], [194483.95162523782, 546872.2827424732], [194483.5666717697, 546871.352307553], [194483.76164576373, 546871.102749128], [194483.74294724382, 546871.0575546894], [194484.08083365287, 546870.6208330701], [194484.88081698955, 546871.2508407535], [194485.38082319655, 546870.6108540593], [194486.16080718068, 546871.2108616632], [194497.924020155, 546856.0184902716], [194511.45357694224, 546888.7195129438], [194481.2631445303, 546927.5952555065], [194505.13266893208, 546985.2880440368], [194503.6178119414, 546987.2612604955], [194483.60294387018, 546938.8852002247], [194476.60308771502, 546933.495132008], [194444.37267733767, 546975.3852689153], [194471.83018189625, 547041.7502277392], [194478.76003893706, 547047.1202949884], [194480.57006146098, 547044.8003431921], [194482.03003136464, 547045.9303573696], [194494.8901927796, 547029.3607005654], [194499.69009938257, 547032.7307500254], [194502.7201379908, 547028.7908311802], [194500.19044233888, 547022.676541099], [194504.8428121552, 547016.649354723], [194523.97041621583, 547062.880892377], [194529.98029299072, 547067.4909510912], [194531.81031664007, 547065.0910002757], [194532.68029893658, 547065.7500088438], [194533.17030506724, 547065.1200219096], [194533.8702906491, 547065.6610287178], [194539.2303592922, 547058.6701724541], [194547.340472517, 547047.5103947326], [194552.49037030851, 547051.2504467804], [194555.7504097775, 547047.1405330343], [194553.09891454957, 547040.7318526225], [194563.24065752275, 547027.9308115892], [194562.882742231, 547027.0657281091], [194563.07067659867, 547026.8308179098], [194562.59074261325, 547025.6708144902], [194564.1807191544, 547023.6208621766], [194541.66262114994, 546969.1944796308], [194542.41092348934, 546968.2135894413], [194561.4498924608, 547014.230895535], [194567.65076510832, 547019.000956006], [194569.56078938974, 547016.5210071342], [194570.4707707196, 547017.2200160165], [194570.9407768498, 547016.600028678], [194571.66076212368, 547017.1500357313], [194585.41093815787, 546999.2204044253], [194590.1108417214, 547002.8304503014], [194593.4008836774, 546998.5505384383], [194590.90917383804, 546992.5280603017], [194601.05013141668, 546979.2608201932], [194600.64328323878, 546978.2774656237], [194600.79015235673, 546978.0908256408], [194600.37384796262, 546977.084615338], [194601.9601923308, 546975.0108698031], [194574.5026877722, 546908.6459109792], [194568.03282021167, 546903.6958476602], [194540.59641226413, 546939.2967052305], [194525.6063164669, 546903.0655507122], [194525.93996600164, 546903.3202371523], [194538.6701289709, 546886.720578472], [194539.12011982797, 546887.0605829097], [194543.55003122828, 546890.3206273257], [194546.80007270773, 546886.0907143971], [194544.18887819187, 546879.7794410563], [194554.5303271641, 546866.3410012233], [194553.72158715225, 546864.3862715984], [194554.9703801726, 546862.8210372628], [194527.51287561402, 546796.4560784389], [194520.48302274736, 546790.8760113019], [194511.5329142911, 546802.1657744735], [194507.46720841597, 546807.507845971], [194504.89838458147, 546801.2989828299], [194522.16674120896, 546779.0680860294], [194532.23565070238, 546786.9701398225], [194536.72139180714, 546797.8122038955], [194541.06130121215, 546801.2422454685], [194544.94134510515, 546796.5423465365], [194560.83770890345, 546809.0693575572], [194565.50179449315, 546820.3424813566], [194569.72170777115, 546823.5925224816], [194573.75175221014, 546818.7826268686], [194580.62160364614, 546824.5326900375], [194581.26161064114, 546823.7727065865], [194581.82159851014, 546824.2427117245], [194582.44160534814, 546823.5027277835], [194583.88157429115, 546824.7027410675], [194588.78162851016, 546818.8428680865], [194583.673255569, 546806.495899003], [194518.71225466378, 546755.7961183196], [194496.50264582192, 546702.1153559933], [194451.44257683842, 546667.0959195313], [194447.14040062838, 546672.6347353875], [194436.72301281613, 546647.4558444313], [194430.57314165717, 546642.5657857743], [194396.28271693914, 546686.3958737502], [194398.84322380822, 546692.5846347344], [194394.34269017418, 546689.0458207489], [194359.9132683806, 546732.76590737], [194365.02164132174, 546745.1128764536], [194371.58150590805, 546750.2029400516], [194373.45152940167, 546747.7919899618], [194374.24151296486, 546748.4129975509], [194374.76151950797, 546747.7420114378], [194375.45150518985, 546748.282018088], [194389.3116793215, 546730.4123880041], [194394.0615839345, 546733.9324354195], [194397.19162381077, 546729.8625192401], [194394.60124409824, 546723.6015554081], [194404.64087377596, 546710.5327980801], [194404.33073936324, 546709.783201281], [194404.5408908345, 546709.5228047824], [194404.07884213794, 546708.4060302168], [194404.93809315842, 546707.3159717574], [194419.7124213619, 546743.0256146633], [194402.20339258516, 546765.755315942], [194426.27044300793, 546823.9255260903], [194396.77289588563, 546861.5954399174], [194420.56583267162, 546919.1031157054], [194419.76385531868, 546920.1290919157], [194399.95269866558, 546872.245403406], [194393.00158411232, 546866.742635831], [194373.00278449306, 546818.4054131083], [194365.38294014693, 546812.5953383904], [194350.3964906843, 546831.8607721786], [194335.72082878338, 546796.389606338], [194338.15027026422, 546793.2001235394], [194337.28220813157, 546791.1020119806], [194338.67032904463, 546789.2801641605], [194311.21282448605, 546722.9152053366], [194310.2267923883, 546722.1629898098], [194320.8507634074, 546708.5309829785], [194322.24152481547, 546711.8924619281], [194329.74136790124, 546717.8425335584], [194331.9013939933, 546715.1225906746], [194333.44136180318, 546716.3426053952], [194346.59152660827, 546699.4129561548], [194351.26143026887, 546703.0330014547], [194354.6514727002, 546698.6720918504], [194352.14900926524, 546692.6236222065], [194362.48171986346, 546679.322376977], [194361.6180971388, 546677.2349954948], [194362.91177680544, 546675.5624148322], [194357.8034038643, 546663.2154457486], [194356.78294155246, 546662.425087447], [194358.56323670928, 546660.140725442], [194360.04099077126, 546663.7124661756], [194367.6118336043, 546669.6425391178], [194369.68185978843, 546666.9625944528], [194371.291826544, 546668.2126100553], [194384.54099408785, 546651.0629642049], [194389.25089727834, 546654.6920100778], [194392.54193889833, 546650.4320980484], [194389.9565100648, 546644.1831005216], [194400.16118939754, 546630.9823805923], [194399.29516788194, 546628.8892012176], [194400.67124713262, 546627.1324204719], [194395.56287419147, 546614.7854513883], [194388.1630278683, 546608.9853801219], [194372.1461026748, 546629.4124275891], [194348.28295240182, 546571.7350453675], [194337.60316403047, 546563.9959373248], [194324.69855589946, 546580.7010976127], [194308.02278498968, 546540.3956558919], [194298.06298431806, 546533.0555561461], [194258.23248981155, 546584.0454961979], [194280.51358437043, 546637.8990399457], [194271.7333310225, 546649.2651766045], [194299.19083558107, 546715.6301354284], [194302.73626792102, 546718.259810431], [194286.12316051556, 546739.518753314], [194267.76718240854, 546695.152240376], [194269.81038129158, 546696.6108195398], [194277.19047567993, 546686.9910173595], [194249.73297112135, 546620.6260585357], [194214.84268674836, 546593.8357180124], [194210.17261717704, 546600.5355877979], [194211.85330094123, 546604.5978108804], [194210.80352392662, 546606.0155528464], [194213.271237933, 546611.9800329058], [194212.8834026036, 546612.5055328801], [194240.34090716217, 546678.870491704], [194243.61085039433, 546680.7405288938], [194245.88087526226, 546678.040587607], [194248.3356155091, 546679.9352019378], [194227.53945284436, 546706.8131108312], [194212.11249219588, 546669.5260512577], [194198.07452039272, 546658.5404484357], [194181.74255145554, 546619.0659782151], [194172.8027397313, 546611.895893487], [194160.3125642693, 546629.1555506391], [194101.66285251602, 546703.2259980963], [194129.1203570746, 546769.5909569202], [194138.19016965217, 546776.6410447161]], [[194210.76259507265, 546727.9203543147], [194211.0439719898, 546728.1326224501], [194210.91785588325, 546728.2956206569], [194210.76259507265, 546727.9203543147]], [[194463.59572382743, 546782.3334418488], [194459.34818849215, 546772.067122598], [194466.90417491223, 546778.076733546], [194463.59572382743, 546782.3334418488]], [[194456.29741496197, 546873.292400106], [194440.62630540162, 546835.4152310982], [194452.63991240002, 546819.5007481233], [194457.19209730544, 546822.9371638185], [194470.52950363347, 546855.1737576389], [194456.29741496197, 546873.292400106]]], [[[194069.64335782913, 546750.2660961228], [194067.36340458636, 546748.5160738695], [194039.45905724075, 546784.2928303883], [194015.153200353, 546725.545423533], [194013.11430507895, 546723.9016347633], [194008.043481881, 546711.645423642], [193995.752738858, 546701.905306216], [193976.732853547, 546704.435979606], [193966.872732673, 546716.96571795], [193969.042458709, 546732.905621624], [193953.263264344, 546753.015202411], [193937.433383847, 546753.62594289], [193928.153240882, 546767.235681663], [193930.412916509, 546786.265561335], [193938.58253424653, 546806.0115780788], [193923.922833214, 546794.745387187], [193899.312518418, 546826.835727347], [193936.37850524337, 546916.4244474064], [193907.46241564926, 546953.4958155627], [193907.63719079326, 546953.9182481698], [193907.6134068592, 546953.9658141235], [193928.75410570164, 547005.0630143514], [193913.45272910828, 546993.1555853265], [193901.02257394753, 547009.1252539803], [193911.2393198298, 547033.8191921473], [193937.63977193827, 547054.4794465012], [193941.13981198147, 547050.2095379365], [193942.0797919235, 547050.979546708], [193944.22981647524, 547048.3596028514], [193943.51156464775, 547046.6235837294], [193950.17992669073, 547038.4797798702], [193944.68735962486, 547025.2042112042], [193954.88849456533, 547012.0799526769], [193963.32048558642, 547032.4601272745], [193991.2199052066, 547054.3803953694], [193997.3176337391, 547046.4232145213], [194009.29609270536, 547075.3752241394], [193987.393074744, 547058.4752363487], [193965.54279700818, 547086.8556513274], [193999.70504105202, 547169.4260070735], [194016.08570364062, 547182.0861662172], [194025.93482380433, 547169.6064273444], [194026.89480406308, 547170.3464366872], [194027.42481099896, 547169.6454509831], [194034.47566655953, 547175.0455198896], [194036.200966851, 547172.7868248243], [194046.34521166183, 547197.305527452], [194068.5209943434, 547214.6125108465], [194098.1953564469, 547286.3356281066], [194104.12523450525, 547290.9056858284], [194110.6251008249, 547295.9157490956], [194112.4551225305, 547293.6357972955], [194118.3450695191, 547298.1991236494], [194118.34506951913, 547298.1991236494], [194119.34495398952, 547300.6158506162], [194123.6348655472, 547303.935892261], [194131.88496936983, 547293.2861126283], [194128.379505064, 547284.8133836584], [194128.38513432478, 547284.8061261743], [194134.74500307956, 547289.7361878533], [194143.00510714238, 547279.0664085412], [194108.84286309854, 547196.4960527951], [194104.69294862612, 547193.2860124938], [194103.86293820458, 547194.355990336], [194100.25017944796, 547191.559658827], [194097.85312544115, 547185.7659644248], [194089.29231463574, 547179.136675227], [194078.712799605, 547153.565921778], [194026.629009743, 547113.0460478092], [194014.76570886996, 547084.3723760167], [194020.99010197097, 547089.2105872586], [194039.2115165906, 547065.6506181373], [194061.28029394816, 547118.9909898926], [194070.28110899436, 547125.9200775701], [194077.07231404027, 547117.097972063], [194153.67469751427, 547302.2464080479], [194160.25892810515, 547307.5393004863], [194120.223161574, 547358.715899951], [194132.03627400036, 547387.2682659567], [194133.0162544124, 547387.9882757856], [194133.26625831838, 547387.6182828526], [194140.00812245978, 547392.5780853423], [194140.42610379937, 547393.5883488326], [194141.32608582938, 547394.2483578696], [194153.01622813038, 547379.4576676826], [194155.72617156937, 547381.5976936406], [194162.01624735838, 547373.6878599386], [194160.43517858637, 547369.86640691], [194180.4765723124, 547344.0984004926], [194185.93644987437, 547348.9374484516], [194197.65559627337, 547333.8777609366], [194194.50595264023, 547326.2650527396], [194207.59290789836, 547309.4491219086], [194207.72590956138, 547309.2781254556], [194207.94490502038, 547309.4491275717], [194210.83584522936, 547311.6981555446], [194212.57986719138, 547309.4462021346], [194221.75598274238, 547297.5974472746], [194220.95332332028, 547295.6574144728], [194221.25602429637, 547295.2674584206], [194220.2966829576, 547292.9487244544], [194225.3661302894, 547286.5875959906], [194236.59590360237, 547294.9777075066], [194236.84590686637, 547294.6477142446], [194241.96580343638, 547298.4777650466], [194255.05597787938, 547280.9781196606], [194254.8558009575, 547280.4942907988], [194260.71161635077, 547273.2097976232], [194256.00233504563, 547261.8274354993], [194256.00233504566, 547261.8274354993], [194263.30050665804, 547252.7486859597], [194244.34252532877, 547206.9271274996], [194272.37977401467, 547170.7135736501], [194240.45244313258, 547093.545016878], [194240.44412311664, 547093.5385879966], [194238.12309049157, 547087.9286377456], [194240.54994282202, 547089.8397194203], [194243.24997575505, 547086.4197909967], [194251.32669979404, 547092.7991070683], [194254.5996532492, 547100.70985587], [194261.90250063982, 547106.4899257264], [194268.6735394054, 547097.9015095741], [194276.8927987723, 547104.5087592978], [194298.08456464525, 547155.7293888552], [194311.70268895448, 547166.6766462738], [194323.3797635343, 547152.1506470107], [194328.0444187855, 547146.3479283348], [194330.25647985138, 547149.3674126216], [194330.99774622798, 547149.7904727119], [194270.753102511, 547223.705432561], [194285.35985638955, 547259.0100472842], [194294.25966627657, 547266.3101303112], [194311.00985681656, 547245.9505673242], [194312.78981895256, 547247.4005840132], [194327.58998798055, 547229.3699704862], [194328.63996557155, 547230.2299802912], [194334.50003250755, 547223.0901333182], [194334.2412525915, 547222.464660656], [194334.54004810157, 547222.1001421112], [194332.99630216893, 547218.3688986169], [194348.01929464657, 547199.9205414922], [194352.24790315228, 547203.217320661], [194352.72918444156, 547204.3805805222], [194353.76016299156, 547205.1905904342], [194365.73931230055, 547189.8199096302], [194362.6456514667, 547182.3425122064], [194370.07955037957, 547172.8101194612], [194370.53954806956, 547172.7201275992], [194373.10949490956, 547174.7201524652], [194373.63950135556, 547174.0501665062], [194374.16949027055, 547174.4701715722], [194379.88956173154, 547167.1203240711], [194378.13389106526, 547162.8768571812], [194388.17975933955, 547150.6205932242], [194373.573005461, 547115.315978501], [194365.553176794, 547108.735903688], [194365.313174091, 547109.025897441], [194364.663188084, 547108.485891432], [194359.93038426348, 547114.2926317957], [194359.47070594103, 547113.1815864391], [194359.24583799337, 547112.3681834106], [194357.78591215136, 547108.4981917907], [194345.972799725, 547079.945825785], [194343.852875897, 547076.285821819], [194341.892928091, 547074.035808821], [194338.723003519, 547070.955783196], [194335.89552083248, 547068.5210927585], [194336.3195120787, 547067.9704395541], [194321.71275820016, 547032.6658248309], [194294.153328418, 547011.2055582857], [194282.37539677028, 547026.3243626178], [194264.99463738807, 546984.3149593865], [194267.90073495868, 546986.570402465], [194270.92077299443, 546982.6704831267], [194268.56064580104, 546976.9660410614], [194285.30009094073, 546955.5909372417], [194257.84258638215, 546889.2259784178], [194248.1727870872, 546881.6558852337], [194231.8057056884, 546904.0971056132], [194227.19347392512, 546892.9493128338], [194219.7561906233, 546886.9706734155], [194230.1556270541, 546873.6419877232], [194222.333430988, 546854.735691314], [194176.253385883, 546818.755246521], [194165.503253099, 546832.475960736], [194172.00528021416, 546848.1914006023], [194169.55211234832, 546851.2430822859], [194154.71261617017, 546815.375927981], [194146.36278968368, 546808.82584764], [194112.47005421144, 546852.2637703164], [194100.7026421282, 546823.8218623236], [194101.18072327715, 546823.2110663833], [194100.51691769846, 546821.6066441823], [194101.6307683135, 546820.1810985578], [194094.25238736428, 546802.3475060388], [194126.1834377259, 546827.5809120293], [194138.54358819962, 546811.9412394929], [194129.92320886147, 546791.1057291644], [194094.99293823974, 546763.485394884], [194083.9473116114, 546777.4400740267], [194074.17326375493, 546753.8161397339], [194069.64335782913, 546750.2660961228]], [[194165.38731225496, 547263.1666285109], [194171.41512430567, 547255.6681756399], [194163.5325310535, 547236.6158988575], [194172.49243982512, 547246.1458192916], [194188.0821229995, 547257.9259729993], [194196.68777780535, 547247.1878658398], [194200.41831397632, 547256.2045949039], [194181.093915328, 547280.906519642], [194175.6212378207, 547287.9020900795], [194165.38731225496, 547263.1666285109]], [[194134.4935767701, 547150.3188216704], [194136.19766248667, 547148.1226553156], [194157.58024424218, 547199.8044880446], [194161.2791564396, 547202.6734006561], [194157.94577687164, 547207.0029347787], [194134.4935767701, 547150.3188216704]], [[194235.84847319947, 547019.9495921459], [194250.56381562224, 547055.5166660539], [194226.96246313024, 547036.9652657274], [194224.29193032367, 547034.8690168597], [194235.84847319947, 547019.9495921459]], [[194215.25276467807, 546884.1161247529], [194215.9327857404, 546884.64703686], [194209.0008028654, 546893.2702564385], [194208.32846752813, 546892.7297834746], [194215.25276467807, 546884.1161247529]], [[194122.6059303485, 546968.556924108], [194128.6404889297, 546973.4079494545], [194133.41843044307, 546984.9562637276], [194131.83582755722, 546983.6840502576], [194129.87417014738, 546986.1243047832], [194122.6059303485, 546968.556924108]], [[194003.6809851989, 546980.8702009451], [194008.8464765102, 546984.957343575], [193985.4585244274, 547015.0710917865], [193974.03140225363, 546987.4516666154], [193991.21033660037, 546965.3501282175], [193995.1581604685, 546960.2704807087], [194003.6809851989, 546980.8702009451]], [[194093.76499499404, 546945.5204291781], [194085.81850598296, 546926.3137159501], [194090.11065972972, 546920.9914939356], [194098.05247410169, 546940.1869085319], [194093.76499499404, 546945.5204291781]], [[194095.0271597989, 546874.6190947889], [194083.13569761734, 546889.8595410839], [194071.31100031416, 546861.2791743592], [194081.418995371, 546848.4159246866], [194089.53009807368, 546868.0205102282], [194093.58116996498, 546871.1241283916], [194095.0271597989, 546874.6190947889]], [[194321.00645817837, 547093.2277260076], [194324.95342897845, 547096.6753854594], [194321.29271046, 547098.035279964], [194317.252694102, 547101.105189722], [194315.22248033757, 547105.7159673347], [194299.99441907264, 547068.9096488049], [194304.2697052514, 547072.2398889973], [194316.08953925475, 547081.3435024719], [194321.00645817837, 547093.2277260076]], [[194178.57018963428, 547192.5338854418], [194182.63110482015, 547195.744924307], [194185.56114166076, 547191.9650025452], [194183.17209695108, 547186.1906666638], [194183.69274100606, 547185.5194287533], [194202.7681056925, 547231.6247035158], [194197.04845624222, 547238.9178606856], [194190.1627840415, 547222.2751482679], [194167.77167191962, 547204.3377956749], [194167.9600904443, 547204.0946196382], [194168.98006924585, 547204.8946294524], [194178.57018963428, 547192.5338854418]]], [[[194009.262721601, 547193.715474383], [194011.88256963668, 547200.0476633349], [194011.072586219, 547201.215441723], [194006.44268725, 547197.285399638], [194000.442622769, 547204.345245017], [193999.702638789, 547203.725238224], [193996.46260401, 547207.535154748], [194030.62484805385, 547290.1055104941], [194041.83560319684, 547299.6356122851], [194044.04562774385, 547296.9856696461], [194049.44687168486, 547301.3312891544], [194050.37547004982, 547303.5757171621], [194054.17538979184, 547306.6357530671], [194062.18548414984, 547296.6959637281], [194059.22901334253, 547289.5501554493], [194059.66562839283, 547289.0059865351], [194064.66552272983, 547293.0360337471], [194072.49561502383, 547283.316239699], [194038.33337098, 547200.745883953], [194034.50345116, 547197.7058474], [194033.583440027, 547198.865823055], [194030.35448481847, 547196.3152639174], [194028.062615226, 547190.775800897], [194016.642847959, 547182.105688661], [194013.742811041, 547185.875610983], [194014.28393423976, 547187.1835091107], [194009.262721601, 547193.715474383]]], [[[194323.1963287843, 547245.1720992503], [194310.70123163634, 547257.5617962832], [194317.7252444304, 547274.5388787731], [194321.74914531075, 547278.657909575], [194325.55717610865, 547274.8080025179], [194334.02724460274, 547266.2452092457], [194327.0032318087, 547249.2681267558], [194323.1963287843, 547245.1720992503]]], [[[194603.14954235664, 546821.3491554224], [194592.24272230323, 546835.3057997706], [194610.1071647494, 546878.4842679676], [194607.59293488882, 546876.475707884], [194583.17262758128, 546907.9860558456], [194598.17847309588, 546944.2552775284], [194620.22901176245, 546961.7444882568], [194637.91922607427, 546939.4349563487], [194637.50102580912, 546938.4241637139], [194638.39925673086, 546937.2849817618], [194639.35824697008, 546937.404996197], [194639.83824304835, 546937.4050039169], [194640.3582394447, 546937.3650126108], [194640.93923888242, 546937.1050240921], [194641.22924439458, 546936.61503279], [194641.5192502279, 546936.1050416513], [194641.669259778, 546935.4350495744], [194641.66826959408, 546934.8250545777], [194641.4792814306, 546934.1850568056], [194639.9299887433, 546930.4404067709], [194641.73837821677, 546928.035111578], [194631.34036925778, 546902.9030594302], [194640.07683949685, 546891.668419669], [194658.2453850487, 546935.5819069586], [194676.80500272074, 546949.9320873792], [194692.30519825988, 546929.9025014782], [194698.08507933683, 546934.3625577411], [194698.70508681863, 546933.582574128], [194699.20507646404, 546933.9725789614], [194713.14524488398, 546916.4219475703], [194683.45282716365, 546844.6551897724], [194678.49176651836, 546840.714672893], [194605.513363408, 546664.325419925], [194564.60322241, 546631.676030636], [194538.59289387, 546665.315335616], [194603.14954235664, 546821.3491554224]]], [[[194585.36511780333, 546858.0652914117], [194584.54522677438, 546851.705330557], [194581.27267535898, 546843.7955534878], [194575.82278595588, 546839.6854996596], [194569.2828265013, 546840.4853878996], [194565.3627726406, 546845.8252809166], [194565.94266161163, 546852.4352358516], [194569.21521302703, 546860.3450129207], [194574.5951041263, 546864.3850662003], [194581.73506109495, 546863.4351888463], [194585.36511780333, 546858.0652914117]]], [[[194448.4457615651, 547071.8079518296], [194455.64585712788, 547062.2081466387], [194443.8327447015, 547033.6557806331], [194382.9830062386, 546986.1151933292], [194375.59291463174, 546995.5659966947], [194387.4060270581, 547024.1183627003], [194448.4457615651, 547071.8079518296]]], [[[194455.42467171088, 547060.9059841865], [194459.1045889053, 547064.1860163733], [194465.15464835384, 547057.4161693957], [194461.32336864798, 547048.155942583], [194457.67245170014, 547044.8459111118], [194451.59339200502, 547051.6457573738], [194455.42467171088, 547060.9059841865]]], [[[194373.3175834853, 547108.1012752095], [194382.40239004418, 547115.5153602827], [194384.7904228125, 547112.2644254507], [194380.95914310665, 547103.004198638], [194371.8743365356, 547095.5911135555], [194369.48630377944, 547098.8410483968], [194373.3175834853, 547108.1012752095]]]]}, "properties": {"kind": "기존·대교", "time_kst": "14:00", "sun_alt_deg": 25.59, "sun_az_deg": 202.48, "scheme": "F1-55"}}, {"type": "Feature", "geometry": {"type": "Polygon", "coordinates": [[[194295.9681848437, 546949.3002457052], [194565.87347841836, 547320.8467388673], [194585.27243954325, 547335.9814652818], [194602.35452353247, 547314.0864752987], [194332.4492299578, 546942.5399821366], [194313.0502688329, 546927.4052557222], [194295.9681848437, 546949.3002457052]]]}, "properties": {"kind": "화랑 신축", "time_kst": "15:00", "sun_alt_deg": 19.77, "sun_az_deg": 216.0, "scheme": "F1-55"}}, {"type": "Feature", "geometry": {"type": "MultiPolygon", "coordinates": [[[[194130.73997537597, 546600.0287959069], [194130.4032842309, 546599.5653132809], [194118.26253482178, 546590.1451956121], [194078.53304201982, 546640.9851384803], [194079.17858008447, 546641.8737739011], [194078.83301690067, 546642.3951316993], [194112.8027020759, 546689.157154161], [194106.47868968293, 546697.1439355734], [194080.58269554807, 546661.4960026251], [194069.57291842354, 546653.2258936836], [194069.14307139683, 546652.9016122966], [194065.54303622022, 546647.9458723501], [194061.28312422655, 546644.6358311055], [194060.40311324762, 546645.7658076595], [194050.01332800137, 546637.6857071221], [194049.733324502, 546638.0456996581], [194049.37333194024, 546637.7656961725], [194049.2233301134, 546637.9556921994], [194036.73317155393, 546654.1653579867], [194037.01773133935, 546654.5570775745], [194036.84316068958, 546654.7853546517], [194036.58315718794, 546655.1353475912], [194037.06691751778, 546655.8012828595], [194037.00314170006, 546655.8853481719], [194038.7200215108, 546658.2487722619], [194037.76307633525, 546659.5653301001], [194037.83307238712, 546659.7753294958], [194037.5930732239, 546659.8453250614], [194037.8630571945, 546660.7053223227], [194038.170709746, 546661.1288309731], [194038.0730463139, 546661.275321009], [194071.26951683534, 546706.9729508859], [194091.57910337695, 546722.3731506525], [194091.95910927854, 546721.8131613736], [194092.2291041769, 546721.9931642337], [194093.4891236244, 546720.1431997159], [194096.08907409475, 546721.9032270294], [194096.3427892688, 546721.8419897582], [194096.40907099989, 546721.9332319284], [194097.20906751708, 546721.7432463546], [194097.5090711774, 546721.3632543043], [194097.82906454467, 546721.6132573916], [194101.4391106114, 546716.9133541123], [194102.78908286465, 546717.9533672573], [194103.89906399342, 546718.563380083], [194103.96906551256, 546718.4333822784], [194104.50905627845, 546718.733388489], [194104.73905182641, 546718.8933908696], [194105.189058279, 546718.2634032903], [194105.58905034946, 546718.5534073339], [194109.2766987649, 546713.7070740166], [194157.9169700499, 546780.6643462621], [194166.98678262747, 546787.714434058], [194174.17244951485, 546778.5027296378], [194198.4071377466, 546811.8637404803], [194207.46695104663, 546818.8738284508], [194208.19696035405, 546817.9238480072], [194214.35994710837, 546810.0211089001], [194238.32731086947, 546843.0141259611], [194247.3971264947, 546849.8742153317], [194285.72660524587, 546800.6242369552], [194293.36293144943, 546790.7642645004], [194303.82473629597, 546805.165786054], [194290.6333964551, 546822.1860574638], [194346.88751398897, 546899.6244056296], [194354.58735512322, 546905.5934803184], [194356.62738074618, 546902.9635347673], [194358.08735081347, 546904.0835490269], [194363.43935344738, 546897.2885349275], [194365.70795865988, 546900.411453711], [194359.40244665614, 546908.5154528056], [194415.65656419002, 546985.9538009714], [194423.16740829143, 546991.8338733602], [194425.17743287588, 546989.2839266717], [194426.72740075918, 546990.4939416387], [194439.99756507814, 546973.5342946202], [194444.4574725487, 546977.0233376239], [194445.03308273642, 546976.2943704254], [194500.62679487155, 547052.8236170812], [194507.55665191237, 547058.1936843303], [194509.36667443629, 547055.873732534], [194510.82664433995, 547057.0037467115], [194523.6868057549, 547040.4340899073], [194528.48671235787, 547043.8041393673], [194529.7096640955, 547042.2139515113], [194552.76702919113, 547073.9542817189], [194558.77690596602, 547078.5643404331], [194560.60692961537, 547076.1643896176], [194561.4769119119, 547076.8233981858], [194561.96691804254, 547076.1934112515], [194562.6669036244, 547076.7344180597], [194568.02697226751, 547069.743561796], [194576.13708549232, 547058.5837840745], [194581.28698328382, 547062.3238361223], [194584.5470227528, 547058.2139223763], [194580.85009449223, 547053.1248012534], [194592.03727049805, 547039.0042009312], [194591.53757775688, 547038.3163334086], [194591.86728957397, 547037.9042072517], [194591.20004942172, 547036.9856971499], [194592.9773321297, 547034.6942515186], [194564.46384003374, 546995.4431206655], [194565.52717544613, 546996.1941268833], [194567.41204967143, 546993.8708074143], [194590.2465054361, 547025.3042848769], [194596.44737808363, 547030.0743453479], [194598.35740236504, 547027.5943964762], [194599.2673836949, 547028.2934053584], [194599.7373898251, 547027.6734180199], [194600.45737509898, 547028.2234250732], [194614.20755113318, 547010.2937937672], [194618.90745469672, 547013.9038396433], [194622.1974966527, 547009.6239277802], [194618.74021164575, 547004.864695002], [194629.84674439198, 546990.3342095352], [194629.28000365733, 546989.55404502], [194629.58676533203, 546989.1642149828], [194629.00907450356, 546988.3689767768], [194630.7568053061, 546986.0842591451], [194574.5026877722, 546908.6459109792], [194568.03282021167, 546903.6958476602], [194548.33611297322, 546929.2538460082], [194520.70340743984, 546891.2151891834], [194513.69255153404, 546885.8151208689], [194511.71252636067, 546888.3860678711], [194483.44473862177, 546924.7860512818], [194480.74072824593, 546921.0637620324], [194492.36721584073, 546906.4636887568], [194491.18217532337, 546904.8323845217], [194492.74727062456, 546902.8637244925], [194480.33435982149, 546885.7763475918], [194489.30913462857, 546874.3429079321], [194488.77341530396, 546873.6054468999], [194489.11915515448, 546873.162914587], [194488.46627191702, 546872.2641679411], [194490.19919634273, 546870.0529575474], [194479.73331401084, 546855.6458230049], [194473.8034370519, 546851.0057658256], [194464.07381492204, 546863.3923907813], [194436.49315309068, 546825.4253763267], [194429.47330030703, 546819.8353094375], [194400.71788076058, 546856.5574874507], [194373.00278449306, 546818.4054131083], [194365.38294014693, 546812.5953383904], [194358.0415514987, 546822.0328664233], [194355.78530018445, 546818.9269537812], [194366.94688323952, 546804.2735128814], [194365.7429560006, 546802.6162095446], [194367.46694201994, 546800.3535535025], [194311.21282448605, 546722.9152053366], [194303.62297956325, 546717.125130946], [194295.57480315815, 546727.4239701898], [194261.99289721, 546681.195757236], [194252.99308775432, 546673.9156724362], [194236.79525775107, 546694.8504865227], [194181.74255145554, 546619.0659782151], [194172.8027397313, 546611.895893487], [194160.3125642693, 546629.1555506391], [194155.95082087343, 546634.6641247714], [194130.8532717149, 546600.1153159898], [194130.73997537597, 546600.0287959069]], [[194429.8865421756, 546907.1790555327], [194427.52473148803, 546910.2005393311], [194424.12947664823, 546905.5266961011], [194426.49803462607, 546902.5145004941], [194429.8865421756, 546907.1790555327]], [[194481.11692292042, 546930.394310903], [194482.2404454066, 546928.9405893032], [194514.41616669967, 546973.2330752084], [194511.78310680273, 546976.6253428417], [194511.39039609826, 546977.136878406], [194483.60294387018, 546938.8852002247], [194476.60308771502, 546933.495132008], [194447.10272838766, 546971.8369984804], [194444.27062539555, 546967.938379372], [194455.67675990748, 546953.4537120215], [194454.50321585598, 546951.8382336026], [194456.20681619947, 546949.6837515718], [194443.9058985086, 546932.7505422591], [194446.26785772067, 546929.7292629167], [194453.02701341952, 546939.0337880832], [194460.17686497516, 546944.6338569758], [194462.15688948455, 546942.1039096382], [194463.78685558835, 546943.3839253162], [194476.5670166846, 546926.8742667024], [194481.11692292042, 546930.394310903]]], [[[194074.17326375493, 546753.8161397339], [194069.64335782913, 546750.2660961228], [194067.36340458636, 546748.5160738695], [194050.51758159482, 546770.1144613918], [194008.043481881, 546711.645423642], [193995.752738858, 546701.905306216], [193976.732853547, 546704.435979606], [193966.872732673, 546716.96571795], [193969.042458709, 546732.905621624], [193953.263264344, 546753.015202411], [193937.433383847, 546753.62594289], [193928.153240882, 546767.235681663], [193930.412916509, 546786.265561335], [193952.56106263865, 546816.7542780087], [193923.922833214, 546794.745387187], [193899.312518418, 546826.835727347], [193950.88395599354, 546897.8279873532], [193907.46241564926, 546953.4958155627], [193907.69104550738, 546953.8105430765], [193907.6134068592, 546953.9658141235], [193963.86752439308, 547031.4041622893], [193972.29735262282, 547037.8042451252], [193980.39091736663, 547027.3914786315], [193992.11709856172, 547043.5335166164], [194020.01651818192, 547065.4537847113], [194020.3436896103, 547065.0268450386], [194040.98689682444, 547093.4438914271], [194049.78671494627, 547100.2839766005], [194059.40713043994, 547087.844948309], [194090.07690692347, 547130.0643792346], [194099.07772196966, 547136.9934669121], [194107.18803071522, 547126.4577815713], [194115.9491882647, 547133.3565356648], [194117.06765079562, 547131.9368624734], [194172.294338145, 547207.9608697904], [194162.9633566828, 547200.485890271], [194153.0932311962, 547213.3056259828], [194171.57205468844, 547238.7432229094], [194181.95179234317, 547249.78329893], [194196.71476284118, 547260.9387572998], [194181.093915328, 547280.906519642], [194175.42544425154, 547288.1523675174], [194148.14847498367, 547250.6034104689], [194148.7033876995, 547249.9136340308], [194078.712799605, 547153.565921778], [194052.29425450542, 547133.0129604688], [194011.86257123412, 547077.3554743441], [193987.393074744, 547058.4752363487], [193965.54279700818, 547086.8556513274], [194035.53338510267, 547183.2033635803], [194051.91404769127, 547195.863522724], [194061.76316785498, 547183.3837838512], [194062.41932949814, 547183.8895919049], [194071.5156231443, 547196.4113767141], [194069.96314996286, 547198.4154117714], [194068.31312968247, 547200.5153679448], [194067.24315193173, 547199.6753576573], [194066.97514864072, 547200.0163505393], [194064.03311240306, 547203.7652723605], [194134.02370049755, 547300.1129846134], [194139.9535785559, 547304.6830423352], [194146.45344487554, 547309.6931056024], [194148.28346658114, 547307.4131538023], [194152.44480295895, 547310.637212694], [194155.0403008042, 547314.2101256578], [194120.223161574, 547358.715899951], [194144.42551446648, 547392.0323985806], [194145.4054948785, 547392.7524084095], [194145.6554987845, 547392.3824154765], [194151.7188289597, 547396.8430393437], [194152.8153442655, 547398.3524814565], [194153.7153262955, 547399.0124904935], [194165.4054685965, 547384.2218003065], [194168.1154120355, 547386.3618262645], [194174.4054878245, 547378.4519925625], [194172.20654302946, 547375.4249669847], [194192.8658127785, 547348.8625331165], [194198.32569034048, 547353.7015810756], [194210.0448367395, 547338.6418935605], [194205.6639532524, 547332.6112526826], [194219.98214836448, 547314.2132545325], [194220.1151500275, 547314.0422580795], [194220.3341454865, 547314.2132601956], [194223.22508569548, 547316.4622881685], [194224.9691076575, 547314.2103347585], [194234.1452232085, 547302.3615798985], [194233.02918348488, 547300.8252608436], [194233.64526476248, 547300.0315910445], [194232.30660777673, 547298.188821301], [194235.20098557105, 547294.5569640654], [194274.55350314314, 547348.7288912158], [194288.1716274524, 547359.6761486344], [194300.57851919343, 547344.2422744172], [194272.9106091804, 547306.1551557753], [194279.94654501055, 547297.4026212267], [194249.83746501713, 547255.9550344242], [194272.7149032612, 547226.4060101575], [194300.67898480373, 547264.9008328934], [194309.57879469075, 547272.2009159204], [194314.68624682925, 547265.9928973747], [194356.2952230906, 547323.2710226356], [194369.91334739982, 547334.2182800543], [194381.59042197964, 547319.6922807911], [194371.94218670484, 547306.4107036346], [194371.94218670495, 547306.4107036347], [194379.24035831733, 547297.3319540952], [194338.26210664536, 547240.9220723066], [194342.90911639473, 547235.2607560954], [194343.95909398573, 547236.1207659005], [194349.81916092173, 547228.9809189275], [194349.4566887616, 547228.4819466466], [194349.85917651575, 547227.9909277204], [194347.69876817253, 547225.016950689], [194363.33842306075, 547205.8113271014], [194366.72819724408, 547208.4541200909], [194366.7281972441, 547208.4541200909], [194368.04831285574, 547210.2713661315], [194369.07929140574, 547211.0813760435], [194381.05844071473, 547195.7106952395], [194376.75421859702, 547189.7855849445], [194385.39867879375, 547178.7009050704], [194385.85867648374, 547178.6109132085], [194388.42862332374, 547180.6109380744], [194388.95862976974, 547179.9409521155], [194389.48861868473, 547180.3609571814], [194391.92120251973, 547177.2352759128], [194406.61598535013, 547197.463834442], [194420.23410965936, 547208.4110918606], [194431.91118423917, 547193.8850925975], [194439.20935585155, 547184.8063430579], [194388.21832342778, 547114.6130577434], [194388.80855485555, 547113.8095495449], [194380.95914310665, 547103.004198638], [194378.0764687625, 547100.6519735233], [194296.79347218684, 546988.7593465525], [194314.09670391603, 546966.6643265836], [194257.84258638215, 546889.2259784178], [194248.1727870872, 546881.6558852337], [194233.5521415675, 546901.7025337596], [194227.19347392512, 546892.9493128338], [194220.8190717936, 546887.8250960592], [194222.1098382768, 546886.2194136723], [194227.6391799667, 546890.5363306182], [194238.3593133087, 546876.7966160822], [194222.333430988, 546854.735691314], [194176.253385883, 546818.755246521], [194166.34981276395, 546831.3954714563], [194154.71261617017, 546815.375927981], [194146.36278968368, 546808.82584764], [194144.51557096324, 546811.1932972668], [194129.92320886147, 546791.1057291644], [194094.99293823974, 546763.485394884], [194087.79934444404, 546772.5735432236], [194074.17326375493, 546753.8161397339]], [[194240.45244313258, 547093.545016878], [194230.02265793498, 547085.4859154995], [194227.60991268058, 547088.6003668528], [194226.6141742793, 547087.2296523099], [194228.16749959806, 547085.2239688876], [194225.07414036605, 547080.9657094087], [194230.76181279967, 547073.6180773147], [194235.2448341653, 547077.2424510492], [194235.81100832744, 547076.5194561221], [194241.60936829646, 547084.5013681626], [194254.03650943635, 547094.2874113441], [194311.62366423896, 547173.5607932579], [194304.72632923428, 547182.0232259072], [194240.45244313258, 547093.545016878]], [[194332.9906513793, 547141.8096524611], [194258.3834187087, 547039.1067550996], [194265.047078136, 547030.5040123751], [194268.9469977155, 547033.5240502261], [194271.9670359129, 547029.6141309727], [194268.91287914518, 547025.4098368605], [194273.52461448888, 547019.4522472101], [194280.37869325263, 547028.8874416621], [194279.98315169496, 547029.3951806773], [194309.9090339877, 547070.5905810097], [194311.6697132663, 547071.9620646144], [194329.4836394363, 547096.4843765345], [194328.712678947, 547096.225414192], [194325.22270183, 547096.575355187], [194321.29271046, 547098.035279964], [194317.252694102, 547101.105189722], [194314.962629176, 547106.306110077], [194314.373539437, 547112.186052198], [194315.703449953, 547117.07503334], [194335.4769577808, 547144.2948680962], [194332.92008840648, 547147.4319253594], [194330.8081349038, 547144.52465034], [194332.9906513793, 547141.8096524611]], [[194123.62623721643, 546821.8921623369], [194131.38419056046, 546828.0228590777], [194129.67298121398, 546830.2159951064], [194123.62623721643, 546821.8921623369]], [[194162.83972663115, 547300.3545822633], [194164.21347837543, 547298.5834826811], [194166.1131192461, 547300.0560518522], [194164.30336915667, 547302.3694047234], [194162.83972663115, 547300.3545822633]]], [[[193954.94483525676, 547052.4799337693], [193953.938926362, 547051.0952187186], [193960.89494547225, 547042.6001107881], [193939.96318080847, 547013.7858417032], [193913.45272910828, 546993.1555853265], [193901.02257394753, 547009.1252539803], [193921.9543386113, 547037.9395230652], [193948.35479071978, 547058.5997774191], [193951.85483076298, 547054.3298688544], [193952.794810705, 547055.0998776259], [193954.94483525676, 547052.4799337693]]], [[[194009.262721601, 547193.715474383], [194012.8497286235, 547198.6532800203], [194011.072586219, 547201.215441723], [194006.44268725, 547197.285399638], [194000.442622769, 547204.345245017], [193999.702638789, 547203.725238224], [193996.46260401, 547207.535154748], [194066.4531921045, 547303.8828670009], [194077.6639472475, 547313.4129687919], [194079.8739717945, 547310.7630261529], [194083.58622960513, 547313.7497566427], [194086.20381410047, 547317.3530736689], [194090.0037338425, 547320.4131095739], [194098.0138282005, 547310.4733202349], [194093.88462214993, 547304.789133729], [194095.49397244348, 547302.7833430419], [194100.49386678048, 547306.8133902539], [194108.32395907448, 547297.0935962058], [194038.33337098, 547200.745883953], [194034.50345116, 547197.7058474], [194033.76928901108, 547198.6314994808], [194028.062615226, 547190.775800897], [194016.642847959, 547182.105688661], [194013.742811041, 547185.875610983], [194014.49420788285, 547186.9099695829], [194009.262721601, 547193.715474383]]], [[[194271.7333310225, 546649.2651766045], [194327.98744855638, 546726.7035247703], [194338.2072432293, 546734.2836267176], [194404.5370699357, 546649.1733935333], [194398.97151213812, 546641.5119525339], [194405.51869878828, 546633.0425460512], [194404.31308061734, 546631.3829150096], [194406.02875652336, 546629.1925859308], [194395.56287419147, 546614.7854513883], [194388.1630278683, 546608.9853801219], [194381.50830115416, 546617.4724284678], [194348.28295240182, 546571.7350453675], [194337.60316403047, 546563.9959373248], [194331.19398595407, 546572.2926903911], [194308.02278498968, 546540.3956558919], [194298.06298431806, 546533.0555561461], [194258.23248981155, 546584.0454961979], [194289.19236102368, 546626.6642660089], [194271.7333310225, 546649.2651766045]]], [[[194278.31618367654, 546691.9223899911], [194286.41716793305, 546703.0740508266], [194289.4771132011, 546704.9240848008], [194292.10712194585, 546703.0441425557], [194298.60699426688, 546707.6842088817], [194305.98708865524, 546698.0644067015], [194249.73297112135, 546620.6260585357], [194214.84268674836, 546593.8357180124], [194210.17261717704, 546600.5355877979], [194212.49450475408, 546603.7318540709], [194210.80352392662, 546606.0155528464], [194214.2111745003, 546610.7064598078], [194212.8834026036, 546612.5055328801], [194269.13752013748, 546689.9438810459], [194272.40746336963, 546691.8139182357], [194274.67748823756, 546689.1139769489], [194278.31618367654, 546691.9223899911]]], [[[194399.41909332524, 546735.9926008785], [194402.5491332015, 546731.9226846991], [194398.95248146716, 546726.9716023349], [194409.9983831667, 546712.5929635391], [194409.5648877808, 546711.9962220365], [194409.89840022524, 546711.5829702413], [194409.2546155891, 546710.6967485569], [194411.07844203955, 546708.3830155457], [194400.61255970766, 546693.9758810032], [194394.34269017418, 546689.0458207489], [194359.9132683806, 546732.76590737], [194370.37915071248, 546747.1730419125], [194376.9390152988, 546752.2631055105], [194378.80903879242, 546749.8521554207], [194379.5990223556, 546750.4731630099], [194380.1190288987, 546749.8021768967], [194380.8090145806, 546750.342183547], [194394.66918871223, 546732.4725534631], [194399.41909332524, 546735.9926008785]]], [[[194561.0822074598, 546807.1002529338], [194560.393421552, 546807.995512273], [194570.8593038839, 546822.4026468155], [194575.0792171619, 546825.6526879405], [194579.10926160088, 546820.8427923275], [194585.97911303688, 546826.5928554964], [194586.6191200319, 546825.8328720455], [194587.17910790088, 546826.3028771834], [194587.79911473888, 546825.5628932425], [194589.2390836819, 546826.7629065264], [194594.1391379009, 546820.9030335455], [194583.673255569, 546806.495899003], [194557.29523192876, 546785.9087775797], [194557.33558687603, 546785.8568255214], [194496.50264582192, 546702.1153559933], [194451.44257683842, 546667.0959195313], [194451.20887164236, 546667.3968021504], [194436.72301281613, 546647.4558444313], [194430.57314165717, 546642.5657857743], [194396.28271693914, 546686.3958737502], [194428.82611189186, 546731.1944922217], [194402.20339258516, 546765.755315942], [194458.45751011904, 546843.1936641078], [194465.55736611073, 546848.5437342516], [194467.29738904274, 546846.2337812417], [194468.7773591109, 546847.3437959049], [194475.2744523698, 546838.7370652145], [194504.70755258354, 546879.2541111103], [194510.9974229083, 546884.1241721855], [194512.87744662818, 546881.6942224121], [194513.67742996485, 546882.3242300955], [194514.17743617186, 546881.6842434013], [194514.957420156, 546882.2842510052], [194519.77323917756, 546876.064546296], [194544.5367304555, 546910.1534973533], [194551.44658863932, 546915.4635647825], [194553.177610845, 546913.2036112165], [194554.73657897694, 546914.3936264942], [194567.4667419462, 546897.793967814], [194567.91673280328, 546898.1339722517], [194572.3466442036, 546901.3940166676], [194575.59668568303, 546897.1641037391], [194571.9702829313, 546892.1720666902], [194583.3269401394, 546877.4143905652], [194582.1982608423, 546875.860672114], [194583.7669931479, 546873.8944266047], [194577.56634863527, 546865.3587373135], [194578.02725857976, 546865.7048596975], [194585.16721554843, 546864.7549823435], [194588.7972722568, 546859.3850849089], [194587.97738122786, 546853.0251240542], [194581.27267535898, 546843.7955534878], [194575.82278595588, 546839.6854996596], [194569.2828265013, 546840.4853878996], [194565.3627726406, 546845.8252809166], [194565.6355949642, 546848.9350887494], [194537.946160577, 546810.8183400634], [194544.78646311816, 546802.0122872839], [194546.4188106029, 546803.3024109275], [194550.2988544959, 546798.6025119955], [194561.0822074598, 546807.1002529338]], [[194465.9450014035, 546762.7580996201], [194470.62775528722, 546756.7228630483], [194476.8469895105, 546765.2841425816], [194472.16035781303, 546771.3140410287], [194465.9450014035, 546762.7580996201]]], [[[194652.26577355023, 546821.7952595681], [194651.76205990542, 546822.423378814], [194632.6730219029, 546796.1457721997], [194626.57314841714, 546791.3757133431], [194592.24272230323, 546835.3057997706], [194648.4968398371, 546912.7441479365], [194654.71671121233, 546917.5842081426], [194656.6167349336, 546915.1442587769], [194657.50671641077, 546915.8442673305], [194657.93672190313, 546915.2842788553], [194658.67670669535, 546915.8542860645], [194662.64713233302, 546910.7485281877], [194689.38590838248, 546947.5566186889], [194707.9455260545, 546961.9067991094], [194723.44572159366, 546941.8772132085], [194729.2256026706, 546946.3372694714], [194729.8456101524, 546945.5572858583], [194730.34559979782, 546945.9472906917], [194744.28576821776, 546928.3966593005], [194742.60215622827, 546926.0790310604], [194751.0477396259, 546932.6121233364], [194776.23806894693, 546899.3418021494], [194605.513363408, 546664.325419925], [194564.60322241, 546631.676030636], [194538.59289387, 546665.315335616], [194652.26577355023, 546821.7952595681]]], [[[194656.09592328002, 546943.4167486465], [194656.67692271774, 546943.1567601279], [194656.9669282299, 546942.6667688257], [194657.25693406322, 546942.156777687], [194657.4069436133, 546941.4867856101], [194657.4059534294, 546940.8767906134], [194657.21696526592, 546940.2367928413], [194655.0721322925, 546937.2842565678], [194657.4760620521, 546934.0868476137], [194626.73253270218, 546891.7658898951], [194607.59293488882, 546876.475707884], [194583.17262758128, 546907.9860558456], [194613.9161569312, 546950.3070135642], [194635.96669559777, 546967.7962242925], [194653.6569099096, 546945.4866923845], [194653.07419780956, 546944.6845419916], [194654.13694056618, 546943.3367177976], [194655.0959308054, 546943.4567322327], [194655.57592688367, 546943.4567399527], [194656.09592328002, 546943.4167486465]]], [[[194454.52180033634, 547048.3701312994], [194443.8327447015, 547033.6557806331], [194382.9830062386, 546986.1151933292], [194375.59291463174, 546995.5659966947], [194399.79526752423, 547028.8824953242], [194460.8350020312, 547076.5720844535], [194468.035097594, 547066.9722792626], [194465.33511457613, 547063.2555339977], [194469.17278039688, 547058.9612934899], [194461.32336864798, 547048.155942583], [194457.67245170014, 547044.8459111118], [194454.52180033634, 547048.3701312994]]]]}, "properties": {"kind": "기존·대교", "time_kst": "15:00", "sun_alt_deg": 19.77, "sun_az_deg": 216.0, "scheme": "F1-55"}}, {"type": "Feature", "geometry": {"type": "Polygon", "coordinates": [[[194295.9681848437, 546949.3002457052], [194878.90295770112, 547480.1196379291], [194898.301918826, 547495.2543643436], [194915.38400281523, 547473.3593743605], [194332.4492299578, 546942.5399821366], [194313.0502688329, 546927.4052557222], [194295.9681848437, 546949.3002457052]]]}, "properties": {"kind": "화랑 신축", "time_kst": "16:00", "sun_alt_deg": 11.82, "sun_az_deg": 227.68, "scheme": "F1-55"}}, {"type": "Feature", "geometry": {"type": "MultiPolygon", "coordinates": [[[[194080.58269554807, 546661.4960026251], [194079.67351734862, 546660.813063936], [194065.54303622022, 546647.9458723501], [194061.28312422655, 546644.6358311055], [194060.40311324762, 546645.7658076595], [194050.01332800137, 546637.6857071221], [194049.733324502, 546638.0456996581], [194049.37333194024, 546637.7656961725], [194049.2233301134, 546637.9556921994], [194036.73317155393, 546654.1653579867], [194037.07750824673, 546654.4789103814], [194036.84316068958, 546654.7853546517], [194036.58315718794, 546655.1353475912], [194037.1680618215, 546655.6679607352], [194037.00314170006, 546655.8853481719], [194039.06993386382, 546657.7673655284], [194037.76307633525, 546659.5653301001], [194037.83307238712, 546659.7753294958], [194037.5930732239, 546659.8453250614], [194037.8630571945, 546660.7053223227], [194038.23018207127, 546661.0396255982], [194038.0730463139, 546661.275321009], [194109.76996172743, 546726.562407723], [194130.07954826904, 546741.9626074897], [194130.45955417064, 546741.4026182108], [194130.729549069, 546741.5826210709], [194131.9895685165, 546739.732656553], [194134.58951898685, 546741.4926838665], [194134.81642235618, 546741.4379179535], [194134.90951589198, 546741.5226887655], [194135.70951240917, 546741.3327031918], [194136.0095160695, 546740.9527111414], [194136.32950943676, 546741.2027142288], [194139.22638452958, 546737.4312851398], [194223.15910326608, 546813.8602731191], [194232.22891584365, 546820.910360915], [194234.26399233565, 546818.3014836304], [194263.64927096278, 546845.0596673372], [194272.7090842628, 546852.0697553077], [194273.43909357022, 546851.1197748642], [194274.5090826205, 546849.7477381149], [194303.56944408565, 546876.2100528181], [194312.63925971088, 546883.0701421887], [194331.24340768706, 546859.1654631951], [194370.19950049795, 546894.6388136832], [194359.40244665614, 546908.5154528056], [194480.8986974062, 547019.1497278283], [194488.4095415076, 547025.0298002171], [194490.41956609205, 547022.4798535287], [194491.96953397535, 547023.6898684957], [194494.23715896954, 547020.7917793276], [194565.86892808773, 547086.0195439381], [194572.79878512854, 547091.3896111873], [194574.60880765246, 547089.069659391], [194576.06877755612, 547090.1996735685], [194585.72764708928, 547077.7547167661], [194618.0091624073, 547107.1502085759], [194624.0190391822, 547111.76026729], [194625.84906283155, 547109.3603164746], [194626.71904512806, 547110.0193250427], [194627.20905125872, 547109.3893381085], [194627.90903684057, 547109.9303449166], [194633.2691054837, 547102.939488653], [194641.3792187085, 547091.7797109315], [194646.5291165, 547095.5197629792], [194649.789155969, 547091.4098492332], [194645.29938177636, 547087.3214686475], [194657.27940371423, 547072.2001277881], [194656.67193867962, 547071.6469711821], [194657.10942279015, 547071.1001341087], [194656.30084756922, 547070.3638469161], [194658.21946534587, 547067.8901783755], [194620.27486789698, 547033.3378938081], [194623.41388864466, 547029.2930000568], [194655.48863865228, 547058.5002117339], [194661.6895112998, 547063.2702722049], [194663.59953558122, 547060.7903233331], [194664.5095169111, 547061.4893322154], [194664.9795230413, 547060.8693448768], [194665.69950831516, 547061.4193519301], [194679.44968434935, 547043.4897206242], [194684.1495879129, 547047.0997665003], [194687.43962986887, 547042.8198546371], [194683.256287437, 547039.0105102807], [194695.08887760816, 547023.5301363921], [194694.40107119948, 547022.9038210703], [194694.8288985482, 547022.3601418397], [194694.12983143577, 547021.7235725407], [194695.99893852227, 547019.280186002], [194617.41026381063, 546947.7174752349], [194618.4197440612, 546946.3995380735], [194619.97871219311, 546947.5895533512], [194622.7277629681, 546944.0048934635], [194649.5717413633, 546968.4489735906], [194671.62228002987, 546985.938184319], [194689.3124943417, 546963.6286524109], [194688.60515966496, 546962.9845546822], [194689.79252499828, 546961.478677824], [194690.7515152375, 546961.5986922592], [194691.23151131577, 546961.5986999791], [194691.75150771212, 546961.558708673], [194692.33250714984, 546961.2987201543], [194692.622512662, 546960.8087288522], [194692.91251849532, 546960.2987377135], [194693.0625280454, 546959.6287456366], [194693.0615378615, 546959.0187506399], [194692.87254969802, 546958.3787528678], [194690.2816656553, 546956.0194983562], [194693.1316464842, 546952.2288076401], [194648.09855087797, 546911.2217489559], [194648.56907335558, 546910.6103174222], [194647.19735061273, 546909.3612290738], [194649.00912636408, 546907.0903534617], [194595.9890900236, 546858.8104004096], [194595.75333315186, 546856.9816153365], [194581.27267535898, 546843.7955534878], [194575.82278595588, 546839.6854996596], [194575.08554635698, 546839.7756698341], [194529.437661921, 546798.2087855088], [194530.10259403533, 546797.3518063221], [194574.20431130126, 546837.5107535066], [194578.30522523526, 546840.7807925466], [194581.72527191226, 546836.1408857206], [194597.84493703826, 546848.7810409316], [194599.11495271526, 546847.1610746835], [194601.52490248525, 546849.0610978035], [194601.56893719596, 546849.0049675069], [194601.67890051877, 546849.1050999177], [194604.7788366156, 546851.5051300216], [194606.9553692317, 546848.7031105234], [194713.7389730533, 546945.9400747934], [194719.9588444285, 546950.7801349995], [194721.6587762859, 546948.5971371713], [194759.93844779063, 546983.4545395923], [194778.49806546266, 546997.8047200128], [194793.9982610018, 546977.7751341119], [194799.77814207875, 546982.2351903748], [194800.39814956055, 546981.4552067617], [194800.89813920596, 546981.8452115951], [194814.8383076259, 546964.294580204], [194803.18608877872, 546953.6840899492], [194803.50857750358, 546953.2654887281], [194753.45867850172, 546907.6901375806], [194754.16927265297, 546906.7800472225], [194632.6730219029, 546796.1457721997], [194626.57314841714, 546791.3757133431], [194613.24957030962, 546808.4249027661], [194558.11558811992, 546758.2199942934], [194558.2192635662, 546758.0901194541], [194436.72301281613, 546647.4558444313], [194430.57314165717, 546642.5657857743], [194428.6987983347, 546644.9615750769], [194418.16563514373, 546635.3700949601], [194418.1668278194, 546635.3685723228], [194395.56287419147, 546614.7854513883], [194395.54229910602, 546614.7693244369], [194348.28295240182, 546571.7350453675], [194337.60316403047, 546563.9959373248], [194336.09051335984, 546565.9540806218], [194308.02278498968, 546540.3956558919], [194298.06298431806, 546533.0555561461], [194258.23248981155, 546584.0454961979], [194295.734786602, 546618.1950225536], [194275.63591659203, 546644.2132357153], [194249.73297112135, 546620.6260585357], [194214.84268674836, 546593.8357180124], [194210.17261717704, 546600.5355877979], [194212.97301169886, 546603.0856221882], [194210.80352392662, 546606.0155528464], [194214.91206522123, 546609.7567834171], [194212.8834026036, 546612.5055328801], [194334.37965335365, 546723.1398079029], [194337.6495965858, 546725.0098450927], [194338.36249637572, 546724.1619303393], [194351.65930114922, 546736.2699776836], [194354.71924641728, 546738.1200116577], [194357.34925516203, 546736.2400694126], [194363.84912748306, 546740.8801357386], [194365.8952352823, 546738.2130760463], [194382.51722200852, 546753.3490283045], [194389.07708659483, 546758.4390919025], [194390.13210599413, 546757.0788955605], [194393.22958177255, 546759.8994516273], [194403.44937644547, 546767.4795535746], [194403.7181631992, 546767.1346634335], [194523.69964333522, 546876.3895909648], [194530.7994993269, 546881.7396611086], [194532.5395222589, 546879.4297080986], [194534.0194923271, 546880.5397227618], [194534.3808109364, 546880.0610822622], [194564.85884426415, 546907.8143265024], [194554.16733576727, 546921.6873842269], [194520.70340743984, 546891.2151891834], [194513.69255153404, 546885.8151208689], [194511.71252636067, 546888.3860678711], [194509.19513412841, 546891.6276740533], [194499.59166233515, 546882.8827693094], [194501.4472059246, 546880.5188943241], [194500.7975265037, 546879.9272973712], [194501.2572264505, 546879.3389009789], [194500.4652081911, 546878.6176905268], [194502.33726763877, 546876.2289439393], [194479.73331401084, 546855.6458230049], [194473.8034370519, 546851.0057658256], [194469.9593380449, 546855.8996262507], [194436.49315309068, 546825.4253763267], [194429.47330030703, 546819.8353094375], [194424.55127139934, 546826.1209983471], [194311.21282448605, 546722.9152053366], [194303.62297956325, 546717.125130946], [194302.719470982, 546718.2813046139], [194261.99289721, 546681.195757236], [194252.99308775432, 546673.9156724362], [194248.43987816185, 546679.8004481313], [194181.74255145554, 546619.0659782151], [194172.8027397313, 546611.895893487], [194161.33980227288, 546627.7360529059], [194130.4032842309, 546599.5653132809], [194118.26253482178, 546590.1451956121], [194078.53304201982, 546640.9851384803], [194079.30291663334, 546641.6861849669], [194078.83301690067, 546642.3951316993], [194120.08546461043, 546679.959538972], [194112.03053318412, 546690.132348985], [194080.58269554807, 546661.4960026251]], [[194044.59152930262, 546666.2181070178], [194044.59152930268, 546666.2181070178], [194044.59152930285, 546666.2181070179], [194044.5915293028, 546666.2181070179], [194044.59152930262, 546666.2181070178]], [[194437.43604039797, 546723.870018652], [194479.36225645512, 546762.0479582123], [194478.62615321358, 546762.9950409104], [194441.67265571142, 546729.345250234], [194436.3579002605, 546725.2534198015], [194437.43604039797, 546723.870018652]]], [[[194067.36340458636, 546748.5160738695], [194059.543905397, 546758.541619894], [194008.043481881, 546711.645423642], [193995.752738858, 546701.905306216], [193976.732853547, 546704.435979606], [193966.872732673, 546716.96571795], [193969.042458709, 546732.905621624], [193953.263264344, 546753.015202411], [193937.433383847, 546753.62594289], [193928.153240882, 546767.235681663], [193930.412916509, 546786.265561335], [194066.744689704, 546910.4090373425], [194065.5330047302, 546911.9691729236], [194000.02328597748, 546852.3161367483], [193991.69345627876, 546845.956055179], [193991.54345412768, 546846.1660510411], [193991.3134587409, 546845.9960487419], [193988.78293682914, 546849.240260208], [193956.063173557, 546819.445700572], [193923.922833214, 546794.745387187], [193899.312518418, 546826.835727347], [193961.8440311194, 546883.7768142618], [193907.46241564926, 546953.4958155627], [193907.72764984047, 546953.7373373568], [193907.6134068592, 546953.9658141235], [194029.10965760925, 547064.6000891463], [194037.539485839, 547071.0001719821], [194040.68398778507, 547066.9546165884], [194106.22903004062, 547126.6398182841], [194115.02884816244, 547133.4799034575], [194117.92563639116, 547129.7344071475], [194122.18361730277, 547133.0872475774], [194155.31904013964, 547163.2603060915], [194164.31985518584, 547170.189393769], [194166.9152158489, 547166.817894095], [194185.38038311695, 547183.6322433549], [194208.52090444768, 547201.6414671971], [194210.13824190557, 547199.5681247845], [194266.92762353458, 547251.2804371129], [194275.48744683742, 547257.9195200959], [194277.3074697367, 547255.5705687065], [194278.32744853824, 547256.3705785207], [194278.79172554737, 547255.7721700517], [194314.11764846678, 547287.9398941384], [194324.52743267608, 547296.0699946025], [194329.91764651123, 547289.1078707092], [194548.4187367598, 547488.0745841847], [194562.03686106906, 547499.0218416033], [194574.4437528101, 547483.5879673861], [194518.03418097494, 547432.2215091967], [194525.83731743714, 547422.5145955578], [194441.55817796718, 547345.77015746], [194442.05285305227, 547345.15479358], [194360.1518237848, 547270.5758585043], [194361.03628284283, 547269.500814023], [194362.81624497884, 547270.950830712], [194377.61641400683, 547252.9202171849], [194378.66639159783, 547253.78022699], [194384.52645853383, 547246.640380017], [194384.08470866946, 547246.2381233573], [194384.56647412785, 547245.65038881], [194381.9353326286, 547243.2544759283], [194385.05471325776, 547239.4238511084], [194630.16045670726, 547462.6167156046], [194643.7785810165, 547473.5639730232], [194655.4556555963, 547459.03797376], [194634.6176358456, 547440.0629091486], [194641.91580745796, 547430.9841596091], [194410.44046687297, 547220.2031162997], [194415.76573832682, 547213.370156329], [194410.54687966174, 547208.6178726882], [194420.10597640584, 547196.3603661599], [194420.56597409584, 547196.270374298], [194423.13592093583, 547198.270399164], [194423.66592738184, 547197.600413205], [194424.19591629683, 547198.020418271], [194428.1623304164, 547192.9238842322], [194572.93097748767, 547324.7499629456], [194588.3648517048, 547337.1568546867], [194599.3121091234, 547323.5387303774], [194594.13468217338, 547318.8241743845], [194601.8928481733, 547309.1732029165], [194528.03271857867, 547241.9162971245], [194528.5273936638, 547241.3009332443], [194396.186122004, 547120.7912010074], [194397.91210832758, 547118.4415393389], [194380.95914310665, 547103.004198638], [194378.80413092714, 547101.2457364721], [194383.06589639836, 547095.7805984388], [194386.345938105, 547091.5206862529], [194351.09700556425, 547059.4230694713], [194355.90570951064, 547053.460331062], [194549.6569193589, 547229.8898464092], [194558.73566889841, 547237.1880180215], [194652.50675777672, 547322.575808773], [194666.12488208595, 547333.5230661917], [194677.80195666576, 547318.9970669285], [194685.10012827814, 547309.918317389], [194364.87851679724, 547018.3250738601], [194379.3388371322, 546999.8602534406], [194257.84258638215, 546889.2259784178], [194255.8460798188, 546887.6629945061], [194256.94573498072, 546886.2535952448], [194222.333430988, 546854.735691314], [194176.253385883, 546818.755246521], [194168.82942454843, 546828.2306691844], [194167.28748019936, 546826.8265773368], [194168.06738060858, 546825.8397457413], [194129.92320886147, 546791.1057291644], [194094.99293823974, 546763.485394884], [194090.7200527215, 546768.8836170426], [194074.17326375493, 546753.8161397339], [194069.64335782913, 546750.2660961228], [194067.36340458636, 546748.5160738695]], [[194315.33794717584, 547105.4537329226], [194314.962629176, 547106.306110077], [194314.373539437, 547112.186052198], [194314.6400070871, 547113.1656333809], [194311.7217804621, 547110.5083012821], [194315.33794717584, 547105.4537329226]], [[194318.88493626378, 547121.2171384341], [194339.20515438222, 547139.720693778], [194331.89961729993, 547148.6839550207], [194308.07970330532, 547126.9935826872], [194311.9289266661, 547130.0401724252], [194318.88493626378, 547121.2171384341]], [[194322.10665445882, 547122.9057802474], [194322.10665445903, 547122.9057802476], [194322.10665445885, 547122.9057802475], [194322.10665445868, 547122.9057802474], [194322.10665445882, 547122.9057802474]]], [[[193985.1710880643, 547054.9520835722], [193939.96318080847, 547013.7858417032], [193913.45272910828, 546993.1555853265], [193901.02257394753, 547009.1252539803], [193946.23048120335, 547050.2914958493], [193972.63093331183, 547070.9517502032], [193976.13097335503, 547066.6818416384], [193977.07095329705, 547067.45185041], [193979.2209778488, 547064.8319065534], [193977.99519685266, 547063.7157125062], [193985.1710880643, 547054.9520835722]]], [[[194011.86257123412, 547077.3554743441], [193987.393074744, 547058.4752363487], [193965.54279700818, 547086.8556513274], [194077.40742562324, 547188.7193879539], [194077.26324321658, 547188.9056074678], [194082.1594175422, 547193.3640553092], [194079.54309852488, 547196.7455795729], [194074.36320533307, 547192.7355292967], [194069.96314996286, 547198.4154117714], [194068.31312968247, 547200.5153679448], [194067.24315193173, 547199.6753576573], [194066.97514864072, 547200.0163505393], [194064.03311240306, 547203.7652723605], [194167.6376054232, 547298.1073438535], [194158.60774142298, 547309.6499661934], [194028.062615226, 547190.775800897], [194016.642847959, 547182.105688661], [194013.742811041, 547185.875610983], [194014.65253586022, 547186.7040048242], [194009.262721601, 547193.715474383], [194013.56029373544, 547197.6288361083], [194011.072586219, 547201.215441723], [194006.44268725, 547197.285399638], [194000.442622769, 547204.345245017], [193999.702638789, 547203.725238224], [193996.46260401, 547207.535154748], [194137.80510642935, 547336.2413920888], [194120.223161574, 547358.715899951], [194172.49480433855, 547406.314367112], [194173.47478475058, 547407.0343769409], [194173.72478865657, 547406.6643840079], [194176.86712828174, 547408.9761161297], [194180.88463413756, 547412.6344499879], [194181.78461616757, 547413.2944590249], [194193.47475846857, 547398.5037688379], [194196.18470190756, 547400.643794796], [194202.47477769657, 547392.7339610939], [194199.83483883255, 547390.273938897], [194220.93510265058, 547363.1445016479], [194226.39498021256, 547367.983549607], [194236.1189456655, 547355.4877691002], [194236.34664983238, 547355.6951161193], [194240.63656139007, 547359.0151577641], [194248.8866652127, 547348.3653781314], [194242.98072785442, 547342.9874418253], [194245.38683016764, 547339.8853916774], [194251.74669892242, 547344.8154533564], [194260.00680298524, 547334.1456740443], [194253.35269887894, 547328.0864583962], [194262.21451308057, 547316.64354843], [194260.86196134242, 547315.4119171652], [194261.71455463456, 547314.3135595759], [194260.08782509202, 547312.8322624784], [194265.82466062758, 547305.633697146], [194277.05443394056, 547314.023808662], [194277.30443720456, 547313.6938153999], [194282.42433377457, 547317.523866202], [194295.51450821757, 547300.024220816], [194243.242865453, 547252.425753655], [194208.092596358, 547224.835415534], [194201.79412711333, 547232.8666290777], [194190.1627840415, 547222.2751482679], [194162.9633566828, 547200.485890271], [194156.41794525567, 547208.9873469885], [194011.86257123412, 547077.3554743441]], [[194199.60352353597, 547257.2461223792], [194196.67842117476, 547260.9852119981], [194156.1173165347, 547224.0503405245], [194159.29007061987, 547219.8966960658], [194163.47296885093, 547224.3457020035], [194199.60352353597, 547257.2461223792]]], [[[194538.59289387, 546665.315335616], [194907.31988742537, 547001.0774958595], [194949.05002764237, 547033.3579013555], [194974.2403569634, 547000.0875801685], [194605.513363408, 546664.325419925], [194564.60322241, 546631.676030636], [194538.59289387, 546665.315335616]]], [[[194488.90429190328, 547090.854052985], [194496.10438746607, 547081.254247794], [194477.57334275055, 547064.3799106448], [194478.2763338689, 547063.5932832839], [194461.32336864798, 547048.155942583], [194457.67245170014, 547044.8459111118], [194456.97646035347, 547045.6244252891], [194443.8327447015, 547033.6557806331], [194382.9830062386, 546986.1151933292], [194375.59291463174, 546995.5659966947], [194427.8645573963, 547043.1644638557], [194488.90429190328, 547090.854052985]]]]}, "properties": {"kind": "기존·대교", "time_kst": "16:00", "sun_alt_deg": 11.82, "sun_az_deg": 227.68, "scheme": "F1-55"}}]}