family,stage,floors,top_floors,height_m,new_fail,new_ok,gfa_m2,far_pct,service_m2,real_m2,coverage_m2,bcr_pct,daylight_ratio,dong_gap_m,dong_gap_ratio,n_dong,mean_total_h,min_short_m,label
단일,5 미세조정,20,20,70.0,51,27,37580,400.0,5382,42962,1967,20.93,0.063,,,1,3.878,42.72,20층 1879㎡(44.0×42.7m)
단일,5 미세조정,20,20,70.0,52,27,37580,400.0,5386,42966,1967,20.93,0.076,,,1,3.88,41.64,20층 1879㎡(45.1×41.6m)
단일,5 미세조정,20,20,70.0,52,27,37580,400.0,5382,42962,1967,20.93,0.046,,,1,3.874,42.72,20층 1879㎡(44.0×42.7m)
단일,5 미세조정,20,20,70.0,52,27,37580,400.0,5398,42978,1967,20.94,0.064,,,1,3.873,40.07,20층 1879㎡(46.9×40.1m)
단일,5 미세조정,20,20,70.0,52,27,37580,400.0,5427,43007,1967,20.94,0.054,,,1,3.854,38.01,20층 1879㎡(49.4×38.0m)
단일,5 미세조정,20,20,70.0,53,27,37580,400.0,5386,42966,1967,20.93,0.053,,,1,3.874,41.64,20층 1879㎡(45.1×41.6m)
단일,5 미세조정,20,20,70.0,53,27,37580,400.0,5382,42962,1967,20.93,0.076,,,1,3.873,42.72,20층 1879㎡(44.0×42.7m)
단일,5 미세조정,20,20,70.0,53,27,37580,400.0,5406,42986,1967,20.94,0.062,,,1,3.868,39.39,20층 1879㎡(47.7×39.4m)
단일,5 미세조정,20,20,70.0,53,27,37580,400.0,5382,42962,1967,20.93,0.053,,,1,3.867,42.72,20층 1879㎡(44.0×42.7m)
단일,5 미세조정,20,20,70.0,54,27,37580,400.0,5386,42966,1967,20.93,0.052,,,1,3.882,45.16,20층 1879㎡(41.6×45.2m)
단일,5 미세조정,20,20,70.0,54,27,37580,400.0,5386,42966,1967,20.93,0.067,,,1,3.88,45.16,20층 1879㎡(41.6×45.2m)
단일,5 미세조정,20,20,70.0,54,27,37580,400.0,5386,42966,1967,20.93,0.072,,,1,3.878,45.16,20층 1879㎡(41.6×45.2m)
단일,5 미세조정,20,20,70.0,54,27,37580,400.0,5398,42978,1967,20.94,0.063,,,1,3.874,40.07,20층 1879㎡(46.9×40.1m)
단일,5 미세조정,20,20,70.0,54,27,37580,400.0,5386,42966,1967,20.93,0.083,,,1,3.868,41.64,20층 1879㎡(45.1×41.6m)
단일,5 미세조정,20,20,70.0,54,27,37580,400.0,5448,43028,1968,20.95,0.059,,,1,3.867,36.94,20층 1879㎡(50.9×36.9m)
단일,5 미세조정,20,20,70.0,54,27,37580,400.0,5406,42986,1967,20.94,0.046,,,1,3.862,39.39,20층 1879㎡(47.7×39.4m)
단일,5 미세조정,20,20,70.0,54,27,37580,400.0,5398,42978,1967,20.94,0.064,,,1,3.862,40.07,20층 1879㎡(46.9×40.1m)
단일,5 미세조정,20,20,70.0,55,27,37580,400.0,5386,42966,1967,20.93,0.079,,,1,3.885,45.16,20층 1879㎡(41.6×45.2m)
단일,5 미세조정,20,20,70.0,55,27,37580,400.0,5382,42962,1967,20.93,0.074,,,1,3.88,42.72,20층 1879㎡(44.0×42.7m)
단일,5 미세조정,20,20,70.0,55,27,37580,400.0,5382,42962,1967,20.93,0.052,,,1,3.873,42.72,20층 1879㎡(44.0×42.7m)
단일,5 미세조정,20,20,70.0,55,27,37580,400.0,5386,42966,1967,20.93,0.06,,,1,3.868,41.64,20층 1879㎡(45.1×41.6m)
단일,5 미세조정,20,20,70.0,55,27,37580,400.0,5386,42966,1967,20.93,0.098,,,1,3.858,41.64,20층 1879㎡(45.1×41.6m)
단일,5 미세조정,20,20,70.0,55,27,37580,400.0,5406,42986,1967,20.94,0.068,,,1,3.856,39.39,20층 1879㎡(47.7×39.4m)
단일,5 미세조정,20,20,70.0,55,27,37580,400.0,5395,42975,1967,20.94,0.088,,,1,3.856,40.41,20층 1879㎡(46.5×40.4m)
단일,5 미세조정,20,20,70.0,55,27,37580,400.0,5406,42986,1967,20.94,0.047,,,1,3.852,39.39,20층 1879㎡(47.7×39.4m)
단일,5 미세조정,20,20,70.0,56,27,37580,400.0,5382,42962,1967,20.93,0.096,,,1,3.882,42.72,20층 1879㎡(44.0×42.7m)
단일,5 미세조정,20,20,70.0,56,27,37580,400.0,5386,42966,1967,20.93,0.089,,,1,3.878,45.16,20층 1879㎡(41.6×45.2m)
단일,5 미세조정,20,20,70.0,56,27,37580,400.0,5382,42962,1967,20.93,0.065,,,1,3.869,42.72,20층 1879㎡(44.0×42.7m)
단일,5 미세조정,20,20,70.0,56,27,37580,400.0,5429,43009,1967,20.94,0.069,,,1,3.866,37.9,20층 1879㎡(49.6×37.9m)
단일,5 미세조정,20,20,70.0,56,27,37580,400.0,5398,42978,1967,20.94,0.092,,,1,3.866,40.07,20층 1879㎡(46.9×40.1m)
단일,5 미세조정,20,20,70.0,56,27,37580,400.0,5427,43007,1967,20.94,0.077,,,1,3.866,38.01,20층 1879㎡(49.4×38.0m)
단일,5 미세조정,20,20,70.0,56,27,37580,400.0,5406,42986,1967,20.94,0.091,,,1,3.863,39.39,20층 1879㎡(47.7×39.4m)
단일,5 미세조정,20,20,70.0,56,27,37580,400.0,5420,43000,1967,20.94,0.068,,,1,3.85,38.39,20층 1879㎡(48.9×38.4m)
단일,5 미세조정,20,20,70.0,56,27,37580,400.0,5420,43000,1967,20.94,0.084,,,1,3.844,38.39,20층 1879㎡(48.9×38.4m)
단일,5 미세조정,20,20,70.0,57,27,37580,400.0,5382,42962,1967,20.93,0.103,,,1,3.875,42.72,20층 1879㎡(44.0×42.7m)
단일,5 미세조정,20,20,70.0,57,27,37580,400.0,5398,42978,1967,20.94,0.115,,,1,3.864,40.07,20층 1879㎡(46.9×40.1m)
단일,5 미세조정,20,20,70.0,57,27,37580,400.0,5448,43028,1968,20.95,0.078,,,1,3.849,36.94,20층 1879㎡(50.9×36.9m)
단일,5 미세조정,20,20,70.0,58,27,37580,400.0,5386,42966,1967,20.93,0.085,,,1,3.884,45.16,20층 1879㎡(41.6×45.2m)
단일,5 미세조정,20,20,70.0,58,27,37580,400.0,5406,42986,1967,20.94,0.051,,,1,3.874,39.39,20층 1879㎡(47.7×39.4m)
단일,5 미세조정,20,20,70.0,58,27,37580,400.0,5386,42966,1967,20.93,0.047,,,1,3.874,41.64,20층 1879㎡(45.1×41.6m)
단일,5 미세조정,20,20,70.0,58,27,37580,400.0,5382,42962,1967,20.93,0.118,,,1,3.871,42.72,20층 1879㎡(44.0×42.7m)
단일,5 미세조정,20,20,70.0,58,27,37580,400.0,5382,42962,1967,20.93,0.125,,,1,3.869,42.72,20층 1879㎡(44.0×42.7m)
단일,5 미세조정,20,20,70.0,58,27,37580,400.0,5406,42986,1967,20.94,0.118,,,1,3.861,39.39,20층 1879㎡(47.7×39.4m)
단일,5 미세조정,20,20,70.0,58,27,37580,400.0,5420,43000,1967,20.94,0.127,,,1,3.858,38.39,20층 1879㎡(48.9×38.4m)
단일,5 미세조정,20,20,70.0,58,27,37580,400.0,5420,43000,1967,20.94,0.055,,,1,3.841,38.39,20층 1879㎡(48.9×38.4m)
단일,5 미세조정,20,20,70.0,59,27,37580,400.0,5395,42975,1967,20.94,0.045,,,1,3.883,40.41,20층 1879㎡(46.5×40.4m)
단일,5 미세조정,20,20,70.0,59,27,37580,400.0,5406,42986,1967,20.94,0.046,,,1,3.882,39.39,20층 1879㎡(47.7×39.4m)
단일,5 미세조정,20,20,70.0,59,27,37580,400.0,5382,42962,1967,20.93,0.057,,,1,3.882,42.72,20층 1879㎡(44.0×42.7m)
단일,5 미세조정,20,20,70.0,59,27,37580,400.0,5429,43009,1967,20.94,0.055,,,1,3.878,37.9,20층 1879㎡(49.6×37.9m)
단일,5 미세조정,20,20,70.0,59,27,37580,400.0,5386,42966,1967,20.93,0.102,,,1,3.877,45.16,20층 1879㎡(41.6×45.2m)
단일,5 미세조정,20,20,70.0,59,27,37580,400.0,5420,43000,1967,20.94,0.077,,,1,3.871,38.39,20층 1879㎡(48.9×38.4m)
단일,5 미세조정,20,20,70.0,59,27,37580,400.0,5429,43009,1967,20.94,0.075,,,1,3.867,37.9,20층 1879㎡(49.6×37.9m)
단일,5 미세조정,20,20,70.0,59,27,37580,400.0,5500,43080,1969,20.95,0.073,,,1,3.858,35.04,20층 1879㎡(53.6×35.0m)
단일,5 미세조정,20,20,70.0,59,27,37580,400.0,5406,42986,1967,20.94,0.096,,,1,3.858,39.39,20층 1879㎡(47.7×39.4m)
단일,5 미세조정,20,20,70.0,59,27,37580,400.0,5448,43028,1968,20.95,0.11,,,1,3.857,36.94,20층 1879㎡(50.9×36.9m)
단일,5 미세조정,20,20,70.0,59,27,37580,400.0,5395,42975,1967,20.94,0.107,,,1,3.857,40.41,20층 1879㎡(46.5×40.4m)
단일,5 미세조정,20,20,70.0,59,27,37580,400.0,5406,42986,1967,20.94,0.091,,,1,3.856,39.39,20층 1879㎡(47.7×39.4m)
단일,5 미세조정,20,20,70.0,59,27,37580,400.0,5448,43028,1968,20.95,0.103,,,1,3.855,36.94,20층 1879㎡(50.9×36.9m)
단일,5 미세조정,20,20,70.0,59,27,37580,400.0,5427,43007,1967,20.94,0.104,,,1,3.848,38.01,20층 1879㎡(49.4×38.0m)
단일,5 미세조정,20,20,70.0,60,27,37580,400.0,5386,42966,1967,20.93,0.08,,,1,3.876,45.16,20층 1879㎡(41.6×45.2m)
단일,5 미세조정,20,20,70.0,60,27,37580,400.0,5406,42986,1967,20.94,0.096,,,1,3.866,39.39,20층 1879㎡(47.7×39.4m)
단일,5 미세조정,20,20,70.0,60,27,37580,400.0,5386,42966,1967,20.93,0.105,,,1,3.864,41.64,20층 1879㎡(45.1×41.6m)
단일,5 미세조정,20,20,70.0,60,27,37580,400.0,5448,43028,1968,20.95,0.079,,,1,3.862,36.94,20층 1879㎡(50.9×36.9m)
단일,5 미세조정,20,20,70.0,60,27,37580,400.0,5500,43080,1969,20.95,0.061,,,1,3.843,35.04,20층 1879㎡(53.6×35.0m)
단일,5 미세조정,20,20,70.0,61,27,37580,400.0,5382,42962,1967,20.93,0.096,,,1,3.875,42.72,20층 1879㎡(44.0×42.7m)
단일,5 미세조정,20,20,70.0,61,27,37580,400.0,5382,42962,1967,20.93,0.141,,,1,3.872,42.72,20층 1879㎡(44.0×42.7m)
단일,5 미세조정,20,20,70.0,61,27,37580,400.0,5386,42966,1967,20.93,0.162,,,1,3.855,41.64,20층 1879㎡(45.1×41.6m)
단일,5 미세조정,20,20,70.0,61,27,37580,400.0,5395,42975,1967,20.94,0.136,,,1,3.852,40.41,20층 1879㎡(46.5×40.4m)
단일,5 미세조정,20,20,70.0,61,27,37580,400.0,5427,43007,1967,20.94,0.156,,,1,3.845,38.01,20층 1879㎡(49.4×38.0m)
단일,5 미세조정,20,20,70.0,62,27,37580,400.0,5386,42966,1967,20.93,0.135,,,1,3.873,45.16,20층 1879㎡(41.6×45.2m)
단일,5 미세조정,20,20,70.0,63,27,37580,400.0,5382,42962,1967,20.93,0.062,,,1,3.88,42.72,20층 1879㎡(44.0×42.7m)
단일,5 미세조정,20,20,70.0,63,27,37580,400.0,5386,42966,1967,20.93,0.076,,,1,3.867,41.64,20층 1879㎡(45.1×41.6m)
단일,5 미세조정,20,20,70.0,63,27,37580,400.0,5398,42978,1967,20.94,0.066,,,1,3.858,40.07,20층 1879㎡(46.9×40.1m)
단일,5 미세조정,20,20,70.0,64,27,37580,400.0,5382,42962,1967,20.93,0.113,,,1,3.871,42.72,20층 1879㎡(44.0×42.7m)
단일,5 미세조정,20,20,70.0,64,27,37580,400.0,5386,42966,1967,20.93,0.16,,,1,3.865,41.64,20층 1879㎡(45.1×41.6m)
단일,5 미세조정,20,20,70.0,64,27,37580,400.0,5382,42962,1967,20.93,0.147,,,1,3.862,42.72,20층 1879㎡(44.0×42.7m)
단일,5 미세조정,20,20,70.0,64,27,37580,400.0,5420,43000,1967,20.94,0.045,,,1,3.859,38.39,20층 1879㎡(48.9×38.4m)
단일,5 미세조정,20,20,70.0,64,27,37580,400.0,5386,42966,1967,20.93,0.182,,,1,3.855,41.64,20층 1879㎡(45.1×41.6m)
단일,5 미세조정,20,20,70.0,64,27,37580,400.0,5448,43028,1968,20.95,0.138,,,1,3.853,36.94,20층 1879㎡(50.9×36.9m)
단일,5 미세조정,20,20,70.0,64,27,37580,400.0,5398,42978,1967,20.94,0.194,,,1,3.85,40.07,20층 1879㎡(46.9×40.1m)
단일,5 미세조정,20,20,70.0,65,27,37580,400.0,5386,42966,1967,20.93,0.151,,,1,3.87,45.16,20층 1879㎡(41.6×45.2m)
단일,5 미세조정,20,20,70.0,65,27,37580,400.0,5406,42986,1967,20.94,0.056,,,1,3.864,39.39,20층 1879㎡(47.7×39.4m)
단일,5 미세조정,20,20,70.0,65,27,37580,400.0,5406,42986,1967,20.94,0.069,,,1,3.855,39.39,20층 1879㎡(47.7×39.4m)
단일,5 미세조정,20,20,70.0,66,27,37580,400.0,5382,42962,1967,20.93,0.068,,,1,3.879,42.72,20층 1879㎡(44.0×42.7m)
단일,5 미세조정,20,20,70.0,66,30,37580,400.0,5386,42966,1967,20.93,0.06,,,1,3.876,45.16,20층 1879㎡(41.6×45.2m)
단일,5 미세조정,20,20,70.0,66,27,37580,400.0,5500,43080,1969,20.95,0.123,,,1,3.846,35.04,20층 1879㎡(53.6×35.0m)
단일,5 미세조정,20,20,70.0,66,27,37580,400.0,5448,43028,1968,20.95,0.076,,,1,3.843,36.94,20층 1879㎡(50.9×36.9m)
단일,5 미세조정,20,20,70.0,67,27,37580,400.0,5427,43007,1967,20.94,0.099,,,1,3.857,38.01,20층 1879㎡(49.4×38.0m)
단일,5 미세조정,20,20,70.0,69,27,37580,400.0,5420,43000,1967,20.94,0.103,,,1,3.846,38.39,20층 1879㎡(48.9×38.4m)
단일,5 미세조정,20,20,70.0,70,27,37580,400.0,5386,42966,1967,20.93,0.078,,,1,3.877,41.64,20층 1879㎡(45.1×41.6m)
단일,5 미세조정,20,20,70.0,70,27,37580,400.0,5386,42966,1967,20.93,0.07,,,1,3.877,41.64,20층 1879㎡(45.1×41.6m)
단일,5 미세조정,20,20,70.0,70,27,37580,400.0,5395,42975,1967,20.94,0.117,,,1,3.866,40.41,20층 1879㎡(46.5×40.4m)
단일,5 미세조정,20,20,70.0,70,27,37580,400.0,5420,43000,1967,20.94,0.149,,,1,3.856,38.39,20층 1879㎡(48.9×38.4m)
단일,5 미세조정,20,20,70.0,70,27,37580,400.0,5382,42962,1967,20.93,0.197,,,1,3.856,42.72,20층 1879㎡(44.0×42.7m)
단일,5 미세조정,20,20,70.0,70,27,37580,400.0,5448,43028,1968,20.95,0.134,,,1,3.845,36.94,20층 1879㎡(50.9×36.9m)
단일,5 미세조정,20,20,70.0,71,27,37580,400.0,5386,42966,1967,20.93,0.154,,,1,3.859,41.64,20층 1879㎡(45.1×41.6m)
단일,5 미세조정,20,20,70.0,72,29,37580,400.0,5386,42966,1967,20.93,0.046,,,1,3.879,45.16,20층 1879㎡(41.6×45.2m)
단일,5 미세조정,20,20,70.0,72,27,37580,400.0,5386,42966,1967,20.93,0.048,,,1,3.869,41.64,20층 1879㎡(45.1×41.6m)
단일,5 미세조정,20,20,70.0,72,28,37580,400.0,5382,42962,1967,20.93,0.102,,,1,3.863,42.72,20층 1879㎡(44.0×42.7m)
단일,5 미세조정,20,20,70.0,73,27,37580,400.0,5382,42962,1967,20.93,0.09,,,1,3.873,42.72,20층 1879㎡(44.0×42.7m)
단일,5 미세조정,20,20,70.0,73,27,37580,400.0,5427,43007,1967,20.94,0.18,,,1,3.84,38.01,20층 1879㎡(49.4×38.0m)
단일,5 미세조정,20,20,70.0,74,27,37580,400.0,5386,42966,1967,20.93,0.097,,,1,3.869,41.64,20층 1879㎡(45.1×41.6m)
단일,5 미세조정,20,20,70.0,74,27,37580,400.0,5395,42975,1967,20.94,0.073,,,1,3.869,40.41,20층 1879㎡(46.5×40.4m)
단일,5 미세조정,20,20,70.0,74,27,37580,400.0,5429,43009,1967,20.94,0.066,,,1,3.859,37.9,20층 1879㎡(49.6×37.9m)
단일,5 미세조정,20,20,70.0,74,27,37580,400.0,5500,43080,1969,20.95,0.067,,,1,3.858,35.04,20층 1879㎡(53.6×35.0m)
단일,5 미세조정,20,20,70.0,75,27,37580,400.0,5420,43000,1967,20.94,0.115,,,1,3.864,38.39,20층 1879㎡(48.9×38.4m)
단일,5 미세조정,20,20,70.0,76,27,37580,400.0,5398,42978,1967,20.94,0.053,,,1,3.876,40.07,20층 1879㎡(46.9×40.1m)
단일,5 미세조정,20,20,70.0,76,27,37580,400.0,5386,42966,1967,20.93,0.082,,,1,3.869,41.64,20층 1879㎡(45.1×41.6m)
단일,5 미세조정,20,20,70.0,76,27,37580,400.0,5429,43009,1967,20.94,0.119,,,1,3.862,37.9,20층 1879㎡(49.6×37.9m)
단일,5 미세조정,20,20,70.0,76,27,37580,400.0,5406,42986,1967,20.94,0.09,,,1,3.859,39.39,20층 1879㎡(47.7×39.4m)
단일,5 미세조정,20,20,70.0,77,27,37580,400.0,5395,42975,1967,20.94,0.061,,,1,3.878,40.41,20층 1879㎡(46.5×40.4m)
단일,5 미세조정,20,20,70.0,77,29,37580,400.0,5382,42962,1967,20.93,0.057,,,1,3.876,42.72,20층 1879㎡(44.0×42.7m)
단일,5 미세조정,20,20,70.0,77,27,37580,400.0,5386,42966,1967,20.93,0.069,,,1,3.875,41.64,20층 1879㎡(45.1×41.6m)
단일,5 미세조정,20,20,70.0,77,27,37580,400.0,5406,42986,1967,20.94,0.058,,,1,3.874,39.39,20층 1879㎡(47.7×39.4m)
단일,5 미세조정,20,20,70.0,77,27,37580,400.0,5420,43000,1967,20.94,0.062,,,1,3.869,38.39,20층 1879㎡(48.9×38.4m)
단일,5 미세조정,20,20,70.0,77,27,37580,400.0,5420,43000,1967,20.94,0.059,,,1,3.868,38.39,20층 1879㎡(48.9×38.4m)
단일,5 미세조정,20,20,70.0,77,27,37580,400.0,5406,42986,1967,20.94,0.135,,,1,3.851,39.39,20층 1879㎡(47.7×39.4m)
단일,5 미세조정,20,20,70.0,77,28,37580,400.0,5406,42986,1967,20.94,0.102,,,1,3.839,39.39,20층 1879㎡(47.7×39.4m)
단일,5 미세조정,20,20,70.0,78,27,37580,400.0,5386,42966,1967,20.93,0.067,,,1,3.882,45.16,20층 1879㎡(41.6×45.2m)
단일,5 미세조정,20,20,70.0,78,27,37580,400.0,5406,42986,1967,20.94,0.052,,,1,3.873,39.39,20층 1879㎡(47.7×39.4m)
단일,5 미세조정,20,20,70.0,78,27,37580,400.0,5398,42978,1967,20.94,0.057,,,1,3.86,40.07,20층 1879㎡(46.9×40.1m)
단일,5 미세조정,20,20,70.0,78,28,37580,400.0,5386,42966,1967,20.93,0.108,,,1,3.857,41.64,20층 1879㎡(45.1×41.6m)
단일,5 미세조정,20,20,70.0,79,27,37580,400.0,5406,42986,1967,20.94,0.064,,,1,3.877,39.39,20층 1879㎡(47.7×39.4m)
단일,5 미세조정,20,20,70.0,79,27,37580,400.0,5406,42986,1967,20.94,0.073,,,1,3.872,39.39,20층 1879㎡(47.7×39.4m)
단일,5 미세조정,20,20,70.0,79,27,37580,400.0,5386,42966,1967,20.93,0.123,,,1,3.872,45.16,20층 1879㎡(41.6×45.2m)
단일,5 미세조정,20,20,70.0,79,27,37580,400.0,5420,43000,1967,20.94,0.093,,,1,3.868,38.39,20층 1879㎡(48.9×38.4m)
단일,5 미세조정,20,20,70.0,79,27,37580,400.0,5448,43028,1968,20.95,0.103,,,1,3.863,36.94,20층 1879㎡(50.9×36.9m)
단일,5 미세조정,20,20,70.0,80,27,37580,400.0,5427,43007,1967,20.94,0.096,,,1,3.868,38.01,20층 1879㎡(49.4×38.0m)
단일,5 미세조정,20,20,70.0,80,27,37580,400.0,5406,42986,1967,20.94,0.096,,,1,3.863,39.39,20층 1879㎡(47.7×39.4m)
단일,5 미세조정,20,20,70.0,80,27,37580,400.0,5398,42978,1967,20.94,0.108,,,1,3.863,40.07,20층 1879㎡(46.9×40.1m)
단일,5 미세조정,20,20,70.0,80,27,37580,400.0,5406,42986,1967,20.94,0.106,,,1,3.861,39.39,20층 1879㎡(47.7×39.4m)
단일,5 미세조정,20,20,70.0,80,27,37580,400.0,5463,43043,1968,20.95,0.054,,,1,3.849,36.31,20층 1879㎡(51.7×36.3m)
단일,5 미세조정,20,20,70.0,80,27,37580,400.0,5448,43028,1968,20.95,0.16,,,1,3.845,36.94,20층 1879㎡(50.9×36.9m)
단일,5 미세조정,20,20,70.0,80,27,37580,400.0,5448,43028,1968,20.95,0.111,,,1,3.835,36.94,20층 1879㎡(50.9×36.9m)
단일,5 미세조정,20,20,70.0,81,27,37580,400.0,5386,42966,1967,20.93,0.056,,,1,3.878,41.64,20층 1879㎡(45.1×41.6m)
단일,5 미세조정,20,20,70.0,81,27,37580,400.0,5420,43000,1967,20.94,0.065,,,1,3.87,38.39,20층 1879㎡(48.9×38.4m)
단일,5 미세조정,20,20,70.0,81,27,37580,400.0,5427,43007,1967,20.94,0.068,,,1,3.869,38.01,20층 1879㎡(49.4×38.0m)
단일,5 미세조정,20,20,70.0,81,27,37580,400.0,5427,43007,1967,20.94,0.124,,,1,3.863,38.01,20층 1879㎡(49.4×38.0m)
단일,5 미세조정,20,20,70.0,81,27,37580,400.0,5420,43000,1967,20.94,0.093,,,1,3.854,38.39,20층 1879㎡(48.9×38.4m)
단일,5 미세조정,20,20,70.0,81,27,37580,400.0,5429,43009,1967,20.94,0.093,,,1,3.853,37.9,20층 1879㎡(49.6×37.9m)
단일,5 미세조정,20,20,70.0,81,27,37580,400.0,5473,43053,1968,20.95,0.05,,,1,3.845,35.95,20층 1879㎡(52.3×36.0m)
단일,5 미세조정,20,20,70.0,81,27,37580,400.0,5489,43069,1968,20.95,0.062,,,1,3.836,35.39,20층 1879㎡(53.1×35.4m)
단일,5 미세조정,20,20,70.0,81,27,37580,400.0,5500,43080,1969,20.95,0.061,,,1,3.833,35.04,20층 1879㎡(53.6×35.0m)
단일,5 미세조정,20,20,70.0,81,27,37580,400.0,5534,43114,1969,20.96,0.045,,,1,3.815,34.06,20층 1879㎡(55.2×34.1m)
단일,5 미세조정,20,20,70.0,82,27,37580,400.0,5386,42966,1967,20.93,0.13,,,1,3.865,45.16,20층 1879㎡(41.6×45.2m)
단일,5 미세조정,20,20,70.0,82,27,37580,400.0,5382,42962,1967,20.93,0.152,,,1,3.861,42.72,20층 1879㎡(44.0×42.7m)
단일,5 미세조정,20,20,70.0,83,27,37580,400.0,5420,43000,1967,20.94,0.045,,,1,3.879,38.39,20층 1879㎡(48.9×38.4m)
단일,5 미세조정,20,20,70.0,83,27,37580,400.0,5448,43028,1968,20.95,0.084,,,1,3.867,36.94,20층 1879㎡(50.9×36.9m)
단일,5 미세조정,20,20,70.0,83,28,37580,400.0,5386,42966,1967,20.93,0.051,,,1,3.864,41.64,20층 1879㎡(45.1×41.6m)
단일,5 미세조정,20,20,70.0,83,27,37580,400.0,5608,43188,1970,20.97,0.047,,,1,3.862,32.31,20층 1879㎡(58.2×32.3m)
단일,5 미세조정,20,20,70.0,83,27,37580,400.0,5463,43043,1968,20.95,0.105,,,1,3.86,36.31,20층 1879㎡(51.7×36.3m)
단일,5 미세조정,20,20,70.0,83,27,37580,400.0,5448,43028,1968,20.95,0.106,,,1,3.859,36.94,20층 1879㎡(50.9×36.9m)
단일,5 미세조정,20,20,70.0,83,28,37580,400.0,5398,42978,1967,20.94,0.088,,,1,3.853,40.07,20층 1879㎡(46.9×40.1m)
단일,5 미세조정,20,20,70.0,83,27,37580,400.0,5406,42986,1967,20.94,0.14,,,1,3.85,39.39,20층 1879㎡(47.7×39.4m)
단일,5 미세조정,20,20,70.0,84,27,37580,400.0,5386,42966,1967,20.93,0.12,,,1,3.871,41.64,20층 1879㎡(45.1×41.6m)
단일,5 미세조정,20,20,70.0,84,27,37580,400.0,5382,42962,1967,20.93,0.123,,,1,3.865,42.72,20층 1879㎡(44.0×42.7m)
단일,5 미세조정,20,20,70.0,84,27,37580,400.0,5448,43028,1968,20.95,0.072,,,1,3.863,36.94,20층 1879㎡(50.9×36.9m)
단일,5 미세조정,20,20,70.0,84,27,37580,400.0,5534,43114,1969,20.96,0.058,,,1,3.862,34.06,20층 1879㎡(55.2×34.1m)
단일,5 미세조정,20,20,70.0,84,27,37580,400.0,5534,43114,1969,20.96,0.061,,,1,3.862,34.06,20층 1879㎡(55.2×34.1m)
단일,5 미세조정,20,20,70.0,84,25,37580,400.0,5608,43188,1970,20.97,0.046,,,1,3.855,32.31,20층 1879㎡(58.2×32.3m)
단일,5 미세조정,20,20,70.0,84,28,37580,400.0,5406,42986,1967,20.94,0.12,,,1,3.843,39.39,20층 1879㎡(47.7×39.4m)
단일,5 미세조정,20,20,70.0,84,27,37580,400.0,5500,43080,1969,20.95,0.118,,,1,3.839,35.04,20층 1879㎡(53.6×35.0m)
단일,5 미세조정,20,20,70.0,84,29,37580,400.0,5427,43007,1967,20.94,0.185,,,1,3.826,38.01,20층 1879㎡(49.4×38.0m)
단일,5 미세조정,20,20,70.0,85,25,37580,400.0,5420,43000,1967,20.94,0.062,,,1,3.876,38.39,20층 1879㎡(48.9×38.4m)
단일,5 미세조정,20,20,70.0,85,23,37580,400.0,5534,43114,1969,20.96,0.055,,,1,3.859,34.06,20층 1879㎡(55.2×34.1m)
단일,5 미세조정,20,20,70.0,85,29,37580,400.0,5386,42966,1967,20.93,0.201,,,1,3.859,45.16,20층 1879㎡(41.6×45.2m)
단일,5 미세조정,20,20,70.0,85,29,37580,400.0,5382,42962,1967,20.93,0.197,,,1,3.85,42.72,20층 1879㎡(44.0×42.7m)
단일,5 미세조정,20,20,70.0,85,27,37580,400.0,5500,43080,1969,20.95,0.083,,,1,3.842,35.04,20층 1879㎡(53.6×35.0m)
단일,5 미세조정,20,20,70.0,86,27,37580,400.0,5406,42986,1967,20.94,0.052,,,1,3.876,39.39,20층 1879㎡(47.7×39.4m)
단일,5 미세조정,20,20,70.0,86,27,37580,400.0,5420,43000,1967,20.94,0.056,,,1,3.873,38.39,20층 1879㎡(48.9×38.4m)
단일,5 미세조정,20,20,70.0,86,25,37580,400.0,5420,43000,1967,20.94,0.081,,,1,3.87,38.39,20층 1879㎡(48.9×38.4m)
단일,5 미세조정,20,20,70.0,86,28,37580,400.0,5534,43114,1969,20.96,0.049,,,1,3.869,34.06,20층 1879㎡(55.2×34.1m)
단일,5 미세조정,20,20,70.0,86,27,37580,400.0,5489,43069,1968,20.95,0.048,,,1,3.866,35.39,20층 1879㎡(53.1×35.4m)
단일,5 미세조정,20,20,70.0,86,27,37580,400.0,5463,43043,1968,20.95,0.048,,,1,3.865,36.31,20층 1879㎡(51.7×36.3m)
단일,5 미세조정,20,20,70.0,86,27,37580,400.0,5463,43043,1968,20.95,0.051,,,1,3.864,36.31,20층 1879㎡(51.7×36.3m)
단일,5 미세조정,20,20,70.0,86,27,37580,400.0,5463,43043,1968,20.95,0.088,,,1,3.863,36.31,20층 1879㎡(51.7×36.3m)
단일,5 미세조정,20,20,70.0,86,25,37580,400.0,5420,43000,1967,20.94,0.056,,,1,3.863,38.39,20층 1879㎡(48.9×38.4m)
단일,5 미세조정,20,20,70.0,86,27,37580,400.0,5566,43146,1970,20.97,0.046,,,1,3.861,33.25,20층 1879㎡(56.5×33.2m)
단일,5 미세조정,20,20,70.0,86,23,37580,400.0,5534,43114,1969,20.96,0.052,,,1,3.857,34.06,20층 1879㎡(55.2×34.1m)
단일,5 미세조정,20,20,70.0,86,27,37580,400.0,5398,42978,1967,20.94,0.159,,,1,3.857,40.07,20층 1879㎡(46.9×40.1m)
단일,5 미세조정,20,20,70.0,86,27,37580,400.0,5566,43146,1970,20.97,0.066,,,1,3.853,33.25,20층 1879㎡(56.5×33.2m)
단일,5 미세조정,20,20,70.0,86,27,37580,400.0,5489,43069,1968,20.95,0.085,,,1,3.845,35.39,20층 1879㎡(53.1×35.4m)
단일,5 미세조정,20,20,70.0,86,27,37580,400.0,5448,43028,1968,20.95,0.098,,,1,3.844,36.94,20층 1879㎡(50.9×36.9m)
단일,5 미세조정,20,20,70.0,86,27,37580,400.0,5697,43277,1972,20.99,0.061,,,1,3.843,30.65,20층 1879㎡(61.3×30.7m)
단일,5 미세조정,20,20,70.0,86,27,37580,400.0,5772,43352,1973,21.0,0.068,,,1,3.832,29.49,20층 1879㎡(63.7×29.5m)
단일,5 미세조정,20,20,70.0,86,27,37580,400.0,5427,43007,1967,20.94,0.206,,,1,3.832,38.01,20층 1879㎡(49.4×38.0m)
단일,5 미세조정,20,20,70.0,87,29,37580,400.0,5386,42966,1967,20.93,0.055,,,1,3.882,41.64,20층 1879㎡(45.1×41.6m)
단일,5 미세조정,20,20,70.0,87,27,37580,400.0,5382,42962,1967,20.93,0.084,,,1,3.878,42.72,20층 1879㎡(44.0×42.7m)
단일,5 미세조정,20,20,70.0,87,25,37580,400.0,5406,42986,1967,20.94,0.057,,,1,3.876,39.39,20층 1879㎡(47.7×39.4m)
단일,5 미세조정,20,20,70.0,87,27,37580,400.0,5420,43000,1967,20.94,0.065,,,1,3.875,38.39,20층 1879㎡(48.9×38.4m)
단일,5 미세조정,20,20,70.0,87,23,37580,400.0,5420,43000,1967,20.94,0.063,,,1,3.873,38.39,20층 1879㎡(48.9×38.4m)
단일,5 미세조정,20,20,70.0,87,27,37580,400.0,5427,43007,1967,20.94,0.064,,,1,3.873,38.01,20층 1879㎡(49.4×38.0m)
단일,5 미세조정,20,20,70.0,87,27,37580,400.0,5398,42978,1967,20.94,0.08,,,1,3.867,40.07,20층 1879㎡(46.9×40.1m)
단일,5 미세조정,20,20,70.0,87,28,37580,400.0,5566,43146,1970,20.97,0.052,,,1,3.865,33.25,20층 1879㎡(56.5×33.2m)
단일,5 미세조정,20,20,70.0,87,27,37580,400.0,5420,43000,1967,20.94,0.053,,,1,3.862,38.39,20층 1879㎡(48.9×38.4m)
단일,5 미세조정,20,20,70.0,87,29,37580,400.0,5382,42962,1967,20.93,0.169,,,1,3.861,42.72,20층 1879㎡(44.0×42.7m)
단일,5 미세조정,20,20,70.0,87,27,37580,400.0,5500,43080,1969,20.95,0.061,,,1,3.86,35.04,20층 1879㎡(53.6×35.0m)
단일,5 미세조정,20,20,70.0,87,27,37580,400.0,5608,43188,1970,20.97,0.051,,,1,3.858,32.31,20층 1879㎡(58.2×32.3m)
단일,1b 층수·세장비,20,20,70.0,87,23,37580,400.0,5489,43069,1968,20.95,0.099,,,1,3.857,35.39,20층 1879㎡(53.1×35.4m)
단일,5 미세조정,20,20,70.0,87,25,37580,400.0,5448,43028,1968,20.95,0.062,,,1,3.856,36.94,20층 1879㎡(50.9×36.9m)
단일,5 미세조정,20,20,70.0,87,27,37580,400.0,5608,43188,1970,20.97,0.054,,,1,3.853,32.31,20층 1879㎡(58.2×32.3m)
단일,5 미세조정,20,20,70.0,87,27,37580,400.0,5473,43053,1968,20.95,0.147,,,1,3.844,35.95,20층 1879㎡(52.3×36.0m)
단일,5 미세조정,20,20,70.0,87,27,37580,400.0,5534,43114,1969,20.96,0.043,,,1,3.843,34.06,20층 1879㎡(55.2×34.1m)
단일,5 미세조정,20,20,70.0,87,27,37580,400.0,5534,43114,1969,20.96,0.058,,,1,3.84,34.06,20층 1879㎡(55.2×34.1m)
단일,5 미세조정,20,20,70.0,87,29,37580,400.0,5427,43007,1967,20.94,0.156,,,1,3.832,38.01,20층 1879㎡(49.4×38.0m)
단일,5 미세조정,20,20,70.0,87,27,37580,400.0,5772,43352,1973,21.0,0.076,,,1,3.83,29.49,20층 1879㎡(63.7×29.5m)
단일,5 미세조정,20,20,70.0,87,27,37580,400.0,5697,43277,1972,20.99,0.096,,,1,3.829,30.65,20층 1879㎡(61.3×30.7m)
단일,5 미세조정,20,20,70.0,88,27,37580,400.0,5420,43000,1967,20.94,0.068,,,1,3.876,38.39,20층 1879㎡(48.9×38.4m)
단일,5 미세조정,20,20,70.0,88,30,37580,400.0,5566,43146,1970,20.97,0.047,,,1,3.871,33.25,20층 1879㎡(56.5×33.2m)
단일,5 미세조정,20,20,70.0,88,27,37580,400.0,5448,43028,1968,20.95,0.069,,,1,3.871,36.94,20층 1879㎡(50.9×36.9m)
단일,5 미세조정,20,20,70.0,88,27,37580,400.0,5448,43028,1968,20.95,0.053,,,1,3.87,36.94,20층 1879㎡(50.9×36.9m)
단일,5 미세조정,20,20,70.0,88,27,37580,400.0,5406,42986,1967,20.94,0.05,,,1,3.869,39.39,20층 1879㎡(47.7×39.4m)
단일,5 미세조정,20,20,70.0,88,27,37580,400.0,5463,43043,1968,20.95,0.073,,,1,3.868,36.31,20층 1879㎡(51.7×36.3m)
단일,5 미세조정,20,20,70.0,88,27,37580,400.0,5534,43114,1969,20.96,0.06,,,1,3.864,34.06,20층 1879㎡(55.2×34.1m)
단일,5 미세조정,20,20,70.0,88,27,37580,400.0,5534,43114,1969,20.96,0.066,,,1,3.861,34.06,20층 1879㎡(55.2×34.1m)
단일,5 미세조정,20,20,70.0,88,27,37580,400.0,5448,43028,1968,20.95,0.043,,,1,3.858,36.94,20층 1879㎡(50.9×36.9m)
단일,5 미세조정,20,20,70.0,88,27,37580,400.0,5500,43080,1969,20.95,0.054,,,1,3.856,35.04,20층 1879㎡(53.6×35.0m)
단일,5 미세조정,20,20,70.0,88,23,37580,400.0,5534,43114,1969,20.96,0.049,,,1,3.855,34.06,20층 1879㎡(55.2×34.1m)
단일,5 미세조정,20,20,70.0,88,25,37580,400.0,5489,43069,1968,20.95,0.075,,,1,3.853,35.39,20층 1879㎡(53.1×35.4m)
단일,5 미세조정,20,20,70.0,88,27,37580,400.0,5608,43188,1970,20.97,0.069,,,1,3.853,32.31,20층 1879㎡(58.2×32.3m)
단일,5 미세조정,20,20,70.0,88,27,37580,400.0,5534,43114,1969,20.96,0.086,,,1,3.852,34.06,20층 1879㎡(55.2×34.1m)
단일,5 미세조정,20,20,70.0,88,27,37580,400.0,5489,43069,1968,20.95,0.057,,,1,3.851,35.39,20층 1879㎡(53.1×35.4m)
단일,5 미세조정,20,20,70.0,88,27,37580,400.0,5463,43043,1968,20.95,0.044,,,1,3.851,36.31,20층 1879㎡(51.7×36.3m)
단일,5 미세조정,20,20,70.0,88,27,37580,400.0,5420,43000,1967,20.94,0.065,,,1,3.85,38.39,20층 1879㎡(48.9×38.4m)
단일,5 미세조정,20,20,70.0,88,27,37580,400.0,5500,43080,1969,20.95,0.056,,,1,3.846,35.04,20층 1879㎡(53.6×35.0m)
단일,5 미세조정,20,20,70.0,88,29,37580,400.0,5398,42978,1967,20.94,0.165,,,1,3.845,40.07,20층 1879㎡(46.9×40.1m)
단일,5 미세조정,20,20,70.0,88,27,37580,400.0,5534,43114,1969,20.96,0.065,,,1,3.843,34.06,20층 1879㎡(55.2×34.1m)
단일,5 미세조정,20,20,70.0,88,27,37580,400.0,5500,43080,1969,20.95,0.049,,,1,3.843,35.04,20층 1879㎡(53.6×35.0m)
단일,5 미세조정,20,20,70.0,88,27,37580,400.0,5427,43007,1967,20.94,0.149,,,1,3.843,38.01,20층 1879㎡(49.4×38.0m)
단일,5 미세조정,20,20,70.0,89,27,37580,400.0,5382,42962,1967,20.93,0.056,,,1,3.881,42.72,20층 1879㎡(44.0×42.7m)
단일,5 미세조정,20,20,70.0,89,27,37580,400.0,5429,43009,1967,20.94,0.071,,,1,3.873,37.9,20층 1879㎡(49.6×37.9m)
단일,5 미세조정,20,20,70.0,89,27,37580,400.0,5406,42986,1967,20.94,0.075,,,1,3.868,39.39,20층 1879㎡(47.7×39.4m)
단일,5 미세조정,20,20,70.0,89,21,37580,400.0,5500,43080,1969,20.95,0.052,,,1,3.867,35.04,20층 1879㎡(53.6×35.0m)
단일,5 미세조정,20,20,70.0,89,23,37580,400.0,5420,43000,1967,20.94,0.084,,,1,3.867,38.39,20층 1879㎡(48.9×38.4m)
단일,5 미세조정,20,20,70.0,89,23,37580,400.0,5420,43000,1967,20.94,0.109,,,1,3.864,38.39,20층 1879㎡(48.9×38.4m)
단일,5 미세조정,20,20,70.0,89,27,37580,400.0,5500,43080,1969,20.95,0.064,,,1,3.86,35.04,20층 1879㎡(53.6×35.0m)
단일,5 미세조정,20,20,70.0,89,27,37580,400.0,5420,43000,1967,20.94,0.052,,,1,3.859,38.39,20층 1879㎡(48.9×38.4m)
단일,5 미세조정,20,20,70.0,89,27,37580,400.0,5463,43043,1968,20.95,0.077,,,1,3.858,36.31,20층 1879㎡(51.7×36.3m)
단일,5 미세조정,20,20,70.0,89,27,37580,400.0,5534,43114,1969,20.96,0.093,,,1,3.85,34.06,20층 1879㎡(55.2×34.1m)
단일,5 미세조정,20,20,70.0,89,27,37580,400.0,5608,43188,1970,20.97,0.098,,,1,3.843,32.31,20층 1879㎡(58.2×32.3m)
단일,5 미세조정,20,20,70.0,89,27,37580,400.0,5566,43146,1970,20.97,0.089,,,1,3.843,33.25,20층 1879㎡(56.5×33.2m)
단일,1b 층수·세장비,20,20,70.0,89,25,37580,400.0,5489,43069,1968,20.95,0.05,,,1,3.842,35.39,20층 1879㎡(53.1×35.4m)
단일,5 미세조정,20,20,70.0,89,27,37580,400.0,5500,43080,1969,20.95,0.059,,,1,3.842,35.04,20층 1879㎡(53.6×35.0m)
단일,5 미세조정,20,20,70.0,89,27,37580,400.0,5500,43080,1969,20.95,0.145,,,1,3.839,35.04,20층 1879㎡(53.6×35.0m)
단일,5 미세조정,20,20,70.0,89,27,37580,400.0,5473,43053,1968,20.95,0.132,,,1,3.829,35.95,20층 1879㎡(52.3×36.0m)
단일,5 미세조정,20,20,70.0,89,25,37580,400.0,5608,43188,1970,20.97,0.069,,,1,3.828,32.31,20층 1879㎡(58.2×32.3m)
단일,5 미세조정,20,20,70.0,90,27,37580,400.0,5386,42966,1967,20.93,0.046,,,1,3.885,41.64,20층 1879㎡(45.1×41.6m)
단일,5 미세조정,20,20,70.0,90,27,37580,400.0,5406,42986,1967,20.94,0.061,,,1,3.883,39.39,20층 1879㎡(47.7×39.4m)
단일,5 미세조정,20,20,70.0,90,29,37580,400.0,5386,42966,1967,20.93,0.086,,,1,3.878,41.64,20층 1879㎡(45.1×41.6m)
단일,5 미세조정,20,20,70.0,90,27,37580,400.0,5448,43028,1968,20.95,0.049,,,1,3.877,36.94,20층 1879㎡(50.9×36.9m)
단일,5 미세조정,20,20,70.0,90,27,37580,400.0,5463,43043,1968,20.95,0.05,,,1,3.874,36.31,20층 1879㎡(51.7×36.3m)
단일,5 미세조정,20,20,70.0,90,27,37580,400.0,5448,43028,1968,20.95,0.052,,,1,3.874,36.94,20층 1879㎡(50.9×36.9m)
단일,5 미세조정,20,20,70.0,90,29,37580,400.0,5386,42966,1967,20.93,0.111,,,1,3.873,41.64,20층 1879㎡(45.1×41.6m)
단일,5 미세조정,20,20,70.0,90,29,37580,400.0,5386,42966,1967,20.93,0.114,,,1,3.872,41.64,20층 1879㎡(45.1×41.6m)
단일,5 미세조정,20,20,70.0,90,23,37580,400.0,5489,43069,1968,20.95,0.053,,,1,3.869,35.39,20층 1879㎡(53.1×35.4m)
단일,5 미세조정,20,20,70.0,90,27,37580,400.0,5420,43000,1967,20.94,0.073,,,1,3.869,38.39,20층 1879㎡(48.9×38.4m)
단일,5 미세조정,20,20,70.0,90,27,37580,400.0,5420,43000,1967,20.94,0.084,,,1,3.864,38.39,20층 1879㎡(48.9×38.4m)
단일,5 미세조정,20,20,70.0,90,27,37580,400.0,5463,43043,1968,20.95,0.076,,,1,3.862,36.31,20층 1879㎡(51.7×36.3m)
단일,5 미세조정,20,20,70.0,90,27,37580,400.0,5473,43053,1968,20.95,0.084,,,1,3.859,35.95,20층 1879㎡(52.3×36.0m)
단일,5 미세조정,20,20,70.0,90,27,37580,400.0,5500,43080,1969,20.95,0.089,,,1,3.855,35.04,20층 1879㎡(53.6×35.0m)
단일,5 미세조정,20,20,70.0,90,21,37580,400.0,5534,43114,1969,20.96,0.08,,,1,3.854,34.06,20층 1879㎡(55.2×34.1m)
단일,5 미세조정,20,20,70.0,90,27,37580,400.0,5463,43043,1968,20.95,0.073,,,1,3.853,36.31,20층 1879㎡(51.7×36.3m)
단일,5 미세조정,20,20,70.0,90,23,37580,400.0,5448,43028,1968,20.95,0.069,,,1,3.848,36.94,20층 1879㎡(50.9×36.9m)
단일,5 미세조정,20,20,70.0,90,27,37580,400.0,5534,43114,1969,20.96,0.072,,,1,3.844,34.06,20층 1879㎡(55.2×34.1m)
단일,5 미세조정,20,20,70.0,90,23,37580,400.0,5463,43043,1968,20.95,0.073,,,1,3.843,36.31,20층 1879㎡(51.7×36.3m)
단일,5 미세조정,20,20,70.0,90,25,37580,400.0,5463,43043,1968,20.95,0.05,,,1,3.836,36.31,20층 1879㎡(51.7×36.3m)
단일,5 미세조정,20,20,70.0,90,23,37580,400.0,5489,43069,1968,20.95,0.075,,,1,3.835,35.39,20층 1879㎡(53.1×35.4m)
단일,5 미세조정,20,20,70.0,91,25,37580,400.0,5448,43028,1968,20.95,0.043,,,1,3.875,36.94,20층 1879㎡(50.9×36.9m)
단일,5 미세조정,20,20,70.0,91,23,37580,400.0,5463,43043,1968,20.95,0.047,,,1,3.873,36.31,20층 1879㎡(51.7×36.3m)
단일,5 미세조정,20,20,70.0,91,27,37580,400.0,5489,43069,1968,20.95,0.06,,,1,3.87,35.39,20층 1879㎡(53.1×35.4m)
단일,5 미세조정,20,20,70.0,91,29,37580,400.0,5420,43000,1967,20.94,0.073,,,1,3.868,38.39,20층 1879㎡(48.9×38.4m)
단일,5 미세조정,20,20,70.0,91,27,37580,400.0,5463,43043,1968,20.95,0.054,,,1,3.867,36.31,20층 1879㎡(51.7×36.3m)
단일,5 미세조정,20,20,70.0,91,27,37580,400.0,5420,43000,1967,20.94,0.093,,,1,3.865,38.39,20층 1879㎡(48.9×38.4m)
단일,5 미세조정,20,20,70.0,91,23,37580,400.0,5420,43000,1967,20.94,0.115,,,1,3.863,38.39,20층 1879㎡(48.9×38.4m)
단일,5 미세조정,20,20,70.0,91,25,37580,400.0,5406,42986,1967,20.94,0.127,,,1,3.861,39.39,20층 1879㎡(47.7×39.4m)
단일,5 미세조정,20,20,70.0,91,25,37580,400.0,5406,42986,1967,20.94,0.13,,,1,3.86,39.39,20층 1879㎡(47.7×39.4m)
단일,5 미세조정,20,20,70.0,91,27,37580,400.0,5534,43114,1969,20.96,0.07,,,1,3.859,34.06,20층 1879㎡(55.2×34.1m)
단일,5 미세조정,20,20,70.0,91,23,37580,400.0,5489,43069,1968,20.95,0.1,,,1,3.859,35.39,20층 1879㎡(53.1×35.4m)
단일,5 미세조정,20,20,70.0,91,23,37580,400.0,5448,43028,1968,20.95,0.119,,,1,3.859,36.94,20층 1879㎡(50.9×36.9m)
단일,5 미세조정,20,20,70.0,91,25,37580,400.0,5420,43000,1967,20.94,0.137,,,1,3.856,38.39,20층 1879㎡(48.9×38.4m)
단일,5 미세조정,20,20,70.0,91,23,37580,400.0,5500,43080,1969,20.95,0.109,,,1,3.856,35.04,20층 1879㎡(53.6×35.0m)
단일,5 미세조정,20,20,70.0,91,27,37580,400.0,5420,43000,1967,20.94,0.107,,,1,3.856,38.39,20층 1879㎡(48.9×38.4m)
단일,5 미세조정,20,20,70.0,91,23,37580,400.0,5500,43080,1969,20.95,0.105,,,1,3.856,35.04,20층 1879㎡(53.6×35.0m)
단일,5 미세조정,20,20,70.0,91,23,37580,400.0,5463,43043,1968,20.95,0.121,,,1,3.855,36.31,20층 1879㎡(51.7×36.3m)
단일,5 미세조정,20,20,70.0,91,27,37580,400.0,5489,43069,1968,20.95,0.108,,,1,3.854,35.39,20층 1879㎡(53.1×35.4m)
단일,5 미세조정,20,20,70.0,91,27,37580,400.0,5500,43080,1969,20.95,0.09,,,1,3.854,35.04,20층 1879㎡(53.6×35.0m)
단일,5 미세조정,20,20,70.0,91,27,37580,400.0,5489,43069,1968,20.95,0.102,,,1,3.853,35.39,20층 1879㎡(53.1×35.4m)
2개동,5 미세조정,20+20,20,70.0,91,26,37580,400.0,7888,45468,2006,21.36,0.048,4.3,0.12,2,3.853,24.71,20층 940㎡(38.0×24.7m) + 20층 940㎡(38.0×24.7m)
단일,5 미세조정,20,20,70.0,91,27,37580,400.0,5473,43053,1968,20.95,0.072,,,1,3.852,35.95,20층 1879㎡(52.3×36.0m)
단일,5 미세조정,20,20,70.0,91,25,37580,400.0,5500,43080,1969,20.95,0.108,,,1,3.85,35.04,20층 1879㎡(53.6×35.0m)
단일,5 미세조정,20,20,70.0,91,27,37580,400.0,5500,43080,1969,20.95,0.112,,,1,3.849,35.04,20층 1879㎡(53.6×35.0m)
단일,5 미세조정,20,20,70.0,91,24,37580,400.0,5420,43000,1967,20.94,0.056,,,1,3.848,38.39,20층 1879㎡(48.9×38.4m)
단일,5 미세조정,20,20,70.0,91,27,37580,400.0,5534,43114,1969,20.96,0.125,,,1,3.844,34.06,20층 1879㎡(55.2×34.1m)
단일,5 미세조정,20,20,70.0,91,23,37580,400.0,5697,43277,1972,20.99,0.083,,,1,3.84,30.65,20층 1879㎡(61.3×30.7m)
단일,5 미세조정,20,20,70.0,91,27,37580,400.0,5608,43188,1970,20.97,0.108,,,1,3.838,32.31,20층 1879㎡(58.2×32.3m)
단일,5 미세조정,20,20,70.0,91,27,37580,400.0,5608,43188,1970,20.97,0.104,,,1,3.838,32.31,20층 1879㎡(58.2×32.3m)
단일,5 미세조정,20,20,70.0,91,27,37580,400.0,5534,43114,1969,20.96,0.087,,,1,3.836,34.06,20층 1879㎡(55.2×34.1m)
단일,5 미세조정,20,20,70.0,91,27,37580,400.0,5608,43188,1970,20.97,0.126,,,1,3.832,32.31,20층 1879㎡(58.2×32.3m)
단일,5 미세조정,20,20,70.0,91,27,37580,400.0,5652,43232,1971,20.98,0.107,,,1,3.826,31.45,20층 1879㎡(59.8×31.4m)
단일,5 미세조정,20,20,70.0,92,29,37580,400.0,5386,42966,1967,20.93,0.089,,,1,3.879,45.16,20층 1879㎡(41.6×45.2m)
단일,5 미세조정,20,20,70.0,92,27,37580,400.0,5386,42966,1967,20.93,0.092,,,1,3.878,41.64,20층 1879㎡(45.1×41.6m)
단일,5 미세조정,20,20,70.0,92,27,37580,400.0,5406,42986,1967,20.94,0.074,,,1,3.871,39.39,20층 1879㎡(47.7×39.4m)
단일,5 미세조정,20,20,70.0,92,27,37580,400.0,5398,42978,1967,20.94,0.079,,,1,3.871,40.07,20층 1879㎡(46.9×40.1m)
단일,5 미세조정,20,20,70.0,92,27,37580,400.0,5406,42986,1967,20.94,0.108,,,1,3.87,39.39,20층 1879㎡(47.7×39.4m)
단일,5 미세조정,20,20,70.0,92,27,37580,400.0,5406,42986,1967,20.94,0.084,,,1,3.869,39.39,20층 1879㎡(47.7×39.4m)
단일,5 미세조정,20,20,70.0,92,29,37580,400.0,5386,42966,1967,20.93,0.091,,,1,3.869,41.64,20층 1879㎡(45.1×41.6m)
단일,1b 층수·세장비,20,20,70.0,92,23,37580,400.0,5489,43069,1968,20.95,0.056,,,1,3.868,35.39,20층 1879㎡(53.1×35.4m)
단일,5 미세조정,20,20,70.0,92,23,37580,400.0,5534,43114,1969,20.96,0.054,,,1,3.868,34.06,20층 1879㎡(55.2×34.1m)
단일,5 미세조정,20,20,70.0,92,27,37580,400.0,5406,42986,1967,20.94,0.089,,,1,3.868,39.39,20층 1879㎡(47.7×39.4m)
단일,5 미세조정,20,20,70.0,92,29,37580,400.0,5386,42966,1967,20.93,0.086,,,1,3.867,41.64,20층 1879㎡(45.1×41.6m)
단일,5 미세조정,20,20,70.0,92,27,37580,400.0,5406,42986,1967,20.94,0.086,,,1,3.867,39.39,20층 1879㎡(47.7×39.4m)
단일,5 미세조정,20,20,70.0,92,23,37580,400.0,5463,43043,1968,20.95,0.066,,,1,3.865,36.31,20층 1879㎡(51.7×36.3m)
단일,5 미세조정,20,20,70.0,92,27,37580,400.0,5420,43000,1967,20.94,0.112,,,1,3.865,38.39,20층 1879㎡(48.9×38.4m)
단일,5 미세조정,20,20,70.0,92,27,37580,400.0,5420,43000,1967,20.94,0.062,,,1,3.862,38.39,20층 1879㎡(48.9×38.4m)
단일,5 미세조정,20,20,70.0,92,27,37580,400.0,5420,43000,1967,20.94,0.059,,,1,3.862,38.39,20층 1879㎡(48.9×38.4m)
단일,1b 층수·세장비,20,20,70.0,92,23,37580,400.0,5489,43069,1968,20.95,0.072,,,1,3.861,35.39,20층 1879㎡(53.1×35.4m)
단일,5 미세조정,20,20,70.0,92,27,37580,400.0,5420,43000,1967,20.94,0.094,,,1,3.861,38.39,20층 1879㎡(48.9×38.4m)
단일,5 미세조정,20,20,70.0,92,27,37580,400.0,5420,43000,1967,20.94,0.09,,,1,3.861,38.39,20층 1879㎡(48.9×38.4m)
단일,5 미세조정,20,20,70.0,92,25,37580,400.0,5448,43028,1968,20.95,0.097,,,1,3.861,36.94,20층 1879㎡(50.9×36.9m)
단일,5 미세조정,20,20,70.0,92,27,37580,400.0,5420,43000,1967,20.94,0.087,,,1,3.861,38.39,20층 1879㎡(48.9×38.4m)
단일,5 미세조정,20,20,70.0,92,29,37580,400.0,5398,42978,1967,20.94,0.08,,,1,3.861,40.07,20층 1879㎡(46.9×40.1m)
단일,5 미세조정,20,20,70.0,92,27,37580,400.0,5427,43007,1967,20.94,0.065,,,1,3.86,38.01,20층 1879㎡(49.4×38.0m)
단일,5 미세조정,20,20,70.0,92,23,37580,400.0,5489,43069,1968,20.95,0.082,,,1,3.859,35.39,20층 1879㎡(53.1×35.4m)
단일,5 미세조정,20,20,70.0,92,21,37580,400.0,5420,43000,1967,20.94,0.128,,,1,3.859,38.39,20층 1879㎡(48.9×38.4m)
단일,5 미세조정,20,20,70.0,92,27,37580,400.0,5395,42975,1967,20.94,0.139,,,1,3.859,40.41,20층 1879㎡(46.5×40.4m)
단일,5 미세조정,20,20,70.0,92,23,37580,400.0,5500,43080,1969,20.95,0.077,,,1,3.858,35.04,20층 1879㎡(53.6×35.0m)
단일,5 미세조정,20,20,70.0,92,27,37580,400.0,5406,42986,1967,20.94,0.13,,,1,3.858,39.39,20층 1879㎡(47.7×39.4m)
단일,5 미세조정,20,20,70.0,92,23,37580,400.0,5500,43080,1969,20.95,0.084,,,1,3.858,35.04,20층 1879㎡(53.6×35.0m)
단일,5 미세조정,20,20,70.0,92,27,37580,400.0,5489,43069,1968,20.95,0.091,,,1,3.856,35.39,20층 1879㎡(53.1×35.4m)
단일,5 미세조정,20,20,70.0,92,27,37580,400.0,5463,43043,1968,20.95,0.1,,,1,3.855,36.31,20층 1879㎡(51.7×36.3m)
단일,5 미세조정,20,20,70.0,92,25,37580,400.0,5420,43000,1967,20.94,0.089,,,1,3.854,38.39,20층 1879㎡(48.9×38.4m)
단일,5 미세조정,20,20,70.0,92,27,37580,400.0,5420,43000,1967,20.94,0.084,,,1,3.854,38.39,20층 1879㎡(48.9×38.4m)
단일,5 미세조정,20,20,70.0,92,27,37580,400.0,5489,43069,1968,20.95,0.085,,,1,3.852,35.39,20층 1879㎡(53.1×35.4m)
단일,5 미세조정,20,20,70.0,92,27,37580,400.0,5500,43080,1969,20.95,0.11,,,1,3.852,35.04,20층 1879㎡(53.6×35.0m)
단일,5 미세조정,20,20,70.0,92,25,37580,400.0,5448,43028,1968,20.95,0.087,,,1,3.852,36.94,20층 1879㎡(50.9×36.9m)
단일,5 미세조정,20,20,70.0,92,25,37580,400.0,5489,43069,1968,20.95,0.109,,,1,3.851,35.39,20층 1879㎡(53.1×35.4m)
단일,5 미세조정,20,20,70.0,92,23,37580,400.0,5448,43028,1968,20.95,0.147,,,1,3.851,36.94,20층 1879㎡(50.9×36.9m)
단일,5 미세조정,20,20,70.0,92,25,37580,400.0,5427,43007,1967,20.94,0.092,,,1,3.85,38.01,20층 1879㎡(49.4×38.0m)
단일,5 미세조정,20,20,70.0,92,21,37580,400.0,5534,43114,1969,20.96,0.108,,,1,3.849,34.06,20층 1879㎡(55.2×34.1m)
단일,5 미세조정,20,20,70.0,92,22,37580,400.0,5420,43000,1967,20.94,0.084,,,1,3.848,38.39,20층 1879㎡(48.9×38.4m)
단일,5 미세조정,20,20,70.0,92,25,37580,400.0,5534,43114,1969,20.96,0.111,,,1,3.848,34.06,20층 1879㎡(55.2×34.1m)
단일,5 미세조정,20,20,70.0,92,25,37580,400.0,5500,43080,1969,20.95,0.114,,,1,3.848,35.04,20층 1879㎡(53.6×35.0m)
단일,5 미세조정,20,20,70.0,92,27,37580,400.0,5427,43007,1967,20.94,0.07,,,1,3.848,38.01,20층 1879㎡(49.4×38.0m)
단일,5 미세조정,20,20,70.0,92,27,37580,400.0,5534,43114,1969,20.96,0.114,,,1,3.847,34.06,20층 1879㎡(55.2×34.1m)
단일,5 미세조정,20,20,70.0,92,23,37580,400.0,5697,43277,1972,20.99,0.082,,,1,3.847,30.65,20층 1879㎡(61.3×30.7m)
단일,5 미세조정,20,20,70.0,92,27,37580,400.0,5534,43114,1969,20.96,0.114,,,1,3.845,34.06,20층 1879㎡(55.2×34.1m)
단일,5 미세조정,20,20,70.0,92,19,37580,400.0,5534,43114,1969,20.96,0.078,,,1,3.844,34.06,20층 1879㎡(55.2×34.1m)
단일,5 미세조정,20,20,70.0,92,25,37580,400.0,5534,43114,1969,20.96,0.117,,,1,3.844,34.06,20층 1879㎡(55.2×34.1m)
단일,5 미세조정,20,20,70.0,92,24,37580,400.0,5534,43114,1969,20.96,0.12,,,1,3.842,34.06,20층 1879㎡(55.2×34.1m)
단일,5 미세조정,20,20,70.0,92,23,37580,400.0,5463,43043,1968,20.95,0.099,,,1,3.84,36.31,20층 1879㎡(51.7×36.3m)
단일,5 미세조정,20,20,70.0,92,23,37580,400.0,5463,43043,1968,20.95,0.102,,,1,3.84,36.31,20층 1879㎡(51.7×36.3m)
단일,5 미세조정,20,20,70.0,92,23,37580,400.0,5489,43069,1968,20.95,0.1,,,1,3.84,35.39,20층 1879㎡(53.1×35.4m)
단일,5 미세조정,20,20,70.0,92,27,37580,400.0,5534,43114,1969,20.96,0.1,,,1,3.839,34.06,20층 1879㎡(55.2×34.1m)
단일,5 미세조정,20,20,70.0,92,23,37580,400.0,5534,43114,1969,20.96,0.137,,,1,3.838,34.06,20층 1879㎡(55.2×34.1m)
단일,5 미세조정,20,20,70.0,92,23,37580,400.0,5534,43114,1969,20.96,0.133,,,1,3.838,34.06,20층 1879㎡(55.2×34.1m)
단일,5 미세조정,20,20,70.0,92,27,37580,400.0,5534,43114,1969,20.96,0.142,,,1,3.835,34.06,20층 1879㎡(55.2×34.1m)
단일,5 미세조정,20,20,70.0,92,23,37580,400.0,5489,43069,1968,20.95,0.107,,,1,3.831,35.39,20층 1879㎡(53.1×35.4m)
단일,5 미세조정,20,20,70.0,92,18,37580,400.0,5489,43069,1968,20.95,0.077,,,1,3.829,35.39,20층 1879㎡(53.1×35.4m)
단일,5 미세조정,20,20,70.0,92,23,37580,400.0,5772,43352,1973,21.0,0.09,,,1,3.828,29.49,20층 1879㎡(63.7×29.5m)
단일,5 미세조정,20,20,70.0,92,25,37580,400.0,5500,43080,1969,20.95,0.063,,,1,3.816,35.04,20층 1879㎡(53.6×35.0m)
단일,5 미세조정,20,20,70.0,93,19,37580,400.0,5463,43043,1968,20.95,0.063,,,1,3.873,36.31,20층 1879㎡(51.7×36.3m)
단일,5 미세조정,20,20,70.0,93,23,37580,400.0,5500,43080,1969,20.95,0.051,,,1,3.868,35.04,20층 1879㎡(53.6×35.0m)
단일,5 미세조정,20,20,70.0,93,22,37580,400.0,5534,43114,1969,20.96,0.065,,,1,3.867,34.06,20층 1879㎡(55.2×34.1m)
단일,5 미세조정,20,20,70.0,93,27,37580,400.0,5420,43000,1967,20.94,0.086,,,1,3.866,38.39,20층 1879㎡(48.9×38.4m)
단일,5 미세조정,20,20,70.0,93,29,37580,400.0,5386,42966,1967,20.93,0.07,,,1,3.866,41.64,20층 1879㎡(45.1×41.6m)
단일,5 미세조정,20,20,70.0,93,27,37580,400.0,5420,43000,1967,20.94,0.089,,,1,3.865,38.39,20층 1879㎡(48.9×38.4m)
단일,5 미세조정,20,20,70.0,93,27,37580,400.0,5398,42978,1967,20.94,0.107,,,1,3.865,40.07,20층 1879㎡(46.9×40.1m)
단일,5 미세조정,20,20,70.0,93,28,37580,400.0,5386,42966,1967,20.93,0.096,,,1,3.864,41.64,20층 1879㎡(45.1×41.6m)
단일,5 미세조정,20,20,70.0,93,28,37580,400.0,5386,42966,1967,20.93,0.099,,,1,3.864,41.64,20층 1879㎡(45.1×41.6m)
단일,5 미세조정,20,20,70.0,93,28,37580,400.0,5386,42966,1967,20.93,0.094,,,1,3.863,41.64,20층 1879㎡(45.1×41.6m)
단일,5 미세조정,20,20,70.0,93,27,37580,400.0,5395,42975,1967,20.94,0.111,,,1,3.863,40.41,20층 1879㎡(46.5×40.4m)
단일,5 미세조정,20,20,70.0,93,21,37580,400.0,5566,43146,1970,20.97,0.061,,,1,3.86,33.25,20층 1879㎡(56.5×33.2m)
단일,5 미세조정,20,20,70.0,93,25,37580,400.0,5566,43146,1970,20.97,0.064,,,1,3.86,33.25,20층 1879㎡(56.5×33.2m)
단일,5 미세조정,20,20,70.0,93,27,37580,400.0,5406,42986,1967,20.94,0.118,,,1,3.86,39.39,20층 1879㎡(47.7×39.4m)
단일,1b 층수·세장비,20,20,70.0,93,23,37580,400.0,5697,43277,1972,20.99,0.047,,,1,3.858,30.65,20층 1879㎡(61.3×30.7m)
단일,5 미세조정,20,20,70.0,93,27,37580,400.0,5534,43114,1969,20.96,0.066,,,1,3.857,34.06,20층 1879㎡(55.2×34.1m)
단일,5 미세조정,20,20,70.0,93,23,37580,400.0,5500,43080,1969,20.95,0.104,,,1,3.855,35.04,20층 1879㎡(53.6×35.0m)
단일,5 미세조정,20,20,70.0,93,26,37580,400.0,5420,43000,1967,20.94,0.146,,,1,3.855,38.39,20층 1879㎡(48.9×38.4m)
단일,5 미세조정,20,20,70.0,93,22,37580,400.0,5697,43277,1972,20.99,0.054,,,1,3.854,30.65,20층 1879㎡(61.3×30.7m)
단일,5 미세조정,20,20,70.0,93,27,37580,400.0,5463,43043,1968,20.95,0.107,,,1,3.854,36.31,20층 1879㎡(51.7×36.3m)
단일,5 미세조정,20,20,70.0,93,27,37580,400.0,5420,43000,1967,20.94,0.14,,,1,3.854,38.39,20층 1879㎡(48.9×38.4m)
단일,5 미세조정,20,20,70.0,93,23,37580,400.0,5448,43028,1968,20.95,0.125,,,1,3.854,36.94,20층 1879㎡(50.9×36.9m)
단일,5 미세조정,20,20,70.0,93,27,37580,400.0,5534,43114,1969,20.96,0.073,,,1,3.853,34.06,20층 1879㎡(55.2×34.1m)
단일,5 미세조정,20,20,70.0,93,27,37580,400.0,5420,43000,1967,20.94,0.132,,,1,3.851,38.39,20층 1879㎡(48.9×38.4m)
단일,5 미세조정,20,20,70.0,93,28,37580,400.0,5697,43277,1972,20.99,0.078,,,1,3.851,30.65,20층 1879㎡(61.3×30.7m)
단일,5 미세조정,20,20,70.0,93,27,37580,400.0,5566,43146,1970,20.97,0.08,,,1,3.85,33.25,20층 1879㎡(56.5×33.2m)
단일,5 미세조정,20,20,70.0,93,25,37580,400.0,5406,42986,1967,20.94,0.134,,,1,3.85,39.39,20층 1879㎡(47.7×39.4m)
단일,5 미세조정,20,20,70.0,93,27,37580,400.0,5406,42986,1967,20.94,0.092,,,1,3.849,39.39,20층 1879㎡(47.7×39.4m)
단일,5 미세조정,20,20,70.0,93,23,37580,400.0,5652,43232,1971,20.98,0.079,,,1,3.848,31.45,20층 1879㎡(59.8×31.4m)
단일,5 미세조정,20,20,70.0,93,27,37580,400.0,5406,42986,1967,20.94,0.112,,,1,3.848,39.39,20층 1879㎡(47.7×39.4m)
단일,5 미세조정,20,20,70.0,93,23,37580,400.0,5500,43080,1969,20.95,0.137,,,1,3.846,35.04,20층 1879㎡(53.6×35.0m)
단일,5 미세조정,20,20,70.0,93,25,37580,400.0,5420,43000,1967,20.94,0.141,,,1,3.846,38.39,20층 1879㎡(48.9×38.4m)
단일,5 미세조정,20,20,70.0,93,23,37580,400.0,5463,43043,1968,20.95,0.149,,,1,3.845,36.31,20층 1879㎡(51.7×36.3m)
단일,5 미세조정,20,20,70.0,93,25,37580,400.0,5427,43007,1967,20.94,0.143,,,1,3.845,38.01,20층 1879㎡(49.4×38.0m)
단일,5 미세조정,20,20,70.0,93,19,37580,400.0,5608,43188,1970,20.97,0.089,,,1,3.843,32.31,20층 1879㎡(58.2×32.3m)
단일,5 미세조정,20,20,70.0,93,21,37580,400.0,5566,43146,1970,20.97,0.111,,,1,3.843,33.25,20층 1879㎡(56.5×33.2m)
단일,5 미세조정,20,20,70.0,93,27,37580,400.0,5420,43000,1967,20.94,0.113,,,1,3.843,38.39,20층 1879㎡(48.9×38.4m)
2개동,5 미세조정,20+20,20,70.0,93,26,37580,400.0,7931,45511,2007,21.36,0.061,5.2,0.15,2,3.841,24.08,20층 940㎡(39.0×24.1m) + 20층 940㎡(39.0×24.1m)
단일,5 미세조정,20,20,70.0,93,27,37580,400.0,5489,43069,1968,20.95,0.056,,,1,3.84,35.39,20층 1879㎡(53.1×35.4m)
단일,5 미세조정,20,20,70.0,93,17,37580,400.0,5652,43232,1971,20.98,0.095,,,1,3.839,31.45,20층 1879㎡(59.8×31.4m)
단일,5 미세조정,20,20,70.0,93,23,37580,400.0,5448,43028,1968,20.95,0.147,,,1,3.839,36.94,20층 1879㎡(50.9×36.9m)
단일,5 미세조정,20,20,70.0,93,25,37580,400.0,5448,43028,1968,20.95,0.076,,,1,3.838,36.94,20층 1879㎡(50.9×36.9m)
단일,5 미세조정,20,20,70.0,93,20,37580,400.0,5489,43069,1968,20.95,0.101,,,1,3.836,35.39,20층 1879㎡(53.1×35.4m)
단일,5 미세조정,20,20,70.0,93,27,37580,400.0,5534,43114,1969,20.96,0.146,,,1,3.835,34.06,20층 1879㎡(55.2×34.1m)
단일,5 미세조정,20,20,70.0,93,23,37580,400.0,5566,43146,1970,20.97,0.152,,,1,3.832,33.25,20층 1879㎡(56.5×33.2m)
단일,5 미세조정,20,20,70.0,93,23,37580,400.0,5489,43069,1968,20.95,0.104,,,1,3.831,35.39,20층 1879㎡(53.1×35.4m)
단일,5 미세조정,20,20,70.0,93,21,37580,400.0,5463,43043,1968,20.95,0.074,,,1,3.827,36.31,20층 1879㎡(51.7×36.3m)
단일,5 미세조정,20,20,70.0,93,25,37580,400.0,5463,43043,1968,20.95,0.08,,,1,3.826,36.31,20층 1879㎡(51.7×36.3m)
단일,5 미세조정,20,20,70.0,94,21,37580,400.0,5420,43000,1967,20.94,0.052,,,1,3.878,38.39,20층 1879㎡(48.9×38.4m)
단일,5 미세조정,20,20,70.0,94,27,37580,400.0,5386,42966,1967,20.93,0.103,,,1,3.869,41.64,20층 1879㎡(45.1×41.6m)
단일,5 미세조정,20,20,70.0,94,19,37580,400.0,5463,43043,1968,20.95,0.069,,,1,3.868,36.31,20층 1879㎡(51.7×36.3m)
단일,5 미세조정,20,20,70.0,94,29,37580,400.0,5386,42966,1967,20.93,0.119,,,1,3.865,41.64,20층 1879㎡(45.1×41.6m)
단일,5 미세조정,20,20,70.0,94,27,37580,400.0,5420,43000,1967,20.94,0.115,,,1,3.864,38.39,20층 1879㎡(48.9×38.4m)
단일,5 미세조정,20,20,70.0,94,22,37580,400.0,5463,43043,1968,20.95,0.098,,,1,3.863,36.31,20층 1879㎡(51.7×36.3m)
단일,5 미세조정,20,20,70.0,94,25,37580,400.0,5534,43114,1969,20.96,0.057,,,1,3.863,34.06,20층 1879㎡(55.2×34.1m)
단일,5 미세조정,20,20,70.0,94,27,37580,400.0,5420,43000,1967,20.94,0.101,,,1,3.863,38.39,20층 1879㎡(48.9×38.4m)
단일,5 미세조정,20,20,70.0,94,27,37580,400.0,5386,42966,1967,20.93,0.142,,,1,3.863,41.64,20층 1879㎡(45.1×41.6m)
단일,5 미세조정,20,20,70.0,94,27,37580,400.0,5427,43007,1967,20.94,0.118,,,1,3.863,38.01,20층 1879㎡(49.4×38.0m)
단일,5 미세조정,20,20,70.0,94,21,37580,400.0,5534,43114,1969,20.96,0.063,,,1,3.861,34.06,20층 1879㎡(55.2×34.1m)
단일,5 미세조정,20,20,70.0,94,21,37580,400.0,5463,43043,1968,20.95,0.088,,,1,3.861,36.31,20층 1879㎡(51.7×36.3m)
단일,5 미세조정,20,20,70.0,94,27,37580,400.0,5420,43000,1967,20.94,0.117,,,1,3.858,38.39,20층 1879㎡(48.9×38.4m)
단일,5 미세조정,20,20,70.0,94,27,37580,400.0,5420,43000,1967,20.94,0.119,,,1,3.854,38.39,20층 1879㎡(48.9×38.4m)
단일,5 미세조정,20,20,70.0,94,25,37580,400.0,5420,43000,1967,20.94,0.162,,,1,3.854,38.39,20층 1879㎡(48.9×38.4m)
단일,5 미세조정,20,20,70.0,94,27,37580,400.0,5427,43007,1967,20.94,0.121,,,1,3.853,38.01,20층 1879㎡(49.4×38.0m)
단일,5 미세조정,20,20,70.0,94,27,37580,400.0,5448,43028,1968,20.95,0.125,,,1,3.846,36.94,20층 1879㎡(50.9×36.9m)
단일,5 미세조정,20,20,70.0,94,23,37580,400.0,5448,43028,1968,20.95,0.175,,,1,3.845,36.94,20층 1879㎡(50.9×36.9m)
단일,5 미세조정,20,20,70.0,94,22,37580,400.0,5420,43000,1967,20.94,0.134,,,1,3.844,38.39,20층 1879㎡(48.9×38.4m)
단일,5 미세조정,20,20,70.0,94,19,37580,400.0,5697,43277,1972,20.99,0.075,,,1,3.843,30.65,20층 1879㎡(61.3×30.7m)
단일,5 미세조정,20,20,70.0,94,19,37580,400.0,5463,43043,1968,20.95,0.174,,,1,3.842,36.31,20층 1879㎡(51.7×36.3m)
단일,5 미세조정,20,20,70.0,94,23,37580,400.0,5489,43069,1968,20.95,0.155,,,1,3.841,35.39,20층 1879㎡(53.1×35.4m)
단일,5 미세조정,20,20,70.0,94,25,37580,400.0,5420,43000,1967,20.94,0.071,,,1,3.841,38.39,20층 1879㎡(48.9×38.4m)
단일,1b 층수·세장비,20,20,70.0,94,19,37580,400.0,5697,43277,1972,20.99,0.082,,,1,3.84,30.65,20층 1879㎡(61.3×30.7m)
단일,5 미세조정,20,20,70.0,94,27,37580,400.0,5489,43069,1968,20.95,0.136,,,1,3.84,35.39,20층 1879㎡(53.1×35.4m)
단일,5 미세조정,20,20,70.0,94,23,37580,400.0,5534,43114,1969,20.96,0.143,,,1,3.839,34.06,20층 1879㎡(55.2×34.1m)
단일,5 미세조정,20,20,70.0,94,27,37580,400.0,5608,43188,1970,20.97,0.104,,,1,3.839,32.31,20층 1879㎡(58.2×32.3m)
단일,5 미세조정,20,20,70.0,94,23,37580,400.0,5500,43080,1969,20.95,0.161,,,1,3.838,35.04,20층 1879㎡(53.6×35.0m)
단일,5 미세조정,20,20,70.0,94,27,37580,400.0,5500,43080,1969,20.95,0.139,,,1,3.838,35.04,20층 1879㎡(53.6×35.0m)
단일,5 미세조정,20,20,70.0,94,19,37580,400.0,5534,43114,1969,20.96,0.048,,,1,3.834,34.06,20층 1879㎡(55.2×34.1m)
단일,5 미세조정,20,20,70.0,94,27,37580,400.0,5534,43114,1969,20.96,0.139,,,1,3.834,34.06,20층 1879㎡(55.2×34.1m)
단일,5 미세조정,20,20,70.0,94,25,37580,400.0,5448,43028,1968,20.95,0.124,,,1,3.834,36.94,20층 1879㎡(50.9×36.9m)
단일,5 미세조정,20,20,70.0,94,27,37580,400.0,5608,43188,1970,20.97,0.132,,,1,3.833,32.31,20층 1879㎡(58.2×32.3m)
단일,5 미세조정,20,20,70.0,94,25,37580,400.0,5448,43028,1968,20.95,0.155,,,1,3.831,36.94,20층 1879㎡(50.9×36.9m)
2개동,5 미세조정,20+20,20,70.0,94,26,37580,400.0,7931,45511,2007,21.36,0.064,5.2,0.15,2,3.83,24.08,20층 940㎡(39.0×24.1m) + 20층 940㎡(39.0×24.1m)
단일,5 미세조정,20,20,70.0,94,23,37580,400.0,5534,43114,1969,20.96,0.144,,,1,3.827,34.06,20층 1879㎡(55.2×34.1m)
단일,5 미세조정,20,20,70.0,94,23,37580,400.0,5534,43114,1969,20.96,0.114,,,1,3.82,34.06,20층 1879㎡(55.2×34.1m)
단일,5 미세조정,20,20,70.0,94,23,37580,400.0,5534,43114,1969,20.96,0.111,,,1,3.819,34.06,20층 1879㎡(55.2×34.1m)
단일,5 미세조정,20,20,70.0,95,27,37580,400.0,5420,43000,1967,20.94,0.109,,,1,3.865,38.39,20층 1879㎡(48.9×38.4m)
단일,5 미세조정,20,20,70.0,95,25,37580,400.0,5566,43146,1970,20.97,0.07,,,1,3.864,33.25,20층 1879㎡(56.5×33.2m)
단일,5 미세조정,20,20,70.0,95,19,37580,400.0,5463,43043,1968,20.95,0.092,,,1,3.86,36.31,20층 1879㎡(51.7×36.3m)
단일,5 미세조정,20,20,70.0,95,27,37580,400.0,5420,43000,1967,20.94,0.124,,,1,3.855,38.39,20층 1879㎡(48.9×38.4m)
단일,5 미세조정,20,20,70.0,95,19,37580,400.0,5489,43069,1968,20.95,0.103,,,1,3.854,35.39,20층 1879㎡(53.1×35.4m)
단일,5 미세조정,20,20,70.0,95,25,37580,400.0,5566,43146,1970,20.97,0.093,,,1,3.854,33.25,20층 1879㎡(56.5×33.2m)
단일,5 미세조정,20,20,70.0,95,21,37580,400.0,5463,43043,1968,20.95,0.092,,,1,3.852,36.31,20층 1879㎡(51.7×36.3m)
단일,5 미세조정,20,20,70.0,95,21,37580,400.0,5489,43069,1968,20.95,0.124,,,1,3.852,35.39,20층 1879㎡(53.1×35.4m)
단일,5 미세조정,20,20,70.0,95,27,37580,400.0,5420,43000,1967,20.94,0.14,,,1,3.852,38.39,20층 1879㎡(48.9×38.4m)
단일,5 미세조정,20,20,70.0,95,27,37580,400.0,5448,43028,1968,20.95,0.097,,,1,3.852,36.94,20층 1879㎡(50.9×36.9m)
단일,5 미세조정,20,20,70.0,95,27,37580,400.0,5448,43028,1968,20.95,0.1,,,1,3.851,36.94,20층 1879㎡(50.9×36.9m)
단일,5 미세조정,20,20,70.0,95,28,37580,400.0,5398,42978,1967,20.94,0.136,,,1,3.851,40.07,20층 1879㎡(46.9×40.1m)
단일,5 미세조정,20,20,70.0,95,27,37580,400.0,5463,43043,1968,20.95,0.104,,,1,3.847,36.31,20층 1879㎡(51.7×36.3m)
단일,5 미세조정,20,20,70.0,95,28,37580,400.0,5406,42986,1967,20.94,0.14,,,1,3.847,39.39,20층 1879㎡(47.7×39.4m)
단일,5 미세조정,20,20,70.0,95,27,37580,400.0,5448,43028,1968,20.95,0.147,,,1,3.846,36.94,20층 1879㎡(50.9×36.9m)
단일,5 미세조정,20,20,70.0,95,27,37580,400.0,5489,43069,1968,20.95,0.113,,,1,3.841,35.39,20층 1879㎡(53.1×35.4m)
단일,5 미세조정,20,20,70.0,95,27,37580,400.0,5652,43232,1971,20.98,0.106,,,1,3.836,31.45,20층 1879㎡(59.8×31.4m)
단일,5 미세조정,20,20,70.0,95,19,37580,400.0,5652,43232,1971,20.98,0.107,,,1,3.834,31.45,20층 1879㎡(59.8×31.4m)
단일,5 미세조정,20,20,70.0,95,27,37580,400.0,5420,43000,1967,20.94,0.126,,,1,3.834,38.39,20층 1879㎡(48.9×38.4m)
단일,5 미세조정,20,20,70.0,95,23,37580,400.0,5463,43043,1968,20.95,0.124,,,1,3.833,36.31,20층 1879㎡(51.7×36.3m)
단일,5 미세조정,20,20,70.0,95,23,37580,400.0,5534,43114,1969,20.96,0.168,,,1,3.833,34.06,20층 1879㎡(55.2×34.1m)
단일,5 미세조정,20,20,70.0,95,19,37580,400.0,5489,43069,1968,20.95,0.126,,,1,3.828,35.39,20층 1879㎡(53.1×35.4m)
단일,5 미세조정,20,20,70.0,95,27,37580,400.0,5534,43114,1969,20.96,0.092,,,1,3.828,34.06,20층 1879㎡(55.2×34.1m)
단일,5 미세조정,20,20,70.0,95,27,37580,400.0,5697,43277,1972,20.99,0.117,,,1,3.827,30.65,20층 1879㎡(61.3×30.7m)
2개동,5 미세조정,20+20,20,70.0,95,26,37580,400.0,7931,45511,2007,21.36,0.046,5.2,0.15,2,3.827,24.08,20층 940㎡(39.0×24.1m) + 20층 940㎡(39.0×24.1m)
단일,5 미세조정,20,20,70.0,95,27,37580,400.0,5608,43188,1970,20.97,0.158,,,1,3.825,32.31,20층 1879㎡(58.2×32.3m)
단일,5 미세조정,20,20,70.0,95,19,37580,400.0,5489,43069,1968,20.95,0.107,,,1,3.816,35.39,20층 1879㎡(53.1×35.4m)
단일,5 미세조정,20,20,70.0,95,23,37580,400.0,5608,43188,1970,20.97,0.124,,,1,3.807,32.31,20층 1879㎡(58.2×32.3m)
단일,5 미세조정,20,20,70.0,96,28,37580,400.0,5386,42966,1967,20.93,0.145,,,1,3.87,45.16,20층 1879㎡(41.6×45.2m)
단일,5 미세조정,20,20,70.0,96,24,37580,400.0,5420,43000,1967,20.94,0.119,,,1,3.864,38.39,20층 1879㎡(48.9×38.4m)
단일,5 미세조정,20,20,70.0,96,28,37580,400.0,5382,42962,1967,20.93,0.14,,,1,3.86,42.72,20층 1879㎡(44.0×42.7m)
단일,5 미세조정,20,20,70.0,96,29,37580,400.0,5386,42966,1967,20.93,0.17,,,1,3.859,41.64,20층 1879㎡(45.1×41.6m)
단일,5 미세조정,20,20,70.0,96,23,37580,400.0,5608,43188,1970,20.97,0.101,,,1,3.856,32.31,20층 1879㎡(58.2×32.3m)
단일,5 미세조정,20,20,70.0,96,20,37580,400.0,5534,43114,1969,20.96,0.109,,,1,3.855,34.06,20층 1879㎡(55.2×34.1m)
단일,5 미세조정,20,20,70.0,96,22,37580,400.0,5420,43000,1967,20.94,0.149,,,1,3.854,38.39,20층 1879㎡(48.9×38.4m)
단일,5 미세조정,20,20,70.0,96,22,37580,400.0,5420,43000,1967,20.94,0.153,,,1,3.853,38.39,20층 1879㎡(48.9×38.4m)
단일,5 미세조정,20,20,70.0,96,27,37580,400.0,5500,43080,1969,20.95,0.121,,,1,3.847,35.04,20층 1879㎡(53.6×35.0m)
2개동,5 미세조정,20+20,20,70.0,96,25,37580,400.0,8006,45586,2008,21.38,0.066,5.4,0.16,2,3.847,23.17,20층 940㎡(40.5×23.2m) + 20층 940㎡(40.5×23.2m)
단일,5 미세조정,20,20,70.0,96,21,37580,400.0,5608,43188,1970,20.97,0.098,,,1,3.843,32.31,20층 1879㎡(58.2×32.3m)
단일,5 미세조정,20,20,70.0,96,22,37580,400.0,5608,43188,1970,20.97,0.102,,,1,3.839,32.31,20층 1879㎡(58.2×32.3m)
2개동,5 미세조정,20+20,20,70.0,96,25,37580,400.0,7931,45511,2007,21.36,0.058,5.2,0.15,2,3.834,24.08,20층 940㎡(39.0×24.1m) + 20층 940㎡(39.0×24.1m)
단일,5 미세조정,20,20,70.0,96,21,37580,400.0,5608,43188,1970,20.97,0.119,,,1,3.834,32.31,20층 1879㎡(58.2×32.3m)
단일,1b 층수·세장비,20,20,70.0,96,21,37580,400.0,5489,43069,1968,20.95,0.06,,,1,3.822,35.39,20층 1879㎡(53.1×35.4m)
단일,1b 층수·세장비,20,20,70.0,96,17,37580,400.0,5697,43277,1972,20.99,0.132,,,1,3.818,30.65,20층 1879㎡(61.3×30.7m)
단일,5 미세조정,20,20,70.0,96,17,37580,400.0,5697,43277,1972,20.99,0.128,,,1,3.818,30.65,20층 1879㎡(61.3×30.7m)
단일,5 미세조정,20,20,70.0,96,23,37580,400.0,5772,43352,1973,21.0,0.118,,,1,3.815,29.49,20층 1879㎡(63.7×29.5m)
단일,5 미세조정,20,20,70.0,96,21,37580,400.0,5608,43188,1970,20.97,0.173,,,1,3.814,32.31,20층 1879㎡(58.2×32.3m)
단일,5 미세조정,20,20,70.0,96,19,37580,400.0,5608,43188,1970,20.97,0.067,,,1,3.813,32.31,20층 1879㎡(58.2×32.3m)
단일,5 미세조정,20,20,70.0,96,21,37580,400.0,5608,43188,1970,20.97,0.148,,,1,3.809,32.31,20층 1879㎡(58.2×32.3m)
단일,1b 층수·세장비,20,20,70.0,97,30,37580,400.0,5489,43069,1968,20.95,0.081,,,1,3.87,35.39,20층 1879㎡(53.1×35.4m)
단일,5 미세조정,20,20,70.0,97,21,37580,400.0,5420,43000,1967,20.94,0.117,,,1,3.858,38.39,20층 1879㎡(48.9×38.4m)
단일,5 미세조정,20,20,70.0,97,29,37580,400.0,5386,42966,1967,20.93,0.176,,,1,3.852,41.64,20층 1879㎡(45.1×41.6m)
단일,5 미세조정,20,20,70.0,97,20,37580,400.0,5534,43114,1969,20.96,0.118,,,1,3.851,34.06,20층 1879㎡(55.2×34.1m)
단일,5 미세조정,20,20,70.0,97,24,37580,400.0,5420,43000,1967,20.94,0.105,,,1,3.851,38.39,20층 1879㎡(48.9×38.4m)
2개동,5 미세조정,20+20,20,70.0,97,25,37580,400.0,7868,45448,2006,21.35,0.071,4.2,0.12,2,3.85,25.03,20층 940㎡(37.5×25.0m) + 20층 940㎡(37.5×25.0m)
단일,5 미세조정,20,20,70.0,97,21,37580,400.0,5463,43043,1968,20.95,0.139,,,1,3.848,36.31,20층 1879㎡(51.7×36.3m)
단일,5 미세조정,20,20,70.0,97,27,37580,400.0,5406,42986,1967,20.94,0.186,,,1,3.848,39.39,20층 1879㎡(47.7×39.4m)
2개동,5 미세조정,20+20,20,70.0,97,25,37580,400.0,7868,45448,2006,21.35,0.098,4.2,0.12,2,3.844,25.03,20층 940㎡(37.5×25.0m) + 20층 940㎡(37.5×25.0m)
단일,5 미세조정,20,20,70.0,97,21,37580,400.0,5463,43043,1968,20.95,0.12,,,1,3.844,36.31,20층 1879㎡(51.7×36.3m)
단일,5 미세조정,20,20,70.0,97,27,37580,400.0,5420,43000,1967,20.94,0.193,,,1,3.844,38.39,20층 1879㎡(48.9×38.4m)
단일,5 미세조정,20,20,70.0,97,27,37580,400.0,5500,43080,1969,20.95,0.14,,,1,3.844,35.04,20층 1879㎡(53.6×35.0m)
2개동,5 미세조정,20+20,20,70.0,97,26,37580,400.0,7888,45468,2006,21.36,0.094,4.5,0.13,2,3.839,24.71,20층 940㎡(38.0×24.7m) + 20층 940㎡(38.0×24.7m)
2개동,5 미세조정,20+20,20,70.0,97,26,37580,400.0,7868,45448,2006,21.35,0.063,4.2,0.12,2,3.836,25.03,20층 940㎡(37.5×25.0m) + 20층 940㎡(37.5×25.0m)
단일,5 미세조정,20,20,70.0,97,22,37580,400.0,5463,43043,1968,20.95,0.142,,,1,3.835,36.31,20층 1879㎡(51.7×36.3m)
단일,5 미세조정,20,20,70.0,97,20,37580,400.0,5697,43277,1972,20.99,0.111,,,1,3.832,30.65,20층 1879㎡(61.3×30.7m)
단일,5 미세조정,20,20,70.0,97,21,37580,400.0,5489,43069,1968,20.95,0.151,,,1,3.832,35.39,20층 1879㎡(53.1×35.4m)
2개동,5 미세조정,20+20,20,70.0,97,26,37580,400.0,7931,45511,2007,21.36,0.098,5.2,0.15,2,3.831,24.08,20층 940㎡(39.0×24.1m) + 20층 940㎡(39.0×24.1m)
단일,5 미세조정,20,20,70.0,97,19,37580,400.0,5534,43114,1969,20.96,0.076,,,1,3.829,34.06,20층 1879㎡(55.2×34.1m)
단일,5 미세조정,20,20,70.0,97,21,37580,400.0,5489,43069,1968,20.95,0.123,,,1,3.828,35.39,20층 1879㎡(53.1×35.4m)
단일,5 미세조정,20,20,70.0,97,21,37580,400.0,5489,43069,1968,20.95,0.12,,,1,3.826,35.39,20층 1879㎡(53.1×35.4m)
단일,5 미세조정,20,20,70.0,97,27,37580,400.0,5500,43080,1969,20.95,0.112,,,1,3.826,35.04,20층 1879㎡(53.6×35.0m)
단일,5 미세조정,20,20,70.0,97,19,37580,400.0,5652,43232,1971,20.98,0.135,,,1,3.825,31.45,20층 1879㎡(59.8×31.4m)
2개동,5 미세조정,20+20,20,70.0,97,26,37580,400.0,7931,45511,2007,21.36,0.061,5.2,0.15,2,3.823,24.08,20층 940㎡(39.0×24.1m) + 20층 940㎡(39.0×24.1m)
단일,5 미세조정,20,20,70.0,97,21,37580,400.0,5608,43188,1970,20.97,0.127,,,1,3.82,32.31,20층 1879㎡(58.2×32.3m)
단일,1b 층수·세장비,20,20,70.0,97,17,37580,400.0,5697,43277,1972,20.99,0.076,,,1,3.802,30.65,20층 1879㎡(61.3×30.7m)
단일,5 미세조정,20,20,70.0,98,20,37580,400.0,5420,43000,1967,20.94,0.098,,,1,3.872,38.39,20층 1879㎡(48.9×38.4m)
단일,5 미세조정,20,20,70.0,98,25,37580,400.0,5420,43000,1967,20.94,0.096,,,1,3.867,38.39,20층 1879㎡(48.9×38.4m)
단일,5 미세조정,20,20,70.0,98,22,37580,400.0,5566,43146,1970,20.97,0.069,,,1,3.863,33.25,20층 1879㎡(56.5×33.2m)
단일,5 미세조정,20,20,70.0,98,27,37580,400.0,5386,42966,1967,20.93,0.127,,,1,3.86,41.64,20층 1879㎡(45.1×41.6m)
단일,5 미세조정,20,20,70.0,98,22,37580,400.0,5463,43043,1968,20.95,0.106,,,1,3.857,36.31,20층 1879㎡(51.7×36.3m)
단일,1b 층수·세장비,20,20,70.0,98,17,37580,400.0,5697,43277,1972,20.99,0.052,,,1,3.853,30.65,20층 1879㎡(61.3×30.7m)
단일,5 미세조정,20,20,70.0,98,18,37580,400.0,5652,43232,1971,20.98,0.065,,,1,3.853,31.45,20층 1879㎡(59.8×31.4m)
2개동,5 미세조정,20+20,20,70.0,98,26,37580,400.0,7931,45511,2007,21.36,0.045,4.5,0.13,2,3.853,24.08,20층 940㎡(39.0×24.1m) + 20층 940㎡(39.0×24.1m)
단일,5 미세조정,20,20,70.0,98,20,37580,400.0,5534,43114,1969,20.96,0.102,,,1,3.85,34.06,20층 1879㎡(55.2×34.1m)
2개동,5 미세조정,20+20,20,70.0,98,24,37580,400.0,8006,45586,2008,21.38,0.044,5.4,0.16,2,3.85,23.17,20층 940㎡(40.5×23.2m) + 20층 940㎡(40.5×23.2m)
2개동,5 미세조정,20+20,20,70.0,98,26,37580,400.0,8006,45586,2008,21.38,0.051,5.4,0.16,2,3.849,23.17,20층 940㎡(40.5×23.2m) + 20층 940㎡(40.5×23.2m)
단일,5 미세조정,20,20,70.0,98,21,37580,400.0,5772,43352,1973,21.0,0.051,,,1,3.848,29.49,20층 1879㎡(63.7×29.5m)
단일,5 미세조정,20,20,70.0,98,19,37580,400.0,5489,43069,1968,20.95,0.128,,,1,3.847,35.39,20층 1879㎡(53.1×35.4m)
단일,5 미세조정,20,20,70.0,98,27,37580,400.0,5427,43007,1967,20.94,0.174,,,1,3.846,38.01,20층 1879㎡(49.4×38.0m)
2개동,5 미세조정,20+20,20,70.0,98,26,37580,400.0,8006,45586,2008,21.38,0.053,5.8,0.17,2,3.845,23.17,20층 940㎡(40.5×23.2m) + 20층 940㎡(40.5×23.2m)
단일,5 미세조정,20,20,70.0,98,19,37580,400.0,5534,43114,1969,20.96,0.133,,,1,3.844,34.06,20층 1879㎡(55.2×34.1m)
2개동,5 미세조정,20+20,20,70.0,98,25,37580,400.0,7931,45511,2007,21.36,0.049,5.2,0.15,2,3.844,24.08,20층 940㎡(39.0×24.1m) + 20층 940㎡(39.0×24.1m)
단일,5 미세조정,20,20,70.0,98,19,37580,400.0,5489,43069,1968,20.95,0.157,,,1,3.843,35.39,20층 1879㎡(53.1×35.4m)
단일,5 미세조정,20,20,70.0,98,21,37580,400.0,5463,43043,1968,20.95,0.161,,,1,3.843,36.31,20층 1879㎡(51.7×36.3m)
단일,5 미세조정,20,20,70.0,98,19,37580,400.0,5534,43114,1969,20.96,0.137,,,1,3.839,34.06,20층 1879㎡(55.2×34.1m)
2개동,5 미세조정,20+20,20,70.0,98,26,37580,400.0,7888,45468,2006,21.36,0.113,4.3,0.12,2,3.839,24.71,20층 940㎡(38.0×24.7m) + 20층 940㎡(38.0×24.7m)
단일,5 미세조정,20,20,70.0,98,25,37580,400.0,5608,43188,1970,20.97,0.12,,,1,3.838,32.31,20층 1879㎡(58.2×32.3m)
단일,5 미세조정,20,20,70.0,98,17,37580,400.0,5697,43277,1972,20.99,0.072,,,1,3.836,30.65,20층 1879㎡(61.3×30.7m)
단일,5 미세조정,20,20,70.0,98,27,37580,400.0,5473,43053,1968,20.95,0.182,,,1,3.836,35.95,20층 1879㎡(52.3×36.0m)
2개동,5 미세조정,20+20,20,70.0,98,26,37580,400.0,7888,45468,2006,21.36,0.065,4.5,0.13,2,3.834,24.71,20층 940㎡(38.0×24.7m) + 20층 940㎡(38.0×24.7m)
단일,1b 층수·세장비,20,20,70.0,98,17,37580,400.0,5697,43277,1972,20.99,0.045,,,1,3.828,30.65,20층 1879㎡(61.3×30.7m)
단일,5 미세조정,20,20,70.0,98,19,37580,400.0,5608,43188,1970,20.97,0.17,,,1,3.826,32.31,20층 1879㎡(58.2×32.3m)
2개동,5 미세조정,20+20,20,70.0,98,25,37580,400.0,8006,45586,2008,21.38,0.095,6.1,0.17,2,3.826,23.17,20층 940㎡(40.5×23.2m) + 20층 940㎡(40.5×23.2m)
2개동,5 미세조정,20+20,20,70.0,98,26,37580,400.0,7931,45511,2007,21.36,0.051,4.9,0.14,2,3.825,24.08,20층 940㎡(39.0×24.1m) + 20층 940㎡(39.0×24.1m)
단일,5 미세조정,20,20,70.0,98,18,37580,400.0,5534,43114,1969,20.96,0.108,,,1,3.824,34.06,20층 1879㎡(55.2×34.1m)
단일,5 미세조정,20,20,70.0,98,21,37580,400.0,5888,43468,1975,21.02,0.074,,,1,3.822,27.98,20층 1879㎡(67.2×28.0m)
단일,5 미세조정,20,20,70.0,98,21,37580,400.0,5652,43232,1971,20.98,0.164,,,1,3.818,31.45,20층 1879㎡(59.8×31.4m)
단일,5 미세조정,20,20,70.0,98,17,37580,400.0,5652,43232,1971,20.98,0.151,,,1,3.814,31.45,20층 1879㎡(59.8×31.4m)
단일,5 미세조정,20,20,70.0,98,27,37580,400.0,5888,43468,1975,21.02,0.103,,,1,3.803,27.98,20층 1879㎡(67.2×28.0m)
단일,5 미세조정,20,20,70.0,98,17,37580,400.0,5608,43188,1970,20.97,0.091,,,1,3.802,32.31,20층 1879㎡(58.2×32.3m)
단일,1b 층수·세장비,20,20,70.0,99,24,37580,400.0,5489,43069,1968,20.95,0.061,,,1,3.879,35.39,20층 1879㎡(53.1×35.4m)
단일,5 미세조정,20,20,70.0,99,25,37580,400.0,5420,43000,1967,20.94,0.09,,,1,3.864,38.39,20층 1879㎡(48.9×38.4m)
단일,5 미세조정,20,20,70.0,99,27,37580,400.0,5406,42986,1967,20.94,0.118,,,1,3.86,39.39,20층 1879㎡(47.7×39.4m)
단일,5 미세조정,20,20,70.0,99,29,37580,400.0,5382,42962,1967,20.93,0.19,,,1,3.856,42.72,20층 1879㎡(44.0×42.7m)
단일,5 미세조정,20,20,70.0,99,22,37580,400.0,5420,43000,1967,20.94,0.136,,,1,3.855,38.39,20층 1879㎡(48.9×38.4m)
2개동,5 미세조정,20+20,20,70.0,99,27,37580,400.0,7931,45511,2007,21.36,0.073,4.5,0.13,2,3.852,24.08,20층 940㎡(39.0×24.1m) + 20층 940㎡(39.0×24.1m)
단일,5 미세조정,20,20,70.0,99,19,37580,400.0,5489,43069,1968,20.95,0.15,,,1,3.845,35.39,20층 1879㎡(53.1×35.4m)
2개동,5 미세조정,20+20,20,70.0,99,25,37580,400.0,7868,45448,2006,21.35,0.058,4.2,0.12,2,3.844,25.03,20층 940㎡(37.5×25.0m) + 20층 940㎡(37.5×25.0m)
2개동,5 미세조정,20+20,20,70.0,99,28,37580,400.0,7888,45468,2006,21.36,0.111,4.3,0.12,2,3.843,24.71,20층 940㎡(38.0×24.7m) + 20층 940㎡(38.0×24.7m)
단일,5 미세조정,20,20,70.0,99,21,37580,400.0,5489,43069,1968,20.95,0.129,,,1,3.841,35.39,20층 1879㎡(53.1×35.4m)
단일,1b 층수·세장비,20,20,70.0,99,17,37580,400.0,5697,43277,1972,20.99,0.065,,,1,3.84,30.65,20층 1879㎡(61.3×30.7m)
2개동,5 미세조정,20+20,20,70.0,99,26,37580,400.0,7931,45511,2007,21.36,0.073,5.2,0.15,2,3.836,24.08,20층 940㎡(39.0×24.1m) + 20층 940㎡(39.0×24.1m)
단일,1b 층수·세장비,20,20,70.0,99,17,37580,400.0,5697,43277,1972,20.99,0.101,,,1,3.832,30.65,20층 1879㎡(61.3×30.7m)
2개동,5 미세조정,20+20,20,70.0,99,25,37580,400.0,7888,45468,2006,21.36,0.05,4.5,0.13,2,3.831,24.71,20층 940㎡(38.0×24.7m) + 20층 940㎡(38.0×24.7m)
단일,5 미세조정,20,20,70.0,99,27,37580,400.0,5500,43080,1969,20.95,0.195,,,1,3.83,35.04,20층 1879㎡(53.6×35.0m)
단일,5 미세조정,20,20,70.0,99,27,37580,400.0,5500,43080,1969,20.95,0.169,,,1,3.828,35.04,20층 1879㎡(53.6×35.0m)
2개동,5 미세조정,20+20,20,70.0,99,25,37580,400.0,7931,45511,2007,21.36,0.052,5.2,0.15,2,3.826,24.08,20층 940㎡(39.0×24.1m) + 20층 940㎡(39.0×24.1m)
단일,5 미세조정,20,20,70.0,99,19,37580,400.0,5608,43188,1970,20.97,0.174,,,1,3.825,32.31,20층 1879㎡(58.2×32.3m)
단일,5 미세조정,20,20,70.0,99,21,37580,400.0,5489,43069,1968,20.95,0.173,,,1,3.824,35.39,20층 1879㎡(53.1×35.4m)
단일,5 미세조정,20,20,70.0,99,19,37580,400.0,5608,43188,1970,20.97,0.061,,,1,3.823,32.31,20층 1879㎡(58.2×32.3m)
단일,5 미세조정,20,20,70.0,99,19,37580,400.0,5608,43188,1970,20.97,0.057,,,1,3.821,32.31,20층 1879㎡(58.2×32.3m)
2개동,5 미세조정,20+20,20,70.0,99,25,37580,400.0,8036,45616,2009,21.38,0.045,6.4,0.18,2,3.816,22.85,20층 940㎡(41.1×22.8m) + 20층 940㎡(41.1×22.8m)
2개동,5 미세조정,20+20,20,70.0,99,25,37580,400.0,8036,45616,2009,21.38,0.056,6.2,0.18,2,3.81,22.85,20층 940㎡(41.1×22.8m) + 20층 940㎡(41.1×22.8m)
2개동,5 미세조정,20+20,20,70.0,99,24,37580,400.0,8126,45706,2010,21.4,0.062,7.3,0.21,2,3.801,21.98,20층 940㎡(42.7×22.0m) + 20층 940㎡(42.7×22.0m)
단일,5 미세조정,20,20,70.0,100,21,37580,400.0,5652,43232,1971,20.98,0.104,,,1,3.852,31.45,20층 1879㎡(59.8×31.4m)
2개동,5 미세조정,20+20,20,70.0,100,25,37580,400.0,7888,45468,2006,21.36,0.119,4.3,0.12,2,3.844,24.71,20층 940㎡(38.0×24.7m) + 20층 940㎡(38.0×24.7m)
단일,5 미세조정,20,20,70.0,100,20,37580,400.0,5888,43468,1975,21.02,0.057,,,1,3.839,27.98,20층 1879㎡(67.2×28.0m)
단일,5 미세조정,20,20,70.0,100,21,37580,400.0,5463,43043,1968,20.95,0.143,,,1,3.832,36.31,20층 1879㎡(51.7×36.3m)
2개동,5 미세조정,20+20,20,70.0,100,26,37580,400.0,7931,45511,2007,21.36,0.054,5.2,0.15,2,3.832,24.08,20층 940㎡(39.0×24.1m) + 20층 940㎡(39.0×24.1m)
단일,5 미세조정,20,20,70.0,100,17,37580,400.0,5772,43352,1973,21.0,0.083,,,1,3.83,29.49,20층 1879㎡(63.7×29.5m)
2개동,5 미세조정,20+20,20,70.0,100,25,37580,400.0,7888,45468,2006,21.36,0.053,4.6,0.13,2,3.829,24.71,20층 940㎡(38.0×24.7m) + 20층 940㎡(38.0×24.7m)
단일,5 미세조정,20,20,70.0,100,19,37580,400.0,5534,43114,1969,20.96,0.19,,,1,3.826,34.06,20층 1879㎡(55.2×34.1m)
단일,5 미세조정,20,20,70.0,100,19,37580,400.0,5534,43114,1969,20.96,0.183,,,1,3.824,34.06,20층 1879㎡(55.2×34.1m)
2개동,5 미세조정,20+20,20,70.0,100,25,37580,400.0,8006,45586,2008,21.38,0.096,5.8,0.17,2,3.824,23.17,20층 940㎡(40.5×23.2m) + 20층 940㎡(40.5×23.2m)
단일,5 미세조정,20,20,70.0,100,20,37580,400.0,5772,43352,1973,21.0,0.138,,,1,3.817,29.49,20층 1879㎡(63.7×29.5m)
단일,5 미세조정,20,20,70.0,100,21,37580,400.0,5608,43188,1970,20.97,0.177,,,1,3.814,32.31,20층 1879㎡(58.2×32.3m)
2개동,5 미세조정,20+20,20,70.0,100,22,37580,400.0,8126,45706,2010,21.4,0.064,7.3,0.21,2,3.8,21.98,20층 940㎡(42.7×22.0m) + 20층 940㎡(42.7×22.0m)
단일,1b 층수·세장비,20,20,70.0,101,26,37580,400.0,5489,43069,1968,20.95,0.051,,,1,3.852,35.39,20층 1879㎡(53.1×35.4m)
2개동,5 미세조정,20+20,20,70.0,101,24,37580,400.0,8006,45586,2008,21.38,0.048,6.1,0.17,2,3.846,23.17,20층 940㎡(40.5×23.2m) + 20층 940㎡(40.5×23.2m)
단일,5 미세조정,20,20,70.0,101,21,37580,400.0,5463,43043,1968,20.95,0.173,,,1,3.844,36.31,20층 1879㎡(51.7×36.3m)
단일,5 미세조정,20,20,70.0,101,21,37580,400.0,5463,43043,1968,20.95,0.176,,,1,3.843,36.31,20층 1879㎡(51.7×36.3m)
단일,5 미세조정,20,20,70.0,101,24,37580,400.0,5489,43069,1968,20.95,0.063,,,1,3.843,35.39,20층 1879㎡(53.1×35.4m)
2개동,5 미세조정,20+20,20,70.0,101,26,37580,400.0,7888,45468,2006,21.36,0.098,4.3,0.12,2,3.842,24.71,20층 940㎡(38.0×24.7m) + 20층 940㎡(38.0×24.7m)
2개동,5 미세조정,20+20,20,70.0,101,26,37580,400.0,7931,45511,2007,21.36,0.087,4.9,0.14,2,3.842,24.08,20층 940㎡(39.0×24.1m) + 20층 940㎡(39.0×24.1m)
단일,5 미세조정,20,20,70.0,101,27,37580,400.0,5398,42978,1967,20.94,0.238,,,1,3.841,40.07,20층 1879㎡(46.9×40.1m)
2개동,5 미세조정,20+20,20,70.0,101,23,37580,400.0,8006,45586,2008,21.38,0.101,5.4,0.16,2,3.837,23.17,20층 940㎡(40.5×23.2m) + 20층 940㎡(40.5×23.2m)
2개동,5 미세조정,20+20,20,70.0,101,25,37580,400.0,7888,45468,2006,21.36,0.091,4.3,0.12,2,3.836,24.71,20층 940㎡(38.0×24.7m) + 20층 940㎡(38.0×24.7m)
2개동,5 미세조정,20+20,20,70.0,101,26,37580,400.0,8126,45706,2010,21.4,0.09,7.0,0.2,2,3.832,21.98,20층 940㎡(42.7×22.0m) + 20층 940㎡(42.7×22.0m)
2개동,5 미세조정,20+20,20,70.0,101,24,37580,400.0,8126,45706,2010,21.4,0.102,6.6,0.19,2,3.83,21.98,20층 940㎡(42.7×22.0m) + 20층 940㎡(42.7×22.0m)
2개동,5 미세조정,20+20,20,70.0,101,25,37580,400.0,8126,45706,2010,21.4,0.102,7.3,0.21,2,3.813,21.98,20층 940㎡(42.7×22.0m) + 20층 940㎡(42.7×22.0m)
단일,5 미세조정,20,20,70.0,101,19,37580,400.0,5608,43188,1970,20.97,0.177,,,1,3.808,32.31,20층 1879㎡(58.2×32.3m)
단일,5 미세조정,20,20,70.0,101,17,37580,400.0,5772,43352,1973,21.0,0.168,,,1,3.804,29.49,20층 1879㎡(63.7×29.5m)
단일,5 미세조정,20,20,70.0,101,17,37580,400.0,5608,43188,1970,20.97,0.143,,,1,3.797,32.31,20층 1879㎡(58.2×32.3m)
단일,5 미세조정,20,20,70.0,102,25,37580,400.0,5420,43000,1967,20.94,0.046,,,1,3.878,38.39,20층 1879㎡(48.9×38.4m)
단일,5 미세조정,20,20,70.0,102,20,37580,400.0,5534,43114,1969,20.96,0.074,,,1,3.863,34.06,20층 1879㎡(55.2×34.1m)
단일,5 미세조정,20,20,70.0,102,22,37580,400.0,5420,43000,1967,20.94,0.106,,,1,3.863,38.39,20층 1879㎡(48.9×38.4m)
2개동,5 미세조정,20+20,20,70.0,102,24,37580,400.0,7931,45511,2007,21.36,0.062,4.9,0.14,2,3.862,24.08,20층 940㎡(39.0×24.1m) + 20층 940㎡(39.0×24.1m)
단일,5 미세조정,20,20,70.0,102,19,37580,400.0,5566,43146,1970,20.97,0.058,,,1,3.862,33.25,20층 1879㎡(56.5×33.2m)
단일,5 미세조정,20,20,70.0,102,19,37580,400.0,5608,43188,1970,20.97,0.114,,,1,3.844,32.31,20층 1879㎡(58.2×32.3m)
단일,5 미세조정,20,20,70.0,102,24,37580,400.0,5489,43069,1968,20.95,0.119,,,1,3.843,35.39,20층 1879㎡(53.1×35.4m)
단일,5 미세조정,20,20,70.0,102,19,37580,400.0,5697,43277,1972,20.99,0.098,,,1,3.84,30.65,20층 1879㎡(61.3×30.7m)
단일,5 미세조정,20,20,70.0,102,20,37580,400.0,5652,43232,1971,20.98,0.13,,,1,3.84,31.45,20층 1879㎡(59.8×31.4m)
단일,5 미세조정,20,20,70.0,102,17,37580,400.0,5888,43468,1975,21.02,0.06,,,1,3.838,27.98,20층 1879㎡(67.2×28.0m)
2개동,5 미세조정,20+20,20,70.0,102,25,37580,400.0,7931,45511,2007,21.36,0.124,4.9,0.14,2,3.837,24.08,20층 940㎡(39.0×24.1m) + 20층 940㎡(39.0×24.1m)
단일,5 미세조정,20,20,70.0,102,17,37580,400.0,5772,43352,1973,21.0,0.081,,,1,3.836,29.49,20층 1879㎡(63.7×29.5m)
단일,1b 층수·세장비,20,20,70.0,102,18,37580,400.0,5937,43517,1976,21.03,0.059,,,1,3.834,27.42,20층 1879㎡(68.5×27.4m)
단일,5 미세조정,20,20,70.0,102,17,37580,400.0,5888,43468,1975,21.02,0.068,,,1,3.833,27.98,20층 1879㎡(67.2×28.0m)
2개동,5 미세조정,20+20,20,70.0,102,26,37580,400.0,8006,45586,2008,21.38,0.109,5.8,0.17,2,3.831,23.17,20층 940㎡(40.5×23.2m) + 20층 940㎡(40.5×23.2m)
2개동,5 미세조정,20+20,20,70.0,102,25,37580,400.0,7888,45468,2006,21.36,0.072,4.5,0.13,2,3.83,24.71,20층 940㎡(38.0×24.7m) + 20층 940㎡(38.0×24.7m)
단일,5 미세조정,20,20,70.0,102,27,37580,400.0,5427,43007,1967,20.94,0.228,,,1,3.83,38.01,20층 1879㎡(49.4×38.0m)
단일,5 미세조정,20,20,70.0,102,17,37580,400.0,5772,43352,1973,21.0,0.08,,,1,3.828,29.49,20층 1879㎡(63.7×29.5m)
단일,5 미세조정,20,20,70.0,102,17,37580,400.0,5888,43468,1975,21.02,0.091,,,1,3.817,27.98,20층 1879㎡(67.2×28.0m)
2개동,5 미세조정,20+20,20,70.0,102,25,37580,400.0,8126,45706,2010,21.4,0.062,7.3,0.21,2,3.801,21.98,20층 940㎡(42.7×22.0m) + 20층 940㎡(42.7×22.0m)
단일,5 미세조정,20,20,70.0,103,25,37580,400.0,5420,43000,1967,20.94,0.049,,,1,3.878,38.39,20층 1879㎡(48.9×38.4m)
단일,1b 층수·세장비,20,20,70.0,103,24,37580,400.0,5697,43277,1972,20.99,0.058,,,1,3.874,30.65,20층 1879㎡(61.3×30.7m)
단일,5 미세조정,20,20,70.0,103,21,37580,400.0,5489,43069,1968,20.95,0.049,,,1,3.874,35.39,20층 1879㎡(53.1×35.4m)
단일,1b 층수·세장비,20,20,70.0,103,25,37580,400.0,5489,43069,1968,20.95,0.084,,,1,3.864,35.39,20층 1879㎡(53.1×35.4m)
단일,5 미세조정,20,20,70.0,103,20,37580,400.0,5534,43114,1969,20.96,0.074,,,1,3.86,34.06,20층 1879㎡(55.2×34.1m)
2개동,2개동,20+20,20,70.0,103,24,37580,400.0,7868,45448,2006,21.35,0.068,4.3,0.12,2,3.858,25.03,20층 940㎡(37.5×25.0m) + 20층 940㎡(37.5×25.0m)
단일,5 미세조정,20,20,70.0,103,20,37580,400.0,5652,43232,1971,20.98,0.069,,,1,3.858,31.45,20층 1879㎡(59.8×31.4m)
2개동,5 미세조정,20+20,20,70.0,103,25,37580,400.0,7868,45448,2006,21.35,0.046,4.3,0.12,2,3.855,25.03,20층 940㎡(37.5×25.0m) + 20층 940㎡(37.5×25.0m)
단일,5 미세조정,20,20,70.0,103,22,37580,400.0,5463,43043,1968,20.95,0.136,,,1,3.852,36.31,20층 1879㎡(51.7×36.3m)
2개동,5 미세조정,20+20,20,70.0,103,25,37580,400.0,7888,45468,2006,21.36,0.048,4.6,0.13,2,3.852,24.71,20층 940㎡(38.0×24.7m) + 20층 940㎡(38.0×24.7m)
단일,5 미세조정,20,20,70.0,103,19,37580,400.0,5608,43188,1970,20.97,0.083,,,1,3.845,32.31,20층 1879㎡(58.2×32.3m)
단일,5 미세조정,20,20,70.0,103,21,37580,400.0,5489,43069,1968,20.95,0.171,,,1,3.841,35.39,20층 1879㎡(53.1×35.4m)
2개동,5 미세조정,20+20,20,70.0,103,25,37580,400.0,7931,45511,2007,21.36,0.077,5.2,0.15,2,3.836,24.08,20층 940㎡(39.0×24.1m) + 20층 940㎡(39.0×24.1m)
단일,5 미세조정,20,20,70.0,103,27,37580,400.0,5473,43053,1968,20.95,0.197,,,1,3.834,35.95,20층 1879㎡(52.3×36.0m)
2개동,5 미세조정,20+20,20,70.0,103,25,37580,400.0,8126,45706,2010,21.4,0.096,6.6,0.19,2,3.833,21.98,20층 940㎡(42.7×22.0m) + 20층 940㎡(42.7×22.0m)
단일,5 미세조정,20,20,70.0,103,19,37580,400.0,5608,43188,1970,20.97,0.152,,,1,3.829,32.31,20층 1879㎡(58.2×32.3m)
2개동,5 미세조정,20+20,20,70.0,103,25,37580,400.0,7931,45511,2007,21.36,0.057,5.2,0.15,2,3.824,24.08,20층 940㎡(39.0×24.1m) + 20층 940㎡(39.0×24.1m)
2개동,5 미세조정,20+20,20,70.0,103,25,37580,400.0,8006,45586,2008,21.38,0.062,6.2,0.18,2,3.817,23.17,20층 940㎡(40.5×23.2m) + 20층 940㎡(40.5×23.2m)
단일,5 미세조정,20,20,70.0,103,17,37580,400.0,5772,43352,1973,21.0,0.108,,,1,3.816,29.49,20층 1879㎡(63.7×29.5m)
2개동,5 미세조정,20+20,20,70.0,103,25,37580,400.0,8126,45706,2010,21.4,0.111,7.3,0.21,2,3.809,21.98,20층 940㎡(42.7×22.0m) + 20층 940㎡(42.7×22.0m)
단일,5 미세조정,20,20,70.0,104,21,37580,400.0,5463,43043,1968,20.95,0.121,,,1,3.862,36.31,20층 1879㎡(51.7×36.3m)
단일,1b 층수·세장비,20,20,70.0,104,25,37580,400.0,5489,43069,1968,20.95,0.067,,,1,3.86,35.39,20층 1879㎡(53.1×35.4m)
단일,5 미세조정,20,20,70.0,104,21,37580,400.0,5534,43114,1969,20.96,0.081,,,1,3.855,34.06,20층 1879㎡(55.2×34.1m)
단일,5 미세조정,20,20,70.0,104,25,37580,400.0,5489,43069,1968,20.95,0.066,,,1,3.854,35.39,20층 1879㎡(53.1×35.4m)
2개동,5 미세조정,20+20,20,70.0,104,25,37580,400.0,7888,45468,2006,21.36,0.095,4.5,0.13,2,3.847,24.71,20층 940㎡(38.0×24.7m) + 20층 940㎡(38.0×24.7m)
2개동,5 미세조정,20+20,20,70.0,104,25,37580,400.0,7931,45511,2007,21.36,0.088,5.2,0.15,2,3.845,24.08,20층 940㎡(39.0×24.1m) + 20층 940㎡(39.0×24.1m)
2개동,5 미세조정,20+20,20,70.0,104,24,37580,400.0,7931,45511,2007,21.36,0.069,5.2,0.15,2,3.84,24.08,20층 940㎡(39.0×24.1m) + 20층 940㎡(39.0×24.1m)
단일,1b 층수·세장비,20,20,70.0,104,24,37580,400.0,5489,43069,1968,20.95,0.103,,,1,3.838,35.39,20층 1879㎡(53.1×35.4m)
단일,5 미세조정,20,20,70.0,104,19,37580,400.0,5608,43188,1970,20.97,0.092,,,1,3.833,32.31,20층 1879㎡(58.2×32.3m)
2개동,5 미세조정,20+20,20,70.0,104,25,37580,400.0,7931,45511,2007,21.36,0.082,5.2,0.15,2,3.831,24.08,20층 940㎡(39.0×24.1m) + 20층 940㎡(39.0×24.1m)
단일,5 미세조정,20,20,70.0,104,21,37580,400.0,5608,43188,1970,20.97,0.051,,,1,3.827,32.31,20층 1879㎡(58.2×32.3m)
단일,5 미세조정,20,20,70.0,104,17,37580,400.0,5888,43468,1975,21.02,0.093,,,1,3.82,27.98,20층 1879㎡(67.2×28.0m)
2개동,5 미세조정,20+20,20,70.0,104,25,37580,400.0,8006,45586,2008,21.38,0.053,6.1,0.17,2,3.814,23.17,20층 940㎡(40.5×23.2m) + 20층 940㎡(40.5×23.2m)
단일,5 미세조정,20,20,70.0,104,19,37580,400.0,5652,43232,1971,20.98,0.173,,,1,3.811,31.45,20층 1879㎡(59.8×31.4m)
2개동,5 미세조정,20+20,20,70.0,104,25,37580,400.0,8126,45706,2010,21.4,0.09,7.3,0.21,2,3.805,21.98,20층 940㎡(42.7×22.0m) + 20층 940㎡(42.7×22.0m)
단일,5 미세조정,20,20,70.0,105,22,37580,400.0,5420,43000,1967,20.94,0.089,,,1,3.87,38.39,20층 1879㎡(48.9×38.4m)
2개동,2개동,20+20,20,70.0,105,26,37580,400.0,7868,45448,2006,21.35,0.068,6.0,0.17,2,3.869,25.03,20층 940㎡(37.5×25.0m) + 20층 940㎡(37.5×25.0m)
단일,5 미세조정,20,20,70.0,105,20,37580,400.0,5489,43069,1968,20.95,0.133,,,1,3.856,35.39,20층 1879㎡(53.1×35.4m)
단일,5 미세조정,20,20,70.0,105,21,37580,400.0,5566,43146,1970,20.97,0.082,,,1,3.853,33.25,20층 1879㎡(56.5×33.2m)
단일,5 미세조정,20,20,70.0,105,25,37580,400.0,5489,43069,1968,20.95,0.06,,,1,3.851,35.39,20층 1879㎡(53.1×35.4m)
단일,5 미세조정,20,20,70.0,105,20,37580,400.0,5608,43188,1970,20.97,0.088,,,1,3.851,32.31,20층 1879㎡(58.2×32.3m)
2개동,5 미세조정,20+20,20,70.0,105,25,37580,400.0,7931,45511,2007,21.36,0.069,4.9,0.14,2,3.849,24.08,20층 940㎡(39.0×24.1m) + 20층 940㎡(39.0×24.1m)
단일,5 미세조정,20,20,70.0,105,25,37580,400.0,5534,43114,1969,20.96,0.072,,,1,3.847,34.06,20층 1879㎡(55.2×34.1m)
단일,5 미세조정,20,20,70.0,105,21,37580,400.0,5489,43069,1968,20.95,0.154,,,1,3.844,35.39,20층 1879㎡(53.1×35.4m)
2개동,5 미세조정,20+20,20,70.0,105,24,37580,400.0,7931,45511,2007,21.36,0.119,4.9,0.14,2,3.842,24.08,20층 940㎡(39.0×24.1m) + 20층 940㎡(39.0×24.1m)
2개동,5 미세조정,20+20,20,70.0,105,26,37580,400.0,7931,45511,2007,21.36,0.075,4.5,0.13,2,3.836,24.08,20층 940㎡(39.0×24.1m) + 20층 940㎡(39.0×24.1m)
2개동,5 미세조정,20+20,20,70.0,105,24,37580,400.0,8006,45586,2008,21.38,0.06,6.1,0.17,2,3.835,23.17,20층 940㎡(40.5×23.2m) + 20층 940㎡(40.5×23.2m)
2개동,5 미세조정,20+20,20,70.0,105,26,37580,400.0,7888,45468,2006,21.36,0.05,4.5,0.13,2,3.835,24.71,20층 940㎡(38.0×24.7m) + 20층 940㎡(38.0×24.7m)
2개동,5 미세조정,20+20,20,70.0,105,25,37580,400.0,7931,45511,2007,21.36,0.096,4.9,0.14,2,3.829,24.08,20층 940㎡(39.0×24.1m) + 20층 940㎡(39.0×24.1m)
2개동,5 미세조정,20+20,20,70.0,105,25,37580,400.0,8006,45586,2008,21.38,0.046,6.2,0.18,2,3.823,23.17,20층 940㎡(40.5×23.2m) + 20층 940㎡(40.5×23.2m)
단일,5 미세조정,20,20,70.0,106,21,37580,400.0,5534,43114,1969,20.96,0.076,,,1,3.861,34.06,20층 1879㎡(55.2×34.1m)
단일,5 미세조정,20,20,70.0,106,22,37580,400.0,5489,43069,1968,20.95,0.094,,,1,3.859,35.39,20층 1879㎡(53.1×35.4m)
단일,5 미세조정,20,20,70.0,106,24,37580,400.0,5566,43146,1970,20.97,0.098,,,1,3.851,33.25,20층 1879㎡(56.5×33.2m)
2개동,5 미세조정,20+20,20,70.0,106,25,37580,400.0,7868,45448,2006,21.35,0.054,4.2,0.12,2,3.847,25.03,20층 940㎡(37.5×25.0m) + 20층 940㎡(37.5×25.0m)
2개동,5 미세조정,20+20,20,70.0,106,25,37580,400.0,8006,45586,2008,21.38,0.075,5.8,0.17,2,3.842,23.17,20층 940㎡(40.5×23.2m) + 20층 940㎡(40.5×23.2m)
단일,5 미세조정,20,20,70.0,106,19,37580,400.0,5608,43188,1970,20.97,0.12,,,1,3.837,32.31,20층 1879㎡(58.2×32.3m)
2개동,5 미세조정,20+20,20,70.0,106,25,37580,400.0,7888,45468,2006,21.36,0.047,4.3,0.12,2,3.837,24.71,20층 940㎡(38.0×24.7m) + 20층 940㎡(38.0×24.7m)
2개동,5 미세조정,20+20,20,70.0,106,24,37580,400.0,8006,45586,2008,21.38,0.074,6.2,0.18,2,3.83,23.17,20층 940㎡(40.5×23.2m) + 20층 940㎡(40.5×23.2m)
단일,5 미세조정,20,20,70.0,106,19,37580,400.0,5534,43114,1969,20.96,0.212,,,1,3.825,34.06,20층 1879㎡(55.2×34.1m)
2개동,5 미세조정,20+20,20,70.0,106,25,37580,400.0,8006,45586,2008,21.38,0.11,6.1,0.17,2,3.822,23.17,20층 940㎡(40.5×23.2m) + 20층 940㎡(40.5×23.2m)
2개동,5 미세조정,20+20,20,70.0,106,25,37580,400.0,8006,45586,2008,21.38,0.102,5.8,0.17,2,3.822,23.17,20층 940㎡(40.5×23.2m) + 20층 940㎡(40.5×23.2m)
2개동,5 미세조정,20+20,20,70.0,106,26,37580,400.0,8006,45586,2008,21.38,0.06,6.1,0.17,2,3.818,23.17,20층 940㎡(40.5×23.2m) + 20층 940㎡(40.5×23.2m)
단일,1b 층수·세장비,20,20,70.0,106,17,37580,400.0,5937,43517,1976,21.03,0.099,,,1,3.813,27.42,20층 1879㎡(68.5×27.4m)
단일,5 미세조정,20,20,70.0,107,24,37580,400.0,5420,43000,1967,20.94,0.068,,,1,3.875,38.39,20층 1879㎡(48.9×38.4m)
단일,1b 층수·세장비,20,20,70.0,107,25,37580,400.0,5489,43069,1968,20.95,0.073,,,1,3.869,35.39,20층 1879㎡(53.1×35.4m)
단일,5 미세조정,20,20,70.0,107,22,37580,400.0,5534,43114,1969,20.96,0.124,,,1,3.845,34.06,20층 1879㎡(55.2×34.1m)
단일,1b 층수·세장비,20,20,70.0,107,17,37580,400.0,5937,43517,1976,21.03,0.052,,,1,3.833,27.42,20층 1879㎡(68.5×27.4m)
단일,5 미세조정,20,20,70.0,107,21,37580,400.0,5608,43188,1970,20.97,0.137,,,1,3.833,32.31,20층 1879㎡(58.2×32.3m)
2개동,5 미세조정,20+20,20,70.0,107,24,37580,400.0,8036,45616,2009,21.38,0.107,6.4,0.18,2,3.828,22.85,20층 940㎡(41.1×22.8m) + 20층 940㎡(41.1×22.8m)
2개동,5 미세조정,20+20,20,70.0,107,25,37580,400.0,8006,45586,2008,21.38,0.13,5.8,0.17,2,3.828,23.17,20층 940㎡(40.5×23.2m) + 20층 940㎡(40.5×23.2m)
2개동,5 미세조정,20+20,20,70.0,107,25,37580,400.0,8126,45706,2010,21.4,0.062,7.3,0.21,2,3.827,21.98,20층 940㎡(42.7×22.0m) + 20층 940㎡(42.7×22.0m)
2개동,5 미세조정,20+20,20,70.0,107,24,37580,400.0,8006,45586,2008,21.38,0.085,6.2,0.18,2,3.827,23.17,20층 940㎡(40.5×23.2m) + 20층 940㎡(40.5×23.2m)
단일,5 미세조정,20,20,70.0,107,22,37580,400.0,5608,43188,1970,20.97,0.107,,,1,3.826,32.31,20층 1879㎡(58.2×32.3m)
2개동,5 미세조정,20+20,20,70.0,107,25,37580,400.0,8126,45706,2010,21.4,0.09,7.3,0.21,2,3.816,21.98,20층 940㎡(42.7×22.0m) + 20층 940㎡(42.7×22.0m)
단일,1b 층수·세장비,20,20,70.0,107,17,37580,400.0,5937,43517,1976,21.03,0.066,,,1,3.802,27.42,20층 1879㎡(68.5×27.4m)
단일,5 미세조정,20,20,70.0,108,22,37580,400.0,5463,43043,1968,20.95,0.049,,,1,3.876,36.31,20층 1879㎡(51.7×36.3m)
단일,5 미세조정,20,20,70.0,108,22,37580,400.0,5489,43069,1968,20.95,0.067,,,1,3.871,35.39,20층 1879㎡(53.1×35.4m)
단일,5 미세조정,20,20,70.0,108,21,37580,400.0,5420,43000,1967,20.94,0.074,,,1,3.869,38.39,20층 1879㎡(48.9×38.4m)
단일,5 미세조정,20,20,70.0,108,20,37580,400.0,5534,43114,1969,20.96,0.088,,,1,3.866,34.06,20층 1879㎡(55.2×34.1m)
2개동,5 미세조정,20+20,20,70.0,108,24,37580,400.0,7888,45468,2006,21.36,0.06,4.5,0.13,2,3.866,24.71,20층 940㎡(38.0×24.7m) + 20층 940㎡(38.0×24.7m)
단일,5 미세조정,20,20,70.0,108,24,37580,400.0,5463,43043,1968,20.95,0.105,,,1,3.857,36.31,20층 1879㎡(51.7×36.3m)
2개동,5 미세조정,20+20,20,70.0,108,24,37580,400.0,7931,45511,2007,21.36,0.045,5.2,0.15,2,3.856,24.08,20층 940㎡(39.0×24.1m) + 20층 940㎡(39.0×24.1m)
2개동,5 미세조정,20+20,20,70.0,108,25,37580,400.0,7931,45511,2007,21.36,0.104,4.5,0.13,2,3.842,24.08,20층 940㎡(39.0×24.1m) + 20층 940㎡(39.0×24.1m)
단일,5 미세조정,20,20,70.0,108,20,37580,400.0,5534,43114,1969,20.96,0.181,,,1,3.834,34.06,20층 1879㎡(55.2×34.1m)
2개동,5 미세조정,20+20,20,70.0,108,26,37580,400.0,8006,45586,2008,21.38,0.075,5.4,0.16,2,3.829,23.17,20층 940㎡(40.5×23.2m) + 20층 940㎡(40.5×23.2m)
단일,5 미세조정,20,20,70.0,108,17,37580,400.0,5697,43277,1972,20.99,0.122,,,1,3.822,30.65,20층 1879㎡(61.3×30.7m)
단일,5 미세조정,20,20,70.0,108,17,37580,400.0,5652,43232,1971,20.98,0.145,,,1,3.821,31.45,20층 1879㎡(59.8×31.4m)
2개동,2개동,20+20,20,70.0,108,24,37580,400.0,7868,45448,2006,21.35,0.078,9.0,0.26,2,3.816,25.03,20층 940㎡(37.5×25.0m) + 20층 940㎡(37.5×25.0m)
3개동,3개동,20+20+20,20,70.0,108,25,37580,400.0,10943,48523,2055,21.88,0.046,4.3,0.12,3,3.789,14.45,20층 626㎡(43.3×14.4m) + 20층 626㎡(43.3×14.4m) + 20층 626㎡(43.3×14.4m)
단일,1b 층수·세장비,20,20,70.0,109,22,37580,400.0,5489,43069,1968,20.95,0.052,,,1,3.879,35.39,20층 1879㎡(53.1×35.4m)
단일,1b 층수·세장비,20,20,70.0,109,25,37580,400.0,5489,43069,1968,20.95,0.057,,,1,3.873,35.39,20층 1879㎡(53.1×35.4m)
단일,5 미세조정,20,20,70.0,109,21,37580,400.0,5463,43043,1968,20.95,0.11,,,1,3.856,36.31,20층 1879㎡(51.7×36.3m)
단일,5 미세조정,20,20,70.0,109,20,37580,400.0,5534,43114,1969,20.96,0.111,,,1,3.853,34.06,20층 1879㎡(55.2×34.1m)
단일,5 미세조정,20,20,70.0,109,21,37580,400.0,5489,43069,1968,20.95,0.116,,,1,3.853,35.39,20층 1879㎡(53.1×35.4m)
단일,5 미세조정,20,20,70.0,109,20,37580,400.0,5608,43188,1970,20.97,0.12,,,1,3.848,32.31,20층 1879㎡(58.2×32.3m)
2개동,5 미세조정,20+20,20,70.0,109,26,37580,400.0,7931,45511,2007,21.36,0.102,4.9,0.14,2,3.835,24.08,20층 940㎡(39.0×24.1m) + 20층 940㎡(39.0×24.1m)
단일,5 미세조정,20,20,70.0,109,21,37580,400.0,5534,43114,1969,20.96,0.155,,,1,3.835,34.06,20층 1879㎡(55.2×34.1m)
단일,1b 층수·세장비,20,20,70.0,109,17,37580,400.0,5937,43517,1976,21.03,0.074,,,1,3.827,27.42,20층 1879㎡(68.5×27.4m)
단일,5 미세조정,20,20,70.0,109,21,37580,400.0,5608,43188,1970,20.97,0.165,,,1,3.823,32.31,20층 1879㎡(58.2×32.3m)
단일,5 미세조정,20,20,70.0,109,19,37580,400.0,5652,43232,1971,20.98,0.15,,,1,3.822,31.45,20층 1879㎡(59.8×31.4m)
단일,5 미세조정,20,20,70.0,109,19,37580,400.0,5652,43232,1971,20.98,0.157,,,1,3.82,31.45,20층 1879㎡(59.8×31.4m)
2개동,5 미세조정,20+20,20,70.0,109,25,37580,400.0,8126,45706,2010,21.4,0.139,7.0,0.2,2,3.818,21.98,20층 940㎡(42.7×22.0m) + 20층 940㎡(42.7×22.0m)
단일,5 미세조정,20,20,70.0,109,21,37580,400.0,5652,43232,1971,20.98,0.167,,,1,3.816,31.45,20층 1879㎡(59.8×31.4m)
단일,5 미세조정,20,20,70.0,110,22,37580,400.0,5534,43114,1969,20.96,0.048,,,1,3.87,34.06,20층 1879㎡(55.2×34.1m)
단일,5 미세조정,20,20,70.0,110,22,37580,400.0,5534,43114,1969,20.96,0.051,,,1,3.87,34.06,20층 1879㎡(55.2×34.1m)
단일,1b 층수·세장비,20,20,70.0,110,21,37580,400.0,5489,43069,1968,20.95,0.089,,,1,3.867,35.39,20층 1879㎡(53.1×35.4m)
단일,1b 층수·세장비,20,20,70.0,110,21,37580,400.0,5489,43069,1968,20.95,0.109,,,1,3.858,35.39,20층 1879㎡(53.1×35.4m)
단일,1b 층수·세장비,20,20,70.0,110,23,37580,400.0,5697,43277,1972,20.99,0.05,,,1,3.857,30.65,20층 1879㎡(61.3×30.7m)
단일,5 미세조정,20,20,70.0,110,21,37580,400.0,5608,43188,1970,20.97,0.135,,,1,3.817,32.31,20층 1879㎡(58.2×32.3m)
단일,1b 층수·세장비,20,20,70.0,110,17,37580,400.0,6186,43766,1980,21.08,0.089,,,1,3.802,25.03,20층 1879㎡(75.1×25.0m)
3개동,3개동,20+20+20,20,70.0,110,24,37580,400.0,10512,48092,2048,21.8,0.057,6.0,0.17,3,3.779,15.83,20층 626㎡(39.6×15.8m) + 20층 626㎡(39.6×15.8m) + 20층 626㎡(39.6×15.8m)
단일,5 미세조정,20,20,70.0,111,21,37580,400.0,5566,43146,1970,20.97,0.058,,,1,3.867,33.25,20층 1879㎡(56.5×33.2m)
단일,5 미세조정,20,20,70.0,111,21,37580,400.0,5608,43188,1970,20.97,0.05,,,1,3.862,32.31,20층 1879㎡(58.2×32.3m)
단일,1b 층수·세장비,20,20,70.0,111,23,37580,400.0,5697,43277,1972,20.99,0.12,,,1,3.847,30.65,20층 1879㎡(61.3×30.7m)
단일,5 미세조정,20,20,70.0,111,19,37580,400.0,5772,43352,1973,21.0,0.068,,,1,3.847,29.49,20층 1879㎡(63.7×29.5m)
단일,5 미세조정,20,20,70.0,111,23,37580,400.0,5697,43277,1972,20.99,0.124,,,1,3.845,30.65,20층 1879㎡(61.3×30.7m)
단일,5 미세조정,20,20,70.0,111,22,37580,400.0,5489,43069,1968,20.95,0.142,,,1,3.843,35.39,20층 1879㎡(53.1×35.4m)
단일,5 미세조정,20,20,70.0,111,22,37580,400.0,5608,43188,1970,20.97,0.108,,,1,3.843,32.31,20층 1879㎡(58.2×32.3m)
단일,5 미세조정,20,20,70.0,111,24,37580,400.0,5608,43188,1970,20.97,0.083,,,1,3.838,32.31,20층 1879㎡(58.2×32.3m)
2개동,5 미세조정,20+20,20,70.0,111,24,37580,400.0,8036,45616,2009,21.38,0.08,6.5,0.19,2,3.835,22.85,20층 940㎡(41.1×22.8m) + 20층 940㎡(41.1×22.8m)
단일,5 미세조정,20,20,70.0,111,19,37580,400.0,5772,43352,1973,21.0,0.131,,,1,3.822,29.49,20층 1879㎡(63.7×29.5m)
단일,5 미세조정,20,20,70.0,111,21,37580,400.0,5608,43188,1970,20.97,0.139,,,1,3.818,32.31,20층 1879㎡(58.2×32.3m)
단일,5 미세조정,20,20,70.0,111,19,37580,400.0,5697,43277,1972,20.99,0.155,,,1,3.815,30.65,20층 1879㎡(61.3×30.7m)
2개동,5 미세조정,20+20,20,70.0,111,25,37580,400.0,8126,45706,2010,21.4,0.111,7.0,0.2,2,3.813,21.98,20층 940㎡(42.7×22.0m) + 20층 940㎡(42.7×22.0m)
2개동,5 미세조정,20+20,20,70.0,111,24,37580,400.0,8126,45706,2010,21.4,0.074,7.3,0.21,2,3.806,21.98,20층 940㎡(42.7×22.0m) + 20층 940㎡(42.7×22.0m)
단일,5 미세조정,20,20,70.0,111,17,37580,400.0,5888,43468,1975,21.02,0.177,,,1,3.787,27.98,20층 1879㎡(67.2×28.0m)
단일,5 미세조정,20,20,70.0,112,21,37580,400.0,5608,43188,1970,20.97,0.057,,,1,3.862,32.31,20층 1879㎡(58.2×32.3m)
단일,1b 층수·세장비,20,20,70.0,112,21,37580,400.0,5697,43277,1972,20.99,0.096,,,1,3.86,30.65,20층 1879㎡(61.3×30.7m)
단일,1b 층수·세장비,20,20,70.0,112,21,37580,400.0,5697,43277,1972,20.99,0.067,,,1,3.856,30.65,20층 1879㎡(61.3×30.7m)
단일,5 미세조정,20,20,70.0,112,20,37580,400.0,5697,43277,1972,20.99,0.063,,,1,3.856,30.65,20층 1879㎡(61.3×30.7m)
단일,5 미세조정,20,20,70.0,112,21,37580,400.0,5534,43114,1969,20.96,0.117,,,1,3.856,34.06,20층 1879㎡(55.2×34.1m)
2개동,5 미세조정,20+20,20,70.0,112,25,37580,400.0,8036,45616,2009,21.38,0.049,6.4,0.18,2,3.854,22.85,20층 940㎡(41.1×22.8m) + 20층 940㎡(41.1×22.8m)
단일,5 미세조정,20,20,70.0,112,21,37580,400.0,5489,43069,1968,20.95,0.125,,,1,3.85,35.39,20층 1879㎡(53.1×35.4m)
단일,1b 층수·세장비,20,20,70.0,112,20,37580,400.0,5697,43277,1972,20.99,0.086,,,1,3.847,30.65,20층 1879㎡(61.3×30.7m)
단일,5 미세조정,20,20,70.0,112,20,37580,400.0,5534,43114,1969,20.96,0.164,,,1,3.836,34.06,20층 1879㎡(55.2×34.1m)
단일,5 미세조정,20,20,70.0,112,23,37580,400.0,5772,43352,1973,21.0,0.134,,,1,3.836,29.49,20층 1879㎡(63.7×29.5m)
단일,5 미세조정,20,20,70.0,112,19,37580,400.0,5608,43188,1970,20.97,0.17,,,1,3.825,32.31,20층 1879㎡(58.2×32.3m)
단일,5 미세조정,20,20,70.0,112,21,37580,400.0,5566,43146,1970,20.97,0.183,,,1,3.821,33.25,20층 1879㎡(56.5×33.2m)
단일,5 미세조정,20,20,70.0,112,19,37580,400.0,5608,43188,1970,20.97,0.196,,,1,3.817,32.31,20층 1879㎡(58.2×32.3m)
단일,1b 층수·세장비,20,20,70.0,112,17,37580,400.0,6186,43766,1980,21.08,0.065,,,1,3.811,25.03,20층 1879㎡(75.1×25.0m)
2개동,5 미세조정,20+20,20,70.0,112,25,37580,400.0,8126,45706,2010,21.4,0.067,7.0,0.2,2,3.81,21.98,20층 940㎡(42.7×22.0m) + 20층 940㎡(42.7×22.0m)
단일,5 미세조정,20,20,70.0,112,19,37580,400.0,5772,43352,1973,21.0,0.19,,,1,3.801,29.49,20층 1879㎡(63.7×29.5m)
단일,1b 층수·세장비,20,20,70.0,112,21,37580,400.0,5697,43277,1972,20.99,0.129,,,1,3.794,30.65,20층 1879㎡(61.3×30.7m)
단일,1b 층수·세장비,20,20,70.0,112,17,37580,400.0,6186,43766,1980,21.08,0.104,,,1,3.792,25.03,20층 1879㎡(75.1×25.0m)
단일,1b 층수·세장비,20,20,70.0,112,17,37580,400.0,5937,43517,1976,21.03,0.155,,,1,3.787,27.42,20층 1879㎡(68.5×27.4m)
2개동,2개동,20+20,20,70.0,112,24,37580,400.0,8502,46082,2017,21.47,0.093,9.0,0.26,2,3.781,19.39,20층 940㎡(48.5×19.4m) + 20층 940㎡(48.5×19.4m)
단일,1b 층수·세장비,20,20,70.0,112,19,37580,400.0,5697,43277,1972,20.99,0.078,,,1,3.779,30.65,20층 1879㎡(61.3×30.7m)
단일,1b 층수·세장비,20,20,70.0,113,24,37580,400.0,5489,43069,1968,20.95,0.052,,,1,3.881,35.39,20층 1879㎡(53.1×35.4m)
2개동,5 미세조정,20+20,20,70.0,113,26,37580,400.0,7931,45511,2007,21.36,0.121,4.9,0.14,2,3.871,24.08,20층 940㎡(39.0×24.1m) + 20층 940㎡(39.0×24.1m)
2개동,5 미세조정,20+20,20,70.0,113,24,37580,400.0,8036,45616,2009,21.38,0.065,6.2,0.18,2,3.862,22.85,20층 940㎡(41.1×22.8m) + 20층 940㎡(41.1×22.8m)
단일,1b 층수·세장비,20,20,70.0,113,22,37580,400.0,5489,43069,1968,20.95,0.123,,,1,3.858,35.39,20층 1879㎡(53.1×35.4m)
단일,5 미세조정,20,20,70.0,113,21,37580,400.0,5608,43188,1970,20.97,0.089,,,1,3.85,32.31,20층 1879㎡(58.2×32.3m)
2개동,5 미세조정,20+20,20,70.0,113,24,37580,400.0,7931,45511,2007,21.36,0.058,4.9,0.14,2,3.843,24.08,20층 940㎡(39.0×24.1m) + 20층 940㎡(39.0×24.1m)
단일,5 미세조정,20,20,70.0,113,22,37580,400.0,5652,43232,1971,20.98,0.146,,,1,3.837,31.45,20층 1879㎡(59.8×31.4m)
단일,5 미세조정,20,20,70.0,113,21,37580,400.0,5534,43114,1969,20.96,0.162,,,1,3.835,34.06,20층 1879㎡(55.2×34.1m)
2개동,5 미세조정,20+20,20,70.0,113,25,37580,400.0,8036,45616,2009,21.38,0.117,6.2,0.18,2,3.835,22.85,20층 940㎡(41.1×22.8m) + 20층 940㎡(41.1×22.8m)
단일,5 미세조정,20,20,70.0,113,19,37580,400.0,5566,43146,1970,20.97,0.161,,,1,3.832,33.25,20층 1879㎡(56.5×33.2m)
단일,1b 층수·세장비,20,20,70.0,113,24,37580,400.0,5489,43069,1968,20.95,0.156,,,1,3.825,35.39,20층 1879㎡(53.1×35.4m)
단일,5 미세조정,20,20,70.0,113,19,37580,400.0,5608,43188,1970,20.97,0.174,,,1,3.823,32.31,20층 1879㎡(58.2×32.3m)
단일,1b 층수·세장비,20,20,70.0,113,17,37580,400.0,5937,43517,1976,21.03,0.088,,,1,3.814,27.42,20층 1879㎡(68.5×27.4m)
단일,5 미세조정,20,20,70.0,113,17,37580,400.0,5888,43468,1975,21.02,0.123,,,1,3.809,27.98,20층 1879㎡(67.2×28.0m)
3개동,3개동,20+20+20,20,70.0,113,24,37580,400.0,11802,49382,2070,22.03,0.057,6.0,0.17,3,3.745,12.51,20층 626㎡(50.1×12.5m) + 20층 626㎡(50.1×12.5m) + 20층 626㎡(50.1×12.5m)
단일,1b 층수·세장비,20,20,70.0,114,24,37580,400.0,5489,43069,1968,20.95,0.069,,,1,3.889,35.39,20층 1879㎡(53.1×35.4m)
2개동,5 미세조정,20+20,20,70.0,114,24,37580,400.0,7931,45511,2007,21.36,0.114,4.9,0.14,2,3.857,24.08,20층 940㎡(39.0×24.1m) + 20층 940㎡(39.0×24.1m)
2개동,5 미세조정,20+20,20,70.0,114,24,37580,400.0,7931,45511,2007,21.36,0.094,5.2,0.15,2,3.856,24.08,20층 940㎡(39.0×24.1m) + 20층 940㎡(39.0×24.1m)
단일,5 미세조정,20,20,70.0,114,21,37580,400.0,5566,43146,1970,20.97,0.138,,,1,3.846,33.25,20층 1879㎡(56.5×33.2m)
단일,1b 층수·세장비,20,20,70.0,114,24,37580,400.0,5489,43069,1968,20.95,0.088,,,1,3.845,35.39,20층 1879㎡(53.1×35.4m)
단일,5 미세조정,20,20,70.0,114,20,37580,400.0,5888,43468,1975,21.02,0.073,,,1,3.843,27.98,20층 1879㎡(67.2×28.0m)
단일,1b 층수·세장비,20,20,70.0,114,18,37580,400.0,5937,43517,1976,21.03,0.064,,,1,3.841,27.42,20층 1879㎡(68.5×27.4m)
단일,1b 층수·세장비,20,20,70.0,114,24,37580,400.0,5489,43069,1968,20.95,0.045,,,1,3.831,35.39,20층 1879㎡(53.1×35.4m)
단일,1b 층수·세장비,20,20,70.0,114,18,37580,400.0,5937,43517,1976,21.03,0.051,,,1,3.825,27.42,20층 1879㎡(68.5×27.4m)
단일,1b 층수·세장비,20,20,70.0,114,20,37580,400.0,5697,43277,1972,20.99,0.061,,,1,3.81,30.65,20층 1879㎡(61.3×30.7m)
단일,1b 층수·세장비,20,20,70.0,114,21,37580,400.0,5697,43277,1972,20.99,0.185,,,1,3.806,30.65,20층 1879㎡(61.3×30.7m)
단일,5 미세조정,20,20,70.0,114,19,37580,400.0,5608,43188,1970,20.97,0.217,,,1,3.806,32.31,20층 1879㎡(58.2×32.3m)
2개동,5 미세조정,20+20,20,70.0,114,25,37580,400.0,8126,45706,2010,21.4,0.067,7.3,0.21,2,3.803,21.98,20층 940㎡(42.7×22.0m) + 20층 940㎡(42.7×22.0m)
단일,5 미세조정,20,20,70.0,114,17,37580,400.0,5888,43468,1975,21.02,0.157,,,1,3.791,27.98,20층 1879㎡(67.2×28.0m)
단일,1b 층수·세장비,20,20,70.0,114,17,37580,400.0,6186,43766,1980,21.08,0.057,,,1,3.763,25.03,20층 1879㎡(75.1×25.0m)
단일,1b 층수·세장비,20,20,70.0,114,17,37580,400.0,5937,43517,1976,21.03,0.091,,,1,3.759,27.42,20층 1879㎡(68.5×27.4m)
단일,5 미세조정,20,20,70.0,115,21,37580,400.0,5888,43468,1975,21.02,0.072,,,1,3.848,27.98,20층 1879㎡(67.2×28.0m)
단일,1b 층수·세장비,20,20,70.0,115,18,37580,400.0,5937,43517,1976,21.03,0.059,,,1,3.847,27.42,20층 1879㎡(68.5×27.4m)
단일,1b 층수·세장비,20,20,70.0,115,24,37580,400.0,5489,43069,1968,20.95,0.073,,,1,3.843,35.39,20층 1879㎡(53.1×35.4m)
단일,1b 층수·세장비,20,20,70.0,115,19,37580,400.0,5937,43517,1976,21.03,0.073,,,1,3.838,27.42,20층 1879㎡(68.5×27.4m)
2개동,5 미세조정,20+20,20,70.0,115,24,37580,400.0,8126,45706,2010,21.4,0.057,7.3,0.21,2,3.83,21.98,20층 940㎡(42.7×22.0m) + 20층 940㎡(42.7×22.0m)
2개동,5 미세조정,20+20,20,70.0,115,25,37580,400.0,8036,45616,2009,21.38,0.089,6.2,0.18,2,3.826,22.85,20층 940㎡(41.1×22.8m) + 20층 940㎡(41.1×22.8m)
단일,5 미세조정,20,20,70.0,115,21,37580,400.0,5652,43232,1971,20.98,0.172,,,1,3.824,31.45,20층 1879㎡(59.8×31.4m)
단일,1b 층수·세장비,20,20,70.0,115,23,37580,400.0,5697,43277,1972,20.99,0.079,,,1,3.818,30.65,20층 1879㎡(61.3×30.7m)
단일,1b 층수·세장비,20,20,70.0,115,20,37580,400.0,5697,43277,1972,20.99,0.166,,,1,3.8,30.65,20층 1879㎡(61.3×30.7m)
2개동,5 미세조정,20+20,20,70.0,116,26,37580,400.0,8036,45616,2009,21.38,0.109,6.2,0.18,2,3.866,22.85,20층 940㎡(41.1×22.8m) + 20층 940㎡(41.1×22.8m)
단일,1b 층수·세장비,20,20,70.0,116,21,37580,400.0,5697,43277,1972,20.99,0.052,,,1,3.864,30.65,20층 1879㎡(61.3×30.7m)
2개동,5 미세조정,20+20,20,70.0,116,23,37580,400.0,8036,45616,2009,21.38,0.066,6.4,0.18,2,3.86,22.85,20층 940㎡(41.1×22.8m) + 20층 940㎡(41.1×22.8m)
단일,5 미세조정,20,20,70.0,116,20,37580,400.0,5697,43277,1972,20.99,0.092,,,1,3.847,30.65,20층 1879㎡(61.3×30.7m)
2개동,5 미세조정,20+20,20,70.0,116,25,37580,400.0,8036,45616,2009,21.38,0.052,6.2,0.18,2,3.845,22.85,20층 940㎡(41.1×22.8m) + 20층 940㎡(41.1×22.8m)
2개동,2개동,20+20,20,70.0,116,24,37580,400.0,7868,45448,2006,21.35,0.088,4.3,0.12,2,3.842,25.03,20층 940㎡(37.5×25.0m) + 20층 940㎡(37.5×25.0m)
단일,5 미세조정,20,20,70.0,116,19,37580,400.0,5697,43277,1972,20.99,0.098,,,1,3.842,30.65,20층 1879㎡(61.3×30.7m)
단일,5 미세조정,20,20,70.0,116,22,37580,400.0,5888,43468,1975,21.02,0.103,,,1,3.84,27.98,20층 1879㎡(67.2×28.0m)
단일,1b 층수·세장비,20,20,70.0,116,18,37580,400.0,5937,43517,1976,21.03,0.084,,,1,3.831,27.42,20층 1879㎡(68.5×27.4m)
단일,5 미세조정,20,20,70.0,116,21,37580,400.0,5697,43277,1972,20.99,0.116,,,1,3.828,30.65,20층 1879㎡(61.3×30.7m)
단일,1b 층수·세장비,20,20,70.0,116,17,37580,400.0,5937,43517,1976,21.03,0.105,,,1,3.819,27.42,20층 1879㎡(68.5×27.4m)
단일,5 미세조정,20,20,70.0,116,20,37580,400.0,5772,43352,1973,21.0,0.154,,,1,3.818,29.49,20층 1879㎡(63.7×29.5m)
단일,5 미세조정,20,20,70.0,116,18,37580,400.0,5888,43468,1975,21.02,0.143,,,1,3.8,27.98,20층 1879㎡(67.2×28.0m)
단일,1b 층수·세장비,20,20,70.0,116,17,37580,400.0,6186,43766,1980,21.08,0.08,,,1,3.779,25.03,20층 1879㎡(75.1×25.0m)
2개동,2개동,20+20,20,70.0,117,31,37580,400.0,8163,45743,2011,21.41,0.099,4.3,0.12,2,3.897,21.67,20층 940㎡(43.3×21.7m) + 20층 940㎡(43.3×21.7m)
단일,1b 층수·세장비,20,20,70.0,117,21,37580,400.0,5697,43277,1972,20.99,0.068,,,1,3.856,30.65,20층 1879㎡(61.3×30.7m)
단일,1b 층수·세장비,20,20,70.0,117,21,37580,400.0,5697,43277,1972,20.99,0.084,,,1,3.852,30.65,20층 1879㎡(61.3×30.7m)
단일,1b 층수·세장비,20,20,70.0,117,23,37580,400.0,5697,43277,1972,20.99,0.138,,,1,3.845,30.65,20층 1879㎡(61.3×30.7m)
단일,1b 층수·세장비,20,20,70.0,117,21,37580,400.0,5697,43277,1972,20.99,0.105,,,1,3.84,30.65,20층 1879㎡(61.3×30.7m)
단일,1b 층수·세장비,20,20,70.0,117,21,37580,400.0,5697,43277,1972,20.99,0.118,,,1,3.831,30.65,20층 1879㎡(61.3×30.7m)
2개동,5 미세조정,20+20,20,70.0,117,24,37580,400.0,8126,45706,2010,21.4,0.106,7.3,0.21,2,3.829,21.98,20층 940㎡(42.7×22.0m) + 20층 940㎡(42.7×22.0m)
단일,1b 층수·세장비,20,20,70.0,117,17,37580,400.0,5937,43517,1976,21.03,0.126,,,1,3.811,27.42,20층 1879㎡(68.5×27.4m)
2개동,2개동,20+20,20,70.0,118,24,37580,400.0,7868,45448,2006,21.35,0.103,6.0,0.17,2,3.861,25.03,20층 940㎡(37.5×25.0m) + 20층 940㎡(37.5×25.0m)
2개동,2개동,20+20,20,70.0,118,26,37580,400.0,8163,45743,2011,21.41,0.123,4.3,0.12,2,3.849,21.67,20층 940㎡(43.3×21.7m) + 20층 940㎡(43.3×21.7m)
2개동,2개동,20+20,20,70.0,118,24,37580,400.0,8163,45743,2011,21.41,0.16,4.3,0.12,2,3.825,21.67,20층 940㎡(43.3×21.7m) + 20층 940㎡(43.3×21.7m)
단일,5 미세조정,20,20,70.0,118,18,37580,400.0,5888,43468,1975,21.02,0.117,,,1,3.816,27.98,20층 1879㎡(67.2×28.0m)
2개동,2개동,20+20,20,70.0,118,23,37580,400.0,8163,45743,2011,21.41,0.127,9.0,0.26,2,3.808,21.67,20층 940㎡(43.3×21.7m) + 20층 940㎡(43.3×21.7m)
단일,5 미세조정,20,20,70.0,118,19,37580,400.0,5772,43352,1973,21.0,0.152,,,1,3.808,29.49,20층 1879㎡(63.7×29.5m)
단일,1b 층수·세장비,20,20,70.0,118,19,37580,400.0,5937,43517,1976,21.03,0.14,,,1,3.798,27.42,20층 1879㎡(68.5×27.4m)
2개동,2개동,20+20,20,70.0,119,28,37580,400.0,7868,45448,2006,21.35,0.103,6.0,0.17,2,3.885,25.03,20층 940㎡(37.5×25.0m) + 20층 940㎡(37.5×25.0m)
단일,1b 층수·세장비,20,20,70.0,119,21,37580,400.0,5697,43277,1972,20.99,0.101,,,1,3.849,30.65,20층 1879㎡(61.3×30.7m)
단일,1b 층수·세장비,20,20,70.0,119,19,37580,400.0,5697,43277,1972,20.99,0.154,,,1,3.822,30.65,20층 1879㎡(61.3×30.7m)
3개동,3개동,20+20+20,20,70.0,120,29,37580,400.0,10512,48092,2048,21.8,0.082,4.3,0.12,3,3.888,15.83,20층 626㎡(39.6×15.8m) + 20층 626㎡(39.6×15.8m) + 20층 626㎡(39.6×15.8m)
단일,1b 층수·세장비,20,20,70.0,120,21,37580,400.0,5937,43517,1976,21.03,0.066,,,1,3.878,27.42,20층 1879㎡(68.5×27.4m)
단일,1b 층수·세장비,20,20,70.0,120,24,37580,400.0,5489,43069,1968,20.95,0.137,,,1,3.853,35.39,20층 1879㎡(53.1×35.4m)
2개동,5 미세조정,20+20,20,70.0,120,24,37580,400.0,8036,45616,2009,21.38,0.08,6.4,0.18,2,3.844,22.85,20층 940㎡(41.1×22.8m) + 20층 940㎡(41.1×22.8m)
단일,1b 층수·세장비,20,20,70.0,120,22,37580,400.0,6186,43766,1980,21.08,0.057,,,1,3.834,25.03,20층 1879㎡(75.1×25.0m)
단일,1b 층수·세장비,20,20,70.0,120,20,37580,400.0,5697,43277,1972,20.99,0.135,,,1,3.831,30.65,20층 1879㎡(61.3×30.7m)
2개동,5 미세조정,20+20,20,70.0,120,24,37580,400.0,8036,45616,2009,21.38,0.067,6.2,0.18,2,3.831,22.85,20층 940㎡(41.1×22.8m) + 20층 940㎡(41.1×22.8m)
단일,5 미세조정,20,20,70.0,120,20,37580,400.0,5772,43352,1973,21.0,0.125,,,1,3.826,29.49,20층 1879㎡(63.7×29.5m)
단일,5 미세조정,20,20,70.0,120,18,37580,400.0,5888,43468,1975,21.02,0.145,,,1,3.803,27.98,20층 1879㎡(67.2×28.0m)
2개동,2개동,20+20,20,70.0,120,24,37580,400.0,8163,45743,2011,21.41,0.101,13.0,0.37,2,3.788,21.67,20층 940㎡(43.3×21.7m) + 20층 940㎡(43.3×21.7m)
단일,1b 층수·세장비,20,20,70.0,121,23,37580,400.0,5697,43277,1972,20.99,0.086,,,1,3.881,30.65,20층 1879㎡(61.3×30.7m)
단일,1b 층수·세장비,20,20,70.0,121,25,37580,400.0,5489,43069,1968,20.95,0.162,,,1,3.848,35.39,20층 1879㎡(53.1×35.4m)
단일,1b 층수·세장비,20,20,70.0,121,22,37580,400.0,5937,43517,1976,21.03,0.075,,,1,3.846,27.42,20층 1879㎡(68.5×27.4m)
단일,1b 층수·세장비,20,20,70.0,121,24,37580,400.0,5489,43069,1968,20.95,0.177,,,1,3.845,35.39,20층 1879㎡(53.1×35.4m)
2개동,2개동,20+20,20,70.0,121,24,37580,400.0,8163,45743,2011,21.41,0.161,4.3,0.12,2,3.844,21.67,20층 940㎡(43.3×21.7m) + 20층 940㎡(43.3×21.7m)
2개동,2개동,20+20,20,70.0,121,24,37580,400.0,8163,45743,2011,21.41,0.089,9.0,0.26,2,3.834,21.67,20층 940㎡(43.3×21.7m) + 20층 940㎡(43.3×21.7m)
단일,1b 층수·세장비,20,20,70.0,121,23,37580,400.0,6186,43766,1980,21.08,0.078,,,1,3.828,25.03,20층 1879㎡(75.1×25.0m)
단일,5 미세조정,20,20,70.0,121,20,37580,400.0,5888,43468,1975,21.02,0.14,,,1,3.809,27.98,20층 1879㎡(67.2×28.0m)
단일,1b 층수·세장비,20,20,70.0,121,24,37580,400.0,5697,43277,1972,20.99,0.114,,,1,3.804,30.65,20층 1879㎡(61.3×30.7m)
단일,1b 층수·세장비,20,20,70.0,121,23,37580,400.0,5697,43277,1972,20.99,0.079,,,1,3.796,30.65,20층 1879㎡(61.3×30.7m)
단일,1b 층수·세장비,20,20,70.0,121,18,37580,400.0,5937,43517,1976,21.03,0.118,,,1,3.79,27.42,20층 1879㎡(68.5×27.4m)
3개동,3개동,20+20+20,20,70.0,121,24,37580,400.0,10512,48092,2048,21.8,0.046,4.3,0.12,3,3.784,15.83,20층 626㎡(39.6×15.8m) + 20층 626㎡(39.6×15.8m) + 20층 626㎡(39.6×15.8m)
3개동,3개동,20+20+20,20,70.0,121,23,37580,400.0,11802,49382,2070,22.03,0.069,6.0,0.17,3,3.755,12.51,20층 626㎡(50.1×12.5m) + 20층 626㎡(50.1×12.5m) + 20층 626㎡(50.1×12.5m)
단일,1b 층수·세장비,20,20,70.0,122,25,37580,400.0,5489,43069,1968,20.95,0.05,,,1,3.884,35.39,20층 1879㎡(53.1×35.4m)
단일,1b 층수·세장비,20,20,70.0,122,25,37580,400.0,5489,43069,1968,20.95,0.064,,,1,3.878,35.39,20층 1879㎡(53.1×35.4m)
단일,1b 층수·세장비,20,20,70.0,122,25,37580,400.0,5489,43069,1968,20.95,0.079,,,1,3.874,35.39,20층 1879㎡(53.1×35.4m)
단일,1b 층수·세장비,20,20,70.0,122,25,37580,400.0,5489,43069,1968,20.95,0.11,,,1,3.862,35.39,20층 1879㎡(53.1×35.4m)
단일,1b 층수·세장비,20,20,70.0,122,24,37580,400.0,5489,43069,1968,20.95,0.12,,,1,3.848,35.39,20층 1879㎡(53.1×35.4m)
단일,1b 층수·세장비,20,20,70.0,122,22,37580,400.0,5937,43517,1976,21.03,0.096,,,1,3.845,27.42,20층 1879㎡(68.5×27.4m)
단일,1b 층수·세장비,20,20,70.0,122,16,37580,400.0,6186,43766,1980,21.08,0.051,,,1,3.834,25.03,20층 1879㎡(75.1×25.0m)
단일,1b 층수·세장비,20,20,70.0,122,25,37580,400.0,5489,43069,1968,20.95,0.204,,,1,3.834,35.39,20층 1879㎡(53.1×35.4m)
2개동,2개동,20+20,20,70.0,122,23,37580,400.0,9555,47135,2034,21.65,0.572,6.0,0.17,2,3.833,15.33,20층 940㎡(61.3×15.3m) + 20층 940㎡(61.3×15.3m)
단일,1b 층수·세장비,20,20,70.0,122,25,37580,400.0,5697,43277,1972,20.99,0.172,,,1,3.83,30.65,20층 1879㎡(61.3×30.7m)
단일,1b 층수·세장비,20,20,70.0,122,25,37580,400.0,5489,43069,1968,20.95,0.188,,,1,3.83,35.39,20층 1879㎡(53.1×35.4m)
3개동,3개동,20+20+20,20,70.0,122,23,37580,400.0,10512,48092,2048,21.8,0.079,4.3,0.12,3,3.83,15.83,20층 626㎡(39.6×15.8m) + 20층 626㎡(39.6×15.8m) + 20층 626㎡(39.6×15.8m)
3개동,3개동,20+20+20,20,70.0,122,23,37580,400.0,10512,48092,2048,21.8,0.082,4.3,0.12,3,3.827,15.83,20층 626㎡(39.6×15.8m) + 20층 626㎡(39.6×15.8m) + 20층 626㎡(39.6×15.8m)
단일,1b 층수·세장비,20,20,70.0,122,15,37580,400.0,6186,43766,1980,21.08,0.074,,,1,3.823,25.03,20층 1879㎡(75.1×25.0m)
단일,1b 층수·세장비,20,20,70.0,122,22,37580,400.0,6186,43766,1980,21.08,0.099,,,1,3.818,25.03,20층 1879㎡(75.1×25.0m)
3개동,3개동,20+20+20,20,70.0,122,23,37580,400.0,10512,48092,2048,21.8,0.057,6.0,0.17,3,3.815,15.83,20층 626㎡(39.6×15.8m) + 20층 626㎡(39.6×15.8m) + 20층 626㎡(39.6×15.8m)
단일,1b 층수·세장비,20,20,70.0,122,23,37580,400.0,5697,43277,1972,20.99,0.063,,,1,3.789,30.65,20층 1879㎡(61.3×30.7m)
단일,1b 층수·세장비,20,20,70.0,122,23,37580,400.0,5697,43277,1972,20.99,0.046,,,1,3.785,30.65,20층 1879㎡(61.3×30.7m)
단일,1b 층수·세장비,20,20,70.0,122,17,37580,400.0,5937,43517,1976,21.03,0.097,,,1,3.783,27.42,20층 1879㎡(68.5×27.4m)
단일,1b 층수·세장비,20,20,70.0,122,17,37580,400.0,5937,43517,1976,21.03,0.076,,,1,3.776,27.42,20층 1879㎡(68.5×27.4m)
단일,1b 층수·세장비,20,20,70.0,122,17,37580,400.0,5937,43517,1976,21.03,0.056,,,1,3.768,27.42,20층 1879㎡(68.5×27.4m)
단일,1b 층수·세장비,20,20,70.0,122,17,37580,400.0,5937,43517,1976,21.03,0.186,,,1,3.762,27.42,20층 1879㎡(68.5×27.4m)
단일,1b 층수·세장비,20,20,70.0,122,17,37580,400.0,6186,43766,1980,21.08,0.172,,,1,3.752,25.03,20층 1879㎡(75.1×25.0m)
단일,1b 층수·세장비,20,20,70.0,122,16,37580,400.0,5937,43517,1976,21.03,0.087,,,1,3.732,27.42,20층 1879㎡(68.5×27.4m)
단일,1b 층수·세장비,20,20,70.0,123,22,37580,400.0,5489,43069,1968,20.95,0.1,,,1,3.872,35.39,20층 1879㎡(53.1×35.4m)
3개동,3개동,20+20+20,20,70.0,123,26,37580,400.0,10512,48092,2048,21.8,0.079,4.3,0.12,3,3.856,15.83,20층 626㎡(39.6×15.8m) + 20층 626㎡(39.6×15.8m) + 20층 626㎡(39.6×15.8m)
단일,1b 층수·세장비,20,20,70.0,123,24,37580,400.0,5697,43277,1972,20.99,0.151,,,1,3.815,30.65,20층 1879㎡(61.3×30.7m)
단일,5 미세조정,20,20,70.0,123,22,37580,400.0,5888,43468,1975,21.02,0.167,,,1,3.811,27.98,20층 1879㎡(67.2×28.0m)
단일,1b 층수·세장비,20,20,70.0,123,24,37580,400.0,5697,43277,1972,20.99,0.132,,,1,3.808,30.65,20층 1879㎡(61.3×30.7m)
단일,1b 층수·세장비,20,20,70.0,123,21,37580,400.0,6186,43766,1980,21.08,0.12,,,1,3.804,25.03,20층 1879㎡(75.1×25.0m)
2개동,2개동,20+20,20,70.0,123,24,37580,400.0,8502,46082,2017,21.47,0.158,9.0,0.26,2,3.777,19.39,20층 940㎡(48.5×19.4m) + 20층 940㎡(48.5×19.4m)
단일,1b 층수·세장비,20,20,70.0,123,18,37580,400.0,5937,43517,1976,21.03,0.208,,,1,3.773,27.42,20층 1879㎡(68.5×27.4m)
단일,1b 층수·세장비,20,20,70.0,124,25,37580,400.0,5489,43069,1968,20.95,0.094,,,1,3.87,35.39,20층 1879㎡(53.1×35.4m)
단일,1b 층수·세장비,20,20,70.0,124,23,37580,400.0,5937,43517,1976,21.03,0.094,,,1,3.834,27.42,20층 1879㎡(68.5×27.4m)
단일,1b 층수·세장비,20,20,70.0,124,17,37580,400.0,6186,43766,1980,21.08,0.089,,,1,3.813,25.03,20층 1879㎡(75.1×25.0m)
3개동,3개동,20+20+20,20,70.0,124,23,37580,400.0,10512,48092,2048,21.8,0.053,4.3,0.12,3,3.799,15.83,20층 626㎡(39.6×15.8m) + 20층 626㎡(39.6×15.8m) + 20층 626㎡(39.6×15.8m)
3개동,3개동,20+20+20,20,70.0,124,23,37580,400.0,10943,48523,2055,21.88,0.108,4.3,0.12,3,3.792,14.45,20층 626㎡(43.3×14.4m) + 20층 626㎡(43.3×14.4m) + 20층 626㎡(43.3×14.4m)
3개동,3개동,20+20+20,20,70.0,124,17,37580,400.0,10943,48523,2055,21.88,0.245,6.0,0.17,3,3.758,14.45,20층 626㎡(43.3×14.4m) + 20층 626㎡(43.3×14.4m) + 20층 626㎡(43.3×14.4m)
단일,1b 층수·세장비,20,20,70.0,124,16,37580,400.0,5937,43517,1976,21.03,0.145,,,1,3.749,27.42,20층 1879㎡(68.5×27.4m)
단일,1b 층수·세장비,20,20,70.0,125,23,37580,400.0,5489,43069,1968,20.95,0.117,,,1,3.871,35.39,20층 1879㎡(53.1×35.4m)
단일,1b 층수·세장비,20,20,70.0,125,24,37580,400.0,5697,43277,1972,20.99,0.064,,,1,3.837,30.65,20층 1879㎡(61.3×30.7m)
단일,1b 층수·세장비,20,20,70.0,125,18,37580,400.0,6186,43766,1980,21.08,0.163,,,1,3.778,25.03,20층 1879㎡(75.1×25.0m)
4개동,4개동,20+20+20+20,20,70.0,125,23,37580,400.0,13724,51304,2100,22.35,0.056,4.3,0.12,4,3.76,10.84,20층 470㎡(43.3×10.8m) + 20층 470㎡(43.3×10.8m) + 20층 470㎡(43.3×10.8m) + 20층 470㎡(43.3×10.8m)
단일,1b 층수·세장비,20,20,70.0,125,15,37580,400.0,6186,43766,1980,21.08,0.087,,,1,3.746,25.03,20층 1879㎡(75.1×25.0m)
2개동,2개동,20+20,20,70.0,126,32,37580,400.0,8854,46434,2023,21.53,0.379,4.3,0.12,2,3.885,17.7,20층 940㎡(53.1×17.7m) + 20층 940㎡(53.1×17.7m)
단일,1b 층수·세장비,20,20,70.0,126,24,37580,400.0,5489,43069,1968,20.95,0.141,,,1,3.866,35.39,20층 1879㎡(53.1×35.4m)
단일,1b 층수·세장비,20,20,70.0,126,15,37580,400.0,6186,43766,1980,21.08,0.157,,,1,3.772,25.03,20층 1879㎡(75.1×25.0m)
4개동,4개동,20+20+20+20,20,70.0,126,23,37580,400.0,13724,51304,2100,22.35,0.059,4.3,0.12,4,3.76,10.84,20층 470㎡(43.3×10.8m) + 20층 470㎡(43.3×10.8m) + 20층 470㎡(43.3×10.8m) + 20층 470㎡(43.3×10.8m)
단일,1b 층수·세장비,20,20,70.0,127,24,37580,400.0,5697,43277,1972,20.99,0.114,,,1,3.873,30.65,20층 1879㎡(61.3×30.7m)
단일,1b 층수·세장비,20,20,70.0,127,23,37580,400.0,5937,43517,1976,21.03,0.063,,,1,3.866,27.42,20층 1879㎡(68.5×27.4m)
3개동,3개동,20+20+20,20,70.0,127,28,37580,400.0,13414,50994,2097,22.32,0.36,4.3,0.12,3,3.842,10.22,20층 626㎡(61.3×10.2m) + 20층 626㎡(61.3×10.2m) + 20층 626㎡(61.3×10.2m)
3개동,3개동,20+20+20,20,70.0,127,28,37580,400.0,14161,51741,2109,22.45,0.377,4.3,0.12,3,3.84,9.46,20층 626㎡(66.2×9.5m) + 20층 626㎡(66.2×9.5m) + 20층 626㎡(66.2×9.5m)
4개동,4개동,20+20+20+20,20,70.0,127,28,37580,400.0,13724,51304,2100,22.35,0.055,4.3,0.12,4,3.84,10.84,20층 470㎡(43.3×10.8m) + 20층 470㎡(43.3×10.8m) + 20층 470㎡(43.3×10.8m) + 20층 470㎡(43.3×10.8m)
4개동,4개동,20+20+20+20,20,70.0,127,28,37580,400.0,13724,51304,2100,22.35,0.059,4.3,0.12,4,3.84,10.84,20층 470㎡(43.3×10.8m) + 20층 470㎡(43.3×10.8m) + 20층 470㎡(43.3×10.8m) + 20층 470㎡(43.3×10.8m)
단일,1b 층수·세장비,20,20,70.0,127,17,37580,400.0,6186,43766,1980,21.08,0.065,,,1,3.797,25.03,20층 1879㎡(75.1×25.0m)
2개동,2개동,20+20,20,70.0,127,23,37580,400.0,8502,46082,2017,21.47,0.321,9.0,0.26,2,3.777,19.39,20층 940㎡(48.5×19.4m) + 20층 940㎡(48.5×19.4m)
단일,1b 층수·세장비,20,20,70.0,127,15,37580,400.0,6682,44262,1988,21.16,0.06,,,1,3.775,21.67,20층 1879㎡(86.7×21.7m)
3개동,3개동,20+20+20,20,70.0,127,24,37580,400.0,10943,48523,2055,21.88,0.073,4.3,0.12,3,3.775,14.45,20층 626㎡(43.3×14.4m) + 20층 626㎡(43.3×14.4m) + 20층 626㎡(43.3×14.4m)
단일,1b 층수·세장비,20,20,70.0,128,25,37580,400.0,5489,43069,1968,20.95,0.073,,,1,3.876,35.39,20층 1879㎡(53.1×35.4m)
단일,1b 층수·세장비,20,20,70.0,128,26,37580,400.0,5489,43069,1968,20.95,0.107,,,1,3.869,35.39,20층 1879㎡(53.1×35.4m)
단일,1b 층수·세장비,20,20,70.0,128,27,37580,400.0,5489,43069,1968,20.95,0.12,,,1,3.867,35.39,20층 1879㎡(53.1×35.4m)
단일,1b 층수·세장비,20,20,70.0,128,27,37580,400.0,5489,43069,1968,20.95,0.133,,,1,3.858,35.39,20층 1879㎡(53.1×35.4m)
2개동,2개동,20+20,20,70.0,128,25,37580,400.0,8502,46082,2017,21.47,0.162,4.3,0.12,2,3.805,19.39,20층 940㎡(48.5×19.4m) + 20층 940㎡(48.5×19.4m)
단일,1b 층수·세장비,20,20,70.0,128,19,37580,400.0,5937,43517,1976,21.03,0.152,,,1,3.804,27.42,20층 1879㎡(68.5×27.4m)
2개동,2개동,20+20,20,70.0,128,23,37580,400.0,8502,46082,2017,21.47,0.134,13.0,0.37,2,3.765,19.39,20층 940㎡(48.5×19.4m) + 20층 940㎡(48.5×19.4m)
3개동,3개동,20+20+20,20,70.0,128,23,37580,400.0,10943,48523,2055,21.88,0.044,9.0,0.26,3,3.754,14.45,20층 626㎡(43.3×14.4m) + 20층 626㎡(43.3×14.4m) + 20층 626㎡(43.3×14.4m)
3개동,3개동,20+20+20,20,70.0,128,23,37580,400.0,11802,49382,2070,22.03,0.153,4.3,0.12,3,3.752,12.51,20층 626㎡(50.1×12.5m) + 20층 626㎡(50.1×12.5m) + 20층 626㎡(50.1×12.5m)
3개동,3개동,20+20+20,20,70.0,128,23,37580,400.0,11802,49382,2070,22.03,0.128,6.0,0.17,3,3.736,12.51,20층 626㎡(50.1×12.5m) + 20층 626㎡(50.1×12.5m) + 20층 626㎡(50.1×12.5m)
단일,1b 층수·세장비,20,20,70.0,129,24,37580,400.0,5697,43277,1972,20.99,0.071,,,1,3.867,30.65,20층 1879㎡(61.3×30.7m)
단일,1b 층수·세장비,20,20,70.0,129,24,37580,400.0,5697,43277,1972,20.99,0.103,,,1,3.852,30.65,20층 1879㎡(61.3×30.7m)
단일,1b 층수·세장비,20,20,70.0,129,24,37580,400.0,5697,43277,1972,20.99,0.158,,,1,3.828,30.65,20층 1879㎡(61.3×30.7m)
단일,1b 층수·세장비,20,20,70.0,129,24,37580,400.0,5697,43277,1972,20.99,0.189,,,1,3.821,30.65,20층 1879㎡(61.3×30.7m)
단일,1b 층수·세장비,20,20,70.0,129,23,37580,400.0,5697,43277,1972,20.99,0.238,,,1,3.796,30.65,20층 1879㎡(61.3×30.7m)
단일,1b 층수·세장비,20,20,70.0,129,18,37580,400.0,5937,43517,1976,21.03,0.173,,,1,3.793,27.42,20층 1879㎡(68.5×27.4m)
단일,1b 층수·세장비,20,20,70.0,129,23,37580,400.0,5697,43277,1972,20.99,0.182,,,1,3.781,30.65,20층 1879㎡(61.3×30.7m)
3개동,3개동,20+20+20,20,70.0,129,23,37580,400.0,11802,49382,2070,22.03,0.124,6.0,0.17,3,3.738,12.51,20층 626㎡(50.1×12.5m) + 20층 626㎡(50.1×12.5m) + 20층 626㎡(50.1×12.5m)
3개동,3개동,20+20+20,20,70.0,129,19,37580,400.0,13414,50994,2097,22.32,0.119,4.3,0.12,3,3.698,10.22,20층 626㎡(61.3×10.2m) + 20층 626㎡(61.3×10.2m) + 20층 626㎡(61.3×10.2m)
단일,1b 층수·세장비,20,20,70.0,130,23,37580,400.0,5937,43517,1976,21.03,0.044,,,1,3.879,27.42,20층 1879㎡(68.5×27.4m)
단일,1b 층수·세장비,20,20,70.0,130,23,37580,400.0,5489,43069,1968,20.95,0.058,,,1,3.867,35.39,20층 1879㎡(53.1×35.4m)
단일,1b 층수·세장비,20,20,70.0,130,22,37580,400.0,5697,43277,1972,20.99,0.094,,,1,3.866,30.65,20층 1879㎡(61.3×30.7m)
단일,1b 층수·세장비,20,20,70.0,130,23,37580,400.0,5697,43277,1972,20.99,0.108,,,1,3.858,30.65,20층 1879㎡(61.3×30.7m)
단일,1b 층수·세장비,20,20,70.0,130,24,37580,400.0,5697,43277,1972,20.99,0.083,,,1,3.843,30.65,20층 1879㎡(61.3×30.7m)
단일,1b 층수·세장비,20,20,70.0,130,24,37580,400.0,5697,43277,1972,20.99,0.139,,,1,3.833,30.65,20층 1879㎡(61.3×30.7m)
단일,1b 층수·세장비,20,20,70.0,130,24,37580,400.0,5697,43277,1972,20.99,0.218,,,1,3.79,30.65,20층 1879㎡(61.3×30.7m)
2개동,2개동,20+20,20,70.0,130,25,37580,400.0,8854,46434,2023,21.53,0.171,6.0,0.17,2,3.783,17.7,20층 940㎡(53.1×17.7m) + 20층 940㎡(53.1×17.7m)
3개동,3개동,20+20+20,20,70.0,130,23,37580,400.0,10943,48523,2055,21.88,0.056,6.0,0.17,3,3.772,14.45,20층 626㎡(43.3×14.4m) + 20층 626㎡(43.3×14.4m) + 20층 626㎡(43.3×14.4m)
단일,1b 층수·세장비,20,20,70.0,130,18,37580,400.0,6186,43766,1980,21.08,0.186,,,1,3.766,25.03,20층 1879㎡(75.1×25.0m)
단일,1b 층수·세장비,20,20,70.0,130,18,37580,400.0,5937,43517,1976,21.03,0.141,,,1,3.727,27.42,20층 1879㎡(68.5×27.4m)
단일,1b 층수·세장비,20,20,70.0,131,24,37580,400.0,5697,43277,1972,20.99,0.138,,,1,3.846,30.65,20층 1879㎡(61.3×30.7m)
2개동,2개동,20+20,20,70.0,131,29,37580,400.0,8854,46434,2023,21.53,0.55,4.3,0.12,2,3.834,17.7,20층 940㎡(53.1×17.7m) + 20층 940㎡(53.1×17.7m)
단일,1b 층수·세장비,20,20,70.0,131,18,37580,400.0,6186,43766,1980,21.08,0.051,,,1,3.83,25.03,20층 1879㎡(75.1×25.0m)
단일,1b 층수·세장비,20,20,70.0,131,23,37580,400.0,5937,43517,1976,21.03,0.082,,,1,3.809,27.42,20층 1879㎡(68.5×27.4m)
단일,1b 층수·세장비,20,20,70.0,131,17,37580,400.0,6186,43766,1980,21.08,0.225,,,1,3.736,25.03,20층 1879㎡(75.1×25.0m)
단일,1b 층수·세장비,20,20,70.0,131,15,37580,400.0,6186,43766,1980,21.08,0.201,,,1,3.728,25.03,20층 1879㎡(75.1×25.0m)
3개동,3개동,20+20+20,20,70.0,131,23,37580,400.0,14161,51741,2109,22.45,0.352,6.0,0.17,3,3.724,9.46,20층 626㎡(66.2×9.5m) + 20층 626㎡(66.2×9.5m) + 20층 626㎡(66.2×9.5m)
3개동,3개동,20+20+20,20,70.0,131,23,37580,400.0,12628,50208,2083,22.18,0.079,6.0,0.17,3,3.715,11.19,20층 626㎡(56.0×11.2m) + 20층 626㎡(56.0×11.2m) + 20층 626㎡(56.0×11.2m)
3개동,3개동,20+20+20,20,70.0,131,22,37580,400.0,11802,49382,2070,22.03,0.081,9.0,0.26,3,3.715,12.51,20층 626㎡(50.1×12.5m) + 20층 626㎡(50.1×12.5m) + 20층 626㎡(50.1×12.5m)
단일,1b 층수·세장비,20,20,70.0,131,15,37580,400.0,6186,43766,1980,21.08,0.155,,,1,3.711,25.03,20층 1879㎡(75.1×25.0m)
단일,1b 층수·세장비,20,20,70.0,132,23,37580,400.0,5489,43069,1968,20.95,0.105,,,1,3.881,35.39,20층 1879㎡(53.1×35.4m)
2개동,2개동,20+20,20,70.0,132,28,37580,400.0,8502,46082,2017,21.47,0.126,6.0,0.17,2,3.835,19.39,20층 940㎡(48.5×19.4m) + 20층 940㎡(48.5×19.4m)
2개동,2개동,20+20,20,70.0,132,23,37580,400.0,8502,46082,2017,21.47,0.057,19.0,0.54,2,3.763,19.39,20층 940㎡(48.5×19.4m) + 20층 940㎡(48.5×19.4m)
3개동,3개동,20+20+20,20,70.0,132,21,37580,400.0,11802,49382,2070,22.03,0.087,6.0,0.17,3,3.734,12.51,20층 626㎡(50.1×12.5m) + 20층 626㎡(50.1×12.5m) + 20층 626㎡(50.1×12.5m)
3개동,3개동,20+20+20,20,70.0,132,21,37580,400.0,11802,49382,2070,22.03,0.287,6.0,0.17,3,3.728,12.51,20층 626㎡(50.1×12.5m) + 20층 626㎡(50.1×12.5m) + 20층 626㎡(50.1×12.5m)
4개동,4개동,20+20+20+20,20,70.0,132,22,37580,400.0,14678,52258,2116,22.52,0.051,6.0,0.17,4,3.699,9.69,20층 470㎡(48.5×9.7m) + 20층 470㎡(48.5×9.7m) + 20층 470㎡(48.5×9.7m) + 20층 470㎡(48.5×9.7m)
단일,1b 층수·세장비,20,20,70.0,133,26,37580,400.0,5489,43069,1968,20.95,0.096,,,1,3.934,35.39,20층 1879㎡(53.1×35.4m)
2개동,2개동,20+20,20,70.0,133,33,37580,400.0,8502,46082,2017,21.47,0.342,6.0,0.17,2,3.866,19.39,20층 940㎡(48.5×19.4m) + 20층 940㎡(48.5×19.4m)
단일,1b 층수·세장비,20,20,70.0,133,24,37580,400.0,5697,43277,1972,20.99,0.074,,,1,3.843,30.65,20층 1879㎡(61.3×30.7m)
2개동,2개동,20+20,20,70.0,133,23,37580,400.0,8163,45743,2011,21.41,0.058,19.0,0.54,2,3.84,21.67,20층 940㎡(43.3×21.7m) + 20층 940㎡(43.3×21.7m)
단일,1b 층수·세장비,20,20,70.0,133,23,37580,400.0,5937,43517,1976,21.03,0.061,,,1,3.797,27.42,20층 1879㎡(68.5×27.4m)
3개동,3개동,20+20+20,20,70.0,133,15,37580,400.0,10096,47676,2041,21.73,0.176,6.0,0.17,3,3.745,17.7,20층 626㎡(35.4×17.7m) + 20층 626㎡(35.4×17.7m) + 20층 626㎡(35.4×17.7m)
단일,1b 층수·세장비,20,20,70.0,133,18,37580,400.0,5937,43517,1976,21.03,0.198,,,1,3.742,27.42,20층 1879㎡(68.5×27.4m)
단일,1b 층수·세장비,20,20,70.0,133,19,37580,400.0,5937,43517,1976,21.03,0.09,,,1,3.715,27.42,20층 1879㎡(68.5×27.4m)
3개동,3개동,20+20+20,20,70.0,133,21,37580,400.0,12628,50208,2083,22.18,0.152,6.0,0.17,3,3.708,11.19,20층 626㎡(56.0×11.2m) + 20층 626㎡(56.0×11.2m) + 20층 626㎡(56.0×11.2m)
단일,1b 층수·세장비,20,20,70.0,134,24,37580,400.0,5489,43069,1968,20.95,0.111,,,1,3.889,35.39,20층 1879㎡(53.1×35.4m)
단일,1b 층수·세장비,20,20,70.0,134,22,37580,400.0,5937,43517,1976,21.03,0.105,,,1,3.863,27.42,20층 1879㎡(68.5×27.4m)
단일,1b 층수·세장비,20,20,70.0,134,29,37580,400.0,5489,43069,1968,20.95,0.083,,,1,3.86,35.39,20층 1879㎡(53.1×35.4m)
단일,1b 층수·세장비,20,20,70.0,134,22,37580,400.0,5937,43517,1976,21.03,0.079,,,1,3.859,27.42,20층 1879㎡(68.5×27.4m)
단일,1b 층수·세장비,20,20,70.0,134,23,37580,400.0,5697,43277,1972,20.99,0.148,,,1,3.855,30.65,20층 1879㎡(61.3×30.7m)
단일,1b 층수·세장비,20,20,70.0,134,22,37580,400.0,6186,43766,1980,21.08,0.092,,,1,3.854,25.03,20층 1879㎡(75.1×25.0m)
단일,1b 층수·세장비,20,20,70.0,134,24,37580,400.0,5697,43277,1972,20.99,0.117,,,1,3.823,30.65,20층 1879㎡(61.3×30.7m)
단일,1b 층수·세장비,20,20,70.0,134,17,37580,400.0,6186,43766,1980,21.08,0.095,,,1,3.808,25.03,20층 1879㎡(75.1×25.0m)
4개동,4개동,20+20+20+20,20,70.0,134,23,37580,400.0,14678,52258,2116,22.52,0.055,6.0,0.17,4,3.715,9.69,20층 470㎡(48.5×9.7m) + 20층 470㎡(48.5×9.7m) + 20층 470㎡(48.5×9.7m) + 20층 470㎡(48.5×9.7m)
단일,1b 층수·세장비,20,20,70.0,135,21,37580,400.0,5697,43277,1972,20.99,0.053,,,1,3.945,30.65,20층 1879㎡(61.3×30.7m)
단일,1b 층수·세장비,20,20,70.0,135,26,37580,400.0,5489,43069,1968,20.95,0.074,,,1,3.921,35.39,20층 1879㎡(53.1×35.4m)
단일,1b 층수·세장비,20,20,70.0,135,23,37580,400.0,5697,43277,1972,20.99,0.049,,,1,3.884,30.65,20층 1879㎡(61.3×30.7m)
단일,1b 층수·세장비,20,20,70.0,135,27,37580,400.0,5697,43277,1972,20.99,0.052,,,1,3.867,30.65,20층 1879㎡(61.3×30.7m)
단일,1b 층수·세장비,20,20,70.0,135,24,37580,400.0,5697,43277,1972,20.99,0.12,,,1,3.842,30.65,20층 1879㎡(61.3×30.7m)
3개동,3개동,20+20+20,20,70.0,135,26,37580,400.0,10943,48523,2055,21.88,0.108,4.3,0.12,3,3.841,14.45,20층 626㎡(43.3×14.4m) + 20층 626㎡(43.3×14.4m) + 20층 626㎡(43.3×14.4m)
단일,1b 층수·세장비,20,20,70.0,135,18,37580,400.0,6186,43766,1980,21.08,0.073,,,1,3.819,25.03,20층 1879㎡(75.1×25.0m)
4개동,4개동,20+20+20+20,20,70.0,135,23,37580,400.0,11338,48918,2060,21.93,0.55,4.0,0.12,4,3.809,17.7,20층 470㎡(26.5×17.7m) + 20층 470㎡(26.5×17.7m) + 20층 470㎡(26.5×17.7m) + 20층 470㎡(26.5×17.7m)
4개동,4개동,20+20+20+20,20,70.0,135,23,37580,400.0,11338,48918,2060,21.93,0.552,4.0,0.11,4,3.798,17.7,20층 470㎡(26.5×17.7m) + 20층 470㎡(26.5×17.7m) + 20층 470㎡(26.5×17.7m) + 20층 470㎡(26.5×17.7m)
2개동,2개동,20+20,20,70.0,135,19,37580,400.0,9555,47135,2034,21.65,0.242,6.0,0.17,2,3.73,15.33,20층 940㎡(61.3×15.3m) + 20층 940㎡(61.3×15.3m)
2개동,2개동,20+20,20,70.0,135,20,37580,400.0,9555,47135,2034,21.65,0.237,6.0,0.17,2,3.729,15.33,20층 940㎡(61.3×15.3m) + 20층 940㎡(61.3×15.3m)
2개동,2개동,20+20,20,70.0,135,24,37580,400.0,9555,47135,2034,21.65,0.048,4.3,0.12,2,3.714,15.33,20층 940㎡(61.3×15.3m) + 20층 940㎡(61.3×15.3m)
3개동,3개동,20+20+20,20,70.0,135,23,37580,400.0,12628,50208,2083,22.18,0.048,9.0,0.26,3,3.695,11.19,20층 626㎡(56.0×11.2m) + 20층 626㎡(56.0×11.2m) + 20층 626㎡(56.0×11.2m)
단일,1b 층수·세장비,20,20,70.0,136,24,37580,400.0,5489,43069,1968,20.95,0.08,,,1,3.936,35.39,20층 1879㎡(53.1×35.4m)
단일,1b 층수·세장비,20,20,70.0,136,23,37580,400.0,5489,43069,1968,20.95,0.044,,,1,3.929,35.39,20층 1879㎡(53.1×35.4m)
2개동,2개동,20+20,20,70.0,136,31,37580,400.0,8502,46082,2017,21.47,0.196,4.3,0.12,2,3.875,19.39,20층 940㎡(48.5×19.4m) + 20층 940㎡(48.5×19.4m)
3개동,3개동,20+20+20,20,70.0,136,27,37580,400.0,10943,48523,2055,21.88,0.054,4.3,0.12,3,3.859,14.45,20층 626㎡(43.3×14.4m) + 20층 626㎡(43.3×14.4m) + 20층 626㎡(43.3×14.4m)
단일,1b 층수·세장비,20,20,70.0,136,25,37580,400.0,5697,43277,1972,20.99,0.103,,,1,3.852,30.65,20층 1879㎡(61.3×30.7m)
4개동,4개동,20+20+20+20,20,70.0,136,23,37580,400.0,13724,51304,2100,22.35,0.059,4.3,0.12,4,3.782,10.84,20층 470㎡(43.3×10.8m) + 20층 470㎡(43.3×10.8m) + 20층 470㎡(43.3×10.8m) + 20층 470㎡(43.3×10.8m)
4개동,4개동,20+20+20+20,20,70.0,136,23,37580,400.0,13724,51304,2100,22.35,0.057,4.3,0.12,4,3.781,10.84,20층 470㎡(43.3×10.8m) + 20층 470㎡(43.3×10.8m) + 20층 470㎡(43.3×10.8m) + 20층 470㎡(43.3×10.8m)
2개동,2개동,20+20,20,70.0,136,23,37580,400.0,8854,46434,2023,21.53,0.108,13.0,0.37,2,3.76,17.7,20층 940㎡(53.1×17.7m) + 20층 940㎡(53.1×17.7m)
2개동,2개동,20+20,20,70.0,136,18,37580,400.0,10230,47810,2045,21.77,0.175,6.0,0.17,2,3.681,13.71,20층 940㎡(68.5×13.7m) + 20층 940㎡(68.5×13.7m)
단일,1b 층수·세장비,20,20,70.0,137,21,37580,400.0,5697,43277,1972,20.99,0.061,,,1,3.955,30.65,20층 1879㎡(61.3×30.7m)
2개동,2개동,20+20,20,70.0,137,26,37580,400.0,8502,46082,2017,21.47,0.091,19.0,0.54,2,3.841,19.39,20층 940㎡(48.5×19.4m) + 20층 940㎡(48.5×19.4m)
단일,1b 층수·세장비,20,20,70.0,137,24,37580,400.0,5937,43517,1976,21.03,0.073,,,1,3.83,27.42,20층 1879㎡(68.5×27.4m)
단일,1b 층수·세장비,20,20,70.0,137,22,37580,400.0,5937,43517,1976,21.03,0.125,,,1,3.821,27.42,20층 1879㎡(68.5×27.4m)
단일,1b 층수·세장비,20,20,70.0,137,23,37580,400.0,5937,43517,1976,21.03,0.104,,,1,3.813,27.42,20층 1879㎡(68.5×27.4m)
4개동,4개동,20+20+20+20,20,70.0,137,24,37580,400.0,14678,52258,2116,22.52,0.055,6.0,0.17,4,3.797,9.69,20층 470㎡(48.5×9.7m) + 20층 470㎡(48.5×9.7m) + 20층 470㎡(48.5×9.7m) + 20층 470㎡(48.5×9.7m)
단일,1b 층수·세장비,20,20,70.0,138,23,37580,400.0,5697,43277,1972,20.99,0.068,,,1,3.888,30.65,20층 1879㎡(61.3×30.7m)
단일,1b 층수·세장비,20,20,70.0,138,22,37580,400.0,6186,43766,1980,21.08,0.059,,,1,3.853,25.03,20층 1879㎡(75.1×25.0m)
2개동,2개동,20+20,20,70.0,138,24,37580,400.0,7868,45448,2006,21.35,0.066,4.3,0.12,2,3.844,25.03,20층 940㎡(37.5×25.0m) + 20층 940㎡(37.5×25.0m)
단일,1b 층수·세장비,20,20,70.0,138,20,37580,400.0,5937,43517,1976,21.03,0.261,,,1,3.765,27.42,20층 1879㎡(68.5×27.4m)
6개동,6개동,20+20+20+20+20+20,20,70.0,138,23,37580,400.0,14084,51664,2102,22.37,0.067,4.0,0.11,6,3.759,14.45,20층 313㎡(21.7×14.4m) + 20층 313㎡(21.7×14.4m) + 20층 313㎡(21.7×14.4m) + 20층 313㎡(21.7×14.4m) + 20층 313㎡(21.7×14.4m) + 20층 313㎡(21.7×14.4m)
6개동,6개동,20+20+20+20+20+20,20,70.0,138,23,37580,400.0,14084,51664,2102,22.37,0.066,4.0,0.11,6,3.747,14.45,20층 313㎡(21.7×14.4m) + 20층 313㎡(21.7×14.4m) + 20층 313㎡(21.7×14.4m) + 20층 313㎡(21.7×14.4m) + 20층 313㎡(21.7×14.4m) + 20층 313㎡(21.7×14.4m)
2개동,2개동,20+20,20,70.0,138,18,37580,400.0,9555,47135,2034,21.65,0.187,13.0,0.37,2,3.701,15.33,20층 940㎡(61.3×15.3m) + 20층 940㎡(61.3×15.3m)
3개동,3개동,20+20+20,20,70.0,138,18,37580,400.0,13414,50994,2097,22.32,0.197,4.3,0.12,3,3.7,10.22,20층 626㎡(61.3×10.2m) + 20층 626㎡(61.3×10.2m) + 20층 626㎡(61.3×10.2m)
2개동,2개동,20+20,20,70.0,138,18,37580,400.0,10230,47810,2045,21.77,0.154,9.0,0.26,2,3.665,13.71,20층 940㎡(68.5×13.7m) + 20층 940㎡(68.5×13.7m)
3개동,3개동,20+20+20,20,70.0,139,26,37580,400.0,10943,48523,2055,21.88,0.08,4.3,0.12,3,3.833,14.45,20층 626㎡(43.3×14.4m) + 20층 626㎡(43.3×14.4m) + 20층 626㎡(43.3×14.4m)
단일,1b 층수·세장비,20,20,70.0,139,22,37580,400.0,6186,43766,1980,21.08,0.143,,,1,3.828,25.03,20층 1879㎡(75.1×25.0m)
단일,1b 층수·세장비,20,20,70.0,139,23,37580,400.0,5937,43517,1976,21.03,0.195,,,1,3.817,27.42,20층 1879㎡(68.5×27.4m)
3개동,3개동,20+20+20,20,70.0,139,26,37580,400.0,11802,49382,2070,22.03,0.093,4.3,0.12,3,3.805,12.51,20층 626㎡(50.1×12.5m) + 20층 626㎡(50.1×12.5m) + 20층 626㎡(50.1×12.5m)
2개동,2개동,20+20,20,70.0,139,29,37580,400.0,7868,45448,2006,21.35,0.274,4.3,0.12,2,3.767,25.03,20층 940㎡(37.5×25.0m) + 20층 940㎡(37.5×25.0m)
단일,1b 층수·세장비,20,20,70.0,140,26,37580,400.0,5697,43277,1972,20.99,0.052,,,1,3.876,30.65,20층 1879㎡(61.3×30.7m)
단일,1b 층수·세장비,20,20,70.0,140,29,37580,400.0,5489,43069,1968,20.95,0.162,,,1,3.862,35.39,20층 1879㎡(53.1×35.4m)
단일,1b 층수·세장비,20,20,70.0,140,24,37580,400.0,5937,43517,1976,21.03,0.049,,,1,3.86,27.42,20층 1879㎡(68.5×27.4m)
단일,1b 층수·세장비,20,20,70.0,140,24,37580,400.0,5937,43517,1976,21.03,0.069,,,1,3.85,27.42,20층 1879㎡(68.5×27.4m)
단일,1b 층수·세장비,20,20,70.0,140,22,37580,400.0,5937,43517,1976,21.03,0.09,,,1,3.84,27.42,20층 1879㎡(68.5×27.4m)
단일,1b 층수·세장비,20,20,70.0,140,22,37580,400.0,5937,43517,1976,21.03,0.112,,,1,3.828,27.42,20층 1879㎡(68.5×27.4m)
단일,1b 층수·세장비,20,20,70.0,140,26,37580,400.0,5697,43277,1972,20.99,0.062,,,1,3.824,30.65,20층 1879㎡(61.3×30.7m)
단일,1b 층수·세장비,20,20,70.0,140,23,37580,400.0,5937,43517,1976,21.03,0.124,,,1,3.805,27.42,20층 1879㎡(68.5×27.4m)
단일,1a 방위·위치,20,20,70.0,140,19,37580,400.0,6682,44262,1988,21.16,0.057,,,1,3.791,21.67,20층 1879㎡(86.7×21.7m)
단일,1b 층수·세장비,20,20,70.0,140,15,37580,400.0,6682,44262,1988,21.16,0.068,,,1,3.79,21.67,20층 1879㎡(86.7×21.7m)
단일,1b 층수·세장비,20,20,70.0,140,21,37580,400.0,5937,43517,1976,21.03,0.09,,,1,3.751,27.42,20층 1879㎡(68.5×27.4m)
4개동,4개동,20+20+20+20,20,70.0,140,23,37580,400.0,15585,53165,2131,22.68,0.065,4.3,0.12,4,3.736,8.85,20층 470㎡(53.1×8.8m) + 20층 470㎡(53.1×8.8m) + 20층 470㎡(53.1×8.8m) + 20층 470㎡(53.1×8.8m)
4개동,4개동,20+20+20+20,20,70.0,140,14,37580,400.0,14678,52258,2116,22.52,0.214,6.0,0.17,4,3.682,9.69,20층 470㎡(48.5×9.7m) + 20층 470㎡(48.5×9.7m) + 20층 470㎡(48.5×9.7m) + 20층 470㎡(48.5×9.7m)
5개동,5개동,20+20+20+20+20,20,70.0,140,15,37580,400.0,16505,54085,2144,22.82,0.165,4.3,0.12,5,3.672,8.67,20층 376㎡(43.3×8.7m) + 20층 376㎡(43.3×8.7m) + 20층 376㎡(43.3×8.7m) + 20층 376㎡(43.3×8.7m) + 20층 376㎡(43.3×8.7m)
단일,1b 층수·세장비,20,20,70.0,141,24,37580,400.0,5489,43069,1968,20.95,0.095,,,1,3.892,35.39,20층 1879㎡(53.1×35.4m)
단일,1b 층수·세장비,20,20,70.0,141,24,37580,400.0,5937,43517,1976,21.03,0.06,,,1,3.86,27.42,20층 1879㎡(68.5×27.4m)
단일,1b 층수·세장비,20,20,70.0,141,25,37580,400.0,5697,43277,1972,20.99,0.085,,,1,3.859,30.65,20층 1879㎡(61.3×30.7m)
단일,1b 층수·세장비,20,20,70.0,141,24,37580,400.0,5937,43517,1976,21.03,0.078,,,1,3.851,27.42,20층 1879㎡(68.5×27.4m)
단일,1b 층수·세장비,20,20,70.0,141,24,37580,400.0,5937,43517,1976,21.03,0.097,,,1,3.841,27.42,20층 1879㎡(68.5×27.4m)
3개동,3개동,20+20+20,20,70.0,141,24,37580,400.0,10943,48523,2055,21.88,0.056,6.0,0.17,3,3.82,14.45,20층 626㎡(43.3×14.4m) + 20층 626㎡(43.3×14.4m) + 20층 626㎡(43.3×14.4m)
단일,1b 층수·세장비,20,20,70.0,141,23,37580,400.0,5697,43277,1972,20.99,0.064,,,1,3.818,30.65,20층 1879㎡(61.3×30.7m)
단일,1b 층수·세장비,20,20,70.0,141,24,37580,400.0,6186,43766,1980,21.08,0.069,,,1,3.815,25.03,20층 1879㎡(75.1×25.0m)
단일,1b 층수·세장비,20,20,70.0,141,18,37580,400.0,6682,44262,1988,21.16,0.083,,,1,3.776,21.67,20층 1879㎡(86.7×21.7m)
단일,1b 층수·세장비,20,20,70.0,141,14,37580,400.0,6682,44262,1988,21.16,0.113,,,1,3.764,21.67,20층 1879㎡(86.7×21.7m)
단일,1a 방위·위치,20,20,70.0,141,14,37580,400.0,6682,44262,1988,21.16,0.085,,,1,3.752,21.67,20층 1879㎡(86.7×21.7m)
2개동,2개동,20+20,20,70.0,141,15,37580,400.0,10871,48451,2056,21.89,0.082,6.0,0.17,2,3.719,12.51,20층 940㎡(75.1×12.5m) + 20층 940㎡(75.1×12.5m)
4개동,4개동,20+20+20+20,20,70.0,141,19,37580,400.0,15585,53165,2131,22.68,0.05,4.3,0.12,4,3.703,8.85,20층 470㎡(53.1×8.8m) + 20층 470㎡(53.1×8.8m) + 20층 470㎡(53.1×8.8m) + 20층 470㎡(53.1×8.8m)
3개동,3개동,20+20+20,20,70.0,141,21,37580,400.0,12628,50208,2083,22.18,0.114,9.0,0.26,3,3.685,11.19,20층 626㎡(56.0×11.2m) + 20층 626㎡(56.0×11.2m) + 20층 626㎡(56.0×11.2m)
단일,1b 층수·세장비,20,20,70.0,142,15,37580,400.0,5937,43517,1976,21.03,0.074,,,1,3.913,27.42,20층 1879㎡(68.5×27.4m)
단일,1b 층수·세장비,20,20,70.0,142,16,37580,400.0,5937,43517,1976,21.03,0.052,,,1,3.907,27.42,20층 1879㎡(68.5×27.4m)
단일,1b 층수·세장비,20,20,70.0,142,26,37580,400.0,5697,43277,1972,20.99,0.074,,,1,3.888,30.65,20층 1879㎡(61.3×30.7m)
3개동,3개동,20+20+20,20,70.0,142,24,37580,400.0,10943,48523,2055,21.88,0.064,4.3,0.12,3,3.831,14.45,20층 626㎡(43.3×14.4m) + 20층 626㎡(43.3×14.4m) + 20층 626㎡(43.3×14.4m)
단일,1b 층수·세장비,20,20,70.0,142,23,37580,400.0,6186,43766,1980,21.08,0.051,,,1,3.83,25.03,20층 1879㎡(75.1×25.0m)
단일,1b 층수·세장비,20,20,70.0,142,25,37580,400.0,5937,43517,1976,21.03,0.167,,,1,3.819,27.42,20층 1879㎡(68.5×27.4m)
3개동,3개동,20+20+20,20,70.0,142,24,37580,400.0,10943,48523,2055,21.88,0.075,4.3,0.12,3,3.809,14.45,20층 626㎡(43.3×14.4m) + 20층 626㎡(43.3×14.4m) + 20층 626㎡(43.3×14.4m)
2개동,2개동,20+20,20,70.0,142,24,37580,400.0,8502,46082,2017,21.47,0.088,19.0,0.54,2,3.808,19.39,20층 940㎡(48.5×19.4m) + 20층 940㎡(48.5×19.4m)
3개동,3개동,20+20+20,20,70.0,142,24,37580,400.0,11802,49382,2070,22.03,0.15,4.3,0.12,3,3.783,12.51,20층 626㎡(50.1×12.5m) + 20층 626㎡(50.1×12.5m) + 20층 626㎡(50.1×12.5m)
단일,1b 층수·세장비,20,20,70.0,142,21,37580,400.0,5937,43517,1976,21.03,0.13,,,1,3.765,27.42,20층 1879㎡(68.5×27.4m)
3개동,3개동,20+20+20,20,70.0,142,22,37580,400.0,12628,50208,2083,22.18,0.067,4.3,0.12,3,3.737,11.19,20층 626㎡(56.0×11.2m) + 20층 626㎡(56.0×11.2m) + 20층 626㎡(56.0×11.2m)
단일,1b 층수·세장비,20,20,70.0,142,14,37580,400.0,6682,44262,1988,21.16,0.058,,,1,3.732,21.67,20층 1879㎡(86.7×21.7m)
단일,1b 층수·세장비,20,20,70.0,143,18,37580,400.0,6186,43766,1980,21.08,0.044,,,1,3.902,25.03,20층 1879㎡(75.1×25.0m)
단일,1b 층수·세장비,20,20,70.0,143,23,37580,400.0,5697,43277,1972,20.99,0.075,,,1,3.898,30.65,20층 1879㎡(61.3×30.7m)
단일,1b 층수·세장비,20,20,70.0,143,20,37580,400.0,6186,43766,1980,21.08,0.056,,,1,3.851,25.03,20층 1879㎡(75.1×25.0m)
단일,1b 층수·세장비,20,20,70.0,143,21,37580,400.0,5937,43517,1976,21.03,0.137,,,1,3.821,27.42,20층 1879㎡(68.5×27.4m)
단일,1b 층수·세장비,20,20,70.0,143,21,37580,400.0,5937,43517,1976,21.03,0.158,,,1,3.809,27.42,20층 1879㎡(68.5×27.4m)
단일,1b 층수·세장비,20,20,70.0,143,23,37580,400.0,5937,43517,1976,21.03,0.205,,,1,3.796,27.42,20층 1879㎡(68.5×27.4m)
단일,1a 방위·위치,20,20,70.0,143,14,37580,400.0,6682,44262,1988,21.16,0.095,,,1,3.774,21.67,20층 1879㎡(86.7×21.7m)
단일,1b 층수·세장비,20,20,70.0,143,22,37580,400.0,5937,43517,1976,21.03,0.15,,,1,3.772,27.42,20층 1879㎡(68.5×27.4m)
3개동,3개동,20+20+20,20,70.0,143,23,37580,400.0,14161,51741,2109,22.45,0.524,6.0,0.17,3,3.758,9.46,20층 626㎡(66.2×9.5m) + 20층 626㎡(66.2×9.5m) + 20층 626㎡(66.2×9.5m)
3개동,3개동,20+20+20,20,70.0,143,23,37580,400.0,10512,48092,2048,21.8,0.24,4.3,0.12,3,3.721,15.83,20층 626㎡(39.6×15.8m) + 20층 626㎡(39.6×15.8m) + 20층 626㎡(39.6×15.8m)
3개동,3개동,20+20+20,20,70.0,143,23,37580,400.0,10943,48523,2055,21.88,0.245,6.0,0.17,3,3.708,14.45,20층 626㎡(43.3×14.4m) + 20층 626㎡(43.3×14.4m) + 20층 626㎡(43.3×14.4m)
2개동,2개동,20+20,20,70.0,143,15,37580,400.0,10871,48451,2056,21.89,0.089,9.0,0.26,2,3.688,12.51,20층 940㎡(75.1×12.5m) + 20층 940㎡(75.1×12.5m)
2개동,2개동,20+20,20,70.0,143,17,37580,400.0,10230,47810,2045,21.77,0.243,9.0,0.26,2,3.678,13.71,20층 940㎡(68.5×13.7m) + 20층 940㎡(68.5×13.7m)
3개동,3개동,20+20+20,20,70.0,143,23,37580,400.0,13414,50994,2097,22.32,0.064,9.0,0.26,3,3.667,10.22,20층 626㎡(61.3×10.2m) + 20층 626㎡(61.3×10.2m) + 20층 626㎡(61.3×10.2m)
단일,1b 층수·세장비,20,20,70.0,144,12,37580,400.0,6186,43766,1980,21.08,0.065,,,1,3.877,25.03,20층 1879㎡(75.1×25.0m)
단일,1a 방위·위치,20,20,70.0,144,12,37580,400.0,6682,44262,1988,21.16,0.065,,,1,3.855,21.67,20층 1879㎡(86.7×21.7m)
단일,1b 층수·세장비,20,20,70.0,144,20,37580,400.0,6186,43766,1980,21.08,0.075,,,1,3.846,25.03,20층 1879㎡(75.1×25.0m)
2개동,2개동,20+20,20,70.0,144,28,37580,400.0,8163,45743,2011,21.41,0.288,9.0,0.26,2,3.836,21.67,20층 940㎡(43.3×21.7m) + 20층 940㎡(43.3×21.7m)
단일,1a 방위·위치,20,20,70.0,144,22,37580,400.0,6682,44262,1988,21.16,0.065,,,1,3.833,21.67,20층 1879㎡(86.7×21.7m)
3개동,3개동,20+20+20,20,70.0,144,24,37580,400.0,11802,49382,2070,22.03,0.087,6.0,0.17,3,3.821,12.51,20층 626㎡(50.1×12.5m) + 20층 626㎡(50.1×12.5m) + 20층 626㎡(50.1×12.5m)
단일,1b 층수·세장비,20,20,70.0,144,22,37580,400.0,5937,43517,1976,21.03,0.179,,,1,3.799,27.42,20층 1879㎡(68.5×27.4m)
단일,1b 층수·세장비,20,20,70.0,144,21,37580,400.0,5937,43517,1976,21.03,0.193,,,1,3.791,27.42,20층 1879㎡(68.5×27.4m)
단일,1b 층수·세장비,20,20,70.0,144,22,37580,400.0,5937,43517,1976,21.03,0.226,,,1,3.783,27.42,20층 1879㎡(68.5×27.4m)
2개동,2개동,20+20,20,70.0,144,24,37580,400.0,8854,46434,2023,21.53,0.102,13.0,0.37,2,3.762,17.7,20층 940㎡(53.1×17.7m) + 20층 940㎡(53.1×17.7m)
단일,1b 층수·세장비,20,20,70.0,144,18,37580,400.0,6186,43766,1980,21.08,0.14,,,1,3.729,25.03,20층 1879㎡(75.1×25.0m)
4개동,4개동,20+20+20+20,20,70.0,144,22,37580,400.0,15585,53165,2131,22.68,0.274,4.3,0.12,4,3.689,8.85,20층 470㎡(53.1×8.8m) + 20층 470㎡(53.1×8.8m) + 20층 470㎡(53.1×8.8m) + 20층 470㎡(53.1×8.8m)
4개동,4개동,20+20+20+20,20,70.0,144,20,37580,400.0,13724,51304,2100,22.35,0.218,4.3,0.12,4,3.679,10.84,20층 470㎡(43.3×10.8m) + 20층 470㎡(43.3×10.8m) + 20층 470㎡(43.3×10.8m) + 20층 470㎡(43.3×10.8m)
4개동,4개동,20+20+20+20,20,70.0,144,18,37580,400.0,14678,52258,2116,22.52,0.214,6.0,0.17,4,3.664,9.69,20층 470㎡(48.5×9.7m) + 20층 470㎡(48.5×9.7m) + 20층 470㎡(48.5×9.7m) + 20층 470㎡(48.5×9.7m)
3개동,3개동,20+20+20,20,70.0,144,18,37580,400.0,14161,51741,2109,22.45,0.189,6.0,0.17,3,3.655,9.46,20층 626㎡(66.2×9.5m) + 20층 626㎡(66.2×9.5m) + 20층 626㎡(66.2×9.5m)
단일,1b 층수·세장비,20,20,70.0,145,15,37580,400.0,5937,43517,1976,21.03,0.06,,,1,3.93,27.42,20층 1879㎡(68.5×27.4m)
단일,1b 층수·세장비,20,20,70.0,145,15,37580,400.0,5937,43517,1976,21.03,0.082,,,1,3.924,27.42,20층 1879㎡(68.5×27.4m)
단일,1b 층수·세장비,20,20,70.0,145,21,37580,400.0,6186,43766,1980,21.08,0.142,,,1,3.796,25.03,20층 1879㎡(75.1×25.0m)
단일,1b 층수·세장비,20,20,70.0,145,21,37580,400.0,6186,43766,1980,21.08,0.118,,,1,3.788,25.03,20층 1879㎡(75.1×25.0m)
4개동,4개동,20+20+20+20,20,70.0,145,23,37580,400.0,15585,53165,2131,22.68,0.111,4.3,0.12,4,3.786,8.85,20층 470㎡(53.1×8.8m) + 20층 470㎡(53.1×8.8m) + 20층 470㎡(53.1×8.8m) + 20층 470㎡(53.1×8.8m)
6개동,6개동,20+20+20+20+20+20,20,70.0,145,23,37580,400.0,14084,51664,2102,22.37,0.113,4.0,0.11,6,3.755,14.45,20층 313㎡(21.7×14.4m) + 20층 313㎡(21.7×14.4m) + 20층 313㎡(21.7×14.4m) + 20층 313㎡(21.7×14.4m) + 20층 313㎡(21.7×14.4m) + 20층 313㎡(21.7×14.4m)
6개동,6개동,20+20+20+20+20+20,20,70.0,145,23,37580,400.0,15182,52762,2120,22.57,0.515,4.0,0.11,6,3.752,11.19,20층 313㎡(28.0×11.2m) + 20층 313㎡(28.0×11.2m) + 20층 313㎡(28.0×11.2m) + 20층 313㎡(28.0×11.2m) + 20층 313㎡(28.0×11.2m) + 20층 313㎡(28.0×11.2m)
3개동,3개동,20+20+20,20,70.0,145,23,37580,400.0,12628,50208,2083,22.18,0.103,6.0,0.17,3,3.736,11.19,20층 626㎡(56.0×11.2m) + 20층 626㎡(56.0×11.2m) + 20층 626㎡(56.0×11.2m)
2개동,2개동,20+20,20,70.0,145,15,37580,400.0,7868,45448,2006,21.35,0.141,6.0,1.5,2,3.727,25.03,20층 940㎡(37.5×25.0m) + 20층 940㎡(37.5×25.0m)
3개동,3개동,20+20+20,20,70.0,145,23,37580,400.0,11802,49382,2070,22.03,0.051,9.0,0.26,3,3.722,12.51,20층 626㎡(50.1×12.5m) + 20층 626㎡(50.1×12.5m) + 20층 626㎡(50.1×12.5m)
4개동,4개동,20+20+20+20,20,70.0,145,18,37580,400.0,15585,53165,2131,22.68,0.238,6.0,0.17,4,3.667,8.85,20층 470㎡(53.1×8.8m) + 20층 470㎡(53.1×8.8m) + 20층 470㎡(53.1×8.8m) + 20층 470㎡(53.1×8.8m)
단일,1b 층수·세장비,20,20,70.0,146,12,37580,400.0,6186,43766,1980,21.08,0.088,,,1,3.882,25.03,20층 1879㎡(75.1×25.0m)
단일,1b 층수·세장비,20,20,70.0,146,26,37580,400.0,5697,43277,1972,20.99,0.103,,,1,3.88,30.65,20층 1879㎡(61.3×30.7m)
단일,1b 층수·세장비,20,20,70.0,146,22,37580,400.0,5937,43517,1976,21.03,0.089,,,1,3.858,27.42,20층 1879㎡(68.5×27.4m)
단일,1b 층수·세장비,20,20,70.0,146,23,37580,400.0,5937,43517,1976,21.03,0.067,,,1,3.85,27.42,20층 1879㎡(68.5×27.4m)
단일,1b 층수·세장비,20,20,70.0,146,24,37580,400.0,5937,43517,1976,21.03,0.13,,,1,3.84,27.42,20층 1879㎡(68.5×27.4m)
단일,1a 방위·위치,20,20,70.0,146,12,37580,400.0,6682,44262,1988,21.16,0.055,,,1,3.832,21.67,20층 1879㎡(86.7×21.7m)
3개동,3개동,20+20+20,20,70.0,146,24,37580,400.0,11802,49382,2070,22.03,0.483,4.3,0.12,3,3.775,12.51,20층 626㎡(50.1×12.5m) + 20층 626㎡(50.1×12.5m) + 20층 626㎡(50.1×12.5m)
3개동,3개동,20+20+20,20,70.0,146,26,37580,400.0,10512,48092,2048,21.8,0.24,4.3,0.12,3,3.719,15.83,20층 626㎡(39.6×15.8m) + 20층 626㎡(39.6×15.8m) + 20층 626㎡(39.6×15.8m)
3개동,3개동,20+20+20,20,70.0,146,23,37580,400.0,12628,50208,2083,22.18,0.06,9.0,0.26,3,3.714,11.19,20층 626㎡(56.0×11.2m) + 20층 626㎡(56.0×11.2m) + 20층 626㎡(56.0×11.2m)
3개동,3개동,20+20+20,20,70.0,146,19,37580,400.0,11802,49382,2070,22.03,0.244,9.0,0.26,3,3.687,12.51,20층 626㎡(50.1×12.5m) + 20층 626㎡(50.1×12.5m) + 20층 626㎡(50.1×12.5m)
단일,1b 층수·세장비,20,20,70.0,147,21,37580,400.0,5937,43517,1976,21.03,0.097,,,1,3.871,27.42,20층 1879㎡(68.5×27.4m)
단일,1b 층수·세장비,20,20,70.0,147,27,37580,400.0,5697,43277,1972,20.99,0.133,,,1,3.837,30.65,20층 1879㎡(61.3×30.7m)
단일,1b 층수·세장비,20,20,70.0,147,25,37580,400.0,5937,43517,1976,21.03,0.148,,,1,3.827,27.42,20층 1879㎡(68.5×27.4m)
단일,1b 층수·세장비,20,20,70.0,147,22,37580,400.0,6186,43766,1980,21.08,0.095,,,1,3.778,25.03,20층 1879㎡(75.1×25.0m)
3개동,3개동,20+20+20,20,70.0,147,23,37580,400.0,11802,49382,2070,22.03,0.082,9.0,0.26,3,3.769,12.51,20층 626㎡(50.1×12.5m) + 20층 626㎡(50.1×12.5m) + 20층 626㎡(50.1×12.5m)
단일,1b 층수·세장비,20,20,70.0,147,21,37580,400.0,6186,43766,1980,21.08,0.072,,,1,3.768,25.03,20층 1879㎡(75.1×25.0m)
4개동,4개동,20+20+20+20,20,70.0,147,23,37580,400.0,14678,52258,2116,22.52,0.052,6.0,0.17,4,3.759,9.69,20층 470㎡(48.5×9.7m) + 20층 470㎡(48.5×9.7m) + 20층 470㎡(48.5×9.7m) + 20층 470㎡(48.5×9.7m)
6개동,6개동,20+20+20+20+20+20,20,70.0,147,23,37580,400.0,14084,51664,2102,22.37,0.115,4.0,0.11,6,3.755,14.45,20층 313㎡(21.7×14.4m) + 20층 313㎡(21.7×14.4m) + 20층 313㎡(21.7×14.4m) + 20층 313㎡(21.7×14.4m) + 20층 313㎡(21.7×14.4m) + 20층 313㎡(21.7×14.4m)
4개동,4개동,20+20+20+20,20,70.0,147,23,37580,400.0,14678,52258,2116,22.52,0.064,4.3,0.12,4,3.753,9.69,20층 470㎡(48.5×9.7m) + 20층 470㎡(48.5×9.7m) + 20층 470㎡(48.5×9.7m) + 20층 470㎡(48.5×9.7m)
6개동,6개동,20+20+20+20+20+20,20,70.0,147,23,37580,400.0,14594,52174,2110,22.46,0.487,4.0,0.11,6,3.74,12.51,20층 313㎡(25.0×12.5m) + 20층 313㎡(25.0×12.5m) + 20층 313㎡(25.0×12.5m) + 20층 313㎡(25.0×12.5m) + 20층 313㎡(25.0×12.5m) + 20층 313㎡(25.0×12.5m)
6개동,6개동,20+20+20+20+20+20,20,70.0,147,23,37580,400.0,14084,51664,2102,22.37,0.113,4.0,0.11,6,3.739,14.45,20층 313㎡(21.7×14.4m) + 20층 313㎡(21.7×14.4m) + 20층 313㎡(21.7×14.4m) + 20층 313㎡(21.7×14.4m) + 20층 313㎡(21.7×14.4m) + 20층 313㎡(21.7×14.4m)
4개동,4개동,20+20+20+20,20,70.0,147,23,37580,400.0,14678,52258,2116,22.52,0.055,6.0,0.17,4,3.733,9.69,20층 470㎡(48.5×9.7m) + 20층 470㎡(48.5×9.7m) + 20층 470㎡(48.5×9.7m) + 20층 470㎡(48.5×9.7m)
6개동,6개동,20+20+20+20+20+20,20,70.0,147,23,37580,400.0,14594,52174,2110,22.46,0.102,4.0,0.11,6,3.725,12.51,20층 313㎡(25.0×12.5m) + 20층 313㎡(25.0×12.5m) + 20층 313㎡(25.0×12.5m) + 20층 313㎡(25.0×12.5m) + 20층 313㎡(25.0×12.5m) + 20층 313㎡(25.0×12.5m)
2개동,2개동,20+20,20,70.0,147,15,37580,400.0,7868,45448,2006,21.35,0.175,6.0,1.5,2,3.714,25.03,20층 940㎡(37.5×25.0m) + 20층 940㎡(37.5×25.0m)
3개동,3개동,20+20+20,20,70.0,147,23,37580,400.0,12628,50208,2083,22.18,0.114,9.0,0.26,3,3.696,11.19,20층 626㎡(56.0×11.2m) + 20층 626㎡(56.0×11.2m) + 20층 626㎡(56.0×11.2m)
3개동,3개동,20+20+20,20,70.0,147,23,37580,400.0,12628,50208,2083,22.18,0.11,9.0,0.26,3,3.695,11.19,20층 626㎡(56.0×11.2m) + 20층 626㎡(56.0×11.2m) + 20층 626㎡(56.0×11.2m)
3개동,3개동,20+20+20,20,70.0,147,14,37580,400.0,11802,49382,2070,22.03,0.187,13.0,0.37,3,3.686,12.51,20층 626㎡(50.1×12.5m) + 20층 626㎡(50.1×12.5m) + 20층 626㎡(50.1×12.5m)
2개동,2개동,20+20,20,70.0,147,16,37580,400.0,9555,47135,2034,21.65,0.085,28.0,0.8,2,3.668,15.33,20층 940㎡(61.3×15.3m) + 20층 940㎡(61.3×15.3m)
단일,1b 층수·세장비,20,20,70.0,148,28,37580,400.0,5697,43277,1972,20.99,0.138,,,1,3.868,30.65,20층 1879㎡(61.3×30.7m)
단일,1b 층수·세장비,20,20,70.0,148,20,37580,400.0,6186,43766,1980,21.08,0.058,,,1,3.843,25.03,20층 1879㎡(75.1×25.0m)
단일,1b 층수·세장비,20,20,70.0,148,23,37580,400.0,6186,43766,1980,21.08,0.062,,,1,3.841,25.03,20층 1879㎡(75.1×25.0m)
단일,1b 층수·세장비,20,20,70.0,148,20,37580,400.0,6186,43766,1980,21.08,0.08,,,1,3.832,25.03,20층 1879㎡(75.1×25.0m)
단일,1b 층수·세장비,20,20,70.0,148,23,37580,400.0,6186,43766,1980,21.08,0.133,,,1,3.821,25.03,20층 1879㎡(75.1×25.0m)
단일,1b 층수·세장비,20,20,70.0,148,23,37580,400.0,5937,43517,1976,21.03,0.135,,,1,3.797,27.42,20층 1879㎡(68.5×27.4m)
3개동,3개동,20+20+20,20,70.0,148,23,37580,400.0,11802,49382,2070,22.03,0.085,9.0,0.26,3,3.77,12.51,20층 626㎡(50.1×12.5m) + 20층 626㎡(50.1×12.5m) + 20층 626㎡(50.1×12.5m)
단일,1a 방위·위치,20,20,70.0,148,16,37580,400.0,6682,44262,1988,21.16,0.109,,,1,3.762,21.67,20층 1879㎡(86.7×21.7m)
단일,1b 층수·세장비,20,20,70.0,148,21,37580,400.0,6186,43766,1980,21.08,0.049,,,1,3.757,25.03,20층 1879㎡(75.1×25.0m)
단일,1b 층수·세장비,20,20,70.0,148,7,37580,400.0,7613,45193,2004,21.33,0.051,,,1,3.753,17.7,20층 1879㎡(106.2×17.7m)
2개동,2개동,20+20,20,70.0,148,23,37580,400.0,8854,46434,2023,21.53,0.112,19.0,0.54,2,3.753,17.7,20층 940㎡(53.1×17.7m) + 20층 940㎡(53.1×17.7m)
6개동,6개동,20+20+20+20+20+20,20,70.0,148,23,37580,400.0,14594,52174,2110,22.46,0.487,4.0,0.11,6,3.732,12.51,20층 313㎡(25.0×12.5m) + 20층 313㎡(25.0×12.5m) + 20층 313㎡(25.0×12.5m) + 20층 313㎡(25.0×12.5m) + 20층 313㎡(25.0×12.5m) + 20층 313㎡(25.0×12.5m)
4개동,4개동,20+20+20+20,20,70.0,148,23,37580,400.0,15585,53165,2131,22.68,0.076,6.0,0.17,4,3.711,8.85,20층 470㎡(53.1×8.8m) + 20층 470㎡(53.1×8.8m) + 20층 470㎡(53.1×8.8m) + 20층 470㎡(53.1×8.8m)
3개동,3개동,20+20+20,20,70.0,148,16,37580,400.0,9735,47315,2035,21.66,0.141,4.3,0.12,3,3.698,20.43,20층 626㎡(30.7×20.4m) + 20층 626㎡(30.7×20.4m) + 20층 626㎡(30.7×20.4m)
3개동,3개동,20+20+20,20,70.0,148,16,37580,400.0,14161,51741,2109,22.45,0.252,13.0,0.37,3,3.645,9.46,20층 626㎡(66.2×9.5m) + 20층 626㎡(66.2×9.5m) + 20층 626㎡(66.2×9.5m)
단일,1b 층수·세장비,20,20,70.0,149,12,37580,400.0,6186,43766,1980,21.08,0.097,,,1,3.898,25.03,20층 1879㎡(75.1×25.0m)
단일,1b 층수·세장비,20,20,70.0,149,23,37580,400.0,5697,43277,1972,20.99,0.049,,,1,3.867,30.65,20층 1879㎡(61.3×30.7m)
3개동,3개동,20+20+20,20,70.0,149,21,37580,400.0,11802,49382,2070,22.03,0.065,6.0,0.17,3,3.824,12.51,20층 626㎡(50.1×12.5m) + 20층 626㎡(50.1×12.5m) + 20층 626㎡(50.1×12.5m)
단일,1b 층수·세장비,20,20,70.0,149,21,37580,400.0,6186,43766,1980,21.08,0.103,,,1,3.822,25.03,20층 1879㎡(75.1×25.0m)
단일,1b 층수·세장비,20,20,70.0,149,23,37580,400.0,6186,43766,1980,21.08,0.174,,,1,3.798,25.03,20층 1879㎡(75.1×25.0m)
단일,1b 층수·세장비,20,20,70.0,149,21,37580,400.0,6186,43766,1980,21.08,0.217,,,1,3.77,25.03,20층 1879㎡(75.1×25.0m)
단일,1b 층수·세장비,20,20,70.0,149,18,37580,400.0,6186,43766,1980,21.08,0.118,,,1,3.724,25.03,20층 1879㎡(75.1×25.0m)
6개동,6개동,20+20+20+20+20+20,20,70.0,149,23,37580,400.0,14594,52174,2110,22.46,0.487,4.0,0.11,6,3.719,12.51,20층 313㎡(25.0×12.5m) + 20층 313㎡(25.0×12.5m) + 20층 313㎡(25.0×12.5m) + 20층 313㎡(25.0×12.5m) + 20층 313㎡(25.0×12.5m) + 20층 313㎡(25.0×12.5m)
단일,1b 층수·세장비,20,20,70.0,149,16,37580,400.0,6186,43766,1980,21.08,0.146,,,1,3.682,25.03,20층 1879㎡(75.1×25.0m)
3개동,3개동,20+20+20,20,70.0,149,22,37580,400.0,14161,51741,2109,22.45,0.118,6.0,0.17,3,3.661,9.46,20층 626㎡(66.2×9.5m) + 20층 626㎡(66.2×9.5m) + 20층 626㎡(66.2×9.5m)
단일,1b 층수·세장비,20,20,70.0,150,12,37580,400.0,6186,43766,1980,21.08,0.074,,,1,3.905,25.03,20층 1879㎡(75.1×25.0m)
단일,1b 층수·세장비,20,20,70.0,150,21,37580,400.0,5697,43277,1972,20.99,0.066,,,1,3.872,30.65,20층 1879㎡(61.3×30.7m)
2개동,2개동,20+20,20,70.0,150,27,37580,400.0,8854,46434,2023,21.53,0.143,9.0,0.26,2,3.84,17.7,20층 940㎡(53.1×17.7m) + 20층 940㎡(53.1×17.7m)
단일,1b 층수·세장비,20,20,70.0,150,24,37580,400.0,6186,43766,1980,21.08,0.083,,,1,3.835,25.03,20층 1879㎡(75.1×25.0m)
단일,1a 방위·위치,20,20,70.0,150,14,37580,400.0,6682,44262,1988,21.16,0.08,,,1,3.811,21.67,20층 1879㎡(86.7×21.7m)
단일,1b 층수·세장비,20,20,70.0,150,19,37580,400.0,6186,43766,1980,21.08,0.239,,,1,3.758,25.03,20층 1879㎡(75.1×25.0m)
4개동,4개동,20+20+20+20,20,70.0,150,24,37580,400.0,11338,48918,2060,21.93,0.165,4.0,0.11,4,3.739,17.7,20층 470㎡(26.5×17.7m) + 20층 470㎡(26.5×17.7m) + 20층 470㎡(26.5×17.7m) + 20층 470㎡(26.5×17.7m)
단일,1b 층수·세장비,20,20,70.0,150,19,37580,400.0,6186,43766,1980,21.08,0.163,,,1,3.738,25.03,20층 1879㎡(75.1×25.0m)
4개동,4개동,20+20+20+20,20,70.0,150,24,37580,400.0,11338,48918,2060,21.93,0.163,4.0,0.12,4,3.738,17.7,20층 470㎡(26.5×17.7m) + 20층 470㎡(26.5×17.7m) + 20층 470㎡(26.5×17.7m) + 20층 470㎡(26.5×17.7m)
단일,1b 층수·세장비,20,20,70.0,150,17,37580,400.0,6186,43766,1980,21.08,0.254,,,1,3.723,25.03,20층 1879㎡(75.1×25.0m)
3개동,3개동,20+20+20,20,70.0,150,20,37580,400.0,14161,51741,2109,22.45,0.047,4.3,0.12,3,3.72,9.46,20층 626㎡(66.2×9.5m) + 20층 626㎡(66.2×9.5m) + 20층 626㎡(66.2×9.5m)
6개동,6개동,20+20+20+20+20+20,20,70.0,150,23,37580,400.0,14594,52174,2110,22.46,0.101,4.0,0.11,6,3.712,12.51,20층 313㎡(25.0×12.5m) + 20층 313㎡(25.0×12.5m) + 20층 313㎡(25.0×12.5m) + 20층 313㎡(25.0×12.5m) + 20층 313㎡(25.0×12.5m) + 20층 313㎡(25.0×12.5m)
3개동,3개동,20+20+20,20,70.0,150,24,37580,400.0,13414,50994,2097,22.32,0.143,4.3,0.12,3,3.711,10.22,20층 626㎡(61.3×10.2m) + 20층 626㎡(61.3×10.2m) + 20층 626㎡(61.3×10.2m)
2개동,2개동,20+20,20,70.0,150,23,37580,400.0,9555,47135,2034,21.65,0.133,13.0,0.37,2,3.71,15.33,20층 940㎡(61.3×15.3m) + 20층 940㎡(61.3×15.3m)
단일,1b 층수·세장비,20,20,70.0,150,16,37580,400.0,6186,43766,1980,21.08,0.208,,,1,3.704,25.03,20층 1879㎡(75.1×25.0m)
단일,1b 층수·세장비,20,20,70.0,150,14,37580,400.0,6682,44262,1988,21.16,0.126,,,1,3.695,21.67,20층 1879㎡(86.7×21.7m)
3개동,3개동,20+20+20,20,70.0,150,22,37580,400.0,13414,50994,2097,22.32,0.173,6.0,0.17,3,3.69,10.22,20층 626㎡(61.3×10.2m) + 20층 626㎡(61.3×10.2m) + 20층 626㎡(61.3×10.2m)
단일,1a 방위·위치,20,20,70.0,150,14,37580,400.0,6682,44262,1988,21.16,0.099,,,1,3.683,21.67,20층 1879㎡(86.7×21.7m)
2개동,2개동,20+20,20,70.0,151,28,37580,400.0,7868,45448,2006,21.35,0.262,6.0,0.17,2,3.828,25.03,20층 940㎡(37.5×25.0m) + 20층 940㎡(37.5×25.0m)
단일,1b 층수·세장비,20,20,70.0,151,23,37580,400.0,6186,43766,1980,21.08,0.105,,,1,3.822,25.03,20층 1879㎡(75.1×25.0m)
단일,1b 층수·세장비,20,20,70.0,151,9,37580,400.0,7159,44739,1996,21.25,0.064,,,1,3.789,19.39,20층 1879㎡(96.9×19.4m)
단일,1a 방위·위치,20,20,70.0,151,14,37580,400.0,6682,44262,1988,21.16,0.07,,,1,3.787,21.67,20층 1879㎡(86.7×21.7m)
단일,1b 층수·세장비,20,20,70.0,151,6,37580,400.0,7159,44739,1996,21.25,0.094,,,1,3.773,19.39,20층 1879㎡(96.9×19.4m)
3개동,3개동,20+20+20,20,70.0,151,26,37580,400.0,12628,50208,2083,22.18,0.116,4.3,0.12,3,3.769,11.19,20층 626㎡(56.0×11.2m) + 20층 626㎡(56.0×11.2m) + 20층 626㎡(56.0×11.2m)
단일,1b 층수·세장비,20,20,70.0,151,15,37580,400.0,6682,44262,1988,21.16,0.136,,,1,3.746,21.67,20층 1879㎡(86.7×21.7m)
4개동,4개동,20+20+20+20,20,70.0,151,24,37580,400.0,11338,48918,2060,21.93,0.217,4.0,0.12,4,3.745,17.7,20층 470㎡(26.5×17.7m) + 20층 470㎡(26.5×17.7m) + 20층 470㎡(26.5×17.7m) + 20층 470㎡(26.5×17.7m)
4개동,4개동,20+20+20+20,20,70.0,151,24,37580,400.0,11338,48918,2060,21.93,0.208,4.0,0.17,4,3.738,17.7,20층 470㎡(26.5×17.7m) + 20층 470㎡(26.5×17.7m) + 20층 470㎡(26.5×17.7m) + 20층 470㎡(26.5×17.7m)
4개동,4개동,20+20+20+20,20,70.0,151,24,37580,400.0,11338,48918,2060,21.93,0.205,4.0,0.17,4,3.737,17.7,20층 470㎡(26.5×17.7m) + 20층 470㎡(26.5×17.7m) + 20층 470㎡(26.5×17.7m) + 20층 470㎡(26.5×17.7m)
단일,1b 층수·세장비,20,20,70.0,151,17,37580,400.0,6186,43766,1980,21.08,0.277,,,1,3.734,25.03,20층 1879㎡(75.1×25.0m)
단일,1b 층수·세장비,20,20,70.0,151,18,37580,400.0,6186,43766,1980,21.08,0.097,,,1,3.718,25.03,20층 1879㎡(75.1×25.0m)
단일,1a 방위·위치,20,20,70.0,151,14,37580,400.0,6682,44262,1988,21.16,0.153,,,1,3.705,21.67,20층 1879㎡(86.7×21.7m)
단일,1b 층수·세장비,20,20,70.0,152,21,37580,400.0,5697,43277,1972,20.99,0.128,,,1,3.898,30.65,20층 1879㎡(61.3×30.7m)
단일,1b 층수·세장비,20,20,70.0,152,22,37580,400.0,5697,43277,1972,20.99,0.102,,,1,3.881,30.65,20층 1879㎡(61.3×30.7m)
3개동,3개동,20+20+20,20,70.0,152,27,37580,400.0,10943,48523,2055,21.88,0.27,4.3,0.12,3,3.806,14.45,20층 626㎡(43.3×14.4m) + 20층 626㎡(43.3×14.4m) + 20층 626㎡(43.3×14.4m)
2개동,2개동,20+20,20,70.0,152,24,37580,400.0,8854,46434,2023,21.53,0.113,13.0,0.37,2,3.78,17.7,20층 940㎡(53.1×17.7m) + 20층 940㎡(53.1×17.7m)
3개동,3개동,20+20+20,20,70.0,152,20,37580,400.0,13414,50994,2097,22.32,0.293,9.0,0.26,3,3.778,10.22,20층 626㎡(61.3×10.2m) + 20층 626㎡(61.3×10.2m) + 20층 626㎡(61.3×10.2m)
3개동,3개동,20+20+20,20,70.0,152,26,37580,400.0,12628,50208,2083,22.18,0.085,4.3,0.12,3,3.747,11.19,20층 626㎡(56.0×11.2m) + 20층 626㎡(56.0×11.2m) + 20층 626㎡(56.0×11.2m)
단일,1b 층수·세장비,20,20,70.0,152,2,37580,400.0,7613,45193,2004,21.33,0.104,,,1,3.738,17.7,20층 1879㎡(106.2×17.7m)
단일,1b 층수·세장비,20,20,70.0,152,18,37580,400.0,6186,43766,1980,21.08,0.075,,,1,3.711,25.03,20층 1879㎡(75.1×25.0m)
3개동,3개동,20+20+20,20,70.0,152,17,37580,400.0,14161,51741,2109,22.45,0.167,4.3,0.12,3,3.681,9.46,20층 626㎡(66.2×9.5m) + 20층 626㎡(66.2×9.5m) + 20층 626㎡(66.2×9.5m)
4개동,4개동,20+20+20+20,20,70.0,152,17,37580,400.0,12733,50313,2083,22.17,0.17,4.3,0.12,4,3.671,12.51,20층 470㎡(37.5×12.5m) + 20층 470㎡(37.5×12.5m) + 20층 470㎡(37.5×12.5m) + 20층 470㎡(37.5×12.5m)
단일,1b 층수·세장비,20,20,70.0,153,21,37580,400.0,5697,43277,1972,20.99,0.109,,,1,3.906,30.65,20층 1879㎡(61.3×30.7m)
2개동,2개동,20+20,20,70.0,153,23,37580,400.0,7868,45448,2006,21.35,0.262,6.0,0.17,2,3.855,25.03,20층 940㎡(37.5×25.0m) + 20층 940㎡(37.5×25.0m)
2개동,2개동,20+20,20,70.0,153,19,37580,400.0,8854,46434,2023,21.53,0.274,19.0,0.54,2,3.826,17.7,20층 940㎡(53.1×17.7m) + 20층 940㎡(53.1×17.7m)
단일,1b 층수·세장비,20,20,70.0,153,21,37580,400.0,6186,43766,1980,21.08,0.126,,,1,3.809,25.03,20층 1879㎡(75.1×25.0m)
단일,1b 층수·세장비,20,20,70.0,153,24,37580,400.0,5937,43517,1976,21.03,0.156,,,1,3.804,27.42,20층 1879㎡(68.5×27.4m)
4개동,4개동,20+20+20+20,20,70.0,153,19,37580,400.0,15585,53165,2131,22.68,0.05,4.3,0.12,4,3.787,8.85,20층 470㎡(53.1×8.8m) + 20층 470㎡(53.1×8.8m) + 20층 470㎡(53.1×8.8m) + 20층 470㎡(53.1×8.8m)
3개동,3개동,20+20+20,20,70.0,153,28,37580,400.0,10943,48523,2055,21.88,0.441,4.3,0.12,3,3.758,14.45,20층 626㎡(43.3×14.4m) + 20층 626㎡(43.3×14.4m) + 20층 626㎡(43.3×14.4m)
단일,1b 층수·세장비,20,20,70.0,153,3,37580,400.0,7613,45193,2004,21.33,0.07,,,1,3.754,17.7,20층 1879㎡(106.2×17.7m)
6개동,6개동,20+20+20+20+20+20,20,70.0,153,24,37580,400.0,14084,51664,2102,22.37,0.087,4.0,0.11,6,3.749,14.45,20층 313㎡(21.7×14.4m) + 20층 313㎡(21.7×14.4m) + 20층 313㎡(21.7×14.4m) + 20층 313㎡(21.7×14.4m) + 20층 313㎡(21.7×14.4m) + 20층 313㎡(21.7×14.4m)
3개동,3개동,20+20+20,20,70.0,153,24,37580,400.0,12628,50208,2083,22.18,0.178,4.3,0.12,3,3.747,11.19,20층 626㎡(56.0×11.2m) + 20층 626㎡(56.0×11.2m) + 20층 626㎡(56.0×11.2m)
3개동,3개동,20+20+20,20,70.0,153,24,37580,400.0,12628,50208,2083,22.18,0.181,4.3,0.12,3,3.747,11.19,20층 626㎡(56.0×11.2m) + 20층 626㎡(56.0×11.2m) + 20층 626㎡(56.0×11.2m)
4개동,4개동,20+20+20+20,20,70.0,153,25,37580,400.0,11338,48918,2060,21.93,0.222,4.0,0.11,4,3.744,17.7,20층 470㎡(26.5×17.7m) + 20층 470㎡(26.5×17.7m) + 20층 470㎡(26.5×17.7m) + 20층 470㎡(26.5×17.7m)
6개동,6개동,20+20+20+20+20+20,20,70.0,153,24,37580,400.0,14084,51664,2102,22.37,0.086,4.0,0.11,6,3.739,14.45,20층 313㎡(21.7×14.4m) + 20층 313㎡(21.7×14.4m) + 20층 313㎡(21.7×14.4m) + 20층 313㎡(21.7×14.4m) + 20층 313㎡(21.7×14.4m) + 20층 313㎡(21.7×14.4m)
단일,1a 방위·위치,20,20,70.0,153,14,37580,400.0,6682,44262,1988,21.16,0.163,,,1,3.732,21.67,20층 1879㎡(86.7×21.7m)
단일,1b 층수·세장비,20,20,70.0,154,23,37580,400.0,5937,43517,1976,21.03,0.069,,,1,3.8,27.42,20층 1879㎡(68.5×27.4m)
단일,1b 층수·세장비,20,20,70.0,154,23,37580,400.0,5937,43517,1976,21.03,0.095,,,1,3.783,27.42,20층 1879㎡(68.5×27.4m)
3개동,3개동,20+20+20,20,70.0,154,19,37580,400.0,12628,50208,2083,22.18,0.272,9.0,0.26,3,3.775,11.19,20층 626㎡(56.0×11.2m) + 20층 626㎡(56.0×11.2m) + 20층 626㎡(56.0×11.2m)
단일,1b 층수·세장비,20,20,70.0,154,13,37580,400.0,7159,44739,1996,21.25,0.048,,,1,3.763,19.39,20층 1879㎡(96.9×19.4m)
3개동,3개동,20+20+20,20,70.0,154,24,37580,400.0,11802,49382,2070,22.03,0.458,6.0,0.17,3,3.749,12.51,20층 626㎡(50.1×12.5m) + 20층 626㎡(50.1×12.5m) + 20층 626㎡(50.1×12.5m)
4개동,4개동,20+20+20+20,20,70.0,154,23,37580,400.0,13724,51304,2100,22.35,0.389,4.3,0.12,4,3.749,10.84,20층 470㎡(43.3×10.8m) + 20층 470㎡(43.3×10.8m) + 20층 470㎡(43.3×10.8m) + 20층 470㎡(43.3×10.8m)
4개동,4개동,20+20+20+20,20,70.0,154,22,37580,400.0,15585,53165,2131,22.68,0.076,6.0,0.17,4,3.739,8.85,20층 470㎡(53.1×8.8m) + 20층 470㎡(53.1×8.8m) + 20층 470㎡(53.1×8.8m) + 20층 470㎡(53.1×8.8m)
3개동,3개동,20+20+20,20,70.0,154,24,37580,400.0,12628,50208,2083,22.18,0.154,6.0,0.17,3,3.733,11.19,20층 626㎡(56.0×11.2m) + 20층 626㎡(56.0×11.2m) + 20층 626㎡(56.0×11.2m)
3개동,3개동,20+20+20,20,70.0,154,24,37580,400.0,12628,50208,2083,22.18,0.061,6.0,0.17,3,3.732,11.19,20층 626㎡(56.0×11.2m) + 20층 626㎡(56.0×11.2m) + 20층 626㎡(56.0×11.2m)
6개동,6개동,20+20+20+20+20+20,20,70.0,154,23,37580,400.0,14084,51664,2102,22.37,0.112,4.0,0.11,6,3.726,14.45,20층 313㎡(21.7×14.4m) + 20층 313㎡(21.7×14.4m) + 20층 313㎡(21.7×14.4m) + 20층 313㎡(21.7×14.4m) + 20층 313㎡(21.7×14.4m) + 20층 313㎡(21.7×14.4m)
6개동,6개동,20+20+20+20+20+20,20,70.0,154,24,37580,400.0,14594,52174,2110,22.46,0.154,4.0,0.11,6,3.726,12.51,20층 313㎡(25.0×12.5m) + 20층 313㎡(25.0×12.5m) + 20층 313㎡(25.0×12.5m) + 20층 313㎡(25.0×12.5m) + 20층 313㎡(25.0×12.5m) + 20층 313㎡(25.0×12.5m)
6개동,6개동,20+20+20+20+20+20,20,70.0,154,24,37580,400.0,14084,51664,2102,22.37,0.445,4.0,0.11,6,3.725,14.45,20층 313㎡(21.7×14.4m) + 20층 313㎡(21.7×14.4m) + 20층 313㎡(21.7×14.4m) + 20층 313㎡(21.7×14.4m) + 20층 313㎡(21.7×14.4m) + 20층 313㎡(21.7×14.4m)
4개동,4개동,20+20+20+20,20,70.0,154,24,37580,400.0,15585,53165,2131,22.68,0.446,4.3,0.12,4,3.723,8.85,20층 470㎡(53.1×8.8m) + 20층 470㎡(53.1×8.8m) + 20층 470㎡(53.1×8.8m) + 20층 470㎡(53.1×8.8m)
단일,1b 층수·세장비,20,20,70.0,154,14,37580,400.0,6682,44262,1988,21.16,0.18,,,1,3.718,21.67,20층 1879㎡(86.7×21.7m)
6개동,6개동,20+20+20+20+20+20,20,70.0,154,23,37580,400.0,14084,51664,2102,22.37,0.445,4.0,0.11,6,3.713,14.45,20층 313㎡(21.7×14.4m) + 20층 313㎡(21.7×14.4m) + 20층 313㎡(21.7×14.4m) + 20층 313㎡(21.7×14.4m) + 20층 313㎡(21.7×14.4m) + 20층 313㎡(21.7×14.4m)
3개동,3개동,20+20+20,20,70.0,154,23,37580,400.0,12628,50208,2083,22.18,0.111,9.0,0.26,3,3.711,11.19,20층 626㎡(56.0×11.2m) + 20층 626㎡(56.0×11.2m) + 20층 626㎡(56.0×11.2m)
3개동,3개동,20+20+20,20,70.0,154,23,37580,400.0,12628,50208,2083,22.18,0.114,9.0,0.26,3,3.711,11.19,20층 626㎡(56.0×11.2m) + 20층 626㎡(56.0×11.2m) + 20층 626㎡(56.0×11.2m)
2개동,2개동,20+20,20,70.0,154,15,37580,400.0,11482,49062,2066,21.99,0.087,4.3,0.12,2,3.707,11.59,20층 940㎡(81.1×11.6m) + 20층 940㎡(81.1×11.6m)
3개동,3개동,20+20+20,20,70.0,154,22,37580,400.0,12628,50208,2083,22.18,0.076,9.0,0.26,3,3.7,11.19,20층 626㎡(56.0×11.2m) + 20층 626㎡(56.0×11.2m) + 20층 626㎡(56.0×11.2m)
5개동,5개동,20+20+20+20+20,20,70.0,154,14,37580,400.0,16505,54085,2144,22.82,0.165,4.3,0.12,5,3.656,8.67,20층 376㎡(43.3×8.7m) + 20층 376㎡(43.3×8.7m) + 20층 376㎡(43.3×8.7m) + 20층 376㎡(43.3×8.7m) + 20층 376㎡(43.3×8.7m)
3개동,3개동,20+20+20,20,70.0,154,14,37580,400.0,14161,51741,2109,22.45,0.089,13.0,0.37,3,3.598,9.46,20층 626㎡(66.2×9.5m) + 20층 626㎡(66.2×9.5m) + 20층 626㎡(66.2×9.5m)
2개동,2개동,20+20,20,70.0,155,19,37580,400.0,9555,47135,2034,21.65,0.082,4.3,0.12,2,3.858,15.33,20층 940㎡(61.3×15.3m) + 20층 940㎡(61.3×15.3m)
단일,1b 층수·세장비,20,20,70.0,155,25,37580,400.0,5937,43517,1976,21.03,0.089,,,1,3.838,27.42,20층 1879㎡(68.5×27.4m)
단일,1b 층수·세장비,20,20,70.0,155,18,37580,400.0,5937,43517,1976,21.03,0.08,,,1,3.837,27.42,20층 1879㎡(68.5×27.4m)
단일,1b 층수·세장비,20,20,70.0,155,24,37580,400.0,5937,43517,1976,21.03,0.14,,,1,3.818,27.42,20층 1879㎡(68.5×27.4m)
단일,1b 층수·세장비,20,20,70.0,155,23,37580,400.0,5937,43517,1976,21.03,0.075,,,1,3.779,27.42,20층 1879㎡(68.5×27.4m)
3개동,3개동,20+20+20,20,70.0,155,23,37580,400.0,10512,48092,2048,21.8,0.387,6.0,0.17,3,3.777,15.83,20층 626㎡(39.6×15.8m) + 20층 626㎡(39.6×15.8m) + 20층 626㎡(39.6×15.8m)
단일,1b 층수·세장비,20,20,70.0,155,13,37580,400.0,7159,44739,1996,21.25,0.109,,,1,3.735,19.39,20층 1879㎡(96.9×19.4m)
3개동,3개동,20+20+20,20,70.0,155,16,37580,400.0,10512,48092,2048,21.8,0.173,9.0,0.26,3,3.681,15.83,20층 626㎡(39.6×15.8m) + 20층 626㎡(39.6×15.8m) + 20층 626㎡(39.6×15.8m)
3개동,3개동,20+20+20,20,70.0,155,20,37580,400.0,10943,48523,2055,21.88,0.203,9.0,0.26,3,3.678,14.45,20층 626㎡(43.3×14.4m) + 20층 626㎡(43.3×14.4m) + 20층 626㎡(43.3×14.4m)
3개동,3개동,20+20+20,20,70.0,155,17,37580,400.0,14161,51741,2109,22.45,0.143,6.0,0.17,3,3.663,9.46,20층 626㎡(66.2×9.5m) + 20층 626㎡(66.2×9.5m) + 20층 626㎡(66.2×9.5m)
3개동,3개동,20+20+20,20,70.0,155,22,37580,400.0,13414,50994,2097,22.32,0.131,9.0,0.26,3,3.661,10.22,20층 626㎡(61.3×10.2m) + 20층 626㎡(61.3×10.2m) + 20층 626㎡(61.3×10.2m)
단일,1b 층수·세장비,20,20,70.0,156,15,37580,400.0,6186,43766,1980,21.08,0.165,,,1,3.844,25.03,20층 1879㎡(75.1×25.0m)
3개동,3개동,20+20+20,20,70.0,156,19,37580,400.0,10943,48523,2055,21.88,0.246,6.0,0.17,3,3.834,14.45,20층 626㎡(43.3×14.4m) + 20층 626㎡(43.3×14.4m) + 20층 626㎡(43.3×14.4m)
단일,1b 층수·세장비,20,20,70.0,156,18,37580,400.0,5937,43517,1976,21.03,0.06,,,1,3.828,27.42,20층 1879㎡(68.5×27.4m)
단일,1b 층수·세장비,20,20,70.0,156,20,37580,400.0,6186,43766,1980,21.08,0.08,,,1,3.817,25.03,20층 1879㎡(75.1×25.0m)
단일,1b 층수·세장비,20,20,70.0,156,21,37580,400.0,6682,44262,1988,21.16,0.061,,,1,3.815,21.67,20층 1879㎡(86.7×21.7m)
2개동,2개동,20+20,20,70.0,156,28,37580,400.0,9555,47135,2034,21.65,0.07,6.0,0.17,2,3.789,15.33,20층 940㎡(61.3×15.3m) + 20층 940㎡(61.3×15.3m)
단일,1b 층수·세장비,20,20,70.0,156,13,37580,400.0,7159,44739,1996,21.25,0.072,,,1,3.771,19.39,20층 1879㎡(96.9×19.4m)
2개동,2개동,20+20,20,70.0,156,16,37580,400.0,9555,47135,2034,21.65,0.08,28.0,0.8,2,3.755,15.33,20층 940㎡(61.3×15.3m) + 20층 940㎡(61.3×15.3m)
단일,1b 층수·세장비,20,20,70.0,156,6,37580,400.0,7159,44739,1996,21.25,0.083,,,1,3.747,19.39,20층 1879㎡(96.9×19.4m)
단일,1a 방위·위치,20,20,70.0,156,16,37580,400.0,6682,44262,1988,21.16,0.138,,,1,3.737,21.67,20층 1879㎡(86.7×21.7m)
2개동,2개동,20+20,20,70.0,156,25,37580,400.0,7868,45448,2006,21.35,0.212,13.0,0.37,2,3.728,25.03,20층 940㎡(37.5×25.0m) + 20층 940㎡(37.5×25.0m)
단일,1b 층수·세장비,20,20,70.0,156,6,37580,400.0,7159,44739,1996,21.25,0.052,,,1,3.727,19.39,20층 1879㎡(96.9×19.4m)
단일,1b 층수·세장비,20,20,70.0,156,13,37580,400.0,7159,44739,1996,21.25,0.098,,,1,3.704,19.39,20층 1879㎡(96.9×19.4m)
3개동,3개동,20+20+20,20,70.0,156,23,37580,400.0,13414,50994,2097,22.32,0.136,6.0,0.17,3,3.694,10.22,20층 626㎡(61.3×10.2m) + 20층 626㎡(61.3×10.2m) + 20층 626㎡(61.3×10.2m)
5개동,5개동,20+20+20+20+20,20,70.0,156,14,37580,400.0,15439,53019,2126,22.63,0.129,4.3,0.12,5,3.667,9.69,20층 376㎡(38.8×9.7m) + 20층 376㎡(38.8×9.7m) + 20층 376㎡(38.8×9.7m) + 20층 376㎡(38.8×9.7m) + 20층 376㎡(38.8×9.7m)
단일,1a 방위·위치,20,20,70.0,156,14,37580,400.0,6682,44262,1988,21.16,0.047,,,1,3.649,21.67,20층 1879㎡(86.7×21.7m)
2개동,2개동,20+20,20,70.0,156,16,37580,400.0,10230,47810,2045,21.77,0.172,19.0,0.54,2,3.64,13.71,20층 940㎡(68.5×13.7m) + 20층 940㎡(68.5×13.7m)
단일,1b 층수·세장비,20,20,70.0,157,20,37580,400.0,6186,43766,1980,21.08,0.088,,,1,3.853,25.03,20층 1879㎡(75.1×25.0m)
단일,1b 층수·세장비,20,20,70.0,157,20,37580,400.0,5937,43517,1976,21.03,0.12,,,1,3.848,27.42,20층 1879㎡(68.5×27.4m)
단일,1b 층수·세장비,20,20,70.0,157,19,37580,400.0,6186,43766,1980,21.08,0.112,,,1,3.84,25.03,20층 1879㎡(75.1×25.0m)
2개동,2개동,20+20,20,70.0,157,21,37580,400.0,8854,46434,2023,21.53,0.049,13.0,0.37,2,3.84,17.7,20층 940㎡(53.1×17.7m) + 20층 940㎡(53.1×17.7m)
단일,1a 방위·위치,20,20,70.0,157,14,37580,400.0,6682,44262,1988,21.16,0.079,,,1,3.826,21.67,20층 1879㎡(86.7×21.7m)
단일,1b 층수·세장비,20,20,70.0,157,20,37580,400.0,6186,43766,1980,21.08,0.103,,,1,3.825,25.03,20층 1879㎡(75.1×25.0m)
단일,1b 층수·세장비,20,20,70.0,157,16,37580,400.0,6186,43766,1980,21.08,0.156,,,1,3.823,25.03,20층 1879㎡(75.1×25.0m)
3개동,3개동,20+20+20,20,70.0,157,15,37580,400.0,10096,47676,2041,21.73,0.176,6.0,0.17,3,3.821,17.7,20층 626㎡(35.4×17.7m) + 20층 626㎡(35.4×17.7m) + 20층 626㎡(35.4×17.7m)
단일,1b 층수·세장비,20,20,70.0,157,16,37580,400.0,6186,43766,1980,21.08,0.133,,,1,3.817,25.03,20층 1879㎡(75.1×25.0m)
단일,1b 층수·세장비,20,20,70.0,157,7,37580,400.0,7159,44739,1996,21.25,0.057,,,1,3.804,19.39,20층 1879㎡(96.9×19.4m)
단일,1a 방위·위치,20,20,70.0,157,13,37580,400.0,6682,44262,1988,21.16,0.133,,,1,3.797,21.67,20층 1879㎡(86.7×21.7m)
단일,1a 방위·위치,20,20,70.0,157,13,37580,400.0,6682,44262,1988,21.16,0.123,,,1,3.774,21.67,20층 1879㎡(86.7×21.7m)
단일,1b 층수·세장비,20,20,70.0,157,6,37580,400.0,7159,44739,1996,21.25,0.116,,,1,3.773,19.39,20층 1879㎡(96.9×19.4m)
3개동,3개동,20+20+20,20,70.0,157,23,37580,400.0,10096,47676,2041,21.73,0.347,6.0,0.17,3,3.763,17.7,20층 626㎡(35.4×17.7m) + 20층 626㎡(35.4×17.7m) + 20층 626㎡(35.4×17.7m)
단일,1b 층수·세장비,20,20,70.0,157,13,37580,400.0,7159,44739,1996,21.25,0.078,,,1,3.75,19.39,20층 1879㎡(96.9×19.4m)
3개동,3개동,20+20+20,20,70.0,157,26,37580,400.0,12628,50208,2083,22.18,0.079,6.0,0.17,3,3.747,11.19,20층 626㎡(56.0×11.2m) + 20층 626㎡(56.0×11.2m) + 20층 626㎡(56.0×11.2m)
6개동,6개동,20+20+20+20+20+20,20,70.0,157,24,37580,400.0,14084,51664,2102,22.37,0.046,4.0,0.11,6,3.745,14.45,20층 313㎡(21.7×14.4m) + 20층 313㎡(21.7×14.4m) + 20층 313㎡(21.7×14.4m) + 20층 313㎡(21.7×14.4m) + 20층 313㎡(21.7×14.4m) + 20층 313㎡(21.7×14.4m)
단일,1b 층수·세장비,20,20,70.0,157,6,37580,400.0,7159,44739,1996,21.25,0.136,,,1,3.734,19.39,20층 1879㎡(96.9×19.4m)
3개동,3개동,20+20+20,20,70.0,157,23,37580,400.0,11802,49382,2070,22.03,0.415,9.0,0.26,3,3.733,12.51,20층 626㎡(50.1×12.5m) + 20층 626㎡(50.1×12.5m) + 20층 626㎡(50.1×12.5m)
단일,1b 층수·세장비,20,20,70.0,157,13,37580,400.0,7159,44739,1996,21.25,0.128,,,1,3.72,19.39,20층 1879㎡(96.9×19.4m)
3개동,3개동,20+20+20,20,70.0,157,24,37580,400.0,13414,50994,2097,22.32,0.202,4.3,0.12,3,3.718,10.22,20층 626㎡(61.3×10.2m) + 20층 626㎡(61.3×10.2m) + 20층 626㎡(61.3×10.2m)
6개동,6개동,20+20+20+20+20+20,20,70.0,157,23,37580,400.0,14084,51664,2102,22.37,0.445,4.0,0.11,6,3.691,14.45,20층 313㎡(21.7×14.4m) + 20층 313㎡(21.7×14.4m) + 20층 313㎡(21.7×14.4m) + 20층 313㎡(21.7×14.4m) + 20층 313㎡(21.7×14.4m) + 20층 313㎡(21.7×14.4m)
3개동,3개동,20+20+20,20,70.0,157,25,37580,400.0,14161,51741,2109,22.45,0.044,4.3,0.12,3,3.66,9.46,20층 626㎡(66.2×9.5m) + 20층 626㎡(66.2×9.5m) + 20층 626㎡(66.2×9.5m)
2개동,2개동,20+20,20,70.0,157,14,37580,400.0,11482,49062,2066,21.99,0.096,9.0,0.26,2,3.659,11.59,20층 940㎡(81.1×11.6m) + 20층 940㎡(81.1×11.6m)
단일,1b 층수·세장비,20,20,70.0,158,22,37580,400.0,5937,43517,1976,21.03,0.087,,,1,3.895,27.42,20층 1879㎡(68.5×27.4m)
2개동,2개동,20+20,20,70.0,158,21,37580,400.0,7868,45448,2006,21.35,0.154,18.3,0.52,2,3.871,25.03,20층 940㎡(37.5×25.0m) + 20층 940㎡(37.5×25.0m)
단일,1b 층수·세장비,20,20,70.0,158,19,37580,400.0,5937,43517,1976,21.03,0.149,,,1,3.869,27.42,20층 1879㎡(68.5×27.4m)
3개동,3개동,20+20+20,20,70.0,158,19,37580,400.0,10512,48092,2048,21.8,0.216,6.0,0.17,3,3.83,15.83,20층 626㎡(39.6×15.8m) + 20층 626㎡(39.6×15.8m) + 20층 626㎡(39.6×15.8m)
2개동,2개동,20+20,20,70.0,158,27,37580,400.0,8854,46434,2023,21.53,0.152,6.0,0.17,2,3.823,17.7,20층 940㎡(53.1×17.7m) + 20층 940㎡(53.1×17.7m)
단일,1a 방위·위치,20,20,70.0,158,22,37580,400.0,6682,44262,1988,21.16,0.084,,,1,3.807,21.67,20층 1879㎡(86.7×21.7m)
단일,1b 층수·세장비,20,20,70.0,158,14,37580,400.0,6682,44262,1988,21.16,0.106,,,1,3.807,21.67,20층 1879㎡(86.7×21.7m)
2개동,2개동,20+20,20,70.0,158,24,37580,400.0,8854,46434,2023,21.53,0.102,13.0,0.37,2,3.804,17.7,20층 940㎡(53.1×17.7m) + 20층 940㎡(53.1×17.7m)
단일,1a 방위·위치,20,20,70.0,158,15,37580,400.0,6682,44262,1988,21.16,0.094,,,1,3.792,21.67,20층 1879㎡(86.7×21.7m)
2개동,2개동,20+20,20,70.0,158,21,37580,400.0,10230,47810,2045,21.77,0.093,6.0,0.17,2,3.784,13.71,20층 940㎡(68.5×13.7m) + 20층 940㎡(68.5×13.7m)
단일,1b 층수·세장비,20,20,70.0,158,14,37580,400.0,6682,44262,1988,21.16,0.121,,,1,3.779,21.67,20층 1879㎡(86.7×21.7m)
단일,1b 층수·세장비,20,20,70.0,158,21,37580,400.0,6186,43766,1980,21.08,0.171,,,1,3.778,25.03,20층 1879㎡(75.1×25.0m)
단일,1b 층수·세장비,20,20,70.0,158,14,37580,400.0,6682,44262,1988,21.16,0.148,,,1,3.766,21.67,20층 1879㎡(86.7×21.7m)
단일,1b 층수·세장비,20,20,70.0,158,5,37580,400.0,7159,44739,1996,21.25,0.147,,,1,3.76,19.39,20층 1879㎡(96.9×19.4m)
4개동,4개동,20+20+20+20,20,70.0,158,27,37580,400.0,11338,48918,2060,21.93,0.169,4.0,0.12,4,3.757,17.7,20층 470㎡(26.5×17.7m) + 20층 470㎡(26.5×17.7m) + 20층 470㎡(26.5×17.7m) + 20층 470㎡(26.5×17.7m)
단일,1a 방위·위치,20,20,70.0,158,13,37580,400.0,6682,44262,1988,21.16,0.069,,,1,3.755,21.67,20층 1879㎡(86.7×21.7m)
단일,1b 층수·세장비,20,20,70.0,158,12,37580,400.0,7159,44739,1996,21.25,0.101,,,1,3.755,19.39,20층 1879㎡(96.9×19.4m)
3개동,3개동,20+20+20,20,70.0,158,23,37580,400.0,10943,48523,2055,21.88,0.374,9.0,0.26,3,3.754,14.45,20층 626㎡(43.3×14.4m) + 20층 626㎡(43.3×14.4m) + 20층 626㎡(43.3×14.4m)
단일,1b 층수·세장비,20,20,70.0,158,22,37580,400.0,6186,43766,1980,21.08,0.103,,,1,3.752,25.03,20층 1879㎡(75.1×25.0m)
단일,1b 층수·세장비,20,20,70.0,158,14,37580,400.0,6682,44262,1988,21.16,0.165,,,1,3.751,21.67,20층 1879㎡(86.7×21.7m)
단일,1b 층수·세장비,20,20,70.0,158,14,37580,400.0,6682,44262,1988,21.16,0.111,,,1,3.726,21.67,20층 1879㎡(86.7×21.7m)
6개동,6개동,20+20+20+20+20+20,20,70.0,158,23,37580,400.0,14084,51664,2102,22.37,0.084,4.0,0.11,6,3.724,14.45,20층 313㎡(21.7×14.4m) + 20층 313㎡(21.7×14.4m) + 20층 313㎡(21.7×14.4m) + 20층 313㎡(21.7×14.4m) + 20층 313㎡(21.7×14.4m) + 20층 313㎡(21.7×14.4m)
단일,1b 층수·세장비,20,20,70.0,158,6,37580,400.0,7159,44739,1996,21.25,0.105,,,1,3.723,19.39,20층 1879㎡(96.9×19.4m)
6개동,6개동,20+20+20+20+20+20,20,70.0,158,24,37580,400.0,14594,52174,2110,22.46,0.125,4.0,0.11,6,3.721,12.51,20층 313㎡(25.0×12.5m) + 20층 313㎡(25.0×12.5m) + 20층 313㎡(25.0×12.5m) + 20층 313㎡(25.0×12.5m) + 20층 313㎡(25.0×12.5m) + 20층 313㎡(25.0×12.5m)
4개동,4개동,20+20+20+20,20,70.0,158,24,37580,400.0,11338,48918,2060,21.93,0.219,4.0,0.11,4,3.719,17.7,20층 470㎡(26.5×17.7m) + 20층 470㎡(26.5×17.7m) + 20층 470㎡(26.5×17.7m) + 20층 470㎡(26.5×17.7m)
4개동,4개동,20+20+20+20,20,70.0,158,24,37580,400.0,14678,52258,2116,22.52,0.422,4.3,0.12,4,3.718,9.69,20층 470㎡(48.5×9.7m) + 20층 470㎡(48.5×9.7m) + 20층 470㎡(48.5×9.7m) + 20층 470㎡(48.5×9.7m)
단일,1b 층수·세장비,20,20,70.0,158,1,37580,400.0,7613,45193,2004,21.33,0.091,,,1,3.708,17.7,20층 1879㎡(106.2×17.7m)
5개동,5개동,20+20+20+20+20,20,70.0,158,16,37580,400.0,16505,54085,2144,22.82,0.165,4.3,0.12,5,3.633,8.67,20층 376㎡(43.3×8.7m) + 20층 376㎡(43.3×8.7m) + 20층 376㎡(43.3×8.7m) + 20층 376㎡(43.3×8.7m) + 20층 376㎡(43.3×8.7m)
5개동,5개동,20+20+20+20+20,20,70.0,158,14,37580,400.0,16505,54085,2144,22.82,0.117,6.0,0.17,5,3.633,8.67,20층 376㎡(43.3×8.7m) + 20층 376㎡(43.3×8.7m) + 20층 376㎡(43.3×8.7m) + 20층 376㎡(43.3×8.7m) + 20층 376㎡(43.3×8.7m)
3개동,3개동,20+20+20,20,70.0,158,16,37580,400.0,14161,51741,2109,22.45,0.1,9.0,0.26,3,3.631,9.46,20층 626㎡(66.2×9.5m) + 20층 626㎡(66.2×9.5m) + 20층 626㎡(66.2×9.5m)
단일,1b 층수·세장비,20,20,70.0,159,23,37580,400.0,5937,43517,1976,21.03,0.067,,,1,3.905,27.42,20층 1879㎡(68.5×27.4m)
단일,1b 층수·세장비,20,20,70.0,159,17,37580,400.0,6186,43766,1980,21.08,0.141,,,1,3.854,25.03,20층 1879㎡(75.1×25.0m)
단일,1a 방위·위치,20,20,70.0,159,21,37580,400.0,6682,44262,1988,21.16,0.061,,,1,3.811,21.67,20층 1879㎡(86.7×21.7m)
3개동,3개동,20+20+20,20,70.0,159,15,37580,400.0,10943,48523,2055,21.88,0.203,9.0,0.26,3,3.809,14.45,20층 626㎡(43.3×14.4m) + 20층 626㎡(43.3×14.4m) + 20층 626㎡(43.3×14.4m)
3개동,3개동,20+20+20,20,70.0,159,28,37580,400.0,10512,48092,2048,21.8,0.24,4.3,0.12,3,3.789,15.83,20층 626㎡(39.6×15.8m) + 20층 626㎡(39.6×15.8m) + 20층 626㎡(39.6×15.8m)
3개동,3개동,20+20+20,20,70.0,159,27,37580,400.0,10943,48523,2055,21.88,0.245,6.0,0.17,3,3.786,14.45,20층 626㎡(43.3×14.4m) + 20층 626㎡(43.3×14.4m) + 20층 626㎡(43.3×14.4m)
3개동,3개동,20+20+20,20,70.0,159,23,37580,400.0,12628,50208,2083,22.18,0.177,4.3,0.12,3,3.77,11.19,20층 626㎡(56.0×11.2m) + 20층 626㎡(56.0×11.2m) + 20층 626㎡(56.0×11.2m)
단일,1a 방위·위치,20,20,70.0,159,11,37580,400.0,6682,44262,1988,21.16,0.176,,,1,3.769,21.67,20층 1879㎡(86.7×21.7m)
2개동,2개동,20+20,20,70.0,159,24,37580,400.0,8854,46434,2023,21.53,0.07,19.0,0.54,2,3.767,17.7,20층 940㎡(53.1×17.7m) + 20층 940㎡(53.1×17.7m)
단일,1b 층수·세장비,20,20,70.0,159,14,37580,400.0,6682,44262,1988,21.16,0.096,,,1,3.766,21.67,20층 1879㎡(86.7×21.7m)
3개동,3개동,20+20+20,20,70.0,159,24,37580,400.0,13414,50994,2097,22.32,0.119,4.3,0.12,3,3.765,10.22,20층 626㎡(61.3×10.2m) + 20층 626㎡(61.3×10.2m) + 20층 626㎡(61.3×10.2m)
4개동,4개동,20+20+20+20,20,70.0,159,28,37580,400.0,11338,48918,2060,21.93,0.138,4.0,0.11,4,3.765,17.7,20층 470㎡(26.5×17.7m) + 20층 470㎡(26.5×17.7m) + 20층 470㎡(26.5×17.7m) + 20층 470㎡(26.5×17.7m)
단일,1a 방위·위치,20,20,70.0,159,10,37580,400.0,6682,44262,1988,21.16,0.123,,,1,3.749,21.67,20층 1879㎡(86.7×21.7m)
4개동,4개동,20+20+20+20,20,70.0,159,26,37580,400.0,13724,51304,2100,22.35,0.217,4.3,0.12,4,3.749,10.84,20층 470㎡(43.3×10.8m) + 20층 470㎡(43.3×10.8m) + 20층 470㎡(43.3×10.8m) + 20층 470㎡(43.3×10.8m)
단일,1b 층수·세장비,20,20,70.0,159,10,37580,400.0,6682,44262,1988,21.16,0.097,,,1,3.741,21.67,20층 1879㎡(86.7×21.7m)
3개동,3개동,20+20+20,20,70.0,159,29,37580,400.0,10512,48092,2048,21.8,0.412,4.3,0.12,3,3.741,15.83,20층 626㎡(39.6×15.8m) + 20층 626㎡(39.6×15.8m) + 20층 626㎡(39.6×15.8m)
4개동,4개동,20+20+20+20,20,70.0,159,22,37580,400.0,12733,50313,2083,22.17,0.341,4.3,0.12,4,3.739,12.51,20층 470㎡(37.5×12.5m) + 20층 470㎡(37.5×12.5m) + 20층 470㎡(37.5×12.5m) + 20층 470㎡(37.5×12.5m)
3개동,3개동,20+20+20,20,70.0,159,28,37580,400.0,10943,48523,2055,21.88,0.417,6.0,0.17,3,3.732,14.45,20층 626㎡(43.3×14.4m) + 20층 626㎡(43.3×14.4m) + 20층 626㎡(43.3×14.4m)
6개동,6개동,20+20+20+20+20+20,20,70.0,159,24,37580,400.0,14594,52174,2110,22.46,0.107,4.0,0.11,6,3.718,12.51,20층 313㎡(25.0×12.5m) + 20층 313㎡(25.0×12.5m) + 20층 313㎡(25.0×12.5m) + 20층 313㎡(25.0×12.5m) + 20층 313㎡(25.0×12.5m) + 20층 313㎡(25.0×12.5m)
2개동,2개동,20+20,20,70.0,159,23,37580,400.0,10871,48451,2056,21.89,0.05,4.3,0.12,2,3.717,12.51,20층 940㎡(75.1×12.5m) + 20층 940㎡(75.1×12.5m)
6개동,6개동,20+20+20+20+20+20,20,70.0,159,24,37580,400.0,15182,52762,2120,22.57,0.182,4.0,0.11,6,3.696,11.19,20층 313㎡(28.0×11.2m) + 20층 313㎡(28.0×11.2m) + 20층 313㎡(28.0×11.2m) + 20층 313㎡(28.0×11.2m) + 20층 313㎡(28.0×11.2m) + 20층 313㎡(28.0×11.2m)
6개동,6개동,20+20+20+20+20+20,20,70.0,159,24,37580,400.0,15182,52762,2120,22.57,0.185,4.0,0.11,6,3.695,11.19,20층 313㎡(28.0×11.2m) + 20층 313㎡(28.0×11.2m) + 20층 313㎡(28.0×11.2m) + 20층 313㎡(28.0×11.2m) + 20층 313㎡(28.0×11.2m) + 20층 313㎡(28.0×11.2m)
6개동,6개동,20+20+20+20+20+20,20,70.0,159,23,37580,400.0,15182,52762,2120,22.57,0.125,4.0,0.11,6,3.69,11.19,20층 313㎡(28.0×11.2m) + 20층 313㎡(28.0×11.2m) + 20층 313㎡(28.0×11.2m) + 20층 313㎡(28.0×11.2m) + 20층 313㎡(28.0×11.2m) + 20층 313㎡(28.0×11.2m)
단일,1b 층수·세장비,20,20,70.0,159,2,37580,400.0,7613,45193,2004,21.33,0.058,,,1,3.687,17.7,20층 1879㎡(106.2×17.7m)
단일,1b 층수·세장비,20,20,70.0,159,13,37580,400.0,7159,44739,1996,21.25,0.067,,,1,3.685,19.39,20층 1879㎡(96.9×19.4m)
3개동,3개동,20+20+20,20,70.0,159,22,37580,400.0,14161,51741,2109,22.45,0.189,6.0,0.17,3,3.667,9.46,20층 626㎡(66.2×9.5m) + 20층 626㎡(66.2×9.5m) + 20층 626㎡(66.2×9.5m)
단일,1b 층수·세장비,20,20,70.0,160,16,37580,400.0,6682,44262,1988,21.16,0.053,,,1,3.836,21.67,20층 1879㎡(86.7×21.7m)
2개동,2개동,20+20,20,70.0,160,16,37580,400.0,10230,47810,2045,21.77,0.105,4.3,0.12,2,3.826,13.71,20층 940㎡(68.5×13.7m) + 20층 940㎡(68.5×13.7m)
3개동,3개동,20+20+20,20,70.0,160,22,37580,400.0,12628,50208,2083,22.18,0.067,4.3,0.12,3,3.818,11.19,20층 626㎡(56.0×11.2m) + 20층 626㎡(56.0×11.2m) + 20층 626㎡(56.0×11.2m)
단일,1b 층수·세장비,20,20,70.0,160,13,37580,400.0,6682,44262,1988,21.16,0.159,,,1,3.804,21.67,20층 1879㎡(86.7×21.7m)
단일,1b 층수·세장비,20,20,70.0,160,22,37580,400.0,6186,43766,1980,21.08,0.18,,,1,3.796,25.03,20층 1879㎡(75.1×25.0m)
단일,1a 방위·위치,20,20,70.0,160,12,37580,400.0,6682,44262,1988,21.16,0.186,,,1,3.792,21.67,20층 1879㎡(86.7×21.7m)
2개동,2개동,20+20,20,70.0,160,26,37580,400.0,8163,45743,2011,21.41,0.052,17.6,0.5,2,3.775,21.67,20층 940㎡(43.3×21.7m) + 20층 940㎡(43.3×21.7m)
단일,1a 방위·위치,20,20,70.0,160,10,37580,400.0,6682,44262,1988,21.16,0.071,,,1,3.733,21.67,20층 1879㎡(86.7×21.7m)
2개동,2개동,20+20,20,70.0,160,30,37580,400.0,9555,47135,2034,21.65,0.068,6.0,0.17,2,3.725,15.33,20층 940㎡(61.3×15.3m) + 20층 940㎡(61.3×15.3m)
단일,1a 방위·위치,20,20,70.0,160,17,37580,400.0,6682,44262,1988,21.16,0.216,,,1,3.72,21.67,20층 1879㎡(86.7×21.7m)
6개동,6개동,20+20+20+20+20+20,20,70.0,160,24,37580,400.0,14084,51664,2102,22.37,0.068,4.0,0.11,6,3.72,14.45,20층 313㎡(21.7×14.4m) + 20층 313㎡(21.7×14.4m) + 20층 313㎡(21.7×14.4m) + 20층 313㎡(21.7×14.4m) + 20층 313㎡(21.7×14.4m) + 20층 313㎡(21.7×14.4m)
3개동,3개동,20+20+20,20,70.0,160,24,37580,400.0,12628,50208,2083,22.18,0.066,9.0,0.26,3,3.714,11.19,20층 626㎡(56.0×11.2m) + 20층 626㎡(56.0×11.2m) + 20층 626㎡(56.0×11.2m)
4개동,4개동,20+20+20+20,20,70.0,160,24,37580,400.0,11338,48918,2060,21.93,0.16,4.0,0.11,4,3.71,17.7,20층 470㎡(26.5×17.7m) + 20층 470㎡(26.5×17.7m) + 20층 470㎡(26.5×17.7m) + 20층 470㎡(26.5×17.7m)
6개동,6개동,20+20+20+20+20+20,20,70.0,160,23,37580,400.0,14084,51664,2102,22.37,0.115,4.0,0.11,6,3.701,14.45,20층 313㎡(21.7×14.4m) + 20층 313㎡(21.7×14.4m) + 20층 313㎡(21.7×14.4m) + 20층 313㎡(21.7×14.4m) + 20층 313㎡(21.7×14.4m) + 20층 313㎡(21.7×14.4m)
4개동,4개동,20+20+20+20,20,70.0,160,23,37580,400.0,11338,48918,2060,21.93,0.115,4.0,0.54,4,3.697,17.7,20층 470㎡(26.5×17.7m) + 20층 470㎡(26.5×17.7m) + 20층 470㎡(26.5×17.7m) + 20층 470㎡(26.5×17.7m)
4개동,4개동,20+20+20+20,20,70.0,160,23,37580,400.0,11338,48918,2060,21.93,0.112,4.0,0.54,4,3.696,17.7,20층 470㎡(26.5×17.7m) + 20층 470㎡(26.5×17.7m) + 20층 470㎡(26.5×17.7m) + 20층 470㎡(26.5×17.7m)
6개동,6개동,20+20+20+20+20+20,20,70.0,160,23,37580,400.0,14594,52174,2110,22.46,0.153,4.0,0.11,6,3.694,12.51,20층 313㎡(25.0×12.5m) + 20층 313㎡(25.0×12.5m) + 20층 313㎡(25.0×12.5m) + 20층 313㎡(25.0×12.5m) + 20층 313㎡(25.0×12.5m) + 20층 313㎡(25.0×12.5m)
3개동,3개동,20+20+20,20,70.0,160,20,37580,400.0,14161,51741,2109,22.45,0.064,6.0,0.17,3,3.682,9.46,20층 626㎡(66.2×9.5m) + 20층 626㎡(66.2×9.5m) + 20층 626㎡(66.2×9.5m)
5개동,5개동,20+20+20+20+20,20,70.0,160,14,37580,400.0,15439,53019,2126,22.63,0.129,4.3,0.12,5,3.641,9.69,20층 376㎡(38.8×9.7m) + 20층 376㎡(38.8×9.7m) + 20층 376㎡(38.8×9.7m) + 20층 376㎡(38.8×9.7m) + 20층 376㎡(38.8×9.7m)
2개동,2개동,20+20,20,70.0,161,18,37580,400.0,8502,46082,2017,21.47,0.25,19.0,0.54,2,3.838,19.39,20층 940㎡(48.5×19.4m) + 20층 940㎡(48.5×19.4m)
단일,1a 방위·위치,20,20,70.0,161,21,37580,400.0,6682,44262,1988,21.16,0.111,,,1,3.786,21.67,20층 1879㎡(86.7×21.7m)
3개동,3개동,20+20+20,20,70.0,161,25,37580,400.0,10512,48092,2048,21.8,0.216,6.0,0.17,3,3.774,15.83,20층 626㎡(39.6×15.8m) + 20층 626㎡(39.6×15.8m) + 20층 626㎡(39.6×15.8m)
단일,1b 층수·세장비,20,20,70.0,161,20,37580,400.0,6682,44262,1988,21.16,0.136,,,1,3.769,21.67,20층 1879㎡(86.7×21.7m)
2개동,2개동,20+20,20,70.0,161,21,37580,400.0,10230,47810,2045,21.77,0.069,9.0,0.26,2,3.766,13.71,20층 940㎡(68.5×13.7m) + 20층 940㎡(68.5×13.7m)
4개동,4개동,20+20+20+20,20,70.0,161,25,37580,400.0,14678,52258,2116,22.52,0.25,4.3,0.12,4,3.762,9.69,20층 470㎡(48.5×9.7m) + 20층 470㎡(48.5×9.7m) + 20층 470㎡(48.5×9.7m) + 20층 470㎡(48.5×9.7m)
2개동,2개동,20+20,20,70.0,161,24,37580,400.0,10230,47810,2045,21.77,0.088,6.0,0.17,2,3.75,13.71,20층 940㎡(68.5×13.7m) + 20층 940㎡(68.5×13.7m)
단일,1b 층수·세장비,20,20,70.0,161,22,37580,400.0,6186,43766,1980,21.08,0.081,,,1,3.745,25.03,20층 1879㎡(75.1×25.0m)
단일,1b 층수·세장비,20,20,70.0,161,17,37580,400.0,6682,44262,1988,21.16,0.189,,,1,3.736,21.67,20층 1879㎡(86.7×21.7m)
단일,1b 층수·세장비,20,20,70.0,161,10,37580,400.0,7613,45193,2004,21.33,0.073,,,1,3.736,17.7,20층 1879㎡(106.2×17.7m)
3개동,3개동,20+20+20,20,70.0,161,23,37580,400.0,10943,48523,2055,21.88,0.374,9.0,0.26,3,3.729,14.45,20층 626㎡(43.3×14.4m) + 20층 626㎡(43.3×14.4m) + 20층 626㎡(43.3×14.4m)
단일,1a 방위·위치,20,20,70.0,161,15,37580,400.0,6682,44262,1988,21.16,0.084,,,1,3.716,21.67,20층 1879㎡(86.7×21.7m)
2개동,2개동,20+20,20,70.0,161,24,37580,400.0,9555,47135,2034,21.65,0.114,19.0,0.54,2,3.716,15.33,20층 940㎡(61.3×15.3m) + 20층 940㎡(61.3×15.3m)
4개동,4개동,20+20+20+20,20,70.0,161,27,37580,400.0,14678,52258,2116,22.52,0.422,4.3,0.12,4,3.707,9.69,20층 470㎡(48.5×9.7m) + 20층 470㎡(48.5×9.7m) + 20층 470㎡(48.5×9.7m) + 20층 470㎡(48.5×9.7m)
단일,1b 층수·세장비,20,20,70.0,161,13,37580,400.0,6682,44262,1988,21.16,0.058,,,1,3.7,21.67,20층 1879㎡(86.7×21.7m)
단일,1b 층수·세장비,20,20,70.0,161,3,37580,400.0,7159,44739,1996,21.25,0.046,,,1,3.697,19.39,20층 1879㎡(96.9×19.4m)
4개동,4개동,20+20+20+20,20,70.0,161,24,37580,400.0,11754,49334,2067,22.0,0.19,4.0,0.11,4,3.694,15.33,20층 470㎡(30.7×15.3m) + 20층 470㎡(30.7×15.3m) + 20층 470㎡(30.7×15.3m) + 20층 470㎡(30.7×15.3m)
4개동,4개동,20+20+20+20,20,70.0,161,24,37580,400.0,11754,49334,2067,22.0,0.176,4.0,0.17,4,3.689,15.33,20층 470㎡(30.7×15.3m) + 20층 470㎡(30.7×15.3m) + 20층 470㎡(30.7×15.3m) + 20층 470㎡(30.7×15.3m)
2개동,2개동,20+20,20,70.0,161,14,37580,400.0,11482,49062,2066,21.99,0.119,6.0,0.17,2,3.687,11.59,20층 940㎡(81.1×11.6m) + 20층 940㎡(81.1×11.6m)
3개동,3개동,20+20+20,20,70.0,161,22,37580,400.0,14161,51741,2109,22.45,0.194,6.0,0.17,3,3.668,9.46,20층 626㎡(66.2×9.5m) + 20층 626㎡(66.2×9.5m) + 20층 626㎡(66.2×9.5m)
2개동,2개동,20+20,20,70.0,161,25,37580,400.0,10230,47810,2045,21.77,0.043,13.0,0.37,2,3.646,13.71,20층 940㎡(68.5×13.7m) + 20층 940㎡(68.5×13.7m)
4개동,4개동,20+20+20+20,20,70.0,161,16,37580,400.0,12733,50313,2083,22.17,0.133,6.0,0.17,4,3.645,12.51,20층 470㎡(37.5×12.5m) + 20층 470㎡(37.5×12.5m) + 20층 470㎡(37.5×12.5m) + 20층 470㎡(37.5×12.5m)
4개동,4개동,20+20+20+20,20,70.0,161,14,37580,400.0,15585,53165,2131,22.68,0.174,9.0,0.26,4,3.617,8.85,20층 470㎡(53.1×8.8m) + 20층 470㎡(53.1×8.8m) + 20층 470㎡(53.1×8.8m) + 20층 470㎡(53.1×8.8m)
단일,1b 층수·세장비,20,20,70.0,162,25,37580,400.0,6186,43766,1980,21.08,0.133,,,1,3.84,25.03,20층 1879㎡(75.1×25.0m)
단일,1b 층수·세장비,20,20,70.0,162,23,37580,400.0,6186,43766,1980,21.08,0.156,,,1,3.808,25.03,20층 1879㎡(75.1×25.0m)
3개동,3개동,20+20+20,20,70.0,162,22,37580,400.0,10943,48523,2055,21.88,0.245,6.0,0.17,3,3.79,14.45,20층 626㎡(43.3×14.4m) + 20층 626㎡(43.3×14.4m) + 20층 626㎡(43.3×14.4m)
3개동,3개동,20+20+20,20,70.0,162,16,37580,400.0,11802,49382,2070,22.03,0.244,9.0,0.26,3,3.787,12.51,20층 626㎡(50.1×12.5m) + 20층 626㎡(50.1×12.5m) + 20층 626㎡(50.1×12.5m)
단일,1b 층수·세장비,20,20,70.0,162,23,37580,400.0,6186,43766,1980,21.08,0.072,,,1,3.781,25.03,20층 1879㎡(75.1×25.0m)
2개동,2개동,20+20,20,70.0,162,16,37580,400.0,7868,45448,2006,21.35,0.127,6.0,1.5,2,3.764,25.03,20층 940㎡(37.5×25.0m) + 20층 940㎡(37.5×25.0m)
2개동,2개동,20+20,20,70.0,162,25,37580,400.0,9555,47135,2034,21.65,0.216,9.0,0.26,2,3.76,15.33,20층 940㎡(61.3×15.3m) + 20층 940㎡(61.3×15.3m)
2개동,2개동,20+20,20,70.0,162,29,37580,400.0,9555,47135,2034,21.65,0.049,9.0,0.26,2,3.75,15.33,20층 940㎡(61.3×15.3m) + 20층 940㎡(61.3×15.3m)
3개동,3개동,20+20+20,20,70.0,162,30,37580,400.0,10943,48523,2055,21.88,0.417,6.0,0.17,3,3.735,14.45,20층 626㎡(43.3×14.4m) + 20층 626㎡(43.3×14.4m) + 20층 626㎡(43.3×14.4m)
6개동,6개동,20+20+20+20+20+20,20,70.0,162,26,37580,400.0,14594,52174,2110,22.46,0.078,4.0,0.11,6,3.732,12.51,20층 313㎡(25.0×12.5m) + 20층 313㎡(25.0×12.5m) + 20층 313㎡(25.0×12.5m) + 20층 313㎡(25.0×12.5m) + 20층 313㎡(25.0×12.5m) + 20층 313㎡(25.0×12.5m)
3개동,3개동,20+20+20,20,70.0,162,29,37580,400.0,10512,48092,2048,21.8,0.387,6.0,0.17,3,3.722,15.83,20층 626㎡(39.6×15.8m) + 20층 626㎡(39.6×15.8m) + 20층 626㎡(39.6×15.8m)
2개동,2개동,20+20,20,70.0,162,26,37580,400.0,10230,47810,2045,21.77,0.261,6.0,0.17,2,3.712,13.71,20층 940㎡(68.5×13.7m) + 20층 940㎡(68.5×13.7m)
3개동,3개동,20+20+20,20,70.0,162,23,37580,400.0,13414,50994,2097,22.32,0.115,6.0,0.17,3,3.703,10.22,20층 626㎡(61.3×10.2m) + 20층 626㎡(61.3×10.2m) + 20층 626㎡(61.3×10.2m)
6개동,6개동,20+20+20+20+20+20,20,70.0,162,24,37580,400.0,14594,52174,2110,22.46,0.122,4.0,0.11,6,3.696,12.51,20층 313㎡(25.0×12.5m) + 20층 313㎡(25.0×12.5m) + 20층 313㎡(25.0×12.5m) + 20층 313㎡(25.0×12.5m) + 20층 313㎡(25.0×12.5m) + 20층 313㎡(25.0×12.5m)
단일,1a 방위·위치,20,20,70.0,162,16,37580,400.0,6682,44262,1988,21.16,0.206,,,1,3.691,21.67,20층 1879㎡(86.7×21.7m)
3개동,3개동,20+20+20,20,70.0,162,24,37580,400.0,14161,51741,2109,22.45,0.155,4.3,0.12,3,3.686,9.46,20층 626㎡(66.2×9.5m) + 20층 626㎡(66.2×9.5m) + 20층 626㎡(66.2×9.5m)
4개동,4개동,20+20+20+20,20,70.0,162,24,37580,400.0,14678,52258,2116,22.52,0.385,6.0,0.17,4,3.684,9.69,20층 470㎡(48.5×9.7m) + 20층 470㎡(48.5×9.7m) + 20층 470㎡(48.5×9.7m) + 20층 470㎡(48.5×9.7m)
3개동,3개동,20+20+20,20,70.0,162,23,37580,400.0,14161,51741,2109,22.45,0.13,6.0,0.17,3,3.672,9.46,20층 626㎡(66.2×9.5m) + 20층 626㎡(66.2×9.5m) + 20층 626㎡(66.2×9.5m)
4개동,4개동,20+20+20+20,20,70.0,162,14,37580,400.0,11754,49334,2067,22.0,0.089,4.3,0.12,4,3.65,15.33,20층 470㎡(30.7×15.3m) + 20층 470㎡(30.7×15.3m) + 20층 470㎡(30.7×15.3m) + 20층 470㎡(30.7×15.3m)
단일,1a 방위·위치,20,20,70.0,162,14,37580,400.0,6682,44262,1988,21.16,0.076,,,1,3.595,21.67,20층 1879㎡(86.7×21.7m)
단일,1b 층수·세장비,20,20,70.0,163,19,37580,400.0,6186,43766,1980,21.08,0.096,,,1,3.875,25.03,20층 1879㎡(75.1×25.0m)
단일,1b 층수·세장비,20,20,70.0,163,26,37580,400.0,6186,43766,1980,21.08,0.089,,,1,3.846,25.03,20층 1879㎡(75.1×25.0m)
단일,1b 층수·세장비,20,20,70.0,163,25,37580,400.0,6186,43766,1980,21.08,0.111,,,1,3.836,25.03,20층 1879㎡(75.1×25.0m)
단일,1a 방위·위치,20,20,70.0,163,14,37580,400.0,6682,44262,1988,21.16,0.132,,,1,3.82,21.67,20층 1879㎡(86.7×21.7m)
2개동,2개동,20+20,20,70.0,163,22,37580,400.0,9555,47135,2034,21.65,0.168,6.0,0.17,2,3.818,15.33,20층 940㎡(61.3×15.3m) + 20층 940㎡(61.3×15.3m)
4개동,4개동,20+20+20+20,20,70.0,163,19,37580,400.0,13724,51304,2100,22.35,0.218,4.3,0.12,4,3.807,10.84,20층 470㎡(43.3×10.8m) + 20층 470㎡(43.3×10.8m) + 20층 470㎡(43.3×10.8m) + 20층 470㎡(43.3×10.8m)
3개동,3개동,20+20+20,20,70.0,163,11,37580,400.0,9735,47315,2035,21.66,0.117,6.0,0.17,3,3.793,20.43,20층 626㎡(30.7×20.4m) + 20층 626㎡(30.7×20.4m) + 20층 626㎡(30.7×20.4m)
단일,1a 방위·위치,20,20,70.0,163,23,37580,400.0,6682,44262,1988,21.16,0.131,,,1,3.782,21.67,20층 1879㎡(86.7×21.7m)
4개동,4개동,20+20+20+20,20,70.0,163,11,37580,400.0,12733,50313,2083,22.17,0.133,6.0,0.17,4,3.768,12.51,20층 470㎡(37.5×12.5m) + 20층 470㎡(37.5×12.5m) + 20층 470㎡(37.5×12.5m) + 20층 470㎡(37.5×12.5m)
단일,1a 방위·위치,20,20,70.0,163,18,37580,400.0,6682,44262,1988,21.16,0.162,,,1,3.754,21.67,20층 1879㎡(86.7×21.7m)
단일,1b 층수·세장비,20,20,70.0,163,19,37580,400.0,6682,44262,1988,21.16,0.256,,,1,3.706,21.67,20층 1879㎡(86.7×21.7m)
4개동,4개동,20+20+20+20,20,70.0,163,25,37580,400.0,11754,49334,2067,22.0,0.238,4.0,0.17,4,3.699,15.33,20층 470㎡(30.7×15.3m) + 20층 470㎡(30.7×15.3m) + 20층 470㎡(30.7×15.3m) + 20층 470㎡(30.7×15.3m)
6개동,6개동,20+20+20+20+20+20,20,70.0,163,24,37580,400.0,14084,51664,2102,22.37,0.065,4.0,0.11,6,3.696,14.45,20층 313㎡(21.7×14.4m) + 20층 313㎡(21.7×14.4m) + 20층 313㎡(21.7×14.4m) + 20층 313㎡(21.7×14.4m) + 20층 313㎡(21.7×14.4m) + 20층 313㎡(21.7×14.4m)
단일,1a 방위·위치,20,20,70.0,163,18,37580,400.0,6682,44262,1988,21.16,0.283,,,1,3.691,21.67,20층 1879㎡(86.7×21.7m)
단일,1a 방위·위치,20,20,70.0,163,17,37580,400.0,6682,44262,1988,21.16,0.273,,,1,3.66,21.67,20층 1879㎡(86.7×21.7m)
3개동,3개동,20+20+20,20,70.0,163,22,37580,400.0,14161,51741,2109,22.45,0.147,9.0,0.26,3,3.638,9.46,20층 626㎡(66.2×9.5m) + 20층 626㎡(66.2×9.5m) + 20층 626㎡(66.2×9.5m)
3개동,3개동,20+20+20,20,70.0,163,21,37580,400.0,14161,51741,2109,22.45,0.151,9.0,0.26,3,3.635,9.46,20층 626㎡(66.2×9.5m) + 20층 626㎡(66.2×9.5m) + 20층 626㎡(66.2×9.5m)
5개동,5개동,20+20+20+20+20,20,70.0,163,16,37580,400.0,15439,53019,2126,22.63,0.129,4.3,0.12,5,3.621,9.69,20층 376㎡(38.8×9.7m) + 20층 376㎡(38.8×9.7m) + 20층 376㎡(38.8×9.7m) + 20층 376㎡(38.8×9.7m) + 20층 376㎡(38.8×9.7m)
단일,1a 방위·위치,20,20,70.0,163,14,37580,400.0,6682,44262,1988,21.16,0.057,,,1,3.569,21.67,20층 1879㎡(86.7×21.7m)
단일,1b 층수·세장비,20,20,70.0,164,19,37580,400.0,6186,43766,1980,21.08,0.074,,,1,3.884,25.03,20층 1879㎡(75.1×25.0m)
3개동,3개동,20+20+20,20,70.0,164,24,37580,400.0,12628,50208,2083,22.18,0.061,6.0,0.17,3,3.771,11.19,20층 626㎡(56.0×11.2m) + 20층 626㎡(56.0×11.2m) + 20층 626㎡(56.0×11.2m)
2개동,2개동,20+20,20,70.0,164,26,37580,400.0,8502,46082,2017,21.47,0.052,24.5,0.7,2,3.77,19.39,20층 940㎡(48.5×19.4m) + 20층 940㎡(48.5×19.4m)
4개동,4개동,20+20+20+20,20,70.0,164,10,37580,400.0,11754,49334,2067,22.0,0.09,4.3,0.12,4,3.764,15.33,20층 470㎡(30.7×15.3m) + 20층 470㎡(30.7×15.3m) + 20층 470㎡(30.7×15.3m) + 20층 470㎡(30.7×15.3m)
단일,1a 방위·위치,20,20,70.0,164,22,37580,400.0,6682,44262,1988,21.16,0.18,,,1,3.76,21.67,20층 1879㎡(86.7×21.7m)
2개동,2개동,20+20,20,70.0,164,24,37580,400.0,9555,47135,2034,21.65,0.151,13.0,0.37,2,3.76,15.33,20층 940㎡(61.3×15.3m) + 20층 940㎡(61.3×15.3m)
3개동,3개동,20+20+20,20,70.0,164,24,37580,400.0,13414,50994,2097,22.32,0.161,4.3,0.12,3,3.751,10.22,20층 626㎡(61.3×10.2m) + 20층 626㎡(61.3×10.2m) + 20층 626㎡(61.3×10.2m)
3개동,3개동,20+20+20,20,70.0,164,24,37580,400.0,10096,47676,2041,21.73,0.347,6.0,0.17,3,3.733,17.7,20층 626㎡(35.4×17.7m) + 20층 626㎡(35.4×17.7m) + 20층 626㎡(35.4×17.7m)
3개동,3개동,20+20+20,20,70.0,164,16,37580,400.0,14161,51741,2109,22.45,0.252,13.0,0.37,3,3.728,9.46,20층 626㎡(66.2×9.5m) + 20층 626㎡(66.2×9.5m) + 20층 626㎡(66.2×9.5m)
단일,1a 방위·위치,20,20,70.0,164,21,37580,400.0,6682,44262,1988,21.16,0.23,,,1,3.724,21.67,20층 1879㎡(86.7×21.7m)
3개동,3개동,20+20+20,20,70.0,164,16,37580,400.0,13414,50994,2097,22.32,0.077,13.0,0.37,3,3.712,10.22,20층 626㎡(61.3×10.2m) + 20층 626㎡(61.3×10.2m) + 20층 626㎡(61.3×10.2m)
3개동,3개동,20+20+20,20,70.0,164,16,37580,400.0,13414,50994,2097,22.32,0.073,13.0,0.37,3,3.711,10.22,20층 626㎡(61.3×10.2m) + 20층 626㎡(61.3×10.2m) + 20층 626㎡(61.3×10.2m)
3개동,3개동,20+20+20,20,70.0,164,23,37580,400.0,13414,50994,2097,22.32,0.407,13.0,0.37,3,3.679,10.22,20층 626㎡(61.3×10.2m) + 20층 626㎡(61.3×10.2m) + 20층 626㎡(61.3×10.2m)
6개동,6개동,20+20+20+20+20+20,20,70.0,164,23,37580,400.0,14594,52174,2110,22.46,0.153,4.0,0.11,6,3.677,12.51,20층 313㎡(25.0×12.5m) + 20층 313㎡(25.0×12.5m) + 20층 313㎡(25.0×12.5m) + 20층 313㎡(25.0×12.5m) + 20층 313㎡(25.0×12.5m) + 20층 313㎡(25.0×12.5m)
단일,1b 층수·세장비,20,20,70.0,164,17,37580,400.0,6682,44262,1988,21.16,0.301,,,1,3.674,21.67,20층 1879㎡(86.7×21.7m)
단일,1b 층수·세장비,20,20,70.0,165,25,37580,400.0,6186,43766,1980,21.08,0.085,,,1,3.824,25.03,20층 1879㎡(75.1×25.0m)
2개동,2개동,20+20,20,70.0,165,11,37580,400.0,8163,45743,2011,21.41,0.153,28.0,0.8,2,3.817,21.67,20층 940㎡(43.3×21.7m) + 20층 940㎡(43.3×21.7m)
2개동,2개동,20+20,20,70.0,165,22,37580,400.0,9555,47135,2034,21.65,0.098,9.0,0.26,2,3.817,15.33,20층 940㎡(61.3×15.3m) + 20층 940㎡(61.3×15.3m)
3개동,3개동,20+20+20,20,70.0,165,10,37580,400.0,10512,48092,2048,21.8,0.116,13.0,0.37,3,3.787,15.83,20층 626㎡(39.6×15.8m) + 20층 626㎡(39.6×15.8m) + 20층 626㎡(39.6×15.8m)
3개동,3개동,20+20+20,20,70.0,165,15,37580,400.0,10096,47676,2041,21.73,0.176,6.0,0.17,3,3.782,17.7,20층 626㎡(35.4×17.7m) + 20층 626㎡(35.4×17.7m) + 20층 626㎡(35.4×17.7m)
단일,1b 층수·세장비,20,20,70.0,165,22,37580,400.0,6682,44262,1988,21.16,0.155,,,1,3.772,21.67,20층 1879㎡(86.7×21.7m)
3개동,3개동,20+20+20,20,70.0,165,23,37580,400.0,13414,50994,2097,22.32,0.115,6.0,0.17,3,3.737,10.22,20층 626㎡(61.3×10.2m) + 20층 626㎡(61.3×10.2m) + 20층 626㎡(61.3×10.2m)
4개동,4개동,20+20+20+20,20,70.0,165,22,37580,400.0,14678,52258,2116,22.52,0.214,6.0,0.17,4,3.729,9.69,20층 470㎡(48.5×9.7m) + 20층 470㎡(48.5×9.7m) + 20층 470㎡(48.5×9.7m) + 20층 470㎡(48.5×9.7m)
2개동,2개동,20+20,20,70.0,165,23,37580,400.0,7868,45448,2006,21.35,0.169,19.0,0.54,2,3.721,25.03,20층 940㎡(37.5×25.0m) + 20층 940㎡(37.5×25.0m)
6개동,6개동,20+20+20+20+20+20,20,70.0,165,26,37580,400.0,14594,52174,2110,22.46,0.075,4.0,0.11,6,3.719,12.51,20층 313㎡(25.0×12.5m) + 20층 313㎡(25.0×12.5m) + 20층 313㎡(25.0×12.5m) + 20층 313㎡(25.0×12.5m) + 20층 313㎡(25.0×12.5m) + 20층 313㎡(25.0×12.5m)
단일,1b 층수·세장비,20,20,70.0,165,11,37580,400.0,7159,44739,1996,21.25,0.162,,,1,3.718,19.39,20층 1879㎡(96.9×19.4m)
4개동,4개동,20+20+20+20,20,70.0,165,25,37580,400.0,11754,49334,2067,22.0,0.254,4.0,0.12,4,3.709,15.33,20층 470㎡(30.7×15.3m) + 20층 470㎡(30.7×15.3m) + 20층 470㎡(30.7×15.3m) + 20층 470㎡(30.7×15.3m)
단일,1b 층수·세장비,20,20,70.0,165,16,37580,400.0,6682,44262,1988,21.16,0.233,,,1,3.706,21.67,20층 1879㎡(86.7×21.7m)
단일,1b 층수·세장비,20,20,70.0,165,9,37580,400.0,7159,44739,1996,21.25,0.181,,,1,3.704,19.39,20층 1879㎡(96.9×19.4m)
2개동,2개동,20+20,20,70.0,165,21,37580,400.0,10230,47810,2045,21.77,0.198,9.0,0.26,2,3.7,13.71,20층 940㎡(68.5×13.7m) + 20층 940㎡(68.5×13.7m)
단일,1b 층수·세장비,20,20,70.0,165,5,37580,400.0,7613,45193,2004,21.33,0.138,,,1,3.699,17.7,20층 1879㎡(106.2×17.7m)
3개동,3개동,20+20+20,20,70.0,165,21,37580,400.0,14161,51741,2109,22.45,0.189,6.0,0.17,3,3.697,9.46,20층 626㎡(66.2×9.5m) + 20층 626㎡(66.2×9.5m) + 20층 626㎡(66.2×9.5m)
5개동,5개동,20+20+20+20+20,20,70.0,165,22,37580,400.0,16505,54085,2144,22.82,0.337,4.3,0.12,5,3.694,8.67,20층 376㎡(43.3×8.7m) + 20층 376㎡(43.3×8.7m) + 20층 376㎡(43.3×8.7m) + 20층 376㎡(43.3×8.7m) + 20층 376㎡(43.3×8.7m)
6개동,6개동,20+20+20+20+20+20,20,70.0,165,23,37580,400.0,14594,52174,2110,22.46,0.157,4.0,0.11,6,3.679,12.51,20층 313㎡(25.0×12.5m) + 20층 313㎡(25.0×12.5m) + 20층 313㎡(25.0×12.5m) + 20층 313㎡(25.0×12.5m) + 20층 313㎡(25.0×12.5m) + 20층 313㎡(25.0×12.5m)
단일,1b 층수·세장비,20,20,70.0,165,16,37580,400.0,6682,44262,1988,21.16,0.179,,,1,3.678,21.67,20층 1879㎡(86.7×21.7m)
3개동,3개동,20+20+20,20,70.0,165,23,37580,400.0,10512,48092,2048,21.8,0.173,9.0,0.26,3,3.67,15.83,20층 626㎡(39.6×15.8m) + 20층 626㎡(39.6×15.8m) + 20층 626㎡(39.6×15.8m)
6개동,6개동,20+20+20+20+20+20,20,70.0,165,23,37580,400.0,15793,53373,2130,22.67,0.14,4.0,0.11,6,3.66,10.22,20층 313㎡(30.7×10.2m) + 20층 313㎡(30.7×10.2m) + 20층 313㎡(30.7×10.2m) + 20층 313㎡(30.7×10.2m) + 20층 313㎡(30.7×10.2m) + 20층 313㎡(30.7×10.2m)
4개동,4개동,20+20+20+20,20,70.0,165,23,37580,400.0,11754,49334,2067,22.0,0.126,4.0,0.37,4,3.656,15.33,20층 470㎡(30.7×15.3m) + 20층 470㎡(30.7×15.3m) + 20층 470㎡(30.7×15.3m) + 20층 470㎡(30.7×15.3m)
4개동,4개동,20+20+20+20,20,70.0,165,23,37580,400.0,12733,50313,2083,22.17,0.17,4.3,0.12,4,3.656,12.51,20층 470㎡(37.5×12.5m) + 20층 470㎡(37.5×12.5m) + 20층 470㎡(37.5×12.5m) + 20층 470㎡(37.5×12.5m)
단일,1a 방위·위치,20,20,70.0,165,14,37580,400.0,6682,44262,1988,21.16,0.101,,,1,3.649,21.67,20층 1879㎡(86.7×21.7m)
5개동,5개동,20+20+20+20+20,20,70.0,165,14,37580,400.0,14331,51911,2108,22.44,0.075,4.3,0.12,5,3.649,11.19,20층 376㎡(33.6×11.2m) + 20층 376㎡(33.6×11.2m) + 20층 376㎡(33.6×11.2m) + 20층 376㎡(33.6×11.2m) + 20층 376㎡(33.6×11.2m)
단일,1b 층수·세장비,20,20,70.0,165,14,37580,400.0,6682,44262,1988,21.16,0.076,,,1,3.638,21.67,20층 1879㎡(86.7×21.7m)
5개동,5개동,20+20+20+20+20,20,70.0,165,18,37580,400.0,16505,54085,2144,22.82,0.165,4.3,0.12,5,3.626,8.67,20층 376㎡(43.3×8.7m) + 20층 376㎡(43.3×8.7m) + 20층 376㎡(43.3×8.7m) + 20층 376㎡(43.3×8.7m) + 20층 376㎡(43.3×8.7m)
5개동,5개동,20+20+20+20+20,20,70.0,165,14,37580,400.0,16505,54085,2144,22.82,0.117,6.0,0.17,5,3.617,8.67,20층 376㎡(43.3×8.7m) + 20층 376㎡(43.3×8.7m) + 20층 376㎡(43.3×8.7m) + 20층 376㎡(43.3×8.7m) + 20층 376㎡(43.3×8.7m)
단일,1a 방위·위치,20,20,70.0,165,14,37580,400.0,6682,44262,1988,21.16,0.123,,,1,3.603,21.67,20층 1879㎡(86.7×21.7m)
단일,1b 층수·세장비,20,20,70.0,166,26,37580,400.0,6186,43766,1980,21.08,0.047,,,1,3.865,25.03,20층 1879㎡(75.1×25.0m)
2개동,2개동,20+20,20,70.0,166,13,37580,400.0,7868,45448,2006,21.35,0.096,13.0,3.25,2,3.767,25.03,20층 940㎡(37.5×25.0m) + 20층 940㎡(37.5×25.0m)
2개동,2개동,20+20,20,70.0,166,21,37580,400.0,10871,48451,2056,21.89,0.08,4.3,0.12,2,3.754,12.51,20층 940㎡(75.1×12.5m) + 20층 940㎡(75.1×12.5m)
5개동,5개동,20+20+20+20+20,20,70.0,166,11,37580,400.0,15439,53019,2126,22.63,0.129,4.3,0.12,5,3.748,9.69,20층 376㎡(38.8×9.7m) + 20층 376㎡(38.8×9.7m) + 20층 376㎡(38.8×9.7m) + 20층 376㎡(38.8×9.7m) + 20층 376㎡(38.8×9.7m)
3개동,3개동,20+20+20,20,70.0,166,21,37580,400.0,10512,48092,2048,21.8,0.173,9.0,0.26,3,3.742,15.83,20층 626㎡(39.6×15.8m) + 20층 626㎡(39.6×15.8m) + 20층 626㎡(39.6×15.8m)
4개동,4개동,20+20+20+20,20,70.0,166,17,37580,400.0,15585,53165,2131,22.68,0.238,6.0,0.17,4,3.74,8.85,20층 470㎡(53.1×8.8m) + 20층 470㎡(53.1×8.8m) + 20층 470㎡(53.1×8.8m) + 20층 470㎡(53.1×8.8m)
3개동,3개동,20+20+20,20,70.0,166,18,37580,400.0,9735,47315,2035,21.66,0.141,4.3,0.12,3,3.738,20.43,20층 626㎡(30.7×20.4m) + 20층 626㎡(30.7×20.4m) + 20층 626㎡(30.7×20.4m)
2개동,2개동,20+20,20,70.0,166,10,37580,400.0,7868,45448,2006,21.35,0.205,4.3,1.08,2,3.725,25.03,20층 940㎡(37.5×25.0m) + 20층 940㎡(37.5×25.0m)
3개동,3개동,20+20+20,20,70.0,166,21,37580,400.0,13414,50994,2097,22.32,0.093,9.0,0.26,3,3.71,10.22,20층 626㎡(61.3×10.2m) + 20층 626㎡(61.3×10.2m) + 20층 626㎡(61.3×10.2m)
6개동,6개동,20+20+20+20+20+20,20,70.0,166,25,37580,400.0,15182,52762,2120,22.57,0.131,4.0,0.11,6,3.703,11.19,20층 313㎡(28.0×11.2m) + 20층 313㎡(28.0×11.2m) + 20층 313㎡(28.0×11.2m) + 20층 313㎡(28.0×11.2m) + 20층 313㎡(28.0×11.2m) + 20층 313㎡(28.0×11.2m)
4개동,4개동,20+20+20+20,20,70.0,166,25,37580,400.0,11754,49334,2067,22.0,0.242,4.0,0.17,4,3.699,15.33,20층 470㎡(30.7×15.3m) + 20층 470㎡(30.7×15.3m) + 20층 470㎡(30.7×15.3m) + 20층 470㎡(30.7×15.3m)
3개동,3개동,20+20+20,20,70.0,166,22,37580,400.0,14161,51741,2109,22.45,0.15,6.0,0.17,3,3.671,9.46,20층 626㎡(66.2×9.5m) + 20층 626㎡(66.2×9.5m) + 20층 626㎡(66.2×9.5m)
단일,1b 층수·세장비,20,20,70.0,166,7,37580,400.0,7159,44739,1996,21.25,0.173,,,1,3.668,19.39,20층 1879㎡(96.9×19.4m)
단일,1a 방위·위치,20,20,70.0,166,14,37580,400.0,6682,44262,1988,21.16,0.153,,,1,3.667,21.67,20층 1879㎡(86.7×21.7m)
2개동,2개동,20+20,20,70.0,166,19,37580,400.0,7868,45448,2006,21.35,0.34,6.0,1.5,2,3.656,25.03,20층 940㎡(37.5×25.0m) + 20층 940㎡(37.5×25.0m)
4개동,4개동,20+20+20+20,20,70.0,166,21,37580,400.0,12234,49814,2075,22.09,0.136,4.3,0.12,4,3.653,13.71,20층 470㎡(34.3×13.7m) + 20층 470㎡(34.3×13.7m) + 20층 470㎡(34.3×13.7m) + 20층 470㎡(34.3×13.7m)
단일,1a 방위·위치,20,20,70.0,166,14,37580,400.0,6682,44262,1988,21.16,0.052,,,1,3.626,21.67,20층 1879㎡(86.7×21.7m)
단일,1a 방위·위치,20,20,70.0,166,14,37580,400.0,6682,44262,1988,21.16,0.171,,,1,3.617,21.67,20층 1879㎡(86.7×21.7m)
단일,1a 방위·위치,20,20,70.0,167,16,37580,400.0,6682,44262,1988,21.16,0.08,,,1,3.845,21.67,20층 1879㎡(86.7×21.7m)
2개동,2개동,20+20,20,70.0,167,16,37580,400.0,7868,45448,2006,21.35,0.044,13.0,3.25,2,3.787,25.03,20층 940㎡(37.5×25.0m) + 20층 940㎡(37.5×25.0m)
3개동,3개동,20+20+20,20,70.0,167,18,37580,400.0,13414,50994,2097,22.32,0.104,6.0,0.17,3,3.768,10.22,20층 626㎡(61.3×10.2m) + 20층 626㎡(61.3×10.2m) + 20층 626㎡(61.3×10.2m)
단일,1a 방위·위치,20,20,70.0,167,17,37580,400.0,6682,44262,1988,21.16,0.201,,,1,3.753,21.67,20층 1879㎡(86.7×21.7m)
5개동,5개동,20+20+20+20+20,20,70.0,167,13,37580,400.0,16505,54085,2144,22.82,0.166,4.3,0.12,5,3.752,8.67,20층 376㎡(43.3×8.7m) + 20층 376㎡(43.3×8.7m) + 20층 376㎡(43.3×8.7m) + 20층 376㎡(43.3×8.7m) + 20층 376㎡(43.3×8.7m)
3개동,3개동,20+20+20,20,70.0,167,18,37580,400.0,10512,48092,2048,21.8,0.173,9.0,0.26,3,3.744,15.83,20층 626㎡(39.6×15.8m) + 20층 626㎡(39.6×15.8m) + 20층 626㎡(39.6×15.8m)
3개동,3개동,20+20+20,20,70.0,167,16,37580,400.0,13414,50994,2097,22.32,0.087,9.0,0.26,3,3.743,10.22,20층 626㎡(61.3×10.2m) + 20층 626㎡(61.3×10.2m) + 20층 626㎡(61.3×10.2m)
2개동,2개동,20+20,20,70.0,167,10,37580,400.0,8163,45743,2011,21.41,0.114,9.0,2.25,2,3.736,21.67,20층 940㎡(43.3×21.7m) + 20층 940㎡(43.3×21.7m)
2개동,2개동,20+20,20,70.0,167,8,37580,400.0,8163,45743,2011,21.41,0.11,13.0,3.25,2,3.735,21.67,20층 940㎡(43.3×21.7m) + 20층 940㎡(43.3×21.7m)
5개동,5개동,20+20+20+20+20,20,70.0,167,9,37580,400.0,14331,51911,2108,22.44,0.075,4.3,0.12,5,3.733,11.19,20층 376㎡(33.6×11.2m) + 20층 376㎡(33.6×11.2m) + 20층 376㎡(33.6×11.2m) + 20층 376㎡(33.6×11.2m) + 20층 376㎡(33.6×11.2m)
단일,1a 방위·위치,20,20,70.0,167,17,37580,400.0,6682,44262,1988,21.16,0.191,,,1,3.725,21.67,20층 1879㎡(86.7×21.7m)
2개동,2개동,20+20,20,70.0,167,20,37580,400.0,7868,45448,2006,21.35,0.095,4.3,1.08,2,3.721,25.03,20층 940㎡(37.5×25.0m) + 20층 940㎡(37.5×25.0m)
3개동,3개동,20+20+20,20,70.0,167,25,37580,400.0,14161,51741,2109,22.45,0.047,4.3,0.12,3,3.707,9.46,20층 626㎡(66.2×9.5m) + 20층 626㎡(66.2×9.5m) + 20층 626㎡(66.2×9.5m)
3개동,3개동,20+20+20,20,70.0,167,25,37580,400.0,14161,51741,2109,22.45,0.181,4.3,0.12,3,3.701,9.46,20층 626㎡(66.2×9.5m) + 20층 626㎡(66.2×9.5m) + 20층 626㎡(66.2×9.5m)
6개동,6개동,20+20+20+20+20+20,20,70.0,167,24,37580,400.0,14594,52174,2110,22.46,0.104,4.0,0.11,6,3.7,12.51,20층 313㎡(25.0×12.5m) + 20층 313㎡(25.0×12.5m) + 20층 313㎡(25.0×12.5m) + 20층 313㎡(25.0×12.5m) + 20층 313㎡(25.0×12.5m) + 20층 313㎡(25.0×12.5m)
5개동,5개동,20+20+20+20+20,20,70.0,167,21,37580,400.0,16505,54085,2144,22.82,0.165,4.3,0.12,5,3.699,8.67,20층 376㎡(43.3×8.7m) + 20층 376㎡(43.3×8.7m) + 20층 376㎡(43.3×8.7m) + 20층 376㎡(43.3×8.7m) + 20층 376㎡(43.3×8.7m)
3개동,3개동,20+20+20,20,70.0,167,22,37580,400.0,12628,50208,2083,22.18,0.387,13.0,0.37,3,3.688,11.19,20층 626㎡(56.0×11.2m) + 20층 626㎡(56.0×11.2m) + 20층 626㎡(56.0×11.2m)
6개동,6개동,20+20+20+20+20+20,20,70.0,167,22,37580,400.0,14084,51664,2102,22.37,0.112,4.0,0.11,6,3.684,14.45,20층 313㎡(21.7×14.4m) + 20층 313㎡(21.7×14.4m) + 20층 313㎡(21.7×14.4m) + 20층 313㎡(21.7×14.4m) + 20층 313㎡(21.7×14.4m) + 20층 313㎡(21.7×14.4m)
4개동,4개동,20+20+20+20,20,70.0,167,24,37580,400.0,11754,49334,2067,22.0,0.217,4.0,0.26,4,3.683,15.33,20층 470㎡(30.7×15.3m) + 20층 470㎡(30.7×15.3m) + 20층 470㎡(30.7×15.3m) + 20층 470㎡(30.7×15.3m)
6개동,6개동,20+20+20+20+20+20,20,70.0,167,22,37580,400.0,14084,51664,2102,22.37,0.115,4.0,0.11,6,3.683,14.45,20층 313㎡(21.7×14.4m) + 20층 313㎡(21.7×14.4m) + 20층 313㎡(21.7×14.4m) + 20층 313㎡(21.7×14.4m) + 20층 313㎡(21.7×14.4m) + 20층 313㎡(21.7×14.4m)
단일,1b 층수·세장비,20,20,70.0,167,4,37580,400.0,7613,45193,2004,21.33,0.171,,,1,3.68,17.7,20층 1879㎡(106.2×17.7m)
3개동,3개동,20+20+20,20,70.0,167,29,37580,400.0,14161,51741,2109,22.45,0.044,4.3,0.12,3,3.674,9.46,20층 626㎡(66.2×9.5m) + 20층 626㎡(66.2×9.5m) + 20층 626㎡(66.2×9.5m)
3개동,3개동,20+20+20,20,70.0,167,22,37580,400.0,14161,51741,2109,22.45,0.151,9.0,0.26,3,3.65,9.46,20층 626㎡(66.2×9.5m) + 20층 626㎡(66.2×9.5m) + 20층 626㎡(66.2×9.5m)
3개동,3개동,20+20+20,20,70.0,167,17,37580,400.0,14161,51741,2109,22.45,0.089,13.0,0.37,3,3.645,9.46,20층 626㎡(66.2×9.5m) + 20층 626㎡(66.2×9.5m) + 20층 626㎡(66.2×9.5m)
4개동,4개동,20+20+20+20,20,70.0,167,14,37580,400.0,14678,52258,2116,22.52,0.15,9.0,0.26,4,3.618,9.69,20층 470㎡(48.5×9.7m) + 20층 470㎡(48.5×9.7m) + 20층 470㎡(48.5×9.7m) + 20층 470㎡(48.5×9.7m)
2개동,2개동,20+20,20,70.0,167,23,37580,400.0,7868,45448,2006,21.35,0.119,4.3,1.08,2,3.616,25.03,20층 940㎡(37.5×25.0m) + 20층 940㎡(37.5×25.0m)
단일,1b 층수·세장비,20,20,70.0,167,14,37580,400.0,6682,44262,1988,21.16,0.147,,,1,3.608,21.67,20층 1879㎡(86.7×21.7m)
단일,1a 방위·위치,20,20,70.0,168,19,37580,400.0,6682,44262,1988,21.16,0.045,,,1,3.835,21.67,20층 1879㎡(86.7×21.7m)
단일,1b 층수·세장비,20,20,70.0,168,16,37580,400.0,6682,44262,1988,21.16,0.174,,,1,3.766,21.67,20층 1879㎡(86.7×21.7m)
3개동,3개동,20+20+20,20,70.0,168,18,37580,400.0,10943,48523,2055,21.88,0.203,9.0,0.26,3,3.76,14.45,20층 626㎡(43.3×14.4m) + 20층 626㎡(43.3×14.4m) + 20층 626㎡(43.3×14.4m)
3개동,3개동,20+20+20,20,70.0,168,12,37580,400.0,9735,47315,2035,21.66,0.117,6.0,0.17,3,3.757,20.43,20층 626㎡(30.7×20.4m) + 20층 626㎡(30.7×20.4m) + 20층 626㎡(30.7×20.4m)
2개동,2개동,20+20,20,70.0,168,6,37580,400.0,8163,45743,2011,21.41,0.084,28.1,7.01,2,3.738,21.67,20층 940㎡(43.3×21.7m) + 20층 940㎡(43.3×21.7m)
4개동,4개동,20+20+20+20,20,70.0,168,27,37580,400.0,11338,48918,2060,21.93,0.167,4.0,0.11,4,3.734,17.7,20층 470㎡(26.5×17.7m) + 20층 470㎡(26.5×17.7m) + 20층 470㎡(26.5×17.7m) + 20층 470㎡(26.5×17.7m)
3개동,3개동,20+20+20,20,70.0,168,16,37580,400.0,13414,50994,2097,22.32,0.236,13.0,0.37,3,3.733,10.22,20층 626㎡(61.3×10.2m) + 20층 626㎡(61.3×10.2m) + 20층 626㎡(61.3×10.2m)
3개동,3개동,20+20+20,20,70.0,168,23,37580,400.0,14161,51741,2109,22.45,0.151,4.3,0.12,3,3.732,9.46,20층 626㎡(66.2×9.5m) + 20층 626㎡(66.2×9.5m) + 20층 626㎡(66.2×9.5m)
3개동,3개동,20+20+20,20,70.0,168,18,37580,400.0,14161,51741,2109,22.45,0.194,6.0,0.17,3,3.729,9.46,20층 626㎡(66.2×9.5m) + 20층 626㎡(66.2×9.5m) + 20층 626㎡(66.2×9.5m)
4개동,4개동,20+20+20+20,20,70.0,168,18,37580,400.0,13724,51304,2100,22.35,0.181,6.0,0.17,4,3.721,10.84,20층 470㎡(43.3×10.8m) + 20층 470㎡(43.3×10.8m) + 20층 470㎡(43.3×10.8m) + 20층 470㎡(43.3×10.8m)
4개동,4개동,20+20+20+20,20,70.0,168,18,37580,400.0,12234,49814,2075,22.09,0.136,4.3,0.12,4,3.716,13.71,20층 470㎡(34.3×13.7m) + 20층 470㎡(34.3×13.7m) + 20층 470㎡(34.3×13.7m) + 20층 470㎡(34.3×13.7m)
단일,1b 층수·세장비,20,20,70.0,168,6,37580,400.0,7159,44739,1996,21.25,0.214,,,1,3.712,19.39,20층 1879㎡(96.9×19.4m)
단일,1b 층수·세장비,20,20,70.0,168,16,37580,400.0,6682,44262,1988,21.16,0.164,,,1,3.711,21.67,20층 1879㎡(86.7×21.7m)
단일,1a 방위·위치,20,20,70.0,168,16,37580,400.0,6682,44262,1988,21.16,0.138,,,1,3.702,21.67,20층 1879㎡(86.7×21.7m)
단일,1a 방위·위치,20,20,70.0,168,12,37580,400.0,6682,44262,1988,21.16,0.244,,,1,3.7,21.67,20층 1879㎡(86.7×21.7m)
단일,1b 층수·세장비,20,20,70.0,168,16,37580,400.0,6682,44262,1988,21.16,0.112,,,1,3.695,21.67,20층 1879㎡(86.7×21.7m)
2개동,2개동,20+20,20,70.0,168,14,37580,400.0,11482,49062,2066,21.99,0.057,6.0,0.17,2,3.693,11.59,20층 940㎡(81.1×11.6m) + 20층 940㎡(81.1×11.6m)
3개동,3개동,20+20+20,20,70.0,168,22,37580,400.0,14161,51741,2109,22.45,0.118,6.0,0.17,3,3.692,9.46,20층 626㎡(66.2×9.5m) + 20층 626㎡(66.2×9.5m) + 20층 626㎡(66.2×9.5m)
단일,1b 층수·세장비,20,20,70.0,168,9,37580,400.0,7159,44739,1996,21.25,0.15,,,1,3.688,19.39,20층 1879㎡(96.9×19.4m)
단일,1a 방위·위치,20,20,70.0,168,16,37580,400.0,6682,44262,1988,21.16,0.086,,,1,3.685,21.67,20층 1879㎡(86.7×21.7m)
4개동,4개동,20+20+20+20,20,70.0,168,24,37580,400.0,11754,49334,2067,22.0,0.22,4.0,0.26,4,3.685,15.33,20층 470㎡(30.7×15.3m) + 20층 470㎡(30.7×15.3m) + 20층 470㎡(30.7×15.3m) + 20층 470㎡(30.7×15.3m)
단일,1b 층수·세장비,20,20,70.0,168,9,37580,400.0,7159,44739,1996,21.25,0.12,,,1,3.677,19.39,20층 1879㎡(96.9×19.4m)
단일,1a 방위·위치,20,20,70.0,168,9,37580,400.0,6682,44262,1988,21.16,0.101,,,1,3.668,21.67,20층 1879㎡(86.7×21.7m)
3개동,3개동,20+20+20,20,70.0,168,23,37580,400.0,9735,47315,2035,21.66,0.142,4.3,0.12,3,3.666,20.43,20층 626㎡(30.7×20.4m) + 20층 626㎡(30.7×20.4m) + 20층 626㎡(30.7×20.4m)
단일,1a 방위·위치,20,20,70.0,168,9,37580,400.0,6682,44262,1988,21.16,0.055,,,1,3.665,21.67,20층 1879㎡(86.7×21.7m)
3개동,3개동,20+20+20,20,70.0,168,22,37580,400.0,13414,50994,2097,22.32,0.043,13.0,0.37,3,3.661,10.22,20층 626㎡(61.3×10.2m) + 20층 626㎡(61.3×10.2m) + 20층 626㎡(61.3×10.2m)
6개동,6개동,20+20+20+20+20+20,20,70.0,168,23,37580,400.0,15793,53373,2130,22.67,0.138,4.0,0.11,6,3.65,10.22,20층 313㎡(30.7×10.2m) + 20층 313㎡(30.7×10.2m) + 20층 313㎡(30.7×10.2m) + 20층 313㎡(30.7×10.2m) + 20층 313㎡(30.7×10.2m) + 20층 313㎡(30.7×10.2m)
단일,1a 방위·위치,20,20,70.0,168,16,37580,400.0,6682,44262,1988,21.16,0.221,,,1,3.634,21.67,20층 1879㎡(86.7×21.7m)
2개동,2개동,20+20,20,70.0,168,19,37580,400.0,10871,48451,2056,21.89,0.176,9.0,0.26,2,3.633,12.51,20층 940㎡(75.1×12.5m) + 20층 940㎡(75.1×12.5m)
5개동,5개동,20+20+20+20+20,20,70.0,168,14,37580,400.0,15439,53019,2126,22.63,0.08,6.0,0.17,5,3.631,9.69,20층 376㎡(38.8×9.7m) + 20층 376㎡(38.8×9.7m) + 20층 376㎡(38.8×9.7m) + 20층 376㎡(38.8×9.7m) + 20층 376㎡(38.8×9.7m)
단일,1a 방위·위치,20,20,70.0,169,22,37580,400.0,6682,44262,1988,21.16,0.054,,,1,3.846,21.67,20층 1879㎡(86.7×21.7m)
단일,1a 방위·위치,20,20,70.0,169,18,37580,400.0,6682,44262,1988,21.16,0.147,,,1,3.778,21.67,20층 1879㎡(86.7×21.7m)
2개동,2개동,20+20,20,70.0,169,17,37580,400.0,10230,47810,2045,21.77,0.163,13.0,0.37,2,3.753,13.71,20층 940㎡(68.5×13.7m) + 20층 940㎡(68.5×13.7m)
4개동,4개동,20+20+20+20,20,70.0,169,27,37580,400.0,11338,48918,2060,21.93,0.131,4.0,0.11,4,3.742,17.7,20층 470㎡(26.5×17.7m) + 20층 470㎡(26.5×17.7m) + 20층 470㎡(26.5×17.7m) + 20층 470㎡(26.5×17.7m)
2개동,2개동,20+20,20,70.0,169,25,37580,400.0,10230,47810,2045,21.77,0.062,6.0,0.17,2,3.741,13.71,20층 940㎡(68.5×13.7m) + 20층 940㎡(68.5×13.7m)
2개동,2개동,20+20,20,70.0,169,6,37580,400.0,8163,45743,2011,21.41,0.083,28.1,7.01,2,3.74,21.67,20층 940㎡(43.3×21.7m) + 20층 940㎡(43.3×21.7m)
3개동,3개동,20+20+20,20,70.0,169,18,37580,400.0,10512,48092,2048,21.8,0.287,13.0,0.37,3,3.739,15.83,20층 626㎡(39.6×15.8m) + 20층 626㎡(39.6×15.8m) + 20층 626㎡(39.6×15.8m)
3개동,3개동,20+20+20,20,70.0,169,22,37580,400.0,9735,47315,2035,21.66,0.313,4.3,0.12,3,3.723,20.43,20층 626㎡(30.7×20.4m) + 20층 626㎡(30.7×20.4m) + 20층 626㎡(30.7×20.4m)
3개동,3개동,20+20+20,20,70.0,169,18,37580,400.0,10943,48523,2055,21.88,0.145,13.0,0.37,3,3.719,14.45,20층 626㎡(43.3×14.4m) + 20층 626㎡(43.3×14.4m) + 20층 626㎡(43.3×14.4m)
6개동,6개동,20+20+20+20+20+20,20,70.0,169,26,37580,400.0,15182,52762,2120,22.57,0.097,4.0,0.11,6,3.716,11.19,20층 313㎡(28.0×11.2m) + 20층 313㎡(28.0×11.2m) + 20층 313㎡(28.0×11.2m) + 20층 313㎡(28.0×11.2m) + 20층 313㎡(28.0×11.2m) + 20층 313㎡(28.0×11.2m)
3개동,3개동,20+20+20,20,70.0,169,15,37580,400.0,14161,51741,2109,22.45,0.1,9.0,0.26,3,3.712,9.46,20층 626㎡(66.2×9.5m) + 20층 626㎡(66.2×9.5m) + 20층 626㎡(66.2×9.5m)
5개동,5개동,20+20+20+20+20,20,70.0,169,12,37580,400.0,16505,54085,2144,22.82,0.165,4.3,0.12,5,3.705,8.67,20층 376㎡(43.3×8.7m) + 20층 376㎡(43.3×8.7m) + 20층 376㎡(43.3×8.7m) + 20층 376㎡(43.3×8.7m) + 20층 376㎡(43.3×8.7m)
2개동,2개동,20+20,20,70.0,169,10,37580,400.0,8163,45743,2011,21.41,0.193,6.0,1.5,2,3.7,21.67,20층 940㎡(43.3×21.7m) + 20층 940㎡(43.3×21.7m)
4개동,4개동,20+20+20+20,20,70.0,169,10,37580,400.0,14678,52258,2116,22.52,0.15,9.0,0.26,4,3.689,9.69,20층 470㎡(48.5×9.7m) + 20층 470㎡(48.5×9.7m) + 20층 470㎡(48.5×9.7m) + 20층 470㎡(48.5×9.7m)
3개동,3개동,20+20+20,20,70.0,169,23,37580,400.0,14161,51741,2109,22.45,0.157,6.0,0.17,3,3.684,9.46,20층 626㎡(66.2×9.5m) + 20층 626㎡(66.2×9.5m) + 20층 626㎡(66.2×9.5m)
단일,1b 층수·세장비,20,20,70.0,169,4,37580,400.0,7159,44739,1996,21.25,0.115,,,1,3.641,19.39,20층 1879㎡(96.9×19.4m)
단일,1b 층수·세장비,20,20,70.0,169,3,37580,400.0,7159,44739,1996,21.25,0.086,,,1,3.63,19.39,20층 1879㎡(96.9×19.4m)
2개동,2개동,20+20,20,70.0,169,1,37580,400.0,8502,46082,2017,21.47,0.114,4.3,1.07,2,3.627,19.39,20층 940㎡(48.5×19.4m) + 20층 940㎡(48.5×19.4m)
5개동,5개동,20+20+20+20+20,20,70.0,169,19,37580,400.0,15439,53019,2126,22.63,0.129,4.3,0.12,5,3.613,9.69,20층 376㎡(38.8×9.7m) + 20층 376㎡(38.8×9.7m) + 20층 376㎡(38.8×9.7m) + 20층 376㎡(38.8×9.7m) + 20층 376㎡(38.8×9.7m)
2개동,2개동,20+20,20,70.0,169,18,37580,400.0,11482,49062,2066,21.99,0.205,6.0,0.17,2,3.61,11.59,20층 940㎡(81.1×11.6m) + 20층 940㎡(81.1×11.6m)
4개동,4개동,20+20+20+20,20,70.0,169,16,37580,400.0,15585,53165,2131,22.68,0.174,9.0,0.26,4,3.607,8.85,20층 470㎡(53.1×8.8m) + 20층 470㎡(53.1×8.8m) + 20층 470㎡(53.1×8.8m) + 20층 470㎡(53.1×8.8m)
단일,1a 방위·위치,20,20,70.0,170,20,37580,400.0,6682,44262,1988,21.16,0.096,,,1,3.811,21.67,20층 1879㎡(86.7×21.7m)
단일,1b 층수·세장비,20,20,70.0,170,19,37580,400.0,6682,44262,1988,21.16,0.121,,,1,3.796,21.67,20층 1879㎡(86.7×21.7m)
2개동,2개동,20+20,20,70.0,170,15,37580,400.0,7868,45448,2006,21.35,0.167,6.0,1.5,2,3.792,25.03,20층 940㎡(37.5×25.0m) + 20층 940㎡(37.5×25.0m)
단일,1b 층수·세장비,20,20,70.0,170,19,37580,400.0,7159,44739,1996,21.25,0.083,,,1,3.763,19.39,20층 1879㎡(96.9×19.4m)
3개동,3개동,20+20+20,20,70.0,170,14,37580,400.0,10096,47676,2041,21.73,0.133,9.0,0.26,3,3.74,17.7,20층 626㎡(35.4×17.7m) + 20층 626㎡(35.4×17.7m) + 20층 626㎡(35.4×17.7m)
4개동,4개동,20+20+20+20,20,70.0,170,11,37580,400.0,12733,50313,2083,22.17,0.133,6.0,0.17,4,3.731,12.51,20층 470㎡(37.5×12.5m) + 20층 470㎡(37.5×12.5m) + 20층 470㎡(37.5×12.5m) + 20층 470㎡(37.5×12.5m)
4개동,4개동,20+20+20+20,20,70.0,170,27,37580,400.0,11754,49334,2067,22.0,0.195,4.0,0.12,4,3.728,15.33,20층 470㎡(30.7×15.3m) + 20층 470㎡(30.7×15.3m) + 20층 470㎡(30.7×15.3m) + 20층 470㎡(30.7×15.3m)
5개동,5개동,20+20+20+20+20,20,70.0,170,13,37580,400.0,16505,54085,2144,22.82,0.165,4.3,0.12,5,3.724,8.67,20층 376㎡(43.3×8.7m) + 20층 376㎡(43.3×8.7m) + 20층 376㎡(43.3×8.7m) + 20층 376㎡(43.3×8.7m) + 20층 376㎡(43.3×8.7m)
3개동,3개동,20+20+20,20,70.0,170,18,37580,400.0,10096,47676,2041,21.73,0.133,9.0,0.26,3,3.723,17.7,20층 626㎡(35.4×17.7m) + 20층 626㎡(35.4×17.7m) + 20층 626㎡(35.4×17.7m)
4개동,4개동,20+20+20+20,20,70.0,170,27,37580,400.0,11754,49334,2067,22.0,0.216,4.0,0.12,4,3.722,15.33,20층 470㎡(30.7×15.3m) + 20층 470㎡(30.7×15.3m) + 20층 470㎡(30.7×15.3m) + 20층 470㎡(30.7×15.3m)
단일,1a 방위·위치,20,20,70.0,170,14,37580,400.0,6682,44262,1988,21.16,0.296,,,1,3.721,21.67,20층 1879㎡(86.7×21.7m)
단일,1a 방위·위치,20,20,70.0,170,14,37580,400.0,6682,44262,1988,21.16,0.243,,,1,3.719,21.67,20층 1879㎡(86.7×21.7m)
5개동,5개동,20+20+20+20+20,20,70.0,170,10,37580,400.0,16505,54085,2144,22.82,0.117,6.0,0.17,5,3.716,8.67,20층 376㎡(43.3×8.7m) + 20층 376㎡(43.3×8.7m) + 20층 376㎡(43.3×8.7m) + 20층 376㎡(43.3×8.7m) + 20층 376㎡(43.3×8.7m)
3개동,3개동,20+20+20,20,70.0,170,23,37580,400.0,11802,49382,2070,22.03,0.358,13.0,0.37,3,3.71,12.51,20층 626㎡(50.1×12.5m) + 20층 626㎡(50.1×12.5m) + 20층 626㎡(50.1×12.5m)
6개동,6개동,20+20+20+20+20+20,20,70.0,170,24,37580,400.0,14594,52174,2110,22.46,0.07,4.0,0.11,6,3.7,12.51,20층 313㎡(25.0×12.5m) + 20층 313㎡(25.0×12.5m) + 20층 313㎡(25.0×12.5m) + 20층 313㎡(25.0×12.5m) + 20층 313㎡(25.0×12.5m) + 20층 313㎡(25.0×12.5m)
5개동,5개동,20+20+20+20+20,20,70.0,170,16,37580,400.0,16505,54085,2144,22.82,0.165,4.3,0.12,5,3.698,8.67,20층 376㎡(43.3×8.7m) + 20층 376㎡(43.3×8.7m) + 20층 376㎡(43.3×8.7m) + 20층 376㎡(43.3×8.7m) + 20층 376㎡(43.3×8.7m)
6개동,6개동,20+20+20+20+20+20,20,70.0,170,9,37580,400.0,17007,54587,2150,22.89,0.044,4.3,0.12,6,3.695,8.85,20층 313㎡(35.4×8.8m) + 20층 313㎡(35.4×8.8m) + 20층 313㎡(35.4×8.8m) + 20층 313㎡(35.4×8.8m) + 20층 313㎡(35.4×8.8m) + 20층 313㎡(35.4×8.8m)
단일,1a 방위·위치,20,20,70.0,170,14,37580,400.0,6682,44262,1988,21.16,0.191,,,1,3.692,21.67,20층 1879㎡(86.7×21.7m)
2개동,2개동,20+20,20,70.0,170,17,37580,400.0,11482,49062,2066,21.99,0.098,9.0,0.26,2,3.683,11.59,20층 940㎡(81.1×11.6m) + 20층 940㎡(81.1×11.6m)
5개동,5개동,20+20+20+20+20,20,70.0,170,18,37580,400.0,15439,53019,2126,22.63,0.129,4.3,0.12,5,3.682,9.69,20층 376㎡(38.8×9.7m) + 20층 376㎡(38.8×9.7m) + 20층 376㎡(38.8×9.7m) + 20층 376㎡(38.8×9.7m) + 20층 376㎡(38.8×9.7m)
4개동,4개동,20+20+20+20,20,70.0,170,23,37580,400.0,11754,49334,2067,22.0,0.192,4.0,0.37,4,3.67,15.33,20층 470㎡(30.7×15.3m) + 20층 470㎡(30.7×15.3m) + 20층 470㎡(30.7×15.3m) + 20층 470㎡(30.7×15.3m)
5개동,5개동,20+20+20+20+20,20,70.0,170,21,37580,400.0,16505,54085,2144,22.82,0.337,4.3,0.12,5,3.67,8.67,20층 376㎡(43.3×8.7m) + 20층 376㎡(43.3×8.7m) + 20층 376㎡(43.3×8.7m) + 20층 376㎡(43.3×8.7m) + 20층 376㎡(43.3×8.7m)
단일,1a 방위·위치,20,20,70.0,170,12,37580,400.0,6682,44262,1988,21.16,0.091,,,1,3.665,21.67,20층 1879㎡(86.7×21.7m)
단일,1b 층수·세장비,20,20,70.0,170,9,37580,400.0,7159,44739,1996,21.25,0.09,,,1,3.665,19.39,20층 1879㎡(96.9×19.4m)
3개동,3개동,20+20+20,20,70.0,170,23,37580,400.0,10943,48523,2055,21.88,0.146,13.0,0.37,3,3.65,14.45,20층 626㎡(43.3×14.4m) + 20층 626㎡(43.3×14.4m) + 20층 626㎡(43.3×14.4m)
단일,1b 층수·세장비,20,20,70.0,170,5,37580,400.0,7613,45193,2004,21.33,0.159,,,1,3.647,17.7,20층 1879㎡(106.2×17.7m)
단일,1b 층수·세장비,20,20,70.0,170,9,37580,400.0,7159,44739,1996,21.25,0.061,,,1,3.646,19.39,20층 1879㎡(96.9×19.4m)
단일,1a 방위·위치,20,20,70.0,170,23,37580,400.0,6682,44262,1988,21.16,0.283,,,1,3.636,21.67,20층 1879㎡(86.7×21.7m)
2개동,2개동,20+20,20,70.0,170,23,37580,400.0,10871,48451,2056,21.89,0.058,13.0,0.37,2,3.604,12.51,20층 940㎡(75.1×12.5m) + 20층 940㎡(75.1×12.5m)
4개동,4개동,20+20+20+20,20,70.0,170,17,37580,400.0,14678,52258,2116,22.52,0.15,9.0,0.26,4,3.604,9.69,20층 470㎡(48.5×9.7m) + 20층 470㎡(48.5×9.7m) + 20층 470㎡(48.5×9.7m) + 20층 470㎡(48.5×9.7m)
단일,1b 층수·세장비,20,20,70.0,171,11,37580,400.0,7159,44739,1996,21.25,0.125,,,1,3.767,19.39,20층 1879㎡(96.9×19.4m)
2개동,2개동,20+20,20,70.0,171,6,37580,400.0,7868,45448,2006,21.35,0.169,28.0,7.0,2,3.748,25.03,20층 940㎡(37.5×25.0m) + 20층 940㎡(37.5×25.0m)
2개동,2개동,20+20,20,70.0,171,14,37580,400.0,8163,45743,2011,21.41,0.077,9.2,2.29,2,3.745,21.67,20층 940㎡(43.3×21.7m) + 20층 940㎡(43.3×21.7m)
단일,1b 층수·세장비,20,20,70.0,171,18,37580,400.0,7159,44739,1996,21.25,0.14,,,1,3.734,19.39,20층 1879㎡(96.9×19.4m)
2개동,2개동,20+20,20,70.0,171,12,37580,400.0,8163,45743,2011,21.41,0.146,4.3,1.07,2,3.729,21.67,20층 940㎡(43.3×21.7m) + 20층 940㎡(43.3×21.7m)
4개동,4개동,20+20+20+20,20,70.0,171,10,37580,400.0,12234,49814,2075,22.09,0.099,6.0,0.17,4,3.721,13.71,20층 470㎡(34.3×13.7m) + 20층 470㎡(34.3×13.7m) + 20층 470㎡(34.3×13.7m) + 20층 470㎡(34.3×13.7m)
3개동,3개동,20+20+20,20,70.0,171,18,37580,400.0,9735,47315,2035,21.66,0.117,6.0,0.17,3,3.72,20.43,20층 626㎡(30.7×20.4m) + 20층 626㎡(30.7×20.4m) + 20층 626㎡(30.7×20.4m)
5개동,5개동,20+20+20+20+20,20,70.0,171,10,37580,400.0,15439,53019,2126,22.63,0.129,4.3,0.12,5,3.713,9.69,20층 376㎡(38.8×9.7m) + 20층 376㎡(38.8×9.7m) + 20층 376㎡(38.8×9.7m) + 20층 376㎡(38.8×9.7m) + 20층 376㎡(38.8×9.7m)
5개동,5개동,20+20+20+20+20,20,70.0,171,9,37580,400.0,15439,53019,2126,22.63,0.08,6.0,0.17,5,3.711,9.69,20층 376㎡(38.8×9.7m) + 20층 376㎡(38.8×9.7m) + 20층 376㎡(38.8×9.7m) + 20층 376㎡(38.8×9.7m) + 20층 376㎡(38.8×9.7m)
2개동,2개동,20+20,20,70.0,171,29,37580,400.0,10230,47810,2045,21.77,0.09,6.0,0.17,2,3.701,13.71,20층 940㎡(68.5×13.7m) + 20층 940㎡(68.5×13.7m)
3개동,3개동,20+20+20,20,70.0,171,23,37580,400.0,13414,50994,2097,22.32,0.049,9.0,0.26,3,3.701,10.22,20층 626㎡(61.3×10.2m) + 20층 626㎡(61.3×10.2m) + 20층 626㎡(61.3×10.2m)
4개동,4개동,20+20+20+20,20,70.0,171,21,37580,400.0,11338,48918,2060,21.93,0.18,4.0,0.11,4,3.7,17.7,20층 470㎡(26.5×17.7m) + 20층 470㎡(26.5×17.7m) + 20층 470㎡(26.5×17.7m) + 20층 470㎡(26.5×17.7m)
5개동,5개동,20+20+20+20+20,20,70.0,171,19,37580,400.0,15439,53019,2126,22.63,0.3,4.3,0.12,5,3.693,9.69,20층 376㎡(38.8×9.7m) + 20층 376㎡(38.8×9.7m) + 20층 376㎡(38.8×9.7m) + 20층 376㎡(38.8×9.7m) + 20층 376㎡(38.8×9.7m)
5개동,5개동,20+20+20+20+20,20,70.0,171,13,37580,400.0,15439,53019,2126,22.63,0.129,4.3,0.12,5,3.693,9.69,20층 376㎡(38.8×9.7m) + 20층 376㎡(38.8×9.7m) + 20층 376㎡(38.8×9.7m) + 20층 376㎡(38.8×9.7m) + 20층 376㎡(38.8×9.7m)
2개동,2개동,20+20,20,70.0,171,22,37580,400.0,10871,48451,2056,21.89,0.233,6.0,0.17,2,3.685,12.51,20층 940㎡(75.1×12.5m) + 20층 940㎡(75.1×12.5m)
6개동,6개동,20+20+20+20+20+20,20,70.0,171,23,37580,400.0,14594,52174,2110,22.46,0.1,4.0,0.11,6,3.683,12.51,20층 313㎡(25.0×12.5m) + 20층 313㎡(25.0×12.5m) + 20층 313㎡(25.0×12.5m) + 20층 313㎡(25.0×12.5m) + 20층 313㎡(25.0×12.5m) + 20층 313㎡(25.0×12.5m)
단일,1a 방위·위치,20,20,70.0,171,12,37580,400.0,6682,44262,1988,21.16,0.14,,,1,3.678,21.67,20층 1879㎡(86.7×21.7m)
6개동,6개동,20+20+20+20+20+20,20,70.0,171,23,37580,400.0,15793,53373,2130,22.67,0.202,4.0,0.11,6,3.66,10.22,20층 313㎡(30.7×10.2m) + 20층 313㎡(30.7×10.2m) + 20층 313㎡(30.7×10.2m) + 20층 313㎡(30.7×10.2m) + 20층 313㎡(30.7×10.2m) + 20층 313㎡(30.7×10.2m)
6개동,6개동,20+20+20+20+20+20,20,70.0,171,23,37580,400.0,15793,53373,2130,22.67,0.206,4.0,0.11,6,3.659,10.22,20층 313㎡(30.7×10.2m) + 20층 313㎡(30.7×10.2m) + 20층 313㎡(30.7×10.2m) + 20층 313㎡(30.7×10.2m) + 20층 313㎡(30.7×10.2m) + 20층 313㎡(30.7×10.2m)
6개동,6개동,20+20+20+20+20+20,20,70.0,171,22,37580,400.0,15182,52762,2120,22.57,0.181,4.0,0.11,6,3.658,11.19,20층 313㎡(28.0×11.2m) + 20층 313㎡(28.0×11.2m) + 20층 313㎡(28.0×11.2m) + 20층 313㎡(28.0×11.2m) + 20층 313㎡(28.0×11.2m) + 20층 313㎡(28.0×11.2m)
2개동,2개동,20+20,20,70.0,171,21,37580,400.0,11482,49062,2066,21.99,0.248,4.3,0.12,2,3.656,11.59,20층 940㎡(81.1×11.6m) + 20층 940㎡(81.1×11.6m)
4개동,4개동,20+20+20+20,20,70.0,171,14,37580,400.0,12733,50313,2083,22.17,0.069,9.0,0.26,4,3.65,12.51,20층 470㎡(37.5×12.5m) + 20층 470㎡(37.5×12.5m) + 20층 470㎡(37.5×12.5m) + 20층 470㎡(37.5×12.5m)
5개동,5개동,20+20+20+20+20,20,70.0,171,23,37580,400.0,16505,54085,2144,22.82,0.166,4.3,0.12,5,3.617,8.67,20층 376㎡(43.3×8.7m) + 20층 376㎡(43.3×8.7m) + 20층 376㎡(43.3×8.7m) + 20층 376㎡(43.3×8.7m) + 20층 376㎡(43.3×8.7m)
단일,1a 방위·위치,20,20,70.0,171,20,37580,400.0,6682,44262,1988,21.16,0.23,,,1,3.611,21.67,20층 1879㎡(86.7×21.7m)
단일,1a 방위·위치,20,20,70.0,171,18,37580,400.0,6682,44262,1988,21.16,0.18,,,1,3.596,21.67,20층 1879㎡(86.7×21.7m)
단일,1a 방위·위치,20,20,70.0,171,14,37580,400.0,6682,44262,1988,21.16,0.133,,,1,3.596,21.67,20층 1879㎡(86.7×21.7m)
5개동,5개동,20+20+20+20+20,20,70.0,171,15,37580,400.0,16505,54085,2144,22.82,0.117,6.0,0.17,5,3.596,8.67,20층 376㎡(43.3×8.7m) + 20층 376㎡(43.3×8.7m) + 20층 376㎡(43.3×8.7m) + 20층 376㎡(43.3×8.7m) + 20층 376㎡(43.3×8.7m)
단일,1a 방위·위치,20,20,70.0,171,17,37580,400.0,6682,44262,1988,21.16,0.132,,,1,3.585,21.67,20층 1879㎡(86.7×21.7m)
단일,1a 방위·위치,20,20,70.0,171,16,37580,400.0,6682,44262,1988,21.16,0.086,,,1,3.577,21.67,20층 1879㎡(86.7×21.7m)
단일,1a 방위·위치,20,20,70.0,172,20,37580,400.0,6682,44262,1988,21.16,0.064,,,1,3.874,21.67,20층 1879㎡(86.7×21.7m)
단일,1a 방위·위치,20,20,70.0,172,22,37580,400.0,6682,44262,1988,21.16,0.094,,,1,3.783,21.67,20층 1879㎡(86.7×21.7m)
4개동,4개동,20+20+20+20,20,70.0,172,27,37580,400.0,11754,49334,2067,22.0,0.16,4.0,0.11,4,3.749,15.33,20층 470㎡(30.7×15.3m) + 20층 470㎡(30.7×15.3m) + 20층 470㎡(30.7×15.3m) + 20층 470㎡(30.7×15.3m)
2개동,2개동,20+20,20,70.0,172,25,37580,400.0,10230,47810,2045,21.77,0.045,6.0,0.17,2,3.748,13.71,20층 940㎡(68.5×13.7m) + 20층 940㎡(68.5×13.7m)
단일,1a 방위·위치,20,20,70.0,172,16,37580,400.0,6682,44262,1988,21.16,0.253,,,1,3.746,21.67,20층 1879㎡(86.7×21.7m)
단일,1b 층수·세장비,20,20,70.0,172,8,37580,400.0,7613,45193,2004,21.33,0.126,,,1,3.735,17.7,20층 1879㎡(106.2×17.7m)
4개동,4개동,20+20+20+20,20,70.0,172,27,37580,400.0,11754,49334,2067,22.0,0.146,4.0,0.17,4,3.734,15.33,20층 470㎡(30.7×15.3m) + 20층 470㎡(30.7×15.3m) + 20층 470㎡(30.7×15.3m) + 20층 470㎡(30.7×15.3m)
3개동,3개동,20+20+20,20,70.0,172,27,37580,400.0,14161,51741,2109,22.45,0.125,4.3,0.12,3,3.723,9.46,20층 626㎡(66.2×9.5m) + 20층 626㎡(66.2×9.5m) + 20층 626㎡(66.2×9.5m)
2개동,2개동,20+20,20,70.0,172,18,37580,400.0,7868,45448,2006,21.35,0.175,4.3,1.08,2,3.717,25.03,20층 940㎡(37.5×25.0m) + 20층 940㎡(37.5×25.0m)
단일,1b 층수·세장비,20,20,70.0,172,5,37580,400.0,7613,45193,2004,21.33,0.191,,,1,3.692,17.7,20층 1879㎡(106.2×17.7m)
4개동,4개동,20+20+20+20,20,70.0,172,21,37580,400.0,11338,48918,2060,21.93,0.218,4.0,0.11,4,3.69,17.7,20층 470㎡(26.5×17.7m) + 20층 470㎡(26.5×17.7m) + 20층 470㎡(26.5×17.7m) + 20층 470㎡(26.5×17.7m)
5개동,5개동,20+20+20+20+20,20,70.0,172,15,37580,400.0,15439,53019,2126,22.63,0.129,4.3,0.12,5,3.683,9.69,20층 376㎡(38.8×9.7m) + 20층 376㎡(38.8×9.7m) + 20층 376㎡(38.8×9.7m) + 20층 376㎡(38.8×9.7m) + 20층 376㎡(38.8×9.7m)
6개동,6개동,20+20+20+20+20+20,20,70.0,172,23,37580,400.0,15182,52762,2120,22.57,0.147,4.0,0.11,6,3.68,11.19,20층 313㎡(28.0×11.2m) + 20층 313㎡(28.0×11.2m) + 20층 313㎡(28.0×11.2m) + 20층 313㎡(28.0×11.2m) + 20층 313㎡(28.0×11.2m) + 20층 313㎡(28.0×11.2m)
6개동,6개동,20+20+20+20+20+20,20,70.0,172,24,37580,400.0,15793,53373,2130,22.67,0.167,4.0,0.11,6,3.678,10.22,20층 313㎡(30.7×10.2m) + 20층 313㎡(30.7×10.2m) + 20층 313㎡(30.7×10.2m) + 20층 313㎡(30.7×10.2m) + 20층 313㎡(30.7×10.2m) + 20층 313㎡(30.7×10.2m)
단일,1b 층수·세장비,20,20,70.0,172,3,37580,400.0,7613,45193,2004,21.33,0.224,,,1,3.671,17.7,20층 1879㎡(106.2×17.7m)
2개동,2개동,20+20,20,70.0,172,29,37580,400.0,10230,47810,2045,21.77,0.043,13.0,0.37,2,3.657,13.71,20층 940㎡(68.5×13.7m) + 20층 940㎡(68.5×13.7m)
2개동,2개동,20+20,20,70.0,172,19,37580,400.0,8502,46082,2017,21.47,0.066,21.9,0.63,2,3.654,19.39,20층 940㎡(48.5×19.4m) + 20층 940㎡(48.5×19.4m)
2개동,2개동,20+20,20,70.0,172,18,37580,400.0,7868,45448,2006,21.35,0.34,9.0,2.25,2,3.65,25.03,20층 940㎡(37.5×25.0m) + 20층 940㎡(37.5×25.0m)
단일,1b 층수·세장비,20,20,70.0,172,2,37580,400.0,7613,45193,2004,21.33,0.212,,,1,3.639,17.7,20층 1879㎡(106.2×17.7m)
단일,1b 층수·세장비,20,20,70.0,172,4,37580,400.0,7613,45193,2004,21.33,0.126,,,1,3.633,17.7,20층 1879㎡(106.2×17.7m)
4개동,4개동,20+20+20+20,20,70.0,172,17,37580,400.0,12234,49814,2075,22.09,0.099,6.0,0.17,4,3.631,13.71,20층 470㎡(34.3×13.7m) + 20층 470㎡(34.3×13.7m) + 20층 470㎡(34.3×13.7m) + 20층 470㎡(34.3×13.7m)
단일,1b 층수·세장비,20,20,70.0,172,0,37580,400.0,7613,45193,2004,21.33,0.179,,,1,3.624,17.7,20층 1879㎡(106.2×17.7m)
5개동,5개동,20+20+20+20+20,20,70.0,172,14,37580,400.0,14331,51911,2108,22.44,0.075,4.3,0.12,5,3.622,11.19,20층 376㎡(33.6×11.2m) + 20층 376㎡(33.6×11.2m) + 20층 376㎡(33.6×11.2m) + 20층 376㎡(33.6×11.2m) + 20층 376㎡(33.6×11.2m)
단일,1b 층수·세장비,20,20,70.0,172,4,37580,400.0,7613,45193,2004,21.33,0.093,,,1,3.62,17.7,20층 1879㎡(106.2×17.7m)
단일,1a 방위·위치,20,20,70.0,172,14,37580,400.0,6682,44262,1988,21.16,0.178,,,1,3.599,21.67,20층 1879㎡(86.7×21.7m)
단일,1a 방위·위치,20,20,70.0,172,23,37580,400.0,6682,44262,1988,21.16,0.162,,,1,3.597,21.67,20층 1879㎡(86.7×21.7m)
단일,1a 방위·위치,20,20,70.0,172,14,37580,400.0,6682,44262,1988,21.16,0.089,,,1,3.592,21.67,20층 1879㎡(86.7×21.7m)
단일,1a 방위·위치,20,20,70.0,173,18,37580,400.0,6682,44262,1988,21.16,0.109,,,1,3.855,21.67,20층 1879㎡(86.7×21.7m)
단일,1a 방위·위치,20,20,70.0,173,18,37580,400.0,6682,44262,1988,21.16,0.2,,,1,3.777,21.67,20층 1879㎡(86.7×21.7m)
단일,1b 층수·세장비,20,20,70.0,173,9,37580,400.0,7613,45193,2004,21.33,0.094,,,1,3.75,17.7,20층 1879㎡(106.2×17.7m)
단일,1a 방위·위치,20,20,70.0,173,16,37580,400.0,6682,44262,1988,21.16,0.306,,,1,3.748,21.67,20층 1879㎡(86.7×21.7m)
2개동,2개동,20+20,20,70.0,173,20,37580,400.0,7868,45448,2006,21.35,0.141,6.0,1.5,2,3.737,25.03,20층 940㎡(37.5×25.0m) + 20층 940㎡(37.5×25.0m)
4개동,4개동,20+20+20+20,20,70.0,173,25,37580,400.0,11338,48918,2060,21.93,0.125,4.0,0.11,4,3.726,17.7,20층 470㎡(26.5×17.7m) + 20층 470㎡(26.5×17.7m) + 20층 470㎡(26.5×17.7m) + 20층 470㎡(26.5×17.7m)
단일,1b 층수·세장비,20,20,70.0,173,16,37580,400.0,7159,44739,1996,21.25,0.169,,,1,3.713,19.39,20층 1879㎡(96.9×19.4m)
4개동,4개동,20+20+20+20,20,70.0,173,22,37580,400.0,11338,48918,2060,21.93,0.381,4.0,0.8,4,3.71,17.7,20층 470㎡(26.5×17.7m) + 20층 470㎡(26.5×17.7m) + 20층 470㎡(26.5×17.7m) + 20층 470㎡(26.5×17.7m)
3개동,3개동,20+20+20,20,70.0,173,25,37580,400.0,14161,51741,2109,22.45,0.101,6.0,0.17,3,3.709,9.46,20층 626㎡(66.2×9.5m) + 20층 626㎡(66.2×9.5m) + 20층 626㎡(66.2×9.5m)
2개동,2개동,20+20,20,70.0,173,14,37580,400.0,11482,49062,2066,21.99,0.295,6.0,0.17,2,3.697,11.59,20층 940㎡(81.1×11.6m) + 20층 940㎡(81.1×11.6m)
단일,1b 층수·세장비,20,20,70.0,173,15,37580,400.0,7159,44739,1996,21.25,0.199,,,1,3.691,19.39,20층 1879㎡(96.9×19.4m)
3개동,3개동,20+20+20,20,70.0,173,22,37580,400.0,14161,51741,2109,22.45,0.058,9.0,0.26,3,3.685,9.46,20층 626㎡(66.2×9.5m) + 20층 626㎡(66.2×9.5m) + 20층 626㎡(66.2×9.5m)
4개동,4개동,20+20+20+20,20,70.0,173,20,37580,400.0,12733,50313,2083,22.17,0.305,6.0,0.17,4,3.685,12.51,20층 470㎡(37.5×12.5m) + 20층 470㎡(37.5×12.5m) + 20층 470㎡(37.5×12.5m) + 20층 470㎡(37.5×12.5m)
6개동,6개동,20+20+20+20+20+20,20,70.0,173,22,37580,400.0,14594,52174,2110,22.46,0.064,4.0,0.11,6,3.685,12.51,20층 313㎡(25.0×12.5m) + 20층 313㎡(25.0×12.5m) + 20층 313㎡(25.0×12.5m) + 20층 313㎡(25.0×12.5m) + 20층 313㎡(25.0×12.5m) + 20층 313㎡(25.0×12.5m)
3개동,3개동,20+20+20,20,70.0,173,9,37580,400.0,14161,51741,2109,22.45,0.167,19.0,0.54,3,3.679,9.46,20층 626㎡(66.2×9.5m) + 20층 626㎡(66.2×9.5m) + 20층 626㎡(66.2×9.5m)
6개동,6개동,20+20+20+20+20+20,20,70.0,173,22,37580,400.0,14084,51664,2102,22.37,0.079,4.0,0.11,6,3.677,14.45,20층 313㎡(21.7×14.4m) + 20층 313㎡(21.7×14.4m) + 20층 313㎡(21.7×14.4m) + 20층 313㎡(21.7×14.4m) + 20층 313㎡(21.7×14.4m) + 20층 313㎡(21.7×14.4m)
2개동,2개동,20+20,20,70.0,173,23,37580,400.0,10871,48451,2056,21.89,0.222,4.3,0.12,2,3.666,12.51,20층 940㎡(75.1×12.5m) + 20층 940㎡(75.1×12.5m)
5개동,5개동,20+20+20+20+20,20,70.0,173,11,37580,400.0,16505,54085,2144,22.82,0.117,6.0,0.17,5,3.666,8.67,20층 376㎡(43.3×8.7m) + 20층 376㎡(43.3×8.7m) + 20층 376㎡(43.3×8.7m) + 20층 376㎡(43.3×8.7m) + 20층 376㎡(43.3×8.7m)
2개동,2개동,20+20,20,70.0,173,1,37580,400.0,8502,46082,2017,21.47,0.209,9.0,2.25,2,3.659,19.39,20층 940㎡(48.5×19.4m) + 20층 940㎡(48.5×19.4m)
2개동,2개동,20+20,20,70.0,173,13,37580,400.0,10871,48451,2056,21.89,0.093,19.0,0.54,2,3.655,12.51,20층 940㎡(75.1×12.5m) + 20층 940㎡(75.1×12.5m)
2개동,2개동,20+20,20,70.0,173,15,37580,400.0,8502,46082,2017,21.47,0.052,24.5,0.7,2,3.651,19.39,20층 940㎡(48.5×19.4m) + 20층 940㎡(48.5×19.4m)
3개동,3개동,20+20+20,20,70.0,173,18,37580,400.0,10512,48092,2048,21.8,0.116,13.0,0.37,3,3.649,15.83,20층 626㎡(39.6×15.8m) + 20층 626㎡(39.6×15.8m) + 20층 626㎡(39.6×15.8m)
2개동,2개동,20+20,20,70.0,173,19,37580,400.0,11482,49062,2066,21.99,0.236,6.0,0.17,2,3.647,11.59,20층 940㎡(81.1×11.6m) + 20층 940㎡(81.1×11.6m)
2개동,2개동,20+20,20,70.0,173,18,37580,400.0,10230,47810,2045,21.77,0.062,28.0,0.8,2,3.645,13.71,20층 940㎡(68.5×13.7m) + 20층 940㎡(68.5×13.7m)
2개동,2개동,20+20,20,70.0,173,10,37580,400.0,11482,49062,2066,21.99,0.143,13.0,0.37,2,3.638,11.59,20층 940㎡(81.1×11.6m) + 20층 940㎡(81.1×11.6m)
2개동,2개동,20+20,20,70.0,173,18,37580,400.0,11482,49062,2066,21.99,0.29,6.0,0.17,2,3.635,11.59,20층 940㎡(81.1×11.6m) + 20층 940㎡(81.1×11.6m)
단일,1a 방위·위치,20,20,70.0,173,9,37580,400.0,6682,44262,1988,21.16,0.073,,,1,3.631,21.67,20층 1879㎡(86.7×21.7m)
단일,1b 층수·세장비,20,20,70.0,173,0,37580,400.0,7613,45193,2004,21.33,0.083,,,1,3.584,17.7,20층 1879㎡(106.2×17.7m)
단일,1a 방위·위치,20,20,70.0,174,18,37580,400.0,6682,44262,1988,21.16,0.15,,,1,3.808,21.67,20층 1879㎡(86.7×21.7m)
단일,1b 층수·세장비,20,20,70.0,174,22,37580,400.0,6682,44262,1988,21.16,0.071,,,1,3.799,21.67,20층 1879㎡(86.7×21.7m)
단일,1a 방위·위치,20,20,70.0,174,16,37580,400.0,6682,44262,1988,21.16,0.253,,,1,3.779,21.67,20층 1879㎡(86.7×21.7m)
2개동,2개동,20+20,20,70.0,174,12,37580,400.0,7868,45448,2006,21.35,0.127,19.4,4.85,2,3.756,25.03,20층 940㎡(37.5×25.0m) + 20층 940㎡(37.5×25.0m)
3개동,3개동,20+20+20,20,70.0,174,15,37580,400.0,9735,47315,2035,21.66,0.246,9.0,0.26,3,3.732,20.43,20층 626㎡(30.7×20.4m) + 20층 626㎡(30.7×20.4m) + 20층 626㎡(30.7×20.4m)
2개동,2개동,20+20,20,70.0,174,23,37580,400.0,7868,45448,2006,21.35,0.19,6.0,1.5,2,3.726,25.03,20층 940㎡(37.5×25.0m) + 20층 940㎡(37.5×25.0m)
2개동,2개동,20+20,20,70.0,174,21,37580,400.0,10871,48451,2056,21.89,0.245,4.3,0.12,2,3.721,12.51,20층 940㎡(75.1×12.5m) + 20층 940㎡(75.1×12.5m)
2개동,2개동,20+20,20,70.0,174,14,37580,400.0,11482,49062,2066,21.99,0.215,9.0,0.26,2,3.701,11.59,20층 940㎡(81.1×11.6m) + 20층 940㎡(81.1×11.6m)
3개동,3개동,20+20+20,20,70.0,174,16,37580,400.0,9735,47315,2035,21.66,0.074,9.0,0.26,3,3.701,20.43,20층 626㎡(30.7×20.4m) + 20층 626㎡(30.7×20.4m) + 20층 626㎡(30.7×20.4m)
5개동,5개동,20+20+20+20+20,20,70.0,174,10,37580,400.0,14331,51911,2108,22.44,0.075,4.3,0.12,5,3.698,11.19,20층 376㎡(33.6×11.2m) + 20층 376㎡(33.6×11.2m) + 20층 376㎡(33.6×11.2m) + 20층 376㎡(33.6×11.2m) + 20층 376㎡(33.6×11.2m)
5개동,5개동,20+20+20+20+20,20,70.0,174,9,37580,400.0,16505,54085,2144,22.82,0.117,6.0,0.17,5,3.685,8.67,20층 376㎡(43.3×8.7m) + 20층 376㎡(43.3×8.7m) + 20층 376㎡(43.3×8.7m) + 20층 376㎡(43.3×8.7m) + 20층 376㎡(43.3×8.7m)
4개동,4개동,20+20+20+20,20,70.0,174,22,37580,400.0,11754,49334,2067,22.0,0.256,4.0,0.11,4,3.679,15.33,20층 470㎡(30.7×15.3m) + 20층 470㎡(30.7×15.3m) + 20층 470㎡(30.7×15.3m) + 20층 470㎡(30.7×15.3m)
4개동,4개동,20+20+20+20,20,70.0,174,23,37580,400.0,12234,49814,2075,22.09,0.279,4.0,0.11,4,3.674,13.71,20층 470㎡(34.3×13.7m) + 20층 470㎡(34.3×13.7m) + 20층 470㎡(34.3×13.7m) + 20층 470㎡(34.3×13.7m)
단일,1b 층수·세장비,20,20,70.0,174,13,37580,400.0,7159,44739,1996,21.25,0.229,,,1,3.672,19.39,20층 1879㎡(96.9×19.4m)
6개동,6개동,20+20+20+20+20+20,20,70.0,174,22,37580,400.0,14594,52174,2110,22.46,0.153,4.0,0.11,6,3.662,12.51,20층 313㎡(25.0×12.5m) + 20층 313㎡(25.0×12.5m) + 20층 313㎡(25.0×12.5m) + 20층 313㎡(25.0×12.5m) + 20층 313㎡(25.0×12.5m) + 20층 313㎡(25.0×12.5m)
5개동,5개동,20+20+20+20+20,20,70.0,174,23,37580,400.0,16505,54085,2144,22.82,0.337,4.3,0.12,5,3.658,8.67,20층 376㎡(43.3×8.7m) + 20층 376㎡(43.3×8.7m) + 20층 376㎡(43.3×8.7m) + 20층 376㎡(43.3×8.7m) + 20층 376㎡(43.3×8.7m)
5개동,5개동,20+20+20+20+20,20,70.0,174,14,37580,400.0,16505,54085,2144,22.82,0.117,6.0,0.17,5,3.657,8.67,20층 376㎡(43.3×8.7m) + 20층 376㎡(43.3×8.7m) + 20층 376㎡(43.3×8.7m) + 20층 376㎡(43.3×8.7m) + 20층 376㎡(43.3×8.7m)
4개동,4개동,20+20+20+20,20,70.0,174,21,37580,400.0,12234,49814,2075,22.09,0.243,4.0,0.26,4,3.652,13.71,20층 470㎡(34.3×13.7m) + 20층 470㎡(34.3×13.7m) + 20층 470㎡(34.3×13.7m) + 20층 470㎡(34.3×13.7m)
6개동,6개동,20+20+20+20+20+20,20,70.0,174,23,37580,400.0,15182,52762,2120,22.57,0.116,4.0,0.11,6,3.651,11.19,20층 313㎡(28.0×11.2m) + 20층 313㎡(28.0×11.2m) + 20층 313㎡(28.0×11.2m) + 20층 313㎡(28.0×11.2m) + 20층 313㎡(28.0×11.2m) + 20층 313㎡(28.0×11.2m)
4개동,4개동,20+20+20+20,20,70.0,174,22,37580,400.0,12234,49814,2075,22.09,0.192,4.0,0.17,4,3.646,13.71,20층 470㎡(34.3×13.7m) + 20층 470㎡(34.3×13.7m) + 20층 470㎡(34.3×13.7m) + 20층 470㎡(34.3×13.7m)
단일,1a 방위·위치,20,20,70.0,174,16,37580,400.0,6682,44262,1988,21.16,0.274,,,1,3.63,21.67,20층 1879㎡(86.7×21.7m)
2개동,2개동,20+20,20,70.0,174,18,37580,400.0,11482,49062,2066,21.99,0.215,9.0,0.26,2,3.628,11.59,20층 940㎡(81.1×11.6m) + 20층 940㎡(81.1×11.6m)
단일,1a 방위·위치,20,20,70.0,174,15,37580,400.0,6682,44262,1988,21.16,0.107,,,1,3.627,21.67,20층 1879㎡(86.7×21.7m)
단일,1a 방위·위치,20,20,70.0,174,15,37580,400.0,6682,44262,1988,21.16,0.06,,,1,3.616,21.67,20층 1879㎡(86.7×21.7m)
3개동,3개동,20+20+20,20,70.0,174,1,37580,400.0,9735,47315,2035,21.66,0.104,4.3,1.07,3,3.615,20.43,20층 626㎡(30.7×20.4m) + 20층 626㎡(30.7×20.4m) + 20층 626㎡(30.7×20.4m)
단일,1a 방위·위치,20,20,70.0,174,15,37580,400.0,6682,44262,1988,21.16,0.225,,,1,3.612,21.67,20층 1879㎡(86.7×21.7m)
5개동,5개동,20+20+20+20+20,20,70.0,174,17,37580,400.0,14331,51911,2108,22.44,0.075,4.3,0.12,5,3.601,11.19,20층 376㎡(33.6×11.2m) + 20층 376㎡(33.6×11.2m) + 20층 376㎡(33.6×11.2m) + 20층 376㎡(33.6×11.2m) + 20층 376㎡(33.6×11.2m)
5개동,5개동,20+20+20+20+20,20,70.0,174,18,37580,400.0,16505,54085,2144,22.82,0.117,6.0,0.17,5,3.587,8.67,20층 376㎡(43.3×8.7m) + 20층 376㎡(43.3×8.7m) + 20층 376㎡(43.3×8.7m) + 20층 376㎡(43.3×8.7m) + 20층 376㎡(43.3×8.7m)
단일,1a 방위·위치,20,20,70.0,175,23,37580,400.0,6682,44262,1988,21.16,0.082,,,1,3.851,21.67,20층 1879㎡(86.7×21.7m)
2개동,2개동,20+20,20,70.0,175,10,37580,400.0,7868,45448,2006,21.35,0.107,28.0,7.0,2,3.774,25.03,20층 940㎡(37.5×25.0m) + 20층 940㎡(37.5×25.0m)
단일,1a 방위·위치,20,20,70.0,175,16,37580,400.0,6682,44262,1988,21.16,0.269,,,1,3.724,21.67,20층 1879㎡(86.7×21.7m)
4개동,4개동,20+20+20+20,20,70.0,175,25,37580,400.0,11338,48918,2060,21.93,0.163,4.0,0.11,4,3.715,17.7,20층 470㎡(26.5×17.7m) + 20층 470㎡(26.5×17.7m) + 20층 470㎡(26.5×17.7m) + 20층 470㎡(26.5×17.7m)
4개동,4개동,20+20+20+20,20,70.0,175,10,37580,400.0,11754,49334,2067,22.0,0.053,6.0,0.17,4,3.702,15.33,20층 470㎡(30.7×15.3m) + 20층 470㎡(30.7×15.3m) + 20층 470㎡(30.7×15.3m) + 20층 470㎡(30.7×15.3m)
3개동,3개동,20+20+20,20,70.0,175,22,37580,400.0,10096,47676,2041,21.73,0.304,9.0,0.26,3,3.694,17.7,20층 626㎡(35.4×17.7m) + 20층 626㎡(35.4×17.7m) + 20층 626㎡(35.4×17.7m)
2개동,2개동,20+20,20,70.0,175,7,37580,400.0,7868,45448,2006,21.35,0.255,19.0,4.75,2,3.693,25.03,20층 940㎡(37.5×25.0m) + 20층 940㎡(37.5×25.0m)
3개동,3개동,20+20+20,20,70.0,175,21,37580,400.0,10943,48523,2055,21.88,0.317,13.0,0.37,3,3.689,14.45,20층 626㎡(43.3×14.4m) + 20층 626㎡(43.3×14.4m) + 20층 626㎡(43.3×14.4m)
단일,1a 방위·위치,20,20,70.0,175,16,37580,400.0,6682,44262,1988,21.16,0.312,,,1,3.688,21.67,20층 1879㎡(86.7×21.7m)
단일,1a 방위·위치,20,20,70.0,175,16,37580,400.0,6682,44262,1988,21.16,0.258,,,1,3.686,21.67,20층 1879㎡(86.7×21.7m)
단일,1a 방위·위치,20,20,70.0,175,20,37580,400.0,6682,44262,1988,21.16,0.336,,,1,3.684,21.67,20층 1879㎡(86.7×21.7m)
6개동,6개동,20+20+20+20+20+20,20,70.0,175,22,37580,400.0,15793,53373,2130,22.67,0.146,4.0,0.11,6,3.676,10.22,20층 313㎡(30.7×10.2m) + 20층 313㎡(30.7×10.2m) + 20층 313㎡(30.7×10.2m) + 20층 313㎡(30.7×10.2m) + 20층 313㎡(30.7×10.2m) + 20층 313㎡(30.7×10.2m)
2개동,2개동,20+20,20,70.0,175,10,37580,400.0,8163,45743,2011,21.41,0.279,4.3,1.08,2,3.667,21.67,20층 940㎡(43.3×21.7m) + 20층 940㎡(43.3×21.7m)
4개동,4개동,20+20+20+20,20,70.0,175,24,37580,400.0,12234,49814,2075,22.09,0.201,4.0,0.26,4,3.666,13.71,20층 470㎡(34.3×13.7m) + 20층 470㎡(34.3×13.7m) + 20층 470㎡(34.3×13.7m) + 20층 470㎡(34.3×13.7m)
5개동,5개동,20+20+20+20+20,20,70.0,175,17,37580,400.0,16505,54085,2144,22.82,0.288,6.0,0.17,5,3.664,8.67,20층 376㎡(43.3×8.7m) + 20층 376㎡(43.3×8.7m) + 20층 376㎡(43.3×8.7m) + 20층 376㎡(43.3×8.7m) + 20층 376㎡(43.3×8.7m)
5개동,5개동,20+20+20+20+20,20,70.0,175,20,37580,400.0,15439,53019,2126,22.63,0.3,4.3,0.12,5,3.663,9.69,20층 376㎡(38.8×9.7m) + 20층 376㎡(38.8×9.7m) + 20층 376㎡(38.8×9.7m) + 20층 376㎡(38.8×9.7m) + 20층 376㎡(38.8×9.7m)
5개동,5개동,20+20+20+20+20,20,70.0,175,16,37580,400.0,16505,54085,2144,22.82,0.117,6.0,0.17,5,3.658,8.67,20층 376㎡(43.3×8.7m) + 20층 376㎡(43.3×8.7m) + 20층 376㎡(43.3×8.7m) + 20층 376㎡(43.3×8.7m) + 20층 376㎡(43.3×8.7m)
단일,1a 방위·위치,20,20,70.0,175,14,37580,400.0,6682,44262,1988,21.16,0.211,,,1,3.648,21.67,20층 1879㎡(86.7×21.7m)
2개동,2개동,20+20,20,70.0,175,16,37580,400.0,11482,49062,2066,21.99,0.068,13.0,0.37,2,3.646,11.59,20층 940㎡(81.1×11.6m) + 20층 940㎡(81.1×11.6m)
6개동,6개동,20+20+20+20+20+20,20,70.0,175,22,37580,400.0,15793,53373,2130,22.67,0.202,4.0,0.11,6,3.646,10.22,20층 313㎡(30.7×10.2m) + 20층 313㎡(30.7×10.2m) + 20층 313㎡(30.7×10.2m) + 20층 313㎡(30.7×10.2m) + 20층 313㎡(30.7×10.2m) + 20층 313㎡(30.7×10.2m)
2개동,2개동,20+20,20,70.0,175,13,37580,400.0,7868,45448,2006,21.35,0.087,5.7,1.43,2,3.644,25.03,20층 940㎡(37.5×25.0m) + 20층 940㎡(37.5×25.0m)
3개동,3개동,20+20+20,20,70.0,175,23,37580,400.0,10512,48092,2048,21.8,0.116,13.0,0.37,3,3.644,15.83,20층 626㎡(39.6×15.8m) + 20층 626㎡(39.6×15.8m) + 20층 626㎡(39.6×15.8m)
단일,1a 방위·위치,20,20,70.0,175,15,37580,400.0,6682,44262,1988,21.16,0.156,,,1,3.641,21.67,20층 1879㎡(86.7×21.7m)
6개동,6개동,20+20+20+20+20+20,20,70.0,175,22,37580,400.0,15793,53373,2130,22.67,0.135,4.0,0.11,6,3.639,10.22,20층 313㎡(30.7×10.2m) + 20층 313㎡(30.7×10.2m) + 20층 313㎡(30.7×10.2m) + 20층 313㎡(30.7×10.2m) + 20층 313㎡(30.7×10.2m) + 20층 313㎡(30.7×10.2m)
단일,1a 방위·위치,20,20,70.0,175,11,37580,400.0,6682,44262,1988,21.16,0.164,,,1,3.638,21.67,20층 1879㎡(86.7×21.7m)
4개동,4개동,20+20+20+20,20,70.0,175,22,37580,400.0,15585,53165,2131,22.68,0.345,9.0,0.26,4,3.637,8.85,20층 470㎡(53.1×8.8m) + 20층 470㎡(53.1×8.8m) + 20층 470㎡(53.1×8.8m) + 20층 470㎡(53.1×8.8m)
2개동,2개동,20+20,20,70.0,175,23,37580,400.0,7868,45448,2006,21.35,0.26,9.0,2.25,2,3.635,25.03,20층 940㎡(37.5×25.0m) + 20층 940㎡(37.5×25.0m)
4개동,4개동,20+20+20+20,20,70.0,175,21,37580,400.0,12234,49814,2075,22.09,0.171,4.0,0.26,4,3.635,13.71,20층 470㎡(34.3×13.7m) + 20층 470㎡(34.3×13.7m) + 20층 470㎡(34.3×13.7m) + 20층 470㎡(34.3×13.7m)
4개동,4개동,20+20+20+20,20,70.0,175,21,37580,400.0,12234,49814,2075,22.09,0.211,4.0,0.37,4,3.632,13.71,20층 470㎡(34.3×13.7m) + 20층 470㎡(34.3×13.7m) + 20층 470㎡(34.3×13.7m) + 20층 470㎡(34.3×13.7m)
단일,1a 방위·위치,20,20,70.0,175,10,37580,400.0,6682,44262,1988,21.16,0.118,,,1,3.63,21.67,20층 1879㎡(86.7×21.7m)
단일,1a 방위·위치,20,20,70.0,175,13,37580,400.0,6682,44262,1988,21.16,0.117,,,1,3.622,21.67,20층 1879㎡(86.7×21.7m)
단일,1a 방위·위치,20,20,70.0,175,23,37580,400.0,6682,44262,1988,21.16,0.215,,,1,3.619,21.67,20층 1879㎡(86.7×21.7m)
단일,1a 방위·위치,20,20,70.0,175,13,37580,400.0,6682,44262,1988,21.16,0.072,,,1,3.618,21.67,20층 1879㎡(86.7×21.7m)
3개동,3개동,20+20+20,20,70.0,175,14,37580,400.0,13414,50994,2097,22.32,0.15,19.0,0.54,3,3.616,10.22,20층 626㎡(61.3×10.2m) + 20층 626㎡(61.3×10.2m) + 20층 626㎡(61.3×10.2m)
5개동,5개동,20+20+20+20+20,20,70.0,175,14,37580,400.0,15439,53019,2126,22.63,0.08,6.0,0.17,5,3.607,9.69,20층 376㎡(38.8×9.7m) + 20층 376㎡(38.8×9.7m) + 20층 376㎡(38.8×9.7m) + 20층 376㎡(38.8×9.7m) + 20층 376㎡(38.8×9.7m)
3개동,3개동,20+20+20,20,70.0,175,14,37580,400.0,14161,51741,2109,22.45,0.167,19.0,0.54,3,3.596,9.46,20층 626㎡(66.2×9.5m) + 20층 626㎡(66.2×9.5m) + 20층 626㎡(66.2×9.5m)
단일,1a 방위·위치,20,20,70.0,176,21,37580,400.0,6682,44262,1988,21.16,0.097,,,1,3.824,21.67,20층 1879㎡(86.7×21.7m)
단일,1b 층수·세장비,20,20,70.0,176,22,37580,400.0,6682,44262,1988,21.16,0.119,,,1,3.812,21.67,20층 1879㎡(86.7×21.7m)
2개동,2개동,20+20,20,70.0,176,21,37580,400.0,7868,45448,2006,21.35,0.14,6.0,1.5,2,3.773,25.03,20층 940㎡(37.5×25.0m) + 20층 940㎡(37.5×25.0m)
단일,1a 방위·위치,20,20,70.0,176,20,37580,400.0,6682,44262,1988,21.16,0.234,,,1,3.754,21.67,20층 1879㎡(86.7×21.7m)
2개동,2개동,20+20,20,70.0,176,28,37580,400.0,7868,45448,2006,21.35,0.34,19.0,0.54,2,3.735,25.03,20층 940㎡(37.5×25.0m) + 20층 940㎡(37.5×25.0m)
단일,1a 방위·위치,20,20,70.0,176,21,37580,400.0,6682,44262,1988,21.16,0.283,,,1,3.717,21.67,20층 1879㎡(86.7×21.7m)
2개동,2개동,20+20,20,70.0,176,23,37580,400.0,10871,48451,2056,21.89,0.118,4.3,0.12,2,3.695,12.51,20층 940㎡(75.1×12.5m) + 20층 940㎡(75.1×12.5m)
단일,1a 방위·위치,20,20,70.0,176,18,37580,400.0,6682,44262,1988,21.16,0.071,,,1,3.686,21.67,20층 1879㎡(86.7×21.7m)
단일,1a 방위·위치,20,20,70.0,176,16,37580,400.0,6682,44262,1988,21.16,0.192,,,1,3.68,21.67,20층 1879㎡(86.7×21.7m)
5개동,5개동,20+20+20+20+20,20,70.0,176,10,37580,400.0,15439,53019,2126,22.63,0.08,6.0,0.17,5,3.679,9.69,20층 376㎡(38.8×9.7m) + 20층 376㎡(38.8×9.7m) + 20층 376㎡(38.8×9.7m) + 20층 376㎡(38.8×9.7m) + 20층 376㎡(38.8×9.7m)
3개동,3개동,20+20+20,20,70.0,176,24,37580,400.0,11802,49382,2070,22.03,0.358,13.0,0.37,3,3.675,12.51,20층 626㎡(50.1×12.5m) + 20층 626㎡(50.1×12.5m) + 20층 626㎡(50.1×12.5m)
5개동,5개동,20+20+20+20+20,20,70.0,176,13,37580,400.0,14331,51911,2108,22.44,0.075,4.3,0.12,5,3.673,11.19,20층 376㎡(33.6×11.2m) + 20층 376㎡(33.6×11.2m) + 20층 376㎡(33.6×11.2m) + 20층 376㎡(33.6×11.2m) + 20층 376㎡(33.6×11.2m)
5개동,5개동,20+20+20+20+20,20,70.0,176,16,37580,400.0,14331,51911,2108,22.44,0.075,4.3,0.12,5,3.667,11.19,20층 376㎡(33.6×11.2m) + 20층 376㎡(33.6×11.2m) + 20층 376㎡(33.6×11.2m) + 20층 376㎡(33.6×11.2m) + 20층 376㎡(33.6×11.2m)
단일,1a 방위·위치,20,20,70.0,176,14,37580,400.0,6682,44262,1988,21.16,0.26,,,1,3.665,21.67,20층 1879㎡(86.7×21.7m)
6개동,6개동,20+20+20+20+20+20,20,70.0,176,21,37580,400.0,15182,52762,2120,22.57,0.145,4.0,0.11,6,3.663,11.19,20층 313㎡(28.0×11.2m) + 20층 313㎡(28.0×11.2m) + 20층 313㎡(28.0×11.2m) + 20층 313㎡(28.0×11.2m) + 20층 313㎡(28.0×11.2m) + 20층 313㎡(28.0×11.2m)
단일,1a 방위·위치,20,20,70.0,176,15,37580,400.0,6682,44262,1988,21.16,0.206,,,1,3.659,21.67,20층 1879㎡(86.7×21.7m)
단일,1a 방위·위치,20,20,70.0,176,16,37580,400.0,6682,44262,1988,21.16,0.139,,,1,3.659,21.67,20층 1879㎡(86.7×21.7m)
2개동,2개동,20+20,20,70.0,176,21,37580,400.0,11482,49062,2066,21.99,0.243,6.0,0.17,2,3.659,11.59,20층 940㎡(81.1×11.6m) + 20층 940㎡(81.1×11.6m)
6개동,6개동,20+20+20+20+20+20,20,70.0,176,10,37580,400.0,17007,54587,2150,22.89,0.044,4.3,0.12,6,3.659,8.85,20층 313㎡(35.4×8.8m) + 20층 313㎡(35.4×8.8m) + 20층 313㎡(35.4×8.8m) + 20층 313㎡(35.4×8.8m) + 20층 313㎡(35.4×8.8m) + 20층 313㎡(35.4×8.8m)
5개동,5개동,20+20+20+20+20,20,70.0,176,12,37580,400.0,15439,53019,2126,22.63,0.08,6.0,0.17,5,3.658,9.69,20층 376㎡(38.8×9.7m) + 20층 376㎡(38.8×9.7m) + 20층 376㎡(38.8×9.7m) + 20층 376㎡(38.8×9.7m) + 20층 376㎡(38.8×9.7m)
단일,1a 방위·위치,20,20,70.0,176,18,37580,400.0,6682,44262,1988,21.16,0.326,,,1,3.651,21.67,20층 1879㎡(86.7×21.7m)
5개동,5개동,20+20+20+20+20,20,70.0,176,21,37580,400.0,15439,53019,2126,22.63,0.3,4.3,0.12,5,3.645,9.69,20층 376㎡(38.8×9.7m) + 20층 376㎡(38.8×9.7m) + 20층 376㎡(38.8×9.7m) + 20층 376㎡(38.8×9.7m) + 20층 376㎡(38.8×9.7m)
2개동,2개동,20+20,20,70.0,176,2,37580,400.0,8163,45743,2011,21.41,0.097,6.3,1.57,2,3.637,21.67,20층 940㎡(43.3×21.7m) + 20층 940㎡(43.3×21.7m)
단일,1a 방위·위치,20,20,70.0,176,11,37580,400.0,6682,44262,1988,21.16,0.163,,,1,3.634,21.67,20층 1879㎡(86.7×21.7m)
2개동,2개동,20+20,20,70.0,176,9,37580,400.0,11482,49062,2066,21.99,0.138,28.0,0.8,2,3.628,11.59,20층 940㎡(81.1×11.6m) + 20층 940㎡(81.1×11.6m)
6개동,6개동,20+20+20+20+20+20,20,70.0,176,20,37580,400.0,17007,54587,2150,22.89,0.235,4.0,0.11,6,3.626,8.85,20층 313㎡(35.4×8.8m) + 20층 313㎡(35.4×8.8m) + 20층 313㎡(35.4×8.8m) + 20층 313㎡(35.4×8.8m) + 20층 313㎡(35.4×8.8m) + 20층 313㎡(35.4×8.8m)
4개동,4개동,20+20+20+20,20,70.0,176,23,37580,400.0,11754,49334,2067,22.0,0.09,4.3,0.12,4,3.623,15.33,20층 470㎡(30.7×15.3m) + 20층 470㎡(30.7×15.3m) + 20층 470㎡(30.7×15.3m) + 20층 470㎡(30.7×15.3m)
6개동,6개동,20+20+20+20+20+20,20,70.0,176,20,37580,400.0,17007,54587,2150,22.89,0.231,4.0,0.11,6,3.623,8.85,20층 313㎡(35.4×8.8m) + 20층 313㎡(35.4×8.8m) + 20층 313㎡(35.4×8.8m) + 20층 313㎡(35.4×8.8m) + 20층 313㎡(35.4×8.8m) + 20층 313㎡(35.4×8.8m)
5개동,5개동,20+20+20+20+20,20,70.0,176,23,37580,400.0,15439,53019,2126,22.63,0.129,4.3,0.12,5,3.61,9.69,20층 376㎡(38.8×9.7m) + 20층 376㎡(38.8×9.7m) + 20층 376㎡(38.8×9.7m) + 20층 376㎡(38.8×9.7m) + 20층 376㎡(38.8×9.7m)
단일,1a 방위·위치,20,20,70.0,177,19,37580,400.0,6682,44262,1988,21.16,0.1,,,1,3.832,21.67,20층 1879㎡(86.7×21.7m)
단일,1a 방위·위치,20,20,70.0,177,20,37580,400.0,6682,44262,1988,21.16,0.068,,,1,3.827,21.67,20층 1879㎡(86.7×21.7m)
단일,1a 방위·위치,20,20,70.0,177,21,37580,400.0,6682,44262,1988,21.16,0.116,,,1,3.808,21.67,20층 1879㎡(86.7×21.7m)
단일,1a 방위·위치,20,20,70.0,177,21,37580,400.0,6682,44262,1988,21.16,0.165,,,1,3.781,21.67,20층 1879㎡(86.7×21.7m)
단일,1a 방위·위치,20,20,70.0,177,22,37580,400.0,6682,44262,1988,21.16,0.141,,,1,3.757,21.67,20층 1879㎡(86.7×21.7m)
3개동,3개동,20+20+20,20,70.0,177,9,37580,400.0,10943,48523,2055,21.88,0.06,19.0,0.54,3,3.729,14.45,20층 626㎡(43.3×14.4m) + 20층 626㎡(43.3×14.4m) + 20층 626㎡(43.3×14.4m)
단일,1a 방위·위치,20,20,70.0,177,16,37580,400.0,6682,44262,1988,21.16,0.322,,,1,3.712,21.67,20층 1879㎡(86.7×21.7m)
4개동,4개동,20+20+20+20,20,70.0,177,25,37580,400.0,12234,49814,2075,22.09,0.212,4.0,0.12,4,3.703,13.71,20층 470㎡(34.3×13.7m) + 20층 470㎡(34.3×13.7m) + 20층 470㎡(34.3×13.7m) + 20층 470㎡(34.3×13.7m)
단일,1a 방위·위치,20,20,70.0,177,23,37580,400.0,6682,44262,1988,21.16,0.24,,,1,3.696,21.67,20층 1879㎡(86.7×21.7m)
5개동,5개동,20+20+20+20+20,20,70.0,177,14,37580,400.0,14331,51911,2108,22.44,0.247,4.3,0.12,5,3.685,11.19,20층 376㎡(33.6×11.2m) + 20층 376㎡(33.6×11.2m) + 20층 376㎡(33.6×11.2m) + 20층 376㎡(33.6×11.2m) + 20층 376㎡(33.6×11.2m)
단일,1a 방위·위치,20,20,70.0,177,23,37580,400.0,6682,44262,1988,21.16,0.172,,,1,3.679,21.67,20층 1879㎡(86.7×21.7m)
2개동,2개동,20+20,20,70.0,177,28,37580,400.0,10871,48451,2056,21.89,0.119,4.3,0.12,2,3.676,12.51,20층 940㎡(75.1×12.5m) + 20층 940㎡(75.1×12.5m)
5개동,5개동,20+20+20+20+20,20,70.0,177,11,37580,400.0,13774,51354,2099,22.34,0.209,4.3,0.12,5,3.672,12.26,20층 376㎡(30.7×12.3m) + 20층 376㎡(30.7×12.3m) + 20층 376㎡(30.7×12.3m) + 20층 376㎡(30.7×12.3m) + 20층 376㎡(30.7×12.3m)
2개동,2개동,20+20,20,70.0,177,20,37580,400.0,10230,47810,2045,21.77,0.049,28.0,0.8,2,3.671,13.71,20층 940㎡(68.5×13.7m) + 20층 940㎡(68.5×13.7m)
5개동,5개동,20+20+20+20+20,20,70.0,177,12,37580,400.0,15439,53019,2126,22.63,0.252,6.0,0.17,5,3.669,9.69,20층 376㎡(38.8×9.7m) + 20층 376㎡(38.8×9.7m) + 20층 376㎡(38.8×9.7m) + 20층 376㎡(38.8×9.7m) + 20층 376㎡(38.8×9.7m)
6개동,6개동,20+20+20+20+20+20,20,70.0,177,22,37580,400.0,15182,52762,2120,22.57,0.124,4.0,0.11,6,3.666,11.19,20층 313㎡(28.0×11.2m) + 20층 313㎡(28.0×11.2m) + 20층 313㎡(28.0×11.2m) + 20층 313㎡(28.0×11.2m) + 20층 313㎡(28.0×11.2m) + 20층 313㎡(28.0×11.2m)
단일,1a 방위·위치,20,20,70.0,177,23,37580,400.0,6682,44262,1988,21.16,0.293,,,1,3.663,21.67,20층 1879㎡(86.7×21.7m)
6개동,6개동,20+20+20+20+20+20,20,70.0,177,22,37580,400.0,14594,52174,2110,22.46,0.157,4.0,0.11,6,3.662,12.51,20층 313㎡(25.0×12.5m) + 20층 313㎡(25.0×12.5m) + 20층 313㎡(25.0×12.5m) + 20층 313㎡(25.0×12.5m) + 20층 313㎡(25.0×12.5m) + 20층 313㎡(25.0×12.5m)
4개동,4개동,20+20+20+20,20,70.0,177,9,37580,400.0,15585,53165,2131,22.68,0.088,13.0,0.37,4,3.66,8.85,20층 470㎡(53.1×8.8m) + 20층 470㎡(53.1×8.8m) + 20층 470㎡(53.1×8.8m) + 20층 470㎡(53.1×8.8m)
5개동,5개동,20+20+20+20+20,20,70.0,177,4,37580,400.0,13237,50817,2090,22.24,0.157,4.3,0.12,5,3.658,13.71,20층 376㎡(27.4×13.7m) + 20층 376㎡(27.4×13.7m) + 20층 376㎡(27.4×13.7m) + 20층 376㎡(27.4×13.7m) + 20층 376㎡(27.4×13.7m)
6개동,6개동,20+20+20+20+20+20,20,70.0,177,21,37580,400.0,15793,53373,2130,22.67,0.165,4.0,0.11,6,3.657,10.22,20층 313㎡(30.7×10.2m) + 20층 313㎡(30.7×10.2m) + 20층 313㎡(30.7×10.2m) + 20층 313㎡(30.7×10.2m) + 20층 313㎡(30.7×10.2m) + 20층 313㎡(30.7×10.2m)
5개동,5개동,20+20+20+20+20,20,70.0,177,26,37580,400.0,16505,54085,2144,22.82,0.337,4.3,0.12,5,3.648,8.67,20층 376㎡(43.3×8.7m) + 20층 376㎡(43.3×8.7m) + 20층 376㎡(43.3×8.7m) + 20층 376㎡(43.3×8.7m) + 20층 376㎡(43.3×8.7m)
단일,1a 방위·위치,20,20,70.0,177,23,37580,400.0,6682,44262,1988,21.16,0.225,,,1,3.644,21.67,20층 1879㎡(86.7×21.7m)
6개동,6개동,20+20+20+20+20+20,20,70.0,177,19,37580,400.0,15182,52762,2120,22.57,0.181,4.0,0.11,6,3.643,11.19,20층 313㎡(28.0×11.2m) + 20층 313㎡(28.0×11.2m) + 20층 313㎡(28.0×11.2m) + 20층 313㎡(28.0×11.2m) + 20층 313㎡(28.0×11.2m) + 20층 313㎡(28.0×11.2m)
6개동,6개동,20+20+20+20+20+20,20,70.0,177,20,37580,400.0,14084,51664,2102,22.37,0.25,4.0,0.17,6,3.635,14.45,20층 313㎡(21.7×14.4m) + 20층 313㎡(21.7×14.4m) + 20층 313㎡(21.7×14.4m) + 20층 313㎡(21.7×14.4m) + 20층 313㎡(21.7×14.4m) + 20층 313㎡(21.7×14.4m)
6개동,6개동,20+20+20+20+20+20,20,70.0,177,21,37580,400.0,15793,53373,2130,22.67,0.202,4.0,0.11,6,3.632,10.22,20층 313㎡(30.7×10.2m) + 20층 313㎡(30.7×10.2m) + 20층 313㎡(30.7×10.2m) + 20층 313㎡(30.7×10.2m) + 20층 313㎡(30.7×10.2m) + 20층 313㎡(30.7×10.2m)
6개동,6개동,20+20+20+20+20+20,20,70.0,177,21,37580,400.0,14084,51664,2102,22.37,0.19,4.0,0.12,6,3.63,14.45,20층 313㎡(21.7×14.4m) + 20층 313㎡(21.7×14.4m) + 20층 313㎡(21.7×14.4m) + 20층 313㎡(21.7×14.4m) + 20층 313㎡(21.7×14.4m) + 20층 313㎡(21.7×14.4m)
4개동,4개동,20+20+20+20,20,70.0,177,20,37580,400.0,12234,49814,2075,22.09,0.168,4.0,0.54,4,3.615,13.71,20층 470㎡(34.3×13.7m) + 20층 470㎡(34.3×13.7m) + 20층 470㎡(34.3×13.7m) + 20층 470㎡(34.3×13.7m)
단일,1a 방위·위치,20,20,70.0,178,20,37580,400.0,6682,44262,1988,21.16,0.052,,,1,3.851,21.67,20층 1879㎡(86.7×21.7m)
단일,1a 방위·위치,20,20,70.0,178,19,37580,400.0,6682,44262,1988,21.16,0.126,,,1,3.827,21.67,20층 1879㎡(86.7×21.7m)
단일,1a 방위·위치,20,20,70.0,178,22,37580,400.0,6682,44262,1988,21.16,0.141,,,1,3.803,21.67,20층 1879㎡(86.7×21.7m)
단일,1a 방위·위치,20,20,70.0,178,20,37580,400.0,6682,44262,1988,21.16,0.215,,,1,3.749,21.67,20층 1879㎡(86.7×21.7m)
2개동,2개동,20+20,20,70.0,178,19,37580,400.0,7868,45448,2006,21.35,0.186,9.0,2.25,2,3.741,25.03,20층 940㎡(37.5×25.0m) + 20층 940㎡(37.5×25.0m)
단일,1a 방위·위치,20,20,70.0,178,23,37580,400.0,6682,44262,1988,21.16,0.189,,,1,3.728,21.67,20층 1879㎡(86.7×21.7m)
단일,1a 방위·위치,20,20,70.0,178,19,37580,400.0,6682,44262,1988,21.16,0.268,,,1,3.714,21.67,20층 1879㎡(86.7×21.7m)
단일,1a 방위·위치,20,20,70.0,178,18,37580,400.0,6682,44262,1988,21.16,0.311,,,1,3.683,21.67,20층 1879㎡(86.7×21.7m)
2개동,2개동,20+20,20,70.0,178,23,37580,400.0,10871,48451,2056,21.89,0.168,13.0,0.37,2,3.674,12.51,20층 940㎡(75.1×12.5m) + 20층 940㎡(75.1×12.5m)
3개동,3개동,20+20+20,20,70.0,178,2,37580,400.0,9735,47315,2035,21.66,0.146,6.0,1.5,3,3.673,20.43,20층 626㎡(30.7×20.4m) + 20층 626㎡(30.7×20.4m) + 20층 626㎡(30.7×20.4m)
4개동,4개동,20+20+20+20,20,70.0,178,24,37580,400.0,12234,49814,2075,22.09,0.307,4.3,0.12,4,3.671,13.71,20층 470㎡(34.3×13.7m) + 20층 470㎡(34.3×13.7m) + 20층 470㎡(34.3×13.7m) + 20층 470㎡(34.3×13.7m)
단일,1a 방위·위치,20,20,70.0,178,16,37580,400.0,6682,44262,1988,21.16,0.259,,,1,3.662,21.67,20층 1879㎡(86.7×21.7m)
6개동,6개동,20+20+20+20+20+20,20,70.0,178,21,37580,400.0,14594,52174,2110,22.46,0.116,4.0,0.11,6,3.662,12.51,20층 313㎡(25.0×12.5m) + 20층 313㎡(25.0×12.5m) + 20층 313㎡(25.0×12.5m) + 20층 313㎡(25.0×12.5m) + 20층 313㎡(25.0×12.5m) + 20층 313㎡(25.0×12.5m)
6개동,6개동,20+20+20+20+20+20,20,70.0,178,20,37580,400.0,14594,52174,2110,22.46,0.095,4.0,0.11,6,3.661,12.51,20층 313㎡(25.0×12.5m) + 20층 313㎡(25.0×12.5m) + 20층 313㎡(25.0×12.5m) + 20층 313㎡(25.0×12.5m) + 20층 313㎡(25.0×12.5m) + 20층 313㎡(25.0×12.5m)
5개동,5개동,20+20+20+20+20,20,70.0,178,16,37580,400.0,14331,51911,2108,22.44,0.075,4.3,0.12,5,3.659,11.19,20층 376㎡(33.6×11.2m) + 20층 376㎡(33.6×11.2m) + 20층 376㎡(33.6×11.2m) + 20층 376㎡(33.6×11.2m) + 20층 376㎡(33.6×11.2m)
4개동,4개동,20+20+20+20,20,70.0,178,24,37580,400.0,12733,50313,2083,22.17,0.305,6.0,0.17,4,3.658,12.51,20층 470㎡(37.5×12.5m) + 20층 470㎡(37.5×12.5m) + 20층 470㎡(37.5×12.5m) + 20층 470㎡(37.5×12.5m)
3개동,3개동,20+20+20,20,70.0,178,16,37580,400.0,10096,47676,2041,21.73,0.076,13.0,0.37,3,3.649,17.7,20층 626㎡(35.4×17.7m) + 20층 626㎡(35.4×17.7m) + 20층 626㎡(35.4×17.7m)
5개동,5개동,20+20+20+20+20,20,70.0,178,15,37580,400.0,15439,53019,2126,22.63,0.08,6.0,0.17,5,3.648,9.69,20층 376㎡(38.8×9.7m) + 20층 376㎡(38.8×9.7m) + 20층 376㎡(38.8×9.7m) + 20층 376㎡(38.8×9.7m) + 20층 376㎡(38.8×9.7m)
단일,1a 방위·위치,20,20,70.0,178,16,37580,400.0,6682,44262,1988,21.16,0.087,,,1,3.645,21.67,20층 1879㎡(86.7×21.7m)
6개동,6개동,20+20+20+20+20+20,20,70.0,178,19,37580,400.0,15182,52762,2120,22.57,0.185,4.0,0.11,6,3.644,11.19,20층 313㎡(28.0×11.2m) + 20층 313㎡(28.0×11.2m) + 20층 313㎡(28.0×11.2m) + 20층 313㎡(28.0×11.2m) + 20층 313㎡(28.0×11.2m) + 20층 313㎡(28.0×11.2m)
단일,1b 층수·세장비,20,20,70.0,178,11,37580,400.0,7159,44739,1996,21.25,0.218,,,1,3.642,19.39,20층 1879㎡(96.9×19.4m)
4개동,4개동,20+20+20+20,20,70.0,178,9,37580,400.0,15585,53165,2131,22.68,0.088,13.0,0.37,4,3.641,8.85,20층 470㎡(53.1×8.8m) + 20층 470㎡(53.1×8.8m) + 20층 470㎡(53.1×8.8m) + 20층 470㎡(53.1×8.8m)
2개동,2개동,20+20,20,70.0,178,13,37580,400.0,7868,45448,2006,21.35,0.082,5.7,1.43,2,3.637,25.03,20층 940㎡(37.5×25.0m) + 20층 940㎡(37.5×25.0m)
5개동,5개동,20+20+20+20+20,20,70.0,178,18,37580,400.0,16505,54085,2144,22.82,0.288,6.0,0.17,5,3.637,8.67,20층 376㎡(43.3×8.7m) + 20층 376㎡(43.3×8.7m) + 20층 376㎡(43.3×8.7m) + 20층 376㎡(43.3×8.7m) + 20층 376㎡(43.3×8.7m)
2개동,2개동,20+20,20,70.0,178,16,37580,400.0,11482,49062,2066,21.99,0.24,13.0,0.37,2,3.632,11.59,20층 940㎡(81.1×11.6m) + 20층 940㎡(81.1×11.6m)
2개동,2개동,20+20,20,70.0,178,16,37580,400.0,10871,48451,2056,21.89,0.12,28.0,0.8,2,3.627,12.51,20층 940㎡(75.1×12.5m) + 20층 940㎡(75.1×12.5m)
6개동,6개동,20+20+20+20+20+20,20,70.0,178,20,37580,400.0,15793,53373,2130,22.67,0.131,4.0,0.11,6,3.625,10.22,20층 313㎡(30.7×10.2m) + 20층 313㎡(30.7×10.2m) + 20층 313㎡(30.7×10.2m) + 20층 313㎡(30.7×10.2m) + 20층 313㎡(30.7×10.2m) + 20층 313㎡(30.7×10.2m)
6개동,6개동,20+20+20+20+20+20,20,70.0,178,20,37580,400.0,14084,51664,2102,22.37,0.233,4.0,0.26,6,3.618,14.45,20층 313㎡(21.7×14.4m) + 20층 313㎡(21.7×14.4m) + 20층 313㎡(21.7×14.4m) + 20층 313㎡(21.7×14.4m) + 20층 313㎡(21.7×14.4m) + 20층 313㎡(21.7×14.4m)
6개동,6개동,20+20+20+20+20+20,20,70.0,178,20,37580,400.0,14084,51664,2102,22.37,0.228,4.0,0.26,6,3.616,14.45,20층 313㎡(21.7×14.4m) + 20층 313㎡(21.7×14.4m) + 20층 313㎡(21.7×14.4m) + 20층 313㎡(21.7×14.4m) + 20층 313㎡(21.7×14.4m) + 20층 313㎡(21.7×14.4m)
단일,1a 방위·위치,20,20,70.0,178,23,37580,400.0,6682,44262,1988,21.16,0.177,,,1,3.615,21.67,20층 1879㎡(86.7×21.7m)
2개동,2개동,20+20,20,70.0,178,2,37580,400.0,8163,45743,2011,21.41,0.095,4.7,1.17,2,3.613,21.67,20층 940㎡(43.3×21.7m) + 20층 940㎡(43.3×21.7m)
6개동,6개동,20+20+20+20+20+20,20,70.0,178,20,37580,400.0,17007,54587,2150,22.89,0.16,4.0,0.11,6,3.613,8.85,20층 313㎡(35.4×8.8m) + 20층 313㎡(35.4×8.8m) + 20층 313㎡(35.4×8.8m) + 20층 313㎡(35.4×8.8m) + 20층 313㎡(35.4×8.8m) + 20층 313㎡(35.4×8.8m)
6개동,6개동,20+20+20+20+20+20,20,70.0,178,19,37580,400.0,17007,54587,2150,22.89,0.231,4.0,0.11,6,3.612,8.85,20층 313㎡(35.4×8.8m) + 20층 313㎡(35.4×8.8m) + 20층 313㎡(35.4×8.8m) + 20층 313㎡(35.4×8.8m) + 20층 313㎡(35.4×8.8m) + 20층 313㎡(35.4×8.8m)
5개동,5개동,20+20+20+20+20,20,70.0,178,21,37580,400.0,14331,51911,2108,22.44,0.075,4.3,0.12,5,3.59,11.19,20층 376㎡(33.6×11.2m) + 20층 376㎡(33.6×11.2m) + 20층 376㎡(33.6×11.2m) + 20층 376㎡(33.6×11.2m) + 20층 376㎡(33.6×11.2m)
5개동,5개동,20+20+20+20+20,20,70.0,178,15,37580,400.0,15439,53019,2126,22.63,0.08,6.0,0.17,5,3.584,9.69,20층 376㎡(38.8×9.7m) + 20층 376㎡(38.8×9.7m) + 20층 376㎡(38.8×9.7m) + 20층 376㎡(38.8×9.7m) + 20층 376㎡(38.8×9.7m)
단일,1a 방위·위치,20,20,70.0,179,20,37580,400.0,6682,44262,1988,21.16,0.046,,,1,3.783,21.67,20층 1879㎡(86.7×21.7m)
단일,1a 방위·위치,20,20,70.0,179,21,37580,400.0,6682,44262,1988,21.16,0.187,,,1,3.78,21.67,20층 1879㎡(86.7×21.7m)
4개동,4개동,20+20+20+20,20,70.0,179,24,37580,400.0,12234,49814,2075,22.09,0.172,4.0,0.11,4,3.726,13.71,20층 470㎡(34.3×13.7m) + 20층 470㎡(34.3×13.7m) + 20층 470㎡(34.3×13.7m) + 20층 470㎡(34.3×13.7m)
단일,1a 방위·위치,20,20,70.0,179,21,37580,400.0,6682,44262,1988,21.16,0.321,,,1,3.709,21.67,20층 1879㎡(86.7×21.7m)
단일,1a 방위·위치,20,20,70.0,179,20,37580,400.0,6682,44262,1988,21.16,0.081,,,1,3.705,21.67,20층 1879㎡(86.7×21.7m)
단일,1a 방위·위치,20,20,70.0,179,16,37580,400.0,6682,44262,1988,21.16,0.202,,,1,3.7,21.67,20층 1879㎡(86.7×21.7m)
6개동,6개동,20+20+20+20+20+20,20,70.0,179,20,37580,400.0,14084,51664,2102,22.37,0.111,4.0,0.11,6,3.666,14.45,20층 313㎡(21.7×14.4m) + 20층 313㎡(21.7×14.4m) + 20층 313㎡(21.7×14.4m) + 20층 313㎡(21.7×14.4m) + 20층 313㎡(21.7×14.4m) + 20층 313㎡(21.7×14.4m)
5개동,5개동,20+20+20+20+20,20,70.0,179,9,37580,400.0,14331,51911,2108,22.44,0.198,6.0,0.17,5,3.662,11.19,20층 376㎡(33.6×11.2m) + 20층 376㎡(33.6×11.2m) + 20층 376㎡(33.6×11.2m) + 20층 376㎡(33.6×11.2m) + 20층 376㎡(33.6×11.2m)
4개동,4개동,20+20+20+20,20,70.0,179,21,37580,400.0,12234,49814,2075,22.09,0.172,4.0,0.37,4,3.65,13.71,20층 470㎡(34.3×13.7m) + 20층 470㎡(34.3×13.7m) + 20층 470㎡(34.3×13.7m) + 20층 470㎡(34.3×13.7m)
단일,1a 방위·위치,20,20,70.0,179,20,37580,400.0,6682,44262,1988,21.16,0.192,,,1,3.646,21.67,20층 1879㎡(86.7×21.7m)
6개동,6개동,20+20+20+20+20+20,20,70.0,179,20,37580,400.0,15182,52762,2120,22.57,0.11,4.0,0.11,6,3.64,11.19,20층 313㎡(28.0×11.2m) + 20층 313㎡(28.0×11.2m) + 20층 313㎡(28.0×11.2m) + 20층 313㎡(28.0×11.2m) + 20층 313㎡(28.0×11.2m) + 20층 313㎡(28.0×11.2m)
5개동,5개동,20+20+20+20+20,20,70.0,179,24,37580,400.0,15439,53019,2126,22.63,0.3,4.3,0.12,5,3.639,9.69,20층 376㎡(38.8×9.7m) + 20층 376㎡(38.8×9.7m) + 20층 376㎡(38.8×9.7m) + 20층 376㎡(38.8×9.7m) + 20층 376㎡(38.8×9.7m)
6개동,6개동,20+20+20+20+20+20,20,70.0,179,13,37580,400.0,17007,54587,2150,22.89,0.044,4.3,0.12,6,3.639,8.85,20층 313㎡(35.4×8.8m) + 20층 313㎡(35.4×8.8m) + 20층 313㎡(35.4×8.8m) + 20층 313㎡(35.4×8.8m) + 20층 313㎡(35.4×8.8m) + 20층 313㎡(35.4×8.8m)
5개동,5개동,20+20+20+20+20,20,70.0,179,23,37580,400.0,15439,53019,2126,22.63,0.3,4.3,0.12,5,3.633,9.69,20층 376㎡(38.8×9.7m) + 20층 376㎡(38.8×9.7m) + 20층 376㎡(38.8×9.7m) + 20층 376㎡(38.8×9.7m) + 20층 376㎡(38.8×9.7m)
단일,1a 방위·위치,20,20,70.0,179,17,37580,400.0,6682,44262,1988,21.16,0.142,,,1,3.629,21.67,20층 1879㎡(86.7×21.7m)
4개동,4개동,20+20+20+20,20,70.0,179,21,37580,400.0,14678,52258,2116,22.52,0.321,9.0,0.26,4,3.629,9.69,20층 470㎡(48.5×9.7m) + 20층 470㎡(48.5×9.7m) + 20층 470㎡(48.5×9.7m) + 20층 470㎡(48.5×9.7m)
3개동,3개동,20+20+20,20,70.0,179,23,37580,400.0,9735,47315,2035,21.66,0.075,9.0,0.26,3,3.628,20.43,20층 626㎡(30.7×20.4m) + 20층 626㎡(30.7×20.4m) + 20층 626㎡(30.7×20.4m)
단일,1b 층수·세장비,20,20,70.0,179,11,37580,400.0,7159,44739,1996,21.25,0.188,,,1,3.626,19.39,20층 1879㎡(96.9×19.4m)
4개동,4개동,20+20+20+20,20,70.0,179,23,37580,400.0,15585,53165,2131,22.68,0.345,9.0,0.26,4,3.626,8.85,20층 470㎡(53.1×8.8m) + 20층 470㎡(53.1×8.8m) + 20층 470㎡(53.1×8.8m) + 20층 470㎡(53.1×8.8m)
단일,1a 방위·위치,20,20,70.0,179,15,37580,400.0,6682,44262,1988,21.16,0.093,,,1,3.618,21.67,20층 1879㎡(86.7×21.7m)
단일,1b 층수·세장비,20,20,70.0,179,11,37580,400.0,7159,44739,1996,21.25,0.159,,,1,3.614,19.39,20층 1879㎡(96.9×19.4m)
단일,1b 층수·세장비,20,20,70.0,179,11,37580,400.0,7159,44739,1996,21.25,0.13,,,1,3.601,19.39,20층 1879㎡(96.9×19.4m)
단일,1a 방위·위치,20,20,70.0,179,14,37580,400.0,6682,44262,1988,21.16,0.057,,,1,3.597,21.67,20층 1879㎡(86.7×21.7m)
4개동,4개동,20+20+20+20,20,70.0,179,22,37580,400.0,13724,51304,2100,22.35,0.117,9.0,0.26,4,3.597,10.84,20층 470㎡(43.3×10.8m) + 20층 470㎡(43.3×10.8m) + 20층 470㎡(43.3×10.8m) + 20층 470㎡(43.3×10.8m)
단일,1b 층수·세장비,20,20,70.0,179,11,37580,400.0,7159,44739,1996,21.25,0.101,,,1,3.59,19.39,20층 1879㎡(96.9×19.4m)
5개동,5개동,20+20+20+20+20,20,70.0,179,18,37580,400.0,15439,53019,2126,22.63,0.08,6.0,0.17,5,3.58,9.69,20층 376㎡(38.8×9.7m) + 20층 376㎡(38.8×9.7m) + 20층 376㎡(38.8×9.7m) + 20층 376㎡(38.8×9.7m) + 20층 376㎡(38.8×9.7m)
단일,1b 층수·세장비,20,20,70.0,179,11,37580,400.0,7159,44739,1996,21.25,0.073,,,1,3.574,19.39,20층 1879㎡(96.9×19.4m)
2개동,2개동,20+20,20,70.0,179,23,37580,400.0,11482,49062,2066,21.99,0.071,13.0,0.37,2,3.569,11.59,20층 940㎡(81.1×11.6m) + 20층 940㎡(81.1×11.6m)
단일,1a 방위·위치,20,20,70.0,180,18,37580,400.0,6682,44262,1988,21.16,0.097,,,1,3.756,21.67,20층 1879㎡(86.7×21.7m)
단일,1a 방위·위치,20,20,70.0,180,20,37580,400.0,6682,44262,1988,21.16,0.268,,,1,3.745,21.67,20층 1879㎡(86.7×21.7m)
단일,1a 방위·위치,20,20,70.0,180,16,37580,400.0,6682,44262,1988,21.16,0.27,,,1,3.74,21.67,20층 1879㎡(86.7×21.7m)
3개동,3개동,20+20+20,20,70.0,180,7,37580,400.0,10512,48092,2048,21.8,0.201,19.0,0.54,3,3.731,15.83,20층 626㎡(39.6×15.8m) + 20층 626㎡(39.6×15.8m) + 20층 626㎡(39.6×15.8m)
2개동,2개동,20+20,20,70.0,180,24,37580,400.0,10871,48451,2056,21.89,0.154,9.0,0.26,2,3.72,12.51,20층 940㎡(75.1×12.5m) + 20층 940㎡(75.1×12.5m)
4개동,4개동,20+20+20+20,20,70.0,180,24,37580,400.0,12234,49814,2075,22.09,0.169,4.0,0.11,4,3.72,13.71,20층 470㎡(34.3×13.7m) + 20층 470㎡(34.3×13.7m) + 20층 470㎡(34.3×13.7m) + 20층 470㎡(34.3×13.7m)
4개동,4개동,20+20+20+20,20,70.0,180,24,37580,400.0,12234,49814,2075,22.09,0.158,4.0,0.17,4,3.719,13.71,20층 470㎡(34.3×13.7m) + 20층 470㎡(34.3×13.7m) + 20층 470㎡(34.3×13.7m) + 20층 470㎡(34.3×13.7m)
3개동,3개동,20+20+20,20,70.0,180,10,37580,400.0,10943,48523,2055,21.88,0.06,19.0,0.54,3,3.708,14.45,20층 626㎡(43.3×14.4m) + 20층 626㎡(43.3×14.4m) + 20층 626㎡(43.3×14.4m)
2개동,2개동,20+20,20,70.0,180,22,37580,400.0,11482,49062,2066,21.99,0.262,4.3,0.12,2,3.683,11.59,20층 940㎡(81.1×11.6m) + 20층 940㎡(81.1×11.6m)
6개동,6개동,20+20+20+20+20+20,20,70.0,180,22,37580,400.0,14084,51664,2102,22.37,0.199,4.0,0.12,6,3.677,14.45,20층 313㎡(21.7×14.4m) + 20층 313㎡(21.7×14.4m) + 20층 313㎡(21.7×14.4m) + 20층 313㎡(21.7×14.4m) + 20층 313㎡(21.7×14.4m) + 20층 313㎡(21.7×14.4m)
6개동,6개동,20+20+20+20+20+20,20,70.0,180,22,37580,400.0,14084,51664,2102,22.37,0.186,4.0,0.17,6,3.667,14.45,20층 313㎡(21.7×14.4m) + 20층 313㎡(21.7×14.4m) + 20층 313㎡(21.7×14.4m) + 20층 313㎡(21.7×14.4m) + 20층 313㎡(21.7×14.4m) + 20층 313㎡(21.7×14.4m)
4개동,4개동,20+20+20+20,20,70.0,180,16,37580,400.0,11754,49334,2067,22.0,0.053,6.0,0.17,4,3.665,15.33,20층 470㎡(30.7×15.3m) + 20층 470㎡(30.7×15.3m) + 20층 470㎡(30.7×15.3m) + 20층 470㎡(30.7×15.3m)
단일,1a 방위·위치,20,20,70.0,180,19,37580,400.0,6682,44262,1988,21.16,0.245,,,1,3.664,21.67,20층 1879㎡(86.7×21.7m)
단일,1a 방위·위치,20,20,70.0,180,16,37580,400.0,6682,44262,1988,21.16,0.124,,,1,3.664,21.67,20층 1879㎡(86.7×21.7m)
6개동,6개동,20+20+20+20+20+20,20,70.0,180,21,37580,400.0,14084,51664,2102,22.37,0.222,4.0,0.12,6,3.662,14.45,20층 313㎡(21.7×14.4m) + 20층 313㎡(21.7×14.4m) + 20층 313㎡(21.7×14.4m) + 20층 313㎡(21.7×14.4m) + 20층 313㎡(21.7×14.4m) + 20층 313㎡(21.7×14.4m)
2개동,2개동,20+20,20,70.0,180,20,37580,400.0,11482,49062,2066,21.99,0.131,4.3,0.12,2,3.66,11.59,20층 940㎡(81.1×11.6m) + 20층 940㎡(81.1×11.6m)
4개동,4개동,20+20+20+20,20,70.0,180,14,37580,400.0,11754,49334,2067,22.0,0.224,6.0,0.17,4,3.654,15.33,20층 470㎡(30.7×15.3m) + 20층 470㎡(30.7×15.3m) + 20층 470㎡(30.7×15.3m) + 20층 470㎡(30.7×15.3m)
4개동,4개동,20+20+20+20,20,70.0,180,21,37580,400.0,11754,49334,2067,22.0,0.261,4.3,0.12,4,3.651,15.33,20층 470㎡(30.7×15.3m) + 20층 470㎡(30.7×15.3m) + 20층 470㎡(30.7×15.3m) + 20층 470㎡(30.7×15.3m)
5개동,5개동,20+20+20+20+20,20,70.0,180,16,37580,400.0,15439,53019,2126,22.63,0.08,6.0,0.17,5,3.65,9.69,20층 376㎡(38.8×9.7m) + 20층 376㎡(38.8×9.7m) + 20층 376㎡(38.8×9.7m) + 20층 376㎡(38.8×9.7m) + 20층 376㎡(38.8×9.7m)
6개동,6개동,20+20+20+20+20+20,20,70.0,180,21,37580,400.0,14084,51664,2102,22.37,0.21,4.0,0.17,6,3.648,14.45,20층 313㎡(21.7×14.4m) + 20층 313㎡(21.7×14.4m) + 20층 313㎡(21.7×14.4m) + 20층 313㎡(21.7×14.4m) + 20층 313㎡(21.7×14.4m) + 20층 313㎡(21.7×14.4m)
4개동,4개동,20+20+20+20,20,70.0,180,10,37580,400.0,11338,48918,2060,21.93,0.193,4.3,0.12,4,3.646,17.7,20층 470㎡(26.5×17.7m) + 20층 470㎡(26.5×17.7m) + 20층 470㎡(26.5×17.7m) + 20층 470㎡(26.5×17.7m)
4개동,4개동,20+20+20+20,20,70.0,180,21,37580,400.0,12733,50313,2083,22.17,0.294,4.0,0.12,4,3.644,12.51,20층 470㎡(37.5×12.5m) + 20층 470㎡(37.5×12.5m) + 20층 470㎡(37.5×12.5m) + 20층 470㎡(37.5×12.5m)
5개동,5개동,20+20+20+20+20,20,70.0,180,27,37580,400.0,16505,54085,2144,22.82,0.337,4.3,0.12,5,3.642,8.67,20층 376㎡(43.3×8.7m) + 20층 376㎡(43.3×8.7m) + 20층 376㎡(43.3×8.7m) + 20층 376㎡(43.3×8.7m) + 20층 376㎡(43.3×8.7m)
6개동,6개동,20+20+20+20+20+20,20,70.0,180,19,37580,400.0,17007,54587,2150,22.89,0.191,4.0,0.11,6,3.635,8.85,20층 313㎡(35.4×8.8m) + 20층 313㎡(35.4×8.8m) + 20층 313㎡(35.4×8.8m) + 20층 313㎡(35.4×8.8m) + 20층 313㎡(35.4×8.8m) + 20층 313㎡(35.4×8.8m)
2개동,2개동,20+20,20,70.0,180,22,37580,400.0,11482,49062,2066,21.99,0.046,4.3,0.12,2,3.632,11.59,20층 940㎡(81.1×11.6m) + 20층 940㎡(81.1×11.6m)
5개동,5개동,20+20+20+20+20,20,70.0,180,1,37580,400.0,12771,50351,2082,22.16,0.081,4.3,0.12,5,3.625,15.83,20층 376㎡(23.7×15.8m) + 20층 376㎡(23.7×15.8m) + 20층 376㎡(23.7×15.8m) + 20층 376㎡(23.7×15.8m) + 20층 376㎡(23.7×15.8m)
단일,1a 방위·위치,20,20,70.0,180,17,37580,400.0,6682,44262,1988,21.16,0.196,,,1,3.619,21.67,20층 1879㎡(86.7×21.7m)
5개동,5개동,20+20+20+20+20,20,70.0,180,18,37580,400.0,16505,54085,2144,22.82,0.288,6.0,0.17,5,3.617,8.67,20층 376㎡(43.3×8.7m) + 20층 376㎡(43.3×8.7m) + 20층 376㎡(43.3×8.7m) + 20층 376㎡(43.3×8.7m) + 20층 376㎡(43.3×8.7m)
6개동,6개동,20+20+20+20+20+20,20,70.0,180,18,37580,400.0,14084,51664,2102,22.37,0.2,4.0,0.37,6,3.601,14.45,20층 313㎡(21.7×14.4m) + 20층 313㎡(21.7×14.4m) + 20층 313㎡(21.7×14.4m) + 20층 313㎡(21.7×14.4m) + 20층 313㎡(21.7×14.4m) + 20층 313㎡(21.7×14.4m)
단일,1a 방위·위치,20,20,70.0,180,14,37580,400.0,6682,44262,1988,21.16,0.102,,,1,3.597,21.67,20층 1879㎡(86.7×21.7m)
5개동,5개동,20+20+20+20+20,20,70.0,180,23,37580,400.0,14331,51911,2108,22.44,0.075,4.3,0.12,5,3.586,11.19,20층 376㎡(33.6×11.2m) + 20층 376㎡(33.6×11.2m) + 20층 376㎡(33.6×11.2m) + 20층 376㎡(33.6×11.2m) + 20층 376㎡(33.6×11.2m)
5개동,5개동,20+20+20+20+20,20,70.0,180,22,37580,400.0,16505,54085,2144,22.82,0.117,6.0,0.17,5,3.586,8.67,20층 376㎡(43.3×8.7m) + 20층 376㎡(43.3×8.7m) + 20층 376㎡(43.3×8.7m) + 20층 376㎡(43.3×8.7m) + 20층 376㎡(43.3×8.7m)
단일,1a 방위·위치,20,20,70.0,181,23,37580,400.0,6682,44262,1988,21.16,0.08,,,1,3.847,21.67,20층 1879㎡(86.7×21.7m)
단일,1a 방위·위치,20,20,70.0,181,16,37580,400.0,6682,44262,1988,21.16,0.172,,,1,3.802,21.67,20층 1879㎡(86.7×21.7m)
단일,1a 방위·위치,20,20,70.0,181,17,37580,400.0,6682,44262,1988,21.16,0.22,,,1,3.777,21.67,20층 1879㎡(86.7×21.7m)
단일,1a 방위·위치,20,20,70.0,181,16,37580,400.0,6682,44262,1988,21.16,0.148,,,1,3.73,21.67,20층 1879㎡(86.7×21.7m)
단일,1a 방위·위치,20,20,70.0,181,18,37580,400.0,6682,44262,1988,21.16,0.201,,,1,3.72,21.67,20층 1879㎡(86.7×21.7m)
2개동,2개동,20+20,20,70.0,181,9,37580,400.0,8502,46082,2017,21.47,0.143,9.0,2.25,2,3.706,19.39,20층 940㎡(48.5×19.4m) + 20층 940㎡(48.5×19.4m)
2개동,2개동,20+20,20,70.0,181,24,37580,400.0,10871,48451,2056,21.89,0.126,13.0,0.37,2,3.702,12.51,20층 940㎡(75.1×12.5m) + 20층 940㎡(75.1×12.5m)
3개동,3개동,20+20+20,20,70.0,181,15,37580,400.0,9735,47315,2035,21.66,0.246,9.0,0.26,3,3.691,20.43,20층 626㎡(30.7×20.4m) + 20층 626㎡(30.7×20.4m) + 20층 626㎡(30.7×20.4m)
단일,1a 방위·위치,20,20,70.0,181,19,37580,400.0,6682,44262,1988,21.16,0.255,,,1,3.689,21.67,20층 1879㎡(86.7×21.7m)
3개동,3개동,20+20+20,20,70.0,181,23,37580,400.0,9735,47315,2035,21.66,0.289,6.0,0.17,3,3.67,20.43,20층 626㎡(30.7×20.4m) + 20층 626㎡(30.7×20.4m) + 20층 626㎡(30.7×20.4m)
2개동,2개동,20+20,20,70.0,181,24,37580,400.0,10871,48451,2056,21.89,0.047,9.0,0.26,2,3.669,12.51,20층 940㎡(75.1×12.5m) + 20층 940㎡(75.1×12.5m)
5개동,5개동,20+20+20+20+20,20,70.0,181,4,37580,400.0,13774,51354,2099,22.34,0.16,6.0,0.17,5,3.654,12.26,20층 376㎡(30.7×12.3m) + 20층 376㎡(30.7×12.3m) + 20층 376㎡(30.7×12.3m) + 20층 376㎡(30.7×12.3m) + 20층 376㎡(30.7×12.3m)
2개동,2개동,20+20,20,70.0,181,19,37580,400.0,11482,49062,2066,21.99,0.119,6.0,0.17,2,3.651,11.59,20층 940㎡(81.1×11.6m) + 20층 940㎡(81.1×11.6m)
4개동,4개동,20+20+20+20,20,70.0,181,8,37580,400.0,12234,49814,2075,22.09,0.206,9.0,0.26,4,3.649,13.71,20층 470㎡(34.3×13.7m) + 20층 470㎡(34.3×13.7m) + 20층 470㎡(34.3×13.7m) + 20층 470㎡(34.3×13.7m)
4개동,4개동,20+20+20+20,20,70.0,181,10,37580,400.0,14678,52258,2116,22.52,0.064,13.0,0.37,4,3.649,9.69,20층 470㎡(48.5×9.7m) + 20층 470㎡(48.5×9.7m) + 20층 470㎡(48.5×9.7m) + 20층 470㎡(48.5×9.7m)
6개동,6개동,20+20+20+20+20+20,20,70.0,181,18,37580,400.0,15182,52762,2120,22.57,0.141,4.0,0.11,6,3.648,11.19,20층 313㎡(28.0×11.2m) + 20층 313㎡(28.0×11.2m) + 20층 313㎡(28.0×11.2m) + 20층 313㎡(28.0×11.2m) + 20층 313㎡(28.0×11.2m) + 20층 313㎡(28.0×11.2m)
단일,1a 방위·위치,20,20,70.0,181,16,37580,400.0,6682,44262,1988,21.16,0.07,,,1,3.643,21.67,20층 1879㎡(86.7×21.7m)
5개동,5개동,20+20+20+20+20,20,70.0,181,1,37580,400.0,13237,50817,2090,22.24,0.108,6.0,0.17,5,3.638,13.71,20층 376㎡(27.4×13.7m) + 20층 376㎡(27.4×13.7m) + 20층 376㎡(27.4×13.7m) + 20층 376㎡(27.4×13.7m) + 20층 376㎡(27.4×13.7m)
단일,1a 방위·위치,20,20,70.0,181,20,37580,400.0,6682,44262,1988,21.16,0.245,,,1,3.636,21.67,20층 1879㎡(86.7×21.7m)
단일,1a 방위·위치,20,20,70.0,181,22,37580,400.0,6682,44262,1988,21.16,0.23,,,1,3.636,21.67,20층 1879㎡(86.7×21.7m)
3개동,3개동,20+20+20,20,70.0,181,23,37580,400.0,10096,47676,2041,21.73,0.076,13.0,0.37,3,3.635,17.7,20층 626㎡(35.4×17.7m) + 20층 626㎡(35.4×17.7m) + 20층 626㎡(35.4×17.7m)
6개동,6개동,20+20+20+20+20+20,20,70.0,181,17,37580,400.0,17007,54587,2150,22.89,0.19,4.0,0.11,6,3.628,8.85,20층 313㎡(35.4×8.8m) + 20층 313㎡(35.4×8.8m) + 20층 313㎡(35.4×8.8m) + 20층 313㎡(35.4×8.8m) + 20층 313㎡(35.4×8.8m) + 20층 313㎡(35.4×8.8m)
단일,1a 방위·위치,20,20,70.0,181,23,37580,400.0,6682,44262,1988,21.16,0.094,,,1,3.623,21.67,20층 1879㎡(86.7×21.7m)
6개동,6개동,20+20+20+20+20+20,20,70.0,181,20,37580,400.0,14084,51664,2102,22.37,0.178,4.0,0.17,6,3.622,14.45,20층 313㎡(21.7×14.4m) + 20층 313㎡(21.7×14.4m) + 20층 313㎡(21.7×14.4m) + 20층 313㎡(21.7×14.4m) + 20층 313㎡(21.7×14.4m) + 20층 313㎡(21.7×14.4m)
6개동,6개동,20+20+20+20+20+20,20,70.0,181,2,37580,400.0,15182,52762,2120,22.57,0.115,4.3,0.12,6,3.618,11.19,20층 313㎡(28.0×11.2m) + 20층 313㎡(28.0×11.2m) + 20층 313㎡(28.0×11.2m) + 20층 313㎡(28.0×11.2m) + 20층 313㎡(28.0×11.2m) + 20층 313㎡(28.0×11.2m)
단일,1a 방위·위치,20,20,70.0,181,15,37580,400.0,6682,44262,1988,21.16,0.148,,,1,3.605,21.67,20층 1879㎡(86.7×21.7m)
단일,1a 방위·위치,20,20,70.0,181,22,37580,400.0,6682,44262,1988,21.16,0.057,,,1,3.59,21.67,20층 1879㎡(86.7×21.7m)
단일,1a 방위·위치,20,20,70.0,181,15,37580,400.0,6682,44262,1988,21.16,0.077,,,1,3.587,21.67,20층 1879㎡(86.7×21.7m)
단일,1a 방위·위치,20,20,70.0,182,22,37580,400.0,6682,44262,1988,21.16,0.171,,,1,3.803,21.67,20층 1879㎡(86.7×21.7m)
단일,1a 방위·위치,20,20,70.0,182,19,37580,400.0,6682,44262,1988,21.16,0.219,,,1,3.779,21.67,20층 1879㎡(86.7×21.7m)
2개동,2개동,20+20,20,70.0,182,22,37580,400.0,7868,45448,2006,21.35,0.275,4.3,1.08,2,3.731,25.03,20층 940㎡(37.5×25.0m) + 20층 940㎡(37.5×25.0m)
4개동,4개동,20+20+20+20,20,70.0,182,23,37580,400.0,11754,49334,2067,22.0,0.146,4.0,0.11,4,3.711,15.33,20층 470㎡(30.7×15.3m) + 20층 470㎡(30.7×15.3m) + 20층 470㎡(30.7×15.3m) + 20층 470㎡(30.7×15.3m)
2개동,2개동,20+20,20,70.0,182,9,37580,400.0,7868,45448,2006,21.35,0.286,28.0,7.0,2,3.705,25.03,20층 940㎡(37.5×25.0m) + 20층 940㎡(37.5×25.0m)
6개동,6개동,20+20+20+20+20+20,20,70.0,182,23,37580,400.0,15793,53373,2130,22.67,0.102,4.0,0.11,6,3.679,10.22,20층 313㎡(30.7×10.2m) + 20층 313㎡(30.7×10.2m) + 20층 313㎡(30.7×10.2m) + 20층 313㎡(30.7×10.2m) + 20층 313㎡(30.7×10.2m) + 20층 313㎡(30.7×10.2m)
단일,1a 방위·위치,20,20,70.0,182,23,37580,400.0,6682,44262,1988,21.16,0.05,,,1,3.67,21.67,20층 1879㎡(86.7×21.7m)
단일,1a 방위·위치,20,20,70.0,182,22,37580,400.0,6682,44262,1988,21.16,0.297,,,1,3.655,21.67,20층 1879㎡(86.7×21.7m)
3개동,3개동,20+20+20,20,70.0,182,6,37580,400.0,9735,47315,2035,21.66,0.233,4.3,1.08,3,3.645,20.43,20층 626㎡(30.7×20.4m) + 20층 626㎡(30.7×20.4m) + 20층 626㎡(30.7×20.4m)
6개동,6개동,20+20+20+20+20+20,20,70.0,182,21,37580,400.0,17007,54587,2150,22.89,0.168,4.0,0.11,6,3.645,8.85,20층 313㎡(35.4×8.8m) + 20층 313㎡(35.4×8.8m) + 20층 313㎡(35.4×8.8m) + 20층 313㎡(35.4×8.8m) + 20층 313㎡(35.4×8.8m) + 20층 313㎡(35.4×8.8m)
2개동,2개동,20+20,20,70.0,182,17,37580,400.0,11482,49062,2066,21.99,0.102,9.0,0.26,2,3.637,11.59,20층 940㎡(81.1×11.6m) + 20층 940㎡(81.1×11.6m)
4개동,4개동,20+20+20+20,20,70.0,182,12,37580,400.0,15585,53165,2131,22.68,0.088,13.0,0.37,4,3.63,8.85,20층 470㎡(53.1×8.8m) + 20층 470㎡(53.1×8.8m) + 20층 470㎡(53.1×8.8m) + 20층 470㎡(53.1×8.8m)
2개동,2개동,20+20,20,70.0,182,5,37580,400.0,7868,45448,2006,21.35,0.119,13.6,3.4,2,3.629,25.03,20층 940㎡(37.5×25.0m) + 20층 940㎡(37.5×25.0m)
2개동,2개동,20+20,20,70.0,182,10,37580,400.0,8163,45743,2011,21.41,0.37,9.0,2.25,2,3.628,21.67,20층 940㎡(43.3×21.7m) + 20층 940㎡(43.3×21.7m)
단일,1a 방위·위치,20,20,70.0,182,22,37580,400.0,6682,44262,1988,21.16,0.162,,,1,3.627,21.67,20층 1879㎡(86.7×21.7m)
2개동,2개동,20+20,20,70.0,182,0,37580,400.0,8163,45743,2011,21.41,0.062,13.1,3.28,2,3.627,21.67,20층 940㎡(43.3×21.7m) + 20층 940㎡(43.3×21.7m)
단일,1a 방위·위치,20,20,70.0,182,22,37580,400.0,6682,44262,1988,21.16,0.109,,,1,3.606,21.67,20층 1879㎡(86.7×21.7m)
6개동,6개동,20+20+20+20+20+20,20,70.0,182,15,37580,400.0,17007,54587,2150,22.89,0.235,4.0,0.11,6,3.605,8.85,20층 313㎡(35.4×8.8m) + 20층 313㎡(35.4×8.8m) + 20층 313㎡(35.4×8.8m) + 20층 313㎡(35.4×8.8m) + 20층 313㎡(35.4×8.8m) + 20층 313㎡(35.4×8.8m)
6개동,6개동,20+20+20+20+20+20,20,70.0,182,15,37580,400.0,17007,54587,2150,22.89,0.231,4.0,0.11,6,3.602,8.85,20층 313㎡(35.4×8.8m) + 20층 313㎡(35.4×8.8m) + 20층 313㎡(35.4×8.8m) + 20층 313㎡(35.4×8.8m) + 20층 313㎡(35.4×8.8m) + 20층 313㎡(35.4×8.8m)
단일,1a 방위·위치,20,20,70.0,182,18,37580,400.0,6682,44262,1988,21.16,0.126,,,1,3.601,21.67,20층 1879㎡(86.7×21.7m)
4개동,4개동,20+20+20+20,20,70.0,182,19,37580,400.0,12733,50313,2083,22.17,0.069,9.0,0.26,4,3.585,12.51,20층 470㎡(37.5×12.5m) + 20층 470㎡(37.5×12.5m) + 20층 470㎡(37.5×12.5m) + 20층 470㎡(37.5×12.5m)
6개동,6개동,20+20+20+20+20+20,20,70.0,182,16,37580,400.0,14084,51664,2102,22.37,0.157,4.0,0.54,6,3.585,14.45,20층 313㎡(21.7×14.4m) + 20층 313㎡(21.7×14.4m) + 20층 313㎡(21.7×14.4m) + 20층 313㎡(21.7×14.4m) + 20층 313㎡(21.7×14.4m) + 20층 313㎡(21.7×14.4m)
2개동,2개동,20+20,20,70.0,182,7,37580,400.0,8163,45743,2011,21.41,0.168,4.7,1.17,2,3.569,21.67,20층 940㎡(43.3×21.7m) + 20층 940㎡(43.3×21.7m)
3개동,3개동,20+20+20,20,70.0,182,0,37580,400.0,9735,47315,2035,21.66,0.19,4.3,1.07,3,3.561,20.43,20층 626㎡(30.7×20.4m) + 20층 626㎡(30.7×20.4m) + 20층 626㎡(30.7×20.4m)
6개동,6개동,20+20+20+20+20+20,20,70.0,182,19,37580,400.0,17007,54587,2150,22.89,0.044,4.3,0.12,6,3.544,8.85,20층 313㎡(35.4×8.8m) + 20층 313㎡(35.4×8.8m) + 20층 313㎡(35.4×8.8m) + 20층 313㎡(35.4×8.8m) + 20층 313㎡(35.4×8.8m) + 20층 313㎡(35.4×8.8m)
단일,1a 방위·위치,20,20,70.0,183,23,37580,400.0,6682,44262,1988,21.16,0.125,,,1,3.824,21.67,20층 1879㎡(86.7×21.7m)
2개동,2개동,20+20,20,70.0,183,23,37580,400.0,7868,45448,2006,21.35,0.167,5.7,1.43,2,3.75,25.03,20층 940㎡(37.5×25.0m) + 20층 940㎡(37.5×25.0m)
단일,1a 방위·위치,20,20,70.0,183,21,37580,400.0,6682,44262,1988,21.16,0.255,,,1,3.714,21.67,20층 1879㎡(86.7×21.7m)
4개동,4개동,20+20+20+20,20,70.0,183,20,37580,400.0,12733,50313,2083,22.17,0.179,4.0,0.11,4,3.704,12.51,20층 470㎡(37.5×12.5m) + 20층 470㎡(37.5×12.5m) + 20층 470㎡(37.5×12.5m) + 20층 470㎡(37.5×12.5m)
3개동,3개동,20+20+20,20,70.0,183,22,37580,400.0,10512,48092,2048,21.8,0.287,13.0,0.37,3,3.676,15.83,20층 626㎡(39.6×15.8m) + 20층 626㎡(39.6×15.8m) + 20층 626㎡(39.6×15.8m)
4개동,4개동,20+20+20+20,20,70.0,183,1,37580,400.0,12234,49814,2075,22.09,0.12,13.0,0.37,4,3.668,13.71,20층 470㎡(34.3×13.7m) + 20층 470㎡(34.3×13.7m) + 20층 470㎡(34.3×13.7m) + 20층 470㎡(34.3×13.7m)
2개동,2개동,20+20,20,70.0,183,19,37580,400.0,7868,45448,2006,21.35,0.256,9.0,2.25,2,3.661,25.03,20층 940㎡(37.5×25.0m) + 20층 940㎡(37.5×25.0m)
4개동,4개동,20+20+20+20,20,70.0,183,9,37580,400.0,11754,49334,2067,22.0,0.167,4.0,0.11,4,3.657,15.33,20층 470㎡(30.7×15.3m) + 20층 470㎡(30.7×15.3m) + 20층 470㎡(30.7×15.3m) + 20층 470㎡(30.7×15.3m)
4개동,4개동,20+20+20+20,20,70.0,183,20,37580,400.0,12733,50313,2083,22.17,0.236,4.0,0.17,4,3.652,12.51,20층 470㎡(37.5×12.5m) + 20층 470㎡(37.5×12.5m) + 20층 470㎡(37.5×12.5m) + 20층 470㎡(37.5×12.5m)
5개동,5개동,20+20+20+20+20,20,70.0,183,14,37580,400.0,14331,51911,2108,22.44,0.247,4.3,0.12,5,3.651,11.19,20층 376㎡(33.6×11.2m) + 20층 376㎡(33.6×11.2m) + 20층 376㎡(33.6×11.2m) + 20층 376㎡(33.6×11.2m) + 20층 376㎡(33.6×11.2m)
6개동,6개동,20+20+20+20+20+20,20,70.0,183,19,37580,400.0,15793,53373,2130,22.67,0.14,4.0,0.11,6,3.646,10.22,20층 313㎡(30.7×10.2m) + 20층 313㎡(30.7×10.2m) + 20층 313㎡(30.7×10.2m) + 20층 313㎡(30.7×10.2m) + 20층 313㎡(30.7×10.2m) + 20층 313㎡(30.7×10.2m)
6개동,6개동,20+20+20+20+20+20,20,70.0,183,18,37580,400.0,15793,53373,2130,22.67,0.163,4.0,0.11,6,3.645,10.22,20층 313㎡(30.7×10.2m) + 20층 313㎡(30.7×10.2m) + 20층 313㎡(30.7×10.2m) + 20층 313㎡(30.7×10.2m) + 20층 313㎡(30.7×10.2m) + 20층 313㎡(30.7×10.2m)
단일,1a 방위·위치,20,20,70.0,183,23,37580,400.0,6682,44262,1988,21.16,0.105,,,1,3.642,21.67,20층 1879㎡(86.7×21.7m)
5개동,5개동,20+20+20+20+20,20,70.0,183,11,37580,400.0,13774,51354,2099,22.34,0.209,4.3,0.12,5,3.637,12.26,20층 376㎡(30.7×12.3m) + 20층 376㎡(30.7×12.3m) + 20층 376㎡(30.7×12.3m) + 20층 376㎡(30.7×12.3m) + 20층 376㎡(30.7×12.3m)
6개동,6개동,20+20+20+20+20+20,20,70.0,183,16,37580,400.0,17007,54587,2150,22.89,0.044,4.3,0.12,6,3.626,8.85,20층 313㎡(35.4×8.8m) + 20층 313㎡(35.4×8.8m) + 20층 313㎡(35.4×8.8m) + 20층 313㎡(35.4×8.8m) + 20층 313㎡(35.4×8.8m) + 20층 313㎡(35.4×8.8m)
2개동,2개동,20+20,20,70.0,183,9,37580,400.0,11482,49062,2066,21.99,0.058,28.0,0.8,2,3.625,11.59,20층 940㎡(81.1×11.6m) + 20층 940㎡(81.1×11.6m)
6개동,6개동,20+20+20+20+20+20,20,70.0,183,12,37580,400.0,15793,53373,2130,22.67,0.206,4.0,0.11,6,3.624,10.22,20층 313㎡(30.7×10.2m) + 20층 313㎡(30.7×10.2m) + 20층 313㎡(30.7×10.2m) + 20층 313㎡(30.7×10.2m) + 20층 313㎡(30.7×10.2m) + 20층 313㎡(30.7×10.2m)
6개동,6개동,20+20+20+20+20+20,20,70.0,183,13,37580,400.0,15793,53373,2130,22.67,0.201,4.0,0.11,6,3.623,10.22,20층 313㎡(30.7×10.2m) + 20층 313㎡(30.7×10.2m) + 20층 313㎡(30.7×10.2m) + 20층 313㎡(30.7×10.2m) + 20층 313㎡(30.7×10.2m) + 20층 313㎡(30.7×10.2m)
4개동,4개동,20+20+20+20,20,70.0,183,10,37580,400.0,12234,49814,2075,22.09,0.191,4.0,0.11,4,3.622,13.71,20층 470㎡(34.3×13.7m) + 20층 470㎡(34.3×13.7m) + 20층 470㎡(34.3×13.7m) + 20층 470㎡(34.3×13.7m)
6개동,6개동,20+20+20+20+20+20,20,70.0,183,4,37580,400.0,17007,54587,2150,22.89,0.154,6.0,0.17,6,3.616,8.85,20층 313㎡(35.4×8.8m) + 20층 313㎡(35.4×8.8m) + 20층 313㎡(35.4×8.8m) + 20층 313㎡(35.4×8.8m) + 20층 313㎡(35.4×8.8m) + 20층 313㎡(35.4×8.8m)
단일,1a 방위·위치,20,20,70.0,183,20,37580,400.0,6682,44262,1988,21.16,0.072,,,1,3.614,21.67,20층 1879㎡(86.7×21.7m)
5개동,5개동,20+20+20+20+20,20,70.0,183,20,37580,400.0,16505,54085,2144,22.82,0.288,6.0,0.17,5,3.609,8.67,20층 376㎡(43.3×8.7m) + 20층 376㎡(43.3×8.7m) + 20층 376㎡(43.3×8.7m) + 20층 376㎡(43.3×8.7m) + 20층 376㎡(43.3×8.7m)
6개동,6개동,20+20+20+20+20+20,20,70.0,183,20,37580,400.0,14084,51664,2102,22.37,0.157,4.0,0.26,6,3.609,14.45,20층 313㎡(21.7×14.4m) + 20층 313㎡(21.7×14.4m) + 20층 313㎡(21.7×14.4m) + 20층 313㎡(21.7×14.4m) + 20층 313㎡(21.7×14.4m) + 20층 313㎡(21.7×14.4m)
2개동,2개동,20+20,20,70.0,183,1,37580,400.0,8163,45743,2011,21.41,0.151,9.2,2.29,2,3.584,21.67,20층 940㎡(43.3×21.7m) + 20층 940㎡(43.3×21.7m)
4개동,4개동,20+20+20+20,20,70.0,183,23,37580,400.0,12733,50313,2083,22.17,0.069,9.0,0.26,4,3.584,12.51,20층 470㎡(37.5×12.5m) + 20층 470㎡(37.5×12.5m) + 20층 470㎡(37.5×12.5m) + 20층 470㎡(37.5×12.5m)
4개동,4개동,20+20+20+20,20,70.0,183,13,37580,400.0,12733,50313,2083,22.17,0.185,4.0,0.54,4,3.583,12.51,20층 470㎡(37.5×12.5m) + 20층 470㎡(37.5×12.5m) + 20층 470㎡(37.5×12.5m) + 20층 470㎡(37.5×12.5m)
5개동,5개동,20+20+20+20+20,20,70.0,183,23,37580,400.0,15439,53019,2126,22.63,0.08,6.0,0.17,5,3.572,9.69,20층 376㎡(38.8×9.7m) + 20층 376㎡(38.8×9.7m) + 20층 376㎡(38.8×9.7m) + 20층 376㎡(38.8×9.7m) + 20층 376㎡(38.8×9.7m)
3개동,3개동,20+20+20,20,70.0,184,16,37580,400.0,10943,48523,2055,21.88,0.06,19.0,0.54,3,3.688,14.45,20층 626㎡(43.3×14.4m) + 20층 626㎡(43.3×14.4m) + 20층 626㎡(43.3×14.4m)
단일,1a 방위·위치,20,20,70.0,184,16,37580,400.0,6682,44262,1988,21.16,0.134,,,1,3.685,21.67,20층 1879㎡(86.7×21.7m)
단일,1a 방위·위치,20,20,70.0,184,22,37580,400.0,6682,44262,1988,21.16,0.307,,,1,3.684,21.67,20층 1879㎡(86.7×21.7m)
4개동,4개동,20+20+20+20,20,70.0,184,21,37580,400.0,12733,50313,2083,22.17,0.225,4.0,0.11,4,3.678,12.51,20층 470㎡(37.5×12.5m) + 20층 470㎡(37.5×12.5m) + 20층 470㎡(37.5×12.5m) + 20층 470㎡(37.5×12.5m)
4개동,4개동,20+20+20+20,20,70.0,184,20,37580,400.0,12733,50313,2083,22.17,0.224,4.0,0.11,4,3.671,12.51,20층 470㎡(37.5×12.5m) + 20층 470㎡(37.5×12.5m) + 20층 470㎡(37.5×12.5m) + 20층 470㎡(37.5×12.5m)
4개동,4개동,20+20+20+20,20,70.0,184,6,37580,400.0,13724,51304,2100,22.35,0.202,13.0,0.37,4,3.657,10.84,20층 470㎡(43.3×10.8m) + 20층 470㎡(43.3×10.8m) + 20층 470㎡(43.3×10.8m) + 20층 470㎡(43.3×10.8m)
6개동,6개동,20+20+20+20+20+20,20,70.0,184,15,37580,400.0,14594,52174,2110,22.46,0.157,4.0,0.11,6,3.654,12.51,20층 313㎡(25.0×12.5m) + 20층 313㎡(25.0×12.5m) + 20층 313㎡(25.0×12.5m) + 20층 313㎡(25.0×12.5m) + 20층 313㎡(25.0×12.5m) + 20층 313㎡(25.0×12.5m)
6개동,6개동,20+20+20+20+20+20,20,70.0,184,16,37580,400.0,15182,52762,2120,22.57,0.118,4.0,0.11,6,3.648,11.19,20층 313㎡(28.0×11.2m) + 20층 313㎡(28.0×11.2m) + 20층 313㎡(28.0×11.2m) + 20층 313㎡(28.0×11.2m) + 20층 313㎡(28.0×11.2m) + 20층 313㎡(28.0×11.2m)
단일,1a 방위·위치,20,20,70.0,184,20,37580,400.0,6682,44262,1988,21.16,0.124,,,1,3.631,21.67,20층 1879㎡(86.7×21.7m)
4개동,4개동,20+20+20+20,20,70.0,184,13,37580,400.0,12733,50313,2083,22.17,0.291,4.0,0.11,4,3.629,12.51,20층 470㎡(37.5×12.5m) + 20층 470㎡(37.5×12.5m) + 20층 470㎡(37.5×12.5m) + 20층 470㎡(37.5×12.5m)
5개동,5개동,20+20+20+20+20,20,70.0,184,14,37580,400.0,15439,53019,2126,22.63,0.252,6.0,0.17,5,3.629,9.69,20층 376㎡(38.8×9.7m) + 20층 376㎡(38.8×9.7m) + 20층 376㎡(38.8×9.7m) + 20층 376㎡(38.8×9.7m) + 20층 376㎡(38.8×9.7m)
4개동,4개동,20+20+20+20,20,70.0,184,18,37580,400.0,12234,49814,2075,22.09,0.197,4.0,0.11,4,3.625,13.71,20층 470㎡(34.3×13.7m) + 20층 470㎡(34.3×13.7m) + 20층 470㎡(34.3×13.7m) + 20층 470㎡(34.3×13.7m)
6개동,6개동,20+20+20+20+20+20,20,70.0,184,16,37580,400.0,14084,51664,2102,22.37,0.16,4.0,0.37,6,3.622,14.45,20층 313㎡(21.7×14.4m) + 20층 313㎡(21.7×14.4m) + 20층 313㎡(21.7×14.4m) + 20층 313㎡(21.7×14.4m) + 20층 313㎡(21.7×14.4m) + 20층 313㎡(21.7×14.4m)
4개동,4개동,20+20+20+20,20,70.0,184,20,37580,400.0,12733,50313,2083,22.17,0.217,4.0,0.11,4,3.616,12.51,20층 470㎡(37.5×12.5m) + 20층 470㎡(37.5×12.5m) + 20층 470㎡(37.5×12.5m) + 20층 470㎡(37.5×12.5m)
4개동,4개동,20+20+20+20,20,70.0,184,10,37580,400.0,15585,53165,2131,22.68,0.259,13.0,0.37,4,3.615,8.85,20층 470㎡(53.1×8.8m) + 20층 470㎡(53.1×8.8m) + 20층 470㎡(53.1×8.8m) + 20층 470㎡(53.1×8.8m)
5개동,5개동,20+20+20+20+20,20,70.0,184,6,37580,400.0,13237,50817,2090,22.24,0.157,4.3,0.12,5,3.614,13.71,20층 376㎡(27.4×13.7m) + 20층 376㎡(27.4×13.7m) + 20층 376㎡(27.4×13.7m) + 20층 376㎡(27.4×13.7m) + 20층 376㎡(27.4×13.7m)
5개동,5개동,20+20+20+20+20,20,70.0,184,22,37580,400.0,16505,54085,2144,22.82,0.288,6.0,0.17,5,3.611,8.67,20층 376㎡(43.3×8.7m) + 20층 376㎡(43.3×8.7m) + 20층 376㎡(43.3×8.7m) + 20층 376㎡(43.3×8.7m) + 20층 376㎡(43.3×8.7m)
2개동,2개동,20+20,20,70.0,184,13,37580,400.0,11482,49062,2066,21.99,0.133,28.0,0.8,2,3.554,11.59,20층 940㎡(81.1×11.6m) + 20층 940㎡(81.1×11.6m)
단일,1a 방위·위치,20,20,70.0,185,19,37580,400.0,6682,44262,1988,21.16,0.102,,,1,3.778,21.67,20층 1879㎡(86.7×21.7m)
단일,1a 방위·위치,20,20,70.0,185,20,37580,400.0,6682,44262,1988,21.16,0.136,,,1,3.727,21.67,20층 1879㎡(86.7×21.7m)
단일,1a 방위·위치,20,20,70.0,185,16,37580,400.0,6682,44262,1988,21.16,0.08,,,1,3.712,21.67,20층 1879㎡(86.7×21.7m)
단일,1a 방위·위치,20,20,70.0,185,20,37580,400.0,6682,44262,1988,21.16,0.24,,,1,3.662,21.67,20층 1879㎡(86.7×21.7m)
4개동,4개동,20+20+20+20,20,70.0,185,19,37580,400.0,12733,50313,2083,22.17,0.249,4.0,0.11,4,3.659,12.51,20층 470㎡(37.5×12.5m) + 20층 470㎡(37.5×12.5m) + 20층 470㎡(37.5×12.5m) + 20층 470㎡(37.5×12.5m)
6개동,6개동,20+20+20+20+20+20,20,70.0,185,15,37580,400.0,14084,51664,2102,22.37,0.052,4.0,0.11,6,3.657,14.45,20층 313㎡(21.7×14.4m) + 20층 313㎡(21.7×14.4m) + 20층 313㎡(21.7×14.4m) + 20층 313㎡(21.7×14.4m) + 20층 313㎡(21.7×14.4m) + 20층 313㎡(21.7×14.4m)
2개동,2개동,20+20,20,70.0,185,10,37580,400.0,7868,45448,2006,21.35,0.26,19.0,4.75,2,3.654,25.03,20층 940㎡(37.5×25.0m) + 20층 940㎡(37.5×25.0m)
4개동,4개동,20+20+20+20,20,70.0,185,20,37580,400.0,12733,50313,2083,22.17,0.19,4.0,0.26,4,3.652,12.51,20층 470㎡(37.5×12.5m) + 20층 470㎡(37.5×12.5m) + 20층 470㎡(37.5×12.5m) + 20층 470㎡(37.5×12.5m)
2개동,2개동,20+20,20,70.0,185,15,37580,400.0,10230,47810,2045,21.77,0.047,30.5,0.87,2,3.647,13.71,20층 940㎡(68.5×13.7m) + 20층 940㎡(68.5×13.7m)
4개동,4개동,20+20+20+20,20,70.0,185,22,37580,400.0,12234,49814,2075,22.09,0.27,6.0,0.17,4,3.645,13.71,20층 470㎡(34.3×13.7m) + 20층 470㎡(34.3×13.7m) + 20층 470㎡(34.3×13.7m) + 20층 470㎡(34.3×13.7m)
6개동,6개동,20+20+20+20+20+20,20,70.0,185,8,37580,400.0,15793,53373,2130,22.67,0.073,4.0,0.11,6,3.641,10.22,20층 313㎡(30.7×10.2m) + 20층 313㎡(30.7×10.2m) + 20층 313㎡(30.7×10.2m) + 20층 313㎡(30.7×10.2m) + 20층 313㎡(30.7×10.2m) + 20층 313㎡(30.7×10.2m)
6개동,6개동,20+20+20+20+20+20,20,70.0,185,17,37580,400.0,14084,51664,2102,22.37,0.136,4.0,0.37,6,3.633,14.45,20층 313㎡(21.7×14.4m) + 20층 313㎡(21.7×14.4m) + 20층 313㎡(21.7×14.4m) + 20층 313㎡(21.7×14.4m) + 20층 313㎡(21.7×14.4m) + 20층 313㎡(21.7×14.4m)
4개동,4개동,20+20+20+20,20,70.0,185,3,37580,400.0,12733,50313,2083,22.17,0.155,13.0,0.37,4,3.631,12.51,20층 470㎡(37.5×12.5m) + 20층 470㎡(37.5×12.5m) + 20층 470㎡(37.5×12.5m) + 20층 470㎡(37.5×12.5m)
4개동,4개동,20+20+20+20,20,70.0,185,6,37580,400.0,12234,49814,2075,22.09,0.182,4.0,0.11,4,3.63,13.71,20층 470㎡(34.3×13.7m) + 20층 470㎡(34.3×13.7m) + 20층 470㎡(34.3×13.7m) + 20층 470㎡(34.3×13.7m)
5개동,5개동,20+20+20+20+20,20,70.0,185,16,37580,400.0,14331,51911,2108,22.44,0.247,4.3,0.12,5,3.63,11.19,20층 376㎡(33.6×11.2m) + 20층 376㎡(33.6×11.2m) + 20층 376㎡(33.6×11.2m) + 20층 376㎡(33.6×11.2m) + 20층 376㎡(33.6×11.2m)
4개동,4개동,20+20+20+20,20,70.0,185,0,37580,400.0,12234,49814,2075,22.09,0.121,13.0,0.37,4,3.625,13.71,20층 470㎡(34.3×13.7m) + 20층 470㎡(34.3×13.7m) + 20층 470㎡(34.3×13.7m) + 20층 470㎡(34.3×13.7m)
5개동,5개동,20+20+20+20+20,20,70.0,185,8,37580,400.0,14331,51911,2108,22.44,0.198,6.0,0.17,5,3.625,11.19,20층 376㎡(33.6×11.2m) + 20층 376㎡(33.6×11.2m) + 20층 376㎡(33.6×11.2m) + 20층 376㎡(33.6×11.2m) + 20층 376㎡(33.6×11.2m)
2개동,2개동,20+20,20,70.0,185,22,37580,400.0,11482,49062,2066,21.99,0.098,9.0,0.26,2,3.622,11.59,20층 940㎡(81.1×11.6m) + 20층 940㎡(81.1×11.6m)
4개동,4개동,20+20+20+20,20,70.0,185,15,37580,400.0,12733,50313,2083,22.17,0.212,4.0,0.11,4,3.605,12.51,20층 470㎡(37.5×12.5m) + 20층 470㎡(37.5×12.5m) + 20층 470㎡(37.5×12.5m) + 20층 470㎡(37.5×12.5m)
6개동,6개동,20+20+20+20+20+20,20,70.0,185,16,37580,400.0,14084,51664,2102,22.37,0.161,4.0,0.54,6,3.583,14.45,20층 313㎡(21.7×14.4m) + 20층 313㎡(21.7×14.4m) + 20층 313㎡(21.7×14.4m) + 20층 313㎡(21.7×14.4m) + 20층 313㎡(21.7×14.4m) + 20층 313㎡(21.7×14.4m)
4개동,4개동,20+20+20+20,20,70.0,185,6,37580,400.0,13724,51304,2100,22.35,0.315,4.0,0.11,4,3.574,10.84,20층 470㎡(43.3×10.8m) + 20층 470㎡(43.3×10.8m) + 20층 470㎡(43.3×10.8m) + 20층 470㎡(43.3×10.8m)
6개동,6개동,20+20+20+20+20+20,20,70.0,185,10,37580,400.0,14594,52174,2110,22.46,0.196,4.0,0.17,6,3.567,12.51,20층 313㎡(25.0×12.5m) + 20층 313㎡(25.0×12.5m) + 20층 313㎡(25.0×12.5m) + 20층 313㎡(25.0×12.5m) + 20층 313㎡(25.0×12.5m) + 20층 313㎡(25.0×12.5m)
4개동,4개동,20+20+20+20,20,70.0,185,14,37580,400.0,15585,53165,2131,22.68,0.088,13.0,0.37,4,3.563,8.85,20층 470㎡(53.1×8.8m) + 20층 470㎡(53.1×8.8m) + 20층 470㎡(53.1×8.8m) + 20층 470㎡(53.1×8.8m)
3개동,3개동,20+20+20,20,70.0,185,3,37580,400.0,9735,47315,2035,21.66,0.275,4.3,1.07,3,3.53,20.43,20층 626㎡(30.7×20.4m) + 20층 626㎡(30.7×20.4m) + 20층 626㎡(30.7×20.4m)
2개동,2개동,20+20,20,70.0,185,0,37580,400.0,8502,46082,2017,21.47,0.074,7.7,1.92,2,3.526,19.39,20층 940㎡(48.5×19.4m) + 20층 940㎡(48.5×19.4m)
단일,1a 방위·위치,20,20,70.0,186,20,37580,400.0,6682,44262,1988,21.16,0.157,,,1,3.776,21.67,20층 1879㎡(86.7×21.7m)
2개동,2개동,20+20,20,70.0,186,17,37580,400.0,8163,45743,2011,21.41,0.067,9.2,2.29,2,3.757,21.67,20층 940㎡(43.3×21.7m) + 20층 940㎡(43.3×21.7m)
단일,1a 방위·위치,20,20,70.0,186,21,37580,400.0,6682,44262,1988,21.16,0.205,,,1,3.749,21.67,20층 1879㎡(86.7×21.7m)
4개동,4개동,20+20+20+20,20,70.0,186,20,37580,400.0,12733,50313,2083,22.17,0.176,4.0,0.11,4,3.699,12.51,20층 470㎡(37.5×12.5m) + 20층 470㎡(37.5×12.5m) + 20층 470㎡(37.5×12.5m) + 20층 470㎡(37.5×12.5m)
단일,1a 방위·위치,20,20,70.0,186,20,37580,400.0,6682,44262,1988,21.16,0.187,,,1,3.694,21.67,20층 1879㎡(86.7×21.7m)
6개동,6개동,20+20+20+20+20+20,20,70.0,186,21,37580,400.0,14084,51664,2102,22.37,0.142,4.0,0.17,6,3.687,14.45,20층 313㎡(21.7×14.4m) + 20층 313㎡(21.7×14.4m) + 20층 313㎡(21.7×14.4m) + 20층 313㎡(21.7×14.4m) + 20층 313㎡(21.7×14.4m) + 20층 313㎡(21.7×14.4m)
4개동,4개동,20+20+20+20,20,70.0,186,10,37580,400.0,12733,50313,2083,22.17,0.156,4.0,0.11,4,3.669,12.51,20층 470㎡(37.5×12.5m) + 20층 470㎡(37.5×12.5m) + 20층 470㎡(37.5×12.5m) + 20층 470㎡(37.5×12.5m)
단일,1a 방위·위치,20,20,70.0,186,18,37580,400.0,6682,44262,1988,21.16,0.119,,,1,3.662,21.67,20층 1879㎡(86.7×21.7m)
4개동,4개동,20+20+20+20,20,70.0,186,13,37580,400.0,12733,50313,2083,22.17,0.218,4.0,0.11,4,3.657,12.51,20층 470㎡(37.5×12.5m) + 20층 470㎡(37.5×12.5m) + 20층 470㎡(37.5×12.5m) + 20층 470㎡(37.5×12.5m)
단일,1a 방위·위치,20,20,70.0,186,22,37580,400.0,6682,44262,1988,21.16,0.172,,,1,3.656,21.67,20층 1879㎡(86.7×21.7m)
2개동,2개동,20+20,20,70.0,186,10,37580,400.0,7868,45448,2006,21.35,0.255,19.0,4.75,2,3.654,25.03,20층 940㎡(37.5×25.0m) + 20층 940㎡(37.5×25.0m)
단일,1a 방위·위치,20,20,70.0,186,21,37580,400.0,6682,44262,1988,21.16,0.177,,,1,3.648,21.67,20층 1879㎡(86.7×21.7m)
단일,1a 방위·위치,20,20,70.0,186,18,37580,400.0,6682,44262,1988,21.16,0.109,,,1,3.638,21.67,20층 1879㎡(86.7×21.7m)
5개동,5개동,20+20+20+20+20,20,70.0,186,1,37580,400.0,14331,51911,2108,22.44,0.112,9.0,0.26,5,3.635,11.19,20층 376㎡(33.6×11.2m) + 20층 376㎡(33.6×11.2m) + 20층 376㎡(33.6×11.2m) + 20층 376㎡(33.6×11.2m) + 20층 376㎡(33.6×11.2m)
3개동,3개동,20+20+20,20,70.0,186,5,37580,400.0,9735,47315,2035,21.66,0.231,6.0,1.5,3,3.634,20.43,20층 626㎡(30.7×20.4m) + 20층 626㎡(30.7×20.4m) + 20층 626㎡(30.7×20.4m)
6개동,6개동,20+20+20+20+20+20,20,70.0,186,13,37580,400.0,15793,53373,2130,22.67,0.134,4.0,0.11,6,3.633,10.22,20층 313㎡(30.7×10.2m) + 20층 313㎡(30.7×10.2m) + 20층 313㎡(30.7×10.2m) + 20층 313㎡(30.7×10.2m) + 20층 313㎡(30.7×10.2m) + 20층 313㎡(30.7×10.2m)
5개동,5개동,20+20+20+20+20,20,70.0,186,4,37580,400.0,15439,53019,2126,22.63,0.166,9.0,0.26,5,3.626,9.69,20층 376㎡(38.8×9.7m) + 20층 376㎡(38.8×9.7m) + 20층 376㎡(38.8×9.7m) + 20층 376㎡(38.8×9.7m) + 20층 376㎡(38.8×9.7m)
4개동,4개동,20+20+20+20,20,70.0,186,9,37580,400.0,14678,52258,2116,22.52,0.235,13.0,0.37,4,3.624,9.69,20층 470㎡(48.5×9.7m) + 20층 470㎡(48.5×9.7m) + 20층 470㎡(48.5×9.7m) + 20층 470㎡(48.5×9.7m)
4개동,4개동,20+20+20+20,20,70.0,186,15,37580,400.0,12733,50313,2083,22.17,0.186,4.0,0.37,4,3.621,12.51,20층 470㎡(37.5×12.5m) + 20층 470㎡(37.5×12.5m) + 20층 470㎡(37.5×12.5m) + 20층 470㎡(37.5×12.5m)
6개동,6개동,20+20+20+20+20+20,20,70.0,186,14,37580,400.0,17007,54587,2150,22.89,0.189,4.0,0.11,6,3.619,8.85,20층 313㎡(35.4×8.8m) + 20층 313㎡(35.4×8.8m) + 20층 313㎡(35.4×8.8m) + 20층 313㎡(35.4×8.8m) + 20층 313㎡(35.4×8.8m) + 20층 313㎡(35.4×8.8m)
단일,1a 방위·위치,20,20,70.0,186,19,37580,400.0,6682,44262,1988,21.16,0.055,,,1,3.617,21.67,20층 1879㎡(86.7×21.7m)
5개동,5개동,20+20+20+20+20,20,70.0,186,6,37580,400.0,13774,51354,2099,22.34,0.16,6.0,0.17,5,3.613,12.26,20층 376㎡(30.7×12.3m) + 20층 376㎡(30.7×12.3m) + 20층 376㎡(30.7×12.3m) + 20층 376㎡(30.7×12.3m) + 20층 376㎡(30.7×12.3m)
5개동,5개동,20+20+20+20+20,20,70.0,186,14,37580,400.0,15439,53019,2126,22.63,0.252,6.0,0.17,5,3.613,9.69,20층 376㎡(38.8×9.7m) + 20층 376㎡(38.8×9.7m) + 20층 376㎡(38.8×9.7m) + 20층 376㎡(38.8×9.7m) + 20층 376㎡(38.8×9.7m)
5개동,5개동,20+20+20+20+20,20,70.0,186,13,37580,400.0,13774,51354,2099,22.34,0.209,4.3,0.12,5,3.611,12.26,20층 376㎡(30.7×12.3m) + 20층 376㎡(30.7×12.3m) + 20층 376㎡(30.7×12.3m) + 20층 376㎡(30.7×12.3m) + 20층 376㎡(30.7×12.3m)
2개동,2개동,20+20,20,70.0,186,10,37580,400.0,7868,45448,2006,21.35,0.072,9.8,2.46,2,3.606,25.03,20층 940㎡(37.5×25.0m) + 20층 940㎡(37.5×25.0m)
6개동,6개동,20+20+20+20+20+20,20,70.0,186,1,37580,400.0,15793,53373,2130,22.67,0.096,6.0,0.17,6,3.605,10.22,20층 313㎡(30.7×10.2m) + 20층 313㎡(30.7×10.2m) + 20층 313㎡(30.7×10.2m) + 20층 313㎡(30.7×10.2m) + 20층 313㎡(30.7×10.2m) + 20층 313㎡(30.7×10.2m)
2개동,2개동,20+20,20,70.0,186,9,37580,400.0,7868,45448,2006,21.35,0.045,13.6,3.4,2,3.602,25.03,20층 940㎡(37.5×25.0m) + 20층 940㎡(37.5×25.0m)
6개동,6개동,20+20+20+20+20+20,20,70.0,186,13,37580,400.0,14084,51664,2102,22.37,0.117,4.0,0.54,6,3.602,14.45,20층 313㎡(21.7×14.4m) + 20층 313㎡(21.7×14.4m) + 20층 313㎡(21.7×14.4m) + 20층 313㎡(21.7×14.4m) + 20층 313㎡(21.7×14.4m) + 20층 313㎡(21.7×14.4m)
6개동,6개동,20+20+20+20+20+20,20,70.0,186,13,37580,400.0,14594,52174,2110,22.46,0.294,4.0,0.12,6,3.601,12.51,20층 313㎡(25.0×12.5m) + 20층 313㎡(25.0×12.5m) + 20층 313㎡(25.0×12.5m) + 20층 313㎡(25.0×12.5m) + 20층 313㎡(25.0×12.5m) + 20층 313㎡(25.0×12.5m)
4개동,4개동,20+20+20+20,20,70.0,186,9,37580,400.0,11338,48918,2060,21.93,0.157,6.0,0.17,4,3.599,17.7,20층 470㎡(26.5×17.7m) + 20층 470㎡(26.5×17.7m) + 20층 470㎡(26.5×17.7m) + 20층 470㎡(26.5×17.7m)
4개동,4개동,20+20+20+20,20,70.0,186,10,37580,400.0,12733,50313,2083,22.17,0.208,4.0,0.11,4,3.59,12.51,20층 470㎡(37.5×12.5m) + 20층 470㎡(37.5×12.5m) + 20층 470㎡(37.5×12.5m) + 20층 470㎡(37.5×12.5m)
4개동,4개동,20+20+20+20,20,70.0,186,10,37580,400.0,13724,51304,2100,22.35,0.32,4.0,0.11,4,3.589,10.84,20층 470㎡(43.3×10.8m) + 20층 470㎡(43.3×10.8m) + 20층 470㎡(43.3×10.8m) + 20층 470㎡(43.3×10.8m)
4개동,4개동,20+20+20+20,20,70.0,186,10,37580,400.0,13724,51304,2100,22.35,0.315,4.0,0.11,4,3.585,10.84,20층 470㎡(43.3×10.8m) + 20층 470㎡(43.3×10.8m) + 20층 470㎡(43.3×10.8m) + 20층 470㎡(43.3×10.8m)
4개동,4개동,20+20+20+20,20,70.0,186,9,37580,400.0,13724,51304,2100,22.35,0.301,4.0,0.17,4,3.577,10.84,20층 470㎡(43.3×10.8m) + 20층 470㎡(43.3×10.8m) + 20층 470㎡(43.3×10.8m) + 20층 470㎡(43.3×10.8m)
6개동,6개동,20+20+20+20+20+20,20,70.0,186,12,37580,400.0,14594,52174,2110,22.46,0.256,4.0,0.26,6,3.571,12.51,20층 313㎡(25.0×12.5m) + 20층 313㎡(25.0×12.5m) + 20층 313㎡(25.0×12.5m) + 20층 313㎡(25.0×12.5m) + 20층 313㎡(25.0×12.5m) + 20층 313㎡(25.0×12.5m)
6개동,6개동,20+20+20+20+20+20,20,70.0,186,20,37580,400.0,14084,51664,2102,22.37,0.085,4.0,0.54,6,3.57,14.45,20층 313㎡(21.7×14.4m) + 20층 313㎡(21.7×14.4m) + 20층 313㎡(21.7×14.4m) + 20층 313㎡(21.7×14.4m) + 20층 313㎡(21.7×14.4m) + 20층 313㎡(21.7×14.4m)
6개동,6개동,20+20+20+20+20+20,20,70.0,186,5,37580,400.0,17007,54587,2150,22.89,0.154,6.0,0.17,6,3.57,8.85,20층 313㎡(35.4×8.8m) + 20층 313㎡(35.4×8.8m) + 20층 313㎡(35.4×8.8m) + 20층 313㎡(35.4×8.8m) + 20층 313㎡(35.4×8.8m) + 20층 313㎡(35.4×8.8m)
2개동,2개동,20+20,20,70.0,186,10,37580,400.0,8163,45743,2011,21.41,0.095,4.7,1.17,2,3.561,21.67,20층 940㎡(43.3×21.7m) + 20층 940㎡(43.3×21.7m)
4개동,4개동,20+20+20+20,20,70.0,186,7,37580,400.0,13724,51304,2100,22.35,0.194,4.0,0.26,4,3.529,10.84,20층 470㎡(43.3×10.8m) + 20층 470㎡(43.3×10.8m) + 20층 470㎡(43.3×10.8m) + 20층 470㎡(43.3×10.8m)
6개동,6개동,20+20+20+20+20+20,20,70.0,186,6,37580,400.0,15182,52762,2120,22.57,0.206,4.0,0.17,6,3.519,11.19,20층 313㎡(28.0×11.2m) + 20층 313㎡(28.0×11.2m) + 20층 313㎡(28.0×11.2m) + 20층 313㎡(28.0×11.2m) + 20층 313㎡(28.0×11.2m) + 20층 313㎡(28.0×11.2m)
단일,1a 방위·위치,20,20,70.0,187,24,37580,400.0,6682,44262,1988,21.16,0.065,,,1,3.825,21.67,20층 1879㎡(86.7×21.7m)
단일,1a 방위·위치,20,20,70.0,187,21,37580,400.0,6682,44262,1988,21.16,0.11,,,1,3.804,21.67,20층 1879㎡(86.7×21.7m)
2개동,2개동,20+20,20,70.0,187,19,37580,400.0,7868,45448,2006,21.35,0.14,9.8,2.46,2,3.771,25.03,20층 940㎡(37.5×25.0m) + 20층 940㎡(37.5×25.0m)
단일,1a 방위·위치,20,20,70.0,187,20,37580,400.0,6682,44262,1988,21.16,0.086,,,1,3.757,21.67,20층 1879㎡(86.7×21.7m)
단일,1a 방위·위치,20,20,70.0,187,22,37580,400.0,6682,44262,1988,21.16,0.066,,,1,3.706,21.67,20층 1879㎡(86.7×21.7m)
2개동,2개동,20+20,20,70.0,187,17,37580,400.0,8163,45743,2011,21.41,0.176,4.7,1.17,2,3.706,21.67,20층 940㎡(43.3×21.7m) + 20층 940㎡(43.3×21.7m)
4개동,4개동,20+20+20+20,20,70.0,187,19,37580,400.0,12234,49814,2075,22.09,0.158,4.0,0.11,4,3.692,13.71,20층 470㎡(34.3×13.7m) + 20층 470㎡(34.3×13.7m) + 20층 470㎡(34.3×13.7m) + 20층 470㎡(34.3×13.7m)
3개동,3개동,20+20+20,20,70.0,187,1,37580,400.0,9735,47315,2035,21.66,0.103,19.0,0.54,3,3.686,20.43,20층 626㎡(30.7×20.4m) + 20층 626㎡(30.7×20.4m) + 20층 626㎡(30.7×20.4m)
단일,1a 방위·위치,20,20,70.0,187,20,37580,400.0,6682,44262,1988,21.16,0.187,,,1,3.675,21.67,20층 1879㎡(86.7×21.7m)
6개동,6개동,20+20+20+20+20+20,20,70.0,187,19,37580,400.0,14594,52174,2110,22.46,0.079,4.0,0.11,6,3.663,12.51,20층 313㎡(25.0×12.5m) + 20층 313㎡(25.0×12.5m) + 20층 313㎡(25.0×12.5m) + 20층 313㎡(25.0×12.5m) + 20층 313㎡(25.0×12.5m) + 20층 313㎡(25.0×12.5m)
3개동,3개동,20+20+20,20,70.0,187,19,37580,400.0,9735,47315,2035,21.66,0.246,9.0,0.26,3,3.657,20.43,20층 626㎡(30.7×20.4m) + 20층 626㎡(30.7×20.4m) + 20층 626㎡(30.7×20.4m)
단일,1a 방위·위치,20,20,70.0,187,21,37580,400.0,6682,44262,1988,21.16,0.052,,,1,3.653,21.67,20층 1879㎡(86.7×21.7m)
단일,1a 방위·위치,20,20,70.0,187,20,37580,400.0,6682,44262,1988,21.16,0.056,,,1,3.652,21.67,20층 1879㎡(86.7×21.7m)
6개동,6개동,20+20+20+20+20+20,20,70.0,187,11,37580,400.0,15182,52762,2120,22.57,0.18,4.0,0.11,6,3.634,11.19,20층 313㎡(28.0×11.2m) + 20층 313㎡(28.0×11.2m) + 20층 313㎡(28.0×11.2m) + 20층 313㎡(28.0×11.2m) + 20층 313㎡(28.0×11.2m) + 20층 313㎡(28.0×11.2m)
6개동,6개동,20+20+20+20+20+20,20,70.0,187,7,37580,400.0,15793,53373,2130,22.67,0.154,4.0,0.11,6,3.626,10.22,20층 313㎡(30.7×10.2m) + 20층 313㎡(30.7×10.2m) + 20층 313㎡(30.7×10.2m) + 20층 313㎡(30.7×10.2m) + 20층 313㎡(30.7×10.2m) + 20층 313㎡(30.7×10.2m)
5개동,5개동,20+20+20+20+20,20,70.0,187,19,37580,400.0,14331,51911,2108,22.44,0.247,4.3,0.12,5,3.613,11.19,20층 376㎡(33.6×11.2m) + 20층 376㎡(33.6×11.2m) + 20층 376㎡(33.6×11.2m) + 20층 376㎡(33.6×11.2m) + 20층 376㎡(33.6×11.2m)
4개동,4개동,20+20+20+20,20,70.0,187,7,37580,400.0,13724,51304,2100,22.35,0.262,4.0,0.11,4,3.597,10.84,20층 470㎡(43.3×10.8m) + 20층 470㎡(43.3×10.8m) + 20층 470㎡(43.3×10.8m) + 20층 470㎡(43.3×10.8m)
5개동,5개동,20+20+20+20+20,20,70.0,187,3,37580,400.0,13237,50817,2090,22.24,0.108,6.0,0.17,5,3.593,13.71,20층 376㎡(27.4×13.7m) + 20층 376㎡(27.4×13.7m) + 20층 376㎡(27.4×13.7m) + 20층 376㎡(27.4×13.7m) + 20층 376㎡(27.4×13.7m)
5개동,5개동,20+20+20+20+20,20,70.0,187,8,37580,400.0,13237,50817,2090,22.24,0.157,4.3,0.12,5,3.585,13.71,20층 376㎡(27.4×13.7m) + 20층 376㎡(27.4×13.7m) + 20층 376㎡(27.4×13.7m) + 20층 376㎡(27.4×13.7m) + 20층 376㎡(27.4×13.7m)
4개동,4개동,20+20+20+20,20,70.0,187,12,37580,400.0,12733,50313,2083,22.17,0.12,4.0,0.8,4,3.559,12.51,20층 470㎡(37.5×12.5m) + 20층 470㎡(37.5×12.5m) + 20층 470㎡(37.5×12.5m) + 20층 470㎡(37.5×12.5m)
2개동,2개동,20+20,20,70.0,187,6,37580,400.0,8163,45743,2011,21.41,0.077,9.2,2.29,2,3.556,21.67,20층 940㎡(43.3×21.7m) + 20층 940㎡(43.3×21.7m)
4개동,4개동,20+20+20+20,20,70.0,187,4,37580,400.0,14678,52258,2116,22.52,0.331,4.0,0.11,4,3.536,9.69,20층 470㎡(48.5×9.7m) + 20층 470㎡(48.5×9.7m) + 20층 470㎡(48.5×9.7m) + 20층 470㎡(48.5×9.7m)
6개동,6개동,20+20+20+20+20+20,20,70.0,187,10,37580,400.0,14594,52174,2110,22.46,0.146,4.0,0.37,6,3.534,12.51,20층 313㎡(25.0×12.5m) + 20층 313㎡(25.0×12.5m) + 20층 313㎡(25.0×12.5m) + 20층 313㎡(25.0×12.5m) + 20층 313㎡(25.0×12.5m) + 20층 313㎡(25.0×12.5m)
4개동,4개동,20+20+20+20,20,70.0,187,4,37580,400.0,14678,52258,2116,22.52,0.33,4.0,0.11,4,3.529,9.69,20층 470㎡(48.5×9.7m) + 20층 470㎡(48.5×9.7m) + 20층 470㎡(48.5×9.7m) + 20층 470㎡(48.5×9.7m)
4개동,4개동,20+20+20+20,20,70.0,187,7,37580,400.0,13724,51304,2100,22.35,0.165,4.0,0.37,4,3.511,10.84,20층 470㎡(43.3×10.8m) + 20층 470㎡(43.3×10.8m) + 20층 470㎡(43.3×10.8m) + 20층 470㎡(43.3×10.8m)
4개동,4개동,20+20+20+20,20,70.0,187,2,37580,400.0,14678,52258,2116,22.52,0.235,4.0,0.11,4,3.502,9.69,20층 470㎡(48.5×9.7m) + 20층 470㎡(48.5×9.7m) + 20층 470㎡(48.5×9.7m) + 20층 470㎡(48.5×9.7m)
4개동,4개동,20+20+20+20,20,70.0,187,2,37580,400.0,14678,52258,2116,22.52,0.233,4.0,0.12,4,3.499,9.69,20층 470㎡(48.5×9.7m) + 20층 470㎡(48.5×9.7m) + 20층 470㎡(48.5×9.7m) + 20층 470㎡(48.5×9.7m)
4개동,4개동,20+20+20+20,20,70.0,187,2,37580,400.0,14678,52258,2116,22.52,0.233,4.0,0.11,4,3.496,9.69,20층 470㎡(48.5×9.7m) + 20층 470㎡(48.5×9.7m) + 20층 470㎡(48.5×9.7m) + 20층 470㎡(48.5×9.7m)
2개동,2개동,20+20,20,70.0,188,21,37580,400.0,7868,45448,2006,21.35,0.102,6.0,1.5,2,3.705,25.03,20층 940㎡(37.5×25.0m) + 20층 940㎡(37.5×25.0m)
단일,1a 방위·위치,20,20,70.0,188,19,37580,400.0,6682,44262,1988,21.16,0.065,,,1,3.69,21.67,20층 1879㎡(86.7×21.7m)
2개동,2개동,20+20,20,70.0,188,21,37580,400.0,7868,45448,2006,21.35,0.127,6.0,1.5,2,3.688,25.03,20층 940㎡(37.5×25.0m) + 20층 940㎡(37.5×25.0m)
단일,1a 방위·위치,20,20,70.0,188,22,37580,400.0,6682,44262,1988,21.16,0.118,,,1,3.68,21.67,20층 1879㎡(86.7×21.7m)
6개동,6개동,20+20+20+20+20+20,20,70.0,188,21,37580,400.0,14084,51664,2102,22.37,0.121,4.0,0.26,6,3.669,14.45,20층 313㎡(21.7×14.4m) + 20층 313㎡(21.7×14.4m) + 20층 313㎡(21.7×14.4m) + 20층 313㎡(21.7×14.4m) + 20층 313㎡(21.7×14.4m) + 20층 313㎡(21.7×14.4m)
6개동,6개동,20+20+20+20+20+20,20,70.0,188,21,37580,400.0,17007,54587,2150,22.89,0.124,4.0,0.11,6,3.667,8.85,20층 313㎡(35.4×8.8m) + 20층 313㎡(35.4×8.8m) + 20층 313㎡(35.4×8.8m) + 20층 313㎡(35.4×8.8m) + 20층 313㎡(35.4×8.8m) + 20층 313㎡(35.4×8.8m)
6개동,6개동,20+20+20+20+20+20,20,70.0,188,20,37580,400.0,17007,54587,2150,22.89,0.122,4.0,0.11,6,3.659,8.85,20층 313㎡(35.4×8.8m) + 20층 313㎡(35.4×8.8m) + 20층 313㎡(35.4×8.8m) + 20층 313㎡(35.4×8.8m) + 20층 313㎡(35.4×8.8m) + 20층 313㎡(35.4×8.8m)
6개동,6개동,20+20+20+20+20+20,20,70.0,188,10,37580,400.0,15182,52762,2120,22.57,0.061,4.0,0.11,6,3.644,11.19,20층 313㎡(28.0×11.2m) + 20층 313㎡(28.0×11.2m) + 20층 313㎡(28.0×11.2m) + 20층 313㎡(28.0×11.2m) + 20층 313㎡(28.0×11.2m) + 20층 313㎡(28.0×11.2m)
6개동,6개동,20+20+20+20+20+20,20,70.0,188,16,37580,400.0,14594,52174,2110,22.46,0.217,4.0,0.12,6,3.642,12.51,20층 313㎡(25.0×12.5m) + 20층 313㎡(25.0×12.5m) + 20층 313㎡(25.0×12.5m) + 20층 313㎡(25.0×12.5m) + 20층 313㎡(25.0×12.5m) + 20층 313㎡(25.0×12.5m)
6개동,6개동,20+20+20+20+20+20,20,70.0,188,11,37580,400.0,15182,52762,2120,22.57,0.136,4.0,0.11,6,3.64,11.19,20층 313㎡(28.0×11.2m) + 20층 313㎡(28.0×11.2m) + 20층 313㎡(28.0×11.2m) + 20층 313㎡(28.0×11.2m) + 20층 313㎡(28.0×11.2m) + 20층 313㎡(28.0×11.2m)
4개동,4개동,20+20+20+20,20,70.0,188,5,37580,400.0,12733,50313,2083,22.17,0.236,4.0,0.11,4,3.637,12.51,20층 470㎡(37.5×12.5m) + 20층 470㎡(37.5×12.5m) + 20층 470㎡(37.5×12.5m) + 20층 470㎡(37.5×12.5m)
6개동,6개동,20+20+20+20+20+20,20,70.0,188,11,37580,400.0,15182,52762,2120,22.57,0.185,4.0,0.11,6,3.632,11.19,20층 313㎡(28.0×11.2m) + 20층 313㎡(28.0×11.2m) + 20층 313㎡(28.0×11.2m) + 20층 313㎡(28.0×11.2m) + 20층 313㎡(28.0×11.2m) + 20층 313㎡(28.0×11.2m)
4개동,4개동,20+20+20+20,20,70.0,188,6,37580,400.0,13724,51304,2100,22.35,0.203,13.0,0.37,4,3.628,10.84,20층 470㎡(43.3×10.8m) + 20층 470㎡(43.3×10.8m) + 20층 470㎡(43.3×10.8m) + 20층 470㎡(43.3×10.8m)
5개동,5개동,20+20+20+20+20,20,70.0,188,6,37580,400.0,16505,54085,2144,22.82,0.202,9.0,0.26,5,3.619,8.67,20층 376㎡(43.3×8.7m) + 20층 376㎡(43.3×8.7m) + 20층 376㎡(43.3×8.7m) + 20층 376㎡(43.3×8.7m) + 20층 376㎡(43.3×8.7m)
5개동,5개동,20+20+20+20+20,20,70.0,188,0,37580,400.0,13774,51354,2099,22.34,0.074,9.0,0.26,5,3.617,12.26,20층 376㎡(30.7×12.3m) + 20층 376㎡(30.7×12.3m) + 20층 376㎡(30.7×12.3m) + 20층 376㎡(30.7×12.3m) + 20층 376㎡(30.7×12.3m)
6개동,6개동,20+20+20+20+20+20,20,70.0,188,9,37580,400.0,17007,54587,2150,22.89,0.155,4.0,0.11,6,3.602,8.85,20층 313㎡(35.4×8.8m) + 20층 313㎡(35.4×8.8m) + 20층 313㎡(35.4×8.8m) + 20층 313㎡(35.4×8.8m) + 20층 313㎡(35.4×8.8m) + 20층 313㎡(35.4×8.8m)
4개동,4개동,20+20+20+20,20,70.0,188,12,37580,400.0,12733,50313,2083,22.17,0.143,4.0,0.54,4,3.598,12.51,20층 470㎡(37.5×12.5m) + 20층 470㎡(37.5×12.5m) + 20층 470㎡(37.5×12.5m) + 20층 470㎡(37.5×12.5m)
6개동,6개동,20+20+20+20+20+20,20,70.0,188,3,37580,400.0,17007,54587,2150,22.89,0.178,4.0,0.11,6,3.596,8.85,20층 313㎡(35.4×8.8m) + 20층 313㎡(35.4×8.8m) + 20층 313㎡(35.4×8.8m) + 20층 313㎡(35.4×8.8m) + 20층 313㎡(35.4×8.8m) + 20층 313㎡(35.4×8.8m)
4개동,4개동,20+20+20+20,20,70.0,188,5,37580,400.0,11338,48918,2060,21.93,0.092,9.0,0.26,4,3.589,17.7,20층 470㎡(26.5×17.7m) + 20층 470㎡(26.5×17.7m) + 20층 470㎡(26.5×17.7m) + 20층 470㎡(26.5×17.7m)
4개동,4개동,20+20+20+20,20,70.0,188,13,37580,400.0,15585,53165,2131,22.68,0.259,13.0,0.37,4,3.586,8.85,20층 470㎡(53.1×8.8m) + 20층 470㎡(53.1×8.8m) + 20층 470㎡(53.1×8.8m) + 20층 470㎡(53.1×8.8m)
5개동,5개동,20+20+20+20+20,20,70.0,188,2,37580,400.0,12771,50351,2082,22.16,0.081,4.3,0.12,5,3.578,15.83,20층 376㎡(23.7×15.8m) + 20층 376㎡(23.7×15.8m) + 20층 376㎡(23.7×15.8m) + 20층 376㎡(23.7×15.8m) + 20층 376㎡(23.7×15.8m)
6개동,6개동,20+20+20+20+20+20,20,70.0,188,9,37580,400.0,17007,54587,2150,22.89,0.145,4.0,0.11,6,3.575,8.85,20층 313㎡(35.4×8.8m) + 20층 313㎡(35.4×8.8m) + 20층 313㎡(35.4×8.8m) + 20층 313㎡(35.4×8.8m) + 20층 313㎡(35.4×8.8m) + 20층 313㎡(35.4×8.8m)
4개동,4개동,20+20+20+20,20,70.0,188,8,37580,400.0,13724,51304,2100,22.35,0.279,4.0,0.26,4,3.56,10.84,20층 470㎡(43.3×10.8m) + 20층 470㎡(43.3×10.8m) + 20층 470㎡(43.3×10.8m) + 20층 470㎡(43.3×10.8m)
4개동,4개동,20+20+20+20,20,70.0,188,4,37580,400.0,14678,52258,2116,22.52,0.329,4.0,0.12,4,3.536,9.69,20층 470㎡(48.5×9.7m) + 20층 470㎡(48.5×9.7m) + 20층 470㎡(48.5×9.7m) + 20층 470㎡(48.5×9.7m)
3개동,3개동,20+20+20,20,70.0,188,2,37580,400.0,9735,47315,2035,21.66,0.272,6.0,1.5,3,3.523,20.43,20층 626㎡(30.7×20.4m) + 20층 626㎡(30.7×20.4m) + 20층 626㎡(30.7×20.4m)
2개동,2개동,20+20,20,70.0,189,18,37580,400.0,7868,45448,2006,21.35,0.124,13.6,3.4,2,3.768,25.03,20층 940㎡(37.5×25.0m) + 20층 940㎡(37.5×25.0m)
2개동,2개동,20+20,20,70.0,189,17,37580,400.0,8163,45743,2011,21.41,0.096,9.2,2.29,2,3.75,21.67,20층 940㎡(43.3×21.7m) + 20층 940㎡(43.3×21.7m)
단일,1a 방위·위치,20,20,70.0,189,20,37580,400.0,6682,44262,1988,21.16,0.082,,,1,3.728,21.67,20층 1879㎡(86.7×21.7m)
2개동,2개동,20+20,20,70.0,189,10,37580,400.0,8502,46082,2017,21.47,0.08,14.5,3.62,2,3.714,19.39,20층 940㎡(48.5×19.4m) + 20층 940㎡(48.5×19.4m)
단일,1a 방위·위치,20,20,70.0,189,20,37580,400.0,6682,44262,1988,21.16,0.133,,,1,3.703,21.67,20층 1879㎡(86.7×21.7m)
4개동,4개동,20+20+20+20,20,70.0,189,17,37580,400.0,12733,50313,2083,22.17,0.115,4.0,0.37,4,3.661,12.51,20층 470㎡(37.5×12.5m) + 20층 470㎡(37.5×12.5m) + 20층 470㎡(37.5×12.5m) + 20층 470㎡(37.5×12.5m)
6개동,6개동,20+20+20+20+20+20,20,70.0,189,14,37580,400.0,14594,52174,2110,22.46,0.154,4.0,0.17,6,3.661,12.51,20층 313㎡(25.0×12.5m) + 20층 313㎡(25.0×12.5m) + 20층 313㎡(25.0×12.5m) + 20층 313㎡(25.0×12.5m) + 20층 313㎡(25.0×12.5m) + 20층 313㎡(25.0×12.5m)
6개동,6개동,20+20+20+20+20+20,20,70.0,189,12,37580,400.0,15182,52762,2120,22.57,0.101,4.0,0.11,6,3.641,11.19,20층 313㎡(28.0×11.2m) + 20층 313㎡(28.0×11.2m) + 20층 313㎡(28.0×11.2m) + 20층 313㎡(28.0×11.2m) + 20층 313㎡(28.0×11.2m) + 20층 313㎡(28.0×11.2m)
6개동,6개동,20+20+20+20+20+20,20,70.0,189,13,37580,400.0,14084,51664,2102,22.37,0.049,4.0,0.54,6,3.633,14.45,20층 313㎡(21.7×14.4m) + 20층 313㎡(21.7×14.4m) + 20층 313㎡(21.7×14.4m) + 20층 313㎡(21.7×14.4m) + 20층 313㎡(21.7×14.4m) + 20층 313㎡(21.7×14.4m)
6개동,6개동,20+20+20+20+20+20,20,70.0,189,15,37580,400.0,14594,52174,2110,22.46,0.205,4.0,0.17,6,3.628,12.51,20층 313㎡(25.0×12.5m) + 20층 313㎡(25.0×12.5m) + 20층 313㎡(25.0×12.5m) + 20층 313㎡(25.0×12.5m) + 20층 313㎡(25.0×12.5m) + 20층 313㎡(25.0×12.5m)
4개동,4개동,20+20+20+20,20,70.0,189,17,37580,400.0,11754,49334,2067,22.0,0.224,6.0,0.17,4,3.622,15.33,20층 470㎡(30.7×15.3m) + 20층 470㎡(30.7×15.3m) + 20층 470㎡(30.7×15.3m) + 20층 470㎡(30.7×15.3m)
4개동,4개동,20+20+20+20,20,70.0,189,17,37580,400.0,12733,50313,2083,22.17,0.24,9.0,0.26,4,3.621,12.51,20층 470㎡(37.5×12.5m) + 20층 470㎡(37.5×12.5m) + 20층 470㎡(37.5×12.5m) + 20층 470㎡(37.5×12.5m)
2개동,2개동,20+20,20,70.0,189,14,37580,400.0,7868,45448,2006,21.35,0.08,19.0,4.75,2,3.618,25.03,20층 940㎡(37.5×25.0m) + 20층 940㎡(37.5×25.0m)
6개동,6개동,20+20+20+20+20+20,20,70.0,189,8,37580,400.0,15793,53373,2130,22.67,0.201,4.0,0.11,6,3.618,10.22,20층 313㎡(30.7×10.2m) + 20층 313㎡(30.7×10.2m) + 20층 313㎡(30.7×10.2m) + 20층 313㎡(30.7×10.2m) + 20층 313㎡(30.7×10.2m) + 20층 313㎡(30.7×10.2m)
6개동,6개동,20+20+20+20+20+20,20,70.0,189,14,37580,400.0,14594,52174,2110,22.46,0.232,4.0,0.17,6,3.613,12.51,20층 313㎡(25.0×12.5m) + 20층 313㎡(25.0×12.5m) + 20층 313㎡(25.0×12.5m) + 20층 313㎡(25.0×12.5m) + 20층 313㎡(25.0×12.5m) + 20층 313㎡(25.0×12.5m)
6개동,6개동,20+20+20+20+20+20,20,70.0,189,13,37580,400.0,17007,54587,2150,22.89,0.161,4.0,0.11,6,3.613,8.85,20층 313㎡(35.4×8.8m) + 20층 313㎡(35.4×8.8m) + 20층 313㎡(35.4×8.8m) + 20층 313㎡(35.4×8.8m) + 20층 313㎡(35.4×8.8m) + 20층 313㎡(35.4×8.8m)
5개동,5개동,20+20+20+20+20,20,70.0,189,21,37580,400.0,14331,51911,2108,22.44,0.247,4.3,0.12,5,3.612,11.19,20층 376㎡(33.6×11.2m) + 20층 376㎡(33.6×11.2m) + 20층 376㎡(33.6×11.2m) + 20층 376㎡(33.6×11.2m) + 20층 376㎡(33.6×11.2m)
5개동,5개동,20+20+20+20+20,20,70.0,189,17,37580,400.0,15439,53019,2126,22.63,0.252,6.0,0.17,5,3.6,9.69,20층 376㎡(38.8×9.7m) + 20층 376㎡(38.8×9.7m) + 20층 376㎡(38.8×9.7m) + 20층 376㎡(38.8×9.7m) + 20층 376㎡(38.8×9.7m)
5개동,5개동,20+20+20+20+20,20,70.0,189,17,37580,400.0,13774,51354,2099,22.34,0.209,4.3,0.12,5,3.599,12.26,20층 376㎡(30.7×12.3m) + 20층 376㎡(30.7×12.3m) + 20층 376㎡(30.7×12.3m) + 20층 376㎡(30.7×12.3m) + 20층 376㎡(30.7×12.3m)
5개동,5개동,20+20+20+20+20,20,70.0,189,17,37580,400.0,13774,51354,2099,22.34,0.209,4.3,0.12,5,3.599,12.26,20층 376㎡(30.7×12.3m) + 20층 376㎡(30.7×12.3m) + 20층 376㎡(30.7×12.3m) + 20층 376㎡(30.7×12.3m) + 20층 376㎡(30.7×12.3m)
5개동,5개동,20+20+20+20+20,20,70.0,189,10,37580,400.0,14331,51911,2108,22.44,0.198,6.0,0.17,5,3.599,11.19,20층 376㎡(33.6×11.2m) + 20층 376㎡(33.6×11.2m) + 20층 376㎡(33.6×11.2m) + 20층 376㎡(33.6×11.2m) + 20층 376㎡(33.6×11.2m)
6개동,6개동,20+20+20+20+20+20,20,70.0,189,13,37580,400.0,14594,52174,2110,22.46,0.21,4.0,0.26,6,3.596,12.51,20층 313㎡(25.0×12.5m) + 20층 313㎡(25.0×12.5m) + 20층 313㎡(25.0×12.5m) + 20층 313㎡(25.0×12.5m) + 20층 313㎡(25.0×12.5m) + 20층 313㎡(25.0×12.5m)
5개동,5개동,20+20+20+20+20,20,70.0,189,4,37580,400.0,15439,53019,2126,22.63,0.166,9.0,0.26,5,3.595,9.69,20층 376㎡(38.8×9.7m) + 20층 376㎡(38.8×9.7m) + 20층 376㎡(38.8×9.7m) + 20층 376㎡(38.8×9.7m) + 20층 376㎡(38.8×9.7m)
5개동,5개동,20+20+20+20+20,20,70.0,189,7,37580,400.0,13774,51354,2099,22.34,0.16,6.0,0.17,5,3.587,12.26,20층 376㎡(30.7×12.3m) + 20층 376㎡(30.7×12.3m) + 20층 376㎡(30.7×12.3m) + 20층 376㎡(30.7×12.3m) + 20층 376㎡(30.7×12.3m)
6개동,6개동,20+20+20+20+20+20,20,70.0,189,7,37580,400.0,17007,54587,2150,22.89,0.23,4.0,0.11,6,3.584,8.85,20층 313㎡(35.4×8.8m) + 20층 313㎡(35.4×8.8m) + 20층 313㎡(35.4×8.8m) + 20층 313㎡(35.4×8.8m) + 20층 313㎡(35.4×8.8m) + 20층 313㎡(35.4×8.8m)
4개동,4개동,20+20+20+20,20,70.0,189,14,37580,400.0,14678,52258,2116,22.52,0.064,13.0,0.37,4,3.581,9.69,20층 470㎡(48.5×9.7m) + 20층 470㎡(48.5×9.7m) + 20층 470㎡(48.5×9.7m) + 20층 470㎡(48.5×9.7m)
6개동,6개동,20+20+20+20+20+20,20,70.0,189,10,37580,400.0,14594,52174,2110,22.46,0.182,4.0,0.37,6,3.579,12.51,20층 313㎡(25.0×12.5m) + 20층 313㎡(25.0×12.5m) + 20층 313㎡(25.0×12.5m) + 20층 313㎡(25.0×12.5m) + 20층 313㎡(25.0×12.5m) + 20층 313㎡(25.0×12.5m)
3개동,3개동,20+20+20,20,70.0,189,7,37580,400.0,9735,47315,2035,21.66,0.379,6.0,1.5,3,3.571,20.43,20층 626㎡(30.7×20.4m) + 20층 626㎡(30.7×20.4m) + 20층 626㎡(30.7×20.4m)
6개동,6개동,20+20+20+20+20+20,20,70.0,189,0,37580,400.0,15793,53373,2130,22.67,0.096,6.0,0.17,6,3.56,10.22,20층 313㎡(30.7×10.2m) + 20층 313㎡(30.7×10.2m) + 20층 313㎡(30.7×10.2m) + 20층 313㎡(30.7×10.2m) + 20층 313㎡(30.7×10.2m) + 20층 313㎡(30.7×10.2m)
4개동,4개동,20+20+20+20,20,70.0,189,15,37580,400.0,15585,53165,2131,22.68,0.088,13.0,0.37,4,3.548,8.85,20층 470㎡(53.1×8.8m) + 20층 470㎡(53.1×8.8m) + 20층 470㎡(53.1×8.8m) + 20층 470㎡(53.1×8.8m)
6개동,6개동,20+20+20+20+20+20,20,70.0,189,4,37580,400.0,15182,52762,2120,22.57,0.115,4.3,0.12,6,3.547,11.19,20층 313㎡(28.0×11.2m) + 20층 313㎡(28.0×11.2m) + 20층 313㎡(28.0×11.2m) + 20층 313㎡(28.0×11.2m) + 20층 313㎡(28.0×11.2m) + 20층 313㎡(28.0×11.2m)
4개동,4개동,20+20+20+20,20,70.0,189,5,37580,400.0,14678,52258,2116,22.52,0.334,4.0,0.12,4,3.539,9.69,20층 470㎡(48.5×9.7m) + 20층 470㎡(48.5×9.7m) + 20층 470㎡(48.5×9.7m) + 20층 470㎡(48.5×9.7m)
2개동,2개동,20+20,20,70.0,190,17,37580,400.0,7868,45448,2006,21.35,0.125,13.6,3.4,2,3.766,25.03,20층 940㎡(37.5×25.0m) + 20층 940㎡(37.5×25.0m)
2개동,2개동,20+20,20,70.0,190,14,37580,400.0,8163,45743,2011,21.41,0.15,9.2,2.29,2,3.732,21.67,20층 940㎡(43.3×21.7m) + 20층 940㎡(43.3×21.7m)
2개동,2개동,20+20,20,70.0,190,11,37580,400.0,8163,45743,2011,21.41,0.137,13.1,3.28,2,3.731,21.67,20층 940㎡(43.3×21.7m) + 20층 940㎡(43.3×21.7m)
2개동,2개동,20+20,20,70.0,190,9,37580,400.0,8502,46082,2017,21.47,0.155,11.0,2.75,2,3.697,19.39,20층 940㎡(48.5×19.4m) + 20층 940㎡(48.5×19.4m)
단일,1a 방위·위치,20,20,70.0,190,20,37580,400.0,6682,44262,1988,21.16,0.067,,,1,3.672,21.67,20층 1879㎡(86.7×21.7m)
4개동,4개동,20+20+20+20,20,70.0,190,12,37580,400.0,13724,51304,2100,22.35,0.171,4.0,0.17,4,3.653,10.84,20층 470㎡(43.3×10.8m) + 20층 470㎡(43.3×10.8m) + 20층 470㎡(43.3×10.8m) + 20층 470㎡(43.3×10.8m)
2개동,2개동,20+20,20,70.0,190,9,37580,400.0,7868,45448,2006,21.35,0.175,19.0,4.75,2,3.65,25.03,20층 940㎡(37.5×25.0m) + 20층 940㎡(37.5×25.0m)
6개동,6개동,20+20+20+20+20+20,20,70.0,190,7,37580,400.0,17007,54587,2150,22.89,0.088,4.0,0.11,6,3.621,8.85,20층 313㎡(35.4×8.8m) + 20층 313㎡(35.4×8.8m) + 20층 313㎡(35.4×8.8m) + 20층 313㎡(35.4×8.8m) + 20층 313㎡(35.4×8.8m) + 20층 313㎡(35.4×8.8m)
4개동,4개동,20+20+20+20,20,70.0,190,10,37580,400.0,13724,51304,2100,22.35,0.235,4.0,0.11,4,3.618,10.84,20층 470㎡(43.3×10.8m) + 20층 470㎡(43.3×10.8m) + 20층 470㎡(43.3×10.8m) + 20층 470㎡(43.3×10.8m)
6개동,6개동,20+20+20+20+20+20,20,70.0,190,9,37580,400.0,15793,53373,2130,22.67,0.117,4.0,0.11,6,3.618,10.22,20층 313㎡(30.7×10.2m) + 20층 313㎡(30.7×10.2m) + 20층 313㎡(30.7×10.2m) + 20층 313㎡(30.7×10.2m) + 20층 313㎡(30.7×10.2m) + 20층 313㎡(30.7×10.2m)
4개동,4개동,20+20+20+20,20,70.0,190,1,37580,400.0,12733,50313,2083,22.17,0.193,4.0,0.11,4,3.607,12.51,20층 470㎡(37.5×12.5m) + 20층 470㎡(37.5×12.5m) + 20층 470㎡(37.5×12.5m) + 20층 470㎡(37.5×12.5m)
5개동,5개동,20+20+20+20+20,20,70.0,190,6,37580,400.0,16505,54085,2144,22.82,0.203,9.0,0.26,5,3.594,8.67,20층 376㎡(43.3×8.7m) + 20층 376㎡(43.3×8.7m) + 20층 376㎡(43.3×8.7m) + 20층 376㎡(43.3×8.7m) + 20층 376㎡(43.3×8.7m)
6개동,6개동,20+20+20+20+20+20,20,70.0,190,0,37580,400.0,17007,54587,2150,22.89,0.136,4.0,0.11,6,3.583,8.85,20층 313㎡(35.4×8.8m) + 20층 313㎡(35.4×8.8m) + 20층 313㎡(35.4×8.8m) + 20층 313㎡(35.4×8.8m) + 20층 313㎡(35.4×8.8m) + 20층 313㎡(35.4×8.8m)
6개동,6개동,20+20+20+20+20+20,20,70.0,190,7,37580,400.0,15793,53373,2130,22.67,0.157,4.3,0.12,6,3.569,10.22,20층 313㎡(30.7×10.2m) + 20층 313㎡(30.7×10.2m) + 20층 313㎡(30.7×10.2m) + 20층 313㎡(30.7×10.2m) + 20층 313㎡(30.7×10.2m) + 20층 313㎡(30.7×10.2m)
2개동,2개동,20+20,20,70.0,190,13,37580,400.0,8163,45743,2011,21.41,0.103,9.0,2.25,2,3.56,21.67,20층 940㎡(43.3×21.7m) + 20층 940㎡(43.3×21.7m)
6개동,6개동,20+20+20+20+20+20,20,70.0,190,6,37580,400.0,15182,52762,2120,22.57,0.301,4.0,0.17,6,3.551,11.19,20층 313㎡(28.0×11.2m) + 20층 313㎡(28.0×11.2m) + 20층 313㎡(28.0×11.2m) + 20층 313㎡(28.0×11.2m) + 20층 313㎡(28.0×11.2m) + 20층 313㎡(28.0×11.2m)
5개동,5개동,20+20+20+20+20,20,70.0,190,5,37580,400.0,12771,50351,2082,22.16,0.081,4.3,0.12,5,3.55,15.83,20층 376㎡(23.7×15.8m) + 20층 376㎡(23.7×15.8m) + 20층 376㎡(23.7×15.8m) + 20층 376㎡(23.7×15.8m) + 20층 376㎡(23.7×15.8m)
6개동,6개동,20+20+20+20+20+20,20,70.0,190,1,37580,400.0,14594,52174,2110,22.46,0.058,4.3,0.12,6,3.55,12.51,20층 313㎡(25.0×12.5m) + 20층 313㎡(25.0×12.5m) + 20층 313㎡(25.0×12.5m) + 20층 313㎡(25.0×12.5m) + 20층 313㎡(25.0×12.5m) + 20층 313㎡(25.0×12.5m)
4개동,4개동,20+20+20+20,20,70.0,190,18,37580,400.0,12733,50313,2083,22.17,0.045,4.0,0.8,4,3.53,12.51,20층 470㎡(37.5×12.5m) + 20층 470㎡(37.5×12.5m) + 20층 470㎡(37.5×12.5m) + 20층 470㎡(37.5×12.5m)
4개동,4개동,20+20+20+20,20,70.0,190,4,37580,400.0,14678,52258,2116,22.52,0.316,4.0,0.17,4,3.525,9.69,20층 470㎡(48.5×9.7m) + 20층 470㎡(48.5×9.7m) + 20층 470㎡(48.5×9.7m) + 20층 470㎡(48.5×9.7m)
6개동,6개동,20+20+20+20+20+20,20,70.0,190,10,37580,400.0,14594,52174,2110,22.46,0.103,4.0,0.54,6,3.514,12.51,20층 313㎡(25.0×12.5m) + 20층 313㎡(25.0×12.5m) + 20층 313㎡(25.0×12.5m) + 20층 313㎡(25.0×12.5m) + 20층 313㎡(25.0×12.5m) + 20층 313㎡(25.0×12.5m)
4개동,4개동,20+20+20+20,20,70.0,190,7,37580,400.0,13724,51304,2100,22.35,0.122,4.0,0.54,4,3.492,10.84,20층 470㎡(43.3×10.8m) + 20층 470㎡(43.3×10.8m) + 20층 470㎡(43.3×10.8m) + 20층 470㎡(43.3×10.8m)
6개동,6개동,20+20+20+20+20+20,20,70.0,190,2,37580,400.0,15793,53373,2130,22.67,0.224,4.0,0.12,6,3.492,10.22,20층 313㎡(30.7×10.2m) + 20층 313㎡(30.7×10.2m) + 20층 313㎡(30.7×10.2m) + 20층 313㎡(30.7×10.2m) + 20층 313㎡(30.7×10.2m) + 20층 313㎡(30.7×10.2m)
4개동,4개동,20+20+20+20,20,70.0,190,2,37580,400.0,14678,52258,2116,22.52,0.2,4.0,0.26,4,3.477,9.69,20층 470㎡(48.5×9.7m) + 20층 470㎡(48.5×9.7m) + 20층 470㎡(48.5×9.7m) + 20층 470㎡(48.5×9.7m)
2개동,2개동,20+20,20,70.0,191,9,37580,400.0,8163,45743,2011,21.41,0.056,19.1,4.77,2,3.748,21.67,20층 940㎡(43.3×21.7m) + 20층 940㎡(43.3×21.7m)
2개동,2개동,20+20,20,70.0,191,9,37580,400.0,8854,46434,2023,21.53,0.059,13.5,3.39,2,3.704,17.7,20층 940㎡(53.1×17.7m) + 20층 940㎡(53.1×17.7m)
4개동,4개동,20+20+20+20,20,70.0,191,11,37580,400.0,13724,51304,2100,22.35,0.182,4.0,0.11,4,3.66,10.84,20층 470㎡(43.3×10.8m) + 20층 470㎡(43.3×10.8m) + 20층 470㎡(43.3×10.8m) + 20층 470㎡(43.3×10.8m)
3개동,3개동,20+20+20,20,70.0,191,21,37580,400.0,10096,47676,2041,21.73,0.247,13.0,0.37,3,3.659,17.7,20층 626㎡(35.4×17.7m) + 20층 626㎡(35.4×17.7m) + 20층 626㎡(35.4×17.7m)
6개동,6개동,20+20+20+20+20+20,20,70.0,191,10,37580,400.0,15182,52762,2120,22.57,0.172,4.0,0.12,6,3.642,11.19,20층 313㎡(28.0×11.2m) + 20층 313㎡(28.0×11.2m) + 20층 313㎡(28.0×11.2m) + 20층 313㎡(28.0×11.2m) + 20층 313㎡(28.0×11.2m) + 20층 313㎡(28.0×11.2m)
6개동,6개동,20+20+20+20+20+20,20,70.0,191,13,37580,400.0,14594,52174,2110,22.46,0.133,4.0,0.26,6,3.641,12.51,20층 313㎡(25.0×12.5m) + 20층 313㎡(25.0×12.5m) + 20층 313㎡(25.0×12.5m) + 20층 313㎡(25.0×12.5m) + 20층 313㎡(25.0×12.5m) + 20층 313㎡(25.0×12.5m)
6개동,6개동,20+20+20+20+20+20,20,70.0,191,14,37580,400.0,17007,54587,2150,22.89,0.111,4.0,0.11,6,3.636,8.85,20층 313㎡(35.4×8.8m) + 20층 313㎡(35.4×8.8m) + 20층 313㎡(35.4×8.8m) + 20층 313㎡(35.4×8.8m) + 20층 313㎡(35.4×8.8m) + 20층 313㎡(35.4×8.8m)
3개동,3개동,20+20+20,20,70.0,191,9,37580,400.0,9735,47315,2035,21.66,0.287,4.3,1.08,3,3.634,20.43,20층 626㎡(30.7×20.4m) + 20층 626㎡(30.7×20.4m) + 20층 626㎡(30.7×20.4m)
6개동,6개동,20+20+20+20+20+20,20,70.0,191,9,37580,400.0,15182,52762,2120,22.57,0.16,4.0,0.17,6,3.63,11.19,20층 313㎡(28.0×11.2m) + 20층 313㎡(28.0×11.2m) + 20층 313㎡(28.0×11.2m) + 20층 313㎡(28.0×11.2m) + 20층 313㎡(28.0×11.2m) + 20층 313㎡(28.0×11.2m)
4개동,4개동,20+20+20+20,20,70.0,191,12,37580,400.0,14678,52258,2116,22.52,0.235,13.0,0.37,4,3.592,9.69,20층 470㎡(48.5×9.7m) + 20층 470㎡(48.5×9.7m) + 20층 470㎡(48.5×9.7m) + 20층 470㎡(48.5×9.7m)
4개동,4개동,20+20+20+20,20,70.0,191,10,37580,400.0,12733,50313,2083,22.17,0.054,4.0,0.8,4,3.588,12.51,20층 470㎡(37.5×12.5m) + 20층 470㎡(37.5×12.5m) + 20층 470㎡(37.5×12.5m) + 20층 470㎡(37.5×12.5m)
6개동,6개동,20+20+20+20+20+20,20,70.0,191,2,37580,400.0,17007,54587,2150,22.89,0.235,4.0,0.11,6,3.588,8.85,20층 313㎡(35.4×8.8m) + 20층 313㎡(35.4×8.8m) + 20층 313㎡(35.4×8.8m) + 20층 313㎡(35.4×8.8m) + 20층 313㎡(35.4×8.8m) + 20층 313㎡(35.4×8.8m)
5개동,5개동,20+20+20+20+20,20,70.0,191,0,37580,400.0,14331,51911,2108,22.44,0.112,9.0,0.26,5,3.587,11.19,20층 376㎡(33.6×11.2m) + 20층 376㎡(33.6×11.2m) + 20층 376㎡(33.6×11.2m) + 20층 376㎡(33.6×11.2m) + 20층 376㎡(33.6×11.2m)
5개동,5개동,20+20+20+20+20,20,70.0,191,14,37580,400.0,14331,51911,2108,22.44,0.198,6.0,0.17,5,3.587,11.19,20층 376㎡(33.6×11.2m) + 20층 376㎡(33.6×11.2m) + 20층 376㎡(33.6×11.2m) + 20층 376㎡(33.6×11.2m) + 20층 376㎡(33.6×11.2m)
5개동,5개동,20+20+20+20+20,20,70.0,191,9,37580,400.0,13237,50817,2090,22.24,0.157,4.3,0.12,5,3.575,13.71,20층 376㎡(27.4×13.7m) + 20층 376㎡(27.4×13.7m) + 20층 376㎡(27.4×13.7m) + 20층 376㎡(27.4×13.7m) + 20층 376㎡(27.4×13.7m)
2개동,2개동,20+20,20,70.0,191,9,37580,400.0,8502,46082,2017,21.47,0.295,4.3,1.07,2,3.572,19.39,20층 940㎡(48.5×19.4m) + 20층 940㎡(48.5×19.4m)
4개동,4개동,20+20+20+20,20,70.0,191,9,37580,400.0,14678,52258,2116,22.52,0.278,4.0,0.11,4,3.572,9.69,20층 470㎡(48.5×9.7m) + 20층 470㎡(48.5×9.7m) + 20층 470㎡(48.5×9.7m) + 20층 470㎡(48.5×9.7m)
5개동,5개동,20+20+20+20+20,20,70.0,191,9,37580,400.0,13774,51354,2099,22.34,0.16,6.0,0.17,5,3.57,12.26,20층 376㎡(30.7×12.3m) + 20층 376㎡(30.7×12.3m) + 20층 376㎡(30.7×12.3m) + 20층 376㎡(30.7×12.3m) + 20층 376㎡(30.7×12.3m)
6개동,6개동,20+20+20+20+20+20,20,70.0,191,8,37580,400.0,14594,52174,2110,22.46,0.112,4.0,0.54,6,3.57,12.51,20층 313㎡(25.0×12.5m) + 20층 313㎡(25.0×12.5m) + 20층 313㎡(25.0×12.5m) + 20층 313㎡(25.0×12.5m) + 20층 313㎡(25.0×12.5m) + 20층 313㎡(25.0×12.5m)
5개동,5개동,20+20+20+20+20,20,70.0,191,6,37580,400.0,15439,53019,2126,22.63,0.166,9.0,0.26,5,3.568,9.69,20층 376㎡(38.8×9.7m) + 20층 376㎡(38.8×9.7m) + 20층 376㎡(38.8×9.7m) + 20층 376㎡(38.8×9.7m) + 20층 376㎡(38.8×9.7m)
5개동,5개동,20+20+20+20+20,20,70.0,191,4,37580,400.0,13237,50817,2090,22.24,0.108,6.0,0.17,5,3.563,13.71,20층 376㎡(27.4×13.7m) + 20층 376㎡(27.4×13.7m) + 20층 376㎡(27.4×13.7m) + 20층 376㎡(27.4×13.7m) + 20층 376㎡(27.4×13.7m)
5개동,5개동,20+20+20+20+20,20,70.0,191,11,37580,400.0,16505,54085,2144,22.82,0.203,9.0,0.26,5,3.562,8.67,20층 376㎡(43.3×8.7m) + 20층 376㎡(43.3×8.7m) + 20층 376㎡(43.3×8.7m) + 20층 376㎡(43.3×8.7m) + 20층 376㎡(43.3×8.7m)
6개동,6개동,20+20+20+20+20+20,20,70.0,191,9,37580,400.0,15793,53373,2130,22.67,0.156,4.3,0.12,6,3.555,10.22,20층 313㎡(30.7×10.2m) + 20층 313㎡(30.7×10.2m) + 20층 313㎡(30.7×10.2m) + 20층 313㎡(30.7×10.2m) + 20층 313㎡(30.7×10.2m) + 20층 313㎡(30.7×10.2m)
6개동,6개동,20+20+20+20+20+20,20,70.0,191,11,37580,400.0,14594,52174,2110,22.46,0.232,4.0,0.37,6,3.554,12.51,20층 313㎡(25.0×12.5m) + 20층 313㎡(25.0×12.5m) + 20층 313㎡(25.0×12.5m) + 20층 313㎡(25.0×12.5m) + 20층 313㎡(25.0×12.5m) + 20층 313㎡(25.0×12.5m)
6개동,6개동,20+20+20+20+20+20,20,70.0,191,4,37580,400.0,17007,54587,2150,22.89,0.154,6.0,0.17,6,3.544,8.85,20층 313㎡(35.4×8.8m) + 20층 313㎡(35.4×8.8m) + 20층 313㎡(35.4×8.8m) + 20층 313㎡(35.4×8.8m) + 20층 313㎡(35.4×8.8m) + 20층 313㎡(35.4×8.8m)
6개동,6개동,20+20+20+20+20+20,20,70.0,191,10,37580,400.0,14594,52174,2110,22.46,0.189,4.0,0.54,6,3.534,12.51,20층 313㎡(25.0×12.5m) + 20층 313㎡(25.0×12.5m) + 20층 313㎡(25.0×12.5m) + 20층 313㎡(25.0×12.5m) + 20층 313㎡(25.0×12.5m) + 20층 313㎡(25.0×12.5m)
6개동,6개동,20+20+20+20+20+20,20,70.0,191,10,37580,400.0,14594,52174,2110,22.46,0.184,4.0,0.54,6,3.531,12.51,20층 313㎡(25.0×12.5m) + 20층 313㎡(25.0×12.5m) + 20층 313㎡(25.0×12.5m) + 20층 313㎡(25.0×12.5m) + 20층 313㎡(25.0×12.5m) + 20층 313㎡(25.0×12.5m)
6개동,6개동,20+20+20+20+20+20,20,70.0,191,4,37580,400.0,15182,52762,2120,22.57,0.279,4.0,0.26,6,3.53,11.19,20층 313㎡(28.0×11.2m) + 20층 313㎡(28.0×11.2m) + 20층 313㎡(28.0×11.2m) + 20층 313㎡(28.0×11.2m) + 20층 313㎡(28.0×11.2m) + 20층 313㎡(28.0×11.2m)
6개동,6개동,20+20+20+20+20+20,20,70.0,191,4,37580,400.0,15793,53373,2130,22.67,0.327,4.0,0.12,6,3.524,10.22,20층 313㎡(30.7×10.2m) + 20층 313㎡(30.7×10.2m) + 20층 313㎡(30.7×10.2m) + 20층 313㎡(30.7×10.2m) + 20층 313㎡(30.7×10.2m) + 20층 313㎡(30.7×10.2m)
6개동,6개동,20+20+20+20+20+20,20,70.0,191,4,37580,400.0,15793,53373,2130,22.67,0.321,4.0,0.12,6,3.521,10.22,20층 313㎡(30.7×10.2m) + 20층 313㎡(30.7×10.2m) + 20층 313㎡(30.7×10.2m) + 20층 313㎡(30.7×10.2m) + 20층 313㎡(30.7×10.2m) + 20층 313㎡(30.7×10.2m)
6개동,6개동,20+20+20+20+20+20,20,70.0,191,4,37580,400.0,15793,53373,2130,22.67,0.309,4.0,0.17,6,3.511,10.22,20층 313㎡(30.7×10.2m) + 20층 313㎡(30.7×10.2m) + 20층 313㎡(30.7×10.2m) + 20층 313㎡(30.7×10.2m) + 20층 313㎡(30.7×10.2m) + 20층 313㎡(30.7×10.2m)
6개동,6개동,20+20+20+20+20+20,20,70.0,191,2,37580,400.0,15182,52762,2120,22.57,0.245,4.0,0.37,6,3.508,11.19,20층 313㎡(28.0×11.2m) + 20층 313㎡(28.0×11.2m) + 20층 313㎡(28.0×11.2m) + 20층 313㎡(28.0×11.2m) + 20층 313㎡(28.0×11.2m) + 20층 313㎡(28.0×11.2m)
6개동,6개동,20+20+20+20+20+20,20,70.0,191,2,37580,400.0,15793,53373,2130,22.67,0.212,4.0,0.17,6,3.482,10.22,20층 313㎡(30.7×10.2m) + 20층 313㎡(30.7×10.2m) + 20층 313㎡(30.7×10.2m) + 20층 313㎡(30.7×10.2m) + 20층 313㎡(30.7×10.2m) + 20층 313㎡(30.7×10.2m)
2개동,2개동,20+20,20,70.0,192,7,37580,400.0,8854,46434,2023,21.53,0.156,13.5,3.39,2,3.667,17.7,20층 940㎡(53.1×17.7m) + 20층 940㎡(53.1×17.7m)
5개동,5개동,20+20+20+20+20,20,70.0,192,21,37580,400.0,15439,53019,2126,22.63,0.252,6.0,0.17,5,3.601,9.69,20층 376㎡(38.8×9.7m) + 20층 376㎡(38.8×9.7m) + 20층 376㎡(38.8×9.7m) + 20층 376㎡(38.8×9.7m) + 20층 376㎡(38.8×9.7m)
5개동,5개동,20+20+20+20+20,20,70.0,192,15,37580,400.0,14331,51911,2108,22.44,0.198,6.0,0.17,5,3.585,11.19,20층 376㎡(33.6×11.2m) + 20층 376㎡(33.6×11.2m) + 20층 376㎡(33.6×11.2m) + 20층 376㎡(33.6×11.2m) + 20층 376㎡(33.6×11.2m)
6개동,6개동,20+20+20+20+20+20,20,70.0,192,17,37580,400.0,17007,54587,2150,22.89,0.215,4.3,0.12,6,3.58,8.85,20층 313㎡(35.4×8.8m) + 20층 313㎡(35.4×8.8m) + 20층 313㎡(35.4×8.8m) + 20층 313㎡(35.4×8.8m) + 20층 313㎡(35.4×8.8m) + 20층 313㎡(35.4×8.8m)
5개동,5개동,20+20+20+20+20,20,70.0,192,8,37580,400.0,16505,54085,2144,22.82,0.203,9.0,0.26,5,3.577,8.67,20층 376㎡(43.3×8.7m) + 20층 376㎡(43.3×8.7m) + 20층 376㎡(43.3×8.7m) + 20층 376㎡(43.3×8.7m) + 20층 376㎡(43.3×8.7m)
4개동,4개동,20+20+20+20,20,70.0,192,8,37580,400.0,14678,52258,2116,22.52,0.276,4.0,0.12,4,3.571,9.69,20층 470㎡(48.5×9.7m) + 20층 470㎡(48.5×9.7m) + 20층 470㎡(48.5×9.7m) + 20층 470㎡(48.5×9.7m)
5개동,5개동,20+20+20+20+20,20,70.0,192,3,37580,400.0,14331,51911,2108,22.44,0.113,9.0,0.26,5,3.557,11.19,20층 376㎡(33.6×11.2m) + 20층 376㎡(33.6×11.2m) + 20층 376㎡(33.6×11.2m) + 20층 376㎡(33.6×11.2m) + 20층 376㎡(33.6×11.2m)
6개동,6개동,20+20+20+20+20+20,20,70.0,192,7,37580,400.0,17007,54587,2150,22.89,0.154,6.0,0.17,6,3.543,8.85,20층 313㎡(35.4×8.8m) + 20층 313㎡(35.4×8.8m) + 20층 313㎡(35.4×8.8m) + 20층 313㎡(35.4×8.8m) + 20층 313㎡(35.4×8.8m) + 20층 313㎡(35.4×8.8m)
4개동,4개동,20+20+20+20,20,70.0,192,4,37580,400.0,14678,52258,2116,22.52,0.33,4.0,0.11,4,3.517,9.69,20층 470㎡(48.5×9.7m) + 20층 470㎡(48.5×9.7m) + 20층 470㎡(48.5×9.7m) + 20층 470㎡(48.5×9.7m)
4개동,4개동,20+20+20+20,20,70.0,192,4,37580,400.0,14678,52258,2116,22.52,0.301,4.0,0.26,4,3.509,9.69,20층 470㎡(48.5×9.7m) + 20층 470㎡(48.5×9.7m) + 20층 470㎡(48.5×9.7m) + 20층 470㎡(48.5×9.7m)
6개동,6개동,20+20+20+20+20+20,20,70.0,192,3,37580,400.0,15182,52762,2120,22.57,0.251,4.0,0.37,6,3.509,11.19,20층 313㎡(28.0×11.2m) + 20층 313㎡(28.0×11.2m) + 20층 313㎡(28.0×11.2m) + 20층 313㎡(28.0×11.2m) + 20층 313㎡(28.0×11.2m) + 20층 313㎡(28.0×11.2m)
6개동,6개동,20+20+20+20+20+20,20,70.0,192,0,37580,400.0,15793,53373,2130,22.67,0.19,4.0,0.26,6,3.466,10.22,20층 313㎡(30.7×10.2m) + 20층 313㎡(30.7×10.2m) + 20층 313㎡(30.7×10.2m) + 20층 313㎡(30.7×10.2m) + 20층 313㎡(30.7×10.2m) + 20층 313㎡(30.7×10.2m)
6개동,6개동,20+20+20+20+20+20,20,70.0,192,4,37580,400.0,15182,52762,2120,22.57,0.113,4.0,0.54,6,3.461,11.19,20층 313㎡(28.0×11.2m) + 20층 313㎡(28.0×11.2m) + 20층 313㎡(28.0×11.2m) + 20층 313㎡(28.0×11.2m) + 20층 313㎡(28.0×11.2m) + 20층 313㎡(28.0×11.2m)
3개동,3개동,20+20+20,20,70.0,193,10,37580,400.0,9735,47315,2035,21.66,0.225,4.3,1.07,3,3.676,20.43,20층 626㎡(30.7×20.4m) + 20층 626㎡(30.7×20.4m) + 20층 626㎡(30.7×20.4m)
2개동,2개동,20+20,20,70.0,193,11,37580,400.0,7868,45448,2006,21.35,0.169,28.0,7.0,2,3.657,25.03,20층 940㎡(37.5×25.0m) + 20층 940㎡(37.5×25.0m)
4개동,4개동,20+20+20+20,20,70.0,193,13,37580,400.0,13724,51304,2100,22.35,0.202,13.0,0.37,4,3.587,10.84,20층 470㎡(43.3×10.8m) + 20층 470㎡(43.3×10.8m) + 20층 470㎡(43.3×10.8m) + 20층 470㎡(43.3×10.8m)
5개동,5개동,20+20+20+20+20,20,70.0,193,9,37580,400.0,13237,50817,2090,22.24,0.157,4.3,0.12,5,3.566,13.71,20층 376㎡(27.4×13.7m) + 20층 376㎡(27.4×13.7m) + 20층 376㎡(27.4×13.7m) + 20층 376㎡(27.4×13.7m) + 20층 376㎡(27.4×13.7m)
5개동,5개동,20+20+20+20+20,20,70.0,193,9,37580,400.0,13774,51354,2099,22.34,0.16,6.0,0.17,5,3.564,12.26,20층 376㎡(30.7×12.3m) + 20층 376㎡(30.7×12.3m) + 20층 376㎡(30.7×12.3m) + 20층 376㎡(30.7×12.3m) + 20층 376㎡(30.7×12.3m)
5개동,5개동,20+20+20+20+20,20,70.0,193,13,37580,400.0,16505,54085,2144,22.82,0.202,9.0,0.26,5,3.56,8.67,20층 376㎡(43.3×8.7m) + 20층 376㎡(43.3×8.7m) + 20층 376㎡(43.3×8.7m) + 20층 376㎡(43.3×8.7m) + 20층 376㎡(43.3×8.7m)
3개동,3개동,20+20+20,20,70.0,193,9,37580,400.0,9735,47315,2035,21.66,0.293,4.3,1.08,3,3.557,20.43,20층 626㎡(30.7×20.4m) + 20층 626㎡(30.7×20.4m) + 20층 626㎡(30.7×20.4m)
6개동,6개동,20+20+20+20+20+20,20,70.0,193,6,37580,400.0,15182,52762,2120,22.57,0.224,4.0,0.26,6,3.557,11.19,20층 313㎡(28.0×11.2m) + 20층 313㎡(28.0×11.2m) + 20층 313㎡(28.0×11.2m) + 20층 313㎡(28.0×11.2m) + 20층 313㎡(28.0×11.2m) + 20층 313㎡(28.0×11.2m)
6개동,6개동,20+20+20+20+20+20,20,70.0,193,5,37580,400.0,15182,52762,2120,22.57,0.166,4.0,0.37,6,3.555,11.19,20층 313㎡(28.0×11.2m) + 20층 313㎡(28.0×11.2m) + 20층 313㎡(28.0×11.2m) + 20층 313㎡(28.0×11.2m) + 20층 313㎡(28.0×11.2m) + 20층 313㎡(28.0×11.2m)
6개동,6개동,20+20+20+20+20+20,20,70.0,193,4,37580,400.0,15793,53373,2130,22.67,0.096,6.0,0.17,6,3.535,10.22,20층 313㎡(30.7×10.2m) + 20층 313㎡(30.7×10.2m) + 20층 313㎡(30.7×10.2m) + 20층 313㎡(30.7×10.2m) + 20층 313㎡(30.7×10.2m) + 20층 313㎡(30.7×10.2m)
6개동,6개동,20+20+20+20+20+20,20,70.0,193,5,37580,400.0,14594,52174,2110,22.46,0.058,4.3,0.12,6,3.522,12.51,20층 313㎡(25.0×12.5m) + 20층 313㎡(25.0×12.5m) + 20층 313㎡(25.0×12.5m) + 20층 313㎡(25.0×12.5m) + 20층 313㎡(25.0×12.5m) + 20층 313㎡(25.0×12.5m)
6개동,6개동,20+20+20+20+20+20,20,70.0,193,9,37580,400.0,14594,52174,2110,22.46,0.12,4.0,0.8,6,3.507,12.51,20층 313㎡(25.0×12.5m) + 20층 313㎡(25.0×12.5m) + 20층 313㎡(25.0×12.5m) + 20층 313㎡(25.0×12.5m) + 20층 313㎡(25.0×12.5m) + 20층 313㎡(25.0×12.5m)
4개동,4개동,20+20+20+20,20,70.0,193,5,37580,400.0,13724,51304,2100,22.35,0.058,4.0,0.8,4,3.459,10.84,20층 470㎡(43.3×10.8m) + 20층 470㎡(43.3×10.8m) + 20층 470㎡(43.3×10.8m) + 20층 470㎡(43.3×10.8m)
2개동,2개동,20+20,20,70.0,194,11,37580,400.0,8502,46082,2017,21.47,0.092,8.7,2.18,2,3.692,19.39,20층 940㎡(48.5×19.4m) + 20층 940㎡(48.5×19.4m)
3개동,3개동,20+20+20,20,70.0,194,8,37580,400.0,9735,47315,2035,21.66,0.103,19.0,0.54,3,3.646,20.43,20층 626㎡(30.7×20.4m) + 20층 626㎡(30.7×20.4m) + 20층 626㎡(30.7×20.4m)
4개동,4개동,20+20+20+20,20,70.0,194,9,37580,400.0,14678,52258,2116,22.52,0.184,4.0,0.12,4,3.628,9.69,20층 470㎡(48.5×9.7m) + 20층 470㎡(48.5×9.7m) + 20층 470㎡(48.5×9.7m) + 20층 470㎡(48.5×9.7m)
4개동,4개동,20+20+20+20,20,70.0,194,8,37580,400.0,14678,52258,2116,22.52,0.172,4.0,0.17,4,3.618,9.69,20층 470㎡(48.5×9.7m) + 20층 470㎡(48.5×9.7m) + 20층 470㎡(48.5×9.7m) + 20층 470㎡(48.5×9.7m)
4개동,4개동,20+20+20+20,20,70.0,194,11,37580,400.0,13724,51304,2100,22.35,0.121,4.0,0.37,4,3.615,10.84,20층 470㎡(43.3×10.8m) + 20층 470㎡(43.3×10.8m) + 20층 470㎡(43.3×10.8m) + 20층 470㎡(43.3×10.8m)
4개동,4개동,20+20+20+20,20,70.0,194,8,37580,400.0,13724,51304,2100,22.35,0.078,4.0,0.54,4,3.592,10.84,20층 470㎡(43.3×10.8m) + 20층 470㎡(43.3×10.8m) + 20층 470㎡(43.3×10.8m) + 20층 470㎡(43.3×10.8m)
4개동,4개동,20+20+20+20,20,70.0,194,9,37580,400.0,14678,52258,2116,22.52,0.245,4.0,0.11,4,3.588,9.69,20층 470㎡(48.5×9.7m) + 20층 470㎡(48.5×9.7m) + 20층 470㎡(48.5×9.7m) + 20층 470㎡(48.5×9.7m)
4개동,4개동,20+20+20+20,20,70.0,194,7,37580,400.0,14678,52258,2116,22.52,0.211,4.0,0.26,4,3.561,9.69,20층 470㎡(48.5×9.7m) + 20층 470㎡(48.5×9.7m) + 20층 470㎡(48.5×9.7m) + 20층 470㎡(48.5×9.7m)
5개동,5개동,20+20+20+20+20,20,70.0,194,7,37580,400.0,15439,53019,2126,22.63,0.166,9.0,0.26,5,3.556,9.69,20층 376㎡(38.8×9.7m) + 20층 376㎡(38.8×9.7m) + 20층 376㎡(38.8×9.7m) + 20층 376㎡(38.8×9.7m) + 20층 376㎡(38.8×9.7m)
5개동,5개동,20+20+20+20+20,20,70.0,194,10,37580,400.0,15439,53019,2126,22.63,0.166,9.0,0.26,5,3.553,9.69,20층 376㎡(38.8×9.7m) + 20층 376㎡(38.8×9.7m) + 20층 376㎡(38.8×9.7m) + 20층 376㎡(38.8×9.7m) + 20층 376㎡(38.8×9.7m)
5개동,5개동,20+20+20+20+20,20,70.0,194,9,37580,400.0,13237,50817,2090,22.24,0.108,6.0,0.17,5,3.552,13.71,20층 376㎡(27.4×13.7m) + 20층 376㎡(27.4×13.7m) + 20층 376㎡(27.4×13.7m) + 20층 376㎡(27.4×13.7m) + 20층 376㎡(27.4×13.7m)
6개동,6개동,20+20+20+20+20+20,20,70.0,194,7,37580,400.0,15793,53373,2130,22.67,0.255,4.0,0.17,6,3.548,10.22,20층 313㎡(30.7×10.2m) + 20층 313㎡(30.7×10.2m) + 20층 313㎡(30.7×10.2m) + 20층 313㎡(30.7×10.2m) + 20층 313㎡(30.7×10.2m) + 20층 313㎡(30.7×10.2m)
6개동,6개동,20+20+20+20+20+20,20,70.0,194,9,37580,400.0,17007,54587,2150,22.89,0.154,6.0,0.17,6,3.535,8.85,20층 313㎡(35.4×8.8m) + 20층 313㎡(35.4×8.8m) + 20층 313㎡(35.4×8.8m) + 20층 313㎡(35.4×8.8m) + 20층 313㎡(35.4×8.8m) + 20층 313㎡(35.4×8.8m)
6개동,6개동,20+20+20+20+20+20,20,70.0,194,3,37580,400.0,15793,53373,2130,22.67,0.287,4.0,0.26,6,3.49,10.22,20층 313㎡(30.7×10.2m) + 20층 313㎡(30.7×10.2m) + 20층 313㎡(30.7×10.2m) + 20층 313㎡(30.7×10.2m) + 20층 313㎡(30.7×10.2m) + 20층 313㎡(30.7×10.2m)
6개동,6개동,20+20+20+20+20+20,20,70.0,194,3,37580,400.0,15793,53373,2130,22.67,0.293,4.0,0.26,6,3.49,10.22,20층 313㎡(30.7×10.2m) + 20층 313㎡(30.7×10.2m) + 20층 313㎡(30.7×10.2m) + 20층 313㎡(30.7×10.2m) + 20층 313㎡(30.7×10.2m) + 20층 313㎡(30.7×10.2m)
6개동,6개동,20+20+20+20+20+20,20,70.0,194,2,37580,400.0,15182,52762,2120,22.57,0.208,4.0,0.54,6,3.488,11.19,20층 313㎡(28.0×11.2m) + 20층 313㎡(28.0×11.2m) + 20층 313㎡(28.0×11.2m) + 20층 313㎡(28.0×11.2m) + 20층 313㎡(28.0×11.2m) + 20층 313㎡(28.0×11.2m)
6개동,6개동,20+20+20+20+20+20,20,70.0,194,2,37580,400.0,15182,52762,2120,22.57,0.203,4.0,0.54,6,3.485,11.19,20층 313㎡(28.0×11.2m) + 20층 313㎡(28.0×11.2m) + 20층 313㎡(28.0×11.2m) + 20층 313㎡(28.0×11.2m) + 20층 313㎡(28.0×11.2m) + 20층 313㎡(28.0×11.2m)
2개동,2개동,20+20,20,70.0,195,4,37580,400.0,7868,45448,2006,21.35,0.098,28.3,7.07,2,3.681,25.03,20층 940㎡(37.5×25.0m) + 20층 940㎡(37.5×25.0m)
4개동,4개동,20+20+20+20,20,70.0,195,8,37580,400.0,14678,52258,2116,22.52,0.183,4.0,0.11,4,3.625,9.69,20층 470㎡(48.5×9.7m) + 20층 470㎡(48.5×9.7m) + 20층 470㎡(48.5×9.7m) + 20층 470㎡(48.5×9.7m)
3개동,3개동,20+20+20,20,70.0,195,9,37580,400.0,9735,47315,2035,21.66,0.201,4.3,1.08,3,3.618,20.43,20층 626㎡(30.7×20.4m) + 20층 626㎡(30.7×20.4m) + 20층 626㎡(30.7×20.4m)
3개동,3개동,20+20+20,20,70.0,195,9,37580,400.0,9735,47315,2035,21.66,0.233,4.3,1.08,3,3.595,20.43,20층 626㎡(30.7×20.4m) + 20층 626㎡(30.7×20.4m) + 20층 626㎡(30.7×20.4m)
6개동,6개동,20+20+20+20+20+20,20,70.0,195,9,37580,400.0,15793,53373,2130,22.67,0.235,4.0,0.12,6,3.577,10.22,20층 313㎡(30.7×10.2m) + 20층 313㎡(30.7×10.2m) + 20층 313㎡(30.7×10.2m) + 20층 313㎡(30.7×10.2m) + 20층 313㎡(30.7×10.2m) + 20층 313㎡(30.7×10.2m)
5개동,5개동,20+20+20+20+20,20,70.0,195,0,37580,400.0,13774,51354,2099,22.34,0.074,9.0,0.26,5,3.575,12.26,20층 376㎡(30.7×12.3m) + 20층 376㎡(30.7×12.3m) + 20층 376㎡(30.7×12.3m) + 20층 376㎡(30.7×12.3m) + 20층 376㎡(30.7×12.3m)
5개동,5개동,20+20+20+20+20,20,70.0,195,9,37580,400.0,13237,50817,2090,22.24,0.108,6.0,0.17,5,3.544,13.71,20층 376㎡(27.4×13.7m) + 20층 376㎡(27.4×13.7m) + 20층 376㎡(27.4×13.7m) + 20층 376㎡(27.4×13.7m) + 20층 376㎡(27.4×13.7m)
5개동,5개동,20+20+20+20+20,20,70.0,195,7,37580,400.0,14331,51911,2108,22.44,0.112,9.0,0.26,5,3.543,11.19,20층 376㎡(33.6×11.2m) + 20층 376㎡(33.6×11.2m) + 20층 376㎡(33.6×11.2m) + 20층 376㎡(33.6×11.2m) + 20층 376㎡(33.6×11.2m)
6개동,6개동,20+20+20+20+20+20,20,70.0,195,9,37580,400.0,15182,52762,2120,22.57,0.115,4.3,0.12,6,3.533,11.19,20층 313㎡(28.0×11.2m) + 20층 313㎡(28.0×11.2m) + 20층 313㎡(28.0×11.2m) + 20층 313㎡(28.0×11.2m) + 20층 313㎡(28.0×11.2m) + 20층 313㎡(28.0×11.2m)
2개동,2개동,20+20,20,70.0,195,9,37580,400.0,8854,46434,2023,21.53,0.313,4.3,1.08,2,3.532,17.7,20층 940㎡(53.1×17.7m) + 20층 940㎡(53.1×17.7m)
5개동,5개동,20+20+20+20+20,20,70.0,195,9,37580,400.0,12771,50351,2082,22.16,0.081,4.3,0.12,5,3.532,15.83,20층 376㎡(23.7×15.8m) + 20층 376㎡(23.7×15.8m) + 20층 376㎡(23.7×15.8m) + 20층 376㎡(23.7×15.8m) + 20층 376㎡(23.7×15.8m)
6개동,6개동,20+20+20+20+20+20,20,70.0,195,7,37580,400.0,14594,52174,2110,22.46,0.075,4.0,0.8,6,3.529,12.51,20층 313㎡(25.0×12.5m) + 20층 313㎡(25.0×12.5m) + 20층 313㎡(25.0×12.5m) + 20층 313㎡(25.0×12.5m) + 20층 313㎡(25.0×12.5m) + 20층 313㎡(25.0×12.5m)
2개동,2개동,20+20,20,70.0,195,1,37580,400.0,8854,46434,2023,21.53,0.176,10.9,0.31,2,3.526,17.7,20층 940㎡(53.1×17.7m) + 20층 940㎡(53.1×17.7m)
2개동,2개동,20+20,20,70.0,195,0,37580,400.0,8854,46434,2023,21.53,0.174,10.9,0.31,2,3.515,17.7,20층 940㎡(53.1×17.7m) + 20층 940㎡(53.1×17.7m)
4개동,4개동,20+20+20+20,20,70.0,195,4,37580,400.0,15585,53165,2131,22.68,0.34,4.0,0.12,4,3.49,8.85,20층 470㎡(53.1×8.8m) + 20층 470㎡(53.1×8.8m) + 20층 470㎡(53.1×8.8m) + 20층 470㎡(53.1×8.8m)
6개동,6개동,20+20+20+20+20+20,20,70.0,196,9,37580,400.0,15793,53373,2130,22.67,0.223,4.0,0.17,6,3.564,10.22,20층 313㎡(30.7×10.2m) + 20층 313㎡(30.7×10.2m) + 20층 313㎡(30.7×10.2m) + 20층 313㎡(30.7×10.2m) + 20층 313㎡(30.7×10.2m) + 20층 313㎡(30.7×10.2m)
6개동,6개동,20+20+20+20+20+20,20,70.0,196,7,37580,400.0,15182,52762,2120,22.57,0.067,4.0,0.54,6,3.56,11.19,20층 313㎡(28.0×11.2m) + 20층 313㎡(28.0×11.2m) + 20층 313㎡(28.0×11.2m) + 20층 313㎡(28.0×11.2m) + 20층 313㎡(28.0×11.2m) + 20층 313㎡(28.0×11.2m)
3개동,3개동,20+20+20,20,70.0,196,9,37580,400.0,9735,47315,2035,21.66,0.207,4.3,1.08,3,3.552,20.43,20층 626㎡(30.7×20.4m) + 20층 626㎡(30.7×20.4m) + 20층 626㎡(30.7×20.4m)
5개동,5개동,20+20+20+20+20,20,70.0,196,9,37580,400.0,14331,51911,2108,22.44,0.112,9.0,0.26,5,3.539,11.19,20층 376㎡(33.6×11.2m) + 20층 376㎡(33.6×11.2m) + 20층 376㎡(33.6×11.2m) + 20층 376㎡(33.6×11.2m) + 20층 376㎡(33.6×11.2m)
4개동,4개동,20+20+20+20,20,70.0,196,6,37580,400.0,14678,52258,2116,22.52,0.182,4.0,0.37,4,3.538,9.69,20층 470㎡(48.5×9.7m) + 20층 470㎡(48.5×9.7m) + 20층 470㎡(48.5×9.7m) + 20층 470㎡(48.5×9.7m)
6개동,6개동,20+20+20+20+20+20,20,70.0,196,2,37580,400.0,15793,53373,2130,22.67,0.259,4.0,0.37,6,3.468,10.22,20층 313㎡(30.7×10.2m) + 20층 313㎡(30.7×10.2m) + 20층 313㎡(30.7×10.2m) + 20층 313㎡(30.7×10.2m) + 20층 313㎡(30.7×10.2m) + 20층 313㎡(30.7×10.2m)
3개동,3개동,20+20+20,20,70.0,197,7,37580,400.0,9735,47315,2035,21.66,0.059,5.5,1.36,3,3.718,20.43,20층 626㎡(30.7×20.4m) + 20층 626㎡(30.7×20.4m) + 20층 626㎡(30.7×20.4m)
2개동,2개동,20+20,20,70.0,197,9,37580,400.0,10871,48451,2056,21.89,0.082,33.7,0.96,2,3.608,12.51,20층 940㎡(75.1×12.5m) + 20층 940㎡(75.1×12.5m)
5개동,5개동,20+20+20+20+20,20,70.0,197,3,37580,400.0,13774,51354,2099,22.34,0.074,9.0,0.26,5,3.542,12.26,20층 376㎡(30.7×12.3m) + 20층 376㎡(30.7×12.3m) + 20층 376㎡(30.7×12.3m) + 20층 376㎡(30.7×12.3m) + 20층 376㎡(30.7×12.3m)
5개동,5개동,20+20+20+20+20,20,70.0,197,9,37580,400.0,12771,50351,2082,22.16,0.081,4.3,0.12,5,3.53,15.83,20층 376㎡(23.7×15.8m) + 20층 376㎡(23.7×15.8m) + 20층 376㎡(23.7×15.8m) + 20층 376㎡(23.7×15.8m) + 20층 376㎡(23.7×15.8m)
6개동,6개동,20+20+20+20+20+20,20,70.0,197,5,37580,400.0,15793,53373,2130,22.67,0.234,4.0,0.26,6,3.525,10.22,20층 313㎡(30.7×10.2m) + 20층 313㎡(30.7×10.2m) + 20층 313㎡(30.7×10.2m) + 20층 313㎡(30.7×10.2m) + 20층 313㎡(30.7×10.2m) + 20층 313㎡(30.7×10.2m)
6개동,6개동,20+20+20+20+20+20,20,70.0,197,1,37580,400.0,15182,52762,2120,22.57,0.088,4.0,0.8,6,3.484,11.19,20층 313㎡(28.0×11.2m) + 20층 313㎡(28.0×11.2m) + 20층 313㎡(28.0×11.2m) + 20층 313㎡(28.0×11.2m) + 20층 313㎡(28.0×11.2m) + 20층 313㎡(28.0×11.2m)
6개동,6개동,20+20+20+20+20+20,20,70.0,197,2,37580,400.0,15793,53373,2130,22.67,0.265,4.0,0.37,6,3.47,10.22,20층 313㎡(30.7×10.2m) + 20층 313㎡(30.7×10.2m) + 20층 313㎡(30.7×10.2m) + 20층 313㎡(30.7×10.2m) + 20층 313㎡(30.7×10.2m) + 20층 313㎡(30.7×10.2m)
3개동,3개동,20+20+20,20,70.0,198,1,37580,400.0,12628,50208,2083,22.18,0.172,28.0,0.8,3,3.649,11.19,20층 626㎡(56.0×11.2m) + 20층 626㎡(56.0×11.2m) + 20층 626㎡(56.0×11.2m)
6개동,6개동,20+20+20+20+20+20,20,70.0,198,8,37580,400.0,15793,53373,2130,22.67,0.096,6.0,0.17,6,3.52,10.22,20층 313㎡(30.7×10.2m) + 20층 313㎡(30.7×10.2m) + 20층 313㎡(30.7×10.2m) + 20층 313㎡(30.7×10.2m) + 20층 313㎡(30.7×10.2m) + 20층 313㎡(30.7×10.2m)
4개동,4개동,20+20+20+20,20,70.0,198,3,37580,400.0,14678,52258,2116,22.52,0.171,4.0,0.54,4,3.491,9.69,20층 470㎡(48.5×9.7m) + 20층 470㎡(48.5×9.7m) + 20층 470㎡(48.5×9.7m) + 20층 470㎡(48.5×9.7m)
6개동,6개동,20+20+20+20+20+20,20,70.0,198,0,37580,400.0,15182,52762,2120,22.57,0.144,4.0,0.8,6,3.463,11.19,20층 313㎡(28.0×11.2m) + 20층 313㎡(28.0×11.2m) + 20층 313㎡(28.0×11.2m) + 20층 313㎡(28.0×11.2m) + 20층 313㎡(28.0×11.2m) + 20층 313㎡(28.0×11.2m)
4개동,4개동,20+20+20+20,20,70.0,198,3,37580,400.0,15585,53165,2131,22.68,0.307,4.0,0.26,4,3.46,8.85,20층 470㎡(53.1×8.8m) + 20층 470㎡(53.1×8.8m) + 20층 470㎡(53.1×8.8m) + 20층 470㎡(53.1×8.8m)
4개동,4개동,20+20+20+20,20,70.0,198,2,37580,400.0,14678,52258,2116,22.52,0.229,4.0,0.54,4,3.46,9.69,20층 470㎡(48.5×9.7m) + 20층 470㎡(48.5×9.7m) + 20층 470㎡(48.5×9.7m) + 20층 470㎡(48.5×9.7m)
4개동,4개동,20+20+20+20,20,70.0,198,2,37580,400.0,14678,52258,2116,22.52,0.224,4.0,0.54,4,3.457,9.69,20층 470㎡(48.5×9.7m) + 20층 470㎡(48.5×9.7m) + 20층 470㎡(48.5×9.7m) + 20층 470㎡(48.5×9.7m)
3개동,3개동,20+20+20,20,70.0,198,0,37580,400.0,9735,47315,2035,21.66,0.05,5.5,1.36,3,3.448,20.43,20층 626㎡(30.7×20.4m) + 20층 626㎡(30.7×20.4m) + 20층 626㎡(30.7×20.4m)
6개동,6개동,20+20+20+20+20+20,20,70.0,198,3,37580,400.0,15182,52762,2120,22.57,0.048,4.0,0.8,6,3.425,11.19,20층 313㎡(28.0×11.2m) + 20층 313㎡(28.0×11.2m) + 20층 313㎡(28.0×11.2m) + 20층 313㎡(28.0×11.2m) + 20층 313㎡(28.0×11.2m) + 20층 313㎡(28.0×11.2m)
3개동,3개동,20+20+20,20,70.0,199,1,37580,400.0,10512,48092,2048,21.8,0.073,28.0,0.8,3,3.675,15.83,20층 626㎡(39.6×15.8m) + 20층 626㎡(39.6×15.8m) + 20층 626㎡(39.6×15.8m)
5개동,5개동,20+20+20+20+20,20,70.0,199,8,37580,400.0,13774,51354,2099,22.34,0.074,9.0,0.26,5,3.534,12.26,20층 376㎡(30.7×12.3m) + 20층 376㎡(30.7×12.3m) + 20층 376㎡(30.7×12.3m) + 20층 376㎡(30.7×12.3m) + 20층 376㎡(30.7×12.3m)
6개동,6개동,20+20+20+20+20+20,20,70.0,199,9,37580,400.0,15793,53373,2130,22.67,0.096,6.0,0.17,6,3.517,10.22,20층 313㎡(30.7×10.2m) + 20층 313㎡(30.7×10.2m) + 20층 313㎡(30.7×10.2m) + 20층 313㎡(30.7×10.2m) + 20층 313㎡(30.7×10.2m) + 20층 313㎡(30.7×10.2m)
6개동,6개동,20+20+20+20+20+20,20,70.0,199,2,37580,400.0,15182,52762,2120,22.57,0.059,4.0,0.8,6,3.5,11.19,20층 313㎡(28.0×11.2m) + 20층 313㎡(28.0×11.2m) + 20층 313㎡(28.0×11.2m) + 20층 313㎡(28.0×11.2m) + 20층 313㎡(28.0×11.2m) + 20층 313㎡(28.0×11.2m)
2개동,2개동,20+20,20,70.0,200,9,37580,400.0,10871,48451,2056,21.89,0.071,35.1,1.0,2,3.604,12.51,20층 940㎡(75.1×12.5m) + 20층 940㎡(75.1×12.5m)
4개동,4개동,20+20+20+20,20,70.0,200,0,37580,400.0,13724,51304,2100,22.35,0.074,19.0,0.54,4,3.598,10.84,20층 470㎡(43.3×10.8m) + 20층 470㎡(43.3×10.8m) + 20층 470㎡(43.3×10.8m) + 20층 470㎡(43.3×10.8m)
3개동,3개동,20+20+20,20,70.0,200,9,37580,400.0,9735,47315,2035,21.66,0.146,6.0,1.5,3,3.579,20.43,20층 626㎡(30.7×20.4m) + 20층 626㎡(30.7×20.4m) + 20층 626㎡(30.7×20.4m)
5개동,5개동,20+20+20+20+20,20,70.0,200,0,37580,400.0,16505,54085,2144,22.82,0.088,13.0,0.37,5,3.569,8.67,20층 376㎡(43.3×8.7m) + 20층 376㎡(43.3×8.7m) + 20층 376㎡(43.3×8.7m) + 20층 376㎡(43.3×8.7m) + 20층 376㎡(43.3×8.7m)
6개동,6개동,20+20+20+20+20+20,20,70.0,200,8,37580,400.0,15793,53373,2130,22.67,0.111,4.0,0.37,6,3.559,10.22,20층 313㎡(30.7×10.2m) + 20층 313㎡(30.7×10.2m) + 20층 313㎡(30.7×10.2m) + 20층 313㎡(30.7×10.2m) + 20층 313㎡(30.7×10.2m) + 20층 313㎡(30.7×10.2m)
4개동,4개동,20+20+20+20,20,70.0,200,7,37580,400.0,14678,52258,2116,22.52,0.079,4.0,0.54,4,3.55,9.69,20층 470㎡(48.5×9.7m) + 20층 470㎡(48.5×9.7m) + 20층 470㎡(48.5×9.7m) + 20층 470㎡(48.5×9.7m)
6개동,6개동,20+20+20+20+20+20,20,70.0,200,3,37580,400.0,15793,53373,2130,22.67,0.162,4.0,0.54,6,3.473,10.22,20층 313㎡(30.7×10.2m) + 20층 313㎡(30.7×10.2m) + 20층 313㎡(30.7×10.2m) + 20층 313㎡(30.7×10.2m) + 20층 313㎡(30.7×10.2m) + 20층 313㎡(30.7×10.2m)
5개동,5개동,20+20+20+20+20,20,70.0,201,0,37580,400.0,15439,53019,2126,22.63,0.052,13.0,0.37,5,3.592,9.69,20층 376㎡(38.8×9.7m) + 20층 376㎡(38.8×9.7m) + 20층 376㎡(38.8×9.7m) + 20층 376㎡(38.8×9.7m) + 20층 376㎡(38.8×9.7m)
6개동,6개동,20+20+20+20+20+20,20,70.0,201,0,37580,400.0,15793,53373,2130,22.67,0.216,4.0,0.54,6,3.441,10.22,20층 313㎡(30.7×10.2m) + 20층 313㎡(30.7×10.2m) + 20층 313㎡(30.7×10.2m) + 20층 313㎡(30.7×10.2m) + 20층 313㎡(30.7×10.2m) + 20층 313㎡(30.7×10.2m)
5개동,5개동,20+20+20+20+20,20,70.0,202,0,37580,400.0,15439,53019,2126,22.63,0.052,13.0,0.37,5,3.556,9.69,20층 376㎡(38.8×9.7m) + 20층 376㎡(38.8×9.7m) + 20층 376㎡(38.8×9.7m) + 20층 376㎡(38.8×9.7m) + 20층 376㎡(38.8×9.7m)
5개동,5개동,20+20+20+20+20,20,70.0,202,9,37580,400.0,13774,51354,2099,22.34,0.074,9.0,0.26,5,3.526,12.26,20층 376㎡(30.7×12.3m) + 20층 376㎡(30.7×12.3m) + 20층 376㎡(30.7×12.3m) + 20층 376㎡(30.7×12.3m) + 20층 376㎡(30.7×12.3m)
5개동,5개동,20+20+20+20+20,20,70.0,202,3,37580,400.0,16505,54085,2144,22.82,0.088,13.0,0.37,5,3.511,8.67,20층 376㎡(43.3×8.7m) + 20층 376㎡(43.3×8.7m) + 20층 376㎡(43.3×8.7m) + 20층 376㎡(43.3×8.7m) + 20층 376㎡(43.3×8.7m)
6개동,6개동,20+20+20+20+20+20,20,70.0,202,9,37580,400.0,15182,52762,2120,22.57,0.054,6.0,0.17,6,3.499,11.19,20층 313㎡(28.0×11.2m) + 20층 313㎡(28.0×11.2m) + 20층 313㎡(28.0×11.2m) + 20층 313㎡(28.0×11.2m) + 20층 313㎡(28.0×11.2m) + 20층 313㎡(28.0×11.2m)
6개동,6개동,20+20+20+20+20+20,20,70.0,202,4,37580,400.0,15793,53373,2130,22.67,0.13,4.0,0.54,6,3.493,10.22,20층 313㎡(30.7×10.2m) + 20층 313㎡(30.7×10.2m) + 20층 313㎡(30.7×10.2m) + 20층 313㎡(30.7×10.2m) + 20층 313㎡(30.7×10.2m) + 20층 313㎡(30.7×10.2m)
4개동,4개동,20+20+20+20,20,70.0,202,1,37580,400.0,15585,53165,2131,22.68,0.284,4.0,0.37,4,3.442,8.85,20층 470㎡(53.1×8.8m) + 20층 470㎡(53.1×8.8m) + 20층 470㎡(53.1×8.8m) + 20층 470㎡(53.1×8.8m)
6개동,6개동,20+20+20+20+20+20,20,70.0,202,0,37580,400.0,15793,53373,2130,22.67,0.054,4.0,0.8,6,3.385,10.22,20층 313㎡(30.7×10.2m) + 20층 313㎡(30.7×10.2m) + 20층 313㎡(30.7×10.2m) + 20층 313㎡(30.7×10.2m) + 20층 313㎡(30.7×10.2m) + 20층 313㎡(30.7×10.2m)
5개동,5개동,20+20+20+20+20,20,70.0,203,0,37580,400.0,16505,54085,2144,22.82,0.088,13.0,0.37,5,3.528,8.67,20층 376㎡(43.3×8.7m) + 20층 376㎡(43.3×8.7m) + 20층 376㎡(43.3×8.7m) + 20층 376㎡(43.3×8.7m) + 20층 376㎡(43.3×8.7m)
6개동,6개동,20+20+20+20+20+20,20,70.0,203,1,37580,400.0,17007,54587,2150,22.89,0.047,9.0,0.26,6,3.505,8.85,20층 313㎡(35.4×8.8m) + 20층 313㎡(35.4×8.8m) + 20층 313㎡(35.4×8.8m) + 20층 313㎡(35.4×8.8m) + 20층 313㎡(35.4×8.8m) + 20층 313㎡(35.4×8.8m)
4개동,4개동,20+20+20+20,20,70.0,203,1,37580,400.0,15585,53165,2131,22.68,0.278,4.0,0.37,4,3.438,8.85,20층 470㎡(53.1×8.8m) + 20층 470㎡(53.1×8.8m) + 20층 470㎡(53.1×8.8m) + 20층 470㎡(53.1×8.8m)
4개동,4개동,20+20+20+20,20,70.0,204,0,37580,400.0,13724,51304,2100,22.35,0.074,19.0,0.54,4,3.572,10.84,20층 470㎡(43.3×10.8m) + 20층 470㎡(43.3×10.8m) + 20층 470㎡(43.3×10.8m) + 20층 470㎡(43.3×10.8m)
4개동,4개동,20+20+20+20,20,70.0,204,8,37580,400.0,13724,51304,2100,22.35,0.074,19.0,0.54,4,3.548,10.84,20층 470㎡(43.3×10.8m) + 20층 470㎡(43.3×10.8m) + 20층 470㎡(43.3×10.8m) + 20층 470㎡(43.3×10.8m)
5개동,5개동,20+20+20+20+20,20,70.0,204,0,37580,400.0,16505,54085,2144,22.82,0.088,13.0,0.37,5,3.548,8.67,20층 376㎡(43.3×8.7m) + 20층 376㎡(43.3×8.7m) + 20층 376㎡(43.3×8.7m) + 20층 376㎡(43.3×8.7m) + 20층 376㎡(43.3×8.7m)
5개동,5개동,20+20+20+20+20,20,70.0,204,9,37580,400.0,15439,53019,2126,22.63,0.052,13.0,0.37,5,3.503,9.69,20층 376㎡(38.8×9.7m) + 20층 376㎡(38.8×9.7m) + 20층 376㎡(38.8×9.7m) + 20층 376㎡(38.8×9.7m) + 20층 376㎡(38.8×9.7m)
6개동,6개동,20+20+20+20+20+20,20,70.0,204,9,37580,400.0,17007,54587,2150,22.89,0.047,9.0,0.26,6,3.477,8.85,20층 313㎡(35.4×8.8m) + 20층 313㎡(35.4×8.8m) + 20층 313㎡(35.4×8.8m) + 20층 313㎡(35.4×8.8m) + 20층 313㎡(35.4×8.8m) + 20층 313㎡(35.4×8.8m)
6개동,6개동,20+20+20+20+20+20,20,70.0,204,0,37580,400.0,15793,53373,2130,22.67,0.152,4.0,0.8,6,3.415,10.22,20층 313㎡(30.7×10.2m) + 20층 313㎡(30.7×10.2m) + 20층 313㎡(30.7×10.2m) + 20층 313㎡(30.7×10.2m) + 20층 313㎡(30.7×10.2m) + 20층 313㎡(30.7×10.2m)
5개동,5개동,20+20+20+20+20,20,70.0,205,4,37580,400.0,15439,53019,2126,22.63,0.052,13.0,0.37,5,3.514,9.69,20층 376㎡(38.8×9.7m) + 20층 376㎡(38.8×9.7m) + 20층 376㎡(38.8×9.7m) + 20층 376㎡(38.8×9.7m) + 20층 376㎡(38.8×9.7m)
5개동,5개동,20+20+20+20+20,20,70.0,206,8,37580,400.0,16505,54085,2144,22.82,0.088,13.0,0.37,5,3.501,8.67,20층 376㎡(43.3×8.7m) + 20층 376㎡(43.3×8.7m) + 20층 376㎡(43.3×8.7m) + 20층 376㎡(43.3×8.7m) + 20층 376㎡(43.3×8.7m)
6개동,6개동,20+20+20+20+20+20,20,70.0,206,1,37580,400.0,15793,53373,2130,22.67,0.066,4.0,0.8,6,3.463,10.22,20층 313㎡(30.7×10.2m) + 20층 313㎡(30.7×10.2m) + 20층 313㎡(30.7×10.2m) + 20층 313㎡(30.7×10.2m) + 20층 313㎡(30.7×10.2m) + 20층 313㎡(30.7×10.2m)
5개동,5개동,20+20+20+20+20,20,70.0,207,0,37580,400.0,15439,53019,2126,22.63,0.052,13.0,0.37,5,3.524,9.69,20층 376㎡(38.8×9.7m) + 20층 376㎡(38.8×9.7m) + 20층 376㎡(38.8×9.7m) + 20층 376㎡(38.8×9.7m) + 20층 376㎡(38.8×9.7m)
6개동,6개동,20+20+20+20+20+20,20,70.0,207,0,37580,400.0,15793,53373,2130,22.67,0.098,4.0,0.8,6,3.443,10.22,20층 313㎡(30.7×10.2m) + 20층 313㎡(30.7×10.2m) + 20층 313㎡(30.7×10.2m) + 20층 313㎡(30.7×10.2m) + 20층 313㎡(30.7×10.2m) + 20층 313㎡(30.7×10.2m)
