{"type": "FeatureCollection", "features": [{"type": "Feature", "geometry": {"type": "Polygon", "coordinates": [[[126.93571782651212, 37.52245556369313], [126.93573301342857, 37.522456843370485], [126.93572926523956, 37.52248506208437], [126.93571407831746, 37.52248378240653], [126.93571782651212, 37.52245556369313]]]}, "properties": {"floor": 2, "z_m": 3.3, "depth_m": 1.35, "type": "서측 픽셀", "area_m2": 4.25}}, {"type": "Feature", "geometry": {"type": "Polygon", "coordinates": [[[126.93572734230088, 37.52242674373149], [126.9357369044298, 37.522427549453724], [126.93573315624374, 37.52245576816787], [126.93572359411125, 37.52245496244532], [126.93572734230088, 37.52242674373149]]]}, "properties": {"floor": 2, "z_m": 3.3, "depth_m": 0.85, "type": "서측 픽셀", "area_m2": 2.68}}, {"type": "Feature", "geometry": {"type": "Polygon", "coordinates": [[[126.93572949952433, 37.5223676819435], [126.93574468642315, 37.52236896161937], [126.93574093824299, 37.52239718033406], [126.9357257513385, 37.52239590065771], [126.93572949952433, 37.5223676819435]]]}, "properties": {"floor": 2, "z_m": 3.3, "depth_m": 1.35, "type": "서측 픽셀", "area_m2": 4.25}}, {"type": "Feature", "geometry": {"type": "Polygon", "coordinates": [[[126.93573901529736, 37.52233886198049], [126.93574857741523, 37.52233966770178], [126.93574482923799, 37.52236788641674], [126.9357352671166, 37.52236708069513], [126.93573901529736, 37.52233886198049]]]}, "properties": {"floor": 2, "z_m": 3.3, "depth_m": 0.85, "type": "서측 픽셀", "area_m2": 2.68}}, {"type": "Feature", "geometry": {"type": "Polygon", "coordinates": [[[126.93574117250898, 37.522279800191406], [126.9357563593902, 37.52228107986577], [126.93575261121886, 37.52230929858125], [126.935737424332, 37.52230801890641], [126.93574117250898, 37.522279800191406]]]}, "properties": {"floor": 2, "z_m": 3.3, "depth_m": 1.35, "type": "서측 픽셀", "area_m2": 4.25}}, {"type": "Feature", "geometry": {"type": "Polygon", "coordinates": [[[126.93575068826634, 37.52225098022699], [126.93576025037308, 37.52225178594735], [126.9357565022047, 37.522280004663095], [126.9357469400944, 37.52227919894244], [126.93575068826634, 37.52225098022699]]]}, "properties": {"floor": 2, "z_m": 3.3, "depth_m": 0.85, "type": "서측 픽셀", "area_m2": 2.68}}, {"type": "Feature", "geometry": {"type": "Polygon", "coordinates": [[[126.9357528454661, 37.522191918436796], [126.9357680323297, 37.52219319810967], [126.93576428416723, 37.52222141682596], [126.93574909729796, 37.5222201371526], [126.9357528454661, 37.522191918436796]]]}, "properties": {"floor": 2, "z_m": 3.3, "depth_m": 1.35, "type": "서측 픽셀", "area_m2": 4.25}}, {"type": "Feature", "geometry": {"type": "Polygon", "coordinates": [[[126.93576236120776, 37.522163098471005], [126.93577192330343, 37.52216390419043], [126.93576817514389, 37.52219212290697], [126.93575861304465, 37.52219131718726], [126.93576236120776, 37.522163098471005]]]}, "properties": {"floor": 2, "z_m": 3.3, "depth_m": 0.85, "type": "서측 픽셀", "area_m2": 2.68}}, {"type": "Feature", "geometry": {"type": "Polygon", "coordinates": [[[126.93576451839569, 37.522104036679714], [126.93577970524169, 37.52210531635108], [126.93577595708804, 37.522133535068164], [126.9357607702364, 37.522132255396315], [126.93576451839569, 37.522104036679714]]]}, "properties": {"floor": 2, "z_m": 3.3, "depth_m": 1.35, "type": "서측 픽셀", "area_m2": 4.25}}, {"type": "Feature", "geometry": {"type": "Polygon", "coordinates": [[[126.93577403412165, 37.52207521671254], [126.93578359620624, 37.522076022431], [126.93577984805553, 37.522104241148355], [126.9357702859674, 37.52210343542957], [126.93577403412165, 37.52207521671254]]]}, "properties": {"floor": 2, "z_m": 3.3, "depth_m": 0.85, "type": "서측 픽셀", "area_m2": 2.68}}, {"type": "Feature", "geometry": {"type": "Polygon", "coordinates": [[[126.93577619129775, 37.52201615492013], [126.93579137812614, 37.52201743459001], [126.93578762998135, 37.52204565330789], [126.93577244314729, 37.52204437363754], [126.93577619129775, 37.52201615492013]]]}, "properties": {"floor": 2, "z_m": 3.3, "depth_m": 1.35, "type": "서측 픽셀", "area_m2": 4.25}}, {"type": "Feature", "geometry": {"type": "Polygon", "coordinates": [[[126.93578570700801, 37.52198733495157], [126.93579526908152, 37.52198814066911], [126.93579152093966, 37.52201635938725], [126.93578195886258, 37.522015553669426], [126.93578570700801, 37.52198733495157]]]}, "properties": {"floor": 2, "z_m": 3.3, "depth_m": 0.85, "type": "서측 픽셀", "area_m2": 2.68}}, {"type": "Feature", "geometry": {"type": "Polygon", "coordinates": [[[126.93593708418919, 37.521999546554284], [126.93594383389035, 37.522000115287504], [126.93587768820974, 37.52249811198847], [126.9358709384642, 37.52249754325148], [126.93593708418919, 37.521999546554284]]]}, "properties": {"floor": 2, "z_m": 3.3, "depth_m": 0.6, "type": "동측 연속", "area_m2": 33.35}}, {"type": "Feature", "geometry": {"type": "Polygon", "coordinates": [[[126.93571687440931, 37.52246273171041], [126.93573206132719, 37.522464011387896], [126.93572831313746, 37.52249223010171], [126.93571312621394, 37.522490950423744], [126.93571687440931, 37.52246273171041]]]}, "properties": {"floor": 3, "z_m": 6.6, "depth_m": 1.35, "type": "서측 픽셀", "area_m2": 4.25}}, {"type": "Feature", "geometry": {"type": "Polygon", "coordinates": [[[126.93572639019933, 37.52243391174889], [126.93573595232918, 37.52243471747121], [126.93573220414241, 37.522462936185285], [126.93572264200901, 37.522462130462664], [126.93572639019933, 37.52243391174889]]]}, "properties": {"floor": 3, "z_m": 6.6, "depth_m": 0.85, "type": "서측 픽셀", "area_m2": 2.68}}, {"type": "Feature", "geometry": {"type": "Polygon", "coordinates": [[[126.93572854742376, 37.522374849961004], [126.935743734324, 37.52237612963698], [126.93573998614313, 37.522404348351614], [126.93572479923722, 37.52240306867513], [126.93572854742376, 37.522374849961004]]]}, "properties": {"floor": 3, "z_m": 6.6, "depth_m": 1.35, "type": "서측 픽셀", "area_m2": 4.25}}, {"type": "Feature", "geometry": {"type": "Polygon", "coordinates": [[[126.93573806319809, 37.52234602999808], [126.93574762531684, 37.52234683571946], [126.93574387713889, 37.52237505443434], [126.93573431501659, 37.52237424871267], [126.93573806319809, 37.52234602999808]]]}, "properties": {"floor": 3, "z_m": 6.6, "depth_m": 0.85, "type": "서측 픽셀", "area_m2": 2.68}}, {"type": "Feature", "geometry": {"type": "Polygon", "coordinates": [[[126.93574022041065, 37.522286968209094], [126.93575540729331, 37.52228824788358], [126.93575165912127, 37.522316466599], [126.93573647223296, 37.52231518692403], [126.93574022041065, 37.522286968209094]]]}, "properties": {"floor": 3, "z_m": 6.6, "depth_m": 1.35, "type": "서측 픽셀", "area_m2": 4.25}}, {"type": "Feature", "geometry": {"type": "Polygon", "coordinates": [[[126.93574973616929, 37.522258148244795], [126.93575929827696, 37.522258953965235], [126.93575555010784, 37.52228717268091], [126.93574598799663, 37.522286366960174], [126.93574973616929, 37.522258148244795]]]}, "properties": {"floor": 3, "z_m": 6.6, "depth_m": 0.85, "type": "서측 픽셀", "area_m2": 2.68}}, {"type": "Feature", "geometry": {"type": "Polygon", "coordinates": [[[126.93575189337004, 37.522199086454705], [126.93576708023507, 37.52220036612769], [126.93576333207184, 37.52222858484391], [126.93574814520117, 37.52222730517043], [126.93575189337004, 37.522199086454705]]]}, "properties": {"floor": 3, "z_m": 6.6, "depth_m": 1.35, "type": "서측 픽셀", "area_m2": 4.25}}, {"type": "Feature", "geometry": {"type": "Polygon", "coordinates": [[[126.93576140911297, 37.52217026648901], [126.93577097120954, 37.5221710722085], [126.93576722304927, 37.52219929092498], [126.93575766094914, 37.52219848520519], [126.93576140911297, 37.52217026648901]]]}, "properties": {"floor": 3, "z_m": 6.6, "depth_m": 0.85, "type": "서측 픽셀", "area_m2": 2.68}}, {"type": "Feature", "geometry": {"type": "Polygon", "coordinates": [[[126.93576356630186, 37.52211120469781], [126.93577875314931, 37.52211248436931], [126.93577500499492, 37.522140703086315], [126.93575981814183, 37.52213942341435], [126.93576356630186, 37.52211120469781]]]}, "properties": {"floor": 3, "z_m": 6.6, "depth_m": 1.35, "type": "서측 픽셀", "area_m2": 4.25}}, {"type": "Feature", "geometry": {"type": "Polygon", "coordinates": [[[126.9357730820291, 37.52208238473075], [126.9357826441146, 37.52208319044929], [126.93577889596315, 37.52211140916657], [126.93576933387413, 37.52211060344772], [126.9357730820291, 37.52208238473075]]]}, "properties": {"floor": 3, "z_m": 6.6, "depth_m": 0.85, "type": "서측 픽셀", "area_m2": 2.68}}, {"type": "Feature", "geometry": {"type": "Polygon", "coordinates": [[[126.93577523920617, 37.52202332293844], [126.935790426036, 37.522024602608425], [126.93578667789048, 37.52205282132625], [126.93577149105498, 37.52205154165577], [126.93577523920617, 37.52202332293844]]]}, "properties": {"floor": 3, "z_m": 6.6, "depth_m": 1.35, "type": "서측 픽셀", "area_m2": 4.25}}, {"type": "Feature", "geometry": {"type": "Polygon", "coordinates": [[[126.93578475491772, 37.52199450296999], [126.93579431699212, 37.52199530868759], [126.93579056884951, 37.52202352740567], [126.93578100677155, 37.52202272168777], [126.93578475491772, 37.52199450296999]]]}, "properties": {"floor": 3, "z_m": 6.6, "depth_m": 0.85, "type": "서측 픽셀", "area_m2": 2.68}}, {"type": "Feature", "geometry": {"type": "Polygon", "coordinates": [[[126.9359361321132, 37.52200671457392], [126.93594288181502, 37.52200728330718], [126.93587673612167, 37.522505280007], [126.9358699863755, 37.52250471126995], [126.9359361321132, 37.52200671457392]]]}, "properties": {"floor": 3, "z_m": 6.6, "depth_m": 0.6, "type": "동측 연속", "area_m2": 33.35}}, {"type": "Feature", "geometry": {"type": "Polygon", "coordinates": [[[126.93572249919366, 37.52246320566527], [126.93573206132719, 37.522464011387896], [126.93572831313746, 37.52249223010171], [126.93571875100037, 37.52249142437878], [126.93572249919366, 37.52246320566527]]]}, "properties": {"floor": 4, "z_m": 9.9, "depth_m": 0.85, "type": "서측 픽셀", "area_m2": 2.68}}, {"type": "Feature", "geometry": {"type": "Polygon", "coordinates": [[[126.93572465642198, 37.52240414387774], [126.93573984332814, 37.52240542355424], [126.93573609514428, 37.52243364226858], [126.93572090823251, 37.52243236259161], [126.93572465642198, 37.52240414387774]]]}, "properties": {"floor": 4, "z_m": 9.9, "depth_m": 1.35, "type": "서측 픽셀", "area_m2": 4.25}}, {"type": "Feature", "geometry": {"type": "Polygon", "coordinates": [[[126.93573417220156, 37.52237532391529], [126.935743734324, 37.52237612963698], [126.93573998614313, 37.522404348351614], [126.93573042401712, 37.52240354262961], [126.93573417220156, 37.52237532391529]]]}, "properties": {"floor": 4, "z_m": 9.9, "depth_m": 0.85, "type": "서측 픽셀", "area_m2": 2.68}}, {"type": "Feature", "geometry": {"type": "Polygon", "coordinates": [[[126.93573632941809, 37.522316262126665], [126.9357515163066, 37.52231754180166], [126.9357477681316, 37.52234576051681], [126.93573258123742, 37.52234448084133], [126.93573632941809, 37.522316262126665]]]}, "properties": {"floor": 4, "z_m": 9.9, "depth_m": 1.35, "type": "서측 픽셀", "area_m2": 4.25}}, {"type": "Feature", "geometry": {"type": "Polygon", "coordinates": [[[126.93574584518194, 37.52228744216284], [126.93575540729331, 37.52228824788358], [126.93575165912127, 37.522316466599], [126.93574209700633, 37.52231566087796], [126.93574584518194, 37.52228744216284]]]}, "properties": {"floor": 4, "z_m": 9.9, "depth_m": 0.85, "type": "서측 픽셀", "area_m2": 2.68}}, {"type": "Feature", "geometry": {"type": "Polygon", "coordinates": [[[126.93574800238663, 37.52222838037311], [126.93576318925754, 37.5222296600466], [126.93575944109138, 37.52225787876255], [126.93574425421482, 37.522256599088585], [126.93574800238663, 37.52222838037311]]]}, "properties": {"floor": 4, "z_m": 9.9, "depth_m": 1.35, "type": "서측 픽셀", "area_m2": 4.25}}, {"type": "Feature", "geometry": {"type": "Polygon", "coordinates": [[[126.93575751813478, 37.522199560407884], [126.93576708023507, 37.52220036612769], [126.93576333207184, 37.52222858484391], [126.93575376996803, 37.52222777912381], [126.93575751813478, 37.522199560407884]]]}, "properties": {"floor": 4, "z_m": 9.9, "depth_m": 0.85, "type": "서측 픽셀", "area_m2": 2.68}}, {"type": "Feature", "geometry": {"type": "Polygon", "coordinates": [[[126.93575967532765, 37.522140498617055], [126.93577486218095, 37.52214177828904], [126.93577111402364, 37.52216999700578], [126.93575592716466, 37.52216871733332], [126.93575967532765, 37.522140498617055]]]}, "properties": {"floor": 4, "z_m": 9.9, "depth_m": 1.35, "type": "서측 픽셀", "area_m2": 4.25}}, {"type": "Feature", "geometry": {"type": "Polygon", "coordinates": [[[126.93576919106012, 37.52211167865045], [126.93577875314931, 37.52211248436931], [126.93577500499492, 37.522140703086315], [126.93576544290218, 37.52213989736716], [126.93576919106012, 37.52211167865045]]]}, "properties": {"floor": 4, "z_m": 9.9, "depth_m": 0.85, "type": "서측 픽셀", "area_m2": 2.68}}, {"type": "Feature", "geometry": {"type": "Polygon", "coordinates": [[[126.93577134824113, 37.5220526168585], [126.93578653507682, 37.522053896529], [126.93578278692834, 37.522082115246555], [126.935767600087, 37.52208083557557], [126.93577134824113, 37.5220526168585]]]}, "properties": {"floor": 4, "z_m": 9.9, "depth_m": 1.35, "type": "서측 픽셀", "area_m2": 4.25}}, {"type": "Feature", "geometry": {"type": "Polygon", "coordinates": [[[126.9357808639579, 37.522023796890515], [126.935790426036, 37.522024602608425], [126.93578667789048, 37.52205282132625], [126.93577711580882, 37.522052015608025], [126.9357808639579, 37.522023796890515]]]}, "properties": {"floor": 4, "z_m": 9.9, "depth_m": 0.85, "type": "서측 픽셀", "area_m2": 2.68}}, {"type": "Feature", "geometry": {"type": "Polygon", "coordinates": [[[126.9359361321132, 37.52200671457392], [126.93594288181502, 37.52200728330718], [126.93587673612167, 37.522505280007], [126.9358699863755, 37.52250471126995], [126.9359361321132, 37.52200671457392]]]}, "properties": {"floor": 4, "z_m": 9.9, "depth_m": 0.6, "type": "동측 연속", "area_m2": 33.35}}, {"type": "Feature", "geometry": {"type": "Polygon", "coordinates": [[[126.93572076541719, 37.52243343779421], [126.93573595232918, 37.52243471747121], [126.93573220414241, 37.522462936185285], [126.93571701722475, 37.52246165650782], [126.93572076541719, 37.52243343779421]]]}, "properties": {"floor": 5, "z_m": 13.2, "depth_m": 1.35, "type": "서측 픽셀", "area_m2": 4.25}}, {"type": "Feature", "geometry": {"type": "Polygon", "coordinates": [[[126.93573028120198, 37.52240461783224], [126.93573984332814, 37.52240542355424], [126.93573609514428, 37.52243364226858], [126.93572653301459, 37.52243283654628], [126.93573028120198, 37.52240461783224]]]}, "properties": {"floor": 5, "z_m": 13.2, "depth_m": 0.85, "type": "서측 픽셀", "area_m2": 2.68}}, {"type": "Feature", "geometry": {"type": "Polygon", "coordinates": [[[126.93573243842245, 37.52234555604397], [126.93574762531684, 37.52234683571946], [126.93574387713889, 37.52237505443434], [126.93572869023886, 37.52237377475838], [126.93573243842245, 37.52234555604397]]]}, "properties": {"floor": 5, "z_m": 13.2, "depth_m": 1.35, "type": "서측 픽셀", "area_m2": 4.25}}, {"type": "Feature", "geometry": {"type": "Polygon", "coordinates": [[[126.93574195419154, 37.522316736080604], [126.9357515163066, 37.52231754180166], [126.9357477681316, 37.52234576051681], [126.93573820601299, 37.52234495479544], [126.93574195419154, 37.522316736080604]]]}, "properties": {"floor": 5, "z_m": 13.2, "depth_m": 0.85, "type": "서측 픽셀", "area_m2": 2.68}}, {"type": "Feature", "geometry": {"type": "Polygon", "coordinates": [[[126.93574411140018, 37.52225767429123], [126.93575929827696, 37.522258953965235], [126.93575555010784, 37.52228717268091], [126.93574036322542, 37.52228589300644], [126.93574411140018, 37.52225767429123]]]}, "properties": {"floor": 5, "z_m": 13.2, "depth_m": 1.35, "type": "서측 픽셀", "area_m2": 4.25}}, {"type": "Feature", "geometry": {"type": "Polygon", "coordinates": [[[126.93575362715357, 37.522228854326485], [126.93576318925754, 37.5222296600466], [126.93575944109138, 37.52225787876255], [126.93574987898384, 37.522257073042134], [126.93575362715357, 37.522228854326485]]]}, "properties": {"floor": 5, "z_m": 13.2, "depth_m": 0.85, "type": "서측 픽셀", "area_m2": 2.68}}, {"type": "Feature", "geometry": {"type": "Polygon", "coordinates": [[[126.93575578435036, 37.52216979253601], [126.93577097120954, 37.5221710722085], [126.93576722304927, 37.52219929092498], [126.93575203618445, 37.522198011252016], [126.93575578435036, 37.52216979253601]]]}, "properties": {"floor": 5, "z_m": 13.2, "depth_m": 1.35, "type": "서측 픽셀", "area_m2": 4.25}}, {"type": "Feature", "geometry": {"type": "Polygon", "coordinates": [[[126.93576530008806, 37.522140972569865], [126.93577486218095, 37.52214177828904], [126.93577111402364, 37.52216999700578], [126.9357615519272, 37.52216919128632], [126.93576530008806, 37.522140972569865]]]}, "properties": {"floor": 5, "z_m": 13.2, "depth_m": 0.85, "type": "서측 픽셀", "area_m2": 2.68}}, {"type": "Feature", "geometry": {"type": "Polygon", "coordinates": [[[126.93576745727303, 37.5220819107783], [126.9357826441146, 37.52208319044929], [126.93577889596315, 37.52211140916657], [126.93576370911595, 37.522110129495104], [126.93576745727303, 37.5220819107783]]]}, "properties": {"floor": 5, "z_m": 13.2, "depth_m": 1.35, "type": "서측 픽셀", "area_m2": 4.25}}, {"type": "Feature", "geometry": {"type": "Polygon", "coordinates": [[[126.93577697299501, 37.52205309081077], [126.93578653507682, 37.522053896529], [126.93578278692834, 37.522082115246555], [126.935773224843, 37.522081309528026], [126.93577697299501, 37.52205309081077]]]}, "properties": {"floor": 5, "z_m": 13.2, "depth_m": 0.85, "type": "서측 픽셀", "area_m2": 2.68}}, {"type": "Feature", "geometry": {"type": "Polygon", "coordinates": [[[126.93577913016816, 37.521994029018096], [126.93579431699212, 37.52199530868759], [126.93579056884951, 37.52202352740567], [126.93577538201991, 37.522022247735684], [126.93577913016816, 37.521994029018096]]]}, "properties": {"floor": 5, "z_m": 13.2, "depth_m": 1.35, "type": "서측 픽셀", "area_m2": 4.25}}, {"type": "Feature", "geometry": {"type": "Polygon", "coordinates": [[[126.9359361321132, 37.52200671457392], [126.93594288181502, 37.52200728330718], [126.93587673612167, 37.522505280007], [126.9358699863755, 37.52250471126995], [126.9359361321132, 37.52200671457392]]]}, "properties": {"floor": 5, "z_m": 13.2, "depth_m": 0.6, "type": "동측 연속", "area_m2": 33.35}}, {"type": "Feature", "geometry": {"type": "Polygon", "coordinates": [[[126.93571687440931, 37.52246273171041], [126.93573206132719, 37.522464011387896], [126.93572831313746, 37.52249223010171], [126.93571312621394, 37.522490950423744], [126.93571687440931, 37.52246273171041]]]}, "properties": {"floor": 6, "z_m": 16.5, "depth_m": 1.35, "type": "서측 픽셀", "area_m2": 4.25}}, {"type": "Feature", "geometry": {"type": "Polygon", "coordinates": [[[126.93572639019933, 37.52243391174889], [126.93573595232918, 37.52243471747121], [126.93573220414241, 37.522462936185285], [126.93572264200901, 37.522462130462664], [126.93572639019933, 37.52243391174889]]]}, "properties": {"floor": 6, "z_m": 16.5, "depth_m": 0.85, "type": "서측 픽셀", "area_m2": 2.68}}, {"type": "Feature", "geometry": {"type": "Polygon", "coordinates": [[[126.93572854742376, 37.522374849961004], [126.935743734324, 37.52237612963698], [126.93573998614313, 37.522404348351614], [126.93572479923722, 37.52240306867513], [126.93572854742376, 37.522374849961004]]]}, "properties": {"floor": 6, "z_m": 16.5, "depth_m": 1.35, "type": "서측 픽셀", "area_m2": 4.25}}, {"type": "Feature", "geometry": {"type": "Polygon", "coordinates": [[[126.93573806319809, 37.52234602999808], [126.93574762531684, 37.52234683571946], [126.93574387713889, 37.52237505443434], [126.93573431501659, 37.52237424871267], [126.93573806319809, 37.52234602999808]]]}, "properties": {"floor": 6, "z_m": 16.5, "depth_m": 0.85, "type": "서측 픽셀", "area_m2": 2.68}}, {"type": "Feature", "geometry": {"type": "Polygon", "coordinates": [[[126.93574022041065, 37.522286968209094], [126.93575540729331, 37.52228824788358], [126.93575165912127, 37.522316466599], [126.93573647223296, 37.52231518692403], [126.93574022041065, 37.522286968209094]]]}, "properties": {"floor": 6, "z_m": 16.5, "depth_m": 1.35, "type": "서측 픽셀", "area_m2": 4.25}}, {"type": "Feature", "geometry": {"type": "Polygon", "coordinates": [[[126.93574973616929, 37.522258148244795], [126.93575929827696, 37.522258953965235], [126.93575555010784, 37.52228717268091], [126.93574598799663, 37.522286366960174], [126.93574973616929, 37.522258148244795]]]}, "properties": {"floor": 6, "z_m": 16.5, "depth_m": 0.85, "type": "서측 픽셀", "area_m2": 2.68}}, {"type": "Feature", "geometry": {"type": "Polygon", "coordinates": [[[126.93575189337004, 37.522199086454705], [126.93576708023507, 37.52220036612769], [126.93576333207184, 37.52222858484391], [126.93574814520117, 37.52222730517043], [126.93575189337004, 37.522199086454705]]]}, "properties": {"floor": 6, "z_m": 16.5, "depth_m": 1.35, "type": "서측 픽셀", "area_m2": 4.25}}, {"type": "Feature", "geometry": {"type": "Polygon", "coordinates": [[[126.93576140911297, 37.52217026648901], [126.93577097120954, 37.5221710722085], [126.93576722304927, 37.52219929092498], [126.93575766094914, 37.52219848520519], [126.93576140911297, 37.52217026648901]]]}, "properties": {"floor": 6, "z_m": 16.5, "depth_m": 0.85, "type": "서측 픽셀", "area_m2": 2.68}}, {"type": "Feature", "geometry": {"type": "Polygon", "coordinates": [[[126.93576356630186, 37.52211120469781], [126.93577875314931, 37.52211248436931], [126.93577500499492, 37.522140703086315], [126.93575981814183, 37.52213942341435], [126.93576356630186, 37.52211120469781]]]}, "properties": {"floor": 6, "z_m": 16.5, "depth_m": 1.35, "type": "서측 픽셀", "area_m2": 4.25}}, {"type": "Feature", "geometry": {"type": "Polygon", "coordinates": [[[126.9357730820291, 37.52208238473075], [126.9357826441146, 37.52208319044929], [126.93577889596315, 37.52211140916657], [126.93576933387413, 37.52211060344772], [126.9357730820291, 37.52208238473075]]]}, "properties": {"floor": 6, "z_m": 16.5, "depth_m": 0.85, "type": "서측 픽셀", "area_m2": 2.68}}, {"type": "Feature", "geometry": {"type": "Polygon", "coordinates": [[[126.93577523920617, 37.52202332293844], [126.935790426036, 37.522024602608425], [126.93578667789048, 37.52205282132625], [126.93577149105498, 37.52205154165577], [126.93577523920617, 37.52202332293844]]]}, "properties": {"floor": 6, "z_m": 16.5, "depth_m": 1.35, "type": "서측 픽셀", "area_m2": 4.25}}, {"type": "Feature", "geometry": {"type": "Polygon", "coordinates": [[[126.93578475491772, 37.52199450296999], [126.93579431699212, 37.52199530868759], [126.93579056884951, 37.52202352740567], [126.93578100677155, 37.52202272168777], [126.93578475491772, 37.52199450296999]]]}, "properties": {"floor": 6, "z_m": 16.5, "depth_m": 0.85, "type": "서측 픽셀", "area_m2": 2.68}}, {"type": "Feature", "geometry": {"type": "Polygon", "coordinates": [[[126.9359361321132, 37.52200671457392], [126.93594288181502, 37.52200728330718], [126.93587673612167, 37.522505280007], [126.9358699863755, 37.52250471126995], [126.9359361321132, 37.52200671457392]]]}, "properties": {"floor": 6, "z_m": 16.5, "depth_m": 0.6, "type": "동측 연속", "area_m2": 33.35}}, {"type": "Feature", "geometry": {"type": "Polygon", "coordinates": [[[126.93572249919366, 37.52246320566527], [126.93573206132719, 37.522464011387896], [126.93572831313746, 37.52249223010171], [126.93571875100037, 37.52249142437878], [126.93572249919366, 37.52246320566527]]]}, "properties": {"floor": 7, "z_m": 19.8, "depth_m": 0.85, "type": "서측 픽셀", "area_m2": 2.68}}, {"type": "Feature", "geometry": {"type": "Polygon", "coordinates": [[[126.93572465642198, 37.52240414387774], [126.93573984332814, 37.52240542355424], [126.93573609514428, 37.52243364226858], [126.93572090823251, 37.52243236259161], [126.93572465642198, 37.52240414387774]]]}, "properties": {"floor": 7, "z_m": 19.8, "depth_m": 1.35, "type": "서측 픽셀", "area_m2": 4.25}}, {"type": "Feature", "geometry": {"type": "Polygon", "coordinates": [[[126.93573417220156, 37.52237532391529], [126.935743734324, 37.52237612963698], [126.93573998614313, 37.522404348351614], [126.93573042401712, 37.52240354262961], [126.93573417220156, 37.52237532391529]]]}, "properties": {"floor": 7, "z_m": 19.8, "depth_m": 0.85, "type": "서측 픽셀", "area_m2": 2.68}}, {"type": "Feature", "geometry": {"type": "Polygon", "coordinates": [[[126.93573632941809, 37.522316262126665], [126.9357515163066, 37.52231754180166], [126.9357477681316, 37.52234576051681], [126.93573258123742, 37.52234448084133], [126.93573632941809, 37.522316262126665]]]}, "properties": {"floor": 7, "z_m": 19.8, "depth_m": 1.35, "type": "서측 픽셀", "area_m2": 4.25}}, {"type": "Feature", "geometry": {"type": "Polygon", "coordinates": [[[126.93574584518194, 37.52228744216284], [126.93575540729331, 37.52228824788358], [126.93575165912127, 37.522316466599], [126.93574209700633, 37.52231566087796], [126.93574584518194, 37.52228744216284]]]}, "properties": {"floor": 7, "z_m": 19.8, "depth_m": 0.85, "type": "서측 픽셀", "area_m2": 2.68}}, {"type": "Feature", "geometry": {"type": "Polygon", "coordinates": [[[126.93574800238663, 37.52222838037311], [126.93576318925754, 37.5222296600466], [126.93575944109138, 37.52225787876255], [126.93574425421482, 37.522256599088585], [126.93574800238663, 37.52222838037311]]]}, "properties": {"floor": 7, "z_m": 19.8, "depth_m": 1.35, "type": "서측 픽셀", "area_m2": 4.25}}, {"type": "Feature", "geometry": {"type": "Polygon", "coordinates": [[[126.93575751813478, 37.522199560407884], [126.93576708023507, 37.52220036612769], [126.93576333207184, 37.52222858484391], [126.93575376996803, 37.52222777912381], [126.93575751813478, 37.522199560407884]]]}, "properties": {"floor": 7, "z_m": 19.8, "depth_m": 0.85, "type": "서측 픽셀", "area_m2": 2.68}}, {"type": "Feature", "geometry": {"type": "Polygon", "coordinates": [[[126.93575967532765, 37.522140498617055], [126.93577486218095, 37.52214177828904], [126.93577111402364, 37.52216999700578], [126.93575592716466, 37.52216871733332], [126.93575967532765, 37.522140498617055]]]}, "properties": {"floor": 7, "z_m": 19.8, "depth_m": 1.35, "type": "서측 픽셀", "area_m2": 4.25}}, {"type": "Feature", "geometry": {"type": "Polygon", "coordinates": [[[126.93576919106012, 37.52211167865045], [126.93577875314931, 37.52211248436931], [126.93577500499492, 37.522140703086315], [126.93576544290218, 37.52213989736716], [126.93576919106012, 37.52211167865045]]]}, "properties": {"floor": 7, "z_m": 19.8, "depth_m": 0.85, "type": "서측 픽셀", "area_m2": 2.68}}, {"type": "Feature", "geometry": {"type": "Polygon", "coordinates": [[[126.93577134824113, 37.5220526168585], [126.93578653507682, 37.522053896529], [126.93578278692834, 37.522082115246555], [126.935767600087, 37.52208083557557], [126.93577134824113, 37.5220526168585]]]}, "properties": {"floor": 7, "z_m": 19.8, "depth_m": 1.35, "type": "서측 픽셀", "area_m2": 4.25}}, {"type": "Feature", "geometry": {"type": "Polygon", "coordinates": [[[126.9357808639579, 37.522023796890515], [126.935790426036, 37.522024602608425], [126.93578667789048, 37.52205282132625], [126.93577711580882, 37.522052015608025], [126.9357808639579, 37.522023796890515]]]}, "properties": {"floor": 7, "z_m": 19.8, "depth_m": 0.85, "type": "서측 픽셀", "area_m2": 2.68}}, {"type": "Feature", "geometry": {"type": "Polygon", "coordinates": [[[126.9359361321132, 37.52200671457392], [126.93594288181502, 37.52200728330718], [126.93587673612167, 37.522505280007], [126.9358699863755, 37.52250471126995], [126.9359361321132, 37.52200671457392]]]}, "properties": {"floor": 7, "z_m": 19.8, "depth_m": 0.6, "type": "동측 연속", "area_m2": 33.35}}, {"type": "Feature", "geometry": {"type": "Polygon", "coordinates": [[[126.93572076541719, 37.52243343779421], [126.93573595232918, 37.52243471747121], [126.93573220414241, 37.522462936185285], [126.93571701722475, 37.52246165650782], [126.93572076541719, 37.52243343779421]]]}, "properties": {"floor": 8, "z_m": 23.1, "depth_m": 1.35, "type": "서측 픽셀", "area_m2": 4.25}}, {"type": "Feature", "geometry": {"type": "Polygon", "coordinates": [[[126.93573028120198, 37.52240461783224], [126.93573984332814, 37.52240542355424], [126.93573609514428, 37.52243364226858], [126.93572653301459, 37.52243283654628], [126.93573028120198, 37.52240461783224]]]}, "properties": {"floor": 8, "z_m": 23.1, "depth_m": 0.85, "type": "서측 픽셀", "area_m2": 2.68}}, {"type": "Feature", "geometry": {"type": "Polygon", "coordinates": [[[126.93573243842245, 37.52234555604397], [126.93574762531684, 37.52234683571946], [126.93574387713889, 37.52237505443434], [126.93572869023886, 37.52237377475838], [126.93573243842245, 37.52234555604397]]]}, "properties": {"floor": 8, "z_m": 23.1, "depth_m": 1.35, "type": "서측 픽셀", "area_m2": 4.25}}, {"type": "Feature", "geometry": {"type": "Polygon", "coordinates": [[[126.93574195419154, 37.522316736080604], [126.9357515163066, 37.52231754180166], [126.9357477681316, 37.52234576051681], [126.93573820601299, 37.52234495479544], [126.93574195419154, 37.522316736080604]]]}, "properties": {"floor": 8, "z_m": 23.1, "depth_m": 0.85, "type": "서측 픽셀", "area_m2": 2.68}}, {"type": "Feature", "geometry": {"type": "Polygon", "coordinates": [[[126.93574411140018, 37.52225767429123], [126.93575929827696, 37.522258953965235], [126.93575555010784, 37.52228717268091], [126.93574036322542, 37.52228589300644], [126.93574411140018, 37.52225767429123]]]}, "properties": {"floor": 8, "z_m": 23.1, "depth_m": 1.35, "type": "서측 픽셀", "area_m2": 4.25}}, {"type": "Feature", "geometry": {"type": "Polygon", "coordinates": [[[126.93575362715357, 37.522228854326485], [126.93576318925754, 37.5222296600466], [126.93575944109138, 37.52225787876255], [126.93574987898384, 37.522257073042134], [126.93575362715357, 37.522228854326485]]]}, "properties": {"floor": 8, "z_m": 23.1, "depth_m": 0.85, "type": "서측 픽셀", "area_m2": 2.68}}, {"type": "Feature", "geometry": {"type": "Polygon", "coordinates": [[[126.93575578435036, 37.52216979253601], [126.93577097120954, 37.5221710722085], [126.93576722304927, 37.52219929092498], [126.93575203618445, 37.522198011252016], [126.93575578435036, 37.52216979253601]]]}, "properties": {"floor": 8, "z_m": 23.1, "depth_m": 1.35, "type": "서측 픽셀", "area_m2": 4.25}}, {"type": "Feature", "geometry": {"type": "Polygon", "coordinates": [[[126.93576530008806, 37.522140972569865], [126.93577486218095, 37.52214177828904], [126.93577111402364, 37.52216999700578], [126.9357615519272, 37.52216919128632], [126.93576530008806, 37.522140972569865]]]}, "properties": {"floor": 8, "z_m": 23.1, "depth_m": 0.85, "type": "서측 픽셀", "area_m2": 2.68}}, {"type": "Feature", "geometry": {"type": "Polygon", "coordinates": [[[126.93576745727303, 37.5220819107783], [126.9357826441146, 37.52208319044929], [126.93577889596315, 37.52211140916657], [126.93576370911595, 37.522110129495104], [126.93576745727303, 37.5220819107783]]]}, "properties": {"floor": 8, "z_m": 23.1, "depth_m": 1.35, "type": "서측 픽셀", "area_m2": 4.25}}, {"type": "Feature", "geometry": {"type": "Polygon", "coordinates": [[[126.93577697299501, 37.52205309081077], [126.93578653507682, 37.522053896529], [126.93578278692834, 37.522082115246555], [126.935773224843, 37.522081309528026], [126.93577697299501, 37.52205309081077]]]}, "properties": {"floor": 8, "z_m": 23.1, "depth_m": 0.85, "type": "서측 픽셀", "area_m2": 2.68}}, {"type": "Feature", "geometry": {"type": "Polygon", "coordinates": [[[126.93577913016816, 37.521994029018096], [126.93579431699212, 37.52199530868759], [126.93579056884951, 37.52202352740567], [126.93577538201991, 37.522022247735684], [126.93577913016816, 37.521994029018096]]]}, "properties": {"floor": 8, "z_m": 23.1, "depth_m": 1.35, "type": "서측 픽셀", "area_m2": 4.25}}, {"type": "Feature", "geometry": {"type": "Polygon", "coordinates": [[[126.9359361321132, 37.52200671457392], [126.93594288181502, 37.52200728330718], [126.93587673612167, 37.522505280007], [126.9358699863755, 37.52250471126995], [126.9359361321132, 37.52200671457392]]]}, "properties": {"floor": 8, "z_m": 23.1, "depth_m": 0.6, "type": "동측 연속", "area_m2": 33.35}}, {"type": "Feature", "geometry": {"type": "Polygon", "coordinates": [[[126.93571687440931, 37.52246273171041], [126.93573206132719, 37.522464011387896], [126.93572831313746, 37.52249223010171], [126.93571312621394, 37.522490950423744], [126.93571687440931, 37.52246273171041]]]}, "properties": {"floor": 9, "z_m": 26.4, "depth_m": 1.35, "type": "서측 픽셀", "area_m2": 4.25}}, {"type": "Feature", "geometry": {"type": "Polygon", "coordinates": [[[126.93572639019933, 37.52243391174889], [126.93573595232918, 37.52243471747121], [126.93573220414241, 37.522462936185285], [126.93572264200901, 37.522462130462664], [126.93572639019933, 37.52243391174889]]]}, "properties": {"floor": 9, "z_m": 26.4, "depth_m": 0.85, "type": "서측 픽셀", "area_m2": 2.68}}, {"type": "Feature", "geometry": {"type": "Polygon", "coordinates": [[[126.93572854742376, 37.522374849961004], [126.935743734324, 37.52237612963698], [126.93573998614313, 37.522404348351614], [126.93572479923722, 37.52240306867513], [126.93572854742376, 37.522374849961004]]]}, "properties": {"floor": 9, "z_m": 26.4, "depth_m": 1.35, "type": "서측 픽셀", "area_m2": 4.25}}, {"type": "Feature", "geometry": {"type": "Polygon", "coordinates": [[[126.93573806319809, 37.52234602999808], [126.93574762531684, 37.52234683571946], [126.93574387713889, 37.52237505443434], [126.93573431501659, 37.52237424871267], [126.93573806319809, 37.52234602999808]]]}, "properties": {"floor": 9, "z_m": 26.4, "depth_m": 0.85, "type": "서측 픽셀", "area_m2": 2.68}}, {"type": "Feature", "geometry": {"type": "Polygon", "coordinates": [[[126.93574022041065, 37.522286968209094], [126.93575540729331, 37.52228824788358], [126.93575165912127, 37.522316466599], [126.93573647223296, 37.52231518692403], [126.93574022041065, 37.522286968209094]]]}, "properties": {"floor": 9, "z_m": 26.4, "depth_m": 1.35, "type": "서측 픽셀", "area_m2": 4.25}}, {"type": "Feature", "geometry": {"type": "Polygon", "coordinates": [[[126.93574973616929, 37.522258148244795], [126.93575929827696, 37.522258953965235], [126.93575555010784, 37.52228717268091], [126.93574598799663, 37.522286366960174], [126.93574973616929, 37.522258148244795]]]}, "properties": {"floor": 9, "z_m": 26.4, "depth_m": 0.85, "type": "서측 픽셀", "area_m2": 2.68}}, {"type": "Feature", "geometry": {"type": "Polygon", "coordinates": [[[126.93575189337004, 37.522199086454705], [126.93576708023507, 37.52220036612769], [126.93576333207184, 37.52222858484391], [126.93574814520117, 37.52222730517043], [126.93575189337004, 37.522199086454705]]]}, "properties": {"floor": 9, "z_m": 26.4, "depth_m": 1.35, "type": "서측 픽셀", "area_m2": 4.25}}, {"type": "Feature", "geometry": {"type": "Polygon", "coordinates": [[[126.93576140911297, 37.52217026648901], [126.93577097120954, 37.5221710722085], [126.93576722304927, 37.52219929092498], [126.93575766094914, 37.52219848520519], [126.93576140911297, 37.52217026648901]]]}, "properties": {"floor": 9, "z_m": 26.4, "depth_m": 0.85, "type": "서측 픽셀", "area_m2": 2.68}}, {"type": "Feature", "geometry": {"type": "Polygon", "coordinates": [[[126.93576356630186, 37.52211120469781], [126.93577875314931, 37.52211248436931], [126.93577500499492, 37.522140703086315], [126.93575981814183, 37.52213942341435], [126.93576356630186, 37.52211120469781]]]}, "properties": {"floor": 9, "z_m": 26.4, "depth_m": 1.35, "type": "서측 픽셀", "area_m2": 4.25}}, {"type": "Feature", "geometry": {"type": "Polygon", "coordinates": [[[126.9357730820291, 37.52208238473075], [126.9357826441146, 37.52208319044929], [126.93577889596315, 37.52211140916657], [126.93576933387413, 37.52211060344772], [126.9357730820291, 37.52208238473075]]]}, "properties": {"floor": 9, "z_m": 26.4, "depth_m": 0.85, "type": "서측 픽셀", "area_m2": 2.68}}, {"type": "Feature", "geometry": {"type": "Polygon", "coordinates": [[[126.93577523920617, 37.52202332293844], [126.935790426036, 37.522024602608425], [126.93578667789048, 37.52205282132625], [126.93577149105498, 37.52205154165577], [126.93577523920617, 37.52202332293844]]]}, "properties": {"floor": 9, "z_m": 26.4, "depth_m": 1.35, "type": "서측 픽셀", "area_m2": 4.25}}, {"type": "Feature", "geometry": {"type": "Polygon", "coordinates": [[[126.93578475491772, 37.52199450296999], [126.93579431699212, 37.52199530868759], [126.93579056884951, 37.52202352740567], [126.93578100677155, 37.52202272168777], [126.93578475491772, 37.52199450296999]]]}, "properties": {"floor": 9, "z_m": 26.4, "depth_m": 0.85, "type": "서측 픽셀", "area_m2": 2.68}}, {"type": "Feature", "geometry": {"type": "Polygon", "coordinates": [[[126.9359361321132, 37.52200671457392], [126.93594288181502, 37.52200728330718], [126.93587673612167, 37.522505280007], [126.9358699863755, 37.52250471126995], [126.9359361321132, 37.52200671457392]]]}, "properties": {"floor": 9, "z_m": 26.4, "depth_m": 0.6, "type": "동측 연속", "area_m2": 33.35}}, {"type": "Feature", "geometry": {"type": "Polygon", "coordinates": [[[126.93572249919366, 37.52246320566527], [126.93573206132719, 37.522464011387896], [126.93572831313746, 37.52249223010171], [126.93571875100037, 37.52249142437878], [126.93572249919366, 37.52246320566527]]]}, "properties": {"floor": 10, "z_m": 29.7, "depth_m": 0.85, "type": "서측 픽셀", "area_m2": 2.68}}, {"type": "Feature", "geometry": {"type": "Polygon", "coordinates": [[[126.93572465642198, 37.52240414387774], [126.93573984332814, 37.52240542355424], [126.93573609514428, 37.52243364226858], [126.93572090823251, 37.52243236259161], [126.93572465642198, 37.52240414387774]]]}, "properties": {"floor": 10, "z_m": 29.7, "depth_m": 1.35, "type": "서측 픽셀", "area_m2": 4.25}}, {"type": "Feature", "geometry": {"type": "Polygon", "coordinates": [[[126.93573417220156, 37.52237532391529], [126.935743734324, 37.52237612963698], [126.93573998614313, 37.522404348351614], [126.93573042401712, 37.52240354262961], [126.93573417220156, 37.52237532391529]]]}, "properties": {"floor": 10, "z_m": 29.7, "depth_m": 0.85, "type": "서측 픽셀", "area_m2": 2.68}}, {"type": "Feature", "geometry": {"type": "Polygon", "coordinates": [[[126.93573632941809, 37.522316262126665], [126.9357515163066, 37.52231754180166], [126.9357477681316, 37.52234576051681], [126.93573258123742, 37.52234448084133], [126.93573632941809, 37.522316262126665]]]}, "properties": {"floor": 10, "z_m": 29.7, "depth_m": 1.35, "type": "서측 픽셀", "area_m2": 4.25}}, {"type": "Feature", "geometry": {"type": "Polygon", "coordinates": [[[126.93574584518194, 37.52228744216284], [126.93575540729331, 37.52228824788358], [126.93575165912127, 37.522316466599], [126.93574209700633, 37.52231566087796], [126.93574584518194, 37.52228744216284]]]}, "properties": {"floor": 10, "z_m": 29.7, "depth_m": 0.85, "type": "서측 픽셀", "area_m2": 2.68}}, {"type": "Feature", "geometry": {"type": "Polygon", "coordinates": [[[126.93574800238663, 37.52222838037311], [126.93576318925754, 37.5222296600466], [126.93575944109138, 37.52225787876255], [126.93574425421482, 37.522256599088585], [126.93574800238663, 37.52222838037311]]]}, "properties": {"floor": 10, "z_m": 29.7, "depth_m": 1.35, "type": "서측 픽셀", "area_m2": 4.25}}, {"type": "Feature", "geometry": {"type": "Polygon", "coordinates": [[[126.93575751813478, 37.522199560407884], [126.93576708023507, 37.52220036612769], [126.93576333207184, 37.52222858484391], [126.93575376996803, 37.52222777912381], [126.93575751813478, 37.522199560407884]]]}, "properties": {"floor": 10, "z_m": 29.7, "depth_m": 0.85, "type": "서측 픽셀", "area_m2": 2.68}}, {"type": "Feature", "geometry": {"type": "Polygon", "coordinates": [[[126.93575967532765, 37.522140498617055], [126.93577486218095, 37.52214177828904], [126.93577111402364, 37.52216999700578], [126.93575592716466, 37.52216871733332], [126.93575967532765, 37.522140498617055]]]}, "properties": {"floor": 10, "z_m": 29.7, "depth_m": 1.35, "type": "서측 픽셀", "area_m2": 4.25}}, {"type": "Feature", "geometry": {"type": "Polygon", "coordinates": [[[126.93576919106012, 37.52211167865045], [126.93577875314931, 37.52211248436931], [126.93577500499492, 37.522140703086315], [126.93576544290218, 37.52213989736716], [126.93576919106012, 37.52211167865045]]]}, "properties": {"floor": 10, "z_m": 29.7, "depth_m": 0.85, "type": "서측 픽셀", "area_m2": 2.68}}, {"type": "Feature", "geometry": {"type": "Polygon", "coordinates": [[[126.93577134824113, 37.5220526168585], [126.93578653507682, 37.522053896529], [126.93578278692834, 37.522082115246555], [126.935767600087, 37.52208083557557], [126.93577134824113, 37.5220526168585]]]}, "properties": {"floor": 10, "z_m": 29.7, "depth_m": 1.35, "type": "서측 픽셀", "area_m2": 4.25}}, {"type": "Feature", "geometry": {"type": "Polygon", "coordinates": [[[126.9357808639579, 37.522023796890515], [126.935790426036, 37.522024602608425], [126.93578667789048, 37.52205282132625], [126.93577711580882, 37.522052015608025], [126.9357808639579, 37.522023796890515]]]}, "properties": {"floor": 10, "z_m": 29.7, "depth_m": 0.85, "type": "서측 픽셀", "area_m2": 2.68}}, {"type": "Feature", "geometry": {"type": "Polygon", "coordinates": [[[126.9359361321132, 37.52200671457392], [126.93594288181502, 37.52200728330718], [126.93587673612167, 37.522505280007], [126.9358699863755, 37.52250471126995], [126.9359361321132, 37.52200671457392]]]}, "properties": {"floor": 10, "z_m": 29.7, "depth_m": 0.6, "type": "동측 연속", "area_m2": 33.35}}, {"type": "Feature", "geometry": {"type": "Polygon", "coordinates": [[[126.93572076541719, 37.52243343779421], [126.93573595232918, 37.52243471747121], [126.93573220414241, 37.522462936185285], [126.93571701722475, 37.52246165650782], [126.93572076541719, 37.52243343779421]]]}, "properties": {"floor": 11, "z_m": 33.0, "depth_m": 1.35, "type": "서측 픽셀", "area_m2": 4.25}}, {"type": "Feature", "geometry": {"type": "Polygon", "coordinates": [[[126.93573028120198, 37.52240461783224], [126.93573984332814, 37.52240542355424], [126.93573609514428, 37.52243364226858], [126.93572653301459, 37.52243283654628], [126.93573028120198, 37.52240461783224]]]}, "properties": {"floor": 11, "z_m": 33.0, "depth_m": 0.85, "type": "서측 픽셀", "area_m2": 2.68}}, {"type": "Feature", "geometry": {"type": "Polygon", "coordinates": [[[126.93573243842245, 37.52234555604397], [126.93574762531684, 37.52234683571946], [126.93574387713889, 37.52237505443434], [126.93572869023886, 37.52237377475838], [126.93573243842245, 37.52234555604397]]]}, "properties": {"floor": 11, "z_m": 33.0, "depth_m": 1.35, "type": "서측 픽셀", "area_m2": 4.25}}, {"type": "Feature", "geometry": {"type": "Polygon", "coordinates": [[[126.93574195419154, 37.522316736080604], [126.9357515163066, 37.52231754180166], [126.9357477681316, 37.52234576051681], [126.93573820601299, 37.52234495479544], [126.93574195419154, 37.522316736080604]]]}, "properties": {"floor": 11, "z_m": 33.0, "depth_m": 0.85, "type": "서측 픽셀", "area_m2": 2.68}}, {"type": "Feature", "geometry": {"type": "Polygon", "coordinates": [[[126.93574411140018, 37.52225767429123], [126.93575929827696, 37.522258953965235], [126.93575555010784, 37.52228717268091], [126.93574036322542, 37.52228589300644], [126.93574411140018, 37.52225767429123]]]}, "properties": {"floor": 11, "z_m": 33.0, "depth_m": 1.35, "type": "서측 픽셀", "area_m2": 4.25}}, {"type": "Feature", "geometry": {"type": "Polygon", "coordinates": [[[126.93575362715357, 37.522228854326485], [126.93576318925754, 37.5222296600466], [126.93575944109138, 37.52225787876255], [126.93574987898384, 37.522257073042134], [126.93575362715357, 37.522228854326485]]]}, "properties": {"floor": 11, "z_m": 33.0, "depth_m": 0.85, "type": "서측 픽셀", "area_m2": 2.68}}, {"type": "Feature", "geometry": {"type": "Polygon", "coordinates": [[[126.93575578435036, 37.52216979253601], [126.93577097120954, 37.5221710722085], [126.93576722304927, 37.52219929092498], [126.93575203618445, 37.522198011252016], [126.93575578435036, 37.52216979253601]]]}, "properties": {"floor": 11, "z_m": 33.0, "depth_m": 1.35, "type": "서측 픽셀", "area_m2": 4.25}}, {"type": "Feature", "geometry": {"type": "Polygon", "coordinates": [[[126.93576530008806, 37.522140972569865], [126.93577486218095, 37.52214177828904], [126.93577111402364, 37.52216999700578], [126.9357615519272, 37.52216919128632], [126.93576530008806, 37.522140972569865]]]}, "properties": {"floor": 11, "z_m": 33.0, "depth_m": 0.85, "type": "서측 픽셀", "area_m2": 2.68}}, {"type": "Feature", "geometry": {"type": "Polygon", "coordinates": [[[126.93576745727303, 37.5220819107783], [126.9357826441146, 37.52208319044929], [126.93577889596315, 37.52211140916657], [126.93576370911595, 37.522110129495104], [126.93576745727303, 37.5220819107783]]]}, "properties": {"floor": 11, "z_m": 33.0, "depth_m": 1.35, "type": "서측 픽셀", "area_m2": 4.25}}, {"type": "Feature", "geometry": {"type": "Polygon", "coordinates": [[[126.93577697299501, 37.52205309081077], [126.93578653507682, 37.522053896529], [126.93578278692834, 37.522082115246555], [126.935773224843, 37.522081309528026], [126.93577697299501, 37.52205309081077]]]}, "properties": {"floor": 11, "z_m": 33.0, "depth_m": 0.85, "type": "서측 픽셀", "area_m2": 2.68}}, {"type": "Feature", "geometry": {"type": "Polygon", "coordinates": [[[126.93577913016816, 37.521994029018096], [126.93579431699212, 37.52199530868759], [126.93579056884951, 37.52202352740567], [126.93577538201991, 37.522022247735684], [126.93577913016816, 37.521994029018096]]]}, "properties": {"floor": 11, "z_m": 33.0, "depth_m": 1.35, "type": "서측 픽셀", "area_m2": 4.25}}, {"type": "Feature", "geometry": {"type": "Polygon", "coordinates": [[[126.9359361321132, 37.52200671457392], [126.93594288181502, 37.52200728330718], [126.93587673612167, 37.522505280007], [126.9358699863755, 37.52250471126995], [126.9359361321132, 37.52200671457392]]]}, "properties": {"floor": 11, "z_m": 33.0, "depth_m": 0.6, "type": "동측 연속", "area_m2": 33.35}}, {"type": "Feature", "geometry": {"type": "Polygon", "coordinates": [[[126.93571687440931, 37.52246273171041], [126.93573206132719, 37.522464011387896], [126.93572831313746, 37.52249223010171], [126.93571312621394, 37.522490950423744], [126.93571687440931, 37.52246273171041]]]}, "properties": {"floor": 12, "z_m": 36.3, "depth_m": 1.35, "type": "서측 픽셀", "area_m2": 4.25}}, {"type": "Feature", "geometry": {"type": "Polygon", "coordinates": [[[126.93572639019933, 37.52243391174889], [126.93573595232918, 37.52243471747121], [126.93573220414241, 37.522462936185285], [126.93572264200901, 37.522462130462664], [126.93572639019933, 37.52243391174889]]]}, "properties": {"floor": 12, "z_m": 36.3, "depth_m": 0.85, "type": "서측 픽셀", "area_m2": 2.68}}, {"type": "Feature", "geometry": {"type": "Polygon", "coordinates": [[[126.93572854742376, 37.522374849961004], [126.935743734324, 37.52237612963698], [126.93573998614313, 37.522404348351614], [126.93572479923722, 37.52240306867513], [126.93572854742376, 37.522374849961004]]]}, "properties": {"floor": 12, "z_m": 36.3, "depth_m": 1.35, "type": "서측 픽셀", "area_m2": 4.25}}, {"type": "Feature", "geometry": {"type": "Polygon", "coordinates": [[[126.93573806319809, 37.52234602999808], [126.93574762531684, 37.52234683571946], [126.93574387713889, 37.52237505443434], [126.93573431501659, 37.52237424871267], [126.93573806319809, 37.52234602999808]]]}, "properties": {"floor": 12, "z_m": 36.3, "depth_m": 0.85, "type": "서측 픽셀", "area_m2": 2.68}}, {"type": "Feature", "geometry": {"type": "Polygon", "coordinates": [[[126.93574022041065, 37.522286968209094], [126.93575540729331, 37.52228824788358], [126.93575165912127, 37.522316466599], [126.93573647223296, 37.52231518692403], [126.93574022041065, 37.522286968209094]]]}, "properties": {"floor": 12, "z_m": 36.3, "depth_m": 1.35, "type": "서측 픽셀", "area_m2": 4.25}}, {"type": "Feature", "geometry": {"type": "Polygon", "coordinates": [[[126.93574973616929, 37.522258148244795], [126.93575929827696, 37.522258953965235], [126.93575555010784, 37.52228717268091], [126.93574598799663, 37.522286366960174], [126.93574973616929, 37.522258148244795]]]}, "properties": {"floor": 12, "z_m": 36.3, "depth_m": 0.85, "type": "서측 픽셀", "area_m2": 2.68}}, {"type": "Feature", "geometry": {"type": "Polygon", "coordinates": [[[126.93575189337004, 37.522199086454705], [126.93576708023507, 37.52220036612769], [126.93576333207184, 37.52222858484391], [126.93574814520117, 37.52222730517043], [126.93575189337004, 37.522199086454705]]]}, "properties": {"floor": 12, "z_m": 36.3, "depth_m": 1.35, "type": "서측 픽셀", "area_m2": 4.25}}, {"type": "Feature", "geometry": {"type": "Polygon", "coordinates": [[[126.93576140911297, 37.52217026648901], [126.93577097120954, 37.5221710722085], [126.93576722304927, 37.52219929092498], [126.93575766094914, 37.52219848520519], [126.93576140911297, 37.52217026648901]]]}, "properties": {"floor": 12, "z_m": 36.3, "depth_m": 0.85, "type": "서측 픽셀", "area_m2": 2.68}}, {"type": "Feature", "geometry": {"type": "Polygon", "coordinates": [[[126.93576356630186, 37.52211120469781], [126.93577875314931, 37.52211248436931], [126.93577500499492, 37.522140703086315], [126.93575981814183, 37.52213942341435], [126.93576356630186, 37.52211120469781]]]}, "properties": {"floor": 12, "z_m": 36.3, "depth_m": 1.35, "type": "서측 픽셀", "area_m2": 4.25}}, {"type": "Feature", "geometry": {"type": "Polygon", "coordinates": [[[126.9357730820291, 37.52208238473075], [126.9357826441146, 37.52208319044929], [126.93577889596315, 37.52211140916657], [126.93576933387413, 37.52211060344772], [126.9357730820291, 37.52208238473075]]]}, "properties": {"floor": 12, "z_m": 36.3, "depth_m": 0.85, "type": "서측 픽셀", "area_m2": 2.68}}, {"type": "Feature", "geometry": {"type": "Polygon", "coordinates": [[[126.93577523920617, 37.52202332293844], [126.935790426036, 37.522024602608425], [126.93578667789048, 37.52205282132625], [126.93577149105498, 37.52205154165577], [126.93577523920617, 37.52202332293844]]]}, "properties": {"floor": 12, "z_m": 36.3, "depth_m": 1.35, "type": "서측 픽셀", "area_m2": 4.25}}, {"type": "Feature", "geometry": {"type": "Polygon", "coordinates": [[[126.93578475491772, 37.52199450296999], [126.93579431699212, 37.52199530868759], [126.93579056884951, 37.52202352740567], [126.93578100677155, 37.52202272168777], [126.93578475491772, 37.52199450296999]]]}, "properties": {"floor": 12, "z_m": 36.3, "depth_m": 0.85, "type": "서측 픽셀", "area_m2": 2.68}}, {"type": "Feature", "geometry": {"type": "Polygon", "coordinates": [[[126.9359361321132, 37.52200671457392], [126.93594288181502, 37.52200728330718], [126.93587673612167, 37.522505280007], [126.9358699863755, 37.52250471126995], [126.9359361321132, 37.52200671457392]]]}, "properties": {"floor": 12, "z_m": 36.3, "depth_m": 0.6, "type": "동측 연속", "area_m2": 33.35}}, {"type": "Feature", "geometry": {"type": "Polygon", "coordinates": [[[126.93572249919366, 37.52246320566527], [126.93573206132719, 37.522464011387896], [126.93572831313746, 37.52249223010171], [126.93571875100037, 37.52249142437878], [126.93572249919366, 37.52246320566527]]]}, "properties": {"floor": 13, "z_m": 39.6, "depth_m": 0.85, "type": "서측 픽셀", "area_m2": 2.68}}, {"type": "Feature", "geometry": {"type": "Polygon", "coordinates": [[[126.93572465642198, 37.52240414387774], [126.93573984332814, 37.52240542355424], [126.93573609514428, 37.52243364226858], [126.93572090823251, 37.52243236259161], [126.93572465642198, 37.52240414387774]]]}, "properties": {"floor": 13, "z_m": 39.6, "depth_m": 1.35, "type": "서측 픽셀", "area_m2": 4.25}}, {"type": "Feature", "geometry": {"type": "Polygon", "coordinates": [[[126.93573417220156, 37.52237532391529], [126.935743734324, 37.52237612963698], [126.93573998614313, 37.522404348351614], [126.93573042401712, 37.52240354262961], [126.93573417220156, 37.52237532391529]]]}, "properties": {"floor": 13, "z_m": 39.6, "depth_m": 0.85, "type": "서측 픽셀", "area_m2": 2.68}}, {"type": "Feature", "geometry": {"type": "Polygon", "coordinates": [[[126.93573632941809, 37.522316262126665], [126.9357515163066, 37.52231754180166], [126.9357477681316, 37.52234576051681], [126.93573258123742, 37.52234448084133], [126.93573632941809, 37.522316262126665]]]}, "properties": {"floor": 13, "z_m": 39.6, "depth_m": 1.35, "type": "서측 픽셀", "area_m2": 4.25}}, {"type": "Feature", "geometry": {"type": "Polygon", "coordinates": [[[126.93574584518194, 37.52228744216284], [126.93575540729331, 37.52228824788358], [126.93575165912127, 37.522316466599], [126.93574209700633, 37.52231566087796], [126.93574584518194, 37.52228744216284]]]}, "properties": {"floor": 13, "z_m": 39.6, "depth_m": 0.85, "type": "서측 픽셀", "area_m2": 2.68}}, {"type": "Feature", "geometry": {"type": "Polygon", "coordinates": [[[126.93574800238663, 37.52222838037311], [126.93576318925754, 37.5222296600466], [126.93575944109138, 37.52225787876255], [126.93574425421482, 37.522256599088585], [126.93574800238663, 37.52222838037311]]]}, "properties": {"floor": 13, "z_m": 39.6, "depth_m": 1.35, "type": "서측 픽셀", "area_m2": 4.25}}, {"type": "Feature", "geometry": {"type": "Polygon", "coordinates": [[[126.93575751813478, 37.522199560407884], [126.93576708023507, 37.52220036612769], [126.93576333207184, 37.52222858484391], [126.93575376996803, 37.52222777912381], [126.93575751813478, 37.522199560407884]]]}, "properties": {"floor": 13, "z_m": 39.6, "depth_m": 0.85, "type": "서측 픽셀", "area_m2": 2.68}}, {"type": "Feature", "geometry": {"type": "Polygon", "coordinates": [[[126.93575967532765, 37.522140498617055], [126.93577486218095, 37.52214177828904], [126.93577111402364, 37.52216999700578], [126.93575592716466, 37.52216871733332], [126.93575967532765, 37.522140498617055]]]}, "properties": {"floor": 13, "z_m": 39.6, "depth_m": 1.35, "type": "서측 픽셀", "area_m2": 4.25}}, {"type": "Feature", "geometry": {"type": "Polygon", "coordinates": [[[126.93576919106012, 37.52211167865045], [126.93577875314931, 37.52211248436931], [126.93577500499492, 37.522140703086315], [126.93576544290218, 37.52213989736716], [126.93576919106012, 37.52211167865045]]]}, "properties": {"floor": 13, "z_m": 39.6, "depth_m": 0.85, "type": "서측 픽셀", "area_m2": 2.68}}, {"type": "Feature", "geometry": {"type": "Polygon", "coordinates": [[[126.93577134824113, 37.5220526168585], [126.93578653507682, 37.522053896529], [126.93578278692834, 37.522082115246555], [126.935767600087, 37.52208083557557], [126.93577134824113, 37.5220526168585]]]}, "properties": {"floor": 13, "z_m": 39.6, "depth_m": 1.35, "type": "서측 픽셀", "area_m2": 4.25}}, {"type": "Feature", "geometry": {"type": "Polygon", "coordinates": [[[126.9357808639579, 37.522023796890515], [126.935790426036, 37.522024602608425], [126.93578667789048, 37.52205282132625], [126.93577711580882, 37.522052015608025], [126.9357808639579, 37.522023796890515]]]}, "properties": {"floor": 13, "z_m": 39.6, "depth_m": 0.85, "type": "서측 픽셀", "area_m2": 2.68}}, {"type": "Feature", "geometry": {"type": "Polygon", "coordinates": [[[126.9359361321132, 37.52200671457392], [126.93594288181502, 37.52200728330718], [126.93587673612167, 37.522505280007], [126.9358699863755, 37.52250471126995], [126.9359361321132, 37.52200671457392]]]}, "properties": {"floor": 13, "z_m": 39.6, "depth_m": 0.6, "type": "동측 연속", "area_m2": 33.35}}, {"type": "Feature", "geometry": {"type": "Polygon", "coordinates": [[[126.93572076541719, 37.52243343779421], [126.93573595232918, 37.52243471747121], [126.93573220414241, 37.522462936185285], [126.93571701722475, 37.52246165650782], [126.93572076541719, 37.52243343779421]]]}, "properties": {"floor": 14, "z_m": 42.9, "depth_m": 1.35, "type": "서측 픽셀", "area_m2": 4.25}}, {"type": "Feature", "geometry": {"type": "Polygon", "coordinates": [[[126.93573028120198, 37.52240461783224], [126.93573984332814, 37.52240542355424], [126.93573609514428, 37.52243364226858], [126.93572653301459, 37.52243283654628], [126.93573028120198, 37.52240461783224]]]}, "properties": {"floor": 14, "z_m": 42.9, "depth_m": 0.85, "type": "서측 픽셀", "area_m2": 2.68}}, {"type": "Feature", "geometry": {"type": "Polygon", "coordinates": [[[126.93573243842245, 37.52234555604397], [126.93574762531684, 37.52234683571946], [126.93574387713889, 37.52237505443434], [126.93572869023886, 37.52237377475838], [126.93573243842245, 37.52234555604397]]]}, "properties": {"floor": 14, "z_m": 42.9, "depth_m": 1.35, "type": "서측 픽셀", "area_m2": 4.25}}, {"type": "Feature", "geometry": {"type": "Polygon", "coordinates": [[[126.93574195419154, 37.522316736080604], [126.9357515163066, 37.52231754180166], [126.9357477681316, 37.52234576051681], [126.93573820601299, 37.52234495479544], [126.93574195419154, 37.522316736080604]]]}, "properties": {"floor": 14, "z_m": 42.9, "depth_m": 0.85, "type": "서측 픽셀", "area_m2": 2.68}}, {"type": "Feature", "geometry": {"type": "Polygon", "coordinates": [[[126.93574411140018, 37.52225767429123], [126.93575929827696, 37.522258953965235], [126.93575555010784, 37.52228717268091], [126.93574036322542, 37.52228589300644], [126.93574411140018, 37.52225767429123]]]}, "properties": {"floor": 14, "z_m": 42.9, "depth_m": 1.35, "type": "서측 픽셀", "area_m2": 4.25}}, {"type": "Feature", "geometry": {"type": "Polygon", "coordinates": [[[126.93575362715357, 37.522228854326485], [126.93576318925754, 37.5222296600466], [126.93575944109138, 37.52225787876255], [126.93574987898384, 37.522257073042134], [126.93575362715357, 37.522228854326485]]]}, "properties": {"floor": 14, "z_m": 42.9, "depth_m": 0.85, "type": "서측 픽셀", "area_m2": 2.68}}, {"type": "Feature", "geometry": {"type": "Polygon", "coordinates": [[[126.93575578435036, 37.52216979253601], [126.93577097120954, 37.5221710722085], [126.93576722304927, 37.52219929092498], [126.93575203618445, 37.522198011252016], [126.93575578435036, 37.52216979253601]]]}, "properties": {"floor": 14, "z_m": 42.9, "depth_m": 1.35, "type": "서측 픽셀", "area_m2": 4.25}}, {"type": "Feature", "geometry": {"type": "Polygon", "coordinates": [[[126.93576530008806, 37.522140972569865], [126.93577486218095, 37.52214177828904], [126.93577111402364, 37.52216999700578], [126.9357615519272, 37.52216919128632], [126.93576530008806, 37.522140972569865]]]}, "properties": {"floor": 14, "z_m": 42.9, "depth_m": 0.85, "type": "서측 픽셀", "area_m2": 2.68}}, {"type": "Feature", "geometry": {"type": "Polygon", "coordinates": [[[126.93576745727303, 37.5220819107783], [126.9357826441146, 37.52208319044929], [126.93577889596315, 37.52211140916657], [126.93576370911595, 37.522110129495104], [126.93576745727303, 37.5220819107783]]]}, "properties": {"floor": 14, "z_m": 42.9, "depth_m": 1.35, "type": "서측 픽셀", "area_m2": 4.25}}, {"type": "Feature", "geometry": {"type": "Polygon", "coordinates": [[[126.93577697299501, 37.52205309081077], [126.93578653507682, 37.522053896529], [126.93578278692834, 37.522082115246555], [126.935773224843, 37.522081309528026], [126.93577697299501, 37.52205309081077]]]}, "properties": {"floor": 14, "z_m": 42.9, "depth_m": 0.85, "type": "서측 픽셀", "area_m2": 2.68}}, {"type": "Feature", "geometry": {"type": "Polygon", "coordinates": [[[126.93577913016816, 37.521994029018096], [126.93579431699212, 37.52199530868759], [126.93579056884951, 37.52202352740567], [126.93577538201991, 37.522022247735684], [126.93577913016816, 37.521994029018096]]]}, "properties": {"floor": 14, "z_m": 42.9, "depth_m": 1.35, "type": "서측 픽셀", "area_m2": 4.25}}, {"type": "Feature", "geometry": {"type": "Polygon", "coordinates": [[[126.9359361321132, 37.52200671457392], [126.93594288181502, 37.52200728330718], [126.93587673612167, 37.522505280007], [126.9358699863755, 37.52250471126995], [126.9359361321132, 37.52200671457392]]]}, "properties": {"floor": 14, "z_m": 42.9, "depth_m": 0.6, "type": "동측 연속", "area_m2": 33.35}}, {"type": "Feature", "geometry": {"type": "Polygon", "coordinates": [[[126.93571687440931, 37.52246273171041], [126.93573206132719, 37.522464011387896], [126.93572831313746, 37.52249223010171], [126.93571312621394, 37.522490950423744], [126.93571687440931, 37.52246273171041]]]}, "properties": {"floor": 15, "z_m": 46.2, "depth_m": 1.35, "type": "서측 픽셀", "area_m2": 4.25}}, {"type": "Feature", "geometry": {"type": "Polygon", "coordinates": [[[126.93572639019933, 37.52243391174889], [126.93573595232918, 37.52243471747121], [126.93573220414241, 37.522462936185285], [126.93572264200901, 37.522462130462664], [126.93572639019933, 37.52243391174889]]]}, "properties": {"floor": 15, "z_m": 46.2, "depth_m": 0.85, "type": "서측 픽셀", "area_m2": 2.68}}, {"type": "Feature", "geometry": {"type": "Polygon", "coordinates": [[[126.93572854742376, 37.522374849961004], [126.935743734324, 37.52237612963698], [126.93573998614313, 37.522404348351614], [126.93572479923722, 37.52240306867513], [126.93572854742376, 37.522374849961004]]]}, "properties": {"floor": 15, "z_m": 46.2, "depth_m": 1.35, "type": "서측 픽셀", "area_m2": 4.25}}, {"type": "Feature", "geometry": {"type": "Polygon", "coordinates": [[[126.93573806319809, 37.52234602999808], [126.93574762531684, 37.52234683571946], [126.93574387713889, 37.52237505443434], [126.93573431501659, 37.52237424871267], [126.93573806319809, 37.52234602999808]]]}, "properties": {"floor": 15, "z_m": 46.2, "depth_m": 0.85, "type": "서측 픽셀", "area_m2": 2.68}}, {"type": "Feature", "geometry": {"type": "Polygon", "coordinates": [[[126.93574022041065, 37.522286968209094], [126.93575540729331, 37.52228824788358], [126.93575165912127, 37.522316466599], [126.93573647223296, 37.52231518692403], [126.93574022041065, 37.522286968209094]]]}, "properties": {"floor": 15, "z_m": 46.2, "depth_m": 1.35, "type": "서측 픽셀", "area_m2": 4.25}}, {"type": "Feature", "geometry": {"type": "Polygon", "coordinates": [[[126.93574973616929, 37.522258148244795], [126.93575929827696, 37.522258953965235], [126.93575555010784, 37.52228717268091], [126.93574598799663, 37.522286366960174], [126.93574973616929, 37.522258148244795]]]}, "properties": {"floor": 15, "z_m": 46.2, "depth_m": 0.85, "type": "서측 픽셀", "area_m2": 2.68}}, {"type": "Feature", "geometry": {"type": "Polygon", "coordinates": [[[126.93575189337004, 37.522199086454705], [126.93576708023507, 37.52220036612769], [126.93576333207184, 37.52222858484391], [126.93574814520117, 37.52222730517043], [126.93575189337004, 37.522199086454705]]]}, "properties": {"floor": 15, "z_m": 46.2, "depth_m": 1.35, "type": "서측 픽셀", "area_m2": 4.25}}, {"type": "Feature", "geometry": {"type": "Polygon", "coordinates": [[[126.93576140911297, 37.52217026648901], [126.93577097120954, 37.5221710722085], [126.93576722304927, 37.52219929092498], [126.93575766094914, 37.52219848520519], [126.93576140911297, 37.52217026648901]]]}, "properties": {"floor": 15, "z_m": 46.2, "depth_m": 0.85, "type": "서측 픽셀", "area_m2": 2.68}}, {"type": "Feature", "geometry": {"type": "Polygon", "coordinates": [[[126.93576356630186, 37.52211120469781], [126.93577875314931, 37.52211248436931], [126.93577500499492, 37.522140703086315], [126.93575981814183, 37.52213942341435], [126.93576356630186, 37.52211120469781]]]}, "properties": {"floor": 15, "z_m": 46.2, "depth_m": 1.35, "type": "서측 픽셀", "area_m2": 4.25}}, {"type": "Feature", "geometry": {"type": "Polygon", "coordinates": [[[126.9357730820291, 37.52208238473075], [126.9357826441146, 37.52208319044929], [126.93577889596315, 37.52211140916657], [126.93576933387413, 37.52211060344772], [126.9357730820291, 37.52208238473075]]]}, "properties": {"floor": 15, "z_m": 46.2, "depth_m": 0.85, "type": "서측 픽셀", "area_m2": 2.68}}, {"type": "Feature", "geometry": {"type": "Polygon", "coordinates": [[[126.93577523920617, 37.52202332293844], [126.935790426036, 37.522024602608425], [126.93578667789048, 37.52205282132625], [126.93577149105498, 37.52205154165577], [126.93577523920617, 37.52202332293844]]]}, "properties": {"floor": 15, "z_m": 46.2, "depth_m": 1.35, "type": "서측 픽셀", "area_m2": 4.25}}, {"type": "Feature", "geometry": {"type": "Polygon", "coordinates": [[[126.93578475491772, 37.52199450296999], [126.93579431699212, 37.52199530868759], [126.93579056884951, 37.52202352740567], [126.93578100677155, 37.52202272168777], [126.93578475491772, 37.52199450296999]]]}, "properties": {"floor": 15, "z_m": 46.2, "depth_m": 0.85, "type": "서측 픽셀", "area_m2": 2.68}}, {"type": "Feature", "geometry": {"type": "Polygon", "coordinates": [[[126.9359361321132, 37.52200671457392], [126.93594288181502, 37.52200728330718], [126.93587673612167, 37.522505280007], [126.9358699863755, 37.52250471126995], [126.9359361321132, 37.52200671457392]]]}, "properties": {"floor": 15, "z_m": 46.2, "depth_m": 0.6, "type": "동측 연속", "area_m2": 33.35}}, {"type": "Feature", "geometry": {"type": "Polygon", "coordinates": [[[126.93572249919366, 37.52246320566527], [126.93573206132719, 37.522464011387896], [126.93572831313746, 37.52249223010171], [126.93571875100037, 37.52249142437878], [126.93572249919366, 37.52246320566527]]]}, "properties": {"floor": 16, "z_m": 49.5, "depth_m": 0.85, "type": "서측 픽셀", "area_m2": 2.68}}, {"type": "Feature", "geometry": {"type": "Polygon", "coordinates": [[[126.93572465642198, 37.52240414387774], [126.93573984332814, 37.52240542355424], [126.93573609514428, 37.52243364226858], [126.93572090823251, 37.52243236259161], [126.93572465642198, 37.52240414387774]]]}, "properties": {"floor": 16, "z_m": 49.5, "depth_m": 1.35, "type": "서측 픽셀", "area_m2": 4.25}}, {"type": "Feature", "geometry": {"type": "Polygon", "coordinates": [[[126.93573417220156, 37.52237532391529], [126.935743734324, 37.52237612963698], [126.93573998614313, 37.522404348351614], [126.93573042401712, 37.52240354262961], [126.93573417220156, 37.52237532391529]]]}, "properties": {"floor": 16, "z_m": 49.5, "depth_m": 0.85, "type": "서측 픽셀", "area_m2": 2.68}}, {"type": "Feature", "geometry": {"type": "Polygon", "coordinates": [[[126.93573632941809, 37.522316262126665], [126.9357515163066, 37.52231754180166], [126.9357477681316, 37.52234576051681], [126.93573258123742, 37.52234448084133], [126.93573632941809, 37.522316262126665]]]}, "properties": {"floor": 16, "z_m": 49.5, "depth_m": 1.35, "type": "서측 픽셀", "area_m2": 4.25}}, {"type": "Feature", "geometry": {"type": "Polygon", "coordinates": [[[126.93574584518194, 37.52228744216284], [126.93575540729331, 37.52228824788358], [126.93575165912127, 37.522316466599], [126.93574209700633, 37.52231566087796], [126.93574584518194, 37.52228744216284]]]}, "properties": {"floor": 16, "z_m": 49.5, "depth_m": 0.85, "type": "서측 픽셀", "area_m2": 2.68}}, {"type": "Feature", "geometry": {"type": "Polygon", "coordinates": [[[126.93574800238663, 37.52222838037311], [126.93576318925754, 37.5222296600466], [126.93575944109138, 37.52225787876255], [126.93574425421482, 37.522256599088585], [126.93574800238663, 37.52222838037311]]]}, "properties": {"floor": 16, "z_m": 49.5, "depth_m": 1.35, "type": "서측 픽셀", "area_m2": 4.25}}, {"type": "Feature", "geometry": {"type": "Polygon", "coordinates": [[[126.93575751813478, 37.522199560407884], [126.93576708023507, 37.52220036612769], [126.93576333207184, 37.52222858484391], [126.93575376996803, 37.52222777912381], [126.93575751813478, 37.522199560407884]]]}, "properties": {"floor": 16, "z_m": 49.5, "depth_m": 0.85, "type": "서측 픽셀", "area_m2": 2.68}}, {"type": "Feature", "geometry": {"type": "Polygon", "coordinates": [[[126.93575967532765, 37.522140498617055], [126.93577486218095, 37.52214177828904], [126.93577111402364, 37.52216999700578], [126.93575592716466, 37.52216871733332], [126.93575967532765, 37.522140498617055]]]}, "properties": {"floor": 16, "z_m": 49.5, "depth_m": 1.35, "type": "서측 픽셀", "area_m2": 4.25}}, {"type": "Feature", "geometry": {"type": "Polygon", "coordinates": [[[126.93576919106012, 37.52211167865045], [126.93577875314931, 37.52211248436931], [126.93577500499492, 37.522140703086315], [126.93576544290218, 37.52213989736716], [126.93576919106012, 37.52211167865045]]]}, "properties": {"floor": 16, "z_m": 49.5, "depth_m": 0.85, "type": "서측 픽셀", "area_m2": 2.68}}, {"type": "Feature", "geometry": {"type": "Polygon", "coordinates": [[[126.93577134824113, 37.5220526168585], [126.93578653507682, 37.522053896529], [126.93578278692834, 37.522082115246555], [126.935767600087, 37.52208083557557], [126.93577134824113, 37.5220526168585]]]}, "properties": {"floor": 16, "z_m": 49.5, "depth_m": 1.35, "type": "서측 픽셀", "area_m2": 4.25}}, {"type": "Feature", "geometry": {"type": "Polygon", "coordinates": [[[126.9357808639579, 37.522023796890515], [126.935790426036, 37.522024602608425], [126.93578667789048, 37.52205282132625], [126.93577711580882, 37.522052015608025], [126.9357808639579, 37.522023796890515]]]}, "properties": {"floor": 16, "z_m": 49.5, "depth_m": 0.85, "type": "서측 픽셀", "area_m2": 2.68}}, {"type": "Feature", "geometry": {"type": "Polygon", "coordinates": [[[126.9359361321132, 37.52200671457392], [126.93594288181502, 37.52200728330718], [126.93587673612167, 37.522505280007], [126.9358699863755, 37.52250471126995], [126.9359361321132, 37.52200671457392]]]}, "properties": {"floor": 16, "z_m": 49.5, "depth_m": 0.6, "type": "동측 연속", "area_m2": 33.35}}, {"type": "Feature", "geometry": {"type": "Polygon", "coordinates": [[[126.93572076541719, 37.52243343779421], [126.93573595232918, 37.52243471747121], [126.93573220414241, 37.522462936185285], [126.93571701722475, 37.52246165650782], [126.93572076541719, 37.52243343779421]]]}, "properties": {"floor": 17, "z_m": 52.8, "depth_m": 1.35, "type": "서측 픽셀", "area_m2": 4.25}}, {"type": "Feature", "geometry": {"type": "Polygon", "coordinates": [[[126.93573028120198, 37.52240461783224], [126.93573984332814, 37.52240542355424], [126.93573609514428, 37.52243364226858], [126.93572653301459, 37.52243283654628], [126.93573028120198, 37.52240461783224]]]}, "properties": {"floor": 17, "z_m": 52.8, "depth_m": 0.85, "type": "서측 픽셀", "area_m2": 2.68}}, {"type": "Feature", "geometry": {"type": "Polygon", "coordinates": [[[126.93573243842245, 37.52234555604397], [126.93574762531684, 37.52234683571946], [126.93574387713889, 37.52237505443434], [126.93572869023886, 37.52237377475838], [126.93573243842245, 37.52234555604397]]]}, "properties": {"floor": 17, "z_m": 52.8, "depth_m": 1.35, "type": "서측 픽셀", "area_m2": 4.25}}, {"type": "Feature", "geometry": {"type": "Polygon", "coordinates": [[[126.93574195419154, 37.522316736080604], [126.9357515163066, 37.52231754180166], [126.9357477681316, 37.52234576051681], [126.93573820601299, 37.52234495479544], [126.93574195419154, 37.522316736080604]]]}, "properties": {"floor": 17, "z_m": 52.8, "depth_m": 0.85, "type": "서측 픽셀", "area_m2": 2.68}}, {"type": "Feature", "geometry": {"type": "Polygon", "coordinates": [[[126.93574411140018, 37.52225767429123], [126.93575929827696, 37.522258953965235], [126.93575555010784, 37.52228717268091], [126.93574036322542, 37.52228589300644], [126.93574411140018, 37.52225767429123]]]}, "properties": {"floor": 17, "z_m": 52.8, "depth_m": 1.35, "type": "서측 픽셀", "area_m2": 4.25}}, {"type": "Feature", "geometry": {"type": "Polygon", "coordinates": [[[126.93575362715357, 37.522228854326485], [126.93576318925754, 37.5222296600466], [126.93575944109138, 37.52225787876255], [126.93574987898384, 37.522257073042134], [126.93575362715357, 37.522228854326485]]]}, "properties": {"floor": 17, "z_m": 52.8, "depth_m": 0.85, "type": "서측 픽셀", "area_m2": 2.68}}, {"type": "Feature", "geometry": {"type": "Polygon", "coordinates": [[[126.93575578435036, 37.52216979253601], [126.93577097120954, 37.5221710722085], [126.93576722304927, 37.52219929092498], [126.93575203618445, 37.522198011252016], [126.93575578435036, 37.52216979253601]]]}, "properties": {"floor": 17, "z_m": 52.8, "depth_m": 1.35, "type": "서측 픽셀", "area_m2": 4.25}}, {"type": "Feature", "geometry": {"type": "Polygon", "coordinates": [[[126.93576530008806, 37.522140972569865], [126.93577486218095, 37.52214177828904], [126.93577111402364, 37.52216999700578], [126.9357615519272, 37.52216919128632], [126.93576530008806, 37.522140972569865]]]}, "properties": {"floor": 17, "z_m": 52.8, "depth_m": 0.85, "type": "서측 픽셀", "area_m2": 2.68}}, {"type": "Feature", "geometry": {"type": "Polygon", "coordinates": [[[126.93576745727303, 37.5220819107783], [126.9357826441146, 37.52208319044929], [126.93577889596315, 37.52211140916657], [126.93576370911595, 37.522110129495104], [126.93576745727303, 37.5220819107783]]]}, "properties": {"floor": 17, "z_m": 52.8, "depth_m": 1.35, "type": "서측 픽셀", "area_m2": 4.25}}, {"type": "Feature", "geometry": {"type": "Polygon", "coordinates": [[[126.93577697299501, 37.52205309081077], [126.93578653507682, 37.522053896529], [126.93578278692834, 37.522082115246555], [126.935773224843, 37.522081309528026], [126.93577697299501, 37.52205309081077]]]}, "properties": {"floor": 17, "z_m": 52.8, "depth_m": 0.85, "type": "서측 픽셀", "area_m2": 2.68}}, {"type": "Feature", "geometry": {"type": "Polygon", "coordinates": [[[126.93577913016816, 37.521994029018096], [126.93579431699212, 37.52199530868759], [126.93579056884951, 37.52202352740567], [126.93577538201991, 37.522022247735684], [126.93577913016816, 37.521994029018096]]]}, "properties": {"floor": 17, "z_m": 52.8, "depth_m": 1.35, "type": "서측 픽셀", "area_m2": 4.25}}, {"type": "Feature", "geometry": {"type": "Polygon", "coordinates": [[[126.9359361321132, 37.52200671457392], [126.93594288181502, 37.52200728330718], [126.93587673612167, 37.522505280007], [126.9358699863755, 37.52250471126995], [126.9359361321132, 37.52200671457392]]]}, "properties": {"floor": 17, "z_m": 52.8, "depth_m": 0.6, "type": "동측 연속", "area_m2": 33.35}}, {"type": "Feature", "geometry": {"type": "Polygon", "coordinates": [[[126.93572440339803, 37.52244886963059], [126.93573396552975, 37.522449675353066], [126.93573021734147, 37.522477894067016], [126.93572065520618, 37.52247708834423], [126.93572440339803, 37.52244886963059]]]}, "properties": {"floor": 19, "z_m": 59.4, "depth_m": 0.85, "type": "서측 픽셀", "area_m2": 2.68}}, {"type": "Feature", "geometry": {"type": "Polygon", "coordinates": [[[126.93572266962113, 37.52241910175949], [126.93573785653025, 37.522420381436234], [126.93573410834493, 37.522448600150454], [126.93571892143014, 37.52244732047322], [126.93572266962113, 37.52241910175949]]]}, "properties": {"floor": 19, "z_m": 59.4, "depth_m": 1.35, "type": "서측 픽셀", "area_m2": 4.25}}, {"type": "Feature", "geometry": {"type": "Polygon", "coordinates": [[[126.93573607640145, 37.52236098788021], [126.93574563852209, 37.522361793601746], [126.93574189034264, 37.522390012316485], [126.93573232821845, 37.522389206594646], [126.93573607640145, 37.52236098788021]]]}, "properties": {"floor": 19, "z_m": 59.4, "depth_m": 0.85, "type": "서측 픽셀", "area_m2": 2.68}}, {"type": "Feature", "geometry": {"type": "Polygon", "coordinates": [[[126.93573434262191, 37.52233122000884], [126.93574952951343, 37.52233249968409], [126.93574578133693, 37.52236071839909], [126.93573059443975, 37.52235943872338], [126.93573434262191, 37.52233122000884]]]}, "properties": {"floor": 19, "z_m": 59.4, "depth_m": 1.35, "type": "서측 픽셀", "area_m2": 4.25}}, {"type": "Feature", "geometry": {"type": "Polygon", "coordinates": [[[126.93574774937736, 37.52227310612734], [126.9357573114869, 37.52227391184794], [126.9357535633163, 37.52230213056348], [126.93574400120318, 37.52230132484259], [126.93574774937736, 37.52227310612734]]]}, "properties": {"floor": 19, "z_m": 59.4, "depth_m": 0.85, "type": "서측 픽셀", "area_m2": 2.68}}, {"type": "Feature", "geometry": {"type": "Polygon", "coordinates": [[[126.93574601559514, 37.522243338255706], [126.93576120246905, 37.52224461792945], [126.93575745430138, 37.522272836645264], [126.93574226742183, 37.522271556971035], [126.93574601559514, 37.522243338255706]]]}, "properties": {"floor": 19, "z_m": 59.4, "depth_m": 1.35, "type": "서측 픽셀", "area_m2": 4.25}}, {"type": "Feature", "geometry": {"type": "Polygon", "coordinates": [[[126.93575942232569, 37.52218522437198], [126.93576898442417, 37.52218603009164], [126.9357652362624, 37.522214248807984], [126.93575567416038, 37.522213443088035], [126.93575942232569, 37.52218522437198]]]}, "properties": {"floor": 19, "z_m": 59.4, "depth_m": 0.85, "type": "서측 픽셀", "area_m2": 2.68}}, {"type": "Feature", "geometry": {"type": "Polygon", "coordinates": [[[126.93575768854083, 37.522155456500066], [126.93577287539713, 37.52215673617232], [126.93576912723833, 37.52218495488894], [126.93575394037637, 37.522183675216205], [126.93575768854083, 37.522155456500066]]]}, "properties": {"floor": 19, "z_m": 59.4, "depth_m": 1.35, "type": "서측 픽셀", "area_m2": 4.25}}, {"type": "Feature", "geometry": {"type": "Polygon", "coordinates": [[[126.93577109524654, 37.52209734261414], [126.93578065733391, 37.52209814833285], [126.93577690918097, 37.52212636705], [126.93576734709004, 37.52212556133099], [126.93577109524654, 37.52209734261414]]]}, "properties": {"floor": 19, "z_m": 59.4, "depth_m": 0.85, "type": "서측 픽셀", "area_m2": 2.68}}, {"type": "Feature", "geometry": {"type": "Polygon", "coordinates": [[[126.935769361459, 37.522067574741946], [126.93578454829769, 37.52206885441271], [126.93578080014771, 37.52209707313012], [126.93576561330337, 37.52209579345888], [126.935769361459, 37.522067574741946]]]}, "properties": {"floor": 19, "z_m": 59.4, "depth_m": 1.35, "type": "서측 픽셀", "area_m2": 4.25}}, {"type": "Feature", "geometry": {"type": "Polygon", "coordinates": [[[126.93578276813982, 37.52200946085381], [126.93579233021612, 37.52201026657157], [126.93578858207202, 37.52203848528951], [126.93577901999217, 37.52203767957145], [126.93578276813982, 37.52200946085381]]]}, "properties": {"floor": 19, "z_m": 59.4, "depth_m": 0.85, "type": "서측 픽셀", "area_m2": 2.68}}, {"type": "Feature", "geometry": {"type": "Polygon", "coordinates": [[[126.93578103434966, 37.52197969298134], [126.93579622117072, 37.521980972650596], [126.9357924730296, 37.5220091913688], [126.93577728620286, 37.52200791169907], [126.93578103434966, 37.52197969298134]]]}, "properties": {"floor": 19, "z_m": 59.4, "depth_m": 1.35, "type": "서측 픽셀", "area_m2": 4.25}}, {"type": "Feature", "geometry": {"type": "Polygon", "coordinates": [[[126.93593803626497, 37.521992378534634], [126.93594478596553, 37.52199294726779], [126.93587864029762, 37.52249094396992], [126.93587189055275, 37.52249037523298], [126.93593803626497, 37.521992378534634]]]}, "properties": {"floor": 19, "z_m": 59.4, "depth_m": 0.6, "type": "동측 연속", "area_m2": 33.35}}, {"type": "Feature", "geometry": {"type": "Polygon", "coordinates": [[[126.93572829440224, 37.52241957571406], [126.93573785653025, 37.522420381436234], [126.93573410834493, 37.522448600150454], [126.93572454621332, 37.52244779442798], [126.93572829440224, 37.52241957571406]]]}, "properties": {"floor": 20, "z_m": 62.7, "depth_m": 0.85, "type": "서측 픽셀", "area_m2": 2.68}}, {"type": "Feature", "geometry": {"type": "Polygon", "coordinates": [[[126.93572656062446, 37.52238980784289], [126.9357417475277, 37.52239108751914], [126.93573799934532, 37.522419306233616], [126.93572281243641, 37.522418026556885], [126.93572656062446, 37.52238980784289]]]}, "properties": {"floor": 20, "z_m": 62.7, "depth_m": 1.35, "type": "서측 픽셀", "area_m2": 4.25}}, {"type": "Feature", "geometry": {"type": "Polygon", "coordinates": [[[126.93573996739649, 37.52233169396286], [126.93574952951343, 37.52233249968409], [126.93574578133693, 37.52236071839909], [126.93573621921642, 37.52235991267757], [126.93573996739649, 37.52233169396286]]]}, "properties": {"floor": 20, "z_m": 62.7, "depth_m": 0.85, "type": "서측 픽셀", "area_m2": 2.68}}, {"type": "Feature", "geometry": {"type": "Polygon", "coordinates": [[[126.93573823361605, 37.5223019260914], [126.93575342050168, 37.52230320576614], [126.93574967232814, 37.522331424481436], [126.93573448543684, 37.522330144806205], [126.93573823361605, 37.5223019260914]]]}, "properties": {"floor": 20, "z_m": 62.7, "depth_m": 1.35, "type": "서측 픽셀", "area_m2": 4.25}}, {"type": "Feature", "geometry": {"type": "Polygon", "coordinates": [[[126.9357516403632, 37.52224381220917], [126.93576120246905, 37.52224461792945], [126.93575745430138, 37.522272836645264], [126.93574789219197, 37.52227203092468], [126.9357516403632, 37.52224381220917]]]}, "properties": {"floor": 20, "z_m": 62.7, "depth_m": 0.85, "type": "서측 픽셀", "area_m2": 2.68}}, {"type": "Feature", "geometry": {"type": "Polygon", "coordinates": [[[126.9357499065801, 37.52221404433744], [126.93576509344814, 37.52221532401068], [126.93576134528344, 37.52224354272676], [126.93574615840973, 37.52224226305304], [126.9357499065801, 37.52221404433744]]]}, "properties": {"floor": 20, "z_m": 62.7, "depth_m": 1.35, "type": "서측 픽셀", "area_m2": 4.25}}, {"type": "Feature", "geometry": {"type": "Polygon", "coordinates": [[[126.93576331330237, 37.522155930452975], [126.93577287539713, 37.52215673617232], [126.93576912723833, 37.52218495488894], [126.93575956513997, 37.5221841491693], [126.93576331330237, 37.522155930452975]]]}, "properties": {"floor": 20, "z_m": 62.7, "depth_m": 0.85, "type": "서측 픽셀", "area_m2": 2.68}}, {"type": "Feature", "geometry": {"type": "Polygon", "coordinates": [[[126.93576157951662, 37.522126162580975], [126.93577676636706, 37.52212744225272], [126.9357730182112, 37.52215566096961], [126.93575783135509, 37.522154381297376], [126.93576157951662, 37.522126162580975]]]}, "properties": {"floor": 20, "z_m": 62.7, "depth_m": 1.35, "type": "서측 픽셀", "area_m2": 4.25}}, {"type": "Feature", "geometry": {"type": "Polygon", "coordinates": [[[126.93577498621403, 37.522068048694315], [126.93578454829769, 37.52206885441271], [126.93578080014771, 37.52209707313012], [126.93577123806048, 37.52209626741141], [126.93577498621403, 37.522068048694315]]]}, "properties": {"floor": 20, "z_m": 62.7, "depth_m": 0.85, "type": "서측 픽셀", "area_m2": 2.68}}, {"type": "Feature", "geometry": {"type": "Polygon", "coordinates": [[[126.9357732524256, 37.522038280822024], [126.93578843925845, 37.522039560492274], [126.9357846911114, 37.52206777920995], [126.93576950427293, 37.52206649953922], [126.9357732524256, 37.522038280822024]]]}, "properties": {"floor": 20, "z_m": 62.7, "depth_m": 1.35, "type": "서측 픽셀", "area_m2": 4.25}}, {"type": "Feature", "geometry": {"type": "Polygon", "coordinates": [[[126.93578665909816, 37.52198016693314], [126.93579622117072, 37.521980972650596], [126.9357924730296, 37.5220091913688], [126.93578291095344, 37.52200838565106], [126.93578665909816, 37.52198016693314]]]}, "properties": {"floor": 20, "z_m": 62.7, "depth_m": 0.85, "type": "서측 픽셀", "area_m2": 2.68}}, {"type": "Feature", "geometry": {"type": "Polygon", "coordinates": [[[126.93593803626497, 37.521992378534634], [126.93594478596553, 37.52199294726779], [126.93587864029762, 37.52249094396992], [126.93587189055275, 37.52249037523298], [126.93593803626497, 37.521992378534634]]]}, "properties": {"floor": 20, "z_m": 62.7, "depth_m": 0.6, "type": "동측 연속", "area_m2": 33.35}}, {"type": "Feature", "geometry": {"type": "Polygon", "coordinates": [[[126.93571877861476, 37.52244839567582], [126.93573396552975, 37.522449675353066], [126.93573021734147, 37.522477894067016], [126.93571503042082, 37.52247661438929], [126.93571877861476, 37.52244839567582]]]}, "properties": {"floor": 21, "z_m": 66.0, "depth_m": 1.35, "type": "서측 픽셀", "area_m2": 4.25}}, {"type": "Feature", "geometry": {"type": "Polygon", "coordinates": [[[126.93573218540337, 37.52239028179728], [126.9357417475277, 37.52239108751914], [126.93573799934532, 37.522419306233616], [126.9357284372174, 37.522418500511456], [126.93573218540337, 37.52239028179728]]]}, "properties": {"floor": 21, "z_m": 66.0, "depth_m": 0.85, "type": "서측 픽셀", "area_m2": 2.68}}, {"type": "Feature", "geometry": {"type": "Polygon", "coordinates": [[[126.93573045162469, 37.522360513926], [126.93574563852209, 37.522361793601746], [126.93574189034264, 37.522390012316485], [126.9357267034396, 37.52238873264028], [126.93573045162469, 37.522360513926]]]}, "properties": {"floor": 21, "z_m": 66.0, "depth_m": 1.35, "type": "서측 픽셀", "area_m2": 4.25}}, {"type": "Feature", "geometry": {"type": "Polygon", "coordinates": [[[126.93574385838843, 37.52230240004524], [126.93575342050168, 37.52230320576614], [126.93574967232814, 37.522331424481436], [126.93574011021133, 37.52233061876022], [126.93574385838843, 37.52230240004524]]]}, "properties": {"floor": 21, "z_m": 66.0, "depth_m": 0.85, "type": "서측 픽셀", "area_m2": 2.68}}, {"type": "Feature", "geometry": {"type": "Polygon", "coordinates": [[[126.9357421246071, 37.52227263217369], [126.9357573114869, 37.52227391184794], [126.9357535633163, 37.52230213056348], [126.93573837643088, 37.522300850888755], [126.9357421246071, 37.52227263217369]]]}, "properties": {"floor": 21, "z_m": 66.0, "depth_m": 1.35, "type": "서측 픽셀", "area_m2": 4.25}}, {"type": "Feature", "geometry": {"type": "Polygon", "coordinates": [[[126.93575553134599, 37.52221451829072], [126.93576509344814, 37.52221532401068], [126.93576134528344, 37.52224354272676], [126.93575178317771, 37.52224273700649], [126.93575553134599, 37.52221451829072]]]}, "properties": {"floor": 21, "z_m": 66.0, "depth_m": 0.85, "type": "서측 픽셀", "area_m2": 2.68}}, {"type": "Feature", "geometry": {"type": "Polygon", "coordinates": [[[126.93575379756199, 37.52218475041889], [126.93576898442417, 37.52218603009164], [126.9357652362624, 37.522214248807984], [126.93575004939458, 37.52221296913475], [126.93575379756199, 37.52218475041889]]]}, "properties": {"floor": 21, "z_m": 66.0, "depth_m": 1.35, "type": "서측 픽셀", "area_m2": 4.25}}, {"type": "Feature", "geometry": {"type": "Polygon", "coordinates": [[[126.93576720427598, 37.52212663653369], [126.93577676636706, 37.52212744225272], [126.9357730182112, 37.52215566096961], [126.93576345611653, 37.522154855250285], [126.93576720427598, 37.52212663653369]]]}, "properties": {"floor": 21, "z_m": 66.0, "depth_m": 0.85, "type": "서측 픽셀", "area_m2": 2.68}}, {"type": "Feature", "geometry": {"type": "Polygon", "coordinates": [[[126.93576547048934, 37.5220968686616], [126.93578065733391, 37.52209814833285], [126.93577690918097, 37.52212636705], [126.93576172233075, 37.522125087378264], [126.93576547048934, 37.5220968686616]]]}, "properties": {"floor": 21, "z_m": 66.0, "depth_m": 1.35, "type": "서측 픽셀", "area_m2": 4.25}}, {"type": "Feature", "geometry": {"type": "Polygon", "coordinates": [[[126.93577887717845, 37.522038754774194], [126.93578843925845, 37.522039560492274], [126.9357846911114, 37.52206777920995], [126.93577512902786, 37.522066973491576], [126.93577887717845, 37.522038754774194]]]}, "properties": {"floor": 21, "z_m": 66.0, "depth_m": 0.85, "type": "서측 픽셀", "area_m2": 2.68}}, {"type": "Feature", "geometry": {"type": "Polygon", "coordinates": [[[126.93577714338916, 37.52200898690182], [126.93579233021612, 37.52201026657157], [126.93578858207202, 37.52203848528951], [126.93577339523944, 37.52203720561929], [126.93577714338916, 37.52200898690182]]]}, "properties": {"floor": 21, "z_m": 66.0, "depth_m": 1.35, "type": "서측 픽셀", "area_m2": 4.25}}, {"type": "Feature", "geometry": {"type": "Polygon", "coordinates": [[[126.93593803626497, 37.521992378534634], [126.93594478596553, 37.52199294726779], [126.93587864029762, 37.52249094396992], [126.93587189055275, 37.52249037523298], [126.93593803626497, 37.521992378534634]]]}, "properties": {"floor": 21, "z_m": 66.0, "depth_m": 0.6, "type": "동측 연속", "area_m2": 33.35}}, {"type": "Feature", "geometry": {"type": "Polygon", "coordinates": [[[126.93572440339803, 37.52244886963059], [126.93573396552975, 37.522449675353066], [126.93573021734147, 37.522477894067016], [126.93572065520618, 37.52247708834423], [126.93572440339803, 37.52244886963059]]]}, "properties": {"floor": 22, "z_m": 69.3, "depth_m": 0.85, "type": "서측 픽셀", "area_m2": 2.68}}, {"type": "Feature", "geometry": {"type": "Polygon", "coordinates": [[[126.93572266962113, 37.52241910175949], [126.93573785653025, 37.522420381436234], [126.93573410834493, 37.522448600150454], [126.93571892143014, 37.52244732047322], [126.93572266962113, 37.52241910175949]]]}, "properties": {"floor": 22, "z_m": 69.3, "depth_m": 1.35, "type": "서측 픽셀", "area_m2": 4.25}}, {"type": "Feature", "geometry": {"type": "Polygon", "coordinates": [[[126.93573607640145, 37.52236098788021], [126.93574563852209, 37.522361793601746], [126.93574189034264, 37.522390012316485], [126.93573232821845, 37.522389206594646], [126.93573607640145, 37.52236098788021]]]}, "properties": {"floor": 22, "z_m": 69.3, "depth_m": 0.85, "type": "서측 픽셀", "area_m2": 2.68}}, {"type": "Feature", "geometry": {"type": "Polygon", "coordinates": [[[126.93573434262191, 37.52233122000884], [126.93574952951343, 37.52233249968409], [126.93574578133693, 37.52236071839909], [126.93573059443975, 37.52235943872338], [126.93573434262191, 37.52233122000884]]]}, "properties": {"floor": 22, "z_m": 69.3, "depth_m": 1.35, "type": "서측 픽셀", "area_m2": 4.25}}, {"type": "Feature", "geometry": {"type": "Polygon", "coordinates": [[[126.93574774937736, 37.52227310612734], [126.9357573114869, 37.52227391184794], [126.9357535633163, 37.52230213056348], [126.93574400120318, 37.52230132484259], [126.93574774937736, 37.52227310612734]]]}, "properties": {"floor": 22, "z_m": 69.3, "depth_m": 0.85, "type": "서측 픽셀", "area_m2": 2.68}}, {"type": "Feature", "geometry": {"type": "Polygon", "coordinates": [[[126.93574601559514, 37.522243338255706], [126.93576120246905, 37.52224461792945], [126.93575745430138, 37.522272836645264], [126.93574226742183, 37.522271556971035], [126.93574601559514, 37.522243338255706]]]}, "properties": {"floor": 22, "z_m": 69.3, "depth_m": 1.35, "type": "서측 픽셀", "area_m2": 4.25}}, {"type": "Feature", "geometry": {"type": "Polygon", "coordinates": [[[126.93575942232569, 37.52218522437198], [126.93576898442417, 37.52218603009164], [126.9357652362624, 37.522214248807984], [126.93575567416038, 37.522213443088035], [126.93575942232569, 37.52218522437198]]]}, "properties": {"floor": 22, "z_m": 69.3, "depth_m": 0.85, "type": "서측 픽셀", "area_m2": 2.68}}, {"type": "Feature", "geometry": {"type": "Polygon", "coordinates": [[[126.93575768854083, 37.522155456500066], [126.93577287539713, 37.52215673617232], [126.93576912723833, 37.52218495488894], [126.93575394037637, 37.522183675216205], [126.93575768854083, 37.522155456500066]]]}, "properties": {"floor": 22, "z_m": 69.3, "depth_m": 1.35, "type": "서측 픽셀", "area_m2": 4.25}}, {"type": "Feature", "geometry": {"type": "Polygon", "coordinates": [[[126.93577109524654, 37.52209734261414], [126.93578065733391, 37.52209814833285], [126.93577690918097, 37.52212636705], [126.93576734709004, 37.52212556133099], [126.93577109524654, 37.52209734261414]]]}, "properties": {"floor": 22, "z_m": 69.3, "depth_m": 0.85, "type": "서측 픽셀", "area_m2": 2.68}}, {"type": "Feature", "geometry": {"type": "Polygon", "coordinates": [[[126.935769361459, 37.522067574741946], [126.93578454829769, 37.52206885441271], [126.93578080014771, 37.52209707313012], [126.93576561330337, 37.52209579345888], [126.935769361459, 37.522067574741946]]]}, "properties": {"floor": 22, "z_m": 69.3, "depth_m": 1.35, "type": "서측 픽셀", "area_m2": 4.25}}, {"type": "Feature", "geometry": {"type": "Polygon", "coordinates": [[[126.93578276813982, 37.52200946085381], [126.93579233021612, 37.52201026657157], [126.93578858207202, 37.52203848528951], [126.93577901999217, 37.52203767957145], [126.93578276813982, 37.52200946085381]]]}, "properties": {"floor": 22, "z_m": 69.3, "depth_m": 0.85, "type": "서측 픽셀", "area_m2": 2.68}}, {"type": "Feature", "geometry": {"type": "Polygon", "coordinates": [[[126.93578103434966, 37.52197969298134], [126.93579622117072, 37.521980972650596], [126.9357924730296, 37.5220091913688], [126.93577728620286, 37.52200791169907], [126.93578103434966, 37.52197969298134]]]}, "properties": {"floor": 22, "z_m": 69.3, "depth_m": 1.35, "type": "서측 픽셀", "area_m2": 4.25}}, {"type": "Feature", "geometry": {"type": "Polygon", "coordinates": [[[126.93593803626497, 37.521992378534634], [126.93594478596553, 37.52199294726779], [126.93587864029762, 37.52249094396992], [126.93587189055275, 37.52249037523298], [126.93593803626497, 37.521992378534634]]]}, "properties": {"floor": 22, "z_m": 69.3, "depth_m": 0.6, "type": "동측 연속", "area_m2": 33.35}}, {"type": "Feature", "geometry": {"type": "Polygon", "coordinates": [[[126.93572829440224, 37.52241957571406], [126.93573785653025, 37.522420381436234], [126.93573410834493, 37.522448600150454], [126.93572454621332, 37.52244779442798], [126.93572829440224, 37.52241957571406]]]}, "properties": {"floor": 23, "z_m": 72.6, "depth_m": 0.85, "type": "서측 픽셀", "area_m2": 2.68}}, {"type": "Feature", "geometry": {"type": "Polygon", "coordinates": [[[126.93572656062446, 37.52238980784289], [126.9357417475277, 37.52239108751914], [126.93573799934532, 37.522419306233616], [126.93572281243641, 37.522418026556885], [126.93572656062446, 37.52238980784289]]]}, "properties": {"floor": 23, "z_m": 72.6, "depth_m": 1.35, "type": "서측 픽셀", "area_m2": 4.25}}, {"type": "Feature", "geometry": {"type": "Polygon", "coordinates": [[[126.93573996739649, 37.52233169396286], [126.93574952951343, 37.52233249968409], [126.93574578133693, 37.52236071839909], [126.93573621921642, 37.52235991267757], [126.93573996739649, 37.52233169396286]]]}, "properties": {"floor": 23, "z_m": 72.6, "depth_m": 0.85, "type": "서측 픽셀", "area_m2": 2.68}}, {"type": "Feature", "geometry": {"type": "Polygon", "coordinates": [[[126.93573823361605, 37.5223019260914], [126.93575342050168, 37.52230320576614], [126.93574967232814, 37.522331424481436], [126.93573448543684, 37.522330144806205], [126.93573823361605, 37.5223019260914]]]}, "properties": {"floor": 23, "z_m": 72.6, "depth_m": 1.35, "type": "서측 픽셀", "area_m2": 4.25}}, {"type": "Feature", "geometry": {"type": "Polygon", "coordinates": [[[126.9357516403632, 37.52224381220917], [126.93576120246905, 37.52224461792945], [126.93575745430138, 37.522272836645264], [126.93574789219197, 37.52227203092468], [126.9357516403632, 37.52224381220917]]]}, "properties": {"floor": 23, "z_m": 72.6, "depth_m": 0.85, "type": "서측 픽셀", "area_m2": 2.68}}, {"type": "Feature", "geometry": {"type": "Polygon", "coordinates": [[[126.9357499065801, 37.52221404433744], [126.93576509344814, 37.52221532401068], [126.93576134528344, 37.52224354272676], [126.93574615840973, 37.52224226305304], [126.9357499065801, 37.52221404433744]]]}, "properties": {"floor": 23, "z_m": 72.6, "depth_m": 1.35, "type": "서측 픽셀", "area_m2": 4.25}}, {"type": "Feature", "geometry": {"type": "Polygon", "coordinates": [[[126.93576331330237, 37.522155930452975], [126.93577287539713, 37.52215673617232], [126.93576912723833, 37.52218495488894], [126.93575956513997, 37.5221841491693], [126.93576331330237, 37.522155930452975]]]}, "properties": {"floor": 23, "z_m": 72.6, "depth_m": 0.85, "type": "서측 픽셀", "area_m2": 2.68}}, {"type": "Feature", "geometry": {"type": "Polygon", "coordinates": [[[126.93576157951662, 37.522126162580975], [126.93577676636706, 37.52212744225272], [126.9357730182112, 37.52215566096961], [126.93575783135509, 37.522154381297376], [126.93576157951662, 37.522126162580975]]]}, "properties": {"floor": 23, "z_m": 72.6, "depth_m": 1.35, "type": "서측 픽셀", "area_m2": 4.25}}, {"type": "Feature", "geometry": {"type": "Polygon", "coordinates": [[[126.93577498621403, 37.522068048694315], [126.93578454829769, 37.52206885441271], [126.93578080014771, 37.52209707313012], [126.93577123806048, 37.52209626741141], [126.93577498621403, 37.522068048694315]]]}, "properties": {"floor": 23, "z_m": 72.6, "depth_m": 0.85, "type": "서측 픽셀", "area_m2": 2.68}}, {"type": "Feature", "geometry": {"type": "Polygon", "coordinates": [[[126.9357732524256, 37.522038280822024], [126.93578843925845, 37.522039560492274], [126.9357846911114, 37.52206777920995], [126.93576950427293, 37.52206649953922], [126.9357732524256, 37.522038280822024]]]}, "properties": {"floor": 23, "z_m": 72.6, "depth_m": 1.35, "type": "서측 픽셀", "area_m2": 4.25}}, {"type": "Feature", "geometry": {"type": "Polygon", "coordinates": [[[126.93578665909816, 37.52198016693314], [126.93579622117072, 37.521980972650596], [126.9357924730296, 37.5220091913688], [126.93578291095344, 37.52200838565106], [126.93578665909816, 37.52198016693314]]]}, "properties": {"floor": 23, "z_m": 72.6, "depth_m": 0.85, "type": "서측 픽셀", "area_m2": 2.68}}, {"type": "Feature", "geometry": {"type": "Polygon", "coordinates": [[[126.93593803626497, 37.521992378534634], [126.93594478596553, 37.52199294726779], [126.93587864029762, 37.52249094396992], [126.93587189055275, 37.52249037523298], [126.93593803626497, 37.521992378534634]]]}, "properties": {"floor": 23, "z_m": 72.6, "depth_m": 0.6, "type": "동측 연속", "area_m2": 33.35}}, {"type": "Feature", "geometry": {"type": "Polygon", "coordinates": [[[126.93571877861476, 37.52244839567582], [126.93573396552975, 37.522449675353066], [126.93573021734147, 37.522477894067016], [126.93571503042082, 37.52247661438929], [126.93571877861476, 37.52244839567582]]]}, "properties": {"floor": 24, "z_m": 75.9, "depth_m": 1.35, "type": "서측 픽셀", "area_m2": 4.25}}, {"type": "Feature", "geometry": {"type": "Polygon", "coordinates": [[[126.93573218540337, 37.52239028179728], [126.9357417475277, 37.52239108751914], [126.93573799934532, 37.522419306233616], [126.9357284372174, 37.522418500511456], [126.93573218540337, 37.52239028179728]]]}, "properties": {"floor": 24, "z_m": 75.9, "depth_m": 0.85, "type": "서측 픽셀", "area_m2": 2.68}}, {"type": "Feature", "geometry": {"type": "Polygon", "coordinates": [[[126.93573045162469, 37.522360513926], [126.93574563852209, 37.522361793601746], [126.93574189034264, 37.522390012316485], [126.9357267034396, 37.52238873264028], [126.93573045162469, 37.522360513926]]]}, "properties": {"floor": 24, "z_m": 75.9, "depth_m": 1.35, "type": "서측 픽셀", "area_m2": 4.25}}, {"type": "Feature", "geometry": {"type": "Polygon", "coordinates": [[[126.93574385838843, 37.52230240004524], [126.93575342050168, 37.52230320576614], [126.93574967232814, 37.522331424481436], [126.93574011021133, 37.52233061876022], [126.93574385838843, 37.52230240004524]]]}, "properties": {"floor": 24, "z_m": 75.9, "depth_m": 0.85, "type": "서측 픽셀", "area_m2": 2.68}}, {"type": "Feature", "geometry": {"type": "Polygon", "coordinates": [[[126.9357421246071, 37.52227263217369], [126.9357573114869, 37.52227391184794], [126.9357535633163, 37.52230213056348], [126.93573837643088, 37.522300850888755], [126.9357421246071, 37.52227263217369]]]}, "properties": {"floor": 24, "z_m": 75.9, "depth_m": 1.35, "type": "서측 픽셀", "area_m2": 4.25}}, {"type": "Feature", "geometry": {"type": "Polygon", "coordinates": [[[126.93575553134599, 37.52221451829072], [126.93576509344814, 37.52221532401068], [126.93576134528344, 37.52224354272676], [126.93575178317771, 37.52224273700649], [126.93575553134599, 37.52221451829072]]]}, "properties": {"floor": 24, "z_m": 75.9, "depth_m": 0.85, "type": "서측 픽셀", "area_m2": 2.68}}, {"type": "Feature", "geometry": {"type": "Polygon", "coordinates": [[[126.93575379756199, 37.52218475041889], [126.93576898442417, 37.52218603009164], [126.9357652362624, 37.522214248807984], [126.93575004939458, 37.52221296913475], [126.93575379756199, 37.52218475041889]]]}, "properties": {"floor": 24, "z_m": 75.9, "depth_m": 1.35, "type": "서측 픽셀", "area_m2": 4.25}}, {"type": "Feature", "geometry": {"type": "Polygon", "coordinates": [[[126.93576720427598, 37.52212663653369], [126.93577676636706, 37.52212744225272], [126.9357730182112, 37.52215566096961], [126.93576345611653, 37.522154855250285], [126.93576720427598, 37.52212663653369]]]}, "properties": {"floor": 24, "z_m": 75.9, "depth_m": 0.85, "type": "서측 픽셀", "area_m2": 2.68}}, {"type": "Feature", "geometry": {"type": "Polygon", "coordinates": [[[126.93576547048934, 37.5220968686616], [126.93578065733391, 37.52209814833285], [126.93577690918097, 37.52212636705], [126.93576172233075, 37.522125087378264], [126.93576547048934, 37.5220968686616]]]}, "properties": {"floor": 24, "z_m": 75.9, "depth_m": 1.35, "type": "서측 픽셀", "area_m2": 4.25}}, {"type": "Feature", "geometry": {"type": "Polygon", "coordinates": [[[126.93577887717845, 37.522038754774194], [126.93578843925845, 37.522039560492274], [126.9357846911114, 37.52206777920995], [126.93577512902786, 37.522066973491576], [126.93577887717845, 37.522038754774194]]]}, "properties": {"floor": 24, "z_m": 75.9, "depth_m": 0.85, "type": "서측 픽셀", "area_m2": 2.68}}, {"type": "Feature", "geometry": {"type": "Polygon", "coordinates": [[[126.93577714338916, 37.52200898690182], [126.93579233021612, 37.52201026657157], [126.93578858207202, 37.52203848528951], [126.93577339523944, 37.52203720561929], [126.93577714338916, 37.52200898690182]]]}, "properties": {"floor": 24, "z_m": 75.9, "depth_m": 1.35, "type": "서측 픽셀", "area_m2": 4.25}}, {"type": "Feature", "geometry": {"type": "Polygon", "coordinates": [[[126.93593803626497, 37.521992378534634], [126.93594478596553, 37.52199294726779], [126.93587864029762, 37.52249094396992], [126.93587189055275, 37.52249037523298], [126.93593803626497, 37.521992378534634]]]}, "properties": {"floor": 24, "z_m": 75.9, "depth_m": 0.6, "type": "동측 연속", "area_m2": 33.35}}, {"type": "Feature", "geometry": {"type": "Polygon", "coordinates": [[[126.93572440339803, 37.52244886963059], [126.93573396552975, 37.522449675353066], [126.93573021734147, 37.522477894067016], [126.93572065520618, 37.52247708834423], [126.93572440339803, 37.52244886963059]]]}, "properties": {"floor": 25, "z_m": 79.2, "depth_m": 0.85, "type": "서측 픽셀", "area_m2": 2.68}}, {"type": "Feature", "geometry": {"type": "Polygon", "coordinates": [[[126.93572266962113, 37.52241910175949], [126.93573785653025, 37.522420381436234], [126.93573410834493, 37.522448600150454], [126.93571892143014, 37.52244732047322], [126.93572266962113, 37.52241910175949]]]}, "properties": {"floor": 25, "z_m": 79.2, "depth_m": 1.35, "type": "서측 픽셀", "area_m2": 4.25}}, {"type": "Feature", "geometry": {"type": "Polygon", "coordinates": [[[126.93573607640145, 37.52236098788021], [126.93574563852209, 37.522361793601746], [126.93574189034264, 37.522390012316485], [126.93573232821845, 37.522389206594646], [126.93573607640145, 37.52236098788021]]]}, "properties": {"floor": 25, "z_m": 79.2, "depth_m": 0.85, "type": "서측 픽셀", "area_m2": 2.68}}, {"type": "Feature", "geometry": {"type": "Polygon", "coordinates": [[[126.93573434262191, 37.52233122000884], [126.93574952951343, 37.52233249968409], [126.93574578133693, 37.52236071839909], [126.93573059443975, 37.52235943872338], [126.93573434262191, 37.52233122000884]]]}, "properties": {"floor": 25, "z_m": 79.2, "depth_m": 1.35, "type": "서측 픽셀", "area_m2": 4.25}}, {"type": "Feature", "geometry": {"type": "Polygon", "coordinates": [[[126.93574774937736, 37.52227310612734], [126.9357573114869, 37.52227391184794], [126.9357535633163, 37.52230213056348], [126.93574400120318, 37.52230132484259], [126.93574774937736, 37.52227310612734]]]}, "properties": {"floor": 25, "z_m": 79.2, "depth_m": 0.85, "type": "서측 픽셀", "area_m2": 2.68}}, {"type": "Feature", "geometry": {"type": "Polygon", "coordinates": [[[126.93574601559514, 37.522243338255706], [126.93576120246905, 37.52224461792945], [126.93575745430138, 37.522272836645264], [126.93574226742183, 37.522271556971035], [126.93574601559514, 37.522243338255706]]]}, "properties": {"floor": 25, "z_m": 79.2, "depth_m": 1.35, "type": "서측 픽셀", "area_m2": 4.25}}, {"type": "Feature", "geometry": {"type": "Polygon", "coordinates": [[[126.93575942232569, 37.52218522437198], [126.93576898442417, 37.52218603009164], [126.9357652362624, 37.522214248807984], [126.93575567416038, 37.522213443088035], [126.93575942232569, 37.52218522437198]]]}, "properties": {"floor": 25, "z_m": 79.2, "depth_m": 0.85, "type": "서측 픽셀", "area_m2": 2.68}}, {"type": "Feature", "geometry": {"type": "Polygon", "coordinates": [[[126.93575768854083, 37.522155456500066], [126.93577287539713, 37.52215673617232], [126.93576912723833, 37.52218495488894], [126.93575394037637, 37.522183675216205], [126.93575768854083, 37.522155456500066]]]}, "properties": {"floor": 25, "z_m": 79.2, "depth_m": 1.35, "type": "서측 픽셀", "area_m2": 4.25}}, {"type": "Feature", "geometry": {"type": "Polygon", "coordinates": [[[126.93577109524654, 37.52209734261414], [126.93578065733391, 37.52209814833285], [126.93577690918097, 37.52212636705], [126.93576734709004, 37.52212556133099], [126.93577109524654, 37.52209734261414]]]}, "properties": {"floor": 25, "z_m": 79.2, "depth_m": 0.85, "type": "서측 픽셀", "area_m2": 2.68}}, {"type": "Feature", "geometry": {"type": "Polygon", "coordinates": [[[126.935769361459, 37.522067574741946], [126.93578454829769, 37.52206885441271], [126.93578080014771, 37.52209707313012], [126.93576561330337, 37.52209579345888], [126.935769361459, 37.522067574741946]]]}, "properties": {"floor": 25, "z_m": 79.2, "depth_m": 1.35, "type": "서측 픽셀", "area_m2": 4.25}}, {"type": "Feature", "geometry": {"type": "Polygon", "coordinates": [[[126.93578276813982, 37.52200946085381], [126.93579233021612, 37.52201026657157], [126.93578858207202, 37.52203848528951], [126.93577901999217, 37.52203767957145], [126.93578276813982, 37.52200946085381]]]}, "properties": {"floor": 25, "z_m": 79.2, "depth_m": 0.85, "type": "서측 픽셀", "area_m2": 2.68}}, {"type": "Feature", "geometry": {"type": "Polygon", "coordinates": [[[126.93578103434966, 37.52197969298134], [126.93579622117072, 37.521980972650596], [126.9357924730296, 37.5220091913688], [126.93577728620286, 37.52200791169907], [126.93578103434966, 37.52197969298134]]]}, "properties": {"floor": 25, "z_m": 79.2, "depth_m": 1.35, "type": "서측 픽셀", "area_m2": 4.25}}, {"type": "Feature", "geometry": {"type": "Polygon", "coordinates": [[[126.93593803626497, 37.521992378534634], [126.93594478596553, 37.52199294726779], [126.93587864029762, 37.52249094396992], [126.93587189055275, 37.52249037523298], [126.93593803626497, 37.521992378534634]]]}, "properties": {"floor": 25, "z_m": 79.2, "depth_m": 0.6, "type": "동측 연속", "area_m2": 33.35}}, {"type": "Feature", "geometry": {"type": "Polygon", "coordinates": [[[126.93572829440224, 37.52241957571406], [126.93573785653025, 37.522420381436234], [126.93573410834493, 37.522448600150454], [126.93572454621332, 37.52244779442798], [126.93572829440224, 37.52241957571406]]]}, "properties": {"floor": 26, "z_m": 82.5, "depth_m": 0.85, "type": "서측 픽셀", "area_m2": 2.68}}, {"type": "Feature", "geometry": {"type": "Polygon", "coordinates": [[[126.93572656062446, 37.52238980784289], [126.9357417475277, 37.52239108751914], [126.93573799934532, 37.522419306233616], [126.93572281243641, 37.522418026556885], [126.93572656062446, 37.52238980784289]]]}, "properties": {"floor": 26, "z_m": 82.5, "depth_m": 1.35, "type": "서측 픽셀", "area_m2": 4.25}}, {"type": "Feature", "geometry": {"type": "Polygon", "coordinates": [[[126.93573996739649, 37.52233169396286], [126.93574952951343, 37.52233249968409], [126.93574578133693, 37.52236071839909], [126.93573621921642, 37.52235991267757], [126.93573996739649, 37.52233169396286]]]}, "properties": {"floor": 26, "z_m": 82.5, "depth_m": 0.85, "type": "서측 픽셀", "area_m2": 2.68}}, {"type": "Feature", "geometry": {"type": "Polygon", "coordinates": [[[126.93573823361605, 37.5223019260914], [126.93575342050168, 37.52230320576614], [126.93574967232814, 37.522331424481436], [126.93573448543684, 37.522330144806205], [126.93573823361605, 37.5223019260914]]]}, "properties": {"floor": 26, "z_m": 82.5, "depth_m": 1.35, "type": "서측 픽셀", "area_m2": 4.25}}, {"type": "Feature", "geometry": {"type": "Polygon", "coordinates": [[[126.9357516403632, 37.52224381220917], [126.93576120246905, 37.52224461792945], [126.93575745430138, 37.522272836645264], [126.93574789219197, 37.52227203092468], [126.9357516403632, 37.52224381220917]]]}, "properties": {"floor": 26, "z_m": 82.5, "depth_m": 0.85, "type": "서측 픽셀", "area_m2": 2.68}}, {"type": "Feature", "geometry": {"type": "Polygon", "coordinates": [[[126.9357499065801, 37.52221404433744], [126.93576509344814, 37.52221532401068], [126.93576134528344, 37.52224354272676], [126.93574615840973, 37.52224226305304], [126.9357499065801, 37.52221404433744]]]}, "properties": {"floor": 26, "z_m": 82.5, "depth_m": 1.35, "type": "서측 픽셀", "area_m2": 4.25}}, {"type": "Feature", "geometry": {"type": "Polygon", "coordinates": [[[126.93576331330237, 37.522155930452975], [126.93577287539713, 37.52215673617232], [126.93576912723833, 37.52218495488894], [126.93575956513997, 37.5221841491693], [126.93576331330237, 37.522155930452975]]]}, "properties": {"floor": 26, "z_m": 82.5, "depth_m": 0.85, "type": "서측 픽셀", "area_m2": 2.68}}, {"type": "Feature", "geometry": {"type": "Polygon", "coordinates": [[[126.93576157951662, 37.522126162580975], [126.93577676636706, 37.52212744225272], [126.9357730182112, 37.52215566096961], [126.93575783135509, 37.522154381297376], [126.93576157951662, 37.522126162580975]]]}, "properties": {"floor": 26, "z_m": 82.5, "depth_m": 1.35, "type": "서측 픽셀", "area_m2": 4.25}}, {"type": "Feature", "geometry": {"type": "Polygon", "coordinates": [[[126.93577498621403, 37.522068048694315], [126.93578454829769, 37.52206885441271], [126.93578080014771, 37.52209707313012], [126.93577123806048, 37.52209626741141], [126.93577498621403, 37.522068048694315]]]}, "properties": {"floor": 26, "z_m": 82.5, "depth_m": 0.85, "type": "서측 픽셀", "area_m2": 2.68}}, {"type": "Feature", "geometry": {"type": "Polygon", "coordinates": [[[126.9357732524256, 37.522038280822024], [126.93578843925845, 37.522039560492274], [126.9357846911114, 37.52206777920995], [126.93576950427293, 37.52206649953922], [126.9357732524256, 37.522038280822024]]]}, "properties": {"floor": 26, "z_m": 82.5, "depth_m": 1.35, "type": "서측 픽셀", "area_m2": 4.25}}, {"type": "Feature", "geometry": {"type": "Polygon", "coordinates": [[[126.93578665909816, 37.52198016693314], [126.93579622117072, 37.521980972650596], [126.9357924730296, 37.5220091913688], [126.93578291095344, 37.52200838565106], [126.93578665909816, 37.52198016693314]]]}, "properties": {"floor": 26, "z_m": 82.5, "depth_m": 0.85, "type": "서측 픽셀", "area_m2": 2.68}}, {"type": "Feature", "geometry": {"type": "Polygon", "coordinates": [[[126.93593803626497, 37.521992378534634], [126.93594478596553, 37.52199294726779], [126.93587864029762, 37.52249094396992], [126.93587189055275, 37.52249037523298], [126.93593803626497, 37.521992378534634]]]}, "properties": {"floor": 26, "z_m": 82.5, "depth_m": 0.6, "type": "동측 연속", "area_m2": 33.35}}, {"type": "Feature", "geometry": {"type": "Polygon", "coordinates": [[[126.93571877861476, 37.52244839567582], [126.93573396552975, 37.522449675353066], [126.93573021734147, 37.522477894067016], [126.93571503042082, 37.52247661438929], [126.93571877861476, 37.52244839567582]]]}, "properties": {"floor": 27, "z_m": 85.8, "depth_m": 1.35, "type": "서측 픽셀", "area_m2": 4.25}}, {"type": "Feature", "geometry": {"type": "Polygon", "coordinates": [[[126.93573218540337, 37.52239028179728], [126.9357417475277, 37.52239108751914], [126.93573799934532, 37.522419306233616], [126.9357284372174, 37.522418500511456], [126.93573218540337, 37.52239028179728]]]}, "properties": {"floor": 27, "z_m": 85.8, "depth_m": 0.85, "type": "서측 픽셀", "area_m2": 2.68}}, {"type": "Feature", "geometry": {"type": "Polygon", "coordinates": [[[126.93573045162469, 37.522360513926], [126.93574563852209, 37.522361793601746], [126.93574189034264, 37.522390012316485], [126.9357267034396, 37.52238873264028], [126.93573045162469, 37.522360513926]]]}, "properties": {"floor": 27, "z_m": 85.8, "depth_m": 1.35, "type": "서측 픽셀", "area_m2": 4.25}}, {"type": "Feature", "geometry": {"type": "Polygon", "coordinates": [[[126.93574385838843, 37.52230240004524], [126.93575342050168, 37.52230320576614], [126.93574967232814, 37.522331424481436], [126.93574011021133, 37.52233061876022], [126.93574385838843, 37.52230240004524]]]}, "properties": {"floor": 27, "z_m": 85.8, "depth_m": 0.85, "type": "서측 픽셀", "area_m2": 2.68}}, {"type": "Feature", "geometry": {"type": "Polygon", "coordinates": [[[126.9357421246071, 37.52227263217369], [126.9357573114869, 37.52227391184794], [126.9357535633163, 37.52230213056348], [126.93573837643088, 37.522300850888755], [126.9357421246071, 37.52227263217369]]]}, "properties": {"floor": 27, "z_m": 85.8, "depth_m": 1.35, "type": "서측 픽셀", "area_m2": 4.25}}, {"type": "Feature", "geometry": {"type": "Polygon", "coordinates": [[[126.93575553134599, 37.52221451829072], [126.93576509344814, 37.52221532401068], [126.93576134528344, 37.52224354272676], [126.93575178317771, 37.52224273700649], [126.93575553134599, 37.52221451829072]]]}, "properties": {"floor": 27, "z_m": 85.8, "depth_m": 0.85, "type": "서측 픽셀", "area_m2": 2.68}}, {"type": "Feature", "geometry": {"type": "Polygon", "coordinates": [[[126.93575379756199, 37.52218475041889], [126.93576898442417, 37.52218603009164], [126.9357652362624, 37.522214248807984], [126.93575004939458, 37.52221296913475], [126.93575379756199, 37.52218475041889]]]}, "properties": {"floor": 27, "z_m": 85.8, "depth_m": 1.35, "type": "서측 픽셀", "area_m2": 4.25}}, {"type": "Feature", "geometry": {"type": "Polygon", "coordinates": [[[126.93576720427598, 37.52212663653369], [126.93577676636706, 37.52212744225272], [126.9357730182112, 37.52215566096961], [126.93576345611653, 37.522154855250285], [126.93576720427598, 37.52212663653369]]]}, "properties": {"floor": 27, "z_m": 85.8, "depth_m": 0.85, "type": "서측 픽셀", "area_m2": 2.68}}, {"type": "Feature", "geometry": {"type": "Polygon", "coordinates": [[[126.93576547048934, 37.5220968686616], [126.93578065733391, 37.52209814833285], [126.93577690918097, 37.52212636705], [126.93576172233075, 37.522125087378264], [126.93576547048934, 37.5220968686616]]]}, "properties": {"floor": 27, "z_m": 85.8, "depth_m": 1.35, "type": "서측 픽셀", "area_m2": 4.25}}, {"type": "Feature", "geometry": {"type": "Polygon", "coordinates": [[[126.93577887717845, 37.522038754774194], [126.93578843925845, 37.522039560492274], [126.9357846911114, 37.52206777920995], [126.93577512902786, 37.522066973491576], [126.93577887717845, 37.522038754774194]]]}, "properties": {"floor": 27, "z_m": 85.8, "depth_m": 0.85, "type": "서측 픽셀", "area_m2": 2.68}}, {"type": "Feature", "geometry": {"type": "Polygon", "coordinates": [[[126.93577714338916, 37.52200898690182], [126.93579233021612, 37.52201026657157], [126.93578858207202, 37.52203848528951], [126.93577339523944, 37.52203720561929], [126.93577714338916, 37.52200898690182]]]}, "properties": {"floor": 27, "z_m": 85.8, "depth_m": 1.35, "type": "서측 픽셀", "area_m2": 4.25}}, {"type": "Feature", "geometry": {"type": "Polygon", "coordinates": [[[126.93593803626497, 37.521992378534634], [126.93594478596553, 37.52199294726779], [126.93587864029762, 37.52249094396992], [126.93587189055275, 37.52249037523298], [126.93593803626497, 37.521992378534634]]]}, "properties": {"floor": 27, "z_m": 85.8, "depth_m": 0.6, "type": "동측 연속", "area_m2": 33.35}}, {"type": "Feature", "geometry": {"type": "Polygon", "coordinates": [[[126.93572440339803, 37.52244886963059], [126.93573396552975, 37.522449675353066], [126.93573021734147, 37.522477894067016], [126.93572065520618, 37.52247708834423], [126.93572440339803, 37.52244886963059]]]}, "properties": {"floor": 28, "z_m": 89.1, "depth_m": 0.85, "type": "서측 픽셀", "area_m2": 2.68}}, {"type": "Feature", "geometry": {"type": "Polygon", "coordinates": [[[126.93572266962113, 37.52241910175949], [126.93573785653025, 37.522420381436234], [126.93573410834493, 37.522448600150454], [126.93571892143014, 37.52244732047322], [126.93572266962113, 37.52241910175949]]]}, "properties": {"floor": 28, "z_m": 89.1, "depth_m": 1.35, "type": "서측 픽셀", "area_m2": 4.25}}, {"type": "Feature", "geometry": {"type": "Polygon", "coordinates": [[[126.93573607640145, 37.52236098788021], [126.93574563852209, 37.522361793601746], [126.93574189034264, 37.522390012316485], [126.93573232821845, 37.522389206594646], [126.93573607640145, 37.52236098788021]]]}, "properties": {"floor": 28, "z_m": 89.1, "depth_m": 0.85, "type": "서측 픽셀", "area_m2": 2.68}}, {"type": "Feature", "geometry": {"type": "Polygon", "coordinates": [[[126.93573434262191, 37.52233122000884], [126.93574952951343, 37.52233249968409], [126.93574578133693, 37.52236071839909], [126.93573059443975, 37.52235943872338], [126.93573434262191, 37.52233122000884]]]}, "properties": {"floor": 28, "z_m": 89.1, "depth_m": 1.35, "type": "서측 픽셀", "area_m2": 4.25}}, {"type": "Feature", "geometry": {"type": "Polygon", "coordinates": [[[126.93574774937736, 37.52227310612734], [126.9357573114869, 37.52227391184794], [126.9357535633163, 37.52230213056348], [126.93574400120318, 37.52230132484259], [126.93574774937736, 37.52227310612734]]]}, "properties": {"floor": 28, "z_m": 89.1, "depth_m": 0.85, "type": "서측 픽셀", "area_m2": 2.68}}, {"type": "Feature", "geometry": {"type": "Polygon", "coordinates": [[[126.93574601559514, 37.522243338255706], [126.93576120246905, 37.52224461792945], [126.93575745430138, 37.522272836645264], [126.93574226742183, 37.522271556971035], [126.93574601559514, 37.522243338255706]]]}, "properties": {"floor": 28, "z_m": 89.1, "depth_m": 1.35, "type": "서측 픽셀", "area_m2": 4.25}}, {"type": "Feature", "geometry": {"type": "Polygon", "coordinates": [[[126.93575942232569, 37.52218522437198], [126.93576898442417, 37.52218603009164], [126.9357652362624, 37.522214248807984], [126.93575567416038, 37.522213443088035], [126.93575942232569, 37.52218522437198]]]}, "properties": {"floor": 28, "z_m": 89.1, "depth_m": 0.85, "type": "서측 픽셀", "area_m2": 2.68}}, {"type": "Feature", "geometry": {"type": "Polygon", "coordinates": [[[126.93575768854083, 37.522155456500066], [126.93577287539713, 37.52215673617232], [126.93576912723833, 37.52218495488894], [126.93575394037637, 37.522183675216205], [126.93575768854083, 37.522155456500066]]]}, "properties": {"floor": 28, "z_m": 89.1, "depth_m": 1.35, "type": "서측 픽셀", "area_m2": 4.25}}, {"type": "Feature", "geometry": {"type": "Polygon", "coordinates": [[[126.93577109524654, 37.52209734261414], [126.93578065733391, 37.52209814833285], [126.93577690918097, 37.52212636705], [126.93576734709004, 37.52212556133099], [126.93577109524654, 37.52209734261414]]]}, "properties": {"floor": 28, "z_m": 89.1, "depth_m": 0.85, "type": "서측 픽셀", "area_m2": 2.68}}, {"type": "Feature", "geometry": {"type": "Polygon", "coordinates": [[[126.935769361459, 37.522067574741946], [126.93578454829769, 37.52206885441271], [126.93578080014771, 37.52209707313012], [126.93576561330337, 37.52209579345888], [126.935769361459, 37.522067574741946]]]}, "properties": {"floor": 28, "z_m": 89.1, "depth_m": 1.35, "type": "서측 픽셀", "area_m2": 4.25}}, {"type": "Feature", "geometry": {"type": "Polygon", "coordinates": [[[126.93578276813982, 37.52200946085381], [126.93579233021612, 37.52201026657157], [126.93578858207202, 37.52203848528951], [126.93577901999217, 37.52203767957145], [126.93578276813982, 37.52200946085381]]]}, "properties": {"floor": 28, "z_m": 89.1, "depth_m": 0.85, "type": "서측 픽셀", "area_m2": 2.68}}, {"type": "Feature", "geometry": {"type": "Polygon", "coordinates": [[[126.93578103434966, 37.52197969298134], [126.93579622117072, 37.521980972650596], [126.9357924730296, 37.5220091913688], [126.93577728620286, 37.52200791169907], [126.93578103434966, 37.52197969298134]]]}, "properties": {"floor": 28, "z_m": 89.1, "depth_m": 1.35, "type": "서측 픽셀", "area_m2": 4.25}}, {"type": "Feature", "geometry": {"type": "Polygon", "coordinates": [[[126.93593803626497, 37.521992378534634], [126.93594478596553, 37.52199294726779], [126.93587864029762, 37.52249094396992], [126.93587189055275, 37.52249037523298], [126.93593803626497, 37.521992378534634]]]}, "properties": {"floor": 28, "z_m": 89.1, "depth_m": 0.6, "type": "동측 연속", "area_m2": 33.35}}, {"type": "Feature", "geometry": {"type": "Polygon", "coordinates": [[[126.93572829440224, 37.52241957571406], [126.93573785653025, 37.522420381436234], [126.93573410834493, 37.522448600150454], [126.93572454621332, 37.52244779442798], [126.93572829440224, 37.52241957571406]]]}, "properties": {"floor": 29, "z_m": 92.4, "depth_m": 0.85, "type": "서측 픽셀", "area_m2": 2.68}}, {"type": "Feature", "geometry": {"type": "Polygon", "coordinates": [[[126.93572656062446, 37.52238980784289], [126.9357417475277, 37.52239108751914], [126.93573799934532, 37.522419306233616], [126.93572281243641, 37.522418026556885], [126.93572656062446, 37.52238980784289]]]}, "properties": {"floor": 29, "z_m": 92.4, "depth_m": 1.35, "type": "서측 픽셀", "area_m2": 4.25}}, {"type": "Feature", "geometry": {"type": "Polygon", "coordinates": [[[126.93573996739649, 37.52233169396286], [126.93574952951343, 37.52233249968409], [126.93574578133693, 37.52236071839909], [126.93573621921642, 37.52235991267757], [126.93573996739649, 37.52233169396286]]]}, "properties": {"floor": 29, "z_m": 92.4, "depth_m": 0.85, "type": "서측 픽셀", "area_m2": 2.68}}, {"type": "Feature", "geometry": {"type": "Polygon", "coordinates": [[[126.93573823361605, 37.5223019260914], [126.93575342050168, 37.52230320576614], [126.93574967232814, 37.522331424481436], [126.93573448543684, 37.522330144806205], [126.93573823361605, 37.5223019260914]]]}, "properties": {"floor": 29, "z_m": 92.4, "depth_m": 1.35, "type": "서측 픽셀", "area_m2": 4.25}}, {"type": "Feature", "geometry": {"type": "Polygon", "coordinates": [[[126.9357516403632, 37.52224381220917], [126.93576120246905, 37.52224461792945], [126.93575745430138, 37.522272836645264], [126.93574789219197, 37.52227203092468], [126.9357516403632, 37.52224381220917]]]}, "properties": {"floor": 29, "z_m": 92.4, "depth_m": 0.85, "type": "서측 픽셀", "area_m2": 2.68}}, {"type": "Feature", "geometry": {"type": "Polygon", "coordinates": [[[126.9357499065801, 37.52221404433744], [126.93576509344814, 37.52221532401068], [126.93576134528344, 37.52224354272676], [126.93574615840973, 37.52224226305304], [126.9357499065801, 37.52221404433744]]]}, "properties": {"floor": 29, "z_m": 92.4, "depth_m": 1.35, "type": "서측 픽셀", "area_m2": 4.25}}, {"type": "Feature", "geometry": {"type": "Polygon", "coordinates": [[[126.93576331330237, 37.522155930452975], [126.93577287539713, 37.52215673617232], [126.93576912723833, 37.52218495488894], [126.93575956513997, 37.5221841491693], [126.93576331330237, 37.522155930452975]]]}, "properties": {"floor": 29, "z_m": 92.4, "depth_m": 0.85, "type": "서측 픽셀", "area_m2": 2.68}}, {"type": "Feature", "geometry": {"type": "Polygon", "coordinates": [[[126.93576157951662, 37.522126162580975], [126.93577676636706, 37.52212744225272], [126.9357730182112, 37.52215566096961], [126.93575783135509, 37.522154381297376], [126.93576157951662, 37.522126162580975]]]}, "properties": {"floor": 29, "z_m": 92.4, "depth_m": 1.35, "type": "서측 픽셀", "area_m2": 4.25}}, {"type": "Feature", "geometry": {"type": "Polygon", "coordinates": [[[126.93577498621403, 37.522068048694315], [126.93578454829769, 37.52206885441271], [126.93578080014771, 37.52209707313012], [126.93577123806048, 37.52209626741141], [126.93577498621403, 37.522068048694315]]]}, "properties": {"floor": 29, "z_m": 92.4, "depth_m": 0.85, "type": "서측 픽셀", "area_m2": 2.68}}, {"type": "Feature", "geometry": {"type": "Polygon", "coordinates": [[[126.9357732524256, 37.522038280822024], [126.93578843925845, 37.522039560492274], [126.9357846911114, 37.52206777920995], [126.93576950427293, 37.52206649953922], [126.9357732524256, 37.522038280822024]]]}, "properties": {"floor": 29, "z_m": 92.4, "depth_m": 1.35, "type": "서측 픽셀", "area_m2": 4.25}}, {"type": "Feature", "geometry": {"type": "Polygon", "coordinates": [[[126.93578665909816, 37.52198016693314], [126.93579622117072, 37.521980972650596], [126.9357924730296, 37.5220091913688], [126.93578291095344, 37.52200838565106], [126.93578665909816, 37.52198016693314]]]}, "properties": {"floor": 29, "z_m": 92.4, "depth_m": 0.85, "type": "서측 픽셀", "area_m2": 2.68}}, {"type": "Feature", "geometry": {"type": "Polygon", "coordinates": [[[126.93593803626497, 37.521992378534634], [126.93594478596553, 37.52199294726779], [126.93587864029762, 37.52249094396992], [126.93587189055275, 37.52249037523298], [126.93593803626497, 37.521992378534634]]]}, "properties": {"floor": 29, "z_m": 92.4, "depth_m": 0.6, "type": "동측 연속", "area_m2": 33.35}}, {"type": "Feature", "geometry": {"type": "Polygon", "coordinates": [[[126.93571877861476, 37.52244839567582], [126.93573396552975, 37.522449675353066], [126.93573021734147, 37.522477894067016], [126.93571503042082, 37.52247661438929], [126.93571877861476, 37.52244839567582]]]}, "properties": {"floor": 30, "z_m": 95.7, "depth_m": 1.35, "type": "서측 픽셀", "area_m2": 4.25}}, {"type": "Feature", "geometry": {"type": "Polygon", "coordinates": [[[126.93573218540337, 37.52239028179728], [126.9357417475277, 37.52239108751914], [126.93573799934532, 37.522419306233616], [126.9357284372174, 37.522418500511456], [126.93573218540337, 37.52239028179728]]]}, "properties": {"floor": 30, "z_m": 95.7, "depth_m": 0.85, "type": "서측 픽셀", "area_m2": 2.68}}, {"type": "Feature", "geometry": {"type": "Polygon", "coordinates": [[[126.93573045162469, 37.522360513926], [126.93574563852209, 37.522361793601746], [126.93574189034264, 37.522390012316485], [126.9357267034396, 37.52238873264028], [126.93573045162469, 37.522360513926]]]}, "properties": {"floor": 30, "z_m": 95.7, "depth_m": 1.35, "type": "서측 픽셀", "area_m2": 4.25}}, {"type": "Feature", "geometry": {"type": "Polygon", "coordinates": [[[126.93574385838843, 37.52230240004524], [126.93575342050168, 37.52230320576614], [126.93574967232814, 37.522331424481436], [126.93574011021133, 37.52233061876022], [126.93574385838843, 37.52230240004524]]]}, "properties": {"floor": 30, "z_m": 95.7, "depth_m": 0.85, "type": "서측 픽셀", "area_m2": 2.68}}, {"type": "Feature", "geometry": {"type": "Polygon", "coordinates": [[[126.9357421246071, 37.52227263217369], [126.9357573114869, 37.52227391184794], [126.9357535633163, 37.52230213056348], [126.93573837643088, 37.522300850888755], [126.9357421246071, 37.52227263217369]]]}, "properties": {"floor": 30, "z_m": 95.7, "depth_m": 1.35, "type": "서측 픽셀", "area_m2": 4.25}}, {"type": "Feature", "geometry": {"type": "Polygon", "coordinates": [[[126.93575553134599, 37.52221451829072], [126.93576509344814, 37.52221532401068], [126.93576134528344, 37.52224354272676], [126.93575178317771, 37.52224273700649], [126.93575553134599, 37.52221451829072]]]}, "properties": {"floor": 30, "z_m": 95.7, "depth_m": 0.85, "type": "서측 픽셀", "area_m2": 2.68}}, {"type": "Feature", "geometry": {"type": "Polygon", "coordinates": [[[126.93575379756199, 37.52218475041889], [126.93576898442417, 37.52218603009164], [126.9357652362624, 37.522214248807984], [126.93575004939458, 37.52221296913475], [126.93575379756199, 37.52218475041889]]]}, "properties": {"floor": 30, "z_m": 95.7, "depth_m": 1.35, "type": "서측 픽셀", "area_m2": 4.25}}, {"type": "Feature", "geometry": {"type": "Polygon", "coordinates": [[[126.93576720427598, 37.52212663653369], [126.93577676636706, 37.52212744225272], [126.9357730182112, 37.52215566096961], [126.93576345611653, 37.522154855250285], [126.93576720427598, 37.52212663653369]]]}, "properties": {"floor": 30, "z_m": 95.7, "depth_m": 0.85, "type": "서측 픽셀", "area_m2": 2.68}}, {"type": "Feature", "geometry": {"type": "Polygon", "coordinates": [[[126.93576547048934, 37.5220968686616], [126.93578065733391, 37.52209814833285], [126.93577690918097, 37.52212636705], [126.93576172233075, 37.522125087378264], [126.93576547048934, 37.5220968686616]]]}, "properties": {"floor": 30, "z_m": 95.7, "depth_m": 1.35, "type": "서측 픽셀", "area_m2": 4.25}}, {"type": "Feature", "geometry": {"type": "Polygon", "coordinates": [[[126.93577887717845, 37.522038754774194], [126.93578843925845, 37.522039560492274], [126.9357846911114, 37.52206777920995], [126.93577512902786, 37.522066973491576], [126.93577887717845, 37.522038754774194]]]}, "properties": {"floor": 30, "z_m": 95.7, "depth_m": 0.85, "type": "서측 픽셀", "area_m2": 2.68}}, {"type": "Feature", "geometry": {"type": "Polygon", "coordinates": [[[126.93577714338916, 37.52200898690182], [126.93579233021612, 37.52201026657157], [126.93578858207202, 37.52203848528951], [126.93577339523944, 37.52203720561929], [126.93577714338916, 37.52200898690182]]]}, "properties": {"floor": 30, "z_m": 95.7, "depth_m": 1.35, "type": "서측 픽셀", "area_m2": 4.25}}, {"type": "Feature", "geometry": {"type": "Polygon", "coordinates": [[[126.93593803626497, 37.521992378534634], [126.93594478596553, 37.52199294726779], [126.93587864029762, 37.52249094396992], [126.93587189055275, 37.52249037523298], [126.93593803626497, 37.521992378534634]]]}, "properties": {"floor": 30, "z_m": 95.7, "depth_m": 0.6, "type": "동측 연속", "area_m2": 33.35}}, {"type": "Feature", "geometry": {"type": "Polygon", "coordinates": [[[126.93572440339803, 37.52244886963059], [126.93573396552975, 37.522449675353066], [126.93573021734147, 37.522477894067016], [126.93572065520618, 37.52247708834423], [126.93572440339803, 37.52244886963059]]]}, "properties": {"floor": 31, "z_m": 99.0, "depth_m": 0.85, "type": "서측 픽셀", "area_m2": 2.68}}, {"type": "Feature", "geometry": {"type": "Polygon", "coordinates": [[[126.93572266962113, 37.52241910175949], [126.93573785653025, 37.522420381436234], [126.93573410834493, 37.522448600150454], [126.93571892143014, 37.52244732047322], [126.93572266962113, 37.52241910175949]]]}, "properties": {"floor": 31, "z_m": 99.0, "depth_m": 1.35, "type": "서측 픽셀", "area_m2": 4.25}}, {"type": "Feature", "geometry": {"type": "Polygon", "coordinates": [[[126.93573607640145, 37.52236098788021], [126.93574563852209, 37.522361793601746], [126.93574189034264, 37.522390012316485], [126.93573232821845, 37.522389206594646], [126.93573607640145, 37.52236098788021]]]}, "properties": {"floor": 31, "z_m": 99.0, "depth_m": 0.85, "type": "서측 픽셀", "area_m2": 2.68}}, {"type": "Feature", "geometry": {"type": "Polygon", "coordinates": [[[126.93573434262191, 37.52233122000884], [126.93574952951343, 37.52233249968409], [126.93574578133693, 37.52236071839909], [126.93573059443975, 37.52235943872338], [126.93573434262191, 37.52233122000884]]]}, "properties": {"floor": 31, "z_m": 99.0, "depth_m": 1.35, "type": "서측 픽셀", "area_m2": 4.25}}, {"type": "Feature", "geometry": {"type": "Polygon", "coordinates": [[[126.93574774937736, 37.52227310612734], [126.9357573114869, 37.52227391184794], [126.9357535633163, 37.52230213056348], [126.93574400120318, 37.52230132484259], [126.93574774937736, 37.52227310612734]]]}, "properties": {"floor": 31, "z_m": 99.0, "depth_m": 0.85, "type": "서측 픽셀", "area_m2": 2.68}}, {"type": "Feature", "geometry": {"type": "Polygon", "coordinates": [[[126.93574601559514, 37.522243338255706], [126.93576120246905, 37.52224461792945], [126.93575745430138, 37.522272836645264], [126.93574226742183, 37.522271556971035], [126.93574601559514, 37.522243338255706]]]}, "properties": {"floor": 31, "z_m": 99.0, "depth_m": 1.35, "type": "서측 픽셀", "area_m2": 4.25}}, {"type": "Feature", "geometry": {"type": "Polygon", "coordinates": [[[126.93575942232569, 37.52218522437198], [126.93576898442417, 37.52218603009164], [126.9357652362624, 37.522214248807984], [126.93575567416038, 37.522213443088035], [126.93575942232569, 37.52218522437198]]]}, "properties": {"floor": 31, "z_m": 99.0, "depth_m": 0.85, "type": "서측 픽셀", "area_m2": 2.68}}, {"type": "Feature", "geometry": {"type": "Polygon", "coordinates": [[[126.93575768854083, 37.522155456500066], [126.93577287539713, 37.52215673617232], [126.93576912723833, 37.52218495488894], [126.93575394037637, 37.522183675216205], [126.93575768854083, 37.522155456500066]]]}, "properties": {"floor": 31, "z_m": 99.0, "depth_m": 1.35, "type": "서측 픽셀", "area_m2": 4.25}}, {"type": "Feature", "geometry": {"type": "Polygon", "coordinates": [[[126.93577109524654, 37.52209734261414], [126.93578065733391, 37.52209814833285], [126.93577690918097, 37.52212636705], [126.93576734709004, 37.52212556133099], [126.93577109524654, 37.52209734261414]]]}, "properties": {"floor": 31, "z_m": 99.0, "depth_m": 0.85, "type": "서측 픽셀", "area_m2": 2.68}}, {"type": "Feature", "geometry": {"type": "Polygon", "coordinates": [[[126.935769361459, 37.522067574741946], [126.93578454829769, 37.52206885441271], [126.93578080014771, 37.52209707313012], [126.93576561330337, 37.52209579345888], [126.935769361459, 37.522067574741946]]]}, "properties": {"floor": 31, "z_m": 99.0, "depth_m": 1.35, "type": "서측 픽셀", "area_m2": 4.25}}, {"type": "Feature", "geometry": {"type": "Polygon", "coordinates": [[[126.93578276813982, 37.52200946085381], [126.93579233021612, 37.52201026657157], [126.93578858207202, 37.52203848528951], [126.93577901999217, 37.52203767957145], [126.93578276813982, 37.52200946085381]]]}, "properties": {"floor": 31, "z_m": 99.0, "depth_m": 0.85, "type": "서측 픽셀", "area_m2": 2.68}}, {"type": "Feature", "geometry": {"type": "Polygon", "coordinates": [[[126.93578103434966, 37.52197969298134], [126.93579622117072, 37.521980972650596], [126.9357924730296, 37.5220091913688], [126.93577728620286, 37.52200791169907], [126.93578103434966, 37.52197969298134]]]}, "properties": {"floor": 31, "z_m": 99.0, "depth_m": 1.35, "type": "서측 픽셀", "area_m2": 4.25}}, {"type": "Feature", "geometry": {"type": "Polygon", "coordinates": [[[126.93593803626497, 37.521992378534634], [126.93594478596553, 37.52199294726779], [126.93587864029762, 37.52249094396992], [126.93587189055275, 37.52249037523298], [126.93593803626497, 37.521992378534634]]]}, "properties": {"floor": 31, "z_m": 99.0, "depth_m": 0.6, "type": "동측 연속", "area_m2": 33.35}}, {"type": "Feature", "geometry": {"type": "Polygon", "coordinates": [[[126.93572829440224, 37.52241957571406], [126.93573785653025, 37.522420381436234], [126.93573410834493, 37.522448600150454], [126.93572454621332, 37.52244779442798], [126.93572829440224, 37.52241957571406]]]}, "properties": {"floor": 32, "z_m": 102.3, "depth_m": 0.85, "type": "서측 픽셀", "area_m2": 2.68}}, {"type": "Feature", "geometry": {"type": "Polygon", "coordinates": [[[126.93572656062446, 37.52238980784289], [126.9357417475277, 37.52239108751914], [126.93573799934532, 37.522419306233616], [126.93572281243641, 37.522418026556885], [126.93572656062446, 37.52238980784289]]]}, "properties": {"floor": 32, "z_m": 102.3, "depth_m": 1.35, "type": "서측 픽셀", "area_m2": 4.25}}, {"type": "Feature", "geometry": {"type": "Polygon", "coordinates": [[[126.93573996739649, 37.52233169396286], [126.93574952951343, 37.52233249968409], [126.93574578133693, 37.52236071839909], [126.93573621921642, 37.52235991267757], [126.93573996739649, 37.52233169396286]]]}, "properties": {"floor": 32, "z_m": 102.3, "depth_m": 0.85, "type": "서측 픽셀", "area_m2": 2.68}}, {"type": "Feature", "geometry": {"type": "Polygon", "coordinates": [[[126.93573823361605, 37.5223019260914], [126.93575342050168, 37.52230320576614], [126.93574967232814, 37.522331424481436], [126.93573448543684, 37.522330144806205], [126.93573823361605, 37.5223019260914]]]}, "properties": {"floor": 32, "z_m": 102.3, "depth_m": 1.35, "type": "서측 픽셀", "area_m2": 4.25}}, {"type": "Feature", "geometry": {"type": "Polygon", "coordinates": [[[126.9357516403632, 37.52224381220917], [126.93576120246905, 37.52224461792945], [126.93575745430138, 37.522272836645264], [126.93574789219197, 37.52227203092468], [126.9357516403632, 37.52224381220917]]]}, "properties": {"floor": 32, "z_m": 102.3, "depth_m": 0.85, "type": "서측 픽셀", "area_m2": 2.68}}, {"type": "Feature", "geometry": {"type": "Polygon", "coordinates": [[[126.9357499065801, 37.52221404433744], [126.93576509344814, 37.52221532401068], [126.93576134528344, 37.52224354272676], [126.93574615840973, 37.52224226305304], [126.9357499065801, 37.52221404433744]]]}, "properties": {"floor": 32, "z_m": 102.3, "depth_m": 1.35, "type": "서측 픽셀", "area_m2": 4.25}}, {"type": "Feature", "geometry": {"type": "Polygon", "coordinates": [[[126.93576331330237, 37.522155930452975], [126.93577287539713, 37.52215673617232], [126.93576912723833, 37.52218495488894], [126.93575956513997, 37.5221841491693], [126.93576331330237, 37.522155930452975]]]}, "properties": {"floor": 32, "z_m": 102.3, "depth_m": 0.85, "type": "서측 픽셀", "area_m2": 2.68}}, {"type": "Feature", "geometry": {"type": "Polygon", "coordinates": [[[126.93576157951662, 37.522126162580975], [126.93577676636706, 37.52212744225272], [126.9357730182112, 37.52215566096961], [126.93575783135509, 37.522154381297376], [126.93576157951662, 37.522126162580975]]]}, "properties": {"floor": 32, "z_m": 102.3, "depth_m": 1.35, "type": "서측 픽셀", "area_m2": 4.25}}, {"type": "Feature", "geometry": {"type": "Polygon", "coordinates": [[[126.93577498621403, 37.522068048694315], [126.93578454829769, 37.52206885441271], [126.93578080014771, 37.52209707313012], [126.93577123806048, 37.52209626741141], [126.93577498621403, 37.522068048694315]]]}, "properties": {"floor": 32, "z_m": 102.3, "depth_m": 0.85, "type": "서측 픽셀", "area_m2": 2.68}}, {"type": "Feature", "geometry": {"type": "Polygon", "coordinates": [[[126.9357732524256, 37.522038280822024], [126.93578843925845, 37.522039560492274], [126.9357846911114, 37.52206777920995], [126.93576950427293, 37.52206649953922], [126.9357732524256, 37.522038280822024]]]}, "properties": {"floor": 32, "z_m": 102.3, "depth_m": 1.35, "type": "서측 픽셀", "area_m2": 4.25}}, {"type": "Feature", "geometry": {"type": "Polygon", "coordinates": [[[126.93578665909816, 37.52198016693314], [126.93579622117072, 37.521980972650596], [126.9357924730296, 37.5220091913688], [126.93578291095344, 37.52200838565106], [126.93578665909816, 37.52198016693314]]]}, "properties": {"floor": 32, "z_m": 102.3, "depth_m": 0.85, "type": "서측 픽셀", "area_m2": 2.68}}, {"type": "Feature", "geometry": {"type": "Polygon", "coordinates": [[[126.93593803626497, 37.521992378534634], [126.93594478596553, 37.52199294726779], [126.93587864029762, 37.52249094396992], [126.93587189055275, 37.52249037523298], [126.93593803626497, 37.521992378534634]]]}, "properties": {"floor": 32, "z_m": 102.3, "depth_m": 0.6, "type": "동측 연속", "area_m2": 33.35}}, {"type": "Feature", "geometry": {"type": "Polygon", "coordinates": [[[126.93571877861476, 37.52244839567582], [126.93573396552975, 37.522449675353066], [126.93573021734147, 37.522477894067016], [126.93571503042082, 37.52247661438929], [126.93571877861476, 37.52244839567582]]]}, "properties": {"floor": 33, "z_m": 105.6, "depth_m": 1.35, "type": "서측 픽셀", "area_m2": 4.25}}, {"type": "Feature", "geometry": {"type": "Polygon", "coordinates": [[[126.93573218540337, 37.52239028179728], [126.9357417475277, 37.52239108751914], [126.93573799934532, 37.522419306233616], [126.9357284372174, 37.522418500511456], [126.93573218540337, 37.52239028179728]]]}, "properties": {"floor": 33, "z_m": 105.6, "depth_m": 0.85, "type": "서측 픽셀", "area_m2": 2.68}}, {"type": "Feature", "geometry": {"type": "Polygon", "coordinates": [[[126.93573045162469, 37.522360513926], [126.93574563852209, 37.522361793601746], [126.93574189034264, 37.522390012316485], [126.9357267034396, 37.52238873264028], [126.93573045162469, 37.522360513926]]]}, "properties": {"floor": 33, "z_m": 105.6, "depth_m": 1.35, "type": "서측 픽셀", "area_m2": 4.25}}, {"type": "Feature", "geometry": {"type": "Polygon", "coordinates": [[[126.93574385838843, 37.52230240004524], [126.93575342050168, 37.52230320576614], [126.93574967232814, 37.522331424481436], [126.93574011021133, 37.52233061876022], [126.93574385838843, 37.52230240004524]]]}, "properties": {"floor": 33, "z_m": 105.6, "depth_m": 0.85, "type": "서측 픽셀", "area_m2": 2.68}}, {"type": "Feature", "geometry": {"type": "Polygon", "coordinates": [[[126.9357421246071, 37.52227263217369], [126.9357573114869, 37.52227391184794], [126.9357535633163, 37.52230213056348], [126.93573837643088, 37.522300850888755], [126.9357421246071, 37.52227263217369]]]}, "properties": {"floor": 33, "z_m": 105.6, "depth_m": 1.35, "type": "서측 픽셀", "area_m2": 4.25}}, {"type": "Feature", "geometry": {"type": "Polygon", "coordinates": [[[126.93575553134599, 37.52221451829072], [126.93576509344814, 37.52221532401068], [126.93576134528344, 37.52224354272676], [126.93575178317771, 37.52224273700649], [126.93575553134599, 37.52221451829072]]]}, "properties": {"floor": 33, "z_m": 105.6, "depth_m": 0.85, "type": "서측 픽셀", "area_m2": 2.68}}, {"type": "Feature", "geometry": {"type": "Polygon", "coordinates": [[[126.93575379756199, 37.52218475041889], [126.93576898442417, 37.52218603009164], [126.9357652362624, 37.522214248807984], [126.93575004939458, 37.52221296913475], [126.93575379756199, 37.52218475041889]]]}, "properties": {"floor": 33, "z_m": 105.6, "depth_m": 1.35, "type": "서측 픽셀", "area_m2": 4.25}}, {"type": "Feature", "geometry": {"type": "Polygon", "coordinates": [[[126.93576720427598, 37.52212663653369], [126.93577676636706, 37.52212744225272], [126.9357730182112, 37.52215566096961], [126.93576345611653, 37.522154855250285], [126.93576720427598, 37.52212663653369]]]}, "properties": {"floor": 33, "z_m": 105.6, "depth_m": 0.85, "type": "서측 픽셀", "area_m2": 2.68}}, {"type": "Feature", "geometry": {"type": "Polygon", "coordinates": [[[126.93576547048934, 37.5220968686616], [126.93578065733391, 37.52209814833285], [126.93577690918097, 37.52212636705], [126.93576172233075, 37.522125087378264], [126.93576547048934, 37.5220968686616]]]}, "properties": {"floor": 33, "z_m": 105.6, "depth_m": 1.35, "type": "서측 픽셀", "area_m2": 4.25}}, {"type": "Feature", "geometry": {"type": "Polygon", "coordinates": [[[126.93577887717845, 37.522038754774194], [126.93578843925845, 37.522039560492274], [126.9357846911114, 37.52206777920995], [126.93577512902786, 37.522066973491576], [126.93577887717845, 37.522038754774194]]]}, "properties": {"floor": 33, "z_m": 105.6, "depth_m": 0.85, "type": "서측 픽셀", "area_m2": 2.68}}, {"type": "Feature", "geometry": {"type": "Polygon", "coordinates": [[[126.93577714338916, 37.52200898690182], [126.93579233021612, 37.52201026657157], [126.93578858207202, 37.52203848528951], [126.93577339523944, 37.52203720561929], [126.93577714338916, 37.52200898690182]]]}, "properties": {"floor": 33, "z_m": 105.6, "depth_m": 1.35, "type": "서측 픽셀", "area_m2": 4.25}}, {"type": "Feature", "geometry": {"type": "Polygon", "coordinates": [[[126.93593803626497, 37.521992378534634], [126.93594478596553, 37.52199294726779], [126.93587864029762, 37.52249094396992], [126.93587189055275, 37.52249037523298], [126.93593803626497, 37.521992378534634]]]}, "properties": {"floor": 33, "z_m": 105.6, "depth_m": 0.6, "type": "동측 연속", "area_m2": 33.35}}, {"type": "Feature", "geometry": {"type": "Polygon", "coordinates": [[[126.93572440339803, 37.52244886963059], [126.93573396552975, 37.522449675353066], [126.93573021734147, 37.522477894067016], [126.93572065520618, 37.52247708834423], [126.93572440339803, 37.52244886963059]]]}, "properties": {"floor": 34, "z_m": 108.9, "depth_m": 0.85, "type": "서측 픽셀", "area_m2": 2.68}}, {"type": "Feature", "geometry": {"type": "Polygon", "coordinates": [[[126.93572266962113, 37.52241910175949], [126.93573785653025, 37.522420381436234], [126.93573410834493, 37.522448600150454], [126.93571892143014, 37.52244732047322], [126.93572266962113, 37.52241910175949]]]}, "properties": {"floor": 34, "z_m": 108.9, "depth_m": 1.35, "type": "서측 픽셀", "area_m2": 4.25}}, {"type": "Feature", "geometry": {"type": "Polygon", "coordinates": [[[126.93573607640145, 37.52236098788021], [126.93574563852209, 37.522361793601746], [126.93574189034264, 37.522390012316485], [126.93573232821845, 37.522389206594646], [126.93573607640145, 37.52236098788021]]]}, "properties": {"floor": 34, "z_m": 108.9, "depth_m": 0.85, "type": "서측 픽셀", "area_m2": 2.68}}, {"type": "Feature", "geometry": {"type": "Polygon", "coordinates": [[[126.93573434262191, 37.52233122000884], [126.93574952951343, 37.52233249968409], [126.93574578133693, 37.52236071839909], [126.93573059443975, 37.52235943872338], [126.93573434262191, 37.52233122000884]]]}, "properties": {"floor": 34, "z_m": 108.9, "depth_m": 1.35, "type": "서측 픽셀", "area_m2": 4.25}}, {"type": "Feature", "geometry": {"type": "Polygon", "coordinates": [[[126.93574774937736, 37.52227310612734], [126.9357573114869, 37.52227391184794], [126.9357535633163, 37.52230213056348], [126.93574400120318, 37.52230132484259], [126.93574774937736, 37.52227310612734]]]}, "properties": {"floor": 34, "z_m": 108.9, "depth_m": 0.85, "type": "서측 픽셀", "area_m2": 2.68}}, {"type": "Feature", "geometry": {"type": "Polygon", "coordinates": [[[126.93574601559514, 37.522243338255706], [126.93576120246905, 37.52224461792945], [126.93575745430138, 37.522272836645264], [126.93574226742183, 37.522271556971035], [126.93574601559514, 37.522243338255706]]]}, "properties": {"floor": 34, "z_m": 108.9, "depth_m": 1.35, "type": "서측 픽셀", "area_m2": 4.25}}, {"type": "Feature", "geometry": {"type": "Polygon", "coordinates": [[[126.93575942232569, 37.52218522437198], [126.93576898442417, 37.52218603009164], [126.9357652362624, 37.522214248807984], [126.93575567416038, 37.522213443088035], [126.93575942232569, 37.52218522437198]]]}, "properties": {"floor": 34, "z_m": 108.9, "depth_m": 0.85, "type": "서측 픽셀", "area_m2": 2.68}}, {"type": "Feature", "geometry": {"type": "Polygon", "coordinates": [[[126.93575768854083, 37.522155456500066], [126.93577287539713, 37.52215673617232], [126.93576912723833, 37.52218495488894], [126.93575394037637, 37.522183675216205], [126.93575768854083, 37.522155456500066]]]}, "properties": {"floor": 34, "z_m": 108.9, "depth_m": 1.35, "type": "서측 픽셀", "area_m2": 4.25}}, {"type": "Feature", "geometry": {"type": "Polygon", "coordinates": [[[126.93577109524654, 37.52209734261414], [126.93578065733391, 37.52209814833285], [126.93577690918097, 37.52212636705], [126.93576734709004, 37.52212556133099], [126.93577109524654, 37.52209734261414]]]}, "properties": {"floor": 34, "z_m": 108.9, "depth_m": 0.85, "type": "서측 픽셀", "area_m2": 2.68}}, {"type": "Feature", "geometry": {"type": "Polygon", "coordinates": [[[126.935769361459, 37.522067574741946], [126.93578454829769, 37.52206885441271], [126.93578080014771, 37.52209707313012], [126.93576561330337, 37.52209579345888], [126.935769361459, 37.522067574741946]]]}, "properties": {"floor": 34, "z_m": 108.9, "depth_m": 1.35, "type": "서측 픽셀", "area_m2": 4.25}}, {"type": "Feature", "geometry": {"type": "Polygon", "coordinates": [[[126.93578276813982, 37.52200946085381], [126.93579233021612, 37.52201026657157], [126.93578858207202, 37.52203848528951], [126.93577901999217, 37.52203767957145], [126.93578276813982, 37.52200946085381]]]}, "properties": {"floor": 34, "z_m": 108.9, "depth_m": 0.85, "type": "서측 픽셀", "area_m2": 2.68}}, {"type": "Feature", "geometry": {"type": "Polygon", "coordinates": [[[126.93578103434966, 37.52197969298134], [126.93579622117072, 37.521980972650596], [126.9357924730296, 37.5220091913688], [126.93577728620286, 37.52200791169907], [126.93578103434966, 37.52197969298134]]]}, "properties": {"floor": 34, "z_m": 108.9, "depth_m": 1.35, "type": "서측 픽셀", "area_m2": 4.25}}, {"type": "Feature", "geometry": {"type": "Polygon", "coordinates": [[[126.93593803626497, 37.521992378534634], [126.93594478596553, 37.52199294726779], [126.93587864029762, 37.52249094396992], [126.93587189055275, 37.52249037523298], [126.93593803626497, 37.521992378534634]]]}, "properties": {"floor": 34, "z_m": 108.9, "depth_m": 0.6, "type": "동측 연속", "area_m2": 33.35}}, {"type": "Feature", "geometry": {"type": "Polygon", "coordinates": [[[126.93571687440931, 37.52246273171041], [126.93573206132719, 37.522464011387896], [126.93572831313746, 37.52249223010171], [126.93571312621394, 37.522490950423744], [126.93571687440931, 37.52246273171041]]]}, "properties": {"floor": 36, "z_m": 115.5, "depth_m": 1.35, "type": "서측 픽셀", "area_m2": 4.25}}, {"type": "Feature", "geometry": {"type": "Polygon", "coordinates": [[[126.93572639019933, 37.52243391174889], [126.93573595232918, 37.52243471747121], [126.93573220414241, 37.522462936185285], [126.93572264200901, 37.522462130462664], [126.93572639019933, 37.52243391174889]]]}, "properties": {"floor": 36, "z_m": 115.5, "depth_m": 0.85, "type": "서측 픽셀", "area_m2": 2.68}}, {"type": "Feature", "geometry": {"type": "Polygon", "coordinates": [[[126.93572854742376, 37.522374849961004], [126.935743734324, 37.52237612963698], [126.93573998614313, 37.522404348351614], [126.93572479923722, 37.52240306867513], [126.93572854742376, 37.522374849961004]]]}, "properties": {"floor": 36, "z_m": 115.5, "depth_m": 1.35, "type": "서측 픽셀", "area_m2": 4.25}}, {"type": "Feature", "geometry": {"type": "Polygon", "coordinates": [[[126.93573806319809, 37.52234602999808], [126.93574762531684, 37.52234683571946], [126.93574387713889, 37.52237505443434], [126.93573431501659, 37.52237424871267], [126.93573806319809, 37.52234602999808]]]}, "properties": {"floor": 36, "z_m": 115.5, "depth_m": 0.85, "type": "서측 픽셀", "area_m2": 2.68}}, {"type": "Feature", "geometry": {"type": "Polygon", "coordinates": [[[126.93574022041065, 37.522286968209094], [126.93575540729331, 37.52228824788358], [126.93575165912127, 37.522316466599], [126.93573647223296, 37.52231518692403], [126.93574022041065, 37.522286968209094]]]}, "properties": {"floor": 36, "z_m": 115.5, "depth_m": 1.35, "type": "서측 픽셀", "area_m2": 4.25}}, {"type": "Feature", "geometry": {"type": "Polygon", "coordinates": [[[126.93574973616929, 37.522258148244795], [126.93575929827696, 37.522258953965235], [126.93575555010784, 37.52228717268091], [126.93574598799663, 37.522286366960174], [126.93574973616929, 37.522258148244795]]]}, "properties": {"floor": 36, "z_m": 115.5, "depth_m": 0.85, "type": "서측 픽셀", "area_m2": 2.68}}, {"type": "Feature", "geometry": {"type": "Polygon", "coordinates": [[[126.93575189337004, 37.522199086454705], [126.93576708023507, 37.52220036612769], [126.93576333207184, 37.52222858484391], [126.93574814520117, 37.52222730517043], [126.93575189337004, 37.522199086454705]]]}, "properties": {"floor": 36, "z_m": 115.5, "depth_m": 1.35, "type": "서측 픽셀", "area_m2": 4.25}}, {"type": "Feature", "geometry": {"type": "Polygon", "coordinates": [[[126.93576140911297, 37.52217026648901], [126.93577097120954, 37.5221710722085], [126.93576722304927, 37.52219929092498], [126.93575766094914, 37.52219848520519], [126.93576140911297, 37.52217026648901]]]}, "properties": {"floor": 36, "z_m": 115.5, "depth_m": 0.85, "type": "서측 픽셀", "area_m2": 2.68}}, {"type": "Feature", "geometry": {"type": "Polygon", "coordinates": [[[126.93576356630186, 37.52211120469781], [126.93577875314931, 37.52211248436931], [126.93577500499492, 37.522140703086315], [126.93575981814183, 37.52213942341435], [126.93576356630186, 37.52211120469781]]]}, "properties": {"floor": 36, "z_m": 115.5, "depth_m": 1.35, "type": "서측 픽셀", "area_m2": 4.25}}, {"type": "Feature", "geometry": {"type": "Polygon", "coordinates": [[[126.9357730820291, 37.52208238473075], [126.9357826441146, 37.52208319044929], [126.93577889596315, 37.52211140916657], [126.93576933387413, 37.52211060344772], [126.9357730820291, 37.52208238473075]]]}, "properties": {"floor": 36, "z_m": 115.5, "depth_m": 0.85, "type": "서측 픽셀", "area_m2": 2.68}}, {"type": "Feature", "geometry": {"type": "Polygon", "coordinates": [[[126.93577523920617, 37.52202332293844], [126.935790426036, 37.522024602608425], [126.93578667789048, 37.52205282132625], [126.93577149105498, 37.52205154165577], [126.93577523920617, 37.52202332293844]]]}, "properties": {"floor": 36, "z_m": 115.5, "depth_m": 1.35, "type": "서측 픽셀", "area_m2": 4.25}}, {"type": "Feature", "geometry": {"type": "Polygon", "coordinates": [[[126.93578475491772, 37.52199450296999], [126.93579431699212, 37.52199530868759], [126.93579056884951, 37.52202352740567], [126.93578100677155, 37.52202272168777], [126.93578475491772, 37.52199450296999]]]}, "properties": {"floor": 36, "z_m": 115.5, "depth_m": 0.85, "type": "서측 픽셀", "area_m2": 2.68}}, {"type": "Feature", "geometry": {"type": "Polygon", "coordinates": [[[126.9359361321132, 37.52200671457392], [126.93594288181502, 37.52200728330718], [126.93587673612167, 37.522505280007], [126.9358699863755, 37.52250471126995], [126.9359361321132, 37.52200671457392]]]}, "properties": {"floor": 36, "z_m": 115.5, "depth_m": 0.6, "type": "동측 연속", "area_m2": 33.35}}, {"type": "Feature", "geometry": {"type": "Polygon", "coordinates": [[[126.93572076541719, 37.52243343779421], [126.93573595232918, 37.52243471747121], [126.93573220414241, 37.522462936185285], [126.93571701722475, 37.52246165650782], [126.93572076541719, 37.52243343779421]]]}, "properties": {"floor": 37, "z_m": 118.8, "depth_m": 1.35, "type": "서측 픽셀", "area_m2": 4.25}}, {"type": "Feature", "geometry": {"type": "Polygon", "coordinates": [[[126.93573028120198, 37.52240461783224], [126.93573984332814, 37.52240542355424], [126.93573609514428, 37.52243364226858], [126.93572653301459, 37.52243283654628], [126.93573028120198, 37.52240461783224]]]}, "properties": {"floor": 37, "z_m": 118.8, "depth_m": 0.85, "type": "서측 픽셀", "area_m2": 2.68}}, {"type": "Feature", "geometry": {"type": "Polygon", "coordinates": [[[126.93573243842245, 37.52234555604397], [126.93574762531684, 37.52234683571946], [126.93574387713889, 37.52237505443434], [126.93572869023886, 37.52237377475838], [126.93573243842245, 37.52234555604397]]]}, "properties": {"floor": 37, "z_m": 118.8, "depth_m": 1.35, "type": "서측 픽셀", "area_m2": 4.25}}, {"type": "Feature", "geometry": {"type": "Polygon", "coordinates": [[[126.93574195419154, 37.522316736080604], [126.9357515163066, 37.52231754180166], [126.9357477681316, 37.52234576051681], [126.93573820601299, 37.52234495479544], [126.93574195419154, 37.522316736080604]]]}, "properties": {"floor": 37, "z_m": 118.8, "depth_m": 0.85, "type": "서측 픽셀", "area_m2": 2.68}}, {"type": "Feature", "geometry": {"type": "Polygon", "coordinates": [[[126.93574411140018, 37.52225767429123], [126.93575929827696, 37.522258953965235], [126.93575555010784, 37.52228717268091], [126.93574036322542, 37.52228589300644], [126.93574411140018, 37.52225767429123]]]}, "properties": {"floor": 37, "z_m": 118.8, "depth_m": 1.35, "type": "서측 픽셀", "area_m2": 4.25}}, {"type": "Feature", "geometry": {"type": "Polygon", "coordinates": [[[126.93575362715357, 37.522228854326485], [126.93576318925754, 37.5222296600466], [126.93575944109138, 37.52225787876255], [126.93574987898384, 37.522257073042134], [126.93575362715357, 37.522228854326485]]]}, "properties": {"floor": 37, "z_m": 118.8, "depth_m": 0.85, "type": "서측 픽셀", "area_m2": 2.68}}, {"type": "Feature", "geometry": {"type": "Polygon", "coordinates": [[[126.93575578435036, 37.52216979253601], [126.93577097120954, 37.5221710722085], [126.93576722304927, 37.52219929092498], [126.93575203618445, 37.522198011252016], [126.93575578435036, 37.52216979253601]]]}, "properties": {"floor": 37, "z_m": 118.8, "depth_m": 1.35, "type": "서측 픽셀", "area_m2": 4.25}}, {"type": "Feature", "geometry": {"type": "Polygon", "coordinates": [[[126.93576530008806, 37.522140972569865], [126.93577486218095, 37.52214177828904], [126.93577111402364, 37.52216999700578], [126.9357615519272, 37.52216919128632], [126.93576530008806, 37.522140972569865]]]}, "properties": {"floor": 37, "z_m": 118.8, "depth_m": 0.85, "type": "서측 픽셀", "area_m2": 2.68}}, {"type": "Feature", "geometry": {"type": "Polygon", "coordinates": [[[126.93576745727303, 37.5220819107783], [126.9357826441146, 37.52208319044929], [126.93577889596315, 37.52211140916657], [126.93576370911595, 37.522110129495104], [126.93576745727303, 37.5220819107783]]]}, "properties": {"floor": 37, "z_m": 118.8, "depth_m": 1.35, "type": "서측 픽셀", "area_m2": 4.25}}, {"type": "Feature", "geometry": {"type": "Polygon", "coordinates": [[[126.93577697299501, 37.52205309081077], [126.93578653507682, 37.522053896529], [126.93578278692834, 37.522082115246555], [126.935773224843, 37.522081309528026], [126.93577697299501, 37.52205309081077]]]}, "properties": {"floor": 37, "z_m": 118.8, "depth_m": 0.85, "type": "서측 픽셀", "area_m2": 2.68}}, {"type": "Feature", "geometry": {"type": "Polygon", "coordinates": [[[126.93577913016816, 37.521994029018096], [126.93579431699212, 37.52199530868759], [126.93579056884951, 37.52202352740567], [126.93577538201991, 37.522022247735684], [126.93577913016816, 37.521994029018096]]]}, "properties": {"floor": 37, "z_m": 118.8, "depth_m": 1.35, "type": "서측 픽셀", "area_m2": 4.25}}, {"type": "Feature", "geometry": {"type": "Polygon", "coordinates": [[[126.9359361321132, 37.52200671457392], [126.93594288181502, 37.52200728330718], [126.93587673612167, 37.522505280007], [126.9358699863755, 37.52250471126995], [126.9359361321132, 37.52200671457392]]]}, "properties": {"floor": 37, "z_m": 118.8, "depth_m": 0.6, "type": "동측 연속", "area_m2": 33.35}}, {"type": "Feature", "geometry": {"type": "Polygon", "coordinates": [[[126.93572249919366, 37.52246320566527], [126.93573206132719, 37.522464011387896], [126.93572831313746, 37.52249223010171], [126.93571875100037, 37.52249142437878], [126.93572249919366, 37.52246320566527]]]}, "properties": {"floor": 38, "z_m": 122.1, "depth_m": 0.85, "type": "서측 픽셀", "area_m2": 2.68}}, {"type": "Feature", "geometry": {"type": "Polygon", "coordinates": [[[126.93572465642198, 37.52240414387774], [126.93573984332814, 37.52240542355424], [126.93573609514428, 37.52243364226858], [126.93572090823251, 37.52243236259161], [126.93572465642198, 37.52240414387774]]]}, "properties": {"floor": 38, "z_m": 122.1, "depth_m": 1.35, "type": "서측 픽셀", "area_m2": 4.25}}, {"type": "Feature", "geometry": {"type": "Polygon", "coordinates": [[[126.93573417220156, 37.52237532391529], [126.935743734324, 37.52237612963698], [126.93573998614313, 37.522404348351614], [126.93573042401712, 37.52240354262961], [126.93573417220156, 37.52237532391529]]]}, "properties": {"floor": 38, "z_m": 122.1, "depth_m": 0.85, "type": "서측 픽셀", "area_m2": 2.68}}, {"type": "Feature", "geometry": {"type": "Polygon", "coordinates": [[[126.93573632941809, 37.522316262126665], [126.9357515163066, 37.52231754180166], [126.9357477681316, 37.52234576051681], [126.93573258123742, 37.52234448084133], [126.93573632941809, 37.522316262126665]]]}, "properties": {"floor": 38, "z_m": 122.1, "depth_m": 1.35, "type": "서측 픽셀", "area_m2": 4.25}}, {"type": "Feature", "geometry": {"type": "Polygon", "coordinates": [[[126.93574584518194, 37.52228744216284], [126.93575540729331, 37.52228824788358], [126.93575165912127, 37.522316466599], [126.93574209700633, 37.52231566087796], [126.93574584518194, 37.52228744216284]]]}, "properties": {"floor": 38, "z_m": 122.1, "depth_m": 0.85, "type": "서측 픽셀", "area_m2": 2.68}}, {"type": "Feature", "geometry": {"type": "Polygon", "coordinates": [[[126.93574800238663, 37.52222838037311], [126.93576318925754, 37.5222296600466], [126.93575944109138, 37.52225787876255], [126.93574425421482, 37.522256599088585], [126.93574800238663, 37.52222838037311]]]}, "properties": {"floor": 38, "z_m": 122.1, "depth_m": 1.35, "type": "서측 픽셀", "area_m2": 4.25}}, {"type": "Feature", "geometry": {"type": "Polygon", "coordinates": [[[126.93575751813478, 37.522199560407884], [126.93576708023507, 37.52220036612769], [126.93576333207184, 37.52222858484391], [126.93575376996803, 37.52222777912381], [126.93575751813478, 37.522199560407884]]]}, "properties": {"floor": 38, "z_m": 122.1, "depth_m": 0.85, "type": "서측 픽셀", "area_m2": 2.68}}, {"type": "Feature", "geometry": {"type": "Polygon", "coordinates": [[[126.93575967532765, 37.522140498617055], [126.93577486218095, 37.52214177828904], [126.93577111402364, 37.52216999700578], [126.93575592716466, 37.52216871733332], [126.93575967532765, 37.522140498617055]]]}, "properties": {"floor": 38, "z_m": 122.1, "depth_m": 1.35, "type": "서측 픽셀", "area_m2": 4.25}}, {"type": "Feature", "geometry": {"type": "Polygon", "coordinates": [[[126.93576919106012, 37.52211167865045], [126.93577875314931, 37.52211248436931], [126.93577500499492, 37.522140703086315], [126.93576544290218, 37.52213989736716], [126.93576919106012, 37.52211167865045]]]}, "properties": {"floor": 38, "z_m": 122.1, "depth_m": 0.85, "type": "서측 픽셀", "area_m2": 2.68}}, {"type": "Feature", "geometry": {"type": "Polygon", "coordinates": [[[126.93577134824113, 37.5220526168585], [126.93578653507682, 37.522053896529], [126.93578278692834, 37.522082115246555], [126.935767600087, 37.52208083557557], [126.93577134824113, 37.5220526168585]]]}, "properties": {"floor": 38, "z_m": 122.1, "depth_m": 1.35, "type": "서측 픽셀", "area_m2": 4.25}}, {"type": "Feature", "geometry": {"type": "Polygon", "coordinates": [[[126.9357808639579, 37.522023796890515], [126.935790426036, 37.522024602608425], [126.93578667789048, 37.52205282132625], [126.93577711580882, 37.522052015608025], [126.9357808639579, 37.522023796890515]]]}, "properties": {"floor": 38, "z_m": 122.1, "depth_m": 0.85, "type": "서측 픽셀", "area_m2": 2.68}}, {"type": "Feature", "geometry": {"type": "Polygon", "coordinates": [[[126.9359361321132, 37.52200671457392], [126.93594288181502, 37.52200728330718], [126.93587673612167, 37.522505280007], [126.9358699863755, 37.52250471126995], [126.9359361321132, 37.52200671457392]]]}, "properties": {"floor": 38, "z_m": 122.1, "depth_m": 0.6, "type": "동측 연속", "area_m2": 33.35}}, {"type": "Feature", "geometry": {"type": "Polygon", "coordinates": [[[126.93571687440931, 37.52246273171041], [126.93573206132719, 37.522464011387896], [126.93572831313746, 37.52249223010171], [126.93571312621394, 37.522490950423744], [126.93571687440931, 37.52246273171041]]]}, "properties": {"floor": 39, "z_m": 125.4, "depth_m": 1.35, "type": "서측 픽셀", "area_m2": 4.25}}, {"type": "Feature", "geometry": {"type": "Polygon", "coordinates": [[[126.93572639019933, 37.52243391174889], [126.93573595232918, 37.52243471747121], [126.93573220414241, 37.522462936185285], [126.93572264200901, 37.522462130462664], [126.93572639019933, 37.52243391174889]]]}, "properties": {"floor": 39, "z_m": 125.4, "depth_m": 0.85, "type": "서측 픽셀", "area_m2": 2.68}}, {"type": "Feature", "geometry": {"type": "Polygon", "coordinates": [[[126.93572854742376, 37.522374849961004], [126.935743734324, 37.52237612963698], [126.93573998614313, 37.522404348351614], [126.93572479923722, 37.52240306867513], [126.93572854742376, 37.522374849961004]]]}, "properties": {"floor": 39, "z_m": 125.4, "depth_m": 1.35, "type": "서측 픽셀", "area_m2": 4.25}}, {"type": "Feature", "geometry": {"type": "Polygon", "coordinates": [[[126.93573806319809, 37.52234602999808], [126.93574762531684, 37.52234683571946], [126.93574387713889, 37.52237505443434], [126.93573431501659, 37.52237424871267], [126.93573806319809, 37.52234602999808]]]}, "properties": {"floor": 39, "z_m": 125.4, "depth_m": 0.85, "type": "서측 픽셀", "area_m2": 2.68}}, {"type": "Feature", "geometry": {"type": "Polygon", "coordinates": [[[126.93574022041065, 37.522286968209094], [126.93575540729331, 37.52228824788358], [126.93575165912127, 37.522316466599], [126.93573647223296, 37.52231518692403], [126.93574022041065, 37.522286968209094]]]}, "properties": {"floor": 39, "z_m": 125.4, "depth_m": 1.35, "type": "서측 픽셀", "area_m2": 4.25}}, {"type": "Feature", "geometry": {"type": "Polygon", "coordinates": [[[126.93574973616929, 37.522258148244795], [126.93575929827696, 37.522258953965235], [126.93575555010784, 37.52228717268091], [126.93574598799663, 37.522286366960174], [126.93574973616929, 37.522258148244795]]]}, "properties": {"floor": 39, "z_m": 125.4, "depth_m": 0.85, "type": "서측 픽셀", "area_m2": 2.68}}, {"type": "Feature", "geometry": {"type": "Polygon", "coordinates": [[[126.93575189337004, 37.522199086454705], [126.93576708023507, 37.52220036612769], [126.93576333207184, 37.52222858484391], [126.93574814520117, 37.52222730517043], [126.93575189337004, 37.522199086454705]]]}, "properties": {"floor": 39, "z_m": 125.4, "depth_m": 1.35, "type": "서측 픽셀", "area_m2": 4.25}}, {"type": "Feature", "geometry": {"type": "Polygon", "coordinates": [[[126.93576140911297, 37.52217026648901], [126.93577097120954, 37.5221710722085], [126.93576722304927, 37.52219929092498], [126.93575766094914, 37.52219848520519], [126.93576140911297, 37.52217026648901]]]}, "properties": {"floor": 39, "z_m": 125.4, "depth_m": 0.85, "type": "서측 픽셀", "area_m2": 2.68}}, {"type": "Feature", "geometry": {"type": "Polygon", "coordinates": [[[126.93576356630186, 37.52211120469781], [126.93577875314931, 37.52211248436931], [126.93577500499492, 37.522140703086315], [126.93575981814183, 37.52213942341435], [126.93576356630186, 37.52211120469781]]]}, "properties": {"floor": 39, "z_m": 125.4, "depth_m": 1.35, "type": "서측 픽셀", "area_m2": 4.25}}, {"type": "Feature", "geometry": {"type": "Polygon", "coordinates": [[[126.9357730820291, 37.52208238473075], [126.9357826441146, 37.52208319044929], [126.93577889596315, 37.52211140916657], [126.93576933387413, 37.52211060344772], [126.9357730820291, 37.52208238473075]]]}, "properties": {"floor": 39, "z_m": 125.4, "depth_m": 0.85, "type": "서측 픽셀", "area_m2": 2.68}}, {"type": "Feature", "geometry": {"type": "Polygon", "coordinates": [[[126.93577523920617, 37.52202332293844], [126.935790426036, 37.522024602608425], [126.93578667789048, 37.52205282132625], [126.93577149105498, 37.52205154165577], [126.93577523920617, 37.52202332293844]]]}, "properties": {"floor": 39, "z_m": 125.4, "depth_m": 1.35, "type": "서측 픽셀", "area_m2": 4.25}}, {"type": "Feature", "geometry": {"type": "Polygon", "coordinates": [[[126.93578475491772, 37.52199450296999], [126.93579431699212, 37.52199530868759], [126.93579056884951, 37.52202352740567], [126.93578100677155, 37.52202272168777], [126.93578475491772, 37.52199450296999]]]}, "properties": {"floor": 39, "z_m": 125.4, "depth_m": 0.85, "type": "서측 픽셀", "area_m2": 2.68}}, {"type": "Feature", "geometry": {"type": "Polygon", "coordinates": [[[126.9359361321132, 37.52200671457392], [126.93594288181502, 37.52200728330718], [126.93587673612167, 37.522505280007], [126.9358699863755, 37.52250471126995], [126.9359361321132, 37.52200671457392]]]}, "properties": {"floor": 39, "z_m": 125.4, "depth_m": 0.6, "type": "동측 연속", "area_m2": 33.35}}, {"type": "Feature", "geometry": {"type": "Polygon", "coordinates": [[[126.93572076541719, 37.52243343779421], [126.93573595232918, 37.52243471747121], [126.93573220414241, 37.522462936185285], [126.93571701722475, 37.52246165650782], [126.93572076541719, 37.52243343779421]]]}, "properties": {"floor": 40, "z_m": 128.7, "depth_m": 1.35, "type": "서측 픽셀", "area_m2": 4.25}}, {"type": "Feature", "geometry": {"type": "Polygon", "coordinates": [[[126.93573028120198, 37.52240461783224], [126.93573984332814, 37.52240542355424], [126.93573609514428, 37.52243364226858], [126.93572653301459, 37.52243283654628], [126.93573028120198, 37.52240461783224]]]}, "properties": {"floor": 40, "z_m": 128.7, "depth_m": 0.85, "type": "서측 픽셀", "area_m2": 2.68}}, {"type": "Feature", "geometry": {"type": "Polygon", "coordinates": [[[126.93573243842245, 37.52234555604397], [126.93574762531684, 37.52234683571946], [126.93574387713889, 37.52237505443434], [126.93572869023886, 37.52237377475838], [126.93573243842245, 37.52234555604397]]]}, "properties": {"floor": 40, "z_m": 128.7, "depth_m": 1.35, "type": "서측 픽셀", "area_m2": 4.25}}, {"type": "Feature", "geometry": {"type": "Polygon", "coordinates": [[[126.93574195419154, 37.522316736080604], [126.9357515163066, 37.52231754180166], [126.9357477681316, 37.52234576051681], [126.93573820601299, 37.52234495479544], [126.93574195419154, 37.522316736080604]]]}, "properties": {"floor": 40, "z_m": 128.7, "depth_m": 0.85, "type": "서측 픽셀", "area_m2": 2.68}}, {"type": "Feature", "geometry": {"type": "Polygon", "coordinates": [[[126.93574411140018, 37.52225767429123], [126.93575929827696, 37.522258953965235], [126.93575555010784, 37.52228717268091], [126.93574036322542, 37.52228589300644], [126.93574411140018, 37.52225767429123]]]}, "properties": {"floor": 40, "z_m": 128.7, "depth_m": 1.35, "type": "서측 픽셀", "area_m2": 4.25}}, {"type": "Feature", "geometry": {"type": "Polygon", "coordinates": [[[126.93575362715357, 37.522228854326485], [126.93576318925754, 37.5222296600466], [126.93575944109138, 37.52225787876255], [126.93574987898384, 37.522257073042134], [126.93575362715357, 37.522228854326485]]]}, "properties": {"floor": 40, "z_m": 128.7, "depth_m": 0.85, "type": "서측 픽셀", "area_m2": 2.68}}, {"type": "Feature", "geometry": {"type": "Polygon", "coordinates": [[[126.93575578435036, 37.52216979253601], [126.93577097120954, 37.5221710722085], [126.93576722304927, 37.52219929092498], [126.93575203618445, 37.522198011252016], [126.93575578435036, 37.52216979253601]]]}, "properties": {"floor": 40, "z_m": 128.7, "depth_m": 1.35, "type": "서측 픽셀", "area_m2": 4.25}}, {"type": "Feature", "geometry": {"type": "Polygon", "coordinates": [[[126.93576530008806, 37.522140972569865], [126.93577486218095, 37.52214177828904], [126.93577111402364, 37.52216999700578], [126.9357615519272, 37.52216919128632], [126.93576530008806, 37.522140972569865]]]}, "properties": {"floor": 40, "z_m": 128.7, "depth_m": 0.85, "type": "서측 픽셀", "area_m2": 2.68}}, {"type": "Feature", "geometry": {"type": "Polygon", "coordinates": [[[126.93576745727303, 37.5220819107783], [126.9357826441146, 37.52208319044929], [126.93577889596315, 37.52211140916657], [126.93576370911595, 37.522110129495104], [126.93576745727303, 37.5220819107783]]]}, "properties": {"floor": 40, "z_m": 128.7, "depth_m": 1.35, "type": "서측 픽셀", "area_m2": 4.25}}, {"type": "Feature", "geometry": {"type": "Polygon", "coordinates": [[[126.93577697299501, 37.52205309081077], [126.93578653507682, 37.522053896529], [126.93578278692834, 37.522082115246555], [126.935773224843, 37.522081309528026], [126.93577697299501, 37.52205309081077]]]}, "properties": {"floor": 40, "z_m": 128.7, "depth_m": 0.85, "type": "서측 픽셀", "area_m2": 2.68}}, {"type": "Feature", "geometry": {"type": "Polygon", "coordinates": [[[126.93577913016816, 37.521994029018096], [126.93579431699212, 37.52199530868759], [126.93579056884951, 37.52202352740567], [126.93577538201991, 37.522022247735684], [126.93577913016816, 37.521994029018096]]]}, "properties": {"floor": 40, "z_m": 128.7, "depth_m": 1.35, "type": "서측 픽셀", "area_m2": 4.25}}, {"type": "Feature", "geometry": {"type": "Polygon", "coordinates": [[[126.9359361321132, 37.52200671457392], [126.93594288181502, 37.52200728330718], [126.93587673612167, 37.522505280007], [126.9358699863755, 37.52250471126995], [126.9359361321132, 37.52200671457392]]]}, "properties": {"floor": 40, "z_m": 128.7, "depth_m": 0.6, "type": "동측 연속", "area_m2": 33.35}}, {"type": "Feature", "geometry": {"type": "Polygon", "coordinates": [[[126.93572249919366, 37.52246320566527], [126.93573206132719, 37.522464011387896], [126.93572831313746, 37.52249223010171], [126.93571875100037, 37.52249142437878], [126.93572249919366, 37.52246320566527]]]}, "properties": {"floor": 41, "z_m": 132.0, "depth_m": 0.85, "type": "서측 픽셀", "area_m2": 2.68}}, {"type": "Feature", "geometry": {"type": "Polygon", "coordinates": [[[126.93572465642198, 37.52240414387774], [126.93573984332814, 37.52240542355424], [126.93573609514428, 37.52243364226858], [126.93572090823251, 37.52243236259161], [126.93572465642198, 37.52240414387774]]]}, "properties": {"floor": 41, "z_m": 132.0, "depth_m": 1.35, "type": "서측 픽셀", "area_m2": 4.25}}, {"type": "Feature", "geometry": {"type": "Polygon", "coordinates": [[[126.93573417220156, 37.52237532391529], [126.935743734324, 37.52237612963698], [126.93573998614313, 37.522404348351614], [126.93573042401712, 37.52240354262961], [126.93573417220156, 37.52237532391529]]]}, "properties": {"floor": 41, "z_m": 132.0, "depth_m": 0.85, "type": "서측 픽셀", "area_m2": 2.68}}, {"type": "Feature", "geometry": {"type": "Polygon", "coordinates": [[[126.93573632941809, 37.522316262126665], [126.9357515163066, 37.52231754180166], [126.9357477681316, 37.52234576051681], [126.93573258123742, 37.52234448084133], [126.93573632941809, 37.522316262126665]]]}, "properties": {"floor": 41, "z_m": 132.0, "depth_m": 1.35, "type": "서측 픽셀", "area_m2": 4.25}}, {"type": "Feature", "geometry": {"type": "Polygon", "coordinates": [[[126.93574584518194, 37.52228744216284], [126.93575540729331, 37.52228824788358], [126.93575165912127, 37.522316466599], [126.93574209700633, 37.52231566087796], [126.93574584518194, 37.52228744216284]]]}, "properties": {"floor": 41, "z_m": 132.0, "depth_m": 0.85, "type": "서측 픽셀", "area_m2": 2.68}}, {"type": "Feature", "geometry": {"type": "Polygon", "coordinates": [[[126.93574800238663, 37.52222838037311], [126.93576318925754, 37.5222296600466], [126.93575944109138, 37.52225787876255], [126.93574425421482, 37.522256599088585], [126.93574800238663, 37.52222838037311]]]}, "properties": {"floor": 41, "z_m": 132.0, "depth_m": 1.35, "type": "서측 픽셀", "area_m2": 4.25}}, {"type": "Feature", "geometry": {"type": "Polygon", "coordinates": [[[126.93575751813478, 37.522199560407884], [126.93576708023507, 37.52220036612769], [126.93576333207184, 37.52222858484391], [126.93575376996803, 37.52222777912381], [126.93575751813478, 37.522199560407884]]]}, "properties": {"floor": 41, "z_m": 132.0, "depth_m": 0.85, "type": "서측 픽셀", "area_m2": 2.68}}, {"type": "Feature", "geometry": {"type": "Polygon", "coordinates": [[[126.93575967532765, 37.522140498617055], [126.93577486218095, 37.52214177828904], [126.93577111402364, 37.52216999700578], [126.93575592716466, 37.52216871733332], [126.93575967532765, 37.522140498617055]]]}, "properties": {"floor": 41, "z_m": 132.0, "depth_m": 1.35, "type": "서측 픽셀", "area_m2": 4.25}}, {"type": "Feature", "geometry": {"type": "Polygon", "coordinates": [[[126.93576919106012, 37.52211167865045], [126.93577875314931, 37.52211248436931], [126.93577500499492, 37.522140703086315], [126.93576544290218, 37.52213989736716], [126.93576919106012, 37.52211167865045]]]}, "properties": {"floor": 41, "z_m": 132.0, "depth_m": 0.85, "type": "서측 픽셀", "area_m2": 2.68}}, {"type": "Feature", "geometry": {"type": "Polygon", "coordinates": [[[126.93577134824113, 37.5220526168585], [126.93578653507682, 37.522053896529], [126.93578278692834, 37.522082115246555], [126.935767600087, 37.52208083557557], [126.93577134824113, 37.5220526168585]]]}, "properties": {"floor": 41, "z_m": 132.0, "depth_m": 1.35, "type": "서측 픽셀", "area_m2": 4.25}}, {"type": "Feature", "geometry": {"type": "Polygon", "coordinates": [[[126.9357808639579, 37.522023796890515], [126.935790426036, 37.522024602608425], [126.93578667789048, 37.52205282132625], [126.93577711580882, 37.522052015608025], [126.9357808639579, 37.522023796890515]]]}, "properties": {"floor": 41, "z_m": 132.0, "depth_m": 0.85, "type": "서측 픽셀", "area_m2": 2.68}}, {"type": "Feature", "geometry": {"type": "Polygon", "coordinates": [[[126.9359361321132, 37.52200671457392], [126.93594288181502, 37.52200728330718], [126.93587673612167, 37.522505280007], [126.9358699863755, 37.52250471126995], [126.9359361321132, 37.52200671457392]]]}, "properties": {"floor": 41, "z_m": 132.0, "depth_m": 0.6, "type": "동측 연속", "area_m2": 33.35}}, {"type": "Feature", "geometry": {"type": "Polygon", "coordinates": [[[126.93571687440931, 37.52246273171041], [126.93573206132719, 37.522464011387896], [126.93572831313746, 37.52249223010171], [126.93571312621394, 37.522490950423744], [126.93571687440931, 37.52246273171041]]]}, "properties": {"floor": 42, "z_m": 135.3, "depth_m": 1.35, "type": "서측 픽셀", "area_m2": 4.25}}, {"type": "Feature", "geometry": {"type": "Polygon", "coordinates": [[[126.93572639019933, 37.52243391174889], [126.93573595232918, 37.52243471747121], [126.93573220414241, 37.522462936185285], [126.93572264200901, 37.522462130462664], [126.93572639019933, 37.52243391174889]]]}, "properties": {"floor": 42, "z_m": 135.3, "depth_m": 0.85, "type": "서측 픽셀", "area_m2": 2.68}}, {"type": "Feature", "geometry": {"type": "Polygon", "coordinates": [[[126.93572854742376, 37.522374849961004], [126.935743734324, 37.52237612963698], [126.93573998614313, 37.522404348351614], [126.93572479923722, 37.52240306867513], [126.93572854742376, 37.522374849961004]]]}, "properties": {"floor": 42, "z_m": 135.3, "depth_m": 1.35, "type": "서측 픽셀", "area_m2": 4.25}}, {"type": "Feature", "geometry": {"type": "Polygon", "coordinates": [[[126.93573806319809, 37.52234602999808], [126.93574762531684, 37.52234683571946], [126.93574387713889, 37.52237505443434], [126.93573431501659, 37.52237424871267], [126.93573806319809, 37.52234602999808]]]}, "properties": {"floor": 42, "z_m": 135.3, "depth_m": 0.85, "type": "서측 픽셀", "area_m2": 2.68}}, {"type": "Feature", "geometry": {"type": "Polygon", "coordinates": [[[126.93574022041065, 37.522286968209094], [126.93575540729331, 37.52228824788358], [126.93575165912127, 37.522316466599], [126.93573647223296, 37.52231518692403], [126.93574022041065, 37.522286968209094]]]}, "properties": {"floor": 42, "z_m": 135.3, "depth_m": 1.35, "type": "서측 픽셀", "area_m2": 4.25}}, {"type": "Feature", "geometry": {"type": "Polygon", "coordinates": [[[126.93574973616929, 37.522258148244795], [126.93575929827696, 37.522258953965235], [126.93575555010784, 37.52228717268091], [126.93574598799663, 37.522286366960174], [126.93574973616929, 37.522258148244795]]]}, "properties": {"floor": 42, "z_m": 135.3, "depth_m": 0.85, "type": "서측 픽셀", "area_m2": 2.68}}, {"type": "Feature", "geometry": {"type": "Polygon", "coordinates": [[[126.93575189337004, 37.522199086454705], [126.93576708023507, 37.52220036612769], [126.93576333207184, 37.52222858484391], [126.93574814520117, 37.52222730517043], [126.93575189337004, 37.522199086454705]]]}, "properties": {"floor": 42, "z_m": 135.3, "depth_m": 1.35, "type": "서측 픽셀", "area_m2": 4.25}}, {"type": "Feature", "geometry": {"type": "Polygon", "coordinates": [[[126.93576140911297, 37.52217026648901], [126.93577097120954, 37.5221710722085], [126.93576722304927, 37.52219929092498], [126.93575766094914, 37.52219848520519], [126.93576140911297, 37.52217026648901]]]}, "properties": {"floor": 42, "z_m": 135.3, "depth_m": 0.85, "type": "서측 픽셀", "area_m2": 2.68}}, {"type": "Feature", "geometry": {"type": "Polygon", "coordinates": [[[126.93576356630186, 37.52211120469781], [126.93577875314931, 37.52211248436931], [126.93577500499492, 37.522140703086315], [126.93575981814183, 37.52213942341435], [126.93576356630186, 37.52211120469781]]]}, "properties": {"floor": 42, "z_m": 135.3, "depth_m": 1.35, "type": "서측 픽셀", "area_m2": 4.25}}, {"type": "Feature", "geometry": {"type": "Polygon", "coordinates": [[[126.9357730820291, 37.52208238473075], [126.9357826441146, 37.52208319044929], [126.93577889596315, 37.52211140916657], [126.93576933387413, 37.52211060344772], [126.9357730820291, 37.52208238473075]]]}, "properties": {"floor": 42, "z_m": 135.3, "depth_m": 0.85, "type": "서측 픽셀", "area_m2": 2.68}}, {"type": "Feature", "geometry": {"type": "Polygon", "coordinates": [[[126.93577523920617, 37.52202332293844], [126.935790426036, 37.522024602608425], [126.93578667789048, 37.52205282132625], [126.93577149105498, 37.52205154165577], [126.93577523920617, 37.52202332293844]]]}, "properties": {"floor": 42, "z_m": 135.3, "depth_m": 1.35, "type": "서측 픽셀", "area_m2": 4.25}}, {"type": "Feature", "geometry": {"type": "Polygon", "coordinates": [[[126.93578475491772, 37.52199450296999], [126.93579431699212, 37.52199530868759], [126.93579056884951, 37.52202352740567], [126.93578100677155, 37.52202272168777], [126.93578475491772, 37.52199450296999]]]}, "properties": {"floor": 42, "z_m": 135.3, "depth_m": 0.85, "type": "서측 픽셀", "area_m2": 2.68}}, {"type": "Feature", "geometry": {"type": "Polygon", "coordinates": [[[126.9359361321132, 37.52200671457392], [126.93594288181502, 37.52200728330718], [126.93587673612167, 37.522505280007], [126.9358699863755, 37.52250471126995], [126.9359361321132, 37.52200671457392]]]}, "properties": {"floor": 42, "z_m": 135.3, "depth_m": 0.6, "type": "동측 연속", "area_m2": 33.35}}, {"type": "Feature", "geometry": {"type": "Polygon", "coordinates": [[[126.93572076541719, 37.52243343779421], [126.93573595232918, 37.52243471747121], [126.93573220414241, 37.522462936185285], [126.93571701722475, 37.52246165650782], [126.93572076541719, 37.52243343779421]]]}, "properties": {"floor": 43, "z_m": 138.6, "depth_m": 1.35, "type": "서측 픽셀", "area_m2": 4.25}}, {"type": "Feature", "geometry": {"type": "Polygon", "coordinates": [[[126.93573028120198, 37.52240461783224], [126.93573984332814, 37.52240542355424], [126.93573609514428, 37.52243364226858], [126.93572653301459, 37.52243283654628], [126.93573028120198, 37.52240461783224]]]}, "properties": {"floor": 43, "z_m": 138.6, "depth_m": 0.85, "type": "서측 픽셀", "area_m2": 2.68}}, {"type": "Feature", "geometry": {"type": "Polygon", "coordinates": [[[126.93573243842245, 37.52234555604397], [126.93574762531684, 37.52234683571946], [126.93574387713889, 37.52237505443434], [126.93572869023886, 37.52237377475838], [126.93573243842245, 37.52234555604397]]]}, "properties": {"floor": 43, "z_m": 138.6, "depth_m": 1.35, "type": "서측 픽셀", "area_m2": 4.25}}, {"type": "Feature", "geometry": {"type": "Polygon", "coordinates": [[[126.93574195419154, 37.522316736080604], [126.9357515163066, 37.52231754180166], [126.9357477681316, 37.52234576051681], [126.93573820601299, 37.52234495479544], [126.93574195419154, 37.522316736080604]]]}, "properties": {"floor": 43, "z_m": 138.6, "depth_m": 0.85, "type": "서측 픽셀", "area_m2": 2.68}}, {"type": "Feature", "geometry": {"type": "Polygon", "coordinates": [[[126.93574411140018, 37.52225767429123], [126.93575929827696, 37.522258953965235], [126.93575555010784, 37.52228717268091], [126.93574036322542, 37.52228589300644], [126.93574411140018, 37.52225767429123]]]}, "properties": {"floor": 43, "z_m": 138.6, "depth_m": 1.35, "type": "서측 픽셀", "area_m2": 4.25}}, {"type": "Feature", "geometry": {"type": "Polygon", "coordinates": [[[126.93575362715357, 37.522228854326485], [126.93576318925754, 37.5222296600466], [126.93575944109138, 37.52225787876255], [126.93574987898384, 37.522257073042134], [126.93575362715357, 37.522228854326485]]]}, "properties": {"floor": 43, "z_m": 138.6, "depth_m": 0.85, "type": "서측 픽셀", "area_m2": 2.68}}, {"type": "Feature", "geometry": {"type": "Polygon", "coordinates": [[[126.93575578435036, 37.52216979253601], [126.93577097120954, 37.5221710722085], [126.93576722304927, 37.52219929092498], [126.93575203618445, 37.522198011252016], [126.93575578435036, 37.52216979253601]]]}, "properties": {"floor": 43, "z_m": 138.6, "depth_m": 1.35, "type": "서측 픽셀", "area_m2": 4.25}}, {"type": "Feature", "geometry": {"type": "Polygon", "coordinates": [[[126.93576530008806, 37.522140972569865], [126.93577486218095, 37.52214177828904], [126.93577111402364, 37.52216999700578], [126.9357615519272, 37.52216919128632], [126.93576530008806, 37.522140972569865]]]}, "properties": {"floor": 43, "z_m": 138.6, "depth_m": 0.85, "type": "서측 픽셀", "area_m2": 2.68}}, {"type": "Feature", "geometry": {"type": "Polygon", "coordinates": [[[126.93576745727303, 37.5220819107783], [126.9357826441146, 37.52208319044929], [126.93577889596315, 37.52211140916657], [126.93576370911595, 37.522110129495104], [126.93576745727303, 37.5220819107783]]]}, "properties": {"floor": 43, "z_m": 138.6, "depth_m": 1.35, "type": "서측 픽셀", "area_m2": 4.25}}, {"type": "Feature", "geometry": {"type": "Polygon", "coordinates": [[[126.93577697299501, 37.52205309081077], [126.93578653507682, 37.522053896529], [126.93578278692834, 37.522082115246555], [126.935773224843, 37.522081309528026], [126.93577697299501, 37.52205309081077]]]}, "properties": {"floor": 43, "z_m": 138.6, "depth_m": 0.85, "type": "서측 픽셀", "area_m2": 2.68}}, {"type": "Feature", "geometry": {"type": "Polygon", "coordinates": [[[126.93577913016816, 37.521994029018096], [126.93579431699212, 37.52199530868759], [126.93579056884951, 37.52202352740567], [126.93577538201991, 37.522022247735684], [126.93577913016816, 37.521994029018096]]]}, "properties": {"floor": 43, "z_m": 138.6, "depth_m": 1.35, "type": "서측 픽셀", "area_m2": 4.25}}, {"type": "Feature", "geometry": {"type": "Polygon", "coordinates": [[[126.9359361321132, 37.52200671457392], [126.93594288181502, 37.52200728330718], [126.93587673612167, 37.522505280007], [126.9358699863755, 37.52250471126995], [126.9359361321132, 37.52200671457392]]]}, "properties": {"floor": 43, "z_m": 138.6, "depth_m": 0.6, "type": "동측 연속", "area_m2": 33.35}}, {"type": "Feature", "geometry": {"type": "Polygon", "coordinates": [[[126.93572249919366, 37.52246320566527], [126.93573206132719, 37.522464011387896], [126.93572831313746, 37.52249223010171], [126.93571875100037, 37.52249142437878], [126.93572249919366, 37.52246320566527]]]}, "properties": {"floor": 44, "z_m": 141.9, "depth_m": 0.85, "type": "서측 픽셀", "area_m2": 2.68}}, {"type": "Feature", "geometry": {"type": "Polygon", "coordinates": [[[126.93572465642198, 37.52240414387774], [126.93573984332814, 37.52240542355424], [126.93573609514428, 37.52243364226858], [126.93572090823251, 37.52243236259161], [126.93572465642198, 37.52240414387774]]]}, "properties": {"floor": 44, "z_m": 141.9, "depth_m": 1.35, "type": "서측 픽셀", "area_m2": 4.25}}, {"type": "Feature", "geometry": {"type": "Polygon", "coordinates": [[[126.93573417220156, 37.52237532391529], [126.935743734324, 37.52237612963698], [126.93573998614313, 37.522404348351614], [126.93573042401712, 37.52240354262961], [126.93573417220156, 37.52237532391529]]]}, "properties": {"floor": 44, "z_m": 141.9, "depth_m": 0.85, "type": "서측 픽셀", "area_m2": 2.68}}, {"type": "Feature", "geometry": {"type": "Polygon", "coordinates": [[[126.93573632941809, 37.522316262126665], [126.9357515163066, 37.52231754180166], [126.9357477681316, 37.52234576051681], [126.93573258123742, 37.52234448084133], [126.93573632941809, 37.522316262126665]]]}, "properties": {"floor": 44, "z_m": 141.9, "depth_m": 1.35, "type": "서측 픽셀", "area_m2": 4.25}}, {"type": "Feature", "geometry": {"type": "Polygon", "coordinates": [[[126.93574584518194, 37.52228744216284], [126.93575540729331, 37.52228824788358], [126.93575165912127, 37.522316466599], [126.93574209700633, 37.52231566087796], [126.93574584518194, 37.52228744216284]]]}, "properties": {"floor": 44, "z_m": 141.9, "depth_m": 0.85, "type": "서측 픽셀", "area_m2": 2.68}}, {"type": "Feature", "geometry": {"type": "Polygon", "coordinates": [[[126.93574800238663, 37.52222838037311], [126.93576318925754, 37.5222296600466], [126.93575944109138, 37.52225787876255], [126.93574425421482, 37.522256599088585], [126.93574800238663, 37.52222838037311]]]}, "properties": {"floor": 44, "z_m": 141.9, "depth_m": 1.35, "type": "서측 픽셀", "area_m2": 4.25}}, {"type": "Feature", "geometry": {"type": "Polygon", "coordinates": [[[126.93575751813478, 37.522199560407884], [126.93576708023507, 37.52220036612769], [126.93576333207184, 37.52222858484391], [126.93575376996803, 37.52222777912381], [126.93575751813478, 37.522199560407884]]]}, "properties": {"floor": 44, "z_m": 141.9, "depth_m": 0.85, "type": "서측 픽셀", "area_m2": 2.68}}, {"type": "Feature", "geometry": {"type": "Polygon", "coordinates": [[[126.93575967532765, 37.522140498617055], [126.93577486218095, 37.52214177828904], [126.93577111402364, 37.52216999700578], [126.93575592716466, 37.52216871733332], [126.93575967532765, 37.522140498617055]]]}, "properties": {"floor": 44, "z_m": 141.9, "depth_m": 1.35, "type": "서측 픽셀", "area_m2": 4.25}}, {"type": "Feature", "geometry": {"type": "Polygon", "coordinates": [[[126.93576919106012, 37.52211167865045], [126.93577875314931, 37.52211248436931], [126.93577500499492, 37.522140703086315], [126.93576544290218, 37.52213989736716], [126.93576919106012, 37.52211167865045]]]}, "properties": {"floor": 44, "z_m": 141.9, "depth_m": 0.85, "type": "서측 픽셀", "area_m2": 2.68}}, {"type": "Feature", "geometry": {"type": "Polygon", "coordinates": [[[126.93577134824113, 37.5220526168585], [126.93578653507682, 37.522053896529], [126.93578278692834, 37.522082115246555], [126.935767600087, 37.52208083557557], [126.93577134824113, 37.5220526168585]]]}, "properties": {"floor": 44, "z_m": 141.9, "depth_m": 1.35, "type": "서측 픽셀", "area_m2": 4.25}}, {"type": "Feature", "geometry": {"type": "Polygon", "coordinates": [[[126.9357808639579, 37.522023796890515], [126.935790426036, 37.522024602608425], [126.93578667789048, 37.52205282132625], [126.93577711580882, 37.522052015608025], [126.9357808639579, 37.522023796890515]]]}, "properties": {"floor": 44, "z_m": 141.9, "depth_m": 0.85, "type": "서측 픽셀", "area_m2": 2.68}}, {"type": "Feature", "geometry": {"type": "Polygon", "coordinates": [[[126.9359361321132, 37.52200671457392], [126.93594288181502, 37.52200728330718], [126.93587673612167, 37.522505280007], [126.9358699863755, 37.52250471126995], [126.9359361321132, 37.52200671457392]]]}, "properties": {"floor": 44, "z_m": 141.9, "depth_m": 0.6, "type": "동측 연속", "area_m2": 33.35}}, {"type": "Feature", "geometry": {"type": "Polygon", "coordinates": [[[126.93571687440931, 37.52246273171041], [126.93573206132719, 37.522464011387896], [126.93572831313746, 37.52249223010171], [126.93571312621394, 37.522490950423744], [126.93571687440931, 37.52246273171041]]]}, "properties": {"floor": 45, "z_m": 145.2, "depth_m": 1.35, "type": "서측 픽셀", "area_m2": 4.25}}, {"type": "Feature", "geometry": {"type": "Polygon", "coordinates": [[[126.93572639019933, 37.52243391174889], [126.93573595232918, 37.52243471747121], [126.93573220414241, 37.522462936185285], [126.93572264200901, 37.522462130462664], [126.93572639019933, 37.52243391174889]]]}, "properties": {"floor": 45, "z_m": 145.2, "depth_m": 0.85, "type": "서측 픽셀", "area_m2": 2.68}}, {"type": "Feature", "geometry": {"type": "Polygon", "coordinates": [[[126.93572854742376, 37.522374849961004], [126.935743734324, 37.52237612963698], [126.93573998614313, 37.522404348351614], [126.93572479923722, 37.52240306867513], [126.93572854742376, 37.522374849961004]]]}, "properties": {"floor": 45, "z_m": 145.2, "depth_m": 1.35, "type": "서측 픽셀", "area_m2": 4.25}}, {"type": "Feature", "geometry": {"type": "Polygon", "coordinates": [[[126.93573806319809, 37.52234602999808], [126.93574762531684, 37.52234683571946], [126.93574387713889, 37.52237505443434], [126.93573431501659, 37.52237424871267], [126.93573806319809, 37.52234602999808]]]}, "properties": {"floor": 45, "z_m": 145.2, "depth_m": 0.85, "type": "서측 픽셀", "area_m2": 2.68}}, {"type": "Feature", "geometry": {"type": "Polygon", "coordinates": [[[126.93574022041065, 37.522286968209094], [126.93575540729331, 37.52228824788358], [126.93575165912127, 37.522316466599], [126.93573647223296, 37.52231518692403], [126.93574022041065, 37.522286968209094]]]}, "properties": {"floor": 45, "z_m": 145.2, "depth_m": 1.35, "type": "서측 픽셀", "area_m2": 4.25}}, {"type": "Feature", "geometry": {"type": "Polygon", "coordinates": [[[126.93574973616929, 37.522258148244795], [126.93575929827696, 37.522258953965235], [126.93575555010784, 37.52228717268091], [126.93574598799663, 37.522286366960174], [126.93574973616929, 37.522258148244795]]]}, "properties": {"floor": 45, "z_m": 145.2, "depth_m": 0.85, "type": "서측 픽셀", "area_m2": 2.68}}, {"type": "Feature", "geometry": {"type": "Polygon", "coordinates": [[[126.93575189337004, 37.522199086454705], [126.93576708023507, 37.52220036612769], [126.93576333207184, 37.52222858484391], [126.93574814520117, 37.52222730517043], [126.93575189337004, 37.522199086454705]]]}, "properties": {"floor": 45, "z_m": 145.2, "depth_m": 1.35, "type": "서측 픽셀", "area_m2": 4.25}}, {"type": "Feature", "geometry": {"type": "Polygon", "coordinates": [[[126.93576140911297, 37.52217026648901], [126.93577097120954, 37.5221710722085], [126.93576722304927, 37.52219929092498], [126.93575766094914, 37.52219848520519], [126.93576140911297, 37.52217026648901]]]}, "properties": {"floor": 45, "z_m": 145.2, "depth_m": 0.85, "type": "서측 픽셀", "area_m2": 2.68}}, {"type": "Feature", "geometry": {"type": "Polygon", "coordinates": [[[126.93576356630186, 37.52211120469781], [126.93577875314931, 37.52211248436931], [126.93577500499492, 37.522140703086315], [126.93575981814183, 37.52213942341435], [126.93576356630186, 37.52211120469781]]]}, "properties": {"floor": 45, "z_m": 145.2, "depth_m": 1.35, "type": "서측 픽셀", "area_m2": 4.25}}, {"type": "Feature", "geometry": {"type": "Polygon", "coordinates": [[[126.9357730820291, 37.52208238473075], [126.9357826441146, 37.52208319044929], [126.93577889596315, 37.52211140916657], [126.93576933387413, 37.52211060344772], [126.9357730820291, 37.52208238473075]]]}, "properties": {"floor": 45, "z_m": 145.2, "depth_m": 0.85, "type": "서측 픽셀", "area_m2": 2.68}}, {"type": "Feature", "geometry": {"type": "Polygon", "coordinates": [[[126.93577523920617, 37.52202332293844], [126.935790426036, 37.522024602608425], [126.93578667789048, 37.52205282132625], [126.93577149105498, 37.52205154165577], [126.93577523920617, 37.52202332293844]]]}, "properties": {"floor": 45, "z_m": 145.2, "depth_m": 1.35, "type": "서측 픽셀", "area_m2": 4.25}}, {"type": "Feature", "geometry": {"type": "Polygon", "coordinates": [[[126.93578475491772, 37.52199450296999], [126.93579431699212, 37.52199530868759], [126.93579056884951, 37.52202352740567], [126.93578100677155, 37.52202272168777], [126.93578475491772, 37.52199450296999]]]}, "properties": {"floor": 45, "z_m": 145.2, "depth_m": 0.85, "type": "서측 픽셀", "area_m2": 2.68}}, {"type": "Feature", "geometry": {"type": "Polygon", "coordinates": [[[126.9359361321132, 37.52200671457392], [126.93594288181502, 37.52200728330718], [126.93587673612167, 37.522505280007], [126.9358699863755, 37.52250471126995], [126.9359361321132, 37.52200671457392]]]}, "properties": {"floor": 45, "z_m": 145.2, "depth_m": 0.6, "type": "동측 연속", "area_m2": 33.35}}, {"type": "Feature", "geometry": {"type": "Polygon", "coordinates": [[[126.93572076541719, 37.52243343779421], [126.93573595232918, 37.52243471747121], [126.93573220414241, 37.522462936185285], [126.93571701722475, 37.52246165650782], [126.93572076541719, 37.52243343779421]]]}, "properties": {"floor": 46, "z_m": 148.5, "depth_m": 1.35, "type": "서측 픽셀", "area_m2": 4.25}}, {"type": "Feature", "geometry": {"type": "Polygon", "coordinates": [[[126.93573028120198, 37.52240461783224], [126.93573984332814, 37.52240542355424], [126.93573609514428, 37.52243364226858], [126.93572653301459, 37.52243283654628], [126.93573028120198, 37.52240461783224]]]}, "properties": {"floor": 46, "z_m": 148.5, "depth_m": 0.85, "type": "서측 픽셀", "area_m2": 2.68}}, {"type": "Feature", "geometry": {"type": "Polygon", "coordinates": [[[126.93573243842245, 37.52234555604397], [126.93574762531684, 37.52234683571946], [126.93574387713889, 37.52237505443434], [126.93572869023886, 37.52237377475838], [126.93573243842245, 37.52234555604397]]]}, "properties": {"floor": 46, "z_m": 148.5, "depth_m": 1.35, "type": "서측 픽셀", "area_m2": 4.25}}, {"type": "Feature", "geometry": {"type": "Polygon", "coordinates": [[[126.93574195419154, 37.522316736080604], [126.9357515163066, 37.52231754180166], [126.9357477681316, 37.52234576051681], [126.93573820601299, 37.52234495479544], [126.93574195419154, 37.522316736080604]]]}, "properties": {"floor": 46, "z_m": 148.5, "depth_m": 0.85, "type": "서측 픽셀", "area_m2": 2.68}}, {"type": "Feature", "geometry": {"type": "Polygon", "coordinates": [[[126.93574411140018, 37.52225767429123], [126.93575929827696, 37.522258953965235], [126.93575555010784, 37.52228717268091], [126.93574036322542, 37.52228589300644], [126.93574411140018, 37.52225767429123]]]}, "properties": {"floor": 46, "z_m": 148.5, "depth_m": 1.35, "type": "서측 픽셀", "area_m2": 4.25}}, {"type": "Feature", "geometry": {"type": "Polygon", "coordinates": [[[126.93575362715357, 37.522228854326485], [126.93576318925754, 37.5222296600466], [126.93575944109138, 37.52225787876255], [126.93574987898384, 37.522257073042134], [126.93575362715357, 37.522228854326485]]]}, "properties": {"floor": 46, "z_m": 148.5, "depth_m": 0.85, "type": "서측 픽셀", "area_m2": 2.68}}, {"type": "Feature", "geometry": {"type": "Polygon", "coordinates": [[[126.93575578435036, 37.52216979253601], [126.93577097120954, 37.5221710722085], [126.93576722304927, 37.52219929092498], [126.93575203618445, 37.522198011252016], [126.93575578435036, 37.52216979253601]]]}, "properties": {"floor": 46, "z_m": 148.5, "depth_m": 1.35, "type": "서측 픽셀", "area_m2": 4.25}}, {"type": "Feature", "geometry": {"type": "Polygon", "coordinates": [[[126.93576530008806, 37.522140972569865], [126.93577486218095, 37.52214177828904], [126.93577111402364, 37.52216999700578], [126.9357615519272, 37.52216919128632], [126.93576530008806, 37.522140972569865]]]}, "properties": {"floor": 46, "z_m": 148.5, "depth_m": 0.85, "type": "서측 픽셀", "area_m2": 2.68}}, {"type": "Feature", "geometry": {"type": "Polygon", "coordinates": [[[126.93576745727303, 37.5220819107783], [126.9357826441146, 37.52208319044929], [126.93577889596315, 37.52211140916657], [126.93576370911595, 37.522110129495104], [126.93576745727303, 37.5220819107783]]]}, "properties": {"floor": 46, "z_m": 148.5, "depth_m": 1.35, "type": "서측 픽셀", "area_m2": 4.25}}, {"type": "Feature", "geometry": {"type": "Polygon", "coordinates": [[[126.93577697299501, 37.52205309081077], [126.93578653507682, 37.522053896529], [126.93578278692834, 37.522082115246555], [126.935773224843, 37.522081309528026], [126.93577697299501, 37.52205309081077]]]}, "properties": {"floor": 46, "z_m": 148.5, "depth_m": 0.85, "type": "서측 픽셀", "area_m2": 2.68}}, {"type": "Feature", "geometry": {"type": "Polygon", "coordinates": [[[126.93577913016816, 37.521994029018096], [126.93579431699212, 37.52199530868759], [126.93579056884951, 37.52202352740567], [126.93577538201991, 37.522022247735684], [126.93577913016816, 37.521994029018096]]]}, "properties": {"floor": 46, "z_m": 148.5, "depth_m": 1.35, "type": "서측 픽셀", "area_m2": 4.25}}, {"type": "Feature", "geometry": {"type": "Polygon", "coordinates": [[[126.9359361321132, 37.52200671457392], [126.93594288181502, 37.52200728330718], [126.93587673612167, 37.522505280007], [126.9358699863755, 37.52250471126995], [126.9359361321132, 37.52200671457392]]]}, "properties": {"floor": 46, "z_m": 148.5, "depth_m": 0.6, "type": "동측 연속", "area_m2": 33.35}}, {"type": "Feature", "geometry": {"type": "Polygon", "coordinates": [[[126.93572249919366, 37.52246320566527], [126.93573206132719, 37.522464011387896], [126.93572831313746, 37.52249223010171], [126.93571875100037, 37.52249142437878], [126.93572249919366, 37.52246320566527]]]}, "properties": {"floor": 47, "z_m": 151.8, "depth_m": 0.85, "type": "서측 픽셀", "area_m2": 2.68}}, {"type": "Feature", "geometry": {"type": "Polygon", "coordinates": [[[126.93572465642198, 37.52240414387774], [126.93573984332814, 37.52240542355424], [126.93573609514428, 37.52243364226858], [126.93572090823251, 37.52243236259161], [126.93572465642198, 37.52240414387774]]]}, "properties": {"floor": 47, "z_m": 151.8, "depth_m": 1.35, "type": "서측 픽셀", "area_m2": 4.25}}, {"type": "Feature", "geometry": {"type": "Polygon", "coordinates": [[[126.93573417220156, 37.52237532391529], [126.935743734324, 37.52237612963698], [126.93573998614313, 37.522404348351614], [126.93573042401712, 37.52240354262961], [126.93573417220156, 37.52237532391529]]]}, "properties": {"floor": 47, "z_m": 151.8, "depth_m": 0.85, "type": "서측 픽셀", "area_m2": 2.68}}, {"type": "Feature", "geometry": {"type": "Polygon", "coordinates": [[[126.93573632941809, 37.522316262126665], [126.9357515163066, 37.52231754180166], [126.9357477681316, 37.52234576051681], [126.93573258123742, 37.52234448084133], [126.93573632941809, 37.522316262126665]]]}, "properties": {"floor": 47, "z_m": 151.8, "depth_m": 1.35, "type": "서측 픽셀", "area_m2": 4.25}}, {"type": "Feature", "geometry": {"type": "Polygon", "coordinates": [[[126.93574584518194, 37.52228744216284], [126.93575540729331, 37.52228824788358], [126.93575165912127, 37.522316466599], [126.93574209700633, 37.52231566087796], [126.93574584518194, 37.52228744216284]]]}, "properties": {"floor": 47, "z_m": 151.8, "depth_m": 0.85, "type": "서측 픽셀", "area_m2": 2.68}}, {"type": "Feature", "geometry": {"type": "Polygon", "coordinates": [[[126.93574800238663, 37.52222838037311], [126.93576318925754, 37.5222296600466], [126.93575944109138, 37.52225787876255], [126.93574425421482, 37.522256599088585], [126.93574800238663, 37.52222838037311]]]}, "properties": {"floor": 47, "z_m": 151.8, "depth_m": 1.35, "type": "서측 픽셀", "area_m2": 4.25}}, {"type": "Feature", "geometry": {"type": "Polygon", "coordinates": [[[126.93575751813478, 37.522199560407884], [126.93576708023507, 37.52220036612769], [126.93576333207184, 37.52222858484391], [126.93575376996803, 37.52222777912381], [126.93575751813478, 37.522199560407884]]]}, "properties": {"floor": 47, "z_m": 151.8, "depth_m": 0.85, "type": "서측 픽셀", "area_m2": 2.68}}, {"type": "Feature", "geometry": {"type": "Polygon", "coordinates": [[[126.93575967532765, 37.522140498617055], [126.93577486218095, 37.52214177828904], [126.93577111402364, 37.52216999700578], [126.93575592716466, 37.52216871733332], [126.93575967532765, 37.522140498617055]]]}, "properties": {"floor": 47, "z_m": 151.8, "depth_m": 1.35, "type": "서측 픽셀", "area_m2": 4.25}}, {"type": "Feature", "geometry": {"type": "Polygon", "coordinates": [[[126.93576919106012, 37.52211167865045], [126.93577875314931, 37.52211248436931], [126.93577500499492, 37.522140703086315], [126.93576544290218, 37.52213989736716], [126.93576919106012, 37.52211167865045]]]}, "properties": {"floor": 47, "z_m": 151.8, "depth_m": 0.85, "type": "서측 픽셀", "area_m2": 2.68}}, {"type": "Feature", "geometry": {"type": "Polygon", "coordinates": [[[126.93577134824113, 37.5220526168585], [126.93578653507682, 37.522053896529], [126.93578278692834, 37.522082115246555], [126.935767600087, 37.52208083557557], [126.93577134824113, 37.5220526168585]]]}, "properties": {"floor": 47, "z_m": 151.8, "depth_m": 1.35, "type": "서측 픽셀", "area_m2": 4.25}}, {"type": "Feature", "geometry": {"type": "Polygon", "coordinates": [[[126.9357808639579, 37.522023796890515], [126.935790426036, 37.522024602608425], [126.93578667789048, 37.52205282132625], [126.93577711580882, 37.522052015608025], [126.9357808639579, 37.522023796890515]]]}, "properties": {"floor": 47, "z_m": 151.8, "depth_m": 0.85, "type": "서측 픽셀", "area_m2": 2.68}}, {"type": "Feature", "geometry": {"type": "Polygon", "coordinates": [[[126.9359361321132, 37.52200671457392], [126.93594288181502, 37.52200728330718], [126.93587673612167, 37.522505280007], [126.9358699863755, 37.52250471126995], [126.9359361321132, 37.52200671457392]]]}, "properties": {"floor": 47, "z_m": 151.8, "depth_m": 0.6, "type": "동측 연속", "area_m2": 33.35}}, {"type": "Feature", "geometry": {"type": "Polygon", "coordinates": [[[126.93571687440931, 37.52246273171041], [126.93573206132719, 37.522464011387896], [126.93572831313746, 37.52249223010171], [126.93571312621394, 37.522490950423744], [126.93571687440931, 37.52246273171041]]]}, "properties": {"floor": 48, "z_m": 155.1, "depth_m": 1.35, "type": "서측 픽셀", "area_m2": 4.25}}, {"type": "Feature", "geometry": {"type": "Polygon", "coordinates": [[[126.93572639019933, 37.52243391174889], [126.93573595232918, 37.52243471747121], [126.93573220414241, 37.522462936185285], [126.93572264200901, 37.522462130462664], [126.93572639019933, 37.52243391174889]]]}, "properties": {"floor": 48, "z_m": 155.1, "depth_m": 0.85, "type": "서측 픽셀", "area_m2": 2.68}}, {"type": "Feature", "geometry": {"type": "Polygon", "coordinates": [[[126.93572854742376, 37.522374849961004], [126.935743734324, 37.52237612963698], [126.93573998614313, 37.522404348351614], [126.93572479923722, 37.52240306867513], [126.93572854742376, 37.522374849961004]]]}, "properties": {"floor": 48, "z_m": 155.1, "depth_m": 1.35, "type": "서측 픽셀", "area_m2": 4.25}}, {"type": "Feature", "geometry": {"type": "Polygon", "coordinates": [[[126.93573806319809, 37.52234602999808], [126.93574762531684, 37.52234683571946], [126.93574387713889, 37.52237505443434], [126.93573431501659, 37.52237424871267], [126.93573806319809, 37.52234602999808]]]}, "properties": {"floor": 48, "z_m": 155.1, "depth_m": 0.85, "type": "서측 픽셀", "area_m2": 2.68}}, {"type": "Feature", "geometry": {"type": "Polygon", "coordinates": [[[126.93574022041065, 37.522286968209094], [126.93575540729331, 37.52228824788358], [126.93575165912127, 37.522316466599], [126.93573647223296, 37.52231518692403], [126.93574022041065, 37.522286968209094]]]}, "properties": {"floor": 48, "z_m": 155.1, "depth_m": 1.35, "type": "서측 픽셀", "area_m2": 4.25}}, {"type": "Feature", "geometry": {"type": "Polygon", "coordinates": [[[126.93574973616929, 37.522258148244795], [126.93575929827696, 37.522258953965235], [126.93575555010784, 37.52228717268091], [126.93574598799663, 37.522286366960174], [126.93574973616929, 37.522258148244795]]]}, "properties": {"floor": 48, "z_m": 155.1, "depth_m": 0.85, "type": "서측 픽셀", "area_m2": 2.68}}, {"type": "Feature", "geometry": {"type": "Polygon", "coordinates": [[[126.93575189337004, 37.522199086454705], [126.93576708023507, 37.52220036612769], [126.93576333207184, 37.52222858484391], [126.93574814520117, 37.52222730517043], [126.93575189337004, 37.522199086454705]]]}, "properties": {"floor": 48, "z_m": 155.1, "depth_m": 1.35, "type": "서측 픽셀", "area_m2": 4.25}}, {"type": "Feature", "geometry": {"type": "Polygon", "coordinates": [[[126.93576140911297, 37.52217026648901], [126.93577097120954, 37.5221710722085], [126.93576722304927, 37.52219929092498], [126.93575766094914, 37.52219848520519], [126.93576140911297, 37.52217026648901]]]}, "properties": {"floor": 48, "z_m": 155.1, "depth_m": 0.85, "type": "서측 픽셀", "area_m2": 2.68}}, {"type": "Feature", "geometry": {"type": "Polygon", "coordinates": [[[126.93576356630186, 37.52211120469781], [126.93577875314931, 37.52211248436931], [126.93577500499492, 37.522140703086315], [126.93575981814183, 37.52213942341435], [126.93576356630186, 37.52211120469781]]]}, "properties": {"floor": 48, "z_m": 155.1, "depth_m": 1.35, "type": "서측 픽셀", "area_m2": 4.25}}, {"type": "Feature", "geometry": {"type": "Polygon", "coordinates": [[[126.9357730820291, 37.52208238473075], [126.9357826441146, 37.52208319044929], [126.93577889596315, 37.52211140916657], [126.93576933387413, 37.52211060344772], [126.9357730820291, 37.52208238473075]]]}, "properties": {"floor": 48, "z_m": 155.1, "depth_m": 0.85, "type": "서측 픽셀", "area_m2": 2.68}}, {"type": "Feature", "geometry": {"type": "Polygon", "coordinates": [[[126.93577523920617, 37.52202332293844], [126.935790426036, 37.522024602608425], [126.93578667789048, 37.52205282132625], [126.93577149105498, 37.52205154165577], [126.93577523920617, 37.52202332293844]]]}, "properties": {"floor": 48, "z_m": 155.1, "depth_m": 1.35, "type": "서측 픽셀", "area_m2": 4.25}}, {"type": "Feature", "geometry": {"type": "Polygon", "coordinates": [[[126.93578475491772, 37.52199450296999], [126.93579431699212, 37.52199530868759], [126.93579056884951, 37.52202352740567], [126.93578100677155, 37.52202272168777], [126.93578475491772, 37.52199450296999]]]}, "properties": {"floor": 48, "z_m": 155.1, "depth_m": 0.85, "type": "서측 픽셀", "area_m2": 2.68}}, {"type": "Feature", "geometry": {"type": "Polygon", "coordinates": [[[126.9359361321132, 37.52200671457392], [126.93594288181502, 37.52200728330718], [126.93587673612167, 37.522505280007], [126.9358699863755, 37.52250471126995], [126.9359361321132, 37.52200671457392]]]}, "properties": {"floor": 48, "z_m": 155.1, "depth_m": 0.6, "type": "동측 연속", "area_m2": 33.35}}, {"type": "Feature", "geometry": {"type": "Polygon", "coordinates": [[[126.93572076541719, 37.52243343779421], [126.93573595232918, 37.52243471747121], [126.93573220414241, 37.522462936185285], [126.93571701722475, 37.52246165650782], [126.93572076541719, 37.52243343779421]]]}, "properties": {"floor": 49, "z_m": 158.4, "depth_m": 1.35, "type": "서측 픽셀", "area_m2": 4.25}}, {"type": "Feature", "geometry": {"type": "Polygon", "coordinates": [[[126.93573028120198, 37.52240461783224], [126.93573984332814, 37.52240542355424], [126.93573609514428, 37.52243364226858], [126.93572653301459, 37.52243283654628], [126.93573028120198, 37.52240461783224]]]}, "properties": {"floor": 49, "z_m": 158.4, "depth_m": 0.85, "type": "서측 픽셀", "area_m2": 2.68}}, {"type": "Feature", "geometry": {"type": "Polygon", "coordinates": [[[126.93573243842245, 37.52234555604397], [126.93574762531684, 37.52234683571946], [126.93574387713889, 37.52237505443434], [126.93572869023886, 37.52237377475838], [126.93573243842245, 37.52234555604397]]]}, "properties": {"floor": 49, "z_m": 158.4, "depth_m": 1.35, "type": "서측 픽셀", "area_m2": 4.25}}, {"type": "Feature", "geometry": {"type": "Polygon", "coordinates": [[[126.93574195419154, 37.522316736080604], [126.9357515163066, 37.52231754180166], [126.9357477681316, 37.52234576051681], [126.93573820601299, 37.52234495479544], [126.93574195419154, 37.522316736080604]]]}, "properties": {"floor": 49, "z_m": 158.4, "depth_m": 0.85, "type": "서측 픽셀", "area_m2": 2.68}}, {"type": "Feature", "geometry": {"type": "Polygon", "coordinates": [[[126.93574411140018, 37.52225767429123], [126.93575929827696, 37.522258953965235], [126.93575555010784, 37.52228717268091], [126.93574036322542, 37.52228589300644], [126.93574411140018, 37.52225767429123]]]}, "properties": {"floor": 49, "z_m": 158.4, "depth_m": 1.35, "type": "서측 픽셀", "area_m2": 4.25}}, {"type": "Feature", "geometry": {"type": "Polygon", "coordinates": [[[126.93575362715357, 37.522228854326485], [126.93576318925754, 37.5222296600466], [126.93575944109138, 37.52225787876255], [126.93574987898384, 37.522257073042134], [126.93575362715357, 37.522228854326485]]]}, "properties": {"floor": 49, "z_m": 158.4, "depth_m": 0.85, "type": "서측 픽셀", "area_m2": 2.68}}, {"type": "Feature", "geometry": {"type": "Polygon", "coordinates": [[[126.93575578435036, 37.52216979253601], [126.93577097120954, 37.5221710722085], [126.93576722304927, 37.52219929092498], [126.93575203618445, 37.522198011252016], [126.93575578435036, 37.52216979253601]]]}, "properties": {"floor": 49, "z_m": 158.4, "depth_m": 1.35, "type": "서측 픽셀", "area_m2": 4.25}}, {"type": "Feature", "geometry": {"type": "Polygon", "coordinates": [[[126.93576530008806, 37.522140972569865], [126.93577486218095, 37.52214177828904], [126.93577111402364, 37.52216999700578], [126.9357615519272, 37.52216919128632], [126.93576530008806, 37.522140972569865]]]}, "properties": {"floor": 49, "z_m": 158.4, "depth_m": 0.85, "type": "서측 픽셀", "area_m2": 2.68}}, {"type": "Feature", "geometry": {"type": "Polygon", "coordinates": [[[126.93576745727303, 37.5220819107783], [126.9357826441146, 37.52208319044929], [126.93577889596315, 37.52211140916657], [126.93576370911595, 37.522110129495104], [126.93576745727303, 37.5220819107783]]]}, "properties": {"floor": 49, "z_m": 158.4, "depth_m": 1.35, "type": "서측 픽셀", "area_m2": 4.25}}, {"type": "Feature", "geometry": {"type": "Polygon", "coordinates": [[[126.93577697299501, 37.52205309081077], [126.93578653507682, 37.522053896529], [126.93578278692834, 37.522082115246555], [126.935773224843, 37.522081309528026], [126.93577697299501, 37.52205309081077]]]}, "properties": {"floor": 49, "z_m": 158.4, "depth_m": 0.85, "type": "서측 픽셀", "area_m2": 2.68}}, {"type": "Feature", "geometry": {"type": "Polygon", "coordinates": [[[126.93577913016816, 37.521994029018096], [126.93579431699212, 37.52199530868759], [126.93579056884951, 37.52202352740567], [126.93577538201991, 37.522022247735684], [126.93577913016816, 37.521994029018096]]]}, "properties": {"floor": 49, "z_m": 158.4, "depth_m": 1.35, "type": "서측 픽셀", "area_m2": 4.25}}, {"type": "Feature", "geometry": {"type": "Polygon", "coordinates": [[[126.9359361321132, 37.52200671457392], [126.93594288181502, 37.52200728330718], [126.93587673612167, 37.522505280007], [126.9358699863755, 37.52250471126995], [126.9359361321132, 37.52200671457392]]]}, "properties": {"floor": 49, "z_m": 158.4, "depth_m": 0.6, "type": "동측 연속", "area_m2": 33.35}}]}