{"type": "FeatureCollection", "features": [{"type": "Feature", "geometry": {"type": "Polygon", "coordinates": [[[194317.52258852785, 546998.3462398404], [194318.8651933539, 546998.4873507223], [194318.53599709502, 547001.619500984], [194317.19339226896, 547001.4783901019], [194317.52258852785, 546998.3462398404]]]}, "properties": {"floor": 2, "z_m": 3.3, "depth_m": 1.35, "type": "서측 픽셀", "area_m2": 4.25}}, {"type": "Feature", "geometry": {"type": "Polygon", "coordinates": [[[194318.36158902294, 546995.1470102172], [194319.2069328023, 546995.2358578095], [194318.87773654342, 546998.3680080711], [194318.03239276406, 546998.2791604787], [194318.36158902294, 546995.1470102172]]]}, "properties": {"floor": 2, "z_m": 3.3, "depth_m": 0.85, "type": "서측 픽셀", "area_m2": 2.68}}, {"type": "Feature", "geometry": {"type": "Polygon", "coordinates": [[[194318.54780687304, 546988.591761102], [194319.89041169913, 546988.732871984], [194319.56121544022, 546991.8650222456], [194318.21861061416, 546991.7239113635], [194318.54780687304, 546988.591761102]]]}, "properties": {"floor": 2, "z_m": 3.3, "depth_m": 1.35, "type": "서측 픽셀", "area_m2": 4.25}}, {"type": "Feature", "geometry": {"type": "Polygon", "coordinates": [[[194319.38680736814, 546985.3925314788], [194320.23215114753, 546985.4813790711], [194319.90295488862, 546988.6135293328], [194319.05761110925, 546988.5246817404], [194319.38680736814, 546985.3925314788]]]}, "properties": {"floor": 2, "z_m": 3.3, "depth_m": 0.85, "type": "서측 픽셀", "area_m2": 2.68}}, {"type": "Feature", "geometry": {"type": "Polygon", "coordinates": [[[194319.57302521827, 546978.8372823637], [194320.91563004433, 546978.9783932456], [194320.58643378544, 546982.1105435072], [194319.24382895936, 546981.9694326252], [194319.57302521827, 546978.8372823637]]]}, "properties": {"floor": 2, "z_m": 3.3, "depth_m": 1.35, "type": "서측 픽셀", "area_m2": 4.25}}, {"type": "Feature", "geometry": {"type": "Polygon", "coordinates": [[[194320.41202571336, 546975.6380527405], [194321.25736949273, 546975.7269003328], [194320.92817323384, 546978.8590505944], [194320.08282945445, 546978.770203002], [194320.41202571336, 546975.6380527405]]]}, "properties": {"floor": 2, "z_m": 3.3, "depth_m": 0.85, "type": "서측 픽셀", "area_m2": 2.68}}, {"type": "Feature", "geometry": {"type": "Polygon", "coordinates": [[[194320.59824356347, 546969.0828036253], [194321.94084838952, 546969.2239145072], [194321.61165213064, 546972.3560647689], [194320.26904730458, 546972.2149538868], [194320.59824356347, 546969.0828036253]]]}, "properties": {"floor": 2, "z_m": 3.3, "depth_m": 1.35, "type": "서측 픽셀", "area_m2": 4.25}}, {"type": "Feature", "geometry": {"type": "Polygon", "coordinates": [[[194321.43724405856, 546965.8835740021], [194322.28258783792, 546965.9724215944], [194321.95339157904, 546969.104571856], [194321.10804779967, 546969.0157242636], [194321.43724405856, 546965.8835740021]]]}, "properties": {"floor": 2, "z_m": 3.3, "depth_m": 0.85, "type": "서측 픽셀", "area_m2": 2.68}}, {"type": "Feature", "geometry": {"type": "Polygon", "coordinates": [[[194321.62346190866, 546959.3283248869], [194322.96606673475, 546959.4694357689], [194322.63687047584, 546962.6015860304], [194321.29426564978, 546962.4604751485], [194321.62346190866, 546959.3283248869]]]}, "properties": {"floor": 2, "z_m": 3.3, "depth_m": 1.35, "type": "서측 픽셀", "area_m2": 4.25}}, {"type": "Feature", "geometry": {"type": "Polygon", "coordinates": [[[194322.46246240375, 546956.1290952638], [194323.30780618315, 546956.2179428561], [194322.97860992426, 546959.3500931177], [194322.13326614487, 546959.2612455253], [194322.46246240375, 546956.1290952638]]]}, "properties": {"floor": 2, "z_m": 3.3, "depth_m": 0.85, "type": "서측 픽셀", "area_m2": 2.68}}, {"type": "Feature", "geometry": {"type": "Polygon", "coordinates": [[[194322.6486802539, 546949.5738461486], [194323.99128507994, 546949.7149570305], [194323.66208882106, 546952.847107292], [194322.31948399497, 546952.7059964101], [194322.6486802539, 546949.5738461486]]]}, "properties": {"floor": 2, "z_m": 3.3, "depth_m": 1.35, "type": "서측 픽셀", "area_m2": 4.25}}, {"type": "Feature", "geometry": {"type": "Polygon", "coordinates": [[[194323.48768074898, 546946.3746165254], [194324.33302452834, 546946.4634641177], [194324.00382826946, 546949.5956143793], [194323.1584844901, 546949.5067667869], [194323.48768074898, 546946.3746165254]]]}, "properties": {"floor": 2, "z_m": 3.3, "depth_m": 0.85, "type": "서측 픽셀", "area_m2": 2.68}}, {"type": "Feature", "geometry": {"type": "Polygon", "coordinates": [[[194336.87027449976, 546947.7208276906], [194337.4669877558, 546947.7835436382], [194331.65741713296, 547003.0589231555], [194331.06070387692, 547002.996207208], [194336.87027449976, 546947.7208276906]]]}, "properties": {"floor": 2, "z_m": 3.3, "depth_m": 0.6, "type": "동측 연속", "area_m2": 33.35}}, {"type": "Feature", "geometry": {"type": "Polygon", "coordinates": [[[194317.43896726443, 546999.1418575151], [194318.78157209052, 546999.282968397], [194318.45237583164, 547002.4151186587], [194317.10977100555, 547002.2740077766], [194317.43896726443, 546999.1418575151]]]}, "properties": {"floor": 3, "z_m": 6.6, "depth_m": 1.35, "type": "서측 픽셀", "area_m2": 4.25}}, {"type": "Feature", "geometry": {"type": "Polygon", "coordinates": [[[194318.27796775955, 546995.9426278919], [194319.12331153892, 546996.0314754843], [194318.79411528003, 546999.1636257458], [194317.94877150064, 546999.0747781534], [194318.27796775955, 546995.9426278919]]]}, "properties": {"floor": 3, "z_m": 6.6, "depth_m": 0.85, "type": "서측 픽셀", "area_m2": 2.68}}, {"type": "Feature", "geometry": {"type": "Polygon", "coordinates": [[[194318.46418560966, 546989.3873787767], [194319.80679043572, 546989.5284896587], [194319.47759417683, 546992.6606399203], [194318.13498935077, 546992.5195290382], [194318.46418560966, 546989.3873787767]]]}, "properties": {"floor": 3, "z_m": 6.6, "depth_m": 1.35, "type": "서측 픽셀", "area_m2": 4.25}}, {"type": "Feature", "geometry": {"type": "Polygon", "coordinates": [[[194319.30318610475, 546986.1881491535], [194320.1485298841, 546986.2769967458], [194319.81933362523, 546989.4091470075], [194318.97398984586, 546989.3202994152], [194319.30318610475, 546986.1881491535]]]}, "properties": {"floor": 3, "z_m": 6.6, "depth_m": 0.85, "type": "서측 픽셀", "area_m2": 2.68}}, {"type": "Feature", "geometry": {"type": "Polygon", "coordinates": [[[194319.48940395485, 546979.6329000384], [194320.83200878094, 546979.7740109203], [194320.50281252203, 546982.9061611819], [194319.16020769597, 546982.7650502999], [194319.48940395485, 546979.6329000384]]]}, "properties": {"floor": 3, "z_m": 6.6, "depth_m": 1.35, "type": "서측 픽셀", "area_m2": 4.25}}, {"type": "Feature", "geometry": {"type": "Polygon", "coordinates": [[[194320.32840444995, 546976.4336704152], [194321.17374822934, 546976.5225180076], [194320.84455197043, 546979.6546682691], [194319.99920819106, 546979.5658206767], [194320.32840444995, 546976.4336704152]]]}, "properties": {"floor": 3, "z_m": 6.6, "depth_m": 0.85, "type": "서측 픽셀", "area_m2": 2.68}}, {"type": "Feature", "geometry": {"type": "Polygon", "coordinates": [[[194320.51462230008, 546969.8784213], [194321.85722712614, 546970.0195321819], [194321.52803086725, 546973.1516824436], [194320.18542604116, 546973.0105715615], [194320.51462230008, 546969.8784213]]]}, "properties": {"floor": 3, "z_m": 6.6, "depth_m": 1.35, "type": "서측 픽셀", "area_m2": 4.25}}, {"type": "Feature", "geometry": {"type": "Polygon", "coordinates": [[[194321.35362279517, 546966.6791916768], [194322.19896657454, 546966.7680392691], [194321.86977031565, 546969.9001895307], [194321.02442653626, 546969.8113419383], [194321.35362279517, 546966.6791916768]]]}, "properties": {"floor": 3, "z_m": 6.6, "depth_m": 0.85, "type": "서측 픽셀", "area_m2": 2.68}}, {"type": "Feature", "geometry": {"type": "Polygon", "coordinates": [[[194321.53984064527, 546960.1239425616], [194322.88244547133, 546960.2650534436], [194322.55324921245, 546963.3972037052], [194321.2106443864, 546963.2560928232], [194321.53984064527, 546960.1239425616]]]}, "properties": {"floor": 3, "z_m": 6.6, "depth_m": 1.35, "type": "서측 픽셀", "area_m2": 4.25}}, {"type": "Feature", "geometry": {"type": "Polygon", "coordinates": [[[194322.37884114037, 546956.9247129385], [194323.22418491976, 546957.0135605308], [194322.89498866085, 546960.1457107924], [194322.04964488148, 546960.0568632], [194322.37884114037, 546956.9247129385]]]}, "properties": {"floor": 3, "z_m": 6.6, "depth_m": 0.85, "type": "서측 픽셀", "area_m2": 2.68}}, {"type": "Feature", "geometry": {"type": "Polygon", "coordinates": [[[194322.56505899047, 546950.3694638233], [194323.90766381656, 546950.5105747052], [194323.57846755767, 546953.6427249667], [194322.23586273158, 546953.5016140848], [194322.56505899047, 546950.3694638233]]]}, "properties": {"floor": 3, "z_m": 6.6, "depth_m": 1.35, "type": "서측 픽셀", "area_m2": 4.25}}, {"type": "Feature", "geometry": {"type": "Polygon", "coordinates": [[[194323.4040594856, 546947.1702342001], [194324.24940326496, 546947.2590817924], [194323.92020700607, 546950.391232054], [194323.07486322668, 546950.3023844616], [194323.4040594856, 546947.1702342001]]]}, "properties": {"floor": 3, "z_m": 6.6, "depth_m": 0.85, "type": "서측 픽셀", "area_m2": 2.68}}, {"type": "Feature", "geometry": {"type": "Polygon", "coordinates": [[[194336.78665323637, 546948.5164453653], [194337.3833664924, 546948.5791613129], [194331.57379586954, 547003.8545408302], [194330.9770826135, 547003.7918248827], [194336.78665323637, 546948.5164453653]]]}, "properties": {"floor": 3, "z_m": 6.6, "depth_m": 0.6, "type": "동측 연속", "area_m2": 33.35}}, {"type": "Feature", "geometry": {"type": "Polygon", "coordinates": [[[194317.93622831113, 546999.1941208047], [194318.78157209052, 546999.282968397], [194318.45237583164, 547002.4151186587], [194317.60703205224, 547002.3262710663], [194317.93622831113, 546999.1941208047]]]}, "properties": {"floor": 4, "z_m": 9.9, "depth_m": 0.85, "type": "서측 픽셀", "area_m2": 2.68}}, {"type": "Feature", "geometry": {"type": "Polygon", "coordinates": [[[194318.12244616126, 546992.6388716894], [194319.46505098732, 546992.7799825715], [194319.13585472843, 546995.912132833], [194317.79324990234, 546995.7710219511], [194318.12244616126, 546992.6388716894]]]}, "properties": {"floor": 4, "z_m": 9.9, "depth_m": 1.35, "type": "서측 픽셀", "area_m2": 4.25}}, {"type": "Feature", "geometry": {"type": "Polygon", "coordinates": [[[194318.96144665635, 546989.4396420664], [194319.80679043572, 546989.5284896587], [194319.47759417683, 546992.6606399203], [194318.63225039747, 546992.5717923279], [194318.96144665635, 546989.4396420664]]]}, "properties": {"floor": 4, "z_m": 9.9, "depth_m": 0.85, "type": "서측 픽셀", "area_m2": 2.68}}, {"type": "Feature", "geometry": {"type": "Polygon", "coordinates": [[[194319.14766450645, 546982.8843929511], [194320.49026933254, 546983.0255038331], [194320.16107307363, 546986.1576540946], [194318.81846824757, 546986.0165432127], [194319.14766450645, 546982.8843929511]]]}, "properties": {"floor": 4, "z_m": 9.9, "depth_m": 1.35, "type": "서측 픽셀", "area_m2": 4.25}}, {"type": "Feature", "geometry": {"type": "Polygon", "coordinates": [[[194319.98666500155, 546979.685163328], [194320.83200878094, 546979.7740109203], [194320.50281252203, 546982.9061611819], [194319.65746874266, 546982.8173135895], [194319.98666500155, 546979.685163328]]]}, "properties": {"floor": 4, "z_m": 9.9, "depth_m": 0.85, "type": "서측 픽셀", "area_m2": 2.68}}, {"type": "Feature", "geometry": {"type": "Polygon", "coordinates": [[[194320.17288285168, 546973.1299142127], [194321.51548767774, 546973.2710250948], [194321.18629141885, 546976.4031753563], [194319.84368659277, 546976.2620644743], [194320.17288285168, 546973.1299142127]]]}, "properties": {"floor": 4, "z_m": 9.9, "depth_m": 1.35, "type": "서측 픽셀", "area_m2": 4.25}}, {"type": "Feature", "geometry": {"type": "Polygon", "coordinates": [[[194321.01188334677, 546969.9306845895], [194321.85722712614, 546970.0195321819], [194321.52803086725, 546973.1516824436], [194320.68268708786, 546973.0628348512], [194321.01188334677, 546969.9306845895]]]}, "properties": {"floor": 4, "z_m": 9.9, "depth_m": 0.85, "type": "서측 픽셀", "area_m2": 2.68}}, {"type": "Feature", "geometry": {"type": "Polygon", "coordinates": [[[194321.19810119687, 546963.3754354743], [194322.54070602293, 546963.5165463564], [194322.21150976405, 546966.6486966179], [194320.868904938, 546966.507585736], [194321.19810119687, 546963.3754354743]]]}, "properties": {"floor": 4, "z_m": 9.9, "depth_m": 1.35, "type": "서측 픽셀", "area_m2": 4.25}}, {"type": "Feature", "geometry": {"type": "Polygon", "coordinates": [[[194322.03710169197, 546960.1762058513], [194322.88244547133, 546960.2650534436], [194322.55324921245, 546963.3972037052], [194321.70790543308, 546963.3083561128], [194322.03710169197, 546960.1762058513]]]}, "properties": {"floor": 4, "z_m": 9.9, "depth_m": 0.85, "type": "서측 픽셀", "area_m2": 2.68}}, {"type": "Feature", "geometry": {"type": "Polygon", "coordinates": [[[194322.22331954207, 546953.620956736], [194323.56592436816, 546953.762067618], [194323.23672810924, 546956.8942178796], [194321.8941232832, 546956.7531069976], [194322.22331954207, 546953.620956736]]]}, "properties": {"floor": 4, "z_m": 9.9, "depth_m": 1.35, "type": "서측 픽셀", "area_m2": 4.25}}, {"type": "Feature", "geometry": {"type": "Polygon", "coordinates": [[[194323.06232003716, 546950.4217271128], [194323.90766381656, 546950.5105747052], [194323.57846755767, 546953.6427249667], [194322.73312377828, 546953.5538773744], [194323.06232003716, 546950.4217271128]]]}, "properties": {"floor": 4, "z_m": 9.9, "depth_m": 0.85, "type": "서측 픽셀", "area_m2": 2.68}}, {"type": "Feature", "geometry": {"type": "Polygon", "coordinates": [[[194336.78665323637, 546948.5164453653], [194337.3833664924, 546948.5791613129], [194331.57379586954, 547003.8545408302], [194330.9770826135, 547003.7918248827], [194336.78665323637, 546948.5164453653]]]}, "properties": {"floor": 4, "z_m": 9.9, "depth_m": 0.6, "type": "동측 연속", "area_m2": 33.35}}, {"type": "Feature", "geometry": {"type": "Polygon", "coordinates": [[[194317.78070671286, 546995.8903646023], [194319.12331153892, 546996.0314754843], [194318.79411528003, 546999.1636257458], [194317.45151045395, 546999.0225148639], [194317.78070671286, 546995.8903646023]]]}, "properties": {"floor": 5, "z_m": 13.2, "depth_m": 1.35, "type": "서측 픽셀", "area_m2": 4.25}}, {"type": "Feature", "geometry": {"type": "Polygon", "coordinates": [[[194318.61970720795, 546992.6911349791], [194319.46505098732, 546992.7799825715], [194319.13585472843, 546995.912132833], [194318.29051094904, 546995.8232852407], [194318.61970720795, 546992.6911349791]]]}, "properties": {"floor": 5, "z_m": 13.2, "depth_m": 0.85, "type": "서측 픽셀", "area_m2": 2.68}}, {"type": "Feature", "geometry": {"type": "Polygon", "coordinates": [[[194318.80592505806, 546986.1358858639], [194320.1485298841, 546986.2769967458], [194319.81933362523, 546989.4091470075], [194318.47672879917, 546989.2680361255], [194318.80592505806, 546986.1358858639]]]}, "properties": {"floor": 5, "z_m": 13.2, "depth_m": 1.35, "type": "서측 픽셀", "area_m2": 4.25}}, {"type": "Feature", "geometry": {"type": "Polygon", "coordinates": [[[194319.64492555315, 546982.9366562407], [194320.49026933254, 546983.0255038331], [194320.16107307363, 546986.1576540946], [194319.31572929426, 546986.0688065023], [194319.64492555315, 546982.9366562407]]]}, "properties": {"floor": 5, "z_m": 13.2, "depth_m": 0.85, "type": "서측 픽셀", "area_m2": 2.68}}, {"type": "Feature", "geometry": {"type": "Polygon", "coordinates": [[[194319.83114340325, 546976.3814071255], [194321.17374822934, 546976.5225180076], [194320.84455197043, 546979.6546682691], [194319.50194714437, 546979.5135573872], [194319.83114340325, 546976.3814071255]]]}, "properties": {"floor": 5, "z_m": 13.2, "depth_m": 1.35, "type": "서측 픽셀", "area_m2": 4.25}}, {"type": "Feature", "geometry": {"type": "Polygon", "coordinates": [[[194320.67014389834, 546973.1821775024], [194321.51548767774, 546973.2710250948], [194321.18629141885, 546976.4031753563], [194320.34094763946, 546976.314327764], [194320.67014389834, 546973.1821775024]]]}, "properties": {"floor": 5, "z_m": 13.2, "depth_m": 0.85, "type": "서측 픽셀", "area_m2": 2.68}}, {"type": "Feature", "geometry": {"type": "Polygon", "coordinates": [[[194320.85636174848, 546966.6269283872], [194322.19896657454, 546966.7680392691], [194321.86977031565, 546969.9001895307], [194320.5271654896, 546969.7590786488], [194320.85636174848, 546966.6269283872]]]}, "properties": {"floor": 5, "z_m": 13.2, "depth_m": 1.35, "type": "서측 픽셀", "area_m2": 4.25}}, {"type": "Feature", "geometry": {"type": "Polygon", "coordinates": [[[194321.69536224357, 546963.427698764], [194322.54070602293, 546963.5165463564], [194322.21150976405, 546966.6486966179], [194321.36616598468, 546966.5598490256], [194321.69536224357, 546963.427698764]]]}, "properties": {"floor": 5, "z_m": 13.2, "depth_m": 0.85, "type": "서측 픽셀", "area_m2": 2.68}}, {"type": "Feature", "geometry": {"type": "Polygon", "coordinates": [[[194321.88158009367, 546956.8724496488], [194323.22418491976, 546957.0135605308], [194322.89498866085, 546960.1457107924], [194321.5523838348, 546960.0045999103], [194321.88158009367, 546956.8724496488]]]}, "properties": {"floor": 5, "z_m": 13.2, "depth_m": 1.35, "type": "서측 픽셀", "area_m2": 4.25}}, {"type": "Feature", "geometry": {"type": "Polygon", "coordinates": [[[194322.72058058876, 546953.6732200256], [194323.56592436816, 546953.762067618], [194323.23672810924, 546956.8942178796], [194322.39138432988, 546956.8053702873], [194322.72058058876, 546953.6732200256]]]}, "properties": {"floor": 5, "z_m": 13.2, "depth_m": 0.85, "type": "서측 픽셀", "area_m2": 2.68}}, {"type": "Feature", "geometry": {"type": "Polygon", "coordinates": [[[194322.9067984389, 546947.1179709104], [194324.24940326496, 546947.2590817924], [194323.92020700607, 546950.391232054], [194322.57760217998, 546950.250121172], [194322.9067984389, 546947.1179709104]]]}, "properties": {"floor": 5, "z_m": 13.2, "depth_m": 1.35, "type": "서측 픽셀", "area_m2": 4.25}}, {"type": "Feature", "geometry": {"type": "Polygon", "coordinates": [[[194336.78665323637, 546948.5164453653], [194337.3833664924, 546948.5791613129], [194331.57379586954, 547003.8545408302], [194330.9770826135, 547003.7918248827], [194336.78665323637, 546948.5164453653]]]}, "properties": {"floor": 5, "z_m": 13.2, "depth_m": 0.6, "type": "동측 연속", "area_m2": 33.35}}, {"type": "Feature", "geometry": {"type": "Polygon", "coordinates": [[[194317.43896726443, 546999.1418575151], [194318.78157209052, 546999.282968397], [194318.45237583164, 547002.4151186587], [194317.10977100555, 547002.2740077766], [194317.43896726443, 546999.1418575151]]]}, "properties": {"floor": 6, "z_m": 16.5, "depth_m": 1.35, "type": "서측 픽셀", "area_m2": 4.25}}, {"type": "Feature", "geometry": {"type": "Polygon", "coordinates": [[[194318.27796775955, 546995.9426278919], [194319.12331153892, 546996.0314754843], [194318.79411528003, 546999.1636257458], [194317.94877150064, 546999.0747781534], [194318.27796775955, 546995.9426278919]]]}, "properties": {"floor": 6, "z_m": 16.5, "depth_m": 0.85, "type": "서측 픽셀", "area_m2": 2.68}}, {"type": "Feature", "geometry": {"type": "Polygon", "coordinates": [[[194318.46418560966, 546989.3873787767], [194319.80679043572, 546989.5284896587], [194319.47759417683, 546992.6606399203], [194318.13498935077, 546992.5195290382], [194318.46418560966, 546989.3873787767]]]}, "properties": {"floor": 6, "z_m": 16.5, "depth_m": 1.35, "type": "서측 픽셀", "area_m2": 4.25}}, {"type": "Feature", "geometry": {"type": "Polygon", "coordinates": [[[194319.30318610475, 546986.1881491535], [194320.1485298841, 546986.2769967458], [194319.81933362523, 546989.4091470075], [194318.97398984586, 546989.3202994152], [194319.30318610475, 546986.1881491535]]]}, "properties": {"floor": 6, "z_m": 16.5, "depth_m": 0.85, "type": "서측 픽셀", "area_m2": 2.68}}, {"type": "Feature", "geometry": {"type": "Polygon", "coordinates": [[[194319.48940395485, 546979.6329000384], [194320.83200878094, 546979.7740109203], [194320.50281252203, 546982.9061611819], [194319.16020769597, 546982.7650502999], [194319.48940395485, 546979.6329000384]]]}, "properties": {"floor": 6, "z_m": 16.5, "depth_m": 1.35, "type": "서측 픽셀", "area_m2": 4.25}}, {"type": "Feature", "geometry": {"type": "Polygon", "coordinates": [[[194320.32840444995, 546976.4336704152], [194321.17374822934, 546976.5225180076], [194320.84455197043, 546979.6546682691], [194319.99920819106, 546979.5658206767], [194320.32840444995, 546976.4336704152]]]}, "properties": {"floor": 6, "z_m": 16.5, "depth_m": 0.85, "type": "서측 픽셀", "area_m2": 2.68}}, {"type": "Feature", "geometry": {"type": "Polygon", "coordinates": [[[194320.51462230008, 546969.8784213], [194321.85722712614, 546970.0195321819], [194321.52803086725, 546973.1516824436], [194320.18542604116, 546973.0105715615], [194320.51462230008, 546969.8784213]]]}, "properties": {"floor": 6, "z_m": 16.5, "depth_m": 1.35, "type": "서측 픽셀", "area_m2": 4.25}}, {"type": "Feature", "geometry": {"type": "Polygon", "coordinates": [[[194321.35362279517, 546966.6791916768], [194322.19896657454, 546966.7680392691], [194321.86977031565, 546969.9001895307], [194321.02442653626, 546969.8113419383], [194321.35362279517, 546966.6791916768]]]}, "properties": {"floor": 6, "z_m": 16.5, "depth_m": 0.85, "type": "서측 픽셀", "area_m2": 2.68}}, {"type": "Feature", "geometry": {"type": "Polygon", "coordinates": [[[194321.53984064527, 546960.1239425616], [194322.88244547133, 546960.2650534436], [194322.55324921245, 546963.3972037052], [194321.2106443864, 546963.2560928232], [194321.53984064527, 546960.1239425616]]]}, "properties": {"floor": 6, "z_m": 16.5, "depth_m": 1.35, "type": "서측 픽셀", "area_m2": 4.25}}, {"type": "Feature", "geometry": {"type": "Polygon", "coordinates": [[[194322.37884114037, 546956.9247129385], [194323.22418491976, 546957.0135605308], [194322.89498866085, 546960.1457107924], [194322.04964488148, 546960.0568632], [194322.37884114037, 546956.9247129385]]]}, "properties": {"floor": 6, "z_m": 16.5, "depth_m": 0.85, "type": "서측 픽셀", "area_m2": 2.68}}, {"type": "Feature", "geometry": {"type": "Polygon", "coordinates": [[[194322.56505899047, 546950.3694638233], [194323.90766381656, 546950.5105747052], [194323.57846755767, 546953.6427249667], [194322.23586273158, 546953.5016140848], [194322.56505899047, 546950.3694638233]]]}, "properties": {"floor": 6, "z_m": 16.5, "depth_m": 1.35, "type": "서측 픽셀", "area_m2": 4.25}}, {"type": "Feature", "geometry": {"type": "Polygon", "coordinates": [[[194323.4040594856, 546947.1702342001], [194324.24940326496, 546947.2590817924], [194323.92020700607, 546950.391232054], [194323.07486322668, 546950.3023844616], [194323.4040594856, 546947.1702342001]]]}, "properties": {"floor": 6, "z_m": 16.5, "depth_m": 0.85, "type": "서측 픽셀", "area_m2": 2.68}}, {"type": "Feature", "geometry": {"type": "Polygon", "coordinates": [[[194336.78665323637, 546948.5164453653], [194337.3833664924, 546948.5791613129], [194331.57379586954, 547003.8545408302], [194330.9770826135, 547003.7918248827], [194336.78665323637, 546948.5164453653]]]}, "properties": {"floor": 6, "z_m": 16.5, "depth_m": 0.6, "type": "동측 연속", "area_m2": 33.35}}, {"type": "Feature", "geometry": {"type": "Polygon", "coordinates": [[[194317.93622831113, 546999.1941208047], [194318.78157209052, 546999.282968397], [194318.45237583164, 547002.4151186587], [194317.60703205224, 547002.3262710663], [194317.93622831113, 546999.1941208047]]]}, "properties": {"floor": 7, "z_m": 19.8, "depth_m": 0.85, "type": "서측 픽셀", "area_m2": 2.68}}, {"type": "Feature", "geometry": {"type": "Polygon", "coordinates": [[[194318.12244616126, 546992.6388716894], [194319.46505098732, 546992.7799825715], [194319.13585472843, 546995.912132833], [194317.79324990234, 546995.7710219511], [194318.12244616126, 546992.6388716894]]]}, "properties": {"floor": 7, "z_m": 19.8, "depth_m": 1.35, "type": "서측 픽셀", "area_m2": 4.25}}, {"type": "Feature", "geometry": {"type": "Polygon", "coordinates": [[[194318.96144665635, 546989.4396420664], [194319.80679043572, 546989.5284896587], [194319.47759417683, 546992.6606399203], [194318.63225039747, 546992.5717923279], [194318.96144665635, 546989.4396420664]]]}, "properties": {"floor": 7, "z_m": 19.8, "depth_m": 0.85, "type": "서측 픽셀", "area_m2": 2.68}}, {"type": "Feature", "geometry": {"type": "Polygon", "coordinates": [[[194319.14766450645, 546982.8843929511], [194320.49026933254, 546983.0255038331], [194320.16107307363, 546986.1576540946], [194318.81846824757, 546986.0165432127], [194319.14766450645, 546982.8843929511]]]}, "properties": {"floor": 7, "z_m": 19.8, "depth_m": 1.35, "type": "서측 픽셀", "area_m2": 4.25}}, {"type": "Feature", "geometry": {"type": "Polygon", "coordinates": [[[194319.98666500155, 546979.685163328], [194320.83200878094, 546979.7740109203], [194320.50281252203, 546982.9061611819], [194319.65746874266, 546982.8173135895], [194319.98666500155, 546979.685163328]]]}, "properties": {"floor": 7, "z_m": 19.8, "depth_m": 0.85, "type": "서측 픽셀", "area_m2": 2.68}}, {"type": "Feature", "geometry": {"type": "Polygon", "coordinates": [[[194320.17288285168, 546973.1299142127], [194321.51548767774, 546973.2710250948], [194321.18629141885, 546976.4031753563], [194319.84368659277, 546976.2620644743], [194320.17288285168, 546973.1299142127]]]}, "properties": {"floor": 7, "z_m": 19.8, "depth_m": 1.35, "type": "서측 픽셀", "area_m2": 4.25}}, {"type": "Feature", "geometry": {"type": "Polygon", "coordinates": [[[194321.01188334677, 546969.9306845895], [194321.85722712614, 546970.0195321819], [194321.52803086725, 546973.1516824436], [194320.68268708786, 546973.0628348512], [194321.01188334677, 546969.9306845895]]]}, "properties": {"floor": 7, "z_m": 19.8, "depth_m": 0.85, "type": "서측 픽셀", "area_m2": 2.68}}, {"type": "Feature", "geometry": {"type": "Polygon", "coordinates": [[[194321.19810119687, 546963.3754354743], [194322.54070602293, 546963.5165463564], [194322.21150976405, 546966.6486966179], [194320.868904938, 546966.507585736], [194321.19810119687, 546963.3754354743]]]}, "properties": {"floor": 7, "z_m": 19.8, "depth_m": 1.35, "type": "서측 픽셀", "area_m2": 4.25}}, {"type": "Feature", "geometry": {"type": "Polygon", "coordinates": [[[194322.03710169197, 546960.1762058513], [194322.88244547133, 546960.2650534436], [194322.55324921245, 546963.3972037052], [194321.70790543308, 546963.3083561128], [194322.03710169197, 546960.1762058513]]]}, "properties": {"floor": 7, "z_m": 19.8, "depth_m": 0.85, "type": "서측 픽셀", "area_m2": 2.68}}, {"type": "Feature", "geometry": {"type": "Polygon", "coordinates": [[[194322.22331954207, 546953.620956736], [194323.56592436816, 546953.762067618], [194323.23672810924, 546956.8942178796], [194321.8941232832, 546956.7531069976], [194322.22331954207, 546953.620956736]]]}, "properties": {"floor": 7, "z_m": 19.8, "depth_m": 1.35, "type": "서측 픽셀", "area_m2": 4.25}}, {"type": "Feature", "geometry": {"type": "Polygon", "coordinates": [[[194323.06232003716, 546950.4217271128], [194323.90766381656, 546950.5105747052], [194323.57846755767, 546953.6427249667], [194322.73312377828, 546953.5538773744], [194323.06232003716, 546950.4217271128]]]}, "properties": {"floor": 7, "z_m": 19.8, "depth_m": 0.85, "type": "서측 픽셀", "area_m2": 2.68}}, {"type": "Feature", "geometry": {"type": "Polygon", "coordinates": [[[194336.78665323637, 546948.5164453653], [194337.3833664924, 546948.5791613129], [194331.57379586954, 547003.8545408302], [194330.9770826135, 547003.7918248827], [194336.78665323637, 546948.5164453653]]]}, "properties": {"floor": 7, "z_m": 19.8, "depth_m": 0.6, "type": "동측 연속", "area_m2": 33.35}}, {"type": "Feature", "geometry": {"type": "Polygon", "coordinates": [[[194317.78070671286, 546995.8903646023], [194319.12331153892, 546996.0314754843], [194318.79411528003, 546999.1636257458], [194317.45151045395, 546999.0225148639], [194317.78070671286, 546995.8903646023]]]}, "properties": {"floor": 8, "z_m": 23.1, "depth_m": 1.35, "type": "서측 픽셀", "area_m2": 4.25}}, {"type": "Feature", "geometry": {"type": "Polygon", "coordinates": [[[194318.61970720795, 546992.6911349791], [194319.46505098732, 546992.7799825715], [194319.13585472843, 546995.912132833], [194318.29051094904, 546995.8232852407], [194318.61970720795, 546992.6911349791]]]}, "properties": {"floor": 8, "z_m": 23.1, "depth_m": 0.85, "type": "서측 픽셀", "area_m2": 2.68}}, {"type": "Feature", "geometry": {"type": "Polygon", "coordinates": [[[194318.80592505806, 546986.1358858639], [194320.1485298841, 546986.2769967458], [194319.81933362523, 546989.4091470075], [194318.47672879917, 546989.2680361255], [194318.80592505806, 546986.1358858639]]]}, "properties": {"floor": 8, "z_m": 23.1, "depth_m": 1.35, "type": "서측 픽셀", "area_m2": 4.25}}, {"type": "Feature", "geometry": {"type": "Polygon", "coordinates": [[[194319.64492555315, 546982.9366562407], [194320.49026933254, 546983.0255038331], [194320.16107307363, 546986.1576540946], [194319.31572929426, 546986.0688065023], [194319.64492555315, 546982.9366562407]]]}, "properties": {"floor": 8, "z_m": 23.1, "depth_m": 0.85, "type": "서측 픽셀", "area_m2": 2.68}}, {"type": "Feature", "geometry": {"type": "Polygon", "coordinates": [[[194319.83114340325, 546976.3814071255], [194321.17374822934, 546976.5225180076], [194320.84455197043, 546979.6546682691], [194319.50194714437, 546979.5135573872], [194319.83114340325, 546976.3814071255]]]}, "properties": {"floor": 8, "z_m": 23.1, "depth_m": 1.35, "type": "서측 픽셀", "area_m2": 4.25}}, {"type": "Feature", "geometry": {"type": "Polygon", "coordinates": [[[194320.67014389834, 546973.1821775024], [194321.51548767774, 546973.2710250948], [194321.18629141885, 546976.4031753563], [194320.34094763946, 546976.314327764], [194320.67014389834, 546973.1821775024]]]}, "properties": {"floor": 8, "z_m": 23.1, "depth_m": 0.85, "type": "서측 픽셀", "area_m2": 2.68}}, {"type": "Feature", "geometry": {"type": "Polygon", "coordinates": [[[194320.85636174848, 546966.6269283872], [194322.19896657454, 546966.7680392691], [194321.86977031565, 546969.9001895307], [194320.5271654896, 546969.7590786488], [194320.85636174848, 546966.6269283872]]]}, "properties": {"floor": 8, "z_m": 23.1, "depth_m": 1.35, "type": "서측 픽셀", "area_m2": 4.25}}, {"type": "Feature", "geometry": {"type": "Polygon", "coordinates": [[[194321.69536224357, 546963.427698764], [194322.54070602293, 546963.5165463564], [194322.21150976405, 546966.6486966179], [194321.36616598468, 546966.5598490256], [194321.69536224357, 546963.427698764]]]}, "properties": {"floor": 8, "z_m": 23.1, "depth_m": 0.85, "type": "서측 픽셀", "area_m2": 2.68}}, {"type": "Feature", "geometry": {"type": "Polygon", "coordinates": [[[194321.88158009367, 546956.8724496488], [194323.22418491976, 546957.0135605308], [194322.89498866085, 546960.1457107924], [194321.5523838348, 546960.0045999103], [194321.88158009367, 546956.8724496488]]]}, "properties": {"floor": 8, "z_m": 23.1, "depth_m": 1.35, "type": "서측 픽셀", "area_m2": 4.25}}, {"type": "Feature", "geometry": {"type": "Polygon", "coordinates": [[[194322.72058058876, 546953.6732200256], [194323.56592436816, 546953.762067618], [194323.23672810924, 546956.8942178796], [194322.39138432988, 546956.8053702873], [194322.72058058876, 546953.6732200256]]]}, "properties": {"floor": 8, "z_m": 23.1, "depth_m": 0.85, "type": "서측 픽셀", "area_m2": 2.68}}, {"type": "Feature", "geometry": {"type": "Polygon", "coordinates": [[[194322.9067984389, 546947.1179709104], [194324.24940326496, 546947.2590817924], [194323.92020700607, 546950.391232054], [194322.57760217998, 546950.250121172], [194322.9067984389, 546947.1179709104]]]}, "properties": {"floor": 8, "z_m": 23.1, "depth_m": 1.35, "type": "서측 픽셀", "area_m2": 4.25}}, {"type": "Feature", "geometry": {"type": "Polygon", "coordinates": [[[194336.78665323637, 546948.5164453653], [194337.3833664924, 546948.5791613129], [194331.57379586954, 547003.8545408302], [194330.9770826135, 547003.7918248827], [194336.78665323637, 546948.5164453653]]]}, "properties": {"floor": 8, "z_m": 23.1, "depth_m": 0.6, "type": "동측 연속", "area_m2": 33.35}}, {"type": "Feature", "geometry": {"type": "Polygon", "coordinates": [[[194317.43896726443, 546999.1418575151], [194318.78157209052, 546999.282968397], [194318.45237583164, 547002.4151186587], [194317.10977100555, 547002.2740077766], [194317.43896726443, 546999.1418575151]]]}, "properties": {"floor": 9, "z_m": 26.4, "depth_m": 1.35, "type": "서측 픽셀", "area_m2": 4.25}}, {"type": "Feature", "geometry": {"type": "Polygon", "coordinates": [[[194318.27796775955, 546995.9426278919], [194319.12331153892, 546996.0314754843], [194318.79411528003, 546999.1636257458], [194317.94877150064, 546999.0747781534], [194318.27796775955, 546995.9426278919]]]}, "properties": {"floor": 9, "z_m": 26.4, "depth_m": 0.85, "type": "서측 픽셀", "area_m2": 2.68}}, {"type": "Feature", "geometry": {"type": "Polygon", "coordinates": [[[194318.46418560966, 546989.3873787767], [194319.80679043572, 546989.5284896587], [194319.47759417683, 546992.6606399203], [194318.13498935077, 546992.5195290382], [194318.46418560966, 546989.3873787767]]]}, "properties": {"floor": 9, "z_m": 26.4, "depth_m": 1.35, "type": "서측 픽셀", "area_m2": 4.25}}, {"type": "Feature", "geometry": {"type": "Polygon", "coordinates": [[[194319.30318610475, 546986.1881491535], [194320.1485298841, 546986.2769967458], [194319.81933362523, 546989.4091470075], [194318.97398984586, 546989.3202994152], [194319.30318610475, 546986.1881491535]]]}, "properties": {"floor": 9, "z_m": 26.4, "depth_m": 0.85, "type": "서측 픽셀", "area_m2": 2.68}}, {"type": "Feature", "geometry": {"type": "Polygon", "coordinates": [[[194319.48940395485, 546979.6329000384], [194320.83200878094, 546979.7740109203], [194320.50281252203, 546982.9061611819], [194319.16020769597, 546982.7650502999], [194319.48940395485, 546979.6329000384]]]}, "properties": {"floor": 9, "z_m": 26.4, "depth_m": 1.35, "type": "서측 픽셀", "area_m2": 4.25}}, {"type": "Feature", "geometry": {"type": "Polygon", "coordinates": [[[194320.32840444995, 546976.4336704152], [194321.17374822934, 546976.5225180076], [194320.84455197043, 546979.6546682691], [194319.99920819106, 546979.5658206767], [194320.32840444995, 546976.4336704152]]]}, "properties": {"floor": 9, "z_m": 26.4, "depth_m": 0.85, "type": "서측 픽셀", "area_m2": 2.68}}, {"type": "Feature", "geometry": {"type": "Polygon", "coordinates": [[[194320.51462230008, 546969.8784213], [194321.85722712614, 546970.0195321819], [194321.52803086725, 546973.1516824436], [194320.18542604116, 546973.0105715615], [194320.51462230008, 546969.8784213]]]}, "properties": {"floor": 9, "z_m": 26.4, "depth_m": 1.35, "type": "서측 픽셀", "area_m2": 4.25}}, {"type": "Feature", "geometry": {"type": "Polygon", "coordinates": [[[194321.35362279517, 546966.6791916768], [194322.19896657454, 546966.7680392691], [194321.86977031565, 546969.9001895307], [194321.02442653626, 546969.8113419383], [194321.35362279517, 546966.6791916768]]]}, "properties": {"floor": 9, "z_m": 26.4, "depth_m": 0.85, "type": "서측 픽셀", "area_m2": 2.68}}, {"type": "Feature", "geometry": {"type": "Polygon", "coordinates": [[[194321.53984064527, 546960.1239425616], [194322.88244547133, 546960.2650534436], [194322.55324921245, 546963.3972037052], [194321.2106443864, 546963.2560928232], [194321.53984064527, 546960.1239425616]]]}, "properties": {"floor": 9, "z_m": 26.4, "depth_m": 1.35, "type": "서측 픽셀", "area_m2": 4.25}}, {"type": "Feature", "geometry": {"type": "Polygon", "coordinates": [[[194322.37884114037, 546956.9247129385], [194323.22418491976, 546957.0135605308], [194322.89498866085, 546960.1457107924], [194322.04964488148, 546960.0568632], [194322.37884114037, 546956.9247129385]]]}, "properties": {"floor": 9, "z_m": 26.4, "depth_m": 0.85, "type": "서측 픽셀", "area_m2": 2.68}}, {"type": "Feature", "geometry": {"type": "Polygon", "coordinates": [[[194322.56505899047, 546950.3694638233], [194323.90766381656, 546950.5105747052], [194323.57846755767, 546953.6427249667], [194322.23586273158, 546953.5016140848], [194322.56505899047, 546950.3694638233]]]}, "properties": {"floor": 9, "z_m": 26.4, "depth_m": 1.35, "type": "서측 픽셀", "area_m2": 4.25}}, {"type": "Feature", "geometry": {"type": "Polygon", "coordinates": [[[194323.4040594856, 546947.1702342001], [194324.24940326496, 546947.2590817924], [194323.92020700607, 546950.391232054], [194323.07486322668, 546950.3023844616], [194323.4040594856, 546947.1702342001]]]}, "properties": {"floor": 9, "z_m": 26.4, "depth_m": 0.85, "type": "서측 픽셀", "area_m2": 2.68}}, {"type": "Feature", "geometry": {"type": "Polygon", "coordinates": [[[194336.78665323637, 546948.5164453653], [194337.3833664924, 546948.5791613129], [194331.57379586954, 547003.8545408302], [194330.9770826135, 547003.7918248827], [194336.78665323637, 546948.5164453653]]]}, "properties": {"floor": 9, "z_m": 26.4, "depth_m": 0.6, "type": "동측 연속", "area_m2": 33.35}}, {"type": "Feature", "geometry": {"type": "Polygon", "coordinates": [[[194317.93622831113, 546999.1941208047], [194318.78157209052, 546999.282968397], [194318.45237583164, 547002.4151186587], [194317.60703205224, 547002.3262710663], [194317.93622831113, 546999.1941208047]]]}, "properties": {"floor": 10, "z_m": 29.7, "depth_m": 0.85, "type": "서측 픽셀", "area_m2": 2.68}}, {"type": "Feature", "geometry": {"type": "Polygon", "coordinates": [[[194318.12244616126, 546992.6388716894], [194319.46505098732, 546992.7799825715], [194319.13585472843, 546995.912132833], [194317.79324990234, 546995.7710219511], [194318.12244616126, 546992.6388716894]]]}, "properties": {"floor": 10, "z_m": 29.7, "depth_m": 1.35, "type": "서측 픽셀", "area_m2": 4.25}}, {"type": "Feature", "geometry": {"type": "Polygon", "coordinates": [[[194318.96144665635, 546989.4396420664], [194319.80679043572, 546989.5284896587], [194319.47759417683, 546992.6606399203], [194318.63225039747, 546992.5717923279], [194318.96144665635, 546989.4396420664]]]}, "properties": {"floor": 10, "z_m": 29.7, "depth_m": 0.85, "type": "서측 픽셀", "area_m2": 2.68}}, {"type": "Feature", "geometry": {"type": "Polygon", "coordinates": [[[194319.14766450645, 546982.8843929511], [194320.49026933254, 546983.0255038331], [194320.16107307363, 546986.1576540946], [194318.81846824757, 546986.0165432127], [194319.14766450645, 546982.8843929511]]]}, "properties": {"floor": 10, "z_m": 29.7, "depth_m": 1.35, "type": "서측 픽셀", "area_m2": 4.25}}, {"type": "Feature", "geometry": {"type": "Polygon", "coordinates": [[[194319.98666500155, 546979.685163328], [194320.83200878094, 546979.7740109203], [194320.50281252203, 546982.9061611819], [194319.65746874266, 546982.8173135895], [194319.98666500155, 546979.685163328]]]}, "properties": {"floor": 10, "z_m": 29.7, "depth_m": 0.85, "type": "서측 픽셀", "area_m2": 2.68}}, {"type": "Feature", "geometry": {"type": "Polygon", "coordinates": [[[194320.17288285168, 546973.1299142127], [194321.51548767774, 546973.2710250948], [194321.18629141885, 546976.4031753563], [194319.84368659277, 546976.2620644743], [194320.17288285168, 546973.1299142127]]]}, "properties": {"floor": 10, "z_m": 29.7, "depth_m": 1.35, "type": "서측 픽셀", "area_m2": 4.25}}, {"type": "Feature", "geometry": {"type": "Polygon", "coordinates": [[[194321.01188334677, 546969.9306845895], [194321.85722712614, 546970.0195321819], [194321.52803086725, 546973.1516824436], [194320.68268708786, 546973.0628348512], [194321.01188334677, 546969.9306845895]]]}, "properties": {"floor": 10, "z_m": 29.7, "depth_m": 0.85, "type": "서측 픽셀", "area_m2": 2.68}}, {"type": "Feature", "geometry": {"type": "Polygon", "coordinates": [[[194321.19810119687, 546963.3754354743], [194322.54070602293, 546963.5165463564], [194322.21150976405, 546966.6486966179], [194320.868904938, 546966.507585736], [194321.19810119687, 546963.3754354743]]]}, "properties": {"floor": 10, "z_m": 29.7, "depth_m": 1.35, "type": "서측 픽셀", "area_m2": 4.25}}, {"type": "Feature", "geometry": {"type": "Polygon", "coordinates": [[[194322.03710169197, 546960.1762058513], [194322.88244547133, 546960.2650534436], [194322.55324921245, 546963.3972037052], [194321.70790543308, 546963.3083561128], [194322.03710169197, 546960.1762058513]]]}, "properties": {"floor": 10, "z_m": 29.7, "depth_m": 0.85, "type": "서측 픽셀", "area_m2": 2.68}}, {"type": "Feature", "geometry": {"type": "Polygon", "coordinates": [[[194322.22331954207, 546953.620956736], [194323.56592436816, 546953.762067618], [194323.23672810924, 546956.8942178796], [194321.8941232832, 546956.7531069976], [194322.22331954207, 546953.620956736]]]}, "properties": {"floor": 10, "z_m": 29.7, "depth_m": 1.35, "type": "서측 픽셀", "area_m2": 4.25}}, {"type": "Feature", "geometry": {"type": "Polygon", "coordinates": [[[194323.06232003716, 546950.4217271128], [194323.90766381656, 546950.5105747052], [194323.57846755767, 546953.6427249667], [194322.73312377828, 546953.5538773744], [194323.06232003716, 546950.4217271128]]]}, "properties": {"floor": 10, "z_m": 29.7, "depth_m": 0.85, "type": "서측 픽셀", "area_m2": 2.68}}, {"type": "Feature", "geometry": {"type": "Polygon", "coordinates": [[[194336.78665323637, 546948.5164453653], [194337.3833664924, 546948.5791613129], [194331.57379586954, 547003.8545408302], [194330.9770826135, 547003.7918248827], [194336.78665323637, 546948.5164453653]]]}, "properties": {"floor": 10, "z_m": 29.7, "depth_m": 0.6, "type": "동측 연속", "area_m2": 33.35}}, {"type": "Feature", "geometry": {"type": "Polygon", "coordinates": [[[194317.78070671286, 546995.8903646023], [194319.12331153892, 546996.0314754843], [194318.79411528003, 546999.1636257458], [194317.45151045395, 546999.0225148639], [194317.78070671286, 546995.8903646023]]]}, "properties": {"floor": 11, "z_m": 33.0, "depth_m": 1.35, "type": "서측 픽셀", "area_m2": 4.25}}, {"type": "Feature", "geometry": {"type": "Polygon", "coordinates": [[[194318.61970720795, 546992.6911349791], [194319.46505098732, 546992.7799825715], [194319.13585472843, 546995.912132833], [194318.29051094904, 546995.8232852407], [194318.61970720795, 546992.6911349791]]]}, "properties": {"floor": 11, "z_m": 33.0, "depth_m": 0.85, "type": "서측 픽셀", "area_m2": 2.68}}, {"type": "Feature", "geometry": {"type": "Polygon", "coordinates": [[[194318.80592505806, 546986.1358858639], [194320.1485298841, 546986.2769967458], [194319.81933362523, 546989.4091470075], [194318.47672879917, 546989.2680361255], [194318.80592505806, 546986.1358858639]]]}, "properties": {"floor": 11, "z_m": 33.0, "depth_m": 1.35, "type": "서측 픽셀", "area_m2": 4.25}}, {"type": "Feature", "geometry": {"type": "Polygon", "coordinates": [[[194319.64492555315, 546982.9366562407], [194320.49026933254, 546983.0255038331], [194320.16107307363, 546986.1576540946], [194319.31572929426, 546986.0688065023], [194319.64492555315, 546982.9366562407]]]}, "properties": {"floor": 11, "z_m": 33.0, "depth_m": 0.85, "type": "서측 픽셀", "area_m2": 2.68}}, {"type": "Feature", "geometry": {"type": "Polygon", "coordinates": [[[194319.83114340325, 546976.3814071255], [194321.17374822934, 546976.5225180076], [194320.84455197043, 546979.6546682691], [194319.50194714437, 546979.5135573872], [194319.83114340325, 546976.3814071255]]]}, "properties": {"floor": 11, "z_m": 33.0, "depth_m": 1.35, "type": "서측 픽셀", "area_m2": 4.25}}, {"type": "Feature", "geometry": {"type": "Polygon", "coordinates": [[[194320.67014389834, 546973.1821775024], [194321.51548767774, 546973.2710250948], [194321.18629141885, 546976.4031753563], [194320.34094763946, 546976.314327764], [194320.67014389834, 546973.1821775024]]]}, "properties": {"floor": 11, "z_m": 33.0, "depth_m": 0.85, "type": "서측 픽셀", "area_m2": 2.68}}, {"type": "Feature", "geometry": {"type": "Polygon", "coordinates": [[[194320.85636174848, 546966.6269283872], [194322.19896657454, 546966.7680392691], [194321.86977031565, 546969.9001895307], [194320.5271654896, 546969.7590786488], [194320.85636174848, 546966.6269283872]]]}, "properties": {"floor": 11, "z_m": 33.0, "depth_m": 1.35, "type": "서측 픽셀", "area_m2": 4.25}}, {"type": "Feature", "geometry": {"type": "Polygon", "coordinates": [[[194321.69536224357, 546963.427698764], [194322.54070602293, 546963.5165463564], [194322.21150976405, 546966.6486966179], [194321.36616598468, 546966.5598490256], [194321.69536224357, 546963.427698764]]]}, "properties": {"floor": 11, "z_m": 33.0, "depth_m": 0.85, "type": "서측 픽셀", "area_m2": 2.68}}, {"type": "Feature", "geometry": {"type": "Polygon", "coordinates": [[[194321.88158009367, 546956.8724496488], [194323.22418491976, 546957.0135605308], [194322.89498866085, 546960.1457107924], [194321.5523838348, 546960.0045999103], [194321.88158009367, 546956.8724496488]]]}, "properties": {"floor": 11, "z_m": 33.0, "depth_m": 1.35, "type": "서측 픽셀", "area_m2": 4.25}}, {"type": "Feature", "geometry": {"type": "Polygon", "coordinates": [[[194322.72058058876, 546953.6732200256], [194323.56592436816, 546953.762067618], [194323.23672810924, 546956.8942178796], [194322.39138432988, 546956.8053702873], [194322.72058058876, 546953.6732200256]]]}, "properties": {"floor": 11, "z_m": 33.0, "depth_m": 0.85, "type": "서측 픽셀", "area_m2": 2.68}}, {"type": "Feature", "geometry": {"type": "Polygon", "coordinates": [[[194322.9067984389, 546947.1179709104], [194324.24940326496, 546947.2590817924], [194323.92020700607, 546950.391232054], [194322.57760217998, 546950.250121172], [194322.9067984389, 546947.1179709104]]]}, "properties": {"floor": 11, "z_m": 33.0, "depth_m": 1.35, "type": "서측 픽셀", "area_m2": 4.25}}, {"type": "Feature", "geometry": {"type": "Polygon", "coordinates": [[[194336.78665323637, 546948.5164453653], [194337.3833664924, 546948.5791613129], [194331.57379586954, 547003.8545408302], [194330.9770826135, 547003.7918248827], [194336.78665323637, 546948.5164453653]]]}, "properties": {"floor": 11, "z_m": 33.0, "depth_m": 0.6, "type": "동측 연속", "area_m2": 33.35}}, {"type": "Feature", "geometry": {"type": "Polygon", "coordinates": [[[194317.43896726443, 546999.1418575151], [194318.78157209052, 546999.282968397], [194318.45237583164, 547002.4151186587], [194317.10977100555, 547002.2740077766], [194317.43896726443, 546999.1418575151]]]}, "properties": {"floor": 12, "z_m": 36.3, "depth_m": 1.35, "type": "서측 픽셀", "area_m2": 4.25}}, {"type": "Feature", "geometry": {"type": "Polygon", "coordinates": [[[194318.27796775955, 546995.9426278919], [194319.12331153892, 546996.0314754843], [194318.79411528003, 546999.1636257458], [194317.94877150064, 546999.0747781534], [194318.27796775955, 546995.9426278919]]]}, "properties": {"floor": 12, "z_m": 36.3, "depth_m": 0.85, "type": "서측 픽셀", "area_m2": 2.68}}, {"type": "Feature", "geometry": {"type": "Polygon", "coordinates": [[[194318.46418560966, 546989.3873787767], [194319.80679043572, 546989.5284896587], [194319.47759417683, 546992.6606399203], [194318.13498935077, 546992.5195290382], [194318.46418560966, 546989.3873787767]]]}, "properties": {"floor": 12, "z_m": 36.3, "depth_m": 1.35, "type": "서측 픽셀", "area_m2": 4.25}}, {"type": "Feature", "geometry": {"type": "Polygon", "coordinates": [[[194319.30318610475, 546986.1881491535], [194320.1485298841, 546986.2769967458], [194319.81933362523, 546989.4091470075], [194318.97398984586, 546989.3202994152], [194319.30318610475, 546986.1881491535]]]}, "properties": {"floor": 12, "z_m": 36.3, "depth_m": 0.85, "type": "서측 픽셀", "area_m2": 2.68}}, {"type": "Feature", "geometry": {"type": "Polygon", "coordinates": [[[194319.48940395485, 546979.6329000384], [194320.83200878094, 546979.7740109203], [194320.50281252203, 546982.9061611819], [194319.16020769597, 546982.7650502999], [194319.48940395485, 546979.6329000384]]]}, "properties": {"floor": 12, "z_m": 36.3, "depth_m": 1.35, "type": "서측 픽셀", "area_m2": 4.25}}, {"type": "Feature", "geometry": {"type": "Polygon", "coordinates": [[[194320.32840444995, 546976.4336704152], [194321.17374822934, 546976.5225180076], [194320.84455197043, 546979.6546682691], [194319.99920819106, 546979.5658206767], [194320.32840444995, 546976.4336704152]]]}, "properties": {"floor": 12, "z_m": 36.3, "depth_m": 0.85, "type": "서측 픽셀", "area_m2": 2.68}}, {"type": "Feature", "geometry": {"type": "Polygon", "coordinates": [[[194320.51462230008, 546969.8784213], [194321.85722712614, 546970.0195321819], [194321.52803086725, 546973.1516824436], [194320.18542604116, 546973.0105715615], [194320.51462230008, 546969.8784213]]]}, "properties": {"floor": 12, "z_m": 36.3, "depth_m": 1.35, "type": "서측 픽셀", "area_m2": 4.25}}, {"type": "Feature", "geometry": {"type": "Polygon", "coordinates": [[[194321.35362279517, 546966.6791916768], [194322.19896657454, 546966.7680392691], [194321.86977031565, 546969.9001895307], [194321.02442653626, 546969.8113419383], [194321.35362279517, 546966.6791916768]]]}, "properties": {"floor": 12, "z_m": 36.3, "depth_m": 0.85, "type": "서측 픽셀", "area_m2": 2.68}}, {"type": "Feature", "geometry": {"type": "Polygon", "coordinates": [[[194321.53984064527, 546960.1239425616], [194322.88244547133, 546960.2650534436], [194322.55324921245, 546963.3972037052], [194321.2106443864, 546963.2560928232], [194321.53984064527, 546960.1239425616]]]}, "properties": {"floor": 12, "z_m": 36.3, "depth_m": 1.35, "type": "서측 픽셀", "area_m2": 4.25}}, {"type": "Feature", "geometry": {"type": "Polygon", "coordinates": [[[194322.37884114037, 546956.9247129385], [194323.22418491976, 546957.0135605308], [194322.89498866085, 546960.1457107924], [194322.04964488148, 546960.0568632], [194322.37884114037, 546956.9247129385]]]}, "properties": {"floor": 12, "z_m": 36.3, "depth_m": 0.85, "type": "서측 픽셀", "area_m2": 2.68}}, {"type": "Feature", "geometry": {"type": "Polygon", "coordinates": [[[194322.56505899047, 546950.3694638233], [194323.90766381656, 546950.5105747052], [194323.57846755767, 546953.6427249667], [194322.23586273158, 546953.5016140848], [194322.56505899047, 546950.3694638233]]]}, "properties": {"floor": 12, "z_m": 36.3, "depth_m": 1.35, "type": "서측 픽셀", "area_m2": 4.25}}, {"type": "Feature", "geometry": {"type": "Polygon", "coordinates": [[[194323.4040594856, 546947.1702342001], [194324.24940326496, 546947.2590817924], [194323.92020700607, 546950.391232054], [194323.07486322668, 546950.3023844616], [194323.4040594856, 546947.1702342001]]]}, "properties": {"floor": 12, "z_m": 36.3, "depth_m": 0.85, "type": "서측 픽셀", "area_m2": 2.68}}, {"type": "Feature", "geometry": {"type": "Polygon", "coordinates": [[[194336.78665323637, 546948.5164453653], [194337.3833664924, 546948.5791613129], [194331.57379586954, 547003.8545408302], [194330.9770826135, 547003.7918248827], [194336.78665323637, 546948.5164453653]]]}, "properties": {"floor": 12, "z_m": 36.3, "depth_m": 0.6, "type": "동측 연속", "area_m2": 33.35}}, {"type": "Feature", "geometry": {"type": "Polygon", "coordinates": [[[194317.93622831113, 546999.1941208047], [194318.78157209052, 546999.282968397], [194318.45237583164, 547002.4151186587], [194317.60703205224, 547002.3262710663], [194317.93622831113, 546999.1941208047]]]}, "properties": {"floor": 13, "z_m": 39.6, "depth_m": 0.85, "type": "서측 픽셀", "area_m2": 2.68}}, {"type": "Feature", "geometry": {"type": "Polygon", "coordinates": [[[194318.12244616126, 546992.6388716894], [194319.46505098732, 546992.7799825715], [194319.13585472843, 546995.912132833], [194317.79324990234, 546995.7710219511], [194318.12244616126, 546992.6388716894]]]}, "properties": {"floor": 13, "z_m": 39.6, "depth_m": 1.35, "type": "서측 픽셀", "area_m2": 4.25}}, {"type": "Feature", "geometry": {"type": "Polygon", "coordinates": [[[194318.96144665635, 546989.4396420664], [194319.80679043572, 546989.5284896587], [194319.47759417683, 546992.6606399203], [194318.63225039747, 546992.5717923279], [194318.96144665635, 546989.4396420664]]]}, "properties": {"floor": 13, "z_m": 39.6, "depth_m": 0.85, "type": "서측 픽셀", "area_m2": 2.68}}, {"type": "Feature", "geometry": {"type": "Polygon", "coordinates": [[[194319.14766450645, 546982.8843929511], [194320.49026933254, 546983.0255038331], [194320.16107307363, 546986.1576540946], [194318.81846824757, 546986.0165432127], [194319.14766450645, 546982.8843929511]]]}, "properties": {"floor": 13, "z_m": 39.6, "depth_m": 1.35, "type": "서측 픽셀", "area_m2": 4.25}}, {"type": "Feature", "geometry": {"type": "Polygon", "coordinates": [[[194319.98666500155, 546979.685163328], [194320.83200878094, 546979.7740109203], [194320.50281252203, 546982.9061611819], [194319.65746874266, 546982.8173135895], [194319.98666500155, 546979.685163328]]]}, "properties": {"floor": 13, "z_m": 39.6, "depth_m": 0.85, "type": "서측 픽셀", "area_m2": 2.68}}, {"type": "Feature", "geometry": {"type": "Polygon", "coordinates": [[[194320.17288285168, 546973.1299142127], [194321.51548767774, 546973.2710250948], [194321.18629141885, 546976.4031753563], [194319.84368659277, 546976.2620644743], [194320.17288285168, 546973.1299142127]]]}, "properties": {"floor": 13, "z_m": 39.6, "depth_m": 1.35, "type": "서측 픽셀", "area_m2": 4.25}}, {"type": "Feature", "geometry": {"type": "Polygon", "coordinates": [[[194321.01188334677, 546969.9306845895], [194321.85722712614, 546970.0195321819], [194321.52803086725, 546973.1516824436], [194320.68268708786, 546973.0628348512], [194321.01188334677, 546969.9306845895]]]}, "properties": {"floor": 13, "z_m": 39.6, "depth_m": 0.85, "type": "서측 픽셀", "area_m2": 2.68}}, {"type": "Feature", "geometry": {"type": "Polygon", "coordinates": [[[194321.19810119687, 546963.3754354743], [194322.54070602293, 546963.5165463564], [194322.21150976405, 546966.6486966179], [194320.868904938, 546966.507585736], [194321.19810119687, 546963.3754354743]]]}, "properties": {"floor": 13, "z_m": 39.6, "depth_m": 1.35, "type": "서측 픽셀", "area_m2": 4.25}}, {"type": "Feature", "geometry": {"type": "Polygon", "coordinates": [[[194322.03710169197, 546960.1762058513], [194322.88244547133, 546960.2650534436], [194322.55324921245, 546963.3972037052], [194321.70790543308, 546963.3083561128], [194322.03710169197, 546960.1762058513]]]}, "properties": {"floor": 13, "z_m": 39.6, "depth_m": 0.85, "type": "서측 픽셀", "area_m2": 2.68}}, {"type": "Feature", "geometry": {"type": "Polygon", "coordinates": [[[194322.22331954207, 546953.620956736], [194323.56592436816, 546953.762067618], [194323.23672810924, 546956.8942178796], [194321.8941232832, 546956.7531069976], [194322.22331954207, 546953.620956736]]]}, "properties": {"floor": 13, "z_m": 39.6, "depth_m": 1.35, "type": "서측 픽셀", "area_m2": 4.25}}, {"type": "Feature", "geometry": {"type": "Polygon", "coordinates": [[[194323.06232003716, 546950.4217271128], [194323.90766381656, 546950.5105747052], [194323.57846755767, 546953.6427249667], [194322.73312377828, 546953.5538773744], [194323.06232003716, 546950.4217271128]]]}, "properties": {"floor": 13, "z_m": 39.6, "depth_m": 0.85, "type": "서측 픽셀", "area_m2": 2.68}}, {"type": "Feature", "geometry": {"type": "Polygon", "coordinates": [[[194336.78665323637, 546948.5164453653], [194337.3833664924, 546948.5791613129], [194331.57379586954, 547003.8545408302], [194330.9770826135, 547003.7918248827], [194336.78665323637, 546948.5164453653]]]}, "properties": {"floor": 13, "z_m": 39.6, "depth_m": 0.6, "type": "동측 연속", "area_m2": 33.35}}, {"type": "Feature", "geometry": {"type": "Polygon", "coordinates": [[[194317.78070671286, 546995.8903646023], [194319.12331153892, 546996.0314754843], [194318.79411528003, 546999.1636257458], [194317.45151045395, 546999.0225148639], [194317.78070671286, 546995.8903646023]]]}, "properties": {"floor": 14, "z_m": 42.9, "depth_m": 1.35, "type": "서측 픽셀", "area_m2": 4.25}}, {"type": "Feature", "geometry": {"type": "Polygon", "coordinates": [[[194318.61970720795, 546992.6911349791], [194319.46505098732, 546992.7799825715], [194319.13585472843, 546995.912132833], [194318.29051094904, 546995.8232852407], [194318.61970720795, 546992.6911349791]]]}, "properties": {"floor": 14, "z_m": 42.9, "depth_m": 0.85, "type": "서측 픽셀", "area_m2": 2.68}}, {"type": "Feature", "geometry": {"type": "Polygon", "coordinates": [[[194318.80592505806, 546986.1358858639], [194320.1485298841, 546986.2769967458], [194319.81933362523, 546989.4091470075], [194318.47672879917, 546989.2680361255], [194318.80592505806, 546986.1358858639]]]}, "properties": {"floor": 14, "z_m": 42.9, "depth_m": 1.35, "type": "서측 픽셀", "area_m2": 4.25}}, {"type": "Feature", "geometry": {"type": "Polygon", "coordinates": [[[194319.64492555315, 546982.9366562407], [194320.49026933254, 546983.0255038331], [194320.16107307363, 546986.1576540946], [194319.31572929426, 546986.0688065023], [194319.64492555315, 546982.9366562407]]]}, "properties": {"floor": 14, "z_m": 42.9, "depth_m": 0.85, "type": "서측 픽셀", "area_m2": 2.68}}, {"type": "Feature", "geometry": {"type": "Polygon", "coordinates": [[[194319.83114340325, 546976.3814071255], [194321.17374822934, 546976.5225180076], [194320.84455197043, 546979.6546682691], [194319.50194714437, 546979.5135573872], [194319.83114340325, 546976.3814071255]]]}, "properties": {"floor": 14, "z_m": 42.9, "depth_m": 1.35, "type": "서측 픽셀", "area_m2": 4.25}}, {"type": "Feature", "geometry": {"type": "Polygon", "coordinates": [[[194320.67014389834, 546973.1821775024], [194321.51548767774, 546973.2710250948], [194321.18629141885, 546976.4031753563], [194320.34094763946, 546976.314327764], [194320.67014389834, 546973.1821775024]]]}, "properties": {"floor": 14, "z_m": 42.9, "depth_m": 0.85, "type": "서측 픽셀", "area_m2": 2.68}}, {"type": "Feature", "geometry": {"type": "Polygon", "coordinates": [[[194320.85636174848, 546966.6269283872], [194322.19896657454, 546966.7680392691], [194321.86977031565, 546969.9001895307], [194320.5271654896, 546969.7590786488], [194320.85636174848, 546966.6269283872]]]}, "properties": {"floor": 14, "z_m": 42.9, "depth_m": 1.35, "type": "서측 픽셀", "area_m2": 4.25}}, {"type": "Feature", "geometry": {"type": "Polygon", "coordinates": [[[194321.69536224357, 546963.427698764], [194322.54070602293, 546963.5165463564], [194322.21150976405, 546966.6486966179], [194321.36616598468, 546966.5598490256], [194321.69536224357, 546963.427698764]]]}, "properties": {"floor": 14, "z_m": 42.9, "depth_m": 0.85, "type": "서측 픽셀", "area_m2": 2.68}}, {"type": "Feature", "geometry": {"type": "Polygon", "coordinates": [[[194321.88158009367, 546956.8724496488], [194323.22418491976, 546957.0135605308], [194322.89498866085, 546960.1457107924], [194321.5523838348, 546960.0045999103], [194321.88158009367, 546956.8724496488]]]}, "properties": {"floor": 14, "z_m": 42.9, "depth_m": 1.35, "type": "서측 픽셀", "area_m2": 4.25}}, {"type": "Feature", "geometry": {"type": "Polygon", "coordinates": [[[194322.72058058876, 546953.6732200256], [194323.56592436816, 546953.762067618], [194323.23672810924, 546956.8942178796], [194322.39138432988, 546956.8053702873], [194322.72058058876, 546953.6732200256]]]}, "properties": {"floor": 14, "z_m": 42.9, "depth_m": 0.85, "type": "서측 픽셀", "area_m2": 2.68}}, {"type": "Feature", "geometry": {"type": "Polygon", "coordinates": [[[194322.9067984389, 546947.1179709104], [194324.24940326496, 546947.2590817924], [194323.92020700607, 546950.391232054], [194322.57760217998, 546950.250121172], [194322.9067984389, 546947.1179709104]]]}, "properties": {"floor": 14, "z_m": 42.9, "depth_m": 1.35, "type": "서측 픽셀", "area_m2": 4.25}}, {"type": "Feature", "geometry": {"type": "Polygon", "coordinates": [[[194336.78665323637, 546948.5164453653], [194337.3833664924, 546948.5791613129], [194331.57379586954, 547003.8545408302], [194330.9770826135, 547003.7918248827], [194336.78665323637, 546948.5164453653]]]}, "properties": {"floor": 14, "z_m": 42.9, "depth_m": 0.6, "type": "동측 연속", "area_m2": 33.35}}, {"type": "Feature", "geometry": {"type": "Polygon", "coordinates": [[[194317.43896726443, 546999.1418575151], [194318.78157209052, 546999.282968397], [194318.45237583164, 547002.4151186587], [194317.10977100555, 547002.2740077766], [194317.43896726443, 546999.1418575151]]]}, "properties": {"floor": 15, "z_m": 46.2, "depth_m": 1.35, "type": "서측 픽셀", "area_m2": 4.25}}, {"type": "Feature", "geometry": {"type": "Polygon", "coordinates": [[[194318.27796775955, 546995.9426278919], [194319.12331153892, 546996.0314754843], [194318.79411528003, 546999.1636257458], [194317.94877150064, 546999.0747781534], [194318.27796775955, 546995.9426278919]]]}, "properties": {"floor": 15, "z_m": 46.2, "depth_m": 0.85, "type": "서측 픽셀", "area_m2": 2.68}}, {"type": "Feature", "geometry": {"type": "Polygon", "coordinates": [[[194318.46418560966, 546989.3873787767], [194319.80679043572, 546989.5284896587], [194319.47759417683, 546992.6606399203], [194318.13498935077, 546992.5195290382], [194318.46418560966, 546989.3873787767]]]}, "properties": {"floor": 15, "z_m": 46.2, "depth_m": 1.35, "type": "서측 픽셀", "area_m2": 4.25}}, {"type": "Feature", "geometry": {"type": "Polygon", "coordinates": [[[194319.30318610475, 546986.1881491535], [194320.1485298841, 546986.2769967458], [194319.81933362523, 546989.4091470075], [194318.97398984586, 546989.3202994152], [194319.30318610475, 546986.1881491535]]]}, "properties": {"floor": 15, "z_m": 46.2, "depth_m": 0.85, "type": "서측 픽셀", "area_m2": 2.68}}, {"type": "Feature", "geometry": {"type": "Polygon", "coordinates": [[[194319.48940395485, 546979.6329000384], [194320.83200878094, 546979.7740109203], [194320.50281252203, 546982.9061611819], [194319.16020769597, 546982.7650502999], [194319.48940395485, 546979.6329000384]]]}, "properties": {"floor": 15, "z_m": 46.2, "depth_m": 1.35, "type": "서측 픽셀", "area_m2": 4.25}}, {"type": "Feature", "geometry": {"type": "Polygon", "coordinates": [[[194320.32840444995, 546976.4336704152], [194321.17374822934, 546976.5225180076], [194320.84455197043, 546979.6546682691], [194319.99920819106, 546979.5658206767], [194320.32840444995, 546976.4336704152]]]}, "properties": {"floor": 15, "z_m": 46.2, "depth_m": 0.85, "type": "서측 픽셀", "area_m2": 2.68}}, {"type": "Feature", "geometry": {"type": "Polygon", "coordinates": [[[194320.51462230008, 546969.8784213], [194321.85722712614, 546970.0195321819], [194321.52803086725, 546973.1516824436], [194320.18542604116, 546973.0105715615], [194320.51462230008, 546969.8784213]]]}, "properties": {"floor": 15, "z_m": 46.2, "depth_m": 1.35, "type": "서측 픽셀", "area_m2": 4.25}}, {"type": "Feature", "geometry": {"type": "Polygon", "coordinates": [[[194321.35362279517, 546966.6791916768], [194322.19896657454, 546966.7680392691], [194321.86977031565, 546969.9001895307], [194321.02442653626, 546969.8113419383], [194321.35362279517, 546966.6791916768]]]}, "properties": {"floor": 15, "z_m": 46.2, "depth_m": 0.85, "type": "서측 픽셀", "area_m2": 2.68}}, {"type": "Feature", "geometry": {"type": "Polygon", "coordinates": [[[194321.53984064527, 546960.1239425616], [194322.88244547133, 546960.2650534436], [194322.55324921245, 546963.3972037052], [194321.2106443864, 546963.2560928232], [194321.53984064527, 546960.1239425616]]]}, "properties": {"floor": 15, "z_m": 46.2, "depth_m": 1.35, "type": "서측 픽셀", "area_m2": 4.25}}, {"type": "Feature", "geometry": {"type": "Polygon", "coordinates": [[[194322.37884114037, 546956.9247129385], [194323.22418491976, 546957.0135605308], [194322.89498866085, 546960.1457107924], [194322.04964488148, 546960.0568632], [194322.37884114037, 546956.9247129385]]]}, "properties": {"floor": 15, "z_m": 46.2, "depth_m": 0.85, "type": "서측 픽셀", "area_m2": 2.68}}, {"type": "Feature", "geometry": {"type": "Polygon", "coordinates": [[[194322.56505899047, 546950.3694638233], [194323.90766381656, 546950.5105747052], [194323.57846755767, 546953.6427249667], [194322.23586273158, 546953.5016140848], [194322.56505899047, 546950.3694638233]]]}, "properties": {"floor": 15, "z_m": 46.2, "depth_m": 1.35, "type": "서측 픽셀", "area_m2": 4.25}}, {"type": "Feature", "geometry": {"type": "Polygon", "coordinates": [[[194323.4040594856, 546947.1702342001], [194324.24940326496, 546947.2590817924], [194323.92020700607, 546950.391232054], [194323.07486322668, 546950.3023844616], [194323.4040594856, 546947.1702342001]]]}, "properties": {"floor": 15, "z_m": 46.2, "depth_m": 0.85, "type": "서측 픽셀", "area_m2": 2.68}}, {"type": "Feature", "geometry": {"type": "Polygon", "coordinates": [[[194336.78665323637, 546948.5164453653], [194337.3833664924, 546948.5791613129], [194331.57379586954, 547003.8545408302], [194330.9770826135, 547003.7918248827], [194336.78665323637, 546948.5164453653]]]}, "properties": {"floor": 15, "z_m": 46.2, "depth_m": 0.6, "type": "동측 연속", "area_m2": 33.35}}, {"type": "Feature", "geometry": {"type": "Polygon", "coordinates": [[[194317.93622831113, 546999.1941208047], [194318.78157209052, 546999.282968397], [194318.45237583164, 547002.4151186587], [194317.60703205224, 547002.3262710663], [194317.93622831113, 546999.1941208047]]]}, "properties": {"floor": 16, "z_m": 49.5, "depth_m": 0.85, "type": "서측 픽셀", "area_m2": 2.68}}, {"type": "Feature", "geometry": {"type": "Polygon", "coordinates": [[[194318.12244616126, 546992.6388716894], [194319.46505098732, 546992.7799825715], [194319.13585472843, 546995.912132833], [194317.79324990234, 546995.7710219511], [194318.12244616126, 546992.6388716894]]]}, "properties": {"floor": 16, "z_m": 49.5, "depth_m": 1.35, "type": "서측 픽셀", "area_m2": 4.25}}, {"type": "Feature", "geometry": {"type": "Polygon", "coordinates": [[[194318.96144665635, 546989.4396420664], [194319.80679043572, 546989.5284896587], [194319.47759417683, 546992.6606399203], [194318.63225039747, 546992.5717923279], [194318.96144665635, 546989.4396420664]]]}, "properties": {"floor": 16, "z_m": 49.5, "depth_m": 0.85, "type": "서측 픽셀", "area_m2": 2.68}}, {"type": "Feature", "geometry": {"type": "Polygon", "coordinates": [[[194319.14766450645, 546982.8843929511], [194320.49026933254, 546983.0255038331], [194320.16107307363, 546986.1576540946], [194318.81846824757, 546986.0165432127], [194319.14766450645, 546982.8843929511]]]}, "properties": {"floor": 16, "z_m": 49.5, "depth_m": 1.35, "type": "서측 픽셀", "area_m2": 4.25}}, {"type": "Feature", "geometry": {"type": "Polygon", "coordinates": [[[194319.98666500155, 546979.685163328], [194320.83200878094, 546979.7740109203], [194320.50281252203, 546982.9061611819], [194319.65746874266, 546982.8173135895], [194319.98666500155, 546979.685163328]]]}, "properties": {"floor": 16, "z_m": 49.5, "depth_m": 0.85, "type": "서측 픽셀", "area_m2": 2.68}}, {"type": "Feature", "geometry": {"type": "Polygon", "coordinates": [[[194320.17288285168, 546973.1299142127], [194321.51548767774, 546973.2710250948], [194321.18629141885, 546976.4031753563], [194319.84368659277, 546976.2620644743], [194320.17288285168, 546973.1299142127]]]}, "properties": {"floor": 16, "z_m": 49.5, "depth_m": 1.35, "type": "서측 픽셀", "area_m2": 4.25}}, {"type": "Feature", "geometry": {"type": "Polygon", "coordinates": [[[194321.01188334677, 546969.9306845895], [194321.85722712614, 546970.0195321819], [194321.52803086725, 546973.1516824436], [194320.68268708786, 546973.0628348512], [194321.01188334677, 546969.9306845895]]]}, "properties": {"floor": 16, "z_m": 49.5, "depth_m": 0.85, "type": "서측 픽셀", "area_m2": 2.68}}, {"type": "Feature", "geometry": {"type": "Polygon", "coordinates": [[[194321.19810119687, 546963.3754354743], [194322.54070602293, 546963.5165463564], [194322.21150976405, 546966.6486966179], [194320.868904938, 546966.507585736], [194321.19810119687, 546963.3754354743]]]}, "properties": {"floor": 16, "z_m": 49.5, "depth_m": 1.35, "type": "서측 픽셀", "area_m2": 4.25}}, {"type": "Feature", "geometry": {"type": "Polygon", "coordinates": [[[194322.03710169197, 546960.1762058513], [194322.88244547133, 546960.2650534436], [194322.55324921245, 546963.3972037052], [194321.70790543308, 546963.3083561128], [194322.03710169197, 546960.1762058513]]]}, "properties": {"floor": 16, "z_m": 49.5, "depth_m": 0.85, "type": "서측 픽셀", "area_m2": 2.68}}, {"type": "Feature", "geometry": {"type": "Polygon", "coordinates": [[[194322.22331954207, 546953.620956736], [194323.56592436816, 546953.762067618], [194323.23672810924, 546956.8942178796], [194321.8941232832, 546956.7531069976], [194322.22331954207, 546953.620956736]]]}, "properties": {"floor": 16, "z_m": 49.5, "depth_m": 1.35, "type": "서측 픽셀", "area_m2": 4.25}}, {"type": "Feature", "geometry": {"type": "Polygon", "coordinates": [[[194323.06232003716, 546950.4217271128], [194323.90766381656, 546950.5105747052], [194323.57846755767, 546953.6427249667], [194322.73312377828, 546953.5538773744], [194323.06232003716, 546950.4217271128]]]}, "properties": {"floor": 16, "z_m": 49.5, "depth_m": 0.85, "type": "서측 픽셀", "area_m2": 2.68}}, {"type": "Feature", "geometry": {"type": "Polygon", "coordinates": [[[194336.78665323637, 546948.5164453653], [194337.3833664924, 546948.5791613129], [194331.57379586954, 547003.8545408302], [194330.9770826135, 547003.7918248827], [194336.78665323637, 546948.5164453653]]]}, "properties": {"floor": 16, "z_m": 49.5, "depth_m": 0.6, "type": "동측 연속", "area_m2": 33.35}}, {"type": "Feature", "geometry": {"type": "Polygon", "coordinates": [[[194317.78070671286, 546995.8903646023], [194319.12331153892, 546996.0314754843], [194318.79411528003, 546999.1636257458], [194317.45151045395, 546999.0225148639], [194317.78070671286, 546995.8903646023]]]}, "properties": {"floor": 17, "z_m": 52.8, "depth_m": 1.35, "type": "서측 픽셀", "area_m2": 4.25}}, {"type": "Feature", "geometry": {"type": "Polygon", "coordinates": [[[194318.61970720795, 546992.6911349791], [194319.46505098732, 546992.7799825715], [194319.13585472843, 546995.912132833], [194318.29051094904, 546995.8232852407], [194318.61970720795, 546992.6911349791]]]}, "properties": {"floor": 17, "z_m": 52.8, "depth_m": 0.85, "type": "서측 픽셀", "area_m2": 2.68}}, {"type": "Feature", "geometry": {"type": "Polygon", "coordinates": [[[194318.80592505806, 546986.1358858639], [194320.1485298841, 546986.2769967458], [194319.81933362523, 546989.4091470075], [194318.47672879917, 546989.2680361255], [194318.80592505806, 546986.1358858639]]]}, "properties": {"floor": 17, "z_m": 52.8, "depth_m": 1.35, "type": "서측 픽셀", "area_m2": 4.25}}, {"type": "Feature", "geometry": {"type": "Polygon", "coordinates": [[[194319.64492555315, 546982.9366562407], [194320.49026933254, 546983.0255038331], [194320.16107307363, 546986.1576540946], [194319.31572929426, 546986.0688065023], [194319.64492555315, 546982.9366562407]]]}, "properties": {"floor": 17, "z_m": 52.8, "depth_m": 0.85, "type": "서측 픽셀", "area_m2": 2.68}}, {"type": "Feature", "geometry": {"type": "Polygon", "coordinates": [[[194319.83114340325, 546976.3814071255], [194321.17374822934, 546976.5225180076], [194320.84455197043, 546979.6546682691], [194319.50194714437, 546979.5135573872], [194319.83114340325, 546976.3814071255]]]}, "properties": {"floor": 17, "z_m": 52.8, "depth_m": 1.35, "type": "서측 픽셀", "area_m2": 4.25}}, {"type": "Feature", "geometry": {"type": "Polygon", "coordinates": [[[194320.67014389834, 546973.1821775024], [194321.51548767774, 546973.2710250948], [194321.18629141885, 546976.4031753563], [194320.34094763946, 546976.314327764], [194320.67014389834, 546973.1821775024]]]}, "properties": {"floor": 17, "z_m": 52.8, "depth_m": 0.85, "type": "서측 픽셀", "area_m2": 2.68}}, {"type": "Feature", "geometry": {"type": "Polygon", "coordinates": [[[194320.85636174848, 546966.6269283872], [194322.19896657454, 546966.7680392691], [194321.86977031565, 546969.9001895307], [194320.5271654896, 546969.7590786488], [194320.85636174848, 546966.6269283872]]]}, "properties": {"floor": 17, "z_m": 52.8, "depth_m": 1.35, "type": "서측 픽셀", "area_m2": 4.25}}, {"type": "Feature", "geometry": {"type": "Polygon", "coordinates": [[[194321.69536224357, 546963.427698764], [194322.54070602293, 546963.5165463564], [194322.21150976405, 546966.6486966179], [194321.36616598468, 546966.5598490256], [194321.69536224357, 546963.427698764]]]}, "properties": {"floor": 17, "z_m": 52.8, "depth_m": 0.85, "type": "서측 픽셀", "area_m2": 2.68}}, {"type": "Feature", "geometry": {"type": "Polygon", "coordinates": [[[194321.88158009367, 546956.8724496488], [194323.22418491976, 546957.0135605308], [194322.89498866085, 546960.1457107924], [194321.5523838348, 546960.0045999103], [194321.88158009367, 546956.8724496488]]]}, "properties": {"floor": 17, "z_m": 52.8, "depth_m": 1.35, "type": "서측 픽셀", "area_m2": 4.25}}, {"type": "Feature", "geometry": {"type": "Polygon", "coordinates": [[[194322.72058058876, 546953.6732200256], [194323.56592436816, 546953.762067618], [194323.23672810924, 546956.8942178796], [194322.39138432988, 546956.8053702873], [194322.72058058876, 546953.6732200256]]]}, "properties": {"floor": 17, "z_m": 52.8, "depth_m": 0.85, "type": "서측 픽셀", "area_m2": 2.68}}, {"type": "Feature", "geometry": {"type": "Polygon", "coordinates": [[[194322.9067984389, 546947.1179709104], [194324.24940326496, 546947.2590817924], [194323.92020700607, 546950.391232054], [194322.57760217998, 546950.250121172], [194322.9067984389, 546947.1179709104]]]}, "properties": {"floor": 17, "z_m": 52.8, "depth_m": 1.35, "type": "서측 픽셀", "area_m2": 4.25}}, {"type": "Feature", "geometry": {"type": "Polygon", "coordinates": [[[194336.78665323637, 546948.5164453653], [194337.3833664924, 546948.5791613129], [194331.57379586954, 547003.8545408302], [194330.9770826135, 547003.7918248827], [194336.78665323637, 546948.5164453653]]]}, "properties": {"floor": 17, "z_m": 52.8, "depth_m": 0.6, "type": "동측 연속", "area_m2": 33.35}}, {"type": "Feature", "geometry": {"type": "Polygon", "coordinates": [[[194318.10347083793, 546997.6028854552], [194318.94881461732, 546997.6917330476], [194318.6196183584, 547000.8238833093], [194317.77427457905, 547000.7350357169], [194318.10347083793, 546997.6028854552]]]}, "properties": {"floor": 19, "z_m": 59.4, "depth_m": 0.85, "type": "서측 픽셀", "area_m2": 2.68}}, {"type": "Feature", "geometry": {"type": "Polygon", "coordinates": [[[194317.94794923963, 546994.2991292529], [194319.29055406572, 546994.4402401348], [194318.9613578068, 546997.5723903964], [194317.61875298075, 546997.4312795145], [194317.94794923963, 546994.2991292529]]]}, "properties": {"floor": 19, "z_m": 59.4, "depth_m": 1.35, "type": "서측 픽셀", "area_m2": 4.25}}, {"type": "Feature", "geometry": {"type": "Polygon", "coordinates": [[[194319.12868918313, 546987.848406717], [194319.97403296252, 546987.9372543093], [194319.64483670364, 546991.0694045709], [194318.79949292424, 546990.9805569785], [194319.12868918313, 546987.848406717]]]}, "properties": {"floor": 19, "z_m": 59.4, "depth_m": 0.85, "type": "서측 픽셀", "area_m2": 2.68}}, {"type": "Feature", "geometry": {"type": "Polygon", "coordinates": [[[194318.97316758486, 546984.5446505145], [194320.31577241092, 546984.6857613964], [194319.98657615203, 546987.8179116581], [194318.64397132595, 546987.676800776], [194318.97316758486, 546984.5446505145]]]}, "properties": {"floor": 19, "z_m": 59.4, "depth_m": 1.35, "type": "서측 픽셀", "area_m2": 4.25}}, {"type": "Feature", "geometry": {"type": "Polygon", "coordinates": [[[194320.15390752835, 546978.0939279785], [194320.99925130772, 546978.1827755709], [194320.67005504883, 546981.3149258324], [194319.82471126947, 546981.2260782401], [194320.15390752835, 546978.0939279785]]]}, "properties": {"floor": 19, "z_m": 59.4, "depth_m": 0.85, "type": "서측 픽셀", "area_m2": 2.68}}, {"type": "Feature", "geometry": {"type": "Polygon", "coordinates": [[[194319.99838593006, 546974.7901717761], [194321.3409907561, 546974.9312826581], [194321.01179449723, 546978.0634329197], [194319.66918967117, 546977.9223220377], [194319.99838593006, 546974.7901717761]]]}, "properties": {"floor": 19, "z_m": 59.4, "depth_m": 1.35, "type": "서측 픽셀", "area_m2": 4.25}}, {"type": "Feature", "geometry": {"type": "Polygon", "coordinates": [[[194321.17912587355, 546968.3394492401], [194322.02446965294, 546968.4282968325], [194321.69527339403, 546971.5604470941], [194320.84992961466, 546971.4715995018], [194321.17912587355, 546968.3394492401]]]}, "properties": {"floor": 19, "z_m": 59.4, "depth_m": 0.85, "type": "서측 픽셀", "area_m2": 2.68}}, {"type": "Feature", "geometry": {"type": "Polygon", "coordinates": [[[194321.02360427525, 546965.0356930378], [194322.36620910134, 546965.1768039197], [194322.03701284245, 546968.3089541813], [194320.69440801637, 546968.1678432993], [194321.02360427525, 546965.0356930378]]]}, "properties": {"floor": 19, "z_m": 59.4, "depth_m": 1.35, "type": "서측 픽셀", "area_m2": 4.25}}, {"type": "Feature", "geometry": {"type": "Polygon", "coordinates": [[[194322.20434421877, 546958.5849705018], [194323.04968799814, 546958.6738180942], [194322.72049173925, 546961.8059683557], [194321.87514795986, 546961.7171207634], [194322.20434421877, 546958.5849705018]]]}, "properties": {"floor": 19, "z_m": 59.4, "depth_m": 0.85, "type": "서측 픽셀", "area_m2": 2.68}}, {"type": "Feature", "geometry": {"type": "Polygon", "coordinates": [[[194322.04882262048, 546955.2812142994], [194323.39142744654, 546955.4223251814], [194323.06223118765, 546958.554475443], [194321.7196263616, 546958.4133645609], [194322.04882262048, 546955.2812142994]]]}, "properties": {"floor": 19, "z_m": 59.4, "depth_m": 1.35, "type": "서측 픽셀", "area_m2": 4.25}}, {"type": "Feature", "geometry": {"type": "Polygon", "coordinates": [[[194323.22956256397, 546948.8304917634], [194324.07490634333, 546948.9193393558], [194323.74571008445, 546952.0514896173], [194322.90036630508, 546951.962642025], [194323.22956256397, 546948.8304917634]]]}, "properties": {"floor": 19, "z_m": 59.4, "depth_m": 0.85, "type": "서측 픽셀", "area_m2": 2.68}}, {"type": "Feature", "geometry": {"type": "Polygon", "coordinates": [[[194323.07404096567, 546945.526735561], [194324.41664579176, 546945.667846443], [194324.08744953285, 546948.7999967046], [194322.7448447068, 546948.6588858226], [194323.07404096567, 546945.526735561]]]}, "properties": {"floor": 19, "z_m": 59.4, "depth_m": 1.35, "type": "서측 픽셀", "area_m2": 4.25}}, {"type": "Feature", "geometry": {"type": "Polygon", "coordinates": [[[194336.95389576314, 546946.925210016], [194337.55060901918, 546946.9879259635], [194331.74103839634, 547002.2633054808], [194331.1443251403, 547002.2005895333], [194336.95389576314, 546946.925210016]]]}, "properties": {"floor": 19, "z_m": 59.4, "depth_m": 0.6, "type": "동측 연속", "area_m2": 33.35}}, {"type": "Feature", "geometry": {"type": "Polygon", "coordinates": [[[194318.44521028633, 546994.3513925425], [194319.29055406572, 546994.4402401348], [194318.9613578068, 546997.5723903964], [194318.11601402744, 546997.483542804], [194318.44521028633, 546994.3513925425]]]}, "properties": {"floor": 20, "z_m": 62.7, "depth_m": 0.85, "type": "서측 픽셀", "area_m2": 2.68}}, {"type": "Feature", "geometry": {"type": "Polygon", "coordinates": [[[194318.28968868803, 546991.04763634], [194319.63229351412, 546991.1887472221], [194319.3030972552, 546994.3208974836], [194317.96049242915, 546994.1797866017], [194318.28968868803, 546991.04763634]]]}, "properties": {"floor": 20, "z_m": 62.7, "depth_m": 1.35, "type": "서측 픽셀", "area_m2": 4.25}}, {"type": "Feature", "geometry": {"type": "Polygon", "coordinates": [[[194319.47042863155, 546984.5969138041], [194320.31577241092, 546984.6857613964], [194319.98657615203, 546987.8179116581], [194319.14123237264, 546987.7290640657], [194319.47042863155, 546984.5969138041]]]}, "properties": {"floor": 20, "z_m": 62.7, "depth_m": 0.85, "type": "서측 픽셀", "area_m2": 2.68}}, {"type": "Feature", "geometry": {"type": "Polygon", "coordinates": [[[194319.31490703326, 546981.2931576017], [194320.65751185932, 546981.4342684837], [194320.32831560043, 546984.5664187453], [194318.98571077437, 546984.4253078633], [194319.31490703326, 546981.2931576017]]]}, "properties": {"floor": 20, "z_m": 62.7, "depth_m": 1.35, "type": "서측 픽셀", "area_m2": 4.25}}, {"type": "Feature", "geometry": {"type": "Polygon", "coordinates": [[[194320.49564697675, 546974.8424350658], [194321.3409907561, 546974.9312826581], [194321.01179449723, 546978.0634329197], [194320.16645071786, 546977.9745853273], [194320.49564697675, 546974.8424350658]]]}, "properties": {"floor": 20, "z_m": 62.7, "depth_m": 0.85, "type": "서측 픽셀", "area_m2": 2.68}}, {"type": "Feature", "geometry": {"type": "Polygon", "coordinates": [[[194320.34012537845, 546971.5386788633], [194321.68273020454, 546971.6797897454], [194321.35353394563, 546974.8119400069], [194320.01092911957, 546974.6708291249], [194320.34012537845, 546971.5386788633]]]}, "properties": {"floor": 20, "z_m": 62.7, "depth_m": 1.35, "type": "서측 픽셀", "area_m2": 4.25}}, {"type": "Feature", "geometry": {"type": "Polygon", "coordinates": [[[194321.52086532195, 546965.0879563274], [194322.36620910134, 546965.1768039197], [194322.03701284245, 546968.3089541813], [194321.19166906306, 546968.2201065889], [194321.52086532195, 546965.0879563274]]]}, "properties": {"floor": 20, "z_m": 62.7, "depth_m": 0.85, "type": "서측 픽셀", "area_m2": 2.68}}, {"type": "Feature", "geometry": {"type": "Polygon", "coordinates": [[[194321.36534372368, 546961.784200125], [194322.70794854974, 546961.925311007], [194322.37875229085, 546965.0574612685], [194321.03614746477, 546964.9163503866], [194321.36534372368, 546961.784200125]]]}, "properties": {"floor": 20, "z_m": 62.7, "depth_m": 1.35, "type": "서측 픽셀", "area_m2": 4.25}}, {"type": "Feature", "geometry": {"type": "Polygon", "coordinates": [[[194322.54608366717, 546955.3334775891], [194323.39142744654, 546955.4223251814], [194323.06223118765, 546958.554475443], [194322.21688740826, 546958.4656278506], [194322.54608366717, 546955.3334775891]]]}, "properties": {"floor": 20, "z_m": 62.7, "depth_m": 0.85, "type": "서측 픽셀", "area_m2": 2.68}}, {"type": "Feature", "geometry": {"type": "Polygon", "coordinates": [[[194322.39056206887, 546952.0297213866], [194323.73316689493, 546952.1708322685], [194323.40397063605, 546955.3029825302], [194322.06136581, 546955.1618716482], [194322.39056206887, 546952.0297213866]]]}, "properties": {"floor": 20, "z_m": 62.7, "depth_m": 1.35, "type": "서측 픽셀", "area_m2": 4.25}}, {"type": "Feature", "geometry": {"type": "Polygon", "coordinates": [[[194323.57130201237, 546945.5789988507], [194324.41664579176, 546945.667846443], [194324.08744953285, 546948.7999967046], [194323.24210575348, 546948.7111491122], [194323.57130201237, 546945.5789988507]]]}, "properties": {"floor": 20, "z_m": 62.7, "depth_m": 0.85, "type": "서측 픽셀", "area_m2": 2.68}}, {"type": "Feature", "geometry": {"type": "Polygon", "coordinates": [[[194336.95389576314, 546946.925210016], [194337.55060901918, 546946.9879259635], [194331.74103839634, 547002.2633054808], [194331.1443251403, 547002.2005895333], [194336.95389576314, 546946.925210016]]]}, "properties": {"floor": 20, "z_m": 62.7, "depth_m": 0.6, "type": "동측 연속", "area_m2": 33.35}}, {"type": "Feature", "geometry": {"type": "Polygon", "coordinates": [[[194317.60620979124, 546997.5506221657], [194318.94881461732, 546997.6917330476], [194318.6196183584, 547000.8238833093], [194317.27701353235, 547000.6827724272], [194317.60620979124, 546997.5506221657]]]}, "properties": {"floor": 21, "z_m": 66.0, "depth_m": 1.35, "type": "서측 픽셀", "area_m2": 4.25}}, {"type": "Feature", "geometry": {"type": "Polygon", "coordinates": [[[194318.78694973473, 546991.0998996297], [194319.63229351412, 546991.1887472221], [194319.3030972552, 546994.3208974836], [194318.45775347584, 546994.2320498913], [194318.78694973473, 546991.0998996297]]]}, "properties": {"floor": 21, "z_m": 66.0, "depth_m": 0.85, "type": "서측 픽셀", "area_m2": 2.68}}, {"type": "Feature", "geometry": {"type": "Polygon", "coordinates": [[[194318.63142813646, 546987.7961434273], [194319.97403296252, 546987.9372543093], [194319.64483670364, 546991.0694045709], [194318.30223187755, 546990.9282936889], [194318.63142813646, 546987.7961434273]]]}, "properties": {"floor": 21, "z_m": 66.0, "depth_m": 1.35, "type": "서측 픽셀", "area_m2": 4.25}}, {"type": "Feature", "geometry": {"type": "Polygon", "coordinates": [[[194319.81216807995, 546981.3454208913], [194320.65751185932, 546981.4342684837], [194320.32831560043, 546984.5664187453], [194319.48297182104, 546984.477571153], [194319.81216807995, 546981.3454208913]]]}, "properties": {"floor": 21, "z_m": 66.0, "depth_m": 0.85, "type": "서측 픽셀", "area_m2": 2.68}}, {"type": "Feature", "geometry": {"type": "Polygon", "coordinates": [[[194319.65664648166, 546978.041664689], [194320.99925130772, 546978.1827755709], [194320.67005504883, 546981.3149258324], [194319.32745022277, 546981.1738149505], [194319.65664648166, 546978.041664689]]]}, "properties": {"floor": 21, "z_m": 66.0, "depth_m": 1.35, "type": "서측 픽셀", "area_m2": 4.25}}, {"type": "Feature", "geometry": {"type": "Polygon", "coordinates": [[[194320.83738642515, 546971.590942153], [194321.68273020454, 546971.6797897454], [194321.35353394563, 546974.8119400069], [194320.50819016626, 546974.7230924146], [194320.83738642515, 546971.590942153]]]}, "properties": {"floor": 21, "z_m": 66.0, "depth_m": 0.85, "type": "서측 픽셀", "area_m2": 2.68}}, {"type": "Feature", "geometry": {"type": "Polygon", "coordinates": [[[194320.68186482685, 546968.2871859506], [194322.02446965294, 546968.4282968325], [194321.69527339403, 546971.5604470941], [194320.35266856797, 546971.4193362121], [194320.68186482685, 546968.2871859506]]]}, "properties": {"floor": 21, "z_m": 66.0, "depth_m": 1.35, "type": "서측 픽셀", "area_m2": 4.25}}, {"type": "Feature", "geometry": {"type": "Polygon", "coordinates": [[[194321.86260477037, 546961.8364634146], [194322.70794854974, 546961.925311007], [194322.37875229085, 546965.0574612685], [194321.53340851146, 546964.9686136761], [194321.86260477037, 546961.8364634146]]]}, "properties": {"floor": 21, "z_m": 66.0, "depth_m": 0.85, "type": "서측 픽셀", "area_m2": 2.68}}, {"type": "Feature", "geometry": {"type": "Polygon", "coordinates": [[[194321.70708317208, 546958.5327072121], [194323.04968799814, 546958.6738180942], [194322.72049173925, 546961.8059683557], [194321.37788691316, 546961.6648574738], [194321.70708317208, 546958.5327072121]]]}, "properties": {"floor": 21, "z_m": 66.0, "depth_m": 1.35, "type": "서측 픽셀", "area_m2": 4.25}}, {"type": "Feature", "geometry": {"type": "Polygon", "coordinates": [[[194322.88782311557, 546952.0819846762], [194323.73316689493, 546952.1708322685], [194323.40397063605, 546955.3029825302], [194322.55862685668, 546955.2141349379], [194322.88782311557, 546952.0819846762]]]}, "properties": {"floor": 21, "z_m": 66.0, "depth_m": 0.85, "type": "서측 픽셀", "area_m2": 2.68}}, {"type": "Feature", "geometry": {"type": "Polygon", "coordinates": [[[194322.73230151727, 546948.7782284738], [194324.07490634333, 546948.9193393558], [194323.74571008445, 546952.0514896173], [194322.4031052584, 546951.9103787354], [194322.73230151727, 546948.7782284738]]]}, "properties": {"floor": 21, "z_m": 66.0, "depth_m": 1.35, "type": "서측 픽셀", "area_m2": 4.25}}, {"type": "Feature", "geometry": {"type": "Polygon", "coordinates": [[[194336.95389576314, 546946.925210016], [194337.55060901918, 546946.9879259635], [194331.74103839634, 547002.2633054808], [194331.1443251403, 547002.2005895333], [194336.95389576314, 546946.925210016]]]}, "properties": {"floor": 21, "z_m": 66.0, "depth_m": 0.6, "type": "동측 연속", "area_m2": 33.35}}, {"type": "Feature", "geometry": {"type": "Polygon", "coordinates": [[[194318.10347083793, 546997.6028854552], [194318.94881461732, 546997.6917330476], [194318.6196183584, 547000.8238833093], [194317.77427457905, 547000.7350357169], [194318.10347083793, 546997.6028854552]]]}, "properties": {"floor": 22, "z_m": 69.3, "depth_m": 0.85, "type": "서측 픽셀", "area_m2": 2.68}}, {"type": "Feature", "geometry": {"type": "Polygon", "coordinates": [[[194317.94794923963, 546994.2991292529], [194319.29055406572, 546994.4402401348], [194318.9613578068, 546997.5723903964], [194317.61875298075, 546997.4312795145], [194317.94794923963, 546994.2991292529]]]}, "properties": {"floor": 22, "z_m": 69.3, "depth_m": 1.35, "type": "서측 픽셀", "area_m2": 4.25}}, {"type": "Feature", "geometry": {"type": "Polygon", "coordinates": [[[194319.12868918313, 546987.848406717], [194319.97403296252, 546987.9372543093], [194319.64483670364, 546991.0694045709], [194318.79949292424, 546990.9805569785], [194319.12868918313, 546987.848406717]]]}, "properties": {"floor": 22, "z_m": 69.3, "depth_m": 0.85, "type": "서측 픽셀", "area_m2": 2.68}}, {"type": "Feature", "geometry": {"type": "Polygon", "coordinates": [[[194318.97316758486, 546984.5446505145], [194320.31577241092, 546984.6857613964], [194319.98657615203, 546987.8179116581], [194318.64397132595, 546987.676800776], [194318.97316758486, 546984.5446505145]]]}, "properties": {"floor": 22, "z_m": 69.3, "depth_m": 1.35, "type": "서측 픽셀", "area_m2": 4.25}}, {"type": "Feature", "geometry": {"type": "Polygon", "coordinates": [[[194320.15390752835, 546978.0939279785], [194320.99925130772, 546978.1827755709], [194320.67005504883, 546981.3149258324], [194319.82471126947, 546981.2260782401], [194320.15390752835, 546978.0939279785]]]}, "properties": {"floor": 22, "z_m": 69.3, "depth_m": 0.85, "type": "서측 픽셀", "area_m2": 2.68}}, {"type": "Feature", "geometry": {"type": "Polygon", "coordinates": [[[194319.99838593006, 546974.7901717761], [194321.3409907561, 546974.9312826581], [194321.01179449723, 546978.0634329197], [194319.66918967117, 546977.9223220377], [194319.99838593006, 546974.7901717761]]]}, "properties": {"floor": 22, "z_m": 69.3, "depth_m": 1.35, "type": "서측 픽셀", "area_m2": 4.25}}, {"type": "Feature", "geometry": {"type": "Polygon", "coordinates": [[[194321.17912587355, 546968.3394492401], [194322.02446965294, 546968.4282968325], [194321.69527339403, 546971.5604470941], [194320.84992961466, 546971.4715995018], [194321.17912587355, 546968.3394492401]]]}, "properties": {"floor": 22, "z_m": 69.3, "depth_m": 0.85, "type": "서측 픽셀", "area_m2": 2.68}}, {"type": "Feature", "geometry": {"type": "Polygon", "coordinates": [[[194321.02360427525, 546965.0356930378], [194322.36620910134, 546965.1768039197], [194322.03701284245, 546968.3089541813], [194320.69440801637, 546968.1678432993], [194321.02360427525, 546965.0356930378]]]}, "properties": {"floor": 22, "z_m": 69.3, "depth_m": 1.35, "type": "서측 픽셀", "area_m2": 4.25}}, {"type": "Feature", "geometry": {"type": "Polygon", "coordinates": [[[194322.20434421877, 546958.5849705018], [194323.04968799814, 546958.6738180942], [194322.72049173925, 546961.8059683557], [194321.87514795986, 546961.7171207634], [194322.20434421877, 546958.5849705018]]]}, "properties": {"floor": 22, "z_m": 69.3, "depth_m": 0.85, "type": "서측 픽셀", "area_m2": 2.68}}, {"type": "Feature", "geometry": {"type": "Polygon", "coordinates": [[[194322.04882262048, 546955.2812142994], [194323.39142744654, 546955.4223251814], [194323.06223118765, 546958.554475443], [194321.7196263616, 546958.4133645609], [194322.04882262048, 546955.2812142994]]]}, "properties": {"floor": 22, "z_m": 69.3, "depth_m": 1.35, "type": "서측 픽셀", "area_m2": 4.25}}, {"type": "Feature", "geometry": {"type": "Polygon", "coordinates": [[[194323.22956256397, 546948.8304917634], [194324.07490634333, 546948.9193393558], [194323.74571008445, 546952.0514896173], [194322.90036630508, 546951.962642025], [194323.22956256397, 546948.8304917634]]]}, "properties": {"floor": 22, "z_m": 69.3, "depth_m": 0.85, "type": "서측 픽셀", "area_m2": 2.68}}, {"type": "Feature", "geometry": {"type": "Polygon", "coordinates": [[[194323.07404096567, 546945.526735561], [194324.41664579176, 546945.667846443], [194324.08744953285, 546948.7999967046], [194322.7448447068, 546948.6588858226], [194323.07404096567, 546945.526735561]]]}, "properties": {"floor": 22, "z_m": 69.3, "depth_m": 1.35, "type": "서측 픽셀", "area_m2": 4.25}}, {"type": "Feature", "geometry": {"type": "Polygon", "coordinates": [[[194336.95389576314, 546946.925210016], [194337.55060901918, 546946.9879259635], [194331.74103839634, 547002.2633054808], [194331.1443251403, 547002.2005895333], [194336.95389576314, 546946.925210016]]]}, "properties": {"floor": 22, "z_m": 69.3, "depth_m": 0.6, "type": "동측 연속", "area_m2": 33.35}}, {"type": "Feature", "geometry": {"type": "Polygon", "coordinates": [[[194318.44521028633, 546994.3513925425], [194319.29055406572, 546994.4402401348], [194318.9613578068, 546997.5723903964], [194318.11601402744, 546997.483542804], [194318.44521028633, 546994.3513925425]]]}, "properties": {"floor": 23, "z_m": 72.6, "depth_m": 0.85, "type": "서측 픽셀", "area_m2": 2.68}}, {"type": "Feature", "geometry": {"type": "Polygon", "coordinates": [[[194318.28968868803, 546991.04763634], [194319.63229351412, 546991.1887472221], [194319.3030972552, 546994.3208974836], [194317.96049242915, 546994.1797866017], [194318.28968868803, 546991.04763634]]]}, "properties": {"floor": 23, "z_m": 72.6, "depth_m": 1.35, "type": "서측 픽셀", "area_m2": 4.25}}, {"type": "Feature", "geometry": {"type": "Polygon", "coordinates": [[[194319.47042863155, 546984.5969138041], [194320.31577241092, 546984.6857613964], [194319.98657615203, 546987.8179116581], [194319.14123237264, 546987.7290640657], [194319.47042863155, 546984.5969138041]]]}, "properties": {"floor": 23, "z_m": 72.6, "depth_m": 0.85, "type": "서측 픽셀", "area_m2": 2.68}}, {"type": "Feature", "geometry": {"type": "Polygon", "coordinates": [[[194319.31490703326, 546981.2931576017], [194320.65751185932, 546981.4342684837], [194320.32831560043, 546984.5664187453], [194318.98571077437, 546984.4253078633], [194319.31490703326, 546981.2931576017]]]}, "properties": {"floor": 23, "z_m": 72.6, "depth_m": 1.35, "type": "서측 픽셀", "area_m2": 4.25}}, {"type": "Feature", "geometry": {"type": "Polygon", "coordinates": [[[194320.49564697675, 546974.8424350658], [194321.3409907561, 546974.9312826581], [194321.01179449723, 546978.0634329197], [194320.16645071786, 546977.9745853273], [194320.49564697675, 546974.8424350658]]]}, "properties": {"floor": 23, "z_m": 72.6, "depth_m": 0.85, "type": "서측 픽셀", "area_m2": 2.68}}, {"type": "Feature", "geometry": {"type": "Polygon", "coordinates": [[[194320.34012537845, 546971.5386788633], [194321.68273020454, 546971.6797897454], [194321.35353394563, 546974.8119400069], [194320.01092911957, 546974.6708291249], [194320.34012537845, 546971.5386788633]]]}, "properties": {"floor": 23, "z_m": 72.6, "depth_m": 1.35, "type": "서측 픽셀", "area_m2": 4.25}}, {"type": "Feature", "geometry": {"type": "Polygon", "coordinates": [[[194321.52086532195, 546965.0879563274], [194322.36620910134, 546965.1768039197], [194322.03701284245, 546968.3089541813], [194321.19166906306, 546968.2201065889], [194321.52086532195, 546965.0879563274]]]}, "properties": {"floor": 23, "z_m": 72.6, "depth_m": 0.85, "type": "서측 픽셀", "area_m2": 2.68}}, {"type": "Feature", "geometry": {"type": "Polygon", "coordinates": [[[194321.36534372368, 546961.784200125], [194322.70794854974, 546961.925311007], [194322.37875229085, 546965.0574612685], [194321.03614746477, 546964.9163503866], [194321.36534372368, 546961.784200125]]]}, "properties": {"floor": 23, "z_m": 72.6, "depth_m": 1.35, "type": "서측 픽셀", "area_m2": 4.25}}, {"type": "Feature", "geometry": {"type": "Polygon", "coordinates": [[[194322.54608366717, 546955.3334775891], [194323.39142744654, 546955.4223251814], [194323.06223118765, 546958.554475443], [194322.21688740826, 546958.4656278506], [194322.54608366717, 546955.3334775891]]]}, "properties": {"floor": 23, "z_m": 72.6, "depth_m": 0.85, "type": "서측 픽셀", "area_m2": 2.68}}, {"type": "Feature", "geometry": {"type": "Polygon", "coordinates": [[[194322.39056206887, 546952.0297213866], [194323.73316689493, 546952.1708322685], [194323.40397063605, 546955.3029825302], [194322.06136581, 546955.1618716482], [194322.39056206887, 546952.0297213866]]]}, "properties": {"floor": 23, "z_m": 72.6, "depth_m": 1.35, "type": "서측 픽셀", "area_m2": 4.25}}, {"type": "Feature", "geometry": {"type": "Polygon", "coordinates": [[[194323.57130201237, 546945.5789988507], [194324.41664579176, 546945.667846443], [194324.08744953285, 546948.7999967046], [194323.24210575348, 546948.7111491122], [194323.57130201237, 546945.5789988507]]]}, "properties": {"floor": 23, "z_m": 72.6, "depth_m": 0.85, "type": "서측 픽셀", "area_m2": 2.68}}, {"type": "Feature", "geometry": {"type": "Polygon", "coordinates": [[[194336.95389576314, 546946.925210016], [194337.55060901918, 546946.9879259635], [194331.74103839634, 547002.2633054808], [194331.1443251403, 547002.2005895333], [194336.95389576314, 546946.925210016]]]}, "properties": {"floor": 23, "z_m": 72.6, "depth_m": 0.6, "type": "동측 연속", "area_m2": 33.35}}, {"type": "Feature", "geometry": {"type": "Polygon", "coordinates": [[[194317.60620979124, 546997.5506221657], [194318.94881461732, 546997.6917330476], [194318.6196183584, 547000.8238833093], [194317.27701353235, 547000.6827724272], [194317.60620979124, 546997.5506221657]]]}, "properties": {"floor": 24, "z_m": 75.9, "depth_m": 1.35, "type": "서측 픽셀", "area_m2": 4.25}}, {"type": "Feature", "geometry": {"type": "Polygon", "coordinates": [[[194318.78694973473, 546991.0998996297], [194319.63229351412, 546991.1887472221], [194319.3030972552, 546994.3208974836], [194318.45775347584, 546994.2320498913], [194318.78694973473, 546991.0998996297]]]}, "properties": {"floor": 24, "z_m": 75.9, "depth_m": 0.85, "type": "서측 픽셀", "area_m2": 2.68}}, {"type": "Feature", "geometry": {"type": "Polygon", "coordinates": [[[194318.63142813646, 546987.7961434273], [194319.97403296252, 546987.9372543093], [194319.64483670364, 546991.0694045709], [194318.30223187755, 546990.9282936889], [194318.63142813646, 546987.7961434273]]]}, "properties": {"floor": 24, "z_m": 75.9, "depth_m": 1.35, "type": "서측 픽셀", "area_m2": 4.25}}, {"type": "Feature", "geometry": {"type": "Polygon", "coordinates": [[[194319.81216807995, 546981.3454208913], [194320.65751185932, 546981.4342684837], [194320.32831560043, 546984.5664187453], [194319.48297182104, 546984.477571153], [194319.81216807995, 546981.3454208913]]]}, "properties": {"floor": 24, "z_m": 75.9, "depth_m": 0.85, "type": "서측 픽셀", "area_m2": 2.68}}, {"type": "Feature", "geometry": {"type": "Polygon", "coordinates": [[[194319.65664648166, 546978.041664689], [194320.99925130772, 546978.1827755709], [194320.67005504883, 546981.3149258324], [194319.32745022277, 546981.1738149505], [194319.65664648166, 546978.041664689]]]}, "properties": {"floor": 24, "z_m": 75.9, "depth_m": 1.35, "type": "서측 픽셀", "area_m2": 4.25}}, {"type": "Feature", "geometry": {"type": "Polygon", "coordinates": [[[194320.83738642515, 546971.590942153], [194321.68273020454, 546971.6797897454], [194321.35353394563, 546974.8119400069], [194320.50819016626, 546974.7230924146], [194320.83738642515, 546971.590942153]]]}, "properties": {"floor": 24, "z_m": 75.9, "depth_m": 0.85, "type": "서측 픽셀", "area_m2": 2.68}}, {"type": "Feature", "geometry": {"type": "Polygon", "coordinates": [[[194320.68186482685, 546968.2871859506], [194322.02446965294, 546968.4282968325], [194321.69527339403, 546971.5604470941], [194320.35266856797, 546971.4193362121], [194320.68186482685, 546968.2871859506]]]}, "properties": {"floor": 24, "z_m": 75.9, "depth_m": 1.35, "type": "서측 픽셀", "area_m2": 4.25}}, {"type": "Feature", "geometry": {"type": "Polygon", "coordinates": [[[194321.86260477037, 546961.8364634146], [194322.70794854974, 546961.925311007], [194322.37875229085, 546965.0574612685], [194321.53340851146, 546964.9686136761], [194321.86260477037, 546961.8364634146]]]}, "properties": {"floor": 24, "z_m": 75.9, "depth_m": 0.85, "type": "서측 픽셀", "area_m2": 2.68}}, {"type": "Feature", "geometry": {"type": "Polygon", "coordinates": [[[194321.70708317208, 546958.5327072121], [194323.04968799814, 546958.6738180942], [194322.72049173925, 546961.8059683557], [194321.37788691316, 546961.6648574738], [194321.70708317208, 546958.5327072121]]]}, "properties": {"floor": 24, "z_m": 75.9, "depth_m": 1.35, "type": "서측 픽셀", "area_m2": 4.25}}, {"type": "Feature", "geometry": {"type": "Polygon", "coordinates": [[[194322.88782311557, 546952.0819846762], [194323.73316689493, 546952.1708322685], [194323.40397063605, 546955.3029825302], [194322.55862685668, 546955.2141349379], [194322.88782311557, 546952.0819846762]]]}, "properties": {"floor": 24, "z_m": 75.9, "depth_m": 0.85, "type": "서측 픽셀", "area_m2": 2.68}}, {"type": "Feature", "geometry": {"type": "Polygon", "coordinates": [[[194322.73230151727, 546948.7782284738], [194324.07490634333, 546948.9193393558], [194323.74571008445, 546952.0514896173], [194322.4031052584, 546951.9103787354], [194322.73230151727, 546948.7782284738]]]}, "properties": {"floor": 24, "z_m": 75.9, "depth_m": 1.35, "type": "서측 픽셀", "area_m2": 4.25}}, {"type": "Feature", "geometry": {"type": "Polygon", "coordinates": [[[194336.95389576314, 546946.925210016], [194337.55060901918, 546946.9879259635], [194331.74103839634, 547002.2633054808], [194331.1443251403, 547002.2005895333], [194336.95389576314, 546946.925210016]]]}, "properties": {"floor": 24, "z_m": 75.9, "depth_m": 0.6, "type": "동측 연속", "area_m2": 33.35}}, {"type": "Feature", "geometry": {"type": "Polygon", "coordinates": [[[194318.10347083793, 546997.6028854552], [194318.94881461732, 546997.6917330476], [194318.6196183584, 547000.8238833093], [194317.77427457905, 547000.7350357169], [194318.10347083793, 546997.6028854552]]]}, "properties": {"floor": 25, "z_m": 79.2, "depth_m": 0.85, "type": "서측 픽셀", "area_m2": 2.68}}, {"type": "Feature", "geometry": {"type": "Polygon", "coordinates": [[[194317.94794923963, 546994.2991292529], [194319.29055406572, 546994.4402401348], [194318.9613578068, 546997.5723903964], [194317.61875298075, 546997.4312795145], [194317.94794923963, 546994.2991292529]]]}, "properties": {"floor": 25, "z_m": 79.2, "depth_m": 1.35, "type": "서측 픽셀", "area_m2": 4.25}}, {"type": "Feature", "geometry": {"type": "Polygon", "coordinates": [[[194319.12868918313, 546987.848406717], [194319.97403296252, 546987.9372543093], [194319.64483670364, 546991.0694045709], [194318.79949292424, 546990.9805569785], [194319.12868918313, 546987.848406717]]]}, "properties": {"floor": 25, "z_m": 79.2, "depth_m": 0.85, "type": "서측 픽셀", "area_m2": 2.68}}, {"type": "Feature", "geometry": {"type": "Polygon", "coordinates": [[[194318.97316758486, 546984.5446505145], [194320.31577241092, 546984.6857613964], [194319.98657615203, 546987.8179116581], [194318.64397132595, 546987.676800776], [194318.97316758486, 546984.5446505145]]]}, "properties": {"floor": 25, "z_m": 79.2, "depth_m": 1.35, "type": "서측 픽셀", "area_m2": 4.25}}, {"type": "Feature", "geometry": {"type": "Polygon", "coordinates": [[[194320.15390752835, 546978.0939279785], [194320.99925130772, 546978.1827755709], [194320.67005504883, 546981.3149258324], [194319.82471126947, 546981.2260782401], [194320.15390752835, 546978.0939279785]]]}, "properties": {"floor": 25, "z_m": 79.2, "depth_m": 0.85, "type": "서측 픽셀", "area_m2": 2.68}}, {"type": "Feature", "geometry": {"type": "Polygon", "coordinates": [[[194319.99838593006, 546974.7901717761], [194321.3409907561, 546974.9312826581], [194321.01179449723, 546978.0634329197], [194319.66918967117, 546977.9223220377], [194319.99838593006, 546974.7901717761]]]}, "properties": {"floor": 25, "z_m": 79.2, "depth_m": 1.35, "type": "서측 픽셀", "area_m2": 4.25}}, {"type": "Feature", "geometry": {"type": "Polygon", "coordinates": [[[194321.17912587355, 546968.3394492401], [194322.02446965294, 546968.4282968325], [194321.69527339403, 546971.5604470941], [194320.84992961466, 546971.4715995018], [194321.17912587355, 546968.3394492401]]]}, "properties": {"floor": 25, "z_m": 79.2, "depth_m": 0.85, "type": "서측 픽셀", "area_m2": 2.68}}, {"type": "Feature", "geometry": {"type": "Polygon", "coordinates": [[[194321.02360427525, 546965.0356930378], [194322.36620910134, 546965.1768039197], [194322.03701284245, 546968.3089541813], [194320.69440801637, 546968.1678432993], [194321.02360427525, 546965.0356930378]]]}, "properties": {"floor": 25, "z_m": 79.2, "depth_m": 1.35, "type": "서측 픽셀", "area_m2": 4.25}}, {"type": "Feature", "geometry": {"type": "Polygon", "coordinates": [[[194322.20434421877, 546958.5849705018], [194323.04968799814, 546958.6738180942], [194322.72049173925, 546961.8059683557], [194321.87514795986, 546961.7171207634], [194322.20434421877, 546958.5849705018]]]}, "properties": {"floor": 25, "z_m": 79.2, "depth_m": 0.85, "type": "서측 픽셀", "area_m2": 2.68}}, {"type": "Feature", "geometry": {"type": "Polygon", "coordinates": [[[194322.04882262048, 546955.2812142994], [194323.39142744654, 546955.4223251814], [194323.06223118765, 546958.554475443], [194321.7196263616, 546958.4133645609], [194322.04882262048, 546955.2812142994]]]}, "properties": {"floor": 25, "z_m": 79.2, "depth_m": 1.35, "type": "서측 픽셀", "area_m2": 4.25}}, {"type": "Feature", "geometry": {"type": "Polygon", "coordinates": [[[194323.22956256397, 546948.8304917634], [194324.07490634333, 546948.9193393558], [194323.74571008445, 546952.0514896173], [194322.90036630508, 546951.962642025], [194323.22956256397, 546948.8304917634]]]}, "properties": {"floor": 25, "z_m": 79.2, "depth_m": 0.85, "type": "서측 픽셀", "area_m2": 2.68}}, {"type": "Feature", "geometry": {"type": "Polygon", "coordinates": [[[194323.07404096567, 546945.526735561], [194324.41664579176, 546945.667846443], [194324.08744953285, 546948.7999967046], [194322.7448447068, 546948.6588858226], [194323.07404096567, 546945.526735561]]]}, "properties": {"floor": 25, "z_m": 79.2, "depth_m": 1.35, "type": "서측 픽셀", "area_m2": 4.25}}, {"type": "Feature", "geometry": {"type": "Polygon", "coordinates": [[[194336.95389576314, 546946.925210016], [194337.55060901918, 546946.9879259635], [194331.74103839634, 547002.2633054808], [194331.1443251403, 547002.2005895333], [194336.95389576314, 546946.925210016]]]}, "properties": {"floor": 25, "z_m": 79.2, "depth_m": 0.6, "type": "동측 연속", "area_m2": 33.35}}, {"type": "Feature", "geometry": {"type": "Polygon", "coordinates": [[[194318.44521028633, 546994.3513925425], [194319.29055406572, 546994.4402401348], [194318.9613578068, 546997.5723903964], [194318.11601402744, 546997.483542804], [194318.44521028633, 546994.3513925425]]]}, "properties": {"floor": 26, "z_m": 82.5, "depth_m": 0.85, "type": "서측 픽셀", "area_m2": 2.68}}, {"type": "Feature", "geometry": {"type": "Polygon", "coordinates": [[[194318.28968868803, 546991.04763634], [194319.63229351412, 546991.1887472221], [194319.3030972552, 546994.3208974836], [194317.96049242915, 546994.1797866017], [194318.28968868803, 546991.04763634]]]}, "properties": {"floor": 26, "z_m": 82.5, "depth_m": 1.35, "type": "서측 픽셀", "area_m2": 4.25}}, {"type": "Feature", "geometry": {"type": "Polygon", "coordinates": [[[194319.47042863155, 546984.5969138041], [194320.31577241092, 546984.6857613964], [194319.98657615203, 546987.8179116581], [194319.14123237264, 546987.7290640657], [194319.47042863155, 546984.5969138041]]]}, "properties": {"floor": 26, "z_m": 82.5, "depth_m": 0.85, "type": "서측 픽셀", "area_m2": 2.68}}, {"type": "Feature", "geometry": {"type": "Polygon", "coordinates": [[[194319.31490703326, 546981.2931576017], [194320.65751185932, 546981.4342684837], [194320.32831560043, 546984.5664187453], [194318.98571077437, 546984.4253078633], [194319.31490703326, 546981.2931576017]]]}, "properties": {"floor": 26, "z_m": 82.5, "depth_m": 1.35, "type": "서측 픽셀", "area_m2": 4.25}}, {"type": "Feature", "geometry": {"type": "Polygon", "coordinates": [[[194320.49564697675, 546974.8424350658], [194321.3409907561, 546974.9312826581], [194321.01179449723, 546978.0634329197], [194320.16645071786, 546977.9745853273], [194320.49564697675, 546974.8424350658]]]}, "properties": {"floor": 26, "z_m": 82.5, "depth_m": 0.85, "type": "서측 픽셀", "area_m2": 2.68}}, {"type": "Feature", "geometry": {"type": "Polygon", "coordinates": [[[194320.34012537845, 546971.5386788633], [194321.68273020454, 546971.6797897454], [194321.35353394563, 546974.8119400069], [194320.01092911957, 546974.6708291249], [194320.34012537845, 546971.5386788633]]]}, "properties": {"floor": 26, "z_m": 82.5, "depth_m": 1.35, "type": "서측 픽셀", "area_m2": 4.25}}, {"type": "Feature", "geometry": {"type": "Polygon", "coordinates": [[[194321.52086532195, 546965.0879563274], [194322.36620910134, 546965.1768039197], [194322.03701284245, 546968.3089541813], [194321.19166906306, 546968.2201065889], [194321.52086532195, 546965.0879563274]]]}, "properties": {"floor": 26, "z_m": 82.5, "depth_m": 0.85, "type": "서측 픽셀", "area_m2": 2.68}}, {"type": "Feature", "geometry": {"type": "Polygon", "coordinates": [[[194321.36534372368, 546961.784200125], [194322.70794854974, 546961.925311007], [194322.37875229085, 546965.0574612685], [194321.03614746477, 546964.9163503866], [194321.36534372368, 546961.784200125]]]}, "properties": {"floor": 26, "z_m": 82.5, "depth_m": 1.35, "type": "서측 픽셀", "area_m2": 4.25}}, {"type": "Feature", "geometry": {"type": "Polygon", "coordinates": [[[194322.54608366717, 546955.3334775891], [194323.39142744654, 546955.4223251814], [194323.06223118765, 546958.554475443], [194322.21688740826, 546958.4656278506], [194322.54608366717, 546955.3334775891]]]}, "properties": {"floor": 26, "z_m": 82.5, "depth_m": 0.85, "type": "서측 픽셀", "area_m2": 2.68}}, {"type": "Feature", "geometry": {"type": "Polygon", "coordinates": [[[194322.39056206887, 546952.0297213866], [194323.73316689493, 546952.1708322685], [194323.40397063605, 546955.3029825302], [194322.06136581, 546955.1618716482], [194322.39056206887, 546952.0297213866]]]}, "properties": {"floor": 26, "z_m": 82.5, "depth_m": 1.35, "type": "서측 픽셀", "area_m2": 4.25}}, {"type": "Feature", "geometry": {"type": "Polygon", "coordinates": [[[194323.57130201237, 546945.5789988507], [194324.41664579176, 546945.667846443], [194324.08744953285, 546948.7999967046], [194323.24210575348, 546948.7111491122], [194323.57130201237, 546945.5789988507]]]}, "properties": {"floor": 26, "z_m": 82.5, "depth_m": 0.85, "type": "서측 픽셀", "area_m2": 2.68}}, {"type": "Feature", "geometry": {"type": "Polygon", "coordinates": [[[194336.95389576314, 546946.925210016], [194337.55060901918, 546946.9879259635], [194331.74103839634, 547002.2633054808], [194331.1443251403, 547002.2005895333], [194336.95389576314, 546946.925210016]]]}, "properties": {"floor": 26, "z_m": 82.5, "depth_m": 0.6, "type": "동측 연속", "area_m2": 33.35}}, {"type": "Feature", "geometry": {"type": "Polygon", "coordinates": [[[194317.60620979124, 546997.5506221657], [194318.94881461732, 546997.6917330476], [194318.6196183584, 547000.8238833093], [194317.27701353235, 547000.6827724272], [194317.60620979124, 546997.5506221657]]]}, "properties": {"floor": 27, "z_m": 85.8, "depth_m": 1.35, "type": "서측 픽셀", "area_m2": 4.25}}, {"type": "Feature", "geometry": {"type": "Polygon", "coordinates": [[[194318.78694973473, 546991.0998996297], [194319.63229351412, 546991.1887472221], [194319.3030972552, 546994.3208974836], [194318.45775347584, 546994.2320498913], [194318.78694973473, 546991.0998996297]]]}, "properties": {"floor": 27, "z_m": 85.8, "depth_m": 0.85, "type": "서측 픽셀", "area_m2": 2.68}}, {"type": "Feature", "geometry": {"type": "Polygon", "coordinates": [[[194318.63142813646, 546987.7961434273], [194319.97403296252, 546987.9372543093], [194319.64483670364, 546991.0694045709], [194318.30223187755, 546990.9282936889], [194318.63142813646, 546987.7961434273]]]}, "properties": {"floor": 27, "z_m": 85.8, "depth_m": 1.35, "type": "서측 픽셀", "area_m2": 4.25}}, {"type": "Feature", "geometry": {"type": "Polygon", "coordinates": [[[194319.81216807995, 546981.3454208913], [194320.65751185932, 546981.4342684837], [194320.32831560043, 546984.5664187453], [194319.48297182104, 546984.477571153], [194319.81216807995, 546981.3454208913]]]}, "properties": {"floor": 27, "z_m": 85.8, "depth_m": 0.85, "type": "서측 픽셀", "area_m2": 2.68}}, {"type": "Feature", "geometry": {"type": "Polygon", "coordinates": [[[194319.65664648166, 546978.041664689], [194320.99925130772, 546978.1827755709], [194320.67005504883, 546981.3149258324], [194319.32745022277, 546981.1738149505], [194319.65664648166, 546978.041664689]]]}, "properties": {"floor": 27, "z_m": 85.8, "depth_m": 1.35, "type": "서측 픽셀", "area_m2": 4.25}}, {"type": "Feature", "geometry": {"type": "Polygon", "coordinates": [[[194320.83738642515, 546971.590942153], [194321.68273020454, 546971.6797897454], [194321.35353394563, 546974.8119400069], [194320.50819016626, 546974.7230924146], [194320.83738642515, 546971.590942153]]]}, "properties": {"floor": 27, "z_m": 85.8, "depth_m": 0.85, "type": "서측 픽셀", "area_m2": 2.68}}, {"type": "Feature", "geometry": {"type": "Polygon", "coordinates": [[[194320.68186482685, 546968.2871859506], [194322.02446965294, 546968.4282968325], [194321.69527339403, 546971.5604470941], [194320.35266856797, 546971.4193362121], [194320.68186482685, 546968.2871859506]]]}, "properties": {"floor": 27, "z_m": 85.8, "depth_m": 1.35, "type": "서측 픽셀", "area_m2": 4.25}}, {"type": "Feature", "geometry": {"type": "Polygon", "coordinates": [[[194321.86260477037, 546961.8364634146], [194322.70794854974, 546961.925311007], [194322.37875229085, 546965.0574612685], [194321.53340851146, 546964.9686136761], [194321.86260477037, 546961.8364634146]]]}, "properties": {"floor": 27, "z_m": 85.8, "depth_m": 0.85, "type": "서측 픽셀", "area_m2": 2.68}}, {"type": "Feature", "geometry": {"type": "Polygon", "coordinates": [[[194321.70708317208, 546958.5327072121], [194323.04968799814, 546958.6738180942], [194322.72049173925, 546961.8059683557], [194321.37788691316, 546961.6648574738], [194321.70708317208, 546958.5327072121]]]}, "properties": {"floor": 27, "z_m": 85.8, "depth_m": 1.35, "type": "서측 픽셀", "area_m2": 4.25}}, {"type": "Feature", "geometry": {"type": "Polygon", "coordinates": [[[194322.88782311557, 546952.0819846762], [194323.73316689493, 546952.1708322685], [194323.40397063605, 546955.3029825302], [194322.55862685668, 546955.2141349379], [194322.88782311557, 546952.0819846762]]]}, "properties": {"floor": 27, "z_m": 85.8, "depth_m": 0.85, "type": "서측 픽셀", "area_m2": 2.68}}, {"type": "Feature", "geometry": {"type": "Polygon", "coordinates": [[[194322.73230151727, 546948.7782284738], [194324.07490634333, 546948.9193393558], [194323.74571008445, 546952.0514896173], [194322.4031052584, 546951.9103787354], [194322.73230151727, 546948.7782284738]]]}, "properties": {"floor": 27, "z_m": 85.8, "depth_m": 1.35, "type": "서측 픽셀", "area_m2": 4.25}}, {"type": "Feature", "geometry": {"type": "Polygon", "coordinates": [[[194336.95389576314, 546946.925210016], [194337.55060901918, 546946.9879259635], [194331.74103839634, 547002.2633054808], [194331.1443251403, 547002.2005895333], [194336.95389576314, 546946.925210016]]]}, "properties": {"floor": 27, "z_m": 85.8, "depth_m": 0.6, "type": "동측 연속", "area_m2": 33.35}}, {"type": "Feature", "geometry": {"type": "Polygon", "coordinates": [[[194318.10347083793, 546997.6028854552], [194318.94881461732, 546997.6917330476], [194318.6196183584, 547000.8238833093], [194317.77427457905, 547000.7350357169], [194318.10347083793, 546997.6028854552]]]}, "properties": {"floor": 28, "z_m": 89.1, "depth_m": 0.85, "type": "서측 픽셀", "area_m2": 2.68}}, {"type": "Feature", "geometry": {"type": "Polygon", "coordinates": [[[194317.94794923963, 546994.2991292529], [194319.29055406572, 546994.4402401348], [194318.9613578068, 546997.5723903964], [194317.61875298075, 546997.4312795145], [194317.94794923963, 546994.2991292529]]]}, "properties": {"floor": 28, "z_m": 89.1, "depth_m": 1.35, "type": "서측 픽셀", "area_m2": 4.25}}, {"type": "Feature", "geometry": {"type": "Polygon", "coordinates": [[[194319.12868918313, 546987.848406717], [194319.97403296252, 546987.9372543093], [194319.64483670364, 546991.0694045709], [194318.79949292424, 546990.9805569785], [194319.12868918313, 546987.848406717]]]}, "properties": {"floor": 28, "z_m": 89.1, "depth_m": 0.85, "type": "서측 픽셀", "area_m2": 2.68}}, {"type": "Feature", "geometry": {"type": "Polygon", "coordinates": [[[194318.97316758486, 546984.5446505145], [194320.31577241092, 546984.6857613964], [194319.98657615203, 546987.8179116581], [194318.64397132595, 546987.676800776], [194318.97316758486, 546984.5446505145]]]}, "properties": {"floor": 28, "z_m": 89.1, "depth_m": 1.35, "type": "서측 픽셀", "area_m2": 4.25}}, {"type": "Feature", "geometry": {"type": "Polygon", "coordinates": [[[194320.15390752835, 546978.0939279785], [194320.99925130772, 546978.1827755709], [194320.67005504883, 546981.3149258324], [194319.82471126947, 546981.2260782401], [194320.15390752835, 546978.0939279785]]]}, "properties": {"floor": 28, "z_m": 89.1, "depth_m": 0.85, "type": "서측 픽셀", "area_m2": 2.68}}, {"type": "Feature", "geometry": {"type": "Polygon", "coordinates": [[[194319.99838593006, 546974.7901717761], [194321.3409907561, 546974.9312826581], [194321.01179449723, 546978.0634329197], [194319.66918967117, 546977.9223220377], [194319.99838593006, 546974.7901717761]]]}, "properties": {"floor": 28, "z_m": 89.1, "depth_m": 1.35, "type": "서측 픽셀", "area_m2": 4.25}}, {"type": "Feature", "geometry": {"type": "Polygon", "coordinates": [[[194321.17912587355, 546968.3394492401], [194322.02446965294, 546968.4282968325], [194321.69527339403, 546971.5604470941], [194320.84992961466, 546971.4715995018], [194321.17912587355, 546968.3394492401]]]}, "properties": {"floor": 28, "z_m": 89.1, "depth_m": 0.85, "type": "서측 픽셀", "area_m2": 2.68}}, {"type": "Feature", "geometry": {"type": "Polygon", "coordinates": [[[194321.02360427525, 546965.0356930378], [194322.36620910134, 546965.1768039197], [194322.03701284245, 546968.3089541813], [194320.69440801637, 546968.1678432993], [194321.02360427525, 546965.0356930378]]]}, "properties": {"floor": 28, "z_m": 89.1, "depth_m": 1.35, "type": "서측 픽셀", "area_m2": 4.25}}, {"type": "Feature", "geometry": {"type": "Polygon", "coordinates": [[[194322.20434421877, 546958.5849705018], [194323.04968799814, 546958.6738180942], [194322.72049173925, 546961.8059683557], [194321.87514795986, 546961.7171207634], [194322.20434421877, 546958.5849705018]]]}, "properties": {"floor": 28, "z_m": 89.1, "depth_m": 0.85, "type": "서측 픽셀", "area_m2": 2.68}}, {"type": "Feature", "geometry": {"type": "Polygon", "coordinates": [[[194322.04882262048, 546955.2812142994], [194323.39142744654, 546955.4223251814], [194323.06223118765, 546958.554475443], [194321.7196263616, 546958.4133645609], [194322.04882262048, 546955.2812142994]]]}, "properties": {"floor": 28, "z_m": 89.1, "depth_m": 1.35, "type": "서측 픽셀", "area_m2": 4.25}}, {"type": "Feature", "geometry": {"type": "Polygon", "coordinates": [[[194323.22956256397, 546948.8304917634], [194324.07490634333, 546948.9193393558], [194323.74571008445, 546952.0514896173], [194322.90036630508, 546951.962642025], [194323.22956256397, 546948.8304917634]]]}, "properties": {"floor": 28, "z_m": 89.1, "depth_m": 0.85, "type": "서측 픽셀", "area_m2": 2.68}}, {"type": "Feature", "geometry": {"type": "Polygon", "coordinates": [[[194323.07404096567, 546945.526735561], [194324.41664579176, 546945.667846443], [194324.08744953285, 546948.7999967046], [194322.7448447068, 546948.6588858226], [194323.07404096567, 546945.526735561]]]}, "properties": {"floor": 28, "z_m": 89.1, "depth_m": 1.35, "type": "서측 픽셀", "area_m2": 4.25}}, {"type": "Feature", "geometry": {"type": "Polygon", "coordinates": [[[194336.95389576314, 546946.925210016], [194337.55060901918, 546946.9879259635], [194331.74103839634, 547002.2633054808], [194331.1443251403, 547002.2005895333], [194336.95389576314, 546946.925210016]]]}, "properties": {"floor": 28, "z_m": 89.1, "depth_m": 0.6, "type": "동측 연속", "area_m2": 33.35}}, {"type": "Feature", "geometry": {"type": "Polygon", "coordinates": [[[194318.44521028633, 546994.3513925425], [194319.29055406572, 546994.4402401348], [194318.9613578068, 546997.5723903964], [194318.11601402744, 546997.483542804], [194318.44521028633, 546994.3513925425]]]}, "properties": {"floor": 29, "z_m": 92.4, "depth_m": 0.85, "type": "서측 픽셀", "area_m2": 2.68}}, {"type": "Feature", "geometry": {"type": "Polygon", "coordinates": [[[194318.28968868803, 546991.04763634], [194319.63229351412, 546991.1887472221], [194319.3030972552, 546994.3208974836], [194317.96049242915, 546994.1797866017], [194318.28968868803, 546991.04763634]]]}, "properties": {"floor": 29, "z_m": 92.4, "depth_m": 1.35, "type": "서측 픽셀", "area_m2": 4.25}}, {"type": "Feature", "geometry": {"type": "Polygon", "coordinates": [[[194319.47042863155, 546984.5969138041], [194320.31577241092, 546984.6857613964], [194319.98657615203, 546987.8179116581], [194319.14123237264, 546987.7290640657], [194319.47042863155, 546984.5969138041]]]}, "properties": {"floor": 29, "z_m": 92.4, "depth_m": 0.85, "type": "서측 픽셀", "area_m2": 2.68}}, {"type": "Feature", "geometry": {"type": "Polygon", "coordinates": [[[194319.31490703326, 546981.2931576017], [194320.65751185932, 546981.4342684837], [194320.32831560043, 546984.5664187453], [194318.98571077437, 546984.4253078633], [194319.31490703326, 546981.2931576017]]]}, "properties": {"floor": 29, "z_m": 92.4, "depth_m": 1.35, "type": "서측 픽셀", "area_m2": 4.25}}, {"type": "Feature", "geometry": {"type": "Polygon", "coordinates": [[[194320.49564697675, 546974.8424350658], [194321.3409907561, 546974.9312826581], [194321.01179449723, 546978.0634329197], [194320.16645071786, 546977.9745853273], [194320.49564697675, 546974.8424350658]]]}, "properties": {"floor": 29, "z_m": 92.4, "depth_m": 0.85, "type": "서측 픽셀", "area_m2": 2.68}}, {"type": "Feature", "geometry": {"type": "Polygon", "coordinates": [[[194320.34012537845, 546971.5386788633], [194321.68273020454, 546971.6797897454], [194321.35353394563, 546974.8119400069], [194320.01092911957, 546974.6708291249], [194320.34012537845, 546971.5386788633]]]}, "properties": {"floor": 29, "z_m": 92.4, "depth_m": 1.35, "type": "서측 픽셀", "area_m2": 4.25}}, {"type": "Feature", "geometry": {"type": "Polygon", "coordinates": [[[194321.52086532195, 546965.0879563274], [194322.36620910134, 546965.1768039197], [194322.03701284245, 546968.3089541813], [194321.19166906306, 546968.2201065889], [194321.52086532195, 546965.0879563274]]]}, "properties": {"floor": 29, "z_m": 92.4, "depth_m": 0.85, "type": "서측 픽셀", "area_m2": 2.68}}, {"type": "Feature", "geometry": {"type": "Polygon", "coordinates": [[[194321.36534372368, 546961.784200125], [194322.70794854974, 546961.925311007], [194322.37875229085, 546965.0574612685], [194321.03614746477, 546964.9163503866], [194321.36534372368, 546961.784200125]]]}, "properties": {"floor": 29, "z_m": 92.4, "depth_m": 1.35, "type": "서측 픽셀", "area_m2": 4.25}}, {"type": "Feature", "geometry": {"type": "Polygon", "coordinates": [[[194322.54608366717, 546955.3334775891], [194323.39142744654, 546955.4223251814], [194323.06223118765, 546958.554475443], [194322.21688740826, 546958.4656278506], [194322.54608366717, 546955.3334775891]]]}, "properties": {"floor": 29, "z_m": 92.4, "depth_m": 0.85, "type": "서측 픽셀", "area_m2": 2.68}}, {"type": "Feature", "geometry": {"type": "Polygon", "coordinates": [[[194322.39056206887, 546952.0297213866], [194323.73316689493, 546952.1708322685], [194323.40397063605, 546955.3029825302], [194322.06136581, 546955.1618716482], [194322.39056206887, 546952.0297213866]]]}, "properties": {"floor": 29, "z_m": 92.4, "depth_m": 1.35, "type": "서측 픽셀", "area_m2": 4.25}}, {"type": "Feature", "geometry": {"type": "Polygon", "coordinates": [[[194323.57130201237, 546945.5789988507], [194324.41664579176, 546945.667846443], [194324.08744953285, 546948.7999967046], [194323.24210575348, 546948.7111491122], [194323.57130201237, 546945.5789988507]]]}, "properties": {"floor": 29, "z_m": 92.4, "depth_m": 0.85, "type": "서측 픽셀", "area_m2": 2.68}}, {"type": "Feature", "geometry": {"type": "Polygon", "coordinates": [[[194336.95389576314, 546946.925210016], [194337.55060901918, 546946.9879259635], [194331.74103839634, 547002.2633054808], [194331.1443251403, 547002.2005895333], [194336.95389576314, 546946.925210016]]]}, "properties": {"floor": 29, "z_m": 92.4, "depth_m": 0.6, "type": "동측 연속", "area_m2": 33.35}}, {"type": "Feature", "geometry": {"type": "Polygon", "coordinates": [[[194317.60620979124, 546997.5506221657], [194318.94881461732, 546997.6917330476], [194318.6196183584, 547000.8238833093], [194317.27701353235, 547000.6827724272], [194317.60620979124, 546997.5506221657]]]}, "properties": {"floor": 30, "z_m": 95.7, "depth_m": 1.35, "type": "서측 픽셀", "area_m2": 4.25}}, {"type": "Feature", "geometry": {"type": "Polygon", "coordinates": [[[194318.78694973473, 546991.0998996297], [194319.63229351412, 546991.1887472221], [194319.3030972552, 546994.3208974836], [194318.45775347584, 546994.2320498913], [194318.78694973473, 546991.0998996297]]]}, "properties": {"floor": 30, "z_m": 95.7, "depth_m": 0.85, "type": "서측 픽셀", "area_m2": 2.68}}, {"type": "Feature", "geometry": {"type": "Polygon", "coordinates": [[[194318.63142813646, 546987.7961434273], [194319.97403296252, 546987.9372543093], [194319.64483670364, 546991.0694045709], [194318.30223187755, 546990.9282936889], [194318.63142813646, 546987.7961434273]]]}, "properties": {"floor": 30, "z_m": 95.7, "depth_m": 1.35, "type": "서측 픽셀", "area_m2": 4.25}}, {"type": "Feature", "geometry": {"type": "Polygon", "coordinates": [[[194319.81216807995, 546981.3454208913], [194320.65751185932, 546981.4342684837], [194320.32831560043, 546984.5664187453], [194319.48297182104, 546984.477571153], [194319.81216807995, 546981.3454208913]]]}, "properties": {"floor": 30, "z_m": 95.7, "depth_m": 0.85, "type": "서측 픽셀", "area_m2": 2.68}}, {"type": "Feature", "geometry": {"type": "Polygon", "coordinates": [[[194319.65664648166, 546978.041664689], [194320.99925130772, 546978.1827755709], [194320.67005504883, 546981.3149258324], [194319.32745022277, 546981.1738149505], [194319.65664648166, 546978.041664689]]]}, "properties": {"floor": 30, "z_m": 95.7, "depth_m": 1.35, "type": "서측 픽셀", "area_m2": 4.25}}, {"type": "Feature", "geometry": {"type": "Polygon", "coordinates": [[[194320.83738642515, 546971.590942153], [194321.68273020454, 546971.6797897454], [194321.35353394563, 546974.8119400069], [194320.50819016626, 546974.7230924146], [194320.83738642515, 546971.590942153]]]}, "properties": {"floor": 30, "z_m": 95.7, "depth_m": 0.85, "type": "서측 픽셀", "area_m2": 2.68}}, {"type": "Feature", "geometry": {"type": "Polygon", "coordinates": [[[194320.68186482685, 546968.2871859506], [194322.02446965294, 546968.4282968325], [194321.69527339403, 546971.5604470941], [194320.35266856797, 546971.4193362121], [194320.68186482685, 546968.2871859506]]]}, "properties": {"floor": 30, "z_m": 95.7, "depth_m": 1.35, "type": "서측 픽셀", "area_m2": 4.25}}, {"type": "Feature", "geometry": {"type": "Polygon", "coordinates": [[[194321.86260477037, 546961.8364634146], [194322.70794854974, 546961.925311007], [194322.37875229085, 546965.0574612685], [194321.53340851146, 546964.9686136761], [194321.86260477037, 546961.8364634146]]]}, "properties": {"floor": 30, "z_m": 95.7, "depth_m": 0.85, "type": "서측 픽셀", "area_m2": 2.68}}, {"type": "Feature", "geometry": {"type": "Polygon", "coordinates": [[[194321.70708317208, 546958.5327072121], [194323.04968799814, 546958.6738180942], [194322.72049173925, 546961.8059683557], [194321.37788691316, 546961.6648574738], [194321.70708317208, 546958.5327072121]]]}, "properties": {"floor": 30, "z_m": 95.7, "depth_m": 1.35, "type": "서측 픽셀", "area_m2": 4.25}}, {"type": "Feature", "geometry": {"type": "Polygon", "coordinates": [[[194322.88782311557, 546952.0819846762], [194323.73316689493, 546952.1708322685], [194323.40397063605, 546955.3029825302], [194322.55862685668, 546955.2141349379], [194322.88782311557, 546952.0819846762]]]}, "properties": {"floor": 30, "z_m": 95.7, "depth_m": 0.85, "type": "서측 픽셀", "area_m2": 2.68}}, {"type": "Feature", "geometry": {"type": "Polygon", "coordinates": [[[194322.73230151727, 546948.7782284738], [194324.07490634333, 546948.9193393558], [194323.74571008445, 546952.0514896173], [194322.4031052584, 546951.9103787354], [194322.73230151727, 546948.7782284738]]]}, "properties": {"floor": 30, "z_m": 95.7, "depth_m": 1.35, "type": "서측 픽셀", "area_m2": 4.25}}, {"type": "Feature", "geometry": {"type": "Polygon", "coordinates": [[[194336.95389576314, 546946.925210016], [194337.55060901918, 546946.9879259635], [194331.74103839634, 547002.2633054808], [194331.1443251403, 547002.2005895333], [194336.95389576314, 546946.925210016]]]}, "properties": {"floor": 30, "z_m": 95.7, "depth_m": 0.6, "type": "동측 연속", "area_m2": 33.35}}, {"type": "Feature", "geometry": {"type": "Polygon", "coordinates": [[[194318.10347083793, 546997.6028854552], [194318.94881461732, 546997.6917330476], [194318.6196183584, 547000.8238833093], [194317.77427457905, 547000.7350357169], [194318.10347083793, 546997.6028854552]]]}, "properties": {"floor": 31, "z_m": 99.0, "depth_m": 0.85, "type": "서측 픽셀", "area_m2": 2.68}}, {"type": "Feature", "geometry": {"type": "Polygon", "coordinates": [[[194317.94794923963, 546994.2991292529], [194319.29055406572, 546994.4402401348], [194318.9613578068, 546997.5723903964], [194317.61875298075, 546997.4312795145], [194317.94794923963, 546994.2991292529]]]}, "properties": {"floor": 31, "z_m": 99.0, "depth_m": 1.35, "type": "서측 픽셀", "area_m2": 4.25}}, {"type": "Feature", "geometry": {"type": "Polygon", "coordinates": [[[194319.12868918313, 546987.848406717], [194319.97403296252, 546987.9372543093], [194319.64483670364, 546991.0694045709], [194318.79949292424, 546990.9805569785], [194319.12868918313, 546987.848406717]]]}, "properties": {"floor": 31, "z_m": 99.0, "depth_m": 0.85, "type": "서측 픽셀", "area_m2": 2.68}}, {"type": "Feature", "geometry": {"type": "Polygon", "coordinates": [[[194318.97316758486, 546984.5446505145], [194320.31577241092, 546984.6857613964], [194319.98657615203, 546987.8179116581], [194318.64397132595, 546987.676800776], [194318.97316758486, 546984.5446505145]]]}, "properties": {"floor": 31, "z_m": 99.0, "depth_m": 1.35, "type": "서측 픽셀", "area_m2": 4.25}}, {"type": "Feature", "geometry": {"type": "Polygon", "coordinates": [[[194320.15390752835, 546978.0939279785], [194320.99925130772, 546978.1827755709], [194320.67005504883, 546981.3149258324], [194319.82471126947, 546981.2260782401], [194320.15390752835, 546978.0939279785]]]}, "properties": {"floor": 31, "z_m": 99.0, "depth_m": 0.85, "type": "서측 픽셀", "area_m2": 2.68}}, {"type": "Feature", "geometry": {"type": "Polygon", "coordinates": [[[194319.99838593006, 546974.7901717761], [194321.3409907561, 546974.9312826581], [194321.01179449723, 546978.0634329197], [194319.66918967117, 546977.9223220377], [194319.99838593006, 546974.7901717761]]]}, "properties": {"floor": 31, "z_m": 99.0, "depth_m": 1.35, "type": "서측 픽셀", "area_m2": 4.25}}, {"type": "Feature", "geometry": {"type": "Polygon", "coordinates": [[[194321.17912587355, 546968.3394492401], [194322.02446965294, 546968.4282968325], [194321.69527339403, 546971.5604470941], [194320.84992961466, 546971.4715995018], [194321.17912587355, 546968.3394492401]]]}, "properties": {"floor": 31, "z_m": 99.0, "depth_m": 0.85, "type": "서측 픽셀", "area_m2": 2.68}}, {"type": "Feature", "geometry": {"type": "Polygon", "coordinates": [[[194321.02360427525, 546965.0356930378], [194322.36620910134, 546965.1768039197], [194322.03701284245, 546968.3089541813], [194320.69440801637, 546968.1678432993], [194321.02360427525, 546965.0356930378]]]}, "properties": {"floor": 31, "z_m": 99.0, "depth_m": 1.35, "type": "서측 픽셀", "area_m2": 4.25}}, {"type": "Feature", "geometry": {"type": "Polygon", "coordinates": [[[194322.20434421877, 546958.5849705018], [194323.04968799814, 546958.6738180942], [194322.72049173925, 546961.8059683557], [194321.87514795986, 546961.7171207634], [194322.20434421877, 546958.5849705018]]]}, "properties": {"floor": 31, "z_m": 99.0, "depth_m": 0.85, "type": "서측 픽셀", "area_m2": 2.68}}, {"type": "Feature", "geometry": {"type": "Polygon", "coordinates": [[[194322.04882262048, 546955.2812142994], [194323.39142744654, 546955.4223251814], [194323.06223118765, 546958.554475443], [194321.7196263616, 546958.4133645609], [194322.04882262048, 546955.2812142994]]]}, "properties": {"floor": 31, "z_m": 99.0, "depth_m": 1.35, "type": "서측 픽셀", "area_m2": 4.25}}, {"type": "Feature", "geometry": {"type": "Polygon", "coordinates": [[[194323.22956256397, 546948.8304917634], [194324.07490634333, 546948.9193393558], [194323.74571008445, 546952.0514896173], [194322.90036630508, 546951.962642025], [194323.22956256397, 546948.8304917634]]]}, "properties": {"floor": 31, "z_m": 99.0, "depth_m": 0.85, "type": "서측 픽셀", "area_m2": 2.68}}, {"type": "Feature", "geometry": {"type": "Polygon", "coordinates": [[[194323.07404096567, 546945.526735561], [194324.41664579176, 546945.667846443], [194324.08744953285, 546948.7999967046], [194322.7448447068, 546948.6588858226], [194323.07404096567, 546945.526735561]]]}, "properties": {"floor": 31, "z_m": 99.0, "depth_m": 1.35, "type": "서측 픽셀", "area_m2": 4.25}}, {"type": "Feature", "geometry": {"type": "Polygon", "coordinates": [[[194336.95389576314, 546946.925210016], [194337.55060901918, 546946.9879259635], [194331.74103839634, 547002.2633054808], [194331.1443251403, 547002.2005895333], [194336.95389576314, 546946.925210016]]]}, "properties": {"floor": 31, "z_m": 99.0, "depth_m": 0.6, "type": "동측 연속", "area_m2": 33.35}}, {"type": "Feature", "geometry": {"type": "Polygon", "coordinates": [[[194318.44521028633, 546994.3513925425], [194319.29055406572, 546994.4402401348], [194318.9613578068, 546997.5723903964], [194318.11601402744, 546997.483542804], [194318.44521028633, 546994.3513925425]]]}, "properties": {"floor": 32, "z_m": 102.3, "depth_m": 0.85, "type": "서측 픽셀", "area_m2": 2.68}}, {"type": "Feature", "geometry": {"type": "Polygon", "coordinates": [[[194318.28968868803, 546991.04763634], [194319.63229351412, 546991.1887472221], [194319.3030972552, 546994.3208974836], [194317.96049242915, 546994.1797866017], [194318.28968868803, 546991.04763634]]]}, "properties": {"floor": 32, "z_m": 102.3, "depth_m": 1.35, "type": "서측 픽셀", "area_m2": 4.25}}, {"type": "Feature", "geometry": {"type": "Polygon", "coordinates": [[[194319.47042863155, 546984.5969138041], [194320.31577241092, 546984.6857613964], [194319.98657615203, 546987.8179116581], [194319.14123237264, 546987.7290640657], [194319.47042863155, 546984.5969138041]]]}, "properties": {"floor": 32, "z_m": 102.3, "depth_m": 0.85, "type": "서측 픽셀", "area_m2": 2.68}}, {"type": "Feature", "geometry": {"type": "Polygon", "coordinates": [[[194319.31490703326, 546981.2931576017], [194320.65751185932, 546981.4342684837], [194320.32831560043, 546984.5664187453], [194318.98571077437, 546984.4253078633], [194319.31490703326, 546981.2931576017]]]}, "properties": {"floor": 32, "z_m": 102.3, "depth_m": 1.35, "type": "서측 픽셀", "area_m2": 4.25}}, {"type": "Feature", "geometry": {"type": "Polygon", "coordinates": [[[194320.49564697675, 546974.8424350658], [194321.3409907561, 546974.9312826581], [194321.01179449723, 546978.0634329197], [194320.16645071786, 546977.9745853273], [194320.49564697675, 546974.8424350658]]]}, "properties": {"floor": 32, "z_m": 102.3, "depth_m": 0.85, "type": "서측 픽셀", "area_m2": 2.68}}, {"type": "Feature", "geometry": {"type": "Polygon", "coordinates": [[[194320.34012537845, 546971.5386788633], [194321.68273020454, 546971.6797897454], [194321.35353394563, 546974.8119400069], [194320.01092911957, 546974.6708291249], [194320.34012537845, 546971.5386788633]]]}, "properties": {"floor": 32, "z_m": 102.3, "depth_m": 1.35, "type": "서측 픽셀", "area_m2": 4.25}}, {"type": "Feature", "geometry": {"type": "Polygon", "coordinates": [[[194321.52086532195, 546965.0879563274], [194322.36620910134, 546965.1768039197], [194322.03701284245, 546968.3089541813], [194321.19166906306, 546968.2201065889], [194321.52086532195, 546965.0879563274]]]}, "properties": {"floor": 32, "z_m": 102.3, "depth_m": 0.85, "type": "서측 픽셀", "area_m2": 2.68}}, {"type": "Feature", "geometry": {"type": "Polygon", "coordinates": [[[194321.36534372368, 546961.784200125], [194322.70794854974, 546961.925311007], [194322.37875229085, 546965.0574612685], [194321.03614746477, 546964.9163503866], [194321.36534372368, 546961.784200125]]]}, "properties": {"floor": 32, "z_m": 102.3, "depth_m": 1.35, "type": "서측 픽셀", "area_m2": 4.25}}, {"type": "Feature", "geometry": {"type": "Polygon", "coordinates": [[[194322.54608366717, 546955.3334775891], [194323.39142744654, 546955.4223251814], [194323.06223118765, 546958.554475443], [194322.21688740826, 546958.4656278506], [194322.54608366717, 546955.3334775891]]]}, "properties": {"floor": 32, "z_m": 102.3, "depth_m": 0.85, "type": "서측 픽셀", "area_m2": 2.68}}, {"type": "Feature", "geometry": {"type": "Polygon", "coordinates": [[[194322.39056206887, 546952.0297213866], [194323.73316689493, 546952.1708322685], [194323.40397063605, 546955.3029825302], [194322.06136581, 546955.1618716482], [194322.39056206887, 546952.0297213866]]]}, "properties": {"floor": 32, "z_m": 102.3, "depth_m": 1.35, "type": "서측 픽셀", "area_m2": 4.25}}, {"type": "Feature", "geometry": {"type": "Polygon", "coordinates": [[[194323.57130201237, 546945.5789988507], [194324.41664579176, 546945.667846443], [194324.08744953285, 546948.7999967046], [194323.24210575348, 546948.7111491122], [194323.57130201237, 546945.5789988507]]]}, "properties": {"floor": 32, "z_m": 102.3, "depth_m": 0.85, "type": "서측 픽셀", "area_m2": 2.68}}, {"type": "Feature", "geometry": {"type": "Polygon", "coordinates": [[[194336.95389576314, 546946.925210016], [194337.55060901918, 546946.9879259635], [194331.74103839634, 547002.2633054808], [194331.1443251403, 547002.2005895333], [194336.95389576314, 546946.925210016]]]}, "properties": {"floor": 32, "z_m": 102.3, "depth_m": 0.6, "type": "동측 연속", "area_m2": 33.35}}, {"type": "Feature", "geometry": {"type": "Polygon", "coordinates": [[[194317.60620979124, 546997.5506221657], [194318.94881461732, 546997.6917330476], [194318.6196183584, 547000.8238833093], [194317.27701353235, 547000.6827724272], [194317.60620979124, 546997.5506221657]]]}, "properties": {"floor": 33, "z_m": 105.6, "depth_m": 1.35, "type": "서측 픽셀", "area_m2": 4.25}}, {"type": "Feature", "geometry": {"type": "Polygon", "coordinates": [[[194318.78694973473, 546991.0998996297], [194319.63229351412, 546991.1887472221], [194319.3030972552, 546994.3208974836], [194318.45775347584, 546994.2320498913], [194318.78694973473, 546991.0998996297]]]}, "properties": {"floor": 33, "z_m": 105.6, "depth_m": 0.85, "type": "서측 픽셀", "area_m2": 2.68}}, {"type": "Feature", "geometry": {"type": "Polygon", "coordinates": [[[194318.63142813646, 546987.7961434273], [194319.97403296252, 546987.9372543093], [194319.64483670364, 546991.0694045709], [194318.30223187755, 546990.9282936889], [194318.63142813646, 546987.7961434273]]]}, "properties": {"floor": 33, "z_m": 105.6, "depth_m": 1.35, "type": "서측 픽셀", "area_m2": 4.25}}, {"type": "Feature", "geometry": {"type": "Polygon", "coordinates": [[[194319.81216807995, 546981.3454208913], [194320.65751185932, 546981.4342684837], [194320.32831560043, 546984.5664187453], [194319.48297182104, 546984.477571153], [194319.81216807995, 546981.3454208913]]]}, "properties": {"floor": 33, "z_m": 105.6, "depth_m": 0.85, "type": "서측 픽셀", "area_m2": 2.68}}, {"type": "Feature", "geometry": {"type": "Polygon", "coordinates": [[[194319.65664648166, 546978.041664689], [194320.99925130772, 546978.1827755709], [194320.67005504883, 546981.3149258324], [194319.32745022277, 546981.1738149505], [194319.65664648166, 546978.041664689]]]}, "properties": {"floor": 33, "z_m": 105.6, "depth_m": 1.35, "type": "서측 픽셀", "area_m2": 4.25}}, {"type": "Feature", "geometry": {"type": "Polygon", "coordinates": [[[194320.83738642515, 546971.590942153], [194321.68273020454, 546971.6797897454], [194321.35353394563, 546974.8119400069], [194320.50819016626, 546974.7230924146], [194320.83738642515, 546971.590942153]]]}, "properties": {"floor": 33, "z_m": 105.6, "depth_m": 0.85, "type": "서측 픽셀", "area_m2": 2.68}}, {"type": "Feature", "geometry": {"type": "Polygon", "coordinates": [[[194320.68186482685, 546968.2871859506], [194322.02446965294, 546968.4282968325], [194321.69527339403, 546971.5604470941], [194320.35266856797, 546971.4193362121], [194320.68186482685, 546968.2871859506]]]}, "properties": {"floor": 33, "z_m": 105.6, "depth_m": 1.35, "type": "서측 픽셀", "area_m2": 4.25}}, {"type": "Feature", "geometry": {"type": "Polygon", "coordinates": [[[194321.86260477037, 546961.8364634146], [194322.70794854974, 546961.925311007], [194322.37875229085, 546965.0574612685], [194321.53340851146, 546964.9686136761], [194321.86260477037, 546961.8364634146]]]}, "properties": {"floor": 33, "z_m": 105.6, "depth_m": 0.85, "type": "서측 픽셀", "area_m2": 2.68}}, {"type": "Feature", "geometry": {"type": "Polygon", "coordinates": [[[194321.70708317208, 546958.5327072121], [194323.04968799814, 546958.6738180942], [194322.72049173925, 546961.8059683557], [194321.37788691316, 546961.6648574738], [194321.70708317208, 546958.5327072121]]]}, "properties": {"floor": 33, "z_m": 105.6, "depth_m": 1.35, "type": "서측 픽셀", "area_m2": 4.25}}, {"type": "Feature", "geometry": {"type": "Polygon", "coordinates": [[[194322.88782311557, 546952.0819846762], [194323.73316689493, 546952.1708322685], [194323.40397063605, 546955.3029825302], [194322.55862685668, 546955.2141349379], [194322.88782311557, 546952.0819846762]]]}, "properties": {"floor": 33, "z_m": 105.6, "depth_m": 0.85, "type": "서측 픽셀", "area_m2": 2.68}}, {"type": "Feature", "geometry": {"type": "Polygon", "coordinates": [[[194322.73230151727, 546948.7782284738], [194324.07490634333, 546948.9193393558], [194323.74571008445, 546952.0514896173], [194322.4031052584, 546951.9103787354], [194322.73230151727, 546948.7782284738]]]}, "properties": {"floor": 33, "z_m": 105.6, "depth_m": 1.35, "type": "서측 픽셀", "area_m2": 4.25}}, {"type": "Feature", "geometry": {"type": "Polygon", "coordinates": [[[194336.95389576314, 546946.925210016], [194337.55060901918, 546946.9879259635], [194331.74103839634, 547002.2633054808], [194331.1443251403, 547002.2005895333], [194336.95389576314, 546946.925210016]]]}, "properties": {"floor": 33, "z_m": 105.6, "depth_m": 0.6, "type": "동측 연속", "area_m2": 33.35}}, {"type": "Feature", "geometry": {"type": "Polygon", "coordinates": [[[194318.10347083793, 546997.6028854552], [194318.94881461732, 546997.6917330476], [194318.6196183584, 547000.8238833093], [194317.77427457905, 547000.7350357169], [194318.10347083793, 546997.6028854552]]]}, "properties": {"floor": 34, "z_m": 108.9, "depth_m": 0.85, "type": "서측 픽셀", "area_m2": 2.68}}, {"type": "Feature", "geometry": {"type": "Polygon", "coordinates": [[[194317.94794923963, 546994.2991292529], [194319.29055406572, 546994.4402401348], [194318.9613578068, 546997.5723903964], [194317.61875298075, 546997.4312795145], [194317.94794923963, 546994.2991292529]]]}, "properties": {"floor": 34, "z_m": 108.9, "depth_m": 1.35, "type": "서측 픽셀", "area_m2": 4.25}}, {"type": "Feature", "geometry": {"type": "Polygon", "coordinates": [[[194319.12868918313, 546987.848406717], [194319.97403296252, 546987.9372543093], [194319.64483670364, 546991.0694045709], [194318.79949292424, 546990.9805569785], [194319.12868918313, 546987.848406717]]]}, "properties": {"floor": 34, "z_m": 108.9, "depth_m": 0.85, "type": "서측 픽셀", "area_m2": 2.68}}, {"type": "Feature", "geometry": {"type": "Polygon", "coordinates": [[[194318.97316758486, 546984.5446505145], [194320.31577241092, 546984.6857613964], [194319.98657615203, 546987.8179116581], [194318.64397132595, 546987.676800776], [194318.97316758486, 546984.5446505145]]]}, "properties": {"floor": 34, "z_m": 108.9, "depth_m": 1.35, "type": "서측 픽셀", "area_m2": 4.25}}, {"type": "Feature", "geometry": {"type": "Polygon", "coordinates": [[[194320.15390752835, 546978.0939279785], [194320.99925130772, 546978.1827755709], [194320.67005504883, 546981.3149258324], [194319.82471126947, 546981.2260782401], [194320.15390752835, 546978.0939279785]]]}, "properties": {"floor": 34, "z_m": 108.9, "depth_m": 0.85, "type": "서측 픽셀", "area_m2": 2.68}}, {"type": "Feature", "geometry": {"type": "Polygon", "coordinates": [[[194319.99838593006, 546974.7901717761], [194321.3409907561, 546974.9312826581], [194321.01179449723, 546978.0634329197], [194319.66918967117, 546977.9223220377], [194319.99838593006, 546974.7901717761]]]}, "properties": {"floor": 34, "z_m": 108.9, "depth_m": 1.35, "type": "서측 픽셀", "area_m2": 4.25}}, {"type": "Feature", "geometry": {"type": "Polygon", "coordinates": [[[194321.17912587355, 546968.3394492401], [194322.02446965294, 546968.4282968325], [194321.69527339403, 546971.5604470941], [194320.84992961466, 546971.4715995018], [194321.17912587355, 546968.3394492401]]]}, "properties": {"floor": 34, "z_m": 108.9, "depth_m": 0.85, "type": "서측 픽셀", "area_m2": 2.68}}, {"type": "Feature", "geometry": {"type": "Polygon", "coordinates": [[[194321.02360427525, 546965.0356930378], [194322.36620910134, 546965.1768039197], [194322.03701284245, 546968.3089541813], [194320.69440801637, 546968.1678432993], [194321.02360427525, 546965.0356930378]]]}, "properties": {"floor": 34, "z_m": 108.9, "depth_m": 1.35, "type": "서측 픽셀", "area_m2": 4.25}}, {"type": "Feature", "geometry": {"type": "Polygon", "coordinates": [[[194322.20434421877, 546958.5849705018], [194323.04968799814, 546958.6738180942], [194322.72049173925, 546961.8059683557], [194321.87514795986, 546961.7171207634], [194322.20434421877, 546958.5849705018]]]}, "properties": {"floor": 34, "z_m": 108.9, "depth_m": 0.85, "type": "서측 픽셀", "area_m2": 2.68}}, {"type": "Feature", "geometry": {"type": "Polygon", "coordinates": [[[194322.04882262048, 546955.2812142994], [194323.39142744654, 546955.4223251814], [194323.06223118765, 546958.554475443], [194321.7196263616, 546958.4133645609], [194322.04882262048, 546955.2812142994]]]}, "properties": {"floor": 34, "z_m": 108.9, "depth_m": 1.35, "type": "서측 픽셀", "area_m2": 4.25}}, {"type": "Feature", "geometry": {"type": "Polygon", "coordinates": [[[194323.22956256397, 546948.8304917634], [194324.07490634333, 546948.9193393558], [194323.74571008445, 546952.0514896173], [194322.90036630508, 546951.962642025], [194323.22956256397, 546948.8304917634]]]}, "properties": {"floor": 34, "z_m": 108.9, "depth_m": 0.85, "type": "서측 픽셀", "area_m2": 2.68}}, {"type": "Feature", "geometry": {"type": "Polygon", "coordinates": [[[194323.07404096567, 546945.526735561], [194324.41664579176, 546945.667846443], [194324.08744953285, 546948.7999967046], [194322.7448447068, 546948.6588858226], [194323.07404096567, 546945.526735561]]]}, "properties": {"floor": 34, "z_m": 108.9, "depth_m": 1.35, "type": "서측 픽셀", "area_m2": 4.25}}, {"type": "Feature", "geometry": {"type": "Polygon", "coordinates": [[[194336.95389576314, 546946.925210016], [194337.55060901918, 546946.9879259635], [194331.74103839634, 547002.2633054808], [194331.1443251403, 547002.2005895333], [194336.95389576314, 546946.925210016]]]}, "properties": {"floor": 34, "z_m": 108.9, "depth_m": 0.6, "type": "동측 연속", "area_m2": 33.35}}, {"type": "Feature", "geometry": {"type": "Polygon", "coordinates": [[[194317.43896726443, 546999.1418575151], [194318.78157209052, 546999.282968397], [194318.45237583164, 547002.4151186587], [194317.10977100555, 547002.2740077766], [194317.43896726443, 546999.1418575151]]]}, "properties": {"floor": 36, "z_m": 115.5, "depth_m": 1.35, "type": "서측 픽셀", "area_m2": 4.25}}, {"type": "Feature", "geometry": {"type": "Polygon", "coordinates": [[[194318.27796775955, 546995.9426278919], [194319.12331153892, 546996.0314754843], [194318.79411528003, 546999.1636257458], [194317.94877150064, 546999.0747781534], [194318.27796775955, 546995.9426278919]]]}, "properties": {"floor": 36, "z_m": 115.5, "depth_m": 0.85, "type": "서측 픽셀", "area_m2": 2.68}}, {"type": "Feature", "geometry": {"type": "Polygon", "coordinates": [[[194318.46418560966, 546989.3873787767], [194319.80679043572, 546989.5284896587], [194319.47759417683, 546992.6606399203], [194318.13498935077, 546992.5195290382], [194318.46418560966, 546989.3873787767]]]}, "properties": {"floor": 36, "z_m": 115.5, "depth_m": 1.35, "type": "서측 픽셀", "area_m2": 4.25}}, {"type": "Feature", "geometry": {"type": "Polygon", "coordinates": [[[194319.30318610475, 546986.1881491535], [194320.1485298841, 546986.2769967458], [194319.81933362523, 546989.4091470075], [194318.97398984586, 546989.3202994152], [194319.30318610475, 546986.1881491535]]]}, "properties": {"floor": 36, "z_m": 115.5, "depth_m": 0.85, "type": "서측 픽셀", "area_m2": 2.68}}, {"type": "Feature", "geometry": {"type": "Polygon", "coordinates": [[[194319.48940395485, 546979.6329000384], [194320.83200878094, 546979.7740109203], [194320.50281252203, 546982.9061611819], [194319.16020769597, 546982.7650502999], [194319.48940395485, 546979.6329000384]]]}, "properties": {"floor": 36, "z_m": 115.5, "depth_m": 1.35, "type": "서측 픽셀", "area_m2": 4.25}}, {"type": "Feature", "geometry": {"type": "Polygon", "coordinates": [[[194320.32840444995, 546976.4336704152], [194321.17374822934, 546976.5225180076], [194320.84455197043, 546979.6546682691], [194319.99920819106, 546979.5658206767], [194320.32840444995, 546976.4336704152]]]}, "properties": {"floor": 36, "z_m": 115.5, "depth_m": 0.85, "type": "서측 픽셀", "area_m2": 2.68}}, {"type": "Feature", "geometry": {"type": "Polygon", "coordinates": [[[194320.51462230008, 546969.8784213], [194321.85722712614, 546970.0195321819], [194321.52803086725, 546973.1516824436], [194320.18542604116, 546973.0105715615], [194320.51462230008, 546969.8784213]]]}, "properties": {"floor": 36, "z_m": 115.5, "depth_m": 1.35, "type": "서측 픽셀", "area_m2": 4.25}}, {"type": "Feature", "geometry": {"type": "Polygon", "coordinates": [[[194321.35362279517, 546966.6791916768], [194322.19896657454, 546966.7680392691], [194321.86977031565, 546969.9001895307], [194321.02442653626, 546969.8113419383], [194321.35362279517, 546966.6791916768]]]}, "properties": {"floor": 36, "z_m": 115.5, "depth_m": 0.85, "type": "서측 픽셀", "area_m2": 2.68}}, {"type": "Feature", "geometry": {"type": "Polygon", "coordinates": [[[194321.53984064527, 546960.1239425616], [194322.88244547133, 546960.2650534436], [194322.55324921245, 546963.3972037052], [194321.2106443864, 546963.2560928232], [194321.53984064527, 546960.1239425616]]]}, "properties": {"floor": 36, "z_m": 115.5, "depth_m": 1.35, "type": "서측 픽셀", "area_m2": 4.25}}, {"type": "Feature", "geometry": {"type": "Polygon", "coordinates": [[[194322.37884114037, 546956.9247129385], [194323.22418491976, 546957.0135605308], [194322.89498866085, 546960.1457107924], [194322.04964488148, 546960.0568632], [194322.37884114037, 546956.9247129385]]]}, "properties": {"floor": 36, "z_m": 115.5, "depth_m": 0.85, "type": "서측 픽셀", "area_m2": 2.68}}, {"type": "Feature", "geometry": {"type": "Polygon", "coordinates": [[[194322.56505899047, 546950.3694638233], [194323.90766381656, 546950.5105747052], [194323.57846755767, 546953.6427249667], [194322.23586273158, 546953.5016140848], [194322.56505899047, 546950.3694638233]]]}, "properties": {"floor": 36, "z_m": 115.5, "depth_m": 1.35, "type": "서측 픽셀", "area_m2": 4.25}}, {"type": "Feature", "geometry": {"type": "Polygon", "coordinates": [[[194323.4040594856, 546947.1702342001], [194324.24940326496, 546947.2590817924], [194323.92020700607, 546950.391232054], [194323.07486322668, 546950.3023844616], [194323.4040594856, 546947.1702342001]]]}, "properties": {"floor": 36, "z_m": 115.5, "depth_m": 0.85, "type": "서측 픽셀", "area_m2": 2.68}}, {"type": "Feature", "geometry": {"type": "Polygon", "coordinates": [[[194336.78665323637, 546948.5164453653], [194337.3833664924, 546948.5791613129], [194331.57379586954, 547003.8545408302], [194330.9770826135, 547003.7918248827], [194336.78665323637, 546948.5164453653]]]}, "properties": {"floor": 36, "z_m": 115.5, "depth_m": 0.6, "type": "동측 연속", "area_m2": 33.35}}, {"type": "Feature", "geometry": {"type": "Polygon", "coordinates": [[[194317.78070671286, 546995.8903646023], [194319.12331153892, 546996.0314754843], [194318.79411528003, 546999.1636257458], [194317.45151045395, 546999.0225148639], [194317.78070671286, 546995.8903646023]]]}, "properties": {"floor": 37, "z_m": 118.8, "depth_m": 1.35, "type": "서측 픽셀", "area_m2": 4.25}}, {"type": "Feature", "geometry": {"type": "Polygon", "coordinates": [[[194318.61970720795, 546992.6911349791], [194319.46505098732, 546992.7799825715], [194319.13585472843, 546995.912132833], [194318.29051094904, 546995.8232852407], [194318.61970720795, 546992.6911349791]]]}, "properties": {"floor": 37, "z_m": 118.8, "depth_m": 0.85, "type": "서측 픽셀", "area_m2": 2.68}}, {"type": "Feature", "geometry": {"type": "Polygon", "coordinates": [[[194318.80592505806, 546986.1358858639], [194320.1485298841, 546986.2769967458], [194319.81933362523, 546989.4091470075], [194318.47672879917, 546989.2680361255], [194318.80592505806, 546986.1358858639]]]}, "properties": {"floor": 37, "z_m": 118.8, "depth_m": 1.35, "type": "서측 픽셀", "area_m2": 4.25}}, {"type": "Feature", "geometry": {"type": "Polygon", "coordinates": [[[194319.64492555315, 546982.9366562407], [194320.49026933254, 546983.0255038331], [194320.16107307363, 546986.1576540946], [194319.31572929426, 546986.0688065023], [194319.64492555315, 546982.9366562407]]]}, "properties": {"floor": 37, "z_m": 118.8, "depth_m": 0.85, "type": "서측 픽셀", "area_m2": 2.68}}, {"type": "Feature", "geometry": {"type": "Polygon", "coordinates": [[[194319.83114340325, 546976.3814071255], [194321.17374822934, 546976.5225180076], [194320.84455197043, 546979.6546682691], [194319.50194714437, 546979.5135573872], [194319.83114340325, 546976.3814071255]]]}, "properties": {"floor": 37, "z_m": 118.8, "depth_m": 1.35, "type": "서측 픽셀", "area_m2": 4.25}}, {"type": "Feature", "geometry": {"type": "Polygon", "coordinates": [[[194320.67014389834, 546973.1821775024], [194321.51548767774, 546973.2710250948], [194321.18629141885, 546976.4031753563], [194320.34094763946, 546976.314327764], [194320.67014389834, 546973.1821775024]]]}, "properties": {"floor": 37, "z_m": 118.8, "depth_m": 0.85, "type": "서측 픽셀", "area_m2": 2.68}}, {"type": "Feature", "geometry": {"type": "Polygon", "coordinates": [[[194320.85636174848, 546966.6269283872], [194322.19896657454, 546966.7680392691], [194321.86977031565, 546969.9001895307], [194320.5271654896, 546969.7590786488], [194320.85636174848, 546966.6269283872]]]}, "properties": {"floor": 37, "z_m": 118.8, "depth_m": 1.35, "type": "서측 픽셀", "area_m2": 4.25}}, {"type": "Feature", "geometry": {"type": "Polygon", "coordinates": [[[194321.69536224357, 546963.427698764], [194322.54070602293, 546963.5165463564], [194322.21150976405, 546966.6486966179], [194321.36616598468, 546966.5598490256], [194321.69536224357, 546963.427698764]]]}, "properties": {"floor": 37, "z_m": 118.8, "depth_m": 0.85, "type": "서측 픽셀", "area_m2": 2.68}}, {"type": "Feature", "geometry": {"type": "Polygon", "coordinates": [[[194321.88158009367, 546956.8724496488], [194323.22418491976, 546957.0135605308], [194322.89498866085, 546960.1457107924], [194321.5523838348, 546960.0045999103], [194321.88158009367, 546956.8724496488]]]}, "properties": {"floor": 37, "z_m": 118.8, "depth_m": 1.35, "type": "서측 픽셀", "area_m2": 4.25}}, {"type": "Feature", "geometry": {"type": "Polygon", "coordinates": [[[194322.72058058876, 546953.6732200256], [194323.56592436816, 546953.762067618], [194323.23672810924, 546956.8942178796], [194322.39138432988, 546956.8053702873], [194322.72058058876, 546953.6732200256]]]}, "properties": {"floor": 37, "z_m": 118.8, "depth_m": 0.85, "type": "서측 픽셀", "area_m2": 2.68}}, {"type": "Feature", "geometry": {"type": "Polygon", "coordinates": [[[194322.9067984389, 546947.1179709104], [194324.24940326496, 546947.2590817924], [194323.92020700607, 546950.391232054], [194322.57760217998, 546950.250121172], [194322.9067984389, 546947.1179709104]]]}, "properties": {"floor": 37, "z_m": 118.8, "depth_m": 1.35, "type": "서측 픽셀", "area_m2": 4.25}}, {"type": "Feature", "geometry": {"type": "Polygon", "coordinates": [[[194336.78665323637, 546948.5164453653], [194337.3833664924, 546948.5791613129], [194331.57379586954, 547003.8545408302], [194330.9770826135, 547003.7918248827], [194336.78665323637, 546948.5164453653]]]}, "properties": {"floor": 37, "z_m": 118.8, "depth_m": 0.6, "type": "동측 연속", "area_m2": 33.35}}, {"type": "Feature", "geometry": {"type": "Polygon", "coordinates": [[[194317.93622831113, 546999.1941208047], [194318.78157209052, 546999.282968397], [194318.45237583164, 547002.4151186587], [194317.60703205224, 547002.3262710663], [194317.93622831113, 546999.1941208047]]]}, "properties": {"floor": 38, "z_m": 122.1, "depth_m": 0.85, "type": "서측 픽셀", "area_m2": 2.68}}, {"type": "Feature", "geometry": {"type": "Polygon", "coordinates": [[[194318.12244616126, 546992.6388716894], [194319.46505098732, 546992.7799825715], [194319.13585472843, 546995.912132833], [194317.79324990234, 546995.7710219511], [194318.12244616126, 546992.6388716894]]]}, "properties": {"floor": 38, "z_m": 122.1, "depth_m": 1.35, "type": "서측 픽셀", "area_m2": 4.25}}, {"type": "Feature", "geometry": {"type": "Polygon", "coordinates": [[[194318.96144665635, 546989.4396420664], [194319.80679043572, 546989.5284896587], [194319.47759417683, 546992.6606399203], [194318.63225039747, 546992.5717923279], [194318.96144665635, 546989.4396420664]]]}, "properties": {"floor": 38, "z_m": 122.1, "depth_m": 0.85, "type": "서측 픽셀", "area_m2": 2.68}}, {"type": "Feature", "geometry": {"type": "Polygon", "coordinates": [[[194319.14766450645, 546982.8843929511], [194320.49026933254, 546983.0255038331], [194320.16107307363, 546986.1576540946], [194318.81846824757, 546986.0165432127], [194319.14766450645, 546982.8843929511]]]}, "properties": {"floor": 38, "z_m": 122.1, "depth_m": 1.35, "type": "서측 픽셀", "area_m2": 4.25}}, {"type": "Feature", "geometry": {"type": "Polygon", "coordinates": [[[194319.98666500155, 546979.685163328], [194320.83200878094, 546979.7740109203], [194320.50281252203, 546982.9061611819], [194319.65746874266, 546982.8173135895], [194319.98666500155, 546979.685163328]]]}, "properties": {"floor": 38, "z_m": 122.1, "depth_m": 0.85, "type": "서측 픽셀", "area_m2": 2.68}}, {"type": "Feature", "geometry": {"type": "Polygon", "coordinates": [[[194320.17288285168, 546973.1299142127], [194321.51548767774, 546973.2710250948], [194321.18629141885, 546976.4031753563], [194319.84368659277, 546976.2620644743], [194320.17288285168, 546973.1299142127]]]}, "properties": {"floor": 38, "z_m": 122.1, "depth_m": 1.35, "type": "서측 픽셀", "area_m2": 4.25}}, {"type": "Feature", "geometry": {"type": "Polygon", "coordinates": [[[194321.01188334677, 546969.9306845895], [194321.85722712614, 546970.0195321819], [194321.52803086725, 546973.1516824436], [194320.68268708786, 546973.0628348512], [194321.01188334677, 546969.9306845895]]]}, "properties": {"floor": 38, "z_m": 122.1, "depth_m": 0.85, "type": "서측 픽셀", "area_m2": 2.68}}, {"type": "Feature", "geometry": {"type": "Polygon", "coordinates": [[[194321.19810119687, 546963.3754354743], [194322.54070602293, 546963.5165463564], [194322.21150976405, 546966.6486966179], [194320.868904938, 546966.507585736], [194321.19810119687, 546963.3754354743]]]}, "properties": {"floor": 38, "z_m": 122.1, "depth_m": 1.35, "type": "서측 픽셀", "area_m2": 4.25}}, {"type": "Feature", "geometry": {"type": "Polygon", "coordinates": [[[194322.03710169197, 546960.1762058513], [194322.88244547133, 546960.2650534436], [194322.55324921245, 546963.3972037052], [194321.70790543308, 546963.3083561128], [194322.03710169197, 546960.1762058513]]]}, "properties": {"floor": 38, "z_m": 122.1, "depth_m": 0.85, "type": "서측 픽셀", "area_m2": 2.68}}, {"type": "Feature", "geometry": {"type": "Polygon", "coordinates": [[[194322.22331954207, 546953.620956736], [194323.56592436816, 546953.762067618], [194323.23672810924, 546956.8942178796], [194321.8941232832, 546956.7531069976], [194322.22331954207, 546953.620956736]]]}, "properties": {"floor": 38, "z_m": 122.1, "depth_m": 1.35, "type": "서측 픽셀", "area_m2": 4.25}}, {"type": "Feature", "geometry": {"type": "Polygon", "coordinates": [[[194323.06232003716, 546950.4217271128], [194323.90766381656, 546950.5105747052], [194323.57846755767, 546953.6427249667], [194322.73312377828, 546953.5538773744], [194323.06232003716, 546950.4217271128]]]}, "properties": {"floor": 38, "z_m": 122.1, "depth_m": 0.85, "type": "서측 픽셀", "area_m2": 2.68}}, {"type": "Feature", "geometry": {"type": "Polygon", "coordinates": [[[194336.78665323637, 546948.5164453653], [194337.3833664924, 546948.5791613129], [194331.57379586954, 547003.8545408302], [194330.9770826135, 547003.7918248827], [194336.78665323637, 546948.5164453653]]]}, "properties": {"floor": 38, "z_m": 122.1, "depth_m": 0.6, "type": "동측 연속", "area_m2": 33.35}}, {"type": "Feature", "geometry": {"type": "Polygon", "coordinates": [[[194317.43896726443, 546999.1418575151], [194318.78157209052, 546999.282968397], [194318.45237583164, 547002.4151186587], [194317.10977100555, 547002.2740077766], [194317.43896726443, 546999.1418575151]]]}, "properties": {"floor": 39, "z_m": 125.4, "depth_m": 1.35, "type": "서측 픽셀", "area_m2": 4.25}}, {"type": "Feature", "geometry": {"type": "Polygon", "coordinates": [[[194318.27796775955, 546995.9426278919], [194319.12331153892, 546996.0314754843], [194318.79411528003, 546999.1636257458], [194317.94877150064, 546999.0747781534], [194318.27796775955, 546995.9426278919]]]}, "properties": {"floor": 39, "z_m": 125.4, "depth_m": 0.85, "type": "서측 픽셀", "area_m2": 2.68}}, {"type": "Feature", "geometry": {"type": "Polygon", "coordinates": [[[194318.46418560966, 546989.3873787767], [194319.80679043572, 546989.5284896587], [194319.47759417683, 546992.6606399203], [194318.13498935077, 546992.5195290382], [194318.46418560966, 546989.3873787767]]]}, "properties": {"floor": 39, "z_m": 125.4, "depth_m": 1.35, "type": "서측 픽셀", "area_m2": 4.25}}, {"type": "Feature", "geometry": {"type": "Polygon", "coordinates": [[[194319.30318610475, 546986.1881491535], [194320.1485298841, 546986.2769967458], [194319.81933362523, 546989.4091470075], [194318.97398984586, 546989.3202994152], [194319.30318610475, 546986.1881491535]]]}, "properties": {"floor": 39, "z_m": 125.4, "depth_m": 0.85, "type": "서측 픽셀", "area_m2": 2.68}}, {"type": "Feature", "geometry": {"type": "Polygon", "coordinates": [[[194319.48940395485, 546979.6329000384], [194320.83200878094, 546979.7740109203], [194320.50281252203, 546982.9061611819], [194319.16020769597, 546982.7650502999], [194319.48940395485, 546979.6329000384]]]}, "properties": {"floor": 39, "z_m": 125.4, "depth_m": 1.35, "type": "서측 픽셀", "area_m2": 4.25}}, {"type": "Feature", "geometry": {"type": "Polygon", "coordinates": [[[194320.32840444995, 546976.4336704152], [194321.17374822934, 546976.5225180076], [194320.84455197043, 546979.6546682691], [194319.99920819106, 546979.5658206767], [194320.32840444995, 546976.4336704152]]]}, "properties": {"floor": 39, "z_m": 125.4, "depth_m": 0.85, "type": "서측 픽셀", "area_m2": 2.68}}, {"type": "Feature", "geometry": {"type": "Polygon", "coordinates": [[[194320.51462230008, 546969.8784213], [194321.85722712614, 546970.0195321819], [194321.52803086725, 546973.1516824436], [194320.18542604116, 546973.0105715615], [194320.51462230008, 546969.8784213]]]}, "properties": {"floor": 39, "z_m": 125.4, "depth_m": 1.35, "type": "서측 픽셀", "area_m2": 4.25}}, {"type": "Feature", "geometry": {"type": "Polygon", "coordinates": [[[194321.35362279517, 546966.6791916768], [194322.19896657454, 546966.7680392691], [194321.86977031565, 546969.9001895307], [194321.02442653626, 546969.8113419383], [194321.35362279517, 546966.6791916768]]]}, "properties": {"floor": 39, "z_m": 125.4, "depth_m": 0.85, "type": "서측 픽셀", "area_m2": 2.68}}, {"type": "Feature", "geometry": {"type": "Polygon", "coordinates": [[[194321.53984064527, 546960.1239425616], [194322.88244547133, 546960.2650534436], [194322.55324921245, 546963.3972037052], [194321.2106443864, 546963.2560928232], [194321.53984064527, 546960.1239425616]]]}, "properties": {"floor": 39, "z_m": 125.4, "depth_m": 1.35, "type": "서측 픽셀", "area_m2": 4.25}}, {"type": "Feature", "geometry": {"type": "Polygon", "coordinates": [[[194322.37884114037, 546956.9247129385], [194323.22418491976, 546957.0135605308], [194322.89498866085, 546960.1457107924], [194322.04964488148, 546960.0568632], [194322.37884114037, 546956.9247129385]]]}, "properties": {"floor": 39, "z_m": 125.4, "depth_m": 0.85, "type": "서측 픽셀", "area_m2": 2.68}}, {"type": "Feature", "geometry": {"type": "Polygon", "coordinates": [[[194322.56505899047, 546950.3694638233], [194323.90766381656, 546950.5105747052], [194323.57846755767, 546953.6427249667], [194322.23586273158, 546953.5016140848], [194322.56505899047, 546950.3694638233]]]}, "properties": {"floor": 39, "z_m": 125.4, "depth_m": 1.35, "type": "서측 픽셀", "area_m2": 4.25}}, {"type": "Feature", "geometry": {"type": "Polygon", "coordinates": [[[194323.4040594856, 546947.1702342001], [194324.24940326496, 546947.2590817924], [194323.92020700607, 546950.391232054], [194323.07486322668, 546950.3023844616], [194323.4040594856, 546947.1702342001]]]}, "properties": {"floor": 39, "z_m": 125.4, "depth_m": 0.85, "type": "서측 픽셀", "area_m2": 2.68}}, {"type": "Feature", "geometry": {"type": "Polygon", "coordinates": [[[194336.78665323637, 546948.5164453653], [194337.3833664924, 546948.5791613129], [194331.57379586954, 547003.8545408302], [194330.9770826135, 547003.7918248827], [194336.78665323637, 546948.5164453653]]]}, "properties": {"floor": 39, "z_m": 125.4, "depth_m": 0.6, "type": "동측 연속", "area_m2": 33.35}}, {"type": "Feature", "geometry": {"type": "Polygon", "coordinates": [[[194317.78070671286, 546995.8903646023], [194319.12331153892, 546996.0314754843], [194318.79411528003, 546999.1636257458], [194317.45151045395, 546999.0225148639], [194317.78070671286, 546995.8903646023]]]}, "properties": {"floor": 40, "z_m": 128.7, "depth_m": 1.35, "type": "서측 픽셀", "area_m2": 4.25}}, {"type": "Feature", "geometry": {"type": "Polygon", "coordinates": [[[194318.61970720795, 546992.6911349791], [194319.46505098732, 546992.7799825715], [194319.13585472843, 546995.912132833], [194318.29051094904, 546995.8232852407], [194318.61970720795, 546992.6911349791]]]}, "properties": {"floor": 40, "z_m": 128.7, "depth_m": 0.85, "type": "서측 픽셀", "area_m2": 2.68}}, {"type": "Feature", "geometry": {"type": "Polygon", "coordinates": [[[194318.80592505806, 546986.1358858639], [194320.1485298841, 546986.2769967458], [194319.81933362523, 546989.4091470075], [194318.47672879917, 546989.2680361255], [194318.80592505806, 546986.1358858639]]]}, "properties": {"floor": 40, "z_m": 128.7, "depth_m": 1.35, "type": "서측 픽셀", "area_m2": 4.25}}, {"type": "Feature", "geometry": {"type": "Polygon", "coordinates": [[[194319.64492555315, 546982.9366562407], [194320.49026933254, 546983.0255038331], [194320.16107307363, 546986.1576540946], [194319.31572929426, 546986.0688065023], [194319.64492555315, 546982.9366562407]]]}, "properties": {"floor": 40, "z_m": 128.7, "depth_m": 0.85, "type": "서측 픽셀", "area_m2": 2.68}}, {"type": "Feature", "geometry": {"type": "Polygon", "coordinates": [[[194319.83114340325, 546976.3814071255], [194321.17374822934, 546976.5225180076], [194320.84455197043, 546979.6546682691], [194319.50194714437, 546979.5135573872], [194319.83114340325, 546976.3814071255]]]}, "properties": {"floor": 40, "z_m": 128.7, "depth_m": 1.35, "type": "서측 픽셀", "area_m2": 4.25}}, {"type": "Feature", "geometry": {"type": "Polygon", "coordinates": [[[194320.67014389834, 546973.1821775024], [194321.51548767774, 546973.2710250948], [194321.18629141885, 546976.4031753563], [194320.34094763946, 546976.314327764], [194320.67014389834, 546973.1821775024]]]}, "properties": {"floor": 40, "z_m": 128.7, "depth_m": 0.85, "type": "서측 픽셀", "area_m2": 2.68}}, {"type": "Feature", "geometry": {"type": "Polygon", "coordinates": [[[194320.85636174848, 546966.6269283872], [194322.19896657454, 546966.7680392691], [194321.86977031565, 546969.9001895307], [194320.5271654896, 546969.7590786488], [194320.85636174848, 546966.6269283872]]]}, "properties": {"floor": 40, "z_m": 128.7, "depth_m": 1.35, "type": "서측 픽셀", "area_m2": 4.25}}, {"type": "Feature", "geometry": {"type": "Polygon", "coordinates": [[[194321.69536224357, 546963.427698764], [194322.54070602293, 546963.5165463564], [194322.21150976405, 546966.6486966179], [194321.36616598468, 546966.5598490256], [194321.69536224357, 546963.427698764]]]}, "properties": {"floor": 40, "z_m": 128.7, "depth_m": 0.85, "type": "서측 픽셀", "area_m2": 2.68}}, {"type": "Feature", "geometry": {"type": "Polygon", "coordinates": [[[194321.88158009367, 546956.8724496488], [194323.22418491976, 546957.0135605308], [194322.89498866085, 546960.1457107924], [194321.5523838348, 546960.0045999103], [194321.88158009367, 546956.8724496488]]]}, "properties": {"floor": 40, "z_m": 128.7, "depth_m": 1.35, "type": "서측 픽셀", "area_m2": 4.25}}, {"type": "Feature", "geometry": {"type": "Polygon", "coordinates": [[[194322.72058058876, 546953.6732200256], [194323.56592436816, 546953.762067618], [194323.23672810924, 546956.8942178796], [194322.39138432988, 546956.8053702873], [194322.72058058876, 546953.6732200256]]]}, "properties": {"floor": 40, "z_m": 128.7, "depth_m": 0.85, "type": "서측 픽셀", "area_m2": 2.68}}, {"type": "Feature", "geometry": {"type": "Polygon", "coordinates": [[[194322.9067984389, 546947.1179709104], [194324.24940326496, 546947.2590817924], [194323.92020700607, 546950.391232054], [194322.57760217998, 546950.250121172], [194322.9067984389, 546947.1179709104]]]}, "properties": {"floor": 40, "z_m": 128.7, "depth_m": 1.35, "type": "서측 픽셀", "area_m2": 4.25}}, {"type": "Feature", "geometry": {"type": "Polygon", "coordinates": [[[194336.78665323637, 546948.5164453653], [194337.3833664924, 546948.5791613129], [194331.57379586954, 547003.8545408302], [194330.9770826135, 547003.7918248827], [194336.78665323637, 546948.5164453653]]]}, "properties": {"floor": 40, "z_m": 128.7, "depth_m": 0.6, "type": "동측 연속", "area_m2": 33.35}}, {"type": "Feature", "geometry": {"type": "Polygon", "coordinates": [[[194317.93622831113, 546999.1941208047], [194318.78157209052, 546999.282968397], [194318.45237583164, 547002.4151186587], [194317.60703205224, 547002.3262710663], [194317.93622831113, 546999.1941208047]]]}, "properties": {"floor": 41, "z_m": 132.0, "depth_m": 0.85, "type": "서측 픽셀", "area_m2": 2.68}}, {"type": "Feature", "geometry": {"type": "Polygon", "coordinates": [[[194318.12244616126, 546992.6388716894], [194319.46505098732, 546992.7799825715], [194319.13585472843, 546995.912132833], [194317.79324990234, 546995.7710219511], [194318.12244616126, 546992.6388716894]]]}, "properties": {"floor": 41, "z_m": 132.0, "depth_m": 1.35, "type": "서측 픽셀", "area_m2": 4.25}}, {"type": "Feature", "geometry": {"type": "Polygon", "coordinates": [[[194318.96144665635, 546989.4396420664], [194319.80679043572, 546989.5284896587], [194319.47759417683, 546992.6606399203], [194318.63225039747, 546992.5717923279], [194318.96144665635, 546989.4396420664]]]}, "properties": {"floor": 41, "z_m": 132.0, "depth_m": 0.85, "type": "서측 픽셀", "area_m2": 2.68}}, {"type": "Feature", "geometry": {"type": "Polygon", "coordinates": [[[194319.14766450645, 546982.8843929511], [194320.49026933254, 546983.0255038331], [194320.16107307363, 546986.1576540946], [194318.81846824757, 546986.0165432127], [194319.14766450645, 546982.8843929511]]]}, "properties": {"floor": 41, "z_m": 132.0, "depth_m": 1.35, "type": "서측 픽셀", "area_m2": 4.25}}, {"type": "Feature", "geometry": {"type": "Polygon", "coordinates": [[[194319.98666500155, 546979.685163328], [194320.83200878094, 546979.7740109203], [194320.50281252203, 546982.9061611819], [194319.65746874266, 546982.8173135895], [194319.98666500155, 546979.685163328]]]}, "properties": {"floor": 41, "z_m": 132.0, "depth_m": 0.85, "type": "서측 픽셀", "area_m2": 2.68}}, {"type": "Feature", "geometry": {"type": "Polygon", "coordinates": [[[194320.17288285168, 546973.1299142127], [194321.51548767774, 546973.2710250948], [194321.18629141885, 546976.4031753563], [194319.84368659277, 546976.2620644743], [194320.17288285168, 546973.1299142127]]]}, "properties": {"floor": 41, "z_m": 132.0, "depth_m": 1.35, "type": "서측 픽셀", "area_m2": 4.25}}, {"type": "Feature", "geometry": {"type": "Polygon", "coordinates": [[[194321.01188334677, 546969.9306845895], [194321.85722712614, 546970.0195321819], [194321.52803086725, 546973.1516824436], [194320.68268708786, 546973.0628348512], [194321.01188334677, 546969.9306845895]]]}, "properties": {"floor": 41, "z_m": 132.0, "depth_m": 0.85, "type": "서측 픽셀", "area_m2": 2.68}}, {"type": "Feature", "geometry": {"type": "Polygon", "coordinates": [[[194321.19810119687, 546963.3754354743], [194322.54070602293, 546963.5165463564], [194322.21150976405, 546966.6486966179], [194320.868904938, 546966.507585736], [194321.19810119687, 546963.3754354743]]]}, "properties": {"floor": 41, "z_m": 132.0, "depth_m": 1.35, "type": "서측 픽셀", "area_m2": 4.25}}, {"type": "Feature", "geometry": {"type": "Polygon", "coordinates": [[[194322.03710169197, 546960.1762058513], [194322.88244547133, 546960.2650534436], [194322.55324921245, 546963.3972037052], [194321.70790543308, 546963.3083561128], [194322.03710169197, 546960.1762058513]]]}, "properties": {"floor": 41, "z_m": 132.0, "depth_m": 0.85, "type": "서측 픽셀", "area_m2": 2.68}}, {"type": "Feature", "geometry": {"type": "Polygon", "coordinates": [[[194322.22331954207, 546953.620956736], [194323.56592436816, 546953.762067618], [194323.23672810924, 546956.8942178796], [194321.8941232832, 546956.7531069976], [194322.22331954207, 546953.620956736]]]}, "properties": {"floor": 41, "z_m": 132.0, "depth_m": 1.35, "type": "서측 픽셀", "area_m2": 4.25}}, {"type": "Feature", "geometry": {"type": "Polygon", "coordinates": [[[194323.06232003716, 546950.4217271128], [194323.90766381656, 546950.5105747052], [194323.57846755767, 546953.6427249667], [194322.73312377828, 546953.5538773744], [194323.06232003716, 546950.4217271128]]]}, "properties": {"floor": 41, "z_m": 132.0, "depth_m": 0.85, "type": "서측 픽셀", "area_m2": 2.68}}, {"type": "Feature", "geometry": {"type": "Polygon", "coordinates": [[[194336.78665323637, 546948.5164453653], [194337.3833664924, 546948.5791613129], [194331.57379586954, 547003.8545408302], [194330.9770826135, 547003.7918248827], [194336.78665323637, 546948.5164453653]]]}, "properties": {"floor": 41, "z_m": 132.0, "depth_m": 0.6, "type": "동측 연속", "area_m2": 33.35}}, {"type": "Feature", "geometry": {"type": "Polygon", "coordinates": [[[194317.43896726443, 546999.1418575151], [194318.78157209052, 546999.282968397], [194318.45237583164, 547002.4151186587], [194317.10977100555, 547002.2740077766], [194317.43896726443, 546999.1418575151]]]}, "properties": {"floor": 42, "z_m": 135.3, "depth_m": 1.35, "type": "서측 픽셀", "area_m2": 4.25}}, {"type": "Feature", "geometry": {"type": "Polygon", "coordinates": [[[194318.27796775955, 546995.9426278919], [194319.12331153892, 546996.0314754843], [194318.79411528003, 546999.1636257458], [194317.94877150064, 546999.0747781534], [194318.27796775955, 546995.9426278919]]]}, "properties": {"floor": 42, "z_m": 135.3, "depth_m": 0.85, "type": "서측 픽셀", "area_m2": 2.68}}, {"type": "Feature", "geometry": {"type": "Polygon", "coordinates": [[[194318.46418560966, 546989.3873787767], [194319.80679043572, 546989.5284896587], [194319.47759417683, 546992.6606399203], [194318.13498935077, 546992.5195290382], [194318.46418560966, 546989.3873787767]]]}, "properties": {"floor": 42, "z_m": 135.3, "depth_m": 1.35, "type": "서측 픽셀", "area_m2": 4.25}}, {"type": "Feature", "geometry": {"type": "Polygon", "coordinates": [[[194319.30318610475, 546986.1881491535], [194320.1485298841, 546986.2769967458], [194319.81933362523, 546989.4091470075], [194318.97398984586, 546989.3202994152], [194319.30318610475, 546986.1881491535]]]}, "properties": {"floor": 42, "z_m": 135.3, "depth_m": 0.85, "type": "서측 픽셀", "area_m2": 2.68}}, {"type": "Feature", "geometry": {"type": "Polygon", "coordinates": [[[194319.48940395485, 546979.6329000384], [194320.83200878094, 546979.7740109203], [194320.50281252203, 546982.9061611819], [194319.16020769597, 546982.7650502999], [194319.48940395485, 546979.6329000384]]]}, "properties": {"floor": 42, "z_m": 135.3, "depth_m": 1.35, "type": "서측 픽셀", "area_m2": 4.25}}, {"type": "Feature", "geometry": {"type": "Polygon", "coordinates": [[[194320.32840444995, 546976.4336704152], [194321.17374822934, 546976.5225180076], [194320.84455197043, 546979.6546682691], [194319.99920819106, 546979.5658206767], [194320.32840444995, 546976.4336704152]]]}, "properties": {"floor": 42, "z_m": 135.3, "depth_m": 0.85, "type": "서측 픽셀", "area_m2": 2.68}}, {"type": "Feature", "geometry": {"type": "Polygon", "coordinates": [[[194320.51462230008, 546969.8784213], [194321.85722712614, 546970.0195321819], [194321.52803086725, 546973.1516824436], [194320.18542604116, 546973.0105715615], [194320.51462230008, 546969.8784213]]]}, "properties": {"floor": 42, "z_m": 135.3, "depth_m": 1.35, "type": "서측 픽셀", "area_m2": 4.25}}, {"type": "Feature", "geometry": {"type": "Polygon", "coordinates": [[[194321.35362279517, 546966.6791916768], [194322.19896657454, 546966.7680392691], [194321.86977031565, 546969.9001895307], [194321.02442653626, 546969.8113419383], [194321.35362279517, 546966.6791916768]]]}, "properties": {"floor": 42, "z_m": 135.3, "depth_m": 0.85, "type": "서측 픽셀", "area_m2": 2.68}}, {"type": "Feature", "geometry": {"type": "Polygon", "coordinates": [[[194321.53984064527, 546960.1239425616], [194322.88244547133, 546960.2650534436], [194322.55324921245, 546963.3972037052], [194321.2106443864, 546963.2560928232], [194321.53984064527, 546960.1239425616]]]}, "properties": {"floor": 42, "z_m": 135.3, "depth_m": 1.35, "type": "서측 픽셀", "area_m2": 4.25}}, {"type": "Feature", "geometry": {"type": "Polygon", "coordinates": [[[194322.37884114037, 546956.9247129385], [194323.22418491976, 546957.0135605308], [194322.89498866085, 546960.1457107924], [194322.04964488148, 546960.0568632], [194322.37884114037, 546956.9247129385]]]}, "properties": {"floor": 42, "z_m": 135.3, "depth_m": 0.85, "type": "서측 픽셀", "area_m2": 2.68}}, {"type": "Feature", "geometry": {"type": "Polygon", "coordinates": [[[194322.56505899047, 546950.3694638233], [194323.90766381656, 546950.5105747052], [194323.57846755767, 546953.6427249667], [194322.23586273158, 546953.5016140848], [194322.56505899047, 546950.3694638233]]]}, "properties": {"floor": 42, "z_m": 135.3, "depth_m": 1.35, "type": "서측 픽셀", "area_m2": 4.25}}, {"type": "Feature", "geometry": {"type": "Polygon", "coordinates": [[[194323.4040594856, 546947.1702342001], [194324.24940326496, 546947.2590817924], [194323.92020700607, 546950.391232054], [194323.07486322668, 546950.3023844616], [194323.4040594856, 546947.1702342001]]]}, "properties": {"floor": 42, "z_m": 135.3, "depth_m": 0.85, "type": "서측 픽셀", "area_m2": 2.68}}, {"type": "Feature", "geometry": {"type": "Polygon", "coordinates": [[[194336.78665323637, 546948.5164453653], [194337.3833664924, 546948.5791613129], [194331.57379586954, 547003.8545408302], [194330.9770826135, 547003.7918248827], [194336.78665323637, 546948.5164453653]]]}, "properties": {"floor": 42, "z_m": 135.3, "depth_m": 0.6, "type": "동측 연속", "area_m2": 33.35}}, {"type": "Feature", "geometry": {"type": "Polygon", "coordinates": [[[194317.78070671286, 546995.8903646023], [194319.12331153892, 546996.0314754843], [194318.79411528003, 546999.1636257458], [194317.45151045395, 546999.0225148639], [194317.78070671286, 546995.8903646023]]]}, "properties": {"floor": 43, "z_m": 138.6, "depth_m": 1.35, "type": "서측 픽셀", "area_m2": 4.25}}, {"type": "Feature", "geometry": {"type": "Polygon", "coordinates": [[[194318.61970720795, 546992.6911349791], [194319.46505098732, 546992.7799825715], [194319.13585472843, 546995.912132833], [194318.29051094904, 546995.8232852407], [194318.61970720795, 546992.6911349791]]]}, "properties": {"floor": 43, "z_m": 138.6, "depth_m": 0.85, "type": "서측 픽셀", "area_m2": 2.68}}, {"type": "Feature", "geometry": {"type": "Polygon", "coordinates": [[[194318.80592505806, 546986.1358858639], [194320.1485298841, 546986.2769967458], [194319.81933362523, 546989.4091470075], [194318.47672879917, 546989.2680361255], [194318.80592505806, 546986.1358858639]]]}, "properties": {"floor": 43, "z_m": 138.6, "depth_m": 1.35, "type": "서측 픽셀", "area_m2": 4.25}}, {"type": "Feature", "geometry": {"type": "Polygon", "coordinates": [[[194319.64492555315, 546982.9366562407], [194320.49026933254, 546983.0255038331], [194320.16107307363, 546986.1576540946], [194319.31572929426, 546986.0688065023], [194319.64492555315, 546982.9366562407]]]}, "properties": {"floor": 43, "z_m": 138.6, "depth_m": 0.85, "type": "서측 픽셀", "area_m2": 2.68}}, {"type": "Feature", "geometry": {"type": "Polygon", "coordinates": [[[194319.83114340325, 546976.3814071255], [194321.17374822934, 546976.5225180076], [194320.84455197043, 546979.6546682691], [194319.50194714437, 546979.5135573872], [194319.83114340325, 546976.3814071255]]]}, "properties": {"floor": 43, "z_m": 138.6, "depth_m": 1.35, "type": "서측 픽셀", "area_m2": 4.25}}, {"type": "Feature", "geometry": {"type": "Polygon", "coordinates": [[[194320.67014389834, 546973.1821775024], [194321.51548767774, 546973.2710250948], [194321.18629141885, 546976.4031753563], [194320.34094763946, 546976.314327764], [194320.67014389834, 546973.1821775024]]]}, "properties": {"floor": 43, "z_m": 138.6, "depth_m": 0.85, "type": "서측 픽셀", "area_m2": 2.68}}, {"type": "Feature", "geometry": {"type": "Polygon", "coordinates": [[[194320.85636174848, 546966.6269283872], [194322.19896657454, 546966.7680392691], [194321.86977031565, 546969.9001895307], [194320.5271654896, 546969.7590786488], [194320.85636174848, 546966.6269283872]]]}, "properties": {"floor": 43, "z_m": 138.6, "depth_m": 1.35, "type": "서측 픽셀", "area_m2": 4.25}}, {"type": "Feature", "geometry": {"type": "Polygon", "coordinates": [[[194321.69536224357, 546963.427698764], [194322.54070602293, 546963.5165463564], [194322.21150976405, 546966.6486966179], [194321.36616598468, 546966.5598490256], [194321.69536224357, 546963.427698764]]]}, "properties": {"floor": 43, "z_m": 138.6, "depth_m": 0.85, "type": "서측 픽셀", "area_m2": 2.68}}, {"type": "Feature", "geometry": {"type": "Polygon", "coordinates": [[[194321.88158009367, 546956.8724496488], [194323.22418491976, 546957.0135605308], [194322.89498866085, 546960.1457107924], [194321.5523838348, 546960.0045999103], [194321.88158009367, 546956.8724496488]]]}, "properties": {"floor": 43, "z_m": 138.6, "depth_m": 1.35, "type": "서측 픽셀", "area_m2": 4.25}}, {"type": "Feature", "geometry": {"type": "Polygon", "coordinates": [[[194322.72058058876, 546953.6732200256], [194323.56592436816, 546953.762067618], [194323.23672810924, 546956.8942178796], [194322.39138432988, 546956.8053702873], [194322.72058058876, 546953.6732200256]]]}, "properties": {"floor": 43, "z_m": 138.6, "depth_m": 0.85, "type": "서측 픽셀", "area_m2": 2.68}}, {"type": "Feature", "geometry": {"type": "Polygon", "coordinates": [[[194322.9067984389, 546947.1179709104], [194324.24940326496, 546947.2590817924], [194323.92020700607, 546950.391232054], [194322.57760217998, 546950.250121172], [194322.9067984389, 546947.1179709104]]]}, "properties": {"floor": 43, "z_m": 138.6, "depth_m": 1.35, "type": "서측 픽셀", "area_m2": 4.25}}, {"type": "Feature", "geometry": {"type": "Polygon", "coordinates": [[[194336.78665323637, 546948.5164453653], [194337.3833664924, 546948.5791613129], [194331.57379586954, 547003.8545408302], [194330.9770826135, 547003.7918248827], [194336.78665323637, 546948.5164453653]]]}, "properties": {"floor": 43, "z_m": 138.6, "depth_m": 0.6, "type": "동측 연속", "area_m2": 33.35}}, {"type": "Feature", "geometry": {"type": "Polygon", "coordinates": [[[194317.93622831113, 546999.1941208047], [194318.78157209052, 546999.282968397], [194318.45237583164, 547002.4151186587], [194317.60703205224, 547002.3262710663], [194317.93622831113, 546999.1941208047]]]}, "properties": {"floor": 44, "z_m": 141.9, "depth_m": 0.85, "type": "서측 픽셀", "area_m2": 2.68}}, {"type": "Feature", "geometry": {"type": "Polygon", "coordinates": [[[194318.12244616126, 546992.6388716894], [194319.46505098732, 546992.7799825715], [194319.13585472843, 546995.912132833], [194317.79324990234, 546995.7710219511], [194318.12244616126, 546992.6388716894]]]}, "properties": {"floor": 44, "z_m": 141.9, "depth_m": 1.35, "type": "서측 픽셀", "area_m2": 4.25}}, {"type": "Feature", "geometry": {"type": "Polygon", "coordinates": [[[194318.96144665635, 546989.4396420664], [194319.80679043572, 546989.5284896587], [194319.47759417683, 546992.6606399203], [194318.63225039747, 546992.5717923279], [194318.96144665635, 546989.4396420664]]]}, "properties": {"floor": 44, "z_m": 141.9, "depth_m": 0.85, "type": "서측 픽셀", "area_m2": 2.68}}, {"type": "Feature", "geometry": {"type": "Polygon", "coordinates": [[[194319.14766450645, 546982.8843929511], [194320.49026933254, 546983.0255038331], [194320.16107307363, 546986.1576540946], [194318.81846824757, 546986.0165432127], [194319.14766450645, 546982.8843929511]]]}, "properties": {"floor": 44, "z_m": 141.9, "depth_m": 1.35, "type": "서측 픽셀", "area_m2": 4.25}}, {"type": "Feature", "geometry": {"type": "Polygon", "coordinates": [[[194319.98666500155, 546979.685163328], [194320.83200878094, 546979.7740109203], [194320.50281252203, 546982.9061611819], [194319.65746874266, 546982.8173135895], [194319.98666500155, 546979.685163328]]]}, "properties": {"floor": 44, "z_m": 141.9, "depth_m": 0.85, "type": "서측 픽셀", "area_m2": 2.68}}, {"type": "Feature", "geometry": {"type": "Polygon", "coordinates": [[[194320.17288285168, 546973.1299142127], [194321.51548767774, 546973.2710250948], [194321.18629141885, 546976.4031753563], [194319.84368659277, 546976.2620644743], [194320.17288285168, 546973.1299142127]]]}, "properties": {"floor": 44, "z_m": 141.9, "depth_m": 1.35, "type": "서측 픽셀", "area_m2": 4.25}}, {"type": "Feature", "geometry": {"type": "Polygon", "coordinates": [[[194321.01188334677, 546969.9306845895], [194321.85722712614, 546970.0195321819], [194321.52803086725, 546973.1516824436], [194320.68268708786, 546973.0628348512], [194321.01188334677, 546969.9306845895]]]}, "properties": {"floor": 44, "z_m": 141.9, "depth_m": 0.85, "type": "서측 픽셀", "area_m2": 2.68}}, {"type": "Feature", "geometry": {"type": "Polygon", "coordinates": [[[194321.19810119687, 546963.3754354743], [194322.54070602293, 546963.5165463564], [194322.21150976405, 546966.6486966179], [194320.868904938, 546966.507585736], [194321.19810119687, 546963.3754354743]]]}, "properties": {"floor": 44, "z_m": 141.9, "depth_m": 1.35, "type": "서측 픽셀", "area_m2": 4.25}}, {"type": "Feature", "geometry": {"type": "Polygon", "coordinates": [[[194322.03710169197, 546960.1762058513], [194322.88244547133, 546960.2650534436], [194322.55324921245, 546963.3972037052], [194321.70790543308, 546963.3083561128], [194322.03710169197, 546960.1762058513]]]}, "properties": {"floor": 44, "z_m": 141.9, "depth_m": 0.85, "type": "서측 픽셀", "area_m2": 2.68}}, {"type": "Feature", "geometry": {"type": "Polygon", "coordinates": [[[194322.22331954207, 546953.620956736], [194323.56592436816, 546953.762067618], [194323.23672810924, 546956.8942178796], [194321.8941232832, 546956.7531069976], [194322.22331954207, 546953.620956736]]]}, "properties": {"floor": 44, "z_m": 141.9, "depth_m": 1.35, "type": "서측 픽셀", "area_m2": 4.25}}, {"type": "Feature", "geometry": {"type": "Polygon", "coordinates": [[[194323.06232003716, 546950.4217271128], [194323.90766381656, 546950.5105747052], [194323.57846755767, 546953.6427249667], [194322.73312377828, 546953.5538773744], [194323.06232003716, 546950.4217271128]]]}, "properties": {"floor": 44, "z_m": 141.9, "depth_m": 0.85, "type": "서측 픽셀", "area_m2": 2.68}}, {"type": "Feature", "geometry": {"type": "Polygon", "coordinates": [[[194336.78665323637, 546948.5164453653], [194337.3833664924, 546948.5791613129], [194331.57379586954, 547003.8545408302], [194330.9770826135, 547003.7918248827], [194336.78665323637, 546948.5164453653]]]}, "properties": {"floor": 44, "z_m": 141.9, "depth_m": 0.6, "type": "동측 연속", "area_m2": 33.35}}, {"type": "Feature", "geometry": {"type": "Polygon", "coordinates": [[[194317.43896726443, 546999.1418575151], [194318.78157209052, 546999.282968397], [194318.45237583164, 547002.4151186587], [194317.10977100555, 547002.2740077766], [194317.43896726443, 546999.1418575151]]]}, "properties": {"floor": 45, "z_m": 145.2, "depth_m": 1.35, "type": "서측 픽셀", "area_m2": 4.25}}, {"type": "Feature", "geometry": {"type": "Polygon", "coordinates": [[[194318.27796775955, 546995.9426278919], [194319.12331153892, 546996.0314754843], [194318.79411528003, 546999.1636257458], [194317.94877150064, 546999.0747781534], [194318.27796775955, 546995.9426278919]]]}, "properties": {"floor": 45, "z_m": 145.2, "depth_m": 0.85, "type": "서측 픽셀", "area_m2": 2.68}}, {"type": "Feature", "geometry": {"type": "Polygon", "coordinates": [[[194318.46418560966, 546989.3873787767], [194319.80679043572, 546989.5284896587], [194319.47759417683, 546992.6606399203], [194318.13498935077, 546992.5195290382], [194318.46418560966, 546989.3873787767]]]}, "properties": {"floor": 45, "z_m": 145.2, "depth_m": 1.35, "type": "서측 픽셀", "area_m2": 4.25}}, {"type": "Feature", "geometry": {"type": "Polygon", "coordinates": [[[194319.30318610475, 546986.1881491535], [194320.1485298841, 546986.2769967458], [194319.81933362523, 546989.4091470075], [194318.97398984586, 546989.3202994152], [194319.30318610475, 546986.1881491535]]]}, "properties": {"floor": 45, "z_m": 145.2, "depth_m": 0.85, "type": "서측 픽셀", "area_m2": 2.68}}, {"type": "Feature", "geometry": {"type": "Polygon", "coordinates": [[[194319.48940395485, 546979.6329000384], [194320.83200878094, 546979.7740109203], [194320.50281252203, 546982.9061611819], [194319.16020769597, 546982.7650502999], [194319.48940395485, 546979.6329000384]]]}, "properties": {"floor": 45, "z_m": 145.2, "depth_m": 1.35, "type": "서측 픽셀", "area_m2": 4.25}}, {"type": "Feature", "geometry": {"type": "Polygon", "coordinates": [[[194320.32840444995, 546976.4336704152], [194321.17374822934, 546976.5225180076], [194320.84455197043, 546979.6546682691], [194319.99920819106, 546979.5658206767], [194320.32840444995, 546976.4336704152]]]}, "properties": {"floor": 45, "z_m": 145.2, "depth_m": 0.85, "type": "서측 픽셀", "area_m2": 2.68}}, {"type": "Feature", "geometry": {"type": "Polygon", "coordinates": [[[194320.51462230008, 546969.8784213], [194321.85722712614, 546970.0195321819], [194321.52803086725, 546973.1516824436], [194320.18542604116, 546973.0105715615], [194320.51462230008, 546969.8784213]]]}, "properties": {"floor": 45, "z_m": 145.2, "depth_m": 1.35, "type": "서측 픽셀", "area_m2": 4.25}}, {"type": "Feature", "geometry": {"type": "Polygon", "coordinates": [[[194321.35362279517, 546966.6791916768], [194322.19896657454, 546966.7680392691], [194321.86977031565, 546969.9001895307], [194321.02442653626, 546969.8113419383], [194321.35362279517, 546966.6791916768]]]}, "properties": {"floor": 45, "z_m": 145.2, "depth_m": 0.85, "type": "서측 픽셀", "area_m2": 2.68}}, {"type": "Feature", "geometry": {"type": "Polygon", "coordinates": [[[194321.53984064527, 546960.1239425616], [194322.88244547133, 546960.2650534436], [194322.55324921245, 546963.3972037052], [194321.2106443864, 546963.2560928232], [194321.53984064527, 546960.1239425616]]]}, "properties": {"floor": 45, "z_m": 145.2, "depth_m": 1.35, "type": "서측 픽셀", "area_m2": 4.25}}, {"type": "Feature", "geometry": {"type": "Polygon", "coordinates": [[[194322.37884114037, 546956.9247129385], [194323.22418491976, 546957.0135605308], [194322.89498866085, 546960.1457107924], [194322.04964488148, 546960.0568632], [194322.37884114037, 546956.9247129385]]]}, "properties": {"floor": 45, "z_m": 145.2, "depth_m": 0.85, "type": "서측 픽셀", "area_m2": 2.68}}, {"type": "Feature", "geometry": {"type": "Polygon", "coordinates": [[[194322.56505899047, 546950.3694638233], [194323.90766381656, 546950.5105747052], [194323.57846755767, 546953.6427249667], [194322.23586273158, 546953.5016140848], [194322.56505899047, 546950.3694638233]]]}, "properties": {"floor": 45, "z_m": 145.2, "depth_m": 1.35, "type": "서측 픽셀", "area_m2": 4.25}}, {"type": "Feature", "geometry": {"type": "Polygon", "coordinates": [[[194323.4040594856, 546947.1702342001], [194324.24940326496, 546947.2590817924], [194323.92020700607, 546950.391232054], [194323.07486322668, 546950.3023844616], [194323.4040594856, 546947.1702342001]]]}, "properties": {"floor": 45, "z_m": 145.2, "depth_m": 0.85, "type": "서측 픽셀", "area_m2": 2.68}}, {"type": "Feature", "geometry": {"type": "Polygon", "coordinates": [[[194336.78665323637, 546948.5164453653], [194337.3833664924, 546948.5791613129], [194331.57379586954, 547003.8545408302], [194330.9770826135, 547003.7918248827], [194336.78665323637, 546948.5164453653]]]}, "properties": {"floor": 45, "z_m": 145.2, "depth_m": 0.6, "type": "동측 연속", "area_m2": 33.35}}, {"type": "Feature", "geometry": {"type": "Polygon", "coordinates": [[[194317.78070671286, 546995.8903646023], [194319.12331153892, 546996.0314754843], [194318.79411528003, 546999.1636257458], [194317.45151045395, 546999.0225148639], [194317.78070671286, 546995.8903646023]]]}, "properties": {"floor": 46, "z_m": 148.5, "depth_m": 1.35, "type": "서측 픽셀", "area_m2": 4.25}}, {"type": "Feature", "geometry": {"type": "Polygon", "coordinates": [[[194318.61970720795, 546992.6911349791], [194319.46505098732, 546992.7799825715], [194319.13585472843, 546995.912132833], [194318.29051094904, 546995.8232852407], [194318.61970720795, 546992.6911349791]]]}, "properties": {"floor": 46, "z_m": 148.5, "depth_m": 0.85, "type": "서측 픽셀", "area_m2": 2.68}}, {"type": "Feature", "geometry": {"type": "Polygon", "coordinates": [[[194318.80592505806, 546986.1358858639], [194320.1485298841, 546986.2769967458], [194319.81933362523, 546989.4091470075], [194318.47672879917, 546989.2680361255], [194318.80592505806, 546986.1358858639]]]}, "properties": {"floor": 46, "z_m": 148.5, "depth_m": 1.35, "type": "서측 픽셀", "area_m2": 4.25}}, {"type": "Feature", "geometry": {"type": "Polygon", "coordinates": [[[194319.64492555315, 546982.9366562407], [194320.49026933254, 546983.0255038331], [194320.16107307363, 546986.1576540946], [194319.31572929426, 546986.0688065023], [194319.64492555315, 546982.9366562407]]]}, "properties": {"floor": 46, "z_m": 148.5, "depth_m": 0.85, "type": "서측 픽셀", "area_m2": 2.68}}, {"type": "Feature", "geometry": {"type": "Polygon", "coordinates": [[[194319.83114340325, 546976.3814071255], [194321.17374822934, 546976.5225180076], [194320.84455197043, 546979.6546682691], [194319.50194714437, 546979.5135573872], [194319.83114340325, 546976.3814071255]]]}, "properties": {"floor": 46, "z_m": 148.5, "depth_m": 1.35, "type": "서측 픽셀", "area_m2": 4.25}}, {"type": "Feature", "geometry": {"type": "Polygon", "coordinates": [[[194320.67014389834, 546973.1821775024], [194321.51548767774, 546973.2710250948], [194321.18629141885, 546976.4031753563], [194320.34094763946, 546976.314327764], [194320.67014389834, 546973.1821775024]]]}, "properties": {"floor": 46, "z_m": 148.5, "depth_m": 0.85, "type": "서측 픽셀", "area_m2": 2.68}}, {"type": "Feature", "geometry": {"type": "Polygon", "coordinates": [[[194320.85636174848, 546966.6269283872], [194322.19896657454, 546966.7680392691], [194321.86977031565, 546969.9001895307], [194320.5271654896, 546969.7590786488], [194320.85636174848, 546966.6269283872]]]}, "properties": {"floor": 46, "z_m": 148.5, "depth_m": 1.35, "type": "서측 픽셀", "area_m2": 4.25}}, {"type": "Feature", "geometry": {"type": "Polygon", "coordinates": [[[194321.69536224357, 546963.427698764], [194322.54070602293, 546963.5165463564], [194322.21150976405, 546966.6486966179], [194321.36616598468, 546966.5598490256], [194321.69536224357, 546963.427698764]]]}, "properties": {"floor": 46, "z_m": 148.5, "depth_m": 0.85, "type": "서측 픽셀", "area_m2": 2.68}}, {"type": "Feature", "geometry": {"type": "Polygon", "coordinates": [[[194321.88158009367, 546956.8724496488], [194323.22418491976, 546957.0135605308], [194322.89498866085, 546960.1457107924], [194321.5523838348, 546960.0045999103], [194321.88158009367, 546956.8724496488]]]}, "properties": {"floor": 46, "z_m": 148.5, "depth_m": 1.35, "type": "서측 픽셀", "area_m2": 4.25}}, {"type": "Feature", "geometry": {"type": "Polygon", "coordinates": [[[194322.72058058876, 546953.6732200256], [194323.56592436816, 546953.762067618], [194323.23672810924, 546956.8942178796], [194322.39138432988, 546956.8053702873], [194322.72058058876, 546953.6732200256]]]}, "properties": {"floor": 46, "z_m": 148.5, "depth_m": 0.85, "type": "서측 픽셀", "area_m2": 2.68}}, {"type": "Feature", "geometry": {"type": "Polygon", "coordinates": [[[194322.9067984389, 546947.1179709104], [194324.24940326496, 546947.2590817924], [194323.92020700607, 546950.391232054], [194322.57760217998, 546950.250121172], [194322.9067984389, 546947.1179709104]]]}, "properties": {"floor": 46, "z_m": 148.5, "depth_m": 1.35, "type": "서측 픽셀", "area_m2": 4.25}}, {"type": "Feature", "geometry": {"type": "Polygon", "coordinates": [[[194336.78665323637, 546948.5164453653], [194337.3833664924, 546948.5791613129], [194331.57379586954, 547003.8545408302], [194330.9770826135, 547003.7918248827], [194336.78665323637, 546948.5164453653]]]}, "properties": {"floor": 46, "z_m": 148.5, "depth_m": 0.6, "type": "동측 연속", "area_m2": 33.35}}, {"type": "Feature", "geometry": {"type": "Polygon", "coordinates": [[[194317.93622831113, 546999.1941208047], [194318.78157209052, 546999.282968397], [194318.45237583164, 547002.4151186587], [194317.60703205224, 547002.3262710663], [194317.93622831113, 546999.1941208047]]]}, "properties": {"floor": 47, "z_m": 151.8, "depth_m": 0.85, "type": "서측 픽셀", "area_m2": 2.68}}, {"type": "Feature", "geometry": {"type": "Polygon", "coordinates": [[[194318.12244616126, 546992.6388716894], [194319.46505098732, 546992.7799825715], [194319.13585472843, 546995.912132833], [194317.79324990234, 546995.7710219511], [194318.12244616126, 546992.6388716894]]]}, "properties": {"floor": 47, "z_m": 151.8, "depth_m": 1.35, "type": "서측 픽셀", "area_m2": 4.25}}, {"type": "Feature", "geometry": {"type": "Polygon", "coordinates": [[[194318.96144665635, 546989.4396420664], [194319.80679043572, 546989.5284896587], [194319.47759417683, 546992.6606399203], [194318.63225039747, 546992.5717923279], [194318.96144665635, 546989.4396420664]]]}, "properties": {"floor": 47, "z_m": 151.8, "depth_m": 0.85, "type": "서측 픽셀", "area_m2": 2.68}}, {"type": "Feature", "geometry": {"type": "Polygon", "coordinates": [[[194319.14766450645, 546982.8843929511], [194320.49026933254, 546983.0255038331], [194320.16107307363, 546986.1576540946], [194318.81846824757, 546986.0165432127], [194319.14766450645, 546982.8843929511]]]}, "properties": {"floor": 47, "z_m": 151.8, "depth_m": 1.35, "type": "서측 픽셀", "area_m2": 4.25}}, {"type": "Feature", "geometry": {"type": "Polygon", "coordinates": [[[194319.98666500155, 546979.685163328], [194320.83200878094, 546979.7740109203], [194320.50281252203, 546982.9061611819], [194319.65746874266, 546982.8173135895], [194319.98666500155, 546979.685163328]]]}, "properties": {"floor": 47, "z_m": 151.8, "depth_m": 0.85, "type": "서측 픽셀", "area_m2": 2.68}}, {"type": "Feature", "geometry": {"type": "Polygon", "coordinates": [[[194320.17288285168, 546973.1299142127], [194321.51548767774, 546973.2710250948], [194321.18629141885, 546976.4031753563], [194319.84368659277, 546976.2620644743], [194320.17288285168, 546973.1299142127]]]}, "properties": {"floor": 47, "z_m": 151.8, "depth_m": 1.35, "type": "서측 픽셀", "area_m2": 4.25}}, {"type": "Feature", "geometry": {"type": "Polygon", "coordinates": [[[194321.01188334677, 546969.9306845895], [194321.85722712614, 546970.0195321819], [194321.52803086725, 546973.1516824436], [194320.68268708786, 546973.0628348512], [194321.01188334677, 546969.9306845895]]]}, "properties": {"floor": 47, "z_m": 151.8, "depth_m": 0.85, "type": "서측 픽셀", "area_m2": 2.68}}, {"type": "Feature", "geometry": {"type": "Polygon", "coordinates": [[[194321.19810119687, 546963.3754354743], [194322.54070602293, 546963.5165463564], [194322.21150976405, 546966.6486966179], [194320.868904938, 546966.507585736], [194321.19810119687, 546963.3754354743]]]}, "properties": {"floor": 47, "z_m": 151.8, "depth_m": 1.35, "type": "서측 픽셀", "area_m2": 4.25}}, {"type": "Feature", "geometry": {"type": "Polygon", "coordinates": [[[194322.03710169197, 546960.1762058513], [194322.88244547133, 546960.2650534436], [194322.55324921245, 546963.3972037052], [194321.70790543308, 546963.3083561128], [194322.03710169197, 546960.1762058513]]]}, "properties": {"floor": 47, "z_m": 151.8, "depth_m": 0.85, "type": "서측 픽셀", "area_m2": 2.68}}, {"type": "Feature", "geometry": {"type": "Polygon", "coordinates": [[[194322.22331954207, 546953.620956736], [194323.56592436816, 546953.762067618], [194323.23672810924, 546956.8942178796], [194321.8941232832, 546956.7531069976], [194322.22331954207, 546953.620956736]]]}, "properties": {"floor": 47, "z_m": 151.8, "depth_m": 1.35, "type": "서측 픽셀", "area_m2": 4.25}}, {"type": "Feature", "geometry": {"type": "Polygon", "coordinates": [[[194323.06232003716, 546950.4217271128], [194323.90766381656, 546950.5105747052], [194323.57846755767, 546953.6427249667], [194322.73312377828, 546953.5538773744], [194323.06232003716, 546950.4217271128]]]}, "properties": {"floor": 47, "z_m": 151.8, "depth_m": 0.85, "type": "서측 픽셀", "area_m2": 2.68}}, {"type": "Feature", "geometry": {"type": "Polygon", "coordinates": [[[194336.78665323637, 546948.5164453653], [194337.3833664924, 546948.5791613129], [194331.57379586954, 547003.8545408302], [194330.9770826135, 547003.7918248827], [194336.78665323637, 546948.5164453653]]]}, "properties": {"floor": 47, "z_m": 151.8, "depth_m": 0.6, "type": "동측 연속", "area_m2": 33.35}}, {"type": "Feature", "geometry": {"type": "Polygon", "coordinates": [[[194317.43896726443, 546999.1418575151], [194318.78157209052, 546999.282968397], [194318.45237583164, 547002.4151186587], [194317.10977100555, 547002.2740077766], [194317.43896726443, 546999.1418575151]]]}, "properties": {"floor": 48, "z_m": 155.1, "depth_m": 1.35, "type": "서측 픽셀", "area_m2": 4.25}}, {"type": "Feature", "geometry": {"type": "Polygon", "coordinates": [[[194318.27796775955, 546995.9426278919], [194319.12331153892, 546996.0314754843], [194318.79411528003, 546999.1636257458], [194317.94877150064, 546999.0747781534], [194318.27796775955, 546995.9426278919]]]}, "properties": {"floor": 48, "z_m": 155.1, "depth_m": 0.85, "type": "서측 픽셀", "area_m2": 2.68}}, {"type": "Feature", "geometry": {"type": "Polygon", "coordinates": [[[194318.46418560966, 546989.3873787767], [194319.80679043572, 546989.5284896587], [194319.47759417683, 546992.6606399203], [194318.13498935077, 546992.5195290382], [194318.46418560966, 546989.3873787767]]]}, "properties": {"floor": 48, "z_m": 155.1, "depth_m": 1.35, "type": "서측 픽셀", "area_m2": 4.25}}, {"type": "Feature", "geometry": {"type": "Polygon", "coordinates": [[[194319.30318610475, 546986.1881491535], [194320.1485298841, 546986.2769967458], [194319.81933362523, 546989.4091470075], [194318.97398984586, 546989.3202994152], [194319.30318610475, 546986.1881491535]]]}, "properties": {"floor": 48, "z_m": 155.1, "depth_m": 0.85, "type": "서측 픽셀", "area_m2": 2.68}}, {"type": "Feature", "geometry": {"type": "Polygon", "coordinates": [[[194319.48940395485, 546979.6329000384], [194320.83200878094, 546979.7740109203], [194320.50281252203, 546982.9061611819], [194319.16020769597, 546982.7650502999], [194319.48940395485, 546979.6329000384]]]}, "properties": {"floor": 48, "z_m": 155.1, "depth_m": 1.35, "type": "서측 픽셀", "area_m2": 4.25}}, {"type": "Feature", "geometry": {"type": "Polygon", "coordinates": [[[194320.32840444995, 546976.4336704152], [194321.17374822934, 546976.5225180076], [194320.84455197043, 546979.6546682691], [194319.99920819106, 546979.5658206767], [194320.32840444995, 546976.4336704152]]]}, "properties": {"floor": 48, "z_m": 155.1, "depth_m": 0.85, "type": "서측 픽셀", "area_m2": 2.68}}, {"type": "Feature", "geometry": {"type": "Polygon", "coordinates": [[[194320.51462230008, 546969.8784213], [194321.85722712614, 546970.0195321819], [194321.52803086725, 546973.1516824436], [194320.18542604116, 546973.0105715615], [194320.51462230008, 546969.8784213]]]}, "properties": {"floor": 48, "z_m": 155.1, "depth_m": 1.35, "type": "서측 픽셀", "area_m2": 4.25}}, {"type": "Feature", "geometry": {"type": "Polygon", "coordinates": [[[194321.35362279517, 546966.6791916768], [194322.19896657454, 546966.7680392691], [194321.86977031565, 546969.9001895307], [194321.02442653626, 546969.8113419383], [194321.35362279517, 546966.6791916768]]]}, "properties": {"floor": 48, "z_m": 155.1, "depth_m": 0.85, "type": "서측 픽셀", "area_m2": 2.68}}, {"type": "Feature", "geometry": {"type": "Polygon", "coordinates": [[[194321.53984064527, 546960.1239425616], [194322.88244547133, 546960.2650534436], [194322.55324921245, 546963.3972037052], [194321.2106443864, 546963.2560928232], [194321.53984064527, 546960.1239425616]]]}, "properties": {"floor": 48, "z_m": 155.1, "depth_m": 1.35, "type": "서측 픽셀", "area_m2": 4.25}}, {"type": "Feature", "geometry": {"type": "Polygon", "coordinates": [[[194322.37884114037, 546956.9247129385], [194323.22418491976, 546957.0135605308], [194322.89498866085, 546960.1457107924], [194322.04964488148, 546960.0568632], [194322.37884114037, 546956.9247129385]]]}, "properties": {"floor": 48, "z_m": 155.1, "depth_m": 0.85, "type": "서측 픽셀", "area_m2": 2.68}}, {"type": "Feature", "geometry": {"type": "Polygon", "coordinates": [[[194322.56505899047, 546950.3694638233], [194323.90766381656, 546950.5105747052], [194323.57846755767, 546953.6427249667], [194322.23586273158, 546953.5016140848], [194322.56505899047, 546950.3694638233]]]}, "properties": {"floor": 48, "z_m": 155.1, "depth_m": 1.35, "type": "서측 픽셀", "area_m2": 4.25}}, {"type": "Feature", "geometry": {"type": "Polygon", "coordinates": [[[194323.4040594856, 546947.1702342001], [194324.24940326496, 546947.2590817924], [194323.92020700607, 546950.391232054], [194323.07486322668, 546950.3023844616], [194323.4040594856, 546947.1702342001]]]}, "properties": {"floor": 48, "z_m": 155.1, "depth_m": 0.85, "type": "서측 픽셀", "area_m2": 2.68}}, {"type": "Feature", "geometry": {"type": "Polygon", "coordinates": [[[194336.78665323637, 546948.5164453653], [194337.3833664924, 546948.5791613129], [194331.57379586954, 547003.8545408302], [194330.9770826135, 547003.7918248827], [194336.78665323637, 546948.5164453653]]]}, "properties": {"floor": 48, "z_m": 155.1, "depth_m": 0.6, "type": "동측 연속", "area_m2": 33.35}}, {"type": "Feature", "geometry": {"type": "Polygon", "coordinates": [[[194317.78070671286, 546995.8903646023], [194319.12331153892, 546996.0314754843], [194318.79411528003, 546999.1636257458], [194317.45151045395, 546999.0225148639], [194317.78070671286, 546995.8903646023]]]}, "properties": {"floor": 49, "z_m": 158.4, "depth_m": 1.35, "type": "서측 픽셀", "area_m2": 4.25}}, {"type": "Feature", "geometry": {"type": "Polygon", "coordinates": [[[194318.61970720795, 546992.6911349791], [194319.46505098732, 546992.7799825715], [194319.13585472843, 546995.912132833], [194318.29051094904, 546995.8232852407], [194318.61970720795, 546992.6911349791]]]}, "properties": {"floor": 49, "z_m": 158.4, "depth_m": 0.85, "type": "서측 픽셀", "area_m2": 2.68}}, {"type": "Feature", "geometry": {"type": "Polygon", "coordinates": [[[194318.80592505806, 546986.1358858639], [194320.1485298841, 546986.2769967458], [194319.81933362523, 546989.4091470075], [194318.47672879917, 546989.2680361255], [194318.80592505806, 546986.1358858639]]]}, "properties": {"floor": 49, "z_m": 158.4, "depth_m": 1.35, "type": "서측 픽셀", "area_m2": 4.25}}, {"type": "Feature", "geometry": {"type": "Polygon", "coordinates": [[[194319.64492555315, 546982.9366562407], [194320.49026933254, 546983.0255038331], [194320.16107307363, 546986.1576540946], [194319.31572929426, 546986.0688065023], [194319.64492555315, 546982.9366562407]]]}, "properties": {"floor": 49, "z_m": 158.4, "depth_m": 0.85, "type": "서측 픽셀", "area_m2": 2.68}}, {"type": "Feature", "geometry": {"type": "Polygon", "coordinates": [[[194319.83114340325, 546976.3814071255], [194321.17374822934, 546976.5225180076], [194320.84455197043, 546979.6546682691], [194319.50194714437, 546979.5135573872], [194319.83114340325, 546976.3814071255]]]}, "properties": {"floor": 49, "z_m": 158.4, "depth_m": 1.35, "type": "서측 픽셀", "area_m2": 4.25}}, {"type": "Feature", "geometry": {"type": "Polygon", "coordinates": [[[194320.67014389834, 546973.1821775024], [194321.51548767774, 546973.2710250948], [194321.18629141885, 546976.4031753563], [194320.34094763946, 546976.314327764], [194320.67014389834, 546973.1821775024]]]}, "properties": {"floor": 49, "z_m": 158.4, "depth_m": 0.85, "type": "서측 픽셀", "area_m2": 2.68}}, {"type": "Feature", "geometry": {"type": "Polygon", "coordinates": [[[194320.85636174848, 546966.6269283872], [194322.19896657454, 546966.7680392691], [194321.86977031565, 546969.9001895307], [194320.5271654896, 546969.7590786488], [194320.85636174848, 546966.6269283872]]]}, "properties": {"floor": 49, "z_m": 158.4, "depth_m": 1.35, "type": "서측 픽셀", "area_m2": 4.25}}, {"type": "Feature", "geometry": {"type": "Polygon", "coordinates": [[[194321.69536224357, 546963.427698764], [194322.54070602293, 546963.5165463564], [194322.21150976405, 546966.6486966179], [194321.36616598468, 546966.5598490256], [194321.69536224357, 546963.427698764]]]}, "properties": {"floor": 49, "z_m": 158.4, "depth_m": 0.85, "type": "서측 픽셀", "area_m2": 2.68}}, {"type": "Feature", "geometry": {"type": "Polygon", "coordinates": [[[194321.88158009367, 546956.8724496488], [194323.22418491976, 546957.0135605308], [194322.89498866085, 546960.1457107924], [194321.5523838348, 546960.0045999103], [194321.88158009367, 546956.8724496488]]]}, "properties": {"floor": 49, "z_m": 158.4, "depth_m": 1.35, "type": "서측 픽셀", "area_m2": 4.25}}, {"type": "Feature", "geometry": {"type": "Polygon", "coordinates": [[[194322.72058058876, 546953.6732200256], [194323.56592436816, 546953.762067618], [194323.23672810924, 546956.8942178796], [194322.39138432988, 546956.8053702873], [194322.72058058876, 546953.6732200256]]]}, "properties": {"floor": 49, "z_m": 158.4, "depth_m": 0.85, "type": "서측 픽셀", "area_m2": 2.68}}, {"type": "Feature", "geometry": {"type": "Polygon", "coordinates": [[[194322.9067984389, 546947.1179709104], [194324.24940326496, 546947.2590817924], [194323.92020700607, 546950.391232054], [194322.57760217998, 546950.250121172], [194322.9067984389, 546947.1179709104]]]}, "properties": {"floor": 49, "z_m": 158.4, "depth_m": 1.35, "type": "서측 픽셀", "area_m2": 4.25}}, {"type": "Feature", "geometry": {"type": "Polygon", "coordinates": [[[194336.78665323637, 546948.5164453653], [194337.3833664924, 546948.5791613129], [194331.57379586954, 547003.8545408302], [194330.9770826135, 547003.7918248827], [194336.78665323637, 546948.5164453653]]]}, "properties": {"floor": 49, "z_m": 158.4, "depth_m": 0.6, "type": "동측 연속", "area_m2": 33.35}}], "crs": {"type": "name", "properties": {"name": "urn:ogc:def:crs:EPSG::5186"}}}