{"type": "FeatureCollection", "crs": {"type": "name", "properties": {"name": "urn:ogc:def:crs:EPSG::5186"}}, "features": [{"type": "Feature", "geometry": {"type": "Polygon", "coordinates": [[[194320.73731852812, 546980.6749449137], [194333.26829690477, 546981.9919798122], [194333.96548918833, 546975.3585174493], [194321.4345108117, 546974.0414825508], [194320.73731852812, 546980.6749449137]]]}, "properties": {"plan": "기준층2", "floors": "3-49", "layer": "세대", "type": "84", "no": "01", "area_m2": 84.0, "orient": "동·서 맞통풍"}}, {"type": "Feature", "geometry": {"type": "Polygon", "coordinates": [[[194325.82476110396, 546978.1916144307], [194321.05105505572, 546977.6898868504], [194320.73731852812, 546980.6749449137], [194325.51102457635, 546981.176672494], [194325.82476110396, 546978.1916144307]]]}, "properties": {"plan": "기준층2", "layer": "실", "type": "84", "no": "01", "name": "침실1", "area_m2": 14.4}}, {"type": "Feature", "geometry": {"type": "Polygon", "coordinates": [[[194321.4345108117, 546974.0414825508], [194321.05105505572, 546977.6898868504], [194325.82476110396, 546978.1916144307], [194326.20821685993, 546974.5432101312], [194321.4345108117, 546974.0414825508]]]}, "properties": {"plan": "기준층2", "layer": "실", "type": "84", "no": "01", "name": "거실", "area_m2": 17.6}}, {"type": "Feature", "geometry": {"type": "Polygon", "coordinates": [[[194328.41051854676, 546978.4633835368], [194325.82476110396, 546978.1916144307], [194325.51102457635, 546981.176672494], [194328.09678201916, 546981.4484416001], [194328.41051854676, 546978.4633835368]]]}, "properties": {"plan": "기준층2", "layer": "실", "type": "84", "no": "01", "name": "드레스·욕실", "area_m2": 7.8}}, {"type": "Feature", "geometry": {"type": "Polygon", "coordinates": [[[194326.20821685993, 546974.5432101312], [194325.82476110396, 546978.1916144307], [194329.40504064015, 546978.567910116], [194329.78849639613, 546974.9195058165], [194326.20821685993, 546974.5432101312]]]}, "properties": {"plan": "기준층2", "layer": "실", "type": "84", "no": "01", "name": "주방·식당", "area_m2": 13.2}}, {"type": "Feature", "geometry": {"type": "Polygon", "coordinates": [[[194331.09060156572, 546979.7510773131], [194328.30593970424, 546979.4584028913], [194328.09678201916, 546981.4484416001], [194330.88144388064, 546981.741116022], [194331.09060156572, 546979.7510773131]]]}, "properties": {"plan": "기준층2", "layer": "실", "type": "84", "no": "01", "name": "욕실", "area_m2": 5.6}}, {"type": "Feature", "geometry": {"type": "Polygon", "coordinates": [[[194329.78849639613, 546974.9195058165], [194329.495675637, 546977.7055600089], [194333.67266842924, 546978.1445716417], [194333.96548918833, 546975.3585174493], [194329.78849639613, 546974.9195058165]]]}, "properties": {"plan": "기준층2", "layer": "실", "type": "84", "no": "01", "name": "침실2", "area_m2": 11.8}}, {"type": "Feature", "geometry": {"type": "Polygon", "coordinates": [[[194330.68910214907, 546977.830991904], [194330.4938883097, 546979.6883613656], [194333.47745458983, 546980.0019411034], [194333.67266842924, 546978.1445716417], [194330.68910214907, 546977.830991904]]]}, "properties": {"plan": "기준층2", "layer": "실", "type": "84", "no": "01", "name": "알파룸", "area_m2": 5.6}}, {"type": "Feature", "geometry": {"type": "Polygon", "coordinates": [[[194331.37501434804, 546979.9151045341], [194331.17980050866, 546981.7724739958], [194333.26829690477, 546981.9919798122], [194333.46351074416, 546980.1346103506], [194331.37501434804, 546979.9151045341]]]}, "properties": {"plan": "기준층2", "layer": "실", "type": "84", "no": "01", "name": "현관", "area_m2": 3.9}}, {"type": "Feature", "geometry": {"type": "Polygon", "coordinates": [[[194321.4345108117, 546974.0414825508], [194333.96548918833, 546975.3585174493], [194334.6626814719, 546968.7250550864], [194322.13170309525, 546967.408020188], [194321.4345108117, 546974.0414825508]]]}, "properties": {"plan": "기준층2", "floors": "3-49", "layer": "세대", "type": "84", "no": "02", "area_m2": 84.0, "orient": "동·서 맞통풍"}}, {"type": "Feature", "geometry": {"type": "Polygon", "coordinates": [[[194322.13170309525, 546967.408020188], [194321.81796656764, 546970.3930782513], [194326.5916726159, 546970.8948058316], [194326.9054091435, 546967.9097477683], [194322.13170309525, 546967.408020188]]]}, "properties": {"plan": "기준층2", "layer": "실", "type": "84", "no": "02", "name": "침실1", "area_m2": 14.4}}, {"type": "Feature", "geometry": {"type": "Polygon", "coordinates": [[[194326.5916726159, 546970.8948058316], [194321.81796656764, 546970.3930782513], [194321.4345108117, 546974.0414825508], [194326.20821685993, 546974.5432101312], [194326.5916726159, 546970.8948058316]]]}, "properties": {"plan": "기준층2", "layer": "실", "type": "84", "no": "02", "name": "거실", "area_m2": 17.6}}, {"type": "Feature", "geometry": {"type": "Polygon", "coordinates": [[[194326.9054091435, 546967.9097477683], [194326.5916726159, 546970.8948058316], [194329.1774300587, 546971.1665749376], [194329.49116658632, 546968.1815168743], [194326.9054091435, 546967.9097477683]]]}, "properties": {"plan": "기준층2", "layer": "실", "type": "84", "no": "02", "name": "드레스·욕실", "area_m2": 7.8}}, {"type": "Feature", "geometry": {"type": "Polygon", "coordinates": [[[194330.17195215207, 546971.2711015169], [194326.5916726159, 546970.8948058316], [194326.20821685993, 546974.5432101312], [194329.78849639613, 546974.9195058165], [194330.17195215207, 546971.2711015169]]]}, "properties": {"plan": "기준층2", "layer": "실", "type": "84", "no": "02", "name": "주방·식당", "area_m2": 13.2}}, {"type": "Feature", "geometry": {"type": "Polygon", "coordinates": [[[194329.49116658632, 546968.1815168743], [194329.28200890124, 546970.1715555832], [194332.06667076272, 546970.4642300052], [194332.27582844777, 546968.4741912963], [194329.49116658632, 546968.1815168743]]]}, "properties": {"plan": "기준층2", "layer": "실", "type": "84", "no": "02", "name": "욕실", "area_m2": 5.6}}, {"type": "Feature", "geometry": {"type": "Polygon", "coordinates": [[[194330.0813171552, 546972.1334516241], [194329.78849639613, 546974.9195058165], [194333.96548918833, 546975.3585174493], [194334.25830994744, 546972.5724632569], [194330.0813171552, 546972.1334516241]]]}, "properties": {"plan": "기준층2", "layer": "실", "type": "84", "no": "02", "name": "침실2", "area_m2": 11.8}}, {"type": "Feature", "geometry": {"type": "Polygon", "coordinates": [[[194331.4699575067, 546970.4015140575], [194331.27474366728, 546972.2588835192], [194334.25830994744, 546972.5724632569], [194334.45352378683, 546970.7150937953], [194331.4699575067, 546970.4015140575]]]}, "properties": {"plan": "기준층2", "layer": "실", "type": "84", "no": "02", "name": "알파룸", "area_m2": 5.6}}, {"type": "Feature", "geometry": {"type": "Polygon", "coordinates": [[[194332.5741850758, 546968.5055492701], [194332.3789712364, 546970.3629187316], [194334.46746763252, 546970.5824245481], [194334.6626814719, 546968.7250550864], [194332.5741850758, 546968.5055492701]]]}, "properties": {"plan": "기준층2", "layer": "실", "type": "84", "no": "02", "name": "현관", "area_m2": 3.9}}, {"type": "Feature", "geometry": {"type": "Polygon", "coordinates": [[[194319.37638246632, 546993.6236225696], [194329.81886444686, 546994.7211516517], [194330.40630382224, 546989.1319374868], [194319.9638218417, 546988.0344084047], [194319.37638246632, 546993.6236225696]]]}, "properties": {"plan": "기준층2", "floors": "3-49", "layer": "세대", "type": "59", "no": "03", "area_m2": 59.0, "orient": "서향"}}, {"type": "Feature", "geometry": {"type": "Polygon", "coordinates": [[[194324.09299451494, 546990.8417953027], [194319.71709730403, 546990.381878354], [194319.37638246632, 546993.6236225696], [194323.75227967722, 546994.0835395183], [194324.09299451494, 546990.8417953027]]]}, "properties": {"plan": "기준층2", "layer": "실", "type": "59", "no": "03", "name": "거실", "area_m2": 14.3}}, {"type": "Feature", "geometry": {"type": "Polygon", "coordinates": [[[194319.9638218417, 546988.0344084047], [194319.71709730403, 546990.381878354], [194324.09299451494, 546990.8417953027], [194324.33971905257, 546988.4943253534], [194319.9638218417, 546988.0344084047]]]}, "properties": {"plan": "기준층2", "layer": "실", "type": "59", "no": "03", "name": "침실1", "area_m2": 10.4}}, {"type": "Feature", "geometry": {"type": "Polygon", "coordinates": [[[194326.8776563764, 546991.1344697245], [194324.09299451494, 546990.8417953027], [194323.75227967722, 546994.0835395183], [194326.5369415387, 546994.3762139401], [194326.8776563764, 546991.1344697245]]]}, "properties": {"plan": "기준층2", "layer": "실", "type": "59", "no": "03", "name": "주방", "area_m2": 9.1}}, {"type": "Feature", "geometry": {"type": "Polygon", "coordinates": [[[194324.33971905257, 546988.4943253534], [194324.09299451494, 546990.8417953027], [194326.2809431204, 546991.071753777], [194326.52766765803, 546988.7242838278], [194324.33971905257, 546988.4943253534]]]}, "properties": {"plan": "기준층2", "layer": "실", "type": "59", "no": "03", "name": "욕실", "area_m2": 5.2}}, {"type": "Feature", "geometry": {"type": "Polygon", "coordinates": [[[194326.86003319515, 546991.3021461494], [194326.5369415387, 546994.3762139401], [194329.81886444686, 546994.7211516517], [194330.14195610333, 546991.647083861], [194326.86003319515, 546991.3021461494]]]}, "properties": {"plan": "기준층2", "layer": "실", "type": "59", "no": "03", "name": "침실2", "area_m2": 10.2}}, {"type": "Feature", "geometry": {"type": "Polygon", "coordinates": [[[194328.61616405414, 546988.9437896442], [194328.43993224154, 546990.6205538936], [194330.2300720096, 546990.8087017363], [194330.40630382224, 546989.1319374868], [194328.61616405414, 546988.9437896442]]]}, "properties": {"plan": "기준층2", "layer": "실", "type": "59", "no": "03", "name": "현관", "area_m2": 3.0}}, {"type": "Feature", "geometry": {"type": "Polygon", "coordinates": [[[194318.44610423688, 547002.4747899842], [194318.45977233516, 547002.9967158149], [194318.6080590494, 547003.4973198901], [194318.8808588851, 547003.9424868693], [194319.25958098425, 547004.3018793585], [194319.7184160617, 547004.5510053535], [194320.22609526516, 547004.6728873295], [194328.77898526826, 547005.571815911], [194329.30091109898, 547005.5581478127], [194329.80151517413, 547005.4098610985], [194330.2466821533, 547005.1370612627], [194330.6060746425, 547004.7583391636], [194330.85520063754, 547004.2995040861], [194330.9770826135, 547003.7918248827], [194331.90736084298, 546994.940657468], [194319.37638246632, 546993.6236225696], [194318.44610423688, 547002.4747899842]]]}, "properties": {"plan": "기준층2", "floors": "3-49", "layer": "세대", "type": "135", "no": "04", "area_m2": 135.6, "orient": "3면 개방(단부)"}}, {"type": "Feature", "geometry": {"type": "Polygon", "coordinates": [[[194319.37638246632, 546993.6236225696], [194318.96622316667, 546997.5260987461], [194323.93883363358, 546998.0487316423], [194324.34899293326, 546994.1462554658], [194319.37638246632, 546993.6236225696]]]}, "properties": {"plan": "기준층2", "layer": "실", "type": "135", "no": "04", "name": "침실1", "area_m2": 19.6}}, {"type": "Feature", "geometry": {"type": "Polygon", "coordinates": [[[194325.13226014565, 546998.1741635374], [194318.96622316667, 546997.5260987461], [194318.44610423688, 547002.4747899842], [194318.45977233516, 547002.9967158149], [194318.6080590494, 547003.4973198901], [194318.8808588851, 547003.9424868693], [194319.25958098425, 547004.3018793585], [194319.7184160617, 547004.5510053535], [194320.22609526516, 547004.6728873295], [194324.40308805736, 547005.1118989623], [194325.13226014565, 546998.1741635374]]]}, "properties": {"plan": "기준층2", "layer": "실", "type": "135", "no": "04", "name": "거실", "area_m2": 42.4}}, {"type": "Feature", "geometry": {"type": "Polygon", "coordinates": [[[194324.34899293326, 546994.1462554658], [194323.93883363358, 546998.0487316423], [194326.72349549507, 546998.3414060642], [194327.13365479474, 546994.4389298877], [194324.34899293326, 546994.1462554658]]]}, "properties": {"plan": "기준층2", "layer": "실", "type": "135", "no": "04", "name": "드레스·욕실", "area_m2": 11.0}}, {"type": "Feature", "geometry": {"type": "Polygon", "coordinates": [[[194328.1324378224, 547000.2430824472], [194324.94996712357, 546999.9085973937], [194324.40308805736, 547005.1118989623], [194327.5855587562, 547005.446384016], [194328.1324378224, 547000.2430824472]]]}, "properties": {"plan": "기준층2", "layer": "실", "type": "135", "no": "04", "name": "주방·식당", "area_m2": 16.7}}, {"type": "Feature", "geometry": {"type": "Polygon", "coordinates": [[[194328.04129131138, 547001.1102993754], [194327.5855587562, 547005.446384016], [194328.77898526826, 547005.571815911], [194329.30091109898, 547005.5581478127], [194329.80151517413, 547005.4098610985], [194330.2466821533, 547005.1370612627], [194330.6060746425, 547004.7583391636], [194330.85520063754, 547004.2995040861], [194330.9770826135, 547003.7918248827], [194331.2237620102, 547001.4447844289], [194328.04129131138, 547001.1102993754]]]}, "properties": {"plan": "기준층2", "layer": "실", "type": "135", "no": "04", "name": "침실3", "area_m2": 13.1}}, {"type": "Feature", "geometry": {"type": "Polygon", "coordinates": [[[194328.18418630908, 546997.8373305791], [194327.8423868927, 547001.0893940595], [194331.2237620102, 547001.4447844289], [194331.5655614266, 546998.1927209485], [194328.18418630908, 546997.8373305791]]]}, "properties": {"plan": "기준층2", "layer": "실", "type": "135", "no": "04", "name": "침실2", "area_m2": 11.1}}, {"type": "Feature", "geometry": {"type": "Polygon", "coordinates": [[[194328.36647933116, 546996.1028967228], [194328.18418630908, 546997.8373305791], [194331.5655614266, 546998.1927209485], [194331.74785444865, 546996.4582870923], [194328.36647933116, 546996.1028967228]]]}, "properties": {"plan": "기준층2", "layer": "실", "type": "135", "no": "04", "name": "욕실", "area_m2": 5.9}}, {"type": "Feature", "geometry": {"type": "Polygon", "coordinates": [[[194329.81886444686, 546994.7211516517], [194329.65935805257, 546996.2387812758], [194331.74785444865, 546996.4582870923], [194331.90736084298, 546994.940657468], [194329.81886444686, 546994.7211516517]]]}, "properties": {"plan": "기준층2", "layer": "실", "type": "135", "no": "04", "name": "현관", "area_m2": 3.2}}, {"type": "Feature", "geometry": {"type": "Polygon", "coordinates": [[[194327.13365479474, 546994.4389298877], [194326.97414840042, 546995.956559512], [194329.65935805257, 546996.2387812758], [194329.81886444686, 546994.7211516517], [194327.13365479474, 546994.4389298877]]]}, "properties": {"plan": "기준층2", "layer": "실", "type": "135", "no": "04", "name": "팬트리", "area_m2": 4.1}}, {"type": "Feature", "geometry": {"type": "Polygon", "coordinates": [[[194322.90519978167, 546960.0485566969], [194333.3476817622, 546961.146085779], [194333.9351211376, 546955.5568716142], [194323.49263915705, 546954.4593425321], [194322.90519978167, 546960.0485566969]]]}, "properties": {"plan": "기준층2", "floors": "3-49", "layer": "세대", "type": "59", "no": "05", "area_m2": 59.0, "orient": "서향"}}, {"type": "Feature", "geometry": {"type": "Polygon", "coordinates": [[[194323.49263915705, 546954.4593425321], [194323.15192431933, 546957.7010867477], [194327.52782153024, 546958.1610036964], [194327.86853636793, 546954.9192594808], [194323.49263915705, 546954.4593425321]]]}, "properties": {"plan": "기준층2", "layer": "실", "type": "59", "no": "05", "name": "거실", "area_m2": 14.3}}, {"type": "Feature", "geometry": {"type": "Polygon", "coordinates": [[[194327.52782153024, 546958.1610036964], [194323.15192431933, 546957.7010867477], [194322.90519978167, 546960.0485566969], [194327.28109699258, 546960.5084736455], [194327.52782153024, 546958.1610036964]]]}, "properties": {"plan": "기준층2", "layer": "실", "type": "59", "no": "05", "name": "침실1", "area_m2": 10.4}}, {"type": "Feature", "geometry": {"type": "Polygon", "coordinates": [[[194327.86853636793, 546954.9192594808], [194327.52782153024, 546958.1610036964], [194330.3124833917, 546958.4536781182], [194330.6531982294, 546955.2119339026], [194327.86853636793, 546954.9192594808]]]}, "properties": {"plan": "기준층2", "layer": "실", "type": "59", "no": "05", "name": "주방", "area_m2": 9.1}}, {"type": "Feature", "geometry": {"type": "Polygon", "coordinates": [[[194329.71577013566, 546958.3909621707], [194327.52782153024, 546958.1610036964], [194327.28109699258, 546960.5084736455], [194329.46904559803, 546960.73843212], [194329.71577013566, 546958.3909621707]]]}, "properties": {"plan": "기준층2", "layer": "실", "type": "59", "no": "05", "name": "욕실", "area_m2": 5.2}}, {"type": "Feature", "geometry": {"type": "Polygon", "coordinates": [[[194330.6531982294, 546955.2119339026], [194330.33010657298, 546958.2860016933], [194333.61202948113, 546958.6309394048], [194333.9351211376, 546955.5568716142], [194330.6531982294, 546955.2119339026]]]}, "properties": {"plan": "기준층2", "layer": "실", "type": "59", "no": "05", "name": "침실2", "area_m2": 10.2}}, {"type": "Feature", "geometry": {"type": "Polygon", "coordinates": [[[194331.73377380674, 546959.2811736868], [194331.55754199415, 546960.9579379363], [194333.3476817622, 546961.146085779], [194333.52391357484, 546959.4693215295], [194331.73377380674, 546959.2811736868]]]}, "properties": {"plan": "기준층2", "layer": "실", "type": "59", "no": "05", "name": "현관", "area_m2": 3.0}}, {"type": "Feature", "geometry": {"type": "Polygon", "coordinates": [[[194325.93184637424, 546945.4330875368], [194325.4312422991, 546945.581374251], [194324.98607531993, 546945.8541740868], [194324.62668283074, 546946.232896186], [194324.3775568357, 546946.6917312634], [194324.2556748597, 546947.1994104668], [194323.49263915705, 546954.4593425321], [194336.0236175337, 546955.7763774305], [194336.78665323637, 546948.5164453653], [194336.7729851381, 546947.9945195346], [194336.62469842384, 546947.4939154595], [194336.35189858812, 546947.0487484803], [194335.97317648897, 546946.6893559911], [194335.51434141153, 546946.4402299961], [194335.0066622081, 546946.3183480201], [194326.45377220496, 546945.4194194386], [194325.93184637424, 546945.4330875368]]]}, "properties": {"plan": "기준층2", "floors": "3-49", "layer": "세대", "type": "114", "no": "06", "area_m2": 115.4, "orient": "3면 개방(단부)"}}, {"type": "Feature", "geometry": {"type": "Polygon", "coordinates": [[[194328.65518074975, 546951.2614796116], [194323.8814747015, 546950.7597520313], [194323.49263915705, 546954.4593425321], [194328.26634520528, 546954.9610701124], [194328.65518074975, 546951.2614796116]]]}, "properties": {"plan": "기준층2", "layer": "실", "type": "114", "no": "06", "name": "침실1", "area_m2": 17.9}}, {"type": "Feature", "geometry": {"type": "Polygon", "coordinates": [[[194326.45377220496, 546945.4194194386], [194325.93184637424, 546945.4330875368], [194325.4312422991, 546945.581374251], [194324.98607531993, 546945.8541740868], [194324.62668283074, 546946.232896186], [194324.3775568357, 546946.6917312634], [194324.2556748597, 546947.1994104668], [194323.8814747015, 546950.7597520313], [194329.8486072618, 546951.3869115068], [194330.4318605785, 546945.8375257555], [194326.45377220496, 546945.4194194386]]]}, "properties": {"plan": "기준층2", "layer": "실", "type": "114", "no": "06", "name": "거실", "area_m2": 32.6}}, {"type": "Feature", "geometry": {"type": "Polygon", "coordinates": [[[194331.43984261123, 546951.5541540335], [194328.65518074975, 546951.2614796116], [194328.26634520528, 546954.9610701124], [194331.05100706677, 546955.2537445343], [194331.43984261123, 546951.5541540335]]]}, "properties": {"plan": "기준층2", "layer": "실", "type": "114", "no": "06", "name": "드레스·욕실", "area_m2": 10.4}}, {"type": "Feature", "geometry": {"type": "Polygon", "coordinates": [[[194330.4318605785, 546945.8375257555], [194329.99442059099, 546949.999565069], [194333.17689128983, 546950.3340501225], [194333.61433127735, 546946.1720108091], [194330.4318605785, 546945.8375257555]]]}, "properties": {"plan": "기준층2", "layer": "실", "type": "114", "no": "06", "name": "주방·식당", "area_m2": 13.4}}, {"type": "Feature", "geometry": {"type": "Polygon", "coordinates": [[[194333.61433127735, 546946.1720108091], [194333.17689128983, 546950.3340501225], [194336.55826640734, 546950.689440492], [194336.78665323637, 546948.5164453653], [194336.7729851381, 546947.9945195346], [194336.62469842384, 546947.4939154595], [194336.35189858812, 546947.0487484803], [194335.97317648897, 546946.6893559911], [194335.51434141153, 546946.4402299961], [194335.0066622081, 546946.3183480201], [194333.61433127735, 546946.1720108091]]]}, "properties": {"plan": "기준층2", "layer": "실", "type": "114", "no": "06", "name": "침실3", "area_m2": 13.3}}, {"type": "Feature", "geometry": {"type": "Polygon", "coordinates": [[[194332.97798687115, 546950.3131448067], [194332.65719754697, 546953.3653069698], [194336.23747708314, 546953.7416026552], [194336.55826640734, 546950.689440492], [194332.97798687115, 546950.3131448067]]]}, "properties": {"plan": "기준층2", "layer": "실", "type": "114", "no": "06", "name": "침실2", "area_m2": 11.0}}, {"type": "Feature", "geometry": {"type": "Polygon", "coordinates": [[[194334.14898068705, 546953.5220968387], [194331.26486661623, 546953.218969759], [194331.05100706677, 546955.2537445343], [194333.9351211376, 546955.5568716142], [194334.14898068705, 546953.5220968387]]]}, "properties": {"plan": "기준층2", "layer": "실", "type": "114", "no": "06", "name": "욕실", "area_m2": 5.9}}, {"type": "Feature", "geometry": {"type": "Polygon", "coordinates": [[[194334.14898068705, 546953.5220968387], [194333.9351211376, 546955.5568716142], [194336.0236175337, 546955.7763774305], [194336.23747708314, 546953.7416026552], [194334.14898068705, 546953.5220968387]]]}, "properties": {"plan": "기준층2", "layer": "실", "type": "114", "no": "06", "name": "현관", "area_m2": 4.3}}, {"type": "Feature", "geometry": {"type": "Polygon", "coordinates": [[[194320.73731852812, 546980.6749449137], [194324.0192414363, 546981.0198826252], [194323.24574474987, 546988.3793461162], [194319.9638218417, 546988.0344084047], [194320.73731852812, 546980.6749449137]]]}, "properties": {"plan": "기준층2", "layer": "코어", "core": "A", "name": "특별피난계단", "kind": "stair", "area_m2": 24.4}}, {"type": "Feature", "geometry": {"type": "Polygon", "coordinates": [[[194324.0192414363, 546981.0198826252], [194326.00828562304, 546981.2289357837], [194325.78877980664, 546983.3174321798], [194323.79973561986, 546983.1083790213], [194324.0192414363, 546981.0198826252]]]}, "properties": {"plan": "기준층2", "layer": "코어", "core": "A", "name": "PS", "kind": "shaft", "area_m2": 4.2}}, {"type": "Feature", "geometry": {"type": "Polygon", "coordinates": [[[194323.79973561986, 546983.1083790213], [194325.78877980664, 546983.3174321798], [194325.45429475306, 546986.4999028787], [194323.46525056628, 546986.2908497201], [194323.79973561986, 546983.1083790213]]]}, "properties": {"plan": "기준층2", "layer": "코어", "core": "A", "name": "부속실", "kind": "lobby", "area_m2": 6.4}}, {"type": "Feature", "geometry": {"type": "Polygon", "coordinates": [[[194323.46525056628, 546986.2908497201], [194325.45429475306, 546986.4999028787], [194325.23478893662, 546988.5883992747], [194323.24574474987, 546988.3793461162], [194323.46525056628, 546986.2908497201]]]}, "properties": {"plan": "기준층2", "layer": "코어", "core": "A", "name": "EPS·TPS", "kind": "shaft", "area_m2": 4.2}}, {"type": "Feature", "geometry": {"type": "Polygon", "coordinates": [[[194326.00828562304, 546981.2289357837], [194328.59404306585, 546981.5007048898], [194328.34317927566, 546983.8875579139], [194325.75742183285, 546983.6157888079], [194326.00828562304, 546981.2289357837]]]}, "properties": {"plan": "기준층2", "layer": "코어", "core": "A", "name": "E/V-1 승용", "kind": "ev", "area_m2": 6.2}}, {"type": "Feature", "geometry": {"type": "Polygon", "coordinates": [[[194328.59404306585, 546981.5007048898], [194331.17980050866, 546981.7724739958], [194330.92893671847, 546984.1593270199], [194328.34317927566, 546983.8875579139], [194328.59404306585, 546981.5007048898]]]}, "properties": {"plan": "기준층2", "layer": "코어", "core": "A", "name": "E/V-2 비상용 겸", "kind": "ev", "area_m2": 6.2}}, {"type": "Feature", "geometry": {"type": "Polygon", "coordinates": [[[194325.75742183285, 546983.6157888079], [194330.92893671847, 546984.1593270199], [194330.65716761243, 546986.7450844627], [194325.4856527268, 546986.2015462506], [194325.75742183285, 546983.6157888079]]]}, "properties": {"plan": "기준층2", "layer": "코어", "core": "A", "name": "승강장", "kind": "lobby", "area_m2": 13.5}}, {"type": "Feature", "geometry": {"type": "Polygon", "coordinates": [[[194325.4856527268, 546986.2015462506], [194328.07141016962, 546986.4733153566], [194327.82054637943, 546988.8601683808], [194325.23478893662, 546988.5883992747], [194325.4856527268, 546986.2015462506]]]}, "properties": {"plan": "기준층2", "layer": "코어", "core": "A", "name": "AD", "kind": "shaft", "area_m2": 6.2}}, {"type": "Feature", "geometry": {"type": "Polygon", "coordinates": [[[194328.07141016962, 546986.4733153566], [194330.65716761243, 546986.7450844627], [194330.40630382224, 546989.1319374868], [194327.82054637943, 546988.8601683808], [194328.07141016962, 546986.4733153566]]]}, "properties": {"plan": "기준층2", "layer": "코어", "core": "A", "name": "E/V-3 피난용 겸", "kind": "ev", "area_m2": 6.2}}, {"type": "Feature", "geometry": {"type": "Polygon", "coordinates": [[[194331.17980050866, 546981.7724739958], [194333.26829690477, 546981.9919798122], [194332.49480021835, 546989.3514433033], [194330.40630382224, 546989.1319374868], [194331.17980050866, 546981.7724739958]]]}, "properties": {"plan": "기준층2", "layer": "코어", "core": "A", "name": "전실·홀", "kind": "lobby", "area_m2": 15.5}}, {"type": "Feature", "geometry": {"type": "Polygon", "coordinates": [[[194322.90519978167, 546960.0485566969], [194326.18712268985, 546960.3934944083], [194325.41362600343, 546967.7529578995], [194322.13170309525, 546967.408020188], [194322.90519978167, 546960.0485566969]]]}, "properties": {"plan": "기준층2", "layer": "코어", "core": "B", "name": "특별피난계단", "kind": "stair", "area_m2": 24.4}}, {"type": "Feature", "geometry": {"type": "Polygon", "coordinates": [[[194325.63313181984, 546965.6644615034], [194327.6221760066, 546965.8735146618], [194327.4026701902, 546967.962011058], [194325.41362600343, 546967.7529578995], [194325.63313181984, 546965.6644615034]]]}, "properties": {"plan": "기준층2", "layer": "코어", "core": "B", "name": "PS", "kind": "shaft", "area_m2": 4.2}}, {"type": "Feature", "geometry": {"type": "Polygon", "coordinates": [[[194325.96761687344, 546962.4819908045], [194327.9566610602, 546962.691043963], [194327.6221760066, 546965.8735146618], [194325.63313181984, 546965.6644615034], [194325.96761687344, 546962.4819908045]]]}, "properties": {"plan": "기준층2", "layer": "코어", "core": "B", "name": "부속실", "kind": "lobby", "area_m2": 6.4}}, {"type": "Feature", "geometry": {"type": "Polygon", "coordinates": [[[194326.18712268985, 546960.3934944083], [194328.17616687663, 546960.6025475669], [194327.9566610602, 546962.691043963], [194325.96761687344, 546962.4819908045], [194326.18712268985, 546960.3934944083]]]}, "properties": {"plan": "기준층2", "layer": "코어", "core": "B", "name": "EPS·TPS", "kind": "shaft", "area_m2": 4.2}}, {"type": "Feature", "geometry": {"type": "Polygon", "coordinates": [[[194327.6535339804, 546965.5751580339], [194330.2392914232, 546965.8469271399], [194329.988427633, 546968.233780164], [194327.4026701902, 546967.962011058], [194327.6535339804, 546965.5751580339]]]}, "properties": {"plan": "기준층2", "layer": "코어", "core": "B", "name": "E/V-1 승용", "kind": "ev", "area_m2": 6.2}}, {"type": "Feature", "geometry": {"type": "Polygon", "coordinates": [[[194330.2392914232, 546965.8469271399], [194332.82504886598, 546966.118696246], [194332.5741850758, 546968.5055492701], [194329.988427633, 546968.233780164], [194330.2392914232, 546965.8469271399]]]}, "properties": {"plan": "기준층2", "layer": "코어", "core": "B", "name": "E/V-2 비상용 겸", "kind": "ev", "area_m2": 6.2}}, {"type": "Feature", "geometry": {"type": "Polygon", "coordinates": [[[194327.92530308643, 546962.989400591], [194333.09681797202, 546963.5329388031], [194332.82504886598, 546966.118696246], [194327.6535339804, 546965.5751580339], [194327.92530308643, 546962.989400591]]]}, "properties": {"plan": "기준층2", "layer": "코어", "core": "B", "name": "승강장", "kind": "lobby", "area_m2": 13.5}}, {"type": "Feature", "geometry": {"type": "Polygon", "coordinates": [[[194328.17616687663, 546960.6025475669], [194330.76192431943, 546960.8743166729], [194330.51106052924, 546963.261169697], [194327.92530308643, 546962.989400591], [194328.17616687663, 546960.6025475669]]]}, "properties": {"plan": "기준층2", "layer": "코어", "core": "B", "name": "AD", "kind": "shaft", "area_m2": 6.2}}, {"type": "Feature", "geometry": {"type": "Polygon", "coordinates": [[[194330.76192431943, 546960.8743166729], [194333.3476817622, 546961.146085779], [194333.09681797202, 546963.5329388031], [194330.51106052924, 546963.261169697], [194330.76192431943, 546960.8743166729]]]}, "properties": {"plan": "기준층2", "layer": "코어", "core": "B", "name": "E/V-3 피난용 겸", "kind": "ev", "area_m2": 6.2}}, {"type": "Feature", "geometry": {"type": "Polygon", "coordinates": [[[194333.3476817622, 546961.146085779], [194335.43617815833, 546961.3655915954], [194334.6626814719, 546968.7250550864], [194332.5741850758, 546968.5055492701], [194333.3476817622, 546961.146085779]]]}, "properties": {"plan": "기준층2", "layer": "코어", "core": "B", "name": "전실·홀", "kind": "lobby", "area_m2": 15.5}}, {"type": "Feature", "geometry": {"type": "Polygon", "coordinates": [[[194320.73731852812, 546980.6749449137], [194333.26829690477, 546981.9919798122], [194333.96548918833, 546975.3585174493], [194321.4345108117, 546974.0414825508], [194320.73731852812, 546980.6749449137]]]}, "properties": {"plan": "기준층1", "floors": "19-34", "layer": "세대", "type": "84", "no": "01", "area_m2": 84.0, "orient": "동·서 맞통풍"}}, {"type": "Feature", "geometry": {"type": "Polygon", "coordinates": [[[194325.82476110396, 546978.1916144307], [194321.05105505572, 546977.6898868504], [194320.73731852812, 546980.6749449137], [194325.51102457635, 546981.176672494], [194325.82476110396, 546978.1916144307]]]}, "properties": {"plan": "기준층1", "layer": "실", "type": "84", "no": "01", "name": "침실1", "area_m2": 14.4}}, {"type": "Feature", "geometry": {"type": "Polygon", "coordinates": [[[194321.4345108117, 546974.0414825508], [194321.05105505572, 546977.6898868504], [194325.82476110396, 546978.1916144307], [194326.20821685993, 546974.5432101312], [194321.4345108117, 546974.0414825508]]]}, "properties": {"plan": "기준층1", "layer": "실", "type": "84", "no": "01", "name": "거실", "area_m2": 17.6}}, {"type": "Feature", "geometry": {"type": "Polygon", "coordinates": [[[194328.41051854676, 546978.4633835368], [194325.82476110396, 546978.1916144307], [194325.51102457635, 546981.176672494], [194328.09678201916, 546981.4484416001], [194328.41051854676, 546978.4633835368]]]}, "properties": {"plan": "기준층1", "layer": "실", "type": "84", "no": "01", "name": "드레스·욕실", "area_m2": 7.8}}, {"type": "Feature", "geometry": {"type": "Polygon", "coordinates": [[[194326.20821685993, 546974.5432101312], [194325.82476110396, 546978.1916144307], [194329.40504064015, 546978.567910116], [194329.78849639613, 546974.9195058165], [194326.20821685993, 546974.5432101312]]]}, "properties": {"plan": "기준층1", "layer": "실", "type": "84", "no": "01", "name": "주방·식당", "area_m2": 13.2}}, {"type": "Feature", "geometry": {"type": "Polygon", "coordinates": [[[194331.09060156572, 546979.7510773131], [194328.30593970424, 546979.4584028913], [194328.09678201916, 546981.4484416001], [194330.88144388064, 546981.741116022], [194331.09060156572, 546979.7510773131]]]}, "properties": {"plan": "기준층1", "layer": "실", "type": "84", "no": "01", "name": "욕실", "area_m2": 5.6}}, {"type": "Feature", "geometry": {"type": "Polygon", "coordinates": [[[194329.78849639613, 546974.9195058165], [194329.495675637, 546977.7055600089], [194333.67266842924, 546978.1445716417], [194333.96548918833, 546975.3585174493], [194329.78849639613, 546974.9195058165]]]}, "properties": {"plan": "기준층1", "layer": "실", "type": "84", "no": "01", "name": "침실2", "area_m2": 11.8}}, {"type": "Feature", "geometry": {"type": "Polygon", "coordinates": [[[194330.68910214907, 546977.830991904], [194330.4938883097, 546979.6883613656], [194333.47745458983, 546980.0019411034], [194333.67266842924, 546978.1445716417], [194330.68910214907, 546977.830991904]]]}, "properties": {"plan": "기준층1", "layer": "실", "type": "84", "no": "01", "name": "알파룸", "area_m2": 5.6}}, {"type": "Feature", "geometry": {"type": "Polygon", "coordinates": [[[194331.37501434804, 546979.9151045341], [194331.17980050866, 546981.7724739958], [194333.26829690477, 546981.9919798122], [194333.46351074416, 546980.1346103506], [194331.37501434804, 546979.9151045341]]]}, "properties": {"plan": "기준층1", "layer": "실", "type": "84", "no": "01", "name": "현관", "area_m2": 3.9}}, {"type": "Feature", "geometry": {"type": "Polygon", "coordinates": [[[194321.4345108117, 546974.0414825508], [194333.96548918833, 546975.3585174493], [194334.6626814719, 546968.7250550864], [194322.13170309525, 546967.408020188], [194321.4345108117, 546974.0414825508]]]}, "properties": {"plan": "기준층1", "floors": "19-34", "layer": "세대", "type": "84", "no": "02", "area_m2": 84.0, "orient": "동·서 맞통풍"}}, {"type": "Feature", "geometry": {"type": "Polygon", "coordinates": [[[194322.13170309525, 546967.408020188], [194321.81796656764, 546970.3930782513], [194326.5916726159, 546970.8948058316], [194326.9054091435, 546967.9097477683], [194322.13170309525, 546967.408020188]]]}, "properties": {"plan": "기준층1", "layer": "실", "type": "84", "no": "02", "name": "침실1", "area_m2": 14.4}}, {"type": "Feature", "geometry": {"type": "Polygon", "coordinates": [[[194326.5916726159, 546970.8948058316], [194321.81796656764, 546970.3930782513], [194321.4345108117, 546974.0414825508], [194326.20821685993, 546974.5432101312], [194326.5916726159, 546970.8948058316]]]}, "properties": {"plan": "기준층1", "layer": "실", "type": "84", "no": "02", "name": "거실", "area_m2": 17.6}}, {"type": "Feature", "geometry": {"type": "Polygon", "coordinates": [[[194326.9054091435, 546967.9097477683], [194326.5916726159, 546970.8948058316], [194329.1774300587, 546971.1665749376], [194329.49116658632, 546968.1815168743], [194326.9054091435, 546967.9097477683]]]}, "properties": {"plan": "기준층1", "layer": "실", "type": "84", "no": "02", "name": "드레스·욕실", "area_m2": 7.8}}, {"type": "Feature", "geometry": {"type": "Polygon", "coordinates": [[[194330.17195215207, 546971.2711015169], [194326.5916726159, 546970.8948058316], [194326.20821685993, 546974.5432101312], [194329.78849639613, 546974.9195058165], [194330.17195215207, 546971.2711015169]]]}, "properties": {"plan": "기준층1", "layer": "실", "type": "84", "no": "02", "name": "주방·식당", "area_m2": 13.2}}, {"type": "Feature", "geometry": {"type": "Polygon", "coordinates": [[[194329.49116658632, 546968.1815168743], [194329.28200890124, 546970.1715555832], [194332.06667076272, 546970.4642300052], [194332.27582844777, 546968.4741912963], [194329.49116658632, 546968.1815168743]]]}, "properties": {"plan": "기준층1", "layer": "실", "type": "84", "no": "02", "name": "욕실", "area_m2": 5.6}}, {"type": "Feature", "geometry": {"type": "Polygon", "coordinates": [[[194330.0813171552, 546972.1334516241], [194329.78849639613, 546974.9195058165], [194333.96548918833, 546975.3585174493], [194334.25830994744, 546972.5724632569], [194330.0813171552, 546972.1334516241]]]}, "properties": {"plan": "기준층1", "layer": "실", "type": "84", "no": "02", "name": "침실2", "area_m2": 11.8}}, {"type": "Feature", "geometry": {"type": "Polygon", "coordinates": [[[194331.4699575067, 546970.4015140575], [194331.27474366728, 546972.2588835192], [194334.25830994744, 546972.5724632569], [194334.45352378683, 546970.7150937953], [194331.4699575067, 546970.4015140575]]]}, "properties": {"plan": "기준층1", "layer": "실", "type": "84", "no": "02", "name": "알파룸", "area_m2": 5.6}}, {"type": "Feature", "geometry": {"type": "Polygon", "coordinates": [[[194332.5741850758, 546968.5055492701], [194332.3789712364, 546970.3629187316], [194334.46746763252, 546970.5824245481], [194334.6626814719, 546968.7250550864], [194332.5741850758, 546968.5055492701]]]}, "properties": {"plan": "기준층1", "layer": "실", "type": "84", "no": "02", "name": "현관", "area_m2": 3.9}}, {"type": "Feature", "geometry": {"type": "Polygon", "coordinates": [[[194318.61334676365, 547000.8835546349], [194318.62701486194, 547001.4054804655], [194318.77530157618, 547001.9060845406], [194319.0481014119, 547002.3512515199], [194319.42682351105, 547002.710644009], [194319.8856585885, 547002.959770004], [194320.39333779193, 547003.08165198], [194328.94622779507, 547003.9805805616], [194329.46815362578, 547003.9669124633], [194329.96875770093, 547003.8186257491], [194330.4139246801, 547003.5458259133], [194330.77331716928, 547003.1671038142], [194331.02244316431, 547002.7082687367], [194331.1443251403, 547002.2005895333], [194332.49480021835, 546989.3514433033], [194319.9638218417, 546988.0344084047], [194318.61334676365, 547000.8835546349]]]}, "properties": {"plan": "기준층1", "floors": "19-34", "layer": "세대", "type": "대형", "no": "03", "area_m2": 186.2, "orient": "3면 개방(단부)"}}, {"type": "Feature", "geometry": {"type": "Polygon", "coordinates": [[[194319.9638218417, 546988.0344084047], [194319.49596337075, 546992.4858655297], [194324.66747825634, 546993.0294037419], [194325.13533672728, 546988.5779466168], [194319.9638218417, 546988.0344084047]]]}, "properties": {"plan": "기준층1", "layer": "실", "type": "대형", "no": "03", "name": "침실1", "area_m2": 23.3}}, {"type": "Feature", "geometry": {"type": "Polygon", "coordinates": [[[194324.15666819035, 546995.9761365094], [194324.46857383766, 546993.0084984261], [194319.49596337075, 546992.4858655297], [194319.18405772344, 546995.4535036131], [194324.15666819035, 546995.9761365094]]]}, "properties": {"plan": "기준층1", "layer": "실", "type": "대형", "no": "03", "name": "서재", "area_m2": 14.9}}, {"type": "Feature", "geometry": {"type": "Polygon", "coordinates": [[[194325.15119028374, 546996.0806630886], [194319.18405772344, 546995.4535036131], [194318.61334676365, 547000.8835546349], [194318.62701486194, 547001.4054804655], [194318.77530157618, 547001.9060845406], [194319.0481014119, 547002.3512515199], [194319.42682351105, 547002.710644009], [194319.8856585885, 547002.959770004], [194320.39333779193, 547003.08165198], [194324.37142616548, 547003.4997582971], [194325.15119028374, 546996.0806630886]]]}, "properties": {"plan": "기준층1", "layer": "실", "type": "대형", "no": "03", "name": "거실", "area_m2": 43.9}}, {"type": "Feature", "geometry": {"type": "Polygon", "coordinates": [[[194325.13533672728, 546988.5779466168], [194324.66747825634, 546993.0294037419], [194327.84994895518, 546993.3638887955], [194328.31780742612, 546988.9124316705], [194325.13533672728, 546988.5779466168]]]}, "properties": {"plan": "기준층1", "layer": "실", "type": "대형", "no": "03", "name": "드레스·욕실", "area_m2": 14.3}}, {"type": "Feature", "geometry": {"type": "Polygon", "coordinates": [[[194328.53256540126, 546996.4360534581], [194325.15119028374, 546996.0806630886], [194324.37142616548, 547003.4997582971], [194327.752801283, 547003.8551486665], [194328.53256540126, 546996.4360534581]]]}, "properties": {"plan": "기준층1", "layer": "실", "type": "대형", "no": "03", "name": "주방·식당", "area_m2": 25.4}}, {"type": "Feature", "geometry": {"type": "Polygon", "coordinates": [[[194328.2830408834, 546998.8101639248], [194327.752801283, 547003.8551486665], [194328.94622779507, 547003.9805805616], [194329.46815362578, 547003.9669124633], [194329.96875770093, 547003.8186257491], [194330.4139246801, 547003.5458259133], [194330.77331716928, 547003.1671038142], [194331.02244316431, 547002.7082687367], [194331.1443251403, 547002.2005895333], [194331.46551158224, 546999.1446489784], [194328.2830408834, 546998.8101639248]]]}, "properties": {"plan": "기준층1", "layer": "실", "type": "대형", "no": "03", "name": "침실2", "area_m2": 15.3}}, {"type": "Feature", "geometry": {"type": "Polygon", "coordinates": [[[194328.6885182249, 546994.9522344164], [194328.2830408834, 546998.8101639248], [194331.46551158224, 546999.1446489784], [194331.87098892374, 546995.2867194699], [194328.6885182249, 546994.9522344164]]]}, "properties": {"plan": "기준층1", "layer": "실", "type": "대형", "no": "03", "name": "침실3", "area_m2": 12.4}}, {"type": "Feature", "geometry": {"type": "Polygon", "coordinates": [[[194328.87566161327, 546993.1716515664], [194328.6885182249, 546994.9522344164], [194331.87098892374, 546995.2867194699], [194332.05813231212, 546993.50613662], [194328.87566161327, 546993.1716515664]]]}, "properties": {"plan": "기준층1", "layer": "실", "type": "대형", "no": "03", "name": "팬트리", "area_m2": 5.7}}, {"type": "Feature", "geometry": {"type": "Polygon", "coordinates": [[[194329.29289998507, 546991.1152102238], [194329.07456603195, 546993.1925568823], [194332.05813231212, 546993.50613662], [194332.27646626523, 546991.4287899616], [194329.29289998507, 546991.1152102238]]]}, "properties": {"plan": "기준층1", "layer": "실", "type": "대형", "no": "03", "name": "욕실", "area_m2": 6.3}}, {"type": "Feature", "geometry": {"type": "Polygon", "coordinates": [[[194330.40630382224, 546989.1319374868], [194330.18796986912, 546991.2092841452], [194332.27646626523, 546991.4287899616], [194332.49480021835, 546989.3514433033], [194330.40630382224, 546989.1319374868]]]}, "properties": {"plan": "기준층1", "layer": "실", "type": "대형", "no": "03", "name": "현관", "area_m2": 4.4}}, {"type": "Feature", "geometry": {"type": "Polygon", "coordinates": [[[194326.09908890104, 546943.8418521874], [194325.5984848259, 546943.9901389016], [194325.15331784674, 546944.2629387374], [194324.79392535752, 546944.6416608365], [194324.54479936248, 546945.100495914], [194324.42291738652, 546945.6081751174], [194322.90519978167, 546960.0485566969], [194335.43617815833, 546961.3655915954], [194336.95389576314, 546946.925210016], [194336.94022766486, 546946.4032841852], [194336.7919409506, 546945.9026801101], [194336.51914111493, 546945.4575131309], [194336.14041901578, 546945.0981206417], [194335.68158393833, 546944.8489946467], [194335.17390473487, 546944.7271126707], [194326.62101473176, 546943.8281840892], [194326.09908890104, 546943.8418521874]]]}, "properties": {"plan": "기준층1", "floors": "19-34", "layer": "세대", "type": "대형", "no": "04", "area_m2": 206.4, "orient": "3면 개방(단부)"}}, {"type": "Feature", "geometry": {"type": "Polygon", "coordinates": [[[194328.5947458963, 546955.663267179], [194323.42323101067, 546955.119728967], [194322.90519978167, 546960.0485566969], [194328.0767146673, 546960.5920949089], [194328.5947458963, 546955.663267179]]]}, "properties": {"plan": "기준층1", "layer": "실", "type": "대형", "no": "04", "name": "침실1", "area_m2": 25.8}}, {"type": "Feature", "geometry": {"type": "Polygon", "coordinates": [[[194328.3958414776, 546955.6423618633], [194328.74119563025, 546952.35647671], [194323.76858516334, 546951.8338438137], [194323.42323101067, 546955.119728967], [194328.3958414776, 546955.6423618633]]]}, "properties": {"plan": "기준층1", "layer": "실", "type": "대형", "no": "04", "name": "서재", "area_m2": 16.5}}, {"type": "Feature", "geometry": {"type": "Polygon", "coordinates": [[[194326.62101473176, 546943.8281840892], [194326.09908890104, 546943.8418521874], [194325.5984848259, 546943.9901389016], [194325.15331784674, 546944.2629387374], [194324.79392535752, 546944.6416608365], [194324.54479936248, 546945.100495914], [194324.42291738652, 546945.6081751174], [194323.76858516334, 546951.8338438137], [194329.73571772364, 546952.4610032892], [194330.5991031053, 546944.2462904061], [194326.62101473176, 546943.8281840892]]]}, "properties": {"plan": "기준층1", "layer": "실", "type": "대형", "no": "04", "name": "거실", "area_m2": 48.7}}, {"type": "Feature", "geometry": {"type": "Polygon", "coordinates": [[[194331.7772165951, 546955.9977522327], [194328.5947458963, 546955.663267179], [194328.0767146673, 546960.5920949089], [194331.25918536613, 546960.9265799626], [194331.7772165951, 546955.9977522327]]]}, "properties": {"plan": "기준층1", "layer": "실", "type": "대형", "no": "04", "name": "드레스·욕실", "area_m2": 15.9}}, {"type": "Feature", "geometry": {"type": "Polygon", "coordinates": [[[194330.5991031053, 546944.2462904061], [194329.73571772364, 546952.4610032892], [194333.11709284116, 546952.8163936586], [194333.9804782228, 546944.6016807755], [194330.5991031053, 546944.2462904061]]]}, "properties": {"plan": "기준층1", "layer": "실", "type": "대형", "no": "04", "name": "주방·식당", "area_m2": 28.1}}, {"type": "Feature", "geometry": {"type": "Polygon", "coordinates": [[[194333.9804782228, 546944.6016807755], [194333.3933761633, 546950.1876855361], [194336.5758468621, 546950.5221705897], [194336.95389576314, 546946.925210016], [194336.94022766486, 546946.4032841852], [194336.7919409506, 546945.9026801101], [194336.51914111493, 546945.4575131309], [194336.14041901578, 546945.0981206417], [194335.68158393833, 546944.8489946467], [194335.17390473487, 546944.7271126707], [194333.9804782228, 546944.6016807755]]]}, "properties": {"plan": "기준층1", "layer": "실", "type": "대형", "no": "04", "name": "침실2", "area_m2": 17.1}}, {"type": "Feature", "geometry": {"type": "Polygon", "coordinates": [[[194333.3933761633, 546950.1876855361], [194332.94441576482, 546954.4593362353], [194336.12688646367, 546954.7938212889], [194336.5758468621, 546950.5221705897], [194333.3933761633, 546950.1876855361]]]}, "properties": {"plan": "기준층1", "layer": "실", "type": "대형", "no": "04", "name": "침실3", "area_m2": 13.7}}, {"type": "Feature", "geometry": {"type": "Polygon", "coordinates": [[[194332.94441576482, 546954.4593362353], [194332.73720327322, 546956.4308673273], [194335.91967397206, 546956.7653523808], [194336.12688646367, 546954.7938212889], [194332.94441576482, 546954.4593362353]]]}, "properties": {"plan": "기준층1", "layer": "실", "type": "대형", "no": "04", "name": "팬트리", "area_m2": 6.3}}, {"type": "Feature", "geometry": {"type": "Polygon", "coordinates": [[[194332.9361076919, 546956.4517726431], [194332.69435978503, 546958.7518922504], [194335.6779260652, 546959.0654719882], [194335.91967397206, 546956.7653523808], [194332.9361076919, 546956.4517726431]]]}, "properties": {"plan": "기준층1", "layer": "실", "type": "대형", "no": "04", "name": "욕실", "area_m2": 6.9}}, {"type": "Feature", "geometry": {"type": "Polygon", "coordinates": [[[194333.58942966908, 546958.8459661717], [194333.3476817622, 546961.146085779], [194335.43617815833, 546961.3655915954], [194335.6779260652, 546959.0654719882], [194333.58942966908, 546958.8459661717]]]}, "properties": {"plan": "기준층1", "layer": "실", "type": "대형", "no": "04", "name": "현관", "area_m2": 4.9}}, {"type": "Feature", "geometry": {"type": "Polygon", "coordinates": [[[194320.73731852812, 546980.6749449137], [194324.0192414363, 546981.0198826252], [194323.24574474987, 546988.3793461162], [194319.9638218417, 546988.0344084047], [194320.73731852812, 546980.6749449137]]]}, "properties": {"plan": "기준층1", "layer": "코어", "core": "A", "name": "특별피난계단", "kind": "stair", "area_m2": 24.4}}, {"type": "Feature", "geometry": {"type": "Polygon", "coordinates": [[[194324.0192414363, 546981.0198826252], [194326.00828562304, 546981.2289357837], [194325.78877980664, 546983.3174321798], [194323.79973561986, 546983.1083790213], [194324.0192414363, 546981.0198826252]]]}, "properties": {"plan": "기준층1", "layer": "코어", "core": "A", "name": "PS", "kind": "shaft", "area_m2": 4.2}}, {"type": "Feature", "geometry": {"type": "Polygon", "coordinates": [[[194323.79973561986, 546983.1083790213], [194325.78877980664, 546983.3174321798], [194325.45429475306, 546986.4999028787], [194323.46525056628, 546986.2908497201], [194323.79973561986, 546983.1083790213]]]}, "properties": {"plan": "기준층1", "layer": "코어", "core": "A", "name": "부속실", "kind": "lobby", "area_m2": 6.4}}, {"type": "Feature", "geometry": {"type": "Polygon", "coordinates": [[[194323.46525056628, 546986.2908497201], [194325.45429475306, 546986.4999028787], [194325.23478893662, 546988.5883992747], [194323.24574474987, 546988.3793461162], [194323.46525056628, 546986.2908497201]]]}, "properties": {"plan": "기준층1", "layer": "코어", "core": "A", "name": "EPS·TPS", "kind": "shaft", "area_m2": 4.2}}, {"type": "Feature", "geometry": {"type": "Polygon", "coordinates": [[[194326.00828562304, 546981.2289357837], [194328.59404306585, 546981.5007048898], [194328.34317927566, 546983.8875579139], [194325.75742183285, 546983.6157888079], [194326.00828562304, 546981.2289357837]]]}, "properties": {"plan": "기준층1", "layer": "코어", "core": "A", "name": "E/V-1 승용", "kind": "ev", "area_m2": 6.2}}, {"type": "Feature", "geometry": {"type": "Polygon", "coordinates": [[[194328.59404306585, 546981.5007048898], [194331.17980050866, 546981.7724739958], [194330.92893671847, 546984.1593270199], [194328.34317927566, 546983.8875579139], [194328.59404306585, 546981.5007048898]]]}, "properties": {"plan": "기준층1", "layer": "코어", "core": "A", "name": "E/V-2 비상용 겸", "kind": "ev", "area_m2": 6.2}}, {"type": "Feature", "geometry": {"type": "Polygon", "coordinates": [[[194325.75742183285, 546983.6157888079], [194330.92893671847, 546984.1593270199], [194330.65716761243, 546986.7450844627], [194325.4856527268, 546986.2015462506], [194325.75742183285, 546983.6157888079]]]}, "properties": {"plan": "기준층1", "layer": "코어", "core": "A", "name": "승강장", "kind": "lobby", "area_m2": 13.5}}, {"type": "Feature", "geometry": {"type": "Polygon", "coordinates": [[[194325.4856527268, 546986.2015462506], [194328.07141016962, 546986.4733153566], [194327.82054637943, 546988.8601683808], [194325.23478893662, 546988.5883992747], [194325.4856527268, 546986.2015462506]]]}, "properties": {"plan": "기준층1", "layer": "코어", "core": "A", "name": "AD", "kind": "shaft", "area_m2": 6.2}}, {"type": "Feature", "geometry": {"type": "Polygon", "coordinates": [[[194328.07141016962, 546986.4733153566], [194330.65716761243, 546986.7450844627], [194330.40630382224, 546989.1319374868], [194327.82054637943, 546988.8601683808], [194328.07141016962, 546986.4733153566]]]}, "properties": {"plan": "기준층1", "layer": "코어", "core": "A", "name": "E/V-3 피난용 겸", "kind": "ev", "area_m2": 6.2}}, {"type": "Feature", "geometry": {"type": "Polygon", "coordinates": [[[194331.17980050866, 546981.7724739958], [194333.26829690477, 546981.9919798122], [194332.49480021835, 546989.3514433033], [194330.40630382224, 546989.1319374868], [194331.17980050866, 546981.7724739958]]]}, "properties": {"plan": "기준층1", "layer": "코어", "core": "A", "name": "전실·홀", "kind": "lobby", "area_m2": 15.5}}, {"type": "Feature", "geometry": {"type": "Polygon", "coordinates": [[[194322.90519978167, 546960.0485566969], [194326.18712268985, 546960.3934944083], [194325.41362600343, 546967.7529578995], [194322.13170309525, 546967.408020188], [194322.90519978167, 546960.0485566969]]]}, "properties": {"plan": "기준층1", "layer": "코어", "core": "B", "name": "특별피난계단", "kind": "stair", "area_m2": 24.4}}, {"type": "Feature", "geometry": {"type": "Polygon", "coordinates": [[[194325.63313181984, 546965.6644615034], [194327.6221760066, 546965.8735146618], [194327.4026701902, 546967.962011058], [194325.41362600343, 546967.7529578995], [194325.63313181984, 546965.6644615034]]]}, "properties": {"plan": "기준층1", "layer": "코어", "core": "B", "name": "PS", "kind": "shaft", "area_m2": 4.2}}, {"type": "Feature", "geometry": {"type": "Polygon", "coordinates": [[[194325.96761687344, 546962.4819908045], [194327.9566610602, 546962.691043963], [194327.6221760066, 546965.8735146618], [194325.63313181984, 546965.6644615034], [194325.96761687344, 546962.4819908045]]]}, "properties": {"plan": "기준층1", "layer": "코어", "core": "B", "name": "부속실", "kind": "lobby", "area_m2": 6.4}}, {"type": "Feature", "geometry": {"type": "Polygon", "coordinates": [[[194326.18712268985, 546960.3934944083], [194328.17616687663, 546960.6025475669], [194327.9566610602, 546962.691043963], [194325.96761687344, 546962.4819908045], [194326.18712268985, 546960.3934944083]]]}, "properties": {"plan": "기준층1", "layer": "코어", "core": "B", "name": "EPS·TPS", "kind": "shaft", "area_m2": 4.2}}, {"type": "Feature", "geometry": {"type": "Polygon", "coordinates": [[[194327.6535339804, 546965.5751580339], [194330.2392914232, 546965.8469271399], [194329.988427633, 546968.233780164], [194327.4026701902, 546967.962011058], [194327.6535339804, 546965.5751580339]]]}, "properties": {"plan": "기준층1", "layer": "코어", "core": "B", "name": "E/V-1 승용", "kind": "ev", "area_m2": 6.2}}, {"type": "Feature", "geometry": {"type": "Polygon", "coordinates": [[[194330.2392914232, 546965.8469271399], [194332.82504886598, 546966.118696246], [194332.5741850758, 546968.5055492701], [194329.988427633, 546968.233780164], [194330.2392914232, 546965.8469271399]]]}, "properties": {"plan": "기준층1", "layer": "코어", "core": "B", "name": "E/V-2 비상용 겸", "kind": "ev", "area_m2": 6.2}}, {"type": "Feature", "geometry": {"type": "Polygon", "coordinates": [[[194327.92530308643, 546962.989400591], [194333.09681797202, 546963.5329388031], [194332.82504886598, 546966.118696246], [194327.6535339804, 546965.5751580339], [194327.92530308643, 546962.989400591]]]}, "properties": {"plan": "기준층1", "layer": "코어", "core": "B", "name": "승강장", "kind": "lobby", "area_m2": 13.5}}, {"type": "Feature", "geometry": {"type": "Polygon", "coordinates": [[[194328.17616687663, 546960.6025475669], [194330.76192431943, 546960.8743166729], [194330.51106052924, 546963.261169697], [194327.92530308643, 546962.989400591], [194328.17616687663, 546960.6025475669]]]}, "properties": {"plan": "기준층1", "layer": "코어", "core": "B", "name": "AD", "kind": "shaft", "area_m2": 6.2}}, {"type": "Feature", "geometry": {"type": "Polygon", "coordinates": [[[194330.76192431943, 546960.8743166729], [194333.3476817622, 546961.146085779], [194333.09681797202, 546963.5329388031], [194330.51106052924, 546963.261169697], [194330.76192431943, 546960.8743166729]]]}, "properties": {"plan": "기준층1", "layer": "코어", "core": "B", "name": "E/V-3 피난용 겸", "kind": "ev", "area_m2": 6.2}}, {"type": "Feature", "geometry": {"type": "Polygon", "coordinates": [[[194333.3476817622, 546961.146085779], [194335.43617815833, 546961.3655915954], [194334.6626814719, 546968.7250550864], [194332.5741850758, 546968.5055492701], [194333.3476817622, 546961.146085779]]]}, "properties": {"plan": "기준층1", "layer": "코어", "core": "B", "name": "전실·홀", "kind": "lobby", "area_m2": 15.5}}, {"type": "Feature", "geometry": {"type": "Polygon", "coordinates": [[[194319.15688497573, 546995.7120397493], [194325.42237416407, 546996.3705571984], [194324.5861615301, 547004.3267339455], [194328.86260653165, 547004.7761982363], [194329.38453236237, 547004.762530138], [194329.88513643754, 547004.6142434238], [194330.3303034167, 547004.341443588], [194330.6896959059, 547003.9627214889], [194330.93882190093, 547003.5038864114], [194331.06070387692, 547002.996207208], [194332.49480021835, 546989.3514433033], [194319.9638218417, 546988.0344084047], [194319.15688497573, 546995.7120397493]]]}, "properties": {"plan": "18층", "floors": "18-35", "layer": "세대", "type": "테라스형", "no": "01", "area_m2": 146.8, "orient": "3면 개방 + 스카이테라스"}}, {"type": "Feature", "geometry": {"type": "Polygon", "coordinates": [[[194319.9638218417, 546988.0344084047], [194319.53660297173, 546992.0991985085], [194324.50921343864, 546992.6218314047], [194324.9364323086, 546988.5570413009], [194319.9638218417, 546988.0344084047]]]}, "properties": {"plan": "18층", "layer": "실", "type": "테라스형", "no": "01", "name": "침실1", "area_m2": 20.4}}, {"type": "Feature", "geometry": {"type": "Polygon", "coordinates": [[[194324.13128905365, 546996.2176072658], [194324.50921343864, 546992.6218314047], [194319.53660297173, 546992.0991985085], [194319.15867858674, 546995.6949743696], [194324.13128905365, 546996.2176072658]]]}, "properties": {"plan": "18층", "layer": "실", "type": "테라스형", "no": "01", "name": "주방·식당", "area_m2": 18.1}}, {"type": "Feature", "geometry": {"type": "Polygon", "coordinates": [[[194324.9364323086, 546988.5570413009], [194324.50921343864, 546992.6218314047], [194327.09497088144, 546992.8936005108], [194327.5221897514, 546988.828810407], [194324.9364323086, 546988.5570413009]]]}, "properties": {"plan": "18층", "layer": "실", "type": "테라스형", "no": "01", "name": "드레스·욕실", "area_m2": 10.6}}, {"type": "Feature", "geometry": {"type": "Polygon", "coordinates": [[[194325.12581114704, 546996.3221338451], [194327.71156858985, 546996.5939029511], [194328.08949297483, 546992.99812709], [194325.50373553202, 546992.726357984], [194325.12581114704, 546996.3221338451]]]}, "properties": {"plan": "18층", "layer": "실", "type": "테라스형", "no": "01", "name": "욕실", "area_m2": 9.4}}, {"type": "Feature", "geometry": {"type": "Polygon", "coordinates": [[[194328.08949297483, 546992.99812709], [194327.71156858985, 546996.5939029511], [194331.6896569634, 546997.0120092682], [194332.06758134835, 546993.4162334071], [194328.08949297483, 546992.99812709]]]}, "properties": {"plan": "18층", "layer": "실", "type": "테라스형", "no": "01", "name": "침실2", "area_m2": 14.5}}, {"type": "Feature", "geometry": {"type": "Polygon", "coordinates": [[[194329.2811930082, 546991.2265966983], [194329.08401506822, 546993.1026536693], [194332.06758134835, 546993.4162334071], [194332.26475928834, 546991.5401764361], [194329.2811930082, 546991.2265966983]]]}, "properties": {"plan": "18층", "layer": "실", "type": "테라스형", "no": "01", "name": "팬트리", "area_m2": 5.7}}, {"type": "Feature", "geometry": {"type": "Polygon", "coordinates": [[[194330.40630382224, 546989.1319374868], [194330.17626289226, 546991.3206706196], [194332.26475928834, 546991.5401764361], [194332.49480021835, 546989.3514433033], [194330.40630382224, 546989.1319374868]]]}, "properties": {"plan": "18층", "layer": "실", "type": "테라스형", "no": "01", "name": "현관", "area_m2": 4.6}}, {"type": "Feature", "geometry": {"type": "Polygon", "coordinates": [[[194325.42416777505, 546996.3534918189], [194325.42237416407, 546996.3705571984], [194324.5861615301, 547004.3267339455], [194328.86260653165, 547004.7761982363], [194329.38453236237, 547004.762530138], [194329.88513643754, 547004.6142434238], [194330.3303034167, 547004.341443588], [194330.6896959059, 547003.9627214889], [194330.93882190093, 547003.5038864114], [194331.06070387692, 547002.996207208], [194331.6896569634, 546997.0120092682], [194325.42416777505, 546996.3534918189]]]}, "properties": {"plan": "18층", "layer": "실", "type": "테라스형", "no": "01", "name": "거실", "area_m2": 49.6}}, {"type": "Feature", "geometry": {"type": "Polygon", "coordinates": [[[194325.51486356248, 546944.7857565763], [194325.06969658332, 546945.0585564121], [194324.71030409413, 546945.4372785112], [194324.4611780991, 546945.8961135887], [194324.3392961231, 546946.4037927921], [194322.90519978167, 546960.0485566969], [194335.43617815833, 546961.3655915954], [194336.2431150243, 546953.6879602509], [194329.97762583595, 546953.0294428017], [194330.8138384699, 546945.0732660546], [194326.53739346837, 546944.6238017639], [194326.01546763766, 546944.6374698621], [194325.51486356248, 546944.7857565763]]]}, "properties": {"plan": "18층", "floors": "18-35", "layer": "세대", "type": "테라스형", "no": "02", "area_m2": 146.8, "orient": "3면 개방 + 스카이테라스"}}, {"type": "Feature", "geometry": {"type": "Polygon", "coordinates": [[[194328.30502911858, 546956.5063994894], [194323.33241865167, 546955.983766593], [194322.90519978167, 546960.0485566969], [194327.8778102486, 546960.5711895932], [194328.30502911858, 546956.5063994894]]]}, "properties": {"plan": "18층", "layer": "실", "type": "테라스형", "no": "02", "name": "침실1", "area_m2": 20.4}}, {"type": "Feature", "geometry": {"type": "Polygon", "coordinates": [[[194328.30502911858, 546956.5063994894], [194328.68295350356, 546952.9106236283], [194323.71034303663, 546952.387990732], [194323.33241865167, 546955.983766593], [194328.30502911858, 546956.5063994894]]]}, "properties": {"plan": "18층", "layer": "실", "type": "테라스형", "no": "02", "name": "주방·식당", "area_m2": 18.1}}, {"type": "Feature", "geometry": {"type": "Polygon", "coordinates": [[[194330.8907865614, 546956.7781685954], [194328.30502911858, 546956.5063994894], [194327.8778102486, 546960.5711895932], [194330.46356769142, 546960.8429586992], [194330.8907865614, 546956.7781685954]]]}, "properties": {"plan": "18층", "layer": "실", "type": "테라스형", "no": "02", "name": "드레스·욕실", "area_m2": 10.6}}, {"type": "Feature", "geometry": {"type": "Polygon", "coordinates": [[[194329.29955121197, 546956.6109260686], [194331.88530865478, 546956.8826951747], [194332.26323303976, 546953.2869193136], [194329.67747559695, 546953.0151502076], [194329.29955121197, 546956.6109260686]]]}, "properties": {"plan": "18층", "layer": "실", "type": "테라스형", "no": "02", "name": "욕실", "area_m2": 9.4}}, {"type": "Feature", "geometry": {"type": "Polygon", "coordinates": [[[194332.26323303976, 546953.2869193136], [194331.88530865478, 546956.8826951747], [194335.8633970283, 546957.3008014916], [194336.24132141328, 546953.7050256305], [194332.26323303976, 546953.2869193136]]]}, "properties": {"plan": "18층", "layer": "실", "type": "테라스형", "no": "02", "name": "침실2", "area_m2": 14.5}}, {"type": "Feature", "geometry": {"type": "Polygon", "coordinates": [[[194332.87983074816, 546956.9872217538], [194332.68265280817, 546958.8632787248], [194335.6662190883, 546959.1768584626], [194335.8633970283, 546957.3008014916], [194332.87983074816, 546956.9872217538]]]}, "properties": {"plan": "18층", "layer": "실", "type": "테라스형", "no": "02", "name": "팬트리", "area_m2": 5.7}}, {"type": "Feature", "geometry": {"type": "Polygon", "coordinates": [[[194333.57772269222, 546958.9573526462], [194333.3476817622, 546961.146085779], [194335.43617815833, 546961.3655915954], [194335.6662190883, 546959.1768584626], [194333.57772269222, 546958.9573526462]]]}, "properties": {"plan": "18층", "layer": "실", "type": "테라스형", "no": "02", "name": "현관", "area_m2": 4.6}}, {"type": "Feature", "geometry": {"type": "Polygon", "coordinates": [[[194326.53739346837, 546944.6238017639], [194326.01546763766, 546944.6374698621], [194325.51486356248, 546944.7857565763], [194325.06969658332, 546945.0585564121], [194324.71030409413, 546945.4372785112], [194324.4611780991, 546945.8961135887], [194324.3392961231, 546946.4037927921], [194323.71034303663, 546952.387990732], [194329.97583222497, 546953.0465081813], [194329.97762583595, 546953.0294428017], [194330.8138384699, 546945.0732660546], [194326.53739346837, 546944.6238017639]]]}, "properties": {"plan": "18층", "layer": "실", "type": "테라스형", "no": "02", "name": "거실", "area_m2": 49.6}}, {"type": "Feature", "geometry": {"type": "Polygon", "coordinates": [[[194320.73731852812, 546980.6749449137], [194333.26829690477, 546981.9919798122], [194334.6626814719, 546968.7250550864], [194322.13170309525, 546967.408020188], [194320.73731852812, 546980.6749449137]]]}, "properties": {"plan": "18층", "layer": "피난안전구역", "name": "피난안전구역", "area_m2": 168.1}}, {"type": "Feature", "geometry": {"type": "Polygon", "coordinates": [[[194320.73731852812, 546980.6749449137], [194324.0192414363, 546981.0198826252], [194323.24574474987, 546988.3793461162], [194319.9638218417, 546988.0344084047], [194320.73731852812, 546980.6749449137]]]}, "properties": {"plan": "18층", "layer": "코어", "core": "A", "name": "특별피난계단", "kind": "stair", "area_m2": 24.4}}, {"type": "Feature", "geometry": {"type": "Polygon", "coordinates": [[[194324.0192414363, 546981.0198826252], [194326.00828562304, 546981.2289357837], [194325.78877980664, 546983.3174321798], [194323.79973561986, 546983.1083790213], [194324.0192414363, 546981.0198826252]]]}, "properties": {"plan": "18층", "layer": "코어", "core": "A", "name": "PS", "kind": "shaft", "area_m2": 4.2}}, {"type": "Feature", "geometry": {"type": "Polygon", "coordinates": [[[194323.79973561986, 546983.1083790213], [194325.78877980664, 546983.3174321798], [194325.45429475306, 546986.4999028787], [194323.46525056628, 546986.2908497201], [194323.79973561986, 546983.1083790213]]]}, "properties": {"plan": "18층", "layer": "코어", "core": "A", "name": "부속실", "kind": "lobby", "area_m2": 6.4}}, {"type": "Feature", "geometry": {"type": "Polygon", "coordinates": [[[194323.46525056628, 546986.2908497201], [194325.45429475306, 546986.4999028787], [194325.23478893662, 546988.5883992747], [194323.24574474987, 546988.3793461162], [194323.46525056628, 546986.2908497201]]]}, "properties": {"plan": "18층", "layer": "코어", "core": "A", "name": "EPS·TPS", "kind": "shaft", "area_m2": 4.2}}, {"type": "Feature", "geometry": {"type": "Polygon", "coordinates": [[[194326.00828562304, 546981.2289357837], [194328.59404306585, 546981.5007048898], [194328.34317927566, 546983.8875579139], [194325.75742183285, 546983.6157888079], [194326.00828562304, 546981.2289357837]]]}, "properties": {"plan": "18층", "layer": "코어", "core": "A", "name": "E/V-1 승용", "kind": "ev", "area_m2": 6.2}}, {"type": "Feature", "geometry": {"type": "Polygon", "coordinates": [[[194328.59404306585, 546981.5007048898], [194331.17980050866, 546981.7724739958], [194330.92893671847, 546984.1593270199], [194328.34317927566, 546983.8875579139], [194328.59404306585, 546981.5007048898]]]}, "properties": {"plan": "18층", "layer": "코어", "core": "A", "name": "E/V-2 비상용 겸", "kind": "ev", "area_m2": 6.2}}, {"type": "Feature", "geometry": {"type": "Polygon", "coordinates": [[[194325.75742183285, 546983.6157888079], [194330.92893671847, 546984.1593270199], [194330.65716761243, 546986.7450844627], [194325.4856527268, 546986.2015462506], [194325.75742183285, 546983.6157888079]]]}, "properties": {"plan": "18층", "layer": "코어", "core": "A", "name": "승강장", "kind": "lobby", "area_m2": 13.5}}, {"type": "Feature", "geometry": {"type": "Polygon", "coordinates": [[[194325.4856527268, 546986.2015462506], [194328.07141016962, 546986.4733153566], [194327.82054637943, 546988.8601683808], [194325.23478893662, 546988.5883992747], [194325.4856527268, 546986.2015462506]]]}, "properties": {"plan": "18층", "layer": "코어", "core": "A", "name": "AD", "kind": "shaft", "area_m2": 6.2}}, {"type": "Feature", "geometry": {"type": "Polygon", "coordinates": [[[194328.07141016962, 546986.4733153566], [194330.65716761243, 546986.7450844627], [194330.40630382224, 546989.1319374868], [194327.82054637943, 546988.8601683808], [194328.07141016962, 546986.4733153566]]]}, "properties": {"plan": "18층", "layer": "코어", "core": "A", "name": "E/V-3 피난용 겸", "kind": "ev", "area_m2": 6.2}}, {"type": "Feature", "geometry": {"type": "Polygon", "coordinates": [[[194331.17980050866, 546981.7724739958], [194333.26829690477, 546981.9919798122], [194332.49480021835, 546989.3514433033], [194330.40630382224, 546989.1319374868], [194331.17980050866, 546981.7724739958]]]}, "properties": {"plan": "18층", "layer": "코어", "core": "A", "name": "전실·홀", "kind": "lobby", "area_m2": 15.5}}, {"type": "Feature", "geometry": {"type": "Polygon", "coordinates": [[[194322.90519978167, 546960.0485566969], [194326.18712268985, 546960.3934944083], [194325.41362600343, 546967.7529578995], [194322.13170309525, 546967.408020188], [194322.90519978167, 546960.0485566969]]]}, "properties": {"plan": "18층", "layer": "코어", "core": "B", "name": "특별피난계단", "kind": "stair", "area_m2": 24.4}}, {"type": "Feature", "geometry": {"type": "Polygon", "coordinates": [[[194325.63313181984, 546965.6644615034], [194327.6221760066, 546965.8735146618], [194327.4026701902, 546967.962011058], [194325.41362600343, 546967.7529578995], [194325.63313181984, 546965.6644615034]]]}, "properties": {"plan": "18층", "layer": "코어", "core": "B", "name": "PS", "kind": "shaft", "area_m2": 4.2}}, {"type": "Feature", "geometry": {"type": "Polygon", "coordinates": [[[194325.96761687344, 546962.4819908045], [194327.9566610602, 546962.691043963], [194327.6221760066, 546965.8735146618], [194325.63313181984, 546965.6644615034], [194325.96761687344, 546962.4819908045]]]}, "properties": {"plan": "18층", "layer": "코어", "core": "B", "name": "부속실", "kind": "lobby", "area_m2": 6.4}}, {"type": "Feature", "geometry": {"type": "Polygon", "coordinates": [[[194326.18712268985, 546960.3934944083], [194328.17616687663, 546960.6025475669], [194327.9566610602, 546962.691043963], [194325.96761687344, 546962.4819908045], [194326.18712268985, 546960.3934944083]]]}, "properties": {"plan": "18층", "layer": "코어", "core": "B", "name": "EPS·TPS", "kind": "shaft", "area_m2": 4.2}}, {"type": "Feature", "geometry": {"type": "Polygon", "coordinates": [[[194327.6535339804, 546965.5751580339], [194330.2392914232, 546965.8469271399], [194329.988427633, 546968.233780164], [194327.4026701902, 546967.962011058], [194327.6535339804, 546965.5751580339]]]}, "properties": {"plan": "18층", "layer": "코어", "core": "B", "name": "E/V-1 승용", "kind": "ev", "area_m2": 6.2}}, {"type": "Feature", "geometry": {"type": "Polygon", "coordinates": [[[194330.2392914232, 546965.8469271399], [194332.82504886598, 546966.118696246], [194332.5741850758, 546968.5055492701], [194329.988427633, 546968.233780164], [194330.2392914232, 546965.8469271399]]]}, "properties": {"plan": "18층", "layer": "코어", "core": "B", "name": "E/V-2 비상용 겸", "kind": "ev", "area_m2": 6.2}}, {"type": "Feature", "geometry": {"type": "Polygon", "coordinates": [[[194327.92530308643, 546962.989400591], [194333.09681797202, 546963.5329388031], [194332.82504886598, 546966.118696246], [194327.6535339804, 546965.5751580339], [194327.92530308643, 546962.989400591]]]}, "properties": {"plan": "18층", "layer": "코어", "core": "B", "name": "승강장", "kind": "lobby", "area_m2": 13.5}}, {"type": "Feature", "geometry": {"type": "Polygon", "coordinates": [[[194328.17616687663, 546960.6025475669], [194330.76192431943, 546960.8743166729], [194330.51106052924, 546963.261169697], [194327.92530308643, 546962.989400591], [194328.17616687663, 546960.6025475669]]]}, "properties": {"plan": "18층", "layer": "코어", "core": "B", "name": "AD", "kind": "shaft", "area_m2": 6.2}}, {"type": "Feature", "geometry": {"type": "Polygon", "coordinates": [[[194330.76192431943, 546960.8743166729], [194333.3476817622, 546961.146085779], [194333.09681797202, 546963.5329388031], [194330.51106052924, 546963.261169697], [194330.76192431943, 546960.8743166729]]]}, "properties": {"plan": "18층", "layer": "코어", "core": "B", "name": "E/V-3 피난용 겸", "kind": "ev", "area_m2": 6.2}}, {"type": "Feature", "geometry": {"type": "Polygon", "coordinates": [[[194333.3476817622, 546961.146085779], [194335.43617815833, 546961.3655915954], [194334.6626814719, 546968.7250550864], [194332.5741850758, 546968.5055492701], [194333.3476817622, 546961.146085779]]]}, "properties": {"plan": "18층", "layer": "코어", "core": "B", "name": "전실·홀", "kind": "lobby", "area_m2": 15.5}}, {"type": "Feature", "geometry": {"type": "Polygon", "coordinates": [[[194318.52972550027, 547001.6791723096], [194318.54339359855, 547002.2010981402], [194318.6916803128, 547002.7017022154], [194318.96448014848, 547003.1468691946], [194319.34320224766, 547003.5062616838], [194319.8020373251, 547003.7553876787], [194320.30971652854, 547003.8772696548], [194328.7631543223, 547004.7657455783], [194330.40630382224, 546989.1319374868], [194319.9638218417, 546988.0344084047], [194318.52972550027, 547001.6791723096]]]}, "properties": {"plan": "2층", "layer": "주민공동", "name": "피트니스 (웨이트·유산소)", "area_m2": 164.2}}, {"type": "Feature", "geometry": {"type": "Polygon", "coordinates": [[[194320.73731852812, 546980.6749449137], [194326.00828562304, 546981.2289357837], [194326.38458130835, 546977.6486562475], [194321.1136142134, 546977.0946653775], [194320.73731852812, 546980.6749449137]]]}, "properties": {"plan": "2층", "layer": "주민공동", "name": "PT실 1 1:1 퍼스널", "area_m2": 19.1}}, {"type": "Feature", "geometry": {"type": "Polygon", "coordinates": [[[194321.1136142134, 546977.0946653775], [194326.38458130835, 546977.6486562475], [194326.82359294116, 546973.4716634552], [194321.55262584623, 546972.9176725853], [194321.1136142134, 546977.0946653775]]]}, "properties": {"plan": "2층", "layer": "주민공동", "name": "PT실 2 1:1 퍼스널", "area_m2": 22.3}}, {"type": "Feature", "geometry": {"type": "Polygon", "coordinates": [[[194321.55262584623, 546972.9176725853], [194326.82359294116, 546973.4716634552], [194327.4026701902, 546967.962011058], [194322.13170309525, 546967.408020188], [194321.55262584623, 546972.9176725853]]]}, "properties": {"plan": "2층", "layer": "주민공동", "name": "PT실 3 그룹·필라테스", "area_m2": 29.4}}, {"type": "Feature", "geometry": {"type": "Polygon", "coordinates": [[[194326.00828562304, 546981.2289357837], [194331.17980050866, 546981.7724739958], [194331.87699279224, 546975.1390116329], [194326.70547790662, 546974.5954734208], [194326.00828562304, 546981.2289357837]]]}, "properties": {"plan": "2층", "layer": "주민공동", "name": "락커·샤워(남)", "area_m2": 34.7}}, {"type": "Feature", "geometry": {"type": "Polygon", "coordinates": [[[194326.70547790662, 546974.5954734208], [194331.87699279224, 546975.1390116329], [194332.5741850758, 546968.5055492701], [194327.4026701902, 546967.962011058], [194326.70547790662, 546974.5954734208]]]}, "properties": {"plan": "2층", "layer": "주민공동", "name": "락커·샤워(여)", "area_m2": 34.7}}, {"type": "Feature", "geometry": {"type": "Polygon", "coordinates": [[[194322.90519978167, 546960.0485566969], [194333.3476817622, 546961.146085779], [194333.8912199743, 546955.9745708933], [194323.44873799375, 546954.8770418112], [194322.90519978167, 546960.0485566969]]]}, "properties": {"plan": "2층", "layer": "주민공동", "name": "인포·라운지", "area_m2": 54.6}}, {"type": "Feature", "geometry": {"type": "Polygon", "coordinates": [[[194326.01546763766, 546944.6374698621], [194325.51486356248, 546944.7857565763], [194325.06969658332, 546945.0585564121], [194324.71030409413, 546945.4372785112], [194324.4611780991, 546945.8961135887], [194324.3392961231, 546946.4037927921], [194323.44873799375, 546954.8770418112], [194329.31641834474, 546955.4937486289], [194330.41602963256, 546945.0314554229], [194326.53739346837, 546944.6238017639], [194326.01546763766, 546944.6374698621]]]}, "properties": {"plan": "2층", "layer": "주민공동", "name": "GX룸", "area_m2": 61.2}}, {"type": "Feature", "geometry": {"type": "Polygon", "coordinates": [[[194330.41602963256, 546945.0314554229], [194329.31641834474, 546955.4937486289], [194333.8912199743, 546955.9745708933], [194334.99083126214, 546945.5122776874], [194330.41602963256, 546945.0314554229]]]}, "properties": {"plan": "2층", "layer": "주민공동", "name": "골프연습장(GDR)", "area_m2": 48.4}}, {"type": "Feature", "geometry": {"type": "Polygon", "coordinates": [[[194320.73731852812, 546980.6749449137], [194324.0192414363, 546981.0198826252], [194323.24574474987, 546988.3793461162], [194319.9638218417, 546988.0344084047], [194320.73731852812, 546980.6749449137]]]}, "properties": {"plan": "2층", "layer": "코어", "core": "A", "name": "특별피난계단", "kind": "stair", "area_m2": 24.4}}, {"type": "Feature", "geometry": {"type": "Polygon", "coordinates": [[[194324.0192414363, 546981.0198826252], [194326.00828562304, 546981.2289357837], [194325.78877980664, 546983.3174321798], [194323.79973561986, 546983.1083790213], [194324.0192414363, 546981.0198826252]]]}, "properties": {"plan": "2층", "layer": "코어", "core": "A", "name": "PS", "kind": "shaft", "area_m2": 4.2}}, {"type": "Feature", "geometry": {"type": "Polygon", "coordinates": [[[194323.79973561986, 546983.1083790213], [194325.78877980664, 546983.3174321798], [194325.45429475306, 546986.4999028787], [194323.46525056628, 546986.2908497201], [194323.79973561986, 546983.1083790213]]]}, "properties": {"plan": "2층", "layer": "코어", "core": "A", "name": "부속실", "kind": "lobby", "area_m2": 6.4}}, {"type": "Feature", "geometry": {"type": "Polygon", "coordinates": [[[194323.46525056628, 546986.2908497201], [194325.45429475306, 546986.4999028787], [194325.23478893662, 546988.5883992747], [194323.24574474987, 546988.3793461162], [194323.46525056628, 546986.2908497201]]]}, "properties": {"plan": "2층", "layer": "코어", "core": "A", "name": "EPS·TPS", "kind": "shaft", "area_m2": 4.2}}, {"type": "Feature", "geometry": {"type": "Polygon", "coordinates": [[[194326.00828562304, 546981.2289357837], [194328.59404306585, 546981.5007048898], [194328.34317927566, 546983.8875579139], [194325.75742183285, 546983.6157888079], [194326.00828562304, 546981.2289357837]]]}, "properties": {"plan": "2층", "layer": "코어", "core": "A", "name": "E/V-1 승용", "kind": "ev", "area_m2": 6.2}}, {"type": "Feature", "geometry": {"type": "Polygon", "coordinates": [[[194328.59404306585, 546981.5007048898], [194331.17980050866, 546981.7724739958], [194330.92893671847, 546984.1593270199], [194328.34317927566, 546983.8875579139], [194328.59404306585, 546981.5007048898]]]}, "properties": {"plan": "2층", "layer": "코어", "core": "A", "name": "E/V-2 비상용 겸", "kind": "ev", "area_m2": 6.2}}, {"type": "Feature", "geometry": {"type": "Polygon", "coordinates": [[[194325.75742183285, 546983.6157888079], [194330.92893671847, 546984.1593270199], [194330.65716761243, 546986.7450844627], [194325.4856527268, 546986.2015462506], [194325.75742183285, 546983.6157888079]]]}, "properties": {"plan": "2층", "layer": "코어", "core": "A", "name": "승강장", "kind": "lobby", "area_m2": 13.5}}, {"type": "Feature", "geometry": {"type": "Polygon", "coordinates": [[[194325.4856527268, 546986.2015462506], [194328.07141016962, 546986.4733153566], [194327.82054637943, 546988.8601683808], [194325.23478893662, 546988.5883992747], [194325.4856527268, 546986.2015462506]]]}, "properties": {"plan": "2층", "layer": "코어", "core": "A", "name": "AD", "kind": "shaft", "area_m2": 6.2}}, {"type": "Feature", "geometry": {"type": "Polygon", "coordinates": [[[194328.07141016962, 546986.4733153566], [194330.65716761243, 546986.7450844627], [194330.40630382224, 546989.1319374868], [194327.82054637943, 546988.8601683808], [194328.07141016962, 546986.4733153566]]]}, "properties": {"plan": "2층", "layer": "코어", "core": "A", "name": "E/V-3 피난용 겸", "kind": "ev", "area_m2": 6.2}}, {"type": "Feature", "geometry": {"type": "Polygon", "coordinates": [[[194331.17980050866, 546981.7724739958], [194333.26829690477, 546981.9919798122], [194332.49480021835, 546989.3514433033], [194330.40630382224, 546989.1319374868], [194331.17980050866, 546981.7724739958]]]}, "properties": {"plan": "2층", "layer": "코어", "core": "A", "name": "전실·홀", "kind": "lobby", "area_m2": 15.5}}, {"type": "Feature", "geometry": {"type": "Polygon", "coordinates": [[[194322.90519978167, 546960.0485566969], [194326.18712268985, 546960.3934944083], [194325.41362600343, 546967.7529578995], [194322.13170309525, 546967.408020188], [194322.90519978167, 546960.0485566969]]]}, "properties": {"plan": "2층", "layer": "코어", "core": "B", "name": "특별피난계단", "kind": "stair", "area_m2": 24.4}}, {"type": "Feature", "geometry": {"type": "Polygon", "coordinates": [[[194325.63313181984, 546965.6644615034], [194327.6221760066, 546965.8735146618], [194327.4026701902, 546967.962011058], [194325.41362600343, 546967.7529578995], [194325.63313181984, 546965.6644615034]]]}, "properties": {"plan": "2층", "layer": "코어", "core": "B", "name": "PS", "kind": "shaft", "area_m2": 4.2}}, {"type": "Feature", "geometry": {"type": "Polygon", "coordinates": [[[194325.96761687344, 546962.4819908045], [194327.9566610602, 546962.691043963], [194327.6221760066, 546965.8735146618], [194325.63313181984, 546965.6644615034], [194325.96761687344, 546962.4819908045]]]}, "properties": {"plan": "2층", "layer": "코어", "core": "B", "name": "부속실", "kind": "lobby", "area_m2": 6.4}}, {"type": "Feature", "geometry": {"type": "Polygon", "coordinates": [[[194326.18712268985, 546960.3934944083], [194328.17616687663, 546960.6025475669], [194327.9566610602, 546962.691043963], [194325.96761687344, 546962.4819908045], [194326.18712268985, 546960.3934944083]]]}, "properties": {"plan": "2층", "layer": "코어", "core": "B", "name": "EPS·TPS", "kind": "shaft", "area_m2": 4.2}}, {"type": "Feature", "geometry": {"type": "Polygon", "coordinates": [[[194327.6535339804, 546965.5751580339], [194330.2392914232, 546965.8469271399], [194329.988427633, 546968.233780164], [194327.4026701902, 546967.962011058], [194327.6535339804, 546965.5751580339]]]}, "properties": {"plan": "2층", "layer": "코어", "core": "B", "name": "E/V-1 승용", "kind": "ev", "area_m2": 6.2}}, {"type": "Feature", "geometry": {"type": "Polygon", "coordinates": [[[194330.2392914232, 546965.8469271399], [194332.82504886598, 546966.118696246], [194332.5741850758, 546968.5055492701], [194329.988427633, 546968.233780164], [194330.2392914232, 546965.8469271399]]]}, "properties": {"plan": "2층", "layer": "코어", "core": "B", "name": "E/V-2 비상용 겸", "kind": "ev", "area_m2": 6.2}}, {"type": "Feature", "geometry": {"type": "Polygon", "coordinates": [[[194327.92530308643, 546962.989400591], [194333.09681797202, 546963.5329388031], [194332.82504886598, 546966.118696246], [194327.6535339804, 546965.5751580339], [194327.92530308643, 546962.989400591]]]}, "properties": {"plan": "2층", "layer": "코어", "core": "B", "name": "승강장", "kind": "lobby", "area_m2": 13.5}}, {"type": "Feature", "geometry": {"type": "Polygon", "coordinates": [[[194328.17616687663, 546960.6025475669], [194330.76192431943, 546960.8743166729], [194330.51106052924, 546963.261169697], [194327.92530308643, 546962.989400591], [194328.17616687663, 546960.6025475669]]]}, "properties": {"plan": "2층", "layer": "코어", "core": "B", "name": "AD", "kind": "shaft", "area_m2": 6.2}}, {"type": "Feature", "geometry": {"type": "Polygon", "coordinates": [[[194330.76192431943, 546960.8743166729], [194333.3476817622, 546961.146085779], [194333.09681797202, 546963.5329388031], [194330.51106052924, 546963.261169697], [194330.76192431943, 546960.8743166729]]]}, "properties": {"plan": "2층", "layer": "코어", "core": "B", "name": "E/V-3 피난용 겸", "kind": "ev", "area_m2": 6.2}}, {"type": "Feature", "geometry": {"type": "Polygon", "coordinates": [[[194333.3476817622, 546961.146085779], [194335.43617815833, 546961.3655915954], [194334.6626814719, 546968.7250550864], [194332.5741850758, 546968.5055492701], [194333.3476817622, 546961.146085779]]]}, "properties": {"plan": "2층", "layer": "코어", "core": "B", "name": "전실·홀", "kind": "lobby", "area_m2": 15.5}}, {"type": "Feature", "geometry": {"type": "Polygon", "coordinates": [[[194254.39427854997, 546937.4500233156], [194253.71921068412, 546937.0530049102], [194252.9643890444, 546936.8442358276], [194252.18125390683, 546936.8379434539], [194251.42317508152, 546937.0345566078], [194250.74181481815, 546937.4206763163], [194250.18360707958, 546937.9699889397], [194245.26270290572, 546944.2775005021], [194244.86569151157, 546944.9525649204], [194244.65692665268, 546945.7073809573], [194244.65063519063, 546946.490509576], [194244.84724587458, 546947.2485823], [194245.233360123, 546947.9299381564], [194245.7826651072, 546948.4881442566], [194261.5513630356, 546960.7905084862], [194262.22643090144, 546961.1875268916], [194262.98125254115, 546961.3962959744], [194263.76438767873, 546961.402588348], [194264.52246650404, 546961.205975194], [194265.20382676742, 546960.8198554856], [194265.76203450598, 546960.2705428621], [194270.68293867982, 546953.9630312998], [194271.079950074, 546953.2879668815], [194271.2887149329, 546952.5331508445], [194271.29500639494, 546951.7500222259], [194271.098395711, 546950.9919495019], [194270.71228146256, 546950.3105936454], [194270.16297647834, 546949.7523875453], [194254.39427854997, 546937.4500233156]]]}, "properties": {"plan": "배치도", "layer": "어린이집", "area_m2": 356.0}}, {"type": "Feature", "geometry": {"type": "Polygon", "coordinates": [[[194266.1765577915, 546917.4705607923], [194253.56674084582, 546933.6335591711], [194274.06604815283, 546949.6266326698], [194286.67586509854, 546933.4636342908], [194266.1765577915, 546917.4705607923]]]}, "properties": {"plan": "배치도", "layer": "놀이마당", "area_m2": 533.0}}, {"type": "Feature", "geometry": {"type": "Polygon", "coordinates": [[[194300.09624163798, 546932.5188739958], [194299.64619639408, 546932.2541950588], [194299.1429819676, 546932.1150156703], [194298.62089187588, 546932.1108207547], [194298.11550599232, 546932.2418961906], [194297.66126581674, 546932.4993093295], [194297.28912732436, 546932.8655177451], [194282.52641480262, 546951.7880524326], [194282.26174053986, 546952.238095378], [194282.12256396725, 546952.7413060693], [194282.11836965923, 546953.2633918151], [194282.24944344853, 546953.7687736312], [194282.50685294747, 546954.2230108688], [194282.87305627027, 546954.5951482689], [194293.91114482013, 546963.2068032296], [194294.36119006402, 546963.4714821666], [194294.8644044905, 546963.6106615551], [194295.38649458223, 546963.6148564708], [194295.8918804658, 546963.4837810348], [194296.34612064136, 546963.226367896], [194296.71825913375, 546962.8601594802], [194311.4809716555, 546943.9376247928], [194311.74564591824, 546943.4875818474], [194311.88482249086, 546942.9843711561], [194311.88901679887, 546942.4622854103], [194311.75794300958, 546941.9569035942], [194311.50053351064, 546941.5026663566], [194311.13433018784, 546941.1305289565], [194300.09624163798, 546932.5188739958]]]}, "properties": {"plan": "배치도", "layer": "성큰광장", "area_m2": 500.4}}, {"type": "Feature", "geometry": {"type": "Polygon", "coordinates": [[[194351.8984109915, 546953.9086651384], [194347.5926198393, 546959.4277377557], [194367.30349224992, 546974.8056930428], [194371.6092834021, 546969.2866204256], [194351.8984109915, 546953.9086651384]]]}, "properties": {"plan": "배치도", "layer": "주차램프", "area_m2": 175.0}}, {"type": "Feature", "geometry": {"type": "MultiPolygon", "coordinates": [[[[194302.5567144828, 546929.3651344093], [194301.0245979235, 546928.169813398], [194300.9541787224, 546928.1677318803], [194300.76142514122, 546928.4147993702], [194300.71248666316, 546928.3989356562], [194300.20927223668, 546928.2597562677], [194299.86920524514, 546928.1814931077], [194299.52361120965, 546928.1331666802], [194299.17512033152, 546928.1151447818], [194298.6530302398, 546928.110949866], [194298.3042947673, 546928.1233696551], [194297.9579688101, 546928.1661366089], [194297.61668814, 546928.2389252424], [194297.11130225647, 546928.3700006785], [194296.77766424717, 546928.4722570216], [194296.45420810662, 546928.6032028352], [194296.143395552, 546928.7618415343], [194295.68915537643, 546929.0192546732], [194295.39335189876, 546929.2043789113], [194295.11480876, 546929.4145797695], [194294.85564585932, 546929.648257479], [194294.48350736697, 546930.0144658946], [194294.13537154312, 546930.4050656582], [194279.37265902138, 546949.3276003456], [194279.0784875095, 546949.7602956963], [194278.81381324673, 546950.2103386418], [194278.6502036354, 546950.5185602119], [194278.5140797704, 546950.8398683732], [194278.40647762784, 546951.1718177972], [194278.26730105525, 546951.6750284885], [194278.1890395456, 546952.0150928608], [194278.1407142812, 546952.3606841078], [194278.12269304338, 546952.7091720935], [194278.11849873536, 546953.2312578392], [194278.1309186755, 546953.5799903818], [194278.17368527115, 546953.9263134385], [194278.24647304544, 546954.2675913033], [194278.37754683473, 546954.7729731194], [194278.47980183334, 546955.1066084838], [194278.61074584053, 546955.4300622026], [194278.76938230166, 546955.740872618], [194279.0267918006, 546956.1951098556], [194279.05411651667, 546956.2387714088], [194279.00914709075, 546956.2964122739], [194297.45753814117, 546996.4136681656], [194316.9933177062, 547011.6550201662], [194321.4416222672, 547005.9532768565], [194316.72975907862, 547005.4582633971], [194316.68126892336, 547005.4507481498], [194316.6337489188, 547005.4385160907], [194316.5876567347, 547005.4216850282], [194316.5434362893, 547005.4004170637], [194316.501513474, 547005.3749170313], [194316.4622920515, 547005.3454305239], [194316.42614976704, 547005.312241529], [194316.3934347105, 547005.2756696931], [194316.36446196373, 547005.2360672432], [194316.33951056603, 547005.1938155941], [194316.31882082674, 547005.1493216755], [194316.3025920107, 547005.1030140127], [194316.29098041926, 547005.0553385993], [194316.2840978847, 547005.0067546017], [194316.28201069342, 547004.9577299372], [194316.28473894738, 547004.9087367669], [194322.5824619222, 546944.9887477278], [194313.59480303476, 546937.9767893717], [194313.59480303377, 546937.9767893708], [194302.55671448392, 546929.3651344101], [194302.5567144828, 546929.3651344093]]], [[[194350.0891599994, 546969.2334649893], [194350.3596522918, 546966.6598530249], [194337.8140137654, 546956.8720433182], [194334.4013775914, 546989.3417348176], [194350.0891599994, 546969.2334649893]]]]}, "properties": {"plan": "배치도", "layer": "광장", "area_m2": 2501.4}}, {"type": "Feature", "geometry": {"type": "MultiPolygon", "coordinates": [[[[194269.0558886911, 546969.1847566725], [194295.5285818781, 546992.21902421], [194279.00914709075, 546956.2964122739], [194279.05411651667, 546956.2387714088], [194279.0267918006, 546956.1951098556], [194278.76938230166, 546955.740872618], [194278.61074584053, 546955.4300622026], [194278.47980183334, 546955.1066084838], [194278.37754683473, 546954.7729731194], [194278.24647304544, 546954.2675913033], [194278.17368527115, 546953.9263134385], [194278.1309186755, 546953.5799903818], [194278.11849873536, 546953.2312578392], [194278.12269304338, 546952.7091720935], [194278.1407142812, 546952.3606841078], [194278.1890395456, 546952.0150928608], [194278.26730105525, 546951.6750284885], [194278.40647762784, 546951.1718177972], [194278.5140797704, 546950.8398683732], [194278.6502036354, 546950.5185602119], [194278.81381324673, 546950.2103386418], [194279.0784875095, 546949.7602956963], [194279.37265902138, 546949.3276003456], [194294.13537154312, 546930.4050656582], [194294.48350736697, 546930.0144658946], [194294.85564585932, 546929.648257479], [194295.11480876, 546929.4145797695], [194295.39335189876, 546929.2043789113], [194295.68915537643, 546929.0192546732], [194296.143395552, 546928.7618415343], [194296.45420810662, 546928.6032028352], [194296.77766424717, 546928.4722570216], [194297.11130225647, 546928.3700006785], [194297.61668814, 546928.2389252424], [194297.9579688101, 546928.1661366089], [194298.3042947673, 546928.1233696551], [194298.6530302398, 546928.110949866], [194299.17512033152, 546928.1151447818], [194299.52361120965, 546928.1331666802], [194299.86920524514, 546928.1814931077], [194300.20927223668, 546928.2597562677], [194300.71248666316, 546928.3989356562], [194300.76142514122, 546928.4147993702], [194300.9541787224, 546928.1677318803], [194301.0245979235, 546928.169813398], [194302.5567144828, 546929.3651344093], [194302.55671448392, 546929.3651344101], [194313.59480303377, 546937.9767893708], [194313.59480303476, 546937.9767893717], [194322.11780864344, 546944.6262362573], [194322.31747789474, 546942.7264735338], [194322.33251161073, 546942.6294993913], [194322.3569777969, 546942.5344656991], [194322.39064084395, 546942.4422876313], [194322.43317657683, 546942.3538528624], [194322.4841753766, 546942.270013019], [194322.5431461249, 546942.1915754785], [194322.60952093365, 546942.1192955942], [194322.68266061367, 546942.053869421], [194322.76186083004, 546941.995927013], [194322.8463588849, 546941.9460263553], [194322.9353410623, 546941.904647991], [194323.02795046405, 546941.8721903937], [194323.12329526202, 546941.8489661299], [194323.220457286, 546941.8351988494], [194323.31850086604, 546941.8310211309], [194323.41648184275, 546941.8364732057], [194338.44898294128, 546943.4157402753], [194278.57396562406, 546896.7026714705], [194238.96902423323, 546947.4674530887], [194268.9489778088, 546969.0999594949], [194269.0558886911, 546969.1847566725]], [[194252.95162263434, 546934.4219940676], [194252.87730476077, 546934.3579056936], [194252.80962647797, 546934.2868415251], [194252.74923955934, 546934.2094859431], [194252.6967255591, 546934.1265839179], [194252.65259021148, 546934.0389338346], [194252.6172585605, 546933.9473798044], [194252.59107086636, 546933.8528035353], [194252.5742793288, 546933.7561158407], [194252.56704565816, 546933.6582478683], [194252.56943951803, 546933.5601421323], [194252.58143785445, 546933.4627434366], [194252.60292511783, 546933.3669897759], [194252.6336943758, 546933.2738033029], [194252.67344930608, 546933.1840814464], [194252.7218070502, 546933.0986882698], [194252.77830190051, 546933.0184461494], [194265.3881188462, 546916.8554477706], [194265.45220729822, 546916.7811288792], [194265.5232716999, 546916.7134496495], [194265.60062765641, 546916.6530618751], [194265.68353018144, 546916.6005471282], [194265.7711808716, 546916.5564111585], [194265.86273559585, 546916.5210790234], [194265.95731262464, 546916.4948909932], [194266.05400112196, 546916.4780992753], [194266.15186991688, 546916.4708655843], [194266.2499764715, 546916.4732595853], [194266.3473759582, 546916.4852582226], [194266.4431303588, 546916.5067459416], [194266.53631749834, 546916.5375158023], [194266.62603992622, 546916.5772714715], [194266.7114335592, 546916.6256300773], [194266.791676003, 546916.6821258959], [194287.29098331003, 546932.6751993945], [194287.3653011836, 546932.7392877684], [194287.4329794664, 546932.810351937], [194287.493366385, 546932.887707519], [194287.54588038527, 546932.9706095442], [194287.5900157329, 546933.0582596274], [194287.62534738387, 546933.1498136576], [194287.651535078, 546933.2443899268], [194287.66832661556, 546933.3410776213], [194287.6755602862, 546933.4389455937], [194287.67316642634, 546933.5370513297], [194287.66116808992, 546933.6344500255], [194287.63968082654, 546933.730203686], [194287.60891156856, 546933.8233901592], [194287.56915663826, 546933.9131120157], [194287.52079889417, 546933.9985051921], [194287.46430404385, 546934.0787473127], [194274.85448709814, 546950.2417456915], [194274.79039864612, 546950.3160645829], [194274.71933424447, 546950.3837438126], [194274.64197828792, 546950.4441315869], [194274.55907576293, 546950.4966463338], [194274.47142507276, 546950.5407823034], [194274.37987034852, 546950.5761144387], [194274.28529331973, 546950.6023024688], [194274.1886048224, 546950.6190941868], [194274.0907360275, 546950.6263278777], [194273.99262947286, 546950.6239338767], [194273.89522998617, 546950.6119352395], [194273.79947558558, 546950.5904475205], [194273.70628844603, 546950.5596776598], [194273.61656601814, 546950.5199219906], [194273.53117238515, 546950.4715633848], [194273.45092994135, 546950.4150675662], [194271.0856537962, 546948.5697352012], [194271.2321266934, 546948.7002859258], [194271.78143167758, 546949.258492026], [194271.86905958713, 546949.3556777483], [194271.9478837904, 546949.4601308964], [194272.01730439262, 546949.5710565253], [194272.40341864104, 546950.2524123818], [194272.46290731398, 546950.3689662876], [194272.51201131666, 546950.4902614321], [194272.55035694115, 546950.6153746938], [194272.7469676251, 546951.3734474177], [194272.77426304045, 546951.5014266171], [194272.79030051382, 546951.6312977633], [194272.79495799137, 546951.7620724668], [194272.78866652932, 546952.5452010855], [194272.78190856514, 546952.6758840801], [194272.763786591, 546952.8054807978], [194272.73443852487, 546952.9330049374], [194272.52567366598, 546953.6878209743], [194272.48532286254, 546953.8123020083], [194272.43427641314, 546953.9327925688], [194272.3729228089, 546954.0483756575], [194271.97591141475, 546954.7234400759], [194271.8655970978, 546954.8857008324], [194266.94469292395, 546961.1932123947], [194266.81414199, 546961.3396873061], [194266.25593425144, 546961.8889999295], [194266.1587481637, 546961.9766290706], [194266.05429448665, 546962.0554543925], [194265.94336818255, 546962.1248759817], [194265.26200791917, 546962.5109956901], [194265.14545321118, 546962.5704852022], [194265.02415715848, 546962.6195898824], [194264.899042905, 546962.6579360111], [194264.14096407968, 546962.854549165], [194264.0129838284, 546962.8818449025], [194263.88311159445, 546962.8978825103], [194263.75233579226, 546962.9025399312], [194262.96920065465, 546962.8962475576], [194262.83851657537, 546962.8894893456], [194262.70891881207, 546962.8713669353], [194262.58139369023, 546962.8420182504], [194261.82657205052, 546962.6332491676], [194261.7020901215, 546962.5928975709], [194261.58159877578, 546962.5418501653], [194261.46601503305, 546962.4804954554], [194260.7909471672, 546962.0834770501], [194260.62868571837, 546961.9731608308], [194255.10966479723, 546957.6673515706], [194254.80210828639, 546958.0615710432], [194248.49462911498, 546953.1406253513], [194248.80218562583, 546952.7464058787], [194244.85998778997, 546949.6707966012], [194244.71351489218, 546949.5402458761], [194244.164209908, 546948.9820397759], [194244.07658199844, 546948.8848540535], [194243.99775779518, 546948.7804009054], [194243.92833719295, 546948.6694752765], [194243.54222294452, 546947.9881194201], [194243.4827342716, 546947.8715655142], [194243.4336302689, 546947.7502703698], [194243.39528464442, 546947.6251571081], [194243.19867396046, 546946.8670843841], [194243.1713785451, 546946.7391051847], [194243.15534107175, 546946.6092340385], [194243.15068359417, 546946.478459335], [194243.15697505625, 546945.6953307163], [194243.16373302042, 546945.5646477217], [194243.18185499456, 546945.435051004], [194243.2112030607, 546945.3075268645], [194243.4199679196, 546944.5527108276], [194243.46031872302, 546944.4282297936], [194243.5113651724, 546944.307739233], [194243.57271877665, 546944.1921561443], [194243.96973017082, 546943.517091726], [194244.08004448775, 546943.3548309695], [194249.00094866162, 546937.0473194071], [194249.13149959556, 546936.9008444957], [194249.68970733412, 546936.3515318723], [194249.78689342187, 546936.2639027312], [194249.8913470989, 546936.1850774094], [194250.00227340302, 546936.1156558201], [194250.6836336664, 546935.7295361117], [194250.8001883744, 546935.6700465996], [194250.9214844271, 546935.6209419195], [194251.04659868058, 546935.5825957909], [194251.8046775059, 546935.3859826368], [194251.93265775716, 546935.3586868993], [194252.06252999112, 546935.3426492916], [194252.1933057933, 546935.3379918707], [194252.97644093088, 546935.3442842442], [194253.1071250102, 546935.3510424562], [194253.2367227735, 546935.3691648665], [194253.36424789534, 546935.3985135515], [194254.11906953505, 546935.6072826342], [194254.24355146408, 546935.6476342309], [194254.36404280976, 546935.6986816366], [194254.47962655252, 546935.7600363464], [194255.15469441836, 546936.1570547518], [194255.31695586652, 546936.2673709706], [194252.95162263434, 546934.4219940676]]], [[[194346.83550547145, 546960.0810201096], [194346.77511855285, 546960.0036645276], [194346.7226045526, 546959.9207625024], [194346.67846920498, 546959.8331124191], [194346.643137554, 546959.7415583889], [194346.61694985986, 546959.6469821198], [194346.6001583223, 546959.5502944252], [194346.59292465166, 546959.4524264528], [194346.59531851154, 546959.3543207168], [194346.60731684795, 546959.256922021], [194346.6288041113, 546959.1611683604], [194346.65957336928, 546959.0679818874], [194346.69932829958, 546958.9782600309], [194346.7476860437, 546958.8928668543], [194346.804180894, 546958.8126247339], [194351.1099720462, 546953.2935521167], [194351.10997634998, 546953.2935471259], [194339.6101435972, 546944.3216502866], [194339.61380423058, 546944.3474907966], [194339.61797861313, 546944.4455401257], [194339.61252210525, 546944.5435264662], [194338.27866704416, 546957.2345547888], [194350.3596522918, 546966.6598530249], [194350.0891599994, 546969.2334649893], [194334.98240656947, 546988.5969840832], [194333.08252210525, 547006.6735264662], [194333.06748838926, 547006.7705006087], [194333.04302220308, 547006.8655343009], [194333.00935915604, 547006.9577123687], [194332.96682342316, 547007.0461471376], [194332.9158246234, 547007.129986981], [194332.8568538751, 547007.2084245215], [194332.79047906635, 547007.2807044059], [194332.71733938632, 547007.346130579], [194332.63813916995, 547007.404072987], [194332.55364111508, 547007.4539736448], [194332.4646589377, 547007.4953520091], [194332.37204953594, 547007.5278096063], [194332.27670473797, 547007.5510338701], [194332.179542714, 547007.5648011506], [194332.08149913396, 547007.5689788691], [194331.98351815724, 547007.5635267943], [194321.0791051951, 547006.4179436215], [194317.70060362158, 547010.7484359427], [194330.29154520843, 547020.1983095969], [194365.69536273813, 546974.8194040682], [194346.9775016278, 546960.2161726521], [194346.90318375424, 546960.1520842781], [194346.83550547145, 546960.0810201096]]], [[[194309.47787548878, 547008.327988938], [194309.39366022224, 547008.2598945424], [194267.13817000345, 546971.4927904267], [194237.12238857494, 546949.8344318704], [194235.18163450665, 546952.3220496522], [194327.22306798777, 547024.1313356836], [194328.4458590911, 547022.5640210314], [194309.47787548878, 547008.327988938]]]]}, "properties": {"plan": "배치도", "layer": "잔디·식재", "area_m2": 3043.2}}, {"type": "Feature", "geometry": {"type": "Polygon", "coordinates": [[[194267.13817000345, 546971.4927904267], [194309.39366022224, 547008.2598945424], [194309.47787548878, 547008.327988938], [194330.8686819429, 547024.3824211628], [194332.66949501322, 547021.9830311808], [194311.32202610667, 547005.9611250658], [194269.0558886911, 546969.1847566725], [194268.9489778088, 546969.0999594949], [194236.48891241918, 546945.6778894535], [194234.73349058043, 546948.1106849994], [194267.13817000345, 546971.4927904267]]]}, "properties": {"plan": "배치도", "layer": "산책로", "area_m2": 368.6}}]}